RandMax 2147483647
reading box length: 1.000000e-06 (m)
reading number of particle types: 2
reading number of particles of type 0: 6000
reading number of particles of type 1: 2000
reading temperature of particle type 0: 0.000000 (eV)
reading temperature of particle type 1: 0.025900 (eV)
reading flow velocity of particle type 0: 0.000000 (eV)
reading flow velocity of particle type 1: 0.000000 (eV)
reading charge of particle type 0: -1.000000 (elementary charge)
reading charge of particle type 1: 0.000000 (elementary charge)
reading mass of particle type 0: 0.000549 (amu)
reading mass of particle type 1: 28.000000 (amu)
reading number of time steps: 1000000
reading vsigma max samples: 1000
reading time step dt: 5.491419e-08
reading electric field: -2.000000e+00 (V/m)
reading electric frequency: 0.000000e+00 (Hz)
reading magnetic field: 0.000000e+00 0.000000e+00 0.000000e+00 (Tesla)
reading vdf dump spec: 1000 1000000 0
reading extrapolation option: 0
reading memory allocation: 0.000000e+00 (GB)
reading auto dump spec: 0
reading output stride spec: 100
reading carry remainder spec: 0
found cross_sections/Ar.dat file for particle 0 with 1 in indeck, differential model found: Aubin
found cross_sections/Ar->Ar(3d'[3/2]1).dat file for particle 0 with 1 in indeck
found cross_sections/Ar->Ar(3d'[3/2]2).dat file for particle 0 with 1 in indeck
found cross_sections/Ar->Ar(3d'[5/2]2).dat file for particle 0 with 1 in indeck
found cross_sections/Ar->Ar(3d'[5/2]3).dat file for particle 0 with 1 in indeck
found cross_sections/Ar->Ar(3d[1/2]0).dat file for particle 0 with 1 in indeck
found cross_sections/Ar->Ar(3d[1/2]1).dat file for particle 0 with 1 in indeck
found cross_sections/Ar->Ar(3d[3/2]1).dat file for particle 0 with 1 in indeck
found cross_sections/Ar->Ar(3d[3/2]2).dat file for particle 0 with 1 in indeck
found cross_sections/Ar->Ar(3d[5/2]2).dat file for particle 0 with 1 in indeck
found cross_sections/Ar->Ar(3d[5/2]3).dat file for particle 0 with 1 in indeck
found cross_sections/Ar->Ar(3d[7/2]3).dat file for particle 0 with 1 in indeck
found cross_sections/Ar->Ar(3d[7/2]4).dat file for particle 0 with 1 in indeck
found cross_sections/Ar->Ar(4p'[1/2]0).dat file for particle 0 with 1 in indeck
found cross_sections/Ar->Ar(4p'[1/2]1).dat file for particle 0 with 1 in indeck
found cross_sections/Ar->Ar(4p'[3/2]1).dat file for particle 0 with 1 in indeck
found cross_sections/Ar->Ar(4p'[3/2]2).dat file for particle 0 with 1 in indeck
found cross_sections/Ar->Ar(4p[1/2]0).dat file for particle 0 with 1 in indeck
found cross_sections/Ar->Ar(4p[1/2]1).dat file for particle 0 with 1 in indeck
found cross_sections/Ar->Ar(4p[3/2]1).dat file for particle 0 with 1 in indeck
found cross_sections/Ar->Ar(4p[3/2]2).dat file for particle 0 with 1 in indeck
found cross_sections/Ar->Ar(4p[5/2]2).dat file for particle 0 with 1 in indeck
found cross_sections/Ar->Ar(4p[5/2]3).dat file for particle 0 with 1 in indeck
found cross_sections/Ar->Ar(4s'[1/2]0).dat file for particle 0 with 1 in indeck
found cross_sections/Ar->Ar(4s'[1/2]1).dat file for particle 0 with 1 in indeck
found cross_sections/Ar->Ar(4s[3/2]1).dat file for particle 0 with 1 in indeck
found cross_sections/Ar->Ar(4s[3/2]2).dat file for particle 0 with 1 in indeck
found cross_sections/Ar->Ar(5s'[1/2]0).dat file for particle 0 with 1 in indeck
found cross_sections/Ar->Ar(5s'[1/2]1).dat file for particle 0 with 1 in indeck
found cross_sections/Ar->Ar(5s[3/2]1).dat file for particle 0 with 1 in indeck
found cross_sections/Ar->Ar(5s[3/2]2).dat file for particle 0 with 1 in indeck
found cross_sections/Ar->Ar(Rydberg).dat file for particle 0 with 1 in indeck
found cross_sections/Ar->Ar^+.dat file for particle 0 with 1 in indeck, differential model found: Uniform
reading cross_sections/Ar.dat
reading cross_sections/Ar->Ar(3d'[3/2]1).dat
reading cross_sections/Ar->Ar(3d'[3/2]2).dat
reading cross_sections/Ar->Ar(3d'[5/2]2).dat
reading cross_sections/Ar->Ar(3d'[5/2]3).dat
reading cross_sections/Ar->Ar(3d[1/2]0).dat
reading cross_sections/Ar->Ar(3d[1/2]1).dat
reading cross_sections/Ar->Ar(3d[3/2]1).dat
reading cross_sections/Ar->Ar(3d[3/2]2).dat
reading cross_sections/Ar->Ar(3d[5/2]2).dat
reading cross_sections/Ar->Ar(3d[5/2]3).dat
reading cross_sections/Ar->Ar(3d[7/2]3).dat
reading cross_sections/Ar->Ar(3d[7/2]4).dat
reading cross_sections/Ar->Ar(4p'[1/2]0).dat
reading cross_sections/Ar->Ar(4p'[1/2]1).dat
reading cross_sections/Ar->Ar(4p'[3/2]1).dat
reading cross_sections/Ar->Ar(4p'[3/2]2).dat
reading cross_sections/Ar->Ar(4p[1/2]0).dat
reading cross_sections/Ar->Ar(4p[1/2]1).dat
reading cross_sections/Ar->Ar(4p[3/2]1).dat
reading cross_sections/Ar->Ar(4p[3/2]2).dat
reading cross_sections/Ar->Ar(4p[5/2]2).dat
reading cross_sections/Ar->Ar(4p[5/2]3).dat
reading cross_sections/Ar->Ar(4s'[1/2]0).dat
reading cross_sections/Ar->Ar(4s'[1/2]1).dat
reading cross_sections/Ar->Ar(4s[3/2]1).dat
reading cross_sections/Ar->Ar(4s[3/2]2).dat
reading cross_sections/Ar->Ar(5s'[1/2]0).dat
reading cross_sections/Ar->Ar(5s'[1/2]1).dat
reading cross_sections/Ar->Ar(5s[3/2]1).dat
reading cross_sections/Ar->Ar(5s[3/2]2).dat
reading cross_sections/Ar->Ar(Rydberg).dat
reading cross_sections/Ar->Ar^+.dat
Memory per particle: 72 bytes
Memory for all initial particles: 5.364e-04 GB
Allocating space for 32000 particles
------------------------------------
0, t, 0.000000e+00, KEe, 0.000000, MEe, 0.000000000e+00, E, -2.000000, NP, 6000 2000
100, t, 5.491419e-06, KEe, 3897.708675, MEe, 6.496181125e-01, E, -2.000000, NP, 6000 2000
200, t, 1.098284e-05, KEe, 5233.470480, MEe, 8.722450800e-01, E, -2.000000, NP, 6000 2000
300, t, 1.647426e-05, KEe, 6269.611586, MEe, 1.044935264e+00, E, -2.000000, NP, 6000 2000
400, t, 2.196567e-05, KEe, 7119.323734, MEe, 1.186553956e+00, E, -2.000000, NP, 6000 2000
500, t, 2.745709e-05, KEe, 7958.775597, MEe, 1.326462599e+00, E, -2.000000, NP, 6000 2000
600, t, 3.294851e-05, KEe, 8731.386870, MEe, 1.455231145e+00, E, -2.000000, NP, 6000 2000
700, t, 3.843993e-05, KEe, 9422.093520, MEe, 1.570348920e+00, E, -2.000000, NP, 6000 2000
800, t, 4.393135e-05, KEe, 10115.723559, MEe, 1.685953927e+00, E, -2.000000, NP, 6000 2000
900, t, 4.942277e-05, KEe, 10753.944002, MEe, 1.792324000e+00, E, -2.000000, NP, 6000 2000
1000, t, 5.491419e-05, KEe, 11255.356607, MEe, 1.875892768e+00, E, -2.000000, NP, 6000 2000
1100, t, 6.040560e-05, KEe, 11706.992355, MEe, 1.951165392e+00, E, -2.000000, NP, 6000 2000
1200, t, 6.589702e-05, KEe, 12196.898834, MEe, 2.032816472e+00, E, -2.000000, NP, 6000 2000
1300, t, 7.138844e-05, KEe, 12725.600617, MEe, 2.120933436e+00, E, -2.000000, NP, 6000 2000
1400, t, 7.687986e-05, KEe, 13156.422423, MEe, 2.192737070e+00, E, -2.000000, NP, 6000 2000
1500, t, 8.237128e-05, KEe, 13612.947442, MEe, 2.268824574e+00, E, -2.000000, NP, 6000 2000
1600, t, 8.786270e-05, KEe, 13987.332645, MEe, 2.331222107e+00, E, -2.000000, NP, 6000 2000
1700, t, 9.335412e-05, KEe, 14372.551205, MEe, 2.395425201e+00, E, -2.000000, NP, 6000 2000
1800, t, 9.884553e-05, KEe, 14632.278654, MEe, 2.438713109e+00, E, -2.000000, NP, 6000 2000
1900, t, 1.043370e-04, KEe, 14858.812412, MEe, 2.476468735e+00, E, -2.000000, NP, 6000 2000
2000, t, 1.098284e-04, KEe, 15103.461184, MEe, 2.517243531e+00, E, -2.000000, NP, 6000 2000
2100, t, 1.153198e-04, KEe, 15419.981029, MEe, 2.569996838e+00, E, -2.000000, NP, 6000 2000
2200, t, 1.208112e-04, KEe, 15588.697149, MEe, 2.598116192e+00, E, -2.000000, NP, 6000 2000
2300, t, 1.263026e-04, KEe, 15890.152226, MEe, 2.648358704e+00, E, -2.000000, NP, 6000 2000
2400, t, 1.317940e-04, KEe, 16123.611083, MEe, 2.687268514e+00, E, -2.000000, NP, 6000 2000
2500, t, 1.372855e-04, KEe, 16372.530343, MEe, 2.728755057e+00, E, -2.000000, NP, 6000 2000
2600, t, 1.427769e-04, KEe, 16598.982825, MEe, 2.766497138e+00, E, -2.000000, NP, 6000 2000
2700, t, 1.482683e-04, KEe, 16738.884263, MEe, 2.789814044e+00, E, -2.000000, NP, 6000 2000
2800, t, 1.537597e-04, KEe, 16822.597679, MEe, 2.803766280e+00, E, -2.000000, NP, 6000 2000
2900, t, 1.592511e-04, KEe, 17041.789739, MEe, 2.840298290e+00, E, -2.000000, NP, 6000 2000
3000, t, 1.647426e-04, KEe, 17275.622875, MEe, 2.879270479e+00, E, -2.000000, NP, 6000 2000
3100, t, 1.702340e-04, KEe, 17485.999608, MEe, 2.914333268e+00, E, -2.000000, NP, 6000 2000
3200, t, 1.757254e-04, KEe, 17605.280399, MEe, 2.934213400e+00, E, -2.000000, NP, 6000 2000
3300, t, 1.812168e-04, KEe, 17724.458148, MEe, 2.954076358e+00, E, -2.000000, NP, 6000 2000
3400, t, 1.867082e-04, KEe, 17891.706767, MEe, 2.981951128e+00, E, -2.000000, NP, 6000 2000
3500, t, 1.921997e-04, KEe, 17989.131374, MEe, 2.998188562e+00, E, -2.000000, NP, 6000 2000
3600, t, 1.976911e-04, KEe, 18007.597978, MEe, 3.001266330e+00, E, -2.000000, NP, 6000 2000
3700, t, 2.031825e-04, KEe, 18002.931417, MEe, 3.000488570e+00, E, -2.000000, NP, 6000 2000
3800, t, 2.086739e-04, KEe, 18096.336922, MEe, 3.016056154e+00, E, -2.000000, NP, 6000 2000
3900, t, 2.141653e-04, KEe, 18251.064994, MEe, 3.041844166e+00, E, -2.000000, NP, 6000 2000
4000, t, 2.196567e-04, KEe, 18404.290887, MEe, 3.067381815e+00, E, -2.000000, NP, 6000 2000
4100, t, 2.251482e-04, KEe, 18384.320514, MEe, 3.064053419e+00, E, -2.000000, NP, 6000 2000
4200, t, 2.306396e-04, KEe, 18386.108351, MEe, 3.064351392e+00, E, -2.000000, NP, 6000 2000
4300, t, 2.361310e-04, KEe, 18403.127824, MEe, 3.067187971e+00, E, -2.000000, NP, 6000 2000
4400, t, 2.416224e-04, KEe, 18389.814389, MEe, 3.064969065e+00, E, -2.000000, NP, 6000 2000
4500, t, 2.471138e-04, KEe, 18529.375052, MEe, 3.088229175e+00, E, -2.000000, NP, 6000 2000
4600, t, 2.526053e-04, KEe, 18512.367461, MEe, 3.085394577e+00, E, -2.000000, NP, 6000 2000
4700, t, 2.580967e-04, KEe, 18645.863159, MEe, 3.107643860e+00, E, -2.000000, NP, 6000 2000
4800, t, 2.635881e-04, KEe, 18579.987997, MEe, 3.096664666e+00, E, -2.000000, NP, 6000 2000
4900, t, 2.690795e-04, KEe, 18686.607772, MEe, 3.114434629e+00, E, -2.000000, NP, 6000 2000
5000, t, 2.745709e-04, KEe, 18715.084383, MEe, 3.119180731e+00, E, -2.000000, NP, 6000 2000
5100, t, 2.800623e-04, KEe, 18793.219910, MEe, 3.132203318e+00, E, -2.000000, NP, 6000 2000
5200, t, 2.855538e-04, KEe, 18813.952711, MEe, 3.135658785e+00, E, -2.000000, NP, 6000 2000
5300, t, 2.910452e-04, KEe, 18877.200654, MEe, 3.146200109e+00, E, -2.000000, NP, 6000 2000
5400, t, 2.965366e-04, KEe, 18869.078870, MEe, 3.144846478e+00, E, -2.000000, NP, 6000 2000
5500, t, 3.020280e-04, KEe, 18831.157153, MEe, 3.138526192e+00, E, -2.000000, NP, 6000 2000
5600, t, 3.075194e-04, KEe, 18863.013959, MEe, 3.143835660e+00, E, -2.000000, NP, 6000 2000
5700, t, 3.130109e-04, KEe, 18863.913082, MEe, 3.143985514e+00, E, -2.000000, NP, 6000 2000
5800, t, 3.185023e-04, KEe, 18810.694406, MEe, 3.135115734e+00, E, -2.000000, NP, 6000 2000
5900, t, 3.239937e-04, KEe, 18726.535768, MEe, 3.121089295e+00, E, -2.000000, NP, 6000 2000
6000, t, 3.294851e-04, KEe, 18689.642042, MEe, 3.114940340e+00, E, -2.000000, NP, 6000 2000
6100, t, 3.349765e-04, KEe, 18726.038191, MEe, 3.121006365e+00, E, -2.000000, NP, 6000 2000
6200, t, 3.404680e-04, KEe, 18729.805784, MEe, 3.121634297e+00, E, -2.000000, NP, 6000 2000
6300, t, 3.459594e-04, KEe, 18783.554024, MEe, 3.130592337e+00, E, -2.000000, NP, 6000 2000
6400, t, 3.514508e-04, KEe, 18802.842782, MEe, 3.133807130e+00, E, -2.000000, NP, 6000 2000
6500, t, 3.569422e-04, KEe, 18813.274167, MEe, 3.135545694e+00, E, -2.000000, NP, 6000 2000
6600, t, 3.624336e-04, KEe, 18889.039630, MEe, 3.148173272e+00, E, -2.000000, NP, 6000 2000
6700, t, 3.679250e-04, KEe, 18981.259358, MEe, 3.163543226e+00, E, -2.000000, NP, 6000 2000
6800, t, 3.734165e-04, KEe, 18880.742308, MEe, 3.146790385e+00, E, -2.000000, NP, 6000 2000
6900, t, 3.789079e-04, KEe, 18937.406146, MEe, 3.156234358e+00, E, -2.000000, NP, 6000 2000
7000, t, 3.843993e-04, KEe, 18946.728771, MEe, 3.157788128e+00, E, -2.000000, NP, 6000 2000
7100, t, 3.898907e-04, KEe, 19010.441503, MEe, 3.168406917e+00, E, -2.000000, NP, 6000 2000
7200, t, 3.953821e-04, KEe, 18880.860273, MEe, 3.146810046e+00, E, -2.000000, NP, 6000 2000
7300, t, 4.008736e-04, KEe, 18924.119534, MEe, 3.154019922e+00, E, -2.000000, NP, 6000 2000
7400, t, 4.063650e-04, KEe, 18802.381287, MEe, 3.133730214e+00, E, -2.000000, NP, 6000 2000
7500, t, 4.118564e-04, KEe, 18834.987206, MEe, 3.139164534e+00, E, -2.000000, NP, 6000 2000
7600, t, 4.173478e-04, KEe, 18822.770464, MEe, 3.137128411e+00, E, -2.000000, NP, 6000 2000
7700, t, 4.228392e-04, KEe, 18848.505623, MEe, 3.141417604e+00, E, -2.000000, NP, 6000 2000
7800, t, 4.283307e-04, KEe, 18818.529237, MEe, 3.136421540e+00, E, -2.000000, NP, 6000 2000
7900, t, 4.338221e-04, KEe, 18892.267250, MEe, 3.148711208e+00, E, -2.000000, NP, 6000 2000
8000, t, 4.393135e-04, KEe, 18853.151805, MEe, 3.142191967e+00, E, -2.000000, NP, 6000 2000
8100, t, 4.448049e-04, KEe, 18882.282838, MEe, 3.147047140e+00, E, -2.000000, NP, 6000 2000
8200, t, 4.502963e-04, KEe, 18858.726550, MEe, 3.143121092e+00, E, -2.000000, NP, 6000 2000
8300, t, 4.557877e-04, KEe, 18797.076158, MEe, 3.132846026e+00, E, -2.000000, NP, 6000 2000
8400, t, 4.612792e-04, KEe, 18767.590640, MEe, 3.127931773e+00, E, -2.000000, NP, 6000 2000
8500, t, 4.667706e-04, KEe, 18729.745792, MEe, 3.121624299e+00, E, -2.000000, NP, 6000 2000
8600, t, 4.722620e-04, KEe, 18685.743675, MEe, 3.114290613e+00, E, -2.000000, NP, 6000 2000
8700, t, 4.777534e-04, KEe, 18729.438334, MEe, 3.121573056e+00, E, -2.000000, NP, 6000 2000
8800, t, 4.832448e-04, KEe, 18676.662737, MEe, 3.112777123e+00, E, -2.000000, NP, 6000 2000
8900, t, 4.887363e-04, KEe, 18652.626682, MEe, 3.108771114e+00, E, -2.000000, NP, 6000 2000
9000, t, 4.942277e-04, KEe, 18739.266150, MEe, 3.123211025e+00, E, -2.000000, NP, 6000 2000
9100, t, 4.997191e-04, KEe, 18788.643352, MEe, 3.131440559e+00, E, -2.000000, NP, 6000 2000
9200, t, 5.052105e-04, KEe, 18774.447149, MEe, 3.129074525e+00, E, -2.000000, NP, 6000 2000
9300, t, 5.107019e-04, KEe, 18738.298175, MEe, 3.123049696e+00, E, -2.000000, NP, 6000 2000
9400, t, 5.161933e-04, KEe, 18729.286941, MEe, 3.121547823e+00, E, -2.000000, NP, 6000 2000
9500, t, 5.216848e-04, KEe, 18740.802436, MEe, 3.123467073e+00, E, -2.000000, NP, 6000 2000
9600, t, 5.271762e-04, KEe, 18696.871639, MEe, 3.116145273e+00, E, -2.000000, NP, 6000 2000
9700, t, 5.326676e-04, KEe, 18667.487134, MEe, 3.111247856e+00, E, -2.000000, NP, 6000 2000
9800, t, 5.381590e-04, KEe, 18616.379119, MEe, 3.102729853e+00, E, -2.000000, NP, 6000 2000
9900, t, 5.436504e-04, KEe, 18670.724650, MEe, 3.111787442e+00, E, -2.000000, NP, 6000 2000
10000, t, 5.491419e-04, KEe, 18725.923415, MEe, 3.120987236e+00, E, -2.000000, NP, 6000 2000
10100, t, 5.546333e-04, KEe, 18824.446999, MEe, 3.137407833e+00, E, -2.000000, NP, 6000 2000
10200, t, 5.601247e-04, KEe, 18759.363773, MEe, 3.126560629e+00, E, -2.000000, NP, 6000 2000
10300, t, 5.656161e-04, KEe, 18774.259240, MEe, 3.129043207e+00, E, -2.000000, NP, 6000 2000
10400, t, 5.711075e-04, KEe, 18858.660707, MEe, 3.143110118e+00, E, -2.000000, NP, 6000 2000
10500, t, 5.765990e-04, KEe, 18867.803247, MEe, 3.144633874e+00, E, -2.000000, NP, 6000 2000
10600, t, 5.820904e-04, KEe, 18882.860229, MEe, 3.147143371e+00, E, -2.000000, NP, 6000 2000
10700, t, 5.875818e-04, KEe, 18787.454767, MEe, 3.131242461e+00, E, -2.000000, NP, 6000 2000
10800, t, 5.930732e-04, KEe, 18769.935553, MEe, 3.128322592e+00, E, -2.000000, NP, 6000 2000
10900, t, 5.985646e-04, KEe, 18790.526586, MEe, 3.131754431e+00, E, -2.000000, NP, 6000 2000
11000, t, 6.040560e-04, KEe, 18802.654646, MEe, 3.133775774e+00, E, -2.000000, NP, 6000 2000
11100, t, 6.095475e-04, KEe, 18890.982013, MEe, 3.148497002e+00, E, -2.000000, NP, 6000 2000
11200, t, 6.150389e-04, KEe, 18919.479000, MEe, 3.153246500e+00, E, -2.000000, NP, 6000 2000
11300, t, 6.205303e-04, KEe, 18948.088752, MEe, 3.158014792e+00, E, -2.000000, NP, 6000 2000
11400, t, 6.260217e-04, KEe, 18838.646305, MEe, 3.139774384e+00, E, -2.000000, NP, 6000 2000
11500, t, 6.315131e-04, KEe, 18762.246196, MEe, 3.127041033e+00, E, -2.000000, NP, 6000 2000
11600, t, 6.370046e-04, KEe, 18789.561259, MEe, 3.131593543e+00, E, -2.000000, NP, 6000 2000
11700, t, 6.424960e-04, KEe, 18803.500223, MEe, 3.133916704e+00, E, -2.000000, NP, 6000 2000
11800, t, 6.479874e-04, KEe, 18776.466678, MEe, 3.129411113e+00, E, -2.000000, NP, 6000 2000
11900, t, 6.534788e-04, KEe, 18767.846850, MEe, 3.127974475e+00, E, -2.000000, NP, 6000 2000
12000, t, 6.589702e-04, KEe, 18685.624657, MEe, 3.114270776e+00, E, -2.000000, NP, 6000 2000
12100, t, 6.644616e-04, KEe, 18702.512395, MEe, 3.117085399e+00, E, -2.000000, NP, 6000 2000
12200, t, 6.699531e-04, KEe, 18664.678683, MEe, 3.110779781e+00, E, -2.000000, NP, 6000 2000
12300, t, 6.754445e-04, KEe, 18653.457890, MEe, 3.108909648e+00, E, -2.000000, NP, 6000 2000
12400, t, 6.809359e-04, KEe, 18734.284463, MEe, 3.122380744e+00, E, -2.000000, NP, 6000 2000
12500, t, 6.864273e-04, KEe, 18770.089198, MEe, 3.128348200e+00, E, -2.000000, NP, 6000 2000
12600, t, 6.919187e-04, KEe, 18812.200392, MEe, 3.135366732e+00, E, -2.000000, NP, 6000 2000
12700, t, 6.974102e-04, KEe, 18859.452618, MEe, 3.143242103e+00, E, -2.000000, NP, 6000 2000
12800, t, 7.029016e-04, KEe, 18829.535311, MEe, 3.138255885e+00, E, -2.000000, NP, 6000 2000
12900, t, 7.083930e-04, KEe, 18860.510219, MEe, 3.143418370e+00, E, -2.000000, NP, 6000 2000
13000, t, 7.138844e-04, KEe, 18993.328256, MEe, 3.165554709e+00, E, -2.000000, NP, 6000 2000
13100, t, 7.193758e-04, KEe, 18876.578690, MEe, 3.146096448e+00, E, -2.000000, NP, 6000 2000
13200, t, 7.248673e-04, KEe, 18877.119030, MEe, 3.146186505e+00, E, -2.000000, NP, 6000 2000
13300, t, 7.303587e-04, KEe, 18894.934210, MEe, 3.149155702e+00, E, -2.000000, NP, 6000 2000
13400, t, 7.358501e-04, KEe, 18973.332030, MEe, 3.162222005e+00, E, -2.000000, NP, 6000 2000
13500, t, 7.413415e-04, KEe, 19000.436110, MEe, 3.166739352e+00, E, -2.000000, NP, 6000 2000
13600, t, 7.468329e-04, KEe, 18971.810590, MEe, 3.161968432e+00, E, -2.000000, NP, 6000 2000
13700, t, 7.523243e-04, KEe, 18910.057529, MEe, 3.151676255e+00, E, -2.000000, NP, 6000 2000
13800, t, 7.578158e-04, KEe, 18908.196380, MEe, 3.151366063e+00, E, -2.000000, NP, 6000 2000
13900, t, 7.633072e-04, KEe, 18968.444898, MEe, 3.161407483e+00, E, -2.000000, NP, 6000 2000
14000, t, 7.687986e-04, KEe, 18922.100419, MEe, 3.153683403e+00, E, -2.000000, NP, 6000 2000
14100, t, 7.742900e-04, KEe, 18811.646409, MEe, 3.135274402e+00, E, -2.000000, NP, 6000 2000
14200, t, 7.797814e-04, KEe, 18760.872755, MEe, 3.126812126e+00, E, -2.000000, NP, 6000 2000
14300, t, 7.852729e-04, KEe, 18839.700745, MEe, 3.139950124e+00, E, -2.000000, NP, 6000 2000
14400, t, 7.907643e-04, KEe, 18759.489262, MEe, 3.126581544e+00, E, -2.000000, NP, 6000 2000
14500, t, 7.962557e-04, KEe, 18813.947991, MEe, 3.135657998e+00, E, -2.000000, NP, 6000 2000
14600, t, 8.017471e-04, KEe, 18741.317077, MEe, 3.123552846e+00, E, -2.000000, NP, 6000 2000
14700, t, 8.072385e-04, KEe, 18821.615620, MEe, 3.136935937e+00, E, -2.000000, NP, 6000 2000
14800, t, 8.127300e-04, KEe, 18812.836725, MEe, 3.135472788e+00, E, -2.000000, NP, 6000 2000
14900, t, 8.182214e-04, KEe, 18818.145445, MEe, 3.136357574e+00, E, -2.000000, NP, 6000 2000
15000, t, 8.237128e-04, KEe, 18825.592529, MEe, 3.137598755e+00, E, -2.000000, NP, 6000 2000
15100, t, 8.292042e-04, KEe, 18859.258582, MEe, 3.143209764e+00, E, -2.000000, NP, 6000 2000
15200, t, 8.346956e-04, KEe, 18861.188225, MEe, 3.143531371e+00, E, -2.000000, NP, 6000 2000
15300, t, 8.401870e-04, KEe, 18806.050979, MEe, 3.134341830e+00, E, -2.000000, NP, 6000 2000
15400, t, 8.456785e-04, KEe, 18780.605686, MEe, 3.130100948e+00, E, -2.000000, NP, 6000 2000
15500, t, 8.511699e-04, KEe, 18764.063217, MEe, 3.127343869e+00, E, -2.000000, NP, 6000 2000
15600, t, 8.566613e-04, KEe, 18814.244386, MEe, 3.135707398e+00, E, -2.000000, NP, 6000 2000
15700, t, 8.621527e-04, KEe, 18805.757789, MEe, 3.134292965e+00, E, -2.000000, NP, 6000 2000
15800, t, 8.676441e-04, KEe, 18855.199739, MEe, 3.142533290e+00, E, -2.000000, NP, 6000 2000
15900, t, 8.731356e-04, KEe, 18869.332019, MEe, 3.144888670e+00, E, -2.000000, NP, 6000 2000
16000, t, 8.786270e-04, KEe, 18870.357118, MEe, 3.145059520e+00, E, -2.000000, NP, 6000 2000
16100, t, 8.841184e-04, KEe, 18840.536619, MEe, 3.140089436e+00, E, -2.000000, NP, 6000 2000
16200, t, 8.896098e-04, KEe, 18810.954053, MEe, 3.135159009e+00, E, -2.000000, NP, 6000 2000
16300, t, 8.951012e-04, KEe, 18853.023316, MEe, 3.142170553e+00, E, -2.000000, NP, 6000 2000
16400, t, 9.005926e-04, KEe, 18723.071689, MEe, 3.120511948e+00, E, -2.000000, NP, 6000 2000
16500, t, 9.060841e-04, KEe, 18707.752362, MEe, 3.117958727e+00, E, -2.000000, NP, 6000 2000
16600, t, 9.115755e-04, KEe, 18750.798208, MEe, 3.125133035e+00, E, -2.000000, NP, 6000 2000
16700, t, 9.170669e-04, KEe, 18688.847007, MEe, 3.114807835e+00, E, -2.000000, NP, 6000 2000
16800, t, 9.225583e-04, KEe, 18791.171345, MEe, 3.131861891e+00, E, -2.000000, NP, 6000 2000
16900, t, 9.280497e-04, KEe, 18771.665018, MEe, 3.128610836e+00, E, -2.000000, NP, 6000 2000
17000, t, 9.335412e-04, KEe, 18727.336851, MEe, 3.121222808e+00, E, -2.000000, NP, 6000 2000
17100, t, 9.390326e-04, KEe, 18724.358499, MEe, 3.120726417e+00, E, -2.000000, NP, 6000 2000
17200, t, 9.445240e-04, KEe, 18844.480326, MEe, 3.140746721e+00, E, -2.000000, NP, 6000 2000
17300, t, 9.500154e-04, KEe, 18838.581869, MEe, 3.139763645e+00, E, -2.000000, NP, 6000 2000
17400, t, 9.555068e-04, KEe, 18800.591801, MEe, 3.133431967e+00, E, -2.000000, NP, 6000 2000
17500, t, 9.609983e-04, KEe, 18806.044252, MEe, 3.134340709e+00, E, -2.000000, NP, 6000 2000
17600, t, 9.664897e-04, KEe, 18772.381727, MEe, 3.128730288e+00, E, -2.000000, NP, 6000 2000
17700, t, 9.719811e-04, KEe, 18833.144618, MEe, 3.138857436e+00, E, -2.000000, NP, 6000 2000
17800, t, 9.774725e-04, KEe, 18835.739503, MEe, 3.139289917e+00, E, -2.000000, NP, 6000 2000
17900, t, 9.829639e-04, KEe, 18834.583256, MEe, 3.139097209e+00, E, -2.000000, NP, 6000 2000
18000, t, 9.884553e-04, KEe, 18705.589666, MEe, 3.117598278e+00, E, -2.000000, NP, 6000 2000
18100, t, 9.939468e-04, KEe, 18738.339083, MEe, 3.123056514e+00, E, -2.000000, NP, 6000 2000
18200, t, 9.994382e-04, KEe, 18753.100200, MEe, 3.125516700e+00, E, -2.000000, NP, 6000 2000
18300, t, 1.004930e-03, KEe, 18704.325403, MEe, 3.117387567e+00, E, -2.000000, NP, 6000 2000
18400, t, 1.010421e-03, KEe, 18777.279445, MEe, 3.129546574e+00, E, -2.000000, NP, 6000 2000
18500, t, 1.015912e-03, KEe, 18754.698273, MEe, 3.125783045e+00, E, -2.000000, NP, 6000 2000
18600, t, 1.021404e-03, KEe, 18758.231091, MEe, 3.126371848e+00, E, -2.000000, NP, 6000 2000
18700, t, 1.026895e-03, KEe, 18725.357010, MEe, 3.120892835e+00, E, -2.000000, NP, 6000 2000
18800, t, 1.032387e-03, KEe, 18718.836318, MEe, 3.119806053e+00, E, -2.000000, NP, 6000 2000
18900, t, 1.037878e-03, KEe, 18773.026152, MEe, 3.128837692e+00, E, -2.000000, NP, 6000 2000
19000, t, 1.043370e-03, KEe, 18836.437119, MEe, 3.139406186e+00, E, -2.000000, NP, 6000 2000
19100, t, 1.048861e-03, KEe, 18885.213521, MEe, 3.147535587e+00, E, -2.000000, NP, 6000 2000
19200, t, 1.054352e-03, KEe, 18905.547019, MEe, 3.150924503e+00, E, -2.000000, NP, 6000 2000
19300, t, 1.059844e-03, KEe, 18999.964096, MEe, 3.166660683e+00, E, -2.000000, NP, 6000 2000
19400, t, 1.065335e-03, KEe, 18971.874187, MEe, 3.161979031e+00, E, -2.000000, NP, 6000 2000
19500, t, 1.070827e-03, KEe, 19004.964050, MEe, 3.167494008e+00, E, -2.000000, NP, 6000 2000
19600, t, 1.076318e-03, KEe, 19007.623473, MEe, 3.167937246e+00, E, -2.000000, NP, 6000 2000
19700, t, 1.081809e-03, KEe, 18943.278811, MEe, 3.157213135e+00, E, -2.000000, NP, 6000 2000
19800, t, 1.087301e-03, KEe, 18920.040080, MEe, 3.153340013e+00, E, -2.000000, NP, 6000 2000
19900, t, 1.092792e-03, KEe, 18901.884676, MEe, 3.150314113e+00, E, -2.000000, NP, 6000 2000
20000, t, 1.098284e-03, KEe, 18861.451102, MEe, 3.143575184e+00, E, -2.000000, NP, 6000 2000
20100, t, 1.103775e-03, KEe, 18846.475508, MEe, 3.141079251e+00, E, -2.000000, NP, 6000 2000
20200, t, 1.109267e-03, KEe, 18730.642736, MEe, 3.121773789e+00, E, -2.000000, NP, 6000 2000
20300, t, 1.114758e-03, KEe, 18725.580772, MEe, 3.120930129e+00, E, -2.000000, NP, 6000 2000
20400, t, 1.120249e-03, KEe, 18817.513046, MEe, 3.136252174e+00, E, -2.000000, NP, 6000 2000
20500, t, 1.125741e-03, KEe, 18802.407479, MEe, 3.133734580e+00, E, -2.000000, NP, 6000 2000
20600, t, 1.131232e-03, KEe, 18794.580789, MEe, 3.132430131e+00, E, -2.000000, NP, 6000 2000
20700, t, 1.136724e-03, KEe, 18756.171454, MEe, 3.126028576e+00, E, -2.000000, NP, 6000 2000
20800, t, 1.142215e-03, KEe, 18796.006782, MEe, 3.132667797e+00, E, -2.000000, NP, 6000 2000
20900, t, 1.147706e-03, KEe, 18812.112131, MEe, 3.135352022e+00, E, -2.000000, NP, 6000 2000
21000, t, 1.153198e-03, KEe, 18765.468738, MEe, 3.127578123e+00, E, -2.000000, NP, 6000 2000
21100, t, 1.158689e-03, KEe, 18781.957724, MEe, 3.130326287e+00, E, -2.000000, NP, 6000 2000
21200, t, 1.164181e-03, KEe, 18890.711138, MEe, 3.148451856e+00, E, -2.000000, NP, 6000 2000
21300, t, 1.169672e-03, KEe, 18908.090659, MEe, 3.151348443e+00, E, -2.000000, NP, 6000 2000
21400, t, 1.175164e-03, KEe, 18949.451717, MEe, 3.158241953e+00, E, -2.000000, NP, 6000 2000
21500, t, 1.180655e-03, KEe, 18928.490098, MEe, 3.154748350e+00, E, -2.000000, NP, 6000 2000
21600, t, 1.186146e-03, KEe, 18943.424674, MEe, 3.157237446e+00, E, -2.000000, NP, 6000 2000
21700, t, 1.191638e-03, KEe, 18820.351225, MEe, 3.136725204e+00, E, -2.000000, NP, 6000 2000
21800, t, 1.197129e-03, KEe, 18727.685295, MEe, 3.121280882e+00, E, -2.000000, NP, 6000 2000
21900, t, 1.202621e-03, KEe, 18675.947725, MEe, 3.112657954e+00, E, -2.000000, NP, 6000 2000
22000, t, 1.208112e-03, KEe, 18713.889988, MEe, 3.118981665e+00, E, -2.000000, NP, 6000 2000
22100, t, 1.213604e-03, KEe, 18838.505841, MEe, 3.139750974e+00, E, -2.000000, NP, 6000 2000
22200, t, 1.219095e-03, KEe, 18882.238769, MEe, 3.147039795e+00, E, -2.000000, NP, 6000 2000
22300, t, 1.224586e-03, KEe, 18945.524615, MEe, 3.157587436e+00, E, -2.000000, NP, 6000 2000
22400, t, 1.230078e-03, KEe, 18928.414598, MEe, 3.154735766e+00, E, -2.000000, NP, 6000 2000
22500, t, 1.235569e-03, KEe, 18981.741510, MEe, 3.163623585e+00, E, -2.000000, NP, 6000 2000
22600, t, 1.241061e-03, KEe, 18897.789584, MEe, 3.149631597e+00, E, -2.000000, NP, 6000 2000
22700, t, 1.246552e-03, KEe, 18946.664912, MEe, 3.157777485e+00, E, -2.000000, NP, 6000 2000
22800, t, 1.252043e-03, KEe, 18994.110248, MEe, 3.165685041e+00, E, -2.000000, NP, 6000 2000
22900, t, 1.257535e-03, KEe, 19088.179625, MEe, 3.181363271e+00, E, -2.000000, NP, 6000 2000
23000, t, 1.263026e-03, KEe, 19060.084165, MEe, 3.176680694e+00, E, -2.000000, NP, 6000 2000
23100, t, 1.268518e-03, KEe, 19054.773738, MEe, 3.175795623e+00, E, -2.000000, NP, 6000 2000
23200, t, 1.274009e-03, KEe, 18993.150857, MEe, 3.165525143e+00, E, -2.000000, NP, 6000 2000
23300, t, 1.279501e-03, KEe, 18991.868087, MEe, 3.165311348e+00, E, -2.000000, NP, 6000 2000
23400, t, 1.284992e-03, KEe, 18976.704384, MEe, 3.162784064e+00, E, -2.000000, NP, 6000 2000
23500, t, 1.290483e-03, KEe, 18975.852574, MEe, 3.162642096e+00, E, -2.000000, NP, 6000 2000
23600, t, 1.295975e-03, KEe, 18917.402672, MEe, 3.152900445e+00, E, -2.000000, NP, 6000 2000
23700, t, 1.301466e-03, KEe, 18997.596340, MEe, 3.166266057e+00, E, -2.000000, NP, 6000 2000
23800, t, 1.306958e-03, KEe, 19008.032817, MEe, 3.168005469e+00, E, -2.000000, NP, 6000 2000
23900, t, 1.312449e-03, KEe, 18991.335506, MEe, 3.165222584e+00, E, -2.000000, NP, 6000 2000
24000, t, 1.317940e-03, KEe, 18982.237869, MEe, 3.163706311e+00, E, -2.000000, NP, 6000 2000
24100, t, 1.323432e-03, KEe, 18993.720950, MEe, 3.165620158e+00, E, -2.000000, NP, 6000 2000
24200, t, 1.328923e-03, KEe, 18974.451414, MEe, 3.162408569e+00, E, -2.000000, NP, 6000 2000
24300, t, 1.334415e-03, KEe, 18983.774826, MEe, 3.163962471e+00, E, -2.000000, NP, 6000 2000
24400, t, 1.339906e-03, KEe, 18959.178123, MEe, 3.159863020e+00, E, -2.000000, NP, 6000 2000
24500, t, 1.345398e-03, KEe, 18984.055772, MEe, 3.164009295e+00, E, -2.000000, NP, 6000 2000
24600, t, 1.350889e-03, KEe, 18932.430097, MEe, 3.155405016e+00, E, -2.000000, NP, 6000 2000
24700, t, 1.356380e-03, KEe, 18902.783693, MEe, 3.150463949e+00, E, -2.000000, NP, 6000 2000
24800, t, 1.361872e-03, KEe, 18850.696601, MEe, 3.141782767e+00, E, -2.000000, NP, 6000 2000
24900, t, 1.367363e-03, KEe, 18812.034950, MEe, 3.135339158e+00, E, -2.000000, NP, 6000 2000
25000, t, 1.372855e-03, KEe, 18774.951340, MEe, 3.129158557e+00, E, -2.000000, NP, 6000 2000
25100, t, 1.378346e-03, KEe, 18805.352778, MEe, 3.134225463e+00, E, -2.000000, NP, 6000 2000
25200, t, 1.383837e-03, KEe, 18841.407931, MEe, 3.140234655e+00, E, -2.000000, NP, 6000 2000
25300, t, 1.389329e-03, KEe, 18818.497712, MEe, 3.136416285e+00, E, -2.000000, NP, 6000 2000
25400, t, 1.394820e-03, KEe, 18885.696423, MEe, 3.147616070e+00, E, -2.000000, NP, 6000 2000
25500, t, 1.400312e-03, KEe, 18866.998909, MEe, 3.144499818e+00, E, -2.000000, NP, 6000 2000
25600, t, 1.405803e-03, KEe, 18888.728909, MEe, 3.148121485e+00, E, -2.000000, NP, 6000 2000
25700, t, 1.411295e-03, KEe, 18861.583349, MEe, 3.143597225e+00, E, -2.000000, NP, 6000 2000
25800, t, 1.416786e-03, KEe, 18871.181771, MEe, 3.145196962e+00, E, -2.000000, NP, 6000 2000
25900, t, 1.422277e-03, KEe, 18793.227761, MEe, 3.132204627e+00, E, -2.000000, NP, 6000 2000
26000, t, 1.427769e-03, KEe, 18740.790481, MEe, 3.123465080e+00, E, -2.000000, NP, 6000 2000
26100, t, 1.433260e-03, KEe, 18842.511626, MEe, 3.140418604e+00, E, -2.000000, NP, 6000 2000
26200, t, 1.438752e-03, KEe, 18828.291639, MEe, 3.138048606e+00, E, -2.000000, NP, 6000 2000
26300, t, 1.444243e-03, KEe, 18812.337682, MEe, 3.135389614e+00, E, -2.000000, NP, 6000 2000
26400, t, 1.449735e-03, KEe, 18877.631552, MEe, 3.146271925e+00, E, -2.000000, NP, 6000 2000
26500, t, 1.455226e-03, KEe, 18735.250722, MEe, 3.122541787e+00, E, -2.000000, NP, 6000 2000
26600, t, 1.460717e-03, KEe, 18732.908638, MEe, 3.122151440e+00, E, -2.000000, NP, 6000 2000
26700, t, 1.466209e-03, KEe, 18815.960787, MEe, 3.135993464e+00, E, -2.000000, NP, 6000 2000
26800, t, 1.471700e-03, KEe, 18880.577634, MEe, 3.146762939e+00, E, -2.000000, NP, 6000 2000
26900, t, 1.477192e-03, KEe, 18834.172714, MEe, 3.139028786e+00, E, -2.000000, NP, 6000 2000
27000, t, 1.482683e-03, KEe, 18905.861012, MEe, 3.150976835e+00, E, -2.000000, NP, 6000 2000
27100, t, 1.488174e-03, KEe, 18904.467345, MEe, 3.150744558e+00, E, -2.000000, NP, 6000 2000
27200, t, 1.493666e-03, KEe, 18956.221354, MEe, 3.159370226e+00, E, -2.000000, NP, 6000 2000
27300, t, 1.499157e-03, KEe, 18940.955997, MEe, 3.156826000e+00, E, -2.000000, NP, 6000 2000
27400, t, 1.504649e-03, KEe, 18940.985042, MEe, 3.156830840e+00, E, -2.000000, NP, 6000 2000
27500, t, 1.510140e-03, KEe, 18980.256888, MEe, 3.163376148e+00, E, -2.000000, NP, 6000 2000
27600, t, 1.515632e-03, KEe, 18991.121589, MEe, 3.165186932e+00, E, -2.000000, NP, 6000 2000
27700, t, 1.521123e-03, KEe, 19046.996822, MEe, 3.174499470e+00, E, -2.000000, NP, 6000 2000
27800, t, 1.526614e-03, KEe, 18997.111459, MEe, 3.166185243e+00, E, -2.000000, NP, 6000 2000
27900, t, 1.532106e-03, KEe, 19064.438947, MEe, 3.177406491e+00, E, -2.000000, NP, 6000 2000
28000, t, 1.537597e-03, KEe, 19106.888708, MEe, 3.184481451e+00, E, -2.000000, NP, 6000 2000
28100, t, 1.543089e-03, KEe, 19116.607525, MEe, 3.186101254e+00, E, -2.000000, NP, 6000 2000
28200, t, 1.548580e-03, KEe, 19017.959102, MEe, 3.169659850e+00, E, -2.000000, NP, 6000 2000
28300, t, 1.554071e-03, KEe, 19005.311198, MEe, 3.167551866e+00, E, -2.000000, NP, 6000 2000
28400, t, 1.559563e-03, KEe, 19127.891743, MEe, 3.187981957e+00, E, -2.000000, NP, 6000 2000
28500, t, 1.565054e-03, KEe, 19107.069686, MEe, 3.184511614e+00, E, -2.000000, NP, 6000 2000
28600, t, 1.570546e-03, KEe, 19060.786940, MEe, 3.176797823e+00, E, -2.000000, NP, 6000 2000
28700, t, 1.576037e-03, KEe, 19104.450535, MEe, 3.184075089e+00, E, -2.000000, NP, 6000 2000
28800, t, 1.581529e-03, KEe, 19118.318158, MEe, 3.186386360e+00, E, -2.000000, NP, 6000 2000
28900, t, 1.587020e-03, KEe, 19056.245920, MEe, 3.176040987e+00, E, -2.000000, NP, 6000 2000
29000, t, 1.592511e-03, KEe, 18963.600722, MEe, 3.160600120e+00, E, -2.000000, NP, 6000 2000
29100, t, 1.598003e-03, KEe, 18981.792312, MEe, 3.163632052e+00, E, -2.000000, NP, 6000 2000
29200, t, 1.603494e-03, KEe, 18956.738665, MEe, 3.159456444e+00, E, -2.000000, NP, 6000 2000
29300, t, 1.608986e-03, KEe, 18961.276767, MEe, 3.160212794e+00, E, -2.000000, NP, 6000 2000
29400, t, 1.614477e-03, KEe, 18936.716100, MEe, 3.156119350e+00, E, -2.000000, NP, 6000 2000
29500, t, 1.619968e-03, KEe, 18858.364667, MEe, 3.143060778e+00, E, -2.000000, NP, 6000 2000
29600, t, 1.625460e-03, KEe, 18891.856128, MEe, 3.148642688e+00, E, -2.000000, NP, 6000 2000
29700, t, 1.630951e-03, KEe, 19016.020491, MEe, 3.169336748e+00, E, -2.000000, NP, 6000 2000
29800, t, 1.636443e-03, KEe, 18938.589618, MEe, 3.156431603e+00, E, -2.000000, NP, 6000 2000
29900, t, 1.641934e-03, KEe, 18998.603779, MEe, 3.166433963e+00, E, -2.000000, NP, 6000 2000
30000, t, 1.647426e-03, KEe, 18966.353617, MEe, 3.161058936e+00, E, -2.000000, NP, 6000 2000
30100, t, 1.652917e-03, KEe, 18958.184086, MEe, 3.159697348e+00, E, -2.000000, NP, 6000 2000
30200, t, 1.658408e-03, KEe, 18995.906138, MEe, 3.165984356e+00, E, -2.000000, NP, 6000 2000
30300, t, 1.663900e-03, KEe, 18964.359865, MEe, 3.160726644e+00, E, -2.000000, NP, 6000 2000
30400, t, 1.669391e-03, KEe, 18896.278576, MEe, 3.149379763e+00, E, -2.000000, NP, 6000 2000
30500, t, 1.674883e-03, KEe, 18928.392896, MEe, 3.154732149e+00, E, -2.000000, NP, 6000 2000
30600, t, 1.680374e-03, KEe, 18979.493762, MEe, 3.163248960e+00, E, -2.000000, NP, 6000 2000
30700, t, 1.685866e-03, KEe, 18969.599528, MEe, 3.161599921e+00, E, -2.000000, NP, 6000 2000
30800, t, 1.691357e-03, KEe, 18924.899988, MEe, 3.154149998e+00, E, -2.000000, NP, 6000 2000
30900, t, 1.696848e-03, KEe, 18868.138393, MEe, 3.144689732e+00, E, -2.000000, NP, 6000 2000
31000, t, 1.702340e-03, KEe, 18846.111832, MEe, 3.141018639e+00, E, -2.000000, NP, 6000 2000
31100, t, 1.707831e-03, KEe, 18944.562616, MEe, 3.157427103e+00, E, -2.000000, NP, 6000 2000
31200, t, 1.713323e-03, KEe, 18941.115548, MEe, 3.156852591e+00, E, -2.000000, NP, 6000 2000
31300, t, 1.718814e-03, KEe, 19049.177121, MEe, 3.174862854e+00, E, -2.000000, NP, 6000 2000
31400, t, 1.724305e-03, KEe, 19026.799648, MEe, 3.171133275e+00, E, -2.000000, NP, 6000 2000
31500, t, 1.729797e-03, KEe, 18930.555120, MEe, 3.155092520e+00, E, -2.000000, NP, 6000 2000
31600, t, 1.735288e-03, KEe, 18917.232179, MEe, 3.152872030e+00, E, -2.000000, NP, 6000 2000
31700, t, 1.740780e-03, KEe, 18966.269708, MEe, 3.161044951e+00, E, -2.000000, NP, 6000 2000
31800, t, 1.746271e-03, KEe, 19024.720776, MEe, 3.170786796e+00, E, -2.000000, NP, 6000 2000
31900, t, 1.751763e-03, KEe, 19016.003927, MEe, 3.169333988e+00, E, -2.000000, NP, 6000 2000
32000, t, 1.757254e-03, KEe, 18966.818320, MEe, 3.161136387e+00, E, -2.000000, NP, 6000 2000
32100, t, 1.762745e-03, KEe, 18922.733727, MEe, 3.153788954e+00, E, -2.000000, NP, 6000 2000
32200, t, 1.768237e-03, KEe, 18918.168963, MEe, 3.153028161e+00, E, -2.000000, NP, 6000 2000
32300, t, 1.773728e-03, KEe, 18960.761623, MEe, 3.160126937e+00, E, -2.000000, NP, 6000 2000
32400, t, 1.779220e-03, KEe, 18890.501159, MEe, 3.148416860e+00, E, -2.000000, NP, 6000 2000
32500, t, 1.784711e-03, KEe, 18855.490723, MEe, 3.142581787e+00, E, -2.000000, NP, 6000 2000
32600, t, 1.790202e-03, KEe, 18802.596186, MEe, 3.133766031e+00, E, -2.000000, NP, 6000 2000
32700, t, 1.795694e-03, KEe, 18892.540035, MEe, 3.148756672e+00, E, -2.000000, NP, 6000 2000
32800, t, 1.801185e-03, KEe, 18905.638029, MEe, 3.150939671e+00, E, -2.000000, NP, 6000 2000
32900, t, 1.806677e-03, KEe, 18965.760476, MEe, 3.160960079e+00, E, -2.000000, NP, 6000 2000
33000, t, 1.812168e-03, KEe, 18942.094865, MEe, 3.157015811e+00, E, -2.000000, NP, 6000 2000
33100, t, 1.817660e-03, KEe, 18850.469639, MEe, 3.141744940e+00, E, -2.000000, NP, 6000 2000
33200, t, 1.823151e-03, KEe, 18799.450931, MEe, 3.133241822e+00, E, -2.000000, NP, 6000 2000
33300, t, 1.828642e-03, KEe, 18781.346236, MEe, 3.130224373e+00, E, -2.000000, NP, 6000 2000
33400, t, 1.834134e-03, KEe, 18786.560786, MEe, 3.131093464e+00, E, -2.000000, NP, 6000 2000
33500, t, 1.839625e-03, KEe, 18780.400254, MEe, 3.130066709e+00, E, -2.000000, NP, 6000 2000
33600, t, 1.845117e-03, KEe, 18707.444552, MEe, 3.117907425e+00, E, -2.000000, NP, 6000 2000
33700, t, 1.850608e-03, KEe, 18748.171592, MEe, 3.124695265e+00, E, -2.000000, NP, 6000 2000
33800, t, 1.856099e-03, KEe, 18772.568759, MEe, 3.128761460e+00, E, -2.000000, NP, 6000 2000
33900, t, 1.861591e-03, KEe, 18846.459962, MEe, 3.141076660e+00, E, -2.000000, NP, 6000 2000
34000, t, 1.867082e-03, KEe, 18764.259906, MEe, 3.127376651e+00, E, -2.000000, NP, 6000 2000
34100, t, 1.872574e-03, KEe, 18780.836698, MEe, 3.130139450e+00, E, -2.000000, NP, 6000 2000
34200, t, 1.878065e-03, KEe, 18775.751013, MEe, 3.129291836e+00, E, -2.000000, NP, 6000 2000
34300, t, 1.883557e-03, KEe, 18767.331651, MEe, 3.127888609e+00, E, -2.000000, NP, 6000 2000
34400, t, 1.889048e-03, KEe, 18785.082135, MEe, 3.130847022e+00, E, -2.000000, NP, 6000 2000
34500, t, 1.894539e-03, KEe, 18782.587397, MEe, 3.130431233e+00, E, -2.000000, NP, 6000 2000
34600, t, 1.900031e-03, KEe, 18814.115437, MEe, 3.135685906e+00, E, -2.000000, NP, 6000 2000
34700, t, 1.905522e-03, KEe, 18803.033398, MEe, 3.133838900e+00, E, -2.000000, NP, 6000 2000
34800, t, 1.911014e-03, KEe, 18758.434114, MEe, 3.126405686e+00, E, -2.000000, NP, 6000 2000
34900, t, 1.916505e-03, KEe, 18878.166694, MEe, 3.146361116e+00, E, -2.000000, NP, 6000 2000
35000, t, 1.921997e-03, KEe, 18916.388363, MEe, 3.152731394e+00, E, -2.000000, NP, 6000 2000
35100, t, 1.927488e-03, KEe, 18805.970970, MEe, 3.134328495e+00, E, -2.000000, NP, 6000 2000
35200, t, 1.932979e-03, KEe, 18828.938166, MEe, 3.138156361e+00, E, -2.000000, NP, 6000 2000
35300, t, 1.938471e-03, KEe, 18783.884113, MEe, 3.130647352e+00, E, -2.000000, NP, 6000 2000
35400, t, 1.943962e-03, KEe, 18818.773043, MEe, 3.136462174e+00, E, -2.000000, NP, 6000 2000
35500, t, 1.949454e-03, KEe, 18915.722919, MEe, 3.152620486e+00, E, -2.000000, NP, 6000 2000
35600, t, 1.954945e-03, KEe, 18904.501889, MEe, 3.150750315e+00, E, -2.000000, NP, 6000 2000
35700, t, 1.960436e-03, KEe, 18845.913052, MEe, 3.140985509e+00, E, -2.000000, NP, 6000 2000
35800, t, 1.965928e-03, KEe, 18805.493612, MEe, 3.134248935e+00, E, -2.000000, NP, 6000 2000
35900, t, 1.971419e-03, KEe, 18751.265509, MEe, 3.125210918e+00, E, -2.000000, NP, 6000 2000
36000, t, 1.976911e-03, KEe, 18761.968737, MEe, 3.126994790e+00, E, -2.000000, NP, 6000 2000
36100, t, 1.982402e-03, KEe, 18880.945237, MEe, 3.146824206e+00, E, -2.000000, NP, 6000 2000
36200, t, 1.987894e-03, KEe, 18897.063172, MEe, 3.149510529e+00, E, -2.000000, NP, 6000 2000
36300, t, 1.993385e-03, KEe, 18929.505949, MEe, 3.154917658e+00, E, -2.000000, NP, 6000 2000
36400, t, 1.998876e-03, KEe, 18875.289395, MEe, 3.145881566e+00, E, -2.000000, NP, 6000 2000
36500, t, 2.004368e-03, KEe, 18795.004401, MEe, 3.132500733e+00, E, -2.000000, NP, 6000 2000
36600, t, 2.009859e-03, KEe, 18754.022937, MEe, 3.125670490e+00, E, -2.000000, NP, 6000 2000
36700, t, 2.015351e-03, KEe, 18703.582662, MEe, 3.117263777e+00, E, -2.000000, NP, 6000 2000
36800, t, 2.020842e-03, KEe, 18727.103376, MEe, 3.121183896e+00, E, -2.000000, NP, 6000 2000
36900, t, 2.026333e-03, KEe, 18753.593076, MEe, 3.125598846e+00, E, -2.000000, NP, 6000 2000
37000, t, 2.031825e-03, KEe, 18732.230674, MEe, 3.122038446e+00, E, -2.000000, NP, 6000 2000
37100, t, 2.037316e-03, KEe, 18687.809770, MEe, 3.114634962e+00, E, -2.000000, NP, 6000 2000
37200, t, 2.042808e-03, KEe, 18729.217817, MEe, 3.121536303e+00, E, -2.000000, NP, 6000 2000
37300, t, 2.048299e-03, KEe, 18731.727402, MEe, 3.121954567e+00, E, -2.000000, NP, 6000 2000
37400, t, 2.053791e-03, KEe, 18785.488894, MEe, 3.130914816e+00, E, -2.000000, NP, 6000 2000
37500, t, 2.059282e-03, KEe, 18740.870062, MEe, 3.123478344e+00, E, -2.000000, NP, 6000 2000
37600, t, 2.064773e-03, KEe, 18749.061137, MEe, 3.124843523e+00, E, -2.000000, NP, 6000 2000
37700, t, 2.070265e-03, KEe, 18749.665669, MEe, 3.124944278e+00, E, -2.000000, NP, 6000 2000
37800, t, 2.075756e-03, KEe, 18673.091156, MEe, 3.112181859e+00, E, -2.000000, NP, 6000 2000
37900, t, 2.081248e-03, KEe, 18633.061566, MEe, 3.105510261e+00, E, -2.000000, NP, 6000 2000
38000, t, 2.086739e-03, KEe, 18661.688203, MEe, 3.110281367e+00, E, -2.000000, NP, 6000 2000
38100, t, 2.092230e-03, KEe, 18645.101020, MEe, 3.107516837e+00, E, -2.000000, NP, 6000 2000
38200, t, 2.097722e-03, KEe, 18609.691753, MEe, 3.101615292e+00, E, -2.000000, NP, 6000 2000
38300, t, 2.103213e-03, KEe, 18703.750995, MEe, 3.117291833e+00, E, -2.000000, NP, 6000 2000
38400, t, 2.108705e-03, KEe, 18653.746849, MEe, 3.108957808e+00, E, -2.000000, NP, 6000 2000
38500, t, 2.114196e-03, KEe, 18535.827661, MEe, 3.089304610e+00, E, -2.000000, NP, 6000 2000
38600, t, 2.119688e-03, KEe, 18646.905807, MEe, 3.107817634e+00, E, -2.000000, NP, 6000 2000
38700, t, 2.125179e-03, KEe, 18630.887980, MEe, 3.105147997e+00, E, -2.000000, NP, 6000 2000
38800, t, 2.130670e-03, KEe, 18578.851064, MEe, 3.096475177e+00, E, -2.000000, NP, 6000 2000
38900, t, 2.136162e-03, KEe, 18610.290635, MEe, 3.101715106e+00, E, -2.000000, NP, 6000 2000
39000, t, 2.141653e-03, KEe, 18646.501642, MEe, 3.107750274e+00, E, -2.000000, NP, 6000 2000
39100, t, 2.147145e-03, KEe, 18682.028881, MEe, 3.113671480e+00, E, -2.000000, NP, 6000 2000
39200, t, 2.152636e-03, KEe, 18710.251522, MEe, 3.118375254e+00, E, -2.000000, NP, 6000 2000
39300, t, 2.158128e-03, KEe, 18696.179155, MEe, 3.116029859e+00, E, -2.000000, NP, 6000 2000
39400, t, 2.163619e-03, KEe, 18651.339247, MEe, 3.108556541e+00, E, -2.000000, NP, 6000 2000
39500, t, 2.169110e-03, KEe, 18633.467808, MEe, 3.105577968e+00, E, -2.000000, NP, 6000 2000
39600, t, 2.174602e-03, KEe, 18688.565051, MEe, 3.114760842e+00, E, -2.000000, NP, 6000 2000
39700, t, 2.180093e-03, KEe, 18656.152664, MEe, 3.109358777e+00, E, -2.000000, NP, 6000 2000
39800, t, 2.185585e-03, KEe, 18671.970620, MEe, 3.111995103e+00, E, -2.000000, NP, 6000 2000
39900, t, 2.191076e-03, KEe, 18668.508813, MEe, 3.111418135e+00, E, -2.000000, NP, 6000 2000
40000, t, 2.196567e-03, KEe, 18620.605373, MEe, 3.103434229e+00, E, -2.000000, NP, 6000 2000
40100, t, 2.202059e-03, KEe, 18593.671029, MEe, 3.098945171e+00, E, -2.000000, NP, 6000 2000
40200, t, 2.207550e-03, KEe, 18712.868338, MEe, 3.118811390e+00, E, -2.000000, NP, 6000 2000
40300, t, 2.213042e-03, KEe, 18799.670757, MEe, 3.133278459e+00, E, -2.000000, NP, 6000 2000
40400, t, 2.218533e-03, KEe, 18855.371033, MEe, 3.142561839e+00, E, -2.000000, NP, 6000 2000
40500, t, 2.224025e-03, KEe, 18845.839471, MEe, 3.140973245e+00, E, -2.000000, NP, 6000 2000
40600, t, 2.229516e-03, KEe, 18819.395534, MEe, 3.136565922e+00, E, -2.000000, NP, 6000 2000
40700, t, 2.235007e-03, KEe, 18842.629758, MEe, 3.140438293e+00, E, -2.000000, NP, 6000 2000
40800, t, 2.240499e-03, KEe, 18789.092145, MEe, 3.131515358e+00, E, -2.000000, NP, 6000 2000
40900, t, 2.245990e-03, KEe, 18774.447052, MEe, 3.129074509e+00, E, -2.000000, NP, 6000 2000
41000, t, 2.251482e-03, KEe, 18719.872852, MEe, 3.119978809e+00, E, -2.000000, NP, 6000 2000
41100, t, 2.256973e-03, KEe, 18746.228990, MEe, 3.124371498e+00, E, -2.000000, NP, 6000 2000
41200, t, 2.262464e-03, KEe, 18711.222603, MEe, 3.118537100e+00, E, -2.000000, NP, 6000 2000
41300, t, 2.267956e-03, KEe, 18809.611500, MEe, 3.134935250e+00, E, -2.000000, NP, 6000 2000
41400, t, 2.273447e-03, KEe, 18708.505320, MEe, 3.118084220e+00, E, -2.000000, NP, 6000 2000
41500, t, 2.278939e-03, KEe, 18801.463430, MEe, 3.133577238e+00, E, -2.000000, NP, 6000 2000
41600, t, 2.284430e-03, KEe, 18883.453550, MEe, 3.147242258e+00, E, -2.000000, NP, 6000 2000
41700, t, 2.289922e-03, KEe, 18851.440455, MEe, 3.141906742e+00, E, -2.000000, NP, 6000 2000
41800, t, 2.295413e-03, KEe, 18814.389744, MEe, 3.135731624e+00, E, -2.000000, NP, 6000 2000
41900, t, 2.300904e-03, KEe, 18789.989076, MEe, 3.131664846e+00, E, -2.000000, NP, 6000 2000
42000, t, 2.306396e-03, KEe, 18816.577430, MEe, 3.136096238e+00, E, -2.000000, NP, 6000 2000
42100, t, 2.311887e-03, KEe, 18794.332556, MEe, 3.132388759e+00, E, -2.000000, NP, 6000 2000
42200, t, 2.317379e-03, KEe, 18774.246984, MEe, 3.129041164e+00, E, -2.000000, NP, 6000 2000
42300, t, 2.322870e-03, KEe, 18785.431770, MEe, 3.130905295e+00, E, -2.000000, NP, 6000 2000
42400, t, 2.328361e-03, KEe, 18701.141326, MEe, 3.116856888e+00, E, -2.000000, NP, 6000 2000
42500, t, 2.333853e-03, KEe, 18815.812527, MEe, 3.135968755e+00, E, -2.000000, NP, 6000 2000
42600, t, 2.339344e-03, KEe, 18775.839688, MEe, 3.129306615e+00, E, -2.000000, NP, 6000 2000
42700, t, 2.344836e-03, KEe, 18779.657597, MEe, 3.129942933e+00, E, -2.000000, NP, 6000 2000
42800, t, 2.350327e-03, KEe, 18725.286796, MEe, 3.120881133e+00, E, -2.000000, NP, 6000 2000
42900, t, 2.355819e-03, KEe, 18732.896480, MEe, 3.122149413e+00, E, -2.000000, NP, 6000 2000
43000, t, 2.361310e-03, KEe, 18740.326042, MEe, 3.123387674e+00, E, -2.000000, NP, 6000 2000
43100, t, 2.366801e-03, KEe, 18667.983730, MEe, 3.111330622e+00, E, -2.000000, NP, 6000 2000
43200, t, 2.372293e-03, KEe, 18716.538461, MEe, 3.119423077e+00, E, -2.000000, NP, 6000 2000
43300, t, 2.377784e-03, KEe, 18757.458537, MEe, 3.126243089e+00, E, -2.000000, NP, 6000 2000
43400, t, 2.383276e-03, KEe, 18719.166211, MEe, 3.119861035e+00, E, -2.000000, NP, 6000 2000
43500, t, 2.388767e-03, KEe, 18818.540102, MEe, 3.136423350e+00, E, -2.000000, NP, 6000 2000
43600, t, 2.394259e-03, KEe, 18750.022793, MEe, 3.125003799e+00, E, -2.000000, NP, 6000 2000
43700, t, 2.399750e-03, KEe, 18771.099677, MEe, 3.128516613e+00, E, -2.000000, NP, 6000 2000
43800, t, 2.405241e-03, KEe, 18753.030923, MEe, 3.125505154e+00, E, -2.000000, NP, 6000 2000
43900, t, 2.410733e-03, KEe, 18779.416347, MEe, 3.129902724e+00, E, -2.000000, NP, 6000 2000
44000, t, 2.416224e-03, KEe, 18831.829111, MEe, 3.138638185e+00, E, -2.000000, NP, 6000 2000
44100, t, 2.421716e-03, KEe, 18861.180602, MEe, 3.143530100e+00, E, -2.000000, NP, 6000 2000
44200, t, 2.427207e-03, KEe, 18842.109255, MEe, 3.140351543e+00, E, -2.000000, NP, 6000 2000
44300, t, 2.432698e-03, KEe, 18800.692226, MEe, 3.133448704e+00, E, -2.000000, NP, 6000 2000
44400, t, 2.438190e-03, KEe, 18879.026782, MEe, 3.146504464e+00, E, -2.000000, NP, 6000 2000
44500, t, 2.443681e-03, KEe, 18963.283285, MEe, 3.160547214e+00, E, -2.000000, NP, 6000 2000
44600, t, 2.449173e-03, KEe, 18930.361925, MEe, 3.155060321e+00, E, -2.000000, NP, 6000 2000
44700, t, 2.454664e-03, KEe, 18912.223696, MEe, 3.152037283e+00, E, -2.000000, NP, 6000 2000
44800, t, 2.460156e-03, KEe, 18966.091199, MEe, 3.161015200e+00, E, -2.000000, NP, 6000 2000
44900, t, 2.465647e-03, KEe, 18915.627606, MEe, 3.152604601e+00, E, -2.000000, NP, 6000 2000
45000, t, 2.471138e-03, KEe, 18842.315749, MEe, 3.140385958e+00, E, -2.000000, NP, 6000 2000
45100, t, 2.476630e-03, KEe, 18718.884912, MEe, 3.119814152e+00, E, -2.000000, NP, 6000 2000
45200, t, 2.482121e-03, KEe, 18755.175462, MEe, 3.125862577e+00, E, -2.000000, NP, 6000 2000
45300, t, 2.487613e-03, KEe, 18841.305178, MEe, 3.140217530e+00, E, -2.000000, NP, 6000 2000
45400, t, 2.493104e-03, KEe, 18854.597216, MEe, 3.142432869e+00, E, -2.000000, NP, 6000 2000
45500, t, 2.498595e-03, KEe, 18758.491935, MEe, 3.126415323e+00, E, -2.000000, NP, 6000 2000
45600, t, 2.504087e-03, KEe, 18748.119188, MEe, 3.124686531e+00, E, -2.000000, NP, 6000 2000
45700, t, 2.509578e-03, KEe, 18688.766887, MEe, 3.114794481e+00, E, -2.000000, NP, 6000 2000
45800, t, 2.515070e-03, KEe, 18738.691450, MEe, 3.123115242e+00, E, -2.000000, NP, 6000 2000
45900, t, 2.520561e-03, KEe, 18707.278628, MEe, 3.117879771e+00, E, -2.000000, NP, 6000 2000
46000, t, 2.526053e-03, KEe, 18736.824575, MEe, 3.122804096e+00, E, -2.000000, NP, 6000 2000
46100, t, 2.531544e-03, KEe, 18714.543669, MEe, 3.119090612e+00, E, -2.000000, NP, 6000 2000
46200, t, 2.537035e-03, KEe, 18801.970385, MEe, 3.133661731e+00, E, -2.000000, NP, 6000 2000
46300, t, 2.542527e-03, KEe, 18790.443200, MEe, 3.131740533e+00, E, -2.000000, NP, 6000 2000
46400, t, 2.548018e-03, KEe, 18753.142866, MEe, 3.125523811e+00, E, -2.000000, NP, 6000 2000
46500, t, 2.553510e-03, KEe, 18715.323498, MEe, 3.119220583e+00, E, -2.000000, NP, 6000 2000
46600, t, 2.559001e-03, KEe, 18673.504926, MEe, 3.112250821e+00, E, -2.000000, NP, 6000 2000
46700, t, 2.564492e-03, KEe, 18778.300138, MEe, 3.129716690e+00, E, -2.000000, NP, 6000 2000
46800, t, 2.569984e-03, KEe, 18789.123879, MEe, 3.131520647e+00, E, -2.000000, NP, 6000 2000
46900, t, 2.575475e-03, KEe, 18826.452371, MEe, 3.137742062e+00, E, -2.000000, NP, 6000 2000
47000, t, 2.580967e-03, KEe, 18803.422031, MEe, 3.133903672e+00, E, -2.000000, NP, 6000 2000
47100, t, 2.586458e-03, KEe, 18690.275513, MEe, 3.115045919e+00, E, -2.000000, NP, 6000 2000
47200, t, 2.591950e-03, KEe, 18772.799944, MEe, 3.128799991e+00, E, -2.000000, NP, 6000 2000
47300, t, 2.597441e-03, KEe, 18770.877261, MEe, 3.128479544e+00, E, -2.000000, NP, 6000 2000
47400, t, 2.602932e-03, KEe, 18880.178366, MEe, 3.146696394e+00, E, -2.000000, NP, 6000 2000
47500, t, 2.608424e-03, KEe, 18975.539663, MEe, 3.162589944e+00, E, -2.000000, NP, 6000 2000
47600, t, 2.613915e-03, KEe, 18932.293004, MEe, 3.155382167e+00, E, -2.000000, NP, 6000 2000
47700, t, 2.619407e-03, KEe, 18918.005829, MEe, 3.153000971e+00, E, -2.000000, NP, 6000 2000
47800, t, 2.624898e-03, KEe, 18897.003832, MEe, 3.149500639e+00, E, -2.000000, NP, 6000 2000
47900, t, 2.630390e-03, KEe, 18968.362552, MEe, 3.161393759e+00, E, -2.000000, NP, 6000 2000
48000, t, 2.635881e-03, KEe, 18987.600080, MEe, 3.164600013e+00, E, -2.000000, NP, 6000 2000
48100, t, 2.641372e-03, KEe, 18937.069136, MEe, 3.156178189e+00, E, -2.000000, NP, 6000 2000
48200, t, 2.646864e-03, KEe, 18882.956328, MEe, 3.147159388e+00, E, -2.000000, NP, 6000 2000
48300, t, 2.652355e-03, KEe, 18861.256857, MEe, 3.143542810e+00, E, -2.000000, NP, 6000 2000
48400, t, 2.657847e-03, KEe, 18897.756014, MEe, 3.149626002e+00, E, -2.000000, NP, 6000 2000
48500, t, 2.663338e-03, KEe, 18903.058319, MEe, 3.150509720e+00, E, -2.000000, NP, 6000 2000
48600, t, 2.668829e-03, KEe, 18960.544601, MEe, 3.160090767e+00, E, -2.000000, NP, 6000 2000
48700, t, 2.674321e-03, KEe, 18931.974373, MEe, 3.155329062e+00, E, -2.000000, NP, 6000 2000
48800, t, 2.679812e-03, KEe, 18923.316729, MEe, 3.153886122e+00, E, -2.000000, NP, 6000 2000
48900, t, 2.685304e-03, KEe, 18868.868678, MEe, 3.144811446e+00, E, -2.000000, NP, 6000 2000
49000, t, 2.690795e-03, KEe, 18869.323511, MEe, 3.144887252e+00, E, -2.000000, NP, 6000 2000
49100, t, 2.696287e-03, KEe, 18856.374393, MEe, 3.142729065e+00, E, -2.000000, NP, 6000 2000
49200, t, 2.701778e-03, KEe, 18834.191051, MEe, 3.139031842e+00, E, -2.000000, NP, 6000 2000
49300, t, 2.707269e-03, KEe, 18850.229917, MEe, 3.141704986e+00, E, -2.000000, NP, 6000 2000
49400, t, 2.712761e-03, KEe, 18919.090984, MEe, 3.153181831e+00, E, -2.000000, NP, 6000 2000
49500, t, 2.718252e-03, KEe, 18929.457641, MEe, 3.154909607e+00, E, -2.000000, NP, 6000 2000
49600, t, 2.723744e-03, KEe, 18856.521388, MEe, 3.142753565e+00, E, -2.000000, NP, 6000 2000
49700, t, 2.729235e-03, KEe, 18787.714647, MEe, 3.131285774e+00, E, -2.000000, NP, 6000 2000
49800, t, 2.734726e-03, KEe, 18751.541907, MEe, 3.125256985e+00, E, -2.000000, NP, 6000 2000
49900, t, 2.740218e-03, KEe, 18736.482380, MEe, 3.122747063e+00, E, -2.000000, NP, 6000 2000
50000, t, 2.745709e-03, KEe, 18737.816161, MEe, 3.122969360e+00, E, -2.000000, NP, 6000 2000
50100, t, 2.751201e-03, KEe, 18751.341355, MEe, 3.125223559e+00, E, -2.000000, NP, 6000 2000
50200, t, 2.756692e-03, KEe, 18702.949520, MEe, 3.117158253e+00, E, -2.000000, NP, 6000 2000
50300, t, 2.762184e-03, KEe, 18672.375107, MEe, 3.112062518e+00, E, -2.000000, NP, 6000 2000
50400, t, 2.767675e-03, KEe, 18686.663351, MEe, 3.114443892e+00, E, -2.000000, NP, 6000 2000
50500, t, 2.773166e-03, KEe, 18701.419126, MEe, 3.116903188e+00, E, -2.000000, NP, 6000 2000
50600, t, 2.778658e-03, KEe, 18690.251839, MEe, 3.115041973e+00, E, -2.000000, NP, 6000 2000
50700, t, 2.784149e-03, KEe, 18647.086316, MEe, 3.107847719e+00, E, -2.000000, NP, 6000 2000
50800, t, 2.789641e-03, KEe, 18563.310380, MEe, 3.093885063e+00, E, -2.000000, NP, 6000 2000
50900, t, 2.795132e-03, KEe, 18487.762461, MEe, 3.081293744e+00, E, -2.000000, NP, 6000 2000
51000, t, 2.800623e-03, KEe, 18525.492205, MEe, 3.087582034e+00, E, -2.000000, NP, 6000 2000
51100, t, 2.806115e-03, KEe, 18520.152899, MEe, 3.086692150e+00, E, -2.000000, NP, 6000 2000
51200, t, 2.811606e-03, KEe, 18488.393533, MEe, 3.081398922e+00, E, -2.000000, NP, 6000 2000
51300, t, 2.817098e-03, KEe, 18543.080871, MEe, 3.090513478e+00, E, -2.000000, NP, 6000 2000
51400, t, 2.822589e-03, KEe, 18529.143534, MEe, 3.088190589e+00, E, -2.000000, NP, 6000 2000
51500, t, 2.828081e-03, KEe, 18574.759420, MEe, 3.095793237e+00, E, -2.000000, NP, 6000 2000
51600, t, 2.833572e-03, KEe, 18676.020852, MEe, 3.112670142e+00, E, -2.000000, NP, 6000 2000
51700, t, 2.839063e-03, KEe, 18775.828545, MEe, 3.129304757e+00, E, -2.000000, NP, 6000 2000
51800, t, 2.844555e-03, KEe, 18771.253742, MEe, 3.128542290e+00, E, -2.000000, NP, 6000 2000
51900, t, 2.850046e-03, KEe, 18796.984409, MEe, 3.132830735e+00, E, -2.000000, NP, 6000 2000
52000, t, 2.855538e-03, KEe, 18841.121457, MEe, 3.140186910e+00, E, -2.000000, NP, 6000 2000
52100, t, 2.861029e-03, KEe, 18816.489094, MEe, 3.136081516e+00, E, -2.000000, NP, 6000 2000
52200, t, 2.866521e-03, KEe, 18821.868680, MEe, 3.136978113e+00, E, -2.000000, NP, 6000 2000
52300, t, 2.872012e-03, KEe, 18771.106616, MEe, 3.128517769e+00, E, -2.000000, NP, 6000 2000
52400, t, 2.877503e-03, KEe, 18819.960573, MEe, 3.136660095e+00, E, -2.000000, NP, 6000 2000
52500, t, 2.882995e-03, KEe, 18829.323133, MEe, 3.138220522e+00, E, -2.000000, NP, 6000 2000
52600, t, 2.888486e-03, KEe, 18757.873155, MEe, 3.126312192e+00, E, -2.000000, NP, 6000 2000
52700, t, 2.893978e-03, KEe, 18756.070925, MEe, 3.126011821e+00, E, -2.000000, NP, 6000 2000
52800, t, 2.899469e-03, KEe, 18717.028422, MEe, 3.119504737e+00, E, -2.000000, NP, 6000 2000
52900, t, 2.904960e-03, KEe, 18729.135388, MEe, 3.121522565e+00, E, -2.000000, NP, 6000 2000
53000, t, 2.910452e-03, KEe, 18681.020988, MEe, 3.113503498e+00, E, -2.000000, NP, 6000 2000
53100, t, 2.915943e-03, KEe, 18690.922081, MEe, 3.115153680e+00, E, -2.000000, NP, 6000 2000
53200, t, 2.921435e-03, KEe, 18792.094350, MEe, 3.132015725e+00, E, -2.000000, NP, 6000 2000
53300, t, 2.926926e-03, KEe, 18686.890401, MEe, 3.114481734e+00, E, -2.000000, NP, 6000 2000
53400, t, 2.932418e-03, KEe, 18691.467083, MEe, 3.115244514e+00, E, -2.000000, NP, 6000 2000
53500, t, 2.937909e-03, KEe, 18659.516959, MEe, 3.109919493e+00, E, -2.000000, NP, 6000 2000
53600, t, 2.943400e-03, KEe, 18730.941002, MEe, 3.121823500e+00, E, -2.000000, NP, 6000 2000
53700, t, 2.948892e-03, KEe, 18700.341895, MEe, 3.116723649e+00, E, -2.000000, NP, 6000 2000
53800, t, 2.954383e-03, KEe, 18773.528874, MEe, 3.128921479e+00, E, -2.000000, NP, 6000 2000
53900, t, 2.959875e-03, KEe, 18705.679943, MEe, 3.117613324e+00, E, -2.000000, NP, 6000 2000
54000, t, 2.965366e-03, KEe, 18671.600895, MEe, 3.111933483e+00, E, -2.000000, NP, 6000 2000
54100, t, 2.970857e-03, KEe, 18750.514742, MEe, 3.125085790e+00, E, -2.000000, NP, 6000 2000
54200, t, 2.976349e-03, KEe, 18733.529081, MEe, 3.122254847e+00, E, -2.000000, NP, 6000 2000
54300, t, 2.981840e-03, KEe, 18783.461420, MEe, 3.130576903e+00, E, -2.000000, NP, 6000 2000
54400, t, 2.987332e-03, KEe, 18789.975839, MEe, 3.131662640e+00, E, -2.000000, NP, 6000 2000
54500, t, 2.992823e-03, KEe, 18839.641119, MEe, 3.139940186e+00, E, -2.000000, NP, 6000 2000
54600, t, 2.998315e-03, KEe, 18842.824070, MEe, 3.140470678e+00, E, -2.000000, NP, 6000 2000
54700, t, 3.003806e-03, KEe, 18859.587070, MEe, 3.143264512e+00, E, -2.000000, NP, 6000 2000
54800, t, 3.009297e-03, KEe, 18880.386418, MEe, 3.146731070e+00, E, -2.000000, NP, 6000 2000
54900, t, 3.014789e-03, KEe, 18884.238015, MEe, 3.147373002e+00, E, -2.000000, NP, 6000 2000
55000, t, 3.020280e-03, KEe, 18924.874166, MEe, 3.154145694e+00, E, -2.000000, NP, 6000 2000
55100, t, 3.025772e-03, KEe, 18873.437999, MEe, 3.145573000e+00, E, -2.000000, NP, 6000 2000
55200, t, 3.031263e-03, KEe, 18851.289887, MEe, 3.141881648e+00, E, -2.000000, NP, 6000 2000
55300, t, 3.036754e-03, KEe, 18826.445279, MEe, 3.137740880e+00, E, -2.000000, NP, 6000 2000
55400, t, 3.042246e-03, KEe, 18803.701997, MEe, 3.133950333e+00, E, -2.000000, NP, 6000 2000
55500, t, 3.047737e-03, KEe, 18890.992799, MEe, 3.148498800e+00, E, -2.000000, NP, 6000 2000
55600, t, 3.053229e-03, KEe, 18779.736729, MEe, 3.129956121e+00, E, -2.000000, NP, 6000 2000
55700, t, 3.058720e-03, KEe, 18799.666998, MEe, 3.133277833e+00, E, -2.000000, NP, 6000 2000
55800, t, 3.064212e-03, KEe, 18721.278610, MEe, 3.120213102e+00, E, -2.000000, NP, 6000 2000
55900, t, 3.069703e-03, KEe, 18736.524281, MEe, 3.122754047e+00, E, -2.000000, NP, 6000 2000
56000, t, 3.075194e-03, KEe, 18707.097080, MEe, 3.117849513e+00, E, -2.000000, NP, 6000 2000
56100, t, 3.080686e-03, KEe, 18758.021394, MEe, 3.126336899e+00, E, -2.000000, NP, 6000 2000
56200, t, 3.086177e-03, KEe, 18713.456753, MEe, 3.118909459e+00, E, -2.000000, NP, 6000 2000
56300, t, 3.091669e-03, KEe, 18816.602843, MEe, 3.136100474e+00, E, -2.000000, NP, 6000 2000
56400, t, 3.097160e-03, KEe, 18812.729642, MEe, 3.135454940e+00, E, -2.000000, NP, 6000 2000
56500, t, 3.102652e-03, KEe, 18771.098633, MEe, 3.128516439e+00, E, -2.000000, NP, 6000 2000
56600, t, 3.108143e-03, KEe, 18768.862597, MEe, 3.128143766e+00, E, -2.000000, NP, 6000 2000
56700, t, 3.113634e-03, KEe, 18810.129037, MEe, 3.135021506e+00, E, -2.000000, NP, 6000 2000
56800, t, 3.119126e-03, KEe, 18825.912108, MEe, 3.137652018e+00, E, -2.000000, NP, 6000 2000
56900, t, 3.124617e-03, KEe, 18840.595207, MEe, 3.140099201e+00, E, -2.000000, NP, 6000 2000
57000, t, 3.130109e-03, KEe, 18804.096132, MEe, 3.134016022e+00, E, -2.000000, NP, 6000 2000
57100, t, 3.135600e-03, KEe, 18877.349053, MEe, 3.146224842e+00, E, -2.000000, NP, 6000 2000
57200, t, 3.141091e-03, KEe, 18824.771659, MEe, 3.137461943e+00, E, -2.000000, NP, 6000 2000
57300, t, 3.146583e-03, KEe, 18794.268493, MEe, 3.132378082e+00, E, -2.000000, NP, 6000 2000
57400, t, 3.152074e-03, KEe, 18896.901318, MEe, 3.149483553e+00, E, -2.000000, NP, 6000 2000
57500, t, 3.157566e-03, KEe, 18831.396688, MEe, 3.138566115e+00, E, -2.000000, NP, 6000 2000
57600, t, 3.163057e-03, KEe, 18773.642343, MEe, 3.128940391e+00, E, -2.000000, NP, 6000 2000
57700, t, 3.168549e-03, KEe, 18605.010545, MEe, 3.100835091e+00, E, -2.000000, NP, 6000 2000
57800, t, 3.174040e-03, KEe, 18681.402445, MEe, 3.113567074e+00, E, -2.000000, NP, 6000 2000
57900, t, 3.179531e-03, KEe, 18719.890018, MEe, 3.119981670e+00, E, -2.000000, NP, 6000 2000
58000, t, 3.185023e-03, KEe, 18735.241800, MEe, 3.122540300e+00, E, -2.000000, NP, 6000 2000
58100, t, 3.190514e-03, KEe, 18746.181953, MEe, 3.124363659e+00, E, -2.000000, NP, 6000 2000
58200, t, 3.196006e-03, KEe, 18740.716370, MEe, 3.123452728e+00, E, -2.000000, NP, 6000 2000
58300, t, 3.201497e-03, KEe, 18745.847553, MEe, 3.124307926e+00, E, -2.000000, NP, 6000 2000
58400, t, 3.206988e-03, KEe, 18766.545682, MEe, 3.127757614e+00, E, -2.000000, NP, 6000 2000
58500, t, 3.212480e-03, KEe, 18723.356458, MEe, 3.120559410e+00, E, -2.000000, NP, 6000 2000
58600, t, 3.217971e-03, KEe, 18752.043506, MEe, 3.125340584e+00, E, -2.000000, NP, 6000 2000
58700, t, 3.223463e-03, KEe, 18785.046415, MEe, 3.130841069e+00, E, -2.000000, NP, 6000 2000
58800, t, 3.228954e-03, KEe, 18840.421385, MEe, 3.140070231e+00, E, -2.000000, NP, 6000 2000
58900, t, 3.234446e-03, KEe, 18788.054566, MEe, 3.131342428e+00, E, -2.000000, NP, 6000 2000
59000, t, 3.239937e-03, KEe, 18810.814835, MEe, 3.135135806e+00, E, -2.000000, NP, 6000 2000
59100, t, 3.245428e-03, KEe, 18851.037419, MEe, 3.141839570e+00, E, -2.000000, NP, 6000 2000
59200, t, 3.250920e-03, KEe, 18803.296722, MEe, 3.133882787e+00, E, -2.000000, NP, 6000 2000
59300, t, 3.256411e-03, KEe, 18751.272347, MEe, 3.125212058e+00, E, -2.000000, NP, 6000 2000
59400, t, 3.261903e-03, KEe, 18829.203317, MEe, 3.138200553e+00, E, -2.000000, NP, 6000 2000
59500, t, 3.267394e-03, KEe, 18784.427760, MEe, 3.130737960e+00, E, -2.000000, NP, 6000 2000
59600, t, 3.272885e-03, KEe, 18746.490267, MEe, 3.124415045e+00, E, -2.000000, NP, 6000 2000
59700, t, 3.278377e-03, KEe, 18736.675365, MEe, 3.122779227e+00, E, -2.000000, NP, 6000 2000
59800, t, 3.283868e-03, KEe, 18791.717349, MEe, 3.131952891e+00, E, -2.000000, NP, 6000 2000
59900, t, 3.289360e-03, KEe, 18768.733121, MEe, 3.128122187e+00, E, -2.000000, NP, 6000 2000
60000, t, 3.294851e-03, KEe, 18745.081891, MEe, 3.124180315e+00, E, -2.000000, NP, 6000 2000
60100, t, 3.300343e-03, KEe, 18782.908838, MEe, 3.130484806e+00, E, -2.000000, NP, 6000 2000
60200, t, 3.305834e-03, KEe, 18718.356380, MEe, 3.119726063e+00, E, -2.000000, NP, 6000 2000
60300, t, 3.311325e-03, KEe, 18613.417106, MEe, 3.102236184e+00, E, -2.000000, NP, 6000 2000
60400, t, 3.316817e-03, KEe, 18573.685388, MEe, 3.095614231e+00, E, -2.000000, NP, 6000 2000
60500, t, 3.322308e-03, KEe, 18520.923126, MEe, 3.086820521e+00, E, -2.000000, NP, 6000 2000
60600, t, 3.327800e-03, KEe, 18705.864365, MEe, 3.117644061e+00, E, -2.000000, NP, 6000 2000
60700, t, 3.333291e-03, KEe, 18829.595639, MEe, 3.138265940e+00, E, -2.000000, NP, 6000 2000
60800, t, 3.338783e-03, KEe, 18841.266397, MEe, 3.140211066e+00, E, -2.000000, NP, 6000 2000
60900, t, 3.344274e-03, KEe, 18855.449670, MEe, 3.142574945e+00, E, -2.000000, NP, 6000 2000
61000, t, 3.349765e-03, KEe, 18810.171088, MEe, 3.135028515e+00, E, -2.000000, NP, 6000 2000
61100, t, 3.355257e-03, KEe, 18877.606074, MEe, 3.146267679e+00, E, -2.000000, NP, 6000 2000
61200, t, 3.360748e-03, KEe, 18893.910999, MEe, 3.148985166e+00, E, -2.000000, NP, 6000 2000
61300, t, 3.366240e-03, KEe, 19009.335777, MEe, 3.168222629e+00, E, -2.000000, NP, 6000 2000
61400, t, 3.371731e-03, KEe, 18980.382512, MEe, 3.163397085e+00, E, -2.000000, NP, 6000 2000
61500, t, 3.377222e-03, KEe, 18977.322274, MEe, 3.162887046e+00, E, -2.000000, NP, 6000 2000
61600, t, 3.382714e-03, KEe, 18973.474393, MEe, 3.162245732e+00, E, -2.000000, NP, 6000 2000
61700, t, 3.388205e-03, KEe, 18994.493588, MEe, 3.165748931e+00, E, -2.000000, NP, 6000 2000
61800, t, 3.393697e-03, KEe, 18907.514472, MEe, 3.151252412e+00, E, -2.000000, NP, 6000 2000
61900, t, 3.399188e-03, KEe, 18891.106569, MEe, 3.148517762e+00, E, -2.000000, NP, 6000 2000
62000, t, 3.404680e-03, KEe, 18901.115549, MEe, 3.150185925e+00, E, -2.000000, NP, 6000 2000
62100, t, 3.410171e-03, KEe, 18838.990659, MEe, 3.139831777e+00, E, -2.000000, NP, 6000 2000
62200, t, 3.415662e-03, KEe, 18756.585986, MEe, 3.126097664e+00, E, -2.000000, NP, 6000 2000
62300, t, 3.421154e-03, KEe, 18789.209076, MEe, 3.131534846e+00, E, -2.000000, NP, 6000 2000
62400, t, 3.426645e-03, KEe, 18808.396867, MEe, 3.134732811e+00, E, -2.000000, NP, 6000 2000
62500, t, 3.432137e-03, KEe, 18779.676528, MEe, 3.129946088e+00, E, -2.000000, NP, 6000 2000
62600, t, 3.437628e-03, KEe, 18754.869202, MEe, 3.125811534e+00, E, -2.000000, NP, 6000 2000
62700, t, 3.443119e-03, KEe, 18736.561061, MEe, 3.122760177e+00, E, -2.000000, NP, 6000 2000
62800, t, 3.448611e-03, KEe, 18812.145203, MEe, 3.135357534e+00, E, -2.000000, NP, 6000 2000
62900, t, 3.454102e-03, KEe, 18818.547531, MEe, 3.136424589e+00, E, -2.000000, NP, 6000 2000
63000, t, 3.459594e-03, KEe, 18843.660392, MEe, 3.140610065e+00, E, -2.000000, NP, 6000 2000
63100, t, 3.465085e-03, KEe, 18879.731076, MEe, 3.146621846e+00, E, -2.000000, NP, 6000 2000
63200, t, 3.470577e-03, KEe, 18813.689249, MEe, 3.135614875e+00, E, -2.000000, NP, 6000 2000
63300, t, 3.476068e-03, KEe, 18850.607021, MEe, 3.141767837e+00, E, -2.000000, NP, 6000 2000
63400, t, 3.481559e-03, KEe, 18775.962853, MEe, 3.129327142e+00, E, -2.000000, NP, 6000 2000
63500, t, 3.487051e-03, KEe, 18692.438099, MEe, 3.115406350e+00, E, -2.000000, NP, 6000 2000
63600, t, 3.492542e-03, KEe, 18717.151195, MEe, 3.119525199e+00, E, -2.000000, NP, 6000 2000
63700, t, 3.498034e-03, KEe, 18651.768252, MEe, 3.108628042e+00, E, -2.000000, NP, 6000 2000
63800, t, 3.503525e-03, KEe, 18587.399627, MEe, 3.097899938e+00, E, -2.000000, NP, 6000 2000
63900, t, 3.509016e-03, KEe, 18656.293024, MEe, 3.109382171e+00, E, -2.000000, NP, 6000 2000
64000, t, 3.514508e-03, KEe, 18670.304934, MEe, 3.111717489e+00, E, -2.000000, NP, 6000 2000
64100, t, 3.519999e-03, KEe, 18711.286821, MEe, 3.118547803e+00, E, -2.000000, NP, 6000 2000
64200, t, 3.525491e-03, KEe, 18634.618281, MEe, 3.105769713e+00, E, -2.000000, NP, 6000 2000
64300, t, 3.530982e-03, KEe, 18654.237663, MEe, 3.109039610e+00, E, -2.000000, NP, 6000 2000
64400, t, 3.536474e-03, KEe, 18615.122914, MEe, 3.102520486e+00, E, -2.000000, NP, 6000 2000
64500, t, 3.541965e-03, KEe, 18624.869812, MEe, 3.104144969e+00, E, -2.000000, NP, 6000 2000
64600, t, 3.547456e-03, KEe, 18543.878496, MEe, 3.090646416e+00, E, -2.000000, NP, 6000 2000
64700, t, 3.552948e-03, KEe, 18513.719118, MEe, 3.085619853e+00, E, -2.000000, NP, 6000 2000
64800, t, 3.558439e-03, KEe, 18479.041393, MEe, 3.079840232e+00, E, -2.000000, NP, 6000 2000
64900, t, 3.563931e-03, KEe, 18530.800448, MEe, 3.088466741e+00, E, -2.000000, NP, 6000 2000
65000, t, 3.569422e-03, KEe, 18610.826296, MEe, 3.101804383e+00, E, -2.000000, NP, 6000 2000
65100, t, 3.574914e-03, KEe, 18544.447532, MEe, 3.090741255e+00, E, -2.000000, NP, 6000 2000
65200, t, 3.580405e-03, KEe, 18507.725878, MEe, 3.084620980e+00, E, -2.000000, NP, 6000 2000
65300, t, 3.585896e-03, KEe, 18606.850032, MEe, 3.101141672e+00, E, -2.000000, NP, 6000 2000
65400, t, 3.591388e-03, KEe, 18641.283006, MEe, 3.106880501e+00, E, -2.000000, NP, 6000 2000
65500, t, 3.596879e-03, KEe, 18685.252244, MEe, 3.114208707e+00, E, -2.000000, NP, 6000 2000
65600, t, 3.602371e-03, KEe, 18633.034913, MEe, 3.105505819e+00, E, -2.000000, NP, 6000 2000
65700, t, 3.607862e-03, KEe, 18751.613515, MEe, 3.125268919e+00, E, -2.000000, NP, 6000 2000
65800, t, 3.613353e-03, KEe, 18826.966327, MEe, 3.137827721e+00, E, -2.000000, NP, 6000 2000
65900, t, 3.618845e-03, KEe, 18815.587460, MEe, 3.135931243e+00, E, -2.000000, NP, 6000 2000
66000, t, 3.624336e-03, KEe, 18766.966403, MEe, 3.127827734e+00, E, -2.000000, NP, 6000 2000
66100, t, 3.629828e-03, KEe, 18711.249793, MEe, 3.118541632e+00, E, -2.000000, NP, 6000 2000
66200, t, 3.635319e-03, KEe, 18763.135559, MEe, 3.127189260e+00, E, -2.000000, NP, 6000 2000
66300, t, 3.640811e-03, KEe, 18793.329082, MEe, 3.132221514e+00, E, -2.000000, NP, 6000 2000
66400, t, 3.646302e-03, KEe, 18730.809023, MEe, 3.121801504e+00, E, -2.000000, NP, 6000 2000
66500, t, 3.651793e-03, KEe, 18717.773833, MEe, 3.119628972e+00, E, -2.000000, NP, 6000 2000
66600, t, 3.657285e-03, KEe, 18725.630665, MEe, 3.120938444e+00, E, -2.000000, NP, 6000 2000
66700, t, 3.662776e-03, KEe, 18729.469894, MEe, 3.121578316e+00, E, -2.000000, NP, 6000 2000
66800, t, 3.668268e-03, KEe, 18752.348879, MEe, 3.125391480e+00, E, -2.000000, NP, 6000 2000
66900, t, 3.673759e-03, KEe, 18789.443882, MEe, 3.131573980e+00, E, -2.000000, NP, 6000 2000
67000, t, 3.679250e-03, KEe, 18728.971707, MEe, 3.121495284e+00, E, -2.000000, NP, 6000 2000
67100, t, 3.684742e-03, KEe, 18740.894319, MEe, 3.123482386e+00, E, -2.000000, NP, 6000 2000
67200, t, 3.690233e-03, KEe, 18799.224519, MEe, 3.133204087e+00, E, -2.000000, NP, 6000 2000
67300, t, 3.695725e-03, KEe, 18834.075850, MEe, 3.139012642e+00, E, -2.000000, NP, 6000 2000
67400, t, 3.701216e-03, KEe, 18813.615079, MEe, 3.135602513e+00, E, -2.000000, NP, 6000 2000
67500, t, 3.706708e-03, KEe, 18826.712383, MEe, 3.137785397e+00, E, -2.000000, NP, 6000 2000
67600, t, 3.712199e-03, KEe, 18899.381396, MEe, 3.149896899e+00, E, -2.000000, NP, 6000 2000
67700, t, 3.717690e-03, KEe, 18836.322615, MEe, 3.139387102e+00, E, -2.000000, NP, 6000 2000
67800, t, 3.723182e-03, KEe, 18866.934110, MEe, 3.144489018e+00, E, -2.000000, NP, 6000 2000
67900, t, 3.728673e-03, KEe, 18864.501551, MEe, 3.144083592e+00, E, -2.000000, NP, 6000 2000
68000, t, 3.734165e-03, KEe, 18843.028355, MEe, 3.140504726e+00, E, -2.000000, NP, 6000 2000
68100, t, 3.739656e-03, KEe, 18957.542438, MEe, 3.159590406e+00, E, -2.000000, NP, 6000 2000
68200, t, 3.745147e-03, KEe, 18846.930944, MEe, 3.141155157e+00, E, -2.000000, NP, 6000 2000
68300, t, 3.750639e-03, KEe, 18923.006345, MEe, 3.153834391e+00, E, -2.000000, NP, 6000 2000
68400, t, 3.756130e-03, KEe, 19020.222160, MEe, 3.170037027e+00, E, -2.000000, NP, 6000 2000
68500, t, 3.761622e-03, KEe, 18997.551979, MEe, 3.166258663e+00, E, -2.000000, NP, 6000 2000
68600, t, 3.767113e-03, KEe, 18991.402847, MEe, 3.165233808e+00, E, -2.000000, NP, 6000 2000
68700, t, 3.772605e-03, KEe, 18985.625610, MEe, 3.164270935e+00, E, -2.000000, NP, 6000 2000
68800, t, 3.778096e-03, KEe, 19011.826437, MEe, 3.168637740e+00, E, -2.000000, NP, 6000 2000
68900, t, 3.783587e-03, KEe, 18927.080186, MEe, 3.154513364e+00, E, -2.000000, NP, 6000 2000
69000, t, 3.789079e-03, KEe, 18925.244191, MEe, 3.154207365e+00, E, -2.000000, NP, 6000 2000
69100, t, 3.794570e-03, KEe, 18955.800840, MEe, 3.159300140e+00, E, -2.000000, NP, 6000 2000
69200, t, 3.800062e-03, KEe, 18827.310867, MEe, 3.137885144e+00, E, -2.000000, NP, 6000 2000
69300, t, 3.805553e-03, KEe, 18869.482209, MEe, 3.144913702e+00, E, -2.000000, NP, 6000 2000
69400, t, 3.811045e-03, KEe, 18813.062244, MEe, 3.135510374e+00, E, -2.000000, NP, 6000 2000
69500, t, 3.816536e-03, KEe, 18730.524529, MEe, 3.121754088e+00, E, -2.000000, NP, 6000 2000
69600, t, 3.822027e-03, KEe, 18618.535559, MEe, 3.103089260e+00, E, -2.000000, NP, 6000 2000
69700, t, 3.827519e-03, KEe, 18576.274223, MEe, 3.096045704e+00, E, -2.000000, NP, 6000 2000
69800, t, 3.833010e-03, KEe, 18547.440726, MEe, 3.091240121e+00, E, -2.000000, NP, 6000 2000
69900, t, 3.838502e-03, KEe, 18496.550548, MEe, 3.082758425e+00, E, -2.000000, NP, 6000 2000
70000, t, 3.843993e-03, KEe, 18585.662503, MEe, 3.097610417e+00, E, -2.000000, NP, 6000 2000
70100, t, 3.849484e-03, KEe, 18559.128654, MEe, 3.093188109e+00, E, -2.000000, NP, 6000 2000
70200, t, 3.854976e-03, KEe, 18516.479764, MEe, 3.086079961e+00, E, -2.000000, NP, 6000 2000
70300, t, 3.860467e-03, KEe, 18531.650870, MEe, 3.088608478e+00, E, -2.000000, NP, 6000 2000
70400, t, 3.865959e-03, KEe, 18653.850352, MEe, 3.108975059e+00, E, -2.000000, NP, 6000 2000
70500, t, 3.871450e-03, KEe, 18739.567925, MEe, 3.123261321e+00, E, -2.000000, NP, 6000 2000
70600, t, 3.876942e-03, KEe, 18768.367326, MEe, 3.128061221e+00, E, -2.000000, NP, 6000 2000
70700, t, 3.882433e-03, KEe, 18764.777726, MEe, 3.127462954e+00, E, -2.000000, NP, 6000 2000
70800, t, 3.887924e-03, KEe, 18760.438113, MEe, 3.126739686e+00, E, -2.000000, NP, 6000 2000
70900, t, 3.893416e-03, KEe, 18746.994326, MEe, 3.124499054e+00, E, -2.000000, NP, 6000 2000
71000, t, 3.898907e-03, KEe, 18804.226071, MEe, 3.134037679e+00, E, -2.000000, NP, 6000 2000
71100, t, 3.904399e-03, KEe, 18720.512797, MEe, 3.120085466e+00, E, -2.000000, NP, 6000 2000
71200, t, 3.909890e-03, KEe, 18737.269236, MEe, 3.122878206e+00, E, -2.000000, NP, 6000 2000
71300, t, 3.915381e-03, KEe, 18708.574894, MEe, 3.118095816e+00, E, -2.000000, NP, 6000 2000
71400, t, 3.920873e-03, KEe, 18807.245260, MEe, 3.134540877e+00, E, -2.000000, NP, 6000 2000
71500, t, 3.926364e-03, KEe, 18748.699380, MEe, 3.124783230e+00, E, -2.000000, NP, 6000 2000
71600, t, 3.931856e-03, KEe, 18739.128689, MEe, 3.123188115e+00, E, -2.000000, NP, 6000 2000
71700, t, 3.937347e-03, KEe, 18739.230943, MEe, 3.123205157e+00, E, -2.000000, NP, 6000 2000
71800, t, 3.942839e-03, KEe, 18675.068403, MEe, 3.112511400e+00, E, -2.000000, NP, 6000 2000
71900, t, 3.948330e-03, KEe, 18678.635683, MEe, 3.113105947e+00, E, -2.000000, NP, 6000 2000
72000, t, 3.953821e-03, KEe, 18634.412591, MEe, 3.105735432e+00, E, -2.000000, NP, 6000 2000
72100, t, 3.959313e-03, KEe, 18621.655780, MEe, 3.103609297e+00, E, -2.000000, NP, 6000 2000
72200, t, 3.964804e-03, KEe, 18526.796340, MEe, 3.087799390e+00, E, -2.000000, NP, 6000 2000
72300, t, 3.970296e-03, KEe, 18546.673464, MEe, 3.091112244e+00, E, -2.000000, NP, 6000 2000
72400, t, 3.975787e-03, KEe, 18594.184328, MEe, 3.099030721e+00, E, -2.000000, NP, 6000 2000
72500, t, 3.981278e-03, KEe, 18573.093902, MEe, 3.095515650e+00, E, -2.000000, NP, 6000 2000
72600, t, 3.986770e-03, KEe, 18546.416672, MEe, 3.091069445e+00, E, -2.000000, NP, 6000 2000
72700, t, 3.992261e-03, KEe, 18690.705680, MEe, 3.115117613e+00, E, -2.000000, NP, 6000 2000
72800, t, 3.997753e-03, KEe, 18646.647194, MEe, 3.107774532e+00, E, -2.000000, NP, 6000 2000
72900, t, 4.003244e-03, KEe, 18568.939809, MEe, 3.094823301e+00, E, -2.000000, NP, 6000 2000
73000, t, 4.008736e-03, KEe, 18676.875426, MEe, 3.112812571e+00, E, -2.000000, NP, 6000 2000
73100, t, 4.014227e-03, KEe, 18680.578601, MEe, 3.113429767e+00, E, -2.000000, NP, 6000 2000
73200, t, 4.019718e-03, KEe, 18689.929919, MEe, 3.114988320e+00, E, -2.000000, NP, 6000 2000
73300, t, 4.025210e-03, KEe, 18764.425888, MEe, 3.127404315e+00, E, -2.000000, NP, 6000 2000
73400, t, 4.030701e-03, KEe, 18724.902596, MEe, 3.120817099e+00, E, -2.000000, NP, 6000 2000
73500, t, 4.036193e-03, KEe, 18811.279250, MEe, 3.135213208e+00, E, -2.000000, NP, 6000 2000
73600, t, 4.041684e-03, KEe, 18808.557975, MEe, 3.134759663e+00, E, -2.000000, NP, 6000 2000
73700, t, 4.047176e-03, KEe, 18742.366718, MEe, 3.123727786e+00, E, -2.000000, NP, 6000 2000
73800, t, 4.052667e-03, KEe, 18726.924511, MEe, 3.121154085e+00, E, -2.000000, NP, 6000 2000
73900, t, 4.058158e-03, KEe, 18743.160220, MEe, 3.123860037e+00, E, -2.000000, NP, 6000 2000
74000, t, 4.063650e-03, KEe, 18698.050471, MEe, 3.116341745e+00, E, -2.000000, NP, 6000 2000
74100, t, 4.069141e-03, KEe, 18738.548761, MEe, 3.123091460e+00, E, -2.000000, NP, 6000 2000
74200, t, 4.074633e-03, KEe, 18651.950320, MEe, 3.108658387e+00, E, -2.000000, NP, 6000 2000
74300, t, 4.080124e-03, KEe, 18719.361236, MEe, 3.119893539e+00, E, -2.000000, NP, 6000 2000
74400, t, 4.085615e-03, KEe, 18701.811557, MEe, 3.116968593e+00, E, -2.000000, NP, 6000 2000
74500, t, 4.091107e-03, KEe, 18822.015613, MEe, 3.137002602e+00, E, -2.000000, NP, 6000 2000
74600, t, 4.096598e-03, KEe, 18794.268907, MEe, 3.132378151e+00, E, -2.000000, NP, 6000 2000
74700, t, 4.102090e-03, KEe, 18869.437450, MEe, 3.144906242e+00, E, -2.000000, NP, 6000 2000
74800, t, 4.107581e-03, KEe, 18811.612835, MEe, 3.135268806e+00, E, -2.000000, NP, 6000 2000
74900, t, 4.113073e-03, KEe, 18930.014156, MEe, 3.155002359e+00, E, -2.000000, NP, 6000 2000
75000, t, 4.118564e-03, KEe, 18971.435490, MEe, 3.161905915e+00, E, -2.000000, NP, 6000 2000
75100, t, 4.124055e-03, KEe, 18912.743477, MEe, 3.152123913e+00, E, -2.000000, NP, 6000 2000
75200, t, 4.129547e-03, KEe, 18867.402542, MEe, 3.144567090e+00, E, -2.000000, NP, 6000 2000
75300, t, 4.135038e-03, KEe, 18818.799685, MEe, 3.136466614e+00, E, -2.000000, NP, 6000 2000
75400, t, 4.140530e-03, KEe, 18814.841461, MEe, 3.135806910e+00, E, -2.000000, NP, 6000 2000
75500, t, 4.146021e-03, KEe, 18812.204146, MEe, 3.135367358e+00, E, -2.000000, NP, 6000 2000
75600, t, 4.151512e-03, KEe, 18827.399057, MEe, 3.137899843e+00, E, -2.000000, NP, 6000 2000
75700, t, 4.157004e-03, KEe, 18810.928633, MEe, 3.135154772e+00, E, -2.000000, NP, 6000 2000
75800, t, 4.162495e-03, KEe, 18833.188887, MEe, 3.138864815e+00, E, -2.000000, NP, 6000 2000
75900, t, 4.167987e-03, KEe, 18769.879160, MEe, 3.128313193e+00, E, -2.000000, NP, 6000 2000
76000, t, 4.173478e-03, KEe, 18709.391108, MEe, 3.118231851e+00, E, -2.000000, NP, 6000 2000
76100, t, 4.178970e-03, KEe, 18705.626391, MEe, 3.117604398e+00, E, -2.000000, NP, 6000 2000
76200, t, 4.184461e-03, KEe, 18695.770187, MEe, 3.115961698e+00, E, -2.000000, NP, 6000 2000
76300, t, 4.189952e-03, KEe, 18775.782789, MEe, 3.129297132e+00, E, -2.000000, NP, 6000 2000
76400, t, 4.195444e-03, KEe, 18806.945813, MEe, 3.134490969e+00, E, -2.000000, NP, 6000 2000
76500, t, 4.200935e-03, KEe, 18756.074818, MEe, 3.126012470e+00, E, -2.000000, NP, 6000 2000
76600, t, 4.206427e-03, KEe, 18731.147766, MEe, 3.121857961e+00, E, -2.000000, NP, 6000 2000
76700, t, 4.211918e-03, KEe, 18741.135108, MEe, 3.123522518e+00, E, -2.000000, NP, 6000 2000
76800, t, 4.217409e-03, KEe, 18783.888123, MEe, 3.130648020e+00, E, -2.000000, NP, 6000 2000
76900, t, 4.222901e-03, KEe, 18684.517534, MEe, 3.114086256e+00, E, -2.000000, NP, 6000 2000
77000, t, 4.228392e-03, KEe, 18718.323585, MEe, 3.119720598e+00, E, -2.000000, NP, 6000 2000
77100, t, 4.233884e-03, KEe, 18577.612514, MEe, 3.096268752e+00, E, -2.000000, NP, 6000 2000
77200, t, 4.239375e-03, KEe, 18611.832870, MEe, 3.101972145e+00, E, -2.000000, NP, 6000 2000
77300, t, 4.244867e-03, KEe, 18544.690459, MEe, 3.090781743e+00, E, -2.000000, NP, 6000 2000
77400, t, 4.250358e-03, KEe, 18620.532900, MEe, 3.103422150e+00, E, -2.000000, NP, 6000 2000
77500, t, 4.255849e-03, KEe, 18620.118991, MEe, 3.103353165e+00, E, -2.000000, NP, 6000 2000
77600, t, 4.261341e-03, KEe, 18631.791134, MEe, 3.105298522e+00, E, -2.000000, NP, 6000 2000
77700, t, 4.266832e-03, KEe, 18569.710450, MEe, 3.094951742e+00, E, -2.000000, NP, 6000 2000
77800, t, 4.272324e-03, KEe, 18588.175294, MEe, 3.098029216e+00, E, -2.000000, NP, 6000 2000
77900, t, 4.277815e-03, KEe, 18550.134187, MEe, 3.091689031e+00, E, -2.000000, NP, 6000 2000
78000, t, 4.283307e-03, KEe, 18499.771386, MEe, 3.083295231e+00, E, -2.000000, NP, 6000 2000
78100, t, 4.288798e-03, KEe, 18527.620877, MEe, 3.087936813e+00, E, -2.000000, NP, 6000 2000
78200, t, 4.294289e-03, KEe, 18564.351152, MEe, 3.094058525e+00, E, -2.000000, NP, 6000 2000
78300, t, 4.299781e-03, KEe, 18576.551443, MEe, 3.096091907e+00, E, -2.000000, NP, 6000 2000
78400, t, 4.305272e-03, KEe, 18654.560285, MEe, 3.109093381e+00, E, -2.000000, NP, 6000 2000
78500, t, 4.310764e-03, KEe, 18626.302806, MEe, 3.104383801e+00, E, -2.000000, NP, 6000 2000
78600, t, 4.316255e-03, KEe, 18646.953308, MEe, 3.107825551e+00, E, -2.000000, NP, 6000 2000
78700, t, 4.321746e-03, KEe, 18700.370818, MEe, 3.116728470e+00, E, -2.000000, NP, 6000 2000
78800, t, 4.327238e-03, KEe, 18647.555352, MEe, 3.107925892e+00, E, -2.000000, NP, 6000 2000
78900, t, 4.332729e-03, KEe, 18660.986646, MEe, 3.110164441e+00, E, -2.000000, NP, 6000 2000
79000, t, 4.338221e-03, KEe, 18663.104154, MEe, 3.110517359e+00, E, -2.000000, NP, 6000 2000
79100, t, 4.343712e-03, KEe, 18595.353975, MEe, 3.099225662e+00, E, -2.000000, NP, 6000 2000
79200, t, 4.349204e-03, KEe, 18616.575696, MEe, 3.102762616e+00, E, -2.000000, NP, 6000 2000
79300, t, 4.354695e-03, KEe, 18682.691314, MEe, 3.113781886e+00, E, -2.000000, NP, 6000 2000
79400, t, 4.360186e-03, KEe, 18751.601124, MEe, 3.125266854e+00, E, -2.000000, NP, 6000 2000
79500, t, 4.365678e-03, KEe, 18693.134399, MEe, 3.115522400e+00, E, -2.000000, NP, 6000 2000
79600, t, 4.371169e-03, KEe, 18688.732246, MEe, 3.114788708e+00, E, -2.000000, NP, 6000 2000
79700, t, 4.376661e-03, KEe, 18743.944568, MEe, 3.123990761e+00, E, -2.000000, NP, 6000 2000
79800, t, 4.382152e-03, KEe, 18692.389818, MEe, 3.115398303e+00, E, -2.000000, NP, 6000 2000
79900, t, 4.387643e-03, KEe, 18749.576697, MEe, 3.124929450e+00, E, -2.000000, NP, 6000 2000
80000, t, 4.393135e-03, KEe, 18683.765784, MEe, 3.113960964e+00, E, -2.000000, NP, 6000 2000
80100, t, 4.398626e-03, KEe, 18756.347807, MEe, 3.126057968e+00, E, -2.000000, NP, 6000 2000
80200, t, 4.404118e-03, KEe, 18724.330402, MEe, 3.120721734e+00, E, -2.000000, NP, 6000 2000
80300, t, 4.409609e-03, KEe, 18838.106602, MEe, 3.139684434e+00, E, -2.000000, NP, 6000 2000
80400, t, 4.415101e-03, KEe, 18792.067651, MEe, 3.132011275e+00, E, -2.000000, NP, 6000 2000
80500, t, 4.420592e-03, KEe, 18731.650117, MEe, 3.121941686e+00, E, -2.000000, NP, 6000 2000
80600, t, 4.426083e-03, KEe, 18720.026112, MEe, 3.120004352e+00, E, -2.000000, NP, 6000 2000
80700, t, 4.431575e-03, KEe, 18801.123666, MEe, 3.133520611e+00, E, -2.000000, NP, 6000 2000
80800, t, 4.437066e-03, KEe, 18853.017171, MEe, 3.142169529e+00, E, -2.000000, NP, 6000 2000
80900, t, 4.442558e-03, KEe, 18867.807805, MEe, 3.144634634e+00, E, -2.000000, NP, 6000 2000
81000, t, 4.448049e-03, KEe, 18809.241882, MEe, 3.134873647e+00, E, -2.000000, NP, 6000 2000
81100, t, 4.453540e-03, KEe, 18809.666307, MEe, 3.134944385e+00, E, -2.000000, NP, 6000 2000
81200, t, 4.459032e-03, KEe, 18784.572556, MEe, 3.130762093e+00, E, -2.000000, NP, 6000 2000
81300, t, 4.464523e-03, KEe, 18774.053960, MEe, 3.129008993e+00, E, -2.000000, NP, 6000 2000
81400, t, 4.470015e-03, KEe, 18763.796959, MEe, 3.127299493e+00, E, -2.000000, NP, 6000 2000
81500, t, 4.475506e-03, KEe, 18736.391494, MEe, 3.122731916e+00, E, -2.000000, NP, 6000 2000
81600, t, 4.480998e-03, KEe, 18692.534681, MEe, 3.115422447e+00, E, -2.000000, NP, 6000 2000
81700, t, 4.486489e-03, KEe, 18699.488624, MEe, 3.116581437e+00, E, -2.000000, NP, 6000 2000
81800, t, 4.491980e-03, KEe, 18761.874458, MEe, 3.126979076e+00, E, -2.000000, NP, 6000 2000
81900, t, 4.497472e-03, KEe, 18840.242950, MEe, 3.140040492e+00, E, -2.000000, NP, 6000 2000
82000, t, 4.502963e-03, KEe, 18899.853018, MEe, 3.149975503e+00, E, -2.000000, NP, 6000 2000
82100, t, 4.508455e-03, KEe, 18862.083407, MEe, 3.143680568e+00, E, -2.000000, NP, 6000 2000
82200, t, 4.513946e-03, KEe, 18851.218833, MEe, 3.141869806e+00, E, -2.000000, NP, 6000 2000
82300, t, 4.519437e-03, KEe, 18782.470812, MEe, 3.130411802e+00, E, -2.000000, NP, 6000 2000
82400, t, 4.524929e-03, KEe, 18735.400770, MEe, 3.122566795e+00, E, -2.000000, NP, 6000 2000
82500, t, 4.530420e-03, KEe, 18714.813368, MEe, 3.119135561e+00, E, -2.000000, NP, 6000 2000
82600, t, 4.535912e-03, KEe, 18775.071483, MEe, 3.129178581e+00, E, -2.000000, NP, 6000 2000
82700, t, 4.541403e-03, KEe, 18824.963384, MEe, 3.137493897e+00, E, -2.000000, NP, 6000 2000
82800, t, 4.546895e-03, KEe, 18850.441182, MEe, 3.141740197e+00, E, -2.000000, NP, 6000 2000
82900, t, 4.552386e-03, KEe, 18902.588473, MEe, 3.150431412e+00, E, -2.000000, NP, 6000 2000
83000, t, 4.557877e-03, KEe, 18892.493468, MEe, 3.148748911e+00, E, -2.000000, NP, 6000 2000
83100, t, 4.563369e-03, KEe, 18866.755392, MEe, 3.144459232e+00, E, -2.000000, NP, 6000 2000
83200, t, 4.568860e-03, KEe, 18847.913431, MEe, 3.141318905e+00, E, -2.000000, NP, 6000 2000
83300, t, 4.574352e-03, KEe, 18852.455507, MEe, 3.142075918e+00, E, -2.000000, NP, 6000 2000
83400, t, 4.579843e-03, KEe, 18900.334040, MEe, 3.150055673e+00, E, -2.000000, NP, 6000 2000
83500, t, 4.585335e-03, KEe, 18830.434574, MEe, 3.138405762e+00, E, -2.000000, NP, 6000 2000
83600, t, 4.590826e-03, KEe, 18832.096040, MEe, 3.138682673e+00, E, -2.000000, NP, 6000 2000
83700, t, 4.596317e-03, KEe, 18779.234573, MEe, 3.129872429e+00, E, -2.000000, NP, 6000 2000
83800, t, 4.601809e-03, KEe, 18809.276208, MEe, 3.134879368e+00, E, -2.000000, NP, 6000 2000
83900, t, 4.607300e-03, KEe, 18730.083722, MEe, 3.121680620e+00, E, -2.000000, NP, 6000 2000
84000, t, 4.612792e-03, KEe, 18720.741911, MEe, 3.120123652e+00, E, -2.000000, NP, 6000 2000
84100, t, 4.618283e-03, KEe, 18766.571483, MEe, 3.127761914e+00, E, -2.000000, NP, 6000 2000
84200, t, 4.623774e-03, KEe, 18764.474336, MEe, 3.127412389e+00, E, -2.000000, NP, 6000 2000
84300, t, 4.629266e-03, KEe, 18791.382658, MEe, 3.131897110e+00, E, -2.000000, NP, 6000 2000
84400, t, 4.634757e-03, KEe, 18732.612998, MEe, 3.122102166e+00, E, -2.000000, NP, 6000 2000
84500, t, 4.640249e-03, KEe, 18781.998272, MEe, 3.130333045e+00, E, -2.000000, NP, 6000 2000
84600, t, 4.645740e-03, KEe, 18763.596843, MEe, 3.127266141e+00, E, -2.000000, NP, 6000 2000
84700, t, 4.651232e-03, KEe, 18790.677438, MEe, 3.131779573e+00, E, -2.000000, NP, 6000 2000
84800, t, 4.656723e-03, KEe, 18856.098269, MEe, 3.142683045e+00, E, -2.000000, NP, 6000 2000
84900, t, 4.662214e-03, KEe, 18799.409448, MEe, 3.133234908e+00, E, -2.000000, NP, 6000 2000
85000, t, 4.667706e-03, KEe, 18778.124301, MEe, 3.129687384e+00, E, -2.000000, NP, 6000 2000
85100, t, 4.673197e-03, KEe, 18777.311470, MEe, 3.129551912e+00, E, -2.000000, NP, 6000 2000
85200, t, 4.678689e-03, KEe, 18854.127726, MEe, 3.142354621e+00, E, -2.000000, NP, 6000 2000
85300, t, 4.684180e-03, KEe, 18800.209374, MEe, 3.133368229e+00, E, -2.000000, NP, 6000 2000
85400, t, 4.689671e-03, KEe, 18736.234882, MEe, 3.122705814e+00, E, -2.000000, NP, 6000 2000
85500, t, 4.695163e-03, KEe, 18694.367936, MEe, 3.115727989e+00, E, -2.000000, NP, 6000 2000
85600, t, 4.700654e-03, KEe, 18765.097500, MEe, 3.127516250e+00, E, -2.000000, NP, 6000 2000
85700, t, 4.706146e-03, KEe, 18719.512082, MEe, 3.119918680e+00, E, -2.000000, NP, 6000 2000
85800, t, 4.711637e-03, KEe, 18757.624782, MEe, 3.126270797e+00, E, -2.000000, NP, 6000 2000
85900, t, 4.717129e-03, KEe, 18703.376846, MEe, 3.117229474e+00, E, -2.000000, NP, 6000 2000
86000, t, 4.722620e-03, KEe, 18688.999131, MEe, 3.114833189e+00, E, -2.000000, NP, 6000 2000
86100, t, 4.728111e-03, KEe, 18607.159851, MEe, 3.101193308e+00, E, -2.000000, NP, 6000 2000
86200, t, 4.733603e-03, KEe, 18662.260185, MEe, 3.110376697e+00, E, -2.000000, NP, 6000 2000
86300, t, 4.739094e-03, KEe, 18688.534988, MEe, 3.114755831e+00, E, -2.000000, NP, 6000 2000
86400, t, 4.744586e-03, KEe, 18708.808564, MEe, 3.118134761e+00, E, -2.000000, NP, 6000 2000
86500, t, 4.750077e-03, KEe, 18701.500607, MEe, 3.116916768e+00, E, -2.000000, NP, 6000 2000
86600, t, 4.755568e-03, KEe, 18615.440504, MEe, 3.102573417e+00, E, -2.000000, NP, 6000 2000
86700, t, 4.761060e-03, KEe, 18536.154318, MEe, 3.089359053e+00, E, -2.000000, NP, 6000 2000
86800, t, 4.766551e-03, KEe, 18488.386838, MEe, 3.081397806e+00, E, -2.000000, NP, 6000 2000
86900, t, 4.772043e-03, KEe, 18624.069860, MEe, 3.104011643e+00, E, -2.000000, NP, 6000 2000
87000, t, 4.777534e-03, KEe, 18652.902998, MEe, 3.108817166e+00, E, -2.000000, NP, 6000 2000
87100, t, 4.783026e-03, KEe, 18628.778440, MEe, 3.104796407e+00, E, -2.000000, NP, 6000 2000
87200, t, 4.788517e-03, KEe, 18647.798071, MEe, 3.107966345e+00, E, -2.000000, NP, 6000 2000
87300, t, 4.794008e-03, KEe, 18693.937072, MEe, 3.115656179e+00, E, -2.000000, NP, 6000 2000
87400, t, 4.799500e-03, KEe, 18701.836813, MEe, 3.116972802e+00, E, -2.000000, NP, 6000 2000
87500, t, 4.804991e-03, KEe, 18736.087881, MEe, 3.122681314e+00, E, -2.000000, NP, 6000 2000
87600, t, 4.810483e-03, KEe, 18820.771155, MEe, 3.136795193e+00, E, -2.000000, NP, 6000 2000
87700, t, 4.815974e-03, KEe, 18854.097395, MEe, 3.142349566e+00, E, -2.000000, NP, 6000 2000
87800, t, 4.821466e-03, KEe, 18922.871843, MEe, 3.153811974e+00, E, -2.000000, NP, 6000 2000
87900, t, 4.826957e-03, KEe, 18916.790203, MEe, 3.152798367e+00, E, -2.000000, NP, 6000 2000
88000, t, 4.832448e-03, KEe, 18864.425796, MEe, 3.144070966e+00, E, -2.000000, NP, 6000 2000
88100, t, 4.837940e-03, KEe, 18780.813880, MEe, 3.130135647e+00, E, -2.000000, NP, 6000 2000
88200, t, 4.843431e-03, KEe, 18799.200338, MEe, 3.133200056e+00, E, -2.000000, NP, 6000 2000
88300, t, 4.848923e-03, KEe, 18893.564739, MEe, 3.148927457e+00, E, -2.000000, NP, 6000 2000
88400, t, 4.854414e-03, KEe, 18948.870942, MEe, 3.158145157e+00, E, -2.000000, NP, 6000 2000
88500, t, 4.859905e-03, KEe, 18920.153743, MEe, 3.153358957e+00, E, -2.000000, NP, 6000 2000
88600, t, 4.865397e-03, KEe, 18889.308839, MEe, 3.148218140e+00, E, -2.000000, NP, 6000 2000
88700, t, 4.870888e-03, KEe, 18860.595570, MEe, 3.143432595e+00, E, -2.000000, NP, 6000 2000
88800, t, 4.876380e-03, KEe, 18817.463881, MEe, 3.136243980e+00, E, -2.000000, NP, 6000 2000
88900, t, 4.881871e-03, KEe, 18854.457460, MEe, 3.142409577e+00, E, -2.000000, NP, 6000 2000
89000, t, 4.887363e-03, KEe, 18915.972637, MEe, 3.152662106e+00, E, -2.000000, NP, 6000 2000
89100, t, 4.892854e-03, KEe, 18911.775231, MEe, 3.151962539e+00, E, -2.000000, NP, 6000 2000
89200, t, 4.898345e-03, KEe, 18879.300268, MEe, 3.146550045e+00, E, -2.000000, NP, 6000 2000
89300, t, 4.903837e-03, KEe, 18804.348646, MEe, 3.134058108e+00, E, -2.000000, NP, 6000 2000
89400, t, 4.909328e-03, KEe, 18772.992334, MEe, 3.128832056e+00, E, -2.000000, NP, 6000 2000
89500, t, 4.914820e-03, KEe, 18831.137783, MEe, 3.138522964e+00, E, -2.000000, NP, 6000 2000
89600, t, 4.920311e-03, KEe, 18857.013214, MEe, 3.142835536e+00, E, -2.000000, NP, 6000 2000
89700, t, 4.925802e-03, KEe, 18741.136684, MEe, 3.123522781e+00, E, -2.000000, NP, 6000 2000
89800, t, 4.931294e-03, KEe, 18769.871504, MEe, 3.128311917e+00, E, -2.000000, NP, 6000 2000
89900, t, 4.936785e-03, KEe, 18839.669623, MEe, 3.139944937e+00, E, -2.000000, NP, 6000 2000
90000, t, 4.942277e-03, KEe, 18865.039346, MEe, 3.144173224e+00, E, -2.000000, NP, 6000 2000
90100, t, 4.947768e-03, KEe, 18921.804948, MEe, 3.153634158e+00, E, -2.000000, NP, 6000 2000
90200, t, 4.953260e-03, KEe, 19013.091678, MEe, 3.168848613e+00, E, -2.000000, NP, 6000 2000
90300, t, 4.958751e-03, KEe, 19000.449377, MEe, 3.166741563e+00, E, -2.000000, NP, 6000 2000
90400, t, 4.964242e-03, KEe, 18975.159218, MEe, 3.162526536e+00, E, -2.000000, NP, 6000 2000
90500, t, 4.969734e-03, KEe, 19003.972066, MEe, 3.167328678e+00, E, -2.000000, NP, 6000 2000
90600, t, 4.975225e-03, KEe, 18963.734627, MEe, 3.160622438e+00, E, -2.000000, NP, 6000 2000
90700, t, 4.980717e-03, KEe, 18965.345618, MEe, 3.160890936e+00, E, -2.000000, NP, 6000 2000
90800, t, 4.986208e-03, KEe, 18961.301743, MEe, 3.160216957e+00, E, -2.000000, NP, 6000 2000
90900, t, 4.991699e-03, KEe, 18858.944650, MEe, 3.143157442e+00, E, -2.000000, NP, 6000 2000
91000, t, 4.997191e-03, KEe, 18822.906992, MEe, 3.137151165e+00, E, -2.000000, NP, 6000 2000
91100, t, 5.002682e-03, KEe, 18880.532248, MEe, 3.146755375e+00, E, -2.000000, NP, 6000 2000
91200, t, 5.008174e-03, KEe, 18853.614166, MEe, 3.142269028e+00, E, -2.000000, NP, 6000 2000
91300, t, 5.013665e-03, KEe, 18872.351135, MEe, 3.145391856e+00, E, -2.000000, NP, 6000 2000
91400, t, 5.019157e-03, KEe, 18875.492871, MEe, 3.145915479e+00, E, -2.000000, NP, 6000 2000
91500, t, 5.024648e-03, KEe, 18939.354822, MEe, 3.156559137e+00, E, -2.000000, NP, 6000 2000
91600, t, 5.030139e-03, KEe, 18910.522131, MEe, 3.151753689e+00, E, -2.000000, NP, 6000 2000
91700, t, 5.035631e-03, KEe, 19005.918445, MEe, 3.167653074e+00, E, -2.000000, NP, 6000 2000
91800, t, 5.041122e-03, KEe, 18990.299560, MEe, 3.165049927e+00, E, -2.000000, NP, 6000 2000
91900, t, 5.046614e-03, KEe, 18996.082722, MEe, 3.166013787e+00, E, -2.000000, NP, 6000 2000
92000, t, 5.052105e-03, KEe, 19001.801927, MEe, 3.166966988e+00, E, -2.000000, NP, 6000 2000
92100, t, 5.057597e-03, KEe, 19009.741117, MEe, 3.168290186e+00, E, -2.000000, NP, 6000 2000
92200, t, 5.063088e-03, KEe, 18944.486872, MEe, 3.157414479e+00, E, -2.000000, NP, 6000 2000
92300, t, 5.068579e-03, KEe, 18986.377159, MEe, 3.164396193e+00, E, -2.000000, NP, 6000 2000
92400, t, 5.074071e-03, KEe, 18976.122328, MEe, 3.162687055e+00, E, -2.000000, NP, 6000 2000
92500, t, 5.079562e-03, KEe, 19013.982240, MEe, 3.168997040e+00, E, -2.000000, NP, 6000 2000
92600, t, 5.085054e-03, KEe, 18990.187472, MEe, 3.165031245e+00, E, -2.000000, NP, 6000 2000
92700, t, 5.090545e-03, KEe, 19005.152529, MEe, 3.167525421e+00, E, -2.000000, NP, 6000 2000
92800, t, 5.096036e-03, KEe, 19072.234333, MEe, 3.178705722e+00, E, -2.000000, NP, 6000 2000
92900, t, 5.101528e-03, KEe, 19077.245367, MEe, 3.179540894e+00, E, -2.000000, NP, 6000 2000
93000, t, 5.107019e-03, KEe, 19037.290008, MEe, 3.172881668e+00, E, -2.000000, NP, 6000 2000
93100, t, 5.112511e-03, KEe, 18892.613651, MEe, 3.148768942e+00, E, -2.000000, NP, 6000 2000
93200, t, 5.118002e-03, KEe, 18886.234140, MEe, 3.147705690e+00, E, -2.000000, NP, 6000 2000
93300, t, 5.123494e-03, KEe, 18887.337102, MEe, 3.147889517e+00, E, -2.000000, NP, 6000 2000
93400, t, 5.128985e-03, KEe, 18890.895041, MEe, 3.148482507e+00, E, -2.000000, NP, 6000 2000
93500, t, 5.134476e-03, KEe, 18933.507430, MEe, 3.155584572e+00, E, -2.000000, NP, 6000 2000
93600, t, 5.139968e-03, KEe, 18923.788510, MEe, 3.153964752e+00, E, -2.000000, NP, 6000 2000
93700, t, 5.145459e-03, KEe, 18879.527939, MEe, 3.146587990e+00, E, -2.000000, NP, 6000 2000
93800, t, 5.150951e-03, KEe, 18809.428914, MEe, 3.134904819e+00, E, -2.000000, NP, 6000 2000
93900, t, 5.156442e-03, KEe, 18669.063652, MEe, 3.111510609e+00, E, -2.000000, NP, 6000 2000
94000, t, 5.161933e-03, KEe, 18680.842691, MEe, 3.113473782e+00, E, -2.000000, NP, 6000 2000
94100, t, 5.167425e-03, KEe, 18716.987649, MEe, 3.119497941e+00, E, -2.000000, NP, 6000 2000
94200, t, 5.172916e-03, KEe, 18842.823004, MEe, 3.140470501e+00, E, -2.000000, NP, 6000 2000
94300, t, 5.178408e-03, KEe, 18828.806182, MEe, 3.138134364e+00, E, -2.000000, NP, 6000 2000
94400, t, 5.183899e-03, KEe, 18713.935932, MEe, 3.118989322e+00, E, -2.000000, NP, 6000 2000
94500, t, 5.189391e-03, KEe, 18663.816832, MEe, 3.110636139e+00, E, -2.000000, NP, 6000 2000
94600, t, 5.194882e-03, KEe, 18633.451121, MEe, 3.105575187e+00, E, -2.000000, NP, 6000 2000
94700, t, 5.200373e-03, KEe, 18653.956815, MEe, 3.108992803e+00, E, -2.000000, NP, 6000 2000
94800, t, 5.205865e-03, KEe, 18580.698619, MEe, 3.096783103e+00, E, -2.000000, NP, 6000 2000
94900, t, 5.211356e-03, KEe, 18642.102344, MEe, 3.107017057e+00, E, -2.000000, NP, 6000 2000
95000, t, 5.216848e-03, KEe, 18725.886034, MEe, 3.120981006e+00, E, -2.000000, NP, 6000 2000
95100, t, 5.222339e-03, KEe, 18719.573521, MEe, 3.119928920e+00, E, -2.000000, NP, 6000 2000
95200, t, 5.227830e-03, KEe, 18731.283970, MEe, 3.121880662e+00, E, -2.000000, NP, 6000 2000
95300, t, 5.233322e-03, KEe, 18729.264208, MEe, 3.121544035e+00, E, -2.000000, NP, 6000 2000
95400, t, 5.238813e-03, KEe, 18774.549555, MEe, 3.129091593e+00, E, -2.000000, NP, 6000 2000
95500, t, 5.244305e-03, KEe, 18846.915041, MEe, 3.141152507e+00, E, -2.000000, NP, 6000 2000
95600, t, 5.249796e-03, KEe, 18850.266859, MEe, 3.141711143e+00, E, -2.000000, NP, 6000 2000
95700, t, 5.255288e-03, KEe, 18856.604103, MEe, 3.142767351e+00, E, -2.000000, NP, 6000 2000
95800, t, 5.260779e-03, KEe, 18826.759902, MEe, 3.137793317e+00, E, -2.000000, NP, 6000 2000
95900, t, 5.266270e-03, KEe, 18828.042379, MEe, 3.138007063e+00, E, -2.000000, NP, 6000 2000
96000, t, 5.271762e-03, KEe, 18890.695274, MEe, 3.148449212e+00, E, -2.000000, NP, 6000 2000
96100, t, 5.277253e-03, KEe, 18860.709313, MEe, 3.143451552e+00, E, -2.000000, NP, 6000 2000
96200, t, 5.282745e-03, KEe, 18820.378828, MEe, 3.136729805e+00, E, -2.000000, NP, 6000 2000
96300, t, 5.288236e-03, KEe, 18876.940456, MEe, 3.146156743e+00, E, -2.000000, NP, 6000 2000
96400, t, 5.293728e-03, KEe, 18840.753680, MEe, 3.140125613e+00, E, -2.000000, NP, 6000 2000
96500, t, 5.299219e-03, KEe, 18879.130970, MEe, 3.146521828e+00, E, -2.000000, NP, 6000 2000
96600, t, 5.304710e-03, KEe, 18913.650056, MEe, 3.152275009e+00, E, -2.000000, NP, 6000 2000
96700, t, 5.310202e-03, KEe, 19039.312474, MEe, 3.173218746e+00, E, -2.000000, NP, 6000 2000
96800, t, 5.315693e-03, KEe, 19130.993563, MEe, 3.188498927e+00, E, -2.000000, NP, 6000 2000
96900, t, 5.321185e-03, KEe, 19110.606062, MEe, 3.185101010e+00, E, -2.000000, NP, 6000 2000
97000, t, 5.326676e-03, KEe, 19171.712457, MEe, 3.195285410e+00, E, -2.000000, NP, 6000 2000
97100, t, 5.332167e-03, KEe, 19165.997697, MEe, 3.194332949e+00, E, -2.000000, NP, 6000 2000
97200, t, 5.337659e-03, KEe, 19151.750852, MEe, 3.191958475e+00, E, -2.000000, NP, 6000 2000
97300, t, 5.343150e-03, KEe, 19104.993570, MEe, 3.184165595e+00, E, -2.000000, NP, 6000 2000
97400, t, 5.348642e-03, KEe, 19115.140359, MEe, 3.185856726e+00, E, -2.000000, NP, 6000 2000
97500, t, 5.354133e-03, KEe, 19104.783380, MEe, 3.184130563e+00, E, -2.000000, NP, 6000 2000
97600, t, 5.359625e-03, KEe, 19103.862248, MEe, 3.183977041e+00, E, -2.000000, NP, 6000 2000
97700, t, 5.365116e-03, KEe, 19081.929830, MEe, 3.180321638e+00, E, -2.000000, NP, 6000 2000
97800, t, 5.370607e-03, KEe, 19048.574754, MEe, 3.174762459e+00, E, -2.000000, NP, 6000 2000
97900, t, 5.376099e-03, KEe, 19025.357160, MEe, 3.170892860e+00, E, -2.000000, NP, 6000 2000
98000, t, 5.381590e-03, KEe, 19047.061038, MEe, 3.174510173e+00, E, -2.000000, NP, 6000 2000
98100, t, 5.387082e-03, KEe, 18950.405913, MEe, 3.158400986e+00, E, -2.000000, NP, 6000 2000
98200, t, 5.392573e-03, KEe, 19051.865035, MEe, 3.175310839e+00, E, -2.000000, NP, 6000 2000
98300, t, 5.398064e-03, KEe, 19157.497600, MEe, 3.192916267e+00, E, -2.000000, NP, 6000 2000
98400, t, 5.403556e-03, KEe, 19083.333604, MEe, 3.180555601e+00, E, -2.000000, NP, 6000 2000
98500, t, 5.409047e-03, KEe, 19018.037976, MEe, 3.169672996e+00, E, -2.000000, NP, 6000 2000
98600, t, 5.414539e-03, KEe, 19000.221147, MEe, 3.166703525e+00, E, -2.000000, NP, 6000 2000
98700, t, 5.420030e-03, KEe, 18975.240969, MEe, 3.162540162e+00, E, -2.000000, NP, 6000 2000
98800, t, 5.425522e-03, KEe, 18923.920835, MEe, 3.153986806e+00, E, -2.000000, NP, 6000 2000
98900, t, 5.431013e-03, KEe, 18900.550004, MEe, 3.150091667e+00, E, -2.000000, NP, 6000 2000
99000, t, 5.436504e-03, KEe, 18962.081536, MEe, 3.160346923e+00, E, -2.000000, NP, 6000 2000
99100, t, 5.441996e-03, KEe, 19000.756180, MEe, 3.166792697e+00, E, -2.000000, NP, 6000 2000
99200, t, 5.447487e-03, KEe, 19004.245889, MEe, 3.167374315e+00, E, -2.000000, NP, 6000 2000
99300, t, 5.452979e-03, KEe, 19088.662179, MEe, 3.181443697e+00, E, -2.000000, NP, 6000 2000
99400, t, 5.458470e-03, KEe, 19096.329773, MEe, 3.182721629e+00, E, -2.000000, NP, 6000 2000
99500, t, 5.463961e-03, KEe, 19095.441478, MEe, 3.182573580e+00, E, -2.000000, NP, 6000 2000
99600, t, 5.469453e-03, KEe, 19073.219187, MEe, 3.178869864e+00, E, -2.000000, NP, 6000 2000
99700, t, 5.474944e-03, KEe, 19011.367916, MEe, 3.168561319e+00, E, -2.000000, NP, 6000 2000
99800, t, 5.480436e-03, KEe, 19038.647261, MEe, 3.173107877e+00, E, -2.000000, NP, 6000 2000
99900, t, 5.485927e-03, KEe, 19066.661137, MEe, 3.177776856e+00, E, -2.000000, NP, 6000 2000
100000, t, 5.491419e-03, KEe, 19126.956020, MEe, 3.187826003e+00, E, -2.000000, NP, 6000 2000
100100, t, 5.496910e-03, KEe, 19088.728144, MEe, 3.181454691e+00, E, -2.000000, NP, 6000 2000
100200, t, 5.502401e-03, KEe, 19038.637910, MEe, 3.173106318e+00, E, -2.000000, NP, 6000 2000
100300, t, 5.507893e-03, KEe, 18986.643921, MEe, 3.164440653e+00, E, -2.000000, NP, 6000 2000
100400, t, 5.513384e-03, KEe, 19022.156569, MEe, 3.170359428e+00, E, -2.000000, NP, 6000 2000
100500, t, 5.518876e-03, KEe, 19033.086853, MEe, 3.172181142e+00, E, -2.000000, NP, 6000 2000
100600, t, 5.524367e-03, KEe, 18968.857745, MEe, 3.161476291e+00, E, -2.000000, NP, 6000 2000
100700, t, 5.529859e-03, KEe, 19021.565038, MEe, 3.170260840e+00, E, -2.000000, NP, 6000 2000
100800, t, 5.535350e-03, KEe, 19065.603094, MEe, 3.177600516e+00, E, -2.000000, NP, 6000 2000
100900, t, 5.540841e-03, KEe, 19143.875590, MEe, 3.190645932e+00, E, -2.000000, NP, 6000 2000
101000, t, 5.546333e-03, KEe, 19065.874132, MEe, 3.177645689e+00, E, -2.000000, NP, 6000 2000
101100, t, 5.551824e-03, KEe, 19013.348311, MEe, 3.168891385e+00, E, -2.000000, NP, 6000 2000
101200, t, 5.557316e-03, KEe, 19012.516094, MEe, 3.168752682e+00, E, -2.000000, NP, 6000 2000
101300, t, 5.562807e-03, KEe, 19060.787333, MEe, 3.176797889e+00, E, -2.000000, NP, 6000 2000
101400, t, 5.568298e-03, KEe, 18989.180407, MEe, 3.164863401e+00, E, -2.000000, NP, 6000 2000
101500, t, 5.573790e-03, KEe, 18948.703221, MEe, 3.158117204e+00, E, -2.000000, NP, 6000 2000
101600, t, 5.579281e-03, KEe, 18948.970039, MEe, 3.158161673e+00, E, -2.000000, NP, 6000 2000
101700, t, 5.584773e-03, KEe, 19048.862785, MEe, 3.174810464e+00, E, -2.000000, NP, 6000 2000
101800, t, 5.590264e-03, KEe, 19033.661119, MEe, 3.172276853e+00, E, -2.000000, NP, 6000 2000
101900, t, 5.595756e-03, KEe, 19075.302314, MEe, 3.179217052e+00, E, -2.000000, NP, 6000 2000
102000, t, 5.601247e-03, KEe, 19018.583606, MEe, 3.169763934e+00, E, -2.000000, NP, 6000 2000
102100, t, 5.606738e-03, KEe, 19055.924487, MEe, 3.175987414e+00, E, -2.000000, NP, 6000 2000
102200, t, 5.612230e-03, KEe, 19009.598213, MEe, 3.168266369e+00, E, -2.000000, NP, 6000 2000
102300, t, 5.617721e-03, KEe, 19087.725076, MEe, 3.181287513e+00, E, -2.000000, NP, 6000 2000
102400, t, 5.623213e-03, KEe, 19054.401039, MEe, 3.175733506e+00, E, -2.000000, NP, 6000 2000
102500, t, 5.628704e-03, KEe, 19140.373493, MEe, 3.190062249e+00, E, -2.000000, NP, 6000 2000
102600, t, 5.634195e-03, KEe, 19060.918920, MEe, 3.176819820e+00, E, -2.000000, NP, 6000 2000
102700, t, 5.639687e-03, KEe, 19027.422279, MEe, 3.171237046e+00, E, -2.000000, NP, 6000 2000
102800, t, 5.645178e-03, KEe, 19065.956397, MEe, 3.177659400e+00, E, -2.000000, NP, 6000 2000
102900, t, 5.650670e-03, KEe, 19033.113096, MEe, 3.172185516e+00, E, -2.000000, NP, 6000 2000
103000, t, 5.656161e-03, KEe, 19010.230743, MEe, 3.168371791e+00, E, -2.000000, NP, 6000 2000
103100, t, 5.661653e-03, KEe, 18953.703821, MEe, 3.158950637e+00, E, -2.000000, NP, 6000 2000
103200, t, 5.667144e-03, KEe, 18920.225301, MEe, 3.153370884e+00, E, -2.000000, NP, 6000 2000
103300, t, 5.672635e-03, KEe, 18817.395691, MEe, 3.136232615e+00, E, -2.000000, NP, 6000 2000
103400, t, 5.678127e-03, KEe, 18779.355928, MEe, 3.129892655e+00, E, -2.000000, NP, 6000 2000
103500, t, 5.683618e-03, KEe, 18831.050471, MEe, 3.138508412e+00, E, -2.000000, NP, 6000 2000
103600, t, 5.689110e-03, KEe, 18797.068107, MEe, 3.132844685e+00, E, -2.000000, NP, 6000 2000
103700, t, 5.694601e-03, KEe, 18729.429960, MEe, 3.121571660e+00, E, -2.000000, NP, 6000 2000
103800, t, 5.700092e-03, KEe, 18688.648894, MEe, 3.114774816e+00, E, -2.000000, NP, 6000 2000
103900, t, 5.705584e-03, KEe, 18671.089856, MEe, 3.111848309e+00, E, -2.000000, NP, 6000 2000
104000, t, 5.711075e-03, KEe, 18681.217275, MEe, 3.113536212e+00, E, -2.000000, NP, 6000 2000
104100, t, 5.716567e-03, KEe, 18715.082287, MEe, 3.119180381e+00, E, -2.000000, NP, 6000 2000
104200, t, 5.722058e-03, KEe, 18635.422199, MEe, 3.105903700e+00, E, -2.000000, NP, 6000 2000
104300, t, 5.727550e-03, KEe, 18671.324104, MEe, 3.111887351e+00, E, -2.000000, NP, 6000 2000
104400, t, 5.733041e-03, KEe, 18725.031898, MEe, 3.120838650e+00, E, -2.000000, NP, 6000 2000
104500, t, 5.738532e-03, KEe, 18742.814367, MEe, 3.123802394e+00, E, -2.000000, NP, 6000 2000
104600, t, 5.744024e-03, KEe, 18784.640427, MEe, 3.130773404e+00, E, -2.000000, NP, 6000 2000
104700, t, 5.749515e-03, KEe, 18818.956099, MEe, 3.136492683e+00, E, -2.000000, NP, 6000 2000
104800, t, 5.755007e-03, KEe, 18805.423565, MEe, 3.134237261e+00, E, -2.000000, NP, 6000 2000
104900, t, 5.760498e-03, KEe, 18766.042076, MEe, 3.127673679e+00, E, -2.000000, NP, 6000 2000
105000, t, 5.765990e-03, KEe, 18788.615179, MEe, 3.131435863e+00, E, -2.000000, NP, 6000 2000
105100, t, 5.771481e-03, KEe, 18853.119132, MEe, 3.142186522e+00, E, -2.000000, NP, 6000 2000
105200, t, 5.776972e-03, KEe, 18804.788510, MEe, 3.134131418e+00, E, -2.000000, NP, 6000 2000
105300, t, 5.782464e-03, KEe, 18851.654940, MEe, 3.141942490e+00, E, -2.000000, NP, 6000 2000
105400, t, 5.787955e-03, KEe, 18815.552491, MEe, 3.135925415e+00, E, -2.000000, NP, 6000 2000
105500, t, 5.793447e-03, KEe, 18802.134067, MEe, 3.133689011e+00, E, -2.000000, NP, 6000 2000
105600, t, 5.798938e-03, KEe, 18837.830561, MEe, 3.139638427e+00, E, -2.000000, NP, 6000 2000
105700, t, 5.804429e-03, KEe, 18831.852656, MEe, 3.138642109e+00, E, -2.000000, NP, 6000 2000
105800, t, 5.809921e-03, KEe, 18770.079832, MEe, 3.128346639e+00, E, -2.000000, NP, 6000 2000
105900, t, 5.815412e-03, KEe, 18795.883956, MEe, 3.132647326e+00, E, -2.000000, NP, 6000 2000
106000, t, 5.820904e-03, KEe, 18803.636928, MEe, 3.133939488e+00, E, -2.000000, NP, 6000 2000
106100, t, 5.826395e-03, KEe, 18780.324887, MEe, 3.130054148e+00, E, -2.000000, NP, 6000 2000
106200, t, 5.831887e-03, KEe, 18790.376818, MEe, 3.131729470e+00, E, -2.000000, NP, 6000 2000
106300, t, 5.837378e-03, KEe, 18806.163134, MEe, 3.134360522e+00, E, -2.000000, NP, 6000 2000
106400, t, 5.842869e-03, KEe, 18789.703372, MEe, 3.131617229e+00, E, -2.000000, NP, 6000 2000
106500, t, 5.848361e-03, KEe, 18879.560757, MEe, 3.146593459e+00, E, -2.000000, NP, 6000 2000
106600, t, 5.853852e-03, KEe, 18938.006236, MEe, 3.156334373e+00, E, -2.000000, NP, 6000 2000
106700, t, 5.859344e-03, KEe, 19066.187990, MEe, 3.177697998e+00, E, -2.000000, NP, 6000 2000
106800, t, 5.864835e-03, KEe, 19032.247059, MEe, 3.172041176e+00, E, -2.000000, NP, 6000 2000
106900, t, 5.870326e-03, KEe, 19003.663577, MEe, 3.167277263e+00, E, -2.000000, NP, 6000 2000
107000, t, 5.875818e-03, KEe, 19003.739055, MEe, 3.167289842e+00, E, -2.000000, NP, 6000 2000
107100, t, 5.881309e-03, KEe, 19079.414037, MEe, 3.179902340e+00, E, -2.000000, NP, 6000 2000
107200, t, 5.886801e-03, KEe, 19117.920718, MEe, 3.186320120e+00, E, -2.000000, NP, 6000 2000
107300, t, 5.892292e-03, KEe, 19129.636282, MEe, 3.188272714e+00, E, -2.000000, NP, 6000 2000
107400, t, 5.897784e-03, KEe, 19063.316829, MEe, 3.177219472e+00, E, -2.000000, NP, 6000 2000
107500, t, 5.903275e-03, KEe, 19150.229665, MEe, 3.191704944e+00, E, -2.000000, NP, 6000 2000
107600, t, 5.908766e-03, KEe, 19129.744784, MEe, 3.188290797e+00, E, -2.000000, NP, 6000 2000
107700, t, 5.914258e-03, KEe, 19103.461731, MEe, 3.183910289e+00, E, -2.000000, NP, 6000 2000
107800, t, 5.919749e-03, KEe, 19120.766204, MEe, 3.186794367e+00, E, -2.000000, NP, 6000 2000
107900, t, 5.925241e-03, KEe, 19108.383835, MEe, 3.184730639e+00, E, -2.000000, NP, 6000 2000
108000, t, 5.930732e-03, KEe, 19181.638957, MEe, 3.196939826e+00, E, -2.000000, NP, 6000 2000
108100, t, 5.936223e-03, KEe, 19141.405449, MEe, 3.190234241e+00, E, -2.000000, NP, 6000 2000
108200, t, 5.941715e-03, KEe, 19071.400177, MEe, 3.178566696e+00, E, -2.000000, NP, 6000 2000
108300, t, 5.947206e-03, KEe, 19010.598185, MEe, 3.168433031e+00, E, -2.000000, NP, 6000 2000
108400, t, 5.952698e-03, KEe, 19041.987090, MEe, 3.173664515e+00, E, -2.000000, NP, 6000 2000
108500, t, 5.958189e-03, KEe, 19136.505089, MEe, 3.189417515e+00, E, -2.000000, NP, 6000 2000
108600, t, 5.963681e-03, KEe, 19140.900683, MEe, 3.190150114e+00, E, -2.000000, NP, 6000 2000
108700, t, 5.969172e-03, KEe, 19142.535205, MEe, 3.190422534e+00, E, -2.000000, NP, 6000 2000
108800, t, 5.974663e-03, KEe, 19086.017082, MEe, 3.181002847e+00, E, -2.000000, NP, 6000 2000
108900, t, 5.980155e-03, KEe, 19146.405884, MEe, 3.191067647e+00, E, -2.000000, NP, 6000 2000
109000, t, 5.985646e-03, KEe, 19257.530983, MEe, 3.209588497e+00, E, -2.000000, NP, 6000 2000
109100, t, 5.991138e-03, KEe, 19144.385851, MEe, 3.190730975e+00, E, -2.000000, NP, 6000 2000
109200, t, 5.996629e-03, KEe, 19082.874445, MEe, 3.180479074e+00, E, -2.000000, NP, 6000 2000
109300, t, 6.002121e-03, KEe, 19053.283805, MEe, 3.175547301e+00, E, -2.000000, NP, 6000 2000
109400, t, 6.007612e-03, KEe, 18996.349284, MEe, 3.166058214e+00, E, -2.000000, NP, 6000 2000
109500, t, 6.013103e-03, KEe, 18963.938445, MEe, 3.160656407e+00, E, -2.000000, NP, 6000 2000
109600, t, 6.018595e-03, KEe, 19006.795720, MEe, 3.167799287e+00, E, -2.000000, NP, 6000 2000
109700, t, 6.024086e-03, KEe, 18981.326934, MEe, 3.163554489e+00, E, -2.000000, NP, 6000 2000
109800, t, 6.029578e-03, KEe, 18926.974501, MEe, 3.154495750e+00, E, -2.000000, NP, 6000 2000
109900, t, 6.035069e-03, KEe, 18977.944251, MEe, 3.162990708e+00, E, -2.000000, NP, 6000 2000
110000, t, 6.040560e-03, KEe, 18999.256329, MEe, 3.166542722e+00, E, -2.000000, NP, 6000 2000
110100, t, 6.046052e-03, KEe, 18937.888274, MEe, 3.156314712e+00, E, -2.000000, NP, 6000 2000
110200, t, 6.051543e-03, KEe, 18937.156861, MEe, 3.156192810e+00, E, -2.000000, NP, 6000 2000
110300, t, 6.057035e-03, KEe, 18899.220757, MEe, 3.149870126e+00, E, -2.000000, NP, 6000 2000
110400, t, 6.062526e-03, KEe, 18911.932411, MEe, 3.151988735e+00, E, -2.000000, NP, 6000 2000
110500, t, 6.068018e-03, KEe, 18920.310386, MEe, 3.153385064e+00, E, -2.000000, NP, 6000 2000
110600, t, 6.073509e-03, KEe, 18900.655625, MEe, 3.150109271e+00, E, -2.000000, NP, 6000 2000
110700, t, 6.079000e-03, KEe, 18961.084400, MEe, 3.160180733e+00, E, -2.000000, NP, 6000 2000
110800, t, 6.084492e-03, KEe, 18957.777649, MEe, 3.159629608e+00, E, -2.000000, NP, 6000 2000
110900, t, 6.089983e-03, KEe, 18918.558303, MEe, 3.153093051e+00, E, -2.000000, NP, 6000 2000
111000, t, 6.095475e-03, KEe, 18843.382135, MEe, 3.140563689e+00, E, -2.000000, NP, 6000 2000
111100, t, 6.100966e-03, KEe, 18833.954045, MEe, 3.138992341e+00, E, -2.000000, NP, 6000 2000
111200, t, 6.106457e-03, KEe, 18924.100146, MEe, 3.154016691e+00, E, -2.000000, NP, 6000 2000
111300, t, 6.111949e-03, KEe, 18907.053462, MEe, 3.151175577e+00, E, -2.000000, NP, 6000 2000
111400, t, 6.117440e-03, KEe, 18942.845027, MEe, 3.157140838e+00, E, -2.000000, NP, 6000 2000
111500, t, 6.122932e-03, KEe, 18936.712152, MEe, 3.156118692e+00, E, -2.000000, NP, 6000 2000
111600, t, 6.128423e-03, KEe, 18918.598130, MEe, 3.153099688e+00, E, -2.000000, NP, 6000 2000
111700, t, 6.133915e-03, KEe, 18899.831445, MEe, 3.149971908e+00, E, -2.000000, NP, 6000 2000
111800, t, 6.139406e-03, KEe, 18877.270575, MEe, 3.146211762e+00, E, -2.000000, NP, 6000 2000
111900, t, 6.144897e-03, KEe, 18778.668311, MEe, 3.129778052e+00, E, -2.000000, NP, 6000 2000
112000, t, 6.150389e-03, KEe, 18848.847114, MEe, 3.141474519e+00, E, -2.000000, NP, 6000 2000
112100, t, 6.155880e-03, KEe, 18820.615878, MEe, 3.136769313e+00, E, -2.000000, NP, 6000 2000
112200, t, 6.161372e-03, KEe, 18819.305873, MEe, 3.136550979e+00, E, -2.000000, NP, 6000 2000
112300, t, 6.166863e-03, KEe, 18761.469905, MEe, 3.126911651e+00, E, -2.000000, NP, 6000 2000
112400, t, 6.172354e-03, KEe, 18745.553658, MEe, 3.124258943e+00, E, -2.000000, NP, 6000 2000
112500, t, 6.177846e-03, KEe, 18719.618280, MEe, 3.119936380e+00, E, -2.000000, NP, 6000 2000
112600, t, 6.183337e-03, KEe, 18662.487783, MEe, 3.110414631e+00, E, -2.000000, NP, 6000 2000
112700, t, 6.188829e-03, KEe, 18666.531226, MEe, 3.111088538e+00, E, -2.000000, NP, 6000 2000
112800, t, 6.194320e-03, KEe, 18646.441198, MEe, 3.107740200e+00, E, -2.000000, NP, 6000 2000
112900, t, 6.199812e-03, KEe, 18640.769474, MEe, 3.106794912e+00, E, -2.000000, NP, 6000 2000
113000, t, 6.205303e-03, KEe, 18689.549405, MEe, 3.114924901e+00, E, -2.000000, NP, 6000 2000
113100, t, 6.210794e-03, KEe, 18750.995250, MEe, 3.125165875e+00, E, -2.000000, NP, 6000 2000
113200, t, 6.216286e-03, KEe, 18809.188366, MEe, 3.134864728e+00, E, -2.000000, NP, 6000 2000
113300, t, 6.221777e-03, KEe, 18877.943371, MEe, 3.146323895e+00, E, -2.000000, NP, 6000 2000
113400, t, 6.227269e-03, KEe, 18866.404286, MEe, 3.144400714e+00, E, -2.000000, NP, 6000 2000
113500, t, 6.232760e-03, KEe, 18871.044575, MEe, 3.145174096e+00, E, -2.000000, NP, 6000 2000
113600, t, 6.238252e-03, KEe, 18863.685641, MEe, 3.143947607e+00, E, -2.000000, NP, 6000 2000
113700, t, 6.243743e-03, KEe, 18808.800966, MEe, 3.134800161e+00, E, -2.000000, NP, 6000 2000
113800, t, 6.249234e-03, KEe, 18716.646284, MEe, 3.119441047e+00, E, -2.000000, NP, 6000 2000
113900, t, 6.254726e-03, KEe, 18742.073719, MEe, 3.123678953e+00, E, -2.000000, NP, 6000 2000
114000, t, 6.260217e-03, KEe, 18791.559821, MEe, 3.131926637e+00, E, -2.000000, NP, 6000 2000
114100, t, 6.265709e-03, KEe, 18807.665436, MEe, 3.134610906e+00, E, -2.000000, NP, 6000 2000
114200, t, 6.271200e-03, KEe, 18774.954545, MEe, 3.129159091e+00, E, -2.000000, NP, 6000 2000
114300, t, 6.276691e-03, KEe, 18745.018547, MEe, 3.124169758e+00, E, -2.000000, NP, 6000 2000
114400, t, 6.282183e-03, KEe, 18766.618000, MEe, 3.127769667e+00, E, -2.000000, NP, 6000 2000
114500, t, 6.287674e-03, KEe, 18784.545926, MEe, 3.130757654e+00, E, -2.000000, NP, 6000 2000
114600, t, 6.293166e-03, KEe, 18825.993856, MEe, 3.137665643e+00, E, -2.000000, NP, 6000 2000
114700, t, 6.298657e-03, KEe, 18869.631890, MEe, 3.144938648e+00, E, -2.000000, NP, 6000 2000
114800, t, 6.304149e-03, KEe, 18785.611294, MEe, 3.130935216e+00, E, -2.000000, NP, 6000 2000
114900, t, 6.309640e-03, KEe, 18754.586084, MEe, 3.125764347e+00, E, -2.000000, NP, 6000 2000
115000, t, 6.315131e-03, KEe, 18830.343907, MEe, 3.138390651e+00, E, -2.000000, NP, 6000 2000
115100, t, 6.320623e-03, KEe, 18788.903968, MEe, 3.131483995e+00, E, -2.000000, NP, 6000 2000
115200, t, 6.326114e-03, KEe, 18829.154304, MEe, 3.138192384e+00, E, -2.000000, NP, 6000 2000
115300, t, 6.331606e-03, KEe, 18845.932781, MEe, 3.140988797e+00, E, -2.000000, NP, 6000 2000
115400, t, 6.337097e-03, KEe, 18906.097319, MEe, 3.151016220e+00, E, -2.000000, NP, 6000 2000
115500, t, 6.342588e-03, KEe, 18889.741960, MEe, 3.148290327e+00, E, -2.000000, NP, 6000 2000
115600, t, 6.348080e-03, KEe, 18857.312268, MEe, 3.142885378e+00, E, -2.000000, NP, 6000 2000
115700, t, 6.353571e-03, KEe, 18930.750729, MEe, 3.155125121e+00, E, -2.000000, NP, 6000 2000
115800, t, 6.359063e-03, KEe, 18902.076997, MEe, 3.150346166e+00, E, -2.000000, NP, 6000 2000
115900, t, 6.364554e-03, KEe, 18960.797972, MEe, 3.160132995e+00, E, -2.000000, NP, 6000 2000
116000, t, 6.370046e-03, KEe, 18935.014710, MEe, 3.155835785e+00, E, -2.000000, NP, 6000 2000
116100, t, 6.375537e-03, KEe, 18905.003678, MEe, 3.150833946e+00, E, -2.000000, NP, 6000 2000
116200, t, 6.381028e-03, KEe, 18983.078557, MEe, 3.163846426e+00, E, -2.000000, NP, 6000 2000
116300, t, 6.386520e-03, KEe, 18985.923331, MEe, 3.164320555e+00, E, -2.000000, NP, 6000 2000
116400, t, 6.392011e-03, KEe, 18941.881596, MEe, 3.156980266e+00, E, -2.000000, NP, 6000 2000
116500, t, 6.397503e-03, KEe, 18918.140732, MEe, 3.153023455e+00, E, -2.000000, NP, 6000 2000
116600, t, 6.402994e-03, KEe, 18923.655005, MEe, 3.153942501e+00, E, -2.000000, NP, 6000 2000
116700, t, 6.408485e-03, KEe, 18845.114510, MEe, 3.140852418e+00, E, -2.000000, NP, 6000 2000
116800, t, 6.413977e-03, KEe, 18766.806258, MEe, 3.127801043e+00, E, -2.000000, NP, 6000 2000
116900, t, 6.419468e-03, KEe, 18698.206743, MEe, 3.116367791e+00, E, -2.000000, NP, 6000 2000
117000, t, 6.424960e-03, KEe, 18644.922706, MEe, 3.107487118e+00, E, -2.000000, NP, 6000 2000
117100, t, 6.430451e-03, KEe, 18720.794499, MEe, 3.120132416e+00, E, -2.000000, NP, 6000 2000
117200, t, 6.435943e-03, KEe, 18753.333935, MEe, 3.125555656e+00, E, -2.000000, NP, 6000 2000
117300, t, 6.441434e-03, KEe, 18766.365939, MEe, 3.127727657e+00, E, -2.000000, NP, 6000 2000
117400, t, 6.446925e-03, KEe, 18749.798917, MEe, 3.124966486e+00, E, -2.000000, NP, 6000 2000
117500, t, 6.452417e-03, KEe, 18767.231829, MEe, 3.127871971e+00, E, -2.000000, NP, 6000 2000
117600, t, 6.457908e-03, KEe, 18776.847562, MEe, 3.129474594e+00, E, -2.000000, NP, 6000 2000
117700, t, 6.463400e-03, KEe, 18722.485425, MEe, 3.120414238e+00, E, -2.000000, NP, 6000 2000
117800, t, 6.468891e-03, KEe, 18805.662292, MEe, 3.134277049e+00, E, -2.000000, NP, 6000 2000
117900, t, 6.474383e-03, KEe, 18845.425881, MEe, 3.140904313e+00, E, -2.000000, NP, 6000 2000
118000, t, 6.479874e-03, KEe, 18786.524141, MEe, 3.131087357e+00, E, -2.000000, NP, 6000 2000
118100, t, 6.485365e-03, KEe, 18868.375786, MEe, 3.144729298e+00, E, -2.000000, NP, 6000 2000
118200, t, 6.490857e-03, KEe, 18839.479986, MEe, 3.139913331e+00, E, -2.000000, NP, 6000 2000
118300, t, 6.496348e-03, KEe, 18821.853627, MEe, 3.136975604e+00, E, -2.000000, NP, 6000 2000
118400, t, 6.501840e-03, KEe, 18759.404454, MEe, 3.126567409e+00, E, -2.000000, NP, 6000 2000
118500, t, 6.507331e-03, KEe, 18829.928534, MEe, 3.138321422e+00, E, -2.000000, NP, 6000 2000
118600, t, 6.512822e-03, KEe, 18901.558309, MEe, 3.150259718e+00, E, -2.000000, NP, 6000 2000
118700, t, 6.518314e-03, KEe, 18885.001755, MEe, 3.147500293e+00, E, -2.000000, NP, 6000 2000
118800, t, 6.523805e-03, KEe, 18869.807625, MEe, 3.144967937e+00, E, -2.000000, NP, 6000 2000
118900, t, 6.529297e-03, KEe, 18824.914545, MEe, 3.137485758e+00, E, -2.000000, NP, 6000 2000
119000, t, 6.534788e-03, KEe, 18826.154866, MEe, 3.137692478e+00, E, -2.000000, NP, 6000 2000
119100, t, 6.540280e-03, KEe, 18752.495404, MEe, 3.125415901e+00, E, -2.000000, NP, 6000 2000
119200, t, 6.545771e-03, KEe, 18755.640783, MEe, 3.125940130e+00, E, -2.000000, NP, 6000 2000
119300, t, 6.551262e-03, KEe, 18695.827914, MEe, 3.115971319e+00, E, -2.000000, NP, 6000 2000
119400, t, 6.556754e-03, KEe, 18700.909517, MEe, 3.116818253e+00, E, -2.000000, NP, 6000 2000
119500, t, 6.562245e-03, KEe, 18732.326402, MEe, 3.122054400e+00, E, -2.000000, NP, 6000 2000
119600, t, 6.567737e-03, KEe, 18678.135841, MEe, 3.113022640e+00, E, -2.000000, NP, 6000 2000
119700, t, 6.573228e-03, KEe, 18739.229394, MEe, 3.123204899e+00, E, -2.000000, NP, 6000 2000
119800, t, 6.578719e-03, KEe, 18690.186128, MEe, 3.115031021e+00, E, -2.000000, NP, 6000 2000
119900, t, 6.584211e-03, KEe, 18789.053420, MEe, 3.131508903e+00, E, -2.000000, NP, 6000 2000
120000, t, 6.589702e-03, KEe, 18832.521122, MEe, 3.138753520e+00, E, -2.000000, NP, 6000 2000
120100, t, 6.595194e-03, KEe, 18951.193876, MEe, 3.158532313e+00, E, -2.000000, NP, 6000 2000
120200, t, 6.600685e-03, KEe, 19038.343880, MEe, 3.173057313e+00, E, -2.000000, NP, 6000 2000
120300, t, 6.606177e-03, KEe, 19100.571593, MEe, 3.183428599e+00, E, -2.000000, NP, 6000 2000
120400, t, 6.611668e-03, KEe, 19067.459666, MEe, 3.177909944e+00, E, -2.000000, NP, 6000 2000
120500, t, 6.617159e-03, KEe, 19011.720668, MEe, 3.168620111e+00, E, -2.000000, NP, 6000 2000
120600, t, 6.622651e-03, KEe, 18922.755509, MEe, 3.153792585e+00, E, -2.000000, NP, 6000 2000
120700, t, 6.628142e-03, KEe, 18883.706751, MEe, 3.147284458e+00, E, -2.000000, NP, 6000 2000
120800, t, 6.633634e-03, KEe, 18893.583519, MEe, 3.148930586e+00, E, -2.000000, NP, 6000 2000
120900, t, 6.639125e-03, KEe, 18835.218021, MEe, 3.139203004e+00, E, -2.000000, NP, 6000 2000
121000, t, 6.644616e-03, KEe, 18816.069678, MEe, 3.136011613e+00, E, -2.000000, NP, 6000 2000
121100, t, 6.650108e-03, KEe, 18826.832048, MEe, 3.137805341e+00, E, -2.000000, NP, 6000 2000
121200, t, 6.655599e-03, KEe, 18809.615119, MEe, 3.134935853e+00, E, -2.000000, NP, 6000 2000
121300, t, 6.661091e-03, KEe, 18879.710886, MEe, 3.146618481e+00, E, -2.000000, NP, 6000 2000
121400, t, 6.666582e-03, KEe, 18903.462196, MEe, 3.150577033e+00, E, -2.000000, NP, 6000 2000
121500, t, 6.672074e-03, KEe, 19002.635217, MEe, 3.167105870e+00, E, -2.000000, NP, 6000 2000
121600, t, 6.677565e-03, KEe, 18960.311797, MEe, 3.160051966e+00, E, -2.000000, NP, 6000 2000
121700, t, 6.683056e-03, KEe, 18960.184326, MEe, 3.160030721e+00, E, -2.000000, NP, 6000 2000
121800, t, 6.688548e-03, KEe, 18983.742739, MEe, 3.163957123e+00, E, -2.000000, NP, 6000 2000
121900, t, 6.694039e-03, KEe, 18940.508691, MEe, 3.156751449e+00, E, -2.000000, NP, 6000 2000
122000, t, 6.699531e-03, KEe, 18945.923417, MEe, 3.157653903e+00, E, -2.000000, NP, 6000 2000
122100, t, 6.705022e-03, KEe, 18900.555205, MEe, 3.150092534e+00, E, -2.000000, NP, 6000 2000
122200, t, 6.710514e-03, KEe, 18919.945286, MEe, 3.153324214e+00, E, -2.000000, NP, 6000 2000
122300, t, 6.716005e-03, KEe, 18958.710123, MEe, 3.159785021e+00, E, -2.000000, NP, 6000 2000
122400, t, 6.721496e-03, KEe, 18936.310199, MEe, 3.156051700e+00, E, -2.000000, NP, 6000 2000
122500, t, 6.726988e-03, KEe, 18897.987430, MEe, 3.149664572e+00, E, -2.000000, NP, 6000 2000
122600, t, 6.732479e-03, KEe, 18910.595735, MEe, 3.151765956e+00, E, -2.000000, NP, 6000 2000
122700, t, 6.737971e-03, KEe, 18925.860258, MEe, 3.154310043e+00, E, -2.000000, NP, 6000 2000
122800, t, 6.743462e-03, KEe, 18917.539244, MEe, 3.152923207e+00, E, -2.000000, NP, 6000 2000
122900, t, 6.748953e-03, KEe, 18942.521215, MEe, 3.157086869e+00, E, -2.000000, NP, 6000 2000
123000, t, 6.754445e-03, KEe, 18830.381788, MEe, 3.138396965e+00, E, -2.000000, NP, 6000 2000
123100, t, 6.759936e-03, KEe, 18837.887071, MEe, 3.139647845e+00, E, -2.000000, NP, 6000 2000
123200, t, 6.765428e-03, KEe, 18783.114843, MEe, 3.130519140e+00, E, -2.000000, NP, 6000 2000
123300, t, 6.770919e-03, KEe, 18853.246655, MEe, 3.142207776e+00, E, -2.000000, NP, 6000 2000
123400, t, 6.776411e-03, KEe, 18855.156265, MEe, 3.142526044e+00, E, -2.000000, NP, 6000 2000
123500, t, 6.781902e-03, KEe, 18842.916234, MEe, 3.140486039e+00, E, -2.000000, NP, 6000 2000
123600, t, 6.787393e-03, KEe, 18873.612613, MEe, 3.145602102e+00, E, -2.000000, NP, 6000 2000
123700, t, 6.792885e-03, KEe, 18833.969256, MEe, 3.138994876e+00, E, -2.000000, NP, 6000 2000
123800, t, 6.798376e-03, KEe, 18822.974910, MEe, 3.137162485e+00, E, -2.000000, NP, 6000 2000
123900, t, 6.803868e-03, KEe, 18835.426800, MEe, 3.139237800e+00, E, -2.000000, NP, 6000 2000
124000, t, 6.809359e-03, KEe, 18827.963274, MEe, 3.137993879e+00, E, -2.000000, NP, 6000 2000
124100, t, 6.814850e-03, KEe, 18792.846944, MEe, 3.132141157e+00, E, -2.000000, NP, 6000 2000
124200, t, 6.820342e-03, KEe, 18841.959151, MEe, 3.140326525e+00, E, -2.000000, NP, 6000 2000
124300, t, 6.825833e-03, KEe, 18885.118811, MEe, 3.147519802e+00, E, -2.000000, NP, 6000 2000
124400, t, 6.831325e-03, KEe, 18875.756844, MEe, 3.145959474e+00, E, -2.000000, NP, 6000 2000
124500, t, 6.836816e-03, KEe, 18935.665979, MEe, 3.155944330e+00, E, -2.000000, NP, 6000 2000
124600, t, 6.842308e-03, KEe, 18961.257095, MEe, 3.160209516e+00, E, -2.000000, NP, 6000 2000
124700, t, 6.847799e-03, KEe, 18996.238213, MEe, 3.166039702e+00, E, -2.000000, NP, 6000 2000
124800, t, 6.853290e-03, KEe, 19027.780227, MEe, 3.171296704e+00, E, -2.000000, NP, 6000 2000
124900, t, 6.858782e-03, KEe, 19077.140165, MEe, 3.179523361e+00, E, -2.000000, NP, 6000 2000
125000, t, 6.864273e-03, KEe, 19022.400248, MEe, 3.170400041e+00, E, -2.000000, NP, 6000 2000
125100, t, 6.869765e-03, KEe, 19055.162071, MEe, 3.175860345e+00, E, -2.000000, NP, 6000 2000
125200, t, 6.875256e-03, KEe, 19070.233120, MEe, 3.178372187e+00, E, -2.000000, NP, 6000 2000
125300, t, 6.880747e-03, KEe, 19108.156063, MEe, 3.184692677e+00, E, -2.000000, NP, 6000 2000
125400, t, 6.886239e-03, KEe, 19054.673735, MEe, 3.175778956e+00, E, -2.000000, NP, 6000 2000
125500, t, 6.891730e-03, KEe, 19021.756354, MEe, 3.170292726e+00, E, -2.000000, NP, 6000 2000
125600, t, 6.897222e-03, KEe, 19056.523873, MEe, 3.176087312e+00, E, -2.000000, NP, 6000 2000
125700, t, 6.902713e-03, KEe, 19099.276674, MEe, 3.183212779e+00, E, -2.000000, NP, 6000 2000
125800, t, 6.908205e-03, KEe, 19099.499449, MEe, 3.183249908e+00, E, -2.000000, NP, 6000 2000
125900, t, 6.913696e-03, KEe, 19008.031072, MEe, 3.168005179e+00, E, -2.000000, NP, 6000 2000
126000, t, 6.919187e-03, KEe, 19061.215336, MEe, 3.176869223e+00, E, -2.000000, NP, 6000 2000
126100, t, 6.924679e-03, KEe, 19047.743579, MEe, 3.174623930e+00, E, -2.000000, NP, 6000 2000
126200, t, 6.930170e-03, KEe, 18918.021705, MEe, 3.153003617e+00, E, -2.000000, NP, 6000 2000
126300, t, 6.935662e-03, KEe, 18874.184327, MEe, 3.145697388e+00, E, -2.000000, NP, 6000 2000
126400, t, 6.941153e-03, KEe, 18917.433265, MEe, 3.152905544e+00, E, -2.000000, NP, 6000 2000
126500, t, 6.946645e-03, KEe, 18940.550765, MEe, 3.156758461e+00, E, -2.000000, NP, 6000 2000
126600, t, 6.952136e-03, KEe, 19010.726798, MEe, 3.168454466e+00, E, -2.000000, NP, 6000 2000
126700, t, 6.957627e-03, KEe, 19075.214358, MEe, 3.179202393e+00, E, -2.000000, NP, 6000 2000
126800, t, 6.963119e-03, KEe, 19117.109860, MEe, 3.186184977e+00, E, -2.000000, NP, 6000 2000
126900, t, 6.968610e-03, KEe, 19100.091842, MEe, 3.183348640e+00, E, -2.000000, NP, 6000 2000
127000, t, 6.974102e-03, KEe, 19171.388508, MEe, 3.195231418e+00, E, -2.000000, NP, 6000 2000
127100, t, 6.979593e-03, KEe, 19153.363452, MEe, 3.192227242e+00, E, -2.000000, NP, 6000 2000
127200, t, 6.985084e-03, KEe, 19125.903444, MEe, 3.187650574e+00, E, -2.000000, NP, 6000 2000
127300, t, 6.990576e-03, KEe, 19138.994736, MEe, 3.189832456e+00, E, -2.000000, NP, 6000 2000
127400, t, 6.996067e-03, KEe, 19189.942440, MEe, 3.198323740e+00, E, -2.000000, NP, 6000 2000
127500, t, 7.001559e-03, KEe, 19122.345354, MEe, 3.187057559e+00, E, -2.000000, NP, 6000 2000
127600, t, 7.007050e-03, KEe, 19167.131434, MEe, 3.194521906e+00, E, -2.000000, NP, 6000 2000
127700, t, 7.012542e-03, KEe, 19134.188354, MEe, 3.189031392e+00, E, -2.000000, NP, 6000 2000
127800, t, 7.018033e-03, KEe, 19067.424045, MEe, 3.177904007e+00, E, -2.000000, NP, 6000 2000
127900, t, 7.023524e-03, KEe, 19072.107388, MEe, 3.178684565e+00, E, -2.000000, NP, 6000 2000
128000, t, 7.029016e-03, KEe, 19047.301497, MEe, 3.174550249e+00, E, -2.000000, NP, 6000 2000
128100, t, 7.034507e-03, KEe, 18939.400386, MEe, 3.156566731e+00, E, -2.000000, NP, 6000 2000
128200, t, 7.039999e-03, KEe, 18942.210020, MEe, 3.157035003e+00, E, -2.000000, NP, 6000 2000
128300, t, 7.045490e-03, KEe, 18955.828159, MEe, 3.159304693e+00, E, -2.000000, NP, 6000 2000
128400, t, 7.050981e-03, KEe, 18919.227763, MEe, 3.153204627e+00, E, -2.000000, NP, 6000 2000
128500, t, 7.056473e-03, KEe, 18912.922335, MEe, 3.152153723e+00, E, -2.000000, NP, 6000 2000
128600, t, 7.061964e-03, KEe, 18940.062655, MEe, 3.156677109e+00, E, -2.000000, NP, 6000 2000
128700, t, 7.067456e-03, KEe, 19022.178056, MEe, 3.170363009e+00, E, -2.000000, NP, 6000 2000
128800, t, 7.072947e-03, KEe, 19049.413266, MEe, 3.174902211e+00, E, -2.000000, NP, 6000 2000
128900, t, 7.078439e-03, KEe, 19059.094612, MEe, 3.176515769e+00, E, -2.000000, NP, 6000 2000
129000, t, 7.083930e-03, KEe, 18991.538030, MEe, 3.165256338e+00, E, -2.000000, NP, 6000 2000
129100, t, 7.089421e-03, KEe, 18897.890972, MEe, 3.149648495e+00, E, -2.000000, NP, 6000 2000
129200, t, 7.094913e-03, KEe, 18865.209822, MEe, 3.144201637e+00, E, -2.000000, NP, 6000 2000
129300, t, 7.100404e-03, KEe, 18814.931347, MEe, 3.135821891e+00, E, -2.000000, NP, 6000 2000
129400, t, 7.105896e-03, KEe, 18775.991277, MEe, 3.129331880e+00, E, -2.000000, NP, 6000 2000
129500, t, 7.111387e-03, KEe, 18696.920355, MEe, 3.116153392e+00, E, -2.000000, NP, 6000 2000
129600, t, 7.116878e-03, KEe, 18729.054159, MEe, 3.121509027e+00, E, -2.000000, NP, 6000 2000
129700, t, 7.122370e-03, KEe, 18719.354929, MEe, 3.119892488e+00, E, -2.000000, NP, 6000 2000
129800, t, 7.127861e-03, KEe, 18752.850285, MEe, 3.125475048e+00, E, -2.000000, NP, 6000 2000
129900, t, 7.133353e-03, KEe, 18806.757694, MEe, 3.134459616e+00, E, -2.000000, NP, 6000 2000
130000, t, 7.138844e-03, KEe, 18782.183008, MEe, 3.130363835e+00, E, -2.000000, NP, 6000 2000
130100, t, 7.144336e-03, KEe, 18729.661682, MEe, 3.121610280e+00, E, -2.000000, NP, 6000 2000
130200, t, 7.149827e-03, KEe, 18797.659094, MEe, 3.132943182e+00, E, -2.000000, NP, 6000 2000
130300, t, 7.155318e-03, KEe, 18835.318045, MEe, 3.139219674e+00, E, -2.000000, NP, 6000 2000
130400, t, 7.160810e-03, KEe, 18716.202138, MEe, 3.119367023e+00, E, -2.000000, NP, 6000 2000
130500, t, 7.166301e-03, KEe, 18719.835843, MEe, 3.119972641e+00, E, -2.000000, NP, 6000 2000
130600, t, 7.171793e-03, KEe, 18684.576358, MEe, 3.114096060e+00, E, -2.000000, NP, 6000 2000
130700, t, 7.177284e-03, KEe, 18668.480113, MEe, 3.111413352e+00, E, -2.000000, NP, 6000 2000
130800, t, 7.182776e-03, KEe, 18697.893262, MEe, 3.116315544e+00, E, -2.000000, NP, 6000 2000
130900, t, 7.188267e-03, KEe, 18776.959099, MEe, 3.129493183e+00, E, -2.000000, NP, 6000 2000
131000, t, 7.193758e-03, KEe, 18805.291801, MEe, 3.134215300e+00, E, -2.000000, NP, 6000 2000
131100, t, 7.199250e-03, KEe, 18847.014999, MEe, 3.141169166e+00, E, -2.000000, NP, 6000 2000
131200, t, 7.204741e-03, KEe, 18821.505101, MEe, 3.136917517e+00, E, -2.000000, NP, 6000 2000
131300, t, 7.210233e-03, KEe, 18804.078716, MEe, 3.134013119e+00, E, -2.000000, NP, 6000 2000
131400, t, 7.215724e-03, KEe, 18752.624496, MEe, 3.125437416e+00, E, -2.000000, NP, 6000 2000
131500, t, 7.221215e-03, KEe, 18688.950804, MEe, 3.114825134e+00, E, -2.000000, NP, 6000 2000
131600, t, 7.226707e-03, KEe, 18742.568455, MEe, 3.123761409e+00, E, -2.000000, NP, 6000 2000
131700, t, 7.232198e-03, KEe, 18792.108526, MEe, 3.132018088e+00, E, -2.000000, NP, 6000 2000
131800, t, 7.237690e-03, KEe, 18847.700396, MEe, 3.141283399e+00, E, -2.000000, NP, 6000 2000
131900, t, 7.243181e-03, KEe, 18836.546808, MEe, 3.139424468e+00, E, -2.000000, NP, 6000 2000
132000, t, 7.248673e-03, KEe, 18889.284241, MEe, 3.148214040e+00, E, -2.000000, NP, 6000 2000
132100, t, 7.254164e-03, KEe, 18883.937293, MEe, 3.147322882e+00, E, -2.000000, NP, 6000 2000
132200, t, 7.259655e-03, KEe, 18809.203296, MEe, 3.134867216e+00, E, -2.000000, NP, 6000 2000
132300, t, 7.265147e-03, KEe, 18889.703352, MEe, 3.148283892e+00, E, -2.000000, NP, 6000 2000
132400, t, 7.270638e-03, KEe, 18944.325955, MEe, 3.157387659e+00, E, -2.000000, NP, 6000 2000
132500, t, 7.276130e-03, KEe, 19003.663766, MEe, 3.167277294e+00, E, -2.000000, NP, 6000 2000
132600, t, 7.281621e-03, KEe, 19119.609644, MEe, 3.186601607e+00, E, -2.000000, NP, 6000 2000
132700, t, 7.287112e-03, KEe, 19065.279763, MEe, 3.177546627e+00, E, -2.000000, NP, 6000 2000
132800, t, 7.292604e-03, KEe, 19050.887527, MEe, 3.175147921e+00, E, -2.000000, NP, 6000 2000
132900, t, 7.298095e-03, KEe, 18952.482314, MEe, 3.158747052e+00, E, -2.000000, NP, 6000 2000
133000, t, 7.303587e-03, KEe, 18915.116032, MEe, 3.152519339e+00, E, -2.000000, NP, 6000 2000
133100, t, 7.309078e-03, KEe, 18896.322121, MEe, 3.149387020e+00, E, -2.000000, NP, 6000 2000
133200, t, 7.314570e-03, KEe, 18915.324709, MEe, 3.152554118e+00, E, -2.000000, NP, 6000 2000
133300, t, 7.320061e-03, KEe, 18869.202702, MEe, 3.144867117e+00, E, -2.000000, NP, 6000 2000
133400, t, 7.325552e-03, KEe, 18837.159206, MEe, 3.139526534e+00, E, -2.000000, NP, 6000 2000
133500, t, 7.331044e-03, KEe, 18837.774987, MEe, 3.139629164e+00, E, -2.000000, NP, 6000 2000
133600, t, 7.336535e-03, KEe, 18863.851316, MEe, 3.143975219e+00, E, -2.000000, NP, 6000 2000
133700, t, 7.342027e-03, KEe, 18858.096847, MEe, 3.143016141e+00, E, -2.000000, NP, 6000 2000
133800, t, 7.347518e-03, KEe, 18858.882913, MEe, 3.143147152e+00, E, -2.000000, NP, 6000 2000
133900, t, 7.353009e-03, KEe, 18825.398444, MEe, 3.137566407e+00, E, -2.000000, NP, 6000 2000
134000, t, 7.358501e-03, KEe, 18859.197593, MEe, 3.143199599e+00, E, -2.000000, NP, 6000 2000
134100, t, 7.363992e-03, KEe, 18856.343431, MEe, 3.142723905e+00, E, -2.000000, NP, 6000 2000
134200, t, 7.369484e-03, KEe, 18840.459136, MEe, 3.140076523e+00, E, -2.000000, NP, 6000 2000
134300, t, 7.374975e-03, KEe, 18858.082348, MEe, 3.143013725e+00, E, -2.000000, NP, 6000 2000
134400, t, 7.380467e-03, KEe, 18966.266472, MEe, 3.161044412e+00, E, -2.000000, NP, 6000 2000
134500, t, 7.385958e-03, KEe, 19019.887830, MEe, 3.169981305e+00, E, -2.000000, NP, 6000 2000
134600, t, 7.391449e-03, KEe, 19041.421168, MEe, 3.173570195e+00, E, -2.000000, NP, 6000 2000
134700, t, 7.396941e-03, KEe, 19027.116704, MEe, 3.171186117e+00, E, -2.000000, NP, 6000 2000
134800, t, 7.402432e-03, KEe, 18981.899209, MEe, 3.163649868e+00, E, -2.000000, NP, 6000 2000
134900, t, 7.407924e-03, KEe, 19042.098979, MEe, 3.173683163e+00, E, -2.000000, NP, 6000 2000
135000, t, 7.413415e-03, KEe, 19137.026007, MEe, 3.189504334e+00, E, -2.000000, NP, 6000 2000
135100, t, 7.418907e-03, KEe, 19119.979299, MEe, 3.186663217e+00, E, -2.000000, NP, 6000 2000
135200, t, 7.424398e-03, KEe, 19014.026433, MEe, 3.169004406e+00, E, -2.000000, NP, 6000 2000
135300, t, 7.429889e-03, KEe, 19006.110285, MEe, 3.167685047e+00, E, -2.000000, NP, 6000 2000
135400, t, 7.435381e-03, KEe, 19000.888117, MEe, 3.166814686e+00, E, -2.000000, NP, 6000 2000
135500, t, 7.440872e-03, KEe, 18967.284387, MEe, 3.161214065e+00, E, -2.000000, NP, 6000 2000
135600, t, 7.446364e-03, KEe, 18938.910069, MEe, 3.156485011e+00, E, -2.000000, NP, 6000 2000
135700, t, 7.451855e-03, KEe, 18919.498214, MEe, 3.153249702e+00, E, -2.000000, NP, 6000 2000
135800, t, 7.457346e-03, KEe, 18932.824194, MEe, 3.155470699e+00, E, -2.000000, NP, 6000 2000
135900, t, 7.462838e-03, KEe, 18909.095147, MEe, 3.151515858e+00, E, -2.000000, NP, 6000 2000
136000, t, 7.468329e-03, KEe, 18899.078313, MEe, 3.149846385e+00, E, -2.000000, NP, 6000 2000
136100, t, 7.473821e-03, KEe, 18963.075688, MEe, 3.160512615e+00, E, -2.000000, NP, 6000 2000
136200, t, 7.479312e-03, KEe, 18843.433133, MEe, 3.140572189e+00, E, -2.000000, NP, 6000 2000
136300, t, 7.484804e-03, KEe, 18966.820060, MEe, 3.161136677e+00, E, -2.000000, NP, 6000 2000
136400, t, 7.490295e-03, KEe, 19026.276697, MEe, 3.171046116e+00, E, -2.000000, NP, 6000 2000
136500, t, 7.495786e-03, KEe, 19008.205079, MEe, 3.168034180e+00, E, -2.000000, NP, 6000 2000
136600, t, 7.501278e-03, KEe, 19036.762200, MEe, 3.172793700e+00, E, -2.000000, NP, 6000 2000
136700, t, 7.506769e-03, KEe, 19016.551875, MEe, 3.169425313e+00, E, -2.000000, NP, 6000 2000
136800, t, 7.512261e-03, KEe, 18876.203943, MEe, 3.146033990e+00, E, -2.000000, NP, 6000 2000
136900, t, 7.517752e-03, KEe, 18887.586989, MEe, 3.147931165e+00, E, -2.000000, NP, 6000 2000
137000, t, 7.523243e-03, KEe, 18847.063335, MEe, 3.141177223e+00, E, -2.000000, NP, 6000 2000
137100, t, 7.528735e-03, KEe, 18855.109428, MEe, 3.142518238e+00, E, -2.000000, NP, 6000 2000
137200, t, 7.534226e-03, KEe, 18907.359982, MEe, 3.151226664e+00, E, -2.000000, NP, 6000 2000
137300, t, 7.539718e-03, KEe, 18915.631263, MEe, 3.152605210e+00, E, -2.000000, NP, 6000 2000
137400, t, 7.545209e-03, KEe, 18907.801710, MEe, 3.151300285e+00, E, -2.000000, NP, 6000 2000
137500, t, 7.550701e-03, KEe, 18971.344827, MEe, 3.161890805e+00, E, -2.000000, NP, 6000 2000
137600, t, 7.556192e-03, KEe, 18996.993402, MEe, 3.166165567e+00, E, -2.000000, NP, 6000 2000
137700, t, 7.561683e-03, KEe, 19034.774402, MEe, 3.172462400e+00, E, -2.000000, NP, 6000 2000
137800, t, 7.567175e-03, KEe, 19059.004525, MEe, 3.176500754e+00, E, -2.000000, NP, 6000 2000
137900, t, 7.572666e-03, KEe, 19133.419301, MEe, 3.188903217e+00, E, -2.000000, NP, 6000 2000
138000, t, 7.578158e-03, KEe, 19170.663301, MEe, 3.195110550e+00, E, -2.000000, NP, 6000 2000
138100, t, 7.583649e-03, KEe, 19102.722190, MEe, 3.183787032e+00, E, -2.000000, NP, 6000 2000
138200, t, 7.589140e-03, KEe, 19056.275398, MEe, 3.176045900e+00, E, -2.000000, NP, 6000 2000
138300, t, 7.594632e-03, KEe, 19060.897909, MEe, 3.176816318e+00, E, -2.000000, NP, 6000 2000
138400, t, 7.600123e-03, KEe, 19081.346803, MEe, 3.180224467e+00, E, -2.000000, NP, 6000 2000
138500, t, 7.605615e-03, KEe, 19028.122177, MEe, 3.171353696e+00, E, -2.000000, NP, 6000 2000
138600, t, 7.611106e-03, KEe, 19000.898626, MEe, 3.166816438e+00, E, -2.000000, NP, 6000 2000
138700, t, 7.616598e-03, KEe, 19066.791266, MEe, 3.177798544e+00, E, -2.000000, NP, 6000 2000
138800, t, 7.622089e-03, KEe, 19013.670143, MEe, 3.168945024e+00, E, -2.000000, NP, 6000 2000
138900, t, 7.627580e-03, KEe, 19023.189864, MEe, 3.170531644e+00, E, -2.000000, NP, 6000 2000
139000, t, 7.633072e-03, KEe, 18903.014675, MEe, 3.150502446e+00, E, -2.000000, NP, 6000 2000
139100, t, 7.638563e-03, KEe, 18942.991953, MEe, 3.157165326e+00, E, -2.000000, NP, 6000 2000
139200, t, 7.644055e-03, KEe, 18935.896609, MEe, 3.155982768e+00, E, -2.000000, NP, 6000 2000
139300, t, 7.649546e-03, KEe, 18858.721354, MEe, 3.143120226e+00, E, -2.000000, NP, 6000 2000
139400, t, 7.655038e-03, KEe, 18940.454372, MEe, 3.156742395e+00, E, -2.000000, NP, 6000 2000
139500, t, 7.660529e-03, KEe, 18938.566258, MEe, 3.156427710e+00, E, -2.000000, NP, 6000 2000
139600, t, 7.666020e-03, KEe, 18961.399212, MEe, 3.160233202e+00, E, -2.000000, NP, 6000 2000
139700, t, 7.671512e-03, KEe, 18933.081117, MEe, 3.155513520e+00, E, -2.000000, NP, 6000 2000
139800, t, 7.677003e-03, KEe, 18969.050177, MEe, 3.161508363e+00, E, -2.000000, NP, 6000 2000
139900, t, 7.682495e-03, KEe, 18932.351179, MEe, 3.155391863e+00, E, -2.000000, NP, 6000 2000
140000, t, 7.687986e-03, KEe, 18800.549176, MEe, 3.133424863e+00, E, -2.000000, NP, 6000 2000
140100, t, 7.693477e-03, KEe, 18813.972693, MEe, 3.135662115e+00, E, -2.000000, NP, 6000 2000
140200, t, 7.698969e-03, KEe, 18899.596131, MEe, 3.149932689e+00, E, -2.000000, NP, 6000 2000
140300, t, 7.704460e-03, KEe, 18848.996004, MEe, 3.141499334e+00, E, -2.000000, NP, 6000 2000
140400, t, 7.709952e-03, KEe, 18869.970677, MEe, 3.144995113e+00, E, -2.000000, NP, 6000 2000
140500, t, 7.715443e-03, KEe, 18872.176780, MEe, 3.145362797e+00, E, -2.000000, NP, 6000 2000
140600, t, 7.720935e-03, KEe, 18884.469798, MEe, 3.147411633e+00, E, -2.000000, NP, 6000 2000
140700, t, 7.726426e-03, KEe, 18877.240762, MEe, 3.146206794e+00, E, -2.000000, NP, 6000 2000
140800, t, 7.731917e-03, KEe, 18988.979334, MEe, 3.164829889e+00, E, -2.000000, NP, 6000 2000
140900, t, 7.737409e-03, KEe, 18926.874485, MEe, 3.154479081e+00, E, -2.000000, NP, 6000 2000
141000, t, 7.742900e-03, KEe, 18941.975889, MEe, 3.156995982e+00, E, -2.000000, NP, 6000 2000
141100, t, 7.748392e-03, KEe, 18955.402595, MEe, 3.159233766e+00, E, -2.000000, NP, 6000 2000
141200, t, 7.753883e-03, KEe, 18907.528579, MEe, 3.151254763e+00, E, -2.000000, NP, 6000 2000
141300, t, 7.759374e-03, KEe, 18837.439637, MEe, 3.139573273e+00, E, -2.000000, NP, 6000 2000
141400, t, 7.764866e-03, KEe, 18848.918289, MEe, 3.141486381e+00, E, -2.000000, NP, 6000 2000
141500, t, 7.770357e-03, KEe, 18828.572286, MEe, 3.138095381e+00, E, -2.000000, NP, 6000 2000
141600, t, 7.775849e-03, KEe, 18870.306260, MEe, 3.145051043e+00, E, -2.000000, NP, 6000 2000
141700, t, 7.781340e-03, KEe, 18798.526675, MEe, 3.133087779e+00, E, -2.000000, NP, 6000 2000
141800, t, 7.786832e-03, KEe, 18704.286159, MEe, 3.117381027e+00, E, -2.000000, NP, 6000 2000
141900, t, 7.792323e-03, KEe, 18753.424588, MEe, 3.125570765e+00, E, -2.000000, NP, 6000 2000
142000, t, 7.797814e-03, KEe, 18693.224257, MEe, 3.115537376e+00, E, -2.000000, NP, 6000 2000
142100, t, 7.803306e-03, KEe, 18667.092318, MEe, 3.111182053e+00, E, -2.000000, NP, 6000 2000
142200, t, 7.808797e-03, KEe, 18728.105809, MEe, 3.121350968e+00, E, -2.000000, NP, 6000 2000
142300, t, 7.814289e-03, KEe, 18777.653269, MEe, 3.129608878e+00, E, -2.000000, NP, 6000 2000
142400, t, 7.819780e-03, KEe, 18685.288404, MEe, 3.114214734e+00, E, -2.000000, NP, 6000 2000
142500, t, 7.825271e-03, KEe, 18713.322456, MEe, 3.118887076e+00, E, -2.000000, NP, 6000 2000
142600, t, 7.830763e-03, KEe, 18707.609107, MEe, 3.117934851e+00, E, -2.000000, NP, 6000 2000
142700, t, 7.836254e-03, KEe, 18794.910113, MEe, 3.132485019e+00, E, -2.000000, NP, 6000 2000
142800, t, 7.841746e-03, KEe, 18839.845601, MEe, 3.139974267e+00, E, -2.000000, NP, 6000 2000
142900, t, 7.847237e-03, KEe, 18851.284934, MEe, 3.141880822e+00, E, -2.000000, NP, 6000 2000
143000, t, 7.852729e-03, KEe, 18837.578138, MEe, 3.139596356e+00, E, -2.000000, NP, 6000 2000
143100, t, 7.858220e-03, KEe, 18933.700466, MEe, 3.155616744e+00, E, -2.000000, NP, 6000 2000
143200, t, 7.863711e-03, KEe, 18917.282297, MEe, 3.152880383e+00, E, -2.000000, NP, 6000 2000
143300, t, 7.869203e-03, KEe, 18853.870835, MEe, 3.142311806e+00, E, -2.000000, NP, 6000 2000
143400, t, 7.874694e-03, KEe, 18849.015446, MEe, 3.141502574e+00, E, -2.000000, NP, 6000 2000
143500, t, 7.880186e-03, KEe, 18872.285359, MEe, 3.145380893e+00, E, -2.000000, NP, 6000 2000
143600, t, 7.885677e-03, KEe, 18913.412225, MEe, 3.152235371e+00, E, -2.000000, NP, 6000 2000
143700, t, 7.891169e-03, KEe, 18930.127683, MEe, 3.155021281e+00, E, -2.000000, NP, 6000 2000
143800, t, 7.896660e-03, KEe, 18921.035295, MEe, 3.153505883e+00, E, -2.000000, NP, 6000 2000
143900, t, 7.902151e-03, KEe, 18905.296202, MEe, 3.150882700e+00, E, -2.000000, NP, 6000 2000
144000, t, 7.907643e-03, KEe, 18774.381619, MEe, 3.129063603e+00, E, -2.000000, NP, 6000 2000
144100, t, 7.913134e-03, KEe, 18817.525413, MEe, 3.136254236e+00, E, -2.000000, NP, 6000 2000
144200, t, 7.918626e-03, KEe, 18893.591945, MEe, 3.148931991e+00, E, -2.000000, NP, 6000 2000
144300, t, 7.924117e-03, KEe, 18854.212435, MEe, 3.142368739e+00, E, -2.000000, NP, 6000 2000
144400, t, 7.929608e-03, KEe, 18893.265516, MEe, 3.148877586e+00, E, -2.000000, NP, 6000 2000
144500, t, 7.935100e-03, KEe, 18878.471484, MEe, 3.146411914e+00, E, -2.000000, NP, 6000 2000
144600, t, 7.940591e-03, KEe, 18897.720435, MEe, 3.149620073e+00, E, -2.000000, NP, 6000 2000
144700, t, 7.946083e-03, KEe, 18885.099669, MEe, 3.147516612e+00, E, -2.000000, NP, 6000 2000
144800, t, 7.951574e-03, KEe, 18888.168011, MEe, 3.148028002e+00, E, -2.000000, NP, 6000 2000
144900, t, 7.957066e-03, KEe, 18886.497194, MEe, 3.147749532e+00, E, -2.000000, NP, 6000 2000
145000, t, 7.962557e-03, KEe, 18931.098678, MEe, 3.155183113e+00, E, -2.000000, NP, 6000 2000
145100, t, 7.968048e-03, KEe, 19018.737532, MEe, 3.169789589e+00, E, -2.000000, NP, 6000 2000
145200, t, 7.973540e-03, KEe, 19037.284118, MEe, 3.172880686e+00, E, -2.000000, NP, 6000 2000
145300, t, 7.979031e-03, KEe, 18987.378452, MEe, 3.164563075e+00, E, -2.000000, NP, 6000 2000
145400, t, 7.984523e-03, KEe, 18992.786006, MEe, 3.165464334e+00, E, -2.000000, NP, 6000 2000
145500, t, 7.990014e-03, KEe, 19031.238283, MEe, 3.171873047e+00, E, -2.000000, NP, 6000 2000
145600, t, 7.995505e-03, KEe, 19000.430325, MEe, 3.166738388e+00, E, -2.000000, NP, 6000 2000
145700, t, 8.000997e-03, KEe, 18970.105778, MEe, 3.161684296e+00, E, -2.000000, NP, 6000 2000
145800, t, 8.006488e-03, KEe, 18976.781644, MEe, 3.162796941e+00, E, -2.000000, NP, 6000 2000
145900, t, 8.011980e-03, KEe, 18956.947466, MEe, 3.159491244e+00, E, -2.000000, NP, 6000 2000
146000, t, 8.017471e-03, KEe, 18932.530949, MEe, 3.155421825e+00, E, -2.000000, NP, 6000 2000
146100, t, 8.022963e-03, KEe, 18871.767690, MEe, 3.145294615e+00, E, -2.000000, NP, 6000 2000
146200, t, 8.028454e-03, KEe, 18886.370763, MEe, 3.147728461e+00, E, -2.000000, NP, 6000 2000
146300, t, 8.033945e-03, KEe, 18907.904822, MEe, 3.151317470e+00, E, -2.000000, NP, 6000 2000
146400, t, 8.039437e-03, KEe, 18911.117447, MEe, 3.151852908e+00, E, -2.000000, NP, 6000 2000
146500, t, 8.044928e-03, KEe, 18920.256034, MEe, 3.153376006e+00, E, -2.000000, NP, 6000 2000
146600, t, 8.050420e-03, KEe, 18770.811299, MEe, 3.128468550e+00, E, -2.000000, NP, 6000 2000
146700, t, 8.055911e-03, KEe, 18831.016017, MEe, 3.138502669e+00, E, -2.000000, NP, 6000 2000
146800, t, 8.061402e-03, KEe, 18856.760903, MEe, 3.142793484e+00, E, -2.000000, NP, 6000 2000
146900, t, 8.066894e-03, KEe, 18797.695823, MEe, 3.132949304e+00, E, -2.000000, NP, 6000 2000
147000, t, 8.072385e-03, KEe, 18836.579317, MEe, 3.139429886e+00, E, -2.000000, NP, 6000 2000
147100, t, 8.077877e-03, KEe, 18832.838146, MEe, 3.138806358e+00, E, -2.000000, NP, 6000 2000
147200, t, 8.083368e-03, KEe, 18909.635578, MEe, 3.151605930e+00, E, -2.000000, NP, 6000 2000
147300, t, 8.088860e-03, KEe, 18903.916710, MEe, 3.150652785e+00, E, -2.000000, NP, 6000 2000
147400, t, 8.094351e-03, KEe, 18865.432321, MEe, 3.144238720e+00, E, -2.000000, NP, 6000 2000
147500, t, 8.099842e-03, KEe, 18756.041268, MEe, 3.126006878e+00, E, -2.000000, NP, 6000 2000
147600, t, 8.105334e-03, KEe, 18722.197643, MEe, 3.120366274e+00, E, -2.000000, NP, 6000 2000
147700, t, 8.110825e-03, KEe, 18714.070572, MEe, 3.119011762e+00, E, -2.000000, NP, 6000 2000
147800, t, 8.116317e-03, KEe, 18766.861281, MEe, 3.127810214e+00, E, -2.000000, NP, 6000 2000
147900, t, 8.121808e-03, KEe, 18804.049794, MEe, 3.134008299e+00, E, -2.000000, NP, 6000 2000
148000, t, 8.127300e-03, KEe, 18732.837559, MEe, 3.122139593e+00, E, -2.000000, NP, 6000 2000
148100, t, 8.132791e-03, KEe, 18855.849694, MEe, 3.142641616e+00, E, -2.000000, NP, 6000 2000
148200, t, 8.138282e-03, KEe, 18855.544896, MEe, 3.142590816e+00, E, -2.000000, NP, 6000 2000
148300, t, 8.143774e-03, KEe, 18849.698302, MEe, 3.141616384e+00, E, -2.000000, NP, 6000 2000
148400, t, 8.149265e-03, KEe, 18786.737853, MEe, 3.131122976e+00, E, -2.000000, NP, 6000 2000
148500, t, 8.154757e-03, KEe, 18773.580111, MEe, 3.128930018e+00, E, -2.000000, NP, 6000 2000
148600, t, 8.160248e-03, KEe, 18824.909209, MEe, 3.137484868e+00, E, -2.000000, NP, 6000 2000
148700, t, 8.165739e-03, KEe, 18855.729915, MEe, 3.142621652e+00, E, -2.000000, NP, 6000 2000
148800, t, 8.171231e-03, KEe, 18798.852801, MEe, 3.133142134e+00, E, -2.000000, NP, 6000 2000
148900, t, 8.176722e-03, KEe, 18770.828583, MEe, 3.128471430e+00, E, -2.000000, NP, 6000 2000
149000, t, 8.182214e-03, KEe, 18713.881516, MEe, 3.118980253e+00, E, -2.000000, NP, 6000 2000
149100, t, 8.187705e-03, KEe, 18696.746599, MEe, 3.116124433e+00, E, -2.000000, NP, 6000 2000
149200, t, 8.193197e-03, KEe, 18646.988973, MEe, 3.107831495e+00, E, -2.000000, NP, 6000 2000
149300, t, 8.198688e-03, KEe, 18716.417385, MEe, 3.119402897e+00, E, -2.000000, NP, 6000 2000
149400, t, 8.204179e-03, KEe, 18701.852336, MEe, 3.116975389e+00, E, -2.000000, NP, 6000 2000
149500, t, 8.209671e-03, KEe, 18758.021618, MEe, 3.126336936e+00, E, -2.000000, NP, 6000 2000
149600, t, 8.215162e-03, KEe, 18771.575251, MEe, 3.128595875e+00, E, -2.000000, NP, 6000 2000
149700, t, 8.220654e-03, KEe, 18790.914092, MEe, 3.131819015e+00, E, -2.000000, NP, 6000 2000
149800, t, 8.226145e-03, KEe, 18830.505201, MEe, 3.138417533e+00, E, -2.000000, NP, 6000 2000
149900, t, 8.231636e-03, KEe, 18862.114020, MEe, 3.143685670e+00, E, -2.000000, NP, 6000 2000
150000, t, 8.237128e-03, KEe, 18829.728250, MEe, 3.138288042e+00, E, -2.000000, NP, 6000 2000
150100, t, 8.242619e-03, KEe, 18849.745053, MEe, 3.141624175e+00, E, -2.000000, NP, 6000 2000
150200, t, 8.248111e-03, KEe, 18919.758249, MEe, 3.153293042e+00, E, -2.000000, NP, 6000 2000
150300, t, 8.253602e-03, KEe, 18807.174100, MEe, 3.134529017e+00, E, -2.000000, NP, 6000 2000
150400, t, 8.259094e-03, KEe, 18835.317636, MEe, 3.139219606e+00, E, -2.000000, NP, 6000 2000
150500, t, 8.264585e-03, KEe, 18864.329945, MEe, 3.144054991e+00, E, -2.000000, NP, 6000 2000
150600, t, 8.270076e-03, KEe, 18891.209623, MEe, 3.148534937e+00, E, -2.000000, NP, 6000 2000
150700, t, 8.275568e-03, KEe, 18925.552194, MEe, 3.154258699e+00, E, -2.000000, NP, 6000 2000
150800, t, 8.281059e-03, KEe, 18899.227101, MEe, 3.149871183e+00, E, -2.000000, NP, 6000 2000
150900, t, 8.286551e-03, KEe, 18925.779066, MEe, 3.154296511e+00, E, -2.000000, NP, 6000 2000
151000, t, 8.292042e-03, KEe, 18933.135127, MEe, 3.155522521e+00, E, -2.000000, NP, 6000 2000
151100, t, 8.297533e-03, KEe, 18946.169855, MEe, 3.157694976e+00, E, -2.000000, NP, 6000 2000
151200, t, 8.303025e-03, KEe, 18917.422920, MEe, 3.152903820e+00, E, -2.000000, NP, 6000 2000
151300, t, 8.308516e-03, KEe, 18838.882212, MEe, 3.139813702e+00, E, -2.000000, NP, 6000 2000
151400, t, 8.314008e-03, KEe, 18787.878455, MEe, 3.131313076e+00, E, -2.000000, NP, 6000 2000
151500, t, 8.319499e-03, KEe, 18880.439446, MEe, 3.146739908e+00, E, -2.000000, NP, 6000 2000
151600, t, 8.324991e-03, KEe, 18888.876483, MEe, 3.148146080e+00, E, -2.000000, NP, 6000 2000
151700, t, 8.330482e-03, KEe, 18936.042263, MEe, 3.156007044e+00, E, -2.000000, NP, 6000 2000
151800, t, 8.335973e-03, KEe, 18981.549891, MEe, 3.163591648e+00, E, -2.000000, NP, 6000 2000
151900, t, 8.341465e-03, KEe, 18957.037858, MEe, 3.159506310e+00, E, -2.000000, NP, 6000 2000
152000, t, 8.346956e-03, KEe, 18913.798883, MEe, 3.152299814e+00, E, -2.000000, NP, 6000 2000
152100, t, 8.352448e-03, KEe, 18983.631904, MEe, 3.163938651e+00, E, -2.000000, NP, 6000 2000
152200, t, 8.357939e-03, KEe, 19067.081614, MEe, 3.177846936e+00, E, -2.000000, NP, 6000 2000
152300, t, 8.363431e-03, KEe, 19098.704452, MEe, 3.183117409e+00, E, -2.000000, NP, 6000 2000
152400, t, 8.368922e-03, KEe, 19097.815167, MEe, 3.182969195e+00, E, -2.000000, NP, 6000 2000
152500, t, 8.374413e-03, KEe, 19170.523500, MEe, 3.195087250e+00, E, -2.000000, NP, 6000 2000
152600, t, 8.379905e-03, KEe, 19197.806019, MEe, 3.199634336e+00, E, -2.000000, NP, 6000 2000
152700, t, 8.385396e-03, KEe, 19161.615102, MEe, 3.193602517e+00, E, -2.000000, NP, 6000 2000
152800, t, 8.390888e-03, KEe, 19037.226352, MEe, 3.172871059e+00, E, -2.000000, NP, 6000 2000
152900, t, 8.396379e-03, KEe, 19018.020808, MEe, 3.169670135e+00, E, -2.000000, NP, 6000 2000
153000, t, 8.401870e-03, KEe, 18984.133179, MEe, 3.164022197e+00, E, -2.000000, NP, 6000 2000
153100, t, 8.407362e-03, KEe, 18881.446507, MEe, 3.146907751e+00, E, -2.000000, NP, 6000 2000
153200, t, 8.412853e-03, KEe, 18854.890352, MEe, 3.142481725e+00, E, -2.000000, NP, 6000 2000
153300, t, 8.418345e-03, KEe, 18935.243594, MEe, 3.155873932e+00, E, -2.000000, NP, 6000 2000
153400, t, 8.423836e-03, KEe, 18942.037945, MEe, 3.157006324e+00, E, -2.000000, NP, 6000 2000
153500, t, 8.429328e-03, KEe, 18938.893788, MEe, 3.156482298e+00, E, -2.000000, NP, 6000 2000
153600, t, 8.434819e-03, KEe, 18923.412848, MEe, 3.153902141e+00, E, -2.000000, NP, 6000 2000
153700, t, 8.440310e-03, KEe, 18971.243947, MEe, 3.161873991e+00, E, -2.000000, NP, 6000 2000
153800, t, 8.445802e-03, KEe, 18975.845468, MEe, 3.162640911e+00, E, -2.000000, NP, 6000 2000
153900, t, 8.451293e-03, KEe, 18996.559355, MEe, 3.166093226e+00, E, -2.000000, NP, 6000 2000
154000, t, 8.456785e-03, KEe, 18893.660775, MEe, 3.148943463e+00, E, -2.000000, NP, 6000 2000
154100, t, 8.462276e-03, KEe, 18913.778331, MEe, 3.152296389e+00, E, -2.000000, NP, 6000 2000
154200, t, 8.467767e-03, KEe, 18979.412990, MEe, 3.163235498e+00, E, -2.000000, NP, 6000 2000
154300, t, 8.473259e-03, KEe, 18961.965714, MEe, 3.160327619e+00, E, -2.000000, NP, 6000 2000
154400, t, 8.478750e-03, KEe, 18967.068681, MEe, 3.161178113e+00, E, -2.000000, NP, 6000 2000
154500, t, 8.484242e-03, KEe, 18959.019003, MEe, 3.159836500e+00, E, -2.000000, NP, 6000 2000
154600, t, 8.489733e-03, KEe, 18902.103374, MEe, 3.150350562e+00, E, -2.000000, NP, 6000 2000
154700, t, 8.495225e-03, KEe, 18824.588273, MEe, 3.137431379e+00, E, -2.000000, NP, 6000 2000
154800, t, 8.500716e-03, KEe, 18843.280764, MEe, 3.140546794e+00, E, -2.000000, NP, 6000 2000
154900, t, 8.506207e-03, KEe, 18777.690199, MEe, 3.129615033e+00, E, -2.000000, NP, 6000 2000
155000, t, 8.511699e-03, KEe, 18734.301618, MEe, 3.122383603e+00, E, -2.000000, NP, 6000 2000
155100, t, 8.517190e-03, KEe, 18784.114973, MEe, 3.130685829e+00, E, -2.000000, NP, 6000 2000
155200, t, 8.522682e-03, KEe, 18703.207864, MEe, 3.117201311e+00, E, -2.000000, NP, 6000 2000
155300, t, 8.528173e-03, KEe, 18691.525145, MEe, 3.115254191e+00, E, -2.000000, NP, 6000 2000
155400, t, 8.533664e-03, KEe, 18677.660073, MEe, 3.112943345e+00, E, -2.000000, NP, 6000 2000
155500, t, 8.539156e-03, KEe, 18686.388043, MEe, 3.114398007e+00, E, -2.000000, NP, 6000 2000
155600, t, 8.544647e-03, KEe, 18600.114881, MEe, 3.100019147e+00, E, -2.000000, NP, 6000 2000
155700, t, 8.550139e-03, KEe, 18692.079301, MEe, 3.115346550e+00, E, -2.000000, NP, 6000 2000
155800, t, 8.555630e-03, KEe, 18740.759379, MEe, 3.123459896e+00, E, -2.000000, NP, 6000 2000
155900, t, 8.561122e-03, KEe, 18808.521864, MEe, 3.134753644e+00, E, -2.000000, NP, 6000 2000
156000, t, 8.566613e-03, KEe, 18760.544333, MEe, 3.126757389e+00, E, -2.000000, NP, 6000 2000
156100, t, 8.572104e-03, KEe, 18780.523728, MEe, 3.130087288e+00, E, -2.000000, NP, 6000 2000
156200, t, 8.577596e-03, KEe, 18794.516668, MEe, 3.132419445e+00, E, -2.000000, NP, 6000 2000
156300, t, 8.583087e-03, KEe, 18855.197244, MEe, 3.142532874e+00, E, -2.000000, NP, 6000 2000
156400, t, 8.588579e-03, KEe, 18855.763295, MEe, 3.142627216e+00, E, -2.000000, NP, 6000 2000
156500, t, 8.594070e-03, KEe, 18817.905139, MEe, 3.136317523e+00, E, -2.000000, NP, 6000 2000
156600, t, 8.599562e-03, KEe, 18894.109846, MEe, 3.149018308e+00, E, -2.000000, NP, 6000 2000
156700, t, 8.605053e-03, KEe, 18916.138759, MEe, 3.152689793e+00, E, -2.000000, NP, 6000 2000
156800, t, 8.610544e-03, KEe, 18922.635774, MEe, 3.153772629e+00, E, -2.000000, NP, 6000 2000
156900, t, 8.616036e-03, KEe, 18890.978005, MEe, 3.148496334e+00, E, -2.000000, NP, 6000 2000
157000, t, 8.621527e-03, KEe, 18896.535038, MEe, 3.149422506e+00, E, -2.000000, NP, 6000 2000
157100, t, 8.627019e-03, KEe, 18829.737814, MEe, 3.138289636e+00, E, -2.000000, NP, 6000 2000
157200, t, 8.632510e-03, KEe, 18790.000410, MEe, 3.131666735e+00, E, -2.000000, NP, 6000 2000
157300, t, 8.638001e-03, KEe, 18935.231426, MEe, 3.155871904e+00, E, -2.000000, NP, 6000 2000
157400, t, 8.643493e-03, KEe, 18963.711413, MEe, 3.160618569e+00, E, -2.000000, NP, 6000 2000
157500, t, 8.648984e-03, KEe, 18926.772261, MEe, 3.154462044e+00, E, -2.000000, NP, 6000 2000
157600, t, 8.654476e-03, KEe, 18897.849353, MEe, 3.149641559e+00, E, -2.000000, NP, 6000 2000
157700, t, 8.659967e-03, KEe, 18857.865723, MEe, 3.142977621e+00, E, -2.000000, NP, 6000 2000
157800, t, 8.665459e-03, KEe, 18948.742916, MEe, 3.158123819e+00, E, -2.000000, NP, 6000 2000
157900, t, 8.670950e-03, KEe, 18830.049210, MEe, 3.138341535e+00, E, -2.000000, NP, 6000 2000
158000, t, 8.676441e-03, KEe, 18825.949544, MEe, 3.137658257e+00, E, -2.000000, NP, 6000 2000
158100, t, 8.681933e-03, KEe, 18926.873801, MEe, 3.154478967e+00, E, -2.000000, NP, 6000 2000
158200, t, 8.687424e-03, KEe, 18883.499366, MEe, 3.147249894e+00, E, -2.000000, NP, 6000 2000
158300, t, 8.692916e-03, KEe, 18908.566530, MEe, 3.151427755e+00, E, -2.000000, NP, 6000 2000
158400, t, 8.698407e-03, KEe, 18904.353203, MEe, 3.150725534e+00, E, -2.000000, NP, 6000 2000
158500, t, 8.703898e-03, KEe, 18934.225358, MEe, 3.155704226e+00, E, -2.000000, NP, 6000 2000
158600, t, 8.709390e-03, KEe, 18965.973629, MEe, 3.160995605e+00, E, -2.000000, NP, 6000 2000
158700, t, 8.714881e-03, KEe, 19026.679499, MEe, 3.171113250e+00, E, -2.000000, NP, 6000 2000
158800, t, 8.720373e-03, KEe, 18969.891610, MEe, 3.161648602e+00, E, -2.000000, NP, 6000 2000
158900, t, 8.725864e-03, KEe, 18987.087159, MEe, 3.164514527e+00, E, -2.000000, NP, 6000 2000
159000, t, 8.731356e-03, KEe, 18915.784391, MEe, 3.152630732e+00, E, -2.000000, NP, 6000 2000
159100, t, 8.736847e-03, KEe, 18902.686388, MEe, 3.150447731e+00, E, -2.000000, NP, 6000 2000
159200, t, 8.742338e-03, KEe, 18816.517126, MEe, 3.136086188e+00, E, -2.000000, NP, 6000 2000
159300, t, 8.747830e-03, KEe, 18824.590157, MEe, 3.137431693e+00, E, -2.000000, NP, 6000 2000
159400, t, 8.753321e-03, KEe, 18838.679837, MEe, 3.139779973e+00, E, -2.000000, NP, 6000 2000
159500, t, 8.758813e-03, KEe, 18797.483292, MEe, 3.132913882e+00, E, -2.000000, NP, 6000 2000
159600, t, 8.764304e-03, KEe, 18834.459744, MEe, 3.139076624e+00, E, -2.000000, NP, 6000 2000
159700, t, 8.769795e-03, KEe, 18789.634451, MEe, 3.131605742e+00, E, -2.000000, NP, 6000 2000
159800, t, 8.775287e-03, KEe, 18760.714108, MEe, 3.126785685e+00, E, -2.000000, NP, 6000 2000
159900, t, 8.780778e-03, KEe, 18883.907687, MEe, 3.147317948e+00, E, -2.000000, NP, 6000 2000
160000, t, 8.786270e-03, KEe, 18919.082818, MEe, 3.153180470e+00, E, -2.000000, NP, 6000 2000
160100, t, 8.791761e-03, KEe, 18977.083065, MEe, 3.162847177e+00, E, -2.000000, NP, 6000 2000
160200, t, 8.797253e-03, KEe, 18950.271663, MEe, 3.158378610e+00, E, -2.000000, NP, 6000 2000
160300, t, 8.802744e-03, KEe, 19042.445939, MEe, 3.173740990e+00, E, -2.000000, NP, 6000 2000
160400, t, 8.808235e-03, KEe, 19015.686484, MEe, 3.169281081e+00, E, -2.000000, NP, 6000 2000
160500, t, 8.813727e-03, KEe, 18994.246504, MEe, 3.165707751e+00, E, -2.000000, NP, 6000 2000
160600, t, 8.819218e-03, KEe, 19040.683242, MEe, 3.173447207e+00, E, -2.000000, NP, 6000 2000
160700, t, 8.824710e-03, KEe, 19071.719554, MEe, 3.178619926e+00, E, -2.000000, NP, 6000 2000
160800, t, 8.830201e-03, KEe, 19012.563218, MEe, 3.168760536e+00, E, -2.000000, NP, 6000 2000
160900, t, 8.835693e-03, KEe, 19103.033007, MEe, 3.183838834e+00, E, -2.000000, NP, 6000 2000
161000, t, 8.841184e-03, KEe, 19034.912627, MEe, 3.172485438e+00, E, -2.000000, NP, 6000 2000
161100, t, 8.846675e-03, KEe, 18967.254508, MEe, 3.161209085e+00, E, -2.000000, NP, 6000 2000
161200, t, 8.852167e-03, KEe, 18899.796425, MEe, 3.149966071e+00, E, -2.000000, NP, 6000 2000
161300, t, 8.857658e-03, KEe, 18864.403251, MEe, 3.144067209e+00, E, -2.000000, NP, 6000 2000
161400, t, 8.863150e-03, KEe, 18832.230958, MEe, 3.138705160e+00, E, -2.000000, NP, 6000 2000
161500, t, 8.868641e-03, KEe, 18835.610276, MEe, 3.139268379e+00, E, -2.000000, NP, 6000 2000
161600, t, 8.874132e-03, KEe, 18877.852367, MEe, 3.146308728e+00, E, -2.000000, NP, 6000 2000
161700, t, 8.879624e-03, KEe, 18791.604618, MEe, 3.131934103e+00, E, -2.000000, NP, 6000 2000
161800, t, 8.885115e-03, KEe, 18776.549775, MEe, 3.129424963e+00, E, -2.000000, NP, 6000 2000
161900, t, 8.890607e-03, KEe, 18731.674667, MEe, 3.121945778e+00, E, -2.000000, NP, 6000 2000
162000, t, 8.896098e-03, KEe, 18715.227819, MEe, 3.119204636e+00, E, -2.000000, NP, 6000 2000
162100, t, 8.901590e-03, KEe, 18680.775207, MEe, 3.113462535e+00, E, -2.000000, NP, 6000 2000
162200, t, 8.907081e-03, KEe, 18657.572955, MEe, 3.109595492e+00, E, -2.000000, NP, 6000 2000
162300, t, 8.912572e-03, KEe, 18716.439898, MEe, 3.119406650e+00, E, -2.000000, NP, 6000 2000
162400, t, 8.918064e-03, KEe, 18723.322499, MEe, 3.120553750e+00, E, -2.000000, NP, 6000 2000
162500, t, 8.923555e-03, KEe, 18744.739827, MEe, 3.124123304e+00, E, -2.000000, NP, 6000 2000
162600, t, 8.929047e-03, KEe, 18661.631478, MEe, 3.110271913e+00, E, -2.000000, NP, 6000 2000
162700, t, 8.934538e-03, KEe, 18687.825320, MEe, 3.114637553e+00, E, -2.000000, NP, 6000 2000
162800, t, 8.940029e-03, KEe, 18585.714497, MEe, 3.097619083e+00, E, -2.000000, NP, 6000 2000
162900, t, 8.945521e-03, KEe, 18597.542872, MEe, 3.099590479e+00, E, -2.000000, NP, 6000 2000
163000, t, 8.951012e-03, KEe, 18562.391069, MEe, 3.093731845e+00, E, -2.000000, NP, 6000 2000
163100, t, 8.956504e-03, KEe, 18676.608923, MEe, 3.112768154e+00, E, -2.000000, NP, 6000 2000
163200, t, 8.961995e-03, KEe, 18728.445595, MEe, 3.121407599e+00, E, -2.000000, NP, 6000 2000
163300, t, 8.967487e-03, KEe, 18671.204953, MEe, 3.111867492e+00, E, -2.000000, NP, 6000 2000
163400, t, 8.972978e-03, KEe, 18736.929174, MEe, 3.122821529e+00, E, -2.000000, NP, 6000 2000
163500, t, 8.978469e-03, KEe, 18742.405751, MEe, 3.123734292e+00, E, -2.000000, NP, 6000 2000
163600, t, 8.983961e-03, KEe, 18746.159631, MEe, 3.124359938e+00, E, -2.000000, NP, 6000 2000
163700, t, 8.989452e-03, KEe, 18658.019406, MEe, 3.109669901e+00, E, -2.000000, NP, 6000 2000
163800, t, 8.994944e-03, KEe, 18750.473003, MEe, 3.125078834e+00, E, -2.000000, NP, 6000 2000
163900, t, 9.000435e-03, KEe, 18792.984893, MEe, 3.132164149e+00, E, -2.000000, NP, 6000 2000
164000, t, 9.005926e-03, KEe, 18809.144785, MEe, 3.134857464e+00, E, -2.000000, NP, 6000 2000
164100, t, 9.011418e-03, KEe, 18779.633235, MEe, 3.129938873e+00, E, -2.000000, NP, 6000 2000
164200, t, 9.016909e-03, KEe, 18747.763743, MEe, 3.124627290e+00, E, -2.000000, NP, 6000 2000
164300, t, 9.022401e-03, KEe, 18739.431368, MEe, 3.123238561e+00, E, -2.000000, NP, 6000 2000
164400, t, 9.027892e-03, KEe, 18750.488470, MEe, 3.125081412e+00, E, -2.000000, NP, 6000 2000
164500, t, 9.033384e-03, KEe, 18728.989941, MEe, 3.121498323e+00, E, -2.000000, NP, 6000 2000
164600, t, 9.038875e-03, KEe, 18753.131694, MEe, 3.125521949e+00, E, -2.000000, NP, 6000 2000
164700, t, 9.044366e-03, KEe, 18672.820307, MEe, 3.112136718e+00, E, -2.000000, NP, 6000 2000
164800, t, 9.049858e-03, KEe, 18696.374290, MEe, 3.116062382e+00, E, -2.000000, NP, 6000 2000
164900, t, 9.055349e-03, KEe, 18701.661779, MEe, 3.116943630e+00, E, -2.000000, NP, 6000 2000
165000, t, 9.060841e-03, KEe, 18689.998125, MEe, 3.114999688e+00, E, -2.000000, NP, 6000 2000
165100, t, 9.066332e-03, KEe, 18713.811472, MEe, 3.118968579e+00, E, -2.000000, NP, 6000 2000
165200, t, 9.071824e-03, KEe, 18693.425351, MEe, 3.115570892e+00, E, -2.000000, NP, 6000 2000
165300, t, 9.077315e-03, KEe, 18644.684546, MEe, 3.107447424e+00, E, -2.000000, NP, 6000 2000
165400, t, 9.082806e-03, KEe, 18599.409634, MEe, 3.099901606e+00, E, -2.000000, NP, 6000 2000
165500, t, 9.088298e-03, KEe, 18612.452874, MEe, 3.102075479e+00, E, -2.000000, NP, 6000 2000
165600, t, 9.093789e-03, KEe, 18642.427405, MEe, 3.107071234e+00, E, -2.000000, NP, 6000 2000
165700, t, 9.099281e-03, KEe, 18605.307280, MEe, 3.100884547e+00, E, -2.000000, NP, 6000 2000
165800, t, 9.104772e-03, KEe, 18644.540296, MEe, 3.107423383e+00, E, -2.000000, NP, 6000 2000
165900, t, 9.110263e-03, KEe, 18727.602781, MEe, 3.121267130e+00, E, -2.000000, NP, 6000 2000
166000, t, 9.115755e-03, KEe, 18819.911001, MEe, 3.136651833e+00, E, -2.000000, NP, 6000 2000
166100, t, 9.121246e-03, KEe, 18876.423711, MEe, 3.146070619e+00, E, -2.000000, NP, 6000 2000
166200, t, 9.126738e-03, KEe, 18870.939281, MEe, 3.145156547e+00, E, -2.000000, NP, 6000 2000
166300, t, 9.132229e-03, KEe, 18909.676413, MEe, 3.151612736e+00, E, -2.000000, NP, 6000 2000
166400, t, 9.137721e-03, KEe, 18971.751482, MEe, 3.161958580e+00, E, -2.000000, NP, 6000 2000
166500, t, 9.143212e-03, KEe, 18911.855212, MEe, 3.151975869e+00, E, -2.000000, NP, 6000 2000
166600, t, 9.148703e-03, KEe, 18905.774650, MEe, 3.150962442e+00, E, -2.000000, NP, 6000 2000
166700, t, 9.154195e-03, KEe, 18850.528863, MEe, 3.141754810e+00, E, -2.000000, NP, 6000 2000
166800, t, 9.159686e-03, KEe, 18871.516303, MEe, 3.145252717e+00, E, -2.000000, NP, 6000 2000
166900, t, 9.165178e-03, KEe, 18856.137129, MEe, 3.142689521e+00, E, -2.000000, NP, 6000 2000
167000, t, 9.170669e-03, KEe, 18866.054635, MEe, 3.144342439e+00, E, -2.000000, NP, 6000 2000
167100, t, 9.176160e-03, KEe, 18820.855383, MEe, 3.136809230e+00, E, -2.000000, NP, 6000 2000
167200, t, 9.181652e-03, KEe, 18726.975900, MEe, 3.121162650e+00, E, -2.000000, NP, 6000 2000
167300, t, 9.187143e-03, KEe, 18724.643714, MEe, 3.120773952e+00, E, -2.000000, NP, 6000 2000
167400, t, 9.192635e-03, KEe, 18755.483976, MEe, 3.125913996e+00, E, -2.000000, NP, 6000 2000
167500, t, 9.198126e-03, KEe, 18802.420319, MEe, 3.133736720e+00, E, -2.000000, NP, 6000 2000
167600, t, 9.203618e-03, KEe, 18757.777285, MEe, 3.126296214e+00, E, -2.000000, NP, 6000 2000
167700, t, 9.209109e-03, KEe, 18826.963191, MEe, 3.137827198e+00, E, -2.000000, NP, 6000 2000
167800, t, 9.214600e-03, KEe, 18790.775012, MEe, 3.131795835e+00, E, -2.000000, NP, 6000 2000
167900, t, 9.220092e-03, KEe, 18880.009727, MEe, 3.146668288e+00, E, -2.000000, NP, 6000 2000
168000, t, 9.225583e-03, KEe, 18890.341651, MEe, 3.148390275e+00, E, -2.000000, NP, 6000 2000
168100, t, 9.231075e-03, KEe, 18935.809682, MEe, 3.155968280e+00, E, -2.000000, NP, 6000 2000
168200, t, 9.236566e-03, KEe, 18886.643662, MEe, 3.147773944e+00, E, -2.000000, NP, 6000 2000
168300, t, 9.242057e-03, KEe, 18875.742384, MEe, 3.145957064e+00, E, -2.000000, NP, 6000 2000
168400, t, 9.247549e-03, KEe, 18867.405202, MEe, 3.144567534e+00, E, -2.000000, NP, 6000 2000
168500, t, 9.253040e-03, KEe, 18926.084243, MEe, 3.154347374e+00, E, -2.000000, NP, 6000 2000
168600, t, 9.258532e-03, KEe, 18976.942859, MEe, 3.162823810e+00, E, -2.000000, NP, 6000 2000
168700, t, 9.264023e-03, KEe, 18879.601313, MEe, 3.146600219e+00, E, -2.000000, NP, 6000 2000
168800, t, 9.269515e-03, KEe, 18858.742535, MEe, 3.143123756e+00, E, -2.000000, NP, 6000 2000
168900, t, 9.275006e-03, KEe, 18917.348982, MEe, 3.152891497e+00, E, -2.000000, NP, 6000 2000
169000, t, 9.280497e-03, KEe, 18937.036397, MEe, 3.156172733e+00, E, -2.000000, NP, 6000 2000
169100, t, 9.285989e-03, KEe, 18942.503242, MEe, 3.157083874e+00, E, -2.000000, NP, 6000 2000
169200, t, 9.291480e-03, KEe, 18977.897527, MEe, 3.162982921e+00, E, -2.000000, NP, 6000 2000
169300, t, 9.296972e-03, KEe, 18907.833504, MEe, 3.151305584e+00, E, -2.000000, NP, 6000 2000
169400, t, 9.302463e-03, KEe, 18900.756205, MEe, 3.150126034e+00, E, -2.000000, NP, 6000 2000
169500, t, 9.307955e-03, KEe, 18917.134777, MEe, 3.152855796e+00, E, -2.000000, NP, 6000 2000
169600, t, 9.313446e-03, KEe, 18964.966298, MEe, 3.160827716e+00, E, -2.000000, NP, 6000 2000
169700, t, 9.318937e-03, KEe, 19012.119235, MEe, 3.168686539e+00, E, -2.000000, NP, 6000 2000
169800, t, 9.324429e-03, KEe, 18995.257526, MEe, 3.165876254e+00, E, -2.000000, NP, 6000 2000
169900, t, 9.329920e-03, KEe, 18995.494116, MEe, 3.165915686e+00, E, -2.000000, NP, 6000 2000
170000, t, 9.335412e-03, KEe, 18992.077288, MEe, 3.165346215e+00, E, -2.000000, NP, 6000 2000
170100, t, 9.340903e-03, KEe, 19075.146767, MEe, 3.179191128e+00, E, -2.000000, NP, 6000 2000
170200, t, 9.346394e-03, KEe, 19170.510944, MEe, 3.195085157e+00, E, -2.000000, NP, 6000 2000
170300, t, 9.351886e-03, KEe, 19132.185415, MEe, 3.188697569e+00, E, -2.000000, NP, 6000 2000
170400, t, 9.357377e-03, KEe, 19150.044490, MEe, 3.191674082e+00, E, -2.000000, NP, 6000 2000
170500, t, 9.362869e-03, KEe, 19044.014958, MEe, 3.174002493e+00, E, -2.000000, NP, 6000 2000
170600, t, 9.368360e-03, KEe, 18983.856677, MEe, 3.163976113e+00, E, -2.000000, NP, 6000 2000
170700, t, 9.373852e-03, KEe, 18949.397469, MEe, 3.158232912e+00, E, -2.000000, NP, 6000 2000
170800, t, 9.379343e-03, KEe, 18974.011669, MEe, 3.162335278e+00, E, -2.000000, NP, 6000 2000
170900, t, 9.384834e-03, KEe, 18929.071768, MEe, 3.154845295e+00, E, -2.000000, NP, 6000 2000
171000, t, 9.390326e-03, KEe, 18884.855427, MEe, 3.147475905e+00, E, -2.000000, NP, 6000 2000
171100, t, 9.395817e-03, KEe, 18913.288775, MEe, 3.152214796e+00, E, -2.000000, NP, 6000 2000
171200, t, 9.401309e-03, KEe, 18963.177835, MEe, 3.160529639e+00, E, -2.000000, NP, 6000 2000
171300, t, 9.406800e-03, KEe, 18855.833416, MEe, 3.142638903e+00, E, -2.000000, NP, 6000 2000
171400, t, 9.412291e-03, KEe, 18989.351288, MEe, 3.164891881e+00, E, -2.000000, NP, 6000 2000
171500, t, 9.417783e-03, KEe, 19059.186316, MEe, 3.176531053e+00, E, -2.000000, NP, 6000 2000
171600, t, 9.423274e-03, KEe, 19129.607840, MEe, 3.188267973e+00, E, -2.000000, NP, 6000 2000
171700, t, 9.428766e-03, KEe, 19098.806463, MEe, 3.183134410e+00, E, -2.000000, NP, 6000 2000
171800, t, 9.434257e-03, KEe, 18996.160874, MEe, 3.166026812e+00, E, -2.000000, NP, 6000 2000
171900, t, 9.439749e-03, KEe, 19016.184748, MEe, 3.169364125e+00, E, -2.000000, NP, 6000 2000
172000, t, 9.445240e-03, KEe, 18982.294444, MEe, 3.163715741e+00, E, -2.000000, NP, 6000 2000
172100, t, 9.450731e-03, KEe, 18957.077229, MEe, 3.159512872e+00, E, -2.000000, NP, 6000 2000
172200, t, 9.456223e-03, KEe, 18862.855251, MEe, 3.143809209e+00, E, -2.000000, NP, 6000 2000
172300, t, 9.461714e-03, KEe, 18879.522703, MEe, 3.146587117e+00, E, -2.000000, NP, 6000 2000
172400, t, 9.467206e-03, KEe, 18964.751494, MEe, 3.160791916e+00, E, -2.000000, NP, 6000 2000
172500, t, 9.472697e-03, KEe, 18925.387248, MEe, 3.154231208e+00, E, -2.000000, NP, 6000 2000
172600, t, 9.478188e-03, KEe, 18883.297694, MEe, 3.147216282e+00, E, -2.000000, NP, 6000 2000
172700, t, 9.483680e-03, KEe, 18958.506693, MEe, 3.159751115e+00, E, -2.000000, NP, 6000 2000
172800, t, 9.489171e-03, KEe, 18978.326107, MEe, 3.163054351e+00, E, -2.000000, NP, 6000 2000
172900, t, 9.494663e-03, KEe, 18999.613041, MEe, 3.166602173e+00, E, -2.000000, NP, 6000 2000
173000, t, 9.500154e-03, KEe, 18992.937985, MEe, 3.165489664e+00, E, -2.000000, NP, 6000 2000
173100, t, 9.505646e-03, KEe, 19021.965054, MEe, 3.170327509e+00, E, -2.000000, NP, 6000 2000
173200, t, 9.511137e-03, KEe, 19052.517745, MEe, 3.175419624e+00, E, -2.000000, NP, 6000 2000
173300, t, 9.516628e-03, KEe, 19028.899090, MEe, 3.171483182e+00, E, -2.000000, NP, 6000 2000
173400, t, 9.522120e-03, KEe, 18978.661526, MEe, 3.163110254e+00, E, -2.000000, NP, 6000 2000
173500, t, 9.527611e-03, KEe, 18989.773883, MEe, 3.164962314e+00, E, -2.000000, NP, 6000 2000
173600, t, 9.533103e-03, KEe, 18957.906432, MEe, 3.159651072e+00, E, -2.000000, NP, 6000 2000
173700, t, 9.538594e-03, KEe, 18955.155147, MEe, 3.159192524e+00, E, -2.000000, NP, 6000 2000
173800, t, 9.544086e-03, KEe, 19003.903139, MEe, 3.167317190e+00, E, -2.000000, NP, 6000 2000
173900, t, 9.549577e-03, KEe, 18981.461392, MEe, 3.163576899e+00, E, -2.000000, NP, 6000 2000
174000, t, 9.555068e-03, KEe, 18929.930838, MEe, 3.154988473e+00, E, -2.000000, NP, 6000 2000
174100, t, 9.560560e-03, KEe, 18930.187061, MEe, 3.155031177e+00, E, -2.000000, NP, 6000 2000
174200, t, 9.566051e-03, KEe, 18932.052870, MEe, 3.155342145e+00, E, -2.000000, NP, 6000 2000
174300, t, 9.571543e-03, KEe, 18967.941409, MEe, 3.161323568e+00, E, -2.000000, NP, 6000 2000
174400, t, 9.577034e-03, KEe, 18978.326621, MEe, 3.163054437e+00, E, -2.000000, NP, 6000 2000
174500, t, 9.582525e-03, KEe, 18962.750658, MEe, 3.160458443e+00, E, -2.000000, NP, 6000 2000
174600, t, 9.588017e-03, KEe, 19045.767246, MEe, 3.174294541e+00, E, -2.000000, NP, 6000 2000
174700, t, 9.593508e-03, KEe, 19067.995867, MEe, 3.177999311e+00, E, -2.000000, NP, 6000 2000
174800, t, 9.599000e-03, KEe, 19046.519507, MEe, 3.174419918e+00, E, -2.000000, NP, 6000 2000
174900, t, 9.604491e-03, KEe, 19082.469711, MEe, 3.180411618e+00, E, -2.000000, NP, 6000 2000
175000, t, 9.609983e-03, KEe, 19027.313789, MEe, 3.171218965e+00, E, -2.000000, NP, 6000 2000
175100, t, 9.615474e-03, KEe, 19130.580654, MEe, 3.188430109e+00, E, -2.000000, NP, 6000 2000
175200, t, 9.620965e-03, KEe, 19089.600251, MEe, 3.181600042e+00, E, -2.000000, NP, 6000 2000
175300, t, 9.626457e-03, KEe, 18986.855986, MEe, 3.164475998e+00, E, -2.000000, NP, 6000 2000
175400, t, 9.631948e-03, KEe, 19033.275338, MEe, 3.172212556e+00, E, -2.000000, NP, 6000 2000
175500, t, 9.637440e-03, KEe, 18976.626048, MEe, 3.162771008e+00, E, -2.000000, NP, 6000 2000
175600, t, 9.642931e-03, KEe, 19014.219265, MEe, 3.169036544e+00, E, -2.000000, NP, 6000 2000
175700, t, 9.648422e-03, KEe, 18955.691002, MEe, 3.159281834e+00, E, -2.000000, NP, 6000 2000
175800, t, 9.653914e-03, KEe, 18929.387520, MEe, 3.154897920e+00, E, -2.000000, NP, 6000 2000
175900, t, 9.659405e-03, KEe, 18918.105808, MEe, 3.153017635e+00, E, -2.000000, NP, 6000 2000
176000, t, 9.664897e-03, KEe, 18917.704246, MEe, 3.152950708e+00, E, -2.000000, NP, 6000 2000
176100, t, 9.670388e-03, KEe, 18892.807186, MEe, 3.148801198e+00, E, -2.000000, NP, 6000 2000
176200, t, 9.675880e-03, KEe, 18930.188338, MEe, 3.155031390e+00, E, -2.000000, NP, 6000 2000
176300, t, 9.681371e-03, KEe, 18821.673992, MEe, 3.136945665e+00, E, -2.000000, NP, 6000 2000
176400, t, 9.686862e-03, KEe, 18896.919782, MEe, 3.149486630e+00, E, -2.000000, NP, 6000 2000
176500, t, 9.692354e-03, KEe, 18902.586200, MEe, 3.150431033e+00, E, -2.000000, NP, 6000 2000
176600, t, 9.697845e-03, KEe, 18892.759909, MEe, 3.148793318e+00, E, -2.000000, NP, 6000 2000
176700, t, 9.703337e-03, KEe, 18827.492698, MEe, 3.137915450e+00, E, -2.000000, NP, 6000 2000
176800, t, 9.708828e-03, KEe, 18804.310392, MEe, 3.134051732e+00, E, -2.000000, NP, 6000 2000
176900, t, 9.714319e-03, KEe, 18860.558456, MEe, 3.143426409e+00, E, -2.000000, NP, 6000 2000
177000, t, 9.719811e-03, KEe, 18772.756693, MEe, 3.128792782e+00, E, -2.000000, NP, 6000 2000
177100, t, 9.725302e-03, KEe, 18681.494629, MEe, 3.113582438e+00, E, -2.000000, NP, 6000 2000
177200, t, 9.730794e-03, KEe, 18703.189072, MEe, 3.117198179e+00, E, -2.000000, NP, 6000 2000
177300, t, 9.736285e-03, KEe, 18785.716307, MEe, 3.130952718e+00, E, -2.000000, NP, 6000 2000
177400, t, 9.741777e-03, KEe, 18845.301192, MEe, 3.140883532e+00, E, -2.000000, NP, 6000 2000
177500, t, 9.747268e-03, KEe, 18873.203659, MEe, 3.145533943e+00, E, -2.000000, NP, 6000 2000
177600, t, 9.752759e-03, KEe, 18808.671450, MEe, 3.134778575e+00, E, -2.000000, NP, 6000 2000
177700, t, 9.758251e-03, KEe, 18783.528167, MEe, 3.130588028e+00, E, -2.000000, NP, 6000 2000
177800, t, 9.763742e-03, KEe, 18775.628308, MEe, 3.129271385e+00, E, -2.000000, NP, 6000 2000
177900, t, 9.769234e-03, KEe, 18776.416652, MEe, 3.129402775e+00, E, -2.000000, NP, 6000 2000
178000, t, 9.774725e-03, KEe, 18699.445924, MEe, 3.116574321e+00, E, -2.000000, NP, 6000 2000
178100, t, 9.780217e-03, KEe, 18721.508533, MEe, 3.120251422e+00, E, -2.000000, NP, 6000 2000
178200, t, 9.785708e-03, KEe, 18776.608984, MEe, 3.129434831e+00, E, -2.000000, NP, 6000 2000
178300, t, 9.791199e-03, KEe, 18820.072021, MEe, 3.136678670e+00, E, -2.000000, NP, 6000 2000
178400, t, 9.796691e-03, KEe, 18795.813878, MEe, 3.132635646e+00, E, -2.000000, NP, 6000 2000
178500, t, 9.802182e-03, KEe, 18765.518654, MEe, 3.127586442e+00, E, -2.000000, NP, 6000 2000
178600, t, 9.807674e-03, KEe, 18754.890022, MEe, 3.125815004e+00, E, -2.000000, NP, 6000 2000
178700, t, 9.813165e-03, KEe, 18826.643744, MEe, 3.137773957e+00, E, -2.000000, NP, 6000 2000
178800, t, 9.818656e-03, KEe, 18818.850720, MEe, 3.136475120e+00, E, -2.000000, NP, 6000 2000
178900, t, 9.824148e-03, KEe, 18781.700007, MEe, 3.130283334e+00, E, -2.000000, NP, 6000 2000
179000, t, 9.829639e-03, KEe, 18753.951855, MEe, 3.125658642e+00, E, -2.000000, NP, 6000 2000
179100, t, 9.835131e-03, KEe, 18832.942256, MEe, 3.138823709e+00, E, -2.000000, NP, 6000 2000
179200, t, 9.840622e-03, KEe, 18850.047200, MEe, 3.141674533e+00, E, -2.000000, NP, 6000 2000
179300, t, 9.846114e-03, KEe, 18821.757617, MEe, 3.136959603e+00, E, -2.000000, NP, 6000 2000
179400, t, 9.851605e-03, KEe, 18715.302663, MEe, 3.119217110e+00, E, -2.000000, NP, 6000 2000
179500, t, 9.857096e-03, KEe, 18690.625911, MEe, 3.115104319e+00, E, -2.000000, NP, 6000 2000
179600, t, 9.862588e-03, KEe, 18737.759856, MEe, 3.122959976e+00, E, -2.000000, NP, 6000 2000
179700, t, 9.868079e-03, KEe, 18625.932286, MEe, 3.104322048e+00, E, -2.000000, NP, 6000 2000
179800, t, 9.873571e-03, KEe, 18670.295832, MEe, 3.111715972e+00, E, -2.000000, NP, 6000 2000
179900, t, 9.879062e-03, KEe, 18641.528229, MEe, 3.106921372e+00, E, -2.000000, NP, 6000 2000
180000, t, 9.884553e-03, KEe, 18700.118430, MEe, 3.116686405e+00, E, -2.000000, NP, 6000 2000
180100, t, 9.890045e-03, KEe, 18616.063197, MEe, 3.102677199e+00, E, -2.000000, NP, 6000 2000
180200, t, 9.895536e-03, KEe, 18680.272277, MEe, 3.113378713e+00, E, -2.000000, NP, 6000 2000
180300, t, 9.901028e-03, KEe, 18652.801181, MEe, 3.108800197e+00, E, -2.000000, NP, 6000 2000
180400, t, 9.906519e-03, KEe, 18709.022547, MEe, 3.118170424e+00, E, -2.000000, NP, 6000 2000
180500, t, 9.912011e-03, KEe, 18671.728862, MEe, 3.111954810e+00, E, -2.000000, NP, 6000 2000
180600, t, 9.917502e-03, KEe, 18755.360637, MEe, 3.125893440e+00, E, -2.000000, NP, 6000 2000
180700, t, 9.922993e-03, KEe, 18762.285474, MEe, 3.127047579e+00, E, -2.000000, NP, 6000 2000
180800, t, 9.928485e-03, KEe, 18801.853681, MEe, 3.133642280e+00, E, -2.000000, NP, 6000 2000
180900, t, 9.933976e-03, KEe, 18784.072553, MEe, 3.130678759e+00, E, -2.000000, NP, 6000 2000
181000, t, 9.939468e-03, KEe, 18826.632733, MEe, 3.137772122e+00, E, -2.000000, NP, 6000 2000
181100, t, 9.944959e-03, KEe, 18855.272821, MEe, 3.142545470e+00, E, -2.000000, NP, 6000 2000
181200, t, 9.950450e-03, KEe, 18805.302165, MEe, 3.134217028e+00, E, -2.000000, NP, 6000 2000
181300, t, 9.955942e-03, KEe, 18734.886223, MEe, 3.122481037e+00, E, -2.000000, NP, 6000 2000
181400, t, 9.961433e-03, KEe, 18681.720003, MEe, 3.113620001e+00, E, -2.000000, NP, 6000 2000
181500, t, 9.966925e-03, KEe, 18736.900258, MEe, 3.122816710e+00, E, -2.000000, NP, 6000 2000
181600, t, 9.972416e-03, KEe, 18778.757228, MEe, 3.129792871e+00, E, -2.000000, NP, 6000 2000
181700, t, 9.977908e-03, KEe, 18780.948515, MEe, 3.130158086e+00, E, -2.000000, NP, 6000 2000
181800, t, 9.983399e-03, KEe, 18860.376395, MEe, 3.143396066e+00, E, -2.000000, NP, 6000 2000
181900, t, 9.988890e-03, KEe, 18943.772796, MEe, 3.157295466e+00, E, -2.000000, NP, 6000 2000
182000, t, 9.994382e-03, KEe, 18935.174053, MEe, 3.155862342e+00, E, -2.000000, NP, 6000 2000
182100, t, 9.999873e-03, KEe, 18951.277180, MEe, 3.158546197e+00, E, -2.000000, NP, 6000 2000
182200, t, 1.000536e-02, KEe, 19043.540604, MEe, 3.173923434e+00, E, -2.000000, NP, 6000 2000
182300, t, 1.001086e-02, KEe, 18913.776672, MEe, 3.152296112e+00, E, -2.000000, NP, 6000 2000
182400, t, 1.001635e-02, KEe, 18877.149143, MEe, 3.146191524e+00, E, -2.000000, NP, 6000 2000
182500, t, 1.002184e-02, KEe, 18840.646018, MEe, 3.140107670e+00, E, -2.000000, NP, 6000 2000
182600, t, 1.002733e-02, KEe, 18888.672155, MEe, 3.148112026e+00, E, -2.000000, NP, 6000 2000
182700, t, 1.003282e-02, KEe, 18851.862385, MEe, 3.141977064e+00, E, -2.000000, NP, 6000 2000
182800, t, 1.003831e-02, KEe, 18882.490961, MEe, 3.147081827e+00, E, -2.000000, NP, 6000 2000
182900, t, 1.004380e-02, KEe, 18900.223732, MEe, 3.150037289e+00, E, -2.000000, NP, 6000 2000
183000, t, 1.004930e-02, KEe, 18968.081754, MEe, 3.161346959e+00, E, -2.000000, NP, 6000 2000
183100, t, 1.005479e-02, KEe, 18971.417552, MEe, 3.161902925e+00, E, -2.000000, NP, 6000 2000
183200, t, 1.006028e-02, KEe, 19097.503684, MEe, 3.182917281e+00, E, -2.000000, NP, 6000 2000
183300, t, 1.006577e-02, KEe, 19033.563596, MEe, 3.172260599e+00, E, -2.000000, NP, 6000 2000
183400, t, 1.007126e-02, KEe, 18946.468240, MEe, 3.157744707e+00, E, -2.000000, NP, 6000 2000
183500, t, 1.007675e-02, KEe, 19015.072652, MEe, 3.169178775e+00, E, -2.000000, NP, 6000 2000
183600, t, 1.008224e-02, KEe, 19016.658688, MEe, 3.169443115e+00, E, -2.000000, NP, 6000 2000
183700, t, 1.008774e-02, KEe, 18922.871584, MEe, 3.153811931e+00, E, -2.000000, NP, 6000 2000
183800, t, 1.009323e-02, KEe, 18908.032705, MEe, 3.151338784e+00, E, -2.000000, NP, 6000 2000
183900, t, 1.009872e-02, KEe, 18911.815055, MEe, 3.151969176e+00, E, -2.000000, NP, 6000 2000
184000, t, 1.010421e-02, KEe, 18866.489517, MEe, 3.144414919e+00, E, -2.000000, NP, 6000 2000
184100, t, 1.010970e-02, KEe, 18818.492737, MEe, 3.136415456e+00, E, -2.000000, NP, 6000 2000
184200, t, 1.011519e-02, KEe, 18757.177475, MEe, 3.126196246e+00, E, -2.000000, NP, 6000 2000
184300, t, 1.012068e-02, KEe, 18736.288779, MEe, 3.122714797e+00, E, -2.000000, NP, 6000 2000
184400, t, 1.012618e-02, KEe, 18735.700197, MEe, 3.122616699e+00, E, -2.000000, NP, 6000 2000
184500, t, 1.013167e-02, KEe, 18718.058671, MEe, 3.119676445e+00, E, -2.000000, NP, 6000 2000
184600, t, 1.013716e-02, KEe, 18664.390849, MEe, 3.110731808e+00, E, -2.000000, NP, 6000 2000
184700, t, 1.014265e-02, KEe, 18636.876117, MEe, 3.106146020e+00, E, -2.000000, NP, 6000 2000
184800, t, 1.014814e-02, KEe, 18638.034587, MEe, 3.106339098e+00, E, -2.000000, NP, 6000 2000
184900, t, 1.015363e-02, KEe, 18648.416174, MEe, 3.108069362e+00, E, -2.000000, NP, 6000 2000
185000, t, 1.015912e-02, KEe, 18539.154671, MEe, 3.089859112e+00, E, -2.000000, NP, 6000 2000
185100, t, 1.016462e-02, KEe, 18526.193872, MEe, 3.087698979e+00, E, -2.000000, NP, 6000 2000
185200, t, 1.017011e-02, KEe, 18606.022074, MEe, 3.101003679e+00, E, -2.000000, NP, 6000 2000
185300, t, 1.017560e-02, KEe, 18609.317550, MEe, 3.101552925e+00, E, -2.000000, NP, 6000 2000
185400, t, 1.018109e-02, KEe, 18646.188928, MEe, 3.107698155e+00, E, -2.000000, NP, 6000 2000
185500, t, 1.018658e-02, KEe, 18566.430270, MEe, 3.094405045e+00, E, -2.000000, NP, 6000 2000
185600, t, 1.019207e-02, KEe, 18606.100229, MEe, 3.101016705e+00, E, -2.000000, NP, 6000 2000
185700, t, 1.019756e-02, KEe, 18560.503083, MEe, 3.093417181e+00, E, -2.000000, NP, 6000 2000
185800, t, 1.020306e-02, KEe, 18605.457802, MEe, 3.100909634e+00, E, -2.000000, NP, 6000 2000
185900, t, 1.020855e-02, KEe, 18587.791080, MEe, 3.097965180e+00, E, -2.000000, NP, 6000 2000
186000, t, 1.021404e-02, KEe, 18645.373334, MEe, 3.107562222e+00, E, -2.000000, NP, 6000 2000
186100, t, 1.021953e-02, KEe, 18730.457061, MEe, 3.121742844e+00, E, -2.000000, NP, 6000 2000
186200, t, 1.022502e-02, KEe, 18759.210511, MEe, 3.126535085e+00, E, -2.000000, NP, 6000 2000
186300, t, 1.023051e-02, KEe, 18716.405682, MEe, 3.119400947e+00, E, -2.000000, NP, 6000 2000
186400, t, 1.023600e-02, KEe, 18739.909126, MEe, 3.123318188e+00, E, -2.000000, NP, 6000 2000
186500, t, 1.024150e-02, KEe, 18844.677557, MEe, 3.140779593e+00, E, -2.000000, NP, 6000 2000
186600, t, 1.024699e-02, KEe, 18866.128530, MEe, 3.144354755e+00, E, -2.000000, NP, 6000 2000
186700, t, 1.025248e-02, KEe, 18899.946269, MEe, 3.149991045e+00, E, -2.000000, NP, 6000 2000
186800, t, 1.025797e-02, KEe, 18784.019157, MEe, 3.130669859e+00, E, -2.000000, NP, 6000 2000
186900, t, 1.026346e-02, KEe, 18889.525825, MEe, 3.148254304e+00, E, -2.000000, NP, 6000 2000
187000, t, 1.026895e-02, KEe, 18828.019872, MEe, 3.138003312e+00, E, -2.000000, NP, 6000 2000
187100, t, 1.027444e-02, KEe, 18739.434550, MEe, 3.123239092e+00, E, -2.000000, NP, 6000 2000
187200, t, 1.027994e-02, KEe, 18778.287982, MEe, 3.129714664e+00, E, -2.000000, NP, 6000 2000
187300, t, 1.028543e-02, KEe, 18740.129056, MEe, 3.123354843e+00, E, -2.000000, NP, 6000 2000
187400, t, 1.029092e-02, KEe, 18724.853601, MEe, 3.120808933e+00, E, -2.000000, NP, 6000 2000
187500, t, 1.029641e-02, KEe, 18740.982024, MEe, 3.123497004e+00, E, -2.000000, NP, 6000 2000
187600, t, 1.030190e-02, KEe, 18793.765345, MEe, 3.132294224e+00, E, -2.000000, NP, 6000 2000
187700, t, 1.030739e-02, KEe, 18783.912607, MEe, 3.130652101e+00, E, -2.000000, NP, 6000 2000
187800, t, 1.031288e-02, KEe, 18820.102538, MEe, 3.136683756e+00, E, -2.000000, NP, 6000 2000
187900, t, 1.031838e-02, KEe, 18847.506525, MEe, 3.141251087e+00, E, -2.000000, NP, 6000 2000
188000, t, 1.032387e-02, KEe, 18740.304606, MEe, 3.123384101e+00, E, -2.000000, NP, 6000 2000
188100, t, 1.032936e-02, KEe, 18731.842281, MEe, 3.121973714e+00, E, -2.000000, NP, 6000 2000
188200, t, 1.033485e-02, KEe, 18811.149474, MEe, 3.135191579e+00, E, -2.000000, NP, 6000 2000
188300, t, 1.034034e-02, KEe, 18818.921368, MEe, 3.136486895e+00, E, -2.000000, NP, 6000 2000
188400, t, 1.034583e-02, KEe, 18861.180805, MEe, 3.143530134e+00, E, -2.000000, NP, 6000 2000
188500, t, 1.035132e-02, KEe, 18822.129574, MEe, 3.137021596e+00, E, -2.000000, NP, 6000 2000
188600, t, 1.035682e-02, KEe, 18928.830550, MEe, 3.154805092e+00, E, -2.000000, NP, 6000 2000
188700, t, 1.036231e-02, KEe, 18814.038305, MEe, 3.135673051e+00, E, -2.000000, NP, 6000 2000
188800, t, 1.036780e-02, KEe, 18817.302483, MEe, 3.136217080e+00, E, -2.000000, NP, 6000 2000
188900, t, 1.037329e-02, KEe, 18887.732263, MEe, 3.147955377e+00, E, -2.000000, NP, 6000 2000
189000, t, 1.037878e-02, KEe, 18877.891596, MEe, 3.146315266e+00, E, -2.000000, NP, 6000 2000
189100, t, 1.038427e-02, KEe, 18867.635794, MEe, 3.144605966e+00, E, -2.000000, NP, 6000 2000
189200, t, 1.038976e-02, KEe, 18894.933959, MEe, 3.149155660e+00, E, -2.000000, NP, 6000 2000
189300, t, 1.039526e-02, KEe, 18873.078309, MEe, 3.145513052e+00, E, -2.000000, NP, 6000 2000
189400, t, 1.040075e-02, KEe, 18967.925827, MEe, 3.161320971e+00, E, -2.000000, NP, 6000 2000
189500, t, 1.040624e-02, KEe, 19060.940293, MEe, 3.176823382e+00, E, -2.000000, NP, 6000 2000
189600, t, 1.041173e-02, KEe, 19026.176668, MEe, 3.171029445e+00, E, -2.000000, NP, 6000 2000
189700, t, 1.041722e-02, KEe, 18940.219993, MEe, 3.156703332e+00, E, -2.000000, NP, 6000 2000
189800, t, 1.042271e-02, KEe, 18937.750388, MEe, 3.156291731e+00, E, -2.000000, NP, 6000 2000
189900, t, 1.042820e-02, KEe, 18895.609462, MEe, 3.149268244e+00, E, -2.000000, NP, 6000 2000
190000, t, 1.043370e-02, KEe, 18931.715679, MEe, 3.155285946e+00, E, -2.000000, NP, 6000 2000
190100, t, 1.043919e-02, KEe, 18925.512088, MEe, 3.154252015e+00, E, -2.000000, NP, 6000 2000
190200, t, 1.044468e-02, KEe, 18853.551273, MEe, 3.142258545e+00, E, -2.000000, NP, 6000 2000
190300, t, 1.045017e-02, KEe, 18787.642633, MEe, 3.131273772e+00, E, -2.000000, NP, 6000 2000
190400, t, 1.045566e-02, KEe, 18809.905250, MEe, 3.134984208e+00, E, -2.000000, NP, 6000 2000
190500, t, 1.046115e-02, KEe, 18825.673814, MEe, 3.137612302e+00, E, -2.000000, NP, 6000 2000
190600, t, 1.046664e-02, KEe, 18897.482971, MEe, 3.149580495e+00, E, -2.000000, NP, 6000 2000
190700, t, 1.047214e-02, KEe, 18855.944024, MEe, 3.142657337e+00, E, -2.000000, NP, 6000 2000
190800, t, 1.047763e-02, KEe, 18868.291683, MEe, 3.144715281e+00, E, -2.000000, NP, 6000 2000
190900, t, 1.048312e-02, KEe, 18895.748524, MEe, 3.149291421e+00, E, -2.000000, NP, 6000 2000
191000, t, 1.048861e-02, KEe, 18822.854295, MEe, 3.137142383e+00, E, -2.000000, NP, 6000 2000
191100, t, 1.049410e-02, KEe, 18827.005314, MEe, 3.137834219e+00, E, -2.000000, NP, 6000 2000
191200, t, 1.049959e-02, KEe, 18879.465372, MEe, 3.146577562e+00, E, -2.000000, NP, 6000 2000
191300, t, 1.050508e-02, KEe, 18842.484323, MEe, 3.140414054e+00, E, -2.000000, NP, 6000 2000
191400, t, 1.051058e-02, KEe, 18810.554255, MEe, 3.135092376e+00, E, -2.000000, NP, 6000 2000
191500, t, 1.051607e-02, KEe, 18692.680030, MEe, 3.115446672e+00, E, -2.000000, NP, 6000 2000
191600, t, 1.052156e-02, KEe, 18709.042574, MEe, 3.118173762e+00, E, -2.000000, NP, 6000 2000
191700, t, 1.052705e-02, KEe, 18773.211105, MEe, 3.128868518e+00, E, -2.000000, NP, 6000 2000
191800, t, 1.053254e-02, KEe, 18871.119136, MEe, 3.145186523e+00, E, -2.000000, NP, 6000 2000
191900, t, 1.053803e-02, KEe, 18890.730152, MEe, 3.148455025e+00, E, -2.000000, NP, 6000 2000
192000, t, 1.054352e-02, KEe, 18845.304582, MEe, 3.140884097e+00, E, -2.000000, NP, 6000 2000
192100, t, 1.054902e-02, KEe, 18848.437550, MEe, 3.141406258e+00, E, -2.000000, NP, 6000 2000
192200, t, 1.055451e-02, KEe, 18892.569854, MEe, 3.148761642e+00, E, -2.000000, NP, 6000 2000
192300, t, 1.056000e-02, KEe, 18884.804710, MEe, 3.147467452e+00, E, -2.000000, NP, 6000 2000
192400, t, 1.056549e-02, KEe, 18868.019878, MEe, 3.144669980e+00, E, -2.000000, NP, 6000 2000
192500, t, 1.057098e-02, KEe, 18771.772278, MEe, 3.128628713e+00, E, -2.000000, NP, 6000 2000
192600, t, 1.057647e-02, KEe, 18806.419569, MEe, 3.134403262e+00, E, -2.000000, NP, 6000 2000
192700, t, 1.058196e-02, KEe, 18807.592281, MEe, 3.134598714e+00, E, -2.000000, NP, 6000 2000
192800, t, 1.058746e-02, KEe, 18762.729976, MEe, 3.127121663e+00, E, -2.000000, NP, 6000 2000
192900, t, 1.059295e-02, KEe, 18799.622171, MEe, 3.133270362e+00, E, -2.000000, NP, 6000 2000
193000, t, 1.059844e-02, KEe, 18817.374984, MEe, 3.136229164e+00, E, -2.000000, NP, 6000 2000
193100, t, 1.060393e-02, KEe, 18861.495134, MEe, 3.143582522e+00, E, -2.000000, NP, 6000 2000
193200, t, 1.060942e-02, KEe, 18750.241347, MEe, 3.125040225e+00, E, -2.000000, NP, 6000 2000
193300, t, 1.061491e-02, KEe, 18740.657697, MEe, 3.123442950e+00, E, -2.000000, NP, 6000 2000
193400, t, 1.062040e-02, KEe, 18709.167951, MEe, 3.118194659e+00, E, -2.000000, NP, 6000 2000
193500, t, 1.062589e-02, KEe, 18651.142006, MEe, 3.108523668e+00, E, -2.000000, NP, 6000 2000
193600, t, 1.063139e-02, KEe, 18734.132988, MEe, 3.122355498e+00, E, -2.000000, NP, 6000 2000
193700, t, 1.063688e-02, KEe, 18719.564715, MEe, 3.119927453e+00, E, -2.000000, NP, 6000 2000
193800, t, 1.064237e-02, KEe, 18673.559432, MEe, 3.112259905e+00, E, -2.000000, NP, 6000 2000
193900, t, 1.064786e-02, KEe, 18630.423939, MEe, 3.105070656e+00, E, -2.000000, NP, 6000 2000
194000, t, 1.065335e-02, KEe, 18719.666336, MEe, 3.119944389e+00, E, -2.000000, NP, 6000 2000
194100, t, 1.065884e-02, KEe, 18640.880256, MEe, 3.106813376e+00, E, -2.000000, NP, 6000 2000
194200, t, 1.066433e-02, KEe, 18754.028995, MEe, 3.125671499e+00, E, -2.000000, NP, 6000 2000
194300, t, 1.066983e-02, KEe, 18739.274218, MEe, 3.123212370e+00, E, -2.000000, NP, 6000 2000
194400, t, 1.067532e-02, KEe, 18658.755373, MEe, 3.109792562e+00, E, -2.000000, NP, 6000 2000
194500, t, 1.068081e-02, KEe, 18643.532094, MEe, 3.107255349e+00, E, -2.000000, NP, 6000 2000
194600, t, 1.068630e-02, KEe, 18656.931998, MEe, 3.109488666e+00, E, -2.000000, NP, 6000 2000
194700, t, 1.069179e-02, KEe, 18659.791955, MEe, 3.109965326e+00, E, -2.000000, NP, 6000 2000
194800, t, 1.069728e-02, KEe, 18677.554849, MEe, 3.112925808e+00, E, -2.000000, NP, 6000 2000
194900, t, 1.070277e-02, KEe, 18707.897611, MEe, 3.117982935e+00, E, -2.000000, NP, 6000 2000
195000, t, 1.070827e-02, KEe, 18716.173321, MEe, 3.119362220e+00, E, -2.000000, NP, 6000 2000
195100, t, 1.071376e-02, KEe, 18706.318616, MEe, 3.117719769e+00, E, -2.000000, NP, 6000 2000
195200, t, 1.071925e-02, KEe, 18673.415397, MEe, 3.112235899e+00, E, -2.000000, NP, 6000 2000
195300, t, 1.072474e-02, KEe, 18708.460689, MEe, 3.118076782e+00, E, -2.000000, NP, 6000 2000
195400, t, 1.073023e-02, KEe, 18721.655510, MEe, 3.120275918e+00, E, -2.000000, NP, 6000 2000
195500, t, 1.073572e-02, KEe, 18773.388593, MEe, 3.128898099e+00, E, -2.000000, NP, 6000 2000
195600, t, 1.074121e-02, KEe, 18817.443857, MEe, 3.136240643e+00, E, -2.000000, NP, 6000 2000
195700, t, 1.074671e-02, KEe, 18985.662168, MEe, 3.164277028e+00, E, -2.000000, NP, 6000 2000
195800, t, 1.075220e-02, KEe, 18898.474787, MEe, 3.149745798e+00, E, -2.000000, NP, 6000 2000
195900, t, 1.075769e-02, KEe, 18889.289973, MEe, 3.148214995e+00, E, -2.000000, NP, 6000 2000
196000, t, 1.076318e-02, KEe, 18893.636859, MEe, 3.148939477e+00, E, -2.000000, NP, 6000 2000
196100, t, 1.076867e-02, KEe, 18750.372462, MEe, 3.125062077e+00, E, -2.000000, NP, 6000 2000
196200, t, 1.077416e-02, KEe, 18820.968286, MEe, 3.136828048e+00, E, -2.000000, NP, 6000 2000
196300, t, 1.077965e-02, KEe, 18736.018413, MEe, 3.122669736e+00, E, -2.000000, NP, 6000 2000
196400, t, 1.078515e-02, KEe, 18725.264279, MEe, 3.120877380e+00, E, -2.000000, NP, 6000 2000
196500, t, 1.079064e-02, KEe, 18744.904171, MEe, 3.124150695e+00, E, -2.000000, NP, 6000 2000
196600, t, 1.079613e-02, KEe, 18717.911740, MEe, 3.119651957e+00, E, -2.000000, NP, 6000 2000
196700, t, 1.080162e-02, KEe, 18787.026103, MEe, 3.131171017e+00, E, -2.000000, NP, 6000 2000
196800, t, 1.080711e-02, KEe, 18846.741666, MEe, 3.141123611e+00, E, -2.000000, NP, 6000 2000
196900, t, 1.081260e-02, KEe, 18844.880699, MEe, 3.140813450e+00, E, -2.000000, NP, 6000 2000
197000, t, 1.081809e-02, KEe, 18771.780252, MEe, 3.128630042e+00, E, -2.000000, NP, 6000 2000
197100, t, 1.082359e-02, KEe, 18734.987993, MEe, 3.122497999e+00, E, -2.000000, NP, 6000 2000
197200, t, 1.082908e-02, KEe, 18748.180013, MEe, 3.124696669e+00, E, -2.000000, NP, 6000 2000
197300, t, 1.083457e-02, KEe, 18873.443620, MEe, 3.145573937e+00, E, -2.000000, NP, 6000 2000
197400, t, 1.084006e-02, KEe, 19006.157876, MEe, 3.167692979e+00, E, -2.000000, NP, 6000 2000
197500, t, 1.084555e-02, KEe, 19120.130457, MEe, 3.186688410e+00, E, -2.000000, NP, 6000 2000
197600, t, 1.085104e-02, KEe, 19087.839755, MEe, 3.181306626e+00, E, -2.000000, NP, 6000 2000
197700, t, 1.085653e-02, KEe, 19017.465129, MEe, 3.169577522e+00, E, -2.000000, NP, 6000 2000
197800, t, 1.086203e-02, KEe, 18981.799648, MEe, 3.163633275e+00, E, -2.000000, NP, 6000 2000
197900, t, 1.086752e-02, KEe, 19024.037961, MEe, 3.170672994e+00, E, -2.000000, NP, 6000 2000
198000, t, 1.087301e-02, KEe, 18959.037207, MEe, 3.159839535e+00, E, -2.000000, NP, 6000 2000
198100, t, 1.087850e-02, KEe, 18897.473305, MEe, 3.149578884e+00, E, -2.000000, NP, 6000 2000
198200, t, 1.088399e-02, KEe, 18893.226169, MEe, 3.148871028e+00, E, -2.000000, NP, 6000 2000
198300, t, 1.088948e-02, KEe, 18853.242741, MEe, 3.142207124e+00, E, -2.000000, NP, 6000 2000
198400, t, 1.089497e-02, KEe, 18776.064998, MEe, 3.129344166e+00, E, -2.000000, NP, 6000 2000
198500, t, 1.090047e-02, KEe, 18807.920905, MEe, 3.134653484e+00, E, -2.000000, NP, 6000 2000
198600, t, 1.090596e-02, KEe, 18843.585005, MEe, 3.140597501e+00, E, -2.000000, NP, 6000 2000
198700, t, 1.091145e-02, KEe, 18831.005355, MEe, 3.138500893e+00, E, -2.000000, NP, 6000 2000
198800, t, 1.091694e-02, KEe, 18845.496299, MEe, 3.140916050e+00, E, -2.000000, NP, 6000 2000
198900, t, 1.092243e-02, KEe, 18810.622538, MEe, 3.135103756e+00, E, -2.000000, NP, 6000 2000
199000, t, 1.092792e-02, KEe, 18800.387619, MEe, 3.133397936e+00, E, -2.000000, NP, 6000 2000
199100, t, 1.093341e-02, KEe, 18781.850194, MEe, 3.130308366e+00, E, -2.000000, NP, 6000 2000
199200, t, 1.093891e-02, KEe, 18721.554836, MEe, 3.120259139e+00, E, -2.000000, NP, 6000 2000
199300, t, 1.094440e-02, KEe, 18736.898176, MEe, 3.122816363e+00, E, -2.000000, NP, 6000 2000
199400, t, 1.094989e-02, KEe, 18758.373127, MEe, 3.126395521e+00, E, -2.000000, NP, 6000 2000
199500, t, 1.095538e-02, KEe, 18818.256484, MEe, 3.136376081e+00, E, -2.000000, NP, 6000 2000
199600, t, 1.096087e-02, KEe, 18826.958335, MEe, 3.137826389e+00, E, -2.000000, NP, 6000 2000
199700, t, 1.096636e-02, KEe, 18884.821026, MEe, 3.147470171e+00, E, -2.000000, NP, 6000 2000
199800, t, 1.097185e-02, KEe, 18836.148699, MEe, 3.139358116e+00, E, -2.000000, NP, 6000 2000
199900, t, 1.097735e-02, KEe, 18819.370220, MEe, 3.136561703e+00, E, -2.000000, NP, 6000 2000
200000, t, 1.098284e-02, KEe, 18855.982062, MEe, 3.142663677e+00, E, -2.000000, NP, 6000 2000
200100, t, 1.098833e-02, KEe, 18816.494350, MEe, 3.136082392e+00, E, -2.000000, NP, 6000 2000
200200, t, 1.099382e-02, KEe, 18832.471019, MEe, 3.138745170e+00, E, -2.000000, NP, 6000 2000
200300, t, 1.099931e-02, KEe, 18816.660454, MEe, 3.136110076e+00, E, -2.000000, NP, 6000 2000
200400, t, 1.100480e-02, KEe, 18853.885417, MEe, 3.142314236e+00, E, -2.000000, NP, 6000 2000
200500, t, 1.101029e-02, KEe, 18846.780195, MEe, 3.141130033e+00, E, -2.000000, NP, 6000 2000
200600, t, 1.101579e-02, KEe, 18787.023148, MEe, 3.131170525e+00, E, -2.000000, NP, 6000 2000
200700, t, 1.102128e-02, KEe, 18717.662334, MEe, 3.119610389e+00, E, -2.000000, NP, 6000 2000
200800, t, 1.102677e-02, KEe, 18767.315104, MEe, 3.127885851e+00, E, -2.000000, NP, 6000 2000
200900, t, 1.103226e-02, KEe, 18724.547436, MEe, 3.120757906e+00, E, -2.000000, NP, 6000 2000
201000, t, 1.103775e-02, KEe, 18629.718434, MEe, 3.104953072e+00, E, -2.000000, NP, 6000 2000
201100, t, 1.104324e-02, KEe, 18672.598100, MEe, 3.112099683e+00, E, -2.000000, NP, 6000 2000
201200, t, 1.104873e-02, KEe, 18798.925009, MEe, 3.133154168e+00, E, -2.000000, NP, 6000 2000
201300, t, 1.105423e-02, KEe, 18843.566136, MEe, 3.140594356e+00, E, -2.000000, NP, 6000 2000
201400, t, 1.105972e-02, KEe, 18814.800826, MEe, 3.135800138e+00, E, -2.000000, NP, 6000 2000
201500, t, 1.106521e-02, KEe, 18894.543810, MEe, 3.149090635e+00, E, -2.000000, NP, 6000 2000
201600, t, 1.107070e-02, KEe, 18906.058911, MEe, 3.151009818e+00, E, -2.000000, NP, 6000 2000
201700, t, 1.107619e-02, KEe, 19025.255151, MEe, 3.170875859e+00, E, -2.000000, NP, 6000 2000
201800, t, 1.108168e-02, KEe, 19102.018640, MEe, 3.183669773e+00, E, -2.000000, NP, 6000 2000
201900, t, 1.108717e-02, KEe, 19080.961307, MEe, 3.180160218e+00, E, -2.000000, NP, 6000 2000
202000, t, 1.109267e-02, KEe, 19023.345759, MEe, 3.170557626e+00, E, -2.000000, NP, 6000 2000
202100, t, 1.109816e-02, KEe, 18984.653347, MEe, 3.164108891e+00, E, -2.000000, NP, 6000 2000
202200, t, 1.110365e-02, KEe, 19007.740179, MEe, 3.167956697e+00, E, -2.000000, NP, 6000 2000
202300, t, 1.110914e-02, KEe, 19023.991040, MEe, 3.170665173e+00, E, -2.000000, NP, 6000 2000
202400, t, 1.111463e-02, KEe, 19040.218499, MEe, 3.173369750e+00, E, -2.000000, NP, 6000 2000
202500, t, 1.112012e-02, KEe, 19059.234648, MEe, 3.176539108e+00, E, -2.000000, NP, 6000 2000
202600, t, 1.112561e-02, KEe, 19007.120280, MEe, 3.167853380e+00, E, -2.000000, NP, 6000 2000
202700, t, 1.113111e-02, KEe, 18971.628039, MEe, 3.161938006e+00, E, -2.000000, NP, 6000 2000
202800, t, 1.113660e-02, KEe, 19014.606307, MEe, 3.169101051e+00, E, -2.000000, NP, 6000 2000
202900, t, 1.114209e-02, KEe, 19065.654972, MEe, 3.177609162e+00, E, -2.000000, NP, 6000 2000
203000, t, 1.114758e-02, KEe, 19096.571365, MEe, 3.182761894e+00, E, -2.000000, NP, 6000 2000
203100, t, 1.115307e-02, KEe, 19088.838997, MEe, 3.181473166e+00, E, -2.000000, NP, 6000 2000
203200, t, 1.115856e-02, KEe, 19101.864012, MEe, 3.183644002e+00, E, -2.000000, NP, 6000 2000
203300, t, 1.116405e-02, KEe, 19015.667257, MEe, 3.169277876e+00, E, -2.000000, NP, 6000 2000
203400, t, 1.116955e-02, KEe, 19035.548301, MEe, 3.172591383e+00, E, -2.000000, NP, 6000 2000
203500, t, 1.117504e-02, KEe, 18995.241141, MEe, 3.165873523e+00, E, -2.000000, NP, 6000 2000
203600, t, 1.118053e-02, KEe, 19017.546841, MEe, 3.169591140e+00, E, -2.000000, NP, 6000 2000
203700, t, 1.118602e-02, KEe, 18991.501529, MEe, 3.165250255e+00, E, -2.000000, NP, 6000 2000
203800, t, 1.119151e-02, KEe, 18963.848845, MEe, 3.160641474e+00, E, -2.000000, NP, 6000 2000
203900, t, 1.119700e-02, KEe, 18960.637425, MEe, 3.160106237e+00, E, -2.000000, NP, 6000 2000
204000, t, 1.120249e-02, KEe, 18916.396386, MEe, 3.152732731e+00, E, -2.000000, NP, 6000 2000
204100, t, 1.120799e-02, KEe, 18974.873824, MEe, 3.162478971e+00, E, -2.000000, NP, 6000 2000
204200, t, 1.121348e-02, KEe, 18892.352258, MEe, 3.148725376e+00, E, -2.000000, NP, 6000 2000
204300, t, 1.121897e-02, KEe, 18890.384892, MEe, 3.148397482e+00, E, -2.000000, NP, 6000 2000
204400, t, 1.122446e-02, KEe, 18848.891371, MEe, 3.141481895e+00, E, -2.000000, NP, 6000 2000
204500, t, 1.122995e-02, KEe, 18774.603380, MEe, 3.129100563e+00, E, -2.000000, NP, 6000 2000
204600, t, 1.123544e-02, KEe, 18772.210747, MEe, 3.128701791e+00, E, -2.000000, NP, 6000 2000
204700, t, 1.124093e-02, KEe, 18809.275197, MEe, 3.134879200e+00, E, -2.000000, NP, 6000 2000
204800, t, 1.124643e-02, KEe, 18766.644244, MEe, 3.127774041e+00, E, -2.000000, NP, 6000 2000
204900, t, 1.125192e-02, KEe, 18817.039399, MEe, 3.136173233e+00, E, -2.000000, NP, 6000 2000
205000, t, 1.125741e-02, KEe, 18890.602705, MEe, 3.148433784e+00, E, -2.000000, NP, 6000 2000
205100, t, 1.126290e-02, KEe, 18831.344132, MEe, 3.138557355e+00, E, -2.000000, NP, 6000 2000
205200, t, 1.126839e-02, KEe, 18793.841656, MEe, 3.132306943e+00, E, -2.000000, NP, 6000 2000
205300, t, 1.127388e-02, KEe, 18847.289106, MEe, 3.141214851e+00, E, -2.000000, NP, 6000 2000
205400, t, 1.127937e-02, KEe, 18887.348511, MEe, 3.147891419e+00, E, -2.000000, NP, 6000 2000
205500, t, 1.128487e-02, KEe, 18877.030545, MEe, 3.146171758e+00, E, -2.000000, NP, 6000 2000
205600, t, 1.129036e-02, KEe, 18880.367230, MEe, 3.146727872e+00, E, -2.000000, NP, 6000 2000
205700, t, 1.129585e-02, KEe, 18864.945349, MEe, 3.144157558e+00, E, -2.000000, NP, 6000 2000
205800, t, 1.130134e-02, KEe, 18861.941962, MEe, 3.143656994e+00, E, -2.000000, NP, 6000 2000
205900, t, 1.130683e-02, KEe, 18905.277405, MEe, 3.150879567e+00, E, -2.000000, NP, 6000 2000
206000, t, 1.131232e-02, KEe, 18831.996463, MEe, 3.138666077e+00, E, -2.000000, NP, 6000 2000
206100, t, 1.131781e-02, KEe, 18886.509626, MEe, 3.147751604e+00, E, -2.000000, NP, 6000 2000
206200, t, 1.132331e-02, KEe, 18895.838138, MEe, 3.149306356e+00, E, -2.000000, NP, 6000 2000
206300, t, 1.132880e-02, KEe, 18923.283782, MEe, 3.153880630e+00, E, -2.000000, NP, 6000 2000
206400, t, 1.133429e-02, KEe, 19002.366239, MEe, 3.167061040e+00, E, -2.000000, NP, 6000 2000
206500, t, 1.133978e-02, KEe, 18976.555089, MEe, 3.162759181e+00, E, -2.000000, NP, 6000 2000
206600, t, 1.134527e-02, KEe, 18978.545346, MEe, 3.163090891e+00, E, -2.000000, NP, 6000 2000
206700, t, 1.135076e-02, KEe, 19015.497177, MEe, 3.169249529e+00, E, -2.000000, NP, 6000 2000
206800, t, 1.135625e-02, KEe, 19119.120587, MEe, 3.186520098e+00, E, -2.000000, NP, 6000 2000
206900, t, 1.136175e-02, KEe, 19118.256419, MEe, 3.186376070e+00, E, -2.000000, NP, 6000 2000
207000, t, 1.136724e-02, KEe, 19186.791345, MEe, 3.197798557e+00, E, -2.000000, NP, 6000 2000
207100, t, 1.137273e-02, KEe, 19235.411096, MEe, 3.205901849e+00, E, -2.000000, NP, 6000 2000
207200, t, 1.137822e-02, KEe, 19283.263902, MEe, 3.213877317e+00, E, -2.000000, NP, 6000 2000
207300, t, 1.138371e-02, KEe, 19266.029118, MEe, 3.211004853e+00, E, -2.000000, NP, 6000 2000
207400, t, 1.138920e-02, KEe, 19256.713248, MEe, 3.209452208e+00, E, -2.000000, NP, 6000 2000
207500, t, 1.139469e-02, KEe, 19207.096984, MEe, 3.201182831e+00, E, -2.000000, NP, 6000 2000
207600, t, 1.140018e-02, KEe, 19235.793677, MEe, 3.205965613e+00, E, -2.000000, NP, 6000 2000
207700, t, 1.140568e-02, KEe, 19206.917223, MEe, 3.201152871e+00, E, -2.000000, NP, 6000 2000
207800, t, 1.141117e-02, KEe, 19160.904268, MEe, 3.193484045e+00, E, -2.000000, NP, 6000 2000
207900, t, 1.141666e-02, KEe, 19009.622744, MEe, 3.168270457e+00, E, -2.000000, NP, 6000 2000
208000, t, 1.142215e-02, KEe, 18981.484701, MEe, 3.163580784e+00, E, -2.000000, NP, 6000 2000
208100, t, 1.142764e-02, KEe, 18883.135655, MEe, 3.147189276e+00, E, -2.000000, NP, 6000 2000
208200, t, 1.143313e-02, KEe, 18841.858716, MEe, 3.140309786e+00, E, -2.000000, NP, 6000 2000
208300, t, 1.143862e-02, KEe, 18837.383154, MEe, 3.139563859e+00, E, -2.000000, NP, 6000 2000
208400, t, 1.144412e-02, KEe, 18881.566932, MEe, 3.146927822e+00, E, -2.000000, NP, 6000 2000
208500, t, 1.144961e-02, KEe, 18938.257778, MEe, 3.156376296e+00, E, -2.000000, NP, 6000 2000
208600, t, 1.145510e-02, KEe, 18926.577227, MEe, 3.154429538e+00, E, -2.000000, NP, 6000 2000
208700, t, 1.146059e-02, KEe, 18925.912101, MEe, 3.154318683e+00, E, -2.000000, NP, 6000 2000
208800, t, 1.146608e-02, KEe, 18881.640741, MEe, 3.146940123e+00, E, -2.000000, NP, 6000 2000
208900, t, 1.147157e-02, KEe, 18895.392821, MEe, 3.149232137e+00, E, -2.000000, NP, 6000 2000
209000, t, 1.147706e-02, KEe, 18903.790966, MEe, 3.150631828e+00, E, -2.000000, NP, 6000 2000
209100, t, 1.148256e-02, KEe, 18838.389228, MEe, 3.139731538e+00, E, -2.000000, NP, 6000 2000
209200, t, 1.148805e-02, KEe, 18818.297147, MEe, 3.136382858e+00, E, -2.000000, NP, 6000 2000
209300, t, 1.149354e-02, KEe, 18821.054248, MEe, 3.136842375e+00, E, -2.000000, NP, 6000 2000
209400, t, 1.149903e-02, KEe, 18875.432273, MEe, 3.145905379e+00, E, -2.000000, NP, 6000 2000
209500, t, 1.150452e-02, KEe, 18862.396832, MEe, 3.143732805e+00, E, -2.000000, NP, 6000 2000
209600, t, 1.151001e-02, KEe, 18774.674166, MEe, 3.129112361e+00, E, -2.000000, NP, 6000 2000
209700, t, 1.151550e-02, KEe, 18739.675799, MEe, 3.123279300e+00, E, -2.000000, NP, 6000 2000
209800, t, 1.152100e-02, KEe, 18681.626828, MEe, 3.113604471e+00, E, -2.000000, NP, 6000 2000
209900, t, 1.152649e-02, KEe, 18649.925757, MEe, 3.108320959e+00, E, -2.000000, NP, 6000 2000
210000, t, 1.153198e-02, KEe, 18704.460452, MEe, 3.117410075e+00, E, -2.000000, NP, 6000 2000
210100, t, 1.153747e-02, KEe, 18643.467406, MEe, 3.107244568e+00, E, -2.000000, NP, 6000 2000
210200, t, 1.154296e-02, KEe, 18584.076682, MEe, 3.097346114e+00, E, -2.000000, NP, 6000 2000
210300, t, 1.154845e-02, KEe, 18639.878649, MEe, 3.106646442e+00, E, -2.000000, NP, 6000 2000
210400, t, 1.155394e-02, KEe, 18691.377571, MEe, 3.115229595e+00, E, -2.000000, NP, 6000 2000
210500, t, 1.155944e-02, KEe, 18721.993796, MEe, 3.120332299e+00, E, -2.000000, NP, 6000 2000
210600, t, 1.156493e-02, KEe, 18764.986324, MEe, 3.127497721e+00, E, -2.000000, NP, 6000 2000
210700, t, 1.157042e-02, KEe, 18779.621349, MEe, 3.129936891e+00, E, -2.000000, NP, 6000 2000
210800, t, 1.157591e-02, KEe, 18712.521937, MEe, 3.118753656e+00, E, -2.000000, NP, 6000 2000
210900, t, 1.158140e-02, KEe, 18755.549825, MEe, 3.125924971e+00, E, -2.000000, NP, 6000 2000
211000, t, 1.158689e-02, KEe, 18711.828490, MEe, 3.118638082e+00, E, -2.000000, NP, 6000 2000
211100, t, 1.159238e-02, KEe, 18673.681265, MEe, 3.112280211e+00, E, -2.000000, NP, 6000 2000
211200, t, 1.159788e-02, KEe, 18723.230209, MEe, 3.120538368e+00, E, -2.000000, NP, 6000 2000
211300, t, 1.160337e-02, KEe, 18764.575706, MEe, 3.127429284e+00, E, -2.000000, NP, 6000 2000
211400, t, 1.160886e-02, KEe, 18800.350782, MEe, 3.133391797e+00, E, -2.000000, NP, 6000 2000
211500, t, 1.161435e-02, KEe, 18775.598617, MEe, 3.129266436e+00, E, -2.000000, NP, 6000 2000
211600, t, 1.161984e-02, KEe, 18644.651359, MEe, 3.107441893e+00, E, -2.000000, NP, 6000 2000
211700, t, 1.162533e-02, KEe, 18702.627726, MEe, 3.117104621e+00, E, -2.000000, NP, 6000 2000
211800, t, 1.163082e-02, KEe, 18720.851741, MEe, 3.120141957e+00, E, -2.000000, NP, 6000 2000
211900, t, 1.163632e-02, KEe, 18670.799754, MEe, 3.111799959e+00, E, -2.000000, NP, 6000 2000
212000, t, 1.164181e-02, KEe, 18685.065814, MEe, 3.114177636e+00, E, -2.000000, NP, 6000 2000
212100, t, 1.164730e-02, KEe, 18748.301741, MEe, 3.124716957e+00, E, -2.000000, NP, 6000 2000
212200, t, 1.165279e-02, KEe, 18700.784917, MEe, 3.116797486e+00, E, -2.000000, NP, 6000 2000
212300, t, 1.165828e-02, KEe, 18756.944791, MEe, 3.126157465e+00, E, -2.000000, NP, 6000 2000
212400, t, 1.166377e-02, KEe, 18798.323663, MEe, 3.133053944e+00, E, -2.000000, NP, 6000 2000
212500, t, 1.166926e-02, KEe, 18786.600397, MEe, 3.131100066e+00, E, -2.000000, NP, 6000 2000
212600, t, 1.167476e-02, KEe, 18796.357868, MEe, 3.132726311e+00, E, -2.000000, NP, 6000 2000
212700, t, 1.168025e-02, KEe, 18759.259531, MEe, 3.126543255e+00, E, -2.000000, NP, 6000 2000
212800, t, 1.168574e-02, KEe, 18874.732416, MEe, 3.145788736e+00, E, -2.000000, NP, 6000 2000
212900, t, 1.169123e-02, KEe, 18851.006777, MEe, 3.141834463e+00, E, -2.000000, NP, 6000 2000
213000, t, 1.169672e-02, KEe, 18859.964001, MEe, 3.143327334e+00, E, -2.000000, NP, 6000 2000
213100, t, 1.170221e-02, KEe, 18795.471933, MEe, 3.132578655e+00, E, -2.000000, NP, 6000 2000
213200, t, 1.170770e-02, KEe, 18739.367137, MEe, 3.123227856e+00, E, -2.000000, NP, 6000 2000
213300, t, 1.171320e-02, KEe, 18694.704298, MEe, 3.115784050e+00, E, -2.000000, NP, 6000 2000
213400, t, 1.171869e-02, KEe, 18649.772943, MEe, 3.108295491e+00, E, -2.000000, NP, 6000 2000
213500, t, 1.172418e-02, KEe, 18724.346431, MEe, 3.120724405e+00, E, -2.000000, NP, 6000 2000
213600, t, 1.172967e-02, KEe, 18767.007958, MEe, 3.127834660e+00, E, -2.000000, NP, 6000 2000
213700, t, 1.173516e-02, KEe, 18774.557405, MEe, 3.129092901e+00, E, -2.000000, NP, 6000 2000
213800, t, 1.174065e-02, KEe, 18821.698408, MEe, 3.136949735e+00, E, -2.000000, NP, 6000 2000
213900, t, 1.174614e-02, KEe, 18790.031961, MEe, 3.131671993e+00, E, -2.000000, NP, 6000 2000
214000, t, 1.175164e-02, KEe, 18770.500002, MEe, 3.128416667e+00, E, -2.000000, NP, 6000 2000
214100, t, 1.175713e-02, KEe, 18741.899923, MEe, 3.123649987e+00, E, -2.000000, NP, 6000 2000
214200, t, 1.176262e-02, KEe, 18785.565259, MEe, 3.130927543e+00, E, -2.000000, NP, 6000 2000
214300, t, 1.176811e-02, KEe, 18773.801226, MEe, 3.128966871e+00, E, -2.000000, NP, 6000 2000
214400, t, 1.177360e-02, KEe, 18746.905691, MEe, 3.124484282e+00, E, -2.000000, NP, 6000 2000
214500, t, 1.177909e-02, KEe, 18787.788827, MEe, 3.131298138e+00, E, -2.000000, NP, 6000 2000
214600, t, 1.178458e-02, KEe, 18765.239384, MEe, 3.127539897e+00, E, -2.000000, NP, 6000 2000
214700, t, 1.179008e-02, KEe, 18698.490702, MEe, 3.116415117e+00, E, -2.000000, NP, 6000 2000
214800, t, 1.179557e-02, KEe, 18637.283105, MEe, 3.106213851e+00, E, -2.000000, NP, 6000 2000
214900, t, 1.180106e-02, KEe, 18621.352705, MEe, 3.103558784e+00, E, -2.000000, NP, 6000 2000
215000, t, 1.180655e-02, KEe, 18625.697703, MEe, 3.104282950e+00, E, -2.000000, NP, 6000 2000
215100, t, 1.181204e-02, KEe, 18688.211844, MEe, 3.114701974e+00, E, -2.000000, NP, 6000 2000
215200, t, 1.181753e-02, KEe, 18795.926842, MEe, 3.132654474e+00, E, -2.000000, NP, 6000 2000
215300, t, 1.182302e-02, KEe, 18887.119144, MEe, 3.147853191e+00, E, -2.000000, NP, 6000 2000
215400, t, 1.182852e-02, KEe, 18939.474667, MEe, 3.156579111e+00, E, -2.000000, NP, 6000 2000
215500, t, 1.183401e-02, KEe, 18941.282039, MEe, 3.156880340e+00, E, -2.000000, NP, 6000 2000
215600, t, 1.183950e-02, KEe, 19019.028143, MEe, 3.169838024e+00, E, -2.000000, NP, 6000 2000
215700, t, 1.184499e-02, KEe, 18999.493857, MEe, 3.166582310e+00, E, -2.000000, NP, 6000 2000
215800, t, 1.185048e-02, KEe, 18900.060016, MEe, 3.150010003e+00, E, -2.000000, NP, 6000 2000
215900, t, 1.185597e-02, KEe, 18912.559076, MEe, 3.152093179e+00, E, -2.000000, NP, 6000 2000
216000, t, 1.186146e-02, KEe, 18798.419206, MEe, 3.133069868e+00, E, -2.000000, NP, 6000 2000
216100, t, 1.186696e-02, KEe, 18794.382224, MEe, 3.132397037e+00, E, -2.000000, NP, 6000 2000
216200, t, 1.187245e-02, KEe, 18783.847117, MEe, 3.130641186e+00, E, -2.000000, NP, 6000 2000
216300, t, 1.187794e-02, KEe, 18692.650741, MEe, 3.115441790e+00, E, -2.000000, NP, 6000 2000
216400, t, 1.188343e-02, KEe, 18732.160125, MEe, 3.122026687e+00, E, -2.000000, NP, 6000 2000
216500, t, 1.188892e-02, KEe, 18743.058485, MEe, 3.123843081e+00, E, -2.000000, NP, 6000 2000
216600, t, 1.189441e-02, KEe, 18760.756730, MEe, 3.126792788e+00, E, -2.000000, NP, 6000 2000
216700, t, 1.189990e-02, KEe, 18712.850730, MEe, 3.118808455e+00, E, -2.000000, NP, 6000 2000
216800, t, 1.190540e-02, KEe, 18782.110784, MEe, 3.130351797e+00, E, -2.000000, NP, 6000 2000
216900, t, 1.191089e-02, KEe, 18807.500905, MEe, 3.134583484e+00, E, -2.000000, NP, 6000 2000
217000, t, 1.191638e-02, KEe, 18793.241881, MEe, 3.132206980e+00, E, -2.000000, NP, 6000 2000
217100, t, 1.192187e-02, KEe, 18805.077631, MEe, 3.134179605e+00, E, -2.000000, NP, 6000 2000
217200, t, 1.192736e-02, KEe, 18788.244483, MEe, 3.131374081e+00, E, -2.000000, NP, 6000 2000
217300, t, 1.193285e-02, KEe, 18815.524947, MEe, 3.135920825e+00, E, -2.000000, NP, 6000 2000
217400, t, 1.193834e-02, KEe, 18847.221688, MEe, 3.141203615e+00, E, -2.000000, NP, 6000 2000
217500, t, 1.194384e-02, KEe, 18882.370391, MEe, 3.147061732e+00, E, -2.000000, NP, 6000 2000
217600, t, 1.194933e-02, KEe, 18791.592731, MEe, 3.131932122e+00, E, -2.000000, NP, 6000 2000
217700, t, 1.195482e-02, KEe, 18856.561530, MEe, 3.142760255e+00, E, -2.000000, NP, 6000 2000
217800, t, 1.196031e-02, KEe, 18849.245790, MEe, 3.141540965e+00, E, -2.000000, NP, 6000 2000
217900, t, 1.196580e-02, KEe, 18861.922323, MEe, 3.143653721e+00, E, -2.000000, NP, 6000 2000
218000, t, 1.197129e-02, KEe, 18942.208204, MEe, 3.157034701e+00, E, -2.000000, NP, 6000 2000
218100, t, 1.197678e-02, KEe, 18913.273999, MEe, 3.152212333e+00, E, -2.000000, NP, 6000 2000
218200, t, 1.198228e-02, KEe, 18799.371747, MEe, 3.133228625e+00, E, -2.000000, NP, 6000 2000
218300, t, 1.198777e-02, KEe, 18827.652562, MEe, 3.137942094e+00, E, -2.000000, NP, 6000 2000
218400, t, 1.199326e-02, KEe, 18817.464308, MEe, 3.136244051e+00, E, -2.000000, NP, 6000 2000
218500, t, 1.199875e-02, KEe, 18837.250005, MEe, 3.139541668e+00, E, -2.000000, NP, 6000 2000
218600, t, 1.200424e-02, KEe, 18902.616446, MEe, 3.150436074e+00, E, -2.000000, NP, 6000 2000
218700, t, 1.200973e-02, KEe, 18934.211504, MEe, 3.155701917e+00, E, -2.000000, NP, 6000 2000
218800, t, 1.201522e-02, KEe, 18909.694691, MEe, 3.151615782e+00, E, -2.000000, NP, 6000 2000
218900, t, 1.202072e-02, KEe, 18774.074723, MEe, 3.129012454e+00, E, -2.000000, NP, 6000 2000
219000, t, 1.202621e-02, KEe, 18884.569764, MEe, 3.147428294e+00, E, -2.000000, NP, 6000 2000
219100, t, 1.203170e-02, KEe, 18898.123976, MEe, 3.149687329e+00, E, -2.000000, NP, 6000 2000
219200, t, 1.203719e-02, KEe, 18905.721123, MEe, 3.150953520e+00, E, -2.000000, NP, 6000 2000
219300, t, 1.204268e-02, KEe, 18908.433652, MEe, 3.151405609e+00, E, -2.000000, NP, 6000 2000
219400, t, 1.204817e-02, KEe, 18950.524126, MEe, 3.158420688e+00, E, -2.000000, NP, 6000 2000
219500, t, 1.205366e-02, KEe, 19012.978675, MEe, 3.168829779e+00, E, -2.000000, NP, 6000 2000
219600, t, 1.205916e-02, KEe, 19038.228746, MEe, 3.173038124e+00, E, -2.000000, NP, 6000 2000
219700, t, 1.206465e-02, KEe, 18922.493983, MEe, 3.153748997e+00, E, -2.000000, NP, 6000 2000
219800, t, 1.207014e-02, KEe, 18965.841989, MEe, 3.160973665e+00, E, -2.000000, NP, 6000 2000
219900, t, 1.207563e-02, KEe, 18973.146377, MEe, 3.162191063e+00, E, -2.000000, NP, 6000 2000
220000, t, 1.208112e-02, KEe, 18951.786922, MEe, 3.158631154e+00, E, -2.000000, NP, 6000 2000
220100, t, 1.208661e-02, KEe, 18896.192125, MEe, 3.149365354e+00, E, -2.000000, NP, 6000 2000
220200, t, 1.209210e-02, KEe, 18951.226878, MEe, 3.158537813e+00, E, -2.000000, NP, 6000 2000
220300, t, 1.209760e-02, KEe, 18996.601668, MEe, 3.166100278e+00, E, -2.000000, NP, 6000 2000
220400, t, 1.210309e-02, KEe, 18978.210423, MEe, 3.163035071e+00, E, -2.000000, NP, 6000 2000
220500, t, 1.210858e-02, KEe, 18969.279438, MEe, 3.161546573e+00, E, -2.000000, NP, 6000 2000
220600, t, 1.211407e-02, KEe, 18949.964431, MEe, 3.158327405e+00, E, -2.000000, NP, 6000 2000
220700, t, 1.211956e-02, KEe, 18949.071192, MEe, 3.158178532e+00, E, -2.000000, NP, 6000 2000
220800, t, 1.212505e-02, KEe, 18963.148094, MEe, 3.160524682e+00, E, -2.000000, NP, 6000 2000
220900, t, 1.213054e-02, KEe, 19035.412674, MEe, 3.172568779e+00, E, -2.000000, NP, 6000 2000
221000, t, 1.213604e-02, KEe, 19080.905504, MEe, 3.180150917e+00, E, -2.000000, NP, 6000 2000
221100, t, 1.214153e-02, KEe, 19146.522359, MEe, 3.191087060e+00, E, -2.000000, NP, 6000 2000
221200, t, 1.214702e-02, KEe, 19086.555939, MEe, 3.181092657e+00, E, -2.000000, NP, 6000 2000
221300, t, 1.215251e-02, KEe, 19141.163132, MEe, 3.190193855e+00, E, -2.000000, NP, 6000 2000
221400, t, 1.215800e-02, KEe, 19117.845632, MEe, 3.186307605e+00, E, -2.000000, NP, 6000 2000
221500, t, 1.216349e-02, KEe, 19081.572199, MEe, 3.180262033e+00, E, -2.000000, NP, 6000 2000
221600, t, 1.216898e-02, KEe, 19131.666427, MEe, 3.188611071e+00, E, -2.000000, NP, 6000 2000
221700, t, 1.217448e-02, KEe, 19152.330194, MEe, 3.192055032e+00, E, -2.000000, NP, 6000 2000
221800, t, 1.217997e-02, KEe, 19154.205666, MEe, 3.192367611e+00, E, -2.000000, NP, 6000 2000
221900, t, 1.218546e-02, KEe, 19140.540068, MEe, 3.190090011e+00, E, -2.000000, NP, 6000 2000
222000, t, 1.219095e-02, KEe, 19031.354015, MEe, 3.171892336e+00, E, -2.000000, NP, 6000 2000
222100, t, 1.219644e-02, KEe, 19006.831355, MEe, 3.167805226e+00, E, -2.000000, NP, 6000 2000
222200, t, 1.220193e-02, KEe, 19006.440516, MEe, 3.167740086e+00, E, -2.000000, NP, 6000 2000
222300, t, 1.220742e-02, KEe, 18940.326972, MEe, 3.156721162e+00, E, -2.000000, NP, 6000 2000
222400, t, 1.221291e-02, KEe, 18915.465681, MEe, 3.152577613e+00, E, -2.000000, NP, 6000 2000
222500, t, 1.221841e-02, KEe, 18951.654339, MEe, 3.158609057e+00, E, -2.000000, NP, 6000 2000
222600, t, 1.222390e-02, KEe, 18911.470994, MEe, 3.151911832e+00, E, -2.000000, NP, 6000 2000
222700, t, 1.222939e-02, KEe, 18774.642920, MEe, 3.129107153e+00, E, -2.000000, NP, 6000 2000
222800, t, 1.223488e-02, KEe, 18763.305967, MEe, 3.127217661e+00, E, -2.000000, NP, 6000 2000
222900, t, 1.224037e-02, KEe, 18670.940017, MEe, 3.111823336e+00, E, -2.000000, NP, 6000 2000
223000, t, 1.224586e-02, KEe, 18783.636521, MEe, 3.130606087e+00, E, -2.000000, NP, 6000 2000
223100, t, 1.225135e-02, KEe, 18801.060812, MEe, 3.133510135e+00, E, -2.000000, NP, 6000 2000
223200, t, 1.225685e-02, KEe, 18769.473051, MEe, 3.128245509e+00, E, -2.000000, NP, 6000 2000
223300, t, 1.226234e-02, KEe, 18667.233488, MEe, 3.111205581e+00, E, -2.000000, NP, 6000 2000
223400, t, 1.226783e-02, KEe, 18730.574718, MEe, 3.121762453e+00, E, -2.000000, NP, 6000 2000
223500, t, 1.227332e-02, KEe, 18845.901170, MEe, 3.140983528e+00, E, -2.000000, NP, 6000 2000
223600, t, 1.227881e-02, KEe, 18882.597452, MEe, 3.147099575e+00, E, -2.000000, NP, 6000 2000
223700, t, 1.228430e-02, KEe, 18834.862242, MEe, 3.139143707e+00, E, -2.000000, NP, 6000 2000
223800, t, 1.228979e-02, KEe, 18795.588085, MEe, 3.132598014e+00, E, -2.000000, NP, 6000 2000
223900, t, 1.229529e-02, KEe, 18808.751910, MEe, 3.134791985e+00, E, -2.000000, NP, 6000 2000
224000, t, 1.230078e-02, KEe, 18820.742044, MEe, 3.136790341e+00, E, -2.000000, NP, 6000 2000
224100, t, 1.230627e-02, KEe, 18796.578620, MEe, 3.132763103e+00, E, -2.000000, NP, 6000 2000
224200, t, 1.231176e-02, KEe, 18910.974562, MEe, 3.151829094e+00, E, -2.000000, NP, 6000 2000
224300, t, 1.231725e-02, KEe, 18906.352507, MEe, 3.151058751e+00, E, -2.000000, NP, 6000 2000
224400, t, 1.232274e-02, KEe, 18829.823051, MEe, 3.138303842e+00, E, -2.000000, NP, 6000 2000
224500, t, 1.232823e-02, KEe, 18811.356535, MEe, 3.135226089e+00, E, -2.000000, NP, 6000 2000
224600, t, 1.233373e-02, KEe, 18800.494338, MEe, 3.133415723e+00, E, -2.000000, NP, 6000 2000
224700, t, 1.233922e-02, KEe, 18812.092555, MEe, 3.135348759e+00, E, -2.000000, NP, 6000 2000
224800, t, 1.234471e-02, KEe, 18775.018775, MEe, 3.129169796e+00, E, -2.000000, NP, 6000 2000
224900, t, 1.235020e-02, KEe, 18772.468418, MEe, 3.128744736e+00, E, -2.000000, NP, 6000 2000
225000, t, 1.235569e-02, KEe, 18771.363135, MEe, 3.128560523e+00, E, -2.000000, NP, 6000 2000
225100, t, 1.236118e-02, KEe, 18697.546558, MEe, 3.116257760e+00, E, -2.000000, NP, 6000 2000
225200, t, 1.236667e-02, KEe, 18731.873650, MEe, 3.121978942e+00, E, -2.000000, NP, 6000 2000
225300, t, 1.237217e-02, KEe, 18823.597696, MEe, 3.137266283e+00, E, -2.000000, NP, 6000 2000
225400, t, 1.237766e-02, KEe, 18839.882002, MEe, 3.139980334e+00, E, -2.000000, NP, 6000 2000
225500, t, 1.238315e-02, KEe, 18754.620520, MEe, 3.125770087e+00, E, -2.000000, NP, 6000 2000
225600, t, 1.238864e-02, KEe, 18837.284313, MEe, 3.139547386e+00, E, -2.000000, NP, 6000 2000
225700, t, 1.239413e-02, KEe, 18810.097795, MEe, 3.135016299e+00, E, -2.000000, NP, 6000 2000
225800, t, 1.239962e-02, KEe, 18838.100330, MEe, 3.139683388e+00, E, -2.000000, NP, 6000 2000
225900, t, 1.240511e-02, KEe, 18780.793962, MEe, 3.130132327e+00, E, -2.000000, NP, 6000 2000
226000, t, 1.241061e-02, KEe, 18812.898399, MEe, 3.135483066e+00, E, -2.000000, NP, 6000 2000
226100, t, 1.241610e-02, KEe, 18796.751748, MEe, 3.132791958e+00, E, -2.000000, NP, 6000 2000
226200, t, 1.242159e-02, KEe, 18796.092606, MEe, 3.132682101e+00, E, -2.000000, NP, 6000 2000
226300, t, 1.242708e-02, KEe, 18748.821612, MEe, 3.124803602e+00, E, -2.000000, NP, 6000 2000
226400, t, 1.243257e-02, KEe, 18720.879527, MEe, 3.120146588e+00, E, -2.000000, NP, 6000 2000
226500, t, 1.243806e-02, KEe, 18819.157541, MEe, 3.136526257e+00, E, -2.000000, NP, 6000 2000
226600, t, 1.244355e-02, KEe, 18757.351154, MEe, 3.126225192e+00, E, -2.000000, NP, 6000 2000
226700, t, 1.244905e-02, KEe, 18862.041781, MEe, 3.143673630e+00, E, -2.000000, NP, 6000 2000
226800, t, 1.245454e-02, KEe, 18829.029778, MEe, 3.138171630e+00, E, -2.000000, NP, 6000 2000
226900, t, 1.246003e-02, KEe, 18771.914419, MEe, 3.128652403e+00, E, -2.000000, NP, 6000 2000
227000, t, 1.246552e-02, KEe, 18652.963725, MEe, 3.108827287e+00, E, -2.000000, NP, 6000 2000
227100, t, 1.247101e-02, KEe, 18649.937945, MEe, 3.108322991e+00, E, -2.000000, NP, 6000 2000
227200, t, 1.247650e-02, KEe, 18624.006793, MEe, 3.104001132e+00, E, -2.000000, NP, 6000 2000
227300, t, 1.248199e-02, KEe, 18687.363645, MEe, 3.114560607e+00, E, -2.000000, NP, 6000 2000
227400, t, 1.248749e-02, KEe, 18623.267256, MEe, 3.103877876e+00, E, -2.000000, NP, 6000 2000
227500, t, 1.249298e-02, KEe, 18609.496509, MEe, 3.101582752e+00, E, -2.000000, NP, 6000 2000
227600, t, 1.249847e-02, KEe, 18558.043110, MEe, 3.093007185e+00, E, -2.000000, NP, 6000 2000
227700, t, 1.250396e-02, KEe, 18538.033747, MEe, 3.089672291e+00, E, -2.000000, NP, 6000 2000
227800, t, 1.250945e-02, KEe, 18529.405813, MEe, 3.088234302e+00, E, -2.000000, NP, 6000 2000
227900, t, 1.251494e-02, KEe, 18549.086610, MEe, 3.091514435e+00, E, -2.000000, NP, 6000 2000
228000, t, 1.252043e-02, KEe, 18468.842583, MEe, 3.078140430e+00, E, -2.000000, NP, 6000 2000
228100, t, 1.252593e-02, KEe, 18535.208982, MEe, 3.089201497e+00, E, -2.000000, NP, 6000 2000
228200, t, 1.253142e-02, KEe, 18571.310140, MEe, 3.095218357e+00, E, -2.000000, NP, 6000 2000
228300, t, 1.253691e-02, KEe, 18585.680355, MEe, 3.097613392e+00, E, -2.000000, NP, 6000 2000
228400, t, 1.254240e-02, KEe, 18693.199045, MEe, 3.115533174e+00, E, -2.000000, NP, 6000 2000
228500, t, 1.254789e-02, KEe, 18816.114125, MEe, 3.136019021e+00, E, -2.000000, NP, 6000 2000
228600, t, 1.255338e-02, KEe, 18854.563735, MEe, 3.142427289e+00, E, -2.000000, NP, 6000 2000
228700, t, 1.255887e-02, KEe, 18876.876763, MEe, 3.146146127e+00, E, -2.000000, NP, 6000 2000
228800, t, 1.256437e-02, KEe, 18808.200122, MEe, 3.134700020e+00, E, -2.000000, NP, 6000 2000
228900, t, 1.256986e-02, KEe, 18724.601047, MEe, 3.120766841e+00, E, -2.000000, NP, 6000 2000
229000, t, 1.257535e-02, KEe, 18674.438969, MEe, 3.112406495e+00, E, -2.000000, NP, 6000 2000
229100, t, 1.258084e-02, KEe, 18725.399480, MEe, 3.120899913e+00, E, -2.000000, NP, 6000 2000
229200, t, 1.258633e-02, KEe, 18729.308835, MEe, 3.121551472e+00, E, -2.000000, NP, 6000 2000
229300, t, 1.259182e-02, KEe, 18751.988672, MEe, 3.125331445e+00, E, -2.000000, NP, 6000 2000
229400, t, 1.259731e-02, KEe, 18787.508122, MEe, 3.131251354e+00, E, -2.000000, NP, 6000 2000
229500, t, 1.260281e-02, KEe, 18810.652002, MEe, 3.135108667e+00, E, -2.000000, NP, 6000 2000
229600, t, 1.260830e-02, KEe, 18837.754508, MEe, 3.139625751e+00, E, -2.000000, NP, 6000 2000
229700, t, 1.261379e-02, KEe, 18909.597841, MEe, 3.151599640e+00, E, -2.000000, NP, 6000 2000
229800, t, 1.261928e-02, KEe, 19034.803753, MEe, 3.172467292e+00, E, -2.000000, NP, 6000 2000
229900, t, 1.262477e-02, KEe, 18980.605216, MEe, 3.163434203e+00, E, -2.000000, NP, 6000 2000
230000, t, 1.263026e-02, KEe, 19061.232926, MEe, 3.176872154e+00, E, -2.000000, NP, 6000 2000
230100, t, 1.263575e-02, KEe, 19010.089613, MEe, 3.168348269e+00, E, -2.000000, NP, 6000 2000
230200, t, 1.264125e-02, KEe, 19007.885011, MEe, 3.167980835e+00, E, -2.000000, NP, 6000 2000
230300, t, 1.264674e-02, KEe, 19049.306579, MEe, 3.174884430e+00, E, -2.000000, NP, 6000 2000
230400, t, 1.265223e-02, KEe, 19027.319327, MEe, 3.171219888e+00, E, -2.000000, NP, 6000 2000
230500, t, 1.265772e-02, KEe, 19062.531158, MEe, 3.177088526e+00, E, -2.000000, NP, 6000 2000
230600, t, 1.266321e-02, KEe, 19076.034578, MEe, 3.179339096e+00, E, -2.000000, NP, 6000 2000
230700, t, 1.266870e-02, KEe, 19069.136165, MEe, 3.178189361e+00, E, -2.000000, NP, 6000 2000
230800, t, 1.267419e-02, KEe, 19091.388630, MEe, 3.181898105e+00, E, -2.000000, NP, 6000 2000
230900, t, 1.267969e-02, KEe, 19062.394865, MEe, 3.177065811e+00, E, -2.000000, NP, 6000 2000
231000, t, 1.268518e-02, KEe, 19040.854239, MEe, 3.173475706e+00, E, -2.000000, NP, 6000 2000
231100, t, 1.269067e-02, KEe, 19010.855637, MEe, 3.168475939e+00, E, -2.000000, NP, 6000 2000
231200, t, 1.269616e-02, KEe, 18977.043724, MEe, 3.162840621e+00, E, -2.000000, NP, 6000 2000
231300, t, 1.270165e-02, KEe, 18981.112600, MEe, 3.163518767e+00, E, -2.000000, NP, 6000 2000
231400, t, 1.270714e-02, KEe, 18887.437169, MEe, 3.147906195e+00, E, -2.000000, NP, 6000 2000
231500, t, 1.271263e-02, KEe, 18942.681989, MEe, 3.157113665e+00, E, -2.000000, NP, 6000 2000
231600, t, 1.271813e-02, KEe, 18892.450998, MEe, 3.148741833e+00, E, -2.000000, NP, 6000 2000
231700, t, 1.272362e-02, KEe, 18898.516974, MEe, 3.149752829e+00, E, -2.000000, NP, 6000 2000
231800, t, 1.272911e-02, KEe, 18954.030703, MEe, 3.159005117e+00, E, -2.000000, NP, 6000 2000
231900, t, 1.273460e-02, KEe, 18978.610085, MEe, 3.163101681e+00, E, -2.000000, NP, 6000 2000
232000, t, 1.274009e-02, KEe, 18940.103410, MEe, 3.156683902e+00, E, -2.000000, NP, 6000 2000
232100, t, 1.274558e-02, KEe, 18864.285317, MEe, 3.144047553e+00, E, -2.000000, NP, 6000 2000
232200, t, 1.275107e-02, KEe, 18935.383737, MEe, 3.155897289e+00, E, -2.000000, NP, 6000 2000
232300, t, 1.275657e-02, KEe, 18954.001767, MEe, 3.159000294e+00, E, -2.000000, NP, 6000 2000
232400, t, 1.276206e-02, KEe, 18967.789712, MEe, 3.161298285e+00, E, -2.000000, NP, 6000 2000
232500, t, 1.276755e-02, KEe, 18936.665576, MEe, 3.156110929e+00, E, -2.000000, NP, 6000 2000
232600, t, 1.277304e-02, KEe, 18911.891705, MEe, 3.151981951e+00, E, -2.000000, NP, 6000 2000
232700, t, 1.277853e-02, KEe, 18868.645603, MEe, 3.144774267e+00, E, -2.000000, NP, 6000 2000
232800, t, 1.278402e-02, KEe, 19022.122693, MEe, 3.170353782e+00, E, -2.000000, NP, 6000 2000
232900, t, 1.278951e-02, KEe, 18984.478874, MEe, 3.164079812e+00, E, -2.000000, NP, 6000 2000
233000, t, 1.279501e-02, KEe, 18880.656240, MEe, 3.146776040e+00, E, -2.000000, NP, 6000 2000
233100, t, 1.280050e-02, KEe, 18963.677704, MEe, 3.160612951e+00, E, -2.000000, NP, 6000 2000
233200, t, 1.280599e-02, KEe, 19017.084464, MEe, 3.169514077e+00, E, -2.000000, NP, 6000 2000
233300, t, 1.281148e-02, KEe, 18988.605383, MEe, 3.164767564e+00, E, -2.000000, NP, 6000 2000
233400, t, 1.281697e-02, KEe, 18923.668320, MEe, 3.153944720e+00, E, -2.000000, NP, 6000 2000
233500, t, 1.282246e-02, KEe, 18896.337453, MEe, 3.149389576e+00, E, -2.000000, NP, 6000 2000
233600, t, 1.282795e-02, KEe, 18948.920514, MEe, 3.158153419e+00, E, -2.000000, NP, 6000 2000
233700, t, 1.283345e-02, KEe, 18898.008437, MEe, 3.149668073e+00, E, -2.000000, NP, 6000 2000
233800, t, 1.283894e-02, KEe, 18928.756829, MEe, 3.154792805e+00, E, -2.000000, NP, 6000 2000
233900, t, 1.284443e-02, KEe, 18912.042100, MEe, 3.152007017e+00, E, -2.000000, NP, 6000 2000
234000, t, 1.284992e-02, KEe, 19009.978455, MEe, 3.168329742e+00, E, -2.000000, NP, 6000 2000
234100, t, 1.285541e-02, KEe, 19010.045188, MEe, 3.168340865e+00, E, -2.000000, NP, 6000 2000
234200, t, 1.286090e-02, KEe, 19007.839868, MEe, 3.167973311e+00, E, -2.000000, NP, 6000 2000
234300, t, 1.286639e-02, KEe, 18989.300533, MEe, 3.164883422e+00, E, -2.000000, NP, 6000 2000
234400, t, 1.287189e-02, KEe, 18941.033878, MEe, 3.156838980e+00, E, -2.000000, NP, 6000 2000
234500, t, 1.287738e-02, KEe, 18997.959092, MEe, 3.166326515e+00, E, -2.000000, NP, 6000 2000
234600, t, 1.288287e-02, KEe, 18980.037009, MEe, 3.163339501e+00, E, -2.000000, NP, 6000 2000
234700, t, 1.288836e-02, KEe, 18971.494180, MEe, 3.161915697e+00, E, -2.000000, NP, 6000 2000
234800, t, 1.289385e-02, KEe, 19017.057164, MEe, 3.169509527e+00, E, -2.000000, NP, 6000 2000
234900, t, 1.289934e-02, KEe, 18987.688339, MEe, 3.164614723e+00, E, -2.000000, NP, 6000 2000
235000, t, 1.290483e-02, KEe, 18973.971898, MEe, 3.162328650e+00, E, -2.000000, NP, 6000 2000
235100, t, 1.291033e-02, KEe, 18961.845106, MEe, 3.160307518e+00, E, -2.000000, NP, 6000 2000
235200, t, 1.291582e-02, KEe, 18932.405607, MEe, 3.155400935e+00, E, -2.000000, NP, 6000 2000
235300, t, 1.292131e-02, KEe, 18948.275265, MEe, 3.158045878e+00, E, -2.000000, NP, 6000 2000
235400, t, 1.292680e-02, KEe, 18867.296561, MEe, 3.144549427e+00, E, -2.000000, NP, 6000 2000
235500, t, 1.293229e-02, KEe, 18873.686592, MEe, 3.145614432e+00, E, -2.000000, NP, 6000 2000
235600, t, 1.293778e-02, KEe, 18842.406707, MEe, 3.140401118e+00, E, -2.000000, NP, 6000 2000
235700, t, 1.294327e-02, KEe, 18838.097553, MEe, 3.139682926e+00, E, -2.000000, NP, 6000 2000
235800, t, 1.294877e-02, KEe, 18821.409274, MEe, 3.136901546e+00, E, -2.000000, NP, 6000 2000
235900, t, 1.295426e-02, KEe, 18864.676771, MEe, 3.144112795e+00, E, -2.000000, NP, 6000 2000
236000, t, 1.295975e-02, KEe, 18901.494253, MEe, 3.150249042e+00, E, -2.000000, NP, 6000 2000
236100, t, 1.296524e-02, KEe, 18903.946105, MEe, 3.150657684e+00, E, -2.000000, NP, 6000 2000
236200, t, 1.297073e-02, KEe, 18839.129474, MEe, 3.139854912e+00, E, -2.000000, NP, 6000 2000
236300, t, 1.297622e-02, KEe, 18912.451842, MEe, 3.152075307e+00, E, -2.000000, NP, 6000 2000
236400, t, 1.298171e-02, KEe, 18922.417515, MEe, 3.153736252e+00, E, -2.000000, NP, 6000 2000
236500, t, 1.298720e-02, KEe, 18894.909660, MEe, 3.149151610e+00, E, -2.000000, NP, 6000 2000
236600, t, 1.299270e-02, KEe, 18925.502126, MEe, 3.154250354e+00, E, -2.000000, NP, 6000 2000
236700, t, 1.299819e-02, KEe, 18921.989764, MEe, 3.153664961e+00, E, -2.000000, NP, 6000 2000
236800, t, 1.300368e-02, KEe, 18939.484399, MEe, 3.156580733e+00, E, -2.000000, NP, 6000 2000
236900, t, 1.300917e-02, KEe, 18843.147601, MEe, 3.140524600e+00, E, -2.000000, NP, 6000 2000
237000, t, 1.301466e-02, KEe, 18901.782609, MEe, 3.150297102e+00, E, -2.000000, NP, 6000 2000
237100, t, 1.302015e-02, KEe, 18925.226106, MEe, 3.154204351e+00, E, -2.000000, NP, 6000 2000
237200, t, 1.302564e-02, KEe, 18987.884933, MEe, 3.164647489e+00, E, -2.000000, NP, 6000 2000
237300, t, 1.303114e-02, KEe, 18854.269080, MEe, 3.142378180e+00, E, -2.000000, NP, 6000 2000
237400, t, 1.303663e-02, KEe, 18760.867897, MEe, 3.126811316e+00, E, -2.000000, NP, 6000 2000
237500, t, 1.304212e-02, KEe, 18813.591818, MEe, 3.135598636e+00, E, -2.000000, NP, 6000 2000
237600, t, 1.304761e-02, KEe, 18789.851920, MEe, 3.131641987e+00, E, -2.000000, NP, 6000 2000
237700, t, 1.305310e-02, KEe, 18713.490757, MEe, 3.118915126e+00, E, -2.000000, NP, 6000 2000
237800, t, 1.305859e-02, KEe, 18730.585047, MEe, 3.121764174e+00, E, -2.000000, NP, 6000 2000
237900, t, 1.306408e-02, KEe, 18770.369942, MEe, 3.128394990e+00, E, -2.000000, NP, 6000 2000
238000, t, 1.306958e-02, KEe, 18791.173710, MEe, 3.131862285e+00, E, -2.000000, NP, 6000 2000
238100, t, 1.307507e-02, KEe, 18736.139884, MEe, 3.122689981e+00, E, -2.000000, NP, 6000 2000
238200, t, 1.308056e-02, KEe, 18774.686684, MEe, 3.129114447e+00, E, -2.000000, NP, 6000 2000
238300, t, 1.308605e-02, KEe, 18711.214112, MEe, 3.118535685e+00, E, -2.000000, NP, 6000 2000
238400, t, 1.309154e-02, KEe, 18694.342709, MEe, 3.115723785e+00, E, -2.000000, NP, 6000 2000
238500, t, 1.309703e-02, KEe, 18628.414856, MEe, 3.104735809e+00, E, -2.000000, NP, 6000 2000
238600, t, 1.310252e-02, KEe, 18619.025931, MEe, 3.103170988e+00, E, -2.000000, NP, 6000 2000
238700, t, 1.310802e-02, KEe, 18583.832592, MEe, 3.097305432e+00, E, -2.000000, NP, 6000 2000
238800, t, 1.311351e-02, KEe, 18592.014379, MEe, 3.098669063e+00, E, -2.000000, NP, 6000 2000
238900, t, 1.311900e-02, KEe, 18608.237210, MEe, 3.101372868e+00, E, -2.000000, NP, 6000 2000
239000, t, 1.312449e-02, KEe, 18610.952340, MEe, 3.101825390e+00, E, -2.000000, NP, 6000 2000
239100, t, 1.312998e-02, KEe, 18624.830834, MEe, 3.104138472e+00, E, -2.000000, NP, 6000 2000
239200, t, 1.313547e-02, KEe, 18798.304250, MEe, 3.133050708e+00, E, -2.000000, NP, 6000 2000
239300, t, 1.314096e-02, KEe, 18798.494165, MEe, 3.133082361e+00, E, -2.000000, NP, 6000 2000
239400, t, 1.314646e-02, KEe, 18852.613942, MEe, 3.142102324e+00, E, -2.000000, NP, 6000 2000
239500, t, 1.315195e-02, KEe, 18907.123225, MEe, 3.151187204e+00, E, -2.000000, NP, 6000 2000
239600, t, 1.315744e-02, KEe, 18941.350542, MEe, 3.156891757e+00, E, -2.000000, NP, 6000 2000
239700, t, 1.316293e-02, KEe, 18959.613376, MEe, 3.159935563e+00, E, -2.000000, NP, 6000 2000
239800, t, 1.316842e-02, KEe, 18947.091920, MEe, 3.157848653e+00, E, -2.000000, NP, 6000 2000
239900, t, 1.317391e-02, KEe, 18925.304662, MEe, 3.154217444e+00, E, -2.000000, NP, 6000 2000
240000, t, 1.317940e-02, KEe, 18983.708499, MEe, 3.163951416e+00, E, -2.000000, NP, 6000 2000
240100, t, 1.318490e-02, KEe, 18938.293712, MEe, 3.156382285e+00, E, -2.000000, NP, 6000 2000
240200, t, 1.319039e-02, KEe, 19001.907616, MEe, 3.166984603e+00, E, -2.000000, NP, 6000 2000
240300, t, 1.319588e-02, KEe, 18959.913573, MEe, 3.159985596e+00, E, -2.000000, NP, 6000 2000
240400, t, 1.320137e-02, KEe, 19012.104471, MEe, 3.168684078e+00, E, -2.000000, NP, 6000 2000
240500, t, 1.320686e-02, KEe, 18959.907012, MEe, 3.159984502e+00, E, -2.000000, NP, 6000 2000
240600, t, 1.321235e-02, KEe, 18882.551120, MEe, 3.147091853e+00, E, -2.000000, NP, 6000 2000
240700, t, 1.321784e-02, KEe, 18837.612230, MEe, 3.139602038e+00, E, -2.000000, NP, 6000 2000
240800, t, 1.322334e-02, KEe, 18880.360507, MEe, 3.146726751e+00, E, -2.000000, NP, 6000 2000
240900, t, 1.322883e-02, KEe, 18948.873077, MEe, 3.158145513e+00, E, -2.000000, NP, 6000 2000
241000, t, 1.323432e-02, KEe, 18900.922026, MEe, 3.150153671e+00, E, -2.000000, NP, 6000 2000
241100, t, 1.323981e-02, KEe, 18801.665295, MEe, 3.133610883e+00, E, -2.000000, NP, 6000 2000
241200, t, 1.324530e-02, KEe, 18842.033255, MEe, 3.140338876e+00, E, -2.000000, NP, 6000 2000
241300, t, 1.325079e-02, KEe, 18956.580967, MEe, 3.159430161e+00, E, -2.000000, NP, 6000 2000
241400, t, 1.325628e-02, KEe, 18968.120162, MEe, 3.161353360e+00, E, -2.000000, NP, 6000 2000
241500, t, 1.326178e-02, KEe, 18927.709781, MEe, 3.154618297e+00, E, -2.000000, NP, 6000 2000
241600, t, 1.326727e-02, KEe, 18902.902313, MEe, 3.150483719e+00, E, -2.000000, NP, 6000 2000
241700, t, 1.327276e-02, KEe, 18892.296246, MEe, 3.148716041e+00, E, -2.000000, NP, 6000 2000
241800, t, 1.327825e-02, KEe, 18894.821767, MEe, 3.149136961e+00, E, -2.000000, NP, 6000 2000
241900, t, 1.328374e-02, KEe, 18917.201031, MEe, 3.152866839e+00, E, -2.000000, NP, 6000 2000
242000, t, 1.328923e-02, KEe, 18862.983343, MEe, 3.143830557e+00, E, -2.000000, NP, 6000 2000
242100, t, 1.329472e-02, KEe, 18888.671922, MEe, 3.148111987e+00, E, -2.000000, NP, 6000 2000
242200, t, 1.330022e-02, KEe, 18924.485677, MEe, 3.154080946e+00, E, -2.000000, NP, 6000 2000
242300, t, 1.330571e-02, KEe, 18831.651045, MEe, 3.138608508e+00, E, -2.000000, NP, 6000 2000
242400, t, 1.331120e-02, KEe, 18801.052153, MEe, 3.133508692e+00, E, -2.000000, NP, 6000 2000
242500, t, 1.331669e-02, KEe, 18711.088430, MEe, 3.118514738e+00, E, -2.000000, NP, 6000 2000
242600, t, 1.332218e-02, KEe, 18798.683370, MEe, 3.133113895e+00, E, -2.000000, NP, 6000 2000
242700, t, 1.332767e-02, KEe, 18841.874671, MEe, 3.140312445e+00, E, -2.000000, NP, 6000 2000
242800, t, 1.333316e-02, KEe, 18883.903931, MEe, 3.147317322e+00, E, -2.000000, NP, 6000 2000
242900, t, 1.333866e-02, KEe, 18894.630901, MEe, 3.149105150e+00, E, -2.000000, NP, 6000 2000
243000, t, 1.334415e-02, KEe, 18894.944019, MEe, 3.149157337e+00, E, -2.000000, NP, 6000 2000
243100, t, 1.334964e-02, KEe, 18884.631205, MEe, 3.147438534e+00, E, -2.000000, NP, 6000 2000
243200, t, 1.335513e-02, KEe, 18916.797187, MEe, 3.152799531e+00, E, -2.000000, NP, 6000 2000
243300, t, 1.336062e-02, KEe, 18928.543255, MEe, 3.154757209e+00, E, -2.000000, NP, 6000 2000
243400, t, 1.336611e-02, KEe, 18973.327883, MEe, 3.162221314e+00, E, -2.000000, NP, 6000 2000
243500, t, 1.337160e-02, KEe, 18924.722300, MEe, 3.154120383e+00, E, -2.000000, NP, 6000 2000
243600, t, 1.337710e-02, KEe, 18827.181657, MEe, 3.137863609e+00, E, -2.000000, NP, 6000 2000
243700, t, 1.338259e-02, KEe, 18851.606069, MEe, 3.141934345e+00, E, -2.000000, NP, 6000 2000
243800, t, 1.338808e-02, KEe, 18949.997882, MEe, 3.158332980e+00, E, -2.000000, NP, 6000 2000
243900, t, 1.339357e-02, KEe, 18980.212042, MEe, 3.163368674e+00, E, -2.000000, NP, 6000 2000
244000, t, 1.339906e-02, KEe, 18928.341218, MEe, 3.154723536e+00, E, -2.000000, NP, 6000 2000
244100, t, 1.340455e-02, KEe, 18892.703654, MEe, 3.148783942e+00, E, -2.000000, NP, 6000 2000
244200, t, 1.341004e-02, KEe, 18835.253574, MEe, 3.139208929e+00, E, -2.000000, NP, 6000 2000
244300, t, 1.341554e-02, KEe, 18860.909388, MEe, 3.143484898e+00, E, -2.000000, NP, 6000 2000
244400, t, 1.342103e-02, KEe, 18873.271226, MEe, 3.145545204e+00, E, -2.000000, NP, 6000 2000
244500, t, 1.342652e-02, KEe, 18865.617130, MEe, 3.144269522e+00, E, -2.000000, NP, 6000 2000
244600, t, 1.343201e-02, KEe, 18767.450148, MEe, 3.127908358e+00, E, -2.000000, NP, 6000 2000
244700, t, 1.343750e-02, KEe, 18804.347762, MEe, 3.134057960e+00, E, -2.000000, NP, 6000 2000
244800, t, 1.344299e-02, KEe, 18813.057652, MEe, 3.135509609e+00, E, -2.000000, NP, 6000 2000
244900, t, 1.344848e-02, KEe, 18939.552978, MEe, 3.156592163e+00, E, -2.000000, NP, 6000 2000
245000, t, 1.345398e-02, KEe, 18908.405533, MEe, 3.151400922e+00, E, -2.000000, NP, 6000 2000
245100, t, 1.345947e-02, KEe, 18850.534339, MEe, 3.141755723e+00, E, -2.000000, NP, 6000 2000
245200, t, 1.346496e-02, KEe, 18840.350766, MEe, 3.140058461e+00, E, -2.000000, NP, 6000 2000
245300, t, 1.347045e-02, KEe, 18860.787828, MEe, 3.143464638e+00, E, -2.000000, NP, 6000 2000
245400, t, 1.347594e-02, KEe, 18939.930122, MEe, 3.156655020e+00, E, -2.000000, NP, 6000 2000
245500, t, 1.348143e-02, KEe, 18878.872458, MEe, 3.146478743e+00, E, -2.000000, NP, 6000 2000
245600, t, 1.348692e-02, KEe, 18771.477946, MEe, 3.128579658e+00, E, -2.000000, NP, 6000 2000
245700, t, 1.349242e-02, KEe, 18818.501794, MEe, 3.136416966e+00, E, -2.000000, NP, 6000 2000
245800, t, 1.349791e-02, KEe, 18929.714735, MEe, 3.154952456e+00, E, -2.000000, NP, 6000 2000
245900, t, 1.350340e-02, KEe, 18950.720828, MEe, 3.158453471e+00, E, -2.000000, NP, 6000 2000
246000, t, 1.350889e-02, KEe, 18986.932665, MEe, 3.164488777e+00, E, -2.000000, NP, 6000 2000
246100, t, 1.351438e-02, KEe, 19015.783259, MEe, 3.169297210e+00, E, -2.000000, NP, 6000 2000
246200, t, 1.351987e-02, KEe, 19025.269844, MEe, 3.170878307e+00, E, -2.000000, NP, 6000 2000
246300, t, 1.352536e-02, KEe, 18953.929932, MEe, 3.158988322e+00, E, -2.000000, NP, 6000 2000
246400, t, 1.353086e-02, KEe, 18923.536971, MEe, 3.153922828e+00, E, -2.000000, NP, 6000 2000
246500, t, 1.353635e-02, KEe, 19020.827623, MEe, 3.170137937e+00, E, -2.000000, NP, 6000 2000
246600, t, 1.354184e-02, KEe, 19004.174002, MEe, 3.167362334e+00, E, -2.000000, NP, 6000 2000
246700, t, 1.354733e-02, KEe, 18967.638174, MEe, 3.161273029e+00, E, -2.000000, NP, 6000 2000
246800, t, 1.355282e-02, KEe, 18999.157949, MEe, 3.166526325e+00, E, -2.000000, NP, 6000 2000
246900, t, 1.355831e-02, KEe, 18937.971277, MEe, 3.156328546e+00, E, -2.000000, NP, 6000 2000
247000, t, 1.356380e-02, KEe, 18882.374343, MEe, 3.147062390e+00, E, -2.000000, NP, 6000 2000
247100, t, 1.356930e-02, KEe, 18923.008983, MEe, 3.153834831e+00, E, -2.000000, NP, 6000 2000
247200, t, 1.357479e-02, KEe, 18881.238579, MEe, 3.146873097e+00, E, -2.000000, NP, 6000 2000
247300, t, 1.358028e-02, KEe, 18921.026500, MEe, 3.153504417e+00, E, -2.000000, NP, 6000 2000
247400, t, 1.358577e-02, KEe, 18936.424034, MEe, 3.156070672e+00, E, -2.000000, NP, 6000 2000
247500, t, 1.359126e-02, KEe, 18898.168207, MEe, 3.149694701e+00, E, -2.000000, NP, 6000 2000
247600, t, 1.359675e-02, KEe, 18962.318921, MEe, 3.160386487e+00, E, -2.000000, NP, 6000 2000
247700, t, 1.360224e-02, KEe, 18942.343265, MEe, 3.157057211e+00, E, -2.000000, NP, 6000 2000
247800, t, 1.360774e-02, KEe, 18960.075830, MEe, 3.160012638e+00, E, -2.000000, NP, 6000 2000
247900, t, 1.361323e-02, KEe, 18945.845223, MEe, 3.157640870e+00, E, -2.000000, NP, 6000 2000
248000, t, 1.361872e-02, KEe, 18938.759696, MEe, 3.156459949e+00, E, -2.000000, NP, 6000 2000
248100, t, 1.362421e-02, KEe, 18967.531425, MEe, 3.161255237e+00, E, -2.000000, NP, 6000 2000
248200, t, 1.362970e-02, KEe, 18935.213858, MEe, 3.155868976e+00, E, -2.000000, NP, 6000 2000
248300, t, 1.363519e-02, KEe, 18924.764616, MEe, 3.154127436e+00, E, -2.000000, NP, 6000 2000
248400, t, 1.364068e-02, KEe, 18911.961259, MEe, 3.151993543e+00, E, -2.000000, NP, 6000 2000
248500, t, 1.364618e-02, KEe, 18904.250776, MEe, 3.150708463e+00, E, -2.000000, NP, 6000 2000
248600, t, 1.365167e-02, KEe, 18877.861384, MEe, 3.146310231e+00, E, -2.000000, NP, 6000 2000
248700, t, 1.365716e-02, KEe, 18960.114433, MEe, 3.160019072e+00, E, -2.000000, NP, 6000 2000
248800, t, 1.366265e-02, KEe, 18982.406206, MEe, 3.163734368e+00, E, -2.000000, NP, 6000 2000
248900, t, 1.366814e-02, KEe, 18939.360836, MEe, 3.156560139e+00, E, -2.000000, NP, 6000 2000
249000, t, 1.367363e-02, KEe, 18990.651942, MEe, 3.165108657e+00, E, -2.000000, NP, 6000 2000
249100, t, 1.367912e-02, KEe, 19003.998096, MEe, 3.167333016e+00, E, -2.000000, NP, 6000 2000
249200, t, 1.368462e-02, KEe, 18934.006997, MEe, 3.155667833e+00, E, -2.000000, NP, 6000 2000
249300, t, 1.369011e-02, KEe, 18968.010712, MEe, 3.161335119e+00, E, -2.000000, NP, 6000 2000
249400, t, 1.369560e-02, KEe, 18984.340608, MEe, 3.164056768e+00, E, -2.000000, NP, 6000 2000
249500, t, 1.370109e-02, KEe, 18956.059556, MEe, 3.159343259e+00, E, -2.000000, NP, 6000 2000
249600, t, 1.370658e-02, KEe, 18895.845504, MEe, 3.149307584e+00, E, -2.000000, NP, 6000 2000
249700, t, 1.371207e-02, KEe, 18912.212162, MEe, 3.152035360e+00, E, -2.000000, NP, 6000 2000
249800, t, 1.371756e-02, KEe, 18937.439422, MEe, 3.156239904e+00, E, -2.000000, NP, 6000 2000
249900, t, 1.372306e-02, KEe, 18988.267518, MEe, 3.164711253e+00, E, -2.000000, NP, 6000 2000
250000, t, 1.372855e-02, KEe, 18951.768712, MEe, 3.158628119e+00, E, -2.000000, NP, 6000 2000
250100, t, 1.373404e-02, KEe, 18864.304872, MEe, 3.144050812e+00, E, -2.000000, NP, 6000 2000
250200, t, 1.373953e-02, KEe, 18843.784486, MEe, 3.140630748e+00, E, -2.000000, NP, 6000 2000
250300, t, 1.374502e-02, KEe, 18830.050328, MEe, 3.138341721e+00, E, -2.000000, NP, 6000 2000
250400, t, 1.375051e-02, KEe, 18789.553535, MEe, 3.131592256e+00, E, -2.000000, NP, 6000 2000
250500, t, 1.375600e-02, KEe, 18853.491308, MEe, 3.142248551e+00, E, -2.000000, NP, 6000 2000
250600, t, 1.376149e-02, KEe, 18884.998145, MEe, 3.147499691e+00, E, -2.000000, NP, 6000 2000
250700, t, 1.376699e-02, KEe, 18885.246258, MEe, 3.147541043e+00, E, -2.000000, NP, 6000 2000
250800, t, 1.377248e-02, KEe, 18826.234622, MEe, 3.137705770e+00, E, -2.000000, NP, 6000 2000
250900, t, 1.377797e-02, KEe, 18877.629491, MEe, 3.146271582e+00, E, -2.000000, NP, 6000 2000
251000, t, 1.378346e-02, KEe, 18985.933218, MEe, 3.164322203e+00, E, -2.000000, NP, 6000 2000
251100, t, 1.378895e-02, KEe, 19071.436428, MEe, 3.178572738e+00, E, -2.000000, NP, 6000 2000
251200, t, 1.379444e-02, KEe, 19065.966178, MEe, 3.177661030e+00, E, -2.000000, NP, 6000 2000
251300, t, 1.379993e-02, KEe, 19025.953911, MEe, 3.170992318e+00, E, -2.000000, NP, 6000 2000
251400, t, 1.380543e-02, KEe, 18982.016509, MEe, 3.163669418e+00, E, -2.000000, NP, 6000 2000
251500, t, 1.381092e-02, KEe, 18915.019929, MEe, 3.152503321e+00, E, -2.000000, NP, 6000 2000
251600, t, 1.381641e-02, KEe, 18950.158000, MEe, 3.158359667e+00, E, -2.000000, NP, 6000 2000
251700, t, 1.382190e-02, KEe, 18927.211953, MEe, 3.154535326e+00, E, -2.000000, NP, 6000 2000
251800, t, 1.382739e-02, KEe, 18939.305199, MEe, 3.156550867e+00, E, -2.000000, NP, 6000 2000
251900, t, 1.383288e-02, KEe, 18916.728871, MEe, 3.152788145e+00, E, -2.000000, NP, 6000 2000
252000, t, 1.383837e-02, KEe, 18852.254348, MEe, 3.142042391e+00, E, -2.000000, NP, 6000 2000
252100, t, 1.384387e-02, KEe, 18859.874649, MEe, 3.143312441e+00, E, -2.000000, NP, 6000 2000
252200, t, 1.384936e-02, KEe, 18903.673942, MEe, 3.150612324e+00, E, -2.000000, NP, 6000 2000
252300, t, 1.385485e-02, KEe, 18894.351868, MEe, 3.149058645e+00, E, -2.000000, NP, 6000 2000
252400, t, 1.386034e-02, KEe, 18844.898073, MEe, 3.140816346e+00, E, -2.000000, NP, 6000 2000
252500, t, 1.386583e-02, KEe, 18865.386333, MEe, 3.144231055e+00, E, -2.000000, NP, 6000 2000
252600, t, 1.387132e-02, KEe, 18870.797559, MEe, 3.145132926e+00, E, -2.000000, NP, 6000 2000
252700, t, 1.387681e-02, KEe, 18849.249833, MEe, 3.141541639e+00, E, -2.000000, NP, 6000 2000
252800, t, 1.388231e-02, KEe, 18767.289016, MEe, 3.127881503e+00, E, -2.000000, NP, 6000 2000
252900, t, 1.388780e-02, KEe, 18837.375619, MEe, 3.139562603e+00, E, -2.000000, NP, 6000 2000
253000, t, 1.389329e-02, KEe, 18870.591934, MEe, 3.145098656e+00, E, -2.000000, NP, 6000 2000
253100, t, 1.389878e-02, KEe, 18939.979160, MEe, 3.156663193e+00, E, -2.000000, NP, 6000 2000
253200, t, 1.390427e-02, KEe, 18996.196627, MEe, 3.166032771e+00, E, -2.000000, NP, 6000 2000
253300, t, 1.390976e-02, KEe, 19019.240102, MEe, 3.169873350e+00, E, -2.000000, NP, 6000 2000
253400, t, 1.391525e-02, KEe, 19078.733054, MEe, 3.179788842e+00, E, -2.000000, NP, 6000 2000
253500, t, 1.392075e-02, KEe, 19089.820901, MEe, 3.181636817e+00, E, -2.000000, NP, 6000 2000
253600, t, 1.392624e-02, KEe, 19110.594336, MEe, 3.185099056e+00, E, -2.000000, NP, 6000 2000
253700, t, 1.393173e-02, KEe, 19032.307988, MEe, 3.172051331e+00, E, -2.000000, NP, 6000 2000
253800, t, 1.393722e-02, KEe, 18921.598914, MEe, 3.153599819e+00, E, -2.000000, NP, 6000 2000
253900, t, 1.394271e-02, KEe, 18909.001793, MEe, 3.151500299e+00, E, -2.000000, NP, 6000 2000
254000, t, 1.394820e-02, KEe, 18854.176579, MEe, 3.142362763e+00, E, -2.000000, NP, 6000 2000
254100, t, 1.395369e-02, KEe, 18822.051588, MEe, 3.137008598e+00, E, -2.000000, NP, 6000 2000
254200, t, 1.395919e-02, KEe, 18834.055066, MEe, 3.139009178e+00, E, -2.000000, NP, 6000 2000
254300, t, 1.396468e-02, KEe, 18946.885199, MEe, 3.157814200e+00, E, -2.000000, NP, 6000 2000
254400, t, 1.397017e-02, KEe, 18876.888166, MEe, 3.146148028e+00, E, -2.000000, NP, 6000 2000
254500, t, 1.397566e-02, KEe, 18834.947020, MEe, 3.139157837e+00, E, -2.000000, NP, 6000 2000
254600, t, 1.398115e-02, KEe, 18787.755213, MEe, 3.131292536e+00, E, -2.000000, NP, 6000 2000
254700, t, 1.398664e-02, KEe, 18754.375357, MEe, 3.125729226e+00, E, -2.000000, NP, 6000 2000
254800, t, 1.399213e-02, KEe, 18733.510008, MEe, 3.122251668e+00, E, -2.000000, NP, 6000 2000
254900, t, 1.399763e-02, KEe, 18728.407285, MEe, 3.121401214e+00, E, -2.000000, NP, 6000 2000
255000, t, 1.400312e-02, KEe, 18713.886163, MEe, 3.118981027e+00, E, -2.000000, NP, 6000 2000
255100, t, 1.400861e-02, KEe, 18559.433556, MEe, 3.093238926e+00, E, -2.000000, NP, 6000 2000
255200, t, 1.401410e-02, KEe, 18632.732102, MEe, 3.105455350e+00, E, -2.000000, NP, 6000 2000
255300, t, 1.401959e-02, KEe, 18747.356247, MEe, 3.124559375e+00, E, -2.000000, NP, 6000 2000
255400, t, 1.402508e-02, KEe, 18766.010511, MEe, 3.127668418e+00, E, -2.000000, NP, 6000 2000
255500, t, 1.403057e-02, KEe, 18694.347555, MEe, 3.115724592e+00, E, -2.000000, NP, 6000 2000
255600, t, 1.403607e-02, KEe, 18780.235304, MEe, 3.130039217e+00, E, -2.000000, NP, 6000 2000
255700, t, 1.404156e-02, KEe, 18789.308300, MEe, 3.131551383e+00, E, -2.000000, NP, 6000 2000
255800, t, 1.404705e-02, KEe, 18802.422492, MEe, 3.133737082e+00, E, -2.000000, NP, 6000 2000
255900, t, 1.405254e-02, KEe, 18830.973212, MEe, 3.138495535e+00, E, -2.000000, NP, 6000 2000
256000, t, 1.405803e-02, KEe, 18795.330947, MEe, 3.132555158e+00, E, -2.000000, NP, 6000 2000
256100, t, 1.406352e-02, KEe, 18818.812139, MEe, 3.136468690e+00, E, -2.000000, NP, 6000 2000
256200, t, 1.406901e-02, KEe, 18818.438090, MEe, 3.136406348e+00, E, -2.000000, NP, 6000 2000
256300, t, 1.407451e-02, KEe, 18695.602588, MEe, 3.115933765e+00, E, -2.000000, NP, 6000 2000
256400, t, 1.408000e-02, KEe, 18790.567748, MEe, 3.131761291e+00, E, -2.000000, NP, 6000 2000
256500, t, 1.408549e-02, KEe, 18774.912860, MEe, 3.129152143e+00, E, -2.000000, NP, 6000 2000
256600, t, 1.409098e-02, KEe, 18846.597747, MEe, 3.141099624e+00, E, -2.000000, NP, 6000 2000
256700, t, 1.409647e-02, KEe, 18847.871460, MEe, 3.141311910e+00, E, -2.000000, NP, 6000 2000
256800, t, 1.410196e-02, KEe, 18802.137236, MEe, 3.133689539e+00, E, -2.000000, NP, 6000 2000
256900, t, 1.410745e-02, KEe, 18853.154637, MEe, 3.142192440e+00, E, -2.000000, NP, 6000 2000
257000, t, 1.411295e-02, KEe, 18873.603096, MEe, 3.145600516e+00, E, -2.000000, NP, 6000 2000
257100, t, 1.411844e-02, KEe, 18883.905964, MEe, 3.147317661e+00, E, -2.000000, NP, 6000 2000
257200, t, 1.412393e-02, KEe, 18949.367229, MEe, 3.158227871e+00, E, -2.000000, NP, 6000 2000
257300, t, 1.412942e-02, KEe, 18981.529054, MEe, 3.163588176e+00, E, -2.000000, NP, 6000 2000
257400, t, 1.413491e-02, KEe, 18912.781912, MEe, 3.152130319e+00, E, -2.000000, NP, 6000 2000
257500, t, 1.414040e-02, KEe, 18880.135760, MEe, 3.146689293e+00, E, -2.000000, NP, 6000 2000
257600, t, 1.414589e-02, KEe, 18926.120454, MEe, 3.154353409e+00, E, -2.000000, NP, 6000 2000
257700, t, 1.415139e-02, KEe, 18953.894268, MEe, 3.158982378e+00, E, -2.000000, NP, 6000 2000
257800, t, 1.415688e-02, KEe, 18972.587974, MEe, 3.162097996e+00, E, -2.000000, NP, 6000 2000
257900, t, 1.416237e-02, KEe, 19014.573654, MEe, 3.169095609e+00, E, -2.000000, NP, 6000 2000
258000, t, 1.416786e-02, KEe, 19041.914062, MEe, 3.173652344e+00, E, -2.000000, NP, 6000 2000
258100, t, 1.417335e-02, KEe, 19010.346343, MEe, 3.168391057e+00, E, -2.000000, NP, 6000 2000
258200, t, 1.417884e-02, KEe, 18996.895834, MEe, 3.166149306e+00, E, -2.000000, NP, 6000 2000
258300, t, 1.418433e-02, KEe, 19030.735517, MEe, 3.171789253e+00, E, -2.000000, NP, 6000 2000
258400, t, 1.418983e-02, KEe, 19036.642699, MEe, 3.172773783e+00, E, -2.000000, NP, 6000 2000
258500, t, 1.419532e-02, KEe, 19015.655237, MEe, 3.169275873e+00, E, -2.000000, NP, 6000 2000
258600, t, 1.420081e-02, KEe, 19015.712953, MEe, 3.169285492e+00, E, -2.000000, NP, 6000 2000
258700, t, 1.420630e-02, KEe, 19016.808131, MEe, 3.169468022e+00, E, -2.000000, NP, 6000 2000
258800, t, 1.421179e-02, KEe, 19038.756906, MEe, 3.173126151e+00, E, -2.000000, NP, 6000 2000
258900, t, 1.421728e-02, KEe, 18998.869906, MEe, 3.166478318e+00, E, -2.000000, NP, 6000 2000
259000, t, 1.422277e-02, KEe, 19002.747678, MEe, 3.167124613e+00, E, -2.000000, NP, 6000 2000
259100, t, 1.422827e-02, KEe, 18975.126485, MEe, 3.162521081e+00, E, -2.000000, NP, 6000 2000
259200, t, 1.423376e-02, KEe, 19060.930507, MEe, 3.176821751e+00, E, -2.000000, NP, 6000 2000
259300, t, 1.423925e-02, KEe, 19004.904816, MEe, 3.167484136e+00, E, -2.000000, NP, 6000 2000
259400, t, 1.424474e-02, KEe, 19043.758756, MEe, 3.173959793e+00, E, -2.000000, NP, 6000 2000
259500, t, 1.425023e-02, KEe, 19022.324966, MEe, 3.170387494e+00, E, -2.000000, NP, 6000 2000
259600, t, 1.425572e-02, KEe, 18965.339024, MEe, 3.160889837e+00, E, -2.000000, NP, 6000 2000
259700, t, 1.426121e-02, KEe, 18959.336932, MEe, 3.159889489e+00, E, -2.000000, NP, 6000 2000
259800, t, 1.426671e-02, KEe, 18993.908035, MEe, 3.165651339e+00, E, -2.000000, NP, 6000 2000
259900, t, 1.427220e-02, KEe, 18993.124525, MEe, 3.165520754e+00, E, -2.000000, NP, 6000 2000
260000, t, 1.427769e-02, KEe, 18972.275276, MEe, 3.162045879e+00, E, -2.000000, NP, 6000 2000
260100, t, 1.428318e-02, KEe, 18931.040416, MEe, 3.155173403e+00, E, -2.000000, NP, 6000 2000
260200, t, 1.428867e-02, KEe, 18905.290772, MEe, 3.150881795e+00, E, -2.000000, NP, 6000 2000
260300, t, 1.429416e-02, KEe, 18866.628645, MEe, 3.144438108e+00, E, -2.000000, NP, 6000 2000
260400, t, 1.429965e-02, KEe, 18761.336382, MEe, 3.126889397e+00, E, -2.000000, NP, 6000 2000
260500, t, 1.430515e-02, KEe, 18838.335724, MEe, 3.139722621e+00, E, -2.000000, NP, 6000 2000
260600, t, 1.431064e-02, KEe, 18821.886932, MEe, 3.136981155e+00, E, -2.000000, NP, 6000 2000
260700, t, 1.431613e-02, KEe, 18811.636000, MEe, 3.135272667e+00, E, -2.000000, NP, 6000 2000
260800, t, 1.432162e-02, KEe, 18814.197357, MEe, 3.135699559e+00, E, -2.000000, NP, 6000 2000
260900, t, 1.432711e-02, KEe, 18772.042555, MEe, 3.128673759e+00, E, -2.000000, NP, 6000 2000
261000, t, 1.433260e-02, KEe, 18874.226123, MEe, 3.145704354e+00, E, -2.000000, NP, 6000 2000
261100, t, 1.433809e-02, KEe, 18939.783919, MEe, 3.156630653e+00, E, -2.000000, NP, 6000 2000
261200, t, 1.434359e-02, KEe, 18883.903458, MEe, 3.147317243e+00, E, -2.000000, NP, 6000 2000
261300, t, 1.434908e-02, KEe, 18892.660527, MEe, 3.148776754e+00, E, -2.000000, NP, 6000 2000
261400, t, 1.435457e-02, KEe, 18965.974005, MEe, 3.160995667e+00, E, -2.000000, NP, 6000 2000
261500, t, 1.436006e-02, KEe, 18947.916615, MEe, 3.157986103e+00, E, -2.000000, NP, 6000 2000
261600, t, 1.436555e-02, KEe, 18900.273833, MEe, 3.150045639e+00, E, -2.000000, NP, 6000 2000
261700, t, 1.437104e-02, KEe, 18943.633413, MEe, 3.157272236e+00, E, -2.000000, NP, 6000 2000
261800, t, 1.437653e-02, KEe, 18943.969653, MEe, 3.157328275e+00, E, -2.000000, NP, 6000 2000
261900, t, 1.438203e-02, KEe, 18966.364978, MEe, 3.161060830e+00, E, -2.000000, NP, 6000 2000
262000, t, 1.438752e-02, KEe, 18886.552513, MEe, 3.147758752e+00, E, -2.000000, NP, 6000 2000
262100, t, 1.439301e-02, KEe, 18897.969153, MEe, 3.149661525e+00, E, -2.000000, NP, 6000 2000
262200, t, 1.439850e-02, KEe, 18862.599472, MEe, 3.143766579e+00, E, -2.000000, NP, 6000 2000
262300, t, 1.440399e-02, KEe, 18959.193870, MEe, 3.159865645e+00, E, -2.000000, NP, 6000 2000
262400, t, 1.440948e-02, KEe, 18878.460477, MEe, 3.146410080e+00, E, -2.000000, NP, 6000 2000
262500, t, 1.441497e-02, KEe, 18909.064565, MEe, 3.151510761e+00, E, -2.000000, NP, 6000 2000
262600, t, 1.442047e-02, KEe, 18905.859572, MEe, 3.150976595e+00, E, -2.000000, NP, 6000 2000
262700, t, 1.442596e-02, KEe, 18926.643885, MEe, 3.154440647e+00, E, -2.000000, NP, 6000 2000
262800, t, 1.443145e-02, KEe, 18828.390933, MEe, 3.138065156e+00, E, -2.000000, NP, 6000 2000
262900, t, 1.443694e-02, KEe, 18808.354989, MEe, 3.134725831e+00, E, -2.000000, NP, 6000 2000
263000, t, 1.444243e-02, KEe, 18913.670851, MEe, 3.152278475e+00, E, -2.000000, NP, 6000 2000
263100, t, 1.444792e-02, KEe, 18909.531312, MEe, 3.151588552e+00, E, -2.000000, NP, 6000 2000
263200, t, 1.445341e-02, KEe, 18939.157004, MEe, 3.156526167e+00, E, -2.000000, NP, 6000 2000
263300, t, 1.445891e-02, KEe, 18925.174160, MEe, 3.154195693e+00, E, -2.000000, NP, 6000 2000
263400, t, 1.446440e-02, KEe, 19019.500741, MEe, 3.169916790e+00, E, -2.000000, NP, 6000 2000
263500, t, 1.446989e-02, KEe, 19002.766986, MEe, 3.167127831e+00, E, -2.000000, NP, 6000 2000
263600, t, 1.447538e-02, KEe, 19015.875017, MEe, 3.169312503e+00, E, -2.000000, NP, 6000 2000
263700, t, 1.448087e-02, KEe, 18970.206682, MEe, 3.161701114e+00, E, -2.000000, NP, 6000 2000
263800, t, 1.448636e-02, KEe, 18979.093644, MEe, 3.163182274e+00, E, -2.000000, NP, 6000 2000
263900, t, 1.449185e-02, KEe, 18882.110190, MEe, 3.147018365e+00, E, -2.000000, NP, 6000 2000
264000, t, 1.449735e-02, KEe, 18957.171499, MEe, 3.159528583e+00, E, -2.000000, NP, 6000 2000
264100, t, 1.450284e-02, KEe, 18963.101973, MEe, 3.160516996e+00, E, -2.000000, NP, 6000 2000
264200, t, 1.450833e-02, KEe, 19060.104957, MEe, 3.176684159e+00, E, -2.000000, NP, 6000 2000
264300, t, 1.451382e-02, KEe, 18971.815182, MEe, 3.161969197e+00, E, -2.000000, NP, 6000 2000
264400, t, 1.451931e-02, KEe, 18944.469696, MEe, 3.157411616e+00, E, -2.000000, NP, 6000 2000
264500, t, 1.452480e-02, KEe, 18902.171365, MEe, 3.150361894e+00, E, -2.000000, NP, 6000 2000
264600, t, 1.453029e-02, KEe, 18828.524345, MEe, 3.138087391e+00, E, -2.000000, NP, 6000 2000
264700, t, 1.453579e-02, KEe, 18918.844056, MEe, 3.153140676e+00, E, -2.000000, NP, 6000 2000
264800, t, 1.454128e-02, KEe, 18994.412132, MEe, 3.165735355e+00, E, -2.000000, NP, 6000 2000
264900, t, 1.454677e-02, KEe, 18982.507152, MEe, 3.163751192e+00, E, -2.000000, NP, 6000 2000
265000, t, 1.455226e-02, KEe, 19000.661021, MEe, 3.166776837e+00, E, -2.000000, NP, 6000 2000
265100, t, 1.455775e-02, KEe, 18954.640943, MEe, 3.159106824e+00, E, -2.000000, NP, 6000 2000
265200, t, 1.456324e-02, KEe, 18943.745264, MEe, 3.157290877e+00, E, -2.000000, NP, 6000 2000
265300, t, 1.456873e-02, KEe, 18959.065002, MEe, 3.159844167e+00, E, -2.000000, NP, 6000 2000
265400, t, 1.457422e-02, KEe, 18891.284693, MEe, 3.148547449e+00, E, -2.000000, NP, 6000 2000
265500, t, 1.457972e-02, KEe, 18934.551906, MEe, 3.155758651e+00, E, -2.000000, NP, 6000 2000
265600, t, 1.458521e-02, KEe, 18917.015404, MEe, 3.152835901e+00, E, -2.000000, NP, 6000 2000
265700, t, 1.459070e-02, KEe, 18898.513553, MEe, 3.149752259e+00, E, -2.000000, NP, 6000 2000
265800, t, 1.459619e-02, KEe, 18857.311347, MEe, 3.142885225e+00, E, -2.000000, NP, 6000 2000
265900, t, 1.460168e-02, KEe, 18873.448821, MEe, 3.145574804e+00, E, -2.000000, NP, 6000 2000
266000, t, 1.460717e-02, KEe, 18907.433153, MEe, 3.151238859e+00, E, -2.000000, NP, 6000 2000
266100, t, 1.461266e-02, KEe, 18889.847455, MEe, 3.148307909e+00, E, -2.000000, NP, 6000 2000
266200, t, 1.461816e-02, KEe, 18893.144608, MEe, 3.148857435e+00, E, -2.000000, NP, 6000 2000
266300, t, 1.462365e-02, KEe, 18855.185794, MEe, 3.142530966e+00, E, -2.000000, NP, 6000 2000
266400, t, 1.462914e-02, KEe, 18849.398821, MEe, 3.141566470e+00, E, -2.000000, NP, 6000 2000
266500, t, 1.463463e-02, KEe, 18880.790894, MEe, 3.146798482e+00, E, -2.000000, NP, 6000 2000
266600, t, 1.464012e-02, KEe, 18899.703469, MEe, 3.149950578e+00, E, -2.000000, NP, 6000 2000
266700, t, 1.464561e-02, KEe, 18906.021754, MEe, 3.151003626e+00, E, -2.000000, NP, 6000 2000
266800, t, 1.465110e-02, KEe, 18950.190509, MEe, 3.158365085e+00, E, -2.000000, NP, 6000 2000
266900, t, 1.465660e-02, KEe, 18982.216213, MEe, 3.163702702e+00, E, -2.000000, NP, 6000 2000
267000, t, 1.466209e-02, KEe, 18995.623687, MEe, 3.165937281e+00, E, -2.000000, NP, 6000 2000
267100, t, 1.466758e-02, KEe, 18980.969299, MEe, 3.163494883e+00, E, -2.000000, NP, 6000 2000
267200, t, 1.467307e-02, KEe, 18960.121110, MEe, 3.160020185e+00, E, -2.000000, NP, 6000 2000
267300, t, 1.467856e-02, KEe, 18983.371127, MEe, 3.163895188e+00, E, -2.000000, NP, 6000 2000
267400, t, 1.468405e-02, KEe, 19041.555334, MEe, 3.173592556e+00, E, -2.000000, NP, 6000 2000
267500, t, 1.468954e-02, KEe, 19082.369598, MEe, 3.180394933e+00, E, -2.000000, NP, 6000 2000
267600, t, 1.469504e-02, KEe, 19145.976300, MEe, 3.190996050e+00, E, -2.000000, NP, 6000 2000
267700, t, 1.470053e-02, KEe, 19080.395430, MEe, 3.180065905e+00, E, -2.000000, NP, 6000 2000
267800, t, 1.470602e-02, KEe, 19201.538601, MEe, 3.200256434e+00, E, -2.000000, NP, 6000 2000
267900, t, 1.471151e-02, KEe, 19151.379377, MEe, 3.191896563e+00, E, -2.000000, NP, 6000 2000
268000, t, 1.471700e-02, KEe, 19154.979752, MEe, 3.192496625e+00, E, -2.000000, NP, 6000 2000
268100, t, 1.472249e-02, KEe, 19102.864309, MEe, 3.183810718e+00, E, -2.000000, NP, 6000 2000
268200, t, 1.472798e-02, KEe, 19057.930713, MEe, 3.176321785e+00, E, -2.000000, NP, 6000 2000
268300, t, 1.473348e-02, KEe, 19137.573948, MEe, 3.189595658e+00, E, -2.000000, NP, 6000 2000
268400, t, 1.473897e-02, KEe, 19053.685392, MEe, 3.175614232e+00, E, -2.000000, NP, 6000 2000
268500, t, 1.474446e-02, KEe, 19102.869458, MEe, 3.183811576e+00, E, -2.000000, NP, 6000 2000
268600, t, 1.474995e-02, KEe, 19045.762432, MEe, 3.174293739e+00, E, -2.000000, NP, 6000 2000
268700, t, 1.475544e-02, KEe, 19014.807280, MEe, 3.169134547e+00, E, -2.000000, NP, 6000 2000
268800, t, 1.476093e-02, KEe, 18967.482138, MEe, 3.161247023e+00, E, -2.000000, NP, 6000 2000
268900, t, 1.476642e-02, KEe, 19007.964647, MEe, 3.167994108e+00, E, -2.000000, NP, 6000 2000
269000, t, 1.477192e-02, KEe, 19076.438497, MEe, 3.179406416e+00, E, -2.000000, NP, 6000 2000
269100, t, 1.477741e-02, KEe, 19086.341591, MEe, 3.181056932e+00, E, -2.000000, NP, 6000 2000
269200, t, 1.478290e-02, KEe, 19098.665850, MEe, 3.183110975e+00, E, -2.000000, NP, 6000 2000
269300, t, 1.478839e-02, KEe, 19095.661075, MEe, 3.182610179e+00, E, -2.000000, NP, 6000 2000
269400, t, 1.479388e-02, KEe, 19159.213920, MEe, 3.193202320e+00, E, -2.000000, NP, 6000 2000
269500, t, 1.479937e-02, KEe, 19214.555259, MEe, 3.202425876e+00, E, -2.000000, NP, 6000 2000
269600, t, 1.480486e-02, KEe, 19198.320699, MEe, 3.199720117e+00, E, -2.000000, NP, 6000 2000
269700, t, 1.481036e-02, KEe, 19206.814779, MEe, 3.201135796e+00, E, -2.000000, NP, 6000 2000
269800, t, 1.481585e-02, KEe, 19176.761449, MEe, 3.196126908e+00, E, -2.000000, NP, 6000 2000
269900, t, 1.482134e-02, KEe, 19088.253322, MEe, 3.181375554e+00, E, -2.000000, NP, 6000 2000
270000, t, 1.482683e-02, KEe, 19135.693521, MEe, 3.189282254e+00, E, -2.000000, NP, 6000 2000
270100, t, 1.483232e-02, KEe, 19125.607466, MEe, 3.187601244e+00, E, -2.000000, NP, 6000 2000
270200, t, 1.483781e-02, KEe, 19063.683281, MEe, 3.177280547e+00, E, -2.000000, NP, 6000 2000
270300, t, 1.484330e-02, KEe, 19033.029584, MEe, 3.172171597e+00, E, -2.000000, NP, 6000 2000
270400, t, 1.484880e-02, KEe, 18908.052702, MEe, 3.151342117e+00, E, -2.000000, NP, 6000 2000
270500, t, 1.485429e-02, KEe, 18887.914011, MEe, 3.147985668e+00, E, -2.000000, NP, 6000 2000
270600, t, 1.485978e-02, KEe, 18830.389525, MEe, 3.138398254e+00, E, -2.000000, NP, 6000 2000
270700, t, 1.486527e-02, KEe, 18874.908718, MEe, 3.145818120e+00, E, -2.000000, NP, 6000 2000
270800, t, 1.487076e-02, KEe, 18928.948308, MEe, 3.154824718e+00, E, -2.000000, NP, 6000 2000
270900, t, 1.487625e-02, KEe, 18985.665941, MEe, 3.164277657e+00, E, -2.000000, NP, 6000 2000
271000, t, 1.488174e-02, KEe, 18956.641171, MEe, 3.159440195e+00, E, -2.000000, NP, 6000 2000
271100, t, 1.488724e-02, KEe, 18903.983762, MEe, 3.150663960e+00, E, -2.000000, NP, 6000 2000
271200, t, 1.489273e-02, KEe, 18928.383052, MEe, 3.154730509e+00, E, -2.000000, NP, 6000 2000
271300, t, 1.489822e-02, KEe, 18895.847919, MEe, 3.149307986e+00, E, -2.000000, NP, 6000 2000
271400, t, 1.490371e-02, KEe, 18917.758907, MEe, 3.152959818e+00, E, -2.000000, NP, 6000 2000
271500, t, 1.490920e-02, KEe, 18889.802660, MEe, 3.148300443e+00, E, -2.000000, NP, 6000 2000
271600, t, 1.491469e-02, KEe, 18930.034332, MEe, 3.155005722e+00, E, -2.000000, NP, 6000 2000
271700, t, 1.492018e-02, KEe, 18990.396316, MEe, 3.165066053e+00, E, -2.000000, NP, 6000 2000
271800, t, 1.492568e-02, KEe, 18988.701507, MEe, 3.164783585e+00, E, -2.000000, NP, 6000 2000
271900, t, 1.493117e-02, KEe, 18911.267276, MEe, 3.151877879e+00, E, -2.000000, NP, 6000 2000
272000, t, 1.493666e-02, KEe, 18917.296875, MEe, 3.152882812e+00, E, -2.000000, NP, 6000 2000
272100, t, 1.494215e-02, KEe, 18851.918356, MEe, 3.141986393e+00, E, -2.000000, NP, 6000 2000
272200, t, 1.494764e-02, KEe, 18793.722820, MEe, 3.132287137e+00, E, -2.000000, NP, 6000 2000
272300, t, 1.495313e-02, KEe, 18879.431741, MEe, 3.146571957e+00, E, -2.000000, NP, 6000 2000
272400, t, 1.495862e-02, KEe, 18928.531326, MEe, 3.154755221e+00, E, -2.000000, NP, 6000 2000
272500, t, 1.496412e-02, KEe, 18959.666550, MEe, 3.159944425e+00, E, -2.000000, NP, 6000 2000
272600, t, 1.496961e-02, KEe, 18931.932373, MEe, 3.155322062e+00, E, -2.000000, NP, 6000 2000
272700, t, 1.497510e-02, KEe, 18821.065679, MEe, 3.136844280e+00, E, -2.000000, NP, 6000 2000
272800, t, 1.498059e-02, KEe, 18843.605689, MEe, 3.140600948e+00, E, -2.000000, NP, 6000 2000
272900, t, 1.498608e-02, KEe, 18865.346641, MEe, 3.144224440e+00, E, -2.000000, NP, 6000 2000
273000, t, 1.499157e-02, KEe, 18872.519733, MEe, 3.145419955e+00, E, -2.000000, NP, 6000 2000
273100, t, 1.499706e-02, KEe, 18940.381593, MEe, 3.156730266e+00, E, -2.000000, NP, 6000 2000
273200, t, 1.500256e-02, KEe, 18956.240059, MEe, 3.159373343e+00, E, -2.000000, NP, 6000 2000
273300, t, 1.500805e-02, KEe, 18829.833844, MEe, 3.138305641e+00, E, -2.000000, NP, 6000 2000
273400, t, 1.501354e-02, KEe, 18828.015289, MEe, 3.138002548e+00, E, -2.000000, NP, 6000 2000
273500, t, 1.501903e-02, KEe, 18920.551900, MEe, 3.153425317e+00, E, -2.000000, NP, 6000 2000
273600, t, 1.502452e-02, KEe, 18842.664660, MEe, 3.140444110e+00, E, -2.000000, NP, 6000 2000
273700, t, 1.503001e-02, KEe, 18849.247552, MEe, 3.141541259e+00, E, -2.000000, NP, 6000 2000
273800, t, 1.503550e-02, KEe, 18848.456989, MEe, 3.141409498e+00, E, -2.000000, NP, 6000 2000
273900, t, 1.504100e-02, KEe, 18891.472729, MEe, 3.148578788e+00, E, -2.000000, NP, 6000 2000
274000, t, 1.504649e-02, KEe, 18913.829512, MEe, 3.152304919e+00, E, -2.000000, NP, 6000 2000
274100, t, 1.505198e-02, KEe, 18970.700570, MEe, 3.161783428e+00, E, -2.000000, NP, 6000 2000
274200, t, 1.505747e-02, KEe, 18948.419670, MEe, 3.158069945e+00, E, -2.000000, NP, 6000 2000
274300, t, 1.506296e-02, KEe, 18852.584397, MEe, 3.142097399e+00, E, -2.000000, NP, 6000 2000
274400, t, 1.506845e-02, KEe, 18891.696738, MEe, 3.148616123e+00, E, -2.000000, NP, 6000 2000
274500, t, 1.507394e-02, KEe, 18867.093386, MEe, 3.144515564e+00, E, -2.000000, NP, 6000 2000
274600, t, 1.507944e-02, KEe, 18829.770641, MEe, 3.138295107e+00, E, -2.000000, NP, 6000 2000
274700, t, 1.508493e-02, KEe, 18862.377706, MEe, 3.143729618e+00, E, -2.000000, NP, 6000 2000
274800, t, 1.509042e-02, KEe, 18753.202966, MEe, 3.125533828e+00, E, -2.000000, NP, 6000 2000
274900, t, 1.509591e-02, KEe, 18758.734926, MEe, 3.126455821e+00, E, -2.000000, NP, 6000 2000
275000, t, 1.510140e-02, KEe, 18817.332809, MEe, 3.136222135e+00, E, -2.000000, NP, 6000 2000
275100, t, 1.510689e-02, KEe, 18902.047986, MEe, 3.150341331e+00, E, -2.000000, NP, 6000 2000
275200, t, 1.511238e-02, KEe, 18869.300647, MEe, 3.144883441e+00, E, -2.000000, NP, 6000 2000
275300, t, 1.511788e-02, KEe, 18910.342100, MEe, 3.151723683e+00, E, -2.000000, NP, 6000 2000
275400, t, 1.512337e-02, KEe, 18887.670986, MEe, 3.147945164e+00, E, -2.000000, NP, 6000 2000
275500, t, 1.512886e-02, KEe, 18869.467437, MEe, 3.144911239e+00, E, -2.000000, NP, 6000 2000
275600, t, 1.513435e-02, KEe, 18859.316935, MEe, 3.143219489e+00, E, -2.000000, NP, 6000 2000
275700, t, 1.513984e-02, KEe, 18841.014716, MEe, 3.140169119e+00, E, -2.000000, NP, 6000 2000
275800, t, 1.514533e-02, KEe, 18776.924096, MEe, 3.129487349e+00, E, -2.000000, NP, 6000 2000
275900, t, 1.515082e-02, KEe, 18765.096255, MEe, 3.127516043e+00, E, -2.000000, NP, 6000 2000
276000, t, 1.515632e-02, KEe, 18789.670125, MEe, 3.131611687e+00, E, -2.000000, NP, 6000 2000
276100, t, 1.516181e-02, KEe, 18817.498239, MEe, 3.136249706e+00, E, -2.000000, NP, 6000 2000
276200, t, 1.516730e-02, KEe, 18978.510042, MEe, 3.163085007e+00, E, -2.000000, NP, 6000 2000
276300, t, 1.517279e-02, KEe, 18848.206653, MEe, 3.141367776e+00, E, -2.000000, NP, 6000 2000
276400, t, 1.517828e-02, KEe, 18817.044324, MEe, 3.136174054e+00, E, -2.000000, NP, 6000 2000
276500, t, 1.518377e-02, KEe, 18817.004184, MEe, 3.136167364e+00, E, -2.000000, NP, 6000 2000
276600, t, 1.518926e-02, KEe, 18791.677880, MEe, 3.131946313e+00, E, -2.000000, NP, 6000 2000
276700, t, 1.519476e-02, KEe, 18784.714874, MEe, 3.130785812e+00, E, -2.000000, NP, 6000 2000
276800, t, 1.520025e-02, KEe, 18814.088267, MEe, 3.135681378e+00, E, -2.000000, NP, 6000 2000
276900, t, 1.520574e-02, KEe, 18885.421045, MEe, 3.147570174e+00, E, -2.000000, NP, 6000 2000
277000, t, 1.521123e-02, KEe, 18853.569318, MEe, 3.142261553e+00, E, -2.000000, NP, 6000 2000
277100, t, 1.521672e-02, KEe, 18781.718796, MEe, 3.130286466e+00, E, -2.000000, NP, 6000 2000
277200, t, 1.522221e-02, KEe, 18831.461661, MEe, 3.138576943e+00, E, -2.000000, NP, 6000 2000
277300, t, 1.522770e-02, KEe, 18810.060139, MEe, 3.135010023e+00, E, -2.000000, NP, 6000 2000
277400, t, 1.523320e-02, KEe, 18933.328710, MEe, 3.155554785e+00, E, -2.000000, NP, 6000 2000
277500, t, 1.523869e-02, KEe, 18868.065771, MEe, 3.144677628e+00, E, -2.000000, NP, 6000 2000
277600, t, 1.524418e-02, KEe, 18949.374219, MEe, 3.158229036e+00, E, -2.000000, NP, 6000 2000
277700, t, 1.524967e-02, KEe, 18964.358832, MEe, 3.160726472e+00, E, -2.000000, NP, 6000 2000
277800, t, 1.525516e-02, KEe, 19018.093344, MEe, 3.169682224e+00, E, -2.000000, NP, 6000 2000
277900, t, 1.526065e-02, KEe, 19035.242842, MEe, 3.172540474e+00, E, -2.000000, NP, 6000 2000
278000, t, 1.526614e-02, KEe, 18992.067518, MEe, 3.165344586e+00, E, -2.000000, NP, 6000 2000
278100, t, 1.527164e-02, KEe, 19016.693785, MEe, 3.169448964e+00, E, -2.000000, NP, 6000 2000
278200, t, 1.527713e-02, KEe, 19069.118333, MEe, 3.178186389e+00, E, -2.000000, NP, 6000 2000
278300, t, 1.528262e-02, KEe, 19050.842062, MEe, 3.175140344e+00, E, -2.000000, NP, 6000 2000
278400, t, 1.528811e-02, KEe, 19036.649024, MEe, 3.172774837e+00, E, -2.000000, NP, 6000 2000
278500, t, 1.529360e-02, KEe, 19056.609756, MEe, 3.176101626e+00, E, -2.000000, NP, 6000 2000
278600, t, 1.529909e-02, KEe, 19017.812018, MEe, 3.169635336e+00, E, -2.000000, NP, 6000 2000
278700, t, 1.530458e-02, KEe, 19082.889320, MEe, 3.180481553e+00, E, -2.000000, NP, 6000 2000
278800, t, 1.531008e-02, KEe, 19077.939611, MEe, 3.179656602e+00, E, -2.000000, NP, 6000 2000
278900, t, 1.531557e-02, KEe, 19181.372888, MEe, 3.196895481e+00, E, -2.000000, NP, 6000 2000
279000, t, 1.532106e-02, KEe, 19199.582931, MEe, 3.199930488e+00, E, -2.000000, NP, 6000 2000
279100, t, 1.532655e-02, KEe, 19258.069183, MEe, 3.209678197e+00, E, -2.000000, NP, 6000 2000
279200, t, 1.533204e-02, KEe, 19331.197716, MEe, 3.221866286e+00, E, -2.000000, NP, 6000 2000
279300, t, 1.533753e-02, KEe, 19273.834609, MEe, 3.212305768e+00, E, -2.000000, NP, 6000 2000
279400, t, 1.534302e-02, KEe, 19254.047917, MEe, 3.209007986e+00, E, -2.000000, NP, 6000 2000
279500, t, 1.534851e-02, KEe, 19210.705770, MEe, 3.201784295e+00, E, -2.000000, NP, 6000 2000
279600, t, 1.535401e-02, KEe, 19136.578494, MEe, 3.189429749e+00, E, -2.000000, NP, 6000 2000
279700, t, 1.535950e-02, KEe, 19139.619034, MEe, 3.189936506e+00, E, -2.000000, NP, 6000 2000
279800, t, 1.536499e-02, KEe, 19040.441743, MEe, 3.173406957e+00, E, -2.000000, NP, 6000 2000
279900, t, 1.537048e-02, KEe, 19032.090051, MEe, 3.172015008e+00, E, -2.000000, NP, 6000 2000
280000, t, 1.537597e-02, KEe, 18947.966872, MEe, 3.157994479e+00, E, -2.000000, NP, 6000 2000
280100, t, 1.538146e-02, KEe, 18922.323442, MEe, 3.153720574e+00, E, -2.000000, NP, 6000 2000
280200, t, 1.538695e-02, KEe, 18966.604772, MEe, 3.161100795e+00, E, -2.000000, NP, 6000 2000
280300, t, 1.539245e-02, KEe, 18961.660591, MEe, 3.160276765e+00, E, -2.000000, NP, 6000 2000
280400, t, 1.539794e-02, KEe, 18909.829941, MEe, 3.151638323e+00, E, -2.000000, NP, 6000 2000
280500, t, 1.540343e-02, KEe, 18913.090031, MEe, 3.152181672e+00, E, -2.000000, NP, 6000 2000
280600, t, 1.540892e-02, KEe, 18922.175311, MEe, 3.153695885e+00, E, -2.000000, NP, 6000 2000
280700, t, 1.541441e-02, KEe, 18910.228260, MEe, 3.151704710e+00, E, -2.000000, NP, 6000 2000
280800, t, 1.541990e-02, KEe, 18793.099913, MEe, 3.132183319e+00, E, -2.000000, NP, 6000 2000
280900, t, 1.542539e-02, KEe, 18752.365701, MEe, 3.125394284e+00, E, -2.000000, NP, 6000 2000
281000, t, 1.543089e-02, KEe, 18736.962136, MEe, 3.122827023e+00, E, -2.000000, NP, 6000 2000
281100, t, 1.543638e-02, KEe, 18736.021181, MEe, 3.122670197e+00, E, -2.000000, NP, 6000 2000
281200, t, 1.544187e-02, KEe, 18667.941872, MEe, 3.111323645e+00, E, -2.000000, NP, 6000 2000
281300, t, 1.544736e-02, KEe, 18719.096782, MEe, 3.119849464e+00, E, -2.000000, NP, 6000 2000
281400, t, 1.545285e-02, KEe, 18671.046714, MEe, 3.111841119e+00, E, -2.000000, NP, 6000 2000
281500, t, 1.545834e-02, KEe, 18598.311549, MEe, 3.099718592e+00, E, -2.000000, NP, 6000 2000
281600, t, 1.546383e-02, KEe, 18599.375083, MEe, 3.099895847e+00, E, -2.000000, NP, 6000 2000
281700, t, 1.546933e-02, KEe, 18640.706118, MEe, 3.106784353e+00, E, -2.000000, NP, 6000 2000
281800, t, 1.547482e-02, KEe, 18639.765922, MEe, 3.106627654e+00, E, -2.000000, NP, 6000 2000
281900, t, 1.548031e-02, KEe, 18622.576227, MEe, 3.103762704e+00, E, -2.000000, NP, 6000 2000
282000, t, 1.548580e-02, KEe, 18618.726856, MEe, 3.103121143e+00, E, -2.000000, NP, 6000 2000
282100, t, 1.549129e-02, KEe, 18720.596892, MEe, 3.120099482e+00, E, -2.000000, NP, 6000 2000
282200, t, 1.549678e-02, KEe, 18662.806465, MEe, 3.110467744e+00, E, -2.000000, NP, 6000 2000
282300, t, 1.550227e-02, KEe, 18619.762152, MEe, 3.103293692e+00, E, -2.000000, NP, 6000 2000
282400, t, 1.550777e-02, KEe, 18650.582869, MEe, 3.108430478e+00, E, -2.000000, NP, 6000 2000
282500, t, 1.551326e-02, KEe, 18575.836230, MEe, 3.095972705e+00, E, -2.000000, NP, 6000 2000
282600, t, 1.551875e-02, KEe, 18595.831587, MEe, 3.099305265e+00, E, -2.000000, NP, 6000 2000
282700, t, 1.552424e-02, KEe, 18590.518443, MEe, 3.098419740e+00, E, -2.000000, NP, 6000 2000
282800, t, 1.552973e-02, KEe, 18569.937789, MEe, 3.094989631e+00, E, -2.000000, NP, 6000 2000
282900, t, 1.553522e-02, KEe, 18584.055780, MEe, 3.097342630e+00, E, -2.000000, NP, 6000 2000
283000, t, 1.554071e-02, KEe, 18546.716600, MEe, 3.091119433e+00, E, -2.000000, NP, 6000 2000
283100, t, 1.554621e-02, KEe, 18541.035039, MEe, 3.090172507e+00, E, -2.000000, NP, 6000 2000
283200, t, 1.555170e-02, KEe, 18643.232733, MEe, 3.107205456e+00, E, -2.000000, NP, 6000 2000
283300, t, 1.555719e-02, KEe, 18708.456109, MEe, 3.118076018e+00, E, -2.000000, NP, 6000 2000
283400, t, 1.556268e-02, KEe, 18613.419110, MEe, 3.102236518e+00, E, -2.000000, NP, 6000 2000
283500, t, 1.556817e-02, KEe, 18682.281342, MEe, 3.113713557e+00, E, -2.000000, NP, 6000 2000
283600, t, 1.557366e-02, KEe, 18603.829121, MEe, 3.100638187e+00, E, -2.000000, NP, 6000 2000
283700, t, 1.557915e-02, KEe, 18579.592766, MEe, 3.096598794e+00, E, -2.000000, NP, 6000 2000
283800, t, 1.558465e-02, KEe, 18598.129667, MEe, 3.099688278e+00, E, -2.000000, NP, 6000 2000
283900, t, 1.559014e-02, KEe, 18566.336248, MEe, 3.094389375e+00, E, -2.000000, NP, 6000 2000
284000, t, 1.559563e-02, KEe, 18669.661843, MEe, 3.111610307e+00, E, -2.000000, NP, 6000 2000
284100, t, 1.560112e-02, KEe, 18724.005851, MEe, 3.120667642e+00, E, -2.000000, NP, 6000 2000
284200, t, 1.560661e-02, KEe, 18797.451250, MEe, 3.132908542e+00, E, -2.000000, NP, 6000 2000
284300, t, 1.561210e-02, KEe, 18808.388778, MEe, 3.134731463e+00, E, -2.000000, NP, 6000 2000
284400, t, 1.561759e-02, KEe, 18897.904977, MEe, 3.149650830e+00, E, -2.000000, NP, 6000 2000
284500, t, 1.562309e-02, KEe, 18891.049458, MEe, 3.148508243e+00, E, -2.000000, NP, 6000 2000
284600, t, 1.562858e-02, KEe, 18887.267421, MEe, 3.147877903e+00, E, -2.000000, NP, 6000 2000
284700, t, 1.563407e-02, KEe, 18955.306334, MEe, 3.159217722e+00, E, -2.000000, NP, 6000 2000
284800, t, 1.563956e-02, KEe, 18902.733660, MEe, 3.150455610e+00, E, -2.000000, NP, 6000 2000
284900, t, 1.564505e-02, KEe, 18941.492513, MEe, 3.156915419e+00, E, -2.000000, NP, 6000 2000
285000, t, 1.565054e-02, KEe, 18992.787117, MEe, 3.165464520e+00, E, -2.000000, NP, 6000 2000
285100, t, 1.565603e-02, KEe, 19029.270372, MEe, 3.171545062e+00, E, -2.000000, NP, 6000 2000
285200, t, 1.566153e-02, KEe, 19010.720171, MEe, 3.168453362e+00, E, -2.000000, NP, 6000 2000
285300, t, 1.566702e-02, KEe, 19011.142623, MEe, 3.168523770e+00, E, -2.000000, NP, 6000 2000
285400, t, 1.567251e-02, KEe, 18917.403544, MEe, 3.152900591e+00, E, -2.000000, NP, 6000 2000
285500, t, 1.567800e-02, KEe, 18860.487410, MEe, 3.143414568e+00, E, -2.000000, NP, 6000 2000
285600, t, 1.568349e-02, KEe, 18880.877875, MEe, 3.146812979e+00, E, -2.000000, NP, 6000 2000
285700, t, 1.568898e-02, KEe, 18881.916185, MEe, 3.146986031e+00, E, -2.000000, NP, 6000 2000
285800, t, 1.569447e-02, KEe, 18817.071181, MEe, 3.136178530e+00, E, -2.000000, NP, 6000 2000
285900, t, 1.569997e-02, KEe, 18789.915952, MEe, 3.131652659e+00, E, -2.000000, NP, 6000 2000
286000, t, 1.570546e-02, KEe, 18762.272577, MEe, 3.127045429e+00, E, -2.000000, NP, 6000 2000
286100, t, 1.571095e-02, KEe, 18833.362703, MEe, 3.138893784e+00, E, -2.000000, NP, 6000 2000
286200, t, 1.571644e-02, KEe, 18834.246971, MEe, 3.139041162e+00, E, -2.000000, NP, 6000 2000
286300, t, 1.572193e-02, KEe, 18982.769503, MEe, 3.163794917e+00, E, -2.000000, NP, 6000 2000
286400, t, 1.572742e-02, KEe, 18953.027362, MEe, 3.158837894e+00, E, -2.000000, NP, 6000 2000
286500, t, 1.573291e-02, KEe, 18950.769559, MEe, 3.158461593e+00, E, -2.000000, NP, 6000 2000
286600, t, 1.573841e-02, KEe, 18915.562480, MEe, 3.152593747e+00, E, -2.000000, NP, 6000 2000
286700, t, 1.574390e-02, KEe, 18925.917964, MEe, 3.154319661e+00, E, -2.000000, NP, 6000 2000
286800, t, 1.574939e-02, KEe, 19008.483867, MEe, 3.168080644e+00, E, -2.000000, NP, 6000 2000
286900, t, 1.575488e-02, KEe, 19049.244032, MEe, 3.174874005e+00, E, -2.000000, NP, 6000 2000
287000, t, 1.576037e-02, KEe, 19083.570323, MEe, 3.180595054e+00, E, -2.000000, NP, 6000 2000
287100, t, 1.576586e-02, KEe, 19063.296758, MEe, 3.177216126e+00, E, -2.000000, NP, 6000 2000
287200, t, 1.577135e-02, KEe, 19063.693226, MEe, 3.177282204e+00, E, -2.000000, NP, 6000 2000
287300, t, 1.577685e-02, KEe, 19091.765000, MEe, 3.181960833e+00, E, -2.000000, NP, 6000 2000
287400, t, 1.578234e-02, KEe, 19116.845494, MEe, 3.186140916e+00, E, -2.000000, NP, 6000 2000
287500, t, 1.578783e-02, KEe, 19086.497496, MEe, 3.181082916e+00, E, -2.000000, NP, 6000 2000
287600, t, 1.579332e-02, KEe, 19023.647098, MEe, 3.170607850e+00, E, -2.000000, NP, 6000 2000
287700, t, 1.579881e-02, KEe, 19036.437530, MEe, 3.172739588e+00, E, -2.000000, NP, 6000 2000
287800, t, 1.580430e-02, KEe, 19030.259764, MEe, 3.171709961e+00, E, -2.000000, NP, 6000 2000
287900, t, 1.580979e-02, KEe, 18954.268248, MEe, 3.159044708e+00, E, -2.000000, NP, 6000 2000
288000, t, 1.581529e-02, KEe, 18922.308162, MEe, 3.153718027e+00, E, -2.000000, NP, 6000 2000
288100, t, 1.582078e-02, KEe, 18970.260434, MEe, 3.161710072e+00, E, -2.000000, NP, 6000 2000
288200, t, 1.582627e-02, KEe, 18893.048360, MEe, 3.148841393e+00, E, -2.000000, NP, 6000 2000
288300, t, 1.583176e-02, KEe, 18902.645008, MEe, 3.150440835e+00, E, -2.000000, NP, 6000 2000
288400, t, 1.583725e-02, KEe, 18940.206605, MEe, 3.156701101e+00, E, -2.000000, NP, 6000 2000
288500, t, 1.584274e-02, KEe, 18965.240853, MEe, 3.160873476e+00, E, -2.000000, NP, 6000 2000
288600, t, 1.584823e-02, KEe, 18989.039952, MEe, 3.164839992e+00, E, -2.000000, NP, 6000 2000
288700, t, 1.585373e-02, KEe, 18865.362531, MEe, 3.144227088e+00, E, -2.000000, NP, 6000 2000
288800, t, 1.585922e-02, KEe, 18896.768615, MEe, 3.149461436e+00, E, -2.000000, NP, 6000 2000
288900, t, 1.586471e-02, KEe, 18846.325427, MEe, 3.141054238e+00, E, -2.000000, NP, 6000 2000
289000, t, 1.587020e-02, KEe, 18865.539612, MEe, 3.144256602e+00, E, -2.000000, NP, 6000 2000
289100, t, 1.587569e-02, KEe, 18874.392203, MEe, 3.145732034e+00, E, -2.000000, NP, 6000 2000
289200, t, 1.588118e-02, KEe, 18831.401093, MEe, 3.138566849e+00, E, -2.000000, NP, 6000 2000
289300, t, 1.588667e-02, KEe, 18938.808482, MEe, 3.156468080e+00, E, -2.000000, NP, 6000 2000
289400, t, 1.589217e-02, KEe, 18857.658909, MEe, 3.142943152e+00, E, -2.000000, NP, 6000 2000
289500, t, 1.589766e-02, KEe, 18846.616500, MEe, 3.141102750e+00, E, -2.000000, NP, 6000 2000
289600, t, 1.590315e-02, KEe, 18802.097778, MEe, 3.133682963e+00, E, -2.000000, NP, 6000 2000
289700, t, 1.590864e-02, KEe, 18811.401666, MEe, 3.135233611e+00, E, -2.000000, NP, 6000 2000
289800, t, 1.591413e-02, KEe, 18856.205868, MEe, 3.142700978e+00, E, -2.000000, NP, 6000 2000
289900, t, 1.591962e-02, KEe, 18842.846437, MEe, 3.140474406e+00, E, -2.000000, NP, 6000 2000
290000, t, 1.592511e-02, KEe, 18727.889821, MEe, 3.121314970e+00, E, -2.000000, NP, 6000 2000
290100, t, 1.593061e-02, KEe, 18670.716385, MEe, 3.111786064e+00, E, -2.000000, NP, 6000 2000
290200, t, 1.593610e-02, KEe, 18805.348401, MEe, 3.134224734e+00, E, -2.000000, NP, 6000 2000
290300, t, 1.594159e-02, KEe, 18851.334783, MEe, 3.141889131e+00, E, -2.000000, NP, 6000 2000
290400, t, 1.594708e-02, KEe, 18784.864414, MEe, 3.130810736e+00, E, -2.000000, NP, 6000 2000
290500, t, 1.595257e-02, KEe, 18802.084276, MEe, 3.133680713e+00, E, -2.000000, NP, 6000 2000
290600, t, 1.595806e-02, KEe, 18838.003242, MEe, 3.139667207e+00, E, -2.000000, NP, 6000 2000
290700, t, 1.596355e-02, KEe, 18778.658152, MEe, 3.129776359e+00, E, -2.000000, NP, 6000 2000
290800, t, 1.596905e-02, KEe, 18861.731169, MEe, 3.143621862e+00, E, -2.000000, NP, 6000 2000
290900, t, 1.597454e-02, KEe, 18839.603481, MEe, 3.139933913e+00, E, -2.000000, NP, 6000 2000
291000, t, 1.598003e-02, KEe, 18851.641550, MEe, 3.141940258e+00, E, -2.000000, NP, 6000 2000
291100, t, 1.598552e-02, KEe, 18818.915916, MEe, 3.136485986e+00, E, -2.000000, NP, 6000 2000
291200, t, 1.599101e-02, KEe, 18936.701421, MEe, 3.156116903e+00, E, -2.000000, NP, 6000 2000
291300, t, 1.599650e-02, KEe, 18910.963702, MEe, 3.151827284e+00, E, -2.000000, NP, 6000 2000
291400, t, 1.600199e-02, KEe, 18856.238306, MEe, 3.142706384e+00, E, -2.000000, NP, 6000 2000
291500, t, 1.600749e-02, KEe, 18832.612234, MEe, 3.138768706e+00, E, -2.000000, NP, 6000 2000
291600, t, 1.601298e-02, KEe, 18898.920201, MEe, 3.149820034e+00, E, -2.000000, NP, 6000 2000
291700, t, 1.601847e-02, KEe, 18833.152005, MEe, 3.138858668e+00, E, -2.000000, NP, 6000 2000
291800, t, 1.602396e-02, KEe, 18869.596346, MEe, 3.144932724e+00, E, -2.000000, NP, 6000 2000
291900, t, 1.602945e-02, KEe, 18780.044867, MEe, 3.130007478e+00, E, -2.000000, NP, 6000 2000
292000, t, 1.603494e-02, KEe, 18781.270494, MEe, 3.130211749e+00, E, -2.000000, NP, 6000 2000
292100, t, 1.604043e-02, KEe, 18905.890465, MEe, 3.150981744e+00, E, -2.000000, NP, 6000 2000
292200, t, 1.604593e-02, KEe, 18932.572183, MEe, 3.155428697e+00, E, -2.000000, NP, 6000 2000
292300, t, 1.605142e-02, KEe, 18896.527577, MEe, 3.149421263e+00, E, -2.000000, NP, 6000 2000
292400, t, 1.605691e-02, KEe, 18890.460278, MEe, 3.148410046e+00, E, -2.000000, NP, 6000 2000
292500, t, 1.606240e-02, KEe, 18878.546820, MEe, 3.146424470e+00, E, -2.000000, NP, 6000 2000
292600, t, 1.606789e-02, KEe, 18929.134064, MEe, 3.154855677e+00, E, -2.000000, NP, 6000 2000
292700, t, 1.607338e-02, KEe, 18968.208489, MEe, 3.161368081e+00, E, -2.000000, NP, 6000 2000
292800, t, 1.607887e-02, KEe, 19012.021669, MEe, 3.168670278e+00, E, -2.000000, NP, 6000 2000
292900, t, 1.608437e-02, KEe, 19008.373324, MEe, 3.168062221e+00, E, -2.000000, NP, 6000 2000
293000, t, 1.608986e-02, KEe, 18964.015337, MEe, 3.160669223e+00, E, -2.000000, NP, 6000 2000
293100, t, 1.609535e-02, KEe, 18912.195318, MEe, 3.152032553e+00, E, -2.000000, NP, 6000 2000
293200, t, 1.610084e-02, KEe, 18920.121499, MEe, 3.153353583e+00, E, -2.000000, NP, 6000 2000
293300, t, 1.610633e-02, KEe, 18865.015349, MEe, 3.144169225e+00, E, -2.000000, NP, 6000 2000
293400, t, 1.611182e-02, KEe, 18890.202534, MEe, 3.148367089e+00, E, -2.000000, NP, 6000 2000
293500, t, 1.611731e-02, KEe, 18868.909428, MEe, 3.144818238e+00, E, -2.000000, NP, 6000 2000
293600, t, 1.612280e-02, KEe, 18844.268499, MEe, 3.140711416e+00, E, -2.000000, NP, 6000 2000
293700, t, 1.612830e-02, KEe, 18870.110793, MEe, 3.145018465e+00, E, -2.000000, NP, 6000 2000
293800, t, 1.613379e-02, KEe, 18769.760120, MEe, 3.128293353e+00, E, -2.000000, NP, 6000 2000
293900, t, 1.613928e-02, KEe, 18825.838688, MEe, 3.137639781e+00, E, -2.000000, NP, 6000 2000
294000, t, 1.614477e-02, KEe, 18811.450908, MEe, 3.135241818e+00, E, -2.000000, NP, 6000 2000
294100, t, 1.615026e-02, KEe, 18799.286405, MEe, 3.133214401e+00, E, -2.000000, NP, 6000 2000
294200, t, 1.615575e-02, KEe, 18734.909822, MEe, 3.122484970e+00, E, -2.000000, NP, 6000 2000
294300, t, 1.616124e-02, KEe, 18822.732701, MEe, 3.137122117e+00, E, -2.000000, NP, 6000 2000
294400, t, 1.616674e-02, KEe, 18924.584025, MEe, 3.154097338e+00, E, -2.000000, NP, 6000 2000
294500, t, 1.617223e-02, KEe, 18866.000988, MEe, 3.144333498e+00, E, -2.000000, NP, 6000 2000
294600, t, 1.617772e-02, KEe, 18907.034533, MEe, 3.151172422e+00, E, -2.000000, NP, 6000 2000
294700, t, 1.618321e-02, KEe, 18909.467942, MEe, 3.151577990e+00, E, -2.000000, NP, 6000 2000
294800, t, 1.618870e-02, KEe, 18897.748931, MEe, 3.149624822e+00, E, -2.000000, NP, 6000 2000
294900, t, 1.619419e-02, KEe, 18961.618754, MEe, 3.160269792e+00, E, -2.000000, NP, 6000 2000
295000, t, 1.619968e-02, KEe, 18979.578563, MEe, 3.163263094e+00, E, -2.000000, NP, 6000 2000
295100, t, 1.620518e-02, KEe, 18957.918380, MEe, 3.159653063e+00, E, -2.000000, NP, 6000 2000
295200, t, 1.621067e-02, KEe, 18940.247835, MEe, 3.156707972e+00, E, -2.000000, NP, 6000 2000
295300, t, 1.621616e-02, KEe, 18969.751326, MEe, 3.161625221e+00, E, -2.000000, NP, 6000 2000
295400, t, 1.622165e-02, KEe, 18937.108031, MEe, 3.156184672e+00, E, -2.000000, NP, 6000 2000
295500, t, 1.622714e-02, KEe, 18906.210683, MEe, 3.151035114e+00, E, -2.000000, NP, 6000 2000
295600, t, 1.623263e-02, KEe, 18844.568854, MEe, 3.140761476e+00, E, -2.000000, NP, 6000 2000
295700, t, 1.623812e-02, KEe, 18804.550607, MEe, 3.134091768e+00, E, -2.000000, NP, 6000 2000
295800, t, 1.624362e-02, KEe, 18727.367314, MEe, 3.121227886e+00, E, -2.000000, NP, 6000 2000
295900, t, 1.624911e-02, KEe, 18788.837020, MEe, 3.131472837e+00, E, -2.000000, NP, 6000 2000
296000, t, 1.625460e-02, KEe, 18841.210255, MEe, 3.140201709e+00, E, -2.000000, NP, 6000 2000
296100, t, 1.626009e-02, KEe, 18854.016905, MEe, 3.142336151e+00, E, -2.000000, NP, 6000 2000
296200, t, 1.626558e-02, KEe, 18944.415770, MEe, 3.157402628e+00, E, -2.000000, NP, 6000 2000
296300, t, 1.627107e-02, KEe, 18840.127704, MEe, 3.140021284e+00, E, -2.000000, NP, 6000 2000
296400, t, 1.627656e-02, KEe, 18826.045235, MEe, 3.137674206e+00, E, -2.000000, NP, 6000 2000
296500, t, 1.628206e-02, KEe, 18883.176835, MEe, 3.147196139e+00, E, -2.000000, NP, 6000 2000
296600, t, 1.628755e-02, KEe, 18895.607184, MEe, 3.149267864e+00, E, -2.000000, NP, 6000 2000
296700, t, 1.629304e-02, KEe, 18948.177570, MEe, 3.158029595e+00, E, -2.000000, NP, 6000 2000
296800, t, 1.629853e-02, KEe, 19015.343754, MEe, 3.169223959e+00, E, -2.000000, NP, 6000 2000
296900, t, 1.630402e-02, KEe, 18982.957262, MEe, 3.163826210e+00, E, -2.000000, NP, 6000 2000
297000, t, 1.630951e-02, KEe, 19011.834603, MEe, 3.168639101e+00, E, -2.000000, NP, 6000 2000
297100, t, 1.631500e-02, KEe, 19019.805255, MEe, 3.169967542e+00, E, -2.000000, NP, 6000 2000
297200, t, 1.632050e-02, KEe, 19058.581426, MEe, 3.176430238e+00, E, -2.000000, NP, 6000 2000
297300, t, 1.632599e-02, KEe, 19163.327716, MEe, 3.193887953e+00, E, -2.000000, NP, 6000 2000
297400, t, 1.633148e-02, KEe, 19222.343577, MEe, 3.203723930e+00, E, -2.000000, NP, 6000 2000
297500, t, 1.633697e-02, KEe, 19152.797050, MEe, 3.192132842e+00, E, -2.000000, NP, 6000 2000
297600, t, 1.634246e-02, KEe, 19155.047908, MEe, 3.192507985e+00, E, -2.000000, NP, 6000 2000
297700, t, 1.634795e-02, KEe, 19043.370450, MEe, 3.173895075e+00, E, -2.000000, NP, 6000 2000
297800, t, 1.635344e-02, KEe, 19017.738461, MEe, 3.169623077e+00, E, -2.000000, NP, 6000 2000
297900, t, 1.635894e-02, KEe, 18986.765960, MEe, 3.164460993e+00, E, -2.000000, NP, 6000 2000
298000, t, 1.636443e-02, KEe, 18857.089184, MEe, 3.142848197e+00, E, -2.000000, NP, 6000 2000
298100, t, 1.636992e-02, KEe, 18884.480686, MEe, 3.147413448e+00, E, -2.000000, NP, 6000 2000
298200, t, 1.637541e-02, KEe, 18819.716194, MEe, 3.136619366e+00, E, -2.000000, NP, 6000 2000
298300, t, 1.638090e-02, KEe, 18749.834010, MEe, 3.124972335e+00, E, -2.000000, NP, 6000 2000
298400, t, 1.638639e-02, KEe, 18813.319941, MEe, 3.135553324e+00, E, -2.000000, NP, 6000 2000
298500, t, 1.639188e-02, KEe, 18772.263129, MEe, 3.128710521e+00, E, -2.000000, NP, 6000 2000
298600, t, 1.639738e-02, KEe, 18710.209190, MEe, 3.118368198e+00, E, -2.000000, NP, 6000 2000
298700, t, 1.640287e-02, KEe, 18744.772068, MEe, 3.124128678e+00, E, -2.000000, NP, 6000 2000
298800, t, 1.640836e-02, KEe, 18855.317012, MEe, 3.142552835e+00, E, -2.000000, NP, 6000 2000
298900, t, 1.641385e-02, KEe, 18863.275095, MEe, 3.143879182e+00, E, -2.000000, NP, 6000 2000
299000, t, 1.641934e-02, KEe, 18777.072226, MEe, 3.129512038e+00, E, -2.000000, NP, 6000 2000
299100, t, 1.642483e-02, KEe, 18795.623132, MEe, 3.132603855e+00, E, -2.000000, NP, 6000 2000
299200, t, 1.643032e-02, KEe, 18795.896131, MEe, 3.132649355e+00, E, -2.000000, NP, 6000 2000
299300, t, 1.643582e-02, KEe, 18876.765652, MEe, 3.146127609e+00, E, -2.000000, NP, 6000 2000
299400, t, 1.644131e-02, KEe, 18774.714270, MEe, 3.129119045e+00, E, -2.000000, NP, 6000 2000
299500, t, 1.644680e-02, KEe, 18783.207756, MEe, 3.130534626e+00, E, -2.000000, NP, 6000 2000
299600, t, 1.645229e-02, KEe, 18858.060305, MEe, 3.143010051e+00, E, -2.000000, NP, 6000 2000
299700, t, 1.645778e-02, KEe, 18883.734475, MEe, 3.147289079e+00, E, -2.000000, NP, 6000 2000
299800, t, 1.646327e-02, KEe, 18855.348234, MEe, 3.142558039e+00, E, -2.000000, NP, 6000 2000
299900, t, 1.646876e-02, KEe, 18867.567938, MEe, 3.144594656e+00, E, -2.000000, NP, 6000 2000
300000, t, 1.647426e-02, KEe, 18874.461658, MEe, 3.145743610e+00, E, -2.000000, NP, 6000 2000
300100, t, 1.647975e-02, KEe, 18893.197211, MEe, 3.148866202e+00, E, -2.000000, NP, 6000 2000
300200, t, 1.648524e-02, KEe, 18904.934864, MEe, 3.150822477e+00, E, -2.000000, NP, 6000 2000
300300, t, 1.649073e-02, KEe, 18708.198534, MEe, 3.118033089e+00, E, -2.000000, NP, 6000 2000
300400, t, 1.649622e-02, KEe, 18739.124138, MEe, 3.123187356e+00, E, -2.000000, NP, 6000 2000
300500, t, 1.650171e-02, KEe, 18754.331730, MEe, 3.125721955e+00, E, -2.000000, NP, 6000 2000
300600, t, 1.650720e-02, KEe, 18773.081953, MEe, 3.128846992e+00, E, -2.000000, NP, 6000 2000
300700, t, 1.651270e-02, KEe, 18844.234371, MEe, 3.140705728e+00, E, -2.000000, NP, 6000 2000
300800, t, 1.651819e-02, KEe, 18894.720772, MEe, 3.149120129e+00, E, -2.000000, NP, 6000 2000
300900, t, 1.652368e-02, KEe, 18889.170873, MEe, 3.148195145e+00, E, -2.000000, NP, 6000 2000
301000, t, 1.652917e-02, KEe, 18897.476427, MEe, 3.149579405e+00, E, -2.000000, NP, 6000 2000
301100, t, 1.653466e-02, KEe, 18903.449454, MEe, 3.150574909e+00, E, -2.000000, NP, 6000 2000
301200, t, 1.654015e-02, KEe, 18942.720396, MEe, 3.157120066e+00, E, -2.000000, NP, 6000 2000
301300, t, 1.654564e-02, KEe, 18936.418343, MEe, 3.156069724e+00, E, -2.000000, NP, 6000 2000
301400, t, 1.655114e-02, KEe, 18881.705639, MEe, 3.146950940e+00, E, -2.000000, NP, 6000 2000
301500, t, 1.655663e-02, KEe, 18913.314300, MEe, 3.152219050e+00, E, -2.000000, NP, 6000 2000
301600, t, 1.656212e-02, KEe, 18869.211224, MEe, 3.144868537e+00, E, -2.000000, NP, 6000 2000
301700, t, 1.656761e-02, KEe, 18862.763685, MEe, 3.143793948e+00, E, -2.000000, NP, 6000 2000
301800, t, 1.657310e-02, KEe, 18891.259249, MEe, 3.148543208e+00, E, -2.000000, NP, 6000 2000
301900, t, 1.657859e-02, KEe, 18750.270993, MEe, 3.125045166e+00, E, -2.000000, NP, 6000 2000
302000, t, 1.658408e-02, KEe, 18672.571262, MEe, 3.112095210e+00, E, -2.000000, NP, 6000 2000
302100, t, 1.658958e-02, KEe, 18669.109677, MEe, 3.111518279e+00, E, -2.000000, NP, 6000 2000
302200, t, 1.659507e-02, KEe, 18742.054114, MEe, 3.123675686e+00, E, -2.000000, NP, 6000 2000
302300, t, 1.660056e-02, KEe, 18613.452946, MEe, 3.102242158e+00, E, -2.000000, NP, 6000 2000
302400, t, 1.660605e-02, KEe, 18602.957810, MEe, 3.100492968e+00, E, -2.000000, NP, 6000 2000
302500, t, 1.661154e-02, KEe, 18603.991038, MEe, 3.100665173e+00, E, -2.000000, NP, 6000 2000
302600, t, 1.661703e-02, KEe, 18574.388833, MEe, 3.095731472e+00, E, -2.000000, NP, 6000 2000
302700, t, 1.662252e-02, KEe, 18570.753904, MEe, 3.095125651e+00, E, -2.000000, NP, 6000 2000
302800, t, 1.662802e-02, KEe, 18540.172542, MEe, 3.090028757e+00, E, -2.000000, NP, 6000 2000
302900, t, 1.663351e-02, KEe, 18561.646228, MEe, 3.093607705e+00, E, -2.000000, NP, 6000 2000
303000, t, 1.663900e-02, KEe, 18539.201065, MEe, 3.089866844e+00, E, -2.000000, NP, 6000 2000
303100, t, 1.664449e-02, KEe, 18580.203611, MEe, 3.096700602e+00, E, -2.000000, NP, 6000 2000
303200, t, 1.664998e-02, KEe, 18698.944366, MEe, 3.116490728e+00, E, -2.000000, NP, 6000 2000
303300, t, 1.665547e-02, KEe, 18680.400514, MEe, 3.113400086e+00, E, -2.000000, NP, 6000 2000
303400, t, 1.666096e-02, KEe, 18721.855922, MEe, 3.120309320e+00, E, -2.000000, NP, 6000 2000
303500, t, 1.666646e-02, KEe, 18710.684465, MEe, 3.118447411e+00, E, -2.000000, NP, 6000 2000
303600, t, 1.667195e-02, KEe, 18671.177381, MEe, 3.111862897e+00, E, -2.000000, NP, 6000 2000
303700, t, 1.667744e-02, KEe, 18749.788946, MEe, 3.124964824e+00, E, -2.000000, NP, 6000 2000
303800, t, 1.668293e-02, KEe, 18785.491160, MEe, 3.130915193e+00, E, -2.000000, NP, 6000 2000
303900, t, 1.668842e-02, KEe, 18840.387958, MEe, 3.140064660e+00, E, -2.000000, NP, 6000 2000
304000, t, 1.669391e-02, KEe, 18798.859924, MEe, 3.133143321e+00, E, -2.000000, NP, 6000 2000
304100, t, 1.669940e-02, KEe, 18711.246645, MEe, 3.118541107e+00, E, -2.000000, NP, 6000 2000
304200, t, 1.670490e-02, KEe, 18770.624483, MEe, 3.128437414e+00, E, -2.000000, NP, 6000 2000
304300, t, 1.671039e-02, KEe, 18821.835078, MEe, 3.136972513e+00, E, -2.000000, NP, 6000 2000
304400, t, 1.671588e-02, KEe, 18804.558752, MEe, 3.134093125e+00, E, -2.000000, NP, 6000 2000
304500, t, 1.672137e-02, KEe, 18892.709536, MEe, 3.148784923e+00, E, -2.000000, NP, 6000 2000
304600, t, 1.672686e-02, KEe, 18997.030358, MEe, 3.166171726e+00, E, -2.000000, NP, 6000 2000
304700, t, 1.673235e-02, KEe, 18910.184045, MEe, 3.151697341e+00, E, -2.000000, NP, 6000 2000
304800, t, 1.673784e-02, KEe, 18951.857203, MEe, 3.158642867e+00, E, -2.000000, NP, 6000 2000
304900, t, 1.674334e-02, KEe, 18894.464746, MEe, 3.149077458e+00, E, -2.000000, NP, 6000 2000
305000, t, 1.674883e-02, KEe, 18823.763820, MEe, 3.137293970e+00, E, -2.000000, NP, 6000 2000
305100, t, 1.675432e-02, KEe, 18868.773888, MEe, 3.144795648e+00, E, -2.000000, NP, 6000 2000
305200, t, 1.675981e-02, KEe, 18864.054878, MEe, 3.144009146e+00, E, -2.000000, NP, 6000 2000
305300, t, 1.676530e-02, KEe, 18861.180179, MEe, 3.143530030e+00, E, -2.000000, NP, 6000 2000
305400, t, 1.677079e-02, KEe, 18872.910682, MEe, 3.145485114e+00, E, -2.000000, NP, 6000 2000
305500, t, 1.677628e-02, KEe, 18852.312479, MEe, 3.142052080e+00, E, -2.000000, NP, 6000 2000
305600, t, 1.678178e-02, KEe, 18796.867418, MEe, 3.132811236e+00, E, -2.000000, NP, 6000 2000
305700, t, 1.678727e-02, KEe, 18818.058261, MEe, 3.136343043e+00, E, -2.000000, NP, 6000 2000
305800, t, 1.679276e-02, KEe, 18821.355173, MEe, 3.136892529e+00, E, -2.000000, NP, 6000 2000
305900, t, 1.679825e-02, KEe, 18841.987071, MEe, 3.140331178e+00, E, -2.000000, NP, 6000 2000
306000, t, 1.680374e-02, KEe, 18808.283400, MEe, 3.134713900e+00, E, -2.000000, NP, 6000 2000
306100, t, 1.680923e-02, KEe, 18830.543513, MEe, 3.138423919e+00, E, -2.000000, NP, 6000 2000
306200, t, 1.681472e-02, KEe, 18750.304156, MEe, 3.125050693e+00, E, -2.000000, NP, 6000 2000
306300, t, 1.682022e-02, KEe, 18729.794879, MEe, 3.121632480e+00, E, -2.000000, NP, 6000 2000
306400, t, 1.682571e-02, KEe, 18678.529985, MEe, 3.113088331e+00, E, -2.000000, NP, 6000 2000
306500, t, 1.683120e-02, KEe, 18823.049776, MEe, 3.137174963e+00, E, -2.000000, NP, 6000 2000
306600, t, 1.683669e-02, KEe, 18788.674577, MEe, 3.131445763e+00, E, -2.000000, NP, 6000 2000
306700, t, 1.684218e-02, KEe, 18758.938912, MEe, 3.126489819e+00, E, -2.000000, NP, 6000 2000
306800, t, 1.684767e-02, KEe, 18836.116977, MEe, 3.139352830e+00, E, -2.000000, NP, 6000 2000
306900, t, 1.685316e-02, KEe, 18809.485395, MEe, 3.134914232e+00, E, -2.000000, NP, 6000 2000
307000, t, 1.685866e-02, KEe, 18751.651288, MEe, 3.125275215e+00, E, -2.000000, NP, 6000 2000
307100, t, 1.686415e-02, KEe, 18758.359672, MEe, 3.126393279e+00, E, -2.000000, NP, 6000 2000
307200, t, 1.686964e-02, KEe, 18753.175032, MEe, 3.125529172e+00, E, -2.000000, NP, 6000 2000
307300, t, 1.687513e-02, KEe, 18766.260718, MEe, 3.127710120e+00, E, -2.000000, NP, 6000 2000
307400, t, 1.688062e-02, KEe, 18782.270418, MEe, 3.130378403e+00, E, -2.000000, NP, 6000 2000
307500, t, 1.688611e-02, KEe, 18766.230885, MEe, 3.127705147e+00, E, -2.000000, NP, 6000 2000
307600, t, 1.689160e-02, KEe, 18768.098512, MEe, 3.128016419e+00, E, -2.000000, NP, 6000 2000
307700, t, 1.689710e-02, KEe, 18870.192408, MEe, 3.145032068e+00, E, -2.000000, NP, 6000 2000
307800, t, 1.690259e-02, KEe, 18937.987977, MEe, 3.156331329e+00, E, -2.000000, NP, 6000 2000
307900, t, 1.690808e-02, KEe, 18902.969639, MEe, 3.150494940e+00, E, -2.000000, NP, 6000 2000
308000, t, 1.691357e-02, KEe, 18758.260055, MEe, 3.126376676e+00, E, -2.000000, NP, 6000 2000
308100, t, 1.691906e-02, KEe, 18728.199525, MEe, 3.121366587e+00, E, -2.000000, NP, 6000 2000
308200, t, 1.692455e-02, KEe, 18779.092760, MEe, 3.129848793e+00, E, -2.000000, NP, 6000 2000
308300, t, 1.693004e-02, KEe, 18830.933478, MEe, 3.138488913e+00, E, -2.000000, NP, 6000 2000
308400, t, 1.693553e-02, KEe, 18760.212116, MEe, 3.126702019e+00, E, -2.000000, NP, 6000 2000
308500, t, 1.694103e-02, KEe, 18778.685166, MEe, 3.129780861e+00, E, -2.000000, NP, 6000 2000
308600, t, 1.694652e-02, KEe, 18832.493934, MEe, 3.138748989e+00, E, -2.000000, NP, 6000 2000
308700, t, 1.695201e-02, KEe, 18768.284582, MEe, 3.128047430e+00, E, -2.000000, NP, 6000 2000
308800, t, 1.695750e-02, KEe, 18738.903132, MEe, 3.123150522e+00, E, -2.000000, NP, 6000 2000
308900, t, 1.696299e-02, KEe, 18666.628109, MEe, 3.111104685e+00, E, -2.000000, NP, 6000 2000
309000, t, 1.696848e-02, KEe, 18728.062176, MEe, 3.121343696e+00, E, -2.000000, NP, 6000 2000
309100, t, 1.697397e-02, KEe, 18789.206437, MEe, 3.131534406e+00, E, -2.000000, NP, 6000 2000
309200, t, 1.697947e-02, KEe, 18787.075627, MEe, 3.131179271e+00, E, -2.000000, NP, 6000 2000
309300, t, 1.698496e-02, KEe, 18769.028501, MEe, 3.128171417e+00, E, -2.000000, NP, 6000 2000
309400, t, 1.699045e-02, KEe, 18724.326730, MEe, 3.120721122e+00, E, -2.000000, NP, 6000 2000
309500, t, 1.699594e-02, KEe, 18735.814310, MEe, 3.122635718e+00, E, -2.000000, NP, 6000 2000
309600, t, 1.700143e-02, KEe, 18735.110300, MEe, 3.122518383e+00, E, -2.000000, NP, 6000 2000
309700, t, 1.700692e-02, KEe, 18871.193647, MEe, 3.145198941e+00, E, -2.000000, NP, 6000 2000
309800, t, 1.701241e-02, KEe, 18894.198486, MEe, 3.149033081e+00, E, -2.000000, NP, 6000 2000
309900, t, 1.701791e-02, KEe, 18902.407444, MEe, 3.150401241e+00, E, -2.000000, NP, 6000 2000
310000, t, 1.702340e-02, KEe, 18858.204383, MEe, 3.143034064e+00, E, -2.000000, NP, 6000 2000
310100, t, 1.702889e-02, KEe, 18962.682253, MEe, 3.160447042e+00, E, -2.000000, NP, 6000 2000
310200, t, 1.703438e-02, KEe, 19040.509008, MEe, 3.173418168e+00, E, -2.000000, NP, 6000 2000
310300, t, 1.703987e-02, KEe, 19049.464118, MEe, 3.174910686e+00, E, -2.000000, NP, 6000 2000
310400, t, 1.704536e-02, KEe, 19009.634304, MEe, 3.168272384e+00, E, -2.000000, NP, 6000 2000
310500, t, 1.705085e-02, KEe, 19031.787131, MEe, 3.171964522e+00, E, -2.000000, NP, 6000 2000
310600, t, 1.705635e-02, KEe, 19059.648693, MEe, 3.176608116e+00, E, -2.000000, NP, 6000 2000
310700, t, 1.706184e-02, KEe, 18929.702632, MEe, 3.154950439e+00, E, -2.000000, NP, 6000 2000
310800, t, 1.706733e-02, KEe, 18960.972877, MEe, 3.160162146e+00, E, -2.000000, NP, 6000 2000
310900, t, 1.707282e-02, KEe, 18822.580483, MEe, 3.137096747e+00, E, -2.000000, NP, 6000 2000
311000, t, 1.707831e-02, KEe, 18835.620280, MEe, 3.139270047e+00, E, -2.000000, NP, 6000 2000
311100, t, 1.708380e-02, KEe, 18821.453553, MEe, 3.136908926e+00, E, -2.000000, NP, 6000 2000
311200, t, 1.708929e-02, KEe, 18939.339034, MEe, 3.156556506e+00, E, -2.000000, NP, 6000 2000
311300, t, 1.709479e-02, KEe, 18925.618607, MEe, 3.154269768e+00, E, -2.000000, NP, 6000 2000
311400, t, 1.710028e-02, KEe, 18928.791696, MEe, 3.154798616e+00, E, -2.000000, NP, 6000 2000
311500, t, 1.710577e-02, KEe, 18901.888671, MEe, 3.150314779e+00, E, -2.000000, NP, 6000 2000
311600, t, 1.711126e-02, KEe, 18872.556155, MEe, 3.145426026e+00, E, -2.000000, NP, 6000 2000
311700, t, 1.711675e-02, KEe, 18863.526392, MEe, 3.143921065e+00, E, -2.000000, NP, 6000 2000
311800, t, 1.712224e-02, KEe, 18842.838160, MEe, 3.140473027e+00, E, -2.000000, NP, 6000 2000
311900, t, 1.712773e-02, KEe, 18864.185767, MEe, 3.144030961e+00, E, -2.000000, NP, 6000 2000
312000, t, 1.713323e-02, KEe, 18863.766170, MEe, 3.143961028e+00, E, -2.000000, NP, 6000 2000
312100, t, 1.713872e-02, KEe, 18867.515282, MEe, 3.144585880e+00, E, -2.000000, NP, 6000 2000
312200, t, 1.714421e-02, KEe, 18863.789459, MEe, 3.143964910e+00, E, -2.000000, NP, 6000 2000
312300, t, 1.714970e-02, KEe, 18919.162479, MEe, 3.153193747e+00, E, -2.000000, NP, 6000 2000
312400, t, 1.715519e-02, KEe, 18885.833053, MEe, 3.147638842e+00, E, -2.000000, NP, 6000 2000
312500, t, 1.716068e-02, KEe, 18859.813261, MEe, 3.143302210e+00, E, -2.000000, NP, 6000 2000
312600, t, 1.716617e-02, KEe, 18927.051288, MEe, 3.154508548e+00, E, -2.000000, NP, 6000 2000
312700, t, 1.717167e-02, KEe, 18885.964342, MEe, 3.147660724e+00, E, -2.000000, NP, 6000 2000
312800, t, 1.717716e-02, KEe, 18867.213149, MEe, 3.144535525e+00, E, -2.000000, NP, 6000 2000
312900, t, 1.718265e-02, KEe, 18891.466950, MEe, 3.148577825e+00, E, -2.000000, NP, 6000 2000
313000, t, 1.718814e-02, KEe, 18762.834964, MEe, 3.127139161e+00, E, -2.000000, NP, 6000 2000
313100, t, 1.719363e-02, KEe, 18761.588677, MEe, 3.126931446e+00, E, -2.000000, NP, 6000 2000
313200, t, 1.719912e-02, KEe, 18802.416472, MEe, 3.133736079e+00, E, -2.000000, NP, 6000 2000
313300, t, 1.720461e-02, KEe, 18812.449586, MEe, 3.135408264e+00, E, -2.000000, NP, 6000 2000
313400, t, 1.721011e-02, KEe, 18828.277657, MEe, 3.138046276e+00, E, -2.000000, NP, 6000 2000
313500, t, 1.721560e-02, KEe, 18869.713872, MEe, 3.144952312e+00, E, -2.000000, NP, 6000 2000
313600, t, 1.722109e-02, KEe, 18831.642139, MEe, 3.138607023e+00, E, -2.000000, NP, 6000 2000
313700, t, 1.722658e-02, KEe, 18940.909937, MEe, 3.156818323e+00, E, -2.000000, NP, 6000 2000
313800, t, 1.723207e-02, KEe, 18936.185966, MEe, 3.156030994e+00, E, -2.000000, NP, 6000 2000
313900, t, 1.723756e-02, KEe, 18858.104607, MEe, 3.143017434e+00, E, -2.000000, NP, 6000 2000
314000, t, 1.724305e-02, KEe, 18892.590627, MEe, 3.148765104e+00, E, -2.000000, NP, 6000 2000
314100, t, 1.724855e-02, KEe, 18899.154890, MEe, 3.149859148e+00, E, -2.000000, NP, 6000 2000
314200, t, 1.725404e-02, KEe, 18913.668150, MEe, 3.152278025e+00, E, -2.000000, NP, 6000 2000
314300, t, 1.725953e-02, KEe, 18933.443520, MEe, 3.155573920e+00, E, -2.000000, NP, 6000 2000
314400, t, 1.726502e-02, KEe, 18957.215561, MEe, 3.159535927e+00, E, -2.000000, NP, 6000 2000
314500, t, 1.727051e-02, KEe, 18908.231259, MEe, 3.151371876e+00, E, -2.000000, NP, 6000 2000
314600, t, 1.727600e-02, KEe, 18956.786641, MEe, 3.159464440e+00, E, -2.000000, NP, 6000 2000
314700, t, 1.728149e-02, KEe, 18962.698563, MEe, 3.160449760e+00, E, -2.000000, NP, 6000 2000
314800, t, 1.728699e-02, KEe, 19031.723178, MEe, 3.171953863e+00, E, -2.000000, NP, 6000 2000
314900, t, 1.729248e-02, KEe, 19052.260998, MEe, 3.175376833e+00, E, -2.000000, NP, 6000 2000
315000, t, 1.729797e-02, KEe, 19030.408250, MEe, 3.171734708e+00, E, -2.000000, NP, 6000 2000
315100, t, 1.730346e-02, KEe, 19151.366061, MEe, 3.191894343e+00, E, -2.000000, NP, 6000 2000
315200, t, 1.730895e-02, KEe, 19146.030283, MEe, 3.191005047e+00, E, -2.000000, NP, 6000 2000
315300, t, 1.731444e-02, KEe, 19090.709724, MEe, 3.181784954e+00, E, -2.000000, NP, 6000 2000
315400, t, 1.731993e-02, KEe, 19042.154229, MEe, 3.173692371e+00, E, -2.000000, NP, 6000 2000
315500, t, 1.732543e-02, KEe, 19028.892273, MEe, 3.171482046e+00, E, -2.000000, NP, 6000 2000
315600, t, 1.733092e-02, KEe, 19109.632575, MEe, 3.184938763e+00, E, -2.000000, NP, 6000 2000
315700, t, 1.733641e-02, KEe, 19073.927304, MEe, 3.178987884e+00, E, -2.000000, NP, 6000 2000
315800, t, 1.734190e-02, KEe, 19024.493959, MEe, 3.170748993e+00, E, -2.000000, NP, 6000 2000
315900, t, 1.734739e-02, KEe, 19026.250223, MEe, 3.171041704e+00, E, -2.000000, NP, 6000 2000
316000, t, 1.735288e-02, KEe, 19091.118686, MEe, 3.181853114e+00, E, -2.000000, NP, 6000 2000
316100, t, 1.735837e-02, KEe, 19147.092365, MEe, 3.191182061e+00, E, -2.000000, NP, 6000 2000
316200, t, 1.736387e-02, KEe, 19147.681323, MEe, 3.191280221e+00, E, -2.000000, NP, 6000 2000
316300, t, 1.736936e-02, KEe, 19150.372850, MEe, 3.191728808e+00, E, -2.000000, NP, 6000 2000
316400, t, 1.737485e-02, KEe, 19074.141943, MEe, 3.179023657e+00, E, -2.000000, NP, 6000 2000
316500, t, 1.738034e-02, KEe, 19118.862355, MEe, 3.186477059e+00, E, -2.000000, NP, 6000 2000
316600, t, 1.738583e-02, KEe, 19052.899705, MEe, 3.175483284e+00, E, -2.000000, NP, 6000 2000
316700, t, 1.739132e-02, KEe, 18988.305771, MEe, 3.164717628e+00, E, -2.000000, NP, 6000 2000
316800, t, 1.739681e-02, KEe, 18881.167133, MEe, 3.146861189e+00, E, -2.000000, NP, 6000 2000
316900, t, 1.740231e-02, KEe, 18986.365392, MEe, 3.164394232e+00, E, -2.000000, NP, 6000 2000
317000, t, 1.740780e-02, KEe, 18998.246603, MEe, 3.166374434e+00, E, -2.000000, NP, 6000 2000
317100, t, 1.741329e-02, KEe, 19044.547997, MEe, 3.174091333e+00, E, -2.000000, NP, 6000 2000
317200, t, 1.741878e-02, KEe, 19022.989755, MEe, 3.170498293e+00, E, -2.000000, NP, 6000 2000
317300, t, 1.742427e-02, KEe, 19098.127961, MEe, 3.183021327e+00, E, -2.000000, NP, 6000 2000
317400, t, 1.742976e-02, KEe, 19083.331908, MEe, 3.180555318e+00, E, -2.000000, NP, 6000 2000
317500, t, 1.743525e-02, KEe, 18952.173205, MEe, 3.158695534e+00, E, -2.000000, NP, 6000 2000
317600, t, 1.744075e-02, KEe, 18917.200173, MEe, 3.152866695e+00, E, -2.000000, NP, 6000 2000
317700, t, 1.744624e-02, KEe, 18887.747485, MEe, 3.147957914e+00, E, -2.000000, NP, 6000 2000
317800, t, 1.745173e-02, KEe, 18908.716905, MEe, 3.151452818e+00, E, -2.000000, NP, 6000 2000
317900, t, 1.745722e-02, KEe, 18984.730065, MEe, 3.164121678e+00, E, -2.000000, NP, 6000 2000
318000, t, 1.746271e-02, KEe, 18966.723454, MEe, 3.161120576e+00, E, -2.000000, NP, 6000 2000
318100, t, 1.746820e-02, KEe, 19002.626079, MEe, 3.167104346e+00, E, -2.000000, NP, 6000 2000
318200, t, 1.747369e-02, KEe, 18999.963413, MEe, 3.166660569e+00, E, -2.000000, NP, 6000 2000
318300, t, 1.747919e-02, KEe, 18981.736233, MEe, 3.163622705e+00, E, -2.000000, NP, 6000 2000
318400, t, 1.748468e-02, KEe, 18994.351123, MEe, 3.165725187e+00, E, -2.000000, NP, 6000 2000
318500, t, 1.749017e-02, KEe, 18907.276157, MEe, 3.151212693e+00, E, -2.000000, NP, 6000 2000
318600, t, 1.749566e-02, KEe, 18825.811531, MEe, 3.137635255e+00, E, -2.000000, NP, 6000 2000
318700, t, 1.750115e-02, KEe, 18856.351466, MEe, 3.142725244e+00, E, -2.000000, NP, 6000 2000
318800, t, 1.750664e-02, KEe, 18874.211576, MEe, 3.145701929e+00, E, -2.000000, NP, 6000 2000
318900, t, 1.751213e-02, KEe, 18869.601870, MEe, 3.144933645e+00, E, -2.000000, NP, 6000 2000
319000, t, 1.751763e-02, KEe, 18935.459709, MEe, 3.155909952e+00, E, -2.000000, NP, 6000 2000
319100, t, 1.752312e-02, KEe, 18925.490051, MEe, 3.154248342e+00, E, -2.000000, NP, 6000 2000
319200, t, 1.752861e-02, KEe, 18916.053666, MEe, 3.152675611e+00, E, -2.000000, NP, 6000 2000
319300, t, 1.753410e-02, KEe, 18953.244035, MEe, 3.158874006e+00, E, -2.000000, NP, 6000 2000
319400, t, 1.753959e-02, KEe, 18964.233642, MEe, 3.160705607e+00, E, -2.000000, NP, 6000 2000
319500, t, 1.754508e-02, KEe, 18977.179085, MEe, 3.162863181e+00, E, -2.000000, NP, 6000 2000
319600, t, 1.755057e-02, KEe, 18929.997300, MEe, 3.154999550e+00, E, -2.000000, NP, 6000 2000
319700, t, 1.755607e-02, KEe, 18906.164391, MEe, 3.151027399e+00, E, -2.000000, NP, 6000 2000
319800, t, 1.756156e-02, KEe, 18888.115852, MEe, 3.148019309e+00, E, -2.000000, NP, 6000 2000
319900, t, 1.756705e-02, KEe, 18938.872049, MEe, 3.156478675e+00, E, -2.000000, NP, 6000 2000
320000, t, 1.757254e-02, KEe, 18973.578932, MEe, 3.162263155e+00, E, -2.000000, NP, 6000 2000
320100, t, 1.757803e-02, KEe, 18959.590372, MEe, 3.159931729e+00, E, -2.000000, NP, 6000 2000
320200, t, 1.758352e-02, KEe, 18991.913030, MEe, 3.165318838e+00, E, -2.000000, NP, 6000 2000
320300, t, 1.758901e-02, KEe, 19024.185197, MEe, 3.170697533e+00, E, -2.000000, NP, 6000 2000
320400, t, 1.759451e-02, KEe, 19043.916326, MEe, 3.173986054e+00, E, -2.000000, NP, 6000 2000
320500, t, 1.760000e-02, KEe, 19149.200354, MEe, 3.191533392e+00, E, -2.000000, NP, 6000 2000
320600, t, 1.760549e-02, KEe, 19134.248611, MEe, 3.189041435e+00, E, -2.000000, NP, 6000 2000
320700, t, 1.761098e-02, KEe, 19128.298979, MEe, 3.188049830e+00, E, -2.000000, NP, 6000 2000
320800, t, 1.761647e-02, KEe, 19044.041131, MEe, 3.174006855e+00, E, -2.000000, NP, 6000 2000
320900, t, 1.762196e-02, KEe, 19150.015307, MEe, 3.191669218e+00, E, -2.000000, NP, 6000 2000
321000, t, 1.762745e-02, KEe, 19221.626352, MEe, 3.203604392e+00, E, -2.000000, NP, 6000 2000
321100, t, 1.763295e-02, KEe, 19129.527464, MEe, 3.188254577e+00, E, -2.000000, NP, 6000 2000
321200, t, 1.763844e-02, KEe, 19175.697640, MEe, 3.195949607e+00, E, -2.000000, NP, 6000 2000
321300, t, 1.764393e-02, KEe, 19133.425581, MEe, 3.188904264e+00, E, -2.000000, NP, 6000 2000
321400, t, 1.764942e-02, KEe, 19090.851446, MEe, 3.181808574e+00, E, -2.000000, NP, 6000 2000
321500, t, 1.765491e-02, KEe, 19070.374512, MEe, 3.178395752e+00, E, -2.000000, NP, 6000 2000
321600, t, 1.766040e-02, KEe, 19088.886687, MEe, 3.181481115e+00, E, -2.000000, NP, 6000 2000
321700, t, 1.766589e-02, KEe, 19100.891725, MEe, 3.183481954e+00, E, -2.000000, NP, 6000 2000
321800, t, 1.767139e-02, KEe, 19139.149523, MEe, 3.189858254e+00, E, -2.000000, NP, 6000 2000
321900, t, 1.767688e-02, KEe, 19166.292305, MEe, 3.194382051e+00, E, -2.000000, NP, 6000 2000
322000, t, 1.768237e-02, KEe, 19141.546950, MEe, 3.190257825e+00, E, -2.000000, NP, 6000 2000
322100, t, 1.768786e-02, KEe, 19135.533592, MEe, 3.189255599e+00, E, -2.000000, NP, 6000 2000
322200, t, 1.769335e-02, KEe, 19200.706124, MEe, 3.200117687e+00, E, -2.000000, NP, 6000 2000
322300, t, 1.769884e-02, KEe, 19163.704474, MEe, 3.193950746e+00, E, -2.000000, NP, 6000 2000
322400, t, 1.770433e-02, KEe, 19217.713984, MEe, 3.202952331e+00, E, -2.000000, NP, 6000 2000
322500, t, 1.770982e-02, KEe, 19292.710015, MEe, 3.215451669e+00, E, -2.000000, NP, 6000 2000
322600, t, 1.771532e-02, KEe, 19320.063650, MEe, 3.220010608e+00, E, -2.000000, NP, 6000 2000
322700, t, 1.772081e-02, KEe, 19245.208672, MEe, 3.207534779e+00, E, -2.000000, NP, 6000 2000
322800, t, 1.772630e-02, KEe, 19215.461775, MEe, 3.202576962e+00, E, -2.000000, NP, 6000 2000
322900, t, 1.773179e-02, KEe, 19214.296720, MEe, 3.202382787e+00, E, -2.000000, NP, 6000 2000
323000, t, 1.773728e-02, KEe, 19178.114429, MEe, 3.196352405e+00, E, -2.000000, NP, 6000 2000
323100, t, 1.774277e-02, KEe, 19191.839255, MEe, 3.198639876e+00, E, -2.000000, NP, 6000 2000
323200, t, 1.774826e-02, KEe, 19053.456089, MEe, 3.175576015e+00, E, -2.000000, NP, 6000 2000
323300, t, 1.775376e-02, KEe, 19153.111054, MEe, 3.192185176e+00, E, -2.000000, NP, 6000 2000
323400, t, 1.775925e-02, KEe, 19162.942625, MEe, 3.193823771e+00, E, -2.000000, NP, 6000 2000
323500, t, 1.776474e-02, KEe, 19188.871717, MEe, 3.198145286e+00, E, -2.000000, NP, 6000 2000
323600, t, 1.777023e-02, KEe, 19116.254993, MEe, 3.186042499e+00, E, -2.000000, NP, 6000 2000
323700, t, 1.777572e-02, KEe, 19015.890340, MEe, 3.169315057e+00, E, -2.000000, NP, 6000 2000
323800, t, 1.778121e-02, KEe, 19042.549851, MEe, 3.173758309e+00, E, -2.000000, NP, 6000 2000
323900, t, 1.778670e-02, KEe, 18997.025488, MEe, 3.166170915e+00, E, -2.000000, NP, 6000 2000
324000, t, 1.779220e-02, KEe, 19015.350287, MEe, 3.169225048e+00, E, -2.000000, NP, 6000 2000
324100, t, 1.779769e-02, KEe, 19006.273014, MEe, 3.167712169e+00, E, -2.000000, NP, 6000 2000
324200, t, 1.780318e-02, KEe, 18993.214160, MEe, 3.165535693e+00, E, -2.000000, NP, 6000 2000
324300, t, 1.780867e-02, KEe, 18949.573472, MEe, 3.158262245e+00, E, -2.000000, NP, 6000 2000
324400, t, 1.781416e-02, KEe, 18873.906316, MEe, 3.145651053e+00, E, -2.000000, NP, 6000 2000
324500, t, 1.781965e-02, KEe, 18833.957757, MEe, 3.138992959e+00, E, -2.000000, NP, 6000 2000
324600, t, 1.782514e-02, KEe, 18847.014941, MEe, 3.141169157e+00, E, -2.000000, NP, 6000 2000
324700, t, 1.783064e-02, KEe, 18724.107534, MEe, 3.120684589e+00, E, -2.000000, NP, 6000 2000
324800, t, 1.783613e-02, KEe, 18702.294675, MEe, 3.117049112e+00, E, -2.000000, NP, 6000 2000
324900, t, 1.784162e-02, KEe, 18766.963745, MEe, 3.127827291e+00, E, -2.000000, NP, 6000 2000
325000, t, 1.784711e-02, KEe, 18672.976539, MEe, 3.112162756e+00, E, -2.000000, NP, 6000 2000
325100, t, 1.785260e-02, KEe, 18746.885591, MEe, 3.124480932e+00, E, -2.000000, NP, 6000 2000
325200, t, 1.785809e-02, KEe, 18724.260977, MEe, 3.120710163e+00, E, -2.000000, NP, 6000 2000
325300, t, 1.786358e-02, KEe, 18826.497146, MEe, 3.137749524e+00, E, -2.000000, NP, 6000 2000
325400, t, 1.786908e-02, KEe, 18805.169281, MEe, 3.134194880e+00, E, -2.000000, NP, 6000 2000
325500, t, 1.787457e-02, KEe, 18816.591077, MEe, 3.136098513e+00, E, -2.000000, NP, 6000 2000
325600, t, 1.788006e-02, KEe, 18868.612582, MEe, 3.144768764e+00, E, -2.000000, NP, 6000 2000
325700, t, 1.788555e-02, KEe, 18901.355363, MEe, 3.150225894e+00, E, -2.000000, NP, 6000 2000
325800, t, 1.789104e-02, KEe, 18953.910715, MEe, 3.158985119e+00, E, -2.000000, NP, 6000 2000
325900, t, 1.789653e-02, KEe, 18925.530493, MEe, 3.154255082e+00, E, -2.000000, NP, 6000 2000
326000, t, 1.790202e-02, KEe, 18828.952222, MEe, 3.138158704e+00, E, -2.000000, NP, 6000 2000
326100, t, 1.790752e-02, KEe, 18889.786632, MEe, 3.148297772e+00, E, -2.000000, NP, 6000 2000
326200, t, 1.791301e-02, KEe, 18934.164550, MEe, 3.155694092e+00, E, -2.000000, NP, 6000 2000
326300, t, 1.791850e-02, KEe, 18891.621163, MEe, 3.148603527e+00, E, -2.000000, NP, 6000 2000
326400, t, 1.792399e-02, KEe, 18915.358658, MEe, 3.152559776e+00, E, -2.000000, NP, 6000 2000
326500, t, 1.792948e-02, KEe, 18811.885987, MEe, 3.135314331e+00, E, -2.000000, NP, 6000 2000
326600, t, 1.793497e-02, KEe, 18805.704198, MEe, 3.134284033e+00, E, -2.000000, NP, 6000 2000
326700, t, 1.794046e-02, KEe, 18838.650175, MEe, 3.139775029e+00, E, -2.000000, NP, 6000 2000
326800, t, 1.794596e-02, KEe, 18783.852667, MEe, 3.130642111e+00, E, -2.000000, NP, 6000 2000
326900, t, 1.795145e-02, KEe, 18748.662280, MEe, 3.124777047e+00, E, -2.000000, NP, 6000 2000
327000, t, 1.795694e-02, KEe, 18785.074528, MEe, 3.130845755e+00, E, -2.000000, NP, 6000 2000
327100, t, 1.796243e-02, KEe, 18829.938026, MEe, 3.138323004e+00, E, -2.000000, NP, 6000 2000
327200, t, 1.796792e-02, KEe, 18838.828597, MEe, 3.139804766e+00, E, -2.000000, NP, 6000 2000
327300, t, 1.797341e-02, KEe, 18821.171528, MEe, 3.136861921e+00, E, -2.000000, NP, 6000 2000
327400, t, 1.797890e-02, KEe, 18795.707344, MEe, 3.132617891e+00, E, -2.000000, NP, 6000 2000
327500, t, 1.798440e-02, KEe, 18795.505914, MEe, 3.132584319e+00, E, -2.000000, NP, 6000 2000
327600, t, 1.798989e-02, KEe, 18920.843024, MEe, 3.153473837e+00, E, -2.000000, NP, 6000 2000
327700, t, 1.799538e-02, KEe, 18923.424101, MEe, 3.153904017e+00, E, -2.000000, NP, 6000 2000
327800, t, 1.800087e-02, KEe, 18876.638769, MEe, 3.146106461e+00, E, -2.000000, NP, 6000 2000
327900, t, 1.800636e-02, KEe, 18980.591792, MEe, 3.163431965e+00, E, -2.000000, NP, 6000 2000
328000, t, 1.801185e-02, KEe, 18944.739956, MEe, 3.157456659e+00, E, -2.000000, NP, 6000 2000
328100, t, 1.801734e-02, KEe, 18941.540895, MEe, 3.156923483e+00, E, -2.000000, NP, 6000 2000
328200, t, 1.802284e-02, KEe, 18920.755533, MEe, 3.153459256e+00, E, -2.000000, NP, 6000 2000
328300, t, 1.802833e-02, KEe, 18853.236664, MEe, 3.142206111e+00, E, -2.000000, NP, 6000 2000
328400, t, 1.803382e-02, KEe, 18850.159942, MEe, 3.141693324e+00, E, -2.000000, NP, 6000 2000
328500, t, 1.803931e-02, KEe, 18843.479156, MEe, 3.140579859e+00, E, -2.000000, NP, 6000 2000
328600, t, 1.804480e-02, KEe, 18820.980044, MEe, 3.136830007e+00, E, -2.000000, NP, 6000 2000
328700, t, 1.805029e-02, KEe, 18869.227568, MEe, 3.144871261e+00, E, -2.000000, NP, 6000 2000
328800, t, 1.805578e-02, KEe, 18777.512446, MEe, 3.129585408e+00, E, -2.000000, NP, 6000 2000
328900, t, 1.806128e-02, KEe, 18721.123141, MEe, 3.120187190e+00, E, -2.000000, NP, 6000 2000
329000, t, 1.806677e-02, KEe, 18720.643937, MEe, 3.120107323e+00, E, -2.000000, NP, 6000 2000
329100, t, 1.807226e-02, KEe, 18784.375038, MEe, 3.130729173e+00, E, -2.000000, NP, 6000 2000
329200, t, 1.807775e-02, KEe, 18822.508817, MEe, 3.137084803e+00, E, -2.000000, NP, 6000 2000
329300, t, 1.808324e-02, KEe, 18845.850632, MEe, 3.140975105e+00, E, -2.000000, NP, 6000 2000
329400, t, 1.808873e-02, KEe, 18802.683923, MEe, 3.133780654e+00, E, -2.000000, NP, 6000 2000
329500, t, 1.809422e-02, KEe, 18790.366723, MEe, 3.131727787e+00, E, -2.000000, NP, 6000 2000
329600, t, 1.809972e-02, KEe, 18822.072558, MEe, 3.137012093e+00, E, -2.000000, NP, 6000 2000
329700, t, 1.810521e-02, KEe, 18889.960825, MEe, 3.148326804e+00, E, -2.000000, NP, 6000 2000
329800, t, 1.811070e-02, KEe, 18865.585035, MEe, 3.144264172e+00, E, -2.000000, NP, 6000 2000
329900, t, 1.811619e-02, KEe, 18837.109950, MEe, 3.139518325e+00, E, -2.000000, NP, 6000 2000
330000, t, 1.812168e-02, KEe, 18901.158639, MEe, 3.150193106e+00, E, -2.000000, NP, 6000 2000
330100, t, 1.812717e-02, KEe, 18927.164215, MEe, 3.154527369e+00, E, -2.000000, NP, 6000 2000
330200, t, 1.813266e-02, KEe, 18844.786905, MEe, 3.140797818e+00, E, -2.000000, NP, 6000 2000
330300, t, 1.813816e-02, KEe, 18823.328623, MEe, 3.137221437e+00, E, -2.000000, NP, 6000 2000
330400, t, 1.814365e-02, KEe, 18825.288750, MEe, 3.137548125e+00, E, -2.000000, NP, 6000 2000
330500, t, 1.814914e-02, KEe, 18721.569513, MEe, 3.120261586e+00, E, -2.000000, NP, 6000 2000
330600, t, 1.815463e-02, KEe, 18738.755433, MEe, 3.123125906e+00, E, -2.000000, NP, 6000 2000
330700, t, 1.816012e-02, KEe, 18753.691012, MEe, 3.125615169e+00, E, -2.000000, NP, 6000 2000
330800, t, 1.816561e-02, KEe, 18684.108741, MEe, 3.114018124e+00, E, -2.000000, NP, 6000 2000
330900, t, 1.817110e-02, KEe, 18680.580684, MEe, 3.113430114e+00, E, -2.000000, NP, 6000 2000
331000, t, 1.817660e-02, KEe, 18659.361190, MEe, 3.109893532e+00, E, -2.000000, NP, 6000 2000
331100, t, 1.818209e-02, KEe, 18604.056456, MEe, 3.100676076e+00, E, -2.000000, NP, 6000 2000
331200, t, 1.818758e-02, KEe, 18596.215829, MEe, 3.099369305e+00, E, -2.000000, NP, 6000 2000
331300, t, 1.819307e-02, KEe, 18586.216355, MEe, 3.097702726e+00, E, -2.000000, NP, 6000 2000
331400, t, 1.819856e-02, KEe, 18622.223509, MEe, 3.103703918e+00, E, -2.000000, NP, 6000 2000
331500, t, 1.820405e-02, KEe, 18607.054858, MEe, 3.101175810e+00, E, -2.000000, NP, 6000 2000
331600, t, 1.820954e-02, KEe, 18619.304427, MEe, 3.103217404e+00, E, -2.000000, NP, 6000 2000
331700, t, 1.821504e-02, KEe, 18630.335272, MEe, 3.105055879e+00, E, -2.000000, NP, 6000 2000
331800, t, 1.822053e-02, KEe, 18637.010520, MEe, 3.106168420e+00, E, -2.000000, NP, 6000 2000
331900, t, 1.822602e-02, KEe, 18707.249608, MEe, 3.117874935e+00, E, -2.000000, NP, 6000 2000
332000, t, 1.823151e-02, KEe, 18578.313295, MEe, 3.096385549e+00, E, -2.000000, NP, 6000 2000
332100, t, 1.823700e-02, KEe, 18645.290433, MEe, 3.107548405e+00, E, -2.000000, NP, 6000 2000
332200, t, 1.824249e-02, KEe, 18740.663405, MEe, 3.123443901e+00, E, -2.000000, NP, 6000 2000
332300, t, 1.824798e-02, KEe, 18763.601132, MEe, 3.127266855e+00, E, -2.000000, NP, 6000 2000
332400, t, 1.825348e-02, KEe, 18778.823800, MEe, 3.129803967e+00, E, -2.000000, NP, 6000 2000
332500, t, 1.825897e-02, KEe, 18805.154023, MEe, 3.134192337e+00, E, -2.000000, NP, 6000 2000
332600, t, 1.826446e-02, KEe, 18805.212551, MEe, 3.134202092e+00, E, -2.000000, NP, 6000 2000
332700, t, 1.826995e-02, KEe, 18845.721927, MEe, 3.140953654e+00, E, -2.000000, NP, 6000 2000
332800, t, 1.827544e-02, KEe, 18904.806970, MEe, 3.150801162e+00, E, -2.000000, NP, 6000 2000
332900, t, 1.828093e-02, KEe, 18885.050992, MEe, 3.147508499e+00, E, -2.000000, NP, 6000 2000
333000, t, 1.828642e-02, KEe, 18810.732339, MEe, 3.135122057e+00, E, -2.000000, NP, 6000 2000
333100, t, 1.829192e-02, KEe, 18840.273968, MEe, 3.140045661e+00, E, -2.000000, NP, 6000 2000
333200, t, 1.829741e-02, KEe, 18846.312954, MEe, 3.141052159e+00, E, -2.000000, NP, 6000 2000
333300, t, 1.830290e-02, KEe, 18845.276137, MEe, 3.140879356e+00, E, -2.000000, NP, 6000 2000
333400, t, 1.830839e-02, KEe, 18981.001078, MEe, 3.163500180e+00, E, -2.000000, NP, 6000 2000
333500, t, 1.831388e-02, KEe, 19091.623352, MEe, 3.181937225e+00, E, -2.000000, NP, 6000 2000
333600, t, 1.831937e-02, KEe, 19109.810362, MEe, 3.184968394e+00, E, -2.000000, NP, 6000 2000
333700, t, 1.832486e-02, KEe, 19074.003088, MEe, 3.179000515e+00, E, -2.000000, NP, 6000 2000
333800, t, 1.833036e-02, KEe, 19103.418838, MEe, 3.183903140e+00, E, -2.000000, NP, 6000 2000
333900, t, 1.833585e-02, KEe, 19140.351990, MEe, 3.190058665e+00, E, -2.000000, NP, 6000 2000
334000, t, 1.834134e-02, KEe, 19165.842646, MEe, 3.194307108e+00, E, -2.000000, NP, 6000 2000
334100, t, 1.834683e-02, KEe, 19115.160133, MEe, 3.185860022e+00, E, -2.000000, NP, 6000 2000
334200, t, 1.835232e-02, KEe, 19060.510092, MEe, 3.176751682e+00, E, -2.000000, NP, 6000 2000
334300, t, 1.835781e-02, KEe, 18973.598738, MEe, 3.162266456e+00, E, -2.000000, NP, 6000 2000
334400, t, 1.836330e-02, KEe, 18984.364783, MEe, 3.164060797e+00, E, -2.000000, NP, 6000 2000
334500, t, 1.836880e-02, KEe, 19034.450669, MEe, 3.172408445e+00, E, -2.000000, NP, 6000 2000
334600, t, 1.837429e-02, KEe, 19096.552605, MEe, 3.182758767e+00, E, -2.000000, NP, 6000 2000
334700, t, 1.837978e-02, KEe, 18977.247000, MEe, 3.162874500e+00, E, -2.000000, NP, 6000 2000
334800, t, 1.838527e-02, KEe, 19017.432640, MEe, 3.169572107e+00, E, -2.000000, NP, 6000 2000
334900, t, 1.839076e-02, KEe, 19088.985029, MEe, 3.181497505e+00, E, -2.000000, NP, 6000 2000
335000, t, 1.839625e-02, KEe, 19107.647973, MEe, 3.184607995e+00, E, -2.000000, NP, 6000 2000
335100, t, 1.840174e-02, KEe, 19031.675047, MEe, 3.171945841e+00, E, -2.000000, NP, 6000 2000
335200, t, 1.840724e-02, KEe, 19011.008168, MEe, 3.168501361e+00, E, -2.000000, NP, 6000 2000
335300, t, 1.841273e-02, KEe, 19016.271646, MEe, 3.169378608e+00, E, -2.000000, NP, 6000 2000
335400, t, 1.841822e-02, KEe, 19018.640011, MEe, 3.169773335e+00, E, -2.000000, NP, 6000 2000
335500, t, 1.842371e-02, KEe, 19051.548912, MEe, 3.175258152e+00, E, -2.000000, NP, 6000 2000
335600, t, 1.842920e-02, KEe, 19063.893168, MEe, 3.177315528e+00, E, -2.000000, NP, 6000 2000
335700, t, 1.843469e-02, KEe, 19055.706836, MEe, 3.175951139e+00, E, -2.000000, NP, 6000 2000
335800, t, 1.844018e-02, KEe, 18998.580305, MEe, 3.166430051e+00, E, -2.000000, NP, 6000 2000
335900, t, 1.844568e-02, KEe, 19010.312377, MEe, 3.168385396e+00, E, -2.000000, NP, 6000 2000
336000, t, 1.845117e-02, KEe, 19029.839966, MEe, 3.171639994e+00, E, -2.000000, NP, 6000 2000
336100, t, 1.845666e-02, KEe, 18921.199973, MEe, 3.153533329e+00, E, -2.000000, NP, 6000 2000
336200, t, 1.846215e-02, KEe, 18903.115069, MEe, 3.150519178e+00, E, -2.000000, NP, 6000 2000
336300, t, 1.846764e-02, KEe, 18971.773187, MEe, 3.161962198e+00, E, -2.000000, NP, 6000 2000
336400, t, 1.847313e-02, KEe, 18989.129201, MEe, 3.164854867e+00, E, -2.000000, NP, 6000 2000
336500, t, 1.847862e-02, KEe, 19001.805798, MEe, 3.166967633e+00, E, -2.000000, NP, 6000 2000
336600, t, 1.848411e-02, KEe, 18961.797471, MEe, 3.160299579e+00, E, -2.000000, NP, 6000 2000
336700, t, 1.848961e-02, KEe, 18922.172929, MEe, 3.153695488e+00, E, -2.000000, NP, 6000 2000
336800, t, 1.849510e-02, KEe, 18866.273705, MEe, 3.144378951e+00, E, -2.000000, NP, 6000 2000
336900, t, 1.850059e-02, KEe, 18877.765052, MEe, 3.146294175e+00, E, -2.000000, NP, 6000 2000
337000, t, 1.850608e-02, KEe, 18910.042162, MEe, 3.151673694e+00, E, -2.000000, NP, 6000 2000
337100, t, 1.851157e-02, KEe, 18997.069881, MEe, 3.166178313e+00, E, -2.000000, NP, 6000 2000
337200, t, 1.851706e-02, KEe, 18958.924056, MEe, 3.159820676e+00, E, -2.000000, NP, 6000 2000
337300, t, 1.852255e-02, KEe, 18890.023929, MEe, 3.148337321e+00, E, -2.000000, NP, 6000 2000
337400, t, 1.852805e-02, KEe, 18930.128083, MEe, 3.155021347e+00, E, -2.000000, NP, 6000 2000
337500, t, 1.853354e-02, KEe, 18913.664289, MEe, 3.152277381e+00, E, -2.000000, NP, 6000 2000
337600, t, 1.853903e-02, KEe, 18882.827639, MEe, 3.147137940e+00, E, -2.000000, NP, 6000 2000
337700, t, 1.854452e-02, KEe, 18912.422905, MEe, 3.152070484e+00, E, -2.000000, NP, 6000 2000
337800, t, 1.855001e-02, KEe, 18854.279831, MEe, 3.142379972e+00, E, -2.000000, NP, 6000 2000
337900, t, 1.855550e-02, KEe, 18834.130328, MEe, 3.139021721e+00, E, -2.000000, NP, 6000 2000
338000, t, 1.856099e-02, KEe, 18739.783378, MEe, 3.123297230e+00, E, -2.000000, NP, 6000 2000
338100, t, 1.856649e-02, KEe, 18785.765842, MEe, 3.130960974e+00, E, -2.000000, NP, 6000 2000
338200, t, 1.857198e-02, KEe, 18794.865499, MEe, 3.132477583e+00, E, -2.000000, NP, 6000 2000
338300, t, 1.857747e-02, KEe, 18860.248101, MEe, 3.143374684e+00, E, -2.000000, NP, 6000 2000
338400, t, 1.858296e-02, KEe, 18756.896566, MEe, 3.126149428e+00, E, -2.000000, NP, 6000 2000
338500, t, 1.858845e-02, KEe, 18657.349172, MEe, 3.109558195e+00, E, -2.000000, NP, 6000 2000
338600, t, 1.859394e-02, KEe, 18608.408515, MEe, 3.101401419e+00, E, -2.000000, NP, 6000 2000
338700, t, 1.859943e-02, KEe, 18631.578379, MEe, 3.105263063e+00, E, -2.000000, NP, 6000 2000
338800, t, 1.860493e-02, KEe, 18658.317122, MEe, 3.109719520e+00, E, -2.000000, NP, 6000 2000
338900, t, 1.861042e-02, KEe, 18737.957042, MEe, 3.122992840e+00, E, -2.000000, NP, 6000 2000
339000, t, 1.861591e-02, KEe, 18735.117314, MEe, 3.122519552e+00, E, -2.000000, NP, 6000 2000
339100, t, 1.862140e-02, KEe, 18744.998369, MEe, 3.124166395e+00, E, -2.000000, NP, 6000 2000
339200, t, 1.862689e-02, KEe, 18716.356789, MEe, 3.119392798e+00, E, -2.000000, NP, 6000 2000
339300, t, 1.863238e-02, KEe, 18650.993022, MEe, 3.108498837e+00, E, -2.000000, NP, 6000 2000
339400, t, 1.863787e-02, KEe, 18687.619894, MEe, 3.114603316e+00, E, -2.000000, NP, 6000 2000
339500, t, 1.864337e-02, KEe, 18678.699881, MEe, 3.113116647e+00, E, -2.000000, NP, 6000 2000
339600, t, 1.864886e-02, KEe, 18650.025201, MEe, 3.108337533e+00, E, -2.000000, NP, 6000 2000
339700, t, 1.865435e-02, KEe, 18614.949347, MEe, 3.102491558e+00, E, -2.000000, NP, 6000 2000
339800, t, 1.865984e-02, KEe, 18744.099818, MEe, 3.124016636e+00, E, -2.000000, NP, 6000 2000
339900, t, 1.866533e-02, KEe, 18795.914303, MEe, 3.132652384e+00, E, -2.000000, NP, 6000 2000
340000, t, 1.867082e-02, KEe, 18820.977757, MEe, 3.136829626e+00, E, -2.000000, NP, 6000 2000
340100, t, 1.867631e-02, KEe, 18890.664560, MEe, 3.148444093e+00, E, -2.000000, NP, 6000 2000
340200, t, 1.868181e-02, KEe, 18867.954173, MEe, 3.144659029e+00, E, -2.000000, NP, 6000 2000
340300, t, 1.868730e-02, KEe, 18950.023225, MEe, 3.158337204e+00, E, -2.000000, NP, 6000 2000
340400, t, 1.869279e-02, KEe, 18959.258609, MEe, 3.159876435e+00, E, -2.000000, NP, 6000 2000
340500, t, 1.869828e-02, KEe, 19020.485349, MEe, 3.170080892e+00, E, -2.000000, NP, 6000 2000
340600, t, 1.870377e-02, KEe, 19018.029200, MEe, 3.169671533e+00, E, -2.000000, NP, 6000 2000
340700, t, 1.870926e-02, KEe, 19011.435717, MEe, 3.168572619e+00, E, -2.000000, NP, 6000 2000
340800, t, 1.871475e-02, KEe, 19007.204861, MEe, 3.167867477e+00, E, -2.000000, NP, 6000 2000
340900, t, 1.872025e-02, KEe, 19037.649681, MEe, 3.172941614e+00, E, -2.000000, NP, 6000 2000
341000, t, 1.872574e-02, KEe, 19067.308837, MEe, 3.177884806e+00, E, -2.000000, NP, 6000 2000
341100, t, 1.873123e-02, KEe, 19046.581884, MEe, 3.174430314e+00, E, -2.000000, NP, 6000 2000
341200, t, 1.873672e-02, KEe, 18969.995009, MEe, 3.161665835e+00, E, -2.000000, NP, 6000 2000
341300, t, 1.874221e-02, KEe, 18890.445131, MEe, 3.148407522e+00, E, -2.000000, NP, 6000 2000
341400, t, 1.874770e-02, KEe, 18911.268057, MEe, 3.151878009e+00, E, -2.000000, NP, 6000 2000
341500, t, 1.875319e-02, KEe, 19015.230522, MEe, 3.169205087e+00, E, -2.000000, NP, 6000 2000
341600, t, 1.875869e-02, KEe, 18934.987274, MEe, 3.155831212e+00, E, -2.000000, NP, 6000 2000
341700, t, 1.876418e-02, KEe, 18964.548564, MEe, 3.160758094e+00, E, -2.000000, NP, 6000 2000
341800, t, 1.876967e-02, KEe, 18941.169371, MEe, 3.156861562e+00, E, -2.000000, NP, 6000 2000
341900, t, 1.877516e-02, KEe, 18926.267535, MEe, 3.154377922e+00, E, -2.000000, NP, 6000 2000
342000, t, 1.878065e-02, KEe, 18949.824843, MEe, 3.158304140e+00, E, -2.000000, NP, 6000 2000
342100, t, 1.878614e-02, KEe, 18967.066660, MEe, 3.161177777e+00, E, -2.000000, NP, 6000 2000
342200, t, 1.879163e-02, KEe, 18902.506267, MEe, 3.150417711e+00, E, -2.000000, NP, 6000 2000
342300, t, 1.879713e-02, KEe, 18909.647460, MEe, 3.151607910e+00, E, -2.000000, NP, 6000 2000
342400, t, 1.880262e-02, KEe, 18991.827303, MEe, 3.165304550e+00, E, -2.000000, NP, 6000 2000
342500, t, 1.880811e-02, KEe, 18982.871621, MEe, 3.163811937e+00, E, -2.000000, NP, 6000 2000
342600, t, 1.881360e-02, KEe, 19004.423082, MEe, 3.167403847e+00, E, -2.000000, NP, 6000 2000
342700, t, 1.881909e-02, KEe, 19012.026776, MEe, 3.168671129e+00, E, -2.000000, NP, 6000 2000
342800, t, 1.882458e-02, KEe, 19067.234582, MEe, 3.177872430e+00, E, -2.000000, NP, 6000 2000
342900, t, 1.883007e-02, KEe, 19073.849672, MEe, 3.178974945e+00, E, -2.000000, NP, 6000 2000
343000, t, 1.883557e-02, KEe, 19011.607665, MEe, 3.168601277e+00, E, -2.000000, NP, 6000 2000
343100, t, 1.884106e-02, KEe, 19106.872190, MEe, 3.184478698e+00, E, -2.000000, NP, 6000 2000
343200, t, 1.884655e-02, KEe, 19156.716334, MEe, 3.192786056e+00, E, -2.000000, NP, 6000 2000
343300, t, 1.885204e-02, KEe, 19119.424706, MEe, 3.186570784e+00, E, -2.000000, NP, 6000 2000
343400, t, 1.885753e-02, KEe, 19137.818767, MEe, 3.189636461e+00, E, -2.000000, NP, 6000 2000
343500, t, 1.886302e-02, KEe, 19095.421968, MEe, 3.182570328e+00, E, -2.000000, NP, 6000 2000
343600, t, 1.886851e-02, KEe, 18995.841525, MEe, 3.165973588e+00, E, -2.000000, NP, 6000 2000
343700, t, 1.887401e-02, KEe, 18945.636258, MEe, 3.157606043e+00, E, -2.000000, NP, 6000 2000
343800, t, 1.887950e-02, KEe, 18928.448400, MEe, 3.154741400e+00, E, -2.000000, NP, 6000 2000
343900, t, 1.888499e-02, KEe, 18919.695237, MEe, 3.153282540e+00, E, -2.000000, NP, 6000 2000
344000, t, 1.889048e-02, KEe, 18905.741150, MEe, 3.150956858e+00, E, -2.000000, NP, 6000 2000
344100, t, 1.889597e-02, KEe, 18845.303491, MEe, 3.140883915e+00, E, -2.000000, NP, 6000 2000
344200, t, 1.890146e-02, KEe, 18749.683675, MEe, 3.124947279e+00, E, -2.000000, NP, 6000 2000
344300, t, 1.890695e-02, KEe, 18800.710032, MEe, 3.133451672e+00, E, -2.000000, NP, 6000 2000
344400, t, 1.891245e-02, KEe, 18800.541140, MEe, 3.133423523e+00, E, -2.000000, NP, 6000 2000
344500, t, 1.891794e-02, KEe, 18791.251237, MEe, 3.131875206e+00, E, -2.000000, NP, 6000 2000
344600, t, 1.892343e-02, KEe, 18800.745725, MEe, 3.133457621e+00, E, -2.000000, NP, 6000 2000
344700, t, 1.892892e-02, KEe, 18784.416311, MEe, 3.130736052e+00, E, -2.000000, NP, 6000 2000
344800, t, 1.893441e-02, KEe, 18719.316036, MEe, 3.119886006e+00, E, -2.000000, NP, 6000 2000
344900, t, 1.893990e-02, KEe, 18720.900058, MEe, 3.120150010e+00, E, -2.000000, NP, 6000 2000
345000, t, 1.894539e-02, KEe, 18787.635639, MEe, 3.131272606e+00, E, -2.000000, NP, 6000 2000
345100, t, 1.895089e-02, KEe, 18849.027119, MEe, 3.141504520e+00, E, -2.000000, NP, 6000 2000
345200, t, 1.895638e-02, KEe, 18839.873293, MEe, 3.139978882e+00, E, -2.000000, NP, 6000 2000
345300, t, 1.896187e-02, KEe, 18881.419963, MEe, 3.146903327e+00, E, -2.000000, NP, 6000 2000
345400, t, 1.896736e-02, KEe, 18990.385478, MEe, 3.165064246e+00, E, -2.000000, NP, 6000 2000
345500, t, 1.897285e-02, KEe, 19018.616771, MEe, 3.169769462e+00, E, -2.000000, NP, 6000 2000
345600, t, 1.897834e-02, KEe, 19027.174999, MEe, 3.171195833e+00, E, -2.000000, NP, 6000 2000
345700, t, 1.898383e-02, KEe, 19008.671072, MEe, 3.168111845e+00, E, -2.000000, NP, 6000 2000
345800, t, 1.898933e-02, KEe, 19045.327580, MEe, 3.174221263e+00, E, -2.000000, NP, 6000 2000
345900, t, 1.899482e-02, KEe, 19075.894453, MEe, 3.179315742e+00, E, -2.000000, NP, 6000 2000
346000, t, 1.900031e-02, KEe, 19103.254356, MEe, 3.183875726e+00, E, -2.000000, NP, 6000 2000
346100, t, 1.900580e-02, KEe, 19094.389930, MEe, 3.182398322e+00, E, -2.000000, NP, 6000 2000
346200, t, 1.901129e-02, KEe, 19089.431583, MEe, 3.181571931e+00, E, -2.000000, NP, 6000 2000
346300, t, 1.901678e-02, KEe, 19122.620289, MEe, 3.187103382e+00, E, -2.000000, NP, 6000 2000
346400, t, 1.902227e-02, KEe, 19017.445476, MEe, 3.169574246e+00, E, -2.000000, NP, 6000 2000
346500, t, 1.902777e-02, KEe, 19005.681620, MEe, 3.167613603e+00, E, -2.000000, NP, 6000 2000
346600, t, 1.903326e-02, KEe, 19017.521096, MEe, 3.169586849e+00, E, -2.000000, NP, 6000 2000
346700, t, 1.903875e-02, KEe, 18983.967114, MEe, 3.163994519e+00, E, -2.000000, NP, 6000 2000
346800, t, 1.904424e-02, KEe, 19002.867685, MEe, 3.167144614e+00, E, -2.000000, NP, 6000 2000
346900, t, 1.904973e-02, KEe, 18978.132106, MEe, 3.163022018e+00, E, -2.000000, NP, 6000 2000
347000, t, 1.905522e-02, KEe, 19029.219296, MEe, 3.171536549e+00, E, -2.000000, NP, 6000 2000
347100, t, 1.906071e-02, KEe, 19015.628964, MEe, 3.169271494e+00, E, -2.000000, NP, 6000 2000
347200, t, 1.906621e-02, KEe, 18900.034950, MEe, 3.150005825e+00, E, -2.000000, NP, 6000 2000
347300, t, 1.907170e-02, KEe, 18950.117517, MEe, 3.158352919e+00, E, -2.000000, NP, 6000 2000
347400, t, 1.907719e-02, KEe, 18952.745778, MEe, 3.158790963e+00, E, -2.000000, NP, 6000 2000
347500, t, 1.908268e-02, KEe, 18960.190875, MEe, 3.160031813e+00, E, -2.000000, NP, 6000 2000
347600, t, 1.908817e-02, KEe, 18929.968077, MEe, 3.154994679e+00, E, -2.000000, NP, 6000 2000
347700, t, 1.909366e-02, KEe, 18931.305335, MEe, 3.155217556e+00, E, -2.000000, NP, 6000 2000
347800, t, 1.909915e-02, KEe, 18879.004494, MEe, 3.146500749e+00, E, -2.000000, NP, 6000 2000
347900, t, 1.910465e-02, KEe, 18829.559232, MEe, 3.138259872e+00, E, -2.000000, NP, 6000 2000
348000, t, 1.911014e-02, KEe, 18847.854254, MEe, 3.141309042e+00, E, -2.000000, NP, 6000 2000
348100, t, 1.911563e-02, KEe, 18862.667049, MEe, 3.143777842e+00, E, -2.000000, NP, 6000 2000
348200, t, 1.912112e-02, KEe, 18791.572911, MEe, 3.131928819e+00, E, -2.000000, NP, 6000 2000
348300, t, 1.912661e-02, KEe, 18761.188047, MEe, 3.126864675e+00, E, -2.000000, NP, 6000 2000
348400, t, 1.913210e-02, KEe, 18698.116275, MEe, 3.116352712e+00, E, -2.000000, NP, 6000 2000
348500, t, 1.913759e-02, KEe, 18646.972042, MEe, 3.107828674e+00, E, -2.000000, NP, 6000 2000
348600, t, 1.914309e-02, KEe, 18696.788476, MEe, 3.116131413e+00, E, -2.000000, NP, 6000 2000
348700, t, 1.914858e-02, KEe, 18650.101819, MEe, 3.108350303e+00, E, -2.000000, NP, 6000 2000
348800, t, 1.915407e-02, KEe, 18713.914443, MEe, 3.118985740e+00, E, -2.000000, NP, 6000 2000
348900, t, 1.915956e-02, KEe, 18775.997508, MEe, 3.129332918e+00, E, -2.000000, NP, 6000 2000
349000, t, 1.916505e-02, KEe, 18771.588858, MEe, 3.128598143e+00, E, -2.000000, NP, 6000 2000
349100, t, 1.917054e-02, KEe, 18797.186583, MEe, 3.132864431e+00, E, -2.000000, NP, 6000 2000
349200, t, 1.917603e-02, KEe, 18768.474886, MEe, 3.128079148e+00, E, -2.000000, NP, 6000 2000
349300, t, 1.918153e-02, KEe, 18744.648997, MEe, 3.124108166e+00, E, -2.000000, NP, 6000 2000
349400, t, 1.918702e-02, KEe, 18795.268811, MEe, 3.132544802e+00, E, -2.000000, NP, 6000 2000
349500, t, 1.919251e-02, KEe, 18749.496644, MEe, 3.124916107e+00, E, -2.000000, NP, 6000 2000
349600, t, 1.919800e-02, KEe, 18751.722186, MEe, 3.125287031e+00, E, -2.000000, NP, 6000 2000
349700, t, 1.920349e-02, KEe, 18821.713629, MEe, 3.136952271e+00, E, -2.000000, NP, 6000 2000
349800, t, 1.920898e-02, KEe, 18781.561657, MEe, 3.130260276e+00, E, -2.000000, NP, 6000 2000
349900, t, 1.921447e-02, KEe, 18830.603455, MEe, 3.138433909e+00, E, -2.000000, NP, 6000 2000
350000, t, 1.921997e-02, KEe, 18851.993831, MEe, 3.141998972e+00, E, -2.000000, NP, 6000 2000
350100, t, 1.922546e-02, KEe, 18828.228000, MEe, 3.138038000e+00, E, -2.000000, NP, 6000 2000
350200, t, 1.923095e-02, KEe, 18785.462115, MEe, 3.130910353e+00, E, -2.000000, NP, 6000 2000
350300, t, 1.923644e-02, KEe, 18775.296968, MEe, 3.129216161e+00, E, -2.000000, NP, 6000 2000
350400, t, 1.924193e-02, KEe, 18832.845088, MEe, 3.138807515e+00, E, -2.000000, NP, 6000 2000
350500, t, 1.924742e-02, KEe, 18787.721230, MEe, 3.131286872e+00, E, -2.000000, NP, 6000 2000
350600, t, 1.925291e-02, KEe, 18860.853830, MEe, 3.143475638e+00, E, -2.000000, NP, 6000 2000
350700, t, 1.925840e-02, KEe, 18851.043170, MEe, 3.141840528e+00, E, -2.000000, NP, 6000 2000
350800, t, 1.926390e-02, KEe, 18846.814837, MEe, 3.141135806e+00, E, -2.000000, NP, 6000 2000
350900, t, 1.926939e-02, KEe, 18845.142961, MEe, 3.140857160e+00, E, -2.000000, NP, 6000 2000
351000, t, 1.927488e-02, KEe, 18953.755815, MEe, 3.158959302e+00, E, -2.000000, NP, 6000 2000
351100, t, 1.928037e-02, KEe, 18833.523330, MEe, 3.138920555e+00, E, -2.000000, NP, 6000 2000
351200, t, 1.928586e-02, KEe, 18872.476255, MEe, 3.145412709e+00, E, -2.000000, NP, 6000 2000
351300, t, 1.929135e-02, KEe, 18837.451558, MEe, 3.139575260e+00, E, -2.000000, NP, 6000 2000
351400, t, 1.929684e-02, KEe, 18845.444770, MEe, 3.140907462e+00, E, -2.000000, NP, 6000 2000
351500, t, 1.930234e-02, KEe, 18894.599684, MEe, 3.149099947e+00, E, -2.000000, NP, 6000 2000
351600, t, 1.930783e-02, KEe, 18816.706892, MEe, 3.136117815e+00, E, -2.000000, NP, 6000 2000
351700, t, 1.931332e-02, KEe, 18888.357779, MEe, 3.148059630e+00, E, -2.000000, NP, 6000 2000
351800, t, 1.931881e-02, KEe, 18899.359906, MEe, 3.149893318e+00, E, -2.000000, NP, 6000 2000
351900, t, 1.932430e-02, KEe, 18889.089511, MEe, 3.148181585e+00, E, -2.000000, NP, 6000 2000
352000, t, 1.932979e-02, KEe, 18831.783330, MEe, 3.138630555e+00, E, -2.000000, NP, 6000 2000
352100, t, 1.933528e-02, KEe, 18849.196050, MEe, 3.141532675e+00, E, -2.000000, NP, 6000 2000
352200, t, 1.934078e-02, KEe, 18830.202795, MEe, 3.138367132e+00, E, -2.000000, NP, 6000 2000
352300, t, 1.934627e-02, KEe, 18854.579358, MEe, 3.142429893e+00, E, -2.000000, NP, 6000 2000
352400, t, 1.935176e-02, KEe, 18904.479062, MEe, 3.150746510e+00, E, -2.000000, NP, 6000 2000
352500, t, 1.935725e-02, KEe, 18930.695454, MEe, 3.155115909e+00, E, -2.000000, NP, 6000 2000
352600, t, 1.936274e-02, KEe, 18759.194649, MEe, 3.126532442e+00, E, -2.000000, NP, 6000 2000
352700, t, 1.936823e-02, KEe, 18809.321272, MEe, 3.134886879e+00, E, -2.000000, NP, 6000 2000
352800, t, 1.937372e-02, KEe, 18738.402258, MEe, 3.123067043e+00, E, -2.000000, NP, 6000 2000
352900, t, 1.937922e-02, KEe, 18717.087701, MEe, 3.119514617e+00, E, -2.000000, NP, 6000 2000
353000, t, 1.938471e-02, KEe, 18773.211781, MEe, 3.128868630e+00, E, -2.000000, NP, 6000 2000
353100, t, 1.939020e-02, KEe, 18779.433077, MEe, 3.129905513e+00, E, -2.000000, NP, 6000 2000
353200, t, 1.939569e-02, KEe, 18756.782333, MEe, 3.126130389e+00, E, -2.000000, NP, 6000 2000
353300, t, 1.940118e-02, KEe, 18781.533690, MEe, 3.130255615e+00, E, -2.000000, NP, 6000 2000
353400, t, 1.940667e-02, KEe, 18747.447557, MEe, 3.124574593e+00, E, -2.000000, NP, 6000 2000
353500, t, 1.941216e-02, KEe, 18671.918359, MEe, 3.111986393e+00, E, -2.000000, NP, 6000 2000
353600, t, 1.941766e-02, KEe, 18548.871267, MEe, 3.091478545e+00, E, -2.000000, NP, 6000 2000
353700, t, 1.942315e-02, KEe, 18599.389898, MEe, 3.099898316e+00, E, -2.000000, NP, 6000 2000
353800, t, 1.942864e-02, KEe, 18526.295171, MEe, 3.087715862e+00, E, -2.000000, NP, 6000 2000
353900, t, 1.943413e-02, KEe, 18516.087488, MEe, 3.086014581e+00, E, -2.000000, NP, 6000 2000
354000, t, 1.943962e-02, KEe, 18518.100833, MEe, 3.086350139e+00, E, -2.000000, NP, 6000 2000
354100, t, 1.944511e-02, KEe, 18611.995535, MEe, 3.101999256e+00, E, -2.000000, NP, 6000 2000
354200, t, 1.945060e-02, KEe, 18644.372516, MEe, 3.107395419e+00, E, -2.000000, NP, 6000 2000
354300, t, 1.945610e-02, KEe, 18550.686709, MEe, 3.091781118e+00, E, -2.000000, NP, 6000 2000
354400, t, 1.946159e-02, KEe, 18544.939433, MEe, 3.090823239e+00, E, -2.000000, NP, 6000 2000
354500, t, 1.946708e-02, KEe, 18541.992858, MEe, 3.090332143e+00, E, -2.000000, NP, 6000 2000
354600, t, 1.947257e-02, KEe, 18627.726351, MEe, 3.104621059e+00, E, -2.000000, NP, 6000 2000
354700, t, 1.947806e-02, KEe, 18769.939739, MEe, 3.128323290e+00, E, -2.000000, NP, 6000 2000
354800, t, 1.948355e-02, KEe, 18797.967204, MEe, 3.132994534e+00, E, -2.000000, NP, 6000 2000
354900, t, 1.948904e-02, KEe, 18784.785439, MEe, 3.130797573e+00, E, -2.000000, NP, 6000 2000
355000, t, 1.949454e-02, KEe, 18815.832942, MEe, 3.135972157e+00, E, -2.000000, NP, 6000 2000
355100, t, 1.950003e-02, KEe, 18848.157510, MEe, 3.141359585e+00, E, -2.000000, NP, 6000 2000
355200, t, 1.950552e-02, KEe, 18803.358910, MEe, 3.133893152e+00, E, -2.000000, NP, 6000 2000
355300, t, 1.951101e-02, KEe, 18874.950951, MEe, 3.145825158e+00, E, -2.000000, NP, 6000 2000
355400, t, 1.951650e-02, KEe, 18899.665067, MEe, 3.149944178e+00, E, -2.000000, NP, 6000 2000
355500, t, 1.952199e-02, KEe, 18914.079940, MEe, 3.152346657e+00, E, -2.000000, NP, 6000 2000
355600, t, 1.952748e-02, KEe, 19000.963335, MEe, 3.166827222e+00, E, -2.000000, NP, 6000 2000
355700, t, 1.953298e-02, KEe, 18902.299343, MEe, 3.150383224e+00, E, -2.000000, NP, 6000 2000
355800, t, 1.953847e-02, KEe, 18834.863268, MEe, 3.139143878e+00, E, -2.000000, NP, 6000 2000
355900, t, 1.954396e-02, KEe, 18902.939413, MEe, 3.150489902e+00, E, -2.000000, NP, 6000 2000
356000, t, 1.954945e-02, KEe, 18806.106272, MEe, 3.134351045e+00, E, -2.000000, NP, 6000 2000
356100, t, 1.955494e-02, KEe, 18785.559734, MEe, 3.130926622e+00, E, -2.000000, NP, 6000 2000
356200, t, 1.956043e-02, KEe, 18755.727994, MEe, 3.125954666e+00, E, -2.000000, NP, 6000 2000
356300, t, 1.956592e-02, KEe, 18743.604420, MEe, 3.123934070e+00, E, -2.000000, NP, 6000 2000
356400, t, 1.957142e-02, KEe, 18717.956887, MEe, 3.119659481e+00, E, -2.000000, NP, 6000 2000
356500, t, 1.957691e-02, KEe, 18660.799084, MEe, 3.110133181e+00, E, -2.000000, NP, 6000 2000
356600, t, 1.958240e-02, KEe, 18680.314802, MEe, 3.113385800e+00, E, -2.000000, NP, 6000 2000
356700, t, 1.958789e-02, KEe, 18710.686984, MEe, 3.118447831e+00, E, -2.000000, NP, 6000 2000
356800, t, 1.959338e-02, KEe, 18728.605571, MEe, 3.121434262e+00, E, -2.000000, NP, 6000 2000
356900, t, 1.959887e-02, KEe, 18789.215543, MEe, 3.131535924e+00, E, -2.000000, NP, 6000 2000
357000, t, 1.960436e-02, KEe, 18886.319275, MEe, 3.147719879e+00, E, -2.000000, NP, 6000 2000
357100, t, 1.960986e-02, KEe, 18894.346804, MEe, 3.149057801e+00, E, -2.000000, NP, 6000 2000
357200, t, 1.961535e-02, KEe, 18817.141222, MEe, 3.136190204e+00, E, -2.000000, NP, 6000 2000
357300, t, 1.962084e-02, KEe, 18815.647756, MEe, 3.135941293e+00, E, -2.000000, NP, 6000 2000
357400, t, 1.962633e-02, KEe, 18789.208921, MEe, 3.131534820e+00, E, -2.000000, NP, 6000 2000
357500, t, 1.963182e-02, KEe, 18784.621839, MEe, 3.130770307e+00, E, -2.000000, NP, 6000 2000
357600, t, 1.963731e-02, KEe, 18816.011460, MEe, 3.136001910e+00, E, -2.000000, NP, 6000 2000
357700, t, 1.964280e-02, KEe, 18823.295868, MEe, 3.137215978e+00, E, -2.000000, NP, 6000 2000
357800, t, 1.964830e-02, KEe, 18813.986856, MEe, 3.135664476e+00, E, -2.000000, NP, 6000 2000
357900, t, 1.965379e-02, KEe, 18835.406769, MEe, 3.139234462e+00, E, -2.000000, NP, 6000 2000
358000, t, 1.965928e-02, KEe, 18937.300053, MEe, 3.156216675e+00, E, -2.000000, NP, 6000 2000
358100, t, 1.966477e-02, KEe, 18970.769511, MEe, 3.161794918e+00, E, -2.000000, NP, 6000 2000
358200, t, 1.967026e-02, KEe, 18957.296449, MEe, 3.159549408e+00, E, -2.000000, NP, 6000 2000
358300, t, 1.967575e-02, KEe, 18910.568063, MEe, 3.151761344e+00, E, -2.000000, NP, 6000 2000
358400, t, 1.968124e-02, KEe, 18926.735764, MEe, 3.154455961e+00, E, -2.000000, NP, 6000 2000
358500, t, 1.968674e-02, KEe, 19032.839464, MEe, 3.172139911e+00, E, -2.000000, NP, 6000 2000
358600, t, 1.969223e-02, KEe, 19004.882025, MEe, 3.167480337e+00, E, -2.000000, NP, 6000 2000
358700, t, 1.969772e-02, KEe, 18957.530310, MEe, 3.159588385e+00, E, -2.000000, NP, 6000 2000
358800, t, 1.970321e-02, KEe, 18933.531518, MEe, 3.155588586e+00, E, -2.000000, NP, 6000 2000
358900, t, 1.970870e-02, KEe, 18932.985227, MEe, 3.155497538e+00, E, -2.000000, NP, 6000 2000
359000, t, 1.971419e-02, KEe, 18946.080681, MEe, 3.157680113e+00, E, -2.000000, NP, 6000 2000
359100, t, 1.971968e-02, KEe, 18920.759706, MEe, 3.153459951e+00, E, -2.000000, NP, 6000 2000
359200, t, 1.972518e-02, KEe, 18947.715175, MEe, 3.157952529e+00, E, -2.000000, NP, 6000 2000
359300, t, 1.973067e-02, KEe, 18960.353252, MEe, 3.160058875e+00, E, -2.000000, NP, 6000 2000
359400, t, 1.973616e-02, KEe, 19023.630303, MEe, 3.170605050e+00, E, -2.000000, NP, 6000 2000
359500, t, 1.974165e-02, KEe, 18972.854809, MEe, 3.162142468e+00, E, -2.000000, NP, 6000 2000
359600, t, 1.974714e-02, KEe, 19005.186723, MEe, 3.167531121e+00, E, -2.000000, NP, 6000 2000
359700, t, 1.975263e-02, KEe, 19047.547052, MEe, 3.174591175e+00, E, -2.000000, NP, 6000 2000
359800, t, 1.975812e-02, KEe, 18952.066867, MEe, 3.158677811e+00, E, -2.000000, NP, 6000 2000
359900, t, 1.976362e-02, KEe, 18968.915145, MEe, 3.161485858e+00, E, -2.000000, NP, 6000 2000
360000, t, 1.976911e-02, KEe, 18839.252715, MEe, 3.139875452e+00, E, -2.000000, NP, 6000 2000
360100, t, 1.977460e-02, KEe, 18971.787654, MEe, 3.161964609e+00, E, -2.000000, NP, 6000 2000
360200, t, 1.978009e-02, KEe, 19005.201751, MEe, 3.167533625e+00, E, -2.000000, NP, 6000 2000
360300, t, 1.978558e-02, KEe, 18921.415298, MEe, 3.153569216e+00, E, -2.000000, NP, 6000 2000
360400, t, 1.979107e-02, KEe, 18902.942227, MEe, 3.150490371e+00, E, -2.000000, NP, 6000 2000
360500, t, 1.979656e-02, KEe, 18895.351012, MEe, 3.149225169e+00, E, -2.000000, NP, 6000 2000
360600, t, 1.980206e-02, KEe, 18895.309864, MEe, 3.149218311e+00, E, -2.000000, NP, 6000 2000
360700, t, 1.980755e-02, KEe, 18864.345746, MEe, 3.144057624e+00, E, -2.000000, NP, 6000 2000
360800, t, 1.981304e-02, KEe, 18797.757032, MEe, 3.132959505e+00, E, -2.000000, NP, 6000 2000
360900, t, 1.981853e-02, KEe, 18767.086638, MEe, 3.127847773e+00, E, -2.000000, NP, 6000 2000
361000, t, 1.982402e-02, KEe, 18758.125103, MEe, 3.126354184e+00, E, -2.000000, NP, 6000 2000
361100, t, 1.982951e-02, KEe, 18788.035297, MEe, 3.131339216e+00, E, -2.000000, NP, 6000 2000
361200, t, 1.983500e-02, KEe, 18857.607584, MEe, 3.142934597e+00, E, -2.000000, NP, 6000 2000
361300, t, 1.984050e-02, KEe, 18904.229804, MEe, 3.150704967e+00, E, -2.000000, NP, 6000 2000
361400, t, 1.984599e-02, KEe, 18870.696994, MEe, 3.145116166e+00, E, -2.000000, NP, 6000 2000
361500, t, 1.985148e-02, KEe, 18880.205980, MEe, 3.146700997e+00, E, -2.000000, NP, 6000 2000
361600, t, 1.985697e-02, KEe, 18830.430206, MEe, 3.138405034e+00, E, -2.000000, NP, 6000 2000
361700, t, 1.986246e-02, KEe, 18851.922391, MEe, 3.141987065e+00, E, -2.000000, NP, 6000 2000
361800, t, 1.986795e-02, KEe, 18845.511119, MEe, 3.140918520e+00, E, -2.000000, NP, 6000 2000
361900, t, 1.987344e-02, KEe, 18857.357140, MEe, 3.142892857e+00, E, -2.000000, NP, 6000 2000
362000, t, 1.987894e-02, KEe, 18875.213912, MEe, 3.145868985e+00, E, -2.000000, NP, 6000 2000
362100, t, 1.988443e-02, KEe, 18862.513332, MEe, 3.143752222e+00, E, -2.000000, NP, 6000 2000
362200, t, 1.988992e-02, KEe, 18825.171194, MEe, 3.137528532e+00, E, -2.000000, NP, 6000 2000
362300, t, 1.989541e-02, KEe, 18780.335267, MEe, 3.130055878e+00, E, -2.000000, NP, 6000 2000
362400, t, 1.990090e-02, KEe, 18781.791689, MEe, 3.130298615e+00, E, -2.000000, NP, 6000 2000
362500, t, 1.990639e-02, KEe, 18794.270319, MEe, 3.132378386e+00, E, -2.000000, NP, 6000 2000
362600, t, 1.991188e-02, KEe, 18742.058853, MEe, 3.123676475e+00, E, -2.000000, NP, 6000 2000
362700, t, 1.991738e-02, KEe, 18719.574898, MEe, 3.119929150e+00, E, -2.000000, NP, 6000 2000
362800, t, 1.992287e-02, KEe, 18787.358795, MEe, 3.131226466e+00, E, -2.000000, NP, 6000 2000
362900, t, 1.992836e-02, KEe, 18671.937829, MEe, 3.111989638e+00, E, -2.000000, NP, 6000 2000
363000, t, 1.993385e-02, KEe, 18682.432403, MEe, 3.113738734e+00, E, -2.000000, NP, 6000 2000
363100, t, 1.993934e-02, KEe, 18775.205022, MEe, 3.129200837e+00, E, -2.000000, NP, 6000 2000
363200, t, 1.994483e-02, KEe, 18684.776387, MEe, 3.114129398e+00, E, -2.000000, NP, 6000 2000
363300, t, 1.995032e-02, KEe, 18681.182920, MEe, 3.113530487e+00, E, -2.000000, NP, 6000 2000
363400, t, 1.995582e-02, KEe, 18654.663630, MEe, 3.109110605e+00, E, -2.000000, NP, 6000 2000
363500, t, 1.996131e-02, KEe, 18670.311494, MEe, 3.111718582e+00, E, -2.000000, NP, 6000 2000
363600, t, 1.996680e-02, KEe, 18634.970950, MEe, 3.105828492e+00, E, -2.000000, NP, 6000 2000
363700, t, 1.997229e-02, KEe, 18757.317825, MEe, 3.126219637e+00, E, -2.000000, NP, 6000 2000
363800, t, 1.997778e-02, KEe, 18772.967121, MEe, 3.128827853e+00, E, -2.000000, NP, 6000 2000
363900, t, 1.998327e-02, KEe, 18774.083484, MEe, 3.129013914e+00, E, -2.000000, NP, 6000 2000
364000, t, 1.998876e-02, KEe, 18804.051348, MEe, 3.134008558e+00, E, -2.000000, NP, 6000 2000
364100, t, 1.999426e-02, KEe, 18733.037314, MEe, 3.122172886e+00, E, -2.000000, NP, 6000 2000
364200, t, 1.999975e-02, KEe, 18675.524489, MEe, 3.112587415e+00, E, -2.000000, NP, 6000 2000
364300, t, 2.000524e-02, KEe, 18756.877632, MEe, 3.126146272e+00, E, -2.000000, NP, 6000 2000
364400, t, 2.001073e-02, KEe, 18752.155968, MEe, 3.125359328e+00, E, -2.000000, NP, 6000 2000
364500, t, 2.001622e-02, KEe, 18737.767310, MEe, 3.122961218e+00, E, -2.000000, NP, 6000 2000
364600, t, 2.002171e-02, KEe, 18714.407225, MEe, 3.119067871e+00, E, -2.000000, NP, 6000 2000
364700, t, 2.002720e-02, KEe, 18666.462265, MEe, 3.111077044e+00, E, -2.000000, NP, 6000 2000
364800, t, 2.003270e-02, KEe, 18643.626754, MEe, 3.107271126e+00, E, -2.000000, NP, 6000 2000
364900, t, 2.003819e-02, KEe, 18754.213560, MEe, 3.125702260e+00, E, -2.000000, NP, 6000 2000
365000, t, 2.004368e-02, KEe, 18720.007686, MEe, 3.120001281e+00, E, -2.000000, NP, 6000 2000
365100, t, 2.004917e-02, KEe, 18719.932930, MEe, 3.119988822e+00, E, -2.000000, NP, 6000 2000
365200, t, 2.005466e-02, KEe, 18712.807708, MEe, 3.118801285e+00, E, -2.000000, NP, 6000 2000
365300, t, 2.006015e-02, KEe, 18767.302895, MEe, 3.127883816e+00, E, -2.000000, NP, 6000 2000
365400, t, 2.006564e-02, KEe, 18781.521324, MEe, 3.130253554e+00, E, -2.000000, NP, 6000 2000
365500, t, 2.007113e-02, KEe, 18850.222148, MEe, 3.141703691e+00, E, -2.000000, NP, 6000 2000
365600, t, 2.007663e-02, KEe, 18750.164198, MEe, 3.125027366e+00, E, -2.000000, NP, 6000 2000
365700, t, 2.008212e-02, KEe, 18846.886338, MEe, 3.141147723e+00, E, -2.000000, NP, 6000 2000
365800, t, 2.008761e-02, KEe, 18904.308642, MEe, 3.150718107e+00, E, -2.000000, NP, 6000 2000
365900, t, 2.009310e-02, KEe, 18929.071925, MEe, 3.154845321e+00, E, -2.000000, NP, 6000 2000
366000, t, 2.009859e-02, KEe, 18887.202413, MEe, 3.147867069e+00, E, -2.000000, NP, 6000 2000
366100, t, 2.010408e-02, KEe, 18798.742109, MEe, 3.133123685e+00, E, -2.000000, NP, 6000 2000
366200, t, 2.010957e-02, KEe, 18830.227517, MEe, 3.138371253e+00, E, -2.000000, NP, 6000 2000
366300, t, 2.011507e-02, KEe, 18777.363817, MEe, 3.129560636e+00, E, -2.000000, NP, 6000 2000
366400, t, 2.012056e-02, KEe, 18818.769699, MEe, 3.136461617e+00, E, -2.000000, NP, 6000 2000
366500, t, 2.012605e-02, KEe, 18696.989222, MEe, 3.116164870e+00, E, -2.000000, NP, 6000 2000
366600, t, 2.013154e-02, KEe, 18701.258050, MEe, 3.116876342e+00, E, -2.000000, NP, 6000 2000
366700, t, 2.013703e-02, KEe, 18735.154560, MEe, 3.122525760e+00, E, -2.000000, NP, 6000 2000
366800, t, 2.014252e-02, KEe, 18711.155151, MEe, 3.118525858e+00, E, -2.000000, NP, 6000 2000
366900, t, 2.014801e-02, KEe, 18736.527620, MEe, 3.122754603e+00, E, -2.000000, NP, 6000 2000
367000, t, 2.015351e-02, KEe, 18712.110008, MEe, 3.118685001e+00, E, -2.000000, NP, 6000 2000
367100, t, 2.015900e-02, KEe, 18754.489838, MEe, 3.125748306e+00, E, -2.000000, NP, 6000 2000
367200, t, 2.016449e-02, KEe, 18828.220614, MEe, 3.138036769e+00, E, -2.000000, NP, 6000 2000
367300, t, 2.016998e-02, KEe, 18891.470758, MEe, 3.148578460e+00, E, -2.000000, NP, 6000 2000
367400, t, 2.017547e-02, KEe, 18852.983864, MEe, 3.142163977e+00, E, -2.000000, NP, 6000 2000
367500, t, 2.018096e-02, KEe, 18814.958334, MEe, 3.135826389e+00, E, -2.000000, NP, 6000 2000
367600, t, 2.018645e-02, KEe, 18860.552596, MEe, 3.143425433e+00, E, -2.000000, NP, 6000 2000
367700, t, 2.019195e-02, KEe, 18873.815303, MEe, 3.145635884e+00, E, -2.000000, NP, 6000 2000
367800, t, 2.019744e-02, KEe, 18855.159901, MEe, 3.142526650e+00, E, -2.000000, NP, 6000 2000
367900, t, 2.020293e-02, KEe, 18777.294476, MEe, 3.129549079e+00, E, -2.000000, NP, 6000 2000
368000, t, 2.020842e-02, KEe, 18726.248937, MEe, 3.121041490e+00, E, -2.000000, NP, 6000 2000
368100, t, 2.021391e-02, KEe, 18762.399241, MEe, 3.127066540e+00, E, -2.000000, NP, 6000 2000
368200, t, 2.021940e-02, KEe, 18741.720958, MEe, 3.123620160e+00, E, -2.000000, NP, 6000 2000
368300, t, 2.022489e-02, KEe, 18754.721312, MEe, 3.125786885e+00, E, -2.000000, NP, 6000 2000
368400, t, 2.023039e-02, KEe, 18778.387279, MEe, 3.129731213e+00, E, -2.000000, NP, 6000 2000
368500, t, 2.023588e-02, KEe, 18783.411406, MEe, 3.130568568e+00, E, -2.000000, NP, 6000 2000
368600, t, 2.024137e-02, KEe, 18740.633536, MEe, 3.123438923e+00, E, -2.000000, NP, 6000 2000
368700, t, 2.024686e-02, KEe, 18784.381514, MEe, 3.130730252e+00, E, -2.000000, NP, 6000 2000
368800, t, 2.025235e-02, KEe, 18801.440828, MEe, 3.133573471e+00, E, -2.000000, NP, 6000 2000
368900, t, 2.025784e-02, KEe, 18779.377847, MEe, 3.129896308e+00, E, -2.000000, NP, 6000 2000
369000, t, 2.026333e-02, KEe, 18677.844860, MEe, 3.112974143e+00, E, -2.000000, NP, 6000 2000
369100, t, 2.026883e-02, KEe, 18688.463669, MEe, 3.114743945e+00, E, -2.000000, NP, 6000 2000
369200, t, 2.027432e-02, KEe, 18762.168640, MEe, 3.127028107e+00, E, -2.000000, NP, 6000 2000
369300, t, 2.027981e-02, KEe, 18734.765713, MEe, 3.122460952e+00, E, -2.000000, NP, 6000 2000
369400, t, 2.028530e-02, KEe, 18698.880047, MEe, 3.116480008e+00, E, -2.000000, NP, 6000 2000
369500, t, 2.029079e-02, KEe, 18696.766612, MEe, 3.116127769e+00, E, -2.000000, NP, 6000 2000
369600, t, 2.029628e-02, KEe, 18614.667194, MEe, 3.102444532e+00, E, -2.000000, NP, 6000 2000
369700, t, 2.030177e-02, KEe, 18660.148734, MEe, 3.110024789e+00, E, -2.000000, NP, 6000 2000
369800, t, 2.030727e-02, KEe, 18596.200642, MEe, 3.099366774e+00, E, -2.000000, NP, 6000 2000
369900, t, 2.031276e-02, KEe, 18572.881950, MEe, 3.095480325e+00, E, -2.000000, NP, 6000 2000
370000, t, 2.031825e-02, KEe, 18584.095887, MEe, 3.097349314e+00, E, -2.000000, NP, 6000 2000
370100, t, 2.032374e-02, KEe, 18654.831359, MEe, 3.109138560e+00, E, -2.000000, NP, 6000 2000
370200, t, 2.032923e-02, KEe, 18668.495560, MEe, 3.111415927e+00, E, -2.000000, NP, 6000 2000
370300, t, 2.033472e-02, KEe, 18591.809857, MEe, 3.098634976e+00, E, -2.000000, NP, 6000 2000
370400, t, 2.034021e-02, KEe, 18567.683945, MEe, 3.094613991e+00, E, -2.000000, NP, 6000 2000
370500, t, 2.034571e-02, KEe, 18606.662656, MEe, 3.101110443e+00, E, -2.000000, NP, 6000 2000
370600, t, 2.035120e-02, KEe, 18610.665183, MEe, 3.101777530e+00, E, -2.000000, NP, 6000 2000
370700, t, 2.035669e-02, KEe, 18609.841795, MEe, 3.101640299e+00, E, -2.000000, NP, 6000 2000
370800, t, 2.036218e-02, KEe, 18699.012740, MEe, 3.116502123e+00, E, -2.000000, NP, 6000 2000
370900, t, 2.036767e-02, KEe, 18721.369504, MEe, 3.120228251e+00, E, -2.000000, NP, 6000 2000
371000, t, 2.037316e-02, KEe, 18746.383828, MEe, 3.124397305e+00, E, -2.000000, NP, 6000 2000
371100, t, 2.037865e-02, KEe, 18786.557752, MEe, 3.131092959e+00, E, -2.000000, NP, 6000 2000
371200, t, 2.038415e-02, KEe, 18876.113274, MEe, 3.146018879e+00, E, -2.000000, NP, 6000 2000
371300, t, 2.038964e-02, KEe, 18859.612889, MEe, 3.143268815e+00, E, -2.000000, NP, 6000 2000
371400, t, 2.039513e-02, KEe, 18882.908289, MEe, 3.147151381e+00, E, -2.000000, NP, 6000 2000
371500, t, 2.040062e-02, KEe, 18853.307145, MEe, 3.142217858e+00, E, -2.000000, NP, 6000 2000
371600, t, 2.040611e-02, KEe, 18879.939497, MEe, 3.146656583e+00, E, -2.000000, NP, 6000 2000
371700, t, 2.041160e-02, KEe, 18939.271901, MEe, 3.156545317e+00, E, -2.000000, NP, 6000 2000
371800, t, 2.041709e-02, KEe, 18949.547613, MEe, 3.158257936e+00, E, -2.000000, NP, 6000 2000
371900, t, 2.042259e-02, KEe, 18905.062886, MEe, 3.150843814e+00, E, -2.000000, NP, 6000 2000
372000, t, 2.042808e-02, KEe, 18870.116818, MEe, 3.145019470e+00, E, -2.000000, NP, 6000 2000
372100, t, 2.043357e-02, KEe, 18899.471063, MEe, 3.149911844e+00, E, -2.000000, NP, 6000 2000
372200, t, 2.043906e-02, KEe, 18917.633833, MEe, 3.152938972e+00, E, -2.000000, NP, 6000 2000
372300, t, 2.044455e-02, KEe, 18914.382924, MEe, 3.152397154e+00, E, -2.000000, NP, 6000 2000
372400, t, 2.045004e-02, KEe, 18875.368992, MEe, 3.145894832e+00, E, -2.000000, NP, 6000 2000
372500, t, 2.045553e-02, KEe, 19020.128813, MEe, 3.170021469e+00, E, -2.000000, NP, 6000 2000
372600, t, 2.046103e-02, KEe, 18987.369974, MEe, 3.164561662e+00, E, -2.000000, NP, 6000 2000
372700, t, 2.046652e-02, KEe, 19008.562756, MEe, 3.168093793e+00, E, -2.000000, NP, 6000 2000
372800, t, 2.047201e-02, KEe, 19002.029905, MEe, 3.167004984e+00, E, -2.000000, NP, 6000 2000
372900, t, 2.047750e-02, KEe, 18961.684521, MEe, 3.160280754e+00, E, -2.000000, NP, 6000 2000
373000, t, 2.048299e-02, KEe, 18971.165598, MEe, 3.161860933e+00, E, -2.000000, NP, 6000 2000
373100, t, 2.048848e-02, KEe, 19026.202786, MEe, 3.171033798e+00, E, -2.000000, NP, 6000 2000
373200, t, 2.049397e-02, KEe, 18974.234215, MEe, 3.162372369e+00, E, -2.000000, NP, 6000 2000
373300, t, 2.049947e-02, KEe, 18918.884171, MEe, 3.153147362e+00, E, -2.000000, NP, 6000 2000
373400, t, 2.050496e-02, KEe, 18878.194077, MEe, 3.146365679e+00, E, -2.000000, NP, 6000 2000
373500, t, 2.051045e-02, KEe, 18862.004771, MEe, 3.143667462e+00, E, -2.000000, NP, 6000 2000
373600, t, 2.051594e-02, KEe, 18853.042020, MEe, 3.142173670e+00, E, -2.000000, NP, 6000 2000
373700, t, 2.052143e-02, KEe, 18863.890312, MEe, 3.143981719e+00, E, -2.000000, NP, 6000 2000
373800, t, 2.052692e-02, KEe, 19042.250995, MEe, 3.173708499e+00, E, -2.000000, NP, 6000 2000
373900, t, 2.053241e-02, KEe, 19024.612716, MEe, 3.170768786e+00, E, -2.000000, NP, 6000 2000
374000, t, 2.053791e-02, KEe, 18923.588979, MEe, 3.153931496e+00, E, -2.000000, NP, 6000 2000
374100, t, 2.054340e-02, KEe, 18812.158421, MEe, 3.135359737e+00, E, -2.000000, NP, 6000 2000
374200, t, 2.054889e-02, KEe, 18786.239448, MEe, 3.131039908e+00, E, -2.000000, NP, 6000 2000
374300, t, 2.055438e-02, KEe, 18785.755893, MEe, 3.130959316e+00, E, -2.000000, NP, 6000 2000
374400, t, 2.055987e-02, KEe, 18709.159036, MEe, 3.118193173e+00, E, -2.000000, NP, 6000 2000
374500, t, 2.056536e-02, KEe, 18778.884273, MEe, 3.129814046e+00, E, -2.000000, NP, 6000 2000
374600, t, 2.057085e-02, KEe, 18770.067146, MEe, 3.128344524e+00, E, -2.000000, NP, 6000 2000
374700, t, 2.057635e-02, KEe, 18785.077963, MEe, 3.130846327e+00, E, -2.000000, NP, 6000 2000
374800, t, 2.058184e-02, KEe, 18840.157702, MEe, 3.140026284e+00, E, -2.000000, NP, 6000 2000
374900, t, 2.058733e-02, KEe, 18769.794683, MEe, 3.128299114e+00, E, -2.000000, NP, 6000 2000
375000, t, 2.059282e-02, KEe, 18746.402964, MEe, 3.124400494e+00, E, -2.000000, NP, 6000 2000
375100, t, 2.059831e-02, KEe, 18704.315783, MEe, 3.117385964e+00, E, -2.000000, NP, 6000 2000
375200, t, 2.060380e-02, KEe, 18821.512543, MEe, 3.136918757e+00, E, -2.000000, NP, 6000 2000
375300, t, 2.060929e-02, KEe, 18812.112599, MEe, 3.135352100e+00, E, -2.000000, NP, 6000 2000
375400, t, 2.061479e-02, KEe, 18795.945017, MEe, 3.132657503e+00, E, -2.000000, NP, 6000 2000
375500, t, 2.062028e-02, KEe, 18767.158973, MEe, 3.127859829e+00, E, -2.000000, NP, 6000 2000
375600, t, 2.062577e-02, KEe, 18790.708017, MEe, 3.131784670e+00, E, -2.000000, NP, 6000 2000
375700, t, 2.063126e-02, KEe, 18811.754556, MEe, 3.135292426e+00, E, -2.000000, NP, 6000 2000
375800, t, 2.063675e-02, KEe, 18896.613327, MEe, 3.149435554e+00, E, -2.000000, NP, 6000 2000
375900, t, 2.064224e-02, KEe, 18907.160037, MEe, 3.151193340e+00, E, -2.000000, NP, 6000 2000
376000, t, 2.064773e-02, KEe, 18827.652471, MEe, 3.137942079e+00, E, -2.000000, NP, 6000 2000
376100, t, 2.065323e-02, KEe, 18852.141508, MEe, 3.142023585e+00, E, -2.000000, NP, 6000 2000
376200, t, 2.065872e-02, KEe, 18850.220085, MEe, 3.141703347e+00, E, -2.000000, NP, 6000 2000
376300, t, 2.066421e-02, KEe, 18866.134584, MEe, 3.144355764e+00, E, -2.000000, NP, 6000 2000
376400, t, 2.066970e-02, KEe, 18859.749179, MEe, 3.143291530e+00, E, -2.000000, NP, 6000 2000
376500, t, 2.067519e-02, KEe, 18876.253347, MEe, 3.146042224e+00, E, -2.000000, NP, 6000 2000
376600, t, 2.068068e-02, KEe, 18840.102875, MEe, 3.140017146e+00, E, -2.000000, NP, 6000 2000
376700, t, 2.068617e-02, KEe, 18806.311514, MEe, 3.134385252e+00, E, -2.000000, NP, 6000 2000
376800, t, 2.069167e-02, KEe, 18849.709569, MEe, 3.141618261e+00, E, -2.000000, NP, 6000 2000
376900, t, 2.069716e-02, KEe, 18824.115834, MEe, 3.137352639e+00, E, -2.000000, NP, 6000 2000
377000, t, 2.070265e-02, KEe, 18738.143948, MEe, 3.123023991e+00, E, -2.000000, NP, 6000 2000
377100, t, 2.070814e-02, KEe, 18708.356702, MEe, 3.118059450e+00, E, -2.000000, NP, 6000 2000
377200, t, 2.071363e-02, KEe, 18694.024430, MEe, 3.115670738e+00, E, -2.000000, NP, 6000 2000
377300, t, 2.071912e-02, KEe, 18643.494997, MEe, 3.107249166e+00, E, -2.000000, NP, 6000 2000
377400, t, 2.072461e-02, KEe, 18651.909418, MEe, 3.108651570e+00, E, -2.000000, NP, 6000 2000
377500, t, 2.073011e-02, KEe, 18705.031629, MEe, 3.117505272e+00, E, -2.000000, NP, 6000 2000
377600, t, 2.073560e-02, KEe, 18746.451156, MEe, 3.124408526e+00, E, -2.000000, NP, 6000 2000
377700, t, 2.074109e-02, KEe, 18718.859867, MEe, 3.119809978e+00, E, -2.000000, NP, 6000 2000
377800, t, 2.074658e-02, KEe, 18675.613694, MEe, 3.112602282e+00, E, -2.000000, NP, 6000 2000
377900, t, 2.075207e-02, KEe, 18678.910928, MEe, 3.113151821e+00, E, -2.000000, NP, 6000 2000
378000, t, 2.075756e-02, KEe, 18620.882879, MEe, 3.103480480e+00, E, -2.000000, NP, 6000 2000
378100, t, 2.076305e-02, KEe, 18639.572921, MEe, 3.106595487e+00, E, -2.000000, NP, 6000 2000
378200, t, 2.076855e-02, KEe, 18801.297481, MEe, 3.133549580e+00, E, -2.000000, NP, 6000 2000
378300, t, 2.077404e-02, KEe, 18671.225626, MEe, 3.111870938e+00, E, -2.000000, NP, 6000 2000
378400, t, 2.077953e-02, KEe, 18643.696732, MEe, 3.107282789e+00, E, -2.000000, NP, 6000 2000
378500, t, 2.078502e-02, KEe, 18631.972595, MEe, 3.105328766e+00, E, -2.000000, NP, 6000 2000
378600, t, 2.079051e-02, KEe, 18658.226843, MEe, 3.109704474e+00, E, -2.000000, NP, 6000 2000
378700, t, 2.079600e-02, KEe, 18668.289121, MEe, 3.111381520e+00, E, -2.000000, NP, 6000 2000
378800, t, 2.080149e-02, KEe, 18747.482762, MEe, 3.124580460e+00, E, -2.000000, NP, 6000 2000
378900, t, 2.080699e-02, KEe, 18883.748386, MEe, 3.147291398e+00, E, -2.000000, NP, 6000 2000
379000, t, 2.081248e-02, KEe, 18885.056362, MEe, 3.147509394e+00, E, -2.000000, NP, 6000 2000
379100, t, 2.081797e-02, KEe, 18862.091763, MEe, 3.143681961e+00, E, -2.000000, NP, 6000 2000
379200, t, 2.082346e-02, KEe, 18876.665822, MEe, 3.146110970e+00, E, -2.000000, NP, 6000 2000
379300, t, 2.082895e-02, KEe, 18914.509527, MEe, 3.152418254e+00, E, -2.000000, NP, 6000 2000
379400, t, 2.083444e-02, KEe, 18915.241509, MEe, 3.152540252e+00, E, -2.000000, NP, 6000 2000
379500, t, 2.083993e-02, KEe, 18991.238560, MEe, 3.165206427e+00, E, -2.000000, NP, 6000 2000
379600, t, 2.084542e-02, KEe, 19017.360210, MEe, 3.169560035e+00, E, -2.000000, NP, 6000 2000
379700, t, 2.085092e-02, KEe, 19017.614440, MEe, 3.169602407e+00, E, -2.000000, NP, 6000 2000
379800, t, 2.085641e-02, KEe, 18962.765704, MEe, 3.160460951e+00, E, -2.000000, NP, 6000 2000
379900, t, 2.086190e-02, KEe, 19065.295103, MEe, 3.177549184e+00, E, -2.000000, NP, 6000 2000
380000, t, 2.086739e-02, KEe, 19101.133014, MEe, 3.183522169e+00, E, -2.000000, NP, 6000 2000
380100, t, 2.087288e-02, KEe, 19049.604737, MEe, 3.174934123e+00, E, -2.000000, NP, 6000 2000
380200, t, 2.087837e-02, KEe, 19095.387805, MEe, 3.182564634e+00, E, -2.000000, NP, 6000 2000
380300, t, 2.088386e-02, KEe, 19131.347105, MEe, 3.188557851e+00, E, -2.000000, NP, 6000 2000
380400, t, 2.088936e-02, KEe, 19083.003124, MEe, 3.180500521e+00, E, -2.000000, NP, 6000 2000
380500, t, 2.089485e-02, KEe, 19120.518754, MEe, 3.186753126e+00, E, -2.000000, NP, 6000 2000
380600, t, 2.090034e-02, KEe, 19107.968175, MEe, 3.184661363e+00, E, -2.000000, NP, 6000 2000
380700, t, 2.090583e-02, KEe, 19185.357020, MEe, 3.197559503e+00, E, -2.000000, NP, 6000 2000
380800, t, 2.091132e-02, KEe, 19216.623611, MEe, 3.202770602e+00, E, -2.000000, NP, 6000 2000
380900, t, 2.091681e-02, KEe, 19284.236271, MEe, 3.214039378e+00, E, -2.000000, NP, 6000 2000
381000, t, 2.092230e-02, KEe, 19228.159985, MEe, 3.204693331e+00, E, -2.000000, NP, 6000 2000
381100, t, 2.092780e-02, KEe, 19252.299711, MEe, 3.208716619e+00, E, -2.000000, NP, 6000 2000
381200, t, 2.093329e-02, KEe, 19207.532654, MEe, 3.201255442e+00, E, -2.000000, NP, 6000 2000
381300, t, 2.093878e-02, KEe, 19212.552189, MEe, 3.202092032e+00, E, -2.000000, NP, 6000 2000
381400, t, 2.094427e-02, KEe, 19238.457094, MEe, 3.206409516e+00, E, -2.000000, NP, 6000 2000
381500, t, 2.094976e-02, KEe, 19320.534184, MEe, 3.220089031e+00, E, -2.000000, NP, 6000 2000
381600, t, 2.095525e-02, KEe, 19308.913821, MEe, 3.218152303e+00, E, -2.000000, NP, 6000 2000
381700, t, 2.096074e-02, KEe, 19309.137250, MEe, 3.218189542e+00, E, -2.000000, NP, 6000 2000
381800, t, 2.096624e-02, KEe, 19280.398603, MEe, 3.213399767e+00, E, -2.000000, NP, 6000 2000
381900, t, 2.097173e-02, KEe, 19201.255047, MEe, 3.200209175e+00, E, -2.000000, NP, 6000 2000
382000, t, 2.097722e-02, KEe, 19239.668979, MEe, 3.206611496e+00, E, -2.000000, NP, 6000 2000
382100, t, 2.098271e-02, KEe, 19197.609431, MEe, 3.199601572e+00, E, -2.000000, NP, 6000 2000
382200, t, 2.098820e-02, KEe, 19197.377985, MEe, 3.199562998e+00, E, -2.000000, NP, 6000 2000
382300, t, 2.099369e-02, KEe, 19204.392918, MEe, 3.200732153e+00, E, -2.000000, NP, 6000 2000
382400, t, 2.099918e-02, KEe, 19180.093050, MEe, 3.196682175e+00, E, -2.000000, NP, 6000 2000
382500, t, 2.100468e-02, KEe, 19326.822067, MEe, 3.221137011e+00, E, -2.000000, NP, 6000 2000
382600, t, 2.101017e-02, KEe, 19197.211970, MEe, 3.199535328e+00, E, -2.000000, NP, 6000 2000
382700, t, 2.101566e-02, KEe, 19237.644374, MEe, 3.206274062e+00, E, -2.000000, NP, 6000 2000
382800, t, 2.102115e-02, KEe, 19244.219332, MEe, 3.207369889e+00, E, -2.000000, NP, 6000 2000
382900, t, 2.102664e-02, KEe, 19171.709987, MEe, 3.195284998e+00, E, -2.000000, NP, 6000 2000
383000, t, 2.103213e-02, KEe, 19137.416178, MEe, 3.189569363e+00, E, -2.000000, NP, 6000 2000
383100, t, 2.103762e-02, KEe, 19173.931212, MEe, 3.195655202e+00, E, -2.000000, NP, 6000 2000
383200, t, 2.104312e-02, KEe, 19049.389313, MEe, 3.174898219e+00, E, -2.000000, NP, 6000 2000
383300, t, 2.104861e-02, KEe, 19059.678579, MEe, 3.176613096e+00, E, -2.000000, NP, 6000 2000
383400, t, 2.105410e-02, KEe, 19002.547136, MEe, 3.167091189e+00, E, -2.000000, NP, 6000 2000
383500, t, 2.105959e-02, KEe, 18983.619461, MEe, 3.163936577e+00, E, -2.000000, NP, 6000 2000
383600, t, 2.106508e-02, KEe, 18998.548324, MEe, 3.166424721e+00, E, -2.000000, NP, 6000 2000
383700, t, 2.107057e-02, KEe, 19010.318686, MEe, 3.168386448e+00, E, -2.000000, NP, 6000 2000
383800, t, 2.107606e-02, KEe, 18897.115471, MEe, 3.149519245e+00, E, -2.000000, NP, 6000 2000
383900, t, 2.108156e-02, KEe, 18934.155986, MEe, 3.155692664e+00, E, -2.000000, NP, 6000 2000
384000, t, 2.108705e-02, KEe, 18901.735838, MEe, 3.150289306e+00, E, -2.000000, NP, 6000 2000
384100, t, 2.109254e-02, KEe, 18832.652861, MEe, 3.138775477e+00, E, -2.000000, NP, 6000 2000
384200, t, 2.109803e-02, KEe, 18869.093793, MEe, 3.144848966e+00, E, -2.000000, NP, 6000 2000
384300, t, 2.110352e-02, KEe, 18892.049060, MEe, 3.148674843e+00, E, -2.000000, NP, 6000 2000
384400, t, 2.110901e-02, KEe, 18887.644103, MEe, 3.147940684e+00, E, -2.000000, NP, 6000 2000
384500, t, 2.111450e-02, KEe, 18944.051163, MEe, 3.157341860e+00, E, -2.000000, NP, 6000 2000
384600, t, 2.112000e-02, KEe, 19018.436376, MEe, 3.169739396e+00, E, -2.000000, NP, 6000 2000
384700, t, 2.112549e-02, KEe, 19048.424252, MEe, 3.174737375e+00, E, -2.000000, NP, 6000 2000
384800, t, 2.113098e-02, KEe, 19149.612785, MEe, 3.191602131e+00, E, -2.000000, NP, 6000 2000
384900, t, 2.113647e-02, KEe, 19116.435521, MEe, 3.186072587e+00, E, -2.000000, NP, 6000 2000
385000, t, 2.114196e-02, KEe, 19128.575766, MEe, 3.188095961e+00, E, -2.000000, NP, 6000 2000
385100, t, 2.114745e-02, KEe, 19050.210230, MEe, 3.175035038e+00, E, -2.000000, NP, 6000 2000
385200, t, 2.115294e-02, KEe, 19099.341797, MEe, 3.183223633e+00, E, -2.000000, NP, 6000 2000
385300, t, 2.115844e-02, KEe, 19084.592896, MEe, 3.180765483e+00, E, -2.000000, NP, 6000 2000
385400, t, 2.116393e-02, KEe, 18966.973913, MEe, 3.161162319e+00, E, -2.000000, NP, 6000 2000
385500, t, 2.116942e-02, KEe, 18886.371253, MEe, 3.147728542e+00, E, -2.000000, NP, 6000 2000
385600, t, 2.117491e-02, KEe, 19000.688051, MEe, 3.166781342e+00, E, -2.000000, NP, 6000 2000
385700, t, 2.118040e-02, KEe, 19046.955668, MEe, 3.174492611e+00, E, -2.000000, NP, 6000 2000
385800, t, 2.118589e-02, KEe, 19087.576712, MEe, 3.181262785e+00, E, -2.000000, NP, 6000 2000
385900, t, 2.119138e-02, KEe, 19080.467567, MEe, 3.180077928e+00, E, -2.000000, NP, 6000 2000
386000, t, 2.119688e-02, KEe, 19044.281095, MEe, 3.174046849e+00, E, -2.000000, NP, 6000 2000
386100, t, 2.120237e-02, KEe, 19001.558655, MEe, 3.166926442e+00, E, -2.000000, NP, 6000 2000
386200, t, 2.120786e-02, KEe, 18899.790932, MEe, 3.149965155e+00, E, -2.000000, NP, 6000 2000
386300, t, 2.121335e-02, KEe, 18890.338076, MEe, 3.148389679e+00, E, -2.000000, NP, 6000 2000
386400, t, 2.121884e-02, KEe, 18856.018452, MEe, 3.142669742e+00, E, -2.000000, NP, 6000 2000
386500, t, 2.122433e-02, KEe, 18816.584016, MEe, 3.136097336e+00, E, -2.000000, NP, 6000 2000
386600, t, 2.122982e-02, KEe, 18707.418821, MEe, 3.117903137e+00, E, -2.000000, NP, 6000 2000
386700, t, 2.123532e-02, KEe, 18794.341768, MEe, 3.132390295e+00, E, -2.000000, NP, 6000 2000
386800, t, 2.124081e-02, KEe, 18774.089555, MEe, 3.129014926e+00, E, -2.000000, NP, 6000 2000
386900, t, 2.124630e-02, KEe, 18748.734677, MEe, 3.124789113e+00, E, -2.000000, NP, 6000 2000
387000, t, 2.125179e-02, KEe, 18651.092606, MEe, 3.108515434e+00, E, -2.000000, NP, 6000 2000
387100, t, 2.125728e-02, KEe, 18654.841679, MEe, 3.109140280e+00, E, -2.000000, NP, 6000 2000
387200, t, 2.126277e-02, KEe, 18759.116637, MEe, 3.126519439e+00, E, -2.000000, NP, 6000 2000
387300, t, 2.126826e-02, KEe, 18846.034801, MEe, 3.141005800e+00, E, -2.000000, NP, 6000 2000
387400, t, 2.127376e-02, KEe, 18855.993865, MEe, 3.142665644e+00, E, -2.000000, NP, 6000 2000
387500, t, 2.127925e-02, KEe, 18879.320318, MEe, 3.146553386e+00, E, -2.000000, NP, 6000 2000
387600, t, 2.128474e-02, KEe, 18938.599333, MEe, 3.156433222e+00, E, -2.000000, NP, 6000 2000
387700, t, 2.129023e-02, KEe, 18891.471533, MEe, 3.148578589e+00, E, -2.000000, NP, 6000 2000
387800, t, 2.129572e-02, KEe, 18801.826556, MEe, 3.133637759e+00, E, -2.000000, NP, 6000 2000
387900, t, 2.130121e-02, KEe, 18802.034648, MEe, 3.133672441e+00, E, -2.000000, NP, 6000 2000
388000, t, 2.130670e-02, KEe, 18709.707017, MEe, 3.118284503e+00, E, -2.000000, NP, 6000 2000
388100, t, 2.131220e-02, KEe, 18721.917699, MEe, 3.120319617e+00, E, -2.000000, NP, 6000 2000
388200, t, 2.131769e-02, KEe, 18798.505360, MEe, 3.133084227e+00, E, -2.000000, NP, 6000 2000
388300, t, 2.132318e-02, KEe, 18791.332033, MEe, 3.131888672e+00, E, -2.000000, NP, 6000 2000
388400, t, 2.132867e-02, KEe, 18907.354448, MEe, 3.151225741e+00, E, -2.000000, NP, 6000 2000
388500, t, 2.133416e-02, KEe, 18874.013302, MEe, 3.145668884e+00, E, -2.000000, NP, 6000 2000
388600, t, 2.133965e-02, KEe, 18904.242396, MEe, 3.150707066e+00, E, -2.000000, NP, 6000 2000
388700, t, 2.134514e-02, KEe, 18881.483792, MEe, 3.146913965e+00, E, -2.000000, NP, 6000 2000
388800, t, 2.135064e-02, KEe, 18820.009375, MEe, 3.136668229e+00, E, -2.000000, NP, 6000 2000
388900, t, 2.135613e-02, KEe, 18810.927602, MEe, 3.135154600e+00, E, -2.000000, NP, 6000 2000
389000, t, 2.136162e-02, KEe, 18850.868546, MEe, 3.141811424e+00, E, -2.000000, NP, 6000 2000
389100, t, 2.136711e-02, KEe, 18849.170726, MEe, 3.141528454e+00, E, -2.000000, NP, 6000 2000
389200, t, 2.137260e-02, KEe, 18844.410161, MEe, 3.140735027e+00, E, -2.000000, NP, 6000 2000
389300, t, 2.137809e-02, KEe, 18886.136480, MEe, 3.147689413e+00, E, -2.000000, NP, 6000 2000
389400, t, 2.138358e-02, KEe, 18957.160163, MEe, 3.159526694e+00, E, -2.000000, NP, 6000 2000
389500, t, 2.138908e-02, KEe, 19009.735751, MEe, 3.168289292e+00, E, -2.000000, NP, 6000 2000
389600, t, 2.139457e-02, KEe, 18984.238725, MEe, 3.164039787e+00, E, -2.000000, NP, 6000 2000
389700, t, 2.140006e-02, KEe, 18953.631131, MEe, 3.158938522e+00, E, -2.000000, NP, 6000 2000
389800, t, 2.140555e-02, KEe, 18907.157366, MEe, 3.151192894e+00, E, -2.000000, NP, 6000 2000
389900, t, 2.141104e-02, KEe, 18842.871166, MEe, 3.140478528e+00, E, -2.000000, NP, 6000 2000
390000, t, 2.141653e-02, KEe, 18762.333890, MEe, 3.127055648e+00, E, -2.000000, NP, 6000 2000
390100, t, 2.142202e-02, KEe, 18786.949858, MEe, 3.131158310e+00, E, -2.000000, NP, 6000 2000
390200, t, 2.142752e-02, KEe, 18809.764310, MEe, 3.134960718e+00, E, -2.000000, NP, 6000 2000
390300, t, 2.143301e-02, KEe, 18836.543304, MEe, 3.139423884e+00, E, -2.000000, NP, 6000 2000
390400, t, 2.143850e-02, KEe, 18853.046704, MEe, 3.142174451e+00, E, -2.000000, NP, 6000 2000
390500, t, 2.144399e-02, KEe, 18924.605863, MEe, 3.154100977e+00, E, -2.000000, NP, 6000 2000
390600, t, 2.144948e-02, KEe, 18836.812103, MEe, 3.139468684e+00, E, -2.000000, NP, 6000 2000
390700, t, 2.145497e-02, KEe, 18870.739218, MEe, 3.145123203e+00, E, -2.000000, NP, 6000 2000
390800, t, 2.146046e-02, KEe, 18851.913042, MEe, 3.141985507e+00, E, -2.000000, NP, 6000 2000
390900, t, 2.146596e-02, KEe, 18848.106359, MEe, 3.141351060e+00, E, -2.000000, NP, 6000 2000
391000, t, 2.147145e-02, KEe, 18809.246217, MEe, 3.134874369e+00, E, -2.000000, NP, 6000 2000
391100, t, 2.147694e-02, KEe, 18889.321936, MEe, 3.148220323e+00, E, -2.000000, NP, 6000 2000
391200, t, 2.148243e-02, KEe, 18832.657534, MEe, 3.138776256e+00, E, -2.000000, NP, 6000 2000
391300, t, 2.148792e-02, KEe, 18804.317298, MEe, 3.134052883e+00, E, -2.000000, NP, 6000 2000
391400, t, 2.149341e-02, KEe, 18796.953971, MEe, 3.132825662e+00, E, -2.000000, NP, 6000 2000
391500, t, 2.149890e-02, KEe, 18766.461479, MEe, 3.127743580e+00, E, -2.000000, NP, 6000 2000
391600, t, 2.150440e-02, KEe, 18791.780899, MEe, 3.131963483e+00, E, -2.000000, NP, 6000 2000
391700, t, 2.150989e-02, KEe, 18679.021309, MEe, 3.113170218e+00, E, -2.000000, NP, 6000 2000
391800, t, 2.151538e-02, KEe, 18640.249295, MEe, 3.106708216e+00, E, -2.000000, NP, 6000 2000
391900, t, 2.152087e-02, KEe, 18630.371857, MEe, 3.105061976e+00, E, -2.000000, NP, 6000 2000
392000, t, 2.152636e-02, KEe, 18584.907747, MEe, 3.097484624e+00, E, -2.000000, NP, 6000 2000
392100, t, 2.153185e-02, KEe, 18560.189725, MEe, 3.093364954e+00, E, -2.000000, NP, 6000 2000
392200, t, 2.153734e-02, KEe, 18476.435778, MEe, 3.079405963e+00, E, -2.000000, NP, 6000 2000
392300, t, 2.154284e-02, KEe, 18519.422751, MEe, 3.086570459e+00, E, -2.000000, NP, 6000 2000
392400, t, 2.154833e-02, KEe, 18623.970605, MEe, 3.103995101e+00, E, -2.000000, NP, 6000 2000
392500, t, 2.155382e-02, KEe, 18645.469437, MEe, 3.107578240e+00, E, -2.000000, NP, 6000 2000
392600, t, 2.155931e-02, KEe, 18730.009027, MEe, 3.121668171e+00, E, -2.000000, NP, 6000 2000
392700, t, 2.156480e-02, KEe, 18732.155227, MEe, 3.122025871e+00, E, -2.000000, NP, 6000 2000
392800, t, 2.157029e-02, KEe, 18682.651203, MEe, 3.113775200e+00, E, -2.000000, NP, 6000 2000
392900, t, 2.157578e-02, KEe, 18731.626910, MEe, 3.121937818e+00, E, -2.000000, NP, 6000 2000
393000, t, 2.158128e-02, KEe, 18755.269586, MEe, 3.125878264e+00, E, -2.000000, NP, 6000 2000
393100, t, 2.158677e-02, KEe, 18748.535602, MEe, 3.124755934e+00, E, -2.000000, NP, 6000 2000
393200, t, 2.159226e-02, KEe, 18761.387510, MEe, 3.126897918e+00, E, -2.000000, NP, 6000 2000
393300, t, 2.159775e-02, KEe, 18749.946224, MEe, 3.124991037e+00, E, -2.000000, NP, 6000 2000
393400, t, 2.160324e-02, KEe, 18768.753605, MEe, 3.128125601e+00, E, -2.000000, NP, 6000 2000
393500, t, 2.160873e-02, KEe, 18751.739200, MEe, 3.125289867e+00, E, -2.000000, NP, 6000 2000
393600, t, 2.161422e-02, KEe, 18731.142886, MEe, 3.121857148e+00, E, -2.000000, NP, 6000 2000
393700, t, 2.161971e-02, KEe, 18713.594750, MEe, 3.118932458e+00, E, -2.000000, NP, 6000 2000
393800, t, 2.162521e-02, KEe, 18780.758124, MEe, 3.130126354e+00, E, -2.000000, NP, 6000 2000
393900, t, 2.163070e-02, KEe, 18778.558313, MEe, 3.129759719e+00, E, -2.000000, NP, 6000 2000
394000, t, 2.163619e-02, KEe, 18872.631692, MEe, 3.145438615e+00, E, -2.000000, NP, 6000 2000
394100, t, 2.164168e-02, KEe, 18804.568450, MEe, 3.134094742e+00, E, -2.000000, NP, 6000 2000
394200, t, 2.164717e-02, KEe, 18873.094053, MEe, 3.145515675e+00, E, -2.000000, NP, 6000 2000
394300, t, 2.165266e-02, KEe, 18857.109195, MEe, 3.142851532e+00, E, -2.000000, NP, 6000 2000
394400, t, 2.165815e-02, KEe, 18796.675867, MEe, 3.132779311e+00, E, -2.000000, NP, 6000 2000
394500, t, 2.166365e-02, KEe, 18719.248311, MEe, 3.119874718e+00, E, -2.000000, NP, 6000 2000
394600, t, 2.166914e-02, KEe, 18808.388550, MEe, 3.134731425e+00, E, -2.000000, NP, 6000 2000
394700, t, 2.167463e-02, KEe, 18782.900943, MEe, 3.130483490e+00, E, -2.000000, NP, 6000 2000
394800, t, 2.168012e-02, KEe, 18823.238708, MEe, 3.137206451e+00, E, -2.000000, NP, 6000 2000
394900, t, 2.168561e-02, KEe, 18926.783367, MEe, 3.154463895e+00, E, -2.000000, NP, 6000 2000
395000, t, 2.169110e-02, KEe, 18927.423720, MEe, 3.154570620e+00, E, -2.000000, NP, 6000 2000
395100, t, 2.169659e-02, KEe, 18829.363845, MEe, 3.138227308e+00, E, -2.000000, NP, 6000 2000
395200, t, 2.170209e-02, KEe, 18816.488903, MEe, 3.136081484e+00, E, -2.000000, NP, 6000 2000
395300, t, 2.170758e-02, KEe, 18876.085886, MEe, 3.146014314e+00, E, -2.000000, NP, 6000 2000
395400, t, 2.171307e-02, KEe, 18873.624249, MEe, 3.145604042e+00, E, -2.000000, NP, 6000 2000
395500, t, 2.171856e-02, KEe, 18844.026378, MEe, 3.140671063e+00, E, -2.000000, NP, 6000 2000
395600, t, 2.172405e-02, KEe, 18784.580127, MEe, 3.130763354e+00, E, -2.000000, NP, 6000 2000
395700, t, 2.172954e-02, KEe, 18738.459283, MEe, 3.123076547e+00, E, -2.000000, NP, 6000 2000
395800, t, 2.173503e-02, KEe, 18771.360635, MEe, 3.128560106e+00, E, -2.000000, NP, 6000 2000
395900, t, 2.174053e-02, KEe, 18721.953472, MEe, 3.120325579e+00, E, -2.000000, NP, 6000 2000
396000, t, 2.174602e-02, KEe, 18700.103353, MEe, 3.116683892e+00, E, -2.000000, NP, 6000 2000
396100, t, 2.175151e-02, KEe, 18717.454549, MEe, 3.119575758e+00, E, -2.000000, NP, 6000 2000
396200, t, 2.175700e-02, KEe, 18741.752012, MEe, 3.123625335e+00, E, -2.000000, NP, 6000 2000
396300, t, 2.176249e-02, KEe, 18794.579327, MEe, 3.132429888e+00, E, -2.000000, NP, 6000 2000
396400, t, 2.176798e-02, KEe, 18876.721309, MEe, 3.146120218e+00, E, -2.000000, NP, 6000 2000
396500, t, 2.177347e-02, KEe, 18917.971714, MEe, 3.152995286e+00, E, -2.000000, NP, 6000 2000
396600, t, 2.177897e-02, KEe, 18931.008053, MEe, 3.155168009e+00, E, -2.000000, NP, 6000 2000
396700, t, 2.178446e-02, KEe, 18965.742889, MEe, 3.160957148e+00, E, -2.000000, NP, 6000 2000
396800, t, 2.178995e-02, KEe, 18983.117044, MEe, 3.163852841e+00, E, -2.000000, NP, 6000 2000
396900, t, 2.179544e-02, KEe, 19031.202112, MEe, 3.171867019e+00, E, -2.000000, NP, 6000 2000
397000, t, 2.180093e-02, KEe, 19016.860141, MEe, 3.169476690e+00, E, -2.000000, NP, 6000 2000
397100, t, 2.180642e-02, KEe, 19013.728703, MEe, 3.168954784e+00, E, -2.000000, NP, 6000 2000
397200, t, 2.181191e-02, KEe, 19051.506928, MEe, 3.175251155e+00, E, -2.000000, NP, 6000 2000
397300, t, 2.181741e-02, KEe, 19039.754698, MEe, 3.173292450e+00, E, -2.000000, NP, 6000 2000
397400, t, 2.182290e-02, KEe, 19061.612919, MEe, 3.176935486e+00, E, -2.000000, NP, 6000 2000
397500, t, 2.182839e-02, KEe, 19119.513371, MEe, 3.186585562e+00, E, -2.000000, NP, 6000 2000
397600, t, 2.183388e-02, KEe, 19135.304286, MEe, 3.189217381e+00, E, -2.000000, NP, 6000 2000
397700, t, 2.183937e-02, KEe, 19167.300629, MEe, 3.194550105e+00, E, -2.000000, NP, 6000 2000
397800, t, 2.184486e-02, KEe, 19103.994951, MEe, 3.183999159e+00, E, -2.000000, NP, 6000 2000
397900, t, 2.185035e-02, KEe, 19075.625360, MEe, 3.179270893e+00, E, -2.000000, NP, 6000 2000
398000, t, 2.185585e-02, KEe, 19032.606703, MEe, 3.172101117e+00, E, -2.000000, NP, 6000 2000
398100, t, 2.186134e-02, KEe, 19041.240118, MEe, 3.173540020e+00, E, -2.000000, NP, 6000 2000
398200, t, 2.186683e-02, KEe, 18971.261547, MEe, 3.161876924e+00, E, -2.000000, NP, 6000 2000
398300, t, 2.187232e-02, KEe, 18960.952494, MEe, 3.160158749e+00, E, -2.000000, NP, 6000 2000
398400, t, 2.187781e-02, KEe, 19061.929309, MEe, 3.176988218e+00, E, -2.000000, NP, 6000 2000
398500, t, 2.188330e-02, KEe, 19093.277864, MEe, 3.182212977e+00, E, -2.000000, NP, 6000 2000
398600, t, 2.188879e-02, KEe, 19083.016800, MEe, 3.180502800e+00, E, -2.000000, NP, 6000 2000
398700, t, 2.189429e-02, KEe, 19135.059071, MEe, 3.189176512e+00, E, -2.000000, NP, 6000 2000
398800, t, 2.189978e-02, KEe, 19136.828177, MEe, 3.189471363e+00, E, -2.000000, NP, 6000 2000
398900, t, 2.190527e-02, KEe, 19076.886515, MEe, 3.179481086e+00, E, -2.000000, NP, 6000 2000
399000, t, 2.191076e-02, KEe, 19146.009043, MEe, 3.191001507e+00, E, -2.000000, NP, 6000 2000
399100, t, 2.191625e-02, KEe, 19224.142175, MEe, 3.204023696e+00, E, -2.000000, NP, 6000 2000
399200, t, 2.192174e-02, KEe, 19239.890092, MEe, 3.206648349e+00, E, -2.000000, NP, 6000 2000
399300, t, 2.192723e-02, KEe, 19256.197336, MEe, 3.209366223e+00, E, -2.000000, NP, 6000 2000
399400, t, 2.193273e-02, KEe, 19215.879413, MEe, 3.202646569e+00, E, -2.000000, NP, 6000 2000
399500, t, 2.193822e-02, KEe, 19127.351510, MEe, 3.187891918e+00, E, -2.000000, NP, 6000 2000
399600, t, 2.194371e-02, KEe, 19186.553575, MEe, 3.197758929e+00, E, -2.000000, NP, 6000 2000
399700, t, 2.194920e-02, KEe, 19141.728828, MEe, 3.190288138e+00, E, -2.000000, NP, 6000 2000
399800, t, 2.195469e-02, KEe, 19144.131312, MEe, 3.190688552e+00, E, -2.000000, NP, 6000 2000
399900, t, 2.196018e-02, KEe, 19112.321385, MEe, 3.185386898e+00, E, -2.000000, NP, 6000 2000
400000, t, 2.196567e-02, KEe, 19083.781735, MEe, 3.180630289e+00, E, -2.000000, NP, 6000 2000
400100, t, 2.197117e-02, KEe, 19017.209126, MEe, 3.169534854e+00, E, -2.000000, NP, 6000 2000
400200, t, 2.197666e-02, KEe, 18967.234540, MEe, 3.161205757e+00, E, -2.000000, NP, 6000 2000
400300, t, 2.198215e-02, KEe, 19057.206930, MEe, 3.176201155e+00, E, -2.000000, NP, 6000 2000
400400, t, 2.198764e-02, KEe, 19076.317408, MEe, 3.179386235e+00, E, -2.000000, NP, 6000 2000
400500, t, 2.199313e-02, KEe, 19145.695119, MEe, 3.190949186e+00, E, -2.000000, NP, 6000 2000
400600, t, 2.199862e-02, KEe, 19053.008070, MEe, 3.175501345e+00, E, -2.000000, NP, 6000 2000
400700, t, 2.200411e-02, KEe, 18992.841377, MEe, 3.165473563e+00, E, -2.000000, NP, 6000 2000
400800, t, 2.200961e-02, KEe, 18988.015182, MEe, 3.164669197e+00, E, -2.000000, NP, 6000 2000
400900, t, 2.201510e-02, KEe, 18950.916736, MEe, 3.158486123e+00, E, -2.000000, NP, 6000 2000
401000, t, 2.202059e-02, KEe, 18896.352652, MEe, 3.149392109e+00, E, -2.000000, NP, 6000 2000
401100, t, 2.202608e-02, KEe, 18943.683784, MEe, 3.157280631e+00, E, -2.000000, NP, 6000 2000
401200, t, 2.203157e-02, KEe, 18790.079537, MEe, 3.131679923e+00, E, -2.000000, NP, 6000 2000
401300, t, 2.203706e-02, KEe, 18870.301229, MEe, 3.145050205e+00, E, -2.000000, NP, 6000 2000
401400, t, 2.204255e-02, KEe, 18843.230674, MEe, 3.140538446e+00, E, -2.000000, NP, 6000 2000
401500, t, 2.204805e-02, KEe, 18824.565115, MEe, 3.137427519e+00, E, -2.000000, NP, 6000 2000
401600, t, 2.205354e-02, KEe, 18735.413507, MEe, 3.122568918e+00, E, -2.000000, NP, 6000 2000
401700, t, 2.205903e-02, KEe, 18713.484710, MEe, 3.118914118e+00, E, -2.000000, NP, 6000 2000
401800, t, 2.206452e-02, KEe, 18671.119567, MEe, 3.111853261e+00, E, -2.000000, NP, 6000 2000
401900, t, 2.207001e-02, KEe, 18753.605148, MEe, 3.125600858e+00, E, -2.000000, NP, 6000 2000
402000, t, 2.207550e-02, KEe, 18720.741133, MEe, 3.120123522e+00, E, -2.000000, NP, 6000 2000
402100, t, 2.208099e-02, KEe, 18662.878347, MEe, 3.110479725e+00, E, -2.000000, NP, 6000 2000
402200, t, 2.208649e-02, KEe, 18683.244008, MEe, 3.113874001e+00, E, -2.000000, NP, 6000 2000
402300, t, 2.209198e-02, KEe, 18711.973121, MEe, 3.118662187e+00, E, -2.000000, NP, 6000 2000
402400, t, 2.209747e-02, KEe, 18727.470291, MEe, 3.121245049e+00, E, -2.000000, NP, 6000 2000
402500, t, 2.210296e-02, KEe, 18726.298109, MEe, 3.121049685e+00, E, -2.000000, NP, 6000 2000
402600, t, 2.210845e-02, KEe, 18778.908942, MEe, 3.129818157e+00, E, -2.000000, NP, 6000 2000
402700, t, 2.211394e-02, KEe, 18782.496972, MEe, 3.130416162e+00, E, -2.000000, NP, 6000 2000
402800, t, 2.211943e-02, KEe, 18903.167772, MEe, 3.150527962e+00, E, -2.000000, NP, 6000 2000
402900, t, 2.212493e-02, KEe, 18921.058571, MEe, 3.153509762e+00, E, -2.000000, NP, 6000 2000
403000, t, 2.213042e-02, KEe, 18948.961217, MEe, 3.158160203e+00, E, -2.000000, NP, 6000 2000
403100, t, 2.213591e-02, KEe, 18901.499028, MEe, 3.150249838e+00, E, -2.000000, NP, 6000 2000
403200, t, 2.214140e-02, KEe, 18923.809219, MEe, 3.153968203e+00, E, -2.000000, NP, 6000 2000
403300, t, 2.214689e-02, KEe, 18899.025759, MEe, 3.149837626e+00, E, -2.000000, NP, 6000 2000
403400, t, 2.215238e-02, KEe, 18979.562126, MEe, 3.163260354e+00, E, -2.000000, NP, 6000 2000
403500, t, 2.215787e-02, KEe, 18948.365684, MEe, 3.158060947e+00, E, -2.000000, NP, 6000 2000
403600, t, 2.216337e-02, KEe, 18978.063604, MEe, 3.163010601e+00, E, -2.000000, NP, 6000 2000
403700, t, 2.216886e-02, KEe, 18978.310458, MEe, 3.163051743e+00, E, -2.000000, NP, 6000 2000
403800, t, 2.217435e-02, KEe, 19055.260036, MEe, 3.175876673e+00, E, -2.000000, NP, 6000 2000
403900, t, 2.217984e-02, KEe, 19031.191149, MEe, 3.171865191e+00, E, -2.000000, NP, 6000 2000
404000, t, 2.218533e-02, KEe, 18988.453956, MEe, 3.164742326e+00, E, -2.000000, NP, 6000 2000
404100, t, 2.219082e-02, KEe, 18962.863280, MEe, 3.160477213e+00, E, -2.000000, NP, 6000 2000
404200, t, 2.219631e-02, KEe, 18979.262258, MEe, 3.163210376e+00, E, -2.000000, NP, 6000 2000
404300, t, 2.220181e-02, KEe, 18991.896753, MEe, 3.165316125e+00, E, -2.000000, NP, 6000 2000
404400, t, 2.220730e-02, KEe, 19018.286043, MEe, 3.169714341e+00, E, -2.000000, NP, 6000 2000
404500, t, 2.221279e-02, KEe, 19096.712026, MEe, 3.182785338e+00, E, -2.000000, NP, 6000 2000
404600, t, 2.221828e-02, KEe, 19063.297234, MEe, 3.177216206e+00, E, -2.000000, NP, 6000 2000
404700, t, 2.222377e-02, KEe, 19032.778822, MEe, 3.172129804e+00, E, -2.000000, NP, 6000 2000
404800, t, 2.222926e-02, KEe, 18946.049051, MEe, 3.157674842e+00, E, -2.000000, NP, 6000 2000
404900, t, 2.223475e-02, KEe, 19048.891004, MEe, 3.174815167e+00, E, -2.000000, NP, 6000 2000
405000, t, 2.224025e-02, KEe, 19030.812037, MEe, 3.171802006e+00, E, -2.000000, NP, 6000 2000
405100, t, 2.224574e-02, KEe, 19018.077988, MEe, 3.169679665e+00, E, -2.000000, NP, 6000 2000
405200, t, 2.225123e-02, KEe, 18889.328382, MEe, 3.148221397e+00, E, -2.000000, NP, 6000 2000
405300, t, 2.225672e-02, KEe, 18870.465968, MEe, 3.145077661e+00, E, -2.000000, NP, 6000 2000
405400, t, 2.226221e-02, KEe, 18748.674275, MEe, 3.124779046e+00, E, -2.000000, NP, 6000 2000
405500, t, 2.226770e-02, KEe, 18717.574787, MEe, 3.119595798e+00, E, -2.000000, NP, 6000 2000
405600, t, 2.227319e-02, KEe, 18750.546553, MEe, 3.125091092e+00, E, -2.000000, NP, 6000 2000
405700, t, 2.227869e-02, KEe, 18737.651863, MEe, 3.122941977e+00, E, -2.000000, NP, 6000 2000
405800, t, 2.228418e-02, KEe, 18826.842298, MEe, 3.137807050e+00, E, -2.000000, NP, 6000 2000
405900, t, 2.228967e-02, KEe, 18949.047628, MEe, 3.158174605e+00, E, -2.000000, NP, 6000 2000
406000, t, 2.229516e-02, KEe, 18983.799254, MEe, 3.163966542e+00, E, -2.000000, NP, 6000 2000
406100, t, 2.230065e-02, KEe, 18899.346958, MEe, 3.149891160e+00, E, -2.000000, NP, 6000 2000
406200, t, 2.230614e-02, KEe, 18833.247484, MEe, 3.138874581e+00, E, -2.000000, NP, 6000 2000
406300, t, 2.231163e-02, KEe, 18824.491110, MEe, 3.137415185e+00, E, -2.000000, NP, 6000 2000
406400, t, 2.231713e-02, KEe, 18854.069111, MEe, 3.142344852e+00, E, -2.000000, NP, 6000 2000
406500, t, 2.232262e-02, KEe, 18875.110550, MEe, 3.145851758e+00, E, -2.000000, NP, 6000 2000
406600, t, 2.232811e-02, KEe, 18842.027410, MEe, 3.140337902e+00, E, -2.000000, NP, 6000 2000
406700, t, 2.233360e-02, KEe, 18846.649582, MEe, 3.141108264e+00, E, -2.000000, NP, 6000 2000
406800, t, 2.233909e-02, KEe, 18799.714632, MEe, 3.133285772e+00, E, -2.000000, NP, 6000 2000
406900, t, 2.234458e-02, KEe, 18890.247749, MEe, 3.148374625e+00, E, -2.000000, NP, 6000 2000
407000, t, 2.235007e-02, KEe, 18916.755545, MEe, 3.152792591e+00, E, -2.000000, NP, 6000 2000
407100, t, 2.235557e-02, KEe, 18804.535385, MEe, 3.134089231e+00, E, -2.000000, NP, 6000 2000
407200, t, 2.236106e-02, KEe, 18763.387041, MEe, 3.127231173e+00, E, -2.000000, NP, 6000 2000
407300, t, 2.236655e-02, KEe, 18752.798040, MEe, 3.125466340e+00, E, -2.000000, NP, 6000 2000
407400, t, 2.237204e-02, KEe, 18740.837218, MEe, 3.123472870e+00, E, -2.000000, NP, 6000 2000
407500, t, 2.237753e-02, KEe, 18756.750861, MEe, 3.126125144e+00, E, -2.000000, NP, 6000 2000
407600, t, 2.238302e-02, KEe, 18720.208398, MEe, 3.120034733e+00, E, -2.000000, NP, 6000 2000
407700, t, 2.238851e-02, KEe, 18711.831781, MEe, 3.118638630e+00, E, -2.000000, NP, 6000 2000
407800, t, 2.239401e-02, KEe, 18744.240222, MEe, 3.124040037e+00, E, -2.000000, NP, 6000 2000
407900, t, 2.239950e-02, KEe, 18723.023293, MEe, 3.120503882e+00, E, -2.000000, NP, 6000 2000
408000, t, 2.240499e-02, KEe, 18734.020917, MEe, 3.122336820e+00, E, -2.000000, NP, 6000 2000
408100, t, 2.241048e-02, KEe, 18818.499460, MEe, 3.136416577e+00, E, -2.000000, NP, 6000 2000
408200, t, 2.241597e-02, KEe, 18813.488607, MEe, 3.135581435e+00, E, -2.000000, NP, 6000 2000
408300, t, 2.242146e-02, KEe, 18865.784680, MEe, 3.144297447e+00, E, -2.000000, NP, 6000 2000
408400, t, 2.242695e-02, KEe, 18783.242946, MEe, 3.130540491e+00, E, -2.000000, NP, 6000 2000
408500, t, 2.243244e-02, KEe, 18880.290066, MEe, 3.146715011e+00, E, -2.000000, NP, 6000 2000
408600, t, 2.243794e-02, KEe, 18920.520128, MEe, 3.153420021e+00, E, -2.000000, NP, 6000 2000
408700, t, 2.244343e-02, KEe, 18976.207365, MEe, 3.162701227e+00, E, -2.000000, NP, 6000 2000
408800, t, 2.244892e-02, KEe, 18886.226481, MEe, 3.147704413e+00, E, -2.000000, NP, 6000 2000
408900, t, 2.245441e-02, KEe, 18892.081158, MEe, 3.148680193e+00, E, -2.000000, NP, 6000 2000
409000, t, 2.245990e-02, KEe, 18889.257575, MEe, 3.148209596e+00, E, -2.000000, NP, 6000 2000
409100, t, 2.246539e-02, KEe, 18868.717568, MEe, 3.144786261e+00, E, -2.000000, NP, 6000 2000
409200, t, 2.247088e-02, KEe, 18756.073153, MEe, 3.126012192e+00, E, -2.000000, NP, 6000 2000
409300, t, 2.247638e-02, KEe, 18901.282446, MEe, 3.150213741e+00, E, -2.000000, NP, 6000 2000
409400, t, 2.248187e-02, KEe, 18997.819727, MEe, 3.166303288e+00, E, -2.000000, NP, 6000 2000
409500, t, 2.248736e-02, KEe, 18938.354393, MEe, 3.156392399e+00, E, -2.000000, NP, 6000 2000
409600, t, 2.249285e-02, KEe, 18978.696579, MEe, 3.163116096e+00, E, -2.000000, NP, 6000 2000
409700, t, 2.249834e-02, KEe, 18930.561690, MEe, 3.155093615e+00, E, -2.000000, NP, 6000 2000
409800, t, 2.250383e-02, KEe, 18984.559222, MEe, 3.164093204e+00, E, -2.000000, NP, 6000 2000
409900, t, 2.250932e-02, KEe, 19003.489820, MEe, 3.167248303e+00, E, -2.000000, NP, 6000 2000
410000, t, 2.251482e-02, KEe, 18971.530886, MEe, 3.161921814e+00, E, -2.000000, NP, 6000 2000
410100, t, 2.252031e-02, KEe, 18925.676326, MEe, 3.154279388e+00, E, -2.000000, NP, 6000 2000
410200, t, 2.252580e-02, KEe, 18847.859600, MEe, 3.141309933e+00, E, -2.000000, NP, 6000 2000
410300, t, 2.253129e-02, KEe, 18896.177389, MEe, 3.149362898e+00, E, -2.000000, NP, 6000 2000
410400, t, 2.253678e-02, KEe, 18911.930311, MEe, 3.151988385e+00, E, -2.000000, NP, 6000 2000
410500, t, 2.254227e-02, KEe, 18945.869368, MEe, 3.157644895e+00, E, -2.000000, NP, 6000 2000
410600, t, 2.254776e-02, KEe, 18976.626980, MEe, 3.162771163e+00, E, -2.000000, NP, 6000 2000
410700, t, 2.255326e-02, KEe, 19014.329280, MEe, 3.169054880e+00, E, -2.000000, NP, 6000 2000
410800, t, 2.255875e-02, KEe, 19009.084930, MEe, 3.168180822e+00, E, -2.000000, NP, 6000 2000
410900, t, 2.256424e-02, KEe, 18981.148187, MEe, 3.163524698e+00, E, -2.000000, NP, 6000 2000
411000, t, 2.256973e-02, KEe, 18774.399722, MEe, 3.129066620e+00, E, -2.000000, NP, 6000 2000
411100, t, 2.257522e-02, KEe, 18812.352961, MEe, 3.135392160e+00, E, -2.000000, NP, 6000 2000
411200, t, 2.258071e-02, KEe, 18808.870849, MEe, 3.134811808e+00, E, -2.000000, NP, 6000 2000
411300, t, 2.258620e-02, KEe, 18912.020150, MEe, 3.152003358e+00, E, -2.000000, NP, 6000 2000
411400, t, 2.259170e-02, KEe, 18874.382917, MEe, 3.145730486e+00, E, -2.000000, NP, 6000 2000
411500, t, 2.259719e-02, KEe, 18850.411277, MEe, 3.141735213e+00, E, -2.000000, NP, 6000 2000
411600, t, 2.260268e-02, KEe, 18786.375876, MEe, 3.131062646e+00, E, -2.000000, NP, 6000 2000
411700, t, 2.260817e-02, KEe, 18890.743102, MEe, 3.148457184e+00, E, -2.000000, NP, 6000 2000
411800, t, 2.261366e-02, KEe, 18928.311038, MEe, 3.154718506e+00, E, -2.000000, NP, 6000 2000
411900, t, 2.261915e-02, KEe, 18803.838008, MEe, 3.133973001e+00, E, -2.000000, NP, 6000 2000
412000, t, 2.262464e-02, KEe, 18823.930159, MEe, 3.137321693e+00, E, -2.000000, NP, 6000 2000
412100, t, 2.263014e-02, KEe, 18810.983335, MEe, 3.135163889e+00, E, -2.000000, NP, 6000 2000
412200, t, 2.263563e-02, KEe, 18742.929975, MEe, 3.123821662e+00, E, -2.000000, NP, 6000 2000
412300, t, 2.264112e-02, KEe, 18766.150628, MEe, 3.127691771e+00, E, -2.000000, NP, 6000 2000
412400, t, 2.264661e-02, KEe, 18797.175136, MEe, 3.132862523e+00, E, -2.000000, NP, 6000 2000
412500, t, 2.265210e-02, KEe, 18887.726640, MEe, 3.147954440e+00, E, -2.000000, NP, 6000 2000
412600, t, 2.265759e-02, KEe, 18933.889378, MEe, 3.155648230e+00, E, -2.000000, NP, 6000 2000
412700, t, 2.266308e-02, KEe, 18918.761904, MEe, 3.153126984e+00, E, -2.000000, NP, 6000 2000
412800, t, 2.266858e-02, KEe, 19022.075166, MEe, 3.170345861e+00, E, -2.000000, NP, 6000 2000
412900, t, 2.267407e-02, KEe, 18964.824110, MEe, 3.160804018e+00, E, -2.000000, NP, 6000 2000
413000, t, 2.267956e-02, KEe, 18897.520476, MEe, 3.149586746e+00, E, -2.000000, NP, 6000 2000
413100, t, 2.268505e-02, KEe, 18924.658636, MEe, 3.154109773e+00, E, -2.000000, NP, 6000 2000
413200, t, 2.269054e-02, KEe, 18834.674193, MEe, 3.139112366e+00, E, -2.000000, NP, 6000 2000
413300, t, 2.269603e-02, KEe, 18789.576890, MEe, 3.131596148e+00, E, -2.000000, NP, 6000 2000
413400, t, 2.270152e-02, KEe, 18779.086025, MEe, 3.129847671e+00, E, -2.000000, NP, 6000 2000
413500, t, 2.270702e-02, KEe, 18768.866679, MEe, 3.128144447e+00, E, -2.000000, NP, 6000 2000
413600, t, 2.271251e-02, KEe, 18774.567886, MEe, 3.129094648e+00, E, -2.000000, NP, 6000 2000
413700, t, 2.271800e-02, KEe, 18766.031073, MEe, 3.127671845e+00, E, -2.000000, NP, 6000 2000
413800, t, 2.272349e-02, KEe, 18847.350621, MEe, 3.141225103e+00, E, -2.000000, NP, 6000 2000
413900, t, 2.272898e-02, KEe, 18805.294749, MEe, 3.134215791e+00, E, -2.000000, NP, 6000 2000
414000, t, 2.273447e-02, KEe, 18834.995930, MEe, 3.139165988e+00, E, -2.000000, NP, 6000 2000
414100, t, 2.273996e-02, KEe, 18786.259487, MEe, 3.131043248e+00, E, -2.000000, NP, 6000 2000
414200, t, 2.274546e-02, KEe, 18939.712255, MEe, 3.156618709e+00, E, -2.000000, NP, 6000 2000
414300, t, 2.275095e-02, KEe, 18914.294468, MEe, 3.152382411e+00, E, -2.000000, NP, 6000 2000
414400, t, 2.275644e-02, KEe, 18901.850838, MEe, 3.150308473e+00, E, -2.000000, NP, 6000 2000
414500, t, 2.276193e-02, KEe, 18877.666383, MEe, 3.146277730e+00, E, -2.000000, NP, 6000 2000
414600, t, 2.276742e-02, KEe, 18858.547510, MEe, 3.143091252e+00, E, -2.000000, NP, 6000 2000
414700, t, 2.277291e-02, KEe, 18860.224093, MEe, 3.143370682e+00, E, -2.000000, NP, 6000 2000
414800, t, 2.277840e-02, KEe, 18861.053381, MEe, 3.143508897e+00, E, -2.000000, NP, 6000 2000
414900, t, 2.278390e-02, KEe, 18920.365512, MEe, 3.153394252e+00, E, -2.000000, NP, 6000 2000
415000, t, 2.278939e-02, KEe, 18890.938600, MEe, 3.148489767e+00, E, -2.000000, NP, 6000 2000
415100, t, 2.279488e-02, KEe, 18959.978279, MEe, 3.159996380e+00, E, -2.000000, NP, 6000 2000
415200, t, 2.280037e-02, KEe, 19085.938977, MEe, 3.180989829e+00, E, -2.000000, NP, 6000 2000
415300, t, 2.280586e-02, KEe, 19047.848367, MEe, 3.174641395e+00, E, -2.000000, NP, 6000 2000
415400, t, 2.281135e-02, KEe, 19011.777783, MEe, 3.168629630e+00, E, -2.000000, NP, 6000 2000
415500, t, 2.281684e-02, KEe, 18975.263655, MEe, 3.162543942e+00, E, -2.000000, NP, 6000 2000
415600, t, 2.282234e-02, KEe, 18966.978264, MEe, 3.161163044e+00, E, -2.000000, NP, 6000 2000
415700, t, 2.282783e-02, KEe, 18972.217774, MEe, 3.162036296e+00, E, -2.000000, NP, 6000 2000
415800, t, 2.283332e-02, KEe, 18992.133729, MEe, 3.165355621e+00, E, -2.000000, NP, 6000 2000
415900, t, 2.283881e-02, KEe, 18979.646852, MEe, 3.163274475e+00, E, -2.000000, NP, 6000 2000
416000, t, 2.284430e-02, KEe, 18943.841332, MEe, 3.157306889e+00, E, -2.000000, NP, 6000 2000
416100, t, 2.284979e-02, KEe, 18853.384432, MEe, 3.142230739e+00, E, -2.000000, NP, 6000 2000
416200, t, 2.285528e-02, KEe, 18826.624142, MEe, 3.137770690e+00, E, -2.000000, NP, 6000 2000
416300, t, 2.286078e-02, KEe, 18834.964021, MEe, 3.139160670e+00, E, -2.000000, NP, 6000 2000
416400, t, 2.286627e-02, KEe, 18869.503001, MEe, 3.144917167e+00, E, -2.000000, NP, 6000 2000
416500, t, 2.287176e-02, KEe, 18834.643564, MEe, 3.139107261e+00, E, -2.000000, NP, 6000 2000
416600, t, 2.287725e-02, KEe, 18915.139931, MEe, 3.152523322e+00, E, -2.000000, NP, 6000 2000
416700, t, 2.288274e-02, KEe, 18970.772135, MEe, 3.161795356e+00, E, -2.000000, NP, 6000 2000
416800, t, 2.288823e-02, KEe, 18863.359403, MEe, 3.143893234e+00, E, -2.000000, NP, 6000 2000
416900, t, 2.289372e-02, KEe, 18833.560644, MEe, 3.138926774e+00, E, -2.000000, NP, 6000 2000
417000, t, 2.289922e-02, KEe, 18826.403580, MEe, 3.137733930e+00, E, -2.000000, NP, 6000 2000
417100, t, 2.290471e-02, KEe, 18732.036650, MEe, 3.122006108e+00, E, -2.000000, NP, 6000 2000
417200, t, 2.291020e-02, KEe, 18722.677382, MEe, 3.120446230e+00, E, -2.000000, NP, 6000 2000
417300, t, 2.291569e-02, KEe, 18713.198924, MEe, 3.118866487e+00, E, -2.000000, NP, 6000 2000
417400, t, 2.292118e-02, KEe, 18676.187975, MEe, 3.112697996e+00, E, -2.000000, NP, 6000 2000
417500, t, 2.292667e-02, KEe, 18653.088021, MEe, 3.108848004e+00, E, -2.000000, NP, 6000 2000
417600, t, 2.293216e-02, KEe, 18597.987018, MEe, 3.099664503e+00, E, -2.000000, NP, 6000 2000
417700, t, 2.293766e-02, KEe, 18687.460112, MEe, 3.114576685e+00, E, -2.000000, NP, 6000 2000
417800, t, 2.294315e-02, KEe, 18658.791994, MEe, 3.109798666e+00, E, -2.000000, NP, 6000 2000
417900, t, 2.294864e-02, KEe, 18589.050993, MEe, 3.098175166e+00, E, -2.000000, NP, 6000 2000
418000, t, 2.295413e-02, KEe, 18577.765985, MEe, 3.096294331e+00, E, -2.000000, NP, 6000 2000
418100, t, 2.295962e-02, KEe, 18538.839513, MEe, 3.089806586e+00, E, -2.000000, NP, 6000 2000
418200, t, 2.296511e-02, KEe, 18558.993709, MEe, 3.093165618e+00, E, -2.000000, NP, 6000 2000
418300, t, 2.297060e-02, KEe, 18584.079728, MEe, 3.097346621e+00, E, -2.000000, NP, 6000 2000
418400, t, 2.297610e-02, KEe, 18657.939359, MEe, 3.109656560e+00, E, -2.000000, NP, 6000 2000
418500, t, 2.298159e-02, KEe, 18685.891186, MEe, 3.114315198e+00, E, -2.000000, NP, 6000 2000
418600, t, 2.298708e-02, KEe, 18593.406671, MEe, 3.098901112e+00, E, -2.000000, NP, 6000 2000
418700, t, 2.299257e-02, KEe, 18683.247879, MEe, 3.113874646e+00, E, -2.000000, NP, 6000 2000
418800, t, 2.299806e-02, KEe, 18765.226298, MEe, 3.127537716e+00, E, -2.000000, NP, 6000 2000
418900, t, 2.300355e-02, KEe, 18787.810023, MEe, 3.131301671e+00, E, -2.000000, NP, 6000 2000
419000, t, 2.300904e-02, KEe, 18744.285728, MEe, 3.124047621e+00, E, -2.000000, NP, 6000 2000
419100, t, 2.301454e-02, KEe, 18750.230504, MEe, 3.125038417e+00, E, -2.000000, NP, 6000 2000
419200, t, 2.302003e-02, KEe, 18761.558543, MEe, 3.126926424e+00, E, -2.000000, NP, 6000 2000
419300, t, 2.302552e-02, KEe, 18679.445653, MEe, 3.113240942e+00, E, -2.000000, NP, 6000 2000
419400, t, 2.303101e-02, KEe, 18642.028419, MEe, 3.107004736e+00, E, -2.000000, NP, 6000 2000
419500, t, 2.303650e-02, KEe, 18690.248832, MEe, 3.115041472e+00, E, -2.000000, NP, 6000 2000
419600, t, 2.304199e-02, KEe, 18640.728093, MEe, 3.106788015e+00, E, -2.000000, NP, 6000 2000
419700, t, 2.304748e-02, KEe, 18683.284646, MEe, 3.113880774e+00, E, -2.000000, NP, 6000 2000
419800, t, 2.305298e-02, KEe, 18685.572713, MEe, 3.114262119e+00, E, -2.000000, NP, 6000 2000
419900, t, 2.305847e-02, KEe, 18688.055818, MEe, 3.114675970e+00, E, -2.000000, NP, 6000 2000
420000, t, 2.306396e-02, KEe, 18727.633056, MEe, 3.121272176e+00, E, -2.000000, NP, 6000 2000
420100, t, 2.306945e-02, KEe, 18696.177568, MEe, 3.116029595e+00, E, -2.000000, NP, 6000 2000
420200, t, 2.307494e-02, KEe, 18790.634707, MEe, 3.131772451e+00, E, -2.000000, NP, 6000 2000
420300, t, 2.308043e-02, KEe, 18813.233863, MEe, 3.135538977e+00, E, -2.000000, NP, 6000 2000
420400, t, 2.308592e-02, KEe, 18905.319042, MEe, 3.150886507e+00, E, -2.000000, NP, 6000 2000
420500, t, 2.309142e-02, KEe, 18966.125210, MEe, 3.161020868e+00, E, -2.000000, NP, 6000 2000
420600, t, 2.309691e-02, KEe, 18913.635101, MEe, 3.152272517e+00, E, -2.000000, NP, 6000 2000
420700, t, 2.310240e-02, KEe, 18893.078583, MEe, 3.148846431e+00, E, -2.000000, NP, 6000 2000
420800, t, 2.310789e-02, KEe, 18910.649119, MEe, 3.151774853e+00, E, -2.000000, NP, 6000 2000
420900, t, 2.311338e-02, KEe, 18952.540106, MEe, 3.158756684e+00, E, -2.000000, NP, 6000 2000
421000, t, 2.311887e-02, KEe, 18935.202756, MEe, 3.155867126e+00, E, -2.000000, NP, 6000 2000
421100, t, 2.312436e-02, KEe, 19001.689096, MEe, 3.166948183e+00, E, -2.000000, NP, 6000 2000
421200, t, 2.312986e-02, KEe, 18923.016659, MEe, 3.153836110e+00, E, -2.000000, NP, 6000 2000
421300, t, 2.313535e-02, KEe, 18958.361178, MEe, 3.159726863e+00, E, -2.000000, NP, 6000 2000
421400, t, 2.314084e-02, KEe, 18972.012010, MEe, 3.162002002e+00, E, -2.000000, NP, 6000 2000
421500, t, 2.314633e-02, KEe, 18912.853388, MEe, 3.152142231e+00, E, -2.000000, NP, 6000 2000
421600, t, 2.315182e-02, KEe, 18913.441567, MEe, 3.152240261e+00, E, -2.000000, NP, 6000 2000
421700, t, 2.315731e-02, KEe, 18956.319209, MEe, 3.159386535e+00, E, -2.000000, NP, 6000 2000
421800, t, 2.316280e-02, KEe, 18957.954768, MEe, 3.159659128e+00, E, -2.000000, NP, 6000 2000
421900, t, 2.316830e-02, KEe, 18882.831989, MEe, 3.147138665e+00, E, -2.000000, NP, 6000 2000
422000, t, 2.317379e-02, KEe, 18955.130129, MEe, 3.159188355e+00, E, -2.000000, NP, 6000 2000
422100, t, 2.317928e-02, KEe, 18862.126102, MEe, 3.143687684e+00, E, -2.000000, NP, 6000 2000
422200, t, 2.318477e-02, KEe, 18871.437968, MEe, 3.145239661e+00, E, -2.000000, NP, 6000 2000
422300, t, 2.319026e-02, KEe, 18853.113833, MEe, 3.142185639e+00, E, -2.000000, NP, 6000 2000
422400, t, 2.319575e-02, KEe, 18780.683235, MEe, 3.130113872e+00, E, -2.000000, NP, 6000 2000
422500, t, 2.320124e-02, KEe, 18713.593092, MEe, 3.118932182e+00, E, -2.000000, NP, 6000 2000
422600, t, 2.320673e-02, KEe, 18642.243758, MEe, 3.107040626e+00, E, -2.000000, NP, 6000 2000
422700, t, 2.321223e-02, KEe, 18646.897386, MEe, 3.107816231e+00, E, -2.000000, NP, 6000 2000
422800, t, 2.321772e-02, KEe, 18765.261701, MEe, 3.127543617e+00, E, -2.000000, NP, 6000 2000
422900, t, 2.322321e-02, KEe, 18822.208815, MEe, 3.137034803e+00, E, -2.000000, NP, 6000 2000
423000, t, 2.322870e-02, KEe, 18840.954530, MEe, 3.140159088e+00, E, -2.000000, NP, 6000 2000
423100, t, 2.323419e-02, KEe, 18947.806721, MEe, 3.157967787e+00, E, -2.000000, NP, 6000 2000
423200, t, 2.323968e-02, KEe, 19003.523202, MEe, 3.167253867e+00, E, -2.000000, NP, 6000 2000
423300, t, 2.324517e-02, KEe, 18985.406820, MEe, 3.164234470e+00, E, -2.000000, NP, 6000 2000
423400, t, 2.325067e-02, KEe, 19007.537576, MEe, 3.167922929e+00, E, -2.000000, NP, 6000 2000
423500, t, 2.325616e-02, KEe, 18992.330426, MEe, 3.165388404e+00, E, -2.000000, NP, 6000 2000
423600, t, 2.326165e-02, KEe, 18969.031997, MEe, 3.161505333e+00, E, -2.000000, NP, 6000 2000
423700, t, 2.326714e-02, KEe, 18916.715101, MEe, 3.152785850e+00, E, -2.000000, NP, 6000 2000
423800, t, 2.327263e-02, KEe, 18889.596059, MEe, 3.148266010e+00, E, -2.000000, NP, 6000 2000
423900, t, 2.327812e-02, KEe, 18822.372343, MEe, 3.137062057e+00, E, -2.000000, NP, 6000 2000
424000, t, 2.328361e-02, KEe, 18813.298774, MEe, 3.135549796e+00, E, -2.000000, NP, 6000 2000
424100, t, 2.328911e-02, KEe, 18857.885000, MEe, 3.142980833e+00, E, -2.000000, NP, 6000 2000
424200, t, 2.329460e-02, KEe, 18801.462794, MEe, 3.133577132e+00, E, -2.000000, NP, 6000 2000
424300, t, 2.330009e-02, KEe, 18899.035404, MEe, 3.149839234e+00, E, -2.000000, NP, 6000 2000
424400, t, 2.330558e-02, KEe, 18906.558359, MEe, 3.151093060e+00, E, -2.000000, NP, 6000 2000
424500, t, 2.331107e-02, KEe, 18895.560013, MEe, 3.149260002e+00, E, -2.000000, NP, 6000 2000
424600, t, 2.331656e-02, KEe, 18938.125478, MEe, 3.156354246e+00, E, -2.000000, NP, 6000 2000
424700, t, 2.332205e-02, KEe, 18912.328296, MEe, 3.152054716e+00, E, -2.000000, NP, 6000 2000
424800, t, 2.332755e-02, KEe, 18947.320705, MEe, 3.157886784e+00, E, -2.000000, NP, 6000 2000
424900, t, 2.333304e-02, KEe, 18888.625580, MEe, 3.148104263e+00, E, -2.000000, NP, 6000 2000
425000, t, 2.333853e-02, KEe, 18863.927222, MEe, 3.143987870e+00, E, -2.000000, NP, 6000 2000
425100, t, 2.334402e-02, KEe, 18881.656790, MEe, 3.146942798e+00, E, -2.000000, NP, 6000 2000
425200, t, 2.334951e-02, KEe, 18893.543697, MEe, 3.148923949e+00, E, -2.000000, NP, 6000 2000
425300, t, 2.335500e-02, KEe, 18850.453999, MEe, 3.141742333e+00, E, -2.000000, NP, 6000 2000
425400, t, 2.336049e-02, KEe, 18800.719278, MEe, 3.133453213e+00, E, -2.000000, NP, 6000 2000
425500, t, 2.336599e-02, KEe, 18754.226836, MEe, 3.125704473e+00, E, -2.000000, NP, 6000 2000
425600, t, 2.337148e-02, KEe, 18758.714538, MEe, 3.126452423e+00, E, -2.000000, NP, 6000 2000
425700, t, 2.337697e-02, KEe, 18813.282679, MEe, 3.135547113e+00, E, -2.000000, NP, 6000 2000
425800, t, 2.338246e-02, KEe, 18838.328351, MEe, 3.139721392e+00, E, -2.000000, NP, 6000 2000
425900, t, 2.338795e-02, KEe, 18883.711413, MEe, 3.147285235e+00, E, -2.000000, NP, 6000 2000
426000, t, 2.339344e-02, KEe, 18936.737173, MEe, 3.156122862e+00, E, -2.000000, NP, 6000 2000
426100, t, 2.339893e-02, KEe, 18894.570614, MEe, 3.149095102e+00, E, -2.000000, NP, 6000 2000
426200, t, 2.340443e-02, KEe, 18889.035468, MEe, 3.148172578e+00, E, -2.000000, NP, 6000 2000
426300, t, 2.340992e-02, KEe, 18861.562964, MEe, 3.143593827e+00, E, -2.000000, NP, 6000 2000
426400, t, 2.341541e-02, KEe, 18850.491600, MEe, 3.141748600e+00, E, -2.000000, NP, 6000 2000
426500, t, 2.342090e-02, KEe, 18895.849762, MEe, 3.149308294e+00, E, -2.000000, NP, 6000 2000
426600, t, 2.342639e-02, KEe, 18996.351388, MEe, 3.166058565e+00, E, -2.000000, NP, 6000 2000
426700, t, 2.343188e-02, KEe, 18907.617712, MEe, 3.151269619e+00, E, -2.000000, NP, 6000 2000
426800, t, 2.343737e-02, KEe, 18853.118224, MEe, 3.142186371e+00, E, -2.000000, NP, 6000 2000
426900, t, 2.344287e-02, KEe, 18806.619919, MEe, 3.134436653e+00, E, -2.000000, NP, 6000 2000
427000, t, 2.344836e-02, KEe, 18854.142409, MEe, 3.142357068e+00, E, -2.000000, NP, 6000 2000
427100, t, 2.345385e-02, KEe, 18916.614461, MEe, 3.152769077e+00, E, -2.000000, NP, 6000 2000
427200, t, 2.345934e-02, KEe, 18908.547551, MEe, 3.151424592e+00, E, -2.000000, NP, 6000 2000
427300, t, 2.346483e-02, KEe, 18897.330806, MEe, 3.149555134e+00, E, -2.000000, NP, 6000 2000
427400, t, 2.347032e-02, KEe, 18835.327633, MEe, 3.139221272e+00, E, -2.000000, NP, 6000 2000
427500, t, 2.347581e-02, KEe, 18789.699206, MEe, 3.131616534e+00, E, -2.000000, NP, 6000 2000
427600, t, 2.348131e-02, KEe, 18770.993805, MEe, 3.128498967e+00, E, -2.000000, NP, 6000 2000
427700, t, 2.348680e-02, KEe, 18756.247679, MEe, 3.126041280e+00, E, -2.000000, NP, 6000 2000
427800, t, 2.349229e-02, KEe, 18687.793775, MEe, 3.114632296e+00, E, -2.000000, NP, 6000 2000
427900, t, 2.349778e-02, KEe, 18692.013678, MEe, 3.115335613e+00, E, -2.000000, NP, 6000 2000
428000, t, 2.350327e-02, KEe, 18718.736904, MEe, 3.119789484e+00, E, -2.000000, NP, 6000 2000
428100, t, 2.350876e-02, KEe, 18746.924180, MEe, 3.124487363e+00, E, -2.000000, NP, 6000 2000
428200, t, 2.351425e-02, KEe, 18785.112699, MEe, 3.130852117e+00, E, -2.000000, NP, 6000 2000
428300, t, 2.351975e-02, KEe, 18849.419114, MEe, 3.141569852e+00, E, -2.000000, NP, 6000 2000
428400, t, 2.352524e-02, KEe, 18932.718907, MEe, 3.155453151e+00, E, -2.000000, NP, 6000 2000
428500, t, 2.353073e-02, KEe, 18963.804313, MEe, 3.160634052e+00, E, -2.000000, NP, 6000 2000
428600, t, 2.353622e-02, KEe, 18939.641796, MEe, 3.156606966e+00, E, -2.000000, NP, 6000 2000
428700, t, 2.354171e-02, KEe, 18951.086408, MEe, 3.158514401e+00, E, -2.000000, NP, 6000 2000
428800, t, 2.354720e-02, KEe, 18858.674207, MEe, 3.143112368e+00, E, -2.000000, NP, 6000 2000
428900, t, 2.355269e-02, KEe, 18888.144766, MEe, 3.148024128e+00, E, -2.000000, NP, 6000 2000
429000, t, 2.355819e-02, KEe, 18876.931971, MEe, 3.146155329e+00, E, -2.000000, NP, 6000 2000
429100, t, 2.356368e-02, KEe, 18897.053922, MEe, 3.149508987e+00, E, -2.000000, NP, 6000 2000
429200, t, 2.356917e-02, KEe, 18925.605409, MEe, 3.154267568e+00, E, -2.000000, NP, 6000 2000
429300, t, 2.357466e-02, KEe, 18911.040839, MEe, 3.151840140e+00, E, -2.000000, NP, 6000 2000
429400, t, 2.358015e-02, KEe, 18913.334668, MEe, 3.152222445e+00, E, -2.000000, NP, 6000 2000
429500, t, 2.358564e-02, KEe, 18847.792257, MEe, 3.141298709e+00, E, -2.000000, NP, 6000 2000
429600, t, 2.359113e-02, KEe, 18886.971294, MEe, 3.147828549e+00, E, -2.000000, NP, 6000 2000
429700, t, 2.359663e-02, KEe, 18924.012422, MEe, 3.154002070e+00, E, -2.000000, NP, 6000 2000
429800, t, 2.360212e-02, KEe, 18938.747741, MEe, 3.156457957e+00, E, -2.000000, NP, 6000 2000
429900, t, 2.360761e-02, KEe, 18841.032064, MEe, 3.140172011e+00, E, -2.000000, NP, 6000 2000
430000, t, 2.361310e-02, KEe, 18784.939807, MEe, 3.130823301e+00, E, -2.000000, NP, 6000 2000
430100, t, 2.361859e-02, KEe, 18794.613711, MEe, 3.132435618e+00, E, -2.000000, NP, 6000 2000
430200, t, 2.362408e-02, KEe, 18874.523903, MEe, 3.145753984e+00, E, -2.000000, NP, 6000 2000
430300, t, 2.362957e-02, KEe, 18893.718512, MEe, 3.148953085e+00, E, -2.000000, NP, 6000 2000
430400, t, 2.363507e-02, KEe, 18955.017560, MEe, 3.159169593e+00, E, -2.000000, NP, 6000 2000
430500, t, 2.364056e-02, KEe, 18974.671304, MEe, 3.162445217e+00, E, -2.000000, NP, 6000 2000
430600, t, 2.364605e-02, KEe, 18861.974947, MEe, 3.143662491e+00, E, -2.000000, NP, 6000 2000
430700, t, 2.365154e-02, KEe, 18894.329727, MEe, 3.149054954e+00, E, -2.000000, NP, 6000 2000
430800, t, 2.365703e-02, KEe, 18841.914577, MEe, 3.140319096e+00, E, -2.000000, NP, 6000 2000
430900, t, 2.366252e-02, KEe, 18752.951847, MEe, 3.125491974e+00, E, -2.000000, NP, 6000 2000
431000, t, 2.366801e-02, KEe, 18670.165691, MEe, 3.111694282e+00, E, -2.000000, NP, 6000 2000
431100, t, 2.367351e-02, KEe, 18671.960474, MEe, 3.111993412e+00, E, -2.000000, NP, 6000 2000
431200, t, 2.367900e-02, KEe, 18714.542681, MEe, 3.119090447e+00, E, -2.000000, NP, 6000 2000
431300, t, 2.368449e-02, KEe, 18700.441483, MEe, 3.116740247e+00, E, -2.000000, NP, 6000 2000
431400, t, 2.368998e-02, KEe, 18811.526594, MEe, 3.135254432e+00, E, -2.000000, NP, 6000 2000
431500, t, 2.369547e-02, KEe, 18741.783808, MEe, 3.123630635e+00, E, -2.000000, NP, 6000 2000
431600, t, 2.370096e-02, KEe, 18778.433425, MEe, 3.129738904e+00, E, -2.000000, NP, 6000 2000
431700, t, 2.370645e-02, KEe, 18749.505268, MEe, 3.124917545e+00, E, -2.000000, NP, 6000 2000
431800, t, 2.371195e-02, KEe, 18866.448133, MEe, 3.144408022e+00, E, -2.000000, NP, 6000 2000
431900, t, 2.371744e-02, KEe, 18904.013943, MEe, 3.150668991e+00, E, -2.000000, NP, 6000 2000
432000, t, 2.372293e-02, KEe, 18985.499060, MEe, 3.164249843e+00, E, -2.000000, NP, 6000 2000
432100, t, 2.372842e-02, KEe, 19014.116449, MEe, 3.169019408e+00, E, -2.000000, NP, 6000 2000
432200, t, 2.373391e-02, KEe, 19058.175902, MEe, 3.176362650e+00, E, -2.000000, NP, 6000 2000
432300, t, 2.373940e-02, KEe, 18985.226251, MEe, 3.164204375e+00, E, -2.000000, NP, 6000 2000
432400, t, 2.374489e-02, KEe, 19009.603358, MEe, 3.168267226e+00, E, -2.000000, NP, 6000 2000
432500, t, 2.375039e-02, KEe, 18966.777397, MEe, 3.161129566e+00, E, -2.000000, NP, 6000 2000
432600, t, 2.375588e-02, KEe, 18892.687128, MEe, 3.148781188e+00, E, -2.000000, NP, 6000 2000
432700, t, 2.376137e-02, KEe, 19004.184764, MEe, 3.167364127e+00, E, -2.000000, NP, 6000 2000
432800, t, 2.376686e-02, KEe, 19005.941474, MEe, 3.167656912e+00, E, -2.000000, NP, 6000 2000
432900, t, 2.377235e-02, KEe, 18993.709676, MEe, 3.165618279e+00, E, -2.000000, NP, 6000 2000
433000, t, 2.377784e-02, KEe, 18965.526715, MEe, 3.160921119e+00, E, -2.000000, NP, 6000 2000
433100, t, 2.378333e-02, KEe, 18968.024174, MEe, 3.161337362e+00, E, -2.000000, NP, 6000 2000
433200, t, 2.378883e-02, KEe, 18863.739829, MEe, 3.143956638e+00, E, -2.000000, NP, 6000 2000
433300, t, 2.379432e-02, KEe, 18882.798492, MEe, 3.147133082e+00, E, -2.000000, NP, 6000 2000
433400, t, 2.379981e-02, KEe, 18792.244538, MEe, 3.132040756e+00, E, -2.000000, NP, 6000 2000
433500, t, 2.380530e-02, KEe, 18823.160424, MEe, 3.137193404e+00, E, -2.000000, NP, 6000 2000
433600, t, 2.381079e-02, KEe, 18916.680592, MEe, 3.152780099e+00, E, -2.000000, NP, 6000 2000
433700, t, 2.381628e-02, KEe, 18946.389725, MEe, 3.157731621e+00, E, -2.000000, NP, 6000 2000
433800, t, 2.382177e-02, KEe, 18892.146974, MEe, 3.148691162e+00, E, -2.000000, NP, 6000 2000
433900, t, 2.382727e-02, KEe, 18869.788063, MEe, 3.144964677e+00, E, -2.000000, NP, 6000 2000
434000, t, 2.383276e-02, KEe, 18859.509802, MEe, 3.143251634e+00, E, -2.000000, NP, 6000 2000
434100, t, 2.383825e-02, KEe, 18855.053735, MEe, 3.142508956e+00, E, -2.000000, NP, 6000 2000
434200, t, 2.384374e-02, KEe, 18857.132740, MEe, 3.142855457e+00, E, -2.000000, NP, 6000 2000
434300, t, 2.384923e-02, KEe, 18905.971990, MEe, 3.150995332e+00, E, -2.000000, NP, 6000 2000
434400, t, 2.385472e-02, KEe, 18924.806860, MEe, 3.154134477e+00, E, -2.000000, NP, 6000 2000
434500, t, 2.386021e-02, KEe, 18890.196366, MEe, 3.148366061e+00, E, -2.000000, NP, 6000 2000
434600, t, 2.386571e-02, KEe, 18869.293289, MEe, 3.144882215e+00, E, -2.000000, NP, 6000 2000
434700, t, 2.387120e-02, KEe, 18762.551873, MEe, 3.127091979e+00, E, -2.000000, NP, 6000 2000
434800, t, 2.387669e-02, KEe, 18798.817939, MEe, 3.133136323e+00, E, -2.000000, NP, 6000 2000
434900, t, 2.388218e-02, KEe, 18931.325375, MEe, 3.155220896e+00, E, -2.000000, NP, 6000 2000
435000, t, 2.388767e-02, KEe, 18953.355995, MEe, 3.158892666e+00, E, -2.000000, NP, 6000 2000
435100, t, 2.389316e-02, KEe, 18944.158669, MEe, 3.157359778e+00, E, -2.000000, NP, 6000 2000
435200, t, 2.389865e-02, KEe, 18994.408783, MEe, 3.165734797e+00, E, -2.000000, NP, 6000 2000
435300, t, 2.390415e-02, KEe, 18971.763716, MEe, 3.161960619e+00, E, -2.000000, NP, 6000 2000
435400, t, 2.390964e-02, KEe, 18990.919269, MEe, 3.165153212e+00, E, -2.000000, NP, 6000 2000
435500, t, 2.391513e-02, KEe, 19096.263145, MEe, 3.182710524e+00, E, -2.000000, NP, 6000 2000
435600, t, 2.392062e-02, KEe, 19027.856013, MEe, 3.171309335e+00, E, -2.000000, NP, 6000 2000
435700, t, 2.392611e-02, KEe, 19057.621086, MEe, 3.176270181e+00, E, -2.000000, NP, 6000 2000
435800, t, 2.393160e-02, KEe, 18933.310874, MEe, 3.155551812e+00, E, -2.000000, NP, 6000 2000
435900, t, 2.393709e-02, KEe, 18947.334597, MEe, 3.157889100e+00, E, -2.000000, NP, 6000 2000
436000, t, 2.394259e-02, KEe, 18920.476571, MEe, 3.153412762e+00, E, -2.000000, NP, 6000 2000
436100, t, 2.394808e-02, KEe, 18879.556459, MEe, 3.146592743e+00, E, -2.000000, NP, 6000 2000
436200, t, 2.395357e-02, KEe, 18921.429107, MEe, 3.153571518e+00, E, -2.000000, NP, 6000 2000
436300, t, 2.395906e-02, KEe, 18976.653492, MEe, 3.162775582e+00, E, -2.000000, NP, 6000 2000
436400, t, 2.396455e-02, KEe, 18908.705341, MEe, 3.151450890e+00, E, -2.000000, NP, 6000 2000
436500, t, 2.397004e-02, KEe, 18895.091464, MEe, 3.149181911e+00, E, -2.000000, NP, 6000 2000
436600, t, 2.397553e-02, KEe, 18914.342961, MEe, 3.152390493e+00, E, -2.000000, NP, 6000 2000
436700, t, 2.398102e-02, KEe, 18898.857010, MEe, 3.149809502e+00, E, -2.000000, NP, 6000 2000
436800, t, 2.398652e-02, KEe, 18851.431660, MEe, 3.141905277e+00, E, -2.000000, NP, 6000 2000
436900, t, 2.399201e-02, KEe, 18733.224500, MEe, 3.122204083e+00, E, -2.000000, NP, 6000 2000
437000, t, 2.399750e-02, KEe, 18782.338305, MEe, 3.130389717e+00, E, -2.000000, NP, 6000 2000
437100, t, 2.400299e-02, KEe, 18753.747651, MEe, 3.125624609e+00, E, -2.000000, NP, 6000 2000
437200, t, 2.400848e-02, KEe, 18760.354523, MEe, 3.126725754e+00, E, -2.000000, NP, 6000 2000
437300, t, 2.401397e-02, KEe, 18715.167827, MEe, 3.119194638e+00, E, -2.000000, NP, 6000 2000
437400, t, 2.401946e-02, KEe, 18766.210851, MEe, 3.127701808e+00, E, -2.000000, NP, 6000 2000
437500, t, 2.402496e-02, KEe, 18789.040372, MEe, 3.131506729e+00, E, -2.000000, NP, 6000 2000
437600, t, 2.403045e-02, KEe, 18747.551972, MEe, 3.124591995e+00, E, -2.000000, NP, 6000 2000
437700, t, 2.403594e-02, KEe, 18797.991799, MEe, 3.132998633e+00, E, -2.000000, NP, 6000 2000
437800, t, 2.404143e-02, KEe, 18807.706994, MEe, 3.134617832e+00, E, -2.000000, NP, 6000 2000
437900, t, 2.404692e-02, KEe, 18746.003125, MEe, 3.124333854e+00, E, -2.000000, NP, 6000 2000
438000, t, 2.405241e-02, KEe, 18768.329777, MEe, 3.128054963e+00, E, -2.000000, NP, 6000 2000
438100, t, 2.405790e-02, KEe, 18692.766882, MEe, 3.115461147e+00, E, -2.000000, NP, 6000 2000
438200, t, 2.406340e-02, KEe, 18805.485209, MEe, 3.134247535e+00, E, -2.000000, NP, 6000 2000
438300, t, 2.406889e-02, KEe, 18771.444145, MEe, 3.128574024e+00, E, -2.000000, NP, 6000 2000
438400, t, 2.407438e-02, KEe, 18735.625305, MEe, 3.122604217e+00, E, -2.000000, NP, 6000 2000
438500, t, 2.407987e-02, KEe, 18735.751908, MEe, 3.122625318e+00, E, -2.000000, NP, 6000 2000
438600, t, 2.408536e-02, KEe, 18733.240393, MEe, 3.122206732e+00, E, -2.000000, NP, 6000 2000
438700, t, 2.409085e-02, KEe, 18741.832379, MEe, 3.123638730e+00, E, -2.000000, NP, 6000 2000
438800, t, 2.409634e-02, KEe, 18746.072654, MEe, 3.124345442e+00, E, -2.000000, NP, 6000 2000
438900, t, 2.410184e-02, KEe, 18883.397025, MEe, 3.147232837e+00, E, -2.000000, NP, 6000 2000
439000, t, 2.410733e-02, KEe, 18873.567784, MEe, 3.145594631e+00, E, -2.000000, NP, 6000 2000
439100, t, 2.411282e-02, KEe, 18936.462712, MEe, 3.156077119e+00, E, -2.000000, NP, 6000 2000
439200, t, 2.411831e-02, KEe, 18929.898058, MEe, 3.154983010e+00, E, -2.000000, NP, 6000 2000
439300, t, 2.412380e-02, KEe, 18909.488107, MEe, 3.151581351e+00, E, -2.000000, NP, 6000 2000
439400, t, 2.412929e-02, KEe, 18842.809335, MEe, 3.140468223e+00, E, -2.000000, NP, 6000 2000
439500, t, 2.413478e-02, KEe, 18862.221069, MEe, 3.143703512e+00, E, -2.000000, NP, 6000 2000
439600, t, 2.414028e-02, KEe, 18845.757913, MEe, 3.140959652e+00, E, -2.000000, NP, 6000 2000
439700, t, 2.414577e-02, KEe, 18857.433306, MEe, 3.142905551e+00, E, -2.000000, NP, 6000 2000
439800, t, 2.415126e-02, KEe, 18832.091579, MEe, 3.138681930e+00, E, -2.000000, NP, 6000 2000
439900, t, 2.415675e-02, KEe, 18858.096890, MEe, 3.143016148e+00, E, -2.000000, NP, 6000 2000
440000, t, 2.416224e-02, KEe, 18759.332315, MEe, 3.126555386e+00, E, -2.000000, NP, 6000 2000
440100, t, 2.416773e-02, KEe, 18774.718934, MEe, 3.129119822e+00, E, -2.000000, NP, 6000 2000
440200, t, 2.417322e-02, KEe, 18754.579664, MEe, 3.125763277e+00, E, -2.000000, NP, 6000 2000
440300, t, 2.417872e-02, KEe, 18807.700968, MEe, 3.134616828e+00, E, -2.000000, NP, 6000 2000
440400, t, 2.418421e-02, KEe, 18907.654253, MEe, 3.151275709e+00, E, -2.000000, NP, 6000 2000
440500, t, 2.418970e-02, KEe, 18874.544879, MEe, 3.145757480e+00, E, -2.000000, NP, 6000 2000
440600, t, 2.419519e-02, KEe, 18830.681710, MEe, 3.138446952e+00, E, -2.000000, NP, 6000 2000
440700, t, 2.420068e-02, KEe, 18817.559068, MEe, 3.136259845e+00, E, -2.000000, NP, 6000 2000
440800, t, 2.420617e-02, KEe, 18800.519863, MEe, 3.133419977e+00, E, -2.000000, NP, 6000 2000
440900, t, 2.421166e-02, KEe, 18857.326282, MEe, 3.142887714e+00, E, -2.000000, NP, 6000 2000
441000, t, 2.421716e-02, KEe, 18861.976141, MEe, 3.143662690e+00, E, -2.000000, NP, 6000 2000
441100, t, 2.422265e-02, KEe, 18973.411199, MEe, 3.162235200e+00, E, -2.000000, NP, 6000 2000
441200, t, 2.422814e-02, KEe, 19010.774478, MEe, 3.168462413e+00, E, -2.000000, NP, 6000 2000
441300, t, 2.423363e-02, KEe, 18954.284285, MEe, 3.159047381e+00, E, -2.000000, NP, 6000 2000
441400, t, 2.423912e-02, KEe, 18958.543471, MEe, 3.159757245e+00, E, -2.000000, NP, 6000 2000
441500, t, 2.424461e-02, KEe, 18964.398221, MEe, 3.160733037e+00, E, -2.000000, NP, 6000 2000
441600, t, 2.425010e-02, KEe, 18947.318253, MEe, 3.157886375e+00, E, -2.000000, NP, 6000 2000
441700, t, 2.425560e-02, KEe, 18916.123833, MEe, 3.152687305e+00, E, -2.000000, NP, 6000 2000
441800, t, 2.426109e-02, KEe, 18894.548365, MEe, 3.149091394e+00, E, -2.000000, NP, 6000 2000
441900, t, 2.426658e-02, KEe, 18828.435426, MEe, 3.138072571e+00, E, -2.000000, NP, 6000 2000
442000, t, 2.427207e-02, KEe, 18910.477140, MEe, 3.151746190e+00, E, -2.000000, NP, 6000 2000
442100, t, 2.427756e-02, KEe, 18923.438253, MEe, 3.153906375e+00, E, -2.000000, NP, 6000 2000
442200, t, 2.428305e-02, KEe, 18908.629949, MEe, 3.151438325e+00, E, -2.000000, NP, 6000 2000
442300, t, 2.428854e-02, KEe, 18865.802189, MEe, 3.144300365e+00, E, -2.000000, NP, 6000 2000
442400, t, 2.429404e-02, KEe, 18787.251465, MEe, 3.131208578e+00, E, -2.000000, NP, 6000 2000
442500, t, 2.429953e-02, KEe, 18787.332701, MEe, 3.131222117e+00, E, -2.000000, NP, 6000 2000
442600, t, 2.430502e-02, KEe, 18768.820188, MEe, 3.128136698e+00, E, -2.000000, NP, 6000 2000
442700, t, 2.431051e-02, KEe, 18776.157201, MEe, 3.129359533e+00, E, -2.000000, NP, 6000 2000
442800, t, 2.431600e-02, KEe, 18785.312088, MEe, 3.130885348e+00, E, -2.000000, NP, 6000 2000
442900, t, 2.432149e-02, KEe, 18818.802939, MEe, 3.136467157e+00, E, -2.000000, NP, 6000 2000
443000, t, 2.432698e-02, KEe, 18738.279716, MEe, 3.123046619e+00, E, -2.000000, NP, 6000 2000
443100, t, 2.433248e-02, KEe, 18646.013040, MEe, 3.107668840e+00, E, -2.000000, NP, 6000 2000
443200, t, 2.433797e-02, KEe, 18641.631185, MEe, 3.106938531e+00, E, -2.000000, NP, 6000 2000
443300, t, 2.434346e-02, KEe, 18698.973360, MEe, 3.116495560e+00, E, -2.000000, NP, 6000 2000
443400, t, 2.434895e-02, KEe, 18725.417147, MEe, 3.120902858e+00, E, -2.000000, NP, 6000 2000
443500, t, 2.435444e-02, KEe, 18661.852022, MEe, 3.110308670e+00, E, -2.000000, NP, 6000 2000
443600, t, 2.435993e-02, KEe, 18742.643982, MEe, 3.123773997e+00, E, -2.000000, NP, 6000 2000
443700, t, 2.436542e-02, KEe, 18832.695148, MEe, 3.138782525e+00, E, -2.000000, NP, 6000 2000
443800, t, 2.437092e-02, KEe, 18830.100443, MEe, 3.138350074e+00, E, -2.000000, NP, 6000 2000
443900, t, 2.437641e-02, KEe, 18702.052672, MEe, 3.117008779e+00, E, -2.000000, NP, 6000 2000
444000, t, 2.438190e-02, KEe, 18738.492221, MEe, 3.123082037e+00, E, -2.000000, NP, 6000 2000
444100, t, 2.438739e-02, KEe, 18853.945690, MEe, 3.142324282e+00, E, -2.000000, NP, 6000 2000
444200, t, 2.439288e-02, KEe, 18897.161916, MEe, 3.149526986e+00, E, -2.000000, NP, 6000 2000
444300, t, 2.439837e-02, KEe, 18878.707556, MEe, 3.146451259e+00, E, -2.000000, NP, 6000 2000
444400, t, 2.440386e-02, KEe, 18940.902383, MEe, 3.156817064e+00, E, -2.000000, NP, 6000 2000
444500, t, 2.440936e-02, KEe, 18958.241105, MEe, 3.159706851e+00, E, -2.000000, NP, 6000 2000
444600, t, 2.441485e-02, KEe, 18947.737621, MEe, 3.157956270e+00, E, -2.000000, NP, 6000 2000
444700, t, 2.442034e-02, KEe, 18934.269469, MEe, 3.155711578e+00, E, -2.000000, NP, 6000 2000
444800, t, 2.442583e-02, KEe, 18848.638965, MEe, 3.141439828e+00, E, -2.000000, NP, 6000 2000
444900, t, 2.443132e-02, KEe, 18890.904326, MEe, 3.148484054e+00, E, -2.000000, NP, 6000 2000
445000, t, 2.443681e-02, KEe, 18901.698741, MEe, 3.150283123e+00, E, -2.000000, NP, 6000 2000
445100, t, 2.444230e-02, KEe, 18869.705794, MEe, 3.144950966e+00, E, -2.000000, NP, 6000 2000
445200, t, 2.444780e-02, KEe, 18823.027748, MEe, 3.137171291e+00, E, -2.000000, NP, 6000 2000
445300, t, 2.445329e-02, KEe, 18836.504446, MEe, 3.139417408e+00, E, -2.000000, NP, 6000 2000
445400, t, 2.445878e-02, KEe, 18885.926396, MEe, 3.147654399e+00, E, -2.000000, NP, 6000 2000
445500, t, 2.446427e-02, KEe, 18945.275494, MEe, 3.157545916e+00, E, -2.000000, NP, 6000 2000
445600, t, 2.446976e-02, KEe, 18953.275351, MEe, 3.158879225e+00, E, -2.000000, NP, 6000 2000
445700, t, 2.447525e-02, KEe, 18869.492002, MEe, 3.144915334e+00, E, -2.000000, NP, 6000 2000
445800, t, 2.448074e-02, KEe, 18820.059164, MEe, 3.136676527e+00, E, -2.000000, NP, 6000 2000
445900, t, 2.448624e-02, KEe, 18816.162071, MEe, 3.136027012e+00, E, -2.000000, NP, 6000 2000
446000, t, 2.449173e-02, KEe, 18881.797307, MEe, 3.146966218e+00, E, -2.000000, NP, 6000 2000
446100, t, 2.449722e-02, KEe, 18858.805985, MEe, 3.143134331e+00, E, -2.000000, NP, 6000 2000
446200, t, 2.450271e-02, KEe, 18807.814541, MEe, 3.134635757e+00, E, -2.000000, NP, 6000 2000
446300, t, 2.450820e-02, KEe, 18787.213874, MEe, 3.131202312e+00, E, -2.000000, NP, 6000 2000
446400, t, 2.451369e-02, KEe, 18805.821663, MEe, 3.134303611e+00, E, -2.000000, NP, 6000 2000
446500, t, 2.451918e-02, KEe, 18919.792109, MEe, 3.153298685e+00, E, -2.000000, NP, 6000 2000
446600, t, 2.452468e-02, KEe, 18878.477978, MEe, 3.146412996e+00, E, -2.000000, NP, 6000 2000
446700, t, 2.453017e-02, KEe, 18858.812056, MEe, 3.143135343e+00, E, -2.000000, NP, 6000 2000
446800, t, 2.453566e-02, KEe, 18846.998133, MEe, 3.141166355e+00, E, -2.000000, NP, 6000 2000
446900, t, 2.454115e-02, KEe, 18884.429328, MEe, 3.147404888e+00, E, -2.000000, NP, 6000 2000
447000, t, 2.454664e-02, KEe, 18908.526125, MEe, 3.151421021e+00, E, -2.000000, NP, 6000 2000
447100, t, 2.455213e-02, KEe, 18939.230313, MEe, 3.156538386e+00, E, -2.000000, NP, 6000 2000
447200, t, 2.455762e-02, KEe, 18816.775361, MEe, 3.136129227e+00, E, -2.000000, NP, 6000 2000
447300, t, 2.456312e-02, KEe, 18858.578394, MEe, 3.143096399e+00, E, -2.000000, NP, 6000 2000
447400, t, 2.456861e-02, KEe, 18764.360201, MEe, 3.127393367e+00, E, -2.000000, NP, 6000 2000
447500, t, 2.457410e-02, KEe, 18846.003635, MEe, 3.141000606e+00, E, -2.000000, NP, 6000 2000
447600, t, 2.457959e-02, KEe, 18725.941742, MEe, 3.120990290e+00, E, -2.000000, NP, 6000 2000
447700, t, 2.458508e-02, KEe, 18776.081336, MEe, 3.129346889e+00, E, -2.000000, NP, 6000 2000
447800, t, 2.459057e-02, KEe, 18670.618638, MEe, 3.111769773e+00, E, -2.000000, NP, 6000 2000
447900, t, 2.459606e-02, KEe, 18724.116437, MEe, 3.120686073e+00, E, -2.000000, NP, 6000 2000
448000, t, 2.460156e-02, KEe, 18685.217123, MEe, 3.114202854e+00, E, -2.000000, NP, 6000 2000
448100, t, 2.460705e-02, KEe, 18669.904320, MEe, 3.111650720e+00, E, -2.000000, NP, 6000 2000
448200, t, 2.461254e-02, KEe, 18647.826908, MEe, 3.107971151e+00, E, -2.000000, NP, 6000 2000
448300, t, 2.461803e-02, KEe, 18572.576812, MEe, 3.095429469e+00, E, -2.000000, NP, 6000 2000
448400, t, 2.462352e-02, KEe, 18521.403000, MEe, 3.086900500e+00, E, -2.000000, NP, 6000 2000
448500, t, 2.462901e-02, KEe, 18602.049168, MEe, 3.100341528e+00, E, -2.000000, NP, 6000 2000
448600, t, 2.463450e-02, KEe, 18617.307658, MEe, 3.102884610e+00, E, -2.000000, NP, 6000 2000
448700, t, 2.464000e-02, KEe, 18545.293155, MEe, 3.090882192e+00, E, -2.000000, NP, 6000 2000
448800, t, 2.464549e-02, KEe, 18538.835695, MEe, 3.089805949e+00, E, -2.000000, NP, 6000 2000
448900, t, 2.465098e-02, KEe, 18554.638763, MEe, 3.092439794e+00, E, -2.000000, NP, 6000 2000
449000, t, 2.465647e-02, KEe, 18557.933496, MEe, 3.092988916e+00, E, -2.000000, NP, 6000 2000
449100, t, 2.466196e-02, KEe, 18600.247620, MEe, 3.100041270e+00, E, -2.000000, NP, 6000 2000
449200, t, 2.466745e-02, KEe, 18567.531415, MEe, 3.094588569e+00, E, -2.000000, NP, 6000 2000
449300, t, 2.467294e-02, KEe, 18660.290923, MEe, 3.110048487e+00, E, -2.000000, NP, 6000 2000
449400, t, 2.467844e-02, KEe, 18550.573676, MEe, 3.091762279e+00, E, -2.000000, NP, 6000 2000
449500, t, 2.468393e-02, KEe, 18599.904622, MEe, 3.099984104e+00, E, -2.000000, NP, 6000 2000
449600, t, 2.468942e-02, KEe, 18644.054254, MEe, 3.107342376e+00, E, -2.000000, NP, 6000 2000
449700, t, 2.469491e-02, KEe, 18585.919140, MEe, 3.097653190e+00, E, -2.000000, NP, 6000 2000
449800, t, 2.470040e-02, KEe, 18565.435775, MEe, 3.094239296e+00, E, -2.000000, NP, 6000 2000
449900, t, 2.470589e-02, KEe, 18508.209969, MEe, 3.084701662e+00, E, -2.000000, NP, 6000 2000
450000, t, 2.471138e-02, KEe, 18569.408504, MEe, 3.094901417e+00, E, -2.000000, NP, 6000 2000
450100, t, 2.471688e-02, KEe, 18605.685831, MEe, 3.100947639e+00, E, -2.000000, NP, 6000 2000
450200, t, 2.472237e-02, KEe, 18525.475035, MEe, 3.087579173e+00, E, -2.000000, NP, 6000 2000
450300, t, 2.472786e-02, KEe, 18531.624094, MEe, 3.088604016e+00, E, -2.000000, NP, 6000 2000
450400, t, 2.473335e-02, KEe, 18579.532596, MEe, 3.096588766e+00, E, -2.000000, NP, 6000 2000
450500, t, 2.473884e-02, KEe, 18622.620215, MEe, 3.103770036e+00, E, -2.000000, NP, 6000 2000
450600, t, 2.474433e-02, KEe, 18637.264309, MEe, 3.106210718e+00, E, -2.000000, NP, 6000 2000
450700, t, 2.474982e-02, KEe, 18621.099512, MEe, 3.103516585e+00, E, -2.000000, NP, 6000 2000
450800, t, 2.475532e-02, KEe, 18626.912979, MEe, 3.104485496e+00, E, -2.000000, NP, 6000 2000
450900, t, 2.476081e-02, KEe, 18646.805499, MEe, 3.107800917e+00, E, -2.000000, NP, 6000 2000
451000, t, 2.476630e-02, KEe, 18658.931740, MEe, 3.109821957e+00, E, -2.000000, NP, 6000 2000
451100, t, 2.477179e-02, KEe, 18621.514045, MEe, 3.103585674e+00, E, -2.000000, NP, 6000 2000
451200, t, 2.477728e-02, KEe, 18680.468633, MEe, 3.113411439e+00, E, -2.000000, NP, 6000 2000
451300, t, 2.478277e-02, KEe, 18678.277693, MEe, 3.113046282e+00, E, -2.000000, NP, 6000 2000
451400, t, 2.478826e-02, KEe, 18733.437878, MEe, 3.122239646e+00, E, -2.000000, NP, 6000 2000
451500, t, 2.479375e-02, KEe, 18728.224261, MEe, 3.121370710e+00, E, -2.000000, NP, 6000 2000
451600, t, 2.479925e-02, KEe, 18739.909644, MEe, 3.123318274e+00, E, -2.000000, NP, 6000 2000
451700, t, 2.480474e-02, KEe, 18721.820159, MEe, 3.120303360e+00, E, -2.000000, NP, 6000 2000
451800, t, 2.481023e-02, KEe, 18709.522355, MEe, 3.118253726e+00, E, -2.000000, NP, 6000 2000
451900, t, 2.481572e-02, KEe, 18710.435963, MEe, 3.118405994e+00, E, -2.000000, NP, 6000 2000
452000, t, 2.482121e-02, KEe, 18686.923119, MEe, 3.114487186e+00, E, -2.000000, NP, 6000 2000
452100, t, 2.482670e-02, KEe, 18775.832149, MEe, 3.129305358e+00, E, -2.000000, NP, 6000 2000
452200, t, 2.483219e-02, KEe, 18872.265627, MEe, 3.145377605e+00, E, -2.000000, NP, 6000 2000
452300, t, 2.483769e-02, KEe, 18853.625277, MEe, 3.142270880e+00, E, -2.000000, NP, 6000 2000
452400, t, 2.484318e-02, KEe, 18826.454718, MEe, 3.137742453e+00, E, -2.000000, NP, 6000 2000
452500, t, 2.484867e-02, KEe, 18873.758569, MEe, 3.145626428e+00, E, -2.000000, NP, 6000 2000
452600, t, 2.485416e-02, KEe, 18889.183549, MEe, 3.148197258e+00, E, -2.000000, NP, 6000 2000
452700, t, 2.485965e-02, KEe, 18849.045298, MEe, 3.141507550e+00, E, -2.000000, NP, 6000 2000
452800, t, 2.486514e-02, KEe, 18964.546494, MEe, 3.160757749e+00, E, -2.000000, NP, 6000 2000
452900, t, 2.487063e-02, KEe, 18964.604539, MEe, 3.160767423e+00, E, -2.000000, NP, 6000 2000
453000, t, 2.487613e-02, KEe, 18974.767069, MEe, 3.162461178e+00, E, -2.000000, NP, 6000 2000
453100, t, 2.488162e-02, KEe, 18950.433409, MEe, 3.158405568e+00, E, -2.000000, NP, 6000 2000
453200, t, 2.488711e-02, KEe, 18993.448182, MEe, 3.165574697e+00, E, -2.000000, NP, 6000 2000
453300, t, 2.489260e-02, KEe, 18974.635939, MEe, 3.162439323e+00, E, -2.000000, NP, 6000 2000
453400, t, 2.489809e-02, KEe, 18912.578063, MEe, 3.152096344e+00, E, -2.000000, NP, 6000 2000
453500, t, 2.490358e-02, KEe, 18977.393588, MEe, 3.162898931e+00, E, -2.000000, NP, 6000 2000
453600, t, 2.490907e-02, KEe, 18954.026820, MEe, 3.159004470e+00, E, -2.000000, NP, 6000 2000
453700, t, 2.491457e-02, KEe, 18892.802034, MEe, 3.148800339e+00, E, -2.000000, NP, 6000 2000
453800, t, 2.492006e-02, KEe, 18799.051959, MEe, 3.133175327e+00, E, -2.000000, NP, 6000 2000
453900, t, 2.492555e-02, KEe, 18752.877564, MEe, 3.125479594e+00, E, -2.000000, NP, 6000 2000
454000, t, 2.493104e-02, KEe, 18796.205629, MEe, 3.132700938e+00, E, -2.000000, NP, 6000 2000
454100, t, 2.493653e-02, KEe, 18819.037977, MEe, 3.136506330e+00, E, -2.000000, NP, 6000 2000
454200, t, 2.494202e-02, KEe, 18863.030468, MEe, 3.143838411e+00, E, -2.000000, NP, 6000 2000
454300, t, 2.494751e-02, KEe, 18859.503136, MEe, 3.143250523e+00, E, -2.000000, NP, 6000 2000
454400, t, 2.495301e-02, KEe, 18925.166464, MEe, 3.154194411e+00, E, -2.000000, NP, 6000 2000
454500, t, 2.495850e-02, KEe, 18962.704152, MEe, 3.160450692e+00, E, -2.000000, NP, 6000 2000
454600, t, 2.496399e-02, KEe, 18972.240644, MEe, 3.162040107e+00, E, -2.000000, NP, 6000 2000
454700, t, 2.496948e-02, KEe, 18888.100307, MEe, 3.148016718e+00, E, -2.000000, NP, 6000 2000
454800, t, 2.497497e-02, KEe, 18844.571252, MEe, 3.140761875e+00, E, -2.000000, NP, 6000 2000
454900, t, 2.498046e-02, KEe, 18804.095427, MEe, 3.134015904e+00, E, -2.000000, NP, 6000 2000
455000, t, 2.498595e-02, KEe, 18822.641450, MEe, 3.137106908e+00, E, -2.000000, NP, 6000 2000
455100, t, 2.499145e-02, KEe, 18753.506410, MEe, 3.125584402e+00, E, -2.000000, NP, 6000 2000
455200, t, 2.499694e-02, KEe, 18757.841812, MEe, 3.126306969e+00, E, -2.000000, NP, 6000 2000
455300, t, 2.500243e-02, KEe, 18787.700706, MEe, 3.131283451e+00, E, -2.000000, NP, 6000 2000
455400, t, 2.500792e-02, KEe, 18816.740675, MEe, 3.136123446e+00, E, -2.000000, NP, 6000 2000
455500, t, 2.501341e-02, KEe, 18895.999842, MEe, 3.149333307e+00, E, -2.000000, NP, 6000 2000
455600, t, 2.501890e-02, KEe, 18872.872322, MEe, 3.145478720e+00, E, -2.000000, NP, 6000 2000
455700, t, 2.502439e-02, KEe, 18946.464812, MEe, 3.157744135e+00, E, -2.000000, NP, 6000 2000
455800, t, 2.502989e-02, KEe, 18946.471265, MEe, 3.157745211e+00, E, -2.000000, NP, 6000 2000
455900, t, 2.503538e-02, KEe, 18924.479430, MEe, 3.154079905e+00, E, -2.000000, NP, 6000 2000
456000, t, 2.504087e-02, KEe, 18904.718019, MEe, 3.150786336e+00, E, -2.000000, NP, 6000 2000
456100, t, 2.504636e-02, KEe, 18885.037769, MEe, 3.147506295e+00, E, -2.000000, NP, 6000 2000
456200, t, 2.505185e-02, KEe, 18849.569690, MEe, 3.141594948e+00, E, -2.000000, NP, 6000 2000
456300, t, 2.505734e-02, KEe, 18859.355054, MEe, 3.143225842e+00, E, -2.000000, NP, 6000 2000
456400, t, 2.506283e-02, KEe, 18945.652639, MEe, 3.157608773e+00, E, -2.000000, NP, 6000 2000
456500, t, 2.506833e-02, KEe, 18907.774452, MEe, 3.151295742e+00, E, -2.000000, NP, 6000 2000
456600, t, 2.507382e-02, KEe, 18963.890384, MEe, 3.160648397e+00, E, -2.000000, NP, 6000 2000
456700, t, 2.507931e-02, KEe, 18944.313071, MEe, 3.157385512e+00, E, -2.000000, NP, 6000 2000
456800, t, 2.508480e-02, KEe, 18942.046125, MEe, 3.157007687e+00, E, -2.000000, NP, 6000 2000
456900, t, 2.509029e-02, KEe, 18901.651842, MEe, 3.150275307e+00, E, -2.000000, NP, 6000 2000
457000, t, 2.509578e-02, KEe, 18933.841969, MEe, 3.155640328e+00, E, -2.000000, NP, 6000 2000
457100, t, 2.510127e-02, KEe, 18909.696927, MEe, 3.151616154e+00, E, -2.000000, NP, 6000 2000
457200, t, 2.510677e-02, KEe, 18891.993234, MEe, 3.148665539e+00, E, -2.000000, NP, 6000 2000
457300, t, 2.511226e-02, KEe, 18830.660614, MEe, 3.138443436e+00, E, -2.000000, NP, 6000 2000
457400, t, 2.511775e-02, KEe, 18841.583277, MEe, 3.140263880e+00, E, -2.000000, NP, 6000 2000
457500, t, 2.512324e-02, KEe, 18731.840191, MEe, 3.121973365e+00, E, -2.000000, NP, 6000 2000
457600, t, 2.512873e-02, KEe, 18754.156403, MEe, 3.125692734e+00, E, -2.000000, NP, 6000 2000
457700, t, 2.513422e-02, KEe, 18738.374247, MEe, 3.123062374e+00, E, -2.000000, NP, 6000 2000
457800, t, 2.513971e-02, KEe, 18726.948699, MEe, 3.121158116e+00, E, -2.000000, NP, 6000 2000
457900, t, 2.514521e-02, KEe, 18746.423523, MEe, 3.124403920e+00, E, -2.000000, NP, 6000 2000
458000, t, 2.515070e-02, KEe, 18779.434563, MEe, 3.129905760e+00, E, -2.000000, NP, 6000 2000
458100, t, 2.515619e-02, KEe, 18790.098755, MEe, 3.131683126e+00, E, -2.000000, NP, 6000 2000
458200, t, 2.516168e-02, KEe, 18792.276464, MEe, 3.132046077e+00, E, -2.000000, NP, 6000 2000
458300, t, 2.516717e-02, KEe, 18769.450980, MEe, 3.128241830e+00, E, -2.000000, NP, 6000 2000
458400, t, 2.517266e-02, KEe, 18794.506249, MEe, 3.132417708e+00, E, -2.000000, NP, 6000 2000
458500, t, 2.517815e-02, KEe, 18889.301671, MEe, 3.148216945e+00, E, -2.000000, NP, 6000 2000
458600, t, 2.518365e-02, KEe, 18931.498890, MEe, 3.155249815e+00, E, -2.000000, NP, 6000 2000
458700, t, 2.518914e-02, KEe, 18924.628755, MEe, 3.154104792e+00, E, -2.000000, NP, 6000 2000
458800, t, 2.519463e-02, KEe, 18945.541226, MEe, 3.157590204e+00, E, -2.000000, NP, 6000 2000
458900, t, 2.520012e-02, KEe, 19014.217893, MEe, 3.169036315e+00, E, -2.000000, NP, 6000 2000
459000, t, 2.520561e-02, KEe, 19067.020576, MEe, 3.177836763e+00, E, -2.000000, NP, 6000 2000
459100, t, 2.521110e-02, KEe, 19062.337706, MEe, 3.177056284e+00, E, -2.000000, NP, 6000 2000
459200, t, 2.521659e-02, KEe, 19032.918445, MEe, 3.172153074e+00, E, -2.000000, NP, 6000 2000
459300, t, 2.522209e-02, KEe, 18982.341971, MEe, 3.163723662e+00, E, -2.000000, NP, 6000 2000
459400, t, 2.522758e-02, KEe, 18997.764240, MEe, 3.166294040e+00, E, -2.000000, NP, 6000 2000
459500, t, 2.523307e-02, KEe, 19021.500704, MEe, 3.170250117e+00, E, -2.000000, NP, 6000 2000
459600, t, 2.523856e-02, KEe, 19032.744452, MEe, 3.172124075e+00, E, -2.000000, NP, 6000 2000
459700, t, 2.524405e-02, KEe, 19003.493266, MEe, 3.167248878e+00, E, -2.000000, NP, 6000 2000
459800, t, 2.524954e-02, KEe, 19064.688211, MEe, 3.177448035e+00, E, -2.000000, NP, 6000 2000
459900, t, 2.525503e-02, KEe, 19170.836772, MEe, 3.195139462e+00, E, -2.000000, NP, 6000 2000
460000, t, 2.526053e-02, KEe, 19133.101929, MEe, 3.188850321e+00, E, -2.000000, NP, 6000 2000
460100, t, 2.526602e-02, KEe, 19025.644961, MEe, 3.170940827e+00, E, -2.000000, NP, 6000 2000
460200, t, 2.527151e-02, KEe, 18929.449403, MEe, 3.154908234e+00, E, -2.000000, NP, 6000 2000
460300, t, 2.527700e-02, KEe, 18894.295907, MEe, 3.149049318e+00, E, -2.000000, NP, 6000 2000
460400, t, 2.528249e-02, KEe, 18967.909536, MEe, 3.161318256e+00, E, -2.000000, NP, 6000 2000
460500, t, 2.528798e-02, KEe, 18894.149878, MEe, 3.149024980e+00, E, -2.000000, NP, 6000 2000
460600, t, 2.529347e-02, KEe, 18935.408272, MEe, 3.155901379e+00, E, -2.000000, NP, 6000 2000
460700, t, 2.529897e-02, KEe, 18954.384282, MEe, 3.159064047e+00, E, -2.000000, NP, 6000 2000
460800, t, 2.530446e-02, KEe, 18998.456339, MEe, 3.166409390e+00, E, -2.000000, NP, 6000 2000
460900, t, 2.530995e-02, KEe, 18949.155022, MEe, 3.158192504e+00, E, -2.000000, NP, 6000 2000
461000, t, 2.531544e-02, KEe, 18885.262174, MEe, 3.147543696e+00, E, -2.000000, NP, 6000 2000
461100, t, 2.532093e-02, KEe, 18969.068238, MEe, 3.161511373e+00, E, -2.000000, NP, 6000 2000
461200, t, 2.532642e-02, KEe, 18903.161462, MEe, 3.150526910e+00, E, -2.000000, NP, 6000 2000
461300, t, 2.533191e-02, KEe, 18846.359692, MEe, 3.141059949e+00, E, -2.000000, NP, 6000 2000
461400, t, 2.533741e-02, KEe, 18898.837506, MEe, 3.149806251e+00, E, -2.000000, NP, 6000 2000
461500, t, 2.534290e-02, KEe, 18874.640249, MEe, 3.145773375e+00, E, -2.000000, NP, 6000 2000
461600, t, 2.534839e-02, KEe, 18797.198732, MEe, 3.132866455e+00, E, -2.000000, NP, 6000 2000
461700, t, 2.535388e-02, KEe, 18778.192252, MEe, 3.129698709e+00, E, -2.000000, NP, 6000 2000
461800, t, 2.535937e-02, KEe, 18813.118597, MEe, 3.135519766e+00, E, -2.000000, NP, 6000 2000
461900, t, 2.536486e-02, KEe, 18784.695626, MEe, 3.130782604e+00, E, -2.000000, NP, 6000 2000
462000, t, 2.537035e-02, KEe, 18806.960235, MEe, 3.134493373e+00, E, -2.000000, NP, 6000 2000
462100, t, 2.537585e-02, KEe, 18762.313493, MEe, 3.127052249e+00, E, -2.000000, NP, 6000 2000
462200, t, 2.538134e-02, KEe, 18684.407594, MEe, 3.114067932e+00, E, -2.000000, NP, 6000 2000
462300, t, 2.538683e-02, KEe, 18656.934265, MEe, 3.109489044e+00, E, -2.000000, NP, 6000 2000
462400, t, 2.539232e-02, KEe, 18658.855572, MEe, 3.109809262e+00, E, -2.000000, NP, 6000 2000
462500, t, 2.539781e-02, KEe, 18700.237923, MEe, 3.116706321e+00, E, -2.000000, NP, 6000 2000
462600, t, 2.540330e-02, KEe, 18691.216477, MEe, 3.115202746e+00, E, -2.000000, NP, 6000 2000
462700, t, 2.540879e-02, KEe, 18726.977220, MEe, 3.121162870e+00, E, -2.000000, NP, 6000 2000
462800, t, 2.541429e-02, KEe, 18802.128958, MEe, 3.133688160e+00, E, -2.000000, NP, 6000 2000
462900, t, 2.541978e-02, KEe, 18816.142980, MEe, 3.136023830e+00, E, -2.000000, NP, 6000 2000
463000, t, 2.542527e-02, KEe, 18900.847319, MEe, 3.150141220e+00, E, -2.000000, NP, 6000 2000
463100, t, 2.543076e-02, KEe, 18955.980420, MEe, 3.159330070e+00, E, -2.000000, NP, 6000 2000
463200, t, 2.543625e-02, KEe, 19019.972571, MEe, 3.169995429e+00, E, -2.000000, NP, 6000 2000
463300, t, 2.544174e-02, KEe, 19060.468836, MEe, 3.176744806e+00, E, -2.000000, NP, 6000 2000
463400, t, 2.544723e-02, KEe, 19056.169641, MEe, 3.176028273e+00, E, -2.000000, NP, 6000 2000
463500, t, 2.545273e-02, KEe, 19023.609354, MEe, 3.170601559e+00, E, -2.000000, NP, 6000 2000
463600, t, 2.545822e-02, KEe, 18973.722425, MEe, 3.162287071e+00, E, -2.000000, NP, 6000 2000
463700, t, 2.546371e-02, KEe, 18924.610347, MEe, 3.154101724e+00, E, -2.000000, NP, 6000 2000
463800, t, 2.546920e-02, KEe, 18886.277826, MEe, 3.147712971e+00, E, -2.000000, NP, 6000 2000
463900, t, 2.547469e-02, KEe, 18826.144044, MEe, 3.137690674e+00, E, -2.000000, NP, 6000 2000
464000, t, 2.548018e-02, KEe, 18930.755799, MEe, 3.155125967e+00, E, -2.000000, NP, 6000 2000
464100, t, 2.548567e-02, KEe, 19000.759391, MEe, 3.166793232e+00, E, -2.000000, NP, 6000 2000
464200, t, 2.549117e-02, KEe, 19017.807817, MEe, 3.169634636e+00, E, -2.000000, NP, 6000 2000
464300, t, 2.549666e-02, KEe, 19064.996072, MEe, 3.177499345e+00, E, -2.000000, NP, 6000 2000
464400, t, 2.550215e-02, KEe, 19001.628270, MEe, 3.166938045e+00, E, -2.000000, NP, 6000 2000
464500, t, 2.550764e-02, KEe, 19001.266225, MEe, 3.166877704e+00, E, -2.000000, NP, 6000 2000
464600, t, 2.551313e-02, KEe, 18960.848826, MEe, 3.160141471e+00, E, -2.000000, NP, 6000 2000
464700, t, 2.551862e-02, KEe, 19014.387334, MEe, 3.169064556e+00, E, -2.000000, NP, 6000 2000
464800, t, 2.552411e-02, KEe, 18992.816259, MEe, 3.165469377e+00, E, -2.000000, NP, 6000 2000
464900, t, 2.552961e-02, KEe, 18968.676231, MEe, 3.161446039e+00, E, -2.000000, NP, 6000 2000
465000, t, 2.553510e-02, KEe, 19000.978666, MEe, 3.166829778e+00, E, -2.000000, NP, 6000 2000
465100, t, 2.554059e-02, KEe, 18997.043280, MEe, 3.166173880e+00, E, -2.000000, NP, 6000 2000
465200, t, 2.554608e-02, KEe, 18972.770670, MEe, 3.162128445e+00, E, -2.000000, NP, 6000 2000
465300, t, 2.555157e-02, KEe, 18959.346120, MEe, 3.159891020e+00, E, -2.000000, NP, 6000 2000
465400, t, 2.555706e-02, KEe, 18956.442378, MEe, 3.159407063e+00, E, -2.000000, NP, 6000 2000
465500, t, 2.556255e-02, KEe, 18914.664322, MEe, 3.152444054e+00, E, -2.000000, NP, 6000 2000
465600, t, 2.556804e-02, KEe, 18832.338684, MEe, 3.138723114e+00, E, -2.000000, NP, 6000 2000
465700, t, 2.557354e-02, KEe, 18856.908998, MEe, 3.142818166e+00, E, -2.000000, NP, 6000 2000
465800, t, 2.557903e-02, KEe, 18835.281840, MEe, 3.139213640e+00, E, -2.000000, NP, 6000 2000
465900, t, 2.558452e-02, KEe, 18896.719939, MEe, 3.149453323e+00, E, -2.000000, NP, 6000 2000
466000, t, 2.559001e-02, KEe, 18795.294030, MEe, 3.132549005e+00, E, -2.000000, NP, 6000 2000
466100, t, 2.559550e-02, KEe, 18827.787709, MEe, 3.137964618e+00, E, -2.000000, NP, 6000 2000
466200, t, 2.560099e-02, KEe, 18757.715956, MEe, 3.126285993e+00, E, -2.000000, NP, 6000 2000
466300, t, 2.560648e-02, KEe, 18865.990033, MEe, 3.144331672e+00, E, -2.000000, NP, 6000 2000
466400, t, 2.561198e-02, KEe, 18851.643421, MEe, 3.141940570e+00, E, -2.000000, NP, 6000 2000
466500, t, 2.561747e-02, KEe, 18810.349120, MEe, 3.135058187e+00, E, -2.000000, NP, 6000 2000
466600, t, 2.562296e-02, KEe, 18702.437445, MEe, 3.117072908e+00, E, -2.000000, NP, 6000 2000
466700, t, 2.562845e-02, KEe, 18647.195627, MEe, 3.107865938e+00, E, -2.000000, NP, 6000 2000
466800, t, 2.563394e-02, KEe, 18619.653341, MEe, 3.103275557e+00, E, -2.000000, NP, 6000 2000
466900, t, 2.563943e-02, KEe, 18714.020410, MEe, 3.119003402e+00, E, -2.000000, NP, 6000 2000
467000, t, 2.564492e-02, KEe, 18779.101235, MEe, 3.129850206e+00, E, -2.000000, NP, 6000 2000
467100, t, 2.565042e-02, KEe, 18832.081587, MEe, 3.138680265e+00, E, -2.000000, NP, 6000 2000
467200, t, 2.565591e-02, KEe, 18839.585013, MEe, 3.139930836e+00, E, -2.000000, NP, 6000 2000
467300, t, 2.566140e-02, KEe, 18827.802841, MEe, 3.137967140e+00, E, -2.000000, NP, 6000 2000
467400, t, 2.566689e-02, KEe, 18793.323535, MEe, 3.132220589e+00, E, -2.000000, NP, 6000 2000
467500, t, 2.567238e-02, KEe, 18823.797818, MEe, 3.137299636e+00, E, -2.000000, NP, 6000 2000
467600, t, 2.567787e-02, KEe, 18816.232565, MEe, 3.136038761e+00, E, -2.000000, NP, 6000 2000
467700, t, 2.568336e-02, KEe, 18858.544653, MEe, 3.143090776e+00, E, -2.000000, NP, 6000 2000
467800, t, 2.568886e-02, KEe, 18909.311075, MEe, 3.151551846e+00, E, -2.000000, NP, 6000 2000
467900, t, 2.569435e-02, KEe, 18944.360731, MEe, 3.157393455e+00, E, -2.000000, NP, 6000 2000
468000, t, 2.569984e-02, KEe, 18851.726795, MEe, 3.141954466e+00, E, -2.000000, NP, 6000 2000
468100, t, 2.570533e-02, KEe, 18830.639725, MEe, 3.138439954e+00, E, -2.000000, NP, 6000 2000
468200, t, 2.571082e-02, KEe, 18841.850167, MEe, 3.140308361e+00, E, -2.000000, NP, 6000 2000
468300, t, 2.571631e-02, KEe, 18901.000694, MEe, 3.150166782e+00, E, -2.000000, NP, 6000 2000
468400, t, 2.572180e-02, KEe, 18876.841245, MEe, 3.146140207e+00, E, -2.000000, NP, 6000 2000
468500, t, 2.572730e-02, KEe, 18932.453726, MEe, 3.155408954e+00, E, -2.000000, NP, 6000 2000
468600, t, 2.573279e-02, KEe, 18932.271243, MEe, 3.155378540e+00, E, -2.000000, NP, 6000 2000
468700, t, 2.573828e-02, KEe, 18873.351533, MEe, 3.145558589e+00, E, -2.000000, NP, 6000 2000
468800, t, 2.574377e-02, KEe, 18914.729764, MEe, 3.152454961e+00, E, -2.000000, NP, 6000 2000
468900, t, 2.574926e-02, KEe, 18808.185712, MEe, 3.134697619e+00, E, -2.000000, NP, 6000 2000
469000, t, 2.575475e-02, KEe, 18802.984134, MEe, 3.133830689e+00, E, -2.000000, NP, 6000 2000
469100, t, 2.576024e-02, KEe, 18891.159517, MEe, 3.148526586e+00, E, -2.000000, NP, 6000 2000
469200, t, 2.576574e-02, KEe, 18920.142584, MEe, 3.153357097e+00, E, -2.000000, NP, 6000 2000
469300, t, 2.577123e-02, KEe, 18848.177723, MEe, 3.141362954e+00, E, -2.000000, NP, 6000 2000
469400, t, 2.577672e-02, KEe, 18896.640741, MEe, 3.149440123e+00, E, -2.000000, NP, 6000 2000
469500, t, 2.578221e-02, KEe, 18861.488738, MEe, 3.143581456e+00, E, -2.000000, NP, 6000 2000
469600, t, 2.578770e-02, KEe, 18884.043877, MEe, 3.147340646e+00, E, -2.000000, NP, 6000 2000
469700, t, 2.579319e-02, KEe, 18848.865659, MEe, 3.141477610e+00, E, -2.000000, NP, 6000 2000
469800, t, 2.579868e-02, KEe, 18871.088657, MEe, 3.145181443e+00, E, -2.000000, NP, 6000 2000
469900, t, 2.580418e-02, KEe, 18890.118582, MEe, 3.148353097e+00, E, -2.000000, NP, 6000 2000
470000, t, 2.580967e-02, KEe, 18900.289314, MEe, 3.150048219e+00, E, -2.000000, NP, 6000 2000
470100, t, 2.581516e-02, KEe, 18934.001857, MEe, 3.155666976e+00, E, -2.000000, NP, 6000 2000
470200, t, 2.582065e-02, KEe, 18956.865188, MEe, 3.159477531e+00, E, -2.000000, NP, 6000 2000
470300, t, 2.582614e-02, KEe, 19079.140518, MEe, 3.179856753e+00, E, -2.000000, NP, 6000 2000
470400, t, 2.583163e-02, KEe, 19015.296029, MEe, 3.169216005e+00, E, -2.000000, NP, 6000 2000
470500, t, 2.583712e-02, KEe, 18943.070620, MEe, 3.157178437e+00, E, -2.000000, NP, 6000 2000
470600, t, 2.584262e-02, KEe, 18797.025986, MEe, 3.132837664e+00, E, -2.000000, NP, 6000 2000
470700, t, 2.584811e-02, KEe, 18744.659341, MEe, 3.124109890e+00, E, -2.000000, NP, 6000 2000
470800, t, 2.585360e-02, KEe, 18742.029282, MEe, 3.123671547e+00, E, -2.000000, NP, 6000 2000
470900, t, 2.585909e-02, KEe, 18785.989553, MEe, 3.130998259e+00, E, -2.000000, NP, 6000 2000
471000, t, 2.586458e-02, KEe, 18831.456997, MEe, 3.138576166e+00, E, -2.000000, NP, 6000 2000
471100, t, 2.587007e-02, KEe, 18877.306265, MEe, 3.146217711e+00, E, -2.000000, NP, 6000 2000
471200, t, 2.587556e-02, KEe, 18840.054429, MEe, 3.140009072e+00, E, -2.000000, NP, 6000 2000
471300, t, 2.588106e-02, KEe, 18836.599645, MEe, 3.139433274e+00, E, -2.000000, NP, 6000 2000
471400, t, 2.588655e-02, KEe, 18911.612905, MEe, 3.151935484e+00, E, -2.000000, NP, 6000 2000
471500, t, 2.589204e-02, KEe, 18941.801391, MEe, 3.156966898e+00, E, -2.000000, NP, 6000 2000
471600, t, 2.589753e-02, KEe, 18946.716820, MEe, 3.157786137e+00, E, -2.000000, NP, 6000 2000
471700, t, 2.590302e-02, KEe, 18970.586173, MEe, 3.161764362e+00, E, -2.000000, NP, 6000 2000
471800, t, 2.590851e-02, KEe, 18972.251668, MEe, 3.162041945e+00, E, -2.000000, NP, 6000 2000
471900, t, 2.591400e-02, KEe, 19055.343996, MEe, 3.175890666e+00, E, -2.000000, NP, 6000 2000
472000, t, 2.591950e-02, KEe, 19143.776246, MEe, 3.190629374e+00, E, -2.000000, NP, 6000 2000
472100, t, 2.592499e-02, KEe, 19162.234131, MEe, 3.193705688e+00, E, -2.000000, NP, 6000 2000
472200, t, 2.593048e-02, KEe, 19154.253665, MEe, 3.192375611e+00, E, -2.000000, NP, 6000 2000
472300, t, 2.593597e-02, KEe, 19181.245399, MEe, 3.196874233e+00, E, -2.000000, NP, 6000 2000
472400, t, 2.594146e-02, KEe, 19077.694118, MEe, 3.179615686e+00, E, -2.000000, NP, 6000 2000
472500, t, 2.594695e-02, KEe, 19091.400971, MEe, 3.181900162e+00, E, -2.000000, NP, 6000 2000
472600, t, 2.595244e-02, KEe, 19109.263023, MEe, 3.184877170e+00, E, -2.000000, NP, 6000 2000
472700, t, 2.595794e-02, KEe, 19097.719407, MEe, 3.182953234e+00, E, -2.000000, NP, 6000 2000
472800, t, 2.596343e-02, KEe, 19020.153169, MEe, 3.170025528e+00, E, -2.000000, NP, 6000 2000
472900, t, 2.596892e-02, KEe, 19062.046778, MEe, 3.177007796e+00, E, -2.000000, NP, 6000 2000
473000, t, 2.597441e-02, KEe, 19084.512726, MEe, 3.180752121e+00, E, -2.000000, NP, 6000 2000
473100, t, 2.597990e-02, KEe, 18970.236385, MEe, 3.161706064e+00, E, -2.000000, NP, 6000 2000
473200, t, 2.598539e-02, KEe, 18964.258831, MEe, 3.160709805e+00, E, -2.000000, NP, 6000 2000
473300, t, 2.599088e-02, KEe, 19018.337553, MEe, 3.169722926e+00, E, -2.000000, NP, 6000 2000
473400, t, 2.599638e-02, KEe, 18913.169613, MEe, 3.152194936e+00, E, -2.000000, NP, 6000 2000
473500, t, 2.600187e-02, KEe, 18973.024545, MEe, 3.162170757e+00, E, -2.000000, NP, 6000 2000
473600, t, 2.600736e-02, KEe, 19027.510055, MEe, 3.171251676e+00, E, -2.000000, NP, 6000 2000
473700, t, 2.601285e-02, KEe, 19044.506133, MEe, 3.174084356e+00, E, -2.000000, NP, 6000 2000
473800, t, 2.601834e-02, KEe, 19057.184320, MEe, 3.176197387e+00, E, -2.000000, NP, 6000 2000
473900, t, 2.602383e-02, KEe, 19028.380506, MEe, 3.171396751e+00, E, -2.000000, NP, 6000 2000
474000, t, 2.602932e-02, KEe, 19028.518620, MEe, 3.171419770e+00, E, -2.000000, NP, 6000 2000
474100, t, 2.603482e-02, KEe, 19006.517186, MEe, 3.167752864e+00, E, -2.000000, NP, 6000 2000
474200, t, 2.604031e-02, KEe, 19017.280292, MEe, 3.169546715e+00, E, -2.000000, NP, 6000 2000
474300, t, 2.604580e-02, KEe, 19029.877671, MEe, 3.171646278e+00, E, -2.000000, NP, 6000 2000
474400, t, 2.605129e-02, KEe, 18943.809440, MEe, 3.157301573e+00, E, -2.000000, NP, 6000 2000
474500, t, 2.605678e-02, KEe, 18955.998395, MEe, 3.159333066e+00, E, -2.000000, NP, 6000 2000
474600, t, 2.606227e-02, KEe, 18918.982727, MEe, 3.153163788e+00, E, -2.000000, NP, 6000 2000
474700, t, 2.606776e-02, KEe, 18865.905454, MEe, 3.144317576e+00, E, -2.000000, NP, 6000 2000
474800, t, 2.607326e-02, KEe, 18938.883106, MEe, 3.156480518e+00, E, -2.000000, NP, 6000 2000
474900, t, 2.607875e-02, KEe, 18975.441283, MEe, 3.162573547e+00, E, -2.000000, NP, 6000 2000
475000, t, 2.608424e-02, KEe, 18978.254204, MEe, 3.163042367e+00, E, -2.000000, NP, 6000 2000
475100, t, 2.608973e-02, KEe, 19035.070501, MEe, 3.172511750e+00, E, -2.000000, NP, 6000 2000
475200, t, 2.609522e-02, KEe, 19014.033732, MEe, 3.169005622e+00, E, -2.000000, NP, 6000 2000
475300, t, 2.610071e-02, KEe, 19028.818966, MEe, 3.171469828e+00, E, -2.000000, NP, 6000 2000
475400, t, 2.610620e-02, KEe, 18898.858716, MEe, 3.149809786e+00, E, -2.000000, NP, 6000 2000
475500, t, 2.611170e-02, KEe, 18845.797514, MEe, 3.140966252e+00, E, -2.000000, NP, 6000 2000
475600, t, 2.611719e-02, KEe, 18807.182875, MEe, 3.134530479e+00, E, -2.000000, NP, 6000 2000
475700, t, 2.612268e-02, KEe, 18799.215812, MEe, 3.133202635e+00, E, -2.000000, NP, 6000 2000
475800, t, 2.612817e-02, KEe, 18841.754987, MEe, 3.140292498e+00, E, -2.000000, NP, 6000 2000
475900, t, 2.613366e-02, KEe, 18832.534893, MEe, 3.138755815e+00, E, -2.000000, NP, 6000 2000
476000, t, 2.613915e-02, KEe, 18878.692760, MEe, 3.146448793e+00, E, -2.000000, NP, 6000 2000
476100, t, 2.614464e-02, KEe, 18904.185369, MEe, 3.150697561e+00, E, -2.000000, NP, 6000 2000
476200, t, 2.615014e-02, KEe, 18821.745801, MEe, 3.136957633e+00, E, -2.000000, NP, 6000 2000
476300, t, 2.615563e-02, KEe, 18806.308991, MEe, 3.134384832e+00, E, -2.000000, NP, 6000 2000
476400, t, 2.616112e-02, KEe, 18838.218848, MEe, 3.139703141e+00, E, -2.000000, NP, 6000 2000
476500, t, 2.616661e-02, KEe, 18733.796684, MEe, 3.122299447e+00, E, -2.000000, NP, 6000 2000
476600, t, 2.617210e-02, KEe, 18764.426383, MEe, 3.127404397e+00, E, -2.000000, NP, 6000 2000
476700, t, 2.617759e-02, KEe, 18771.579204, MEe, 3.128596534e+00, E, -2.000000, NP, 6000 2000
476800, t, 2.618308e-02, KEe, 18716.537379, MEe, 3.119422897e+00, E, -2.000000, NP, 6000 2000
476900, t, 2.618858e-02, KEe, 18736.782989, MEe, 3.122797165e+00, E, -2.000000, NP, 6000 2000
477000, t, 2.619407e-02, KEe, 18686.729297, MEe, 3.114454883e+00, E, -2.000000, NP, 6000 2000
477100, t, 2.619956e-02, KEe, 18712.995715, MEe, 3.118832619e+00, E, -2.000000, NP, 6000 2000
477200, t, 2.620505e-02, KEe, 18733.960291, MEe, 3.122326715e+00, E, -2.000000, NP, 6000 2000
477300, t, 2.621054e-02, KEe, 18726.166103, MEe, 3.121027684e+00, E, -2.000000, NP, 6000 2000
477400, t, 2.621603e-02, KEe, 18722.401706, MEe, 3.120400284e+00, E, -2.000000, NP, 6000 2000
477500, t, 2.622152e-02, KEe, 18880.084212, MEe, 3.146680702e+00, E, -2.000000, NP, 6000 2000
477600, t, 2.622702e-02, KEe, 18914.205277, MEe, 3.152367546e+00, E, -2.000000, NP, 6000 2000
477700, t, 2.623251e-02, KEe, 18866.101747, MEe, 3.144350291e+00, E, -2.000000, NP, 6000 2000
477800, t, 2.623800e-02, KEe, 18805.823585, MEe, 3.134303931e+00, E, -2.000000, NP, 6000 2000
477900, t, 2.624349e-02, KEe, 18744.322798, MEe, 3.124053800e+00, E, -2.000000, NP, 6000 2000
478000, t, 2.624898e-02, KEe, 18813.640594, MEe, 3.135606766e+00, E, -2.000000, NP, 6000 2000
478100, t, 2.625447e-02, KEe, 18780.559805, MEe, 3.130093301e+00, E, -2.000000, NP, 6000 2000
478200, t, 2.625996e-02, KEe, 18804.511015, MEe, 3.134085169e+00, E, -2.000000, NP, 6000 2000
478300, t, 2.626546e-02, KEe, 18811.168662, MEe, 3.135194777e+00, E, -2.000000, NP, 6000 2000
478400, t, 2.627095e-02, KEe, 18836.266443, MEe, 3.139377741e+00, E, -2.000000, NP, 6000 2000
478500, t, 2.627644e-02, KEe, 18834.991881, MEe, 3.139165313e+00, E, -2.000000, NP, 6000 2000
478600, t, 2.628193e-02, KEe, 18722.128780, MEe, 3.120354797e+00, E, -2.000000, NP, 6000 2000
478700, t, 2.628742e-02, KEe, 18785.517896, MEe, 3.130919649e+00, E, -2.000000, NP, 6000 2000
478800, t, 2.629291e-02, KEe, 18717.062482, MEe, 3.119510414e+00, E, -2.000000, NP, 6000 2000
478900, t, 2.629840e-02, KEe, 18697.568503, MEe, 3.116261417e+00, E, -2.000000, NP, 6000 2000
479000, t, 2.630390e-02, KEe, 18664.967717, MEe, 3.110827953e+00, E, -2.000000, NP, 6000 2000
479100, t, 2.630939e-02, KEe, 18643.863975, MEe, 3.107310662e+00, E, -2.000000, NP, 6000 2000
479200, t, 2.631488e-02, KEe, 18637.590118, MEe, 3.106265020e+00, E, -2.000000, NP, 6000 2000
479300, t, 2.632037e-02, KEe, 18651.700789, MEe, 3.108616798e+00, E, -2.000000, NP, 6000 2000
479400, t, 2.632586e-02, KEe, 18854.199145, MEe, 3.142366524e+00, E, -2.000000, NP, 6000 2000
479500, t, 2.633135e-02, KEe, 18892.578984, MEe, 3.148763164e+00, E, -2.000000, NP, 6000 2000
479600, t, 2.633684e-02, KEe, 18913.631645, MEe, 3.152271941e+00, E, -2.000000, NP, 6000 2000
479700, t, 2.634233e-02, KEe, 18941.123694, MEe, 3.156853949e+00, E, -2.000000, NP, 6000 2000
479800, t, 2.634783e-02, KEe, 18941.897940, MEe, 3.156982990e+00, E, -2.000000, NP, 6000 2000
479900, t, 2.635332e-02, KEe, 18918.965648, MEe, 3.153160941e+00, E, -2.000000, NP, 6000 2000
480000, t, 2.635881e-02, KEe, 18936.868018, MEe, 3.156144670e+00, E, -2.000000, NP, 6000 2000
480100, t, 2.636430e-02, KEe, 18935.703373, MEe, 3.155950562e+00, E, -2.000000, NP, 6000 2000
480200, t, 2.636979e-02, KEe, 18935.505015, MEe, 3.155917502e+00, E, -2.000000, NP, 6000 2000
480300, t, 2.637528e-02, KEe, 18914.596177, MEe, 3.152432696e+00, E, -2.000000, NP, 6000 2000
480400, t, 2.638077e-02, KEe, 18884.168823, MEe, 3.147361470e+00, E, -2.000000, NP, 6000 2000
480500, t, 2.638627e-02, KEe, 18900.850587, MEe, 3.150141764e+00, E, -2.000000, NP, 6000 2000
480600, t, 2.639176e-02, KEe, 18922.357514, MEe, 3.153726252e+00, E, -2.000000, NP, 6000 2000
480700, t, 2.639725e-02, KEe, 18989.368968, MEe, 3.164894828e+00, E, -2.000000, NP, 6000 2000
480800, t, 2.640274e-02, KEe, 18972.503810, MEe, 3.162083968e+00, E, -2.000000, NP, 6000 2000
480900, t, 2.640823e-02, KEe, 18858.960484, MEe, 3.143160081e+00, E, -2.000000, NP, 6000 2000
481000, t, 2.641372e-02, KEe, 18850.498169, MEe, 3.141749695e+00, E, -2.000000, NP, 6000 2000
481100, t, 2.641921e-02, KEe, 18871.697667, MEe, 3.145282945e+00, E, -2.000000, NP, 6000 2000
481200, t, 2.642471e-02, KEe, 18892.385351, MEe, 3.148730892e+00, E, -2.000000, NP, 6000 2000
481300, t, 2.643020e-02, KEe, 18928.108211, MEe, 3.154684702e+00, E, -2.000000, NP, 6000 2000
481400, t, 2.643569e-02, KEe, 18924.291820, MEe, 3.154048637e+00, E, -2.000000, NP, 6000 2000
481500, t, 2.644118e-02, KEe, 18923.130468, MEe, 3.153855078e+00, E, -2.000000, NP, 6000 2000
481600, t, 2.644667e-02, KEe, 18891.829551, MEe, 3.148638259e+00, E, -2.000000, NP, 6000 2000
481700, t, 2.645216e-02, KEe, 18937.651701, MEe, 3.156275284e+00, E, -2.000000, NP, 6000 2000
481800, t, 2.645765e-02, KEe, 18896.116887, MEe, 3.149352815e+00, E, -2.000000, NP, 6000 2000
481900, t, 2.646315e-02, KEe, 18844.359833, MEe, 3.140726639e+00, E, -2.000000, NP, 6000 2000
482000, t, 2.646864e-02, KEe, 18847.895414, MEe, 3.141315902e+00, E, -2.000000, NP, 6000 2000
482100, t, 2.647413e-02, KEe, 18828.395468, MEe, 3.138065911e+00, E, -2.000000, NP, 6000 2000
482200, t, 2.647962e-02, KEe, 18847.131216, MEe, 3.141188536e+00, E, -2.000000, NP, 6000 2000
482300, t, 2.648511e-02, KEe, 18868.725021, MEe, 3.144787504e+00, E, -2.000000, NP, 6000 2000
482400, t, 2.649060e-02, KEe, 18857.633739, MEe, 3.142938956e+00, E, -2.000000, NP, 6000 2000
482500, t, 2.649609e-02, KEe, 18902.504245, MEe, 3.150417374e+00, E, -2.000000, NP, 6000 2000
482600, t, 2.650159e-02, KEe, 18868.479460, MEe, 3.144746577e+00, E, -2.000000, NP, 6000 2000
482700, t, 2.650708e-02, KEe, 18921.728599, MEe, 3.153621433e+00, E, -2.000000, NP, 6000 2000
482800, t, 2.651257e-02, KEe, 18866.998744, MEe, 3.144499791e+00, E, -2.000000, NP, 6000 2000
482900, t, 2.651806e-02, KEe, 18867.984146, MEe, 3.144664024e+00, E, -2.000000, NP, 6000 2000
483000, t, 2.652355e-02, KEe, 18930.032817, MEe, 3.155005469e+00, E, -2.000000, NP, 6000 2000
483100, t, 2.652904e-02, KEe, 18973.671708, MEe, 3.162278618e+00, E, -2.000000, NP, 6000 2000
483200, t, 2.653453e-02, KEe, 18865.861456, MEe, 3.144310243e+00, E, -2.000000, NP, 6000 2000
483300, t, 2.654003e-02, KEe, 18824.504441, MEe, 3.137417407e+00, E, -2.000000, NP, 6000 2000
483400, t, 2.654552e-02, KEe, 18854.109212, MEe, 3.142351535e+00, E, -2.000000, NP, 6000 2000
483500, t, 2.655101e-02, KEe, 18918.131418, MEe, 3.153021903e+00, E, -2.000000, NP, 6000 2000
483600, t, 2.655650e-02, KEe, 18910.708093, MEe, 3.151784682e+00, E, -2.000000, NP, 6000 2000
483700, t, 2.656199e-02, KEe, 18870.085138, MEe, 3.145014190e+00, E, -2.000000, NP, 6000 2000
483800, t, 2.656748e-02, KEe, 18852.344911, MEe, 3.142057485e+00, E, -2.000000, NP, 6000 2000
483900, t, 2.657297e-02, KEe, 18902.335631, MEe, 3.150389272e+00, E, -2.000000, NP, 6000 2000
484000, t, 2.657847e-02, KEe, 18849.516230, MEe, 3.141586038e+00, E, -2.000000, NP, 6000 2000
484100, t, 2.658396e-02, KEe, 18834.003302, MEe, 3.139000550e+00, E, -2.000000, NP, 6000 2000
484200, t, 2.658945e-02, KEe, 18965.811022, MEe, 3.160968504e+00, E, -2.000000, NP, 6000 2000
484300, t, 2.659494e-02, KEe, 18947.955937, MEe, 3.157992656e+00, E, -2.000000, NP, 6000 2000
484400, t, 2.660043e-02, KEe, 18887.130760, MEe, 3.147855127e+00, E, -2.000000, NP, 6000 2000
484500, t, 2.660592e-02, KEe, 18896.998901, MEe, 3.149499817e+00, E, -2.000000, NP, 6000 2000
484600, t, 2.661141e-02, KEe, 18816.652834, MEe, 3.136108806e+00, E, -2.000000, NP, 6000 2000
484700, t, 2.661691e-02, KEe, 18799.705801, MEe, 3.133284300e+00, E, -2.000000, NP, 6000 2000
484800, t, 2.662240e-02, KEe, 18867.365318, MEe, 3.144560886e+00, E, -2.000000, NP, 6000 2000
484900, t, 2.662789e-02, KEe, 18860.591126, MEe, 3.143431854e+00, E, -2.000000, NP, 6000 2000
485000, t, 2.663338e-02, KEe, 18862.375523, MEe, 3.143729254e+00, E, -2.000000, NP, 6000 2000
485100, t, 2.663887e-02, KEe, 18901.352957, MEe, 3.150225493e+00, E, -2.000000, NP, 6000 2000
485200, t, 2.664436e-02, KEe, 18909.187155, MEe, 3.151531192e+00, E, -2.000000, NP, 6000 2000
485300, t, 2.664985e-02, KEe, 18904.582953, MEe, 3.150763825e+00, E, -2.000000, NP, 6000 2000
485400, t, 2.665535e-02, KEe, 18786.477836, MEe, 3.131079639e+00, E, -2.000000, NP, 6000 2000
485500, t, 2.666084e-02, KEe, 18805.554871, MEe, 3.134259145e+00, E, -2.000000, NP, 6000 2000
485600, t, 2.666633e-02, KEe, 18743.814362, MEe, 3.123969060e+00, E, -2.000000, NP, 6000 2000
485700, t, 2.667182e-02, KEe, 18868.664388, MEe, 3.144777398e+00, E, -2.000000, NP, 6000 2000
485800, t, 2.667731e-02, KEe, 18907.080329, MEe, 3.151180055e+00, E, -2.000000, NP, 6000 2000
485900, t, 2.668280e-02, KEe, 18899.713296, MEe, 3.149952216e+00, E, -2.000000, NP, 6000 2000
486000, t, 2.668829e-02, KEe, 18822.235292, MEe, 3.137039215e+00, E, -2.000000, NP, 6000 2000
486100, t, 2.669379e-02, KEe, 18777.887801, MEe, 3.129647967e+00, E, -2.000000, NP, 6000 2000
486200, t, 2.669928e-02, KEe, 18853.435983, MEe, 3.142239330e+00, E, -2.000000, NP, 6000 2000
486300, t, 2.670477e-02, KEe, 18898.198953, MEe, 3.149699825e+00, E, -2.000000, NP, 6000 2000
486400, t, 2.671026e-02, KEe, 18825.171218, MEe, 3.137528536e+00, E, -2.000000, NP, 6000 2000
486500, t, 2.671575e-02, KEe, 18848.471354, MEe, 3.141411892e+00, E, -2.000000, NP, 6000 2000
486600, t, 2.672124e-02, KEe, 18868.052397, MEe, 3.144675400e+00, E, -2.000000, NP, 6000 2000
486700, t, 2.672673e-02, KEe, 18819.647466, MEe, 3.136607911e+00, E, -2.000000, NP, 6000 2000
486800, t, 2.673223e-02, KEe, 18785.186998, MEe, 3.130864500e+00, E, -2.000000, NP, 6000 2000
486900, t, 2.673772e-02, KEe, 18752.177005, MEe, 3.125362834e+00, E, -2.000000, NP, 6000 2000
487000, t, 2.674321e-02, KEe, 18764.012259, MEe, 3.127335376e+00, E, -2.000000, NP, 6000 2000
487100, t, 2.674870e-02, KEe, 18672.384141, MEe, 3.112064024e+00, E, -2.000000, NP, 6000 2000
487200, t, 2.675419e-02, KEe, 18679.114582, MEe, 3.113185764e+00, E, -2.000000, NP, 6000 2000
487300, t, 2.675968e-02, KEe, 18839.781108, MEe, 3.139963518e+00, E, -2.000000, NP, 6000 2000
487400, t, 2.676517e-02, KEe, 18837.367832, MEe, 3.139561305e+00, E, -2.000000, NP, 6000 2000
487500, t, 2.677067e-02, KEe, 18839.655234, MEe, 3.139942539e+00, E, -2.000000, NP, 6000 2000
487600, t, 2.677616e-02, KEe, 18848.341343, MEe, 3.141390224e+00, E, -2.000000, NP, 6000 2000
487700, t, 2.678165e-02, KEe, 18798.647322, MEe, 3.133107887e+00, E, -2.000000, NP, 6000 2000
487800, t, 2.678714e-02, KEe, 18886.730302, MEe, 3.147788384e+00, E, -2.000000, NP, 6000 2000
487900, t, 2.679263e-02, KEe, 18870.560120, MEe, 3.145093353e+00, E, -2.000000, NP, 6000 2000
488000, t, 2.679812e-02, KEe, 18868.545478, MEe, 3.144757580e+00, E, -2.000000, NP, 6000 2000
488100, t, 2.680361e-02, KEe, 18847.394358, MEe, 3.141232393e+00, E, -2.000000, NP, 6000 2000
488200, t, 2.680911e-02, KEe, 18787.883583, MEe, 3.131313930e+00, E, -2.000000, NP, 6000 2000
488300, t, 2.681460e-02, KEe, 18780.511952, MEe, 3.130085325e+00, E, -2.000000, NP, 6000 2000
488400, t, 2.682009e-02, KEe, 18776.636173, MEe, 3.129439362e+00, E, -2.000000, NP, 6000 2000
488500, t, 2.682558e-02, KEe, 18690.311720, MEe, 3.115051953e+00, E, -2.000000, NP, 6000 2000
488600, t, 2.683107e-02, KEe, 18695.899782, MEe, 3.115983297e+00, E, -2.000000, NP, 6000 2000
488700, t, 2.683656e-02, KEe, 18727.005941, MEe, 3.121167657e+00, E, -2.000000, NP, 6000 2000
488800, t, 2.684205e-02, KEe, 18767.626593, MEe, 3.127937765e+00, E, -2.000000, NP, 6000 2000
488900, t, 2.684755e-02, KEe, 18848.575664, MEe, 3.141429277e+00, E, -2.000000, NP, 6000 2000
489000, t, 2.685304e-02, KEe, 18819.686574, MEe, 3.136614429e+00, E, -2.000000, NP, 6000 2000
489100, t, 2.685853e-02, KEe, 18858.230690, MEe, 3.143038448e+00, E, -2.000000, NP, 6000 2000
489200, t, 2.686402e-02, KEe, 18846.695989, MEe, 3.141115998e+00, E, -2.000000, NP, 6000 2000
489300, t, 2.686951e-02, KEe, 18850.996124, MEe, 3.141832687e+00, E, -2.000000, NP, 6000 2000
489400, t, 2.687500e-02, KEe, 18862.448750, MEe, 3.143741458e+00, E, -2.000000, NP, 6000 2000
489500, t, 2.688049e-02, KEe, 18860.045937, MEe, 3.143340989e+00, E, -2.000000, NP, 6000 2000
489600, t, 2.688599e-02, KEe, 18834.978018, MEe, 3.139163003e+00, E, -2.000000, NP, 6000 2000
489700, t, 2.689148e-02, KEe, 18801.054032, MEe, 3.133509005e+00, E, -2.000000, NP, 6000 2000
489800, t, 2.689697e-02, KEe, 18874.879969, MEe, 3.145813328e+00, E, -2.000000, NP, 6000 2000
489900, t, 2.690246e-02, KEe, 18828.889387, MEe, 3.138148231e+00, E, -2.000000, NP, 6000 2000
490000, t, 2.690795e-02, KEe, 18693.886228, MEe, 3.115647705e+00, E, -2.000000, NP, 6000 2000
490100, t, 2.691344e-02, KEe, 18755.517094, MEe, 3.125919516e+00, E, -2.000000, NP, 6000 2000
490200, t, 2.691893e-02, KEe, 18731.970422, MEe, 3.121995070e+00, E, -2.000000, NP, 6000 2000
490300, t, 2.692443e-02, KEe, 18770.141789, MEe, 3.128356965e+00, E, -2.000000, NP, 6000 2000
490400, t, 2.692992e-02, KEe, 18745.027894, MEe, 3.124171316e+00, E, -2.000000, NP, 6000 2000
490500, t, 2.693541e-02, KEe, 18717.628999, MEe, 3.119604833e+00, E, -2.000000, NP, 6000 2000
490600, t, 2.694090e-02, KEe, 18688.148957, MEe, 3.114691493e+00, E, -2.000000, NP, 6000 2000
490700, t, 2.694639e-02, KEe, 18625.562706, MEe, 3.104260451e+00, E, -2.000000, NP, 6000 2000
490800, t, 2.695188e-02, KEe, 18670.680438, MEe, 3.111780073e+00, E, -2.000000, NP, 6000 2000
490900, t, 2.695737e-02, KEe, 18757.405702, MEe, 3.126234284e+00, E, -2.000000, NP, 6000 2000
491000, t, 2.696287e-02, KEe, 18707.677629, MEe, 3.117946271e+00, E, -2.000000, NP, 6000 2000
491100, t, 2.696836e-02, KEe, 18837.074678, MEe, 3.139512446e+00, E, -2.000000, NP, 6000 2000
491200, t, 2.697385e-02, KEe, 18832.771645, MEe, 3.138795274e+00, E, -2.000000, NP, 6000 2000
491300, t, 2.697934e-02, KEe, 18821.701026, MEe, 3.136950171e+00, E, -2.000000, NP, 6000 2000
491400, t, 2.698483e-02, KEe, 18799.433076, MEe, 3.133238846e+00, E, -2.000000, NP, 6000 2000
491500, t, 2.699032e-02, KEe, 18844.841419, MEe, 3.140806903e+00, E, -2.000000, NP, 6000 2000
491600, t, 2.699581e-02, KEe, 18810.786692, MEe, 3.135131115e+00, E, -2.000000, NP, 6000 2000
491700, t, 2.700131e-02, KEe, 18823.402542, MEe, 3.137233757e+00, E, -2.000000, NP, 6000 2000
491800, t, 2.700680e-02, KEe, 18749.992583, MEe, 3.124998764e+00, E, -2.000000, NP, 6000 2000
491900, t, 2.701229e-02, KEe, 18707.447005, MEe, 3.117907834e+00, E, -2.000000, NP, 6000 2000
492000, t, 2.701778e-02, KEe, 18650.266744, MEe, 3.108377791e+00, E, -2.000000, NP, 6000 2000
492100, t, 2.702327e-02, KEe, 18712.430427, MEe, 3.118738405e+00, E, -2.000000, NP, 6000 2000
492200, t, 2.702876e-02, KEe, 18701.017910, MEe, 3.116836318e+00, E, -2.000000, NP, 6000 2000
492300, t, 2.703425e-02, KEe, 18738.932657, MEe, 3.123155443e+00, E, -2.000000, NP, 6000 2000
492400, t, 2.703975e-02, KEe, 18824.472726, MEe, 3.137412121e+00, E, -2.000000, NP, 6000 2000
492500, t, 2.704524e-02, KEe, 18848.739111, MEe, 3.141456518e+00, E, -2.000000, NP, 6000 2000
492600, t, 2.705073e-02, KEe, 18874.845384, MEe, 3.145807564e+00, E, -2.000000, NP, 6000 2000
492700, t, 2.705622e-02, KEe, 19009.310342, MEe, 3.168218390e+00, E, -2.000000, NP, 6000 2000
492800, t, 2.706171e-02, KEe, 18989.991913, MEe, 3.164998652e+00, E, -2.000000, NP, 6000 2000
492900, t, 2.706720e-02, KEe, 18910.540064, MEe, 3.151756677e+00, E, -2.000000, NP, 6000 2000
493000, t, 2.707269e-02, KEe, 19060.711767, MEe, 3.176785294e+00, E, -2.000000, NP, 6000 2000
493100, t, 2.707819e-02, KEe, 19016.192817, MEe, 3.169365469e+00, E, -2.000000, NP, 6000 2000
493200, t, 2.708368e-02, KEe, 19044.815996, MEe, 3.174135999e+00, E, -2.000000, NP, 6000 2000
493300, t, 2.708917e-02, KEe, 18992.655102, MEe, 3.165442517e+00, E, -2.000000, NP, 6000 2000
493400, t, 2.709466e-02, KEe, 18983.362825, MEe, 3.163893804e+00, E, -2.000000, NP, 6000 2000
493500, t, 2.710015e-02, KEe, 19091.143594, MEe, 3.181857266e+00, E, -2.000000, NP, 6000 2000
493600, t, 2.710564e-02, KEe, 19005.800193, MEe, 3.167633365e+00, E, -2.000000, NP, 6000 2000
493700, t, 2.711113e-02, KEe, 18953.241422, MEe, 3.158873570e+00, E, -2.000000, NP, 6000 2000
493800, t, 2.711662e-02, KEe, 18879.320986, MEe, 3.146553498e+00, E, -2.000000, NP, 6000 2000
493900, t, 2.712212e-02, KEe, 18837.513881, MEe, 3.139585647e+00, E, -2.000000, NP, 6000 2000
494000, t, 2.712761e-02, KEe, 18917.541471, MEe, 3.152923578e+00, E, -2.000000, NP, 6000 2000
494100, t, 2.713310e-02, KEe, 18893.160355, MEe, 3.148860059e+00, E, -2.000000, NP, 6000 2000
494200, t, 2.713859e-02, KEe, 18920.861359, MEe, 3.153476893e+00, E, -2.000000, NP, 6000 2000
494300, t, 2.714408e-02, KEe, 18885.059759, MEe, 3.147509960e+00, E, -2.000000, NP, 6000 2000
494400, t, 2.714957e-02, KEe, 18878.769212, MEe, 3.146461535e+00, E, -2.000000, NP, 6000 2000
494500, t, 2.715506e-02, KEe, 18954.846962, MEe, 3.159141160e+00, E, -2.000000, NP, 6000 2000
494600, t, 2.716056e-02, KEe, 18953.928120, MEe, 3.158988020e+00, E, -2.000000, NP, 6000 2000
494700, t, 2.716605e-02, KEe, 18950.077529, MEe, 3.158346255e+00, E, -2.000000, NP, 6000 2000
494800, t, 2.717154e-02, KEe, 18956.454378, MEe, 3.159409063e+00, E, -2.000000, NP, 6000 2000
494900, t, 2.717703e-02, KEe, 18971.737068, MEe, 3.161956178e+00, E, -2.000000, NP, 6000 2000
495000, t, 2.718252e-02, KEe, 18981.583871, MEe, 3.163597312e+00, E, -2.000000, NP, 6000 2000
495100, t, 2.718801e-02, KEe, 18939.251487, MEe, 3.156541915e+00, E, -2.000000, NP, 6000 2000
495200, t, 2.719350e-02, KEe, 18872.685887, MEe, 3.145447648e+00, E, -2.000000, NP, 6000 2000
495300, t, 2.719900e-02, KEe, 18831.941673, MEe, 3.138656945e+00, E, -2.000000, NP, 6000 2000
495400, t, 2.720449e-02, KEe, 18779.359743, MEe, 3.129893291e+00, E, -2.000000, NP, 6000 2000
495500, t, 2.720998e-02, KEe, 18750.317904, MEe, 3.125052984e+00, E, -2.000000, NP, 6000 2000
495600, t, 2.721547e-02, KEe, 18776.052983, MEe, 3.129342164e+00, E, -2.000000, NP, 6000 2000
495700, t, 2.722096e-02, KEe, 18773.940824, MEe, 3.128990137e+00, E, -2.000000, NP, 6000 2000
495800, t, 2.722645e-02, KEe, 18757.207206, MEe, 3.126201201e+00, E, -2.000000, NP, 6000 2000
495900, t, 2.723194e-02, KEe, 18797.677034, MEe, 3.132946172e+00, E, -2.000000, NP, 6000 2000
496000, t, 2.723744e-02, KEe, 18844.557479, MEe, 3.140759580e+00, E, -2.000000, NP, 6000 2000
496100, t, 2.724293e-02, KEe, 18901.493769, MEe, 3.150248961e+00, E, -2.000000, NP, 6000 2000
496200, t, 2.724842e-02, KEe, 18901.686844, MEe, 3.150281141e+00, E, -2.000000, NP, 6000 2000
496300, t, 2.725391e-02, KEe, 18934.293689, MEe, 3.155715615e+00, E, -2.000000, NP, 6000 2000
496400, t, 2.725940e-02, KEe, 18942.378547, MEe, 3.157063091e+00, E, -2.000000, NP, 6000 2000
496500, t, 2.726489e-02, KEe, 18904.698192, MEe, 3.150783032e+00, E, -2.000000, NP, 6000 2000
496600, t, 2.727038e-02, KEe, 18930.938746, MEe, 3.155156458e+00, E, -2.000000, NP, 6000 2000
496700, t, 2.727588e-02, KEe, 18981.321627, MEe, 3.163553604e+00, E, -2.000000, NP, 6000 2000
496800, t, 2.728137e-02, KEe, 19049.802620, MEe, 3.174967103e+00, E, -2.000000, NP, 6000 2000
496900, t, 2.728686e-02, KEe, 19002.435502, MEe, 3.167072584e+00, E, -2.000000, NP, 6000 2000
497000, t, 2.729235e-02, KEe, 19123.094846, MEe, 3.187182474e+00, E, -2.000000, NP, 6000 2000
497100, t, 2.729784e-02, KEe, 19068.430272, MEe, 3.178071712e+00, E, -2.000000, NP, 6000 2000
497200, t, 2.730333e-02, KEe, 19116.165505, MEe, 3.186027584e+00, E, -2.000000, NP, 6000 2000
497300, t, 2.730882e-02, KEe, 19117.554320, MEe, 3.186259053e+00, E, -2.000000, NP, 6000 2000
497400, t, 2.731432e-02, KEe, 19221.390695, MEe, 3.203565116e+00, E, -2.000000, NP, 6000 2000
497500, t, 2.731981e-02, KEe, 19143.986093, MEe, 3.190664349e+00, E, -2.000000, NP, 6000 2000
497600, t, 2.732530e-02, KEe, 19123.223625, MEe, 3.187203938e+00, E, -2.000000, NP, 6000 2000
497700, t, 2.733079e-02, KEe, 19161.683206, MEe, 3.193613868e+00, E, -2.000000, NP, 6000 2000
497800, t, 2.733628e-02, KEe, 19104.666611, MEe, 3.184111102e+00, E, -2.000000, NP, 6000 2000
497900, t, 2.734177e-02, KEe, 18991.266468, MEe, 3.165211078e+00, E, -2.000000, NP, 6000 2000
498000, t, 2.734726e-02, KEe, 18915.766543, MEe, 3.152627757e+00, E, -2.000000, NP, 6000 2000
498100, t, 2.735276e-02, KEe, 19029.660911, MEe, 3.171610152e+00, E, -2.000000, NP, 6000 2000
498200, t, 2.735825e-02, KEe, 19066.380082, MEe, 3.177730014e+00, E, -2.000000, NP, 6000 2000
498300, t, 2.736374e-02, KEe, 19125.238656, MEe, 3.187539776e+00, E, -2.000000, NP, 6000 2000
498400, t, 2.736923e-02, KEe, 19115.355290, MEe, 3.185892548e+00, E, -2.000000, NP, 6000 2000
498500, t, 2.737472e-02, KEe, 18997.088042, MEe, 3.166181340e+00, E, -2.000000, NP, 6000 2000
498600, t, 2.738021e-02, KEe, 19073.943832, MEe, 3.178990639e+00, E, -2.000000, NP, 6000 2000
498700, t, 2.738570e-02, KEe, 19107.208311, MEe, 3.184534718e+00, E, -2.000000, NP, 6000 2000
498800, t, 2.739120e-02, KEe, 19067.844551, MEe, 3.177974092e+00, E, -2.000000, NP, 6000 2000
498900, t, 2.739669e-02, KEe, 19163.450270, MEe, 3.193908378e+00, E, -2.000000, NP, 6000 2000
499000, t, 2.740218e-02, KEe, 19122.407853, MEe, 3.187067975e+00, E, -2.000000, NP, 6000 2000
499100, t, 2.740767e-02, KEe, 19060.574723, MEe, 3.176762454e+00, E, -2.000000, NP, 6000 2000
499200, t, 2.741316e-02, KEe, 19072.438329, MEe, 3.178739721e+00, E, -2.000000, NP, 6000 2000
499300, t, 2.741865e-02, KEe, 19100.557586, MEe, 3.183426264e+00, E, -2.000000, NP, 6000 2000
499400, t, 2.742414e-02, KEe, 19128.986805, MEe, 3.188164467e+00, E, -2.000000, NP, 6000 2000
499500, t, 2.742964e-02, KEe, 19097.349663, MEe, 3.182891610e+00, E, -2.000000, NP, 6000 2000
499600, t, 2.743513e-02, KEe, 19059.170549, MEe, 3.176528425e+00, E, -2.000000, NP, 6000 2000
499700, t, 2.744062e-02, KEe, 19044.412462, MEe, 3.174068744e+00, E, -2.000000, NP, 6000 2000
499800, t, 2.744611e-02, KEe, 19100.134839, MEe, 3.183355806e+00, E, -2.000000, NP, 6000 2000
499900, t, 2.745160e-02, KEe, 19078.024386, MEe, 3.179670731e+00, E, -2.000000, NP, 6000 2000
500000, t, 2.745709e-02, KEe, 19084.515791, MEe, 3.180752632e+00, E, -2.000000, NP, 6000 2000
500100, t, 2.746258e-02, KEe, 19071.947518, MEe, 3.178657920e+00, E, -2.000000, NP, 6000 2000
500200, t, 2.746808e-02, KEe, 19098.294818, MEe, 3.183049136e+00, E, -2.000000, NP, 6000 2000
500300, t, 2.747357e-02, KEe, 18999.989968, MEe, 3.166664995e+00, E, -2.000000, NP, 6000 2000
500400, t, 2.747906e-02, KEe, 18975.748838, MEe, 3.162624806e+00, E, -2.000000, NP, 6000 2000
500500, t, 2.748455e-02, KEe, 18978.460966, MEe, 3.163076828e+00, E, -2.000000, NP, 6000 2000
500600, t, 2.749004e-02, KEe, 18943.177976, MEe, 3.157196329e+00, E, -2.000000, NP, 6000 2000
500700, t, 2.749553e-02, KEe, 18976.851795, MEe, 3.162808632e+00, E, -2.000000, NP, 6000 2000
500800, t, 2.750102e-02, KEe, 18918.968327, MEe, 3.153161388e+00, E, -2.000000, NP, 6000 2000
500900, t, 2.750652e-02, KEe, 18858.366384, MEe, 3.143061064e+00, E, -2.000000, NP, 6000 2000
501000, t, 2.751201e-02, KEe, 18907.451384, MEe, 3.151241897e+00, E, -2.000000, NP, 6000 2000
501100, t, 2.751750e-02, KEe, 18923.027787, MEe, 3.153837965e+00, E, -2.000000, NP, 6000 2000
501200, t, 2.752299e-02, KEe, 18858.382722, MEe, 3.143063787e+00, E, -2.000000, NP, 6000 2000
501300, t, 2.752848e-02, KEe, 18793.933741, MEe, 3.132322290e+00, E, -2.000000, NP, 6000 2000
501400, t, 2.753397e-02, KEe, 18830.635988, MEe, 3.138439331e+00, E, -2.000000, NP, 6000 2000
501500, t, 2.753946e-02, KEe, 18848.874177, MEe, 3.141479030e+00, E, -2.000000, NP, 6000 2000
501600, t, 2.754496e-02, KEe, 18813.758734, MEe, 3.135626456e+00, E, -2.000000, NP, 6000 2000
501700, t, 2.755045e-02, KEe, 18812.812548, MEe, 3.135468758e+00, E, -2.000000, NP, 6000 2000
501800, t, 2.755594e-02, KEe, 18658.158632, MEe, 3.109693105e+00, E, -2.000000, NP, 6000 2000
501900, t, 2.756143e-02, KEe, 18675.737080, MEe, 3.112622847e+00, E, -2.000000, NP, 6000 2000
502000, t, 2.756692e-02, KEe, 18658.081415, MEe, 3.109680236e+00, E, -2.000000, NP, 6000 2000
502100, t, 2.757241e-02, KEe, 18655.336410, MEe, 3.109222735e+00, E, -2.000000, NP, 6000 2000
502200, t, 2.757790e-02, KEe, 18764.085983, MEe, 3.127347664e+00, E, -2.000000, NP, 6000 2000
502300, t, 2.758340e-02, KEe, 18841.883804, MEe, 3.140313967e+00, E, -2.000000, NP, 6000 2000
502400, t, 2.758889e-02, KEe, 18894.909073, MEe, 3.149151512e+00, E, -2.000000, NP, 6000 2000
502500, t, 2.759438e-02, KEe, 18937.404890, MEe, 3.156234148e+00, E, -2.000000, NP, 6000 2000
502600, t, 2.759987e-02, KEe, 18959.363492, MEe, 3.159893915e+00, E, -2.000000, NP, 6000 2000
502700, t, 2.760536e-02, KEe, 18940.352481, MEe, 3.156725414e+00, E, -2.000000, NP, 6000 2000
502800, t, 2.761085e-02, KEe, 18893.390122, MEe, 3.148898354e+00, E, -2.000000, NP, 6000 2000
502900, t, 2.761634e-02, KEe, 18923.810370, MEe, 3.153968395e+00, E, -2.000000, NP, 6000 2000
503000, t, 2.762184e-02, KEe, 18880.379068, MEe, 3.146729845e+00, E, -2.000000, NP, 6000 2000
503100, t, 2.762733e-02, KEe, 18904.942808, MEe, 3.150823801e+00, E, -2.000000, NP, 6000 2000
503200, t, 2.763282e-02, KEe, 18887.886306, MEe, 3.147981051e+00, E, -2.000000, NP, 6000 2000
503300, t, 2.763831e-02, KEe, 18787.106484, MEe, 3.131184414e+00, E, -2.000000, NP, 6000 2000
503400, t, 2.764380e-02, KEe, 18811.673305, MEe, 3.135278884e+00, E, -2.000000, NP, 6000 2000
503500, t, 2.764929e-02, KEe, 18718.697558, MEe, 3.119782926e+00, E, -2.000000, NP, 6000 2000
503600, t, 2.765478e-02, KEe, 18772.121658, MEe, 3.128686943e+00, E, -2.000000, NP, 6000 2000
503700, t, 2.766028e-02, KEe, 18804.671660, MEe, 3.134111943e+00, E, -2.000000, NP, 6000 2000
503800, t, 2.766577e-02, KEe, 18793.664238, MEe, 3.132277373e+00, E, -2.000000, NP, 6000 2000
503900, t, 2.767126e-02, KEe, 18797.800172, MEe, 3.132966695e+00, E, -2.000000, NP, 6000 2000
504000, t, 2.767675e-02, KEe, 18797.914402, MEe, 3.132985734e+00, E, -2.000000, NP, 6000 2000
504100, t, 2.768224e-02, KEe, 18858.227427, MEe, 3.143037905e+00, E, -2.000000, NP, 6000 2000
504200, t, 2.768773e-02, KEe, 18762.398372, MEe, 3.127066395e+00, E, -2.000000, NP, 6000 2000
504300, t, 2.769322e-02, KEe, 18833.134123, MEe, 3.138855687e+00, E, -2.000000, NP, 6000 2000
504400, t, 2.769872e-02, KEe, 18850.680388, MEe, 3.141780065e+00, E, -2.000000, NP, 6000 2000
504500, t, 2.770421e-02, KEe, 18958.497281, MEe, 3.159749547e+00, E, -2.000000, NP, 6000 2000
504600, t, 2.770970e-02, KEe, 18976.178901, MEe, 3.162696484e+00, E, -2.000000, NP, 6000 2000
504700, t, 2.771519e-02, KEe, 19038.267387, MEe, 3.173044564e+00, E, -2.000000, NP, 6000 2000
504800, t, 2.772068e-02, KEe, 19032.324367, MEe, 3.172054061e+00, E, -2.000000, NP, 6000 2000
504900, t, 2.772617e-02, KEe, 19031.432616, MEe, 3.171905436e+00, E, -2.000000, NP, 6000 2000
505000, t, 2.773166e-02, KEe, 19059.201228, MEe, 3.176533538e+00, E, -2.000000, NP, 6000 2000
505100, t, 2.773716e-02, KEe, 18997.327186, MEe, 3.166221198e+00, E, -2.000000, NP, 6000 2000
505200, t, 2.774265e-02, KEe, 18933.253239, MEe, 3.155542206e+00, E, -2.000000, NP, 6000 2000
505300, t, 2.774814e-02, KEe, 18913.501757, MEe, 3.152250293e+00, E, -2.000000, NP, 6000 2000
505400, t, 2.775363e-02, KEe, 18882.927024, MEe, 3.147154504e+00, E, -2.000000, NP, 6000 2000
505500, t, 2.775912e-02, KEe, 18907.600651, MEe, 3.151266775e+00, E, -2.000000, NP, 6000 2000
505600, t, 2.776461e-02, KEe, 19021.026835, MEe, 3.170171139e+00, E, -2.000000, NP, 6000 2000
505700, t, 2.777010e-02, KEe, 19018.741559, MEe, 3.169790260e+00, E, -2.000000, NP, 6000 2000
505800, t, 2.777560e-02, KEe, 19044.770192, MEe, 3.174128365e+00, E, -2.000000, NP, 6000 2000
505900, t, 2.778109e-02, KEe, 19067.587048, MEe, 3.177931175e+00, E, -2.000000, NP, 6000 2000
506000, t, 2.778658e-02, KEe, 19172.226702, MEe, 3.195371117e+00, E, -2.000000, NP, 6000 2000
506100, t, 2.779207e-02, KEe, 19012.250123, MEe, 3.168708354e+00, E, -2.000000, NP, 6000 2000
506200, t, 2.779756e-02, KEe, 18967.915543, MEe, 3.161319257e+00, E, -2.000000, NP, 6000 2000
506300, t, 2.780305e-02, KEe, 19093.917766, MEe, 3.182319628e+00, E, -2.000000, NP, 6000 2000
506400, t, 2.780854e-02, KEe, 19102.228571, MEe, 3.183704762e+00, E, -2.000000, NP, 6000 2000
506500, t, 2.781404e-02, KEe, 19064.569574, MEe, 3.177428262e+00, E, -2.000000, NP, 6000 2000
506600, t, 2.781953e-02, KEe, 19048.470544, MEe, 3.174745091e+00, E, -2.000000, NP, 6000 2000
506700, t, 2.782502e-02, KEe, 18998.724140, MEe, 3.166454023e+00, E, -2.000000, NP, 6000 2000
506800, t, 2.783051e-02, KEe, 18946.613963, MEe, 3.157768994e+00, E, -2.000000, NP, 6000 2000
506900, t, 2.783600e-02, KEe, 18987.116036, MEe, 3.164519339e+00, E, -2.000000, NP, 6000 2000
507000, t, 2.784149e-02, KEe, 18939.288018, MEe, 3.156548003e+00, E, -2.000000, NP, 6000 2000
507100, t, 2.784698e-02, KEe, 18897.769263, MEe, 3.149628210e+00, E, -2.000000, NP, 6000 2000
507200, t, 2.785248e-02, KEe, 18864.890532, MEe, 3.144148422e+00, E, -2.000000, NP, 6000 2000
507300, t, 2.785797e-02, KEe, 18918.240690, MEe, 3.153040115e+00, E, -2.000000, NP, 6000 2000
507400, t, 2.786346e-02, KEe, 18880.117145, MEe, 3.146686191e+00, E, -2.000000, NP, 6000 2000
507500, t, 2.786895e-02, KEe, 18860.375658, MEe, 3.143395943e+00, E, -2.000000, NP, 6000 2000
507600, t, 2.787444e-02, KEe, 18912.976082, MEe, 3.152162680e+00, E, -2.000000, NP, 6000 2000
507700, t, 2.787993e-02, KEe, 18924.882212, MEe, 3.154147035e+00, E, -2.000000, NP, 6000 2000
507800, t, 2.788542e-02, KEe, 18971.021913, MEe, 3.161836985e+00, E, -2.000000, NP, 6000 2000
507900, t, 2.789092e-02, KEe, 19046.054411, MEe, 3.174342402e+00, E, -2.000000, NP, 6000 2000
508000, t, 2.789641e-02, KEe, 19043.666526, MEe, 3.173944421e+00, E, -2.000000, NP, 6000 2000
508100, t, 2.790190e-02, KEe, 19052.865840, MEe, 3.175477640e+00, E, -2.000000, NP, 6000 2000
508200, t, 2.790739e-02, KEe, 19029.104456, MEe, 3.171517409e+00, E, -2.000000, NP, 6000 2000
508300, t, 2.791288e-02, KEe, 19061.741034, MEe, 3.176956839e+00, E, -2.000000, NP, 6000 2000
508400, t, 2.791837e-02, KEe, 18905.431456, MEe, 3.150905243e+00, E, -2.000000, NP, 6000 2000
508500, t, 2.792386e-02, KEe, 18965.203377, MEe, 3.160867230e+00, E, -2.000000, NP, 6000 2000
508600, t, 2.792935e-02, KEe, 19003.051965, MEe, 3.167175328e+00, E, -2.000000, NP, 6000 2000
508700, t, 2.793485e-02, KEe, 19005.050201, MEe, 3.167508367e+00, E, -2.000000, NP, 6000 2000
508800, t, 2.794034e-02, KEe, 18968.427643, MEe, 3.161404607e+00, E, -2.000000, NP, 6000 2000
508900, t, 2.794583e-02, KEe, 18991.658193, MEe, 3.165276366e+00, E, -2.000000, NP, 6000 2000
509000, t, 2.795132e-02, KEe, 18958.426594, MEe, 3.159737766e+00, E, -2.000000, NP, 6000 2000
509100, t, 2.795681e-02, KEe, 18915.429290, MEe, 3.152571548e+00, E, -2.000000, NP, 6000 2000
509200, t, 2.796230e-02, KEe, 18902.480603, MEe, 3.150413434e+00, E, -2.000000, NP, 6000 2000
509300, t, 2.796779e-02, KEe, 18964.578401, MEe, 3.160763067e+00, E, -2.000000, NP, 6000 2000
509400, t, 2.797329e-02, KEe, 19005.787024, MEe, 3.167631171e+00, E, -2.000000, NP, 6000 2000
509500, t, 2.797878e-02, KEe, 18985.993787, MEe, 3.164332298e+00, E, -2.000000, NP, 6000 2000
509600, t, 2.798427e-02, KEe, 18991.829992, MEe, 3.165304999e+00, E, -2.000000, NP, 6000 2000
509700, t, 2.798976e-02, KEe, 18983.350024, MEe, 3.163891671e+00, E, -2.000000, NP, 6000 2000
509800, t, 2.799525e-02, KEe, 19001.361438, MEe, 3.166893573e+00, E, -2.000000, NP, 6000 2000
509900, t, 2.800074e-02, KEe, 18954.081843, MEe, 3.159013640e+00, E, -2.000000, NP, 6000 2000
510000, t, 2.800623e-02, KEe, 18944.758279, MEe, 3.157459713e+00, E, -2.000000, NP, 6000 2000
510100, t, 2.801173e-02, KEe, 18930.926484, MEe, 3.155154414e+00, E, -2.000000, NP, 6000 2000
510200, t, 2.801722e-02, KEe, 19008.744370, MEe, 3.168124062e+00, E, -2.000000, NP, 6000 2000
510300, t, 2.802271e-02, KEe, 19055.148480, MEe, 3.175858080e+00, E, -2.000000, NP, 6000 2000
510400, t, 2.802820e-02, KEe, 19096.240558, MEe, 3.182706760e+00, E, -2.000000, NP, 6000 2000
510500, t, 2.803369e-02, KEe, 19066.622678, MEe, 3.177770446e+00, E, -2.000000, NP, 6000 2000
510600, t, 2.803918e-02, KEe, 19174.734949, MEe, 3.195789158e+00, E, -2.000000, NP, 6000 2000
510700, t, 2.804467e-02, KEe, 19128.150489, MEe, 3.188025082e+00, E, -2.000000, NP, 6000 2000
510800, t, 2.805017e-02, KEe, 19189.038005, MEe, 3.198173001e+00, E, -2.000000, NP, 6000 2000
510900, t, 2.805566e-02, KEe, 19168.235079, MEe, 3.194705846e+00, E, -2.000000, NP, 6000 2000
511000, t, 2.806115e-02, KEe, 19143.772973, MEe, 3.190628829e+00, E, -2.000000, NP, 6000 2000
511100, t, 2.806664e-02, KEe, 19192.404162, MEe, 3.198734027e+00, E, -2.000000, NP, 6000 2000
511200, t, 2.807213e-02, KEe, 19241.636906, MEe, 3.206939484e+00, E, -2.000000, NP, 6000 2000
511300, t, 2.807762e-02, KEe, 19214.490686, MEe, 3.202415114e+00, E, -2.000000, NP, 6000 2000
511400, t, 2.808311e-02, KEe, 19098.471482, MEe, 3.183078580e+00, E, -2.000000, NP, 6000 2000
511500, t, 2.808861e-02, KEe, 19029.725556, MEe, 3.171620926e+00, E, -2.000000, NP, 6000 2000
511600, t, 2.809410e-02, KEe, 19081.116070, MEe, 3.180186012e+00, E, -2.000000, NP, 6000 2000
511700, t, 2.809959e-02, KEe, 18976.004327, MEe, 3.162667388e+00, E, -2.000000, NP, 6000 2000
511800, t, 2.810508e-02, KEe, 18963.256897, MEe, 3.160542816e+00, E, -2.000000, NP, 6000 2000
511900, t, 2.811057e-02, KEe, 18943.360593, MEe, 3.157226765e+00, E, -2.000000, NP, 6000 2000
512000, t, 2.811606e-02, KEe, 18852.552013, MEe, 3.142092002e+00, E, -2.000000, NP, 6000 2000
512100, t, 2.812155e-02, KEe, 18734.938633, MEe, 3.122489772e+00, E, -2.000000, NP, 6000 2000
512200, t, 2.812705e-02, KEe, 18682.203345, MEe, 3.113700557e+00, E, -2.000000, NP, 6000 2000
512300, t, 2.813254e-02, KEe, 18625.714467, MEe, 3.104285745e+00, E, -2.000000, NP, 6000 2000
512400, t, 2.813803e-02, KEe, 18671.469452, MEe, 3.111911575e+00, E, -2.000000, NP, 6000 2000
512500, t, 2.814352e-02, KEe, 18681.535793, MEe, 3.113589299e+00, E, -2.000000, NP, 6000 2000
512600, t, 2.814901e-02, KEe, 18609.790725, MEe, 3.101631788e+00, E, -2.000000, NP, 6000 2000
512700, t, 2.815450e-02, KEe, 18548.378741, MEe, 3.091396457e+00, E, -2.000000, NP, 6000 2000
512800, t, 2.815999e-02, KEe, 18549.890196, MEe, 3.091648366e+00, E, -2.000000, NP, 6000 2000
512900, t, 2.816549e-02, KEe, 18598.604826, MEe, 3.099767471e+00, E, -2.000000, NP, 6000 2000
513000, t, 2.817098e-02, KEe, 18687.444367, MEe, 3.114574061e+00, E, -2.000000, NP, 6000 2000
513100, t, 2.817647e-02, KEe, 18673.905713, MEe, 3.112317619e+00, E, -2.000000, NP, 6000 2000
513200, t, 2.818196e-02, KEe, 18715.267487, MEe, 3.119211248e+00, E, -2.000000, NP, 6000 2000
513300, t, 2.818745e-02, KEe, 18624.270849, MEe, 3.104045141e+00, E, -2.000000, NP, 6000 2000
513400, t, 2.819294e-02, KEe, 18609.696300, MEe, 3.101616050e+00, E, -2.000000, NP, 6000 2000
513500, t, 2.819843e-02, KEe, 18630.518498, MEe, 3.105086416e+00, E, -2.000000, NP, 6000 2000
513600, t, 2.820393e-02, KEe, 18608.569683, MEe, 3.101428280e+00, E, -2.000000, NP, 6000 2000
513700, t, 2.820942e-02, KEe, 18568.052985, MEe, 3.094675498e+00, E, -2.000000, NP, 6000 2000
513800, t, 2.821491e-02, KEe, 18621.867105, MEe, 3.103644518e+00, E, -2.000000, NP, 6000 2000
513900, t, 2.822040e-02, KEe, 18627.641763, MEe, 3.104606960e+00, E, -2.000000, NP, 6000 2000
514000, t, 2.822589e-02, KEe, 18580.434737, MEe, 3.096739123e+00, E, -2.000000, NP, 6000 2000
514100, t, 2.823138e-02, KEe, 18571.267398, MEe, 3.095211233e+00, E, -2.000000, NP, 6000 2000
514200, t, 2.823687e-02, KEe, 18545.446399, MEe, 3.090907733e+00, E, -2.000000, NP, 6000 2000
514300, t, 2.824237e-02, KEe, 18492.238826, MEe, 3.082039804e+00, E, -2.000000, NP, 6000 2000
514400, t, 2.824786e-02, KEe, 18565.158940, MEe, 3.094193157e+00, E, -2.000000, NP, 6000 2000
514500, t, 2.825335e-02, KEe, 18569.521945, MEe, 3.094920324e+00, E, -2.000000, NP, 6000 2000
514600, t, 2.825884e-02, KEe, 18504.264428, MEe, 3.084044071e+00, E, -2.000000, NP, 6000 2000
514700, t, 2.826433e-02, KEe, 18541.824700, MEe, 3.090304117e+00, E, -2.000000, NP, 6000 2000
514800, t, 2.826982e-02, KEe, 18633.711304, MEe, 3.105618551e+00, E, -2.000000, NP, 6000 2000
514900, t, 2.827531e-02, KEe, 18637.712980, MEe, 3.106285497e+00, E, -2.000000, NP, 6000 2000
515000, t, 2.828081e-02, KEe, 18705.770465, MEe, 3.117628411e+00, E, -2.000000, NP, 6000 2000
515100, t, 2.828630e-02, KEe, 18701.330819, MEe, 3.116888470e+00, E, -2.000000, NP, 6000 2000
515200, t, 2.829179e-02, KEe, 18653.582226, MEe, 3.108930371e+00, E, -2.000000, NP, 6000 2000
515300, t, 2.829728e-02, KEe, 18568.365374, MEe, 3.094727562e+00, E, -2.000000, NP, 6000 2000
515400, t, 2.830277e-02, KEe, 18726.331450, MEe, 3.121055242e+00, E, -2.000000, NP, 6000 2000
515500, t, 2.830826e-02, KEe, 18785.843728, MEe, 3.130973955e+00, E, -2.000000, NP, 6000 2000
515600, t, 2.831375e-02, KEe, 18758.930131, MEe, 3.126488355e+00, E, -2.000000, NP, 6000 2000
515700, t, 2.831925e-02, KEe, 18816.031994, MEe, 3.136005332e+00, E, -2.000000, NP, 6000 2000
515800, t, 2.832474e-02, KEe, 18884.000753, MEe, 3.147333459e+00, E, -2.000000, NP, 6000 2000
515900, t, 2.833023e-02, KEe, 18772.000370, MEe, 3.128666728e+00, E, -2.000000, NP, 6000 2000
516000, t, 2.833572e-02, KEe, 18762.363957, MEe, 3.127060660e+00, E, -2.000000, NP, 6000 2000
516100, t, 2.834121e-02, KEe, 18754.603218, MEe, 3.125767203e+00, E, -2.000000, NP, 6000 2000
516200, t, 2.834670e-02, KEe, 18815.823988, MEe, 3.135970665e+00, E, -2.000000, NP, 6000 2000
516300, t, 2.835219e-02, KEe, 18767.207221, MEe, 3.127867870e+00, E, -2.000000, NP, 6000 2000
516400, t, 2.835769e-02, KEe, 18680.137890, MEe, 3.113356315e+00, E, -2.000000, NP, 6000 2000
516500, t, 2.836318e-02, KEe, 18614.716348, MEe, 3.102452725e+00, E, -2.000000, NP, 6000 2000
516600, t, 2.836867e-02, KEe, 18506.548619, MEe, 3.084424770e+00, E, -2.000000, NP, 6000 2000
516700, t, 2.837416e-02, KEe, 18494.976400, MEe, 3.082496067e+00, E, -2.000000, NP, 6000 2000
516800, t, 2.837965e-02, KEe, 18593.691984, MEe, 3.098948664e+00, E, -2.000000, NP, 6000 2000
516900, t, 2.838514e-02, KEe, 18637.958203, MEe, 3.106326367e+00, E, -2.000000, NP, 6000 2000
517000, t, 2.839063e-02, KEe, 18661.764386, MEe, 3.110294064e+00, E, -2.000000, NP, 6000 2000
517100, t, 2.839613e-02, KEe, 18731.295806, MEe, 3.121882634e+00, E, -2.000000, NP, 6000 2000
517200, t, 2.840162e-02, KEe, 18760.651700, MEe, 3.126775283e+00, E, -2.000000, NP, 6000 2000
517300, t, 2.840711e-02, KEe, 18750.552600, MEe, 3.125092100e+00, E, -2.000000, NP, 6000 2000
517400, t, 2.841260e-02, KEe, 18871.932910, MEe, 3.145322152e+00, E, -2.000000, NP, 6000 2000
517500, t, 2.841809e-02, KEe, 18895.925893, MEe, 3.149320982e+00, E, -2.000000, NP, 6000 2000
517600, t, 2.842358e-02, KEe, 18937.616792, MEe, 3.156269465e+00, E, -2.000000, NP, 6000 2000
517700, t, 2.842907e-02, KEe, 18949.577460, MEe, 3.158262910e+00, E, -2.000000, NP, 6000 2000
517800, t, 2.843457e-02, KEe, 18880.253424, MEe, 3.146708904e+00, E, -2.000000, NP, 6000 2000
517900, t, 2.844006e-02, KEe, 18909.075093, MEe, 3.151512516e+00, E, -2.000000, NP, 6000 2000
518000, t, 2.844555e-02, KEe, 18911.244430, MEe, 3.151874072e+00, E, -2.000000, NP, 6000 2000
518100, t, 2.845104e-02, KEe, 18931.145035, MEe, 3.155190839e+00, E, -2.000000, NP, 6000 2000
518200, t, 2.845653e-02, KEe, 18952.056586, MEe, 3.158676098e+00, E, -2.000000, NP, 6000 2000
518300, t, 2.846202e-02, KEe, 18944.113913, MEe, 3.157352319e+00, E, -2.000000, NP, 6000 2000
518400, t, 2.846751e-02, KEe, 18965.584732, MEe, 3.160930789e+00, E, -2.000000, NP, 6000 2000
518500, t, 2.847301e-02, KEe, 18951.470414, MEe, 3.158578402e+00, E, -2.000000, NP, 6000 2000
518600, t, 2.847850e-02, KEe, 18993.538842, MEe, 3.165589807e+00, E, -2.000000, NP, 6000 2000
518700, t, 2.848399e-02, KEe, 19020.356740, MEe, 3.170059457e+00, E, -2.000000, NP, 6000 2000
518800, t, 2.848948e-02, KEe, 19025.750007, MEe, 3.170958335e+00, E, -2.000000, NP, 6000 2000
518900, t, 2.849497e-02, KEe, 18976.915838, MEe, 3.162819306e+00, E, -2.000000, NP, 6000 2000
519000, t, 2.850046e-02, KEe, 18932.974056, MEe, 3.155495676e+00, E, -2.000000, NP, 6000 2000
519100, t, 2.850595e-02, KEe, 18921.700929, MEe, 3.153616821e+00, E, -2.000000, NP, 6000 2000
519200, t, 2.851145e-02, KEe, 18871.817733, MEe, 3.145302956e+00, E, -2.000000, NP, 6000 2000
519300, t, 2.851694e-02, KEe, 18848.420930, MEe, 3.141403488e+00, E, -2.000000, NP, 6000 2000
519400, t, 2.852243e-02, KEe, 18842.224975, MEe, 3.140370829e+00, E, -2.000000, NP, 6000 2000
519500, t, 2.852792e-02, KEe, 18821.361854, MEe, 3.136893642e+00, E, -2.000000, NP, 6000 2000
519600, t, 2.853341e-02, KEe, 18876.121029, MEe, 3.146020171e+00, E, -2.000000, NP, 6000 2000
519700, t, 2.853890e-02, KEe, 18847.154476, MEe, 3.141192413e+00, E, -2.000000, NP, 6000 2000
519800, t, 2.854439e-02, KEe, 18908.843480, MEe, 3.151473913e+00, E, -2.000000, NP, 6000 2000
519900, t, 2.854989e-02, KEe, 18919.917792, MEe, 3.153319632e+00, E, -2.000000, NP, 6000 2000
520000, t, 2.855538e-02, KEe, 18898.111252, MEe, 3.149685209e+00, E, -2.000000, NP, 6000 2000
520100, t, 2.856087e-02, KEe, 18950.021908, MEe, 3.158336985e+00, E, -2.000000, NP, 6000 2000
520200, t, 2.856636e-02, KEe, 18881.130057, MEe, 3.146855010e+00, E, -2.000000, NP, 6000 2000
520300, t, 2.857185e-02, KEe, 18822.611110, MEe, 3.137101852e+00, E, -2.000000, NP, 6000 2000
520400, t, 2.857734e-02, KEe, 18869.012538, MEe, 3.144835423e+00, E, -2.000000, NP, 6000 2000
520500, t, 2.858283e-02, KEe, 18819.078597, MEe, 3.136513100e+00, E, -2.000000, NP, 6000 2000
520600, t, 2.858833e-02, KEe, 18837.654681, MEe, 3.139609113e+00, E, -2.000000, NP, 6000 2000
520700, t, 2.859382e-02, KEe, 18903.791801, MEe, 3.150631967e+00, E, -2.000000, NP, 6000 2000
520800, t, 2.859931e-02, KEe, 18807.730323, MEe, 3.134621720e+00, E, -2.000000, NP, 6000 2000
520900, t, 2.860480e-02, KEe, 18806.959955, MEe, 3.134493326e+00, E, -2.000000, NP, 6000 2000
521000, t, 2.861029e-02, KEe, 18840.393589, MEe, 3.140065598e+00, E, -2.000000, NP, 6000 2000
521100, t, 2.861578e-02, KEe, 18761.811173, MEe, 3.126968529e+00, E, -2.000000, NP, 6000 2000
521200, t, 2.862127e-02, KEe, 18745.140986, MEe, 3.124190164e+00, E, -2.000000, NP, 6000 2000
521300, t, 2.862677e-02, KEe, 18686.593486, MEe, 3.114432248e+00, E, -2.000000, NP, 6000 2000
521400, t, 2.863226e-02, KEe, 18646.272098, MEe, 3.107712016e+00, E, -2.000000, NP, 6000 2000
521500, t, 2.863775e-02, KEe, 18721.798868, MEe, 3.120299811e+00, E, -2.000000, NP, 6000 2000
521600, t, 2.864324e-02, KEe, 18817.114656, MEe, 3.136185776e+00, E, -2.000000, NP, 6000 2000
521700, t, 2.864873e-02, KEe, 18821.652709, MEe, 3.136942118e+00, E, -2.000000, NP, 6000 2000
521800, t, 2.865422e-02, KEe, 18831.803124, MEe, 3.138633854e+00, E, -2.000000, NP, 6000 2000
521900, t, 2.865971e-02, KEe, 18817.372318, MEe, 3.136228720e+00, E, -2.000000, NP, 6000 2000
522000, t, 2.866521e-02, KEe, 18790.018664, MEe, 3.131669777e+00, E, -2.000000, NP, 6000 2000
522100, t, 2.867070e-02, KEe, 18776.569011, MEe, 3.129428169e+00, E, -2.000000, NP, 6000 2000
522200, t, 2.867619e-02, KEe, 18721.690580, MEe, 3.120281763e+00, E, -2.000000, NP, 6000 2000
522300, t, 2.868168e-02, KEe, 18711.817958, MEe, 3.118636326e+00, E, -2.000000, NP, 6000 2000
522400, t, 2.868717e-02, KEe, 18714.584416, MEe, 3.119097403e+00, E, -2.000000, NP, 6000 2000
522500, t, 2.869266e-02, KEe, 18668.440986, MEe, 3.111406831e+00, E, -2.000000, NP, 6000 2000
522600, t, 2.869815e-02, KEe, 18655.293227, MEe, 3.109215538e+00, E, -2.000000, NP, 6000 2000
522700, t, 2.870364e-02, KEe, 18713.174416, MEe, 3.118862403e+00, E, -2.000000, NP, 6000 2000
522800, t, 2.870914e-02, KEe, 18757.512612, MEe, 3.126252102e+00, E, -2.000000, NP, 6000 2000
522900, t, 2.871463e-02, KEe, 18783.389628, MEe, 3.130564938e+00, E, -2.000000, NP, 6000 2000
523000, t, 2.872012e-02, KEe, 18833.114053, MEe, 3.138852342e+00, E, -2.000000, NP, 6000 2000
523100, t, 2.872561e-02, KEe, 18892.569385, MEe, 3.148761564e+00, E, -2.000000, NP, 6000 2000
523200, t, 2.873110e-02, KEe, 18823.130428, MEe, 3.137188405e+00, E, -2.000000, NP, 6000 2000
523300, t, 2.873659e-02, KEe, 18796.377657, MEe, 3.132729610e+00, E, -2.000000, NP, 6000 2000
523400, t, 2.874208e-02, KEe, 18798.694907, MEe, 3.133115818e+00, E, -2.000000, NP, 6000 2000
523500, t, 2.874758e-02, KEe, 18898.481859, MEe, 3.149746977e+00, E, -2.000000, NP, 6000 2000
523600, t, 2.875307e-02, KEe, 18831.337845, MEe, 3.138556307e+00, E, -2.000000, NP, 6000 2000
523700, t, 2.875856e-02, KEe, 18828.804799, MEe, 3.138134133e+00, E, -2.000000, NP, 6000 2000
523800, t, 2.876405e-02, KEe, 18801.036629, MEe, 3.133506105e+00, E, -2.000000, NP, 6000 2000
523900, t, 2.876954e-02, KEe, 18758.769108, MEe, 3.126461518e+00, E, -2.000000, NP, 6000 2000
524000, t, 2.877503e-02, KEe, 18735.673140, MEe, 3.122612190e+00, E, -2.000000, NP, 6000 2000
524100, t, 2.878052e-02, KEe, 18795.049232, MEe, 3.132508205e+00, E, -2.000000, NP, 6000 2000
524200, t, 2.878602e-02, KEe, 18820.648120, MEe, 3.136774687e+00, E, -2.000000, NP, 6000 2000
524300, t, 2.879151e-02, KEe, 18814.922139, MEe, 3.135820357e+00, E, -2.000000, NP, 6000 2000
524400, t, 2.879700e-02, KEe, 18807.563490, MEe, 3.134593915e+00, E, -2.000000, NP, 6000 2000
524500, t, 2.880249e-02, KEe, 18715.125158, MEe, 3.119187526e+00, E, -2.000000, NP, 6000 2000
524600, t, 2.880798e-02, KEe, 18721.883390, MEe, 3.120313898e+00, E, -2.000000, NP, 6000 2000
524700, t, 2.881347e-02, KEe, 18695.095031, MEe, 3.115849172e+00, E, -2.000000, NP, 6000 2000
524800, t, 2.881896e-02, KEe, 18735.773641, MEe, 3.122628940e+00, E, -2.000000, NP, 6000 2000
524900, t, 2.882446e-02, KEe, 18741.653852, MEe, 3.123608975e+00, E, -2.000000, NP, 6000 2000
525000, t, 2.882995e-02, KEe, 18726.023813, MEe, 3.121003969e+00, E, -2.000000, NP, 6000 2000
525100, t, 2.883544e-02, KEe, 18805.939702, MEe, 3.134323284e+00, E, -2.000000, NP, 6000 2000
525200, t, 2.884093e-02, KEe, 18852.833795, MEe, 3.142138966e+00, E, -2.000000, NP, 6000 2000
525300, t, 2.884642e-02, KEe, 18814.477862, MEe, 3.135746310e+00, E, -2.000000, NP, 6000 2000
525400, t, 2.885191e-02, KEe, 18861.432154, MEe, 3.143572026e+00, E, -2.000000, NP, 6000 2000
525500, t, 2.885740e-02, KEe, 18900.496064, MEe, 3.150082677e+00, E, -2.000000, NP, 6000 2000
525600, t, 2.886290e-02, KEe, 18819.852346, MEe, 3.136642058e+00, E, -2.000000, NP, 6000 2000
525700, t, 2.886839e-02, KEe, 18780.551057, MEe, 3.130091843e+00, E, -2.000000, NP, 6000 2000
525800, t, 2.887388e-02, KEe, 18710.958061, MEe, 3.118493010e+00, E, -2.000000, NP, 6000 2000
525900, t, 2.887937e-02, KEe, 18791.059526, MEe, 3.131843254e+00, E, -2.000000, NP, 6000 2000
526000, t, 2.888486e-02, KEe, 18845.171763, MEe, 3.140861960e+00, E, -2.000000, NP, 6000 2000
526100, t, 2.889035e-02, KEe, 18909.415300, MEe, 3.151569217e+00, E, -2.000000, NP, 6000 2000
526200, t, 2.889584e-02, KEe, 18914.957872, MEe, 3.152492979e+00, E, -2.000000, NP, 6000 2000
526300, t, 2.890134e-02, KEe, 18854.983548, MEe, 3.142497258e+00, E, -2.000000, NP, 6000 2000
526400, t, 2.890683e-02, KEe, 18725.307118, MEe, 3.120884520e+00, E, -2.000000, NP, 6000 2000
526500, t, 2.891232e-02, KEe, 18793.467445, MEe, 3.132244574e+00, E, -2.000000, NP, 6000 2000
526600, t, 2.891781e-02, KEe, 18857.684419, MEe, 3.142947403e+00, E, -2.000000, NP, 6000 2000
526700, t, 2.892330e-02, KEe, 18809.177744, MEe, 3.134862957e+00, E, -2.000000, NP, 6000 2000
526800, t, 2.892879e-02, KEe, 18809.454384, MEe, 3.134909064e+00, E, -2.000000, NP, 6000 2000
526900, t, 2.893428e-02, KEe, 18763.797951, MEe, 3.127299658e+00, E, -2.000000, NP, 6000 2000
527000, t, 2.893978e-02, KEe, 18801.019484, MEe, 3.133503247e+00, E, -2.000000, NP, 6000 2000
527100, t, 2.894527e-02, KEe, 18850.645374, MEe, 3.141774229e+00, E, -2.000000, NP, 6000 2000
527200, t, 2.895076e-02, KEe, 18917.231545, MEe, 3.152871924e+00, E, -2.000000, NP, 6000 2000
527300, t, 2.895625e-02, KEe, 18849.010912, MEe, 3.141501819e+00, E, -2.000000, NP, 6000 2000
527400, t, 2.896174e-02, KEe, 18756.293431, MEe, 3.126048905e+00, E, -2.000000, NP, 6000 2000
527500, t, 2.896723e-02, KEe, 18855.155956, MEe, 3.142525993e+00, E, -2.000000, NP, 6000 2000
527600, t, 2.897272e-02, KEe, 18843.822701, MEe, 3.140637117e+00, E, -2.000000, NP, 6000 2000
527700, t, 2.897822e-02, KEe, 18903.149530, MEe, 3.150524922e+00, E, -2.000000, NP, 6000 2000
527800, t, 2.898371e-02, KEe, 18852.466057, MEe, 3.142077676e+00, E, -2.000000, NP, 6000 2000
527900, t, 2.898920e-02, KEe, 18892.020268, MEe, 3.148670045e+00, E, -2.000000, NP, 6000 2000
528000, t, 2.899469e-02, KEe, 18858.465515, MEe, 3.143077586e+00, E, -2.000000, NP, 6000 2000
528100, t, 2.900018e-02, KEe, 18958.424612, MEe, 3.159737435e+00, E, -2.000000, NP, 6000 2000
528200, t, 2.900567e-02, KEe, 18927.924563, MEe, 3.154654094e+00, E, -2.000000, NP, 6000 2000
528300, t, 2.901116e-02, KEe, 18880.330976, MEe, 3.146721829e+00, E, -2.000000, NP, 6000 2000
528400, t, 2.901666e-02, KEe, 18904.798382, MEe, 3.150799730e+00, E, -2.000000, NP, 6000 2000
528500, t, 2.902215e-02, KEe, 18827.034643, MEe, 3.137839107e+00, E, -2.000000, NP, 6000 2000
528600, t, 2.902764e-02, KEe, 18865.676547, MEe, 3.144279425e+00, E, -2.000000, NP, 6000 2000
528700, t, 2.903313e-02, KEe, 18857.713005, MEe, 3.142952168e+00, E, -2.000000, NP, 6000 2000
528800, t, 2.903862e-02, KEe, 18882.621720, MEe, 3.147103620e+00, E, -2.000000, NP, 6000 2000
528900, t, 2.904411e-02, KEe, 18878.940323, MEe, 3.146490054e+00, E, -2.000000, NP, 6000 2000
529000, t, 2.904960e-02, KEe, 18881.314819, MEe, 3.146885803e+00, E, -2.000000, NP, 6000 2000
529100, t, 2.905510e-02, KEe, 18893.077095, MEe, 3.148846182e+00, E, -2.000000, NP, 6000 2000
529200, t, 2.906059e-02, KEe, 18937.031445, MEe, 3.156171907e+00, E, -2.000000, NP, 6000 2000
529300, t, 2.906608e-02, KEe, 18860.355076, MEe, 3.143392513e+00, E, -2.000000, NP, 6000 2000
529400, t, 2.907157e-02, KEe, 18891.934490, MEe, 3.148655748e+00, E, -2.000000, NP, 6000 2000
529500, t, 2.907706e-02, KEe, 18883.157794, MEe, 3.147192966e+00, E, -2.000000, NP, 6000 2000
529600, t, 2.908255e-02, KEe, 18877.815261, MEe, 3.146302544e+00, E, -2.000000, NP, 6000 2000
529700, t, 2.908804e-02, KEe, 18861.457565, MEe, 3.143576261e+00, E, -2.000000, NP, 6000 2000
529800, t, 2.909354e-02, KEe, 18847.278097, MEe, 3.141213016e+00, E, -2.000000, NP, 6000 2000
529900, t, 2.909903e-02, KEe, 18762.357884, MEe, 3.127059647e+00, E, -2.000000, NP, 6000 2000
530000, t, 2.910452e-02, KEe, 18755.928270, MEe, 3.125988045e+00, E, -2.000000, NP, 6000 2000
530100, t, 2.911001e-02, KEe, 18758.510959, MEe, 3.126418493e+00, E, -2.000000, NP, 6000 2000
530200, t, 2.911550e-02, KEe, 18648.108416, MEe, 3.108018069e+00, E, -2.000000, NP, 6000 2000
530300, t, 2.912099e-02, KEe, 18667.109968, MEe, 3.111184995e+00, E, -2.000000, NP, 6000 2000
530400, t, 2.912648e-02, KEe, 18688.873203, MEe, 3.114812200e+00, E, -2.000000, NP, 6000 2000
530500, t, 2.913198e-02, KEe, 18671.361019, MEe, 3.111893503e+00, E, -2.000000, NP, 6000 2000
530600, t, 2.913747e-02, KEe, 18662.338783, MEe, 3.110389797e+00, E, -2.000000, NP, 6000 2000
530700, t, 2.914296e-02, KEe, 18728.343760, MEe, 3.121390627e+00, E, -2.000000, NP, 6000 2000
530800, t, 2.914845e-02, KEe, 18751.882875, MEe, 3.125313813e+00, E, -2.000000, NP, 6000 2000
530900, t, 2.915394e-02, KEe, 18696.931891, MEe, 3.116155315e+00, E, -2.000000, NP, 6000 2000
531000, t, 2.915943e-02, KEe, 18686.021223, MEe, 3.114336870e+00, E, -2.000000, NP, 6000 2000
531100, t, 2.916492e-02, KEe, 18635.606562, MEe, 3.105934427e+00, E, -2.000000, NP, 6000 2000
531200, t, 2.917042e-02, KEe, 18633.340356, MEe, 3.105556726e+00, E, -2.000000, NP, 6000 2000
531300, t, 2.917591e-02, KEe, 18641.464640, MEe, 3.106910773e+00, E, -2.000000, NP, 6000 2000
531400, t, 2.918140e-02, KEe, 18679.487180, MEe, 3.113247863e+00, E, -2.000000, NP, 6000 2000
531500, t, 2.918689e-02, KEe, 18647.385758, MEe, 3.107897626e+00, E, -2.000000, NP, 6000 2000
531600, t, 2.919238e-02, KEe, 18700.922650, MEe, 3.116820442e+00, E, -2.000000, NP, 6000 2000
531700, t, 2.919787e-02, KEe, 18744.461812, MEe, 3.124076969e+00, E, -2.000000, NP, 6000 2000
531800, t, 2.920336e-02, KEe, 18811.592829, MEe, 3.135265472e+00, E, -2.000000, NP, 6000 2000
531900, t, 2.920886e-02, KEe, 18750.880064, MEe, 3.125146677e+00, E, -2.000000, NP, 6000 2000
532000, t, 2.921435e-02, KEe, 18827.097660, MEe, 3.137849610e+00, E, -2.000000, NP, 6000 2000
532100, t, 2.921984e-02, KEe, 18895.050065, MEe, 3.149175011e+00, E, -2.000000, NP, 6000 2000
532200, t, 2.922533e-02, KEe, 19000.404878, MEe, 3.166734146e+00, E, -2.000000, NP, 6000 2000
532300, t, 2.923082e-02, KEe, 19061.274784, MEe, 3.176879131e+00, E, -2.000000, NP, 6000 2000
532400, t, 2.923631e-02, KEe, 19012.228855, MEe, 3.168704809e+00, E, -2.000000, NP, 6000 2000
532500, t, 2.924180e-02, KEe, 19064.274970, MEe, 3.177379162e+00, E, -2.000000, NP, 6000 2000
532600, t, 2.924730e-02, KEe, 19082.938381, MEe, 3.180489730e+00, E, -2.000000, NP, 6000 2000
532700, t, 2.925279e-02, KEe, 19032.776705, MEe, 3.172129451e+00, E, -2.000000, NP, 6000 2000
532800, t, 2.925828e-02, KEe, 19015.302364, MEe, 3.169217061e+00, E, -2.000000, NP, 6000 2000
532900, t, 2.926377e-02, KEe, 18956.441099, MEe, 3.159406850e+00, E, -2.000000, NP, 6000 2000
533000, t, 2.926926e-02, KEe, 18975.460321, MEe, 3.162576720e+00, E, -2.000000, NP, 6000 2000
533100, t, 2.927475e-02, KEe, 19032.734071, MEe, 3.172122345e+00, E, -2.000000, NP, 6000 2000
533200, t, 2.928024e-02, KEe, 18984.894822, MEe, 3.164149137e+00, E, -2.000000, NP, 6000 2000
533300, t, 2.928574e-02, KEe, 18773.664720, MEe, 3.128944120e+00, E, -2.000000, NP, 6000 2000
533400, t, 2.929123e-02, KEe, 18807.511585, MEe, 3.134585264e+00, E, -2.000000, NP, 6000 2000
533500, t, 2.929672e-02, KEe, 18772.103668, MEe, 3.128683945e+00, E, -2.000000, NP, 6000 2000
533600, t, 2.930221e-02, KEe, 18755.934013, MEe, 3.125989002e+00, E, -2.000000, NP, 6000 2000
533700, t, 2.930770e-02, KEe, 18771.925313, MEe, 3.128654219e+00, E, -2.000000, NP, 6000 2000
533800, t, 2.931319e-02, KEe, 18798.371552, MEe, 3.133061925e+00, E, -2.000000, NP, 6000 2000
533900, t, 2.931868e-02, KEe, 18801.731704, MEe, 3.133621951e+00, E, -2.000000, NP, 6000 2000
534000, t, 2.932418e-02, KEe, 18776.935818, MEe, 3.129489303e+00, E, -2.000000, NP, 6000 2000
534100, t, 2.932967e-02, KEe, 18802.208137, MEe, 3.133701356e+00, E, -2.000000, NP, 6000 2000
534200, t, 2.933516e-02, KEe, 18723.381857, MEe, 3.120563643e+00, E, -2.000000, NP, 6000 2000
534300, t, 2.934065e-02, KEe, 18734.285033, MEe, 3.122380839e+00, E, -2.000000, NP, 6000 2000
534400, t, 2.934614e-02, KEe, 18824.272724, MEe, 3.137378787e+00, E, -2.000000, NP, 6000 2000
534500, t, 2.935163e-02, KEe, 18786.406399, MEe, 3.131067733e+00, E, -2.000000, NP, 6000 2000
534600, t, 2.935712e-02, KEe, 18818.876263, MEe, 3.136479377e+00, E, -2.000000, NP, 6000 2000
534700, t, 2.936262e-02, KEe, 18831.070751, MEe, 3.138511792e+00, E, -2.000000, NP, 6000 2000
534800, t, 2.936811e-02, KEe, 18858.620351, MEe, 3.143103392e+00, E, -2.000000, NP, 6000 2000
534900, t, 2.937360e-02, KEe, 18874.022234, MEe, 3.145670372e+00, E, -2.000000, NP, 6000 2000
535000, t, 2.937909e-02, KEe, 18934.947062, MEe, 3.155824510e+00, E, -2.000000, NP, 6000 2000
535100, t, 2.938458e-02, KEe, 18928.489449, MEe, 3.154748242e+00, E, -2.000000, NP, 6000 2000
535200, t, 2.939007e-02, KEe, 18965.813772, MEe, 3.160968962e+00, E, -2.000000, NP, 6000 2000
535300, t, 2.939556e-02, KEe, 18935.533863, MEe, 3.155922310e+00, E, -2.000000, NP, 6000 2000
535400, t, 2.940106e-02, KEe, 18977.422597, MEe, 3.162903766e+00, E, -2.000000, NP, 6000 2000
535500, t, 2.940655e-02, KEe, 18993.694806, MEe, 3.165615801e+00, E, -2.000000, NP, 6000 2000
535600, t, 2.941204e-02, KEe, 18927.876845, MEe, 3.154646141e+00, E, -2.000000, NP, 6000 2000
535700, t, 2.941753e-02, KEe, 18877.133538, MEe, 3.146188923e+00, E, -2.000000, NP, 6000 2000
535800, t, 2.942302e-02, KEe, 18857.213591, MEe, 3.142868932e+00, E, -2.000000, NP, 6000 2000
535900, t, 2.942851e-02, KEe, 18813.275237, MEe, 3.135545873e+00, E, -2.000000, NP, 6000 2000
536000, t, 2.943400e-02, KEe, 18758.714310, MEe, 3.126452385e+00, E, -2.000000, NP, 6000 2000
536100, t, 2.943950e-02, KEe, 18789.318513, MEe, 3.131553085e+00, E, -2.000000, NP, 6000 2000
536200, t, 2.944499e-02, KEe, 18738.877995, MEe, 3.123146332e+00, E, -2.000000, NP, 6000 2000
536300, t, 2.945048e-02, KEe, 18775.083782, MEe, 3.129180630e+00, E, -2.000000, NP, 6000 2000
536400, t, 2.945597e-02, KEe, 18768.016300, MEe, 3.128002717e+00, E, -2.000000, NP, 6000 2000
536500, t, 2.946146e-02, KEe, 18686.839394, MEe, 3.114473232e+00, E, -2.000000, NP, 6000 2000
536600, t, 2.946695e-02, KEe, 18679.642304, MEe, 3.113273717e+00, E, -2.000000, NP, 6000 2000
536700, t, 2.947244e-02, KEe, 18629.290542, MEe, 3.104881757e+00, E, -2.000000, NP, 6000 2000
536800, t, 2.947793e-02, KEe, 18577.968073, MEe, 3.096328012e+00, E, -2.000000, NP, 6000 2000
536900, t, 2.948343e-02, KEe, 18618.587855, MEe, 3.103097976e+00, E, -2.000000, NP, 6000 2000
537000, t, 2.948892e-02, KEe, 18679.240985, MEe, 3.113206831e+00, E, -2.000000, NP, 6000 2000
537100, t, 2.949441e-02, KEe, 18743.905815, MEe, 3.123984302e+00, E, -2.000000, NP, 6000 2000
537200, t, 2.949990e-02, KEe, 18666.920647, MEe, 3.111153441e+00, E, -2.000000, NP, 6000 2000
537300, t, 2.950539e-02, KEe, 18589.466396, MEe, 3.098244399e+00, E, -2.000000, NP, 6000 2000
537400, t, 2.951088e-02, KEe, 18644.562822, MEe, 3.107427137e+00, E, -2.000000, NP, 6000 2000
537500, t, 2.951637e-02, KEe, 18612.377649, MEe, 3.102062942e+00, E, -2.000000, NP, 6000 2000
537600, t, 2.952187e-02, KEe, 18641.577978, MEe, 3.106929663e+00, E, -2.000000, NP, 6000 2000
537700, t, 2.952736e-02, KEe, 18657.402019, MEe, 3.109567003e+00, E, -2.000000, NP, 6000 2000
537800, t, 2.953285e-02, KEe, 18664.237408, MEe, 3.110706235e+00, E, -2.000000, NP, 6000 2000
537900, t, 2.953834e-02, KEe, 18662.260960, MEe, 3.110376827e+00, E, -2.000000, NP, 6000 2000
538000, t, 2.954383e-02, KEe, 18685.309077, MEe, 3.114218179e+00, E, -2.000000, NP, 6000 2000
538100, t, 2.954932e-02, KEe, 18738.997733, MEe, 3.123166289e+00, E, -2.000000, NP, 6000 2000
538200, t, 2.955481e-02, KEe, 18687.868778, MEe, 3.114644796e+00, E, -2.000000, NP, 6000 2000
538300, t, 2.956031e-02, KEe, 18794.568513, MEe, 3.132428086e+00, E, -2.000000, NP, 6000 2000
538400, t, 2.956580e-02, KEe, 18790.581505, MEe, 3.131763584e+00, E, -2.000000, NP, 6000 2000
538500, t, 2.957129e-02, KEe, 18754.748469, MEe, 3.125791412e+00, E, -2.000000, NP, 6000 2000
538600, t, 2.957678e-02, KEe, 18809.481210, MEe, 3.134913535e+00, E, -2.000000, NP, 6000 2000
538700, t, 2.958227e-02, KEe, 18801.909325, MEe, 3.133651554e+00, E, -2.000000, NP, 6000 2000
538800, t, 2.958776e-02, KEe, 18687.841411, MEe, 3.114640235e+00, E, -2.000000, NP, 6000 2000
538900, t, 2.959325e-02, KEe, 18774.139300, MEe, 3.129023217e+00, E, -2.000000, NP, 6000 2000
539000, t, 2.959875e-02, KEe, 18818.962884, MEe, 3.136493814e+00, E, -2.000000, NP, 6000 2000
539100, t, 2.960424e-02, KEe, 18848.464465, MEe, 3.141410744e+00, E, -2.000000, NP, 6000 2000
539200, t, 2.960973e-02, KEe, 18787.628340, MEe, 3.131271390e+00, E, -2.000000, NP, 6000 2000
539300, t, 2.961522e-02, KEe, 18735.320459, MEe, 3.122553410e+00, E, -2.000000, NP, 6000 2000
539400, t, 2.962071e-02, KEe, 18783.146443, MEe, 3.130524407e+00, E, -2.000000, NP, 6000 2000
539500, t, 2.962620e-02, KEe, 18701.551721, MEe, 3.116925287e+00, E, -2.000000, NP, 6000 2000
539600, t, 2.963169e-02, KEe, 18686.166019, MEe, 3.114361003e+00, E, -2.000000, NP, 6000 2000
539700, t, 2.963719e-02, KEe, 18580.389769, MEe, 3.096731628e+00, E, -2.000000, NP, 6000 2000
539800, t, 2.964268e-02, KEe, 18632.838139, MEe, 3.105473023e+00, E, -2.000000, NP, 6000 2000
539900, t, 2.964817e-02, KEe, 18733.534083, MEe, 3.122255681e+00, E, -2.000000, NP, 6000 2000
540000, t, 2.965366e-02, KEe, 18740.879952, MEe, 3.123479992e+00, E, -2.000000, NP, 6000 2000
540100, t, 2.965915e-02, KEe, 18698.040206, MEe, 3.116340034e+00, E, -2.000000, NP, 6000 2000
540200, t, 2.966464e-02, KEe, 18632.608202, MEe, 3.105434700e+00, E, -2.000000, NP, 6000 2000
540300, t, 2.967013e-02, KEe, 18629.450473, MEe, 3.104908412e+00, E, -2.000000, NP, 6000 2000
540400, t, 2.967563e-02, KEe, 18791.426387, MEe, 3.131904398e+00, E, -2.000000, NP, 6000 2000
540500, t, 2.968112e-02, KEe, 18838.238184, MEe, 3.139706364e+00, E, -2.000000, NP, 6000 2000
540600, t, 2.968661e-02, KEe, 18961.187838, MEe, 3.160197973e+00, E, -2.000000, NP, 6000 2000
540700, t, 2.969210e-02, KEe, 18922.365319, MEe, 3.153727553e+00, E, -2.000000, NP, 6000 2000
540800, t, 2.969759e-02, KEe, 18780.493793, MEe, 3.130082299e+00, E, -2.000000, NP, 6000 2000
540900, t, 2.970308e-02, KEe, 18754.931733, MEe, 3.125821955e+00, E, -2.000000, NP, 6000 2000
541000, t, 2.970857e-02, KEe, 18678.388972, MEe, 3.113064829e+00, E, -2.000000, NP, 6000 2000
541100, t, 2.971407e-02, KEe, 18593.144357, MEe, 3.098857393e+00, E, -2.000000, NP, 6000 2000
541200, t, 2.971956e-02, KEe, 18637.621845, MEe, 3.106270308e+00, E, -2.000000, NP, 6000 2000
541300, t, 2.972505e-02, KEe, 18660.730155, MEe, 3.110121693e+00, E, -2.000000, NP, 6000 2000
541400, t, 2.973054e-02, KEe, 18737.228999, MEe, 3.122871500e+00, E, -2.000000, NP, 6000 2000
541500, t, 2.973603e-02, KEe, 18740.012562, MEe, 3.123335427e+00, E, -2.000000, NP, 6000 2000
541600, t, 2.974152e-02, KEe, 18749.448939, MEe, 3.124908156e+00, E, -2.000000, NP, 6000 2000
541700, t, 2.974701e-02, KEe, 18759.563169, MEe, 3.126593862e+00, E, -2.000000, NP, 6000 2000
541800, t, 2.975251e-02, KEe, 18898.446651, MEe, 3.149741109e+00, E, -2.000000, NP, 6000 2000
541900, t, 2.975800e-02, KEe, 18791.550171, MEe, 3.131925028e+00, E, -2.000000, NP, 6000 2000
542000, t, 2.976349e-02, KEe, 18824.652286, MEe, 3.137442048e+00, E, -2.000000, NP, 6000 2000
542100, t, 2.976898e-02, KEe, 18823.034958, MEe, 3.137172493e+00, E, -2.000000, NP, 6000 2000
542200, t, 2.977447e-02, KEe, 18786.809036, MEe, 3.131134839e+00, E, -2.000000, NP, 6000 2000
542300, t, 2.977996e-02, KEe, 18784.360879, MEe, 3.130726813e+00, E, -2.000000, NP, 6000 2000
542400, t, 2.978545e-02, KEe, 18791.718959, MEe, 3.131953160e+00, E, -2.000000, NP, 6000 2000
542500, t, 2.979095e-02, KEe, 18839.307535, MEe, 3.139884589e+00, E, -2.000000, NP, 6000 2000
542600, t, 2.979644e-02, KEe, 18803.070752, MEe, 3.133845125e+00, E, -2.000000, NP, 6000 2000
542700, t, 2.980193e-02, KEe, 18812.784553, MEe, 3.135464092e+00, E, -2.000000, NP, 6000 2000
542800, t, 2.980742e-02, KEe, 18895.668486, MEe, 3.149278081e+00, E, -2.000000, NP, 6000 2000
542900, t, 2.981291e-02, KEe, 18919.990245, MEe, 3.153331707e+00, E, -2.000000, NP, 6000 2000
543000, t, 2.981840e-02, KEe, 18947.688215, MEe, 3.157948036e+00, E, -2.000000, NP, 6000 2000
543100, t, 2.982389e-02, KEe, 18914.102270, MEe, 3.152350378e+00, E, -2.000000, NP, 6000 2000
543200, t, 2.982939e-02, KEe, 18900.215380, MEe, 3.150035897e+00, E, -2.000000, NP, 6000 2000
543300, t, 2.983488e-02, KEe, 18794.460316, MEe, 3.132410053e+00, E, -2.000000, NP, 6000 2000
543400, t, 2.984037e-02, KEe, 18723.215600, MEe, 3.120535933e+00, E, -2.000000, NP, 6000 2000
543500, t, 2.984586e-02, KEe, 18746.014118, MEe, 3.124335686e+00, E, -2.000000, NP, 6000 2000
543600, t, 2.985135e-02, KEe, 18673.477373, MEe, 3.112246229e+00, E, -2.000000, NP, 6000 2000
543700, t, 2.985684e-02, KEe, 18693.407595, MEe, 3.115567932e+00, E, -2.000000, NP, 6000 2000
543800, t, 2.986233e-02, KEe, 18718.116866, MEe, 3.119686144e+00, E, -2.000000, NP, 6000 2000
543900, t, 2.986783e-02, KEe, 18754.238362, MEe, 3.125706394e+00, E, -2.000000, NP, 6000 2000
544000, t, 2.987332e-02, KEe, 18776.706806, MEe, 3.129451134e+00, E, -2.000000, NP, 6000 2000
544100, t, 2.987881e-02, KEe, 18790.150856, MEe, 3.131691809e+00, E, -2.000000, NP, 6000 2000
544200, t, 2.988430e-02, KEe, 18853.741431, MEe, 3.142290238e+00, E, -2.000000, NP, 6000 2000
544300, t, 2.988979e-02, KEe, 18878.929681, MEe, 3.146488280e+00, E, -2.000000, NP, 6000 2000
544400, t, 2.989528e-02, KEe, 18822.705165, MEe, 3.137117528e+00, E, -2.000000, NP, 6000 2000
544500, t, 2.990077e-02, KEe, 18812.240851, MEe, 3.135373475e+00, E, -2.000000, NP, 6000 2000
544600, t, 2.990627e-02, KEe, 18867.863377, MEe, 3.144643896e+00, E, -2.000000, NP, 6000 2000
544700, t, 2.991176e-02, KEe, 18860.535194, MEe, 3.143422532e+00, E, -2.000000, NP, 6000 2000
544800, t, 2.991725e-02, KEe, 18863.878072, MEe, 3.143979679e+00, E, -2.000000, NP, 6000 2000
544900, t, 2.992274e-02, KEe, 18923.339124, MEe, 3.153889854e+00, E, -2.000000, NP, 6000 2000
545000, t, 2.992823e-02, KEe, 18944.499741, MEe, 3.157416624e+00, E, -2.000000, NP, 6000 2000
545100, t, 2.993372e-02, KEe, 19014.444790, MEe, 3.169074132e+00, E, -2.000000, NP, 6000 2000
545200, t, 2.993921e-02, KEe, 18956.657594, MEe, 3.159442932e+00, E, -2.000000, NP, 6000 2000
545300, t, 2.994471e-02, KEe, 18921.226583, MEe, 3.153537764e+00, E, -2.000000, NP, 6000 2000
545400, t, 2.995020e-02, KEe, 18918.624129, MEe, 3.153104022e+00, E, -2.000000, NP, 6000 2000
545500, t, 2.995569e-02, KEe, 18923.524194, MEe, 3.153920699e+00, E, -2.000000, NP, 6000 2000
545600, t, 2.996118e-02, KEe, 18817.326893, MEe, 3.136221149e+00, E, -2.000000, NP, 6000 2000
545700, t, 2.996667e-02, KEe, 18817.360279, MEe, 3.136226713e+00, E, -2.000000, NP, 6000 2000
545800, t, 2.997216e-02, KEe, 18834.467268, MEe, 3.139077878e+00, E, -2.000000, NP, 6000 2000
545900, t, 2.997765e-02, KEe, 18816.697391, MEe, 3.136116232e+00, E, -2.000000, NP, 6000 2000
546000, t, 2.998315e-02, KEe, 18828.430143, MEe, 3.138071690e+00, E, -2.000000, NP, 6000 2000
546100, t, 2.998864e-02, KEe, 18771.007909, MEe, 3.128501318e+00, E, -2.000000, NP, 6000 2000
546200, t, 2.999413e-02, KEe, 18800.830174, MEe, 3.133471696e+00, E, -2.000000, NP, 6000 2000
546300, t, 2.999962e-02, KEe, 18852.168873, MEe, 3.142028146e+00, E, -2.000000, NP, 6000 2000
546400, t, 3.000511e-02, KEe, 18835.479855, MEe, 3.139246643e+00, E, -2.000000, NP, 6000 2000
546500, t, 3.001060e-02, KEe, 18876.987696, MEe, 3.146164616e+00, E, -2.000000, NP, 6000 2000
546600, t, 3.001609e-02, KEe, 18883.407251, MEe, 3.147234542e+00, E, -2.000000, NP, 6000 2000
546700, t, 3.002159e-02, KEe, 18902.445094, MEe, 3.150407516e+00, E, -2.000000, NP, 6000 2000
546800, t, 3.002708e-02, KEe, 18823.174212, MEe, 3.137195702e+00, E, -2.000000, NP, 6000 2000
546900, t, 3.003257e-02, KEe, 18868.540346, MEe, 3.144756724e+00, E, -2.000000, NP, 6000 2000
547000, t, 3.003806e-02, KEe, 18877.021599, MEe, 3.146170267e+00, E, -2.000000, NP, 6000 2000
547100, t, 3.004355e-02, KEe, 18922.028972, MEe, 3.153671495e+00, E, -2.000000, NP, 6000 2000
547200, t, 3.004904e-02, KEe, 18986.155838, MEe, 3.164359306e+00, E, -2.000000, NP, 6000 2000
547300, t, 3.005453e-02, KEe, 18990.176321, MEe, 3.165029387e+00, E, -2.000000, NP, 6000 2000
547400, t, 3.006003e-02, KEe, 18939.025832, MEe, 3.156504305e+00, E, -2.000000, NP, 6000 2000
547500, t, 3.006552e-02, KEe, 18962.246421, MEe, 3.160374403e+00, E, -2.000000, NP, 6000 2000
547600, t, 3.007101e-02, KEe, 18867.929887, MEe, 3.144654981e+00, E, -2.000000, NP, 6000 2000
547700, t, 3.007650e-02, KEe, 18849.643310, MEe, 3.141607218e+00, E, -2.000000, NP, 6000 2000
547800, t, 3.008199e-02, KEe, 18847.456789, MEe, 3.141242798e+00, E, -2.000000, NP, 6000 2000
547900, t, 3.008748e-02, KEe, 18836.964996, MEe, 3.139494166e+00, E, -2.000000, NP, 6000 2000
548000, t, 3.009297e-02, KEe, 18830.359811, MEe, 3.138393302e+00, E, -2.000000, NP, 6000 2000
548100, t, 3.009847e-02, KEe, 18796.979648, MEe, 3.132829941e+00, E, -2.000000, NP, 6000 2000
548200, t, 3.010396e-02, KEe, 18832.559810, MEe, 3.138759968e+00, E, -2.000000, NP, 6000 2000
548300, t, 3.010945e-02, KEe, 18768.354755, MEe, 3.128059126e+00, E, -2.000000, NP, 6000 2000
548400, t, 3.011494e-02, KEe, 18850.474722, MEe, 3.141745787e+00, E, -2.000000, NP, 6000 2000
548500, t, 3.012043e-02, KEe, 18807.237536, MEe, 3.134539589e+00, E, -2.000000, NP, 6000 2000
548600, t, 3.012592e-02, KEe, 18811.941491, MEe, 3.135323582e+00, E, -2.000000, NP, 6000 2000
548700, t, 3.013141e-02, KEe, 18847.901920, MEe, 3.141316987e+00, E, -2.000000, NP, 6000 2000
548800, t, 3.013691e-02, KEe, 18905.264791, MEe, 3.150877465e+00, E, -2.000000, NP, 6000 2000
548900, t, 3.014240e-02, KEe, 18967.429868, MEe, 3.161238311e+00, E, -2.000000, NP, 6000 2000
549000, t, 3.014789e-02, KEe, 18910.093747, MEe, 3.151682291e+00, E, -2.000000, NP, 6000 2000
549100, t, 3.015338e-02, KEe, 18943.202798, MEe, 3.157200466e+00, E, -2.000000, NP, 6000 2000
549200, t, 3.015887e-02, KEe, 18905.272853, MEe, 3.150878809e+00, E, -2.000000, NP, 6000 2000
549300, t, 3.016436e-02, KEe, 18881.835255, MEe, 3.146972543e+00, E, -2.000000, NP, 6000 2000
549400, t, 3.016985e-02, KEe, 18854.341603, MEe, 3.142390267e+00, E, -2.000000, NP, 6000 2000
549500, t, 3.017535e-02, KEe, 18771.507732, MEe, 3.128584622e+00, E, -2.000000, NP, 6000 2000
549600, t, 3.018084e-02, KEe, 18725.927361, MEe, 3.120987893e+00, E, -2.000000, NP, 6000 2000
549700, t, 3.018633e-02, KEe, 18806.172646, MEe, 3.134362108e+00, E, -2.000000, NP, 6000 2000
549800, t, 3.019182e-02, KEe, 18738.260733, MEe, 3.123043455e+00, E, -2.000000, NP, 6000 2000
549900, t, 3.019731e-02, KEe, 18825.843029, MEe, 3.137640505e+00, E, -2.000000, NP, 6000 2000
550000, t, 3.020280e-02, KEe, 18815.740799, MEe, 3.135956800e+00, E, -2.000000, NP, 6000 2000
550100, t, 3.020829e-02, KEe, 18834.683045, MEe, 3.139113841e+00, E, -2.000000, NP, 6000 2000
550200, t, 3.021379e-02, KEe, 18825.531776, MEe, 3.137588629e+00, E, -2.000000, NP, 6000 2000
550300, t, 3.021928e-02, KEe, 18811.174547, MEe, 3.135195758e+00, E, -2.000000, NP, 6000 2000
550400, t, 3.022477e-02, KEe, 18845.577928, MEe, 3.140929655e+00, E, -2.000000, NP, 6000 2000
550500, t, 3.023026e-02, KEe, 18809.118591, MEe, 3.134853098e+00, E, -2.000000, NP, 6000 2000
550600, t, 3.023575e-02, KEe, 18737.862855, MEe, 3.122977143e+00, E, -2.000000, NP, 6000 2000
550700, t, 3.024124e-02, KEe, 18742.743640, MEe, 3.123790607e+00, E, -2.000000, NP, 6000 2000
550800, t, 3.024673e-02, KEe, 18812.965233, MEe, 3.135494205e+00, E, -2.000000, NP, 6000 2000
550900, t, 3.025223e-02, KEe, 18842.812357, MEe, 3.140468726e+00, E, -2.000000, NP, 6000 2000
551000, t, 3.025772e-02, KEe, 18894.514441, MEe, 3.149085740e+00, E, -2.000000, NP, 6000 2000
551100, t, 3.026321e-02, KEe, 18868.675944, MEe, 3.144779324e+00, E, -2.000000, NP, 6000 2000
551200, t, 3.026870e-02, KEe, 18904.279700, MEe, 3.150713283e+00, E, -2.000000, NP, 6000 2000
551300, t, 3.027419e-02, KEe, 18852.067442, MEe, 3.142011240e+00, E, -2.000000, NP, 6000 2000
551400, t, 3.027968e-02, KEe, 18855.683058, MEe, 3.142613843e+00, E, -2.000000, NP, 6000 2000
551500, t, 3.028517e-02, KEe, 18889.059080, MEe, 3.148176513e+00, E, -2.000000, NP, 6000 2000
551600, t, 3.029066e-02, KEe, 18790.816924, MEe, 3.131802821e+00, E, -2.000000, NP, 6000 2000
551700, t, 3.029616e-02, KEe, 18743.182148, MEe, 3.123863691e+00, E, -2.000000, NP, 6000 2000
551800, t, 3.030165e-02, KEe, 18741.282969, MEe, 3.123547162e+00, E, -2.000000, NP, 6000 2000
551900, t, 3.030714e-02, KEe, 18762.982644, MEe, 3.127163774e+00, E, -2.000000, NP, 6000 2000
552000, t, 3.031263e-02, KEe, 18774.767123, MEe, 3.129127854e+00, E, -2.000000, NP, 6000 2000
552100, t, 3.031812e-02, KEe, 18816.719420, MEe, 3.136119903e+00, E, -2.000000, NP, 6000 2000
552200, t, 3.032361e-02, KEe, 18858.083261, MEe, 3.143013877e+00, E, -2.000000, NP, 6000 2000
552300, t, 3.032910e-02, KEe, 18895.482304, MEe, 3.149247051e+00, E, -2.000000, NP, 6000 2000
552400, t, 3.033460e-02, KEe, 18861.858874, MEe, 3.143643146e+00, E, -2.000000, NP, 6000 2000
552500, t, 3.034009e-02, KEe, 18778.855668, MEe, 3.129809278e+00, E, -2.000000, NP, 6000 2000
552600, t, 3.034558e-02, KEe, 18853.920638, MEe, 3.142320106e+00, E, -2.000000, NP, 6000 2000
552700, t, 3.035107e-02, KEe, 18809.210490, MEe, 3.134868415e+00, E, -2.000000, NP, 6000 2000
552800, t, 3.035656e-02, KEe, 18744.285411, MEe, 3.124047569e+00, E, -2.000000, NP, 6000 2000
552900, t, 3.036205e-02, KEe, 18829.196522, MEe, 3.138199420e+00, E, -2.000000, NP, 6000 2000
553000, t, 3.036754e-02, KEe, 18797.817205, MEe, 3.132969534e+00, E, -2.000000, NP, 6000 2000
553100, t, 3.037304e-02, KEe, 18775.531441, MEe, 3.129255240e+00, E, -2.000000, NP, 6000 2000
553200, t, 3.037853e-02, KEe, 18785.002416, MEe, 3.130833736e+00, E, -2.000000, NP, 6000 2000
553300, t, 3.038402e-02, KEe, 18737.090902, MEe, 3.122848484e+00, E, -2.000000, NP, 6000 2000
553400, t, 3.038951e-02, KEe, 18776.776238, MEe, 3.129462706e+00, E, -2.000000, NP, 6000 2000
553500, t, 3.039500e-02, KEe, 18785.699608, MEe, 3.130949935e+00, E, -2.000000, NP, 6000 2000
553600, t, 3.040049e-02, KEe, 18757.512679, MEe, 3.126252113e+00, E, -2.000000, NP, 6000 2000
553700, t, 3.040598e-02, KEe, 18820.021381, MEe, 3.136670230e+00, E, -2.000000, NP, 6000 2000
553800, t, 3.041148e-02, KEe, 18936.998065, MEe, 3.156166344e+00, E, -2.000000, NP, 6000 2000
553900, t, 3.041697e-02, KEe, 18919.783028, MEe, 3.153297171e+00, E, -2.000000, NP, 6000 2000
554000, t, 3.042246e-02, KEe, 18903.195219, MEe, 3.150532536e+00, E, -2.000000, NP, 6000 2000
554100, t, 3.042795e-02, KEe, 18876.889764, MEe, 3.146148294e+00, E, -2.000000, NP, 6000 2000
554200, t, 3.043344e-02, KEe, 18797.358572, MEe, 3.132893095e+00, E, -2.000000, NP, 6000 2000
554300, t, 3.043893e-02, KEe, 18715.169262, MEe, 3.119194877e+00, E, -2.000000, NP, 6000 2000
554400, t, 3.044442e-02, KEe, 18726.378079, MEe, 3.121063013e+00, E, -2.000000, NP, 6000 2000
554500, t, 3.044992e-02, KEe, 18753.217877, MEe, 3.125536313e+00, E, -2.000000, NP, 6000 2000
554600, t, 3.045541e-02, KEe, 18719.825058, MEe, 3.119970843e+00, E, -2.000000, NP, 6000 2000
554700, t, 3.046090e-02, KEe, 18648.034797, MEe, 3.108005800e+00, E, -2.000000, NP, 6000 2000
554800, t, 3.046639e-02, KEe, 18744.475620, MEe, 3.124079270e+00, E, -2.000000, NP, 6000 2000
554900, t, 3.047188e-02, KEe, 18819.781886, MEe, 3.136630314e+00, E, -2.000000, NP, 6000 2000
555000, t, 3.047737e-02, KEe, 18775.658239, MEe, 3.129276373e+00, E, -2.000000, NP, 6000 2000
555100, t, 3.048286e-02, KEe, 18800.686526, MEe, 3.133447754e+00, E, -2.000000, NP, 6000 2000
555200, t, 3.048836e-02, KEe, 18724.684493, MEe, 3.120780749e+00, E, -2.000000, NP, 6000 2000
555300, t, 3.049385e-02, KEe, 18685.527138, MEe, 3.114254523e+00, E, -2.000000, NP, 6000 2000
555400, t, 3.049934e-02, KEe, 18727.544943, MEe, 3.121257490e+00, E, -2.000000, NP, 6000 2000
555500, t, 3.050483e-02, KEe, 18770.727268, MEe, 3.128454545e+00, E, -2.000000, NP, 6000 2000
555600, t, 3.051032e-02, KEe, 18773.189076, MEe, 3.128864846e+00, E, -2.000000, NP, 6000 2000
555700, t, 3.051581e-02, KEe, 18743.172535, MEe, 3.123862089e+00, E, -2.000000, NP, 6000 2000
555800, t, 3.052130e-02, KEe, 18601.691517, MEe, 3.100281920e+00, E, -2.000000, NP, 6000 2000
555900, t, 3.052680e-02, KEe, 18556.409866, MEe, 3.092734978e+00, E, -2.000000, NP, 6000 2000
556000, t, 3.053229e-02, KEe, 18611.014542, MEe, 3.101835757e+00, E, -2.000000, NP, 6000 2000
556100, t, 3.053778e-02, KEe, 18538.408014, MEe, 3.089734669e+00, E, -2.000000, NP, 6000 2000
556200, t, 3.054327e-02, KEe, 18594.222359, MEe, 3.099037060e+00, E, -2.000000, NP, 6000 2000
556300, t, 3.054876e-02, KEe, 18687.279622, MEe, 3.114546604e+00, E, -2.000000, NP, 6000 2000
556400, t, 3.055425e-02, KEe, 18686.270388, MEe, 3.114378398e+00, E, -2.000000, NP, 6000 2000
556500, t, 3.055974e-02, KEe, 18645.658239, MEe, 3.107609706e+00, E, -2.000000, NP, 6000 2000
556600, t, 3.056524e-02, KEe, 18616.801861, MEe, 3.102800310e+00, E, -2.000000, NP, 6000 2000
556700, t, 3.057073e-02, KEe, 18598.562933, MEe, 3.099760489e+00, E, -2.000000, NP, 6000 2000
556800, t, 3.057622e-02, KEe, 18634.924760, MEe, 3.105820793e+00, E, -2.000000, NP, 6000 2000
556900, t, 3.058171e-02, KEe, 18649.961337, MEe, 3.108326890e+00, E, -2.000000, NP, 6000 2000
557000, t, 3.058720e-02, KEe, 18766.487300, MEe, 3.127747883e+00, E, -2.000000, NP, 6000 2000
557100, t, 3.059269e-02, KEe, 18763.572250, MEe, 3.127262042e+00, E, -2.000000, NP, 6000 2000
557200, t, 3.059818e-02, KEe, 18784.172167, MEe, 3.130695361e+00, E, -2.000000, NP, 6000 2000
557300, t, 3.060368e-02, KEe, 18846.708468, MEe, 3.141118078e+00, E, -2.000000, NP, 6000 2000
557400, t, 3.060917e-02, KEe, 18841.448327, MEe, 3.140241388e+00, E, -2.000000, NP, 6000 2000
557500, t, 3.061466e-02, KEe, 18951.524942, MEe, 3.158587490e+00, E, -2.000000, NP, 6000 2000
557600, t, 3.062015e-02, KEe, 19008.973798, MEe, 3.168162300e+00, E, -2.000000, NP, 6000 2000
557700, t, 3.062564e-02, KEe, 18974.663853, MEe, 3.162443975e+00, E, -2.000000, NP, 6000 2000
557800, t, 3.063113e-02, KEe, 19000.299056, MEe, 3.166716509e+00, E, -2.000000, NP, 6000 2000
557900, t, 3.063662e-02, KEe, 19028.500343, MEe, 3.171416724e+00, E, -2.000000, NP, 6000 2000
558000, t, 3.064212e-02, KEe, 18980.479031, MEe, 3.163413172e+00, E, -2.000000, NP, 6000 2000
558100, t, 3.064761e-02, KEe, 18871.202594, MEe, 3.145200432e+00, E, -2.000000, NP, 6000 2000
558200, t, 3.065310e-02, KEe, 18920.616147, MEe, 3.153436025e+00, E, -2.000000, NP, 6000 2000
558300, t, 3.065859e-02, KEe, 18918.215624, MEe, 3.153035937e+00, E, -2.000000, NP, 6000 2000
558400, t, 3.066408e-02, KEe, 18907.069327, MEe, 3.151178221e+00, E, -2.000000, NP, 6000 2000
558500, t, 3.066957e-02, KEe, 18984.986415, MEe, 3.164164403e+00, E, -2.000000, NP, 6000 2000
558600, t, 3.067506e-02, KEe, 18983.515151, MEe, 3.163919192e+00, E, -2.000000, NP, 6000 2000
558700, t, 3.068056e-02, KEe, 18936.489953, MEe, 3.156081659e+00, E, -2.000000, NP, 6000 2000
558800, t, 3.068605e-02, KEe, 18917.951676, MEe, 3.152991946e+00, E, -2.000000, NP, 6000 2000
558900, t, 3.069154e-02, KEe, 18906.799738, MEe, 3.151133290e+00, E, -2.000000, NP, 6000 2000
559000, t, 3.069703e-02, KEe, 18868.732066, MEe, 3.144788678e+00, E, -2.000000, NP, 6000 2000
559100, t, 3.070252e-02, KEe, 18862.502514, MEe, 3.143750419e+00, E, -2.000000, NP, 6000 2000
559200, t, 3.070801e-02, KEe, 18848.824855, MEe, 3.141470809e+00, E, -2.000000, NP, 6000 2000
559300, t, 3.071350e-02, KEe, 18918.360242, MEe, 3.153060040e+00, E, -2.000000, NP, 6000 2000
559400, t, 3.071900e-02, KEe, 18970.393052, MEe, 3.161732175e+00, E, -2.000000, NP, 6000 2000
559500, t, 3.072449e-02, KEe, 18989.518743, MEe, 3.164919790e+00, E, -2.000000, NP, 6000 2000
559600, t, 3.072998e-02, KEe, 18938.366390, MEe, 3.156394398e+00, E, -2.000000, NP, 6000 2000
559700, t, 3.073547e-02, KEe, 18927.907944, MEe, 3.154651324e+00, E, -2.000000, NP, 6000 2000
559800, t, 3.074096e-02, KEe, 18745.877001, MEe, 3.124312834e+00, E, -2.000000, NP, 6000 2000
559900, t, 3.074645e-02, KEe, 18738.733305, MEe, 3.123122217e+00, E, -2.000000, NP, 6000 2000
560000, t, 3.075194e-02, KEe, 18679.443511, MEe, 3.113240585e+00, E, -2.000000, NP, 6000 2000
560100, t, 3.075744e-02, KEe, 18701.479096, MEe, 3.116913183e+00, E, -2.000000, NP, 6000 2000
560200, t, 3.076293e-02, KEe, 18760.860191, MEe, 3.126810032e+00, E, -2.000000, NP, 6000 2000
560300, t, 3.076842e-02, KEe, 18732.729420, MEe, 3.122121570e+00, E, -2.000000, NP, 6000 2000
560400, t, 3.077391e-02, KEe, 18840.190791, MEe, 3.140031799e+00, E, -2.000000, NP, 6000 2000
560500, t, 3.077940e-02, KEe, 18809.627039, MEe, 3.134937840e+00, E, -2.000000, NP, 6000 2000
560600, t, 3.078489e-02, KEe, 18819.554267, MEe, 3.136592378e+00, E, -2.000000, NP, 6000 2000
560700, t, 3.079038e-02, KEe, 18765.302919, MEe, 3.127550486e+00, E, -2.000000, NP, 6000 2000
560800, t, 3.079588e-02, KEe, 18734.565095, MEe, 3.122427516e+00, E, -2.000000, NP, 6000 2000
560900, t, 3.080137e-02, KEe, 18782.673599, MEe, 3.130445600e+00, E, -2.000000, NP, 6000 2000
561000, t, 3.080686e-02, KEe, 18841.707210, MEe, 3.140284535e+00, E, -2.000000, NP, 6000 2000
561100, t, 3.081235e-02, KEe, 18769.959272, MEe, 3.128326545e+00, E, -2.000000, NP, 6000 2000
561200, t, 3.081784e-02, KEe, 18759.830494, MEe, 3.126638416e+00, E, -2.000000, NP, 6000 2000
561300, t, 3.082333e-02, KEe, 18773.548410, MEe, 3.128924735e+00, E, -2.000000, NP, 6000 2000
561400, t, 3.082882e-02, KEe, 18776.986506, MEe, 3.129497751e+00, E, -2.000000, NP, 6000 2000
561500, t, 3.083432e-02, KEe, 18813.138113, MEe, 3.135523019e+00, E, -2.000000, NP, 6000 2000
561600, t, 3.083981e-02, KEe, 18837.270225, MEe, 3.139545038e+00, E, -2.000000, NP, 6000 2000
561700, t, 3.084530e-02, KEe, 18900.238467, MEe, 3.150039744e+00, E, -2.000000, NP, 6000 2000
561800, t, 3.085079e-02, KEe, 18919.818371, MEe, 3.153303062e+00, E, -2.000000, NP, 6000 2000
561900, t, 3.085628e-02, KEe, 18914.018762, MEe, 3.152336460e+00, E, -2.000000, NP, 6000 2000
562000, t, 3.086177e-02, KEe, 18875.567800, MEe, 3.145927967e+00, E, -2.000000, NP, 6000 2000
562100, t, 3.086726e-02, KEe, 18848.642048, MEe, 3.141440341e+00, E, -2.000000, NP, 6000 2000
562200, t, 3.087276e-02, KEe, 18940.268591, MEe, 3.156711432e+00, E, -2.000000, NP, 6000 2000
562300, t, 3.087825e-02, KEe, 19037.955901, MEe, 3.172992650e+00, E, -2.000000, NP, 6000 2000
562400, t, 3.088374e-02, KEe, 19121.603741, MEe, 3.186933957e+00, E, -2.000000, NP, 6000 2000
562500, t, 3.088923e-02, KEe, 19074.572888, MEe, 3.179095481e+00, E, -2.000000, NP, 6000 2000
562600, t, 3.089472e-02, KEe, 18971.978090, MEe, 3.161996348e+00, E, -2.000000, NP, 6000 2000
562700, t, 3.090021e-02, KEe, 19011.292931, MEe, 3.168548822e+00, E, -2.000000, NP, 6000 2000
562800, t, 3.090570e-02, KEe, 18957.103101, MEe, 3.159517184e+00, E, -2.000000, NP, 6000 2000
562900, t, 3.091120e-02, KEe, 18924.824264, MEe, 3.154137377e+00, E, -2.000000, NP, 6000 2000
563000, t, 3.091669e-02, KEe, 18907.779584, MEe, 3.151296597e+00, E, -2.000000, NP, 6000 2000
563100, t, 3.092218e-02, KEe, 18915.048507, MEe, 3.152508084e+00, E, -2.000000, NP, 6000 2000
563200, t, 3.092767e-02, KEe, 18981.983418, MEe, 3.163663903e+00, E, -2.000000, NP, 6000 2000
563300, t, 3.093316e-02, KEe, 18935.524187, MEe, 3.155920698e+00, E, -2.000000, NP, 6000 2000
563400, t, 3.093865e-02, KEe, 18915.037415, MEe, 3.152506236e+00, E, -2.000000, NP, 6000 2000
563500, t, 3.094414e-02, KEe, 18833.877121, MEe, 3.138979520e+00, E, -2.000000, NP, 6000 2000
563600, t, 3.094964e-02, KEe, 18868.998458, MEe, 3.144833076e+00, E, -2.000000, NP, 6000 2000
563700, t, 3.095513e-02, KEe, 18859.182817, MEe, 3.143197136e+00, E, -2.000000, NP, 6000 2000
563800, t, 3.096062e-02, KEe, 18862.721986, MEe, 3.143786998e+00, E, -2.000000, NP, 6000 2000
563900, t, 3.096611e-02, KEe, 18846.775440, MEe, 3.141129240e+00, E, -2.000000, NP, 6000 2000
564000, t, 3.097160e-02, KEe, 18807.280460, MEe, 3.134546743e+00, E, -2.000000, NP, 6000 2000
564100, t, 3.097709e-02, KEe, 18704.517328, MEe, 3.117419555e+00, E, -2.000000, NP, 6000 2000
564200, t, 3.098258e-02, KEe, 18665.146904, MEe, 3.110857817e+00, E, -2.000000, NP, 6000 2000
564300, t, 3.098808e-02, KEe, 18671.402145, MEe, 3.111900357e+00, E, -2.000000, NP, 6000 2000
564400, t, 3.099357e-02, KEe, 18760.925457, MEe, 3.126820910e+00, E, -2.000000, NP, 6000 2000
564500, t, 3.099906e-02, KEe, 18857.996727, MEe, 3.142999454e+00, E, -2.000000, NP, 6000 2000
564600, t, 3.100455e-02, KEe, 18889.955776, MEe, 3.148325963e+00, E, -2.000000, NP, 6000 2000
564700, t, 3.101004e-02, KEe, 18844.332358, MEe, 3.140722060e+00, E, -2.000000, NP, 6000 2000
564800, t, 3.101553e-02, KEe, 18919.341526, MEe, 3.153223588e+00, E, -2.000000, NP, 6000 2000
564900, t, 3.102102e-02, KEe, 18905.081216, MEe, 3.150846869e+00, E, -2.000000, NP, 6000 2000
565000, t, 3.102652e-02, KEe, 18849.578247, MEe, 3.141596375e+00, E, -2.000000, NP, 6000 2000
565100, t, 3.103201e-02, KEe, 18817.393936, MEe, 3.136232323e+00, E, -2.000000, NP, 6000 2000
565200, t, 3.103750e-02, KEe, 18799.182602, MEe, 3.133197100e+00, E, -2.000000, NP, 6000 2000
565300, t, 3.104299e-02, KEe, 18811.376077, MEe, 3.135229346e+00, E, -2.000000, NP, 6000 2000
565400, t, 3.104848e-02, KEe, 18821.691070, MEe, 3.136948512e+00, E, -2.000000, NP, 6000 2000
565500, t, 3.105397e-02, KEe, 18781.911176, MEe, 3.130318529e+00, E, -2.000000, NP, 6000 2000
565600, t, 3.105946e-02, KEe, 18812.981198, MEe, 3.135496866e+00, E, -2.000000, NP, 6000 2000
565700, t, 3.106495e-02, KEe, 18814.138590, MEe, 3.135689765e+00, E, -2.000000, NP, 6000 2000
565800, t, 3.107045e-02, KEe, 18814.761796, MEe, 3.135793633e+00, E, -2.000000, NP, 6000 2000
565900, t, 3.107594e-02, KEe, 18763.538472, MEe, 3.127256412e+00, E, -2.000000, NP, 6000 2000
566000, t, 3.108143e-02, KEe, 18747.078903, MEe, 3.124513151e+00, E, -2.000000, NP, 6000 2000
566100, t, 3.108692e-02, KEe, 18717.230269, MEe, 3.119538378e+00, E, -2.000000, NP, 6000 2000
566200, t, 3.109241e-02, KEe, 18749.184117, MEe, 3.124864020e+00, E, -2.000000, NP, 6000 2000
566300, t, 3.109790e-02, KEe, 18663.648237, MEe, 3.110608039e+00, E, -2.000000, NP, 6000 2000
566400, t, 3.110339e-02, KEe, 18629.627572, MEe, 3.104937929e+00, E, -2.000000, NP, 6000 2000
566500, t, 3.110889e-02, KEe, 18566.240940, MEe, 3.094373490e+00, E, -2.000000, NP, 6000 2000
566600, t, 3.111438e-02, KEe, 18534.526155, MEe, 3.089087692e+00, E, -2.000000, NP, 6000 2000
566700, t, 3.111987e-02, KEe, 18546.863140, MEe, 3.091143857e+00, E, -2.000000, NP, 6000 2000
566800, t, 3.112536e-02, KEe, 18463.100308, MEe, 3.077183385e+00, E, -2.000000, NP, 6000 2000
566900, t, 3.113085e-02, KEe, 18523.366981, MEe, 3.087227830e+00, E, -2.000000, NP, 6000 2000
567000, t, 3.113634e-02, KEe, 18576.839753, MEe, 3.096139959e+00, E, -2.000000, NP, 6000 2000
567100, t, 3.114183e-02, KEe, 18652.922287, MEe, 3.108820381e+00, E, -2.000000, NP, 6000 2000
567200, t, 3.114733e-02, KEe, 18638.705007, MEe, 3.106450835e+00, E, -2.000000, NP, 6000 2000
567300, t, 3.115282e-02, KEe, 18645.409180, MEe, 3.107568197e+00, E, -2.000000, NP, 6000 2000
567400, t, 3.115831e-02, KEe, 18700.842803, MEe, 3.116807134e+00, E, -2.000000, NP, 6000 2000
567500, t, 3.116380e-02, KEe, 18656.501927, MEe, 3.109416988e+00, E, -2.000000, NP, 6000 2000
567600, t, 3.116929e-02, KEe, 18705.619951, MEe, 3.117603325e+00, E, -2.000000, NP, 6000 2000
567700, t, 3.117478e-02, KEe, 18746.766856, MEe, 3.124461143e+00, E, -2.000000, NP, 6000 2000
567800, t, 3.118027e-02, KEe, 18785.554914, MEe, 3.130925819e+00, E, -2.000000, NP, 6000 2000
567900, t, 3.118577e-02, KEe, 18728.733892, MEe, 3.121455649e+00, E, -2.000000, NP, 6000 2000
568000, t, 3.119126e-02, KEe, 18717.313599, MEe, 3.119552267e+00, E, -2.000000, NP, 6000 2000
568100, t, 3.119675e-02, KEe, 18778.392177, MEe, 3.129732029e+00, E, -2.000000, NP, 6000 2000
568200, t, 3.120224e-02, KEe, 18818.294790, MEe, 3.136382465e+00, E, -2.000000, NP, 6000 2000
568300, t, 3.120773e-02, KEe, 18828.530850, MEe, 3.138088475e+00, E, -2.000000, NP, 6000 2000
568400, t, 3.121322e-02, KEe, 18858.003434, MEe, 3.143000572e+00, E, -2.000000, NP, 6000 2000
568500, t, 3.121871e-02, KEe, 18837.579620, MEe, 3.139596603e+00, E, -2.000000, NP, 6000 2000
568600, t, 3.122421e-02, KEe, 18875.433725, MEe, 3.145905621e+00, E, -2.000000, NP, 6000 2000
568700, t, 3.122970e-02, KEe, 18869.275344, MEe, 3.144879224e+00, E, -2.000000, NP, 6000 2000
568800, t, 3.123519e-02, KEe, 18791.243162, MEe, 3.131873860e+00, E, -2.000000, NP, 6000 2000
568900, t, 3.124068e-02, KEe, 18761.560962, MEe, 3.126926827e+00, E, -2.000000, NP, 6000 2000
569000, t, 3.124617e-02, KEe, 18783.926461, MEe, 3.130654410e+00, E, -2.000000, NP, 6000 2000
569100, t, 3.125166e-02, KEe, 18830.046047, MEe, 3.138341008e+00, E, -2.000000, NP, 6000 2000
569200, t, 3.125715e-02, KEe, 18783.947810, MEe, 3.130657968e+00, E, -2.000000, NP, 6000 2000
569300, t, 3.126265e-02, KEe, 18806.559505, MEe, 3.134426584e+00, E, -2.000000, NP, 6000 2000
569400, t, 3.126814e-02, KEe, 18730.550808, MEe, 3.121758468e+00, E, -2.000000, NP, 6000 2000
569500, t, 3.127363e-02, KEe, 18738.536194, MEe, 3.123089366e+00, E, -2.000000, NP, 6000 2000
569600, t, 3.127912e-02, KEe, 18784.022936, MEe, 3.130670489e+00, E, -2.000000, NP, 6000 2000
569700, t, 3.128461e-02, KEe, 18822.694090, MEe, 3.137115682e+00, E, -2.000000, NP, 6000 2000
569800, t, 3.129010e-02, KEe, 18906.514349, MEe, 3.151085725e+00, E, -2.000000, NP, 6000 2000
569900, t, 3.129559e-02, KEe, 18927.676648, MEe, 3.154612775e+00, E, -2.000000, NP, 6000 2000
570000, t, 3.130109e-02, KEe, 18984.112088, MEe, 3.164018681e+00, E, -2.000000, NP, 6000 2000
570100, t, 3.130658e-02, KEe, 18956.348195, MEe, 3.159391366e+00, E, -2.000000, NP, 6000 2000
570200, t, 3.131207e-02, KEe, 18935.371032, MEe, 3.155895172e+00, E, -2.000000, NP, 6000 2000
570300, t, 3.131756e-02, KEe, 18852.509134, MEe, 3.142084856e+00, E, -2.000000, NP, 6000 2000
570400, t, 3.132305e-02, KEe, 18850.763669, MEe, 3.141793945e+00, E, -2.000000, NP, 6000 2000
570500, t, 3.132854e-02, KEe, 18865.000592, MEe, 3.144166765e+00, E, -2.000000, NP, 6000 2000
570600, t, 3.133403e-02, KEe, 18954.887227, MEe, 3.159147871e+00, E, -2.000000, NP, 6000 2000
570700, t, 3.133953e-02, KEe, 18970.623482, MEe, 3.161770580e+00, E, -2.000000, NP, 6000 2000
570800, t, 3.134502e-02, KEe, 18883.368115, MEe, 3.147228019e+00, E, -2.000000, NP, 6000 2000
570900, t, 3.135051e-02, KEe, 18870.453053, MEe, 3.145075509e+00, E, -2.000000, NP, 6000 2000
571000, t, 3.135600e-02, KEe, 18837.959409, MEe, 3.139659902e+00, E, -2.000000, NP, 6000 2000
571100, t, 3.136149e-02, KEe, 18858.060581, MEe, 3.143010097e+00, E, -2.000000, NP, 6000 2000
571200, t, 3.136698e-02, KEe, 18822.069683, MEe, 3.137011614e+00, E, -2.000000, NP, 6000 2000
571300, t, 3.137247e-02, KEe, 18822.429349, MEe, 3.137071558e+00, E, -2.000000, NP, 6000 2000
571400, t, 3.137797e-02, KEe, 18678.514835, MEe, 3.113085806e+00, E, -2.000000, NP, 6000 2000
571500, t, 3.138346e-02, KEe, 18728.815963, MEe, 3.121469327e+00, E, -2.000000, NP, 6000 2000
571600, t, 3.138895e-02, KEe, 18804.490751, MEe, 3.134081792e+00, E, -2.000000, NP, 6000 2000
571700, t, 3.139444e-02, KEe, 18786.231499, MEe, 3.131038583e+00, E, -2.000000, NP, 6000 2000
571800, t, 3.139993e-02, KEe, 18718.227705, MEe, 3.119704617e+00, E, -2.000000, NP, 6000 2000
571900, t, 3.140542e-02, KEe, 18784.578839, MEe, 3.130763140e+00, E, -2.000000, NP, 6000 2000
572000, t, 3.141091e-02, KEe, 18858.153965, MEe, 3.143025661e+00, E, -2.000000, NP, 6000 2000
572100, t, 3.141641e-02, KEe, 18800.682302, MEe, 3.133447050e+00, E, -2.000000, NP, 6000 2000
572200, t, 3.142190e-02, KEe, 18848.353043, MEe, 3.141392174e+00, E, -2.000000, NP, 6000 2000
572300, t, 3.142739e-02, KEe, 18769.990957, MEe, 3.128331826e+00, E, -2.000000, NP, 6000 2000
572400, t, 3.143288e-02, KEe, 18832.478045, MEe, 3.138746341e+00, E, -2.000000, NP, 6000 2000
572500, t, 3.143837e-02, KEe, 18785.651949, MEe, 3.130941991e+00, E, -2.000000, NP, 6000 2000
572600, t, 3.144386e-02, KEe, 18878.630549, MEe, 3.146438425e+00, E, -2.000000, NP, 6000 2000
572700, t, 3.144935e-02, KEe, 18845.732559, MEe, 3.140955426e+00, E, -2.000000, NP, 6000 2000
572800, t, 3.145485e-02, KEe, 18882.173136, MEe, 3.147028856e+00, E, -2.000000, NP, 6000 2000
572900, t, 3.146034e-02, KEe, 18954.486882, MEe, 3.159081147e+00, E, -2.000000, NP, 6000 2000
573000, t, 3.146583e-02, KEe, 18909.503791, MEe, 3.151583965e+00, E, -2.000000, NP, 6000 2000
573100, t, 3.147132e-02, KEe, 18891.161110, MEe, 3.148526852e+00, E, -2.000000, NP, 6000 2000
573200, t, 3.147681e-02, KEe, 18952.582938, MEe, 3.158763823e+00, E, -2.000000, NP, 6000 2000
573300, t, 3.148230e-02, KEe, 18968.692175, MEe, 3.161448696e+00, E, -2.000000, NP, 6000 2000
573400, t, 3.148779e-02, KEe, 19056.618067, MEe, 3.176103011e+00, E, -2.000000, NP, 6000 2000
573500, t, 3.149329e-02, KEe, 19135.881023, MEe, 3.189313504e+00, E, -2.000000, NP, 6000 2000
573600, t, 3.149878e-02, KEe, 19144.292780, MEe, 3.190715463e+00, E, -2.000000, NP, 6000 2000
573700, t, 3.150427e-02, KEe, 19196.097701, MEe, 3.199349617e+00, E, -2.000000, NP, 6000 2000
573800, t, 3.150976e-02, KEe, 19153.042075, MEe, 3.192173679e+00, E, -2.000000, NP, 6000 2000
573900, t, 3.151525e-02, KEe, 19109.093544, MEe, 3.184848924e+00, E, -2.000000, NP, 6000 2000
574000, t, 3.152074e-02, KEe, 19097.490065, MEe, 3.182915011e+00, E, -2.000000, NP, 6000 2000
574100, t, 3.152623e-02, KEe, 19109.925729, MEe, 3.184987621e+00, E, -2.000000, NP, 6000 2000
574200, t, 3.153173e-02, KEe, 19114.132946, MEe, 3.185688824e+00, E, -2.000000, NP, 6000 2000
574300, t, 3.153722e-02, KEe, 19126.852608, MEe, 3.187808768e+00, E, -2.000000, NP, 6000 2000
574400, t, 3.154271e-02, KEe, 19163.047197, MEe, 3.193841199e+00, E, -2.000000, NP, 6000 2000
574500, t, 3.154820e-02, KEe, 19128.743454, MEe, 3.188123909e+00, E, -2.000000, NP, 6000 2000
574600, t, 3.155369e-02, KEe, 19104.171963, MEe, 3.184028661e+00, E, -2.000000, NP, 6000 2000
574700, t, 3.155918e-02, KEe, 19153.136722, MEe, 3.192189454e+00, E, -2.000000, NP, 6000 2000
574800, t, 3.156467e-02, KEe, 19104.333671, MEe, 3.184055612e+00, E, -2.000000, NP, 6000 2000
574900, t, 3.157017e-02, KEe, 19132.135951, MEe, 3.188689325e+00, E, -2.000000, NP, 6000 2000
575000, t, 3.157566e-02, KEe, 19162.823322, MEe, 3.193803887e+00, E, -2.000000, NP, 6000 2000
575100, t, 3.158115e-02, KEe, 19164.325382, MEe, 3.194054230e+00, E, -2.000000, NP, 6000 2000
575200, t, 3.158664e-02, KEe, 19113.103169, MEe, 3.185517195e+00, E, -2.000000, NP, 6000 2000
575300, t, 3.159213e-02, KEe, 19046.013969, MEe, 3.174335661e+00, E, -2.000000, NP, 6000 2000
575400, t, 3.159762e-02, KEe, 19048.233681, MEe, 3.174705613e+00, E, -2.000000, NP, 6000 2000
575500, t, 3.160311e-02, KEe, 18990.733287, MEe, 3.165122214e+00, E, -2.000000, NP, 6000 2000
575600, t, 3.160861e-02, KEe, 18989.325100, MEe, 3.164887517e+00, E, -2.000000, NP, 6000 2000
575700, t, 3.161410e-02, KEe, 18989.232742, MEe, 3.164872124e+00, E, -2.000000, NP, 6000 2000
575800, t, 3.161959e-02, KEe, 18924.396526, MEe, 3.154066088e+00, E, -2.000000, NP, 6000 2000
575900, t, 3.162508e-02, KEe, 18910.430985, MEe, 3.151738497e+00, E, -2.000000, NP, 6000 2000
576000, t, 3.163057e-02, KEe, 18959.635767, MEe, 3.159939294e+00, E, -2.000000, NP, 6000 2000
576100, t, 3.163606e-02, KEe, 18981.858797, MEe, 3.163643133e+00, E, -2.000000, NP, 6000 2000
576200, t, 3.164155e-02, KEe, 18965.429166, MEe, 3.160904861e+00, E, -2.000000, NP, 6000 2000
576300, t, 3.164705e-02, KEe, 19062.873649, MEe, 3.177145608e+00, E, -2.000000, NP, 6000 2000
576400, t, 3.165254e-02, KEe, 19142.893435, MEe, 3.190482239e+00, E, -2.000000, NP, 6000 2000
576500, t, 3.165803e-02, KEe, 19132.570324, MEe, 3.188761721e+00, E, -2.000000, NP, 6000 2000
576600, t, 3.166352e-02, KEe, 19134.515554, MEe, 3.189085926e+00, E, -2.000000, NP, 6000 2000
576700, t, 3.166901e-02, KEe, 19125.178444, MEe, 3.187529741e+00, E, -2.000000, NP, 6000 2000
576800, t, 3.167450e-02, KEe, 19180.947259, MEe, 3.196824543e+00, E, -2.000000, NP, 6000 2000
576900, t, 3.167999e-02, KEe, 19189.253054, MEe, 3.198208842e+00, E, -2.000000, NP, 6000 2000
577000, t, 3.168549e-02, KEe, 19105.442693, MEe, 3.184240449e+00, E, -2.000000, NP, 6000 2000
577100, t, 3.169098e-02, KEe, 19178.755409, MEe, 3.196459235e+00, E, -2.000000, NP, 6000 2000
577200, t, 3.169647e-02, KEe, 19148.838082, MEe, 3.191473014e+00, E, -2.000000, NP, 6000 2000
577300, t, 3.170196e-02, KEe, 19052.260592, MEe, 3.175376765e+00, E, -2.000000, NP, 6000 2000
577400, t, 3.170745e-02, KEe, 18943.638546, MEe, 3.157273091e+00, E, -2.000000, NP, 6000 2000
577500, t, 3.171294e-02, KEe, 19010.752937, MEe, 3.168458823e+00, E, -2.000000, NP, 6000 2000
577600, t, 3.171843e-02, KEe, 18927.078993, MEe, 3.154513166e+00, E, -2.000000, NP, 6000 2000
577700, t, 3.172393e-02, KEe, 18983.628184, MEe, 3.163938031e+00, E, -2.000000, NP, 6000 2000
577800, t, 3.172942e-02, KEe, 18964.792375, MEe, 3.160798729e+00, E, -2.000000, NP, 6000 2000
577900, t, 3.173491e-02, KEe, 18898.746328, MEe, 3.149791055e+00, E, -2.000000, NP, 6000 2000
578000, t, 3.174040e-02, KEe, 18902.035874, MEe, 3.150339312e+00, E, -2.000000, NP, 6000 2000
578100, t, 3.174589e-02, KEe, 18843.988780, MEe, 3.140664797e+00, E, -2.000000, NP, 6000 2000
578200, t, 3.175138e-02, KEe, 18823.599527, MEe, 3.137266588e+00, E, -2.000000, NP, 6000 2000
578300, t, 3.175687e-02, KEe, 18819.979903, MEe, 3.136663317e+00, E, -2.000000, NP, 6000 2000
578400, t, 3.176237e-02, KEe, 18857.575144, MEe, 3.142929191e+00, E, -2.000000, NP, 6000 2000
578500, t, 3.176786e-02, KEe, 18820.848950, MEe, 3.136808158e+00, E, -2.000000, NP, 6000 2000
578600, t, 3.177335e-02, KEe, 18904.765496, MEe, 3.150794249e+00, E, -2.000000, NP, 6000 2000
578700, t, 3.177884e-02, KEe, 18918.240590, MEe, 3.153040098e+00, E, -2.000000, NP, 6000 2000
578800, t, 3.178433e-02, KEe, 18938.932171, MEe, 3.156488695e+00, E, -2.000000, NP, 6000 2000
578900, t, 3.178982e-02, KEe, 18916.509922, MEe, 3.152751654e+00, E, -2.000000, NP, 6000 2000
579000, t, 3.179531e-02, KEe, 18980.714956, MEe, 3.163452493e+00, E, -2.000000, NP, 6000 2000
579100, t, 3.180081e-02, KEe, 18919.628870, MEe, 3.153271478e+00, E, -2.000000, NP, 6000 2000
579200, t, 3.180630e-02, KEe, 18823.507163, MEe, 3.137251194e+00, E, -2.000000, NP, 6000 2000
579300, t, 3.181179e-02, KEe, 18848.243238, MEe, 3.141373873e+00, E, -2.000000, NP, 6000 2000
579400, t, 3.181728e-02, KEe, 18814.001577, MEe, 3.135666929e+00, E, -2.000000, NP, 6000 2000
579500, t, 3.182277e-02, KEe, 18785.691004, MEe, 3.130948501e+00, E, -2.000000, NP, 6000 2000
579600, t, 3.182826e-02, KEe, 18732.953365, MEe, 3.122158894e+00, E, -2.000000, NP, 6000 2000
579700, t, 3.183375e-02, KEe, 18875.248246, MEe, 3.145874708e+00, E, -2.000000, NP, 6000 2000
579800, t, 3.183924e-02, KEe, 18955.539195, MEe, 3.159256532e+00, E, -2.000000, NP, 6000 2000
579900, t, 3.184474e-02, KEe, 18907.953813, MEe, 3.151325635e+00, E, -2.000000, NP, 6000 2000
580000, t, 3.185023e-02, KEe, 18856.550967, MEe, 3.142758495e+00, E, -2.000000, NP, 6000 2000
580100, t, 3.185572e-02, KEe, 18868.717719, MEe, 3.144786286e+00, E, -2.000000, NP, 6000 2000
580200, t, 3.186121e-02, KEe, 18903.016564, MEe, 3.150502761e+00, E, -2.000000, NP, 6000 2000
580300, t, 3.186670e-02, KEe, 18850.410853, MEe, 3.141735142e+00, E, -2.000000, NP, 6000 2000
580400, t, 3.187219e-02, KEe, 18849.889760, MEe, 3.141648293e+00, E, -2.000000, NP, 6000 2000
580500, t, 3.187768e-02, KEe, 18824.637867, MEe, 3.137439645e+00, E, -2.000000, NP, 6000 2000
580600, t, 3.188318e-02, KEe, 18805.649020, MEe, 3.134274837e+00, E, -2.000000, NP, 6000 2000
580700, t, 3.188867e-02, KEe, 18886.579165, MEe, 3.147763194e+00, E, -2.000000, NP, 6000 2000
580800, t, 3.189416e-02, KEe, 18922.660030, MEe, 3.153776672e+00, E, -2.000000, NP, 6000 2000
580900, t, 3.189965e-02, KEe, 18981.916298, MEe, 3.163652716e+00, E, -2.000000, NP, 6000 2000
581000, t, 3.190514e-02, KEe, 18946.807307, MEe, 3.157801218e+00, E, -2.000000, NP, 6000 2000
581100, t, 3.191063e-02, KEe, 18929.159977, MEe, 3.154859996e+00, E, -2.000000, NP, 6000 2000
581200, t, 3.191612e-02, KEe, 18971.158014, MEe, 3.161859669e+00, E, -2.000000, NP, 6000 2000
581300, t, 3.192162e-02, KEe, 19008.378037, MEe, 3.168063006e+00, E, -2.000000, NP, 6000 2000
581400, t, 3.192711e-02, KEe, 19032.778178, MEe, 3.172129696e+00, E, -2.000000, NP, 6000 2000
581500, t, 3.193260e-02, KEe, 19035.119715, MEe, 3.172519953e+00, E, -2.000000, NP, 6000 2000
581600, t, 3.193809e-02, KEe, 19103.777854, MEe, 3.183962976e+00, E, -2.000000, NP, 6000 2000
581700, t, 3.194358e-02, KEe, 19124.369846, MEe, 3.187394974e+00, E, -2.000000, NP, 6000 2000
581800, t, 3.194907e-02, KEe, 19045.915445, MEe, 3.174319241e+00, E, -2.000000, NP, 6000 2000
581900, t, 3.195456e-02, KEe, 19079.988507, MEe, 3.179998084e+00, E, -2.000000, NP, 6000 2000
582000, t, 3.196006e-02, KEe, 19046.629580, MEe, 3.174438263e+00, E, -2.000000, NP, 6000 2000
582100, t, 3.196555e-02, KEe, 18988.849133, MEe, 3.164808189e+00, E, -2.000000, NP, 6000 2000
582200, t, 3.197104e-02, KEe, 18976.623957, MEe, 3.162770660e+00, E, -2.000000, NP, 6000 2000
582300, t, 3.197653e-02, KEe, 19001.478312, MEe, 3.166913052e+00, E, -2.000000, NP, 6000 2000
582400, t, 3.198202e-02, KEe, 18918.137931, MEe, 3.153022989e+00, E, -2.000000, NP, 6000 2000
582500, t, 3.198751e-02, KEe, 18981.647275, MEe, 3.163607879e+00, E, -2.000000, NP, 6000 2000
582600, t, 3.199300e-02, KEe, 18989.557978, MEe, 3.164926330e+00, E, -2.000000, NP, 6000 2000
582700, t, 3.199850e-02, KEe, 19011.901084, MEe, 3.168650181e+00, E, -2.000000, NP, 6000 2000
582800, t, 3.200399e-02, KEe, 19036.107952, MEe, 3.172684659e+00, E, -2.000000, NP, 6000 2000
582900, t, 3.200948e-02, KEe, 19061.793466, MEe, 3.176965578e+00, E, -2.000000, NP, 6000 2000
583000, t, 3.201497e-02, KEe, 19120.608526, MEe, 3.186768088e+00, E, -2.000000, NP, 6000 2000
583100, t, 3.202046e-02, KEe, 19118.448416, MEe, 3.186408069e+00, E, -2.000000, NP, 6000 2000
583200, t, 3.202595e-02, KEe, 19031.386473, MEe, 3.171897746e+00, E, -2.000000, NP, 6000 2000
583300, t, 3.203144e-02, KEe, 18941.321567, MEe, 3.156886928e+00, E, -2.000000, NP, 6000 2000
583400, t, 3.203694e-02, KEe, 18902.235516, MEe, 3.150372586e+00, E, -2.000000, NP, 6000 2000
583500, t, 3.204243e-02, KEe, 18891.234864, MEe, 3.148539144e+00, E, -2.000000, NP, 6000 2000
583600, t, 3.204792e-02, KEe, 18965.363554, MEe, 3.160893926e+00, E, -2.000000, NP, 6000 2000
583700, t, 3.205341e-02, KEe, 18995.151812, MEe, 3.165858635e+00, E, -2.000000, NP, 6000 2000
583800, t, 3.205890e-02, KEe, 18991.011864, MEe, 3.165168644e+00, E, -2.000000, NP, 6000 2000
583900, t, 3.206439e-02, KEe, 19028.142245, MEe, 3.171357041e+00, E, -2.000000, NP, 6000 2000
584000, t, 3.206988e-02, KEe, 19065.101261, MEe, 3.177516877e+00, E, -2.000000, NP, 6000 2000
584100, t, 3.207538e-02, KEe, 19116.272855, MEe, 3.186045476e+00, E, -2.000000, NP, 6000 2000
584200, t, 3.208087e-02, KEe, 19055.568286, MEe, 3.175928048e+00, E, -2.000000, NP, 6000 2000
584300, t, 3.208636e-02, KEe, 18982.325180, MEe, 3.163720863e+00, E, -2.000000, NP, 6000 2000
584400, t, 3.209185e-02, KEe, 18968.676745, MEe, 3.161446124e+00, E, -2.000000, NP, 6000 2000
584500, t, 3.209734e-02, KEe, 18947.950067, MEe, 3.157991678e+00, E, -2.000000, NP, 6000 2000
584600, t, 3.210283e-02, KEe, 19037.922371, MEe, 3.172987062e+00, E, -2.000000, NP, 6000 2000
584700, t, 3.210832e-02, KEe, 19019.185619, MEe, 3.169864270e+00, E, -2.000000, NP, 6000 2000
584800, t, 3.211382e-02, KEe, 18977.444767, MEe, 3.162907461e+00, E, -2.000000, NP, 6000 2000
584900, t, 3.211931e-02, KEe, 18940.479278, MEe, 3.156746546e+00, E, -2.000000, NP, 6000 2000
585000, t, 3.212480e-02, KEe, 18871.019845, MEe, 3.145169974e+00, E, -2.000000, NP, 6000 2000
585100, t, 3.213029e-02, KEe, 18797.410272, MEe, 3.132901712e+00, E, -2.000000, NP, 6000 2000
585200, t, 3.213578e-02, KEe, 18690.420238, MEe, 3.115070040e+00, E, -2.000000, NP, 6000 2000
585300, t, 3.214127e-02, KEe, 18690.483471, MEe, 3.115080579e+00, E, -2.000000, NP, 6000 2000
585400, t, 3.214676e-02, KEe, 18708.061051, MEe, 3.118010175e+00, E, -2.000000, NP, 6000 2000
585500, t, 3.215226e-02, KEe, 18689.345971, MEe, 3.114890995e+00, E, -2.000000, NP, 6000 2000
585600, t, 3.215775e-02, KEe, 18674.148982, MEe, 3.112358164e+00, E, -2.000000, NP, 6000 2000
585700, t, 3.216324e-02, KEe, 18778.888788, MEe, 3.129814798e+00, E, -2.000000, NP, 6000 2000
585800, t, 3.216873e-02, KEe, 18793.046505, MEe, 3.132174417e+00, E, -2.000000, NP, 6000 2000
585900, t, 3.217422e-02, KEe, 18808.612292, MEe, 3.134768715e+00, E, -2.000000, NP, 6000 2000
586000, t, 3.217971e-02, KEe, 18763.656108, MEe, 3.127276018e+00, E, -2.000000, NP, 6000 2000
586100, t, 3.218520e-02, KEe, 18794.954029, MEe, 3.132492338e+00, E, -2.000000, NP, 6000 2000
586200, t, 3.219070e-02, KEe, 18777.447175, MEe, 3.129574529e+00, E, -2.000000, NP, 6000 2000
586300, t, 3.219619e-02, KEe, 18864.392387, MEe, 3.144065398e+00, E, -2.000000, NP, 6000 2000
586400, t, 3.220168e-02, KEe, 18810.980590, MEe, 3.135163432e+00, E, -2.000000, NP, 6000 2000
586500, t, 3.220717e-02, KEe, 18790.185647, MEe, 3.131697608e+00, E, -2.000000, NP, 6000 2000
586600, t, 3.221266e-02, KEe, 18828.359791, MEe, 3.138059965e+00, E, -2.000000, NP, 6000 2000
586700, t, 3.221815e-02, KEe, 18840.804633, MEe, 3.140134105e+00, E, -2.000000, NP, 6000 2000
586800, t, 3.222364e-02, KEe, 18839.422310, MEe, 3.139903718e+00, E, -2.000000, NP, 6000 2000
586900, t, 3.222914e-02, KEe, 18862.358658, MEe, 3.143726443e+00, E, -2.000000, NP, 6000 2000
587000, t, 3.223463e-02, KEe, 18935.198460, MEe, 3.155866410e+00, E, -2.000000, NP, 6000 2000
587100, t, 3.224012e-02, KEe, 18930.528914, MEe, 3.155088152e+00, E, -2.000000, NP, 6000 2000
587200, t, 3.224561e-02, KEe, 18939.356301, MEe, 3.156559383e+00, E, -2.000000, NP, 6000 2000
587300, t, 3.225110e-02, KEe, 18915.226269, MEe, 3.152537711e+00, E, -2.000000, NP, 6000 2000
587400, t, 3.225659e-02, KEe, 18862.311998, MEe, 3.143718666e+00, E, -2.000000, NP, 6000 2000
587500, t, 3.226208e-02, KEe, 18787.213116, MEe, 3.131202186e+00, E, -2.000000, NP, 6000 2000
587600, t, 3.226758e-02, KEe, 18757.671461, MEe, 3.126278577e+00, E, -2.000000, NP, 6000 2000
587700, t, 3.227307e-02, KEe, 18873.427922, MEe, 3.145571320e+00, E, -2.000000, NP, 6000 2000
587800, t, 3.227856e-02, KEe, 18954.567069, MEe, 3.159094512e+00, E, -2.000000, NP, 6000 2000
587900, t, 3.228405e-02, KEe, 19080.999343, MEe, 3.180166557e+00, E, -2.000000, NP, 6000 2000
588000, t, 3.228954e-02, KEe, 19042.085713, MEe, 3.173680952e+00, E, -2.000000, NP, 6000 2000
588100, t, 3.229503e-02, KEe, 19060.727613, MEe, 3.176787936e+00, E, -2.000000, NP, 6000 2000
588200, t, 3.230052e-02, KEe, 19127.989359, MEe, 3.187998226e+00, E, -2.000000, NP, 6000 2000
588300, t, 3.230602e-02, KEe, 19110.683563, MEe, 3.185113927e+00, E, -2.000000, NP, 6000 2000
588400, t, 3.231151e-02, KEe, 19051.171777, MEe, 3.175195296e+00, E, -2.000000, NP, 6000 2000
588500, t, 3.231700e-02, KEe, 19042.439081, MEe, 3.173739847e+00, E, -2.000000, NP, 6000 2000
588600, t, 3.232249e-02, KEe, 19067.830850, MEe, 3.177971808e+00, E, -2.000000, NP, 6000 2000
588700, t, 3.232798e-02, KEe, 19030.967927, MEe, 3.171827988e+00, E, -2.000000, NP, 6000 2000
588800, t, 3.233347e-02, KEe, 18922.541495, MEe, 3.153756916e+00, E, -2.000000, NP, 6000 2000
588900, t, 3.233896e-02, KEe, 18919.366726, MEe, 3.153227788e+00, E, -2.000000, NP, 6000 2000
589000, t, 3.234446e-02, KEe, 18855.068219, MEe, 3.142511370e+00, E, -2.000000, NP, 6000 2000
589100, t, 3.234995e-02, KEe, 18786.074661, MEe, 3.131012443e+00, E, -2.000000, NP, 6000 2000
589200, t, 3.235544e-02, KEe, 18771.637598, MEe, 3.128606266e+00, E, -2.000000, NP, 6000 2000
589300, t, 3.236093e-02, KEe, 18807.019561, MEe, 3.134503260e+00, E, -2.000000, NP, 6000 2000
589400, t, 3.236642e-02, KEe, 18844.030995, MEe, 3.140671832e+00, E, -2.000000, NP, 6000 2000
589500, t, 3.237191e-02, KEe, 18868.299596, MEe, 3.144716599e+00, E, -2.000000, NP, 6000 2000
589600, t, 3.237740e-02, KEe, 18910.244509, MEe, 3.151707418e+00, E, -2.000000, NP, 6000 2000
589700, t, 3.238290e-02, KEe, 18913.751869, MEe, 3.152291978e+00, E, -2.000000, NP, 6000 2000
589800, t, 3.238839e-02, KEe, 18932.669524, MEe, 3.155444921e+00, E, -2.000000, NP, 6000 2000
589900, t, 3.239388e-02, KEe, 18897.604198, MEe, 3.149600700e+00, E, -2.000000, NP, 6000 2000
590000, t, 3.239937e-02, KEe, 18880.194898, MEe, 3.146699150e+00, E, -2.000000, NP, 6000 2000
590100, t, 3.240486e-02, KEe, 18854.525364, MEe, 3.142420894e+00, E, -2.000000, NP, 6000 2000
590200, t, 3.241035e-02, KEe, 18918.065041, MEe, 3.153010840e+00, E, -2.000000, NP, 6000 2000
590300, t, 3.241584e-02, KEe, 18932.627936, MEe, 3.155437989e+00, E, -2.000000, NP, 6000 2000
590400, t, 3.242134e-02, KEe, 18927.099671, MEe, 3.154516612e+00, E, -2.000000, NP, 6000 2000
590500, t, 3.242683e-02, KEe, 18867.181288, MEe, 3.144530215e+00, E, -2.000000, NP, 6000 2000
590600, t, 3.243232e-02, KEe, 18825.789735, MEe, 3.137631623e+00, E, -2.000000, NP, 6000 2000
590700, t, 3.243781e-02, KEe, 18837.444805, MEe, 3.139574134e+00, E, -2.000000, NP, 6000 2000
590800, t, 3.244330e-02, KEe, 18799.630965, MEe, 3.133271827e+00, E, -2.000000, NP, 6000 2000
590900, t, 3.244879e-02, KEe, 18882.978663, MEe, 3.147163110e+00, E, -2.000000, NP, 6000 2000
591000, t, 3.245428e-02, KEe, 18892.530558, MEe, 3.148755093e+00, E, -2.000000, NP, 6000 2000
591100, t, 3.245978e-02, KEe, 18895.620708, MEe, 3.149270118e+00, E, -2.000000, NP, 6000 2000
591200, t, 3.246527e-02, KEe, 18950.605450, MEe, 3.158434242e+00, E, -2.000000, NP, 6000 2000
591300, t, 3.247076e-02, KEe, 18965.940303, MEe, 3.160990050e+00, E, -2.000000, NP, 6000 2000
591400, t, 3.247625e-02, KEe, 18999.186467, MEe, 3.166531078e+00, E, -2.000000, NP, 6000 2000
591500, t, 3.248174e-02, KEe, 18952.871406, MEe, 3.158811901e+00, E, -2.000000, NP, 6000 2000
591600, t, 3.248723e-02, KEe, 18906.311470, MEe, 3.151051912e+00, E, -2.000000, NP, 6000 2000
591700, t, 3.249272e-02, KEe, 19013.876441, MEe, 3.168979407e+00, E, -2.000000, NP, 6000 2000
591800, t, 3.249822e-02, KEe, 18968.189127, MEe, 3.161364855e+00, E, -2.000000, NP, 6000 2000
591900, t, 3.250371e-02, KEe, 18946.228564, MEe, 3.157704761e+00, E, -2.000000, NP, 6000 2000
592000, t, 3.250920e-02, KEe, 18864.565144, MEe, 3.144094191e+00, E, -2.000000, NP, 6000 2000
592100, t, 3.251469e-02, KEe, 18930.624116, MEe, 3.155104019e+00, E, -2.000000, NP, 6000 2000
592200, t, 3.252018e-02, KEe, 19071.351654, MEe, 3.178558609e+00, E, -2.000000, NP, 6000 2000
592300, t, 3.252567e-02, KEe, 19099.155972, MEe, 3.183192662e+00, E, -2.000000, NP, 6000 2000
592400, t, 3.253116e-02, KEe, 19178.430486, MEe, 3.196405081e+00, E, -2.000000, NP, 6000 2000
592500, t, 3.253666e-02, KEe, 19252.113540, MEe, 3.208685590e+00, E, -2.000000, NP, 6000 2000
592600, t, 3.254215e-02, KEe, 19282.312974, MEe, 3.213718829e+00, E, -2.000000, NP, 6000 2000
592700, t, 3.254764e-02, KEe, 19285.966988, MEe, 3.214327831e+00, E, -2.000000, NP, 6000 2000
592800, t, 3.255313e-02, KEe, 19284.324150, MEe, 3.214054025e+00, E, -2.000000, NP, 6000 2000
592900, t, 3.255862e-02, KEe, 19224.714566, MEe, 3.204119094e+00, E, -2.000000, NP, 6000 2000
593000, t, 3.256411e-02, KEe, 19203.354683, MEe, 3.200559114e+00, E, -2.000000, NP, 6000 2000
593100, t, 3.256960e-02, KEe, 19221.609235, MEe, 3.203601539e+00, E, -2.000000, NP, 6000 2000
593200, t, 3.257510e-02, KEe, 19151.187677, MEe, 3.191864613e+00, E, -2.000000, NP, 6000 2000
593300, t, 3.258059e-02, KEe, 19232.796161, MEe, 3.205466027e+00, E, -2.000000, NP, 6000 2000
593400, t, 3.258608e-02, KEe, 19234.972927, MEe, 3.205828821e+00, E, -2.000000, NP, 6000 2000
593500, t, 3.259157e-02, KEe, 19199.247411, MEe, 3.199874569e+00, E, -2.000000, NP, 6000 2000
593600, t, 3.259706e-02, KEe, 19177.489624, MEe, 3.196248271e+00, E, -2.000000, NP, 6000 2000
593700, t, 3.260255e-02, KEe, 19227.213449, MEe, 3.204535575e+00, E, -2.000000, NP, 6000 2000
593800, t, 3.260804e-02, KEe, 19186.087093, MEe, 3.197681182e+00, E, -2.000000, NP, 6000 2000
593900, t, 3.261354e-02, KEe, 19155.127816, MEe, 3.192521303e+00, E, -2.000000, NP, 6000 2000
594000, t, 3.261903e-02, KEe, 19129.450453, MEe, 3.188241742e+00, E, -2.000000, NP, 6000 2000
594100, t, 3.262452e-02, KEe, 19137.616415, MEe, 3.189602736e+00, E, -2.000000, NP, 6000 2000
594200, t, 3.263001e-02, KEe, 19060.430746, MEe, 3.176738458e+00, E, -2.000000, NP, 6000 2000
594300, t, 3.263550e-02, KEe, 19059.452303, MEe, 3.176575384e+00, E, -2.000000, NP, 6000 2000
594400, t, 3.264099e-02, KEe, 19152.616648, MEe, 3.192102775e+00, E, -2.000000, NP, 6000 2000
594500, t, 3.264648e-02, KEe, 19145.029412, MEe, 3.190838235e+00, E, -2.000000, NP, 6000 2000
594600, t, 3.265197e-02, KEe, 19120.418520, MEe, 3.186736420e+00, E, -2.000000, NP, 6000 2000
594700, t, 3.265747e-02, KEe, 19125.314085, MEe, 3.187552347e+00, E, -2.000000, NP, 6000 2000
594800, t, 3.266296e-02, KEe, 19150.927532, MEe, 3.191821255e+00, E, -2.000000, NP, 6000 2000
594900, t, 3.266845e-02, KEe, 19174.969795, MEe, 3.195828299e+00, E, -2.000000, NP, 6000 2000
595000, t, 3.267394e-02, KEe, 19136.543860, MEe, 3.189423977e+00, E, -2.000000, NP, 6000 2000
595100, t, 3.267943e-02, KEe, 19188.478605, MEe, 3.198079767e+00, E, -2.000000, NP, 6000 2000
595200, t, 3.268492e-02, KEe, 19143.049282, MEe, 3.190508214e+00, E, -2.000000, NP, 6000 2000
595300, t, 3.269041e-02, KEe, 19148.524417, MEe, 3.191420736e+00, E, -2.000000, NP, 6000 2000
595400, t, 3.269591e-02, KEe, 19136.173756, MEe, 3.189362293e+00, E, -2.000000, NP, 6000 2000
595500, t, 3.270140e-02, KEe, 19154.633529, MEe, 3.192438921e+00, E, -2.000000, NP, 6000 2000
595600, t, 3.270689e-02, KEe, 19146.513680, MEe, 3.191085613e+00, E, -2.000000, NP, 6000 2000
595700, t, 3.271238e-02, KEe, 19026.078513, MEe, 3.171013086e+00, E, -2.000000, NP, 6000 2000
595800, t, 3.271787e-02, KEe, 18978.982051, MEe, 3.163163675e+00, E, -2.000000, NP, 6000 2000
595900, t, 3.272336e-02, KEe, 18952.392086, MEe, 3.158732014e+00, E, -2.000000, NP, 6000 2000
596000, t, 3.272885e-02, KEe, 18971.229360, MEe, 3.161871560e+00, E, -2.000000, NP, 6000 2000
596100, t, 3.273435e-02, KEe, 18966.860072, MEe, 3.161143345e+00, E, -2.000000, NP, 6000 2000
596200, t, 3.273984e-02, KEe, 19011.512148, MEe, 3.168585358e+00, E, -2.000000, NP, 6000 2000
596300, t, 3.274533e-02, KEe, 18975.950012, MEe, 3.162658335e+00, E, -2.000000, NP, 6000 2000
596400, t, 3.275082e-02, KEe, 18944.626396, MEe, 3.157437733e+00, E, -2.000000, NP, 6000 2000
596500, t, 3.275631e-02, KEe, 18949.212147, MEe, 3.158202024e+00, E, -2.000000, NP, 6000 2000
596600, t, 3.276180e-02, KEe, 18984.634049, MEe, 3.164105675e+00, E, -2.000000, NP, 6000 2000
596700, t, 3.276729e-02, KEe, 19051.087174, MEe, 3.175181196e+00, E, -2.000000, NP, 6000 2000
596800, t, 3.277279e-02, KEe, 18939.719726, MEe, 3.156619954e+00, E, -2.000000, NP, 6000 2000
596900, t, 3.277828e-02, KEe, 18918.784516, MEe, 3.153130753e+00, E, -2.000000, NP, 6000 2000
597000, t, 3.278377e-02, KEe, 18913.462268, MEe, 3.152243711e+00, E, -2.000000, NP, 6000 2000
597100, t, 3.278926e-02, KEe, 18848.698741, MEe, 3.141449790e+00, E, -2.000000, NP, 6000 2000
597200, t, 3.279475e-02, KEe, 18871.354055, MEe, 3.145225676e+00, E, -2.000000, NP, 6000 2000
597300, t, 3.280024e-02, KEe, 18862.214807, MEe, 3.143702468e+00, E, -2.000000, NP, 6000 2000
597400, t, 3.280573e-02, KEe, 18805.128463, MEe, 3.134188077e+00, E, -2.000000, NP, 6000 2000
597500, t, 3.281123e-02, KEe, 18759.983580, MEe, 3.126663930e+00, E, -2.000000, NP, 6000 2000
597600, t, 3.281672e-02, KEe, 18823.280483, MEe, 3.137213414e+00, E, -2.000000, NP, 6000 2000
597700, t, 3.282221e-02, KEe, 18806.118730, MEe, 3.134353122e+00, E, -2.000000, NP, 6000 2000
597800, t, 3.282770e-02, KEe, 18797.084542, MEe, 3.132847424e+00, E, -2.000000, NP, 6000 2000
597900, t, 3.283319e-02, KEe, 18833.911041, MEe, 3.138985174e+00, E, -2.000000, NP, 6000 2000
598000, t, 3.283868e-02, KEe, 18804.637913, MEe, 3.134106319e+00, E, -2.000000, NP, 6000 2000
598100, t, 3.284417e-02, KEe, 18743.014439, MEe, 3.123835740e+00, E, -2.000000, NP, 6000 2000
598200, t, 3.284967e-02, KEe, 18753.830627, MEe, 3.125638438e+00, E, -2.000000, NP, 6000 2000
598300, t, 3.285516e-02, KEe, 18771.067341, MEe, 3.128511223e+00, E, -2.000000, NP, 6000 2000
598400, t, 3.286065e-02, KEe, 18789.964400, MEe, 3.131660733e+00, E, -2.000000, NP, 6000 2000
598500, t, 3.286614e-02, KEe, 18876.738434, MEe, 3.146123072e+00, E, -2.000000, NP, 6000 2000
598600, t, 3.287163e-02, KEe, 18870.558132, MEe, 3.145093022e+00, E, -2.000000, NP, 6000 2000
598700, t, 3.287712e-02, KEe, 18838.763072, MEe, 3.139793845e+00, E, -2.000000, NP, 6000 2000
598800, t, 3.288261e-02, KEe, 18780.959892, MEe, 3.130159982e+00, E, -2.000000, NP, 6000 2000
598900, t, 3.288811e-02, KEe, 18784.410233, MEe, 3.130735039e+00, E, -2.000000, NP, 6000 2000
599000, t, 3.289360e-02, KEe, 18778.102569, MEe, 3.129683761e+00, E, -2.000000, NP, 6000 2000
599100, t, 3.289909e-02, KEe, 18780.801487, MEe, 3.130133581e+00, E, -2.000000, NP, 6000 2000
599200, t, 3.290458e-02, KEe, 18750.392901, MEe, 3.125065484e+00, E, -2.000000, NP, 6000 2000
599300, t, 3.291007e-02, KEe, 18726.448402, MEe, 3.121074734e+00, E, -2.000000, NP, 6000 2000
599400, t, 3.291556e-02, KEe, 18778.595225, MEe, 3.129765871e+00, E, -2.000000, NP, 6000 2000
599500, t, 3.292105e-02, KEe, 18701.525674, MEe, 3.116920946e+00, E, -2.000000, NP, 6000 2000
599600, t, 3.292655e-02, KEe, 18694.669410, MEe, 3.115778235e+00, E, -2.000000, NP, 6000 2000
599700, t, 3.293204e-02, KEe, 18710.001827, MEe, 3.118333638e+00, E, -2.000000, NP, 6000 2000
599800, t, 3.293753e-02, KEe, 18637.738958, MEe, 3.106289826e+00, E, -2.000000, NP, 6000 2000
599900, t, 3.294302e-02, KEe, 18599.539862, MEe, 3.099923310e+00, E, -2.000000, NP, 6000 2000
600000, t, 3.294851e-02, KEe, 18620.351037, MEe, 3.103391840e+00, E, -2.000000, NP, 6000 2000
600100, t, 3.295400e-02, KEe, 18670.318117, MEe, 3.111719686e+00, E, -2.000000, NP, 6000 2000
600200, t, 3.295949e-02, KEe, 18662.580458, MEe, 3.110430076e+00, E, -2.000000, NP, 6000 2000
600300, t, 3.296499e-02, KEe, 18713.088052, MEe, 3.118848009e+00, E, -2.000000, NP, 6000 2000
600400, t, 3.297048e-02, KEe, 18816.643231, MEe, 3.136107205e+00, E, -2.000000, NP, 6000 2000
600500, t, 3.297597e-02, KEe, 18818.888111, MEe, 3.136481352e+00, E, -2.000000, NP, 6000 2000
600600, t, 3.298146e-02, KEe, 18875.128446, MEe, 3.145854741e+00, E, -2.000000, NP, 6000 2000
600700, t, 3.298695e-02, KEe, 18858.080952, MEe, 3.143013492e+00, E, -2.000000, NP, 6000 2000
600800, t, 3.299244e-02, KEe, 18861.111724, MEe, 3.143518621e+00, E, -2.000000, NP, 6000 2000
600900, t, 3.299793e-02, KEe, 18820.199191, MEe, 3.136699865e+00, E, -2.000000, NP, 6000 2000
601000, t, 3.300343e-02, KEe, 18755.184651, MEe, 3.125864109e+00, E, -2.000000, NP, 6000 2000
601100, t, 3.300892e-02, KEe, 18705.305324, MEe, 3.117550887e+00, E, -2.000000, NP, 6000 2000
601200, t, 3.301441e-02, KEe, 18736.736732, MEe, 3.122789455e+00, E, -2.000000, NP, 6000 2000
601300, t, 3.301990e-02, KEe, 18700.029580, MEe, 3.116671597e+00, E, -2.000000, NP, 6000 2000
601400, t, 3.302539e-02, KEe, 18706.002591, MEe, 3.117667099e+00, E, -2.000000, NP, 6000 2000
601500, t, 3.303088e-02, KEe, 18679.066570, MEe, 3.113177762e+00, E, -2.000000, NP, 6000 2000
601600, t, 3.303637e-02, KEe, 18646.801156, MEe, 3.107800193e+00, E, -2.000000, NP, 6000 2000
601700, t, 3.304187e-02, KEe, 18631.015810, MEe, 3.105169302e+00, E, -2.000000, NP, 6000 2000
601800, t, 3.304736e-02, KEe, 18704.687256, MEe, 3.117447876e+00, E, -2.000000, NP, 6000 2000
601900, t, 3.305285e-02, KEe, 18712.958247, MEe, 3.118826375e+00, E, -2.000000, NP, 6000 2000
602000, t, 3.305834e-02, KEe, 18721.147702, MEe, 3.120191284e+00, E, -2.000000, NP, 6000 2000
602100, t, 3.306383e-02, KEe, 18837.364718, MEe, 3.139560786e+00, E, -2.000000, NP, 6000 2000
602200, t, 3.306932e-02, KEe, 18802.468633, MEe, 3.133744772e+00, E, -2.000000, NP, 6000 2000
602300, t, 3.307481e-02, KEe, 18816.466247, MEe, 3.136077708e+00, E, -2.000000, NP, 6000 2000
602400, t, 3.308031e-02, KEe, 18810.671853, MEe, 3.135111975e+00, E, -2.000000, NP, 6000 2000
602500, t, 3.308580e-02, KEe, 18840.760899, MEe, 3.140126817e+00, E, -2.000000, NP, 6000 2000
602600, t, 3.309129e-02, KEe, 18851.428805, MEe, 3.141904801e+00, E, -2.000000, NP, 6000 2000
602700, t, 3.309678e-02, KEe, 18927.005314, MEe, 3.154500886e+00, E, -2.000000, NP, 6000 2000
602800, t, 3.310227e-02, KEe, 18887.535327, MEe, 3.147922555e+00, E, -2.000000, NP, 6000 2000
602900, t, 3.310776e-02, KEe, 18933.330887, MEe, 3.155555148e+00, E, -2.000000, NP, 6000 2000
603000, t, 3.311325e-02, KEe, 18850.248428, MEe, 3.141708071e+00, E, -2.000000, NP, 6000 2000
603100, t, 3.311875e-02, KEe, 18828.674936, MEe, 3.138112489e+00, E, -2.000000, NP, 6000 2000
603200, t, 3.312424e-02, KEe, 18828.831230, MEe, 3.138138538e+00, E, -2.000000, NP, 6000 2000
603300, t, 3.312973e-02, KEe, 18810.771173, MEe, 3.135128529e+00, E, -2.000000, NP, 6000 2000
603400, t, 3.313522e-02, KEe, 18763.931544, MEe, 3.127321924e+00, E, -2.000000, NP, 6000 2000
603500, t, 3.314071e-02, KEe, 18801.497956, MEe, 3.133582993e+00, E, -2.000000, NP, 6000 2000
603600, t, 3.314620e-02, KEe, 18854.380176, MEe, 3.142396696e+00, E, -2.000000, NP, 6000 2000
603700, t, 3.315169e-02, KEe, 18907.527130, MEe, 3.151254522e+00, E, -2.000000, NP, 6000 2000
603800, t, 3.315719e-02, KEe, 18947.478754, MEe, 3.157913126e+00, E, -2.000000, NP, 6000 2000
603900, t, 3.316268e-02, KEe, 18885.345974, MEe, 3.147557662e+00, E, -2.000000, NP, 6000 2000
604000, t, 3.316817e-02, KEe, 19048.379455, MEe, 3.174729909e+00, E, -2.000000, NP, 6000 2000
604100, t, 3.317366e-02, KEe, 18991.448583, MEe, 3.165241430e+00, E, -2.000000, NP, 6000 2000
604200, t, 3.317915e-02, KEe, 19014.140831, MEe, 3.169023472e+00, E, -2.000000, NP, 6000 2000
604300, t, 3.318464e-02, KEe, 18944.947886, MEe, 3.157491314e+00, E, -2.000000, NP, 6000 2000
604400, t, 3.319013e-02, KEe, 18974.225388, MEe, 3.162370898e+00, E, -2.000000, NP, 6000 2000
604500, t, 3.319563e-02, KEe, 18939.903345, MEe, 3.156650558e+00, E, -2.000000, NP, 6000 2000
604600, t, 3.320112e-02, KEe, 18896.791186, MEe, 3.149465198e+00, E, -2.000000, NP, 6000 2000
604700, t, 3.320661e-02, KEe, 18876.880768, MEe, 3.146146795e+00, E, -2.000000, NP, 6000 2000
604800, t, 3.321210e-02, KEe, 18903.267078, MEe, 3.150544513e+00, E, -2.000000, NP, 6000 2000
604900, t, 3.321759e-02, KEe, 18877.547327, MEe, 3.146257888e+00, E, -2.000000, NP, 6000 2000
605000, t, 3.322308e-02, KEe, 18995.935553, MEe, 3.165989259e+00, E, -2.000000, NP, 6000 2000
605100, t, 3.322857e-02, KEe, 18977.014385, MEe, 3.162835731e+00, E, -2.000000, NP, 6000 2000
605200, t, 3.323407e-02, KEe, 18864.367723, MEe, 3.144061287e+00, E, -2.000000, NP, 6000 2000
605300, t, 3.323956e-02, KEe, 18830.960162, MEe, 3.138493360e+00, E, -2.000000, NP, 6000 2000
605400, t, 3.324505e-02, KEe, 18809.526943, MEe, 3.134921157e+00, E, -2.000000, NP, 6000 2000
605500, t, 3.325054e-02, KEe, 18757.380311, MEe, 3.126230052e+00, E, -2.000000, NP, 6000 2000
605600, t, 3.325603e-02, KEe, 18822.987178, MEe, 3.137164530e+00, E, -2.000000, NP, 6000 2000
605700, t, 3.326152e-02, KEe, 18888.946851, MEe, 3.148157809e+00, E, -2.000000, NP, 6000 2000
605800, t, 3.326701e-02, KEe, 18951.493441, MEe, 3.158582240e+00, E, -2.000000, NP, 6000 2000
605900, t, 3.327251e-02, KEe, 18922.835196, MEe, 3.153805866e+00, E, -2.000000, NP, 6000 2000
606000, t, 3.327800e-02, KEe, 18789.291897, MEe, 3.131548650e+00, E, -2.000000, NP, 6000 2000
606100, t, 3.328349e-02, KEe, 18824.667480, MEe, 3.137444580e+00, E, -2.000000, NP, 6000 2000
606200, t, 3.328898e-02, KEe, 18756.926055, MEe, 3.126154343e+00, E, -2.000000, NP, 6000 2000
606300, t, 3.329447e-02, KEe, 18729.984135, MEe, 3.121664023e+00, E, -2.000000, NP, 6000 2000
606400, t, 3.329996e-02, KEe, 18761.953611, MEe, 3.126992269e+00, E, -2.000000, NP, 6000 2000
606500, t, 3.330545e-02, KEe, 18707.660829, MEe, 3.117943471e+00, E, -2.000000, NP, 6000 2000
606600, t, 3.331095e-02, KEe, 18717.418305, MEe, 3.119569718e+00, E, -2.000000, NP, 6000 2000
606700, t, 3.331644e-02, KEe, 18759.694349, MEe, 3.126615725e+00, E, -2.000000, NP, 6000 2000
606800, t, 3.332193e-02, KEe, 18753.342790, MEe, 3.125557132e+00, E, -2.000000, NP, 6000 2000
606900, t, 3.332742e-02, KEe, 18842.856647, MEe, 3.140476108e+00, E, -2.000000, NP, 6000 2000
607000, t, 3.333291e-02, KEe, 18831.148466, MEe, 3.138524744e+00, E, -2.000000, NP, 6000 2000
607100, t, 3.333840e-02, KEe, 18843.437897, MEe, 3.140572983e+00, E, -2.000000, NP, 6000 2000
607200, t, 3.334389e-02, KEe, 18883.553122, MEe, 3.147258854e+00, E, -2.000000, NP, 6000 2000
607300, t, 3.334939e-02, KEe, 18929.881241, MEe, 3.154980207e+00, E, -2.000000, NP, 6000 2000
607400, t, 3.335488e-02, KEe, 18945.715998, MEe, 3.157619333e+00, E, -2.000000, NP, 6000 2000
607500, t, 3.336037e-02, KEe, 18904.431998, MEe, 3.150738666e+00, E, -2.000000, NP, 6000 2000
607600, t, 3.336586e-02, KEe, 18932.724610, MEe, 3.155454102e+00, E, -2.000000, NP, 6000 2000
607700, t, 3.337135e-02, KEe, 18898.054044, MEe, 3.149675674e+00, E, -2.000000, NP, 6000 2000
607800, t, 3.337684e-02, KEe, 18852.536241, MEe, 3.142089374e+00, E, -2.000000, NP, 6000 2000
607900, t, 3.338233e-02, KEe, 18910.851246, MEe, 3.151808541e+00, E, -2.000000, NP, 6000 2000
608000, t, 3.338783e-02, KEe, 18942.722190, MEe, 3.157120365e+00, E, -2.000000, NP, 6000 2000
608100, t, 3.339332e-02, KEe, 18976.997422, MEe, 3.162832904e+00, E, -2.000000, NP, 6000 2000
608200, t, 3.339881e-02, KEe, 18957.888482, MEe, 3.159648080e+00, E, -2.000000, NP, 6000 2000
608300, t, 3.340430e-02, KEe, 18908.926448, MEe, 3.151487741e+00, E, -2.000000, NP, 6000 2000
608400, t, 3.340979e-02, KEe, 18814.059838, MEe, 3.135676640e+00, E, -2.000000, NP, 6000 2000
608500, t, 3.341528e-02, KEe, 18769.747328, MEe, 3.128291221e+00, E, -2.000000, NP, 6000 2000
608600, t, 3.342077e-02, KEe, 18768.574962, MEe, 3.128095827e+00, E, -2.000000, NP, 6000 2000
608700, t, 3.342626e-02, KEe, 18768.107649, MEe, 3.128017941e+00, E, -2.000000, NP, 6000 2000
608800, t, 3.343176e-02, KEe, 18788.901584, MEe, 3.131483597e+00, E, -2.000000, NP, 6000 2000
608900, t, 3.343725e-02, KEe, 18820.246924, MEe, 3.136707821e+00, E, -2.000000, NP, 6000 2000
609000, t, 3.344274e-02, KEe, 18938.387356, MEe, 3.156397893e+00, E, -2.000000, NP, 6000 2000
609100, t, 3.344823e-02, KEe, 18896.152265, MEe, 3.149358711e+00, E, -2.000000, NP, 6000 2000
609200, t, 3.345372e-02, KEe, 18892.033593, MEe, 3.148672265e+00, E, -2.000000, NP, 6000 2000
609300, t, 3.345921e-02, KEe, 18889.141395, MEe, 3.148190233e+00, E, -2.000000, NP, 6000 2000
609400, t, 3.346470e-02, KEe, 18863.801916, MEe, 3.143966986e+00, E, -2.000000, NP, 6000 2000
609500, t, 3.347020e-02, KEe, 18866.739149, MEe, 3.144456525e+00, E, -2.000000, NP, 6000 2000
609600, t, 3.347569e-02, KEe, 18802.630455, MEe, 3.133771742e+00, E, -2.000000, NP, 6000 2000
609700, t, 3.348118e-02, KEe, 18788.956639, MEe, 3.131492773e+00, E, -2.000000, NP, 6000 2000
609800, t, 3.348667e-02, KEe, 18675.063633, MEe, 3.112510606e+00, E, -2.000000, NP, 6000 2000
609900, t, 3.349216e-02, KEe, 18656.519943, MEe, 3.109419991e+00, E, -2.000000, NP, 6000 2000
610000, t, 3.349765e-02, KEe, 18810.515417, MEe, 3.135085903e+00, E, -2.000000, NP, 6000 2000
610100, t, 3.350314e-02, KEe, 18840.894518, MEe, 3.140149086e+00, E, -2.000000, NP, 6000 2000
610200, t, 3.350864e-02, KEe, 18873.337001, MEe, 3.145556167e+00, E, -2.000000, NP, 6000 2000
610300, t, 3.351413e-02, KEe, 18876.712414, MEe, 3.146118736e+00, E, -2.000000, NP, 6000 2000
610400, t, 3.351962e-02, KEe, 18840.042115, MEe, 3.140007019e+00, E, -2.000000, NP, 6000 2000
610500, t, 3.352511e-02, KEe, 18874.513548, MEe, 3.145752258e+00, E, -2.000000, NP, 6000 2000
610600, t, 3.353060e-02, KEe, 18911.019901, MEe, 3.151836650e+00, E, -2.000000, NP, 6000 2000
610700, t, 3.353609e-02, KEe, 18861.112708, MEe, 3.143518785e+00, E, -2.000000, NP, 6000 2000
610800, t, 3.354158e-02, KEe, 18854.825594, MEe, 3.142470932e+00, E, -2.000000, NP, 6000 2000
610900, t, 3.354708e-02, KEe, 18786.323945, MEe, 3.131053991e+00, E, -2.000000, NP, 6000 2000
611000, t, 3.355257e-02, KEe, 18772.931778, MEe, 3.128821963e+00, E, -2.000000, NP, 6000 2000
611100, t, 3.355806e-02, KEe, 18770.021186, MEe, 3.128336864e+00, E, -2.000000, NP, 6000 2000
611200, t, 3.356355e-02, KEe, 18768.226127, MEe, 3.128037688e+00, E, -2.000000, NP, 6000 2000
611300, t, 3.356904e-02, KEe, 18831.287093, MEe, 3.138547849e+00, E, -2.000000, NP, 6000 2000
611400, t, 3.357453e-02, KEe, 18832.153966, MEe, 3.138692328e+00, E, -2.000000, NP, 6000 2000
611500, t, 3.358002e-02, KEe, 18911.038480, MEe, 3.151839747e+00, E, -2.000000, NP, 6000 2000
611600, t, 3.358552e-02, KEe, 18888.023730, MEe, 3.148003955e+00, E, -2.000000, NP, 6000 2000
611700, t, 3.359101e-02, KEe, 18787.835629, MEe, 3.131305938e+00, E, -2.000000, NP, 6000 2000
611800, t, 3.359650e-02, KEe, 18860.063007, MEe, 3.143343835e+00, E, -2.000000, NP, 6000 2000
611900, t, 3.360199e-02, KEe, 18858.236339, MEe, 3.143039390e+00, E, -2.000000, NP, 6000 2000
612000, t, 3.360748e-02, KEe, 18707.680892, MEe, 3.117946815e+00, E, -2.000000, NP, 6000 2000
612100, t, 3.361297e-02, KEe, 18688.786646, MEe, 3.114797774e+00, E, -2.000000, NP, 6000 2000
612200, t, 3.361846e-02, KEe, 18632.799087, MEe, 3.105466514e+00, E, -2.000000, NP, 6000 2000
612300, t, 3.362396e-02, KEe, 18695.440497, MEe, 3.115906749e+00, E, -2.000000, NP, 6000 2000
612400, t, 3.362945e-02, KEe, 18741.693107, MEe, 3.123615518e+00, E, -2.000000, NP, 6000 2000
612500, t, 3.363494e-02, KEe, 18682.812251, MEe, 3.113802042e+00, E, -2.000000, NP, 6000 2000
612600, t, 3.364043e-02, KEe, 18678.336198, MEe, 3.113056033e+00, E, -2.000000, NP, 6000 2000
612700, t, 3.364592e-02, KEe, 18697.612014, MEe, 3.116268669e+00, E, -2.000000, NP, 6000 2000
612800, t, 3.365141e-02, KEe, 18733.539514, MEe, 3.122256586e+00, E, -2.000000, NP, 6000 2000
612900, t, 3.365690e-02, KEe, 18822.950906, MEe, 3.137158484e+00, E, -2.000000, NP, 6000 2000
613000, t, 3.366240e-02, KEe, 18910.995638, MEe, 3.151832606e+00, E, -2.000000, NP, 6000 2000
613100, t, 3.366789e-02, KEe, 18876.296607, MEe, 3.146049435e+00, E, -2.000000, NP, 6000 2000
613200, t, 3.367338e-02, KEe, 18846.762525, MEe, 3.141127087e+00, E, -2.000000, NP, 6000 2000
613300, t, 3.367887e-02, KEe, 18820.087003, MEe, 3.136681167e+00, E, -2.000000, NP, 6000 2000
613400, t, 3.368436e-02, KEe, 18704.778217, MEe, 3.117463036e+00, E, -2.000000, NP, 6000 2000
613500, t, 3.368985e-02, KEe, 18689.994895, MEe, 3.114999149e+00, E, -2.000000, NP, 6000 2000
613600, t, 3.369534e-02, KEe, 18723.166420, MEe, 3.120527737e+00, E, -2.000000, NP, 6000 2000
613700, t, 3.370084e-02, KEe, 18639.794160, MEe, 3.106632360e+00, E, -2.000000, NP, 6000 2000
613800, t, 3.370633e-02, KEe, 18529.385109, MEe, 3.088230851e+00, E, -2.000000, NP, 6000 2000
613900, t, 3.371182e-02, KEe, 18496.540850, MEe, 3.082756808e+00, E, -2.000000, NP, 6000 2000
614000, t, 3.371731e-02, KEe, 18511.664487, MEe, 3.085277414e+00, E, -2.000000, NP, 6000 2000
614100, t, 3.372280e-02, KEe, 18588.404804, MEe, 3.098067467e+00, E, -2.000000, NP, 6000 2000
614200, t, 3.372829e-02, KEe, 18405.606662, MEe, 3.067601110e+00, E, -2.000000, NP, 6000 2000
614300, t, 3.373378e-02, KEe, 18397.149386, MEe, 3.066191564e+00, E, -2.000000, NP, 6000 2000
614400, t, 3.373928e-02, KEe, 18435.609222, MEe, 3.072601537e+00, E, -2.000000, NP, 6000 2000
614500, t, 3.374477e-02, KEe, 18386.636150, MEe, 3.064439358e+00, E, -2.000000, NP, 6000 2000
614600, t, 3.375026e-02, KEe, 18389.939878, MEe, 3.064989980e+00, E, -2.000000, NP, 6000 2000
614700, t, 3.375575e-02, KEe, 18373.447277, MEe, 3.062241213e+00, E, -2.000000, NP, 6000 2000
614800, t, 3.376124e-02, KEe, 18387.587356, MEe, 3.064597893e+00, E, -2.000000, NP, 6000 2000
614900, t, 3.376673e-02, KEe, 18429.151969, MEe, 3.071525328e+00, E, -2.000000, NP, 6000 2000
615000, t, 3.377222e-02, KEe, 18522.088924, MEe, 3.087014821e+00, E, -2.000000, NP, 6000 2000
615100, t, 3.377772e-02, KEe, 18528.993839, MEe, 3.088165640e+00, E, -2.000000, NP, 6000 2000
615200, t, 3.378321e-02, KEe, 18613.251495, MEe, 3.102208583e+00, E, -2.000000, NP, 6000 2000
615300, t, 3.378870e-02, KEe, 18630.734709, MEe, 3.105122451e+00, E, -2.000000, NP, 6000 2000
615400, t, 3.379419e-02, KEe, 18696.447786, MEe, 3.116074631e+00, E, -2.000000, NP, 6000 2000
615500, t, 3.379968e-02, KEe, 18667.664063, MEe, 3.111277344e+00, E, -2.000000, NP, 6000 2000
615600, t, 3.380517e-02, KEe, 18675.269925, MEe, 3.112544987e+00, E, -2.000000, NP, 6000 2000
615700, t, 3.381066e-02, KEe, 18735.025527, MEe, 3.122504254e+00, E, -2.000000, NP, 6000 2000
615800, t, 3.381616e-02, KEe, 18731.156218, MEe, 3.121859370e+00, E, -2.000000, NP, 6000 2000
615900, t, 3.382165e-02, KEe, 18630.111913, MEe, 3.105018652e+00, E, -2.000000, NP, 6000 2000
616000, t, 3.382714e-02, KEe, 18695.977678, MEe, 3.115996280e+00, E, -2.000000, NP, 6000 2000
616100, t, 3.383263e-02, KEe, 18658.024750, MEe, 3.109670792e+00, E, -2.000000, NP, 6000 2000
616200, t, 3.383812e-02, KEe, 18825.069873, MEe, 3.137511645e+00, E, -2.000000, NP, 6000 2000
616300, t, 3.384361e-02, KEe, 18812.080937, MEe, 3.135346823e+00, E, -2.000000, NP, 6000 2000
616400, t, 3.384910e-02, KEe, 18814.493195, MEe, 3.135748866e+00, E, -2.000000, NP, 6000 2000
616500, t, 3.385460e-02, KEe, 18779.804601, MEe, 3.129967434e+00, E, -2.000000, NP, 6000 2000
616600, t, 3.386009e-02, KEe, 18758.520729, MEe, 3.126420121e+00, E, -2.000000, NP, 6000 2000
616700, t, 3.386558e-02, KEe, 18806.715741, MEe, 3.134452623e+00, E, -2.000000, NP, 6000 2000
616800, t, 3.387107e-02, KEe, 18808.749220, MEe, 3.134791537e+00, E, -2.000000, NP, 6000 2000
616900, t, 3.387656e-02, KEe, 18865.021934, MEe, 3.144170322e+00, E, -2.000000, NP, 6000 2000
617000, t, 3.388205e-02, KEe, 18922.964857, MEe, 3.153827476e+00, E, -2.000000, NP, 6000 2000
617100, t, 3.388754e-02, KEe, 18857.031524, MEe, 3.142838587e+00, E, -2.000000, NP, 6000 2000
617200, t, 3.389304e-02, KEe, 18814.288361, MEe, 3.135714727e+00, E, -2.000000, NP, 6000 2000
617300, t, 3.389853e-02, KEe, 18813.737559, MEe, 3.135622926e+00, E, -2.000000, NP, 6000 2000
617400, t, 3.390402e-02, KEe, 18806.186683, MEe, 3.134364447e+00, E, -2.000000, NP, 6000 2000
617500, t, 3.390951e-02, KEe, 18862.706156, MEe, 3.143784359e+00, E, -2.000000, NP, 6000 2000
617600, t, 3.391500e-02, KEe, 18888.216397, MEe, 3.148036066e+00, E, -2.000000, NP, 6000 2000
617700, t, 3.392049e-02, KEe, 18919.980228, MEe, 3.153330038e+00, E, -2.000000, NP, 6000 2000
617800, t, 3.392598e-02, KEe, 18914.913502, MEe, 3.152485584e+00, E, -2.000000, NP, 6000 2000
617900, t, 3.393148e-02, KEe, 18888.736080, MEe, 3.148122680e+00, E, -2.000000, NP, 6000 2000
618000, t, 3.393697e-02, KEe, 18853.277105, MEe, 3.142212851e+00, E, -2.000000, NP, 6000 2000
618100, t, 3.394246e-02, KEe, 18857.910857, MEe, 3.142985143e+00, E, -2.000000, NP, 6000 2000
618200, t, 3.394795e-02, KEe, 18821.621861, MEe, 3.136936977e+00, E, -2.000000, NP, 6000 2000
618300, t, 3.395344e-02, KEe, 18887.046164, MEe, 3.147841027e+00, E, -2.000000, NP, 6000 2000
618400, t, 3.395893e-02, KEe, 18879.364507, MEe, 3.146560751e+00, E, -2.000000, NP, 6000 2000
618500, t, 3.396442e-02, KEe, 18849.162527, MEe, 3.141527088e+00, E, -2.000000, NP, 6000 2000
618600, t, 3.396992e-02, KEe, 18860.858806, MEe, 3.143476468e+00, E, -2.000000, NP, 6000 2000
618700, t, 3.397541e-02, KEe, 18838.983937, MEe, 3.139830656e+00, E, -2.000000, NP, 6000 2000
618800, t, 3.398090e-02, KEe, 18813.123048, MEe, 3.135520508e+00, E, -2.000000, NP, 6000 2000
618900, t, 3.398639e-02, KEe, 18837.678635, MEe, 3.139613106e+00, E, -2.000000, NP, 6000 2000
619000, t, 3.399188e-02, KEe, 18894.565115, MEe, 3.149094186e+00, E, -2.000000, NP, 6000 2000
619100, t, 3.399737e-02, KEe, 18809.561029, MEe, 3.134926838e+00, E, -2.000000, NP, 6000 2000
619200, t, 3.400286e-02, KEe, 18822.056599, MEe, 3.137009433e+00, E, -2.000000, NP, 6000 2000
619300, t, 3.400836e-02, KEe, 18849.511088, MEe, 3.141585181e+00, E, -2.000000, NP, 6000 2000
619400, t, 3.401385e-02, KEe, 18812.416431, MEe, 3.135402738e+00, E, -2.000000, NP, 6000 2000
619500, t, 3.401934e-02, KEe, 18697.895468, MEe, 3.116315911e+00, E, -2.000000, NP, 6000 2000
619600, t, 3.402483e-02, KEe, 18649.622154, MEe, 3.108270359e+00, E, -2.000000, NP, 6000 2000
619700, t, 3.403032e-02, KEe, 18625.855176, MEe, 3.104309196e+00, E, -2.000000, NP, 6000 2000
619800, t, 3.403581e-02, KEe, 18685.825597, MEe, 3.114304266e+00, E, -2.000000, NP, 6000 2000
619900, t, 3.404130e-02, KEe, 18721.026890, MEe, 3.120171148e+00, E, -2.000000, NP, 6000 2000
620000, t, 3.404680e-02, KEe, 18735.099300, MEe, 3.122516550e+00, E, -2.000000, NP, 6000 2000
620100, t, 3.405229e-02, KEe, 18717.694468, MEe, 3.119615745e+00, E, -2.000000, NP, 6000 2000
620200, t, 3.405778e-02, KEe, 18748.010942, MEe, 3.124668490e+00, E, -2.000000, NP, 6000 2000
620300, t, 3.406327e-02, KEe, 18745.901788, MEe, 3.124316965e+00, E, -2.000000, NP, 6000 2000
620400, t, 3.406876e-02, KEe, 18743.994027, MEe, 3.123999004e+00, E, -2.000000, NP, 6000 2000
620500, t, 3.407425e-02, KEe, 18823.764972, MEe, 3.137294162e+00, E, -2.000000, NP, 6000 2000
620600, t, 3.407974e-02, KEe, 18764.208748, MEe, 3.127368125e+00, E, -2.000000, NP, 6000 2000
620700, t, 3.408524e-02, KEe, 18791.928019, MEe, 3.131988003e+00, E, -2.000000, NP, 6000 2000
620800, t, 3.409073e-02, KEe, 18747.595680, MEe, 3.124599280e+00, E, -2.000000, NP, 6000 2000
620900, t, 3.409622e-02, KEe, 18847.340793, MEe, 3.141223466e+00, E, -2.000000, NP, 6000 2000
621000, t, 3.410171e-02, KEe, 18844.519372, MEe, 3.140753229e+00, E, -2.000000, NP, 6000 2000
621100, t, 3.410720e-02, KEe, 18856.657781, MEe, 3.142776297e+00, E, -2.000000, NP, 6000 2000
621200, t, 3.411269e-02, KEe, 18827.394589, MEe, 3.137899098e+00, E, -2.000000, NP, 6000 2000
621300, t, 3.411818e-02, KEe, 18830.539440, MEe, 3.138423240e+00, E, -2.000000, NP, 6000 2000
621400, t, 3.412368e-02, KEe, 18878.180806, MEe, 3.146363468e+00, E, -2.000000, NP, 6000 2000
621500, t, 3.412917e-02, KEe, 18760.528064, MEe, 3.126754677e+00, E, -2.000000, NP, 6000 2000
621600, t, 3.413466e-02, KEe, 18677.346077, MEe, 3.112891013e+00, E, -2.000000, NP, 6000 2000
621700, t, 3.414015e-02, KEe, 18600.924133, MEe, 3.100154022e+00, E, -2.000000, NP, 6000 2000
621800, t, 3.414564e-02, KEe, 18633.528619, MEe, 3.105588103e+00, E, -2.000000, NP, 6000 2000
621900, t, 3.415113e-02, KEe, 18686.262081, MEe, 3.114377014e+00, E, -2.000000, NP, 6000 2000
622000, t, 3.415662e-02, KEe, 18742.536393, MEe, 3.123756066e+00, E, -2.000000, NP, 6000 2000
622100, t, 3.416212e-02, KEe, 18734.668386, MEe, 3.122444731e+00, E, -2.000000, NP, 6000 2000
622200, t, 3.416761e-02, KEe, 18745.529203, MEe, 3.124254867e+00, E, -2.000000, NP, 6000 2000
622300, t, 3.417310e-02, KEe, 18694.456254, MEe, 3.115742709e+00, E, -2.000000, NP, 6000 2000
622400, t, 3.417859e-02, KEe, 18740.654781, MEe, 3.123442463e+00, E, -2.000000, NP, 6000 2000
622500, t, 3.418408e-02, KEe, 18709.751721, MEe, 3.118291954e+00, E, -2.000000, NP, 6000 2000
622600, t, 3.418957e-02, KEe, 18712.337389, MEe, 3.118722898e+00, E, -2.000000, NP, 6000 2000
622700, t, 3.419506e-02, KEe, 18701.223441, MEe, 3.116870574e+00, E, -2.000000, NP, 6000 2000
622800, t, 3.420055e-02, KEe, 18726.436960, MEe, 3.121072827e+00, E, -2.000000, NP, 6000 2000
622900, t, 3.420605e-02, KEe, 18644.784875, MEe, 3.107464146e+00, E, -2.000000, NP, 6000 2000
623000, t, 3.421154e-02, KEe, 18635.545116, MEe, 3.105924186e+00, E, -2.000000, NP, 6000 2000
623100, t, 3.421703e-02, KEe, 18713.669286, MEe, 3.118944881e+00, E, -2.000000, NP, 6000 2000
623200, t, 3.422252e-02, KEe, 18697.551438, MEe, 3.116258573e+00, E, -2.000000, NP, 6000 2000
623300, t, 3.422801e-02, KEe, 18730.171489, MEe, 3.121695248e+00, E, -2.000000, NP, 6000 2000
623400, t, 3.423350e-02, KEe, 18760.099794, MEe, 3.126683299e+00, E, -2.000000, NP, 6000 2000
623500, t, 3.423899e-02, KEe, 18779.797933, MEe, 3.129966322e+00, E, -2.000000, NP, 6000 2000
623600, t, 3.424449e-02, KEe, 18775.798800, MEe, 3.129299800e+00, E, -2.000000, NP, 6000 2000
623700, t, 3.424998e-02, KEe, 18792.027080, MEe, 3.132004513e+00, E, -2.000000, NP, 6000 2000
623800, t, 3.425547e-02, KEe, 18808.266171, MEe, 3.134711029e+00, E, -2.000000, NP, 6000 2000
623900, t, 3.426096e-02, KEe, 18834.460438, MEe, 3.139076740e+00, E, -2.000000, NP, 6000 2000
624000, t, 3.426645e-02, KEe, 18779.795422, MEe, 3.129965904e+00, E, -2.000000, NP, 6000 2000
624100, t, 3.427194e-02, KEe, 18776.058976, MEe, 3.129343163e+00, E, -2.000000, NP, 6000 2000
624200, t, 3.427743e-02, KEe, 18792.438734, MEe, 3.132073122e+00, E, -2.000000, NP, 6000 2000
624300, t, 3.428293e-02, KEe, 18778.492105, MEe, 3.129748684e+00, E, -2.000000, NP, 6000 2000
624400, t, 3.428842e-02, KEe, 18712.295995, MEe, 3.118715999e+00, E, -2.000000, NP, 6000 2000
624500, t, 3.429391e-02, KEe, 18698.728207, MEe, 3.116454701e+00, E, -2.000000, NP, 6000 2000
624600, t, 3.429940e-02, KEe, 18630.298228, MEe, 3.105049705e+00, E, -2.000000, NP, 6000 2000
624700, t, 3.430489e-02, KEe, 18675.979764, MEe, 3.112663294e+00, E, -2.000000, NP, 6000 2000
624800, t, 3.431038e-02, KEe, 18704.197100, MEe, 3.117366183e+00, E, -2.000000, NP, 6000 2000
624900, t, 3.431587e-02, KEe, 18814.343158, MEe, 3.135723860e+00, E, -2.000000, NP, 6000 2000
625000, t, 3.432137e-02, KEe, 18852.174093, MEe, 3.142029016e+00, E, -2.000000, NP, 6000 2000
625100, t, 3.432686e-02, KEe, 18859.635017, MEe, 3.143272503e+00, E, -2.000000, NP, 6000 2000
625200, t, 3.433235e-02, KEe, 18888.090260, MEe, 3.148015043e+00, E, -2.000000, NP, 6000 2000
625300, t, 3.433784e-02, KEe, 18922.616412, MEe, 3.153769402e+00, E, -2.000000, NP, 6000 2000
625400, t, 3.434333e-02, KEe, 18905.392330, MEe, 3.150898722e+00, E, -2.000000, NP, 6000 2000
625500, t, 3.434882e-02, KEe, 18951.797343, MEe, 3.158632891e+00, E, -2.000000, NP, 6000 2000
625600, t, 3.435431e-02, KEe, 18929.308211, MEe, 3.154884702e+00, E, -2.000000, NP, 6000 2000
625700, t, 3.435981e-02, KEe, 18837.858833, MEe, 3.139643139e+00, E, -2.000000, NP, 6000 2000
625800, t, 3.436530e-02, KEe, 18793.766456, MEe, 3.132294409e+00, E, -2.000000, NP, 6000 2000
625900, t, 3.437079e-02, KEe, 18778.954047, MEe, 3.129825674e+00, E, -2.000000, NP, 6000 2000
626000, t, 3.437628e-02, KEe, 18715.117346, MEe, 3.119186224e+00, E, -2.000000, NP, 6000 2000
626100, t, 3.438177e-02, KEe, 18788.154336, MEe, 3.131359056e+00, E, -2.000000, NP, 6000 2000
626200, t, 3.438726e-02, KEe, 18827.542111, MEe, 3.137923685e+00, E, -2.000000, NP, 6000 2000
626300, t, 3.439275e-02, KEe, 18823.073111, MEe, 3.137178852e+00, E, -2.000000, NP, 6000 2000
626400, t, 3.439825e-02, KEe, 18871.815190, MEe, 3.145302532e+00, E, -2.000000, NP, 6000 2000
626500, t, 3.440374e-02, KEe, 18836.893833, MEe, 3.139482305e+00, E, -2.000000, NP, 6000 2000
626600, t, 3.440923e-02, KEe, 18810.261777, MEe, 3.135043629e+00, E, -2.000000, NP, 6000 2000
626700, t, 3.441472e-02, KEe, 18831.141985, MEe, 3.138523664e+00, E, -2.000000, NP, 6000 2000
626800, t, 3.442021e-02, KEe, 18862.975398, MEe, 3.143829233e+00, E, -2.000000, NP, 6000 2000
626900, t, 3.442570e-02, KEe, 18851.916960, MEe, 3.141986160e+00, E, -2.000000, NP, 6000 2000
627000, t, 3.443119e-02, KEe, 18896.189110, MEe, 3.149364852e+00, E, -2.000000, NP, 6000 2000
627100, t, 3.443669e-02, KEe, 18950.608257, MEe, 3.158434710e+00, E, -2.000000, NP, 6000 2000
627200, t, 3.444218e-02, KEe, 18970.863680, MEe, 3.161810613e+00, E, -2.000000, NP, 6000 2000
627300, t, 3.444767e-02, KEe, 18864.126941, MEe, 3.144021157e+00, E, -2.000000, NP, 6000 2000
627400, t, 3.445316e-02, KEe, 18911.373546, MEe, 3.151895591e+00, E, -2.000000, NP, 6000 2000
627500, t, 3.445865e-02, KEe, 18780.049751, MEe, 3.130008292e+00, E, -2.000000, NP, 6000 2000
627600, t, 3.446414e-02, KEe, 18799.195569, MEe, 3.133199261e+00, E, -2.000000, NP, 6000 2000
627700, t, 3.446963e-02, KEe, 18822.588744, MEe, 3.137098124e+00, E, -2.000000, NP, 6000 2000
627800, t, 3.447513e-02, KEe, 18773.025227, MEe, 3.128837538e+00, E, -2.000000, NP, 6000 2000
627900, t, 3.448062e-02, KEe, 18861.585761, MEe, 3.143597627e+00, E, -2.000000, NP, 6000 2000
628000, t, 3.448611e-02, KEe, 18925.683192, MEe, 3.154280532e+00, E, -2.000000, NP, 6000 2000
628100, t, 3.449160e-02, KEe, 18825.951438, MEe, 3.137658573e+00, E, -2.000000, NP, 6000 2000
628200, t, 3.449709e-02, KEe, 18808.527697, MEe, 3.134754616e+00, E, -2.000000, NP, 6000 2000
628300, t, 3.450258e-02, KEe, 18723.792482, MEe, 3.120632080e+00, E, -2.000000, NP, 6000 2000
628400, t, 3.450807e-02, KEe, 18617.491697, MEe, 3.102915283e+00, E, -2.000000, NP, 6000 2000
628500, t, 3.451357e-02, KEe, 18677.022768, MEe, 3.112837128e+00, E, -2.000000, NP, 6000 2000
628600, t, 3.451906e-02, KEe, 18596.682199, MEe, 3.099447033e+00, E, -2.000000, NP, 6000 2000
628700, t, 3.452455e-02, KEe, 18641.664583, MEe, 3.106944097e+00, E, -2.000000, NP, 6000 2000
628800, t, 3.453004e-02, KEe, 18640.890937, MEe, 3.106815156e+00, E, -2.000000, NP, 6000 2000
628900, t, 3.453553e-02, KEe, 18631.644510, MEe, 3.105274085e+00, E, -2.000000, NP, 6000 2000
629000, t, 3.454102e-02, KEe, 18596.992528, MEe, 3.099498755e+00, E, -2.000000, NP, 6000 2000
629100, t, 3.454651e-02, KEe, 18683.556979, MEe, 3.113926163e+00, E, -2.000000, NP, 6000 2000
629200, t, 3.455201e-02, KEe, 18691.266645, MEe, 3.115211108e+00, E, -2.000000, NP, 6000 2000
629300, t, 3.455750e-02, KEe, 18761.103715, MEe, 3.126850619e+00, E, -2.000000, NP, 6000 2000
629400, t, 3.456299e-02, KEe, 18793.343745, MEe, 3.132223958e+00, E, -2.000000, NP, 6000 2000
629500, t, 3.456848e-02, KEe, 18806.367763, MEe, 3.134394627e+00, E, -2.000000, NP, 6000 2000
629600, t, 3.457397e-02, KEe, 18826.690549, MEe, 3.137781758e+00, E, -2.000000, NP, 6000 2000
629700, t, 3.457946e-02, KEe, 18898.169777, MEe, 3.149694963e+00, E, -2.000000, NP, 6000 2000
629800, t, 3.458495e-02, KEe, 18882.857484, MEe, 3.147142914e+00, E, -2.000000, NP, 6000 2000
629900, t, 3.459045e-02, KEe, 18759.663042, MEe, 3.126610507e+00, E, -2.000000, NP, 6000 2000
630000, t, 3.459594e-02, KEe, 18733.048272, MEe, 3.122174712e+00, E, -2.000000, NP, 6000 2000
630100, t, 3.460143e-02, KEe, 18750.729511, MEe, 3.125121585e+00, E, -2.000000, NP, 6000 2000
630200, t, 3.460692e-02, KEe, 18808.853199, MEe, 3.134808867e+00, E, -2.000000, NP, 6000 2000
630300, t, 3.461241e-02, KEe, 18806.528853, MEe, 3.134421475e+00, E, -2.000000, NP, 6000 2000
630400, t, 3.461790e-02, KEe, 18746.082813, MEe, 3.124347135e+00, E, -2.000000, NP, 6000 2000
630500, t, 3.462339e-02, KEe, 18693.419345, MEe, 3.115569891e+00, E, -2.000000, NP, 6000 2000
630600, t, 3.462889e-02, KEe, 18722.392666, MEe, 3.120398778e+00, E, -2.000000, NP, 6000 2000
630700, t, 3.463438e-02, KEe, 18733.976060, MEe, 3.122329343e+00, E, -2.000000, NP, 6000 2000
630800, t, 3.463987e-02, KEe, 18807.548743, MEe, 3.134591457e+00, E, -2.000000, NP, 6000 2000
630900, t, 3.464536e-02, KEe, 18789.421860, MEe, 3.131570310e+00, E, -2.000000, NP, 6000 2000
631000, t, 3.465085e-02, KEe, 18842.201273, MEe, 3.140366879e+00, E, -2.000000, NP, 6000 2000
631100, t, 3.465634e-02, KEe, 18870.044616, MEe, 3.145007436e+00, E, -2.000000, NP, 6000 2000
631200, t, 3.466183e-02, KEe, 18836.248531, MEe, 3.139374755e+00, E, -2.000000, NP, 6000 2000
631300, t, 3.466733e-02, KEe, 18816.631919, MEe, 3.136105320e+00, E, -2.000000, NP, 6000 2000
631400, t, 3.467282e-02, KEe, 18845.031797, MEe, 3.140838633e+00, E, -2.000000, NP, 6000 2000
631500, t, 3.467831e-02, KEe, 18792.131241, MEe, 3.132021873e+00, E, -2.000000, NP, 6000 2000
631600, t, 3.468380e-02, KEe, 18777.974155, MEe, 3.129662359e+00, E, -2.000000, NP, 6000 2000
631700, t, 3.468929e-02, KEe, 18751.231015, MEe, 3.125205169e+00, E, -2.000000, NP, 6000 2000
631800, t, 3.469478e-02, KEe, 18702.611361, MEe, 3.117101894e+00, E, -2.000000, NP, 6000 2000
631900, t, 3.470027e-02, KEe, 18722.919294, MEe, 3.120486549e+00, E, -2.000000, NP, 6000 2000
632000, t, 3.470577e-02, KEe, 18875.984497, MEe, 3.145997416e+00, E, -2.000000, NP, 6000 2000
632100, t, 3.471126e-02, KEe, 18857.508692, MEe, 3.142918115e+00, E, -2.000000, NP, 6000 2000
632200, t, 3.471675e-02, KEe, 18932.489508, MEe, 3.155414918e+00, E, -2.000000, NP, 6000 2000
632300, t, 3.472224e-02, KEe, 18964.028981, MEe, 3.160671497e+00, E, -2.000000, NP, 6000 2000
632400, t, 3.472773e-02, KEe, 18947.778219, MEe, 3.157963037e+00, E, -2.000000, NP, 6000 2000
632500, t, 3.473322e-02, KEe, 19055.920348, MEe, 3.175986725e+00, E, -2.000000, NP, 6000 2000
632600, t, 3.473871e-02, KEe, 19045.023788, MEe, 3.174170631e+00, E, -2.000000, NP, 6000 2000
632700, t, 3.474421e-02, KEe, 19011.016073, MEe, 3.168502679e+00, E, -2.000000, NP, 6000 2000
632800, t, 3.474970e-02, KEe, 18973.732100, MEe, 3.162288683e+00, E, -2.000000, NP, 6000 2000
632900, t, 3.475519e-02, KEe, 18930.138070, MEe, 3.155023012e+00, E, -2.000000, NP, 6000 2000
633000, t, 3.476068e-02, KEe, 18934.095503, MEe, 3.155682584e+00, E, -2.000000, NP, 6000 2000
633100, t, 3.476617e-02, KEe, 18893.819139, MEe, 3.148969856e+00, E, -2.000000, NP, 6000 2000
633200, t, 3.477166e-02, KEe, 18836.252939, MEe, 3.139375490e+00, E, -2.000000, NP, 6000 2000
633300, t, 3.477715e-02, KEe, 18881.573862, MEe, 3.146928977e+00, E, -2.000000, NP, 6000 2000
633400, t, 3.478265e-02, KEe, 18974.984491, MEe, 3.162497415e+00, E, -2.000000, NP, 6000 2000
633500, t, 3.478814e-02, KEe, 18967.811145, MEe, 3.161301858e+00, E, -2.000000, NP, 6000 2000
633600, t, 3.479363e-02, KEe, 19009.249137, MEe, 3.168208189e+00, E, -2.000000, NP, 6000 2000
633700, t, 3.479912e-02, KEe, 19036.762668, MEe, 3.172793778e+00, E, -2.000000, NP, 6000 2000
633800, t, 3.480461e-02, KEe, 19005.261862, MEe, 3.167543644e+00, E, -2.000000, NP, 6000 2000
633900, t, 3.481010e-02, KEe, 19062.720157, MEe, 3.177120026e+00, E, -2.000000, NP, 6000 2000
634000, t, 3.481559e-02, KEe, 19002.455274, MEe, 3.167075879e+00, E, -2.000000, NP, 6000 2000
634100, t, 3.482109e-02, KEe, 18949.687699, MEe, 3.158281283e+00, E, -2.000000, NP, 6000 2000
634200, t, 3.482658e-02, KEe, 18901.401039, MEe, 3.150233507e+00, E, -2.000000, NP, 6000 2000
634300, t, 3.483207e-02, KEe, 18963.400413, MEe, 3.160566736e+00, E, -2.000000, NP, 6000 2000
634400, t, 3.483756e-02, KEe, 18950.525208, MEe, 3.158420868e+00, E, -2.000000, NP, 6000 2000
634500, t, 3.484305e-02, KEe, 19005.811052, MEe, 3.167635175e+00, E, -2.000000, NP, 6000 2000
634600, t, 3.484854e-02, KEe, 18990.127150, MEe, 3.165021192e+00, E, -2.000000, NP, 6000 2000
634700, t, 3.485403e-02, KEe, 19069.141440, MEe, 3.178190240e+00, E, -2.000000, NP, 6000 2000
634800, t, 3.485953e-02, KEe, 19044.967758, MEe, 3.174161293e+00, E, -2.000000, NP, 6000 2000
634900, t, 3.486502e-02, KEe, 19035.114098, MEe, 3.172519016e+00, E, -2.000000, NP, 6000 2000
635000, t, 3.487051e-02, KEe, 19075.308158, MEe, 3.179218026e+00, E, -2.000000, NP, 6000 2000
635100, t, 3.487600e-02, KEe, 19010.787541, MEe, 3.168464590e+00, E, -2.000000, NP, 6000 2000
635200, t, 3.488149e-02, KEe, 18952.555212, MEe, 3.158759202e+00, E, -2.000000, NP, 6000 2000
635300, t, 3.488698e-02, KEe, 18932.733733, MEe, 3.155455622e+00, E, -2.000000, NP, 6000 2000
635400, t, 3.489247e-02, KEe, 18901.358375, MEe, 3.150226396e+00, E, -2.000000, NP, 6000 2000
635500, t, 3.489797e-02, KEe, 18855.084495, MEe, 3.142514082e+00, E, -2.000000, NP, 6000 2000
635600, t, 3.490346e-02, KEe, 18875.677867, MEe, 3.145946311e+00, E, -2.000000, NP, 6000 2000
635700, t, 3.490895e-02, KEe, 18820.497233, MEe, 3.136749539e+00, E, -2.000000, NP, 6000 2000
635800, t, 3.491444e-02, KEe, 18845.336920, MEe, 3.140889487e+00, E, -2.000000, NP, 6000 2000
635900, t, 3.491993e-02, KEe, 18939.649416, MEe, 3.156608236e+00, E, -2.000000, NP, 6000 2000
636000, t, 3.492542e-02, KEe, 18997.473569, MEe, 3.166245595e+00, E, -2.000000, NP, 6000 2000
636100, t, 3.493091e-02, KEe, 18967.835609, MEe, 3.161305935e+00, E, -2.000000, NP, 6000 2000
636200, t, 3.493641e-02, KEe, 18910.343087, MEe, 3.151723848e+00, E, -2.000000, NP, 6000 2000
636300, t, 3.494190e-02, KEe, 18951.479792, MEe, 3.158579965e+00, E, -2.000000, NP, 6000 2000
636400, t, 3.494739e-02, KEe, 18881.595481, MEe, 3.146932580e+00, E, -2.000000, NP, 6000 2000
636500, t, 3.495288e-02, KEe, 18897.072135, MEe, 3.149512023e+00, E, -2.000000, NP, 6000 2000
636600, t, 3.495837e-02, KEe, 18879.746407, MEe, 3.146624401e+00, E, -2.000000, NP, 6000 2000
636700, t, 3.496386e-02, KEe, 18950.816964, MEe, 3.158469494e+00, E, -2.000000, NP, 6000 2000
636800, t, 3.496935e-02, KEe, 18991.025862, MEe, 3.165170977e+00, E, -2.000000, NP, 6000 2000
636900, t, 3.497485e-02, KEe, 19017.689898, MEe, 3.169614983e+00, E, -2.000000, NP, 6000 2000
637000, t, 3.498034e-02, KEe, 19030.422518, MEe, 3.171737086e+00, E, -2.000000, NP, 6000 2000
637100, t, 3.498583e-02, KEe, 19077.353802, MEe, 3.179558967e+00, E, -2.000000, NP, 6000 2000
637200, t, 3.499132e-02, KEe, 19064.205898, MEe, 3.177367650e+00, E, -2.000000, NP, 6000 2000
637300, t, 3.499681e-02, KEe, 19066.897915, MEe, 3.177816319e+00, E, -2.000000, NP, 6000 2000
637400, t, 3.500230e-02, KEe, 19177.889197, MEe, 3.196314866e+00, E, -2.000000, NP, 6000 2000
637500, t, 3.500779e-02, KEe, 19141.288413, MEe, 3.190214736e+00, E, -2.000000, NP, 6000 2000
637600, t, 3.501328e-02, KEe, 19171.606683, MEe, 3.195267780e+00, E, -2.000000, NP, 6000 2000
637700, t, 3.501878e-02, KEe, 19264.065475, MEe, 3.210677579e+00, E, -2.000000, NP, 6000 2000
637800, t, 3.502427e-02, KEe, 19248.930744, MEe, 3.208155124e+00, E, -2.000000, NP, 6000 2000
637900, t, 3.502976e-02, KEe, 19226.632266, MEe, 3.204438711e+00, E, -2.000000, NP, 6000 2000
638000, t, 3.503525e-02, KEe, 19066.056503, MEe, 3.177676084e+00, E, -2.000000, NP, 6000 2000
638100, t, 3.504074e-02, KEe, 19028.273185, MEe, 3.171378864e+00, E, -2.000000, NP, 6000 2000
638200, t, 3.504623e-02, KEe, 19005.052359, MEe, 3.167508727e+00, E, -2.000000, NP, 6000 2000
638300, t, 3.505172e-02, KEe, 18916.233012, MEe, 3.152705502e+00, E, -2.000000, NP, 6000 2000
638400, t, 3.505722e-02, KEe, 18930.422359, MEe, 3.155070393e+00, E, -2.000000, NP, 6000 2000
638500, t, 3.506271e-02, KEe, 18968.777355, MEe, 3.161462893e+00, E, -2.000000, NP, 6000 2000
638600, t, 3.506820e-02, KEe, 19006.817164, MEe, 3.167802861e+00, E, -2.000000, NP, 6000 2000
638700, t, 3.507369e-02, KEe, 18956.621524, MEe, 3.159436921e+00, E, -2.000000, NP, 6000 2000
638800, t, 3.507918e-02, KEe, 18908.380153, MEe, 3.151396692e+00, E, -2.000000, NP, 6000 2000
638900, t, 3.508467e-02, KEe, 18899.138396, MEe, 3.149856399e+00, E, -2.000000, NP, 6000 2000
639000, t, 3.509016e-02, KEe, 18943.901162, MEe, 3.157316860e+00, E, -2.000000, NP, 6000 2000
639100, t, 3.509566e-02, KEe, 18879.067402, MEe, 3.146511234e+00, E, -2.000000, NP, 6000 2000
639200, t, 3.510115e-02, KEe, 18846.685472, MEe, 3.141114245e+00, E, -2.000000, NP, 6000 2000
639300, t, 3.510664e-02, KEe, 18842.251552, MEe, 3.140375259e+00, E, -2.000000, NP, 6000 2000
639400, t, 3.511213e-02, KEe, 18744.617386, MEe, 3.124102898e+00, E, -2.000000, NP, 6000 2000
639500, t, 3.511762e-02, KEe, 18746.296605, MEe, 3.124382767e+00, E, -2.000000, NP, 6000 2000
639600, t, 3.512311e-02, KEe, 18712.530161, MEe, 3.118755027e+00, E, -2.000000, NP, 6000 2000
639700, t, 3.512860e-02, KEe, 18785.004638, MEe, 3.130834106e+00, E, -2.000000, NP, 6000 2000
639800, t, 3.513410e-02, KEe, 18763.006734, MEe, 3.127167789e+00, E, -2.000000, NP, 6000 2000
639900, t, 3.513959e-02, KEe, 18770.627124, MEe, 3.128437854e+00, E, -2.000000, NP, 6000 2000
640000, t, 3.514508e-02, KEe, 18885.941904, MEe, 3.147656984e+00, E, -2.000000, NP, 6000 2000
640100, t, 3.515057e-02, KEe, 18881.513744, MEe, 3.146918957e+00, E, -2.000000, NP, 6000 2000
640200, t, 3.515606e-02, KEe, 18788.585648, MEe, 3.131430941e+00, E, -2.000000, NP, 6000 2000
640300, t, 3.516155e-02, KEe, 18864.871252, MEe, 3.144145209e+00, E, -2.000000, NP, 6000 2000
640400, t, 3.516704e-02, KEe, 18848.685866, MEe, 3.141447644e+00, E, -2.000000, NP, 6000 2000
640500, t, 3.517254e-02, KEe, 18864.668061, MEe, 3.144111343e+00, E, -2.000000, NP, 6000 2000
640600, t, 3.517803e-02, KEe, 18816.020077, MEe, 3.136003346e+00, E, -2.000000, NP, 6000 2000
640700, t, 3.518352e-02, KEe, 18858.547536, MEe, 3.143091256e+00, E, -2.000000, NP, 6000 2000
640800, t, 3.518901e-02, KEe, 18846.396325, MEe, 3.141066054e+00, E, -2.000000, NP, 6000 2000
640900, t, 3.519450e-02, KEe, 18905.682694, MEe, 3.150947116e+00, E, -2.000000, NP, 6000 2000
641000, t, 3.519999e-02, KEe, 18925.211156, MEe, 3.154201859e+00, E, -2.000000, NP, 6000 2000
641100, t, 3.520548e-02, KEe, 19041.080926, MEe, 3.173513488e+00, E, -2.000000, NP, 6000 2000
641200, t, 3.521098e-02, KEe, 19066.950172, MEe, 3.177825029e+00, E, -2.000000, NP, 6000 2000
641300, t, 3.521647e-02, KEe, 18968.100315, MEe, 3.161350053e+00, E, -2.000000, NP, 6000 2000
641400, t, 3.522196e-02, KEe, 18954.600689, MEe, 3.159100115e+00, E, -2.000000, NP, 6000 2000
641500, t, 3.522745e-02, KEe, 18959.399310, MEe, 3.159899885e+00, E, -2.000000, NP, 6000 2000
641600, t, 3.523294e-02, KEe, 18894.643191, MEe, 3.149107198e+00, E, -2.000000, NP, 6000 2000
641700, t, 3.523843e-02, KEe, 18946.091547, MEe, 3.157681924e+00, E, -2.000000, NP, 6000 2000
641800, t, 3.524392e-02, KEe, 18863.931620, MEe, 3.143988603e+00, E, -2.000000, NP, 6000 2000
641900, t, 3.524942e-02, KEe, 18878.996909, MEe, 3.146499485e+00, E, -2.000000, NP, 6000 2000
642000, t, 3.525491e-02, KEe, 18760.667552, MEe, 3.126777925e+00, E, -2.000000, NP, 6000 2000
642100, t, 3.526040e-02, KEe, 18701.258559, MEe, 3.116876426e+00, E, -2.000000, NP, 6000 2000
642200, t, 3.526589e-02, KEe, 18743.600364, MEe, 3.123933394e+00, E, -2.000000, NP, 6000 2000
642300, t, 3.527138e-02, KEe, 18828.489833, MEe, 3.138081639e+00, E, -2.000000, NP, 6000 2000
642400, t, 3.527687e-02, KEe, 18777.553354, MEe, 3.129592226e+00, E, -2.000000, NP, 6000 2000
642500, t, 3.528236e-02, KEe, 18753.783934, MEe, 3.125630656e+00, E, -2.000000, NP, 6000 2000
642600, t, 3.528786e-02, KEe, 18752.983397, MEe, 3.125497233e+00, E, -2.000000, NP, 6000 2000
642700, t, 3.529335e-02, KEe, 18691.979726, MEe, 3.115329954e+00, E, -2.000000, NP, 6000 2000
642800, t, 3.529884e-02, KEe, 18773.593321, MEe, 3.128932220e+00, E, -2.000000, NP, 6000 2000
642900, t, 3.530433e-02, KEe, 18793.215764, MEe, 3.132202627e+00, E, -2.000000, NP, 6000 2000
643000, t, 3.530982e-02, KEe, 18751.604584, MEe, 3.125267431e+00, E, -2.000000, NP, 6000 2000
643100, t, 3.531531e-02, KEe, 18874.938503, MEe, 3.145823084e+00, E, -2.000000, NP, 6000 2000
643200, t, 3.532080e-02, KEe, 18836.238338, MEe, 3.139373056e+00, E, -2.000000, NP, 6000 2000
643300, t, 3.532630e-02, KEe, 18896.038537, MEe, 3.149339756e+00, E, -2.000000, NP, 6000 2000
643400, t, 3.533179e-02, KEe, 18927.971582, MEe, 3.154661930e+00, E, -2.000000, NP, 6000 2000
643500, t, 3.533728e-02, KEe, 19013.637219, MEe, 3.168939537e+00, E, -2.000000, NP, 6000 2000
643600, t, 3.534277e-02, KEe, 18954.172010, MEe, 3.159028668e+00, E, -2.000000, NP, 6000 2000
643700, t, 3.534826e-02, KEe, 18925.571495, MEe, 3.154261916e+00, E, -2.000000, NP, 6000 2000
643800, t, 3.535375e-02, KEe, 18830.268468, MEe, 3.138378078e+00, E, -2.000000, NP, 6000 2000
643900, t, 3.535924e-02, KEe, 18880.195263, MEe, 3.146699210e+00, E, -2.000000, NP, 6000 2000
644000, t, 3.536474e-02, KEe, 18965.440450, MEe, 3.160906742e+00, E, -2.000000, NP, 6000 2000
644100, t, 3.537023e-02, KEe, 19035.360507, MEe, 3.172560084e+00, E, -2.000000, NP, 6000 2000
644200, t, 3.537572e-02, KEe, 19015.711016, MEe, 3.169285169e+00, E, -2.000000, NP, 6000 2000
644300, t, 3.538121e-02, KEe, 18979.912858, MEe, 3.163318810e+00, E, -2.000000, NP, 6000 2000
644400, t, 3.538670e-02, KEe, 19021.775858, MEe, 3.170295976e+00, E, -2.000000, NP, 6000 2000
644500, t, 3.539219e-02, KEe, 19053.349414, MEe, 3.175558236e+00, E, -2.000000, NP, 6000 2000
644600, t, 3.539768e-02, KEe, 18996.380222, MEe, 3.166063370e+00, E, -2.000000, NP, 6000 2000
644700, t, 3.540318e-02, KEe, 18877.735541, MEe, 3.146289257e+00, E, -2.000000, NP, 6000 2000
644800, t, 3.540867e-02, KEe, 18873.110334, MEe, 3.145518389e+00, E, -2.000000, NP, 6000 2000
644900, t, 3.541416e-02, KEe, 18859.344863, MEe, 3.143224144e+00, E, -2.000000, NP, 6000 2000
645000, t, 3.541965e-02, KEe, 18836.984797, MEe, 3.139497466e+00, E, -2.000000, NP, 6000 2000
645100, t, 3.542514e-02, KEe, 18815.130290, MEe, 3.135855048e+00, E, -2.000000, NP, 6000 2000
645200, t, 3.543063e-02, KEe, 18853.903297, MEe, 3.142317216e+00, E, -2.000000, NP, 6000 2000
645300, t, 3.543612e-02, KEe, 18889.506538, MEe, 3.148251090e+00, E, -2.000000, NP, 6000 2000
645400, t, 3.544162e-02, KEe, 18886.359610, MEe, 3.147726602e+00, E, -2.000000, NP, 6000 2000
645500, t, 3.544711e-02, KEe, 18838.635428, MEe, 3.139772571e+00, E, -2.000000, NP, 6000 2000
645600, t, 3.545260e-02, KEe, 18696.550099, MEe, 3.116091683e+00, E, -2.000000, NP, 6000 2000
645700, t, 3.545809e-02, KEe, 18644.538939, MEe, 3.107423157e+00, E, -2.000000, NP, 6000 2000
645800, t, 3.546358e-02, KEe, 18686.703968, MEe, 3.114450661e+00, E, -2.000000, NP, 6000 2000
645900, t, 3.546907e-02, KEe, 18612.824380, MEe, 3.102137397e+00, E, -2.000000, NP, 6000 2000
646000, t, 3.547456e-02, KEe, 18578.281017, MEe, 3.096380170e+00, E, -2.000000, NP, 6000 2000
646100, t, 3.548006e-02, KEe, 18498.378862, MEe, 3.083063144e+00, E, -2.000000, NP, 6000 2000
646200, t, 3.548555e-02, KEe, 18504.593747, MEe, 3.084098958e+00, E, -2.000000, NP, 6000 2000
646300, t, 3.549104e-02, KEe, 18478.537659, MEe, 3.079756276e+00, E, -2.000000, NP, 6000 2000
646400, t, 3.549653e-02, KEe, 18448.476697, MEe, 3.074746116e+00, E, -2.000000, NP, 6000 2000
646500, t, 3.550202e-02, KEe, 18539.936567, MEe, 3.089989428e+00, E, -2.000000, NP, 6000 2000
646600, t, 3.550751e-02, KEe, 18578.123711, MEe, 3.096353952e+00, E, -2.000000, NP, 6000 2000
646700, t, 3.551300e-02, KEe, 18704.996082, MEe, 3.117499347e+00, E, -2.000000, NP, 6000 2000
646800, t, 3.551850e-02, KEe, 18758.318511, MEe, 3.126386419e+00, E, -2.000000, NP, 6000 2000
646900, t, 3.552399e-02, KEe, 18723.971722, MEe, 3.120661954e+00, E, -2.000000, NP, 6000 2000
647000, t, 3.552948e-02, KEe, 18769.418840, MEe, 3.128236473e+00, E, -2.000000, NP, 6000 2000
647100, t, 3.553497e-02, KEe, 18856.933924, MEe, 3.142822321e+00, E, -2.000000, NP, 6000 2000
647200, t, 3.554046e-02, KEe, 18834.115514, MEe, 3.139019252e+00, E, -2.000000, NP, 6000 2000
647300, t, 3.554595e-02, KEe, 18915.429546, MEe, 3.152571591e+00, E, -2.000000, NP, 6000 2000
647400, t, 3.555144e-02, KEe, 18949.700534, MEe, 3.158283422e+00, E, -2.000000, NP, 6000 2000
647500, t, 3.555694e-02, KEe, 18890.157347, MEe, 3.148359558e+00, E, -2.000000, NP, 6000 2000
647600, t, 3.556243e-02, KEe, 18816.588103, MEe, 3.136098017e+00, E, -2.000000, NP, 6000 2000
647700, t, 3.556792e-02, KEe, 18859.893554, MEe, 3.143315592e+00, E, -2.000000, NP, 6000 2000
647800, t, 3.557341e-02, KEe, 18839.629336, MEe, 3.139938223e+00, E, -2.000000, NP, 6000 2000
647900, t, 3.557890e-02, KEe, 18873.039365, MEe, 3.145506561e+00, E, -2.000000, NP, 6000 2000
648000, t, 3.558439e-02, KEe, 18917.522018, MEe, 3.152920336e+00, E, -2.000000, NP, 6000 2000
648100, t, 3.558988e-02, KEe, 18810.228386, MEe, 3.135038064e+00, E, -2.000000, NP, 6000 2000
648200, t, 3.559538e-02, KEe, 18761.564379, MEe, 3.126927397e+00, E, -2.000000, NP, 6000 2000
648300, t, 3.560087e-02, KEe, 18678.118545, MEe, 3.113019757e+00, E, -2.000000, NP, 6000 2000
648400, t, 3.560636e-02, KEe, 18700.838056, MEe, 3.116806343e+00, E, -2.000000, NP, 6000 2000
648500, t, 3.561185e-02, KEe, 18774.172595, MEe, 3.129028766e+00, E, -2.000000, NP, 6000 2000
648600, t, 3.561734e-02, KEe, 18854.415364, MEe, 3.142402561e+00, E, -2.000000, NP, 6000 2000
648700, t, 3.562283e-02, KEe, 18881.493241, MEe, 3.146915540e+00, E, -2.000000, NP, 6000 2000
648800, t, 3.562832e-02, KEe, 19020.201540, MEe, 3.170033590e+00, E, -2.000000, NP, 6000 2000
648900, t, 3.563382e-02, KEe, 19079.023534, MEe, 3.179837256e+00, E, -2.000000, NP, 6000 2000
649000, t, 3.563931e-02, KEe, 19053.462040, MEe, 3.175577007e+00, E, -2.000000, NP, 6000 2000
649100, t, 3.564480e-02, KEe, 19046.861405, MEe, 3.174476901e+00, E, -2.000000, NP, 6000 2000
649200, t, 3.565029e-02, KEe, 18925.408391, MEe, 3.154234732e+00, E, -2.000000, NP, 6000 2000
649300, t, 3.565578e-02, KEe, 18985.897428, MEe, 3.164316238e+00, E, -2.000000, NP, 6000 2000
649400, t, 3.566127e-02, KEe, 19020.156323, MEe, 3.170026054e+00, E, -2.000000, NP, 6000 2000
649500, t, 3.566676e-02, KEe, 18936.382418, MEe, 3.156063736e+00, E, -2.000000, NP, 6000 2000
649600, t, 3.567226e-02, KEe, 18808.920175, MEe, 3.134820029e+00, E, -2.000000, NP, 6000 2000
649700, t, 3.567775e-02, KEe, 18771.493808, MEe, 3.128582301e+00, E, -2.000000, NP, 6000 2000
649800, t, 3.568324e-02, KEe, 18781.024523, MEe, 3.130170754e+00, E, -2.000000, NP, 6000 2000
649900, t, 3.568873e-02, KEe, 18869.842679, MEe, 3.144973780e+00, E, -2.000000, NP, 6000 2000
650000, t, 3.569422e-02, KEe, 18792.789452, MEe, 3.132131575e+00, E, -2.000000, NP, 6000 2000
650100, t, 3.569971e-02, KEe, 18738.079259, MEe, 3.123013210e+00, E, -2.000000, NP, 6000 2000
650200, t, 3.570520e-02, KEe, 18722.106771, MEe, 3.120351129e+00, E, -2.000000, NP, 6000 2000
650300, t, 3.571070e-02, KEe, 18719.725191, MEe, 3.119954199e+00, E, -2.000000, NP, 6000 2000
650400, t, 3.571619e-02, KEe, 18769.749622, MEe, 3.128291604e+00, E, -2.000000, NP, 6000 2000
650500, t, 3.572168e-02, KEe, 18737.393921, MEe, 3.122898987e+00, E, -2.000000, NP, 6000 2000
650600, t, 3.572717e-02, KEe, 18759.122497, MEe, 3.126520416e+00, E, -2.000000, NP, 6000 2000
650700, t, 3.573266e-02, KEe, 18864.556475, MEe, 3.144092746e+00, E, -2.000000, NP, 6000 2000
650800, t, 3.573815e-02, KEe, 18870.545228, MEe, 3.145090871e+00, E, -2.000000, NP, 6000 2000
650900, t, 3.574364e-02, KEe, 19003.532367, MEe, 3.167255395e+00, E, -2.000000, NP, 6000 2000
651000, t, 3.574914e-02, KEe, 18892.012141, MEe, 3.148668690e+00, E, -2.000000, NP, 6000 2000
651100, t, 3.575463e-02, KEe, 18982.851649, MEe, 3.163808608e+00, E, -2.000000, NP, 6000 2000
651200, t, 3.576012e-02, KEe, 18921.003520, MEe, 3.153500587e+00, E, -2.000000, NP, 6000 2000
651300, t, 3.576561e-02, KEe, 18890.276789, MEe, 3.148379465e+00, E, -2.000000, NP, 6000 2000
651400, t, 3.577110e-02, KEe, 18882.336584, MEe, 3.147056097e+00, E, -2.000000, NP, 6000 2000
651500, t, 3.577659e-02, KEe, 18822.439087, MEe, 3.137073181e+00, E, -2.000000, NP, 6000 2000
651600, t, 3.578208e-02, KEe, 18850.343767, MEe, 3.141723961e+00, E, -2.000000, NP, 6000 2000
651700, t, 3.578757e-02, KEe, 18871.817722, MEe, 3.145302954e+00, E, -2.000000, NP, 6000 2000
651800, t, 3.579307e-02, KEe, 18896.609422, MEe, 3.149434904e+00, E, -2.000000, NP, 6000 2000
651900, t, 3.579856e-02, KEe, 18921.858166, MEe, 3.153643028e+00, E, -2.000000, NP, 6000 2000
652000, t, 3.580405e-02, KEe, 18931.239114, MEe, 3.155206519e+00, E, -2.000000, NP, 6000 2000
652100, t, 3.580954e-02, KEe, 18983.544253, MEe, 3.163924042e+00, E, -2.000000, NP, 6000 2000
652200, t, 3.581503e-02, KEe, 18997.678781, MEe, 3.166279797e+00, E, -2.000000, NP, 6000 2000
652300, t, 3.582052e-02, KEe, 18920.302146, MEe, 3.153383691e+00, E, -2.000000, NP, 6000 2000
652400, t, 3.582601e-02, KEe, 18937.926687, MEe, 3.156321115e+00, E, -2.000000, NP, 6000 2000
652500, t, 3.583151e-02, KEe, 18940.787041, MEe, 3.156797840e+00, E, -2.000000, NP, 6000 2000
652600, t, 3.583700e-02, KEe, 19071.250659, MEe, 3.178541777e+00, E, -2.000000, NP, 6000 2000
652700, t, 3.584249e-02, KEe, 19090.604208, MEe, 3.181767368e+00, E, -2.000000, NP, 6000 2000
652800, t, 3.584798e-02, KEe, 19189.004759, MEe, 3.198167460e+00, E, -2.000000, NP, 6000 2000
652900, t, 3.585347e-02, KEe, 19194.535801, MEe, 3.199089300e+00, E, -2.000000, NP, 6000 2000
653000, t, 3.585896e-02, KEe, 19196.474299, MEe, 3.199412383e+00, E, -2.000000, NP, 6000 2000
653100, t, 3.586445e-02, KEe, 19203.130044, MEe, 3.200521674e+00, E, -2.000000, NP, 6000 2000
653200, t, 3.586995e-02, KEe, 19076.374964, MEe, 3.179395827e+00, E, -2.000000, NP, 6000 2000
653300, t, 3.587544e-02, KEe, 19035.484346, MEe, 3.172580724e+00, E, -2.000000, NP, 6000 2000
653400, t, 3.588093e-02, KEe, 19062.449206, MEe, 3.177074868e+00, E, -2.000000, NP, 6000 2000
653500, t, 3.588642e-02, KEe, 18944.334626, MEe, 3.157389104e+00, E, -2.000000, NP, 6000 2000
653600, t, 3.589191e-02, KEe, 19037.295797, MEe, 3.172882633e+00, E, -2.000000, NP, 6000 2000
653700, t, 3.589740e-02, KEe, 19057.900525, MEe, 3.176316754e+00, E, -2.000000, NP, 6000 2000
653800, t, 3.590289e-02, KEe, 18939.139292, MEe, 3.156523215e+00, E, -2.000000, NP, 6000 2000
653900, t, 3.590839e-02, KEe, 18935.052807, MEe, 3.155842134e+00, E, -2.000000, NP, 6000 2000
654000, t, 3.591388e-02, KEe, 18953.495771, MEe, 3.158915962e+00, E, -2.000000, NP, 6000 2000
654100, t, 3.591937e-02, KEe, 18982.215054, MEe, 3.163702509e+00, E, -2.000000, NP, 6000 2000
654200, t, 3.592486e-02, KEe, 18963.365683, MEe, 3.160560947e+00, E, -2.000000, NP, 6000 2000
654300, t, 3.593035e-02, KEe, 18932.535969, MEe, 3.155422661e+00, E, -2.000000, NP, 6000 2000
654400, t, 3.593584e-02, KEe, 18936.736155, MEe, 3.156122692e+00, E, -2.000000, NP, 6000 2000
654500, t, 3.594133e-02, KEe, 18911.152283, MEe, 3.151858714e+00, E, -2.000000, NP, 6000 2000
654600, t, 3.594683e-02, KEe, 18911.269834, MEe, 3.151878306e+00, E, -2.000000, NP, 6000 2000
654700, t, 3.595232e-02, KEe, 18886.593290, MEe, 3.147765548e+00, E, -2.000000, NP, 6000 2000
654800, t, 3.595781e-02, KEe, 18830.813514, MEe, 3.138468919e+00, E, -2.000000, NP, 6000 2000
654900, t, 3.596330e-02, KEe, 18817.913128, MEe, 3.136318855e+00, E, -2.000000, NP, 6000 2000
655000, t, 3.596879e-02, KEe, 18740.867135, MEe, 3.123477856e+00, E, -2.000000, NP, 6000 2000
655100, t, 3.597428e-02, KEe, 18743.653985, MEe, 3.123942331e+00, E, -2.000000, NP, 6000 2000
655200, t, 3.597977e-02, KEe, 18879.978355, MEe, 3.146663059e+00, E, -2.000000, NP, 6000 2000
655300, t, 3.598527e-02, KEe, 18823.204689, MEe, 3.137200782e+00, E, -2.000000, NP, 6000 2000
655400, t, 3.599076e-02, KEe, 18871.630679, MEe, 3.145271780e+00, E, -2.000000, NP, 6000 2000
655500, t, 3.599625e-02, KEe, 18918.269138, MEe, 3.153044856e+00, E, -2.000000, NP, 6000 2000
655600, t, 3.600174e-02, KEe, 19002.291311, MEe, 3.167048552e+00, E, -2.000000, NP, 6000 2000
655700, t, 3.600723e-02, KEe, 18916.435046, MEe, 3.152739174e+00, E, -2.000000, NP, 6000 2000
655800, t, 3.601272e-02, KEe, 18819.869695, MEe, 3.136644949e+00, E, -2.000000, NP, 6000 2000
655900, t, 3.601821e-02, KEe, 18787.556171, MEe, 3.131259362e+00, E, -2.000000, NP, 6000 2000
656000, t, 3.602371e-02, KEe, 18849.521994, MEe, 3.141586999e+00, E, -2.000000, NP, 6000 2000
656100, t, 3.602920e-02, KEe, 18833.124305, MEe, 3.138854051e+00, E, -2.000000, NP, 6000 2000
656200, t, 3.603469e-02, KEe, 18757.525150, MEe, 3.126254192e+00, E, -2.000000, NP, 6000 2000
656300, t, 3.604018e-02, KEe, 18763.315737, MEe, 3.127219290e+00, E, -2.000000, NP, 6000 2000
656400, t, 3.604567e-02, KEe, 18788.802154, MEe, 3.131467026e+00, E, -2.000000, NP, 6000 2000
656500, t, 3.605116e-02, KEe, 18701.285114, MEe, 3.116880852e+00, E, -2.000000, NP, 6000 2000
656600, t, 3.605665e-02, KEe, 18681.609959, MEe, 3.113601660e+00, E, -2.000000, NP, 6000 2000
656700, t, 3.606215e-02, KEe, 18681.205230, MEe, 3.113534205e+00, E, -2.000000, NP, 6000 2000
656800, t, 3.606764e-02, KEe, 18722.065696, MEe, 3.120344283e+00, E, -2.000000, NP, 6000 2000
656900, t, 3.607313e-02, KEe, 18745.920673, MEe, 3.124320112e+00, E, -2.000000, NP, 6000 2000
657000, t, 3.607862e-02, KEe, 18700.754384, MEe, 3.116792397e+00, E, -2.000000, NP, 6000 2000
657100, t, 3.608411e-02, KEe, 18760.135670, MEe, 3.126689278e+00, E, -2.000000, NP, 6000 2000
657200, t, 3.608960e-02, KEe, 18678.442894, MEe, 3.113073816e+00, E, -2.000000, NP, 6000 2000
657300, t, 3.609509e-02, KEe, 18722.795534, MEe, 3.120465922e+00, E, -2.000000, NP, 6000 2000
657400, t, 3.610059e-02, KEe, 18819.348384, MEe, 3.136558064e+00, E, -2.000000, NP, 6000 2000
657500, t, 3.610608e-02, KEe, 18804.229310, MEe, 3.134038218e+00, E, -2.000000, NP, 6000 2000
657600, t, 3.611157e-02, KEe, 18795.911319, MEe, 3.132651886e+00, E, -2.000000, NP, 6000 2000
657700, t, 3.611706e-02, KEe, 18920.363204, MEe, 3.153393867e+00, E, -2.000000, NP, 6000 2000
657800, t, 3.612255e-02, KEe, 18936.603004, MEe, 3.156100501e+00, E, -2.000000, NP, 6000 2000
657900, t, 3.612804e-02, KEe, 18975.971165, MEe, 3.162661861e+00, E, -2.000000, NP, 6000 2000
658000, t, 3.613353e-02, KEe, 19010.572934, MEe, 3.168428822e+00, E, -2.000000, NP, 6000 2000
658100, t, 3.613903e-02, KEe, 19079.817684, MEe, 3.179969614e+00, E, -2.000000, NP, 6000 2000
658200, t, 3.614452e-02, KEe, 19067.713861, MEe, 3.177952310e+00, E, -2.000000, NP, 6000 2000
658300, t, 3.615001e-02, KEe, 19042.294082, MEe, 3.173715680e+00, E, -2.000000, NP, 6000 2000
658400, t, 3.615550e-02, KEe, 19057.624060, MEe, 3.176270677e+00, E, -2.000000, NP, 6000 2000
658500, t, 3.616099e-02, KEe, 18975.003333, MEe, 3.162500556e+00, E, -2.000000, NP, 6000 2000
658600, t, 3.616648e-02, KEe, 19022.825987, MEe, 3.170470998e+00, E, -2.000000, NP, 6000 2000
658700, t, 3.617197e-02, KEe, 19090.885575, MEe, 3.181814263e+00, E, -2.000000, NP, 6000 2000
658800, t, 3.617747e-02, KEe, 19046.298299, MEe, 3.174383050e+00, E, -2.000000, NP, 6000 2000
658900, t, 3.618296e-02, KEe, 19017.588623, MEe, 3.169598104e+00, E, -2.000000, NP, 6000 2000
659000, t, 3.618845e-02, KEe, 18960.806043, MEe, 3.160134341e+00, E, -2.000000, NP, 6000 2000
659100, t, 3.619394e-02, KEe, 18975.584188, MEe, 3.162597365e+00, E, -2.000000, NP, 6000 2000
659200, t, 3.619943e-02, KEe, 19077.758701, MEe, 3.179626450e+00, E, -2.000000, NP, 6000 2000
659300, t, 3.620492e-02, KEe, 19144.843311, MEe, 3.190807218e+00, E, -2.000000, NP, 6000 2000
659400, t, 3.621041e-02, KEe, 19111.574120, MEe, 3.185262353e+00, E, -2.000000, NP, 6000 2000
659500, t, 3.621591e-02, KEe, 19109.494791, MEe, 3.184915799e+00, E, -2.000000, NP, 6000 2000
659600, t, 3.622140e-02, KEe, 19060.298012, MEe, 3.176716335e+00, E, -2.000000, NP, 6000 2000
659700, t, 3.622689e-02, KEe, 18968.120645, MEe, 3.161353441e+00, E, -2.000000, NP, 6000 2000
659800, t, 3.623238e-02, KEe, 19061.866474, MEe, 3.176977746e+00, E, -2.000000, NP, 6000 2000
659900, t, 3.623787e-02, KEe, 18974.273370, MEe, 3.162378895e+00, E, -2.000000, NP, 6000 2000
660000, t, 3.624336e-02, KEe, 18907.468734, MEe, 3.151244789e+00, E, -2.000000, NP, 6000 2000
660100, t, 3.624885e-02, KEe, 18911.550511, MEe, 3.151925085e+00, E, -2.000000, NP, 6000 2000
660200, t, 3.625435e-02, KEe, 18850.798169, MEe, 3.141799695e+00, E, -2.000000, NP, 6000 2000
660300, t, 3.625984e-02, KEe, 18880.934973, MEe, 3.146822495e+00, E, -2.000000, NP, 6000 2000
660400, t, 3.626533e-02, KEe, 18948.370111, MEe, 3.158061685e+00, E, -2.000000, NP, 6000 2000
660500, t, 3.627082e-02, KEe, 18933.291089, MEe, 3.155548515e+00, E, -2.000000, NP, 6000 2000
660600, t, 3.627631e-02, KEe, 18944.943483, MEe, 3.157490580e+00, E, -2.000000, NP, 6000 2000
660700, t, 3.628180e-02, KEe, 18913.991380, MEe, 3.152331897e+00, E, -2.000000, NP, 6000 2000
660800, t, 3.628729e-02, KEe, 18811.109475, MEe, 3.135184913e+00, E, -2.000000, NP, 6000 2000
660900, t, 3.629279e-02, KEe, 18787.043138, MEe, 3.131173856e+00, E, -2.000000, NP, 6000 2000
661000, t, 3.629828e-02, KEe, 18823.747123, MEe, 3.137291187e+00, E, -2.000000, NP, 6000 2000
661100, t, 3.630377e-02, KEe, 18783.568269, MEe, 3.130594711e+00, E, -2.000000, NP, 6000 2000
661200, t, 3.630926e-02, KEe, 18790.480642, MEe, 3.131746774e+00, E, -2.000000, NP, 6000 2000
661300, t, 3.631475e-02, KEe, 18786.791935, MEe, 3.131131989e+00, E, -2.000000, NP, 6000 2000
661400, t, 3.632024e-02, KEe, 18716.042477, MEe, 3.119340413e+00, E, -2.000000, NP, 6000 2000
661500, t, 3.632573e-02, KEe, 18695.313158, MEe, 3.115885526e+00, E, -2.000000, NP, 6000 2000
661600, t, 3.633123e-02, KEe, 18729.540986, MEe, 3.121590164e+00, E, -2.000000, NP, 6000 2000
661700, t, 3.633672e-02, KEe, 18779.711316, MEe, 3.129951886e+00, E, -2.000000, NP, 6000 2000
661800, t, 3.634221e-02, KEe, 18880.719775, MEe, 3.146786629e+00, E, -2.000000, NP, 6000 2000
661900, t, 3.634770e-02, KEe, 18860.371030, MEe, 3.143395172e+00, E, -2.000000, NP, 6000 2000
662000, t, 3.635319e-02, KEe, 18842.186614, MEe, 3.140364436e+00, E, -2.000000, NP, 6000 2000
662100, t, 3.635868e-02, KEe, 18898.604796, MEe, 3.149767466e+00, E, -2.000000, NP, 6000 2000
662200, t, 3.636417e-02, KEe, 18904.814396, MEe, 3.150802399e+00, E, -2.000000, NP, 6000 2000
662300, t, 3.636967e-02, KEe, 18907.282111, MEe, 3.151213685e+00, E, -2.000000, NP, 6000 2000
662400, t, 3.637516e-02, KEe, 19016.717822, MEe, 3.169452970e+00, E, -2.000000, NP, 6000 2000
662500, t, 3.638065e-02, KEe, 19059.708984, MEe, 3.176618164e+00, E, -2.000000, NP, 6000 2000
662600, t, 3.638614e-02, KEe, 18987.680398, MEe, 3.164613400e+00, E, -2.000000, NP, 6000 2000
662700, t, 3.639163e-02, KEe, 18963.583841, MEe, 3.160597307e+00, E, -2.000000, NP, 6000 2000
662800, t, 3.639712e-02, KEe, 18922.197696, MEe, 3.153699616e+00, E, -2.000000, NP, 6000 2000
662900, t, 3.640261e-02, KEe, 18854.027756, MEe, 3.142337959e+00, E, -2.000000, NP, 6000 2000
663000, t, 3.640811e-02, KEe, 18797.752556, MEe, 3.132958759e+00, E, -2.000000, NP, 6000 2000
663100, t, 3.641360e-02, KEe, 18853.844292, MEe, 3.142307382e+00, E, -2.000000, NP, 6000 2000
663200, t, 3.641909e-02, KEe, 18888.814242, MEe, 3.148135707e+00, E, -2.000000, NP, 6000 2000
663300, t, 3.642458e-02, KEe, 18829.543484, MEe, 3.138257247e+00, E, -2.000000, NP, 6000 2000
663400, t, 3.643007e-02, KEe, 18815.221707, MEe, 3.135870284e+00, E, -2.000000, NP, 6000 2000
663500, t, 3.643556e-02, KEe, 18822.288229, MEe, 3.137048038e+00, E, -2.000000, NP, 6000 2000
663600, t, 3.644105e-02, KEe, 18916.182368, MEe, 3.152697061e+00, E, -2.000000, NP, 6000 2000
663700, t, 3.644655e-02, KEe, 18938.754036, MEe, 3.156459006e+00, E, -2.000000, NP, 6000 2000
663800, t, 3.645204e-02, KEe, 18978.023128, MEe, 3.163003855e+00, E, -2.000000, NP, 6000 2000
663900, t, 3.645753e-02, KEe, 18950.781750, MEe, 3.158463625e+00, E, -2.000000, NP, 6000 2000
664000, t, 3.646302e-02, KEe, 18898.238010, MEe, 3.149706335e+00, E, -2.000000, NP, 6000 2000
664100, t, 3.646851e-02, KEe, 18964.049276, MEe, 3.160674879e+00, E, -2.000000, NP, 6000 2000
664200, t, 3.647400e-02, KEe, 18996.431047, MEe, 3.166071841e+00, E, -2.000000, NP, 6000 2000
664300, t, 3.647949e-02, KEe, 18953.991682, MEe, 3.158998614e+00, E, -2.000000, NP, 6000 2000
664400, t, 3.648499e-02, KEe, 18922.069686, MEe, 3.153678281e+00, E, -2.000000, NP, 6000 2000
664500, t, 3.649048e-02, KEe, 18872.172314, MEe, 3.145362052e+00, E, -2.000000, NP, 6000 2000
664600, t, 3.649597e-02, KEe, 18856.140537, MEe, 3.142690090e+00, E, -2.000000, NP, 6000 2000
664700, t, 3.650146e-02, KEe, 18892.087708, MEe, 3.148681285e+00, E, -2.000000, NP, 6000 2000
664800, t, 3.650695e-02, KEe, 18921.234061, MEe, 3.153539010e+00, E, -2.000000, NP, 6000 2000
664900, t, 3.651244e-02, KEe, 18926.027390, MEe, 3.154337898e+00, E, -2.000000, NP, 6000 2000
665000, t, 3.651793e-02, KEe, 18920.495973, MEe, 3.153415995e+00, E, -2.000000, NP, 6000 2000
665100, t, 3.652343e-02, KEe, 18890.026043, MEe, 3.148337674e+00, E, -2.000000, NP, 6000 2000
665200, t, 3.652892e-02, KEe, 18906.325240, MEe, 3.151054207e+00, E, -2.000000, NP, 6000 2000
665300, t, 3.653441e-02, KEe, 18946.757997, MEe, 3.157793000e+00, E, -2.000000, NP, 6000 2000
665400, t, 3.653990e-02, KEe, 18975.436735, MEe, 3.162572789e+00, E, -2.000000, NP, 6000 2000
665500, t, 3.654539e-02, KEe, 19023.933866, MEe, 3.170655644e+00, E, -2.000000, NP, 6000 2000
665600, t, 3.655088e-02, KEe, 19010.640576, MEe, 3.168440096e+00, E, -2.000000, NP, 6000 2000
665700, t, 3.655637e-02, KEe, 18998.503852, MEe, 3.166417309e+00, E, -2.000000, NP, 6000 2000
665800, t, 3.656186e-02, KEe, 19076.894609, MEe, 3.179482435e+00, E, -2.000000, NP, 6000 2000
665900, t, 3.656736e-02, KEe, 19052.002938, MEe, 3.175333823e+00, E, -2.000000, NP, 6000 2000
666000, t, 3.657285e-02, KEe, 18995.733138, MEe, 3.165955523e+00, E, -2.000000, NP, 6000 2000
666100, t, 3.657834e-02, KEe, 19041.024304, MEe, 3.173504051e+00, E, -2.000000, NP, 6000 2000
666200, t, 3.658383e-02, KEe, 19081.023163, MEe, 3.180170527e+00, E, -2.000000, NP, 6000 2000
666300, t, 3.658932e-02, KEe, 18968.684931, MEe, 3.161447489e+00, E, -2.000000, NP, 6000 2000
666400, t, 3.659481e-02, KEe, 19014.193406, MEe, 3.169032234e+00, E, -2.000000, NP, 6000 2000
666500, t, 3.660030e-02, KEe, 18986.994815, MEe, 3.164499136e+00, E, -2.000000, NP, 6000 2000
666600, t, 3.660580e-02, KEe, 18833.895654, MEe, 3.138982609e+00, E, -2.000000, NP, 6000 2000
666700, t, 3.661129e-02, KEe, 18890.252600, MEe, 3.148375433e+00, E, -2.000000, NP, 6000 2000
666800, t, 3.661678e-02, KEe, 18799.981847, MEe, 3.133330308e+00, E, -2.000000, NP, 6000 2000
666900, t, 3.662227e-02, KEe, 18794.951602, MEe, 3.132491934e+00, E, -2.000000, NP, 6000 2000
667000, t, 3.662776e-02, KEe, 18846.406536, MEe, 3.141067756e+00, E, -2.000000, NP, 6000 2000
667100, t, 3.663325e-02, KEe, 18860.010138, MEe, 3.143335023e+00, E, -2.000000, NP, 6000 2000
667200, t, 3.663874e-02, KEe, 18858.479349, MEe, 3.143079891e+00, E, -2.000000, NP, 6000 2000
667300, t, 3.664424e-02, KEe, 18866.274662, MEe, 3.144379110e+00, E, -2.000000, NP, 6000 2000
667400, t, 3.664973e-02, KEe, 18853.774797, MEe, 3.142295800e+00, E, -2.000000, NP, 6000 2000
667500, t, 3.665522e-02, KEe, 18895.714451, MEe, 3.149285742e+00, E, -2.000000, NP, 6000 2000
667600, t, 3.666071e-02, KEe, 18805.053894, MEe, 3.134175649e+00, E, -2.000000, NP, 6000 2000
667700, t, 3.666620e-02, KEe, 18847.052468, MEe, 3.141175411e+00, E, -2.000000, NP, 6000 2000
667800, t, 3.667169e-02, KEe, 18841.841287, MEe, 3.140306881e+00, E, -2.000000, NP, 6000 2000
667900, t, 3.667718e-02, KEe, 18929.548065, MEe, 3.154924678e+00, E, -2.000000, NP, 6000 2000
668000, t, 3.668268e-02, KEe, 18934.579372, MEe, 3.155763229e+00, E, -2.000000, NP, 6000 2000
668100, t, 3.668817e-02, KEe, 18984.407941, MEe, 3.164067990e+00, E, -2.000000, NP, 6000 2000
668200, t, 3.669366e-02, KEe, 19003.551959, MEe, 3.167258660e+00, E, -2.000000, NP, 6000 2000
668300, t, 3.669915e-02, KEe, 19062.190239, MEe, 3.177031707e+00, E, -2.000000, NP, 6000 2000
668400, t, 3.670464e-02, KEe, 18959.699499, MEe, 3.159949916e+00, E, -2.000000, NP, 6000 2000
668500, t, 3.671013e-02, KEe, 19041.387546, MEe, 3.173564591e+00, E, -2.000000, NP, 6000 2000
668600, t, 3.671562e-02, KEe, 19105.547572, MEe, 3.184257929e+00, E, -2.000000, NP, 6000 2000
668700, t, 3.672112e-02, KEe, 19081.316114, MEe, 3.180219352e+00, E, -2.000000, NP, 6000 2000
668800, t, 3.672661e-02, KEe, 18986.819854, MEe, 3.164469976e+00, E, -2.000000, NP, 6000 2000
668900, t, 3.673210e-02, KEe, 18934.002520, MEe, 3.155667087e+00, E, -2.000000, NP, 6000 2000
669000, t, 3.673759e-02, KEe, 18830.919850, MEe, 3.138486642e+00, E, -2.000000, NP, 6000 2000
669100, t, 3.674308e-02, KEe, 18882.395052, MEe, 3.147065842e+00, E, -2.000000, NP, 6000 2000
669200, t, 3.674857e-02, KEe, 18917.124075, MEe, 3.152854012e+00, E, -2.000000, NP, 6000 2000
669300, t, 3.675406e-02, KEe, 18857.677892, MEe, 3.142946315e+00, E, -2.000000, NP, 6000 2000
669400, t, 3.675956e-02, KEe, 18842.589071, MEe, 3.140431512e+00, E, -2.000000, NP, 6000 2000
669500, t, 3.676505e-02, KEe, 18850.474839, MEe, 3.141745807e+00, E, -2.000000, NP, 6000 2000
669600, t, 3.677054e-02, KEe, 18793.445725, MEe, 3.132240954e+00, E, -2.000000, NP, 6000 2000
669700, t, 3.677603e-02, KEe, 18648.698778, MEe, 3.108116463e+00, E, -2.000000, NP, 6000 2000
669800, t, 3.678152e-02, KEe, 18620.752752, MEe, 3.103458792e+00, E, -2.000000, NP, 6000 2000
669900, t, 3.678701e-02, KEe, 18740.673009, MEe, 3.123445501e+00, E, -2.000000, NP, 6000 2000
670000, t, 3.679250e-02, KEe, 18725.274347, MEe, 3.120879058e+00, E, -2.000000, NP, 6000 2000
670100, t, 3.679800e-02, KEe, 18683.980484, MEe, 3.113996747e+00, E, -2.000000, NP, 6000 2000
670200, t, 3.680349e-02, KEe, 18669.758829, MEe, 3.111626472e+00, E, -2.000000, NP, 6000 2000
670300, t, 3.680898e-02, KEe, 18675.738698, MEe, 3.112623116e+00, E, -2.000000, NP, 6000 2000
670400, t, 3.681447e-02, KEe, 18740.578847, MEe, 3.123429808e+00, E, -2.000000, NP, 6000 2000
670500, t, 3.681996e-02, KEe, 18638.867016, MEe, 3.106477836e+00, E, -2.000000, NP, 6000 2000
670600, t, 3.682545e-02, KEe, 18632.416877, MEe, 3.105402813e+00, E, -2.000000, NP, 6000 2000
670700, t, 3.683094e-02, KEe, 18619.067547, MEe, 3.103177925e+00, E, -2.000000, NP, 6000 2000
670800, t, 3.683644e-02, KEe, 18674.765332, MEe, 3.112460889e+00, E, -2.000000, NP, 6000 2000
670900, t, 3.684193e-02, KEe, 18625.408642, MEe, 3.104234774e+00, E, -2.000000, NP, 6000 2000
671000, t, 3.684742e-02, KEe, 18652.371448, MEe, 3.108728575e+00, E, -2.000000, NP, 6000 2000
671100, t, 3.685291e-02, KEe, 18709.496694, MEe, 3.118249449e+00, E, -2.000000, NP, 6000 2000
671200, t, 3.685840e-02, KEe, 18737.627670, MEe, 3.122937945e+00, E, -2.000000, NP, 6000 2000
671300, t, 3.686389e-02, KEe, 18748.264845, MEe, 3.124710807e+00, E, -2.000000, NP, 6000 2000
671400, t, 3.686938e-02, KEe, 18785.819045, MEe, 3.130969841e+00, E, -2.000000, NP, 6000 2000
671500, t, 3.687488e-02, KEe, 18745.217238, MEe, 3.124202873e+00, E, -2.000000, NP, 6000 2000
671600, t, 3.688037e-02, KEe, 18721.490594, MEe, 3.120248432e+00, E, -2.000000, NP, 6000 2000
671700, t, 3.688586e-02, KEe, 18679.856681, MEe, 3.113309447e+00, E, -2.000000, NP, 6000 2000
671800, t, 3.689135e-02, KEe, 18761.280958, MEe, 3.126880160e+00, E, -2.000000, NP, 6000 2000
671900, t, 3.689684e-02, KEe, 18839.967420, MEe, 3.139994570e+00, E, -2.000000, NP, 6000 2000
672000, t, 3.690233e-02, KEe, 18833.261951, MEe, 3.138876992e+00, E, -2.000000, NP, 6000 2000
672100, t, 3.690782e-02, KEe, 18791.895260, MEe, 3.131982543e+00, E, -2.000000, NP, 6000 2000
672200, t, 3.691332e-02, KEe, 18783.545715, MEe, 3.130590952e+00, E, -2.000000, NP, 6000 2000
672300, t, 3.691881e-02, KEe, 18817.349515, MEe, 3.136224919e+00, E, -2.000000, NP, 6000 2000
672400, t, 3.692430e-02, KEe, 18799.405452, MEe, 3.133234242e+00, E, -2.000000, NP, 6000 2000
672500, t, 3.692979e-02, KEe, 18859.714845, MEe, 3.143285807e+00, E, -2.000000, NP, 6000 2000
672600, t, 3.693528e-02, KEe, 18850.040917, MEe, 3.141673486e+00, E, -2.000000, NP, 6000 2000
672700, t, 3.694077e-02, KEe, 18827.752835, MEe, 3.137958806e+00, E, -2.000000, NP, 6000 2000
672800, t, 3.694626e-02, KEe, 18829.118786, MEe, 3.138186464e+00, E, -2.000000, NP, 6000 2000
672900, t, 3.695176e-02, KEe, 18759.718138, MEe, 3.126619690e+00, E, -2.000000, NP, 6000 2000
673000, t, 3.695725e-02, KEe, 18817.137859, MEe, 3.136189643e+00, E, -2.000000, NP, 6000 2000
673100, t, 3.696274e-02, KEe, 18833.745052, MEe, 3.138957509e+00, E, -2.000000, NP, 6000 2000
673200, t, 3.696823e-02, KEe, 18791.221117, MEe, 3.131870186e+00, E, -2.000000, NP, 6000 2000
673300, t, 3.697372e-02, KEe, 18812.179105, MEe, 3.135363184e+00, E, -2.000000, NP, 6000 2000
673400, t, 3.697921e-02, KEe, 18719.476444, MEe, 3.119912741e+00, E, -2.000000, NP, 6000 2000
673500, t, 3.698470e-02, KEe, 18774.923245, MEe, 3.129153874e+00, E, -2.000000, NP, 6000 2000
673600, t, 3.699020e-02, KEe, 18803.126963, MEe, 3.133854494e+00, E, -2.000000, NP, 6000 2000
673700, t, 3.699569e-02, KEe, 18842.732562, MEe, 3.140455427e+00, E, -2.000000, NP, 6000 2000
673800, t, 3.700118e-02, KEe, 18898.879061, MEe, 3.149813177e+00, E, -2.000000, NP, 6000 2000
673900, t, 3.700667e-02, KEe, 18922.397161, MEe, 3.153732860e+00, E, -2.000000, NP, 6000 2000
674000, t, 3.701216e-02, KEe, 18955.565266, MEe, 3.159260878e+00, E, -2.000000, NP, 6000 2000
674100, t, 3.701765e-02, KEe, 18940.062861, MEe, 3.156677144e+00, E, -2.000000, NP, 6000 2000
674200, t, 3.702314e-02, KEe, 18837.564222, MEe, 3.139594037e+00, E, -2.000000, NP, 6000 2000
674300, t, 3.702864e-02, KEe, 18830.968665, MEe, 3.138494778e+00, E, -2.000000, NP, 6000 2000
674400, t, 3.703413e-02, KEe, 18821.858748, MEe, 3.136976458e+00, E, -2.000000, NP, 6000 2000
674500, t, 3.703962e-02, KEe, 18771.436941, MEe, 3.128572823e+00, E, -2.000000, NP, 6000 2000
674600, t, 3.704511e-02, KEe, 18766.017877, MEe, 3.127669646e+00, E, -2.000000, NP, 6000 2000
674700, t, 3.705060e-02, KEe, 18694.870713, MEe, 3.115811786e+00, E, -2.000000, NP, 6000 2000
674800, t, 3.705609e-02, KEe, 18737.095566, MEe, 3.122849261e+00, E, -2.000000, NP, 6000 2000
674900, t, 3.706158e-02, KEe, 18775.154397, MEe, 3.129192399e+00, E, -2.000000, NP, 6000 2000
675000, t, 3.706708e-02, KEe, 18757.520412, MEe, 3.126253402e+00, E, -2.000000, NP, 6000 2000
675100, t, 3.707257e-02, KEe, 18758.546223, MEe, 3.126424371e+00, E, -2.000000, NP, 6000 2000
675200, t, 3.707806e-02, KEe, 18705.155146, MEe, 3.117525858e+00, E, -2.000000, NP, 6000 2000
675300, t, 3.708355e-02, KEe, 18662.089636, MEe, 3.110348273e+00, E, -2.000000, NP, 6000 2000
675400, t, 3.708904e-02, KEe, 18665.223765, MEe, 3.110870627e+00, E, -2.000000, NP, 6000 2000
675500, t, 3.709453e-02, KEe, 18728.813129, MEe, 3.121468855e+00, E, -2.000000, NP, 6000 2000
675600, t, 3.710002e-02, KEe, 18668.489323, MEe, 3.111414887e+00, E, -2.000000, NP, 6000 2000
675700, t, 3.710552e-02, KEe, 18667.039056, MEe, 3.111173176e+00, E, -2.000000, NP, 6000 2000
675800, t, 3.711101e-02, KEe, 18630.788160, MEe, 3.105131360e+00, E, -2.000000, NP, 6000 2000
675900, t, 3.711650e-02, KEe, 18628.390527, MEe, 3.104731754e+00, E, -2.000000, NP, 6000 2000
676000, t, 3.712199e-02, KEe, 18696.662540, MEe, 3.116110423e+00, E, -2.000000, NP, 6000 2000
676100, t, 3.712748e-02, KEe, 18605.414193, MEe, 3.100902365e+00, E, -2.000000, NP, 6000 2000
676200, t, 3.713297e-02, KEe, 18602.103343, MEe, 3.100350557e+00, E, -2.000000, NP, 6000 2000
676300, t, 3.713846e-02, KEe, 18609.456264, MEe, 3.101576044e+00, E, -2.000000, NP, 6000 2000
676400, t, 3.714396e-02, KEe, 18589.856214, MEe, 3.098309369e+00, E, -2.000000, NP, 6000 2000
676500, t, 3.714945e-02, KEe, 18610.530835, MEe, 3.101755139e+00, E, -2.000000, NP, 6000 2000
676600, t, 3.715494e-02, KEe, 18633.445636, MEe, 3.105574273e+00, E, -2.000000, NP, 6000 2000
676700, t, 3.716043e-02, KEe, 18810.969620, MEe, 3.135161603e+00, E, -2.000000, NP, 6000 2000
676800, t, 3.716592e-02, KEe, 18743.666420, MEe, 3.123944403e+00, E, -2.000000, NP, 6000 2000
676900, t, 3.717141e-02, KEe, 18819.547363, MEe, 3.136591227e+00, E, -2.000000, NP, 6000 2000
677000, t, 3.717690e-02, KEe, 18781.417871, MEe, 3.130236312e+00, E, -2.000000, NP, 6000 2000
677100, t, 3.718240e-02, KEe, 18756.736627, MEe, 3.126122771e+00, E, -2.000000, NP, 6000 2000
677200, t, 3.718789e-02, KEe, 18786.684150, MEe, 3.131114025e+00, E, -2.000000, NP, 6000 2000
677300, t, 3.719338e-02, KEe, 18728.311565, MEe, 3.121385261e+00, E, -2.000000, NP, 6000 2000
677400, t, 3.719887e-02, KEe, 18827.716660, MEe, 3.137952777e+00, E, -2.000000, NP, 6000 2000
677500, t, 3.720436e-02, KEe, 18836.406984, MEe, 3.139401164e+00, E, -2.000000, NP, 6000 2000
677600, t, 3.720985e-02, KEe, 18788.433685, MEe, 3.131405614e+00, E, -2.000000, NP, 6000 2000
677700, t, 3.721534e-02, KEe, 18758.875087, MEe, 3.126479181e+00, E, -2.000000, NP, 6000 2000
677800, t, 3.722084e-02, KEe, 18698.782505, MEe, 3.116463751e+00, E, -2.000000, NP, 6000 2000
677900, t, 3.722633e-02, KEe, 18723.111091, MEe, 3.120518515e+00, E, -2.000000, NP, 6000 2000
678000, t, 3.723182e-02, KEe, 18702.902859, MEe, 3.117150477e+00, E, -2.000000, NP, 6000 2000
678100, t, 3.723731e-02, KEe, 18667.837907, MEe, 3.111306318e+00, E, -2.000000, NP, 6000 2000
678200, t, 3.724280e-02, KEe, 18686.798954, MEe, 3.114466492e+00, E, -2.000000, NP, 6000 2000
678300, t, 3.724829e-02, KEe, 18694.206337, MEe, 3.115701056e+00, E, -2.000000, NP, 6000 2000
678400, t, 3.725378e-02, KEe, 18667.324406, MEe, 3.111220734e+00, E, -2.000000, NP, 6000 2000
678500, t, 3.725928e-02, KEe, 18741.975696, MEe, 3.123662616e+00, E, -2.000000, NP, 6000 2000
678600, t, 3.726477e-02, KEe, 18724.723435, MEe, 3.120787239e+00, E, -2.000000, NP, 6000 2000
678700, t, 3.727026e-02, KEe, 18737.287247, MEe, 3.122881208e+00, E, -2.000000, NP, 6000 2000
678800, t, 3.727575e-02, KEe, 18791.265307, MEe, 3.131877551e+00, E, -2.000000, NP, 6000 2000
678900, t, 3.728124e-02, KEe, 18843.978038, MEe, 3.140663006e+00, E, -2.000000, NP, 6000 2000
679000, t, 3.728673e-02, KEe, 18746.802944, MEe, 3.124467157e+00, E, -2.000000, NP, 6000 2000
679100, t, 3.729222e-02, KEe, 18700.975204, MEe, 3.116829201e+00, E, -2.000000, NP, 6000 2000
679200, t, 3.729772e-02, KEe, 18664.340499, MEe, 3.110723417e+00, E, -2.000000, NP, 6000 2000
679300, t, 3.730321e-02, KEe, 18715.007330, MEe, 3.119167888e+00, E, -2.000000, NP, 6000 2000
679400, t, 3.730870e-02, KEe, 18723.066908, MEe, 3.120511151e+00, E, -2.000000, NP, 6000 2000
679500, t, 3.731419e-02, KEe, 18707.870447, MEe, 3.117978408e+00, E, -2.000000, NP, 6000 2000
679600, t, 3.731968e-02, KEe, 18749.318671, MEe, 3.124886445e+00, E, -2.000000, NP, 6000 2000
679700, t, 3.732517e-02, KEe, 18824.529933, MEe, 3.137421655e+00, E, -2.000000, NP, 6000 2000
679800, t, 3.733066e-02, KEe, 18777.355991, MEe, 3.129559332e+00, E, -2.000000, NP, 6000 2000
679900, t, 3.733615e-02, KEe, 18853.034245, MEe, 3.142172374e+00, E, -2.000000, NP, 6000 2000
680000, t, 3.734165e-02, KEe, 18754.952484, MEe, 3.125825414e+00, E, -2.000000, NP, 6000 2000
680100, t, 3.734714e-02, KEe, 18785.119916, MEe, 3.130853319e+00, E, -2.000000, NP, 6000 2000
680200, t, 3.735263e-02, KEe, 18696.409995, MEe, 3.116068332e+00, E, -2.000000, NP, 6000 2000
680300, t, 3.735812e-02, KEe, 18701.697413, MEe, 3.116949569e+00, E, -2.000000, NP, 6000 2000
680400, t, 3.736361e-02, KEe, 18816.181471, MEe, 3.136030245e+00, E, -2.000000, NP, 6000 2000
680500, t, 3.736910e-02, KEe, 18835.745029, MEe, 3.139290838e+00, E, -2.000000, NP, 6000 2000
680600, t, 3.737459e-02, KEe, 18797.682987, MEe, 3.132947164e+00, E, -2.000000, NP, 6000 2000
680700, t, 3.738009e-02, KEe, 18732.826379, MEe, 3.122137730e+00, E, -2.000000, NP, 6000 2000
680800, t, 3.738558e-02, KEe, 18667.244700, MEe, 3.111207450e+00, E, -2.000000, NP, 6000 2000
680900, t, 3.739107e-02, KEe, 18691.357920, MEe, 3.115226320e+00, E, -2.000000, NP, 6000 2000
681000, t, 3.739656e-02, KEe, 18701.095053, MEe, 3.116849176e+00, E, -2.000000, NP, 6000 2000
681100, t, 3.740205e-02, KEe, 18784.725564, MEe, 3.130787594e+00, E, -2.000000, NP, 6000 2000
681200, t, 3.740754e-02, KEe, 18635.628558, MEe, 3.105938093e+00, E, -2.000000, NP, 6000 2000
681300, t, 3.741303e-02, KEe, 18635.115807, MEe, 3.105852634e+00, E, -2.000000, NP, 6000 2000
681400, t, 3.741853e-02, KEe, 18603.707461, MEe, 3.100617910e+00, E, -2.000000, NP, 6000 2000
681500, t, 3.742402e-02, KEe, 18653.734915, MEe, 3.108955819e+00, E, -2.000000, NP, 6000 2000
681600, t, 3.742951e-02, KEe, 18614.761871, MEe, 3.102460312e+00, E, -2.000000, NP, 6000 2000
681700, t, 3.743500e-02, KEe, 18617.500320, MEe, 3.102916720e+00, E, -2.000000, NP, 6000 2000
681800, t, 3.744049e-02, KEe, 18634.430091, MEe, 3.105738348e+00, E, -2.000000, NP, 6000 2000
681900, t, 3.744598e-02, KEe, 18701.715838, MEe, 3.116952640e+00, E, -2.000000, NP, 6000 2000
682000, t, 3.745147e-02, KEe, 18757.906233, MEe, 3.126317705e+00, E, -2.000000, NP, 6000 2000
682100, t, 3.745697e-02, KEe, 18784.668982, MEe, 3.130778164e+00, E, -2.000000, NP, 6000 2000
682200, t, 3.746246e-02, KEe, 18804.969277, MEe, 3.134161546e+00, E, -2.000000, NP, 6000 2000
682300, t, 3.746795e-02, KEe, 18805.575566, MEe, 3.134262594e+00, E, -2.000000, NP, 6000 2000
682400, t, 3.747344e-02, KEe, 18899.911846, MEe, 3.149985308e+00, E, -2.000000, NP, 6000 2000
682500, t, 3.747893e-02, KEe, 18866.614752, MEe, 3.144435792e+00, E, -2.000000, NP, 6000 2000
682600, t, 3.748442e-02, KEe, 18893.433155, MEe, 3.148905526e+00, E, -2.000000, NP, 6000 2000
682700, t, 3.748991e-02, KEe, 18851.610111, MEe, 3.141935018e+00, E, -2.000000, NP, 6000 2000
682800, t, 3.749541e-02, KEe, 18910.472038, MEe, 3.151745340e+00, E, -2.000000, NP, 6000 2000
682900, t, 3.750090e-02, KEe, 19003.200769, MEe, 3.167200128e+00, E, -2.000000, NP, 6000 2000
683000, t, 3.750639e-02, KEe, 19053.578301, MEe, 3.175596383e+00, E, -2.000000, NP, 6000 2000
683100, t, 3.751188e-02, KEe, 19059.722361, MEe, 3.176620393e+00, E, -2.000000, NP, 6000 2000
683200, t, 3.751737e-02, KEe, 18946.223671, MEe, 3.157703945e+00, E, -2.000000, NP, 6000 2000
683300, t, 3.752286e-02, KEe, 19006.304838, MEe, 3.167717473e+00, E, -2.000000, NP, 6000 2000
683400, t, 3.752835e-02, KEe, 19089.442445, MEe, 3.181573741e+00, E, -2.000000, NP, 6000 2000
683500, t, 3.753385e-02, KEe, 18983.730824, MEe, 3.163955137e+00, E, -2.000000, NP, 6000 2000
683600, t, 3.753934e-02, KEe, 19028.340082, MEe, 3.171390014e+00, E, -2.000000, NP, 6000 2000
683700, t, 3.754483e-02, KEe, 19132.335475, MEe, 3.188722579e+00, E, -2.000000, NP, 6000 2000
683800, t, 3.755032e-02, KEe, 19080.821102, MEe, 3.180136850e+00, E, -2.000000, NP, 6000 2000
683900, t, 3.755581e-02, KEe, 19043.911229, MEe, 3.173985205e+00, E, -2.000000, NP, 6000 2000
684000, t, 3.756130e-02, KEe, 18975.448968, MEe, 3.162574828e+00, E, -2.000000, NP, 6000 2000
684100, t, 3.756679e-02, KEe, 19025.626625, MEe, 3.170937771e+00, E, -2.000000, NP, 6000 2000
684200, t, 3.757229e-02, KEe, 18986.854016, MEe, 3.164475669e+00, E, -2.000000, NP, 6000 2000
684300, t, 3.757778e-02, KEe, 18869.424814, MEe, 3.144904136e+00, E, -2.000000, NP, 6000 2000
684400, t, 3.758327e-02, KEe, 18927.610242, MEe, 3.154601707e+00, E, -2.000000, NP, 6000 2000
684500, t, 3.758876e-02, KEe, 18931.068698, MEe, 3.155178116e+00, E, -2.000000, NP, 6000 2000
684600, t, 3.759425e-02, KEe, 18910.756051, MEe, 3.151792675e+00, E, -2.000000, NP, 6000 2000
684700, t, 3.759974e-02, KEe, 18883.145862, MEe, 3.147190977e+00, E, -2.000000, NP, 6000 2000
684800, t, 3.760523e-02, KEe, 18831.324579, MEe, 3.138554096e+00, E, -2.000000, NP, 6000 2000
684900, t, 3.761073e-02, KEe, 18837.938229, MEe, 3.139656371e+00, E, -2.000000, NP, 6000 2000
685000, t, 3.761622e-02, KEe, 18808.551072, MEe, 3.134758512e+00, E, -2.000000, NP, 6000 2000
685100, t, 3.762171e-02, KEe, 18882.830906, MEe, 3.147138484e+00, E, -2.000000, NP, 6000 2000
685200, t, 3.762720e-02, KEe, 18878.055072, MEe, 3.146342512e+00, E, -2.000000, NP, 6000 2000
685300, t, 3.763269e-02, KEe, 18957.412477, MEe, 3.159568746e+00, E, -2.000000, NP, 6000 2000
685400, t, 3.763818e-02, KEe, 18991.392639, MEe, 3.165232107e+00, E, -2.000000, NP, 6000 2000
685500, t, 3.764367e-02, KEe, 19032.393912, MEe, 3.172065652e+00, E, -2.000000, NP, 6000 2000
685600, t, 3.764917e-02, KEe, 19054.947772, MEe, 3.175824629e+00, E, -2.000000, NP, 6000 2000
685700, t, 3.765466e-02, KEe, 19114.290549, MEe, 3.185715092e+00, E, -2.000000, NP, 6000 2000
685800, t, 3.766015e-02, KEe, 19132.485920, MEe, 3.188747653e+00, E, -2.000000, NP, 6000 2000
685900, t, 3.766564e-02, KEe, 19108.934870, MEe, 3.184822478e+00, E, -2.000000, NP, 6000 2000
686000, t, 3.767113e-02, KEe, 19161.701123, MEe, 3.193616854e+00, E, -2.000000, NP, 6000 2000
686100, t, 3.767662e-02, KEe, 19191.794031, MEe, 3.198632339e+00, E, -2.000000, NP, 6000 2000
686200, t, 3.768211e-02, KEe, 19180.454381, MEe, 3.196742397e+00, E, -2.000000, NP, 6000 2000
686300, t, 3.768761e-02, KEe, 19122.005853, MEe, 3.187000976e+00, E, -2.000000, NP, 6000 2000
686400, t, 3.769310e-02, KEe, 19122.828490, MEe, 3.187138082e+00, E, -2.000000, NP, 6000 2000
686500, t, 3.769859e-02, KEe, 19097.999847, MEe, 3.182999975e+00, E, -2.000000, NP, 6000 2000
686600, t, 3.770408e-02, KEe, 19081.297019, MEe, 3.180216170e+00, E, -2.000000, NP, 6000 2000
686700, t, 3.770957e-02, KEe, 19004.918298, MEe, 3.167486383e+00, E, -2.000000, NP, 6000 2000
686800, t, 3.771506e-02, KEe, 19083.191084, MEe, 3.180531847e+00, E, -2.000000, NP, 6000 2000
686900, t, 3.772055e-02, KEe, 19022.133865, MEe, 3.170355644e+00, E, -2.000000, NP, 6000 2000
687000, t, 3.772605e-02, KEe, 19078.180237, MEe, 3.179696706e+00, E, -2.000000, NP, 6000 2000
687100, t, 3.773154e-02, KEe, 19013.520891, MEe, 3.168920149e+00, E, -2.000000, NP, 6000 2000
687200, t, 3.773703e-02, KEe, 18982.264879, MEe, 3.163710813e+00, E, -2.000000, NP, 6000 2000
687300, t, 3.774252e-02, KEe, 18911.177281, MEe, 3.151862880e+00, E, -2.000000, NP, 6000 2000
687400, t, 3.774801e-02, KEe, 19026.367584, MEe, 3.171061264e+00, E, -2.000000, NP, 6000 2000
687500, t, 3.775350e-02, KEe, 19045.973041, MEe, 3.174328840e+00, E, -2.000000, NP, 6000 2000
687600, t, 3.775899e-02, KEe, 19131.909990, MEe, 3.188651665e+00, E, -2.000000, NP, 6000 2000
687700, t, 3.776449e-02, KEe, 19106.830816, MEe, 3.184471803e+00, E, -2.000000, NP, 6000 2000
687800, t, 3.776998e-02, KEe, 19113.605808, MEe, 3.185600968e+00, E, -2.000000, NP, 6000 2000
687900, t, 3.777547e-02, KEe, 19002.836890, MEe, 3.167139482e+00, E, -2.000000, NP, 6000 2000
688000, t, 3.778096e-02, KEe, 19003.542903, MEe, 3.167257151e+00, E, -2.000000, NP, 6000 2000
688100, t, 3.778645e-02, KEe, 18961.446955, MEe, 3.160241159e+00, E, -2.000000, NP, 6000 2000
688200, t, 3.779194e-02, KEe, 19047.080061, MEe, 3.174513344e+00, E, -2.000000, NP, 6000 2000
688300, t, 3.779743e-02, KEe, 19109.492416, MEe, 3.184915403e+00, E, -2.000000, NP, 6000 2000
688400, t, 3.780293e-02, KEe, 18960.487174, MEe, 3.160081196e+00, E, -2.000000, NP, 6000 2000
688500, t, 3.780842e-02, KEe, 18887.531057, MEe, 3.147921843e+00, E, -2.000000, NP, 6000 2000
688600, t, 3.781391e-02, KEe, 18860.087221, MEe, 3.143347870e+00, E, -2.000000, NP, 6000 2000
688700, t, 3.781940e-02, KEe, 18831.759337, MEe, 3.138626556e+00, E, -2.000000, NP, 6000 2000
688800, t, 3.782489e-02, KEe, 18832.943458, MEe, 3.138823910e+00, E, -2.000000, NP, 6000 2000
688900, t, 3.783038e-02, KEe, 18798.226985, MEe, 3.133037831e+00, E, -2.000000, NP, 6000 2000
689000, t, 3.783587e-02, KEe, 18927.333730, MEe, 3.154555622e+00, E, -2.000000, NP, 6000 2000
689100, t, 3.784137e-02, KEe, 18877.911956, MEe, 3.146318659e+00, E, -2.000000, NP, 6000 2000
689200, t, 3.784686e-02, KEe, 18850.588187, MEe, 3.141764698e+00, E, -2.000000, NP, 6000 2000
689300, t, 3.785235e-02, KEe, 18736.114698, MEe, 3.122685783e+00, E, -2.000000, NP, 6000 2000
689400, t, 3.785784e-02, KEe, 18721.094929, MEe, 3.120182488e+00, E, -2.000000, NP, 6000 2000
689500, t, 3.786333e-02, KEe, 18802.805559, MEe, 3.133800927e+00, E, -2.000000, NP, 6000 2000
689600, t, 3.786882e-02, KEe, 18794.875955, MEe, 3.132479326e+00, E, -2.000000, NP, 6000 2000
689700, t, 3.787431e-02, KEe, 18800.760926, MEe, 3.133460154e+00, E, -2.000000, NP, 6000 2000
689800, t, 3.787981e-02, KEe, 18757.462674, MEe, 3.126243779e+00, E, -2.000000, NP, 6000 2000
689900, t, 3.788530e-02, KEe, 18840.132861, MEe, 3.140022144e+00, E, -2.000000, NP, 6000 2000
690000, t, 3.789079e-02, KEe, 18867.503785, MEe, 3.144583964e+00, E, -2.000000, NP, 6000 2000
690100, t, 3.789628e-02, KEe, 18960.595632, MEe, 3.160099272e+00, E, -2.000000, NP, 6000 2000
690200, t, 3.790177e-02, KEe, 18932.815734, MEe, 3.155469289e+00, E, -2.000000, NP, 6000 2000
690300, t, 3.790726e-02, KEe, 18884.294127, MEe, 3.147382355e+00, E, -2.000000, NP, 6000 2000
690400, t, 3.791275e-02, KEe, 18874.663646, MEe, 3.145777274e+00, E, -2.000000, NP, 6000 2000
690500, t, 3.791825e-02, KEe, 18911.943428, MEe, 3.151990571e+00, E, -2.000000, NP, 6000 2000
690600, t, 3.792374e-02, KEe, 18836.306980, MEe, 3.139384497e+00, E, -2.000000, NP, 6000 2000
690700, t, 3.792923e-02, KEe, 18814.912020, MEe, 3.135818670e+00, E, -2.000000, NP, 6000 2000
690800, t, 3.793472e-02, KEe, 18785.288638, MEe, 3.130881440e+00, E, -2.000000, NP, 6000 2000
690900, t, 3.794021e-02, KEe, 18778.731567, MEe, 3.129788595e+00, E, -2.000000, NP, 6000 2000
691000, t, 3.794570e-02, KEe, 18864.933982, MEe, 3.144155664e+00, E, -2.000000, NP, 6000 2000
691100, t, 3.795119e-02, KEe, 18838.583346, MEe, 3.139763891e+00, E, -2.000000, NP, 6000 2000
691200, t, 3.795669e-02, KEe, 18859.120041, MEe, 3.143186673e+00, E, -2.000000, NP, 6000 2000
691300, t, 3.796218e-02, KEe, 18877.287838, MEe, 3.146214640e+00, E, -2.000000, NP, 6000 2000
691400, t, 3.796767e-02, KEe, 18860.685620, MEe, 3.143447603e+00, E, -2.000000, NP, 6000 2000
691500, t, 3.797316e-02, KEe, 18799.061809, MEe, 3.133176968e+00, E, -2.000000, NP, 6000 2000
691600, t, 3.797865e-02, KEe, 18722.786169, MEe, 3.120464361e+00, E, -2.000000, NP, 6000 2000
691700, t, 3.798414e-02, KEe, 18727.468581, MEe, 3.121244764e+00, E, -2.000000, NP, 6000 2000
691800, t, 3.798963e-02, KEe, 18760.913375, MEe, 3.126818896e+00, E, -2.000000, NP, 6000 2000
691900, t, 3.799513e-02, KEe, 18765.588730, MEe, 3.127598122e+00, E, -2.000000, NP, 6000 2000
692000, t, 3.800062e-02, KEe, 18846.021712, MEe, 3.141003619e+00, E, -2.000000, NP, 6000 2000
692100, t, 3.800611e-02, KEe, 18883.234760, MEe, 3.147205793e+00, E, -2.000000, NP, 6000 2000
692200, t, 3.801160e-02, KEe, 18947.098623, MEe, 3.157849770e+00, E, -2.000000, NP, 6000 2000
692300, t, 3.801709e-02, KEe, 18883.545422, MEe, 3.147257570e+00, E, -2.000000, NP, 6000 2000
692400, t, 3.802258e-02, KEe, 18877.700906, MEe, 3.146283484e+00, E, -2.000000, NP, 6000 2000
692500, t, 3.802807e-02, KEe, 18837.176873, MEe, 3.139529479e+00, E, -2.000000, NP, 6000 2000
692600, t, 3.803357e-02, KEe, 18895.897125, MEe, 3.149316187e+00, E, -2.000000, NP, 6000 2000
692700, t, 3.803906e-02, KEe, 18885.182614, MEe, 3.147530436e+00, E, -2.000000, NP, 6000 2000
692800, t, 3.804455e-02, KEe, 18915.988600, MEe, 3.152664767e+00, E, -2.000000, NP, 6000 2000
692900, t, 3.805004e-02, KEe, 18802.321556, MEe, 3.133720259e+00, E, -2.000000, NP, 6000 2000
693000, t, 3.805553e-02, KEe, 18834.536227, MEe, 3.139089371e+00, E, -2.000000, NP, 6000 2000
693100, t, 3.806102e-02, KEe, 18820.142999, MEe, 3.136690500e+00, E, -2.000000, NP, 6000 2000
693200, t, 3.806651e-02, KEe, 18817.862160, MEe, 3.136310360e+00, E, -2.000000, NP, 6000 2000
693300, t, 3.807201e-02, KEe, 18863.961612, MEe, 3.143993602e+00, E, -2.000000, NP, 6000 2000
693400, t, 3.807750e-02, KEe, 18923.920878, MEe, 3.153986813e+00, E, -2.000000, NP, 6000 2000
693500, t, 3.808299e-02, KEe, 18879.929511, MEe, 3.146654919e+00, E, -2.000000, NP, 6000 2000
693600, t, 3.808848e-02, KEe, 18969.363126, MEe, 3.161560521e+00, E, -2.000000, NP, 6000 2000
693700, t, 3.809397e-02, KEe, 18950.707141, MEe, 3.158451190e+00, E, -2.000000, NP, 6000 2000
693800, t, 3.809946e-02, KEe, 19028.867312, MEe, 3.171477885e+00, E, -2.000000, NP, 6000 2000
693900, t, 3.810495e-02, KEe, 19035.144460, MEe, 3.172524077e+00, E, -2.000000, NP, 6000 2000
694000, t, 3.811045e-02, KEe, 19019.539481, MEe, 3.169923247e+00, E, -2.000000, NP, 6000 2000
694100, t, 3.811594e-02, KEe, 19090.620004, MEe, 3.181770001e+00, E, -2.000000, NP, 6000 2000
694200, t, 3.812143e-02, KEe, 19209.110174, MEe, 3.201518362e+00, E, -2.000000, NP, 6000 2000
694300, t, 3.812692e-02, KEe, 19170.386150, MEe, 3.195064358e+00, E, -2.000000, NP, 6000 2000
694400, t, 3.813241e-02, KEe, 19177.887698, MEe, 3.196314616e+00, E, -2.000000, NP, 6000 2000
694500, t, 3.813790e-02, KEe, 19089.241982, MEe, 3.181540330e+00, E, -2.000000, NP, 6000 2000
694600, t, 3.814339e-02, KEe, 19110.194640, MEe, 3.185032440e+00, E, -2.000000, NP, 6000 2000
694700, t, 3.814888e-02, KEe, 19053.897570, MEe, 3.175649595e+00, E, -2.000000, NP, 6000 2000
694800, t, 3.815438e-02, KEe, 19007.824440, MEe, 3.167970740e+00, E, -2.000000, NP, 6000 2000
694900, t, 3.815987e-02, KEe, 18996.195925, MEe, 3.166032654e+00, E, -2.000000, NP, 6000 2000
695000, t, 3.816536e-02, KEe, 18922.795356, MEe, 3.153799226e+00, E, -2.000000, NP, 6000 2000
695100, t, 3.817085e-02, KEe, 19020.456753, MEe, 3.170076126e+00, E, -2.000000, NP, 6000 2000
695200, t, 3.817634e-02, KEe, 19044.188293, MEe, 3.174031382e+00, E, -2.000000, NP, 6000 2000
695300, t, 3.818183e-02, KEe, 18901.571960, MEe, 3.150261993e+00, E, -2.000000, NP, 6000 2000
695400, t, 3.818732e-02, KEe, 18836.335037, MEe, 3.139389173e+00, E, -2.000000, NP, 6000 2000
695500, t, 3.819282e-02, KEe, 18791.724066, MEe, 3.131954011e+00, E, -2.000000, NP, 6000 2000
695600, t, 3.819831e-02, KEe, 18808.179391, MEe, 3.134696565e+00, E, -2.000000, NP, 6000 2000
695700, t, 3.820380e-02, KEe, 18821.838725, MEe, 3.136973121e+00, E, -2.000000, NP, 6000 2000
695800, t, 3.820929e-02, KEe, 18827.024431, MEe, 3.137837405e+00, E, -2.000000, NP, 6000 2000
695900, t, 3.821478e-02, KEe, 18822.749604, MEe, 3.137124934e+00, E, -2.000000, NP, 6000 2000
696000, t, 3.822027e-02, KEe, 18760.847306, MEe, 3.126807884e+00, E, -2.000000, NP, 6000 2000
696100, t, 3.822576e-02, KEe, 18738.674638, MEe, 3.123112440e+00, E, -2.000000, NP, 6000 2000
696200, t, 3.823126e-02, KEe, 18772.996298, MEe, 3.128832716e+00, E, -2.000000, NP, 6000 2000
696300, t, 3.823675e-02, KEe, 18822.859521, MEe, 3.137143254e+00, E, -2.000000, NP, 6000 2000
696400, t, 3.824224e-02, KEe, 18755.057585, MEe, 3.125842931e+00, E, -2.000000, NP, 6000 2000
696500, t, 3.824773e-02, KEe, 18838.720788, MEe, 3.139786798e+00, E, -2.000000, NP, 6000 2000
696600, t, 3.825322e-02, KEe, 18816.103765, MEe, 3.136017294e+00, E, -2.000000, NP, 6000 2000
696700, t, 3.825871e-02, KEe, 18802.717810, MEe, 3.133786302e+00, E, -2.000000, NP, 6000 2000
696800, t, 3.826420e-02, KEe, 18898.126028, MEe, 3.149687671e+00, E, -2.000000, NP, 6000 2000
696900, t, 3.826970e-02, KEe, 18833.741013, MEe, 3.138956835e+00, E, -2.000000, NP, 6000 2000
697000, t, 3.827519e-02, KEe, 18801.378931, MEe, 3.133563155e+00, E, -2.000000, NP, 6000 2000
697100, t, 3.828068e-02, KEe, 18782.278367, MEe, 3.130379728e+00, E, -2.000000, NP, 6000 2000
697200, t, 3.828617e-02, KEe, 18682.846959, MEe, 3.113807826e+00, E, -2.000000, NP, 6000 2000
697300, t, 3.829166e-02, KEe, 18766.300838, MEe, 3.127716806e+00, E, -2.000000, NP, 6000 2000
697400, t, 3.829715e-02, KEe, 18776.051531, MEe, 3.129341922e+00, E, -2.000000, NP, 6000 2000
697500, t, 3.830264e-02, KEe, 18718.695682, MEe, 3.119782614e+00, E, -2.000000, NP, 6000 2000
697600, t, 3.830814e-02, KEe, 18605.857248, MEe, 3.100976208e+00, E, -2.000000, NP, 6000 2000
697700, t, 3.831363e-02, KEe, 18672.789559, MEe, 3.112131593e+00, E, -2.000000, NP, 6000 2000
697800, t, 3.831912e-02, KEe, 18609.013528, MEe, 3.101502255e+00, E, -2.000000, NP, 6000 2000
697900, t, 3.832461e-02, KEe, 18591.253410, MEe, 3.098542235e+00, E, -2.000000, NP, 6000 2000
698000, t, 3.833010e-02, KEe, 18590.008546, MEe, 3.098334758e+00, E, -2.000000, NP, 6000 2000
698100, t, 3.833559e-02, KEe, 18566.634693, MEe, 3.094439116e+00, E, -2.000000, NP, 6000 2000
698200, t, 3.834108e-02, KEe, 18623.267823, MEe, 3.103877970e+00, E, -2.000000, NP, 6000 2000
698300, t, 3.834658e-02, KEe, 18684.342233, MEe, 3.114057039e+00, E, -2.000000, NP, 6000 2000
698400, t, 3.835207e-02, KEe, 18719.102596, MEe, 3.119850433e+00, E, -2.000000, NP, 6000 2000
698500, t, 3.835756e-02, KEe, 18771.255357, MEe, 3.128542560e+00, E, -2.000000, NP, 6000 2000
698600, t, 3.836305e-02, KEe, 18757.918702, MEe, 3.126319784e+00, E, -2.000000, NP, 6000 2000
698700, t, 3.836854e-02, KEe, 18767.953051, MEe, 3.127992175e+00, E, -2.000000, NP, 6000 2000
698800, t, 3.837403e-02, KEe, 18729.483306, MEe, 3.121580551e+00, E, -2.000000, NP, 6000 2000
698900, t, 3.837952e-02, KEe, 18732.321496, MEe, 3.122053583e+00, E, -2.000000, NP, 6000 2000
699000, t, 3.838502e-02, KEe, 18703.156365, MEe, 3.117192728e+00, E, -2.000000, NP, 6000 2000
699100, t, 3.839051e-02, KEe, 18723.242754, MEe, 3.120540459e+00, E, -2.000000, NP, 6000 2000
699200, t, 3.839600e-02, KEe, 18815.259079, MEe, 3.135876513e+00, E, -2.000000, NP, 6000 2000
699300, t, 3.840149e-02, KEe, 18770.636380, MEe, 3.128439397e+00, E, -2.000000, NP, 6000 2000
699400, t, 3.840698e-02, KEe, 18767.306120, MEe, 3.127884353e+00, E, -2.000000, NP, 6000 2000
699500, t, 3.841247e-02, KEe, 18735.724790, MEe, 3.122620798e+00, E, -2.000000, NP, 6000 2000
699600, t, 3.841796e-02, KEe, 18819.242754, MEe, 3.136540459e+00, E, -2.000000, NP, 6000 2000
699700, t, 3.842346e-02, KEe, 18799.454443, MEe, 3.133242407e+00, E, -2.000000, NP, 6000 2000
699800, t, 3.842895e-02, KEe, 18834.796182, MEe, 3.139132697e+00, E, -2.000000, NP, 6000 2000
699900, t, 3.843444e-02, KEe, 18903.631137, MEe, 3.150605189e+00, E, -2.000000, NP, 6000 2000
700000, t, 3.843993e-02, KEe, 18854.979793, MEe, 3.142496632e+00, E, -2.000000, NP, 6000 2000
700100, t, 3.844542e-02, KEe, 18931.535988, MEe, 3.155255998e+00, E, -2.000000, NP, 6000 2000
700200, t, 3.845091e-02, KEe, 18924.242799, MEe, 3.154040467e+00, E, -2.000000, NP, 6000 2000
700300, t, 3.845640e-02, KEe, 18889.076886, MEe, 3.148179481e+00, E, -2.000000, NP, 6000 2000
700400, t, 3.846190e-02, KEe, 18930.118510, MEe, 3.155019752e+00, E, -2.000000, NP, 6000 2000
700500, t, 3.846739e-02, KEe, 18925.036677, MEe, 3.154172779e+00, E, -2.000000, NP, 6000 2000
700600, t, 3.847288e-02, KEe, 18903.643661, MEe, 3.150607277e+00, E, -2.000000, NP, 6000 2000
700700, t, 3.847837e-02, KEe, 18877.730595, MEe, 3.146288433e+00, E, -2.000000, NP, 6000 2000
700800, t, 3.848386e-02, KEe, 18843.836899, MEe, 3.140639483e+00, E, -2.000000, NP, 6000 2000
700900, t, 3.848935e-02, KEe, 18841.068497, MEe, 3.140178083e+00, E, -2.000000, NP, 6000 2000
701000, t, 3.849484e-02, KEe, 18791.942454, MEe, 3.131990409e+00, E, -2.000000, NP, 6000 2000
701100, t, 3.850034e-02, KEe, 18737.296599, MEe, 3.122882767e+00, E, -2.000000, NP, 6000 2000
701200, t, 3.850583e-02, KEe, 18650.598516, MEe, 3.108433086e+00, E, -2.000000, NP, 6000 2000
701300, t, 3.851132e-02, KEe, 18696.394839, MEe, 3.116065807e+00, E, -2.000000, NP, 6000 2000
701400, t, 3.851681e-02, KEe, 18716.592866, MEe, 3.119432144e+00, E, -2.000000, NP, 6000 2000
701500, t, 3.852230e-02, KEe, 18776.390192, MEe, 3.129398365e+00, E, -2.000000, NP, 6000 2000
701600, t, 3.852779e-02, KEe, 18762.841248, MEe, 3.127140208e+00, E, -2.000000, NP, 6000 2000
701700, t, 3.853328e-02, KEe, 18773.679931, MEe, 3.128946655e+00, E, -2.000000, NP, 6000 2000
701800, t, 3.853878e-02, KEe, 18844.857906, MEe, 3.140809651e+00, E, -2.000000, NP, 6000 2000
701900, t, 3.854427e-02, KEe, 18823.394284, MEe, 3.137232381e+00, E, -2.000000, NP, 6000 2000
702000, t, 3.854976e-02, KEe, 18873.000059, MEe, 3.145500010e+00, E, -2.000000, NP, 6000 2000
702100, t, 3.855525e-02, KEe, 18792.401275, MEe, 3.132066879e+00, E, -2.000000, NP, 6000 2000
702200, t, 3.856074e-02, KEe, 18781.577784, MEe, 3.130262964e+00, E, -2.000000, NP, 6000 2000
702300, t, 3.856623e-02, KEe, 18752.416555, MEe, 3.125402759e+00, E, -2.000000, NP, 6000 2000
702400, t, 3.857172e-02, KEe, 18787.759933, MEe, 3.131293322e+00, E, -2.000000, NP, 6000 2000
702500, t, 3.857722e-02, KEe, 18853.496078, MEe, 3.142249346e+00, E, -2.000000, NP, 6000 2000
702600, t, 3.858271e-02, KEe, 18850.869902, MEe, 3.141811650e+00, E, -2.000000, NP, 6000 2000
702700, t, 3.858820e-02, KEe, 18825.028882, MEe, 3.137504814e+00, E, -2.000000, NP, 6000 2000
702800, t, 3.859369e-02, KEe, 18711.046299, MEe, 3.118507717e+00, E, -2.000000, NP, 6000 2000
702900, t, 3.859918e-02, KEe, 18781.233164, MEe, 3.130205527e+00, E, -2.000000, NP, 6000 2000
703000, t, 3.860467e-02, KEe, 18777.103600, MEe, 3.129517267e+00, E, -2.000000, NP, 6000 2000
703100, t, 3.861016e-02, KEe, 18824.565239, MEe, 3.137427540e+00, E, -2.000000, NP, 6000 2000
703200, t, 3.861566e-02, KEe, 18731.149902, MEe, 3.121858317e+00, E, -2.000000, NP, 6000 2000
703300, t, 3.862115e-02, KEe, 18714.088709, MEe, 3.119014785e+00, E, -2.000000, NP, 6000 2000
703400, t, 3.862664e-02, KEe, 18661.326994, MEe, 3.110221166e+00, E, -2.000000, NP, 6000 2000
703500, t, 3.863213e-02, KEe, 18581.087662, MEe, 3.096847944e+00, E, -2.000000, NP, 6000 2000
703600, t, 3.863762e-02, KEe, 18568.772898, MEe, 3.094795483e+00, E, -2.000000, NP, 6000 2000
703700, t, 3.864311e-02, KEe, 18622.990557, MEe, 3.103831760e+00, E, -2.000000, NP, 6000 2000
703800, t, 3.864860e-02, KEe, 18549.522943, MEe, 3.091587157e+00, E, -2.000000, NP, 6000 2000
703900, t, 3.865410e-02, KEe, 18591.863720, MEe, 3.098643953e+00, E, -2.000000, NP, 6000 2000
704000, t, 3.865959e-02, KEe, 18553.588190, MEe, 3.092264698e+00, E, -2.000000, NP, 6000 2000
704100, t, 3.866508e-02, KEe, 18580.007126, MEe, 3.096667854e+00, E, -2.000000, NP, 6000 2000
704200, t, 3.867057e-02, KEe, 18571.179576, MEe, 3.095196596e+00, E, -2.000000, NP, 6000 2000
704300, t, 3.867606e-02, KEe, 18599.755244, MEe, 3.099959207e+00, E, -2.000000, NP, 6000 2000
704400, t, 3.868155e-02, KEe, 18611.121559, MEe, 3.101853593e+00, E, -2.000000, NP, 6000 2000
704500, t, 3.868704e-02, KEe, 18587.481893, MEe, 3.097913649e+00, E, -2.000000, NP, 6000 2000
704600, t, 3.869254e-02, KEe, 18623.487132, MEe, 3.103914522e+00, E, -2.000000, NP, 6000 2000
704700, t, 3.869803e-02, KEe, 18624.577438, MEe, 3.104096240e+00, E, -2.000000, NP, 6000 2000
704800, t, 3.870352e-02, KEe, 18611.475363, MEe, 3.101912560e+00, E, -2.000000, NP, 6000 2000
704900, t, 3.870901e-02, KEe, 18508.421540, MEe, 3.084736923e+00, E, -2.000000, NP, 6000 2000
705000, t, 3.871450e-02, KEe, 18375.067251, MEe, 3.062511209e+00, E, -2.000000, NP, 6000 2000
705100, t, 3.871999e-02, KEe, 18462.482215, MEe, 3.077080369e+00, E, -2.000000, NP, 6000 2000
705200, t, 3.872548e-02, KEe, 18457.623737, MEe, 3.076270623e+00, E, -2.000000, NP, 6000 2000
705300, t, 3.873098e-02, KEe, 18610.636043, MEe, 3.101772674e+00, E, -2.000000, NP, 6000 2000
705400, t, 3.873647e-02, KEe, 18644.362071, MEe, 3.107393678e+00, E, -2.000000, NP, 6000 2000
705500, t, 3.874196e-02, KEe, 18703.195577, MEe, 3.117199263e+00, E, -2.000000, NP, 6000 2000
705600, t, 3.874745e-02, KEe, 18773.890137, MEe, 3.128981690e+00, E, -2.000000, NP, 6000 2000
705700, t, 3.875294e-02, KEe, 18727.330099, MEe, 3.121221683e+00, E, -2.000000, NP, 6000 2000
705800, t, 3.875843e-02, KEe, 18618.043911, MEe, 3.103007319e+00, E, -2.000000, NP, 6000 2000
705900, t, 3.876392e-02, KEe, 18635.028640, MEe, 3.105838107e+00, E, -2.000000, NP, 6000 2000
706000, t, 3.876942e-02, KEe, 18683.861755, MEe, 3.113976959e+00, E, -2.000000, NP, 6000 2000
706100, t, 3.877491e-02, KEe, 18615.845435, MEe, 3.102640906e+00, E, -2.000000, NP, 6000 2000
706200, t, 3.878040e-02, KEe, 18650.586041, MEe, 3.108431007e+00, E, -2.000000, NP, 6000 2000
706300, t, 3.878589e-02, KEe, 18727.562387, MEe, 3.121260398e+00, E, -2.000000, NP, 6000 2000
706400, t, 3.879138e-02, KEe, 18680.090569, MEe, 3.113348428e+00, E, -2.000000, NP, 6000 2000
706500, t, 3.879687e-02, KEe, 18644.104441, MEe, 3.107350740e+00, E, -2.000000, NP, 6000 2000
706600, t, 3.880236e-02, KEe, 18650.170767, MEe, 3.108361794e+00, E, -2.000000, NP, 6000 2000
706700, t, 3.880786e-02, KEe, 18577.412917, MEe, 3.096235486e+00, E, -2.000000, NP, 6000 2000
706800, t, 3.881335e-02, KEe, 18628.386885, MEe, 3.104731148e+00, E, -2.000000, NP, 6000 2000
706900, t, 3.881884e-02, KEe, 18649.148880, MEe, 3.108191480e+00, E, -2.000000, NP, 6000 2000
707000, t, 3.882433e-02, KEe, 18654.585991, MEe, 3.109097665e+00, E, -2.000000, NP, 6000 2000
707100, t, 3.882982e-02, KEe, 18747.339175, MEe, 3.124556529e+00, E, -2.000000, NP, 6000 2000
707200, t, 3.883531e-02, KEe, 18826.102269, MEe, 3.137683711e+00, E, -2.000000, NP, 6000 2000
707300, t, 3.884080e-02, KEe, 18933.285959, MEe, 3.155547660e+00, E, -2.000000, NP, 6000 2000
707400, t, 3.884630e-02, KEe, 18879.741934, MEe, 3.146623656e+00, E, -2.000000, NP, 6000 2000
707500, t, 3.885179e-02, KEe, 18817.337079, MEe, 3.136222847e+00, E, -2.000000, NP, 6000 2000
707600, t, 3.885728e-02, KEe, 18882.054925, MEe, 3.147009154e+00, E, -2.000000, NP, 6000 2000
707700, t, 3.886277e-02, KEe, 18798.499065, MEe, 3.133083178e+00, E, -2.000000, NP, 6000 2000
707800, t, 3.886826e-02, KEe, 18833.412839, MEe, 3.138902140e+00, E, -2.000000, NP, 6000 2000
707900, t, 3.887375e-02, KEe, 18744.375222, MEe, 3.124062537e+00, E, -2.000000, NP, 6000 2000
708000, t, 3.887924e-02, KEe, 18759.490525, MEe, 3.126581754e+00, E, -2.000000, NP, 6000 2000
708100, t, 3.888474e-02, KEe, 18844.574612, MEe, 3.140762435e+00, E, -2.000000, NP, 6000 2000
708200, t, 3.889023e-02, KEe, 18860.874055, MEe, 3.143479009e+00, E, -2.000000, NP, 6000 2000
708300, t, 3.889572e-02, KEe, 18955.781278, MEe, 3.159296880e+00, E, -2.000000, NP, 6000 2000
708400, t, 3.890121e-02, KEe, 19004.768549, MEe, 3.167461425e+00, E, -2.000000, NP, 6000 2000
708500, t, 3.890670e-02, KEe, 18947.996409, MEe, 3.157999401e+00, E, -2.000000, NP, 6000 2000
708600, t, 3.891219e-02, KEe, 18935.740255, MEe, 3.155956709e+00, E, -2.000000, NP, 6000 2000
708700, t, 3.891768e-02, KEe, 18853.095046, MEe, 3.142182508e+00, E, -2.000000, NP, 6000 2000
708800, t, 3.892317e-02, KEe, 18926.468944, MEe, 3.154411491e+00, E, -2.000000, NP, 6000 2000
708900, t, 3.892867e-02, KEe, 18867.994417, MEe, 3.144665736e+00, E, -2.000000, NP, 6000 2000
709000, t, 3.893416e-02, KEe, 18987.071082, MEe, 3.164511847e+00, E, -2.000000, NP, 6000 2000
709100, t, 3.893965e-02, KEe, 18955.840511, MEe, 3.159306752e+00, E, -2.000000, NP, 6000 2000
709200, t, 3.894514e-02, KEe, 19005.495109, MEe, 3.167582518e+00, E, -2.000000, NP, 6000 2000
709300, t, 3.895063e-02, KEe, 19037.488278, MEe, 3.172914713e+00, E, -2.000000, NP, 6000 2000
709400, t, 3.895612e-02, KEe, 19060.773129, MEe, 3.176795522e+00, E, -2.000000, NP, 6000 2000
709500, t, 3.896161e-02, KEe, 19155.707071, MEe, 3.192617845e+00, E, -2.000000, NP, 6000 2000
709600, t, 3.896711e-02, KEe, 19088.085308, MEe, 3.181347551e+00, E, -2.000000, NP, 6000 2000
709700, t, 3.897260e-02, KEe, 19098.565843, MEe, 3.183094307e+00, E, -2.000000, NP, 6000 2000
709800, t, 3.897809e-02, KEe, 19023.991274, MEe, 3.170665212e+00, E, -2.000000, NP, 6000 2000
709900, t, 3.898358e-02, KEe, 18995.000379, MEe, 3.165833396e+00, E, -2.000000, NP, 6000 2000
710000, t, 3.898907e-02, KEe, 19089.221155, MEe, 3.181536859e+00, E, -2.000000, NP, 6000 2000
710100, t, 3.899456e-02, KEe, 19049.463336, MEe, 3.174910556e+00, E, -2.000000, NP, 6000 2000
710200, t, 3.900005e-02, KEe, 18971.431325, MEe, 3.161905221e+00, E, -2.000000, NP, 6000 2000
710300, t, 3.900555e-02, KEe, 18913.735503, MEe, 3.152289251e+00, E, -2.000000, NP, 6000 2000
710400, t, 3.901104e-02, KEe, 18884.349756, MEe, 3.147391626e+00, E, -2.000000, NP, 6000 2000
710500, t, 3.901653e-02, KEe, 18832.968951, MEe, 3.138828158e+00, E, -2.000000, NP, 6000 2000
710600, t, 3.902202e-02, KEe, 18805.102618, MEe, 3.134183770e+00, E, -2.000000, NP, 6000 2000
710700, t, 3.902751e-02, KEe, 18835.660390, MEe, 3.139276732e+00, E, -2.000000, NP, 6000 2000
710800, t, 3.903300e-02, KEe, 18805.029588, MEe, 3.134171598e+00, E, -2.000000, NP, 6000 2000
710900, t, 3.903849e-02, KEe, 18871.153667, MEe, 3.145192278e+00, E, -2.000000, NP, 6000 2000
711000, t, 3.904399e-02, KEe, 18847.607735, MEe, 3.141267956e+00, E, -2.000000, NP, 6000 2000
711100, t, 3.904948e-02, KEe, 18772.698615, MEe, 3.128783103e+00, E, -2.000000, NP, 6000 2000
711200, t, 3.905497e-02, KEe, 18713.903953, MEe, 3.118983992e+00, E, -2.000000, NP, 6000 2000
711300, t, 3.906046e-02, KEe, 18747.111804, MEe, 3.124518634e+00, E, -2.000000, NP, 6000 2000
711400, t, 3.906595e-02, KEe, 18680.682209, MEe, 3.113447035e+00, E, -2.000000, NP, 6000 2000
711500, t, 3.907144e-02, KEe, 18737.453869, MEe, 3.122908978e+00, E, -2.000000, NP, 6000 2000
711600, t, 3.907693e-02, KEe, 18808.755175, MEe, 3.134792529e+00, E, -2.000000, NP, 6000 2000
711700, t, 3.908243e-02, KEe, 18777.545514, MEe, 3.129590919e+00, E, -2.000000, NP, 6000 2000
711800, t, 3.908792e-02, KEe, 18861.391654, MEe, 3.143565276e+00, E, -2.000000, NP, 6000 2000
711900, t, 3.909341e-02, KEe, 18916.699398, MEe, 3.152783233e+00, E, -2.000000, NP, 6000 2000
712000, t, 3.909890e-02, KEe, 18871.777246, MEe, 3.145296208e+00, E, -2.000000, NP, 6000 2000
712100, t, 3.910439e-02, KEe, 18905.272280, MEe, 3.150878713e+00, E, -2.000000, NP, 6000 2000
712200, t, 3.910988e-02, KEe, 18815.618718, MEe, 3.135936453e+00, E, -2.000000, NP, 6000 2000
712300, t, 3.911537e-02, KEe, 18688.781934, MEe, 3.114796989e+00, E, -2.000000, NP, 6000 2000
712400, t, 3.912087e-02, KEe, 18588.330348, MEe, 3.098055058e+00, E, -2.000000, NP, 6000 2000
712500, t, 3.912636e-02, KEe, 18592.126896, MEe, 3.098687816e+00, E, -2.000000, NP, 6000 2000
712600, t, 3.913185e-02, KEe, 18637.001239, MEe, 3.106166873e+00, E, -2.000000, NP, 6000 2000
712700, t, 3.913734e-02, KEe, 18574.541205, MEe, 3.095756868e+00, E, -2.000000, NP, 6000 2000
712800, t, 3.914283e-02, KEe, 18614.030779, MEe, 3.102338463e+00, E, -2.000000, NP, 6000 2000
712900, t, 3.914832e-02, KEe, 18723.009755, MEe, 3.120501626e+00, E, -2.000000, NP, 6000 2000
713000, t, 3.915381e-02, KEe, 18779.638638, MEe, 3.129939773e+00, E, -2.000000, NP, 6000 2000
713100, t, 3.915931e-02, KEe, 18849.328376, MEe, 3.141554729e+00, E, -2.000000, NP, 6000 2000
713200, t, 3.916480e-02, KEe, 18819.006388, MEe, 3.136501065e+00, E, -2.000000, NP, 6000 2000
713300, t, 3.917029e-02, KEe, 18838.464250, MEe, 3.139744042e+00, E, -2.000000, NP, 6000 2000
713400, t, 3.917578e-02, KEe, 18862.263778, MEe, 3.143710630e+00, E, -2.000000, NP, 6000 2000
713500, t, 3.918127e-02, KEe, 18808.721763, MEe, 3.134786961e+00, E, -2.000000, NP, 6000 2000
713600, t, 3.918676e-02, KEe, 18817.058173, MEe, 3.136176362e+00, E, -2.000000, NP, 6000 2000
713700, t, 3.919225e-02, KEe, 18882.820286, MEe, 3.147136714e+00, E, -2.000000, NP, 6000 2000
713800, t, 3.919775e-02, KEe, 18844.322181, MEe, 3.140720363e+00, E, -2.000000, NP, 6000 2000
713900, t, 3.920324e-02, KEe, 18850.623742, MEe, 3.141770624e+00, E, -2.000000, NP, 6000 2000
714000, t, 3.920873e-02, KEe, 18858.137785, MEe, 3.143022964e+00, E, -2.000000, NP, 6000 2000
714100, t, 3.921422e-02, KEe, 18833.548428, MEe, 3.138924738e+00, E, -2.000000, NP, 6000 2000
714200, t, 3.921971e-02, KEe, 18789.840222, MEe, 3.131640037e+00, E, -2.000000, NP, 6000 2000
714300, t, 3.922520e-02, KEe, 18954.112929, MEe, 3.159018821e+00, E, -2.000000, NP, 6000 2000
714400, t, 3.923069e-02, KEe, 18989.799706, MEe, 3.164966618e+00, E, -2.000000, NP, 6000 2000
714500, t, 3.923619e-02, KEe, 19068.689776, MEe, 3.178114963e+00, E, -2.000000, NP, 6000 2000
714600, t, 3.924168e-02, KEe, 19037.029002, MEe, 3.172838167e+00, E, -2.000000, NP, 6000 2000
714700, t, 3.924717e-02, KEe, 18993.626031, MEe, 3.165604338e+00, E, -2.000000, NP, 6000 2000
714800, t, 3.925266e-02, KEe, 19017.187640, MEe, 3.169531273e+00, E, -2.000000, NP, 6000 2000
714900, t, 3.925815e-02, KEe, 19099.703543, MEe, 3.183283924e+00, E, -2.000000, NP, 6000 2000
715000, t, 3.926364e-02, KEe, 18990.974679, MEe, 3.165162446e+00, E, -2.000000, NP, 6000 2000
715100, t, 3.926913e-02, KEe, 18922.889935, MEe, 3.153814989e+00, E, -2.000000, NP, 6000 2000
715200, t, 3.927463e-02, KEe, 19030.912850, MEe, 3.171818808e+00, E, -2.000000, NP, 6000 2000
715300, t, 3.928012e-02, KEe, 19074.414678, MEe, 3.179069113e+00, E, -2.000000, NP, 6000 2000
715400, t, 3.928561e-02, KEe, 19084.942097, MEe, 3.180823683e+00, E, -2.000000, NP, 6000 2000
715500, t, 3.929110e-02, KEe, 18947.386193, MEe, 3.157897699e+00, E, -2.000000, NP, 6000 2000
715600, t, 3.929659e-02, KEe, 18941.651870, MEe, 3.156941978e+00, E, -2.000000, NP, 6000 2000
715700, t, 3.930208e-02, KEe, 18883.136484, MEe, 3.147189414e+00, E, -2.000000, NP, 6000 2000
715800, t, 3.930757e-02, KEe, 18843.474442, MEe, 3.140579074e+00, E, -2.000000, NP, 6000 2000
715900, t, 3.931307e-02, KEe, 18678.169800, MEe, 3.113028300e+00, E, -2.000000, NP, 6000 2000
716000, t, 3.931856e-02, KEe, 18688.295403, MEe, 3.114715900e+00, E, -2.000000, NP, 6000 2000
716100, t, 3.932405e-02, KEe, 18646.149271, MEe, 3.107691545e+00, E, -2.000000, NP, 6000 2000
716200, t, 3.932954e-02, KEe, 18566.500255, MEe, 3.094416709e+00, E, -2.000000, NP, 6000 2000
716300, t, 3.933503e-02, KEe, 18565.691192, MEe, 3.094281865e+00, E, -2.000000, NP, 6000 2000
716400, t, 3.934052e-02, KEe, 18526.435684, MEe, 3.087739281e+00, E, -2.000000, NP, 6000 2000
716500, t, 3.934601e-02, KEe, 18639.879498, MEe, 3.106646583e+00, E, -2.000000, NP, 6000 2000
716600, t, 3.935151e-02, KEe, 18751.306473, MEe, 3.125217745e+00, E, -2.000000, NP, 6000 2000
716700, t, 3.935700e-02, KEe, 18765.851875, MEe, 3.127641979e+00, E, -2.000000, NP, 6000 2000
716800, t, 3.936249e-02, KEe, 18783.807458, MEe, 3.130634576e+00, E, -2.000000, NP, 6000 2000
716900, t, 3.936798e-02, KEe, 18827.820217, MEe, 3.137970036e+00, E, -2.000000, NP, 6000 2000
717000, t, 3.937347e-02, KEe, 18850.825985, MEe, 3.141804331e+00, E, -2.000000, NP, 6000 2000
717100, t, 3.937896e-02, KEe, 18856.146807, MEe, 3.142691135e+00, E, -2.000000, NP, 6000 2000
717200, t, 3.938445e-02, KEe, 18877.028455, MEe, 3.146171409e+00, E, -2.000000, NP, 6000 2000
717300, t, 3.938995e-02, KEe, 18760.980363, MEe, 3.126830061e+00, E, -2.000000, NP, 6000 2000
717400, t, 3.939544e-02, KEe, 18727.556924, MEe, 3.121259487e+00, E, -2.000000, NP, 6000 2000
717500, t, 3.940093e-02, KEe, 18644.161798, MEe, 3.107360300e+00, E, -2.000000, NP, 6000 2000
717600, t, 3.940642e-02, KEe, 18625.833337, MEe, 3.104305556e+00, E, -2.000000, NP, 6000 2000
717700, t, 3.941191e-02, KEe, 18587.281957, MEe, 3.097880326e+00, E, -2.000000, NP, 6000 2000
717800, t, 3.941740e-02, KEe, 18664.297435, MEe, 3.110716239e+00, E, -2.000000, NP, 6000 2000
717900, t, 3.942289e-02, KEe, 18603.577084, MEe, 3.100596181e+00, E, -2.000000, NP, 6000 2000
718000, t, 3.942839e-02, KEe, 18657.715570, MEe, 3.109619262e+00, E, -2.000000, NP, 6000 2000
718100, t, 3.943388e-02, KEe, 18584.378559, MEe, 3.097396427e+00, E, -2.000000, NP, 6000 2000
718200, t, 3.943937e-02, KEe, 18591.948452, MEe, 3.098658075e+00, E, -2.000000, NP, 6000 2000
718300, t, 3.944486e-02, KEe, 18640.271874, MEe, 3.106711979e+00, E, -2.000000, NP, 6000 2000
718400, t, 3.945035e-02, KEe, 18690.251427, MEe, 3.115041905e+00, E, -2.000000, NP, 6000 2000
718500, t, 3.945584e-02, KEe, 18740.431042, MEe, 3.123405174e+00, E, -2.000000, NP, 6000 2000
718600, t, 3.946133e-02, KEe, 18705.892471, MEe, 3.117648745e+00, E, -2.000000, NP, 6000 2000
718700, t, 3.946683e-02, KEe, 18743.549463, MEe, 3.123924910e+00, E, -2.000000, NP, 6000 2000
718800, t, 3.947232e-02, KEe, 18773.889814, MEe, 3.128981636e+00, E, -2.000000, NP, 6000 2000
718900, t, 3.947781e-02, KEe, 18801.737644, MEe, 3.133622941e+00, E, -2.000000, NP, 6000 2000
719000, t, 3.948330e-02, KEe, 18749.051567, MEe, 3.124841928e+00, E, -2.000000, NP, 6000 2000
719100, t, 3.948879e-02, KEe, 18792.399248, MEe, 3.132066541e+00, E, -2.000000, NP, 6000 2000
719200, t, 3.949428e-02, KEe, 18758.026948, MEe, 3.126337825e+00, E, -2.000000, NP, 6000 2000
719300, t, 3.949977e-02, KEe, 18765.517982, MEe, 3.127586330e+00, E, -2.000000, NP, 6000 2000
719400, t, 3.950527e-02, KEe, 18818.351855, MEe, 3.136391976e+00, E, -2.000000, NP, 6000 2000
719500, t, 3.951076e-02, KEe, 18836.148147, MEe, 3.139358025e+00, E, -2.000000, NP, 6000 2000
719600, t, 3.951625e-02, KEe, 18805.907613, MEe, 3.134317936e+00, E, -2.000000, NP, 6000 2000
719700, t, 3.952174e-02, KEe, 18757.096567, MEe, 3.126182761e+00, E, -2.000000, NP, 6000 2000
719800, t, 3.952723e-02, KEe, 18716.321278, MEe, 3.119386880e+00, E, -2.000000, NP, 6000 2000
719900, t, 3.953272e-02, KEe, 18656.650160, MEe, 3.109441693e+00, E, -2.000000, NP, 6000 2000
720000, t, 3.953821e-02, KEe, 18641.642917, MEe, 3.106940486e+00, E, -2.000000, NP, 6000 2000
720100, t, 3.954371e-02, KEe, 18715.007154, MEe, 3.119167859e+00, E, -2.000000, NP, 6000 2000
720200, t, 3.954920e-02, KEe, 18731.499225, MEe, 3.121916537e+00, E, -2.000000, NP, 6000 2000
720300, t, 3.955469e-02, KEe, 18710.645812, MEe, 3.118440969e+00, E, -2.000000, NP, 6000 2000
720400, t, 3.956018e-02, KEe, 18799.878605, MEe, 3.133313101e+00, E, -2.000000, NP, 6000 2000
720500, t, 3.956567e-02, KEe, 18810.983071, MEe, 3.135163845e+00, E, -2.000000, NP, 6000 2000
720600, t, 3.957116e-02, KEe, 18822.947131, MEe, 3.137157855e+00, E, -2.000000, NP, 6000 2000
720700, t, 3.957665e-02, KEe, 18891.051624, MEe, 3.148508604e+00, E, -2.000000, NP, 6000 2000
720800, t, 3.958215e-02, KEe, 18944.015245, MEe, 3.157335874e+00, E, -2.000000, NP, 6000 2000
720900, t, 3.958764e-02, KEe, 18931.337176, MEe, 3.155222863e+00, E, -2.000000, NP, 6000 2000
721000, t, 3.959313e-02, KEe, 18948.203480, MEe, 3.158033913e+00, E, -2.000000, NP, 6000 2000
721100, t, 3.959862e-02, KEe, 18873.911300, MEe, 3.145651883e+00, E, -2.000000, NP, 6000 2000
721200, t, 3.960411e-02, KEe, 18917.316498, MEe, 3.152886083e+00, E, -2.000000, NP, 6000 2000
721300, t, 3.960960e-02, KEe, 18988.063161, MEe, 3.164677194e+00, E, -2.000000, NP, 6000 2000
721400, t, 3.961509e-02, KEe, 19071.761379, MEe, 3.178626896e+00, E, -2.000000, NP, 6000 2000
721500, t, 3.962059e-02, KEe, 19013.148399, MEe, 3.168858067e+00, E, -2.000000, NP, 6000 2000
721600, t, 3.962608e-02, KEe, 19040.120955, MEe, 3.173353493e+00, E, -2.000000, NP, 6000 2000
721700, t, 3.963157e-02, KEe, 19070.138292, MEe, 3.178356382e+00, E, -2.000000, NP, 6000 2000
721800, t, 3.963706e-02, KEe, 19072.861709, MEe, 3.178810285e+00, E, -2.000000, NP, 6000 2000
721900, t, 3.964255e-02, KEe, 19095.951189, MEe, 3.182658531e+00, E, -2.000000, NP, 6000 2000
722000, t, 3.964804e-02, KEe, 19123.382518, MEe, 3.187230420e+00, E, -2.000000, NP, 6000 2000
722100, t, 3.965353e-02, KEe, 19119.622579, MEe, 3.186603763e+00, E, -2.000000, NP, 6000 2000
722200, t, 3.965903e-02, KEe, 19048.367618, MEe, 3.174727936e+00, E, -2.000000, NP, 6000 2000
722300, t, 3.966452e-02, KEe, 19040.536299, MEe, 3.173422717e+00, E, -2.000000, NP, 6000 2000
722400, t, 3.967001e-02, KEe, 19115.275293, MEe, 3.185879215e+00, E, -2.000000, NP, 6000 2000
722500, t, 3.967550e-02, KEe, 19014.175857, MEe, 3.169029309e+00, E, -2.000000, NP, 6000 2000
722600, t, 3.968099e-02, KEe, 19138.477142, MEe, 3.189746190e+00, E, -2.000000, NP, 6000 2000
722700, t, 3.968648e-02, KEe, 19048.613817, MEe, 3.174768969e+00, E, -2.000000, NP, 6000 2000
722800, t, 3.969197e-02, KEe, 19081.598483, MEe, 3.180266414e+00, E, -2.000000, NP, 6000 2000
722900, t, 3.969746e-02, KEe, 19004.387339, MEe, 3.167397890e+00, E, -2.000000, NP, 6000 2000
723000, t, 3.970296e-02, KEe, 19041.935755, MEe, 3.173655959e+00, E, -2.000000, NP, 6000 2000
723100, t, 3.970845e-02, KEe, 18998.886005, MEe, 3.166481001e+00, E, -2.000000, NP, 6000 2000
723200, t, 3.971394e-02, KEe, 19022.498554, MEe, 3.170416426e+00, E, -2.000000, NP, 6000 2000
723300, t, 3.971943e-02, KEe, 18954.689820, MEe, 3.159114970e+00, E, -2.000000, NP, 6000 2000
723400, t, 3.972492e-02, KEe, 18948.753169, MEe, 3.158125528e+00, E, -2.000000, NP, 6000 2000
723500, t, 3.973041e-02, KEe, 18933.971114, MEe, 3.155661852e+00, E, -2.000000, NP, 6000 2000
723600, t, 3.973590e-02, KEe, 18951.027773, MEe, 3.158504629e+00, E, -2.000000, NP, 6000 2000
723700, t, 3.974140e-02, KEe, 18955.455068, MEe, 3.159242511e+00, E, -2.000000, NP, 6000 2000
723800, t, 3.974689e-02, KEe, 18994.832181, MEe, 3.165805363e+00, E, -2.000000, NP, 6000 2000
723900, t, 3.975238e-02, KEe, 19007.275835, MEe, 3.167879306e+00, E, -2.000000, NP, 6000 2000
724000, t, 3.975787e-02, KEe, 19037.616542, MEe, 3.172936090e+00, E, -2.000000, NP, 6000 2000
724100, t, 3.976336e-02, KEe, 19013.492691, MEe, 3.168915448e+00, E, -2.000000, NP, 6000 2000
724200, t, 3.976885e-02, KEe, 18953.033627, MEe, 3.158838938e+00, E, -2.000000, NP, 6000 2000
724300, t, 3.977434e-02, KEe, 18900.096959, MEe, 3.150016160e+00, E, -2.000000, NP, 6000 2000
724400, t, 3.977984e-02, KEe, 18882.870248, MEe, 3.147145041e+00, E, -2.000000, NP, 6000 2000
724500, t, 3.978533e-02, KEe, 18902.531921, MEe, 3.150421987e+00, E, -2.000000, NP, 6000 2000
724600, t, 3.979082e-02, KEe, 18886.111286, MEe, 3.147685214e+00, E, -2.000000, NP, 6000 2000
724700, t, 3.979631e-02, KEe, 18950.024881, MEe, 3.158337480e+00, E, -2.000000, NP, 6000 2000
724800, t, 3.980180e-02, KEe, 18991.534149, MEe, 3.165255692e+00, E, -2.000000, NP, 6000 2000
724900, t, 3.980729e-02, KEe, 19043.489266, MEe, 3.173914878e+00, E, -2.000000, NP, 6000 2000
725000, t, 3.981278e-02, KEe, 19034.790571, MEe, 3.172465095e+00, E, -2.000000, NP, 6000 2000
725100, t, 3.981828e-02, KEe, 18958.631660, MEe, 3.159771943e+00, E, -2.000000, NP, 6000 2000
725200, t, 3.982377e-02, KEe, 19007.942012, MEe, 3.167990335e+00, E, -2.000000, NP, 6000 2000
725300, t, 3.982926e-02, KEe, 19031.746150, MEe, 3.171957692e+00, E, -2.000000, NP, 6000 2000
725400, t, 3.983475e-02, KEe, 19039.848353, MEe, 3.173308059e+00, E, -2.000000, NP, 6000 2000
725500, t, 3.984024e-02, KEe, 18983.530249, MEe, 3.163921708e+00, E, -2.000000, NP, 6000 2000
725600, t, 3.984573e-02, KEe, 18942.149431, MEe, 3.157024905e+00, E, -2.000000, NP, 6000 2000
725700, t, 3.985122e-02, KEe, 18853.077946, MEe, 3.142179658e+00, E, -2.000000, NP, 6000 2000
725800, t, 3.985672e-02, KEe, 18816.834590, MEe, 3.136139098e+00, E, -2.000000, NP, 6000 2000
725900, t, 3.986221e-02, KEe, 18765.557147, MEe, 3.127592858e+00, E, -2.000000, NP, 6000 2000
726000, t, 3.986770e-02, KEe, 18871.167371, MEe, 3.145194562e+00, E, -2.000000, NP, 6000 2000
726100, t, 3.987319e-02, KEe, 18845.216926, MEe, 3.140869488e+00, E, -2.000000, NP, 6000 2000
726200, t, 3.987868e-02, KEe, 18870.752828, MEe, 3.145125471e+00, E, -2.000000, NP, 6000 2000
726300, t, 3.988417e-02, KEe, 18892.210054, MEe, 3.148701676e+00, E, -2.000000, NP, 6000 2000
726400, t, 3.988966e-02, KEe, 18871.909613, MEe, 3.145318269e+00, E, -2.000000, NP, 6000 2000
726500, t, 3.989516e-02, KEe, 18813.119867, MEe, 3.135519978e+00, E, -2.000000, NP, 6000 2000
726600, t, 3.990065e-02, KEe, 18745.103611, MEe, 3.124183935e+00, E, -2.000000, NP, 6000 2000
726700, t, 3.990614e-02, KEe, 18676.077435, MEe, 3.112679572e+00, E, -2.000000, NP, 6000 2000
726800, t, 3.991163e-02, KEe, 18692.844407, MEe, 3.115474068e+00, E, -2.000000, NP, 6000 2000
726900, t, 3.991712e-02, KEe, 18694.771532, MEe, 3.115795255e+00, E, -2.000000, NP, 6000 2000
727000, t, 3.992261e-02, KEe, 18739.287232, MEe, 3.123214539e+00, E, -2.000000, NP, 6000 2000
727100, t, 3.992810e-02, KEe, 18672.512572, MEe, 3.112085429e+00, E, -2.000000, NP, 6000 2000
727200, t, 3.993360e-02, KEe, 18697.748703, MEe, 3.116291451e+00, E, -2.000000, NP, 6000 2000
727300, t, 3.993909e-02, KEe, 18770.301696, MEe, 3.128383616e+00, E, -2.000000, NP, 6000 2000
727400, t, 3.994458e-02, KEe, 18761.664823, MEe, 3.126944137e+00, E, -2.000000, NP, 6000 2000
727500, t, 3.995007e-02, KEe, 18759.780394, MEe, 3.126630066e+00, E, -2.000000, NP, 6000 2000
727600, t, 3.995556e-02, KEe, 18774.704537, MEe, 3.129117423e+00, E, -2.000000, NP, 6000 2000
727700, t, 3.996105e-02, KEe, 18853.480095, MEe, 3.142246683e+00, E, -2.000000, NP, 6000 2000
727800, t, 3.996654e-02, KEe, 18823.179030, MEe, 3.137196505e+00, E, -2.000000, NP, 6000 2000
727900, t, 3.997204e-02, KEe, 18815.252772, MEe, 3.135875462e+00, E, -2.000000, NP, 6000 2000
728000, t, 3.997753e-02, KEe, 18815.936051, MEe, 3.135989342e+00, E, -2.000000, NP, 6000 2000
728100, t, 3.998302e-02, KEe, 18737.186683, MEe, 3.122864447e+00, E, -2.000000, NP, 6000 2000
728200, t, 3.998851e-02, KEe, 18727.188509, MEe, 3.121198085e+00, E, -2.000000, NP, 6000 2000
728300, t, 3.999400e-02, KEe, 18747.566460, MEe, 3.124594410e+00, E, -2.000000, NP, 6000 2000
728400, t, 3.999949e-02, KEe, 18766.212823, MEe, 3.127702137e+00, E, -2.000000, NP, 6000 2000
728500, t, 4.000498e-02, KEe, 18731.297071, MEe, 3.121882845e+00, E, -2.000000, NP, 6000 2000
728600, t, 4.001048e-02, KEe, 18707.461987, MEe, 3.117910331e+00, E, -2.000000, NP, 6000 2000
728700, t, 4.001597e-02, KEe, 18761.846908, MEe, 3.126974485e+00, E, -2.000000, NP, 6000 2000
728800, t, 4.002146e-02, KEe, 18955.937045, MEe, 3.159322841e+00, E, -2.000000, NP, 6000 2000
728900, t, 4.002695e-02, KEe, 18912.333780, MEe, 3.152055630e+00, E, -2.000000, NP, 6000 2000
729000, t, 4.003244e-02, KEe, 18868.251681, MEe, 3.144708614e+00, E, -2.000000, NP, 6000 2000
729100, t, 4.003793e-02, KEe, 18918.068452, MEe, 3.153011409e+00, E, -2.000000, NP, 6000 2000
729200, t, 4.004342e-02, KEe, 18930.573199, MEe, 3.155095533e+00, E, -2.000000, NP, 6000 2000
729300, t, 4.004892e-02, KEe, 18880.830766, MEe, 3.146805128e+00, E, -2.000000, NP, 6000 2000
729400, t, 4.005441e-02, KEe, 18938.801444, MEe, 3.156466907e+00, E, -2.000000, NP, 6000 2000
729500, t, 4.005990e-02, KEe, 18932.409963, MEe, 3.155401660e+00, E, -2.000000, NP, 6000 2000
729600, t, 4.006539e-02, KEe, 18917.618384, MEe, 3.152936397e+00, E, -2.000000, NP, 6000 2000
729700, t, 4.007088e-02, KEe, 18839.410253, MEe, 3.139901709e+00, E, -2.000000, NP, 6000 2000
729800, t, 4.007637e-02, KEe, 18918.400285, MEe, 3.153066714e+00, E, -2.000000, NP, 6000 2000
729900, t, 4.008186e-02, KEe, 18900.153813, MEe, 3.150025636e+00, E, -2.000000, NP, 6000 2000
730000, t, 4.008736e-02, KEe, 18925.809032, MEe, 3.154301505e+00, E, -2.000000, NP, 6000 2000
730100, t, 4.009285e-02, KEe, 18865.476873, MEe, 3.144246146e+00, E, -2.000000, NP, 6000 2000
730200, t, 4.009834e-02, KEe, 18902.026511, MEe, 3.150337752e+00, E, -2.000000, NP, 6000 2000
730300, t, 4.010383e-02, KEe, 18902.988520, MEe, 3.150498087e+00, E, -2.000000, NP, 6000 2000
730400, t, 4.010932e-02, KEe, 18946.425628, MEe, 3.157737605e+00, E, -2.000000, NP, 6000 2000
730500, t, 4.011481e-02, KEe, 19001.541659, MEe, 3.166923610e+00, E, -2.000000, NP, 6000 2000
730600, t, 4.012030e-02, KEe, 18869.709306, MEe, 3.144951551e+00, E, -2.000000, NP, 6000 2000
730700, t, 4.012580e-02, KEe, 18849.572472, MEe, 3.141595412e+00, E, -2.000000, NP, 6000 2000
730800, t, 4.013129e-02, KEe, 18851.998197, MEe, 3.141999699e+00, E, -2.000000, NP, 6000 2000
730900, t, 4.013678e-02, KEe, 18830.125630, MEe, 3.138354272e+00, E, -2.000000, NP, 6000 2000
731000, t, 4.014227e-02, KEe, 18782.411635, MEe, 3.130401939e+00, E, -2.000000, NP, 6000 2000
731100, t, 4.014776e-02, KEe, 18882.876963, MEe, 3.147146160e+00, E, -2.000000, NP, 6000 2000
731200, t, 4.015325e-02, KEe, 18865.525500, MEe, 3.144254250e+00, E, -2.000000, NP, 6000 2000
731300, t, 4.015874e-02, KEe, 18845.423759, MEe, 3.140903960e+00, E, -2.000000, NP, 6000 2000
731400, t, 4.016424e-02, KEe, 18881.232115, MEe, 3.146872019e+00, E, -2.000000, NP, 6000 2000
731500, t, 4.016973e-02, KEe, 18837.035317, MEe, 3.139505886e+00, E, -2.000000, NP, 6000 2000
731600, t, 4.017522e-02, KEe, 18909.564500, MEe, 3.151594083e+00, E, -2.000000, NP, 6000 2000
731700, t, 4.018071e-02, KEe, 18927.949301, MEe, 3.154658217e+00, E, -2.000000, NP, 6000 2000
731800, t, 4.018620e-02, KEe, 18972.087274, MEe, 3.162014546e+00, E, -2.000000, NP, 6000 2000
731900, t, 4.019169e-02, KEe, 18911.370649, MEe, 3.151895108e+00, E, -2.000000, NP, 6000 2000
732000, t, 4.019718e-02, KEe, 18819.018993, MEe, 3.136503165e+00, E, -2.000000, NP, 6000 2000
732100, t, 4.020268e-02, KEe, 18761.558578, MEe, 3.126926430e+00, E, -2.000000, NP, 6000 2000
732200, t, 4.020817e-02, KEe, 18843.852578, MEe, 3.140642096e+00, E, -2.000000, NP, 6000 2000
732300, t, 4.021366e-02, KEe, 18841.872136, MEe, 3.140312023e+00, E, -2.000000, NP, 6000 2000
732400, t, 4.021915e-02, KEe, 18810.117380, MEe, 3.135019563e+00, E, -2.000000, NP, 6000 2000
732500, t, 4.022464e-02, KEe, 18857.463846, MEe, 3.142910641e+00, E, -2.000000, NP, 6000 2000
732600, t, 4.023013e-02, KEe, 18879.526597, MEe, 3.146587766e+00, E, -2.000000, NP, 6000 2000
732700, t, 4.023562e-02, KEe, 18857.614262, MEe, 3.142935710e+00, E, -2.000000, NP, 6000 2000
732800, t, 4.024112e-02, KEe, 18885.867299, MEe, 3.147644550e+00, E, -2.000000, NP, 6000 2000
732900, t, 4.024661e-02, KEe, 18943.391442, MEe, 3.157231907e+00, E, -2.000000, NP, 6000 2000
733000, t, 4.025210e-02, KEe, 19082.416726, MEe, 3.180402788e+00, E, -2.000000, NP, 6000 2000
733100, t, 4.025759e-02, KEe, 19093.910485, MEe, 3.182318414e+00, E, -2.000000, NP, 6000 2000
733200, t, 4.026308e-02, KEe, 19003.782368, MEe, 3.167297061e+00, E, -2.000000, NP, 6000 2000
733300, t, 4.026857e-02, KEe, 19106.772174, MEe, 3.184462029e+00, E, -2.000000, NP, 6000 2000
733400, t, 4.027406e-02, KEe, 19109.027626, MEe, 3.184837938e+00, E, -2.000000, NP, 6000 2000
733500, t, 4.027956e-02, KEe, 19059.169448, MEe, 3.176528241e+00, E, -2.000000, NP, 6000 2000
733600, t, 4.028505e-02, KEe, 19055.049930, MEe, 3.175841655e+00, E, -2.000000, NP, 6000 2000
733700, t, 4.029054e-02, KEe, 18974.148425, MEe, 3.162358071e+00, E, -2.000000, NP, 6000 2000
733800, t, 4.029603e-02, KEe, 18936.256426, MEe, 3.156042738e+00, E, -2.000000, NP, 6000 2000
733900, t, 4.030152e-02, KEe, 18880.903159, MEe, 3.146817193e+00, E, -2.000000, NP, 6000 2000
734000, t, 4.030701e-02, KEe, 18896.440122, MEe, 3.149406687e+00, E, -2.000000, NP, 6000 2000
734100, t, 4.031250e-02, KEe, 18928.501074, MEe, 3.154750179e+00, E, -2.000000, NP, 6000 2000
734200, t, 4.031800e-02, KEe, 18829.688348, MEe, 3.138281391e+00, E, -2.000000, NP, 6000 2000
734300, t, 4.032349e-02, KEe, 18875.498603, MEe, 3.145916434e+00, E, -2.000000, NP, 6000 2000
734400, t, 4.032898e-02, KEe, 18858.414471, MEe, 3.143069078e+00, E, -2.000000, NP, 6000 2000
734500, t, 4.033447e-02, KEe, 18917.771001, MEe, 3.152961833e+00, E, -2.000000, NP, 6000 2000
734600, t, 4.033996e-02, KEe, 18978.310294, MEe, 3.163051716e+00, E, -2.000000, NP, 6000 2000
734700, t, 4.034545e-02, KEe, 19012.272524, MEe, 3.168712087e+00, E, -2.000000, NP, 6000 2000
734800, t, 4.035094e-02, KEe, 19087.926389, MEe, 3.181321065e+00, E, -2.000000, NP, 6000 2000
734900, t, 4.035644e-02, KEe, 19062.488766, MEe, 3.177081461e+00, E, -2.000000, NP, 6000 2000
735000, t, 4.036193e-02, KEe, 19139.036111, MEe, 3.189839352e+00, E, -2.000000, NP, 6000 2000
735100, t, 4.036742e-02, KEe, 19106.677144, MEe, 3.184446191e+00, E, -2.000000, NP, 6000 2000
735200, t, 4.037291e-02, KEe, 19071.533737, MEe, 3.178588956e+00, E, -2.000000, NP, 6000 2000
735300, t, 4.037840e-02, KEe, 19041.109051, MEe, 3.173518175e+00, E, -2.000000, NP, 6000 2000
735400, t, 4.038389e-02, KEe, 19040.390443, MEe, 3.173398407e+00, E, -2.000000, NP, 6000 2000
735500, t, 4.038938e-02, KEe, 18990.703331, MEe, 3.165117222e+00, E, -2.000000, NP, 6000 2000
735600, t, 4.039488e-02, KEe, 18953.620099, MEe, 3.158936683e+00, E, -2.000000, NP, 6000 2000
735700, t, 4.040037e-02, KEe, 18891.907024, MEe, 3.148651171e+00, E, -2.000000, NP, 6000 2000
735800, t, 4.040586e-02, KEe, 18902.061780, MEe, 3.150343630e+00, E, -2.000000, NP, 6000 2000
735900, t, 4.041135e-02, KEe, 18929.196526, MEe, 3.154866088e+00, E, -2.000000, NP, 6000 2000
736000, t, 4.041684e-02, KEe, 18875.932597, MEe, 3.145988766e+00, E, -2.000000, NP, 6000 2000
736100, t, 4.042233e-02, KEe, 18866.478624, MEe, 3.144413104e+00, E, -2.000000, NP, 6000 2000
736200, t, 4.042782e-02, KEe, 18890.547419, MEe, 3.148424570e+00, E, -2.000000, NP, 6000 2000
736300, t, 4.043332e-02, KEe, 18796.464585, MEe, 3.132744097e+00, E, -2.000000, NP, 6000 2000
736400, t, 4.043881e-02, KEe, 18771.077443, MEe, 3.128512907e+00, E, -2.000000, NP, 6000 2000
736500, t, 4.044430e-02, KEe, 18809.673380, MEe, 3.134945563e+00, E, -2.000000, NP, 6000 2000
736600, t, 4.044979e-02, KEe, 18751.057529, MEe, 3.125176255e+00, E, -2.000000, NP, 6000 2000
736700, t, 4.045528e-02, KEe, 18848.703279, MEe, 3.141450547e+00, E, -2.000000, NP, 6000 2000
736800, t, 4.046077e-02, KEe, 18814.198658, MEe, 3.135699776e+00, E, -2.000000, NP, 6000 2000
736900, t, 4.046626e-02, KEe, 18810.226615, MEe, 3.135037769e+00, E, -2.000000, NP, 6000 2000
737000, t, 4.047176e-02, KEe, 18813.246360, MEe, 3.135541060e+00, E, -2.000000, NP, 6000 2000
737100, t, 4.047725e-02, KEe, 18852.680167, MEe, 3.142113361e+00, E, -2.000000, NP, 6000 2000
737200, t, 4.048274e-02, KEe, 18907.109732, MEe, 3.151184955e+00, E, -2.000000, NP, 6000 2000
737300, t, 4.048823e-02, KEe, 18834.492197, MEe, 3.139082033e+00, E, -2.000000, NP, 6000 2000
737400, t, 4.049372e-02, KEe, 18814.866753, MEe, 3.135811125e+00, E, -2.000000, NP, 6000 2000
737500, t, 4.049921e-02, KEe, 18772.362951, MEe, 3.128727158e+00, E, -2.000000, NP, 6000 2000
737600, t, 4.050470e-02, KEe, 18733.293224, MEe, 3.122215537e+00, E, -2.000000, NP, 6000 2000
737700, t, 4.051019e-02, KEe, 18684.997556, MEe, 3.114166259e+00, E, -2.000000, NP, 6000 2000
737800, t, 4.051569e-02, KEe, 18724.275266, MEe, 3.120712544e+00, E, -2.000000, NP, 6000 2000
737900, t, 4.052118e-02, KEe, 18775.120266, MEe, 3.129186711e+00, E, -2.000000, NP, 6000 2000
738000, t, 4.052667e-02, KEe, 18752.764918, MEe, 3.125460820e+00, E, -2.000000, NP, 6000 2000
738100, t, 4.053216e-02, KEe, 18792.143528, MEe, 3.132023921e+00, E, -2.000000, NP, 6000 2000
738200, t, 4.053765e-02, KEe, 18762.842336, MEe, 3.127140389e+00, E, -2.000000, NP, 6000 2000
738300, t, 4.054314e-02, KEe, 18818.774171, MEe, 3.136462362e+00, E, -2.000000, NP, 6000 2000
738400, t, 4.054863e-02, KEe, 18790.042932, MEe, 3.131673822e+00, E, -2.000000, NP, 6000 2000
738500, t, 4.055413e-02, KEe, 18784.305280, MEe, 3.130717547e+00, E, -2.000000, NP, 6000 2000
738600, t, 4.055962e-02, KEe, 18836.585393, MEe, 3.139430899e+00, E, -2.000000, NP, 6000 2000
738700, t, 4.056511e-02, KEe, 18890.001212, MEe, 3.148333535e+00, E, -2.000000, NP, 6000 2000
738800, t, 4.057060e-02, KEe, 18901.112780, MEe, 3.150185463e+00, E, -2.000000, NP, 6000 2000
738900, t, 4.057609e-02, KEe, 18971.782380, MEe, 3.161963730e+00, E, -2.000000, NP, 6000 2000
739000, t, 4.058158e-02, KEe, 19118.848664, MEe, 3.186474777e+00, E, -2.000000, NP, 6000 2000
739100, t, 4.058707e-02, KEe, 19191.384073, MEe, 3.198564012e+00, E, -2.000000, NP, 6000 2000
739200, t, 4.059257e-02, KEe, 19196.966447, MEe, 3.199494408e+00, E, -2.000000, NP, 6000 2000
739300, t, 4.059806e-02, KEe, 19162.880362, MEe, 3.193813394e+00, E, -2.000000, NP, 6000 2000
739400, t, 4.060355e-02, KEe, 19233.084761, MEe, 3.205514127e+00, E, -2.000000, NP, 6000 2000
739500, t, 4.060904e-02, KEe, 19089.638976, MEe, 3.181606496e+00, E, -2.000000, NP, 6000 2000
739600, t, 4.061453e-02, KEe, 19085.554900, MEe, 3.180925817e+00, E, -2.000000, NP, 6000 2000
739700, t, 4.062002e-02, KEe, 19119.127554, MEe, 3.186521259e+00, E, -2.000000, NP, 6000 2000
739800, t, 4.062551e-02, KEe, 19154.227019, MEe, 3.192371170e+00, E, -2.000000, NP, 6000 2000
739900, t, 4.063101e-02, KEe, 19080.791089, MEe, 3.180131848e+00, E, -2.000000, NP, 6000 2000
740000, t, 4.063650e-02, KEe, 18958.795630, MEe, 3.159799272e+00, E, -2.000000, NP, 6000 2000
740100, t, 4.064199e-02, KEe, 18987.853120, MEe, 3.164642187e+00, E, -2.000000, NP, 6000 2000
740200, t, 4.064748e-02, KEe, 19063.476173, MEe, 3.177246029e+00, E, -2.000000, NP, 6000 2000
740300, t, 4.065297e-02, KEe, 19162.854900, MEe, 3.193809150e+00, E, -2.000000, NP, 6000 2000
740400, t, 4.065846e-02, KEe, 19197.401828, MEe, 3.199566971e+00, E, -2.000000, NP, 6000 2000
740500, t, 4.066395e-02, KEe, 19151.328148, MEe, 3.191888025e+00, E, -2.000000, NP, 6000 2000
740600, t, 4.066945e-02, KEe, 19112.893407, MEe, 3.185482235e+00, E, -2.000000, NP, 6000 2000
740700, t, 4.067494e-02, KEe, 19022.955709, MEe, 3.170492618e+00, E, -2.000000, NP, 6000 2000
740800, t, 4.068043e-02, KEe, 18926.444657, MEe, 3.154407443e+00, E, -2.000000, NP, 6000 2000
740900, t, 4.068592e-02, KEe, 18895.657270, MEe, 3.149276212e+00, E, -2.000000, NP, 6000 2000
741000, t, 4.069141e-02, KEe, 18875.544927, MEe, 3.145924155e+00, E, -2.000000, NP, 6000 2000
741100, t, 4.069690e-02, KEe, 18960.941499, MEe, 3.160156916e+00, E, -2.000000, NP, 6000 2000
741200, t, 4.070239e-02, KEe, 19006.994670, MEe, 3.167832445e+00, E, -2.000000, NP, 6000 2000
741300, t, 4.070789e-02, KEe, 19002.943350, MEe, 3.167157225e+00, E, -2.000000, NP, 6000 2000
741400, t, 4.071338e-02, KEe, 18973.895951, MEe, 3.162315992e+00, E, -2.000000, NP, 6000 2000
741500, t, 4.071887e-02, KEe, 19018.741206, MEe, 3.169790201e+00, E, -2.000000, NP, 6000 2000
741600, t, 4.072436e-02, KEe, 18945.300135, MEe, 3.157550023e+00, E, -2.000000, NP, 6000 2000
741700, t, 4.072985e-02, KEe, 18913.267019, MEe, 3.152211170e+00, E, -2.000000, NP, 6000 2000
741800, t, 4.073534e-02, KEe, 18866.518371, MEe, 3.144419729e+00, E, -2.000000, NP, 6000 2000
741900, t, 4.074083e-02, KEe, 18885.304140, MEe, 3.147550690e+00, E, -2.000000, NP, 6000 2000
742000, t, 4.074633e-02, KEe, 18851.889380, MEe, 3.141981563e+00, E, -2.000000, NP, 6000 2000
742100, t, 4.075182e-02, KEe, 18877.065147, MEe, 3.146177524e+00, E, -2.000000, NP, 6000 2000
742200, t, 4.075731e-02, KEe, 18838.232554, MEe, 3.139705426e+00, E, -2.000000, NP, 6000 2000
742300, t, 4.076280e-02, KEe, 18853.704527, MEe, 3.142284088e+00, E, -2.000000, NP, 6000 2000
742400, t, 4.076829e-02, KEe, 18896.989398, MEe, 3.149498233e+00, E, -2.000000, NP, 6000 2000
742500, t, 4.077378e-02, KEe, 18898.357783, MEe, 3.149726297e+00, E, -2.000000, NP, 6000 2000
742600, t, 4.077927e-02, KEe, 18895.760258, MEe, 3.149293376e+00, E, -2.000000, NP, 6000 2000
742700, t, 4.078477e-02, KEe, 18878.202959, MEe, 3.146367160e+00, E, -2.000000, NP, 6000 2000
742800, t, 4.079026e-02, KEe, 18856.687933, MEe, 3.142781322e+00, E, -2.000000, NP, 6000 2000
742900, t, 4.079575e-02, KEe, 18802.185119, MEe, 3.133697520e+00, E, -2.000000, NP, 6000 2000
743000, t, 4.080124e-02, KEe, 18844.718812, MEe, 3.140786469e+00, E, -2.000000, NP, 6000 2000
743100, t, 4.080673e-02, KEe, 18891.010679, MEe, 3.148501780e+00, E, -2.000000, NP, 6000 2000
743200, t, 4.081222e-02, KEe, 18858.876193, MEe, 3.143146032e+00, E, -2.000000, NP, 6000 2000
743300, t, 4.081771e-02, KEe, 18825.391329, MEe, 3.137565221e+00, E, -2.000000, NP, 6000 2000
743400, t, 4.082321e-02, KEe, 18793.022602, MEe, 3.132170434e+00, E, -2.000000, NP, 6000 2000
743500, t, 4.082870e-02, KEe, 18770.702466, MEe, 3.128450411e+00, E, -2.000000, NP, 6000 2000
743600, t, 4.083419e-02, KEe, 18867.483984, MEe, 3.144580664e+00, E, -2.000000, NP, 6000 2000
743700, t, 4.083968e-02, KEe, 18902.657555, MEe, 3.150442926e+00, E, -2.000000, NP, 6000 2000
743800, t, 4.084517e-02, KEe, 18920.967515, MEe, 3.153494586e+00, E, -2.000000, NP, 6000 2000
743900, t, 4.085066e-02, KEe, 18890.350903, MEe, 3.148391817e+00, E, -2.000000, NP, 6000 2000
744000, t, 4.085615e-02, KEe, 18869.765502, MEe, 3.144960917e+00, E, -2.000000, NP, 6000 2000
744100, t, 4.086165e-02, KEe, 18907.028650, MEe, 3.151171442e+00, E, -2.000000, NP, 6000 2000
744200, t, 4.086714e-02, KEe, 18861.082273, MEe, 3.143513712e+00, E, -2.000000, NP, 6000 2000
744300, t, 4.087263e-02, KEe, 18912.375207, MEe, 3.152062534e+00, E, -2.000000, NP, 6000 2000
744400, t, 4.087812e-02, KEe, 19019.399336, MEe, 3.169899889e+00, E, -2.000000, NP, 6000 2000
744500, t, 4.088361e-02, KEe, 18948.311162, MEe, 3.158051860e+00, E, -2.000000, NP, 6000 2000
744600, t, 4.088910e-02, KEe, 19017.308466, MEe, 3.169551411e+00, E, -2.000000, NP, 6000 2000
744700, t, 4.089459e-02, KEe, 19150.726861, MEe, 3.191787810e+00, E, -2.000000, NP, 6000 2000
744800, t, 4.090009e-02, KEe, 19110.881588, MEe, 3.185146931e+00, E, -2.000000, NP, 6000 2000
744900, t, 4.090558e-02, KEe, 19082.110051, MEe, 3.180351675e+00, E, -2.000000, NP, 6000 2000
745000, t, 4.091107e-02, KEe, 18977.189507, MEe, 3.162864918e+00, E, -2.000000, NP, 6000 2000
745100, t, 4.091656e-02, KEe, 19047.057823, MEe, 3.174509637e+00, E, -2.000000, NP, 6000 2000
745200, t, 4.092205e-02, KEe, 19068.003963, MEe, 3.178000660e+00, E, -2.000000, NP, 6000 2000
745300, t, 4.092754e-02, KEe, 19059.763075, MEe, 3.176627179e+00, E, -2.000000, NP, 6000 2000
745400, t, 4.093303e-02, KEe, 19037.571457, MEe, 3.172928576e+00, E, -2.000000, NP, 6000 2000
745500, t, 4.093853e-02, KEe, 19063.358282, MEe, 3.177226380e+00, E, -2.000000, NP, 6000 2000
745600, t, 4.094402e-02, KEe, 19059.016440, MEe, 3.176502740e+00, E, -2.000000, NP, 6000 2000
745700, t, 4.094951e-02, KEe, 19140.953016, MEe, 3.190158836e+00, E, -2.000000, NP, 6000 2000
745800, t, 4.095500e-02, KEe, 19076.003752, MEe, 3.179333959e+00, E, -2.000000, NP, 6000 2000
745900, t, 4.096049e-02, KEe, 19012.538926, MEe, 3.168756488e+00, E, -2.000000, NP, 6000 2000
746000, t, 4.096598e-02, KEe, 18931.640764, MEe, 3.155273461e+00, E, -2.000000, NP, 6000 2000
746100, t, 4.097147e-02, KEe, 18978.938185, MEe, 3.163156364e+00, E, -2.000000, NP, 6000 2000
746200, t, 4.097697e-02, KEe, 18972.838298, MEe, 3.162139716e+00, E, -2.000000, NP, 6000 2000
746300, t, 4.098246e-02, KEe, 19040.360032, MEe, 3.173393339e+00, E, -2.000000, NP, 6000 2000
746400, t, 4.098795e-02, KEe, 18943.430786, MEe, 3.157238464e+00, E, -2.000000, NP, 6000 2000
746500, t, 4.099344e-02, KEe, 18920.756800, MEe, 3.153459467e+00, E, -2.000000, NP, 6000 2000
746600, t, 4.099893e-02, KEe, 18905.012031, MEe, 3.150835338e+00, E, -2.000000, NP, 6000 2000
746700, t, 4.100442e-02, KEe, 18886.630367, MEe, 3.147771728e+00, E, -2.000000, NP, 6000 2000
746800, t, 4.100991e-02, KEe, 18856.779334, MEe, 3.142796556e+00, E, -2.000000, NP, 6000 2000
746900, t, 4.101541e-02, KEe, 18791.820442, MEe, 3.131970074e+00, E, -2.000000, NP, 6000 2000
747000, t, 4.102090e-02, KEe, 18831.065012, MEe, 3.138510835e+00, E, -2.000000, NP, 6000 2000
747100, t, 4.102639e-02, KEe, 18793.624926, MEe, 3.132270821e+00, E, -2.000000, NP, 6000 2000
747200, t, 4.103188e-02, KEe, 18850.099603, MEe, 3.141683267e+00, E, -2.000000, NP, 6000 2000
747300, t, 4.103737e-02, KEe, 18851.510166, MEe, 3.141918361e+00, E, -2.000000, NP, 6000 2000
747400, t, 4.104286e-02, KEe, 18891.272811, MEe, 3.148545469e+00, E, -2.000000, NP, 6000 2000
747500, t, 4.104835e-02, KEe, 18905.581340, MEe, 3.150930223e+00, E, -2.000000, NP, 6000 2000
747600, t, 4.105385e-02, KEe, 18898.888555, MEe, 3.149814759e+00, E, -2.000000, NP, 6000 2000
747700, t, 4.105934e-02, KEe, 18846.618706, MEe, 3.141103118e+00, E, -2.000000, NP, 6000 2000
747800, t, 4.106483e-02, KEe, 18780.949988, MEe, 3.130158331e+00, E, -2.000000, NP, 6000 2000
747900, t, 4.107032e-02, KEe, 18861.819096, MEe, 3.143636516e+00, E, -2.000000, NP, 6000 2000
748000, t, 4.107581e-02, KEe, 18847.310885, MEe, 3.141218481e+00, E, -2.000000, NP, 6000 2000
748100, t, 4.108130e-02, KEe, 18890.257653, MEe, 3.148376275e+00, E, -2.000000, NP, 6000 2000
748200, t, 4.108679e-02, KEe, 18845.600654, MEe, 3.140933442e+00, E, -2.000000, NP, 6000 2000
748300, t, 4.109229e-02, KEe, 18779.947780, MEe, 3.129991297e+00, E, -2.000000, NP, 6000 2000
748400, t, 4.109778e-02, KEe, 18744.617662, MEe, 3.124102944e+00, E, -2.000000, NP, 6000 2000
748500, t, 4.110327e-02, KEe, 18729.167841, MEe, 3.121527974e+00, E, -2.000000, NP, 6000 2000
748600, t, 4.110876e-02, KEe, 18705.478628, MEe, 3.117579771e+00, E, -2.000000, NP, 6000 2000
748700, t, 4.111425e-02, KEe, 18738.084344, MEe, 3.123014057e+00, E, -2.000000, NP, 6000 2000
748800, t, 4.111974e-02, KEe, 18846.600597, MEe, 3.141100099e+00, E, -2.000000, NP, 6000 2000
748900, t, 4.112523e-02, KEe, 18848.987320, MEe, 3.141497887e+00, E, -2.000000, NP, 6000 2000
749000, t, 4.113073e-02, KEe, 18837.904681, MEe, 3.139650780e+00, E, -2.000000, NP, 6000 2000
749100, t, 4.113622e-02, KEe, 18865.976067, MEe, 3.144329345e+00, E, -2.000000, NP, 6000 2000
749200, t, 4.114171e-02, KEe, 18952.628718, MEe, 3.158771453e+00, E, -2.000000, NP, 6000 2000
749300, t, 4.114720e-02, KEe, 18941.698246, MEe, 3.156949708e+00, E, -2.000000, NP, 6000 2000
749400, t, 4.115269e-02, KEe, 18948.980987, MEe, 3.158163498e+00, E, -2.000000, NP, 6000 2000
749500, t, 4.115818e-02, KEe, 18962.679194, MEe, 3.160446532e+00, E, -2.000000, NP, 6000 2000
749600, t, 4.116367e-02, KEe, 18938.601697, MEe, 3.156433616e+00, E, -2.000000, NP, 6000 2000
749700, t, 4.116917e-02, KEe, 18957.372742, MEe, 3.159562124e+00, E, -2.000000, NP, 6000 2000
749800, t, 4.117466e-02, KEe, 18916.060020, MEe, 3.152676670e+00, E, -2.000000, NP, 6000 2000
749900, t, 4.118015e-02, KEe, 19016.570929, MEe, 3.169428488e+00, E, -2.000000, NP, 6000 2000
750000, t, 4.118564e-02, KEe, 18994.076856, MEe, 3.165679476e+00, E, -2.000000, NP, 6000 2000
750100, t, 4.119113e-02, KEe, 19078.664686, MEe, 3.179777448e+00, E, -2.000000, NP, 6000 2000
750200, t, 4.119662e-02, KEe, 19076.469904, MEe, 3.179411651e+00, E, -2.000000, NP, 6000 2000
750300, t, 4.120211e-02, KEe, 19146.506702, MEe, 3.191084450e+00, E, -2.000000, NP, 6000 2000
750400, t, 4.120761e-02, KEe, 19216.788968, MEe, 3.202798161e+00, E, -2.000000, NP, 6000 2000
750500, t, 4.121310e-02, KEe, 19217.712354, MEe, 3.202952059e+00, E, -2.000000, NP, 6000 2000
750600, t, 4.121859e-02, KEe, 19154.408142, MEe, 3.192401357e+00, E, -2.000000, NP, 6000 2000
750700, t, 4.122408e-02, KEe, 19171.533481, MEe, 3.195255580e+00, E, -2.000000, NP, 6000 2000
750800, t, 4.122957e-02, KEe, 19082.687967, MEe, 3.180447995e+00, E, -2.000000, NP, 6000 2000
750900, t, 4.123506e-02, KEe, 19128.632922, MEe, 3.188105487e+00, E, -2.000000, NP, 6000 2000
751000, t, 4.124055e-02, KEe, 19060.599112, MEe, 3.176766519e+00, E, -2.000000, NP, 6000 2000
751100, t, 4.124605e-02, KEe, 19022.179199, MEe, 3.170363200e+00, E, -2.000000, NP, 6000 2000
751200, t, 4.125154e-02, KEe, 19029.387837, MEe, 3.171564639e+00, E, -2.000000, NP, 6000 2000
751300, t, 4.125703e-02, KEe, 19002.860456, MEe, 3.167143409e+00, E, -2.000000, NP, 6000 2000
751400, t, 4.126252e-02, KEe, 19035.039572, MEe, 3.172506595e+00, E, -2.000000, NP, 6000 2000
751500, t, 4.126801e-02, KEe, 19079.305916, MEe, 3.179884319e+00, E, -2.000000, NP, 6000 2000
751600, t, 4.127350e-02, KEe, 19031.204063, MEe, 3.171867344e+00, E, -2.000000, NP, 6000 2000
751700, t, 4.127899e-02, KEe, 19059.635974, MEe, 3.176605996e+00, E, -2.000000, NP, 6000 2000
751800, t, 4.128448e-02, KEe, 19078.861820, MEe, 3.179810303e+00, E, -2.000000, NP, 6000 2000
751900, t, 4.128998e-02, KEe, 19039.088862, MEe, 3.173181477e+00, E, -2.000000, NP, 6000 2000
752000, t, 4.129547e-02, KEe, 18985.044466, MEe, 3.164174078e+00, E, -2.000000, NP, 6000 2000
752100, t, 4.130096e-02, KEe, 18881.474922, MEe, 3.146912487e+00, E, -2.000000, NP, 6000 2000
752200, t, 4.130645e-02, KEe, 18849.512891, MEe, 3.141585482e+00, E, -2.000000, NP, 6000 2000
752300, t, 4.131194e-02, KEe, 18893.959686, MEe, 3.148993281e+00, E, -2.000000, NP, 6000 2000
752400, t, 4.131743e-02, KEe, 18813.404220, MEe, 3.135567370e+00, E, -2.000000, NP, 6000 2000
752500, t, 4.132292e-02, KEe, 18913.521767, MEe, 3.152253628e+00, E, -2.000000, NP, 6000 2000
752600, t, 4.132842e-02, KEe, 18906.190713, MEe, 3.151031786e+00, E, -2.000000, NP, 6000 2000
752700, t, 4.133391e-02, KEe, 18995.055981, MEe, 3.165842663e+00, E, -2.000000, NP, 6000 2000
752800, t, 4.133940e-02, KEe, 19044.648043, MEe, 3.174108007e+00, E, -2.000000, NP, 6000 2000
752900, t, 4.134489e-02, KEe, 19033.919466, MEe, 3.172319911e+00, E, -2.000000, NP, 6000 2000
753000, t, 4.135038e-02, KEe, 18984.764375, MEe, 3.164127396e+00, E, -2.000000, NP, 6000 2000
753100, t, 4.135587e-02, KEe, 19007.975015, MEe, 3.167995836e+00, E, -2.000000, NP, 6000 2000
753200, t, 4.136136e-02, KEe, 19052.462323, MEe, 3.175410387e+00, E, -2.000000, NP, 6000 2000
753300, t, 4.136686e-02, KEe, 19096.593665, MEe, 3.182765611e+00, E, -2.000000, NP, 6000 2000
753400, t, 4.137235e-02, KEe, 19086.212934, MEe, 3.181035489e+00, E, -2.000000, NP, 6000 2000
753500, t, 4.137784e-02, KEe, 19088.801660, MEe, 3.181466943e+00, E, -2.000000, NP, 6000 2000
753600, t, 4.138333e-02, KEe, 19118.131405, MEe, 3.186355234e+00, E, -2.000000, NP, 6000 2000
753700, t, 4.138882e-02, KEe, 19040.829031, MEe, 3.173471505e+00, E, -2.000000, NP, 6000 2000
753800, t, 4.139431e-02, KEe, 19053.230219, MEe, 3.175538370e+00, E, -2.000000, NP, 6000 2000
753900, t, 4.139980e-02, KEe, 19002.526334, MEe, 3.167087722e+00, E, -2.000000, NP, 6000 2000
754000, t, 4.140530e-02, KEe, 18977.764719, MEe, 3.162960787e+00, E, -2.000000, NP, 6000 2000
754100, t, 4.141079e-02, KEe, 18997.691453, MEe, 3.166281909e+00, E, -2.000000, NP, 6000 2000
754200, t, 4.141628e-02, KEe, 19001.027171, MEe, 3.166837862e+00, E, -2.000000, NP, 6000 2000
754300, t, 4.142177e-02, KEe, 18892.950936, MEe, 3.148825156e+00, E, -2.000000, NP, 6000 2000
754400, t, 4.142726e-02, KEe, 18867.492255, MEe, 3.144582042e+00, E, -2.000000, NP, 6000 2000
754500, t, 4.143275e-02, KEe, 18937.111785, MEe, 3.156185297e+00, E, -2.000000, NP, 6000 2000
754600, t, 4.143824e-02, KEe, 18920.473912, MEe, 3.153412319e+00, E, -2.000000, NP, 6000 2000
754700, t, 4.144374e-02, KEe, 18915.066780, MEe, 3.152511130e+00, E, -2.000000, NP, 6000 2000
754800, t, 4.144923e-02, KEe, 18870.554297, MEe, 3.145092383e+00, E, -2.000000, NP, 6000 2000
754900, t, 4.145472e-02, KEe, 18957.245398, MEe, 3.159540900e+00, E, -2.000000, NP, 6000 2000
755000, t, 4.146021e-02, KEe, 18841.368476, MEe, 3.140228079e+00, E, -2.000000, NP, 6000 2000
755100, t, 4.146570e-02, KEe, 18791.240846, MEe, 3.131873474e+00, E, -2.000000, NP, 6000 2000
755200, t, 4.147119e-02, KEe, 18708.150964, MEe, 3.118025161e+00, E, -2.000000, NP, 6000 2000
755300, t, 4.147668e-02, KEe, 18675.114611, MEe, 3.112519102e+00, E, -2.000000, NP, 6000 2000
755400, t, 4.148218e-02, KEe, 18722.151232, MEe, 3.120358539e+00, E, -2.000000, NP, 6000 2000
755500, t, 4.148767e-02, KEe, 18677.152879, MEe, 3.112858813e+00, E, -2.000000, NP, 6000 2000
755600, t, 4.149316e-02, KEe, 18709.762014, MEe, 3.118293669e+00, E, -2.000000, NP, 6000 2000
755700, t, 4.149865e-02, KEe, 18781.525524, MEe, 3.130254254e+00, E, -2.000000, NP, 6000 2000
755800, t, 4.150414e-02, KEe, 18801.098770, MEe, 3.133516462e+00, E, -2.000000, NP, 6000 2000
755900, t, 4.150963e-02, KEe, 18794.987702, MEe, 3.132497950e+00, E, -2.000000, NP, 6000 2000
756000, t, 4.151512e-02, KEe, 18897.448700, MEe, 3.149574783e+00, E, -2.000000, NP, 6000 2000
756100, t, 4.152062e-02, KEe, 18861.086104, MEe, 3.143514351e+00, E, -2.000000, NP, 6000 2000
756200, t, 4.152611e-02, KEe, 18877.693463, MEe, 3.146282244e+00, E, -2.000000, NP, 6000 2000
756300, t, 4.153160e-02, KEe, 18773.089365, MEe, 3.128848228e+00, E, -2.000000, NP, 6000 2000
756400, t, 4.153709e-02, KEe, 18712.440142, MEe, 3.118740024e+00, E, -2.000000, NP, 6000 2000
756500, t, 4.154258e-02, KEe, 18676.567096, MEe, 3.112761183e+00, E, -2.000000, NP, 6000 2000
756600, t, 4.154807e-02, KEe, 18714.538132, MEe, 3.119089689e+00, E, -2.000000, NP, 6000 2000
756700, t, 4.155356e-02, KEe, 18751.461304, MEe, 3.125243551e+00, E, -2.000000, NP, 6000 2000
756800, t, 4.155906e-02, KEe, 18699.143504, MEe, 3.116523917e+00, E, -2.000000, NP, 6000 2000
756900, t, 4.156455e-02, KEe, 18722.462384, MEe, 3.120410397e+00, E, -2.000000, NP, 6000 2000
757000, t, 4.157004e-02, KEe, 18806.190388, MEe, 3.134365065e+00, E, -2.000000, NP, 6000 2000
757100, t, 4.157553e-02, KEe, 18741.543801, MEe, 3.123590633e+00, E, -2.000000, NP, 6000 2000
757200, t, 4.158102e-02, KEe, 18749.532671, MEe, 3.124922112e+00, E, -2.000000, NP, 6000 2000
757300, t, 4.158651e-02, KEe, 18701.076709, MEe, 3.116846118e+00, E, -2.000000, NP, 6000 2000
757400, t, 4.159200e-02, KEe, 18557.947813, MEe, 3.092991302e+00, E, -2.000000, NP, 6000 2000
757500, t, 4.159750e-02, KEe, 18644.956211, MEe, 3.107492702e+00, E, -2.000000, NP, 6000 2000
757600, t, 4.160299e-02, KEe, 18710.279407, MEe, 3.118379901e+00, E, -2.000000, NP, 6000 2000
757700, t, 4.160848e-02, KEe, 18694.026179, MEe, 3.115671030e+00, E, -2.000000, NP, 6000 2000
757800, t, 4.161397e-02, KEe, 18663.369445, MEe, 3.110561574e+00, E, -2.000000, NP, 6000 2000
757900, t, 4.161946e-02, KEe, 18774.568819, MEe, 3.129094803e+00, E, -2.000000, NP, 6000 2000
758000, t, 4.162495e-02, KEe, 18777.228518, MEe, 3.129538086e+00, E, -2.000000, NP, 6000 2000
758100, t, 4.163044e-02, KEe, 18793.839022, MEe, 3.132306504e+00, E, -2.000000, NP, 6000 2000
758200, t, 4.163594e-02, KEe, 18741.095702, MEe, 3.123515950e+00, E, -2.000000, NP, 6000 2000
758300, t, 4.164143e-02, KEe, 18695.726386, MEe, 3.115954398e+00, E, -2.000000, NP, 6000 2000
758400, t, 4.164692e-02, KEe, 18685.501762, MEe, 3.114250294e+00, E, -2.000000, NP, 6000 2000
758500, t, 4.165241e-02, KEe, 18762.132312, MEe, 3.127022052e+00, E, -2.000000, NP, 6000 2000
758600, t, 4.165790e-02, KEe, 18813.333645, MEe, 3.135555607e+00, E, -2.000000, NP, 6000 2000
758700, t, 4.166339e-02, KEe, 18833.617079, MEe, 3.138936180e+00, E, -2.000000, NP, 6000 2000
758800, t, 4.166888e-02, KEe, 18840.452139, MEe, 3.140075356e+00, E, -2.000000, NP, 6000 2000
758900, t, 4.167438e-02, KEe, 18820.685699, MEe, 3.136780950e+00, E, -2.000000, NP, 6000 2000
759000, t, 4.167987e-02, KEe, 18815.541990, MEe, 3.135923665e+00, E, -2.000000, NP, 6000 2000
759100, t, 4.168536e-02, KEe, 18835.576656, MEe, 3.139262776e+00, E, -2.000000, NP, 6000 2000
759200, t, 4.169085e-02, KEe, 18945.140869, MEe, 3.157523478e+00, E, -2.000000, NP, 6000 2000
759300, t, 4.169634e-02, KEe, 18896.409316, MEe, 3.149401553e+00, E, -2.000000, NP, 6000 2000
759400, t, 4.170183e-02, KEe, 18911.576204, MEe, 3.151929367e+00, E, -2.000000, NP, 6000 2000
759500, t, 4.170732e-02, KEe, 18844.841167, MEe, 3.140806861e+00, E, -2.000000, NP, 6000 2000
759600, t, 4.171282e-02, KEe, 18808.235205, MEe, 3.134705868e+00, E, -2.000000, NP, 6000 2000
759700, t, 4.171831e-02, KEe, 18801.668530, MEe, 3.133611422e+00, E, -2.000000, NP, 6000 2000
759800, t, 4.172380e-02, KEe, 18712.392707, MEe, 3.118732118e+00, E, -2.000000, NP, 6000 2000
759900, t, 4.172929e-02, KEe, 18787.929107, MEe, 3.131321518e+00, E, -2.000000, NP, 6000 2000
760000, t, 4.173478e-02, KEe, 18819.804125, MEe, 3.136634021e+00, E, -2.000000, NP, 6000 2000
760100, t, 4.174027e-02, KEe, 18796.271921, MEe, 3.132711987e+00, E, -2.000000, NP, 6000 2000
760200, t, 4.174576e-02, KEe, 18902.112473, MEe, 3.150352079e+00, E, -2.000000, NP, 6000 2000
760300, t, 4.175126e-02, KEe, 18877.116363, MEe, 3.146186061e+00, E, -2.000000, NP, 6000 2000
760400, t, 4.175675e-02, KEe, 18874.307986, MEe, 3.145717998e+00, E, -2.000000, NP, 6000 2000
760500, t, 4.176224e-02, KEe, 18858.143666, MEe, 3.143023944e+00, E, -2.000000, NP, 6000 2000
760600, t, 4.176773e-02, KEe, 18823.395697, MEe, 3.137232616e+00, E, -2.000000, NP, 6000 2000
760700, t, 4.177322e-02, KEe, 18791.328991, MEe, 3.131888165e+00, E, -2.000000, NP, 6000 2000
760800, t, 4.177871e-02, KEe, 18808.041440, MEe, 3.134673573e+00, E, -2.000000, NP, 6000 2000
760900, t, 4.178420e-02, KEe, 18793.905833, MEe, 3.132317639e+00, E, -2.000000, NP, 6000 2000
761000, t, 4.178970e-02, KEe, 18876.872430, MEe, 3.146145405e+00, E, -2.000000, NP, 6000 2000
761100, t, 4.179519e-02, KEe, 18845.369727, MEe, 3.140894954e+00, E, -2.000000, NP, 6000 2000
761200, t, 4.180068e-02, KEe, 18907.961368, MEe, 3.151326895e+00, E, -2.000000, NP, 6000 2000
761300, t, 4.180617e-02, KEe, 18889.333050, MEe, 3.148222175e+00, E, -2.000000, NP, 6000 2000
761400, t, 4.181166e-02, KEe, 18933.913545, MEe, 3.155652257e+00, E, -2.000000, NP, 6000 2000
761500, t, 4.181715e-02, KEe, 18945.321087, MEe, 3.157553515e+00, E, -2.000000, NP, 6000 2000
761600, t, 4.182264e-02, KEe, 18906.788325, MEe, 3.151131387e+00, E, -2.000000, NP, 6000 2000
761700, t, 4.182814e-02, KEe, 18984.233925, MEe, 3.164038988e+00, E, -2.000000, NP, 6000 2000
761800, t, 4.183363e-02, KEe, 18973.759893, MEe, 3.162293315e+00, E, -2.000000, NP, 6000 2000
761900, t, 4.183912e-02, KEe, 18967.958541, MEe, 3.161326423e+00, E, -2.000000, NP, 6000 2000
762000, t, 4.184461e-02, KEe, 18861.453829, MEe, 3.143575638e+00, E, -2.000000, NP, 6000 2000
762100, t, 4.185010e-02, KEe, 18945.031539, MEe, 3.157505257e+00, E, -2.000000, NP, 6000 2000
762200, t, 4.185559e-02, KEe, 18945.729529, MEe, 3.157621588e+00, E, -2.000000, NP, 6000 2000
762300, t, 4.186108e-02, KEe, 18851.327794, MEe, 3.141887966e+00, E, -2.000000, NP, 6000 2000
762400, t, 4.186658e-02, KEe, 18923.665469, MEe, 3.153944245e+00, E, -2.000000, NP, 6000 2000
762500, t, 4.187207e-02, KEe, 18836.402664, MEe, 3.139400444e+00, E, -2.000000, NP, 6000 2000
762600, t, 4.187756e-02, KEe, 18754.666915, MEe, 3.125777819e+00, E, -2.000000, NP, 6000 2000
762700, t, 4.188305e-02, KEe, 18730.396508, MEe, 3.121732751e+00, E, -2.000000, NP, 6000 2000
762800, t, 4.188854e-02, KEe, 18805.688963, MEe, 3.134281494e+00, E, -2.000000, NP, 6000 2000
762900, t, 4.189403e-02, KEe, 18817.372833, MEe, 3.136228805e+00, E, -2.000000, NP, 6000 2000
763000, t, 4.189952e-02, KEe, 18817.057060, MEe, 3.136176177e+00, E, -2.000000, NP, 6000 2000
763100, t, 4.190502e-02, KEe, 18726.742052, MEe, 3.121123675e+00, E, -2.000000, NP, 6000 2000
763200, t, 4.191051e-02, KEe, 18744.116722, MEe, 3.124019454e+00, E, -2.000000, NP, 6000 2000
763300, t, 4.191600e-02, KEe, 18729.322040, MEe, 3.121553673e+00, E, -2.000000, NP, 6000 2000
763400, t, 4.192149e-02, KEe, 18725.315994, MEe, 3.120885999e+00, E, -2.000000, NP, 6000 2000
763500, t, 4.192698e-02, KEe, 18668.015709, MEe, 3.111335952e+00, E, -2.000000, NP, 6000 2000
763600, t, 4.193247e-02, KEe, 18628.398553, MEe, 3.104733092e+00, E, -2.000000, NP, 6000 2000
763700, t, 4.193796e-02, KEe, 18691.427554, MEe, 3.115237926e+00, E, -2.000000, NP, 6000 2000
763800, t, 4.194346e-02, KEe, 18718.981344, MEe, 3.119830224e+00, E, -2.000000, NP, 6000 2000
763900, t, 4.194895e-02, KEe, 18672.210457, MEe, 3.112035076e+00, E, -2.000000, NP, 6000 2000
764000, t, 4.195444e-02, KEe, 18659.842661, MEe, 3.109973777e+00, E, -2.000000, NP, 6000 2000
764100, t, 4.195993e-02, KEe, 18650.032482, MEe, 3.108338747e+00, E, -2.000000, NP, 6000 2000
764200, t, 4.196542e-02, KEe, 18680.599045, MEe, 3.113433174e+00, E, -2.000000, NP, 6000 2000
764300, t, 4.197091e-02, KEe, 18719.442593, MEe, 3.119907099e+00, E, -2.000000, NP, 6000 2000
764400, t, 4.197640e-02, KEe, 18702.586412, MEe, 3.117097735e+00, E, -2.000000, NP, 6000 2000
764500, t, 4.198190e-02, KEe, 18707.225315, MEe, 3.117870886e+00, E, -2.000000, NP, 6000 2000
764600, t, 4.198739e-02, KEe, 18729.108206, MEe, 3.121518034e+00, E, -2.000000, NP, 6000 2000
764700, t, 4.199288e-02, KEe, 18651.761462, MEe, 3.108626910e+00, E, -2.000000, NP, 6000 2000
764800, t, 4.199837e-02, KEe, 18633.362790, MEe, 3.105560465e+00, E, -2.000000, NP, 6000 2000
764900, t, 4.200386e-02, KEe, 18645.123876, MEe, 3.107520646e+00, E, -2.000000, NP, 6000 2000
765000, t, 4.200935e-02, KEe, 18626.710584, MEe, 3.104451764e+00, E, -2.000000, NP, 6000 2000
765100, t, 4.201484e-02, KEe, 18616.485371, MEe, 3.102747562e+00, E, -2.000000, NP, 6000 2000
765200, t, 4.202034e-02, KEe, 18692.578229, MEe, 3.115429705e+00, E, -2.000000, NP, 6000 2000
765300, t, 4.202583e-02, KEe, 18631.198085, MEe, 3.105199681e+00, E, -2.000000, NP, 6000 2000
765400, t, 4.203132e-02, KEe, 18621.077588, MEe, 3.103512931e+00, E, -2.000000, NP, 6000 2000
765500, t, 4.203681e-02, KEe, 18659.031620, MEe, 3.109838603e+00, E, -2.000000, NP, 6000 2000
765600, t, 4.204230e-02, KEe, 18771.969774, MEe, 3.128661629e+00, E, -2.000000, NP, 6000 2000
765700, t, 4.204779e-02, KEe, 18721.472872, MEe, 3.120245479e+00, E, -2.000000, NP, 6000 2000
765800, t, 4.205328e-02, KEe, 18818.199048, MEe, 3.136366508e+00, E, -2.000000, NP, 6000 2000
765900, t, 4.205877e-02, KEe, 18838.872920, MEe, 3.139812153e+00, E, -2.000000, NP, 6000 2000
766000, t, 4.206427e-02, KEe, 18801.887418, MEe, 3.133647903e+00, E, -2.000000, NP, 6000 2000
766100, t, 4.206976e-02, KEe, 18811.105723, MEe, 3.135184287e+00, E, -2.000000, NP, 6000 2000
766200, t, 4.207525e-02, KEe, 18879.163928, MEe, 3.146527321e+00, E, -2.000000, NP, 6000 2000
766300, t, 4.208074e-02, KEe, 18928.073405, MEe, 3.154678901e+00, E, -2.000000, NP, 6000 2000
766400, t, 4.208623e-02, KEe, 18955.281187, MEe, 3.159213531e+00, E, -2.000000, NP, 6000 2000
766500, t, 4.209172e-02, KEe, 18879.039171, MEe, 3.146506528e+00, E, -2.000000, NP, 6000 2000
766600, t, 4.209721e-02, KEe, 18926.812877, MEe, 3.154468813e+00, E, -2.000000, NP, 6000 2000
766700, t, 4.210271e-02, KEe, 18901.103273, MEe, 3.150183879e+00, E, -2.000000, NP, 6000 2000
766800, t, 4.210820e-02, KEe, 18904.030627, MEe, 3.150671771e+00, E, -2.000000, NP, 6000 2000
766900, t, 4.211369e-02, KEe, 18971.532358, MEe, 3.161922060e+00, E, -2.000000, NP, 6000 2000
767000, t, 4.211918e-02, KEe, 18988.499367, MEe, 3.164749895e+00, E, -2.000000, NP, 6000 2000
767100, t, 4.212467e-02, KEe, 18980.416899, MEe, 3.163402816e+00, E, -2.000000, NP, 6000 2000
767200, t, 4.213016e-02, KEe, 18959.127843, MEe, 3.159854641e+00, E, -2.000000, NP, 6000 2000
767300, t, 4.213565e-02, KEe, 18963.895811, MEe, 3.160649302e+00, E, -2.000000, NP, 6000 2000
767400, t, 4.214115e-02, KEe, 18868.462343, MEe, 3.144743724e+00, E, -2.000000, NP, 6000 2000
767500, t, 4.214664e-02, KEe, 18984.507999, MEe, 3.164084666e+00, E, -2.000000, NP, 6000 2000
767600, t, 4.215213e-02, KEe, 18966.918885, MEe, 3.161153147e+00, E, -2.000000, NP, 6000 2000
767700, t, 4.215762e-02, KEe, 18928.009417, MEe, 3.154668236e+00, E, -2.000000, NP, 6000 2000
767800, t, 4.216311e-02, KEe, 18970.476551, MEe, 3.161746092e+00, E, -2.000000, NP, 6000 2000
767900, t, 4.216860e-02, KEe, 18961.442140, MEe, 3.160240357e+00, E, -2.000000, NP, 6000 2000
768000, t, 4.217409e-02, KEe, 19070.813362, MEe, 3.178468894e+00, E, -2.000000, NP, 6000 2000
768100, t, 4.217959e-02, KEe, 19096.109451, MEe, 3.182684908e+00, E, -2.000000, NP, 6000 2000
768200, t, 4.218508e-02, KEe, 18991.313850, MEe, 3.165218975e+00, E, -2.000000, NP, 6000 2000
768300, t, 4.219057e-02, KEe, 18915.307070, MEe, 3.152551178e+00, E, -2.000000, NP, 6000 2000
768400, t, 4.219606e-02, KEe, 18851.310510, MEe, 3.141885085e+00, E, -2.000000, NP, 6000 2000
768500, t, 4.220155e-02, KEe, 18930.224626, MEe, 3.155037438e+00, E, -2.000000, NP, 6000 2000
768600, t, 4.220704e-02, KEe, 18903.910709, MEe, 3.150651785e+00, E, -2.000000, NP, 6000 2000
768700, t, 4.221253e-02, KEe, 18875.170978, MEe, 3.145861830e+00, E, -2.000000, NP, 6000 2000
768800, t, 4.221803e-02, KEe, 18751.375215, MEe, 3.125229203e+00, E, -2.000000, NP, 6000 2000
768900, t, 4.222352e-02, KEe, 18753.301131, MEe, 3.125550189e+00, E, -2.000000, NP, 6000 2000
769000, t, 4.222901e-02, KEe, 18717.167328, MEe, 3.119527888e+00, E, -2.000000, NP, 6000 2000
769100, t, 4.223450e-02, KEe, 18722.090432, MEe, 3.120348405e+00, E, -2.000000, NP, 6000 2000
769200, t, 4.223999e-02, KEe, 18765.216289, MEe, 3.127536048e+00, E, -2.000000, NP, 6000 2000
769300, t, 4.224548e-02, KEe, 18783.518273, MEe, 3.130586379e+00, E, -2.000000, NP, 6000 2000
769400, t, 4.225097e-02, KEe, 18766.375143, MEe, 3.127729191e+00, E, -2.000000, NP, 6000 2000
769500, t, 4.225647e-02, KEe, 18788.790239, MEe, 3.131465040e+00, E, -2.000000, NP, 6000 2000
769600, t, 4.226196e-02, KEe, 18835.105381, MEe, 3.139184230e+00, E, -2.000000, NP, 6000 2000
769700, t, 4.226745e-02, KEe, 18845.110101, MEe, 3.140851683e+00, E, -2.000000, NP, 6000 2000
769800, t, 4.227294e-02, KEe, 18831.770745, MEe, 3.138628457e+00, E, -2.000000, NP, 6000 2000
769900, t, 4.227843e-02, KEe, 18861.107177, MEe, 3.143517863e+00, E, -2.000000, NP, 6000 2000
770000, t, 4.228392e-02, KEe, 18844.406796, MEe, 3.140734466e+00, E, -2.000000, NP, 6000 2000
770100, t, 4.228941e-02, KEe, 18777.478931, MEe, 3.129579822e+00, E, -2.000000, NP, 6000 2000
770200, t, 4.229491e-02, KEe, 18777.329235, MEe, 3.129554872e+00, E, -2.000000, NP, 6000 2000
770300, t, 4.230040e-02, KEe, 18744.738900, MEe, 3.124123150e+00, E, -2.000000, NP, 6000 2000
770400, t, 4.230589e-02, KEe, 18759.083485, MEe, 3.126513914e+00, E, -2.000000, NP, 6000 2000
770500, t, 4.231138e-02, KEe, 18835.871963, MEe, 3.139311994e+00, E, -2.000000, NP, 6000 2000
770600, t, 4.231687e-02, KEe, 18836.636246, MEe, 3.139439374e+00, E, -2.000000, NP, 6000 2000
770700, t, 4.232236e-02, KEe, 18847.676139, MEe, 3.141279357e+00, E, -2.000000, NP, 6000 2000
770800, t, 4.232785e-02, KEe, 18793.764180, MEe, 3.132294030e+00, E, -2.000000, NP, 6000 2000
770900, t, 4.233335e-02, KEe, 18811.317765, MEe, 3.135219627e+00, E, -2.000000, NP, 6000 2000
771000, t, 4.233884e-02, KEe, 18860.100907, MEe, 3.143350151e+00, E, -2.000000, NP, 6000 2000
771100, t, 4.234433e-02, KEe, 18944.726690, MEe, 3.157454448e+00, E, -2.000000, NP, 6000 2000
771200, t, 4.234982e-02, KEe, 18896.106839, MEe, 3.149351140e+00, E, -2.000000, NP, 6000 2000
771300, t, 4.235531e-02, KEe, 18860.445407, MEe, 3.143407568e+00, E, -2.000000, NP, 6000 2000
771400, t, 4.236080e-02, KEe, 18857.975269, MEe, 3.142995878e+00, E, -2.000000, NP, 6000 2000
771500, t, 4.236629e-02, KEe, 18830.326306, MEe, 3.138387718e+00, E, -2.000000, NP, 6000 2000
771600, t, 4.237179e-02, KEe, 18868.864688, MEe, 3.144810781e+00, E, -2.000000, NP, 6000 2000
771700, t, 4.237728e-02, KEe, 18968.469506, MEe, 3.161411584e+00, E, -2.000000, NP, 6000 2000
771800, t, 4.238277e-02, KEe, 18909.454558, MEe, 3.151575760e+00, E, -2.000000, NP, 6000 2000
771900, t, 4.238826e-02, KEe, 18841.134235, MEe, 3.140189039e+00, E, -2.000000, NP, 6000 2000
772000, t, 4.239375e-02, KEe, 18913.431897, MEe, 3.152238649e+00, E, -2.000000, NP, 6000 2000
772100, t, 4.239924e-02, KEe, 18882.368752, MEe, 3.147061459e+00, E, -2.000000, NP, 6000 2000
772200, t, 4.240473e-02, KEe, 18850.729038, MEe, 3.141788173e+00, E, -2.000000, NP, 6000 2000
772300, t, 4.241023e-02, KEe, 18830.861493, MEe, 3.138476916e+00, E, -2.000000, NP, 6000 2000
772400, t, 4.241572e-02, KEe, 18910.856500, MEe, 3.151809417e+00, E, -2.000000, NP, 6000 2000
772500, t, 4.242121e-02, KEe, 19012.532002, MEe, 3.168755334e+00, E, -2.000000, NP, 6000 2000
772600, t, 4.242670e-02, KEe, 18935.744772, MEe, 3.155957462e+00, E, -2.000000, NP, 6000 2000
772700, t, 4.243219e-02, KEe, 18897.000045, MEe, 3.149500007e+00, E, -2.000000, NP, 6000 2000
772800, t, 4.243768e-02, KEe, 18980.207306, MEe, 3.163367884e+00, E, -2.000000, NP, 6000 2000
772900, t, 4.244317e-02, KEe, 18979.786944, MEe, 3.163297824e+00, E, -2.000000, NP, 6000 2000
773000, t, 4.244867e-02, KEe, 18992.136991, MEe, 3.165356165e+00, E, -2.000000, NP, 6000 2000
773100, t, 4.245416e-02, KEe, 18957.200473, MEe, 3.159533412e+00, E, -2.000000, NP, 6000 2000
773200, t, 4.245965e-02, KEe, 18898.126078, MEe, 3.149687680e+00, E, -2.000000, NP, 6000 2000
773300, t, 4.246514e-02, KEe, 18860.216584, MEe, 3.143369431e+00, E, -2.000000, NP, 6000 2000
773400, t, 4.247063e-02, KEe, 18926.969542, MEe, 3.154494924e+00, E, -2.000000, NP, 6000 2000
773500, t, 4.247612e-02, KEe, 18902.132774, MEe, 3.150355462e+00, E, -2.000000, NP, 6000 2000
773600, t, 4.248161e-02, KEe, 18954.461890, MEe, 3.159076982e+00, E, -2.000000, NP, 6000 2000
773700, t, 4.248711e-02, KEe, 18901.509171, MEe, 3.150251529e+00, E, -2.000000, NP, 6000 2000
773800, t, 4.249260e-02, KEe, 18959.636013, MEe, 3.159939336e+00, E, -2.000000, NP, 6000 2000
773900, t, 4.249809e-02, KEe, 18994.891422, MEe, 3.165815237e+00, E, -2.000000, NP, 6000 2000
774000, t, 4.250358e-02, KEe, 18963.409918, MEe, 3.160568320e+00, E, -2.000000, NP, 6000 2000
774100, t, 4.250907e-02, KEe, 18987.585241, MEe, 3.164597540e+00, E, -2.000000, NP, 6000 2000
774200, t, 4.251456e-02, KEe, 19067.582783, MEe, 3.177930464e+00, E, -2.000000, NP, 6000 2000
774300, t, 4.252005e-02, KEe, 18945.220913, MEe, 3.157536819e+00, E, -2.000000, NP, 6000 2000
774400, t, 4.252555e-02, KEe, 18905.512136, MEe, 3.150918689e+00, E, -2.000000, NP, 6000 2000
774500, t, 4.253104e-02, KEe, 18950.820399, MEe, 3.158470066e+00, E, -2.000000, NP, 6000 2000
774600, t, 4.253653e-02, KEe, 18911.225257, MEe, 3.151870876e+00, E, -2.000000, NP, 6000 2000
774700, t, 4.254202e-02, KEe, 18885.262681, MEe, 3.147543780e+00, E, -2.000000, NP, 6000 2000
774800, t, 4.254751e-02, KEe, 18931.502429, MEe, 3.155250405e+00, E, -2.000000, NP, 6000 2000
774900, t, 4.255300e-02, KEe, 18859.448121, MEe, 3.143241354e+00, E, -2.000000, NP, 6000 2000
775000, t, 4.255849e-02, KEe, 18869.203886, MEe, 3.144867314e+00, E, -2.000000, NP, 6000 2000
775100, t, 4.256399e-02, KEe, 18946.453988, MEe, 3.157742331e+00, E, -2.000000, NP, 6000 2000
775200, t, 4.256948e-02, KEe, 18842.347212, MEe, 3.140391202e+00, E, -2.000000, NP, 6000 2000
775300, t, 4.257497e-02, KEe, 18802.483596, MEe, 3.133747266e+00, E, -2.000000, NP, 6000 2000
775400, t, 4.258046e-02, KEe, 18789.815637, MEe, 3.131635940e+00, E, -2.000000, NP, 6000 2000
775500, t, 4.258595e-02, KEe, 18798.473624, MEe, 3.133078937e+00, E, -2.000000, NP, 6000 2000
775600, t, 4.259144e-02, KEe, 18863.686186, MEe, 3.143947698e+00, E, -2.000000, NP, 6000 2000
775700, t, 4.259693e-02, KEe, 18826.107775, MEe, 3.137684629e+00, E, -2.000000, NP, 6000 2000
775800, t, 4.260243e-02, KEe, 18808.926151, MEe, 3.134821025e+00, E, -2.000000, NP, 6000 2000
775900, t, 4.260792e-02, KEe, 18853.729724, MEe, 3.142288287e+00, E, -2.000000, NP, 6000 2000
776000, t, 4.261341e-02, KEe, 18776.668886, MEe, 3.129444814e+00, E, -2.000000, NP, 6000 2000
776100, t, 4.261890e-02, KEe, 18807.210616, MEe, 3.134535103e+00, E, -2.000000, NP, 6000 2000
776200, t, 4.262439e-02, KEe, 18829.441746, MEe, 3.138240291e+00, E, -2.000000, NP, 6000 2000
776300, t, 4.262988e-02, KEe, 18872.536726, MEe, 3.145422788e+00, E, -2.000000, NP, 6000 2000
776400, t, 4.263537e-02, KEe, 18849.283569, MEe, 3.141547261e+00, E, -2.000000, NP, 6000 2000
776500, t, 4.264087e-02, KEe, 18955.120040, MEe, 3.159186673e+00, E, -2.000000, NP, 6000 2000
776600, t, 4.264636e-02, KEe, 18883.331600, MEe, 3.147221933e+00, E, -2.000000, NP, 6000 2000
776700, t, 4.265185e-02, KEe, 18790.747608, MEe, 3.131791268e+00, E, -2.000000, NP, 6000 2000
776800, t, 4.265734e-02, KEe, 18879.559589, MEe, 3.146593265e+00, E, -2.000000, NP, 6000 2000
776900, t, 4.266283e-02, KEe, 18805.059294, MEe, 3.134176549e+00, E, -2.000000, NP, 6000 2000
777000, t, 4.266832e-02, KEe, 18893.012634, MEe, 3.148835439e+00, E, -2.000000, NP, 6000 2000
777100, t, 4.267381e-02, KEe, 18916.782442, MEe, 3.152797074e+00, E, -2.000000, NP, 6000 2000
777200, t, 4.267931e-02, KEe, 18986.355502, MEe, 3.164392584e+00, E, -2.000000, NP, 6000 2000
777300, t, 4.268480e-02, KEe, 18971.432727, MEe, 3.161905455e+00, E, -2.000000, NP, 6000 2000
777400, t, 4.269029e-02, KEe, 18859.356081, MEe, 3.143226013e+00, E, -2.000000, NP, 6000 2000
777500, t, 4.269578e-02, KEe, 18778.735269, MEe, 3.129789212e+00, E, -2.000000, NP, 6000 2000
777600, t, 4.270127e-02, KEe, 18789.485359, MEe, 3.131580893e+00, E, -2.000000, NP, 6000 2000
777700, t, 4.270676e-02, KEe, 18826.242438, MEe, 3.137707073e+00, E, -2.000000, NP, 6000 2000
777800, t, 4.271225e-02, KEe, 18770.344128, MEe, 3.128390688e+00, E, -2.000000, NP, 6000 2000
777900, t, 4.271775e-02, KEe, 18793.757846, MEe, 3.132292974e+00, E, -2.000000, NP, 6000 2000
778000, t, 4.272324e-02, KEe, 18899.141785, MEe, 3.149856964e+00, E, -2.000000, NP, 6000 2000
778100, t, 4.272873e-02, KEe, 18951.473845, MEe, 3.158578974e+00, E, -2.000000, NP, 6000 2000
778200, t, 4.273422e-02, KEe, 18937.531021, MEe, 3.156255170e+00, E, -2.000000, NP, 6000 2000
778300, t, 4.273971e-02, KEe, 18853.194521, MEe, 3.142199087e+00, E, -2.000000, NP, 6000 2000
778400, t, 4.274520e-02, KEe, 18885.075681, MEe, 3.147512613e+00, E, -2.000000, NP, 6000 2000
778500, t, 4.275069e-02, KEe, 18913.116768, MEe, 3.152186128e+00, E, -2.000000, NP, 6000 2000
778600, t, 4.275619e-02, KEe, 18903.643771, MEe, 3.150607295e+00, E, -2.000000, NP, 6000 2000
778700, t, 4.276168e-02, KEe, 18825.935295, MEe, 3.137655882e+00, E, -2.000000, NP, 6000 2000
778800, t, 4.276717e-02, KEe, 18772.356151, MEe, 3.128726025e+00, E, -2.000000, NP, 6000 2000
778900, t, 4.277266e-02, KEe, 18749.239329, MEe, 3.124873221e+00, E, -2.000000, NP, 6000 2000
779000, t, 4.277815e-02, KEe, 18674.807379, MEe, 3.112467897e+00, E, -2.000000, NP, 6000 2000
779100, t, 4.278364e-02, KEe, 18704.923970, MEe, 3.117487328e+00, E, -2.000000, NP, 6000 2000
779200, t, 4.278913e-02, KEe, 18803.069057, MEe, 3.133844843e+00, E, -2.000000, NP, 6000 2000
779300, t, 4.279463e-02, KEe, 18819.242750, MEe, 3.136540458e+00, E, -2.000000, NP, 6000 2000
779400, t, 4.280012e-02, KEe, 18887.626388, MEe, 3.147937731e+00, E, -2.000000, NP, 6000 2000
779500, t, 4.280561e-02, KEe, 18900.889305, MEe, 3.150148218e+00, E, -2.000000, NP, 6000 2000
779600, t, 4.281110e-02, KEe, 18900.522664, MEe, 3.150087111e+00, E, -2.000000, NP, 6000 2000
779700, t, 4.281659e-02, KEe, 18836.444501, MEe, 3.139407417e+00, E, -2.000000, NP, 6000 2000
779800, t, 4.282208e-02, KEe, 18842.548277, MEe, 3.140424713e+00, E, -2.000000, NP, 6000 2000
779900, t, 4.282757e-02, KEe, 18843.186146, MEe, 3.140531024e+00, E, -2.000000, NP, 6000 2000
780000, t, 4.283307e-02, KEe, 18801.911509, MEe, 3.133651918e+00, E, -2.000000, NP, 6000 2000
780100, t, 4.283856e-02, KEe, 18851.334476, MEe, 3.141889079e+00, E, -2.000000, NP, 6000 2000
780200, t, 4.284405e-02, KEe, 18865.512441, MEe, 3.144252073e+00, E, -2.000000, NP, 6000 2000
780300, t, 4.284954e-02, KEe, 18890.183711, MEe, 3.148363952e+00, E, -2.000000, NP, 6000 2000
780400, t, 4.285503e-02, KEe, 18896.161990, MEe, 3.149360332e+00, E, -2.000000, NP, 6000 2000
780500, t, 4.286052e-02, KEe, 18795.680685, MEe, 3.132613447e+00, E, -2.000000, NP, 6000 2000
780600, t, 4.286601e-02, KEe, 18815.950429, MEe, 3.135991738e+00, E, -2.000000, NP, 6000 2000
780700, t, 4.287150e-02, KEe, 18824.749419, MEe, 3.137458236e+00, E, -2.000000, NP, 6000 2000
780800, t, 4.287700e-02, KEe, 18832.410645, MEe, 3.138735107e+00, E, -2.000000, NP, 6000 2000
780900, t, 4.288249e-02, KEe, 18878.962632, MEe, 3.146493772e+00, E, -2.000000, NP, 6000 2000
781000, t, 4.288798e-02, KEe, 18919.183101, MEe, 3.153197184e+00, E, -2.000000, NP, 6000 2000
781100, t, 4.289347e-02, KEe, 18926.072737, MEe, 3.154345456e+00, E, -2.000000, NP, 6000 2000
781200, t, 4.289896e-02, KEe, 18919.525002, MEe, 3.153254167e+00, E, -2.000000, NP, 6000 2000
781300, t, 4.290445e-02, KEe, 18888.067811, MEe, 3.148011302e+00, E, -2.000000, NP, 6000 2000
781400, t, 4.290994e-02, KEe, 18885.664795, MEe, 3.147610799e+00, E, -2.000000, NP, 6000 2000
781500, t, 4.291544e-02, KEe, 18897.335282, MEe, 3.149555880e+00, E, -2.000000, NP, 6000 2000
781600, t, 4.292093e-02, KEe, 18961.735234, MEe, 3.160289206e+00, E, -2.000000, NP, 6000 2000
781700, t, 4.292642e-02, KEe, 18885.959040, MEe, 3.147659840e+00, E, -2.000000, NP, 6000 2000
781800, t, 4.293191e-02, KEe, 18882.930091, MEe, 3.147155015e+00, E, -2.000000, NP, 6000 2000
781900, t, 4.293740e-02, KEe, 18929.376628, MEe, 3.154896105e+00, E, -2.000000, NP, 6000 2000
782000, t, 4.294289e-02, KEe, 18895.044822, MEe, 3.149174137e+00, E, -2.000000, NP, 6000 2000
782100, t, 4.294838e-02, KEe, 18845.291319, MEe, 3.140881886e+00, E, -2.000000, NP, 6000 2000
782200, t, 4.295388e-02, KEe, 18871.983103, MEe, 3.145330517e+00, E, -2.000000, NP, 6000 2000
782300, t, 4.295937e-02, KEe, 18856.641561, MEe, 3.142773594e+00, E, -2.000000, NP, 6000 2000
782400, t, 4.296486e-02, KEe, 18805.280349, MEe, 3.134213392e+00, E, -2.000000, NP, 6000 2000
782500, t, 4.297035e-02, KEe, 18704.517402, MEe, 3.117419567e+00, E, -2.000000, NP, 6000 2000
782600, t, 4.297584e-02, KEe, 18730.735111, MEe, 3.121789185e+00, E, -2.000000, NP, 6000 2000
782700, t, 4.298133e-02, KEe, 18779.395530, MEe, 3.129899255e+00, E, -2.000000, NP, 6000 2000
782800, t, 4.298682e-02, KEe, 18747.749737, MEe, 3.124624956e+00, E, -2.000000, NP, 6000 2000
782900, t, 4.299232e-02, KEe, 18760.642216, MEe, 3.126773703e+00, E, -2.000000, NP, 6000 2000
783000, t, 4.299781e-02, KEe, 18679.253665, MEe, 3.113208944e+00, E, -2.000000, NP, 6000 2000
783100, t, 4.300330e-02, KEe, 18655.134055, MEe, 3.109189009e+00, E, -2.000000, NP, 6000 2000
783200, t, 4.300879e-02, KEe, 18604.749024, MEe, 3.100791504e+00, E, -2.000000, NP, 6000 2000
783300, t, 4.301428e-02, KEe, 18569.909823, MEe, 3.094984970e+00, E, -2.000000, NP, 6000 2000
783400, t, 4.301977e-02, KEe, 18557.581156, MEe, 3.092930193e+00, E, -2.000000, NP, 6000 2000
783500, t, 4.302526e-02, KEe, 18685.702615, MEe, 3.114283769e+00, E, -2.000000, NP, 6000 2000
783600, t, 4.303076e-02, KEe, 18786.552169, MEe, 3.131092028e+00, E, -2.000000, NP, 6000 2000
783700, t, 4.303625e-02, KEe, 18896.313278, MEe, 3.149385546e+00, E, -2.000000, NP, 6000 2000
783800, t, 4.304174e-02, KEe, 18808.412327, MEe, 3.134735388e+00, E, -2.000000, NP, 6000 2000
783900, t, 4.304723e-02, KEe, 18867.058707, MEe, 3.144509785e+00, E, -2.000000, NP, 6000 2000
784000, t, 4.305272e-02, KEe, 18856.252868, MEe, 3.142708811e+00, E, -2.000000, NP, 6000 2000
784100, t, 4.305821e-02, KEe, 18861.473072, MEe, 3.143578845e+00, E, -2.000000, NP, 6000 2000
784200, t, 4.306370e-02, KEe, 18916.350051, MEe, 3.152725009e+00, E, -2.000000, NP, 6000 2000
784300, t, 4.306920e-02, KEe, 18931.785649, MEe, 3.155297608e+00, E, -2.000000, NP, 6000 2000
784400, t, 4.307469e-02, KEe, 18919.240021, MEe, 3.153206670e+00, E, -2.000000, NP, 6000 2000
784500, t, 4.308018e-02, KEe, 18992.145320, MEe, 3.165357553e+00, E, -2.000000, NP, 6000 2000
784600, t, 4.308567e-02, KEe, 18996.155084, MEe, 3.166025847e+00, E, -2.000000, NP, 6000 2000
784700, t, 4.309116e-02, KEe, 19018.895106, MEe, 3.169815851e+00, E, -2.000000, NP, 6000 2000
784800, t, 4.309665e-02, KEe, 19005.407892, MEe, 3.167567982e+00, E, -2.000000, NP, 6000 2000
784900, t, 4.310214e-02, KEe, 18979.994396, MEe, 3.163332399e+00, E, -2.000000, NP, 6000 2000
785000, t, 4.310764e-02, KEe, 18968.770510, MEe, 3.161461752e+00, E, -2.000000, NP, 6000 2000
785100, t, 4.311313e-02, KEe, 19010.534351, MEe, 3.168422392e+00, E, -2.000000, NP, 6000 2000
785200, t, 4.311862e-02, KEe, 19012.972267, MEe, 3.168828711e+00, E, -2.000000, NP, 6000 2000
785300, t, 4.312411e-02, KEe, 19054.107245, MEe, 3.175684541e+00, E, -2.000000, NP, 6000 2000
785400, t, 4.312960e-02, KEe, 19064.404637, MEe, 3.177400773e+00, E, -2.000000, NP, 6000 2000
785500, t, 4.313509e-02, KEe, 19013.512084, MEe, 3.168918681e+00, E, -2.000000, NP, 6000 2000
785600, t, 4.314058e-02, KEe, 18982.312146, MEe, 3.163718691e+00, E, -2.000000, NP, 6000 2000
785700, t, 4.314608e-02, KEe, 18978.223861, MEe, 3.163037310e+00, E, -2.000000, NP, 6000 2000
785800, t, 4.315157e-02, KEe, 18995.356925, MEe, 3.165892821e+00, E, -2.000000, NP, 6000 2000
785900, t, 4.315706e-02, KEe, 19022.741506, MEe, 3.170456918e+00, E, -2.000000, NP, 6000 2000
786000, t, 4.316255e-02, KEe, 18907.819630, MEe, 3.151303272e+00, E, -2.000000, NP, 6000 2000
786100, t, 4.316804e-02, KEe, 18834.139161, MEe, 3.139023194e+00, E, -2.000000, NP, 6000 2000
786200, t, 4.317353e-02, KEe, 18796.341235, MEe, 3.132723539e+00, E, -2.000000, NP, 6000 2000
786300, t, 4.317902e-02, KEe, 18844.680726, MEe, 3.140780121e+00, E, -2.000000, NP, 6000 2000
786400, t, 4.318452e-02, KEe, 18847.041231, MEe, 3.141173538e+00, E, -2.000000, NP, 6000 2000
786500, t, 4.319001e-02, KEe, 18821.653076, MEe, 3.136942179e+00, E, -2.000000, NP, 6000 2000
786600, t, 4.319550e-02, KEe, 18838.175198, MEe, 3.139695866e+00, E, -2.000000, NP, 6000 2000
786700, t, 4.320099e-02, KEe, 18821.941937, MEe, 3.136990323e+00, E, -2.000000, NP, 6000 2000
786800, t, 4.320648e-02, KEe, 18749.820515, MEe, 3.124970086e+00, E, -2.000000, NP, 6000 2000
786900, t, 4.321197e-02, KEe, 18675.418369, MEe, 3.112569728e+00, E, -2.000000, NP, 6000 2000
787000, t, 4.321746e-02, KEe, 18711.918580, MEe, 3.118653097e+00, E, -2.000000, NP, 6000 2000
787100, t, 4.322296e-02, KEe, 18710.161084, MEe, 3.118360181e+00, E, -2.000000, NP, 6000 2000
787200, t, 4.322845e-02, KEe, 18684.784151, MEe, 3.114130692e+00, E, -2.000000, NP, 6000 2000
787300, t, 4.323394e-02, KEe, 18744.907613, MEe, 3.124151269e+00, E, -2.000000, NP, 6000 2000
787400, t, 4.323943e-02, KEe, 18684.537936, MEe, 3.114089656e+00, E, -2.000000, NP, 6000 2000
787500, t, 4.324492e-02, KEe, 18680.410688, MEe, 3.113401781e+00, E, -2.000000, NP, 6000 2000
787600, t, 4.325041e-02, KEe, 18610.617750, MEe, 3.101769625e+00, E, -2.000000, NP, 6000 2000
787700, t, 4.325590e-02, KEe, 18599.496298, MEe, 3.099916050e+00, E, -2.000000, NP, 6000 2000
787800, t, 4.326140e-02, KEe, 18601.172790, MEe, 3.100195465e+00, E, -2.000000, NP, 6000 2000
787900, t, 4.326689e-02, KEe, 18619.706090, MEe, 3.103284348e+00, E, -2.000000, NP, 6000 2000
788000, t, 4.327238e-02, KEe, 18636.968879, MEe, 3.106161480e+00, E, -2.000000, NP, 6000 2000
788100, t, 4.327787e-02, KEe, 18636.534194, MEe, 3.106089032e+00, E, -2.000000, NP, 6000 2000
788200, t, 4.328336e-02, KEe, 18645.526399, MEe, 3.107587733e+00, E, -2.000000, NP, 6000 2000
788300, t, 4.328885e-02, KEe, 18668.029580, MEe, 3.111338263e+00, E, -2.000000, NP, 6000 2000
788400, t, 4.329434e-02, KEe, 18699.174515, MEe, 3.116529086e+00, E, -2.000000, NP, 6000 2000
788500, t, 4.329984e-02, KEe, 18718.122212, MEe, 3.119687035e+00, E, -2.000000, NP, 6000 2000
788600, t, 4.330533e-02, KEe, 18745.498082, MEe, 3.124249680e+00, E, -2.000000, NP, 6000 2000
788700, t, 4.331082e-02, KEe, 18845.371848, MEe, 3.140895308e+00, E, -2.000000, NP, 6000 2000
788800, t, 4.331631e-02, KEe, 18775.871135, MEe, 3.129311856e+00, E, -2.000000, NP, 6000 2000
788900, t, 4.332180e-02, KEe, 18817.720271, MEe, 3.136286712e+00, E, -2.000000, NP, 6000 2000
789000, t, 4.332729e-02, KEe, 18770.384428, MEe, 3.128397405e+00, E, -2.000000, NP, 6000 2000
789100, t, 4.333278e-02, KEe, 18846.149734, MEe, 3.141024956e+00, E, -2.000000, NP, 6000 2000
789200, t, 4.333828e-02, KEe, 18887.546347, MEe, 3.147924391e+00, E, -2.000000, NP, 6000 2000
789300, t, 4.334377e-02, KEe, 18824.042900, MEe, 3.137340483e+00, E, -2.000000, NP, 6000 2000
789400, t, 4.334926e-02, KEe, 18855.368128, MEe, 3.142561355e+00, E, -2.000000, NP, 6000 2000
789500, t, 4.335475e-02, KEe, 18853.745854, MEe, 3.142290976e+00, E, -2.000000, NP, 6000 2000
789600, t, 4.336024e-02, KEe, 18909.387830, MEe, 3.151564638e+00, E, -2.000000, NP, 6000 2000
789700, t, 4.336573e-02, KEe, 18870.024011, MEe, 3.145004002e+00, E, -2.000000, NP, 6000 2000
789800, t, 4.337122e-02, KEe, 18897.113622, MEe, 3.149518937e+00, E, -2.000000, NP, 6000 2000
789900, t, 4.337672e-02, KEe, 18770.864232, MEe, 3.128477372e+00, E, -2.000000, NP, 6000 2000
790000, t, 4.338221e-02, KEe, 18788.387364, MEe, 3.131397894e+00, E, -2.000000, NP, 6000 2000
790100, t, 4.338770e-02, KEe, 18778.065724, MEe, 3.129677621e+00, E, -2.000000, NP, 6000 2000
790200, t, 4.339319e-02, KEe, 18775.391570, MEe, 3.129231928e+00, E, -2.000000, NP, 6000 2000
790300, t, 4.339868e-02, KEe, 18749.454843, MEe, 3.124909141e+00, E, -2.000000, NP, 6000 2000
790400, t, 4.340417e-02, KEe, 18806.894295, MEe, 3.134482382e+00, E, -2.000000, NP, 6000 2000
790500, t, 4.340966e-02, KEe, 18803.909076, MEe, 3.133984846e+00, E, -2.000000, NP, 6000 2000
790600, t, 4.341516e-02, KEe, 18811.485527, MEe, 3.135247588e+00, E, -2.000000, NP, 6000 2000
790700, t, 4.342065e-02, KEe, 18876.790414, MEe, 3.146131736e+00, E, -2.000000, NP, 6000 2000
790800, t, 4.342614e-02, KEe, 18877.478902, MEe, 3.146246484e+00, E, -2.000000, NP, 6000 2000
790900, t, 4.343163e-02, KEe, 18983.809958, MEe, 3.163968326e+00, E, -2.000000, NP, 6000 2000
791000, t, 4.343712e-02, KEe, 18908.054050, MEe, 3.151342342e+00, E, -2.000000, NP, 6000 2000
791100, t, 4.344261e-02, KEe, 18863.000189, MEe, 3.143833365e+00, E, -2.000000, NP, 6000 2000
791200, t, 4.344810e-02, KEe, 18919.169877, MEe, 3.153194979e+00, E, -2.000000, NP, 6000 2000
791300, t, 4.345360e-02, KEe, 19053.130523, MEe, 3.175521754e+00, E, -2.000000, NP, 6000 2000
791400, t, 4.345909e-02, KEe, 19043.583792, MEe, 3.173930632e+00, E, -2.000000, NP, 6000 2000
791500, t, 4.346458e-02, KEe, 19070.324073, MEe, 3.178387346e+00, E, -2.000000, NP, 6000 2000
791600, t, 4.347007e-02, KEe, 19082.559804, MEe, 3.180426634e+00, E, -2.000000, NP, 6000 2000
791700, t, 4.347556e-02, KEe, 19034.516872, MEe, 3.172419479e+00, E, -2.000000, NP, 6000 2000
791800, t, 4.348105e-02, KEe, 18996.375258, MEe, 3.166062543e+00, E, -2.000000, NP, 6000 2000
791900, t, 4.348654e-02, KEe, 18979.892338, MEe, 3.163315390e+00, E, -2.000000, NP, 6000 2000
792000, t, 4.349204e-02, KEe, 19000.762783, MEe, 3.166793797e+00, E, -2.000000, NP, 6000 2000
792100, t, 4.349753e-02, KEe, 19015.720847, MEe, 3.169286808e+00, E, -2.000000, NP, 6000 2000
792200, t, 4.350302e-02, KEe, 18923.401321, MEe, 3.153900220e+00, E, -2.000000, NP, 6000 2000
792300, t, 4.350851e-02, KEe, 18917.466190, MEe, 3.152911032e+00, E, -2.000000, NP, 6000 2000
792400, t, 4.351400e-02, KEe, 18890.549168, MEe, 3.148424861e+00, E, -2.000000, NP, 6000 2000
792500, t, 4.351949e-02, KEe, 18884.151113, MEe, 3.147358519e+00, E, -2.000000, NP, 6000 2000
792600, t, 4.352498e-02, KEe, 18978.124530, MEe, 3.163020755e+00, E, -2.000000, NP, 6000 2000
792700, t, 4.353048e-02, KEe, 18861.206175, MEe, 3.143534363e+00, E, -2.000000, NP, 6000 2000
792800, t, 4.353597e-02, KEe, 18791.284278, MEe, 3.131880713e+00, E, -2.000000, NP, 6000 2000
792900, t, 4.354146e-02, KEe, 18748.911756, MEe, 3.124818626e+00, E, -2.000000, NP, 6000 2000
793000, t, 4.354695e-02, KEe, 18711.841619, MEe, 3.118640270e+00, E, -2.000000, NP, 6000 2000
793100, t, 4.355244e-02, KEe, 18716.498158, MEe, 3.119416360e+00, E, -2.000000, NP, 6000 2000
793200, t, 4.355793e-02, KEe, 18719.615883, MEe, 3.119935980e+00, E, -2.000000, NP, 6000 2000
793300, t, 4.356342e-02, KEe, 18790.557226, MEe, 3.131759538e+00, E, -2.000000, NP, 6000 2000
793400, t, 4.356892e-02, KEe, 18787.134323, MEe, 3.131189054e+00, E, -2.000000, NP, 6000 2000
793500, t, 4.357441e-02, KEe, 18815.371636, MEe, 3.135895273e+00, E, -2.000000, NP, 6000 2000
793600, t, 4.357990e-02, KEe, 18866.863477, MEe, 3.144477246e+00, E, -2.000000, NP, 6000 2000
793700, t, 4.358539e-02, KEe, 18906.240031, MEe, 3.151040005e+00, E, -2.000000, NP, 6000 2000
793800, t, 4.359088e-02, KEe, 18940.168567, MEe, 3.156694761e+00, E, -2.000000, NP, 6000 2000
793900, t, 4.359637e-02, KEe, 19004.420658, MEe, 3.167403443e+00, E, -2.000000, NP, 6000 2000
794000, t, 4.360186e-02, KEe, 19038.034294, MEe, 3.173005716e+00, E, -2.000000, NP, 6000 2000
794100, t, 4.360736e-02, KEe, 19057.479265, MEe, 3.176246544e+00, E, -2.000000, NP, 6000 2000
794200, t, 4.361285e-02, KEe, 19137.137428, MEe, 3.189522905e+00, E, -2.000000, NP, 6000 2000
794300, t, 4.361834e-02, KEe, 19145.129733, MEe, 3.190854956e+00, E, -2.000000, NP, 6000 2000
794400, t, 4.362383e-02, KEe, 19190.041958, MEe, 3.198340326e+00, E, -2.000000, NP, 6000 2000
794500, t, 4.362932e-02, KEe, 19223.992952, MEe, 3.203998825e+00, E, -2.000000, NP, 6000 2000
794600, t, 4.363481e-02, KEe, 19173.151579, MEe, 3.195525263e+00, E, -2.000000, NP, 6000 2000
794700, t, 4.364030e-02, KEe, 19089.588747, MEe, 3.181598125e+00, E, -2.000000, NP, 6000 2000
794800, t, 4.364579e-02, KEe, 19056.132320, MEe, 3.176022053e+00, E, -2.000000, NP, 6000 2000
794900, t, 4.365129e-02, KEe, 19047.327965, MEe, 3.174554661e+00, E, -2.000000, NP, 6000 2000
795000, t, 4.365678e-02, KEe, 19060.707044, MEe, 3.176784507e+00, E, -2.000000, NP, 6000 2000
795100, t, 4.366227e-02, KEe, 19031.015582, MEe, 3.171835930e+00, E, -2.000000, NP, 6000 2000
795200, t, 4.366776e-02, KEe, 19066.485720, MEe, 3.177747620e+00, E, -2.000000, NP, 6000 2000
795300, t, 4.367325e-02, KEe, 19018.663894, MEe, 3.169777316e+00, E, -2.000000, NP, 6000 2000
795400, t, 4.367874e-02, KEe, 18997.689949, MEe, 3.166281658e+00, E, -2.000000, NP, 6000 2000
795500, t, 4.368423e-02, KEe, 18981.824283, MEe, 3.163637380e+00, E, -2.000000, NP, 6000 2000
795600, t, 4.368973e-02, KEe, 19027.404400, MEe, 3.171234067e+00, E, -2.000000, NP, 6000 2000
795700, t, 4.369522e-02, KEe, 18965.618769, MEe, 3.160936461e+00, E, -2.000000, NP, 6000 2000
795800, t, 4.370071e-02, KEe, 18921.246613, MEe, 3.153541102e+00, E, -2.000000, NP, 6000 2000
795900, t, 4.370620e-02, KEe, 18929.861410, MEe, 3.154976902e+00, E, -2.000000, NP, 6000 2000
796000, t, 4.371169e-02, KEe, 18968.605159, MEe, 3.161434193e+00, E, -2.000000, NP, 6000 2000
796100, t, 4.371718e-02, KEe, 18952.376080, MEe, 3.158729347e+00, E, -2.000000, NP, 6000 2000
796200, t, 4.372267e-02, KEe, 18891.945349, MEe, 3.148657558e+00, E, -2.000000, NP, 6000 2000
796300, t, 4.372817e-02, KEe, 18929.483806, MEe, 3.154913968e+00, E, -2.000000, NP, 6000 2000
796400, t, 4.373366e-02, KEe, 18922.853355, MEe, 3.153808892e+00, E, -2.000000, NP, 6000 2000
796500, t, 4.373915e-02, KEe, 18944.999508, MEe, 3.157499918e+00, E, -2.000000, NP, 6000 2000
796600, t, 4.374464e-02, KEe, 18965.945345, MEe, 3.160990891e+00, E, -2.000000, NP, 6000 2000
796700, t, 4.375013e-02, KEe, 18991.357100, MEe, 3.165226183e+00, E, -2.000000, NP, 6000 2000
796800, t, 4.375562e-02, KEe, 18993.843758, MEe, 3.165640626e+00, E, -2.000000, NP, 6000 2000
796900, t, 4.376111e-02, KEe, 18969.444297, MEe, 3.161574050e+00, E, -2.000000, NP, 6000 2000
797000, t, 4.376661e-02, KEe, 19005.548973, MEe, 3.167591495e+00, E, -2.000000, NP, 6000 2000
797100, t, 4.377210e-02, KEe, 18926.412828, MEe, 3.154402138e+00, E, -2.000000, NP, 6000 2000
797200, t, 4.377759e-02, KEe, 19004.969860, MEe, 3.167494977e+00, E, -2.000000, NP, 6000 2000
797300, t, 4.378308e-02, KEe, 19032.469817, MEe, 3.172078303e+00, E, -2.000000, NP, 6000 2000
797400, t, 4.378857e-02, KEe, 19027.928732, MEe, 3.171321455e+00, E, -2.000000, NP, 6000 2000
797500, t, 4.379406e-02, KEe, 18920.811636, MEe, 3.153468606e+00, E, -2.000000, NP, 6000 2000
797600, t, 4.379955e-02, KEe, 18840.325883, MEe, 3.140054314e+00, E, -2.000000, NP, 6000 2000
797700, t, 4.380505e-02, KEe, 18797.696475, MEe, 3.132949413e+00, E, -2.000000, NP, 6000 2000
797800, t, 4.381054e-02, KEe, 18795.194062, MEe, 3.132532344e+00, E, -2.000000, NP, 6000 2000
797900, t, 4.381603e-02, KEe, 18815.543907, MEe, 3.135923985e+00, E, -2.000000, NP, 6000 2000
798000, t, 4.382152e-02, KEe, 18902.958754, MEe, 3.150493126e+00, E, -2.000000, NP, 6000 2000
798100, t, 4.382701e-02, KEe, 18810.849470, MEe, 3.135141578e+00, E, -2.000000, NP, 6000 2000
798200, t, 4.383250e-02, KEe, 18915.537975, MEe, 3.152589662e+00, E, -2.000000, NP, 6000 2000
798300, t, 4.383799e-02, KEe, 18884.170962, MEe, 3.147361827e+00, E, -2.000000, NP, 6000 2000
798400, t, 4.384349e-02, KEe, 18860.936357, MEe, 3.143489393e+00, E, -2.000000, NP, 6000 2000
798500, t, 4.384898e-02, KEe, 18793.880149, MEe, 3.132313358e+00, E, -2.000000, NP, 6000 2000
798600, t, 4.385447e-02, KEe, 18808.808257, MEe, 3.134801376e+00, E, -2.000000, NP, 6000 2000
798700, t, 4.385996e-02, KEe, 18786.359424, MEe, 3.131059904e+00, E, -2.000000, NP, 6000 2000
798800, t, 4.386545e-02, KEe, 18915.348583, MEe, 3.152558097e+00, E, -2.000000, NP, 6000 2000
798900, t, 4.387094e-02, KEe, 18900.854752, MEe, 3.150142459e+00, E, -2.000000, NP, 6000 2000
799000, t, 4.387643e-02, KEe, 18911.663963, MEe, 3.151943994e+00, E, -2.000000, NP, 6000 2000
799100, t, 4.388193e-02, KEe, 18865.326209, MEe, 3.144221035e+00, E, -2.000000, NP, 6000 2000
799200, t, 4.388742e-02, KEe, 18919.497262, MEe, 3.153249544e+00, E, -2.000000, NP, 6000 2000
799300, t, 4.389291e-02, KEe, 18835.122938, MEe, 3.139187156e+00, E, -2.000000, NP, 6000 2000
799400, t, 4.389840e-02, KEe, 18816.226925, MEe, 3.136037821e+00, E, -2.000000, NP, 6000 2000
799500, t, 4.390389e-02, KEe, 18880.587603, MEe, 3.146764600e+00, E, -2.000000, NP, 6000 2000
799600, t, 4.390938e-02, KEe, 18940.562745, MEe, 3.156760457e+00, E, -2.000000, NP, 6000 2000
799700, t, 4.391487e-02, KEe, 18835.199257, MEe, 3.139199876e+00, E, -2.000000, NP, 6000 2000
799800, t, 4.392037e-02, KEe, 18804.812076, MEe, 3.134135346e+00, E, -2.000000, NP, 6000 2000
799900, t, 4.392586e-02, KEe, 18719.286040, MEe, 3.119881007e+00, E, -2.000000, NP, 6000 2000
800000, t, 4.393135e-02, KEe, 18674.179775, MEe, 3.112363296e+00, E, -2.000000, NP, 6000 2000
800100, t, 4.393684e-02, KEe, 18765.618089, MEe, 3.127603015e+00, E, -2.000000, NP, 6000 2000
800200, t, 4.394233e-02, KEe, 18800.051729, MEe, 3.133341955e+00, E, -2.000000, NP, 6000 2000
800300, t, 4.394782e-02, KEe, 18761.165637, MEe, 3.126860940e+00, E, -2.000000, NP, 6000 2000
800400, t, 4.395331e-02, KEe, 18844.348856, MEe, 3.140724809e+00, E, -2.000000, NP, 6000 2000
800500, t, 4.395881e-02, KEe, 18799.819167, MEe, 3.133303195e+00, E, -2.000000, NP, 6000 2000
800600, t, 4.396430e-02, KEe, 18855.966500, MEe, 3.142661083e+00, E, -2.000000, NP, 6000 2000
800700, t, 4.396979e-02, KEe, 18890.655802, MEe, 3.148442634e+00, E, -2.000000, NP, 6000 2000
800800, t, 4.397528e-02, KEe, 18885.420539, MEe, 3.147570090e+00, E, -2.000000, NP, 6000 2000
800900, t, 4.398077e-02, KEe, 18918.812125, MEe, 3.153135354e+00, E, -2.000000, NP, 6000 2000
801000, t, 4.398626e-02, KEe, 19122.983405, MEe, 3.187163901e+00, E, -2.000000, NP, 6000 2000
801100, t, 4.399175e-02, KEe, 19031.792998, MEe, 3.171965500e+00, E, -2.000000, NP, 6000 2000
801200, t, 4.399725e-02, KEe, 19085.009638, MEe, 3.180834940e+00, E, -2.000000, NP, 6000 2000
801300, t, 4.400274e-02, KEe, 19071.322830, MEe, 3.178553805e+00, E, -2.000000, NP, 6000 2000
801400, t, 4.400823e-02, KEe, 19086.237019, MEe, 3.181039503e+00, E, -2.000000, NP, 6000 2000
801500, t, 4.401372e-02, KEe, 19095.356785, MEe, 3.182559464e+00, E, -2.000000, NP, 6000 2000
801600, t, 4.401921e-02, KEe, 19128.496288, MEe, 3.188082715e+00, E, -2.000000, NP, 6000 2000
801700, t, 4.402470e-02, KEe, 19109.553230, MEe, 3.184925538e+00, E, -2.000000, NP, 6000 2000
801800, t, 4.403019e-02, KEe, 19135.972057, MEe, 3.189328676e+00, E, -2.000000, NP, 6000 2000
801900, t, 4.403569e-02, KEe, 19172.201324, MEe, 3.195366887e+00, E, -2.000000, NP, 6000 2000
802000, t, 4.404118e-02, KEe, 19110.019176, MEe, 3.185003196e+00, E, -2.000000, NP, 6000 2000
802100, t, 4.404667e-02, KEe, 19147.867817, MEe, 3.191311303e+00, E, -2.000000, NP, 6000 2000
802200, t, 4.405216e-02, KEe, 19137.387542, MEe, 3.189564590e+00, E, -2.000000, NP, 6000 2000
802300, t, 4.405765e-02, KEe, 19136.677834, MEe, 3.189446306e+00, E, -2.000000, NP, 6000 2000
802400, t, 4.406314e-02, KEe, 19072.580728, MEe, 3.178763455e+00, E, -2.000000, NP, 6000 2000
802500, t, 4.406863e-02, KEe, 18992.013587, MEe, 3.165335598e+00, E, -2.000000, NP, 6000 2000
802600, t, 4.407413e-02, KEe, 18917.448126, MEe, 3.152908021e+00, E, -2.000000, NP, 6000 2000
802700, t, 4.407962e-02, KEe, 18897.032258, MEe, 3.149505376e+00, E, -2.000000, NP, 6000 2000
802800, t, 4.408511e-02, KEe, 18924.712421, MEe, 3.154118737e+00, E, -2.000000, NP, 6000 2000
802900, t, 4.409060e-02, KEe, 18901.644002, MEe, 3.150274000e+00, E, -2.000000, NP, 6000 2000
803000, t, 4.409609e-02, KEe, 18863.671731, MEe, 3.143945288e+00, E, -2.000000, NP, 6000 2000
803100, t, 4.410158e-02, KEe, 18858.548199, MEe, 3.143091366e+00, E, -2.000000, NP, 6000 2000
803200, t, 4.410707e-02, KEe, 18867.461066, MEe, 3.144576844e+00, E, -2.000000, NP, 6000 2000
803300, t, 4.411257e-02, KEe, 18799.282608, MEe, 3.133213768e+00, E, -2.000000, NP, 6000 2000
803400, t, 4.411806e-02, KEe, 18887.149914, MEe, 3.147858319e+00, E, -2.000000, NP, 6000 2000
803500, t, 4.412355e-02, KEe, 18904.220787, MEe, 3.150703464e+00, E, -2.000000, NP, 6000 2000
803600, t, 4.412904e-02, KEe, 18974.958474, MEe, 3.162493079e+00, E, -2.000000, NP, 6000 2000
803700, t, 4.413453e-02, KEe, 18947.984222, MEe, 3.157997370e+00, E, -2.000000, NP, 6000 2000
803800, t, 4.414002e-02, KEe, 18917.196723, MEe, 3.152866121e+00, E, -2.000000, NP, 6000 2000
803900, t, 4.414551e-02, KEe, 18960.619259, MEe, 3.160103210e+00, E, -2.000000, NP, 6000 2000
804000, t, 4.415101e-02, KEe, 18745.560066, MEe, 3.124260011e+00, E, -2.000000, NP, 6000 2000
804100, t, 4.415650e-02, KEe, 18673.514604, MEe, 3.112252434e+00, E, -2.000000, NP, 6000 2000
804200, t, 4.416199e-02, KEe, 18803.262829, MEe, 3.133877138e+00, E, -2.000000, NP, 6000 2000
804300, t, 4.416748e-02, KEe, 18812.085434, MEe, 3.135347572e+00, E, -2.000000, NP, 6000 2000
804400, t, 4.417297e-02, KEe, 18850.444968, MEe, 3.141740828e+00, E, -2.000000, NP, 6000 2000
804500, t, 4.417846e-02, KEe, 18860.082489, MEe, 3.143347082e+00, E, -2.000000, NP, 6000 2000
804600, t, 4.418395e-02, KEe, 18821.272776, MEe, 3.136878796e+00, E, -2.000000, NP, 6000 2000
804700, t, 4.418945e-02, KEe, 18842.336463, MEe, 3.140389410e+00, E, -2.000000, NP, 6000 2000
804800, t, 4.419494e-02, KEe, 18874.527640, MEe, 3.145754607e+00, E, -2.000000, NP, 6000 2000
804900, t, 4.420043e-02, KEe, 18957.282406, MEe, 3.159547068e+00, E, -2.000000, NP, 6000 2000
805000, t, 4.420592e-02, KEe, 18942.470972, MEe, 3.157078495e+00, E, -2.000000, NP, 6000 2000
805100, t, 4.421141e-02, KEe, 18972.153282, MEe, 3.162025547e+00, E, -2.000000, NP, 6000 2000
805200, t, 4.421690e-02, KEe, 18986.534027, MEe, 3.164422338e+00, E, -2.000000, NP, 6000 2000
805300, t, 4.422239e-02, KEe, 18994.534174, MEe, 3.165755696e+00, E, -2.000000, NP, 6000 2000
805400, t, 4.422789e-02, KEe, 18996.509746, MEe, 3.166084958e+00, E, -2.000000, NP, 6000 2000
805500, t, 4.423338e-02, KEe, 19091.057121, MEe, 3.181842854e+00, E, -2.000000, NP, 6000 2000
805600, t, 4.423887e-02, KEe, 19102.921938, MEe, 3.183820323e+00, E, -2.000000, NP, 6000 2000
805700, t, 4.424436e-02, KEe, 19057.236891, MEe, 3.176206149e+00, E, -2.000000, NP, 6000 2000
805800, t, 4.424985e-02, KEe, 19012.811162, MEe, 3.168801860e+00, E, -2.000000, NP, 6000 2000
805900, t, 4.425534e-02, KEe, 19019.010312, MEe, 3.169835052e+00, E, -2.000000, NP, 6000 2000
806000, t, 4.426083e-02, KEe, 19006.905489, MEe, 3.167817581e+00, E, -2.000000, NP, 6000 2000
806100, t, 4.426633e-02, KEe, 18934.519563, MEe, 3.155753260e+00, E, -2.000000, NP, 6000 2000
806200, t, 4.427182e-02, KEe, 18863.411117, MEe, 3.143901853e+00, E, -2.000000, NP, 6000 2000
806300, t, 4.427731e-02, KEe, 18935.792996, MEe, 3.155965499e+00, E, -2.000000, NP, 6000 2000
806400, t, 4.428280e-02, KEe, 18884.852010, MEe, 3.147475335e+00, E, -2.000000, NP, 6000 2000
806500, t, 4.428829e-02, KEe, 18979.225521, MEe, 3.163204253e+00, E, -2.000000, NP, 6000 2000
806600, t, 4.429378e-02, KEe, 18995.894918, MEe, 3.165982486e+00, E, -2.000000, NP, 6000 2000
806700, t, 4.429927e-02, KEe, 19020.375627, MEe, 3.170062604e+00, E, -2.000000, NP, 6000 2000
806800, t, 4.430477e-02, KEe, 19084.315907, MEe, 3.180719318e+00, E, -2.000000, NP, 6000 2000
806900, t, 4.431026e-02, KEe, 19099.646454, MEe, 3.183274409e+00, E, -2.000000, NP, 6000 2000
807000, t, 4.431575e-02, KEe, 19153.594548, MEe, 3.192265758e+00, E, -2.000000, NP, 6000 2000
807100, t, 4.432124e-02, KEe, 19067.519117, MEe, 3.177919853e+00, E, -2.000000, NP, 6000 2000
807200, t, 4.432673e-02, KEe, 19061.114274, MEe, 3.176852379e+00, E, -2.000000, NP, 6000 2000
807300, t, 4.433222e-02, KEe, 19046.629806, MEe, 3.174438301e+00, E, -2.000000, NP, 6000 2000
807400, t, 4.433771e-02, KEe, 18953.798050, MEe, 3.158966342e+00, E, -2.000000, NP, 6000 2000
807500, t, 4.434321e-02, KEe, 18963.041578, MEe, 3.160506930e+00, E, -2.000000, NP, 6000 2000
807600, t, 4.434870e-02, KEe, 18876.868166, MEe, 3.146144694e+00, E, -2.000000, NP, 6000 2000
807700, t, 4.435419e-02, KEe, 19023.318648, MEe, 3.170553108e+00, E, -2.000000, NP, 6000 2000
807800, t, 4.435968e-02, KEe, 19008.801616, MEe, 3.168133603e+00, E, -2.000000, NP, 6000 2000
807900, t, 4.436517e-02, KEe, 18970.697328, MEe, 3.161782888e+00, E, -2.000000, NP, 6000 2000
808000, t, 4.437066e-02, KEe, 18956.635943, MEe, 3.159439324e+00, E, -2.000000, NP, 6000 2000
808100, t, 4.437615e-02, KEe, 18925.075648, MEe, 3.154179275e+00, E, -2.000000, NP, 6000 2000
808200, t, 4.438165e-02, KEe, 18923.910488, MEe, 3.153985081e+00, E, -2.000000, NP, 6000 2000
808300, t, 4.438714e-02, KEe, 18850.326284, MEe, 3.141721047e+00, E, -2.000000, NP, 6000 2000
808400, t, 4.439263e-02, KEe, 18878.102038, MEe, 3.146350340e+00, E, -2.000000, NP, 6000 2000
808500, t, 4.439812e-02, KEe, 18830.097074, MEe, 3.138349512e+00, E, -2.000000, NP, 6000 2000
808600, t, 4.440361e-02, KEe, 18839.488110, MEe, 3.139914685e+00, E, -2.000000, NP, 6000 2000
808700, t, 4.440910e-02, KEe, 18861.946544, MEe, 3.143657757e+00, E, -2.000000, NP, 6000 2000
808800, t, 4.441459e-02, KEe, 18796.332029, MEe, 3.132722005e+00, E, -2.000000, NP, 6000 2000
808900, t, 4.442008e-02, KEe, 18791.726948, MEe, 3.131954491e+00, E, -2.000000, NP, 6000 2000
809000, t, 4.442558e-02, KEe, 18826.176758, MEe, 3.137696126e+00, E, -2.000000, NP, 6000 2000
809100, t, 4.443107e-02, KEe, 18836.018689, MEe, 3.139336448e+00, E, -2.000000, NP, 6000 2000
809200, t, 4.443656e-02, KEe, 18847.856215, MEe, 3.141309369e+00, E, -2.000000, NP, 6000 2000
809300, t, 4.444205e-02, KEe, 18837.713192, MEe, 3.139618865e+00, E, -2.000000, NP, 6000 2000
809400, t, 4.444754e-02, KEe, 18882.952381, MEe, 3.147158730e+00, E, -2.000000, NP, 6000 2000
809500, t, 4.445303e-02, KEe, 18810.731074, MEe, 3.135121846e+00, E, -2.000000, NP, 6000 2000
809600, t, 4.445852e-02, KEe, 18840.108516, MEe, 3.140018086e+00, E, -2.000000, NP, 6000 2000
809700, t, 4.446402e-02, KEe, 18861.582390, MEe, 3.143597065e+00, E, -2.000000, NP, 6000 2000
809800, t, 4.446951e-02, KEe, 18844.592602, MEe, 3.140765434e+00, E, -2.000000, NP, 6000 2000
809900, t, 4.447500e-02, KEe, 18793.447578, MEe, 3.132241263e+00, E, -2.000000, NP, 6000 2000
810000, t, 4.448049e-02, KEe, 18792.147209, MEe, 3.132024535e+00, E, -2.000000, NP, 6000 2000
810100, t, 4.448598e-02, KEe, 18767.863636, MEe, 3.127977273e+00, E, -2.000000, NP, 6000 2000
810200, t, 4.449147e-02, KEe, 18689.569243, MEe, 3.114928207e+00, E, -2.000000, NP, 6000 2000
810300, t, 4.449696e-02, KEe, 18700.771132, MEe, 3.116795189e+00, E, -2.000000, NP, 6000 2000
810400, t, 4.450246e-02, KEe, 18682.600416, MEe, 3.113766736e+00, E, -2.000000, NP, 6000 2000
810500, t, 4.450795e-02, KEe, 18721.262992, MEe, 3.120210499e+00, E, -2.000000, NP, 6000 2000
810600, t, 4.451344e-02, KEe, 18750.858020, MEe, 3.125143003e+00, E, -2.000000, NP, 6000 2000
810700, t, 4.451893e-02, KEe, 18707.674322, MEe, 3.117945720e+00, E, -2.000000, NP, 6000 2000
810800, t, 4.452442e-02, KEe, 18640.673558, MEe, 3.106778926e+00, E, -2.000000, NP, 6000 2000
810900, t, 4.452991e-02, KEe, 18575.216754, MEe, 3.095869459e+00, E, -2.000000, NP, 6000 2000
811000, t, 4.453540e-02, KEe, 18482.207318, MEe, 3.080367886e+00, E, -2.000000, NP, 6000 2000
811100, t, 4.454090e-02, KEe, 18558.905535, MEe, 3.093150923e+00, E, -2.000000, NP, 6000 2000
811200, t, 4.454639e-02, KEe, 18585.182926, MEe, 3.097530488e+00, E, -2.000000, NP, 6000 2000
811300, t, 4.455188e-02, KEe, 18647.534492, MEe, 3.107922415e+00, E, -2.000000, NP, 6000 2000
811400, t, 4.455737e-02, KEe, 18667.707666, MEe, 3.111284611e+00, E, -2.000000, NP, 6000 2000
811500, t, 4.456286e-02, KEe, 18672.620991, MEe, 3.112103498e+00, E, -2.000000, NP, 6000 2000
811600, t, 4.456835e-02, KEe, 18608.621918, MEe, 3.101436986e+00, E, -2.000000, NP, 6000 2000
811700, t, 4.457384e-02, KEe, 18594.131423, MEe, 3.099021904e+00, E, -2.000000, NP, 6000 2000
811800, t, 4.457934e-02, KEe, 18613.343400, MEe, 3.102223900e+00, E, -2.000000, NP, 6000 2000
811900, t, 4.458483e-02, KEe, 18565.589619, MEe, 3.094264937e+00, E, -2.000000, NP, 6000 2000
812000, t, 4.459032e-02, KEe, 18493.726358, MEe, 3.082287726e+00, E, -2.000000, NP, 6000 2000
812100, t, 4.459581e-02, KEe, 18520.706276, MEe, 3.086784379e+00, E, -2.000000, NP, 6000 2000
812200, t, 4.460130e-02, KEe, 18610.140114, MEe, 3.101690019e+00, E, -2.000000, NP, 6000 2000
812300, t, 4.460679e-02, KEe, 18650.434955, MEe, 3.108405826e+00, E, -2.000000, NP, 6000 2000
812400, t, 4.461228e-02, KEe, 18663.377773, MEe, 3.110562962e+00, E, -2.000000, NP, 6000 2000
812500, t, 4.461778e-02, KEe, 18753.557140, MEe, 3.125592857e+00, E, -2.000000, NP, 6000 2000
812600, t, 4.462327e-02, KEe, 18788.397237, MEe, 3.131399539e+00, E, -2.000000, NP, 6000 2000
812700, t, 4.462876e-02, KEe, 18860.013085, MEe, 3.143335514e+00, E, -2.000000, NP, 6000 2000
812800, t, 4.463425e-02, KEe, 18883.384146, MEe, 3.147230691e+00, E, -2.000000, NP, 6000 2000
812900, t, 4.463974e-02, KEe, 18916.891098, MEe, 3.152815183e+00, E, -2.000000, NP, 6000 2000
813000, t, 4.464523e-02, KEe, 18986.321695, MEe, 3.164386949e+00, E, -2.000000, NP, 6000 2000
813100, t, 4.465072e-02, KEe, 18968.314765, MEe, 3.161385794e+00, E, -2.000000, NP, 6000 2000
813200, t, 4.465622e-02, KEe, 18872.501482, MEe, 3.145416914e+00, E, -2.000000, NP, 6000 2000
813300, t, 4.466171e-02, KEe, 18952.635688, MEe, 3.158772615e+00, E, -2.000000, NP, 6000 2000
813400, t, 4.466720e-02, KEe, 19019.226386, MEe, 3.169871064e+00, E, -2.000000, NP, 6000 2000
813500, t, 4.467269e-02, KEe, 18985.448142, MEe, 3.164241357e+00, E, -2.000000, NP, 6000 2000
813600, t, 4.467818e-02, KEe, 18988.206047, MEe, 3.164701008e+00, E, -2.000000, NP, 6000 2000
813700, t, 4.468367e-02, KEe, 18984.789887, MEe, 3.164131648e+00, E, -2.000000, NP, 6000 2000
813800, t, 4.468916e-02, KEe, 19003.701300, MEe, 3.167283550e+00, E, -2.000000, NP, 6000 2000
813900, t, 4.469466e-02, KEe, 18985.545380, MEe, 3.164257563e+00, E, -2.000000, NP, 6000 2000
814000, t, 4.470015e-02, KEe, 18936.581227, MEe, 3.156096871e+00, E, -2.000000, NP, 6000 2000
814100, t, 4.470564e-02, KEe, 18977.163526, MEe, 3.162860588e+00, E, -2.000000, NP, 6000 2000
814200, t, 4.471113e-02, KEe, 18910.318371, MEe, 3.151719728e+00, E, -2.000000, NP, 6000 2000
814300, t, 4.471662e-02, KEe, 18899.632419, MEe, 3.149938736e+00, E, -2.000000, NP, 6000 2000
814400, t, 4.472211e-02, KEe, 18924.849485, MEe, 3.154141581e+00, E, -2.000000, NP, 6000 2000
814500, t, 4.472760e-02, KEe, 18981.501601, MEe, 3.163583600e+00, E, -2.000000, NP, 6000 2000
814600, t, 4.473310e-02, KEe, 18951.278414, MEe, 3.158546402e+00, E, -2.000000, NP, 6000 2000
814700, t, 4.473859e-02, KEe, 18972.350042, MEe, 3.162058340e+00, E, -2.000000, NP, 6000 2000
814800, t, 4.474408e-02, KEe, 18878.730966, MEe, 3.146455161e+00, E, -2.000000, NP, 6000 2000
814900, t, 4.474957e-02, KEe, 18945.256059, MEe, 3.157542677e+00, E, -2.000000, NP, 6000 2000
815000, t, 4.475506e-02, KEe, 18846.429792, MEe, 3.141071632e+00, E, -2.000000, NP, 6000 2000
815100, t, 4.476055e-02, KEe, 18757.794757, MEe, 3.126299126e+00, E, -2.000000, NP, 6000 2000
815200, t, 4.476604e-02, KEe, 18755.388950, MEe, 3.125898158e+00, E, -2.000000, NP, 6000 2000
815300, t, 4.477154e-02, KEe, 18776.980802, MEe, 3.129496800e+00, E, -2.000000, NP, 6000 2000
815400, t, 4.477703e-02, KEe, 18747.573465, MEe, 3.124595578e+00, E, -2.000000, NP, 6000 2000
815500, t, 4.478252e-02, KEe, 18693.072150, MEe, 3.115512025e+00, E, -2.000000, NP, 6000 2000
815600, t, 4.478801e-02, KEe, 18580.574803, MEe, 3.096762467e+00, E, -2.000000, NP, 6000 2000
815700, t, 4.479350e-02, KEe, 18673.088866, MEe, 3.112181478e+00, E, -2.000000, NP, 6000 2000
815800, t, 4.479899e-02, KEe, 18660.983513, MEe, 3.110163919e+00, E, -2.000000, NP, 6000 2000
815900, t, 4.480448e-02, KEe, 18760.469439, MEe, 3.126744906e+00, E, -2.000000, NP, 6000 2000
816000, t, 4.480998e-02, KEe, 18772.793056, MEe, 3.128798843e+00, E, -2.000000, NP, 6000 2000
816100, t, 4.481547e-02, KEe, 18746.681860, MEe, 3.124446977e+00, E, -2.000000, NP, 6000 2000
816200, t, 4.482096e-02, KEe, 18712.232406, MEe, 3.118705401e+00, E, -2.000000, NP, 6000 2000
816300, t, 4.482645e-02, KEe, 18768.377619, MEe, 3.128062937e+00, E, -2.000000, NP, 6000 2000
816400, t, 4.483194e-02, KEe, 18785.850187, MEe, 3.130975031e+00, E, -2.000000, NP, 6000 2000
816500, t, 4.483743e-02, KEe, 18883.374338, MEe, 3.147229056e+00, E, -2.000000, NP, 6000 2000
816600, t, 4.484292e-02, KEe, 18850.392799, MEe, 3.141732133e+00, E, -2.000000, NP, 6000 2000
816700, t, 4.484842e-02, KEe, 18886.049700, MEe, 3.147674950e+00, E, -2.000000, NP, 6000 2000
816800, t, 4.485391e-02, KEe, 19022.339135, MEe, 3.170389856e+00, E, -2.000000, NP, 6000 2000
816900, t, 4.485940e-02, KEe, 19015.355640, MEe, 3.169225940e+00, E, -2.000000, NP, 6000 2000
817000, t, 4.486489e-02, KEe, 18953.302583, MEe, 3.158883764e+00, E, -2.000000, NP, 6000 2000
817100, t, 4.487038e-02, KEe, 18881.605301, MEe, 3.146934217e+00, E, -2.000000, NP, 6000 2000
817200, t, 4.487587e-02, KEe, 18846.210563, MEe, 3.141035094e+00, E, -2.000000, NP, 6000 2000
817300, t, 4.488136e-02, KEe, 18906.020373, MEe, 3.151003396e+00, E, -2.000000, NP, 6000 2000
817400, t, 4.488686e-02, KEe, 18928.283471, MEe, 3.154713912e+00, E, -2.000000, NP, 6000 2000
817500, t, 4.489235e-02, KEe, 18967.969886, MEe, 3.161328314e+00, E, -2.000000, NP, 6000 2000
817600, t, 4.489784e-02, KEe, 18842.695904, MEe, 3.140449317e+00, E, -2.000000, NP, 6000 2000
817700, t, 4.490333e-02, KEe, 18816.673002, MEe, 3.136112167e+00, E, -2.000000, NP, 6000 2000
817800, t, 4.490882e-02, KEe, 18858.159932, MEe, 3.143026655e+00, E, -2.000000, NP, 6000 2000
817900, t, 4.491431e-02, KEe, 18892.979385, MEe, 3.148829897e+00, E, -2.000000, NP, 6000 2000
818000, t, 4.491980e-02, KEe, 18915.788542, MEe, 3.152631424e+00, E, -2.000000, NP, 6000 2000
818100, t, 4.492530e-02, KEe, 18855.609118, MEe, 3.142601520e+00, E, -2.000000, NP, 6000 2000
818200, t, 4.493079e-02, KEe, 18844.796663, MEe, 3.140799444e+00, E, -2.000000, NP, 6000 2000
818300, t, 4.493628e-02, KEe, 18871.702577, MEe, 3.145283763e+00, E, -2.000000, NP, 6000 2000
818400, t, 4.494177e-02, KEe, 18806.620066, MEe, 3.134436678e+00, E, -2.000000, NP, 6000 2000
818500, t, 4.494726e-02, KEe, 18850.663958, MEe, 3.141777326e+00, E, -2.000000, NP, 6000 2000
818600, t, 4.495275e-02, KEe, 18861.246666, MEe, 3.143541111e+00, E, -2.000000, NP, 6000 2000
818700, t, 4.495824e-02, KEe, 18837.696249, MEe, 3.139616041e+00, E, -2.000000, NP, 6000 2000
818800, t, 4.496374e-02, KEe, 18881.059628, MEe, 3.146843271e+00, E, -2.000000, NP, 6000 2000
818900, t, 4.496923e-02, KEe, 18940.260156, MEe, 3.156710026e+00, E, -2.000000, NP, 6000 2000
819000, t, 4.497472e-02, KEe, 18988.834163, MEe, 3.164805694e+00, E, -2.000000, NP, 6000 2000
819100, t, 4.498021e-02, KEe, 18936.833645, MEe, 3.156138941e+00, E, -2.000000, NP, 6000 2000
819200, t, 4.498570e-02, KEe, 18924.944456, MEe, 3.154157409e+00, E, -2.000000, NP, 6000 2000
819300, t, 4.499119e-02, KEe, 18904.802326, MEe, 3.150800388e+00, E, -2.000000, NP, 6000 2000
819400, t, 4.499668e-02, KEe, 18976.251164, MEe, 3.162708527e+00, E, -2.000000, NP, 6000 2000
819500, t, 4.500218e-02, KEe, 18858.296009, MEe, 3.143049335e+00, E, -2.000000, NP, 6000 2000
819600, t, 4.500767e-02, KEe, 18918.495981, MEe, 3.153082663e+00, E, -2.000000, NP, 6000 2000
819700, t, 4.501316e-02, KEe, 18904.693525, MEe, 3.150782254e+00, E, -2.000000, NP, 6000 2000
819800, t, 4.501865e-02, KEe, 18907.594149, MEe, 3.151265692e+00, E, -2.000000, NP, 6000 2000
819900, t, 4.502414e-02, KEe, 18777.712393, MEe, 3.129618732e+00, E, -2.000000, NP, 6000 2000
820000, t, 4.502963e-02, KEe, 18693.634020, MEe, 3.115605670e+00, E, -2.000000, NP, 6000 2000
820100, t, 4.503512e-02, KEe, 18737.456396, MEe, 3.122909399e+00, E, -2.000000, NP, 6000 2000
820200, t, 4.504062e-02, KEe, 18744.838999, MEe, 3.124139833e+00, E, -2.000000, NP, 6000 2000
820300, t, 4.504611e-02, KEe, 18714.014527, MEe, 3.119002421e+00, E, -2.000000, NP, 6000 2000
820400, t, 4.505160e-02, KEe, 18702.801447, MEe, 3.117133574e+00, E, -2.000000, NP, 6000 2000
820500, t, 4.505709e-02, KEe, 18628.831494, MEe, 3.104805249e+00, E, -2.000000, NP, 6000 2000
820600, t, 4.506258e-02, KEe, 18670.433483, MEe, 3.111738914e+00, E, -2.000000, NP, 6000 2000
820700, t, 4.506807e-02, KEe, 18657.931747, MEe, 3.109655291e+00, E, -2.000000, NP, 6000 2000
820800, t, 4.507356e-02, KEe, 18662.406468, MEe, 3.110401078e+00, E, -2.000000, NP, 6000 2000
820900, t, 4.507906e-02, KEe, 18699.168829, MEe, 3.116528138e+00, E, -2.000000, NP, 6000 2000
821000, t, 4.508455e-02, KEe, 18674.643660, MEe, 3.112440610e+00, E, -2.000000, NP, 6000 2000
821100, t, 4.509004e-02, KEe, 18778.951411, MEe, 3.129825235e+00, E, -2.000000, NP, 6000 2000
821200, t, 4.509553e-02, KEe, 18798.773283, MEe, 3.133128880e+00, E, -2.000000, NP, 6000 2000
821300, t, 4.510102e-02, KEe, 18707.365459, MEe, 3.117894243e+00, E, -2.000000, NP, 6000 2000
821400, t, 4.510651e-02, KEe, 18777.684982, MEe, 3.129614164e+00, E, -2.000000, NP, 6000 2000
821500, t, 4.511200e-02, KEe, 18834.420189, MEe, 3.139070032e+00, E, -2.000000, NP, 6000 2000
821600, t, 4.511750e-02, KEe, 18799.966952, MEe, 3.133327825e+00, E, -2.000000, NP, 6000 2000
821700, t, 4.512299e-02, KEe, 18862.907831, MEe, 3.143817972e+00, E, -2.000000, NP, 6000 2000
821800, t, 4.512848e-02, KEe, 18902.067637, MEe, 3.150344606e+00, E, -2.000000, NP, 6000 2000
821900, t, 4.513397e-02, KEe, 18900.860861, MEe, 3.150143477e+00, E, -2.000000, NP, 6000 2000
822000, t, 4.513946e-02, KEe, 18918.259595, MEe, 3.153043266e+00, E, -2.000000, NP, 6000 2000
822100, t, 4.514495e-02, KEe, 18816.777916, MEe, 3.136129653e+00, E, -2.000000, NP, 6000 2000
822200, t, 4.515044e-02, KEe, 18805.589046, MEe, 3.134264841e+00, E, -2.000000, NP, 6000 2000
822300, t, 4.515594e-02, KEe, 18893.224733, MEe, 3.148870789e+00, E, -2.000000, NP, 6000 2000
822400, t, 4.516143e-02, KEe, 18894.135608, MEe, 3.149022601e+00, E, -2.000000, NP, 6000 2000
822500, t, 4.516692e-02, KEe, 18945.585678, MEe, 3.157597613e+00, E, -2.000000, NP, 6000 2000
822600, t, 4.517241e-02, KEe, 19005.846052, MEe, 3.167641009e+00, E, -2.000000, NP, 6000 2000
822700, t, 4.517790e-02, KEe, 19080.851402, MEe, 3.180141900e+00, E, -2.000000, NP, 6000 2000
822800, t, 4.518339e-02, KEe, 19031.513628, MEe, 3.171918938e+00, E, -2.000000, NP, 6000 2000
822900, t, 4.518888e-02, KEe, 19020.756563, MEe, 3.170126094e+00, E, -2.000000, NP, 6000 2000
823000, t, 4.519437e-02, KEe, 19057.630309, MEe, 3.176271718e+00, E, -2.000000, NP, 6000 2000
823100, t, 4.519987e-02, KEe, 19019.407925, MEe, 3.169901321e+00, E, -2.000000, NP, 6000 2000
823200, t, 4.520536e-02, KEe, 19069.777359, MEe, 3.178296227e+00, E, -2.000000, NP, 6000 2000
823300, t, 4.521085e-02, KEe, 18966.358754, MEe, 3.161059792e+00, E, -2.000000, NP, 6000 2000
823400, t, 4.521634e-02, KEe, 18933.996349, MEe, 3.155666058e+00, E, -2.000000, NP, 6000 2000
823500, t, 4.522183e-02, KEe, 18949.173166, MEe, 3.158195528e+00, E, -2.000000, NP, 6000 2000
823600, t, 4.522732e-02, KEe, 18960.007400, MEe, 3.160001233e+00, E, -2.000000, NP, 6000 2000
823700, t, 4.523281e-02, KEe, 18958.167473, MEe, 3.159694579e+00, E, -2.000000, NP, 6000 2000
823800, t, 4.523831e-02, KEe, 18997.568332, MEe, 3.166261389e+00, E, -2.000000, NP, 6000 2000
823900, t, 4.524380e-02, KEe, 19083.766946, MEe, 3.180627824e+00, E, -2.000000, NP, 6000 2000
824000, t, 4.524929e-02, KEe, 19145.625209, MEe, 3.190937535e+00, E, -2.000000, NP, 6000 2000
824100, t, 4.525478e-02, KEe, 19182.716124, MEe, 3.197119354e+00, E, -2.000000, NP, 6000 2000
824200, t, 4.526027e-02, KEe, 19251.469384, MEe, 3.208578231e+00, E, -2.000000, NP, 6000 2000
824300, t, 4.526576e-02, KEe, 19139.341852, MEe, 3.189890309e+00, E, -2.000000, NP, 6000 2000
824400, t, 4.527125e-02, KEe, 19144.076210, MEe, 3.190679368e+00, E, -2.000000, NP, 6000 2000
824500, t, 4.527675e-02, KEe, 19078.861411, MEe, 3.179810235e+00, E, -2.000000, NP, 6000 2000
824600, t, 4.528224e-02, KEe, 18992.739466, MEe, 3.165456578e+00, E, -2.000000, NP, 6000 2000
824700, t, 4.528773e-02, KEe, 18859.129704, MEe, 3.143188284e+00, E, -2.000000, NP, 6000 2000
824800, t, 4.529322e-02, KEe, 18780.673329, MEe, 3.130112222e+00, E, -2.000000, NP, 6000 2000
824900, t, 4.529871e-02, KEe, 18749.012074, MEe, 3.124835346e+00, E, -2.000000, NP, 6000 2000
825000, t, 4.530420e-02, KEe, 18672.524571, MEe, 3.112087429e+00, E, -2.000000, NP, 6000 2000
825100, t, 4.530969e-02, KEe, 18777.451132, MEe, 3.129575189e+00, E, -2.000000, NP, 6000 2000
825200, t, 4.531519e-02, KEe, 18847.243946, MEe, 3.141207324e+00, E, -2.000000, NP, 6000 2000
825300, t, 4.532068e-02, KEe, 18900.159013, MEe, 3.150026502e+00, E, -2.000000, NP, 6000 2000
825400, t, 4.532617e-02, KEe, 18786.179488, MEe, 3.131029915e+00, E, -2.000000, NP, 6000 2000
825500, t, 4.533166e-02, KEe, 18778.889544, MEe, 3.129814924e+00, E, -2.000000, NP, 6000 2000
825600, t, 4.533715e-02, KEe, 18832.827870, MEe, 3.138804645e+00, E, -2.000000, NP, 6000 2000
825700, t, 4.534264e-02, KEe, 18817.265915, MEe, 3.136210986e+00, E, -2.000000, NP, 6000 2000
825800, t, 4.534813e-02, KEe, 18805.900822, MEe, 3.134316804e+00, E, -2.000000, NP, 6000 2000
825900, t, 4.535363e-02, KEe, 18821.195111, MEe, 3.136865852e+00, E, -2.000000, NP, 6000 2000
826000, t, 4.535912e-02, KEe, 18792.059262, MEe, 3.132009877e+00, E, -2.000000, NP, 6000 2000
826100, t, 4.536461e-02, KEe, 18736.263999, MEe, 3.122710667e+00, E, -2.000000, NP, 6000 2000
826200, t, 4.537010e-02, KEe, 18669.111198, MEe, 3.111518533e+00, E, -2.000000, NP, 6000 2000
826300, t, 4.537559e-02, KEe, 18622.237737, MEe, 3.103706289e+00, E, -2.000000, NP, 6000 2000
826400, t, 4.538108e-02, KEe, 18557.889389, MEe, 3.092981565e+00, E, -2.000000, NP, 6000 2000
826500, t, 4.538657e-02, KEe, 18534.972842, MEe, 3.089162140e+00, E, -2.000000, NP, 6000 2000
826600, t, 4.539207e-02, KEe, 18600.322228, MEe, 3.100053705e+00, E, -2.000000, NP, 6000 2000
826700, t, 4.539756e-02, KEe, 18638.865850, MEe, 3.106477642e+00, E, -2.000000, NP, 6000 2000
826800, t, 4.540305e-02, KEe, 18655.212169, MEe, 3.109202028e+00, E, -2.000000, NP, 6000 2000
826900, t, 4.540854e-02, KEe, 18688.336680, MEe, 3.114722780e+00, E, -2.000000, NP, 6000 2000
827000, t, 4.541403e-02, KEe, 18712.996019, MEe, 3.118832670e+00, E, -2.000000, NP, 6000 2000
827100, t, 4.541952e-02, KEe, 18733.298387, MEe, 3.122216398e+00, E, -2.000000, NP, 6000 2000
827200, t, 4.542501e-02, KEe, 18764.445938, MEe, 3.127407656e+00, E, -2.000000, NP, 6000 2000
827300, t, 4.543051e-02, KEe, 18811.205828, MEe, 3.135200971e+00, E, -2.000000, NP, 6000 2000
827400, t, 4.543600e-02, KEe, 18778.342900, MEe, 3.129723817e+00, E, -2.000000, NP, 6000 2000
827500, t, 4.544149e-02, KEe, 18843.663972, MEe, 3.140610662e+00, E, -2.000000, NP, 6000 2000
827600, t, 4.544698e-02, KEe, 18855.449110, MEe, 3.142574852e+00, E, -2.000000, NP, 6000 2000
827700, t, 4.545247e-02, KEe, 18965.075522, MEe, 3.160845920e+00, E, -2.000000, NP, 6000 2000
827800, t, 4.545796e-02, KEe, 18999.440435, MEe, 3.166573406e+00, E, -2.000000, NP, 6000 2000
827900, t, 4.546345e-02, KEe, 19044.477814, MEe, 3.174079636e+00, E, -2.000000, NP, 6000 2000
828000, t, 4.546895e-02, KEe, 18988.449976, MEe, 3.164741663e+00, E, -2.000000, NP, 6000 2000
828100, t, 4.547444e-02, KEe, 19011.153657, MEe, 3.168525610e+00, E, -2.000000, NP, 6000 2000
828200, t, 4.547993e-02, KEe, 18990.070949, MEe, 3.165011825e+00, E, -2.000000, NP, 6000 2000
828300, t, 4.548542e-02, KEe, 18970.391194, MEe, 3.161731866e+00, E, -2.000000, NP, 6000 2000
828400, t, 4.549091e-02, KEe, 18918.728605, MEe, 3.153121434e+00, E, -2.000000, NP, 6000 2000
828500, t, 4.549640e-02, KEe, 18940.750257, MEe, 3.156791710e+00, E, -2.000000, NP, 6000 2000
828600, t, 4.550189e-02, KEe, 18961.262587, MEe, 3.160210431e+00, E, -2.000000, NP, 6000 2000
828700, t, 4.550739e-02, KEe, 18837.268806, MEe, 3.139544801e+00, E, -2.000000, NP, 6000 2000
828800, t, 4.551288e-02, KEe, 18794.893576, MEe, 3.132482263e+00, E, -2.000000, NP, 6000 2000
828900, t, 4.551837e-02, KEe, 18726.055764, MEe, 3.121009294e+00, E, -2.000000, NP, 6000 2000
829000, t, 4.552386e-02, KEe, 18685.808614, MEe, 3.114301436e+00, E, -2.000000, NP, 6000 2000
829100, t, 4.552935e-02, KEe, 18812.607847, MEe, 3.135434641e+00, E, -2.000000, NP, 6000 2000
829200, t, 4.553484e-02, KEe, 18748.615325, MEe, 3.124769221e+00, E, -2.000000, NP, 6000 2000
829300, t, 4.554033e-02, KEe, 18864.057875, MEe, 3.144009646e+00, E, -2.000000, NP, 6000 2000
829400, t, 4.554583e-02, KEe, 18928.839246, MEe, 3.154806541e+00, E, -2.000000, NP, 6000 2000
829500, t, 4.555132e-02, KEe, 18888.196072, MEe, 3.148032679e+00, E, -2.000000, NP, 6000 2000
829600, t, 4.555681e-02, KEe, 18831.068151, MEe, 3.138511359e+00, E, -2.000000, NP, 6000 2000
829700, t, 4.556230e-02, KEe, 18888.054907, MEe, 3.148009151e+00, E, -2.000000, NP, 6000 2000
829800, t, 4.556779e-02, KEe, 18895.432961, MEe, 3.149238827e+00, E, -2.000000, NP, 6000 2000
829900, t, 4.557328e-02, KEe, 18831.486571, MEe, 3.138581095e+00, E, -2.000000, NP, 6000 2000
830000, t, 4.557877e-02, KEe, 18853.062063, MEe, 3.142177011e+00, E, -2.000000, NP, 6000 2000
830100, t, 4.558427e-02, KEe, 18788.124713, MEe, 3.131354119e+00, E, -2.000000, NP, 6000 2000
830200, t, 4.558976e-02, KEe, 18888.425046, MEe, 3.148070841e+00, E, -2.000000, NP, 6000 2000
830300, t, 4.559525e-02, KEe, 18907.202918, MEe, 3.151200486e+00, E, -2.000000, NP, 6000 2000
830400, t, 4.560074e-02, KEe, 18940.031744, MEe, 3.156671957e+00, E, -2.000000, NP, 6000 2000
830500, t, 4.560623e-02, KEe, 18963.542925, MEe, 3.160590488e+00, E, -2.000000, NP, 6000 2000
830600, t, 4.561172e-02, KEe, 18943.747966, MEe, 3.157291328e+00, E, -2.000000, NP, 6000 2000
830700, t, 4.561721e-02, KEe, 18925.263578, MEe, 3.154210596e+00, E, -2.000000, NP, 6000 2000
830800, t, 4.562271e-02, KEe, 18877.174799, MEe, 3.146195800e+00, E, -2.000000, NP, 6000 2000
830900, t, 4.562820e-02, KEe, 18955.497094, MEe, 3.159249516e+00, E, -2.000000, NP, 6000 2000
831000, t, 4.563369e-02, KEe, 18944.909180, MEe, 3.157484863e+00, E, -2.000000, NP, 6000 2000
831100, t, 4.563918e-02, KEe, 18954.962592, MEe, 3.159160432e+00, E, -2.000000, NP, 6000 2000
831200, t, 4.564467e-02, KEe, 19030.115864, MEe, 3.171685977e+00, E, -2.000000, NP, 6000 2000
831300, t, 4.565016e-02, KEe, 18982.637517, MEe, 3.163772919e+00, E, -2.000000, NP, 6000 2000
831400, t, 4.565565e-02, KEe, 18969.027952, MEe, 3.161504659e+00, E, -2.000000, NP, 6000 2000
831500, t, 4.566115e-02, KEe, 18886.445225, MEe, 3.147740871e+00, E, -2.000000, NP, 6000 2000
831600, t, 4.566664e-02, KEe, 18919.348514, MEe, 3.153224752e+00, E, -2.000000, NP, 6000 2000
831700, t, 4.567213e-02, KEe, 18891.582393, MEe, 3.148597066e+00, E, -2.000000, NP, 6000 2000
831800, t, 4.567762e-02, KEe, 18917.847843, MEe, 3.152974641e+00, E, -2.000000, NP, 6000 2000
831900, t, 4.568311e-02, KEe, 18875.424383, MEe, 3.145904064e+00, E, -2.000000, NP, 6000 2000
832000, t, 4.568860e-02, KEe, 18909.049498, MEe, 3.151508250e+00, E, -2.000000, NP, 6000 2000
832100, t, 4.569409e-02, KEe, 18857.868361, MEe, 3.142978060e+00, E, -2.000000, NP, 6000 2000
832200, t, 4.569959e-02, KEe, 18869.360170, MEe, 3.144893362e+00, E, -2.000000, NP, 6000 2000
832300, t, 4.570508e-02, KEe, 18870.953986, MEe, 3.145158998e+00, E, -2.000000, NP, 6000 2000
832400, t, 4.571057e-02, KEe, 18916.818180, MEe, 3.152803030e+00, E, -2.000000, NP, 6000 2000
832500, t, 4.571606e-02, KEe, 18906.562963, MEe, 3.151093827e+00, E, -2.000000, NP, 6000 2000
832600, t, 4.572155e-02, KEe, 18890.118707, MEe, 3.148353118e+00, E, -2.000000, NP, 6000 2000
832700, t, 4.572704e-02, KEe, 18964.095458, MEe, 3.160682576e+00, E, -2.000000, NP, 6000 2000
832800, t, 4.573253e-02, KEe, 18998.745650, MEe, 3.166457608e+00, E, -2.000000, NP, 6000 2000
832900, t, 4.573803e-02, KEe, 18983.909153, MEe, 3.163984859e+00, E, -2.000000, NP, 6000 2000
833000, t, 4.574352e-02, KEe, 18972.349430, MEe, 3.162058238e+00, E, -2.000000, NP, 6000 2000
833100, t, 4.574901e-02, KEe, 19055.184196, MEe, 3.175864033e+00, E, -2.000000, NP, 6000 2000
833200, t, 4.575450e-02, KEe, 19106.993143, MEe, 3.184498857e+00, E, -2.000000, NP, 6000 2000
833300, t, 4.575999e-02, KEe, 19072.714678, MEe, 3.178785780e+00, E, -2.000000, NP, 6000 2000
833400, t, 4.576548e-02, KEe, 19096.412589, MEe, 3.182735431e+00, E, -2.000000, NP, 6000 2000
833500, t, 4.577097e-02, KEe, 19059.121737, MEe, 3.176520289e+00, E, -2.000000, NP, 6000 2000
833600, t, 4.577647e-02, KEe, 19076.135299, MEe, 3.179355883e+00, E, -2.000000, NP, 6000 2000
833700, t, 4.578196e-02, KEe, 19097.609256, MEe, 3.182934876e+00, E, -2.000000, NP, 6000 2000
833800, t, 4.578745e-02, KEe, 19162.995124, MEe, 3.193832521e+00, E, -2.000000, NP, 6000 2000
833900, t, 4.579294e-02, KEe, 19201.677252, MEe, 3.200279542e+00, E, -2.000000, NP, 6000 2000
834000, t, 4.579843e-02, KEe, 19173.792939, MEe, 3.195632156e+00, E, -2.000000, NP, 6000 2000
834100, t, 4.580392e-02, KEe, 19074.825485, MEe, 3.179137581e+00, E, -2.000000, NP, 6000 2000
834200, t, 4.580941e-02, KEe, 19044.503828, MEe, 3.174083971e+00, E, -2.000000, NP, 6000 2000
834300, t, 4.581491e-02, KEe, 19050.740668, MEe, 3.175123445e+00, E, -2.000000, NP, 6000 2000
834400, t, 4.582040e-02, KEe, 19068.690587, MEe, 3.178115098e+00, E, -2.000000, NP, 6000 2000
834500, t, 4.582589e-02, KEe, 19062.126001, MEe, 3.177021000e+00, E, -2.000000, NP, 6000 2000
834600, t, 4.583138e-02, KEe, 19007.632944, MEe, 3.167938824e+00, E, -2.000000, NP, 6000 2000
834700, t, 4.583687e-02, KEe, 18971.877874, MEe, 3.161979646e+00, E, -2.000000, NP, 6000 2000
834800, t, 4.584236e-02, KEe, 19036.388924, MEe, 3.172731487e+00, E, -2.000000, NP, 6000 2000
834900, t, 4.584785e-02, KEe, 19037.406530, MEe, 3.172901088e+00, E, -2.000000, NP, 6000 2000
835000, t, 4.585335e-02, KEe, 19008.929222, MEe, 3.168154870e+00, E, -2.000000, NP, 6000 2000
835100, t, 4.585884e-02, KEe, 19035.288118, MEe, 3.172548020e+00, E, -2.000000, NP, 6000 2000
835200, t, 4.586433e-02, KEe, 19066.735775, MEe, 3.177789296e+00, E, -2.000000, NP, 6000 2000
835300, t, 4.586982e-02, KEe, 19027.557536, MEe, 3.171259589e+00, E, -2.000000, NP, 6000 2000
835400, t, 4.587531e-02, KEe, 19023.649902, MEe, 3.170608317e+00, E, -2.000000, NP, 6000 2000
835500, t, 4.588080e-02, KEe, 18980.795731, MEe, 3.163465955e+00, E, -2.000000, NP, 6000 2000
835600, t, 4.588629e-02, KEe, 18839.663726, MEe, 3.139943954e+00, E, -2.000000, NP, 6000 2000
835700, t, 4.589179e-02, KEe, 18715.361546, MEe, 3.119226924e+00, E, -2.000000, NP, 6000 2000
835800, t, 4.589728e-02, KEe, 18748.689940, MEe, 3.124781657e+00, E, -2.000000, NP, 6000 2000
835900, t, 4.590277e-02, KEe, 18755.623789, MEe, 3.125937298e+00, E, -2.000000, NP, 6000 2000
836000, t, 4.590826e-02, KEe, 18831.110451, MEe, 3.138518408e+00, E, -2.000000, NP, 6000 2000
836100, t, 4.591375e-02, KEe, 18725.826410, MEe, 3.120971068e+00, E, -2.000000, NP, 6000 2000
836200, t, 4.591924e-02, KEe, 18688.848383, MEe, 3.114808064e+00, E, -2.000000, NP, 6000 2000
836300, t, 4.592473e-02, KEe, 18724.764963, MEe, 3.120794160e+00, E, -2.000000, NP, 6000 2000
836400, t, 4.593023e-02, KEe, 18833.927522, MEe, 3.138987920e+00, E, -2.000000, NP, 6000 2000
836500, t, 4.593572e-02, KEe, 18809.047731, MEe, 3.134841289e+00, E, -2.000000, NP, 6000 2000
836600, t, 4.594121e-02, KEe, 18783.564155, MEe, 3.130594026e+00, E, -2.000000, NP, 6000 2000
836700, t, 4.594670e-02, KEe, 18747.594520, MEe, 3.124599087e+00, E, -2.000000, NP, 6000 2000
836800, t, 4.595219e-02, KEe, 18665.504940, MEe, 3.110917490e+00, E, -2.000000, NP, 6000 2000
836900, t, 4.595768e-02, KEe, 18633.569772, MEe, 3.105594962e+00, E, -2.000000, NP, 6000 2000
837000, t, 4.596317e-02, KEe, 18671.794775, MEe, 3.111965796e+00, E, -2.000000, NP, 6000 2000
837100, t, 4.596867e-02, KEe, 18628.235127, MEe, 3.104705855e+00, E, -2.000000, NP, 6000 2000
837200, t, 4.597416e-02, KEe, 18673.575707, MEe, 3.112262618e+00, E, -2.000000, NP, 6000 2000
837300, t, 4.597965e-02, KEe, 18700.999659, MEe, 3.116833276e+00, E, -2.000000, NP, 6000 2000
837400, t, 4.598514e-02, KEe, 18830.709467, MEe, 3.138451578e+00, E, -2.000000, NP, 6000 2000
837500, t, 4.599063e-02, KEe, 18899.386422, MEe, 3.149897737e+00, E, -2.000000, NP, 6000 2000
837600, t, 4.599612e-02, KEe, 18948.167758, MEe, 3.158027960e+00, E, -2.000000, NP, 6000 2000
837700, t, 4.600161e-02, KEe, 18925.567585, MEe, 3.154261264e+00, E, -2.000000, NP, 6000 2000
837800, t, 4.600710e-02, KEe, 19017.479846, MEe, 3.169579974e+00, E, -2.000000, NP, 6000 2000
837900, t, 4.601260e-02, KEe, 19018.514941, MEe, 3.169752490e+00, E, -2.000000, NP, 6000 2000
838000, t, 4.601809e-02, KEe, 18939.174357, MEe, 3.156529059e+00, E, -2.000000, NP, 6000 2000
838100, t, 4.602358e-02, KEe, 18898.381156, MEe, 3.149730193e+00, E, -2.000000, NP, 6000 2000
838200, t, 4.602907e-02, KEe, 18933.865814, MEe, 3.155644302e+00, E, -2.000000, NP, 6000 2000
838300, t, 4.603456e-02, KEe, 18883.853723, MEe, 3.147308954e+00, E, -2.000000, NP, 6000 2000
838400, t, 4.604005e-02, KEe, 18937.379648, MEe, 3.156229941e+00, E, -2.000000, NP, 6000 2000
838500, t, 4.604554e-02, KEe, 19068.633817, MEe, 3.178105636e+00, E, -2.000000, NP, 6000 2000
838600, t, 4.605104e-02, KEe, 19153.940705, MEe, 3.192323451e+00, E, -2.000000, NP, 6000 2000
838700, t, 4.605653e-02, KEe, 19144.848065, MEe, 3.190808011e+00, E, -2.000000, NP, 6000 2000
838800, t, 4.606202e-02, KEe, 19064.345840, MEe, 3.177390973e+00, E, -2.000000, NP, 6000 2000
838900, t, 4.606751e-02, KEe, 19075.954022, MEe, 3.179325670e+00, E, -2.000000, NP, 6000 2000
839000, t, 4.607300e-02, KEe, 19084.408131, MEe, 3.180734689e+00, E, -2.000000, NP, 6000 2000
839100, t, 4.607849e-02, KEe, 18993.784710, MEe, 3.165630785e+00, E, -2.000000, NP, 6000 2000
839200, t, 4.608398e-02, KEe, 19080.866292, MEe, 3.180144382e+00, E, -2.000000, NP, 6000 2000
839300, t, 4.608948e-02, KEe, 19054.587280, MEe, 3.175764547e+00, E, -2.000000, NP, 6000 2000
839400, t, 4.609497e-02, KEe, 19023.362010, MEe, 3.170560335e+00, E, -2.000000, NP, 6000 2000
839500, t, 4.610046e-02, KEe, 19002.751350, MEe, 3.167125225e+00, E, -2.000000, NP, 6000 2000
839600, t, 4.610595e-02, KEe, 18961.907327, MEe, 3.160317888e+00, E, -2.000000, NP, 6000 2000
839700, t, 4.611144e-02, KEe, 18931.625125, MEe, 3.155270854e+00, E, -2.000000, NP, 6000 2000
839800, t, 4.611693e-02, KEe, 18910.067624, MEe, 3.151677937e+00, E, -2.000000, NP, 6000 2000
839900, t, 4.612242e-02, KEe, 18885.674922, MEe, 3.147612487e+00, E, -2.000000, NP, 6000 2000
840000, t, 4.612792e-02, KEe, 18828.558241, MEe, 3.138093040e+00, E, -2.000000, NP, 6000 2000
840100, t, 4.613341e-02, KEe, 18848.161825, MEe, 3.141360304e+00, E, -2.000000, NP, 6000 2000
840200, t, 4.613890e-02, KEe, 18850.457680, MEe, 3.141742947e+00, E, -2.000000, NP, 6000 2000
840300, t, 4.614439e-02, KEe, 18823.528201, MEe, 3.137254700e+00, E, -2.000000, NP, 6000 2000
840400, t, 4.614988e-02, KEe, 18895.808810, MEe, 3.149301468e+00, E, -2.000000, NP, 6000 2000
840500, t, 4.615537e-02, KEe, 18871.126134, MEe, 3.145187689e+00, E, -2.000000, NP, 6000 2000
840600, t, 4.616086e-02, KEe, 18807.841178, MEe, 3.134640196e+00, E, -2.000000, NP, 6000 2000
840700, t, 4.616636e-02, KEe, 18842.092996, MEe, 3.140348833e+00, E, -2.000000, NP, 6000 2000
840800, t, 4.617185e-02, KEe, 18861.569239, MEe, 3.143594873e+00, E, -2.000000, NP, 6000 2000
840900, t, 4.617734e-02, KEe, 18809.203149, MEe, 3.134867192e+00, E, -2.000000, NP, 6000 2000
841000, t, 4.618283e-02, KEe, 18892.169092, MEe, 3.148694849e+00, E, -2.000000, NP, 6000 2000
841100, t, 4.618832e-02, KEe, 18925.774932, MEe, 3.154295822e+00, E, -2.000000, NP, 6000 2000
841200, t, 4.619381e-02, KEe, 19035.625778, MEe, 3.172604296e+00, E, -2.000000, NP, 6000 2000
841300, t, 4.619930e-02, KEe, 19085.481146, MEe, 3.180913524e+00, E, -2.000000, NP, 6000 2000
841400, t, 4.620480e-02, KEe, 19084.291908, MEe, 3.180715318e+00, E, -2.000000, NP, 6000 2000
841500, t, 4.621029e-02, KEe, 19032.393381, MEe, 3.172065563e+00, E, -2.000000, NP, 6000 2000
841600, t, 4.621578e-02, KEe, 19033.832005, MEe, 3.172305334e+00, E, -2.000000, NP, 6000 2000
841700, t, 4.622127e-02, KEe, 18964.133716, MEe, 3.160688953e+00, E, -2.000000, NP, 6000 2000
841800, t, 4.622676e-02, KEe, 18910.539260, MEe, 3.151756543e+00, E, -2.000000, NP, 6000 2000
841900, t, 4.623225e-02, KEe, 18860.748644, MEe, 3.143458107e+00, E, -2.000000, NP, 6000 2000
842000, t, 4.623774e-02, KEe, 18845.679834, MEe, 3.140946639e+00, E, -2.000000, NP, 6000 2000
842100, t, 4.624324e-02, KEe, 18908.081217, MEe, 3.151346869e+00, E, -2.000000, NP, 6000 2000
842200, t, 4.624873e-02, KEe, 18809.137671, MEe, 3.134856278e+00, E, -2.000000, NP, 6000 2000
842300, t, 4.625422e-02, KEe, 18814.584140, MEe, 3.135764023e+00, E, -2.000000, NP, 6000 2000
842400, t, 4.625971e-02, KEe, 18824.740506, MEe, 3.137456751e+00, E, -2.000000, NP, 6000 2000
842500, t, 4.626520e-02, KEe, 18865.594982, MEe, 3.144265830e+00, E, -2.000000, NP, 6000 2000
842600, t, 4.627069e-02, KEe, 18825.500166, MEe, 3.137583361e+00, E, -2.000000, NP, 6000 2000
842700, t, 4.627618e-02, KEe, 18871.381570, MEe, 3.145230262e+00, E, -2.000000, NP, 6000 2000
842800, t, 4.628168e-02, KEe, 18823.485867, MEe, 3.137247645e+00, E, -2.000000, NP, 6000 2000
842900, t, 4.628717e-02, KEe, 18734.036789, MEe, 3.122339465e+00, E, -2.000000, NP, 6000 2000
843000, t, 4.629266e-02, KEe, 18847.657834, MEe, 3.141276306e+00, E, -2.000000, NP, 6000 2000
843100, t, 4.629815e-02, KEe, 18897.320111, MEe, 3.149553352e+00, E, -2.000000, NP, 6000 2000
843200, t, 4.630364e-02, KEe, 18915.271798, MEe, 3.152545300e+00, E, -2.000000, NP, 6000 2000
843300, t, 4.630913e-02, KEe, 18952.095667, MEe, 3.158682611e+00, E, -2.000000, NP, 6000 2000
843400, t, 4.631462e-02, KEe, 18956.845348, MEe, 3.159474225e+00, E, -2.000000, NP, 6000 2000
843500, t, 4.632012e-02, KEe, 18992.055926, MEe, 3.165342654e+00, E, -2.000000, NP, 6000 2000
843600, t, 4.632561e-02, KEe, 18985.745336, MEe, 3.164290889e+00, E, -2.000000, NP, 6000 2000
843700, t, 4.633110e-02, KEe, 18997.667162, MEe, 3.166277860e+00, E, -2.000000, NP, 6000 2000
843800, t, 4.633659e-02, KEe, 18974.425906, MEe, 3.162404318e+00, E, -2.000000, NP, 6000 2000
843900, t, 4.634208e-02, KEe, 18955.047956, MEe, 3.159174659e+00, E, -2.000000, NP, 6000 2000
844000, t, 4.634757e-02, KEe, 18907.145371, MEe, 3.151190895e+00, E, -2.000000, NP, 6000 2000
844100, t, 4.635306e-02, KEe, 18968.547444, MEe, 3.161424574e+00, E, -2.000000, NP, 6000 2000
844200, t, 4.635856e-02, KEe, 18851.233804, MEe, 3.141872301e+00, E, -2.000000, NP, 6000 2000
844300, t, 4.636405e-02, KEe, 18904.206653, MEe, 3.150701109e+00, E, -2.000000, NP, 6000 2000
844400, t, 4.636954e-02, KEe, 18871.344679, MEe, 3.145224113e+00, E, -2.000000, NP, 6000 2000
844500, t, 4.637503e-02, KEe, 18849.664481, MEe, 3.141610747e+00, E, -2.000000, NP, 6000 2000
844600, t, 4.638052e-02, KEe, 18805.622014, MEe, 3.134270336e+00, E, -2.000000, NP, 6000 2000
844700, t, 4.638601e-02, KEe, 18782.870006, MEe, 3.130478334e+00, E, -2.000000, NP, 6000 2000
844800, t, 4.639150e-02, KEe, 18878.573917, MEe, 3.146428986e+00, E, -2.000000, NP, 6000 2000
844900, t, 4.639700e-02, KEe, 18829.570777, MEe, 3.138261796e+00, E, -2.000000, NP, 6000 2000
845000, t, 4.640249e-02, KEe, 18768.687159, MEe, 3.128114526e+00, E, -2.000000, NP, 6000 2000
845100, t, 4.640798e-02, KEe, 18729.815411, MEe, 3.121635902e+00, E, -2.000000, NP, 6000 2000
845200, t, 4.641347e-02, KEe, 18731.074431, MEe, 3.121845738e+00, E, -2.000000, NP, 6000 2000
845300, t, 4.641896e-02, KEe, 18621.151487, MEe, 3.103525248e+00, E, -2.000000, NP, 6000 2000
845400, t, 4.642445e-02, KEe, 18622.402378, MEe, 3.103733730e+00, E, -2.000000, NP, 6000 2000
845500, t, 4.642994e-02, KEe, 18673.853673, MEe, 3.112308945e+00, E, -2.000000, NP, 6000 2000
845600, t, 4.643544e-02, KEe, 18725.013703, MEe, 3.120835617e+00, E, -2.000000, NP, 6000 2000
845700, t, 4.644093e-02, KEe, 18788.054016, MEe, 3.131342336e+00, E, -2.000000, NP, 6000 2000
845800, t, 4.644642e-02, KEe, 18816.484995, MEe, 3.136080832e+00, E, -2.000000, NP, 6000 2000
845900, t, 4.645191e-02, KEe, 18870.059214, MEe, 3.145009869e+00, E, -2.000000, NP, 6000 2000
846000, t, 4.645740e-02, KEe, 18817.343764, MEe, 3.136223961e+00, E, -2.000000, NP, 6000 2000
846100, t, 4.646289e-02, KEe, 18782.497966, MEe, 3.130416328e+00, E, -2.000000, NP, 6000 2000
846200, t, 4.646838e-02, KEe, 18777.500930, MEe, 3.129583488e+00, E, -2.000000, NP, 6000 2000
846300, t, 4.647388e-02, KEe, 18819.455519, MEe, 3.136575920e+00, E, -2.000000, NP, 6000 2000
846400, t, 4.647937e-02, KEe, 18781.359157, MEe, 3.130226526e+00, E, -2.000000, NP, 6000 2000
846500, t, 4.648486e-02, KEe, 18813.681921, MEe, 3.135613653e+00, E, -2.000000, NP, 6000 2000
846600, t, 4.649035e-02, KEe, 18877.843659, MEe, 3.146307277e+00, E, -2.000000, NP, 6000 2000
846700, t, 4.649584e-02, KEe, 18899.733288, MEe, 3.149955548e+00, E, -2.000000, NP, 6000 2000
846800, t, 4.650133e-02, KEe, 18966.588388, MEe, 3.161098065e+00, E, -2.000000, NP, 6000 2000
846900, t, 4.650682e-02, KEe, 18884.071253, MEe, 3.147345209e+00, E, -2.000000, NP, 6000 2000
847000, t, 4.651232e-02, KEe, 18837.887608, MEe, 3.139647935e+00, E, -2.000000, NP, 6000 2000
847100, t, 4.651781e-02, KEe, 18771.743483, MEe, 3.128623914e+00, E, -2.000000, NP, 6000 2000
847200, t, 4.652330e-02, KEe, 18847.919588, MEe, 3.141319931e+00, E, -2.000000, NP, 6000 2000
847300, t, 4.652879e-02, KEe, 18839.733917, MEe, 3.139955653e+00, E, -2.000000, NP, 6000 2000
847400, t, 4.653428e-02, KEe, 18799.052770, MEe, 3.133175462e+00, E, -2.000000, NP, 6000 2000
847500, t, 4.653977e-02, KEe, 18797.397439, MEe, 3.132899573e+00, E, -2.000000, NP, 6000 2000
847600, t, 4.654526e-02, KEe, 18736.785661, MEe, 3.122797610e+00, E, -2.000000, NP, 6000 2000
847700, t, 4.655076e-02, KEe, 18748.379990, MEe, 3.124729998e+00, E, -2.000000, NP, 6000 2000
847800, t, 4.655625e-02, KEe, 18693.344630, MEe, 3.115557438e+00, E, -2.000000, NP, 6000 2000
847900, t, 4.656174e-02, KEe, 18684.338530, MEe, 3.114056422e+00, E, -2.000000, NP, 6000 2000
848000, t, 4.656723e-02, KEe, 18704.424819, MEe, 3.117404136e+00, E, -2.000000, NP, 6000 2000
848100, t, 4.657272e-02, KEe, 18693.443900, MEe, 3.115573983e+00, E, -2.000000, NP, 6000 2000
848200, t, 4.657821e-02, KEe, 18668.617536, MEe, 3.111436256e+00, E, -2.000000, NP, 6000 2000
848300, t, 4.658370e-02, KEe, 18711.367816, MEe, 3.118561303e+00, E, -2.000000, NP, 6000 2000
848400, t, 4.658920e-02, KEe, 18825.138328, MEe, 3.137523055e+00, E, -2.000000, NP, 6000 2000
848500, t, 4.659469e-02, KEe, 18775.310172, MEe, 3.129218362e+00, E, -2.000000, NP, 6000 2000
848600, t, 4.660018e-02, KEe, 18860.115338, MEe, 3.143352556e+00, E, -2.000000, NP, 6000 2000
848700, t, 4.660567e-02, KEe, 18901.524272, MEe, 3.150254045e+00, E, -2.000000, NP, 6000 2000
848800, t, 4.661116e-02, KEe, 18885.972120, MEe, 3.147662020e+00, E, -2.000000, NP, 6000 2000
848900, t, 4.661665e-02, KEe, 18967.493498, MEe, 3.161248916e+00, E, -2.000000, NP, 6000 2000
849000, t, 4.662214e-02, KEe, 18997.481302, MEe, 3.166246884e+00, E, -2.000000, NP, 6000 2000
849100, t, 4.662764e-02, KEe, 18921.998423, MEe, 3.153666404e+00, E, -2.000000, NP, 6000 2000
849200, t, 4.663313e-02, KEe, 18894.591215, MEe, 3.149098536e+00, E, -2.000000, NP, 6000 2000
849300, t, 4.663862e-02, KEe, 18933.021811, MEe, 3.155503635e+00, E, -2.000000, NP, 6000 2000
849400, t, 4.664411e-02, KEe, 18827.941252, MEe, 3.137990209e+00, E, -2.000000, NP, 6000 2000
849500, t, 4.664960e-02, KEe, 18780.084044, MEe, 3.130014007e+00, E, -2.000000, NP, 6000 2000
849600, t, 4.665509e-02, KEe, 18750.796304, MEe, 3.125132717e+00, E, -2.000000, NP, 6000 2000
849700, t, 4.666058e-02, KEe, 18790.935172, MEe, 3.131822529e+00, E, -2.000000, NP, 6000 2000
849800, t, 4.666608e-02, KEe, 18725.817841, MEe, 3.120969640e+00, E, -2.000000, NP, 6000 2000
849900, t, 4.667157e-02, KEe, 18705.895017, MEe, 3.117649170e+00, E, -2.000000, NP, 6000 2000
850000, t, 4.667706e-02, KEe, 18617.251345, MEe, 3.102875224e+00, E, -2.000000, NP, 6000 2000
850100, t, 4.668255e-02, KEe, 18709.618218, MEe, 3.118269703e+00, E, -2.000000, NP, 6000 2000
850200, t, 4.668804e-02, KEe, 18734.891134, MEe, 3.122481856e+00, E, -2.000000, NP, 6000 2000
850300, t, 4.669353e-02, KEe, 18670.745417, MEe, 3.111790903e+00, E, -2.000000, NP, 6000 2000
850400, t, 4.669902e-02, KEe, 18612.986954, MEe, 3.102164492e+00, E, -2.000000, NP, 6000 2000
850500, t, 4.670452e-02, KEe, 18680.296385, MEe, 3.113382731e+00, E, -2.000000, NP, 6000 2000
850600, t, 4.671001e-02, KEe, 18779.316406, MEe, 3.129886068e+00, E, -2.000000, NP, 6000 2000
850700, t, 4.671550e-02, KEe, 18785.126062, MEe, 3.130854344e+00, E, -2.000000, NP, 6000 2000
850800, t, 4.672099e-02, KEe, 18743.019959, MEe, 3.123836660e+00, E, -2.000000, NP, 6000 2000
850900, t, 4.672648e-02, KEe, 18795.070212, MEe, 3.132511702e+00, E, -2.000000, NP, 6000 2000
851000, t, 4.673197e-02, KEe, 18760.350693, MEe, 3.126725116e+00, E, -2.000000, NP, 6000 2000
851100, t, 4.673746e-02, KEe, 18673.898460, MEe, 3.112316410e+00, E, -2.000000, NP, 6000 2000
851200, t, 4.674296e-02, KEe, 18630.264631, MEe, 3.105044105e+00, E, -2.000000, NP, 6000 2000
851300, t, 4.674845e-02, KEe, 18689.449528, MEe, 3.114908255e+00, E, -2.000000, NP, 6000 2000
851400, t, 4.675394e-02, KEe, 18637.469829, MEe, 3.106244972e+00, E, -2.000000, NP, 6000 2000
851500, t, 4.675943e-02, KEe, 18713.078014, MEe, 3.118846336e+00, E, -2.000000, NP, 6000 2000
851600, t, 4.676492e-02, KEe, 18707.007547, MEe, 3.117834591e+00, E, -2.000000, NP, 6000 2000
851700, t, 4.677041e-02, KEe, 18758.021321, MEe, 3.126336887e+00, E, -2.000000, NP, 6000 2000
851800, t, 4.677590e-02, KEe, 18758.506433, MEe, 3.126417739e+00, E, -2.000000, NP, 6000 2000
851900, t, 4.678139e-02, KEe, 18767.838591, MEe, 3.127973098e+00, E, -2.000000, NP, 6000 2000
852000, t, 4.678689e-02, KEe, 18766.515071, MEe, 3.127752512e+00, E, -2.000000, NP, 6000 2000
852100, t, 4.679238e-02, KEe, 18772.272543, MEe, 3.128712091e+00, E, -2.000000, NP, 6000 2000
852200, t, 4.679787e-02, KEe, 18808.026244, MEe, 3.134671041e+00, E, -2.000000, NP, 6000 2000
852300, t, 4.680336e-02, KEe, 18891.279611, MEe, 3.148546602e+00, E, -2.000000, NP, 6000 2000
852400, t, 4.680885e-02, KEe, 18831.117068, MEe, 3.138519511e+00, E, -2.000000, NP, 6000 2000
852500, t, 4.681434e-02, KEe, 18800.406008, MEe, 3.133401001e+00, E, -2.000000, NP, 6000 2000
852600, t, 4.681983e-02, KEe, 18785.394189, MEe, 3.130899032e+00, E, -2.000000, NP, 6000 2000
852700, t, 4.682533e-02, KEe, 18800.468801, MEe, 3.133411467e+00, E, -2.000000, NP, 6000 2000
852800, t, 4.683082e-02, KEe, 18781.997123, MEe, 3.130332854e+00, E, -2.000000, NP, 6000 2000
852900, t, 4.683631e-02, KEe, 18768.686443, MEe, 3.128114407e+00, E, -2.000000, NP, 6000 2000
853000, t, 4.684180e-02, KEe, 18736.314742, MEe, 3.122719124e+00, E, -2.000000, NP, 6000 2000
853100, t, 4.684729e-02, KEe, 18778.737164, MEe, 3.129789527e+00, E, -2.000000, NP, 6000 2000
853200, t, 4.685278e-02, KEe, 18693.183090, MEe, 3.115530515e+00, E, -2.000000, NP, 6000 2000
853300, t, 4.685827e-02, KEe, 18832.379283, MEe, 3.138729880e+00, E, -2.000000, NP, 6000 2000
853400, t, 4.686377e-02, KEe, 18886.160295, MEe, 3.147693383e+00, E, -2.000000, NP, 6000 2000
853500, t, 4.686926e-02, KEe, 18904.944124, MEe, 3.150824021e+00, E, -2.000000, NP, 6000 2000
853600, t, 4.687475e-02, KEe, 18974.925158, MEe, 3.162487526e+00, E, -2.000000, NP, 6000 2000
853700, t, 4.688024e-02, KEe, 19063.296208, MEe, 3.177216035e+00, E, -2.000000, NP, 6000 2000
853800, t, 4.688573e-02, KEe, 19085.489468, MEe, 3.180914911e+00, E, -2.000000, NP, 6000 2000
853900, t, 4.689122e-02, KEe, 19101.512759, MEe, 3.183585460e+00, E, -2.000000, NP, 6000 2000
854000, t, 4.689671e-02, KEe, 19069.762224, MEe, 3.178293704e+00, E, -2.000000, NP, 6000 2000
854100, t, 4.690221e-02, KEe, 19108.729706, MEe, 3.184788284e+00, E, -2.000000, NP, 6000 2000
854200, t, 4.690770e-02, KEe, 19172.960207, MEe, 3.195493368e+00, E, -2.000000, NP, 6000 2000
854300, t, 4.691319e-02, KEe, 19081.049991, MEe, 3.180174998e+00, E, -2.000000, NP, 6000 2000
854400, t, 4.691868e-02, KEe, 19062.862149, MEe, 3.177143692e+00, E, -2.000000, NP, 6000 2000
854500, t, 4.692417e-02, KEe, 18968.350958, MEe, 3.161391826e+00, E, -2.000000, NP, 6000 2000
854600, t, 4.692966e-02, KEe, 18913.315908, MEe, 3.152219318e+00, E, -2.000000, NP, 6000 2000
854700, t, 4.693515e-02, KEe, 18945.701464, MEe, 3.157616911e+00, E, -2.000000, NP, 6000 2000
854800, t, 4.694065e-02, KEe, 19009.979369, MEe, 3.168329895e+00, E, -2.000000, NP, 6000 2000
854900, t, 4.694614e-02, KEe, 18987.519025, MEe, 3.164586504e+00, E, -2.000000, NP, 6000 2000
855000, t, 4.695163e-02, KEe, 19070.301263, MEe, 3.178383544e+00, E, -2.000000, NP, 6000 2000
855100, t, 4.695712e-02, KEe, 19049.095278, MEe, 3.174849213e+00, E, -2.000000, NP, 6000 2000
855200, t, 4.696261e-02, KEe, 18957.119930, MEe, 3.159519988e+00, E, -2.000000, NP, 6000 2000
855300, t, 4.696810e-02, KEe, 18836.401213, MEe, 3.139400202e+00, E, -2.000000, NP, 6000 2000
855400, t, 4.697359e-02, KEe, 18784.343002, MEe, 3.130723834e+00, E, -2.000000, NP, 6000 2000
855500, t, 4.697909e-02, KEe, 18776.804834, MEe, 3.129467472e+00, E, -2.000000, NP, 6000 2000
855600, t, 4.698458e-02, KEe, 18717.258708, MEe, 3.119543118e+00, E, -2.000000, NP, 6000 2000
855700, t, 4.699007e-02, KEe, 18761.093037, MEe, 3.126848839e+00, E, -2.000000, NP, 6000 2000
855800, t, 4.699556e-02, KEe, 18824.078167, MEe, 3.137346361e+00, E, -2.000000, NP, 6000 2000
855900, t, 4.700105e-02, KEe, 18918.551411, MEe, 3.153091902e+00, E, -2.000000, NP, 6000 2000
856000, t, 4.700654e-02, KEe, 18890.491202, MEe, 3.148415200e+00, E, -2.000000, NP, 6000 2000
856100, t, 4.701203e-02, KEe, 18844.580322, MEe, 3.140763387e+00, E, -2.000000, NP, 6000 2000
856200, t, 4.701753e-02, KEe, 18797.580383, MEe, 3.132930064e+00, E, -2.000000, NP, 6000 2000
856300, t, 4.702302e-02, KEe, 18919.308836, MEe, 3.153218139e+00, E, -2.000000, NP, 6000 2000
856400, t, 4.702851e-02, KEe, 18788.456300, MEe, 3.131409383e+00, E, -2.000000, NP, 6000 2000
856500, t, 4.703400e-02, KEe, 18791.013690, MEe, 3.131835615e+00, E, -2.000000, NP, 6000 2000
856600, t, 4.703949e-02, KEe, 18822.533950, MEe, 3.137088992e+00, E, -2.000000, NP, 6000 2000
