0,0,0,0,0,0,0,0,0,0,0,0,0,0,0,0,0,0,0,0,0,0,0,0,0,0,0,0,0,0,0,0,0,0
100,54345,0,0,0,0,0,0,0,0,0,0,0,0,0,0,0,0,0,0,0,0,0,0,0,0,0,0,0,0,0,0,0,0
200,292753,0,0,0,0,0,0,0,0,0,0,0,0,0,0,0,0,0,0,0,0,0,0,0,0,0,0,0,0,0,0,0,0
300,619683,0,0,0,0,0,0,0,0,0,0,0,0,0,0,0,0,0,0,0,0,0,0,0,0,0,0,0,0,0,0,0,0
400,1020973,0,0,0,0,0,0,0,0,0,0,0,0,0,0,0,0,0,0,0,0,0,0,0,0,0,0,0,0,0,0,0,0
500,1486929,0,0,0,0,0,0,0,0,0,0,0,0,0,0,0,0,0,0,0,0,0,0,0,2,0,1,0,0,0,0,0,0
600,2012639,0,0,0,0,0,0,0,0,0,1,0,0,1,0,0,0,1,1,0,0,1,0,1,10,5,9,0,0,0,0,0,0
700,2588012,0,0,0,0,0,0,1,0,0,1,0,1,3,0,0,0,3,2,0,0,2,2,3,35,16,17,0,0,1,0,1,0
800,3205646,0,0,0,0,0,1,1,1,0,1,0,2,8,1,0,1,5,2,1,6,3,4,5,68,42,43,0,1,2,3,1,2
900,3862609,0,0,1,0,0,1,3,1,0,1,0,2,13,1,0,1,7,7,5,7,12,8,12,116,74,87,0,3,2,3,7,3
1000,4548457,0,1,1,0,0,1,3,1,0,1,2,2,21,2,3,1,9,11,6,17,20,10,21,171,118,145,0,4,5,3,16,6
1100,5260287,0,3,1,0,0,1,4,1,0,4,2,3,26,4,3,2,12,18,8,30,25,16,26,242,171,203,0,5,8,4,28,8
1200,5993066,0,3,1,0,0,2,10,1,0,5,3,3,34,11,3,3,14,26,9,39,34,20,36,329,243,272,0,8,10,7,45,13
1300,6744661,2,3,3,0,0,5,11,4,0,7,5,4,40,14,4,4,16,33,10,49,47,25,52,430,310,361,0,11,11,9,60,18
1400,7512079,4,3,3,0,0,6,12,5,1,8,5,4,46,18,5,5,18,40,11,66,54,35,62,545,390,439,0,13,15,9,78,22
1500,8290656,6,3,3,0,0,7,14,5,1,9,5,6,55,23,7,6,19,51,14,80,71,43,73,691,470,530,0,17,20,14,103,25
1600,9077756,9,3,4,0,0,9,19,10,1,14,5,8,68,29,12,8,20,60,19,89,81,54,94,821,550,613,0,20,23,19,128,31
1700,9874903,12,4,5,0,2,11,21,13,2,14,7,11,77,35,14,9,25,73,23,104,90,61,106,969,620,724,0,26,30,24,158,36
1800,10674533,13,5,6,0,3,12,26,15,3,18,11,14,98,43,16,11,30,82,30,119,106,68,121,1105,696,824,0,28,34,26,187,45
1900,11479232,15,6,7,0,3,13,32,15,3,20,15,17,115,49,18,13,34,91,36,139,125,81,129,1249,777,921,0,30,40,29,216,55
2000,12288224,18,7,8,0,5,15,35,18,3,21,19,22,127,60,18,15,38,100,38,160,146,95,148,1406,864,1027,0,33,44,31,246,63
2100,13099215,19,7,8,0,5,16,37,20,4,23,19,23,138,64,21,16,40,113,43,176,167,107,162,1550,950,1137,3,37,48,35,273,70
2200,13911204,22,9,8,0,5,19,38,22,5,27,23,27,147,68,23,20,43,129,51,190,185,120,182,1710,1050,1238,5,38,50,36,303,83
2300,14723476,29,12,9,0,5,21,41,25,6,28,26,29,162,75,25,21,48,144,56,209,209,126,205,1854,1141,1345,5,42,54,38,335,94
2400,15534007,33,17,10,0,5,24,43,28,6,33,27,32,176,88,29,24,55,161,65,230,228,139,221,2008,1238,1455,7,45,60,41,366,97
2500,16347299,35,19,13,0,5,26,47,30,6,33,30,35,194,93,29,25,59,170,67,247,241,148,234,2163,1342,1555,7,48,70,42,403,107
2600,17162718,38,20,14,0,5,26,50,32,7,35,34,35,209,102,34,26,64,183,71,267,251,162,254,2322,1446,1678,8,52,76,43,433,119
2700,17977009,42,20,15,1,5,27,53,35,7,38,35,37,215,110,37,28,70,193,74,284,273,175,270,2469,1551,1804,9,57,81,48,471,132
2800,18791359,43,21,15,1,5,29,56,37,8,39,37,38,231,114,38,30,76,207,77,296,293,188,285,2607,1642,1923,9,60,86,52,502,141
2900,19606636,50,21,15,3,5,32,58,41,9,40,43,42,244,118,40,32,84,222,82,313,309,194,295,2765,1727,2012,9,63,91,57,533,146
3000,20425207,51,24,16,4,5,35,59,45,10,42,45,44,258,123,42,34,88,235,87,329,327,206,313,2915,1828,2124,9,67,100,58,563,151
3100,21244822,55,24,18,4,5,38,61,49,10,45,49,49,269,137,45,35,92,247,95,347,344,219,334,3053,1931,2208,9,70,102,61,585,160
3200,22065477,58,26,18,4,6,40,66,50,11,45,51,54,281,145,47,39,98,263,102,364,364,233,351,3195,2028,2302,9,78,104,65,616,164
3300,22885298,59,28,18,4,7,41,70,52,11,46,55,57,296,152,49,40,106,281,109,382,381,256,372,3341,2119,2428,9,84,107,67,647,167
3400,23704191,61,28,18,4,8,42,72,55,12,49,58,58,311,156,52,44,108,296,117,404,398,273,384,3477,2223,2528,9,89,111,70,684,172
3500,24524770,63,30,19,4,8,44,75,60,12,55,62,63,324,163,54,46,112,312,119,424,413,279,399,3646,2299,2632,9,97,120,74,724,182
3600,25341150,63,31,20,4,8,45,76,64,14,59,66,64,344,173,55,47,121,326,124,443,434,292,408,3811,2397,2748,10,101,127,77,771,189
3700,26158864,63,32,21,5,8,46,78,65,14,60,69,66,358,184,56,49,125,340,127,461,460,311,417,3963,2489,2850,11,103,129,81,814,198
3800,26976217,66,32,21,5,9,46,81,68,15,60,73,68,370,185,59,49,128,352,134,474,475,322,443,4110,2579,2966,11,107,137,86,856,205
3900,27792550,70,33,22,6,10,47,85,72,15,63,73,69,392,187,62,51,136,371,137,489,495,337,460,4257,2676,3084,11,112,144,88,888,206
4000,28609241,73,34,22,6,10,53,87,80,16,64,77,71,407,193,64,54,139,378,142,513,511,345,474,4386,2778,3201,11,117,148,93,920,215
4100,29423888,74,36,26,6,10,55,90,86,17,65,77,74,422,202,64,59,141,398,144,533,530,362,491,4531,2885,3310,11,125,156,95,950,221
4200,30235347,74,38,27,6,10,56,91,87,17,67,79,75,434,209,65,61,148,417,146,550,547,376,514,4690,2981,3421,11,127,157,100,977,226
4300,31044870,77,40,27,6,10,57,95,89,17,69,82,77,445,217,70,63,151,429,150,564,576,386,529,4826,3083,3524,11,130,163,104,1015,235
4400,31857014,80,42,28,7,10,60,98,95,17,72,84,81,462,220,72,66,155,436,155,575,593,397,555,4995,3183,3623,11,132,169,105,1048,245
4500,32672664,83,44,28,7,10,61,104,98,17,74,85,84,479,228,72,66,157,452,156,590,614,416,564,5128,3271,3711,11,136,171,109,1076,253
4600,33487890,84,44,30,7,11,66,106,101,17,78,87,85,491,237,74,66,160,462,159,607,632,426,581,5287,3365,3823,11,139,181,111,1109,262
4700,34305072,85,45,32,7,11,67,107,103,18,79,88,88,503,242,76,69,171,477,162,627,648,442,596,5436,3469,3921,12,145,187,113,1142,263
4800,35121024,89,45,32,7,12,69,110,106,19,83,90,89,517,249,78,71,175,499,166,648,666,452,613,5595,3561,4038,12,148,199,116,1179,267
4900,35932413,94,47,34,7,12,69,112,109,21,88,91,93,522,257,82,74,177,512,168,660,687,461,631,5766,3648,4160,12,153,204,121,1208,272
5000,36742231,99,52,35,8,12,72,120,114,25,89,91,96,533,266,84,76,182,527,172,682,709,471,645,5916,3741,4269,12,158,213,124,1242,288
5100,37551919,100,54,36,8,14,72,123,116,26,91,94,97,555,275,85,78,190,535,177,702,729,485,661,6070,3820,4373,12,161,219,127,1270,292
5200,38362817,102,57,37,8,15,76,124,119,27,94,95,97,572,281,89,79,193,547,181,717,756,495,684,6225,3913,4471,13,163,224,128,1304,302
5300,39174247,102,57,38,8,15,79,130,123,28,97,97,99,588,289,90,82,197,563,184,736,776,506,701,6369,4010,4560,13,167,225,131,1330,310
5400,39988096,106,58,38,8,15,82,133,125,29,99,99,102,602,295,92,85,202,577,193,764,790,524,717,6526,4125,4650,14,173,229,135,1358,317
5500,40804823,108,59,39,9,15,83,137,130,30,101,101,106,613,301,92,87,209,591,195,786,813,537,737,6669,4222,4749,15,175,236,140,1389,324
5600,41620969,113,59,41,9,15,85,139,132,30,104,103,107,622,312,97,88,216,599,201,806,836,547,752,6840,4317,4869,15,182,237,143,1421,333
5700,42435934,116,62,42,10,16,88,141,133,31,104,105,109,634,316,101,95,221,616,203,826,859,559,765,7003,4414,4963,15,185,242,148,1456,341
5800,43251004,121,63,43,10,17,93,145,135,31,105,108,111,651,321,104,96,226,628,207,850,875,569,783,7151,4510,5056,16,187,249,152,1491,348
5900,44068190,122,64,44,10,17,94,147,142,32,107,111,114,666,331,106,98,235,641,214,861,884,584,807,7290,4599,5148,17,196,252,159,1523,353
6000,44884437,126,67,48,10,18,95,149,147,33,111,113,116,683,337,107,100,241,656,222,882,898,593,824,7426,4707,5259,18,201,255,165,1541,358
6100,45701441,128,67,48,10,18,97,152,149,33,112,115,117,692,342,111,101,247,667,226,895,919,605,840,7587,4786,5362,18,207,258,168,1566,365
6200,46517761,131,67,50,11,19,99,153,150,33,112,117,118,706,348,116,103,255,674,234,917,932,622,857,7761,4904,5460,18,213,262,170,1594,376
6300,47332363,133,70,52,12,20,102,154,153,34,116,121,120,722,355,118,104,261,678,239,939,955,632,872,7902,5009,5569,18,218,269,173,1633,385
6400,48148339,137,70,53,12,20,102,157,155,35,118,127,121,738,358,120,105,264,689,241,960,971,647,895,8056,5110,5673,20,223,275,174,1666,392
6500,48960767,138,72,56,13,21,102,161,159,36,123,129,126,758,364,123,113,267,706,246,980,988,659,911,8220,5208,5795,20,226,281,177,1694,405
6600,49771594,140,74,58,15,21,102,162,162,36,124,136,129,776,370,124,117,271,718,248,1008,1005,671,933,8370,5297,5911,20,229,286,182,1721,414
6700,50583485,143,76,58,15,21,105,165,163,36,126,138,131,794,375,125,120,274,731,250,1027,1028,683,945,8522,5391,6006,21,234,293,186,1749,426
6800,51396061,149,77,58,15,21,106,167,168,36,129,142,134,804,379,127,123,277,749,255,1041,1038,697,966,8684,5476,6127,21,239,300,187,1782,437
6900,52210891,151,78,59,15,21,108,171,170,36,129,146,138,822,384,127,125,283,763,258,1058,1055,717,982,8845,5550,6237,22,241,307,192,1818,454
7000,53025087,153,80,60,15,23,108,175,174,38,134,148,140,841,394,129,127,290,772,261,1075,1070,725,998,9001,5622,6335,23,243,310,195,1843,462
7100,53836727,154,83,60,16,24,109,178,177,39,136,149,144,856,400,131,129,295,782,268,1092,1090,736,1012,9139,5707,6447,24,246,316,196,1888,474
7200,54651296,158,87,60,16,24,112,179,179,39,138,150,145,864,407,132,129,297,795,273,1114,1104,743,1025,9294,5803,6552,24,252,321,199,1925,482
7300,55464350,161,87,61,17,24,114,182,183,39,142,155,147,881,414,132,131,302,800,275,1130,1125,766,1042,9424,5906,6677,24,256,328,202,1961,491
7400,56279208,162,88,62,17,24,116,187,188,40,146,159,149,897,423,134,133,304,806,281,1149,1141,772,1060,9569,5992,6767,24,258,331,206,1991,498
7500,57097653,165,90,64,17,24,120,190,197,42,149,164,153,907,432,137,134,307,821,285,1162,1160,783,1078,9730,6087,6876,24,265,335,207,2016,511
7600,57916265,166,90,65,17,24,121,192,199,43,153,166,155,919,443,140,138,308,833,289,1178,1175,800,1092,9877,6173,6991,24,268,344,209,2054,516
7700,58737044,167,92,67,17,24,123,193,205,43,155,169,156,929,448,143,139,312,848,293,1198,1191,815,1106,10047,6251,7093,24,273,350,212,2089,530
7800,59555670,172,95,70,17,24,125,193,206,43,158,172,157,945,456,144,141,323,866,296,1214,1214,821,1126,10201,6363,7210,24,274,356,215,2123,540
7900,60368877,176,95,71,17,24,126,194,209,44,160,175,158,957,466,144,143,330,872,302,1233,1233,830,1140,10330,6475,7303,24,277,359,218,2159,546
8000,61184578,183,96,73,17,24,130,198,210,44,160,176,160,971,472,145,147,336,887,306,1258,1251,844,1153,10501,6577,7420,25,280,366,221,2195,557
8100,62000610,186,96,73,17,24,131,200,215,45,162,177,165,986,478,146,151,345,903,306,1277,1271,855,1168,10637,6669,7541,25,285,373,224,2233,566
8200,62815439,192,98,73,17,25,132,201,216,46,164,179,170,1007,486,149,154,349,919,310,1291,1287,866,1178,10773,6746,7661,25,286,381,225,2258,568
8300,63630257,195,100,75,18,26,133,202,219,46,165,180,171,1029,493,150,157,350,936,315,1310,1300,878,1200,10952,6834,7783,25,290,387,234,2293,571
8400,64444801,199,105,77,18,26,134,207,222,46,165,181,174,1047,499,151,160,354,948,321,1325,1320,886,1214,11096,6928,7901,26,294,394,238,2339,577
8500,65259798,199,109,77,18,27,136,208,224,47,168,186,177,1059,506,154,162,358,960,326,1340,1341,899,1228,11263,7022,8004,26,296,402,241,2367,585
8600,66073094,200,110,79,18,28,138,213,227,48,169,191,179,1083,513,156,162,360,971,332,1356,1355,912,1247,11413,7108,8131,26,302,406,243,2400,593
8700,66888255,202,110,81,18,29,140,215,228,48,170,198,180,1098,521,157,163,361,979,335,1374,1370,925,1259,11545,7209,8251,27,307,410,245,2432,610
8800,67705337,202,111,83,18,29,141,218,230,48,170,200,183,1111,525,159,165,362,987,341,1388,1387,942,1278,11675,7305,8388,29,312,413,246,2467,620
8900,68523125,202,111,83,18,30,141,221,234,50,171,202,186,1130,531,159,166,366,997,345,1404,1403,950,1299,11827,7394,8481,29,314,421,249,2504,625
9000,69343621,204,111,83,18,31,142,226,236,51,175,203,188,1143,536,163,169,370,1014,348,1415,1421,957,1319,11977,7480,8592,29,318,430,252,2539,632
9100,70165575,206,111,84,19,32,145,228,239,51,178,206,192,1158,540,167,171,371,1023,351,1431,1443,972,1337,12136,7578,8685,29,323,438,256,2572,645
9200,70986604,206,111,86,20,33,149,232,242,51,180,209,194,1174,543,172,171,374,1034,355,1448,1458,989,1353,12297,7674,8793,29,330,440,259,2599,655
9300,71803005,206,114,88,20,33,152,232,243,51,183,212,196,1190,549,175,172,380,1042,360,1468,1470,1004,1369,12458,7774,8916,29,332,446,263,2635,664
9400,72615005,210,116,88,20,33,153,237,243,51,186,215,198,1202,555,176,172,381,1055,366,1481,1477,1021,1392,12640,7853,9051,29,337,453,265,2661,668
9500,73425586,215,117,89,20,33,156,238,244,51,188,217,201,1214,568,177,174,384,1074,370,1488,1496,1038,1405,12781,7937,9175,29,339,459,270,2702,682
9600,74235545,217,117,90,20,33,156,239,251,52,191,219,204,1227,578,178,177,385,1088,371,1511,1520,1047,1424,12923,8016,9274,30,344,463,272,2737,692
9700,75042699,220,118,91,20,33,158,241,254,53,193,223,204,1243,583,179,178,390,1109,375,1534,1541,1058,1443,13059,8112,9392,32,345,467,274,2776,701
9800,75847599,224,118,93,21,35,162,243,255,54,196,225,205,1260,589,182,181,393,1117,379,1556,1562,1068,1458,13216,8209,9506,32,350,476,276,2815,709
9900,76655705,225,119,94,22,35,162,244,258,55,198,226,210,1276,597,183,183,395,1132,386,1571,1575,1082,1472,13337,8305,9597,33,352,479,277,2846,717
10000,77465612,228,120,96,22,35,165,246,262,55,201,227,213,1302,602,186,185,399,1143,392,1591,1595,1090,1487,13481,8410,9705,34,357,484,278,2876,729
10100,78277653,230,120,98,23,35,168,250,263,55,203,232,214,1318,609,188,187,400,1154,399,1606,1609,1099,1504,13633,8501,9808,35,362,490,283,2906,734
10200,79093486,232,120,100,23,35,170,256,266,56,206,234,218,1338,618,189,190,404,1161,402,1626,1625,1109,1515,13791,8599,9914,35,364,496,285,2944,742
10300,79906691,232,121,100,24,35,174,261,269,57,207,236,219,1351,623,189,194,407,1177,408,1653,1642,1119,1536,13947,8695,10032,35,367,498,287,2976,745
10400,80720841,237,123,102,24,35,177,265,275,58,210,239,221,1365,632,192,196,410,1188,411,1672,1661,1131,1552,14093,8788,10141,35,372,503,292,3004,754
10500,81534904,239,125,105,25,35,180,269,278,59,212,240,221,1381,639,194,198,415,1199,412,1688,1678,1145,1567,14237,8870,10236,35,383,505,295,3044,762
10600,82351927,244,126,105,25,36,182,275,283,60,216,241,225,1396,645,195,199,418,1218,416,1706,1693,1160,1588,14399,8959,10348,35,385,510,296,3072,770
10700,83168286,248,126,107,25,36,184,279,289,61,216,244,228,1411,655,197,200,422,1233,426,1724,1707,1168,1602,14554,9078,10449,36,388,514,301,3102,781
10800,83986646,251,127,107,25,36,187,280,290,61,219,244,230,1425,666,197,200,427,1240,429,1737,1727,1182,1617,14703,9176,10560,38,392,516,304,3131,788
10900,84804674,251,129,109,26,36,190,285,291,62,223,247,233,1440,668,199,202,433,1255,435,1764,1745,1193,1639,14859,9273,10664,38,394,518,305,3164,793
11000,85622535,254,129,109,26,36,193,289,295,62,226,249,238,1454,676,201,203,436,1271,442,1783,1761,1205,1653,15035,9379,10774,39,398,523,310,3188,806
11100,86439561,255,130,110,27,37,193,296,296,63,228,251,241,1470,686,203,209,439,1282,447,1800,1779,1220,1673,15194,9470,10882,39,400,532,314,3228,810
11200,87254987,256,131,111,27,37,196,300,299,63,230,253,242,1484,689,205,214,442,1292,451,1818,1800,1228,1692,15355,9566,10991,41,404,538,315,3267,821
11300,88072012,257,132,114,27,39,199,302,307,63,230,256,245,1495,696,205,217,447,1306,452,1837,1818,1241,1707,15501,9667,11082,41,406,543,320,3293,829
11400,88890829,261,134,114,27,39,200,304,314,65,232,265,249,1504,703,205,218,452,1316,453,1849,1836,1253,1721,15658,9756,11175,41,407,550,328,3344,833
11500,89709022,262,137,115,27,40,201,306,317,66,232,266,254,1517,710,206,221,455,1327,455,1867,1855,1267,1735,15803,9841,11293,43,410,553,328,3377,842
11600,90529542,263,138,116,27,42,202,307,323,66,235,268,256,1535,719,207,221,459,1341,456,1882,1869,1278,1749,15956,9931,11403,43,412,555,329,3412,857
11700,91350556,265,138,116,27,42,205,311,325,66,238,271,260,1548,726,208,222,462,1352,460,1899,1888,1292,1765,16113,10019,11507,43,415,564,331,3444,868
11800,92173336,270,140,119,28,42,208,312,331,66,240,276,265,1569,734,210,222,466,1364,467,1922,1901,1302,1778,16241,10119,11610,43,417,577,331,3476,875
11900,92994042,275,140,120,28,42,210,315,335,66,246,281,267,1584,740,212,224,473,1382,473,1939,1916,1311,1793,16407,10217,11716,45,420,583,337,3499,884
12000,93810577,276,142,122,30,43,211,320,338,66,249,284,270,1600,750,212,228,477,1393,480,1950,1930,1332,1815,16556,10312,11828,45,427,592,341,3535,892
12100,94627072,283,142,124,30,43,218,322,340,66,249,286,270,1616,757,214,230,480,1402,485,1966,1947,1344,1839,16687,10403,11949,45,431,597,345,3569,898
12200,95442755,287,142,125,30,44,223,323,341,67,251,287,274,1629,766,216,232,481,1412,488,1985,1962,1359,1855,16849,10503,12066,45,435,603,350,3611,907
12300,96254914,290,144,128,30,46,225,328,347,69,254,291,276,1639,772,217,234,486,1429,495,2002,1987,1376,1870,17002,10607,12172,45,442,607,355,3645,916
12400,97069265,292,144,130,30,47,228,330,349,71,254,294,279,1652,780,220,238,488,1440,500,2020,2000,1386,1885,17170,10703,12280,45,444,612,358,3679,920
12500,97888045,294,147,130,30,47,231,332,355,71,256,297,285,1662,789,221,239,490,1448,507,2033,2018,1401,1895,17316,10789,12402,46,448,619,361,3711,929
12600,98701651,295,149,131,30,47,234,333,358,72,258,300,287,1684,795,221,242,497,1459,510,2045,2039,1408,1909,17469,10891,12510,46,450,630,364,3741,937
12700,99516648,298,150,133,31,47,236,335,359,74,260,301,289,1698,803,222,244,501,1472,511,2068,2061,1421,1931,17613,10989,12614,47,452,634,370,3777,946
12800,100332980,302,150,134,32,47,237,339,360,76,262,303,292,1715,814,225,244,510,1483,513,2081,2078,1440,1948,17758,11089,12711,48,457,637,375,3811,954
12900,101147451,305,152,134,32,47,238,347,363,76,266,305,296,1728,825,225,245,520,1496,519,2100,2097,1451,1962,17915,11168,12822,48,463,644,379,3847,968
13000,101960076,308,154,136,34,47,238,350,365,77,268,306,299,1741,835,229,250,526,1515,522,2114,2117,1463,1984,18070,11265,12931,50,468,648,382,3875,971
13100,102772398,312,155,136,35,48,240,353,366,77,270,309,300,1749,840,233,253,529,1527,526,2133,2130,1473,1994,18219,11355,13022,50,472,654,389,3899,980
13200,103586969,316,156,136,35,48,242,356,370,79,277,310,304,1766,847,236,255,533,1542,527,2150,2155,1485,2015,18379,11447,13134,50,474,656,395,3925,987
13300,104399976,321,159,137,35,48,244,356,371,80,278,312,306,1773,850,237,257,536,1555,532,2168,2173,1493,2024,18534,11555,13235,50,477,664,401,3957,998
13400,105216645,323,159,139,35,50,246,356,374,81,285,314,311,1781,852,239,261,538,1564,535,2190,2185,1506,2037,18695,11635,13335,51,480,671,402,3978,1010
13500,106036475,324,160,139,36,50,247,361,377,82,288,316,314,1797,856,242,261,543,1572,540,2206,2204,1519,2051,18849,11752,13439,51,487,678,403,3998,1019
13600,106854744,324,163,140,37,50,249,362,380,82,292,321,315,1810,863,244,264,550,1589,544,2232,2220,1533,2060,19022,11836,13556,52,490,679,408,4033,1026
13700,107671437,328,163,140,37,51,251,364,384,82,298,326,317,1822,864,244,265,555,1603,548,2252,2237,1548,2076,19193,11935,13658,52,493,684,411,4064,1038
13800,108485764,329,165,142,37,51,254,366,388,83,304,327,320,1841,870,245,269,559,1616,552,2272,2249,1564,2093,19349,12027,13755,53,495,686,414,4100,1045
13900,109301945,333,167,142,37,51,257,369,392,83,307,329,322,1856,880,248,273,562,1629,558,2290,2269,1573,2102,19485,12124,13863,54,497,690,416,4127,1051
14000,110120655,336,167,145,37,51,261,371,393,85,308,331,325,1868,884,252,274,569,1636,563,2308,2284,1588,2112,19658,12217,13981,54,501,696,419,4160,1060
14100,110935734,337,167,146,37,51,262,373,396,86,311,335,326,1883,890,256,276,573,1649,564,2327,2299,1595,2126,19821,12318,14087,55,504,708,420,4200,1064
14200,111750515,341,168,148,37,52,266,380,400,86,312,335,328,1897,904,257,278,575,1668,569,2345,2312,1607,2146,19983,12415,14195,55,508,708,422,4238,1070
14300,112567502,345,170,151,37,52,268,384,404,88,314,339,331,1908,913,258,279,579,1680,572,2361,2323,1621,2153,20133,12521,14305,57,511,714,426,4267,1083
14400,113386129,349,172,152,39,52,272,386,411,89,316,342,332,1919,922,259,281,585,1689,578,2379,2337,1630,2164,20286,12621,14410,57,515,719,433,4302,1089
14500,114204989,354,172,155,39,53,273,391,415,91,321,344,332,1925,926,260,283,591,1704,579,2402,2361,1638,2180,20445,12722,14517,60,519,721,437,4335,1098
14600,115026363,355,173,156,39,53,277,394,423,91,322,345,336,1939,934,260,283,595,1721,582,2422,2373,1645,2202,20591,12818,14612,61,526,726,442,4359,1110
14700,115844047,357,174,159,39,53,279,398,426,92,324,348,338,1950,947,263,285,598,1732,584,2442,2401,1656,2222,20758,12930,14732,62,529,730,443,4393,1122
14800,116660741,359,175,161,40,55,281,401,428,94,327,350,339,1973,954,264,286,605,1745,588,2458,2419,1672,2236,20923,13028,14859,62,532,734,447,4437,1132
14900,117469344,363,177,162,41,55,283,404,431,95,332,354,340,1992,962,265,289,610,1751,594,2486,2433,1680,2257,21085,13149,14977,64,535,735,449,4473,1139
15000,118277348,364,177,163,41,55,285,405,432,95,332,354,342,2011,968,266,291,613,1769,599,2505,2443,1695,2275,21246,13252,15091,64,540,737,456,4510,1142
15100,119088563,365,177,163,41,55,287,409,435,95,335,356,343,2019,975,270,291,616,1781,607,2515,2466,1704,2300,21390,13335,15198,64,544,741,457,4541,1156
15200,119902701,365,177,164,41,55,292,410,436,95,338,361,347,2034,979,270,291,619,1789,612,2533,2478,1719,2313,21539,13434,15307,66,545,747,461,4572,1171
15300,120717982,365,179,165,41,55,294,411,439,96,340,362,350,2051,990,272,292,628,1805,614,2548,2493,1733,2324,21696,13520,15408,66,550,751,464,4614,1182
15400,121535166,369,181,166,43,56,297,416,441,96,348,364,353,2061,997,272,295,632,1818,617,2568,2515,1739,2341,21862,13615,15516,66,554,755,470,4645,1193
15500,122349042,373,181,166,44,56,299,420,445,96,350,366,358,2075,1004,273,299,640,1828,621,2587,2538,1753,2359,22004,13701,15619,66,557,761,474,4680,1202
15600,123164586,375,183,167,46,56,302,421,450,96,353,370,359,2092,1013,275,304,641,1843,626,2597,2561,1769,2376,22156,13789,15721,67,558,766,475,4718,1214
15700,123980415,375,184,172,46,57,303,424,457,97,354,373,364,2109,1018,277,305,648,1856,633,2613,2573,1780,2390,22333,13881,15833,67,561,772,479,4750,1225
15800,124795194,378,185,172,46,57,303,427,460,98,356,374,368,2121,1024,278,306,650,1871,637,2633,2591,1793,2409,22469,13969,15932,68,568,775,482,4784,1244
15900,125610144,379,188,174,46,57,304,430,464,99,357,378,371,2138,1032,279,307,652,1885,643,2647,2604,1811,2428,22614,14063,16048,69,577,782,483,4812,1256
16000,126424764,382,188,174,46,57,309,433,468,99,360,382,373,2151,1036,280,309,657,1902,645,2667,2620,1828,2439,22762,14157,16165,69,581,787,487,4847,1264
16100,127239482,383,188,176,48,57,312,436,470,99,365,385,375,2162,1047,281,313,660,1913,646,2684,2645,1845,2450,22943,14263,16259,69,583,792,490,4888,1276
16200,128052183,384,188,177,48,58,313,440,477,99,366,388,377,2176,1054,283,313,664,1928,650,2694,2658,1865,2465,23106,14366,16372,70,585,799,492,4921,1284
16300,128862368,388,192,179,49,58,314,443,478,99,369,389,381,2197,1062,285,313,665,1945,657,2711,2672,1873,2477,23251,14462,16481,70,592,807,496,4945,1298
16400,129675896,390,193,180,49,58,316,444,482,99,371,391,387,2209,1067,285,315,666,1963,658,2727,2690,1884,2496,23396,14557,16585,72,598,811,500,4971,1304
16500,130488381,392,194,182,50,58,319,447,487,102,371,396,390,2223,1076,286,320,669,1976,659,2742,2705,1892,2515,23543,14650,16697,72,606,814,506,4991,1317
16600,131302376,394,195,185,50,58,320,449,491,103,373,398,393,2240,1084,288,323,674,1991,663,2756,2718,1899,2535,23689,14738,16828,72,615,819,508,5023,1323
16700,132117958,396,197,186,50,58,322,453,497,105,375,401,394,2254,1088,290,325,678,2002,666,2776,2737,1914,2557,23846,14826,16941,72,624,826,512,5054,1332
16800,132931748,401,198,187,50,59,323,455,499,106,376,405,396,2271,1092,292,328,684,2012,668,2791,2751,1925,2576,24007,14923,17040,72,627,832,515,5082,1339
16900,133743277,407,200,188,51,60,323,457,501,106,378,407,396,2300,1098,295,329,688,2032,674,2816,2772,1935,2593,24156,15018,17117,72,630,838,515,5115,1345
17000,134556192,409,201,189,51,60,328,458,501,107,379,408,397,2324,1105,296,331,689,2046,680,2830,2791,1946,2610,24321,15120,17221,73,634,841,521,5158,1352
17100,135368071,412,203,190,52,62,329,460,506,107,380,411,397,2337,1112,297,333,692,2053,687,2845,2806,1958,2625,24476,15196,17343,74,640,848,525,5191,1365
17200,136183163,414,204,191,52,63,330,462,508,107,385,415,398,2351,1117,299,335,695,2061,694,2862,2820,1972,2648,24636,15289,17458,74,643,855,530,5229,1373
17300,136994472,421,204,191,53,64,333,467,511,107,389,416,399,2369,1123,302,336,702,2081,697,2886,2838,1987,2677,24782,15375,17580,74,649,859,531,5273,1387
17400,137803408,422,205,192,54,65,337,469,514,107,394,417,403,2391,1128,304,337,708,2092,703,2903,2853,2000,2699,24931,15468,17695,74,653,863,533,5307,1399
17500,138612544,424,205,196,54,65,337,469,517,107,396,420,404,2405,1135,305,340,713,2106,711,2919,2867,2015,2707,25085,15547,17805,74,659,870,536,5349,1412
17600,139421017,427,206,197,55,65,339,470,520,108,398,422,409,2426,1143,307,344,719,2115,715,2938,2889,2021,2721,25222,15637,17925,74,664,874,539,5382,1413
17700,140231478,432,206,197,56,65,340,472,525,110,401,424,411,2437,1153,308,349,722,2137,723,2948,2909,2032,2740,25372,15736,18039,74,667,879,541,5410,1423
17800,141040668,434,207,198,56,65,342,473,533,110,404,426,415,2445,1158,311,352,726,2148,725,2965,2933,2047,2758,25520,15828,18136,74,670,883,546,5446,1429
17900,141849886,437,208,201,56,65,343,476,537,110,407,427,419,2468,1166,313,353,733,2164,726,2973,2952,2056,2775,25658,15924,18243,74,674,890,547,5481,1440
18000,142658583,439,208,201,56,66,344,479,537,110,408,427,420,2486,1177,314,356,738,2174,728,2994,2963,2063,2797,25806,16022,18349,74,678,894,552,5514,1450
18100,143467272,440,210,203,56,67,346,482,542,110,410,427,423,2505,1185,314,360,740,2189,730,3019,2981,2078,2820,25990,16105,18454,75,681,898,556,5544,1457
18200,144272413,442,214,206,56,68,349,486,544,111,410,428,426,2527,1189,319,360,746,2204,731,3035,3000,2094,2833,26147,16230,18546,75,686,905,559,5588,1462
18300,145078743,443,215,208,56,70,351,490,546,112,414,429,431,2544,1196,321,361,749,2222,733,3053,3015,2104,2852,26298,16320,18644,75,690,909,562,5616,1465
18400,145886886,446,216,208,58,70,353,496,549,112,415,430,434,2560,1204,323,363,753,2233,738,3075,3036,2116,2868,26429,16410,18750,76,697,914,564,5647,1472
18500,146698538,450,218,208,59,70,357,499,555,113,419,432,435,2573,1212,325,366,756,2244,743,3089,3050,2125,2883,26574,16498,18851,77,702,919,565,5679,1480
18600,147512368,453,219,209,59,71,362,503,560,114,422,432,439,2586,1220,327,366,761,2254,750,3099,3076,2139,2903,26741,16585,18959,78,704,927,568,5723,1490
18700,148322511,453,220,213,59,71,363,510,563,115,425,433,439,2598,1229,330,367,764,2267,752,3119,3092,2154,2916,26897,16682,19080,79,712,933,572,5753,1494
18800,149133178,457,220,213,59,71,364,511,565,116,429,433,442,2609,1238,332,368,771,2275,755,3132,3105,2168,2938,27052,16798,19202,79,716,936,573,5790,1498
18900,149944818,461,223,215,59,71,364,515,568,117,430,436,444,2625,1246,337,372,776,2293,760,3147,3126,2181,2957,27208,16898,19311,80,720,939,575,5824,1509
19000,150755391,463,224,216,59,71,364,520,577,117,436,439,447,2638,1255,339,376,778,2304,763,3170,3139,2199,2967,27385,16979,19412,81,725,943,577,5855,1517
19100,151565630,464,224,219,60,71,364,522,579,119,439,440,448,2655,1266,340,378,781,2313,766,3187,3157,2206,2982,27539,17068,19498,82,733,948,578,5894,1530
19200,152379425,466,225,219,61,71,364,528,584,119,440,442,450,2669,1273,341,381,785,2325,766,3203,3172,2222,2997,27707,17160,19622,82,738,956,579,5917,1537
19300,153195406,466,225,220,61,73,366,531,587,119,443,446,453,2691,1281,343,381,787,2335,771,3225,3182,2236,3010,27859,17245,19741,83,744,964,579,5945,1546
19400,154012631,468,225,224,61,74,368,536,589,121,444,450,454,2714,1286,346,385,788,2348,775,3240,3193,2249,3035,28019,17349,19839,83,748,965,582,5981,1552
19500,154829986,470,225,225,62,74,368,538,594,121,447,454,460,2729,1295,349,387,796,2366,781,3266,3209,2268,3049,28159,17439,19934,83,750,971,585,6011,1566
19600,155647243,475,227,228,64,76,373,542,599,121,448,457,463,2748,1300,352,389,802,2376,786,3281,3231,2287,3066,28305,17525,20035,83,756,976,591,6047,1577
19700,156465828,481,229,228,65,76,379,545,603,122,452,459,468,2762,1309,353,390,806,2387,794,3299,3246,2298,3084,28449,17625,20165,84,762,980,594,6086,1583
19800,157285298,486,231,229,65,76,380,548,605,122,455,461,471,2770,1319,355,394,809,2402,797,3319,3261,2311,3101,28592,17715,20283,84,768,986,599,6115,1591
19900,158108011,490,233,231,65,77,383,549,607,122,460,461,474,2783,1326,357,398,815,2411,801,3336,3282,2329,3115,28735,17818,20393,87,772,991,603,6155,1594
20000,158928940,494,234,232,65,77,389,550,610,122,463,462,476,2802,1333,357,399,820,2422,805,3345,3299,2336,3132,28907,17928,20509,87,775,996,604,6184,1599
20100,159749810,498,237,234,67,77,392,555,612,125,464,465,478,2813,1339,358,400,822,2435,813,3363,3325,2352,3155,29066,18014,20619,87,781,1000,608,6213,1605
20200,160567734,500,237,234,68,77,393,562,617,126,468,469,481,2830,1344,362,401,834,2448,816,3384,3344,2372,3168,29240,18116,20730,88,783,1001,612,6245,1612
20300,161382904,503,238,234,68,78,394,565,623,126,468,470,483,2847,1348,367,403,838,2461,819,3406,3362,2386,3194,29399,18207,20851,88,791,1006,615,6280,1624
20400,162199734,507,239,237,68,78,395,568,624,126,471,473,483,2859,1354,369,403,839,2475,822,3424,3381,2395,3207,29528,18296,20966,88,799,1012,616,6318,1630
20500,163015581,511,240,241,68,79,396,569,627,126,473,474,484,2877,1362,370,403,843,2485,824,3438,3397,2408,3223,29693,18396,21072,88,804,1022,620,6355,1635
20600,163833316,512,241,243,68,80,397,572,629,126,476,475,488,2892,1371,371,406,848,2494,826,3455,3412,2421,3234,29854,18491,21173,89,808,1026,620,6379,1643
20700,164650330,513,242,243,68,80,399,576,634,126,479,476,489,2911,1379,376,409,853,2506,830,3474,3427,2434,3256,30011,18589,21285,90,816,1031,623,6412,1653
20800,165467201,516,243,243,68,80,400,578,636,126,482,476,489,2922,1387,376,409,856,2516,836,3496,3452,2446,3267,30153,18674,21381,90,818,1038,629,6449,1657
20900,166286526,517,244,246,68,81,403,580,639,127,482,479,495,2939,1396,377,413,859,2527,839,3516,3471,2461,3292,30318,18780,21494,91,822,1047,631,6482,1664
21000,167106541,519,245,249,68,82,403,585,644,127,486,481,496,2955,1400,378,416,864,2541,844,3535,3491,2472,3307,30480,18859,21602,92,828,1053,633,6516,1670
21100,167927095,520,247,251,68,83,405,587,646,128,488,484,500,2971,1405,380,417,868,2561,849,3559,3509,2486,3326,30619,18950,21717,92,829,1058,634,6560,1677
21200,168744835,526,248,253,68,83,406,594,647,128,489,487,501,2985,1413,382,421,875,2570,853,3580,3528,2501,3344,30769,19040,21819,92,832,1062,637,6588,1688
21300,169562987,528,248,253,68,83,408,599,648,128,491,490,504,3003,1419,385,425,879,2582,857,3595,3551,2517,3359,30910,19144,21951,93,837,1069,640,6620,1700
21400,170380382,531,250,255,68,84,411,607,653,129,493,490,507,3015,1425,389,425,880,2595,860,3616,3567,2537,3373,31047,19232,22052,93,841,1076,647,6647,1707
21500,171199100,534,250,255,68,84,413,611,654,130,494,492,512,3030,1430,389,426,884,2605,865,3627,3587,2549,3392,31224,19330,22168,93,846,1080,648,6681,1718
21600,172015261,537,252,256,69,84,416,614,656,132,494,497,513,3042,1438,392,429,890,2618,869,3641,3601,2571,3411,31393,19425,22284,93,848,1083,652,6715,1731
21700,172829756,539,253,257,69,84,418,616,657,133,497,500,515,3061,1445,393,431,891,2632,871,3653,3614,2578,3427,31559,19524,22395,93,852,1088,654,6757,1740
21800,173642924,540,256,258,69,84,420,617,658,133,500,507,516,3076,1450,394,433,897,2643,875,3678,3629,2594,3452,31703,19624,22499,93,859,1094,656,6796,1747
21900,174454960,544,257,258,69,84,422,619,662,135,501,509,516,3088,1458,397,435,900,2647,879,3694,3644,2609,3471,31862,19728,22594,94,860,1103,661,6839,1758
22000,175266949,547,258,259,69,84,427,622,664,136,503,511,517,3099,1466,399,436,903,2656,886,3711,3667,2617,3489,32009,19830,22703,95,864,1107,666,6874,1760
22100,176080689,551,260,261,70,85,428,623,667,136,504,512,518,3108,1472,403,440,911,2670,886,3730,3682,2628,3511,32138,19931,22813,95,867,1112,668,6907,1767
22200,176895424,562,261,262,71,86,432,626,673,138,506,512,520,3126,1481,403,441,913,2679,888,3753,3695,2644,3527,32307,20027,22923,95,875,1116,672,6942,1777
22300,177708679,563,263,266,72,86,433,627,674,140,508,517,523,3138,1485,405,444,919,2694,896,3770,3712,2652,3547,32445,20134,23032,95,877,1119,674,6967,1785
22400,178519663,569,263,270,72,86,435,629,679,141,508,519,526,3153,1486,408,445,922,2706,905,3786,3737,2660,3566,32605,20231,23141,97,880,1123,676,7003,1790
22500,179330051,571,265,273,72,86,435,631,685,142,513,521,533,3164,1493,411,448,924,2719,911,3805,3751,2675,3579,32766,20331,23244,97,886,1133,680,7045,1794
22600,180143362,573,267,273,73,86,436,632,688,143,519,523,534,3176,1503,416,448,927,2726,917,3811,3765,2690,3592,32911,20439,23362,97,887,1140,682,7084,1802
22700,180956444,574,268,274,73,86,440,637,692,143,522,524,537,3196,1510,416,450,934,2742,920,3830,3784,2700,3605,33078,20521,23484,97,889,1143,688,7123,1814
22800,181764422,576,269,276,73,86,441,637,694,143,525,525,539,3206,1517,419,450,938,2757,931,3850,3802,2704,3621,33231,20638,23592,97,890,1150,690,7160,1821
22900,182573845,579,269,278,75,87,442,639,700,143,530,525,542,3223,1528,421,452,941,2767,934,3869,3816,2726,3641,33393,20737,23691,97,894,1158,693,7184,1829
23000,183385633,584,269,279,75,87,444,641,706,143,533,529,545,3236,1536,423,453,944,2785,938,3888,3836,2740,3657,33546,20826,23810,97,896,1163,695,7214,1833
23100,184194378,586,271,281,75,87,446,646,708,145,534,531,549,3254,1543,423,453,951,2795,939,3908,3855,2756,3668,33725,20911,23937,99,902,1169,699,7253,1839
23200,185005237,591,274,283,76,88,447,649,711,145,535,532,551,3270,1553,426,461,954,2803,943,3934,3869,2768,3684,33898,21001,24038,99,904,1176,702,7283,1843
23300,185815375,596,276,284,77,88,451,654,713,146,538,536,553,3290,1557,428,461,959,2818,948,3958,3888,2789,3703,34053,21089,24144,99,906,1181,707,7312,1850
23400,186623116,601,276,285,77,88,454,657,721,146,542,536,557,3304,1564,430,465,962,2831,955,3975,3906,2799,3720,34207,21188,24243,99,910,1189,710,7347,1856
23500,187431357,605,276,286,77,88,458,661,728,147,543,539,560,3314,1568,430,469,966,2841,961,3997,3924,2811,3735,34351,21292,24340,99,917,1190,716,7371,1866
23600,188241008,606,277,288,78,88,459,665,730,149,546,541,561,3324,1576,432,471,968,2857,967,4016,3941,2823,3750,34513,21382,24461,100,924,1195,719,7408,1869
23700,189050239,608,278,288,78,88,459,668,733,149,547,541,562,3336,1579,433,472,968,2871,973,4035,3958,2836,3770,34674,21477,24571,100,932,1204,722,7441,1879
23800,189861791,611,278,289,78,89,459,671,736,150,549,543,567,3357,1590,434,474,972,2884,975,4051,3969,2849,3787,34832,21568,24664,101,935,1209,729,7471,1882
23900,190672234,617,280,290,78,90,459,673,741,150,549,546,568,3367,1597,438,475,976,2900,980,4069,3992,2861,3801,34995,21659,24779,101,939,1216,731,7496,1890
24000,191482174,617,281,290,78,91,460,677,746,150,549,546,572,3378,1603,439,477,980,2910,984,4083,4003,2872,3819,35148,21747,24878,101,944,1221,737,7523,1900
24100,192296138,621,283,291,78,92,463,681,747,150,552,550,573,3391,1612,440,477,985,2922,987,4098,4012,2891,3832,35316,21826,24978,101,948,1225,741,7558,1907
24200,193105522,624,283,293,78,93,465,683,750,151,556,551,578,3409,1619,440,479,989,2936,988,4111,4029,2909,3847,35484,21932,25097,101,953,1233,743,7598,1912
24300,193914303,624,283,294,78,93,465,686,752,153,558,557,581,3426,1623,446,481,993,2948,991,4125,4045,2925,3859,35630,22022,25205,101,957,1244,746,7630,1921
24400,194723050,627,285,295,78,94,466,689,753,153,560,560,586,3442,1628,447,482,996,2961,996,4150,4056,2934,3874,35775,22116,25327,102,961,1255,749,7654,1929
24500,195531979,629,288,298,78,94,468,691,754,154,563,566,588,3455,1634,450,483,998,2975,1001,4169,4086,2940,3891,35926,22204,25444,102,964,1261,752,7681,1931
24600,196341153,630,289,299,78,94,470,693,759,154,566,567,589,3472,1642,451,485,1002,2993,1001,4188,4114,2956,3902,36082,22299,25547,102,967,1270,758,7715,1942
24700,197147916,632,290,301,79,94,472,696,765,154,567,568,595,3484,1649,452,487,1009,3002,1005,4204,4129,2966,3917,36232,22381,25645,103,972,1276,760,7751,1950
24800,197954890,636,291,303,79,94,478,701,767,155,569,572,599,3496,1655,454,489,1012,3008,1007,4221,4155,2975,3933,36389,22471,25747,104,975,1282,766,7778,1960
24900,198764344,642,295,305,79,95,479,707,768,155,570,577,606,3514,1660,457,492,1017,3018,1010,4235,4178,2993,3947,36539,22563,25843,104,981,1285,766,7803,1978
25000,199577506,645,296,307,80,95,482,710,770,156,571,578,608,3528,1668,460,492,1020,3027,1015,4253,4199,3003,3959,36687,22644,25963,104,987,1289,767,7845,1982
25100,200384581,646,298,312,80,95,485,714,771,157,574,579,612,3551,1678,461,493,1025,3034,1020,4269,4217,3016,3978,36842,22739,26089,105,996,1294,769,7872,1992
25200,201192747,647,299,312,80,96,485,718,771,158,574,583,617,3569,1684,462,497,1029,3043,1022,4286,4235,3031,3990,36981,22830,26213,105,1002,1300,773,7902,2003
25300,202001308,654,299,313,80,96,485,725,774,158,575,588,618,3583,1689,466,498,1036,3054,1030,4303,4251,3038,4006,37130,22917,26307,105,1007,1306,775,7942,2011
25400,202810165,658,299,314,80,96,486,728,780,160,579,591,618,3599,1691,467,499,1043,3064,1034,4331,4263,3048,4022,37300,23018,26415,105,1010,1310,781,7971,2017
25500,203622335,661,299,316,80,96,489,730,783,160,582,595,620,3609,1698,468,499,1048,3076,1041,4353,4277,3059,4035,37449,23100,26536,106,1012,1319,784,8007,2023
25600,204433524,662,300,319,80,97,490,731,786,160,584,598,622,3620,1703,470,502,1052,3084,1045,4371,4300,3068,4058,37613,23193,26650,106,1017,1323,788,8051,2027
25700,205246517,665,300,322,80,98,490,731,791,161,586,604,624,3642,1709,472,503,1056,3092,1047,4389,4316,3076,4078,37759,23276,26750,108,1021,1327,791,8089,2033
25800,206060130,671,301,322,80,98,492,733,792,161,588,611,627,3659,1722,473,504,1059,3107,1051,4403,4332,3083,4092,37915,23369,26849,108,1024,1333,793,8109,2042
25900,206877971,677,303,323,82,98,494,737,795,162,593,614,633,3677,1727,474,504,1063,3122,1057,4416,4348,3097,4107,38061,23463,26958,108,1029,1336,794,8139,2044
26000,207692741,682,303,325,82,99,496,737,800,163,596,615,635,3698,1738,475,507,1070,3132,1060,4438,4373,3110,4131,38217,23573,27057,108,1035,1343,797,8171,2058
26100,208506211,682,306,326,82,99,499,741,802,164,598,616,640,3712,1742,480,508,1073,3148,1063,4451,4389,3126,4152,38356,23660,27165,108,1039,1350,801,8205,2067
26200,209317890,685,310,328,83,99,501,746,805,165,600,624,643,3729,1748,486,509,1076,3164,1069,4466,4404,3140,4170,38521,23746,27291,110,1045,1359,802,8236,2077
26300,210126475,694,311,328,83,99,504,748,810,165,603,626,647,3739,1755,488,509,1082,3181,1074,4487,4423,3154,4192,38684,23830,27395,110,1048,1363,804,8271,2087
26400,210935617,695,313,328,83,99,508,750,811,165,605,629,650,3751,1761,488,513,1088,3187,1079,4503,4434,3171,4207,38831,23934,27513,110,1053,1370,805,8302,2097
26500,211745957,703,316,328,83,100,511,756,816,165,607,629,654,3765,1767,489,515,1092,3204,1081,4523,4456,3185,4222,38972,24020,27615,111,1057,1375,810,8332,2105
26600,212555263,703,316,329,83,100,516,757,819,165,608,631,656,3781,1775,493,519,1094,3212,1086,4539,4472,3200,4241,39142,24111,27715,111,1059,1378,815,8351,2112
26700,213366322,708,318,330,84,101,516,758,823,165,609,638,659,3793,1783,495,521,1099,3222,1089,4554,4488,3210,4257,39286,24210,27820,111,1063,1380,816,8382,2115
26800,214178555,711,320,331,84,101,516,762,828,166,611,641,659,3807,1793,497,524,1102,3234,1094,4570,4509,3219,4278,39433,24302,27933,112,1068,1388,818,8409,2123
26900,214992528,712,320,332,84,102,518,766,830,166,612,643,661,3824,1804,497,526,1107,3250,1100,4595,4531,3234,4292,39587,24400,28043,112,1073,1399,819,8431,2132
27000,215804435,712,320,333,84,103,521,771,834,166,614,644,666,3833,1808,499,528,1111,3265,1102,4612,4542,3248,4308,39741,24497,28156,113,1078,1405,823,8465,2142
27100,216617528,713,322,335,84,103,522,773,835,166,615,645,670,3851,1814,501,529,1118,3278,1106,4623,4566,3260,4322,39899,24595,28256,113,1085,1409,827,8498,2146
27200,217431289,713,322,335,84,103,522,776,838,168,618,646,673,3863,1819,502,532,1123,3291,1110,4644,4583,3272,4342,40071,24691,28359,113,1086,1416,830,8523,2152
27300,218245941,717,324,335,84,103,529,781,841,169,620,647,676,3883,1827,506,534,1127,3305,1112,4657,4594,3283,4358,40223,24780,28480,114,1087,1421,835,8550,2160
27400,219058589,721,327,335,85,104,531,784,844,171,623,651,679,3896,1832,508,535,1132,3319,1118,4679,4616,3295,4371,40385,24864,28604,114,1093,1426,841,8583,2171
27500,219868460,721,331,335,85,104,533,786,845,172,628,654,682,3910,1837,508,536,1142,3330,1121,4693,4638,3308,4392,40538,24960,28724,114,1096,1430,846,8608,2177
27600,220679638,722,331,336,86,105,539,791,846,174,629,657,686,3923,1841,514,537,1147,3341,1126,4708,4660,3320,4409,40679,25051,28839,115,1102,1437,847,8644,2193
27700,221489568,726,333,339,86,105,540,794,847,174,631,662,689,3940,1851,514,540,1153,3358,1130,4728,4680,3332,4427,40829,25141,28945,116,1106,1439,850,8675,2198
27800,222301589,727,333,342,86,105,540,796,849,174,632,666,693,3953,1860,514,542,1159,3368,1133,4753,4693,3343,4441,40989,25230,29054,116,1110,1446,852,8707,2206
27900,223110365,729,335,342,87,105,542,798,853,177,635,670,696,3967,1869,517,545,1166,3379,1142,4776,4710,3358,4455,41175,25328,29161,117,1113,1452,857,8734,2213
28000,223915118,732,340,343,87,105,545,800,856,178,642,673,697,3980,1881,521,546,1170,3389,1148,4796,4729,3371,4477,41355,25441,29262,118,1115,1457,860,8770,2220
28100,224715536,734,341,343,87,105,547,802,858,180,643,676,701,3991,1884,523,550,1172,3403,1156,4810,4748,3383,4493,41497,25544,29378,118,1121,1466,862,8800,2224
28200,225520218,738,343,344,87,105,548,803,863,180,646,678,701,4001,1889,525,554,1174,3413,1159,4825,4768,3396,4505,41617,25649,29487,119,1127,1473,864,8831,2232
28300,226326707,741,345,344,87,105,552,808,863,181,647,680,706,4012,1899,530,555,1182,3420,1165,4840,4784,3409,4514,41757,25743,29606,119,1130,1481,867,8869,2236
28400,227131233,741,345,345,87,106,556,812,865,182,648,684,708,4029,1905,530,556,1185,3434,1170,4857,4804,3419,4537,41903,25839,29727,119,1135,1490,868,8900,2241
28500,227937884,742,345,346,87,107,558,814,867,184,650,684,712,4044,1910,530,558,1191,3448,1175,4870,4818,3433,4547,42049,25923,29840,120,1137,1493,872,8929,2251
28600,228747189,745,346,347,88,107,559,816,868,184,651,685,714,4062,1912,533,560,1197,3465,1177,4888,4835,3448,4569,42190,26001,29947,120,1138,1496,875,8957,2254
28700,229559471,747,348,349,88,108,559,820,870,186,655,685,718,4074,1915,534,562,1199,3480,1180,4908,4853,3459,4584,42345,26090,30044,120,1141,1504,878,8979,2259
28800,230372316,749,348,350,88,108,562,823,870,188,656,685,719,4085,1922,536,563,1204,3492,1184,4930,4874,3470,4602,42531,26175,30155,121,1149,1508,883,9013,2263
28900,231183564,752,348,352,88,108,563,825,873,188,658,688,721,4096,1931,539,564,1209,3503,1186,4946,4893,3483,4622,42677,26270,30260,121,1157,1513,885,9038,2270
29000,231995496,758,350,353,88,108,563,826,877,190,661,693,725,4111,1941,541,564,1213,3514,1193,4961,4907,3492,4631,42817,26371,30380,122,1162,1518,890,9075,2273
29100,232808221,761,350,354,88,108,565,828,882,191,661,695,731,4126,1949,544,564,1219,3520,1200,4981,4923,3499,4652,42979,26470,30481,122,1167,1525,893,9110,2286
29200,233617855,767,352,359,90,108,566,833,888,191,664,700,734,4140,1956,544,568,1223,3535,1206,4998,4946,3507,4672,43126,26568,30602,122,1173,1532,896,9141,2296
29300,234426668,770,356,359,90,110,566,838,892,193,667,702,735,4155,1959,545,568,1226,3546,1209,5018,4962,3517,4687,43287,26663,30706,122,1174,1539,900,9171,2308
29400,235238869,772,359,360,90,110,569,843,896,193,668,706,737,4170,1965,546,569,1227,3557,1212,5042,4984,3531,4703,43451,26749,30810,123,1179,1542,908,9208,2312
29500,236053205,774,360,363,90,110,572,846,899,193,668,710,739,4180,1975,547,570,1231,3565,1215,5056,4995,3545,4714,43605,26833,30913,124,1186,1548,915,9234,2318
29600,236866154,776,361,367,91,112,576,852,903,193,671,710,741,4192,1985,548,573,1236,3575,1224,5075,5019,3561,4742,43781,26933,31033,124,1192,1551,919,9263,2330
29700,237674776,780,363,368,92,113,580,855,905,193,673,712,742,4202,1988,550,574,1238,3590,1229,5092,5035,3575,4756,43928,27033,31145,125,1194,1552,920,9307,2336
29800,238486403,784,364,368,93,113,582,857,906,194,675,713,743,4216,1993,553,575,1244,3605,1230,5108,5052,3594,4774,44073,27122,31248,126,1200,1556,924,9344,2350
29900,239294931,787,367,370,93,114,582,860,911,194,678,715,746,4231,1995,555,575,1247,3620,1235,5128,5070,3608,4791,44210,27228,31362,126,1205,1562,928,9375,2359
30000,240106305,789,368,370,94,115,584,862,914,195,679,717,750,4240,1998,556,579,1251,3632,1237,5144,5082,3622,4807,44363,27310,31471,129,1213,1568,931,9412,2369
30100,240917937,792,371,372,94,115,587,870,915,195,683,719,755,4254,2007,557,581,1256,3646,1239,5162,5098,3630,4831,44530,27405,31560,129,1221,1575,932,9439,2378
30200,241730988,793,373,372,94,115,588,872,919,196,685,721,758,4265,2010,558,581,1265,3655,1242,5177,5110,3638,4846,44674,27496,31672,129,1228,1584,934,9471,2386
30300,242546372,796,374,372,94,115,588,873,923,196,686,722,764,4280,2017,559,585,1269,3669,1246,5196,5133,3647,4862,44833,27573,31813,129,1233,1589,935,9504,2393
30400,243360206,801,376,375,95,116,588,876,923,196,691,726,767,4298,2020,562,589,1275,3676,1250,5213,5149,3661,4880,44991,27673,31931,129,1236,1595,940,9530,2400
30500,244172516,802,376,375,96,117,591,879,927,196,695,727,771,4310,2029,567,590,1280,3685,1254,5234,5162,3672,4893,45142,27760,32034,130,1239,1601,945,9575,2405
30600,244986040,802,382,376,96,117,597,882,931,197,697,729,771,4323,2034,571,593,1284,3702,1256,5246,5196,3682,4911,45286,27845,32129,133,1242,1603,949,9596,2414
30700,245800710,806,382,376,96,118,600,887,935,197,699,731,773,4341,2040,572,595,1288,3711,1260,5269,5211,3695,4931,45438,27911,32239,133,1246,1605,951,9633,2422
30800,246615666,808,384,377,96,118,602,891,938,197,701,734,777,4359,2050,574,595,1294,3718,1266,5281,5226,3705,4954,45601,28028,32333,133,1252,1610,953,9668,2431
30900,247428305,812,384,378,97,118,603,896,943,198,705,737,783,4374,2056,575,598,1300,3731,1270,5305,5242,3713,4968,45775,28109,32457,136,1255,1616,958,9696,2446
31000,248240852,815,385,380,97,118,605,899,946,199,708,739,788,4387,2061,577,601,1305,3744,1273,5323,5258,3725,4988,45937,28198,32579,136,1261,1622,960,9738,2453
31100,249051442,817,387,382,97,118,606,903,950,200,711,743,791,4401,2066,577,603,1312,3752,1275,5338,5274,3741,5004,46095,28307,32672,136,1265,1629,962,9768,2460
31200,249861971,820,389,382,97,118,608,908,957,201,714,746,796,4418,2069,583,606,1314,3772,1279,5350,5286,3751,5015,46245,28394,32777,136,1269,1639,964,9796,2468
31300,250675024,822,392,382,97,119,611,913,960,201,720,751,797,4433,2072,584,608,1320,3791,1285,5371,5301,3760,5035,46402,28489,32883,137,1276,1642,969,9831,2476
31400,251488549,824,395,383,97,119,614,914,962,202,723,756,800,4457,2078,585,609,1325,3805,1292,5393,5311,3775,5050,46538,28611,32980,137,1282,1650,972,9850,2483
31500,252301968,825,396,383,97,119,617,915,967,203,726,757,801,4475,2085,586,609,1326,3810,1299,5413,5333,3788,5064,46668,28704,33116,138,1294,1655,975,9885,2490
31600,253117276,826,397,385,97,119,617,918,968,203,730,758,803,4487,2092,587,611,1331,3825,1301,5429,5351,3797,5080,46821,28811,33231,138,1299,1660,978,9907,2499
31700,253932699,828,397,386,97,119,618,921,970,204,733,760,803,4503,2097,590,612,1340,3837,1306,5446,5369,3810,5093,46999,28878,33341,139,1304,1667,982,9944,2503
31800,254748088,832,397,388,97,121,619,922,975,204,737,766,806,4514,2103,592,615,1346,3851,1312,5463,5388,3820,5118,47162,28973,33464,139,1307,1668,984,9969,2510
31900,255560158,835,399,388,98,121,621,925,981,205,740,768,806,4531,2111,594,617,1351,3863,1316,5473,5407,3830,5134,47308,29069,33577,139,1313,1671,988,10004,2523
32000,256372768,836,400,388,98,121,621,930,984,205,742,771,810,4547,2117,596,619,1353,3876,1321,5485,5423,3843,5151,47443,29172,33702,139,1320,1676,988,10036,2529
32100,257182413,842,401,389,98,121,622,932,986,206,742,773,814,4567,2121,597,619,1356,3886,1329,5509,5445,3855,5168,47608,29268,33803,139,1325,1680,992,10064,2536
32200,257990328,846,404,390,100,121,625,934,988,206,744,781,815,4584,2125,599,620,1362,3899,1336,5527,5472,3870,5185,47745,29361,33916,139,1329,1683,995,10090,2542
32300,258803173,847,407,393,101,122,630,937,990,207,745,782,816,4596,2131,601,621,1367,3911,1343,5543,5490,3886,5202,47905,29453,34016,139,1331,1687,998,10119,2557
32400,259615789,850,411,394,101,123,633,940,992,207,748,783,819,4611,2135,603,624,1372,3925,1347,5562,5508,3901,5222,48057,29549,34116,141,1334,1693,1004,10150,2563
32500,260427803,851,413,394,101,123,635,942,994,207,750,787,823,4628,2140,604,625,1376,3938,1351,5585,5525,3909,5237,48213,29631,34222,141,1338,1698,1008,10187,2575
32600,261237774,855,414,396,101,123,637,945,995,207,753,791,826,4640,2146,606,627,1381,3949,1356,5603,5539,3922,5258,48382,29729,34347,141,1341,1703,1013,10223,2586
32700,262047426,858,415,397,101,124,640,949,1001,207,756,791,827,4653,2153,609,630,1385,3968,1359,5620,5558,3934,5272,48549,29806,34448,141,1345,1704,1017,10255,2592
32800,262859163,859,417,397,102,125,643,954,1005,207,757,797,829,4663,2158,612,633,1387,3977,1364,5632,5575,3947,5290,48691,29895,34542,141,1348,1710,1021,10285,2597
32900,263673091,861,418,397,102,125,645,960,1006,208,760,799,832,4679,2169,613,636,1395,3991,1374,5641,5582,3961,5306,48846,29987,34655,141,1350,1714,1026,10311,2603
33000,264488362,864,420,398,102,125,647,961,1008,208,765,800,835,4689,2174,613,640,1396,4008,1378,5658,5608,3973,5321,48995,30082,34746,141,1355,1721,1028,10349,2610
33100,265302728,868,420,398,102,125,648,964,1011,208,767,804,835,4708,2185,615,641,1405,4017,1385,5673,5620,3981,5336,49161,30174,34852,144,1359,1724,1029,10390,2622
33200,266117364,871,421,399,102,126,649,971,1011,208,770,808,839,4718,2191,620,642,1408,4031,1387,5686,5638,3991,5344,49305,30266,34975,144,1365,1730,1034,10425,2631
33300,266931547,874,421,401,103,126,649,976,1020,209,771,808,840,4739,2200,620,645,1411,4048,1392,5705,5655,4001,5363,49458,30359,35083,144,1374,1737,1036,10450,2639
33400,267744803,877,421,402,104,126,650,981,1024,209,773,810,844,4749,2207,620,645,1413,4056,1395,5726,5671,4012,5375,49619,30456,35199,145,1377,1745,1041,10485,2652
33500,268557238,877,421,403,105,126,650,984,1029,209,774,812,847,4764,2210,623,647,1418,4068,1399,5743,5693,4030,5392,49785,30561,35315,145,1381,1756,1042,10515,2654
33600,269371057,878,421,403,106,126,653,986,1029,212,775,814,850,4779,2219,625,649,1421,4078,1404,5759,5705,4050,5407,49916,30664,35421,145,1386,1762,1047,10552,2661
33700,270186681,881,422,404,106,126,655,991,1034,213,776,819,853,4794,2226,625,652,1424,4095,1410,5781,5718,4058,5417,50076,30758,35528,146,1393,1765,1051,10577,2667
33800,271002960,884,423,407,106,127,657,995,1034,213,776,824,858,4807,2235,627,652,1428,4110,1414,5797,5742,4073,5434,50228,30854,35641,146,1395,1773,1055,10600,2674
33900,271819581,894,423,407,106,129,660,997,1038,213,778,825,863,4816,2242,629,655,1432,4122,1424,5820,5763,4082,5449,50385,30949,35754,147,1399,1779,1059,10625,2679
34000,272635309,895,427,409,106,130,662,1001,1042,214,782,830,866,4829,2249,631,656,1437,4141,1427,5830,5774,4095,5461,50542,31028,35855,147,1403,1782,1062,10655,2686
34100,273451581,895,431,410,106,131,664,1001,1046,214,787,833,868,4846,2251,634,660,1444,4149,1429,5845,5787,4110,5487,50685,31126,35960,147,1407,1785,1066,10690,2699
34200,274269662,896,431,413,106,131,666,1003,1050,215,788,836,871,4858,2257,634,662,1446,4164,1430,5867,5811,4120,5500,50840,31226,36082,148,1409,1791,1073,10720,2707
34300,275088892,897,432,414,107,131,670,1007,1053,216,791,840,875,4871,2261,638,664,1451,4172,1432,5882,5828,4131,5523,50991,31332,36173,148,1414,1799,1078,10749,2717
34400,275908428,897,433,414,108,131,671,1010,1057,216,792,842,876,4884,2271,643,666,1452,4192,1436,5898,5851,4142,5541,51171,31426,36296,148,1417,1808,1081,10784,2722
34500,276728044,900,435,418,109,132,671,1014,1063,217,798,845,879,4895,2277,646,669,1460,4207,1439,5918,5863,4154,5557,51314,31530,36398,149,1419,1814,1086,10819,2734
34600,277545377,904,436,418,110,132,673,1018,1065,218,800,848,883,4910,2281,647,672,1466,4217,1442,5946,5882,4169,5576,51475,31622,36530,149,1423,1820,1094,10856,2747
34700,278363067,906,437,418,110,132,674,1021,1074,219,803,851,885,4918,2286,650,673,1468,4228,1446,5968,5896,4189,5597,51626,31721,36640,150,1427,1828,1100,10886,2753
34800,279181863,909,438,420,110,132,676,1027,1076,220,807,855,889,4931,2294,650,675,1472,4242,1451,5992,5914,4204,5616,51799,31813,36761,150,1432,1832,1103,10919,2766
34900,279997797,913,441,421,110,133,677,1028,1078,222,808,857,890,4947,2303,654,678,1476,4256,1453,6008,5934,4216,5638,51975,31902,36881,152,1440,1835,1105,10951,2773
35000,280815958,916,442,426,110,134,679,1029,1082,222,812,860,893,4963,2315,655,681,1482,4261,1456,6020,5949,4231,5648,52134,31988,36991,152,1442,1841,1109,10983,2782
35100,281633887,917,445,427,110,134,682,1030,1085,222,818,860,896,4979,2321,656,683,1487,4266,1459,6040,5974,4240,5666,52272,32081,37098,153,1443,1842,1115,11011,2791
35200,282449735,922,446,427,110,134,684,1033,1087,222,821,864,896,4993,2329,656,683,1490,4280,1463,6063,5990,4253,5688,52424,32186,37218,153,1450,1847,1119,11042,2806
35300,283263765,925,448,428,110,134,684,1033,1091,222,822,865,902,5006,2333,656,685,1495,4291,1466,6085,6008,4263,5702,52594,32271,37325,153,1452,1848,1125,11072,2811
35400,284075534,927,448,429,110,134,684,1038,1094,223,825,870,902,5017,2341,657,686,1504,4297,1472,6102,6031,4275,5720,52758,32367,37442,154,1456,1854,1130,11094,2821
35500,284888775,931,448,431,112,134,687,1040,1096,224,827,875,903,5025,2351,660,686,1510,4307,1476,6120,6052,4289,5743,52903,32459,37542,154,1456,1855,1131,11120,2831
35600,285703907,933,451,432,112,134,690,1041,1099,227,831,875,906,5039,2357,662,686,1513,4317,1483,6147,6074,4298,5754,53059,32545,37648,154,1459,1862,1136,11158,2841
35700,286522052,934,455,433,113,135,693,1043,1107,227,832,877,908,5058,2361,663,687,1515,4330,1487,6158,6092,4312,5779,53219,32631,37763,154,1465,1864,1137,11203,2847
35800,287341286,937,455,434,113,136,693,1047,1108,227,835,877,910,5080,2370,665,688,1520,4339,1494,6171,6101,4330,5798,53360,32723,37882,154,1470,1872,1142,11237,2851
35900,288163353,938,455,435,114,137,694,1050,1111,229,838,879,910,5093,2373,668,691,1525,4349,1496,6188,6127,4341,5814,53512,32819,38013,154,1473,1876,1145,11269,2856
36000,288981422,944,455,437,114,139,695,1051,1112,229,839,884,911,5108,2382,671,695,1529,4360,1498,6204,6145,4354,5835,53680,32912,38128,154,1476,1881,1148,11304,2864
36100,289796653,949,456,437,115,139,697,1055,1115,231,841,888,911,5124,2387,674,698,1533,4374,1502,6217,6161,4363,5848,53858,33002,38257,154,1480,1884,1149,11339,2875
36200,290607887,949,458,439,116,139,698,1056,1116,232,843,892,912,5135,2391,676,702,1536,4387,1509,6244,6178,4379,5866,54020,33102,38352,155,1483,1889,1149,11369,2879
36300,291418116,954,460,439,116,139,698,1057,1120,233,845,894,913,5144,2401,677,702,1539,4401,1517,6262,6191,4392,5883,54178,33187,38470,156,1487,1893,1154,11401,2886
36400,292227453,961,464,441,116,141,700,1059,1123,233,849,894,916,5159,2408,680,705,1545,4409,1521,6288,6205,4406,5900,54323,33289,38565,156,1492,1893,1154,11433,2893
36500,293037955,964,466,441,116,141,701,1061,1125,234,851,897,916,5175,2413,683,707,1547,4426,1525,6306,6227,4419,5922,54455,33379,38683,156,1495,1896,1162,11460,2899
36600,293851164,964,467,443,116,141,701,1063,1127,235,853,900,918,5189,2420,688,708,1549,4437,1528,6325,6246,4432,5941,54600,33471,38783,156,1502,1900,1166,11485,2911
36700,294665722,966,467,444,116,141,703,1065,1128,235,855,902,919,5210,2426,689,708,1555,4447,1530,6342,6259,4451,5955,54760,33565,38880,156,1505,1903,1168,11519,2920
36800,295482358,967,467,445,116,142,705,1069,1133,236,858,904,921,5220,2430,690,710,1561,4458,1536,6365,6275,4461,5975,54908,33665,38986,156,1512,1907,1173,11556,2933
36900,296296964,969,468,446,116,142,707,1074,1135,236,861,908,922,5238,2433,693,712,1566,4464,1540,6385,6293,4480,5992,55061,33765,39108,157,1517,1916,1176,11599,2940
37000,297109668,972,468,451,117,142,708,1077,1138,236,864,909,922,5252,2445,695,712,1571,4476,1544,6400,6307,4487,6012,55211,33878,39207,157,1521,1917,1177,11623,2947
37100,297922426,974,469,452,119,143,712,1079,1144,237,865,911,924,5276,2454,696,713,1576,4488,1548,6420,6321,4497,6025,55366,33981,39308,157,1528,1920,1179,11644,2958
37200,298736679,976,470,452,119,143,719,1083,1149,237,866,915,925,5287,2458,696,716,1582,4498,1550,6436,6341,4514,6033,55507,34069,39420,159,1534,1924,1180,11674,2967
37300,299553320,979,473,452,119,143,720,1085,1154,237,868,918,930,5295,2466,699,717,1583,4511,1555,6458,6357,4527,6049,55645,34177,39534,160,1537,1925,1186,11704,2975
37400,300370061,981,473,453,119,143,723,1088,1162,239,872,918,933,5312,2471,701,720,1584,4526,1561,6470,6369,4535,6066,55776,34268,39642,160,1540,1931,1188,11733,2983
37500,301185058,985,475,453,119,143,724,1094,1166,239,872,920,933,5327,2481,703,724,1586,4542,1567,6487,6385,4549,6082,55940,34358,39760,160,1543,1932,1195,11760,2989
37600,302001542,987,476,455,120,143,725,1096,1171,241,873,921,936,5342,2489,703,727,1591,4549,1568,6500,6398,4558,6092,56107,34451,39851,160,1547,1941,1197,11788,3000
37700,302818205,991,477,455,120,143,727,1098,1172,241,878,926,941,5354,2493,703,731,1592,4564,1571,6522,6416,4570,6114,56260,34559,39965,161,1549,1945,1200,11809,3010
37800,303635760,995,479,457,121,143,728,1100,1173,242,878,929,945,5372,2502,706,733,1595,4575,1572,6536,6437,4586,6131,56417,34660,40061,162,1554,1949,1203,11849,3015
37900,304452323,997,481,461,122,143,730,1101,1175,243,878,931,949,5389,2508,708,734,1598,4586,1575,6553,6455,4598,6158,56556,34756,40167,163,1560,1953,1208,11883,3027
38000,305267765,1001,484,464,123,143,732,1104,1176,244,879,935,950,5409,2512,711,736,1599,4601,1580,6568,6472,4612,6167,56704,34839,40265,163,1560,1956,1209,11914,3038
38100,306084321,1003,485,465,123,143,733,1104,1177,245,881,938,951,5430,2525,712,736,1604,4613,1584,6596,6490,4625,6180,56857,34926,40369,163,1567,1966,1211,11946,3044
38200,306897564,1008,487,466,123,143,734,1107,1186,246,885,940,954,5447,2533,712,736,1606,4621,1589,6606,6506,4645,6195,57021,35018,40499,163,1573,1969,1215,11986,3053
38300,307709864,1011,488,466,123,143,737,1110,1190,247,885,943,955,5466,2541,713,738,1611,4633,1596,6615,6522,4662,6210,57164,35132,40604,166,1578,1973,1219,12027,3061
38400,308522993,1012,490,467,123,143,738,1115,1192,247,891,944,960,5482,2548,715,743,1616,4644,1598,6637,6534,4678,6225,57304,35232,40705,166,1583,1978,1224,12051,3068
38500,309338340,1015,491,469,123,143,738,1117,1195,247,893,946,962,5497,2555,718,745,1622,4651,1602,6651,6543,4683,6252,57462,35331,40797,166,1585,1984,1227,12083,3076
38600,310154023,1020,492,473,124,143,740,1118,1199,248,895,947,966,5512,2559,720,749,1629,4663,1610,6668,6564,4696,6269,57598,35436,40885,166,1588,1986,1234,12113,3086
38700,310967246,1022,494,475,124,144,740,1119,1201,249,895,948,967,5526,2568,721,751,1632,4669,1612,6681,6588,4706,6283,57749,35536,40996,166,1590,1993,1236,12137,3100
38800,311778497,1024,496,480,124,144,743,1124,1207,251,899,949,969,5541,2579,724,755,1636,4686,1618,6706,6607,4717,6292,57915,35614,41092,167,1594,1997,1239,12170,3111
38900,312589438,1028,498,484,126,144,743,1128,1211,251,902,952,974,5566,2586,725,758,1640,4698,1624,6726,6626,4735,6314,58063,35715,41206,168,1598,2003,1242,12203,3119
39000,313398137,1030,499,484,126,144,744,1130,1217,252,904,954,976,5580,2591,726,759,1645,4710,1629,6741,6639,4749,6328,58225,35811,41309,168,1605,2009,1246,12233,3126
39100,314208853,1034,500,485,126,145,749,1132,1217,253,907,957,977,5595,2596,728,760,1647,4719,1630,6764,6652,4759,6348,58363,35906,41416,168,1606,2014,1250,12264,3131
39200,315019752,1038,502,487,126,145,752,1135,1218,253,907,960,977,5611,2603,729,763,1648,4725,1637,6774,6670,4771,6365,58525,35999,41529,168,1612,2016,1254,12301,3138
39300,315831575,1041,502,488,127,145,756,1137,1224,254,909,962,977,5626,2611,732,766,1650,4736,1645,6792,6683,4783,6382,58682,36093,41632,168,1616,2025,1257,12324,3143
39400,316642566,1044,504,489,127,145,756,1141,1226,257,913,964,979,5640,2617,733,767,1658,4745,1647,6813,6712,4793,6401,58829,36183,41737,169,1619,2029,1264,12351,3152
39500,317454963,1045,506,489,127,146,760,1142,1229,257,916,967,979,5652,2623,736,768,1658,4754,1648,6835,6735,4805,6421,58989,36277,41818,170,1621,2038,1266,12379,3160
39600,318269811,1048,507,490,127,146,762,1143,1231,258,919,970,982,5664,2634,738,771,1660,4762,1651,6859,6754,4814,6434,59146,36379,41923,170,1622,2044,1269,12413,3168
39700,319084566,1049,509,492,127,147,765,1145,1232,260,920,971,984,5679,2641,740,771,1667,4771,1653,6869,6768,4819,6453,59312,36481,42027,170,1625,2052,1272,12449,3181
39800,319898937,1053,512,492,127,147,765,1149,1234,260,923,973,986,5695,2648,742,775,1669,4783,1653,6884,6789,4836,6465,59461,36578,42134,171,1628,2054,1274,12485,3186
39900,320713809,1058,512,495,127,147,770,1153,1235,260,928,976,990,5707,2659,744,778,1673,4803,1654,6903,6810,4852,6489,59625,36660,42227,172,1632,2062,1277,12512,3197
40000,321530462,1064,512,496,127,149,771,1153,1240,260,929,978,992,5719,2667,744,781,1674,4812,1660,6925,6826,4866,6509,59780,36749,42344,173,1636,2067,1282,12548,3204
40100,322346596,1065,513,501,127,150,772,1163,1242,261,932,980,994,5731,2671,745,782,1677,4821,1664,6943,6838,4881,6528,59949,36849,42462,173,1638,2072,1287,12586,3211
40200,323162910,1067,516,501,127,150,773,1169,1244,262,933,985,999,5759,2682,749,784,1687,4831,1671,6961,6860,4888,6536,60091,36938,42567,173,1644,2077,1292,12622,3218
40300,323979109,1070,517,503,128,151,775,1173,1249,262,933,987,1003,5775,2691,751,788,1693,4847,1681,6984,6875,4903,6555,60260,37028,42658,173,1649,2081,1296,12654,3230
40400,324794019,1071,519,504,129,151,776,1175,1249,264,933,991,1005,5791,2702,753,789,1694,4853,1686,7012,6894,4910,6572,60405,37120,42767,173,1654,2084,1297,12693,3235
40500,325610628,1072,521,509,130,151,776,1175,1255,264,934,993,1007,5808,2709,755,793,1698,4869,1691,7032,6914,4920,6586,60553,37215,42886,174,1661,2091,1299,12726,3247
40600,326425523,1073,523,509,131,151,777,1176,1260,264,938,997,1008,5835,2713,758,795,1705,4883,1695,7042,6931,4932,6606,60699,37291,42994,174,1664,2093,1302,12756,3256
40700,327239034,1075,525,509,131,152,777,1181,1263,264,942,998,1011,5853,2722,763,797,1706,4892,1697,7065,6953,4947,6615,60865,37406,43116,174,1667,2099,1304,12784,3262
40800,328052631,1077,527,509,131,153,781,1184,1267,264,947,1001,1016,5870,2730,764,799,1707,4912,1700,7080,6971,4959,6629,61024,37491,43232,174,1669,2104,1308,12816,3270
40900,328866557,1078,527,510,131,153,783,1186,1268,264,948,1003,1018,5883,2735,766,800,1709,4927,1702,7100,6987,4972,6645,61198,37606,43328,174,1676,2106,1313,12846,3279
41000,329681235,1084,529,512,131,153,784,1186,1275,264,949,1007,1020,5900,2742,768,806,1711,4943,1704,7113,7006,4986,6662,61349,37700,43443,175,1682,2110,1318,12880,3287
41100,330495906,1087,530,512,131,153,787,1189,1278,264,955,1010,1024,5918,2746,771,809,1713,4951,1708,7127,7023,4998,6681,61493,37811,43540,175,1686,2116,1324,12915,3303
41200,331310760,1089,530,514,131,153,791,1189,1282,264,958,1012,1027,5931,2753,773,811,1715,4968,1715,7148,7035,5010,6701,61658,37900,43651,175,1690,2119,1326,12951,3308
41300,332128658,1090,532,514,131,153,791,1190,1283,264,960,1013,1028,5944,2761,773,816,1718,4987,1718,7155,7050,5027,6712,61810,37988,43761,175,1696,2126,1328,12981,3315
41400,332948024,1094,533,517,131,153,793,1192,1286,264,964,1019,1030,5960,2766,773,821,1721,5000,1723,7171,7066,5042,6728,61960,38078,43876,176,1699,2133,1331,13012,3322
41500,333765167,1098,533,519,131,155,794,1197,1288,266,966,1022,1033,5976,2774,778,823,1723,5012,1727,7190,7089,5054,6744,62134,38152,43985,176,1701,2138,1332,13043,3329
41600,334582118,1104,535,521,131,155,798,1199,1292,267,968,1022,1034,5990,2782,778,823,1728,5017,1731,7214,7102,5068,6762,62271,38254,44108,176,1707,2142,1336,13073,3334
41700,335397841,1104,536,522,131,155,801,1202,1293,267,972,1024,1035,6009,2787,779,827,1733,5028,1737,7233,7124,5081,6781,62433,38341,44210,176,1712,2147,1343,13108,3341
41800,336213050,1107,536,523,131,155,802,1206,1298,267,975,1026,1041,6026,2797,779,832,1735,5041,1738,7246,7141,5097,6799,62580,38422,44304,177,1722,2154,1349,13140,3355
41900,337029211,1108,537,524,131,156,804,1210,1298,267,976,1028,1043,6043,2804,781,834,1742,5055,1744,7274,7158,5111,6820,62728,38503,44391,177,1723,2158,1350,13179,3363
42000,337844703,1108,540,525,131,156,806,1210,1299,268,978,1031,1045,6056,2807,784,834,1746,5064,1747,7290,7174,5120,6840,62906,38601,44502,177,1727,2164,1355,13216,3366
42100,338658105,1112,541,526,131,156,812,1215,1303,269,979,1034,1047,6071,2814,786,836,1750,5071,1749,7305,7189,5141,6855,63064,38691,44618,178,1728,2169,1357,13254,3373
42200,339468675,1114,543,529,132,156,815,1221,1309,269,983,1038,1049,6088,2825,789,837,1757,5086,1752,7323,7203,5149,6868,63199,38780,44730,178,1733,2177,1360,13286,3387
42300,340279416,1116,544,530,133,156,815,1225,1314,269,987,1040,1051,6096,2827,789,841,1761,5094,1758,7337,7215,5162,6890,63360,38872,44849,178,1737,2181,1364,13317,3395
42400,341089692,1118,545,532,134,156,819,1228,1315,269,990,1043,1056,6107,2835,793,841,1767,5107,1761,7349,7238,5173,6905,63532,38965,44949,178,1741,2186,1367,13343,3406
42500,341898867,1124,546,535,134,157,821,1228,1319,271,991,1045,1058,6118,2842,793,843,1768,5117,1763,7363,7258,5190,6926,63684,39074,45054,178,1743,2189,1368,13375,3415
42600,342709498,1126,546,536,135,158,824,1229,1322,273,994,1047,1062,6133,2850,797,845,1773,5127,1764,7384,7275,5202,6936,63833,39165,45162,178,1749,2194,1371,13410,3424
42700,343523109,1128,546,536,135,158,827,1234,1325,274,995,1048,1063,6147,2860,798,846,1777,5143,1767,7406,7293,5213,6948,63966,39256,45289,178,1753,2195,1373,13434,3428
42800,344337519,1129,546,537,135,159,827,1238,1327,276,997,1052,1067,6163,2866,799,847,1780,5156,1769,7428,7308,5223,6963,64113,39352,45419,178,1757,2199,1374,13465,3434
42900,345151238,1129,547,537,135,159,828,1243,1329,277,1002,1054,1069,6173,2874,799,849,1782,5163,1771,7445,7327,5238,6980,64251,39454,45512,178,1760,2206,1376,13490,3439
43000,345965246,1131,548,537,135,159,832,1243,1333,277,1003,1056,1071,6187,2877,802,850,1789,5173,1777,7463,7346,5250,6995,64429,39554,45635,178,1764,2210,1379,13525,3446
43100,346778704,1134,548,538,135,159,834,1245,1338,279,1004,1059,1075,6204,2883,802,850,1796,5182,1781,7480,7365,5265,7007,64589,39640,45754,179,1765,2212,1382,13555,3461
43200,347594551,1135,551,541,136,159,839,1249,1343,279,1008,1062,1076,6218,2886,804,853,1798,5195,1786,7504,7381,5280,7024,64740,39729,45838,179,1768,2218,1386,13586,3467
43300,348412187,1137,553,541,139,159,843,1255,1346,279,1016,1065,1077,6230,2891,804,855,1803,5204,1789,7524,7403,5292,7041,64897,39838,45959,179,1774,2228,1388,13617,3470
43400,349225389,1140,555,544,141,160,845,1259,1348,281,1021,1067,1078,6249,2894,805,857,1810,5217,1794,7538,7420,5309,7058,65070,39942,46069,179,1777,2234,1396,13648,3475
43500,350038239,1141,556,545,141,161,846,1262,1352,282,1024,1070,1083,6267,2903,807,858,1815,5227,1798,7559,7440,5324,7066,65245,40034,46171,181,1781,2241,1403,13678,3484
43600,350853005,1144,557,547,141,161,847,1269,1354,283,1028,1071,1086,6284,2912,809,860,1819,5240,1802,7574,7461,5340,7082,65391,40122,46281,181,1787,2250,1408,13709,3489
43700,351670358,1144,557,547,142,161,850,1271,1356,283,1032,1071,1087,6298,2917,812,863,1825,5248,1805,7593,7481,5355,7096,65535,40216,46386,181,1790,2252,1410,13735,3500
43800,352488268,1147,557,549,142,161,852,1275,1359,283,1036,1076,1093,6315,2923,812,868,1828,5263,1807,7611,7503,5368,7121,65694,40312,46499,181,1791,2264,1413,13761,3507
43900,353302572,1149,557,549,142,162,852,1278,1365,285,1039,1081,1094,6326,2933,812,871,1832,5281,1810,7628,7532,5383,7138,65849,40410,46603,181,1797,2271,1415,13783,3517
44000,354119357,1151,560,551,143,162,856,1281,1365,285,1041,1083,1099,6338,2940,813,871,1832,5295,1814,7650,7544,5400,7154,65989,40505,46723,181,1803,2278,1419,13816,3530
44100,354934008,1153,561,553,143,162,858,1282,1371,285,1042,1085,1105,6348,2943,816,872,1837,5307,1816,7666,7563,5410,7172,66122,40590,46830,182,1811,2283,1422,13853,3539
44200,355747945,1155,562,553,143,163,859,1284,1375,286,1043,1086,1106,6366,2952,817,874,1840,5323,1822,7685,7578,5423,7190,66291,40705,46951,182,1812,2290,1426,13886,3545
44300,356566197,1155,562,555,144,163,861,1289,1377,287,1046,1090,1112,6380,2958,819,875,1845,5337,1827,7697,7592,5434,7203,66457,40788,47073,182,1814,2294,1430,13918,3551
44400,357381351,1158,564,557,144,164,863,1292,1382,287,1050,1094,1115,6391,2962,820,875,1847,5345,1832,7714,7609,5445,7221,66610,40895,47178,182,1819,2301,1436,13948,3561
44500,358197552,1159,565,557,144,164,865,1295,1389,287,1052,1096,1118,6400,2966,824,877,1851,5362,1837,7724,7634,5456,7237,66766,40986,47278,182,1824,2308,1442,13986,3576
44600,359013374,1161,566,558,144,164,865,1298,1389,287,1053,1098,1121,6415,2971,826,877,1853,5373,1839,7748,7648,5472,7261,66927,41080,47377,182,1826,2314,1446,14024,3585
44700,359829488,1165,567,558,144,164,866,1301,1396,288,1056,1099,1124,6431,2981,828,877,1857,5384,1843,7777,7666,5487,7284,67099,41175,47491,182,1829,2323,1449,14066,3594
44800,360642047,1168,567,558,144,165,870,1303,1400,288,1058,1102,1127,6442,2993,830,879,1858,5391,1847,7801,7684,5500,7299,67250,41277,47598,182,1831,2327,1452,14092,3598
44900,361451793,1170,569,560,145,165,871,1307,1405,288,1058,1105,1130,6457,2998,832,882,1862,5405,1852,7824,7701,5512,7308,67398,41363,47711,182,1835,2333,1458,14118,3609
45000,362262230,1176,575,560,147,165,874,1308,1407,288,1059,1108,1130,6469,2999,834,884,1866,5415,1861,7837,7717,5521,7327,67577,41461,47811,182,1835,2340,1462,14149,3615
45100,363068986,1178,576,561,147,165,877,1309,1410,290,1064,1110,1131,6489,3005,835,886,1873,5434,1866,7853,7732,5533,7347,67735,41563,47926,182,1841,2351,1464,14171,3624
45200,363874740,1182,579,562,147,165,879,1313,1410,291,1068,1111,1135,6504,3008,837,889,1878,5442,1868,7865,7745,5549,7364,67882,41652,48032,182,1847,2356,1466,14207,3639
45300,364684052,1184,580,564,147,165,879,1316,1415,291,1069,1118,1137,6520,3018,842,891,1880,5455,1878,7881,7762,5560,7390,68025,41734,48139,183,1851,2363,1469,14228,3648
45400,365493552,1188,581,564,147,165,880,1321,1418,291,1070,1123,1142,6538,3021,844,894,1885,5466,1883,7893,7780,5576,7407,68195,41811,48243,184,1851,2369,1473,14254,3654
45500,366301657,1189,582,566,147,166,883,1325,1421,292,1071,1124,1142,6551,3028,845,897,1892,5476,1886,7905,7799,5592,7423,68350,41910,48348,184,1855,2378,1479,14284,3658
45600,367111110,1193,584,568,147,166,887,1328,1426,293,1072,1125,1142,6561,3039,848,900,1901,5489,1891,7927,7814,5601,7444,68506,42004,48461,185,1860,2383,1482,14316,3665
45700,367923450,1197,584,569,147,166,887,1331,1428,293,1074,1128,1147,6575,3051,852,900,1904,5501,1895,7942,7828,5611,7461,68671,42085,48565,185,1866,2385,1485,14340,3676
45800,368738706,1201,585,569,147,166,890,1332,1430,294,1077,1131,1147,6593,3055,852,901,1909,5511,1897,7956,7840,5627,7485,68826,42173,48666,185,1869,2388,1487,14374,3683
45900,369556359,1203,585,571,147,166,891,1333,1436,295,1078,1133,1148,6612,3060,854,901,1915,5530,1901,7971,7854,5643,7492,68953,42274,48763,186,1872,2391,1495,14417,3689
46000,370376621,1207,586,576,147,167,891,1336,1441,297,1080,1133,1150,6627,3064,857,902,1922,5539,1904,7981,7868,5656,7512,69127,42377,48882,186,1874,2397,1502,14456,3698
46100,371197540,1208,587,576,147,168,892,1338,1446,297,1084,1136,1151,6650,3074,865,903,1923,5552,1909,7997,7887,5670,7526,69289,42465,48992,186,1880,2399,1505,14484,3704
46200,372017538,1209,589,577,147,168,892,1341,1447,299,1084,1139,1152,6665,3082,867,903,1927,5567,1915,8012,7904,5680,7552,69447,42562,49105,186,1882,2404,1509,14529,3710
46300,372838029,1212,589,577,147,168,895,1343,1449,299,1088,1140,1155,6675,3087,868,903,1931,5583,1922,8025,7918,5691,7566,69612,42661,49204,187,1885,2408,1515,14561,3720
46400,373659795,1213,592,579,148,169,895,1343,1455,301,1093,1141,1157,6686,3089,870,905,1933,5600,1925,8044,7932,5703,7579,69765,42762,49309,188,1887,2413,1522,14597,3727
46500,374479236,1216,592,579,148,169,895,1346,1456,306,1099,1142,1159,6703,3096,871,907,1938,5609,1925,8061,7949,5718,7601,69924,42859,49441,188,1892,2419,1528,14630,3739
46600,375294558,1217,597,580,148,169,897,1348,1459,306,1102,1144,1161,6720,3107,873,910,1944,5623,1929,8079,7966,5729,7623,70085,42953,49563,188,1895,2425,1529,14662,3756
46700,376110913,1223,598,581,149,170,900,1349,1462,307,1102,1146,1165,6740,3112,875,910,1948,5635,1935,8098,7982,5743,7635,70223,43043,49674,190,1897,2435,1534,14688,3771
46800,376926455,1228,599,584,149,170,901,1351,1463,307,1107,1149,1170,6754,3120,879,912,1952,5652,1944,8115,8001,5753,7658,70385,43117,49800,190,1902,2440,1535,14710,3777
46900,377742363,1229,602,586,150,172,904,1357,1465,309,1108,1150,1172,6772,3129,881,914,1957,5666,1948,8132,8018,5766,7669,70528,43224,49906,192,1904,2446,1542,14741,3782
47000,378560525,1231,603,587,150,172,904,1360,1467,311,1108,1152,1173,6789,3135,882,916,1963,5675,1951,8149,8034,5783,7684,70683,43319,50008,194,1908,2451,1545,14765,3788
47100,379377195,1235,603,590,150,172,905,1363,1471,313,1109,1153,1180,6798,3141,884,917,1970,5690,1957,8163,8052,5795,7709,70860,43416,50113,194,1916,2461,1550,14794,3795
47200,380193039,1240,603,592,150,173,909,1366,1474,314,1111,1155,1185,6809,3148,884,918,1973,5706,1964,8192,8076,5811,7727,71004,43512,50208,194,1919,2470,1556,14826,3801
47300,381007038,1245,605,593,150,173,910,1368,1476,314,1112,1159,1188,6820,3153,886,919,1976,5719,1968,8208,8089,5821,7743,71170,43614,50321,195,1925,2477,1561,14859,3810
47400,381818278,1248,609,594,150,173,911,1371,1479,315,1114,1160,1191,6835,3160,887,925,1983,5732,1970,8229,8101,5839,7759,71329,43702,50442,196,1932,2483,1566,14894,3816
47500,382630890,1250,609,595,152,173,912,1377,1483,317,1121,1164,1191,6852,3165,890,927,1986,5744,1972,8246,8124,5855,7777,71474,43795,50566,197,1938,2487,1569,14929,3823
47600,383443916,1256,609,596,152,173,914,1380,1488,318,1122,1168,1195,6864,3175,891,929,1991,5756,1976,8268,8138,5870,7795,71613,43881,50677,197,1945,2490,1572,14959,3830
47700,384260208,1257,611,597,152,173,914,1384,1490,318,1122,1170,1196,6873,3181,893,930,1996,5771,1981,8280,8152,5882,7818,71763,43980,50800,197,1950,2498,1579,14998,3837
47800,385075941,1259,612,598,152,173,918,1387,1495,318,1124,1175,1201,6896,3186,896,933,2006,5782,1986,8299,8173,5895,7836,71928,44074,50905,198,1954,2504,1587,15032,3844
47900,385891401,1262,616,598,152,174,919,1391,1499,318,1126,1178,1206,6910,3188,898,937,2009,5800,1990,8308,8186,5907,7852,72068,44189,51016,199,1957,2508,1588,15059,3853
48000,386708999,1267,618,600,152,174,921,1394,1503,318,1126,1181,1206,6923,3193,898,939,2015,5813,1995,8328,8204,5925,7863,72209,44277,51130,201,1963,2515,1591,15090,3859
48100,387526318,1272,619,600,152,174,922,1395,1504,320,1127,1184,1209,6935,3199,899,943,2021,5831,2000,8347,8221,5932,7878,72337,44350,51228,201,1967,2524,1592,15128,3870
48200,388345677,1276,619,600,152,176,924,1398,1509,320,1129,1186,1213,6950,3205,899,945,2027,5847,2002,8362,8241,5951,7897,72489,44452,51338,202,1969,2532,1595,15167,3878
48300,389162226,1280,621,600,152,176,925,1402,1511,321,1131,1190,1214,6964,3208,900,948,2027,5859,2004,8377,8262,5958,7913,72633,44569,51429,202,1974,2541,1600,15198,3887
48400,389979940,1284,623,601,152,177,928,1406,1514,322,1133,1191,1215,6974,3213,903,949,2033,5878,2009,8401,8284,5974,7930,72788,44661,51534,203,1981,2543,1605,15235,3893
48500,390797397,1285,625,601,152,177,929,1411,1516,322,1135,1195,1217,6994,3223,907,952,2042,5896,2012,8415,8304,5981,7949,72947,44755,51646,203,1982,2551,1607,15254,3903
48600,391611879,1286,627,602,152,178,934,1414,1521,322,1139,1199,1219,7008,3232,910,952,2046,5909,2015,8436,8325,5991,7966,73099,44850,51762,203,1984,2555,1612,15291,3913
48700,392428707,1292,628,602,152,178,936,1419,1523,322,1139,1200,1222,7016,3244,910,952,2053,5923,2016,8460,8351,5997,7981,73270,44940,51881,204,1988,2560,1613,15330,3923
48800,393240460,1293,629,603,154,178,938,1422,1529,322,1143,1205,1225,7035,3251,911,955,2058,5943,2019,8473,8370,6012,8001,73427,45031,52005,205,1995,2564,1615,15368,3930
48900,394050994,1294,629,603,154,178,940,1423,1531,323,1145,1208,1228,7047,3258,911,957,2066,5959,2022,8494,8384,6021,8018,73596,45135,52099,205,1999,2567,1618,15403,3943
49000,394865708,1297,631,604,154,179,943,1425,1538,324,1145,1209,1233,7070,3262,912,958,2069,5969,2027,8514,8403,6038,8034,73742,45229,52203,205,1999,2570,1619,15434,3946
49100,395679942,1297,633,604,154,180,946,1425,1541,324,1146,1211,1235,7093,3271,913,960,2071,5983,2028,8527,8422,6046,8056,73892,45327,52312,205,2002,2577,1619,15472,3955
49200,396493536,1300,634,604,154,180,946,1426,1542,324,1149,1214,1238,7108,3273,914,962,2075,5995,2033,8555,8445,6056,8073,74042,45411,52418,205,2008,2581,1622,15504,3965
49300,397308100,1303,637,605,154,180,946,1428,1545,324,1149,1218,1238,7120,3277,914,965,2082,6003,2037,8568,8463,6065,8086,74173,45508,52529,205,2009,2590,1628,15537,3971
49400,398124107,1305,638,607,156,182,947,1432,1549,324,1151,1222,1238,7135,3284,914,965,2087,6013,2047,8582,8482,6079,8104,74326,45614,52623,206,2014,2594,1630,15575,3983
49500,398939657,1307,640,608,157,182,950,1434,1550,325,1154,1225,1238,7148,3291,918,969,2089,6029,2054,8597,8497,6088,8121,74472,45685,52727,206,2021,2603,1632,15603,3988
49600,399758080,1309,642,609,157,182,951,1437,1554,326,1155,1230,1242,7160,3298,920,970,2092,6042,2056,8618,8510,6103,8132,74629,45766,52865,207,2027,2609,1637,15636,3996
49700,400575507,1310,643,610,158,184,953,1439,1557,326,1156,1233,1244,7175,3304,922,971,2095,6052,2060,8635,8528,6117,8148,74750,45865,52985,208,2032,2615,1639,15680,4005
49800,401393556,1311,643,610,158,185,954,1439,1562,326,1159,1235,1248,7188,3311,924,971,2100,6061,2065,8655,8544,6129,8162,74911,45972,53080,208,2035,2619,1643,15717,4014
49900,402212559,1312,645,611,158,186,957,1440,1562,326,1161,1238,1252,7208,3317,924,973,2103,6068,2069,8674,8562,6144,8180,75061,46076,53195,208,2037,2622,1645,15757,4021
50000,403030240,1315,646,613,158,187,961,1444,1567,326,1163,1242,1253,7230,3325,926,975,2111,6080,2075,8692,8579,6162,8196,75208,46161,53292,209,2041,2627,1648,15788,4029
50100,403847350,1319,647,613,158,187,964,1448,1570,330,1168,1244,1255,7235,3326,926,976,2112,6094,2081,8709,8594,6175,8206,75363,46261,53407,209,2042,2633,1651,15824,4040
50200,404662365,1321,647,614,158,187,965,1452,1575,332,1169,1249,1255,7254,3336,927,976,2117,6106,2084,8726,8608,6194,8230,75521,46354,53519,209,2048,2641,1655,15867,4044
50300,405475595,1322,650,615,159,187,965,1455,1580,332,1170,1250,1258,7265,3343,930,980,2120,6114,2091,8748,8626,6209,8247,75689,46456,53621,209,2053,2644,1658,15895,4055
50400,406286583,1324,652,616,160,187,966,1459,1584,332,1174,1252,1259,7280,3350,934,983,2125,6124,2093,8765,8643,6222,8260,75848,46548,53718,210,2058,2649,1662,15931,4061
50500,407097436,1327,652,619,162,187,969,1462,1590,334,1178,1253,1260,7296,3356,934,986,2128,6132,2097,8782,8671,6237,8284,76004,46636,53821,210,2065,2652,1664,15962,4077
50600,407906757,1331,653,620,163,188,970,1469,1593,334,1183,1257,1261,7309,3360,938,989,2132,6143,2103,8796,8693,6247,8295,76159,46735,53940,210,2068,2655,1668,15996,4086
50700,408714200,1333,654,621,163,190,975,1470,1600,334,1183,1258,1265,7322,3366,939,992,2134,6165,2104,8814,8713,6262,8310,76312,46827,54056,210,2075,2657,1669,16033,4092
50800,409522351,1337,657,622,164,192,977,1473,1603,335,1184,1262,1268,7335,3371,941,995,2143,6183,2108,8837,8732,6277,8324,76465,46907,54161,210,2079,2662,1673,16072,4100
50900,410333610,1338,658,623,164,192,977,1477,1603,336,1185,1264,1272,7346,3379,943,999,2148,6199,2113,8855,8757,6289,8335,76605,46997,54268,210,2081,2666,1675,16106,4106
51000,411145071,1340,660,623,164,192,977,1481,1605,337,1188,1265,1273,7360,3385,944,999,2151,6208,2115,8871,8776,6298,8357,76754,47081,54378,210,2083,2670,1679,16144,4116
51100,411959838,1342,660,626,164,192,977,1485,1608,338,1191,1269,1277,7379,3390,945,1001,2156,6213,2118,8884,8795,6309,8364,76897,47186,54506,210,2087,2673,1682,16181,4124
51200,412773576,1342,661,627,164,192,979,1490,1613,338,1195,1269,1279,7394,3395,946,1002,2158,6225,2124,8908,8819,6327,8377,77054,47261,54596,210,2091,2682,1683,16208,4128
51300,413587774,1345,662,628,164,192,981,1491,1616,338,1197,1271,1281,7410,3400,949,1005,2161,6234,2128,8924,8837,6338,8391,77183,47351,54708,213,2097,2688,1685,16232,4136
51400,414403378,1346,667,628,164,193,984,1492,1621,339,1201,1271,1283,7426,3407,950,1007,2168,6251,2134,8935,8854,6350,8404,77333,47444,54832,213,2103,2694,1691,16279,4141
51500,415215118,1351,668,631,164,193,986,1496,1623,339,1202,1275,1285,7442,3412,952,1009,2172,6269,2140,8954,8875,6363,8424,77500,47544,54938,213,2108,2696,1694,16311,4147
51600,416025072,1351,668,633,164,193,986,1501,1627,340,1203,1282,1286,7455,3415,952,1012,2176,6280,2144,8975,8896,6379,8428,77645,47629,55038,213,2112,2699,1694,16345,4154
51700,416836287,1353,669,634,164,193,988,1503,1630,341,1205,1285,1286,7470,3421,953,1014,2181,6290,2146,8989,8914,6391,8444,77794,47727,55139,214,2115,2701,1698,16367,4164
51800,417649536,1354,669,635,164,194,990,1504,1631,342,1206,1288,1294,7486,3429,955,1017,2184,6300,2148,9006,8938,6404,8470,77933,47824,55239,215,2123,2705,1701,16394,4169
51900,418461716,1355,670,638,165,194,991,1508,1633,343,1207,1291,1295,7495,3442,956,1019,2187,6326,2152,9017,8947,6419,8486,78074,47904,55357,215,2130,2711,1702,16421,4178
52000,419274051,1356,671,640,165,194,992,1514,1637,343,1207,1294,1298,7508,3447,957,1021,2189,6339,2158,9035,8968,6431,8501,78211,48013,55468,215,2131,2719,1704,16455,4195
52100,420085491,1361,674,642,165,194,992,1515,1638,344,1208,1296,1301,7522,3451,960,1021,2193,6357,2163,9052,8988,6444,8513,78370,48117,55576,215,2134,2720,1711,16489,4203
52200,420896606,1365,677,642,166,195,992,1518,1641,344,1210,1297,1303,7537,3458,962,1023,2198,6373,2165,9068,9010,6456,8530,78524,48209,55682,216,2140,2724,1712,16521,4217
52300,421710838,1369,678,644,166,195,994,1521,1648,344,1212,1298,1305,7557,3470,966,1025,2203,6387,2168,9085,9030,6465,8543,78651,48297,55789,216,2148,2728,1713,16546,4226
52400,422525385,1369,681,646,166,195,996,1525,1653,345,1216,1300,1307,7566,3479,969,1027,2206,6396,2169,9105,9046,6479,8557,78819,48397,55891,216,2151,2730,1718,16581,4236
52500,423338224,1376,685,646,166,196,999,1532,1656,345,1220,1300,1307,7573,3489,972,1029,2208,6405,2176,9121,9066,6487,8574,78969,48487,56011,219,2156,2740,1718,16612,4251
52600,424145934,1379,687,646,166,197,1002,1536,1660,347,1224,1302,1312,7581,3493,975,1029,2211,6417,2177,9135,9087,6495,8594,79128,48567,56132,219,2161,2743,1720,16660,4261
52700,424955880,1381,689,647,166,198,1003,1540,1662,347,1227,1306,1314,7592,3498,977,1030,2215,6426,2183,9154,9102,6503,8609,79278,48657,56243,219,2163,2745,1725,16695,4270
52800,425767546,1382,691,647,166,198,1006,1541,1664,348,1231,1308,1316,7606,3502,978,1031,2221,6436,2186,9179,9121,6515,8621,79424,48770,56338,219,2168,2750,1729,16735,4276
52900,426578239,1387,692,648,166,198,1009,1541,1671,348,1234,1310,1317,7620,3507,981,1031,2223,6453,2191,9196,9140,6526,8636,79580,48863,56458,222,2171,2755,1729,16758,4277
53000,427390696,1391,692,649,166,198,1011,1543,1674,348,1235,1312,1322,7629,3519,982,1036,2225,6467,2195,9218,9158,6533,8652,79725,48966,56557,222,2176,2758,1735,16787,4287
53100,428205439,1392,693,650,166,200,1012,1544,1681,348,1236,1315,1323,7646,3526,984,1037,2228,6478,2198,9230,9172,6543,8668,79894,49075,56671,222,2178,2762,1739,16823,4295
53200,429019772,1397,694,652,167,200,1014,1547,1685,348,1238,1319,1326,7660,3532,986,1037,2233,6489,2202,9246,9200,6551,8688,80026,49166,56778,222,2188,2765,1740,16854,4306
53300,429833512,1398,695,653,167,200,1014,1549,1686,348,1239,1322,1329,7674,3537,989,1041,2236,6503,2205,9265,9218,6562,8706,80167,49265,56906,222,2191,2771,1748,16895,4314
53400,430648225,1402,696,653,167,200,1015,1550,1692,349,1244,1325,1332,7693,3546,990,1044,2243,6514,2209,9278,9239,6571,8724,80332,49353,57024,222,2197,2775,1752,16925,4319
53500,431460313,1406,697,655,167,200,1016,1556,1694,350,1245,1329,1335,7710,3552,990,1049,2248,6521,2213,9297,9257,6586,8739,80488,49443,57131,223,2202,2785,1757,16966,4323
53600,432273791,1410,698,659,167,201,1020,1557,1702,350,1246,1330,1338,7727,3560,992,1050,2251,6531,2219,9306,9272,6596,8760,80643,49539,57231,223,2211,2794,1760,16996,4336
53700,433086850,1411,701,660,167,201,1021,1561,1706,351,1249,1332,1343,7743,3567,994,1052,2254,6544,2224,9328,9287,6607,8777,80790,49618,57355,224,2213,2798,1764,17027,4346
53800,433901967,1417,702,661,168,202,1023,1563,1708,351,1249,1334,1346,7754,3575,995,1056,2257,6566,2231,9344,9305,6625,8792,80950,49724,57449,224,2218,2805,1764,17049,4355
53900,434715827,1421,703,661,168,203,1025,1566,1709,351,1253,1337,1350,7771,3584,996,1058,2261,6584,2238,9357,9328,6635,8809,81104,49820,57542,224,2221,2812,1767,17077,4363
54000,435531513,1423,703,664,168,203,1026,1569,1712,351,1255,1338,1355,7788,3592,997,1059,2264,6596,2246,9379,9349,6650,8822,81247,49898,57664,225,2227,2815,1769,17110,4371
54100,436350433,1426,704,665,168,204,1028,1574,1717,351,1259,1341,1355,7798,3595,999,1060,2266,6605,2251,9399,9365,6667,8846,81378,49983,57778,227,2233,2819,1774,17145,4379
54200,437170692,1433,707,665,168,204,1033,1576,1722,352,1263,1342,1358,7811,3603,1001,1061,2270,6619,2257,9420,9383,6675,8862,81538,50106,57891,227,2237,2829,1776,17177,4385
54300,437987458,1437,708,667,169,204,1034,1580,1726,354,1264,1347,1360,7821,3611,1003,1063,2271,6625,2262,9437,9401,6680,8881,81680,50181,58012,228,2245,2833,1779,17213,4392
54400,438802612,1438,708,669,169,204,1035,1581,1729,355,1265,1349,1361,7830,3619,1004,1063,2275,6633,2270,9451,9420,6687,8890,81840,50272,58129,228,2247,2838,1781,17247,4403
54500,439618120,1442,710,669,170,204,1038,1585,1731,356,1268,1350,1361,7848,3628,1006,1063,2282,6648,2278,9475,9434,6693,8905,81982,50368,58233,229,2253,2844,1784,17281,4411
54600,440435350,1443,711,669,170,206,1040,1586,1732,356,1270,1356,1363,7864,3634,1011,1064,2286,6662,2286,9488,9454,6702,8926,82158,50476,58334,230,2259,2850,1787,17312,4419
54700,441250697,1444,713,671,170,206,1041,1589,1738,356,1272,1358,1365,7876,3645,1013,1068,2289,6673,2291,9509,9473,6711,8941,82303,50588,58448,231,2267,2857,1790,17365,4426
54800,442067841,1446,714,671,170,206,1043,1591,1739,357,1277,1358,1369,7889,3647,1014,1071,2293,6689,2294,9523,9491,6719,8959,82444,50672,58556,231,2269,2861,1795,17392,4439
54900,442884734,1448,715,671,171,206,1044,1596,1739,357,1280,1363,1372,7899,3651,1014,1074,2301,6699,2298,9539,9507,6730,8978,82601,50782,58673,231,2270,2865,1797,17425,4449
55000,443701685,1452,715,672,172,207,1047,1599,1743,358,1282,1365,1373,7916,3653,1015,1075,2304,6713,2300,9554,9523,6739,9002,82750,50847,58788,232,2273,2876,1801,17454,4460
55100,444520285,1459,716,672,172,207,1047,1601,1745,358,1283,1367,1377,7932,3658,1017,1076,2305,6728,2304,9574,9534,6750,9020,82924,50939,58899,232,2277,2886,1803,17483,4466
55200,445339297,1459,717,672,172,208,1049,1601,1752,358,1285,1371,1383,7952,3659,1018,1077,2308,6743,2310,9586,9550,6763,9036,83083,51034,58999,235,2279,2891,1806,17506,4474
55300,446162325,1461,719,674,172,209,1050,1604,1755,359,1287,1374,1384,7971,3663,1019,1079,2314,6756,2314,9602,9566,6779,9055,83246,51119,59115,235,2284,2896,1808,17537,4480
55400,446982841,1463,722,676,172,209,1051,1608,1755,360,1293,1376,1386,7990,3672,1019,1082,2321,6771,2314,9618,9588,6788,9074,83421,51210,59235,235,2292,2906,1809,17571,4487
55500,447801661,1464,722,677,172,209,1054,1613,1755,361,1295,1380,1389,8006,3678,1021,1082,2328,6778,2318,9641,9601,6795,9088,83579,51313,59355,236,2296,2912,1810,17602,4491
55600,448617470,1466,724,678,172,210,1059,1617,1759,364,1299,1381,1394,8019,3681,1024,1084,2335,6790,2321,9659,9611,6810,9107,83728,51400,59465,236,2300,2916,1813,17642,4500
55700,449429282,1471,724,679,173,210,1062,1619,1764,365,1300,1384,1396,8035,3691,1025,1084,2341,6810,2323,9671,9638,6821,9126,83897,51504,59570,236,2304,2922,1815,17666,4511
55800,450239849,1474,724,679,173,211,1065,1623,1771,367,1303,1387,1400,8050,3695,1026,1087,2346,6829,2326,9688,9658,6835,9146,84042,51604,59714,236,2307,2927,1816,17694,4520
55900,451048879,1476,728,679,173,211,1068,1623,1772,368,1305,1390,1402,8059,3697,1026,1088,2351,6840,2331,9710,9675,6848,9166,84206,51697,59819,237,2313,2930,1820,17723,4529
56000,451860258,1477,729,679,175,211,1068,1627,1780,368,1306,1391,1403,8073,3705,1031,1088,2353,6850,2332,9727,9692,6860,9175,84366,51772,59930,238,2314,2941,1826,17747,4536
56100,452668940,1480,729,680,175,212,1070,1630,1788,370,1307,1392,1405,8091,3707,1033,1093,2360,6863,2334,9749,9710,6872,9189,84537,51884,60022,238,2317,2949,1832,17781,4545
56200,453477334,1483,731,681,175,213,1070,1631,1792,370,1309,1395,1406,8110,3715,1033,1096,2361,6874,2340,9764,9727,6885,9203,84679,51969,60147,238,2320,2956,1833,17804,4552
56300,454287267,1485,732,683,175,213,1071,1633,1792,371,1315,1399,1408,8115,3722,1035,1097,2364,6887,2342,9784,9742,6892,9222,84818,52063,60253,238,2325,2965,1837,17841,4560
56400,455098096,1488,732,686,175,213,1074,1636,1793,372,1318,1401,1410,8132,3728,1036,1098,2370,6897,2347,9805,9759,6906,9232,84972,52158,60382,238,2329,2971,1843,17877,4570
56500,455909331,1492,734,686,175,214,1074,1637,1797,372,1321,1402,1412,8144,3734,1036,1099,2376,6913,2350,9821,9778,6924,9249,85137,52245,60496,238,2331,2978,1846,17912,4584
56600,456719038,1493,735,688,175,214,1077,1639,1797,373,1322,1403,1413,8159,3741,1039,1100,2377,6920,2351,9838,9795,6935,9258,85288,52355,60608,239,2332,2985,1850,17948,4591
56700,457529110,1497,738,689,175,215,1079,1640,1804,373,1323,1404,1414,8175,3748,1043,1101,2379,6931,2355,9856,9810,6950,9276,85448,52437,60733,239,2335,2988,1853,17976,4599
56800,458339889,1499,739,692,175,215,1082,1641,1807,373,1326,1404,1416,8190,3752,1045,1101,2379,6941,2356,9863,9827,6964,9297,85598,52531,60848,239,2340,2992,1853,17998,4612
56900,459150352,1505,740,692,175,216,1084,1645,1810,374,1327,1406,1416,8201,3757,1046,1102,2381,6950,2362,9878,9848,6981,9315,85747,52624,60954,239,2342,2995,1855,18021,4620
57000,459959528,1509,742,692,175,217,1086,1645,1815,374,1327,1407,1417,8214,3763,1049,1102,2387,6963,2366,9895,9866,6996,9329,85907,52712,61071,239,2350,3001,1859,18047,4628
57100,460766372,1512,743,692,176,218,1087,1646,1819,375,1329,1412,1422,8233,3767,1054,1105,2395,6977,2368,9914,9890,7008,9346,86059,52799,61169,240,2356,3006,1866,18089,4634
57200,461570160,1519,744,693,176,219,1087,1648,1825,375,1333,1412,1426,8249,3775,1054,1107,2398,6988,2372,9924,9910,7022,9364,86218,52891,61266,240,2361,3011,1875,18117,4642
57300,462375307,1522,744,695,177,219,1087,1650,1826,375,1334,1415,1431,8261,3779,1054,1109,2403,6999,2375,9946,9932,7029,9383,86364,52974,61376,241,2363,3014,1875,18148,4648
57400,463180609,1526,748,697,177,219,1087,1654,1827,376,1337,1416,1434,8273,3786,1054,1113,2407,7015,2378,9960,9952,7038,9409,86516,53058,61486,241,2365,3019,1878,18172,4652
57500,463987945,1530,750,699,177,220,1089,1657,1830,376,1340,1417,1440,8285,3794,1057,1114,2411,7023,2384,9983,9967,7047,9427,86666,53157,61599,242,2366,3023,1881,18200,4659
57600,464798287,1532,752,700,179,220,1089,1658,1835,378,1341,1420,1443,8303,3797,1058,1117,2419,7034,2387,9997,9991,7062,9442,86820,53255,61715,243,2369,3029,1883,18234,4665
57700,465609987,1536,753,702,180,220,1091,1663,1837,378,1344,1422,1444,8315,3807,1058,1118,2424,7042,2392,10016,10007,7078,9461,86965,53342,61825,243,2373,3033,1887,18256,4673
57800,466423200,1540,753,703,180,220,1093,1665,1839,379,1347,1423,1448,8332,3813,1061,1119,2431,7058,2397,10044,10022,7092,9480,87115,53423,61937,245,2378,3038,1888,18288,4687
57900,467237528,1541,754,703,181,222,1094,1671,1841,379,1352,1426,1450,8346,3820,1062,1119,2436,7074,2401,10065,10046,7106,9495,87265,53531,62040,246,2381,3047,1891,18320,4696
58000,468050364,1543,756,703,182,223,1095,1677,1844,380,1354,1431,1451,8358,3831,1065,1120,2439,7088,2405,10085,10062,7127,9513,87425,53624,62136,246,2390,3050,1894,18350,4704
58100,468861237,1545,757,703,183,223,1097,1678,1849,380,1354,1434,1451,8375,3840,1066,1125,2442,7106,2409,10094,10074,7140,9538,87576,53708,62230,246,2397,3059,1896,18379,4710
58200,469675079,1549,757,704,184,225,1100,1681,1850,380,1356,1437,1451,8388,3847,1068,1127,2446,7118,2412,10110,10086,7159,9556,87725,53810,62345,247,2400,3062,1898,18418,4720
58300,470488650,1549,760,707,184,225,1101,1681,1854,380,1361,1438,1453,8410,3851,1070,1129,2454,7136,2417,10121,10100,7173,9577,87888,53897,62447,247,2404,3065,1904,18454,4728
58400,471299901,1551,762,707,185,225,1103,1685,1858,381,1367,1442,1458,8430,3859,1072,1130,2457,7154,2427,10137,10114,7190,9591,88035,54000,62549,247,2406,3067,1908,18486,4735
58500,472109324,1558,763,707,185,225,1103,1686,1861,382,1368,1443,1460,8452,3869,1075,1131,2460,7163,2428,10162,10141,7204,9602,88187,54098,62657,248,2411,3071,1913,18517,4741
58600,472921046,1562,765,708,185,225,1107,1689,1863,382,1369,1445,1462,8466,3874,1077,1132,2461,7171,2429,10178,10163,7214,9620,88333,54177,62754,248,2414,3075,1916,18565,4750
58700,473733714,1563,766,708,186,226,1108,1692,1867,382,1370,1448,1464,8480,3880,1078,1136,2467,7187,2431,10199,10176,7224,9632,88475,54285,62862,249,2416,3079,1920,18588,4758
58800,474546200,1570,768,710,187,226,1109,1698,1870,382,1373,1454,1468,8495,3883,1081,1138,2472,7197,2434,10215,10194,7239,9646,88607,54391,62976,249,2419,3081,1925,18619,4763
58900,475355412,1575,770,711,187,226,1111,1703,1872,382,1375,1457,1473,8510,3887,1083,1139,2478,7208,2437,10233,10209,7244,9661,88754,54483,63075,250,2424,3082,1929,18647,4770
59000,476168909,1576,772,711,188,227,1111,1709,1875,382,1377,1459,1476,8526,3890,1088,1142,2480,7215,2440,10241,10229,7257,9674,88890,54576,63190,250,2427,3082,1932,18679,4777
59100,476982817,1578,773,711,189,227,1111,1711,1878,383,1380,1463,1479,8536,3894,1089,1145,2483,7229,2444,10258,10248,7271,9685,89053,54660,63296,251,2431,3089,1935,18715,4792
59200,477797325,1580,774,711,189,227,1115,1716,1880,383,1382,1466,1481,8551,3905,1095,1150,2487,7245,2450,10278,10264,7279,9701,89177,54766,63400,251,2434,3097,1940,18747,4801
59300,478612460,1580,775,712,189,227,1117,1718,1882,385,1384,1468,1482,8566,3914,1098,1152,2493,7256,2453,10295,10277,7291,9717,89318,54847,63523,252,2437,3104,1941,18775,4811
59400,479429464,1582,778,712,189,227,1118,1723,1884,388,1388,1471,1485,8579,3921,1100,1153,2495,7265,2454,10309,10300,7300,9734,89472,54938,63635,253,2441,3107,1951,18816,4825
59500,480245655,1585,778,712,189,227,1120,1727,1884,388,1390,1474,1489,8593,3927,1102,1156,2497,7277,2458,10325,10311,7310,9756,89620,55030,63750,253,2445,3113,1952,18844,4836
59600,481062901,1590,778,715,190,227,1123,1730,1884,388,1394,1475,1490,8613,3933,1104,1161,2503,7289,2463,10333,10326,7322,9772,89780,55118,63862,253,2450,3117,1956,18884,4842
59700,481877911,1592,778,715,193,227,1126,1734,1885,388,1396,1476,1492,8622,3942,1106,1162,2507,7303,2470,10349,10349,7334,9793,89940,55197,63986,255,2456,3122,1958,18924,4853
59800,482695889,1594,779,717,193,227,1126,1736,1890,388,1397,1479,1494,8632,3947,1110,1162,2510,7315,2472,10370,10363,7349,9804,90088,55285,64103,255,2458,3125,1961,18952,4858
59900,483514850,1599,779,719,193,228,1131,1741,1895,390,1400,1482,1497,8646,3954,1115,1163,2516,7334,2474,10388,10380,7363,9825,90230,55379,64213,255,2460,3128,1967,18977,4865
60000,484333581,1602,780,719,195,228,1133,1744,1899,390,1402,1487,1498,8658,3961,1115,1165,2524,7342,2476,10407,10399,7378,9841,90399,55476,64315,256,2465,3129,1967,19014,4874
60100,485152376,1604,780,720,195,228,1135,1749,1901,391,1405,1488,1501,8670,3968,1118,1167,2528,7356,2487,10427,10421,7390,9857,90554,55574,64420,256,2468,3135,1970,19043,4884
60200,485971755,1606,780,720,195,230,1139,1750,1905,391,1407,1489,1504,8684,3975,1120,1173,2528,7367,2490,10447,10428,7404,9878,90728,55683,64522,256,2476,3140,1973,19080,4889
60300,486789545,1611,782,720,195,231,1140,1755,1911,391,1411,1493,1507,8693,3984,1123,1176,2536,7377,2490,10469,10438,7421,9894,90886,55786,64632,257,2478,3144,1978,19116,4896
60400,487604976,1612,783,723,195,231,1141,1756,1915,392,1416,1493,1509,8714,3992,1125,1177,2539,7386,2495,10493,10453,7432,9906,91059,55887,64749,257,2485,3149,1983,19142,4902
60500,488419402,1614,784,726,195,231,1142,1762,1917,392,1417,1495,1511,8730,4003,1125,1178,2541,7395,2500,10508,10481,7442,9931,91203,55982,64865,257,2488,3154,1985,19172,4907
60600,489236510,1617,788,727,195,231,1143,1766,1918,393,1419,1500,1514,8745,4010,1126,1181,2542,7409,2505,10527,10500,7454,9943,91348,56082,64975,257,2490,3164,1991,19203,4916
60700,490052836,1619,788,727,195,231,1147,1768,1921,394,1421,1504,1517,8762,4015,1127,1185,2546,7421,2510,10545,10519,7468,9959,91507,56181,65070,257,2492,3173,1995,19245,4919
60800,490869882,1621,790,729,197,231,1149,1772,1923,395,1423,1505,1520,8773,4024,1129,1186,2547,7431,2513,10566,10536,7484,9974,91676,56261,65179,258,2499,3178,1997,19280,4930
60900,491688283,1625,790,732,197,231,1151,1779,1925,395,1427,1510,1522,8787,4031,1132,1188,2551,7440,2519,10581,10548,7498,9988,91830,56360,65288,258,2506,3180,1999,19310,4936
61000,492504421,1628,792,733,197,231,1152,1781,1929,395,1429,1513,1524,8801,4034,1135,1189,2557,7453,2525,10592,10567,7520,10017,91976,56470,65396,259,2509,3185,2002,19341,4940
61100,493320703,1634,792,733,197,231,1153,1784,1931,395,1430,1515,1526,8809,4041,1139,1189,2563,7466,2530,10616,10595,7536,10034,92144,56556,65511,260,2509,3189,2005,19375,4947
61200,494139461,1639,792,734,197,232,1154,1787,1934,395,1431,1517,1530,8824,4049,1142,1192,2570,7479,2535,10638,10612,7547,10051,92282,56647,65613,260,2513,3194,2007,19405,4954
61300,494962070,1644,792,735,198,233,1156,1787,1936,396,1431,1519,1533,8838,4054,1144,1193,2572,7493,2538,10656,10630,7561,10068,92429,56753,65717,260,2519,3198,2009,19435,4961
61400,495781228,1646,792,736,199,233,1160,1789,1937,397,1433,1522,1535,8862,4062,1147,1196,2574,7509,2544,10673,10652,7569,10094,92596,56840,65834,260,2522,3201,2013,19471,4973
61500,496599910,1646,793,737,199,233,1161,1791,1942,398,1433,1524,1537,8874,4073,1149,1197,2579,7524,2547,10694,10672,7578,10111,92749,56927,65959,261,2526,3206,2020,19499,4981
61600,497418381,1650,794,738,199,233,1162,1797,1943,401,1437,1524,1539,8890,4080,1150,1197,2585,7540,2552,10709,10694,7590,10125,92909,57029,66082,261,2530,3208,2022,19528,4990
61700,498235284,1654,796,738,199,233,1165,1800,1952,401,1440,1527,1541,8908,4085,1153,1199,2591,7552,2555,10722,10711,7605,10141,93079,57126,66190,262,2536,3209,2026,19564,5006
61800,499052419,1657,797,739,199,234,1167,1802,1952,402,1442,1529,1541,8920,4090,1154,1202,2598,7564,2560,10738,10726,7614,10157,93234,57218,66298,262,2542,3220,2027,19594,5015
61900,499869459,1659,797,742,199,234,1169,1805,1955,402,1442,1533,1541,8933,4095,1154,1203,2604,7574,2564,10757,10748,7625,10171,93389,57311,66411,262,2544,3224,2033,19624,5021
62000,500685586,1661,799,742,199,236,1170,1807,1959,402,1446,1534,1544,8946,4103,1156,1204,2607,7592,2566,10775,10764,7640,10185,93536,57403,66565,263,2545,3228,2039,19650,5033
62100,501499617,1662,800,742,199,236,1170,1812,1962,403,1447,1537,1546,8959,4113,1157,1205,2610,7609,2573,10799,10781,7653,10198,93674,57497,66702,263,2548,3234,2047,19685,5040
62200,502314380,1663,802,742,199,236,1172,1816,1966,403,1448,1538,1546,8978,4119,1159,1205,2613,7618,2580,10818,10797,7660,10215,93820,57578,66803,263,2552,3240,2052,19724,5043
62300,503131081,1666,803,743,199,237,1176,1817,1972,403,1451,1541,1552,8986,4126,1161,1205,2620,7626,2586,10831,10815,7668,10228,93995,57678,66914,263,2556,3245,2055,19753,5056
62400,503945313,1670,803,743,199,237,1178,1822,1976,404,1455,1543,1553,9004,4132,1161,1206,2620,7638,2595,10848,10837,7680,10244,94148,57759,67015,263,2561,3249,2058,19789,5069
62500,504763492,1675,805,743,199,237,1179,1824,1981,405,1457,1544,1555,9025,4136,1161,1208,2624,7648,2598,10866,10845,7696,10262,94302,57852,67104,264,2568,3254,2061,19827,5082
62600,505585310,1676,806,744,199,237,1183,1829,1985,405,1461,1547,1555,9042,4147,1162,1210,2626,7657,2610,10878,10850,7706,10272,94433,57962,67221,264,2570,3258,2065,19865,5093
62700,506408446,1680,807,745,200,238,1184,1836,1986,405,1463,1548,1556,9049,4150,1162,1210,2629,7667,2612,10894,10869,7719,10288,94611,58053,67319,267,2576,3264,2069,19908,5101
62800,507230597,1684,808,746,200,238,1184,1838,1987,405,1465,1549,1556,9068,4160,1164,1210,2637,7683,2615,10907,10882,7731,10307,94770,58142,67429,268,2578,3269,2074,19941,5110
62900,508047070,1686,810,746,200,238,1187,1839,1994,405,1470,1549,1556,9080,4167,1165,1212,2640,7693,2617,10927,10901,7743,10325,94949,58236,67540,270,2583,3274,2078,19975,5119
63000,508860684,1687,813,747,201,238,1188,1844,1997,405,1472,1554,1563,9100,4176,1170,1212,2645,7701,2619,10954,10923,7754,10344,95090,58322,67635,271,2591,3277,2082,20013,5126
63100,509675503,1687,815,748,201,239,1188,1846,2000,406,1474,1559,1565,9112,4184,1173,1213,2649,7715,2621,10967,10938,7766,10369,95245,58407,67739,271,2598,3280,2085,20052,5133
63200,510491338,1687,819,749,202,240,1188,1847,2008,406,1477,1561,1568,9131,4187,1173,1214,2651,7724,2625,10987,10953,7773,10386,95393,58482,67842,272,2599,3286,2088,20081,5147
63300,511310370,1690,821,749,202,240,1189,1851,2008,406,1479,1563,1570,9146,4191,1174,1215,2658,7739,2633,10999,10967,7783,10402,95533,58585,67948,272,2602,3292,2090,20109,5155
63400,512130262,1693,822,750,202,240,1191,1853,2017,407,1480,1565,1574,9160,4197,1177,1217,2663,7758,2639,11022,10987,7791,10422,95686,58688,68067,272,2606,3298,2093,20137,5158
63500,512951229,1700,822,753,202,240,1191,1855,2020,407,1482,1566,1581,9174,4206,1179,1219,2665,7774,2643,11035,11006,7810,10437,95848,58793,68158,272,2609,3301,2096,20169,5165
63600,513766654,1704,823,755,202,240,1196,1857,2023,408,1484,1569,1582,9189,4214,1182,1220,2671,7787,2644,11047,11020,7824,10454,96007,58906,68280,272,2616,3304,2096,20196,5177
63700,514581104,1705,825,758,203,242,1198,1862,2025,408,1487,1570,1584,9219,4222,1182,1222,2677,7798,2648,11072,11044,7833,10475,96159,59000,68386,272,2621,3311,2101,20228,5185
63800,515392349,1709,825,761,203,242,1201,1865,2028,408,1489,1571,1587,9231,4229,1183,1224,2679,7812,2655,11094,11063,7846,10490,96321,59076,68480,272,2629,3314,2107,20257,5194
63900,516202951,1713,826,762,203,242,1202,1867,2034,409,1490,1574,1592,9250,4239,1184,1225,2681,7830,2660,11110,11081,7859,10506,96467,59172,68592,272,2634,3320,2113,20294,5203
64000,517013332,1715,826,764,203,242,1203,1868,2037,409,1493,1577,1592,9258,4247,1185,1226,2687,7840,2661,11127,11094,7882,10518,96622,59272,68718,272,2637,3328,2117,20332,5211
64100,517824762,1718,827,764,204,242,1205,1875,2044,409,1494,1583,1592,9282,4251,1187,1230,2694,7854,2667,11144,11114,7889,10532,96792,59355,68827,272,2643,3332,2119,20362,5223
64200,518633145,1723,829,765,204,242,1206,1875,2045,410,1497,1585,1592,9294,4259,1188,1232,2698,7864,2673,11163,11131,7904,10545,96942,59446,68939,273,2646,3337,2121,20393,5231
64300,519443667,1726,831,766,204,242,1206,1879,2047,411,1500,1586,1597,9308,4270,1192,1233,2699,7881,2681,11184,11155,7916,10560,97106,59536,69050,275,2651,3341,2125,20429,5238
64400,520255858,1727,833,767,204,242,1206,1885,2049,411,1503,1589,1598,9319,4276,1194,1233,2701,7895,2688,11194,11170,7926,10581,97244,59616,69171,276,2654,3346,2127,20461,5248
64500,521069001,1728,834,768,205,242,1207,1890,2055,411,1507,1591,1603,9339,4280,1196,1233,2704,7908,2693,11220,11189,7942,10597,97420,59692,69282,276,2658,3349,2131,20496,5251
64600,521882154,1730,837,770,205,243,1208,1893,2058,411,1509,1595,1603,9355,4290,1198,1234,2709,7919,2698,11237,11202,7952,10612,97567,59785,69377,276,2663,3356,2134,20534,5262
64700,522694148,1733,838,772,206,243,1209,1895,2061,413,1510,1600,1605,9371,4294,1199,1235,2713,7931,2704,11247,11223,7971,10632,97716,59879,69493,277,2667,3363,2139,20565,5274
64800,523506912,1734,839,772,206,245,1212,1899,2064,413,1513,1600,1606,9385,4303,1199,1240,2718,7944,2709,11259,11248,7986,10648,97892,59971,69603,277,2670,3366,2142,20592,5277
64900,524320251,1737,840,772,206,246,1215,1904,2064,414,1516,1602,1606,9398,4309,1201,1240,2724,7953,2712,11273,11267,8004,10665,98046,60072,69710,277,2671,3370,2145,20626,5281
65000,525132623,1741,840,773,206,248,1216,1906,2068,417,1516,1603,1608,9414,4315,1204,1241,2725,7968,2713,11298,11287,8017,10678,98200,60158,69814,277,2673,3375,2151,20655,5290
65100,525945276,1745,840,774,206,249,1217,1909,2071,417,1519,1604,1609,9433,4324,1208,1243,2731,7978,2715,11309,11305,8023,10699,98348,60231,69917,277,2678,3378,2153,20684,5298
65200,526762198,1748,840,776,206,249,1218,1913,2071,418,1521,1606,1611,9450,4327,1209,1244,2733,7989,2721,11326,11326,8035,10714,98507,60322,70010,277,2687,3383,2155,20709,5306
65300,527578903,1750,840,777,206,249,1220,1918,2073,419,1523,1610,1616,9463,4336,1210,1244,2737,8002,2726,11342,11336,8047,10730,98664,60444,70108,277,2692,3389,2161,20741,5316
65400,528392941,1752,840,779,206,249,1221,1923,2076,419,1524,1613,1619,9480,4346,1210,1244,2742,8019,2727,11363,11353,8061,10747,98829,60538,70228,279,2698,3391,2164,20759,5322
65500,529204288,1752,842,779,206,249,1223,1926,2081,420,1531,1616,1623,9499,4359,1212,1246,2746,8032,2732,11383,11371,8071,10761,98987,60626,70348,279,2707,3396,2166,20797,5326
65600,530014898,1754,845,782,206,250,1224,1928,2083,420,1531,1620,1628,9515,4368,1213,1247,2752,8046,2736,11403,11385,8086,10777,99134,60722,70460,280,2709,3396,2167,20833,5333
65700,530827579,1757,845,782,206,250,1225,1930,2084,420,1531,1621,1629,9530,4378,1213,1249,2757,8062,2738,11423,11402,8097,10790,99281,60812,70569,280,2712,3400,2170,20856,5339
65800,531640748,1761,847,782,206,250,1226,1931,2088,421,1532,1626,1631,9545,4383,1214,1249,2759,8072,2742,11443,11418,8111,10807,99448,60927,70683,280,2718,3407,2175,20883,5347
65900,532455611,1764,847,783,206,251,1228,1935,2091,422,1537,1629,1631,9558,4389,1214,1251,2767,8087,2744,11463,11440,8127,10820,99599,61027,70791,281,2722,3409,2181,20917,5351
66000,533268758,1767,848,784,206,252,1232,1938,2092,423,1540,1631,1633,9572,4393,1214,1254,2771,8103,2747,11481,11455,8143,10838,99757,61139,70899,281,2725,3415,2188,20947,5359
66100,534083893,1769,849,785,206,253,1234,1941,2096,423,1541,1634,1633,9591,4399,1216,1255,2777,8117,2751,11507,11468,8151,10850,99926,61240,70999,282,2729,3417,2191,20974,5365
66200,534897023,1770,850,786,206,253,1236,1943,2101,423,1545,1638,1636,9609,4409,1219,1256,2779,8129,2758,11529,11483,8162,10870,100077,61345,71119,283,2731,3421,2193,21006,5374
66300,535708898,1776,852,790,206,254,1238,1946,2102,424,1549,1644,1638,9626,4422,1222,1259,2782,8135,2764,11549,11498,8172,10889,100241,61443,71198,283,2735,3426,2196,21042,5385
66400,536518366,1778,853,790,206,254,1240,1951,2106,425,1551,1646,1642,9635,4429,1224,1261,2783,8152,2771,11569,11512,8182,10902,100380,61530,71318,283,2738,3431,2198,21087,5395
66500,537327900,1783,853,791,206,254,1241,1955,2107,426,1554,1650,1647,9653,4435,1225,1262,2788,8163,2774,11589,11527,8198,10916,100520,61623,71429,284,2742,3433,2199,21125,5398
66600,538140598,1785,854,793,206,256,1242,1956,2107,426,1555,1655,1650,9659,4443,1227,1263,2788,8182,2781,11605,11550,8210,10931,100676,61725,71531,285,2745,3436,2202,21157,5405
66700,538951264,1787,857,793,206,256,1243,1958,2112,428,1557,1656,1652,9675,4447,1229,1265,2795,8190,2787,11616,11561,8228,10946,100826,61830,71649,286,2747,3447,2206,21188,5419
66800,539760149,1791,859,794,206,257,1246,1963,2120,428,1562,1658,1656,9689,4455,1230,1270,2797,8205,2794,11629,11587,8245,10965,100998,61915,71758,287,2753,3455,2213,21209,5424
66900,540565374,1793,859,796,207,258,1251,1968,2122,429,1564,1658,1659,9705,4460,1231,1271,2801,8215,2797,11643,11607,8255,10990,101162,62015,71855,287,2756,3460,2214,21245,5433
67000,541372739,1794,861,797,207,258,1255,1971,2126,431,1567,1660,1661,9732,4465,1233,1273,2807,8223,2801,11661,11624,8275,11006,101311,62116,71947,288,2761,3463,2220,21275,5446
67100,542181613,1796,862,797,208,258,1256,1972,2129,431,1568,1660,1665,9750,4472,1236,1274,2811,8239,2804,11686,11637,8287,11017,101467,62202,72087,288,2764,3466,2224,21299,5456
67200,542989079,1797,863,798,208,259,1257,1975,2132,432,1572,1662,1667,9763,4477,1238,1277,2816,8254,2810,11702,11657,8299,11040,101616,62300,72191,290,2771,3470,2228,21331,5470
67300,543793950,1802,866,799,208,259,1259,1978,2137,432,1577,1664,1668,9773,4484,1240,1281,2819,8265,2816,11718,11673,8313,11061,101769,62394,72304,290,2777,3477,2229,21361,5477
67400,544601991,1805,870,799,208,261,1267,1979,2144,432,1579,1667,1669,9784,4494,1245,1283,2824,8281,2822,11734,11680,8322,11078,101919,62501,72410,290,2780,3485,2231,21389,5482
67500,545411605,1805,871,800,209,261,1268,1980,2148,433,1579,1668,1671,9800,4500,1245,1284,2830,8296,2823,11757,11702,8334,11096,102068,62590,72520,290,2787,3490,2235,21420,5492
67600,546221854,1807,873,800,210,261,1274,1982,2155,434,1582,1673,1672,9814,4507,1246,1286,2834,8310,2827,11770,11718,8348,11109,102233,62703,72603,291,2790,3495,2240,21447,5499
67700,547034622,1808,875,800,210,261,1277,1985,2159,434,1584,1674,1674,9829,4513,1248,1289,2838,8320,2832,11798,11730,8362,11130,102371,62804,72714,292,2793,3497,2245,21468,5507
67800,547847617,1812,878,802,210,261,1277,1988,2160,434,1589,1675,1675,9856,4516,1249,1289,2840,8332,2840,11819,11746,8376,11153,102531,62892,72810,292,2799,3503,2245,21507,5513
67900,548658386,1815,879,803,211,261,1278,1993,2163,434,1592,1676,1680,9874,4522,1250,1293,2844,8343,2844,11839,11774,8392,11171,102693,62999,72926,292,2804,3507,2248,21538,5524
68000,549468060,1817,881,805,212,261,1280,2001,2167,435,1593,1677,1681,9886,4534,1251,1295,2845,8348,2848,11860,11793,8399,11180,102838,63079,73039,292,2810,3509,2253,21572,5535
68100,550280091,1821,881,807,212,261,1283,2003,2173,435,1595,1678,1684,9907,4538,1253,1297,2851,8364,2853,11881,11813,8409,11198,102996,63174,73151,295,2813,3513,2257,21601,5548
68200,551088941,1825,882,807,212,261,1285,2009,2178,437,1597,1679,1685,9920,4548,1258,1300,2856,8378,2857,11898,11831,8419,11212,103159,63264,73253,295,2816,3517,2259,21627,5553
68300,551900096,1827,883,810,212,261,1286,2014,2184,437,1599,1680,1688,9942,4553,1258,1301,2862,8395,2863,11918,11853,8433,11233,103326,63347,73368,295,2821,3521,2260,21653,5561
68400,552713830,1828,885,811,213,262,1289,2018,2188,438,1603,1682,1690,9951,4557,1260,1305,2866,8402,2868,11937,11863,8450,11245,103481,63426,73474,295,2826,3530,2264,21681,5566
68500,553529341,1831,885,813,214,262,1292,2022,2189,439,1604,1684,1692,9962,4564,1261,1306,2869,8420,2870,11956,11881,8469,11266,103619,63506,73576,296,2828,3534,2266,21722,5576
68600,554345234,1833,885,814,215,262,1292,2027,2195,440,1608,1684,1696,9978,4567,1262,1308,2873,8430,2873,11975,11900,8482,11283,103773,63614,73692,296,2831,3541,2270,21754,5595
68700,555160766,1838,886,817,215,262,1294,2029,2196,440,1610,1687,1701,9990,4576,1267,1309,2879,8440,2879,11994,11927,8489,11295,103943,63715,73793,296,2841,3547,2271,21783,5606
68800,555975621,1838,889,817,215,262,1296,2031,2198,441,1614,1691,1702,10003,4584,1268,1310,2882,8450,2881,12009,11943,8500,11315,104086,63812,73897,296,2844,3557,2272,21812,5617
68900,556794458,1842,891,817,215,262,1297,2033,2199,442,1618,1698,1704,10016,4596,1268,1311,2887,8467,2887,12030,11964,8515,11326,104231,63905,74012,298,2849,3560,2275,21840,5632
69000,557613878,1843,891,821,216,263,1298,2037,2203,443,1619,1699,1707,10034,4600,1271,1311,2892,8478,2895,12045,11986,8529,11338,104375,63988,74106,298,2851,3567,2278,21868,5641
69100,558431316,1844,893,822,217,265,1298,2040,2205,443,1621,1701,1709,10048,4608,1274,1312,2895,8489,2899,12065,12002,8545,11358,104539,64091,74222,298,2852,3580,2284,21912,5646
69200,559246969,1846,894,826,217,266,1301,2045,2211,443,1623,1706,1710,10061,4613,1274,1315,2898,8499,2907,12073,12020,8562,11372,104693,64186,74338,298,2855,3587,2285,21949,5655
69300,560064548,1850,895,827,217,267,1301,2047,2215,443,1627,1707,1712,10073,4620,1276,1315,2901,8514,2910,12091,12043,8578,11392,104853,64285,74445,299,2859,3597,2287,21977,5659
69400,560879854,1851,897,827,218,268,1302,2051,2219,443,1630,1709,1714,10088,4624,1280,1319,2907,8523,2915,12108,12065,8587,11414,105036,64365,74536,300,2862,3600,2290,22018,5668
69500,561693824,1853,898,828,219,268,1303,2053,2223,443,1635,1712,1719,10106,4630,1282,1321,2910,8532,2918,12126,12075,8600,11432,105169,64454,74655,300,2868,3604,2291,22047,5677
69600,562506980,1857,900,831,219,268,1304,2056,2224,444,1639,1716,1720,10117,4638,1283,1324,2913,8544,2923,12145,12092,8613,11449,105321,64561,74792,300,2871,3611,2299,22083,5685
69700,563320892,1858,903,831,219,271,1305,2057,2227,444,1641,1718,1723,10133,4643,1286,1325,2916,8554,2925,12162,12111,8627,11467,105465,64634,74901,300,2875,3617,2301,22112,5689
69800,564132972,1861,906,832,220,272,1307,2060,2235,444,1645,1721,1728,10154,4649,1287,1326,2923,8568,2927,12180,12139,8640,11484,105610,64738,75016,301,2878,3623,2302,22134,5692
69900,564948227,1861,907,833,220,272,1308,2063,2239,444,1646,1723,1730,10171,4654,1289,1330,2927,8586,2930,12192,12154,8656,11503,105753,64817,75112,302,2880,3627,2304,22164,5701
70000,565765989,1866,908,834,220,272,1313,2067,2243,444,1648,1724,1731,10191,4662,1290,1333,2931,8603,2933,12205,12174,8672,11517,105915,64902,75216,305,2884,3633,2309,22209,5714
70100,566581676,1868,909,835,220,273,1315,2070,2244,447,1651,1728,1735,10202,4669,1290,1334,2934,8623,2935,12224,12189,8685,11532,106060,64995,75335,305,2887,3638,2311,22239,5721
70200,567399318,1870,909,836,222,273,1317,2072,2249,447,1655,1729,1738,10219,4674,1293,1335,2938,8634,2938,12239,12208,8699,11541,106201,65099,75425,305,2891,3644,2318,22272,5725
70300,568218618,1872,912,837,222,274,1318,2078,2253,448,1657,1731,1744,10234,4680,1294,1338,2946,8641,2943,12258,12225,8710,11558,106342,65193,75546,305,2897,3645,2322,22302,5732
70400,569032956,1873,916,838,224,274,1320,2079,2256,448,1661,1732,1746,10248,4685,1297,1340,2949,8655,2946,12279,12248,8727,11574,106499,65293,75662,305,2905,3651,2327,22335,5737
70500,569847620,1874,918,838,224,275,1320,2081,2257,448,1662,1733,1749,10266,4691,1298,1344,2951,8665,2951,12295,12263,8745,11595,106655,65381,75761,305,2912,3656,2329,22368,5747
70600,570661603,1876,918,838,225,275,1323,2085,2260,449,1666,1733,1752,10282,4701,1299,1345,2958,8680,2957,12316,12283,8759,11611,106793,65480,75881,305,2918,3666,2334,22405,5759
70700,571472452,1878,920,839,227,275,1325,2092,2264,450,1671,1737,1756,10289,4713,1302,1348,2961,8694,2963,12331,12299,8768,11626,106962,65564,75986,305,2921,3673,2338,22436,5761
70800,572284445,1883,921,839,228,275,1329,2093,2265,453,1678,1738,1759,10305,4719,1302,1348,2963,8708,2970,12345,12323,8786,11642,107129,65660,76092,305,2926,3677,2345,22467,5769
70900,573095746,1884,921,840,228,275,1331,2100,2267,453,1679,1742,1763,10316,4728,1305,1349,2971,8723,2979,12361,12340,8797,11669,107278,65756,76220,305,2929,3682,2345,22490,5775
71000,573906912,1885,922,841,228,276,1335,2102,2270,453,1683,1748,1769,10334,4736,1305,1352,2976,8736,2984,12380,12353,8809,11684,107425,65835,76338,305,2939,3688,2346,22524,5784
71100,574719720,1889,923,841,228,276,1339,2104,2272,453,1684,1755,1772,10346,4740,1307,1353,2982,8747,2987,12401,12372,8823,11694,107596,65931,76430,306,2940,3691,2349,22559,5791
71200,575534996,1890,926,841,228,276,1341,2108,2276,454,1686,1758,1773,10358,4752,1307,1358,2982,8761,2988,12412,12395,8836,11713,107746,66033,76536,306,2942,3698,2352,22581,5803
71300,576352616,1892,927,842,228,276,1344,2110,2279,454,1688,1761,1775,10371,4757,1309,1358,2988,8775,2993,12431,12405,8848,11732,107894,66127,76633,306,2942,3704,2355,22610,5813
71400,577169440,1893,928,843,228,276,1347,2112,2283,456,1689,1763,1780,10387,4762,1313,1360,2994,8789,2999,12452,12423,8855,11751,108066,66226,76742,306,2945,3709,2360,22636,5819
71500,577988637,1897,929,844,228,276,1348,2114,2287,456,1691,1767,1780,10403,4772,1316,1360,3000,8808,3004,12463,12443,8865,11766,108221,66304,76844,306,2951,3716,2361,22669,5828
71600,578806530,1900,930,844,228,278,1349,2119,2294,456,1693,1771,1783,10413,4775,1320,1363,3004,8827,3012,12485,12464,8872,11784,108357,66399,76958,306,2954,3721,2361,22706,5833
71700,579624700,1905,930,845,228,279,1351,2121,2295,456,1695,1773,1784,10424,4782,1324,1365,3009,8839,3014,12500,12479,8880,11805,108509,66487,77067,306,2963,3725,2367,22749,5845
71800,580439889,1907,930,846,228,280,1355,2123,2297,457,1698,1775,1787,10437,4791,1325,1366,3014,8853,3022,12512,12500,8892,11822,108668,66596,77183,307,2965,3727,2369,22798,5853
71900,581255671,1910,930,847,228,280,1357,2128,2300,457,1704,1779,1790,10455,4797,1328,1368,3018,8864,3025,12533,12514,8902,11841,108828,66690,77310,309,2969,3734,2376,22831,5859
72000,582065949,1910,931,847,229,280,1357,2130,2302,459,1705,1782,1798,10476,4805,1330,1372,3020,8873,3029,12551,12532,8924,11855,108988,66788,77413,309,2971,3739,2379,22861,5866
72100,582880924,1912,932,847,229,280,1357,2132,2302,459,1709,1787,1801,10498,4809,1332,1373,3022,8887,3033,12565,12552,8931,11870,109148,66873,77514,310,2976,3742,2382,22904,5877
72200,583696538,1915,934,848,229,280,1357,2137,2305,460,1712,1788,1802,10510,4818,1335,1376,3027,8896,3036,12579,12573,8949,11880,109292,66979,77617,310,2978,3752,2388,22940,5890
72300,584512813,1918,934,850,230,280,1358,2140,2306,460,1715,1790,1804,10529,4822,1335,1381,3028,8909,3039,12598,12592,8961,11891,109441,67068,77739,310,2982,3754,2390,22975,5896
72400,585325733,1922,935,852,231,281,1360,2142,2310,460,1716,1795,1806,10543,4825,1338,1381,3030,8922,3041,12613,12606,8974,11903,109593,67171,77856,310,2985,3760,2395,23000,5906
72500,586137626,1925,936,852,231,282,1364,2144,2313,460,1719,1795,1809,10559,4835,1339,1387,3033,8934,3045,12633,12635,8980,11921,109739,67266,77967,311,2988,3763,2400,23036,5914
72600,586949933,1928,937,853,231,282,1366,2148,2314,461,1721,1798,1809,10572,4840,1340,1389,3039,8947,3050,12654,12651,8995,11936,109889,67375,78074,311,2992,3768,2402,23063,5924
72700,587762841,1930,937,853,231,282,1368,2150,2316,461,1722,1800,1809,10584,4843,1343,1391,3044,8957,3053,12676,12662,9007,11948,110043,67478,78171,311,2998,3771,2408,23102,5937
72800,588576001,1931,939,854,231,283,1371,2152,2319,462,1724,1804,1812,10601,4854,1343,1394,3048,8975,3057,12698,12680,9020,11962,110189,67581,78282,312,3001,3775,2410,23144,5946
72900,589387900,1932,940,856,232,284,1373,2152,2322,463,1725,1809,1816,10616,4862,1347,1396,3052,8987,3060,12718,12707,9031,11984,110325,67683,78391,312,3007,3781,2412,23171,5953
73000,590202446,1937,941,858,232,284,1374,2154,2325,463,1727,1811,1817,10631,4869,1347,1396,3055,8993,3065,12740,12731,9044,12001,110480,67778,78496,313,3009,3785,2413,23197,5965
73100,591016144,1937,941,860,233,284,1375,2156,2332,463,1730,1813,1818,10641,4874,1349,1401,3059,9002,3067,12755,12748,9052,12014,110647,67877,78592,313,3013,3788,2416,23227,5975
73200,591829304,1939,942,860,233,284,1376,2160,2335,463,1736,1815,1822,10654,4879,1352,1402,3062,9008,3072,12775,12762,9064,12028,110827,67975,78698,313,3015,3795,2422,23261,5984
73300,592642278,1943,943,861,233,284,1378,2165,2339,463,1743,1815,1825,10672,4886,1353,1402,3067,9017,3080,12797,12778,9070,12047,110981,68062,78802,313,3024,3799,2424,23300,5993
73400,593456709,1946,943,863,233,284,1378,2168,2342,464,1745,1820,1829,10685,4893,1353,1403,3073,9027,3086,12817,12790,9081,12066,111116,68151,78897,313,3026,3802,2426,23328,6004
73500,594272367,1954,944,865,233,285,1381,2171,2345,466,1747,1823,1834,10703,4899,1354,1404,3074,9040,3092,12825,12803,9098,12086,111275,68257,79019,314,3031,3805,2429,23356,6012
73600,595088369,1958,946,865,234,285,1382,2176,2347,466,1748,1825,1835,10720,4906,1356,1406,3078,9051,3094,12845,12819,9116,12099,111416,68368,79134,315,3035,3810,2432,23384,6019
73700,595906365,1963,947,866,234,286,1382,2179,2351,466,1749,1828,1836,10734,4911,1360,1409,3081,9065,3098,12857,12828,9127,12121,111564,68471,79242,315,3039,3816,2433,23411,6030
73800,596723370,1964,947,866,234,286,1384,2181,2354,466,1752,1829,1837,10745,4921,1365,1414,3083,9074,3101,12881,12844,9143,12142,111729,68564,79364,315,3046,3826,2437,23444,6039
73900,597537823,1971,949,866,237,286,1386,2185,2358,467,1757,1830,1837,10772,4926,1368,1417,3089,9087,3107,12898,12871,9156,12163,111875,68646,79470,315,3051,3830,2440,23477,6048
74000,598348549,1974,950,867,237,286,1387,2188,2361,467,1757,1831,1838,10778,4931,1372,1418,3091,9103,3110,12914,12892,9165,12186,112021,68755,79592,317,3052,3836,2445,23507,6060
74100,599160771,1978,951,869,238,286,1387,2190,2363,467,1760,1832,1840,10795,4935,1374,1418,3096,9114,3115,12935,12907,9175,12200,112157,68844,79700,317,3056,3841,2447,23544,6070
74200,599977605,1981,954,870,238,286,1390,2192,2367,467,1762,1836,1843,10818,4943,1375,1421,3100,9125,3118,12950,12925,9195,12221,112324,68934,79805,317,3060,3848,2449,23584,6074
74300,600791686,1982,956,871,239,286,1390,2194,2374,467,1765,1839,1845,10830,4952,1375,1422,3102,9132,3123,12977,12943,9206,12241,112477,69030,79912,318,3063,3852,2452,23610,6081
74400,601607405,1986,957,876,240,287,1390,2198,2376,468,1765,1839,1850,10841,4961,1376,1423,3108,9146,3127,12991,12962,9219,12265,112624,69137,80014,318,3066,3858,2456,23648,6093
74500,602423491,1990,958,880,241,288,1396,2203,2379,468,1768,1840,1852,10859,4968,1376,1426,3109,9161,3128,13006,12984,9231,12279,112788,69232,80133,318,3072,3860,2458,23683,6104
74600,603238207,1993,959,884,242,289,1397,2206,2380,468,1771,1841,1853,10868,4973,1379,1427,3111,9172,3131,13018,13005,9243,12295,112935,69330,80226,318,3077,3867,2461,23714,6111
74700,604049874,1993,961,885,242,290,1398,2207,2385,468,1771,1845,1854,10883,4977,1379,1432,3114,9190,3134,13039,13019,9254,12326,113083,69428,80331,319,3080,3872,2464,23758,6116
74800,604863498,1995,962,888,243,292,1398,2210,2388,468,1776,1847,1857,10894,4985,1380,1433,3121,9196,3139,13060,13040,9264,12340,113227,69530,80428,320,3087,3881,2465,23778,6124
74900,605676121,1997,963,888,244,293,1398,2212,2391,468,1778,1849,1858,10903,4994,1381,1433,3125,9205,3141,13078,13061,9276,12367,113395,69623,80534,321,3090,3890,2468,23820,6131
75000,606487940,2002,966,891,244,293,1400,2217,2393,469,1782,1852,1861,10916,5011,1381,1434,3128,9214,3144,13097,13084,9291,12383,113531,69718,80640,321,3093,3894,2471,23855,6140
75100,607300242,2005,967,894,244,293,1403,2219,2398,470,1789,1857,1864,10927,5020,1382,1436,3130,9225,3146,13112,13101,9310,12398,113701,69803,80753,322,3097,3901,2475,23892,6146
75200,608109758,2007,968,897,244,293,1404,2221,2406,471,1791,1858,1865,10939,5033,1387,1438,3133,9243,3150,13129,13122,9316,12416,113866,69911,80853,322,3101,3902,2477,23923,6153
75300,608923954,2012,969,898,244,293,1407,2222,2409,473,1798,1862,1871,10955,5040,1390,1439,3136,9251,3153,13144,13138,9327,12438,114026,69990,80950,322,3107,3908,2480,23957,6159
75400,609735812,2012,972,901,244,293,1410,2227,2412,473,1803,1867,1875,10971,5048,1393,1441,3140,9261,3159,13163,13155,9339,12451,114188,70082,81065,323,3109,3911,2485,23994,6171
75500,610549423,2012,974,901,244,293,1411,2228,2417,474,1805,1870,1877,10984,5054,1393,1443,3146,9269,3164,13179,13174,9358,12460,114326,70170,81175,323,3112,3916,2488,24032,6186
75600,611364968,2016,975,904,244,293,1415,2232,2419,476,1809,1873,1882,10996,5063,1395,1445,3149,9280,3168,13199,13194,9372,12482,114462,70271,81278,323,3113,3920,2491,24068,6191
75700,612181077,2020,975,905,244,293,1418,2235,2423,477,1811,1874,1887,11014,5073,1398,1447,3153,9288,3173,13219,13207,9383,12506,114610,70370,81377,323,3117,3922,2494,24104,6202
75800,612996186,2024,977,906,244,293,1420,2239,2426,479,1811,1875,1891,11024,5081,1400,1447,3155,9291,3180,13241,13230,9394,12520,114763,70442,81501,323,3121,3925,2497,24118,6211
75900,613809598,2027,978,908,245,293,1422,2241,2429,480,1812,1877,1895,11047,5094,1405,1448,3156,9307,3182,13268,13255,9399,12531,114934,70537,81625,324,3121,3931,2501,24147,6217
76000,614618434,2030,979,909,246,293,1422,2244,2432,480,1817,1880,1895,11060,5100,1405,1453,3157,9318,3186,13286,13273,9417,12550,115096,70608,81738,324,3124,3934,2502,24178,6225
76100,615429447,2031,981,909,247,293,1423,2247,2437,481,1818,1881,1897,11076,5107,1408,1453,3163,9329,3190,13303,13284,9426,12570,115244,70698,81850,325,3126,3938,2503,24214,6231
76200,616240543,2033,982,909,247,294,1426,2251,2440,483,1821,1885,1901,11093,5113,1410,1456,3167,9341,3197,13325,13298,9443,12583,115390,70789,81944,325,3129,3943,2507,24241,6238
76300,617048692,2038,984,910,248,294,1429,2253,2440,484,1822,1886,1904,11106,5117,1411,1457,3170,9350,3202,13346,13312,9452,12606,115563,70881,82052,325,3135,3945,2509,24286,6251
76400,617858046,2042,984,913,249,295,1431,2257,2444,485,1823,1887,1905,11115,5124,1412,1458,3172,9364,3210,13360,13330,9466,12620,115714,70977,82162,325,3137,3952,2511,24313,6261
76500,618665478,2045,984,913,249,296,1432,2260,2450,485,1825,1887,1909,11127,5131,1413,1460,3175,9379,3216,13380,13338,9481,12634,115870,71073,82270,327,3140,3958,2513,24344,6267
76600,619474719,2047,984,913,249,296,1436,2264,2458,485,1829,1890,1913,11139,5133,1418,1463,3184,9391,3222,13394,13352,9494,12649,116015,71165,82383,328,3148,3965,2515,24378,6275
76700,620283137,2051,984,914,249,296,1436,2268,2458,488,1833,1892,1914,11150,5136,1420,1464,3190,9401,3225,13406,13370,9506,12663,116159,71254,82487,328,3152,3968,2522,24418,6283
76800,621093510,2057,986,916,249,296,1436,2272,2458,488,1835,1893,1915,11162,5139,1420,1466,3194,9408,3233,13419,13384,9519,12684,116328,71348,82602,328,3155,3973,2524,24462,6293
76900,621905763,2060,987,917,249,296,1438,2276,2461,488,1837,1895,1916,11170,5145,1422,1471,3200,9426,3239,13435,13397,9533,12701,116484,71434,82711,328,3160,3979,2526,24485,6301
77000,622717682,2062,987,917,249,297,1440,2277,2466,489,1839,1896,1922,11183,5150,1424,1471,3205,9439,3245,13454,13413,9544,12718,116642,71533,82817,328,3163,3983,2530,24520,6308
77100,623531117,2066,989,918,250,297,1444,2280,2468,490,1842,1898,1924,11193,5159,1424,1474,3208,9446,3251,13469,13431,9561,12732,116799,71617,82941,328,3166,3987,2535,24551,6311
77200,624343667,2068,990,921,250,298,1446,2283,2472,491,1842,1902,1927,11204,5165,1425,1477,3213,9465,3252,13492,13457,9577,12752,116936,71725,83054,328,3167,3992,2537,24580,6319
77300,625155470,2069,992,923,250,299,1450,2286,2475,491,1843,1905,1927,11213,5175,1426,1478,3218,9477,3254,13512,13474,9589,12766,117075,71823,83178,328,3175,3994,2542,24607,6328
77400,625965374,2070,996,925,250,300,1451,2290,2476,491,1845,1909,1928,11221,5184,1429,1480,3222,9485,3261,13531,13492,9598,12787,117235,71918,83287,329,3179,3997,2544,24634,6340
77500,626776387,2073,999,928,251,300,1454,2293,2484,491,1847,1911,1929,11232,5193,1430,1481,3224,9500,3262,13546,13512,9608,12804,117387,72013,83397,329,3186,4004,2547,24665,6351
77600,627583606,2074,1002,928,252,303,1456,2295,2487,494,1847,1917,1933,11254,5202,1433,1485,3227,9511,3266,13562,13534,9618,12824,117532,72115,83519,330,3190,4007,2550,24693,6362
77700,628393402,2077,1003,928,252,303,1459,2299,2492,494,1848,1921,1934,11264,5208,1433,1487,3233,9522,3272,13571,13552,9630,12843,117691,72197,83613,330,3195,4010,2553,24723,6369
77800,629203528,2079,1004,928,252,303,1461,2306,2495,496,1849,1925,1937,11274,5218,1434,1490,3237,9536,3275,13592,13575,9640,12867,117846,72291,83737,330,3198,4016,2556,24755,6374
77900,630013108,2083,1007,931,252,305,1465,2312,2501,496,1852,1929,1937,11291,5225,1436,1494,3240,9546,3279,13606,13593,9654,12879,118005,72392,83839,330,3203,4017,2559,24788,6384
78000,630822597,2087,1008,932,252,306,1466,2314,2503,496,1854,1929,1939,11309,5228,1437,1498,3241,9558,3285,13620,13612,9666,12897,118155,72501,83958,330,3204,4019,2561,24820,6391
78100,631630885,2089,1009,933,253,306,1471,2316,2505,496,1855,1931,1939,11325,5236,1439,1500,3248,9571,3286,13639,13628,9676,12914,118295,72589,84072,330,3207,4022,2563,24854,6394
78200,632443493,2089,1010,936,254,307,1472,2318,2509,496,1858,1933,1942,11343,5240,1442,1501,3252,9589,3289,13659,13640,9688,12932,118462,72677,84175,330,3210,4028,2567,24885,6405
78300,633253415,2090,1013,936,255,308,1475,2321,2512,496,1861,1936,1943,11361,5247,1446,1502,3258,9604,3293,13669,13664,9702,12954,118629,72759,84294,331,3213,4030,2571,24920,6411
78400,634060790,2095,1013,939,256,308,1476,2324,2516,499,1863,1937,1945,11375,5252,1447,1503,3260,9619,3299,13686,13682,9713,12968,118773,72853,84393,332,3220,4036,2574,24949,6416
78500,634868919,2099,1014,940,256,308,1477,2324,2520,499,1863,1939,1950,11391,5260,1449,1505,3266,9629,3300,13707,13696,9730,12989,118903,72950,84514,332,3225,4040,2575,24971,6420
78600,635678331,2103,1015,942,256,308,1479,2326,2524,499,1866,1940,1951,11405,5265,1453,1506,3268,9644,3303,13737,13715,9736,13009,119060,73052,84641,333,3227,4042,2577,25008,6427
78700,636488073,2106,1016,943,256,308,1482,2329,2529,500,1868,1943,1951,11415,5272,1455,1507,3268,9664,3308,13759,13733,9746,13018,119211,73152,84751,335,3230,4046,2579,25036,6435
78800,637298367,2109,1017,944,256,308,1484,2331,2532,501,1869,1945,1954,11430,5285,1455,1510,3269,9677,3314,13782,13750,9760,13033,119362,73233,84875,335,3233,4049,2582,25067,6441
78900,638110375,2112,1018,946,256,308,1486,2335,2535,502,1869,1950,1956,11442,5286,1456,1510,3276,9684,3315,13802,13761,9776,13053,119513,73329,84978,335,3236,4057,2584,25100,6451
79000,638923124,2115,1020,948,256,308,1490,2337,2538,504,1871,1952,1958,11450,5292,1457,1510,3280,9694,3319,13819,13779,9784,13071,119691,73411,85087,335,3239,4061,2588,25134,6460
79100,639740308,2117,1020,948,256,308,1491,2340,2542,504,1871,1953,1961,11457,5296,1458,1512,3283,9703,3320,13832,13794,9801,13092,119855,73511,85177,336,3239,4068,2590,25174,6472
79200,640553334,2118,1020,948,256,310,1494,2345,2542,506,1875,1956,1962,11471,5302,1459,1514,3287,9714,3322,13849,13811,9810,13108,120010,73609,85289,337,3243,4075,2597,25207,6482
79300,641366114,2120,1020,948,256,312,1498,2346,2544,507,1878,1959,1965,11490,5308,1464,1514,3291,9719,3327,13864,13839,9819,13124,120158,73705,85401,337,3245,4081,2597,25241,6489
79400,642177353,2122,1020,949,256,313,1499,2349,2548,507,1879,1959,1967,11504,5315,1464,1518,3295,9728,3329,13880,13864,9831,13147,120330,73810,85526,337,3251,4088,2603,25278,6500
79500,642989949,2124,1021,951,257,313,1499,2352,2555,508,1883,1961,1970,11516,5322,1465,1523,3296,9739,3334,13899,13883,9838,13174,120464,73904,85625,337,3256,4092,2604,25312,6507
79600,643804557,2128,1022,952,257,314,1506,2355,2559,508,1888,1963,1970,11530,5326,1469,1525,3299,9755,3339,13909,13904,9849,13184,120588,74010,85739,337,3258,4101,2610,25336,6513
79700,644617396,2135,1025,954,257,314,1509,2358,2562,508,1890,1966,1974,11544,5334,1473,1527,3301,9765,3342,13928,13928,9864,13205,120745,74121,85847,337,3265,4103,2614,25378,6520
79800,645426428,2137,1025,956,257,314,1512,2362,2564,510,1891,1969,1975,11560,5342,1477,1527,3302,9782,3348,13945,13947,9876,13227,120903,74205,85940,338,3267,4103,2616,25410,6528
79900,646239067,2138,1027,957,257,315,1515,2365,2566,511,1891,1971,1978,11572,5350,1481,1530,3307,9790,3351,13966,13967,9892,13249,121036,74291,86041,339,3271,4105,2619,25444,6538
80000,647052971,2141,1029,958,259,316,1517,2368,2568,511,1893,1975,1980,11584,5357,1482,1533,3309,9801,3354,13994,13988,9900,13263,121179,74392,86157,340,3274,4112,2620,25473,6547
