t,Ki,Mi,Ni,Vxi,Vyi,Vzi,Txi,Tyi,Tzi,Rxi,Ryi,Rzi,XX,YY,ZZ,XY,XZ,YZ,XVX,XVY,XVZ,YVX,YVY,YVZ,ZVX,ZVY,ZVZ,step,KEe,MEe,E,NP,L,SP,TP,VV,QP,MP,NS,VS,DT,ET,B,FV,EX,MEM,SE,OS,CR,LV,Ered,Bred,gas_index,duration,NN,pct_ion,Nmin,EP_0,DE,autostep,pc_scale,indeck,vdf_init,downsample,n,analytic_cs,nsamples,mix_thresh,fixed_background,eadf,ECS,egen,eesd,directory,n_gas,mobN,k_i,k_tot,k_1,k_2,k_3,k_4,k_5,k_6,k_7,k_8,k_9,k_10,k_11,k_12,k_13,k_14,k_15,k_16,k_17,k_18,k_19,k_20,k_21,k_22,k_23,k_24,k_25,k_26,k_27,k_28,k_29,k_30,k_31,k_32,k_33,D_XX_bulk,D_XX,D_YY_bulk,D_YY,D_ZZ_bulk,D_ZZ,D_H_bulk,D_H,Wz,mobN_bulk,a_n_bulk,a_n
0.0,0.0,0.0,3e+22,0.0,0.0,0.0,0.0,0.0,0.0,0.0,0.0,0.0,0.0,0.0,0.0,0.0,0.0,0.0,0.0,0.0,0.0,0.0,0.0,0.0,0.0,0.0,0.0,0.0,0.0,0.0,-270.0,30000 3000,1e-06,2,0.0 0.0259,0.0 0.0,-1.0 0.0,0.00054857 28.0,30000,1000,0,0.0,0.0 0.0 0.0,1000 1000000 0,0,0.0,0,100,0,,90,,1,,,10,1.0,10.0,0.1,True,{},,,False,3,mixed,250,300,True,Ar_Aubin,,False,uniform,Argon_Aubin_Model3-test/90Td,3.0000000000000005e+21,0.0,,,,,,,,,,,,,,,,,,,,,,,,,,,,,,,,,,,,,0.0,,0.0,,0.0,,0.0,,,,
1.97474e-08,65708.7,2.19029,3e+22,2319.06,-2194.58,622180.0,0.567241,0.580096,1.03227,7.21377231e-06,-5.17126153e-06,0.00811226686,1.37856116e-06,1.43539634e-06,6.92364122e-05,-7.71833402e-09,3.8716125e-08,-5.00867708e-08,263.612526,-0.811575391,1.18743491,-2.83532265,274.199869,-0.773582283,16.6602974,-20.5959095,5584.83875,100.0,65708.674786,2.19028916,-270.0,30000 3000,1e-06,2,0.0 0.0259,0.0 0.0,-1.0 0.0,0.00054857 28.0,30000,1000,0,0.0,0.0 0.0 0.0,1000 1000000 0,0,0.0,0,100,0,,90,,1,,,10,1.0,10.0,0.1,True,{},,,False,3,mixed,250,300,True,Ar_Aubin,,False,uniform,Argon_Aubin_Model3-test/90Td,3.0000000000000005e+21,6.913111111111113e+24,0.0,1.0252826532438026e-14,1.0252826532438028e-14,0.0,0.0,0.0,0.0,0.0,0.0,0.0,0.0,0.0,0.0,0.0,0.0,0.0,0.0,0.0,0.0,0.0,0.0,0.0,0.0,0.0,0.0,0.0,0.0,0.0,0.0,0.0,0.0,0.0,0.0,0.0,0.0,34.90356000002682,263.5957968291868,36.343255265356156,274.18852025287146,86.7845537170904,537.5485550452004,-1.0028622019100564,-5.453366130187396,410801.76934685075,4.564464103853898e+24,0.0,0.0
3.94949e-08,119952.0,3.99841,3e+22,6072.51,8205.51,122675.0,2.6377,2.62086,2.65209,9.19329131e-05,4.2595733e-06,0.0148108956,5.62053612e-05,5.63821315e-05,0.000266539358,-5.2853946e-07,1.41808283e-06,1.73643523e-07,1999.6441,-61.8813672,-17.2636835,-79.814597,2002.53782,-2.78855293,95.5415021,166.061201,2794.13197,200.0,119952.249488,3.998408316,-270.0,30000 3000,1e-06,2,0.0 0.0259,0.0 0.0,-1.0 0.0,0.00054857 28.0,30000,1000,0,0.0,0.0 0.0 0.0,1000 1000000 0,0,0.0,0,100,0,,90,,1,,,10,1.0,10.0,0.1,True,{},,,False,3,mixed,250,300,True,Ar_Aubin,,False,uniform,Argon_Aubin_Model3-test/90Td,3.0000000000000005e+21,1.3630555555555557e+24,0.0,7.456734107331148e-14,7.456734107331149e-14,0.0,0.0,0.0,0.0,0.0,0.0,0.0,0.0,0.0,0.0,0.0,0.0,0.0,0.0,0.0,0.0,0.0,0.0,0.0,0.0,0.0,0.0,0.0,0.0,0.0,0.0,0.0,0.0,0.0,0.0,0.0,0.0,1387.9903282963805,1999.0858364658711,1391.2399545758203,2002.5028680286912,1107.7202804864164,977.2053522699998,3.862684349232115,-22.939363154498494,339215.73169126065,3.7690636854584524e+24,0.0,0.0
5.92423e-08,136767.0,4.55889,3e+22,228.429,-2777.13,106662.0,3.03622,3.00633,3.0105,0.000201239309,2.1050343e-05,0.016892499,0.000136621578,0.000138058584,0.000365804867,-1.28132699e-06,3.79754963e-06,8.86835196e-07,1959.34673,-40.7193844,32.9200648,-13.8441816,1985.87314,20.9225483,26.5885712,-112.492337,2531.52573,300.0,136766.692503,4.55888975,-270.0,30000 3000,1e-06,2,0.0 0.0259,0.0 0.0,-1.0 0.0,0.00054857 28.0,30000,1000,0,0.0,0.0 0.0 0.0,1000 1000000 0,0,0.0,0,100,0,,90,,1,,,10,1.0,10.0,0.1,True,{},,,False,3,mixed,250,300,True,Ar_Aubin,,False,uniform,Argon_Aubin_Model3-test/90Td,3.0000000000000005e+21,1.1851333333333335e+24,0.0,1.1135643173278507e-13,1.1135586907080878e-13,0.0,0.0,0.0,0.0,0.0,0.0,0.0,0.0,0.0,0.0,0.0,0.0,0.0,0.0,0.0,0.0,0.0,0.0,0.0,0.0,0.0,0.0,0.0,5.626619763164321e-19,0.0,0.0,0.0,0.0,0.0,0.0,0.0,0.0,2035.3102484637034,1959.3007611058845,2068.019777971386,1985.9315995390555,842.4302695316444,729.738001662,17.300543468242996,34.185312169370995,105411.51746559031,1.1712390829510037e+24,0.0,0.0
7.89897e-08,152351.0,5.07836,3e+22,756.43,-3674.0,88215.0,3.37875,3.34936,3.38429,0.000188423916,1.17803342e-05,0.0188500545,0.000215986149,0.0002163112,0.000463511244,-1.5573988e-06,3.45080631e-06,8.33356463e-07,1828.61927,-44.0693047,-5.32929046,94.3886258,1833.15466,-39.9602448,-15.3106052,-39.3615794,2333.96097,400.0,152350.905599,5.07836352,-270.0,30000 3000,1e-06,2,0.0 0.0259,0.0 0.0,-1.0 0.0,0.00054857 28.0,30000,1000,0,0.0,0.0 0.0 0.0,1000 1000000 0,0,0.0,0,100,0,,90,,1,,,10,1.0,10.0,0.1,True,{},,,False,3,mixed,250,300,True,Ar_Aubin,,False,uniform,Argon_Aubin_Model3-test/90Td,3.0000000000000005e+21,9.801666666666669e+23,0.0,1.3476767124335918e-13,1.347569806658092e-13,0.0,0.0,0.0,0.0,0.0,0.0,0.0,0.0,0.0,0.0,0.0,0.0,5.626619763164321e-19,0.0,0.0,0.0,0.0,0.0,0.0,5.626619763164321e-19,0.0,0.0,5.626619763164321e-19,3.3759718578985926e-18,2.2506479052657284e-18,3.3759718578985926e-18,0.0,0.0,0.0,0.0,0.0,0.0,2009.6206256865712,1828.4767404972201,1981.3474265135292,1833.1979409478506,702.3290360257711,671.1034122824999,-25.274698424108077,-51.52045813537501,99129.78417411927,1.1014420463791031e+24,0.0,0.0
9.87371e-08,165055.0,5.50185,3e+22,-260.68,-314.813,78233.6,3.61938,3.65379,3.69572,0.000202297544,-2.03721944e-05,0.0205818582,0.000293058567,0.000293473866,0.000562161877,-1.79108154e-06,3.86164521e-06,4.89026125e-07,1895.98863,-125.912949,25.6857976,-21.8707474,1849.55895,-79.2779288,-46.9279547,-0.306898198,2243.17354,500.0,165055.373626,5.501845788,-270.0,30000 3000,1e-06,2,0.0 0.0259,0.0 0.0,-1.0 0.0,0.00054857 28.0,30000,1000,0,0.0,0.0 0.0 0.0,1000 1000000 0,0,0.0,0,100,0,,90,,1,,,10,1.0,10.0,0.1,True,{},,,False,3,mixed,250,300,True,Ar_Aubin,,False,uniform,Argon_Aubin_Model3-test/90Td,3.0000000000000005e+21,8.692622222222224e+23,1.1253239526328642e-18,1.5417613345441818e-13,1.5411930459481024e-13,0.0,0.0,0.0,0.0,0.0,5.626619763164321e-19,0.0,0.0,0.0,1.1253239526328642e-18,5.626619763164321e-19,0.0,1.6879859289492963e-18,5.626619763164321e-19,0.0,0.0,0.0,2.813309881582161e-18,5.626619763164321e-19,3.3759718578985926e-18,5.626619763164321e-19,2.813309881582161e-18,5.626619763164321e-19,1.294122545527794e-17,1.4066549407910804e-17,9.002591621062914e-18,0.0,0.0,0.0,0.0,4.501295810531457e-18,1.1253239526328642e-18,1951.320104819176,1896.04136492377,1953.7354221307412,1849.5525365683645,768.7670449796701,632.9806783244796,-10.179536501657875,-31.7033434427024,87697.80831906982,9.744200924341093e+23,1.2831836669607664e-23,1.4384151472421876e-23
1.18485e-07,176117.0,5.87055,3e+22,2460.57,3187.01,75570.0,3.89478,3.94186,3.8719,0.000240584908,-1.69759095e-05,0.0222922975,0.00036898426,0.000368365792,0.000666824296,-2.40550034e-06,5.58878089e-06,-1.64059026e-06,1841.77228,-63.709488,-52.1477354,-194.560753,1862.95065,86.5790709,-6.44278965,21.1894639,2453.21699,600.0,176116.538643,5.870551288,-270.0,30000 3000,1e-06,2,0.0 0.0259,0.0 0.0,-1.0 0.0,0.00054857 28.0,30000,1000,0,0.0,0.0 0.0 0.0,1000 1000000 0,0,0.0,0,100,0,,90,,1,,,10,1.0,10.0,0.1,True,{},,,False,3,mixed,250,300,True,Ar_Aubin,,False,uniform,Argon_Aubin_Model3-test/90Td,3.0000000000000005e+21,8.396666666666669e+23,3.938633834215024e-18,1.717430030169935e-13,1.716220306920855e-13,1.6879859289492963e-18,0.0,0.0,0.0,0.0,0.0,1.1253239526328642e-18,1.1253239526328642e-18,0.0,1.1253239526328642e-18,1.1253239526328642e-18,1.6879859289492963e-18,3.3759718578985926e-18,1.6879859289492963e-18,1.1253239526328642e-18,1.1253239526328642e-18,2.2506479052657284e-18,2.813309881582161e-18,0.0,3.938633834215025e-18,3.938633834215025e-18,2.2506479052657284e-18,4.501295810531457e-18,3.3759718578985926e-17,1.4066549407910804e-17,1.856784521844226e-17,0.0,1.6879859289492963e-18,1.6879859289492963e-18,5.626619763164321e-19,1.1815901502645076e-17,3.938633834215025e-18,1921.9931788071087,1841.1803039929223,1896.2509708822756,1863.0047523933356,793.2380499812894,768.5880679249999,26.717679374000205,-131.623285007135,86615.92412165643,9.623991569072937e+23,4.5472398685985435e-23,5.211901328854074e-23
1.38232e-07,183387.0,6.11291,3e+22,8170.0,1052.83,72700.4,4.06415,4.05002,4.08122,0.000275941585,-2.27472771e-06,0.0238361296,0.000442745437,0.000441984751,0.000770112807,-2.04444364e-06,3.96741025e-06,-5.65278735e-07,1968.91963,33.8006131,-111.456521,89.5873156,1909.63335,114.2632,214.70898,11.2946306,2500.40321,700.0,183387.288845,6.112909628,-270.0,30000 3000,1e-06,2,0.0 0.0259,0.0 0.0,-1.0 0.0,0.00054857 28.0,30000,1000,0,0.0,0.0 0.0 0.0,1000 1000000 0,0,0.0,0,100,0,,90,,1,,,10,1.0,10.0,0.1,True,{},,,False,3,mixed,250,300,True,Ar_Aubin,,False,uniform,Argon_Aubin_Model3-test/90Td,3.0000000000000005e+21,8.077822222222224e+23,1.4629211384227232e-17,1.8443834518862117e-13,1.8421159241216566e-13,1.6879859289492963e-18,0.0,1.6879859289492963e-18,0.0,0.0,1.6879859289492963e-18,0.0,5.626619763164321e-19,5.626619763164321e-19,1.1253239526328642e-18,1.6879859289492963e-18,1.1253239526328642e-18,5.626619763164322e-18,4.501295810531457e-18,5.626619763164321e-19,5.626619763164321e-19,1.1253239526328642e-18,3.938633834215025e-18,1.6879859289492963e-18,8.439929644746482e-18,7.87726766843005e-18,3.938633834215025e-18,6.751943715797185e-18,5.739152158427608e-17,2.813309881582161e-17,3.769835241320095e-17,0.0,2.813309881582161e-18,2.2506479052657284e-18,1.1253239526328642e-18,2.7570436839505178e-17,1.4629211384227235e-17,1867.1550264750063,1966.6651872505502,1864.0236691189025,1909.635744901575,812.1060119436,767.5070536281603,-143.59154516256754,-111.549783438134,78179.00584380727,8.686556204867476e+23,1.871245512312439e-22,2.0122600954365083e-22
1.57979e-07,189470.0,6.31565,3e+22,-4368.28,-3119.95,75371.1,4.15719,4.2309,4.21076,0.000310519246,-2.71151929e-05,0.025450049,0.000516889844,0.000518265024,0.000886378104,-2.32046072e-07,5.07470948e-06,-4.92812177e-07,1894.61203,-76.1781364,-186.636736,166.314828,1630.47895,187.987912,-190.267928,-116.360104,2696.11345,800.0,189469.600306,6.315653344,-270.0,30000 3000,1e-06,2,0.0 0.0259,0.0 0.0,-1.0 0.0,0.00054857 28.0,30000,1000,0,0.0,0.0 0.0 0.0,1000 1000000 0,0,0.0,0,100,0,,90,,1,,,10,1.0,10.0,0.1,True,{},,,False,3,mixed,250,300,True,Ar_Aubin,,False,uniform,Argon_Aubin_Model3-test/90Td,3.0000000000000005e+21,8.374566666666668e+23,2.6445112886872307e-17,1.9323443986437594e-13,1.9293454103099933e-13,1.6879859289492963e-18,0.0,1.1253239526328642e-18,0.0,5.626619763164321e-19,1.6879859289492963e-18,3.3759718578985926e-18,2.813309881582161e-18,0.0,1.1253239526328642e-18,1.6879859289492963e-18,1.1253239526328642e-18,1.1815901502645076e-17,3.938633834215025e-18,1.6879859289492963e-18,1.1253239526328642e-18,3.3759718578985926e-18,3.3759718578985926e-18,5.626619763164321e-19,1.2378563478961506e-17,1.0127915573695778e-17,6.189281739480753e-18,6.751943715797185e-18,7.033274703955402e-17,3.6573028460568085e-17,4.445029612899814e-17,0.0,1.1253239526328642e-18,7.87726766843005e-18,3.938633834215025e-18,3.2634394626353065e-17,2.644511288687231e-17,1876.8072899773101,1895.9684650119168,1931.3819272587812,1630.3943519539116,929.7775202202615,777.9152618160997,-11.0420315613011,-289.1359010964706,81728.19712974875,9.080910792194307e+23,3.235739171499036e-22,3.508654230450704e-22
1.77727e-07,193679.0,6.45597,3e+22,5218.83,-2326.68,70731.1,4.28665,4.28047,4.31619,0.000350843629,-1.99190451e-05,0.0270344236,0.000592344848,0.000592518161,0.00100985452,7.98119255e-07,6.2762556e-06,-1.43881429e-06,1712.8864,-79.4947821,-218.745419,115.229595,1717.37572,-258.886192,98.8663449,-122.29136,2816.46744,900.0,193679.048075,6.455968269,-270.0,30000 3000,1e-06,2,0.0 0.0259,0.0 0.0,-1.0 0.0,0.00054857 28.0,30000,1000,0,0.0,0.0 0.0 0.0,1000 1000000 0,0,0.0,0,100,0,,90,,1,,,10,1.0,10.0,0.1,True,{},,,False,3,mixed,250,300,True,Ar_Aubin,,False,uniform,Argon_Aubin_Model3-test/90Td,3.0000000000000005e+21,7.859011111111114e+23,3.094640869740376e-17,2.003481752309446e-13,1.9997850631250476e-13,2.2506479052657284e-18,3.3759718578985926e-18,0.0,0.0,1.1253239526328642e-18,1.6879859289492963e-18,3.3759718578985926e-18,5.626619763164322e-18,5.626619763164321e-19,1.1253239526328642e-18,2.813309881582161e-18,1.6879859289492963e-18,1.069057755001221e-17,5.063957786847889e-18,1.1253239526328642e-18,5.626619763164321e-19,1.1253239526328642e-18,5.626619763164322e-18,3.938633834215025e-18,9.565253597379346e-18,1.8005183242125827e-17,9.002591621062914e-18,8.439929644746482e-18,9.565253597379347e-17,3.6010366484251655e-17,4.9514253915846025e-17,0.0,4.501295810531457e-18,3.938633834215025e-18,2.2506479052657284e-18,5.007691589216247e-17,3.094640869740377e-17,1909.8295205983234,1711.055406743666,1880.0823264158419,1717.3293747561468,1020.9280897273563,904.2929209060399,-19.27236687382599,-285.7826908235499,80232.06092954012,8.91467343661557e+23,3.8571125232070166e-22,4.375219485827841e-22
1.97474e-07,196873.0,6.56242,3e+22,1747.45,-5139.43,83608.8,4.36541,4.33141,4.38812,0.000344871764,-1.8670434e-05,0.0285758489,0.000667725238,0.00066480635,0.00113489564,1.21211349e-06,6.02929951e-06,-3.13349058e-06,1766.42065,-121.218098,-0.815412263,125.596972,1768.29737,-10.9269249,-25.9090226,-283.011978,3398.74918,1000.0,196872.642603,6.56242142,-270.0,30000 3000,1e-06,2,0.0 0.0259,0.0 0.0,-1.0 0.0,0.00054857 28.0,30000,1000,0,0.0,0.0 0.0 0.0,1000 1000000 0,0,0.0,0,100,0,,90,,1,,,10,1.0,10.0,0.1,True,{},,,False,3,mixed,250,300,True,Ar_Aubin,,False,uniform,Argon_Aubin_Model3-test/90Td,3.0000000000000005e+21,9.289866666666668e+23,4.107432427109954e-17,2.0473975195609436e-13,2.0434532591069656e-13,3.938633834215025e-18,1.1253239526328642e-18,2.813309881582161e-18,0.0,1.1253239526328642e-18,1.1253239526328642e-18,4.501295810531457e-18,1.6879859289492963e-18,1.6879859289492963e-18,4.501295810531457e-18,1.6879859289492963e-18,2.813309881582161e-18,9.565253597379346e-18,3.3759718578985926e-18,1.1253239526328642e-18,5.626619763164321e-19,1.6879859289492963e-18,7.87726766843005e-18,2.813309881582161e-18,1.1815901502645076e-17,1.6317197313176533e-17,1.0127915573695778e-17,9.002591621062914e-18,8.608728237641411e-17,5.682885960795965e-17,4.5575620081631005e-17,0.0,2.813309881582161e-18,7.314605692113617e-18,2.813309881582161e-18,5.06395778684789e-17,4.107432427109954e-17,1908.7207611737576,1765.8180038359983,1830.3229079081773,1768.2014146113875,995.6257286682223,1009.5567444896797,-31.249897413999502,-105.4936163652282,78057.12650779341,8.673014056421492e+23,5.262085104682733e-22,4.912679558981775e-22
2.17222e-07,199162.0,6.63875,3e+22,8977.1,-8570.08,76707.7,4.38377,4.3654,4.494,0.000348945012,-8.3882829e-05,0.0301444867,0.00074742635,0.000737616459,0.00126913634,3.73584548e-06,4.97331072e-06,-5.29273968e-06,1945.53087,144.165945,22.8691881,48.9911616,1762.56506,-158.861256,343.745774,-260.244121,3375.52147,1100.0,199162.386818,6.638746227,-270.0,30000 3000,1e-06,2,0.0 0.0259,0.0 0.0,-1.0 0.0,0.00054857 28.0,30000,1000,0,0.0,0.0 0.0 0.0,1000 1000000 0,0,0.0,0,100,0,,90,,1,,,10,1.0,10.0,0.1,True,{},,,False,3,mixed,250,300,True,Ar_Aubin,,False,uniform,Argon_Aubin_Model3-test/90Td,3.0000000000000005e+21,8.523077777777779e+23,3.8261014389517383e-17,2.0873296400201207e-13,2.0828846104072212e-13,3.938633834215025e-18,5.626619763164321e-19,1.1253239526328642e-18,0.0,5.626619763164321e-19,2.2506479052657284e-18,7.314605692113617e-18,5.063957786847889e-18,1.1253239526328642e-18,3.938633834215025e-18,3.938633834215025e-18,5.063957786847889e-18,1.294122545527794e-17,1.1253239526328642e-18,2.2506479052657284e-18,5.626619763164321e-19,1.6879859289492963e-18,1.350388743159437e-17,5.063957786847889e-18,1.350388743159437e-17,1.0127915573695778e-17,1.294122545527794e-17,6.189281739480753e-18,1.0296714166590709e-16,5.176490182111176e-17,5.851684553690894e-17,0.0,3.938633834215025e-18,6.751943715797185e-18,3.3759718578985926e-18,6.414346530007327e-17,3.8261014389517383e-17,2017.9437777176954,1942.398355732775,1843.3672598950934,1761.8461774448435,1066.7166804023414,1063.20722756241,-87.08759863702976,69.23812124843755,79435.15602053949,8.826128446726612e+23,4.816634888917982e-22,4.987897484804966e-22
2.36969e-07,200762.0,6.69206,3e+22,-10884.0,-7064.67,66083.2,4.44061,4.4365,4.48123,0.000346017472,-0.000135809038,0.0316942995,0.000824648767,0.000813924158,0.00140790089,3.95565828e-06,5.51297045e-06,-7.21384849e-06,1665.79379,-168.913159,-49.2470521,-263.928965,1937.40847,221.656211,-563.124953,-154.604594,3149.87753,1200.0,200761.926114,6.692064204,-270.0,30000 3000,1e-06,2,0.0 0.0259,0.0 0.0,-1.0 0.0,0.00054857 28.0,30000,1000,0,0.0,0.0 0.0 0.0,1000 1000000 0,0,0.0,0,100,0,,90,,1,,,10,1.0,10.0,0.1,True,{},,,False,3,mixed,250,300,True,Ar_Aubin,,False,uniform,Argon_Aubin_Model3-test/90Td,3.0000000000000005e+21,7.342577777777779e+23,4.6700944034263866e-17,2.1121880461337807e-13,2.107517951730355e-13,5.063957786847889e-18,2.2506479052657284e-18,2.813309881582161e-18,0.0,1.1253239526328642e-18,2.2506479052657284e-18,4.501295810531457e-18,3.3759718578985926e-18,0.0,1.6879859289492963e-18,2.813309881582161e-18,4.501295810531457e-18,1.069057755001221e-17,7.314605692113617e-18,2.2506479052657284e-18,1.6879859289492963e-18,2.2506479052657284e-18,1.1815901502645076e-17,6.189281739480753e-18,9.002591621062914e-18,1.069057755001221e-17,1.294122545527794e-17,5.626619763164322e-18,1.1422038119223572e-16,6.020483146585824e-17,5.626619763164322e-17,0.0,3.3759718578985926e-18,5.063957786847889e-18,3.3759718578985926e-18,6.695677518165542e-17,4.670094403426387e-17,1955.306813313913,1669.559844165248,1931.8059905151702,1936.4490239635127,1086.8774524944163,1055.4167972816003,4.640945818916639,-290.27719114767046,78481.86596716537,8.720207329685043e+23,5.950539460134936e-22,7.0669919184095e-22
2.56717e-07,200898.0,6.6966,3e+22,297.613,-1146.82,75633.7,4.49713,4.42094,4.4426,0.000337015076,-0.000176773305,0.0331607638,0.000899048837,0.000890589241,0.00154575398,-8.40048743e-07,4.968814e-06,-7.55263201e-06,1666.8058,-108.76625,80.6777379,121.578247,1801.5495,-96.7980031,69.6816297,-30.5370846,3638.79046,1300.0,200897.959883,6.696598663,-270.0,30000 3000,1e-06,2,0.0 0.0259,0.0 0.0,-1.0 0.0,0.00054857 28.0,30000,1000,0,0.0,0.0 0.0 0.0,1000 1000000 0,0,0.0,0,100,0,,90,,1,,,10,1.0,10.0,0.1,True,{},,,False,3,mixed,250,300,True,Ar_Aubin,,False,uniform,Argon_Aubin_Model3-test/90Td,3.0000000000000005e+21,8.403744444444445e+23,5.62661976316432e-17,2.1276106109046142e-13,2.1226197991746876e-13,3.3759718578985926e-18,0.0,5.626619763164321e-19,0.0,1.6879859289492963e-18,2.813309881582161e-18,3.938633834215025e-18,3.938633834215025e-18,1.1253239526328642e-18,1.6879859289492963e-18,2.2506479052657284e-18,3.938633834215025e-18,1.7442521265809397e-17,6.189281739480753e-18,2.2506479052657284e-18,2.813309881582161e-18,2.813309881582161e-18,1.1253239526328644e-17,4.501295810531457e-18,1.6317197313176533e-17,1.4629211384227235e-17,9.565253597379346e-18,8.439929644746482e-18,1.0859376142907142e-16,6.639411320533899e-17,6.189281739480753e-17,0.0,3.3759718578985926e-18,6.189281739480753e-18,7.87726766843005e-18,6.695677518165542e-17,5.626619763164322e-17,1883.9497586891948,1666.7054999321865,1940.8195077185317,1801.34677283836,1082.3058984046004,1130.7191989799403,-38.13425526774068,115.00059604952939,74261.13311119427,8.251237012354921e+23,7.576803002371845e-22,7.4393025373138175e-22
2.76464e-07,200624.0,6.68746,3e+22,-3942.06,4421.6,68652.5,4.4646,4.42015,4.46318,0.000374343771,-0.000158119572,0.0345852579,0.00097760863,0.000967817206,0.0016874106,-7.92566349e-07,5.74168442e-06,-7.15186876e-06,2119.50082,295.759784,115.92994,-77.1699491,1874.80721,-139.346569,-118.282005,283.058028,3566.3093,1400.0,200623.900385,6.687463346,-270.0,30000 3000,1e-06,2,0.0 0.0259,0.0 0.0,-1.0 0.0,0.00054857 28.0,30000,1000,0,0.0,0.0 0.0 0.0,1000 1000000 0,0,0.0,0,100,0,,90,,1,,,10,1.0,10.0,0.1,True,{},,,False,3,mixed,250,300,True,Ar_Aubin,,False,uniform,Argon_Aubin_Model3-test/90Td,3.0000000000000005e+21,7.628055555555556e+23,5.907950751322537e-17,2.1241558663700313e-13,2.1191594280203418e-13,4.501295810531457e-18,1.1253239526328642e-18,3.3759718578985926e-18,0.0,1.6879859289492963e-18,2.813309881582161e-18,4.501295810531457e-18,3.938633834215025e-18,2.2506479052657284e-18,1.6879859289492963e-18,2.813309881582161e-18,3.938633834215025e-18,1.5191873360543668e-17,6.751943715797185e-18,3.3759718578985926e-18,3.3759718578985926e-18,3.938633834215025e-18,1.0127915573695778e-17,3.938633834215025e-18,1.856784521844226e-17,1.57545353368601e-17,7.87726766843005e-18,9.565253597379346e-18,1.1140707131065357e-16,5.232756379742819e-17,6.639411320533899e-17,0.0,2.2506479052657284e-18,9.565253597379346e-18,2.813309881582161e-18,6.47061272763897e-17,5.907950751322538e-17,1988.4450333351379,2120.9765056059086,1955.5539464008207,1875.5063514995552,1143.259664307151,1191.9448820202501,-50.54985015842558,108.28546101869651,72135.77990013873,8.01508665557097e+23,8.190042111558532e-22,8.605587198314026e-22
2.96211e-07,201977.0,6.73256,3e+22,2803.43,4082.17,76322.4,4.48338,4.46594,4.48253,0.000394704542,-0.00014376336,0.0360933659,0.00105126697,0.00104454328,0.00184040723,-4.64123146e-06,4.60698367e-06,-2.78887387e-06,1476.01661,168.535786,57.8634211,-45.7670472,1718.82207,225.525803,284.031152,193.645218,3717.64552,1500.0,201976.653604,6.73255512,-270.0,30000 3000,1e-06,2,0.0 0.0259,0.0 0.0,-1.0 0.0,0.00054857 28.0,30000,1000,0,0.0,0.0 0.0 0.0,1000 1000000 0,0,0.0,0,100,0,,90,,1,,,10,1.0,10.0,0.1,True,{},,,False,3,mixed,250,300,True,Ar_Aubin,,False,uniform,Argon_Aubin_Model3-test/90Td,3.0000000000000005e+21,8.480266666666667e+23,4.895159193952959e-17,2.1336142141919104e-13,2.129006012605879e-13,2.813309881582161e-18,1.1253239526328642e-18,3.938633834215025e-18,0.0,5.626619763164321e-19,2.2506479052657284e-18,3.938633834215025e-18,3.3759718578985926e-18,2.2506479052657284e-18,2.2506479052657284e-18,2.813309881582161e-18,3.3759718578985926e-18,1.1253239526328644e-17,7.314605692113617e-18,1.6879859289492963e-18,2.813309881582161e-18,1.1253239526328642e-18,1.4066549407910804e-17,5.063957786847889e-18,1.1815901502645076e-17,1.069057755001221e-17,7.87726766843005e-18,1.294122545527794e-17,1.0409246561853995e-16,5.570353565532679e-17,5.120223984479533e-17,0.0,5.063957786847889e-18,1.0127915573695778e-17,3.938633834215025e-18,6.639411320533899e-17,4.8951591939529595e-17,1864.6171542433765,1474.9100834458209,1942.797732748894,1719.408936475291,1174.9808080615533,962.91321043384,-123.26383946769582,210.58455039862224,76369.95250007602,8.485550277786225e+23,6.409797353151537e-22,6.413790963010806e-22
3.15959e-07,202290.0,6.743,3e+22,5853.37,2651.87,75072.1,4.4729,4.48346,4.49737,0.000397105836,-4.20589621e-05,0.0376064788,0.00111872111,0.00112019383,0.00199848152,-6.28046033e-06,6.5628275e-06,-1.53901368e-06,1790.44055,94.0056534,-124.243573,187.981022,2037.89527,-220.634078,128.838753,70.6346637,3985.61206,1600.0,202290.096494,6.743003216,-270.0,30000 3000,1e-06,2,0.0 0.0259,0.0 0.0,-1.0 0.0,0.00054857 28.0,30000,1000,0,0.0,0.0 0.0 0.0,1000 1000000 0,0,0.0,0,100,0,,90,,1,,,10,1.0,10.0,0.1,True,{},,,False,3,mixed,250,300,True,Ar_Aubin,,False,uniform,Argon_Aubin_Model3-test/90Td,3.0000000000000005e+21,8.341344444444448e+23,5.851684553690893e-17,2.1471912476804263e-13,2.1421441697528678e-13,4.501295810531457e-18,2.813309881582161e-18,1.6879859289492963e-18,0.0,5.626619763164321e-19,2.2506479052657284e-18,3.938633834215025e-18,4.501295810531457e-18,1.1253239526328642e-18,3.3759718578985926e-18,1.1253239526328642e-18,2.813309881582161e-18,1.350388743159437e-17,5.626619763164322e-18,2.813309881582161e-18,1.1253239526328642e-18,3.3759718578985926e-18,5.626619763164322e-18,5.063957786847889e-18,1.294122545527794e-17,2.138115510002442e-17,1.1815901502645076e-17,8.439929644746482e-18,1.136577192159193e-16,6.526878925270613e-17,5.401554972637748e-17,0.0,5.063957786847889e-18,6.751943715797185e-18,7.314605692113617e-18,7.370871889745261e-17,5.851684553690894e-17,1707.876445265962,1788.1161426127328,1915.9344761180093,2038.0068048998241,1178.8413729512056,1162.4147228785196,64.22653533668431,-245.34102384433163,76623.39852335001,8.513710947038892e+23,7.636942065298325e-22,7.794752715976897e-22
3.35706e-07,202642.0,6.75474,3e+22,10065.1,8055.17,71940.1,4.49687,4.44709,4.53516,0.000445238535,-9.70715255e-06,0.0391454581,0.00119421107,0.00119450641,0.00215888646,-6.3026802e-06,7.39603006e-06,-1.50207696e-06,1657.05761,-64.9982639,76.1967027,-124.867578,1972.14056,231.781693,404.422503,536.128892,3819.7258,1700.0,202642.237555,6.754741252,-270.0,30000 3000,1e-06,2,0.0 0.0259,0.0 0.0,-1.0 0.0,0.00054857 28.0,30000,1000,0,0.0,0.0 0.0 0.0,1000 1000000 0,0,0.0,0,100,0,,90,,1,,,10,1.0,10.0,0.1,True,{},,,False,3,mixed,250,300,True,Ar_Aubin,,False,uniform,Argon_Aubin_Model3-test/90Td,3.0000000000000005e+21,7.993344444444447e+23,5.570353565532677e-17,2.1521089133534313e-13,2.14694930303061e-13,2.813309881582161e-18,4.501295810531457e-18,1.6879859289492963e-18,0.0,0.0,5.063957786847889e-18,6.751943715797185e-18,4.501295810531457e-18,1.6879859289492963e-18,5.063957786847889e-18,1.1253239526328642e-18,2.813309881582161e-18,1.294122545527794e-17,5.626619763164322e-18,1.1253239526328642e-18,5.626619763164321e-19,3.938633834215025e-18,8.439929644746482e-18,1.6879859289492963e-18,1.6317197313176533e-17,1.4066549407910804e-17,1.350388743159437e-17,7.314605692113617e-18,1.2547362071856436e-16,6.076749344217467e-17,6.864476111060473e-17,0.0,8.439929644746482e-18,6.189281739480753e-18,3.938633834215025e-18,6.526878925270613e-17,5.570353565532679e-17,1910.3632805315228,1652.5762396213715,1881.6212445051547,1972.2187527640062,1070.654817241607,1003.5976297401899,-84.16863250137267,54.58575064593646,77933.26210032712,8.659251344480793e+23,7.147594512804689e-22,7.743043956753851e-22
3.55454e-07,202793.0,6.75976,3e+22,7428.53,4546.7,71160.7,4.51416,4.46407,4.51207,0.000509514165,2.40640092e-05,0.0406489005,0.00127197605,0.00127320714,0.002326187,-6.52981803e-06,1.29948026e-05,1.50645726e-06,1938.31195,-121.838483,34.9092956,97.5989923,1998.23734,-81.4568003,575.171849,183.340352,3862.0043,1800.0,202792.90071,6.759763357,-270.0,30000 3000,1e-06,2,0.0 0.0259,0.0 0.0,-1.0 0.0,0.00054857 28.0,30000,1000,0,0.0,0.0 0.0 0.0,1000 1000000 0,0,0.0,0,100,0,,90,,1,,,10,1.0,10.0,0.1,True,{},,,False,3,mixed,250,300,True,Ar_Aubin,,False,uniform,Argon_Aubin_Model3-test/90Td,3.0000000000000005e+21,7.906744444444444e+23,5.514087367901035e-17,2.159693596794177e-13,2.1545789994294612e-13,7.314605692113617e-18,2.2506479052657284e-18,5.626619763164321e-19,0.0,0.0,2.813309881582161e-18,5.063957786847889e-18,2.813309881582161e-18,1.6879859289492963e-18,1.6879859289492963e-18,3.938633834215025e-18,5.626619763164322e-18,1.7442521265809397e-17,5.063957786847889e-18,1.6879859289492963e-18,2.2506479052657284e-18,3.3759718578985926e-18,1.1815901502645076e-17,3.3759718578985926e-18,1.4629211384227235e-17,1.7442521265809397e-17,1.2378563478961506e-17,7.314605692113617e-18,1.1422038119223572e-16,5.06395778684789e-17,7.764735273166763e-17,0.0,5.063957786847889e-18,6.751943715797185e-18,3.938633834215025e-18,6.751943715797185e-17,5.5140873679010355e-17,1967.4390721997129,1934.5270087398726,1992.6735963284302,1998.1279281693703,1198.4949411050409,969.4000861896502,117.31409501616926,271.86218312741937,76133.68848557274,8.459298720619195e+23,7.242637888148489e-22,7.748781796554889e-22
3.75201e-07,202586.0,6.75285,3e+22,1670.79,-5052.63,60679.1,4.45872,4.46894,4.55696,0.000521927565,9.98039494e-05,0.04208442,0.00134870571,0.00134908902,0.00249165261,-7.66867171e-06,1.67177702e-05,3.11757898e-06,1736.77761,-202.510795,154.919444,441.903547,1954.43532,-403.722884,25.3578208,-146.603598,3662.74603,1900.0,202585.641541,6.752854718,-270.0,30000 3000,1e-06,2,0.0 0.0259,0.0 0.0,-1.0 0.0,0.00054857 28.0,30000,1000,0,0.0,0.0 0.0 0.0,1000 1000000 0,0,0.0,0,100,0,,90,,1,,,10,1.0,10.0,0.1,True,{},,,False,3,mixed,250,300,True,Ar_Aubin,,False,uniform,Argon_Aubin_Model3-test/90Td,3.0000000000000005e+21,6.742122222222223e+23,5.063957786847889e-17,2.1576230007213324e-13,2.1525815494135375e-13,9.002591621062914e-18,2.813309881582161e-18,1.6879859289492963e-18,0.0,5.626619763164321e-19,3.938633834215025e-18,3.3759718578985926e-18,3.3759718578985926e-18,2.2506479052657284e-18,3.3759718578985926e-18,7.87726766843005e-18,6.751943715797185e-18,1.069057755001221e-17,6.189281739480753e-18,2.813309881582161e-18,1.6879859289492963e-18,4.501295810531457e-18,1.2378563478961506e-17,3.938633834215025e-18,1.57545353368601e-17,1.6317197313176533e-17,1.294122545527794e-17,9.002591621062914e-18,1.1647102909750145e-16,5.5140873679010355e-17,6.751943715797185e-17,0.0,2.2506479052657284e-18,6.751943715797185e-18,3.3759718578985926e-18,6.076749344217467e-17,5.06395778684789e-17,1942.4546092454912,1735.9055786436738,1921.0756415584556,1954.939592428857,1182.4421220641905,1109.101300378,125.03617394635678,78.29294179880851,72694.10150196968,8.077122389107742e+23,6.966119234186668e-22,8.345472801751986e-22
3.94949e-07,202406.0,6.74688,3e+22,1473.33,19.0563,76706.1,4.42833,4.48186,4.55011,0.000561859566,0.000104206443,0.043535942,0.00142475569,0.00141661848,0.00266107685,-1.73883592e-06,1.86827865e-05,1.35718082e-06,1945.26915,188.173988,42.0897106,-138.410018,1945.9215,142.960611,-111.064938,93.1137897,4453.75134,2000.0,202406.404402,6.746880147,-270.0,30000 3000,1e-06,2,0.0 0.0259,0.0 0.0,-1.0 0.0,0.00054857 28.0,30000,1000,0,0.0,0.0 0.0 0.0,1000 1000000 0,0,0.0,0,100,0,,90,,1,,,10,1.0,10.0,0.1,True,{},,,False,3,mixed,250,300,True,Ar_Aubin,,False,uniform,Argon_Aubin_Model3-test/90Td,3.0000000000000005e+21,8.522900000000002e+23,5.2890225773744615e-17,2.1525309098356688e-13,2.147450072189532e-13,3.938633834215025e-18,1.6879859289492963e-18,2.2506479052657284e-18,0.0,5.626619763164321e-19,3.938633834215025e-18,4.501295810531457e-18,3.938633834215025e-18,5.626619763164321e-19,3.938633834215025e-18,5.063957786847889e-18,4.501295810531457e-18,1.1815901502645076e-17,7.314605692113617e-18,1.6879859289492963e-18,2.2506479052657284e-18,2.813309881582161e-18,1.1815901502645076e-17,4.501295810531457e-18,1.9130507194758692e-17,9.565253597379346e-18,1.1253239526328644e-17,7.87726766843005e-18,1.2659894467119722e-16,5.907950751322538e-17,6.020483146585824e-17,0.0,3.938633834215025e-18,5.626619763164322e-18,4.501295810531457e-18,7.033274703955402e-17,5.289022577374462e-17,1924.473657575207,1944.4413454456253,1709.808932962137,1945.91951421076,1143.046702579468,1114.2790193537994,-26.892164157502933,-176.2160928824126,73504.4613468104,8.167162371867824e+23,7.195512327367009e-22,6.895178580809689e-22
4.14696e-07,202585.0,6.75282,3e+22,-6428.25,845.484,69419.9,4.49717,4.49639,4.48444,0.000542281838,0.000131455436,0.0450387687,0.00149980771,0.00149168182,0.00283846216,-1.20949254e-06,1.82069164e-05,3.91067965e-06,1877.94808,-560.236959,298.861088,-194.15502,1989.52789,-287.812894,-677.079533,172.821697,4062.47101,2100.0,202584.541682,6.752818056,-270.0,30000 3000,1e-06,2,0.0 0.0259,0.0 0.0,-1.0 0.0,0.00054857 28.0,30000,1000,0,0.0,0.0 0.0 0.0,1000 1000000 0,0,0.0,0,100,0,,90,,1,,,10,1.0,10.0,0.1,True,{},,,False,3,mixed,250,300,True,Ar_Aubin,,False,uniform,Argon_Aubin_Model3-test/90Td,3.0000000000000005e+21,7.713322222222223e+23,5.3452887750061045e-17,2.15881021749136e-13,2.15372375322546e-13,5.626619763164322e-18,1.6879859289492963e-18,2.2506479052657284e-18,0.0,0.0,3.3759718578985926e-18,5.063957786847889e-18,3.3759718578985926e-18,1.6879859289492963e-18,2.813309881582161e-18,2.2506479052657284e-18,2.2506479052657284e-18,1.6879859289492963e-17,5.063957786847889e-18,1.1253239526328642e-18,2.2506479052657284e-18,5.626619763164322e-18,1.350388743159437e-17,5.063957786847889e-18,1.5191873360543668e-17,1.856784521844226e-17,1.6879859289492963e-17,9.565253597379346e-18,1.1647102909750145e-16,5.232756379742819e-17,6.076749344217467e-17,0.0,9.002591621062914e-18,6.751943715797185e-18,3.3759718578985926e-18,6.639411320533899e-17,5.345288775006105e-17,1900.848632733446,1881.4340032251234,1900.4253332364965,1989.416746532149,1120.9797192355509,935.8841907228702,-22.204993790154802,-126.34313107000116,76102.50969747922,8.455834410831027e+23,7.02380091833313e-22,7.699937301848756e-22
4.34443e-07,202549.0,6.75164,3e+22,2377.87,-2269.63,66694.6,4.46971,4.45457,4.55365,0.00059225325,0.000169249302,0.0465263501,0.00157008953,0.00156582005,0.00302112975,-6.13209237e-06,2.49088859e-05,7.23762712e-06,1690.19263,76.1614026,280.666601,-79.8259215,1620.81498,563.706283,242.053483,-196.442378,4269.68621,2200.0,202549.302019,6.751643401,-270.0,30000 3000,1e-06,2,0.0 0.0259,0.0 0.0,-1.0 0.0,0.00054857 28.0,30000,1000,0,0.0,0.0 0.0 0.0,1000 1000000 0,0,0.0,0,100,0,,90,,1,,,10,1.0,10.0,0.1,True,{},,,False,3,mixed,250,300,True,Ar_Aubin,,False,uniform,Argon_Aubin_Model3-test/90Td,3.0000000000000005e+21,7.410511111111113e+23,5.570353565532677e-17,2.152395870961353e-13,2.1472362606385314e-13,5.063957786847889e-18,2.2506479052657284e-18,1.6879859289492963e-18,0.0,2.2506479052657284e-18,1.6879859289492963e-18,3.3759718578985926e-18,3.938633834215025e-18,0.0,2.2506479052657284e-18,2.813309881582161e-18,2.2506479052657284e-18,1.57545353368601e-17,5.063957786847889e-18,2.2506479052657284e-18,3.3759718578985926e-18,3.3759718578985926e-18,7.87726766843005e-18,5.063957786847889e-18,1.350388743159437e-17,1.350388743159437e-17,7.87726766843005e-18,6.751943715797185e-18,1.1928433897908362e-16,7.033274703955402e-17,7.258339494481974e-17,0.0,1.0127915573695778e-17,1.069057755001221e-17,1.6879859289492963e-18,6.358080332375683e-17,5.570353565532679e-17,1778.0853600901698,1688.7843287644225,1876.8765813582113,1621.1991132932983,1176.2820012844682,1166.6299006205395,180.7981665702851,372.58637828026303,75330.49414100085,8.37005490455565e+23,7.3945533333503625e-22,8.3520308473739655e-22
4.54191e-07,202409.0,6.74696,3e+22,7741.0,-9012.84,63400.1,4.52515,4.45875,4.48635,0.000626903327,0.000151120338,0.0479320225,0.00164535125,0.0016422244,0.00320468646,-9.18021417e-06,2.62533617e-05,9.15771881e-06,1631.55755,-153.363481,186.29426,194.662054,1635.32124,272.920854,281.862513,-233.581471,4081.13012,2300.0,202408.650453,6.746955015,-270.0,30000 3000,1e-06,2,0.0 0.0259,0.0 0.0,-1.0 0.0,0.00054857 28.0,30000,1000,0,0.0,0.0 0.0 0.0,1000 1000000 0,0,0.0,0,100,0,,90,,1,,,10,1.0,10.0,0.1,True,{},,,False,3,mixed,250,300,True,Ar_Aubin,,False,uniform,Argon_Aubin_Model3-test/90Td,3.0000000000000005e+21,7.044455555555557e+23,4.276231020004884e-17,2.1535493280128016e-13,2.1486204091002703e-13,3.938633834215025e-18,2.2506479052657284e-18,1.1253239526328642e-18,0.0,1.1253239526328642e-18,3.3759718578985926e-18,6.751943715797185e-18,5.063957786847889e-18,1.6879859289492963e-18,3.938633834215025e-18,4.501295810531457e-18,4.501295810531457e-18,1.5191873360543668e-17,5.063957786847889e-18,1.1253239526328642e-18,3.938633834215025e-18,3.938633834215025e-18,1.0127915573695778e-17,6.189281739480753e-18,1.1815901502645076e-17,1.1815901502645076e-17,1.1815901502645076e-17,9.565253597379346e-18,1.243482967659315e-16,5.851684553690894e-17,5.682885960795965e-17,0.0,4.501295810531457e-18,9.565253597379346e-18,5.063957786847889e-18,6.245547937112397e-17,4.276231020004884e-17,1904.541259374194,1626.704691345693,1934.6890722239484,1636.68326342714,1285.7181878947022,1042.2351002977503,-58.17912827643299,57.36925320536727,71182.65695737135,7.909184106374596e+23,6.007405740088854e-22,6.7448332415956505e-22
4.73938e-07,202619.0,6.75397,3e+22,-4097.68,3369.07,68914.1,4.54598,4.447,4.4878,0.000719975979,9.63616506e-05,0.0493729429,0.0017146028,0.00171361883,0.00338814997,-1.02040548e-05,3.31843403e-05,4.16410376e-06,1984.15475,-61.4312645,-235.196167,115.02307,1771.6328,98.3900341,-234.782844,257.679023,4278.01451,2400.0,202618.968759,6.753965625,-270.0,30000 3000,1e-06,2,0.0 0.0259,0.0 0.0,-1.0 0.0,0.00054857 28.0,30000,1000,0,0.0,0.0 0.0 0.0,1000 1000000 0,0,0.0,0,100,0,,90,,1,,,10,1.0,10.0,0.1,True,{},,,False,3,mixed,250,300,True,Ar_Aubin,,False,uniform,Argon_Aubin_Model3-test/90Td,3.0000000000000005e+21,7.657122222222224e+23,4.445029612899814e-17,2.1490480322022704e-13,2.1441584996280806e-13,5.063957786847889e-18,5.626619763164321e-19,3.3759718578985926e-18,0.0,0.0,2.813309881582161e-18,3.3759718578985926e-18,2.2506479052657284e-18,5.626619763164321e-19,3.3759718578985926e-18,2.2506479052657284e-18,5.626619763164322e-18,1.6879859289492963e-17,7.314605692113617e-18,2.813309881582161e-18,0.0,3.3759718578985926e-18,1.069057755001221e-17,3.3759718578985926e-18,1.2378563478961506e-17,1.6317197313176533e-17,1.350388743159437e-17,1.1253239526328644e-17,1.1422038119223572e-16,6.189281739480753e-17,5.5140873679010355e-17,0.0,7.314605692113617e-18,1.0127915573695778e-17,2.813309881582161e-18,6.583145122902256e-17,4.445029612899814e-17,1750.2606006630347,1987.1049811696287,1808.0350271137174,1771.3081508538132,1095.202414845651,875.5225856951097,72.53562871822396,-317.28098695193194,72967.60079807993,8.10751119978666e+23,6.091785346211877e-22,6.450101812110749e-22
4.93686e-07,202539.0,6.7513,3e+22,1410.91,8.49138,71659.5,4.46328,4.48281,4.5273,0.000730343516,0.000116400645,0.0508904916,0.00180092457,0.00178232801,0.00358679492,-9.55900422e-06,2.86885289e-05,3.99046033e-06,1677.37315,-445.557293,-80.4653996,-287.305447,1599.24643,32.2805645,93.874125,-216.704904,4859.68559,2500.0,202538.98233,6.751299411,-270.0,30000 3000,1e-06,2,0.0 0.0259,0.0 0.0,-1.0 0.0,0.00054857 28.0,30000,1000,0,0.0,0.0 0.0 0.0,1000 1000000 0,0,0.0,0,100,0,,90,,1,,,10,1.0,10.0,0.1,True,{},,,False,3,mixed,250,300,True,Ar_Aubin,,False,uniform,Argon_Aubin_Model3-test/90Td,3.0000000000000005e+21,7.962166666666668e+23,5.457821170269392e-17,2.1502577554513507e-13,2.1449912393530288e-13,7.314605692113617e-18,3.3759718578985926e-18,1.1253239526328642e-18,0.0,1.1253239526328642e-18,2.813309881582161e-18,1.0127915573695778e-17,5.626619763164322e-18,5.626619763164321e-19,5.626619763164322e-18,3.3759718578985926e-18,1.6879859289492963e-18,1.4066549407910804e-17,6.751943715797185e-18,2.2506479052657284e-18,1.6879859289492963e-18,2.2506479052657284e-18,1.0127915573695778e-17,6.189281739480753e-18,1.350388743159437e-17,1.294122545527794e-17,1.1253239526328644e-17,1.069057755001221e-17,1.187216770027672e-16,6.977008506323759e-17,6.751943715797185e-17,0.0,4.501295810531457e-18,8.439929644746482e-18,6.189281739480753e-18,6.245547937112397e-17,5.4578211702693925e-17,2185.2682823808173,1676.3427010298403,1739.593983449725,1599.245441597891,1177.1247181145409,1212.8984071898003,-309.7126237162292,-110.729229288158,76848.0255628587,8.538669506984302e+23,7.102096807685847e-22,7.616326056237333e-22
5.13433e-07,202515.0,6.75051,3e+22,-8891.65,5687.7,74766.3,4.49307,4.4163,4.55923,0.000677912635,0.000181914102,0.052375725,0.00187061492,0.00185632919,0.00378705209,-9.30443537e-06,2.75545478e-05,5.26591651e-06,1331.93859,86.2349246,36.6844168,-46.3505911,1718.02867,-214.484251,-296.155465,509.913618,4972.91725,2600.0,202515.252727,6.750508424,-270.0,30000 3000,1e-06,2,0.0 0.0259,0.0 0.0,-1.0 0.0,0.00054857 28.0,30000,1000,0,0.0,0.0 0.0 0.0,1000 1000000 0,0,0.0,0,100,0,,90,,1,,,10,1.0,10.0,0.1,True,{},,,False,3,mixed,250,300,True,Ar_Aubin,,False,uniform,Argon_Aubin_Model3-test/90Td,3.0000000000000005e+21,8.307366666666669e+23,5.570353565532677e-17,2.1512818002482465e-13,2.1461728295032937e-13,6.751943715797185e-18,2.2506479052657284e-18,1.1253239526328642e-18,0.0,1.6879859289492963e-18,3.938633834215025e-18,6.189281739480753e-18,3.3759718578985926e-18,1.6879859289492963e-18,5.626619763164321e-19,3.938633834215025e-18,6.189281739480753e-18,1.4066549407910804e-17,7.314605692113617e-18,3.938633834215025e-18,3.938633834215025e-18,3.3759718578985926e-18,1.1253239526328644e-17,3.938633834215025e-18,1.1253239526328644e-17,7.87726766843005e-18,1.1815901502645076e-17,8.439929644746482e-18,1.243482967659315e-16,5.232756379742819e-17,6.47061272763897e-17,0.0,5.063957786847889e-18,1.0127915573695778e-17,5.063957786847889e-18,6.864476111060473e-17,5.570353565532679e-17,1766.4144674911797,1337.9663518809978,1873.1994178891848,1716.9939971620545,1187.0609805352994,1056.9780819325006,26.706995418490376,155.5505475540495,75211.5924121657,8.356843601351747e+23,7.406243355421439e-22,7.45035338853558e-22
5.33181e-07,201762.0,6.7254,3e+22,2559.69,7054.69,60254.7,4.48876,4.43262,4.50845,0.00064159513,0.000258116958,0.0537772701,0.00194857045,0.00192775148,0.00398002788,-1.3858858e-05,2.38635782e-05,8.12003501e-06,1499.76217,-233.659,-149.423249,-5.26378113,1459.13426,-41.0275883,24.4764635,267.519237,4308.61233,2700.0,201761.975723,6.725399191,-270.0,30000 3000,1e-06,2,0.0 0.0259,0.0 0.0,-1.0 0.0,0.00054857 28.0,30000,1000,0,0.0,0.0 0.0 0.0,1000 1000000 0,0,0.0,0,100,0,,90,,1,,,10,1.0,10.0,0.1,True,{},,,False,3,mixed,250,300,True,Ar_Aubin,,False,uniform,Argon_Aubin_Model3-test/90Td,3.0000000000000005e+21,6.694966666666667e+23,5.457821170269392e-17,2.149098671780139e-13,2.1439559413166066e-13,6.189281739480753e-18,1.6879859289492963e-18,2.2506479052657284e-18,0.0,0.0,4.501295810531457e-18,6.751943715797185e-18,6.189281739480753e-18,1.1253239526328642e-18,1.6879859289492963e-18,2.2506479052657284e-18,4.501295810531457e-18,1.1253239526328644e-17,7.314605692113617e-18,2.813309881582161e-18,1.6879859289492963e-18,3.938633834215025e-18,1.1815901502645076e-17,3.3759718578985926e-18,1.9130507194758692e-17,1.57545353368601e-17,1.350388743159437e-17,1.069057755001221e-17,1.069057755001221e-16,5.739152158427608e-17,6.920742308692116e-17,0.0,9.002591621062914e-18,6.189281739480753e-18,6.751943715797185e-18,6.583145122902256e-17,5.4578211702693925e-17,1975.0309212821142,1498.1198853616902,1807.5482943703755,1457.313324877567,1119.0733936434622,1068.27905330553,-136.1211327095844,-301.25904808188,70973.6522276353,7.885961358626147e+23,7.689925766768216e-22,9.057917756240414e-22
5.52928e-07,200972.0,6.69907,3e+22,-7358.51,4934.28,80459.0,4.4429,4.43407,4.48391,0.000636765389,0.000233935188,0.0552499081,0.0020254163,0.00200282905,0.00418364088,-1.34645617e-05,2.64137621e-05,8.65794057e-06,1707.98565,-290.516756,412.550486,-28.2112227,1662.66607,37.9235688,-346.422322,341.115173,5474.27474,2800.0,200971.981744,6.699066058,-270.0,30000 3000,1e-06,2,0.0 0.0259,0.0 0.0,-1.0 0.0,0.00054857 28.0,30000,1000,0,0.0,0.0 0.0 0.0,1000 1000000 0,0,0.0,0,100,0,,90,,1,,,10,1.0,10.0,0.1,True,{},,,False,3,mixed,250,300,True,Ar_Aubin,,False,uniform,Argon_Aubin_Model3-test/90Td,3.0000000000000005e+21,8.939888888888891e+23,4.951425391584602e-17,2.1340924768717793e-13,2.1286740420398526e-13,3.3759718578985926e-18,3.3759718578985926e-18,2.2506479052657284e-18,0.0,5.626619763164321e-19,6.751943715797185e-18,2.813309881582161e-18,8.439929644746482e-18,1.6879859289492963e-18,1.6879859289492963e-18,2.813309881582161e-18,3.3759718578985926e-18,1.8005183242125827e-17,3.938633834215025e-18,2.2506479052657284e-18,3.3759718578985926e-18,2.2506479052657284e-18,1.350388743159437e-17,3.3759718578985926e-18,1.069057755001221e-17,1.7442521265809397e-17,1.5191873360543668e-17,1.069057755001221e-17,1.294122545527794e-16,5.401554972637748e-17,7.033274703955402e-17,0.0,5.626619763164322e-18,9.565253597379346e-18,5.063957786847889e-18,8.046066261324979e-17,4.9514253915846025e-17,1945.8770306524204,1712.6712944826104,1901.249498461138,1661.5117682805553,1090.1545102116897,1028.9223841820994,94.80687469458584,421.45165881938,74573.76667308093,8.28597407478677e+23,6.639634301014769e-22,6.153973317571188e-22
5.72675e-07,201622.0,6.72074,3e+22,-711.691,1440.44,74415.8,4.49995,4.4785,4.43154,0.000588520596,0.000202818283,0.0567692207,0.00210147369,0.00207610895,0.00439662223,-1.47013278e-05,2.77863845e-05,8.89359249e-06,1865.88831,-73.290703,117.27685,-150.075454,1899.37357,117.972274,-275.556473,167.972017,5587.19602,2900.0,201622.324709,6.720744157,-270.0,30000 3000,1e-06,2,0.0 0.0259,0.0 0.0,-1.0 0.0,0.00054857 28.0,30000,1000,0,0.0,0.0 0.0 0.0,1000 1000000 0,0,0.0,0,100,0,,90,,1,,,10,1.0,10.0,0.1,True,{},,,False,3,mixed,250,300,True,Ar_Aubin,,False,uniform,Argon_Aubin_Model3-test/90Td,3.0000000000000005e+21,8.268422222222225e+23,5.063957786847889e-17,2.139010142544785e-13,2.1340530905334376e-13,6.189281739480753e-18,1.6879859289492963e-18,5.063957786847889e-18,0.0,1.1253239526328642e-18,2.2506479052657284e-18,6.751943715797185e-18,2.813309881582161e-18,1.1253239526328642e-18,3.938633834215025e-18,5.626619763164322e-18,2.813309881582161e-18,1.7442521265809397e-17,2.2506479052657284e-18,2.813309881582161e-18,2.813309881582161e-18,2.813309881582161e-18,1.0127915573695778e-17,3.938633834215025e-18,1.4629211384227235e-17,1.350388743159437e-17,1.069057755001221e-17,6.751943715797185e-18,1.2040966293171649e-16,6.13301554184911e-17,5.682885960795965e-17,0.0,7.314605692113617e-18,5.626619763164322e-18,3.3759718578985926e-18,6.30181413474404e-17,5.06395778684789e-17,1927.2538073040496,1866.3071548114879,1855.7757075935365,1899.0814224324354,1083.4154413527312,1362.6690462329407,159.21063140925986,-161.67271051861312,76937.34871426091,8.548594301584547e+23,6.581923956926328e-22,6.804949737620087e-22
5.92423e-07,202294.0,6.74314,3e+22,-259.725,891.32,72247.2,4.46784,4.4692,4.51954,0.000574474144,0.000199079458,0.0583049289,0.00218297612,0.00215538742,0.00461604448,-1.57309232e-05,2.90229878e-05,8.3160908e-06,1698.70238,46.4256161,-299.443768,-553.027774,1617.0355,-410.232427,47.3564598,25.7302316,5190.52705,3000.0,202294.128806,6.743137627,-270.0,30000 3000,1e-06,2,0.0 0.0259,0.0 0.0,-1.0 0.0,0.00054857 28.0,30000,1000,0,0.0,0.0 0.0 0.0,1000 1000000 0,0,0.0,0,100,0,,90,,1,,,10,1.0,10.0,0.1,True,{},,,False,3,mixed,250,300,True,Ar_Aubin,,False,uniform,Argon_Aubin_Model3-test/90Td,3.0000000000000005e+21,8.027466666666667e+23,4.7263606010580297e-17,2.143185094409053e-13,2.1381886560593634e-13,7.314605692113617e-18,1.1253239526328642e-18,2.2506479052657284e-18,0.0,5.626619763164321e-19,1.6879859289492963e-18,4.501295810531457e-18,5.626619763164322e-18,0.0,4.501295810531457e-18,3.938633834215025e-18,3.938633834215025e-18,1.57545353368601e-17,8.439929644746482e-18,3.3759718578985926e-18,1.6879859289492963e-18,4.501295810531457e-18,5.063957786847889e-18,5.063957786847889e-18,1.6317197313176533e-17,1.069057755001221e-17,1.294122545527794e-17,1.1815901502645076e-17,1.0915642340538785e-16,5.289022577374462e-17,6.583145122902256e-17,0.0,5.063957786847889e-18,7.314605692113617e-18,5.626619763164322e-18,7.53967048264019e-17,4.72636060105803e-17,2064.0379480283964,1698.8515852970504,2007.3521735854256,1616.8580564974955,1081.2039775173878,978.1591907759203,58.325895055104546,-278.4482089178442,77767.61497716152,8.640846108573503e+23,6.077543463877668e-22,6.54192910044684e-22
6.1217e-07,201700.0,6.72333,3e+22,-1687.33,-4052.08,68181.9,4.49197,4.44606,4.48208,0.000615428393,0.000163054475,0.0597598462,0.00225739613,0.00222901573,0.00483555698,-1.57451955e-05,2.75709392e-05,1.84889684e-06,1459.76489,137.248642,-70.572087,-449.299407,1646.41605,-127.529217,-29.9511055,-96.4778649,5097.80537,3100.0,201699.855705,6.723328523,-270.0,30000 3000,1e-06,2,0.0 0.0259,0.0 0.0,-1.0 0.0,0.00054857 28.0,30000,1000,0,0.0,0.0 0.0 0.0,1000 1000000 0,0,0.0,0,100,0,,90,,1,,,10,1.0,10.0,0.1,True,{},,,False,3,mixed,250,300,True,Ar_Aubin,,False,uniform,Argon_Aubin_Model3-test/90Td,3.0000000000000005e+21,7.575766666666668e+23,5.4015549726377476e-17,2.1496444538971657e-13,2.1444173241371863e-13,9.565253597379346e-18,1.6879859289492963e-18,3.3759718578985926e-18,0.0,1.6879859289492963e-18,2.2506479052657284e-18,3.3759718578985926e-18,6.189281739480753e-18,1.1253239526328642e-18,2.2506479052657284e-18,2.813309881582161e-18,5.626619763164322e-18,1.9693169171075125e-17,5.626619763164322e-18,2.2506479052657284e-18,1.1253239526328642e-18,3.3759718578985926e-18,9.002591621062914e-18,1.1253239526328642e-18,1.57545353368601e-17,1.57545353368601e-17,1.294122545527794e-17,9.002591621062914e-18,1.1590836712118502e-16,6.639411320533899e-17,4.8951591939529595e-17,0.0,5.626619763164322e-18,8.439929644746482e-18,6.189281739480753e-18,8.158598656588265e-17,5.401554972637748e-17,1883.0650727491682,1460.8033207903607,1864.5835874287227,1647.076759777058,1208.7164939789475,1023.2655123762202,-239.7926102669105,-41.649688360040685,73676.39790554726,8.186266433949697e+23,7.331459091638154e-22,7.92227111981002e-22
6.31918e-07,202402.0,6.74675,3e+22,-3656.23,8297.71,73397.2,4.47621,4.46971,4.51648,0.000610380812,0.000191702734,0.0613583705,0.00233020064,0.00230448567,0.00507636692,-1.61156327e-05,2.64837292e-05,6.01936223e-06,1583.16731,382.887743,196.99649,-440.431098,1884.27849,242.338734,-76.858293,568.741642,5686.22403,3200.0,202402.440919,6.746748031,-270.0,30000 3000,1e-06,2,0.0 0.0259,0.0 0.0,-1.0 0.0,0.00054857 28.0,30000,1000,0,0.0,0.0 0.0 0.0,1000 1000000 0,0,0.0,0,100,0,,90,,1,,,10,1.0,10.0,0.1,True,{},,,False,3,mixed,250,300,True,Ar_Aubin,,False,uniform,Argon_Aubin_Model3-test/90Td,3.0000000000000005e+21,8.155244444444446e+23,5.570353565532677e-17,2.14606029710803e-13,2.140855673827103e-13,6.189281739480753e-18,2.2506479052657284e-18,2.2506479052657284e-18,0.0,1.1253239526328642e-18,3.938633834215025e-18,1.6879859289492963e-18,4.501295810531457e-18,5.626619763164321e-19,2.2506479052657284e-18,2.813309881582161e-18,7.314605692113617e-18,1.8005183242125827e-17,5.063957786847889e-18,2.2506479052657284e-18,2.813309881582161e-18,3.3759718578985926e-18,1.069057755001221e-17,5.063957786847889e-18,1.6317197313176533e-17,1.4629211384227235e-17,9.565253597379346e-18,1.069057755001221e-17,1.2547362071856436e-16,5.964216948954181e-17,5.739152158427608e-17,0.0,8.439929644746482e-18,6.751943715797185e-18,4.501295810531457e-18,6.920742308692116e-17,5.570353565532679e-17,1843.551489594913,1585.3990026362587,1910.6256221982271,1882.6877963070608,1195.0820723838226,1182.6914387374,-89.19026788304751,299.67826943868863,80948.59576450576,8.994288418278421e+23,6.881346752126315e-22,7.589327066335878e-22
6.51665e-07,203160.0,6.77199,3e+22,-4413.95,-4807.27,67179.1,4.51673,4.52323,4.47812,0.00062683564,0.000198956723,0.0628682438,0.00240950029,0.0023802131,0.0053059383,-1.43280037e-05,3.15915096e-05,3.87064685e-06,1960.61144,180.200488,-6.54065231,-260.891374,2021.48387,-179.555143,-329.95123,-443.75428,5375.70311,3300.0,203159.602612,6.771986754,-270.0,30000 3000,1e-06,2,0.0 0.0259,0.0 0.0,-1.0 0.0,0.00054857 28.0,30000,1000,0,0.0,0.0 0.0 0.0,1000 1000000 0,0,0.0,0,100,0,,90,,1,,,10,1.0,10.0,0.1,True,{},,,False,3,mixed,250,300,True,Ar_Aubin,,False,uniform,Argon_Aubin_Model3-test/90Td,3.0000000000000005e+21,7.464344444444446e+23,5.2890225773744615e-17,2.1572685236762533e-13,2.1524014975811165e-13,4.501295810531457e-18,5.626619763164321e-19,0.0,0.0,5.626619763164321e-19,1.6879859289492963e-18,3.938633834215025e-18,4.501295810531457e-18,5.626619763164321e-19,2.813309881582161e-18,2.813309881582161e-18,5.063957786847889e-18,1.4066549407910804e-17,5.626619763164322e-18,1.1253239526328642e-18,1.6879859289492963e-18,3.3759718578985926e-18,1.2378563478961506e-17,6.751943715797185e-18,1.350388743159437e-17,1.9130507194758692e-17,1.069057755001221e-17,7.87726766843005e-18,1.1084440933433714e-16,5.570353565532679e-17,5.907950751322538e-17,0.0,6.751943715797185e-18,4.501295810531457e-18,3.938633834215025e-18,6.977008506323759e-17,5.289022577374462e-17,2007.3349356392046,1963.3782611731779,1917.3307919168158,2022.4403086857762,1063.5560103869866,1152.2710729354203,159.6005839116951,-101.10485173211401,76459.34654688713,8.495482949654127e+23,6.917431048316737e-22,7.873017913866755e-22
6.71413e-07,202939.0,6.76464,3e+22,-7900.46,-1641.05,60792.0,4.50461,4.493,4.51029,0.00060014592,0.000139265298,0.0643503355,0.00249128201,0.0024582251,0.0055413964,-1.70608157e-05,3.19106852e-05,2.07065058e-06,2024.86377,-40.3519911,156.253399,74.9695319,1895.71976,-453.725544,-855.661786,-5.09815919,4971.01318,3400.0,202939.190561,6.764639685,-270.0,30000 3000,1e-06,2,0.0 0.0259,0.0 0.0,-1.0 0.0,0.00054857 28.0,30000,1000,0,0.0,0.0 0.0 0.0,1000 1000000 0,0,0.0,0,100,0,,90,,1,,,10,1.0,10.0,0.1,True,{},,,False,3,mixed,250,300,True,Ar_Aubin,,False,uniform,Argon_Aubin_Model3-test/90Td,3.0000000000000005e+21,6.754666666666668e+23,5.3452887750061045e-17,2.1602787652495464e-13,2.155124781546488e-13,8.439929644746482e-18,2.2506479052657284e-18,1.6879859289492963e-18,0.0,1.1253239526328642e-18,2.813309881582161e-18,9.565253597379346e-18,2.813309881582161e-18,1.1253239526328642e-18,6.189281739480753e-18,3.3759718578985926e-18,4.501295810531457e-18,1.1815901502645076e-17,3.3759718578985926e-18,1.1253239526328642e-18,1.6879859289492963e-18,1.6879859289492963e-18,1.294122545527794e-17,5.063957786847889e-18,1.4629211384227235e-17,1.8005183242125827e-17,1.069057755001221e-17,7.87726766843005e-18,1.1140707131065357e-16,5.232756379742819e-17,6.414346530007327e-17,0.0,7.87726766843005e-18,6.189281739480753e-18,6.189281739480753e-18,8.102332458956622e-17,5.345288775006105e-17,2071.525056318339,2029.605198835123,1975.7585544020956,1895.9483013172828,1187.7133074146047,1059.027584284,56.09042897256775,-227.49520616431,75052.49805037591,8.33916645004177e+23,7.122066438639122e-22,8.792750320775931e-22
6.9116e-07,202924.0,6.76414,3e+22,-3685.65,-3484.06,75931.3,4.50112,4.52171,4.47251,0.000538810991,0.000140748301,0.0658193606,0.00256534321,0.00253473685,0.0057811348,-1.95294266e-05,3.10236665e-05,6.52964118e-06,1750.11689,-19.4970414,399.760084,-466.530444,1589.88258,-129.479892,-316.278045,-128.71383,5824.02871,3500.0,202924.067533,6.764135584,-270.0,30000 3000,1e-06,2,0.0 0.0259,0.0 0.0,-1.0 0.0,0.00054857 28.0,30000,1000,0,0.0,0.0 0.0 0.0,1000 1000000 0,0,0.0,0,100,0,,90,,1,,,10,1.0,10.0,0.1,True,{},,,False,3,mixed,250,300,True,Ar_Aubin,,False,uniform,Argon_Aubin_Model3-test/90Td,3.0000000000000005e+21,8.436811111111113e+23,5.851684553690893e-17,2.1610439855373364e-13,2.156019414088831e-13,5.626619763164322e-18,1.6879859289492963e-18,1.6879859289492963e-18,0.0,5.626619763164321e-19,1.6879859289492963e-18,7.314605692113617e-18,5.626619763164322e-18,5.626619763164321e-19,3.3759718578985926e-18,4.501295810531457e-18,2.813309881582161e-18,2.081849312370799e-17,4.501295810531457e-18,3.3759718578985926e-18,2.2506479052657284e-18,6.189281739480753e-18,8.439929644746482e-18,6.189281739480753e-18,1.294122545527794e-17,1.57545353368601e-17,1.0127915573695778e-17,6.189281739480753e-18,1.1534570514486859e-16,5.232756379742819e-17,5.907950751322538e-17,0.0,3.938633834215025e-18,7.87726766843005e-18,3.3759718578985926e-18,6.977008506323759e-17,5.851684553690894e-17,1876.9827380128588,1752.102758728979,1937.2508466682355,1590.372955525582,1228.4110609428947,826.2790944732196,114.86968862147913,285.1565463944717,74390.81094220035,8.265645660244484e+23,7.866138948582633e-22,7.706551255794241e-22
7.10907e-07,203530.0,6.78432,3e+22,7492.21,-2271.55,78435.5,4.55408,4.49939,4.47984,0.000605307576,0.000206285242,0.0673747063,0.00263940809,0.00260230235,0.00602822743,-2.1533375e-05,4.02922837e-05,9.82505426e-06,1522.81474,-16.6421192,395.791238,96.207089,2012.62643,-50.7883036,794.785477,-487.477409,6424.15483,3600.0,203529.606373,6.784320212,-270.0,30000 3000,1e-06,2,0.0 0.0259,0.0 0.0,-1.0 0.0,0.00054857 28.0,30000,1000,0,0.0,0.0 0.0 0.0,1000 1000000 0,0,0.0,0,100,0,,90,,1,,,10,1.0,10.0,0.1,True,{},,,False,3,mixed,250,300,True,Ar_Aubin,,False,uniform,Argon_Aubin_Model3-test/90Td,3.0000000000000005e+21,8.715055555555556e+23,6.189281739480752e-17,2.1587539512937287e-13,2.153684366887118e-13,5.626619763164322e-18,1.6879859289492963e-18,5.626619763164321e-19,0.0,5.626619763164321e-19,2.813309881582161e-18,5.626619763164322e-18,4.501295810531457e-18,2.813309881582161e-18,5.626619763164322e-18,4.501295810531457e-18,4.501295810531457e-18,1.6317197313176533e-17,5.626619763164322e-18,1.1253239526328642e-18,3.3759718578985926e-18,2.813309881582161e-18,8.439929644746482e-18,2.813309881582161e-18,1.6879859289492963e-17,1.1815901502645076e-17,1.0127915573695778e-17,5.626619763164322e-18,1.1984700095540006e-16,5.795418356059251e-17,6.358080332375683e-17,0.0,6.189281739480753e-18,3.3759718578985926e-18,4.501295810531457e-18,6.583145122902256e-17,6.189281739480753e-17,1873.3808000663225,1518.2796485260171,1710.1683381905264,2013.095017241465,1011.0143811735284,1139.5860540063504,200.04618115333807,638.3136643347292,78762.04968755391,8.751338854172659e+23,7.858202984855524e-22,7.890918958227782e-22
7.30655e-07,203016.0,6.76721,3e+22,3330.83,6230.87,71894.0,4.50895,4.50452,4.49128,0.000703080738,0.000171178687,0.0688676572,0.00271646728,0.00268504228,0.00628418686,-1.7953867e-05,5.01983329e-05,6.19798612e-06,1766.22479,295.413589,613.455438,-197.359088,2056.37715,298.002597,305.098692,324.90276,6340.54001,3700.0,203016.401099,6.76721337,-270.0,30000 3000,1e-06,2,0.0 0.0259,0.0 0.0,-1.0 0.0,0.00054857 28.0,30000,1000,0,0.0,0.0 0.0 0.0,1000 1000000 0,0,0.0,0,100,0,,90,,1,,,10,1.0,10.0,0.1,True,{},,,False,3,mixed,250,300,True,Ar_Aubin,,False,uniform,Argon_Aubin_Model3-test/90Td,3.0000000000000005e+21,7.988222222222223e+23,5.3452887750061045e-17,2.1613253165254947e-13,2.1559631478911993e-13,6.189281739480753e-18,1.6879859289492963e-18,1.6879859289492963e-18,0.0,1.1253239526328642e-18,1.1253239526328642e-18,2.2506479052657284e-18,7.314605692113617e-18,2.2506479052657284e-18,2.813309881582161e-18,2.2506479052657284e-18,2.813309881582161e-18,1.4629211384227235e-17,6.751943715797185e-18,5.626619763164321e-19,1.1253239526328642e-18,6.189281739480753e-18,1.0127915573695778e-17,3.3759718578985926e-18,1.7442521265809397e-17,1.6879859289492963e-17,1.294122545527794e-17,7.87726766843005e-18,1.3166290245804512e-16,6.020483146585824e-17,6.47061272763897e-17,0.0,2.813309881582161e-18,7.87726766843005e-18,3.938633834215025e-18,8.214864854219908e-17,5.345288775006105e-17,1947.8833855954856,1763.8829475854475,2095.293088158038,2055.310557854532,1330.7136836886843,1389.3686632631998,114.89847299684588,638.620384790752,75602.40335436554,8.40026703937395e+23,7.070263031125517e-22,7.434958098041706e-22
7.50402e-07,202753.0,6.75844,3e+22,-8935.04,2296.78,76270.9,4.48818,4.4889,4.50624,0.000764581043,0.000231709549,0.0702779058,0.00279703806,0.0027625414,0.00652537633,-1.52766394e-05,5.80244685e-05,1.64465935e-05,1753.31358,-127.432284,-340.175171,76.3639691,1957.63235,103.39322,-657.189666,362.326045,6554.5621,3800.0,202753.100797,6.758436693,-270.0,30000 3000,1e-06,2,0.0 0.0259,0.0 0.0,-1.0 0.0,0.00054857 28.0,30000,1000,0,0.0,0.0 0.0 0.0,1000 1000000 0,0,0.0,0,100,0,,90,,1,,,10,1.0,10.0,0.1,True,{},,,False,3,mixed,250,300,True,Ar_Aubin,,False,uniform,Argon_Aubin_Model3-test/90Td,3.0000000000000005e+21,8.474544444444446e+23,4.838892996321316e-17,2.1589677628447285e-13,2.1540219640729078e-13,5.063957786847889e-18,5.063957786847889e-18,3.3759718578985926e-18,0.0,0.0,2.2506479052657284e-18,7.314605692113617e-18,5.063957786847889e-18,5.626619763164321e-19,4.501295810531457e-18,3.938633834215025e-18,4.501295810531457e-18,1.8005183242125827e-17,5.063957786847889e-18,1.6879859289492963e-18,2.813309881582161e-18,2.813309881582161e-18,7.87726766843005e-18,2.2506479052657284e-18,1.2378563478961506e-17,1.4066549407910804e-17,1.1253239526328644e-17,6.189281739480753e-18,1.175963530501343e-16,5.345288775006105e-17,5.401554972637748e-17,0.0,5.626619763164322e-18,4.501295810531457e-18,6.189281739480753e-18,7.87726766843005e-17,4.8388929963213164e-17,2037.7497380118784,1760.1451422024468,1961.6438829361111,1957.1001641420478,1138.3684582030721,1194.4029745187809,127.23215876962338,-427.7442218333166,71414.39379361318,7.934932643734799e+23,6.775795101342824e-22,6.344350199514253e-22
7.7015e-07,202824.0,6.7608,3e+22,2445.62,4553.45,68394.8,4.51541,4.46086,4.51858,0.000674411128,0.000198317554,0.0717328817,0.00286078552,0.00283820223,0.00677567125,-1.99306117e-05,5.54235854e-05,1.73041585e-05,1510.44756,503.159408,368.558959,221.451027,1755.82016,157.924206,253.097547,322.736259,5909.24074,3900.0,202823.974798,6.76079916,-270.0,30000 3000,1e-06,2,0.0 0.0259,0.0 0.0,-1.0 0.0,0.00054857 28.0,30000,1000,0,0.0,0.0 0.0 0.0,1000 1000000 0,0,0.0,0,100,0,,90,,1,,,10,1.0,10.0,0.1,True,{},,,False,3,mixed,250,300,True,Ar_Aubin,,False,uniform,Argon_Aubin_Model3-test/90Td,3.0000000000000005e+21,7.599422222222224e+23,6.076749344217466e-17,2.1644030775359457e-13,2.159474158623414e-13,6.751943715797185e-18,1.6879859289492963e-18,2.813309881582161e-18,0.0,0.0,3.3759718578985926e-18,3.3759718578985926e-18,6.751943715797185e-18,2.2506479052657284e-18,2.2506479052657284e-18,2.813309881582161e-18,3.938633834215025e-18,1.1253239526328644e-17,5.626619763164322e-18,3.3759718578985926e-18,1.1253239526328642e-18,3.938633834215025e-18,9.565253597379346e-18,3.3759718578985926e-18,1.2378563478961506e-17,1.4629211384227235e-17,8.439929644746482e-18,9.002591621062914e-18,1.1140707131065357e-16,5.06395778684789e-17,6.020483146585824e-17,0.0,2.2506479052657284e-18,7.87726766843005e-18,7.314605692113617e-18,7.370871889745261e-17,6.076749344217467e-17,1617.357571167457,1508.7982066571408,1916.0798247585417,1754.9171309337387,1105.7821953137957,1003.08464270484,139.5028081890371,400.09892163951156,73679.36538481027,8.18659615386781e+23,8.247559289470004e-22,8.884811921692097e-22
7.89897e-07,203242.0,6.77472,3e+22,1289.69,1032.08,73008.2,4.50935,4.52411,4.48566,0.000684751683,0.00022053852,0.0732575976,0.00294019196,0.0029162093,0.00703927445,-2.3664121e-05,5.60844075e-05,2.02970147e-05,2340.54935,-148.629664,197.011568,33.112295,2069.00552,172.599633,65.8094613,201.054876,6836.38567,4000.0,203241.639491,6.774721316,-270.0,30000 3000,1e-06,2,0.0 0.0259,0.0 0.0,-1.0 0.0,0.00054857 28.0,30000,1000,0,0.0,0.0 0.0 0.0,1000 1000000 0,0,0.0,0,100,0,,90,,1,,,10,1.0,10.0,0.1,True,{},,,False,3,mixed,250,300,True,Ar_Aubin,,False,uniform,Argon_Aubin_Model3-test/90Td,3.0000000000000005e+21,8.112022222222223e+23,4.951425391584602e-17,2.1611902776511788e-13,2.156109440005042e-13,5.063957786847889e-18,1.6879859289492963e-18,1.6879859289492963e-18,0.0,2.2506479052657284e-18,2.813309881582161e-18,6.751943715797185e-18,5.063957786847889e-18,1.1253239526328642e-18,2.813309881582161e-18,3.938633834215025e-18,2.2506479052657284e-18,1.57545353368601e-17,9.565253597379346e-18,1.6879859289492963e-18,2.2506479052657284e-18,1.6879859289492963e-18,1.069057755001221e-17,3.938633834215025e-18,1.57545353368601e-17,1.5191873360543668e-17,1.1815901502645076e-17,4.501295810531457e-18,1.226603108369822e-16,5.739152158427608e-17,6.583145122902256e-17,0.0,3.938633834215025e-18,6.751943715797185e-18,6.751943715797185e-18,6.695677518165542e-17,4.9514253915846025e-17,2010.1984439014593,2339.6662326019514,1974.8868867147207,2068.7779066042785,1076.9496455905146,1487.9803328996795,-56.96889145655657,118.34895042845541,77210.96954535792,8.578996616150882e+23,6.412852242032612e-22,6.782012693895483e-22
8.09645e-07,203090.0,6.76966,3e+22,-3273.51,11795.7,56902.6,4.48775,4.53223,4.50008,0.000696586631,0.00020950708,0.0747125873,0.00301355415,0.00298370225,0.00729949157,-2.41683029e-05,5.6753462e-05,2.31183893e-05,1578.44805,188.999124,-16.9835551,545.086171,1872.43905,121.437914,-266.947982,724.963697,5384.25639,4100.0,203089.74792,6.769658264,-270.0,30000 3000,1e-06,2,0.0 0.0259,0.0 0.0,-1.0 0.0,0.00054857 28.0,30000,1000,0,0.0,0.0 0.0 0.0,1000 1000000 0,0,0.0,0,100,0,,90,,1,,,10,1.0,10.0,0.1,True,{},,,False,3,mixed,250,300,True,Ar_Aubin,,False,uniform,Argon_Aubin_Model3-test/90Td,3.0000000000000005e+21,6.322511111111113e+23,4.6700944034263866e-17,2.159659837075598e-13,2.154556492950408e-13,5.626619763164322e-18,5.626619763164321e-19,1.1253239526328642e-18,0.0,0.0,1.6879859289492963e-18,5.626619763164322e-18,2.813309881582161e-18,2.2506479052657284e-18,2.2506479052657284e-18,5.063957786847889e-18,5.063957786847889e-18,1.069057755001221e-17,6.189281739480753e-18,2.2506479052657284e-18,2.813309881582161e-18,1.6879859289492963e-18,1.0127915573695778e-17,2.2506479052657284e-18,1.4629211384227235e-17,2.4194464981606582e-17,1.57545353368601e-17,6.189281739480753e-18,1.226603108369822e-16,6.526878925270613e-17,6.189281739480753e-17,0.0,5.063957786847889e-18,7.314605692113617e-18,3.938633834215025e-18,6.864476111060473e-17,4.670094403426387e-17,1857.1012369446987,1580.7283333024448,1709.027366190827,1869.967767336444,1137.4161931040644,1132.91591990302,-61.348417080912775,-78.99672587671759,73680.06421098435,8.186673801220484e+23,6.3383419293086895e-22,8.207172261770792e-22
8.29392e-07,202405.0,6.74685,3e+22,-1802.43,-1087.31,77410.6,4.45438,4.46657,4.53865,0.000652994218,0.000302743313,0.0761260283,0.00308662733,0.00305669087,0.00755612116,-2.84442712e-05,4.48030214e-05,2.46403529e-05,1203.84552,187.597751,77.2670211,-328.055082,1466.30385,131.15768,-213.890758,-298.13188,7035.50931,4200.0,202405.491602,6.74684972,-270.0,30000 3000,1e-06,2,0.0 0.0259,0.0 0.0,-1.0 0.0,0.00054857 28.0,30000,1000,0,0.0,0.0 0.0 0.0,1000 1000000 0,0,0.0,0,100,0,,90,,1,,,10,1.0,10.0,0.1,True,{},,,False,3,mixed,250,300,True,Ar_Aubin,,False,uniform,Argon_Aubin_Model3-test/90Td,3.0000000000000005e+21,8.60117777777778e+23,5.1764901821111754e-17,2.1580506238233332e-13,2.1528910135005115e-13,2.2506479052657284e-18,3.3759718578985926e-18,1.6879859289492963e-18,0.0,1.1253239526328642e-18,2.2506479052657284e-18,3.938633834215025e-18,6.189281739480753e-18,1.6879859289492963e-18,1.1253239526328642e-18,2.813309881582161e-18,5.063957786847889e-18,1.4066549407910804e-17,1.350388743159437e-17,2.2506479052657284e-18,2.2506479052657284e-18,6.189281739480753e-18,1.069057755001221e-17,2.813309881582161e-18,1.6317197313176533e-17,1.6879859289492963e-17,1.1253239526328644e-17,1.1253239526328644e-17,1.069057755001221e-16,6.583145122902256e-17,6.583145122902256e-17,0.0,6.189281739480753e-18,9.002591621062914e-18,2.2506479052657284e-18,6.920742308692116e-17,5.176490182111176e-17,1851.6870951554747,1205.0224963683497,1846.8471723620257,1466.633025831658,1099.5904860315773,1142.54778368002,-486.97587725999296,-49.96057392314182,71576.05558200074,7.952895064666751e+23,7.23215346252317e-22,6.687056013144421e-22
8.49139e-07,202520.0,6.75068,3e+22,-1703.18,2155.18,67620.0,4.49076,4.45972,4.52484,0.000633926956,0.000328262799,0.0776441712,0.00315737029,0.00313827386,0.00784037419,-3.06815942e-05,4.30120292e-05,2.81806566e-05,1808.13217,212.480715,261.340672,-191.013989,1823.71692,26.1906346,-103.382175,557.040193,6594.29297,4300.0,202520.329847,6.750677662,-270.0,30000 3000,1e-06,2,0.0 0.0259,0.0 0.0,-1.0 0.0,0.00054857 28.0,30000,1000,0,0.0,0.0 0.0 0.0,1000 1000000 0,0,0.0,0,100,0,,90,,1,,,10,1.0,10.0,0.1,True,{},,,False,3,mixed,250,300,True,Ar_Aubin,,False,uniform,Argon_Aubin_Model3-test/90Td,3.0000000000000005e+21,7.513333333333334e+23,5.2327563797428184e-17,2.1525027767368533e-13,2.147320659934979e-13,3.3759718578985926e-18,3.938633834215025e-18,2.813309881582161e-18,0.0,0.0,3.3759718578985926e-18,6.751943715797185e-18,4.501295810531457e-18,5.626619763164321e-19,2.813309881582161e-18,7.314605692113617e-18,3.938633834215025e-18,1.350388743159437e-17,7.87726766843005e-18,3.3759718578985926e-18,1.1253239526328642e-18,2.813309881582161e-18,8.439929644746482e-18,1.1253239526328642e-18,1.350388743159437e-17,1.350388743159437e-17,1.0127915573695778e-17,1.2378563478961506e-17,1.1815901502645076e-16,6.414346530007327e-17,6.30181413474404e-17,0.0,7.314605692113617e-18,1.0127915573695778e-17,6.189281739480753e-18,6.977008506323759e-17,5.232756379742819e-17,1791.8181143643749,1809.2118617129202,2065.256364087403,1823.0094545808513,1286.4451370178185,1343.9941134560004,-65.92609562547511,247.33435573969598,76878.11560002863,8.542012844447627e+23,6.806561709924209e-22,7.738474385895916e-22
8.68887e-07,201843.0,6.72811,3e+22,2755.18,11189.8,72525.8,4.43685,4.46659,4.52211,0.000536013494,0.000316633155,0.0791460588,0.00323492397,0.00321385329,0.00812006927,-3.18035797e-05,3.7053491e-05,2.73027573e-05,1548.76177,84.2190963,-305.552357,264.714156,1666.23803,-147.707163,548.709859,1281.1673,7079.71102,4400.0,201843.229751,6.728107658,-270.0,30000 3000,1e-06,2,0.0 0.0259,0.0 0.0,-1.0 0.0,0.00054857 28.0,30000,1000,0,0.0,0.0 0.0 0.0,1000 1000000 0,0,0.0,0,100,0,,90,,1,,,10,1.0,10.0,0.1,True,{},,,False,3,mixed,250,300,True,Ar_Aubin,,False,uniform,Argon_Aubin_Model3-test/90Td,3.0000000000000005e+21,8.058422222222224e+23,7.652202877903477e-17,2.141992251019262e-13,2.1365963226663878e-13,6.751943715797185e-18,1.6879859289492963e-18,5.626619763164321e-19,0.0,1.6879859289492963e-18,3.3759718578985926e-18,7.314605692113617e-18,6.751943715797185e-18,1.1253239526328642e-18,2.2506479052657284e-18,3.938633834215025e-18,2.2506479052657284e-18,1.1253239526328644e-17,4.501295810531457e-18,1.1253239526328642e-18,2.2506479052657284e-18,2.2506479052657284e-18,1.350388743159437e-17,3.3759718578985926e-18,1.7442521265809397e-17,1.8005183242125827e-17,9.565253597379346e-18,7.87726766843005e-18,1.2153498688434935e-16,6.639411320533899e-17,5.739152158427608e-17,0.0,2.2506479052657284e-18,9.565253597379346e-18,2.813309881582161e-18,7.427138087376904e-17,7.652202877903477e-17,1966.5432644245002,1547.2849563416012,1913.8451115175196,1662.694968322181,1119.4835209154369,1339.5797886829596,42.47847241871992,-13.77894374772913,76054.95406990295,8.45055045221144e+23,1.006141279221634e-21,1.0551007886715453e-21
8.88634e-07,202067.0,6.73557,3e+22,-1904.02,-2367.89,71739.0,4.45567,4.4793,4.50686,0.000534949909,0.000307107882,0.0806403559,0.00331220137,0.00329175112,0.00839191128,-3.06151784e-05,3.93796278e-05,2.44355723e-05,1771.99848,139.884042,-13.9092213,71.8443131,1948.73624,12.3641199,-209.87809,-4.80502607,6596.67323,4500.0,202067.230025,6.735574334,-270.0,30000 3000,1e-06,2,0.0 0.0259,0.0 0.0,-1.0 0.0,0.00054857 28.0,30000,1000,0,0.0,0.0 0.0 0.0,1000 1000000 0,0,0.0,0,100,0,,90,,1,,,10,1.0,10.0,0.1,True,{},,,False,3,mixed,250,300,True,Ar_Aubin,,False,uniform,Argon_Aubin_Model3-test/90Td,3.0000000000000005e+21,7.971000000000001e+23,5.120223984479532e-17,2.146532933168136e-13,2.1414802286208145e-13,6.189281739480753e-18,1.1253239526328642e-18,1.6879859289492963e-18,0.0,5.626619763164321e-19,4.501295810531457e-18,5.063957786847889e-18,2.813309881582161e-18,2.813309881582161e-18,1.6879859289492963e-18,3.3759718578985926e-18,3.3759718578985926e-18,1.9693169171075125e-17,5.063957786847889e-18,2.2506479052657284e-18,3.3759718578985926e-18,5.063957786847889e-18,1.069057755001221e-17,5.063957786847889e-18,1.4629211384227235e-17,1.5191873360543668e-17,7.314605692113617e-18,7.87726766843005e-18,1.2209764886066578e-16,5.626619763164322e-17,5.907950751322538e-17,0.0,6.751943715797185e-18,5.626619763164322e-18,4.501295810531457e-18,7.033274703955402e-17,5.120223984479533e-17,1956.6762981610573,1773.0170353257342,1972.5070465898891,1949.463437682709,837.4174294943475,811.6147380899001,81.57738554365793,-108.62323238103298,75670.57435409218,8.407841594899134e+23,6.766466394876301e-22,7.137294894659156e-22
9.08382e-07,202228.0,6.74095,3e+22,-5370.1,1540.07,85740.5,4.49385,4.43812,4.50795,0.000600243503,0.000329523106,0.0821498195,0.00338284642,0.00336539206,0.00868539958,-2.54191809e-05,4.3031283e-05,2.81304856e-05,1748.31783,112.751562,74.5891414,223.71751,1712.10409,-361.509296,-882.870293,-65.4129188,8598.35334,4600.0,202228.390212,6.74094634,-270.0,30000 3000,1e-06,2,0.0 0.0259,0.0 0.0,-1.0 0.0,0.00054857 28.0,30000,1000,0,0.0,0.0 0.0 0.0,1000 1000000 0,0,0.0,0,100,0,,90,,1,,,10,1.0,10.0,0.1,True,{},,,False,3,mixed,250,300,True,Ar_Aubin,,False,uniform,Argon_Aubin_Model3-test/90Td,3.0000000000000005e+21,9.526722222222225e+23,5.063957786847889e-17,2.1497401064331394e-13,2.1445973759696075e-13,4.501295810531457e-18,5.063957786847889e-18,1.6879859289492963e-18,0.0,5.626619763164321e-19,1.6879859289492963e-18,4.501295810531457e-18,6.751943715797185e-18,0.0,2.813309881582161e-18,2.2506479052657284e-18,5.063957786847889e-18,1.6317197313176533e-17,7.314605692113617e-18,1.1253239526328642e-18,2.813309881582161e-18,2.813309881582161e-18,1.069057755001221e-17,5.626619763164322e-18,2.0255831147391556e-17,1.5191873360543668e-17,1.069057755001221e-17,2.2506479052657284e-18,1.311002404817287e-16,5.851684553690894e-17,6.245547937112397e-17,0.0,5.626619763164322e-18,5.626619763164322e-18,1.6879859289492963e-18,6.864476111060473e-17,5.06395778684789e-17,1786.8410307748265,1751.5411976354603,1864.211738603531,1711.5966013501427,1209.3352997377622,1554.7867411602501,-127.59599628635134,-418.59358397202135,76438.5995118343,8.493177723537146e+23,6.624869920679123e-22,5.90614445547657e-22
9.28129e-07,202386.0,6.74618,3e+22,4075.76,2984.37,74920.4,4.50113,4.48475,4.47443,0.000650435559,0.000328509084,0.0836809969,0.00345411907,0.00344060567,0.00898856369,-2.01894714e-05,4.69114288e-05,2.74130631e-05,1329.66613,0.574977181,90.9960775,-255.476508,1648.87928,355.462288,411.559772,226.318465,7190.00753,4700.0,202385.510015,6.746183667,-270.0,30000 3000,1e-06,2,0.0 0.0259,0.0 0.0,-1.0 0.0,0.00054857 28.0,30000,1000,0,0.0,0.0 0.0 0.0,1000 1000000 0,0,0.0,0,100,0,,90,,1,,,10,1.0,10.0,0.1,True,{},,,False,3,mixed,250,300,True,Ar_Aubin,,False,uniform,Argon_Aubin_Model3-test/90Td,3.0000000000000005e+21,8.324488888888889e+23,5.514087367901035e-17,2.1505334598197456e-13,2.1453513430178713e-13,4.501295810531457e-18,3.938633834215025e-18,3.3759718578985926e-18,0.0,1.1253239526328642e-18,2.813309881582161e-18,3.3759718578985926e-18,4.501295810531457e-18,5.626619763164321e-19,5.626619763164322e-18,2.2506479052657284e-18,3.938633834215025e-18,1.4629211384227235e-17,7.87726766843005e-18,1.6879859289492963e-18,4.501295810531457e-18,3.938633834215025e-18,9.002591621062914e-18,5.626619763164322e-18,1.7442521265809397e-17,1.5191873360543668e-17,1.069057755001221e-17,1.1253239526328644e-17,1.1084440933433714e-16,6.414346530007327e-17,5.739152158427608e-17,0.0,5.063957786847889e-18,7.314605692113617e-18,6.751943715797185e-18,7.370871889745261e-17,5.5140873679010355e-17,1803.019026466313,1327.0151107660502,1904.4096250422251,1647.898887344983,1246.9416658590792,920.5937698532407,-62.74521044953046,112.76129732035241,77538.17717775505,8.615353019750562e+23,7.111448280838582e-22,7.359927827268722e-22
9.47877e-07,202514.0,6.75048,3e+22,-1418.18,1361.21,76742.5,4.46176,4.4832,4.5225,0.000684136596,0.000293399258,0.0852324014,0.00352318439,0.00351830403,0.00929905395,-2.45717216e-05,4.70654128e-05,2.47393393e-05,1525.26522,446.924445,-62.7497717,-235.414598,2442.87932,70.3817162,-294.364009,268.797228,8030.36966,4800.0,202514.43029,6.75048101,-270.0,30000 3000,1e-06,2,0.0 0.0259,0.0 0.0,-1.0 0.0,0.00054857 28.0,30000,1000,0,0.0,0.0 0.0 0.0,1000 1000000 0,0,0.0,0,100,0,,90,,1,,,10,1.0,10.0,0.1,True,{},,,False,3,mixed,250,300,True,Ar_Aubin,,False,uniform,Argon_Aubin_Model3-test/90Td,3.0000000000000005e+21,8.526944444444446e+23,6.076749344217466e-17,2.1502352489722977e-13,2.144985612733266e-13,7.87726766843005e-18,5.626619763164322e-18,1.1253239526328642e-18,0.0,5.626619763164321e-19,3.3759718578985926e-18,7.314605692113617e-18,3.938633834215025e-18,1.6879859289492963e-18,4.501295810531457e-18,2.813309881582161e-18,2.2506479052657284e-18,1.57545353368601e-17,6.189281739480753e-18,1.1253239526328642e-18,1.6879859289492963e-18,3.3759718578985926e-18,1.2378563478961506e-17,3.3759718578985926e-18,1.8005183242125827e-17,1.4629211384227235e-17,9.565253597379346e-18,1.350388743159437e-17,1.1647102909750145e-16,5.570353565532679e-17,5.795418356059251e-17,0.0,7.87726766843005e-18,1.069057755001221e-17,3.938633834215025e-18,7.089540901587045e-17,6.076749344217467e-17,1747.580530460345,1526.2354488377152,1967.8589356997747,2442.4799419960177,1226.4210419368458,1489.4220955604997,-188.7602907913384,-288.741246401078,78562.46898325886,8.729163220362097e+23,7.734926642277982e-22,7.918362503459577e-22
9.67624e-07,203650.0,6.78835,3e+22,-287.301,1449.0,75777.1,4.50127,4.51186,4.53091,0.000695489375,0.000216611249,0.0868757538,0.00359538182,0.00359699738,0.00963120744,-2.87665513e-05,5.31874648e-05,2.58859598e-05,1564.75064,-466.733914,71.0600055,-416.358824,1996.30132,493.382954,-396.28264,578.788469,7725.96321,4900.0,203650.496105,6.78834987,-270.0,30000 3000,1e-06,2,0.0 0.0259,0.0 0.0,-1.0 0.0,0.00054857 28.0,30000,1000,0,0.0,0.0 0.0 0.0,1000 1000000 0,0,0.0,0,100,0,,90,,1,,,10,1.0,10.0,0.1,True,{},,,False,3,mixed,250,300,True,Ar_Aubin,,False,uniform,Argon_Aubin_Model3-test/90Td,3.0000000000000005e+21,8.41967777777778e+23,5.514087367901035e-17,2.1538812985788286e-13,2.148732941495533e-13,7.87726766843005e-18,1.6879859289492963e-18,2.2506479052657284e-18,0.0,5.626619763164321e-19,2.2506479052657284e-18,5.626619763164322e-18,6.751943715797185e-18,1.1253239526328642e-18,2.813309881582161e-18,2.2506479052657284e-18,3.3759718578985926e-18,1.0127915573695778e-17,8.439929644746482e-18,2.2506479052657284e-18,1.6879859289492963e-18,3.3759718578985926e-18,1.4629211384227235e-17,3.3759718578985926e-18,1.57545353368601e-17,1.5191873360543668e-17,9.002591621062914e-18,8.439929644746482e-18,1.0971908538170428e-16,6.358080332375683e-17,5.795418356059251e-17,0.0,1.0127915573695778e-17,1.350388743159437e-17,7.314605692113617e-18,6.864476111060473e-17,5.5140873679010355e-17,1827.627115753184,1564.9504547929268,1993.4906036086188,1995.987450300199,1248.7502175604848,1142.77052672202,203.14032478634005,-352.96531147581874,83218.67182515126,9.246519091683475e+23,6.62602183736668e-22,7.276719969358862e-22
9.87371e-07,203117.0,6.77058,3e+22,9487.89,16.7469,81585.1,4.51158,4.49006,4.50117,0.000684919231,0.000172288719,0.0884353795,0.00367357539,0.00367379253,0.0099485001,-3.7972986e-05,5.07513808e-05,2.88314913e-05,2157.07586,-176.16511,-79.0720566,-842.465625,1913.58567,-72.1025749,1103.18155,-186.478111,8363.16369,5000.0,203117.487064,6.770582902,-270.0,30000 3000,1e-06,2,0.0 0.0259,0.0 0.0,-1.0 0.0,0.00054857 28.0,30000,1000,0,0.0,0.0 0.0 0.0,1000 1000000 0,0,0.0,0,100,0,,90,,1,,,10,1.0,10.0,0.1,True,{},,,False,3,mixed,250,300,True,Ar_Aubin,,False,uniform,Argon_Aubin_Model3-test/90Td,3.0000000000000005e+21,9.065011111111113e+23,5.514087367901035e-17,2.1634071658378654e-13,2.1578255590328066e-13,5.626619763164322e-18,2.813309881582161e-18,1.1253239526328642e-18,0.0,5.626619763164321e-19,3.3759718578985926e-18,1.0127915573695778e-17,7.314605692113617e-18,5.626619763164321e-19,3.3759718578985926e-18,5.626619763164321e-19,7.87726766843005e-18,1.4066549407910804e-17,5.063957786847889e-18,1.6879859289492963e-18,2.2506479052657284e-18,6.189281739480753e-18,1.4629211384227235e-17,6.189281739480753e-18,1.4066549407910804e-17,1.856784521844226e-17,1.0127915573695778e-17,9.002591621062914e-18,1.2491095874224793e-16,6.526878925270613e-17,6.751943715797185e-17,0.0,1.069057755001221e-17,8.439929644746482e-18,3.3759718578985926e-18,7.764735273166763e-17,5.5140873679010355e-17,1980.2141324362674,2150.5774216773875,1944.873427147338,1913.5827846980517,1110.8528466835007,1148.154409954549,-130.95457666919654,129.165136642687,78978.78708083076,8.775420786758975e+23,6.981732148225633e-22,6.758694133979164e-22
1.00712e-06,203356.0,6.77855,3e+22,-1813.24,8521.22,65368.7,4.4844,4.47235,4.57561,0.000742872728,0.000218352915,0.0899786659,0.00375063234,0.00374963932,0.0102695478,-4.45016497e-05,5.91818133e-05,3.1997337e-05,2180.93909,-37.793789,227.075555,-766.09416,1492.17824,-381.645223,-136.738146,770.883495,6956.57532,5100.0,203356.410074,6.778547002,-270.0,30000 3000,1e-06,2,0.0 0.0259,0.0 0.0,-1.0 0.0,0.00054857 28.0,30000,1000,0,0.0,0.0 0.0 0.0,1000 1000000 0,0,0.0,0,100,0,,90,,1,,,10,1.0,10.0,0.1,True,{},,,False,3,mixed,250,300,True,Ar_Aubin,,False,uniform,Argon_Aubin_Model3-test/90Td,3.0000000000000005e+21,7.26318888888889e+23,4.501295810531457e-17,2.1593672528479135e-13,2.154134496468171e-13,3.938633834215025e-18,2.2506479052657284e-18,2.813309881582161e-18,0.0,1.6879859289492963e-18,2.2506479052657284e-18,7.314605692113617e-18,5.063957786847889e-18,1.6879859289492963e-18,5.063957786847889e-18,1.1253239526328642e-18,3.938633834215025e-18,1.9693169171075125e-17,6.189281739480753e-18,2.813309881582161e-18,4.501295810531457e-18,2.813309881582161e-18,8.439929644746482e-18,5.063957786847889e-18,1.1815901502645076e-17,2.138115510002442e-17,1.5191873360543668e-17,1.069057755001221e-17,1.1590836712118502e-16,6.189281739480753e-17,6.47061272763897e-17,0.0,1.0127915573695778e-17,7.87726766843005e-18,3.938633834215025e-18,6.808209913428828e-17,4.5012958105314575e-17,1948.9706103838437,2182.2860965453187,1919.9690948480657,1490.3176067736435,1157.2088012902148,1074.7869023826697,109.32211943848726,204.9297006617024,78151.37182616498,8.683485758462777e+23,5.759714391890468e-22,6.886010905114309e-22
1.02687e-06,203350.0,6.77835,3e+22,-3468.78,3280.19,70545.2,4.51768,4.45144,4.55915,0.000728750075,0.000284605498,0.0914307285,0.00383255072,0.00381962989,0.0105794315,-4.52354966e-05,6.90603155e-05,3.2975633e-05,1691.60299,191.066593,283.121907,92.1011427,1533.67116,-246.611248,-119.500398,279.930902,8197.46053,5200.0,203350.457356,6.778348579,-270.0,30000 3000,1e-06,2,0.0 0.0259,0.0 0.0,-1.0 0.0,0.00054857 28.0,30000,1000,0,0.0,0.0 0.0 0.0,1000 1000000 0,0,0.0,0,100,0,,90,,1,,,10,1.0,10.0,0.1,True,{},,,False,3,mixed,250,300,True,Ar_Aubin,,False,uniform,Argon_Aubin_Model3-test/90Td,3.0000000000000005e+21,7.838355555555557e+23,5.2327563797428184e-17,2.1661810893811054e-13,2.1612015308907056e-13,9.002591621062914e-18,5.626619763164321e-19,2.2506479052657284e-18,0.0,0.0,2.813309881582161e-18,2.813309881582161e-18,4.501295810531457e-18,5.626619763164321e-19,2.813309881582161e-18,3.3759718578985926e-18,5.626619763164322e-18,1.5191873360543668e-17,8.439929644746482e-18,3.938633834215025e-18,3.3759718578985926e-18,4.501295810531457e-18,7.314605692113617e-18,3.3759718578985926e-18,1.350388743159437e-17,1.7442521265809397e-17,1.069057755001221e-17,8.439929644746482e-18,1.1534570514486859e-16,5.851684553690894e-17,5.176490182111176e-17,0.0,1.6879859289492963e-18,8.439929644746482e-18,5.063957786847889e-18,7.427138087376904e-17,5.232756379742819e-17,2074.682318132852,1694.1308636851586,1771.3027463361625,1532.7375998915154,1176.506859209577,1747.4615018218,511.0064589390978,429.36477161534003,73531.83710260582,8.17020412251176e+23,7.11631394771365e-22,7.417593797654296e-22
1.04661e-06,203291.0,6.77636,3e+22,-583.047,1707.83,79050.8,4.47778,4.51315,4.52623,0.000699356971,0.0002990663,0.0929200712,0.00390306406,0.00389633916,0.0109043844,-3.87897768e-05,6.32986089e-05,3.84849593e-05,1176.15581,543.322602,162.210781,6.30596869,1955.28471,253.186839,-30.6573514,451.667014,8535.0834,5300.0,203290.659657,6.776355322,-270.0,30000 3000,1e-06,2,0.0 0.0259,0.0 0.0,-1.0 0.0,0.00054857 28.0,30000,1000,0,0.0,0.0 0.0 0.0,1000 1000000 0,0,0.0,0,100,0,,90,,1,,,10,1.0,10.0,0.1,True,{},,,False,3,mixed,250,300,True,Ar_Aubin,,False,uniform,Argon_Aubin_Model3-test/90Td,3.0000000000000005e+21,8.783422222222223e+23,4.838892996321316e-17,2.1609427063815996e-13,2.1557943492983044e-13,9.002591621062914e-18,1.6879859289492963e-18,3.3759718578985926e-18,0.0,1.1253239526328642e-18,6.189281739480753e-18,7.314605692113617e-18,5.626619763164322e-18,1.1253239526328642e-18,3.3759718578985926e-18,3.3759718578985926e-18,3.3759718578985926e-18,1.1815901502645076e-17,2.813309881582161e-18,3.3759718578985926e-18,3.3759718578985926e-18,3.938633834215025e-18,1.069057755001221e-17,6.189281739480753e-18,1.1253239526328644e-17,1.8005183242125827e-17,1.2378563478961506e-17,9.565253597379346e-18,1.1534570514486859e-16,5.682885960795965e-17,6.245547937112397e-17,0.0,6.751943715797185e-18,6.751943715797185e-18,3.938633834215025e-18,7.53967048264019e-17,4.8388929963213164e-17,1786.445721941278,1176.5635679838706,1942.0488175075218,1954.773955600871,1275.8991621085297,1189.6774355830394,-208.4252047285556,130.4454703098196,75419.68562950025,8.379965069944474e+23,6.41595487429159e-22,6.1212448151332e-22
1.06636e-06,202952.0,6.76507,3e+22,-5142.69,-2741.14,81562.4,4.40713,4.56655,4.51845,0.000734167863,0.000283508873,0.0945318584,0.00397436486,0.0039634499,0.0112567723,-3.42189801e-05,7.1782043e-05,3.96819299e-05,1973.6149,450.98914,108.473623,-11.0350038,2265.66208,404.580014,-70.4642284,-169.505257,8853.57159,5400.0,202952.210435,6.765073681,-270.0,30000 3000,1e-06,2,0.0 0.0259,0.0 0.0,-1.0 0.0,0.00054857 28.0,30000,1000,0,0.0,0.0 0.0 0.0,1000 1000000 0,0,0.0,0,100,0,,90,,1,,,10,1.0,10.0,0.1,True,{},,,False,3,mixed,250,300,True,Ar_Aubin,,False,uniform,Argon_Aubin_Model3-test/90Td,3.0000000000000005e+21,9.062488888888889e+23,5.62661976316432e-17,2.1650501388087095e-13,2.1593559996083874e-13,4.501295810531457e-18,1.6879859289492963e-18,1.6879859289492963e-18,0.0,5.626619763164321e-19,2.813309881582161e-18,1.1253239526328642e-18,9.565253597379346e-18,1.6879859289492963e-18,3.3759718578985926e-18,2.2506479052657284e-18,2.813309881582161e-18,2.2506479052657287e-17,7.314605692113617e-18,1.1253239526328642e-18,5.063957786847889e-18,5.063957786847889e-18,1.350388743159437e-17,5.063957786847889e-18,1.9130507194758692e-17,1.8005183242125827e-17,1.2378563478961506e-17,8.439929644746482e-18,1.3053757850541226e-16,6.245547937112397e-17,6.751943715797185e-17,0.0,5.063957786847889e-18,7.87726766843005e-18,4.501295810531457e-18,8.552462040009768e-17,5.626619763164322e-17,1804.057691691679,1977.3904977273714,1699.4592546544325,2266.439217512135,1272.4530635784506,1143.3263424358402,205.8742504121922,464.2769445659448,81620.22342181786,9.06891371353532e+23,6.893658859625556e-22,6.898546098648791e-22
1.08611e-06,202953.0,6.7651,3e+22,-993.89,2025.96,66843.9,4.46702,4.53217,4.50557,0.000686232303,0.000292462912,0.0960282789,0.00403496408,0.00403983832,0.0115796807,-2.62280292e-05,7.21108878e-05,4.28223195e-05,583.358169,153.134382,444.778809,374.833794,2061.26736,71.7511413,-336.849045,229.321465,7418.84683,5500.0,202952.94556,6.765098185,-270.0,30000 3000,1e-06,2,0.0 0.0259,0.0 0.0,-1.0 0.0,0.00054857 28.0,30000,1000,0,0.0,0.0 0.0 0.0,1000 1000000 0,0,0.0,0,100,0,,90,,1,,,10,1.0,10.0,0.1,True,{},,,False,3,mixed,250,300,True,Ar_Aubin,,False,uniform,Argon_Aubin_Model3-test/90Td,3.0000000000000005e+21,7.427100000000001e+23,5.79541835605925e-17,2.1543314281598815e-13,2.1492112041754022e-13,7.314605692113617e-18,3.3759718578985926e-18,3.938633834215025e-18,0.0,0.0,2.2506479052657284e-18,2.813309881582161e-18,7.87726766843005e-18,5.626619763164321e-19,3.938633834215025e-18,3.3759718578985926e-18,7.314605692113617e-18,1.294122545527794e-17,6.189281739480753e-18,5.626619763164321e-19,2.813309881582161e-18,2.2506479052657284e-18,9.565253597379346e-18,5.626619763164322e-18,1.4629211384227235e-17,1.6317197313176533e-17,1.069057755001221e-17,5.626619763164322e-18,1.243482967659315e-16,5.907950751322538e-17,5.345288775006105e-17,0.0,6.189281739480753e-18,7.314605692113617e-18,6.189281739480753e-18,6.751943715797185e-17,5.795418356059251e-17,1536.0834255998375,584.0402084236287,1934.008090335293,2060.6748418388042,955.8297310396516,999.9421580362914,194.12126580072746,157.50086667741934,75778.10243373801,8.419789159304225e+23,7.647880020652256e-22,8.67007813137661e-22
1.10586e-06,202881.0,6.76271,3e+22,-4439.22,431.7,69462.4,4.49299,4.48911,4.51578,0.000666831065,0.000362604836,0.097547576,0.00410035276,0.0041111588,0.0119191724,-1.58780674e-05,6.63658627e-05,5.44004641e-05,1666.43274,475.122955,-231.16198,-480.311857,1908.39592,324.476489,-395.873877,230.035378,7910.66187,5600.0,202881.423917,6.762714131,-270.0,30000 3000,1e-06,2,0.0 0.0259,0.0 0.0,-1.0 0.0,0.00054857 28.0,30000,1000,0,0.0,0.0 0.0 0.0,1000 1000000 0,0,0.0,0,100,0,,90,,1,,,10,1.0,10.0,0.1,True,{},,,False,3,mixed,250,300,True,Ar_Aubin,,False,uniform,Argon_Aubin_Model3-test/90Td,3.0000000000000005e+21,7.718044444444444e+23,5.3452887750061045e-17,2.1564807969094102e-13,2.1511974009517994e-13,5.626619763164322e-18,1.6879859289492963e-18,1.1253239526328642e-18,0.0,1.1253239526328642e-18,1.1253239526328642e-18,4.501295810531457e-18,7.314605692113617e-18,0.0,2.2506479052657284e-18,1.1253239526328642e-18,1.1253239526328642e-18,1.4629211384227235e-17,6.189281739480753e-18,2.2506479052657284e-18,1.6879859289492963e-18,3.3759718578985926e-18,9.002591621062914e-18,4.501295810531457e-18,1.1815901502645076e-17,1.5191873360543668e-17,1.4066549407910804e-17,8.439929644746482e-18,1.3166290245804512e-16,6.358080332375683e-17,6.47061272763897e-17,0.0,7.314605692113617e-18,7.314605692113617e-18,4.501295810531457e-18,7.764735273166763e-17,5.345288775006105e-17,1656.2922487120336,1669.3929498003693,1804.6561139138475,1908.2393834922987,1149.3276335216551,1134.7731268576008,-247.8843852646485,-240.32039283873593,76936.56380080401,8.548507088978225e+23,6.947657278853211e-22,7.695226158333292e-22
1.1256e-06,202646.0,6.75488,3e+22,-5342.42,435.485,67844.8,4.49515,4.47578,4.51249,0.000664782915,0.000360634464,0.0989881421,0.00416757628,0.00418370831,0.012250721,-1.86422228e-05,6.1824986e-05,5.10104176e-05,1316.69617,22.7472193,266.696884,218.195945,1446.34456,-375.085534,-761.699944,-65.2177898,7782.06831,5700.0,202646.346204,6.754878207,-270.0,30000 3000,1e-06,2,0.0 0.0259,0.0 0.0,-1.0 0.0,0.00054857 28.0,30000,1000,0,0.0,0.0 0.0 0.0,1000 1000000 0,0,0.0,0,100,0,,90,,1,,,10,1.0,10.0,0.1,True,{},,,False,3,mixed,250,300,True,Ar_Aubin,,False,uniform,Argon_Aubin_Model3-test/90Td,3.0000000000000005e+21,7.538311111111113e+23,4.782626798689673e-17,2.1534536754768277e-13,2.1483615845911643e-13,4.501295810531457e-18,5.063957786847889e-18,3.3759718578985926e-18,0.0,1.6879859289492963e-18,5.626619763164321e-19,1.1253239526328642e-18,6.189281739480753e-18,0.0,1.1253239526328642e-18,2.2506479052657284e-18,1.1253239526328642e-18,1.856784521844226e-17,7.87726766843005e-18,2.2506479052657284e-18,2.2506479052657284e-18,3.3759718578985926e-18,1.294122545527794e-17,3.938633834215025e-18,1.5191873360543668e-17,1.069057755001221e-17,9.002591621062914e-18,1.0127915573695778e-17,1.2322297281329864e-16,6.245547937112397e-17,6.414346530007327e-17,0.0,6.189281739480753e-18,8.439929644746482e-18,7.87726766843005e-18,6.583145122902256e-17,4.7826267986896733e-17,1702.1543936207572,1320.2477195407541,1836.974362459516,1446.187509100445,1226.13374585973,1066.2376068539197,-268.32638035507415,-11.268893793709935,72949.65919564088,8.105517688404543e+23,6.556064622403965e-22,7.049363840249618e-22
1.14535e-06,201961.0,6.73205,3e+22,-1103.67,-2251.74,70630.4,4.4915,4.45609,4.48811,0.000577564299,0.000381543527,0.100483249,0.00423489746,0.00425491684,0.0125915854,-1.94406856e-05,5.49390032e-05,5.33700522e-05,1102.61095,-223.190607,-81.1577827,239.653049,1485.09548,474.700952,-419.206459,-117.385777,8411.45987,5800.0,201961.462313,6.732048744,-270.0,30000 3000,1e-06,2,0.0 0.0259,0.0 0.0,-1.0 0.0,0.00054857 28.0,30000,1000,0,0.0,0.0 0.0 0.0,1000 1000000 0,0,0.0,0,100,0,,90,,1,,,10,1.0,10.0,0.1,True,{},,,False,3,mixed,250,300,True,Ar_Aubin,,False,uniform,Argon_Aubin_Model3-test/90Td,3.0000000000000005e+21,7.847822222222223e+23,5.739152158427607e-17,2.1541232432286443e-13,2.1486879285374277e-13,5.063957786847889e-18,1.1253239526328642e-18,2.813309881582161e-18,0.0,5.626619763164321e-19,3.938633834215025e-18,6.189281739480753e-18,5.063957786847889e-18,5.626619763164321e-19,5.063957786847889e-18,3.3759718578985926e-18,4.501295810531457e-18,1.6879859289492963e-17,3.938633834215025e-18,1.6879859289492963e-18,3.3759718578985926e-18,1.6879859289492963e-18,1.294122545527794e-17,4.501295810531457e-18,1.1815901502645076e-17,1.2378563478961506e-17,9.002591621062914e-18,8.439929644746482e-18,1.3785218419752588e-16,6.414346530007327e-17,5.964216948954181e-17,0.0,9.565253597379346e-18,9.565253597379346e-18,6.751943715797185e-18,7.370871889745261e-17,5.739152158427608e-17,1707.3016145061324,1103.2483903898774,1802.5920311947168,1485.954616821487,1079.467342885474,1314.2877998304011,44.77073365327949,-430.25749174025964,75711.58228425014,8.41239803158335e+23,7.580282943870651e-22,8.125611858955361e-22
1.1651e-06,202043.0,6.73476,3e+22,-2509.1,-1891.53,78046.0,4.52465,4.40315,4.50704,0.000510419883,0.000402062837,0.101969031,0.00431382582,0.00433042981,0.0129425542,-1.89214031e-05,4.13333055e-05,5.79228651e-05,2300.23684,65.6479859,-424.606814,-243.576569,2242.54405,-36.0962001,-726.416099,-326.191532,9518.3654,5900.0,202042.886046,6.734762868,-270.0,30000 3000,1e-06,2,0.0 0.0259,0.0 0.0,-1.0 0.0,0.00054857 28.0,30000,1000,0,0.0,0.0 0.0 0.0,1000 1000000 0,0,0.0,0,100,0,,90,,1,,,10,1.0,10.0,0.1,True,{},,,False,3,mixed,250,300,True,Ar_Aubin,,False,uniform,Argon_Aubin_Model3-test/90Td,3.0000000000000005e+21,8.671777777777779e+23,4.895159193952959e-17,2.1434326656786323e-13,2.138346201412732e-13,5.626619763164322e-18,1.6879859289492963e-18,3.3759718578985926e-18,0.0,1.1253239526328642e-18,1.6879859289492963e-18,3.3759718578985926e-18,2.813309881582161e-18,2.2506479052657284e-18,2.2506479052657284e-18,2.813309881582161e-18,2.813309881582161e-18,2.0255831147391556e-17,6.751943715797185e-18,2.2506479052657284e-18,1.6879859289492963e-18,0.0,9.565253597379346e-18,3.3759718578985926e-18,1.856784521844226e-17,1.4066549407910804e-17,1.0127915573695778e-17,9.002591621062914e-18,1.1140707131065357e-16,6.526878925270613e-17,6.414346530007327e-17,0.0,6.751943715797185e-18,6.189281739480753e-18,6.189281739480753e-18,7.427138087376904e-17,4.8951591939529595e-17,2000.2990789298171,2301.517534528435,1911.5653437439585,2243.3045639180705,1270.2646048856684,1560.0904065740006,-385.7308457172044,-935.008647506518,75239.37328458455,8.359930364953842e+23,6.506113727765334e-22,6.272146162459266e-22
1.18485e-06,202772.0,6.75907,3e+22,-3901.78,-401.162,67176.1,4.49075,4.49212,4.50952,0.000468875258,0.000361552617,0.103501773,0.00439376887,0.00441519786,0.0132987783,-1.99865059e-05,3.93281715e-05,5.46418346e-05,1416.82183,-298.976655,406.510976,-131.128701,1178.65044,263.128488,-378.853321,174.856153,7838.54577,6000.0,202772.062424,6.759068747,-270.0,30000 3000,1e-06,2,0.0 0.0259,0.0 0.0,-1.0 0.0,0.00054857 28.0,30000,1000,0,0.0,0.0 0.0 0.0,1000 1000000 0,0,0.0,0,100,0,,90,,1,,,10,1.0,10.0,0.1,True,{},,,False,3,mixed,250,300,True,Ar_Aubin,,False,uniform,Argon_Aubin_Model3-test/90Td,3.0000000000000005e+21,7.464011111111113e+23,4.5575620081631e-17,2.152716588287853e-13,2.1477145233184003e-13,8.439929644746482e-18,1.1253239526328642e-18,1.6879859289492963e-18,0.0,5.626619763164321e-19,2.2506479052657284e-18,4.501295810531457e-18,4.501295810531457e-18,2.2506479052657284e-18,3.3759718578985926e-18,1.6879859289492963e-18,2.2506479052657284e-18,1.294122545527794e-17,7.314605692113617e-18,1.6879859289492963e-18,2.813309881582161e-18,5.063957786847889e-18,1.294122545527794e-17,4.501295810531457e-18,1.5191873360543668e-17,1.6317197313176533e-17,9.565253597379346e-18,8.439929644746482e-18,1.243482967659315e-16,6.30181413474404e-17,5.964216948954181e-17,0.0,5.063957786847889e-18,5.626619763164322e-18,5.063957786847889e-18,6.245547937112397e-17,4.5575620081631005e-17,2025.1712744310041,1418.6512781041592,2147.092382542446,1178.7954811709408,1045.4634264619697,885.7003167746989,76.59065769726296,400.0015916370063,77617.40786128824,8.624156429032028e+23,5.871829701280437e-22,6.784499261140643e-22
1.20459e-06,203284.0,6.77613,3e+22,-5539.53,12742.6,66952.0,4.50352,4.4915,4.53065,0.000412258662,0.000398558938,0.105033308,0.0044609943,0.00449109123,0.0136621436,-2.14273919e-05,4.319766e-05,5.45864389e-05,1845.55081,-446.07692,324.599153,-149.994593,1907.2024,153.191125,-602.781051,1541.85194,8081.08262,6100.0,203283.780626,6.776126021,-270.0,30000 3000,1e-06,2,0.0 0.0259,0.0 0.0,-1.0 0.0,0.00054857 28.0,30000,1000,0,0.0,0.0 0.0 0.0,1000 1000000 0,0,0.0,0,100,0,,90,,1,,,10,1.0,10.0,0.1,True,{},,,False,3,mixed,250,300,True,Ar_Aubin,,False,uniform,Argon_Aubin_Model3-test/90Td,3.0000000000000005e+21,7.439111111111113e+23,5.120223984479532e-17,2.158979016084255e-13,2.1539488180159868e-13,6.189281739480753e-18,3.3759718578985926e-18,1.6879859289492963e-18,0.0,0.0,1.1253239526328642e-18,6.189281739480753e-18,5.063957786847889e-18,1.6879859289492963e-18,3.938633834215025e-18,3.3759718578985926e-18,6.189281739480753e-18,1.2378563478961506e-17,5.626619763164322e-18,2.2506479052657284e-18,5.626619763164322e-18,2.813309881582161e-18,1.294122545527794e-17,5.063957786847889e-18,1.294122545527794e-17,1.57545353368601e-17,1.2378563478961506e-17,6.751943715797185e-18,1.0971908538170428e-16,5.345288775006105e-17,5.964216948954181e-17,0.0,3.3759718578985926e-18,1.2378563478961506e-17,4.501295810531457e-18,7.53967048264019e-17,5.120223984479533e-17,1703.3968219403555,1847.834529225909,1920.8918912818874,1902.123722876641,1113.7295218779575,1048.8925827839994,460.7197908240346,276.05172072701595,77556.28589080083,8.617365098977871e+23,6.601945832848161e-22,7.647604230612278e-22
1.22434e-06,203139.0,6.77129,3e+22,-2785.3,-12290.3,68190.4,4.50928,4.49417,4.51178,0.000443259991,0.000358011504,0.10653635,0.00454414977,0.0045571381,0.0140219358,-1.92839305e-05,4.72859021e-05,4.60589672e-05,1479.49695,163.71392,116.674531,-31.9611561,1539.98176,-274.60294,-561.195497,-1487.59759,8409.95434,6200.0,203138.574221,6.771285807,-270.0,30000 3000,1e-06,2,0.0 0.0259,0.0 0.0,-1.0 0.0,0.00054857 28.0,30000,1000,0,0.0,0.0 0.0 0.0,1000 1000000 0,0,0.0,0,100,0,,90,,1,,,10,1.0,10.0,0.1,True,{},,,False,3,mixed,250,300,True,Ar_Aubin,,False,uniform,Argon_Aubin_Model3-test/90Td,3.0000000000000005e+21,7.576711111111112e+23,6.076749344217466e-17,2.161724806528679e-13,2.1564920501489367e-13,5.626619763164322e-18,1.1253239526328642e-18,1.6879859289492963e-18,0.0,0.0,3.3759718578985926e-18,5.063957786847889e-18,3.938633834215025e-18,1.1253239526328642e-18,2.2506479052657284e-18,1.6879859289492963e-18,6.751943715797185e-18,1.8005183242125827e-17,7.87726766843005e-18,2.2506479052657284e-18,2.813309881582161e-18,2.2506479052657284e-18,7.314605692113617e-18,5.626619763164322e-18,1.1815901502645076e-17,1.1815901502645076e-17,9.565253597379346e-18,1.1253239526328644e-17,1.277242686238301e-16,5.4578211702693925e-17,6.977008506323759e-17,0.0,3.938633834215025e-18,7.314605692113617e-18,4.501295810531457e-18,7.145807099218688e-17,6.076749344217467e-17,2104.807412235875,1480.7315620529323,1673.0695430806825,1544.381828787611,1058.2182489938946,1145.1980189600008,8.397641175093842,-178.01134643528638,76113.41239859405,8.457045822066007e+23,7.983808835681258e-22,8.911444051094386e-22
1.24409e-06,202829.0,6.76096,3e+22,-3578.16,3656.14,67581.1,4.4844,4.46377,4.54763,0.000463311083,0.000335310335,0.108044923,0.00461811505,0.00462614695,0.0143961818,-2.06187812e-05,5.04430219e-05,4.53938165e-05,1929.79199,-319.690609,62.5796648,112.824348,1560.97218,-513.881806,-264.286839,592.049414,8558.84295,6300.0,202828.774107,6.760959137,-270.0,30000 3000,1e-06,2,0.0 0.0259,0.0 0.0,-1.0 0.0,0.00054857 28.0,30000,1000,0,0.0,0.0 0.0 0.0,1000 1000000 0,0,0.0,0,100,0,,90,,1,,,10,1.0,10.0,0.1,True,{},,,False,3,mixed,250,300,True,Ar_Aubin,,False,uniform,Argon_Aubin_Model3-test/90Td,3.0000000000000005e+21,7.509011111111112e+23,4.951425391584602e-17,2.1614941151183896e-13,2.1561713328224365e-13,7.314605692113617e-18,1.6879859289492963e-18,1.6879859289492963e-18,0.0,1.1253239526328642e-18,1.6879859289492963e-18,6.189281739480753e-18,7.314605692113617e-18,1.6879859289492963e-18,2.813309881582161e-18,3.938633834215025e-18,4.501295810531457e-18,1.1815901502645076e-17,1.069057755001221e-17,1.1253239526328642e-18,4.501295810531457e-18,3.938633834215025e-18,1.069057755001221e-17,1.1253239526328642e-18,1.6879859289492963e-17,1.4066549407910804e-17,1.5191873360543668e-17,1.0127915573695778e-17,1.243482967659315e-16,5.4578211702693925e-17,6.47061272763897e-17,0.0,9.002591621062914e-18,1.069057755001221e-17,6.189281739480753e-18,7.314605692113617e-17,4.9514253915846025e-17,1872.3250215215664,1931.4497911847473,1747.6880302277336,1559.746238471793,1279.5225003436335,1257.0482042446993,16.306503863356337,153.5837748503487,76393.49990378476,8.488166655976086e+23,6.481474729945308e-22,7.326642199645465e-22
1.26384e-06,203082.0,6.76939,3e+22,-104.377,-7421.53,73760.8,4.51407,4.49733,4.49613,0.000492642041,0.000315961799,0.109586376,0.00469160075,0.00469240692,0.0147737093,-2.59581152e-05,5.40297084e-05,4.46230406e-05,2256.92922,365.373444,-214.988728,-38.6899155,1665.21736,550.365736,332.903787,-1340.39323,8904.65571,6400.0,203081.606854,6.769386895,-270.0,30000 3000,1e-06,2,0.0 0.0259,0.0 0.0,-1.0 0.0,0.00054857 28.0,30000,1000,0,0.0,0.0 0.0 0.0,1000 1000000 0,0,0.0,0,100,0,,90,,1,,,10,1.0,10.0,0.1,True,{},,,False,3,mixed,250,300,True,Ar_Aubin,,False,uniform,Argon_Aubin_Model3-test/90Td,3.0000000000000005e+21,8.195644444444447e+23,6.301814134744038e-17,2.1592716003119396e-13,2.1541176166088817e-13,3.938633834215025e-18,1.1253239526328642e-18,2.813309881582161e-18,0.0,1.1253239526328642e-18,3.938633834215025e-18,4.501295810531457e-18,9.565253597379346e-18,1.6879859289492963e-18,5.626619763164321e-19,1.6879859289492963e-18,5.063957786847889e-18,1.4066549407910804e-17,5.063957786847889e-18,3.938633834215025e-18,1.6879859289492963e-18,5.063957786847889e-18,1.0127915573695778e-17,3.3759718578985926e-18,1.6317197313176533e-17,1.5191873360543668e-17,1.1253239526328644e-17,8.439929644746482e-18,1.1534570514486859e-16,5.964216948954181e-17,5.289022577374462e-17,0.0,6.189281739480753e-18,6.751943715797185e-18,2.813309881582161e-18,7.821001470798407e-17,6.30181413474404e-17,1859.93247159299,2256.9806404983133,1678.0075139595847,1667.5622799701325,1064.9270603359055,821.476947139201,-17.30653912169744,93.01568510995921,78058.52922410029,8.673169913788923e+23,8.073190972702027e-22,8.54358159719531e-22
1.28358e-06,203569.0,6.78564,3e+22,-2585.35,559.462,78001.8,4.50853,4.55412,4.47399,0.000512836651,0.000317344195,0.11110464,0.00476141326,0.00475723077,0.0151621302,-2.21509386e-05,5.82515283e-05,4.95977455e-05,1814.18372,178.250876,51.6363944,230.366421,1400.52597,771.478538,129.522727,266.963481,10025.6297,6500.0,203569.052188,6.785635073,-270.0,30000 3000,1e-06,2,0.0 0.0259,0.0 0.0,-1.0 0.0,0.00054857 28.0,30000,1000,0,0.0,0.0 0.0 0.0,1000 1000000 0,0,0.0,0,100,0,,90,,1,,,10,1.0,10.0,0.1,True,{},,,False,3,mixed,250,300,True,Ar_Aubin,,False,uniform,Argon_Aubin_Model3-test/90Td,3.0000000000000005e+21,8.666866666666669e+23,5.3452887750061045e-17,2.1618992317413377e-13,2.1569140466311742e-13,9.002591621062914e-18,3.3759718578985926e-18,0.0,0.0,1.1253239526328642e-18,1.6879859289492963e-18,5.626619763164322e-18,7.314605692113617e-18,5.626619763164321e-19,2.813309881582161e-18,4.501295810531457e-18,1.6879859289492963e-18,1.069057755001221e-17,5.063957786847889e-18,1.6879859289492963e-18,2.813309881582161e-18,2.813309881582161e-18,9.002591621062914e-18,5.063957786847889e-18,1.350388743159437e-17,1.8005183242125827e-17,1.350388743159437e-17,5.626619763164322e-18,1.1590836712118502e-16,5.120223984479533e-17,5.907950751322538e-17,0.0,9.565253597379346e-18,8.439929644746482e-18,3.938633834215025e-18,7.145807099218688e-17,5.345288775006105e-17,1767.1238935239908,1815.509582235663,1641.3040329442674,1400.3484279819768,1350.9037970511085,1359.2677916479988,62.29399061510729,428.4013205400282,76884.2480529085,8.542694228100946e+23,6.952384799715674e-22,6.8527761859419965e-22
1.30333e-06,203143.0,6.77143,3e+22,5567.27,-652.83,61749.5,4.502,4.48621,4.53278,0.000549842864,0.000330276297,0.112625706,0.00484350428,0.00482631275,0.0155437615,-2.02480282e-05,6.31177194e-05,5.03776036e-05,2171.04128,603.352626,-77.6844785,173.640603,1854.42725,-175.34967,890.71122,-456.16344,7487.00836,6600.0,203142.774175,6.771425806,-270.0,30000 3000,1e-06,2,0.0 0.0259,0.0 0.0,-1.0 0.0,0.00054857 28.0,30000,1000,0,0.0,0.0 0.0 0.0,1000 1000000 0,0,0.0,0,100,0,,90,,1,,,10,1.0,10.0,0.1,True,{},,,False,3,mixed,250,300,True,Ar_Aubin,,False,uniform,Argon_Aubin_Model3-test/90Td,3.0000000000000005e+21,6.861055555555557e+23,4.7263606010580297e-17,2.1668168974143432e-13,2.1613703294836005e-13,5.063957786847889e-18,2.2506479052657284e-18,2.2506479052657284e-18,0.0,5.626619763164321e-19,3.3759718578985926e-18,6.189281739480753e-18,4.501295810531457e-18,1.1253239526328642e-18,4.501295810531457e-18,3.3759718578985926e-18,1.6879859289492963e-18,1.4066549407910804e-17,7.87726766843005e-18,2.813309881582161e-18,3.3759718578985926e-18,6.189281739480753e-18,1.350388743159437e-17,3.3759718578985926e-18,1.9130507194758692e-17,1.9693169171075125e-17,1.1815901502645076e-17,5.626619763164322e-18,1.3222556443436155e-16,6.30181413474404e-17,6.751943715797185e-17,0.0,7.314605692113617e-18,9.565253597379346e-18,2.813309881582161e-18,7.258339494481974e-17,4.72636060105803e-17,2077.531580246445,2167.980156318539,1748.9290971403689,1854.6428642749704,1046.281473286686,532.4273273529998,-4.138173070952455,152.05650532681204,77026.14015009579,8.558460016677312e+23,6.136047570147071e-22,7.654087241286212e-22
1.32308e-06,203293.0,6.77642,3e+22,-4012.42,-1800.96,67767.3,4.53127,4.51723,4.47811,0.000491020961,0.000288073402,0.114106879,0.0049239691,0.00490147365,0.0159169778,-1.50354103e-05,5.82471428e-05,4.87851192e-05,1503.91922,159.492859,-106.381034,-572.177681,1207.25217,130.246298,-407.272726,108.936553,8606.68614,6700.0,203292.519271,6.776417309,-270.0,30000 3000,1e-06,2,0.0 0.0259,0.0 0.0,-1.0 0.0,0.00054857 28.0,30000,1000,0,0.0,0.0 0.0 0.0,1000 1000000 0,0,0.0,0,100,0,,90,,1,,,10,1.0,10.0,0.1,True,{},,,False,3,mixed,250,300,True,Ar_Aubin,,False,uniform,Argon_Aubin_Model3-test/90Td,3.0000000000000005e+21,7.529700000000002e+23,5.2890225773744615e-17,2.1589283765063866e-13,2.1539094316776443e-13,2.2506479052657284e-18,1.6879859289492963e-18,0.0,0.0,5.626619763164321e-19,3.3759718578985926e-18,3.938633834215025e-18,5.063957786847889e-18,1.6879859289492963e-18,2.813309881582161e-18,3.3759718578985926e-18,4.501295810531457e-18,1.4066549407910804e-17,9.565253597379346e-18,2.2506479052657284e-18,1.1253239526328642e-18,3.3759718578985926e-18,6.189281739480753e-18,2.813309881582161e-18,2.0255831147391556e-17,1.4629211384227235e-17,1.1815901502645076e-17,7.87726766843005e-18,1.2040966293171649e-16,5.626619763164322e-17,5.626619763164322e-17,0.0,7.314605692113617e-18,6.189281739480753e-18,5.063957786847889e-18,7.427138087376904e-17,5.289022577374462e-17,2038.902478071805,1505.8894023243356,1903.718873052156,1207.7709786740659,946.6085884166456,873.9710387432997,52.006581310514854,-89.08420133319527,75005.9754701879,8.333997274465323e+23,7.051468291985153e-22,7.80468246097227e-22
1.34283e-06,204129.0,6.80431,3e+22,-4193.9,3797.29,66757.6,4.50724,4.53214,4.54371,0.000494352063,0.000307301589,0.115644096,0.00500335985,0.00497139899,0.0163212566,-1.93669069e-05,5.67718996e-05,5.64112535e-05,2063.6231,-305.098684,-271.747676,-315.051079,1493.42962,45.7706272,-277.847289,422.231452,8665.44027,6800.0,204129.198066,6.804306602,-270.0,30000 3000,1e-06,2,0.0 0.0259,0.0 0.0,-1.0 0.0,0.00054857 28.0,30000,1000,0,0.0,0.0 0.0 0.0,1000 1000000 0,0,0.0,0,100,0,,90,,1,,,10,1.0,10.0,0.1,True,{},,,False,3,mixed,250,300,True,Ar_Aubin,,False,uniform,Argon_Aubin_Model3-test/90Td,3.0000000000000005e+21,7.417511111111114e+23,4.6138282057947436e-17,2.165685946841947e-13,2.1607570279294155e-13,9.565253597379346e-18,4.501295810531457e-18,1.1253239526328642e-18,0.0,5.626619763164321e-19,5.063957786847889e-18,7.314605692113617e-18,3.3759718578985926e-18,1.1253239526328642e-18,2.813309881582161e-18,3.3759718578985926e-18,3.3759718578985926e-18,1.350388743159437e-17,1.0127915573695778e-17,1.6879859289492963e-18,1.1253239526328642e-18,2.2506479052657284e-18,1.069057755001221e-17,6.189281739480753e-18,1.6317197313176533e-17,1.1815901502645076e-17,1.0127915573695778e-17,5.626619763164322e-18,1.1084440933433714e-16,5.682885960795965e-17,5.907950751322538e-17,0.0,5.063957786847889e-18,7.87726766843005e-18,4.501295810531457e-18,7.089540901587045e-17,4.613828205794744e-17,2010.0739242114992,2065.6963631170156,1770.2049894755287,1492.2627067491062,1293.884143315684,945.3179668703988,-132.43623201430722,-97.59694806652885,77844.01997224988,8.64933555247221e+23,5.927016882529317e-22,6.911315274657482e-22
1.36257e-06,203653.0,6.78842,3e+22,6230.92,779.257,71201.3,4.53101,4.4771,4.53969,0.000430907365,0.000370820925,0.117092927,0.00506533405,0.00505283477,0.0167144131,-1.96530086e-05,5.09974215e-05,6.73331844e-05,1868.81335,-186.878381,198.715235,4.1244496,2164.02953,61.0225429,700.976764,136.017521,9342.7682,6900.0,203652.728385,6.78842428,-270.0,30000 3000,1e-06,2,0.0 0.0259,0.0 0.0,-1.0 0.0,0.00054857 28.0,30000,1000,0,0.0,0.0 0.0 0.0,1000 1000000 0,0,0.0,0,100,0,,90,,1,,,10,1.0,10.0,0.1,True,{},,,False,3,mixed,250,300,True,Ar_Aubin,,False,uniform,Argon_Aubin_Model3-test/90Td,3.0000000000000005e+21,7.911255555555558e+23,6.020483146585823e-17,2.1715938975932695e-13,2.1664230340309222e-13,7.87726766843005e-18,1.6879859289492963e-18,2.813309881582161e-18,0.0,0.0,2.2506479052657284e-18,3.938633834215025e-18,5.063957786847889e-18,0.0,1.6879859289492963e-18,3.938633834215025e-18,3.3759718578985926e-18,1.294122545527794e-17,7.314605692113617e-18,1.1253239526328642e-18,1.1253239526328642e-18,3.938633834215025e-18,1.0127915573695778e-17,2.2506479052657284e-18,1.6879859289492963e-17,1.856784521844226e-17,9.565253597379346e-18,9.002591621062914e-18,1.277242686238301e-16,5.570353565532679e-17,5.739152158427608e-17,0.0,2.813309881582161e-18,6.751943715797185e-18,6.189281739480753e-18,7.483404285008547e-17,6.020483146585824e-17,1570.6600060003311,1866.1284006812741,2060.8461394458136,2163.7405651984473,1416.8925081247626,1005.5995767949007,47.51079623964103,139.4141737295855,73368.19024276602,8.152021138085115e+23,8.205849328796048e-22,8.455580370844104e-22
1.38232e-06,203537.0,6.78458,3e+22,2260.56,4721.51,60604.3,4.52026,4.51303,4.51482,0.000478937628,0.000406435749,0.118588483,0.00514222179,0.00512050365,0.0171175032,-1.73653591e-05,5.87985937e-05,7.45408788e-05,1373.17934,400.703335,98.2710266,-534.471945,1919.03263,-378.211076,217.577559,333.819248,8222.53929,7000.0,203537.341052,6.784578035,-270.0,30000 3000,1e-06,2,0.0 0.0259,0.0 0.0,-1.0 0.0,0.00054857 28.0,30000,1000,0,0.0,0.0 0.0 0.0,1000 1000000 0,0,0.0,0,100,0,,90,,1,,,10,1.0,10.0,0.1,True,{},,,False,3,mixed,250,300,True,Ar_Aubin,,False,uniform,Argon_Aubin_Model3-test/90Td,3.0000000000000005e+21,6.733811111111113e+23,5.063957786847889e-17,2.1696133274366357e-13,2.164414330775472e-13,5.626619763164322e-18,2.813309881582161e-18,0.0,0.0,5.626619763164321e-19,3.938633834215025e-18,3.3759718578985926e-18,6.189281739480753e-18,1.1253239526328642e-18,3.3759718578985926e-18,4.501295810531457e-18,5.063957786847889e-18,1.6317197313176533e-17,1.0127915573695778e-17,2.2506479052657284e-18,4.501295810531457e-18,5.626619763164322e-18,1.0127915573695778e-17,3.938633834215025e-18,1.8005183242125827e-17,1.6879859289492963e-17,8.439929644746482e-18,6.189281739480753e-18,1.2097232490803292e-16,6.583145122902256e-17,5.401554972637748e-17,0.0,7.314605692113617e-18,1.1253239526328644e-17,3.938633834215025e-18,6.695677518165542e-17,5.06395778684789e-17,1945.674871266526,1372.0966727556483,1712.6608601727935,1917.113639546739,1281.5700595025562,1035.5672897231007,73.97885684034514,18.74652478091957,75734.32451867056,8.414924946518953e+23,6.686476467614743e-22,8.355773083507092e-22
1.40207e-06,203552.0,6.78506,3e+22,-7491.78,1083.62,73960.3,4.5547,4.49838,4.48561,0.00045869674,0.000387968709,0.120129796,0.00520960792,0.0052045126,0.0175399453,-1.53655634e-05,5.43538237e-05,7.06375381e-05,1610.52102,555.763182,498.840666,-318.334206,1772.16891,-97.6978928,-1273.94236,635.192229,10252.9634,7100.0,203551.798571,6.785059952,-270.0,30000 3000,1e-06,2,0.0 0.0259,0.0 0.0,-1.0 0.0,0.00054857 28.0,30000,1000,0,0.0,0.0 0.0 0.0,1000 1000000 0,0,0.0,0,100,0,,90,,1,,,10,1.0,10.0,0.1,True,{},,,False,3,mixed,250,300,True,Ar_Aubin,,False,uniform,Argon_Aubin_Model3-test/90Td,3.0000000000000005e+21,8.217811111111113e+23,4.895159193952959e-17,2.1630695686520755e-13,2.1577805460747015e-13,7.87726766843005e-18,2.2506479052657284e-18,2.2506479052657284e-18,0.0,1.6879859289492963e-18,3.3759718578985926e-18,7.314605692113617e-18,2.2506479052657284e-18,0.0,3.3759718578985926e-18,3.938633834215025e-18,5.626619763164322e-18,1.7442521265809397e-17,9.002591621062914e-18,1.6879859289492963e-18,1.6879859289492963e-18,3.3759718578985926e-18,9.002591621062914e-18,2.813309881582161e-18,1.7442521265809397e-17,2.081849312370799e-17,1.4066549407910804e-17,7.314605692113617e-18,1.2153498688434935e-16,6.189281739480753e-17,5.289022577374462e-17,0.0,7.314605692113617e-18,5.626619763164322e-18,5.063957786847889e-18,8.102332458956622e-17,4.8951591939529595e-17,1706.683121631877,1613.9574750627971,2127.4603314588644,1771.7484993475534,1379.9921316141026,1368.1276489011998,-139.3312054208006,90.95896057745801,78051.43968319893,8.672382187022105e+23,6.271709034223841e-22,6.618630797810391e-22
1.42181e-06,203069.0,6.76896,3e+22,-3291.77,10330.7,63556.2,4.54012,4.46613,4.50803,0.000433649351,0.000384733137,0.121644934,0.0052821256,0.00527077892,0.0179559538,-1.82440605e-05,5.54619276e-05,7.69656756e-05,1930.28635,-131.89722,-508.011873,326.255142,1557.97165,128.548741,-468.512116,1576.03928,8829.9406,7200.0,203068.69314,6.768956438,-270.0,30000 3000,1e-06,2,0.0 0.0259,0.0 0.0,-1.0 0.0,0.00054857 28.0,30000,1000,0,0.0,0.0 0.0 0.0,1000 1000000 0,0,0.0,0,100,0,,90,,1,,,10,1.0,10.0,0.1,True,{},,,False,3,mixed,250,300,True,Ar_Aubin,,False,uniform,Argon_Aubin_Model3-test/90Td,3.0000000000000005e+21,7.0618e+23,6.751943715797184e-17,2.1615166215974422e-13,2.1561431997236208e-13,6.751943715797185e-18,2.813309881582161e-18,5.626619763164321e-19,0.0,5.626619763164321e-19,1.1253239526328642e-18,5.626619763164322e-18,7.314605692113617e-18,0.0,2.2506479052657284e-18,3.3759718578985926e-18,2.2506479052657284e-18,1.4066549407910804e-17,4.501295810531457e-18,2.2506479052657284e-18,3.3759718578985926e-18,5.626619763164322e-18,8.439929644746482e-18,2.813309881582161e-18,1.6879859289492963e-17,1.9130507194758692e-17,1.069057755001221e-17,1.069057755001221e-17,1.1534570514486859e-16,5.795418356059251e-17,6.30181413474404e-17,0.0,6.189281739480753e-18,1.0127915573695778e-17,4.501295810531457e-18,8.158598656588265e-17,6.751943715797185e-17,1836.698272675499,1931.7138239241413,1677.9125386749145,1553.9970873815942,1258.0496454536176,1098.6508457092004,175.21309238315993,-603.6579494888463,76725.94873249132,8.52510541472126e+23,8.800078496700195e-22,1.0623579943101041e-21
1.44156e-06,203446.0,6.78154,3e+22,-10820.7,-1457.5,76477.1,4.55154,4.49142,4.48618,0.000411157938,0.000383540054,0.123167189,0.00535379386,0.00534863393,0.0183730134,-2.38470817e-05,4.61679507e-05,8.01906376e-05,1530.51025,-125.494043,510.999162,-10.6026347,1512.42837,-326.696601,-1894.79969,137.201354,10109.4288,7300.0,203446.053587,6.78153512,-270.0,30000 3000,1e-06,2,0.0 0.0259,0.0 0.0,-1.0 0.0,0.00054857 28.0,30000,1000,0,0.0,0.0 0.0 0.0,1000 1000000 0,0,0.0,0,100,0,,90,,1,,,10,1.0,10.0,0.1,True,{},,,False,3,mixed,250,300,True,Ar_Aubin,,False,uniform,Argon_Aubin_Model3-test/90Td,3.0000000000000005e+21,8.497455555555558e+23,5.4015549726377476e-17,2.159755489611572e-13,2.1546971584444876e-13,4.501295810531457e-18,2.2506479052657284e-18,2.813309881582161e-18,0.0,1.6879859289492963e-18,2.813309881582161e-18,5.063957786847889e-18,5.626619763164322e-18,5.626619763164321e-19,2.2506479052657284e-18,1.6879859289492963e-18,5.626619763164321e-19,1.856784521844226e-17,7.314605692113617e-18,2.813309881582161e-18,4.501295810531457e-18,3.938633834215025e-18,7.314605692113617e-18,5.626619763164322e-18,1.57545353368601e-17,1.069057755001221e-17,1.0127915573695778e-17,6.751943715797185e-18,1.0859376142907142e-16,5.964216948954181e-17,6.526878925270613e-17,0.0,6.751943715797185e-18,7.314605692113617e-18,5.626619763164322e-18,7.53967048264019e-17,5.401554972637748e-17,1815.10631550591,1534.9592666997166,1971.2956291380965,1512.9873796287052,1124.0244716427046,689.9593701280992,-363.7895458115221,-82.4894927279197,77086.35060818134,8.565150067575706e+23,7.007148386220879e-22,7.062970448196581e-22
1.46131e-06,202937.0,6.76457,3e+22,1961.56,1012.89,70492.7,4.51936,4.49414,4.48735,0.000389038689,0.000344310412,0.124652156,0.00542399921,0.00542627499,0.018782343,-1.83571149e-05,5.2614822e-05,7.07673907e-05,2362.74616,-55.2500597,70.941148,319.314823,1998.04719,-15.6815533,256.960904,363.387061,9425.27183,7400.0,202937.065174,6.764568839,-270.0,30000 3000,1e-06,2,0.0 0.0259,0.0 0.0,-1.0 0.0,0.00054857 28.0,30000,1000,0,0.0,0.0 0.0 0.0,1000 1000000 0,0,0.0,0,100,0,,90,,1,,,10,1.0,10.0,0.1,True,{},,,False,3,mixed,250,300,True,Ar_Aubin,,False,uniform,Argon_Aubin_Model3-test/90Td,3.0000000000000005e+21,7.832522222222223e+23,6.358080332375681e-17,2.1658885051534209e-13,2.1605882293365206e-13,5.063957786847889e-18,2.813309881582161e-18,1.1253239526328642e-18,0.0,0.0,1.1253239526328642e-18,2.2506479052657284e-18,5.063957786847889e-18,1.1253239526328642e-18,1.1253239526328642e-18,3.938633834215025e-18,4.501295810531457e-18,2.0255831147391556e-17,4.501295810531457e-18,3.3759718578985926e-18,4.501295810531457e-18,3.938633834215025e-18,1.1253239526328644e-17,5.063957786847889e-18,1.1253239526328644e-17,1.8005183242125827e-17,1.1815901502645076e-17,1.1815901502645076e-17,1.2322297281329864e-16,5.795418356059251e-17,5.964216948954181e-17,0.0,5.063957786847889e-18,8.439929644746482e-18,5.063957786847889e-18,7.314605692113617e-17,6.358080332375683e-17,1778.032797949121,2361.9830372692054,1966.5782156944917,1997.6984414267893,1046.3668815485682,638.2047927387994,435.17260030347285,55.964981284569745,75198.10202862168,8.355344669846854e+23,8.455107457307483e-22,9.019487595702366e-22
1.48106e-06,203270.0,6.77566,3e+22,-1176.01,-8822.34,75953.2,4.50912,4.48554,4.52341,0.000410795269,0.000322665054,0.126144715,0.0055066482,0.00550962742,0.0192097102,-2.17406682e-05,5.6749236e-05,6.42941117e-05,2331.95224,321.218332,-67.2062293,-4.32919359,2594.99338,-64.7681568,204.254297,-1077.66844,11203.5162,7500.0,203269.89463,6.775663154,-270.0,30000 3000,1e-06,2,0.0 0.0259,0.0 0.0,-1.0 0.0,0.00054857 28.0,30000,1000,0,0.0,0.0 0.0 0.0,1000 1000000 0,0,0.0,0,100,0,,90,,1,,,10,1.0,10.0,0.1,True,{},,,False,3,mixed,250,300,True,Ar_Aubin,,False,uniform,Argon_Aubin_Model3-test/90Td,3.0000000000000005e+21,8.439244444444445e+23,5.007691589216246e-17,2.163345273020471e-13,2.1583263281917286e-13,2.813309881582161e-18,2.2506479052657284e-18,5.626619763164321e-19,0.0,0.0,1.6879859289492963e-18,5.063957786847889e-18,6.751943715797185e-18,5.626619763164321e-19,1.6879859289492963e-18,3.938633834215025e-18,2.2506479052657284e-18,1.4066549407910804e-17,7.314605692113617e-18,2.813309881582161e-18,1.6879859289492963e-18,5.063957786847889e-18,1.0127915573695778e-17,3.3759718578985926e-18,1.6879859289492963e-17,1.2378563478961506e-17,7.314605692113617e-18,9.002591621062914e-18,1.2040966293171649e-16,5.289022577374462e-17,7.483404285008547e-17,0.0,7.87726766843005e-18,6.751943715797185e-18,1.6879859289492963e-18,6.977008506323759e-17,5.007691589216247e-17,2092.21437628515,2332.4353393442966,2110.831474592557,2597.8400408125062,1342.9128142720872,1622.4214326620004,40.981254236514594,254.19429876173916,75582.5577037985,8.398061967088725e+23,6.625459287632149e-22,6.593127859282093e-22
1.5008e-06,202853.0,6.76178,3e+22,-3370.44,5523.54,67453.7,4.46127,4.49777,4.53842,0.000428109583,0.000305616179,0.127639582,0.00558560535,0.00558688373,0.0196316411,-2.60654086e-05,5.526176e-05,5.93310333e-05,1912.7363,-522.256954,-83.3048672,-553.699212,2004.18494,-661.837713,-537.281161,917.33032,9822.9433,7600.0,202853.475545,6.761782518,-270.0,30000 3000,1e-06,2,0.0 0.0259,0.0 0.0,-1.0 0.0,0.00054857 28.0,30000,1000,0,0.0,0.0 0.0 0.0,1000 1000000 0,0,0.0,0,100,0,,90,,1,,,10,1.0,10.0,0.1,True,{},,,False,3,mixed,250,300,True,Ar_Aubin,,False,uniform,Argon_Aubin_Model3-test/90Td,3.0000000000000005e+21,7.494855555555557e+23,5.3452887750061045e-17,2.154286415201776e-13,2.1489523796662965e-13,5.626619763164322e-18,1.6879859289492963e-18,2.813309881582161e-18,0.0,0.0,3.3759718578985926e-18,7.87726766843005e-18,3.938633834215025e-18,1.6879859289492963e-18,1.6879859289492963e-18,2.813309881582161e-18,5.063957786847889e-18,1.294122545527794e-17,7.87726766843005e-18,4.501295810531457e-18,3.3759718578985926e-18,4.501295810531457e-18,8.439929644746482e-18,6.751943715797185e-18,1.4629211384227235e-17,1.57545353368601e-17,1.069057755001221e-17,1.1815901502645076e-17,1.226603108369822e-16,6.751943715797185e-17,6.245547937112397e-17,0.0,6.751943715797185e-18,9.565253597379346e-18,3.938633834215025e-18,6.920742308692116e-17,5.345288775006105e-17,1998.8106013443733,1914.1792176629265,1956.3846756587407,2002.4968568106465,1077.537531434498,1213.1812276466007,-218.33517794550042,-219.26205082272713,75699.43384951998,8.411048205502221e+23,7.061200465028313e-22,7.924381872315536e-22
1.52055e-06,201781.0,6.72604,3e+22,5136.22,-4375.51,69616.8,4.46675,4.45928,4.49824,0.000485404394,0.000245070423,0.129026652,0.00566114386,0.00565736855,0.0200307766,-3.50450382e-05,5.64586756e-05,5.22404807e-05,1770.52471,283.355027,78.0514523,-253.327948,2004.77292,299.531948,-47.1249967,-361.665655,9587.78699,7700.0,201781.163419,6.726038781,-270.0,30000 3000,1e-06,2,0.0 0.0259,0.0 0.0,-1.0 0.0,0.00054857 28.0,30000,1000,0,0.0,0.0 0.0 0.0,1000 1000000 0,0,0.0,0,100,0,,90,,1,,,10,1.0,10.0,0.1,True,{},,,False,3,mixed,250,300,True,Ar_Aubin,,False,uniform,Argon_Aubin_Model3-test/90Td,3.0000000000000005e+21,7.735200000000002e+23,6.076749344217466e-17,2.1455707811886345e-13,2.1403549046681815e-13,5.063957786847889e-18,2.2506479052657284e-18,1.1253239526328642e-18,0.0,5.626619763164321e-19,1.6879859289492963e-18,5.063957786847889e-18,5.626619763164322e-18,5.626619763164321e-19,1.6879859289492963e-18,2.2506479052657284e-18,5.063957786847889e-18,1.2378563478961506e-17,9.565253597379346e-18,1.6879859289492963e-18,1.6879859289492963e-18,0.0,5.626619763164322e-18,5.626619763164322e-18,1.069057755001221e-17,1.0127915573695778e-17,1.2378563478961506e-17,6.189281739480753e-18,1.2716160664751365e-16,6.864476111060473e-17,6.020483146585824e-17,0.0,6.189281739480753e-18,7.314605692113617e-18,3.938633834215025e-18,8.046066261324979e-17,6.076749344217467e-17,1911.2939017121748,1768.0315662434493,1785.5049712022196,2005.8452280865408,1091.8264380531632,605.3643630464012,-343.8153883343917,-665.5751155516591,70240.63927403052,7.80451547489228e+23,8.651329781481889e-22,8.728854736525473e-22
1.5403e-06,202756.0,6.75854,3e+22,4918.91,6302.58,67094.6,4.44286,4.49685,4.55142,0.000437369067,0.000246819996,0.13055333,0.0057401454,0.00573709972,0.0204631649,-3.20724891e-05,4.64164416e-05,5.13639026e-05,2510.86763,251.423119,-869.374256,-219.539393,2269.88539,-264.707346,557.728064,583.76956,9638.19714,7800.0,202756.261354,6.758542045,-270.0,30000 3000,1e-06,2,0.0 0.0259,0.0 0.0,-1.0 0.0,0.00054857 28.0,30000,1000,0,0.0,0.0 0.0 0.0,1000 1000000 0,0,0.0,0,100,0,,90,,1,,,10,1.0,10.0,0.1,True,{},,,False,3,mixed,250,300,True,Ar_Aubin,,False,uniform,Argon_Aubin_Model3-test/90Td,3.0000000000000005e+21,7.454955555555558e+23,4.951425391584602e-17,2.1554398722532248e-13,2.1506009792569038e-13,1.6879859289492963e-18,1.1253239526328642e-18,3.3759718578985926e-18,0.0,1.6879859289492963e-18,1.6879859289492963e-18,5.626619763164322e-18,3.938633834215025e-18,1.6879859289492963e-18,1.1253239526328642e-18,4.501295810531457e-18,1.1253239526328642e-18,1.8005183242125827e-17,3.938633834215025e-18,1.1253239526328642e-18,5.626619763164322e-18,2.2506479052657284e-18,7.87726766843005e-18,6.751943715797185e-18,1.4629211384227235e-17,1.856784521844226e-17,1.0127915573695778e-17,1.5191873360543668e-17,1.1028174735802071e-16,5.4578211702693925e-17,5.401554972637748e-17,0.0,9.565253597379346e-18,4.501295810531457e-18,4.501295810531457e-18,6.526878925270613e-17,4.9514253915846025e-17,2001.4246362798528,2508.716250922643,2018.7546057152554,2268.3297872296102,913.8735286721766,878.7736849819994,-228.49176660898337,-983.171375073038,77310.32946109379,8.5900366067882e+23,6.40461038789958e-22,7.379767360688641e-22
1.56005e-06,202947.0,6.76491,3e+22,-3289.69,2175.55,72450.4,4.49422,4.52908,4.47658,0.000420836918,0.000223465575,0.132043731,0.00581309424,0.00581504009,0.0208924881,-2.86139224e-05,4.22973119e-05,4.91650676e-05,680.746128,395.697971,65.5713184,111.268109,1256.47628,-274.007466,-631.582102,-30.080411,10564.0319,7900.0,202947.251278,6.764908376,-270.0,30000 3000,1e-06,2,0.0 0.0259,0.0 0.0,-1.0 0.0,0.00054857 28.0,30000,1000,0,0.0,0.0 0.0 0.0,1000 1000000 0,0,0.0,0,100,0,,90,,1,,,10,1.0,10.0,0.1,True,{},,,False,3,mixed,250,300,True,Ar_Aubin,,False,uniform,Argon_Aubin_Model3-test/90Td,3.0000000000000005e+21,8.050044444444446e+23,5.62661976316432e-17,2.1612127841302314e-13,2.156188212681726e-13,5.063957786847889e-18,1.1253239526328642e-18,1.1253239526328642e-18,0.0,5.626619763164321e-19,1.1253239526328642e-18,4.501295810531457e-18,2.813309881582161e-18,1.1253239526328642e-18,2.2506479052657284e-18,3.3759718578985926e-18,3.938633834215025e-18,1.4629211384227235e-17,9.002591621062914e-18,1.1253239526328642e-18,2.813309881582161e-18,3.3759718578985926e-18,7.87726766843005e-18,4.501295810531457e-18,1.6879859289492963e-17,1.0127915573695778e-17,1.069057755001221e-17,9.565253597379346e-18,1.1196973328697e-16,6.189281739480753e-17,5.795418356059251e-17,0.0,2.813309881582161e-18,5.063957786847889e-18,7.87726766843005e-18,8.102332458956622e-17,5.626619763164322e-17,1847.4084686899894,682.1305510007754,1973.7118113578474,1255.9901194683089,960.8423814916972,997.410771557601,-131.05615723679801,-162.11764521047712,75473.27749475892,8.385919721639883e+23,7.455115174447074e-22,7.766167975834945e-22
1.57979e-06,202788.0,6.75959,3e+22,2302.58,-2680.34,65886.7,4.51949,4.49046,4.48448,0.000376495157,0.000183742212,0.133571515,0.00587037636,0.00589706137,0.0213432274,-2.6808615e-05,3.89444856e-05,4.77073681e-05,1322.35783,252.588912,50.1054501,-547.60293,1658.79915,208.503527,456.373353,-383.379236,9913.54749,8000.0,202787.799537,6.759593318,-270.0,30000 3000,1e-06,2,0.0 0.0259,0.0 0.0,-1.0 0.0,0.00054857 28.0,30000,1000,0,0.0,0.0 0.0 0.0,1000 1000000 0,0,0.0,0,100,0,,90,,1,,,10,1.0,10.0,0.1,True,{},,,False,3,mixed,250,300,True,Ar_Aubin,,False,uniform,Argon_Aubin_Model3-test/90Td,3.0000000000000005e+21,7.320744444444446e+23,5.514087367901035e-17,2.159687970174414e-13,2.1543708144982238e-13,5.626619763164322e-18,0.0,1.1253239526328642e-18,0.0,1.1253239526328642e-18,3.3759718578985926e-18,7.314605692113617e-18,5.063957786847889e-18,2.813309881582161e-18,2.813309881582161e-18,3.3759718578985926e-18,6.189281739480753e-18,1.4629211384227235e-17,7.87726766843005e-18,2.813309881582161e-18,2.2506479052657284e-18,5.626619763164322e-18,9.002591621062914e-18,2.2506479052657284e-18,1.6317197313176533e-17,1.8005183242125827e-17,1.069057755001221e-17,8.439929644746482e-18,1.1928433897908362e-16,6.30181413474404e-17,6.245547937112397e-17,0.0,6.751943715797185e-18,6.751943715797185e-18,3.938633834215025e-18,7.764735273166763e-17,5.5140873679010355e-17,1451.2663719858606,1321.490919781395,2077.171062082588,1659.291641600512,1137.7846451972666,1112.961152649501,97.58357984383778,174.11368063058808,77366.33683421636,8.596259648246263e+23,7.127243699952912e-22,8.369044690204602e-22
1.59954e-06,202900.0,6.76334,3e+22,-1472.6,-4494.5,74807.4,4.52518,4.48071,4.48884,0.000316951606,0.00014056723,0.135072713,0.00594329606,0.00596792321,0.0217953357,-2.83611847e-05,3.04404929e-05,3.6410909e-05,1458.36515,-275.40093,173.995814,260.20155,1177.92796,-647.546954,138.346071,-495.156658,11201.7615,8100.0,202900.157661,6.763338589,-270.0,30000 3000,1e-06,2,0.0 0.0259,0.0 0.0,-1.0 0.0,0.00054857 28.0,30000,1000,0,0.0,0.0 0.0 0.0,1000 1000000 0,0,0.0,0,100,0,,90,,1,,,10,1.0,10.0,0.1,True,{},,,False,3,mixed,250,300,True,Ar_Aubin,,False,uniform,Argon_Aubin_Model3-test/90Td,3.0000000000000005e+21,8.311933333333333e+23,5.907950751322537e-17,2.15448897351325e-13,2.1494025092473495e-13,3.938633834215025e-18,5.626619763164321e-19,3.3759718578985926e-18,0.0,5.626619763164321e-19,3.938633834215025e-18,6.189281739480753e-18,6.189281739480753e-18,1.1253239526328642e-18,0.0,3.938633834215025e-18,4.501295810531457e-18,1.4066549407910804e-17,6.189281739480753e-18,2.2506479052657284e-18,2.813309881582161e-18,5.063957786847889e-18,7.314605692113617e-18,3.938633834215025e-18,1.6317197313176533e-17,1.856784521844226e-17,7.87726766843005e-18,8.439929644746482e-18,9.95911698080085e-17,5.4578211702693925e-17,7.314605692113617e-17,0.0,8.439929644746482e-18,7.314605692113617e-18,3.3759718578985926e-18,7.595936680271834e-17,5.907950751322538e-17,1847.3568743910146,1458.8318929349957,1794.5613613518994,1178.559739415235,1236.1151902238857,1097.3230295238009,-51.98038736614592,487.5396365931156,76020.03301700523,8.446670335222804e+23,7.771570883165709e-22,7.89754857316594e-22
1.61929e-06,203137.0,6.77122,3e+22,-2774.44,3320.36,75655.4,4.48545,4.49033,4.53402,0.000302787545,8.51229825e-05,0.136532766,0.00601738017,0.00603305214,0.0222346433,-2.99337064e-05,3.57982688e-05,2.89273198e-05,1686.12649,-245.419617,-61.9388471,-134.313373,1535.08414,632.537489,-229.731405,511.244316,11861.3958,8200.0,203136.727356,6.771224245,-270.0,30000 3000,1e-06,2,0.0 0.0259,0.0 0.0,-1.0 0.0,0.00054857 28.0,30000,1000,0,0.0,0.0 0.0 0.0,1000 1000000 0,0,0.0,0,100,0,,90,,1,,,10,1.0,10.0,0.1,True,{},,,False,3,mixed,250,300,True,Ar_Aubin,,False,uniform,Argon_Aubin_Model3-test/90Td,3.0000000000000005e+21,8.406155555555556e+23,5.007691589216246e-17,2.157454202128438e-13,2.152530909835669e-13,7.314605692113617e-18,2.2506479052657284e-18,0.0,0.0,5.626619763164321e-19,4.501295810531457e-18,3.3759718578985926e-18,2.813309881582161e-18,2.2506479052657284e-18,2.2506479052657284e-18,4.501295810531457e-18,4.501295810531457e-18,2.1943817076340854e-17,6.189281739480753e-18,2.2506479052657284e-18,2.813309881582161e-18,1.6879859289492963e-18,1.069057755001221e-17,3.3759718578985926e-18,1.6317197313176533e-17,1.294122545527794e-17,9.565253597379346e-18,7.87726766843005e-18,1.1534570514486859e-16,6.13301554184911e-17,5.345288775006105e-17,0.0,1.1253239526328642e-18,6.751943715797185e-18,5.063957786847889e-18,6.920742308692116e-17,5.007691589216247e-17,1876.016286274138,1686.96655587635,1649.3675933034315,1534.8015010538263,1082.4008621289788,1531.9547751636019,345.81100210294085,64.22420236904702,73936.46758560564,8.215163065067295e+23,6.77296569979923e-22,6.619080183590658e-22
1.63904e-06,202803.0,6.76009,3e+22,7522.86,-6494.05,71127.2,4.45207,4.49313,4.54564,0.000279501812,9.52925823e-05,0.138014578,0.0060881439,0.00611209177,0.0226809449,-2.29614764e-05,3.27734337e-05,3.38028323e-05,2033.25804,167.436474,10.5204237,-389.760123,2040.32122,-491.370732,1688.06227,-512.153239,10937.2637,8300.0,202802.558792,6.760085293,-270.0,30000 3000,1e-06,2,0.0 0.0259,0.0 0.0,-1.0 0.0,0.00054857 28.0,30000,1000,0,0.0,0.0 0.0 0.0,1000 1000000 0,0,0.0,0,100,0,,90,,1,,,10,1.0,10.0,0.1,True,{},,,False,3,mixed,250,300,True,Ar_Aubin,,False,uniform,Argon_Aubin_Model3-test/90Td,3.0000000000000005e+21,7.903022222222224e+23,4.838892996321316e-17,2.1578255590328064e-13,2.1525421630751955e-13,5.626619763164322e-18,1.6879859289492963e-18,1.1253239526328642e-18,0.0,1.1253239526328642e-18,6.189281739480753e-18,3.938633834215025e-18,5.063957786847889e-18,1.1253239526328642e-18,1.1253239526328642e-18,2.813309881582161e-18,1.6879859289492963e-18,1.6879859289492963e-17,4.501295810531457e-18,1.6879859289492963e-18,3.938633834215025e-18,4.501295810531457e-18,1.1815901502645076e-17,6.751943715797185e-18,1.4066549407910804e-17,1.2378563478961506e-17,1.1815901502645076e-17,1.1253239526328644e-17,1.3335088838699441e-16,5.739152158427608e-17,7.145807099218688e-17,0.0,3.3759718578985926e-18,7.87726766843005e-18,5.626619763164322e-18,6.977008506323759e-17,4.8388929963213164e-17,1792.0660196910806,2031.1553869985776,2001.220293454021,2040.9400547940854,999.474642045862,1120.6732076783992,-13.153058337597086,640.4381641644336,75038.3341604464,8.337592684494046e+23,6.44856132596818e-22,6.803154062470217e-22
1.65878e-06,202874.0,6.76247,3e+22,714.862,-6706.28,65101.1,4.49435,4.52666,4.47956,0.000293534422,3.56398523e-05,0.139521185,0.00615882819,0.00619261887,0.0231494585,-2.0355136e-05,2.99799586e-05,2.46167967e-05,1551.76965,-39.2914538,132.360956,-99.9823307,1969.51421,-312.109562,554.909963,-843.360972,10309.7821,8400.0,202873.979025,6.762465967,-270.0,30000 3000,1e-06,2,0.0 0.0259,0.0 0.0,-1.0 0.0,0.00054857 28.0,30000,1000,0,0.0,0.0 0.0 0.0,1000 1000000 0,0,0.0,0,100,0,,90,,1,,,10,1.0,10.0,0.1,True,{},,,False,3,mixed,250,300,True,Ar_Aubin,,False,uniform,Argon_Aubin_Model3-test/90Td,3.0000000000000005e+21,7.233455555555557e+23,5.2890225773744615e-17,2.1532061042072485e-13,2.1480577471239533e-13,5.063957786847889e-18,1.6879859289492963e-18,5.626619763164321e-19,0.0,1.6879859289492963e-18,3.3759718578985926e-18,5.063957786847889e-18,5.063957786847889e-18,1.6879859289492963e-18,4.501295810531457e-18,1.6879859289492963e-18,3.3759718578985926e-18,1.4066549407910804e-17,9.565253597379346e-18,1.6879859289492963e-18,3.938633834215025e-18,5.626619763164321e-19,1.1253239526328644e-17,3.938633834215025e-18,1.856784521844226e-17,1.6317197313176533e-17,1.0127915573695778e-17,1.1815901502645076e-17,1.136577192159193e-16,5.795418356059251e-17,6.358080332375683e-17,0.0,6.751943715797185e-18,7.314605692113617e-18,6.751943715797185e-18,7.033274703955402e-17,5.289022577374462e-17,1789.5077024320333,1551.5598133960202,2039.126935119823,1969.7532208286825,1275.516693687901,1226.7994831965007,-261.92920902573195,568.4231118884658,76293.94249369502,8.47710472152167e+23,6.932427928746177e-22,8.124321366880838e-22
1.67853e-06,202913.0,6.76376,3e+22,11124.4,-5379.5,69663.5,4.47634,4.50805,4.51468,0.000248837828,3.37706783e-05,0.141035505,0.00623588087,0.0062730137,0.0236174221,-1.82254964e-05,2.81750652e-05,2.25431118e-05,1746.8805,-425.354462,-0.469523581,-53.0725536,1960.61389,-512.725691,1598.76936,-1344.35916,10986.944,8500.0,202912.88861,6.763762954,-270.0,30000 3000,1e-06,2,0.0 0.0259,0.0 0.0,-1.0 0.0,0.00054857 28.0,30000,1000,0,0.0,0.0 0.0 0.0,1000 1000000 0,0,0.0,0,100,0,,90,,1,,,10,1.0,10.0,0.1,True,{},,,False,3,mixed,250,300,True,Ar_Aubin,,False,uniform,Argon_Aubin_Model3-test/90Td,3.0000000000000005e+21,7.74038888888889e+23,5.96421694895418e-17,2.1584388605869911e-13,2.153239863925828e-13,5.063957786847889e-18,2.2506479052657284e-18,1.1253239526328642e-18,0.0,0.0,3.3759718578985926e-18,6.189281739480753e-18,4.501295810531457e-18,0.0,2.2506479052657284e-18,5.626619763164322e-18,5.626619763164322e-18,2.0255831147391556e-17,7.87726766843005e-18,1.6879859289492963e-18,2.813309881582161e-18,1.6879859289492963e-18,1.0127915573695778e-17,6.189281739480753e-18,1.57545353368601e-17,1.4629211384227235e-17,7.87726766843005e-18,9.002591621062914e-18,1.2828693060014654e-16,5.682885960795965e-17,6.47061272763897e-17,0.0,6.189281739480753e-18,6.751943715797185e-18,7.314605692113617e-18,5.626619763164322e-17,5.964216948954181e-17,1951.5714016086815,1744.1123284661967,2035.5834120025545,1960.795559363915,1091.5612485490617,1161.9170974324988,205.31352282563427,12.029550566121998,76684.52555779563,8.520502839755071e+23,7.777601681135872e-22,8.561466117772118e-22
1.69828e-06,202426.0,6.74755,3e+22,-10683.5,-3157.19,71599.6,4.46522,4.52431,4.47571,0.000274133529,1.96852376e-05,0.14246459,0.00631216269,0.00635534149,0.0240598299,-2.57342351e-05,3.26045805e-05,1.43871142e-05,2066.80775,-137.489923,643.523016,-10.7915864,2200.34266,-343.013228,-1639.00029,-896.30873,11046.3575,8600.0,202426.49426,6.747549809,-270.0,30000 3000,1e-06,2,0.0 0.0259,0.0 0.0,-1.0 0.0,0.00054857 28.0,30000,1000,0,0.0,0.0 0.0 0.0,1000 1000000 0,0,0.0,0,100,0,,90,,1,,,10,1.0,10.0,0.1,True,{},,,False,3,mixed,250,300,True,Ar_Aubin,,False,uniform,Argon_Aubin_Model3-test/90Td,3.0000000000000005e+21,7.955511111111113e+23,5.1764901821111754e-17,2.1588270973506495e-13,2.1536899935068808e-13,5.626619763164322e-18,2.813309881582161e-18,5.626619763164321e-19,0.0,5.626619763164321e-19,3.3759718578985926e-18,5.063957786847889e-18,6.751943715797185e-18,5.626619763164321e-19,2.813309881582161e-18,3.3759718578985926e-18,5.626619763164322e-18,1.4629211384227235e-17,6.189281739480753e-18,1.1253239526328642e-18,1.6879859289492963e-18,3.3759718578985926e-18,9.002591621062914e-18,3.3759718578985926e-18,1.1253239526328644e-17,1.856784521844226e-17,1.069057755001221e-17,9.002591621062914e-18,1.1196973328697e-16,7.427138087376904e-17,6.020483146585824e-17,0.0,6.189281739480753e-18,5.063957786847889e-18,5.063957786847889e-18,7.314605692113617e-17,5.176490182111176e-17,1931.104628278213,2069.7364555570716,2084.5413307608615,2200.404810035298,943.4676650324784,845.9498418359999,23.808867032876726,506.9153222420117,72368.26113817497,8.040917904241665e+23,7.152984057786799e-22,7.229775281022764e-22
1.71803e-06,202850.0,6.76165,3e+22,-7606.08,7613.06,65488.9,4.51153,4.47781,4.50892,0.000212389125,6.04274489e-05,0.143989885,0.00638236694,0.00642297107,0.0245376677,-1.36180395e-05,3.07976508e-05,1.76670931e-05,1664.76126,-559.158551,-31.7737313,-119.601387,2036.40633,-207.507441,-992.637355,844.803916,10158.2391,8700.0,202849.53552,6.761651184,-270.0,30000 3000,1e-06,2,0.0 0.0259,0.0 0.0,-1.0 0.0,0.00054857 28.0,30000,1000,0,0.0,0.0 0.0 0.0,1000 1000000 0,0,0.0,0,100,0,,90,,1,,,10,1.0,10.0,0.1,True,{},,,False,3,mixed,250,300,True,Ar_Aubin,,False,uniform,Argon_Aubin_Model3-test/90Td,3.0000000000000005e+21,7.276544444444447e+23,4.7263606010580297e-17,2.1547309181630665e-13,2.149644453897166e-13,6.189281739480753e-18,5.626619763164321e-19,1.1253239526328642e-18,0.0,5.626619763164321e-19,2.2506479052657284e-18,6.189281739480753e-18,6.189281739480753e-18,1.1253239526328642e-18,6.189281739480753e-18,2.2506479052657284e-18,2.813309881582161e-18,1.57545353368601e-17,3.3759718578985926e-18,1.6879859289492963e-18,1.6879859289492963e-18,5.063957786847889e-18,1.294122545527794e-17,3.938633834215025e-18,1.9130507194758692e-17,2.0255831147391556e-17,1.2378563478961506e-17,8.439929644746482e-18,1.2209764886066578e-16,5.626619763164322e-17,6.076749344217467e-17,0.0,6.751943715797185e-18,5.063957786847889e-18,5.063957786847889e-18,6.526878925270613e-17,4.72636060105803e-17,1778.317400045146,1666.37670867588,1712.2840483303785,2035.9462922058774,1035.8381750223652,728.4999202234994,337.5383812672802,56.87836803258779,77240.294924902,8.58225499165578e+23,6.119034897074516e-22,7.217040752032832e-22
1.73777e-06,203702.0,6.79007,3e+22,7045.47,1568.37,67471.1,4.4638,4.53127,4.55888,0.000204070276,0.00011493755,0.145525351,0.00645283391,0.0064822092,0.0250259934,-1.15204121e-05,2.99810178e-05,2.22558507e-05,1907.2147,623.290537,609.735125,-671.966819,1515.14371,-548.71501,860.990161,36.2938397,11457.3267,8800.0,203702.025893,6.79006753,-270.0,30000 3000,1e-06,2,0.0 0.0259,0.0 0.0,-1.0 0.0,0.00054857 28.0,30000,1000,0,0.0,0.0 0.0 0.0,1000 1000000 0,0,0.0,0,100,0,,90,,1,,,10,1.0,10.0,0.1,True,{},,,False,3,mixed,250,300,True,Ar_Aubin,,False,uniform,Argon_Aubin_Model3-test/90Td,3.0000000000000005e+21,7.496788888888892e+23,3.9386338342150244e-17,2.168971892783635e-13,2.1640486004908666e-13,8.439929644746482e-18,2.2506479052657284e-18,2.2506479052657284e-18,0.0,0.0,4.501295810531457e-18,4.501295810531457e-18,5.626619763164322e-18,0.0,5.063957786847889e-18,2.813309881582161e-18,3.3759718578985926e-18,1.294122545527794e-17,4.501295810531457e-18,1.1253239526328642e-18,2.2506479052657284e-18,5.626619763164322e-18,1.350388743159437e-17,3.3759718578985926e-18,1.5191873360543668e-17,1.57545353368601e-17,8.439929644746482e-18,7.314605692113617e-18,1.1478304316855216e-16,5.06395778684789e-17,6.13301554184911e-17,0.0,6.751943715797185e-18,7.87726766843005e-18,6.189281739480753e-18,7.652202877903477e-17,3.938633834215025e-17,1784.2965267040595,1905.7769289925502,1499.6549124487306,1514.9634453947065,1108.6243920725906,1638.571190143899,3.4361050281934244,431.6619452910063,77755.35007140106,8.639483341266786e+23,5.06541843178413e-22,5.837512407853176e-22
1.75752e-06,202656.0,6.75519,3e+22,5910.72,-2409.92,72194.2,4.51855,4.46717,4.4948,0.000278890989,8.14684196e-05,0.146965829,0.00652977225,0.00654654714,0.0254976272,-1.12085357e-05,4.35704368e-05,1.51134036e-05,2296.37367,913.52209,436.334291,-753.760727,1597.40911,130.847792,917.71936,-527.404309,12109.4869,8900.0,202655.834806,6.755194494,-270.0,30000 3000,1e-06,2,0.0 0.0259,0.0 0.0,-1.0 0.0,0.00054857 28.0,30000,1000,0,0.0,0.0 0.0 0.0,1000 1000000 0,0,0.0,0,100,0,,90,,1,,,10,1.0,10.0,0.1,True,{},,,False,3,mixed,250,300,True,Ar_Aubin,,False,uniform,Argon_Aubin_Model3-test/90Td,3.0000000000000005e+21,8.021577777777779e+23,5.96421694895418e-17,2.1640542271106293e-13,2.158652672137992e-13,6.189281739480753e-18,2.813309881582161e-18,2.813309881582161e-18,0.0,5.626619763164321e-19,3.3759718578985926e-18,3.3759718578985926e-18,6.189281739480753e-18,1.6879859289492963e-18,2.813309881582161e-18,3.3759718578985926e-18,5.063957786847889e-18,1.1815901502645076e-17,6.189281739480753e-18,1.1253239526328642e-18,2.813309881582161e-18,5.626619763164322e-18,1.5191873360543668e-17,3.3759718578985926e-18,1.6317197313176533e-17,2.0255831147391556e-17,1.4066549407910804e-17,7.87726766843005e-18,1.3447621233962727e-16,5.795418356059251e-17,6.245547937112397e-17,0.0,3.938633834215025e-18,8.439929644746482e-18,5.063957786847889e-18,6.526878925270613e-17,5.964216948954181e-17,1947.1475863607948,2294.725223453498,1629.1895018333576,1597.6054423737626,1273.754773184343,1499.4064480082016,116.43923476265181,465.24547437505646,72945.19784883049,8.10502198320339e+23,8.17629826889256e-22,8.261351949262102e-22
1.77727e-06,202674.0,6.75581,3e+22,2460.32,-4557.54,69159.5,4.47239,4.52697,4.48492,0.00030785991,7.38840949e-05,0.148446545,0.00662068164,0.00662894289,0.0259896124,-1.18294962e-05,5.1026538e-05,1.53613448e-05,1763.70249,-496.622332,713.962142,210.100208,1530.46218,-559.49498,640.517317,-825.302268,10987.5473,9000.0,202674.392036,6.755813068,-270.0,30000 3000,1e-06,2,0.0 0.0259,0.0 0.0,-1.0 0.0,0.00054857 28.0,30000,1000,0,0.0,0.0 0.0 0.0,1000 1000000 0,0,0.0,0,100,0,,90,,1,,,10,1.0,10.0,0.1,True,{},,,False,3,mixed,250,300,True,Ar_Aubin,,False,uniform,Argon_Aubin_Model3-test/90Td,3.0000000000000005e+21,7.684388888888889e+23,6.414346530007326e-17,2.1548659570373818e-13,2.1498301323493504e-13,5.626619763164322e-18,5.626619763164321e-19,3.3759718578985926e-18,0.0,1.6879859289492963e-18,5.626619763164321e-19,5.626619763164322e-18,8.439929644746482e-18,1.1253239526328642e-18,1.6879859289492963e-18,3.3759718578985926e-18,4.501295810531457e-18,1.9130507194758692e-17,6.751943715797185e-18,5.063957786847889e-18,5.626619763164321e-19,5.063957786847889e-18,1.294122545527794e-17,4.501295810531457e-18,1.4066549407910804e-17,1.1815901502645076e-17,6.189281739480753e-18,1.294122545527794e-17,1.0352980364222352e-16,6.020483146585824e-17,5.570353565532679e-17,0.0,6.189281739480753e-18,7.314605692113617e-18,1.6879859289492963e-18,6.920742308692116e-17,6.414346530007327e-17,2301.3761928040954,1762.9450561062288,2086.272831965559,1530.7989097178706,1381.5330428362183,721.0584710724997,138.89456918399037,967.9620179599551,74982.83318310363,8.331425909233738e+23,8.554420068849455e-22,9.2747150138554e-22
1.79702e-06,203107.0,6.77024,3e+22,-2540.72,-8741.21,73490.3,4.50306,4.48997,4.51627,0.000340453455,3.54836751e-05,0.149959539,0.00668601493,0.00670444664,0.0264852396,-8.05459913e-06,6.13752636e-05,7.2924844e-06,1528.38464,481.219777,507.317386,-27.5743105,1273.27402,408.987195,-279.488923,-1105.97457,12946.238,9100.0,203107.138205,6.77023794,-270.0,30000 3000,1e-06,2,0.0 0.0259,0.0 0.0,-1.0 0.0,0.00054857 28.0,30000,1000,0,0.0,0.0 0.0 0.0,1000 1000000 0,0,0.0,0,100,0,,90,,1,,,10,1.0,10.0,0.1,True,{},,,False,3,mixed,250,300,True,Ar_Aubin,,False,uniform,Argon_Aubin_Model3-test/90Td,3.0000000000000005e+21,8.165588888888891e+23,5.62661976316432e-17,2.1580900101616752e-13,2.153071065332933e-13,6.189281739480753e-18,2.813309881582161e-18,1.6879859289492963e-18,0.0,0.0,3.3759718578985926e-18,6.751943715797185e-18,6.189281739480753e-18,5.626619763164321e-19,2.2506479052657284e-18,2.2506479052657284e-18,3.938633834215025e-18,1.856784521844226e-17,1.069057755001221e-17,3.938633834215025e-18,3.938633834215025e-18,2.2506479052657284e-18,7.314605692113617e-18,3.938633834215025e-18,1.4629211384227235e-17,1.4066549407910804e-17,1.350388743159437e-17,1.57545353368601e-17,1.1815901502645076e-16,5.795418356059251e-17,5.289022577374462e-17,0.0,6.189281739480753e-18,5.626619763164322e-18,5.063957786847889e-18,5.5140873679010355e-17,5.626619763164322e-17,1653.6900850026964,1529.2496369021876,1911.8453509900125,1273.584190255621,1117.6303043567013,1925.666491028298,252.95595474612855,583.8136363840936,76617.37747754082,8.513041941948983e+23,7.343790597392446e-22,7.656275403916327e-22
1.81676e-06,203075.0,6.76918,3e+22,-2420.06,2014.96,70614.9,4.48371,4.53153,4.49471,0.000382753547,5.16448564e-05,0.151485234,0.00675078709,0.00677473604,0.0270015801,4.01945143e-06,7.37410522e-05,1.28578322e-05,1455.09326,531.12454,654.115641,290.095507,1741.9319,-469.842935,-257.18768,-239.316396,11840.4219,9200.0,203075.380957,6.769179365,-270.0,30000 3000,1e-06,2,0.0 0.0259,0.0 0.0,-1.0 0.0,0.00054857 28.0,30000,1000,0,0.0,0.0 0.0 0.0,1000 1000000 0,0,0.0,0,100,0,,90,,1,,,10,1.0,10.0,0.1,True,{},,,False,3,mixed,250,300,True,Ar_Aubin,,False,uniform,Argon_Aubin_Model3-test/90Td,3.0000000000000005e+21,7.8461e+23,6.301814134744038e-17,2.160683881872494e-13,2.1554454988729885e-13,8.439929644746482e-18,2.813309881582161e-18,5.626619763164321e-19,0.0,5.626619763164321e-19,2.813309881582161e-18,5.063957786847889e-18,3.938633834215025e-18,1.1253239526328642e-18,3.3759718578985926e-18,4.501295810531457e-18,5.063957786847889e-18,1.4066549407910804e-17,6.189281739480753e-18,1.6879859289492963e-18,1.1253239526328642e-18,5.626619763164321e-19,9.565253597379346e-18,7.314605692113617e-18,1.57545353368601e-17,1.8005183242125827e-17,9.565253597379346e-18,7.314605692113617e-18,1.2209764886066578e-16,6.414346530007327e-17,5.907950751322538e-17,0.0,6.751943715797185e-18,6.189281739480753e-18,5.063957786847889e-18,6.808209913428828e-17,6.30181413474404e-17,1639.242844052369,1456.019546548953,1779.6771195196663,1741.8278376801484,1428.7378859435955,1143.307249613401,275.40441430934015,736.5032129479896,77260.55075604857,8.584505639560952e+23,8.156574180582944e-22,8.924198908083193e-22
1.83651e-06,202947.0,6.7649,3e+22,2472.62,4579.42,68626.0,4.53987,4.51244,4.45056,0.000401542354,5.03681964e-05,0.153008173,0.00683590764,0.00684281162,0.0275137279,1.57251753e-06,7.83207657e-05,4.16458672e-06,2310.92612,-259.52423,-600.501656,-428.245802,2014.70731,58.173249,776.667289,869.448981,11640.6795,9300.0,202946.894751,6.764896492,-270.0,30000 3000,1e-06,2,0.0 0.0259,0.0 0.0,-1.0 0.0,0.00054857 28.0,30000,1000,0,0.0,0.0 0.0 0.0,1000 1000000 0,0,0.0,0,100,0,,90,,1,,,10,1.0,10.0,0.1,True,{},,,False,3,mixed,250,300,True,Ar_Aubin,,False,uniform,Argon_Aubin_Model3-test/90Td,3.0000000000000005e+21,7.625111111111113e+23,5.2890225773744615e-17,2.1587652045332553e-13,2.1534480488570648e-13,3.3759718578985926e-18,1.1253239526328642e-18,0.0,0.0,5.626619763164321e-19,5.626619763164321e-19,7.314605692113617e-18,5.063957786847889e-18,1.1253239526328642e-18,1.1253239526328642e-18,2.813309881582161e-18,2.2506479052657284e-18,1.4629211384227235e-17,6.751943715797185e-18,1.6879859289492963e-18,3.3759718578985926e-18,3.938633834215025e-18,9.002591621062914e-18,6.189281739480753e-18,1.8005183242125827e-17,2.0255831147391556e-17,1.4066549407910804e-17,8.439929644746482e-18,1.3335088838699441e-16,6.47061272763897e-17,5.570353565532679e-17,0.0,3.3759718578985926e-18,7.314605692113617e-18,3.3759718578985926e-18,7.933533866061693e-17,5.289022577374462e-17,2154.8612479537805,2309.9332583446526,1723.6626147235716,2014.476652874042,1226.057993377106,1140.3406197020013,56.81569036763056,-229.72168130886402,77120.98807944341,8.568998675493714e+23,6.858084561787726e-22,7.707024418404776e-22
1.85626e-06,202729.0,6.75762,3e+22,11381.4,5125.6,73356.4,4.49734,4.49334,4.49308,0.000449920094,1.36602488e-05,0.154531502,0.00691112668,0.00691455246,0.0280206769,7.09233558e-06,8.81005027e-05,3.29039666e-06,1568.71984,666.413309,-279.226536,-416.364265,1707.58999,-41.1833967,2008.32562,1040.72451,12030.9018,9400.0,202728.589943,6.757619665,-270.0,30000 3000,1e-06,2,0.0 0.0259,0.0 0.0,-1.0 0.0,0.00054857 28.0,30000,1000,0,0.0,0.0 0.0 0.0,1000 1000000 0,0,0.0,0,100,0,,90,,1,,,10,1.0,10.0,0.1,True,{},,,False,3,mixed,250,300,True,Ar_Aubin,,False,uniform,Argon_Aubin_Model3-test/90Td,3.0000000000000005e+21,8.150711111111112e+23,5.79541835605925e-17,2.1553048333789087e-13,2.1499707978434294e-13,8.439929644746482e-18,3.938633834215025e-18,1.6879859289492963e-18,0.0,5.626619763164321e-19,3.938633834215025e-18,5.626619763164322e-18,3.938633834215025e-18,5.626619763164321e-19,3.938633834215025e-18,1.6879859289492963e-18,5.626619763164322e-18,1.4629211384227235e-17,9.002591621062914e-18,2.2506479052657284e-18,1.6879859289492963e-18,3.3759718578985926e-18,1.4066549407910804e-17,4.501295810531457e-18,1.4629211384227235e-17,1.4066549407910804e-17,8.439929644746482e-18,9.002591621062914e-18,1.3166290245804512e-16,5.907950751322538e-17,6.189281739480753e-17,0.0,3.938633834215025e-18,6.189281739480753e-18,5.626619763164322e-18,7.145807099218688e-17,5.795418356059251e-17,1903.4872482218325,1563.5991194421483,1816.5224372021316,1707.5199730287507,973.9230081410047,695.0271266872023,85.69082825374792,-62.690271246301336,77140.73751481157,8.571193057201286e+23,7.512785776706488e-22,7.900358191049792e-22
1.87601e-06,203330.0,6.77768,3e+22,2657.56,-407.459,68216.0,4.48866,4.53051,4.50969,0.000479967026,7.06931561e-05,0.156009227,0.00698325091,0.00698863041,0.0285165788,2.26608803e-05,8.75718244e-05,1.47484531e-05,1500.50583,294.084715,-131.242171,390.856556,1892.68162,258.209084,673.589291,-217.424634,12040.0877,9500.0,203330.495236,6.777683175,-270.0,30000 3000,1e-06,2,0.0 0.0259,0.0 0.0,-1.0 0.0,0.00054857 28.0,30000,1000,0,0.0,0.0 0.0 0.0,1000 1000000 0,0,0.0,0,100,0,,90,,1,,,10,1.0,10.0,0.1,True,{},,,False,3,mixed,250,300,True,Ar_Aubin,,False,uniform,Argon_Aubin_Model3-test/90Td,3.0000000000000005e+21,7.579555555555557e+23,4.951425391584602e-17,2.1583657145300703e-13,2.1535493280128018e-13,5.063957786847889e-18,1.6879859289492963e-18,1.6879859289492963e-18,0.0,0.0,2.813309881582161e-18,7.87726766843005e-18,4.501295810531457e-18,1.1253239526328642e-18,2.2506479052657284e-18,1.6879859289492963e-18,3.938633834215025e-18,1.5191873360543668e-17,5.626619763164322e-18,3.938633834215025e-18,1.6879859289492963e-18,1.6879859289492963e-18,9.565253597379346e-18,3.938633834215025e-18,1.2378563478961506e-17,2.2506479052657287e-17,1.0127915573695778e-17,6.189281739480753e-18,1.0521778957117281e-16,5.626619763164322e-17,6.189281739480753e-17,0.0,4.501295810531457e-18,7.87726766843005e-18,3.938633834215025e-18,6.695677518165542e-17,4.9514253915846025e-17,1825.4628392835775,1499.2302888303834,1875.5162472041434,1892.7104245626915,937.0373122150401,1397.762270968,-297.81819915268426,95.00180804826402,74831.37020569862,8.31459668952207e+23,6.616777666871502e-22,7.2584516705532455e-22
1.89575e-06,203490.0,6.783,3e+22,-268.012,4485.32,72723.9,4.50342,4.50787,4.52453,0.000526130264,9.58665761e-05,0.157522714,0.00705714223,0.00705957517,0.0290333844,3.65907959e-05,9.22297401e-05,2.35805482e-05,1760.86877,1026.09411,184.737043,300.152528,1865.16907,735.269323,-92.4419585,573.394146,12517.4611,9600.0,203490.099041,6.783003301,-270.0,30000 3000,1e-06,2,0.0 0.0259,0.0 0.0,-1.0 0.0,0.00054857 28.0,30000,1000,0,0.0,0.0 0.0 0.0,1000 1000000 0,0,0.0,0,100,0,,90,,1,,,10,1.0,10.0,0.1,True,{},,,False,3,mixed,250,300,True,Ar_Aubin,,False,uniform,Argon_Aubin_Model3-test/90Td,3.0000000000000005e+21,8.080433333333334e+23,5.570353565532677e-17,2.1677565429147916e-13,2.1626250656907857e-13,9.002591621062914e-18,1.6879859289492963e-18,3.3759718578985926e-18,0.0,5.626619763164321e-19,3.938633834215025e-18,3.3759718578985926e-18,6.751943715797185e-18,0.0,2.813309881582161e-18,4.501295810531457e-18,9.565253597379346e-18,1.6317197313176533e-17,7.314605692113617e-18,1.6879859289492963e-18,2.2506479052657284e-18,3.938633834215025e-18,1.1815901502645076e-17,3.3759718578985926e-18,8.439929644746482e-18,1.069057755001221e-17,1.1815901502645076e-17,1.1815901502645076e-17,1.0746843747643853e-16,5.795418356059251e-17,7.089540901587045e-17,0.0,7.314605692113617e-18,1.0127915573695778e-17,6.189281739480753e-18,6.245547937112397e-17,5.570353565532679e-17,1869.7366562522327,1761.0097792243153,1796.2001864019305,1864.739077728887,1070.4974632541976,1061.7949993354014,-169.1496952038036,96.25081741845841,76642.3427894309,8.515815865492323e+23,7.267984462370633e-22,7.659591366157038e-22
1.9155e-06,203187.0,6.77291,3e+22,3597.08,14057.0,62647.9,4.46828,4.53172,4.52232,0.000532017896,0.00015852885,0.158936886,0.00712422341,0.00712438374,0.0295235265,3.72681389e-05,8.99333665e-05,3.33761089e-05,1769.13557,114.928864,342.624365,-302.634451,1272.42517,-23.0744193,475.888545,2049.35861,10929.0193,9700.0,203187.373302,6.772912443,-270.0,30000 3000,1e-06,2,0.0 0.0259,0.0 0.0,-1.0 0.0,0.00054857 28.0,30000,1000,0,0.0,0.0 0.0 0.0,1000 1000000 0,0,0.0,0,100,0,,90,,1,,,10,1.0,10.0,0.1,True,{},,,False,3,mixed,250,300,True,Ar_Aubin,,False,uniform,Argon_Aubin_Model3-test/90Td,3.0000000000000005e+21,6.96087777777778e+23,5.120223984479532e-17,2.1641555062663663e-13,2.1591815743957294e-13,3.3759718578985926e-18,2.2506479052657284e-18,0.0,0.0,5.626619763164321e-19,3.3759718578985926e-18,5.063957786847889e-18,6.751943715797185e-18,2.2506479052657284e-18,1.1253239526328642e-18,3.938633834215025e-18,5.063957786847889e-18,1.57545353368601e-17,7.87726766843005e-18,1.6879859289492963e-18,2.2506479052657284e-18,3.938633834215025e-18,6.751943715797185e-18,1.6879859289492963e-18,1.350388743159437e-17,1.4629211384227235e-17,1.069057755001221e-17,1.1815901502645076e-17,1.0746843747643853e-16,5.739152158427608e-17,6.020483146585824e-17,0.0,7.314605692113617e-18,7.87726766843005e-18,5.063957786847889e-18,7.652202877903477e-17,5.120223984479533e-17,1698.3235771046557,1767.2218590666562,1640.535690879057,1270.19672995555,1078.9722836627132,971.9571595605994,-201.35178219387723,213.47441216030165,71613.07311342208,7.957008123713566e+23,7.149845359058993e-22,8.17301774597318e-22
1.93525e-06,202934.0,6.76445,3e+22,2063.93,-8495.35,69519.9,4.48557,4.48072,4.53469,0.000489291054,0.000183654925,0.160437786,0.00719445764,0.00720458885,0.0300476352,2.84483972e-05,8.04236881e-05,3.34010164e-05,1634.41774,342.008959,-192.918424,-908.845314,2364.31165,236.926303,1024.88759,-1805.92257,12454.9244,9800.0,202933.519849,6.764450662,-270.0,30000 3000,1e-06,2,0.0 0.0259,0.0 0.0,-1.0 0.0,0.00054857 28.0,30000,1000,0,0.0,0.0 0.0 0.0,1000 1000000 0,0,0.0,0,100,0,,90,,1,,,10,1.0,10.0,0.1,True,{},,,False,3,mixed,250,300,True,Ar_Aubin,,False,uniform,Argon_Aubin_Model3-test/90Td,3.0000000000000005e+21,7.724433333333334e+23,5.907950751322537e-17,2.1614828618788633e-13,2.1562332256398313e-13,7.87726766843005e-18,2.813309881582161e-18,5.626619763164321e-19,0.0,5.626619763164321e-19,3.3759718578985926e-18,5.626619763164322e-18,8.439929644746482e-18,1.1253239526328642e-18,5.063957786847889e-18,2.2506479052657284e-18,3.3759718578985926e-18,1.57545353368601e-17,5.063957786847889e-18,2.2506479052657284e-18,1.6879859289492963e-18,1.1253239526328642e-18,9.002591621062914e-18,5.626619763164322e-18,1.57545353368601e-17,1.6317197313176533e-17,1.4629211384227235e-17,1.1253239526328644e-17,1.1534570514486859e-16,6.13301554184911e-17,6.020483146585824e-17,0.0,9.565253597379346e-18,1.1815901502645076e-17,2.2506479052657284e-18,6.583145122902256e-17,5.907950751322538e-17,1779.4207669399457,1633.4078775149178,2030.55876380702,2365.871862867099,1133.294884268238,1301.3055610586016,-174.86778648604746,466.8213411960456,76004.94242279994,8.444993602533328e+23,7.773113909432121e-22,8.49821526113032e-22
1.955e-06,203357.0,6.77856,3e+22,7744.74,-8982.93,74893.0,4.4851,4.53829,4.50104,0.000355915204,0.000258128906,0.162000546,0.00725472262,0.00727772338,0.0306006015,2.37987306e-05,6.5758462e-05,4.08721748e-05,1425.93329,618.887777,714.11703,-1196.70813,2219.82158,-303.99135,956.075686,-2102.36609,12990.3794,9900.0,203356.793743,6.778559791,-270.0,30000 3000,1e-06,2,0.0 0.0259,0.0 0.0,-1.0 0.0,0.00054857 28.0,30000,1000,0,0.0,0.0 0.0 0.0,1000 1000000 0,0,0.0,0,100,0,,90,,1,,,10,1.0,10.0,0.1,True,{},,,False,3,mixed,250,300,True,Ar_Aubin,,False,uniform,Argon_Aubin_Model3-test/90Td,3.0000000000000005e+21,8.321444444444447e+23,5.4015549726377476e-17,2.1654327489526045e-13,2.1602281256716781e-13,7.87726766843005e-18,5.626619763164321e-19,0.0,0.0,1.1253239526328642e-18,5.626619763164321e-19,5.626619763164322e-18,6.751943715797185e-18,5.626619763164321e-19,1.6879859289492963e-18,3.938633834215025e-18,2.813309881582161e-18,1.1815901502645076e-17,5.063957786847889e-18,1.6879859289492963e-18,1.6879859289492963e-18,3.938633834215025e-18,1.294122545527794e-17,2.813309881582161e-18,1.4066549407910804e-17,1.4629211384227235e-17,1.2378563478961506e-17,9.565253597379346e-18,1.1928433897908362e-16,6.47061272763897e-17,6.639411320533899e-17,0.0,6.751943715797185e-18,5.626619763164322e-18,5.063957786847889e-18,7.652202877903477e-17,5.401554972637748e-17,1528.7508761428353,1423.176819282973,1850.9178068850658,2222.1403338935743,1242.5071726831486,857.6725084219997,312.80522679770775,388.88504999878796,79137.50670974389,8.793056301082656e+23,6.8255308983252e-22,7.212362934637079e-22
1.97474e-06,203219.0,6.77397,3e+22,5284.85,-1004.85,68038.0,4.49504,4.49853,4.52789,0.000335826403,0.000208824128,0.163513668,0.00731591445,0.00735760252,0.0311448047,1.3216609e-05,6.14368008e-05,3.33402749e-05,1368.02899,-534.753829,-95.2476445,86.8860923,2314.60799,-851.703747,697.809763,-1018.70495,12556.0473,10000.0,203219.119297,6.773970643,-270.0,30000 3000,1e-06,2,0.0 0.0259,0.0 0.0,-1.0 0.0,0.00054857 28.0,30000,1000,0,0.0,0.0 0.0 0.0,1000 1000000 0,0,0.0,0,100,0,,90,,1,,,10,1.0,10.0,0.1,True,{},,,False,3,mixed,250,300,True,Ar_Aubin,,False,uniform,Argon_Aubin_Model3-test/90Td,3.0000000000000005e+21,7.559777777777778e+23,5.4015549726377476e-17,2.1644705969731036e-13,2.1591872010154925e-13,7.314605692113617e-18,2.2506479052657284e-18,2.2506479052657284e-18,0.0,5.626619763164321e-19,3.938633834215025e-18,8.439929644746482e-18,3.3759718578985926e-18,2.2506479052657284e-18,3.938633834215025e-18,3.938633834215025e-18,2.2506479052657284e-18,1.7442521265809397e-17,6.189281739480753e-18,1.6879859289492963e-18,5.063957786847889e-18,3.3759718578985926e-18,9.565253597379346e-18,1.6879859289492963e-18,1.350388743159437e-17,1.9693169171075125e-17,1.294122545527794e-17,1.294122545527794e-17,1.2322297281329864e-16,5.682885960795965e-17,6.808209913428828e-17,0.0,3.938633834215025e-18,1.1815901502645076e-17,3.938633834215025e-18,6.189281739480753e-17,5.401554972637748e-17,1549.7160704570354,1366.2541978341055,2023.1059029461592,2314.8178269250207,1308.0324874132662,1430.9043566159999,-79.7781372775568,-284.4320466371141,76623.8593435088,8.513762149278756e+23,7.049442587356886e-22,7.939026680146017e-22
1.99449e-06,202727.0,6.75758,3e+22,-3525.87,4153.57,67152.6,4.48841,4.46487,4.53607,0.000267933943,0.000134335181,0.164978946,0.00738993791,0.00743923271,0.0316745708,1.18894484e-05,5.32101926e-05,1.49119976e-05,2057.42996,-188.667351,421.002867,398.942391,2200.19666,-633.905769,-630.824983,-98.0845595,11755.7118,10100.0,202727.327984,6.757577599,-270.0,30000 3000,1e-06,2,0.0 0.0259,0.0 0.0,-1.0 0.0,0.00054857 28.0,30000,1000,0,0.0,0.0 0.0 0.0,1000 1000000 0,0,0.0,0,100,0,,90,,1,,,10,1.0,10.0,0.1,True,{},,,False,3,mixed,250,300,True,Ar_Aubin,,False,uniform,Argon_Aubin_Model3-test/90Td,3.0000000000000005e+21,7.461400000000003e+23,6.245547937112395e-17,2.156244478879357e-13,2.1509948426403253e-13,5.063957786847889e-18,1.6879859289492963e-18,0.0,0.0,1.1253239526328642e-18,1.1253239526328642e-18,6.189281739480753e-18,6.189281739480753e-18,1.1253239526328642e-18,5.626619763164321e-19,3.3759718578985926e-18,1.1253239526328642e-18,2.0255831147391556e-17,7.314605692113617e-18,3.938633834215025e-18,2.813309881582161e-18,5.063957786847889e-18,1.350388743159437e-17,2.813309881582161e-18,1.6879859289492963e-17,1.6879859289492963e-17,1.0127915573695778e-17,7.314605692113617e-18,1.2884959257646297e-16,6.639411320533899e-17,5.570353565532679e-17,0.0,4.501295810531457e-18,7.314605692113617e-18,2.813309881582161e-18,6.245547937112397e-17,6.245547937112397e-17,1875.29626115693,2058.3746602516053,2067.5063951603843,2199.6386894222537,1226.3158578676585,676.9466308403989,125.69448393267622,353.87973943231816,74201.05937996833,8.244562153329816e+23,8.417060334853485e-22,9.300530340020185e-22
2.01424e-06,202302.0,6.74341,3e+22,-7761.29,3744.74,73419.2,4.53211,4.42283,4.5008,0.00024124959,0.00023677355,0.166415081,0.00745858862,0.00751725091,0.0321991125,8.70574877e-06,4.70120793e-05,2.91411219e-05,1271.1433,-244.472134,-413.603788,-657.191714,1916.17365,627.05788,-1334.8794,278.483408,13724.2488,10200.0,202302.289592,6.743409653,-270.0,30000 3000,1e-06,2,0.0 0.0259,0.0 0.0,-1.0 0.0,0.00054857 28.0,30000,1000,0,0.0,0.0 0.0 0.0,1000 1000000 0,0,0.0,0,100,0,,90,,1,,,10,1.0,10.0,0.1,True,{},,,False,3,mixed,250,300,True,Ar_Aubin,,False,uniform,Argon_Aubin_Model3-test/90Td,3.0000000000000005e+21,8.15768888888889e+23,5.851684553690893e-17,2.150510953340693e-13,2.1454188624550292e-13,2.813309881582161e-18,5.626619763164321e-19,1.1253239526328642e-18,0.0,1.1253239526328642e-18,2.2506479052657284e-18,3.938633834215025e-18,5.626619763164322e-18,1.1253239526328642e-18,1.6879859289492963e-18,3.938633834215025e-18,4.501295810531457e-18,1.8005183242125827e-17,6.189281739480753e-18,3.938633834215025e-18,2.2506479052657284e-18,1.1253239526328642e-18,1.1815901502645076e-17,4.501295810531457e-18,1.5191873360543668e-17,1.57545353368601e-17,1.069057755001221e-17,9.565253597379346e-18,1.0634311352380567e-16,6.13301554184911e-17,6.076749344217467e-17,0.0,5.063957786847889e-18,7.87726766843005e-18,7.87726766843005e-18,7.370871889745261e-17,5.851684553690894e-17,1738.5655132608867,1273.0157080303711,1974.4418056775864,1915.286994616373,1230.925059358582,1506.1866850448005,-108.4813113271979,-474.5998358836382,72725.27016214818,8.080585573572022e+23,8.046287818036266e-22,7.970237422487433e-22
2.03399e-06,202238.0,6.74125,3e+22,3117.97,11911.5,59415.7,4.46622,4.48646,4.50889,0.000260272355,0.000224211549,0.167869088,0.00751188685,0.00758878539,0.0327349843,6.57331162e-09,4.2734428e-05,2.6892693e-05,1978.3306,-731.50311,-508.953134,83.0121279,2015.42624,-333.870992,-10.7951295,2129.38628,10708.2339,10300.0,202237.571163,6.741252372,-270.0,30000 3000,1e-06,2,0.0 0.0259,0.0 0.0,-1.0 0.0,0.00054857 28.0,30000,1000,0,0.0,0.0 0.0 0.0,1000 1000000 0,0,0.0,0,100,0,,90,,1,,,10,1.0,10.0,0.1,True,{},,,False,3,mixed,250,300,True,Ar_Aubin,,False,uniform,Argon_Aubin_Model3-test/90Td,3.0000000000000005e+21,6.601744444444445e+23,5.682885960795963e-17,2.1442091392059486e-13,2.1392239540957854e-13,6.751943715797185e-18,3.3759718578985926e-18,0.0,0.0,5.626619763164321e-19,3.3759718578985926e-18,3.3759718578985926e-18,5.063957786847889e-18,5.626619763164321e-19,1.6879859289492963e-18,1.6879859289492963e-18,3.938633834215025e-18,1.856784521844226e-17,6.189281739480753e-18,2.2506479052657284e-18,5.063957786847889e-18,5.063957786847889e-18,9.002591621062914e-18,6.751943715797185e-18,1.57545353368601e-17,1.6317197313176533e-17,1.1253239526328644e-17,9.565253597379346e-18,1.1309505723960286e-16,5.682885960795965e-17,4.5575620081631005e-17,0.0,6.189281739480753e-18,5.626619763164322e-18,3.3759718578985926e-18,7.483404285008547e-17,5.682885960795965e-17,1349.258374922714,1977.5190786052806,1811.384559366657,2012.7555441340864,1261.4389308164846,734.1745281183994,-396.0908324334068,-1058.6233079743333,73630.30069781374,8.181144521979307e+23,7.718134934853935e-22,9.564620059674402e-22
2.05373e-06,201754.0,6.72512,3e+22,8564.81,1699.89,74511.7,4.43616,4.49713,4.48496,0.000281457903,0.000251996821,0.169278879,0.00757741153,0.00765974781,0.0332565001,2.11079274e-06,5.07041736e-05,2.78356536e-05,1494.302,362.286354,-290.688537,205.288541,1899.9217,234.264137,1554.38409,-308.532785,13696.7047,10400.0,201753.74011,6.72512467,-270.0,30000 3000,1e-06,2,0.0 0.0259,0.0 0.0,-1.0 0.0,0.00054857 28.0,30000,1000,0,0.0,0.0 0.0 0.0,1000 1000000 0,0,0.0,0,100,0,,90,,1,,,10,1.0,10.0,0.1,True,{},,,False,3,mixed,250,300,True,Ar_Aubin,,False,uniform,Argon_Aubin_Model3-test/90Td,3.0000000000000005e+21,8.27907777777778e+23,5.96421694895418e-17,2.145311956679529e-13,2.1402705053717342e-13,6.189281739480753e-18,2.2506479052657284e-18,5.626619763164321e-19,0.0,0.0,4.501295810531457e-18,9.002591621062914e-18,3.3759718578985926e-18,1.1253239526328642e-18,3.938633834215025e-18,2.2506479052657284e-18,3.3759718578985926e-18,1.6317197313176533e-17,6.189281739480753e-18,2.813309881582161e-18,1.6879859289492963e-18,3.938633834215025e-18,6.751943715797185e-18,4.501295810531457e-18,1.4629211384227235e-17,1.2378563478961506e-17,9.565253597379346e-18,1.1253239526328644e-17,1.1422038119223572e-16,6.076749344217467e-17,5.907950751322538e-17,0.0,5.063957786847889e-18,8.439929644746482e-18,3.938633834215025e-18,6.639411320533899e-17,5.964216948954181e-17,1658.7804761036002,1491.8913665378066,1796.418475873043,1899.4933331239504,1169.967450274663,1083.447651615701,203.39640458650274,-207.11778947895482,71391.2211227804,7.932357902531155e+23,8.354272213241417e-22,8.004403266808005e-22
2.07348e-06,202889.0,6.76295,3e+22,-1360.94,5648.42,72045.5,4.50457,4.48481,4.50682,0.000293604915,0.00017917981,0.170802825,0.0076455991,0.00773993253,0.0338186036,-3.24095449e-07,5.33580697e-05,2.03098004e-05,2121.13837,335.260528,943.83352,-412.060466,2083.15212,251.797071,-662.1425,1996.01448,13652.6102,10500.0,202888.544459,6.762951482,-270.0,30000 3000,1e-06,2,0.0 0.0259,0.0 0.0,-1.0 0.0,0.00054857 28.0,30000,1000,0,0.0,0.0 0.0 0.0,1000 1000000 0,0,0.0,0,100,0,,90,,1,,,10,1.0,10.0,0.1,True,{},,,False,3,mixed,250,300,True,Ar_Aubin,,False,uniform,Argon_Aubin_Model3-test/90Td,3.0000000000000005e+21,8.005055555555557e+23,4.6700944034263866e-17,2.1519907543384053e-13,2.147253140497821e-13,6.189281739480753e-18,3.3759718578985926e-18,5.626619763164321e-19,0.0,1.6879859289492963e-18,4.501295810531457e-18,3.3759718578985926e-18,5.063957786847889e-18,5.626619763164321e-19,3.3759718578985926e-18,4.501295810531457e-18,4.501295810531457e-18,1.4066549407910804e-17,6.751943715797185e-18,1.1253239526328642e-18,3.938633834215025e-18,2.2506479052657284e-18,1.0127915573695778e-17,5.063957786847889e-18,1.350388743159437e-17,1.5191873360543668e-17,9.565253597379346e-18,5.626619763164322e-18,1.0184181771327423e-16,5.626619763164322e-17,5.401554972637748e-17,0.0,5.626619763164322e-18,8.439929644746482e-18,4.501295810531457e-18,7.145807099218688e-17,4.670094403426387e-17,1726.31801414486,2121.5379486730203,2031.0551513992411,2082.1400371776,1109.9523865422905,1347.0352714625005,7.6073553807522165,492.99050375186744,77171.98213435683,8.574664681595205e+23,6.051541342161883e-22,6.482145870909893e-22
2.09323e-06,202045.0,6.73485,3e+22,-3399.41,8514.91,76416.2,4.46538,4.46666,4.50397,0.000368176269,0.000193515464,0.172234075,0.00773314112,0.00780705227,0.0343661884,6.62760557e-07,6.69706061e-05,2.77422611e-05,2151.23174,502.404713,250.864577,585.21252,1868.75895,-68.3761046,-257.771687,1308.79319,14445.3674,10600.0,202045.406152,6.734846872,-270.0,30000 3000,1e-06,2,0.0 0.0259,0.0 0.0,-1.0 0.0,0.00054857 28.0,30000,1000,0,0.0,0.0 0.0 0.0,1000 1000000 0,0,0.0,0,100,0,,90,,1,,,10,1.0,10.0,0.1,True,{},,,False,3,mixed,250,300,True,Ar_Aubin,,False,uniform,Argon_Aubin_Model3-test/90Td,3.0000000000000005e+21,8.49068888888889e+23,5.2327563797428184e-17,2.1517263032095365e-13,2.1464429072519256e-13,7.314605692113617e-18,3.3759718578985926e-18,2.813309881582161e-18,0.0,5.626619763164321e-19,4.501295810531457e-18,4.501295810531457e-18,2.813309881582161e-18,0.0,1.6879859289492963e-18,4.501295810531457e-18,7.314605692113617e-18,1.9130507194758692e-17,3.3759718578985926e-18,2.813309881582161e-18,4.501295810531457e-18,2.813309881582161e-18,9.565253597379346e-18,4.501295810531457e-18,1.2378563478961506e-17,1.350388743159437e-17,1.069057755001221e-17,8.439929644746482e-18,1.260362826948808e-16,6.076749344217467e-17,6.245547937112397e-17,0.0,5.626619763164322e-18,1.069057755001221e-17,4.501295810531457e-18,7.483404285008547e-17,5.232756379742819e-17,2215.295939745438,2152.4833220906016,1699.322370780557,1867.1111832404317,1433.435208559171,1283.8938779850014,17.652257396857145,550.4524954885921,72477.89582426015,8.053099536028907e+23,7.219796215429429e-22,6.847705564713789e-22
2.11297e-06,201791.0,6.72637,3e+22,2859.6,1599.02,69425.0,4.4696,4.45157,4.5041,0.000343418867,0.000184967583,0.173749899,0.00781547909,0.0078882984,0.0349412785,1.18582713e-06,6.59509555e-05,2.81173646e-05,2025.10073,686.865687,1122.26649,353.09493,2482.08896,360.110955,845.401069,-114.612132,13067.9545,10700.0,201791.135676,6.726371189,-270.0,30000 3000,1e-06,2,0.0 0.0259,0.0 0.0,-1.0 0.0,0.00054857 28.0,30000,1000,0,0.0,0.0 0.0 0.0,1000 1000000 0,0,0.0,0,100,0,,90,,1,,,10,1.0,10.0,0.1,True,{},,,False,3,mixed,250,300,True,Ar_Aubin,,False,uniform,Argon_Aubin_Model3-test/90Td,3.0000000000000005e+21,7.71388888888889e+23,5.682885960795963e-17,2.1445017234336336e-13,2.1391958209969697e-13,8.439929644746482e-18,3.938633834215025e-18,5.626619763164321e-19,0.0,0.0,1.6879859289492963e-18,4.501295810531457e-18,7.314605692113617e-18,1.1253239526328642e-18,1.1253239526328642e-18,5.063957786847889e-18,5.063957786847889e-18,1.5191873360543668e-17,6.189281739480753e-18,1.6879859289492963e-18,5.063957786847889e-18,4.501295810531457e-18,1.350388743159437e-17,6.751943715797185e-18,1.4066549407910804e-17,1.4066549407910804e-17,1.1253239526328644e-17,8.439929644746482e-18,1.1815901502645076e-16,6.358080332375683e-17,5.907950751322538e-17,0.0,6.189281739480753e-18,7.87726766843005e-18,6.189281739480753e-18,7.314605692113617e-17,5.682885960795965e-17,2085.2260866454353,2024.118689407927,2057.2167786150794,2481.7931931354315,1282.1760990159858,1005.3677619249993,137.9348710322234,1446.970492978125,76760.68748291049,8.528965275878945e+23,7.403380750154387e-22,8.185647764920365e-22
2.13272e-06,202224.0,6.74081,3e+22,145.262,-7524.68,68335.3,4.5068,4.43764,4.51031,0.000348488738,0.00016535438,0.175271364,0.00788361847,0.00796528378,0.0355195814,-2.92942988e-06,6.73533134e-05,2.76417616e-05,2110.38484,-400.68747,134.022369,-167.04675,3077.8949,197.597328,-88.817848,-964.658297,13090.3565,10800.0,202224.212983,6.740807099,-270.0,30000 3000,1e-06,2,0.0 0.0259,0.0 0.0,-1.0 0.0,0.00054857 28.0,30000,1000,0,0.0,0.0 0.0 0.0,1000 1000000 0,0,0.0,0,100,0,,90,,1,,,10,1.0,10.0,0.1,True,{},,,False,3,mixed,250,300,True,Ar_Aubin,,False,uniform,Argon_Aubin_Model3-test/90Td,3.0000000000000005e+21,7.592811111111113e+23,5.4015549726377476e-17,2.1428249907442104e-13,2.1377779128166522e-13,5.063957786847889e-18,2.2506479052657284e-18,2.2506479052657284e-18,0.0,5.626619763164321e-19,3.938633834215025e-18,5.063957786847889e-18,2.2506479052657284e-18,2.2506479052657284e-18,3.3759718578985926e-18,3.3759718578985926e-18,3.3759718578985926e-18,1.6879859289492963e-17,7.87726766843005e-18,2.2506479052657284e-18,3.938633834215025e-18,3.3759718578985926e-18,9.002591621062914e-18,2.813309881582161e-18,1.2378563478961506e-17,1.7442521265809397e-17,1.069057755001221e-17,7.314605692113617e-18,1.1928433897908362e-16,5.964216948954181e-17,5.964216948954181e-17,0.0,6.189281739480753e-18,5.626619763164322e-18,2.2506479052657284e-18,7.033274703955402e-17,5.401554972637748e-17,1725.1859008703977,2110.334217828941,1949.4275432658303,3079.139138796098,1197.1009877175154,1113.1352596507986,-0.44284776498087103,-4.069830335219404,77046.34534166522,8.560705037962804e+23,7.010786752680258e-22,7.904487099109461e-22
2.15247e-06,202285.0,6.74283,3e+22,-2318.52,-3446.93,74096.3,4.43928,4.54143,4.47365,0.000352791815,0.000161051018,0.176778343,0.00794574841,0.00804933103,0.0360981684,-8.80869349e-06,6.81589795e-05,2.82012818e-05,1670.61424,-104.86379,-412.896897,-26.7930068,2035.20058,221.746196,-275.324823,-802.582352,13944.1111,10900.0,202284.997884,6.742833263,-270.0,30000 3000,1e-06,2,0.0 0.0259,0.0 0.0,-1.0 0.0,0.00054857 28.0,30000,1000,0,0.0,0.0 0.0 0.0,1000 1000000 0,0,0.0,0,100,0,,90,,1,,,10,1.0,10.0,0.1,True,{},,,False,3,mixed,250,300,True,Ar_Aubin,,False,uniform,Argon_Aubin_Model3-test/90Td,3.0000000000000005e+21,8.232922222222224e+23,6.695677518165541e-17,2.1439221815980272e-13,2.1388188374728378e-13,7.314605692113617e-18,3.938633834215025e-18,1.6879859289492963e-18,0.0,5.626619763164321e-19,4.501295810531457e-18,3.3759718578985926e-18,5.626619763164322e-18,0.0,2.813309881582161e-18,6.189281739480753e-18,5.626619763164322e-18,1.5191873360543668e-17,9.002591621062914e-18,5.063957786847889e-18,3.938633834215025e-18,1.6879859289492963e-18,1.1815901502645076e-17,6.189281739480753e-18,1.1815901502645076e-17,1.350388743159437e-17,1.069057755001221e-17,5.626619763164322e-18,9.790318387905919e-17,6.414346530007327e-17,6.189281739480753e-17,0.0,8.439929644746482e-18,5.626619763164322e-18,3.938633834215025e-18,6.526878925270613e-17,6.695677518165542e-17,1573.040560675919,1671.4321948789138,2128.0941957064297,2035.7557115854747,1216.7547270741616,845.4899635690999,-24.316615441218357,-304.4981643494245,76312.78041666202,8.479197824073559e+23,8.773992353060192e-22,9.036453261722301e-22
2.17222e-06,202897.0,6.76324,3e+22,-2205.16,4934.5,68763.2,4.41987,4.49879,4.58076,0.000304303006,0.000118074651,0.178306866,0.00801209049,0.0081252807,0.0366894269,-1.04582552e-05,5.28339105e-05,2.12378697e-05,1265.25522,364.763467,-196.475526,-243.366184,2083.01892,143.335909,-565.257376,1047.95578,13337.6195,11000.0,202897.131404,6.763237713,-270.0,30000 3000,1e-06,2,0.0 0.0259,0.0 0.0,-1.0 0.0,0.00054857 28.0,30000,1000,0,0.0,0.0 0.0 0.0,1000 1000000 0,0,0.0,0,100,0,,90,,1,,,10,1.0,10.0,0.1,True,{},,,False,3,mixed,250,300,True,Ar_Aubin,,False,uniform,Argon_Aubin_Model3-test/90Td,3.0000000000000005e+21,7.640355555555556e+23,5.907950751322537e-17,2.1478326823334267e-13,2.1428587504627898e-13,6.189281739480753e-18,2.813309881582161e-18,0.0,0.0,5.626619763164321e-19,2.2506479052657284e-18,6.189281739480753e-18,7.87726766843005e-18,0.0,2.813309881582161e-18,2.813309881582161e-18,5.063957786847889e-18,9.565253597379346e-18,1.1253239526328644e-17,2.2506479052657284e-18,6.751943715797185e-18,2.813309881582161e-18,9.002591621062914e-18,2.2506479052657284e-18,8.439929644746482e-18,1.5191873360543668e-17,5.626619763164322e-18,7.87726766843005e-18,1.1196973328697e-16,6.189281739480753e-17,6.076749344217467e-17,0.0,7.87726766843005e-18,1.1253239526328644e-17,3.938633834215025e-18,6.30181413474404e-17,5.907950751322538e-17,1680.574195723743,1265.926256816711,1923.3333453312846,2082.4362806346403,1228.0753690028753,1076.6688118687998,-365.5383409753514,-389.46258183361914,77403.75948226116,8.600417720251242e+23,7.632640573067357e-22,8.59173329822134e-22
2.19196e-06,203160.0,6.772,3e+22,-6058.93,-4669.8,73274.3,4.49521,4.48626,4.53167,0.000260117235,0.000162318229,0.179873121,0.00808580711,0.00819095892,0.0372913835,-1.67718982e-05,4.96537982e-05,2.58921346e-05,2250.67356,53.2641347,176.520058,-330.683428,1969.16587,317.277175,-478.097947,-983.283098,14813.278,11100.0,203160.06911,6.772002304,-270.0,30000 3000,1e-06,2,0.0 0.0259,0.0 0.0,-1.0 0.0,0.00054857 28.0,30000,1000,0,0.0,0.0 0.0 0.0,1000 1000000 0,0,0.0,0,100,0,,90,,1,,,10,1.0,10.0,0.1,True,{},,,False,3,mixed,250,300,True,Ar_Aubin,,False,uniform,Argon_Aubin_Model3-test/90Td,3.0000000000000005e+21,8.14158888888889e+23,5.851684553690893e-17,2.1590296556621236e-13,2.1537575129440388e-13,7.87726766843005e-18,1.1253239526328642e-18,1.1253239526328642e-18,0.0,1.1253239526328642e-18,4.501295810531457e-18,3.3759718578985926e-18,1.6879859289492963e-18,0.0,5.063957786847889e-18,7.314605692113617e-18,2.2506479052657284e-18,1.7442521265809397e-17,7.87726766843005e-18,1.1253239526328642e-18,3.3759718578985926e-18,3.938633834215025e-18,1.1815901502645076e-17,1.6879859289492963e-18,1.856784521844226e-17,1.350388743159437e-17,7.87726766843005e-18,9.565253597379346e-18,1.2659894467119722e-16,5.570353565532679e-17,6.414346530007327e-17,0.0,7.314605692113617e-18,8.439929644746482e-18,5.063957786847889e-18,6.920742308692116e-17,5.851684553690894e-17,1867.1207182595713,2252.2495921186587,1662.6445612015418,1969.9238636657842,1036.9821966768766,1633.2009699096998,217.29970167712025,769.2008517079696,79314.49203439383,8.812721337154872e+23,7.377825166116397e-22,7.9859985747948355e-22
2.21171e-06,203202.0,6.77342,3e+22,-3592.62,2603.19,71236.4,4.50029,4.49695,4.52062,0.000231290334,0.000244122524,0.181369134,0.00816171334,0.00828363756,0.0378824301,-1.66409339e-05,5.05226714e-05,4.59003675e-05,2297.46632,32.8813012,253.876915,430.726584,2264.40063,-198.791416,-844.13085,459.14102,14303.0623,11200.0,203202.480196,6.773416007,-270.0,30000 3000,1e-06,2,0.0 0.0259,0.0 0.0,-1.0 0.0,0.00054857 28.0,30000,1000,0,0.0,0.0 0.0 0.0,1000 1000000 0,0,0.0,0,100,0,,90,,1,,,10,1.0,10.0,0.1,True,{},,,False,3,mixed,250,300,True,Ar_Aubin,,False,uniform,Argon_Aubin_Model3-test/90Td,3.0000000000000005e+21,7.915155555555555e+23,4.895159193952959e-17,2.1607570279294153e-13,2.1556255507054094e-13,5.063957786847889e-18,1.6879859289492963e-18,1.6879859289492963e-18,0.0,0.0,3.938633834215025e-18,3.3759718578985926e-18,5.063957786847889e-18,2.2506479052657284e-18,3.938633834215025e-18,4.501295810531457e-18,4.501295810531457e-18,1.4066549407910804e-17,4.501295810531457e-18,2.2506479052657284e-18,1.6879859289492963e-18,2.2506479052657284e-18,9.565253597379346e-18,1.6879859289492963e-18,1.8005183242125827e-17,1.4066549407910804e-17,1.8005183242125827e-17,6.189281739480753e-18,1.1984700095540006e-16,5.345288775006105e-17,6.695677518165542e-17,0.0,7.314605692113617e-18,1.069057755001221e-17,3.938633834215025e-18,7.370871889745261e-17,4.8951591939529595e-17,1922.2883963797829,2298.297258279735,2345.7617559967957,2263.7651326867485,1281.7760913005022,1382.9781227224012,289.0529641972956,44.8601524421224,75757.46680575622,8.417496311750693e+23,6.461619428886465e-22,6.871710521521243e-22
2.23146e-06,203023.0,6.76744,3e+22,-1794.56,-2315.61,82086.7,4.46034,4.50834,4.52785,0.000266241572,0.000181234618,0.182845616,0.00824237757,0.00837080617,0.0384692401,-4.63776806e-06,5.9248293e-05,2.94781808e-05,1941.58797,-315.420805,473.79017,338.373287,2119.62022,-87.6664907,-15.3068449,-341.048828,16441.3298,11300.0,203023.310887,6.767443696,-270.0,30000 3000,1e-06,2,0.0 0.0259,0.0 0.0,-1.0 0.0,0.00054857 28.0,30000,1000,0,0.0,0.0 0.0 0.0,1000 1000000 0,0,0.0,0,100,0,,90,,1,,,10,1.0,10.0,0.1,True,{},,,False,3,mixed,250,300,True,Ar_Aubin,,False,uniform,Argon_Aubin_Model3-test/90Td,3.0000000000000005e+21,9.120744444444446e+23,5.62661976316432e-17,2.159080295239992e-13,2.1539038050578814e-13,4.501295810531457e-18,5.626619763164321e-19,5.626619763164321e-19,0.0,2.813309881582161e-18,2.813309881582161e-18,2.2506479052657284e-18,7.87726766843005e-18,1.6879859289492963e-18,3.3759718578985926e-18,2.2506479052657284e-18,2.2506479052657284e-18,1.1815901502645076e-17,6.189281739480753e-18,3.3759718578985926e-18,1.1253239526328642e-18,6.751943715797185e-18,1.294122545527794e-17,3.938633834215025e-18,1.5191873360543668e-17,1.4629211384227235e-17,1.4066549407910804e-17,9.002591621062914e-18,1.277242686238301e-16,5.345288775006105e-17,7.033274703955402e-17,0.0,5.626619763164322e-18,6.189281739480753e-18,4.501295810531457e-18,6.358080332375683e-17,5.626619763164322e-17,2041.9609833178495,1942.0657564754483,2207.7681066865007,2120.039888693787,1242.0236965498957,1432.136573092801,100.94721041769606,764.7558617006675,74768.42521040751,8.307602801156391e+23,7.525395576181152e-22,6.854484055473445e-22
2.25121e-06,202666.0,6.75553,3e+22,-1592.41,-4767.27,68002.7,4.50525,4.46447,4.51491,0.000210033911,0.000173400561,0.184371846,0.00831975889,0.00844692468,0.0390811101,1.12664538e-05,4.66820892e-05,2.99167978e-05,1923.8139,-716.83689,-7.35648562,102.772925,1392.51745,-121.406123,-357.195496,-1095.03469,13981.4299,11400.0,202666.022421,6.755534081,-270.0,30000 3000,1e-06,2,0.0 0.0259,0.0 0.0,-1.0 0.0,0.00054857 28.0,30000,1000,0,0.0,0.0 0.0 0.0,1000 1000000 0,0,0.0,0,100,0,,90,,1,,,10,1.0,10.0,0.1,True,{},,,False,3,mixed,250,300,True,Ar_Aubin,,False,uniform,Argon_Aubin_Model3-test/90Td,3.0000000000000005e+21,7.555855555555556e+23,5.851684553690893e-17,2.1611621445523628e-13,2.1557605895797256e-13,7.87726766843005e-18,2.813309881582161e-18,2.813309881582161e-18,0.0,1.1253239526328642e-18,3.3759718578985926e-18,6.189281739480753e-18,7.314605692113617e-18,1.1253239526328642e-18,3.938633834215025e-18,2.2506479052657284e-18,5.626619763164322e-18,1.5191873360543668e-17,5.626619763164322e-18,2.2506479052657284e-18,3.938633834215025e-18,6.189281739480753e-18,1.294122545527794e-17,4.501295810531457e-18,1.069057755001221e-17,1.4066549407910804e-17,7.314605692113617e-18,9.002591621062914e-18,1.2547362071856436e-16,6.639411320533899e-17,6.526878925270613e-17,0.0,5.063957786847889e-18,7.87726766843005e-18,6.189281739480753e-18,6.920742308692116e-17,5.851684553690894e-17,1959.9565089807106,1924.1483601002155,1927.3749514418955,1393.3440972924386,1301.7332147961204,1443.6465680157999,-132.1409125515946,-85.2392833706997,77287.6429302094,8.58751588113438e+23,7.571306785710819e-22,8.605076789143509e-22
2.27095e-06,202608.0,6.75358,3e+22,-7688.29,4651.88,77824.1,4.48439,4.46104,4.52684,0.000130402476,0.000158932551,0.185869385,0.00840234247,0.00852443466,0.0396832189,7.77384328e-06,2.82369208e-05,2.31001704e-05,1661.47135,25.3820999,-1392.53463,-359.417151,1468.82524,-275.373582,-1657.85153,828.58129,15394.4261,11500.0,202607.506743,6.753583558,-270.0,30000 3000,1e-06,2,0.0 0.0259,0.0 0.0,-1.0 0.0,0.00054857 28.0,30000,1000,0,0.0,0.0 0.0 0.0,1000 1000000 0,0,0.0,0,100,0,,90,,1,,,10,1.0,10.0,0.1,True,{},,,False,3,mixed,250,300,True,Ar_Aubin,,False,uniform,Argon_Aubin_Model3-test/90Td,3.0000000000000005e+21,8.647122222222224e+23,4.5575620081631e-17,2.157668013679438e-13,2.152457763778748e-13,6.189281739480753e-18,2.813309881582161e-18,1.6879859289492963e-18,0.0,5.626619763164321e-19,3.3759718578985926e-18,3.938633834215025e-18,6.751943715797185e-18,1.6879859289492963e-18,1.6879859289492963e-18,3.3759718578985926e-18,6.189281739480753e-18,1.350388743159437e-17,7.314605692113617e-18,2.2506479052657284e-18,3.938633834215025e-18,3.938633834215025e-18,1.0127915573695778e-17,3.938633834215025e-18,2.081849312370799e-17,1.5191873360543668e-17,1.1815901502645076e-17,5.626619763164322e-18,1.2828693060014654e-16,6.695677518165542e-17,5.682885960795965e-17,0.0,1.6879859289492963e-18,6.751943715797185e-18,5.626619763164322e-18,7.258339494481974e-17,4.5575620081631005e-17,2091.6852202826926,1662.473922052206,1962.6580764755488,1468.0859048446541,1206.6934677348756,929.3084948215001,-200.46469524735153,-1631.5168813308217,75834.7428015836,8.42608253350929e+23,6.009860177264197e-22,5.856234775812505e-22
2.2907e-06,202535.0,6.75118,3e+22,3366.69,-2333.58,63477.1,4.49265,4.45384,4.53286,8.8580786e-05,0.000181512942,0.187399371,0.00848106517,0.00861275434,0.0402967681,7.66278943e-06,2.13772543e-05,2.48901815e-05,1962.50907,-237.693181,-520.088703,-823.725004,2024.46569,-455.608562,967.264645,-161.091288,13022.8254,11600.0,202535.27016,6.751175672,-270.0,30000 3000,1e-06,2,0.0 0.0259,0.0 0.0,-1.0 0.0,0.00054857 28.0,30000,1000,0,0.0,0.0 0.0 0.0,1000 1000000 0,0,0.0,0,100,0,,90,,1,,,10,1.0,10.0,0.1,True,{},,,False,3,mixed,250,300,True,Ar_Aubin,,False,uniform,Argon_Aubin_Model3-test/90Td,3.0000000000000005e+21,7.053011111111112e+23,5.514087367901035e-17,2.157634253960859e-13,2.152328351524195e-13,2.2506479052657284e-18,5.626619763164321e-19,3.3759718578985926e-18,0.0,5.626619763164321e-19,3.3759718578985926e-18,5.626619763164322e-18,3.3759718578985926e-18,2.813309881582161e-18,5.626619763164321e-19,2.2506479052657284e-18,1.6879859289492963e-18,2.0255831147391556e-17,5.063957786847889e-18,3.3759718578985926e-18,2.2506479052657284e-18,5.626619763164322e-18,8.439929644746482e-18,5.626619763164322e-18,1.1253239526328644e-17,1.350388743159437e-17,1.1815901502645076e-17,1.1815901502645076e-17,1.2378563478961507e-16,6.751943715797185e-17,6.020483146585824e-17,0.0,5.626619763164322e-18,1.0127915573695778e-17,6.189281739480753e-18,7.652202877903477e-17,5.5140873679010355e-17,1993.4740332929841,1962.2108459535818,2236.041013187931,2024.8892649711925,1074.906799947769,1127.2567870958992,39.406602262153356,-189.36249776299076,77477.8451846831,8.608649464964792e+23,7.116985965158381e-22,8.686734850680064e-22
2.31045e-06,202341.0,6.74471,3e+22,5145.9,-1452.63,65522.8,4.47837,4.47967,4.5068,0.000172434941,0.000149561005,0.188846003,0.00856394254,0.00869289894,0.0408854198,-1.26016518e-06,3.85451519e-05,2.23208403e-05,2228.09189,205.661205,215.004669,604.371035,2193.954,-642.782828,738.021487,147.849842,13498.938,11700.0,202341.317452,6.744710582,-270.0,30000 3000,1e-06,2,0.0 0.0259,0.0 0.0,-1.0 0.0,0.00054857 28.0,30000,1000,0,0.0,0.0 0.0 0.0,1000 1000000 0,0,0.0,0,100,0,,90,,1,,,10,1.0,10.0,0.1,True,{},,,False,3,mixed,250,300,True,Ar_Aubin,,False,uniform,Argon_Aubin_Model3-test/90Td,3.0000000000000005e+21,7.280311111111112e+23,5.739152158427607e-17,2.1533355164618015e-13,2.1483221982528224e-13,3.3759718578985926e-18,1.6879859289492963e-18,1.6879859289492963e-18,0.0,5.626619763164321e-19,1.6879859289492963e-18,5.063957786847889e-18,4.501295810531457e-18,2.2506479052657284e-18,2.813309881582161e-18,5.626619763164322e-18,1.6879859289492963e-18,1.6879859289492963e-17,7.314605692113617e-18,1.6879859289492963e-18,2.813309881582161e-18,5.063957786847889e-18,8.439929644746482e-18,3.3759718578985926e-18,1.1253239526328644e-17,1.6317197313176533e-17,1.0127915573695778e-17,9.002591621062914e-18,1.1140707131065357e-16,5.176490182111176e-17,5.795418356059251e-17,0.0,7.87726766843005e-18,7.314605692113617e-18,4.501295810531457e-18,7.989800063693336e-17,5.739152158427608e-17,2097.8833351927624,2227.2045570371083,2029.5122004389857,2194.1712568026933,1123.2643821373392,1125.2191146315981,60.981789688505174,-30.05491098985476,73256.83381103352,8.139648201225948e+23,7.83428911660554e-22,8.759015424291402e-22
2.3302e-06,202404.0,6.74679,3e+22,2982.53,-1680.95,69529.1,4.48752,4.47206,4.50646,0.000258361431,0.000104310205,0.190324344,0.00862486059,0.00877556742,0.0415008731,-4.48701462e-06,5.39341545e-05,2.06184101e-05,1904.57002,-386.301038,48.8389318,-653.745996,2012.23174,-128.707034,314.425976,-774.814144,14281.8794,11800.0,202403.846625,6.746794887,-270.0,30000 3000,1e-06,2,0.0 0.0259,0.0 0.0,-1.0 0.0,0.00054857 28.0,30000,1000,0,0.0,0.0 0.0 0.0,1000 1000000 0,0,0.0,0,100,0,,90,,1,,,10,1.0,10.0,0.1,True,{},,,False,3,mixed,250,300,True,Ar_Aubin,,False,uniform,Argon_Aubin_Model3-test/90Td,3.0000000000000005e+21,7.725455555555558e+23,5.851684553690893e-17,2.1517600629281153e-13,2.146712985000557e-13,1.6879859289492963e-18,3.938633834215025e-18,3.3759718578985926e-18,0.0,0.0,2.2506479052657284e-18,3.3759718578985926e-18,7.87726766843005e-18,5.626619763164321e-19,5.626619763164321e-19,2.813309881582161e-18,4.501295810531457e-18,1.7442521265809397e-17,3.938633834215025e-18,2.2506479052657284e-18,2.2506479052657284e-18,3.938633834215025e-18,9.002591621062914e-18,3.3759718578985926e-18,1.4066549407910804e-17,1.2378563478961506e-17,1.4066549407910804e-17,9.002591621062914e-18,1.1815901502645076e-16,5.570353565532679e-17,6.189281739480753e-17,0.0,6.751943715797185e-18,8.439929644746482e-18,3.938633834215025e-18,6.864476111060473e-17,5.851684553690894e-17,1541.4949102122298,1903.7994492811997,2093.4393356935093,2012.4070802390947,1390.3154350870304,1048.7990535895988,-61.77106275182755,-222.3467956824622,74862.56418566465,8.318062687296073e+23,7.816569759991503e-22,8.416166114175061e-22
2.34994e-06,201885.0,6.72949,3e+22,10378.2,-9154.33,68922.0,4.48895,4.47254,4.4694,0.000228241229,0.00014256527,0.191732056,0.00868662374,0.0088528496,0.042068343,2.31447237e-06,4.81519166e-05,2.64647696e-05,1463.11889,188.591947,503.785424,-520.20393,1431.57684,45.1640124,1747.9427,-2020.5,14178.94,11900.0,201884.705867,6.729490196,-270.0,30000 3000,1e-06,2,0.0 0.0259,0.0 0.0,-1.0 0.0,0.00054857 28.0,30000,1000,0,0.0,0.0 0.0 0.0,1000 1000000 0,0,0.0,0,100,0,,90,,1,,,10,1.0,10.0,0.1,True,{},,,False,3,mixed,250,300,True,Ar_Aubin,,False,uniform,Argon_Aubin_Model3-test/90Td,3.0000000000000005e+21,7.658000000000002e+23,4.7263606010580297e-17,2.1462797352787933e-13,2.1412045242524194e-13,2.2506479052657284e-18,1.6879859289492963e-18,5.626619763164321e-19,0.0,5.626619763164321e-19,4.501295810531457e-18,2.813309881582161e-18,3.3759718578985926e-18,1.1253239526328642e-18,2.2506479052657284e-18,2.813309881582161e-18,6.751943715797185e-18,1.7442521265809397e-17,6.189281739480753e-18,5.626619763164321e-19,1.6879859289492963e-18,5.626619763164322e-18,1.1253239526328644e-17,5.626619763164322e-18,1.6317197313176533e-17,9.565253597379346e-18,1.1253239526328644e-17,8.439929644746482e-18,1.2716160664751365e-16,5.4578211702693925e-17,5.795418356059251e-17,0.0,5.626619763164322e-18,4.501295810531457e-18,5.626619763164322e-18,8.214864854219908e-17,4.72636060105803e-17,1564.201023183099,1460.7501568771922,1956.529359881779,1432.8819295281191,750.5930158703673,964.3832363679994,-18.78364393087502,246.163658435662,71285.94144039243,7.920660160043605e+23,6.630144044615161e-22,6.857549985575041e-22
2.36969e-06,202041.0,6.73471,3e+22,2404.31,-6020.78,73347.8,4.47161,4.46741,4.49957,0.000200533074,7.91600459e-05,0.193186436,0.00875148393,0.00892768491,0.0426619806,-7.93627784e-06,3.86652762e-05,1.14574233e-05,2542.08047,50.6272871,-370.909505,-13.6029206,974.098596,170.372565,456.362803,-1668.43821,15101.2935,12000.0,202041.299946,6.734709998,-270.0,30000 3000,1e-06,2,0.0 0.0259,0.0 0.0,-1.0 0.0,0.00054857 28.0,30000,1000,0,0.0,0.0 0.0 0.0,1000 1000000 0,0,0.0,0,100,0,,90,,1,,,10,1.0,10.0,0.1,True,{},,,False,3,mixed,250,300,True,Ar_Aubin,,False,uniform,Argon_Aubin_Model3-test/90Td,3.0000000000000005e+21,8.149755555555557e+23,6.076749344217466e-17,2.1457620862605825e-13,2.140855673827103e-13,6.751943715797185e-18,2.813309881582161e-18,2.2506479052657284e-18,0.0,5.626619763164321e-19,3.3759718578985926e-18,3.938633834215025e-18,3.938633834215025e-18,0.0,1.1253239526328642e-18,3.938633834215025e-18,2.813309881582161e-18,1.4629211384227235e-17,3.938633834215025e-18,1.1253239526328642e-18,3.938633834215025e-18,3.938633834215025e-18,7.87726766843005e-18,3.938633834215025e-18,1.57545353368601e-17,1.069057755001221e-17,9.565253597379346e-18,8.439929644746482e-18,1.0746843747643853e-16,5.626619763164322e-17,6.245547937112397e-17,0.0,5.626619763164322e-18,9.565253597379346e-18,3.3759718578985926e-18,6.977008506323759e-17,6.076749344217467e-17,1642.5471339226501,2541.598326324851,1895.1702133785589,974.5752012211539,856.3113018688866,931.4934295591993,-226.1437032747317,-393.7354417442972,73649.18926035718,8.183243251150798e+23,8.250938544259537e-22,8.284842005100993e-22
2.38944e-06,203148.0,6.77161,3e+22,-4095.11,-7930.95,64924.7,4.54807,4.50143,4.4693,0.000145968991,6.5118708e-05,0.194777655,0.00883144465,0.00899757177,0.0433344101,-8.2412314e-06,2.2339776e-05,1.95328926e-05,2029.79967,-253.94828,-304.843284,-86.1536603,1944.42097,675.902064,-992.024328,-1428.38788,14120.3565,12100.0,203148.156008,6.7716052,-270.0,30000 3000,1e-06,2,0.0 0.0259,0.0 0.0,-1.0 0.0,0.00054857 28.0,30000,1000,0,0.0,0.0 0.0 0.0,1000 1000000 0,0,0.0,0,100,0,,90,,1,,,10,1.0,10.0,0.1,True,{},,,False,3,mixed,250,300,True,Ar_Aubin,,False,uniform,Argon_Aubin_Model3-test/90Td,3.0000000000000005e+21,7.213855555555556e+23,5.682885960795963e-17,2.1494306423461652e-13,2.1444510838557654e-13,3.938633834215025e-18,5.626619763164321e-19,3.938633834215025e-18,0.0,1.1253239526328642e-18,3.3759718578985926e-18,5.626619763164321e-19,3.938633834215025e-18,1.1253239526328642e-18,1.6879859289492963e-18,3.938633834215025e-18,5.063957786847889e-18,1.57545353368601e-17,9.565253597379346e-18,1.6879859289492963e-18,3.3759718578985926e-18,1.6879859289492963e-18,8.439929644746482e-18,5.626619763164322e-18,2.138115510002442e-17,8.439929644746482e-18,9.002591621062914e-18,1.0127915573695778e-17,1.1309505723960286e-16,6.020483146585824e-17,5.345288775006105e-17,0.0,5.626619763164322e-18,1.0127915573695778e-17,5.063957786847889e-18,6.920742308692116e-17,5.682885960795965e-17,2025.0672637267237,2030.3974290747342,1769.5718389948734,1944.9374232172124,1394.9600221563728,1474.4756824215,-304.6845713112533,-508.70868218292776,80578.65845630335,8.953184272922597e+23,7.052594408577441e-22,8.753041540116418e-22
2.40919e-06,203458.0,6.78192,3e+22,4131.06,-2701.82,70429.6,4.49349,4.47956,4.56245,9.38903375e-05,4.55940782e-05,0.196292634,0.00890914014,0.00906950653,0.0439743312,-3.63313697e-06,8.42523467e-06,8.21406675e-06,2618.08015,291.670464,611.612076,174.679868,1660.37218,-330.031189,966.906245,-1210.30082,14672.7777,12200.0,203457.631804,6.78192106,-270.0,30000 3000,1e-06,2,0.0 0.0259,0.0 0.0,-1.0 0.0,0.00054857 28.0,30000,1000,0,0.0,0.0 0.0 0.0,1000 1000000 0,0,0.0,0,100,0,,90,,1,,,10,1.0,10.0,0.1,True,{},,,False,3,mixed,250,300,True,Ar_Aubin,,False,uniform,Argon_Aubin_Model3-test/90Td,3.0000000000000005e+21,7.825511111111114e+23,5.457821170269392e-17,2.157352922972701e-13,2.15228333856609e-13,1.6879859289492963e-18,2.813309881582161e-18,3.938633834215025e-18,0.0,5.626619763164321e-19,3.3759718578985926e-18,7.87726766843005e-18,6.189281739480753e-18,5.626619763164321e-19,4.501295810531457e-18,6.189281739480753e-18,2.813309881582161e-18,1.350388743159437e-17,8.439929644746482e-18,5.626619763164321e-19,2.813309881582161e-18,7.314605692113617e-18,9.565253597379346e-18,5.063957786847889e-18,1.6317197313176533e-17,1.294122545527794e-17,1.350388743159437e-17,9.565253597379346e-18,1.1703369107381788e-16,6.30181413474404e-17,4.9514253915846025e-17,0.0,6.189281739480753e-18,6.751943715797185e-18,4.501295810531457e-18,6.526878925270613e-17,5.4578211702693925e-17,1967.5496913734905,2617.692283382367,1821.427672153401,1660.4953669923625,1201.622103190077,847.9660044335997,-198.15394509291707,761.0090134739701,76717.89703961027,8.524210782178921e+23,7.114143349695131e-22,7.749328649132455e-22
2.42893e-06,203016.0,6.7672,3e+22,1522.14,-3258.81,64672.2,4.47427,4.52541,4.51087,0.000103229399,6.4914009e-05,0.197756226,0.00899104729,0.00912561696,0.0445988268,-5.76211024e-06,1.23349411e-05,3.19639791e-06,1705.24255,-21.0334928,-297.138388,-80.0961801,1572.85939,-410.985939,281.591078,-501.641419,13744.6927,12300.0,203016.021166,6.767200706,-270.0,30000 3000,1e-06,2,0.0 0.0259,0.0 0.0,-1.0 0.0,0.00054857 28.0,30000,1000,0,0.0,0.0 0.0 0.0,1000 1000000 0,0,0.0,0,100,0,,90,,1,,,10,1.0,10.0,0.1,True,{},,,False,3,mixed,250,300,True,Ar_Aubin,,False,uniform,Argon_Aubin_Model3-test/90Td,3.0000000000000005e+21,7.185800000000001e+23,5.682885960795963e-17,2.1579212115687803e-13,2.15272784152738e-13,6.751943715797185e-18,2.813309881582161e-18,1.6879859289492963e-18,0.0,0.0,2.2506479052657284e-18,5.626619763164322e-18,6.751943715797185e-18,0.0,3.3759718578985926e-18,5.063957786847889e-18,6.189281739480753e-18,1.1253239526328644e-17,5.626619763164322e-18,1.1253239526328642e-18,2.813309881582161e-18,5.063957786847889e-18,6.751943715797185e-18,6.189281739480753e-18,1.4629211384227235e-17,1.6879859289492963e-17,1.5191873360543668e-17,5.626619763164322e-18,1.175963530501343e-16,5.401554972637748e-17,6.30181413474404e-17,0.0,2.2506479052657284e-18,9.565253597379346e-18,4.501295810531457e-18,7.989800063693336e-17,5.682885960795965e-17,2073.8251386678116,1705.0854204026061,1420.6501866423425,1573.0709324216693,1209.4969690914047,955.3625008828003,97.50304984634941,-323.2360441816479,74115.68105168344,8.235075672409272e+23,7.667589206706594e-22,8.787216084802997e-22
2.44868e-06,202606.0,6.75352,3e+22,-43.6996,9276.12,65039.1,4.46928,4.50475,4.50847,0.000139577252,0.000104135832,0.19924632,0.00906087907,0.00921238936,0.0452294893,-1.04235573e-05,2.21952347e-05,7.47749878e-06,3018.12469,-242.959176,459.119307,195.729954,1702.80089,-342.956813,106.963481,1787.32338,13499.7238,12400.0,202605.708024,6.753523601,-270.0,30000 3000,1e-06,2,0.0 0.0259,0.0 0.0,-1.0 0.0,0.00054857 28.0,30000,1000,0,0.0,0.0 0.0 0.0,1000 1000000 0,0,0.0,0,100,0,,90,,1,,,10,1.0,10.0,0.1,True,{},,,False,3,mixed,250,300,True,Ar_Aubin,,False,uniform,Argon_Aubin_Model3-test/90Td,3.0000000000000005e+21,7.226566666666668e+23,5.3452887750061045e-17,2.1575723611434638e-13,2.1522777119463267e-13,5.063957786847889e-18,3.938633834215025e-18,2.813309881582161e-18,0.0,1.6879859289492963e-18,2.813309881582161e-18,5.626619763164322e-18,6.189281739480753e-18,2.813309881582161e-18,1.1253239526328642e-18,2.813309881582161e-18,2.813309881582161e-18,2.138115510002442e-17,8.439929644746482e-18,2.2506479052657284e-18,2.813309881582161e-18,3.3759718578985926e-18,8.439929644746482e-18,3.3759718578985926e-18,1.9693169171075125e-17,1.6317197313176533e-17,7.87726766843005e-18,1.0127915573695778e-17,1.2322297281329864e-16,5.964216948954181e-17,6.020483146585824e-17,0.0,6.751943715797185e-18,5.626619763164322e-18,2.2506479052657284e-18,7.652202877903477e-17,5.345288775006105e-17,1767.9024706934215,3018.1307894700817,2196.890971901561,1701.8349135260682,989.7856988941028,540.9224688880004,124.79091636243436,565.7117936349188,75457.73114435305,8.384192349372563e+23,7.083818574905726e-22,8.218577401910704e-22
2.46843e-06,201732.0,6.72439,3e+22,909.447,9242.13,76398.3,4.47665,4.47077,4.46769,0.000180916892,0.000137246097,0.200683979,0.00913786581,0.00928693687,0.0458538025,-6.29958587e-06,2.89720959e-05,5.42489674e-06,2234.85411,396.966681,-446.577139,429.229473,1455.4022,-486.599175,409.047716,2594.86781,17119.9783,12500.0,201731.776539,6.724392551,-270.0,30000 3000,1e-06,2,0.0 0.0259,0.0 0.0,-1.0 0.0,0.00054857 28.0,30000,1000,0,0.0,0.0 0.0 0.0,1000 1000000 0,0,0.0,0,100,0,,90,,1,,,10,1.0,10.0,0.1,True,{},,,False,3,mixed,250,300,True,Ar_Aubin,,False,uniform,Argon_Aubin_Model3-test/90Td,3.0000000000000005e+21,8.488700000000001e+23,5.62661976316432e-17,2.1514618520806674e-13,2.1461503230242406e-13,2.813309881582161e-18,3.3759718578985926e-18,2.813309881582161e-18,0.0,1.6879859289492963e-18,2.2506479052657284e-18,3.3759718578985926e-18,6.751943715797185e-18,0.0,5.626619763164322e-18,3.3759718578985926e-18,4.501295810531457e-18,1.8005183242125827e-17,1.0127915573695778e-17,2.2506479052657284e-18,2.813309881582161e-18,2.813309881582161e-18,9.002591621062914e-18,6.751943715797185e-18,1.5191873360543668e-17,1.6879859289492963e-17,1.0127915573695778e-17,9.565253597379346e-18,1.1534570514486859e-16,5.570353565532679e-17,7.202073296850331e-17,0.0,6.751943715797185e-18,5.063957786847889e-18,6.751943715797185e-18,7.314605692113617e-17,5.626619763164322e-17,1948.9525428021825,2234.6895756753215,1887.3248574588467,1454.1337537295333,1249.5266787007588,1788.0634671642965,-87.10041515139368,-233.86260863969662,72802.44487881988,8.089160542091098e+23,7.728613747148003e-22,7.364849431419705e-22
2.48818e-06,202263.0,6.74209,3e+22,-2633.44,-1867.42,71286.9,4.48822,4.50505,4.46195,0.000179739879,0.00015470146,0.202226296,0.00921095802,0.0093573799,0.0465173889,-2.19853442e-07,1.96398907e-05,3.65333353e-06,2698.32149,-166.744104,544.292452,258.067227,1988.0737,-449.770247,-1056.28386,26.5022913,15375.1496,12600.0,202262.570518,6.742085684,-270.0,30000 3000,1e-06,2,0.0 0.0259,0.0 0.0,-1.0 0.0,0.00054857 28.0,30000,1000,0,0.0,0.0 0.0 0.0,1000 1000000 0,0,0.0,0,100,0,,90,,1,,,10,1.0,10.0,0.1,True,{},,,False,3,mixed,250,300,True,Ar_Aubin,,False,uniform,Argon_Aubin_Model3-test/90Td,3.0000000000000005e+21,7.920766666666666e+23,5.063957786847889e-17,2.1482771852947165e-13,2.1432188541276322e-13,7.314605692113617e-18,3.938633834215025e-18,5.626619763164321e-19,0.0,1.6879859289492963e-18,3.3759718578985926e-18,3.938633834215025e-18,9.565253597379346e-18,5.626619763164321e-19,5.626619763164321e-19,2.813309881582161e-18,1.1253239526328642e-18,1.7442521265809397e-17,5.626619763164322e-18,1.6879859289492963e-18,2.813309881582161e-18,2.813309881582161e-18,1.1815901502645076e-17,6.751943715797185e-18,1.4066549407910804e-17,1.4629211384227235e-17,1.1253239526328644e-17,6.751943715797185e-18,1.0971908538170428e-16,5.5140873679010355e-17,5.964216948954181e-17,0.0,9.002591621062914e-18,7.314605692113617e-18,5.626619763164322e-18,7.764735273166763e-17,5.06395778684789e-17,1850.690078129479,2698.7948241869535,1783.4736205631034,1988.3625926004331,1067.7616646452377,959.0638596776025,-474.65557079843,7.746310157954895,78102.28181937813,8.678031313264238e+23,6.4837513948170715e-22,7.103630241808649e-22
2.50792e-06,202880.0,6.76267,3e+22,-520.913,2991.39,84488.9,4.49016,4.47909,4.51546,0.000142061677,0.000102137015,0.203792181,0.00929302986,0.00943724843,0.0472177959,3.16470264e-06,6.52851912e-06,-6.44969922e-06,2843.82243,437.490261,-115.699647,920.50537,2013.69473,-803.155414,28.7219756,1007.27751,18738.1452,12700.0,202880.139921,6.762671331,-270.0,30000 3000,1e-06,2,0.0 0.0259,0.0 0.0,-1.0 0.0,0.00054857 28.0,30000,1000,0,0.0,0.0 0.0 0.0,1000 1000000 0,0,0.0,0,100,0,,90,,1,,,10,1.0,10.0,0.1,True,{},,,False,3,mixed,250,300,True,Ar_Aubin,,False,uniform,Argon_Aubin_Model3-test/90Td,3.0000000000000005e+21,9.387655555555557e+23,5.851684553690893e-17,2.153228610686301e-13,2.1481365198006378e-13,4.501295810531457e-18,3.3759718578985926e-18,1.6879859289492963e-18,0.0,1.6879859289492963e-18,2.2506479052657284e-18,4.501295810531457e-18,5.626619763164322e-18,2.2506479052657284e-18,2.2506479052657284e-18,2.2506479052657284e-18,2.813309881582161e-18,1.2378563478961506e-17,5.063957786847889e-18,4.501295810531457e-18,2.2506479052657284e-18,3.938633834215025e-18,1.069057755001221e-17,1.6879859289492963e-18,1.4066549407910804e-17,1.2378563478961506e-17,1.1815901502645076e-17,1.1253239526328644e-17,1.0634311352380567e-16,6.020483146585824e-17,6.189281739480753e-17,0.0,2.813309881582161e-18,1.2378563478961506e-17,6.751943715797185e-18,7.70846907553512e-17,5.851684553690894e-17,2078.3486662556043,2843.896431774351,2022.596153718771,2013.3891983546991,1636.3864899394205,1519.9679987091004,-289.3697701312248,7.177690159367714,79295.75539058252,8.810639487842503e+23,7.379568458447225e-22,6.925980281067564e-22
2.52767e-06,202028.0,6.73427,3e+22,-9080.26,1722.81,59398.8,4.45957,4.48514,4.50328,0.000138127541,9.64072337e-05,0.205276603,0.00936822591,0.00951456511,0.047878866,5.77137219e-06,9.54519884e-06,-1.855586e-05,2105.51061,690.613911,639.984636,-22.6401718,2047.80893,-1132.50448,-1886.66326,1.4454465,12980.5508,12800.0,202028.012246,6.734267075,-270.0,30000 3000,1e-06,2,0.0 0.0259,0.0 0.0,-1.0 0.0,0.00054857 28.0,30000,1000,0,0.0,0.0 0.0 0.0,1000 1000000 0,0,0.0,0,100,0,,90,,1,,,10,1.0,10.0,0.1,True,{},,,False,3,mixed,250,300,True,Ar_Aubin,,False,uniform,Argon_Aubin_Model3-test/90Td,3.0000000000000005e+21,6.599866666666668e+23,5.851684553690893e-17,2.1532342373060645e-13,2.1477820427555584e-13,9.002591621062914e-18,2.2506479052657284e-18,2.2506479052657284e-18,0.0,1.6879859289492963e-18,3.3759718578985926e-18,8.439929644746482e-18,6.751943715797185e-18,1.6879859289492963e-18,2.813309881582161e-18,4.501295810531457e-18,2.813309881582161e-18,1.8005183242125827e-17,5.626619763164322e-18,2.2506479052657284e-18,3.938633834215025e-18,3.3759718578985926e-18,8.439929644746482e-18,5.063957786847889e-18,1.57545353368601e-17,1.57545353368601e-17,1.2378563478961506e-17,1.294122545527794e-17,1.260362826948808e-16,5.851684553690894e-17,6.076749344217467e-17,0.0,8.439929644746482e-18,5.626619763164322e-18,5.063957786847889e-18,7.314605692113617e-17,5.851684553690894e-17,1903.9760247548825,2106.7648439854406,1957.6708228709483,2047.6428386537093,1363.2021814808813,787.3669137235993,182.98035767363368,609.0816929744292,75170.50345868383,8.352278162075981e+23,7.784548838238352e-22,9.8515198180618e-22
2.54742e-06,202043.0,6.73476,3e+22,2038.88,-539.928,74751.0,4.47607,4.46207,4.49959,7.65210356e-05,0.000131250708,0.206777293,0.00944150091,0.00960578351,0.0485351085,3.18308186e-06,4.94286754e-06,-1.56325201e-05,2042.67364,-14.0762489,-423.488634,-818.751689,2022.81795,-524.250178,349.725892,243.04526,16638.5655,12900.0,202042.910394,6.73476368,-270.0,30000 3000,1e-06,2,0.0 0.0259,0.0 0.0,-1.0 0.0,0.00054857 28.0,30000,1000,0,0.0,0.0 0.0 0.0,1000 1000000 0,0,0.0,0,100,0,,90,,1,,,10,1.0,10.0,0.1,True,{},,,False,3,mixed,250,300,True,Ar_Aubin,,False,uniform,Argon_Aubin_Model3-test/90Td,3.0000000000000005e+21,8.305666666666669e+23,4.951425391584602e-17,2.145176917805213e-13,2.140006054242865e-13,3.3759718578985926e-18,1.6879859289492963e-18,2.2506479052657284e-18,0.0,0.0,5.626619763164322e-18,4.501295810531457e-18,6.189281739480753e-18,0.0,5.626619763164322e-18,5.063957786847889e-18,3.3759718578985926e-18,1.9693169171075125e-17,7.314605692113617e-18,1.6879859289492963e-18,1.1253239526328642e-18,3.938633834215025e-18,6.751943715797185e-18,1.6879859289492963e-18,1.9130507194758692e-17,1.5191873360543668e-17,8.439929644746482e-18,1.294122545527794e-17,1.2884959257646297e-16,5.289022577374462e-17,6.30181413474404e-17,0.0,2.813309881582161e-18,3.3759718578985926e-18,7.87726766843005e-18,7.314605692113617e-17,4.9514253915846025e-17,1855.642356682213,2042.5176227909358,2309.429788386305,2022.8888159322692,959.0462241043148,1181.7560709570007,401.53177118499605,-501.0768530839756,75994.30811144754,8.443812012383061e+23,6.515521378684327e-22,6.623891843031668e-22
2.56717e-06,203222.0,6.77406,3e+22,6621.64,-4447.21,75242.4,4.48803,4.47465,4.55288,5.75742014e-05,0.00013416528,0.208362018,0.00950959344,0.00968564915,0.0492311859,-6.67798248e-06,-5.01030697e-06,-1.65992523e-05,2056.1342,-796.755785,505.34876,-349.083863,1156.02384,497.015159,1792.42382,-1233.41738,16489.4573,13000.0,203221.732031,6.774057734,-270.0,30000 3000,1e-06,2,0.0 0.0259,0.0 0.0,-1.0 0.0,0.00054857 28.0,30000,1000,0,0.0,0.0 0.0 0.0,1000 1000000 0,0,0.0,0,100,0,,90,,1,,,10,1.0,10.0,0.1,True,{},,,False,3,mixed,250,300,True,Ar_Aubin,,False,uniform,Argon_Aubin_Model3-test/90Td,3.0000000000000005e+21,8.360266666666669e+23,5.4015549726377476e-17,2.153183597728196e-13,2.1482209190970854e-13,1.6879859289492963e-18,1.1253239526328642e-18,1.1253239526328642e-18,0.0,0.0,1.6879859289492963e-18,7.314605692113617e-18,2.813309881582161e-18,5.626619763164321e-19,1.6879859289492963e-18,3.3759718578985926e-18,4.501295810531457e-18,9.002591621062914e-18,5.063957786847889e-18,1.1253239526328642e-18,2.813309881582161e-18,3.938633834215025e-18,5.626619763164322e-18,2.813309881582161e-18,1.9693169171075125e-17,2.081849312370799e-17,1.1253239526328644e-17,9.002591621062914e-18,1.2716160664751365e-16,6.076749344217467e-17,5.4578211702693925e-17,0.0,3.938633834215025e-18,6.189281739480753e-18,5.626619763164322e-18,6.695677518165542e-17,5.401554972637748e-17,1724.1528170853567,2055.752964365042,2022.1615611673533,1156.6205011748689,967.108464292105,811.7989968367983,-310.2503974962675,913.7422860390602,80249.80503762566,8.91664500418063e+23,6.730925975589838e-22,7.17887118517983e-22
2.58691e-06,203735.0,6.79118,3e+22,6043.96,6103.99,76716.5,4.56106,4.47935,4.50808,0.0001239744,0.000161334717,0.209895702,0.00959029112,0.00975318175,0.0499226016,-5.35819694e-06,1.82243638e-05,-9.38276517e-06,1290.90472,220.189214,441.990335,-513.555718,2451.30207,463.300793,1330.88633,1303.01346,17399.467,13100.0,203735.492087,6.79118307,-270.0,30000 3000,1e-06,2,0.0 0.0259,0.0 0.0,-1.0 0.0,0.00054857 28.0,30000,1000,0,0.0,0.0 0.0 0.0,1000 1000000 0,0,0.0,0,100,0,,90,,1,,,10,1.0,10.0,0.1,True,{},,,False,3,mixed,250,300,True,Ar_Aubin,,False,uniform,Argon_Aubin_Model3-test/90Td,3.0000000000000005e+21,8.524055555555558e+23,5.514087367901035e-17,2.162844503861549e-13,2.1578143057932806e-13,6.751943715797185e-18,2.2506479052657284e-18,2.2506479052657284e-18,0.0,5.626619763164321e-19,3.3759718578985926e-18,6.189281739480753e-18,7.314605692113617e-18,5.626619763164321e-19,1.6879859289492963e-18,3.3759718578985926e-18,6.751943715797185e-18,1.8005183242125827e-17,5.626619763164322e-18,3.3759718578985926e-18,3.3759718578985926e-18,1.6879859289492963e-18,8.439929644746482e-18,8.439929644746482e-18,1.4066549407910804e-17,1.2378563478961506e-17,1.1253239526328644e-17,7.87726766843005e-18,1.0634311352380567e-16,5.4578211702693925e-17,6.47061272763897e-17,0.0,5.626619763164322e-18,7.314605692113617e-18,1.6879859289492963e-18,7.202073296850331e-17,5.5140873679010355e-17,2042.9429984912592,1290.155423685376,1709.707896519248,2450.3172845007794,1264.4836018799915,1297.0033775170014,466.3527269622139,494.7645558824802,77665.11034363914,8.629456704848796e+23,7.099825576121962e-22,7.187615920826726e-22
2.60666e-06,203047.0,6.76823,3e+22,-884.905,-5362.84,59873.7,4.48151,4.53994,4.49445,0.000111311414,0.000163145589,0.211395987,0.00966722597,0.00983864137,0.0505972131,-1.03791157e-05,2.26157477e-05,-1.15142042e-05,2036.12053,-303.291918,-698.954142,-466.447707,1894.63307,517.36918,113.980671,-1722.56817,13383.7257,13200.0,203046.861522,6.768228717,-270.0,30000 3000,1e-06,2,0.0 0.0259,0.0 0.0,-1.0 0.0,0.00054857 28.0,30000,1000,0,0.0,0.0 0.0 0.0,1000 1000000 0,0,0.0,0,100,0,,90,,1,,,10,1.0,10.0,0.1,True,{},,,False,3,mixed,250,300,True,Ar_Aubin,,False,uniform,Argon_Aubin_Model3-test/90Td,3.0000000000000005e+21,6.652633333333334e+23,5.514087367901035e-17,2.168938133065056e-13,2.163491565134313e-13,5.626619763164322e-18,3.3759718578985926e-18,3.3759718578985926e-18,0.0,0.0,2.813309881582161e-18,6.189281739480753e-18,8.439929644746482e-18,1.1253239526328642e-18,1.1253239526328642e-18,2.813309881582161e-18,3.3759718578985926e-18,1.5191873360543668e-17,8.439929644746482e-18,3.938633834215025e-18,2.813309881582161e-18,6.189281739480753e-18,9.002591621062914e-18,3.938633834215025e-18,1.7442521265809397e-17,1.294122545527794e-17,1.350388743159437e-17,8.439929644746482e-18,1.1478304316855216e-16,6.583145122902256e-17,6.977008506323759e-17,0.0,7.314605692113617e-18,1.0127915573695778e-17,6.751943715797185e-18,7.483404285008547e-17,5.5140873679010355e-17,1948.0496019974414,2036.2190300268055,2163.8046630872755,1895.5079936905129,1077.4557250227933,726.6657931581012,348.51633081485056,-404.5727313321769,75973.79908241176,8.441533231379086e+23,7.257880262009391e-22,9.209531677349212e-22
2.62641e-06,202554.0,6.75181,3e+22,-1410.92,-1779.65,77508.0,4.48112,4.47496,4.51335,0.000111403469,0.000212989036,0.2129256,0.00974185218,0.00991934535,0.0512923902,-9.61150572e-06,2.74492469e-05,-9.11939149e-06,876.982891,51.6942378,461.361419,218.007117,1414.29389,605.974709,-600.530457,-550.052025,18105.4789,13300.0,202554.301578,6.751810053,-270.0,30000 3000,1e-06,2,0.0 0.0259,0.0 0.0,-1.0 0.0,0.00054857 28.0,30000,1000,0,0.0,0.0 0.0 0.0,1000 1000000 0,0,0.0,0,100,0,,90,,1,,,10,1.0,10.0,0.1,True,{},,,False,3,mixed,250,300,True,Ar_Aubin,,False,uniform,Argon_Aubin_Model3-test/90Td,3.0000000000000005e+21,8.612000000000002e+23,5.3452887750061045e-17,2.1563907709931995e-13,2.1508991901043514e-13,3.3759718578985926e-18,1.6879859289492963e-18,1.6879859289492963e-18,0.0,2.2506479052657284e-18,2.2506479052657284e-18,3.938633834215025e-18,5.063957786847889e-18,1.6879859289492963e-18,1.6879859289492963e-18,4.501295810531457e-18,3.938633834215025e-18,2.306914102897372e-17,6.189281739480753e-18,2.2506479052657284e-18,2.813309881582161e-18,2.813309881582161e-18,6.189281739480753e-18,5.626619763164322e-18,1.6879859289492963e-17,1.4629211384227235e-17,1.069057755001221e-17,9.565253597379346e-18,1.3785218419752588e-16,7.033274703955402e-17,5.851684553690894e-17,0.0,5.063957786847889e-18,3.3759718578985926e-18,4.501295810531457e-18,8.327397249483196e-17,5.345288775006105e-17,1889.5193670554365,877.1400723824814,2042.9330482431872,1414.6729359379174,1167.9837432819543,1602.0414951999992,235.15171354148998,152.61728947674806,77458.95662213684,8.606550735792984e+23,6.900801415492453e-22,6.896434916403603e-22
2.64616e-06,202363.0,6.74543,3e+22,5295.39,2233.67,65612.7,4.51621,4.48298,4.46701,0.000205719577,0.000271010531,0.214470979,0.00980121175,0.0100046271,0.0520164229,-6.93286016e-06,4.42105325e-05,3.73749007e-06,1983.37307,-38.199272,-683.83273,-190.764645,2037.1763,258.091644,719.026181,1246.90401,14991.8786,13400.0,202363.016573,6.745433886,-270.0,30000 3000,1e-06,2,0.0 0.0259,0.0 0.0,-1.0 0.0,0.00054857 28.0,30000,1000,0,0.0,0.0 0.0 0.0,1000 1000000 0,0,0.0,0,100,0,,90,,1,,,10,1.0,10.0,0.1,True,{},,,False,3,mixed,250,300,True,Ar_Aubin,,False,uniform,Argon_Aubin_Model3-test/90Td,3.0000000000000005e+21,7.290300000000001e+23,6.414346530007326e-17,2.1541963892855654e-13,2.1488173407919807e-13,9.002591621062914e-18,2.813309881582161e-18,1.6879859289492963e-18,0.0,0.0,2.813309881582161e-18,8.439929644746482e-18,5.626619763164322e-18,0.0,2.2506479052657284e-18,2.813309881582161e-18,4.501295810531457e-18,1.57545353368601e-17,3.938633834215025e-18,2.813309881582161e-18,1.6879859289492963e-18,2.2506479052657284e-18,1.069057755001221e-17,5.063957786847889e-18,1.6879859289492963e-17,1.8005183242125827e-17,6.751943715797185e-18,7.314605692113617e-18,1.1984700095540006e-16,6.30181413474404e-17,6.920742308692116e-17,0.0,6.751943715797185e-18,1.0127915573695778e-17,6.189281739480753e-18,6.751943715797185e-17,6.414346530007327e-17,1502.2144735141028,1982.2837046091502,2158.6048700472415,2036.5709519072213,1608.8954024719726,919.8585961666995,-184.27453739477042,-1114.0118433766381,78257.34020681272,8.695260022979192e+23,8.196479094556452e-22,9.776074647145029e-22
2.6659e-06,202493.0,6.74976,3e+22,3434.19,-2682.88,70749.1,4.45293,4.52475,4.49328,0.000244763967,0.000203236386,0.215979057,0.00986960427,0.0100811946,0.052719333,-1.16352112e-05,4.59557368e-05,-1.09355563e-05,1685.95161,419.002962,375.506502,341.826846,2445.80762,107.268263,648.414406,270.22491,16109.4827,13500.0,202492.86091,6.74976203,-270.0,30000 3000,1e-06,2,0.0 0.0259,0.0 0.0,-1.0 0.0,0.00054857 28.0,30000,1000,0,0.0,0.0 0.0 0.0,1000 1000000 0,0,0.0,0,100,0,,90,,1,,,10,1.0,10.0,0.1,True,{},,,False,3,mixed,250,300,True,Ar_Aubin,,False,uniform,Argon_Aubin_Model3-test/90Td,3.0000000000000005e+21,7.861011111111114e+23,5.457821170269392e-17,2.1503702878466135e-13,2.1452444372423713e-13,5.063957786847889e-18,3.938633834215025e-18,1.1253239526328642e-18,0.0,5.626619763164321e-19,2.2506479052657284e-18,5.063957786847889e-18,6.189281739480753e-18,1.6879859289492963e-18,0.0,2.813309881582161e-18,4.501295810531457e-18,1.6879859289492963e-17,6.189281739480753e-18,5.626619763164321e-19,3.3759718578985926e-18,5.626619763164322e-18,1.4066549407910804e-17,3.3759718578985926e-18,1.4066549407910804e-17,1.350388743159437e-17,1.350388743159437e-17,8.439929644746482e-18,1.175963530501343e-16,5.795418356059251e-17,5.907950751322538e-17,0.0,3.938633834215025e-18,9.002591621062914e-18,5.626619763164322e-18,7.202073296850331e-17,5.4578211702693925e-17,1731.2388249799658,1685.1110440321684,1939.486759758732,2446.352878835272,1361.1379373790307,829.1587984012986,-354.36601282109143,264.89095986349037,76368.43331273971,8.485381479193302e+23,7.146697835110522e-22,7.714333002496698e-22
2.68565e-06,203134.0,6.77113,3e+22,3248.71,-7384.23,63826.0,4.51578,4.49218,4.51077,0.000323810562,0.00023512515,0.217482857,0.00995327294,0.0101647482,0.0534070996,-1.07477961e-05,6.78050971e-05,-2.43702937e-06,2532.38205,665.950255,700.517304,-626.764751,1309.65604,357.507406,1316.34789,-749.0354,15159.3034,13600.0,203133.75481,6.77112516,-270.0,30000 3000,1e-06,2,0.0 0.0259,0.0 0.0,-1.0 0.0,0.00054857 28.0,30000,1000,0,0.0,0.0 0.0 0.0,1000 1000000 0,0,0.0,0,100,0,,90,,1,,,10,1.0,10.0,0.1,True,{},,,False,3,mixed,250,300,True,Ar_Aubin,,False,uniform,Argon_Aubin_Model3-test/90Td,3.0000000000000005e+21,7.091777777777778e+23,4.7263606010580297e-17,2.1551247815464877e-13,2.1502127424932454e-13,4.501295810531457e-18,2.813309881582161e-18,2.813309881582161e-18,0.0,1.1253239526328642e-18,2.2506479052657284e-18,6.751943715797185e-18,3.938633834215025e-18,5.626619763164321e-19,3.938633834215025e-18,5.063957786847889e-18,2.2506479052657284e-18,1.7442521265809397e-17,5.626619763164322e-18,1.6879859289492963e-18,2.813309881582161e-18,2.2506479052657284e-18,9.002591621062914e-18,2.813309881582161e-18,1.350388743159437e-17,1.4066549407910804e-17,1.4066549407910804e-17,9.565253597379346e-18,1.1534570514486859e-16,6.076749344217467e-17,5.570353565532679e-17,0.0,3.3759718578985926e-18,5.626619763164322e-18,3.3759718578985926e-18,7.089540901587045e-17,4.72636060105803e-17,2117.3350952398846,2531.3300833891253,2115.205576238722,1311.3922581863847,909.6532638929885,1278.2425691180015,217.2440386938775,1289.658928705318,76151.79719861853,8.461310799846504e+23,6.206499091191206e-22,7.405070975868815e-22
2.7054e-06,203330.0,6.77766,3e+22,-3918.52,-5073.79,67115.1,4.48874,4.50602,4.53471,0.000328215675,0.000244276499,0.219004476,0.0100398992,0.0102401917,0.0541164569,-1.21475929e-05,6.90143069e-05,5.77150676e-06,2504.33231,-474.282132,-334.632867,-108.215362,2539.03371,-359.445761,-1367.89899,-1262.21036,16102.6165,13700.0,203329.80597,6.777660199,-270.0,30000 3000,1e-06,2,0.0 0.0259,0.0 0.0,-1.0 0.0,0.00054857 28.0,30000,1000,0,0.0,0.0 0.0 0.0,1000 1000000 0,0,0.0,0,100,0,,90,,1,,,10,1.0,10.0,0.1,True,{},,,False,3,mixed,250,300,True,Ar_Aubin,,False,uniform,Argon_Aubin_Model3-test/90Td,3.0000000000000005e+21,7.457233333333335e+23,4.895159193952959e-17,2.1604925768005465e-13,2.1553217132381986e-13,4.501295810531457e-18,2.813309881582161e-18,1.1253239526328642e-18,0.0,1.1253239526328642e-18,3.3759718578985926e-18,5.626619763164322e-18,4.501295810531457e-18,1.6879859289492963e-18,1.1253239526328642e-18,1.1253239526328642e-18,7.314605692113617e-18,1.5191873360543668e-17,1.0127915573695778e-17,3.938633834215025e-18,3.938633834215025e-18,3.3759718578985926e-18,1.069057755001221e-17,3.3759718578985926e-18,1.7442521265809397e-17,1.2378563478961506e-17,1.6317197313176533e-17,1.0127915573695778e-17,1.069057755001221e-16,6.414346530007327e-17,7.089540901587045e-17,0.0,6.189281739480753e-18,6.189281739480753e-18,3.938633834215025e-18,6.864476111060473e-17,4.8951591939529595e-17,2193.2858946176625,2505.618429686801,1910.1024141962546,2540.2731176578613,1144.1982450314447,1404.1091928123988,-12.571071018243316,-866.3866655536724,77054.14383665707,8.561571537406342e+23,6.352882467073988e-22,7.293677866758685e-22
2.72515e-06,202470.0,6.74901,3e+22,-12398.4,-631.515,71727.8,4.48398,4.45431,4.52962,0.000284700056,0.000239555457,0.220441946,0.0101093121,0.0103377798,0.0548054572,-9.42895378e-06,5.49569757e-05,3.85029982e-06,2398.9172,1001.42368,-1263.31095,-227.043769,2120.69251,590.000411,-2486.31514,-213.268829,17267.5681,13800.0,202470.395013,6.749013167,-270.0,30000 3000,1e-06,2,0.0 0.0259,0.0 0.0,-1.0 0.0,0.00054857 28.0,30000,1000,0,0.0,0.0 0.0 0.0,1000 1000000 0,0,0.0,0,100,0,,90,,1,,,10,1.0,10.0,0.1,True,{},,,False,3,mixed,250,300,True,Ar_Aubin,,False,uniform,Argon_Aubin_Model3-test/90Td,3.0000000000000005e+21,7.969755555555557e+23,6.414346530007326e-17,2.1528403739226427e-13,2.1475794844440844e-13,6.189281739480753e-18,2.813309881582161e-18,5.626619763164321e-19,0.0,1.1253239526328642e-18,3.3759718578985926e-18,3.938633834215025e-18,3.3759718578985926e-18,1.1253239526328642e-18,2.813309881582161e-18,3.938633834215025e-18,4.501295810531457e-18,1.294122545527794e-17,9.565253597379346e-18,2.2506479052657284e-18,1.1253239526328642e-18,2.813309881582161e-18,1.1815901502645076e-17,3.3759718578985926e-18,1.8005183242125827e-17,1.9130507194758692e-17,1.57545353368601e-17,7.314605692113617e-18,1.187216770027672e-16,5.5140873679010355e-17,5.5140873679010355e-17,0.0,5.063957786847889e-18,1.0127915573695778e-17,7.87726766843005e-18,7.202073296850331e-17,6.414346530007327e-17,1758.1952917201586,2402.44702517431,2470.967929727063,2120.843792864427,1451.058158736358,1455.752285701199,-249.98043553012948,-1036.9195753903573,72792.87399860215,8.088097110955795e+23,8.81177810087633e-22,8.942622706966233e-22
2.74489e-06,202063.0,6.73544,3e+22,-4948.91,-830.464,72619.7,4.51405,4.4302,4.49651,0.000215569122,0.000222568756,0.221914106,0.0101875845,0.0104252098,0.055495566,-1.75730055e-05,3.33181122e-05,3.78550547e-06,1755.93413,-54.9651475,261.17418,-409.723035,1904.81048,-906.817534,-1615.74639,-742.325502,17362.3721,13900.0,202063.293112,6.735443104,-270.0,30000 3000,1e-06,2,0.0 0.0259,0.0 0.0,-1.0 0.0,0.00054857 28.0,30000,1000,0,0.0,0.0 0.0 0.0,1000 1000000 0,0,0.0,0,100,0,,90,,1,,,10,1.0,10.0,0.1,True,{},,,False,3,mixed,250,300,True,Ar_Aubin,,False,uniform,Argon_Aubin_Model3-test/90Td,3.0000000000000005e+21,8.068855555555557e+23,5.682885960795963e-17,2.1442372723047648e-13,2.1390270224040748e-13,2.813309881582161e-18,2.2506479052657284e-18,2.813309881582161e-18,0.0,1.1253239526328642e-18,2.813309881582161e-18,3.3759718578985926e-18,4.501295810531457e-18,1.1253239526328642e-18,3.3759718578985926e-18,2.813309881582161e-18,5.626619763164322e-18,1.1253239526328644e-17,5.063957786847889e-18,1.6879859289492963e-18,2.813309881582161e-18,5.063957786847889e-18,1.350388743159437e-17,5.626619763164322e-18,1.8005183242125827e-17,2.081849312370799e-17,1.069057755001221e-17,9.002591621062914e-18,1.1084440933433714e-16,6.189281739480753e-17,5.4578211702693925e-17,0.0,8.439929644746482e-18,1.1253239526328644e-17,6.751943715797185e-18,7.427138087376904e-17,5.682885960795965e-17,1982.7163088691711,1757.000962183557,2213.9079059985447,1904.9953153393828,984.6844264988619,1247.036296511802,-340.1388597428503,-271.9938366444435,74549.56095485989,8.28328455053999e+23,7.622963687521886e-22,7.825543152610055e-22
2.76464e-06,202082.0,6.73608,3e+22,-5271.23,4031.34,67754.7,4.49277,4.45528,4.49776,0.000216873848,0.000235038988,0.223416197,0.0102618598,0.0105152561,0.0562147483,-1.48970131e-05,3.22384475e-05,5.24023489e-06,1800.28202,-285.276566,211.627005,631.555648,1580.28728,-454.068857,-1115.42259,1302.37125,16637.8905,14000.0,202082.384214,6.736079474,-270.0,30000 3000,1e-06,2,0.0 0.0259,0.0 0.0,-1.0 0.0,0.00054857 28.0,30000,1000,0,0.0,0.0 0.0 0.0,1000 1000000 0,0,0.0,0,100,0,,90,,1,,,10,1.0,10.0,0.1,True,{},,,False,3,mixed,250,300,True,Ar_Aubin,,False,uniform,Argon_Aubin_Model3-test/90Td,3.0000000000000005e+21,7.5283e+23,5.120223984479532e-17,2.1468874102132152e-13,2.1417221732706305e-13,7.314605692113617e-18,2.813309881582161e-18,2.813309881582161e-18,0.0,5.626619763164321e-19,1.6879859289492963e-18,5.626619763164322e-18,2.2506479052657284e-18,5.626619763164321e-19,1.6879859289492963e-18,9.002591621062914e-18,1.6879859289492963e-18,1.4066549407910804e-17,6.751943715797185e-18,3.3759718578985926e-18,5.626619763164321e-19,3.3759718578985926e-18,1.4629211384227235e-17,3.938633834215025e-18,1.8005183242125827e-17,1.1253239526328644e-17,1.2378563478961506e-17,7.314605692113617e-18,1.277242686238301e-16,5.795418356059251e-17,6.189281739480753e-17,0.0,9.565253597379346e-18,9.565253597379346e-18,2.2506479052657284e-18,6.47061272763897e-17,5.120223984479533e-17,1880.6206331065086,1801.4252119337932,2279.8088235733994,1579.3397579261161,1272.4626998091055,1500.3930971241007,-85.83236573326755,259.18835260322453,76065.25416004188,8.451694906671321e+23,6.731357228763795e-22,7.557001926773393e-22
2.78439e-06,201692.0,6.72307,3e+22,-3458.13,720.469,66069.2,4.43321,4.46629,4.52176,0.000161156119,0.000275050962,0.224886779,0.0103298894,0.0105885158,0.0569242065,-1.63072252e-05,1.91974871e-05,8.18285814e-06,1731.71242,-76.4694519,20.461772,-106.964665,1335.94604,-129.654773,-1133.89125,181.789425,16099.2805,14100.0,201692.165093,6.72307217,-270.0,30000 3000,1e-06,2,0.0 0.0259,0.0 0.0,-1.0 0.0,0.00054857 28.0,30000,1000,0,0.0,0.0 0.0 0.0,1000 1000000 0,0,0.0,0,100,0,,90,,1,,,10,1.0,10.0,0.1,True,{},,,False,3,mixed,250,300,True,Ar_Aubin,,False,uniform,Argon_Aubin_Model3-test/90Td,3.0000000000000005e+21,7.341022222222223e+23,6.189281739480752e-17,2.1402254924136283e-13,2.135037748991991e-13,6.189281739480753e-18,3.3759718578985926e-18,2.2506479052657284e-18,0.0,1.6879859289492963e-18,3.938633834215025e-18,3.938633834215025e-18,2.813309881582161e-18,1.6879859289492963e-18,3.938633834215025e-18,1.6879859289492963e-18,1.6879859289492963e-18,1.856784521844226e-17,5.063957786847889e-18,1.6879859289492963e-18,2.2506479052657284e-18,3.938633834215025e-18,1.1253239526328644e-17,1.6879859289492963e-18,1.856784521844226e-17,1.57545353368601e-17,1.2378563478961506e-17,7.87726766843005e-18,1.1309505723960286e-16,5.401554972637748e-17,6.30181413474404e-17,0.0,3.3759718578985926e-18,1.350388743159437e-17,2.813309881582161e-18,7.483404285008547e-17,6.189281739480753e-17,1723.0284232672236,1732.2697188097975,1854.4033719422246,1335.747874308459,1270.8486420482004,1241.190920893201,-42.01619297399378,-346.38921679416455,74469.65170098332,8.274405744553704e+23,8.311146350371647e-22,9.367877527623692e-22
2.80413e-06,202530.0,6.75099,3e+22,-132.25,1646.75,74386.8,4.50876,4.45978,4.50197,0.000210938219,0.000280267663,0.226390263,0.0103905042,0.0106534484,0.0576457812,-1.82935964e-05,2.70463087e-05,1.592667e-05,789.964265,-764.157333,-971.051731,303.779515,1235.78772,468.522675,-109.801793,452.879819,17748.2652,14200.0,202529.818157,6.750993939,-270.0,30000 3000,1e-06,2,0.0 0.0259,0.0 0.0,-1.0 0.0,0.00054857 28.0,30000,1000,0,0.0,0.0 0.0 0.0,1000 1000000 0,0,0.0,0,100,0,,90,,1,,,10,1.0,10.0,0.1,True,{},,,False,3,mixed,250,300,True,Ar_Aubin,,False,uniform,Argon_Aubin_Model3-test/90Td,3.0000000000000005e+21,8.265200000000001e+23,5.007691589216246e-17,2.1490761653010859e-13,2.1442935385023965e-13,4.501295810531457e-18,5.626619763164321e-19,3.3759718578985926e-18,0.0,1.1253239526328642e-18,2.2506479052657284e-18,4.501295810531457e-18,6.189281739480753e-18,1.6879859289492963e-18,2.813309881582161e-18,3.938633834215025e-18,2.813309881582161e-18,1.0127915573695778e-17,6.189281739480753e-18,1.6879859289492963e-18,3.938633834215025e-18,3.938633834215025e-18,7.314605692113617e-18,4.501295810531457e-18,1.069057755001221e-17,1.4066549407910804e-17,1.1253239526328644e-17,6.751943715797185e-18,1.1309505723960286e-16,4.3324972176365277e-17,5.795418356059251e-17,0.0,7.314605692113617e-18,5.626619763164322e-18,6.189281739480753e-18,8.046066261324979e-17,5.007691589216247e-17,1534.2849276982047,789.9921615794627,1644.0063772641809,1235.3261892259547,1090.950904566577,907.8179842716017,-185.52603168573566,-1066.6044308273592,76135.79509201208,8.459532788001344e+23,6.577315680704879e-22,6.731962645544971e-22
2.82388e-06,202441.0,6.74804,3e+22,-7394.0,3061.18,71846.0,4.47736,4.53392,4.45509,0.000147479971,0.000301099029,0.227877801,0.0104589781,0.0107246344,0.0583683961,-1.97608559e-05,9.46603684e-06,2.12868749e-05,1717.07004,165.352557,-211.827509,-932.483945,2337.60444,592.050932,-1306.26543,-229.070013,18067.6639,14300.0,202441.164957,6.748038832,-270.0,30000 3000,1e-06,2,0.0 0.0259,0.0 0.0,-1.0 0.0,0.00054857 28.0,30000,1000,0,0.0,0.0 0.0 0.0,1000 1000000 0,0,0.0,0,100,0,,90,,1,,,10,1.0,10.0,0.1,True,{},,,False,3,mixed,250,300,True,Ar_Aubin,,False,uniform,Argon_Aubin_Model3-test/90Td,3.0000000000000005e+21,7.982888888888891e+23,4.951425391584602e-17,2.159991807641625e-13,2.1548209440792772e-13,6.189281739480753e-18,1.1253239526328642e-18,1.1253239526328642e-18,0.0,0.0,1.1253239526328642e-18,7.87726766843005e-18,2.813309881582161e-18,1.6879859289492963e-18,3.938633834215025e-18,3.938633834215025e-18,3.938633834215025e-18,1.6317197313176533e-17,4.501295810531457e-18,1.6879859289492963e-18,2.813309881582161e-18,3.3759718578985926e-18,6.751943715797185e-18,5.626619763164322e-18,1.350388743159437e-17,1.6317197313176533e-17,1.2378563478961506e-17,7.314605692113617e-18,1.277242686238301e-16,6.13301554184911e-17,6.414346530007327e-17,0.0,2.813309881582161e-18,1.2378563478961506e-17,6.189281739480753e-18,6.864476111060473e-17,4.9514253915846025e-17,1734.3205837323133,1718.160506905574,1802.1078556584623,2336.682721674406,1186.8370675017782,1695.5554093539995,-173.86210168742048,156.23967559753396,75328.29638332047,8.369810709257832e+23,6.573128066495034e-22,6.8917203345831385e-22
2.84363e-06,202824.0,6.7608,3e+22,-3032.66,1601.48,66962.5,4.51584,4.46908,4.51111,9.01337095e-05,0.000356853629,0.229373244,0.0105393832,0.0107944541,0.0590914334,-1.7499385e-05,-3.99961279e-06,3.17414651e-05,2008.62265,-42.3284522,-402.497209,120.513845,298.229987,344.383,-892.2049,798.855372,16302.2688,14400.0,202823.949983,6.760798333,-270.0,30000 3000,1e-06,2,0.0 0.0259,0.0 0.0,-1.0 0.0,0.00054857 28.0,30000,1000,0,0.0,0.0 0.0 0.0,1000 1000000 0,0,0.0,0,100,0,,90,,1,,,10,1.0,10.0,0.1,True,{},,,False,3,mixed,250,300,True,Ar_Aubin,,False,uniform,Argon_Aubin_Model3-test/90Td,3.0000000000000005e+21,7.440277777777779e+23,5.457821170269392e-17,2.154241402243671e-13,2.1492505905137445e-13,6.751943715797185e-18,2.2506479052657284e-18,2.2506479052657284e-18,0.0,5.626619763164321e-19,5.063957786847889e-18,3.3759718578985926e-18,3.938633834215025e-18,5.626619763164321e-19,1.1253239526328642e-18,3.3759718578985926e-18,2.2506479052657284e-18,1.4066549407910804e-17,3.938633834215025e-18,3.3759718578985926e-18,5.626619763164321e-19,2.813309881582161e-18,1.1253239526328644e-17,3.3759718578985926e-18,1.4629211384227235e-17,1.7442521265809397e-17,9.565253597379346e-18,6.751943715797185e-18,1.1140707131065357e-16,5.964216948954181e-17,7.202073296850331e-17,0.0,6.189281739480753e-18,6.751943715797185e-18,4.501295810531457e-18,6.47061272763897e-17,5.4578211702693925e-17,2036.1851751688077,2008.8959948954523,1766.8912391690303,297.6584930502291,993.6605708109388,942.8629486499995,-26.965549325220056,-605.1266253733536,75728.60224637233,8.414289138485817e+23,7.207080295121703e-22,8.1505636292990735e-22
2.86338e-06,202986.0,6.76621,3e+22,9510.52,-742.979,67991.8,4.47852,4.52933,4.49776,6.62392966e-05,0.000260077388,0.230870952,0.010612049,0.01086465,0.0598321979,-8.92358495e-06,-3.52907225e-06,1.80349466e-05,1939.97558,609.387709,998.48509,336.685968,721.201513,-684.120496,2584.62417,-426.459857,16305.3268,14500.0,202986.161493,6.766205383,-270.0,30000 3000,1e-06,2,0.0 0.0259,0.0 0.0,-1.0 0.0,0.00054857 28.0,30000,1000,0,0.0,0.0 0.0 0.0,1000 1000000 0,0,0.0,0,100,0,,90,,1,,,10,1.0,10.0,0.1,True,{},,,False,3,mixed,250,300,True,Ar_Aubin,,False,uniform,Argon_Aubin_Model3-test/90Td,3.0000000000000005e+21,7.554644444444446e+23,4.951425391584602e-17,2.1641048666884978e-13,2.159024029042361e-13,9.002591621062914e-18,2.2506479052657284e-18,1.6879859289492963e-18,0.0,1.6879859289492963e-18,4.501295810531457e-18,3.3759718578985926e-18,2.813309881582161e-18,5.626619763164321e-19,1.6879859289492963e-18,2.813309881582161e-18,4.501295810531457e-18,1.7442521265809397e-17,5.063957786847889e-18,1.1253239526328642e-18,2.2506479052657284e-18,3.3759718578985926e-18,6.751943715797185e-18,3.3759718578985926e-18,1.856784521844226e-17,1.7442521265809397e-17,1.1815901502645076e-17,8.439929644746482e-18,1.2040966293171649e-16,5.739152158427608e-17,5.570353565532679e-17,0.0,3.3759718578985926e-18,9.565253597379346e-18,3.3759718578985926e-18,7.821001470798407e-17,4.9514253915846025e-17,1839.9773246395382,1939.3456098448999,1778.8570714317398,721.3947450376588,1302.7812698694736,607.9952058064009,296.34647679776873,1382.9027245783923,75843.30089024309,8.427033432249235e+23,6.528494057438343e-22,7.28238609888928e-22
2.88312e-06,202275.0,6.74249,3e+22,3769.47,-7345.8,75115.3,4.4795,4.49132,4.48171,6.65519641e-05,0.00024736044,0.232317892,0.0106953798,0.010943478,0.06054157,-5.43629713e-06,1.34986546e-05,7.5014287e-06,1631.83078,-228.828765,295.883001,828.91297,2033.71114,342.187655,585.148217,-1784.93411,18389.6735,14600.0,202274.83216,6.742494405,-270.0,30000 3000,1e-06,2,0.0 0.0259,0.0 0.0,-1.0 0.0,0.00054857 28.0,30000,1000,0,0.0,0.0 0.0 0.0,1000 1000000 0,0,0.0,0,100,0,,90,,1,,,10,1.0,10.0,0.1,True,{},,,False,3,mixed,250,300,True,Ar_Aubin,,False,uniform,Argon_Aubin_Model3-test/90Td,3.0000000000000005e+21,8.346144444444446e+23,5.120223984479532e-17,2.155991280990015e-13,2.1507191382719302e-13,7.87726766843005e-18,0.0,5.626619763164321e-19,0.0,5.626619763164321e-19,3.938633834215025e-18,9.002591621062914e-18,7.87726766843005e-18,5.626619763164321e-19,1.6879859289492963e-18,2.2506479052657284e-18,5.626619763164322e-18,1.6879859289492963e-17,6.751943715797185e-18,2.2506479052657284e-18,2.2506479052657284e-18,2.2506479052657284e-18,1.069057755001221e-17,6.189281739480753e-18,1.7442521265809397e-17,1.350388743159437e-17,7.314605692113617e-18,7.314605692113617e-18,1.1703369107381788e-16,6.414346530007327e-17,6.526878925270613e-17,0.0,5.626619763164322e-18,6.751943715797185e-18,3.938633834215025e-18,8.046066261324979e-17,5.120223984479533e-17,2109.91721645604,1631.579914367884,1996.0717122373308,2035.5282003201519,991.665587941614,939.0453470524008,853.7450149225056,0.31682289379932627,73272.43080101722,8.141381200113027e+23,6.987927012254177e-22,6.816486101339584e-22
2.90287e-06,201358.0,6.71193,3e+22,3947.73,-5427.21,70116.8,4.43739,4.48993,4.46833,7.19891546e-05,0.000234611741,0.23372749,0.0107608845,0.0110219177,0.0612459566,7.45075443e-06,1.9382543e-05,8.67195342e-06,1085.76074,646.473482,-232.49243,-114.769728,1823.86979,-229.731266,300.516569,-1489.27609,16865.7208,14700.0,201357.847559,6.711928252,-270.0,30000 3000,1e-06,2,0.0 0.0259,0.0 0.0,-1.0 0.0,0.00054857 28.0,30000,1000,0,0.0,0.0 0.0 0.0,1000 1000000 0,0,0.0,0,100,0,,90,,1,,,10,1.0,10.0,0.1,True,{},,,False,3,mixed,250,300,True,Ar_Aubin,,False,uniform,Argon_Aubin_Model3-test/90Td,3.0000000000000005e+21,7.790755555555558e+23,4.895159193952959e-17,2.144771801182265e-13,2.1395277915629962e-13,6.189281739480753e-18,3.3759718578985926e-18,1.6879859289492963e-18,0.0,1.1253239526328642e-18,2.2506479052657284e-18,5.063957786847889e-18,5.626619763164322e-18,2.813309881582161e-18,3.3759718578985926e-18,2.813309881582161e-18,3.938633834215025e-18,1.8005183242125827e-17,5.626619763164322e-18,3.3759718578985926e-18,3.3759718578985926e-18,2.2506479052657284e-18,1.2378563478961506e-17,3.938633834215025e-18,1.9130507194758692e-17,1.5191873360543668e-17,1.069057755001221e-17,1.294122545527794e-17,1.1534570514486859e-16,5.739152158427608e-17,6.414346530007327e-17,0.0,6.189281739480753e-18,1.0127915573695778e-17,3.938633834215025e-18,7.314605692113617e-17,4.8951591939529595e-17,1658.5461054505063,1085.476546254711,1986.2322259705713,1825.1430771868727,1201.4230132462142,477.4971291679976,228.85321593180464,-859.7165342529573,71381.44768425271,7.93127196491697e+23,6.857747149660104e-22,6.981435538919287e-22
2.92262e-06,201816.0,6.72721,3e+22,-368.839,-2802.97,70246.9,4.45559,4.48219,4.48853,5.06204614e-05,0.000237335117,0.235252902,0.010839109,0.0110968788,0.0620071224,7.88809064e-06,1.38826226e-05,1.72324214e-06,2111.66508,233.802697,170.285758,-778.181822,1042.86899,-84.0089986,-53.0013791,-523.664724,18009.0015,14800.0,201816.150342,6.727205011,-270.0,30000 3000,1e-06,2,0.0 0.0259,0.0 0.0,-1.0 0.0,0.00054857 28.0,30000,1000,0,0.0,0.0 0.0 0.0,1000 1000000 0,0,0.0,0,100,0,,90,,1,,,10,1.0,10.0,0.1,True,{},,,False,3,mixed,250,300,True,Ar_Aubin,,False,uniform,Argon_Aubin_Model3-test/90Td,3.0000000000000005e+21,7.805211111111111e+23,4.5575620081631e-17,2.133496055176884e-13,2.12842084415051e-13,7.314605692113617e-18,1.1253239526328642e-18,1.6879859289492963e-18,0.0,1.1253239526328642e-18,3.3759718578985926e-18,2.813309881582161e-18,5.626619763164322e-18,1.1253239526328642e-18,1.6879859289492963e-18,2.2506479052657284e-18,5.063957786847889e-18,1.57545353368601e-17,3.938633834215025e-18,3.938633834215025e-18,3.938633834215025e-18,2.2506479052657284e-18,1.350388743159437e-17,5.626619763164322e-18,1.350388743159437e-17,1.294122545527794e-17,9.002591621062914e-18,9.565253597379346e-18,1.1703369107381788e-16,5.795418356059251e-17,6.808209913428828e-17,0.0,4.501295810531457e-18,9.565253597379346e-18,2.813309881582161e-18,7.483404285008547e-17,4.5575620081631005e-17,1980.6941675174057,2111.6837508003623,1897.9666870386168,1043.5342332128973,1159.0761892324738,1483.214418496198,-29.50699499929249,200.4988935308583,77246.21975551231,8.582913306168036e+23,5.900045364793234e-22,6.487919051464336e-22
2.94237e-06,201558.0,6.71859,3e+22,-3320.07,2456.88,73531.1,4.44265,4.48447,4.47921,9.94316838e-05,0.00021547999,0.236679349,0.0109187068,0.0111728184,0.0627220657,-8.21377875e-06,1.97568907e-05,2.03606289e-07,1928.04161,-203.641779,485.262277,-399.333486,2288.15829,-36.920789,-491.834134,953.5799,18065.7884,14900.0,201557.602575,6.718586752,-270.0,30000 3000,1e-06,2,0.0 0.0259,0.0 0.0,-1.0 0.0,0.00054857 28.0,30000,1000,0,0.0,0.0 0.0 0.0,1000 1000000 0,0,0.0,0,100,0,,90,,1,,,10,1.0,10.0,0.1,True,{},,,False,3,mixed,250,300,True,Ar_Aubin,,False,uniform,Argon_Aubin_Model3-test/90Td,3.0000000000000005e+21,8.170122222222225e+23,5.3452887750061045e-17,2.1346663920876224e-13,2.1296418206391164e-13,3.938633834215025e-18,1.6879859289492963e-18,2.2506479052657284e-18,0.0,0.0,2.813309881582161e-18,6.189281739480753e-18,1.6879859289492963e-18,1.1253239526328642e-18,4.501295810531457e-18,2.813309881582161e-18,3.938633834215025e-18,1.350388743159437e-17,3.938633834215025e-18,3.938633834215025e-18,2.2506479052657284e-18,2.2506479052657284e-18,5.626619763164322e-18,5.626619763164322e-18,1.856784521844226e-17,1.294122545527794e-17,9.002591621062914e-18,6.751943715797185e-18,1.350388743159437e-16,5.06395778684789e-17,6.245547937112397e-17,0.0,3.938633834215025e-18,9.565253597379346e-18,3.3759718578985926e-18,6.864476111060473e-17,5.345288775006105e-17,2015.2140477068153,1928.371730150434,1923.0252167796953,2287.6288815221687,1057.2773215156292,662.4955207460989,-291.2053053479881,771.908828149764,72234.67393175798,8.026074881306443e+23,7.3998932701709725e-22,7.269425827991291e-22
2.96211e-06,201354.0,6.7118,3e+22,-8799.5,4145.4,68111.4,4.45074,4.45695,4.48901,0.00010054623,0.000187316263,0.238173134,0.0109861769,0.0112457027,0.0634678102,-1.05813422e-05,2.6396557e-05,-4.42228074e-06,1885.57055,777.404991,500.848791,545.103201,2718.53839,373.124461,-2187.43746,863.953236,17502.8509,15000.0,201354.01224,6.711800408,-270.0,30000 3000,1e-06,2,0.0 0.0259,0.0 0.0,-1.0 0.0,0.00054857 28.0,30000,1000,0,0.0,0.0 0.0 0.0,1000 1000000 0,0,0.0,0,100,0,,90,,1,,,10,1.0,10.0,0.1,True,{},,,False,3,mixed,250,300,True,Ar_Aubin,,False,uniform,Argon_Aubin_Model3-test/90Td,3.0000000000000005e+21,7.567933333333334e+23,5.457821170269392e-17,2.1408331673480502e-13,2.1356116642078339e-13,3.3759718578985926e-18,2.2506479052657284e-18,1.6879859289492963e-18,0.0,5.626619763164321e-19,2.2506479052657284e-18,6.189281739480753e-18,6.751943715797185e-18,0.0,3.938633834215025e-18,1.6879859289492963e-18,3.938633834215025e-18,1.9130507194758692e-17,5.063957786847889e-18,2.2506479052657284e-18,3.3759718578985926e-18,3.938633834215025e-18,1.0127915573695778e-17,5.063957786847889e-18,1.9130507194758692e-17,1.6879859289492963e-17,9.002591621062914e-18,9.002591621062914e-18,1.1253239526328643e-16,5.682885960795965e-17,6.864476111060473e-17,0.0,3.938633834215025e-18,1.0127915573695778e-17,5.626619763164322e-18,7.427138087376904e-17,5.4578211702693925e-17,1708.3230479803842,1886.4553065508849,1845.702326476065,2717.76188916336,922.0703404460512,1280.5453008724016,315.2658973218259,402.3674791429776,75644.64182626561,8.404960202918402e+23,7.215079665264946e-22,8.0130802923877535e-22
2.98186e-06,201813.0,6.7271,3e+22,-2485.0,4584.31,64872.0,4.48077,4.47026,4.4791,9.75845339e-05,0.000193605434,0.239681625,0.0110487257,0.0113214591,0.0642280891,-9.29155941e-06,2.65588027e-05,-3.55067556e-06,2286.24331,-1131.32617,581.062251,569.84298,2129.37373,-259.922389,-9.78323741,860.063608,16187.2792,15100.0,201813.061417,6.727102047,-270.0,30000 3000,1e-06,2,0.0 0.0259,0.0 0.0,-1.0 0.0,0.00054857 28.0,30000,1000,0,0.0,0.0 0.0 0.0,1000 1000000 0,0,0.0,0,100,0,,90,,1,,,10,1.0,10.0,0.1,True,{},,,False,3,mixed,250,300,True,Ar_Aubin,,False,uniform,Argon_Aubin_Model3-test/90Td,3.0000000000000005e+21,7.208000000000002e+23,4.6700944034263866e-17,2.1397022167756546e-13,2.1347057784259646e-13,6.189281739480753e-18,3.3759718578985926e-18,2.813309881582161e-18,0.0,5.626619763164321e-19,2.2506479052657284e-18,3.938633834215025e-18,5.626619763164322e-18,1.1253239526328642e-18,4.501295810531457e-18,4.501295810531457e-18,5.063957786847889e-18,1.350388743159437e-17,3.938633834215025e-18,1.1253239526328642e-18,3.3759718578985926e-18,2.813309881582161e-18,9.565253597379346e-18,3.3759718578985926e-18,1.4066549407910804e-17,1.4066549407910804e-17,1.1253239526328644e-17,7.87726766843005e-18,1.1984700095540006e-16,5.626619763164322e-17,5.964216948954181e-17,0.0,4.501295810531457e-18,1.294122545527794e-17,2.2506479052657284e-18,7.258339494481974e-17,4.670094403426387e-17,1583.73727182082,2286.485807566741,1918.0754002630824,2128.4861826728593,998.594669205267,638.6528230000004,36.48261294981791,1160.5573478318393,76389.34745839963,8.487705273155516e+23,6.113541427971541e-22,7.198936988880236e-22
3.00161e-06,201864.0,6.7288,3e+22,5218.17,-10480.2,64800.5,4.46998,4.43289,4.53007,0.000129444982,0.000116175438,0.24118519,0.0111293662,0.0114059208,0.0649972703,-1.46579288e-05,4.29016835e-05,-2.66804006e-05,1391.27034,-894.749348,261.135765,704.21632,1420.16611,174.25241,1621.91054,-2455.04726,16720.4763,15200.0,201863.946576,6.728798219,-270.0,30000 3000,1e-06,2,0.0 0.0259,0.0 0.0,-1.0 0.0,0.00054857 28.0,30000,1000,0,0.0,0.0 0.0 0.0,1000 1000000 0,0,0.0,0,100,0,,90,,1,,,10,1.0,10.0,0.1,True,{},,,False,3,mixed,250,300,True,Ar_Aubin,,False,uniform,Argon_Aubin_Model3-test/90Td,3.0000000000000005e+21,7.200055555555557e+23,5.739152158427607e-17,2.1485528896631119e-13,2.1434157858193431e-13,5.063957786847889e-18,2.2506479052657284e-18,0.0,0.0,5.626619763164321e-19,3.938633834215025e-18,9.565253597379346e-18,5.063957786847889e-18,1.6879859289492963e-18,4.501295810531457e-18,1.1253239526328642e-18,5.063957786847889e-18,1.294122545527794e-17,7.314605692113617e-18,2.813309881582161e-18,2.2506479052657284e-18,4.501295810531457e-18,1.0127915573695778e-17,3.3759718578985926e-18,1.069057755001221e-17,1.4629211384227235e-17,1.0127915573695778e-17,6.189281739480753e-18,1.2547362071856436e-16,5.626619763164322e-17,6.076749344217467e-17,0.0,9.565253597379346e-18,5.626619763164322e-18,5.626619763164322e-18,6.920742308692116e-17,5.739152158427608e-17,2041.6172948817064,1390.5948740782771,2139.159745882482,1421.3836518253274,1168.9307783439829,1091.5553954049992,431.03840919832516,616.112882541609,76139.89689781867,8.459988544202077e+23,7.537641095219328e-22,8.856647955536773e-22
3.02136e-06,202020.0,6.73399,3e+22,2844.88,-519.311,65355.9,4.47021,4.46182,4.51162,9.49544498e-05,9.9643981e-05,0.24266796,0.0111921276,0.0114856505,0.0657631323,-6.81548054e-06,3.93328787e-05,-3.52996959e-05,2452.08531,110.166945,-182.227163,-712.49527,1614.77588,296.200576,1055.58461,-3.69755456,16660.6723,15300.0,202019.699118,6.733989971,-270.0,30000 3000,1e-06,2,0.0 0.0259,0.0 0.0,-1.0 0.0,0.00054857 28.0,30000,1000,0,0.0,0.0 0.0 0.0,1000 1000000 0,0,0.0,0,100,0,,90,,1,,,10,1.0,10.0,0.1,True,{},,,False,3,mixed,250,300,True,Ar_Aubin,,False,uniform,Argon_Aubin_Model3-test/90Td,3.0000000000000005e+21,7.261766666666668e+23,5.457821170269392e-17,2.14572269992224e-13,2.140715008333024e-13,4.501295810531457e-18,1.6879859289492963e-18,2.2506479052657284e-18,0.0,5.626619763164321e-19,3.3759718578985926e-18,5.063957786847889e-18,3.3759718578985926e-18,1.1253239526328642e-18,3.938633834215025e-18,4.501295810531457e-18,3.3759718578985926e-18,1.7442521265809397e-17,7.314605692113617e-18,1.6879859289492963e-18,2.813309881582161e-18,3.3759718578985926e-18,1.069057755001221e-17,1.6879859289492963e-18,1.2378563478961506e-17,1.0127915573695778e-17,1.069057755001221e-17,9.002591621062914e-18,1.1984700095540006e-16,5.289022577374462e-17,5.795418356059251e-17,0.0,6.751943715797185e-18,7.314605692113617e-18,5.063957786847889e-18,7.53967048264019e-17,5.4578211702693925e-17,1589.3013676693527,2451.815175984853,2018.8295119723355,1614.827626215417,1225.9605004835878,800.8893730359996,233.39807530754288,176.79038742951627,75086.84687604416,8.34298298622713e+23,7.268678067251037e-22,8.350923436551852e-22
3.0411e-06,202098.0,6.73661,3e+22,-3017.84,-653.764,74228.7,4.50785,4.46243,4.47155,8.45572094e-05,0.000109228851,0.244193461,0.0112643414,0.0115545473,0.0665550283,-1.42981783e-05,4.13826696e-05,-2.73413979e-05,1558.56665,-673.364445,-960.791534,-92.9430377,826.292439,262.437876,-159.427712,157.076059,19286.1369,15400.0,202098.16581,6.736605527,-270.0,30000 3000,1e-06,2,0.0 0.0259,0.0 0.0,-1.0 0.0,0.00054857 28.0,30000,1000,0,0.0,0.0 0.0 0.0,1000 1000000 0,0,0.0,0,100,0,,90,,1,,,10,1.0,10.0,0.1,True,{},,,False,3,mixed,250,300,True,Ar_Aubin,,False,uniform,Argon_Aubin_Model3-test/90Td,3.0000000000000005e+21,8.247633333333333e+23,4.6700944034263866e-17,2.1485022500852433e-13,2.1432751203252636e-13,7.87726766843005e-18,3.3759718578985926e-18,1.1253239526328642e-18,0.0,1.1253239526328642e-18,3.938633834215025e-18,7.314605692113617e-18,7.314605692113617e-18,1.6879859289492963e-18,3.3759718578985926e-18,3.3759718578985926e-18,2.2506479052657284e-18,2.0255831147391556e-17,3.938633834215025e-18,3.938633834215025e-18,3.3759718578985926e-18,3.3759718578985926e-18,9.565253597379346e-18,5.063957786847889e-18,1.2378563478961506e-17,1.4629211384227235e-17,1.856784521844226e-17,8.439929644746482e-18,1.277242686238301e-16,5.682885960795965e-17,6.076749344217467e-17,0.0,8.439929644746482e-18,5.063957786847889e-18,3.3759718578985926e-18,6.751943715797185e-17,4.670094403426387e-17,1828.4854316485976,1558.8218301288157,1744.401743547495,826.3638488905451,1245.440296015467,1159.9737414693009,225.03600018233658,-389.55902338514966,77250.72667794304,8.583414075327006e+23,6.0453727806288875e-22,6.29149426492231e-22
3.06085e-06,202801.0,6.76005,3e+22,2049.59,-1743.18,73733.9,4.48177,4.49597,4.51141,1.874433e-05,9.44614598e-05,0.24581787,0.0113403479,0.0116294464,0.0673968272,-3.10264403e-05,2.91333086e-05,-2.31053012e-05,1605.98534,-649.41606,621.263162,-119.020769,1457.07093,-993.283515,400.078582,120.121272,19041.8199,15500.0,202801.481456,6.760049382,-270.0,30000 3000,1e-06,2,0.0 0.0259,0.0 0.0,-1.0 0.0,0.00054857 28.0,30000,1000,0,0.0,0.0 0.0 0.0,1000 1000000 0,0,0.0,0,100,0,,90,,1,,,10,1.0,10.0,0.1,True,{},,,False,3,mixed,250,300,True,Ar_Aubin,,False,uniform,Argon_Aubin_Model3-test/90Td,3.0000000000000005e+21,8.192655555555556e+23,4.5575620081631e-17,2.15071913827193e-13,2.1454076092155032e-13,9.002591621062914e-18,1.6879859289492963e-18,1.6879859289492963e-18,0.0,5.626619763164321e-19,3.3759718578985926e-18,4.501295810531457e-18,5.063957786847889e-18,1.6879859289492963e-18,3.3759718578985926e-18,3.3759718578985926e-18,3.938633834215025e-18,1.294122545527794e-17,6.189281739480753e-18,2.813309881582161e-18,2.813309881582161e-18,3.938633834215025e-18,1.069057755001221e-17,5.063957786847889e-18,1.9693169171075125e-17,1.7442521265809397e-17,1.069057755001221e-17,6.751943715797185e-18,1.2491095874224793e-16,6.639411320533899e-17,6.13301554184911e-17,0.0,3.3759718578985926e-18,7.314605692113617e-18,2.813309881582161e-18,8.214864854219908e-17,4.5575620081631005e-17,1924.6406760321333,1605.9469218086751,1896.5055646440178,1457.2355933274941,1160.1548513125344,916.7096552069997,191.9880764409813,516.1338032729129,82259.38604575758,9.139931782861955e+23,5.540476567169991e-22,6.1810944601643205e-22
3.0806e-06,202836.0,6.76119,3e+22,-9254.3,-8624.55,72441.2,4.50262,4.49323,4.49578,1.58769513e-05,6.51587208e-05,0.247375177,0.0114186651,0.0117006285,0.0682083774,-2.79506971e-05,2.61022724e-05,-2.70280526e-05,1412.46963,1168.83791,1356.97887,705.459086,1813.34729,282.306989,-2225.39001,-2331.24961,19049.3504,15600.0,202835.739835,6.761191328,-270.0,30000 3000,1e-06,2,0.0 0.0259,0.0 0.0,-1.0 0.0,0.00054857 28.0,30000,1000,0,0.0,0.0 0.0 0.0,1000 1000000 0,0,0.0,0,100,0,,90,,1,,,10,1.0,10.0,0.1,True,{},,,False,3,mixed,250,300,True,Ar_Aubin,,False,uniform,Argon_Aubin_Model3-test/90Td,3.0000000000000005e+21,8.049022222222222e+23,5.2890225773744615e-17,2.1579268381885434e-13,2.1525759227937746e-13,7.314605692113617e-18,5.626619763164321e-19,1.6879859289492963e-18,0.0,5.626619763164321e-19,3.3759718578985926e-18,7.314605692113617e-18,6.189281739480753e-18,5.626619763164321e-19,2.813309881582161e-18,2.813309881582161e-18,5.063957786847889e-18,1.5191873360543668e-17,5.626619763164322e-18,1.6879859289492963e-18,4.501295810531457e-18,1.1253239526328642e-18,1.1815901502645076e-17,4.501295810531457e-18,1.6879859289492963e-17,1.7442521265809397e-17,1.5191873360543668e-17,1.294122545527794e-17,1.1309505723960286e-16,7.202073296850331e-17,6.30181413474404e-17,0.0,3.938633834215025e-18,6.751943715797185e-18,3.938633834215025e-18,7.427138087376904e-17,5.289022577374462e-17,1982.9774874748969,1412.6165600704157,1802.434176359742,1813.9092546454756,1101.3403170943222,1129.1957279076014,-119.04901723167504,1419.7228151065863,78861.36909162764,8.762374343514183e+23,6.7067344103920375e-22,7.301125019152722e-22
3.10035e-06,202812.0,6.76039,3e+22,3209.26,7520.2,80565.6,4.46566,4.50369,4.51416,3.78037594e-05,1.72177505e-05,0.248885935,0.0114813437,0.011770992,0.0690210681,-1.76191795e-05,4.04775301e-05,-2.92751334e-05,1782.3495,-122.715243,376.049241,364.102065,1078.4754,590.523831,1562.06968,1785.74625,21849.6488,15700.0,202811.804615,6.760393487,-270.0,30000 3000,1e-06,2,0.0 0.0259,0.0 0.0,-1.0 0.0,0.00054857 28.0,30000,1000,0,0.0,0.0 0.0 0.0,1000 1000000 0,0,0.0,0,100,0,,90,,1,,,10,1.0,10.0,0.1,True,{},,,False,3,mixed,250,300,True,Ar_Aubin,,False,uniform,Argon_Aubin_Model3-test/90Td,3.0000000000000005e+21,8.951733333333335e+23,5.62661976316432e-17,2.1550122491512242e-13,2.149818879109824e-13,6.751943715797185e-18,3.3759718578985926e-18,2.2506479052657284e-18,0.0,5.626619763164321e-19,3.3759718578985926e-18,6.189281739480753e-18,7.87726766843005e-18,0.0,4.501295810531457e-18,3.3759718578985926e-18,2.813309881582161e-18,1.9130507194758692e-17,6.751943715797185e-18,1.6879859289492963e-18,2.813309881582161e-18,2.2506479052657284e-18,1.5191873360543668e-17,5.626619763164322e-18,1.5191873360543668e-17,1.4066549407910804e-17,1.1253239526328644e-17,1.1253239526328644e-17,1.012791557369578e-16,5.907950751322538e-17,7.145807099218688e-17,0.0,3.3759718578985926e-18,5.063957786847889e-18,3.3759718578985926e-18,7.314605692113617e-17,5.626619763164322e-17,1586.979120121096,1782.228177907108,1781.688961786425,1078.3459190726899,1594.1403667596214,1798.0041151639962,450.38827052036436,1136.3335626835833,76504.14738142748,8.500460820158611e+23,7.354659787412082e-22,6.983898541268631e-22
3.12009e-06,202835.0,6.76118,3e+22,10174.9,733.289,77126.5,4.51056,4.44501,4.53237,8.8632175e-05,4.08656117e-06,0.250403223,0.0115550099,0.0118200685,0.0698285935,-3.25629092e-05,4.95397849e-05,-3.12585689e-05,742.356313,266.706057,-160.318167,-673.771501,1414.88043,363.295305,2520.52219,-423.43876,20466.7915,15800.0,202835.255848,6.761175195,-270.0,30000 3000,1e-06,2,0.0 0.0259,0.0 0.0,-1.0 0.0,0.00054857 28.0,30000,1000,0,0.0,0.0 0.0 0.0,1000 1000000 0,0,0.0,0,100,0,,90,,1,,,10,1.0,10.0,0.1,True,{},,,False,3,mixed,250,300,True,Ar_Aubin,,False,uniform,Argon_Aubin_Model3-test/90Td,3.0000000000000005e+21,8.569611111111112e+23,5.2327563797428184e-17,2.1559125083133306e-13,2.1507247648916934e-13,5.063957786847889e-18,1.1253239526328642e-18,2.2506479052657284e-18,0.0,5.626619763164321e-19,5.063957786847889e-18,3.3759718578985926e-18,4.501295810531457e-18,5.626619763164321e-19,3.938633834215025e-18,5.626619763164322e-18,6.189281739480753e-18,1.57545353368601e-17,3.938633834215025e-18,2.2506479052657284e-18,3.3759718578985926e-18,5.626619763164322e-18,1.0127915573695778e-17,6.751943715797185e-18,1.7442521265809397e-17,1.6317197313176533e-17,9.565253597379346e-18,8.439929644746482e-18,1.0971908538170428e-16,5.907950751322538e-17,5.907950751322538e-17,0.0,8.439929644746482e-18,9.565253597379346e-18,5.626619763164322e-18,7.70846907553512e-17,5.232756379742819e-17,1865.049916996142,741.4544894825925,1242.6137048662076,1414.877433369646,1264.9754407287417,1154.0673212904985,-188.51613259041662,-194.45962014783754,76834.82382490888,8.5372026472121e+23,6.810396795686314e-22,6.784641309722104e-22
3.13984e-06,203166.0,6.77221,3e+22,-3796.78,-11136.4,68475.8,4.4684,4.49888,4.5497,0.000170162763,-4.38651895e-05,0.251933011,0.0116216941,0.0118728666,0.0706410859,-3.03000931e-05,7.45161342e-05,-3.9932273e-05,1069.62071,71.0976412,570.386372,628.262772,1176.99839,302.278713,-1428.46992,-3572.94138,18315.6918,15900.0,203166.416238,6.772213875,-270.0,30000 3000,1e-06,2,0.0 0.0259,0.0 0.0,-1.0 0.0,0.00054857 28.0,30000,1000,0,0.0,0.0 0.0 0.0,1000 1000000 0,0,0.0,0,100,0,,90,,1,,,10,1.0,10.0,0.1,True,{},,,False,3,mixed,250,300,True,Ar_Aubin,,False,uniform,Argon_Aubin_Model3-test/90Td,3.0000000000000005e+21,7.608422222222224e+23,5.2327563797428184e-17,2.1641048666884978e-13,2.1589790160842553e-13,6.189281739480753e-18,1.6879859289492963e-18,2.2506479052657284e-18,0.0,1.1253239526328642e-18,1.6879859289492963e-18,5.626619763164322e-18,4.501295810531457e-18,3.3759718578985926e-18,2.813309881582161e-18,7.87726766843005e-18,1.1253239526328642e-18,2.0255831147391556e-17,6.189281739480753e-18,1.1253239526328642e-18,1.6879859289492963e-18,1.1253239526328642e-18,1.1815901502645076e-17,4.501295810531457e-18,1.4066549407910804e-17,1.2378563478961506e-17,1.1253239526328644e-17,9.565253597379346e-18,1.2322297281329864e-16,6.245547937112397e-17,5.4578211702693925e-17,0.0,6.751943715797185e-18,9.002591621062914e-18,3.3759718578985926e-18,6.864476111060473e-17,5.232756379742819e-17,1687.8956292102512,1070.266780575303,1336.7884517742439,1176.509889703652,1114.6899658086907,1064.3773253662002,217.77623073572454,86.79863817794455,77467.81854826339,8.60753539425149e+23,6.754748588257649e-22,7.641760125099405e-22
3.15959e-06,202936.0,6.76455,3e+22,548.14,374.325,73963.9,4.50161,4.49862,4.49776,7.79131865e-05,-0.000109236794,0.253426759,0.0116877603,0.0119595285,0.0714342784,-2.92060045e-05,4.98176253e-05,-5.74399744e-05,2059.88343,845.457335,-352.656544,134.2663,1415.01502,494.607298,-40.8404879,499.069534,19974.0007,16000.0,202936.380414,6.764546014,-270.0,30000 3000,1e-06,2,0.0 0.0259,0.0 0.0,-1.0 0.0,0.00054857 28.0,30000,1000,0,0.0,0.0 0.0 0.0,1000 1000000 0,0,0.0,0,100,0,,90,,1,,,10,1.0,10.0,0.1,True,{},,,False,3,mixed,250,300,True,Ar_Aubin,,False,uniform,Argon_Aubin_Model3-test/90Td,3.0000000000000005e+21,8.218211111111113e+23,6.133015541849109e-17,2.1568690336730686e-13,2.1516756636316682e-13,9.002591621062914e-18,1.6879859289492963e-18,1.6879859289492963e-18,0.0,2.813309881582161e-18,4.501295810531457e-18,5.626619763164322e-18,5.626619763164322e-18,5.626619763164321e-19,4.501295810531457e-18,2.813309881582161e-18,2.813309881582161e-18,1.5191873360543668e-17,7.314605692113617e-18,2.813309881582161e-18,5.626619763164321e-19,1.1253239526328642e-18,9.002591621062914e-18,3.938633834215025e-18,1.5191873360543668e-17,1.6317197313176533e-17,9.002591621062914e-18,7.314605692113617e-18,1.2040966293171649e-16,5.570353565532679e-17,6.13301554184911e-17,0.0,8.439929644746482e-18,6.189281739480753e-18,5.063957786847889e-18,7.145807099218688e-17,6.13301554184911e-17,1673.3616805574977,2059.840722665952,2194.00760296761,1415.055910062914,970.0607239948789,1229.5692399999025,-79.71570917630518,-538.1731387132274,75642.76816188545,8.404752017987275e+23,8.107867666507988e-22,8.291903944828638e-22
3.17934e-06,202780.0,6.75933,3e+22,-4124.19,6372.7,68417.9,4.50537,4.45372,4.53262,4.42419702e-05,-5.86216233e-05,0.254896463,0.011761723,0.0120293764,0.0722195882,-3.45076258e-05,3.11783918e-05,-4.90506853e-05,2534.53111,504.095839,-1089.68348,-268.832982,884.080155,0.749641003,-668.178767,2475.16522,18354.8871,16100.0,202779.790521,6.759326351,-270.0,30000 3000,1e-06,2,0.0 0.0259,0.0 0.0,-1.0 0.0,0.00054857 28.0,30000,1000,0,0.0,0.0 0.0 0.0,1000 1000000 0,0,0.0,0,100,0,,90,,1,,,10,1.0,10.0,0.1,True,{},,,False,3,mixed,250,300,True,Ar_Aubin,,False,uniform,Argon_Aubin_Model3-test/90Td,3.0000000000000005e+21,7.60198888888889e+23,5.570353565532677e-17,2.1580056108652279e-13,2.152868507021459e-13,5.626619763164322e-18,0.0,1.6879859289492963e-18,0.0,0.0,5.626619763164322e-18,3.3759718578985926e-18,5.063957786847889e-18,1.6879859289492963e-18,4.501295810531457e-18,1.6879859289492963e-18,4.501295810531457e-18,1.350388743159437e-17,3.3759718578985926e-18,1.6879859289492963e-18,3.938633834215025e-18,3.938633834215025e-18,1.350388743159437e-17,8.439929644746482e-18,1.6879859289492963e-17,1.1253239526328644e-17,1.1815901502645076e-17,6.189281739480753e-18,1.1196973328697e-16,6.189281739480753e-17,7.370871889745261e-17,0.0,2.2506479052657284e-18,8.439929644746482e-18,2.813309881582161e-18,6.864476111060473e-17,5.570353565532679e-17,1872.8240961519964,2534.713572291079,1768.7492070461067,884.4537330188039,967.8521560737611,915.4063841122988,-515.0586346594413,-709.6477459529765,74425.19015161571,8.269465572401748e+23,7.484500280328474e-22,8.141661123087201e-22
3.19908e-06,203218.0,6.77392,3e+22,-1279.64,-9442.32,68671.9,4.4339,4.55032,4.5363,4.60962902e-05,-9.33127951e-05,0.256455174,0.0118305194,0.01212107,0.0730598666,-2.35706334e-05,3.55483946e-05,-5.35996236e-05,826.891059,85.6519118,517.637465,428.579412,786.353825,269.628904,-863.372584,-2451.54259,18471.7175,16200.0,203217.711689,6.773923723,-270.0,30000 3000,1e-06,2,0.0 0.0259,0.0 0.0,-1.0 0.0,0.00054857 28.0,30000,1000,0,0.0,0.0 0.0 0.0,1000 1000000 0,0,0.0,0,100,0,,90,,1,,,10,1.0,10.0,0.1,True,{},,,False,3,mixed,250,300,True,Ar_Aubin,,False,uniform,Argon_Aubin_Model3-test/90Td,3.0000000000000005e+21,7.630211111111111e+23,4.5575620081631e-17,2.154410200836566e-13,2.1491830710765865e-13,7.314605692113617e-18,1.1253239526328642e-18,1.1253239526328642e-18,0.0,0.0,1.6879859289492963e-18,6.189281739480753e-18,5.063957786847889e-18,5.626619763164321e-19,3.3759718578985926e-18,2.813309881582161e-18,4.501295810531457e-18,1.4066549407910804e-17,9.002591621062914e-18,1.6879859289492963e-18,3.3759718578985926e-18,2.813309881582161e-18,1.1253239526328644e-17,1.6879859289492963e-18,1.4066549407910804e-17,1.6317197313176533e-17,8.439929644746482e-18,1.1253239526328644e-17,1.2322297281329864e-16,6.639411320533899e-17,7.089540901587045e-17,0.0,6.189281739480753e-18,7.87726766843005e-18,4.501295810531457e-18,7.033274703955402e-17,4.5575620081631005e-17,1741.9060859646115,826.9500456567915,2321.529143507246,785.4727357285714,1094.5486124778088,860.4534365893996,193.72132007939817,-20.73033997362529,78932.4670589541,8.770274117661569e+23,5.774001723218772e-22,6.636720417176604e-22
3.21883e-06,203403.0,6.7801,3e+22,-501.42,-1117.98,64472.6,4.44919,4.5506,4.53676,4.9071298e-05,-0.00014189698,0.257983887,0.0119077613,0.0121971324,0.0739019984,-2.46820195e-05,3.7958554e-05,-6.47606533e-05,1167.55104,-151.319448,176.453565,491.244844,2290.44838,1088.20897,-873.581046,-589.263134,18049.7034,16300.0,203402.865547,6.780095518,-270.0,30000 3000,1e-06,2,0.0 0.0259,0.0 0.0,-1.0 0.0,0.00054857 28.0,30000,1000,0,0.0,0.0 0.0 0.0,1000 1000000 0,0,0.0,0,100,0,,90,,1,,,10,1.0,10.0,0.1,True,{},,,False,3,mixed,250,300,True,Ar_Aubin,,False,uniform,Argon_Aubin_Model3-test/90Td,3.0000000000000005e+21,7.163622222222224e+23,5.79541835605925e-17,2.1666087124831058e-13,2.161465982019574e-13,6.189281739480753e-18,0.0,3.3759718578985926e-18,0.0,5.626619763164321e-19,2.2506479052657284e-18,6.751943715797185e-18,5.626619763164322e-18,5.626619763164321e-19,3.3759718578985926e-18,4.501295810531457e-18,3.3759718578985926e-18,1.9130507194758692e-17,6.189281739480753e-18,1.1253239526328642e-18,1.6879859289492963e-18,4.501295810531457e-18,1.0127915573695778e-17,3.938633834215025e-18,2.1943817076340854e-17,1.57545353368601e-17,1.1253239526328644e-17,7.314605692113617e-18,1.069057755001221e-16,5.176490182111176e-17,6.751943715797185e-17,0.0,5.063957786847889e-18,6.751943715797185e-18,4.501295810531457e-18,7.427138087376904e-17,5.795418356059251e-17,1955.7414362316797,1167.575645330243,1925.5945725714826,2290.2897420142995,1410.3659150448432,1416.811447003798,79.61490250970611,-570.9329545478948,77413.38100205672,8.601486778006304e+23,7.486326370250225e-22,8.988963305434012e-22
3.23858e-06,203734.0,6.79115,3e+22,2292.29,3173.07,77783.7,4.50338,4.51419,4.53024,6.40738224e-05,-6.06287769e-05,0.259560023,0.0119702672,0.0122895332,0.0747607613,-1.98416325e-05,3.46089037e-05,-4.27493539e-05,1888.57838,-513.685526,-793.195736,-203.316597,1779.36994,973.938731,598.926809,961.005804,21262.0235,16400.0,203734.496909,6.791149897,-270.0,30000 3000,1e-06,2,0.0 0.0259,0.0 0.0,-1.0 0.0,0.00054857 28.0,30000,1000,0,0.0,0.0 0.0 0.0,1000 1000000 0,0,0.0,0,100,0,,90,,1,,,10,1.0,10.0,0.1,True,{},,,False,3,mixed,250,300,True,Ar_Aubin,,False,uniform,Argon_Aubin_Model3-test/90Td,3.0000000000000005e+21,8.642633333333335e+23,5.682885960795963e-17,2.1577017733980168e-13,2.1524071242008794e-13,7.314605692113617e-18,1.1253239526328642e-18,2.2506479052657284e-18,0.0,1.1253239526328642e-18,2.813309881582161e-18,1.6879859289492963e-18,5.063957786847889e-18,5.626619763164321e-19,2.2506479052657284e-18,3.3759718578985926e-18,3.3759718578985926e-18,1.856784521844226e-17,4.501295810531457e-18,2.2506479052657284e-18,6.189281739480753e-18,3.3759718578985926e-18,1.069057755001221e-17,3.938633834215025e-18,1.856784521844226e-17,1.4629211384227235e-17,1.5191873360543668e-17,6.189281739480753e-18,1.2716160664751365e-16,7.427138087376904e-17,5.120223984479533e-17,0.0,3.938633834215025e-18,5.626619763164322e-18,5.626619763164322e-18,6.977008506323759e-17,5.682885960795965e-17,1582.5932157542632,1888.4315042176506,2339.9854893389333,1779.562319353118,1089.8475715353368,1072.4845389749025,-370.73482674512013,-794.2396711020848,79814.86170331032,8.868317967034482e+23,7.120084956007968e-22,7.306011363301004e-22
3.25833e-06,203934.0,6.79779,3e+22,-4247.67,-5312.93,71196.9,4.48463,4.54438,4.53749,5.03666137e-05,-0.000118252596,0.261080467,0.0120559938,0.0123683004,0.0755985308,-1.99783364e-05,4.27478373e-05,-6.48210422e-05,2739.49153,278.893211,-320.495904,-134.68199,1905.29558,-858.665807,-1191.86349,-1379.40018,20027.7136,16500.0,203933.812362,6.797793745,-270.0,30000 3000,1e-06,2,0.0 0.0259,0.0 0.0,-1.0 0.0,0.00054857 28.0,30000,1000,0,0.0,0.0 0.0 0.0,1000 1000000 0,0,0.0,0,100,0,,90,,1,,,10,1.0,10.0,0.1,True,{},,,False,3,mixed,250,300,True,Ar_Aubin,,False,uniform,Argon_Aubin_Model3-test/90Td,3.0000000000000005e+21,7.910766666666667e+23,5.1764901821111754e-17,2.1698890318050308e-13,2.1647631812007884e-13,5.063957786847889e-18,1.1253239526328642e-18,1.1253239526328642e-18,0.0,5.626619763164321e-19,1.6879859289492963e-18,8.439929644746482e-18,2.813309881582161e-18,5.626619763164321e-19,2.2506479052657284e-18,3.938633834215025e-18,5.063957786847889e-18,1.9130507194758692e-17,4.501295810531457e-18,1.6879859289492963e-18,3.3759718578985926e-18,3.938633834215025e-18,9.002591621062914e-18,2.2506479052657284e-18,1.5191873360543668e-17,1.4629211384227235e-17,1.6317197313176533e-17,7.87726766843005e-18,1.0521778957117281e-16,6.583145122902256e-17,5.795418356059251e-17,0.0,4.501295810531457e-18,7.314605692113617e-18,5.626619763164322e-18,8.383663447114839e-17,5.176490182111176e-17,2170.6191361632714,2739.7054707540146,1994.1078869149571,1904.6673122351337,1168.8827598170583,1439.593699047702,588.4418905697619,-406.96167349704774,76994.642332662,8.554960259184668e+23,6.723182321888974e-22,7.270667939350135e-22
3.27807e-06,204116.0,6.80386,3e+22,4368.96,-1415.46,60375.5,4.52714,4.5604,4.49933,8.10757321e-05,-0.0001168963,0.262591515,0.0121242757,0.0124328589,0.0764387133,-1.39751481e-05,3.89150116e-05,-6.55636438e-05,1501.03362,-168.127064,37.9449832,-633.628115,2343.85448,-507.193381,338.036552,-99.2687073,16893.6004,16600.0,204115.790262,6.803859675,-270.0,30000 3000,1e-06,2,0.0 0.0259,0.0 0.0,-1.0 0.0,0.00054857 28.0,30000,1000,0,0.0,0.0 0.0 0.0,1000 1000000 0,0,0.0,0,100,0,,90,,1,,,10,1.0,10.0,0.1,True,{},,,False,3,mixed,250,300,True,Ar_Aubin,,False,uniform,Argon_Aubin_Model3-test/90Td,3.0000000000000005e+21,6.70838888888889e+23,6.020483146585823e-17,2.1712112874493744e-13,2.1661079433241846e-13,4.501295810531457e-18,2.2506479052657284e-18,1.1253239526328642e-18,0.0,1.6879859289492963e-18,4.501295810531457e-18,4.501295810531457e-18,4.501295810531457e-18,2.2506479052657284e-18,2.2506479052657284e-18,2.813309881582161e-18,3.3759718578985926e-18,1.0127915573695778e-17,6.189281739480753e-18,2.2506479052657284e-18,3.3759718578985926e-18,2.813309881582161e-18,1.4629211384227235e-17,5.063957786847889e-18,1.8005183242125827e-17,1.8005183242125827e-17,1.294122545527794e-17,7.314605692113617e-18,1.0915642340538785e-16,5.907950751322538e-17,6.526878925270613e-17,0.0,4.501295810531457e-18,4.501295810531457e-18,7.87726766843005e-18,6.526878925270613e-17,6.020483146585824e-17,1728.7810932436334,1500.6794033694844,1634.6156691895378,2343.689017963202,1237.8591344393672,1039.5063861175004,-606.3018926982049,-776.1652780378035,76518.83285901004,8.502092539890006e+23,7.867975662512886e-22,9.971732153913132e-22
3.29782e-06,203714.0,6.79045,3e+22,-6743.69,186.843,68324.1,4.54079,4.4893,4.52401,0.00010089333,-0.000121922145,0.264033912,0.0121930627,0.0124946317,0.0772482398,-2.30050114e-05,4.05902484e-05,-6.25818798e-05,1755.00355,730.601178,-342.093936,-782.37694,1290.65341,864.35199,-1910.85073,854.271415,18469.7493,16700.0,203713.603363,6.790453445,-270.0,30000 3000,1e-06,2,0.0 0.0259,0.0 0.0,-1.0 0.0,0.00054857 28.0,30000,1000,0,0.0,0.0 0.0 0.0,1000 1000000 0,0,0.0,0,100,0,,90,,1,,,10,1.0,10.0,0.1,True,{},,,False,3,mixed,250,300,True,Ar_Aubin,,False,uniform,Argon_Aubin_Model3-test/90Td,3.0000000000000005e+21,7.591566666666668e+23,4.951425391584602e-17,2.176303378335038e-13,2.1711831543505587e-13,5.063957786847889e-18,2.2506479052657284e-18,1.6879859289492963e-18,0.0,2.813309881582161e-18,4.501295810531457e-18,8.439929644746482e-18,5.626619763164322e-18,5.626619763164321e-19,2.2506479052657284e-18,2.2506479052657284e-18,6.189281739480753e-18,1.6317197313176533e-17,5.063957786847889e-18,2.2506479052657284e-18,2.813309881582161e-18,2.813309881582161e-18,8.439929644746482e-18,4.501295810531457e-18,1.57545353368601e-17,1.6317197313176533e-17,9.565253597379346e-18,6.751943715797185e-18,1.1928433897908362e-16,5.851684553690894e-17,5.739152158427608e-17,0.0,7.87726766843005e-18,7.87726766843005e-18,3.3759718578985926e-18,7.595936680271834e-17,4.9514253915846025e-17,1741.581013457416,1755.6839433405876,1564.043867433476,1290.676190299338,1264.0541026030742,429.8698931207982,-186.06117730606692,-479.2752599529738,73042.37519875955,8.11581946652884e+23,6.778839513516656e-22,7.246967602331537e-22
3.31757e-06,203554.0,6.78514,3e+22,2065.92,-2708.66,74916.3,4.51978,4.50277,4.51576,8.39967878e-05,-0.000129956765,0.265516944,0.0122813824,0.0125604994,0.0780716845,-1.73217954e-05,3.59007871e-05,-6.13708132e-05,2123.01354,240.701778,441.234982,1176.74166,1128.79571,50.6751336,590.352062,-1126.76926,20404.0181,16800.0,203554.251914,6.78514173,-270.0,30000 3000,1e-06,2,0.0 0.0259,0.0 0.0,-1.0 0.0,0.00054857 28.0,30000,1000,0,0.0,0.0 0.0 0.0,1000 1000000 0,0,0.0,0,100,0,,90,,1,,,10,1.0,10.0,0.1,True,{},,,False,3,mixed,250,300,True,Ar_Aubin,,False,uniform,Argon_Aubin_Model3-test/90Td,3.0000000000000005e+21,8.324033333333335e+23,5.96421694895418e-17,2.1690956784184248e-13,2.163924814856077e-13,3.3759718578985926e-18,1.6879859289492963e-18,1.6879859289492963e-18,0.0,0.0,1.6879859289492963e-18,4.501295810531457e-18,5.063957786847889e-18,5.626619763164321e-19,1.1253239526328642e-18,4.501295810531457e-18,2.813309881582161e-18,1.1815901502645076e-17,6.189281739480753e-18,3.938633834215025e-18,3.938633834215025e-18,5.063957786847889e-18,1.2378563478961506e-17,4.501295810531457e-18,1.4066549407910804e-17,1.294122545527794e-17,1.069057755001221e-17,7.314605692113617e-18,1.1815901502645076e-16,6.13301554184911e-17,6.977008506323759e-17,0.0,5.626619763164322e-18,1.0127915573695778e-17,5.626619763164322e-18,6.695677518165542e-17,5.964216948954181e-17,2236.315261849144,2122.840009356148,1667.7050206273145,1128.4437013089153,964.7810578763083,512.4710682128025,-17.864178973714242,476.7575504976588,75100.11444544574,8.344457160605084e+23,7.94168822909945e-22,7.961173935384128e-22
3.33732e-06,203063.0,6.76877,3e+22,2175.41,-1709.55,63755.3,4.50835,4.51045,4.4956,5.52727355e-05,-0.000142365269,0.267008824,0.0123671858,0.0126335795,0.0788986362,-1.18327907e-05,2.25383945e-05,-6.3254589e-05,3360.94725,-85.2790405,202.402448,-252.92032,3177.21555,396.844753,262.000895,44.4872333,17631.0457,16900.0,203063.222149,6.768774072,-270.0,30000 3000,1e-06,2,0.0 0.0259,0.0 0.0,-1.0 0.0,0.00054857 28.0,30000,1000,0,0.0,0.0 0.0 0.0,1000 1000000 0,0,0.0,0,100,0,,90,,1,,,10,1.0,10.0,0.1,True,{},,,False,3,mixed,250,300,True,Ar_Aubin,,False,uniform,Argon_Aubin_Model3-test/90Td,3.0000000000000005e+21,7.083922222222224e+23,4.951425391584602e-17,2.1691181848974774e-13,2.1637785227422347e-13,1.0127915573695778e-17,2.2506479052657284e-18,2.2506479052657284e-18,0.0,2.813309881582161e-18,2.2506479052657284e-18,3.3759718578985926e-18,3.938633834215025e-18,0.0,3.938633834215025e-18,2.813309881582161e-18,5.063957786847889e-18,1.6879859289492963e-17,4.501295810531457e-18,3.3759718578985926e-18,3.938633834215025e-18,3.3759718578985926e-18,1.1253239526328644e-17,3.3759718578985926e-18,1.5191873360543668e-17,1.350388743159437e-17,1.4066549407910804e-17,7.87726766843005e-18,1.3335088838699441e-16,5.682885960795965e-17,5.795418356059251e-17,0.0,7.87726766843005e-18,9.002591621062914e-18,5.626619763164322e-18,7.764735273166763e-17,4.9514253915846025e-17,2172.625266745726,3360.827009138466,1850.2871489652532,3176.972169454381,822.5679642928275,607.8180232327977,-294.62766250977705,-119.97425265146302,75548.17343042634,8.394241492269594e+23,6.55399749160641e-22,7.76629612218059e-22
3.35706e-06,203200.0,6.77332,3e+22,4248.37,-817.817,69771.3,4.4974,4.50363,4.51784,8.82047945e-05,-0.000117957154,0.268577604,0.0124575492,0.0127165327,0.0797748184,-4.78918336e-06,3.36395207e-05,-5.24073107e-05,1516.61216,1052.79266,-1032.83228,1428.40088,1937.02344,-312.5141,596.849919,75.0165019,19615.7412,17000.0,203199.714358,6.773323812,-270.0,30000 3000,1e-06,2,0.0 0.0259,0.0 0.0,-1.0 0.0,0.00054857 28.0,30000,1000,0,0.0,0.0 0.0 0.0,1000 1000000 0,0,0.0,0,100,0,,90,,1,,,10,1.0,10.0,0.1,True,{},,,False,3,mixed,250,300,True,Ar_Aubin,,False,uniform,Argon_Aubin_Model3-test/90Td,3.0000000000000005e+21,7.752366666666668e+23,6.189281739480752e-17,2.1593278665095715e-13,2.1539882043543287e-13,7.87726766843005e-18,1.6879859289492963e-18,1.1253239526328642e-18,0.0,1.1253239526328642e-18,3.3759718578985926e-18,5.626619763164322e-18,5.063957786847889e-18,5.626619763164321e-19,1.6879859289492963e-18,3.938633834215025e-18,2.2506479052657284e-18,1.294122545527794e-17,5.063957786847889e-18,2.2506479052657284e-18,3.938633834215025e-18,3.938633834215025e-18,1.350388743159437e-17,8.439929644746482e-18,1.2378563478961506e-17,1.5191873360543668e-17,8.439929644746482e-18,7.314605692113617e-18,1.3166290245804512e-16,5.964216948954181e-17,6.864476111060473e-17,0.0,5.063957786847889e-18,5.063957786847889e-18,5.626619763164322e-18,6.864476111060473e-17,6.189281739480753e-17,2287.862579112089,1516.23743339719,2100.518396843052,1936.9269726341872,910.6242716037915,876.7326180347991,109.86772623209491,-1583.153559683978,79442.35696851471,8.826928552057191e+23,7.790909000766106e-22,8.870813270615214e-22
3.37681e-06,202945.0,6.76482,3e+22,-3069.49,3475.81,75866.7,4.48217,4.49172,4.5229,8.67206694e-05,-0.000148953076,0.270086537,0.0125474359,0.0128034523,0.0806340325,5.80143808e-06,3.50157848e-05,-5.52605911e-05,2046.7948,414.217694,69.7824797,562.251358,2971.61721,108.471232,-901.271879,942.430553,21686.8504,17100.0,202944.583764,6.764819459,-270.0,30000 3000,1e-06,2,0.0 0.0259,0.0 0.0,-1.0 0.0,0.00054857 28.0,30000,1000,0,0.0,0.0 0.0 0.0,1000 1000000 0,0,0.0,0,100,0,,90,,1,,,10,1.0,10.0,0.1,True,{},,,False,3,mixed,250,300,True,Ar_Aubin,,False,uniform,Argon_Aubin_Model3-test/90Td,3.0000000000000005e+21,8.429633333333334e+23,6.751943715797184e-17,2.1647519279612616e-13,2.1595191715815193e-13,4.501295810531457e-18,4.501295810531457e-18,5.626619763164321e-19,0.0,0.0,2.813309881582161e-18,6.189281739480753e-18,9.565253597379346e-18,5.626619763164321e-19,2.2506479052657284e-18,3.938633834215025e-18,3.938633834215025e-18,1.1815901502645076e-17,7.314605692113617e-18,5.626619763164321e-19,1.6879859289492963e-18,5.063957786847889e-18,7.314605692113617e-18,3.938633834215025e-18,1.294122545527794e-17,1.4629211384227235e-17,1.2378563478961506e-17,9.002591621062914e-18,1.243482967659315e-16,5.682885960795965e-17,5.120223984479533e-17,0.0,5.063957786847889e-18,5.063957786847889e-18,1.6879859289492963e-18,8.608728237641411e-17,6.751943715797185e-17,2275.9188452979433,2047.0609882275164,2200.5764523767843,2972.1349425910917,1174.9901690462934,1196.2761233821002,83.25203234625873,-9.040685853039008,76411.73015181696,8.490192239090774e+23,8.83626597955868e-22,8.899746154501494e-22
3.39656e-06,203119.0,6.77062,3e+22,-1839.97,-3758.67,73783.3,4.52477,4.46061,4.52481,5.5484607e-05,-0.000136119899,0.271685561,0.0126446623,0.0128689761,0.0815480972,8.51731802e-06,1.67708668e-05,-5.18425383e-05,1076.2184,-130.501841,594.601459,-377.016928,1081.17059,221.106363,-760.843882,-755.913105,20629.3917,17200.0,203118.541361,6.770618045,-270.0,30000 3000,1e-06,2,0.0 0.0259,0.0 0.0,-1.0 0.0,0.00054857 28.0,30000,1000,0,0.0,0.0 0.0 0.0,1000 1000000 0,0,0.0,0,100,0,,90,,1,,,10,1.0,10.0,0.1,True,{},,,False,3,mixed,250,300,True,Ar_Aubin,,False,uniform,Argon_Aubin_Model3-test/90Td,3.0000000000000005e+21,8.198144444444447e+23,5.907950751322537e-17,2.1554286190136988e-13,2.149982051082956e-13,1.069057755001221e-17,1.1253239526328642e-18,1.6879859289492963e-18,0.0,5.626619763164321e-19,3.938633834215025e-18,7.87726766843005e-18,2.813309881582161e-18,1.1253239526328642e-18,3.938633834215025e-18,3.938633834215025e-18,5.063957786847889e-18,1.4629211384227235e-17,6.751943715797185e-18,5.626619763164321e-19,3.3759718578985926e-18,6.751943715797185e-18,5.626619763164322e-18,2.2506479052657284e-18,1.5191873360543668e-17,1.6879859289492963e-17,1.2378563478961506e-17,1.1815901502645076e-17,1.260362826948808e-16,6.920742308692116e-17,6.920742308692116e-17,0.0,5.063957786847889e-18,6.751943715797185e-18,3.938633834215025e-18,6.639411320533899e-17,5.907950751322538e-17,2461.864395639084,1076.3204900123417,1659.1414158812531,1080.6589602192257,1209.225335174537,583.5344470686978,-501.1899943836484,329.55702126950695,80973.9003615668,8.997100040174091e+23,7.2961172982185605e-22,8.007165241081026e-22
3.41631e-06,203622.0,6.7874,3e+22,2002.25,1970.4,72433.0,4.54959,4.4697,4.52563,6.19843189e-05,-0.000100520882,0.273266635,0.0127108005,0.0129409556,0.0824548825,1.48152242e-05,3.10710473e-05,-3.65954369e-05,1616.23834,-788.713064,652.030414,-357.752205,1276.82297,430.996357,1014.6532,143.851807,20986.3012,17300.0,203621.899305,6.787396644,-270.0,30000 3000,1e-06,2,0.0 0.0259,0.0 0.0,-1.0 0.0,0.00054857 28.0,30000,1000,0,0.0,0.0 0.0 0.0,1000 1000000 0,0,0.0,0,100,0,,90,,1,,,10,1.0,10.0,0.1,True,{},,,False,3,mixed,250,300,True,Ar_Aubin,,False,uniform,Argon_Aubin_Model3-test/90Td,3.0000000000000005e+21,8.048111111111112e+23,5.851684553690893e-17,2.1661023167044214e-13,2.1608920668037316e-13,3.3759718578985926e-18,2.2506479052657284e-18,2.2506479052657284e-18,0.0,0.0,5.063957786847889e-18,6.189281739480753e-18,3.938633834215025e-18,1.1253239526328642e-18,2.2506479052657284e-18,1.6879859289492963e-18,3.938633834215025e-18,1.856784521844226e-17,7.314605692113617e-18,1.6879859289492963e-18,1.1253239526328642e-18,2.813309881582161e-18,7.87726766843005e-18,7.87726766843005e-18,1.8005183242125827e-17,1.5191873360543668e-17,7.87726766843005e-18,1.0127915573695778e-17,1.2322297281329864e-16,5.289022577374462e-17,6.30181413474404e-17,0.0,5.063957786847889e-18,1.069057755001221e-17,5.063957786847889e-18,7.202073296850331e-17,5.851684553690894e-17,1674.585932472731,1616.1142318974826,1822.7190460310055,1277.0210363458928,1143.8354330577804,1192.7790270450023,629.7690243317918,1115.0457839003666,80064.91993882538,8.896102215425043e+23,7.308674708176748e-22,8.078754923433922e-22
3.43605e-06,203437.0,6.78123,3e+22,-6196.84,78.0788,69532.2,4.47948,4.50487,4.5504,3.5493099e-08,-6.74780749e-05,0.2747668,0.0127908665,0.013021036,0.0833259626,1.52609925e-05,1.52719923e-05,-3.15766215e-05,2140.20819,-299.061783,417.353201,-80.7919426,1702.9429,-183.56129,-2005.7617,317.837997,20900.0997,17400.0,203436.91906,6.781230635,-270.0,30000 3000,1e-06,2,0.0 0.0259,0.0 0.0,-1.0 0.0,0.00054857 28.0,30000,1000,0,0.0,0.0 0.0 0.0,1000 1000000 0,0,0.0,0,100,0,,90,,1,,,10,1.0,10.0,0.1,True,{},,,False,3,mixed,250,300,True,Ar_Aubin,,False,uniform,Argon_Aubin_Model3-test/90Td,3.0000000000000005e+21,7.725800000000001e+23,6.189281739480752e-17,2.162461893717654e-13,2.1572291373379113e-13,2.2506479052657284e-18,1.6879859289492963e-18,1.1253239526328642e-18,0.0,5.626619763164321e-19,5.063957786847889e-18,6.751943715797185e-18,6.189281739480753e-18,2.813309881582161e-18,2.2506479052657284e-18,1.6879859289492963e-18,2.2506479052657284e-18,1.6317197313176533e-17,8.439929644746482e-18,1.6879859289492963e-18,3.938633834215025e-18,3.3759718578985926e-18,1.2378563478961506e-17,3.3759718578985926e-18,9.565253597379346e-18,1.294122545527794e-17,9.565253597379346e-18,7.314605692113617e-18,1.2716160664751365e-16,5.851684553690894e-17,6.639411320533899e-17,0.0,2.2506479052657284e-18,9.002591621062914e-18,2.813309881582161e-18,7.370871889745261e-17,6.189281739480753e-17,2027.3515008186037,2140.2084099450553,2027.759379896236,1702.9481686071144,1239.1383671576607,1794.959609040001,57.19431030594356,114.27492999874153,75967.72233306651,8.440858037007392e+23,8.147251950433612e-22,8.901317288221504e-22
3.4558e-06,203915.0,6.79717,3e+22,-5274.65,1360.15,67308.3,4.50005,4.55274,4.51561,-2.93053393e-05,-0.000121122702,0.27628698,0.0128638893,0.013092797,0.0842245854,8.48799992e-06,1.01224997e-05,-4.77764929e-05,1274.49753,-540.676613,-57.8412183,147.353971,1146.85342,310.12005,-1086.5362,121.007494,19964.134,17500.0,203915.055049,6.797168502,-270.0,30000 3000,1e-06,2,0.0 0.0259,0.0 0.0,-1.0 0.0,0.00054857 28.0,30000,1000,0,0.0,0.0 0.0 0.0,1000 1000000 0,0,0.0,0,100,0,,90,,1,,,10,1.0,10.0,0.1,True,{},,,False,3,mixed,250,300,True,Ar_Aubin,,False,uniform,Argon_Aubin_Model3-test/90Td,3.0000000000000005e+21,7.478700000000002e+23,5.2890225773744615e-17,2.164459343733577e-13,2.1594403989048348e-13,6.751943715797185e-18,2.813309881582161e-18,1.6879859289492963e-18,0.0,5.626619763164321e-19,3.938633834215025e-18,5.063957786847889e-18,6.751943715797185e-18,5.626619763164321e-19,1.1253239526328642e-18,3.3759718578985926e-18,4.501295810531457e-18,1.7442521265809397e-17,3.938633834215025e-18,1.1253239526328642e-18,2.813309881582161e-18,6.751943715797185e-18,1.2378563478961506e-17,3.938633834215025e-18,1.0127915573695778e-17,1.9130507194758692e-17,9.565253597379346e-18,7.87726766843005e-18,1.1984700095540006e-16,5.5140873679010355e-17,5.626619763164322e-17,0.0,3.3759718578985926e-18,8.439929644746482e-18,6.189281739480753e-18,6.751943715797185e-17,5.289022577374462e-17,1848.900138710657,1274.3429545920615,1816.7172028128384,1147.0181650431252,1542.5287561796815,1367.7270640659954,149.73836648402462,314.9121933262061,76981.27348410615,8.55347483156735e+23,6.87053141367745e-22,7.8579054550099485e-22
3.47555e-06,203893.0,6.79644,3e+22,-2379.8,4830.7,71916.2,4.4953,4.57676,4.49125,-0.000101630241,-8.08398678e-05,0.277805395,0.0129257384,0.013173237,0.085119322,1.37923357e-05,-8.36898696e-06,-2.89248227e-05,1906.78784,602.134488,-199.044605,-75.0014064,2312.41669,737.95241,-360.979804,1158.53973,21373.4269,17600.0,203893.169346,6.796438978,-270.0,30000 3000,1e-06,2,0.0 0.0259,0.0 0.0,-1.0 0.0,0.00054857 28.0,30000,1000,0,0.0,0.0 0.0 0.0,1000 1000000 0,0,0.0,0,100,0,,90,,1,,,10,1.0,10.0,0.1,True,{},,,False,3,mixed,250,300,True,Ar_Aubin,,False,uniform,Argon_Aubin_Model3-test/90Td,3.0000000000000005e+21,7.99068888888889e+23,5.120223984479532e-17,2.1702435088501101e-13,2.1649938726110784e-13,7.314605692113617e-18,2.813309881582161e-18,1.6879859289492963e-18,0.0,5.626619763164321e-19,2.2506479052657284e-18,4.501295810531457e-18,7.87726766843005e-18,5.626619763164321e-19,4.501295810531457e-18,3.938633834215025e-18,2.2506479052657284e-18,1.350388743159437e-17,6.189281739480753e-18,3.938633834215025e-18,1.1253239526328642e-18,6.189281739480753e-18,1.1815901502645076e-17,7.314605692113617e-18,1.4629211384227235e-17,1.294122545527794e-17,1.57545353368601e-17,9.565253597379346e-18,1.2097232490803292e-16,6.189281739480753e-17,6.526878925270613e-17,0.0,7.87726766843005e-18,9.002591621062914e-18,3.938633834215025e-18,6.358080332375683e-17,5.120223984479533e-17,1565.766381828094,1906.5459803524682,2036.9298141708505,2312.8072031493816,1351.9356070770882,1394.7185521009997,83.31521576905743,108.40573075880434,76891.89462916613,8.543543847685128e+23,6.658990533622985e-22,7.119708750572934e-22
3.49529e-06,204043.0,6.80142,3e+22,-1276.9,1287.13,72867.8,4.52192,4.51707,4.53365,-0.0001525439,-4.51255994e-05,0.279331934,0.0129982525,0.0132512685,0.0860125377,1.46588026e-05,-2.92340529e-05,-2.28173298e-05,1382.07682,-373.385736,171.59843,-813.25972,2548.42373,554.086746,-730.88664,304.520231,20776.7665,17700.0,204042.575333,6.801419178,-270.0,30000 3000,1e-06,2,0.0 0.0259,0.0 0.0,-1.0 0.0,0.00054857 28.0,30000,1000,0,0.0,0.0 0.0 0.0,1000 1000000 0,0,0.0,0,100,0,,90,,1,,,10,1.0,10.0,0.1,True,{},,,False,3,mixed,250,300,True,Ar_Aubin,,False,uniform,Argon_Aubin_Model3-test/90Td,3.0000000000000005e+21,8.096422222222223e+23,5.007691589216246e-17,2.1707386513892687e-13,2.1655340281083418e-13,5.063957786847889e-18,2.813309881582161e-18,1.6879859289492963e-18,0.0,0.0,1.1253239526328642e-18,9.565253597379346e-18,4.501295810531457e-18,0.0,2.813309881582161e-18,3.938633834215025e-18,1.6879859289492963e-18,1.9693169171075125e-17,4.501295810531457e-18,2.2506479052657284e-18,3.3759718578985926e-18,3.3759718578985926e-18,9.002591621062914e-18,3.3759718578985926e-18,8.439929644746482e-18,1.6879859289492963e-17,1.1253239526328644e-17,1.1815901502645076e-17,1.277242686238301e-16,6.245547937112397e-17,5.795418356059251e-17,0.0,5.626619763164322e-18,1.1253239526328644e-17,6.751943715797185e-18,7.145807099218688e-17,5.007691589216247e-17,1835.7140449998137,1381.88203669409,1975.8550179898114,2548.481812512756,1081.7585840584948,422.4629996748008,-328.5552821154985,-191.49372507898005,77303.29055976956,8.589254506641064e+23,6.477979854356117e-22,6.872296939411161e-22
3.51504e-06,203994.0,6.79978,3e+22,-1601.8,360.084,58272.8,4.47793,4.53324,4.56908,-0.000174273496,2.33244562e-05,0.280807416,0.0130751923,0.0133335462,0.086872272,5.93057528e-06,-3.85896314e-05,1.14324212e-06,1595.25286,-72.1622887,336.043237,624.78703,2166.3619,-339.008024,-493.672888,1235.81438,17785.5356,17800.0,203993.52962,6.799784321,-270.0,30000 3000,1e-06,2,0.0 0.0259,0.0 0.0,-1.0 0.0,0.00054857 28.0,30000,1000,0,0.0,0.0 0.0 0.0,1000 1000000 0,0,0.0,0,100,0,,90,,1,,,10,1.0,10.0,0.1,True,{},,,False,3,mixed,250,300,True,Ar_Aubin,,False,uniform,Argon_Aubin_Model3-test/90Td,3.0000000000000005e+21,6.474755555555558e+23,5.4015549726377476e-17,2.1737488929625615e-13,2.1686399222176088e-13,9.565253597379346e-18,2.813309881582161e-18,1.6879859289492963e-18,0.0,5.626619763164321e-19,1.1253239526328642e-18,6.189281739480753e-18,7.314605692113617e-18,0.0,1.6879859289492963e-18,3.938633834215025e-18,1.6879859289492963e-18,1.8005183242125827e-17,4.501295810531457e-18,3.938633834215025e-18,5.063957786847889e-18,2.813309881582161e-18,1.1815901502645076e-17,3.938633834215025e-18,1.6317197313176533e-17,1.1253239526328644e-17,1.2378563478961506e-17,1.350388743159437e-17,1.1534570514486859e-16,6.13301554184911e-17,6.414346530007327e-17,0.0,6.751943715797185e-18,5.626619763164322e-18,3.3759718578985926e-18,6.020483146585824e-17,5.401554972637748e-17,1947.9196853767958,1594.9737087141073,2083.29178244891,2166.3535012365137,842.1050767017267,1422.101208915199,-153.3706218467381,302.3230725265087,74717.78563253758,8.301976181393066e+23,7.22927603770623e-22,9.269427541902478e-22
3.53479e-06,203612.0,6.78707,3e+22,-8008.38,-5193.87,67742.8,4.50874,4.52539,4.51341,-5.84506211e-05,9.45552031e-06,0.282303099,0.0131436525,0.0134125947,0.0877522101,2.82356858e-06,-1.20947192e-05,-1.55017976e-05,1301.77574,-64.4016921,-410.71736,-379.197873,2160.82044,-836.69651,-2469.92607,-925.41906,19151.1142,17900.0,203612.136689,6.787071223,-270.0,30000 3000,1e-06,2,0.0 0.0259,0.0 0.0,-1.0 0.0,0.00054857 28.0,30000,1000,0,0.0,0.0 0.0 0.0,1000 1000000 0,0,0.0,0,100,0,,90,,1,,,10,1.0,10.0,0.1,True,{},,,False,3,mixed,250,300,True,Ar_Aubin,,False,uniform,Argon_Aubin_Model3-test/90Td,3.0000000000000005e+21,7.52697777777778e+23,5.739152158427607e-17,2.165444002192131e-13,2.160166232854283e-13,7.314605692113617e-18,1.6879859289492963e-18,2.2506479052657284e-18,0.0,5.626619763164321e-19,3.938633834215025e-18,6.751943715797185e-18,3.938633834215025e-18,1.1253239526328642e-18,5.063957786847889e-18,5.063957786847889e-18,5.626619763164322e-18,1.350388743159437e-17,5.626619763164322e-18,2.2506479052657284e-18,1.6879859289492963e-18,2.813309881582161e-18,7.314605692113617e-18,4.501295810531457e-18,1.8005183242125827e-17,1.4066549407910804e-17,1.069057755001221e-17,7.314605692113617e-18,1.1590836712118502e-16,6.13301554184911e-17,6.020483146585824e-17,0.0,7.87726766843005e-18,1.2378563478961506e-17,5.063957786847889e-18,7.652202877903477e-17,5.739152158427608e-17,1734.0803036425532,1301.3076452149953,2001.5028465366122,2160.8695507432726,954.6389801503669,27.111825062798744,-300.87942787615276,-615.8933292953266,75740.7557450614,8.415639527229045e+23,7.577363206864783e-22,8.47197363915812e-22
3.55454e-06,203620.0,6.78734,3e+22,-1818.73,3764.7,81214.7,4.50973,4.50799,4.51936,-3.73505335e-05,-7.15441049e-05,0.283875506,0.0132132478,0.0134792795,0.0886812492,9.63577984e-06,-1.10049659e-05,-3.4105263e-05,1661.71077,419.721467,765.696758,26.2919922,1652.39386,447.610907,-1164.31227,482.483127,23761.1794,18000.0,203620.09433,6.787336478,-270.0,30000 3000,1e-06,2,0.0 0.0259,0.0 0.0,-1.0 0.0,0.00054857 28.0,30000,1000,0,0.0,0.0 0.0 0.0,1000 1000000 0,0,0.0,0,100,0,,90,,1,,,10,1.0,10.0,0.1,True,{},,,False,3,mixed,250,300,True,Ar_Aubin,,False,uniform,Argon_Aubin_Model3-test/90Td,3.0000000000000005e+21,9.023855555555556e+23,5.79541835605925e-17,2.1714532320991905e-13,2.1660460505067898e-13,1.0127915573695778e-17,4.501295810531457e-18,1.1253239526328642e-18,0.0,5.626619763164321e-19,4.501295810531457e-18,3.3759718578985926e-18,5.626619763164322e-18,1.6879859289492963e-18,2.2506479052657284e-18,2.813309881582161e-18,2.2506479052657284e-18,1.1815901502645076e-17,3.3759718578985926e-18,2.813309881582161e-18,2.813309881582161e-18,1.6879859289492963e-18,1.5191873360543668e-17,6.189281739480753e-18,1.6317197313176533e-17,1.1815901502645076e-17,1.2378563478961506e-17,1.0127915573695778e-17,1.2659894467119722e-16,6.414346530007327e-17,6.751943715797185e-17,0.0,5.626619763164322e-18,6.751943715797185e-18,5.626619763164322e-18,7.314605692113617e-17,5.795418356059251e-17,1762.18948855934,1661.6428394642076,1688.3177240527054,1652.663202091717,981.7975593691476,706.3153428618025,-243.4820066602356,120.71079940042262,79626.02671744117,8.84733630193791e+23,7.278296550730478e-22,7.135922876104018e-22
3.57428e-06,203348.0,6.77827,3e+22,-2072.92,-152.246,63671.8,4.52892,4.47682,4.52774,-6.03893833e-05,-0.000146735679,0.285319902,0.0132766426,0.0135357224,0.0895443439,-9.47951274e-07,-6.4627423e-06,-5.79791843e-05,1749.41808,-319.844629,449.108384,-197.292398,1477.18643,289.990223,-80.9057278,-633.500289,19320.5941,18100.0,203348.167802,6.77827226,-270.0,30000 3000,1e-06,2,0.0 0.0259,0.0 0.0,-1.0 0.0,0.00054857 28.0,30000,1000,0,0.0,0.0 0.0 0.0,1000 1000000 0,0,0.0,0,100,0,,90,,1,,,10,1.0,10.0,0.1,True,{},,,False,3,mixed,250,300,True,Ar_Aubin,,False,uniform,Argon_Aubin_Model3-test/90Td,3.0000000000000005e+21,7.074644444444447e+23,5.514087367901035e-17,2.165112031626104e-13,2.1600424472194938e-13,7.314605692113617e-18,2.813309881582161e-18,3.3759718578985926e-18,0.0,5.626619763164321e-19,3.3759718578985926e-18,4.501295810531457e-18,2.813309881582161e-18,1.6879859289492963e-18,1.6879859289492963e-18,4.501295810531457e-18,3.938633834215025e-18,1.1815901502645076e-17,5.063957786847889e-18,2.2506479052657284e-18,3.3759718578985926e-18,3.3759718578985926e-18,7.87726766843005e-18,2.813309881582161e-18,1.1253239526328644e-17,1.294122545527794e-17,1.2378563478961506e-17,7.87726766843005e-18,1.1028174735802071e-16,6.583145122902256e-17,6.358080332375683e-17,0.0,5.626619763164322e-18,7.87726766843005e-18,5.626619763164322e-18,7.53967048264019e-17,5.5140873679010355e-17,1605.085940041122,1749.2928976395697,1428.70674619075,1477.164090079815,1036.8739547081443,1153.7623638363984,565.6245849232804,963.4930881894411,73143.60371492016,8.127067079435574e+23,7.538714375343592e-22,8.660171956660617e-22
3.59403e-06,202546.0,6.75153,3e+22,-2731.57,3582.48,77906.0,4.48929,4.45736,4.52179,-9.14905183e-05,-0.000189730216,0.286744335,0.0133466367,0.0135872006,0.0904140393,4.03899858e-06,-1.68874168e-05,-6.76646357e-05,1063.81295,-244.691129,525.585606,-463.629879,1173.22954,482.383383,-1093.35238,1120.17515,23107.4293,18200.0,202545.945637,6.751531521,-270.0,30000 3000,1e-06,2,0.0 0.0259,0.0 0.0,-1.0 0.0,0.00054857 28.0,30000,1000,0,0.0,0.0 0.0 0.0,1000 1000000 0,0,0.0,0,100,0,,90,,1,,,10,1.0,10.0,0.1,True,{},,,False,3,mixed,250,300,True,Ar_Aubin,,False,uniform,Argon_Aubin_Model3-test/90Td,3.0000000000000005e+21,8.656222222222224e+23,6.189281739480752e-17,2.1537237532254597e-13,2.1484909968457173e-13,6.751943715797185e-18,2.2506479052657284e-18,1.1253239526328642e-18,0.0,1.1253239526328642e-18,2.813309881582161e-18,4.501295810531457e-18,4.501295810531457e-18,1.1253239526328642e-18,1.6879859289492963e-18,4.501295810531457e-18,3.938633834215025e-18,1.57545353368601e-17,3.3759718578985926e-18,2.2506479052657284e-18,1.6879859289492963e-18,2.2506479052657284e-18,1.1253239526328644e-17,3.938633834215025e-18,1.7442521265809397e-17,1.1253239526328644e-17,1.2378563478961506e-17,6.751943715797185e-18,1.175963530501343e-16,6.020483146585824e-17,7.314605692113617e-17,0.0,6.751943715797185e-18,7.87726766843005e-18,3.938633834215025e-18,6.920742308692116e-17,6.189281739480753e-17,1772.1162371420187,1063.5630372449273,1303.0508777010652,1173.9092447042158,1388.2390263371683,768.3251374899992,-71.93755108305939,222.6231094746298,72132.68582193113,8.01474286910346e+23,8.58041215151727e-22,7.9445507913135735e-22
3.61378e-06,203067.0,6.7689,3e+22,-1903.81,-6492.23,71488.8,4.44551,4.5367,4.52628,-0.000131977776,-0.000193326958,0.288258365,0.0134160445,0.013649769,0.0913283733,1.62687638e-05,-3.13296995e-05,-6.37643309e-05,1242.27902,294.977382,-584.1606,359.542398,498.233963,590.375167,100.348343,-2097.03805,21524.8675,18300.0,203067.024817,6.768900827,-270.0,30000 3000,1e-06,2,0.0 0.0259,0.0 0.0,-1.0 0.0,0.00054857 28.0,30000,1000,0,0.0,0.0 0.0 0.0,1000 1000000 0,0,0.0,0,100,0,,90,,1,,,10,1.0,10.0,0.1,True,{},,,False,3,mixed,250,300,True,Ar_Aubin,,False,uniform,Argon_Aubin_Model3-test/90Td,3.0000000000000005e+21,7.943200000000002e+23,5.570353565532677e-17,2.1612634237080999e-13,2.1563232515560418e-13,5.063957786847889e-18,5.626619763164321e-19,2.813309881582161e-18,0.0,0.0,3.938633834215025e-18,4.501295810531457e-18,5.626619763164322e-18,1.1253239526328642e-18,2.2506479052657284e-18,3.3759718578985926e-18,6.189281739480753e-18,1.856784521844226e-17,8.439929644746482e-18,0.0,4.501295810531457e-18,2.2506479052657284e-18,1.1253239526328644e-17,4.501295810531457e-18,1.1815901502645076e-17,1.350388743159437e-17,1.1253239526328644e-17,5.063957786847889e-18,1.1084440933433714e-16,5.289022577374462e-17,5.401554972637748e-17,0.0,6.189281739480753e-18,1.069057755001221e-17,2.813309881582161e-18,7.427138087376904e-17,5.570353565532679e-17,1757.1617626012137,1242.0277593902733,1584.1837974157256,496.9788399234637,1108.0613680535478,917.622896187997,-133.3326211370913,74.41183370355873,76669.84008021306,8.518871120023675e+23,7.265377832671745e-22,7.791924840720053e-22
3.63353e-06,203253.0,6.77511,3e+22,-780.437,10223.1,71670.0,4.54599,4.53767,4.43675,-0.000177177923,-0.000180555517,0.289808294,0.0135146148,0.0137185071,0.0922591878,2.69635333e-05,-4.73388279e-05,-6.61845536e-05,2727.59646,249.083883,-476.286679,344.364948,1163.41622,117.835758,-280.616225,3106.99857,21383.987,18400.0,203253.222886,6.77510743,-270.0,30000 3000,1e-06,2,0.0 0.0259,0.0 0.0,-1.0 0.0,0.00054857 28.0,30000,1000,0,0.0,0.0 0.0 0.0,1000 1000000 0,0,0.0,0,100,0,,90,,1,,,10,1.0,10.0,0.1,True,{},,,False,3,mixed,250,300,True,Ar_Aubin,,False,uniform,Argon_Aubin_Model3-test/90Td,3.0000000000000005e+21,7.963333333333335e+23,5.570353565532677e-17,2.1604982034203093e-13,2.155259820420804e-13,4.501295810531457e-18,1.6879859289492963e-18,2.813309881582161e-18,0.0,5.626619763164321e-19,3.3759718578985926e-18,6.751943715797185e-18,9.002591621062914e-18,1.1253239526328642e-18,2.2506479052657284e-18,1.069057755001221e-17,3.938633834215025e-18,1.1815901502645076e-17,8.439929644746482e-18,1.1253239526328642e-18,4.501295810531457e-18,5.063957786847889e-18,7.87726766843005e-18,5.626619763164322e-18,1.294122545527794e-17,1.294122545527794e-17,1.1253239526328644e-17,9.565253597379346e-18,1.1422038119223572e-16,6.639411320533899e-17,6.30181413474404e-17,0.0,5.063957786847889e-18,9.002591621062914e-18,3.938633834215025e-18,6.864476111060473e-17,5.570353565532679e-17,2495.4253754154843,2727.458183793308,1740.555086187793,1165.2620571058428,882.4508867695404,613.4265690200009,-136.98991902746027,-518.027446714112,78487.7502861139,8.720861142901545e+23,7.09709928648342e-22,7.772224871679471e-22
3.65327e-06,203252.0,6.77506,3e+22,7736.78,1614.87,76377.2,4.50652,4.48298,4.5271,-0.000286040097,-0.000190032075,0.291335276,0.0135745056,0.0137913838,0.0931880179,2.01960108e-05,-9.72822467e-05,-6.50506675e-05,1748.00706,-134.818924,-796.205362,-692.040282,1437.84594,-111.617215,1852.55251,51.0117327,22249.1807,18500.0,203251.769539,6.775058985,-270.0,30000 3000,1e-06,2,0.0 0.0259,0.0 0.0,-1.0 0.0,0.00054857 28.0,30000,1000,0,0.0,0.0 0.0 0.0,1000 1000000 0,0,0.0,0,100,0,,90,,1,,,10,1.0,10.0,0.1,True,{},,,False,3,mixed,250,300,True,Ar_Aubin,,False,uniform,Argon_Aubin_Model3-test/90Td,3.0000000000000005e+21,8.486355555555556e+23,6.133015541849109e-17,2.1640035875327607e-13,2.1587764577727815e-13,5.626619763164322e-18,1.1253239526328642e-18,1.1253239526328642e-18,0.0,5.626619763164321e-19,1.6879859289492963e-18,4.501295810531457e-18,3.938633834215025e-18,5.626619763164321e-19,2.2506479052657284e-18,5.063957786847889e-18,6.189281739480753e-18,1.7442521265809397e-17,9.002591621062914e-18,1.1253239526328642e-18,2.813309881582161e-18,4.501295810531457e-18,1.2378563478961506e-17,8.439929644746482e-18,1.7442521265809397e-17,1.350388743159437e-17,1.1815901502645076e-17,1.1253239526328644e-17,1.0521778957117281e-16,5.626619763164322e-17,6.695677518165542e-17,0.0,6.751943715797185e-18,5.063957786847889e-18,7.314605692113617e-18,7.145807099218688e-17,6.13301554184911e-17,1515.1456161141602,1750.2200893016675,1845.1337417885516,1438.1528170969552,1049.1084698312131,-2.191942107197974,-909.3591962755398,-1175.8028469546914,77325.72389276333,8.591747099195927e+23,7.931403979294759e-22,8.029903612398869e-22
3.67302e-06,202767.0,6.75892,3e+22,1917.92,-5825.07,64077.9,4.52681,4.47313,4.49433,-0.000240224601,-0.000201013532,0.292784154,0.0136452182,0.0138556451,0.0940713005,2.69884797e-05,-8.96408835e-05,-7.85082896e-05,2423.36987,-101.527049,-23.4383964,-175.115771,2785.05299,57.1150222,48.2312256,-2052.63848,20265.5498,18600.0,202767.473545,6.758915785,-270.0,30000 3000,1e-06,2,0.0 0.0259,0.0 0.0,-1.0 0.0,0.00054857 28.0,30000,1000,0,0.0,0.0 0.0 0.0,1000 1000000 0,0,0.0,0,100,0,,90,,1,,,10,1.0,10.0,0.1,True,{},,,False,3,mixed,250,300,True,Ar_Aubin,,False,uniform,Argon_Aubin_Model3-test/90Td,3.0000000000000005e+21,7.119766666666668e+23,6.301814134744038e-17,2.1600874601775984e-13,2.154894090136198e-13,5.063957786847889e-18,2.2506479052657284e-18,3.938633834215025e-18,0.0,1.1253239526328642e-18,2.2506479052657284e-18,6.751943715797185e-18,0.0,1.1253239526328642e-18,2.813309881582161e-18,5.626619763164322e-18,3.3759718578985926e-18,1.4629211384227235e-17,6.189281739480753e-18,2.2506479052657284e-18,3.3759718578985926e-18,3.3759718578985926e-18,5.063957786847889e-18,4.501295810531457e-18,8.439929644746482e-18,1.4066549407910804e-17,1.1253239526328644e-17,8.439929644746482e-18,1.260362826948808e-16,6.47061272763897e-17,6.751943715797185e-17,0.0,6.189281739480753e-18,6.189281739480753e-18,3.938633834215025e-18,6.583145122902256e-17,6.30181413474404e-17,1791.038594401463,2423.83060156675,1626.9738231231033,2783.882072105153,935.9411492255616,1504.5560584033992,-271.33956028587136,-521.3506674792621,73370.5703029281,8.152285589214234e+23,8.589021604609966e-22,9.834614016289608e-22
3.69277e-06,202124.0,6.73745,3e+22,-7352.42,2127.84,76461.6,4.47413,4.43884,4.52835,-0.000288579148,-0.000192933078,0.294264614,0.0137250128,0.0139412785,0.0949862733,3.68666517e-05,-0.000108673471,-7.79865239e-05,2508.33631,114.152306,-68.7820729,-157.372153,2265.61926,442.45958,-2564.9266,1094.08531,24053.892,18700.0,202123.505604,6.737450187,-270.0,30000 3000,1e-06,2,0.0 0.0259,0.0 0.0,-1.0 0.0,0.00054857 28.0,30000,1000,0,0.0,0.0 0.0 0.0,1000 1000000 0,0,0.0,0,100,0,,90,,1,,,10,1.0,10.0,0.1,True,{},,,False,3,mixed,250,300,True,Ar_Aubin,,False,uniform,Argon_Aubin_Model3-test/90Td,3.0000000000000005e+21,8.495733333333336e+23,5.457821170269392e-17,2.1531329581503277e-13,2.1477764161357953e-13,7.87726766843005e-18,2.2506479052657284e-18,3.3759718578985926e-18,0.0,1.6879859289492963e-18,5.063957786847889e-18,7.87726766843005e-18,3.3759718578985926e-18,2.2506479052657284e-18,2.813309881582161e-18,3.3759718578985926e-18,5.626619763164322e-18,1.9693169171075125e-17,7.87726766843005e-18,1.1253239526328642e-18,3.3759718578985926e-18,1.1253239526328642e-18,8.439929644746482e-18,3.938633834215025e-18,1.6879859289492963e-17,1.2378563478961506e-17,8.439929644746482e-18,1.069057755001221e-17,1.2153498688434935e-16,7.370871889745261e-17,5.232756379742819e-17,0.0,5.063957786847889e-18,8.439929644746482e-18,3.3759718578985926e-18,7.70846907553512e-17,5.4578211702693925e-17,2019.7350014246306,2506.214554900662,2168.300213381519,2266.0297907206914,1161.4334273556722,1553.948790177601,-225.24041033774958,-448.0864162514031,74969.86945116629,8.329985494574033e+23,7.280019573496117e-22,7.13798974945514e-22
3.71252e-06,202197.0,6.73991,3e+22,-6839.27,-6280.08,79396.9,4.49408,4.438,4.51142,-0.000359279749,-0.000202301514,0.29584402,0.0138118353,0.0140175666,0.0959663439,2.82975229e-05,-0.000129539171,-7.53800052e-05,843.728431,128.85252,581.185074,36.9286303,1648.2645,-62.2884468,-2818.05932,-1446.60038,24592.4161,18800.0,202197.418213,6.73991394,-270.0,30000 3000,1e-06,2,0.0 0.0259,0.0 0.0,-1.0 0.0,0.00054857 28.0,30000,1000,0,0.0,0.0 0.0 0.0,1000 1000000 0,0,0.0,0,100,0,,90,,1,,,10,1.0,10.0,0.1,True,{},,,False,3,mixed,250,300,True,Ar_Aubin,,False,uniform,Argon_Aubin_Model3-test/90Td,3.0000000000000005e+21,8.821877777777779e+23,5.62661976316432e-17,2.1438659154003958e-13,2.138486866906811e-13,9.565253597379346e-18,1.6879859289492963e-18,2.2506479052657284e-18,0.0,5.626619763164321e-19,4.501295810531457e-18,3.938633834215025e-18,5.063957786847889e-18,1.1253239526328642e-18,2.2506479052657284e-18,3.3759718578985926e-18,2.813309881582161e-18,2.081849312370799e-17,6.751943715797185e-18,1.6879859289492963e-18,1.6879859289492963e-18,6.189281739480753e-18,7.87726766843005e-18,3.3759718578985926e-18,1.8005183242125827e-17,1.4629211384227235e-17,1.1253239526328644e-17,8.439929644746482e-18,1.277242686238301e-16,5.795418356059251e-17,5.907950751322538e-17,0.0,7.87726766843005e-18,7.87726766843005e-18,6.751943715797185e-18,7.652202877903477e-17,5.626619763164322e-17,2197.1676267918624,841.2712197910568,1931.50483785258,1646.9940303079588,1216.6027631132956,1103.318028462003,25.64558646110935,-184.99141703122154,79980.45312294304,8.88671701366034e+23,7.034993605894287e-22,7.086699560265351e-22
3.73226e-06,201282.0,6.70942,3e+22,-6526.55,-4538.15,72475.9,4.47788,4.44553,4.4652,-0.000384381688,-0.000168958439,0.297259651,0.0138833753,0.0140950742,0.096858886,2.99400421e-05,-0.000137838863,-6.03078168e-05,1659.48465,568.941013,390.564828,-1279.98091,1033.99099,-213.643268,-658.869323,-1677.97359,22186.7863,18900.0,201282.499557,6.709416652,-270.0,30000 3000,1e-06,2,0.0 0.0259,0.0 0.0,-1.0 0.0,0.00054857 28.0,30000,1000,0,0.0,0.0 0.0 0.0,1000 1000000 0,0,0.0,0,100,0,,90,,1,,,10,1.0,10.0,0.1,True,{},,,False,3,mixed,250,300,True,Ar_Aubin,,False,uniform,Argon_Aubin_Model3-test/90Td,3.0000000000000005e+21,8.05287777777778e+23,5.3452887750061045e-17,2.1431682145497635e-13,2.1378960718316786e-13,7.87726766843005e-18,3.938633834215025e-18,0.0,0.0,5.626619763164321e-19,4.501295810531457e-18,8.439929644746482e-18,5.063957786847889e-18,1.1253239526328642e-18,3.938633834215025e-18,6.189281739480753e-18,3.938633834215025e-18,1.294122545527794e-17,4.501295810531457e-18,1.1253239526328642e-18,0.0,4.501295810531457e-18,9.002591621062914e-18,4.501295810531457e-18,1.4066549407910804e-17,1.8005183242125827e-17,1.1253239526328644e-17,9.002591621062914e-18,1.2659894467119722e-16,5.682885960795965e-17,7.202073296850331e-17,0.0,4.501295810531457e-18,7.87726766843005e-18,5.063957786847889e-18,6.639411320533899e-17,5.345288775006105e-17,1810.9050471447367,1656.9759636941837,1962.789505161613,1033.2242312600522,1340.0791273431116,642.6255600891018,-16.67514827674016,1699.6338890153693,71686.95625753407,7.965217361948231e+23,7.456431482183807e-22,7.375263742852596e-22
3.75201e-06,201316.0,6.71053,3e+22,1502.81,8584.24,64373.2,4.43879,4.51924,4.43904,-0.000457461493,-0.000191090965,0.298732802,0.0139657992,0.0141891877,0.0977715389,2.79578714e-05,-0.000153655711,-6.65181434e-05,1969.61863,671.422221,390.216549,-104.947412,2057.33495,-680.39617,110.90401,2335.06402,20020.0175,19000.0,201315.950933,6.710531698,-270.0,30000 3000,1e-06,2,0.0 0.0259,0.0 0.0,-1.0 0.0,0.00054857 28.0,30000,1000,0,0.0,0.0 0.0 0.0,1000 1000000 0,0,0.0,0,100,0,,90,,1,,,10,1.0,10.0,0.1,True,{},,,False,3,mixed,250,300,True,Ar_Aubin,,False,uniform,Argon_Aubin_Model3-test/90Td,3.0000000000000005e+21,7.152577777777779e+23,5.3452887750061045e-17,2.140681248614445e-13,2.135634170686887e-13,5.626619763164322e-18,5.626619763164321e-19,2.813309881582161e-18,0.0,0.0,1.6879859289492963e-18,5.626619763164322e-18,4.501295810531457e-18,1.1253239526328642e-18,4.501295810531457e-18,3.3759718578985926e-18,2.2506479052657284e-18,1.6879859289492963e-17,8.439929644746482e-18,2.2506479052657284e-18,1.6879859289492963e-18,6.189281739480753e-18,1.1815901502645076e-17,2.813309881582161e-18,1.6879859289492963e-17,1.5191873360543668e-17,1.069057755001221e-17,7.314605692113617e-18,1.1815901502645076e-16,5.626619763164322e-17,6.076749344217467e-17,0.0,6.751943715797185e-18,7.87726766843005e-18,4.501295810531457e-18,6.47061272763897e-17,5.345288775006105e-17,2085.3980337789194,1970.3061077062953,2382.7321874577124,2058.9753207053914,877.7363569527491,789.631090293602,333.2458544072903,81.63017700756757,74599.74477652783,8.288860530725316e+23,7.165290968512741e-22,8.3035933820380295e-22
3.77176e-06,202197.0,6.7399,3e+22,5352.84,2343.91,67919.3,4.47762,4.49966,4.47611,-0.000384197602,-0.000209316528,0.300330483,0.0140445161,0.0142742228,0.0987631055,2.83514226e-05,-0.000130780581,-7.4176068e-05,2285.64424,1134.57003,429.191859,930.314342,1780.8097,1028.48044,1517.49474,133.140321,22087.5736,19100.0,202197.04399,6.739901466,-270.0,30000 3000,1e-06,2,0.0 0.0259,0.0 0.0,-1.0 0.0,0.00054857 28.0,30000,1000,0,0.0,0.0 0.0 0.0,1000 1000000 0,0,0.0,0,100,0,,90,,1,,,10,1.0,10.0,0.1,True,{},,,False,3,mixed,250,300,True,Ar_Aubin,,False,uniform,Argon_Aubin_Model3-test/90Td,3.0000000000000005e+21,7.546588888888891e+23,4.838892996321316e-17,2.1400116808626285e-13,2.1348802036386227e-13,7.314605692113617e-18,2.813309881582161e-18,1.1253239526328642e-18,0.0,5.626619763164321e-19,5.626619763164322e-18,2.813309881582161e-18,7.314605692113617e-18,1.1253239526328642e-18,2.2506479052657284e-18,2.813309881582161e-18,3.938633834215025e-18,1.6317197313176533e-17,7.314605692113617e-18,3.3759718578985926e-18,2.2506479052657284e-18,2.813309881582161e-18,6.189281739480753e-18,3.938633834215025e-18,1.4629211384227235e-17,1.4629211384227235e-17,9.002591621062914e-18,9.002591621062914e-18,1.2828693060014654e-16,5.795418356059251e-17,5.682885960795965e-17,0.0,6.189281739480753e-18,7.87726766843005e-18,5.626619763164322e-18,7.483404285008547e-17,4.8388929963213164e-17,1994.6565932779574,2287.7007882918897,2152.886008993858,1781.3003191031446,872.3824847308949,1689.3374259781012,81.15639350539034,365.16000856779874,80905.8914084873,8.989543489831924e+23,5.980890775790525e-22,7.124474186750034e-22
3.79151e-06,202561.0,6.75203,3e+22,2993.62,2195.8,71972.1,4.47911,4.48779,4.50764,-0.000296611249,-0.000145158094,0.301900549,0.0141174582,0.0143576239,0.0997608591,2.31073069e-05,-0.000106050893,-5.34725373e-05,706.309483,-598.122167,-545.141038,-956.231991,1809.00736,69.5830743,43.6246417,664.872342,23066.7476,19200.0,202561.037347,6.752034578,-270.0,30000 3000,1e-06,2,0.0 0.0259,0.0 0.0,-1.0 0.0,0.00054857 28.0,30000,1000,0,0.0,0.0 0.0 0.0,1000 1000000 0,0,0.0,0,100,0,,90,,1,,,10,1.0,10.0,0.1,True,{},,,False,3,mixed,250,300,True,Ar_Aubin,,False,uniform,Argon_Aubin_Model3-test/90Td,3.0000000000000005e+21,7.996900000000001e+23,5.2327563797428184e-17,2.1516306506735624e-13,2.1463753878147675e-13,6.751943715797185e-18,3.3759718578985926e-18,1.6879859289492963e-18,0.0,5.626619763164321e-19,3.3759718578985926e-18,3.938633834215025e-18,3.938633834215025e-18,1.1253239526328642e-18,5.063957786847889e-18,3.3759718578985926e-18,6.189281739480753e-18,1.4629211384227235e-17,6.751943715797185e-18,3.3759718578985926e-18,2.813309881582161e-18,1.6879859289492963e-18,9.002591621062914e-18,6.189281739480753e-18,1.8005183242125827e-17,1.9693169171075125e-17,1.1253239526328644e-17,1.294122545527794e-17,1.175963530501343e-16,6.245547937112397e-17,6.13301554184911e-17,0.0,6.189281739480753e-18,6.751943715797185e-18,3.3759718578985926e-18,6.977008506323759e-17,5.232756379742819e-17,1848.3883844037575,707.1974243672314,2112.2740851109584,1809.3260981428052,1321.974855217878,1338.3310973170956,-56.18281208797406,-1383.9441833232272,79507.47946565303,8.83416438507256e+23,6.581464303623601e-22,7.270534526216156e-22
3.81125e-06,202781.0,6.75936,3e+22,-10106.5,-6558.96,69737.9,4.52157,4.50558,4.46309,-0.00028489506,-0.000184683151,0.30338559,0.014197719,0.0144219158,0.100706393,2.82823094e-05,-0.000101822918,-6.39213719e-05,1962.11339,975.040748,24.117635,649.196912,2445.86101,-349.810061,-2581.91794,-2394.17828,22354.2053,19300.0,202780.756496,6.75935855,-270.0,30000 3000,1e-06,2,0.0 0.0259,0.0 0.0,-1.0 0.0,0.00054857 28.0,30000,1000,0,0.0,0.0 0.0 0.0,1000 1000000 0,0,0.0,0,100,0,,90,,1,,,10,1.0,10.0,0.1,True,{},,,False,3,mixed,250,300,True,Ar_Aubin,,False,uniform,Argon_Aubin_Model3-test/90Td,3.0000000000000005e+21,7.748655555555557e+23,4.6138282057947436e-17,2.1498751453074552e-13,2.1448674537182395e-13,5.626619763164322e-18,2.2506479052657284e-18,1.6879859289492963e-18,0.0,5.626619763164321e-19,4.501295810531457e-18,3.3759718578985926e-18,5.063957786847889e-18,1.1253239526328642e-18,2.813309881582161e-18,3.3759718578985926e-18,3.938633834215025e-18,1.294122545527794e-17,9.565253597379346e-18,5.626619763164321e-19,1.6879859289492963e-18,2.813309881582161e-18,8.439929644746482e-18,5.063957786847889e-18,1.350388743159437e-17,1.8005183242125827e-17,1.57545353368601e-17,1.0127915573695778e-17,1.1703369107381788e-16,4.9514253915846025e-17,5.907950751322538e-17,0.0,3.3759718578985926e-18,6.189281739480753e-18,1.6879859289492963e-18,8.496195842378125e-17,4.613828205794744e-17,2032.3590203728174,1959.23409807611,1627.5272442445723,2444.6496805999172,1181.4002565737078,1196.7313631390061,56.40904389994054,528.2341435397743,75201.84935738197,8.35576103970911e+23,6.135258966662421e-22,6.615955177593165e-22
3.831e-06,203025.0,6.7675,3e+22,-436.011,4346.93,72014.0,4.45476,4.50999,4.54067,-0.000312896261,-0.000198252177,0.304819764,0.0142617,0.0145010516,0.101631438,2.32691025e-05,-0.000110107578,-6.60081087e-05,1695.15046,-1021.61381,1245.71384,-182.191761,792.233461,-211.341694,-242.417902,1201.75361,23158.612,19400.0,203025.114885,6.767503829,-270.0,30000 3000,1e-06,2,0.0 0.0259,0.0 0.0,-1.0 0.0,0.00054857 28.0,30000,1000,0,0.0,0.0 0.0 0.0,1000 1000000 0,0,0.0,0,100,0,,90,,1,,,10,1.0,10.0,0.1,True,{},,,False,3,mixed,250,300,True,Ar_Aubin,,False,uniform,Argon_Aubin_Model3-test/90Td,3.0000000000000005e+21,8.001555555555558e+23,5.682885960795963e-17,2.157184124379806e-13,2.1523564846230112e-13,3.938633834215025e-18,1.6879859289492963e-18,2.2506479052657284e-18,0.0,5.626619763164321e-19,1.1253239526328642e-18,5.626619763164322e-18,4.501295810531457e-18,0.0,2.2506479052657284e-18,1.1253239526328642e-18,2.2506479052657284e-18,1.4629211384227235e-17,5.063957786847889e-18,3.938633834215025e-18,2.2506479052657284e-18,1.1253239526328642e-18,8.439929644746482e-18,5.063957786847889e-18,1.1815901502645076e-17,1.2378563478961506e-17,7.87726766843005e-18,6.751943715797185e-18,1.1534570514486859e-16,6.583145122902256e-17,5.739152158427608e-17,0.0,7.87726766843005e-18,1.1253239526328644e-17,5.063957786847889e-18,5.851684553690894e-17,5.682885960795965e-17,1619.561591021241,1695.0140337883452,2003.570190014338,793.0952493357667,1336.1934895834327,1207.321515304,33.38406920997229,1158.733619461058,72625.96594994837,8.069551772216487e+23,7.8248679882790645e-22,7.891362736129035e-22
3.85075e-06,202317.0,6.74389,3e+22,-11140.9,6531.56,72061.0,4.47572,4.48723,4.49436,-0.000270858146,-0.000179649627,0.306247156,0.0143377062,0.0145519111,0.102543077,1.58457972e-05,-9.10070139e-05,-6.31544679e-05,923.013666,-210.050108,383.225708,-164.906493,1023.06541,1.32546873,-3607.13502,1769.73155,22818.2103,19500.0,202316.72878,6.743890959,-270.0,30000 3000,1e-06,2,0.0 0.0259,0.0 0.0,-1.0 0.0,0.00054857 28.0,30000,1000,0,0.0,0.0 0.0 0.0,1000 1000000 0,0,0.0,0,100,0,,90,,1,,,10,1.0,10.0,0.1,True,{},,,False,3,mixed,250,300,True,Ar_Aubin,,False,uniform,Argon_Aubin_Model3-test/90Td,3.0000000000000005e+21,8.00677777777778e+23,5.2327563797428184e-17,2.1552767002800933e-13,2.1500777036189295e-13,3.938633834215025e-18,3.938633834215025e-18,2.2506479052657284e-18,0.0,0.0,3.938633834215025e-18,5.626619763164322e-18,1.6879859289492963e-18,5.626619763164321e-19,2.2506479052657284e-18,2.2506479052657284e-18,4.501295810531457e-18,1.57545353368601e-17,4.501295810531457e-18,2.2506479052657284e-18,3.3759718578985926e-18,4.501295810531457e-18,1.069057755001221e-17,4.501295810531457e-18,1.4066549407910804e-17,1.350388743159437e-17,9.565253597379346e-18,1.2378563478961506e-17,1.2322297281329864e-16,4.9514253915846025e-17,6.414346530007327e-17,0.0,5.626619763164322e-18,1.57545353368601e-17,3.938633834215025e-18,7.933533866061693e-17,5.232756379742819e-17,1925.082287665525,919.9960624812286,1287.9298018271672,1024.2388023177282,997.7760851386913,749.7339914839977,337.9248183269891,207.47793713930605,72282.5283328452,8.031392036982801e+23,7.239310107758159e-22,7.261565034821635e-22
3.8705e-06,202368.0,6.74559,3e+22,-7764.11,-8864.59,67517.1,4.49763,4.46549,4.50136,-0.000404556297,-0.000211765935,0.307762368,0.0144014737,0.0146234645,0.103508363,2.20758869e-05,-0.000129988931,-7.585369e-05,1279.05928,1080.09929,-286.172734,-277.948255,1783.53456,715.134786,-2143.08211,-2657.63755,21119.079,19600.0,202367.822419,6.745594081,-270.0,30000 3000,1e-06,2,0.0 0.0259,0.0 0.0,-1.0 0.0,0.00054857 28.0,30000,1000,0,0.0,0.0 0.0 0.0,1000 1000000 0,0,0.0,0,100,0,,90,,1,,,10,1.0,10.0,0.1,True,{},,,False,3,mixed,250,300,True,Ar_Aubin,,False,uniform,Argon_Aubin_Model3-test/90Td,3.0000000000000005e+21,7.501900000000002e+23,5.907950751322537e-17,2.1440122075142382e-13,2.1388413439518904e-13,5.626619763164322e-18,3.938633834215025e-18,3.3759718578985926e-18,0.0,1.6879859289492963e-18,1.6879859289492963e-18,5.626619763164322e-18,3.3759718578985926e-18,1.6879859289492963e-18,2.2506479052657284e-18,2.2506479052657284e-18,6.189281739480753e-18,1.7442521265809397e-17,8.439929644746482e-18,1.1253239526328642e-18,4.501295810531457e-18,1.6879859289492963e-18,1.294122545527794e-17,3.3759718578985926e-18,1.1815901502645076e-17,1.5191873360543668e-17,1.350388743159437e-17,1.1815901502645076e-17,1.277242686238301e-16,5.232756379742819e-17,5.345288775006105e-17,0.0,4.501295810531457e-18,8.439929644746482e-18,5.063957786847889e-18,6.695677518165542e-17,5.907950751322538e-17,1612.2932218371284,1275.9182604088992,1811.3986949486139,1781.6573418102585,884.4557035592046,339.8564235072008,130.43489077541824,-12.439497027341531,76729.69606125302,8.52552178458367e+23,7.699692628270341e-22,8.7503028881906e-22
3.89024e-06,202836.0,6.76121,3e+22,-3801.63,975.096,74862.8,4.49235,4.47601,4.52211,-0.000453166915,-0.000211778079,0.309269301,0.0144826571,0.0146970102,0.104497423,1.79305366e-05,-0.000138089847,-7.30356031e-05,2157.88054,963.371783,1132.84122,-329.667723,1321.58617,1581.64723,-1568.26442,301.858095,24587.3334,19700.0,202836.356088,6.76121187,-270.0,30000 3000,1e-06,2,0.0 0.0259,0.0 0.0,-1.0 0.0,0.00054857 28.0,30000,1000,0,0.0,0.0 0.0 0.0,1000 1000000 0,0,0.0,0,100,0,,90,,1,,,10,1.0,10.0,0.1,True,{},,,False,3,mixed,250,300,True,Ar_Aubin,,False,uniform,Argon_Aubin_Model3-test/90Td,3.0000000000000005e+21,8.318088888888892e+23,4.951425391584602e-17,2.150308395029219e-13,2.1452838235807133e-13,6.751943715797185e-18,1.6879859289492963e-18,2.2506479052657284e-18,0.0,5.626619763164321e-19,1.6879859289492963e-18,5.626619763164322e-18,5.063957786847889e-18,1.1253239526328642e-18,2.2506479052657284e-18,2.813309881582161e-18,5.063957786847889e-18,1.294122545527794e-17,6.751943715797185e-18,4.501295810531457e-18,2.2506479052657284e-18,3.3759718578985926e-18,9.565253597379346e-18,3.938633834215025e-18,1.294122545527794e-17,1.6317197313176533e-17,1.350388743159437e-17,9.565253597379346e-18,1.226603108369822e-16,6.414346530007327e-17,6.30181413474404e-17,0.0,6.189281739480753e-18,6.751943715797185e-18,2.2506479052657284e-18,5.739152158427608e-17,4.9514253915846025e-17,2054.4908581533036,2156.1577670609286,1862.161470788032,1321.7926739577206,1499.8079731719859,1434.5675730971998,381.94876714631596,774.2295968848921,76310.45099607989,8.478938999564433e+23,6.488528539608499e-22,6.613999732289737e-22
3.90999e-06,202152.0,6.73839,3e+22,1418.49,-7427.2,73354.5,4.45901,4.51439,4.47247,-0.000469853907,-0.000257912668,0.310787343,0.0145684182,0.0147747833,0.105489219,1.67358454e-05,-0.000132222513,-7.52425148e-05,2313.34131,193.318681,248.463556,659.269002,1672.3155,654.814773,615.221325,-2027.49148,24011.3636,19800.0,202151.83559,6.73839452,-270.0,30000 3000,1e-06,2,0.0 0.0259,0.0 0.0,-1.0 0.0,0.00054857 28.0,30000,1000,0,0.0,0.0 0.0 0.0,1000 1000000 0,0,0.0,0,100,0,,90,,1,,,10,1.0,10.0,0.1,True,{},,,False,3,mixed,250,300,True,Ar_Aubin,,False,uniform,Argon_Aubin_Model3-test/90Td,3.0000000000000005e+21,8.150500000000001e+23,5.2327563797428184e-17,2.150623485735956e-13,2.145086891889003e-13,9.565253597379346e-18,1.6879859289492963e-18,3.938633834215025e-18,0.0,0.0,4.501295810531457e-18,4.501295810531457e-18,7.87726766843005e-18,2.813309881582161e-18,1.6879859289492963e-18,5.063957786847889e-18,4.501295810531457e-18,1.856784521844226e-17,5.626619763164322e-18,1.1253239526328642e-18,5.626619763164322e-18,3.3759718578985926e-18,7.314605692113617e-18,4.501295810531457e-18,1.294122545527794e-17,1.9693169171075125e-17,1.57545353368601e-17,8.439929644746482e-18,1.3335088838699441e-16,6.358080332375683e-17,6.808209913428828e-17,0.0,4.501295810531457e-18,7.314605692113617e-18,4.501295810531457e-18,7.089540901587045e-17,5.232756379742819e-17,2171.062964211167,2314.00779306854,1968.649822519202,1670.3999310322304,1279.2563078921835,1213.7134479065026,594.5778338577579,457.30204124896153,76873.0060666213,8.541445118513478e+23,6.807014123017249e-22,7.13351788880412e-22
3.92974e-06,202536.0,6.75119,3e+22,-7973.89,983.436,68680.7,4.43024,4.52986,4.51509,-0.000502891716,-0.000255483033,0.312296858,0.0146334567,0.0148394686,0.106479961,1.37724616e-05,-0.000140083767,-8.87403247e-05,1254.55057,-424.549878,-387.475805,-86.2411164,608.495114,-484.013575,-3042.68716,-681.452361,22719.7153,19900.0,202535.765047,6.751192168,-270.0,30000 3000,1e-06,2,0.0 0.0259,0.0 0.0,-1.0 0.0,0.00054857 28.0,30000,1000,0,0.0,0.0 0.0 0.0,1000 1000000 0,0,0.0,0,100,0,,90,,1,,,10,1.0,10.0,0.1,True,{},,,False,3,mixed,250,300,True,Ar_Aubin,,False,uniform,Argon_Aubin_Model3-test/90Td,3.0000000000000005e+21,7.63118888888889e+23,6.020483146585823e-17,2.156205092541015e-13,2.1512086541913256e-13,2.813309881582161e-18,2.813309881582161e-18,2.2506479052657284e-18,0.0,0.0,3.938633834215025e-18,5.626619763164322e-18,5.063957786847889e-18,2.2506479052657284e-18,2.813309881582161e-18,1.6879859289492963e-18,2.2506479052657284e-18,1.069057755001221e-17,7.87726766843005e-18,5.626619763164321e-19,5.626619763164321e-19,3.938633834215025e-18,6.751943715797185e-18,3.938633834215025e-18,1.069057755001221e-17,2.0255831147391556e-17,8.439929644746482e-18,1.2378563478961506e-17,1.1478304316855216e-16,5.5140873679010355e-17,5.682885960795965e-17,0.0,5.063957786847889e-18,1.069057755001221e-17,6.189281739480753e-18,7.314605692113617e-17,6.020483146585824e-17,1645.9473808172277,1250.5405667747048,1637.8497261453147,608.7463652120414,1270.725572163143,1270.9484847593994,160.30472195474866,-905.4032168832987,76441.20238613777,8.493466931793087e+23,7.8759660479616e-22,8.765902424678e-22
3.94949e-06,202780.0,6.75933,3e+22,-898.902,4471.38,68545.7,4.47881,4.49599,4.51704,-0.000504861332,-0.000218226021,0.313794561,0.0147037552,0.0148991957,0.10746123,1.18357631e-05,-0.00015351489,-7.7141657e-05,1031.36873,-38.7208105,-726.872961,538.491541,3041.4984,-304.104375,61.1546474,2235.1394,21941.0077,20000.0,202779.985692,6.759332856,-270.0,30000 3000,1e-06,2,0.0 0.0259,0.0 0.0,-1.0 0.0,0.00054857 28.0,30000,1000,0,0.0,0.0 0.0 0.0,1000 1000000 0,0,0.0,0,100,0,,90,,1,,,10,1.0,10.0,0.1,True,{},,,False,3,mixed,250,300,True,Ar_Aubin,,False,uniform,Argon_Aubin_Model3-test/90Td,3.0000000000000005e+21,7.61618888888889e+23,5.851684553690893e-17,2.147703270078874e-13,2.1426674453908423e-13,6.751943715797185e-18,3.3759718578985926e-18,2.2506479052657284e-18,0.0,1.1253239526328642e-18,3.3759718578985926e-18,5.626619763164322e-18,4.501295810531457e-18,1.6879859289492963e-18,3.938633834215025e-18,2.813309881582161e-18,4.501295810531457e-18,9.565253597379346e-18,5.626619763164322e-18,2.2506479052657284e-18,5.626619763164321e-19,5.063957786847889e-18,1.1815901502645076e-17,2.2506479052657284e-18,1.5191873360543668e-17,1.1815901502645076e-17,9.002591621062914e-18,7.87726766843005e-18,1.2659894467119722e-16,5.401554972637748e-17,5.907950751322538e-17,0.0,9.002591621062914e-18,7.314605692113617e-18,7.314605692113617e-18,6.076749344217467e-17,5.851684553690894e-17,1779.892925485682,1030.9149091389424,1512.7244342016759,3042.474171465779,1103.183292216988,431.73986006229825,-610.7075250520595,-349.04168172310557,75843.04769235529,8.427005299150589e+23,7.715518734726059e-22,8.536909760482267e-22
3.96923e-06,202513.0,6.75044,3e+22,-7256.97,-2436.12,72384.6,4.46143,4.48479,4.52455,-0.000511031065,-0.000145224236,0.315266664,0.0147862336,0.0149917006,0.108439952,5.98149861e-06,-0.000160451095,-5.68116227e-05,1685.24847,598.199513,261.849681,-639.591869,1417.15153,339.018237,-2416.83919,-262.275708,23867.0621,20100.0,202513.32998,6.750444333,-270.0,30000 3000,1e-06,2,0.0 0.0259,0.0 0.0,-1.0 0.0,0.00054857 28.0,30000,1000,0,0.0,0.0 0.0 0.0,1000 1000000 0,0,0.0,0,100,0,,90,,1,,,10,1.0,10.0,0.1,True,{},,,False,3,mixed,250,300,True,Ar_Aubin,,False,uniform,Argon_Aubin_Model3-test/90Td,3.0000000000000005e+21,8.042733333333336e+23,5.063957786847889e-17,2.1534424222373017e-13,2.1482828119144801e-13,6.189281739480753e-18,2.2506479052657284e-18,2.2506479052657284e-18,0.0,5.626619763164321e-19,4.501295810531457e-18,2.813309881582161e-18,6.751943715797185e-18,1.6879859289492963e-18,1.6879859289492963e-18,4.501295810531457e-18,7.314605692113617e-18,1.9130507194758692e-17,6.751943715797185e-18,1.6879859289492963e-18,3.938633834215025e-18,3.938633834215025e-18,1.1815901502645076e-17,4.501295810531457e-18,2.0255831147391556e-17,2.0255831147391556e-17,1.0127915573695778e-17,9.565253597379346e-18,1.1422038119223572e-16,5.570353565532679e-17,5.5140873679010355e-17,0.0,3.938633834215025e-18,8.439929644746482e-18,3.3759718578985926e-18,7.202073296850331e-17,5.06395778684789e-17,2088.176980644429,1681.539932892227,2342.876341126425,1416.7977463341958,1333.8232753134753,1046.6107330255982,-215.11115275419405,169.88199287567886,74546.67449891868,8.282963833213189e+23,6.793002935256815e-22,6.995904911884418e-22
3.98898e-06,202550.0,6.75165,3e+22,2471.53,481.217,70026.0,4.46553,4.51856,4.49129,-0.000488029438,-0.000137135044,0.316794023,0.0148622399,0.0150667882,0.109446034,1.69018245e-05,-0.00014982445,-5.60102089e-05,1713.60354,507.010787,-407.050468,121.101427,1363.69762,-1108.78007,1221.78475,24.3312859,22443.02,20200.0,202549.549069,6.751651636,-270.0,30000 3000,1e-06,2,0.0 0.0259,0.0 0.0,-1.0 0.0,0.00054857 28.0,30000,1000,0,0.0,0.0 0.0 0.0,1000 1000000 0,0,0.0,0,100,0,,90,,1,,,10,1.0,10.0,0.1,True,{},,,False,3,mixed,250,300,True,Ar_Aubin,,False,uniform,Argon_Aubin_Model3-test/90Td,3.0000000000000005e+21,7.780666666666669e+23,5.457821170269392e-17,2.1450868918890024e-13,2.1398203757906807e-13,4.501295810531457e-18,1.6879859289492963e-18,5.626619763164321e-19,0.0,1.1253239526328642e-18,1.1253239526328642e-18,4.501295810531457e-18,4.501295810531457e-18,1.1253239526328642e-18,1.6879859289492963e-18,3.938633834215025e-18,2.813309881582161e-18,1.294122545527794e-17,3.3759718578985926e-18,3.3759718578985926e-18,3.938633834215025e-18,5.626619763164322e-18,1.069057755001221e-17,4.501295810531457e-18,1.57545353368601e-17,1.5191873360543668e-17,1.4066549407910804e-17,5.063957786847889e-18,1.3166290245804512e-16,6.358080332375683e-17,6.695677518165542e-17,0.0,5.626619763164322e-18,6.751943715797185e-18,5.626619763164322e-18,6.977008506323759e-17,5.4578211702693925e-17,1925.0453228536187,1714.8097193969002,1901.260015455941,1363.7636117144684,1030.475433838355,259.2017454020024,208.6550605918734,65.94309976019792,77344.81501362234,8.593868334846928e+23,7.056479699780954e-22,7.793992474608562e-22
4.00873e-06,202236.0,6.7412,3e+22,-726.372,4483.16,61128.4,4.47003,4.50756,4.48345,-0.000554525711,-0.000104304888,0.318268346,0.0149394736,0.0151631989,0.1104252,3.0434342e-05,-0.000174149845,-4.47995927e-05,2450.91187,942.629978,62.3624567,-656.472064,3178.88812,141.182712,439.442239,2170.83644,20358.8285,20300.0,202235.890308,6.741196344,-270.0,30000 3000,1e-06,2,0.0 0.0259,0.0 0.0,-1.0 0.0,0.00054857 28.0,30000,1000,0,0.0,0.0 0.0 0.0,1000 1000000 0,0,0.0,0,100,0,,90,,1,,,10,1.0,10.0,0.1,True,{},,,False,3,mixed,250,300,True,Ar_Aubin,,False,uniform,Argon_Aubin_Model3-test/90Td,3.0000000000000005e+21,6.792044444444446e+23,6.020483146585823e-17,2.1439840744154223e-13,2.1388019576135484e-13,6.189281739480753e-18,1.1253239526328642e-18,2.813309881582161e-18,0.0,5.626619763164321e-19,5.063957786847889e-18,6.751943715797185e-18,7.314605692113617e-18,0.0,3.3759718578985926e-18,1.6879859289492963e-18,5.626619763164322e-18,1.9130507194758692e-17,6.751943715797185e-18,3.3759718578985926e-18,3.938633834215025e-18,2.813309881582161e-18,9.565253597379346e-18,3.3759718578985926e-18,1.350388743159437e-17,1.294122545527794e-17,6.751943715797185e-18,9.002591621062914e-18,1.1703369107381788e-16,5.345288775006105e-17,6.751943715797185e-17,0.0,4.501295810531457e-18,6.189281739480753e-18,6.751943715797185e-18,7.089540901587045e-17,6.020483146585824e-17,1953.7856621174005,2450.5090780502496,2441.299272578434,3179.355735501686,1085.685785187226,903.5937383736018,-123.67314947816328,766.8831801930044,74659.09436178938,8.29545492908771e+23,8.063964876685022e-22,9.848913347291641e-22
4.02848e-06,202689.0,6.75629,3e+22,1631.06,-6252.85,58627.7,4.54367,4.48404,4.46508,-0.000538655027,-0.000171636194,0.319759981,0.0149973296,0.0152579517,0.111433128,3.55987938e-05,-0.000175102632,-5.96348159e-05,1331.82361,-339.41271,-734.419442,72.3842174,2273.32471,190.587128,780.513292,-2280.31973,19658.9031,20400.0,202688.567988,6.7562856,-270.0,30000 3000,1e-06,2,0.0 0.0259,0.0 0.0,-1.0 0.0,0.00054857 28.0,30000,1000,0,0.0,0.0 0.0 0.0,1000 1000000 0,0,0.0,0,100,0,,90,,1,,,10,1.0,10.0,0.1,True,{},,,False,3,mixed,250,300,True,Ar_Aubin,,False,uniform,Argon_Aubin_Model3-test/90Td,3.0000000000000005e+21,6.51418888888889e+23,5.2327563797428184e-17,2.1554567521125142e-13,2.150539086439509e-13,7.314605692113617e-18,5.626619763164321e-19,3.3759718578985926e-18,0.0,1.1253239526328642e-18,1.6879859289492963e-18,6.751943715797185e-18,4.501295810531457e-18,0.0,1.6879859289492963e-18,2.2506479052657284e-18,4.501295810531457e-18,1.2378563478961506e-17,9.002591621062914e-18,3.3759718578985926e-18,0.0,3.3759718578985926e-18,7.314605692113617e-18,2.2506479052657284e-18,1.4629211384227235e-17,1.4629211384227235e-17,1.2378563478961506e-17,9.565253597379346e-18,1.069057755001221e-16,6.13301554184911e-17,5.570353565532679e-17,0.0,6.751943715797185e-18,7.314605692113617e-18,7.314605692113617e-18,7.145807099218688e-17,5.232756379742819e-17,1465.340994916975,1332.7021886683385,2398.650468582448,2272.251494624347,1423.5447819799003,912.1108619262995,-263.34842335545443,-443.87375928341214,75535.76673385088,8.392862970427876e+23,6.927521366375158e-22,8.925399392680965e-22
4.04822e-06,202122.0,6.7374,3e+22,-2600.78,2296.08,67118.5,4.48676,4.46428,4.49808,-0.000566472755,-0.000183939008,0.32123115,0.0150643544,0.0153380926,0.112413598,3.01135437e-05,-0.000195387299,-5.83412872e-05,626.498078,1330.60867,-224.334067,-631.597327,1996.9638,-200.135756,-1346.63487,487.225171,23634.3614,20500.0,202121.970267,6.737399009,-270.0,30000 3000,1e-06,2,0.0 0.0259,0.0 0.0,-1.0 0.0,0.00054857 28.0,30000,1000,0,0.0,0.0 0.0 0.0,1000 1000000 0,0,0.0,0,100,0,,90,,1,,,10,1.0,10.0,0.1,True,{},,,False,3,mixed,250,300,True,Ar_Aubin,,False,uniform,Argon_Aubin_Model3-test/90Td,3.0000000000000005e+21,7.457611111111113e+23,5.120223984479532e-17,2.1473600462733207e-13,2.1420653970761833e-13,3.3759718578985926e-18,0.0,3.938633834215025e-18,0.0,1.1253239526328642e-18,2.813309881582161e-18,5.626619763164322e-18,5.063957786847889e-18,2.2506479052657284e-18,3.938633834215025e-18,3.3759718578985926e-18,6.189281739480753e-18,1.9130507194758692e-17,4.501295810531457e-18,2.2506479052657284e-18,1.1253239526328642e-18,5.063957786847889e-18,9.002591621062914e-18,1.6879859289492963e-18,1.6879859289492963e-17,1.8005183242125827e-17,1.294122545527794e-17,1.0127915573695778e-17,1.1815901502645076e-16,6.020483146585824e-17,6.358080332375683e-17,0.0,3.938633834215025e-18,7.314605692113617e-18,3.3759718578985926e-18,8.327397249483196e-17,5.120223984479533e-17,1696.275404761055,625.024806988251,2029.0399096698218,1997.3861386774886,948.5734526534136,2073.8084587250014,-534.5662551402322,-697.4965850965324,74499.37713319194,8.277708570354661e+23,6.872841333056331e-22,7.628632917123494e-22
4.06797e-06,202791.0,6.7597,3e+22,-2591.79,-6336.77,82179.5,4.48624,4.50843,4.48607,-0.00059456485,-0.000125112192,0.322721474,0.0151157587,0.0154299028,0.113422234,3.44047052e-05,-0.000208637266,-3.48475438e-05,-327.647101,129.540977,-709.581494,-310.863728,2159.57078,-1108.11833,-570.779121,-1403.33064,27457.8161,20600.0,202791.081102,6.759702703,-270.0,30000 3000,1e-06,2,0.0 0.0259,0.0 0.0,-1.0 0.0,0.00054857 28.0,30000,1000,0,0.0,0.0 0.0 0.0,1000 1000000 0,0,0.0,0,100,0,,90,,1,,,10,1.0,10.0,0.1,True,{},,,False,3,mixed,250,300,True,Ar_Aubin,,False,uniform,Argon_Aubin_Model3-test/90Td,3.0000000000000005e+21,9.131055555555557e+23,4.5575620081631e-17,2.1581969159371754e-13,2.1533298898420384e-13,2.813309881582161e-18,1.6879859289492963e-18,1.6879859289492963e-18,0.0,0.0,0.0,2.813309881582161e-18,5.626619763164322e-18,1.1253239526328642e-18,4.501295810531457e-18,4.501295810531457e-18,1.6879859289492963e-18,1.2378563478961506e-17,5.626619763164322e-18,1.1253239526328642e-18,1.6879859289492963e-18,2.813309881582161e-18,1.0127915573695778e-17,3.3759718578985926e-18,1.6879859289492963e-17,1.9693169171075125e-17,1.5191873360543668e-17,6.189281739480753e-18,1.1028174735802071e-16,5.626619763164322e-17,6.920742308692116e-17,0.0,3.3759718578985926e-18,8.439929644746482e-18,6.751943715797185e-18,6.526878925270613e-17,4.5575620081631005e-17,1300.7201966157852,-329.1880882325815,2325.0752123843617,2158.7779728151004,1239.0985544887515,936.7267274170008,-169.12691046565064,-395.0732838109651,75469.37824726228,8.385486471918034e+23,6.0389552875751025e-22,5.545862420875158e-22
4.08772e-06,202801.0,6.76005,3e+22,-5726.72,-4502.26,66837.3,4.47603,4.50048,4.51789,-0.000546682783,-0.000149937721,0.324236369,0.0151666468,0.015495221,0.114446505,3.02097406e-05,-0.000202680568,-3.91955068e-05,1763.5749,-176.78982,-62.2105857,-635.828098,1685.39983,329.651047,-1850.41192,-537.151493,22817.8468,20700.0,202801.498089,6.760049936,-270.0,30000 3000,1e-06,2,0.0 0.0259,0.0 0.0,-1.0 0.0,0.00054857 28.0,30000,1000,0,0.0,0.0 0.0 0.0,1000 1000000 0,0,0.0,0,100,0,,90,,1,,,10,1.0,10.0,0.1,True,{},,,False,3,mixed,250,300,True,Ar_Aubin,,False,uniform,Argon_Aubin_Model3-test/90Td,3.0000000000000005e+21,7.426366666666669e+23,5.851684553690893e-17,2.1627150916069965e-13,2.157532974805122e-13,5.063957786847889e-18,1.6879859289492963e-18,0.0,0.0,1.1253239526328642e-18,3.3759718578985926e-18,6.189281739480753e-18,5.626619763164322e-18,1.1253239526328642e-18,1.6879859289492963e-18,3.938633834215025e-18,5.063957786847889e-18,2.138115510002442e-17,8.439929644746482e-18,2.813309881582161e-18,2.813309881582161e-18,6.751943715797185e-18,7.314605692113617e-18,5.626619763164322e-18,1.5191873360543668e-17,1.5191873360543668e-17,1.350388743159437e-17,7.87726766843005e-18,1.0409246561853995e-16,6.47061272763897e-17,6.358080332375683e-17,0.0,5.063957786847889e-18,2.2506479052657284e-18,2.813309881582161e-18,7.53967048264019e-17,5.851684553690894e-17,1289.8595586159586,1760.4442007729383,1653.6701474727747,1684.7247713962506,1119.0789275680233,1146.763334236297,-438.9289843652311,-19.272805448113786,76713.64331507013,8.523738146118906e+23,7.627958079969524e-22,8.755118105744686e-22
4.10747e-06,202920.0,6.764,3e+22,-4354.51,3610.1,76169.8,4.50834,4.51202,4.47447,-0.000569345238,-0.000171243433,0.325714321,0.0152295882,0.015579304,0.115447196,2.85341001e-05,-0.000212586266,-5.06787195e-05,1093.08245,168.98429,65.0516706,30.9851179,2056.38953,-540.291701,-844.133415,647.604176,25345.4714,20800.0,202919.906701,6.76399689,-270.0,30000 3000,1e-06,2,0.0 0.0259,0.0 0.0,-1.0 0.0,0.00054857 28.0,30000,1000,0,0.0,0.0 0.0 0.0,1000 1000000 0,0,0.0,0,100,0,,90,,1,,,10,1.0,10.0,0.1,True,{},,,False,3,mixed,250,300,True,Ar_Aubin,,False,uniform,Argon_Aubin_Model3-test/90Td,3.0000000000000005e+21,8.463311111111113e+23,5.4015549726377476e-17,2.1604475638424408e-13,2.1554229923939354e-13,4.501295810531457e-18,2.2506479052657284e-18,1.6879859289492963e-18,0.0,5.626619763164321e-19,4.501295810531457e-18,6.189281739480753e-18,3.938633834215025e-18,0.0,1.1253239526328642e-18,1.6879859289492963e-18,6.751943715797185e-18,1.350388743159437e-17,4.501295810531457e-18,2.813309881582161e-18,1.6879859289492963e-18,1.6879859289492963e-18,1.350388743159437e-17,4.501295810531457e-18,1.4629211384227235e-17,1.7442521265809397e-17,1.1815901502645076e-17,1.0127915573695778e-17,1.1478304316855216e-16,5.626619763164322e-17,5.964216948954181e-17,0.0,5.063957786847889e-18,7.314605692113617e-18,2.2506479052657284e-18,7.370871889745261e-17,5.401554972637748e-17,1593.02257677459,1090.6032304676767,2128.7905498150017,2057.0077359174734,1015.1989075308318,535.8767122942008,-86.90971697446476,682.6114364471222,74842.86538987153,8.31587393220795e+23,7.2171942435661195e-22,7.091465347995856e-22
4.12721e-06,203199.0,6.7733,3e+22,1615.48,9092.77,75432.5,4.52773,4.48269,4.50333,-0.000671286106,-0.000109150449,0.327309294,0.0152994701,0.0156245907,0.116520538,3.09450583e-05,-0.00023893542,-3.87256132e-05,1918.68341,1807.51599,705.816581,494.038579,2295.84707,250.585676,1648.23018,3216.70765,25332.2109,20900.0,203198.914223,6.773297141,-270.0,30000 3000,1e-06,2,0.0 0.0259,0.0 0.0,-1.0 0.0,0.00054857 28.0,30000,1000,0,0.0,0.0 0.0 0.0,1000 1000000 0,0,0.0,0,100,0,,90,,1,,,10,1.0,10.0,0.1,True,{},,,False,3,mixed,250,300,True,Ar_Aubin,,False,uniform,Argon_Aubin_Model3-test/90Td,3.0000000000000005e+21,8.38138888888889e+23,5.2890225773744615e-17,2.164459343733577e-13,2.1591140549585714e-13,5.626619763164322e-18,2.2506479052657284e-18,1.6879859289492963e-18,0.0,0.0,1.6879859289492963e-18,7.87726766843005e-18,6.189281739480753e-18,1.1253239526328642e-18,1.6879859289492963e-18,3.3759718578985926e-18,4.501295810531457e-18,1.5191873360543668e-17,1.0127915573695778e-17,3.3759718578985926e-18,2.813309881582161e-18,7.314605692113617e-18,7.314605692113617e-18,3.938633834215025e-18,1.2378563478961506e-17,1.4066549407910804e-17,7.87726766843005e-18,6.189281739480753e-18,1.1928433897908362e-16,5.907950751322538e-17,6.358080332375683e-17,0.0,7.87726766843005e-18,1.294122545527794e-17,6.751943715797185e-18,8.552462040009768e-17,5.289022577374462e-17,1766.192738383904,1919.767859278521,1147.0905155318653,2296.8395499281537,804.8392627032665,642.4525803450015,401.3252284916387,1875.921931919725,80768.75943162135,8.974306603513486e+23,6.548351880843404e-22,7.011596562986063e-22
4.14696e-06,202743.0,6.75809,3e+22,7587.39,1433.67,66570.3,4.47237,4.46342,4.55486,-0.000595640729,-0.000112699979,0.32877781,0.0153890873,0.0156927382,0.117523021,4.17383492e-05,-0.000214422708,-3.43454584e-05,1171.7932,717.959343,17.9779881,580.56847,1400.04143,527.404451,2274.64187,369.293878,23208.3552,21000.0,202742.67759,6.758089253,-270.0,30000 3000,1e-06,2,0.0 0.0259,0.0 0.0,-1.0 0.0,0.00054857 28.0,30000,1000,0,0.0,0.0 0.0 0.0,1000 1000000 0,0,0.0,0,100,0,,90,,1,,,10,1.0,10.0,0.1,True,{},,,False,3,mixed,250,300,True,Ar_Aubin,,False,uniform,Argon_Aubin_Model3-test/90Td,3.0000000000000005e+21,7.396700000000001e+23,5.682885960795963e-17,2.1580112374849908e-13,2.152795360964538e-13,6.189281739480753e-18,3.3759718578985926e-18,0.0,0.0,1.6879859289492963e-18,1.6879859289492963e-18,5.063957786847889e-18,1.0127915573695778e-17,1.6879859289492963e-18,2.813309881582161e-18,2.2506479052657284e-18,2.813309881582161e-18,1.6879859289492963e-17,5.626619763164322e-18,5.626619763164321e-19,1.6879859289492963e-18,5.626619763164322e-18,1.1253239526328644e-17,4.501295810531457e-18,1.4629211384227235e-17,1.57545353368601e-17,1.4629211384227235e-17,6.189281739480753e-18,1.0521778957117281e-16,6.30181413474404e-17,6.526878925270613e-17,0.0,2.813309881582161e-18,7.314605692113617e-18,7.87726766843005e-18,7.821001470798407e-17,5.682885960795965e-17,2271.5151654917804,1176.3125585108073,1725.4603779548477,1400.203004578893,987.689275102533,1321.5177549569999,31.800895335808914,-162.29362769415184,74365.0303331087,8.262781148123191e+23,7.641879436262176e-22,8.536668695793714e-22
4.16671e-06,202518.0,6.75059,3e+22,2797.04,-7789.6,68169.7,4.50278,4.44873,4.52285,-0.000584893784,-8.14537511e-05,0.330246796,0.0154529624,0.015750404,0.118534739,4.26134662e-05,-0.000206977404,-2.7538609e-05,1009.23686,-430.909063,-473.648596,-408.880598,2692.88744,198.661584,646.39605,-2224.01389,23324.5289,21100.0,202517.582478,6.750586083,-270.0,30000 3000,1e-06,2,0.0 0.0259,0.0 0.0,-1.0 0.0,0.00054857 28.0,30000,1000,0,0.0,0.0 0.0 0.0,1000 1000000 0,0,0.0,0,100,0,,90,,1,,,10,1.0,10.0,0.1,True,{},,,False,3,mixed,250,300,True,Ar_Aubin,,False,uniform,Argon_Aubin_Model3-test/90Td,3.0000000000000005e+21,7.574411111111113e+23,6.189281739480752e-17,2.1589227498866237e-13,2.1538081525219073e-13,3.938633834215025e-18,1.1253239526328642e-18,3.3759718578985926e-18,0.0,1.1253239526328642e-18,3.938633834215025e-18,5.626619763164322e-18,7.314605692113617e-18,0.0,1.6879859289492963e-18,3.3759718578985926e-18,5.063957786847889e-18,1.1815901502645076e-17,5.626619763164322e-18,0.0,2.2506479052657284e-18,2.813309881582161e-18,1.0127915573695778e-17,4.501295810531457e-18,1.4066549407910804e-17,1.350388743159437e-17,1.6879859289492963e-17,7.87726766843005e-18,1.1590836712118502e-16,6.13301554184911e-17,5.401554972637748e-17,0.0,7.87726766843005e-18,7.314605692113617e-18,3.3759718578985926e-18,7.370871889745261e-17,6.189281739480753e-17,1617.6252858473113,1010.8728313095993,1460.2394890390265,2692.2529478604315,1104.451222198009,811.7038907187998,241.6089074456666,-711.0940104966953,74388.8309347056,8.265425659411735e+23,8.320176109385777e-22,9.079226899165982e-22
4.18645e-06,202586.0,6.75288,3e+22,7968.0,2663.05,76055.4,4.48155,4.45084,4.54009,-0.000530315314,-0.000125272591,0.331741629,0.0154913537,0.0158307154,0.119570149,5.0280951e-05,-0.000202179722,-4.24269838e-05,1183.91621,1163.36917,152.034447,-1016.93732,3016.40231,-244.717828,2772.32063,1620.66711,26475.9505,21200.0,202586.460584,6.752882019,-270.0,30000 3000,1e-06,2,0.0 0.0259,0.0 0.0,-1.0 0.0,0.00054857 28.0,30000,1000,0,0.0,0.0 0.0 0.0,1000 1000000 0,0,0.0,0,100,0,,90,,1,,,10,1.0,10.0,0.1,True,{},,,False,3,mixed,250,300,True,Ar_Aubin,,False,uniform,Argon_Aubin_Model3-test/90Td,3.0000000000000005e+21,8.450600000000001e+23,5.007691589216246e-17,2.1488454738907964e-13,2.143725249906317e-13,1.069057755001221e-17,5.626619763164321e-19,5.626619763164321e-19,0.0,5.626619763164321e-19,2.813309881582161e-18,6.189281739480753e-18,5.626619763164322e-18,1.1253239526328642e-18,1.6879859289492963e-18,1.1253239526328642e-18,6.189281739480753e-18,1.57545353368601e-17,6.189281739480753e-18,5.626619763164321e-19,1.6879859289492963e-18,4.501295810531457e-18,7.314605692113617e-18,4.501295810531457e-18,1.9693169171075125e-17,1.7442521265809397e-17,6.189281739480753e-18,9.002591621062914e-18,1.2378563478961507e-16,6.076749344217467e-17,5.907950751322538e-17,0.0,4.501295810531457e-18,9.565253597379346e-18,2.813309881582161e-18,7.145807099218688e-17,5.007691589216247e-17,973.600737471719,1188.141762421952,2033.2383374903277,3016.7359171734624,1160.8580545286154,1245.208209753404,-629.6499800636818,321.371120460396,75697.71210387055,8.410856900430063e+23,6.615380372850389e-22,6.58426829550071e-22
4.2062e-06,202589.0,6.75297,3e+22,-1599.56,270.352,73669.6,4.46458,4.49357,4.51692,-0.000505345777,-0.000119487295,0.333244698,0.0155495021,0.0159211376,0.12061626,4.54110418e-05,-0.000180107732,-4.30808743e-05,2329.02945,-408.699567,-1700.97656,-952.405738,1129.68956,-1656.17472,-123.999553,1033.01943,25769.92,21300.0,202589.008721,6.752966957,-270.0,30000 3000,1e-06,2,0.0 0.0259,0.0 0.0,-1.0 0.0,0.00054857 28.0,30000,1000,0,0.0,0.0 0.0 0.0,1000 1000000 0,0,0.0,0,100,0,,90,,1,,,10,1.0,10.0,0.1,True,{},,,False,3,mixed,250,300,True,Ar_Aubin,,False,uniform,Argon_Aubin_Model3-test/90Td,3.0000000000000005e+21,8.185511111111114e+23,5.907950751322537e-17,2.1485078767050065e-13,2.1433763994810007e-13,6.751943715797185e-18,1.6879859289492963e-18,4.501295810531457e-18,0.0,1.1253239526328642e-18,3.3759718578985926e-18,5.063957786847889e-18,3.938633834215025e-18,1.1253239526328642e-18,2.813309881582161e-18,1.6879859289492963e-18,2.813309881582161e-18,1.9130507194758692e-17,7.314605692113617e-18,2.813309881582161e-18,1.6879859289492963e-18,2.813309881582161e-18,7.87726766843005e-18,6.189281739480753e-18,1.9693169171075125e-17,1.294122545527794e-17,7.87726766843005e-18,5.626619763164322e-18,1.1647102909750145e-16,5.120223984479533e-17,5.907950751322538e-17,0.0,5.063957786847889e-18,1.294122545527794e-17,2.813309881582161e-18,7.764735273166763e-17,5.907950751322538e-17,1472.959984046784,2328.221119108942,2289.5068720031327,1129.721863629178,1179.6658411341757,1219.916396219196,736.7108931775236,-1254.702602613841,76114.77966719789,8.457197740799766e+23,7.76189693664528e-22,8.019523319418779e-22
4.22595e-06,202128.0,6.7376,3e+22,-2263.4,-3302.81,67842.4,4.46433,4.49493,4.48967,-0.000578883326,-3.52992183e-05,0.334705006,0.0156223294,0.0160023849,0.121646507,3.02783716e-05,-0.000203899696,-1.42029845e-05,3078.6059,477.353719,-398.902752,-337.788444,2082.22748,1294.71009,-1005.7488,-613.523796,23755.1412,21400.0,202127.908543,6.737596951,-270.0,30000 3000,1e-06,2,0.0 0.0259,0.0 0.0,-1.0 0.0,0.00054857 28.0,30000,1000,0,0.0,0.0 0.0 0.0,1000 1000000 0,0,0.0,0,100,0,,90,,1,,,10,1.0,10.0,0.1,True,{},,,False,3,mixed,250,300,True,Ar_Aubin,,False,uniform,Argon_Aubin_Model3-test/90Td,3.0000000000000005e+21,7.538044444444445e+23,5.1764901821111754e-17,2.1530654387131695e-13,2.1478720686717692e-13,7.314605692113617e-18,2.813309881582161e-18,1.6879859289492963e-18,0.0,1.1253239526328642e-18,4.501295810531457e-18,5.626619763164322e-18,6.189281739480753e-18,0.0,2.2506479052657284e-18,2.2506479052657284e-18,3.938633834215025e-18,1.1253239526328644e-17,7.314605692113617e-18,3.3759718578985926e-18,3.938633834215025e-18,3.938633834215025e-18,7.87726766843005e-18,6.189281739480753e-18,1.350388743159437e-17,1.2378563478961506e-17,1.57545353368601e-17,1.0127915573695778e-17,1.1253239526328643e-16,5.401554972637748e-17,6.414346530007327e-17,0.0,1.069057755001221e-17,9.565253597379346e-18,7.314605692113617e-18,7.595936680271834e-17,5.176490182111176e-17,1841.9530786131606,3077.2956554799316,2057.4944341749133,2082.1108933888067,1388.4031227188095,1047.9503009455984,78.96645939159775,-607.8074072637775,73949.38067796375,8.216597853107085e+23,7.000045348119761e-22,7.63016960206475e-22
4.2457e-06,202509.0,6.75029,3e+22,979.906,-707.729,85163.0,4.50235,4.48181,4.47517,-0.000575111107,-9.41696665e-05,0.336242105,0.0156958279,0.0160867206,0.122724674,3.13855217e-05,-0.000204648987,-2.81214573e-05,2259.17916,445.068064,-42.6150816,-36.6889086,2585.11106,174.130315,-150.495766,-611.419404,29844.1141,21500.0,202508.744461,6.750291482,-270.0,30000 3000,1e-06,2,0.0 0.0259,0.0 0.0,-1.0 0.0,0.00054857 28.0,30000,1000,0,0.0,0.0 0.0 0.0,1000 1000000 0,0,0.0,0,100,0,,90,,1,,,10,1.0,10.0,0.1,True,{},,,False,3,mixed,250,300,True,Ar_Aubin,,False,uniform,Argon_Aubin_Model3-test/90Td,3.0000000000000005e+21,9.462555555555557e+23,4.895159193952959e-17,2.1528009875843007e-13,2.1476807635998214e-13,6.189281739480753e-18,3.3759718578985926e-18,2.2506479052657284e-18,0.0,1.1253239526328642e-18,2.2506479052657284e-18,9.002591621062914e-18,4.501295810531457e-18,5.626619763164321e-19,2.2506479052657284e-18,2.2506479052657284e-18,6.189281739480753e-18,1.9130507194758692e-17,7.314605692113617e-18,2.2506479052657284e-18,2.813309881582161e-18,1.6879859289492963e-18,9.002591621062914e-18,3.938633834215025e-18,1.4629211384227235e-17,2.0255831147391556e-17,1.0127915573695778e-17,7.87726766843005e-18,1.1028174735802071e-16,6.020483146585824e-17,6.30181413474404e-17,0.0,2.813309881582161e-18,9.565253597379346e-18,2.813309881582161e-18,7.53967048264019e-17,4.8951591939529595e-17,1861.0767270558529,2259.742714824416,2135.169138942998,2585.0444133960978,1186.3553335886622,1208.727711884996,-57.11480374984742,-473.618316536689,77838.04450206034,8.64867161134004e+23,6.288903100364227e-22,5.747988203742187e-22
4.26544e-06,202957.0,6.76524,3e+22,2626.17,-3904.59,69768.1,4.5625,4.48569,4.4545,-0.000582490331,-3.94923948e-05,0.337762528,0.0157632113,0.0161584658,0.123800989,3.13296313e-05,-0.000213581519,-3.1169385e-06,874.422826,837.965571,-82.9390245,-38.1034054,2151.4858,621.30912,1245.861,-1669.80516,25521.7728,21600.0,202957.23658,6.765241219,-270.0,30000 3000,1e-06,2,0.0 0.0259,0.0 0.0,-1.0 0.0,0.00054857 28.0,30000,1000,0,0.0,0.0 0.0 0.0,1000 1000000 0,0,0.0,0,100,0,,90,,1,,,10,1.0,10.0,0.1,True,{},,,False,3,mixed,250,300,True,Ar_Aubin,,False,uniform,Argon_Aubin_Model3-test/90Td,3.0000000000000005e+21,7.752011111111114e+23,5.1764901821111754e-17,2.1554792585915673e-13,2.1504490605232985e-13,6.751943715797185e-18,2.2506479052657284e-18,1.1253239526328642e-18,0.0,5.626619763164321e-19,3.938633834215025e-18,8.439929644746482e-18,7.314605692113617e-18,1.1253239526328642e-18,0.0,2.813309881582161e-18,2.813309881582161e-18,1.6879859289492963e-17,5.063957786847889e-18,2.2506479052657284e-18,3.938633834215025e-18,3.3759718578985926e-18,9.565253597379346e-18,3.938633834215025e-18,1.4629211384227235e-17,1.4066549407910804e-17,1.5191873360543668e-17,9.002591621062914e-18,1.1647102909750145e-16,4.72636060105803e-17,6.751943715797185e-17,0.0,2.813309881582161e-18,7.87726766843005e-18,2.813309881582161e-18,7.145807099218688e-17,5.176490182111176e-17,1705.917178962482,875.9525446325623,1816.75836507191,2151.331598390188,1305.0541813161715,1956.7229702431978,-281.8444196422553,316.5394010044812,76993.57890152592,8.554842100169548e+23,6.723275182118575e-22,7.419565936454017e-22
4.28519e-06,202879.0,6.76264,3e+22,-723.27,5975.33,76024.2,4.47221,4.46929,4.55071,-0.000665434993,-3.12999289e-05,0.339274834,0.0158366362,0.0162375511,0.124863596,2.54100496e-05,-0.000253688221,1.51818198e-07,961.004047,846.440539,-266.485988,1269.21183,1040.42327,1007.17693,210.257955,1969.12487,26671.5612,21700.0,202879.166748,6.762638892,-270.0,30000 3000,1e-06,2,0.0 0.0259,0.0 0.0,-1.0 0.0,0.00054857 28.0,30000,1000,0,0.0,0.0 0.0 0.0,1000 1000000 0,0,0.0,0,100,0,,90,,1,,,10,1.0,10.0,0.1,True,{},,,False,3,mixed,250,300,True,Ar_Aubin,,False,uniform,Argon_Aubin_Model3-test/90Td,3.0000000000000005e+21,8.447133333333336e+23,5.007691589216246e-17,2.1583207015719647e-13,2.1530541854736435e-13,5.626619763164322e-18,2.813309881582161e-18,3.3759718578985926e-18,0.0,1.1253239526328642e-18,3.3759718578985926e-18,6.751943715797185e-18,5.063957786847889e-18,5.626619763164321e-19,2.813309881582161e-18,5.626619763164321e-19,3.938633834215025e-18,1.069057755001221e-17,6.189281739480753e-18,3.3759718578985926e-18,2.813309881582161e-18,3.938633834215025e-18,1.1253239526328644e-17,6.189281739480753e-18,1.0127915573695778e-17,1.350388743159437e-17,1.069057755001221e-17,9.002591621062914e-18,1.3785218419752588e-16,6.076749344217467e-17,6.13301554184911e-17,0.0,6.189281739480753e-18,7.314605692113617e-18,5.063957786847889e-18,7.427138087376904e-17,5.007691589216247e-17,1856.4821509616402,960.5227578326129,2002.4377883594475,1040.6102974041542,980.3653955255609,878.4633650172,-561.3276657307091,239.7484391820106,76582.53744796879,8.509170827552089e+23,6.538947070823476e-22,6.5869704504831965e-22
4.30494e-06,202467.0,6.74888,3e+22,-10460.5,-1717.69,65728.2,4.50822,4.46492,4.49942,-0.000661950658,8.87768693e-06,0.34069552,0.0158977275,0.0162950329,0.125871385,3.16880263e-05,-0.000245905407,2.12454874e-05,987.166457,1158.12041,42.9205949,646.047067,1788.80011,1301.49245,-3017.34393,-1452.14797,24537.8884,21800.0,202466.516797,6.748883893,-270.0,30000 3000,1e-06,2,0.0 0.0259,0.0 0.0,-1.0 0.0,0.00054857 28.0,30000,1000,0,0.0,0.0 0.0 0.0,1000 1000000 0,0,0.0,0,100,0,,90,,1,,,10,1.0,10.0,0.1,True,{},,,False,3,mixed,250,300,True,Ar_Aubin,,False,uniform,Argon_Aubin_Model3-test/90Td,3.0000000000000005e+21,7.303133333333334e+23,5.851684553690893e-17,2.1545846260492238e-13,2.1495375481216656e-13,2.2506479052657284e-18,5.626619763164321e-19,1.6879859289492963e-18,0.0,5.626619763164321e-19,3.938633834215025e-18,6.751943715797185e-18,5.063957786847889e-18,2.813309881582161e-18,2.2506479052657284e-18,3.3759718578985926e-18,1.1253239526328642e-18,1.9693169171075125e-17,7.87726766843005e-18,2.2506479052657284e-18,1.6879859289492963e-18,3.938633834215025e-18,1.1815901502645076e-17,2.813309881582161e-18,1.5191873360543668e-17,9.565253597379346e-18,1.1253239526328644e-17,6.189281739480753e-18,1.1084440933433714e-16,5.570353565532679e-17,6.920742308692116e-17,0.0,7.87726766843005e-18,8.439929644746482e-18,6.751943715797185e-18,6.47061272763897e-17,5.851684553690894e-17,1546.9359271671756,980.242122141991,1455.4498534546935,1788.8153591140626,1057.4718103954067,2144.585122336004,381.87765750356954,632.9309770991554,71942.93932365521,7.993659924850582e+23,8.133785759524602e-22,8.902852282111625e-22
4.32469e-06,202242.0,6.7414,3e+22,-4455.2,-5755.79,63555.7,4.46394,4.50968,4.48592,-0.000630128448,-1.97377913e-05,0.342141681,0.0159606104,0.0163816769,0.126901474,3.07437675e-05,-0.000242406771,1.61300573e-05,1974.77625,71.5225288,-245.924502,-1422.41696,2127.51188,938.826557,-1424.19982,-1900.68518,23073.1179,21900.0,202242.125834,6.741404194,-270.0,30000 3000,1e-06,2,0.0 0.0259,0.0 0.0,-1.0 0.0,0.00054857 28.0,30000,1000,0,0.0,0.0 0.0 0.0,1000 1000000 0,0,0.0,0,100,0,,90,,1,,,10,1.0,10.0,0.1,True,{},,,False,3,mixed,250,300,True,Ar_Aubin,,False,uniform,Argon_Aubin_Model3-test/90Td,3.0000000000000005e+21,7.061744444444445e+23,5.2890225773744615e-17,2.154247028863434e-13,2.149205577555639e-13,5.063957786847889e-18,3.3759718578985926e-18,3.3759718578985926e-18,0.0,5.626619763164321e-19,2.813309881582161e-18,5.626619763164322e-18,5.626619763164322e-18,1.6879859289492963e-18,4.501295810531457e-18,6.189281739480753e-18,5.063957786847889e-18,1.8005183242125827e-17,9.565253597379346e-18,1.1253239526328642e-18,2.813309881582161e-18,1.6879859289492963e-18,1.069057755001221e-17,2.2506479052657284e-18,1.5191873360543668e-17,1.294122545527794e-17,1.0127915573695778e-17,9.002591621062914e-18,1.0971908538170428e-16,5.682885960795965e-17,5.682885960795965e-17,0.0,5.063957786847889e-18,1.069057755001221e-17,3.938633834215025e-18,7.089540901587045e-17,5.289022577374462e-17,1593.222824590767,1971.9689017384703,2193.799923861321,2127.398273418213,1078.5336440397446,1328.0638648683052,-325.7026847590605,-105.76645020624665,73232.98256985737,8.136998063317488e+23,7.222186495448594e-22,8.321869757353725e-22
4.34443e-06,201862.0,6.72873,3e+22,1379.31,-3072.17,80976.3,4.43337,4.48751,4.49925,-0.000572200137,-9.37414975e-06,0.343553644,0.0160083773,0.016478255,0.127921656,1.85413306e-05,-0.000222827652,2.47613364e-05,-75.9887939,-657.056927,970.744158,-348.254924,1537.64244,533.538028,577.676138,-672.745546,29397.9527,22000.0,201862.048186,6.72873494,-270.0,30000 3000,1e-06,2,0.0 0.0259,0.0 0.0,-1.0 0.0,0.00054857 28.0,30000,1000,0,0.0,0.0 0.0 0.0,1000 1000000 0,0,0.0,0,100,0,,90,,1,,,10,1.0,10.0,0.1,True,{},,,False,3,mixed,250,300,True,Ar_Aubin,,False,uniform,Argon_Aubin_Model3-test/90Td,3.0000000000000005e+21,8.997366666666668e+23,5.1764901821111754e-17,2.145041878930897e-13,2.1400398139614442e-13,5.626619763164322e-18,1.6879859289492963e-18,0.0,0.0,0.0,2.813309881582161e-18,5.063957786847889e-18,4.501295810531457e-18,5.626619763164321e-19,3.938633834215025e-18,3.938633834215025e-18,3.938633834215025e-18,1.4066549407910804e-17,6.751943715797185e-18,1.6879859289492963e-18,2.2506479052657284e-18,2.2506479052657284e-18,7.87726766843005e-18,4.501295810531457e-18,1.856784521844226e-17,1.5191873360543668e-17,1.6317197313176533e-17,7.87726766843005e-18,1.1590836712118502e-16,5.289022577374462e-17,5.851684553690894e-17,0.0,5.626619763164322e-18,4.501295810531457e-18,4.501295810531457e-18,7.70846907553512e-17,5.176490182111176e-17,1211.2113205838784,-75.19955252903453,2445.344746795127,1537.6136410183626,1316.7701020646778,1578.2497573628025,28.730603472261517,1120.8879692481132,71501.21028591187,7.944578920656876e+23,7.2397238611933215e-22,6.392599047018912e-22
4.36418e-06,203195.0,6.77316,3e+22,-10991.7,-2971.76,79345.2,4.45483,4.53952,4.51544,-0.000619633751,-1.2632766e-05,0.34515635,0.0160769413,0.0165671551,0.129077364,6.99446709e-06,-0.000227362711,2.36495892e-05,2164.50245,-654.721372,1029.98144,-162.641312,2784.35365,551.01138,-3961.63269,-1686.54138,29177.9218,22100.0,203194.80541,6.77316018,-270.0,30000 3000,1e-06,2,0.0 0.0259,0.0 0.0,-1.0 0.0,0.00054857 28.0,30000,1000,0,0.0,0.0 0.0 0.0,1000 1000000 0,0,0.0,0,100,0,,90,,1,,,10,1.0,10.0,0.1,True,{},,,False,3,mixed,250,300,True,Ar_Aubin,,False,uniform,Argon_Aubin_Model3-test/90Td,3.0000000000000005e+21,8.816133333333334e+23,5.514087367901035e-17,2.154005084213618e-13,2.149076165301086e-13,7.314605692113617e-18,2.813309881582161e-18,1.6879859289492963e-18,0.0,5.626619763164321e-19,3.3759718578985926e-18,5.626619763164322e-18,3.3759718578985926e-18,1.1253239526328642e-18,4.501295810531457e-18,2.813309881582161e-18,6.189281739480753e-18,1.1253239526328644e-17,3.3759718578985926e-18,2.2506479052657284e-18,1.6879859289492963e-18,5.063957786847889e-18,5.063957786847889e-18,4.501295810531457e-18,1.069057755001221e-17,1.350388743159437e-17,1.5191873360543668e-17,9.002591621062914e-18,1.1028174735802071e-16,5.964216948954181e-17,5.964216948954181e-17,0.0,4.501295810531457e-18,5.063957786847889e-18,3.3759718578985926e-18,7.427138087376904e-17,5.5140873679010355e-17,1734.5946051481244,2157.691621699133,2250.9299524976996,2784.3161084513117,1314.3087281422934,1791.4221779800027,645.858324048717,911.3687661948456,81160.3552872788,9.017817254142091e+23,6.794065092967036e-22,6.949490792008887e-22
4.38393e-06,202613.0,6.75377,3e+22,13118.2,-7935.72,67892.7,4.50869,4.49983,4.47147,-0.000595013288,-6.0896862e-05,0.34662537,0.01615397,0.0166564367,0.130135954,-6.5260737e-06,-0.000218637535,5.17716136e-06,1671.81739,-46.8867929,-270.77893,-950.729313,2016.91768,681.218015,4795.61232,-2589.92669,24609.8766,22200.0,202613.000708,6.75376669,-270.0,30000 3000,1e-06,2,0.0 0.0259,0.0 0.0,-1.0 0.0,0.00054857 28.0,30000,1000,0,0.0,0.0 0.0 0.0,1000 1000000 0,0,0.0,0,100,0,,90,,1,,,10,1.0,10.0,0.1,True,{},,,False,3,mixed,250,300,True,Ar_Aubin,,False,uniform,Argon_Aubin_Model3-test/90Td,3.0000000000000005e+21,7.543633333333334e+23,5.739152158427607e-17,2.1625575462536275e-13,2.1572797769157798e-13,6.751943715797185e-18,1.1253239526328642e-18,5.063957786847889e-18,0.0,5.626619763164321e-19,3.938633834215025e-18,4.501295810531457e-18,5.626619763164322e-18,5.626619763164321e-19,1.1253239526328642e-18,5.063957786847889e-18,1.069057755001221e-17,1.8005183242125827e-17,3.938633834215025e-18,2.2506479052657284e-18,2.813309881582161e-18,5.626619763164321e-19,1.0127915573695778e-17,4.501295810531457e-18,1.350388743159437e-17,1.5191873360543668e-17,9.565253597379346e-18,1.294122545527794e-17,1.260362826948808e-16,5.06395778684789e-17,6.076749344217467e-17,0.0,5.626619763164322e-18,1.0127915573695778e-17,4.501295810531457e-18,7.427138087376904e-17,5.739152158427608e-17,1951.10761853416,1679.6228933146415,2260.501411805467,2016.4344195542894,1072.263125414264,1076.544342201003,55.77206497805695,18.129519924196757,74390.55268035222,8.265616964483582e+23,7.714893829446453e-22,8.453268405038549e-22
4.40368e-06,202548.0,6.7516,3e+22,-7275.62,9212.52,69939.4,4.52192,4.4456,4.50708,-0.000591113432,-4.13137932e-05,0.348132732,0.0162396336,0.0167260988,0.13122404,-5.55265784e-06,-0.000224053875,2.54557657e-05,2451.23524,132.447484,139.047051,605.676805,1016.89487,1169.37484,-2529.71741,3410.39765,24899.514,22300.0,202547.936138,6.751597871,-270.0,30000 3000,1e-06,2,0.0 0.0259,0.0 0.0,-1.0 0.0,0.00054857 28.0,30000,1000,0,0.0,0.0 0.0 0.0,1000 1000000 0,0,0.0,0,100,0,,90,,1,,,10,1.0,10.0,0.1,True,{},,,False,3,mixed,250,300,True,Ar_Aubin,,False,uniform,Argon_Aubin_Model3-test/90Td,3.0000000000000005e+21,7.771044444444446e+23,5.4015549726377476e-17,2.1479002017705846e-13,2.1426955784896577e-13,8.439929644746482e-18,2.2506479052657284e-18,5.626619763164321e-19,0.0,5.626619763164321e-19,3.938633834215025e-18,6.751943715797185e-18,6.189281739480753e-18,1.6879859289492963e-18,4.501295810531457e-18,2.2506479052657284e-18,2.2506479052657284e-18,1.7442521265809397e-17,4.501295810531457e-18,2.813309881582161e-18,2.813309881582161e-18,1.6879859289492963e-18,1.1253239526328644e-17,5.626619763164322e-18,1.9693169171075125e-17,1.4629211384227235e-17,7.314605692113617e-18,6.189281739480753e-18,1.187216770027672e-16,6.47061272763897e-17,5.851684553690894e-17,0.0,4.501295810531457e-18,1.069057755001221e-17,3.3759718578985926e-18,7.258339494481974e-17,5.401554972637748e-17,2169.101393687417,2446.934523291872,1763.8803487621867,1017.2754741461308,1033.9092197718087,551.3196035592009,-297.6142228273247,183.55322735986056,76332.17537498669,8.481352819442966e+23,7.076380236908307e-22,7.723193182437579e-22
4.42342e-06,202652.0,6.75506,3e+22,-4673.64,-7959.25,70306.0,4.47145,4.45923,4.55084,-0.000530147995,-3.151538e-06,0.349608008,0.0163134352,0.0167860508,0.132301153,5.09322235e-07,-0.000212479475,4.87278076e-05,1804.69523,-727.493873,-720.760844,129.688567,1822.48573,350.392304,-1156.30418,-1875.99704,25787.6353,22400.0,202651.709628,6.755056988,-270.0,30000 3000,1e-06,2,0.0 0.0259,0.0 0.0,-1.0 0.0,0.00054857 28.0,30000,1000,0,0.0,0.0 0.0 0.0,1000 1000000 0,0,0.0,0,100,0,,90,,1,,,10,1.0,10.0,0.1,True,{},,,False,3,mixed,250,300,True,Ar_Aubin,,False,uniform,Argon_Aubin_Model3-test/90Td,3.0000000000000005e+21,7.81177777777778e+23,5.851684553690893e-17,2.1556649370437512e-13,2.1506797519335882e-13,7.87726766843005e-18,5.626619763164321e-19,2.2506479052657284e-18,0.0,5.626619763164321e-19,3.938633834215025e-18,5.063957786847889e-18,6.751943715797185e-18,5.626619763164321e-19,3.938633834215025e-18,3.3759718578985926e-18,3.938633834215025e-18,1.9130507194758692e-17,4.501295810531457e-18,5.626619763164321e-19,1.1253239526328642e-18,2.2506479052657284e-18,1.1253239526328644e-17,4.501295810531457e-18,1.7442521265809397e-17,1.6317197313176533e-17,1.4629211384227235e-17,1.069057755001221e-17,1.0578045154748924e-16,4.8951591939529595e-17,5.626619763164322e-17,0.0,5.063957786847889e-18,9.565253597379346e-18,5.626619763164322e-18,6.751943715797185e-17,5.851684553690894e-17,1870.371750024987,1802.2175091246481,1518.0149512674861,1822.4606461211736,1209.0916286642705,1208.0946895519992,-449.04896477066603,-205.85046855440987,74707.35387949935,8.300817097722152e+23,7.832809288265622e-22,8.323165240080352e-22
4.44317e-06,202977.0,6.76589,3e+22,-2704.57,1462.6,76278.0,4.455,4.49912,4.54453,-0.000557325715,5.86819487e-05,0.35111747,0.0163976895,0.0168767709,0.133401142,4.71262589e-06,-0.000210360336,6.87859553e-05,2030.44177,-361.842417,-492.723273,-911.351698,2855.26682,-534.400139,48.9073225,87.4536729,27687.0471,22500.0,202976.602821,6.765886761,-270.0,30000 3000,1e-06,2,0.0 0.0259,0.0 0.0,-1.0 0.0,0.00054857 28.0,30000,1000,0,0.0,0.0 0.0 0.0,1000 1000000 0,0,0.0,0,100,0,,90,,1,,,10,1.0,10.0,0.1,True,{},,,False,3,mixed,250,300,True,Ar_Aubin,,False,uniform,Argon_Aubin_Model3-test/90Td,3.0000000000000005e+21,8.475333333333335e+23,5.682885960795963e-17,2.1482377989563745e-13,2.143224480747395e-13,5.063957786847889e-18,0.0,1.6879859289492963e-18,0.0,5.626619763164321e-19,4.501295810531457e-18,3.938633834215025e-18,3.938633834215025e-18,5.626619763164321e-19,1.6879859289492963e-18,5.626619763164322e-18,6.189281739480753e-18,1.57545353368601e-17,3.3759718578985926e-18,1.6879859289492963e-18,3.3759718578985926e-18,6.189281739480753e-18,1.2378563478961506e-17,5.063957786847889e-18,1.350388743159437e-17,1.7442521265809397e-17,1.069057755001221e-17,5.063957786847889e-18,1.069057755001221e-16,5.232756379742819e-17,6.020483146585824e-17,0.0,8.439929644746482e-18,1.069057755001221e-17,3.938633834215025e-18,7.370871889745261e-17,5.682885960795965e-17,2132.55276502231,2028.9344435909823,2296.926845080591,2855.1809917818314,1070.2806072489684,904.5087233400009,631.0678641034798,548.31751622667,76438.51848850792,8.493168720945327e+23,7.4345841248222935e-22,7.450229372552982e-22
4.46292e-06,202666.0,6.75553,3e+22,12662.1,537.36,68686.1,4.50009,4.47399,4.50925,-0.000572665858,9.08510758e-05,0.352634602,0.0164635554,0.0169535583,0.134505019,2.44504851e-06,-0.000206413186,8.78932679e-05,1727.95966,66.6214444,128.804874,122.52916,2379.19722,-96.9940374,4683.80336,792.607338,25089.3854,22600.0,202666.011556,6.755533719,-270.0,30000 3000,1e-06,2,0.0 0.0259,0.0 0.0,-1.0 0.0,0.00054857 28.0,30000,1000,0,0.0,0.0 0.0 0.0,1000 1000000 0,0,0.0,0,100,0,,90,,1,,,10,1.0,10.0,0.1,True,{},,,False,3,mixed,250,300,True,Ar_Aubin,,False,uniform,Argon_Aubin_Model3-test/90Td,3.0000000000000005e+21,7.63178888888889e+23,5.96421694895418e-17,2.1535437013930384e-13,2.1482377989563748e-13,5.063957786847889e-18,2.813309881582161e-18,3.938633834215025e-18,0.0,1.6879859289492963e-18,5.063957786847889e-18,6.751943715797185e-18,5.063957786847889e-18,1.6879859289492963e-18,3.938633834215025e-18,3.938633834215025e-18,5.626619763164322e-18,1.2378563478961506e-17,6.189281739480753e-18,2.813309881582161e-18,4.501295810531457e-18,2.813309881582161e-18,1.1253239526328644e-17,6.189281739480753e-18,1.57545353368601e-17,1.1815901502645076e-17,1.5191873360543668e-17,1.350388743159437e-17,1.1084440933433714e-16,5.120223984479533e-17,6.358080332375683e-17,0.0,6.189281739480753e-18,9.565253597379346e-18,5.063957786847889e-18,7.652202877903477e-17,5.964216948954181e-17,1667.2717868600305,1735.2108123605817,1944.1189638415524,2379.148400265908,916.3791563063119,868.2898635677957,516.6326654687444,386.84782440497384,76826.92405076274,8.536324894529196e+23,7.763185917756351e-22,8.683295381386015e-22
4.48267e-06,203233.0,6.77444,3e+22,2383.07,8536.98,72129.3,4.49903,4.51991,4.49992,-0.000563513297,5.20733616e-05,0.354120101,0.016547086,0.0170287383,0.135605058,4.3019261e-06,-0.000202462515,7.14201666e-05,3005.24561,-238.882659,-189.917409,767.852305,1576.33821,115.278876,298.302311,2588.17414,25441.0855,22700.0,203233.23241,6.77444108,-270.0,30000 3000,1e-06,2,0.0 0.0259,0.0 0.0,-1.0 0.0,0.00054857 28.0,30000,1000,0,0.0,0.0 0.0 0.0,1000 1000000 0,0,0.0,0,100,0,,90,,1,,,10,1.0,10.0,0.1,True,{},,,False,3,mixed,250,300,True,Ar_Aubin,,False,uniform,Argon_Aubin_Model3-test/90Td,3.0000000000000005e+21,8.014366666666669e+23,4.782626798689673e-17,2.164690035143867e-13,2.1598286356684932e-13,9.002591621062914e-18,2.2506479052657284e-18,2.2506479052657284e-18,0.0,1.1253239526328642e-18,1.6879859289492963e-18,9.002591621062914e-18,3.938633834215025e-18,5.626619763164321e-19,5.063957786847889e-18,2.2506479052657284e-18,3.938633834215025e-18,1.4066549407910804e-17,5.063957786847889e-18,1.6879859289492963e-18,1.1253239526328642e-18,4.501295810531457e-18,1.1815901502645076e-17,5.063957786847889e-18,1.4066549407910804e-17,1.4066549407910804e-17,8.439929644746482e-18,1.0127915573695778e-17,1.1253239526328643e-16,6.30181413474404e-17,4.72636060105803e-17,0.0,5.063957786847889e-18,1.1253239526328644e-17,6.189281739480753e-18,6.189281739480753e-17,4.7826267986896733e-17,2115.240460744812,3006.5885016326815,1903.6820615114104,1575.893660753488,1269.9290906195451,-101.34950105929966,79.01089427795488,-694.8622674367681,75225.04228404758,8.358338031560844e+23,6.357758870550863e-22,6.630629714539962e-22
4.50241e-06,203758.0,6.79195,3e+22,-1065.45,9837.27,66644.7,4.48916,4.50959,4.55933,-0.000565611099,6.05726259e-05,0.355609673,0.0166313332,0.017096094,0.13670958,1.16750269e-05,-0.000210051865,6.3197504e-05,1433.52304,58.2790288,-60.3916592,342.698193,216.299651,-933.156383,-89.3121873,3710.89677,24712.8093,22800.0,203758.426645,6.791947555,-270.0,30000 3000,1e-06,2,0.0 0.0259,0.0 0.0,-1.0 0.0,0.00054857 28.0,30000,1000,0,0.0,0.0 0.0 0.0,1000 1000000 0,0,0.0,0,100,0,,90,,1,,,10,1.0,10.0,0.1,True,{},,,False,3,mixed,250,300,True,Ar_Aubin,,False,uniform,Argon_Aubin_Model3-test/90Td,3.0000000000000005e+21,7.404966666666668e+23,4.782626798689673e-17,2.164898220075104e-13,2.1600086875009147e-13,6.189281739480753e-18,2.813309881582161e-18,5.626619763164321e-19,0.0,1.1253239526328642e-18,4.501295810531457e-18,5.626619763164322e-18,4.501295810531457e-18,1.1253239526328642e-18,1.6879859289492963e-18,3.3759718578985926e-18,1.6879859289492963e-18,1.6879859289492963e-17,3.3759718578985926e-18,4.501295810531457e-18,0.0,3.3759718578985926e-18,9.002591621062914e-18,3.3759718578985926e-18,1.856784521844226e-17,1.1815901502645076e-17,1.350388743159437e-17,7.87726766843005e-18,1.136577192159193e-16,5.739152158427608e-17,5.345288775006105e-17,0.0,7.314605692113617e-18,6.189281739480753e-18,3.3759718578985926e-18,7.427138087376904e-17,4.7826267986896733e-17,2133.061347837841,1432.9204096545704,1705.4078661490391,215.70378172441272,1198.3451260232507,1013.3093258168992,-304.037882856599,266.8754616073753,75431.29728470556,8.381255253856175e+23,6.340374580379115e-22,7.176304790462967e-22
4.52216e-06,202699.0,6.75663,3e+22,3316.43,3203.78,71268.3,4.50611,4.46454,4.51362,-0.000606572693,1.74738524e-05,0.357045873,0.01670471,0.0171824598,0.137778667,1.87373165e-05,-0.000233958049,4.51062688e-05,1089.23133,904.788352,-278.157758,812.429025,2338.2756,647.375787,1250.85259,194.096597,27262.1975,22900.0,202698.988788,6.75663296,-270.0,30000 3000,1e-06,2,0.0 0.0259,0.0 0.0,-1.0 0.0,0.00054857 28.0,30000,1000,0,0.0,0.0 0.0 0.0,1000 1000000 0,0,0.0,0,100,0,,90,,1,,,10,1.0,10.0,0.1,True,{},,,False,3,mixed,250,300,True,Ar_Aubin,,False,uniform,Argon_Aubin_Model3-test/90Td,3.0000000000000005e+21,7.9187e+23,5.907950751322537e-17,2.1619442446994425e-13,2.1565764494453843e-13,3.3759718578985926e-18,1.1253239526328642e-18,3.3759718578985926e-18,0.0,0.0,5.626619763164322e-18,5.626619763164322e-18,7.314605692113617e-18,5.626619763164321e-19,3.3759718578985926e-18,1.6879859289492963e-18,5.626619763164322e-18,1.4629211384227235e-17,3.3759718578985926e-18,5.626619763164321e-19,6.189281739480753e-18,3.938633834215025e-18,1.1253239526328644e-17,1.6879859289492963e-18,1.6879859289492963e-17,1.6317197313176533e-17,1.2378563478961506e-17,9.002591621062914e-18,1.277242686238301e-16,5.795418356059251e-17,5.964216948954181e-17,0.0,7.314605692113617e-18,7.87726766843005e-18,5.626619763164322e-18,7.764735273166763e-17,5.907950751322538e-17,1856.669371244287,1091.2429858762462,2186.8489955004543,2338.219617621158,1153.8507559172792,1816.1451092740972,-428.85064618200875,-168.1934079368582,72728.5617347093,8.080951303856591e+23,8.123288307106725e-22,8.289731551506823e-22
4.54191e-06,203717.0,6.79055,3e+22,-3080.7,4255.21,68618.1,4.49621,4.50862,4.54935,-0.000584194575,1.3630196e-05,0.358606119,0.0167886136,0.0172532303,0.138939526,3.29458337e-05,-0.00021508605,3.9803787e-05,2182.55752,683.584978,1208.17865,-67.2311307,1750.82788,-116.570708,-1569.48731,1814.22996,26172.945,23000.0,203716.643433,6.790554781,-270.0,30000 3000,1e-06,2,0.0 0.0259,0.0 0.0,-1.0 0.0,0.00054857 28.0,30000,1000,0,0.0,0.0 0.0 0.0,1000 1000000 0,0,0.0,0,100,0,,90,,1,,,10,1.0,10.0,0.1,True,{},,,False,3,mixed,250,300,True,Ar_Aubin,,False,uniform,Argon_Aubin_Model3-test/90Td,3.0000000000000005e+21,7.624233333333335e+23,4.501295810531457e-17,2.1632327406252073e-13,2.158281315233623e-13,6.751943715797185e-18,5.626619763164321e-19,2.2506479052657284e-18,0.0,0.0,4.501295810531457e-18,6.189281739480753e-18,5.626619763164322e-18,0.0,2.813309881582161e-18,3.938633834215025e-18,2.813309881582161e-18,1.7442521265809397e-17,3.938633834215025e-18,2.813309881582161e-18,4.501295810531457e-18,2.813309881582161e-18,7.87726766843005e-18,5.626619763164322e-18,1.6317197313176533e-17,1.5191873360543668e-17,7.87726766843005e-18,1.0127915573695778e-17,1.2828693060014654e-16,5.4578211702693925e-17,5.289022577374462e-17,0.0,2.813309881582161e-18,1.0127915573695778e-17,2.813309881582161e-18,6.864476111060473e-17,4.5012958105314575e-17,2125.0961425410464,2180.757791772797,1791.8971498341818,1750.769880653679,1120.801778715087,1566.0744658460972,597.2164219825603,783.5355325701075,79010.19881098207,8.77891097899801e+23,5.697107308007174e-22,6.55992487482378e-22
4.56166e-06,203352.0,6.77841,3e+22,1417.78,-1260.79,71983.7,4.5505,4.48196,4.49487,-0.000497615398,5.40191218e-05,0.360121668,0.0168850487,0.0173279279,0.140084658,4.59133936e-05,-0.000183380657,5.5281437e-05,1458.98216,-86.0018659,422.929242,-165.698761,2901.18897,-284.725393,749.027091,-192.163804,26553.9658,23100.0,203352.323895,6.778410796,-270.0,30000 3000,1e-06,2,0.0 0.0259,0.0 0.0,-1.0 0.0,0.00054857 28.0,30000,1000,0,0.0,0.0 0.0 0.0,1000 1000000 0,0,0.0,0,100,0,,90,,1,,,10,1.0,10.0,0.1,True,{},,,False,3,mixed,250,300,True,Ar_Aubin,,False,uniform,Argon_Aubin_Model3-test/90Td,3.0000000000000005e+21,7.99818888888889e+23,5.514087367901035e-17,2.1716895501292433e-13,2.1663048750158957e-13,7.314605692113617e-18,1.6879859289492963e-18,1.1253239526328642e-18,0.0,0.0,2.813309881582161e-18,5.063957786847889e-18,4.501295810531457e-18,1.6879859289492963e-18,2.813309881582161e-18,4.501295810531457e-18,5.626619763164322e-18,1.1815901502645076e-17,4.501295810531457e-18,2.813309881582161e-18,2.2506479052657284e-18,5.063957786847889e-18,1.6879859289492963e-17,3.938633834215025e-18,1.294122545527794e-17,1.350388743159437e-17,1.1253239526328644e-17,1.294122545527794e-17,1.2828693060014654e-16,5.795418356059251e-17,7.033274703955402e-17,0.0,5.626619763164322e-18,9.565253597379346e-18,1.6879859289492963e-18,7.483404285008547e-17,5.5140873679010355e-17,2444.087885421161,1459.6876691589764,1891.2582850585009,2901.2570767685743,1414.485480111879,631.0756871884041,71.48945525180247,697.2032320679727,76746.76159899557,8.527417955443953e+23,7.184781811006344e-22,7.660188859284859e-22
4.5814e-06,203563.0,6.78544,3e+22,-4591.08,4338.15,70304.4,4.47661,4.50326,4.56267,-0.000448770097,2.37749524e-05,0.361640233,0.0169372545,0.0173855579,0.141228954,4.61948016e-05,-0.000174617971,3.96521976e-05,1539.37445,137.970213,-471.99643,-121.353717,476.488667,-587.351481,-1933.01222,2099.84917,27186.1771,23200.0,203563.063958,6.785435465,-270.0,30000 3000,1e-06,2,0.0 0.0259,0.0 0.0,-1.0 0.0,0.00054857 28.0,30000,1000,0,0.0,0.0 0.0 0.0,1000 1000000 0,0,0.0,0,100,0,,90,,1,,,10,1.0,10.0,0.1,True,{},,,False,3,mixed,250,300,True,Ar_Aubin,,False,uniform,Argon_Aubin_Model3-test/90Td,3.0000000000000005e+21,7.8116e+23,5.457821170269392e-17,2.16892687982553e-13,2.1638179090805766e-13,5.626619763164322e-18,5.626619763164321e-19,1.6879859289492963e-18,0.0,1.1253239526328642e-18,2.2506479052657284e-18,6.189281739480753e-18,7.87726766843005e-18,1.1253239526328642e-18,3.938633834215025e-18,2.813309881582161e-18,6.189281739480753e-18,1.856784521844226e-17,5.063957786847889e-18,1.6879859289492963e-18,5.626619763164321e-19,4.501295810531457e-18,1.294122545527794e-17,2.2506479052657284e-18,1.294122545527794e-17,9.565253597379346e-18,1.1815901502645076e-17,4.501295810531457e-18,1.0915642340538785e-16,6.13301554184911e-17,6.47061272763897e-17,0.0,6.189281739480753e-18,1.069057755001221e-17,5.626619763164322e-18,7.483404285008547e-17,5.4578211702693925e-17,1323.0102819704352,1537.3141105830653,1459.2390091140066,476.38552769024597,1221.7719499262962,1761.2775030748053,-412.5139870429159,-713.1388966708337,76899.49056584522,8.544387840649472e+23,7.097343727649445e-22,7.763128865717355e-22
4.60115e-06,203527.0,6.78422,3e+22,-6098.3,-2799.33,74298.9,4.48552,4.51171,4.53957,-0.000542494088,5.92805625e-05,0.363154748,0.0170034482,0.0174553253,0.142389447,4.87169034e-05,-0.000205788848,6.52006455e-05,1545.60189,933.627514,-408.668913,-574.076227,2639.30302,83.6117806,-2023.613,-1106.99585,28446.8303,23300.0,203526.621923,6.784220731,-270.0,30000 3000,1e-06,2,0.0 0.0259,0.0 0.0,-1.0 0.0,0.00054857 28.0,30000,1000,0,0.0,0.0 0.0 0.0,1000 1000000 0,0,0.0,0,100,0,,90,,1,,,10,1.0,10.0,0.1,True,{},,,False,3,mixed,250,300,True,Ar_Aubin,,False,uniform,Argon_Aubin_Model3-test/90Td,3.0000000000000005e+21,8.255433333333334e+23,5.62661976316432e-17,2.1652639503597096e-13,2.16003682059973e-13,6.751943715797185e-18,1.6879859289492963e-18,1.1253239526328642e-18,0.0,1.6879859289492963e-18,1.1253239526328642e-18,7.314605692113617e-18,2.2506479052657284e-18,5.626619763164321e-19,6.751943715797185e-18,3.3759718578985926e-18,2.2506479052657284e-18,2.1943817076340854e-17,9.002591621062914e-18,1.6879859289492963e-18,2.813309881582161e-18,1.6879859289492963e-18,1.1815901502645076e-17,2.2506479052657284e-18,1.4066549407910804e-17,9.565253597379346e-18,7.87726766843005e-18,1.069057755001221e-17,1.2547362071856436e-16,6.583145122902256e-17,5.851684553690894e-17,0.0,3.938633834215025e-18,9.565253597379346e-18,5.063957786847889e-18,6.977008506323759e-17,5.626619763164322e-17,1673.6581718213079,1542.2935983031496,1766.421176035161,2639.468965857023,1589.5796244256105,1464.8319938228015,179.52258913159577,-177.3485992766964,76694.40027548182,8.521600030609093e+23,7.336415361426427e-22,7.572951636113483e-22
4.6209e-06,202961.0,6.76535,3e+22,14853.3,-2251.74,70199.8,4.49327,4.51401,4.49412,-0.000510641944,3.18766004e-06,0.364654797,0.0170891473,0.0175388652,0.143529571,5.30546329e-05,-0.00018356036,5.03688166e-05,2427.38504,-1302.42592,-181.094744,-644.835755,2757.83787,838.946071,6036.36433,-1329.44929,27696.6784,23400.0,202960.571823,6.765352394,-270.0,30000 3000,1e-06,2,0.0 0.0259,0.0 0.0,-1.0 0.0,0.00054857 28.0,30000,1000,0,0.0,0.0 0.0 0.0,1000 1000000 0,0,0.0,0,100,0,,90,,1,,,10,1.0,10.0,0.1,True,{},,,False,3,mixed,250,300,True,Ar_Aubin,,False,uniform,Argon_Aubin_Model3-test/90Td,3.0000000000000005e+21,7.799977777777779e+23,6.189281739480752e-17,2.1667156182586062e-13,2.161330943145258e-13,6.189281739480753e-18,1.1253239526328642e-18,1.6879859289492963e-18,0.0,5.626619763164321e-19,3.938633834215025e-18,3.938633834215025e-18,5.063957786847889e-18,1.1253239526328642e-18,3.3759718578985926e-18,1.6879859289492963e-18,3.938633834215025e-18,2.138115510002442e-17,9.565253597379346e-18,3.938633834215025e-18,3.3759718578985926e-18,3.3759718578985926e-18,1.0127915573695778e-17,1.6879859289492963e-18,1.294122545527794e-17,1.6879859289492963e-17,1.1253239526328644e-17,9.002591621062914e-18,1.2884959257646297e-16,5.851684553690894e-17,6.358080332375683e-17,0.0,4.501295810531457e-18,9.565253597379346e-18,3.3759718578985926e-18,7.202073296850331e-17,6.189281739480753e-17,2170.7324670727257,2434.9697579868152,2115.301356733291,2757.845047781618,1224.819972055059,2097.9845815594017,578.6695266149204,474.7894520603113,75961.84814203125,8.440205349114583e+23,8.147881984003619e-22,8.816665773236892e-22
4.64065e-06,202669.0,6.75565,3e+22,-3892.58,5670.11,66802.0,4.47571,4.52845,4.48149,-0.000496463853,1.22567345e-05,0.366113293,0.0171538526,0.0176165501,0.144642605,4.26616957e-05,-0.000172084626,5.73510716e-05,2117.28738,-337.506919,-536.77006,-193.453312,11.9785027,32.8161108,-1693.12089,2862.05287,25689.5262,23500.0,202669.434802,6.755647827,-270.0,30000 3000,1e-06,2,0.0 0.0259,0.0 0.0,-1.0 0.0,0.00054857 28.0,30000,1000,0,0.0,0.0 0.0 0.0,1000 1000000 0,0,0.0,0,100,0,,90,,1,,,10,1.0,10.0,0.1,True,{},,,False,3,mixed,250,300,True,Ar_Aubin,,False,uniform,Argon_Aubin_Model3-test/90Td,3.0000000000000005e+21,7.422444444444446e+23,5.2327563797428184e-17,2.1608920668037314e-13,2.1557324564809096e-13,4.501295810531457e-18,3.938633834215025e-18,3.3759718578985926e-18,0.0,1.1253239526328642e-18,1.1253239526328642e-18,8.439929644746482e-18,4.501295810531457e-18,2.2506479052657284e-18,5.626619763164321e-19,1.1253239526328642e-18,3.938633834215025e-18,1.57545353368601e-17,1.069057755001221e-17,5.626619763164321e-19,5.626619763164322e-18,2.813309881582161e-18,1.350388743159437e-17,5.626619763164322e-18,1.4066549407910804e-17,1.5191873360543668e-17,9.002591621062914e-18,1.1253239526328644e-17,1.1422038119223572e-16,5.739152158427608e-17,6.920742308692116e-17,0.0,5.063957786847889e-18,6.189281739480753e-18,9.565253597379346e-18,6.30181413474404e-17,5.232756379742819e-17,1638.686076081797,2115.3548547350892,1966.9617249266955,11.909005667144205,1195.3893628359654,1232.4260010139988,355.9818329649782,-771.6008896259539,73857.62176286658,8.206402418096288e+23,7.0849240130470775e-22,7.833233106408219e-22
4.66039e-06,203015.0,6.76716,3e+22,1456.0,4010.81,69771.9,4.50195,4.4841,4.5205,-0.000578356482,3.11405091e-07,0.367616793,0.017225637,0.0176932285,0.145794903,4.30660057e-05,-0.00021560931,4.50963267e-05,1855.89798,602.972686,-1891.06128,-6.37947128,2159.96117,-1290.58064,546.810942,2141.35934,26492.7878,23600.0,203014.874366,6.767162479,-270.0,30000 3000,1e-06,2,0.0 0.0259,0.0 0.0,-1.0 0.0,0.00054857 28.0,30000,1000,0,0.0,0.0 0.0 0.0,1000 1000000 0,0,0.0,0,100,0,,90,,1,,,10,1.0,10.0,0.1,True,{},,,False,3,mixed,250,300,True,Ar_Aubin,,False,uniform,Argon_Aubin_Model3-test/90Td,3.0000000000000005e+21,7.752433333333335e+23,4.951425391584602e-17,2.1601268465159409e-13,2.1551079016871986e-13,6.751943715797185e-18,1.6879859289492963e-18,1.1253239526328642e-18,0.0,0.0,5.626619763164321e-19,9.002591621062914e-18,4.501295810531457e-18,0.0,2.813309881582161e-18,2.813309881582161e-18,6.189281739480753e-18,1.9693169171075125e-17,6.751943715797185e-18,2.813309881582161e-18,2.813309881582161e-18,1.6879859289492963e-18,1.1253239526328644e-17,3.938633834215025e-18,1.8005183242125827e-17,1.2378563478961506e-17,1.0127915573695778e-17,8.439929644746482e-18,1.175963530501343e-16,5.06395778684789e-17,6.358080332375683e-17,0.0,5.626619763164322e-18,7.87726766843005e-18,3.3759718578985926e-18,7.033274703955402e-17,4.9514253915846025e-17,1815.3372124194516,1856.740067037792,1941.4847050895241,2159.959921013347,1244.0831628218036,843.4656804832994,-641.7627107211957,-1839.147357981544,76136.60532525755,8.459622813917506e+23,6.503344049070725e-22,7.096589589196514e-22
4.68014e-06,202504.0,6.75014,3e+22,1441.15,-807.636,76751.1,4.48203,4.49577,4.48898,-0.000520605187,1.91396308e-05,0.36908831,0.0172962977,0.0177780251,0.146909722,4.04566501e-05,-0.000197200555,4.85562624e-05,2149.75633,-1379.93996,415.621028,855.230478,1823.17156,15.5993341,144.681525,-998.206246,29061.5971,23700.0,202504.295783,6.750143193,-270.0,30000 3000,1e-06,2,0.0 0.0259,0.0 0.0,-1.0 0.0,0.00054857 28.0,30000,1000,0,0.0,0.0 0.0 0.0,1000 1000000 0,0,0.0,0,100,0,,90,,1,,,10,1.0,10.0,0.1,True,{},,,False,3,mixed,250,300,True,Ar_Aubin,,False,uniform,Argon_Aubin_Model3-test/90Td,3.0000000000000005e+21,8.527900000000002e+23,5.79541835605925e-17,2.1580337439640438e-13,2.152772854485485e-13,6.751943715797185e-18,1.6879859289492963e-18,1.1253239526328642e-18,0.0,5.626619763164321e-19,1.1253239526328642e-18,3.938633834215025e-18,5.063957786847889e-18,1.1253239526328642e-18,2.2506479052657284e-18,3.3759718578985926e-18,4.501295810531457e-18,1.0127915573695778e-17,5.626619763164322e-18,1.1253239526328642e-18,1.1253239526328642e-18,4.501295810531457e-18,1.5191873360543668e-17,3.938633834215025e-18,1.6317197313176533e-17,1.1815901502645076e-17,1.0127915573695778e-17,3.938633834215025e-18,1.187216770027672e-16,6.583145122902256e-17,6.639411320533899e-17,0.0,3.938633834215025e-18,9.002591621062914e-18,5.626619763164322e-18,8.327397249483196e-17,5.795418356059251e-17,1790.7209673056143,2150.5066001652453,2147.022741512989,1823.1870178548609,778.4548079434794,733.6633103589993,-104.09023347571228,68.34795581145568,74516.99970628932,8.279666634032147e+23,7.7773103840761715e-22,7.550925466943469e-22
4.69989e-06,202156.0,6.73854,3e+22,2126.05,-424.062,76465.8,4.46059,4.51394,4.46928,-0.000513523648,4.83994119e-05,0.370643432,0.0173870779,0.017861697,0.148096962,4.92097566e-05,-0.000200511343,6.55220546e-05,1752.89084,5.51900612,1104.98814,988.224401,3246.36668,1401.54462,517.150126,-138.614433,29526.3851,23800.0,202156.136664,6.738537889,-270.0,30000 3000,1e-06,2,0.0 0.0259,0.0 0.0,-1.0 0.0,0.00054857 28.0,30000,1000,0,0.0,0.0 0.0 0.0,1000 1000000 0,0,0.0,0,100,0,,90,,1,,,10,1.0,10.0,0.1,True,{},,,False,3,mixed,250,300,True,Ar_Aubin,,False,uniform,Argon_Aubin_Model3-test/90Td,3.0000000000000005e+21,8.496200000000002e+23,6.470612727638969e-17,2.152013260817458e-13,2.1465441864076624e-13,2.813309881582161e-18,3.938633834215025e-18,3.3759718578985926e-18,0.0,0.0,2.2506479052657284e-18,4.501295810531457e-18,7.314605692113617e-18,5.626619763164321e-19,4.501295810531457e-18,2.2506479052657284e-18,4.501295810531457e-18,1.4066549407910804e-17,7.314605692113617e-18,3.3759718578985926e-18,2.2506479052657284e-18,2.2506479052657284e-18,1.2378563478961506e-17,3.3759718578985926e-18,1.350388743159437e-17,1.7442521265809397e-17,1.0127915573695778e-17,9.565253597379346e-18,1.260362826948808e-16,6.920742308692116e-17,5.4578211702693925e-17,0.0,6.189281739480753e-18,6.751943715797185e-18,7.314605692113617e-18,8.046066261324979e-17,6.47061272763897e-17,2298.720925885803,1753.9826169518303,2118.504811326848,3246.3872043514093,933.461972651193,1184.838557374398,-259.57388512837025,873.3987939596382,78750.72161398563,8.750080179331738e+23,8.216575791338309e-22,8.462100347657343e-22
4.71964e-06,202231.0,6.74103,3e+22,-620.324,901.622,66930.5,4.44668,4.50406,4.50584,-0.00048129095,3.92049692e-05,0.372168113,0.0174451327,0.017932449,0.149277701,4.99625001e-05,-0.000185774293,6.53951806e-05,1572.74334,891.26604,119.110299,83.2481596,1668.63139,-1053.37296,-386.76248,9.15757521,25345.6221,23900.0,202230.824197,6.741027473,-270.0,30000 3000,1e-06,2,0.0 0.0259,0.0 0.0,-1.0 0.0,0.00054857 28.0,30000,1000,0,0.0,0.0 0.0 0.0,1000 1000000 0,0,0.0,0,100,0,,90,,1,,,10,1.0,10.0,0.1,True,{},,,False,3,mixed,250,300,True,Ar_Aubin,,False,uniform,Argon_Aubin_Model3-test/90Td,3.0000000000000005e+21,7.436722222222223e+23,5.4015549726377476e-17,2.1527616012459587e-13,2.147562604584795e-13,7.314605692113617e-18,5.626619763164322e-18,5.626619763164321e-19,0.0,0.0,4.501295810531457e-18,2.813309881582161e-18,3.938633834215025e-18,1.1253239526328642e-18,1.6879859289492963e-18,3.938633834215025e-18,5.626619763164322e-18,1.4629211384227235e-17,6.751943715797185e-18,2.813309881582161e-18,2.2506479052657284e-18,2.813309881582161e-18,1.1815901502645076e-17,2.813309881582161e-18,1.350388743159437e-17,1.350388743159437e-17,1.4066549407910804e-17,7.314605692113617e-18,1.2378563478961507e-16,5.682885960795965e-17,6.13301554184911e-17,0.0,3.3759718578985926e-18,1.1815901502645076e-17,6.751943715797185e-18,7.258339494481974e-17,5.401554972637748e-17,1470.7471757929063,1572.4447836727322,1791.446101093373,1668.59604193726,1220.1188702777074,436.2242128534999,178.45525778570297,-4.574324542412995,77209.20222409167,8.578800247121297e+23,6.995998944478531e-22,8.070393875195535e-22
4.73938e-06,203318.0,6.77727,3e+22,-855.246,-1655.3,78528.9,4.55835,4.48279,4.47832,-0.000522504003,6.84940319e-05,0.373751373,0.0175066486,0.0180039865,0.150520944,4.82500621e-05,-0.000211936535,8.31315192e-05,2712.67177,445.651724,-413.312628,-386.463385,2467.82252,61.3011425,-396.033693,-93.2032095,30375.8738,24000.0,203318.167779,6.777272259,-270.0,30000 3000,1e-06,2,0.0 0.0259,0.0 0.0,-1.0 0.0,0.00054857 28.0,30000,1000,0,0.0,0.0 0.0 0.0,1000 1000000 0,0,0.0,0,100,0,,90,,1,,,10,1.0,10.0,0.1,True,{},,,False,3,mixed,250,300,True,Ar_Aubin,,False,uniform,Argon_Aubin_Model3-test/90Td,3.0000000000000005e+21,8.725433333333334e+23,4.838892996321316e-17,2.1543708144982235e-13,2.1494025092473495e-13,3.938633834215025e-18,1.1253239526328642e-18,3.3759718578985926e-18,0.0,1.1253239526328642e-18,1.1253239526328642e-18,2.813309881582161e-18,7.314605692113617e-18,1.1253239526328642e-18,3.3759718578985926e-18,2.813309881582161e-18,2.2506479052657284e-18,1.4066549407910804e-17,7.87726766843005e-18,1.6879859289492963e-18,5.063957786847889e-18,3.938633834215025e-18,1.0127915573695778e-17,6.189281739480753e-18,1.9130507194758692e-17,1.7442521265809397e-17,9.565253597379346e-18,8.439929644746482e-18,1.0746843747643853e-16,5.4578211702693925e-17,5.851684553690894e-17,0.0,4.501295810531457e-18,7.87726766843005e-18,2.813309881582161e-18,7.87726766843005e-17,4.8388929963213164e-17,1556.5221382410245,2712.22490054145,1811.2345320701763,2467.9358981710043,1576.3724489205058,1025.589604820303,-506.2336381615416,-448.6652896460553,80175.61805604663,8.908402006227405e+23,6.035367252097384e-22,6.161926368918088e-22
4.75913e-06,203659.0,6.78863,3e+22,988.539,-1098.32,68488.2,4.5381,4.52219,4.4903,-0.000491493001,4.50875812e-05,0.375250525,0.0175809242,0.018080018,0.151689946,3.5215312e-05,-0.000207937503,6.8951133e-05,995.692751,-447.699314,423.950565,-266.800313,1617.42659,65.8595816,1259.3338,-1291.96062,26642.3488,24100.0,203658.986891,6.788632896,-270.0,30000 3000,1e-06,2,0.0 0.0259,0.0 0.0,-1.0 0.0,0.00054857 28.0,30000,1000,0,0.0,0.0 0.0 0.0,1000 1000000 0,0,0.0,0,100,0,,90,,1,,,10,1.0,10.0,0.1,True,{},,,False,3,mixed,250,300,True,Ar_Aubin,,False,uniform,Argon_Aubin_Model3-test/90Td,3.0000000000000005e+21,7.609800000000002e+23,4.6700944034263866e-17,2.168212299115608e-13,2.1632046075263916e-13,7.314605692113617e-18,2.2506479052657284e-18,2.813309881582161e-18,0.0,1.1253239526328642e-18,3.938633834215025e-18,4.501295810531457e-18,4.501295810531457e-18,1.1253239526328642e-18,5.063957786847889e-18,3.3759718578985926e-18,2.2506479052657284e-18,1.5191873360543668e-17,5.063957786847889e-18,1.6879859289492963e-18,2.2506479052657284e-18,3.3759718578985926e-18,1.2378563478961506e-17,7.314605692113617e-18,1.6317197313176533e-17,1.8005183242125827e-17,9.565253597379346e-18,7.314605692113617e-18,1.1196973328697e-16,5.851684553690894e-17,5.570353565532679e-17,0.0,5.626619763164322e-18,6.189281739480753e-18,3.938633834215025e-18,7.53967048264019e-17,4.670094403426387e-17,1881.4386973251057,996.1786109997156,1925.168846086784,1617.4761105921837,1168.1109059805033,942.1157936950003,-347.1115113974798,1345.996057218113,75916.42444068604,8.435158271187339e+23,6.151625867305118e-22,6.818830694085093e-22
4.77888e-06,203282.0,6.77607,3e+22,-597.878,-4911.84,67509.0,4.51731,4.51074,4.49804,-0.000481418112,4.50873664e-05,0.376712386,0.0176441703,0.0181574944,0.152844457,2.62034805e-05,-0.000204479035,6.62122252e-05,2367.29187,1124.4882,-138.459329,-1013.10128,1080.92708,222.178762,-801.709146,-1623.67171,25369.0085,24200.0,203282.146058,6.776071535,-270.0,30000 3000,1e-06,2,0.0 0.0259,0.0 0.0,-1.0 0.0,0.00054857 28.0,30000,1000,0,0.0,0.0 0.0 0.0,1000 1000000 0,0,0.0,0,100,0,,90,,1,,,10,1.0,10.0,0.1,True,{},,,False,3,mixed,250,300,True,Ar_Aubin,,False,uniform,Argon_Aubin_Model3-test/90Td,3.0000000000000005e+21,7.501000000000001e+23,5.007691589216246e-17,2.160470070321494e-13,2.1552823268998567e-13,6.751943715797185e-18,5.626619763164321e-19,1.6879859289492963e-18,0.0,0.0,7.87726766843005e-18,5.063957786847889e-18,5.063957786847889e-18,1.6879859289492963e-18,3.3759718578985926e-18,2.813309881582161e-18,5.626619763164322e-18,1.1253239526328644e-17,6.751943715797185e-18,1.6879859289492963e-18,3.3759718578985926e-18,2.813309881582161e-18,1.069057755001221e-17,5.626619763164322e-18,1.7442521265809397e-17,1.7442521265809397e-17,1.294122545527794e-17,9.002591621062914e-18,1.226603108369822e-16,5.739152158427608e-17,5.851684553690894e-17,0.0,3.3759718578985926e-18,1.0127915573695778e-17,3.938633834215025e-18,7.314605692113617e-17,5.007691589216247e-17,1601.626086762596,2367.0040407020338,1961.686095875197,1081.148541929778,1398.8106526077406,-62.467966473999695,19.325428970887394,-682.440371760084,74028.02394239286,8.225335993599207e+23,6.764589033354629e-22,7.417813312619422e-22
4.79863e-06,202185.0,6.73949,3e+22,-3355.45,-4339.23,72557.4,4.4633,4.49288,4.49268,-0.000499280075,0.000120873103,0.378160345,0.0177224314,0.018251077,0.153989109,2.49703567e-05,-0.000217876015,0.000102693139,2215.63867,-930.198231,-76.6487756,593.705638,2410.28321,-30.8822985,-810.58793,-2025.4209,27975.0148,24300.0,202184.602796,6.73948676,-270.0,30000 3000,1e-06,2,0.0 0.0259,0.0 0.0,-1.0 0.0,0.00054857 28.0,30000,1000,0,0.0,0.0 0.0 0.0,1000 1000000 0,0,0.0,0,100,0,,90,,1,,,10,1.0,10.0,0.1,True,{},,,False,3,mixed,250,300,True,Ar_Aubin,,False,uniform,Argon_Aubin_Model3-test/90Td,3.0000000000000005e+21,8.061933333333334e+23,5.457821170269392e-17,2.15969922341394e-13,2.1542526554831973e-13,5.063957786847889e-18,1.1253239526328642e-18,2.813309881582161e-18,0.0,1.1253239526328642e-18,2.813309881582161e-18,8.439929644746482e-18,7.87726766843005e-18,1.1253239526328642e-18,1.1253239526328642e-18,2.813309881582161e-18,5.626619763164322e-18,1.350388743159437e-17,9.002591621062914e-18,1.1253239526328642e-18,2.813309881582161e-18,4.501295810531457e-18,7.87726766843005e-18,5.063957786847889e-18,1.069057755001221e-17,1.8005183242125827e-17,1.2378563478961506e-17,1.350388743159437e-17,1.175963530501343e-16,6.526878925270613e-17,6.695677518165542e-17,0.0,6.189281739480753e-18,9.002591621062914e-18,5.063957786847889e-18,8.158598656588265e-17,5.4578211702693925e-17,1981.1110020880724,2213.963360672341,2369.173221881796,2410.8077061947306,1307.190700902525,536.6833836970036,-301.0634423523786,417.88788814405495,73324.03253086476,8.147114725651642e+23,7.443427457391949e-22,7.522073792982373e-22
4.81837e-06,202782.0,6.7594,3e+22,-1816.56,4610.09,75047.9,4.49416,4.48018,4.51229,-0.000589538527,3.72343985e-05,0.379700496,0.0178115442,0.0183197422,0.155214277,1.34347343e-05,-0.000259552586,7.96360426e-05,1654.10706,-290.292094,192.222886,-742.428542,1432.16065,108.750887,-522.683867,2234.04207,30781.0053,24400.0,202781.952734,6.759398424,-270.0,30000 3000,1e-06,2,0.0 0.0259,0.0 0.0,-1.0 0.0,0.00054857 28.0,30000,1000,0,0.0,0.0 0.0 0.0,1000 1000000 0,0,0.0,0,100,0,,90,,1,,,10,1.0,10.0,0.1,True,{},,,False,3,mixed,250,300,True,Ar_Aubin,,False,uniform,Argon_Aubin_Model3-test/90Td,3.0000000000000005e+21,8.338655555555556e+23,5.514087367901035e-17,2.151743183068826e-13,2.146701731761031e-13,7.87726766843005e-18,1.6879859289492963e-18,1.6879859289492963e-18,0.0,5.626619763164321e-19,2.813309881582161e-18,5.626619763164322e-18,5.063957786847889e-18,5.626619763164321e-19,2.2506479052657284e-18,2.813309881582161e-18,2.2506479052657284e-18,1.856784521844226e-17,6.189281739480753e-18,2.2506479052657284e-18,2.813309881582161e-18,3.938633834215025e-18,1.0127915573695778e-17,5.063957786847889e-18,1.1815901502645076e-17,1.5191873360543668e-17,1.1815901502645076e-17,1.1253239526328644e-17,1.1140707131065357e-16,5.570353565532679e-17,6.808209913428828e-17,0.0,3.3759718578985926e-18,5.626619763164322e-18,6.189281739480753e-18,6.639411320533899e-17,5.5140873679010355e-17,2253.8289830174754,1653.0361278933929,1738.9231976512458,1431.9889960718192,1467.2277837335125,2285.2804462416025,-336.06577577891255,403.53138043420336,77992.5964937151,8.665844054857236e+23,7.070013842077149e-22,7.347423935781061e-22
4.83812e-06,203353.0,6.77842,3e+22,5382.89,-1148.18,68095.8,4.48217,4.58049,4.46765,-0.000557810236,2.75743231e-05,0.38125388,0.0178836791,0.0183827491,0.156457873,1.28002102e-05,-0.000249771957,7.39099915e-05,2092.51641,1238.05559,-766.127358,959.934047,1873.48862,-1324.32906,1803.68998,655.515347,27203.3504,24500.0,203352.624973,6.778420832,-270.0,30000 3000,1e-06,2,0.0 0.0259,0.0 0.0,-1.0 0.0,0.00054857 28.0,30000,1000,0,0.0,0.0 0.0 0.0,1000 1000000 0,0,0.0,0,100,0,,90,,1,,,10,1.0,10.0,0.1,True,{},,,False,3,mixed,250,300,True,Ar_Aubin,,False,uniform,Argon_Aubin_Model3-test/90Td,3.0000000000000005e+21,7.566200000000002e+23,5.1764901821111754e-17,2.1604081775040989e-13,2.155304833378909e-13,5.063957786847889e-18,2.2506479052657284e-18,1.6879859289492963e-18,0.0,0.0,3.3759718578985926e-18,5.626619763164322e-18,6.189281739480753e-18,2.813309881582161e-18,4.501295810531457e-18,3.3759718578985926e-18,3.938633834215025e-18,1.350388743159437e-17,6.751943715797185e-18,3.938633834215025e-18,2.813309881582161e-18,4.501295810531457e-18,9.565253597379346e-18,4.501295810531457e-18,1.1815901502645076e-17,1.4629211384227235e-17,6.189281739480753e-18,7.87726766843005e-18,1.1309505723960286e-16,6.977008506323759e-17,6.30181413474404e-17,0.0,3.938633834215025e-18,9.565253597379346e-18,7.314605692113617e-18,6.695677518165542e-17,5.176490182111176e-17,1827.3621695876677,2095.5190411412623,1595.3372610353556,1873.520280286297,1558.2215276851007,1241.5624382959977,-70.90175589159608,-976.700541844591,78662.71002764875,8.740301114183195e+23,6.580615110122341e-22,7.601776001032626e-22
4.85787e-06,202689.0,6.75631,3e+22,1861.01,-5863.48,60100.3,4.47393,4.50539,4.51255,-0.000489383311,-1.02522994e-05,0.382743465,0.017968048,0.0184403191,0.15763453,1.4361855e-05,-0.000225522137,6.13119235e-05,2308.30599,-366.341687,-1068.82003,-21.0462437,1900.90035,-549.311523,141.203947,-2307.59334,24082.6066,24600.0,202689.200446,6.756306682,-270.0,30000 3000,1e-06,2,0.0 0.0259,0.0 0.0,-1.0 0.0,0.00054857 28.0,30000,1000,0,0.0,0.0 0.0 0.0,1000 1000000 0,0,0.0,0,100,0,,90,,1,,,10,1.0,10.0,0.1,True,{},,,False,3,mixed,250,300,True,Ar_Aubin,,False,uniform,Argon_Aubin_Model3-test/90Td,3.0000000000000005e+21,6.677811111111112e+23,5.2327563797428184e-17,2.157026579026437e-13,2.1516193974340366e-13,6.189281739480753e-18,2.813309881582161e-18,1.1253239526328642e-18,0.0,1.6879859289492963e-18,3.3759718578985926e-18,4.501295810531457e-18,5.626619763164322e-18,5.626619763164321e-19,4.501295810531457e-18,1.6879859289492963e-18,4.501295810531457e-18,2.081849312370799e-17,7.314605692113617e-18,2.2506479052657284e-18,2.813309881582161e-18,2.813309881582161e-18,1.294122545527794e-17,3.938633834215025e-18,1.4066549407910804e-17,1.069057755001221e-17,1.0127915573695778e-17,9.565253597379346e-18,1.3560153629226014e-16,5.964216948954181e-17,5.682885960795965e-17,0.0,9.002591621062914e-18,7.314605692113617e-18,3.938633834215025e-18,8.214864854219908e-17,5.232756379742819e-17,2138.017061342248,2309.216737235604,1457.6768393219336,1900.840235847514,977.7999850149517,1079.609530460497,-56.1710713006799,-1610.4934149935568,75431.95559921891,8.381328399913213e+23,6.937055175322809e-22,8.706705922837021e-22
4.87761e-06,202556.0,6.75186,3e+22,-499.3,-923.821,77800.8,4.44472,4.50151,4.52306,-0.000472042244,-9.23496577e-05,0.384208717,0.0180320625,0.0185290218,0.158811306,7.90512457e-06,-0.000223017022,1.83292324e-05,297.162736,157.821661,331.585932,32.6257374,952.958217,-447.97615,-1114.89068,-469.748042,30785.8948,24700.0,202555.729581,6.751857653,-270.0,30000 3000,1e-06,2,0.0 0.0259,0.0 0.0,-1.0 0.0,0.00054857 28.0,30000,1000,0,0.0,0.0 0.0 0.0,1000 1000000 0,0,0.0,0,100,0,,90,,1,,,10,1.0,10.0,0.1,True,{},,,False,3,mixed,250,300,True,Ar_Aubin,,False,uniform,Argon_Aubin_Model3-test/90Td,3.0000000000000005e+21,8.644533333333335e+23,5.96421694895418e-17,2.1476582571207686e-13,2.1425830460943947e-13,6.751943715797185e-18,1.1253239526328642e-18,3.3759718578985926e-18,0.0,5.626619763164321e-19,3.3759718578985926e-18,3.3759718578985926e-18,6.751943715797185e-18,1.6879859289492963e-18,1.6879859289492963e-18,4.501295810531457e-18,4.501295810531457e-18,1.57545353368601e-17,3.938633834215025e-18,2.813309881582161e-18,3.938633834215025e-18,6.189281739480753e-18,9.002591621062914e-18,2.813309881582161e-18,1.57545353368601e-17,1.4629211384227235e-17,1.350388743159437e-17,4.501295810531457e-18,1.0578045154748924e-16,6.526878925270613e-17,6.076749344217467e-17,0.0,6.189281739480753e-18,7.314605692113617e-18,6.189281739480753e-18,6.583145122902256e-17,5.964216948954181e-17,1621.2557639224422,296.9270453075708,2245.720364462311,952.8729024468739,1341.8926395418546,894.1492504263988,-174.22061781660668,-554.7440713849048,74199.74275094303,8.244415861215894e+23,8.038056100778569e-22,7.6660097954702005e-22
4.89736e-06,203169.0,6.77229,3e+22,-3072.49,3140.74,66175.6,4.47565,4.55715,4.48676,-0.000483130409,-3.72773444e-05,0.385732959,0.0180873145,0.0186017303,0.160036902,1.47731837e-05,-0.000241139632,3.39786068e-05,3000.68943,75.4844311,-1408.08723,-344.834693,1626.30374,71.330188,-1255.65336,226.65414,26524.0039,24800.0,203168.595719,6.772286524,-270.0,30000 3000,1e-06,2,0.0 0.0259,0.0 0.0,-1.0 0.0,0.00054857 28.0,30000,1000,0,0.0,0.0 0.0 0.0,1000 1000000 0,0,0.0,0,100,0,,90,,1,,,10,1.0,10.0,0.1,True,{},,,False,3,mixed,250,300,True,Ar_Aubin,,False,uniform,Argon_Aubin_Model3-test/90Td,3.0000000000000005e+21,7.352844444444447e+23,5.62661976316432e-17,2.1585007534043862e-13,2.1535155682942227e-13,1.6879859289492963e-18,1.6879859289492963e-18,0.0,0.0,1.6879859289492963e-18,2.813309881582161e-18,3.3759718578985926e-18,5.626619763164322e-18,1.1253239526328642e-18,2.2506479052657284e-18,3.3759718578985926e-18,3.938633834215025e-18,1.8005183242125827e-17,5.626619763164322e-18,2.813309881582161e-18,4.501295810531457e-18,1.6879859289492963e-18,9.002591621062914e-18,4.501295810531457e-18,1.7442521265809397e-17,1.069057755001221e-17,1.1815901502645076e-17,1.1253239526328644e-17,1.2040966293171649e-16,5.4578211702693925e-17,5.964216948954181e-17,0.0,1.6879859289492963e-18,5.626619763164322e-18,6.189281739480753e-18,6.920742308692116e-17,5.626619763164322e-17,1398.70081347464,2999.2050166496515,1841.144628124957,1626.4208184466509,1317.0989570872894,997.8938983995977,-664.6967545393677,-1446.60848610827,77186.97144940645,8.576330161045163e+23,7.289597787694503e-22,8.502559498008813e-22
4.91711e-06,203157.0,6.77189,3e+22,3458.82,-9567.18,59759.8,4.49696,4.48147,4.54446,-0.000528075952,-7.11848148e-05,0.387195104,0.0181675352,0.018686521,0.161212743,9.60495985e-06,-0.000257005967,2.41520195e-05,2584.63884,581.094056,-3.12953844,-1181.85789,670.855019,365.852181,1458.05491,-3850.56313,24084.8716,24900.0,203156.842568,6.771894752,-270.0,30000 3000,1e-06,2,0.0 0.0259,0.0 0.0,-1.0 0.0,0.00054857 28.0,30000,1000,0,0.0,0.0 0.0 0.0,1000 1000000 0,0,0.0,0,100,0,,90,,1,,,10,1.0,10.0,0.1,True,{},,,False,3,mixed,250,300,True,Ar_Aubin,,False,uniform,Argon_Aubin_Model3-test/90Td,3.0000000000000005e+21,6.639977777777779e+23,5.007691589216246e-17,2.166293621776369e-13,2.1612634237081e-13,7.87726766843005e-18,1.1253239526328642e-18,2.2506479052657284e-18,0.0,5.626619763164321e-19,2.813309881582161e-18,9.002591621062914e-18,4.501295810531457e-18,1.1253239526328642e-18,1.6879859289492963e-18,3.3759718578985926e-18,5.626619763164322e-18,1.6879859289492963e-17,1.0127915573695778e-17,0.0,3.3759718578985926e-18,2.813309881582161e-18,9.002591621062914e-18,2.2506479052657284e-18,1.4629211384227235e-17,1.856784521844226e-17,7.87726766843005e-18,1.1253239526328644e-17,1.1478304316855216e-16,6.020483146585824e-17,5.626619763164322e-17,0.0,5.063957786847889e-18,9.565253597379346e-18,5.063957786847889e-18,6.526878925270613e-17,5.007691589216247e-17,2030.0204275252115,2586.4653596642966,2146.7895095695994,670.1739810635418,1157.319376850827,946.169623980797,113.57271884343011,147.24491521904952,74042.40558250836,8.226933953612042e+23,6.763275112173359e-22,8.379699378539162e-22
4.93686e-06,203125.0,6.77082,3e+22,8220.9,-4788.96,60736.0,4.48995,4.4872,4.54301,-0.000459644457,-0.000135569612,0.388669182,0.018234726,0.0187408208,0.162413021,3.13112302e-06,-0.000222475557,5.38362106e-06,1883.65759,-625.654365,-829.292543,561.457617,226.790049,330.87652,3087.32676,-2307.68826,25218.0296,25000.0,203124.635482,6.770821183,-270.0,30000 3000,1e-06,2,0.0 0.0259,0.0 0.0,-1.0 0.0,0.00054857 28.0,30000,1000,0,0.0,0.0 0.0 0.0,1000 1000000 0,0,0.0,0,100,0,,90,,1,,,10,1.0,10.0,0.1,True,{},,,False,3,mixed,250,300,True,Ar_Aubin,,False,uniform,Argon_Aubin_Model3-test/90Td,3.0000000000000005e+21,6.748444444444446e+23,4.838892996321316e-17,2.1584051008684123e-13,2.1532848768839333e-13,6.189281739480753e-18,2.2506479052657284e-18,1.1253239526328642e-18,0.0,1.1253239526328642e-18,5.626619763164321e-19,3.938633834215025e-18,2.2506479052657284e-18,1.6879859289492963e-18,1.6879859289492963e-18,2.2506479052657284e-18,4.501295810531457e-18,1.350388743159437e-17,7.314605692113617e-18,3.3759718578985926e-18,1.1253239526328642e-18,3.938633834215025e-18,1.1253239526328644e-17,2.813309881582161e-18,1.4629211384227235e-17,1.4629211384227235e-17,1.0127915573695778e-17,1.069057755001221e-17,1.187216770027672e-16,6.751943715797185e-17,6.695677518165542e-17,0.0,4.501295810531457e-18,5.063957786847889e-18,4.501295810531457e-18,7.53967048264019e-17,4.8388929963213164e-17,1702.968268841163,1887.4362811165513,1374.522422145621,226.14081155091648,1432.9361085937,1611.8181620480027,441.15285852746086,-909.2592955634477,74646.68766521111,8.294076407245682e+23,6.482394795631995e-22,7.967091998684991e-22
4.9566e-06,203316.0,6.77721,3e+22,-2549.09,2898.14,69089.7,4.50322,4.5113,4.51269,-0.000479100697,-6.13041601e-05,0.390141603,0.0183191059,0.0188146632,0.163610684,3.23595544e-06,-0.000237072389,3.51562788e-05,2945.05062,637.928298,25.3743172,1019.45024,2277.07269,19.0252428,-803.767297,1096.90829,27372.0356,25100.0,203316.392066,6.777213069,-270.0,30000 3000,1e-06,2,0.0 0.0259,0.0 0.0,-1.0 0.0,0.00054857 28.0,30000,1000,0,0.0,0.0 0.0 0.0,1000 1000000 0,0,0.0,0,100,0,,90,,1,,,10,1.0,10.0,0.1,True,{},,,False,3,mixed,250,300,True,Ar_Aubin,,False,uniform,Argon_Aubin_Model3-test/90Td,3.0000000000000005e+21,7.676633333333334e+23,5.3452887750061045e-17,2.1692869834903724e-13,2.1643186782394986e-13,6.751943715797185e-18,1.1253239526328642e-18,2.813309881582161e-18,0.0,1.1253239526328642e-18,5.063957786847889e-18,2.813309881582161e-18,3.938633834215025e-18,1.1253239526328642e-18,4.501295810531457e-18,2.2506479052657284e-18,3.3759718578985926e-18,1.069057755001221e-17,7.87726766843005e-18,1.6879859289492963e-18,3.938633834215025e-18,5.063957786847889e-18,1.7442521265809397e-17,4.501295810531457e-18,1.57545353368601e-17,1.4066549407910804e-17,1.069057755001221e-17,6.189281739480753e-18,1.1196973328697e-16,5.626619763164322e-17,5.851684553690894e-17,0.0,9.002591621062914e-18,1.069057755001221e-17,3.938633834215025e-18,6.020483146585824e-17,5.345288775006105e-17,2136.0188062475695,2943.8293492042844,1870.0441809973715,2277.2503580385523,1289.426586272936,417.26929121090143,-320.515773571552,249.214002416791,74562.77788468363,8.284753098298183e+23,7.168843391635642e-22,7.736737567258368e-22
4.97635e-06,204243.0,6.8081,3e+22,-1113.32,-2986.2,76287.1,4.50946,4.53914,4.53445,-0.000488432038,1.42229705e-05,0.391640798,0.0183891718,0.0188730087,0.16484375,-6.99242696e-06,-0.000239500264,7.85316605e-05,2486.01632,-209.996444,-264.176993,-753.688741,2768.79737,-243.004419,-996.008322,-1067.64017,31725.01,25200.0,204243.105108,6.808103504,-270.0,30000 3000,1e-06,2,0.0 0.0259,0.0 0.0,-1.0 0.0,0.00054857 28.0,30000,1000,0,0.0,0.0 0.0 0.0,1000 1000000 0,0,0.0,0,100,0,,90,,1,,,10,1.0,10.0,0.1,True,{},,,False,3,mixed,250,300,True,Ar_Aubin,,False,uniform,Argon_Aubin_Model3-test/90Td,3.0000000000000005e+21,8.476344444444447e+23,5.4015549726377476e-17,2.1704291873022948e-13,2.1656915734617107e-13,7.314605692113617e-18,5.626619763164321e-19,3.938633834215025e-18,0.0,0.0,2.813309881582161e-18,3.3759718578985926e-18,6.751943715797185e-18,5.626619763164321e-19,2.2506479052657284e-18,1.6879859289492963e-18,3.3759718578985926e-18,1.350388743159437e-17,6.751943715797185e-18,2.813309881582161e-18,3.3759718578985926e-18,2.2506479052657284e-18,1.350388743159437e-17,4.501295810531457e-18,1.57545353368601e-17,1.856784521844226e-17,5.063957786847889e-18,9.002591621062914e-18,1.012791557369578e-16,5.907950751322538e-17,5.007691589216247e-17,0.0,3.938633834215025e-18,7.87726766843005e-18,6.189281739480753e-18,6.358080332375683e-17,5.401554972637748e-17,1773.8252028652025,2485.472538843454,1477.385780081254,2768.839842634507,1545.057408388081,1847.8692788941953,98.49014073189444,-786.9027180445302,75918.60194253465,8.435400215837183e+23,7.114929456586104e-22,7.080561422098555e-22
4.9961e-06,203976.0,6.79918,3e+22,4876.53,5119.24,77833.5,4.49657,4.52817,4.5389,-0.00049019458,3.16596653e-05,0.393120395,0.0184591128,0.0189619386,0.166049255,-1.44088161e-05,-0.000226804597,8.45113539e-05,404.631224,-693.712566,492.356976,42.0983197,1444.45681,1200.11918,3314.76651,2271.08458,31818.0114,25300.0,203975.506651,6.799183555,-270.0,30000 3000,1e-06,2,0.0 0.0259,0.0 0.0,-1.0 0.0,0.00054857 28.0,30000,1000,0,0.0,0.0 0.0 0.0,1000 1000000 0,0,0.0,0,100,0,,90,,1,,,10,1.0,10.0,0.1,True,{},,,False,3,mixed,250,300,True,Ar_Aubin,,False,uniform,Argon_Aubin_Model3-test/90Td,3.0000000000000005e+21,8.648166666666669e+23,4.501295810531457e-17,2.1788859968063308e-13,2.1736701202858773e-13,5.626619763164322e-18,4.501295810531457e-18,5.626619763164321e-19,0.0,5.626619763164321e-19,3.938633834215025e-18,8.439929644746482e-18,6.751943715797185e-18,5.626619763164321e-19,1.6879859289492963e-18,2.2506479052657284e-18,6.189281739480753e-18,1.294122545527794e-17,6.751943715797185e-18,2.2506479052657284e-18,1.1253239526328642e-18,3.938633834215025e-18,7.314605692113617e-18,7.87726766843005e-18,2.138115510002442e-17,1.8005183242125827e-17,1.1253239526328644e-17,4.501295810531457e-18,1.1815901502645076e-16,6.358080332375683e-17,6.30181413474404e-17,0.0,6.189281739480753e-18,1.0127915573695778e-17,3.3759718578985926e-18,7.370871889745261e-17,4.5012958105314575e-17,1770.8476844922166,407.0216725752074,2251.666041060695,1444.2947365750094,1123.557863839516,1220.0751357675,714.5872765717405,1928.2136460130798,74926.16749546771,8.325129721718636e+23,6.007641870650517e-22,5.783237051567072e-22
5.01585e-06,203568.0,6.78559,3e+22,-4950.82,4650.79,71139.7,4.50418,4.50713,4.53083,-0.000474982568,1.90090128e-05,0.394652235,0.0185236221,0.0190339972,0.167288071,-7.29339088e-06,-0.000209311386,8.42017583e-05,-59.9765309,380.883038,-316.329519,-929.036874,1406.45822,-97.6193025,-1088.80511,1815.62025,29064.2203,25400.0,203567.650419,6.785588347,-270.0,30000 3000,1e-06,2,0.0 0.0259,0.0 0.0,-1.0 0.0,0.00054857 28.0,30000,1000,0,0.0,0.0 0.0 0.0,1000 1000000 0,0,0.0,0,100,0,,90,,1,,,10,1.0,10.0,0.1,True,{},,,False,3,mixed,250,300,True,Ar_Aubin,,False,uniform,Argon_Aubin_Model3-test/90Td,3.0000000000000005e+21,7.904411111111111e+23,5.851684553690893e-17,2.1701984958920048e-13,2.1647350481019724e-13,1.1253239526328644e-17,1.1253239526328642e-18,2.2506479052657284e-18,0.0,0.0,5.626619763164321e-19,5.626619763164322e-18,2.813309881582161e-18,5.626619763164321e-19,2.813309881582161e-18,2.2506479052657284e-18,2.813309881582161e-18,2.0255831147391556e-17,7.314605692113617e-18,1.6879859289492963e-18,1.6879859289492963e-18,2.813309881582161e-18,1.0127915573695778e-17,1.6879859289492963e-18,1.5191873360543668e-17,1.6879859289492963e-17,1.0127915573695778e-17,7.87726766843005e-18,1.2716160664751365e-16,7.314605692113617e-17,6.808209913428828e-17,0.0,5.626619763164322e-18,5.626619763164322e-18,6.751943715797185e-18,7.370871889745261e-17,5.851684553690894e-17,1633.7336126872463,-62.32808409730576,1824.5247726748935,1406.3698130733599,812.1163915456342,988.7786977705,619.8616592959266,582.5076664754495,77571.73096205104,8.619081218005673e+23,7.54357867372278e-22,8.2256244455499435e-22
5.03559e-06,203154.0,6.77181,3e+22,-1693.08,4016.25,83615.6,4.45655,4.5319,4.5153,-0.000461729416,2.84354823e-05,0.396186013,0.0185855406,0.0191198961,0.168542513,-1.42547348e-06,-0.000198248738,8.01393745e-05,2103.48841,-265.789439,-52.8874252,-359.533355,2095.30048,-321.870088,-986.713651,2079.85859,33591.3608,25500.0,203154.229005,6.771807634,-270.0,30000 3000,1e-06,2,0.0 0.0259,0.0 0.0,-1.0 0.0,0.00054857 28.0,30000,1000,0,0.0,0.0 0.0 0.0,1000 1000000 0,0,0.0,0,100,0,,90,,1,,,10,1.0,10.0,0.1,True,{},,,False,3,mixed,250,300,True,Ar_Aubin,,False,uniform,Argon_Aubin_Model3-test/90Td,3.0000000000000005e+21,9.290622222222224e+23,5.907950751322537e-17,2.1557549629599622e-13,2.1503083950292195e-13,7.314605692113617e-18,2.2506479052657284e-18,1.1253239526328642e-18,0.0,1.1253239526328642e-18,1.1253239526328642e-18,6.189281739480753e-18,5.626619763164322e-18,5.626619763164321e-19,3.3759718578985926e-18,3.938633834215025e-18,3.938633834215025e-18,1.4066549407910804e-17,9.002591621062914e-18,2.813309881582161e-18,3.3759718578985926e-18,6.751943715797185e-18,9.565253597379346e-18,5.063957786847889e-18,1.294122545527794e-17,1.5191873360543668e-17,1.069057755001221e-17,1.294122545527794e-17,1.243482967659315e-16,5.795418356059251e-17,6.977008506323759e-17,0.0,3.3759718578985926e-18,5.626619763164322e-18,3.3759718578985926e-18,8.214864854219908e-17,5.907950751322538e-17,1568.077680765595,2102.7066651603586,2174.9306938106406,2095.1862759942123,1050.0545301928862,464.0296113971999,331.20574671191696,-330.2186791534705,77669.87046395909,8.629985607106567e+23,7.606489770140643e-22,7.065608273243912e-22
5.05534e-06,202978.0,6.76595,3e+22,4849.87,-6996.71,73903.0,4.50716,4.49731,4.49596,-0.000426633581,0.000104309825,0.397708503,0.0186510572,0.0191974615,0.169797383,-4.29647885e-06,-0.000190604212,0.000126497963,163.611512,-617.013591,-71.5730562,929.731805,2480.43841,-13.5660534,1097.79289,-3236.60189,30645.1502,25600.0,202978.459742,6.765948658,-270.0,30000 3000,1e-06,2,0.0 0.0259,0.0 0.0,-1.0 0.0,0.00054857 28.0,30000,1000,0,0.0,0.0 0.0 0.0,1000 1000000 0,0,0.0,0,100,0,,90,,1,,,10,1.0,10.0,0.1,True,{},,,False,3,mixed,250,300,True,Ar_Aubin,,False,uniform,Argon_Aubin_Model3-test/90Td,3.0000000000000005e+21,8.211444444444446e+23,5.007691589216246e-17,2.157876198610675e-13,2.152559042934485e-13,5.063957786847889e-18,1.6879859289492963e-18,1.6879859289492963e-18,0.0,0.0,6.189281739480753e-18,6.189281739480753e-18,9.565253597379346e-18,1.6879859289492963e-18,2.2506479052657284e-18,1.1253239526328642e-18,1.6879859289492963e-18,2.081849312370799e-17,6.189281739480753e-18,2.2506479052657284e-18,5.626619763164322e-18,3.3759718578985926e-18,9.002591621062914e-18,3.938633834215025e-18,1.5191873360543668e-17,1.4066549407910804e-17,1.069057755001221e-17,6.189281739480753e-18,1.2997491652909583e-16,5.795418356059251e-17,6.020483146585824e-17,0.0,7.314605692113617e-18,1.0127915573695778e-17,7.87726766843005e-18,7.370871889745261e-17,5.007691589216247e-17,1659.6559000467305,165.68062940548447,1963.6845366241323,2481.168235595676,1169.1042449926808,1253.2987027910021,-284.1086715627962,-871.085202107967,77098.25090897978,8.566472323219978e+23,6.49520777731806e-22,6.776032893409261e-22
5.07509e-06,202811.0,6.76037,3e+22,2047.81,100.677,64675.3,4.47203,4.47731,4.54758,-0.000442880968,8.37894917e-05,0.399213903,0.018718248,0.0192750536,0.171056566,-2.96311686e-06,-0.000211343368,0.00012664518,1240.70568,-53.8417868,-738.644546,1150.19073,1728.30412,-11.7571516,1049.30088,-5.62489773,27558.7214,25700.0,202810.957723,6.760365257,-270.0,30000 3000,1e-06,2,0.0 0.0259,0.0 0.0,-1.0 0.0,0.00054857 28.0,30000,1000,0,0.0,0.0 0.0 0.0,1000 1000000 0,0,0.0,0,100,0,,90,,1,,,10,1.0,10.0,0.1,True,{},,,False,3,mixed,250,300,True,Ar_Aubin,,False,uniform,Argon_Aubin_Model3-test/90Td,3.0000000000000005e+21,7.186144444444446e+23,5.2890225773744615e-17,2.156705861699937e-13,2.1514449722213783e-13,5.063957786847889e-18,2.2506479052657284e-18,2.2506479052657284e-18,0.0,0.0,2.2506479052657284e-18,5.063957786847889e-18,5.063957786847889e-18,5.626619763164321e-19,1.6879859289492963e-18,3.938633834215025e-18,3.938633834215025e-18,1.4629211384227235e-17,9.565253597379346e-18,1.6879859289492963e-18,2.813309881582161e-18,4.501295810531457e-18,1.1253239526328644e-17,2.813309881582161e-18,1.7442521265809397e-17,1.7442521265809397e-17,1.294122545527794e-17,1.069057755001221e-17,1.2716160664751365e-16,6.189281739480753e-17,5.795418356059251e-17,0.0,9.002591621062914e-18,9.002591621062914e-18,4.501295810531457e-18,6.583145122902256e-17,5.289022577374462e-17,1700.8991730713115,1241.61261607508,1964.7133258219646,1728.2956843253442,1506.4264158224837,1739.4424593041003,-689.2410661323081,-478.2144292327395,76232.82052320761,8.470313391467515e+23,6.937986212597657e-22,8.177809113176841e-22
5.09484e-06,202583.0,6.75275,3e+22,793.553,957.824,77691.5,4.50173,4.48379,4.48565,-0.000494227534,4.0446216e-05,0.400691167,0.0188071438,0.0193452339,0.172280374,2.87437145e-06,-0.000227898943,0.00010850884,3048.04047,929.072926,661.363544,679.561275,923.956571,-1103.49983,745.137254,1067.92274,31295.3156,25800.0,202582.578653,6.752752622,-270.0,30000 3000,1e-06,2,0.0 0.0259,0.0 0.0,-1.0 0.0,0.00054857 28.0,30000,1000,0,0.0,0.0 0.0 0.0,1000 1000000 0,0,0.0,0,100,0,,90,,1,,,10,1.0,10.0,0.1,True,{},,,False,3,mixed,250,300,True,Ar_Aubin,,False,uniform,Argon_Aubin_Model3-test/90Td,3.0000000000000005e+21,8.63238888888889e+23,6.301814134744038e-17,2.1498188791098238e-13,2.144676148646292e-13,6.751943715797185e-18,2.2506479052657284e-18,1.6879859289492963e-18,0.0,1.6879859289492963e-18,3.938633834215025e-18,4.501295810531457e-18,5.626619763164322e-18,0.0,3.3759718578985926e-18,2.2506479052657284e-18,2.813309881582161e-18,1.5191873360543668e-17,4.501295810531457e-18,1.6879859289492963e-18,1.1253239526328642e-18,2.2506479052657284e-18,7.314605692113617e-18,5.626619763164322e-18,1.57545353368601e-17,1.6879859289492963e-17,1.0127915573695778e-17,5.626619763164322e-18,1.1703369107381788e-16,5.795418356059251e-17,6.189281739480753e-17,0.0,3.938633834215025e-18,1.1815901502645076e-17,4.501295810531457e-18,7.314605692113617e-17,6.30181413474404e-17,2249.604573170417,3048.432665742288,1777.0867248988006,923.9178306436061,1066.900874835904,165.01779901950067,236.62824282154034,1126.9283988114103,74808.0253603023,8.312002817811368e+23,8.42398139022149e-22,8.111330241717612e-22
5.11458e-06,201731.0,6.72438,3e+22,8716.87,-7191.06,72332.5,4.44402,4.45846,4.51581,-0.000515927511,-2.32389357e-06,0.40209275,0.0188979447,0.0194139602,0.173455402,5.63239394e-06,-0.000232008895,8.21179976e-05,1656.88454,1716.67068,1303.45177,-23.0059267,2271.72995,-125.644317,3397.45085,-2258.76281,30572.9683,25900.0,201731.372236,6.724379075,-270.0,30000 3000,1e-06,2,0.0 0.0259,0.0 0.0,-1.0 0.0,0.00054857 28.0,30000,1000,0,0.0,0.0 0.0 0.0,1000 1000000 0,0,0.0,0,100,0,,90,,1,,,10,1.0,10.0,0.1,True,{},,,False,3,mixed,250,300,True,Ar_Aubin,,False,uniform,Argon_Aubin_Model3-test/90Td,3.0000000000000005e+21,8.036944444444445e+23,5.120223984479532e-17,2.1500214374212976e-13,2.1448393206194233e-13,6.751943715797185e-18,1.6879859289492963e-18,1.6879859289492963e-18,0.0,5.626619763164321e-19,2.2506479052657284e-18,6.751943715797185e-18,2.813309881582161e-18,1.6879859289492963e-18,2.813309881582161e-18,5.063957786847889e-18,3.938633834215025e-18,1.4066549407910804e-17,5.063957786847889e-18,1.6879859289492963e-18,3.938633834215025e-18,4.501295810531457e-18,1.0127915573695778e-17,4.501295810531457e-18,1.8005183242125827e-17,1.294122545527794e-17,2.0255831147391556e-17,6.189281739480753e-18,1.1703369107381788e-16,6.245547937112397e-17,6.13301554184911e-17,0.0,7.87726766843005e-18,7.87726766843005e-18,4.501295810531457e-18,6.864476111060473e-17,5.120223984479533e-17,2298.5046046254206,1661.3818130428106,1740.176694043358,2271.713238741904,1262.4373147716196,1488.5944606250014,268.80259358969124,1233.2307169969072,70975.57146763544,7.88617460751505e+23,7.214065175670101e-22,7.0787322220019115e-22
5.13433e-06,202865.0,6.76215,3e+22,-4122.77,-1005.65,65711.5,4.50752,4.46921,4.52293,-0.000510707491,-5.38493236e-05,0.403698269,0.0189707951,0.0195068433,0.174795473,1.19160083e-05,-0.000213729767,6.14487424e-05,1163.73641,-931.870119,-1127.6296,849.649805,1654.46994,325.372564,-511.570957,-245.775165,27014.1093,26000.0,202864.611979,6.762153733,-270.0,30000 3000,1e-06,2,0.0 0.0259,0.0 0.0,-1.0 0.0,0.00054857 28.0,30000,1000,0,0.0,0.0 0.0 0.0,1000 1000000 0,0,0.0,0,100,0,,90,,1,,,10,1.0,10.0,0.1,True,{},,,False,3,mixed,250,300,True,Ar_Aubin,,False,uniform,Argon_Aubin_Model3-test/90Td,3.0000000000000005e+21,7.301277777777778e+23,5.851684553690893e-17,2.1506459922150091e-13,2.1456270473862666e-13,5.063957786847889e-18,1.6879859289492963e-18,1.1253239526328642e-18,0.0,1.1253239526328642e-18,2.813309881582161e-18,6.751943715797185e-18,4.501295810531457e-18,2.2506479052657284e-18,2.2506479052657284e-18,2.2506479052657284e-18,5.063957786847889e-18,1.4629211384227235e-17,3.3759718578985926e-18,1.6879859289492963e-18,1.1253239526328642e-18,5.063957786847889e-18,1.1253239526328644e-17,4.501295810531457e-18,1.294122545527794e-17,1.856784521844226e-17,6.189281739480753e-18,9.002591621062914e-18,1.1253239526328643e-16,5.682885960795965e-17,6.189281739480753e-17,0.0,3.938633834215025e-18,8.439929644746482e-18,4.501295810531457e-18,7.202073296850331e-17,5.851684553690894e-17,1844.692441922542,1161.6308804773298,2351.7072032477627,1654.4157864277215,1173.7800663914877,486.4904966065005,860.8802365571069,58.71391077997646,81302.80441982234,9.033644935535818e+23,7.197395705410871e-22,8.90511486374667e-22
5.15408e-06,202668.0,6.7556,3e+22,-2985.01,787.123,70610.8,4.48727,4.49773,4.49779,-0.000497068665,-4.30565085e-05,0.405175194,0.0190144273,0.0195809253,0.176042144,8.68162449e-06,-0.000205911478,6.01034826e-05,1554.62769,383.49094,253.007634,-690.312426,1433.09409,21.6866615,-1606.15048,-301.557712,30918.0149,26100.0,202667.965395,6.755598846,-270.0,30000 3000,1e-06,2,0.0 0.0259,0.0 0.0,-1.0 0.0,0.00054857 28.0,30000,1000,0,0.0,0.0 0.0 0.0,1000 1000000 0,0,0.0,0,100,0,,90,,1,,,10,1.0,10.0,0.1,True,{},,,False,3,mixed,250,300,True,Ar_Aubin,,False,uniform,Argon_Aubin_Model3-test/90Td,3.0000000000000005e+21,7.845644444444446e+23,5.514087367901035e-17,2.1573754294517535e-13,2.1521989392696425e-13,3.3759718578985926e-18,2.2506479052657284e-18,5.626619763164321e-19,0.0,1.6879859289492963e-18,2.2506479052657284e-18,5.063957786847889e-18,4.501295810531457e-18,1.1253239526328642e-18,2.813309881582161e-18,2.2506479052657284e-18,3.3759718578985926e-18,1.8005183242125827e-17,7.314605692113617e-18,1.6879859289492963e-18,2.2506479052657284e-18,1.6879859289492963e-18,6.751943715797185e-18,4.501295810531457e-18,1.1815901502645076e-17,1.1815901502645076e-17,8.439929644746482e-18,9.565253597379346e-18,1.294122545527794e-16,6.751943715797185e-17,6.30181413474404e-17,0.0,4.501295810531457e-18,9.002591621062914e-18,2.2506479052657284e-18,7.370871889745261e-17,5.5140873679010355e-17,1105.1061122891745,1553.1439350642884,1875.767085457517,1433.12798076814,1317.276215064388,2308.2703115047952,154.27102761188638,-108.59242406747785,74790.85854340409,8.310095393711567e+23,7.372675585347095e-22,7.809127453450513e-22
5.17383e-06,202834.0,6.76113,3e+22,1135.5,-7836.82,70213.7,4.43575,4.49799,4.56013,-0.000479860812,-0.000126746466,0.406719513,0.0191012827,0.0196791717,0.177354034,8.50135713e-06,-0.000197981471,3.11330321e-05,2768.9513,-183.671433,-661.926581,129.12699,2027.56334,-175.535131,1319.08844,-3112.86233,30014.1204,26200.0,202833.809011,6.761126967,-270.0,30000 3000,1e-06,2,0.0 0.0259,0.0 0.0,-1.0 0.0,0.00054857 28.0,30000,1000,0,0.0,0.0 0.0 0.0,1000 1000000 0,0,0.0,0,100,0,,90,,1,,,10,1.0,10.0,0.1,True,{},,,False,3,mixed,250,300,True,Ar_Aubin,,False,uniform,Argon_Aubin_Model3-test/90Td,3.0000000000000005e+21,7.801522222222223e+23,6.301814134744038e-17,2.1580843835419123e-13,2.1528797602609854e-13,5.626619763164322e-18,2.813309881582161e-18,2.2506479052657284e-18,0.0,0.0,1.1253239526328642e-18,6.751943715797185e-18,6.751943715797185e-18,0.0,2.2506479052657284e-18,3.938633834215025e-18,3.938633834215025e-18,7.87726766843005e-18,9.002591621062914e-18,3.938633834215025e-18,2.813309881582161e-18,2.813309881582161e-18,1.1815901502645076e-17,3.3759718578985926e-18,1.57545353368601e-17,1.6317197313176533e-17,1.069057755001221e-17,1.1253239526328644e-17,1.243482967659315e-16,5.5140873679010355e-17,5.289022577374462e-17,0.0,7.87726766843005e-18,8.439929644746482e-18,6.751943715797185e-18,7.089540901587045e-17,6.30181413474404e-17,2199.5860431963733,2769.4961819520263,2487.2182969981827,2026.570050760322,1470.2081788107,1456.838530071902,86.0300592345569,229.02465508402435,78203.66225426945,8.68929580602994e+23,8.058208468875122e-22,8.97519164314662e-22
5.19357e-06,203238.0,6.77461,3e+22,-5007.34,-3063.18,82828.8,4.46605,4.48614,4.55783,-0.000433950567,-0.000116633363,0.408179417,0.0191839762,0.0197591822,0.178588226,1.36781723e-05,-0.000183951039,4.04326997e-05,2751.16707,-886.098305,-616.117492,-543.437463,2105.46689,494.984506,-1489.57127,-551.376078,35195.4761,26300.0,203238.339769,6.774611326,-270.0,30000 3000,1e-06,2,0.0 0.0259,0.0 0.0,-1.0 0.0,0.00054857 28.0,30000,1000,0,0.0,0.0 0.0 0.0,1000 1000000 0,0,0.0,0,100,0,,90,,1,,,10,1.0,10.0,0.1,True,{},,,False,3,mixed,250,300,True,Ar_Aubin,,False,uniform,Argon_Aubin_Model3-test/90Td,3.0000000000000005e+21,9.203200000000002e+23,4.6700944034263866e-17,2.159620450737256e-13,2.154787184360698e-13,6.189281739480753e-18,2.813309881582161e-18,3.938633834215025e-18,0.0,1.1253239526328642e-18,3.938633834215025e-18,2.813309881582161e-18,5.626619763164322e-18,1.6879859289492963e-18,1.6879859289492963e-18,2.813309881582161e-18,5.626619763164322e-18,1.6879859289492963e-17,5.626619763164322e-18,2.813309881582161e-18,1.6879859289492963e-18,1.1253239526328642e-18,9.002591621062914e-18,2.2506479052657284e-18,1.4629211384227235e-17,1.6317197313176533e-17,8.439929644746482e-18,5.626619763164322e-18,1.1478304316855216e-16,5.06395778684789e-17,5.739152158427608e-17,0.0,4.501295810531457e-18,7.87726766843005e-18,4.501295810531457e-18,7.427138087376904e-17,4.670094403426387e-17,2094.844215043344,2748.9941319678383,2025.9112927594813,2105.109621015126,1127.181109848795,1386.4648051904005,-202.99554977086018,-25.852035355290127,73928.9222885044,8.214324698722712e+23,6.317005927939199e-22,5.638249501895942e-22
5.21332e-06,203386.0,6.77953,3e+22,-1917.38,4069.64,68558.5,4.53226,4.47752,4.52245,-0.000354838321,-0.000163747649,0.409681308,0.0192560488,0.0197966909,0.179859199,1.9721673e-05,-0.000158149534,3.00287916e-05,1465.5401,-1184.45485,627.61136,152.0796,308.798594,484.408108,-111.978639,1933.09524,29316.5893,26400.0,203386.010633,6.779533688,-270.0,30000 3000,1e-06,2,0.0 0.0259,0.0 0.0,-1.0 0.0,0.00054857 28.0,30000,1000,0,0.0,0.0 0.0 0.0,1000 1000000 0,0,0.0,0,100,0,,90,,1,,,10,1.0,10.0,0.1,True,{},,,False,3,mixed,250,300,True,Ar_Aubin,,False,uniform,Argon_Aubin_Model3-test/90Td,3.0000000000000005e+21,7.617611111111113e+23,4.838892996321316e-17,2.1678634486902917e-13,2.1627319714662861e-13,7.87726766843005e-18,2.813309881582161e-18,1.6879859289492963e-18,0.0,0.0,5.626619763164322e-18,4.501295810531457e-18,1.6879859289492963e-18,2.2506479052657284e-18,2.2506479052657284e-18,3.3759718578985926e-18,1.6879859289492963e-18,1.856784521844226e-17,9.002591621062914e-18,1.6879859289492963e-18,2.2506479052657284e-18,5.063957786847889e-18,9.565253597379346e-18,3.3759718578985926e-18,1.2378563478961506e-17,1.9693169171075125e-17,1.2378563478961506e-17,6.751943715797185e-18,1.2828693060014654e-16,5.626619763164322e-17,6.414346530007327e-17,0.0,5.063957786847889e-18,9.002591621062914e-18,3.3759718578985926e-18,6.414346530007327e-17,4.8388929963213164e-17,1826.4430471998733,1464.859740100081,949.3778940218087,309.46498798227634,1079.5177559829615,1229.4533454819975,-301.68817004140055,1325.4746503633187,76055.1262444693,8.450569582718813e+23,6.362349568347733e-22,7.058049689420445e-22
5.23307e-06,202848.0,6.7616,3e+22,581.93,-7066.95,65693.7,4.44114,4.52998,4.52726,-0.000334697214,-0.000132321558,0.411120401,0.0193447471,0.0198681231,0.181079808,1.1692033e-05,-0.00015249905,5.49164103e-05,3334.30927,-888.120272,-220.251687,1040.83555,2300.68583,-162.422167,273.980992,-1446.0639,27504.3389,26500.0,202848.015664,6.761600522,-270.0,30000 3000,1e-06,2,0.0 0.0259,0.0 0.0,-1.0 0.0,0.00054857 28.0,30000,1000,0,0.0,0.0 0.0 0.0,1000 1000000 0,0,0.0,0,100,0,,90,,1,,,10,1.0,10.0,0.1,True,{},,,False,3,mixed,250,300,True,Ar_Aubin,,False,uniform,Argon_Aubin_Model3-test/90Td,3.0000000000000005e+21,7.299300000000002e+23,5.851684553690893e-17,2.1623718678014432e-13,2.1572291373379113e-13,5.626619763164322e-18,3.3759718578985926e-18,5.626619763164322e-18,0.0,1.1253239526328642e-18,1.1253239526328642e-18,3.938633834215025e-18,6.751943715797185e-18,1.6879859289492963e-18,4.501295810531457e-18,2.813309881582161e-18,2.813309881582161e-18,2.644511288687231e-17,1.0127915573695778e-17,3.3759718578985926e-18,2.813309881582161e-18,4.501295810531457e-18,1.069057755001221e-17,5.626619763164322e-18,1.350388743159437e-17,1.294122545527794e-17,9.002591621062914e-18,9.002591621062914e-18,1.1196973328697e-16,5.5140873679010355e-17,5.907950751322538e-17,0.0,4.501295810531457e-18,7.87726766843005e-18,9.002591621062914e-18,6.076749344217467e-17,5.851684553690894e-17,2246.173876282233,3334.5040403497433,1808.8838099658203,2299.7507201656917,997.57452095141,496.3186128262969,-107.31998351889555,-163.52649158657817,72875.06203348302,8.097229114831448e+23,8.0297489846420855e-22,8.907527744199053e-22
5.25282e-06,203042.0,6.76806,3e+22,1276.43,6368.98,72552.4,4.48098,4.48119,4.54378,-0.000319093391,-0.000111513874,0.412658186,0.019410116,0.019937652,0.182404226,1.56361538e-05,-0.000134964739,6.15625823e-05,1569.67317,515.54973,692.872544,-157.197239,1142.09398,670.28607,871.447002,2965.43363,30872.9389,26600.0,203041.787121,6.768059571,-270.0,30000 3000,1e-06,2,0.0 0.0259,0.0 0.0,-1.0 0.0,0.00054857 28.0,30000,1000,0,0.0,0.0 0.0 0.0,1000 1000000 0,0,0.0,0,100,0,,90,,1,,,10,1.0,10.0,0.1,True,{},,,False,3,mixed,250,300,True,Ar_Aubin,,False,uniform,Argon_Aubin_Model3-test/90Td,3.0000000000000005e+21,8.061377777777778e+23,5.120223984479532e-17,2.162765731184865e-13,2.1575554812841752e-13,4.501295810531457e-18,1.6879859289492963e-18,5.626619763164321e-19,0.0,0.0,3.938633834215025e-18,5.063957786847889e-18,5.626619763164322e-18,3.3759718578985926e-18,2.2506479052657284e-18,2.813309881582161e-18,7.87726766843005e-18,1.7442521265809397e-17,6.189281739480753e-18,2.813309881582161e-18,2.2506479052657284e-18,2.2506479052657284e-18,7.87726766843005e-18,3.3759718578985926e-18,1.4066549407910804e-17,1.856784521844226e-17,9.565253597379346e-18,1.2378563478961506e-17,1.1534570514486859e-16,6.583145122902256e-17,5.964216948954181e-17,0.0,2.813309881582161e-18,9.002591621062914e-18,7.314605692113617e-18,7.53967048264019e-17,5.120223984479533e-17,1655.3850540547116,1570.080470377074,1760.5855365926288,1142.8042096332285,1459.0185439666632,933.5971260536062,587.9233752993247,1060.7412489852086,77872.78325247669,8.652531472497411e+23,6.575113628440508e-22,7.057277201690823e-22
5.27256e-06,203135.0,6.77115,3e+22,-7448.02,-5761.48,67775.1,4.49748,4.48455,4.53366,-0.000315323372,-0.000180236947,0.414142,0.0194907052,0.0200025164,0.183661997,1.83895867e-05,-0.000134480363,4.31587674e-05,1701.93647,-220.671159,827.931016,890.022567,663.160567,1231.6509,-3431.96388,-2934.97318,29267.3089,26700.0,203134.524239,6.771150808,-270.0,30000 3000,1e-06,2,0.0 0.0259,0.0 0.0,-1.0 0.0,0.00054857 28.0,30000,1000,0,0.0,0.0 0.0 0.0,1000 1000000 0,0,0.0,0,100,0,,90,,1,,,10,1.0,10.0,0.1,True,{},,,False,3,mixed,250,300,True,Ar_Aubin,,False,uniform,Argon_Aubin_Model3-test/90Td,3.0000000000000005e+21,7.530566666666669e+23,4.7263606010580297e-17,2.1592547204526502e-13,2.1541682561867497e-13,6.751943715797185e-18,1.6879859289492963e-18,1.1253239526328642e-18,0.0,1.1253239526328642e-18,4.501295810531457e-18,4.501295810531457e-18,4.501295810531457e-18,0.0,2.813309881582161e-18,3.938633834215025e-18,6.189281739480753e-18,1.57545353368601e-17,3.938633834215025e-18,1.1253239526328642e-18,0.0,2.813309881582161e-18,9.002591621062914e-18,2.813309881582161e-18,1.4066549407910804e-17,1.8005183242125827e-17,1.294122545527794e-17,1.4629211384227235e-17,1.243482967659315e-16,5.795418356059251e-17,5.907950751322538e-17,0.0,6.189281739480753e-18,5.063957786847889e-18,8.439929644746482e-18,6.808209913428828e-17,4.72636060105803e-17,2040.562093319815,1699.5879352188767,1641.8452552495605,662.1221354345985,783.7312458997308,1198.7934357999984,-30.55956570610548,501.87610790963754,75139.71459534054,8.348857177260062e+23,6.290096557474966e-22,6.973594433734557e-22
5.29231e-06,203269.0,6.77562,3e+22,-191.642,-11378.5,77620.7,4.52227,4.51724,4.47674,-0.000353898617,-0.000236769918,0.415628177,0.0195593223,0.0200769523,0.184933966,2.75370528e-05,-0.000145865195,2.33501087e-05,1707.40735,219.687396,-126.754069,117.196451,1986.54332,-1509.67381,-227.390895,-4341.61568,34265.4186,26800.0,203268.536113,6.77561787,-270.0,30000 3000,1e-06,2,0.0 0.0259,0.0 0.0,-1.0 0.0,0.00054857 28.0,30000,1000,0,0.0,0.0 0.0 0.0,1000 1000000 0,0,0.0,0,100,0,,90,,1,,,10,1.0,10.0,0.1,True,{},,,False,3,mixed,250,300,True,Ar_Aubin,,False,uniform,Argon_Aubin_Model3-test/90Td,3.0000000000000005e+21,8.624522222222223e+23,5.739152158427607e-17,2.1708061708264266e-13,2.1657928526174472e-13,6.189281739480753e-18,3.3759718578985926e-18,2.813309881582161e-18,0.0,2.2506479052657284e-18,3.938633834215025e-18,6.751943715797185e-18,4.501295810531457e-18,5.626619763164321e-19,5.626619763164322e-18,3.938633834215025e-18,6.189281739480753e-18,1.350388743159437e-17,2.813309881582161e-18,3.3759718578985926e-18,1.6879859289492963e-18,3.938633834215025e-18,6.751943715797185e-18,3.3759718578985926e-18,1.8005183242125827e-17,1.856784521844226e-17,1.1815901502645076e-17,1.0127915573695778e-17,1.1140707131065357e-16,4.670094403426387e-17,5.795418356059251e-17,0.0,7.314605692113617e-18,7.87726766843005e-18,3.938633834215025e-18,6.864476111060473e-17,5.739152158427608e-17,1736.7168487450836,1707.3395281612409,1884.1043722969325,1983.849233488037,981.9937727673702,2004.0685615360999,259.1102170264041,-247.02329052279413,75259.3759178412,8.362152879760136e+23,7.625830122073955e-22,7.393842310656316e-22
5.31206e-06,203398.0,6.77993,3e+22,3477.38,-1125.99,73729.2,4.5242,4.50821,4.49647,-0.000432545046,-0.000285191622,0.417182538,0.0196249006,0.0201573774,0.186293154,3.70996906e-05,-0.000189870523,7.10272994e-06,825.648413,851.597249,-308.777417,-318.796676,1369.36079,-490.295355,1782.09332,-206.386149,32424.3301,26900.0,203397.837718,6.779927924,-270.0,30000 3000,1e-06,2,0.0 0.0259,0.0 0.0,-1.0 0.0,0.00054857 28.0,30000,1000,0,0.0,0.0 0.0 0.0,1000 1000000 0,0,0.0,0,100,0,,90,,1,,,10,1.0,10.0,0.1,True,{},,,False,3,mixed,250,300,True,Ar_Aubin,,False,uniform,Argon_Aubin_Model3-test/90Td,3.0000000000000005e+21,8.192133333333335e+23,5.2327563797428184e-17,2.1645437430300247e-13,2.159237840593361e-13,6.189281739480753e-18,3.3759718578985926e-18,5.626619763164321e-19,0.0,1.6879859289492963e-18,3.3759718578985926e-18,1.6879859289492963e-18,6.189281739480753e-18,5.626619763164321e-19,3.938633834215025e-18,3.938633834215025e-18,3.938633834215025e-18,1.4066549407910804e-17,5.626619763164322e-18,1.6879859289492963e-18,4.501295810531457e-18,2.813309881582161e-18,9.002591621062914e-18,3.3759718578985926e-18,2.081849312370799e-17,1.2378563478961506e-17,1.1253239526328644e-17,4.501295810531457e-18,1.3278822641067798e-16,6.189281739480753e-17,6.358080332375683e-17,0.0,9.565253597379346e-18,3.938633834215025e-18,3.3759718578985926e-18,7.764735273166763e-17,5.232756379742819e-17,1658.8626607627484,827.1525364920595,2035.7066179043911,1369.0396670855441,1638.1777910474316,1665.7953192904024,-539.0747610786456,54.50488921510305,78712.18489522692,8.745798321691881e+23,6.647962303051418e-22,7.097264556977179e-22
5.33181e-06,203067.0,6.76891,3e+22,-7062.71,2306.23,71713.6,4.49272,4.53008,4.48546,-0.000397284981,-0.000286278851,0.418665041,0.0196971716,0.0202267139,0.187585742,4.28753909e-05,-0.00017026535,-4.48307388e-06,2408.50497,544.450291,-1427.67781,484.846155,1325.2149,-230.353816,-1344.3122,648.937386,31671.5931,27000.0,203067.194153,6.768906472,-270.0,30000 3000,1e-06,2,0.0 0.0259,0.0 0.0,-1.0 0.0,0.00054857 28.0,30000,1000,0,0.0,0.0 0.0 0.0,1000 1000000 0,0,0.0,0,100,0,,90,,1,,,10,1.0,10.0,0.1,True,{},,,False,3,mixed,250,300,True,Ar_Aubin,,False,uniform,Argon_Aubin_Model3-test/90Td,3.0000000000000005e+21,7.96817777777778e+23,5.851684553690893e-17,2.1644705969731036e-13,2.159237840593361e-13,7.314605692113617e-18,5.626619763164321e-19,3.3759718578985926e-18,0.0,0.0,3.3759718578985926e-18,5.063957786847889e-18,7.314605692113617e-18,2.2506479052657284e-18,3.938633834215025e-18,1.1253239526328642e-18,3.3759718578985926e-18,2.081849312370799e-17,6.751943715797185e-18,2.2506479052657284e-18,3.3759718578985926e-18,4.501295810531457e-18,7.87726766843005e-18,3.938633834215025e-18,1.856784521844226e-17,1.57545353368601e-17,9.565253597379346e-18,7.87726766843005e-18,1.2547362071856436e-16,5.682885960795965e-17,6.13301554184911e-17,0.0,7.87726766843005e-18,5.063957786847889e-18,6.751943715797185e-18,6.245547937112397e-17,5.851684553690894e-17,1830.6273195634064,2405.6990613918415,1755.5698137660934,1325.8751248745416,1353.126401190876,1647.615815742396,277.7209034831165,213.41049793455204,75073.32610875477,8.341480678750531e+23,7.794625410913412e-22,8.159797519146845e-22
5.35155e-06,203549.0,6.78497,3e+22,-3750.77,-3081.78,77161.6,4.47535,4.53521,4.5254,-0.000404241401,-0.000333176374,0.420168814,0.0197616649,0.0202844802,0.18891249,4.89021867e-05,-0.000171914479,-1.41480885e-05,1530.95915,-594.484708,898.561123,-285.849125,2712.59568,887.801516,-540.165174,-1442.61218,34394.7111,27100.0,203549.172833,6.784972428,-270.0,30000 3000,1e-06,2,0.0 0.0259,0.0 0.0,-1.0 0.0,0.00054857 28.0,30000,1000,0,0.0,0.0 0.0 0.0,1000 1000000 0,0,0.0,0,100,0,,90,,1,,,10,1.0,10.0,0.1,True,{},,,False,3,mixed,250,300,True,Ar_Aubin,,False,uniform,Argon_Aubin_Model3-test/90Td,3.0000000000000005e+21,8.573511111111113e+23,4.5575620081631e-17,2.163187727667102e-13,2.1582250490359916e-13,6.189281739480753e-18,1.6879859289492963e-18,2.2506479052657284e-18,0.0,5.626619763164321e-19,5.626619763164322e-18,5.063957786847889e-18,4.501295810531457e-18,0.0,3.3759718578985926e-18,3.3759718578985926e-18,4.501295810531457e-18,1.350388743159437e-17,5.626619763164322e-18,2.2506479052657284e-18,6.189281739480753e-18,2.813309881582161e-18,6.189281739480753e-18,3.938633834215025e-18,1.1253239526328644e-17,1.5191873360543668e-17,6.751943715797185e-18,7.314605692113617e-18,1.2716160664751365e-16,5.345288775006105e-17,5.007691589216247e-17,0.0,6.751943715797185e-18,8.439929644746482e-18,4.501295810531457e-18,8.214864854219908e-17,4.5575620081631005e-17,1632.8155667542514,1529.442933480371,1461.894960459064,2711.568903714134,1654.19997987275,1973.8131416575961,94.75516618993747,1965.5444447741816,76150.4299300154,8.461158881112822e+23,5.984945866164696e-22,5.906515686770491e-22
5.3713e-06,203002.0,6.76672,3e+22,-2732.0,-7812.64,71927.1,4.47873,4.49666,4.52825,-0.00043664382,-0.000417593744,0.421688006,0.0198383494,0.0203640989,0.190248953,5.36967354e-05,-0.000184088351,-4.51564185e-05,1626.96423,-261.557327,434.60759,-711.090556,2226.37608,816.50624,-1769.08692,-2752.06294,31758.9516,27200.0,203001.694066,6.766723136,-270.0,30000 3000,1e-06,2,0.0 0.0259,0.0 0.0,-1.0 0.0,0.00054857 28.0,30000,1000,0,0.0,0.0 0.0 0.0,1000 1000000 0,0,0.0,0,100,0,,90,,1,,,10,1.0,10.0,0.1,True,{},,,False,3,mixed,250,300,True,Ar_Aubin,,False,uniform,Argon_Aubin_Model3-test/90Td,3.0000000000000005e+21,7.991900000000002e+23,5.907950751322537e-17,2.1692138374334508e-13,2.163761642882945e-13,9.002591621062914e-18,3.938633834215025e-18,1.1253239526328642e-18,0.0,1.1253239526328642e-18,1.6879859289492963e-18,3.3759718578985926e-18,3.938633834215025e-18,2.813309881582161e-18,4.501295810531457e-18,5.063957786847889e-18,4.501295810531457e-18,1.7442521265809397e-17,6.189281739480753e-18,1.6879859289492963e-18,4.501295810531457e-18,3.938633834215025e-18,6.751943715797185e-18,3.938633834215025e-18,2.2506479052657287e-17,1.350388743159437e-17,9.565253597379346e-18,7.87726766843005e-18,1.3391355036331084e-16,5.289022577374462e-17,6.864476111060473e-17,0.0,7.314605692113617e-18,7.87726766843005e-18,8.439929644746482e-18,6.808209913428828e-17,5.907950751322538e-17,1940.945473448093,1625.77131908376,2014.323960652151,2223.113570411876,1456.4158803332712,1428.1562236373975,106.5436341064889,-151.0211739024778,76931.24158117031,8.547915731241148e+23,7.679520868110579e-22,8.213803630790809e-22
5.39105e-06,202709.0,6.75697,3e+22,-4686.64,4209.54,69166.3,4.4933,4.51972,4.47351,-0.000464173245,-0.000372525395,0.423214249,0.0199011957,0.0204425877,0.191594435,5.23473478e-05,-0.000194168591,-2.37173979e-05,1036.97747,14.1946783,-346.67612,132.12947,2172.85946,459.680297,-1279.22616,790.588223,30828.7582,27300.0,202709.236641,6.756974555,-270.0,30000 3000,1e-06,2,0.0 0.0259,0.0 0.0,-1.0 0.0,0.00054857 28.0,30000,1000,0,0.0,0.0 0.0 0.0,1000 1000000 0,0,0.0,0,100,0,,90,,1,,,10,1.0,10.0,0.1,True,{},,,False,3,mixed,250,300,True,Ar_Aubin,,False,uniform,Argon_Aubin_Model3-test/90Td,3.0000000000000005e+21,7.685144444444446e+23,5.907950751322537e-17,2.159220960734071e-13,2.1538812985788288e-13,7.87726766843005e-18,3.938633834215025e-18,1.1253239526328642e-18,0.0,5.626619763164321e-19,3.3759718578985926e-18,5.063957786847889e-18,3.938633834215025e-18,1.6879859289492963e-18,3.3759718578985926e-18,2.813309881582161e-18,2.2506479052657284e-18,1.9130507194758692e-17,5.626619763164322e-18,3.938633834215025e-18,1.6879859289492963e-18,3.3759718578985926e-18,1.1253239526328644e-17,3.938633834215025e-18,2.306914102897372e-17,1.4066549407910804e-17,9.565253597379346e-18,7.314605692113617e-18,1.0803109945275496e-16,6.808209913428828e-17,6.189281739480753e-17,0.0,5.626619763164322e-18,7.314605692113617e-18,8.439929644746482e-18,7.652202877903477e-17,5.907950751322538e-17,1590.627146464121,1034.8020571030531,1988.221471310343,2174.4276205512683,1416.7902514268285,1556.5944893913002,113.2822295869373,389.6556938490037,77288.30124471994,8.587589027191106e+23,7.644042702680241e-22,8.541660825174307e-22
5.4108e-06,202850.0,6.76168,3e+22,1600.15,-6304.81,75281.8,4.51565,4.50419,4.47105,-0.000474723117,-0.000358627111,0.424725779,0.0199761164,0.0205234093,0.192929259,5.9695341e-05,-0.000186734323,-3.0410256e-05,1336.30565,704.972395,284.857189,-19.9873206,2749.53975,181.594071,988.02042,-2642.67626,33123.0432,27400.0,202850.283584,6.761676119,-270.0,30000 3000,1e-06,2,0.0 0.0259,0.0 0.0,-1.0 0.0,0.00054857 28.0,30000,1000,0,0.0,0.0 0.0 0.0,1000 1000000 0,0,0.0,0,100,0,,90,,1,,,10,1.0,10.0,0.1,True,{},,,False,3,mixed,250,300,True,Ar_Aubin,,False,uniform,Argon_Aubin_Model3-test/90Td,3.0000000000000005e+21,8.364644444444447e+23,4.6700944034263866e-17,2.1520695270150893e-13,2.146909916692268e-13,2.813309881582161e-18,1.1253239526328642e-18,1.1253239526328642e-18,0.0,0.0,2.813309881582161e-18,5.063957786847889e-18,3.3759718578985926e-18,5.626619763164321e-19,1.1253239526328642e-18,4.501295810531457e-18,2.813309881582161e-18,1.4066549407910804e-17,5.063957786847889e-18,1.6879859289492963e-18,2.2506479052657284e-18,3.938633834215025e-18,1.2378563478961506e-17,5.063957786847889e-18,2.081849312370799e-17,1.5191873360543668e-17,1.0127915573695778e-17,1.350388743159437e-17,1.1928433897908362e-16,5.5140873679010355e-17,6.695677518165542e-17,0.0,6.751943715797185e-18,6.751943715797185e-18,6.189281739480753e-18,7.87726766843005e-17,4.670094403426387e-17,1896.7255123094178,1337.0652781956676,2046.6431470769621,2747.278674204296,1345.4229285149179,1148.9220504777986,638.9034702576129,628.9906644825205,76543.24113554385,8.504804570615984e+23,6.101249874115622e-22,6.203483980758146e-22
5.43054e-06,203613.0,6.78709,3e+22,389.921,-4739.13,67859.8,4.52348,4.4842,4.5402,-0.000508818159,-0.000334364783,0.426349675,0.0200559126,0.020595787,0.194367974,6.9317486e-05,-0.000201653859,-2.42327325e-05,1849.89707,392.833638,838.706633,974.758399,1171.29877,485.940268,-230.101005,-2529.06226,29432.9389,27500.0,203612.785898,6.787092863,-270.0,30000 3000,1e-06,2,0.0 0.0259,0.0 0.0,-1.0 0.0,0.00054857 28.0,30000,1000,0,0.0,0.0 0.0 0.0,1000 1000000 0,0,0.0,0,100,0,,90,,1,,,10,1.0,10.0,0.1,True,{},,,False,3,mixed,250,300,True,Ar_Aubin,,False,uniform,Argon_Aubin_Model3-test/90Td,3.0000000000000005e+21,7.539977777777778e+23,5.4015549726377476e-17,2.1639360680956028e-13,2.1586976850960973e-13,6.189281739480753e-18,3.3759718578985926e-18,3.3759718578985926e-18,0.0,5.626619763164321e-19,2.2506479052657284e-18,4.501295810531457e-18,9.002591621062914e-18,1.6879859289492963e-18,2.813309881582161e-18,3.3759718578985926e-18,6.751943715797185e-18,1.350388743159437e-17,9.565253597379346e-18,1.1253239526328642e-18,2.2506479052657284e-18,5.626619763164322e-18,1.0127915573695778e-17,3.3759718578985926e-18,1.8005183242125827e-17,8.439929644746482e-18,6.189281739480753e-18,1.069057755001221e-17,1.1422038119223572e-16,6.583145122902256e-17,5.5140873679010355e-17,0.0,5.063957786847889e-18,9.565253597379346e-18,6.751943715797185e-18,8.046066261324979e-17,5.401554972637748e-17,2019.5738709624134,1850.0954688853753,1833.013804263786,1169.7141718259413,1434.5426372905113,500.93522443500115,19.63676466852102,476.8912348804332,82233.40794230926,9.137045326923254e+23,6.568565146208219e-22,7.959874583535093e-22
5.45029e-06,202992.0,6.76638,3e+22,3210.45,-2129.46,76388.8,4.51473,4.47195,4.51282,-0.000580563642,-0.000375278085,0.42783341,0.0201181927,0.020679063,0.195686572,7.01910162e-05,-0.000233855826,-4.70687106e-05,-273.139847,-637.182281,968.660275,16.904116,2011.21973,71.9944157,1107.81008,-456.866026,33737.154,27600.0,202991.517748,6.766383925,-270.0,30000 3000,1e-06,2,0.0 0.0259,0.0 0.0,-1.0 0.0,0.00054857 28.0,30000,1000,0,0.0,0.0 0.0 0.0,1000 1000000 0,0,0.0,0,100,0,,90,,1,,,10,1.0,10.0,0.1,True,{},,,False,3,mixed,250,300,True,Ar_Aubin,,False,uniform,Argon_Aubin_Model3-test/90Td,3.0000000000000005e+21,8.487644444444445e+23,6.695677518165541e-17,2.1593334931293346e-13,2.1539994575938553e-13,6.751943715797185e-18,2.813309881582161e-18,1.1253239526328642e-18,0.0,1.1253239526328642e-18,3.3759718578985926e-18,4.501295810531457e-18,5.063957786847889e-18,5.626619763164321e-19,5.063957786847889e-18,1.1253239526328642e-18,5.063957786847889e-18,1.0127915573695778e-17,5.063957786847889e-18,1.6879859289492963e-18,1.6879859289492963e-18,4.501295810531457e-18,9.002591621062914e-18,4.501295810531457e-18,1.350388743159437e-17,1.5191873360543668e-17,1.57545353368601e-17,1.294122545527794e-17,1.1422038119223572e-16,6.47061272763897e-17,5.907950751322538e-17,0.0,5.063957786847889e-18,1.0127915573695778e-17,7.314605692113617e-18,7.53967048264019e-17,6.695677518165542e-17,1574.940037081229,-271.27597645554107,2107.7956127648945,2010.4205903291158,1296.7950306748105,1055.473210191998,-38.07595151103918,747.2811438015096,75135.71406868963,8.348412674298849e+23,8.911444578864723e-22,8.765260768811057e-22
5.47004e-06,202680.0,6.75601,3e+22,-1163.45,-5229.45,66349.2,4.56264,4.44417,4.48002,-0.000591759029,-0.000379776078,0.429305075,0.0201799759,0.0207533296,0.196990063,7.14823704e-05,-0.000237626466,-4.06011377e-05,1631.89409,1509.74344,-489.730131,-1053.16073,1627.4173,-73.4719288,-1277.41978,-1462.15897,29070.5811,27700.0,202680.387137,6.756012905,-270.0,30000 3000,1e-06,2,0.0 0.0259,0.0 0.0,-1.0 0.0,0.00054857 28.0,30000,1000,0,0.0,0.0 0.0 0.0,1000 1000000 0,0,0.0,0,100,0,,90,,1,,,10,1.0,10.0,0.1,True,{},,,False,3,mixed,250,300,True,Ar_Aubin,,False,uniform,Argon_Aubin_Model3-test/90Td,3.0000000000000005e+21,7.372133333333335e+23,5.2327563797428184e-17,2.1625181599152856e-13,2.1573135366343587e-13,3.938633834215025e-18,2.813309881582161e-18,2.813309881582161e-18,0.0,0.0,1.6879859289492963e-18,2.813309881582161e-18,5.626619763164322e-18,1.6879859289492963e-18,2.2506479052657284e-18,1.1253239526328642e-18,1.6879859289492963e-18,1.9693169171075125e-17,3.938633834215025e-18,1.6879859289492963e-18,3.938633834215025e-18,5.063957786847889e-18,1.294122545527794e-17,5.626619763164322e-18,1.2378563478961506e-17,1.6317197313176533e-17,9.002591621062914e-18,1.0127915573695778e-17,1.401028321027916e-16,5.4578211702693925e-17,5.5140873679010355e-17,0.0,7.87726766843005e-18,6.189281739480753e-18,4.501295810531457e-18,7.258339494481974e-17,5.232756379742819e-17,1564.0052714283822,1631.2056079577098,1880.3286450787773,1625.431279988903,1065.2109004853853,586.5328178100026,95.70837922424889,-1228.4121833243232,74524.49436381273,8.280499373756971e+23,7.021525505691612e-22,7.886690992118698e-22
5.48978e-06,202468.0,6.74895,3e+22,-1205.15,4621.6,70117.1,4.48377,4.46659,4.51946,-0.000639570212,-0.000423414651,0.430795475,0.0202656677,0.0208462656,0.198319052,7.46579141e-05,-0.000255626465,-6.64785169e-05,2537.30929,-613.803589,-475.827287,137.40453,1837.3296,-124.46301,-0.198680417,2782.68597,30753.9257,27800.0,202468.454688,6.74894849,-270.0,30000 3000,1e-06,2,0.0 0.0259,0.0 0.0,-1.0 0.0,0.00054857 28.0,30000,1000,0,0.0,0.0 0.0 0.0,1000 1000000 0,0,0.0,0,100,0,,90,,1,,,10,1.0,10.0,0.1,True,{},,,False,3,mixed,250,300,True,Ar_Aubin,,False,uniform,Argon_Aubin_Model3-test/90Td,3.0000000000000005e+21,7.790788888888892e+23,6.020483146585823e-17,2.1555298981694353e-13,2.150336528128035e-13,3.3759718578985926e-18,2.813309881582161e-18,1.1253239526328642e-18,0.0,5.626619763164321e-19,1.1253239526328642e-18,6.189281739480753e-18,4.501295810531457e-18,1.1253239526328642e-18,1.6879859289492963e-18,2.2506479052657284e-18,7.314605692113617e-18,1.57545353368601e-17,6.751943715797185e-18,5.626619763164321e-19,3.938633834215025e-18,4.501295810531457e-18,9.002591621062914e-18,5.063957786847889e-18,1.4629211384227235e-17,1.6879859289492963e-17,1.1253239526328644e-17,1.1253239526328644e-17,1.3053757850541226e-16,5.120223984479533e-17,5.5140873679010355e-17,0.0,4.501295810531457e-18,8.439929644746482e-18,4.501295810531457e-18,7.314605692113617e-17,6.020483146585824e-17,2168.207680310486,2536.5385119590082,2352.23244332781,1839.2864531510616,1192.4390117181713,547.7962998775001,176.1649608362896,87.99200779107525,75473.22685518108,8.385914095020121e+23,7.976978588894837e-22,8.586326511772197e-22
5.50953e-06,202651.0,6.75504,3e+22,4530.15,-1989.7,74230.9,4.52567,4.45937,4.49358,-0.000620042941,-0.000438134872,0.432230663,0.0203376923,0.0209209826,0.199598241,6.96102358e-05,-0.00024950012,-6.8451227e-05,776.660904,-674.828866,1151.23149,-995.411466,2087.64951,-421.699338,1007.71468,-803.986108,34244.7527,27900.0,202651.281039,6.755042701,-270.0,30000 3000,1e-06,2,0.0 0.0259,0.0 0.0,-1.0 0.0,0.00054857 28.0,30000,1000,0,0.0,0.0 0.0 0.0,1000 1000000 0,0,0.0,0,100,0,,90,,1,,,10,1.0,10.0,0.1,True,{},,,False,3,mixed,250,300,True,Ar_Aubin,,False,uniform,Argon_Aubin_Model3-test/90Td,3.0000000000000005e+21,8.247877777777779e+23,4.7263606010580297e-17,2.15637389113391e-13,2.1514843585597207e-13,3.938633834215025e-18,1.6879859289492963e-18,3.3759718578985926e-18,0.0,1.1253239526328642e-18,3.3759718578985926e-18,5.063957786847889e-18,5.063957786847889e-18,1.1253239526328642e-18,3.938633834215025e-18,2.2506479052657284e-18,7.314605692113617e-18,1.4066549407910804e-17,5.063957786847889e-18,5.626619763164321e-19,5.626619763164321e-19,5.063957786847889e-18,8.439929644746482e-18,7.314605692113617e-18,1.4629211384227235e-17,1.294122545527794e-17,9.002591621062914e-18,1.1253239526328644e-17,1.1084440933433714e-16,6.189281739480753e-17,6.47061272763897e-17,0.0,6.189281739480753e-18,6.189281739480753e-18,3.3759718578985926e-18,6.13301554184911e-17,4.72636060105803e-17,1824.2704560447048,779.4697915291711,1891.497559187982,2086.7777530451817,1027.5844682352533,2159.8815779133,-70.6947141137976,246.90277755962688,72677.31448190808,8.075257164656454e+23,6.503213051762646e-22,6.367106691496438e-22
5.52928e-06,202728.0,6.75761,3e+22,6737.74,207.72,72933.1,4.48895,4.48287,4.51289,-0.000603624669,-0.000424928531,0.433725479,0.0204081727,0.021003089,0.200953575,6.60168361e-05,-0.000245992069,-4.87302186e-05,473.29693,406.296668,432.954298,-822.580278,2563.95188,585.009818,2976.17277,-780.958734,33162.0382,28000.0,202728.278126,6.757609271,-270.0,30000 3000,1e-06,2,0.0 0.0259,0.0 0.0,-1.0 0.0,0.00054857 28.0,30000,1000,0,0.0,0.0 0.0 0.0,1000 1000000 0,0,0.0,0,100,0,,90,,1,,,10,1.0,10.0,0.1,True,{},,,False,3,mixed,250,300,True,Ar_Aubin,,False,uniform,Argon_Aubin_Model3-test/90Td,3.0000000000000005e+21,8.103677777777781e+23,5.1764901821111754e-17,2.1554454988729882e-13,2.1503309015082718e-13,4.501295810531457e-18,2.2506479052657284e-18,2.2506479052657284e-18,0.0,0.0,1.6879859289492963e-18,6.189281739480753e-18,3.3759718578985926e-18,1.1253239526328642e-18,5.626619763164321e-19,1.1253239526328642e-18,5.626619763164322e-18,1.57545353368601e-17,3.3759718578985926e-18,1.6879859289492963e-18,2.2506479052657284e-18,5.626619763164322e-18,8.439929644746482e-18,4.501295810531457e-18,1.294122545527794e-17,1.7442521265809397e-17,1.1815901502645076e-17,9.565253597379346e-18,1.1478304316855216e-16,5.964216948954181e-17,6.639411320533899e-17,0.0,7.314605692113617e-18,1.0127915573695778e-17,7.314605692113617e-18,7.202073296850331e-17,5.176490182111176e-17,1785.0575394143004,477.36399607730806,2079.2053108157543,2564.0401461544593,1541.6941886042812,1529.0944675450992,-136.02407297458905,530.8217774691839,75696.85123104864,8.410761247894295e+23,6.838448492805907e-22,7.097586942158191e-22
5.54903e-06,202291.0,6.74302,3e+22,-388.105,-2927.55,66115.7,4.44093,4.4823,4.53791,-0.000545305903,-0.000457244254,0.435179289,0.0204807621,0.0210985415,0.202261727,6.59295166e-05,-0.000213234119,-6.74641565e-05,697.516353,294.451487,347.785596,1017.40172,2459.3671,-582.506993,-445.285709,-1626.36001,29345.346,28100.0,202290.69358,6.743023119,-270.0,30000 3000,1e-06,2,0.0 0.0259,0.0 0.0,-1.0 0.0,0.00054857 28.0,30000,1000,0,0.0,0.0 0.0 0.0,1000 1000000 0,0,0.0,0,100,0,,90,,1,,,10,1.0,10.0,0.1,True,{},,,False,3,mixed,250,300,True,Ar_Aubin,,False,uniform,Argon_Aubin_Model3-test/90Td,3.0000000000000005e+21,7.34618888888889e+23,5.2327563797428184e-17,2.1573022833948324e-13,2.1521370464522477e-13,9.002591621062914e-18,1.6879859289492963e-18,3.938633834215025e-18,0.0,5.626619763164321e-19,2.813309881582161e-18,6.751943715797185e-18,6.751943715797185e-18,5.626619763164321e-19,5.626619763164322e-18,6.189281739480753e-18,5.063957786847889e-18,1.350388743159437e-17,6.189281739480753e-18,0.0,2.813309881582161e-18,2.2506479052657284e-18,7.87726766843005e-18,5.063957786847889e-18,1.6879859289492963e-17,1.4629211384227235e-17,9.565253597379346e-18,1.1253239526328644e-17,1.1928433897908362e-16,5.120223984479533e-17,5.907950751322538e-17,0.0,6.189281739480753e-18,7.87726766843005e-18,7.314605692113617e-18,7.427138087376904e-17,5.232756379742819e-17,1839.644819398443,697.3047170525161,2416.11533540218,2458.0284945842022,1137.6069567116695,573.1626822627004,418.09992489145304,107.44842644832212,73620.32470097329,8.180036077885923e+23,7.10776052808368e-22,7.914544321156425e-22
5.56877e-06,201704.0,6.72345,3e+22,-6545.23,6811.37,74442.8,4.41795,4.52175,4.47519,-0.000622813391,-0.000410405818,0.436625063,0.0205810593,0.0211800971,0.203567687,8.54343476e-05,-0.000245677705,-4.18638089e-05,1095.85172,-12.3704077,541.366571,892.299344,1559.5077,-1050.17746,-3249.6793,3454.54388,33694.0073,28200.0,201703.601278,6.723453376,-270.0,30000 3000,1e-06,2,0.0 0.0259,0.0 0.0,-1.0 0.0,0.00054857 28.0,30000,1000,0,0.0,0.0 0.0 0.0,1000 1000000 0,0,0.0,0,100,0,,90,,1,,,10,1.0,10.0,0.1,True,{},,,False,3,mixed,250,300,True,Ar_Aubin,,False,uniform,Argon_Aubin_Model3-test/90Td,3.0000000000000005e+21,8.271422222222223e+23,5.1764901821111754e-17,2.1490311523429807e-13,2.1437983959632381e-13,6.751943715797185e-18,5.626619763164321e-19,5.626619763164321e-19,0.0,1.6879859289492963e-18,3.3759718578985926e-18,6.751943715797185e-18,1.069057755001221e-17,0.0,2.2506479052657284e-18,1.6879859289492963e-18,4.501295810531457e-18,1.5191873360543668e-17,9.002591621062914e-18,2.813309881582161e-18,1.6879859289492963e-18,3.3759718578985926e-18,1.1815901502645076e-17,5.626619763164322e-18,1.7442521265809397e-17,1.7442521265809397e-17,1.069057755001221e-17,1.2378563478961506e-17,1.2547362071856436e-16,5.682885960795965e-17,6.076749344217467e-17,0.0,3.3759718578985926e-18,7.314605692113617e-18,6.751943715797185e-18,6.47061272763897e-17,5.176490182111176e-17,2537.211531843077,1091.775263108825,2065.9995587359713,1562.3031258765507,1152.7576995342965,1190.415060103598,110.7241929355611,195.86270480302483,73213.38505321993,8.134820561468883e+23,7.07041503182554e-22,6.953647877445737e-22
5.58852e-06,202178.0,6.73928,3e+22,581.001,4321.74,66161.5,4.48693,4.46724,4.4994,-0.000652005564,-0.000357495723,0.438143018,0.0206383406,0.0212364058,0.204940857,8.56041371e-05,-0.000263674812,-1.61266147e-05,2042.11131,-898.326358,-1771.40122,-285.221189,1211.00621,136.498387,714.406186,1759.66105,30263.1415,28300.0,202178.444733,6.739281491,-270.0,30000 3000,1e-06,2,0.0 0.0259,0.0 0.0,-1.0 0.0,0.00054857 28.0,30000,1000,0,0.0,0.0 0.0 0.0,1000 1000000 0,0,0.0,0,100,0,,90,,1,,,10,1.0,10.0,0.1,True,{},,,False,3,mixed,250,300,True,Ar_Aubin,,False,uniform,Argon_Aubin_Model3-test/90Td,3.0000000000000005e+21,7.35127777777778e+23,5.3452887750061045e-17,2.1403886643867604e-13,2.1353584663184916e-13,5.063957786847889e-18,3.938633834215025e-18,1.1253239526328642e-18,0.0,5.626619763164321e-19,2.2506479052657284e-18,5.626619763164322e-18,5.626619763164322e-18,1.1253239526328642e-18,3.3759718578985926e-18,2.2506479052657284e-18,5.626619763164322e-18,9.565253597379346e-18,7.87726766843005e-18,2.813309881582161e-18,4.501295810531457e-18,1.6879859289492963e-18,5.626619763164322e-18,3.3759718578985926e-18,1.294122545527794e-17,1.4629211384227235e-17,1.1815901502645076e-17,1.1815901502645076e-17,1.2322297281329864e-16,6.358080332375683e-17,5.626619763164322e-17,0.0,5.063957786847889e-18,5.626619763164322e-18,3.3759718578985926e-18,6.920742308692116e-17,5.345288775006105e-17,1449.4081566313178,2042.4901258846896,1426.7531356909433,1212.551213565918,1147.2755300866088,1274.9422145930002,-215.79334590206744,-1268.418899478432,76868.60042334764,8.540955602594184e+23,6.9538000504332795e-22,8.079152943941876e-22
5.60827e-06,202066.0,6.73555,3e+22,4331.41,3900.56,72963.8,4.45288,4.47962,4.50813,-0.000683879928,-0.000316519553,0.439662569,0.0207363415,0.0213099603,0.206332207,8.37651343e-05,-0.000262567485,6.8532699e-06,3517.27926,202.19245,592.81935,366.206276,2071.80936,298.765348,1679.09634,2404.49939,33198.4441,28400.0,202066.490863,6.735549695,-270.0,30000 3000,1e-06,2,0.0 0.0259,0.0 0.0,-1.0 0.0,0.00054857 28.0,30000,1000,0,0.0,0.0 0.0 0.0,1000 1000000 0,0,0.0,0,100,0,,90,,1,,,10,1.0,10.0,0.1,True,{},,,False,3,mixed,250,300,True,Ar_Aubin,,False,uniform,Argon_Aubin_Model3-test/90Td,3.0000000000000005e+21,8.10708888888889e+23,5.79541835605925e-17,2.1445804961103176e-13,2.1393252332515224e-13,6.751943715797185e-18,1.1253239526328642e-18,1.1253239526328642e-18,0.0,0.0,4.501295810531457e-18,3.3759718578985926e-18,3.3759718578985926e-18,2.2506479052657284e-18,3.938633834215025e-18,3.938633834215025e-18,5.063957786847889e-18,1.57545353368601e-17,1.1815901502645076e-17,1.6879859289492963e-18,4.501295810531457e-18,5.626619763164322e-18,8.439929644746482e-18,1.6879859289492963e-18,1.6317197313176533e-17,1.2378563478961506e-17,1.6317197313176533e-17,6.189281739480753e-18,1.187216770027672e-16,6.245547937112397e-17,6.076749344217467e-17,0.0,6.751943715797185e-18,6.751943715797185e-18,1.6879859289492963e-18,7.427138087376904e-17,5.795418356059251e-17,2480.28397408185,3520.2414243589383,1863.08371138814,2073.04396350765,1455.3724153185228,1118.9923479977988,815.9072823897228,417.45532029831634,76949.42118962537,8.549935687736153e+23,7.531464521062065e-22,7.942868046975692e-22
5.62802e-06,201802.0,6.72673,3e+22,227.835,-554.107,69793.0,4.46315,4.44896,4.51366,-0.000636800114,-0.000304998289,0.441097947,0.0208101356,0.0213837389,0.207648043,8.56285103e-05,-0.000232669684,1.40024794e-05,2130.12714,-882.04008,577.566601,4.96423611,-14.3729623,-1091.55885,312.849204,-1380.65856,32244.0724,28500.0,201801.951802,6.726731727,-270.0,30000 3000,1e-06,2,0.0 0.0259,0.0 0.0,-1.0 0.0,0.00054857 28.0,30000,1000,0,0.0,0.0 0.0 0.0,1000 1000000 0,0,0.0,0,100,0,,90,,1,,,10,1.0,10.0,0.1,True,{},,,False,3,mixed,250,300,True,Ar_Aubin,,False,uniform,Argon_Aubin_Model3-test/90Td,3.0000000000000005e+21,7.754777777777779e+23,6.358080332375681e-17,2.136472537031598e-13,2.1314592188226186e-13,3.938633834215025e-18,2.813309881582161e-18,2.2506479052657284e-18,0.0,0.0,1.6879859289492963e-18,5.626619763164322e-18,3.938633834215025e-18,5.626619763164321e-19,2.2506479052657284e-18,3.3759718578985926e-18,3.3759718578985926e-18,1.6879859289492963e-17,2.813309881582161e-18,1.6879859289492963e-18,4.501295810531457e-18,3.3759718578985926e-18,1.1815901502645076e-17,3.938633834215025e-18,1.6879859289492963e-17,1.069057755001221e-17,1.4066549407910804e-17,9.002591621062914e-18,1.1478304316855216e-16,5.007691589216247e-17,5.851684553690894e-17,0.0,9.002591621062914e-18,7.314605692113617e-18,3.938633834215025e-18,6.864476111060473e-17,6.358080332375683e-17,1870.025354495558,2130.272225353973,1868.2398865455827,-14.541963986922923,1306.798162415588,1458.5233850290024,512.0987017405298,834.362444601657,72686.93600170084,8.076326222411207e+23,8.747211922960827e-22,9.109911212264384e-22
5.64776e-06,202456.0,6.74853,3e+22,8306.97,1040.69,64619.9,4.46877,4.51076,4.49339,-0.000677324063,-0.000317150665,0.442627984,0.0208644948,0.0214402409,0.209042095,8.2104388e-05,-0.000253802567,-1.02669337e-05,1048.67903,1140.30526,-47.1211023,-18.4705325,733.685211,-425.746767,3425.18013,521.674702,27958.8435,28600.0,202455.8298,6.74852766,-270.0,30000 3000,1e-06,2,0.0 0.0259,0.0 0.0,-1.0 0.0,0.00054857 28.0,30000,1000,0,0.0,0.0 0.0 0.0,1000 1000000 0,0,0.0,0,100,0,,90,,1,,,10,1.0,10.0,0.1,True,{},,,False,3,mixed,250,300,True,Ar_Aubin,,False,uniform,Argon_Aubin_Model3-test/90Td,3.0000000000000005e+21,7.17998888888889e+23,6.189281739480752e-17,2.1497794927714816e-13,2.1448111875206078e-13,6.189281739480753e-18,1.6879859289492963e-18,0.0,0.0,1.1253239526328642e-18,2.2506479052657284e-18,4.501295810531457e-18,5.626619763164322e-18,5.626619763164321e-19,1.1253239526328642e-18,4.501295810531457e-18,4.501295810531457e-18,1.350388743159437e-17,5.626619763164322e-18,2.813309881582161e-18,2.2506479052657284e-18,3.938633834215025e-18,1.0127915573695778e-17,2.813309881582161e-18,1.1815901502645076e-17,1.6879859289492963e-17,9.002591621062914e-18,1.1253239526328644e-17,1.1309505723960286e-16,5.795418356059251e-17,6.13301554184911e-17,0.0,9.002591621062914e-18,6.751943715797185e-18,5.063957786847889e-18,5.964216948954181e-17,6.189281739480753e-17,1375.015103225485,1054.3055406716192,1430.4272818695044,734.0152665255588,1061.3708060448428,-643.7325632815991,-112.49690665034315,-255.06974332982554,77480.42780315303,8.60893642257256e+23,7.988187359013114e-22,9.57798099266751e-22
5.66751e-06,202304.0,6.74345,3e+22,-3334.78,-873.388,62533.4,4.50437,4.45349,4.50674,-0.000696414224,-0.00022911594,0.444092717,0.0209381763,0.0215158069,0.210362769,9.82797216e-05,-0.00026837931,3.49765946e-05,863.469637,681.056843,297.804911,88.035772,2303.59984,1023.27495,-1789.69811,-553.751072,28667.0133,28700.0,202303.502068,6.743450069,-270.0,30000 3000,1e-06,2,0.0 0.0259,0.0 0.0,-1.0 0.0,0.00054857 28.0,30000,1000,0,0.0,0.0 0.0 0.0,1000 1000000 0,0,0.0,0,100,0,,90,,1,,,10,1.0,10.0,0.1,True,{},,,False,3,mixed,250,300,True,Ar_Aubin,,False,uniform,Argon_Aubin_Model3-test/90Td,3.0000000000000005e+21,6.948155555555556e+23,4.219964822373241e-17,2.152705335048327e-13,2.1475851110638478e-13,8.439929644746482e-18,3.3759718578985926e-18,2.2506479052657284e-18,0.0,5.626619763164321e-19,3.938633834215025e-18,5.626619763164322e-18,6.189281739480753e-18,5.626619763164321e-19,5.063957786847889e-18,1.6879859289492963e-18,5.063957786847889e-18,1.6879859289492963e-17,6.189281739480753e-18,2.813309881582161e-18,3.3759718578985926e-18,1.6879859289492963e-18,1.0127915573695778e-17,3.3759718578985926e-18,1.6317197313176533e-17,1.856784521844226e-17,1.1815901502645076e-17,1.294122545527794e-17,1.2097232490803292e-16,5.176490182111176e-17,6.13301554184911e-17,0.0,6.751943715797185e-18,1.2378563478961506e-17,3.3759718578985926e-18,6.639411320533899e-17,4.219964822373241e-17,1864.936019803359,861.1472487740893,1914.5328101509278,2303.399732887395,553.6153484032692,896.385790752196,-258.60835486050524,32.60746103234169,74173.46081003328,8.241495645559256e+23,5.689319031750525e-22,6.748337404288334e-22
5.68726e-06,202185.0,6.7395,3e+22,-2520.82,680.617,77687.6,4.47318,4.45614,4.51534,-0.000754153777,-0.000274767069,0.445558952,0.021016437,0.0215898252,0.211715121,9.99667661e-05,-0.000285193304,1.28979563e-05,441.058374,277.515829,-223.284969,-306.021422,1333.38559,-1033.38548,-591.142222,219.959281,35249.0559,28800.0,202185.120587,6.73950402,-270.0,30000 3000,1e-06,2,0.0 0.0259,0.0 0.0,-1.0 0.0,0.00054857 28.0,30000,1000,0,0.0,0.0 0.0 0.0,1000 1000000 0,0,0.0,0,100,0,,90,,1,,,10,1.0,10.0,0.1,True,{},,,False,3,mixed,250,300,True,Ar_Aubin,,False,uniform,Argon_Aubin_Model3-test/90Td,3.0000000000000005e+21,8.631955555555559e+23,4.838892996321316e-17,2.1529697861771957e-13,2.1478776952915323e-13,9.565253597379346e-18,1.1253239526328642e-18,1.1253239526328642e-18,0.0,1.1253239526328642e-18,1.6879859289492963e-18,5.626619763164322e-18,3.938633834215025e-18,1.1253239526328642e-18,3.3759718578985926e-18,2.2506479052657284e-18,4.501295810531457e-18,1.7442521265809397e-17,5.626619763164322e-18,2.813309881582161e-18,2.2506479052657284e-18,7.314605692113617e-18,1.1815901502645076e-17,4.501295810531457e-18,1.350388743159437e-17,1.6317197313176533e-17,1.294122545527794e-17,9.002591621062914e-18,1.2040966293171649e-16,5.289022577374462e-17,5.345288775006105e-17,0.0,5.063957786847889e-18,7.87726766843005e-18,9.002591621062914e-18,7.314605692113617e-17,4.8388929963213164e-17,1979.4237431768804,439.1572880758629,1873.5453065151057,1333.5726011382017,1213.16186191117,634.6502606047943,503.02762051485405,367.33512334670536,74249.52145598826,8.249946828443141e+23,6.517069607229175e-22,6.228655533600363e-22
5.70701e-06,202394.0,6.74647,3e+22,-726.31,4368.32,66715.2,4.47059,4.43712,4.55981,-0.000780745351,-0.000270119647,0.447051162,0.0210760384,0.0216855637,0.213091009,8.83333769e-05,-0.000303776926,1.32730209e-05,1347.28937,-929.788988,-577.615226,-32.9035185,1394.7843,-1132.37986,105.976121,1623.7426,30047.5143,28900.0,202394.05197,6.746468399,-270.0,30000 3000,1e-06,2,0.0 0.0259,0.0 0.0,-1.0 0.0,0.00054857 28.0,30000,1000,0,0.0,0.0 0.0 0.0,1000 1000000 0,0,0.0,0,100,0,,90,,1,,,10,1.0,10.0,0.1,True,{},,,False,3,mixed,250,300,True,Ar_Aubin,,False,uniform,Argon_Aubin_Model3-test/90Td,3.0000000000000005e+21,7.412800000000001e+23,4.895159193952959e-17,2.144451083855765e-13,2.139404005928207e-13,5.063957786847889e-18,1.1253239526328642e-18,1.1253239526328642e-18,0.0,1.1253239526328642e-18,3.938633834215025e-18,5.063957786847889e-18,5.626619763164322e-18,2.2506479052657284e-18,1.6879859289492963e-18,2.813309881582161e-18,7.314605692113617e-18,1.4629211384227235e-17,5.626619763164322e-18,1.6879859289492963e-18,1.6879859289492963e-18,2.813309881582161e-18,9.002591621062914e-18,4.501295810531457e-18,1.9693169171075125e-17,1.8005183242125827e-17,1.4066549407910804e-17,1.1253239526328644e-17,1.2491095874224793e-16,5.5140873679010355e-17,5.176490182111176e-17,0.0,4.501295810531457e-18,6.189281739480753e-18,5.063957786847889e-18,6.808209913428828e-17,4.8951591939529595e-17,1508.0614312835703,1346.722306844115,2424.1427306510172,1395.964269056383,1112.203677143906,222.4066169375983,-282.0863575110525,-94.8537932867448,75564.88449112258,8.3960982767914e+23,6.478087311214042e-22,7.337397165792741e-22
5.72675e-06,202800.0,6.76,3e+22,1028.18,-3233.62,71813.3,4.47706,4.4636,4.54995,-0.000798694182,-0.000245560386,0.448522049,0.021146771,0.0217380913,0.214452375,8.53634859e-05,-0.000305678915,3.55614028e-05,2109.72735,-1073.57915,-653.883849,-163.94043,2060.59879,5.0244326,708.816549,-1922.87186,32869.5593,29000.0,202799.937577,6.759997919,-270.0,30000 3000,1e-06,2,0.0 0.0259,0.0 0.0,-1.0 0.0,0.00054857 28.0,30000,1000,0,0.0,0.0 0.0 0.0,1000 1000000 0,0,0.0,0,100,0,,90,,1,,,10,1.0,10.0,0.1,True,{},,,False,3,mixed,250,300,True,Ar_Aubin,,False,uniform,Argon_Aubin_Model3-test/90Td,3.0000000000000005e+21,7.979255555555557e+23,5.570353565532677e-17,2.1498132524900607e-13,2.1449518530146868e-13,5.063957786847889e-18,4.501295810531457e-18,3.3759718578985926e-18,0.0,0.0,2.813309881582161e-18,2.813309881582161e-18,4.501295810531457e-18,1.1253239526328642e-18,1.6879859289492963e-18,3.3759718578985926e-18,1.1253239526328642e-18,1.350388743159437e-17,7.87726766843005e-18,2.2506479052657284e-18,2.813309881582161e-18,2.2506479052657284e-18,9.565253597379346e-18,3.3759718578985926e-18,1.8005183242125827e-17,2.081849312370799e-17,1.0127915573695778e-17,3.938633834215025e-18,1.1140707131065357e-16,5.176490182111176e-17,5.739152158427608e-17,0.0,7.87726766843005e-18,9.002591621062914e-18,4.501295810531457e-18,6.358080332375683e-17,5.570353565532679e-17,1790.2167097123688,2110.548551384049,1330.3084132727222,2059.8047410246227,1116.0711382729291,659.7108385483007,369.509183202396,-348.87183544059945,74485.09677223211,8.276121863581346e+23,7.478480671866823e-22,7.7567157692693095e-22
5.7465e-06,202761.0,6.7587,3e+22,-6703.61,-4582.41,67254.1,4.54135,4.44232,4.50764,-0.000829320057,-0.000223284536,0.450052645,0.0212151254,0.0217682608,0.215866621,7.74175648e-05,-0.00032516834,3.40501544e-05,1993.007,-274.517761,-533.247763,-112.225569,1277.03619,-1756.5392,-3279.55943,-1652.39161,32051.7813,29100.0,202760.951446,6.758698382,-270.0,30000 3000,1e-06,2,0.0 0.0259,0.0 0.0,-1.0 0.0,0.00054857 28.0,30000,1000,0,0.0,0.0 0.0 0.0,1000 1000000 0,0,0.0,0,100,0,,90,,1,,,10,1.0,10.0,0.1,True,{},,,False,3,mixed,250,300,True,Ar_Aubin,,False,uniform,Argon_Aubin_Model3-test/90Td,3.0000000000000005e+21,7.47267777777778e+23,4.951425391584602e-17,2.162844503861549e-13,2.1575442280446487e-13,5.626619763164322e-18,1.1253239526328642e-18,5.626619763164321e-19,0.0,1.1253239526328642e-18,3.938633834215025e-18,5.063957786847889e-18,5.626619763164322e-18,1.6879859289492963e-18,1.6879859289492963e-18,4.501295810531457e-18,4.501295810531457e-18,1.7442521265809397e-17,6.189281739480753e-18,2.2506479052657284e-18,3.3759718578985926e-18,2.813309881582161e-18,1.069057755001221e-17,2.813309881582161e-18,1.6879859289492963e-17,1.350388743159437e-17,1.069057755001221e-17,9.565253597379346e-18,1.2884959257646297e-16,6.695677518165542e-17,5.739152158427608e-17,0.0,6.751943715797185e-18,1.0127915573695778e-17,2.813309881582161e-18,7.595936680271834e-17,4.9514253915846025e-17,1729.4565522402152,1987.4475617726944,764.1498100801341,1276.0130087093883,984.7161566180126,1783.8957079054962,-227.05221095527202,-740.0546074060662,77508.73532718208,8.612081703020232e+23,6.388215948413433e-22,7.362265485055337e-22
5.76625e-06,202541.0,6.75135,3e+22,-5034.63,1239.12,68398.0,4.45556,4.501,4.5194,-0.000948683606,-0.000247080825,0.451518346,0.0212862229,0.0218360966,0.217237929,6.19185769e-05,-0.000373423764,1.46035262e-05,1312.78123,624.333225,630.976366,-839.532288,1893.09733,883.507471,-2346.4356,208.621406,33354.1319,29200.0,202540.560363,6.751352012,-270.0,30000 3000,1e-06,2,0.0 0.0259,0.0 0.0,-1.0 0.0,0.00054857 28.0,30000,1000,0,0.0,0.0 0.0 0.0,1000 1000000 0,0,0.0,0,100,0,,90,,1,,,10,1.0,10.0,0.1,True,{},,,False,3,mixed,250,300,True,Ar_Aubin,,False,uniform,Argon_Aubin_Model3-test/90Td,3.0000000000000005e+21,7.599777777777779e+23,4.6138282057947436e-17,2.1472700203571102e-13,2.1421160366540518e-13,7.314605692113617e-18,2.813309881582161e-18,1.6879859289492963e-18,0.0,1.6879859289492963e-18,3.938633834215025e-18,4.501295810531457e-18,5.063957786847889e-18,0.0,0.0,2.813309881582161e-18,5.626619763164322e-18,1.350388743159437e-17,6.751943715797185e-18,1.1253239526328642e-18,3.3759718578985926e-18,2.813309881582161e-18,6.189281739480753e-18,4.501295810531457e-18,1.294122545527794e-17,1.4066549407910804e-17,1.1253239526328644e-17,1.1815901502645076e-17,1.2322297281329864e-16,5.739152158427608e-17,6.583145122902256e-17,0.0,7.314605692113617e-18,6.189281739480753e-18,7.314605692113617e-18,7.821001470798407e-17,4.613828205794744e-17,1794.800104637738,1308.0049590567244,1717.3047350520999,1893.403492791874,1262.8117352223646,2471.180070292001,347.1314428246244,622.6566376051683,74222.47992140947,8.246942213489942e+23,6.21621402394544e-22,6.745560112568706e-22
5.786e-06,203284.0,6.77612,3e+22,2255.78,-2171.89,71108.9,4.48219,4.49372,4.54753,-0.000952301289,-0.000297459682,0.453041831,0.0213586425,0.0218973014,0.218668138,7.15981158e-05,-0.000378782368,-1.84537017e-05,2282.67744,384.646981,889.779838,600.574678,2542.48455,-5.84013542,930.108783,-1452.21047,33660.8686,29300.0,203283.623357,6.776120779,-270.0,30000 3000,1e-06,2,0.0 0.0259,0.0 0.0,-1.0 0.0,0.00054857 28.0,30000,1000,0,0.0,0.0 0.0 0.0,1000 1000000 0,0,0.0,0,100,0,,90,,1,,,10,1.0,10.0,0.1,True,{},,,False,3,mixed,250,300,True,Ar_Aubin,,False,uniform,Argon_Aubin_Model3-test/90Td,3.0000000000000005e+21,7.90098888888889e+23,5.1764901821111754e-17,2.159547304680335e-13,2.1546521454863822e-13,1.069057755001221e-17,1.6879859289492963e-18,2.2506479052657284e-18,0.0,5.626619763164321e-19,1.1253239526328642e-18,6.189281739480753e-18,4.501295810531457e-18,1.6879859289492963e-18,7.314605692113617e-18,2.2506479052657284e-18,2.813309881582161e-18,1.069057755001221e-17,8.439929644746482e-18,1.6879859289492963e-18,3.3759718578985926e-18,4.501295810531457e-18,1.069057755001221e-17,5.063957786847889e-18,1.2378563478961506e-17,1.856784521844226e-17,6.189281739480753e-18,6.189281739480753e-18,1.0409246561853995e-16,5.907950751322538e-17,5.739152158427608e-17,0.0,6.189281739480753e-18,6.189281739480753e-18,4.501295810531457e-18,7.145807099218688e-17,5.176490182111176e-17,1833.47485844377,2284.8256222017003,1548.9980116791153,2541.838500291261,1319.7975111450069,1445.5623436041024,-115.17146693820733,865.6430165961922,77148.63728895911,8.572070809884347e+23,6.709762303023845e-22,7.279665670698289e-22
5.80574e-06,202720.0,6.75733,3e+22,6438.23,4291.37,70954.6,4.46372,4.4911,4.53088,-0.00100685464,-0.000239367621,0.454486788,0.0214223605,0.0219620792,0.220029593,7.31972202e-05,-0.000413020326,2.35188914e-05,1628.20307,477.746922,84.7537785,4.23860708,1273.76237,-322.92861,3002.00561,2121.19347,32770.9446,29400.0,202719.91778,6.757330593,-270.0,30000 3000,1e-06,2,0.0 0.0259,0.0 0.0,-1.0 0.0,0.00054857 28.0,30000,1000,0,0.0,0.0 0.0 0.0,1000 1000000 0,0,0.0,0,100,0,,90,,1,,,10,1.0,10.0,0.1,True,{},,,False,3,mixed,250,300,True,Ar_Aubin,,False,uniform,Argon_Aubin_Model3-test/90Td,3.0000000000000005e+21,7.883844444444446e+23,5.457821170269392e-17,2.1684429905258976e-13,2.1632102341461553e-13,1.6879859289492963e-18,3.938633834215025e-18,0.0,0.0,0.0,3.938633834215025e-18,3.938633834215025e-18,2.2506479052657284e-18,5.626619763164321e-19,1.1253239526328642e-18,1.6879859289492963e-18,2.813309881582161e-18,2.0255831147391556e-17,6.189281739480753e-18,2.813309881582161e-18,1.1253239526328642e-18,2.2506479052657284e-18,1.1815901502645076e-17,5.626619763164322e-18,1.5191873360543668e-17,2.081849312370799e-17,1.1253239526328644e-17,1.069057755001221e-17,1.1703369107381788e-16,6.076749344217467e-17,7.033274703955402e-17,0.0,6.751943715797185e-18,7.87726766843005e-18,5.063957786847889e-18,7.089540901587045e-17,5.4578211702693925e-17,1610.6201697171045,1634.6854317488871,1640.9498314824905,1274.7895850277307,1268.905508462849,523.0163521752002,-408.5675236093804,232.10988363410434,73172.01251810208,8.130223613122455e+23,7.458891702506032e-22,7.69199061127734e-22
5.82549e-06,203681.0,6.78938,3e+22,-682.839,1259.87,77776.3,4.52923,4.50567,4.50945,-0.000982180495,-0.000237572412,0.456057591,0.0214859789,0.0220422627,0.221506276,6.86221614e-05,-0.000401058336,1.11061126e-05,2086.4907,175.350325,146.075933,227.653883,2786.74142,-51.721403,-101.247298,-143.306176,37256.762,29500.0,203681.313642,6.789377121,-270.0,30000 3000,1e-06,2,0.0 0.0259,0.0 0.0,-1.0 0.0,0.00054857 28.0,30000,1000,0,0.0,0.0 0.0 0.0,1000 1000000 0,0,0.0,0,100,0,,90,,1,,,10,1.0,10.0,0.1,True,{},,,False,3,mixed,250,300,True,Ar_Aubin,,False,uniform,Argon_Aubin_Model3-test/90Td,3.0000000000000005e+21,8.641811111111113e+23,5.1764901821111754e-17,2.1604250573633883e-13,2.1554454988729885e-13,5.063957786847889e-18,1.6879859289492963e-18,1.1253239526328642e-18,0.0,5.626619763164321e-19,4.501295810531457e-18,5.063957786847889e-18,6.189281739480753e-18,5.626619763164321e-19,2.813309881582161e-18,3.938633834215025e-18,3.3759718578985926e-18,1.350388743159437e-17,5.063957786847889e-18,5.626619763164321e-19,2.813309881582161e-18,5.626619763164321e-19,1.1253239526328644e-17,2.813309881582161e-18,1.6317197313176533e-17,1.294122545527794e-17,1.2378563478961506e-17,6.189281739480753e-18,1.1984700095540006e-16,5.176490182111176e-17,5.795418356059251e-17,0.0,7.87726766843005e-18,7.87726766843005e-18,6.751943715797185e-18,7.483404285008547e-17,5.176490182111176e-17,1612.0470983858388,2085.8200288529747,2030.2509749900391,2787.0407303547063,1174.7662434963243,1786.289985106705,116.00155769322811,432.6329092141175,79544.80083454073,8.838311203837861e+23,6.50764113782706e-22,6.655613833662922e-22
5.84524e-06,203870.0,6.79567,3e+22,-4595.15,4901.0,71174.7,4.51292,4.47725,4.57212,-0.000976529481,-0.000154305087,0.457579006,0.0215520532,0.0221197358,0.222943568,8.86941553e-05,-0.000407307029,3.37082511e-05,1067.60251,-281.283489,133.531942,789.772632,2123.21734,-218.78377,-3247.13735,1839.64979,33951.0033,29600.0,203870.215801,6.79567386,-270.0,30000 3000,1e-06,2,0.0 0.0259,0.0 0.0,-1.0 0.0,0.00054857 28.0,30000,1000,0,0.0,0.0 0.0 0.0,1000 1000000 0,0,0.0,0,100,0,,90,,1,,,10,1.0,10.0,0.1,True,{},,,False,3,mixed,250,300,True,Ar_Aubin,,False,uniform,Argon_Aubin_Model3-test/90Td,3.0000000000000005e+21,7.908300000000001e+23,6.189281739480752e-17,2.1663386347344743e-13,2.1612127841302316e-13,4.501295810531457e-18,2.813309881582161e-18,3.938633834215025e-18,0.0,1.1253239526328642e-18,2.2506479052657284e-18,5.063957786847889e-18,3.938633834215025e-18,1.1253239526328642e-18,5.626619763164321e-19,3.3759718578985926e-18,2.2506479052657284e-18,1.5191873360543668e-17,7.87726766843005e-18,1.6879859289492963e-18,4.501295810531457e-18,3.3759718578985926e-18,1.069057755001221e-17,1.6879859289492963e-18,1.350388743159437e-17,1.4066549407910804e-17,1.1815901502645076e-17,7.314605692113617e-18,1.1422038119223572e-16,6.245547937112397e-17,5.682885960795965e-17,0.0,5.626619763164322e-18,8.439929644746482e-18,6.189281739480753e-18,7.427138087376904e-17,6.189281739480753e-17,1673.267587062008,1063.1152105553829,1962.428739759888,2123.973589231387,1196.9063465374254,1382.9548216517978,-371.7033245496443,-941.4570457277696,77043.81336277311,8.560423706974791e+23,8.033457158120574e-22,8.695901408057573e-22
5.86499e-06,203084.0,6.76948,3e+22,7555.51,9779.77,72591.3,4.49557,4.48869,4.52388,-0.000973749265,-0.000143729063,0.459051088,0.0216162944,0.0221907281,0.224337003,6.54134476e-05,-0.000404891562,4.02062017e-05,2331.37408,-1322.22252,796.827043,1187.8526,1821.07275,-38.0526566,3634.18769,3891.03215,33603.8264,29700.0,203084.460253,6.769482008,-270.0,30000 3000,1e-06,2,0.0 0.0259,0.0 0.0,-1.0 0.0,0.00054857 28.0,30000,1000,0,0.0,0.0 0.0 0.0,1000 1000000 0,0,0.0,0,100,0,,90,,1,,,10,1.0,10.0,0.1,True,{},,,False,3,mixed,250,300,True,Ar_Aubin,,False,uniform,Argon_Aubin_Model3-test/90Td,3.0000000000000005e+21,8.065700000000001e+23,6.977008506323757e-17,2.163114581610181e-13,2.157763666215412e-13,4.501295810531457e-18,3.3759718578985926e-18,2.2506479052657284e-18,0.0,5.626619763164321e-19,2.813309881582161e-18,5.626619763164322e-18,3.938633834215025e-18,1.6879859289492963e-18,5.626619763164321e-19,1.6879859289492963e-18,3.3759718578985926e-18,2.306914102897372e-17,5.063957786847889e-18,3.3759718578985926e-18,1.1253239526328642e-18,3.3759718578985926e-18,8.439929644746482e-18,5.063957786847889e-18,1.5191873360543668e-17,1.9693169171075125e-17,1.2378563478961506e-17,9.565253597379346e-18,1.1647102909750145e-16,5.626619763164322e-17,6.583145122902256e-17,0.0,1.1253239526328642e-18,6.751943715797185e-18,4.501295810531457e-18,7.764735273166763e-17,6.977008506323759e-17,1626.710913744936,2338.7312523092,1797.5898603443472,1822.4783871784555,1116.1048534066533,280.71115566559456,130.4848887334264,1033.3353721255148,74545.61106778542,8.282845674198381e+23,9.359382003025585e-22,9.611356328270408e-22
5.88473e-06,203415.0,6.78051,3e+22,5631.13,-3533.3,72434.6,4.59718,4.49031,4.44345,-0.000964823224,-9.53476384e-05,0.460543584,0.021705128,0.0222610419,0.225756399,5.64464744e-05,-0.000395881308,5.99345396e-05,1273.22155,1199.96112,-160.865965,-95.0098244,295.545852,-588.271321,3398.76147,-2162.55343,34680.5595,29800.0,203415.357809,6.780511927,-270.0,30000 3000,1e-06,2,0.0 0.0259,0.0 0.0,-1.0 0.0,0.00054857 28.0,30000,1000,0,0.0,0.0 0.0 0.0,1000 1000000 0,0,0.0,0,100,0,,90,,1,,,10,1.0,10.0,0.1,True,{},,,False,3,mixed,250,300,True,Ar_Aubin,,False,uniform,Argon_Aubin_Model3-test/90Td,3.0000000000000005e+21,8.048288888888891e+23,4.6138282057947436e-17,2.1649207265541565e-13,2.1598905284858882e-13,7.87726766843005e-18,3.3759718578985926e-18,1.6879859289492963e-18,0.0,1.6879859289492963e-18,6.189281739480753e-18,2.813309881582161e-18,3.3759718578985926e-18,0.0,1.1253239526328642e-18,1.1253239526328642e-18,5.063957786847889e-18,1.5191873360543668e-17,7.314605692113617e-18,1.6879859289492963e-18,2.2506479052657284e-18,5.063957786847889e-18,7.314605692113617e-18,5.063957786847889e-18,1.350388743159437e-17,1.1253239526328644e-17,1.1815901502645076e-17,1.294122545527794e-17,1.2997491652909583e-16,5.795418356059251e-17,5.907950751322538e-17,0.0,4.501295810531457e-18,7.87726766843005e-18,5.063957786847889e-18,6.47061272763897e-17,4.613828205794744e-17,2249.686130263213,1278.654595001363,1780.6234459068248,295.2089601892413,1187.6153422386803,1321.2692103935988,321.7000703862014,714.4012971312304,75579.36741039377,8.397707490043753e+23,6.104613420143874e-22,6.369646834240464e-22
5.90448e-06,203495.0,6.78317,3e+22,-2718.45,226.979,78587.7,4.50396,4.48847,4.53875,-0.000946635627,-5.23900869e-05,0.462032307,0.0217691369,0.0223259164,0.227177603,6.65576066e-05,-0.000390921436,7.0206197e-05,1455.54584,-789.049014,-148.976355,-409.602311,1112.96416,-100.188586,-2762.05457,213.87795,37315.7723,29900.0,203495.042437,6.783168081,-270.0,30000 3000,1e-06,2,0.0 0.0259,0.0 0.0,-1.0 0.0,0.00054857 28.0,30000,1000,0,0.0,0.0 0.0 0.0,1000 1000000 0,0,0.0,0,100,0,,90,,1,,,10,1.0,10.0,0.1,True,{},,,False,3,mixed,250,300,True,Ar_Aubin,,False,uniform,Argon_Aubin_Model3-test/90Td,3.0000000000000005e+21,8.731966666666668e+23,5.79541835605925e-17,2.1669012967107908e-13,2.16183171230418e-13,3.3759718578985926e-18,2.813309881582161e-18,1.1253239526328642e-18,0.0,0.0,4.501295810531457e-18,5.626619763164322e-18,1.6879859289492963e-18,1.6879859289492963e-18,6.189281739480753e-18,1.6879859289492963e-18,2.813309881582161e-18,1.4066549407910804e-17,5.626619763164322e-18,2.2506479052657284e-18,2.2506479052657284e-18,3.938633834215025e-18,9.565253597379346e-18,4.501295810531457e-18,1.57545353368601e-17,1.294122545527794e-17,8.439929644746482e-18,7.314605692113617e-18,1.1028174735802071e-16,6.30181413474404e-17,6.47061272763897e-17,0.0,7.87726766843005e-18,5.063957786847889e-18,7.314605692113617e-18,7.258339494481974e-17,5.795418356059251e-17,1621.5720764066032,1452.9724583797818,1642.7693380126968,1112.9760514495345,1208.8693150204024,1005.7159671761037,-101.6351963394352,-1580.6252833718622,75388.30428309395,8.376478253677108e+23,7.687423680862509e-22,7.374459815033714e-22
5.92423e-06,203221.0,6.77403,3e+22,-749.235,1203.48,65573.1,4.48186,4.52256,4.51918,-0.000944351232,-5.02101731e-05,0.463502332,0.0218473579,0.0223761362,0.228577068,5.27142199e-05,-0.000385142789,7.81817649e-05,2836.54441,-393.401213,-1055.10113,-283.174783,1803.02397,-186.915785,-86.205483,1506.34361,31202.0736,30000.0,203220.864379,6.774028813,-270.0,30000 3000,1e-06,2,0.0 0.0259,0.0 0.0,-1.0 0.0,0.00054857 28.0,30000,1000,0,0.0,0.0 0.0 0.0,1000 1000000 0,0,0.0,0,100,0,,90,,1,,,10,1.0,10.0,0.1,True,{},,,False,3,mixed,250,300,True,Ar_Aubin,,False,uniform,Argon_Aubin_Model3-test/90Td,3.0000000000000005e+21,7.285900000000001e+23,6.133015541849109e-17,2.1672895334744487e-13,2.1621580562504434e-13,6.751943715797185e-18,5.626619763164321e-19,2.813309881582161e-18,0.0,5.626619763164321e-19,4.501295810531457e-18,5.063957786847889e-18,2.2506479052657284e-18,1.1253239526328642e-18,1.1253239526328642e-18,4.501295810531457e-18,2.813309881582161e-18,1.8005183242125827e-17,7.314605692113617e-18,1.1253239526328642e-18,4.501295810531457e-18,1.6879859289492963e-18,1.2378563478961506e-17,3.938633834215025e-18,1.9130507194758692e-17,1.9130507194758692e-17,1.350388743159437e-17,8.439929644746482e-18,1.1478304316855216e-16,5.964216948954181e-17,5.007691589216247e-17,0.0,5.063957786847889e-18,5.626619763164322e-18,2.813309881582161e-18,7.258339494481974e-17,6.13301554184911e-17,1980.6485856599809,2835.8368690046923,1271.560399336713,1803.0843969391224,985.0902474240362,808.7888335307944,309.47884925972926,-732.1104055129208,74441.44545611278,8.271271717345866e+23,8.238710981861375e-22,9.352944335175718e-22
