237656 , 738025 , -895028
392191 , 875499 , -975908
-770768 , 159882 , -971779
-54609.6 , 688059 , 665707
-662955 , 156863 , 1.73289e+06
-1.1078e+06 , 957734 , -418491
644018 , 835045 , -104000
451728 , 397680 , 1.60334e+06
136284 , -1.01339e+06 , -877437
-752522 , -343424 , -972543
-1.07774e+06 , 456984 , 842528
1.44992e+06 , 762981 , -783136
972567 , -1.02798e+06 , 457906
236291 , -1.41331e+06 , -870336
-1.27132e+06 , 1.50139e+06 , -1.42785e+06
1.59303e+06 , -465563 , -616689
1.03482e+06 , -1.01171e+06 , 937051
632144 , 1.0432e+06 , 905485
-122854 , 1.22632e+06 , -1.14847e+06
466974 , 1.14069e+06 , -1.31023e+06
265372 , -770068 , -728825
-513.4 , -2.05161e+06 , -754400
330555 , -663535 , 90428.9
-972876 , -313132 , 868709
-237190 , 125620 , -1.98782e+06
-147798 , 1.63525e+06 , 896865
-746064 , 1.03776e+06 , -505142
-140810 , 165406 , 867566
-1.22994e+06 , 1.74749e+06 , 590907
-822382 , -659063 , -1.86187e+06
945972 , 591606 , 338735
813845 , -262341 , -302347
171545 , -262920 , -5255.87
1.09193e+06 , 965254 , -151169
-711586 , 298857 , 1.91512e+06
-410673 , -881401 , -920848
1.05561e+06 , -1.00235e+06 , 63233.2
719681 , 615855 , 23395
392576 , -245819 , 1.58523e+06
347897 , 1.37255e+06 , -852026
-1.21659e+06 , 24473.7 , -1.05959e+06
-1.40408e+06 , 235760 , -148497
1.21488e+06 , -358095 , 345318
-1.555e+06 , -2266.55 , 342496
1.04056e+06 , -1.26881e+06 , 659297
-166603 , 1.23448e+06 , 448983
-397923 , 833798 , -352618
117172 , 987225 , -594663
-706551 , -983866 , 1.27435e+06
1.41768e+06 , 1.90899e+06 , -314101
928025 , 41044.6 , 463699
879018 , 977126 , 769087
128969 , 256874 , 1.15138e+06
93898.4 , 2.05409e+06 , -382244
194753 , -756592 , 478494
-453482 , -1.51577e+06 , 1.3862e+06
-600443 , -804341 , -551733
-2.2496e+06 , -6470.75 , 678339
606286 , 230598 , 1.35397e+06
1.0246e+06 , 346473 , -110655
-240780 , -946952 , 1.45153e+06
-122254 , -820196 , -329886
-1.27608e+06 , 567246 , 1.41669e+06
715289 , -355660 , -1.20286e+06
493437 , 1.15857e+06 , -202829
-1.87343e+06 , -408688 , -808804
832108 , 805053 , -592965
1.99372e+06 , 932239 , -857834
1.22948e+06 , -72025.9 , -767429
-140889 , -1.22588e+06 , -843646
500497 , -273143 , 284487
-1.39809e+06 , -470017 , -1.01672e+06
191806 , 18915.3 , -921715
-158749 , -579698 , 1.68912e+06
984013 , 604529 , -1.62488e+06
-587112 , -858823 , 33261.3
150495 , -446996 , -1.46026e+06
-1.17497e+06 , -763497 , 480874
-136768 , -975012 , 595409
1.8112e+06 , -735184 , 651973
-276890 , -128553 , -1.6037e+06
-1.3121e+06 , 564069 , -1.0566e+06
-1.24065e+06 , -703247 , -692575
-622936 , -495626 , 859675
-669323 , 435596 , 24648.8
-285173 , -1.31081e+06 , 104585
795188 , -1.24187e+06 , -1.39317e+06
-444661 , 382554 , -1.32785e+06
921713 , 891938 , -775901
-376827 , 1.05724e+06 , 677347
462379 , -1.18457e+06 , 113922
-1.07574e+06 , 342476 , 241063
-92120.3 , 958573 , -1.32271e+06
651296 , -942047 , -73239.2
-1.09676e+06 , 971716 , 275588
339764 , -631152 , -978729
1.0043e+06 , -1.39261e+06 , 166951
1.03216e+06 , -1.31958e+06 , -510746
117586 , -1.18403e+06 , -13062.2
1.12578e+06 , 1.0615e+06 , -806373
317462 , 899978 , 500785
1.62662e+06 , 94019.9 , -48402.2
875778 , 981543 , 532736
2.15288e+06 , -820250 , 152489
-2.26298e+06 , -739336 , -326401
-1.21448e+06 , 1.59397e+06 , -111763
-434139 , 303988 , 965065
1.17832e+06 , 311602 , -195686
247129 , -389490 , -1.12764e+06
235102 , -808324 , 625306
-667319 , 995638 , -726195
1.2619e+06 , 293207 , 756823
887612 , -376059 , -1.64417e+06
-252991 , 1.08764e+06 , 1.21715e+06
618238 , 161559 , -284521
-1.29944e+06 , 465122 , 1.66096e+06
332349 , -1.34816e+06 , -1.11253e+06
-1.5223e+06 , -6894.55 , -1.2173e+06
230278 , -563635 , 1.5374e+06
908005 , 185511 , -496646
1.53271e+06 , -407901 , 391120
40140.6 , -275078 , -1.78584e+06
-586707 , 1.68779e+06 , -979032
-335210 , -593000 , -1.16257e+06
423115 , 1.13387e+06 , 1.43157e+06
-551602 , -1.14229e+06 , -349833
16065.8 , 1.123e+06 , -337610
581287 , 1.7769e+06 , -793004
433161 , 500939 , -228739
-276943 , 379848 , -1.7051e+06
854115 , 1.38344e+06 , -234943
384355 , -1.10103e+06 , -1.27424e+06
-1.52238e+06 , 614388 , 287897
484304 , -221224 , 1.59632e+06
983.357 , 647563 , -753032
-218642 , 401462 , -43661.2
630013 , -734588 , 828858
492366 , 1.2156e+06 , -1.15451e+06
1.47154e+06 , 417765 , 1.36515e+06
439175 , -1.25974e+06 , 4978.57
-445488 , 1.3877e+06 , 1.58053e+06
-297514 , -1.07917e+06 , -470906
1.47154e+06 , 1.07104e+06 , 1.11057e+06
872239 , -688079 , -1.78645e+06
155567 , 1.85977e+06 , 1.43553e+06
-1.65528e+06 , -219639 , 780727
-17473.4 , -783924 , -908012
899352 , 756870 , 992544
-1.45766e+06 , 913577 , -626696
-1.37027e+06 , 233306 , 344677
25474.9 , 185358 , -175116
-301973 , 213504 , 1.99568e+06
1.33556e+06 , -145256 , 1.04354e+06
261845 , -255077 , -145604
335102 , -77297.3 , -1.48915e+06
-934324 , 195133 , -703644
-1.37075e+06 , -667691 , -317520
-894939 , -471158 , 1.30804e+06
1.41717e+06 , 57922.7 , -1.12241e+06
-368837 , -1.38684e+06 , 955417
1.34085e+06 , 999764 , -541604
-1.39382e+06 , -1.07197e+06 , 174699
39670.9 , -185879 , 731149
-1.34423e+06 , -406297 , -882059
611297 , 39.3296 , 14535.3
-1.70988e+06 , -671578 , -973690
1.45542e+06 , -782679 , 1.91176e+06
-575649 , 1.99705e+06 , 3641.33
96754.8 , 1.16468e+06 , 27477.6
-1.83774e+06 , 131581 , -345590
-294866 , 145779 , 577804
532393 , 120977 , 2.26178e+06
1.02827e+06 , -621042 , 893135
-168310 , -362842 , -885713
820470 , -1.65798e+06 , 966404
-820906 , 726977 , -1.24614e+06
-803759 , 746400 , 436123
287017 , 2.32896e+06 , -541176
747462 , 2.05533e+06 , 806960
249232 , 263273 , 1.67963e+06
-254766 , -2.42328e+06 , 746678
590237 , -555164 , -938152
1.85129e+06 , 700606 , 381584
-1.42949e+06 , 547284 , -864238
783570 , -963295 , 1.37299e+06
-1.20322e+06 , 896572 , 1.11546e+06
995199 , -769879 , -830134
-195503 , 339743 , -1.24955e+06
878752 , -664970 , -752000
-1.73648e+06 , -368267 , 556186
1.06868e+06 , -452489 , -277839
-793695 , -1.07781e+06 , -1.52193e+06
1.17125e+06 , -1.18777e+06 , -938517
-858965 , -595683 , 442634
145674 , -609316 , 680937
-881293 , -903572 , 530027
-707747 , 875099 , 345821
1.2659e+06 , -138086 , 713788
-1.89266e+06 , -51120 , 593518
-94099.4 , 171551 , 1.2857e+06
-989214 , -1.05405e+06 , 886476
94927.9 , -784798 , 1.22308e+06
-1.12382e+06 , 395121 , -854649
511680 , 85556.3 , 681968
-685117 , -731380 , -61113.7
-123105 , -251003 , -561027
578075 , -922861 , -636578
8257.88 , 442127 , 1.51868e+06
-1.4288e+06 , 49859.1 , -1.42568e+06
1.2381e+06 , 1.15081e+06 , 627508
-173048 , 557561 , -267637
1.14022e+06 , 144103 , 100256
-993408 , 675283 , 862096
829498 , 294813 , 461289
62033.3 , 411228 , -665767
72828.9 , -204687 , -1.966e+06
909417 , 1.07336e+06 , -564248
-291121 , 622315 , 450697
448648 , -1.23354e+06 , -862240
-21298.3 , -388776 , 1.60159e+06
145995 , -555493 , 1.90876e+06
451927 , 1.25261e+06 , -814813
-737854 , -606821 , -1.06784e+06
-45396.9 , 471700 , 1.52221e+06
-178655 , 1.59206e+06 , 1.05032e+06
-826075 , -889457 , -769023
330611 , -1.20298e+06 , 183684
205872 , 300488 , -134567
716461 , 1.06775e+06 , -784066
1.091e+06 , -515322 , -394952
1.08274e+06 , 782777 , 1.47863e+06
160393 , -1.05767e+06 , 319396
273879 , -934239 , -1.2047e+06
2.01413e+06 , 967151 , 233499
-161884 , 226365 , 289534
745040 , 62482.9 , -202324
-710080 , 385419 , -402130
962712 , -198314 , 257757
489688 , -846149 , -36760.9
382058 , 79568.9 , 673549
464840 , 956844 , 530226
-644437 , 997350 , -1.00426e+06
200328 , 987083 , -605600
-873393 , 663720 , 754918
-1.66169e+06 , -215363 , 722242
476536 , 1.27692e+06 , -323595
-818676 , -660820 , 271558
-590129 , 1.08135e+06 , 1.31313e+06
-668405 , 1.3325e+06 , 1.79218e+06
1.13672e+06 , 949807 , -491560
548918 , -355239 , 843198
565127 , 594483 , -886496
1.13176e+06 , 1.74822e+06 , 351864
-1.16214e+06 , 674246 , -184043
-406868 , -758141 , 1.41294e+06
-6381.68 , -2.12669e+06 , 42542.3
-166900 , 209015 , 2.3964e+06
-1.59643e+06 , 31900 , -787472
1.24981e+06 , -524847 , 1.31297e+06
55653.7 , -349777 , 1.33935e+06
469349 , -907316 , 668810
-1.52461e+06 , 144618 , -97981.4
1.46596e+06 , -163778 , 1.07337e+06
71677.1 , -45901.9 , -741089
-154360 , -1.00385e+06 , -876199
129838 , -275063 , -570747
-5594.05 , -1.60476e+06 , -1.73089e+06
-336892 , 881307 , 773182
-1.03643e+06 , -1.75853e+06 , 294440
-23736.5 , 244712 , 886783
-681625 , -690804 , 1.85686e+06
-624849 , -814327 , 394567
-863239 , -23638.8 , -1.40004e+06
300834 , 711235 , 584733
-1.35681e+06 , 1.24194e+06 , -1.18752e+06
-1.67049e+06 , 869901 , 961279
281595 , 169215 , -693881
810225 , -588307 , -1.19464e+06
1.07056e+06 , -1.13196e+06 , -205040
-249255 , -1.4879e+06 , 740380
-13465.7 , -1.08013e+06 , -1.3507e+06
1.26935e+06 , 65794.4 , 712121
87842.9 , -685856 , 1.08567e+06
1.12075e+06 , -737783 , 796414
521503 , -857419 , 1.66934e+06
-344323 , 267029 , 15756.8
-451423 , 577774 , 808881
1.31333e+06 , 355138 , 766157
1.10023e+06 , -1.07621e+06 , -46786.6
-938599 , 1.15947e+06 , 865021
-581146 , -558813 , -1.43003e+06
12277 , -1.1328e+06 , 593653
1.01712e+06 , -2.19505e+06 , -113168
-650708 , -1518.29 , -1.24292e+06
1.22837e+06 , -386812 , 370636
-657342 , 330388 , -7821.63
-857874 , 756673 , -1.03322e+06
-793385 , -290729 , -1.43229e+06
-1.19176e+06 , 353750 , 192009
396229 , 1.06535e+06 , -1.08349e+06
-515392 , 194837 , -999558
-1.10194e+06 , -928980 , 216975
268964 , -661658 , 128689
-1.0797e+06 , -1.12548e+06 , -1.15534e+06
-614708 , 1.56456e+06 , -992741
-436282 , 378075 , 1.10568e+06
1.3497e+06 , 904963 , 472839
1.85702e+06 , 174790 , 121963
-76120 , 452159 , 1.18687e+06
271863 , -695561 , 890074
1.676e+06 , 931699 , 155432
1.07198e+06 , -1.05845e+06 , -1.02934e+06
680379 , 38808.6 , -1.78267e+06
125561 , 1.10581e+06 , 741451
-903520 , -1.02287e+06 , 615160
469960 , 522824 , -1.04708e+06
-1.25238e+06 , -432265 , -251807
-1.90793e+06 , -467469 , 121907
973483 , 1.0174e+06 , 1.22033e+06
-981061 , -40153.3 , -959177
-764137 , -140025 , -756119
1.56869e+06 , -10505.4 , 503695
-100043 , -655782 , -865319
1.57421e+06 , 93565 , 560803
1.36689e+06 , -428218 , 232773
-575090 , -1.79391e+06 , -428208
-786872 , 2.13861e+06 , -245059
832196 , -1.23751e+06 , 912547
-1.58869e+06 , -186431 , -430990
-528762 , 427956 , -623346
-893390 , 260346 , 1.44333e+06
95513.4 , 977989 , 1.63082e+06
-1.03114e+06 , 513338 , -241789
-1.58436e+06 , 843347 , -404565
-417818 , 1.09988e+06 , 324208
272803 , 248799 , -146270
821356 , -1.9825e+06 , -874187
-250029 , -1.07808e+06 , -987172
-728615 , 17005.6 , 804302
-893913 , -492250 , 207402
704255 , -288170 , -804180
-1.04773e+06 , 392174 , -691594
-206632 , -1.33689e+06 , 1.69094e+06
-1.18994e+06 , -156536 , -1.27317e+06
181753 , 1.22899e+06 , -1.65271e+06
338897 , -1.20709e+06 , -2.18029e+06
113672 , -12451.1 , -683782
-509423 , -44101.6 , -263080
-1.47138e+06 , 766980 , -722963
-1.42326e+06 , 757659 , -435143
-561124 , -993902 , -1.06184e+06
808475 , 1.5098e+06 , -1.54017e+06
-1.14679e+06 , -559710 , -1.11349e+06
805748 , -1.5978e+06 , 396871
-72091.8 , -874467 , -1.75036e+06
6418.2 , -1.14431e+06 , -1.14693e+06
647211 , -1.19492e+06 , 11895.4
-1.06781e+06 , 276772 , -208486
-766854 , -1.59653e+06 , 235071
-851379 , 456019 , -837682
-358528 , 1.67576e+06 , -26357.4
1.10003e+06 , 855438 , 1.01467e+06
-1.95985e+06 , 613314 , 759674
-1.50656e+06 , 303454 , 1.27702e+06
-574955 , -675644 , -654873
1.31757e+06 , -547000 , 226386
130654 , 1.22069e+06 , 2.17086e+06
527463 , -2.14468e+06 , -587959
-671317 , -514746 , 1.43924e+06
259911 , -319356 , -1.47269e+06
-613222 , 1.1668e+06 , -1.10689e+06
-1.08755e+06 , -126265 , -138275
756824 , -990243 , -1.00787e+06
-1.29419e+06 , 213916 , -871437
-757099 , -492828 , -954906
159209 , -695281 , 1.37046e+06
-1.92321e+06 , -1.18321e+06 , -366632
759124 , 61546.8 , 850169
1.42189e+06 , -87139.1 , 18327.8
292763 , -181880 , -159346
599845 , -316491 , -144477
1.11201e+06 , 440951 , 720394
113553 , 715738 , 641810
-513773 , 168415 , -1.04034e+06
-207873 , 704273 , 1.04799e+06
89454.4 , -466109 , -1.31896e+06
741631 , -1.02506e+06 , 381481
1.53393e+06 , 251337 , 604248
347572 , -872573 , 1.38776e+06
1.16432e+06 , 146225 , 1.42344e+06
1.56592e+06 , 413389 , -600676
-192877 , -1.03176e+06 , 1.07416e+06
273820 , 692711 , -1.15553e+06
432274 , -1.26946e+06 , 421195
-499466 , 265423 , -1.44791e+06
-1.58534e+06 , -78002.6 , 729378
1.1207e+06 , 56251.7 , -1.16854e+06
186306 , 67307.7 , -1.87658e+06
-531648 , -499424 , 651019
977769 , -154687 , -1.77531e+06
-285894 , 1.07283e+06 , 1.07791e+06
880437 , 504169 , 399660
-476041 , -1.18439e+06 , -462317
-1.3368e+06 , -1.3965e+06 , 318375
-542318 , 700534 , -746598
1.53426e+06 , -513809 , 689153
1.13442e+06 , 270566 , 60594.5
617905 , -1.27443e+06 , 174539
-32013.7 , -358932 , 748638
-1.66409e+06 , 305300 , -125780
1.31788e+06 , 770925 , 940729
-532184 , 1.08078e+06 , 653202
-1.2393e+06 , 908676 , 675803
242258 , -374772 , 2.5477e+06
-303770 , 266369 , 375417
369002 , -1.16811e+06 , 474884
163049 , 15139.6 , 1.54558e+06
2.269e+06 , -1.00702e+06 , -208725
350165 , 757614 , -34147.5
161976 , -2.10988e+06 , -587625
1.00498e+06 , -1.09716e+06 , -1.39957e+06
1.09588e+06 , -1.62916e+06 , -431012
113000 , 888170 , 392345
-208357 , -1.81681e+06 , -266094
942580 , 501214 , -260276
682406 , -1.29954e+06 , 1.26353e+06
234384 , -1.57292e+06 , 519602
-1.70892e+06 , -523929 , 1.10053e+06
148017 , 247335 , 668699
180285 , 776545 , 909237
754625 , -492811 , -980168
-546977 , -575911 , -3049.72
-652547 , 1.10936e+06 , -1.05257e+06
1.69947e+06 , 831802 , 1.21682e+06
635974 , 1.43579e+06 , 734832
-247687 , 1.03149e+06 , 1.19191e+06
-1.17509e+06 , -419770 , -177792
424259 , -732855 , -538182
-474983 , 1.5973e+06 , -967060
199125 , -847506 , 791689
913167 , 628042 , 1.09368e+06
1.35788e+06 , 107569 , -184419
1.66152e+06 , 1.18042e+06 , 211450
-1.67057e+06 , -198240 , 652167
-777063 , -49201.7 , -535355
-343293 , -1.67037e+06 , -506999
555978 , -703277 , -967277
823456 , 625715 , 748982
1.15153e+06 , -143728 , -726411
-119814 , -825062 , -1.21217e+06
862202 , -397123 , -750239
1.0999e+06 , -1.88862e+06 , -131863
241761 , 1.14467e+06 , -822129
232930 , -1.13671e+06 , 942274
189069 , -1.06857e+06 , -511188
641747 , -129377 , 574060
1.05286e+06 , 1.22751e+06 , -1.11699e+06
-1.00791e+06 , 705480 , 2.33381e+06
-915771 , 94200.7 , -1.58979e+06
22935.9 , 1.64606e+06 , 558483
1.61491e+06 , -160346 , -716108
-99504 , -447298 , 142417
1.16534e+06 , -1.14743e+06 , -4692.34
71601.9 , 1.03769e+06 , -329215
790060 , 819463 , -1.32206e+06
573024 , -7420.93 , 316241
935605 , -33961.4 , 1.06959e+06
458977 , 132764 , -83005.8
300093 , -1.19942e+06 , 153954
-1.07162e+06 , -845747 , -1.20268e+06
-93580 , 730168 , -330848
44685.2 , 1.50933e+06 , 26988.3
1.16089e+06 , -1.00365e+06 , -458164
1.99392e+06 , 37056.1 , 452541
1.03404e+06 , 398264 , 1.57008e+06
112548 , 231351 , 681876
-401248 , 68192.4 , -973444
-1.92648e+06 , -586886 , 1.11052e+06
-586850 , -1.02584e+06 , 316197
102776 , 459213 , 206706
-94248.5 , 636233 , 697063
-326327 , -508306 , 1.76977e+06
915571 , 748731 , 577282
1.49931e+06 , 431431 , 403990
694508 , 116482 , 1.64749e+06
896655 , -266178 , -739539
-474229 , 921559 , -1.07682e+06
-1.11258e+06 , -304522 , -580002
-41756.7 , 1.02632e+06 , -1.40796e+06
-138333 , 1.21152e+06 , 1.35702e+06
1.06636e+06 , -568608 , 1.15965e+06
-970977 , -508445 , 1.57225e+06
682227 , -538539 , -1.34914e+06
-563592 , 711281 , -1.53939e+06
628474 , 680935 , 885863
79527.1 , -342370 , 490405
-1.20067e+06 , -742296 , 377770
1.40059e+06 , -225944 , 958262
67800.1 , 509348 , 48954.2
607443 , 1.01603e+06 , -1.7676e+06
136823 , -366060 , 1.53413e+06
-328548 , -775578 , -876605
652353 , -1.13015e+06 , 977815
57635.4 , -2.10491e+06 , 547134
-1.5569e+06 , -909931 , 1.20156e+06
537843 , -332171 , 850730
-315604 , 576892 , 1.63303e+06
196262 , 72863.5 , -138152
-148893 , 348521 , -841850
1.14989e+06 , 145064 , 643194
424010 , -1.22493e+06 , 249534
692112 , 1.20086e+06 , -148919
552144 , 572401 , 279637
-1.24261e+06 , 1.36837e+06 , 1.08917e+06
-1.30842e+06 , -1.16823e+06 , 407788
-133903 , 1.88939e+06 , -81035.3
135233 , -2.03479e+06 , 264008
474476 , -261310 , 1.13511e+06
82604.1 , -26767.2 , 1.13402e+06
548966 , 922500 , -162388
-1.82503e+06 , -618652 , 96773.4
-742805 , 12605.5 , 1.15663e+06
-322299 , -2.38512e+06 , 647763
-1.1358e+06 , -1.28886e+06 , 402345
728767 , -69697.8 , -827011
97292.9 , 1.78767e+06 , -1.04517e+06
316610 , 1.1405e+06 , 20335.3
-116827 , 1.98139e+06 , 693691
-178303 , -1.17467e+06 , 374913
1.19554e+06 , 856326 , 641953
-954168 , -1.58708e+06 , 1.17673e+06
1.72524e+06 , 1.17257e+06 , 555323
-1.21571e+06 , -295165 , 1.07826e+06
-1.19249e+06 , 1.39212e+06 , 256145
251712 , -832521 , 1.41245e+06
-282118 , -1.66368e+06 , -146429
1.41206e+06 , -523499 , -332279
-921630 , 241365 , 403132
-235721 , 711443 , 1.0543e+06
-348492 , 1.36848e+06 , 205596
-246226 , 625630 , -867345
-853450 , 211275 , -884773
-963544 , 842743 , 330661
-1.26668e+06 , 389770 , 1.62297e+06
360780 , 68280 , -96435.4
1.26803e+06 , 58083.4 , 1.60063e+06
451677 , -812372 , 1.17959e+06
-285680 , -1.60971e+06 , -1.16805e+06
-517896 , 511411 , 17478.8
-1.99236e+06 , -765768 , -56667.7
2.00611e+06 , 700831 , -410628
828306 , 1.20454e+06 , 383015
-81841.5 , -429393 , 590985
586955 , 595835 , 1.42664e+06
-2.15374e+06 , -67223.9 , -193044
-56248.1 , -451483 , 1.10823e+06
-2.2725e+06 , 1.28789e+06 , 487583
-1.19449e+06 , -379884 , 168915
200929 , -1.26425e+06 , -216130
-792905 , -618690 , 801866
-950674 , 572716 , -279769
519007 , 769470 , 35106.7
-54389.1 , -229868 , -1.01592e+06
-2.03581e+06 , -284981 , -465585
314562 , -577009 , 407708
-1.1582e+06 , 992224 , -837760
198663 , 1.07601e+06 , 1.9372e+06
196426 , 1.20976e+06 , 1.21886e+06
1.5879e+06 , -224606 , -914403
1.17373e+06 , -296190 , -1.4517e+06
-743785 , -102201 , -1.74439e+06
-656755 , 304921 , -533592
-133698 , -1.27791e+06 , -1.1496e+06
736580 , 247699 , -1.17408e+06
227864 , -970155 , 1.2745e+06
-476170 , -539482 , 378753
491540 , -1.30601e+06 , 957083
180064 , 822776 , 811602
183694 , -886199 , 1.80748e+06
-451328 , -1.74011e+06 , 99694.1
898043 , 1.13748e+06 , 921122
900651 , -293042 , 1.16864e+06
741569 , -77011.3 , 766259
1.0351e+06 , 837920 , -27297.8
491872 , -447774 , 1.49951e+06
133687 , -365353 , -983211
956351 , -46303.7 , 780919
-479927 , -287061 , -373472
181550 , -498644 , 143547
732969 , -460927 , 373515
204565 , -904880 , 904772
-270417 , -727613 , 2.21296e+06
762391 , -2.0676e+06 , -711679
691687 , 1.25685e+06 , 449334
118187 , 839249 , -1.25931e+06
-1.38957e+06 , 697096 , -768529
420279 , 551238 , -1.54354e+06
-793279 , 671999 , 657016
-477930 , 978870 , -984698
853374 , 1.20407e+06 , 1.04398e+06
-956180 , 206874 , 1.87292e+06
-1.48643e+06 , -519889 , 187331
1.43312e+06 , 358146 , -304988
270513 , -846824 , -995651
-881625 , 1.01389e+06 , -1.4485e+06
965754 , 56478.3 , -333244
1.73009e+06 , 1.01618e+06 , 147122
-323156 , 142234 , 1.43482e+06
-870836 , -1.35053e+06 , -117156
-1.97411e+06 , -933811 , 263490
157936 , 1.50354e+06 , 772815
764655 , 32204.7 , 526798
445265 , 442229 , -691693
-507969 , 1.73519e+06 , -266334
-10464 , 1.20888e+06 , 1.26559e+06
1.12537e+06 , -487198 , -1.19502e+06
1.20306e+06 , 405303 , -792785
1.08846e+06 , 883961 , 745265
880018 , 860509 , 468059
1.66059e+06 , 487828 , 639018
798927 , -1.25018e+06 , 1.14999e+06
-1.66838e+06 , 840211 , -1.10125e+06
431756 , 1.27953e+06 , -56362.9
-511789 , -1.49388e+06 , 1.21437e+06
-2.27769e+06 , -396644 , 146457
-958400 , 418744 , 156056
-533234 , 702436 , -62790.1
-816184 , 354738 , -153302
574672 , 1.01364e+06 , -837776
-929487 , 1.16973e+06 , 456258
2.00545e+06 , 336375 , -628263
-238114 , 442452 , -467407
-770380 , 1.17946e+06 , 33549.8
-654106 , 990984 , -551122
-1.13905e+06 , 5057.91 , 10940.9
1.28117e+06 , 789675 , 330672
662878 , 1.15288e+06 , 549736
-227807 , -887473 , 949472
72675.8 , 248105 , 465561
362149 , -867097 , 220418
228091 , -1.19767e+06 , -536010
-604225 , -364730 , 362954
1.07393e+06 , 381532 , 280683
231323 , 1.69635e+06 , 690883
-336307 , -961473 , 729972
1.15899e+06 , -178836 , 114821
496879 , -1.16057e+06 , 474604
-1.11539e+06 , -306879 , -422909
-254343 , -810505 , -1.43442e+06
1.52506e+06 , 1.00593e+06 , -1.22592e+06
-349613 , -715745 , 1.16741e+06
915841 , 215948 , -730993
225720 , 1.91752e+06 , -778517
1.34566e+06 , 1.2149e+06 , 40480
121402 , 1.46014e+06 , -639820
-1.24462e+06 , 334407 , -689464
-1.10253e+06 , 533895 , 749331
-347420 , -812932 , -869602
-2995.42 , -1.15826e+06 , 748588
-273835 , 1.71798e+06 , 866216
1.05761e+06 , 1.15038e+06 , 338788
742712 , -787735 , 948783
1.1571e+06 , 464511 , -778028
-1.21864e+06 , 114278 , 1.2279e+06
109440 , 901917 , -960500
-65480 , 1.61501e+06 , 938567
-1.04008e+06 , 193291 , -428382
413884 , 2.26472e+06 , -169576
-649437 , 1.48828e+06 , 132017
926188 , 487294 , 672688
-1.58107e+06 , -696802 , 867283
-17272.8 , 1.95751e+06 , -71449.4
723971 , 166718 , 1.93304e+06
-976676 , 555840 , 567604
-889711 , -808465 , 556540
957519 , 274121 , 433731
752139 , 1.39525e+06 , 121082
-1.26571e+06 , 577416 , 48250
335380 , 459438 , -259985
-791241 , -670800 , 493237
696606 , -607024 , -1.85824e+06
-5572.98 , 224311 , -1.8775e+06
707832 , 695346 , -1.34656e+06
-1.73953e+06 , 692178 , 16225.4
-1.19478e+06 , -141239 , 513110
1.32265e+06 , -516734 , -1.11878e+06
406088 , -695505 , 2.01816e+06
-676906 , -618284 , 130060
63852 , -976757 , 1.41693e+06
-1.29505e+06 , 1.36072e+06 , 498405
188923 , -1.64552e+06 , -1.05204e+06
-2.34495e+06 , -782891 , 658702
-218057 , 889561 , -425643
-1.37992e+06 , -287056 , -41103.2
-1.22997e+06 , 691874 , -900006
-1.55871e+06 , 844224 , -638022
46579.1 , 1.23071e+06 , -557795
1.92618e+06 , 95061.4 , -301430
322787 , -171656 , -648806
1.11177e+06 , -1.33039e+06 , -1.0125e+06
-849028 , -292845 , 1.81171e+06
-111677 , 175538 , -280965
-1.1587e+06 , 842198 , -922509
930583 , -1.44799e+06 , 1.01595e+06
1.18021e+06 , -814283 , -116532
129360 , 162183 , -1.12232e+06
-532404 , 1.0558e+06 , -59359.4
1.01065e+06 , -1.64596e+06 , 328578
825814 , -947213 , 1907.23
108610 , 693348 , -1.46882e+06
235877 , 278763 , 22276.7
1.15808e+06 , 161539 , 1.0912e+06
485047 , 197489 , 1.75109e+06
1.29164e+06 , 177125 , 276999
103960 , -552581 , -248195
-777518 , 579226 , 1.46249e+06
356591 , -539738 , -544807
265756 , 842895 , -626980
-1.52046e+06 , 656742 , 530247
-625689 , 520177 , 180386
-594720 , 106556 , 965745
351203 , -350601 , -66680.1
874410 , -864754 , 1.04554e+06
1.08096e+06 , -810134 , -61754.4
1.53789e+06 , 356880 , 1.00647e+06
-878238 , -451045 , 77200.3
-276274 , 92715.8 , -1.13979e+06
621122 , 940469 , 1.20311e+06
107178 , 1.98027e+06 , -942151
-379027 , -24693.6 , 346465
743051 , 747288 , 22840.2
-1.43951e+06 , 394090 , 406114
-1.29597e+06 , 182427 , 1.01948e+06
-381369 , 956991 , 1.6385e+06
-254050 , 562715 , 1.39639e+06
-436054 , -308432 , -679617
-1.25468e+06 , 31179.2 , -438471
1.31229e+06 , -450012 , 859384
-1.49588e+06 , 1.06841e+06 , -1.24527e+06
-1.44794e+06 , -463083 , 1.33902e+06
-169806 , 910235 , 977151
-667484 , 1.20925e+06 , 1.00049e+06
-390925 , -283352 , -1.07665e+06
501679 , 2.0855e+06 , 872986
384060 , -1.836e+06 , 736197
-232245 , -24721.3 , 90636.9
-513498 , -1.45692e+06 , 12435
-1.72494e+06 , 521723 , 10315.7
1.38671e+06 , -4456.49 , 1.56258e+06
1.53738e+06 , -284038 , -372269
-696320 , -1.94372e+06 , -318004
509699 , 935617 , 363103
966701 , -563282 , 545094
-1.37691e+06 , -194054 , 594517
1.87773e+06 , -646304 , -813977
-283355 , 1.40132e+06 , 345445
-996552 , -84553.8 , 174614
-508379 , 126138 , 279054
355147 , 1.072e+06 , 1.38814e+06
-370888 , 1.82199e+06 , -885646
-1.0862e+06 , -1.42424e+06 , -84801.9
-767374 , 652931 , 899338
-806640 , -1.42719e+06 , 457534
996949 , 277211 , -62063.5
-1.39753e+06 , 583173 , 400491
721697 , -279224 , 1.28911e+06
1.40654e+06 , 820520 , 72182.4
-1.43075e+06 , 171220 , 462899
533661 , 1.46995e+06 , -689098
-524945 , -586808 , 360486
582052 , -1.69607e+06 , 180191
-587962 , 221889 , 1.331e+06
-265877 , -1.18479e+06 , 1.41708e+06
401510 , -212550 , -1.35953e+06
-867454 , 435082 , -870433
450420 , 1.41841e+06 , -131898
579543 , -782968 , -223124
-732053 , 1.2173e+06 , -974725
-371150 , 759211 , 1.51757e+06
-1.32444e+06 , 425178 , -632283
-339548 , 722476 , 1.37149e+06
539491 , -401629 , -430333
1.07089e+06 , 766782 , 526276
871375 , -753793 , -842287
377195 , -1.33805e+06 , -1.74727e+06
403081 , 93280.8 , -954723
-1.35812e+06 , -864856 , -696545
-2.05988e+06 , -472841 , -807126
778807 , 463079 , -657034
-815952 , 58225.3 , -1.44374e+06
210656 , -1.39342e+06 , 791457
507392 , 447582 , -472522
1.47305e+06 , 477700 , 1.86166e+06
347424 , -1.01066e+06 , 514748
1.58005e+06 , 437835 , -61694.2
-159711 , -303079 , 278466
-615858 , 644065 , -487383
718755 , 1.29447e+06 , 803364
776005 , 178826 , 1.37179e+06
-757497 , -75464.5 , 1.50366e+06
-943359 , -779221 , 29936.8
-194761 , -114867 , 209880
1.18941e+06 , -440518 , 1.0022e+06
716198 , -53591.9 , -324359
-279936 , 239142 , -1.14486e+06
-1.02878e+06 , 1.01046e+06 , 330005
-395767 , 518859 , 207459
-194922 , -574764 , -390745
-1.93395e+06 , 247834 , -1.99043e+06
-1.49418e+06 , -673690 , 1.14764e+06
-394509 , 81987.4 , -1.59291e+06
662683 , 340442 , 155238
1.26946e+06 , -1.04809e+06 , 3272.06
700478 , 237575 , 898335
-95697.8 , -1.57004e+06 , 458721
-159806 , 1.44534e+06 , -30315.1
1.03928e+06 , -379636 , 1.61714e+06
112377 , 591430 , -812436
970336 , 1.05234e+06 , 71068.6
-76655.2 , 28625.6 , -1.49603e+06
202013 , -1.22535e+06 , 2.12112e+06
564785 , 399307 , 475866
-571534 , -143568 , 1.03705e+06
177365 , 374254 , 562501
599615 , 434710 , 152475
552527 , 1.53047e+06 , -843638
-469861 , 17367.3 , -568057
356185 , 769791 , -938194
1.47535e+06 , 669231 , 469374
-1.27431e+06 , 893066 , 802066
-1.03836e+06 , 927118 , 1.03163e+06
-475843 , -76865.6 , -1.01227e+06
663435 , -250683 , 635677
285610 , 563860 , -758243
57133.8 , 43968.9 , 1.49842e+06
-1.84144e+06 , -350561 , 1.1558e+06
1.18951e+06 , -747908 , 687093
-1.14776e+06 , 474654 , 111160
1.79728e+06 , 91149.4 , -1.60557e+06
-1.01055e+06 , 556851 , -988265
-574831 , 1.02247e+06 , -920428
-1.93705e+06 , 115104 , 383048
623219 , 938977 , 833901
936353 , 563241 , 255083
1.29245e+06 , 1.15345e+06 , 306309
-882022 , 2.04717e+06 , 28721.8
1.1946e+06 , -418756 , -113222
515126 , -948344 , -785614
-235114 , 307124 , 1657.62
208161 , -408972 , -187862
817857 , 1.74951e+06 , 739838
1.74264e+06 , -1.1197e+06 , -263120
-98044 , 271214 , 374138
-51980.5 , 987494 , 122184
-419127 , 659379 , 1.20756e+06
-411864 , 154097 , 705606
849169 , -111988 , 409042
-1.50137e+06 , -344825 , 464484
-820872 , -955033 , 580963
907263 , -859723 , -893838
-49312.5 , 149093 , 93061.1
-1.01281e+06 , 179268 , -552070
948766 , 500086 , -1.36504e+06
-1.37843e+06 , 653488 , 1.40095e+06
66123.8 , -780126 , -1.48565e+06
-1.38715e+06 , 287385 , 420066
1.31254e+06 , 567698 , -698221
-800354 , -1.7438e+06 , 305262
-860367 , 282089 , 831836
100263 , -1.21195e+06 , 157719
434956 , -915327 , -284876
378878 , 973106 , -1.53714e+06
-243875 , 1.56044e+06 , -908150
-710920 , 892550 , 131362
-1.0758e+06 , 429659 , -964689
-942546 , -934241 , 443081
11420.7 , 1.13193e+06 , 94190.5
124135 , -821132 , 1.62469e+06
-566342 , 1.71374e+06 , 1.22518e+06
124104 , 864018 , 71860.3
-1.12487e+06 , 475357 , -217828
117613 , 876111 , -1.12745e+06
623869 , 231770 , 1.58145e+06
-570798 , 196549 , -1.03135e+06
-1.48301e+06 , 241277 , -748793
4341.69 , -1.95746e+06 , 438408
-523796 , -532293 , 505778
-1.13125e+06 , 282483 , 957548
-747862 , -795804 , -33022.3
1.10579e+06 , -1.34161e+06 , 1.26057e+06
-2.11795e+06 , -372088 , 241356
-319365 , -989942 , 96070.4
-1.02379e+06 , 919985 , 577123
-38814.6 , -1.32888e+06 , -896454
951505 , -145118 , 630322
-863299 , 956290 , -1.37448e+06
1.77511e+06 , -1.26958e+06 , -101389
-517946 , 707590 , 1.08082e+06
546134 , -480252 , -87064.5
-158289 , -986590 , -1.00152e+06
-1.59398e+06 , 4292.6 , -953624
-42103.5 , 748615 , -1.15824e+06
232246 , -908788 , 693011
-738070 , 1.1663e+06 , -1.04177e+06
1.20983e+06 , -1.428e+06 , -329064
247451 , -507471 , 1.51528e+06
-817585 , -713524 , 910563
-43830.7 , -1.00384e+06 , -1.28123e+06
1.29729e+06 , -200342 , -601540
-903824 , -721925 , 960039
1.96122e+06 , -742449 , 951140
705960 , 1.07892e+06 , 11246.9
405296 , 338688 , -941857
81523.8 , -58038.4 , -2.11308e+06
1.25508e+06 , -583693 , 628905
416416 , -837528 , 1.57712e+06
-602411 , -756223 , -532121
116151 , -672713 , -703547
189205 , -435355 , 269513
257592 , 28428.4 , 1.53312e+06
-1.62594e+06 , -1.05492e+06 , 434480
617059 , -1.01681e+06 , -1.07812e+06
-218810 , -1.56982e+06 , -889871
1.35049e+06 , -931937 , 623345
-168481 , -377530 , -569997
-217739 , 1.53931e+06 , -412479
481527 , -438712 , 993381
-372046 , -682596 , -657150
218200 , 1.30119e+06 , 184196
-170001 , 584084 , 877385
-613049 , -139580 , -875121
-87249.7 , 116924 , -777.116
770083 , 1.49166e+06 , -1.10443e+06
1.33448e+06 , -26334.8 , 76525.9
-161912 , 258795 , -357722
-811006 , -1.14199e+06 , 846232
-592196 , 85950 , 927469
965979 , 950941 , -303652
323467 , 1.2456e+06 , -1.3746e+06
-369246 , 1.62241e+06 , 28887.3
-943803 , 683818 , -1.70466e+06
723109 , -800426 , 866937
545087 , -918203 , 1.70896e+06
-1.78869e+06 , -717314 , 1.30203e+06
157280 , -181375 , 128957
973901 , -1.3343e+06 , 649947
426232 , 1.38835e+06 , 571150
-1.54889e+06 , -315667 , 304290
-91038.3 , 1.71018e+06 , -194097
-808702 , -672557 , -629536
555179 , 821160 , -221.56
470227 , -278330 , -1.20297e+06
-66174.5 , -574521 , -1.01484e+06
167146 , -1.11606e+06 , 558695
-223557 , 1.03864e+06 , 570422
1.03359e+06 , -1.18049e+06 , -1.3529e+06
-321738 , -431540 , 883059
-561959 , 1.70716e+06 , -682760
-431832 , 352572 , 683363
-927741 , 118378 , 1.37392e+06
434643 , 541355 , -306276
1.98515e+06 , 1.00248e+06 , 120685
-638130 , -708547 , 1.01276e+06
-1.59087e+06 , -895951 , 453604
-1.02065e+06 , -545188 , -198270
722821 , 1.55055e+06 , 1.14617e+06
-1.63578e+06 , -1.29018e+06 , -16399.7
370536 , -553465 , 1.86035e+06
-24353.3 , 1.12407e+06 , 840299
389549 , 1.16419e+06 , -437104
-476161 , 52323.7 , -784029
95436 , -86477.2 , -1.6151e+06
-674102 , -602227 , 518061
329327 , 905375 , 948578
680878 , 110087 , 960137
875948 , -1.00884e+06 , -683731
-437342 , -917183 , -663469
1.18883e+06 , -981439 , 1.34675e+06
227642 , -714729 , 320823
353517 , -956871 , 1.18526e+06
-977672 , -1.29717e+06 , -481819
-2.09033e+06 , -332661 , 11365.8
1.06867e+06 , 1.439e+06 , 265824
177482 , 1.00179e+06 , 531265
1.40559e+06 , -349904 , -83874.5
-1.71513e+06 , 78872.8 , 577456
-36006.3 , 715792 , -981664
-1.75877e+06 , -493154 , -780519
670976 , 603893 , 1.12837e+06
-1.46436e+06 , -169448 , 771143
1.35898e+06 , -1.23848e+06 , -100920
-452188 , 474791 , 321307
-150551 , 720697 , 507059
1.02435e+06 , 1.14484e+06 , 1.24773e+06
-1.03738e+06 , -666274 , -664012
1.27393e+06 , -291894 , 488338
1.49862e+06 , 426869 , -315928
-955011 , -867902 , -158730
637459 , -409687 , 210418
1.28115e+06 , -1.37246e+06 , -420787
-1.21506e+06 , 955948 , -159387
313133 , -874190 , 976215
-1.1933e+06 , -224004 , 792899
562389 , 136646 , -1.28157e+06
-257350 , 1.10615e+06 , 59558.6
-776870 , -388819 , 984492
1.51313e+06 , 1.60049e+06 , 751042
-754748 , 404450 , -329254
176053 , 1.39815e+06 , 781361
-469477 , -1.38305e+06 , -171259
-1.36514e+06 , 29161.7 , -990470
-290129 , -28912 , 935961
886745 , -791229 , 158807
-104342 , -499489 , -320217
-85874.3 , 747648 , 1.40261e+06
-318121 , -570027 , 203963
-865736 , -1.27058e+06 , 691664
700884 , 964664 , 170172
401114 , 102380 , 347917
690895 , -390183 , -265531
-53028.2 , 1.68381e+06 , -283851
175385 , -71181.1 , 1.10675e+06
521165 , 1.06653e+06 , 737322
1.57382e+06 , -110297 , 1.37871e+06
-756654 , 547749 , -1.15021e+06
300178 , 917985 , -72988
168545 , 29564.1 , -1.23595e+06
-1.09797e+06 , -267967 , 186341
-326706 , 897626 , 1.5589e+06
-145078 , 577683 , -1.50509e+06
1.5533e+06 , 1.12685e+06 , 1.42568e+06
-275375 , 310864 , -577819
337112 , 350167 , 600515
651098 , 784865 , -1.14035e+06
-603768 , 974703 , 1.92759e+06
-701826 , -1.79305e+06 , 1.01075e+06
-237626 , -405341 , -1.06652e+06
-3209.45 , -79784.3 , -983876
-68114 , -699738 , -901881
27336.1 , -119523 , -331907
-826812 , -890722 , 167251
1.2957e+06 , 482543 , 400042
-1.02121e+06 , -1.25749e+06 , 288568
-1.22722e+06 , -807489 , 1.05071e+06
1.50515e+06 , 396351 , 900820
-88684.6 , 218499 , 509928
7989.22 , 779105 , 1.13007e+06
-169851 , -293493 , 736521
-221983 , 70031.9 , -338486
-141326 , 1.99247e+06 , 754451
-1.2883e+06 , 349975 , 186331
-1.17303e+06 , -1.40807e+06 , 527562
-1.02618e+06 , -143762 , 1.37282e+06
537945 , 376660 , 538842
-194149 , -483272 , 1.20502e+06
262429 , 1.47092e+06 , 69432.6
402734 , 1.17294e+06 , -754783
-134833 , -758836 , 862291
-656788 , 677000 , 1.45547e+06
-770658 , -847622 , 584826
-908271 , 611785 , -591568
451497 , 1.61944e+06 , 479836
324565 , -523967 , 739998
189902 , 7802.37 , -591177
129553 , 1.20017e+06 , -1.2406e+06
-665978 , -392451 , 1.6158e+06
408810 , 423266 , -1.50071e+06
-1.09745e+06 , -1.07695e+06 , 1.45256e+06
759650 , 960712 , 398972
1.24957e+06 , -770714 , 116951
1.42317e+06 , 1.24176e+06 , -552021
1.14187e+06 , -320927 , 244637
369189 , 1.26023e+06 , 70367.5
-65782 , 837412 , 552981
1.89167e+06 , -201353 , 113430
-508435 , -721366 , 1.33857e+06
-1.02176e+06 , 111470 , 1.82049e+06
81652 , 591542 , 818258
-593500 , -656945 , -350962
-1.06198e+06 , 1.23765e+06 , -161494
-346321 , -318847 , 236962
1.33581e+06 , -594001 , 1.03006e+06
-425143 , 772191 , -23355.1
-1.22574e+06 , 853459 , -5375.18
-1.78288e+06 , -1.19768e+06 , -39234
-1.33446e+06 , 273283 , 192758
-392581 , 1.88449e+06 , 286757
1.12054e+06 , -1.99329e+06 , 330087
-1.28552e+06 , -687526 , -215450
331289 , -73132.4 , -1.12283e+06
-616389 , 468381 , -1.34799e+06
1.41121e+06 , -408994 , 980375
364855 , -2.13414e+06 , 648230
1.26354e+06 , 146892 , 328533
415639 , -560509 , -280146
-420512 , 757743 , -1.2884e+06
663933 , 77263 , 1.53927e+06
-27542 , -1.34582e+06 , -234475
-240963 , -661855 , 1.14318e+06
563937 , 751365 , 548097
-1.47042e+06 , -812505 , -63130.9
-655885 , 150226 , 429203
189062 , 160006 , 340528
-181877 , 339906 , 1.9465e+06
-1.01154e+06 , 583013 , -1.01968e+06
1.43215e+06 , -634683 , 348918
-682322 , 1.33386e+06 , -451416
-771174 , -94491.5 , 1.48025e+06
817745 , 205672 , 672710
-134306 , 447235 , -1.07345e+06
154044 , 1.05794e+06 , -565885
-716004 , 1.41526e+06 , -510924
545350 , 847733 , -1.74976e+06
957490 , 254647 , 1.14748e+06
-290483 , 34358.6 , -94758.6
-392279 , 1.29183e+06 , 739031
-1.5454e+06 , 981124 , -68795.9
-127451 , -277164 , -32738.3
-1.41525e+06 , 80872.3 , -545924
549051 , 189621 , 1.20618e+06
38927.1 , 79507.7 , 1.69158e+06
346003 , -709586 , -2.3542e+06
1.82894e+06 , -1.51989e+06 , 21956.5
867013 , 520655 , 848867
50645.4 , -1.15523e+06 , 456318
-820709 , 930476 , -1.11619e+06
-782744 , 2.31378e+06 , 1.27057e+06
309575 , 591055 , -556642
956988 , -368568 , -889683
-911769 , -1.75045e+06 , -440701
-668514 , -1.39241e+06 , -635953
123900 , -801663 , 645938
-62233.7 , 1.05106e+06 , 1.3296e+06
288403 , 1.44711e+06 , -300018
-368249 , -35913.2 , -844859
-380631 , 495659 , 96657.5
-89728.2 , -615868 , 234624
818045 , -1765.88 , 311383
924412 , 2.11972e+06 , -392544
46820.3 , 1.03808e+06 , 674660
-116192 , 931688 , 826755
-1.7122e+06 , 599757 , 507985
-553266 , 1.05448e+06 , 1.10288e+06
489591 , 981643 , -1.93994e+06
-85917.7 , -725313 , -62910.7
532264 , 531271 , -720332
379643 , -1.03307e+06 , 197119
-542443 , -62911.6 , -238681
-737678 , 356815 , -1.35138e+06
-1.22265e+06 , 193621 , -493068
929323 , 739825 , -870328
-1.60892e+06 , 207710 , 786594
-144564 , -600596 , -8354.8
-2.14191e+06 , -747462 , 456597
267820 , 1.12694e+06 , 692267
-842001 , -332506 , 1.36753e+06
668749 , 1.30043e+06 , 1.574e+06
-1.24986e+06 , 393904 , 780266
-580056 , -164577 , 1.71395e+06
-80093.2 , -389686 , 1.80356e+06
-596786 , 386536 , -675497
-1.90631e+06 , 512637 , 347035
1.66389e+06 , 375299 , 837784
2.15203e+06 , -328675 , 681943
-1.15744e+06 , -929773 , -1.69201e+06
1.72393e+06 , 32478.7 , -538058
-157772 , 24728.1 , 874379
-22011.2 , -571988 , 74717.7
-19137.4 , -1.2214e+06 , -1.18433e+06
-316060 , -657442 , 8630.94
-515168 , 1.04123e+06 , 360730
-1.51404e+06 , 797860 , -304489
1.68941e+06 , -758992 , 225252
-250974 , 502417 , -579525
-1.61216e+06 , 1.28537e+06 , -19985.7
923693 , 1.43219e+06 , -380659
-1.44644e+06 , -1.12789e+06 , -181301
-531099 , 1.29962e+06 , 411682
1.38149e+06 , 465735 , 606490
1.15442e+06 , -1.04676e+06 , 218807
2.17159e+06 , -573994 , 446967
-1.30874e+06 , -384007 , 791394
-419535 , -1.17609e+06 , -1.47151e+06
-589004 , -245844 , 130959
224283 , -478679 , 507202
-308076 , -84878.7 , -420511
-458912 , -1.46715e+06 , 553572
-25265.3 , 1.92275e+06 , 707737
1.28503e+06 , -896155 , -259863
-1.14127e+06 , 106483 , -851225
-595887 , -770442 , -907252
524727 , 1.02966e+06 , -577602
102334 , 316619 , -724935
-441639 , 920351 , 301384
-923540 , 39047.6 , 1.76192e+06
1.05193e+06 , 1.73698e+06 , 240143
-380823 , -386774 , 135623
-964137 , 1.31565e+06 , 589352
1.90278e+06 , -980609 , 1.05656e+06
91612.9 , -788479 , -89103.1
751448 , 1.75452e+06 , 299891
397285 , -1.04735e+06 , -752841
-1.25254e+06 , -759805 , -408193
1.03584e+06 , -1.26805e+06 , -753907
-477238 , -1.39649e+06 , 762194
-472089 , -629777 , 158148
-228076 , -574206 , -1.32108e+06
-845333 , -106826 , 788785
47406.1 , 684090 , 159516
453262 , -898513 , -1.24685e+06
1.34414e+06 , 952872 , -523520
1.78026e+06 , 651403 , -309195
1.38172e+06 , -1.29214e+06 , 1.4055e+06
1.27157e+06 , -709691 , -1.61665e+06
871836 , 1.47363e+06 , 1.39019e+06
-905200 , 141549 , -1.09127e+06
1.70036e+06 , -137648 , -331241
1.31554e+06 , -435335 , -341920
344763 , 1.13563e+06 , -559192
-916858 , -469080 , 459187
-1.65469e+06 , 467772 , -515243
1.96695e+06 , 244230 , 547720
2.38487e+06 , 668071 , 32910.6
-1.26107e+06 , -812535 , -1.1541e+06
953302 , -676094 , 865981
201827 , 1.07363e+06 , -362549
502277 , 1.36109e+06 , -1.73896e+06
1.05095e+06 , -725433 , -127669
-1.81562e+06 , 429139 , 930326
-160941 , -1.10228e+06 , -1.31281e+06
-505473 , 759543 , -525660
-1.31615e+06 , -1.56601e+06 , 148282
690428 , -481895 , -577274
1.58034e+06 , -173211 , 798271
-275240 , -998836 , 1.49949e+06
-402682 , -818455 , 1.44113e+06
-320113 , 1.8698e+06 , 292349
-649002 , -731276 , 543685
-1.04554e+06 , -446431 , -211835
610646 , -836333 , -652694
351731 , -224661 , 293586
-974027 , -422213 , 1.62774e+06
623638 , 318429 , -527136
19238.4 , -781658 , 923535
546683 , 494566 , 2.34563e+06
-1.10859e+06 , 807627 , 1.57523e+06
1.32241e+06 , 388968 , -2.15454e+06
1.43275e+06 , 439946 , -65497.5
-1.03747e+06 , 381596 , -172111
482921 , -566151 , -351095
-1.32004e+06 , -21192.4 , 732191
-627963 , -964720 , -151640
-68173.5 , -1.37905e+06 , -1.24265e+06
129415 , -1.70864e+06 , -296705
-1.59835e+06 , -118911 , 1.77683e+06
-352748 , 211508 , 1.34469e+06
-1.02595e+06 , -296149 , 123517
8947.01 , -837721 , -704476
-134822 , 1.47771e+06 , -383807
1.52627e+06 , 27532.2 , 928132
604103 , 1.07546e+06 , 610626
993016 , 165606 , 878801
-18186.2 , -424750 , 785827
-972401 , -629047 , -933246
-869342 , -1.64438e+06 , 386504
-328383 , -74043.7 , 113051
-1.08167e+06 , 416845 , -915473
-731793 , -1.72978e+06 , 401846
570473 , -1.34413e+06 , 162362
-123389 , 1.51315e+06 , -64877.8
-31214.8 , 206569 , 1.19335e+06
-1.19796e+06 , -475992 , 1.11712e+06
1.16265e+06 , 205881 , -653485
-1.39607e+06 , 1.0257e+06 , -118608
-172988 , -284233 , -838339
13032.4 , -1.39435e+06 , -352725
-954777 , 1.06433e+06 , -596435
357823 , 472399 , 630519
-919625 , -1.61705e+06 , 267700
287194 , 513796 , 2.26867e+06
-806890 , -237435 , 127617
-768085 , 135452 , 6112.13
1.2992e+06 , -739810 , 486799
892076 , -447432 , -1.34034e+06
654786 , 831926 , -434557
-947371 , 495695 , -596211
-587555 , -311724 , 990741
-300887 , -943792 , 1.43332e+06
1.0023e+06 , 295000 , -97631.9
-1.55461e+06 , 1.05967e+06 , -178474
-275611 , 236352 , 1.35144e+06
-317031 , 1.68032e+06 , -407994
-1.52617e+06 , 1.12893e+06 , -962714
654014 , -305780 , 68096.2
1.24956e+06 , -136753 , -928853
1.01265e+06 , 125905 , 735217
-987934 , -1.27409e+06 , 590225
1.09796e+06 , -1.25942e+06 , 91765.9
917722 , 1.68015e+06 , 856014
1.42332e+06 , 762489 , -14141.2
-281501 , 753101 , -179922
587708 , -269526 , 178708
649253 , -193754 , -1.32201e+06
-154169 , -38167 , -965273
-1.3602e+06 , 633958 , 1.68833e+06
-95035.6 , -993315 , -675666
667711 , 253038 , 262398
1.34602e+06 , -837694 , 1.65486e+06
-450514 , -589754 , 484568
-341353 , -573849 , -1.54678e+06
-250557 , -1.81572e+06 , -732054
-492355 , -282372 , -792302
1.01306e+06 , 119898 , -415427
178663 , -1.32774e+06 , 858758
2.14551e+06 , 316950 , -43671.4
225769 , -156010 , 2.11971e+06
38654.6 , -1.08642e+06 , -430013
612081 , -485695 , -2.2855e+06
1.57503e+06 , -461741 , 631589
917189 , 824983 , -1.66336e+06
-197623 , -812031 , -1.43292e+06
-1.15263e+06 , 452312 , 224357
-191028 , -918047 , -644119
811562 , -167010 , 1.79164e+06
-1.77228e+06 , 557534 , -620842
-891670 , -101831 , -976721
962432 , -322249 , -693237
-1.64517e+06 , 1.54344e+06 , 303017
474905 , 1.47591e+06 , 9748.97
-815128 , 924846 , 1.44069e+06
-15717.8 , 1.5471e+06 , 1.42081e+06
106105 , 1.30849e+06 , -1.27197e+06
-1.108e+06 , 1.2059e+06 , 232121
83725.9 , -521619 , -56866.7
1.02952e+06 , 279541 , -753702
145229 , 87367.4 , 653924
400314 , -1.3849e+06 , -488604
-1.13512e+06 , 57795.6 , 626308
-906904 , 635198 , 923476
904684 , 24165.6 , 503168
-332406 , 1.18253e+06 , 65048.9
-45445.2 , -1.58538e+06 , -470025
-113026 , 1.1565e+06 , 922972
-1.35669e+06 , 181080 , 1.14022e+06
-1.12297e+06 , -633664 , 288267
198164 , 1.18124e+06 , -425629
-99766.1 , 1.36901e+06 , -69478.3
-1.54835e+06 , -893759 , -661480
-828040 , 883225 , -450410
-359604 , -1.99463e+06 , 615959
-45639.6 , 1.8476e+06 , -402930
1.39854e+06 , 460746 , 1.12756e+06
-552387 , -628524 , -401648
-91035.8 , 1.68493e+06 , 1.01203e+06
1.20979e+06 , -199012 , 570254
-629144 , 1.26962e+06 , 958989
-1.84177e+06 , 334200 , -487628
469523 , 215039 , -1.75245e+06
-689599 , -1.49596e+06 , -527097
231053 , -496433 , -921792
1.13949e+06 , 769826 , -374385
-804132 , 1.39101e+06 , 1.15116e+06
-831004 , -1.11061e+06 , 496280
-554904 , 756516 , -802721
-946855 , -1.16699e+06 , -1.18445e+06
-1.3123e+06 , 538796 , 1.28085e+06
-523401 , -1.36181e+06 , 782705
-477114 , 149312 , 1.09309e+06
-273522 , -8848.58 , -1.06883e+06
-909021 , 796281 , 815003
-72726 , 177794 , 787059
4966.08 , 753877 , -1.30569e+06
203760 , 477426 , 1.69499e+06
-1.5949e+06 , 419129 , -313526
-1.24287e+06 , 1.33958e+06 , 751597
1.00435e+06 , 564137 , 630200
-1.21135e+06 , 2.07983e+06 , 210723
-1.5598e+06 , -563115 , -671331
1.59829e+06 , 272297 , 372830
-296128 , 179562 , 1.3906e+06
36672.8 , 1.03935e+06 , 464448
-925473 , -520416 , 700291
-678010 , 926740 , 847309
901119 , -129176 , 642147
805193 , -23788.2 , -1.21302e+06
-791809 , -939344 , -199884
-778667 , 403391 , 1.98469e+06
2.1205e+06 , -5642.9 , -201515
911761 , -1.48746e+06 , 409505
220262 , 254836 , -537674
138560 , 1.55479e+06 , -136385
531858 , 396175 , 1.77739e+06
527286 , -325560 , 630744
-1.67231e+06 , 25409 , 701213
200152 , -503450 , 1.56646e+06
606455 , -598092 , 998969
-226649 , -882712 , 1.41359e+06
-633333 , 310843 , -725522
-317324 , -710044 , 66144.2
747995 , 2.07808e+06 , 22074.4
190113 , 1.47324e+06 , -1.05349e+06
-1.0333e+06 , 737259 , 380144
278211 , 459536 , 768766
2.43442e+06 , -212255 , -85764.3
-969948 , 305235 , 469592
1.15068e+06 , 24827.6 , 1.63366e+06
-723487 , -598730 , 396794
-292817 , -46037.2 , -1.25913e+06
-514828 , -1.33189e+06 , 480534
374.671 , -909486 , -655570
165542 , -1.17431e+06 , -326744
1.002e+06 , 611003 , -355728
16082.2 , -94706.7 , 1.63518e+06
1.43389e+06 , -56522.8 , 340784
1.22764e+06 , -72894.8 , 680067
-1.6806e+06 , -603570 , -694431
-289658 , -71550.4 , 1.1737e+06
-954101 , 669362 , 239051
1.83434e+06 , -1.45602e+06 , 598033
-302117 , -2.1954e+06 , 30860.2
564099 , -800084 , 1.76473e+06
-554436 , 1.31758e+06 , -569284
-1.14678e+06 , 130814 , 533630
1.33208e+06 , -383803 , -682273
193332 , -229595 , -1.21983e+06
-312157 , -72557.7 , 166435
-941431 , -1.85922e+06 , -924073
-1.26873e+06 , -3873.28 , 827886
-955600 , -972438 , -1.58405e+06
-564932 , -1.112e+06 , -720240
1.33759e+06 , 90271 , 1.50425e+06
-909703 , 12099.5 , -1.61055e+06
-752433 , 840923 , -1.43637e+06
805368 , -1.88891e+06 , 382914
-404250 , -407996 , -1.4145e+06
344304 , 1.1569e+06 , -204954
-154739 , -1.15193e+06 , 231600
-123520 , 540044 , -919660
291739 , 901591 , -796693
-104745 , 1.08477e+06 , 644312
147953 , 1.78973e+06 , -888569
2.08982e+06 , -24445.4 , 416592
4309.73 , -877749 , -101212
904315 , 37976.5 , 1.79288e+06
1.25058e+06 , -64016.2 , -337474
1.216e+06 , 1.2573e+06 , 443982
-166479 , -548480 , 1.17497e+06
1.26274e+06 , -1.03617e+06 , 596742
563985 , 973832 , 1.09452e+06
-903173 , -1.82123e+06 , 110234
-1.05899e+06 , -1.39112e+06 , -1.04334e+06
1.35065e+06 , 882631 , 300030
-1.37845e+06 , 415578 , -31010.8
1.1252e+06 , -590066 , 481653
-1.92725e+06 , -1.37851e+06 , -9544.83
-173820 , 590897 , -359367
-1.63612e+06 , -128339 , -1.30627e+06
-850648 , 100810 , 516611
187060 , 670883 , 1.77775e+06
-560237 , 1.52565e+06 , 33370.9
52519.2 , 3810.82 , 607580
-325277 , 657237 , -676195
465869 , -897820 , 220738
1.16951e+06 , 740211 , -322114
300470 , 1.00197e+06 , 364806
573961 , -1.44882e+06 , -605605
1.2556e+06 , 56352.7 , 1.32555e+06
1.12764e+06 , 123682 , 1.18825e+06
1.83016e+06 , 372912 , 948974
261366 , -91834.2 , -825696
1.05584e+06 , -1.2251e+06 , -1.06782e+06
1.24253e+06 , -230793 , -418868
754239 , -203233 , 1.36644e+06
-261910 , 791694 , -1.74771e+06
-4692.6 , -958313 , 1.04176e+06
470934 , 1.73685e+06 , 298592
1.72227e+06 , -787544 , 519104
419759 , -903698 , 1.8461e+06
-1.16771e+06 , 531930 , -492465
1.18661e+06 , 791392 , 710244
802149 , -454577 , 1.51436e+06
-235877 , 717066 , 536789
959772 , 307077 , 1.18975e+06
-333879 , 2.13186e+06 , 335925
668668 , 1.04439e+06 , 367007
265262 , -431453 , -342331
1.16409e+06 , 578575 , -1.11005e+06
552989 , 455278 , 426315
-616207 , -931135 , -788416
910028 , 179683 , 11184.9
-386966 , -357620 , -592920
-171118 , 1.32708e+06 , 1.03149e+06
165724 , -368262 , -1.27189e+06
-237035 , 1.17456e+06 , 1.96692e+06
957262 , -1.42721e+06 , -478668
-1.23132e+06 , -1.84658e+06 , 69279.5
441306 , 924332 , 1.01131e+06
86799.2 , -822561 , -57613.2
-25363.3 , -485446 , -161321
1.42509e+06 , -227163 , 182412
694079 , -785124 , -1.44571e+06
-1.20856e+06 , 685040 , 1.1299e+06
-193138 , -304129 , -662235
786107 , 95522.6 , 873739
-351234 , 1.67533e+06 , 693400
735010 , -501788 , 2.11308e+06
-1.42463e+06 , -481690 , -1.32109e+06
-879510 , -811998 , -522428
475311 , -195052 , 167544
1.36136e+06 , -125297 , 213188
-397106 , 152473 , -1.88452e+06
-512695 , -35676.7 , 388873
-464444 , 659014 , 398016
-710038 , 140808 , 2.35958e+06
1.97438e+06 , -388091 , -33241.3
1.65931e+06 , 1.0408e+06 , 212100
1.61555e+06 , -94558.6 , 153222
-884629 , -827782 , -715764
719296 , -666679 , -567202
-199841 , -1.6134e+06 , 1.71708e+06
1.37617e+06 , -101749 , 628297
324447 , -435847 , -1.1549e+06
-172025 , 837048 , -949269
446476 , 1.00274e+06 , 1.19212e+06
-1.58835e+06 , 350555 , 1.15432e+06
-996942 , -306147 , 1.07607e+06
-574839 , 993347 , 840711
428289 , 460805 , 425098
-871106 , -273283 , 660771
-991297 , 333978 , -414045
1.45212e+06 , 51955.5 , -1.65616e+06
1.66556e+06 , 1.43372e+06 , 500794
-1.62347e+06 , -286539 , 431577
-170301 , -1.53535e+06 , -842010
909808 , 67988 , -637715
-1.93667e+06 , -344392 , -1.80819e+06
-922660 , -759630 , -224741
1.03905e+06 , -1.54372e+06 , 477553
-933156 , -124403 , 691693
891.962 , 998314 , -1.17395e+06
-1.09654e+06 , 611415 , -802346
1.7557e+06 , 1.03299e+06 , -461002
701182 , -278423 , -699617
-616760 , -1.13384e+06 , 242560
-102667 , -750966 , -376264
-815689 , -117888 , 747541
-119665 , 1.65062e+06 , 641428
746442 , 646128 , 1.42154e+06
1.48984e+06 , -452496 , -438859
1.08442e+06 , -34717 , -117288
243247 , 281047 , 1.50204e+06
-1.04634e+06 , 1.1163e+06 , -367806
-292175 , 1.20318e+06 , -896090
-659064 , 230653 , 788678
239998 , -725723 , -1.8931e+06
543454 , 228433 , 799734
856243 , -970881 , 1.43564e+06
-542468 , -462711 , -969772
724260 , 11717.9 , 42948.3
-1.10224e+06 , -646950 , 1.10617e+06
179478 , 679979 , 211176
-134869 , 1.34764e+06 , 1.48784e+06
-455898 , -978932 , -994513
-1.16297e+06 , -1.06035e+06 , 754876
-1.06447e+06 , 1.24582e+06 , -169977
1.43124e+06 , -1.16232e+06 , 382153
1.75801e+06 , 615484 , -747212
-232290 , 1.16782e+06 , 1.74459e+06
-308310 , -801479 , 39487.4
1.09814e+06 , 1.48432e+06 , -163989
-719154 , 1.17604e+06 , -92614.6
-913635 , -447989 , 123539
1.80326e+06 , 518839 , -230714
46793.2 , 1.38433e+06 , 342924
1.7053e+06 , -1.28514e+06 , 802409
-1.29044e+06 , 659907 , 228527
-166463 , 339375 , 1.59978e+06
-1.6164e+06 , 688074 , 1.29917e+06
-1.56816e+06 , -962162 , 849791
862736 , 21433.1 , 503471
1.18277e+06 , 1.53781e+06 , 22885.4
590859 , -107848 , 177578
1.10836e+06 , -1.48734e+06 , -646024
887.017 , 989759 , 1.54035e+06
41237.8 , -1.01002e+06 , -320930
-525662 , 388026 , -655721
-635502 , -1.26239e+06 , 1.86601e+06
-287790 , -65792.4 , 2.04387e+06
-1.18177e+06 , -245542 , 780132
1.22669e+06 , -97891.9 , -1.30523e+06
315076 , -205432 , -1.5606e+06
814022 , -905009 , -861717
-608386 , -271088 , 511694
-51976.4 , 1.08229e+06 , -1.5543e+06
-1.2154e+06 , -617014 , 962018
-1.03792e+06 , 62295.6 , -1.16497e+06
-907801 , 256063 , 1.35551e+06
-146008 , 813917 , 859338
719994 , -27287.6 , 1.10273e+06
-109765 , -418071 , 923563
126773 , 1.26362e+06 , -1.05079e+06
-694590 , 234373 , -105854
-643935 , 93613.8 , -1.43618e+06
-376264 , -368573 , -1.54829e+06
1.57184e+06 , -227272 , -1.09477e+06
1.12236e+06 , 418290 , 731886
-798873 , 208509 , 956599
1.09223e+06 , -71115 , -911069
177861 , 716850 , 1.85167e+06
-48874.4 , 680089 , -672933
-1.04122e+06 , -234765 , 908065
-302597 , 1.26339e+06 , 862972
2818.89 , 108508 , -1.48517e+06
-1.28658e+06 , -805572 , -1.88273e+06
-387278 , 1.47102e+06 , -150621
65768.2 , -910367 , 725270
265299 , -545478 , 640942
1.59542e+06 , -870206 , 135530
779856 , 1.7569e+06 , 195510
521196 , -91861 , 110055
1.52307e+06 , -149786 , 320882
-41791.7 , 522765 , 157562
-1.04034e+06 , -960768 , 1.36286e+06
-627774 , 1.25479e+06 , -772345
-1.26411e+06 , 280282 , 100878
-25832.1 , -65386.5 , -874468
599916 , -1.28388e+06 , -581282
-789087 , 40607.6 , -771759
-64571.9 , -1.84126e+06 , -181570
-898411 , 916212 , 1.58818e+06
-544044 , -88121.4 , 1.40289e+06
913464 , 74181.6 , 102989
1.32584e+06 , 1.28799e+06 , -1.36977e+06
119825 , -333082 , 470643
1.76395e+06 , 84938 , 848310
-747487 , -387787 , 645430
1.1884e+06 , -1.12405e+06 , 1.84762e+06
-1.0179e+06 , -782267 , 513663
-1.08022e+06 , 723186 , -184311
72960.2 , -1.76923e+06 , -350906
1.57366e+06 , 238160 , 1.24898e+06
-1.34243e+06 , 731260 , -863212
-293387 , -1.42512e+06 , 1.72235e+06
2.01181e+06 , -1.16981e+06 , -102447
-640256 , -613845 , -1.80347e+06
1.03025e+06 , 543975 , 814065
-1.14569e+06 , 1.09865e+06 , 1.26294e+06
-351058 , 1.9306e+06 , -672036
-1.62571e+06 , 1.45365e+06 , -127828
396124 , 308328 , 1.82341e+06
852603 , -378798 , 1.27023e+06
-736845 , 737172 , -124044
-1.24996e+06 , 1.2676e+06 , -465774
441408 , -1.25894e+06 , 378882
1.18301e+06 , -79938.6 , -607401
-888986 , -964147 , -434866
1.37944e+06 , -742431 , 327511
-1.02919e+06 , 1.10308e+06 , -405472
1.25454e+06 , -631478 , 1.12969e+06
87023.9 , 707585 , 378781
-688281 , 1.23035e+06 , 281960
333240 , 860659 , -353130
-1.75405e+06 , 83557.8 , 1.60312e+06
-392280 , -67634.1 , -394257
1.50273e+06 , -1.07879e+06 , -184832
-566593 , 404153 , 379316
-673709 , 700112 , -111008
570058 , -1.37949e+06 , 333821
-1.3066e+06 , -115374 , 513189
145255 , 563476 , -2.07109e+06
-2.06285e+06 , -870882 , 390259
-795757 , -38884.3 , -66412.4
265465 , 1.82054e+06 , -887555
-664587 , 1.12316e+06 , 1.12436e+06
373447 , -971137 , -845717
257527 , -766017 , 719060
503881 , -1.16116e+06 , 858131
122842 , -488140 , 263730
-899826 , -614564 , 1.1843e+06
-899342 , 553119 , -327641
-1.29653e+06 , -344907 , -856075
-221058 , -1.81683e+06 , 201156
895613 , 43269.1 , -1.69649e+06
926409 , 1.32255e+06 , 855130
-405452 , -298493 , 1.19552e+06
-147032 , 1.24033e+06 , 1.15607e+06
-1.24244e+06 , 125051 , 1.42834e+06
-754336 , 173235 , 1.41972e+06
-125254 , -949091 , -1.37204e+06
136234 , -1.17651e+06 , -480768
276576 , -620494 , -814128
-483120 , -995020 , -992085
-1.41407e+06 , -1.43823e+06 , -229015
-118746 , 1.66673e+06 , 535569
1.30706e+06 , 149206 , 1.1001e+06
-1.107e+06 , 993635 , 292628
-759745 , -807411 , -1.29443e+06
-384210 , -791498 , 1.48024e+06
-1.84114e+06 , -426692 , 1.10118e+06
43905.5 , -1.19076e+06 , -703080
230754 , 746510 , -212124
765176 , -238864 , 1.19798e+06
79273.8 , 910802 , 1.67181e+06
-696629 , 1.41256e+06 , -422208
320251 , 46953.5 , 1.91214e+06
-1.28151e+06 , -372133 , -137501
-503859 , -270449 , 2.06576e+06
740045 , -1.34842e+06 , 334845
1.18791e+06 , -59161.5 , 501361
-1.48785e+06 , -129834 , -1.27969e+06
675865 , -1.37919e+06 , 1.0468e+06
-452748 , 1.50103e+06 , 1.08823e+06
-113612 , 1.85731e+06 , 933445
576183 , -264075 , 1.43213e+06
1.23346e+06 , -1.28957e+06 , 1.31444e+06
1.97594e+06 , -1.84915e+06 , -335107
109265 , 851554 , 1.12944e+06
-359024 , -325133 , -10100.3
915558 , -1.06272e+06 , -388776
-20183.6 , -381060 , -776172
-752111 , 718691 , 220133
-1.95308e+06 , -509452 , -467828
-1.09289e+06 , -1.00265e+06 , 148045
1.19539e+06 , -861396 , -1.12487e+06
-129552 , 2.10043e+06 , -127967
-731581 , 141266 , 712079
-296193 , 1.80682e+06 , -776203
916866 , -1.19196e+06 , -558400
-157187 , -588081 , 704086
90129.6 , -48362.9 , 730812
240870 , 1.18823e+06 , 928601
694647 , -194739 , -471375
248281 , -917484 , -207314
-227261 , -99459 , -677991
752642 , 690314 , -365811
780388 , -93745.7 , 1.06833e+06
576006 , -1.2096e+06 , -747928
699734 , 461336 , -1.82122e+06
-1.25073e+06 , 795649 , -657336
-145560 , -592265 , -1.73452e+06
-906162 , 597189 , 268261
-1.16983e+06 , -800065 , 1.45286e+06
681287 , 1.22256e+06 , 1.42304e+06
-817619 , -1.61247e+06 , -833474
1.92098e+06 , 1.09606e+06 , -116035
1.59763e+06 , 1.00981e+06 , 418013
1.37734e+06 , -1.25936e+06 , -363125
605295 , -1.23076e+06 , 336585
276816 , -152780 , -1.17018e+06
451667 , 922514 , -698379
-898958 , 346394 , -1.41998e+06
-1.69246e+06 , -519129 , 306491
622900 , 250863 , -919570
-936022 , -86447.1 , -483647
-970962 , 793388 , -1.21749e+06
-1.77655e+06 , -947602 , 815475
-1.5442e+06 , 593349 , 170556
-57548 , -1.44337e+06 , 979690
341457 , -366594 , 1.05386e+06
960433 , -444134 , 561092
-151559 , -1.39387e+06 , -138637
628558 , -523741 , 636767
-351446 , 115351 , 307090
912436 , 1.61551e+06 , 36339
1.47829e+06 , -392143 , -1.32733e+06
-209040 , 1.25879e+06 , 1.38326e+06
-912297 , -1.34677e+06 , -899719
-1.4771e+06 , -562498 , 98367
1.26554e+06 , 1.85303e+06 , -431637
249991 , -1.5682e+06 , -356202
-602793 , -183812 , -105901
-763110 , -1.53036e+06 , -188639
1.0393e+06 , -413272 , -1.53769e+06
-1.08834e+06 , 337995 , -803794
861650 , 697695 , -564870
-959976 , -984636 , 627650
38376.7 , -200741 , 1.52523e+06
-194655 , -2.14603e+06 , -54636.6
1.34811e+06 , -892646 , 1.59928e+06
-352545 , -235790 , 1.24048e+06
335556 , -1.82029e+06 , -928995
86410.6 , 423196 , 2.14581e+06
-224407 , 1.24953e+06 , -794417
1.63313e+06 , 223535 , -357705
116911 , 586937 , 1.25223e+06
608800 , 228895 , 764124
-789572 , 75637.1 , 694473
134569 , 1.08806e+06 , 1.41785e+06
861145 , -156655 , -107569
918566 , -621811 , -949779
-314012 , -239521 , -103046
-961939 , 1.635e+06 , -1.13472e+06
866832 , 12684 , 300275
-117269 , -402227 , -1.31615e+06
644194 , -340461 , -954490
-781338 , -995342 , -503227
-294198 , 140789 , -580003
92238.5 , 990916 , 1.78054e+06
685824 , 937752 , -693920
-482095 , -755793 , 1.57916e+06
-579116 , 196359 , -1.22578e+06
-1.17253e+06 , 658948 , 1.27845e+06
657985 , -1.50846e+06 , 176404
218300 , -968114 , 222128
-1.19598e+06 , -1.00121e+06 , -1.34938e+06
364399 , 804227 , -652247
636813 , 423010 , 1.58093e+06
-1.11691e+06 , -116544 , -507767
-870557 , 927971 , -89957.8
265087 , 754528 , 1.25095e+06
-1.41988e+06 , -396889 , 369436
-880634 , -205998 , -671581
955185 , -487825 , 1.12525e+06
581264 , 257636 , -1.24648e+06
506069 , 487108 , 1.09477e+06
1.28549e+06 , 865972 , -328710
-202625 , 514931 , 131557
-629903 , 1.34614e+06 , 755717
-612856 , 569894 , -209455
51552.1 , 2.23985e+06 , 123467
1.49823e+06 , -1.66877e+06 , 1.33053e+06
714130 , -1.50907e+06 , -711792
1.80738e+06 , 347822 , -243878
-382071 , -572482 , 952392
997636 , -466418 , 480804
413020 , -21892.9 , 642621
-1.33732e+06 , 471158 , 56685.4
896453 , -380561 , 759771
-256154 , 1.02641e+06 , -1.13814e+06
946434 , -1.22634e+06 , 2.09592e+06
-132670 , 1.25074e+06 , 1.92651e+06
1.69056e+06 , 230092 , 535539
-393200 , -1.04415e+06 , -825318
-77226.9 , 386314 , 748391
-419145 , 580764 , -261496
-33654.1 , 921949 , -1.0394e+06
43854.7 , 1.66595e+06 , -149815
-374967 , 1.29146e+06 , -1.34447e+06
-1.61294e+06 , -77556.4 , 609921
1.0353e+06 , 525286 , 1.5692e+06
797357 , -42889.2 , 1.62121e+06
147922 , -2.00587e+06 , -786981
949038 , 181898 , 891631
-2.08084e+06 , 1.01274e+06 , 76508.7
-709679 , -1.90334e+06 , 356640
358138 , -177370 , -1.02615e+06
-367384 , -285859 , 1.05666e+06
1.12992e+06 , 46704.8 , 160906
959857 , -1.08276e+06 , -513467
-52344.7 , 775839 , -1.07356e+06
388122 , -1.59112e+06 , 905972
568307 , -422989 , -467230
-1.07121e+06 , -121384 , -1.11318e+06
936207 , 430957 , 211426
-129763 , -545321 , 931848
-425128 , 1.00215e+06 , 1.1707e+06
-798582 , -2.0272e+06 , -902178
192882 , -852418 , -543751
-687837 , 1.48691e+06 , 876155
757021 , -816767 , -1.05076e+06
-395006 , -1.59855e+06 , -1.0012e+06
-1.16574e+06 , 918871 , -1.15465e+06
521333 , 452921 , -1.02643e+06
821612 , 1.08722e+06 , 809497
-661029 , -229013 , -403899
-142731 , -29950.7 , 1.88007e+06
579394 , -936549 , -798191
637557 , -317102 , 347303
1.3427e+06 , -172212 , -49176.9
1.42228e+06 , 929840 , 392239
-998993 , -234404 , -1.73811e+06
-975604 , 305922 , 986406
643508 , -329719 , 902941
-1.09418e+06 , -535949 , 564592
-211755 , 212044 , 908118
-962107 , -761903 , 2.01116e+06
-1.40876e+06 , 1.51757e+06 , -553012
1.38994e+06 , 39595.7 , -502074
1.17173e+06 , 271364 , 280078
-692245 , -375148 , -294128
506116 , 105761 , -60389.2
-801324 , 27743.1 , 645451
292347 , 1.20501e+06 , -438543
-282193 , -591953 , -1.30398e+06
-620016 , -232521 , -1.32796e+06
763444 , 711137 , -134405
322254 , -581543 , -2.06419e+06
1.58289e+06 , -917609 , -1.36022e+06
-158702 , -405895 , 268803
995075 , 1.01904e+06 , 1.61505e+06
-769248 , -1.57674e+06 , -1.12194e+06
993269 , 967011 , -1.56826e+06
394609 , -312164 , -334507
-240868 , 735864 , -436592
-243854 , -1.47339e+06 , -32271.8
-885433 , -1.25399e+06 , -220332
181268 , -821620 , -749331
91167.2 , -1.18056e+06 , -707278
177602 , 1.23783e+06 , -861449
-37803.9 , -591859 , -1.62527e+06
-640403 , 529515 , 1.58677e+06
1.68246e+06 , -3029.92 , -598170
-17914.2 , 200843 , 106011
-1.7902e+06 , -336884 , -204461
666245 , -1.08576e+06 , 592558
-787821 , -990671 , 881702
-744394 , -177621 , -1.48108e+06
1.56384e+06 , -19109 , -123092
378796 , 652996 , 1.21747e+06
-727776 , -975482 , 575584
1.54032e+06 , -649050 , 68767.8
298006 , -1.05099e+06 , 1.23936e+06
-85576.1 , -1.26616e+06 , 675586
1.68046e+06 , -584781 , -37482
-549431 , 474195 , -465132
-52871.9 , -1.39808e+06 , -776844
673087 , -141492 , 257987
14649.5 , 765927 , 199798
-887948 , -65082.2 , 658648
1.279e+06 , 188597 , 306194
1.52619e+06 , 852977 , 594207
-1.10335e+06 , -98300.1 , -322987
-125900 , -1.38e+06 , -1.05736e+06
397889 , -1.09403e+06 , -1.10041e+06
-430748 , 667406 , -261895
1.13162e+06 , -858172 , -692949
443178 , 1.23117e+06 , 495376
-1.12466e+06 , 984713 , 339217
498145 , -447616 , 513581
1.2319e+06 , 1.2252e+06 , 22027.3
557112 , -637585 , 1.0189e+06
-85315.5 , 1.49618e+06 , 2.10147e+06
356530 , -252011 , -886920
1.01979e+06 , 120720 , -47805.9
-190010 , -616558 , 998206
-798596 , -158038 , -1.00759e+06
974339 , 1.04283e+06 , 890220
459531 , -2.0409e+06 , 63062.2
336216 , 414482 , 1.29553e+06
332965 , 74924.3 , 806355
1.2672e+06 , -489580 , 1.32617e+06
-202032 , 911556 , -2.06958e+06
-864420 , -1.58639e+06 , 640348
218825 , 643235 , 1.18365e+06
-1.52738e+06 , -1.61383e+06 , 589176
470980 , 91211 , -247125
424908 , -689639 , 149803
690696 , -1.18727e+06 , -1.29294e+06
-863493 , 804060 , 138168
265608 , -271362 , -1.40175e+06
-299167 , -1.56331e+06 , 642621
477673 , 1.25571e+06 , -247695
-183977 , -795823 , -680211
-235888 , -1.63932e+06 , -267754
-1.68065e+06 , 553681 , -1.22515e+06
1.2071e+06 , -1.06446e+06 , -443351
1.02671e+06 , 283404 , 1.36097e+06
-436961 , 830959 , 471271
713669 , -153300 , -890032
-181923 , -1.06021e+06 , 169780
1.06411e+06 , -386355 , 386618
-96339 , -257477 , -58713.6
1.1241e+06 , -1.35525e+06 , 449241
-1.06801e+06 , -1.21257e+06 , -706592
1.46004e+06 , 473396 , 563112
-409857 , -644728 , -733222
-801248 , 537423 , 873472
-1.44847e+06 , 11762.4 , -924405
683365 , -1.65179e+06 , -295272
-1.26699e+06 , 472121 , -237147
-1.11902e+06 , -1.65255e+06 , -442324
1.20023e+06 , 496754 , -174737
-851417 , -501410 , 1.46539e+06
441704 , -74667.1 , 777150
-1.81336e+06 , -780112 , 811787
793088 , -908048 , 847529
1.07434e+06 , -237899 , -73500.6
-980214 , 1.53704e+06 , 55070.1
-11704.6 , 684031 , 214524
-1.39067e+06 , 529032 , 71125.6
-388998 , 334512 , 1.03048e+06
-795459 , -1.06825e+06 , 379791
436093 , 1.12533e+06 , 287195
633878 , 1.01202e+06 , 25275.9
-442619 , -1.45121e+06 , 688342
-1.65268e+06 , -37786.9 , -389515
146494 , 1.29287e+06 , -245877
-879957 , -1.52461e+06 , 869409
-670299 , -476203 , 1.07982e+06
506719 , 1.51348e+06 , -371487
564771 , 422682 , 143639
462088 , 904160 , 370193
-850208 , -873157 , -1.38453e+06
490943 , -1.20727e+06 , 971977
517797 , 896183 , 491145
1.39373e+06 , -362660 , -699594
-109681 , -1.02099e+06 , 1.06161e+06
1.27746e+06 , -930993 , 205153
-372031 , 1.13672e+06 , -148227
-1.96276e+06 , -331411 , 724951
122104 , 648075 , -643284
901605 , -668303 , 497046
396615 , -713797 , -230757
1.37718e+06 , -305084 , 326713
297750 , 1.38189e+06 , -376354
-1.36592e+06 , -1.08412e+06 , -985874
35703.7 , 39552.6 , 793336
-925538 , -311029 , 1.36219e+06
1.44024e+06 , -583802 , -919124
919504 , 293070 , -558651
-331761 , 578063 , -368601
-733162 , 627686 , 1.51876e+06
803889 , -2.09637e+06 , 405571
1.45539e+06 , -563187 , -439505
579553 , -1.30062e+06 , -1.54284e+06
1.24467e+06 , 873554 , -637887
748426 , -347214 , -2.02289e+06
445233 , 1.22565e+06 , 416362
874265 , 251209 , -1.10651e+06
-423266 , -132403 , 414455
-111232 , -516245 , 824641
986859 , -1.17344e+06 , -481536
-798127 , 1.0583e+06 , -1.01804e+06
-474920 , -549780 , 536571
1.76384e+06 , 822451 , -364770
440543 , 1.78519e+06 , -96934.8
-805161 , -1.06729e+06 , -760588
-228615 , 520931 , 1.29925e+06
-398702 , 722303 , 1.14479e+06
-91401.4 , -232943 , 815114
-73150.6 , 447034 , -1.25152e+06
-940981 , -597557 , -779527
-939456 , -766407 , 1.46651e+06
-403739 , 587661 , -1.68425e+06
152144 , 1.5183e+06 , 1.1991e+06
907647 , -865379 , -1.11668e+06
-716185 , -1.49654e+06 , 1.01848e+06
1.00777e+06 , 1.35215e+06 , 852190
1.29951e+06 , 935236 , 1.07596e+06
927348 , -1.08726e+06 , 555363
375404 , 870424 , -1.38417e+06
-890249 , -266884 , -2.20108e+06
-687573 , -656738 , -1.35445e+06
161681 , 830892 , 505900
-774262 , 304471 , -313104
-1.224e+06 , -137094 , 1.1349e+06
540506 , -1.43324e+06 , 621154
398553 , -1.83318e+06 , 1.00811e+06
1.92583e+06 , 1.13767e+06 , 785690
-649470 , 311691 , 703295
735769 , 1.73105e+06 , -161200
638325 , -1.11699e+06 , 746499
444139 , -1.58819e+06 , 523460
38068.6 , -732523 , 1.05659e+06
-819339 , -111479 , -1.29577e+06
-1.02226e+06 , 511222 , 392729
513843 , 8408.03 , -1.29315e+06
454289 , -1.28922e+06 , -531806
89777.5 , -594295 , 1.56893e+06
976298 , -1.87696e+06 , 1.47437e+06
971365 , -842894 , 1.63497e+06
113164 , 823152 , -137251
1.18901e+06 , -727397 , -1.82117e+06
629895 , -422015 , -111801
-594745 , -887794 , -1.31529e+06
585039 , 969614 , -833980
-1.06865e+06 , -598934 , 636016
-275038 , 117046 , 62632.9
400183 , -1.85558e+06 , 523809
354536 , -352650 , 347651
799806 , -466754 , 812501
-135097 , 891029 , 145659
731566 , -794056 , -68092.1
-103195 , -3692.54 , 900093
1.09622e+06 , -847625 , -1.19934e+06
419211 , 1.64355e+06 , 54617.2
-1.25598e+06 , -84707.8 , 198872
-506573 , -844727 , 432028
-475342 , -938741 , -1.17393e+06
586797 , 982157 , -1.00201e+06
1.30574e+06 , -595816 , 188043
-1.1163e+06 , 1.2469e+06 , 1.19502e+06
237116 , -351731 , 1.40815e+06
-455533 , 1.24679e+06 , -710070
1.82974e+06 , 317797 , -303502
1.66824e+06 , 815178 , -524020
-1.57427e+06 , 220718 , 566119
-963439 , 382253 , 333201
1.91121e+06 , 745275 , 507724
-100476 , -3840.3 , 1.33396e+06
-890962 , 670324 , -721015
1.2732e+06 , -601571 , -462236
-1.41479e+06 , 1.52478e+06 , 442839
-609907 , -923482 , 1.56694e+06
972400 , -142058 , -24767.9
228158 , -670876 , -455285
727388 , 234409 , -1.17913e+06
-588638 , -1.19881e+06 , -268300
583835 , 293896 , 616595
1.53848e+06 , -1.16361e+06 , -15848.1
546331 , -1.34139e+06 , 123095
-357417 , -891127 , 347314
-355755 , -1.72679e+06 , -101788
49175.3 , 1.35733e+06 , 1.71775e+06
-298377 , 898869 , -2.07831e+06
339825 , 291274 , 340431
-683460 , -733881 , -1.3057e+06
-431027 , -560878 , -766656
-188697 , 414289 , -706153
-316995 , -1.22612e+06 , -231031
454482 , 866542 , -1.20295e+06
-1.24651e+06 , 1.14055e+06 , -884511
-241583 , -726974 , -1.18423e+06
-926120 , 407428 , -685731
-1.37507e+06 , -1.23949e+06 , -960753
-1.44981e+06 , 1.35892e+06 , 1.85928e+06
-517712 , 1.91599e+06 , -592042
431296 , -605672 , -1.47798e+06
701242 , 118925 , 196039
-669583 , 848155 , 850725
469632 , 1.24994e+06 , 1.71553e+06
-1.41721e+06 , -519072 , 1.1056e+06
523894 , 1.46843e+06 , -237478
-183452 , -1.67101e+06 , 831273
1.13185e+06 , 1.46716e+06 , 95000.7
-1.15169e+06 , 68329.8 , -1.27901e+06
-38946.6 , 1.99518e+06 , -120427
-1.33944e+06 , -489999 , -117499
-310666 , 550045 , -613076
-113476 , 1.24466e+06 , 56017.4
-229200 , -1.58155e+06 , 882144
323449 , -2.16697e+06 , -320212
137932 , -513016 , 388249
574161 , 268851 , -29054.4
727401 , 538554 , -140039
76309.7 , 1.51143e+06 , -732787
-654041 , -151688 , 1.99683e+06
-74795.9 , -1.32825e+06 , 1.76148e+06
-467163 , -1.04905e+06 , -1.79026e+06
289732 , 89423 , -655291
253703 , 444187 , -1.39254e+06
697364 , 853509 , -961712
-1.24438e+06 , -751837 , -1.41398e+06
645344 , 1.22903e+06 , -181867
910348 , 992581 , -485208
17225.8 , -1.06711e+06 , -2.40339e+06
-1.22555e+06 , 363732 , 1.33803e+06
966292 , 1.23943e+06 , 931843
-923179 , -963255 , 852120
-81312.1 , 1.62279e+06 , 236023
183167 , 1.0583e+06 , -1.50008e+06
-122006 , -1.3114e+06 , 784051
-1.42818e+06 , -1.00249e+06 , 1.37279e+06
507994 , -53027.9 , 915188
-568559 , 984541 , 823737
-1.03216e+06 , 922303 , -794365
-346707 , -319803 , 1.10351e+06
-544259 , -1.67131e+06 , -447204
-693614 , -144398 , 2.20026e+06
-810407 , 1.22349e+06 , -84362.5
982591 , 261415 , 515429
-468210 , -1.24972e+06 , 677090
-139251 , 1.75422e+06 , 1.39266e+06
-1.83882e+06 , -412582 , -1.40922e+06
-607946 , -746524 , -300814
-121908 , -630621 , -1.35531e+06
1.17259e+06 , 395143 , -1.25168e+06
590189 , 1.84881e+06 , -212898
621221 , 67248.5 , -1.60749e+06
-170825 , -1.33769e+06 , -851300
-417066 , 984316 , -568481
786414 , 330629 , -406971
604459 , 1.0614e+06 , 2.02541e+06
46784.1 , 765112 , -1.44933e+06
716576 , -274627 , -1.31207e+06
277650 , 1.12636e+06 , 701533
11810.5 , -1.04909e+06 , -333934
-183457 , -237614 , 1.49561e+06
-559543 , -634074 , -669934
80925.1 , 606280 , 18311.1
1.52793e+06 , -504606 , -290061
-38247.2 , 109529 , -1.58689e+06
566670 , 775884 , -326601
-982719 , 674594 , -1.06596e+06
264816 , -1.34769e+06 , -503757
607508 , -1.17169e+06 , 140251
391517 , 366284 , 1.16159e+06
-1.32874e+06 , -654598 , -740617
-800301 , -85636.4 , -1.33596e+06
1.20809e+06 , 474514 , -1.39836e+06
155934 , 925088 , 404972
-2.00664e+06 , -33639.6 , -181857
916594 , -1.62533e+06 , 1.01595e+06
-52961 , -116884 , -1.16843e+06
-1.05463e+06 , -110946 , 614191
-572029 , -129335 , -520587
-346467 , 273814 , 174281
57668.6 , -233531 , 1.60417e+06
1.68054e+06 , -327600 , 1.24623e+06
397598 , -396774 , -1.53412e+06
-332313 , -534653 , 1.17755e+06
-1.83655e+06 , 898645 , 863435
572315 , -345957 , -147148
922806 , -1.01529e+06 , 820287
902916 , -1.26916e+06 , -1.1626e+06
-888490 , 104280 , 1.49284e+06
1.3511e+06 , 976121 , -550363
-826163 , 316217 , 786018
-204052 , -928064 , 1.42867e+06
-1.72097e+06 , -533822 , 60072.8
43632.2 , -719259 , -946168
589426 , -1.65733e+06 , 622303
1.70103e+06 , -673646 , -724959
-777897 , -507735 , -13329
1.02748e+06 , -552870 , 1.22659e+06
69539.4 , -692981 , -1.37917e+06
-863068 , -472776 , 1.28306e+06
114145 , 1.08794e+06 , 333452
1.43025e+06 , -454650 , 172781
-352612 , -425814 , -840230
778949 , -1.67068e+06 , -1.19083e+06
1.47279e+06 , 1.17213e+06 , -501344
-563463 , 1.4042e+06 , -1.94526e+06
-279562 , 1.32232e+06 , 985641
-688806 , -1.78892e+06 , 117401
1.27467e+06 , -414337 , 387940
-2.32301e+06 , 302517 , 187905
-305220 , 442401 , 403326
1.42453e+06 , -164360 , 1.15905e+06
163604 , -800968 , 527478
500020 , -1.60023e+06 , -455158
1.21908e+06 , -594799 , -1.55174e+06
875649 , -2.02827e+06 , -181070
1.78378e+06 , 163756 , 1.00954e+06
1.02865e+06 , 1.24624e+06 , -167248
234452 , 199736 , 860165
205026 , -455152 , -489958
-1.48205e+06 , 285464 , -223605
223635 , -410388 , 386171
-482719 , -422293 , -682956
-159512 , -1.56076e+06 , -251536
-352308 , -1.60178e+06 , 154912
804287 , -2.09062e+06 , 875546
-298238 , 1.67079e+06 , 111190
-73057.6 , -1.03455e+06 , 1.09721e+06
-1.79448e+06 , 375026 , 1.05649e+06
-381640 , 132825 , 1.2374e+06
-517370 , -858412 , -742372
264287 , -2.07611e+06 , 43911.5
-293895 , 331336 , 957876
-1.19724e+06 , 1.87551e+06 , -938976
869128 , 340692 , -185015
-994509 , 1.29449e+06 , 613324
-991416 , 1.27111e+06 , -1.22347e+06
-557539 , 244872 , 476350
972314 , 1.07028e+06 , -469115
964300 , -805119 , 352707
212866 , -544140 , 1.09477e+06
-1.0931e+06 , -1.01466e+06 , 908678
-1.62327e+06 , 636907 , -275902
-864969 , 641830 , 1.70218e+06
-114791 , -812718 , 23784.5
1.25947e+06 , 587648 , -141516
-1.17804e+06 , 991692 , 909413
683624 , 228684 , -465837
986114 , 385522 , -1.26969e+06
688509 , -203239 , 1.09095e+06
-893807 , -762095 , -1.95659e+06
-39657.5 , -1.06318e+06 , -441803
1.50573e+06 , -1.17499e+06 , -316788
-246996 , 778895 , -88474.1
1.15676e+06 , 920617 , 603404
-545939 , -796887 , -835857
1.36106e+06 , 18764.6 , 84712.5
761179 , -1.71686e+06 , -438499
-242019 , -250596 , -483449
272239 , -180141 , 921266
-644616 , 521737 , 370511
-785432 , 390824 , 596399
539209 , -1.06402e+06 , -935713
1.85661e+06 , -295766 , 741748
-560875 , -1.49069e+06 , 149875
-147909 , -722518 , -500494
-1.25031e+06 , -954854 , 331834
-978173 , -375584 , -1.09448e+06
1.8022e+06 , -530038 , 656446
1.12067e+06 , -1.68082e+06 , 175749
-438010 , -1.37667e+06 , 25698.5
-101382 , 693924 , -1.0064e+06
-1.06555e+06 , -1.72887e+06 , -1.18356e+06
-112540 , -607551 , 1.26546e+06
-73884.3 , 319738 , 362928
-591208 , -858517 , -76699.4
-1.66011e+06 , 1.24287e+06 , 29416.6
319673 , -360309 , -933511
-386006 , -910936 , 45622.1
-687568 , -279275 , 932849
146820 , -1.91941e+06 , -380888
-40567.8 , 595718 , -1.74926e+06
27193.1 , 396460 , -943646
622085 , 388655 , -387313
-1.13855e+06 , 1.36459e+06 , -939062
698307 , 332710 , 1.13034e+06
-975479 , 1.68768e+06 , -1.13544e+06
-420605 , 64287.2 , 700916
-955959 , -1.27116e+06 , 607758
1.36584e+06 , 319658 , 440996
-613258 , -704744 , 767059
-178650 , 791710 , 835414
346182 , 564891 , -415518
219823 , 711612 , 436150
-591291 , 613010 , 169390
-996759 , -178887 , 60570.8
515469 , -912054 , 888321
1.34335e+06 , -305227 , -642244
271105 , 420459 , 387867
-429186 , -10854.5 , -475918
-153402 , 1.19347e+06 , 169700
-439192 , 215527 , -630691
-425385 , 299213 , 666939
-297290 , -733940 , 1.08244e+06
898359 , 2.13205e+06 , 143594
-920516 , 677268 , 312232
-865826 , -1.34011e+06 , -1.39424e+06
-850357 , 527591 , -733046
-109207 , -333264 , -1.08416e+06
-701063 , -1.14351e+06 , 124865
988568 , -8855.38 , -1.20818e+06
-1.42435e+06 , -86963.7 , -206467
-686952 , -524285 , -493096
-407949 , 1.26641e+06 , 948698
-60920.4 , -903937 , -449786
-290591 , -540283 , -1.18489e+06
-19263.9 , -13586.5 , 294625
584104 , 1.99457e+06 , 329400
-89607.5 , -971950 , -1.13278e+06
-807518 , 877296 , 656640
1.51108e+06 , -39884.7 , -469203
-810594 , -1.19288e+06 , 595634
1.82816e+06 , 751967 , -151560
1.18429e+06 , 1.22331e+06 , -1.35981e+06
-1.3099e+06 , 764133 , 1.63389e+06
-812914 , -1.03382e+06 , -181815
-1.50942e+06 , -26032.4 , -49884.4
-54292.9 , -214411 , 433047
-291305 , 143169 , -270917
1.68302e+06 , -66153.5 , 880808
-930982 , 609516 , 527107
970526 , 671009 , -129328
-520084 , -213281 , -248322
-552190 , 1.05321e+06 , -238458
-2.11036e+06 , 553338 , 738578
305417 , 341849 , -1.31942e+06
-341522 , -122545 , -131711
399497 , -554621 , 492754
-41415 , -959053 , -601136
461593 , 115916 , -300302
-1.65934e+06 , 456668 , -581330
421668 , -420269 , -1.97895e+06
-475899 , 1.01034e+06 , 1.50517e+06
711086 , -1.5316e+06 , -239564
-1.62501e+06 , 555423 , -276925
-1.0055e+06 , 493682 , 134822
563740 , -1.18285e+06 , -107773
216167 , 1.81269e+06 , 144135
571405 , 1.5207e+06 , 613726
-1.53134e+06 , -1.57774e+06 , -315884
-572925 , 428324 , -324096
936741 , -15607.6 , 8784.37
343783 , 1.41262e+06 , -512406
522755 , -615487 , -149844
-308748 , -1.35156e+06 , 1.43766e+06
-115547 , -1.70775e+06 , -317130
1.03993e+06 , -841077 , 284757
342574 , -772231 , 1.86862e+06
-215927 , -1.06996e+06 , 499922
-829399 , 1.45854e+06 , 339219
1.32804e+06 , 202806 , 827687
-294501 , 97327.5 , 1.57527e+06
-261022 , -1.18427e+06 , 631803
519286 , 518469 , -445954
1.08793e+06 , 1.03794e+06 , -698833
-42499.3 , -154016 , 211997
1.12479e+06 , 183166 , -818680
1.16498e+06 , -375082 , -763253
1.35333e+06 , 579113 , -397258
-535001 , 544171 , 987937
-702973 , 222104 , 1.39941e+06
-2.23841e+06 , -177388 , -165890
869339 , -631770 , -1.06163e+06
15380 , 1.68527e+06 , 55711.7
-1.3221e+06 , -1.42724e+06 , -220085
62775 , 202749 , -536733
1.68153e+06 , 606244 , 157302
285862 , 1.12493e+06 , -1.07909e+06
-221522 , -1.12895e+06 , 1.19649e+06
411896 , -904792 , 840965
-933248 , -949662 , -1.05315e+06
1.35744e+06 , 1.64633e+06 , 590837
-1.0428e+06 , 665850 , -750703
901301 , -1.44248e+06 , -97621.1
-361124 , 1.65379e+06 , -262240
-663735 , 229187 , 132518
700970 , -1.19453e+06 , -194265
-701102 , 967215 , 323981
-1.12949e+06 , 748674 , 623013
-809460 , 442666 , 805178
946131 , 178392 , 981805
467892 , -1.30451e+06 , -1.52527e+06
-382273 , 1.0794e+06 , -107664
799121 , -730932 , 1.6075e+06
342453 , -379950 , 514353
826471 , 817974 , -365473
925273 , -73495.5 , -1.31839e+06
785509 , 1.19112e+06 , 335385
1.22188e+06 , 679004 , -285586
217331 , 1.20037e+06 , 876408
-845941 , -744631 , -828401
-290622 , -1.46301e+06 , -1.23694e+06
588313 , -337739 , 376158
-253400 , 538384 , -1.81944e+06
-119174 , -1.86891e+06 , 324298
-686865 , -930598 , -256982
-646716 , 20282.7 , 231065
512708 , 1.62471e+06 , 416593
348919 , 1.03726e+06 , -1.00786e+06
1.2377e+06 , 825221 , -554268
-492845 , -706240 , -1.60266e+06
-907009 , -1.16082e+06 , 940799
1.08907e+06 , 863314 , 292322
-148497 , 675516 , -1.05359e+06
203477 , 205086 , 641371
-308823 , 1.46244e+06 , -57802.3
-218261 , -381195 , 416119
712287 , -759395 , 1.29081e+06
967554 , 824869 , 299986
-261319 , -887486 , 1.45189e+06
-186317 , -7333.63 , 991329
208552 , 1.77492e+06 , 16575
-1.25902e+06 , 1.01851e+06 , -1.25814e+06
-1.53342e+06 , 534275 , 580734
-524892 , -827545 , 846770
-245307 , 951009 , -490250
757521 , 358511 , -1.73757e+06
362847 , -1.29257e+06 , 930.156
-1.73279e+06 , 64489.3 , 870149
-810353 , -755254 , 396489
-587946 , 551404 , -244323
-1.31791e+06 , 635389 , 523008
-510315 , 692612 , -707698
1.36541e+06 , -509360 , -1.28181e+06
1.1636e+06 , -870314 , -1.05126e+06
-66478.8 , 1.41008e+06 , -417629
-63731.6 , 29533.1 , -751783
114620 , -1.16483e+06 , 1.74097e+06
865666 , -783097 , -586976
-540553 , 152545 , -1.13516e+06
-32362.2 , -414672 , 1.29942e+06
-1.34568e+06 , 309749 , -123845
-356514 , -26132.4 , -590291
248096 , -331907 , 530793
-927062 , 213551 , -1.50762e+06
-391883 , 651757 , 1.38211e+06
833614 , 820293 , 1.30587e+06
-980167 , 903273 , -1.1438e+06
1.42615e+06 , 1.20354e+06 , -879070
920459 , -2.21451e+06 , 60543.3
810901 , 350835 , -97013.5
-1.10256e+06 , -1.09618e+06 , -1.03698e+06
-1.17297e+06 , -1.83829e+06 , -299189
933592 , -1.21495e+06 , 83544.9
792291 , -479095 , -1.40063e+06
1.55231e+06 , 361660 , -603295
-249927 , -1.75717e+06 , -293252
275474 , 713890 , 243902
-152067 , 434571 , 985364
269665 , 1.74106e+06 , 808065
-750093 , 1.02737e+06 , -361479
1.48289e+06 , -806242 , 28743
-967234 , 946453 , 481257
-1.29492e+06 , 381456 , -1.13183e+06
-150380 , -253656 , 1.19019e+06
1.0863e+06 , -556771 , -225925
-2.18413e+06 , -400468 , -461699
-1.00504e+06 , -24015.7 , -611250
1.02319e+06 , 1.19365e+06 , -431086
-1.06557e+06 , 1.14117e+06 , -824757
472996 , -573434 , 583097
1.71219e+06 , -34483.8 , -673226
219470 , -621046 , 174110
-1.28908e+06 , 237113 , 824149
246458 , 223720 , -366954
-921968 , -13198.4 , -257229
1.58738e+06 , 696152 , 535228
930602 , 330881 , 5006.19
-1.33332e+06 , 1.46059e+06 , 837006
-228087 , -1.34242e+06 , 1.81523e+06
296795 , 404013 , 291288
123223 , -1.70374e+06 , 752782
1.4062e+06 , -169448 , 1.63465e+06
-374853 , 1.2524e+06 , -1.36077e+06
-59039.2 , 758348 , -362136
-1.30583e+06 , 1.30943e+06 , 650184
-870595 , 294969 , -848487
603598 , -1.48102e+06 , -327574
746891 , 1.22637e+06 , 681565
-1.79951e+06 , 105150 , 52356.8
1.78704e+06 , -595747 , -655971
-1.20524e+06 , -700884 , 47650.1
-1.02933e+06 , 1.88656e+06 , -661650
480361 , -615029 , -845692
722880 , 825794 , 314087
-923092 , 1.43882e+06 , 325569
1.23743e+06 , 1.17126e+06 , 124915
697179 , -1.50465e+06 , 683529
577288 , -909980 , -171765
701199 , -1.00032e+06 , 627418
-55655.5 , -217676 , 1.16949e+06
-569712 , -396876 , 1.39143e+06
-59176.4 , -881897 , 2.29159e+06
1.10637e+06 , 1.3088e+06 , -1.30651e+06
-1.52512e+06 , -448596 , 637378
1.07448e+06 , -314991 , 783242
-1.22199e+06 , -280861 , -570701
1.12289e+06 , -837824 , 577322
-504527 , -1.38252e+06 , 768733
296870 , -967092 , 985870
1.12487e+06 , -141650 , -1.81854e+06
456413 , -285220 , 986169
248776 , 54805.5 , 1.12438e+06
1.88397e+06 , -215530 , 760579
-608766 , -391471 , -275021
77276.6 , 137331 , 483524
-969681 , 1.85363e+06 , 437305
1.81229e+06 , -273215 , 398453
130016 , 751319 , -1.30566e+06
-2824.1 , 879161 , 1.19659e+06
-1.50314e+06 , 377189 , 1.38789e+06
-534290 , 870023 , -535501
1.24662e+06 , 497067 , -599262
-1.48434e+06 , 878588 , 147160
-361016 , 960214 , 543985
383656 , 1.12698e+06 , -598605
200634 , -433747 , -1.95054e+06
-1.62461e+06 , -553159 , -103930
-646995 , -226613 , 986931
873978 , 1.39925e+06 , -8699.38
20073.7 , -83131.4 , 1.47906e+06
866818 , 655733 , -92587.1
255437 , -576759 , 696730
1.67027e+06 , -788653 , 1.05474e+06
125530 , -57221 , 660977
-981822 , 1.91973e+06 , 238298
-477733 , 207539 , -1.78526e+06
1.92628e+06 , 207876 , 1.29018e+06
513761 , -463792 , 1.27076e+06
770869 , 366261 , -1.31931e+06
-1.08319e+06 , -270656 , 289313
1.29372e+06 , -359661 , -13724.5
-165394 , 235434 , -1.14025e+06
-1.83953e+06 , 196466 , 110443
-356823 , -537082 , 710489
-1.36872e+06 , 614708 , -822838
1.2978e+06 , 350043 , 478388
-798371 , 721907 , 1.06454e+06
-156322 , -677445 , -2.1068e+06
258794 , -940635 , 361441
-618578 , -8950.56 , 412893
-1.47285e+06 , -405850 , 861788
1.5355e+06 , 605471 , 2708.87
1.12069e+06 , 1.5932e+06 , -37763
-1.17677e+06 , -1.17604e+06 , -248075
341162 , -670305 , -1.12307e+06
53398.1 , -1.20635e+06 , 274370
-360056 , -484210 , 587815
786427 , 835836 , -591949
-458161 , -240761 , -1.39405e+06
-884380 , -167642 , -778844
844134 , -1.50299e+06 , 245865
-626753 , 946744 , 911855
249554 , -501163 , 323350
-984996 , 1.16579e+06 , -1.14616e+06
610805 , 1.7173e+06 , 1.0264e+06
2.03337e+06 , 38789.8 , -201127
-80439 , 190549 , 994495
692620 , -736195 , 515239
-1.16677e+06 , -1.18187e+06 , -777053
-1.02657e+06 , -763360 , 1.36073e+06
1.3307e+06 , -339949 , 906139
620728 , 973944 , 641626
1.39179e+06 , -93857.6 , -1.35724e+06
-161581 , -266346 , -1.51917e+06
-640414 , 1.1153e+06 , -109423
-471144 , -228236 , 512008
1.37685e+06 , -1.14636e+06 , -204431
-638991 , -1.53049e+06 , -829478
-1.84862e+06 , -744672 , 70765.3
1.84954e+06 , 476480 , -849982
99942.7 , 1.5103e+06 , 524248
-1.46607e+06 , -1.41186e+06 , -427502
482558 , -87547.6 , 1.67399e+06
-299150 , -495929 , 706754
655464 , 471992 , 921258
669075 , -1.8121e+06 , 554712
346931 , -485328 , 817751
-1.19469e+06 , 461493 , -1.01009e+06
435852 , 323334 , 1.04685e+06
748036 , 1.04245e+06 , 733966
-948987 , -537064 , 619252
324823 , 264745 , 722817
-983027 , -799928 , 44266.8
1.22979e+06 , 1.2334e+06 , 601486
-45821 , -120462 , 1.8637e+06
-1.22539e+06 , 169758 , 794622
1.45404e+06 , -76273.4 , -999666
626591 , 337810 , 1.28262e+06
-1.03236e+06 , -409557 , -962581
-1.38615e+06 , 436795 , 737261
-351965 , 49781.5 , 85042.4
-900825 , -637455 , -227031
-541134 , -466958 , 66217.3
-1.55741e+06 , -1.10816e+06 , 100335
-379774 , 792777 , 1.62111e+06
1.89396e+06 , 326574 , -389931
209935 , 334300 , -1.64959e+06
-57623.7 , 724534 , -1.19364e+06
-402432 , -119583 , -568532
323257 , 1.13731e+06 , -1.2058e+06
471603 , -1.82853e+06 , 1.39751e+06
1.18676e+06 , -607894 , 692002
437070 , -380127 , 1.28949e+06
-659241 , 1.36206e+06 , 989516
430228 , -1.8653e+06 , 1.05497e+06
548674 , -369632 , -283800
-190047 , -1.13431e+06 , -1.19402e+06
747651 , -1.05101e+06 , 960439
1.35863e+06 , -373086 , 427682
939334 , 181355 , 663458
146993 , -90687.9 , -60371.1
1.36827e+06 , -1.30847e+06 , 318974
583477 , 1.28386e+06 , 409292
177570 , 380560 , 1.64714e+06
835992 , 562230 , 846084
584387 , 264846 , 22791.1
313235 , -1.44763e+06 , 383703
1.28341e+06 , 218489 , -198304
221865 , -890877 , -459445
-1.03426e+06 , -1.89899e+06 , -14726.4
1.53135e+06 , 108275 , -1.01346e+06
1.15083e+06 , 1.46742e+06 , 1.0934e+06
-1.04169e+06 , 986455 , 701822
1.42484e+06 , 259549 , 618950
183537 , 886958 , -1.65653e+06
952006 , 71937.7 , -1.45163e+06
-643731 , 1.83795e+06 , -250906
547530 , -46229.8 , 311484
-752849 , 1.12797e+06 , 305795
210571 , -640204 , 1.0053e+06
786768 , 1.20057e+06 , 1.87344e+06
898189 , -1.08408e+06 , -1.07553e+06
1.4875e+06 , -1.32961e+06 , -1.28647e+06
-433080 , -1.71191e+06 , -811733
519969 , -1.32538e+06 , -365006
1.2331e+06 , -700138 , -54183.4
897847 , 1.27471e+06 , 566063
-457369 , -1.60996e+06 , -18913.1
-226027 , -1.46011e+06 , -1.21436e+06
-613028 , 284913 , 141848
-1.53658e+06 , -533985 , 480537
446070 , 570017 , -903522
-1.15911e+06 , -645088 , 289771
-157011 , -589894 , -170959
757103 , -289940 , 2.31242e+06
-673520 , 1.2216e+06 , -459972
-431818 , -641035 , -1.43119e+06
920424 , -816924 , -737284
-1.38596e+06 , -653314 , -219194
871375 , -1.21283e+06 , -754670
1.09497e+06 , -701261 , -843762
-1.19868e+06 , -178919 , 399752
-1.39636e+06 , 7293.95 , -1.0414e+06
-175332 , -13373.6 , -1.47694e+06
-585748 , 676325 , 141775
433487 , -1.89163e+06 , -258786
-1.91871e+06 , -1.32475e+06 , -590603
-1.63617e+06 , -1.07123e+06 , 881677
722929 , -459423 , -294687
119269 , -1.20866e+06 , -66391.2
285013 , -1.65659e+06 , -335434
78334.8 , -1.27883e+06 , -1.05482e+06
-957891 , 1.59807e+06 , 719080
-236671 , 585773 , -1.37475e+06
194235 , 1.31354e+06 , 1.28804e+06
-112315 , 113575 , -752104
-383138 , -1.57556e+06 , -866181
-98955.5 , -968258 , 1.3766e+06
928523 , 730921 , -220692
12959.6 , 297545 , -164863
1.48091e+06 , -395602 , 269813
862542 , -1.73595e+06 , -533400
-879678 , -1.44297e+06 , -445669
316142 , 1.6038e+06 , 758912
-87877.7 , -213770 , 150938
-125616 , -1.48121e+06 , -1.40655e+06
183861 , 390209 , 701057
-102939 , -1.17132e+06 , 472165
-378672 , 1.36238e+06 , -257265
439759 , 1.20359e+06 , -244978
1.31851e+06 , 514019 , -926617
874691 , 266247 , 66073.7
246627 , -330842 , 1.72204e+06
-906106 , -71255.1 , 1.15296e+06
446184 , -584089 , 1.30094e+06
248683 , -1.42788e+06 , -261269
-97126.7 , -599724 , -357600
-1.95116e+06 , 1.10159e+06 , 61929.5
620384 , 114543 , -821141
888650 , 1.14665e+06 , 123801
-1.14511e+06 , 274301 , 119996
-570137 , 253210 , -136474
780347 , -440687 , -1.03702e+06
2.06292e+06 , -259381 , -348348
449805 , -148822 , -1.35263e+06
861193 , -43522.2 , 578421
378129 , -216288 , 2.06182e+06
-1.38233e+06 , -968949 , -829647
-1.93058e+06 , 52625.1 , 212761
413398 , -307197 , -617058
99774.9 , 346192 , 1.33717e+06
1.17304e+06 , -1.39158e+06 , 704790
-306200 , -781485 , 959690
-131412 , -1.54992e+06 , -925426
-444282 , 2.1785e+06 , -220758
-1.40598e+06 , 433927 , -424224
-916455 , -82849.5 , -117611
-2.26781e+06 , 120119 , 842905
709002 , 434261 , 1.75676e+06
-755687 , 828416 , 182596
903719 , 535346 , -609628
-1.35189e+06 , -8253.15 , -1.52482e+06
-816825 , -1.85315e+06 , -470385
313368 , -95129.8 , -49364.8
-404963 , -8569.07 , 333686
599254 , 996668 , 596366
-198536 , -2.32833e+06 , 148686
938811 , 244111 , 561563
1.55131e+06 , -426429 , -1.09668e+06
-772472 , -2.08364e+06 , 106217
-741430 , -605216 , -867555
-702994 , 658000 , -1.26195e+06
-195890 , 1.79907e+06 , 831889
-376878 , 1.09334e+06 , -1.08588e+06
398419 , -393901 , -752551
175733 , -766945 , 930654
1.09521e+06 , -1.15797e+06 , -806356
1.57581e+06 , -306594 , 356697
59906.2 , 540747 , 1.16004e+06
-736515 , -1.94596e+06 , -517803
-578014 , -768020 , 196837
267582 , 262636 , -206155
237557 , -83535.9 , 91542.3
-823694 , 488251 , 69059.6
-317491 , -368699 , -1.20068e+06
-657317 , -1.56712e+06 , 182271
-264792 , -305688 , -851974
-554994 , 216172 , 793901
-1.06368e+06 , 906499 , -19950.3
288002 , -436168 , 1.38184e+06
281739 , -1.22544e+06 , -1.02565e+06
-579857 , 544387 , 529496
200658 , 981599 , -563454
-133514 , -531162 , 1.50162e+06
-613642 , -1.32887e+06 , 737179
-405647 , -1.24122e+06 , -688789
-2.05451e+06 , 882508 , 538812
190048 , -566988 , -1.75641e+06
1.97197e+06 , -1.34193e+06 , -591343
-390395 , -1.41448e+06 , -422862
603423 , -1.96802e+06 , -136675
1.54753e+06 , -812373 , 1.20891e+06
1.12519e+06 , 228166 , 1.39742e+06
1.2662e+06 , 21958.1 , -300968
707633 , -129215 , 47425.7
155003 , -304100 , -126418
-666265 , -62931.5 , 1.33207e+06
-239941 , 268793 , -572528
1.44592e+06 , -609130 , -531185
-286382 , -718627 , 64780.1
-884518 , -1.36744e+06 , -51271.3
297612 , -1.01113e+06 , 336435
2.7368e+06 , 115482 , 179637
246963 , 214550 , 1.14989e+06
-1.21752e+06 , 435424 , 66616.6
-1.20729e+06 , -339845 , -423231
1.309e+06 , -512395 , 83908.4
382701 , -607090 , 1.78132e+06
1.30331e+06 , 56580.2 , 905146
676553 , 954442 , -1.51002e+06
-1.59748e+06 , 370646 , -1.12341e+06
-761595 , -665452 , 1.45082e+06
-982526 , -66961.6 , -985724
-218851 , -1.50981e+06 , -1.03172e+06
1.8223e+06 , -933022 , -108915
-161217 , 1.41315e+06 , 2.04789e+06
-1.22831e+06 , 520680 , 1.00525e+06
526283 , -678478 , 147696
852299 , 248977 , -329280
-1.26149e+06 , 767760 , 1.30958e+06
821154 , -55996.5 , 817949
253880 , 828224 , 10901
1.14831e+06 , 609289 , 1.02464e+06
262888 , 1.63714e+06 , -236996
323333 , 1.57684e+06 , 1.12497e+06
856657 , 886962 , -1.04618e+06
1.15064e+06 , -67081.4 , -39322.8
-165266 , -590602 , 2.13452e+06
550575 , -1.78302e+06 , 495024
-707735 , -596957 , 322613
1.43722e+06 , -111895 , 819730
-614792 , 873336 , 439388
249497 , 1.21847e+06 , 86635
297141 , -566280 , -1.26561e+06
-1.15409e+06 , 449221 , 1.22254e+06
-231536 , 417869 , 375000
-417660 , 805446 , -1.00785e+06
1.45039e+06 , 1.39428e+06 , -47809.5
-688054 , 360618 , 1.08829e+06
255844 , -159265 , -467283
1.21123e+06 , -102734 , 1.19681e+06
697061 , 971028 , -766466
-1.02127e+06 , 1.02738e+06 , 338540
1.0337e+06 , -241090 , -1.28602e+06
-1.64205e+06 , 21315.4 , -869710
-1.44163e+06 , 675001 , -1.36017e+06
-963218 , -779708 , -466578
-369853 , -965061 , -729742
-547465 , 402734 , 105287
811741 , -927762 , 650876
996485 , 1.2048e+06 , -508210
399418 , 1.1563e+06 , 466666
-1.61293e+06 , -46859.9 , 360670
1.41134e+06 , -471142 , -439249
-271629 , -861194 , 71024.9
-2.02814e+06 , -127442 , -948831
-157258 , -1.01147e+06 , 438766
-371500 , -83977.1 , 1.69732e+06
-1.0539e+06 , 1.48284e+06 , -539131
-1.61609e+06 , -1.10651e+06 , -659841
-489753 , -683838 , 715869
-213641 , -1.196e+06 , -452616
-953101 , 1.48845e+06 , -615757
-733167 , 1.91521e+06 , 48426.1
-855521 , -613780 , 685656
196668 , -33726.2 , 934317
164142 , -1.52974e+06 , -326689
275900 , 109774 , -307717
1.32704e+06 , -1.15167e+06 , 1.17259e+06
-412524 , -1.83517e+06 , 662454
-30358.5 , -1.24602e+06 , 679995
-1.38822e+06 , -379587 , 373342
1.15842e+06 , 884718 , 1.14094e+06
183742 , 449917 , -1.12516e+06
227701 , -640253 , -473523
620795 , 1.19224e+06 , -1.25849e+06
-141243 , -158208 , 1.03197e+06
155341 , 839137 , -136517
-867854 , -659203 , -364660
1.45855e+06 , 82160.3 , -547108
-1.36443e+06 , 670881 , -1.00542e+06
404786 , 802099 , 523021
301344 , -1.07727e+06 , 1.27237e+06
-440934 , 1.87069e+06 , 31001.5
-938041 , -1.08933e+06 , -733058
-1.07623e+06 , 1.45663e+06 , 296361
-1.02895e+06 , 524423 , 565433
-924322 , -358255 , 144672
-1.4761e+06 , 978088 , 469484
489158 , 745765 , 1.94008e+06
237218 , 45305.6 , -772055
-1.33412e+06 , 830054 , 1.22581e+06
21177.8 , 326011 , 799778
1.50093e+06 , 885004 , 240632
-380212 , 363356 , -108503
1.2945e+06 , -360914 , 765457
1.50851e+06 , -104024 , -843143
514385 , -179109 , -81376
-449389 , 1.23161e+06 , -1.13262e+06
-448362 , -1.37902e+06 , 1.89713e+06
-512520 , -1.47327e+06 , -1.41522e+06
793011 , 981094 , 179809
500243 , 546536 , -1.37149e+06
656444 , -566903 , 10978.7
658470 , -848857 , -64194.5
-928814 , -1.47925e+06 , 355064
1.37355e+06 , -448463 , 835813
854752 , 366715 , 123356
-1.51054e+06 , -273462 , 142650
791204 , -769233 , -417132
310716 , -830696 , 786454
1.46994e+06 , 1.3225e+06 , -119651
1.17872e+06 , -1.28879e+06 , -515644
-768241 , 249905 , 1.55671e+06
-327127 , 458747 , -1.62658e+06
186820 , 889697 , 725124
924269 , 522433 , 912559
-527342 , 1.5439e+06 , 900945
-156777 , -431733 , -1.55126e+06
-1.01009e+06 , 642741 , 493850
672296 , -1.46492e+06 , -574398
-103230 , -1.41125e+06 , -465225
666505 , -878751 , -250540
-145504 , -855645 , -1.19136e+06
1.22086e+06 , 1.02932e+06 , -1.46112e+06
1.30947e+06 , 152465 , 93132.5
521906 , 476894 , -640133
-548324 , 1.00024e+06 , 636519
-159432 , -812398 , -479560
230988 , 266695 , 787839
-513734 , 461862 , -204842
-1.36665e+06 , 345684 , 335165
910648 , 677958 , -5411.9
-371526 , -1.03647e+06 , 655866
1.34755e+06 , -222676 , 167104
-202762 , 63455.4 , 105335
772155 , -1.55283e+06 , 72452.9
-432377 , -1.24856e+06 , -612329
1.00705e+06 , -7968.09 , 694990
121636 , 1.14687e+06 , 827804
-768385 , 2.01036e+06 , 1.05459e+06
2.04931e+06 , 286314 , 521894
282043 , -529701 , 363441
-613669 , -324431 , 876981
1.6958e+06 , -228906 , 358369
1.00655e+06 , -141313 , -419701
-1.36297e+06 , 198624 , 492315
403702 , 909696 , 208060
762226 , -138244 , 420694
-18441 , -1.94734e+06 , -3580.95
-322517 , 639324 , 465522
878520 , -1.07729e+06 , 842580
-1.47317e+06 , -879554 , 78684
-1.83728e+06 , 261728 , -761698
283785 , 420109 , 171160
805762 , 774133 , -356374
-1.87234e+06 , 353150 , 1.22389e+06
707207 , 783635 , 701475
-452577 , -1.45721e+06 , -610551
190521 , 1.65389e+06 , -713724
1.834e+06 , -148001 , 189845
-863809 , 1.71747e+06 , 804887
365120 , -785708 , 891947
-1.0063e+06 , -250799 , 700138
-551651 , 1.28412e+06 , -63678.8
-1.0997e+06 , 284817 , 1.26544e+06
527887 , 612989 , 1.59698e+06
-470401 , 956845 , -749433
-908789 , 1.34525e+06 , -418546
-733216 , -285265 , 892316
1.19018e+06 , -1.04787e+06 , 198752
-672437 , 553009 , -1.00435e+06
-1.33139e+06 , 124703 , -467187
620418 , 52997.9 , 380161
644959 , 1.17962e+06 , -866244
-1.71884e+06 , -270682 , 482188
392605 , -827071 , -772552
429442 , -725344 , -398863
701684 , -1833.62 , -341235
-1.12221e+06 , 231254 , 1.67895e+06
-30794.5 , -115215 , 636003
-925965 , -606789 , 384265
-452505 , 34639.9 , -218050
-1.29471e+06 , -602574 , -636490
1.20523e+06 , -1.69513e+06 , 88525
-647134 , -396520 , 63419.9
706574 , 360445 , -190244
815552 , 1.18436e+06 , -311366
-1.59219e+06 , 832626 , 96867.6
746649 , -1.25485e+06 , -299890
-450380 , -568680 , -40377.7
-747161 , 489563 , 1.71399e+06
-1.41495e+06 , -1.53669e+06 , 481285
-983321 , 1.66877e+06 , -609307
445727 , 332971 , 45487.7
-648861 , -946132 , -810334
-1.36369e+06 , 68166.1 , -490892
543855 , 1.35533e+06 , 427975
-641592 , -1.08756e+06 , -952297
837060 , 392908 , 1.0745e+06
134389 , 491015 , -953392
48463.8 , 1.89796e+06 , -109609
-1.46161e+06 , -792055 , 1.00727e+06
-185504 , -1.10689e+06 , -186085
995979 , 176856 , -794948
265826 , -1.59253e+06 , -188978
-865149 , 727872 , -734106
-719713 , -531875 , 732269
-405648 , 111774 , -687311
-636772 , 1.83596e+06 , -619446
1.19493e+06 , 1.39044e+06 , -157999
-900355 , 36050.4 , -571451
311960 , 525085 , 1.09858e+06
-1.19341e+06 , -437989 , 119531
-1.52874e+06 , -335782 , 693539
-234120 , 1.46027e+06 , 214136
295940 , -794775 , -969008
250382 , -1.66548e+06 , -1.23256e+06
157095 , 588308 , 592157
-1.57112e+06 , 1.13782e+06 , -387711
-554327 , -347965 , -119546
-1.24578e+06 , -84272.8 , 424038
669743 , 1.1977e+06 , -730794
136115 , 171060 , -425288
-792039 , 981110 , 834529
-226347 , 764005 , -983032
-90177.2 , -485071 , 1.12839e+06
-631290 , -1.5911e+06 , -870591
-162577 , 829297 , 1.28878e+06
-289960 , 1.4298e+06 , 267979
266099 , 100425 , -399610
-377015 , -482831 , 2.02167e+06
-461629 , 37885.2 , 253848
-1.39409e+06 , -778775 , -431195
-1.08515e+06 , 399520 , 125049
-1.35155e+06 , 1.1965e+06 , 259010
-430870 , 1.00636e+06 , -148114
-752369 , 446622 , 221306
-961429 , 786575 , 82240.1
-366409 , 943928 , 1.61595e+06
429679 , 913638 , -653144
-1.70806e+06 , -196648 , -68771.2
-547130 , -129041 , -120095
-821849 , 1.16879e+06 , -983401
881987 , 314624 , 87228
-304607 , 42036.8 , 35325.8
1.2227e+06 , 353419 , -1.03152e+06
-838819 , 721903 , -301045
-591434 , 896785 , 806557
1.34719e+06 , 1.46823e+06 , 270980
-1.08466e+06 , -387047 , -1.20267e+06
631480 , 449074 , -1.37891e+06
872536 , 745074 , 600698
742415 , -986465 , 1.30297e+06
-225154 , 411764 , 1.04099e+06
-288259 , 262535 , 1.69768e+06
535176 , -755124 , 227024
-617576 , -1.32147e+06 , -1.02719e+06
-1.24896e+06 , -243607 , 1.57123e+06
556400 , -30993.3 , 1.27352e+06
283306 , 1.17957e+06 , -659867
1.0938e+06 , 1.42626e+06 , -1.2267e+06
617523 , -1.15373e+06 , -396775
495533 , 1.32074e+06 , -657477
964410 , -711236 , -993047
-581604 , -2.08878e+06 , 356238
-873212 , 139033 , -1.47069e+06
130257 , -969030 , -934931
927721 , 880802 , -1.10342e+06
650479 , -355705 , -764122
1.28931e+06 , -1.27655e+06 , -1.09241e+06
605034 , 227232 , 102086
1.25652e+06 , 1.17452e+06 , -839342
853534 , -799275 , 779278
1.03962e+06 , 928145 , -908414
212305 , -351352 , -363793
318155 , -878288 , 96954.6
254897 , 469208 , -597387
268325 , -998394 , 1.95239e+06
851719 , -1.28089e+06 , -905765
1.10558e+06 , -940025 , 407865
-389238 , -1.89495e+06 , -480968
443553 , -655540 , -688046
-8768.93 , -696778 , -1.36797e+06
-263232 , -355074 , 121774
-263160 , 289113 , -88569.8
581841 , -263093 , 2.28853e+06
-954468 , -1.32938e+06 , 744942
-203300 , 1.04914e+06 , -751651
-276604 , -516907 , -334816
484880 , -267215 , 123115
256317 , 301810 , -346041
240398 , -1.69952e+06 , -792546
-521300 , 157514 , 597263
-1.14014e+06 , -411829 , 661196
-1.16051e+06 , -1.09301e+06 , -104942
-474492 , -272188 , 915880
91437.7 , 877397 , 1.3473e+06
-1.17521e+06 , -1.20647e+06 , 110382
68446.9 , 309033 , 374741
-1.23694e+06 , -1.11626e+06 , -637411
609819 , -957631 , 439381
283048 , 647871 , -260179
-1.41041e+06 , -533826 , 696344
-443474 , 694840 , -132898
-1.26998e+06 , 20874.3 , -959656
-1.35184e+06 , -1.19742e+06 , 31883.7
633904 , -1.44659e+06 , -322040
-792383 , -131440 , -675736
345599 , -1.02454e+06 , 369608
-1.32892e+06 , -423837 , 1.69405e+06
1.85387e+06 , 656134 , 1.53601e+06
403208 , -1.3166e+06 , -1.71456e+06
704306 , 28444.8 , -317966
920404 , 1.04833e+06 , 1.25044e+06
679428 , 368491 , 151465
-651014 , 304445 , -1.5918e+06
-1.86238e+06 , -656946 , 832567
906868 , 9211.38 , 1.00797e+06
-287100 , -168835 , 847017
921187 , 1.08898e+06 , -686962
-630854 , -1.12367e+06 , -142725
328061 , 1.20015e+06 , -305980
511148 , 48117.2 , -468229
1.39729e+06 , -860719 , 1.44021e+06
-163138 , 1.10725e+06 , 972702
291404 , -649622 , -187002
796113 , 344507 , -475602
888509 , -366524 , 1.38486e+06
-121650 , 282217 , 541103
-1.65476e+06 , 432730 , 129663
-1.02312e+06 , 1.46287e+06 , 784069
-428564 , 37141.8 , 1.46926e+06
-339571 , 224869 , -626812
-519749 , 1.00271e+06 , 715729
-1.1725e+06 , 150200 , -1.59091e+06
846000 , 1.85664e+06 , 416602
288438 , 1.77185e+06 , 1.02863e+06
-337296 , 443435 , -1.21791e+06
1.77963e+06 , 5734.08 , 545431
-162677 , 1.84905e+06 , 216736
-572399 , 1.5454e+06 , 1.10699e+06
443610 , 1.23911e+06 , 1.02878e+06
822127 , -1.15436e+06 , -1.3232e+06
310183 , 583690 , 1.62991e+06
-382798 , -549946 , 767327
866725 , -1.0285e+06 , 920451
-640723 , -1.18216e+06 , 1.03736e+06
1.31646e+06 , 691019 , 1.12151e+06
861004 , 483156 , 1.21779e+06
1.12827e+06 , -1.19908e+06 , 634081
-475142 , -1.13068e+06 , 818660
-1.50991e+06 , -108627 , 444962
-532473 , 311160 , 1.4233e+06
1.01032e+06 , -477398 , -308615
-847018 , -1.39149e+06 , 134758
209604 , 413604 , -155248
-636763 , 1.37968e+06 , -556334
-1.46651e+06 , -628976 , 515542
-412941 , 142081 , -1.35836e+06
611455 , -648698 , -714119
1.15529e+06 , 832354 , -328816
32397.2 , 1.1573e+06 , -170786
-689357 , 357537 , -615490
215952 , 1.34558e+06 , -288062
-337251 , 1.72397e+06 , -477806
-562217 , 814199 , 1.17653e+06
381064 , -72987 , 629351
1.08796e+06 , 1.91924e+06 , 1.29025e+06
-1.06924e+06 , -1.1749e+06 , 535685
382155 , 1.21858e+06 , -1.11334e+06
-340310 , -329955 , 801336
101594 , -114917 , -939040
-1.07837e+06 , -1.69178e+06 , -499330
-270719 , 369676 , -563190
1.27605e+06 , 1.13457e+06 , -289282
617666 , -566559 , -1.71338e+06
640863 , -1.49529e+06 , 1.75544e+06
650499 , -13517 , 303258
778864 , 869704 , -551265
-819044 , 2.11564e+06 , -217569
508967 , -7738.06 , -1.8649e+06
-354519 , 1.57071e+06 , 999969
-1.002e+06 , 49368.9 , -592904
-395099 , 545707 , 3973.83
769740 , 857337 , -1.41587e+06
841066 , -96851.7 , 518494
-388014 , 685067 , -1.19192e+06
1.35231e+06 , -1.02526e+06 , -256349
-162663 , -20721.6 , -613583
713644 , 356001 , -1.22309e+06
-152730 , -800821 , 1.39709e+06
1.29559e+06 , 464787 , 1.01897e+06
-223207 , 60287.6 , 868086
-104023 , -75917.5 , -48454.3
-119374 , -957876 , -1.11691e+06
-208656 , -237032 , 1.20357e+06
287137 , 1.46421e+06 , -1.05113e+06
1.19954e+06 , 10260.3 , -1.13047e+06
1.10154e+06 , 1.0237e+06 , -952517
675855 , 845008 , 930090
-262489 , -44474 , -1.40155e+06
-1.01938e+06 , -56716.2 , -1.37897e+06
1.25058e+06 , 1.18413e+06 , -1.42977e+06
-484312 , -1.02932e+06 , -700271
866456 , -1.06121e+06 , -956028
-1.61679e+06 , 935078 , 714399
156119 , 434718 , 274854
223706 , 1.60047e+06 , -285678
391867 , -1.36592e+06 , -442249
103669 , -962740 , 1.85469e+06
-133726 , 386356 , 1.6209e+06
1.09122e+06 , -1.20013e+06 , 1.22828e+06
-1.69082e+06 , 560661 , -593588
-241945 , 773312 , 233409
-1.07771e+06 , -1.67378e+06 , -1.32956e+06
-263465 , 705902 , 677141
-871990 , -1.34566e+06 , -1.8237e+06
-1.31559e+06 , -916540 , 152046
-505961 , 1.19697e+06 , -1.062e+06
1.10802e+06 , 436602 , -873399
-292708 , 1.42603e+06 , 1.30494e+06
2.09399e+06 , -365658 , 479906
-13002.2 , -1.25576e+06 , 1.36739e+06
476288 , -41086.1 , 76318.5
-102051 , -840298 , 45561.8
369877 , -59920.5 , 1.14585e+06
-1.13426e+06 , -1.17781e+06 , 809868
1.68948e+06 , -1.43069e+06 , -537588
-1.11041e+06 , 1.68079e+06 , 1.15699e+06
1.77593e+06 , 93757.1 , -194544
-758310 , -171427 , -501013
-1.07917e+06 , 620274 , -256528
546338 , 7476.37 , -690602
162908 , -316195 , -429061
-1.01618e+06 , -81567.5 , 1.38071e+06
1.83056e+06 , 442965 , -46940.7
597444 , 751179 , -721455
-1.32597e+06 , 970354 , -277270
603486 , 976126 , -449684
563059 , -99345.8 , -1.36856e+06
680111 , 922506 , 739558
-61552.7 , 980009 , -1.81055e+06
-229929 , 144858 , 542547
-103727 , 524599 , -1.2812e+06
351595 , -344524 , -584816
-604155 , -21045 , 1.11662e+06
-854652 , 643517 , 620871
154263 , 759026 , 1.48847e+06
63299.8 , 336465 , -430522
650379 , -792151 , -758599
-513400 , -1.16268e+06 , -113848
-154896 , 1.80254e+06 , 1.44069e+06
1.52479e+06 , 235921 , 381972
834045 , -4830.24 , -998010
-215801 , 200443 , -668199
-1.82874e+06 , 496802 , 452661
-296310 , -449232 , 1.51071e+06
-124019 , -839311 , -650136
723222 , 260905 , -72485.4
320145 , -45965 , 263784
-121925 , -640445 , 1.04616e+06
414556 , -368063 , 1.13405e+06
-333663 , -307496 , -1.52479e+06
-871160 , 148217 , -394114
-417077 , 360934 , 1.38391e+06
162972 , 2.256e+06 , -184494
-324580 , 775661 , -1.5056e+06
362016 , 764427 , -915036
-1.005e+06 , 1.04028e+06 , 206353
376583 , 1.0831e+06 , -271632
1.12121e+06 , 837728 , 542078
-1.92578e+06 , -653055 , 1.39137e+06
-350143 , 312274 , 1.50888e+06
-588729 , -738154 , 1.03365e+06
903712 , -116779 , -528034
-823497 , -57030.8 , -1.39832e+06
134295 , -91496.4 , 234841
1.02701e+06 , -185322 , -663182
937397 , -1.46786e+06 , 105741
963140 , 498184 , -45102.5
881996 , 885930 , 792292
-525365 , -369681 , -1.23396e+06
308770 , 189209 , 1.61529e+06
360863 , -1.05489e+06 , 201025
219341 , 1.22759e+06 , 1.17873e+06
1.47571e+06 , 29199.6 , 141183
-726554 , -172172 , -2.29578e+06
-793329 , -1.2082e+06 , -919203
47872.7 , -651023 , -701241
-236704 , 1.57771e+06 , 264687
-199039 , -814488 , 455851
879344 , -543871 , 666718
-465192 , 159070 , 1.37243e+06
-1.023e+06 , -1.17462e+06 , 244594
-306038 , -168990 , -67459.2
1.65064e+06 , -383214 , -666671
-1.19502e+06 , 807053 , -1.16397e+06
-1.05225e+06 , 156327 , -1.30635e+06
-316212 , -1.2138e+06 , -267348
1.02181e+06 , 369322 , -831702
453478 , 14818.6 , -576206
316304 , 153511 , 1.97742e+06
-423984 , -628038 , 629625
-272232 , 1.8755e+06 , -337208
131034 , 1.73183e+06 , -678167
331756 , -680903 , 1.38299e+06
620525 , 1.53564e+06 , 449954
-43428.7 , 459977 , 429599
1.07005e+06 , -973955 , 94778.8
78723.3 , -168354 , -1.51722e+06
1.02042e+06 , 1.81899e+06 , 530614
607605 , 219056 , 957815
-212806 , -761990 , 534537
1.62369e+06 , 973867 , -204344
736672 , 1.76033e+06 , -295231
884142 , 101646 , 1.22848e+06
1.3777e+06 , -1.50372e+06 , -236361
17865.8 , -767600 , -1.40353e+06
1.26961e+06 , 482857 , -605818
854607 , -219044 , -304937
1.96523e+06 , -757885 , 622713
1.23449e+06 , 616938 , 1.25726e+06
657962 , -923979 , -452129
387295 , -1.20276e+06 , -136994
-213088 , 399461 , -851211
-1.05611e+06 , 257667 , -1.54965e+06
53275 , 83798.4 , -1.74848e+06
687050 , 1.37614e+06 , -301803
-343498 , 794014 , 51752.5
-1.37678e+06 , -792676 , 494039
-616440 , 165789 , -1.63098e+06
891301 , 65768.3 , 1.96374e+06
-257650 , -1.02263e+06 , -657104
115375 , -329318 , 1.60265e+06
624037 , -80273.3 , -763218
641410 , 423211 , 470441
-222244 , 994153 , -1.34636e+06
-341942 , -726536 , -810104
463259 , 117687 , 1.56478e+06
1.10196e+06 , -1.01229e+06 , 951438
-424021 , -1.00241e+06 , -32135.2
-939957 , 500778 , 1.13415e+06
738596 , -136315 , -1.11634e+06
890054 , -290302 , 401078
-2.0677e+06 , -498841 , -1.06088e+06
12023.5 , -1.58048e+06 , -1.0953e+06
-1.42847e+06 , 776737 , 882021
908796 , -1.03109e+06 , -17796.1
404587 , 883552 , 993766
-969239 , -25523.9 , 1.7036e+06
1.02769e+06 , 140878 , 1.23865e+06
769970 , 490373 , -1.11666e+06
194873 , -671627 , -1.14992e+06
337826 , -1.59531e+06 , 515978
-855973 , 274699 , 847857
384244 , 759336 , 1.35725e+06
206128 , -24950.8 , -1.52407e+06
-281187 , -60119.9 , 970625
-905831 , -1.72684e+06 , 666754
39462.9 , -980745 , -686026
702806 , -476025 , 864349
1.06708e+06 , 937852 , 44205.6
375211 , 456411 , 1.50398e+06
-353339 , -508294 , -416395
-1.45546e+06 , 1.11145e+06 , 237581
-354173 , 492690 , -721321
-1.44974e+06 , -1.22097e+06 , 540588
-1.40666e+06 , -416923 , -264600
1.23575e+06 , 500509 , -222108
-968394 , -1.38215e+06 , -497909
-658296 , 847994 , 683145
232465 , 1.45566e+06 , 60454.5
568391 , -441738 , -213959
-1.98121e+06 , 403210 , -355746
1.95053e+06 , -22437.4 , -1.05387e+06
741871 , -601284 , -951707
505365 , -1.10149e+06 , 881034
721037 , -482588 , 76920.5
-1.37575e+06 , -132317 , 105025
-737313 , -169211 , 129819
853363 , -995892 , 669395
-820243 , -56608.9 , 1.58544e+06
422056 , -862505 , -1.41936e+06
185234 , -1.76183e+06 , 403313
327383 , 1.53834e+06 , -136308
-227948 , -375490 , -2.05779e+06
-75633.8 , -646939 , 1.34486e+06
115889 , 215255 , 641254
-1.48781e+06 , -251300 , -655977
-771234 , -810706 , 845874
-1.00299e+06 , -124450 , -1.21091e+06
-209520 , 1.40105e+06 , 715983
-679171 , -1.83407e+06 , -1.67538e+06
342066 , -765293 , -113013
-1.76288e+06 , 767836 , -911833
887887 , 659647 , -1.03244e+06
-858148 , 1.61936e+06 , 545554
-874128 , -278838 , -238809
938904 , 279716 , 318668
1.12448e+06 , -1.90394e+06 , 338950
531433 , -1.65436e+06 , -386862
1.19053e+06 , 13058.3 , -91481.3
314046 , 450079 , 1.51799e+06
60856.7 , -22990.4 , 1.37865e+06
-782572 , 818328 , -478896
-34507.2 , -379598 , -1.85413e+06
428187 , 646766 , 1.48227e+06
-103190 , -499085 , 1.73404e+06
787077 , -818445 , 1.30473e+06
1.06852e+06 , 503200 , -1.27868e+06
-766614 , 1.20165e+06 , -52794.4
-443440 , 970501 , 410285
-838013 , -190830 , 318366
324355 , 704157 , 926521
431228 , 926863 , 339532
1.37239e+06 , 873101 , 45435.9
681919 , -1.657e+06 , -785932
-896875 , -619694 , 1.53525e+06
-303174 , -1.30618e+06 , -348373
68705 , -1.71654e+06 , 314295
681243 , 484697 , 900442
-639781 , -403313 , 48876.5
647669 , -684099 , 105983
-1.35583e+06 , -973304 , 80396.2
-905590 , -1.40863e+06 , -91797.6
608657 , 14501.6 , 1.46482e+06
1.61626e+06 , -1.28184e+06 , -156058
-938529 , -696615 , 1.30006e+06
536283 , 896094 , -1.40429e+06
-599241 , -605791 , 1.96497e+06
735762 , 195293 , 928154
393053 , 161080 , -790949
-1.08871e+06 , -1.33939e+06 , 133636
306230 , 324145 , 1.38207e+06
70123.7 , -444754 , 1.10188e+06
1.53349e+06 , -729641 , 288670
-152594 , 1.25613e+06 , -491710
-67628.2 , 527813 , 818071
2.11635e+06 , -753782 , 919358
-111620 , -821913 , 760504
-223015 , 147691 , 955973
279121 , -1.17233e+06 , 203159
1.49105e+06 , -57558.2 , -280113
374718 , 467427 , -67838.3
945725 , 947082 , 448549
525810 , 1.94631e+06 , 914425
394172 , 1.23581e+06 , -1.01273e+06
161779 , -124840 , -631998
-683873 , -1.60803e+06 , 548272
113620 , 585563 , -1.05615e+06
2.03244e+06 , -1.27767e+06 , -814877
-389939 , -300705 , -373055
-375220 , -935562 , 7052.97
-1.19237e+06 , -340799 , 1.61446e+06
-981328 , -345843 , -363295
-84144.2 , -681779 , -1.06577e+06
1.20984e+06 , 381824 , 138333
404428 , -611246 , 382433
-104984 , 548986 , 1.9369e+06
-1.7268e+06 , -267857 , 55023.4
-434990 , -1.29533e+06 , -113229
767479 , 49862.2 , -1.36253e+06
268844 , -472432 , -1.38122e+06
-95909.1 , -675427 , -1.01669e+06
-85650.9 , -488281 , -988895
-1.01499e+06 , -65001.7 , -924981
988991 , 187927 , -925463
-197939 , 64238.5 , 1.0471e+06
616066 , 399033 , -1.33366e+06
675117 , -320198 , 604401
-74843.1 , -1.05268e+06 , 131841
40253 , -720930 , 1.09037e+06
401938 , 349643 , 1.41499e+06
1.20248e+06 , -126401 , -292358
340856 , 219572 , -1.03884e+06
-590605 , 243628 , -892650
-788728 , -122203 , 1.32628e+06
-625662 , -816110 , -154558
-467585 , 490405 , 322169
-1.28841e+06 , 100665 , -262130
-492744 , -699232 , -439728
269737 , 254753 , 1.4972e+06
-660202 , -261808 , 474445
827273 , -596312 , 1.72503e+06
425998 , 177733 , 382143
-563646 , 1.0433e+06 , -651249
878665 , 1.60959e+06 , 1.09129e+06
-723439 , 546977 , 727150
86718.8 , 1.69e+06 , 670938
252710 , 192337 , 678012
1.90468e+06 , 242425 , -60912.8
-642401 , -143705 , -773303
-1.19508e+06 , 962352 , -177688
1.47277e+06 , 1.80283e+06 , 555660
788008 , -1.79343e+06 , 390496
-1.51402e+06 , -327488 , 434871
-1.83749e+06 , -645994 , 239805
-2.22046e+06 , -844338 , -622231
347719 , 1.06726e+06 , 234083
-511053 , -433227 , -1.0702e+06
1.57176e+06 , 215465 , -91893.8
329169 , 1.15354e+06 , 338613
-1.61601e+06 , 1.5849e+06 , -161309
-1.31108e+06 , -1.13351e+06 , -1.12414e+06
200238 , -172890 , 1.26304e+06
-820755 , -1.34347e+06 , 1.63541e+06
-534244 , -687237 , -602518
-1.5761e+06 , 492072 , 175163
-846622 , 180282 , 786703
378214 , -546720 , 118871
1.13618e+06 , -1.1503e+06 , 68195
1.8175e+06 , -148853 , -588678
-503466 , -379351 , 196454
-45199.7 , 406396 , -1.15061e+06
-201559 , -73558.8 , -184347
35967.4 , 135797 , -441967
143765 , -1.71228e+06 , 358707
116775 , 813350 , -1.02559e+06
971308 , -1.20923e+06 , 75899.4
-37418.6 , 569685 , 788191
935308 , -592403 , 642160
-507856 , -1.17053e+06 , -149796
-381434 , 462287 , 908793
-1.13632e+06 , 584088 , 911208
1.16098e+06 , -519254 , 99203.9
-820197 , -806631 , 991679
-1.89595e+06 , 205062 , -699534
428206 , 769603 , 186395
-653518 , -1.7274e+06 , 148969
-72424.5 , -2.03635e+06 , -47794
-138098 , -688398 , -256453
-411650 , 989456 , -387538
673631 , -1.11152e+06 , 264038
406580 , 344786 , -1.37672e+06
118856 , -967476 , 1.39385e+06
-526641 , -1.03368e+06 , 475145
84118.7 , 119143 , 507391
-557301 , -738667 , -1.62155e+06
1.0144e+06 , 1.11349e+06 , -659195
-221492 , -903576 , 290468
784434 , 172340 , 57832.6
247963 , -873115 , -752789
848629 , 565648 , -347978
-1.03514e+06 , -1.27348e+06 , 594521
-625533 , -1.10875e+06 , 44322.7
-681061 , 55490.3 , 560286
-408518 , 747152 , 1.50689e+06
-1.29139e+06 , -1.19245e+06 , 779906
350482 , 232956 , -533091
499658 , 1.46795e+06 , 77544.1
-270874 , 366154 , 942640
1.13447e+06 , -648827 , 1.6623e+06
-485444 , 7471.82 , -699542
238774 , 861724 , -6647.85
-1.46032e+06 , 1.06102e+06 , -497260
-667316 , -906345 , -1.27452e+06
-475757 , 319663 , -1.19766e+06
-1.51238e+06 , -1.13595e+06 , 531796
626950 , -449843 , -953555
319758 , 1.01067e+06 , -12798.4
1.19763e+06 , -136704 , -420545
1.29345e+06 , -217742 , -348223
617135 , 1.13654e+06 , 1.11103e+06
188498 , 1.17526e+06 , 1.77319e+06
-990945 , -732128 , -513110
78129.9 , -359690 , 1.00358e+06
-1.09007e+06 , -327154 , -576219
356007 , -316278 , -2.30147e+06
580658 , -735523 , -1.62012e+06
2.09658e+06 , 38139.3 , -190867
1.53953e+06 , 231113 , -915669
-1.20684e+06 , 55344.7 , 618109
-571987 , 253805 , -1.11151e+06
1.20955e+06 , 1.10343e+06 , -411160
-1.64996e+06 , -526245 , -1.35855e+06
-482302 , 455424 , 267491
34427.9 , 824439 , -1.13413e+06
-1.40103e+06 , -16537.3 , 352059
-747478 , -390715 , 1.64587e+06
486245 , -665964 , 478028
-639316 , 904201 , -579669
-1.67906e+06 , 479530 , -393728
525736 , -366844 , -407834
34380.9 , -101637 , 511732
-923701 , -582281 , 1.0164e+06
498853 , 1.88567e+06 , -978305
152501 , -13605.3 , 750149
572130 , -468788 , 216917
-1.82337e+06 , -16093.4 , 914427
-105840 , 134516 , 20714
482069 , -1.14371e+06 , -1.40806e+06
-49698.9 , -368979 , 1.0059e+06
-1.1522e+06 , -1.32426e+06 , 181322
-302316 , 185612 , 1.19162e+06
68486.3 , -136662 , -1.77025e+06
4140.6 , 1.07464e+06 , 96176.6
512054 , -1.44565e+06 , -153234
-941768 , -1.02083e+06 , -440123
-1.52484e+06 , -201890 , -963153
571734 , -18367.8 , -236006
194457 , 2.13608e+06 , -1.12789e+06
670070 , 1.38199e+06 , -386363
-278494 , 1.12203e+06 , -1.58824e+06
-935130 , 382860 , -70363.7
-1.47494e+06 , 1.22556e+06 , -357281
-526002 , -753681 , 818341
376941 , -358576 , -1.48661e+06
-1.26231e+06 , -354115 , 715289
-783987 , -961857 , -345662
1.24365e+06 , 476869 , 181901
1.0577e+06 , 768368 , -1.19448e+06
-370151 , -1.05812e+06 , 1.16573e+06
-1.29148e+06 , 808134 , -1.18343e+06
-927581 , 281505 , -713479
380971 , 278368 , -514428
618758 , 843155 , -354120
1.01705e+06 , 870770 , -1.09075e+06
957721 , 784277 , 136422
1.12912e+06 , 88.6681 , -1.50568e+06
-1.18162e+06 , -705137 , 695106
-1.23038e+06 , -1.30773e+06 , -758019
530445 , 863094 , 27624.7
-191361 , 2.09534e+06 , -388088
43290.1 , 1.11569e+06 , -309675
-1.72628e+06 , 412171 , 488228
-1.21837e+06 , 938138 , 201154
1.22989e+06 , -1.94309e+06 , -714129
275833 , -738549 , -364087
82422.4 , -50582 , 1.93769e+06
-507740 , 571408 , 800308
203085 , -668021 , 103224
317972 , 1.09885e+06 , -976003
-455959 , 998049 , -382690
2.01136e+06 , -477840 , 754121
1.86505e+06 , -763977 , -1.27805e+06
-576024 , 1.80233e+06 , 896623
211410 , -1.61518e+06 , -740156
542388 , 644354 , -934359
-234375 , 270732 , -124088
1.0322e+06 , -741254 , -72638.4
-549624 , -667506 , -1.8249e+06
-517314 , 199276 , 1.36761e+06
43149.1 , 849179 , 614212
843402 , -856485 , -823761
-1.35162e+06 , -212573 , -815245
-759142 , 602376 , 565283
384469 , 718252 , -857414
-2.09446e+06 , 245433 , -138994
83760.6 , 246582 , 456763
-579683 , 787000 , 1.50848e+06
327942 , -276165 , -297045
-1.46214e+06 , -1.06195e+06 , 88667.2
682433 , -555079 , -1.15383e+06
-814971 , -1.24521e+06 , -1.39469e+06
-301087 , 1.03674e+06 , 837770
-1.12407e+06 , 1.03945e+06 , 374976
-1.75511e+06 , 1.15427e+06 , -957032
-419467 , 692867 , 505581
2.08383e+06 , 1.14812e+06 , -338242
-978908 , 1.27055e+06 , -1.12227e+06
-1.13489e+06 , 1.21666e+06 , 745662
1.32474e+06 , -388301 , 1.34963e+06
-7309.53 , 1.16974e+06 , -1.08643e+06
97630 , 943847 , -80907.2
112137 , -870892 , -1.07496e+06
-66411.4 , -2.20395e+06 , 118869
1.00621e+06 , 1.70615e+06 , -153773
477307 , 133733 , -908644
369157 , 607955 , -1.57903e+06
-273314 , -518277 , -410495
224912 , -2.19355e+06 , -1.15548e+06
-261001 , -352419 , -1.70481e+06
65243.7 , 1.50328e+06 , 1.01875e+06
420280 , 325539 , 2.17983e+06
-167722 , -303770 , 1.16241e+06
775704 , -1.33675e+06 , 78940.1
1.14469e+06 , -141672 , 1.11091e+06
173247 , 746675 , 2.08395e+06
-1.41595e+06 , -488139 , 209605
-646644 , -264861 , 209230
-1.43021e+06 , 817847 , 1.20632e+06
-597928 , -1.20357e+06 , 898034
980198 , -447170 , -1.21338e+06
1.27729e+06 , -1.42733e+06 , 1.09218e+06
1.34784e+06 , -379464 , -1.40588e+06
-176766 , 1.2274e+06 , 1.37884e+06
396958 , -70202.7 , -1.50414e+06
509417 , -113139 , -166455
23133.8 , -1.68944e+06 , 67576.4
1.27485e+06 , -554674 , 222458
286643 , -464947 , -815248
-247210 , -1.64992e+06 , 401107
64693.8 , -1.08592e+06 , 31303.9
246801 , 885028 , 776639
-1.33467e+06 , 364874 , -338249
-483283 , 1.05608e+06 , 22741.1
646193 , 446457 , 1.62787e+06
-1.14025e+06 , 1.07432e+06 , -904495
-570741 , 1.23095e+06 , -448088
600819 , 846681 , 1.01515e+06
-90851.9 , -214405 , 1.28965e+06
-1.51069e+06 , 1.37444e+06 , 33921.2
-242017 , -272089 , -860831
-298638 , -1.19892e+06 , -414088
678786 , -520609 , 510598
-522797 , -547697 , -492982
931323 , -1.07767e+06 , -86882.7
-747764 , -440999 , 343518
192406 , -243718 , 936407
-1.43683e+06 , 403138 , 407632
915842 , 437479 , 849718
-807894 , 460068 , -320894
-204478 , 1.01296e+06 , -1.09828e+06
526045 , 103947 , -255880
187734 , -15125.1 , -1.04823e+06
-1.71771e+06 , -323479 , -369836
36669.9 , -1.58667e+06 , -1.0434e+06
1.23301e+06 , 754465 , 703880
-1.82636e+06 , -1.10012e+06 , -129754
-477668 , 732633 , -3357.3
1.22358e+06 , -64776.5 , -935175
-611883 , -1.3677e+06 , 482338
149016 , 165297 , -198106
-611947 , 1.69795e+06 , 1.57254e+06
-801184 , -270903 , 138655
-410712 , 230681 , 172261
1.61276e+06 , 469955 , -412840
2.00548e+06 , 540227 , 551922
-1.281e+06 , 933133 , 110716
-415085 , 982902 , -635387
-839885 , 212813 , 98706.3
618621 , 89015.4 , -31131.3
335903 , -9759.89 , 1.41001e+06
-791647 , 144149 , -1.05642e+06
155702 , 147387 , -32325.6
510763 , -299611 , -647557
-902101 , 1.29398e+06 , 100768
476566 , -1.00626e+06 , -1.0035e+06
-534722 , -1.05108e+06 , 1.19321e+06
-989011 , -330616 , -1.00974e+06
-1.22937e+06 , -318526 , -1.00001e+06
-1.0224e+06 , 873994 , 200508
-623544 , 1.26342e+06 , 701671
-392776 , -505401 , -1.536e+06
-53526.8 , -512180 , 455791
-527639 , 665383 , 1.74552e+06
-853534 , 195882 , 2.31374e+06
-244321 , 1.58416e+06 , -1.17819e+06
-46588.5 , -893695 , -105440
535664 , 1.22365e+06 , 1.15655e+06
100869 , 837725 , 1.25837e+06
-971084 , -891713 , 245805
349940 , 1.73936e+06 , 91431.1
860904 , -1.26382e+06 , 1.31407e+06
-638144 , -1.19039e+06 , 802965
-1.35168e+06 , -742217 , 733828
-634571 , 275654 , 1.57013e+06
-1.18222e+06 , 1.19246e+06 , -1.18057e+06
-790058 , 533792 , -1.35572e+06
241782 , -2.34968e+06 , 951861
1.25924e+06 , -589369 , -493075
1.16427e+06 , 219072 , -1.48311e+06
1.06325e+06 , 568647 , 331265
-1.72832e+06 , -581160 , 375769
-1.24563e+06 , 274978 , 1.1171e+06
-461163 , 165052 , 113372
1.0406e+06 , -136413 , 498242
1.30038e+06 , 635333 , -706057
1.94563e+06 , 450075 , 596983
-1.00705e+06 , 873409 , -198969
694556 , 408564 , -639427
938148 , 1.03461e+06 , -1.33029e+06
-1.31541e+06 , -621717 , -566547
-1.13811e+06 , 940083 , -1.57848e+06
153170 , -1.41041e+06 , -1.23204e+06
826897 , 593578 , 8658.56
1.25993e+06 , -830099 , 1.19371e+06
-1.26756e+06 , -727304 , 316598
133869 , -866504 , -178083
324753 , 118780 , 1.49366e+06
979841 , 851853 , -1.44995e+06
-232063 , 193980 , -412532
-96696.1 , -2.02358e+06 , -667674
180730 , 65034.4 , -235104
222968 , 1.02184e+06 , -2.37602e+06
529495 , -133752 , -257983
-330355 , 855073 , -1.37242e+06
-954254 , 659583 , -607454
-405363 , 1.14379e+06 , -1.04577e+06
1.85079e+06 , -241878 , -267901
-158362 , -627346 , 444937
-354901 , -380762 , 721784
605870 , 2.1386e+06 , -836960
248785 , 668524 , 831112
648971 , -1.6265e+06 , 1.77855e+06
740788 , 117357 , 7254.07
55846.9 , 589845 , 799567
-1.34349e+06 , 815633 , 443545
804487 , 439827 , 1.26928e+06
-916977 , 106674 , 798437
-679304 , 521153 , -1.37003e+06
665895 , 376478 , 108280
-538612 , -467791 , 106567
1.16096e+06 , 783255 , 134502
-87778.2 , 1.89388e+06 , 195227
-509137 , -130888 , 885544
130267 , 1.17717e+06 , 1.21309e+06
-877265 , 1.58279e+06 , -99240
459946 , 242625 , -406890
-904451 , -825780 , 112715
-655801 , -1.48344e+06 , 296094
-719722 , 1.02562e+06 , 1.08963e+06
44065.8 , -1.59741e+06 , 611814
-312973 , 804364 , 977791
-1.12953e+06 , 901520 , -210177
411036 , 877717 , -24898.1
294216 , -1.13421e+06 , 130125
-881861 , -905659 , 1.60603e+06
-383915 , -691489 , -220191
-1.63402e+06 , 32716.4 , 867663
540695 , -701186 , -1.2957e+06
366523 , 80205.9 , 1.98432e+06
354379 , 1.00446e+06 , 789368
564984 , -416710 , 277645
-575113 , -1.13949e+06 , 402647
-447280 , 183911 , 893208
-675742 , 464120 , -1.50664e+06
-198750 , 1.66612e+06 , 348571
-1.31523e+06 , 154404 , -1.20704e+06
-1.07396e+06 , 1.61316e+06 , 720187
502895 , -751327 , -1.2931e+06
260144 , -619069 , 835073
-272332 , -715159 , 730894
-394065 , 661306 , -1.4307e+06
72613.7 , 111656 , 74913.3
-985894 , -196635 , -1.06375e+06
686057 , -1.86527e+06 , -171152
-487424 , 34804.6 , -357741
-624061 , -95293.8 , 949427
85580.6 , 780489 , 856005
-1.3857e+06 , 1.13734e+06 , 32238
-597047 , 1.11986e+06 , -67299.3
-756459 , 1.54276e+06 , 335253
-129438 , -91616.8 , 110046
921720 , -76867 , -768365
1.34165e+06 , -198270 , -26194.7
2.1329e+06 , 19480.2 , -849100
1.55972e+06 , 1.08565e+06 , 692679
635153 , 638867 , -530607
-274438 , 2.02028e+06 , 361474
959030 , 1.95347e+06 , -441858
-1.0958e+06 , 154912 , 1.07101e+06
306027 , 1.39628e+06 , 222657
-281788 , 719404 , -1.6746e+06
561948 , 141295 , -1.0718e+06
436632 , 328978 , -800567
199603 , 204433 , -1.89937e+06
669909 , -699274 , -188760
127699 , -1.62098e+06 , 973500
-269509 , 1.1445e+06 , 1.10753e+06
367916 , -760411 , -56734
373919 , -363346 , 1.13138e+06
-62175.1 , 1.25981e+06 , 789462
975174 , -206917 , -815662
-593138 , 681486 , -702068
-718454 , 415068 , 1.08508e+06
-267786 , -946316 , -132261
1.53335e+06 , 964667 , 971853
-104974 , 1.10294e+06 , 654450
339274 , -755817 , -1.58762e+06
749890 , 940914 , -398328
-1.23111e+06 , -48707.4 , -486383
35655.7 , -332336 , -952931
-1.63972e+06 , 985510 , -105998
290332 , -1.13198e+06 , 635188
-709835 , 504697 , -98673
-479839 , 18268.3 , 2.21552e+06
184595 , 770287 , 885988
899645 , -911987 , -687049
474616 , 809298 , -514106
30682.9 , 1.52554e+06 , -338019
-603295 , 414520 , -1.50771e+06
-458090 , -572896 , 1.16122e+06
1.6688e+06 , 1.03414e+06 , 557274
1.15202e+06 , 283813 , 996467
613821 , 401215 , 714289
119168 , 294127 , 1.3245e+06
-1.28842e+06 , -652145 , -545175
-1.49112e+06 , -1.64709e+06 , 67308.8
383300 , -1.36828e+06 , -1.29079e+06
-759789 , -1.40197e+06 , 925952
-974999 , 481560 , 786727
405273 , -553356 , -1.12586e+06
-914350 , 707352 , -386992
1.62321e+06 , -112667 , -151962
-313269 , 1.42544e+06 , -74551.1
288241 , -790100 , -623042
249592 , -123519 , -1.42706e+06
-1.4738e+06 , 771864 , 435090
-770530 , -1.05744e+06 , 459268
-1.60079e+06 , -795740 , 517577
-608209 , -442101 , -230909
-559010 , 486382 , 769506
396481 , -485305 , 687519
668887 , -99103.6 , -686607
821822 , 1.03456e+06 , 1.23445e+06
-962347 , -775925 , -6325.24
-191795 , 162897 , 711524
1.52833e+06 , 962273 , -758274
-342657 , 340077 , -484055
814657 , -509996 , 46434.9
741726 , 833131 , -201967
1.02394e+06 , -296574 , 1.73446e+06
-393824 , -923530 , 807821
-1.25431e+06 , 414014 , 805428
-94315.8 , -675626 , -1.01742e+06
-35815.4 , -1.10906e+06 , -237381
-1.01361e+06 , 67772.8 , 1.52158e+06
745644 , 999115 , 941774
-154456 , 532733 , 260636
-26694.4 , -44429.3 , -83645.8
-220597 , -110499 , 787906
-120377 , -354847 , 773472
-433508 , 774742 , 1.15145e+06
909084 , 1.0068e+06 , 995713
-151785 , -731361 , -149102
-261874 , -607935 , -495032
763657 , 567550 , 1.3657e+06
1.61205e+06 , 821842 , 21670.6
-185149 , -1.54053e+06 , 716862
-319506 , -1.00602e+06 , 1.14361e+06
411561 , 68957.9 , -2.00589e+06
483078 , -753699 , 1.1474e+06
24552.9 , 532962 , 2.16043e+06
1.02562e+06 , -681247 , -1.30373e+06
743828 , 300763 , -1.13474e+06
-845134 , -962625 , -361663
846218 , -728826 , -1.33112e+06
-331675 , -407302 , 325892
-619409 , 41252.2 , 1.83766e+06
-799266 , 820635 , -95919.6
2.00772e+06 , -428838 , -130355
375302 , -369736 , -34366.3
-1.11963e+06 , 98433.6 , 441648
290388 , -815759 , -43321.7
595826 , -1.05138e+06 , -978651
-224166 , 496525 , 563222
360223 , 645706 , 262737
391519 , -137104 , 977218
-525815 , -754697 , 622570
-557652 , -1.03424e+06 , 732292
-300233 , 717460 , 755831
165585 , 1.36233e+06 , -750222
-341154 , 593229 , -655290
1.93965e+06 , 222593 , 615886
-734209 , 1.09209e+06 , 739357
186256 , -644309 , 490809
-188254 , 945197 , -985447
392059 , 226644 , 1.39762e+06
987243 , -978106 , -764484
1.26079e+06 , 291165 , -1.41568e+06
-205751 , 742981 , 647445
-636345 , 1.75424e+06 , 570827
-361311 , -1.02078e+06 , 512466
914306 , 373581 , 1.30062e+06
-1.25816e+06 , 619824 , -38407.1
-2.24372e+06 , 291686 , 976540
724454 , -138689 , -310994
-684446 , 1.16344e+06 , 1.6668e+06
576013 , 1.72854e+06 , 171738
-14803.1 , -408068 , 43270.8
1.2633e+06 , 717141 , 911409
1.03179e+06 , 1.02604e+06 , -199488
482616 , -915155 , -503063
1.75791e+06 , 316763 , 671758
756347 , -228942 , 1.66958e+06
-217819 , 296913 , -109396
-414605 , 1.05789e+06 , -820172
1.29826e+06 , -1.37414e+06 , -1.4251e+06
-440924 , 1.12346e+06 , -334667
1.27955e+06 , -527673 , 1.67651e+06
-794976 , -1.34922e+06 , -531524
89132.2 , 1.38113e+06 , 523839
237990 , -1.68925e+06 , 463301
1.02939e+06 , -647917 , 654602
994864 , 454081 , -542604
1.22536e+06 , 249817 , -330004
1.70371e+06 , -286366 , 804086
-1.04794e+06 , 387882 , 4408.34
-1.24892e+06 , -43537.1 , -1.31189e+06
-683558 , 1.35715e+06 , 619384
574382 , -64125.3 , -9165.37
-40724.5 , 736118 , -220949
928497 , -1.04319e+06 , 724946
-456828 , 1.92388e+06 , -616259
-455646 , -172614 , -582525
1.71412e+06 , -527890 , 1.38237e+06
1.86795e+06 , -291640 , 901508
-419102 , -1.17761e+06 , 203326
44117.6 , -11496 , -1.9462e+06
-1.49272e+06 , 294117 , 1.24585e+06
-1.25256e+06 , 972850 , 1.16119e+06
-1.5084e+06 , -577309 , 937191
-1.6118e+06 , -306589 , -248283
-129473 , 770984 , -1.14403e+06
302409 , 1.24887e+06 , -974553
1.09643e+06 , 1.46726e+06 , -1.0298e+06
597759 , 435250 , 1.48332e+06
-28370 , 544496 , 590935
-1.43881e+06 , -433977 , -1.44355e+06
-944101 , -400955 , -409364
-245659 , -1.87991e+06 , 311027
-1.30547e+06 , -659188 , -1.3414e+06
-864390 , 68399 , 344344
835958 , 1.1246e+06 , -1.37821e+06
1.13971e+06 , 590721 , 53797.9
-242559 , -686340 , 666146
119417 , -1.328e+06 , -851189
-117656 , 1.29849e+06 , -709713
47462.6 , 1.43022e+06 , 144299
-210585 , -525699 , 208390
-315180 , 1.56201e+06 , -92518.2
-638748 , -306017 , -1.15779e+06
393864 , -562167 , 16107.7
121589 , 1.11593e+06 , 1.29966e+06
-37748.1 , -186486 , -122990
1.07415e+06 , -571427 , -810952
957402 , -670488 , -1.49723e+06
2.29501e+06 , 152642 , -147871
-78140.1 , 1.11685e+06 , 725664
-874676 , 1.14285e+06 , -244630
728451 , 511741 , 501322
420408 , -1.51e+06 , 458246
-1.23089e+06 , -100747 , 1.46887e+06
-888015 , -231545 , -249635
383266 , -224391 , 485112
234914 , -1.00012e+06 , 1.0693e+06
515029 , 186470 , 399118
-1.75208e+06 , -121695 , -1.16916e+06
311349 , 122716 , 76310.8
-98075.8 , 862497 , -1.01603e+06
-320358 , -980829 , -399315
1.22886e+06 , 638389 , -555477
-1.10615e+06 , -942817 , 1.47862e+06
219754 , 153968 , -1.29091e+06
-966920 , 647974 , -321802
1.01094e+06 , -73050.2 , 318009
-470325 , 1.2021e+06 , 980376
608914 , -369308 , 1.13899e+06
-161843 , -752788 , 454246
-1.6965e+06 , -673947 , -247106
-643824 , 682072 , -777302
-1.52192e+06 , 202378 , -258807
426206 , -570529 , -510088
-73378.9 , -855504 , -45029.2
-494285 , 1.60196e+06 , -1.51561e+06
592934 , -96938.1 , -581377
-416142 , 1.30509e+06 , -593372
-72351.7 , 121066 , -1.43728e+06
-460246 , 1.23434e+06 , 990957
580312 , -988125 , 686233
-677900 , 1.67962e+06 , 383933
999702 , 927583 , -628066
142128 , -1.26454e+06 , -990677
-1.34122e+06 , 22256.9 , -316936
638032 , 1.37727e+06 , -562121
990017 , -474900 , 184860
-1.18478e+06 , -59460.8 , 46177.5
-595701 , -420412 , 1.09252e+06
-348423 , 464837 , -421095
315105 , -614272 , -617907
-1.38244e+06 , 470847 , -1.04991e+06
-883760 , 465071 , 80727.6
217662 , 565902 , 741440
-1.51072e+06 , -480190 , -404561
1.47518e+06 , 501695 , 240319
-691720 , -1.21948e+06 , -1509.49
936636 , 631897 , 563464
-427199 , 671600 , -425270
-447234 , 71766.7 , -861339
-184370 , -2.05108e+06 , 559497
470009 , -565392 , -629656
-1.04839e+06 , -268550 , -499262
1.09022e+06 , 158910 , 433689
-656817 , -460143 , -1.70735e+06
358776 , 1.66391e+06 , -177333
1.50576e+06 , -266910 , 910220
276305 , -940507 , -292890
94659.7 , -565407 , 623047
-1.10886e+06 , -1.433e+06 , -72902.2
1.13887e+06 , -1.48273e+06 , -385089
237130 , 120228 , -445265
731496 , -546549 , 548491
-436568 , -511757 , -1.8169e+06
1.51249e+06 , 409670 , -1.39438e+06
1.29842e+06 , 30972.8 , -638262
879993 , 919114 , -140956
1.49532e+06 , 1.36853e+06 , -302244
666307 , 914829 , -311113
962476 , 1.21157e+06 , 311351
1.07904e+06 , 1.0201e+06 , -787659
97089 , -625273 , -211980
300605 , 717036 , 1.55345e+06
-406929 , 311067 , -1.45515e+06
-147474 , -52280.2 , -1.10561e+06
-1.10517e+06 , 373490 , 1.34344e+06
-562267 , 185792 , 1.07687e+06
217047 , -695054 , 586726
-734129 , -762840 , -1.03852e+06
479698 , -369044 , 186192
-427008 , -1.07067e+06 , -768858
999998 , 383354 , 368358
293300 , 315343 , 241912
-1.24509e+06 , 522231 , -354775
-317275 , 155970 , 1.53047e+06
-46763.2 , 1.06503e+06 , 713932
317783 , 886416 , -601447
1.12177e+06 , -452023 , 117424
293774 , -37126.5 , 1.13906e+06
-1.49053e+06 , 435945 , -1.16053e+06
-731006 , 682573 , 402634
-573225 , 1.1214e+06 , -614135
383191 , 1.47079e+06 , -367949
925173 , 456972 , 1.13249e+06
-215721 , 1.06617e+06 , 94130.7
93523.8 , 613650 , -730112
1.07613e+06 , -544780 , -219629
-1.75567e+06 , -171512 , 869589
-1.278e+06 , 414843 , -1.18424e+06
442023 , 1.85137e+06 , 587209
-34267.8 , 1.48629e+06 , -18302.4
-1.30473e+06 , -573669 , 1.08533e+06
-1.01983e+06 , 1.31667e+06 , 1.00535e+06
-1.14581e+06 , 105703 , 757738
266382 , -575227 , -133796
-796437 , -490035 , -1.0836e+06
-479369 , 2.30232e+06 , 449830
2.29546e+06 , 423461 , -866212
-494179 , 506255 , -110518
971354 , 1.42086e+06 , 475674
-10359.1 , 193609 , -834263
1.37779e+06 , 1.57654e+06 , -625744
200837 , -1.42953e+06 , 461063
2.01938e+06 , -548087 , 229035
1.50323e+06 , -819052 , 296476
-675741 , 1.31376e+06 , 887340
-1.27562e+06 , -1.25499e+06 , 560095
876570 , 1.65724e+06 , -295235
732760 , -167464 , -500110
1.25713e+06 , 138318 , 594624
-624230 , -94029.2 , 921203
-112787 , 592216 , -1.46539e+06
-1.43063e+06 , -1.8811e+06 , -155089
-390438 , 2.01289e+06 , 362641
-1.25509e+06 , -532806 , -974808
159360 , -313496 , -1.15483e+06
106290 , -1.85892e+06 , -1.28762e+06
1.05953e+06 , -1.16764e+06 , -663308
1.587e+06 , -255833 , -96524.7
-1.2495e+06 , -1.71348e+06 , 299636
1.38874e+06 , 123865 , 155689
-1.66439e+06 , 601363 , -46632.5
-892666 , 1.13361e+06 , -424752
-788015 , -941097 , 1.32795e+06
-989077 , -240614 , 696261
168972 , -166569 , -433861
921961 , 615751 , -890375
-385907 , -580708 , 761521
1.04775e+06 , -1.72967e+06 , 403615
-763558 , -490946 , 477471
-1.87632e+06 , -74322.9 , -121280
1.35688e+06 , -496771 , -550789
27808.6 , 1.87095e+06 , 124786
-477974 , 424250 , 452404
920876 , -286168 , 568545
625371 , 1.62516e+06 , 639039
327576 , 405623 , 169605
902124 , -1.63143e+06 , 856453
1.86128e+06 , -1.24745e+06 , -122236
2.91165e+06 , -423254 , 683485
-472903 , -1.36225e+06 , 629114
-273903 , -309871 , -925364
-1.67904e+06 , -1.66401e+06 , -409449
-509156 , -153221 , -942657
898041 , -447848 , 1.02333e+06
1.03476e+06 , -1.43871e+06 , -104228
-1.28246e+06 , -114574 , 1.55082e+06
-752008 , 1.61408e+06 , 458021
-990661 , -670575 , -839200
-682784 , -34698.2 , 238445
1.30392e+06 , 1.41649e+06 , -126408
1.38099e+06 , 1.15776e+06 , 261952
-1.25937e+06 , -1.15979e+06 , -832839
456781 , 63623.7 , -335768
739924 , 93489.5 , 1.34084e+06
611274 , 329571 , -1.15585e+06
1.53611e+06 , -481506 , -543690
777804 , 288632 , -500500
-898598 , 1.13183e+06 , -976823
1.20418e+06 , -641764 , 70023
47479.9 , -414395 , -738014
-555819 , -1.02899e+06 , 1.57062e+06
302988 , -568125 , 353734
306405 , -97877.7 , -1.49216e+06
-958545 , 549280 , -704677
-313253 , -1.36626e+06 , 671944
699245 , -798380 , -1.16896e+06
758017 , 1.21692e+06 , -558329
-1.58555e+06 , 702753 , 366754
-280399 , 1.7311e+06 , 230718
-484312 , 23432.6 , 112920
-465467 , -1.03585e+06 , -1.86869e+06
-349265 , 182203 , 687316
1.36428e+06 , 783889 , 420440
-162851 , -451165 , 1034.1
-1.46247e+06 , 239874 , -166725
-817340 , 25260.8 , 1.3221e+06
-30678.3 , -1.12944e+06 , 447546
-1.36502e+06 , 966882 , 127617
-963865 , -1.28214e+06 , 447139
68829.3 , 342664 , -1.30097e+06
529806 , -312114 , 947137
-76189.7 , -1.22778e+06 , 1.22127e+06
1.13159e+06 , 1.49561e+06 , -328720
1.15091e+06 , -575002 , -122533
9156.82 , 719186 , -950646
-114602 , -1.00505e+06 , 451281
-1.3802e+06 , 1.28581e+06 , 1.14374e+06
517162 , 271539 , -53588.3
532922 , -497718 , 24416.3
494010 , -330950 , 1.83194e+06
-284231 , 82537.7 , 544451
292573 , 276509 , 439583
-267280 , 1.40183e+06 , -47848.2
-886672 , -869335 , 713084
-2.1265e+06 , 88498.2 , 1.06055e+06
-392148 , -439832 , 656549
-2.27652e+06 , -809669 , 364767
-1.47398e+06 , 142969 , 811466
160216 , -1.45343e+06 , -1.22114e+06
2.06629e+06 , -228771 , -576859
1.0793e+06 , 681313 , -1.39546e+06
-439591 , -607050 , 455447
948975 , 272701 , -162910
152777 , -162956 , 412474
62441.3 , 140404 , -1.24046e+06
-199355 , -544690 , 1.26538e+06
235922 , 207024 , 1.29075e+06
-1.36901e+06 , -587397 , 667963
-1.44428e+06 , -408336 , 91411.4
-1.2839e+06 , -897349 , 352336
286191 , 207277 , 190985
-1.12767e+06 , -615179 , 1.58272e+06
-958484 , 1.43353e+06 , -241147
-1.93904e+06 , -547354 , 802955
789588 , -1.77698e+06 , 965449
247360 , 1.21501e+06 , 269814
-15723.2 , -69135 , -1.42113e+06
-197470 , 915715 , 195795
739285 , 495275 , 228765
-1.0914e+06 , 1.35939e+06 , -1.31604e+06
-1.34395e+06 , 947207 , 899871
2.04103e+06 , -701089 , -29855.5
-134085 , -424335 , 757476
527107 , -75292.6 , 1.32751e+06
-805538 , -1.35945e+06 , 1.46575e+06
508559 , -1.5314e+06 , -899606
-349295 , -308984 , 619823
-1.40956e+06 , -489319 , -1.03352e+06
-1.26442e+06 , -132607 , -445254
20327.7 , -311685 , 901846
1.15208e+06 , 1.25091e+06 , -283611
-390778 , 616856 , 1.28601e+06
526381 , -184070 , -112197
-1.45303e+06 , 91074.5 , -300488
-496174 , 439466 , -614217
-192894 , 809862 , 568446
-732388 , 903905 , 1.3847e+06
-297018 , 186296 , 694835
-368105 , 238587 , -933922
395422 , -5407.18 , 436343
63785.2 , -1.05273e+06 , -569822
-676746 , -865953 , -856519
-182472 , 248611 , -427298
-590388 , 519521 , -1.06092e+06
808964 , 1.28219e+06 , -643398
-1.0764e+06 , 384870 , 527966
618998 , -598383 , -1.32464e+06
124983 , 833363 , 1.27409e+06
33215.1 , -479642 , -565633
-373088 , 1.23939e+06 , -990719
-1.13207e+06 , -1.00271e+06 , -242331
406150 , -798124 , 384413
-245124 , 388335 , 886256
-359762 , 2.08058e+06 , 546987
964186 , -602280 , 1.09217e+06
832021 , 531137 , 45044
-1.51834e+06 , 144674 , -1.12289e+06
-980354 , -1.62276e+06 , 1.13405e+06
-579613 , -231468 , 1.35862e+06
-1.41524e+06 , 914159 , 950859
-473159 , 687355 , 942711
1.53094e+06 , 188850 , -137746
1.20366e+06 , -1.93747e+06 , 384187
-550628 , -1.44968e+06 , -1.67162e+06
960731 , 1.0258e+06 , -33291.8
326524 , 461682 , -162610
-1.12167e+06 , -1.24257e+06 , -932625
390445 , 825796 , 81534
-557124 , -520586 , -397796
-137411 , -1.7116e+06 , 893541
-1.23742e+06 , 22858.8 , -240869
-1.52762e+06 , -273800 , -322326
1.07692e+06 , 603059 , 726545
715654 , 372769 , -1.77061e+06
-1.29291e+06 , -472671 , -566297
1.54181e+06 , 52041.4 , 842874
-347810 , 2.15925e+06 , 249700
524982 , 1.64271e+06 , -768473
-1.49178e+06 , -129748 , -1.33333e+06
1.0682e+06 , -489994 , 871197
-977398 , -129612 , 992617
1.01154e+06 , 225490 , 1.09229e+06
656649 , -542482 , -54027.4
268634 , 532154 , 1.06838e+06
959911 , 35513.8 , 1.03743e+06
194262 , 1.28621e+06 , 1.79088e+06
699294 , -1.46602e+06 , 284400
-874487 , 1.47575e+06 , 745145
-503899 , 1.36537e+06 , 4348.84
-82062.6 , -1.50514e+06 , -394541
-963694 , 17278.3 , 515644
-806216 , 1.14333e+06 , 1.10046e+06
-48768.2 , -76920.6 , -454160
771083 , 1.60948e+06 , -369871
-1.24872e+06 , 826510 , 108426
1.20257e+06 , -900367 , -218100
1.60947e+06 , 1.10958e+06 , 545341
-1.00786e+06 , -377353 , -1.12627e+06
-259523 , -1.0404e+06 , -1.1428e+06
11401.5 , 1.19531e+06 , 1.05912e+06
-1.28164e+06 , 421440 , -270723
-24688 , -1.05935e+06 , 212421
-4573.95 , 332728 , -1.28107e+06
418489 , 388530 , 585997
1.03879e+06 , 505911 , -711660
-1.37445e+06 , -1.28584e+06 , 766111
182084 , 1.66031e+06 , 712816
451626 , 444986 , 1.43742e+06
612667 , 143418 , 263018
-33073.7 , -1.28019e+06 , 997141
1.13151e+06 , -295356 , -630243
901437 , 437016 , -574012
-1.05563e+06 , -358744 , 856716
-1.09443e+06 , 483074 , 1.78762e+06
-1.10083e+06 , 825822 , 641171
-443895 , -138166 , -1.27676e+06
-466677 , -463860 , 518795
-935753 , 568467 , -406182
704604 , -1.50352e+06 , -581995
-309028 , -489934 , 152219
-6929.16 , -703479 , 151475
-265545 , 1.7395e+06 , 59205.4
-1.09314e+06 , -856524 , -974730
-1.80361e+06 , 173749 , 123879
-837249 , -811272 , -938597
-344451 , 150105 , 1.08091e+06
1.16747e+06 , -1.21461e+06 , 801103
996243 , -323527 , 513427
-42651.1 , -727799 , -25455.1
1.57842e+06 , -143938 , 74588.8
-1.67265e+06 , -977733 , -56974.7
-454305 , -241404 , -1.79065e+06
-1.32048e+06 , -1.51479e+06 , -947077
-506849 , 347361 , 190031
-371965 , 37418.3 , 520634
-734117 , -951796 , -585033
290073 , -1.72713e+06 , -975469
-1.82152e+06 , -324914 , -482656
26481.9 , 962886 , -222070
711825 , -989774 , -358394
-496404 , -610071 , 28125.5
507935 , 207157 , -1.25776e+06
-2.15804e+06 , -186754 , -1.1234e+06
1.09555e+06 , -1.2344e+06 , 411670
639464 , 25837.8 , 159243
159653 , -1.556e+06 , 884816
1.66549e+06 , -456826 , -95696
-508999 , -1.3078e+06 , 808226
849519 , -243491 , 870913
-626959 , -67817.4 , 391562
-356101 , 390476 , -431644
-147406 , -1.35163e+06 , 82879.2
-506936 , -1.21689e+06 , -709192
-1.38572e+06 , -1.11809e+06 , -325052
566755 , -18420.4 , -484012
-631287 , 269625 , 848725
-1.67945e+06 , 598546 , -148970
49921 , 1.59375e+06 , 581906
1.64108e+06 , -149369 , -470139
-1.5429e+06 , -119215 , -752123
-763546 , -39876.3 , -1.25427e+06
610932 , 162786 , -415313
572509 , 201497 , -1.83904e+06
604864 , -1.46909e+06 , 704239
309577 , -801312 , -54049.1
-1.74672e+06 , -209737 , 980242
-750665 , -952315 , 576300
168342 , 1.01948e+06 , -169757
-719645 , -322262 , -795067
-563185 , 246432 , 835726
-1.17584e+06 , -688919 , 205444
-1.17656e+06 , -399257 , 145642
817815 , 232103 , 871052
-1.37696e+06 , 231047 , 1.20018e+06
-1.5194e+06 , 71039.2 , 468796
-692976 , 495428 , 2.29853e+06
-731484 , -339951 , -340434
-1.22349e+06 , 702866 , -1.09836e+06
-299505 , 1.421e+06 , -715253
-435960 , 1.18861e+06 , -1.56655e+06
1.00218e+06 , 1.04296e+06 , 262100
-342882 , 607415 , -1.32214e+06
-720849 , 29493.3 , 1.43896e+06
379123 , 179881 , 719148
-99462.8 , 1.37754e+06 , -1.18414e+06
906046 , 874162 , 738926
-232922 , 675400 , 587215
1.42866e+06 , -63483.9 , -562743
-2.05568e+06 , 581511 , -34442.1
1.18736e+06 , 304695 , 1.05506e+06
326439 , 1.08879e+06 , 604951
-350517 , -2.09797e+06 , 96021.5
259767 , -333405 , -967522
-224303 , 1.51952e+06 , -308454
1.20778e+06 , -1.17099e+06 , -1.07665e+06
1.26355e+06 , 1.39092e+06 , -595634
835547 , -1.04918e+06 , 566652
-1.20126e+06 , 103981 , -864892
-366955 , -925853 , -37988.9
-2.23844e+06 , 921999 , 161955
-894447 , -364427 , 207045
1.29168e+06 , 1.2544e+06 , 330635
-151380 , 808359 , -1.19505e+06
1.00927e+06 , 866846 , 915629
1.20604e+06 , 344535 , -509447
1.20143e+06 , -421195 , -239287
1.67208e+06 , -339203 , -565279
161561 , 1.28437e+06 , -111604
516331 , 1.61115e+06 , 1.03741e+06
-286221 , 425779 , -958939
1.77443e+06 , -305870 , 159313
192877 , 1.36551e+06 , 460644
1.16682e+06 , -46126.4 , -225992
-153692 , -793480 , -65576
499562 , 23147.8 , 714375
957498 , 300018 , 1.39752e+06
587177 , 498070 , -1.3e+06
58.3581 , 207690 , 1.07634e+06
-198916 , 1.66274e+06 , 36879.7
-718639 , 1.34536e+06 , -552941
-1.55076e+06 , -361.822 , 1.22453e+06
-65882.6 , -206957 , -601369
-515995 , -953613 , 866620
714517 , 1.65222e+06 , -1.0976e+06
-479192 , 205800 , 701802
81046 , -407233 , 168068
-959652 , 166440 , 195565
-1.43961e+06 , 808551 , -897253
300350 , -382807 , -1.74474e+06
1.33837e+06 , -129268 , -891598
-2.25106e+06 , 395720 , 505749
-410844 , -592615 , 874455
1.6201e+06 , -854164 , 630088
-1.27322e+06 , -7859.76 , -74225
1.31559e+06 , -611685 , -95907.2
972024 , -325176 , -138895
-1.01882e+06 , 630930 , -582456
674363 , 411769 , 1.5446e+06
-1.40103e+06 , -137005 , 230023
-5986.37 , -1.60195e+06 , -1.43749e+06
757448 , 413115 , 199632
-424840 , -1.72187e+06 , 18501.8
659596 , -504060 , -231276
-665343 , 1.55084e+06 , -514760
-272771 , 1.16868e+06 , 29096.7
436199 , 1.38056e+06 , -104624
868938 , 320753 , 296469
-644143 , 143405 , 858379
-32967.1 , 1.68916e+06 , -1.34995e+06
672979 , -1.64064e+06 , 873083
739120 , 588160 , -93346.2
-301119 , 1.60132e+06 , -1.73177e+06
1.54962e+06 , -651389 , -100361
-1.42691e+06 , -1.2052e+06 , -723521
2.07544e+06 , 842835 , 143126
-4462.32 , 8146.42 , -47653.1
458094 , 15902.7 , -429538
-41495.8 , 75206.6 , 387230
982730 , 460903 , 156533
1.17578e+06 , 549836 , -1.15217e+06
768007 , 507504 , 1.71997e+06
-797758 , 1.05327e+06 , 855193
-1.03906e+06 , -597122 , 731838
-238527 , -1.09406e+06 , -51922.5
-370550 , -513922 , -620919
580404 , 628862 , -323663
-862703 , -1.00727e+06 , -640173
-857225 , 560878 , 261718
-629957 , -1.13452e+06 , 266325
300265 , 41634.3 , -1.44788e+06
-1.42697e+06 , 524446 , -1.60148e+06
156502 , 610532 , -323757
-318081 , 1.84237e+06 , 672509
120323 , -232100 , -1.72621e+06
715312 , -681523 , 80245.2
521256 , 25835.5 , 1.59581e+06
161708 , -1.22024e+06 , 420405
434112 , -799828 , -283957
-1.20194e+06 , -1.17938e+06 , 31976.1
629329 , 578352 , -443914
1.20514e+06 , 32508.3 , -1.52404e+06
-1.64622e+06 , -492653 , 608544
1.83028e+06 , -926819 , 396254
827891 , 1.36981e+06 , 437497
-1.15218e+06 , 466309 , 1.50271e+06
-1.62799e+06 , -152057 , 115430
-427717 , 978918 , -255267
-845318 , -339486 , 759199
-305410 , 1.4949e+06 , -403979
1.33825e+06 , -703646 , -953763
-1.04102e+06 , -1.27776e+06 , -594251
-687209 , -934153 , -404254
385388 , -957885 , 946789
1.46818e+06 , 379273 , 548926
641081 , -263454 , -525924
-421454 , -1.12986e+06 , 889926
841632 , 366208 , 697370
-1.59997e+06 , -656485 , 317620
783875 , -1.77828e+06 , -257925
-975133 , 511000 , -390061
379370 , 190359 , 342896
1.32569e+06 , 689369 , 462361
1.23975e+06 , -1.48357e+06 , -1.66068e+06
-1.66693e+06 , -913455 , -655234
1.6907e+06 , 422378 , -424660
996592 , -742827 , -308028
-936448 , 1.19862e+06 , -758714
623589 , -1.72274e+06 , -536652
76159.6 , 1.40492e+06 , -455155
581741 , -707679 , -1.04879e+06
98262.7 , 1.20761e+06 , -1.26612e+06
-587959 , 518400 , -371526
1.47989e+06 , -1.56646e+06 , 679956
537545 , 999946 , 2.05646e+06
569632 , 620428 , -885111
-552133 , -202232 , 1.67231e+06
-274449 , 81115.8 , -656101
-805950 , 755618 , 1.30256e+06
1.49788e+06 , 957681 , -289256
770445 , -369997 , -768105
-52270.8 , -615372 , 1.322e+06
691820 , 577039 , -810263
982481 , 1.01036e+06 , -1.54841e+06
1.4758e+06 , -516800 , 393903
-479780 , -1.09934e+06 , 556244
-791272 , -531822 , 43816
-2.12107e+06 , -943914 , 164090
-1.40913e+06 , 143283 , -475287
-974245 , -1.18765e+06 , -1.10121e+06
590674 , 1.57459e+06 , 241875
-1.00783e+06 , 1.39144e+06 , -1.06929e+06
-42250.2 , 512683 , -550583
739940 , -495626 , 373741
454108 , 1.25621e+06 , 531400
-176310 , -109415 , 423158
-1.03374e+06 , 1.13096e+06 , 331444
448500 , 337599 , 1.77303e+06
-972650 , 997824 , 700795
261512 , 967424 , 129718
561382 , 1.18416e+06 , -1.05515e+06
-129461 , -1.95836e+06 , -674331
317087 , -515999 , -461153
272886 , 94585.8 , -18927.9
366773 , 100597 , -201655
922687 , 179005 , 1.43297e+06
1.34124e+06 , -249930 , 28246
-1.3177e+06 , -103655 , 126335
-713195 , 1.91386e+06 , -530009
1.02936e+06 , -856301 , -1.17002e+06
-1.20004e+06 , -235106 , -122774
2.09225e+06 , 601773 , 907299
479422 , -108813 , -614026
-200720 , -871546 , -287786
-337263 , -1.60965e+06 , 465242
1.12389e+06 , 1.09814e+06 , 223164
159279 , 1.50859e+06 , -637492
86141.8 , -603025 , -1.06097e+06
-698835 , 1.79579e+06 , -307738
213168 , 1.1807e+06 , 591704
-1.08307e+06 , -229046 , 1.06495e+06
397074 , -1.65116e+06 , -447327
1.53197e+06 , 667972 , 478142
-1.49491e+06 , -1.73454e+06 , -960871
1.1089e+06 , 631104 , 360150
432858 , -227127 , -1.80279e+06
-1.04672e+06 , -1.14461e+06 , 839882
-641666 , 998196 , 918481
-897502 , -805136 , -1.48931e+06
-306235 , -723714 , -576741
1.0431e+06 , 1.03029e+06 , 10399.9
-976175 , -268456 , -321235
-512257 , -751226 , 2.05544e+06
1.62478e+06 , 54835.6 , -502796
-315680 , -518278 , 518156
-1.43842e+06 , -574750 , -850965
-202604 , -354411 , 768744
249963 , 969276 , 927467
-94355.8 , 2.16775e+06 , 318860
82214.3 , 428315 , 934338
-745596 , -456800 , -494846
687706 , -528958 , 218975
307705 , -1.18094e+06 , 1.1967e+06
-286187 , -1.01909e+06 , -1.2363e+06
154860 , -161858 , 1.80796e+06
511705 , 650392 , -972031
448963 , 868518 , 146322
473095 , 1.10535e+06 , -1.07143e+06
-1.39996e+06 , -255343 , -746081
562811 , 6333.69 , -558475
-371662 , -662891 , -1.0063e+06
741061 , -1.18987e+06 , -250495
-81738.1 , -410356 , -129553
-1.32684e+06 , 763612 , -47238.6
-514963 , -513319 , -1.90499e+06
408600 , 593184 , 1.06218e+06
-232818 , -1.33385e+06 , -221025
1.95143e+06 , 327889 , 850555
1.0659e+06 , -563149 , 83571.6
137915 , 1.0087e+06 , 954691
535198 , 1.14367e+06 , 687904
114653 , 689230 , 1.53564e+06
-796053 , -1.37727e+06 , -1.29327e+06
1.31117e+06 , -1.05626e+06 , -1.00985e+06
1.2045e+06 , -942895 , 421501
-510512 , 267227 , -1.1797e+06
746414 , 290630 , 1.18092e+06
457280 , -361392 , -861129
-1.08514e+06 , -1.24108e+06 , 253207
-1.26812e+06 , -810205 , -494136
766131 , -996815 , -380417
-795092 , -795378 , -1.81376e+06
-154602 , -526685 , 631447
-628556 , -650771 , -706168
-408646 , -772727 , 985680
573348 , -176062 , -209356
-97444 , -174094 , -715416
571943 , 393608 , 698402
-645612 , 219078 , 573950
700134 , -622124 , -1.15137e+06
-53640.4 , -343863 , -1.32654e+06
256522 , 601646 , -626758
522589 , -675894 , 48345.7
-1.17005e+06 , 574523 , -657207
665545 , -714065 , 339937
-1.44301e+06 , 1.14991e+06 , -1.13416e+06
1.5081e+06 , -1.68244e+06 , -311264
-781719 , 1.42561e+06 , -1.82368e+06
-31753.1 , -935716 , -440877
1.49532e+06 , 306450 , 1.39296e+06
858085 , -1.10371e+06 , 950129
1.62208e+06 , 97293 , 943706
-1.15545e+06 , 1.01874e+06 , -210727
-1.08243e+06 , 416417 , -509528
-2.33884e+06 , 161099 , -31812.7
-241958 , 1.20884e+06 , -1.5664e+06
-335420 , 388583 , -887015
325666 , -170389 , -619797
-863830 , -90729 , -622949
-262085 , -1.11114e+06 , -552967
1.47411e+06 , 124337 , -39171.2
-651129 , 896211 , -458898
-1.84738e+06 , -723765 , 177879
1.06108e+06 , 1.03004e+06 , -89730.9
454060 , 1.00334e+06 , -672688
-1.2005e+06 , 1.68111e+06 , -447927
-700795 , 1.69167e+06 , -486917
916675 , -1.29895e+06 , 1.50933e+06
910769 , 618135 , 977122
-979822 , -643823 , 734218
1.06851e+06 , -179147 , -323108
837237 , 663460 , -508952
-1.3685e+06 , -227931 , -806649
884562 , -954198 , 892525
1.16809e+06 , 537701 , 551700
185948 , 618372 , -941804
-510794 , -733491 , 1.22706e+06
-1.34541e+06 , 135977 , 708668
-1.02886e+06 , 1.00446e+06 , 948730
-426069 , -249262 , 877289
793756 , 991923 , -269947
-1.24534e+06 , -1.1309e+06 , -273828
-768927 , -86782.1 , 685034
681950 , -60035.4 , -818879
-37546.4 , -691768 , -362599
-1.25427e+06 , -192246 , 173001
-402094 , -800923 , 760587
-528542 , 1.24571e+06 , 815307
-359553 , -1.572e+06 , 133575
220011 , 797419 , 1.65568e+06
915623 , 623332 , -734130
918113 , -195309 , 1.69929e+06
-255096 , -1.70295e+06 , 847086
650154 , -155156 , 983199
1.24192e+06 , -1.57013e+06 , 533998
647705 , 559817 , 160933
1.26231e+06 , 300251 , -205387
675490 , -7835.89 , 729948
-865667 , -796042 , 981234
-658422 , 973759 , 526148
-1.12836e+06 , 106912 , 1.04397e+06
-400150 , 555273 , 306302
-450762 , 488323 , -762873
-547027 , 48044.7 , 174156
-1.00379e+06 , -859356 , 592230
-1.07546e+06 , -7509.22 , 1.0021e+06
-904421 , -280517 , 1.25295e+06
-397437 , -559910 , 1.45842e+06
-1.56851e+06 , -1.25218e+06 , 1.22325e+06
-1.70595e+06 , 1.52919e+06 , -283681
-255769 , -568296 , -497197
-1.80716e+06 , -431657 , -243907
-611021 , 872717 , -1.01272e+06
799626 , -673526 , -452426
-1.67356e+06 , 330906 , -1.54754e+06
1.34255e+06 , -944059 , -189835
-232275 , -1.0283e+06 , -233290
-1.53078e+06 , 977053 , -832009
-1.47151e+06 , -709370 , -592321
58659.2 , -295436 , -664082
266763 , -518826 , -895144
23946.3 , -567881 , 483501
-1.24304e+06 , -580612 , -335416
1.77496e+06 , -660429 , -196814
-1.25249e+06 , -1.04602e+06 , -880776
797606 , -1.88307e+06 , 558116
-1.14756e+06 , -573606 , -8292.13
209978 , 475196 , -2.08684e+06
-128089 , -693139 , -1.00412e+06
-1.35879e+06 , 388646 , -1.07302e+06
-195455 , 305693 , -1.54859e+06
865551 , 1.74777e+06 , -50468.4
-1.70537e+06 , -333165 , -1.60046e+06
-312941 , -481925 , 1.239e+06
-1.4462e+06 , -911901 , 1.29844e+06
76115.7 , -1.33131e+06 , 1.03818e+06
1.21321e+06 , 1.10178e+06 , 400970
-1.25816e+06 , -199661 , -87766.9
-1.19757e+06 , 1.27588e+06 , -593107
169185 , -1.27901e+06 , -1.22505e+06
-903322 , 695326 , -1.22205e+06
25109.9 , 402055 , 351364
-1.24207e+06 , 145495 , 116334
852675 , 604058 , 511217
-622440 , -746861 , 716597
258948 , 784058 , 1.09588e+06
-1.25457e+06 , 891827 , 791870
-1.10194e+06 , 119159 , -1.69691e+06
188596 , -109051 , -279932
-323984 , -126232 , 1.3509e+06
517700 , 492546 , 1.02547e+06
-955969 , 418767 , 741077
448415 , 311636 , -1.9739e+06
-135057 , 1.42555e+06 , 1.04251e+06
-904616 , 682067 , -390071
938971 , -29862.6 , -395510
404695 , 1.10489e+06 , 581478
-1.01361e+06 , -137669 , -1.05438e+06
-377934 , -1.48386e+06 , -1.77357e+06
1.09974e+06 , 1.71067e+06 , -65167.6
-1.63828e+06 , 1.13084e+06 , -370751
59971.2 , -448535 , 682289
-292447 , -876084 , -197699
1.01053e+06 , 1.371e+06 , 244637
-1.52022e+06 , -626486 , -29345.2
1.09948e+06 , 1.05403e+06 , -302751
-545582 , -1.28775e+06 , 667442
-979341 , -343878 , -1.55024e+06
1.5413e+06 , -222551 , 761177
83954.1 , 764.03 , 1.62295e+06
879030 , 402654 , -1.505e+06
-774019 , 248555 , 105872
-417123 , 498724 , -674447
396299 , 704781 , -421557
-1.08309e+06 , 768258 , -548161
-933945 , 407351 , 1.0389e+06
421445 , -954595 , -129433
723826 , -2.7111e+06 , -56563.2
-983172 , 447859 , -210765
489616 , 1.06327e+06 , -116678
-176242 , -217659 , 1.81324e+06
270775 , 1.38049e+06 , -12329.5
994845 , 868933 , -522426
1.05254e+06 , 1.12429e+06 , 1.21679e+06
960745 , 1.08956e+06 , 868731
-58061.5 , -1.40954e+06 , 431525
-77709.5 , 2.01544e+06 , -813102
-1.09038e+06 , -1.71711e+06 , 38347.1
-108947 , -1.32978e+06 , 187601
-1.36249e+06 , 428360 , 572698
-382205 , 1.22425e+06 , -1.46572e+06
125916 , -140691 , -137818
183881 , 1.61334e+06 , -222757
351106 , -281108 , 423578
398567 , 165066 , -1.41572e+06
-533996 , -1.66337e+06 , 265643
968432 , -646478 , 248750
834027 , -940165 , 122623
-452431 , -1.49443e+06 , -672011
676684 , -442291 , -518657
-794581 , -1.12992e+06 , -350697
203795 , -392978 , 1.38319e+06
-266606 , -1.5336e+06 , 454481
-354651 , 592612 , 66735.3
-710634 , 760180 , 917184
-259306 , -819376 , -187740
1.32879e+06 , 237660 , 908248
214790 , 42170.9 , -1.9845e+06
71249.2 , -839616 , 314964
855304 , 867933 , 941531
761280 , -385443 , 1.15488e+06
-662776 , -505005 , 177173
1.31292e+06 , 630227 , -196676
1.02517e+06 , 408960 , 1.10252e+06
149904 , 1.81055e+06 , -1.24148e+06
-395241 , 1.63892e+06 , -461570
-522314 , 1.34643e+06 , -200232
496312 , -1.5612e+06 , 1.03292e+06
46895.6 , 1.08012e+06 , 1.49414e+06
1.25614e+06 , -503117 , -321530
1.38996e+06 , 294079 , -104632
-1.04893e+06 , 1.11964e+06 , -339.524
-1.3876e+06 , 1.00103e+06 , -67972.5
1.07176e+06 , 908678 , -264358
-602050 , -1.37398e+06 , 826377
-423798 , -139802 , -621792
68236.5 , -1.35998e+06 , -358533
993489 , 1.09577e+06 , -770652
-262831 , 522472 , 798033
-30942.5 , -689418 , -238338
-76128.3 , 162765 , 942877
-1.01454e+06 , 932763 , -66468.2
1.26014e+06 , 460240 , 1.07838e+06
419900 , -345117 , 1.30057e+06
1.88296e+06 , -9184.07 , -1.2894e+06
501631 , 838697 , -1.76696e+06
-1.44648e+06 , 236688 , -30119.2
777593 , 1.32258e+06 , 843575
-1.27009e+06 , 498213 , 1.2536e+06
-441186 , -1.02351e+06 , -1.04551e+06
-153612 , 1.32107e+06 , 579747
-1.23118e+06 , 908277 , -807066
260945 , -388249 , 138406
-1.11687e+06 , -403479 , -445585
-543389 , -624568 , 1.45922e+06
-713770 , -947568 , -467642
1.69322e+06 , 206032 , -143961
1.0375e+06 , 18845.6 , -357940
592751 , -710296 , 118731
-968388 , 442538 , 853070
458669 , -510421 , -1.00558e+06
-201511 , 563307 , 369746
89992 , 934803 , 1.91822e+06
121586 , 605317 , 1.14166e+06
339318 , 443526 , 1.21794e+06
1.34107e+06 , -273024 , 589305
101670 , 678550 , -612738
-55035.4 , 299956 , -1.1767e+06
-149066 , 71334.9 , 693777
474937 , -422313 , -586981
-715489 , -107893 , -812181
125482 , -729716 , 791236
523121 , -448584 , -1.1613e+06
-392393 , 613015 , -982464
1.19559e+06 , -258475 , 1.19717e+06
955180 , -939822 , 1.26675e+06
-170371 , 79460.6 , -402521
-554702 , 21714.4 , -909936
-1.13648e+06 , -400395 , 996434
525734 , -228544 , -1010.95
-1.03089e+06 , -1.37853e+06 , -11224.3
778661 , -627401 , -1.46818e+06
-1.22595e+06 , -642830 , 1.10329e+06
-461804 , 668091 , -1.13426e+06
934040 , 206695 , 1.93662e+06
1.04626e+06 , -1.37399e+06 , -358901
1.36016e+06 , -1.70948e+06 , 718410
1.26559e+06 , 118715 , -519680
1.06316e+06 , 639739 , 815328
-328333 , -1.19092e+06 , -684950
-427643 , -1.60372e+06 , -33674.9
258059 , 329547 , 1.39127e+06
-501009 , 1.17795e+06 , -762923
1.80902e+06 , 1.50813e+06 , 108279
133756 , 2.10586e+06 , 254589
-864525 , -1.20539e+06 , 677079
310023 , -255497 , 1.11719e+06
800785 , 1.46518e+06 , -429975
-1.79193e+06 , 91450 , -439702
-34945 , -310086 , 886864
843030 , -101896 , -1.00484e+06
-448999 , -808259 , 1.27118e+06
-773055 , 762057 , 120273
-317413 , 1.0034e+06 , 995304
279542 , -1.27245e+06 , 1.33858e+06
369947 , -42303.9 , 42824.6
636637 , -32400.6 , 1.80963e+06
920654 , 917632 , -337616
997877 , -651261 , 98465.1
321532 , 483239 , -7054.21
1.21364e+06 , -1.37173e+06 , -472123
579016 , -1.42827e+06 , 1.12585e+06
904552 , -944506 , -621401
-418557 , 1.06391e+06 , 244795
1.0862e+06 , 408432 , 773413
-864595 , -406725 , -170695
576320 , 502928 , 705019
309426 , 1.56523e+06 , -261683
-903062 , 401951 , 1.67231e+06
369142 , -393294 , -550602
297722 , -614448 , 391788
1.62965e+06 , 596454 , 1.47722e+06
-1.08507e+06 , 178428 , 395249
475842 , -1.38177e+06 , 1.61832e+06
-437858 , 847641 , -1.37156e+06
-874868 , -1.37795e+06 , -2.0449e+06
1.3561e+06 , -424192 , -1.13709e+06
-157964 , 917657 , 577072
-162995 , -304103 , -1.09801e+06
550277 , 1.59089e+06 , 335361
240793 , -1.33825e+06 , -1.39351e+06
-669560 , -512547 , -1.22057e+06
-319983 , -1.4073e+06 , -935038
-663738 , 1.83397e+06 , 769849
181872 , -1.18555e+06 , -409290
1.28945e+06 , 1.37406e+06 , -310308
-1.57145e+06 , -1.60117e+06 , -116596
-584260 , 69684 , -1.31116e+06
-2.07457e+06 , 901539 , -464513
-2.37107e+06 , 148906 , -286474
-573419 , -1.01346e+06 , -1.12388e+06
-434636 , 1.59454e+06 , 1.09993e+06
746182 , 808951 , 285777
961692 , -930158 , -648555
80745.9 , 180563 , -857946
223999 , 1.22191e+06 , 92105.7
-1.11518e+06 , -293562 , -167366
300891 , -49412.8 , -227362
-455353 , -1.17122e+06 , -1.30021e+06
-534168 , -420048 , 1.23599e+06
-715536 , 194426 , 854622
1.08402e+06 , -1.63598e+06 , -288823
309073 , 963091 , 763060
333536 , 529710 , 1.8514e+06
333495 , 316728 , -274974
324476 , 1.40411e+06 , 259790
1.27233e+06 , 577222 , -1.20951e+06
450476 , 1.3771e+06 , 848936
-255388 , 967863 , 330500
240003 , 1.37177e+06 , -856373
1.21406e+06 , 93726.8 , -73581.2
198432 , 2.00469e+06 , -593759
-1.32637e+06 , 1.40935e+06 , 93813.8
657697 , 920284 , 1.50888e+06
54199.5 , 967370 , -319212
1.17111e+06 , 1.31343e+06 , -1.21201e+06
-330909 , 1.18131e+06 , -353419
-593053 , -589767 , -517210
1.3911e+06 , 913099 , 1.8467e+06
-347966 , -1.07275e+06 , -1.48369e+06
-42614.2 , -674766 , 647426
-856929 , 887944 , -965747
411047 , -749920 , 604312
-611624 , -1.29872e+06 , 1.41787e+06
1.7182e+06 , 6914.17 , 724553
-589599 , 934657 , 2.03587e+06
320510 , 638320 , 225919
-817425 , -553455 , -1.23673e+06
-636213 , -1.33024e+06 , 142859
174440 , 1.61766e+06 , 146252
-58094.1 , 1.21089e+06 , 1.25302e+06
8480.09 , -1.75361e+06 , 129086
-1.03075e+06 , -357470 , 333336
1.5894e+06 , -618554 , -1.42213e+06
-722215 , 1.84992e+06 , -705064
505373 , 462622 , -866643
380686 , -230984 , -1.08889e+06
-665101 , -875137 , -1.56124e+06
-75534.3 , -338576 , -1.19821e+06
-681301 , -864184 , -974724
-213704 , 38119.4 , 1.31182e+06
-226120 , -983244 , 791423
2.1374e+06 , 32478.6 , 828437
-367165 , -244597 , -1.88509e+06
-141330 , -970760 , -1.19443e+06
-165872 , 461677 , 246515
1.63255e+06 , -314137 , 1.36061e+06
1.68171e+06 , 173546 , -321514
-296795 , 1.8033e+06 , 147501
-1.78453e+06 , 1.49806e+06 , 1.51676e+06
-858797 , 70441 , 28486.8
-289233 , 1.78621e+06 , -787909
223019 , -1.12362e+06 , 378966
23490.2 , -1.48869e+06 , -1.47648e+06
-2.14567e+06 , 628627 , 282395
15466.4 , 977713 , 718729
247393 , -790420 , -275836
-601321 , -1.2341e+06 , 1.20741e+06
17823.5 , -153531 , -432265
-275429 , 1.50707e+06 , -789661
-680157 , -46355.3 , -132903
213585 , 515523 , 575811
-690455 , 900874 , 584597
-236942 , 1.09376e+06 , 160436
199452 , -1.11231e+06 , 1.66151e+06
34080.7 , -434515 , 649561
460225 , 680387 , 144292
-356692 , -964268 , 952089
-1.34259e+06 , -902097 , -659103
-1.17003e+06 , 294600 , -158753
-14811.9 , -674078 , 1.05604e+06
-61677.9 , -304249 , 680937
-761030 , -392548 , -230278
335513 , -408925 , 1.78756e+06
-96343.9 , -240014 , -315894
-293214 , 2.06727e+06 , 430205
857585 , 895609 , -1.3342e+06
735264 , 909089 , 843896
1.39561e+06 , 285180 , 110105
835902 , -1.30697e+06 , -889154
-280261 , 714383 , -745931
571880 , -282063 , -101908
-411880 , 706556 , 1.06352e+06
423439 , 1.1866e+06 , -750581
873654 , -1.28008e+06 , -509623
-684010 , 358712 , -186860
-476238 , 738508 , 146873
-546472 , -1.79545e+06 , 472478
-797457 , -1.13289e+06 , -80161.1
1.25485e+06 , -567224 , 141272
692210 , -973728 , -306513
-40697.9 , -773793 , 1.55316e+06
-452701 , 827533 , 251175
234521 , 942449 , 256793
-123088 , 531429 , -251419
400185 , 588387 , 720317
-1.11266e+06 , 367545 , -74911.4
1.08976e+06 , -528388 , 69187.6
-249666 , -1.30109e+06 , -1.07148e+06
347901 , -231902 , 979330
1.1906e+06 , 65995.3 , 237623
410024 , -611517 , 1.13439e+06
512321 , -1.59287e+06 , -920801
674465 , 1.24539e+06 , 1.55264e+06
262228 , -295354 , -862564
-1.30982e+06 , 103980 , 912776
1.2369e+06 , 1.25132e+06 , -821566
1.42246e+06 , -92384.3 , 419197
638453 , 176972 , 2.32027e+06
471168 , -43406.2 , 252831
-620282 , -279574 , 248471
-1.00151e+06 , -1.44174e+06 , 1.19473e+06
-15893.3 , 485392 , 911455
1.48316e+06 , 947611 , 947289
-446297 , 1.6243e+06 , -671629
59441.8 , -1.25325e+06 , -541302
1.16162e+06 , -275690 , 1.48106e+06
94978.5 , -1.00143e+06 , 694269
-327910 , 83519 , 564875
-1.39237e+06 , 371910 , 407091
-310558 , 465372 , 891034
870139 , -89353.1 , -760344
1.17753e+06 , 760450 , -162524
895688 , 719078 , 1.30657e+06
1.49647e+06 , 52546.1 , -346780
1.39277e+06 , -1.58213e+06 , -880939
-1.53902e+06 , 645789 , -690679
153308 , -409815 , -498075
934528 , 377894 , 1.47289e+06
-192111 , 278556 , -1.10022e+06
-192205 , 445589 , -677583
-589808 , -288793 , -582119
1.28437e+06 , -339159 , -222575
720949 , 279313 , 942849
-420096 , -934453 , 740389
-1.02046e+06 , 809729 , -908855
-132391 , 1.46694e+06 , -110711
1.20821e+06 , -549203 , -178541
-641326 , -809181 , -670816
-1.72857e+06 , -450191 , -323952
1.02246e+06 , 953530 , 957937
691469 , -1.55232e+06 , 144282
1.13808e+06 , 941081 , 785694
43004.5 , -431358 , 176843
1.00527e+06 , -1.47349e+06 , 280501
-521435 , 1.73041e+06 , -1.46216e+06
780583 , -492635 , 980964
-298796 , -627052 , -910209
-47347.6 , -391300 , -19792.3
1.33013e+06 , 108100 , 1.35663e+06
1.5326e+06 , -166645 , 969842
902103 , -237000 , -684509
1.16146e+06 , 513333 , 1.10258e+06
1.02558e+06 , -1.1814e+06 , 1.2165e+06
261567 , -2.05768e+06 , -989735
417399 , -479988 , -577908
-199514 , 301783 , 1.50188e+06
870866 , -1.82194e+06 , 455540
969773 , -1.36375e+06 , -1.48645e+06
-391499 , 19671.9 , 1.27076e+06
1.53904e+06 , 614762 , 684624
-354632 , 758567 , 1.76321e+06
-1.20264e+06 , -1.31518e+06 , 499068
226891 , 421287 , 1.64695e+06
865172 , -551612 , 289067
399020 , -1.35923e+06 , -488937
1.1426e+06 , -605186 , 1.15066e+06
-1.00284e+06 , -1.24447e+06 , 115181
-1.06624e+06 , -978362 , -161608
-1.437e+06 , -1.7027e+06 , 514841
406943 , 765702 , -790377
389712 , -72233.8 , 1.02768e+06
65955.3 , 1.42602e+06 , 145232
786280 , -643816 , 858416
1.37434e+06 , 515274 , 735245
35396.3 , -422418 , 312268
-1.66875e+06 , -107824 , 113154
-606353 , 1.12748e+06 , 998393
1.0785e+06 , 510878 , 1.80738e+06
229567 , 45426.8 , 518355
478770 , 600701 , 846086
-1.85253e+06 , -455589 , 453722
791584 , -707849 , -1.28718e+06
-1.82272e+06 , 1.34664e+06 , 587657
-300498 , -1.15937e+06 , 87823.6
1.15158e+06 , -1.91175e+06 , 35846.6
-2.02796e+06 , -350320 , -54246.6
-792456 , 1.27382e+06 , 275179
-788275 , 747147 , -1.85559e+06
546691 , -102390 , 172458
-1.05895e+06 , 1.70369e+06 , 488827
374714 , -671029 , 955217
2.161e+06 , -325889 , 638277
415990 , 529139 , 508261
34968.9 , -756624 , -680860
-291634 , 1.69327e+06 , 592279
407988 , 1.88201e+06 , 576525
-306196 , -1.78729e+06 , 370193
235979 , 1.04217e+06 , 57968.5
-1.47319e+06 , 251339 , -14465.1
-237313 , -181804 , 1.71962e+06
691875 , 351184 , 159283
1.57021e+06 , 421070 , -806903
164023 , -1.58658e+06 , 816869
-83112.7 , -353541 , 393078
1.1778e+06 , -899527 , 1.42072e+06
-80773.1 , -429552 , -595699
-1.47886e+06 , 361414 , 39154.5
-1.37369e+06 , 564276 , 196073
927905 , -40911.8 , 1.43653e+06
-227099 , 129292 , -964871
25391.9 , -1.70759e+06 , 1.45105e+06
-1.17132e+06 , 162959 , 1.38693e+06
-338365 , -1.82205e+06 , -535188
1.23285e+06 , -261967 , 789416
-530250 , -603623 , -623908
1.46223e+06 , 1.27371e+06 , 564813
-922810 , -842409 , -1.56913e+06
-240414 , 300473 , 347572
-31396.5 , 253081 , -620819
-746858 , -439438 , -782466
-51694.9 , 212360 , 2.30717e+06
-934124 , 1.56411e+06 , 685539
606161 , 547848 , 597109
-1.00101e+06 , 1.15099e+06 , 1.32085e+06
-367063 , -1.18228e+06 , -1.16916e+06
-118278 , -444124 , 662276
856478 , -1.10089e+06 , 210299
243469 , 1.83328e+06 , -1.34914e+06
-1.44918e+06 , 1.33713e+06 , 255544
1.05158e+06 , -54623.5 , -291798
902578 , 31889.9 , -463016
1.78001e+06 , 396673 , 1.31758e+06
-226534 , 2.63146e+06 , 1.98939e+06
913269 , -473677 , -194466
272919 , 521626 , -1.98724e+06
1.34346e+06 , 1.08009e+06 , 507647
-141685 , 1.22634e+06 , 1.2375e+06
-1.85535e+06 , -376917 , -104478
32745.3 , -1.03458e+06 , 1.04728e+06
-736053 , 185789 , -931421
-947980 , -790168 , 790726
-297541 , 239758 , -406295
-689190 , 228676 , 447046
-689813 , -307336 , 1.72953e+06
-1.06209e+06 , -848166 , 639635
1.00372e+06 , 562487 , -183999
408941 , -1.11996e+06 , 780030
-680619 , -1.20054e+06 , -819946
-1.10816e+06 , -158489 , 99130
-2.09553e+06 , 18728.1 , -440480
1.7956e+06 , -383665 , 693503
1.43823e+06 , 1.74477e+06 , 201628
567641 , -436131 , -394159
-214254 , -392144 , 1.70144e+06
-752953 , -1.45076e+06 , 751255
334187 , -89764.2 , 1.68322e+06
-1.18621e+06 , -156349 , -299391
-4474.22 , 84518.6 , 1.75235e+06
327126 , -858307 , 84698.5
-594269 , 301768 , 513799
1.27293e+06 , 1.26365e+06 , 537865
1.19034e+06 , -297169 , 1.45657e+06
732116 , -1.05631e+06 , -253988
-1.05643e+06 , 124907 , 542358
637534 , -1.80575e+06 , -704052
795716 , 177981 , -118688
728844 , -324049 , -1.10607e+06
-272697 , -1.63564e+06 , -481273
-730892 , 909853 , 225992
415811 , -1.50445e+06 , 708860
-1.25233e+06 , -663299 , 109372
273927 , -1.27361e+06 , -764827
1.45555e+06 , -917729 , 61524.8
980398 , 363033 , -577625
-981238 , 1.1056e+06 , -665412
-13118.3 , 1.09956e+06 , 1.39242e+06
381343 , -564545 , -518402
672715 , -321762 , -603108
-333251 , -1.01542e+06 , 891123
1.22474e+06 , 205754 , 253529
-1.06251e+06 , 1.07207e+06 , 34643.3
-178420 , -903406 , -1.24096e+06
1.06564e+06 , 643702 , 1.17426e+06
1.77611e+06 , 385376 , -1.12251e+06
740072 , -539413 , 295522
800740 , -644272 , -1.43291e+06
1.10299e+06 , -221512 , 887624
-1.24231e+06 , 1.64294e+06 , 533545
219680 , -899712 , 410346
-1.7359e+06 , -589617 , 868886
-167047 , 356868 , -281272
1.55761e+06 , 815108 , 1.39659e+06
-1.04756e+06 , 823111 , 427440
-958015 , 118932 , 623566
-894542 , -319579 , 613187
-543007 , 592909 , 1.20805e+06
-1.53903e+06 , 335093 , 1.7605e+06
-1.42261e+06 , -97659.5 , -209038
-755854 , 1.40401e+06 , 155354
-329853 , 945453 , 296871
-640605 , -813849 , -866785
-1.09405e+06 , 621296 , -103709
-1.06812e+06 , -521369 , 4668.97
-1.32952e+06 , -104806 , 1.3168e+06
-739264 , 529103 , 1.29184e+06
-1.02613e+06 , 1.48018e+06 , -216952
-1.44743e+06 , -946942 , 19445.3
652730 , 414575 , -1.09105e+06
679522 , -1.21139e+06 , 316645
-437909 , -390804 , 1.6904e+06
-1.37026e+06 , 755720 , 549959
594727 , -308627 , 1.12797e+06
-532649 , 42646.4 , 1.25614e+06
-449367 , 867995 , -1.20953e+06
889436 , -428329 , -652196
-57160.4 , -535351 , 452604
-227685 , 1.89601e+06 , 388454
569886 , -854382 , 742372
1.25946e+06 , 807614 , 1.2622e+06
1.23541e+06 , 1.02178e+06 , -23330.1
-695857 , -447273 , 1.27366e+06
730391 , 1.34522e+06 , -1.18159e+06
1.18238e+06 , 1.32291e+06 , 280379
-1.02205e+06 , -482229 , 206570
186369 , 499903 , -105681
-1.45649e+06 , 449051 , -202831
188704 , -679045 , 207170
-97103.3 , 1.53205e+06 , 690985
691324 , 328733 , -1.24108e+06
72465.2 , 829738 , 410742
-723825 , -608272 , -557323
-1.65775e+06 , -1.44507e+06 , 545576
406403 , 1.51694e+06 , 680617
-1.41863e+06 , 245603 , -573938
1.42029e+06 , 212977 , 759913
1.70679e+06 , -232995 , -891287
838253 , 415394 , 773509
1.03939e+06 , -94731.3 , -389349
-134641 , -275308 , -861832
-133889 , 621322 , -855262
-869258 , 1.32508e+06 , -897560
-1.79744e+06 , 223861 , 401255
-572911 , -1.19619e+06 , -617228
1.20269e+06 , -52776.1 , 1.61632e+06
-60065.6 , -1.13176e+06 , 757395
544431 , 334731 , 162213
1.33916e+06 , -1.45527e+06 , 640703
-337013 , 733467 , -122039
1.66807e+06 , 1.12287e+06 , -85170.6
1.14438e+06 , 586357 , -534577
-828548 , 504990 , -631679
1.14015e+06 , -1.09342e+06 , -411402
-431365 , 56538 , -784169
64306.6 , 998628 , -893228
110290 , -918872 , -955956
1.0209e+06 , -677362 , 952961
-844939 , -1.90141e+06 , 4401.89
-476866 , 1.05226e+06 , 1.3331e+06
1.13555e+06 , -137853 , -1.04703e+06
211517 , 1.00834e+06 , -1.0333e+06
1.42794e+06 , 839225 , -85513.5
821395 , -1.23488e+06 , -435005
920082 , -404818 , 975812
-1.34653e+06 , -205459 , 610571
432010 , -1.20735e+06 , 1.02618e+06
-906620 , 1.75023e+06 , 758543
632370 , -833123 , -64253.5
-997482 , 711164 , 69423.8
-750112 , 546450 , -784157
373531 , -1.01045e+06 , -1.81332e+06
-543949 , -1.23079e+06 , -590528
-1.0225e+06 , 293572 , 1.48981e+06
251877 , 513556 , 1.98884e+06
77809.7 , 569716 , 887260
-1.24486e+06 , -184951 , 1.09608e+06
-22459.5 , 300352 , -481732
1.30669e+06 , -976350 , 470559
-900204 , -286604 , 751520
108480 , 488441 , -1.07673e+06
-568497 , -1.05996e+06 , 298689
-263460 , -86871.5 , -417738
-800562 , -43929.9 , -1.26059e+06
-30744.1 , -894531 , -92056.5
1.06204e+06 , 186567 , 1.06634e+06
-316915 , 495039 , 1.80811e+06
-605973 , -984689 , -426820
-675284 , -177266 , 170698
-508746 , 2.03993e+06 , -562955
493567 , -1.34674e+06 , -271052
538782 , -1.21281e+06 , 534490
-1.16885e+06 , -845387 , -419294
873342 , -685747 , 1.17474e+06
235567 , -1.65804e+06 , 162291
-457469 , -360108 , -459127
-138965 , 493309 , -30255.4
1.8122e+06 , -291466 , 544285
-1.21995e+06 , -199112 , 773960
-1.62365e+06 , 989837 , -957957
-409141 , 174077 , -610961
-1.26462e+06 , -11541.9 , -362958
-909624 , -479903 , 1.24254e+06
351425 , 1.4609e+06 , -462034
243014 , -229123 , -1.38384e+06
779212 , 273051 , -706360
-436786 , -147418 , -827194
-253642 , -301785 , -1.54127e+06
-1.15693e+06 , 1.47928e+06 , -99563.3
-97137.5 , -1.39768e+06 , -1.56864e+06
-895098 , -710866 , 628683
111021 , -179151 , 1.48286e+06
654061 , 1.01496e+06 , 51020.9
1.54258e+06 , -785808 , -435236
-123488 , -285511 , 1.46695e+06
-799526 , 377606 , 1.20345e+06
125425 , 1.01484e+06 , -546189
-810776 , 304332 , -1.14787e+06
-2.21376e+06 , 153030 , 326437
-1.29985e+06 , -1.11809e+06 , -17330.4
-1.02091e+06 , -428735 , -758565
-360715 , -577121 , 301462
458781 , -716840 , 1.31474e+06
433468 , -495384 , 948436
-313673 , 1.38911e+06 , 1.64376e+06
-638695 , 362828 , 1.09859e+06
-997866 , -1.23327e+06 , 242775
421605 , -565116 , 995506
-684720 , -336340 , 1.22634e+06
-411258 , 670661 , 1.68881e+06
1.0883e+06 , -697572 , -422033
-1.5033e+06 , -23976.9 , -536411
690292 , 1.42679e+06 , -442153
801228 , 393534 , 1.03006e+06
118001 , -914544 , -1.16811e+06
212471 , -831002 , -1.16573e+06
303646 , 781781 , -447449
318419 , -44018.9 , 2.02093e+06
1.12409e+06 , -1.24817e+06 , 1.40206e+06
-53997.8 , -426969 , 1.34385e+06
620478 , 58783.1 , -403437
-73501.2 , -1.03829e+06 , 1.2988e+06
170953 , 854996 , -1.63263e+06
-1.08552e+06 , -709315 , -1.17955e+06
54662.2 , -1.45361e+06 , -469195
857891 , -231971 , -744899
-1.01062e+06 , -513435 , -858625
-1.23941e+06 , -944750 , 153399
464925 , -587685 , -727826
629584 , 1.08743e+06 , -324526
1.91672e+06 , -267431 , 300673
-38445.7 , 1.36013e+06 , 682357
-55058 , 2.48158e+06 , -997205
1.11583e+06 , 538973 , 553616
-805579 , 848609 , 1.8262e+06
-577367 , -758054 , -726688
-439294 , -194638 , 426546
605200 , 1.20993e+06 , -320256
582302 , 813151 , 1.77756e+06
568547 , -178947 , 1.43756e+06
-683178 , -547710 , 114875
-347102 , -1.5505e+06 , -327024
-421727 , 218793 , 736654
-1.57885e+06 , -369575 , 1.08248e+06
2.09717e+06 , 921748 , -295593
406200 , -470887 , -421238
-290299 , -1.16326e+06 , 778716
-211826 , -1.05239e+06 , -133961
703758 , -1.16367e+06 , -488226
-528321 , 1.14596e+06 , -1.36483e+06
-931148 , -1.82113e+06 , -769024
539368 , 1.04195e+06 , -1.17889e+06
56127.4 , 1.86304e+06 , 344130
-1.25261e+06 , -1.62405e+06 , -959449
-525035 , -1.07816e+06 , 377141
-1.44496e+06 , 654086 , 794877
-483781 , 1.15129e+06 , -116914
-353062 , -603576 , 153770
228752 , -64397 , -62303.5
1.03618e+06 , 680045 , -1.48662e+06
372582 , 131804 , 957627
199827 , -74013.1 , -1.81091e+06
1.61156e+06 , -830692 , -436161
-344149 , -602324 , 616679
1.29437e+06 , 570381 , 573882
-87993.8 , -572453 , -701238
604664 , 106785 , 2.03358e+06
-214317 , 857538 , 366236
1.0961e+06 , -948558 , -719841
1.01224e+06 , -1.30839e+06 , -757668
-672203 , -509045 , -231269
726244 , 1.89772e+06 , 1.08739e+06
-46395.4 , 745373 , 1.4359e+06
-789533 , 173812 , 934997
950674 , -18916.6 , -156817
-1.45009e+06 , -298108 , -339912
844921 , 44954.8 , -880194
-1.04227e+06 , 301014 , -1.39745e+06
1.25329e+06 , 324894 , -281151
71675 , -168347 , 1.43846e+06
-1.16395e+06 , -589578 , 1.30417e+06
409279 , 165237 , 1.34331e+06
-403993 , 1.00154e+06 , -112135
364342 , 615171 , 935207
499572 , -309288 , 5228.67
-1.07263e+06 , 507239 , 964920
-1.59206e+06 , -1.09168e+06 , 452783
-946620 , 683925 , 930508
141892 , 981551 , -92628.5
443281 , -999489 , -229827
-1.15552e+06 , 377286 , 1.81521e+06
1.13588e+06 , 338554 , 1.57453e+06
1.03179e+06 , -862047 , 506945
-904900 , -734191 , 480444
-890218 , -588154 , -139240
596688 , -963916 , 123286
1.7101e+06 , -470996 , 521238
432685 , 1.1199e+06 , -305167
768183 , -1.47401e+06 , 480128
-28743.5 , 815525 , -238249
310394 , 113385 , -1.32697e+06
93960.7 , -681033 , 826172
1.37887e+06 , 406318 , -495121
1.5782e+06 , 545996 , 1.17843e+06
727079 , 313489 , 907872
72946.3 , -277616 , -800832
-93918.7 , 1.76259e+06 , -246909
500813 , 25970.1 , 75261.1
590143 , -1.36826e+06 , 437157
-1.21529e+06 , -762336 , -634997
1.2418e+06 , 746739 , 644015
1.34435e+06 , 1.25776e+06 , 646889
67224.9 , 1.46561e+06 , 427460
404841 , 632558 , -446585
714875 , 185595 , -166678
-10745.1 , 843572 , 1.38114e+06
-564331 , 848033 , 1.3799e+06
953392 , -886972 , -802808
342892 , -857387 , 1.28765e+06
552943 , -384431 , 151558
-52348.8 , -97311.5 , -28779.8
-1.41247e+06 , 276022 , -363923
305249 , 1.56835e+06 , -401829
-1.51954e+06 , -59507.6 , 1.12335e+06
-63822.3 , -797197 , -1.59342e+06
1.09969e+06 , 578319 , 1.30081e+06
-508057 , 35189.9 , 200215
536317 , 346402 , 512661
631297 , 180359 , -905210
-1.23675e+06 , -65845.9 , 1.23456e+06
149342 , -1.31616e+06 , 83714.7
920806 , 433477 , 338330
128135 , 1.42116e+06 , -170252
848613 , 1.02477e+06 , 1.18764e+06
-482371 , 153044 , 1.04935e+06
81333.2 , -1.53433e+06 , 512767
-298911 , -140380 , 1.57027e+06
600541 , 851216 , -186736
1.07435e+06 , 87983.5 , -469044
-1.6978e+06 , -624018 , -459594
-1.23784e+06 , -243169 , 310126
337388 , 601366 , 392054
160745 , 1.21506e+06 , 1.07608e+06
-61000.4 , -1.61216e+06 , -185720
-1.74496e+06 , 288193 , -1.0505e+06
84095.9 , 389120 , -797269
-581593 , 1.27992e+06 , 388095
-1.54766e+06 , -208332 , -887552
-366776 , -1.38401e+06 , 298811
105786 , -565610 , 92550.8
-182384 , 633266 , 1.24655e+06
-1.16225e+06 , 778896 , 1.00678e+06
400759 , -294491 , 2.11799e+06
-509846 , 1.10444e+06 , -1.09306e+06
1.78729e+06 , 202981 , 1.33092e+06
436583 , -43860.7 , 349806
-1.33085e+06 , -485706 , -224504
-333290 , -1.49077e+06 , -257050
715773 , 260348 , -37534.8
-70300.8 , 128399 , -1.55506e+06
33024.5 , 492671 , -197997
1.11643e+06 , -615010 , 19141.4
871994 , -1.83269e+06 , -863231
-1.00422e+06 , 694737 , -1.81841e+06
417436 , 593227 , -1.70036e+06
852141 , 814344 , -96155.2
256690 , 207935 , 1.90984e+06
-351110 , -346126 , -1.57887e+06
1.51538e+06 , 795306 , 1.30358e+06
-1.02612e+06 , -708218 , -1.04671e+06
2.35401e+06 , 156670 , 208922
1.15153e+06 , -721095 , -607794
73858.2 , -1.58453e+06 , -740183
669648 , -915840 , -489819
-1.57912e+06 , -977913 , 900793
-998312 , -620405 , 748749
213554 , -95954.4 , 13206.7
934080 , -733173 , -192169
513481 , -271724 , -813315
-58072.8 , 423270 , -1.58747e+06
962069 , 1.42831e+06 , -304220
-315197 , 17504.9 , 1.95556e+06
567856 , 1.78955e+06 , 6658.58
-595874 , -318500 , 246035
-485883 , -239230 , 163669
-393643 , 1.37613e+06 , 438217
704538 , 858873 , -823949
997326 , -158609 , -469259
-1.22566e+06 , -326304 , -1.2262e+06
1.22487e+06 , 785655 , 1.55934e+06
843062 , -641526 , -891133
1.43944e+06 , -72830.1 , 227395
832938 , -1.58857e+06 , -849782
-445259 , -624210 , -1.57795e+06
146240 , 229777 , 1.51029e+06
1.15314e+06 , 639639 , -81470.7
-767185 , -268452 , 1.54093e+06
-335392 , 722474 , -1.92899e+06
-1.2307e+06 , 456684 , -435427
1.17447e+06 , 874175 , 14378.9
-1.31431e+06 , 835966 , 1.14433e+06
249015 , 1.99404e+06 , 581146
-335102 , -967765 , 1.92593e+06
-1.02266e+06 , -319293 , 158665
284193 , -537320 , 1.81377e+06
1.40061e+06 , 154246 , 1.4424e+06
-1.04568e+06 , -1.38033e+06 , 392800
683797 , -1.2064e+06 , 119664
407944 , -725840 , 548338
103226 , -159199 , -1.16897e+06
-730930 , 744498 , -222540
-1.15739e+06 , 1.34766e+06 , 241933
-664815 , -1.01821e+06 , 1.48716e+06
225416 , 1.38319e+06 , 223008
-265544 , -1.08628e+06 , 632964
1.90453e+06 , 567166 , -388074
-920157 , -1.12703e+06 , -980161
-259093 , 775000 , 603183
1.47418e+06 , 1.23225e+06 , -828512
-182081 , 324407 , 508041
16352.7 , 241895 , 1.50996e+06
-364507 , -167573 , 233373
-171814 , 1.35405e+06 , -876617
277873 , 972783 , 854593
1.01182e+06 , 896609 , -1.43367e+06
-707982 , -188672 , -934691
818726 , -776635 , 76415.7
-511312 , -673083 , 844248
849670 , 433530 , 222934
140460 , -875415 , 1.45735e+06
-644995 , -1.88298e+06 , -125938
773380 , 600299 , 696576
998853 , 381655 , 326904
1.64551e+06 , -394731 , 152012
321472 , 1.07684e+06 , -1.57102e+06
1.19463e+06 , 103612 , 616046
1.87242e+06 , -46103.6 , 359387
742714 , 190550 , 1.67593e+06
701387 , -274185 , 120315
37684 , 79073.9 , 1.40955e+06
1.4954e+06 , -700785 , 394607
802121 , 227782 , -1.08727e+06
669798 , -278556 , -664095
-604323 , -559825 , 1.48534e+06
1.3562e+06 , -315615 , -848844
1.73814e+06 , -659.722 , 804542
1.17277e+06 , 797746 , -124669
-269513 , 218500 , 165575
-1.28374e+06 , 111806 , 1.20716e+06
1.31446e+06 , 368250 , 884652
-353544 , -1.50604e+06 , -1.15452e+06
-1.25588e+06 , 182052 , 1.89799e+06
516868 , -554539 , 6929.63
-93124.4 , 1.10027e+06 , 363963
1.49609e+06 , 1.1382e+06 , 183453
-843661 , -1.55403e+06 , 1.02149e+06
205738 , -412520 , 250769
-96456.5 , -1.23077e+06 , -35958.9
-1.29732e+06 , -376407 , 182061
1.2287e+06 , 100673 , -1.55967e+06
2.08452e+06 , -271004 , 622190
-1.01215e+06 , -1.21874e+06 , -1.05826e+06
1.87524e+06 , -330775 , 738895
-729367 , 597066 , -642506
-1.34674e+06 , 739664 , 496359
-862273 , -636816 , -460312
-457072 , -723640 , 753492
1.11999e+06 , -618345 , -402094
92075.5 , 1.5491e+06 , -613057
1.13706e+06 , 1.53346e+06 , 592844
-366948 , 1.42659e+06 , 12602.5
-582540 , -940914 , 420875
1.77254e+06 , -959711 , 384847
509479 , -26763.2 , 640870
-1.56677e+06 , 365129 , -1.04101e+06
-965481 , -126385 , 165875
-977985 , 214110 , 167820
1.61848e+06 , 310799 , 63097.5
-1.30619e+06 , -109975 , -1.5216e+06
-822785 , -1.08346e+06 , 1.50691e+06
-291487 , -408929 , -1.59977e+06
-418047 , -410644 , -284581
-775536 , 287822 , -178295
-373852 , -995074 , -485707
210052 , -1.0545e+06 , -1.18248e+06
395461 , -996807 , -1.0961e+06
-682453 , -873057 , -660561
-570718 , 707035 , 1.3833e+06
-1.613e+06 , 320859 , 538144
1.71763e+06 , -534676 , 713832
-875091 , -1.12141e+06 , -603704
-371042 , -187800 , -1.33756e+06
-532483 , -343623 , 18708.1
-746113 , -918936 , 544834
1.71709e+06 , -841126 , -325838
-181157 , 1.41827e+06 , 684877
896652 , -148146 , -243456
-922301 , 61558.2 , -1.32232e+06
597600 , -516960 , -127334
-432170 , -278664 , -572056
1.41368e+06 , -1.02605e+06 , -206711
-61137.5 , 254414 , -44123.8
-161736 , -1.28248e+06 , 1.17595e+06
1.28787e+06 , -947377 , 356949
1.44289e+06 , 281539 , -831407
45815.6 , -269032 , -771444
185771 , 978632 , 1.77316e+06
-953221 , 965244 , -1.33969e+06
-670511 , -260132 , -169052
-1.3885e+06 , 775934 , -858623
721305 , 1.35097e+06 , -567944
479583 , 127404 , -1.03626e+06
-669972 , 205958 , 1.66014e+06
1.19753e+06 , 303292 , 317595
1.27749e+06 , 950307 , 693470
402425 , 789882 , 1.44232e+06
1.27272e+06 , -777736 , -32266.2
-231996 , 1.31504e+06 , -833187
384352 , 528083 , 837956
-832989 , -545509 , -616701
-1.43461e+06 , 1.20552e+06 , 966980
404209 , 1.57924e+06 , -558198
791899 , -916850 , 311380
266616 , -870455 , 440243
-1.17231e+06 , 39791 , -360573
523003 , -1.6254e+06 , 388741
857256 , -684397 , 9246.12
1.30002e+06 , -1.21728e+06 , -1.00441e+06
603036 , -504297 , 1.04092e+06
-764511 , -1.00014e+06 , 1.32515e+06
1.49263e+06 , 431061 , 1.06696e+06
36449.7 , -1.41594e+06 , 756544
-257209 , -776410 , 1.05891e+06
-918938 , -1.22104e+06 , -1.30406e+06
367087 , 981018 , 155568
-1.64985e+06 , -43272.7 , -249477
679629 , -1.15809e+06 , -677314
-1.42328e+06 , 590765 , -83006.4
378258 , 603171 , -1.98339e+06
958635 , 1.38865e+06 , -87388.6
939364 , 532879 , 1.38472e+06
-516563 , -591367 , 1.0321e+06
-1.35814e+06 , -1.33035e+06 , 865904
366506 , 455730 , -325041
210949 , -1.06757e+06 , -470932
674982 , 1.11411e+06 , 974646
282844 , -901581 , 759692
-384010 , 276057 , 1.95293e+06
1.22138e+06 , 327985 , 219450
-564003 , -72422.7 , 1.11294e+06
-312446 , -465784 , 1.03074e+06
-30453 , -798952 , -131776
-560770 , 1.10595e+06 , -995707
2.13207e+06 , 39202.1 , -1.0107e+06
-1.53979e+06 , -56943.8 , -1.08592e+06
-395659 , 432521 , -913804
555067 , 326753 , -371449
-1.46204e+06 , -820430 , 319682
522393 , -327563 , -592492
56956.5 , -643820 , 298149
-263770 , 791410 , -349435
89817 , -1.21125e+06 , -572004
727797 , -323836 , 1.02362e+06
-1.73406e+06 , 481661 , 1.04319e+06
221635 , 890599 , 976086
-1.30909e+06 , -669158 , 985743
1.2438e+06 , 331052 , -1.12322e+06
-530457 , 1388.08 , 1.52884e+06
634605 , -1.13724e+06 , 93350.9
-628486 , -1.00119e+06 , 19696
731600 , 402776 , -75474.8
-1.0688e+06 , 537518 , 2.40574e+06
-397671 , 2.09509e+06 , 154554
-1.20937e+06 , -689535 , -321675
-722942 , -233517 , 699458
1.90856e+06 , -1.12193e+06 , -501706
381524 , -140132 , 1.56367e+06
-156286 , -21018.1 , 1.37097e+06
527760 , 107740 , 1.21538e+06
317439 , 907072 , 395870
-1.56018e+06 , -68855.8 , -1.61752e+06
279257 , -1.34204e+06 , -256848
2.00691e+06 , 19997 , -1.02013e+06
-287685 , -1.57054e+06 , -82293.1
-921587 , 1.42267e+06 , -131624
-1.85408e+06 , 78589.9 , -315080
703906 , -501352 , -458320
-514277 , 611049 , -1.2345e+06
426449 , -630393 , -1.03591e+06
944611 , -1.25747e+06 , -361461
1.02963e+06 , -223637 , -1.4963e+06
-1.35309e+06 , -360141 , -857954
72167.8 , 201978 , -1.02314e+06
218879 , 519507 , 92142.3
95743.6 , -325548 , 424940
-552.291 , 612764 , -1.04138e+06
-685464 , 1.65326e+06 , -710815
-1.95296e+06 , -18455.1 , 1.48605e+06
1.11407e+06 , 644834 , 470866
1.66591e+06 , -361361 , 851607
782182 , 121535 , 355235
820306 , 535400 , -1.23193e+06
1.61982e+06 , -335105 , 347240
-110005 , -1.38494e+06 , 211573
163329 , 1.41578e+06 , -628451
-89845.6 , 1.98426e+06 , 610645
70532.7 , -114911 , -769971
-542525 , 1.29269e+06 , 347167
436678 , -767749 , -1.21722e+06
2.1129e+06 , -175025 , 891916
-617261 , -327512 , -88275.5
193014 , 237883 , -772698
-1.01897e+06 , 1.26703e+06 , -544808
-538314 , 831579 , -1.22947e+06
24285.6 , -368641 , -172265
-147067 , -311569 , 1.42424e+06
-1.04152e+06 , -758806 , 1.12889e+06
1.75171e+06 , 283847 , 307613
-69124.2 , 1.12269e+06 , -134801
-204843 , 244751 , -1.73327e+06
159343 , 961176 , -1.78739e+06
260938 , 610183 , -1.84839e+06
-89894.2 , -857186 , 1.60856e+06
860406 , -319759 , 1.2659e+06
451992 , 1.37207e+06 , -15024.8
409442 , 1.47626e+06 , 1.8128e+06
-575005 , -86961.8 , 1.79419e+06
-278613 , 56049.6 , -331515
587541 , -11827.1 , -117989
-552812 , -885516 , 88515.8
202011 , -1.70864e+06 , 428366
5411.28 , 320092 , 739927
-726920 , -660385 , 49411.3
-644132 , 433462 , -1.14289e+06
-187610 , -410577 , -1.44456e+06
976241 , 615368 , -677826
-226417 , 267292 , -281661
-1.4331e+06 , -665714 , -461007
-713634 , 332103 , 1.21903e+06
82553.3 , -1.16054e+06 , -1.04674e+06
-691791 , -1.15946e+06 , -547783
471190 , -432582 , 183447
-951214 , 258807 , 928701
83981.6 , -481873 , -406903
-548557 , -762589 , 385853
936965 , -602292 , -90226.2
-272336 , -1.23788e+06 , -88319
-836454 , 105755 , -628188
-784507 , 1.01296e+06 , -376911
282458 , -377860 , -1.48731e+06
1.09921e+06 , -1.28356e+06 , 36405.4
1.16296e+06 , 201561 , 338975
-2.20286e+06 , 250485 , 201265
300428 , -72503.9 , 349709
558360 , 845818 , -1.43247e+06
-529157 , 113992 , -668581
105570 , -436671 , 94034.4
-1.07924e+06 , 1.37135e+06 , 195191
713448 , 768870 , -590167
-873960 , -580900 , 386777
-1.73706e+06 , 972520 , -444034
-706063 , -1.02915e+06 , 345802
-1.15771e+06 , -1.02574e+06 , 680541
91907.6 , -970152 , 1.50509e+06
-27315.7 , -231737 , -371745
575180 , -657966 , 1.59096e+06
680109 , 596694 , 1.09487e+06
645318 , -1.53216e+06 , 1.26682e+06
996662 , 172989 , 979119
-22802.5 , 125623 , 890017
1.89005e+06 , 135750 , -765284
-911270 , 101692 , 812715
1.26427e+06 , -341647 , -393009
194166 , 300032 , 751698
-1.23246e+06 , -176556 , -22396.7
1.6436e+06 , 485006 , 1.5578e+06
63267.3 , 975586 , 1.03329e+06
-1.06711e+06 , 319671 , 986076
803863 , -1.70211e+06 , -78022.3
232121 , -1.62288e+06 , -203692
-61501.6 , -1.47042e+06 , 672037
-1.28673e+06 , 724704 , -83979
154234 , -303413 , -66009.4
261369 , -318950 , 165175
1.09864e+06 , 611615 , -1.13014e+06
-89415 , 227774 , 85417.9
-397963 , 881639 , 225452
740166 , 359349 , -367386
-1.11113e+06 , -649300 , -1.10422e+06
196789 , 1.57935e+06 , 273620
1.37727e+06 , -483896 , 662106
784082 , 1.31872e+06 , -434536
-969141 , -1.16622e+06 , 587863
-1.22731e+06 , 1.01432e+06 , 333947
-161076 , -1.03557e+06 , -1.22813e+06
521762 , -687197 , 1.36081e+06
-1.57826e+06 , 680319 , -18516.6
932054 , 44350.8 , 648415
-187209 , 826152 , 573707
426450 , 720869 , 1.52096e+06
-594443 , 42973.4 , -208433
157983 , -1.32134e+06 , -47950.7
966318 , 330343 , 1.5157e+06
-1.28929e+06 , 697505 , -196044
553844 , 1.19895e+06 , 469517
1.26814e+06 , 946458 , -13060.1
-1.53542e+06 , -567924 , -1.25167e+06
1.82005e+06 , -81276.8 , -671940
870034 , 769334 , 203158
-122229 , -477983 , -2.04475e+06
-97198.6 , 653359 , -70185.5
1.53361e+06 , 924595 , 26921.6
927123 , 300383 , 1.33605e+06
551056 , 1.08614e+06 , -796461
473623 , -1.38103e+06 , 971289
713009 , 2.16708e+06 , -99515.6
88570.9 , -1.55909e+06 , -662782
-259326 , 384952 , 265395
1.25728e+06 , 246175 , 560442
-2.07223e+06 , -1.20398e+06 , 455009
-575197 , 40266.3 , -1.11322e+06
703326 , -825388 , 1.01155e+06
166503 , 168167 , -760529
-1.23312e+06 , 547325 , -94504.9
-237869 , 165995 , -1.52616e+06
536159 , -1.25799e+06 , 991873
62071.3 , 266222 , -736033
-486236 , -309548 , 1.02992e+06
-1.50909e+06 , 211778 , 255379
-269190 , -838408 , -1.04883e+06
-1.86141e+06 , 1.12319e+06 , -919280
243422 , -961085 , -69167.7
759374 , -527485 , -71338.4
-520750 , 151258 , -536474
-447075 , 242685 , 662346
-219362 , -805132 , 953819
-879035 , -249733 , -285036
-1.42133e+06 , -690166 , -764362
-820703 , -1.50793e+06 , 330490
-1.66932e+06 , 478523 , -698687
2.09525e+06 , 707152 , -456946
-455798 , 1.35585e+06 , -537443
-126114 , 559532 , 858045
496883 , 200215 , -702691
-196048 , 1.47792e+06 , -60298.3
-954644 , -438625 , 682346
-834215 , 577179 , 1.14551e+06
128782 , 728576 , -710016
-531211 , 946883 , 553919
-639363 , -438191 , 143030
-732730 , -697016 , 571569
-791299 , 537715 , 1.61565e+06
176666 , -1.95304e+06 , 673890
153056 , -926331 , 40031.7
447792 , 1.5264e+06 , 563186
592389 , -944029 , -1.48964e+06
-287258 , -2.12793e+06 , -566995
-537398 , 948534 , -286097
418678 , -1.96793e+06 , 531872
-41971 , -520570 , 1.01357e+06
806879 , -1.05279e+06 , 576648
887933 , 763604 , 129172
2.01627e+06 , 881503 , 544864
761239 , 1.22498e+06 , 906087
453859 , -864805 , -1.19157e+06
-369235 , 1.04314e+06 , -1.78778e+06
905353 , -1.23327e+06 , -694428
-1.48002e+06 , 1.17666e+06 , -1.15162e+06
416382 , 1.30241e+06 , 931906
2.1206e+06 , 793924 , 279471
1.29594e+06 , -264456 , 659908
-340980 , -1.7737e+06 , -244678
-685128 , -1.57363e+06 , -226664
-763150 , -162240 , 781489
270193 , -289751 , -1.4775e+06
-1.62328e+06 , -681986 , 329477
-540088 , -361190 , -1.34208e+06
-1.79299e+06 , -220705 , 255291
1.6079e+06 , -168463 , 563157
807141 , -370027 , -1.61428e+06
831976 , -705043 , -340510
-179842 , -4674.55 , 2.26701e+06
1.43515e+06 , -584765 , 891979
402060 , 1.69946e+06 , 608480
283874 , -1.11414e+06 , -574339
-1.32521e+06 , 787718 , 1.00402e+06
323317 , -237276 , 187762
327777 , -311613 , -1.6942e+06
721501 , 1.24944e+06 , 939453
744874 , -40723.9 , -295634
-123381 , 1.59545e+06 , 1.51702e+06
-257708 , -36475.1 , 1.45587e+06
-803077 , 384288 , 208547
198206 , 648327 , 432499
552270 , -750108 , -1.73829e+06
1.17817e+06 , 1.68213e+06 , 242280
-383089 , 1.28332e+06 , 349255
-719080 , 726020 , 698896
-293856 , 372506 , 1.21624e+06
678824 , -552753 , -1.24544e+06
-116832 , 608975 , 1.40789e+06
-731522 , 619176 , -759673
2.08052e+06 , -312969 , 568526
413713 , 422666 , 768982
-1.62042e+06 , -11947.3 , 642457
-165368 , -482958 , -1.5901e+06
436653 , -737456 , -1.29273e+06
969316 , 699652 , -1.02877e+06
685786 , -415947 , 182416
638924 , 758444 , -569990
-142598 , 1.6276e+06 , 350853
561814 , 575590 , -444515
616040 , 1.33541e+06 , 1.09313e+06
-198102 , -991957 , 1.48132e+06
379682 , -1.55538e+06 , -849761
-329075 , -751641 , -2.09485e+06
1.67541e+06 , 488376 , -1.08728e+06
-131980 , -300704 , 371893
-893396 , -474490 , -402200
877402 , -467902 , 694269
-821019 , -666980 , 422002
-783655 , 423546 , 1.84402e+06
803296 , 795739 , -248527
635031 , 1.14619e+06 , -1.04183e+06
973826 , 502549 , -982323
673225 , 205723 , 565739
-488125 , 526461 , -575924
685674 , 1.84786e+06 , -81456.2
-916544 , 1.60076e+06 , -526967
-1.70961e+06 , -619106 , 321888
2.30003e+06 , -1.28914e+06 , 981760
782733 , 494325 , -838120
-620462 , -240844 , -759126
519893 , 644468 , 1.71229e+06
20537.7 , 1.71881e+06 , -377283
-910290 , 970247 , 1.49258e+06
761354 , -494167 , -979342
-627057 , -1.69846e+06 , -467492
1.21767e+06 , 928510 , -1.59003e+06
-670330 , -37403.9 , 198189
-1.57903e+06 , 122366 , 401438
163434 , 235639 , 1.72525e+06
115845 , -756644 , -1.54009e+06
494270 , -349501 , 195927
606012 , -1.29013e+06 , 560102
-668310 , -1.63623e+06 , 864288
205350 , -519344 , 997770
283956 , 702254 , 1.21669e+06
28313.6 , 942022 , 295844
-345673 , 72634.6 , -775968
-458013 , 732239 , 1.38527e+06
132331 , 1.13034e+06 , -2.08169e+06
-96525.1 , -1.14656e+06 , -485968
209655 , -201881 , 242788
1.40805e+06 , -644419 , -250282
-897126 , -1.4013e+06 , 135654
-306566 , -1.62148e+06 , -919177
758195 , -1.11968e+06 , -1.15589e+06
-858456 , 1.25728e+06 , -113533
1.17418e+06 , 871347 , 789441
787516 , -1.71434e+06 , 259963
609013 , 70620.6 , -108253
-1.48432e+06 , -300649 , 354966
518007 , 786269 , 169024
345957 , -652804 , 1.78803e+06
-1.71778e+06 , -252134 , 731633
673016 , 559743 , 106307
2.00365e+06 , 326883 , -615842
1.30911e+06 , -700843 , -685530
-1.52278e+06 , -429183 , 32291.4
1.0219e+06 , -209476 , -59373.6
-168518 , 1.72305e+06 , -726395
406906 , 1.16519e+06 , 252038
-1.65323e+06 , 358405 , -872276
1.17444e+06 , 268207 , -62054.6
791136 , -711937 , -576190
1.46487e+06 , -335876 , -1.48126e+06
1.37641e+06 , -922917 , 56386.9
-924231 , 79273.3 , -440820
-574368 , -405697 , 1.16876e+06
-1.33183e+06 , -225810 , 747788
-487159 , 908369 , -1.50434e+06
430145 , 279506 , 528146
-310554 , -323707 , 1.28683e+06
593420 , 1.80615e+06 , -423003
948514 , -456833 , -618594
741708 , -1.32003e+06 , -473092
-177857 , -817128 , 82200.3
490179 , -65325 , 145029
-658206 , 1.41925e+06 , -371117
1.33543e+06 , 710668 , -363862
635132 , 1.01089e+06 , -827543
198074 , 1.34574e+06 , 647867
484336 , -309885 , 1.02502e+06
-313837 , -302587 , -568139
-1.15726e+06 , 501044 , 186886
647366 , 539258 , 123013
1.26428e+06 , -360236 , -1.69157e+06
341378 , -1.57402e+06 , 436093
79900.4 , -673265 , -681837
-1.29178e+06 , -220211 , 178003
1.92683e+06 , -1.00969e+06 , 361386
85672.9 , -1.55281e+06 , 518726
237668 , 955881 , -1.66249e+06
-451142 , 106440 , -484374
986531 , -429243 , -916325
252890 , 2.16117e+06 , 350178
-1.45303e+06 , 837231 , 807443
-921701 , 515165 , 957993
894375 , 521924 , -460693
-478253 , 353806 , -1.5181e+06
545061 , -1.29985e+06 , 1.13361e+06
636634 , -313536 , 1.10557e+06
-604691 , 495420 , 1.20884e+06
-388939 , 248262 , 867359
458668 , -341927 , 930006
-1.02445e+06 , -91000.7 , 1.29539e+06
821257 , 1.24917e+06 , -617478
-667965 , 892770 , -747379
-74396.5 , -505052 , -1.37029e+06
-381037 , 2.39516e+06 , 640849
-579078 , -258161 , -530276
359347 , -1.16554e+06 , 458390
-450486 , -100479 , 24959.8
317546 , -1.16978e+06 , 19888.5
204145 , -801489 , 1.47971e+06
767581 , -747852 , -1.55049e+06
-1.17673e+06 , 348287 , 975124
-949528 , 615895 , 98208.7
336400 , 840929 , 1.59624e+06
-2.07543e+06 , 110775 , 207605
-635562 , -2.11056e+06 , 526042
215244 , 410408 , 1.40538e+06
-1.09891e+06 , 1.31413e+06 , -674780
-231398 , 722675 , -230726
1.3813e+06 , -1.27146e+06 , 643391
466173 , -19116.2 , 806025
-91868.4 , 630642 , 145355
-1.75927e+06 , 191489 , -1.18167e+06
-464690 , 566904 , -48640.4
1.85481e+06 , 284025 , -1.06077e+06
-755985 , -424038 , -1.01836e+06
1.45324e+06 , 1.21846e+06 , 6245.78
-496502 , 365133 , -1.23094e+06
595393 , -2.15252e+06 , -148462
419549 , 92119.4 , -1.38051e+06
-900321 , 105863 , -541199
-386220 , 977907 , 112099
216034 , 687228 , 1.4737e+06
-825765 , 968484 , -397991
2.26799e+06 , -395936 , -422529
155960 , 934521 , 688263
634952 , 302794 , -79511.3
312919 , 1.4541e+06 , -795925
350563 , -861001 , -508033
1.04155e+06 , 442464 , -769041
-553185 , -1.57505e+06 , 1.08061e+06
11063.1 , 656876 , 1.16771e+06
868555 , 1.18645e+06 , 962406
-232591 , 1.05997e+06 , -722376
-432489 , 972907 , 217323
725437 , 472728 , -993085
268524 , 1.00565e+06 , -640125
893742 , 471191 , -135460
-669922 , -42165.8 , -1.15057e+06
-75719.1 , 481566 , -855635
1.49579e+06 , 1.32055e+06 , 1.66686e+06
-1.06602e+06 , -276399 , -788062
-594342 , 1.14967e+06 , 1.38603e+06
-1.37069e+06 , 271086 , -1.57215e+06
1.67678e+06 , 184660 , 204088
585767 , 1.45253e+06 , 333387
727583 , 448170 , -426273
194565 , -607631 , -1.30265e+06
504360 , -1.71889e+06 , 2.15311e+06
267185 , -1.13653e+06 , -1.27505e+06
874178 , 1.63891e+06 , -837073
-76999.3 , 2.18555e+06 , 511186
-1.15385e+06 , -705820 , -1.57249e+06
931628 , -1.61901e+06 , 955332
456713 , -446880 , -10359.9
-390414 , 492194 , 1.00078e+06
-1.45748e+06 , 306346 , -404479
-743814 , -75660.8 , -838477
781382 , 222230 , 75907.5
-360344 , -868265 , -1.27941e+06
-1.03459e+06 , 817626 , 252403
-317092 , 1.12878e+06 , 325788
208760 , 932745 , 106038
1.1296e+06 , -313949 , -15177.2
353043 , -483579 , -518057
-998489 , -260460 , 297964
329004 , 379729 , -1.0124e+06
-1.45429e+06 , -371170 , 788513
471810 , -239116 , 1.07677e+06
-36359.5 , 666183 , -1.39428e+06
-1.56296e+06 , -333281 , 107937
1.62032e+06 , 1.367e+06 , -30986
589256 , 362291 , -1.57832e+06
640423 , -50259.5 , 1.59409e+06
1.1553e+06 , -1.30153e+06 , 1.51372e+06
-56622.9 , -154043 , 1.36604e+06
321862 , 725210 , -224827
-513741 , -818955 , 1.51432e+06
564584 , 341588 , 1.74912e+06
673753 , 1.63664e+06 , 228057
-741453 , -425086 , 1.41998e+06
-1.34253e+06 , -1.62878e+06 , 543910
1.39559e+06 , 1.24864e+06 , -641928
-626703 , -981710 , -528745
-39068.2 , 484784 , 4048.58
31255.9 , 1.20947e+06 , 658111
-846913 , -935470 , -113259
-177055 , -1.43485e+06 , 224012
839181 , 724036 , 1.08922e+06
-1.42313e+06 , 546248 , -1.24193e+06
343162 , 190023 , -1.18238e+06
563384 , -1.88438e+06 , 48376.5
-169580 , -293884 , -804892
304522 , 982879 , 500752
1.40541e+06 , 535199 , -39520.4
138735 , 1.19029e+06 , 433754
-914919 , 320146 , 1.92843e+06
295501 , -1.15193e+06 , 1.2466e+06
880268 , -963506 , -503546
843320 , 1.52204e+06 , 333188
392132 , 791897 , 2.06431e+06
253302 , -1.08746e+06 , 1.62947e+06
524118 , 831286 , 285287
-1.43459e+06 , -755658 , 1.20168e+06
86978.1 , -916960 , -245967
-823222 , -1.17241e+06 , -1.53742e+06
1.09875e+06 , 157260 , 1.81433e+06
-372922 , 921940 , -107665
-1.99228e+06 , 447279 , 108152
1.34255e+06 , 368502 , -118045
695137 , 696225 , 229809
-586860 , 169883 , -689853
-598232 , -31641.5 , -1.20126e+06
1.43814e+06 , 483317 , 297927
791058 , 1.58423e+06 , 282563
784598 , 556694 , 980622
-545927 , -226110 , 660286
-1.37009e+06 , 799265 , 102878
-1.0026e+06 , 247705 , 8018.95
600397 , -787436 , -1.38369e+06
-975248 , 139605 , 1.8427e+06
-864352 , -1.05309e+06 , 975993
-119354 , 140341 , -80124.7
1.12171e+06 , 130032 , -1.18904e+06
304578 , 1.54117e+06 , 374.948
-753393 , -1.22482e+06 , 1.213e+06
558248 , -804974 , -503879
1.38744e+06 , 119048 , 439347
32353.8 , 214943 , 2.12105e+06
-37265.2 , 1.02446e+06 , -1.17702e+06
-616246 , 1.83885e+06 , 1.52445e+06
78864.5 , -358576 , -1.34851e+06
474742 , 51550.9 , -1.24063e+06
868383 , -16757.9 , -628511
-426855 , 593808 , 108546
-995178 , -1.68472e+06 , 295753
-93190.6 , 1.53373e+06 , -249406
-512854 , 1.48602e+06 , 1.13005e+06
-1.60996e+06 , 415191 , 317528
-1.33962e+06 , -568200 , 362715
481478 , 321187 , -1.13435e+06
759441 , 731768 , -4388.34
-543075 , 2.12642e+06 , -781147
-817214 , -1.67946e+06 , -246727
554623 , -581485 , -2.1885e+06
-1.14275e+06 , 1.03032e+06 , 1.5921e+06
-1.44241e+06 , 1.56484e+06 , -1.11883e+06
979029 , -786606 , 628082
-888581 , -304614 , 402004
-1.55403e+06 , -582908 , -1.73714e+06
-1.56031e+06 , 545467 , -556836
969606 , 49653.5 , 977196
-939574 , -338727 , -552419
1.47704e+06 , -1.00553e+06 , -464335
-165431 , -1.37376e+06 , 313271
-1.07679e+06 , 22136.8 , 1.47635e+06
2.02221e+06 , 218344 , -391389
-1.97875e+06 , 746047 , 150024
440873 , -717858 , 306448
-1.29418e+06 , -947670 , -374720
403504 , 2.23837e+06 , 203250
-461005 , -1.18643e+06 , 623228
31840.7 , -618848 , 2.138e+06
2.06645e+06 , 857449 , 1.01054e+06
465886 , -303720 , 459459
1.24545e+06 , 76335 , -85267.4
-1.60475e+06 , -536569 , 524753
187111 , 1.23297e+06 , 1.57998e+06
-511626 , 366266 , 860638
-794536 , 502454 , 1.14262e+06
-260600 , -1.4753e+06 , -772872
-509936 , -1.52142e+06 , 400105
-1.2054e+06 , 1.79617e+06 , 259556
333707 , -1.6026e+06 , -1.25162e+06
1.71763e+06 , -431714 , -347883
-1.16299e+06 , -926019 , -3954.33
-295713 , 1.53178e+06 , 1.85822e+06
363170 , 875619 , 355988
459688 , -689941 , 361461
966295 , 1.98584e+06 , -443883
831889 , -976564 , 108842
1.88763e+06 , 1.09807e+06 , 194611
1.17941e+06 , -1.22573e+06 , -1.1706e+06
1.50953e+06 , 552587 , 216459
-1.52463e+06 , 982379 , 251257
-588.113 , 779800 , 241549
980618 , 211598 , 1.30197e+06
830423 , 399933 , 375570
380841 , -892685 , -1.68546e+06
-523730 , 1.96342e+06 , -192527
-689243 , 970801 , 663932
870463 , 1.67326e+06 , -712275
654669 , 749362 , 1.04115e+06
319106 , 60898.7 , -17681.2
-76423.1 , -284819 , 892797
1.35317e+06 , 220006 , -1.02366e+06
-1907.01 , -769633 , 1.64496e+06
280128 , -926291 , 217083
-17586.8 , -642584 , 1.00537e+06
655591 , -1.9024e+06 , -773675
-286681 , -971609 , 2.197e+06
262050 , -1.32979e+06 , 1.01622e+06
-854298 , -1.65938e+06 , 602755
-713085 , -1.30301e+06 , 96671.9
-498064 , 314457 , -496430
982488 , -243807 , -1.53666e+06
-860944 , -214711 , -1.23381e+06
530827 , 639774 , 712817
-597018 , -1.0579e+06 , 2.1431e+06
1.47621e+06 , -703946 , 933913
1.35569e+06 , 1.22158e+06 , 208875
-1.07669e+06 , 557680 , -1.07771e+06
-321552 , 842203 , -168383
-233081 , 827383 , 143232
-409682 , -176074 , 130387
-778307 , 537539 , -1.50853e+06
-783381 , 152409 , 8620.77
523671 , -1.15087e+06 , 649018
-141590 , 1.35568e+06 , -788988
-1.22088e+06 , -739751 , 442089
-248086 , -85438.5 , 657409
-835214 , -1.10089e+06 , 883631
-291210 , 144992 , -178819
195172 , 1.60985e+06 , 463105
1.22583e+06 , -1.08454e+06 , 855625
916019 , 976417 , 342562
423236 , 436983 , -353405
-280963 , -214525 , -1.97533e+06
-225821 , -1.20931e+06 , 779980
-960110 , -145366 , -8641.09
1.09056e+06 , -933771 , 58752.2
-399373 , 797582 , -548842
1.2573e+06 , 1.21485e+06 , 86951.9
1.44899e+06 , 1.13214e+06 , 410882
267244 , -919412 , 163644
-585430 , 124914 , -74332.5
-1.18095e+06 , 324226 , -287480
-909432 , -592424 , -202080
707964 , 667049 , -385606
1.27471e+06 , 882427 , -417392
-420603 , 524001 , 601053
1.28182e+06 , 924836 , 952971
321982 , 321729 , 389182
149465 , -262559 , 898095
-777650 , 1.25479e+06 , -37135.5
-869387 , 393945 , -1.33462e+06
2.23661e+06 , 51379.6 , -349404
1.09078e+06 , 583378 , -82634.1
-1.66488e+06 , -192892 , -1.05191e+06
500835 , 373253 , 336160
-1.11617e+06 , -996700 , -935894
481177 , -619236 , 87365.9
-402350 , -1.24358e+06 , 558001
1.31228e+06 , 400358 , 1.09684e+06
892679 , 154572 , 729904
781893 , -687517 , -868709
820366 , -934407 , 493870
-516097 , -263666 , 680080
-567453 , -1.44475e+06 , -305502
1.03416e+06 , -215098 , 230075
-154387 , -575513 , -64371.7
454818 , 960864 , 37276.3
-492846 , -803855 , -1.8544e+06
322638 , -1.65522e+06 , 93742.6
540189 , 369272 , -1.15598e+06
-484705 , 900154 , 1.4607e+06
-89730.6 , -40908.2 , -121831
1.30418e+06 , 586998 , 1.22502e+06
-690606 , 1.85127e+06 , -241326
485017 , 1.78434e+06 , -45923.1
1.3802e+06 , -18693.7 , 353036
-473619 , 645845 , -609264
-235653 , -238588 , 832453
25436.1 , -746876 , 1.3429e+06
87960.4 , -335869 , -157528
557732 , -618639 , -1.45679e+06
-103096 , 380630 , -1.0679e+06
-1.17857e+06 , -917065 , 1.77414e+06
-716134 , -131768 , 1.63377e+06
-79416.4 , -1.01429e+06 , -1.5043e+06
-410096 , -1.15853e+06 , 216518
9408.12 , 1.01095e+06 , 225975
-235628 , 1.01736e+06 , -205188
-1.26097e+06 , 767947 , -566978
427402 , 1.14171e+06 , -1.85817e+06
1.13201e+06 , 790687 , -196899
888300 , -803456 , 964615
689651 , -195407 , -1.86863e+06
895623 , -52762.4 , 652878
229848 , -32109.9 , -1.76722e+06
-1.54643e+06 , 504663 , 1.59271e+06
1.20528e+06 , -245700 , 1.21511e+06
-1.34841e+06 , 611134 , -606436
-1.34112e+06 , -1.24181e+06 , 695980
256972 , 277448 , -2.56273e+06
26117.2 , -17325.2 , 195213
-459253 , 280910 , -1.68629e+06
-20919.8 , -1.72388e+06 , 1.50277e+06
-218879 , 1.32814e+06 , -574144
-290123 , -882423 , -330607
-266751 , 300460 , 105807
-1.4622e+06 , 1.48749e+06 , 179403
-341060 , 20631.9 , 908064
-1.31767e+06 , -546095 , -1.14217e+06
447284 , 130752 , 1.40849e+06
-1.46001e+06 , -757820 , 285945
160990 , 1.80839e+06 , -406196
-114912 , 595572 , 1.44744e+06
1.25449e+06 , 445790 , -557953
1.52338e+06 , -827378 , -420288
1.58675e+06 , 281201 , 1.02173e+06
-250908 , 329898 , -230013
-31179.9 , -380237 , -1.22447e+06
-375153 , -190078 , -356496
716558 , 679821 , -295079
-234084 , 1.30129e+06 , -81657.5
31841 , -965027 , -235694
-1.4566e+06 , -984394 , -743972
619149 , 891978 , -81050.7
22190.4 , -739384 , -1.16044e+06
372784 , 12307.2 , 766795
1.67076e+06 , -103096 , 480860
-1.52052e+06 , 1.25922e+06 , 978821
561648 , 820669 , 115402
-231408 , -340371 , -1.91906e+06
-666376 , 188220 , -806928
441551 , -106532 , 494238
746619 , -636857 , 1.02276e+06
-574529 , -1.35559e+06 , 1.23916e+06
1.35704e+06 , 63157.4 , -654347
-1.91456e+06 , 572304 , 974031
-692494 , -543272 , 1.02448e+06
-293010 , -1.74317e+06 , -1.00331e+06
576108 , 1.17522e+06 , -233354
-86984 , 1.37121e+06 , -843308
-162761 , -305958 , 1.27912e+06
700555 , -327047 , -1.11184e+06
-559816 , 329282 , -807084
233356 , 389329 , 1.24471e+06
607054 , -725459 , 1.87811e+06
-1.1446e+06 , 722381 , 218800
519838 , -375219 , 874141
531665 , -431476 , -937951
514469 , 1.68182e+06 , -193502
1.65424e+06 , 484384 , 680207
-420868 , -1.74361e+06 , 1.52037e+06
-1.02472e+06 , 1.21942e+06 , 879709
1.19995e+06 , -598111 , 1.50869e+06
-1.61605e+06 , 587645 , 296769
1.48632e+06 , -878622 , 211203
-1.19476e+06 , -374085 , -1.34709e+06
-48007.8 , 473904 , 760080
-1.34837e+06 , 349888 , 495895
-1.46044e+06 , 552901 , -948947
1.14255e+06 , -75935.4 , -853727
-1.61403e+06 , 564026 , 362087
-709031 , -1.68299e+06 , -222050
1.76113e+06 , -561153 , -27688.9
-964594 , -118953 , -1.47893e+06
1.80554e+06 , 916477 , 242168
57685.9 , -852200 , 1.65583e+06
1.02692e+06 , -209370 , 696177
1.09639e+06 , 714408 , -351488
744260 , 555203 , 1.53325e+06
-467386 , -1.18302e+06 , 1.10668e+06
866174 , 1.6896e+06 , -1.22951e+06
-1.33385e+06 , -992085 , 1.07545e+06
591311 , -140423 , 790957
-1.47798e+06 , -625406 , -310523
-1.3979e+06 , -423477 , -996593
-421436 , 156053 , -158911
-999702 , 40793.2 , 520618
-639930 , -1.8107e+06 , -168375
-1.71156e+06 , 862196 , 395015
-1.23522e+06 , 791657 , 1.47586e+06
113745 , -1.85254e+06 , 252895
-1.1002e+06 , -965359 , -1.6683e+06
-108523 , 1.19574e+06 , -240190
1.32939e+06 , 196687 , -99899.4
-438634 , -308875 , 1.22274e+06
-846080 , -303065 , -409096
521955 , -162191 , -115366
-1.01383e+06 , 1.12774e+06 , -522473
146288 , -1.48306e+06 , 590535
539290 , 249406 , -1.13007e+06
712678 , -1.15785e+06 , 1.04303e+06
352684 , -296625 , 1.22876e+06
-181761 , -1.5526e+06 , -549745
306884 , 1.14019e+06 , -60870.4
-1.02573e+06 , 131273 , -668167
-304113 , 651949 , 879167
1.25163e+06 , 1.48561e+06 , -221124
-383070 , 958335 , 839892
64812.7 , 287198 , 831386
860109 , 530906 , 2.00907e+06
953400 , -218829 , -1.5267e+06
300677 , 1.88218e+06 , -385663
194930 , -1.38234e+06 , 400975
-1.27345e+06 , -218998 , -318793
1.54857e+06 , 723312 , 523833
132478 , -1.0924e+06 , -1.13086e+06
-435396 , -1.47458e+06 , 609341
-314840 , 42799 , -1.20145e+06
1.92115e+06 , 749480 , -664142
1.13545e+06 , 1.18119e+06 , 5808.89
-976313 , -1.3528e+06 , 595895
-1.02559e+06 , -39702.4 , 85407
-1.33832e+06 , 298677 , -1.53097e+06
-978261 , 1.48928e+06 , 482079
797097 , -1.08021e+06 , -65415.6
-1.18122e+06 , -675727 , 1.14942e+06
-674945 , 444502 , 647850
-1.73861e+06 , 1.50094e+06 , 509320
726975 , -297704 , 390334
-110487 , 55765.2 , -1.11775e+06
-804556 , 508666 , -697622
252658 , 729163 , -386334
776135 , -643876 , 382459
115353 , 1.01878e+06 , -1.43371e+06
689112 , -459835 , 627065
366687 , -1.37206e+06 , -74087.1
1.12759e+06 , -753746 , 913042
350250 , -1.6633e+06 , 655084
-462235 , -1.26252e+06 , 170047
-712206 , -891647 , 231505
-257344 , -714449 , 1.26345e+06
-508546 , 204652 , 537136
403123 , -1.36107e+06 , 331733
1.09726e+06 , 745357 , 25930.6
1.70164e+06 , 224435 , -474568
-883698 , 675437 , -1.56434e+06
-1.31272e+06 , 419872 , -254563
-206440 , -886206 , -109560
-776461 , -1.09903e+06 , -1.01142e+06
-1.61438e+06 , -867871 , 324006
-887092 , -525718 , 187898
-1.21302e+06 , 550216 , 197896
-438461 , 932779 , -1.9353e+06
-1.02447e+06 , 527526 , -394752
317304 , -1.9434e+06 , 577750
874695 , -1.59645e+06 , 20819.9
-1.44826e+06 , 1.02595e+06 , -880975
-491495 , -81956.4 , -1.06026e+06
-591608 , -1.23787e+06 , 131264
1.08551e+06 , -536210 , -107663
-1.45484e+06 , 1.31539e+06 , -443211
-136361 , 134490 , -1.22398e+06
877141 , -254259 , 803997
-744152 , 566678 , -945740
1.1002e+06 , 959539 , 67439.6
1.17005e+06 , 1.21717e+06 , -51363.8
258815 , 51698.4 , -1.01763e+06
663274 , 68619 , 1.86025e+06
-1.51742e+06 , -1.11324e+06 , 948659
-901147 , -240204 , -286156
578069 , -1.45828e+06 , 638599
-734666 , -1.78946e+06 , -603614
-444050 , -1.38258e+06 , 1.50593e+06
-604406 , -397775 , -657684
1.68824e+06 , -1.37626e+06 , 1.27999e+06
781459 , 273799 , 762081
53941.3 , 423606 , 1.12769e+06
-263733 , -1.21678e+06 , -187462
-1.73428e+06 , -9540.14 , 690352
501907 , 225780 , 524380
901046 , -12223.2 , -951249
-748170 , 496937 , 109896
1.48655e+06 , 1.05702e+06 , 453979
-1.14593e+06 , 269399 , 4233.62
870925 , 1.71884e+06 , 628065
-1.81502e+06 , 469684 , -730481
-1.77316e+06 , 1.05017e+06 , 860300
-94195.6 , -542216 , 501612
1.44542e+06 , 53768.2 , 235128
1.27524e+06 , 554817 , -820872
46555.2 , 1.31866e+06 , -406366
-1.19956e+06 , -389549 , 279765
-1.59218e+06 , -404545 , -899536
591912 , 325363 , -361137
158917 , -1.72374e+06 , -668198
-1.64231e+06 , -248186 , -470192
-724666 , -480186 , 1.40492e+06
751341 , -605955 , 295569
1.30265e+06 , -1.25732e+06 , -1.28049e+06
-219723 , -292098 , -904027
-248608 , 53740.9 , -980323
719138 , -994321 , 1.34539e+06
95123.5 , -1.3304e+06 , -434259
1.08083e+06 , -619515 , 66800.8
-327678 , -151397 , -1.70939e+06
39345.5 , -429456 , -1.15183e+06
-1.01629e+06 , 860836 , 639856
-561552 , -589761 , -650601
-592607 , -2.11325e+06 , 29350.4
1.58373e+06 , -971976 , -1.41151e+06
533094 , 754592 , 643204
-161042 , 1.37579e+06 , 469329
536485 , -1.06102e+06 , 1.32518e+06
-820950 , 1.50819e+06 , -401342
360750 , 1.4489e+06 , -148001
-1.07153e+06 , 973538 , -820704
-1.5573e+06 , 306371 , -807974
480849 , 1.04241e+06 , 1.72482e+06
560491 , 1.91049e+06 , -162380
-1.72122e+06 , -175467 , -1.59647e+06
-816365 , 109014 , 689533
-638587 , 4362.11 , -57930.7
-1.15251e+06 , -935657 , -1.09827e+06
35597.3 , -139558 , -752000
-740768 , 243970 , -1.1633e+06
171137 , 845207 , 415837
-639212 , 1.04439e+06 , 770004
447832 , 744278 , 474041
-683177 , -8608.97 , -845133
40833 , 596020 , -238991
954649 , -626715 , -168007
1.80592e+06 , 359266 , -471350
1.18282e+06 , -317324 , 53080.8
-2.40971e+06 , -110075 , 263473
1.02614e+06 , -120753 , -86355.6
172292 , -121413 , 13196.4
-153546 , 1.61205e+06 , 110936
1.56658e+06 , 280915 , -96536.2
-1.04749e+06 , 100798 , -1.53126e+06
-702050 , 1.19719e+06 , 109057
721563 , 995374 , -33237.4
954679 , -1.20334e+06 , 612715
-1.74622e+06 , 604863 , 92614.1
219248 , -243810 , 1.37611e+06
755070 , 1.24456e+06 , -700094
471531 , -1.26041e+06 , -542283
1.56168e+06 , -94753.5 , -917535
-874041 , 795180 , 638137
-752009 , 1.04764e+06 , -712619
642529 , -1.32449e+06 , 189309
-721699 , -999981 , -55633
-1.79058e+06 , -439243 , 376919
1.82995e+06 , -72627.1 , 340785
-228882 , 619084 , 479516
2.16603e+06 , -1.22337e+06 , 335557
1.35788e+06 , 133943 , 374412
1.29488e+06 , 908817 , 435391
949662 , 713865 , 397796
-1.53693e+06 , 805577 , -127608
-683376 , -285158 , 1.26881e+06
873256 , 595107 , 1.77736e+06
36909.1 , -282094 , -456198
1.45064e+06 , -193416 , 992706
-1.09496e+06 , 82752.8 , 1.13894e+06
-1.07104e+06 , 1.832e+06 , 271281
1.13609e+06 , -1.1501e+06 , 1.05953e+06
-322929 , 712993 , -352367
-684602 , 243598 , -529775
-333169 , -892879 , 1.18285e+06
-1.71258e+06 , -1.29002e+06 , 1.08732e+06
356779 , -1.96098e+06 , 127330
-588344 , -646008 , 575560
1.30305e+06 , 682570 , 1.57903e+06
-1.10293e+06 , 316019 , 712733
596393 , 1.02315e+06 , 294412
1.48299e+06 , 1.16131e+06 , 1.78332e+06
-80955.2 , -1.54335e+06 , -944427
-148025 , -2.11398e+06 , -765445
-799655 , -681018 , -205748
-682220 , 1.17041e+06 , -71951.5
-523470 , -675190 , -61307.7
-1.36717e+06 , -555837 , -894386
1.38274e+06 , 663884 , 1.10789e+06
-1.88773e+06 , 257423 , -237806
221007 , -668132 , 1.56454e+06
732761 , -1.04981e+06 , -226069
-313803 , -1.10663e+06 , -504551
234923 , -1.43566e+06 , -56344.9
3824.67 , 1.4536e+06 , -459496
-742580 , -271185 , 1.73581e+06
1.5096e+06 , 1.12459e+06 , 682536
1.71058e+06 , -55650.6 , -875563
1.45754e+06 , 247401 , -1.08439e+06
440673 , 22169.5 , -293913
23091 , -976796 , 333915
-713233 , 143083 , -1.39103e+06
-62923.3 , -967384 , 1.18346e+06
970810 , 207300 , 778839
774938 , -300508 , 697545
-16272.4 , -1.71332e+06 , -713439
946796 , -43338.3 , 2.15978e+06
153108 , 841466 , 1.24153e+06
-1.58329e+06 , -364971 , 1.32248e+06
1.45551e+06 , 66805.2 , -440406
488232 , -648707 , 1.60274e+06
-195960 , 620496 , -475133
1.356e+06 , -652816 , 490844
754286 , 1.12873e+06 , -965736
1.16496e+06 , -479574 , -557415
-641497 , 302575 , -1.86491e+06
918159 , -1.22401e+06 , 1.60683e+06
670514 , 1.5649e+06 , 124223
-1.27243e+06 , 1.333e+06 , 214855
1.40248e+06 , 84684 , -216298
514904 , -491609 , -572324
1.16759e+06 , 389816 , -1.05072e+06
1.89189e+06 , -41611.2 , 811003
62298.2 , 293826 , 1.46852e+06
74470.1 , 460628 , 1.1746e+06
-369780 , -1.40276e+06 , 380047
-1.10184e+06 , 369573 , -6230.63
1.33008e+06 , -1.00911e+06 , -934215
710509 , -1.87069e+06 , -417953
354021 , -1.10013e+06 , -443101
388677 , -197064 , 244052
370318 , 793831 , 1.33264e+06
-1.0847e+06 , -283998 , -667085
1.20267e+06 , -885514 , -822656
-618624 , 931081 , 757202
1.38676e+06 , -81755.4 , -1.21079e+06
-100654 , 1.09268e+06 , -80678.4
1.09027e+06 , 3712.71 , -310738
507876 , -1.21703e+06 , 758074
-991356 , -771211 , 602304
975338 , -1.15563e+06 , 288097
-1.85466e+06 , 762406 , -480298
679690 , 1.65659e+06 , -679158
-1.35389e+06 , -849385 , -661513
1.11024e+06 , -752229 , -1.12886e+06
-323547 , -732401 , -252936
175161 , -364741 , -252026
1.16233e+06 , 583209 , -449260
1.48452e+06 , 715627 , -504552
361578 , -204190 , 990586
1.45141e+06 , -1.09776e+06 , -282245
-806240 , -1.2913e+06 , -258587
-49094.8 , 237500 , 913276
1.2939e+06 , -1.15024e+06 , 317336
-134118 , 504427 , 560730
-454300 , 233818 , 1.57977e+06
-232289 , -563489 , 1.42281e+06
-721632 , 1.17966e+06 , 719936
-1.36292e+06 , 560925 , 998032
-628382 , -677935 , -670027
-1.40208e+06 , 367695 , 397415
-792438 , 1.31963e+06 , 338096
-525694 , 1.44301e+06 , 64700
-268924 , 2.04465e+06 , -143874
130515 , -250547 , 1.03948e+06
-1.04194e+06 , -944616 , 400735
-1.01456e+06 , -672716 , -252442
-862451 , 56706.3 , -337237
-1.65812e+06 , 379388 , 1.0358e+06
1.51468e+06 , 1.01052e+06 , -1.19605e+06
-32482 , -335555 , 103978
-1.15984e+06 , 480386 , 1.6659e+06
743530 , -1.4967e+06 , -1.20991e+06
-435651 , 185868 , 1.227e+06
-611284 , 874516 , 35009.6
-1.56175e+06 , -675425 , 242544
97349 , 136834 , 781840
51921.1 , -210747 , -375151
-212334 , -1.25175e+06 , -887125
-538348 , 558733 , 1.09395e+06
-1.59207e+06 , 281853 , 923021
492989 , 361867 , 616933
-477293 , -591702 , -71430.5
552337 , -479295 , -355968
341860 , 1.15045e+06 , 2.05124e+06
-654848 , -909447 , 464494
1.16094e+06 , -465297 , -171879
-1.56273e+06 , 1.07268e+06 , 1.31014e+06
-100418 , 1.39471e+06 , 263724
-2.00265e+06 , 616030 , -601989
766846 , 546141 , -1.02902e+06
-1.46876e+06 , 723803 , 188772
99504.2 , -9210.76 , -480220
-838655 , -775085 , -325123
-440810 , 1.04201e+06 , 1.96797e+06
-885145 , 957502 , -657377
-282417 , 1.12156e+06 , -49467
-632052 , 914581 , 1.77935e+06
609167 , 78844.4 , -1.13574e+06
-196066 , 545317 , -308350
-251274 , -276818 , 233427
576718 , -571913 , -226194
-121332 , 1.46054e+06 , 1.26482e+06
-1.56174e+06 , 1.23073e+06 , 1.32407e+06
-324282 , -958261 , 1.37701e+06
1.2393e+06 , 611309 , 45420.7
-198928 , -129516 , -1.09285e+06
314265 , 1.19754e+06 , 180860
727036 , 956093 , -1.68982e+06
-11921.6 , -634481 , -1.14437e+06
-69455.7 , -55867.8 , -711463
-239043 , -245905 , -159890
-1.2354e+06 , 520014 , 93871.3
420423 , 748924 , -1.29278e+06
1.1407e+06 , 521925 , 977502
-83422.7 , 906631 , -1.20478e+06
-714756 , -1.40767e+06 , -17919.3
-476991 , 1.08146e+06 , -1.32113e+06
71175.9 , 729977 , 270255
-784971 , -1.28793e+06 , -55666.8
1.36092e+06 , 1.30777e+06 , -50014.9
449976 , -1.29105e+06 , -1.5192e+06
953679 , 1.98532e+06 , -22471.5
-520499 , -1.11975e+06 , -121814
-1.31162e+06 , -1.03924e+06 , -450804
-41913.7 , 1.43628e+06 , 274570
-995266 , 679206 , -1.59467e+06
-228779 , -746944 , -186079
-547918 , 953641 , 1.18645e+06
1.39059e+06 , 986695 , 468871
-364669 , 908660 , 740103
696191 , 430753 , -284664
-608848 , 13207.9 , 686878
-402742 , -26920.3 , 577900
844346 , 305873 , 1.08378e+06
380274 , 949997 , -119239
232716 , 402493 , -792308
-672810 , -766014 , 1.22678e+06
-597939 , 782810 , 2.04646e+06
94827.8 , 90607.3 , 212415
37015 , 515204 , -307052
-117213 , -1.33391e+06 , -256239
-1.24553e+06 , -930479 , 1.25441e+06
359560 , 222965 , -740909
-812343 , -1.17522e+06 , -158532
2.53764e+06 , 983012 , 27050.8
-525470 , 1.2364e+06 , -235488
579646 , 104500 , -1.6346e+06
-1.04701e+06 , 1.4534e+06 , -1.35767e+06
430683 , 985028 , 100444
-499227 , 921566 , 924645
-185837 , -1.02256e+06 , 1.3572e+06
755492 , -22106.8 , 203498
1.27616e+06 , -800087 , -637679
429192 , 1.24487e+06 , 68499.1
815371 , 1.32675e+06 , -716027
281418 , -617714 , -446815
291856 , 1.0966e+06 , 1.08376e+06
1.35852e+06 , -374068 , 549811
658534 , 1.97353e+06 , -538416
155073 , 60987.2 , 717693
525753 , -442783 , -250425
1.04852e+06 , 1.1966e+06 , -98210.7
226558 , -1.11417e+06 , -331712
-387693 , 476807 , 258141
-855624 , 346747 , -220732
785330 , 1.28389e+06 , 392893
-22700.5 , -1.32043e+06 , 18193
-717043 , 405262 , 354439
1.37046e+06 , -147351 , 121915
-461583 , 317036 , -449232
-201562 , -84838.6 , -1.0835e+06
-1.64064e+06 , -848898 , 689644
876840 , -223136 , -670519
-1.17165e+06 , -207361 , 85629.6
-221993 , -394579 , 1.07257e+06
882416 , -127240 , 1.48697e+06
-299444 , -1.03716e+06 , -930655
318971 , -609581 , -492336
422869 , 41980 , -1.74316e+06
1.09889e+06 , -1.43155e+06 , 299987
-1.91568e+06 , -1.51094e+06 , -341588
-88336 , -105580 , -808401
1.01411e+06 , -399989 , -605951
-497486 , 606184 , -1.0464e+06
607770 , 272689 , 168439
-33330.8 , -2.39976e+06 , 185683
-1.56968e+06 , 76662.1 , -946361
38384 , -1.32037e+06 , -172495
1.58772e+06 , -894637 , 77915.5
558095 , -864346 , 560223
1.74955e+06 , 187157 , 1.09373e+06
-946316 , 188936 , -2.14441e+06
1.69246e+06 , -857656 , -526851
1.36176e+06 , 1.06395e+06 , 461555
657488 , 953039 , 1.38462e+06
1.09643e+06 , 333400 , -492830
509763 , -1.41053e+06 , 1.46692e+06
-917489 , -578253 , 1.87889e+06
2.01397e+06 , 1.21958e+06 , 314157
941731 , 616623 , 995944
-887759 , -1.07345e+06 , -158798
944754 , 151317 , -477954
752913 , 729735 , 1.2018e+06
46006 , -1.27382e+06 , -264230
131614 , -1.17682e+06 , 558296
1.07486e+06 , -538761 , 492433
-764017 , 151007 , 384799
-68345.9 , 385451 , -1.38187e+06
-786400 , -1.05016e+06 , 948556
-1.20891e+06 , 1.25416e+06 , -1.33927e+06
504864 , 177498 , 972503
-1.10758e+06 , 57170.7 , 1.29365e+06
-330947 , -689970 , -370346
-906961 , -1.11047e+06 , -171263
152356 , 493035 , -32855.5
347305 , 987778 , 323739
-1.15925e+06 , -371140 , 1.78647e+06
122499 , 1.20715e+06 , 80891.3
799437 , -277494 , -1.36673e+06
-592896 , -899981 , 293750
448896 , 713030 , -554888
-2.34084e+06 , -436430 , -144157
1.01257e+06 , -385423 , 30821
207856 , 253262 , -1.20238e+06
614833 , -919618 , 314577
881018 , 1.28344e+06 , 253143
340062 , 1.24543e+06 , -751950
260613 , 392952 , -953803
-850667 , -1.4329e+06 , -961939
-360797 , 881409 , 675828
-649376 , -784470 , -471367
-870755 , 844384 , -1.16317e+06
643619 , -1.53076e+06 , 327630
-24758.8 , 615662 , -1.4348e+06
60674.7 , -866605 , 2.04085e+06
-642373 , -468598 , -309066
379370 , -274666 , -279053
59722.9 , -1.00122e+06 , -753021
304842 , 1.42357e+06 , -561103
172572 , -1.59011e+06 , 338771
-376092 , 609284 , 1.35279e+06
87001.4 , -189017 , 428738
186977 , 977152 , 1.29455e+06
-1.16614e+06 , 1.17911e+06 , 1.02922e+06
804384 , -1.49643e+06 , 369977
-539923 , 577178 , -252633
-168029 , -413782 , 679588
858580 , 677270 , -909532
219482 , 138377 , -209572
30480.4 , 155474 , 862331
-281404 , -1.34666e+06 , 457217
-79537.2 , 252198 , 1.13069e+06
454843 , -315064 , -1.14039e+06
-95125.6 , -1.49516e+06 , -234918
-40732.9 , -907210 , 494224
194876 , 11009.7 , 141136
-1.25489e+06 , 1.11299e+06 , 340582
-222291 , -252731 , -940449
-1.16722e+06 , -84168.4 , 137170
1.06703e+06 , 374721 , -1.15343e+06
-61383.7 , 608050 , 1.1296e+06
-1.45558e+06 , 566255 , 425042
-878905 , -449272 , 449033
-800161 , 182977 , 36150.5
614687 , -1.37468e+06 , 423181
1.33166e+06 , 383174 , 234559
-191078 , -1.42167e+06 , -720718
1.02283e+06 , -1.40766e+06 , 161586
664912 , 714557 , -1.25313e+06
-34078.2 , 1.93192e+06 , 755437
-634089 , -1.36575e+06 , 784309
524156 , -889093 , -707784
-242777 , -1.39633e+06 , 186131
1.62539e+06 , -114115 , -700057
-1.30125e+06 , 594106 , 444262
777384 , 1.4513e+06 , 1.16387e+06
-456781 , 455854 , -1.27697e+06
471428 , 1.03138e+06 , -629871
1.18202e+06 , -579904 , 1.45147e+06
-1.273e+06 , 1.24315e+06 , -720003
1.46109e+06 , 82272.3 , 1.01071e+06
659904 , -1.75762e+06 , -41492.7
1.63534e+06 , 10817.6 , -706565
-1.79466e+06 , -114933 , -447393
-1.40054e+06 , -479654 , -1.2531e+06
1.74229e+06 , -612754 , 168768
181941 , 604926 , 558733
-1.10566e+06 , 178542 , 290314
-1.12572e+06 , -670264 , -1.06107e+06
-794165 , 382853 , -567851
419691 , 1.16281e+06 , -437455
-140513 , -1.6663e+06 , -667293
-1.351e+06 , -970872 , 250247
-121686 , 31087.4 , -1.52802e+06
-86000.9 , 697859 , 1.83752e+06
1.38187e+06 , 29882.4 , 598595
-211913 , 483090 , 1.50404e+06
-1.66289e+06 , 620830 , -181334
876069 , 1.97445e+06 , 456999
-1.67241e+06 , -757119 , -216032
867437 , 923469 , -56621.3
-621038 , -648069 , 644369
-483485 , 1.46567e+06 , 644058
248098 , 1.65833e+06 , 662372
-1.81412e+06 , 596696 , 199647
471100 , 866580 , 1.13274e+06
-497927 , -625753 , 1.40375e+06
1.41378e+06 , 280684 , 264433
739788 , -107425 , 176020
195210 , 1.12517e+06 , -1.38273e+06
1.29628e+06 , -360659 , -523680
-81384.4 , 292289 , -1.07913e+06
-912406 , -1.15107e+06 , 618347
796499 , -1.11124e+06 , -1.46839e+06
976606 , -1.82207e+06 , 770968
20666.4 , -974301 , -965450
-1.70401e+06 , 582754 , -237793
-404046 , -62379.8 , -1.2838e+06
-1.10882e+06 , 61460.2 , 702930
-877476 , 767302 , -351816
1.05942e+06 , -177227 , 597945
-1.01453e+06 , -760835 , 1.60216e+06
-656275 , -673569 , 215066
-242617 , -348824 , 1.16362e+06
426556 , 427734 , -856847
922630 , 1.01255e+06 , 391246
-870159 , 47017.3 , -557449
1.65347e+06 , 869846 , -412427
1.01279e+06 , 956802 , -475659
1.01304e+06 , -1.49482e+06 , -997041
-428551 , 625051 , 183002
28040.9 , 129717 , 278274
-456350 , 945334 , -304271
125699 , 717714 , -870232
981888 , 560059 , 344122
-858672 , -100288 , 1.74519e+06
162797 , 28798.4 , 400293
-1.50799e+06 , 964283 , 770009
-1.12255e+06 , -957251 , -770905
577668 , -1.40083e+06 , -591453
-330403 , -360264 , -1.8673e+06
-3003.98 , 1.19029e+06 , -1.35352e+06
-945780 , 431201 , 1.09542e+06
24595.6 , 765685 , 1.14733e+06
-5258.02 , -1.60619e+06 , 562102
382606 , -232882 , 921288
931630 , 1.6258e+06 , 84315.3
848567 , 334524 , -378945
-517195 , 349370 , 1.7166e+06
-346685 , -762434 , -569500
-758694 , 59211 , 470173
915552 , 521001 , -464489
-57377.2 , 2.05846e+06 , -81194.5
691464 , 353322 , -997161
-950864 , -1.36446e+06 , 549612
-1.18021e+06 , -681668 , -829600
717525 , -601687 , 1.627e+06
97351.5 , -680353 , 984031
737108 , -1.29556e+06 , 296546
6688.62 , -860541 , -1.83193e+06
25971.3 , 2.24948e+06 , 229565
-1.63898e+06 , -34268.2 , -496517
-772904 , 1.25114e+06 , -318048
-519426 , 248219 , 1.46745e+06
375693 , -783896 , -764020
517802 , 399889 , -2836.2
-804006 , 221170 , -332028
-159733 , -1.1351e+06 , 1.12589e+06
183059 , 865954 , 590992
1.1205e+06 , -575807 , 1.03912e+06
-1.07672e+06 , 585356 , 1.54559e+06
421844 , -144217 , 583276
-1.55055e+06 , -324490 , -377096
-573037 , 12074.4 , 1.01457e+06
-68528.5 , 515419 , 1.13557e+06
551569 , 567145 , -319340
-376167 , 1.08579e+06 , 375953
1.83041e+06 , -473217 , -1.07741e+06
-271539 , -479120 , -859898
812415 , -243521 , -60745.8
-947050 , -1.36488e+06 , 628879
609781 , -557623 , 771658
-1.11197e+06 , -1.31101e+06 , 640682
85941.8 , 1.73034e+06 , -967558
-62935 , 833720 , -2.03218e+06
-1.21018e+06 , -206636 , 1.39887e+06
-350764 , -975520 , -84950.7
-23286.3 , -1.12152e+06 , -494884
711465 , -423171 , 1.8334e+06
-1.27252e+06 , -951960 , 1.10047e+06
-294415 , -768298 , 1.83119e+06
-566573 , -371229 , -1.2045e+06
-1.05879e+06 , 812645 , -693215
-497056 , 676263 , -531120
-1.47363e+06 , 590705 , -159212
-84747.9 , -47464.7 , 1.75116e+06
-203420 , -938705 , -646629
278768 , -40903.1 , -267913
722627 , -1.03346e+06 , -461591
-940294 , 625309 , 484586
-470570 , 228734 , 1.18106e+06
58773.6 , -1.2224e+06 , -973315
-1.3443e+06 , 1.55128e+06 , 195896
413201 , 473062 , 1.79951e+06
1.477e+06 , 925422 , 240699
-1.63137e+06 , 56993.7 , 549229
762393 , 781488 , 649058
1.09381e+06 , 492144 , -624630
-117200 , 306870 , 623128
-1.27033e+06 , -69436.8 , -771899
283472 , -2.05385e+06 , 1.30768e+06
-761047 , -272238 , 531519
-1.27774e+06 , 759750 , -383126
1.34825e+06 , -833691 , 1.25906e+06
-318509 , 923271 , -1.48428e+06
-813091 , -538663 , 949413
-251564 , -1.01987e+06 , -781253
-529063 , -1.10373e+06 , 450072
642861 , 1.0513e+06 , -18963.5
1.2093e+06 , 74536.5 , 53753.8
-813272 , -864512 , -320779
-335137 , -631226 , -1.59441e+06
1.23344e+06 , -1.83192e+06 , 238130
-647157 , -840761 , -1.09499e+06
-1.70576e+06 , -1.24517e+06 , 296961
-209978 , 845233 , 2.15504e+06
-1.27815e+06 , 1.18414e+06 , -595333
574670 , 757553 , -1.14414e+06
-852966 , -838132 , 81775.5
700615 , -1.30368e+06 , -376137
1.16054e+06 , 40586 , 1.61092e+06
1.19307e+06 , -485845 , 852087
-62098.6 , -1.61096e+06 , 660058
-828229 , -940700 , -1.30421e+06
-120950 , -781642 , 1.30948e+06
511473 , 1.18544e+06 , -940253
-12838.1 , -1.59142e+06 , 472229
318418 , -1.24674e+06 , -557579
-184358 , -1.50074e+06 , 849631
731291 , -413577 , 1.69414e+06
-1.81982e+06 , 15448.6 , 754945
587025 , 1.32652e+06 , 674156
434588 , 254611 , 334749
117620 , -1.11264e+06 , -994098
558142 , 1.44399e+06 , 22457.1
1.34853e+06 , 349778 , 69147.2
1.13574e+06 , -146832 , 613591
1.18796e+06 , 274038 , 162412
-324239 , -304737 , 1.83413e+06
-531533 , -367944 , 943019
1.60073e+06 , -1.13867e+06 , -409547
-664921 , 217032 , -832850
-982689 , -528908 , 266823
1.11494e+06 , -1.0226e+06 , 763264
27196 , -236342 , 595466
-319349 , -66424.2 , 961483
-887197 , 1.30614e+06 , 922934
412951 , -110575 , 229303
911695 , -853717 , -1.03712e+06
-179488 , -395357 , 1.4384e+06
-48569.2 , 162890 , 597004
-474499 , 1.55384e+06 , 1.31508e+06
473476 , 758763 , 708582
-1.65552e+06 , 262660 , -1.35575e+06
1.32016e+06 , 1.51194e+06 , -479084
592728 , 939993 , -275202
-1.3394e+06 , 807239 , 971402
1.18738e+06 , 925753 , 227269
390620 , 165561 , -191802
-727066 , -1.2179e+06 , 593479
-1.90516e+06 , -158024 , 790554
-1.41201e+06 , 323709 , 610180
694730 , -1.43389e+06 , -129913
545544 , 98466.8 , -386180
1.21821e+06 , -2.03145e+06 , -305586
-1.35905e+06 , -456388 , 1.17887e+06
1.38832e+06 , -834209 , -117763
177268 , 919784 , 835087
131091 , 238302 , 532270
-460488 , -911748 , -1.19193e+06
1.14956e+06 , 1.15945e+06 , -441796
-200743 , -451999 , 584282
317355 , 408111 , 609310
-104812 , 1.25741e+06 , -178083
-1.25548e+06 , 1.17669e+06 , 582018
-2.20256e+06 , -112708 , 173501
1.3096e+06 , 1.28944e+06 , 709794
311792 , 945122 , 577284
-206291 , -541869 , 1.1616e+06
1.40285e+06 , -773263 , -860069
1.48241e+06 , 289773 , -628471
-1.02547e+06 , -905800 , 1.04014e+06
849694 , 1.19791e+06 , 1.93535e+06
1.02283e+06 , -312493 , -809238
-1.02117e+06 , 15304 , -762224
581066 , 1.48298e+06 , -436752
-1.01086e+06 , 232250 , -863313
1.27077e+06 , 408743 , -367879
-1938.71 , -1.20393e+06 , -817158
580696 , -1.44539e+06 , -1.07676e+06
-265047 , 1.37563e+06 , 1.51953e+06
673151 , 280668 , 12675.6
716453 , -668047 , -20482.6
-104791 , -441220 , 1.04453e+06
208049 , 1.66231e+06 , 2.0822e+06
134855 , 868889 , -1.40353e+06
-489001 , -607043 , 1.65036e+06
482959 , -1.30951e+06 , -721761
-1.64736e+06 , -1.09047e+06 , 479547
-243066 , -1.81381e+06 , -487009
-1.21554e+06 , 688427 , 914874
-1.64369e+06 , 498357 , -1.33293e+06
-1.33342e+06 , -662186 , -228968
1.10947e+06 , 732828 , 511509
-41671.2 , 524613 , 933288
1.30392e+06 , -265080 , -102189
-1.05747e+06 , 614509 , -1.77413e+06
-528011 , 1.11703e+06 , 816634
-1.27426e+06 , -154414 , -1.72703e+06
-983731 , -1.08844e+06 , 663453
-218168 , -1.32093e+06 , 1.18859e+06
-1.53402e+06 , -942252 , 192801
-307477 , -2.26548e+06 , 60267.9
-770391 , -898469 , 81257.1
-417005 , 966313 , -1.10944e+06
380373 , -1.165e+06 , -612644
1.53688e+06 , 743046 , -847508
-732590 , -250586 , 1.4442e+06
-81689 , -2.16942e+06 , -52210.8
-336014 , 226941 , -1.22321e+06
-488561 , -261911 , -40680.2
1.50875e+06 , 298861 , 581244
-196066 , 352563 , -315168
472952 , -1.89381e+06 , 633487
268980 , -1.68873e+06 , -1.4438e+06
154952 , 481944 , -248498
7848.86 , -1.13254e+06 , -138351
1.69059e+06 , 596481 , -901657
826138 , -1.03195e+06 , 1.02122e+06
-696094 , -892765 , 1.21338e+06
-1.13658e+06 , 713877 , -1.20452e+06
1.22557e+06 , 759161 , 627724
-2.04673e+06 , -615866 , 804537
-1.40502e+06 , -691729 , -1.05018e+06
-1.49412e+06 , -1.16339e+06 , -1.21899e+06
807195 , -144066 , -1.52646e+06
1.34488e+06 , 1.01084e+06 , 951282
907400 , -1.08152e+06 , 1.26358e+06
576108 , -465078 , -499399
-664113 , 36797 , -1.09594e+06
-1.09283e+06 , -157280 , 770149
-258946 , 823736 , 615849
295612 , -662840 , -1.69057e+06
-869936 , -54556.2 , 641497
1.29674e+06 , -171126 , -1.87768e+06
-159277 , 1.08653e+06 , -284765
555598 , -655370 , -1.30603e+06
-146729 , 707059 , -193039
-146669 , 1.07904e+06 , 1.38991e+06
-268749 , -1.81458e+06 , 572263
-674938 , 661340 , 1.46028e+06
-1.80995e+06 , -81543.2 , -685959
1.38701e+06 , 239966 , -1.01446e+06
788536 , 520046 , 2.0156e+06
8940.98 , -621131 , 746011
-1.59407e+06 , -140294 , -515994
-961820 , -789878 , 511153
790328 , 451868 , 615594
-156675 , -848917 , 162771
865502 , -151996 , 81732.7
-220358 , 482674 , 413728
-846699 , 149026 , -845695
192002 , -339793 , -1.94966e+06
-104494 , 1.30291e+06 , 811407
9704.06 , 1.20597e+06 , 1.31141e+06
-627928 , 1.15167e+06 , 1.90423e+06
-464165 , -794193 , 61986
-795124 , -350087 , 797120
8313.34 , -1.13314e+06 , 623302
5056.91 , -176207 , 1.47262e+06
-74676.2 , -588330 , -244738
1.52686e+06 , -583651 , -476189
1.53009e+06 , -198765 , 391831
684003 , 1.0303e+06 , -551735
-595190 , -187065 , 1.18678e+06
-1.72297e+06 , 393341 , -303354
-405723 , -416898 , -1.53517e+06
-912033 , 83989.9 , 389105
165721 , -206892 , 313197
796018 , 754451 , -580616
383816 , 602626 , -1.10947e+06
327772 , 277088 , 401666
1.41784e+06 , 1.16221e+06 , 30027.9
-560684 , -1.13067e+06 , 1.86192e+06
-642884 , 612514 , -1.52771e+06
-1.88627e+06 , 126653 , 743281
816316 , -830046 , 426413
-1.14782e+06 , 487769 , -84472.4
-258766 , 1.20633e+06 , 13093.2
-853590 , -415690 , 1.28372e+06
371450 , -1.37582e+06 , 931030
-108608 , 1.18338e+06 , 1.51183e+06
-90847.6 , -128670 , 1.72144e+06
-10518.8 , -29143.8 , -145125
132041 , 848771 , -929846
-344733 , 714263 , 513173
215082 , 923546 , 332536
77800 , -1.88246e+06 , 1.10086e+06
-50126.4 , -1.16086e+06 , -314898
-139519 , -305778 , -248684
-264768 , -675951 , -1.29549e+06
477433 , -602827 , 1.27817e+06
1.72254e+06 , -962975 , -434365
-1.09676e+06 , -422707 , 590669
-2.01333e+06 , -366981 , 569911
390797 , 964541 , -61873.5
-29259.6 , -373828 , 348229
-47256.6 , 1.79238e+06 , -423461
-801363 , 566423 , 122485
-89149.6 , -36531.9 , 2.0363e+06
-159965 , 568657 , -1.56349e+06
683909 , -761963 , -1.1677e+06
1.36009e+06 , 216554 , -90639.5
322294 , 1.88143e+06 , -664146
-1.01125e+06 , -10519.8 , -277962
-289097 , 105080 , -670043
-1.34531e+06 , -1.06233e+06 , 511120
-1.13307e+06 , -473544 , 1.22572e+06
1.81e+06 , 752531 , 401152
-1.77566e+06 , 65145.7 , -1.0522e+06
562865 , 424828 , -656232
-1.62158e+06 , -1.43286e+06 , 44994.3
-457518 , -204083 , 965264
803853 , -1.13112e+06 , 853084
-1.47507e+06 , 138856 , -549033
-1.07189e+06 , 553667 , 939019
511315 , 6757.57 , 806678
1.50046e+06 , 92492.9 , 315431
-457735 , 675940 , -1.75829e+06
792945 , 21671.6 , -1.31274e+06
-586279 , 219348 , -2.31091e+06
-382286 , -860593 , -1.03588e+06
-399541 , 366439 , -1.27956e+06
405608 , 531504 , -1.20285e+06
1.0011e+06 , -365469 , 1.0742e+06
-304538 , 1.01654e+06 , 1.13549e+06
-762628 , 421125 , 1.23554e+06
1.16135e+06 , 520867 , 679583
-1.18117e+06 , 635851 , 202612
1.48933e+06 , -1.14789e+06 , -95162.6
21962 , 1.45692e+06 , 1.16362e+06
450167 , 67757.1 , 1.37246e+06
-890606 , 56384.5 , 1.06838e+06
-349639 , -482960 , 659202
1.99615e+06 , 198538 , -60842.5
-554093 , 1.46892e+06 , -1.32182e+06
-729547 , -1.05706e+06 , 987322
-878525 , -455505 , 960731
1.69013e+06 , 50113.8 , 1.14369e+06
-1.00711e+06 , -1.57144e+06 , 544974
-787399 , -110742 , -834609
1.14558e+06 , -353698 , -1.09089e+06
-1.14359e+06 , -705210 , 1.16163e+06
-215330 , 1.66851e+06 , 1.65336e+06
-266455 , 1.44431e+06 , 871138
438518 , -363909 , -281188
110855 , 377293 , 1.64554e+06
367334 , 1.33104e+06 , 1.28369e+06
-247061 , 651989 , 542479
-213934 , -753028 , 1.3524e+06
114375 , 973275 , -1.07828e+06
-1.44222e+06 , -866236 , -78547.4
-2.21007e+06 , -372624 , 337725
-1.05218e+06 , 266037 , -480255
-1.0945e+06 , -121501 , 474195
811293 , -835697 , 1.60946e+06
-299573 , -775958 , 730694
848629 , -169587 , 1.5277e+06
1.22983e+06 , -518349 , -1.14185e+06
-1.50708e+06 , -381788 , -934578
527435 , -231070 , -1.80658e+06
54661.7 , 123708 , 692165
-1.17477e+06 , -688226 , 470084
-97832.1 , -2.4795e+06 , 737904
232963 , -765775 , 871445
415667 , -13472.3 , 209742
-921980 , 1.03353e+06 , 1.09942e+06
765021 , -1.10825e+06 , 134038
586735 , -1.49375e+06 , -850162
-659308 , 232652 , -288409
296613 , 363552 , 333092
1.07898e+06 , 481904 , 851932
887570 , 270959 , -614427
496458 , -690505 , -216312
-1.12217e+06 , 899462 , -1.17172e+06
963407 , 1.34046e+06 , 888058
435048 , -561719 , 439490
-1.28356e+06 , 47573.8 , -1.38156e+06
188738 , 637123 , 568682
-1.52996e+06 , 1.29245e+06 , 756321
-1.02237e+06 , 762548 , 1.03492e+06
905418 , 1.09362e+06 , -960236
355283 , 231460 , 1.01693e+06
-38571.4 , 434052 , -649312
1.1729e+06 , 351656 , 367718
-461855 , 1.57774e+06 , 1.30925e+06
419624 , -300019 , -921106
620834 , 344337 , 517129
-160102 , 89724.7 , 557148
-57939.5 , 799024 , 544615
-4894.26 , 1.08609e+06 , -58743.4
778672 , 277404 , -399711
1.28706e+06 , 87733.4 , 1.01026e+06
802265 , 1.11614e+06 , 461500
-1.04263e+06 , 535810 , 120133
-494555 , -1.01587e+06 , -1.08315e+06
95276.6 , -1.00852e+06 , -101471
406182 , -411557 , -257791
-100830 , -406032 , 1.75066e+06
473731 , 1.17989e+06 , -62773.9
1.00287e+06 , -810549 , -342493
1.59714e+06 , -13081.1 , 661080
-607471 , -1.62529e+06 , -594435
-284398 , 727301 , -1.13511e+06
1.81962e+06 , 1.18003e+06 , -55725.2
144817 , 325391 , 80506.6
-501629 , -2.11468e+06 , -251480
1.5209e+06 , 113480 , 956972
-94555.1 , 647625 , 704100
672330 , 157214 , 976914
5314.59 , 703347 , -613481
1.22011e+06 , -205052 , -1.71658e+06
85149.8 , 1.24462e+06 , 59294.8
-960166 , 1.81345e+06 , -110652
-568038 , -1.43209e+06 , 427668
190911 , -863851 , 1.31153e+06
385939 , 7303.23 , -512286
199106 , -1.30724e+06 , 494120
1.35338e+06 , -1.15121e+06 , -896598
371367 , -14519.9 , -946875
-914315 , 1.5937e+06 , 550279
-811167 , -1.07235e+06 , 164366
1.15354e+06 , -1.66001e+06 , -283691
-1.07937e+06 , 501544 , -1.22647e+06
-269039 , 1.66426e+06 , -581165
-1.10626e+06 , 1.01325e+06 , -1.22848e+06
-9406.22 , -1.02445e+06 , 1.61953e+06
-704749 , -1.945e+06 , -55952.7
-851731 , -123141 , 225463
-529878 , -240499 , -116963
-1.79974e+06 , -1.54201e+06 , -669954
-520141 , -208287 , -194302
-1.95892e+06 , -444797 , 493033
599261 , 1.4485e+06 , -103597
1.56661e+06 , 1.39509e+06 , -321232
-488873 , 64898.2 , -1.71729e+06
-633353 , 1.5253e+06 , 386327
-629728 , 232540 , 314540
1.08738e+06 , 1.30377e+06 , -1.51948e+06
-51086.5 , 701316 , -288775
1.01781e+06 , -42448.8 , -1.17144e+06
-1.27699e+06 , -561722 , -351566
-92587.7 , 1.8573e+06 , 399096
-1.10115e+06 , 90993.2 , 1.7365e+06
764850 , 975249 , 88028.4
474688 , 311892 , 1.20913e+06
-252916 , -695937 , -432319
-130772 , 90422 , 578789
409300 , 630529 , 2.30049e+06
-45945.5 , 51347.9 , 861140
-787790 , 79138.5 , -274565
-491390 , 1.31837e+06 , 107171
-541209 , 296138 , 907651
-737437 , 204112 , -965031
834389 , 1.22898e+06 , -292023
-2.08426e+06 , -309505 , 1.22073e+06
-96061.3 , -533750 , 1.28623e+06
1.09001e+06 , -880297 , -981208
181645 , 1.64346e+06 , -782840
-175026 , -703862 , -1.00209e+06
305781 , 139338 , 220908
-1.45909e+06 , 191737 , -982745
-1.40831e+06 , 242607 , 520837
270110 , 370789 , -1.35073e+06
-14764.3 , 76823.9 , -1.04661e+06
-1.19898e+06 , -238547 , 416628
-639843 , -1.57875e+06 , -474141
-1.0155e+06 , 767737 , 1.12057e+06
-441285 , -6627.72 , 895258
250917 , -416772 , 1.28916e+06
-170415 , 759606 , -1.15305e+06
284779 , -997835 , -1.42344e+06
-292697 , -577956 , 1.3185e+06
-40854.3 , 2.06356e+06 , 142616
-217265 , 468682 , 739927
-1.75268e+06 , 445875 , -812324
1.43902e+06 , -841664 , -2.17803e+06
915247 , 308092 , 1.30833e+06
-919619 , -997189 , -422258
1.77185e+06 , -288061 , 933054
857847 , -106550 , 355005
-1.03452e+06 , 1.22133e+06 , 59196
397810 , -121596 , -1.35531e+06
149537 , -349122 , -640510
-1.02633e+06 , -949399 , -630036
462328 , 1.49559e+06 , 661016
-128447 , -301179 , -515743
1.30083e+06 , -240935 , -366782
-1.07655e+06 , -237289 , 99443.5
-118777 , -439359 , -777849
216161 , 1.47279e+06 , 1.63639e+06
-678147 , -949750 , -439440
730241 , -181896 , 1.15704e+06
-1.09232e+06 , 688447 , -234108
-643733 , -629980 , -1.59915e+06
-1.08096e+06 , 1.2919e+06 , 1.65716e+06
-1.23672e+06 , 1.18196e+06 , 283236
1.41165e+06 , -560104 , 409355
24783.2 , -1.35641e+06 , 1.49884e+06
-1.36626e+06 , -2733.17 , 686116
-501321 , -633213 , 250473
-109677 , -795048 , -1.01224e+06
-244276 , -454678 , 300388
-297440 , 688549 , -685795
1.20351e+06 , -276383 , -278896
656946 , -1.7497e+06 , -343322
-5086.09 , 1.15931e+06 , -797472
-542034 , -672458 , 900869
-150020 , -590019 , -67131.2
153197 , 863421 , -1.86087e+06
1.51226e+06 , 161441 , 423126
1.08226e+06 , 862974 , 295521
22903.2 , -498439 , 1.06973e+06
1.53265e+06 , -778952 , 616021
120411 , 309239 , 35687.8
-209937 , -1.33733e+06 , -101356
50662.9 , -500290 , 1.33794e+06
-1.03163e+06 , -674647 , -1.09842e+06
791949 , 267785 , 857466
302598 , -1.09928e+06 , -1.52746e+06
984942 , 1.61027e+06 , -792300
-1.25502e+06 , 908358 , 143302
840078 , -227584 , 958423
2.07851e+06 , 136604 , 132159
1.5839e+06 , -186666 , 350697
390273 , 529771 , 386142
-1.29498e+06 , 169563 , -573996
721647 , -966156 , -1423.11
184836 , -1.19004e+06 , 528098
206614 , -581514 , -505583
-1.21728e+06 , 426050 , -114993
-1.29e+06 , 1.149e+06 , -748195
863100 , -804953 , 577732
-679480 , 1.22581e+06 , 1.26216e+06
1.05693e+06 , 985882 , 940446
303173 , -875097 , 225155
918285 , 1.69657e+06 , -134622
234066 , 492938 , 477272
-746973 , 149663 , 304856
-98961.6 , -603258 , 962606
1.3855e+06 , -1.09719e+06 , 4901.21
-294424 , -874084 , -981361
-639008 , -518768 , -1.19989e+06
-964070 , 860604 , -939904
556578 , 423889 , -804548
70133.8 , -1.11608e+06 , 2.07181e+06
1.35974e+06 , 120957 , 1.20318e+06
-307623 , 1.79247e+06 , 882213
1.17676e+06 , 989259 , 23383.9
195500 , 780572 , 1.14594e+06
364256 , 729277 , -111043
-790209 , 466045 , 1.90083e+06
-679190 , -162151 , 851606
-410825 , -118442 , -475443
-1.13445e+06 , -248779 , 304385
363438 , 1.24496e+06 , 1.52147e+06
72086.9 , -437114 , -1.43449e+06
-1.27084e+06 , 393783 , -460761
611700 , -1.52388e+06 , 106290
-172606 , -1.12291e+06 , 1.35731e+06
-615550 , 32862.5 , 527097
374806 , 800043 , -129122
624406 , 1.53577e+06 , 1.41563e+06
-339205 , -717938 , 745775
625122 , 173068 , -1.82163e+06
-2.02964e+06 , 328032 , -622033
34984.2 , 1.15597e+06 , -1.36769e+06
-841396 , 1.08386e+06 , -892793
-334210 , 905940 , -191397
-456653 , -894936 , -583382
-1.19644e+06 , -189423 , -414814
617488 , 1.04028e+06 , 532449
-324799 , 1.48924e+06 , 774848
-1.76413e+06 , 1.13902e+06 , 946313
-123199 , -1.29367e+06 , 770154
941125 , -594509 , 264704
397820 , -633985 , -166898
-1.3841e+06 , 462142 , 579228
902336 , -1.53243e+06 , 271666
1.20499e+06 , 1.5888e+06 , 567151
1.1504e+06 , -174164 , 7182.48
595821 , 1.03482e+06 , 894311
-1.83818e+06 , -416378 , 1.01558e+06
764018 , 19659.6 , -973047
183351 , 340710 , 581818
64436.8 , 903185 , 660221
1.13593e+06 , -143125 , 1.35259e+06
-1.15691e+06 , 107104 , -321683
1.33726e+06 , -252310 , 119158
-604169 , -76259.2 , -1.67213e+06
1.02574e+06 , 407277 , 1.30851e+06
-186148 , 966556 , -608893
-1.41372e+06 , -570245 , 590605
-232492 , 834182 , -1.15095e+06
-1.05001e+06 , 165031 , 495578
-127734 , -1.58979e+06 , 266443
846633 , -841313 , -919914
1.15511e+06 , 602396 , -624666
-802415 , -1.29264e+06 , 462436
772483 , 109862 , -1.99016e+06
779886 , 660318 , -280956
1.08954e+06 , -924436 , -190382
939274 , 34714.7 , 828803
-950464 , -500110 , 1.31833e+06
1.01184e+06 , 1.33157e+06 , -530507
-122616 , -1.75573e+06 , -600999
639787 , 382509 , -453671
437430 , 350997 , -902289
975181 , -917848 , 2.26325e+06
614797 , 45075.5 , -980105
-1.21076e+06 , 1.07988e+06 , 824142
686437 , -521379 , -815893
-35235.6 , -411482 , -878272
15162.9 , 331211 , 1.69828e+06
-509819 , -1.11971e+06 , 336140
1.26927e+06 , 255779 , 1.02082e+06
-67245.8 , 2.00812e+06 , 862349
-748649 , 1.77323e+06 , -627754
-1.06867e+06 , 273040 , 298747
-100865 , -1.44547e+06 , 1.10563e+06
269557 , 526770 , -114236
1.78921e+06 , 335894 , -560609
-133572 , -1.14898e+06 , 1.03696e+06
-294242 , -521746 , 508138
-345412 , -1.10576e+06 , -249413
-781986 , 291861 , 918320
-390730 , 409650 , 240833
-783981 , -1.41895e+06 , 1.64063e+06
1.81495e+06 , -1.13525e+06 , 318673
157606 , -496571 , 1.51408e+06
-834341 , 124260 , 175723
1.73484e+06 , -340272 , 683163
-101736 , -1.73557e+06 , -996103
1.0361e+06 , 549280 , -1.86331e+06
-1.44691e+06 , -487468 , -1.88319e+06
1.3907e+06 , -730713 , 1.31782e+06
595028 , -151867 , 1.91812e+06
-534684 , -249916 , -2.30728e+06
1.06299e+06 , -523897 , -913003
1.54194e+06 , -934410 , -555493
96979.7 , -780973 , -568767
-815262 , -998176 , 731643
571532 , -424516 , -775923
885484 , 1.02214e+06 , 996794
-224058 , 885346 , 363108
-33862.6 , -549308 , 788723
1.20269e+06 , 1.19645e+06 , -810348
1.13713e+06 , -353120 , -104242
-879937 , -694141 , 44986.4
607168 , 748422 , 661207
-977533 , 981225 , -561136
-219079 , -406141 , -560299
-135187 , 1068.91 , 883592
-1.21955e+06 , 1.44692e+06 , -324303
-660309 , -1.55741e+06 , -385182
26336.2 , -1.8002e+06 , -630990
-474485 , 19653.8 , 1.61188e+06
-1.19935e+06 , -317923 , -244717
575149 , 490585 , 532361
-1.62408e+06 , -1.09113e+06 , -510240
-648104 , -1.11838e+06 , -201428
206115 , -1.32668e+06 , -370151
1.44638e+06 , 229672 , -886130
1.14909e+06 , 386288 , -1.72536e+06
1.02015e+06 , -745069 , 36737.9
-1.37125e+06 , 1.21088e+06 , -39059.4
1.03394e+06 , 1.96106e+06 , -44495.2
1.69833e+06 , 550840 , -962867
-350.701 , 379908 , 27976.4
-895215 , -761662 , -1.10853e+06
-1.23452e+06 , -891078 , -994067
-401218 , 19861.6 , 245525
-740027 , -7873.53 , 90315.8
-1.88823e+06 , -933225 , 1.27172e+06
-830879 , 555643 , 785664
138970 , 735780 , 1.83213e+06
-1.5537e+06 , 46747.8 , 800827
684146 , 301390 , -1.48164e+06
883078 , -2.07529e+06 , 402842
600890 , -1.12605e+06 , -362816
35583.5 , 603466 , 2.46447e+06
-909222 , -645264 , 682212
-184694 , -213216 , -1.20456e+06
-1.149e+06 , -547391 , 145445
631605 , 1.53408e+06 , -410768
-322024 , 1.64927e+06 , 576745
-166496 , -433172 , 455828
-258894 , -442894 , 1.16146e+06
-1.21943e+06 , -110383 , -704661
513038 , 597686 , 1.33344e+06
-687061 , -547986 , 866987
-151890 , -875177 , 1.11265e+06
360261 , -543183 , 1.12004e+06
281084 , 1.73023e+06 , -363315
-725849 , 715696 , -850824
251552 , -672476 , -46391.3
-1.04165e+06 , -1.1653e+06 , -686873
1.35761e+06 , -257318 , -726159
-1.7686e+06 , 1.01103e+06 , 267059
-72317 , 148442 , -5594.65
-237388 , -249738 , -1.65878e+06
-1.21901e+06 , -663954 , 1.13952e+06
354858 , -1.19329e+06 , 1.38313e+06
1.76641e+06 , 1.20585e+06 , 53471.1
1.08545e+06 , 1.06591e+06 , -656392
857574 , 134779 , 230909
894925 , -77469.8 , 886661
188934 , -259166 , -1.09114e+06
-567661 , 269297 , 816038
-1.60351e+06 , -1.06555e+06 , -533148
58034.2 , -154393 , -244024
700663 , 351143 , -1.26186e+06
1.22374e+06 , 289345 , 490148
-1.02223e+06 , -878787 , -1.43068e+06
-878933 , -7042.97 , 362314
-885612 , -827462 , -1.37862e+06
344563 , -1.08518e+06 , 91850.5
-507937 , 860442 , -1.61071e+06
1.05791e+06 , 315812 , 832478
-974732 , 1.18671e+06 , -615518
197097 , 38032.7 , -1.42009e+06
-1.15394e+06 , 154115 , 237449
-797145 , 1.35829e+06 , 1.23244e+06
933807 , -386713 , 1.2194e+06
-438719 , 864559 , 21722.8
-696878 , 167175 , 664738
1.14117e+06 , -1.00887e+06 , -610259
-834762 , -62010.3 , 1.74161e+06
-347196 , 1.00728e+06 , 801072
241541 , 418964 , 438697
-767683 , 878101 , 594299
-322722 , -889015 , 1.3014e+06
103337 , 3458.91 , -1.309e+06
-431858 , -1.01601e+06 , -1.3256e+06
1.25813e+06 , -865179 , 190805
-944820 , -659624 , 647610
-754556 , -816492 , 767043
-369493 , 27240.5 , -372707
465920 , -412757 , 1.22969e+06
-1.03132e+06 , 623902 , -194575
-315.435 , -877367 , -130230
-344882 , 847941 , 123796
218173 , -2.04589e+06 , 64198.3
-594456 , -1.42182e+06 , 359177
560546 , 179197 , 615202
270647 , 612523 , -231576
-528899 , 161640 , 1.206e+06
-581874 , -715167 , 300104
-1.36624e+06 , -1.70694e+06 , -283859
358511 , 80694.5 , -570882
-664880 , 35739.2 , 1.53232e+06
-188669 , 528687 , 1.46163e+06
443569 , -282888 , 1.00736e+06
1.32265e+06 , -470202 , -638359
435878 , -227168 , 1.09826e+06
-298596 , 722641 , -1.10405e+06
-300679 , -1.78352e+06 , 1.22792e+06
54258.4 , -621019 , -807875
1.38046e+06 , 64439.6 , -1.61016e+06
-960466 , -110247 , 1.54921e+06
-469994 , -413627 , 1.61033e+06
63907.4 , 1.14284e+06 , -1.90242e+06
-522094 , -179100 , -67639.9
-798484 , -1.38067e+06 , 524215
565408 , 483996 , -418673
821493 , -15416.5 , 961872
472256 , 750494 , -1.17108e+06
315084 , -728861 , -722530
-586021 , -679716 , 116808
1.67614e+06 , -921927 , -1.03396e+06
1.18518e+06 , -209736 , 1.35838e+06
-347733 , 902194 , -497713
-320030 , 1.42687e+06 , 418604
306399 , -1.22385e+06 , 25943.5
1.34375e+06 , 147573 , -929463
313613 , -1.18408e+06 , 1.22553e+06
8005.64 , 61377.1 , -1.40131e+06
264526 , -900327 , -1.23881e+06
1.45786e+06 , -13685.7 , 1.02905e+06
-1.5781e+06 , -197620 , 268888
-489023 , 983861 , 484468
-169568 , 1.00906e+06 , 80973.8
1.36218e+06 , -647835 , -368445
644773 , 653841 , 1.1225e+06
-640263 , 6045.38 , 81270.4
482509 , 879544 , 328878
270374 , 902176 , -1.05073e+06
283143 , -1.1036e+06 , 1.71388e+06
-179151 , 571624 , 1.89251e+06
705208 , 556823 , -116774
397327 , -35797.7 , 198864
-68051.7 , 140302 , 2.47325e+06
395552 , 533026 , 720497
-832285 , 1.0226e+06 , -1.4129e+06
-1.37023e+06 , 664175 , -528946
1.29988e+06 , 818048 , -612932
-390052 , 674020 , 989882
972839 , -787717 , 1.03229e+06
335571 , 891689 , 1.84898e+06
-666566 , 801911 , -1.22954e+06
300892 , 256777 , 870343
-1.35421e+06 , 601494 , -420842
1.40387e+06 , 555330 , -78261.5
756268 , 171678 , -445725
863599 , -1.27438e+06 , -412429
1.83887e+06 , -255241 , 1.44801e+06
532273 , 318486 , 113975
1.93482e+06 , 974016 , -1.30033e+06
-147561 , 360188 , -1.4233e+06
-2.09318e+06 , -684231 , -1.08391e+06
-1.09836e+06 , 407312 , -1.45253e+06
946833 , 98534.6 , 352789
-241255 , -657940 , -579887
219746 , 30454.4 , -377763
-228830 , 697625 , 1.41175e+06
-643832 , -1.62814e+06 , -513237
-1.29406e+06 , -624690 , 338510
393917 , -1.6673e+06 , 359396
-1.33201e+06 , -648168 , -405127
1.2349e+06 , 2105.4 , -808993
1.35154e+06 , -1.32162e+06 , -118197
820114 , 377378 , -66569.2
-877161 , -131081 , 446869
-1.31468e+06 , 241792 , 308712
1.27358e+06 , 235289 , 671031
1.43953e+06 , -1.1506e+06 , 18240.1
-293949 , 1.30323e+06 , 1.58772e+06
-1.16122e+06 , 249758 , -1.55526e+06
-305545 , -51614.9 , 205784
-126063 , 27437.9 , -755559
149167 , 271599 , 2.067e+06
-150462 , 636563 , -1.13867e+06
-726741 , -1.60648e+06 , -345687
67354 , 163843 , -808829
720669 , 1.52921e+06 , 888035
-88991.7 , 977685 , 773925
1.24351e+06 , 975396 , 672653
398703 , -670093 , 392487
1.38837e+06 , 188650 , 929226
-163768 , 570409 , -37100.8
-1.06764e+06 , -385687 , -1.39176e+06
-420630 , -201395 , -1.74738e+06
-472944 , 158949 , -1.21262e+06
685979 , 1.29357e+06 , -1.5458e+06
369860 , 407501 , 157320
-986140 , 898696 , -1.14489e+06
137555 , -1.80045e+06 , -267715
263386 , -273501 , -1.2162e+06
297683 , -1.51496e+06 , -961876
-676397 , 203315 , -713337
611787 , 786849 , -66020.8
972336 , -673313 , 152389
-400851 , -279565 , -851922
-1.8314e+06 , 1.22385e+06 , 85318.1
-549169 , -1.27133e+06 , 4871.58
-73725.2 , -1.01152e+06 , 568239
-1.45045e+06 , 844583 , -1.20133e+06
-781816 , -1.46048e+06 , -48011
1.13643e+06 , -398750 , 1.90335e+06
923126 , 254256 , 946970
664805 , 1.96237e+06 , 20939.7
119676 , -901359 , 884557
667075 , -106199 , 280372
-101911 , -1.40955e+06 , 1.44687e+06
155657 , -1.40208e+06 , 191032
762532 , 1.05422e+06 , 876190
-476801 , 332573 , -909785
-252456 , 131018 , -1.6541e+06
193973 , -540374 , 1.07585e+06
1.37138e+06 , -1.1878e+06 , 205223
992042 , 94266.5 , -96265.7
454399 , 1.68386e+06 , 763439
1.21785e+06 , 460083 , -484053
-107912 , 847562 , 545020
-435518 , -429257 , -680778
-622615 , 412333 , -1.60183e+06
-693673 , -1.74958e+06 , 1.5098e+06
1.23393e+06 , -389714 , 979197
-1.78208e+06 , 374712 , -358703
1.15536e+06 , 1.32267e+06 , 179256
956670 , -533719 , 724258
-478560 , -858411 , -336978
648790 , 741088 , -490585
539501 , 858209 , 55692.9
-1.62841e+06 , 1.37349e+06 , 166777
-896215 , -297498 , 1.03218e+06
-805383 , 648434 , -954900
2.25328e+06 , -209232 , 510049
1.6967e+06 , 463056 , 215565
72655.4 , 463280 , 1.1071e+06
-490769 , 1.48978e+06 , 213363
-230015 , -601630 , -124615
894895 , 653255 , -520208
759886 , 1.10105e+06 , 189787
65021.5 , -1.14317e+06 , 1.32623e+06
29359.4 , 1.14831e+06 , 1.20857e+06
476153 , -299020 , -989342
-1.32114e+06 , -267212 , 855843
696054 , -1.15072e+06 , 789327
144355 , -916522 , 889502
1.33126e+06 , -760549 , -524145
-1.16831e+06 , -140631 , -672050
-82975.4 , -28181.4 , -1.02044e+06
614124 , -1.74344e+06 , -778354
-2.01203e+06 , 593737 , 555409
-1.29006e+06 , 581128 , 300066
1.23632e+06 , 1.31621e+06 , 775291
-1.07271e+06 , 878252 , 943250
-737271 , -177769 , -1.84626e+06
294270 , -814900 , 614572
404248 , -290139 , -431917
307280 , 1.7383e+06 , 939613
-439602 , 1.22123e+06 , -1.78302e+06
1.07567e+06 , -439108 , 1.92113e+06
-208451 , -387681 , -1.18788e+06
1.54297e+06 , 566460 , -139286
-675997 , 30937.5 , 529536
-1.68142e+06 , -1.22416e+06 , -465806
661595 , -611115 , 758501
-624580 , -601276 , 766629
-950714 , 1.08342e+06 , 947109
-980158 , 1.0945e+06 , 759308
-74387.1 , -695575 , 182352
1.42196e+06 , 58070.7 , -603487
-1.18731e+06 , -1.0449e+06 , -50484.7
-279611 , 160265 , 54779.7
1.1146e+06 , 261344 , -55241.7
-1.88552e+06 , -9001.81 , -586329
209650 , -139382 , 117737
-498348 , 804959 , -394705
635620 , -670964 , -750343
261433 , -1.57222e+06 , -522328
-297125 , -44223.9 , -156141
438485 , 1.6546e+06 , 793695
-1.51417e+06 , 1.09385e+06 , 162097
-653000 , -699100 , 1.62746e+06
-1.08879e+06 , 1.11277e+06 , -1.42497e+06
1.20769e+06 , 467654 , 473052
-778811 , -217563 , 727990
1.55686e+06 , 197185 , -1.15134e+06
460440 , 809559 , -1.07445e+06
-986830 , 888610 , -385488
975236 , 26970.1 , -1.02495e+06
-1.66804e+06 , 1.83239e+06 , -487063
-453998 , 149191 , -771203
-681154 , 148966 , -474633
100765 , -1.14166e+06 , -1.00397e+06
1.65729e+06 , -480327 , -890271
778902 , 1.19788e+06 , -410042
331498 , 1.54641e+06 , 555105
1.92665e+06 , 245062 , -423368
1.76649e+06 , -199423 , 1.08071e+06
-681705 , -7065.85 , -1.48544e+06
-195830 , 613998 , 1.44527e+06
654802 , 11646.2 , 1.05679e+06
732589 , -878224 , 134867
834032 , -417225 , -1.59845e+06
-634467 , -1.1334e+06 , 840751
-1.44242e+06 , 705087 , -446623
332784 , 536601 , 1.12021e+06
-366901 , 968450 , 1.65226e+06
-235361 , -1.0398e+06 , -1.41413e+06
-630458 , -261041 , -935891
35696 , 983253 , 1.32856e+06
-728589 , -1.19062e+06 , 502209
18482.8 , 1.08197e+06 , -416217
102545 , -88711.1 , 514401
-776364 , 732187 , -189367
-847100 , -1.35659e+06 , -540580
671361 , 1.56978e+06 , 195261
-433244 , 234065 , 462316
-534074 , -769189 , 1.8114e+06
-610291 , -1.58441e+06 , -372182
-369524 , -477089 , 1.82084e+06
-969031 , 769195 , -204840
240482 , 1.61397e+06 , 51661.8
46915.2 , -1.03201e+06 , -457493
-696766 , 160891 , -1.26367e+06
248354 , 160765 , 554163
-785965 , 1.04251e+06 , -76957.5
-1.06993e+06 , 789672 , -1.17619e+06
1.01774e+06 , 228588 , -799782
-1.47773e+06 , 1.17765e+06 , -556638
1.48953e+06 , 242515 , 1.19624e+06
-746628 , 980022 , 990729
1.27477e+06 , -315654 , 1.03761e+06
-277271 , -611574 , -37930.2
1.36027e+06 , 36217.2 , -1.12557e+06
-656622 , 1.67387e+06 , 466118
-1.40308e+06 , -789529 , 46967.6
-138732 , 139993 , 153875
314323 , -169584 , 580543
1.5439e+06 , 107939 , -158742
-560738 , 1.62339e+06 , -479484
-221792 , 1.19432e+06 , 481494
68312.9 , 18522.5 , -768811
1.14196e+06 , -1.28576e+06 , 971237
2.1451e+06 , 504190 , 260966
-160104 , 826.958 , 515014
385407 , 561096 , -344265
1.99396e+06 , 17953.3 , 658523
-726030 , -258350 , 528849
1.25428e+06 , 420890 , 394439
591604 , 399521 , -993840
-452324 , 297525 , 1.70156e+06
-396596 , 30694.3 , -1.12884e+06
134898 , -1.73568e+06 , -1.01109e+06
721955 , 1.30904e+06 , -572645
-2.03125e+06 , 273990 , 1.09024e+06
603097 , 1.3978e+06 , 920877
478493 , -162694 , 1.0107e+06
1.4e+06 , 1.14358e+06 , 257676
-1.4894e+06 , -42895.6 , 949112
-271901 , -1.13426e+06 , 978103
212464 , 558731 , 426747
213883 , 271760 , -372689
769013 , 1.58774e+06 , -847687
-836687 , 417494 , 86057.6
1.28262e+06 , -634219 , -860140
814527 , -805670 , 642401
-1.21959e+06 , -972235 , -1.07123e+06
-479684 , -92890.3 , -72863.5
1.0488e+06 , -1.01408e+06 , 30410.4
-1.28633e+06 , 1.07427e+06 , -418441
382200 , 212115 , -342485
2.2983e+06 , 745063 , -486663
-1.01182e+06 , -43593.3 , 1.24872e+06
180479 , 484713 , -567406
-399762 , -1.11336e+06 , -334586
240142 , 1.13307e+06 , -1.6427e+06
10805.2 , -898898 , 825766
-823906 , 1.85144e+06 , -439686
-2.05529e+06 , -1.1745e+06 , 418500
-831290 , -750069 , -169416
421353 , -134536 , -1.04796e+06
-473790 , 1.36755e+06 , -960637
-909168 , 1.36052e+06 , -256963
-778749 , -68016.9 , 947144
648338 , -943921 , -684063
-654892 , 182707 , -742556
1.3571e+06 , -343602 , 2.45505e+06
475974 , -401876 , 1.00186e+06
254026 , -1.31689e+06 , -843821
-231686 , 1.81146e+06 , -524754
77920.3 , 297148 , 1.0643e+06
-1.07079e+06 , 1.70555e+06 , -15206.4
1.29136e+06 , -864833 , -226269
-717649 , 849684 , -473000
-111736 , 1.74668e+06 , -90026.1
-735353 , -619481 , 621887
-861955 , -1.18704e+06 , 527963
854022 , 1.37928e+06 , 545373
26290.8 , -1.35288e+06 , -542377
-86497.4 , -473122 , -154900
254361 , 1.07432e+06 , 898950
-2.05731e+06 , -469540 , -270608
212553 , -110603 , -1.0409e+06
155200 , 56547 , -1.34377e+06
1.19627e+06 , -455818 , -340315
-437293 , -691044 , -170486
-1.17148e+06 , 367563 , -1.15935e+06
1.31595e+06 , 1.34319e+06 , 921246
793607 , 285359 , -419147
-393951 , 2.02362e+06 , 96938.5
-1.2932e+06 , 333254 , -424935
-185547 , -242585 , -997658
284903 , -1.01639e+06 , 202285
213315 , -97463.9 , 928545
194048 , 165496 , 2.22183e+06
-368624 , 868305 , 1.30437e+06
497579 , 676970 , -1.1229e+06
1.98807e+06 , 557257 , -877384
-36689.7 , 14528 , 187983
587660 , 564919 , 1.17953e+06
1689.66 , -294561 , -445201
643005 , 2083.7 , -412092
-1.6974e+06 , 1.26479e+06 , 1.31754e+06
-759860 , 924838 , 322889
149471 , -1.76392e+06 , 774601
-606151 , 52527.4 , -411374
137760 , 939537 , -646040
1.18063e+06 , -468678 , -369023
704454 , 15644.4 , 671619
-81445.6 , 1.0514e+06 , 1.58013e+06
-1.11269e+06 , -1.16893e+06 , -238654
-149604 , -602611 , 570039
-44641.7 , -1.18371e+06 , 220627
-297547 , 378110 , 110391
553576 , -1.0958e+06 , 836711
381176 , 690374 , 248290
268881 , 249789 , 170042
-1.62688e+06 , -511912 , -712264
-1.44012e+06 , 863711 , 448291
-715791 , 212378 , 472264
-414242 , 116103 , -1.92116e+06
-717987 , -1.45572e+06 , 582349
-420229 , 1.63082e+06 , -76899.7
-728202 , -911694 , -225841
-678432 , -945992 , -657995
-177532 , 1.35172e+06 , 1.38503e+06
-938204 , 215531 , 449554
-1.43193e+06 , -303343 , 586757
118109 , -785534 , -2.15909e+06
-854668 , 406293 , 889603
1.01123e+06 , -870882 , 581991
1.48588e+06 , 721712 , -66148.6
-703977 , 230641 , 292752
-1.81291e+06 , 399960 , 411437
543294 , 1.11457e+06 , 431818
911745 , 719345 , 1.08607e+06
-409995 , -369942 , -371598
178792 , 49370.4 , -1.17627e+06
616937 , -79728.7 , -735871
-409319 , 1.53629e+06 , 21937
185283 , 1.41698e+06 , -330858
396502 , -348344 , -1.15041e+06
-233068 , -1.11283e+06 , -1.3908e+06
-518211 , 1.76607e+06 , -739791
-1.55048e+06 , 453817 , -572051
-554901 , 900637 , 147208
-916588 , 1.10049e+06 , 932225
60574.7 , 1.02512e+06 , 829484
-662145 , -716727 , 1.19206e+06
-303579 , -1.54849e+06 , -529330
-1.24025e+06 , 781093 , 1.11443e+06
540714 , 1.15311e+06 , -705119
601039 , 641389 , 2.11801e+06
731839 , -303721 , -403511
-842996 , -132931 , 653380
316551 , 1.30738e+06 , 48258.2
1.45361e+06 , -605215 , 974769
-810559 , -363646 , 847061
1.32033e+06 , -734715 , -638548
915231 , -1.11111e+06 , -230272
304895 , 1.13282e+06 , -147426
-8996.87 , -566673 , -670683
32997.9 , -122866 , -533929
646652 , 1.49861e+06 , 143357
-664335 , -222201 , 918761
286342 , 1.06411e+06 , -737991
-812365 , 465970 , 577619
79999.1 , 941731 , 761287
-78737.5 , 2.00856e+06 , -638640
-1.16515e+06 , -115260 , -934095
-647932 , 1.29521e+06 , 25256.7
-839090 , -856446 , -1.35913e+06
581832 , -160550 , -2.22044e+06
221212 , -1.21105e+06 , -64137.4
-1.35187e+06 , -788955 , 316433
952405 , -168577 , -1.13694e+06
45473.8 , -1.05295e+06 , 724266
309966 , 819962 , -1.70224e+06
583420 , -407530 , -192101
954389 , -69677.7 , -520499
-631412 , -600978 , -625949
163521 , -41611.4 , -1.11799e+06
-819396 , -812703 , -461289
-747495 , -1.28554e+06 , -969795
-593549 , 196949 , -69667
-1.68308e+06 , 763902 , 708019
-138771 , -91639 , -468030
-1.15679e+06 , -1.40829e+06 , 360940
-1.23168e+06 , 3426.71 , 307676
-233709 , -1.56687e+06 , 789230
-15282.3 , -1.22706e+06 , 1.73826e+06
-706671 , -1.17526e+06 , -438941
-635004 , -423747 , 1.42762e+06
1.7875e+06 , 542765 , 897632
-1.29858e+06 , 210949 , 1.15778e+06
-942657 , -484700 , 1.07283e+06
32414.6 , 405832 , 7624.26
1.80151e+06 , 528200 , -206713
-1.59326e+06 , -189252 , -450186
-635952 , 637593 , -198993
302330 , -761814 , 1.2938e+06
1.41312e+06 , -808327 , -933250
-1.55268e+06 , -776689 , 84815.7
-975894 , -1.39276e+06 , -1.56483e+06
-1.34064e+06 , -1.1555e+06 , -620640
294847 , -215986 , -1.25972e+06
-910099 , -921623 , 616606
569642 , 354709 , 883702
-84067.3 , -1.03374e+06 , 907101
442088 , -535994 , 1.99362e+06
-951624 , 651988 , -893288
901866 , 1.27507e+06 , -259833
-838853 , -166801 , -1.8439e+06
309902 , -722058 , 815933
531375 , -326312 , 806174
909720 , -499428 , 1.16166e+06
-613884 , 213564 , 1.35012e+06
-291063 , 1.35141e+06 , 1.44366e+06
-264097 , 1.15056e+06 , 590475
-805634 , 389397 , -631187
-1.22316e+06 , 191001 , -280221
1.2217e+06 , -805750 , 977352
514683 , -389825 , -1.78055e+06
-886211 , 271871 , 1.44973e+06
279321 , -170617 , 1.55525e+06
-1.60976e+06 , 887169 , -117885
-529845 , -1143 , 1.24774e+06
-205918 , 636491 , -630351
354107 , 625605 , 947765
-64044.6 , 947586 , -1.96271e+06
1.62725e+06 , 447821 , -575132
1.02353e+06 , -2.07261e+06 , 582141
-771781 , -324293 , 347144
-750449 , 1.02303e+06 , -686987
1.01882e+06 , -769940 , -389050
-1.02844e+06 , 907546 , -1.00829e+06
-138205 , 20375.9 , -1.60182e+06
764012 , -300629 , -569868
-1.45035e+06 , -1.31052e+06 , 14198.8
-263840 , -26017.1 , 604489
1.28371e+06 , -536548 , 1.47043e+06
-201835 , -1.64801e+06 , 419072
1.58762e+06 , -436494 , -1.02477e+06
-568452 , -89425.5 , 322872
-573563 , -899844 , 329805
28709.1 , -121037 , -1.68279e+06
-705020 , -1.6715e+06 , -126142
-941659 , 1.15351e+06 , -476093
899194 , 911446 , 417105
4842.4 , -166966 , 161796
274086 , 702868 , -1.64247e+06
162857 , -935418 , -911714
918411 , -1.0758e+06 , 252667
-171616 , 1.40136e+06 , -248596
782344 , 785124 , -1.02406e+06
790764 , -547564 , -464189
-1.59334e+06 , -1.85836e+06 , 147301
-241049 , -2.00134e+06 , 274098
1.32336e+06 , -909153 , -1.13834e+06
554225 , -731682 , -1.32026e+06
-438404 , 64345.3 , -186374
339222 , -602395 , 977121
185654 , -924027 , 750074
-33595.9 , -244386 , -1.43187e+06
933666 , -208562 , -1.13513e+06
-1.6971e+06 , 281783 , 570581
230471 , 1.25556e+06 , -975948
-1.136e+06 , -346168 , -284764
923919 , -339299 , 1.09569e+06
-1.26039e+06 , 669496 , 486346
-1.27045e+06 , 10737.9 , -977156
210946 , -885852 , 559010
-1.1822e+06 , -816654 , 520947
-1.11083e+06 , 491743 , -907094
573382 , 1.90531e+06 , -762025
-387768 , 1.05133e+06 , 288328
30290.2 , 1.10249e+06 , -773325
-96390.3 , 1.32007e+06 , -1.6485e+06
-237649 , -825252 , 552482
-161838 , -760500 , 1.04717e+06
-30789.7 , -852632 , 704002
-899020 , 737408 , 674345
-474820 , -1.50864e+06 , 147550
169300 , 67305.6 , 280475
-1.77176e+06 , 532726 , -384505
377522 , 601814 , -1.25955e+06
-467395 , -760616 , 1.08522e+06
-1.12069e+06 , 1.03788e+06 , 402399
1.15976e+06 , -1.67422e+06 , 261088
760903 , 1.13109e+06 , -1.13232e+06
-844946 , 154058 , -1.82079e+06
774470 , 846468 , -111992
-50085.5 , 551156 , 1.28009e+06
433767 , -1.03357e+06 , -344210
-655804 , -1.24602e+06 , 525498
564262 , 408486 , 565134
47984.7 , 72988.9 , 958737
-2.30677e+06 , -678828 , 599159
1.06476e+06 , 840349 , -485937
1.31016e+06 , -1.50654e+06 , -1921.3
1.18708e+06 , -487773 , -1.13834e+06
-106955 , -1.15203e+06 , -1.21348e+06
851074 , -367358 , -6636.67
1.19271e+06 , -139639 , 1.00035e+06
1.52322e+06 , 89412.9 , 675012
-720393 , -1.01326e+06 , 700828
1.47201e+06 , -9090.32 , 1.42621e+06
1.30128e+06 , 117656 , -322830
-1.27002e+06 , -491100 , -794112
-393653 , -911592 , 725551
623497 , -650089 , 1.55667e+06
213016 , 612251 , 448005
767997 , -279682 , -720439
-1.50901e+06 , -393605 , 1.13324e+06
772396 , -1.11593e+06 , -533753
-251989 , -367494 , -332526
77240.2 , 888317 , 864657
971061 , -558650 , -332807
265175 , 417159 , -703148
-228780 , -28731.2 , -236823
-89437.1 , -562378 , 803188
566282 , -221785 , -537302
682917 , -145945 , 1.68403e+06
-1.58967e+06 , 11558.7 , -1.07478e+06
1.56516e+06 , -155528 , -163719
-902950 , -28549.1 , 1.05891e+06
291995 , 1.53799e+06 , -1.60107e+06
-822308 , 476793 , -971688
1.50982e+06 , -66753.8 , -247330
292814 , 1.48744e+06 , -899532
-582436 , 467363 , 1.04858e+06
1.36636e+06 , -180942 , 2.09123e+06
-105527 , -1.35902e+06 , -1.05062e+06
957093 , -1.38847e+06 , 419820
631926 , 400751 , 626414
793012 , -521756 , -608278
1.1469e+06 , 1.07476e+06 , 410374
649378 , -1.66097e+06 , 1.38073e+06
1.02916e+06 , 256260 , -1.0053e+06
-281075 , 787548 , 725883
299084 , 132662 , 462936
933263 , -1.05837e+06 , -350254
-901063 , 572968 , 1.41675e+06
-1.52502e+06 , -323946 , 2.09292e+06
1.36452e+06 , -230001 , -668934
89242.4 , 1.47285e+06 , -505568
924014 , -1.02867e+06 , 561445
26341.4 , 1.54813e+06 , 610431
1.27092e+06 , 502408 , 223334
-1.11323e+06 , -1.06701e+06 , 984605
602377 , 311333 , 829140
2.25489e+06 , 691064 , 442486
1.41006e+06 , 328324 , 976828
-983193 , -843510 , -1.38048e+06
-234740 , 521978 , -651862
-432986 , 327030 , 798624
514917 , -130071 , 1.28538e+06
-370723 , 1.18163e+06 , 990345
923292 , -1.40693e+06 , 340486
-1.66939e+06 , 802209 , 251053
293553 , 681119 , 204008
1.28771e+06 , 1.05592e+06 , -686841
266075 , 1.68234e+06 , 1.26263e+06
-1.08771e+06 , 511863 , 923616
-1.03948e+06 , 99580.6 , -105068
1.77326e+06 , -584411 , 831814
1.02752e+06 , 1.05251e+06 , -257865
899039 , -505865 , -627010
518468 , -1.07379e+06 , 1.13841e+06
-831265 , 678065 , -406712
835830 , 376530 , 507518
-257263 , -209088 , -1.73461e+06
315051 , -1.68178e+06 , 107585
-1.49391e+06 , 1770.86 , -991896
-401317 , -716180 , -755636
411712 , 641537 , -381212
-1.42108e+06 , -75316.2 , -808966
1.04661e+06 , 30623.8 , 1.36948e+06
1.04768e+06 , -163082 , 729596
250081 , 1.04693e+06 , 703377
232471 , 563829 , -1.25725e+06
303425 , 189837 , 124087
-943116 , -297265 , -228395
47099.2 , 678740 , -189421
1.11923e+06 , -1.06676e+06 , 354972
-1.62704e+06 , 253494 , -948118
-420211 , 406131 , -1.28236e+06
-928875 , -1.16964e+06 , 302479
-2.1742e+06 , -70232 , 150209
1.60831e+06 , 435397 , 94239.2
-753420 , 1.53284e+06 , 760020
-203220 , 922388 , -489438
-883415 , -377138 , 236017
886754 , 208219 , 219167
714875 , 344232 , -500540
742277 , -94423.6 , -348688
340896 , -1.61619e+06 , -504998
388587 , -1.467e+06 , 583354
1.83886e+06 , 1.10085e+06 , 1.27049e+06
-1.25763e+06 , 642317 , 737432
-994985 , -848683 , -321801
-36234.6 , 281965 , 1.49166e+06
1.62363e+06 , 247118 , 891791
1.01168e+06 , 847677 , -861834
-1.51258e+06 , -855349 , -7717.84
1.01981e+06 , -722953 , 720190
117904 , 506080 , 192535
1.59861e+06 , -71161.6 , 727244
-82292.4 , -1.1042e+06 , 802438
-866039 , 1.50914e+06 , 736416
376292 , -356888 , -239261
-1.61849e+06 , 370522 , 1.11735e+06
81149.6 , 635997 , 480802
-482741 , 1.88944e+06 , 497813
-1.03531e+06 , -1.37507e+06 , 255942
-257189 , 384933 , -795057
-895094 , 248967 , 273699
-1.0405e+06 , 1.0785e+06 , 622191
1.25006e+06 , 345822 , -1.01646e+06
-834861 , 631587 , 1.71083e+06
-440236 , 778565 , 1.59953e+06
776232 , -966767 , 305768
1.1661e+06 , 1.13764e+06 , 1.07166e+06
-284027 , -890686 , -271338
-880299 , 537629 , -1.86946e+06
-1.01972e+06 , 278667 , -305872
480574 , -183848 , 1.29402e+06
-1.42564e+06 , 693464 , 461887
725155 , 770799 , 458524
1.47011e+06 , 136620 , 94639.1
-1.75466e+06 , 533182 , -100974
1.07404e+06 , -386428 , 53246.3
-592308 , 793103 , -789813
-1.56226e+06 , 810571 , 122284
418963 , -157644 , 1.60809e+06
522718 , 1.63004e+06 , 329078
-312670 , -548154 , 1.54325e+06
1.45094e+06 , -204495 , 993469
62213.6 , -614616 , 700330
526617 , -139432 , 255.35
-851853 , 53236.3 , -901714
-26478.9 , -349522 , -17200.8
1.75863e+06 , -1.02071e+06 , 870493
622001 , -311337 , -1.09557e+06
17123.9 , 49392.3 , 1.08376e+06
1.23261e+06 , 255451 , -601697
-1.21266e+06 , 380688 , 330960
-1.73017e+06 , -829575 , -746092
-833300 , -744966 , -339126
-569916 , 1.16895e+06 , 483979
-233826 , 25846 , -764812
1.46961e+06 , -182057 , 2433.56
-333953 , -937734 , 567463
-1.20586e+06 , -123885 , 722612
1.07466e+06 , -103523 , 1.02184e+06
-437249 , 1.56913e+06 , 709239
-383055 , -1.34074e+06 , 787002
-356889 , 795807 , 1.59651e+06
-761920 , -434519 , -298830
-310788 , 460571 , 33406.9
-912673 , 479902 , -78536.4
-163682 , 71210 , -494963
-1.10245e+06 , -517090 , 709363
-330612 , -1.7557e+06 , 1.16572e+06
-655571 , 53890.4 , 842625
-600672 , -592343 , 1.24157e+06
767553 , 285391 , 1.23017e+06
397166 , 1.32621e+06 , -625217
-2.08538e+06 , 211425 , 1.33764e+06
1.35913e+06 , 209903 , 590075
-594833 , 1.82064e+06 , 1.18336e+06
-372538 , -1.011e+06 , -626954
-318313 , 4045.56 , -400949
705236 , 1.27941e+06 , -56038.7
990488 , 869523 , 679909
1.0197e+06 , -443704 , 1.24413e+06
1.47324e+06 , -604111 , 1.65107e+06
216741 , 1.11345e+06 , -265697
91064.8 , -1.79835e+06 , -1.30538e+06
53437 , -1.62693e+06 , 982767
-409689 , 317263 , 1.5334e+06
-906061 , 630380 , -1.29989e+06
-415365 , -628169 , 454196
965460 , 580760 , 341180
801613 , -1.25056e+06 , 220401
494833 , 1.47469e+06 , 1.03348e+06
-1.40709e+06 , -444839 , -807957
1.11445e+06 , -871722 , -109968
-331263 , -978158 , -77390.6
-121161 , 1.45643e+06 , 962222
-966052 , 628494 , -1.18035e+06
647323 , 450298 , -1.28131e+06
-1.34589e+06 , -1.21879e+06 , 1.86776e+06
653545 , -1.16226e+06 , 1.71922e+06
-708131 , -473989 , 45126.1
342881 , 852369 , -1.08825e+06
-884478 , 16900.2 , 281392
321090 , 398022 , 935508
-265491 , 724618 , 323880
-848408 , -869859 , 1.08623e+06
557101 , -2.05887e+06 , 713683
-1.17084e+06 , 427272 , 548764
-923843 , -409557 , -45073.3
1.34917e+06 , -14392.2 , -133434
37966.1 , -1.77183e+06 , -524127
732406 , 98241.9 , 1.76122e+06
-188630 , 474755 , 1.22451e+06
1.15833e+06 , -273092 , -83521.3
648988 , -812885 , 289158
-454392 , 702926 , -781089
-1.34914e+06 , 377215 , -1.29134e+06
2.11345e+06 , -575139 , -357613
330340 , 764607 , 380175
333779 , -909063 , 1.63184e+06
535315 , 274024 , 1.51544e+06
-1.59022e+06 , -453940 , -175590
590692 , -2.09557e+06 , -758276
-639090 , 479428 , 715147
614768 , 120988 , 463114
-702870 , -1.11424e+06 , 21391.9
-80397.2 , -384219 , 412824
-43077.2 , -471637 , -72259.8
1.55221e+06 , 569691 , 271016
-410549 , -1.3441e+06 , 1.11901e+06
135377 , 346855 , 163941
361711 , 2.63645e+06 , -237494
-314050 , -753215 , 1.85867e+06
1.38142e+06 , -1.3193e+06 , -6348.37
-1.47124e+06 , 156939 , 127574
997632 , -1.35168e+06 , -131137
524304 , -450494 , -1.02627e+06
639162 , -1.05143e+06 , 567507
-263821 , -1.42769e+06 , 588724
-74915.4 , -1.37087e+06 , 35373.6
1.79426e+06 , 371768 , -440666
-880340 , 418732 , 998176
-763863 , 47506 , 452758
-386772 , 1.89726e+06 , 379960
1.51729e+06 , -364643 , -1.27885e+06
532709 , -383365 , 901646
-1.84947e+06 , 527556 , 608044
1.1184e+06 , 683575 , 333034
462532 , -961879 , -1.47318e+06
-805181 , 734563 , 1.03374e+06
580049 , -568688 , -1.67124e+06
516227 , -247833 , 1.04362e+06
150612 , -956418 , 764239
-1.79212e+06 , -112399 , -1.71295e+06
667101 , 980336 , -1.22862e+06
-658002 , 351301 , 482912
1.5005e+06 , 478681 , -1.06782e+06
-1.48105e+06 , -903612 , -939247
-251020 , 619173 , 529045
-1.2376e+06 , -423606 , 637192
646421 , 1.2275e+06 , 1.13255e+06
-129377 , 1.01593e+06 , -1.48852e+06
-1.42419e+06 , -505080 , 1.04186e+06
-1.40671e+06 , -750416 , -1.04647e+06
-886521 , 704389 , 14551.6
1.06013e+06 , 741337 , -1.13361e+06
-65384 , -918898 , -479824
-198061 , 830612 , -784112
-122011 , -580512 , 1.38052e+06
287847 , 1.23699e+06 , 1.33715e+06
335271 , 1.25246e+06 , -958758
225801 , -2.16762e+06 , 656789
312252 , 322154 , -318431
89658.4 , -1.30178e+06 , 273942
-942657 , 1.46589e+06 , 52861.7
573348 , -1.14991e+06 , 115156
-598633 , 215777 , 354436
264030 , -1.95143e+06 , -166013
631967 , 319392 , 801361
-421795 , -931003 , -1.60108e+06
316707 , -1.59612e+06 , -711242
548809 , -726434 , -359494
-95599.7 , -864493 , 402485
-1.06242e+06 , 536049 , -877856
-1.06205e+06 , -2.11026e+06 , 654182
683704 , 338871 , 1.46519e+06
1.75474e+06 , 1.25305e+06 , 470573
-39106.6 , 1.17576e+06 , -1.61387e+06
-235064 , 598631 , -320372
216456 , -1.38371e+06 , -788019
1.49864e+06 , 1.3929e+06 , -323577
-341771 , -301716 , 65238.6
304703 , 242329 , -690270
785515 , 815523 , 798973
-500146 , 25857.8 , 414401
742003 , -658454 , 676504
-595625 , 973624 , 932517
1.27428e+06 , -847340 , 151969
355927 , 820488 , -1.13938e+06
92269.5 , -2789.76 , -188487
-630815 , 1.86962e+06 , -629822
-897909 , 1.60937e+06 , -702533
-846629 , 761504 , -960939
-708085 , 496640 , 610877
714969 , -671958 , -151014
-134337 , 853402 , 347263
-277306 , -104606 , -890569
-681105 , 1.26059e+06 , 252729
153037 , 727705 , -1.39205e+06
143691 , 1.48419e+06 , 686520
189962 , 928574 , 1.45277e+06
1.22631e+06 , -249162 , 103330
968983 , -974275 , -1.02645e+06
-67277.3 , 974481 , 287644
471377 , -117758 , 1.1318e+06
1.09669e+06 , 544087 , -153335
-421080 , 1.63127e+06 , 103478
-1.51403e+06 , -365191 , -1.04675e+06
821855 , -526835 , -158906
-1.58218e+06 , -525302 , -618825
63096.6 , -1.27846e+06 , -238075
-924074 , -1.57404e+06 , -797439
187121 , -1.55181e+06 , 777098
1.6753e+06 , 1.15423e+06 , 679719
446246 , -1.73857e+06 , 296335
-1.38789e+06 , 1.81452e+06 , 1.13609e+06
-1.38406e+06 , -370979 , 185726
1.02295e+06 , -100166 , 40285
-236683 , -1.25101e+06 , 47804.4
-175951 , -1.6227e+06 , 865063
408804 , 433362 , -1.06189e+06
-632658 , 1.77377e+06 , -46505.5
-1.03592e+06 , -83413 , 1.18355e+06
-728481 , -682196 , -669278
-419567 , -589027 , -1.39948e+06
-264734 , 1.64773e+06 , 435658
806156 , -74824.3 , -805563
-461545 , 2.1879e+06 , 144421
1.56777e+06 , 1.01001e+06 , 570955
-912257 , -591301 , 1.5551e+06
-412925 , 94682.7 , 1.18711e+06
-69759.2 , 1.05686e+06 , 143994
-51053.4 , -1.50151e+06 , -525371
-344377 , 117904 , 1417.52
-959583 , 535392 , -802325
975079 , -1.43866e+06 , 301832
1.52667e+06 , 493433 , -263404
-852735 , 657340 , 342960
214722 , -867221 , 572025
1.36055e+06 , -674997 , -39920.3
-168456 , -116995 , 407341
-605677 , 68970.9 , 358992
-788738 , 1.27871e+06 , -442258
733689 , 887453 , -519376
-1.46217e+06 , -923192 , 1.01751e+06
106330 , -760056 , -1.86359e+06
1.05219e+06 , -79208.7 , -1.75709e+06
-1.06879e+06 , -825979 , -249229
-375163 , -643888 , 45756.6
-392647 , -321452 , -1.35342e+06
628272 , -705439 , 600915
-918814 , 105057 , -230369
898573 , -129466 , 1.10076e+06
-433009 , 1.61604e+06 , 431459
-451038 , 666979 , 339806
-244900 , -1.13943e+06 , 376759
1.14708e+06 , -1.40076e+06 , -1.41122e+06
-1.3629e+06 , 35602.1 , 1.21405e+06
-751440 , 1.48511e+06 , 1.00258e+06
-1.18956e+06 , -1.24116e+06 , 404299
-697885 , -151465 , -1661.38
1.25972e+06 , -828127 , -64454.1
379983 , 236778 , -41806.7
146162 , -695341 , -53429.4
1.18255e+06 , -1.35145e+06 , 445129
306575 , 1.47519e+06 , 487727
-895976 , 14182.4 , -2.33656e+06
-1.28552e+06 , -990315 , 505641
-1.95669e+06 , -1.52052e+06 , -216080
277379 , -295690 , 663544
279188 , 651922 , 469350
-816369 , 635567 , 736881
-397646 , -1.81667e+06 , -162798
-1.92629e+06 , -196476 , -68774.8
1.14022e+06 , 521871 , -501239
-237667 , -793589 , -216471
-1.27319e+06 , -405260 , -1.26575e+06
-461844 , -1.0867e+06 , 634930
-260834 , 18973.3 , -1.62476e+06
-1.18654e+06 , 494180 , 1.48266e+06
-245754 , -1.65927e+06 , -100498
1.57718e+06 , -168255 , 142061
-1.42941e+06 , -766543 , -665291
54957.3 , -450469 , -427196
-71124.7 , 749999 , -904869
-257566 , -293831 , 772164
446604 , -1.39849e+06 , -1.50743e+06
-840866 , -1.29337e+06 , -661831
992720 , -51957.8 , 488909
-11883.4 , 862736 , 1.09117e+06
640880 , 94711.6 , -427115
1.11431e+06 , 1.7031e+06 , -856236
553142 , 1.58107e+06 , 1.05961e+06
310952 , -723639 , 942432
314821 , -1.49621e+06 , -508387
-361027 , 919262 , 850444
-584463 , -502300 , 229866
-312587 , 31645.2 , 572940
478835 , -2.34116e+06 , 420568
1.32781e+06 , 975653 , -1.40914e+06
-166135 , -1.55296e+06 , 205817
-297630 , -425432 , -979920
1.41333e+06 , 493489 , -681531
626163 , 736695 , -1.22834e+06
1.28052e+06 , 684089 , 238353
16152.1 , 649471 , 233812
705399 , 171034 , 1.25129e+06
-1.69509e+06 , -814901 , -71398.6
-791783 , 973695 , -416574
-330539 , -965463 , -453125
266952 , -334217 , 352944
474692 , -377007 , 1.22546e+06
-10286.1 , -200787 , -655372
207938 , -16209.8 , -1.24393e+06
-440054 , 1.40554e+06 , 742135
-1.1699e+06 , -379587 , -648569
196573 , 1.58528e+06 , 1.0889e+06
-66702.7 , -301716 , 738691
-1.43691e+06 , 782988 , -1.04141e+06
1.10388e+06 , -10554.3 , 491890
-384545 , -1.66457e+06 , -1.15218e+06
-1.27065e+06 , -1.05122e+06 , 1.57819e+06
-1.7278e+06 , 205933 , -968770
918489 , 202115 , 1.70267e+06
802999 , -767629 , -1.00827e+06
-557825 , -1.38719e+06 , -94434.9
67601.8 , 1.55863e+06 , -357248
-194205 , 1.0339e+06 , 940604
-728313 , -507677 , -81156.7
747630 , 1.892e+06 , -645927
-851532 , 1.50904e+06 , 113644
211716 , 624979 , -1.87409e+06
1.15225e+06 , -473404 , 625593
203971 , 555504 , -577155
-1.32275e+06 , 1.008e+06 , 596810
895468 , 329482 , 1.14545e+06
-303563 , 298330 , 1.42862e+06
327220 , 884436 , -1.93609e+06
-1.35554e+06 , -896743 , -582771
-979178 , -409159 , 401856
977610 , 639711 , 557386
-1.13734e+06 , 808722 , -290143
-1.35676e+06 , -1.13957e+06 , 699696
-813798 , -472008 , 1.24246e+06
-164073 , -2.05804e+06 , 623110
1.57015e+06 , 966053 , -59707.9
-1.40989e+06 , -151921 , -109239
-247285 , -1.15721e+06 , 262808
-830425 , -1.15199e+06 , 494909
413165 , 726451 , -352529
-288091 , -763635 , 1.07124e+06
51463.4 , -710043 , -1.69844e+06
-1.39496e+06 , 135747 , -761933
333488 , -976151 , 63028.6
741383 , 774487 , 427565
306781 , 630629 , 571319
369406 , -1.17956e+06 , -552011
-1.03429e+06 , -192051 , 1.2451e+06
-2.26078e+06 , 373305 , -109608
1.02962e+06 , 1.04446e+06 , -1.58585e+06
-271317 , 861115 , 488745
-447921 , -591202 , 2.14371e+06
1.18489e+06 , 209050 , 674853
129264 , 9887.39 , -1.19915e+06
-73711 , -1.5251e+06 , 258842
1.68005e+06 , 761626 , -408775
1.17691e+06 , -491242 , -736235
881410 , -975676 , 301548
-140925 , 717713 , -1.3993e+06
-614207 , -251542 , 1.52565e+06
-332861 , -704209 , -1.68173e+06
1.00555e+06 , 1.35277e+06 , 444232
-207143 , -126989 , 5151.14
281412 , 1.23271e+06 , -1.71567e+06
-1.16554e+06 , 131371 , -649035
-1.88906e+06 , 303256 , -736682
260693 , -1.14216e+06 , 412105
334016 , 1.17057e+06 , -88617.7
-117618 , -1.18895e+06 , -984649
-132153 , -1.26663e+06 , 469886
565591 , 1.41957e+06 , -1.14593e+06
-1.21065e+06 , -1.35557e+06 , -702543
406530 , -861776 , -884539
-382606 , -1.98559e+06 , 663779
-1.04319e+06 , -1.74352e+06 , 860720
-566088 , -271814 , -1.72303e+06
455454 , 1.47743e+06 , -195100
413298 , 1.09702e+06 , 568474
45031.9 , -1.69146e+06 , -693662
-1.5579e+06 , -513379 , 866917
-190163 , 1.18064e+06 , -1.31928e+06
303549 , -1.12335e+06 , 1.55109e+06
-946027 , -243112 , 1.33599e+06
-428319 , -738187 , -455090
-1.23289e+06 , -532394 , -713924
834842 , 45241.5 , -1.15889e+06
-279336 , -940765 , -230599
-171483 , 1.83897e+06 , 1.37214e+06
702796 , 199745 , 526442
-552591 , 981106 , -265686
1.04192e+06 , -234536 , -1.81598e+06
922978 , 113423 , 75036.6
130018 , 953490 , -552755
1.86364e+06 , 60722.7 , 996719
-151980 , -82870.7 , -510522
-1.05593e+06 , -521523 , 213150
1.01763e+06 , -635743 , -1.80663e+06
1.5195e+06 , -293248 , -1.20627e+06
-414392 , 508476 , -846684
1.32486e+06 , 1.46127e+06 , 1.10039e+06
1.08902e+06 , 1.16235e+06 , -1.25411e+06
-1.5602e+06 , -41448.7 , 601244
-171192 , 1.13464e+06 , 156016
-1.9017e+06 , 186728 , 569461
369840 , -111996 , 1.70976e+06
-1.19385e+06 , 178781 , -697960
-475769 , -821495 , -1.04403e+06
1.32457e+06 , 342188 , 428227
1.04229e+06 , -998181 , 1.1063e+06
625748 , 142944 , 1.74859e+06
2.01151e+06 , -229600 , -663808
-1.0916e+06 , 244268 , 497082
808031 , -648660 , 1.47855e+06
9185.74 , 1.4454e+06 , -1.24844e+06
-1.05281e+06 , -1.1249e+06 , -1.53501e+06
497254 , 278646 , 935241
977995 , 1.16445e+06 , 546509
1.29268e+06 , 457703 , -473813
-545526 , -842243 , 601779
-137836 , 1.22676e+06 , -757624
685786 , 1.76891e+06 , -234480
-785977 , 203353 , -933981
-152784 , 605958 , 1.92979e+06
-788379 , -687739 , -1.21421e+06
723674 , -2.12465e+06 , 497731
-355881 , -1.67018e+06 , -1.2748e+06
2.08082e+06 , -448255 , -423734
539053 , -1.67131e+06 , 291721
336696 , 498268 , -920641
726194 , -194252 , -350420
198208 , -132014 , 599989
1.00235e+06 , 578002 , -408403
-920843 , 1.0899e+06 , -295764
-1.92158e+06 , -445852 , 41625.4
-958485 , 786376 , -48639.7
946361 , 151533 , -685277
1.59398e+06 , -1.07121e+06 , -99284.4
-1.3334e+06 , -145071 , 1.35835e+06
700424 , 547839 , 1.39355e+06
505370 , -395301 , -898132
-775367 , 214387 , -366975
967113 , -912708 , 382707
365533 , 320958 , 420709
570100 , -704253 , -866700
280160 , -460107 , 1.32821e+06
1.74984e+06 , 578020 , -1.43576e+06
-1.12874e+06 , 657.008 , 94683.8
603554 , 31203.5 , -54845.9
101903 , -298770 , -2.23972e+06
-498591 , 793403 , -1.58846e+06
-971474 , -215810 , 1.10573e+06
898492 , 655112 , -1.58934e+06
369352 , 151593 , -970377
-364795 , 370685 , 1.23797e+06
148183 , 1.97625e+06 , 1.30067e+06
603103 , -743340 , -466675
700811 , 92262.7 , 50849.7
667607 , 55543.2 , -366027
-1.35284e+06 , 80374.4 , 227160
-1.43828e+06 , -601669 , 100739
-642332 , 262423 , 514006
1.31693e+06 , -19659.8 , -854592
-1.65455e+06 , -1.65669e+06 , -613496
1.03941e+06 , 490753 , -323768
943400 , -29804.2 , 344580
-773563 , -987388 , -1.68294e+06
-1.1724e+06 , -815455 , 597439
145058 , 558456 , -1.24169e+06
-1.59421e+06 , 573820 , -307879
-255093 , -1.97015e+06 , 144640
-861613 , -916423 , -785312
610480 , -175746 , 413156
1.6517e+06 , 923806 , -427191
1.04005e+06 , 1.19932e+06 , 131697
-337760 , -102412 , -882445
2.0502e+06 , 343687 , -327313
-72202.8 , -564206 , 495233
-761116 , -27596.9 , -964877
187250 , 1.07499e+06 , 825041
-1.08811e+06 , -300886 , 1.41444e+06
1.14344e+06 , -455749 , 477009
-1.17809e+06 , -726628 , 152045
-230291 , -1.08929e+06 , 519537
-755194 , 1.17651e+06 , -66931.3
724223 , -697134 , -178743
107496 , -1.3768e+06 , 409312
1.38881e+06 , 267660 , 1.44796e+06
181579 , 232620 , 1.13813e+06
877057 , -1.87979e+06 , 472183
576192 , -1.38609e+06 , -1.55906e+06
1.04297e+06 , 543262 , 638349
-637865 , 1.24567e+06 , 863804
1.13592e+06 , -1.02246e+06 , 118226
883296 , -643641 , 682787
-697647 , -685351 , 754826
-1.05819e+06 , 442984 , 10684.2
855717 , -921028 , -644138
-550444 , 386712 , 1.38425e+06
604863 , -126079 , 555865
-1.48283e+06 , 248153 , -375050
1.15676e+06 , 478278 , -185259
-1.05794e+06 , 1.07232e+06 , 277289
-2.23429e+06 , -1.33379e+06 , -508450
703546 , -1.51436e+06 , -1.11299e+06
-1.59497e+06 , -1.32345e+06 , 449644
381547 , 710925 , 82607.4
-459699 , -1.17741e+06 , 251402
1.09605e+06 , 1.38495e+06 , -1.38639e+06
317333 , 953284 , 1.86782e+06
-928515 , 825002 , -982323
-1.32415e+06 , -1.0042e+06 , -18320.7
-1.48576e+06 , -1.13136e+06 , -552775
28358.8 , 1.39361e+06 , -143535
827722 , -5546.87 , 478747
-1.31993e+06 , -4535.2 , 1.44422e+06
-1.50804e+06 , -803509 , 772764
-1.15572e+06 , -852162 , -1.42449e+06
361002 , 290486 , -1.28829e+06
997839 , 443200 , 1.30569e+06
1.76661e+06 , 18627.9 , 125623
1.56461e+06 , -1.12892e+06 , -67227.5
-1.73995e+06 , 924083 , 505037
-1.20946e+06 , 286737 , 702005
-463873 , 530495 , 1.72789e+06
-470403 , 174361 , 62321.9
-172650 , -445475 , 1.84974e+06
1.40978e+06 , -975013 , -840623
352452 , -766685 , -7018.33
1.25535e+06 , -1.28178e+06 , 876362
-1.24222e+06 , 504855 , 730422
-1.827e+06 , -227110 , -525684
318956 , 121067 , 1.05053e+06
-103166 , 500585 , -1.56365e+06
-1.24199e+06 , 341633 , -756051
374010 , 350651 , -117186
-220846 , 246330 , -810472
-1024.55 , -1.55883e+06 , 644813
-98357.5 , 980268 , 387956
-278488 , 654299 , -758996
730665 , -1.00909e+06 , 982951
-572336 , 173598 , -977182
-898292 , 27939.3 , 45312.1
488955 , -1.20756e+06 , 610867
866375 , -1.93674e+06 , 1.2116e+06
-743947 , 1.04745e+06 , 127335
-1.1794e+06 , -1.27809e+06 , 110109
-727560 , -1.52851e+06 , 1.12097e+06
-275829 , -2.03997e+06 , 364179
-179177 , 710481 , -396410
1.36026e+06 , 781512 , 1.11085e+06
-1.21242e+06 , 497998 , 1.44068e+06
1.10147e+06 , -302164 , 872774
285338 , 406862 , 1.59445e+06
605536 , -539333 , 1.04779e+06
602518 , 1.80487e+06 , -218650
-958473 , -553555 , -1.07744e+06
804033 , -23533 , 205943
420533 , -61920 , -36647.9
1.3423e+06 , 786763 , -466597
-1.86243e+06 , 494519 , -1.10624e+06
231426 , 897052 , -628417
-191887 , 732435 , -201845
-317150 , 1.01477e+06 , -656756
-1.35871e+06 , 423622 , 219974
1.12037e+06 , -1.02512e+06 , -533486
-1.31918e+06 , -875983 , -631155
34683.9 , -1.5567e+06 , 806335
840852 , -87738.1 , -217854
-911637 , -553208 , 613821
-521818 , 835823 , 702001
-1.18081e+06 , -887319 , 1.29949e+06
-269450 , 2.65313e+06 , -17421.4
1.16563e+06 , -58221.8 , 553879
286712 , -860751 , -718377
-1.48804e+06 , 179527 , -1.07355e+06
-776698 , 45524.1 , 103557
214671 , -723756 , 766833
-664408 , -1.12067e+06 , -1.02364e+06
-1.16245e+06 , -1.03144e+06 , -1.05432e+06
1.47169e+06 , 808657 , 561823
935370 , 997513 , -83422.7
-643003 , -321190 , 1.00607e+06
162804 , -1.10892e+06 , -381052
-9677.08 , 605710 , 2.55162e+06
405532 , 522317 , -232909
1.044e+06 , 219139 , 60640.5
-20460.9 , 2.19375e+06 , -854894
478651 , -99624.4 , -60642
169852 , -1.06637e+06 , 2.08859e+06
357337 , 708050 , -109362
1.75458e+06 , -17775.6 , 213561
-1.43199e+06 , -27695.2 , 263993
-977034 , -780405 , -329255
1.24299e+06 , -43127 , 1.39386e+06
268614 , 585972 , -1.50118e+06
125535 , 1.31356e+06 , -1.04159e+06
-239037 , -327269 , 598213
25554 , 295367 , 801911
-638009 , -1.18065e+06 , -383354
895909 , -990635 , -925114
1.16142e+06 , -635864 , 1.31185e+06
632267 , -337115 , 1.40197e+06
-1.58167e+06 , 243539 , -544879
-1.29024e+06 , -295957 , 619679
-448196 , 783046 , 1.16297e+06
-172553 , -345019 , -1.37521e+06
-1.52247e+06 , -707984 , 47812.5
138575 , 1.28451e+06 , -749294
-1.60598e+06 , 1.34921e+06 , 136677
1.59118e+06 , 746737 , 36231.2
108459 , 1.49867e+06 , 53740.8
600686 , 589609 , 979445
-26049 , 1.5207e+06 , -417186
-530390 , -684634 , -677870
887665 , 777864 , -120573
1.4737e+06 , 524578 , 134918
-1.07399e+06 , -1.17622e+06 , -1.26669e+06
-144871 , -142056 , 1.52346e+06
-381743 , -742776 , -595224
-419173 , -896446 , 1.92581e+06
-1.71967e+06 , 700981 , -583588
1.62955e+06 , 493420 , 581719
-77530.4 , 656864 , 1.05487e+06
950365 , -689730 , -286882
927185 , 698029 , 1.36003e+06
340666 , 1.4002e+06 , 1.19349e+06
-99948.5 , -781962 , -274007
50855.7 , 628858 , 1.23992e+06
-1.47352e+06 , -426839 , 760346
-1.1201e+06 , 1.23601e+06 , -892306
1.19578e+06 , 847835 , 518959
-81136.2 , -1.97258e+06 , -86317.1
-663336 , 528925 , 656426
691922 , -887103 , -1.39733e+06
-1.01844e+06 , -129202 , -942525
125040 , 1.15674e+06 , -1.93331e+06
1.52989e+06 , 18615.8 , -221907
315202 , -1.08842e+06 , -1.32617e+06
-51605.1 , -7250.93 , 1.77297e+06
1.00233e+06 , 1.70738e+06 , 757026
-1.84312e+06 , 1.13471e+06 , -340007
-827690 , 330883 , 420802
-1.01499e+06 , -737587 , 80748.8
-1.54878e+06 , -174659 , 1.39544e+06
-375710 , 874618 , -1273.56
-1.09726e+06 , -1.11206e+06 , -357514
492262 , -62011.5 , -346879
-129900 , -807320 , -91978.5
-983752 , 1.17373e+06 , 435612
704091 , -164472 , -336815
-1.24788e+06 , -1.07784e+06 , -307424
1.7134e+06 , 10729.8 , -699773
-1.58225e+06 , 164161 , 247903
-575656 , 1.06257e+06 , 808639
879180 , 906876 , 468171
24537.4 , 1.23699e+06 , -257590
-870719 , 832780 , 191089
-860351 , -835083 , -133287
1.82455e+06 , -888347 , -53322.3
73214.5 , -484440 , -1.69023e+06
-56077.4 , 828013 , 21669.9
189223 , -686796 , -283993
-748230 , 360659 , -1.07786e+06
-323300 , -1.13032e+06 , -1.30995e+06
-153882 , -699476 , 942782
-312300 , 925782 , 314053
-15493.1 , 1.36041e+06 , 853508
220859 , -1.009e+06 , 1.63779e+06
-1.22726e+06 , -1.18992e+06 , 153982
1.94555e+06 , 1.34127e+06 , 587866
824953 , 690789 , -534775
-504993 , 835644 , 750842
581826 , 840403 , 508328
-2.19103e+06 , 915556 , 317308
-68819.9 , 1.62392e+06 , 444541
-367471 , 1.11046e+06 , 1.08838e+06
-21997.4 , -63028.2 , 2.36893e+06
199911 , -607275 , 869062
1.20882e+06 , -514630 , 571975
528721 , 47533.9 , 1.36096e+06
643593 , 68237.5 , -509050
-151352 , -1.32163e+06 , -276364
191702 , -2.03939e+06 , 48789.8
-187949 , 499575 , 473972
-80386.7 , -46110.5 , -1.48999e+06
-299164 , 1.4373e+06 , 518983
601737 , 329408 , 703648
159048 , -821161 , 608042
1.08375e+06 , 347496 , 1.26883e+06
1.0628e+06 , 738697 , -358171
573405 , 680426 , 1.27596e+06
-706088 , 478895 , -523115
747266 , -1.48834e+06 , -551457
-1.28059e+06 , 524158 , 1.04798e+06
-29500.8 , -433735 , -1.27589e+06
1.052e+06 , -180445 , 1.91626e+06
-1.61543e+06 , -892295 , 776482
1.26016e+06 , -391294 , 1.09305e+06
522850 , 595589 , -25078.3
917036 , 482400 , -240703
-453720 , 592020 , 517395
-1.01078e+06 , -625132 , 209592
544884 , 509524 , -811358
-1.02462e+06 , -663894 , -1.5308e+06
858482 , -63973.9 , 413614
-740242 , -590860 , -1.02728e+06
709826 , 618867 , -44233.5
572860 , -16781.5 , -28293.9
336955 , 868980 , -497726
-729848 , -44319.3 , -1.79365e+06
141807 , -988914 , 745162
-235178 , -63494.9 , 1.59815e+06
451659 , -1.34957e+06 , 1.17792e+06
82906.1 , -2.1354e+06 , 1.01032e+06
-782789 , -463069 , -128138
-531564 , 944100 , 1.75508e+06
1.925e+06 , 820469 , 1.10183e+06
323015 , -1.42751e+06 , 1.34722e+06
-243731 , 802550 , 435945
46880.9 , -403045 , -891753
-54297.7 , -1.36373e+06 , 631131
-1.16494e+06 , 1.61921e+06 , 193050
364100 , -217090 , -957171
507320 , 1.66041e+06 , 567577
1.04733e+06 , 402832 , -487085
-1.43607e+06 , -170284 , -381145
461600 , -592421 , 741164
60822.6 , 514626 , -323553
-1.21049e+06 , 512671 , 88569
377125 , 104536 , 543221
494057 , -259688 , 1.08785e+06
-569101 , -284056 , 1.22762e+06
434394 , -936481 , 522041
-21171.3 , -1.62094e+06 , -287363
1.01979e+06 , -507579 , 255033
-252957 , -326296 , -311882
-1.53492e+06 , 403592 , 731892
-1.1948e+06 , 712782 , -709609
600607 , -987295 , 977487
-1.70248e+06 , 92672.8 , -1.18042e+06
-711617 , -301733 , 876807
-977757 , -12907.8 , -1.28081e+06
-61359.7 , 762342 , 304669
406252 , 1.1305e+06 , 898263
1.16966e+06 , 313064 , 961616
63869.2 , 452520 , 292915
-542515 , -590943 , -1.94002e+06
1.14094e+06 , -77781.3 , -1.06661e+06
-642249 , 496509 , -1.74924e+06
-637434 , 649024 , 1.04808e+06
-546013 , -109240 , 286771
102701 , 1.1225e+06 , 212000
1.35135e+06 , -878040 , 1.33346e+06
-901897 , -135087 , 113676
1.05337e+06 , -207663 , 1.37271e+06
-1.73397e+06 , -269519 , 545364
359656 , -673014 , -716960
1.31228e+06 , 201031 , -685571
194624 , -1.0133e+06 , 551494
-1.75992e+06 , -772330 , 592072
-1.34728e+06 , 222788 , 1.20752e+06
1.41858e+06 , -248288 , -855829
-551632 , -1.58508e+06 , -1.19681e+06
-48928.2 , 282040 , 1.3472e+06
384372 , -1.14343e+06 , 1.05621e+06
-1.59462e+06 , -926783 , 1.97106e+06
-1.45621e+06 , 332869 , 1.1072e+06
-903940 , 287145 , -915854
-404100 , 95870.3 , -348426
-705277 , -1.5548e+06 , 191692
40972.8 , -617808 , 70536.2
-439409 , -556438 , -673708
421606 , 785500 , -1.77382e+06
-1.66365e+06 , -344092 , 316048
622640 , -1.11496e+06 , -344723
1.71051e+06 , -1.47276e+06 , 176899
-56833.9 , 792217 , -1.52985e+06
-183307 , -1.00581e+06 , 1.73493e+06
-272443 , 1.04359e+06 , -199391
-629733 , 563091 , 511851
1.36164e+06 , -1.00566e+06 , 1.01038e+06
824363 , -1.7693e+06 , -1.15415e+06
-652692 , -685101 , -1.36871e+06
-476036 , 176842 , -335098
-391670 , -870904 , -1.48582e+06
956995 , -728425 , 1.09377e+06
-49748.1 , -980690 , 670097
-981877 , 369564 , 933693
2.03381e+06 , -1.18533e+06 , 258840
441234 , -279519 , 988833
-285727 , -549020 , -1.52785e+06
-328765 , -1.17495e+06 , 1.44494e+06
466677 , -1.06703e+06 , 2.14779e+06
294902 , 1.08825e+06 , -768495
-334409 , -661429 , 326531
-170455 , 2.27063e+06 , -358386
454843 , -8961.96 , -1.91371e+06
92323.9 , -1.01363e+06 , 1.12256e+06
595522 , -1.28452e+06 , -1.01396e+06
841051 , -682431 , 612532
1.8622e+06 , 310830 , 319280
-1.52994e+06 , -1.11149e+06 , -89678.5
479569 , 20268 , 700121
58537.9 , -353559 , -31425.7
-1.36565e+06 , 510808 , -610236
-143265 , -568999 , 2.24573e+06
680683 , -1.16954e+06 , -1.49831e+06
-189060 , 1.12686e+06 , -177654
-326423 , -1.28804e+06 , -136294
876568 , -607554 , -1.3738e+06
-39441.1 , 2.04085e+06 , 389800
-1.53136e+06 , 620004 , 618205
92399.3 , -1.21462e+06 , -878033
-2.00519e+06 , -449534 , 650081
-1.92705e+06 , -1.11324e+06 , 840561
1.25735e+06 , -276565 , 1.40943e+06
1.01458e+06 , 702375 , 534034
571318 , -762788 , 940367
-718112 , 1.12594e+06 , -109502
-117825 , -1.67396e+06 , -1.18961e+06
-1.36449e+06 , -236694 , -590874
-808266 , -308444 , -212461
-1.21307e+06 , 423091 , 257210
1.92284e+06 , 158719 , -906107
-818406 , 958299 , -495594
-366603 , 473267 , -668639
390040 , -239012 , -1.13355e+06
-1.31421e+06 , 1.37345e+06 , -166571
424011 , 1.7268e+06 , -526599
780879 , -162778 , -337833
1.26461e+06 , 1.2203e+06 , 332878
-4271.42 , 553233 , -662976
-579011 , 879642 , -739153
-1.03803e+06 , 636375 , -540626
-1.00598e+06 , 1.0172e+06 , 1.26396e+06
1.18615e+06 , 1.46351e+06 , -180961
-1.43226e+06 , 207697 , -569265
-55805.5 , 175201 , 509710
33572.7 , -149403 , 956618
-931952 , 176705 , 741518
295699 , 402121 , 182611
753947 , 74217.4 , 212910
1.25265e+06 , -995809 , -535261
-215237 , -631057 , 915590
447389 , 267060 , 825611
-707040 , -704451 , 635842
83552.7 , 1.15318e+06 , -1.18083e+06
-993593 , -73037.1 , 395423
-758036 , -1.37733e+06 , 141014
1.75849e+06 , 260446 , 432948
-1.25925e+06 , -591313 , 1.44865e+06
393181 , -548765 , -1.08624e+06
557126 , 1.62061e+06 , 1.01073e+06
-4825.89 , 187798 , 12127.6
139800 , -1.45488e+06 , -447047
551810 , -59824.4 , -252619
469584 , -936793 , -1.85188e+06
384130 , 1.76794e+06 , -288293
-1.03968e+06 , -619605 , -1.2167e+06
-315758 , -670045 , -861031
951941 , 946804 , 340844
450068 , 583130 , 1.47069e+06
1.37389e+06 , -630616 , 289636
1.85366e+06 , -846505 , -202527
617797 , -1.50815e+06 , -407482
823484 , -1.47601e+06 , -724982
-1.28296e+06 , 296966 , 227332
312923 , 530736 , -972199
-1.24515e+06 , 1.002e+06 , -293630
113846 , 417854 , -844861
879857 , 837232 , 15611.4
1.59774e+06 , 167877 , 726617
296361 , -147619 , 156051
69866.8 , -1.19947e+06 , 1.35946e+06
711065 , 1.17189e+06 , 1.45199e+06
-175969 , 789504 , 655101
-903296 , 1.36041e+06 , 1.66533e+06
153622 , -1.43947e+06 , 337954
-643824 , 481884 , 201230
1.54907e+06 , 1.79741e+06 , 103919
-132398 , 2.48844e+06 , -239568
473852 , -628057 , 1.67604e+06
-1.24733e+06 , 421508 , 959021
1.22607e+06 , 1.04981e+06 , -131286
-1.06405e+06 , 872020 , -1.11796e+06
-1.70413e+06 , -166969 , -881853
243439 , 520291 , 985377
868960 , 1.02513e+06 , -147986
-1.3788e+06 , -733248 , 146312
197025 , 733139 , 169172
145595 , 245245 , -1.09922e+06
-653343 , -547755 , 1.10338e+06
-175133 , -209969 , -995377
781499 , 235700 , 549650
23076.3 , -378370 , 1.58926e+06
-44275 , 549526 , -625829
-364441 , 800873 , -862672
-963753 , -509049 , 1.71354e+06
826785 , 448336 , 529071
1.44452e+06 , -87984.4 , 593982
-501419 , -1.37118e+06 , 1.12093e+06
-1.60057e+06 , 335078 , 170709
290410 , -895551 , 1.10333e+06
839849 , -969542 , 654307
-615085 , 682513 , 488509
-645162 , 307563 , 246931
138370 , 865910 , 2.01984e+06
-324663 , -249329 , -593058
640484 , -462322 , 701654
434321 , -423632 , -801650
-665923 , 1.00332e+06 , -1.61892e+06
244248 , -1.20158e+06 , -195295
-69529.2 , -1.46268e+06 , -310534
-1.75292e+06 , 127585 , 60346
-636291 , -776744 , 317794
-255055 , -3209.63 , 372290
-550731 , 191886 , -314740
550963 , 646189 , -1.67634e+06
-333830 , -7367.41 , -193550
-1.23044e+06 , 1.37836e+06 , -271145
1.5132e+06 , 340242 , -480736
837163 , -2.0694e+06 , -24185.7
-258826 , 1.81662e+06 , -331929
318109 , -238112 , -808780
-854969 , 108855 , -175022
112068 , 840523 , -1.60872e+06
-235450 , -28436.5 , -988580
1.03056e+06 , -1.67406e+06 , 915653
-365366 , 1.04766e+06 , -24768.7
410024 , -1.0382e+06 , 88607.7
86205.1 , 920138 , -371469
-1.44137e+06 , 842715 , -179176
970118 , 808894 , -435137
-1.30648e+06 , 1.42083e+06 , -699144
786598 , -323423 , 1.69839e+06
-1.64291e+06 , 801906 , 29132.8
1.65068e+06 , -579562 , -854450
-622623 , -321910 , -1.06542e+06
683403 , -5832.57 , 1.78702e+06
-945894 , -1.4583e+06 , 813017
599592 , -102008 , 406192
-694646 , -538339 , -202761
217357 , -2.24639e+06 , 196378
53637.2 , -1.67284e+06 , -379088
-1.49911e+06 , 148520 , 108566
721423 , 6137.09 , 1.2554e+06
958619 , 757574 , 485541
-281617 , 111315 , 773980
-913375 , 1.49219e+06 , -12402.3
-693579 , -1.15202e+06 , -1.12912e+06
302981 , -121240 , -751005
-1.41356e+06 , -964471 , 109632
-1.28337e+06 , -64915.3 , 761263
-1.38358e+06 , 677064 , -62318.2
-601716 , -726866 , -377249
581242 , 294485 , -2.16138e+06
466979 , -538560 , 487829
1.30103e+06 , -1.25909e+06 , 162068
1.36214e+06 , 119203 , -91995
1.60389e+06 , 918868 , -1.06524e+06
-172130 , 408270 , -892068
354943 , 668848 , -959729
-942103 , 277707 , 303699
-518636 , -1.08981e+06 , -765697
-246786 , -909946 , 1.23475e+06
42921.9 , -1.12484e+06 , -1.84716e+06
883877 , -1.28013e+06 , 969437
1.05563e+06 , -1.00995e+06 , 276655
-14675.4 , 393908 , 1.24743e+06
1.15388e+06 , 561571 , 172030
-1.13275e+06 , -360679 , -974373
966339 , -45317.8 , -721199
439743 , -709782 , 560980
-38213.3 , 495642 , 816183
75174.6 , -275731 , 690927
790141 , -987716 , -864181
-586441 , 665995 , -1.34543e+06
176602 , -1.04116e+06 , -637785
13302.1 , 1.70797e+06 , 237803
-469309 , 327933 , -459777
1.79003e+06 , 245109 , 1.26681e+06
-158680 , 492994 , 77931.1
668230 , -149360 , -212933
-1.66246e+06 , -438083 , 1.53606e+06
-462939 , -1.13761e+06 , -266417
865732 , -2170.96 , 2.14416e+06
1.10777e+06 , -264230 , 928331
693346 , -533949 , -1.19677e+06
-300922 , -1.94958e+06 , 331319
173590 , 43029.4 , 43374.5
1.14157e+06 , -74926.3 , -439662
651804 , 1.20009e+06 , -150527
-1.41811e+06 , 1.27319e+06 , 874580
-407353 , -470552 , -450571
344522 , 1.31336e+06 , 541528
414401 , 272378 , 661839
425593 , 979156 , 408862
892588 , -1.29413e+06 , -425942
-553241 , -312245 , -522525
22824.6 , 745591 , 1.41447e+06
80931.8 , -1.98304e+06 , -351270
-1.26282e+06 , 98647.2 , 376422
-849206 , -774083 , 153463
1.25906e+06 , 1.16758e+06 , -751373
-876785 , -403218 , 811491
-910112 , -556182 , 63833.9
444097 , -1.37512e+06 , 1.12785e+06
578242 , 131848 , -1.23462e+06
54654.5 , -403869 , -702836
-871769 , 468758 , 2.06249e+06
1.86606e+06 , -892593 , 827973
-1.02912e+06 , 484462 , 455700
1.19991e+06 , -1.00965e+06 , -1.33571e+06
930656 , 93441.1 , -346169
-204490 , 761496 , 805457
-126385 , 205947 , 291856
50659 , 333477 , 1.40073e+06
-884635 , 1.35999e+06 , -107395
-214550 , -286807 , 1.13741e+06
88905.1 , -1.24829e+06 , -1.41153e+06
-409354 , -311249 , 836561
-277517 , -984926 , 362679
165901 , 420055 , -1.72256e+06
-704543 , 423381 , 1.57608e+06
280822 , -321266 , 958131
-294351 , 489392 , 1.0935e+06
-929978 , -686521 , -375355
551042 , 704427 , -751927
-34898.1 , 958134 , 666653
-613483 , -1.45347e+06 , -1.58163e+06
-967826 , 915232 , 1.88495e+06
446929 , 119574 , -1.42501e+06
657199 , -780911 , 395855
-435680 , -867417 , -262836
570595 , 292574 , 628042
1.29343e+06 , 460098 , 435533
-109328 , 713638 , 1.51425e+06
-1.11176e+06 , -1.00826e+06 , 579782
-712295 , -1.3416e+06 , 303011
-1.17864e+06 , 93925 , -516071
-761341 , -461921 , 1.74612e+06
-155801 , -519889 , -195980
157911 , -781574 , 1.45141e+06
-9799.42 , 1.0796e+06 , -1.22931e+06
1.09333e+06 , 1.52815e+06 , 178786
138093 , 109655 , 1.47615e+06
-470250 , 241764 , 1.0565e+06
-1.72819e+06 , 1.07001e+06 , -553290
144019 , 1.73222e+06 , -820146
617476 , 1.2427e+06 , 1.47385e+06
-975587 , -1.72213e+06 , -1.05092e+06
502227 , 612384 , 2.03149e+06
804811 , 1.17412e+06 , 627427
494735 , -856836 , -1.45999e+06
1.66172e+06 , -1.19922e+06 , 1.33994e+06
-419269 , -971996 , -1.17083e+06
-541274 , 1.80687e+06 , 246135
30479.1 , -1.35507e+06 , 984858
172261 , -587134 , -389677
-125988 , -402558 , 355242
308957 , -185188 , 448343
797801 , 353015 , 662866
-180560 , -1.36611e+06 , -339949
520103 , -1.85508e+06 , -289117
290092 , -1.51011e+06 , -1.13021e+06
1.62809e+06 , 520590 , -460469
281749 , 439585 , 356633
-921829 , 1.08687e+06 , 1.49859e+06
926292 , 1.35378e+06 , 321950
-302322 , 739177 , 594717
894389 , -396390 , -915618
556386 , -251456 , 721903
696987 , -308867 , -201575
-1.06767e+06 , 975757 , 253578
249285 , 1.74014e+06 , 1.61905e+06
-1.30775e+06 , 560488 , 485086
412379 , -820406 , 1.53183e+06
-1.1151e+06 , -823730 , -334985
399088 , 316011 , 1.02844e+06
514231 , -767716 , -1.09023e+06
-366647 , 808159 , 981497
-855922 , 435793 , -995882
1.46094e+06 , 252321 , 1.0852e+06
-151981 , -135118 , 7925.02
-505641 , 1.18476e+06 , 1.62937e+06
-119668 , 1.15796e+06 , 996780
1.71755e+06 , 759540 , 1.05914e+06
613288 , 623545 , -573735
868067 , 1.16059e+06 , 595305
-117798 , 750815 , 1.50115e+06
-1.98104e+06 , 650788 , 401148
123850 , -556720 , 1.03968e+06
688800 , -404332 , -493262
-485657 , -350090 , -317973
490832 , 207618 , 1.76161e+06
772674 , -1.31774e+06 , 1.29499e+06
-1.51382e+06 , -1.42495e+06 , 630298
321912 , -1.29191e+06 , -1.18935e+06
401629 , 1.32496e+06 , -1.23212e+06
1.00714e+06 , 592506 , 23461.2
999640 , -487050 , 714775
-517708 , -1.30553e+06 , 851996
-392749 , 732815 , -115072
203061 , 556283 , -613501
1.58724e+06 , 412581 , 1.38862e+06
1.13373e+06 , -320130 , -769500
-300190 , 574313 , -70094.1
-62349.3 , -420580 , -1.24623e+06
44071.2 , 1.53185e+06 , -266740
-66226.7 , 655556 , -1.47967e+06
-359291 , -923530 , 1.17368e+06
-194359 , -256107 , -315792
-1.82511e+06 , -454038 , -42808.5
743274 , -872430 , 1.77002e+06
216055 , -927048 , -1.16688e+06
-704900 , -262878 , 1.65018e+06
-234803 , 330977 , -688393
692458 , -289178 , -965661
65007.3 , 203365 , 1.48807e+06
-1.235e+06 , 1.30612e+06 , -205699
509643 , 477615 , 445319
-1.73161e+06 , -292529 , 989961
-161916 , 611573 , 807031
-461075 , -985868 , 87997.2
1.43173e+06 , 604928 , 419026
154126 , -226286 , -1.48418e+06
-877686 , 171848 , 656269
-1.1449e+06 , -298877 , -477394
-1.77985e+06 , -391392 , -205158
-990740 , 667560 , 536687
672863 , -84155.9 , 537378
748386 , -1.40567e+06 , 371494
-879133 , -206853 , -226247
1.69829e+06 , -801583 , 909977
945061 , 609147 , -823301
-698939 , 1.19369e+06 , 1.07478e+06
-1.19737e+06 , 903589 , 1.16562e+06
-1.33188e+06 , -1.4729e+06 , 1.14766e+06
-286881 , 51125.3 , -1.37807e+06
238533 , 1.56184e+06 , -495132
1.17197e+06 , 305662 , 1.03018e+06
731445 , -153043 , -296244
1.29434e+06 , 1.84037e+06 , -514.828
-533366 , -508797 , 1.55243e+06
-930619 , 167094 , 1.25054e+06
-3021.05 , -1.27585e+06 , -1.41757e+06
-537987 , 583459 , 1.39381e+06
-93825.1 , 5130.11 , 1.21211e+06
-318053 , -499643 , -1.35156e+06
1.57155e+06 , -1.40271e+06 , -28617.2
-1.24685e+06 , -580352 , -101452
65930.8 , -613301 , -1.49534e+06
659640 , -1.15798e+06 , 38712.9
-1.10927e+06 , -542463 , -798134
-294971 , -112211 , -1.65472e+06
1.73978e+06 , 5629.79 , 147901
1.01043e+06 , -769591 , 641871
-368149 , -690417 , 807839
558321 , -466331 , 311036
-655315 , -463022 , 742967
-642654 , -246061 , 1.52092e+06
-555849 , -630923 , -1.00465e+06
405972 , -701847 , 1.27281e+06
-66469.6 , 317664 , -1.1811e+06
-880043 , -330428 , 2.20966e+06
943796 , 87510.1 , -649496
-1.02576e+06 , 527870 , 874363
-745438 , -922625 , 888981
-832673 , 516601 , -1.06135e+06
574189 , -1.60109e+06 , 64403.3
356398 , -684478 , 121684
739567 , -740914 , -6584.76
-127088 , -676039 , -482748
1.01203e+06 , 759401 , 928070
-385861 , 1.49337e+06 , -17679.2
985582 , 299001 , 1.31136e+06
-56295.8 , 1.08689e+06 , 226608
441379 , -439654 , -1.40376e+06
135330 , 86518.9 , 800141
-235208 , -59434.7 , -381731
-769365 , -916058 , 807220
-1.34724e+06 , 1.62334e+06 , 1.25263e+06
902544 , -598069 , -564667
-676649 , 432098 , -122991
1.09241e+06 , -762796 , 29234.6
-1.04083e+06 , -451924 , 1.01659e+06
1.9683e+06 , -1.44891e+06 , 1.05486e+06
-714241 , -1.45282e+06 , -225410
381192 , -977227 , 452472
-589804 , 58777 , -224575
955619 , -807627 , -986835
-295787 , -1.29924e+06 , -378846
-1.25699e+06 , 919399 , 902471
642744 , 1.50431e+06 , -199561
719780 , 364674 , -467018
-896839 , -34902.5 , 731005
-994417 , -39355.6 , -888360
-1.15798e+06 , 59259.8 , 375291
-365337 , -1.21083e+06 , -512434
-918686 , 827884 , -108044
-218669 , 756347 , 1.29335e+06
-1.30302e+06 , -864585 , -428027
491269 , 64918.7 , 1.01899e+06
563735 , -1.54925e+06 , -1.20654e+06
-340444 , -713966 , 1.2855e+06
60945.8 , 1.21087e+06 , 29160
1.13338e+06 , -939487 , -589088
619441 , -1.52334e+06 , 1.66846e+06
501415 , 1.56461e+06 , 514447
486462 , 364657 , 1.5886e+06
-182827 , 707949 , 1.58991e+06
263922 , -531408 , -649851
457975 , 950491 , 587568
565730 , -1.01672e+06 , -338108
195833 , 211175 , 888603
-1.50172e+06 , -791859 , 227329
254962 , -1.02403e+06 , 1.47804e+06
924293 , -185308 , 382416
500072 , -1.32652e+06 , -1.35946e+06
-23456.6 , -485442 , 445290
15618.7 , -433733 , -79774.9
-417953 , 1.14145e+06 , -1.15275e+06
818724 , 165296 , 1.2395e+06
-482533 , 280905 , -945853
62890.8 , 430855 , 778592
469825 , -1.79964e+06 , -725922
1.35752e+06 , 701165 , 856940
174319 , 1.61225e+06 , -776550
1.42862e+06 , 270281 , -1.25483e+06
928686 , -19929.9 , -1.07069e+06
1.64458e+06 , 116422 , -1.20171e+06
-983488 , -365825 , -695643
1.13424e+06 , -48803.9 , -1.56529e+06
968481 , 55453 , 1.89944e+06
-765085 , 1.78766e+06 , 462956
-181017 , -76675.8 , 369011
1.25455e+06 , -405413 , 1.08234e+06
-563950 , -848095 , 1.32201e+06
1.521e+06 , -443547 , -430137
-748926 , 1.45228e+06 , -536294
-610052 , 1.85135e+06 , 109932
-34118.5 , 1.81993e+06 , 153418
-951972 , 343568 , 111666
635474 , -374234 , 52073.9
-718057 , -769457 , 998823
745540 , -474394 , -1.15622e+06
-951749 , -312675 , -1.09636e+06
1.10023e+06 , 29385.3 , 675257
886874 , -677924 , 359424
1.04838e+06 , 507624 , 96466.4
-1.36782e+06 , 386561 , 170007
-117461 , 1.00309e+06 , 577760
632457 , -720766 , -13287.9
-346334 , 549176 , 658414
-56257.1 , -1.24861e+06 , 90998.6
-740330 , 769203 , -789012
184575 , -421956 , 813743
1.334e+06 , 412363 , -614281
-1.07384e+06 , -1.40921e+06 , 629585
96461.9 , -1.254e+06 , -1.17064e+06
-474739 , 832755 , 218940
47566.3 , 48996 , 684718
-247462 , -444125 , 1.84763e+06
-523191 , -1.15867e+06 , -276424
713206 , -88267.3 , 281489
-2.06082e+06 , -24052.5 , 725687
341582 , -879353 , -1.2333e+06
1.47565e+06 , 51858.3 , 376122
488614 , 596108 , -1.87069e+06
-16733.7 , -1.84352e+06 , 580404
372719 , 651612 , -1.086e+06
-77584.9 , -1.63072e+06 , -362647
1.05941e+06 , 184101 , -4161.1
869948 , -963960 , 1.19865e+06
288126 , -985148 , 772025
-1.04304e+06 , 880556 , 314121
-658812 , 778374 , -713616
1.25919e+06 , 654510 , -741137
687913 , 1.43536e+06 , -65927.4
311795 , -788605 , 987394
-1.15834e+06 , 1.13194e+06 , 231466
1.0291e+06 , -542366 , -603004
506236 , 784984 , 1.74686e+06
-701015 , 266356 , 1.18498e+06
742402 , 242633 , 281628
167121 , -748124 , 710144
994059 , 477348 , 207240
-15445.5 , -840846 , 1.12371e+06
276675 , -1.11901e+06 , -290432
-426325 , -442244 , 1.32357e+06
-1.49311e+06 , -899967 , 300993
885092 , -280988 , -670895
597029 , -1.15935e+06 , -19481.9
-641460 , -352253 , 1.38404e+06
-1.10756e+06 , 497433 , 83277.3
375454 , 1.38831e+06 , 1.0419e+06
1.59062e+06 , -1.70788e+06 , -268499
-969654 , 661589 , -1.31868e+06
-952273 , -581483 , -680518
-84896.5 , -1.22563e+06 , 996791
1.04859e+06 , -237038 , -996903
873989 , 1.5555e+06 , -712944
-783002 , 490710 , -902527
-241449 , -1.15738e+06 , 1.12509e+06
799090 , -1.02274e+06 , 1.98749e+06
263338 , 1.74876e+06 , -216775
602831 , -715899 , 809632
-1.16441e+06 , 574613 , 567248
-378243 , 813244 , -763832
100232 , 515083 , 1.28894e+06
-270099 , -87303.6 , 1.81905e+06
-1.70844e+06 , 445939 , 664373
-887134 , 453415 , 1.79078e+06
30051.7 , 600882 , 814879
-12341.3 , 927383 , -1.30117e+06
453375 , 665150 , -473132
1.10858e+06 , -462760 , 2.01873e+06
-467470 , -746007 , 922920
-413191 , 841831 , -1.65571e+06
-622880 , 785609 , 277763
-744945 , 445281 , 110741
511487 , -247383 , -864109
-615415 , 562020 , 798990
-270485 , -1.05531e+06 , 1.37149e+06
-542739 , 147788 , 1.02878e+06
412804 , 611766 , 1.23809e+06
-930375 , -350182 , -236961
-1.52814e+06 , 1.20439e+06 , 552904
-301623 , -1.71708e+06 , 608392
-934562 , 1.58563e+06 , 691686
-351337 , -1.37092e+06 , 1.42534e+06
-1.1034e+06 , -208891 , 1.54601e+06
-517478 , 2.20008e+06 , -529099
491781 , 561888 , 143438
-1.08904e+06 , -9830.91 , 510935
-21515.9 , -310615 , 1.64871e+06
-732250 , -224640 , 1.04911e+06
1.33562e+06 , -346318 , 156328
-957551 , 1.12731e+06 , -183833
98102.8 , 850494 , -300040
222412 , 714797 , -937652
517683 , -112796 , 541319
2.16284e+06 , -43654 , -373807
-761468 , -1.28571e+06 , 749160
957887 , -815326 , -793983
214599 , -1.17581e+06 , 625563
-774054 , 1.68255e+06 , 313600
313702 , 1.20681e+06 , -1.44826e+06
443004 , -959063 , 456435
-863107 , 1.21735e+06 , -315124
157869 , -334565 , 1.33883e+06
1.36896e+06 , -701230 , 270655
-886578 , -23746.3 , -758831
-1.54606e+06 , -1.25407e+06 , -1.23517e+06
93892.4 , 808258 , 532533
-630257 , -563681 , 154890
775336 , 847299 , -340416
256166 , 231048 , 314799
-1.02773e+06 , 1.02588e+06 , 828766
-344685 , 1.16566e+06 , 151770
1.11411e+06 , -137751 , 105999
1.76892e+06 , 60548.8 , 1.78047e+06
-412543 , 1.27815e+06 , 1.26305e+06
-929052 , -1.25696e+06 , -1.47934e+06
-1.98961e+06 , 827361 , -165465
685984 , 958263 , -1.00448e+06
-308259 , 748787 , -184258
-285492 , 916420 , -398883
1.05518e+06 , 309395 , -461734
960755 , -1.51718e+06 , 24033.2
-1.29989e+06 , 661902 , -274229
115804 , -909923 , -972389
604282 , -1.06285e+06 , 731068
343425 , -1.1122e+06 , 154710
903237 , 171477 , 1.3153e+06
200732 , 79000.3 , -1.57953e+06
1.41685e+06 , -858363 , 1.04845e+06
-1.40162e+06 , 422001 , 490835
365042 , 658815 , 1.4939e+06
-36111.9 , -1.02938e+06 , -619564
-43657.2 , 1.50108e+06 , 1.1451e+06
470554 , -257400 , 755867
-998840 , 882326 , -433787
-17185 , 439456 , 1.62263e+06
611480 , 392584 , -134390
277141 , 498923 , 632105
-840969 , 497348 , -776296
287853 , -557272 , 972026
-1.58635e+06 , 424656 , 152867
-570489 , -1.81971e+06 , 285017
-201033 , -521873 , 368462
492951 , 796507 , -726109
-1.38113e+06 , 152291 , 743409
-1.2853e+06 , -395143 , 860620
-1.457e+06 , 490233 , -843383
273937 , -1.24379e+06 , 1.43364e+06
2.0993e+06 , 200748 , 275182
835223 , -363246 , 1.95531e+06
-131420 , -1.70136e+06 , 464134
1.28682e+06 , 285042 , -476701
-781243 , 132015 , -1.27294e+06
-1.16358e+06 , -2.27528e+06 , -80694.7
-201588 , -1.4285e+06 , -799711
936530 , 395781 , -982263
-365122 , -1.22376e+06 , 1.23157e+06
756692 , 1.49648e+06 , 1.52784e+06
1.60561e+06 , -362416 , -1.00694e+06
-169585 , 1.07795e+06 , 497925
66458.5 , 286993 , -570789
-841605 , -1.13243e+06 , -245250
340833 , 495350 , 917878
-1.05574e+06 , 768309 , -415272
-249372 , 1.28598e+06 , 357327
-471551 , -1.47837e+06 , -285772
-2.13573e+06 , 60730.6 , -285931
-715203 , 668522 , -161369
254079 , -845384 , 1.35964e+06
-696637 , -683884 , 965725
939246 , 389832 , 467481
-1.11523e+06 , -432171 , 13362.9
-208022 , -340599 , 1.48355e+06
643767 , 595306 , -1.53318e+06
-880947 , -1.01592e+06 , -442799
555276 , 153922 , 693703
828851 , 38811 , 628310
-130422 , -1.82971e+06 , 816679
777864 , 1.51815e+06 , 323454
906138 , -487095 , -1.01301e+06
-775390 , 1.26035e+06 , -72594.1
422127 , 610672 , -1.13119e+06
-1.24103e+06 , 203095 , 94175.5
353717 , 898599 , -307058
-720680 , 553401 , 903506
-821479 , -1.71556e+06 , -830602
46145.6 , -1.08666e+06 , 851147
-1.52425e+06 , 571579 , -57937.1
77363.6 , 1.41092e+06 , -22967.5
250737 , -228039 , 1.83841e+06
1.3943e+06 , -258043 , -436252
-100839 , 56704.9 , 654424
19418.5 , 1.25412e+06 , -48621.3
246665 , -891911 , 722929
263734 , 523817 , -631991
1.07805e+06 , -1.11096e+06 , 462130
560570 , -408577 , 926091
248730 , -1.16473e+06 , -399294
380951 , -73489 , -566531
614808 , 483986 , -309826
-496196 , -1.26198e+06 , -388139
-209557 , 838139 , 184108
159510 , -1.62674e+06 , 245290
1.22273e+06 , -552078 , -903776
-198184 , -887505 , 926177
891727 , -364736 , 1.5109e+06
-12595.5 , -289286 , -1.25772e+06
-189047 , 767083 , 1.1583e+06
80417.1 , -938111 , -969546
285911 , 1.34984e+06 , 268382
769082 , 832443 , 1.43757e+06
389980 , -476158 , 1.93509e+06
526036 , 1.42748e+06 , -1.02667e+06
-1.34641e+06 , -409681 , -931406
-503879 , -1.27905e+06 , 1.30113e+06
-285159 , 1.47125e+06 , -900874
-1.21386e+06 , -794047 , -1.05586e+06
1.04613e+06 , -517527 , 1.06125e+06
762436 , -54255.9 , -79142.6
512720 , 429427 , 579624
293387 , 289356 , 798219
-1.07546e+06 , -490166 , -155390
399151 , 776352 , 1.02224e+06
288321 , 214308 , 256536
1.38381e+06 , -920392 , 1.0828e+06
1.2377e+06 , -972500 , -146189
911236 , -1.37848e+06 , -248266
1.52378e+06 , 276435 , -971138
565693 , 922715 , 1.34586e+06
-1.1919e+06 , -951611 , -151236
1.3654e+06 , -913752 , 691762
-1.24015e+06 , -289235 , -268078
-508144 , 1.16218e+06 , -1.97203e+06
-1.19406e+06 , 1.78891e+06 , -1.18865e+06
-1.12569e+06 , -820772 , 189969
266635 , 1.25896e+06 , 1.4279e+06
-1.24414e+06 , 611070 , -51532.2
172841 , -88790.3 , -95926.2
-751877 , 94165.6 , 403194
-409820 , 945184 , -1.17013e+06
862742 , -852184 , 1.11123e+06
-544868 , -1.37324e+06 , -162106
-595256 , 288200 , 901027
-1.42225e+06 , -257771 , 2.10185e+06
-185455 , -676925 , -875665
901329 , 566379 , 1.2368e+06
1.30758e+06 , 868331 , 285050
62998.3 , -647349 , -709054
44936.9 , 244166 , 1.17635e+06
287959 , 1.27057e+06 , -96353.7
-684688 , -789278 , 212702
-725903 , 1.25508e+06 , 1.04623e+06
-361773 , -1.66296e+06 , 497437
818121 , 341472 , -150644
-8732.17 , -25182.4 , 768829
-565606 , -547899 , -209461
693220 , 1.01363e+06 , -1.03554e+06
895795 , -1.34902e+06 , 1.55423e+06
-392726 , -678746 , 1.28825e+06
674216 , 1.03453e+06 , -770944
1.26891e+06 , -243002 , -1.02105e+06
189193 , -358856 , 1.91888e+06
1.22023e+06 , -1.35912e+06 , 1.245e+06
-184754 , 1.30232e+06 , -238371
-248220 , -461775 , -111298
-2.09571e+06 , -448153 , 30655
355104 , -879705 , -757411
35953.9 , -350045 , 852319
-10907.7 , 230928 , -1.97065e+06
549256 , 471543 , 642862
743439 , -602575 , 2.38251e+06
-717600 , 550858 , 740646
252002 , -307679 , 69161
-677545 , -969181 , 1.32639e+06
749170 , -670019 , 571747
85510 , 700760 , -1.80147e+06
2.01158e+06 , 174110 , -666198
-1.49699e+06 , 1.50747e+06 , -15560.7
19716.6 , -1.20506e+06 , 396688
24909.5 , 791805 , -459405
683568 , 239316 , -188999
1.14267e+06 , -330724 , 2.30619e+06
966069 , 278146 , 1.21915e+06
-670640 , -603692 , -896687
-699639 , -804089 , 701382
-412202 , -1.08592e+06 , -862819
1.64169e+06 , -133390 , -423960
-1.35805e+06 , -1.08782e+06 , -268851
331599 , -788464 , 1.18835e+06
1.01423e+06 , -370062 , -962133
951910 , 927252 , 1.51529e+06
893068 , 521600 , -429101
322513 , 47006.2 , -1.37009e+06
-890442 , 70494 , 334883
-295854 , -457344 , -1.38653e+06
-1.94092e+06 , 538481 , -345277
-874070 , -1.08877e+06 , 678589
83995 , -1.32884e+06 , -736265
268433 , 974902 , 121971
1.18414e+06 , 1.08461e+06 , 945141
-333779 , -325057 , 1.38768e+06
642443 , 108625 , 109965
491231 , 625434 , 145143
306501 , 282834 , 604870
-159849 , -887072 , 326469
206515 , -433081 , 1.79238e+06
337223 , -914912 , 414816
571397 , -1.43159e+06 , -125495
440893 , 27458.7 , -2.2162e+06
-434130 , -640810 , -3236.3
-1.5866e+06 , 733152 , 453424
707187 , -1.53743e+06 , 344765
1.21548e+06 , 1.05357e+06 , -222592
-97649.2 , 928420 , -66887.1
487385 , 1.59098e+06 , 630288
-958308 , 1.23229e+06 , 885921
377618 , -384270 , 1.00157e+06
428550 , -440013 , -196757
-360740 , -1.54064e+06 , -277268
-1.4424e+06 , 609809 , -153163
-940386 , 1.44391e+06 , 747679
-115106 , 79497.2 , 400030
-757273 , 845620 , 249421
-1.54096e+06 , -192201 , 592925
-623596 , 533312 , 382680
-426294 , 1.68325e+06 , 363513
-1.18937e+06 , -906766 , 191036
1.53364e+06 , -296601 , 535245
2.50709e+06 , 405796 , 101530
569470 , -648711 , -2.17099e+06
129878 , -925831 , 905707
-496316 , -686767 , -1.48952e+06
-246697 , -419815 , 1.46677e+06
288486 , 1.45156e+06 , 295933
1.65693e+06 , -1.03739e+06 , -1.00309e+06
196724 , 19261.9 , -1.0076e+06
727473 , 90349.2 , -885284
1.40883e+06 , 489628 , 69819.5
-1.04468e+06 , 1.39444e+06 , -359988
931682 , 1.1018e+06 , -353806
805167 , -335446 , 1.00156e+06
-833515 , 714113 , -303720
-2.48378e+06 , -1.52899e+06 , -554526
-930409 , 503514 , -1.28013e+06
-676434 , 225025 , 1816.9
411206 , -877957 , -176801
1.30553e+06 , 483284 , 1.2215e+06
-1.47206e+06 , -158534 , -850288
255298 , -1.46734e+06 , 199460
171950 , -519236 , 1.44631e+06
1.15474e+06 , -739936 , -1.06818e+06
-272073 , 1.30136e+06 , 295221
-289251 , 29159.3 , -1.50433e+06
887271 , 380035 , 289441
392702 , -414249 , 1.62668e+06
441649 , -1.08028e+06 , -885106
879857 , -950697 , -189136
391487 , -141576 , -609954
-432348 , -492944 , -733658
603708 , 191688 , 1.76913e+06
1.35878e+06 , 190833 , 3448.19
-316741 , -763984 , -331026
1.85365e+06 , 305934 , -1.33611e+06
-916833 , 501603 , 375859
-777058 , 650915 , -1.55799e+06
221163 , -30524.9 , -467959
962064 , 265970 , 806229
-326953 , -195460 , 459115
1.46894e+06 , -38484.9 , 724189
182533 , -334870 , -1.45194e+06
240413 , -1.31191e+06 , -43526.7
-626263 , 874899 , 855789
-1.39148e+06 , -1.04268e+06 , -1.04448e+06
-1.21358e+06 , -342899 , 921139
-492988 , -1.64816e+06 , -859209
-655306 , -959504 , 119632
-36570.4 , 10385.5 , -1.74996e+06
-1.31848e+06 , 1.66299e+06 , 257750
-500166 , 684412 , 515731
942145 , 437578 , -1.62249e+06
-472158 , 217102 , -535359
297643 , -502595 , 646286
-1.81661e+06 , -331357 , 774476
-1.18227e+06 , -140137 , 1.13862e+06
-1.55013e+06 , 745334 , 1.00308e+06
-1.07355e+06 , -516859 , 1.11641e+06
-751008 , -1.22816e+06 , 838323
-940658 , -124697 , 942351
995132 , -795500 , -613190
227115 , -490558 , 404791
-1.49099e+06 , -290162 , -651792
-703185 , 1.91365e+06 , 285776
-1.30086e+06 , 846261 , 472616
-397672 , -161239 , -2.35521e+06
-829654 , -846536 , 1.03885e+06
-319541 , -509395 , -105394
-179907 , -1.19671e+06 , 660192
-2.07767e+06 , 317016 , -625963
600948 , -210819 , 1.52504e+06
-1.19267e+06 , 80080.5 , 129455
-778349 , 286980 , -940105
-1.45132e+06 , 97624.2 , 910021
-949970 , 316806 , -874129
275562 , -310104 , 845309
-492597 , -1.70138e+06 , -258492
-617154 , -703224 , 391769
-1.08284e+06 , -1.30761e+06 , -1.09069e+06
371594 , -1.30222e+06 , -633983
1.36983e+06 , 150186 , -1.39817e+06
-1.22511e+06 , -310467 , -1.84619e+06
76953.1 , -630954 , -321230
-6517.92 , 279498 , -1.92368e+06
-71092 , 660508 , 964346
184055 , 1596.86 , 1.63994e+06
593161 , -36469.6 , 388847
-267247 , -311881 , 1.2025e+06
-385646 , -372622 , 829317
392769 , 857670 , 574568
-43370.1 , -199206 , 1.11423e+06
-1.0635e+06 , -487321 , 993982
917007 , 51586.8 , -1.16641e+06
1.24994e+06 , 608952 , 769537
-1.32686e+06 , -395376 , 165302
-436866 , 365625 , 1.07057e+06
688144 , 898445 , -754101
-1.45481e+06 , -1.38769e+06 , 589476
96249.9 , 500873 , 247815
-2.18099e+06 , -95678.1 , 642363
-571229 , -3.01256e+06 , 346302
-417645 , -1.55769e+06 , -1.17853e+06
-740692 , -100631 , 903232
-206674 , -1.69838e+06 , 1.22557e+06
-157681 , -1.206e+06 , 1.15241e+06
371949 , 357390 , -211274
474617 , 255527 , -247242
1.79783e+06 , 1.3273e+06 , 6248.23
1.56338e+06 , -495479 , -163821
-1.09734e+06 , 419024 , -461632
-630815 , -101394 , 82569.4
-65483.7 , 1.05707e+06 , 2.3242e+06
-984046 , -813340 , 1.16714e+06
-132991 , -101391 , -1.0484e+06
-2.21625e+06 , 365348 , 173700
-246650 , -1.30248e+06 , -1.29422e+06
12604.9 , 430464 , -1.41937e+06
63998.4 , -1.19268e+06 , 550483
837741 , 1.64058e+06 , 262957
640505 , -369314 , 469842
-1.03225e+06 , 37259.2 , 1.06939e+06
735246 , 771054 , 42833.2
-54628.2 , 169794 , -1.18438e+06
986952 , 1.80175e+06 , 477662
678432 , -153185 , -2.12999e+06
-671579 , -728373 , 462687
-1.13387e+06 , 322764 , 1.42967e+06
-1.52859e+06 , 271456 , -414401
-604013 , 435395 , 1.76482e+06
-1.72124e+06 , 148172 , -277358
1.8934e+06 , 853444 , 302614
1.08314e+06 , 868471 , -313501
-258120 , -1.52252e+06 , 814201
-1.01177e+06 , 347410 , 1.35071e+06
-1.35139e+06 , -1.11001e+06 , 373664
-1.75592e+06 , -776748 , 36689.9
1.2214e+06 , 277963 , 361822
1.30099e+06 , 701939 , 668448
603977 , 1.41224e+06 , 1.95751e+06
-1.05854e+06 , -906313 , -310385
577605 , -502677 , -1.38864e+06
-585552 , 1.3225e+06 , -980011
453702 , -382248 , 269442
620535 , 2.02562e+06 , -36527.7
698110 , -892630 , -1.38351e+06
1.06555e+06 , -223031 , 750756
-951491 , 407651 , -227640
-425424 , -257740 , -393943
-298355 , -1.65389e+06 , 763459
-455586 , 969620 , -1.55301e+06
-770723 , 1.21535e+06 , -332450
408270 , -536295 , 618383
-265158 , -155469 , 421912
-2.01889e+06 , -1.21193e+06 , 1.43648e+06
-959801 , -1.42879e+06 , -21202
-371446 , 253902 , 188968
-808696 , -246652 , 1.99229e+06
-720089 , -1.18215e+06 , -1.59544e+06
1.10894e+06 , -54346.2 , 411006
202407 , 893859 , -967144
268922 , -913454 , 1.05374e+06
361225 , -407638 , 935325
72830.2 , -135179 , 699219
209709 , 285421 , 1.50248e+06
191830 , -81159.4 , 953677
-1.4127e+06 , 56734 , 1.55061e+06
920569 , -783477 , 858749
807216 , 584582 , 1.39267e+06
1.52456e+06 , -1.25809e+06 , -58805.6
266506 , -227723 , 196055
397791 , -1.48345e+06 , -232913
-861922 , 855301 , 513780
37943 , 1.33291e+06 , 34554
-878609 , -688008 , -1.44926e+06
-686593 , -948822 , -620907
-241602 , -1.11491e+06 , -1.24276e+06
377968 , 1.57452e+06 , 345643
713567 , 1.28558e+06 , 589807
155177 , 1.60956e+06 , -538971
-200181 , 849760 , 1.02005e+06
-627754 , -243186 , 263125
1.59119e+06 , 55950.8 , -638322
829570 , 1.23936e+06 , -204417
965160 , 923234 , 217538
-237480 , 396862 , -669031
1.61598e+06 , 401441 , -1.58472e+06
-737898 , 1.8668e+06 , 86117.8
1.49847e+06 , -1.05644e+06 , 226799
1.16262e+06 , -753887 , 837247
1.61081e+06 , 1.07112e+06 , 623562
-1.35217e+06 , 949428 , -619961
1.87479e+06 , 159509 , 236307
-879937 , 263614 , -1.56198e+06
933519 , 304637 , -6391.8
947931 , 722706 , -1.77758e+06
-723430 , -579206 , -1.26792e+06
-181019 , 1.56829e+06 , -898363
-17930.1 , 610834 , 1.45563e+06
134989 , 249092 , -478263
-1.0867e+06 , 720899 , 1.55569e+06
-113300 , -190806 , -852085
-495894 , 1.46614e+06 , 349411
-845596 , 288585 , -673780
-795308 , 1.51553e+06 , -742966
1.21443e+06 , 750974 , 1.47979e+06
-10306.4 , 968569 , 126297
691658 , 243956 , -602183
-1.09507e+06 , -741823 , -1.27919e+06
1.42172e+06 , 435864 , 860220
36370.6 , -2.05414e+06 , -580825
321878 , 223619 , -748878
1.12245e+06 , -388804 , 37462.5
345787 , 64299.1 , -1.26917e+06
444318 , 1.56054e+06 , 1.56284e+06
-94482.8 , -857354 , -948289
574093 , -1.79742e+06 , -1.66711e+06
-23603.2 , 1.38998e+06 , -800502
-164471 , 6606.82 , 919308
-762356 , -784472 , -389078
-587884 , 324609 , -65512
-346531 , -872655 , 321864
-657579 , -795303 , 1.23981e+06
1.32004e+06 , -959400 , 1.60997e+06
202038 , -15596.4 , 1.063e+06
-1.44826e+06 , 474949 , 636645
-178842 , -1.50105e+06 , 458025
-121670 , 96500.4 , -696826
-941897 , -144495 , -61862.4
-1.96991e+06 , -605343 , 256195
366381 , 569511 , -729227
-1.44565e+06 , -1.2077e+06 , 402838
700728 , 1.67549e+06 , 303498
-1.45346e+06 , -11383.3 , -826138
432098 , 124187 , 531094
-697002 , 220283 , -228691
-47438 , -581365 , 36458.7
223693 , 641308 , 1.06371e+06
1.3605e+06 , 153753 , -529022
-508482 , 2.13096e+06 , -182052
-837070 , 1.48129e+06 , 567914
-110044 , -929568 , -23524.4
559284 , -102321 , 383085
70611.2 , 77391.4 , 1.66128e+06
1.06762e+06 , 456491 , 1.13213e+06
586673 , 83160.5 , 253389
1.05303e+06 , -1.75118e+06 , -402238
1.25229e+06 , 179618 , -726534
198120 , -833753 , -875695
-560586 , -1.37463e+06 , -396744
-120293 , -287002 , 596177
653968 , 2.28481e+06 , -526860
1.05563e+06 , 1.1187e+06 , 266308
195509 , 118847 , 19177.9
-368615 , 1.24208e+06 , 121919
2.02179e+06 , 1.06865e+06 , -554997
-203599 , 787094 , -118275
-560476 , -641983 , -1.27631e+06
-264665 , 899132 , -848670
1.21e+06 , -135867 , 211749
1.18601e+06 , -307249 , 207518
-861233 , -253520 , 774133
-1.03902e+06 , -1.32471e+06 , -683982
-384625 , 163511 , -297336
-1.36831e+06 , -1.08462e+06 , -1.51701e+06
1.28654e+06 , 117027 , -2.04741e+06
184782 , -402916 , 938727
-1.61787e+06 , -541848 , 967796
-627367 , -78715.4 , 1.40531e+06
16993.6 , 14865.9 , -1.23299e+06
-1.41289e+06 , -129015 , -404398
-558655 , -1.31111e+06 , -588953
-1.19574e+06 , 1.29942e+06 , -170107
-147153 , 1.57981e+06 , 485417
-107353 , -592015 , 809095
-1.18478e+06 , 1.58718e+06 , -471738
64700.5 , 488837 , -1.09048e+06
188916 , 451484 , 1.13631e+06
593015 , 1.68423e+06 , -540805
-508172 , 1.57819e+06 , 464175
770213 , -205568 , -1.09592e+06
313449 , -19712.9 , 1.59596e+06
-886565 , 818347 , 387843
405525 , 426929 , -1.08495e+06
1.00737e+06 , -158151 , 168985
-79718 , -924565 , -1.25026e+06
1.15686e+06 , 804653 , -717268
-158807 , 737564 , 673624
-712200 , 902050 , 40932.7
-141338 , 666399 , -254911
45574.4 , 260589 , 35348.8
-628282 , 1.00601e+06 , 871704
499207 , 1.09544e+06 , 691519
1.15231e+06 , 1.101e+06 , 488911
82902 , 334023 , -624784
-1.28659e+06 , 1.35959e+06 , -658782
-1.24224e+06 , 781860 , 1.19494e+06
1.42332e+06 , -247929 , 563301
1.29297e+06 , 1.35511e+06 , 212759
816811 , -455978 , -2207.44
47775.1 , 312407 , 821447
2.09568e+06 , -562872 , -765113
116703 , -1.46574e+06 , -1.27482e+06
506576 , 1.52997e+06 , 766678
-590932 , -799100 , 1.13386e+06
-1.80405e+06 , -1.17711e+06 , -398457
549600 , -452879 , 1.32747e+06
-486232 , 34116.9 , 592198
-1.18002e+06 , -6928.41 , 116721
444945 , 440705 , 1.37119e+06
-796069 , -771207 , 763123
186502 , -962945 , -66202.6
763661 , -611588 , 60853.6
5064.94 , 1.28505e+06 , -890891
1.13579e+06 , 789096 , -695195
113903 , 1.42311e+06 , 342563
-1.23634e+06 , -420605 , -303687
-829978 , 879890 , -926357
-477569 , -1.60643e+06 , 1.43729e+06
495435 , -191379 , 962555
62500.4 , 259578 , 634551
-1.62119e+06 , 183539 , -252876
1.21657e+06 , 1.41288e+06 , 620655
1.2507e+06 , -1.68781e+06 , 611397
196786 , -2.30217e+06 , -436006
1.75102e+06 , -1.24788e+06 , 975681
-934262 , 210904 , -1.41732e+06
-1.24838e+06 , -567109 , 855961
-258415 , -1.3008e+06 , 64889.5
1.30411e+06 , 278574 , -969196
316369 , -768237 , 1.16414e+06
-760068 , -641350 , -310270
-751646 , 867501 , 1.10842e+06
-43494.2 , -162648 , -1.5163e+06
-1.13693e+06 , 357111 , -907152
239290 , 1.19674e+06 , 1.23775e+06
17074.2 , 282637 , -1.0515e+06
849722 , 410016 , -582323
-668100 , 64392.9 , 84158.9
410451 , -850908 , 1.29708e+06
-357618 , -800395 , -799596
972369 , -983614 , -456664
-744824 , 1.03277e+06 , 520361
-1.09628e+06 , 467210 , 802164
-510802 , -1.88991e+06 , -637435
-675546 , -113767 , -1.1812e+06
-115173 , 982045 , -1.54643e+06
570633 , 1.78863e+06 , 982674
783168 , -154992 , 1.24862e+06
-637437 , -1.42882e+06 , 1.60999e+06
565535 , -542728 , 317532
647759 , -207461 , 1.6164e+06
-1.12832e+06 , -411927 , -1.48763e+06
552130 , -553001 , 951275
1.70228e+06 , 719450 , 759332
236476 , -323777 , -1.21983e+06
854076 , 851643 , -48222.5
215281 , -598316 , -996395
-783242 , 456576 , -1.45861e+06
-8915.56 , -1.12555e+06 , -387234
-788424 , -284135 , 2.01225e+06
-1.44993e+06 , 247380 , -19337.3
180585 , 1.81763e+06 , 1.07726e+06
203640 , -539937 , 455368
227480 , 67996.5 , 594047
-955132 , -472837 , -100996
-4822.14 , -105281 , -1.18007e+06
-1.20104e+06 , -1.33013e+06 , 736840
587326 , 1.08815e+06 , 204430
-685629 , -375052 , 1.13721e+06
-1.49788e+06 , -567390 , -3271.77
-1.23041e+06 , 1.04351e+06 , 942892
-1.73044e+06 , 628246 , 1.07554e+06
567271 , -948561 , 400238
1.30503e+06 , 278836 , -1.1934e+06
1.01504e+06 , 406047 , 451875
370251 , 2.1214e+06 , 250728
-145676 , 145445 , 554675
614968 , 551831 , 658165
85566.5 , -1.51905e+06 , 68067.4
-766447 , -366967 , 223593
-1.5872e+06 , -102660 , 319732
-1.43948e+06 , 329280 , -1.42866e+06
481432 , 648898 , 1.36406e+06
-1.10105e+06 , -199535 , -192909
-713339 , -1.18e+06 , 441191
-40913.6 , 625223 , -1.98768e+06
1.65367e+06 , 1.20419e+06 , -520057
-443618 , 347323 , 1.31985e+06
-53230.1 , 1.20593e+06 , 488367
-196461 , -989767 , 389857
-1.50219e+06 , -572317 , -274883
307880 , -524906 , -951735
-729309 , 214116 , 755213
73612.4 , 1.09363e+06 , 897150
-1.67677e+06 , -667424 , 1.17249e+06
1.17081e+06 , 989486 , -1.16293e+06
-462923 , 1.1689e+06 , -994536
-1.08431e+06 , -1.61603e+06 , 29134.7
590108 , 849395 , 1.54014e+06
-960294 , -2973.99 , -700520
370953 , 917482 , 1.25751e+06
-1.66109e+06 , -432901 , -1.37618e+06
1.11684e+06 , 881212 , 1.07347e+06
-682492 , -1.61095e+06 , -486254
1.31e+06 , -1.82181e+06 , -191352
1.21948e+06 , -1.04989e+06 , -988541
-892171 , -1.09789e+06 , 281454
480081 , 694732 , 860112
-1.04567e+06 , -1.36243e+06 , -740468
199489 , 691944 , -124035
-1.03974e+06 , -358240 , -599184
673257 , -986103 , -379248
264167 , -773575 , -44406.4
-1.00663e+06 , -269404 , -633585
488035 , -230008 , 1.42183e+06
-313763 , 412088 , 1.2511e+06
-389988 , 323293 , -1.5128e+06
1.27614e+06 , 111224 , 1.4349e+06
-635516 , 708287 , -680663
-709302 , 563553 , 2.03943e+06
-1.45156e+06 , 708830 , -432796
80695.7 , -1.85406e+06 , -694765
801930 , 1.0148e+06 , 1.40376e+06
1.63928e+06 , -317644 , 1.64098e+06
1.33099e+06 , 735047 , -371379
690995 , -100839 , 442213
-713640 , -2.01246e+06 , -717998
209848 , -371809 , 532342
116123 , 920332 , -1.05561e+06
-496109 , -1.19653e+06 , 1.32614e+06
21083 , 25405.6 , 1.46962e+06
-526116 , -385183 , -872872
-1.00974e+06 , 1.0723e+06 , 946110
-596069 , 307934 , -801751
1.40558e+06 , 954972 , -408243
-391665 , 414101 , 27508.8
1.38027e+06 , -1.82496e+06 , 693189
-851274 , 81692.6 , 1.24114e+06
-948531 , 1.91171e+06 , 831175
-712537 , -739811 , 1.50576e+06
103441 , -1.55896e+06 , 178322
519611 , -457318 , -86832.4
-357550 , -1.07143e+06 , 383871
41901.3 , -410946 , 579919
-230173 , -610487 , 467096
-65703.3 , 749539 , -151216
644416 , -58133.2 , -1.53556e+06
896869 , 959268 , 961913
69781.6 , 1.05947e+06 , -1.378e+06
594313 , 3.01089e+06 , -465131
-1.20578e+06 , 583362 , -564675
-1.59629e+06 , -585629 , 930290
1.07722e+06 , -652326 , -881074
-475756 , -1.01321e+06 , 901460
-1.28958e+06 , 761001 , -1.14092e+06
1.08126e+06 , -682343 , 63387.7
701118 , 1.17411e+06 , -444825
794917 , 35092.3 , -587016
731674 , -903028 , 961321
424841 , -128197 , 1.16117e+06
807737 , -333172 , 684050
564698 , 576424 , 1.13265e+06
-432700 , 684371 , 456909
999018 , -1.14659e+06 , 570328
284533 , -241897 , 1.16865e+06
-1.59298e+06 , 662940 , 1.72683e+06
-903724 , 568742 , -525360
-492891 , 252459 , -810639
-653775 , 1.31837e+06 , 203543
-929259 , 1.4398e+06 , 1.16625e+06
-1.09926e+06 , 523092 , 906453
277337 , -490587 , -2.03804e+06
-70204.4 , -597709 , -169629
-1.24496e+06 , 629059 , -1.74775e+06
-1.49991e+06 , 1.298e+06 , -58055.4
-792848 , -800544 , -429099
-600076 , 687140 , -1.21128e+06
-473584 , 645480 , -57641.4
-342154 , 764502 , -341873
635616 , -1.10745e+06 , 915356
459979 , -1.46449e+06 , 614234
305426 , 917580 , -1.29849e+06
647887 , -78059.2 , -613441
-198772 , -1.16271e+06 , -1.41069e+06
-1.57899e+06 , -1.0506e+06 , 1.28329e+06
-306031 , 150252 , 2.30829e+06
-782108 , -1.36464e+06 , 1.28999e+06
103471 , 2699.53 , -2.5637e+06
-1.05582e+06 , -16462.5 , 850397
-431069 , -1.23681e+06 , 501284
-606444 , -319272 , 1.18088e+06
-527132 , 845148 , 1.43328e+06
402111 , 1.21628e+06 , 945125
1.59691e+06 , 193254 , 649642
1.15223e+06 , -179079 , 835819
605601 , -1.72849e+06 , 51686.5
-135248 , -146462 , 1.52152e+06
342312 , 94131.4 , 1.89684e+06
-599275 , -262608 , 1.42825e+06
1.73906e+06 , 364944 , 16445.4
1.66169e+06 , -1.49469e+06 , 519985
-1.57842e+06 , -954083 , 1.24698e+06
-411190 , 1.98612e+06 , 618382
-546058 , 1.38437e+06 , 1.11731e+06
610108 , 439080 , 724531
-1.72874e+06 , 656578 , 1.03002e+06
-127123 , -1.56339e+06 , 607844
-1.03818e+06 , 1.16608e+06 , 967660
673797 , -599034 , -1.05635e+06
-1.16814e+06 , 1.61195e+06 , 250810
459480 , -1.58214e+06 , -509207
398161 , 549012 , 2.24242e+06
1.03081e+06 , -683257 , -617776
412279 , 1.14131e+06 , 526539
-16346.7 , -572987 , 318450
-956259 , -516385 , 36168.6
-287107 , -695479 , -688478
765177 , -133690 , 1.3882e+06
-493764 , 291925 , 81210.3
-389730 , -1.61469e+06 , 279231
934808 , -285915 , -737036
694369 , -803787 , -1.11353e+06
857681 , -410233 , 1.61163e+06
-236789 , -1.70481e+06 , -480896
816689 , 697861 , 474685
964052 , -464547 , 157490
-234399 , -1.16136e+06 , 1.34463e+06
-799466 , 1.0106e+06 , -268494
-1.15285e+06 , -290249 , -1.98134e+06
-1.16784e+06 , -123599 , 85814.7
932412 , 593699 , -984268
1.52167e+06 , 65113.5 , -66020
-627309 , -218050 , 166066
-172381 , 1.39607e+06 , -467384
1.69492e+06 , 561728 , 247844
-280383 , 616819 , 378245
370184 , 980013 , 1.22311e+06
54536.5 , -384544 , -1.90113e+06
168333 , -1.50271e+06 , 2621.46
1.00203e+06 , -1.67228e+06 , 542580
959723 , 57636.9 , -499454
-282265 , 851631 , -940524
597019 , -525575 , -438358
-21077.1 , 1.53376e+06 , -649898
-14966.7 , -433341 , 706738
-371444 , -1.29596e+06 , -470927
1.45304e+06 , -246899 , -543300
229959 , 1.82025e+06 , 750469
-36613 , -326816 , 1.20763e+06
784166 , 24051.5 , 1.71612e+06
-803410 , 885384 , -463424
-1.46555e+06 , -373306 , 224624
-140716 , 378761 , -975261
-773553 , 1.00316e+06 , -748891
1.14191e+06 , -113187 , 282674
-1.08213e+06 , 1.57989e+06 , -357719
-699629 , 733341 , 588527
-567076 , 14618.4 , 754689
-240024 , 269357 , -248056
-336594 , 666511 , -398506
832097 , 150692 , -206122
-913471 , 122645 , 1.38459e+06
1.03439e+06 , 717930 , 947773
-1.51567e+06 , -38555.4 , 503245
961778 , -339829 , 987817
716416 , -513123 , 575447
-1.619e+06 , -336928 , -1.33894e+06
1.40027e+06 , 827059 , 534632
1.11733e+06 , -726673 , -447395
272367 , 904661 , 117151
-439643 , -14594 , 898185
118937 , 819128 , 993600
-82184 , 596377 , -112114
-513011 , -1.08746e+06 , 254019
-985191 , -763920 , -585425
1.61635e+06 , 259782 , 729638
-829812 , -8327.16 , 920998
-132817 , -494964 , -1.77741e+06
200494 , 123220 , 1.3942e+06
179531 , 295968 , 1.86948e+06
-64492.2 , 2.01613e+06 , -524370
-31770.8 , 574910 , -178209
64898.4 , 316142 , 228473
1.33896e+06 , 774601 , -187541
-185212 , 1.18791e+06 , -273746
-771342 , -474351 , 1.15212e+06
408980 , -645042 , -1.16752e+06
1.34078e+06 , -1.18673e+06 , 1.06952e+06
-628682 , 544312 , 1.32252e+06
1.6116e+06 , 1.46811e+06 , 521566
435619 , -531849 , -1.06996e+06
-1.21143e+06 , -481512 , 1.41413e+06
407868 , -64379 , -1.39981e+06
516097 , 768710 , 754601
1.1464e+06 , 1.30769e+06 , 1.69245e+06
791549 , 1.51185e+06 , 573201
-1.23153e+06 , -62732.7 , 1.193e+06
-763745 , 444846 , 1.7803e+06
-917747 , -1.0694e+06 , 851322
-121320 , 129211 , -1.18391e+06
351844 , 613488 , -1.19076e+06
-1.41245e+06 , -1.29282e+06 , 1.47444e+06
310946 , 63432.4 , -279124
-1.28642e+06 , 912696 , 1.26452e+06
-315575 , -577963 , -1.00506e+06
1.18409e+06 , -422781 , -1.24208e+06
-321024 , -1.38498e+06 , 1.26542e+06
942758 , 2.07921e+06 , -451691
-493094 , -1.3117e+06 , 781160
-979080 , -828330 , 1.15272e+06
209361 , 175690 , -585528
-134556 , -560525 , 431056
-405837 , 343208 , -1.31904e+06
206606 , 1.23347e+06 , 438784
462466 , -590242 , 1.06579e+06
-1.72356e+06 , -1.65875e+06 , 211981
598816 , -803449 , 865180
-1.6304e+06 , 336199 , 1.59345e+06
10348.7 , -972339 , -667969
74901.7 , 858259 , -1.05385e+06
-508786 , 388172 , -484408
-1.69456e+06 , 398310 , 1.08426e+06
1.85734e+06 , 160967 , 346759
735884 , 972015 , 533644
-997887 , -1.12323e+06 , -207608
189627 , -723723 , -1.07193e+06
-417348 , -456537 , 1.09925e+06
618169 , -145727 , 2.19238e+06
-883324 , 958982 , -358849
-266995 , 1.5135e+06 , -437107
164894 , -615698 , -1.74364e+06
-740045 , 799353 , -338809
-1.45674e+06 , -999122 , 250250
1.55722e+06 , 1.03317e+06 , 872854
-1.39399e+06 , -96901.3 , -169327
-20255.2 , 1.15799e+06 , 799683
289520 , 646122 , -1.27883e+06
121959 , 1.21888e+06 , -703616
-354109 , 772040 , 215251
1.66768e+06 , 242372 , 1.52714e+06
-677024 , -255588 , 166193
413017 , 588236 , -22729.2
511926 , 2.17185e+06 , 46703.9
1.0656e+06 , 655199 , 1.09292e+06
-135028 , -1.28246e+06 , -1.21853e+06
-623560 , -880244 , -1.32917e+06
333600 , 18615.8 , 923511
1.99706e+06 , 332791 , -891997
-1.37601e+06 , 786303 , -1.11651e+06
172678 , -366911 , -634393
-48224.8 , -1.48042e+06 , -1.48189e+06
1.25287e+06 , -80303.2 , 901094
-690918 , -1.93481e+06 , 259132
346877 , -347898 , -549014
174711 , 871750 , -1.13222e+06
475630 , -594934 , -423392
-443006 , 915761 , 1.03169e+06
1.50544e+06 , 1.63537e+06 , -470425
-386379 , -459433 , 332026
-159403 , -872822 , 6500.52
773878 , 467603 , 1.21255e+06
-1.45113e+06 , -894705 , -367059
-898788 , 1.18274e+06 , -1.49396e+06
1.89057e+06 , 379807 , 669113
-675995 , 1.64543e+06 , -791555
-467152 , -73.5341 , 826737
13345.2 , 643172 , 1.06392e+06
1.23441e+06 , -1.01576e+06 , -73301
-106730 , -1.5771e+06 , -904051
-536581 , 247511 , -40929.5
1.06541e+06 , 665983 , -1.79769e+06
-518200 , 657358 , 146160
-1.37347e+06 , -1.38953e+06 , 169701
90202.6 , -916620 , 556503
-193290 , 1.70534e+06 , -686770
1.30301e+06 , 641154 , 655262
1.94357e+06 , 710718 , 407191
-253782 , 928658 , -1.33557e+06
860810 , 1.36441e+06 , 97590
770663 , 865583 , 278435
-913408 , -102807 , 1.67044e+06
39820.8 , 1.36882e+06 , 348382
-50346.8 , -832829 , 651580
1.00318e+06 , 551413 , 695819
1127.2 , 964904 , 390344
-993595 , 264556 , 1.49375e+06
395372 , 1.40241e+06 , -1.42242e+06
-876525 , 457208 , 1.03771e+06
-274212 , -31520.1 , -77589.7
-182671 , 1.65138e+06 , -1.05058e+06
-419645 , -681797 , 1.65647e+06
-1.17351e+06 , -1.40348e+06 , -497797
1.12461e+06 , -582877 , 1.14464e+06
-640753 , 163472 , 1.17618e+06
381440 , 892181 , -581667
-492905 , -1.61391e+06 , 1.21949e+06
-666023 , -159125 , -699034
-450370 , -543805 , -597601
568053 , 1.09688e+06 , 441196
-1.05472e+06 , -1.62536e+06 , 5925.69
-574969 , 326854 , 564084
-462834 , 352789 , -280294
143096 , -841884 , 562164
-1.33635e+06 , 1.53936e+06 , 132499
-571005 , 255027 , -330975
649431 , 1.28141e+06 , 486386
-1.54329e+06 , -81061 , -798114
610655 , -1.05467e+06 , -401380
1.07912e+06 , -478557 , -474854
599493 , -1.03019e+06 , -42732.5
738057 , 277838 , 523866
-2.11597e+06 , -550347 , 348368
959303 , -11366.7 , -436918
805185 , 1.30425e+06 , 699528
-10510.3 , 329299 , -148031
-1.1042e+06 , -815154 , -289686
-98318.9 , 1.41136e+06 , -1.10201e+06
-553999 , -236004 , -1.15598e+06
-699100 , 350955 , 1.15142e+06
-103041 , -189595 , 2.11156e+06
-1.65125e+06 , -1.00618e+06 , 935663
143584 , 275837 , -198419
79666.1 , -761299 , 987521
-1.35013e+06 , 437961 , -711775
48076.6 , -221544 , -1.19514e+06
-227734 , 183160 , 1.1118e+06
125800 , -341092 , 191251
631436 , 638468 , 96675.6
-1.71739e+06 , -213290 , -305308
-1.20611e+06 , 1.35099e+06 , 964896
-619341 , -258895 , 263051
99545.8 , -1.07276e+06 , -351078
-431941 , -887868 , -1.47771e+06
863585 , 246163 , 1.49656e+06
-381998 , 645790 , -836164
-523106 , 1.80667e+06 , -421584
327514 , -775121 , 660851
527745 , 243206 , 267392
946111 , -1.12645e+06 , -1.76337e+06
-854433 , 216446 , 597703
-115270 , -566451 , -8879.06
-1.11958e+06 , -433989 , 1.44027e+06
1.55624e+06 , -606425 , -236656
1.01292e+06 , -472790 , -1.16979e+06
-1.61164e+06 , 3062.86 , -140229
54117.2 , 195420 , -1.63246e+06
-189680 , -266442 , -823331
-1.05748e+06 , 303625 , 675108
498018 , -197452 , 613183
-1.14989e+06 , 1.22534e+06 , 268039
-786239 , -1.10486e+06 , -1.27063e+06
1.84249e+06 , -477005 , -774361
1.53326e+06 , -964190 , 254962
117347 , -82456.3 , -758193
-39193.3 , -136294 , 925183
30739.2 , -680744 , 1.63195e+06
1.80399e+06 , -44920.6 , 28221.9
-1.10631e+06 , -604080 , -168759
-303477 , 851367 , 1.55366e+06
-454399 , 2.17718e+06 , 453036
-778872 , 336065 , -842828
-75985.8 , -830667 , -86458.9
875703 , -430594 , 1.28781e+06
713345 , 549290 , 1.07986e+06
1.10609e+06 , -551669 , 288963
-162956 , 1.41306e+06 , 331204
-792856 , 460406 , -1.66957e+06
-1.13684e+06 , 403536 , -227205
-1.24641e+06 , 933982 , 1.03337e+06
973527 , 1.26285e+06 , 134910
-1.1185e+06 , 381911 , 1.38023e+06
781197 , -344234 , -449348
1.81713e+06 , -298412 , -1.01364e+06
481000 , 83318.7 , 986312
481773 , 1.10286e+06 , 1.47955e+06
854806 , 1.06276e+06 , 1.89904e+06
875073 , 993551 , -1.11655e+06
-398075 , -1.03905e+06 , -572179
-867508 , -29526.6 , 589725
353276 , -2.24614e+06 , -64430
1.02762e+06 , 829692 , 613927
285866 , -440083 , 862809
-680545 , -881855 , -769855
-350257 , 837963 , -906190
109256 , 1.19727e+06 , -130403
1.09396e+06 , -417272 , -1.36514e+06
1.51904e+06 , 91452.4 , 534833
-158173 , -1.50787e+06 , 634744
-493291 , 145772 , -1.37984e+06
-633238 , -736092 , 275977
327580 , -984256 , 617270
-709861 , -542664 , 61359.3
349520 , 766962 , -798449
322413 , 692714 , 1.17272e+06
-1.17287e+06 , 1.18647e+06 , 516962
-1.25327e+06 , -477139 , 1.56198e+06
-34763.7 , 870130 , -1.54089e+06
-154325 , -1.39522e+06 , -845886
420085 , -795527 , 1.10854e+06
-201700 , -236006 , -1.04499e+06
423264 , -1.1266e+06 , -1720.16
-1.10368e+06 , -687158 , -1.07581e+06
-244340 , 2.01991e+06 , -389486
-765096 , 689918 , -74516.8
-1.02109e+06 , 241617 , -284981
-1.31998e+06 , -1.20083e+06 , -243573
383150 , -276998 , 1.26883e+06
1.29396e+06 , -589040 , 1.60574e+06
-1.36112e+06 , -1.46488e+06 , 825377
641530 , 523171 , -1.59174e+06
940748 , 99627.8 , -8515.05
-1.66832e+06 , 1.64651e+06 , -934666
950994 , 1.58163e+06 , -478296
1.22705e+06 , 1.63281e+06 , -383181
26345.2 , -2.16429e+06 , 437961
33613.1 , -1.76874e+06 , -341248
-170210 , 160558 , -1.49905e+06
-412597 , 310973 , -744367
-627343 , -1.08443e+06 , 321588
-838004 , 741847 , -1.50835e+06
455424 , -1.28773e+06 , 1.08084e+06
728946 , 571565 , -600994
-443372 , 1.26843e+06 , 1.48458e+06
-779206 , 295773 , -114446
727387 , -573023 , 1.10256e+06
-256297 , 734886 , 1.31977e+06
684339 , 642872 , 860963
131014 , -1.64534e+06 , -409646
1.69533e+06 , -136648 , -24057.5
78850.5 , -149621 , -974763
262353 , -1.42802e+06 , 890346
-180050 , 1.13666e+06 , -390631
-452337 , -118276 , -1.31662e+06
1.41475e+06 , 963963 , -282100
-166313 , 425570 , -23100.3
-1.28579e+06 , -1.05233e+06 , 1.06164e+06
1.14764e+06 , -486015 , -702580
-1.06508e+06 , -618050 , 457214
1.30841e+06 , 1.0011e+06 , 214901
810866 , 1.00081e+06 , 8844.69
1.09503e+06 , -358595 , -47530.3
-1.00908e+06 , -1.01359e+06 , 1.01204e+06
-1.39587e+06 , -393403 , -492205
507428 , -28930.7 , 366295
-439466 , -1.14562e+06 , -252581
338408 , 871430 , 158952
-349311 , -675011 , 1.48467e+06
19721 , 202655 , 1.33675e+06
-1.00606e+06 , -145786 , 677025
-325815 , 865451 , 1.10826e+06
-917336 , -306484 , -133198
298892 , 688993 , -1.00386e+06
1.23028e+06 , 635409 , 200743
-1.49096e+06 , 1.79877e+06 , 1.04227e+06
676884 , -78161.6 , 1.05673e+06
-441965 , -139803 , 222993
-365061 , -402122 , -1.11091e+06
294420 , -327293 , -654619
-1.75056e+06 , -559752 , 686305
-1.07039e+06 , 634934 , -768281
-446294 , -724933 , 953881
1.0993e+06 , -1.16094e+06 , 473425
1.43102e+06 , -1.89891e+06 , 373338
1.86441e+06 , -1.08387e+06 , 1.34147e+06
275804 , 1.61826e+06 , -1.78135e+06
-741902 , -835654 , 1.1118e+06
-386949 , -310249 , 40848.8
-863066 , -564228 , -343497
-541957 , 348971 , 2.78309e+06
1.04799e+06 , -555368 , -196120
-1.21304e+06 , -462153 , -580950
346791 , 28441.4 , 1.40557e+06
84017.4 , -411554 , 1.12102e+06
539558 , 1.23555e+06 , -486157
1.14943e+06 , 442149 , -1.88247e+06
-225487 , -1.43932e+06 , 791474
993546 , 763807 , 881750
-123653 , 886274 , 1.36826e+06
1.11579e+06 , -498452 , -652679
-141671 , -491381 , 1.84245e+06
-32537.7 , 621136 , -1.05121e+06
-144783 , -1.54107e+06 , 591257
212172 , 1.45284e+06 , -1.39339e+06
59989.3 , 2.23604e+06 , -186962
924711 , -225328 , 540152
1.33466e+06 , -181021 , -1.19243e+06
-499303 , 464441 , 801745
-545204 , 813383 , 1.73119e+06
1.19041e+06 , 335952 , 445359
-1.72087e+06 , -701653 , 347626
192378 , -1.33667e+06 , 704501
892122 , 29917.8 , -1.16233e+06
13099.7 , -1.59539e+06 , -772649
1.55215e+06 , 1.41589e+06 , 905488
-625035 , 1.29498e+06 , -842029
1.13611e+06 , 363643 , 227195
-736235 , -455798 , -138108
683420 , -621169 , 1.22356e+06
4437.29 , -1.03804e+06 , -887218
50895.9 , 371178 , -73927.1
-478426 , -634002 , 1.68617e+06
1.88996e+06 , -1.11182e+06 , -571051
-396587 , -327790 , -610941
-121195 , -360772 , 416590
661609 , 1.60064e+06 , -127098
1.45128e+06 , 811792 , 148829
200483 , 21500.1 , -14143.3
748246 , -307280 , 702141
-660094 , 148026 , -674339
-1.12679e+06 , 1.4974e+06 , -1.09419e+06
-246342 , -410731 , -1.29331e+06
902701 , -1.29413e+06 , -796266
-823622 , -1.5454e+06 , -783308
1968.99 , 1.18781e+06 , 554844
270478 , -1.6513e+06 , -92280.1
1.04718e+06 , -535889 , 607044
1.80218e+06 , -328390 , -1.52529e+06
146651 , 240993 , 750078
-875043 , -280524 , -1.24598e+06
828782 , -212094 , -1.63518e+06
-888205 , 1.67214e+06 , -1.09326e+06
-10324.8 , 91656.7 , 944060
-348030 , 1.44592e+06 , 722513
789600 , 28168.7 , -637263
-145466 , 738796 , -1.54799e+06
-290125 , -394226 , 763695
-964061 , -1.88719e+06 , 64718.7
326917 , -280675 , -1.11582e+06
-144018 , -840921 , -1.58813e+06
-285023 , -1.08963e+06 , 214527
1.06954e+06 , 509532 , -356769
567389 , 1.29537e+06 , -580994
-650822 , 923902 , -1.04447e+06
993383 , -689761 , 1.00353e+06
-1.24433e+06 , 859240 , 899830
-873939 , -1.4647e+06 , -404883
495581 , -428304 , -203547
-1.46378e+06 , -328741 , 183797
-535309 , -53968.4 , -348926
1.02149e+06 , -677269 , 39065
756287 , -258358 , 1.46054e+06
23697.6 , 207713 , 1.25364e+06
506973 , 1.58119e+06 , -881997
1.25645e+06 , 89160.1 , 660062
-648771 , -1.39317e+06 , 1.19315e+06
-492603 , 54560.6 , -852382
-1.43733e+06 , 508543 , -456401
731297 , 745862 , -1.02364e+06
-552481 , 209667 , -2.02728e+06
-368975 , 1.01009e+06 , -1.51903e+06
-639237 , 1.09212e+06 , 203127
-1.03674e+06 , 96512.1 , -18082.6
1.64344e+06 , -200446 , -650511
-832645 , -189001 , -1.14788e+06
212058 , 879480 , 1.23422e+06
-934544 , 1.82867e+06 , -663512
90966.9 , 1.04221e+06 , -111267
-1.59847e+06 , 1.21209e+06 , -248041
-577978 , 444296 , -451844
-170870 , 1.11356e+06 , -770682
-1.44466e+06 , -173881 , -1.12684e+06
1.058e+06 , 404670 , 1.21518e+06
767701 , 1.14447e+06 , 1.43034e+06
114949 , -962772 , 1.38546e+06
-130906 , 1.08322e+06 , 755889
-1.10555e+06 , 53553 , 300406
-208889 , 426923 , 1.35563e+06
1.65088e+06 , 1.60041e+06 , 80505.8
574757 , -918546 , 173601
1.67205e+06 , 1.00119e+06 , 873741
-1.03932e+06 , 423459 , 1.44413e+06
-1.90164e+06 , 1.4975e+06 , 148881
-1.55195e+06 , -1.11465e+06 , 295139
407397 , -1.65629e+06 , -23277.5
-1.61527e+06 , -532116 , 996902
50387.9 , -458982 , 929060
119737 , -564762 , -753144
691009 , 180919 , 970465
938770 , 421241 , 952376
-1.08167e+06 , 1.11813e+06 , 333236
-172632 , -630600 , -310914
-1.21163e+06 , -103684 , -188807
1.59129e+06 , 388934 , 775581
629994 , 185378 , -1.62508e+06
-936920 , -449530 , 856237
592610 , -784714 , 1.08163e+06
-1.29176e+06 , -1.13961e+06 , 472848
-296635 , 1.26437e+06 , 545427
-213911 , -398696 , 1.10559e+06
-796159 , 1.80441e+06 , -520841
1.66717e+06 , 769063 , -666402
661734 , -1.48678e+06 , -535274
-188929 , 989889 , 804109
1.12187e+06 , -1.27349e+06 , 788410
1.37264e+06 , 618127 , 1.15175e+06
975650 , -374315 , -1.20586e+06
-1.57225e+06 , 429610 , 1.12743e+06
1.26552e+06 , 60425.9 , -1.26049e+06
-597353 , -279028 , 580974
217777 , -1.39112e+06 , -70920.1
1.18058e+06 , 1.23859e+06 , -1.92224e+06
1.32596e+06 , -173266 , 640440
-1.11368e+06 , 172750 , -82632.8
-200958 , -1.30483e+06 , -1.43757e+06
-766236 , -827249 , 1.41693e+06
242645 , 945208 , -115916
1.04168e+06 , 905523 , -910105
-1.10822e+06 , 208049 , 409724
1.54708e+06 , -1.57951e+06 , 471428
437197 , 491077 , -1.45708e+06
-459751 , 133204 , -1.73338e+06
14242.8 , -1.31988e+06 , -1.13744e+06
-938233 , 355144 , 1.27369e+06
1.074e+06 , 1.94988e+06 , 444338
253352 , -1.16588e+06 , -386404
171785 , 1.11346e+06 , 1.2614e+06
748858 , -72956 , -260969
1.07806e+06 , 290201 , 213364
486502 , 693659 , -882119
-440096 , 192637 , 1.69797e+06
-1.59218e+06 , -789360 , -1.17204e+06
-292109 , 757079 , -1.33892e+06
-8256.83 , 1.19823e+06 , -702618
-1.27495e+06 , -560525 , 55007.1
627472 , -1.60084e+06 , 511847
-1.31183e+06 , 148380 , 1.08081e+06
476701 , 993271 , -2.0701e+06
-57730.9 , -1.53304e+06 , -444770
-1.60567e+06 , 97556.5 , 461266
-1.53377e+06 , -241660 , -511018
-704441 , 188888 , 1.70831e+06
-1.53319e+06 , 329395 , 179846
598716 , 248569 , 887254
-1.12876e+06 , 42378 , 549945
309829 , 1.10942e+06 , -1.22729e+06
749839 , 911945 , 293377
37027.7 , 856239 , 337068
209627 , -871894 , 201298
-873483 , 937948 , -597578
-1.50543e+06 , 1.41513e+06 , 163958
95617.2 , -1.39633e+06 , -536263
144058 , -622035 , -1.4459e+06
204752 , 729156 , -1.49404e+06
533798 , -907453 , -211244
-1.15813e+06 , -81924.2 , 626409
398525 , -173927 , -865835
-225673 , 637073 , 1.32444e+06
1.15815e+06 , -723474 , -952753
-574951 , 216976 , -1.56567e+06
-796564 , 449673 , 916863
29459.1 , -166690 , 483627
1.63218e+06 , -710646 , 804680
-43767.3 , 1.34311e+06 , 183811
-860920 , -1.18688e+06 , 741258
446374 , 805964 , -674626
-291811 , 355711 , 1.31772e+06
-1.17627e+06 , 450267 , 1.44251e+06
-700649 , 985992 , -125225
812092 , -1.02682e+06 , 859277
484592 , -1.31599e+06 , 556103
1.64028e+06 , 882097 , -215899
638891 , -827636 , -384905
329271 , 1.38881e+06 , 511489
-131155 , 239512 , 624036
-377691 , 729941 , 411387
706780 , 1.42291e+06 , -316973
-704391 , -977658 , -963488
-613640 , -14685.4 , 84006.5
-456998 , 856863 , 604094
-4407.48 , -1.6912e+06 , -287345
-572394 , 350127 , 2.04657e+06
356512 , -455361 , -339482
-706849 , 862792 , 750450
-728525 , 729549 , 59321.2
-449317 , -554947 , -446051
708666 , -855186 , -853421
150198 , -540523 , -1.91294e+06
-1.33166e+06 , 377699 , -722391
274115 , -1.97521e+06 , -827514
716798 , -1.62964e+06 , -368579
517071 , -271590 , 742444
7022.34 , -1.91896e+06 , 919755
1.51865e+06 , -1.59e+06 , -415857
285107 , 570187 , 1.23897e+06
-383203 , 204334 , -1.14444e+06
86865.1 , 613559 , -1.48714e+06
-892974 , 1.32361e+06 , 1.16935e+06
1.40847e+06 , 560791 , 970316
-951834 , 1.09259e+06 , -1.15768e+06
-951366 , -599820 , 1.18878e+06
1.21603e+06 , 974826 , 1.84725e+06
608435 , -39730.8 , -979974
1.17678e+06 , 1.80666e+06 , -779215
-869610 , -751643 , 11615.8
-250065 , -9338.03 , 1.61217e+06
-524630 , -648884 , 188255
1.15442e+06 , 661349 , -1.05786e+06
-842940 , 731646 , -757347
-213883 , 1.516e+06 , 338444
1.21826e+06 , -354977 , -1.16777e+06
-1.45381e+06 , -664158 , 1.82516e+06
-256773 , 601395 , 911639
769192 , -724075 , -462847
796205 , -1.06029e+06 , 207586
1.65592e+06 , 8417.22 , 510006
922851 , -162824 , 881108
1.31434e+06 , -542189 , -478361
660489 , -72495.7 , -145392
759374 , 351678 , 1.22171e+06
614633 , 1.0942e+06 , -739353
838130 , 45814.7 , 264486
303539 , -952863 , -1.46796e+06
-784060 , -120600 , 1.74614e+06
1.16407e+06 , -1.38301e+06 , -431361
-306590 , -1.03099e+06 , 1.03489e+06
84336.3 , 891224 , 1.20177e+06
-4756.87 , -263554 , -324615
-156194 , -221.095 , 179163
-344783 , -506041 , 1.0464e+06
857270 , 797779 , 940793
169112 , -1.29819e+06 , 403930
720866 , -593893 , 1.48868e+06
-934660 , -169310 , -576220
-516063 , -841583 , -718734
-585390 , -91150.7 , 1.03144e+06
-478404 , -869133 , 979666
2.35792e+06 , -144866 , 169251
1.37119e+06 , -100296 , 449241
501275 , 1.37786e+06 , 1.07301e+06
1.63561e+06 , -213733 , -812165
-549338 , 121496 , -1.887e+06
842861 , -54261.3 , 904520
106057 , 581248 , 1.28179e+06
-328323 , -372284 , 841603
-20700.6 , -583657 , 226714
1.90252e+06 , 171730 , -821175
-1.79472e+06 , 102077 , 525625
117664 , 749973 , -1.07929e+06
-2.47701e+06 , 541777 , 92235.8
1.36412e+06 , -116980 , 482754
-673281 , -254063 , -639039
-528709 , 399509 , -293630
-262102 , -197166 , 231125
-957649 , 501871 , -808302
663382 , -995472 , 1.85113e+06
1.61576e+06 , 548750 , 271458
-20998.3 , -1.25551e+06 , 296153
-172011 , -981390 , -1.47864e+06
921975 , -1.6658e+06 , 49142.5
-1.09486e+06 , -984719 , 230773
465135 , 273018 , -2.03359e+06
-123199 , -1.55961e+06 , -181766
1.79535e+06 , -411275 , -431892
-736029 , 1.68911e+06 , 403599
889812 , 368632 , -493696
-1.00385e+06 , -445562 , 1.76942e+06
339276 , 361675 , 1.42831e+06
-171246 , 270506 , -873606
-623636 , 1.1426e+06 , -1.43794e+06
-638692 , 464613 , -907446
1.55863e+06 , 128453 , 1.12673e+06
985283 , -822339 , 496123
-927828 , -94957.7 , -332003
1.05947e+06 , 1.26383e+06 , -1.17783e+06
503219 , -1.27332e+06 , -808817
-687049 , 91180.2 , -1.24707e+06
483709 , -316226 , -2.16789e+06
-116257 , -1.41483e+06 , -590003
386761 , -1.43882e+06 , -784838
-195049 , 150207 , -598497
-233716 , 143231 , 557302
-151001 , 509123 , 1.51466e+06
1.00538e+06 , -210326 , 1.60772e+06
-624991 , -1.6813e+06 , -565304
1.0591e+06 , -935232 , 566948
-867114 , -42827 , -21306.5
485891 , 1.24647e+06 , -691254
372822 , -467660 , 2.07935e+06
1.99937e+06 , 333522 , 506833
-1.42842e+06 , 30892.4 , 409990
-1.12591e+06 , 602995 , -156516
-240358 , -296693 , -1.33413e+06
-78681.8 , -521418 , -1.29298e+06
-272241 , -874398 , 87570.8
245885 , -73829.6 , -722760
832012 , -167551 , 1.29748e+06
178802 , -909051 , 37641.7
-964221 , -703605 , -410338
-790035 , 1.41488e+06 , 228688
-423142 , 1.35998e+06 , 1.33001e+06
-628043 , 391785 , 25609.9
-65783.8 , 78394.8 , -414261
-1.40836e+06 , 790998 , -66230.4
-1.58936e+06 , 378451 , -1.23861e+06
-455609 , 388339 , 1.38197e+06
-953933 , 1.02126e+06 , 437540
255633 , 234883 , 684135
1.2598e+06 , -676705 , -377811
556349 , 374920 , 388593
259981 , -835194 , 468018
-39133.3 , 639574 , 375382
-1.55779e+06 , -708138 , 358784
705886 , 726479 , -1.59785e+06
116998 , 234376 , 528093
518701 , -1.72578e+06 , -128172
1.41481e+06 , -911959 , -207343
37170.2 , -215414 , -756042
1.29576e+06 , 140628 , 1.39467e+06
701179 , -781740 , -741337
752638 , -1.31023e+06 , -211549
807238 , -704862 , 365551
1.71012e+06 , -637004 , -339730
681105 , -1.4696e+06 , -668981
1.54589e+06 , -212608 , -464046
-425889 , -1.02269e+06 , 1.19915e+06
-630282 , -565082 , -481627
625986 , 1.10214e+06 , 81877.2
-1.9577e+06 , 754566 , 492093
258061 , -1.09464e+06 , 703794
429551 , -647574 , 874775
-1.13722e+06 , -1.05543e+06 , -1.03048e+06
975820 , -201261 , -450322
-31780.3 , 137920 , -681611
690316 , 1.72927e+06 , 1.01553e+06
300335 , -213125 , -1.17145e+06
493176 , 800888 , 787283
559080 , 1.45354e+06 , 531081
-1.50236e+06 , -321580 , 920733
767163 , -258633 , -1.33999e+06
-863269 , -851889 , -869832
-206574 , -1.09218e+06 , -1.11657e+06
600523 , -1.1536e+06 , 767825
1.51538e+06 , -570093 , -1.22277e+06
-837624 , 468781 , -1.30559e+06
780150 , -109770 , -116173
1.16796e+06 , 1.16949e+06 , 476302
-1.88474e+06 , -1.46002e+06 , 4474.38
-1.21401e+06 , -1.01654e+06 , 30463.9
628318 , 530539 , -284688
215712 , 157034 , -1.06093e+06
756488 , -128624 , 328913
-693668 , 310975 , -373403
-454098 , 1.00729e+06 , 1.12149e+06
1.79951e+06 , -368031 , -866788
1.28081e+06 , 1.11309e+06 , -533633
165710 , -1.1037e+06 , -1.53572e+06
-1.1134e+06 , 735070 , -1.39332e+06
-1.21007e+06 , -438014 , -961324
-34726.6 , 336918 , 1.3165e+06
671108 , -151391 , -1.67359e+06
-1.33763e+06 , 543401 , 1.09029e+06
938682 , -1.0422e+06 , 1.46613e+06
228057 , -505108 , -1.66359e+06
608637 , 609628 , 693380
819293 , 93912.4 , -1.05761e+06
171832 , -2.18241e+06 , 510623
1.78649e+06 , 71685.7 , 2448.1
564417 , -423367 , 321088
-435834 , 535826 , 823688
-404692 , 125910 , 1.55814e+06
1.21456e+06 , 147268 , 1.45416e+06
-448250 , -304729 , -1.2175e+06
254495 , 334181 , -1.55663e+06
-92467 , 521016 , -586203
-622709 , -1.5785e+06 , -318343
445865 , -523342 , -10503.5
555388 , 104365 , 302170
315670 , -245592 , 589011
1.30041e+06 , 944271 , -930253
-1.15657e+06 , 1.26574e+06 , 189029
-532397 , -1.46351e+06 , 1.59204e+06
-517550 , 915968 , 624133
-1.05783e+06 , -1.05623e+06 , -1.02301e+06
-93225.9 , 287623 , 582756
-50125.4 , -899737 , -619054
-9389.2 , 697248 , -101611
1.62986e+06 , -37168.7 , 1.39262e+06
1.24306e+06 , -459773 , -1.16628e+06
-654212 , 483909 , -1.43696e+06
375716 , 550342 , -946172
-682501 , -1.33601e+06 , 275472
689154 , -1.3721e+06 , 186566
-290224 , -855111 , -1.18718e+06
-576305 , -224282 , 509945
-442161 , -675875 , -306644
1.08125e+06 , -41590.1 , -1.691e+06
-754593 , -637763 , -309683
-974020 , -1.25782e+06 , -645363
262438 , 22860.7 , 33912.9
1.72617e+06 , -1.23459e+06 , 569662
-1.20003e+06 , -1.09776e+06 , -319166
-67032.2 , -613860 , -1.45176e+06
-494878 , 194582 , -7177.52
1.19995e+06 , 513079 , -854350
-685808 , -736757 , -1.41385e+06
833511 , 878622 , -678742
-286102 , 60072.9 , -1.3991e+06
793642 , 399137 , 731731
884028 , 1.46091e+06 , 112790
-1.65721e+06 , -970767 , 366802
-281341 , -1.22947e+06 , -525496
-817656 , 643819 , -1.25062e+06
1.30419e+06 , -906557 , -674559
461677 , -1.81066e+06 , -67585.4
221331 , -964759 , 951310
1.31698e+06 , 290851 , 776189
-987303 , 99893.6 , -230496
240717 , 1.26694e+06 , 1.5253e+06
-1.09723e+06 , 999716 , 703361
1.20954e+06 , 639625 , 324933
-400434 , 660392 , -496303
881222 , 507554 , 469724
-736463 , 924088 , 1.26731e+06
162833 , 517792 , 203625
1.47491e+06 , -790437 , 382461
749973 , 78176.6 , -615190
-1.14896e+06 , 1.49051e+06 , -586020
-1.36646e+06 , 597349 , -326817
-822536 , 443803 , -866523
-899561 , 1.34818e+06 , -376969
1.47588e+06 , 1.60118e+06 , -450079
421314 , -823214 , -640801
832415 , -370913 , -1.68366e+06
233175 , 427429 , -1.04694e+06
1.40163e+06 , -31221.3 , -801548
-1.17408e+06 , 357927 , -1.32584e+06
216353 , 105131 , -351234
569753 , -1.27564e+06 , 1.15834e+06
412947 , 259656 , 2779.61
957137 , 403310 , 1.29776e+06
-1.0197e+06 , 394865 , 1.50408e+06
1.46241e+06 , 494287 , 82771.4
497418 , -589643 , -1.57707e+06
-1.23639e+06 , -307713 , 969236
422016 , -1.08342e+06 , 1.14869e+06
-1.13352e+06 , -1.13325e+06 , 1.17229e+06
-100852 , -500011 , 80043
302516 , 949876 , -1.44117e+06
622592 , -845703 , 1.53657e+06
-1.31852e+06 , -1.39249e+06 , 911237
909186 , 792436 , 1.47758e+06
-1.05186e+06 , -1.60198e+06 , 1.18405e+06
489822 , 836726 , 247061
1.06808e+06 , -1.07602e+06 , 839466
1.29568e+06 , 916662 , -197185
85430.3 , 1.5983e+06 , -513366
121138 , -1.1696e+06 , 308430
-397402 , 302880 , 429230
1.23898e+06 , 455619 , -894816
-897370 , 185272 , -1.41179e+06
467639 , 1.24087e+06 , 918067
121390 , 107995 , 911430
1.79357e+06 , -273082 , -492035
-712247 , -292047 , -686071
1.74441e+06 , 141101 , 771619
-716814 , 325618 , -703513
39813 , 267781 , -1.40504e+06
-252901 , -8051.93 , 1.64605e+06
266722 , 1.6366e+06 , -513418
-1.11817e+06 , 184995 , -321947
504361 , -1.33417e+06 , 778857
-271180 , -937560 , 1.13009e+06
880506 , 758775 , -42274.6
289287 , 536065 , -1.37322e+06
-70328.2 , -424514 , 1.4003e+06
-123835 , 724556 , -700855
373271 , 623989 , 1.13525e+06
447107 , -12337.7 , 1.62266e+06
482964 , 297107 , -818452
-220720 , 576294 , -122857
-924629 , -268032 , -201345
-202088 , 635722 , 1.28174e+06
-358113 , -651161 , 1.14028e+06
-695864 , 289264 , 497266
-1.4396e+06 , -129205 , 262801
-460957 , -1.37251e+06 , -1.46732e+06
-405948 , -1.64467e+06 , -1.3938e+06
404474 , 329232 , 497336
-1.00952e+06 , 38237.8 , -183199
389243 , 1.01317e+06 , -14367.7
-356266 , 468196 , 1.58798e+06
-622867 , -1.67585e+06 , 134690
-809579 , -123447 , -131270
-1.27491e+06 , 813230 , -780594
-488806 , -874952 , 600175
-597150 , 1.83991e+06 , -120648
-533018 , 714920 , 869178
625980 , -193671 , -1.2136e+06
-920857 , 1.15221e+06 , 430395
-138179 , -81273.5 , -4778.06
-821717 , 283848 , 99131.8
1.53922e+06 , 621956 , -1.26515e+06
531992 , -124179 , -931734
1.16313e+06 , 1.35607e+06 , 136033
-923380 , 1.24853e+06 , 294299
-936091 , 622486 , -74135.1
-254599 , -1.52414e+06 , 1.01783e+06
1.24887e+06 , -120705 , -682070
26471.5 , -262315 , 531786
-1.3087e+06 , 538447 , -580013
214890 , -718619 , 1.84713e+06
105933 , 620660 , -315516
-1.2238e+06 , 1.27061e+06 , 1.28877e+06
104462 , 1.59311e+06 , 1.98918e+06
980415 , 28207.5 , 421818
-655759 , 1.2528e+06 , -1.04848e+06
-53945.3 , -638565 , 1.80436e+06
1.74855e+06 , -903327 , -664570
1.34007e+06 , -1.79835e+06 , -44446.2
-836627 , 191279 , 733568
-144507 , 672588 , 1.32836e+06
-395453 , -506474 , -157092
738175 , -37292.7 , 160157
-457030 , 439099 , 555168
-1.33067e+06 , -706056 , 737922
32171.5 , -1.07718e+06 , 1.15606e+06
-1.44769e+06 , -618946 , 275621
53360.4 , -333552 , -1.6647e+06
-892271 , 597443 , 576974
-1.74452e+06 , -1.21528e+06 , 422412
204920 , -313608 , -733331
-1.37926e+06 , 712728 , -257146
659.922 , 433522 , -1.08108e+06
620526 , 1.21585e+06 , -1.09433e+06
2.16577e+06 , -128690 , 589752
539265 , -225356 , 150722
-308902 , -760868 , -222583
644216 , -310095 , 872394
-455345 , 180998 , 1.86297e+06
840447 , -1.08028e+06 , 165809
2.03764e+06 , 48748.2 , -942480
-1.27967e+06 , 988295 , -56842.9
-481703 , -71433.7 , 773136
-733822 , 40527.1 , -186224
646361 , -1.48972e+06 , 944500
-1.82398e+06 , 317251 , -44046.8
272255 , -1.23768e+06 , -639065
-754647 , 545752 , -231641
-936778 , 120671 , -630802
110728 , -1.04989e+06 , 1.31885e+06
707995 , -1.29037e+06 , -1.32151e+06
1.927e+06 , -523238 , -723012
-541344 , 734503 , 1.85246e+06
922387 , -34555.7 , 646118
1.12207e+06 , 1.42586e+06 , 159559
-71256.6 , -230615 , -1.34408e+06
93905.1 , 1.11593e+06 , 1.2914e+06
-1.32737e+06 , 41682.7 , -1.33599e+06
1.58952e+06 , 169330 , 79672.4
-744021 , -1.04444e+06 , -219778
838813 , -2.17756e+06 , 571039
1.24332e+06 , 611784 , 220373
-180916 , -1.19433e+06 , 907454
1.08277e+06 , -929407 , 1.40433e+06
348850 , 1.0108e+06 , 1.06017e+06
1.73037e+06 , 731811 , -12205.1
351410 , -1.3176e+06 , -373288
629575 , 11799.7 , -1.64564e+06
223720 , 992003 , 9433.14
-242452 , 1.39525e+06 , 1.64608e+06
104912 , 1.16969e+06 , 1.10812e+06
802677 , 1.09131e+06 , -872735
-1.42304e+06 , 36421.8 , -662313
532483 , -538407 , -959655
1.71559e+06 , 239812 , 1.50161e+06
1.19956e+06 , -745017 , 737840
1.64555e+06 , -1.25238e+06 , -232407
-668756 , -270880 , 1.32058e+06
-467082 , -989688 , 258553
233147 , -996646 , 177444
-241291 , -175153 , 115103
1.41576e+06 , -1.17876e+06 , -1.13473e+06
1.21654e+06 , 129735 , -1.09887e+06
1.05882e+06 , 1.36002e+06 , 184552
-718118 , 1.06195e+06 , -1.18942e+06
634513 , 440303 , -231426
272044 , -1.06677e+06 , 449907
964165 , -1.22448e+06 , 908198
-703141 , -802948 , 1.19088e+06
-1.75255e+06 , 218439 , 164855
-692489 , 1.48947e+06 , 223688
-207476 , 828646 , -89223.5
-272762 , -664720 , 326833
577312 , -336012 , -565503
-1.22751e+06 , 219942 , 464791
1.03251e+06 , 398751 , 672208
1.19641e+06 , -858902 , 673099
1.81906e+06 , -78421.5 , 1.50759e+06
192719 , -105900 , 184271
602097 , -120012 , -158791
119540 , -26214.6 , -72198.4
-1.82678e+06 , -88745.1 , -291447
290795 , 815543 , -689077
-891237 , -1.12169e+06 , 1.06988e+06
946357 , -878129 , 702535
-121992 , 665479 , -711669
574715 , 827680 , -1.61902e+06
485868 , -39037.1 , 1.27536e+06
-999130 , 253640 , 1.73779e+06
244.617 , 1.17733e+06 , 1.40516e+06
583990 , 577823 , 1.43219e+06
1.22035e+06 , -799206 , -411375
-1.38151e+06 , 1.51985e+06 , 1.23453e+06
1.09431e+06 , -1.13412e+06 , 228707
-555164 , -1.297e+06 , 1.11375e+06
-1.51077e+06 , -373077 , 751799
-738589 , 138735 , 767954
805046 , 327595 , -127511
-672750 , -135869 , 1.85873e+06
445975 , -18756.7 , -1.30276e+06
-89012.1 , -192469 , 501150
-187643 , -942012 , 192302
-237267 , -483745 , -16048.1
472021 , -1.03169e+06 , 53445.9
580069 , 1.67256e+06 , -492356
-97371.1 , -474729 , -1.86917e+06
-1.57617e+06 , 144093 , -219982
-1.58232e+06 , 781307 , 741655
233334 , -937063 , -635486
-1.04614e+06 , 507908 , 2.36198e+06
-955695 , -1.3942e+06 , 1.03081e+06
-674952 , -460122 , -2.06865e+06
1.26553e+06 , -138937 , 1.04196e+06
1.80081e+06 , 692465 , 660685
830928 , -773417 , 1.76474e+06
108323 , 1.12958e+06 , 593443
-561602 , 1.15812e+06 , 96304.9
-1.20899e+06 , -451692 , 265278
1.08567e+06 , -497996 , -1.50269e+06
-953547 , 1.49136e+06 , -23456.4
853385 , 665248 , -842204
-1.8354e+06 , 1.03655e+06 , 136575
191864 , 1.83854e+06 , -294078
815590 , 1.38955e+06 , 1.45182e+06
1.67262e+06 , 700700 , -105129
1.18239e+06 , -758811 , 340245
-1.49902e+06 , 1.03829e+06 , -388631
-805755 , 379644 , 231849
-799951 , 506589 , 1.41889e+06
135524 , 1.73396e+06 , 492778
1.4517e+06 , 795886 , 678833
-849628 , 903677 , -588793
1.88409e+06 , 1.59818e+06 , -139332
-390151 , -952376 , -44062.8
-212039 , 1.18898e+06 , -609347
-470425 , -57749.6 , 178801
-59084.9 , -806247 , -186887
736715 , -481994 , -467511
-1.32368e+06 , 1.42929e+06 , -1.05166e+06
-719766 , -558882 , 65403.6
615383 , -851575 , 9686.73
1.54072e+06 , -747841 , -238838
931343 , -1.47258e+06 , 74763.7
550933 , -548120 , -422396
108405 , -706823 , -1.6659e+06
129360 , -38490 , -452791
1.69247e+06 , -334604 , -621170
824894 , 2.12625e+06 , -1.34851e+06
-191340 , 1.66137e+06 , 47355.8
1.59593e+06 , -1.71949e+06 , 305291
585612 , 1.55874e+06 , -162893
-347192 , -601283 , 814804
716689 , -1.31089e+06 , -503955
-1.50898e+06 , 631053 , 1.16474e+06
9206.5 , 635393 , 389179
-845025 , -1.1329e+06 , -52654.5
-571075 , -778522 , 1.00517e+06
-717283 , -159397 , 568731
53606.9 , 460604 , 375760
954883 , 1.47462e+06 , -986183
766382 , -317607 , 1.33296e+06
-11581.4 , 1.20317e+06 , 494043
1.14309e+06 , -777413 , -699480
1.49573e+06 , -1.14713e+06 , 463498
-221348 , 46818.7 , 1.66884e+06
351066 , -1.18291e+06 , -445631
-29888.7 , -125872 , 696987
321702 , -367634 , 2.16357e+06
429528 , -1.64398e+06 , 382289
-162167 , 1.44724e+06 , -1.3612e+06
-5339.51 , 399928 , -659968
-408326 , 205169 , 255339
328494 , 212977 , -1.45398e+06
-1.02038e+06 , 442838 , -233054
1.05451e+06 , 1.06385e+06 , -14001.4
-44412.6 , 620354 , -274886
1.13426e+06 , -712935 , 1.61128e+06
-1.35264e+06 , 881210 , -707807
1.49935e+06 , -466399 , 984167
548381 , -1.09169e+06 , -1.03441e+06
714741 , 51446.8 , 1.76626e+06
-1.0837e+06 , -666086 , 312767
-980035 , -1.71933e+06 , -89959.6
-622871 , -1.49225e+06 , 804152
-781508 , -215355 , -301701
1.51149e+06 , -989357 , -480522
-635744 , 416438 , -201674
-572819 , 1.09226e+06 , 1.22076e+06
-673019 , 550208 , -509337
-383424 , -1.61885e+06 , 807774
622236 , -423734 , 1.28378e+06
-414446 , -1.29717e+06 , 310434
-679114 , 375816 , -775218
-632402 , -1.48876e+06 , -480746
-387409 , 582217 , -540555
-1.50391e+06 , 1.81109e+06 , 939820
-162549 , -1.91949e+06 , -248466
195263 , 742597 , 1.29276e+06
-998838 , -720267 , -253590
-635413 , -67236.6 , -2.43102e+06
478995 , -1.48391e+06 , -232627
-799497 , -313203 , 654288
381634 , -395796 , 379265
-159500 , 674750 , 1.06684e+06
343474 , -932917 , 1.20716e+06
992783 , 1.0648e+06 , -615346
294812 , -919564 , 1.19238e+06
-1.20216e+06 , -1.22957e+06 , -787406
-959658 , 741585 , 1.9856e+06
-167361 , -658031 , 433180
1.49731e+06 , 202525 , 253034
130310 , 432247 , -371493
1.12416e+06 , 411148 , 268422
318703 , 192995 , -661048
-262069 , -767691 , -1.50127e+06
-387476 , 1.19414e+06 , -850214
-86216.6 , -1.00932e+06 , -1.0774e+06
-283553 , -1.83934e+06 , -636350
-484518 , -1.25202e+06 , 990553
1.84207e+06 , 623991 , -158912
-701962 , 213777 , 1.72259e+06
-1.24008e+06 , 138199 , 279996
-257165 , 1.27744e+06 , -555587
-471818 , -39909.2 , -1.2773e+06
-80933.4 , 318021 , -47807.2
-7770.61 , 88443.8 , 833199
137185 , -595293 , 838026
-1.12064e+06 , 150301 , 272981
1.74864e+06 , 1.59003e+06 , 1.55801e+06
1.23769e+06 , 246199 , 1.46076e+06
-743398 , -12593.8 , 687365
-795717 , 1.9976e+06 , -205964
158560 , 1.9197e+06 , 113284
226904 , 37652.1 , -168659
912099 , 136174 , 804159
-135784 , 29603.4 , -2.02191e+06
-198263 , -1.47763e+06 , -641084
580044 , 1.68293e+06 , -394776
-1.36367e+06 , 256997 , 98889.5
1.09547e+06 , 26854.1 , -1.14723e+06
287399 , -351425 , 1.31305e+06
-114157 , -880126 , 326526
593993 , -56687.4 , -1.85558e+06
1.60526e+06 , -514182 , 862199
-23985.8 , 999514 , 802903
424523 , -377596 , -1.78373e+06
-827926 , -757493 , -959571
-1.13431e+06 , -333487 , 586015
847381 , -1.67684e+06 , 216100
-40214.5 , 852019 , -121887
558362 , -786039 , -906122
-1.19117e+06 , 1.53968e+06 , 364768
1.49676e+06 , 662769 , 544773
-930574 , -256636 , 884446
-436860 , 471947 , 736252
-537718 , -1.18638e+06 , 1.06244e+06
-509412 , -963778 , -772153
565991 , -1.62873e+06 , -145617
1.80101e+06 , 235794 , -59208.6
-16493.8 , 134315 , 1.62523e+06
713552 , -629628 , 707698
-165051 , -459157 , 217035
-359434 , 2.49736e+06 , 68385.7
572592 , 248187 , 1.08335e+06
1.01635e+06 , -1.17313e+06 , 1.92688e+06
-472504 , 1.2091e+06 , 1.34103e+06
470249 , 386285 , 239405
901256 , -647235 , -723443
194784 , -628467 , 886458
-66155.8 , 464806 , 865502
-1.56864e+06 , -173979 , 464987
826441 , 106888 , -34779.3
-728276 , 1.60764e+06 , -299018
975486 , -1.349e+06 , -145487
291244 , -669984 , -1.02705e+06
-59231.7 , -1.14474e+06 , -843273
643485 , -1.34667e+06 , -816323
-1.11146e+06 , -191973 , 444770
1.28842e+06 , -772911 , 55573
-937294 , 818973 , -187015
-280734 , 161497 , -1.5307e+06
-45745.6 , -1.43279e+06 , 642372
-1.17311e+06 , 526020 , 948045
117050 , -1491.05 , 1.3779e+06
-1.86145e+06 , 143607 , -827596
-834495 , -540540 , -723146
-207460 , -497096 , 548700
827473 , -321106 , 750310
114607 , -870881 , 1.90332e+06
-506645 , 50777.6 , 1.15763e+06
443409 , -1.97891e+06 , 1.54102e+06
-1.18705e+06 , -1.12699e+06 , -740547
1.33568e+06 , -912640 , 86362.1
-312724 , -1.01378e+06 , 646328
328152 , -1.34936e+06 , -854605
-692620 , -1.18454e+06 , -999871
691585 , 777023 , 862503
-705556 , -456526 , 76822
218319 , 1.21442e+06 , -1.39898e+06
-372229 , 774066 , -1.05928e+06
-286537 , -296882 , 1.82642e+06
506997 , 1.53789e+06 , 212793
-627033 , -2.0125e+06 , -470823
-1.17518e+06 , -328076 , 1.0871e+06
207699 , 389911 , 763698
-221119 , -328569 , -1.03278e+06
575256 , 1.10191e+06 , -495939
1.8551e+06 , 5951.32 , -184260
-12932.4 , 914583 , 698709
-1.31234e+06 , -190659 , -630464
768457 , -76654.5 , -1.42089e+06
-570485 , -1.40454e+06 , 628626
-243130 , 775081 , 902756
-1.53158e+06 , 219660 , -398120
489639 , 489103 , 535512
-1.01231e+06 , 1.32514e+06 , 563481
359410 , 111392 , 1.91099e+06
-648350 , -910183 , -1.02544e+06
-2.17927e+06 , 112112 , -345854
1.38646e+06 , 167834 , 790742
768161 , 56920.9 , 1.16074e+06
-1.08086e+06 , -1.62299e+06 , -120159
450519 , 644310 , -552528
697516 , -1.35294e+06 , 432267
-2.05821e+06 , -1.0258e+06 , 96410.9
-1.06403e+06 , -1.33294e+06 , 142218
-164798 , -403926 , 747739
-144871 , -767952 , 840254
-947330 , -350286 , -1.44991e+06
1.20054e+06 , 1.17712e+06 , -885162
496218 , 638973 , 450197
359761 , -86071.7 , 2.14424e+06
-817117 , 625507 , -1.22523e+06
176398 , -1.49224e+06 , 94351.6
604490 , 663924 , -256959
204175 , 935446 , 722745
345687 , 1.18357e+06 , -837303
892556 , 222316 , -809450
-750748 , -1.03055e+06 , 1.33535e+06
-336509 , -1.42347e+06 , 1.45383e+06
729004 , -262778 , 532343
-309075 , -522285 , -409447
-328052 , -657500 , -1.24934e+06
-789848 , 486874 , -1.28401e+06
-371145 , -1.04586e+06 , 486666
32889 , 1.06916e+06 , 724513
1.1709e+06 , -665648 , -501930
-98777.8 , -1.86017e+06 , -42606.9
572036 , -745241 , -1.45288e+06
-493773 , -237468 , 822600
1.15134e+06 , 144538 , 82582
438039 , -64851.4 , -1.7969e+06
-322645 , -1.59678e+06 , 1.21072e+06
1.18167e+06 , 146219 , 943822
-48080.2 , -2.0018e+06 , -426633
-989219 , 1.3459e+06 , -570955
1.46645e+06 , 39339.8 , -793604
703368 , 1.5539e+06 , 801441
-275194 , -1.2623e+06 , 422094
998876 , 784881 , -586129
697915 , 1.06821e+06 , -157834
1.19927e+06 , -715709 , 493026
-338637 , -1.42543e+06 , -670984
1.79985e+06 , -349032 , -99061.4
255737 , -562856 , -1.30227e+06
2.05783e+06 , -317272 , 232309
150918 , 547163 , -545670
820688 , -819603 , -419288
-159178 , 660667 , -18519
1.13886e+06 , 474545 , -661619
-368815 , 332513 , -1.12087e+06
123392 , -1.3346e+06 , 423022
-443282 , 237696 , -622342
1.15164e+06 , 1.25382e+06 , 588438
1.10721e+06 , -1.82313e+06 , 496411
-423096 , -1.13223e+06 , 1.44687e+06
-1.21686e+06 , -1.22598e+06 , 344479
-366657 , 949860 , -400902
-576902 , 349215 , 116011
-425932 , -15800.3 , 1.1208e+06
509859 , -814674 , -355136
-77366.3 , 386404 , -694684
-1.48629e+06 , 1.26157e+06 , 307021
-124131 , -1.44793e+06 , -547513
533504 , -574644 , 1.34272e+06
733594 , -449216 , -689229
839322 , -1.02508e+06 , 559379
579464 , 1.22202e+06 , -1.25867e+06
-393873 , 1.38228e+06 , -161769
313513 , -719856 , 303797
30847 , -84483.5 , 604657
160790 , 1.45703e+06 , -1.48149e+06
187113 , -990474 , 1.26153e+06
-1.7355e+06 , 428792 , -157885
-1.3685e+06 , -951823 , 786611
-989761 , 273353 , 1.45355e+06
-189937 , 761207 , 57775.2
-1.33907e+06 , -677532 , -1.30348e+06
-660483 , -1.66162e+06 , 474941
-603216 , 1.01322e+06 , -1.32523e+06
-1.57265e+06 , -603331 , 864526
-74709.7 , 540377 , 354892
262520 , 1.24038e+06 , 244719
1.16842e+06 , -7846.06 , 100921
54181.1 , 722721 , 1.23463e+06
-1.01864e+06 , 1.15837e+06 , -242297
232261 , 917101 , 497459
-1.78104e+06 , 777894 , 210738
464722 , -1.6668e+06 , -492077
1.25339e+06 , 521599 , -275357
-146445 , 57381.7 , 986018
1.53149e+06 , -115240 , 78266.1
1.35522e+06 , -855699 , 502927
1.11702e+06 , 575493 , 206537
-734230 , -1.23784e+06 , -402996
-604181 , -586057 , -148846
-278044 , 747966 , -606063
-324930 , 530339 , -1.36831e+06
1.09685e+06 , -1.21283e+06 , -185370
695460 , -1.50266e+06 , -581334
-630281 , -85438.3 , -625931
-1.33969e+06 , -535165 , 540934
163054 , 245654 , 983387
150815 , -731581 , 932517
-448200 , 1.51421e+06 , 213057
-827376 , -1.82161e+06 , -470501
384807 , 708452 , -509235
-195263 , -199867 , -2.16048e+06
762900 , -581740 , -830145
-557055 , 242822 , 1.51402e+06
-1.54174e+06 , 1.10076e+06 , -415332
-4446.87 , -1.40154e+06 , -1.10902e+06
-1.25515e+06 , 1.25546e+06 , -634775
-1.32573e+06 , 849219 , 1.16076e+06
-24719.1 , 150667 , -944388
-1.87664e+06 , 422856 , 373774
1.44696e+06 , -902837 , 576817
200162 , 372782 , -287898
-527251 , 469578 , -1.11808e+06
-39514.3 , 837709 , 264731
-15032.7 , 1.76447e+06 , -682719
-532248 , 695891 , -815994
-47960.3 , 222307 , -1.24491e+06
-344334 , 86226.6 , -1.19223e+06
295953 , -754741 , 443160
-51046.3 , 1.89253e+06 , -1.10797e+06
-639759 , 613171 , -1.28859e+06
883849 , 707677 , 1.58238e+06
-912449 , 975173 , 172831
-945667 , 773106 , -546917
829031 , -1.231e+06 , 497593
232255 , 763901 , 564758
1.17417e+06 , 446747 , 914907
-867499 , 1.30128e+06 , 92575.3
-1.59507e+06 , 1.37572e+06 , 847044
1.39391e+06 , 4078.86 , 1.02469e+06
-685403 , 1.24525e+06 , -1.34732e+06
-81562.6 , 192199 , 1.09298e+06
-404640 , 1.63304e+06 , -521033
-984390 , 746009 , -344734
706233 , 857706 , 1.28128e+06
1.43497e+06 , -631947 , -499510
-758584 , -400540 , -1.24496e+06
-718971 , 1.97487e+06 , 288343
386939 , -654909 , 1.35673e+06
826769 , -909782 , 270664
461859 , 624207 , -1.21385e+06
576427 , -738784 , 432732
-849408 , -182437 , -1.62558e+06
239141 , 1.16175e+06 , 1.71927e+06
-319516 , -841205 , -177232
11146.8 , -365427 , -2.12974e+06
810040 , 47421.2 , -1.21135e+06
-905869 , -1.32523e+06 , -21530
800852 , 20421.4 , 2.26786e+06
-441933 , -309169 , -557931
2.00231e+06 , 661079 , 1.21708e+06
250005 , -1.07661e+06 , 205039
1.42677e+06 , 491909 , 72687.8
-454338 , -966176 , -1.47351e+06
-758805 , -119465 , -1.82103e+06
451460 , -248443 , 1.17535e+06
25549.1 , -982647 , -1.54769e+06
763695 , 803200 , -79001.6
902942 , -697245 , -1.21761e+06
-952871 , 354670 , 787225
-76862.6 , 1.21939e+06 , 42199.8
-1.05563e+06 , 1.4792e+06 , 451830
-913346 , -1.67324e+06 , 441405
775035 , 204619 , -1.70596e+06
110422 , -657165 , 536011
2.20505e+06 , 645200 , 68428.9
928333 , -483203 , 1.10081e+06
966556 , 659914 , -759670
-864396 , -1.07812e+06 , 550972
-385146 , -960687 , 1.30568e+06
874826 , 72788.7 , -233776
2.21797e+06 , 620740 , 459018
-555546 , -298049 , 1.69763e+06
562303 , 942341 , 1.19678e+06
1.29748e+06 , 861718 , -1.23249e+06
-1.53416e+06 , -230597 , 541599
-265976 , -960607 , -1.84247e+06
-808711 , 86494.6 , -138733
-1.84663e+06 , 260508 , 37149.7
430818 , 1.17794e+06 , -951899
-320728 , 1.02423e+06 , 320410
-119374 , -81832.3 , -1.31332e+06
-960152 , -893259 , 116025
-217586 , -735937 , 2.27165e+06
1.27667e+06 , 1.06686e+06 , -540709
-581190 , -1.60887e+06 , 1.35666e+06
632444 , -1.68937e+06 , 1.00177e+06
-4080.36 , 870819 , 1.33025e+06
-692275 , 434201 , 584259
-729529 , 1.11088e+06 , -2.07754e+06
452865 , 1.06589e+06 , 365198
-1.57731e+06 , 1.41e+06 , 692405
211749 , 592793 , 238191
1.20894e+06 , -1.34591e+06 , -572306
-141161 , -1.70835e+06 , -300135
-112214 , -595449 , 1.12486e+06
-401140 , -1.21926e+06 , 992071
449543 , -78106.1 , 861079
794136 , -21014.5 , -794108
-1.96623e+06 , 784181 , -537975
-1.57985e+06 , 122651 , -194164
442864 , -979312 , 1.00282e+06
-742682 , -517129 , 1.88034e+06
-521068 , -978952 , 1.4945e+06
264782 , -1.66736e+06 , 26465.3
-429920 , -468630 , -116862
410009 , -401117 , -1.50237e+06
-518434 , 420463 , -290782
-266822 , 83602.4 , -939856
-333208 , 379700 , -407874
-223797 , -293833 , 1.71812e+06
430903 , -190025 , -1.12101e+06
1.22458e+06 , -761300 , 775142
988180 , -859310 , -289290
-673175 , 886070 , 633430
847966 , -2998.68 , 872060
1.87181e+06 , 952819 , -149447
926736 , -507557 , -171701
686780 , -542037 , -415902
-306681 , 618189 , -177852
-80719 , 1.49132e+06 , 778827
310429 , -296114 , 1.1677e+06
-895221 , -791578 , 592659
-191162 , -2.03566e+06 , 714457
1.01594e+06 , -811160 , -1.30475e+06
-1.00062e+06 , 258215 , -1.13886e+06
508957 , 1.29563e+06 , -523385
625.487 , 57645.1 , 114903
581617 , -199125 , -809786
-2.07639e+06 , 415522 , -847655
-1.26037e+06 , 72349.1 , 1.63372e+06
973238 , 324814 , -686219
528605 , 716498 , -508123
-788768 , 53310.5 , -1.36214e+06
1.40326e+06 , -250289 , -213035
111821 , -175608 , 1.01896e+06
-109757 , -1.52005e+06 , -971882
199272 , -28667.9 , 1.66861e+06
-678440 , 710752 , 518346
-101468 , -1.04648e+06 , 2.11405e+06
-186174 , 1.42716e+06 , 1.84385e+06
-1.4965e+06 , 110859 , -583577
698981 , 609886 , -1.03067e+06
-43110.4 , 1.14139e+06 , 76503.1
-452261 , 707342 , 1.02174e+06
711662 , 1.31348e+06 , -1.26701e+06
631593 , 261154 , -496277
-182252 , -887202 , -35389.5
-255895 , 1.08819e+06 , -43467.7
344811 , -782572 , 292664
192207 , 847981 , 1.39197e+06
170100 , 854481 , 214376
-718829 , -901775 , 1.40575e+06
-470456 , -1.76046e+06 , 1.52803e+06
751974 , -223291 , 176010
1.20136e+06 , 702848 , 328467
-1.54154e+06 , -341026 , 792463
-168782 , -1.64565e+06 , -647422
-1.22085e+06 , -1.92547e+06 , 757858
4022.56 , -167637 , -1.32391e+06
1.1275e+06 , -315817 , 144833
-174541 , -1.52828e+06 , 674933
-1.71372e+06 , -668366 , 705541
788375 , -88582.2 , -795116
-136673 , -709521 , -1.14932e+06
1.3462e+06 , 12124.1 , -844930
-934826 , -1.05984e+06 , 1.6051e+06
-775829 , 145817 , 1.13842e+06
1.27212e+06 , -366295 , 1.27305e+06
1.1409e+06 , -151837 , 173868
381441 , 645740 , 282140
510326 , -1.37764e+06 , 9567.81
959603 , -1.01557e+06 , -1.07789e+06
999199 , 1.44151e+06 , -517534
478725 , 1.20282e+06 , -265154
819163 , -1.63995e+06 , -122093
-986218 , -17341.4 , -777549
1.80075e+06 , -413134 , -525935
-592693 , 666537 , 1.50077e+06
-436472 , -443010 , 37868
-2262.76 , 986449 , 1.49054e+06
896068 , -2.19266e+06 , 478659
1.57586e+06 , 300620 , 983522
288117 , 1.04087e+06 , -725276
-922046 , -224855 , 140087
-279005 , 314628 , -576747
1.38757e+06 , 409701 , 1.60744e+06
691262 , 702915 , 1.7993e+06
-393515 , 1.72606e+06 , 612144
112507 , 1.59214e+06 , -195322
-887094 , -312100 , -899761
1.76441e+06 , -191533 , 810441
1.03821e+06 , -2.09333e+06 , 512402
-1.3097e+06 , 269023 , 675206
-628253 , -30254 , -181209
-4260.14 , -1.89098e+06 , 394254
-1.5165e+06 , -838591 , 27810
340021 , -816062 , 833141
327276 , -1.08212e+06 , -611775
124671 , -236241 , 581556
-208153 , 250664 , 663949
675026 , -149634 , 231152
-486604 , 955076 , -1.59148e+06
1.2068e+06 , -1.00411e+06 , 12294.2
713069 , -81513.6 , -888916
509624 , -992574 , -712104
-552269 , 207627 , 804546
-156075 , -716871 , 1.4542e+06
758971 , -115344 , 1.40095e+06
394817 , -320815 , 773544
-1.13917e+06 , 415008 , 817499
704259 , -373721 , -803057
-1.01692e+06 , 22501.5 , -119900
-1.16513e+06 , -1.42374e+06 , -236236
-2.17072e+06 , 20521 , 70810.9
-1.62129e+06 , 1.61425e+06 , 188125
-105993 , -340032 , -2.10498e+06
-1.24735e+06 , -485132 , 686494
193398 , 443636 , 882232
1.37169e+06 , -381235 , 268775
195715 , -746030 , -792724
-72918.3 , -241266 , -752961
-1.33184e+06 , -1.31326e+06 , 202998
1.34156e+06 , -922279 , 469.297
155229 , 1.29714e+06 , 279980
-102284 , 468110 , 959524
-72151.5 , -1.87e+06 , 776586
-358857 , -20596.3 , -967158
-296878 , 2.18713e+06 , 272212
383000 , -69878.2 , 1.64007e+06
-30195 , 4508.81 , -507835
-1.36242e+06 , 1.84251e+06 , 126949
-812982 , -840439 , -1.35695e+06
-806027 , -719054 , -587608
-2.09364e+06 , -821591 , -277892
329936 , -101115 , -173167
1.32367e+06 , 78406.7 , 263114
705714 , 1.00692e+06 , 540808
630032 , -110087 , 390065
-624672 , -764274 , 1.24962e+06
-1.75359e+06 , -796343 , 40327.5
484862 , 1.16562e+06 , -526007
-350406 , 706414 , 534851
28742.1 , -68481.1 , -1.35297e+06
588747 , 180849 , -973822
1.26667e+06 , 43262.5 , -230549
-1.21451e+06 , 674931 , 977323
668561 , 499419 , 2.02325e+06
-1.2543e+06 , 281544 , -487638
75223.9 , 690598 , 677611
-192553 , 2.17439e+06 , -934025
-1.50009e+06 , -557310 , 1.88984e+06
597735 , -1.13364e+06 , -604880
-1.73829e+06 , 380435 , 468700
-573834 , 303605 , -320295
-1.48196e+06 , -1.62981e+06 , -613329
435424 , -542241 , 1.91105e+06
-1.40336e+06 , -959046 , 1.04277e+06
951182 , -318712 , 1.3501e+06
-21223.2 , -1.54866e+06 , 133112
-301564 , 111627 , 915894
582853 , 245282 , 265538
-57260.3 , 1.44333e+06 , 482309
-118387 , -189928 , 158293
1.21454e+06 , 1.25097e+06 , -309603
842558 , -601147 , -1.67397e+06
1.20785e+06 , -21897.3 , 182878
-1.44714e+06 , 1.00408e+06 , 852030
4343.39 , -1.09859e+06 , 1.07969e+06
-770362 , -349266 , -204242
-762682 , 758241 , 461082
-446130 , -438352 , 689595
-157598 , -849570 , -169443
242282 , 534779 , 67660.9
-553826 , 1.24707e+06 , 1.32104e+06
523281 , -458338 , 1.64926e+06
369666 , -1.20564e+06 , -175717
-205845 , -353663 , -857953
-75292.1 , -1.35071e+06 , -571330
1.81458e+06 , 467347 , -897277
-320684 , -1.12449e+06 , -789280
568353 , 1.00685e+06 , -89689.2
-1.11456e+06 , -139892 , 981869
-556047 , 1.23405e+06 , 450502
793197 , -426753 , -2.10916e+06
599125 , -201246 , 718266
792238 , -266713 , 201132
171313 , 1.11883e+06 , 49374.3
336722 , 256816 , -314082
-1.70949e+06 , -274868 , -384308
1.09436e+06 , -555085 , -868760
-161880 , 340283 , 631794
-626362 , 247367 , 1.48265e+06
1.00877e+06 , -33221.9 , -697304
87090.3 , -782141 , -1.21019e+06
533206 , 529004 , 2.05039e+06
-1.86097e+06 , 157304 , -176785
96525.7 , 651954 , -369125
581398 , -964856 , -45437.9
-358.547 , -977388 , -859182
-834747 , 865434 , 1.25172e+06
201913 , 1.43211e+06 , 1.05377e+06
-1.13775e+06 , -277204 , 1.35696e+06
-369814 , -910886 , 455677
-1.74621e+06 , 431655 , 694408
-831900 , 1.73501e+06 , -764010
830530 , 450473 , -705037
-1.40022e+06 , 874792 , -529461
214232 , 954976 , 137041
441224 , 362055 , -903826
110816 , -982972 , -1.20505e+06
-581330 , -225761 , -250686
976669 , 779895 , -49031
185228 , 1.01933e+06 , -1.52914e+06
-1.82315e+06 , 395866 , 1.37436e+06
1.18053e+06 , 368400 , 812184
-19153.5 , -1.22555e+06 , -102515
-692273 , 1.28558e+06 , 651258
879591 , 571596 , 339551
-1.10631e+06 , 303546 , 1.59855e+06
92770.9 , -1.23316e+06 , 1.10026e+06
1.19457e+06 , -982080 , 799921
-138890 , -102805 , -544512
-1.32591e+06 , -28225.9 , 837399
-610760 , 140673 , 678812
1.78566e+06 , 862690 , 14249.7
128190 , -449675 , 1.40013e+06
54814 , -1.13582e+06 , 1.00756e+06
-182347 , 371886 , -1.29849e+06
976924 , -1.69255e+06 , -555996
-199904 , 1.63606e+06 , -311293
302766 , -429972 , -2.11529e+06
328844 , 1.10545e+06 , 718152
121395 , -147285 , 584231
559468 , -785707 , 23846.6
1.06307e+06 , 565346 , -341318
1.14137e+06 , 791499 , 197451
403754 , 807900 , -1.4447e+06
696993 , 1.62868e+06 , 1.21952e+06
223022 , 998055 , 1.06716e+06
765715 , 330123 , -1.50084e+06
1.06327e+06 , 404325 , 645103
-1.27436e+06 , 1.19631e+06 , 704865
413953 , -1.05964e+06 , 769429
-1.47353e+06 , 591858 , -1.46926e+06
404437 , 959352 , -525636
-786407 , 1.40871e+06 , 1.13592e+06
315199 , 460231 , -708349
-1.19278e+06 , 974354 , -390545
-363478 , -652618 , 1.86961e+06
1.46137e+06 , -442355 , -1.22411e+06
413469 , 1.30154e+06 , -1.8347e+06
706190 , -824781 , -1.12333e+06
707645 , -347987 , 2.13953e+06
872935 , 1.46961e+06 , 9496.34
-320278 , 314550 , 1.48067e+06
-1.44794e+06 , 938647 , -45289.9
-930300 , -1.25549e+06 , 531520
83671 , 353025 , 3286.49
1.79902e+06 , -959978 , 167598
881869 , -1.85599e+06 , 1.53475e+06
-1.02624e+06 , 231160 , 470712
1.45536e+06 , -696647 , -677676
178469 , -705998 , 164183
-681057 , -1.47889e+06 , -459974
-344030 , 149021 , 70529.4
-1.12429e+06 , -548346 , -559989
-807311 , -535556 , -113128
509021 , 183246 , -421605
-1.34789e+06 , -684692 , -1.08775e+06
21828.7 , 554280 , -1.34773e+06
1.04031e+06 , 506284 , -546299
-53801.1 , 785764 , 1.79354e+06
145169 , -1.53315e+06 , 430455
-139361 , 1.84987e+06 , 157265
-612263 , 943454 , 1.25418e+06
193464 , 119206 , 662995
158391 , 1.88112e+06 , 564206
-67679.4 , 1.06702e+06 , -1.3254e+06
233956 , -693037 , -1.81462e+06
-640037 , -84999.7 , 1.5202e+06
-348655 , -436789 , -554835
646348 , 1.9327e+06 , -74955
-1.0332e+06 , -434734 , 216576
-212833 , -1.09857e+06 , 43408.1
-1.39896e+06 , 1.38598e+06 , 729182
-65195.3 , 765977 , 180866
-653378 , -954649 , 740549
30438.2 , 876531 , 97227.4
85388.2 , -219800 , 943561
-319456 , -111404 , 151079
61342.5 , -224756 , -558523
-949981 , 1.09584e+06 , 86228.2
857051 , -1.23921e+06 , -1.30014e+06
-580053 , -761351 , 1.09891e+06
555121 , -107911 , -235474
437534 , 743737 , -145510
344768 , -453709 , -1.03555e+06
-350380 , -1.85029e+06 , 836373
382155 , 496492 , -704746
629431 , 304779 , -1.43311e+06
-960434 , -357277 , -1.01785e+06
1.59392e+06 , 637156 , -398818
-569429 , -212881 , -1.13544e+06
-934834 , -756955 , 719402
-333848 , 934336 , -588444
134193 , -1.34448e+06 , -556717
-671145 , -5087.89 , 296589
1.24075e+06 , -749580 , -244325
-339964 , -1.73108e+06 , 1.56112e+06
-368331 , -830179 , -1.19295e+06
806928 , -638827 , -1.34479e+06
-896815 , 721664 , 949343
-884104 , 904610 , -1.30121e+06
-409711 , -354796 , -644597
1.27408e+06 , 1.38283e+06 , -1.37781e+06
-1.10229e+06 , 439393 , -1.33966e+06
1.49801e+06 , -220349 , -920226
1.04749e+06 , -747456 , -247452
-196668 , -717323 , 531911
-88400.9 , -48311 , 570664
1.38574e+06 , 498396 , 1.42487e+06
-1.35406e+06 , -290301 , -124893
1.4469e+06 , -341862 , -102535
1.23844e+06 , -523773 , 1.65864e+06
1.85831e+06 , 939783 , 825702
200571 , -1.12369e+06 , -395465
-214080 , 1.34657e+06 , 314715
-493514 , -491951 , -180603
370540 , -219650 , -1.58675e+06
-1.1954e+06 , -1.03715e+06 , -388251
-600425 , -745040 , 71536.8
-1.0698e+06 , -1.23443e+06 , 264972
1.29897e+06 , 297563 , 229091
407308 , 162590 , 618897
-691790 , -1.43339e+06 , -887256
1.42599e+06 , -599697 , -204848
1.46961e+06 , 109403 , 719203
231274 , -1.23333e+06 , -384377
1.09693e+06 , 1.26407e+06 , 142650
659135 , -278929 , -1.30436e+06
32055.6 , 921147 , 1.17938e+06
-1.13274e+06 , -5612.75 , 899056
953660 , 705540 , 1.67062e+06
-143681 , -1.17928e+06 , -1.21396e+06
-540896 , -106250 , 371963
-245858 , -1.62442e+06 , -1.07932e+06
-259281 , 859461 , 1.06558e+06
795459 , 1.25822e+06 , 776350
1.32382e+06 , -105765 , -632939
705535 , 2.05627e+06 , 932601
826557 , 631986 , 572066
643179 , 726609 , 1.44506e+06
313847 , -227350 , -390741
1.03875e+06 , -312643 , -966396
-534.498 , -324436 , -447501
521747 , 157456 , 1.08632e+06
1.7413e+06 , 59518 , 25962.2
317174 , 915448 , -2.21774e+06
737789 , -389563 , 628116
1.39829e+06 , -367687 , 197003
574768 , 1.01903e+06 , -29520.2
-493920 , -1.61862e+06 , -299363
747224 , -777466 , 172059
182940 , -830263 , 1.72829e+06
-1.43015e+06 , -65338.3 , -892900
830531 , 442267 , 1.16799e+06
-1.26996e+06 , 150779 , 1.32069e+06
-393864 , -2.12236e+06 , -370502
691481 , 1.3949e+06 , -460956
-753483 , -36734.5 , -549716
1.63981e+06 , 989877 , 129421
-1.41088e+06 , 542649 , -593684
-813992 , 377304 , 1.07036e+06
-1.25482e+06 , 1.32717e+06 , 1.0118e+06
749857 , -1.37281e+06 , 675108
298394 , 1.74313e+06 , -205653
-558340 , -1.73389e+06 , 736376
2.10881e+06 , -76404.8 , 606009
1.17513e+06 , -171834 , -974392
-385402 , 1.12145e+06 , 1.91847e+06
-195228 , -1.09813e+06 , -206522
609389 , -1.05955e+06 , -1.33013e+06
-823585 , -894585 , 1.91535e+06
-1.06283e+06 , -1.34955e+06 , 325677
-368562 , 1.7716e+06 , -138360
282984 , 2.30398e+06 , -154379
-14822.3 , -1.12351e+06 , -1.81958e+06
807395 , -7339.05 , -461132
-1.17123e+06 , -531007 , -811013
-41294.2 , -390865 , 162215
-427563 , -776453 , -105964
699468 , 558644 , -1.28754e+06
32229.9 , -1.23638e+06 , 335629
1.39999e+06 , 995255 , -127826
-770307 , -409437 , -368925
-150655 , -265801 , 616042
420040 , 685278 , 1.57695e+06
-173679 , -2.01752e+06 , -91216.4
255960 , -26419.2 , 854546
-646480 , -278626 , 38689.2
246465 , -1.3192e+06 , -869124
-1.66225e+06 , 173705 , -1.55219e+06
-620759 , 279337 , -376594
11268.6 , -750669 , 1.04645e+06
-864057 , 966063 , 849462
266586 , 1.06255e+06 , -864142
1.37202e+06 , 123544 , 1.98312e+06
719879 , -308392 , 1.53222e+06
1.46067e+06 , -455166 , -480116
-322937 , -668110 , 486882
-419431 , 1.60415e+06 , -150050
-162231 , -739070 , -184994
1.21196e+06 , -1.83796e+06 , -499487
2282.7 , 2.21497e+06 , 563950
-1.06856e+06 , -696700 , -511422
629848 , -789307 , 1.27711e+06
788731 , -29828.2 , -607200
1.23831e+06 , -1.24956e+06 , 362607
1.53738e+06 , 1.631e+06 , 278123
551851 , -1.07012e+06 , 1.67232e+06
-1.23318e+06 , 904358 , -1.42988e+06
-92291.9 , -459188 , 502356
-1.41468e+06 , 806496 , -3324.57
563972 , -1.45208e+06 , -278481
-1.01449e+06 , -552088 , 1.44941e+06
-367629 , 228631 , -502928
308779 , -291251 , -892819
778571 , 40524.6 , 10609.7
-1.18188e+06 , -678508 , 1.39715e+06
1.35312e+06 , -52214.3 , 940098
508486 , 36804.7 , -153311
7566.38 , -64641 , 1.68209e+06
-165489 , -1.3329e+06 , -295848
1.63063e+06 , 1.14821e+06 , 481986
1.9342e+06 , 532313 , 1.03469e+06
-70428.8 , 1.33419e+06 , -116921
-1.77452e+06 , 274831 , 684784
183863 , -1.74736e+06 , -135592
-824396 , -791512 , 267791
599628 , -687025 , -1.23291e+06
-929865 , 658288 , -874849
-1.00069e+06 , -362255 , -985696
-479862 , -1.09405e+06 , -904285
-421534 , -313737 , 108782
-58763.5 , 821786 , 713117
772212 , 988883 , 568231
-199547 , 1.08702e+06 , 856309
401962 , -1.15362e+06 , -223748
-522498 , 621310 , 722012
979811 , -817993 , 9891.83
-770018 , 1.84625e+06 , 433680
1.67852e+06 , 1.37399e+06 , -88211.4
-1.68522e+06 , 1.15826e+06 , 421780
-2.17324e+06 , 405241 , -799131
-1.21889e+06 , 763503 , 164699
-122053 , -682780 , 1.28605e+06
-857431 , -1.76679e+06 , -200535
-533884 , -410434 , 1.59162e+06
-236595 , -25140 , 1.34371e+06
-612579 , 472514 , 1.05904e+06
427543 , -1.65937e+06 , -38237.7
-705233 , 982852 , 733511
-602831 , 382942 , 541675
-2.11924e+06 , -305452 , -701306
-521600 , 845562 , -308108
599748 , 1.16976e+06 , -318915
810379 , -941524 , -170393
-488582 , -861336 , 689516
655116 , -940346 , -60048.7
-146394 , -11289.1 , 1.26301e+06
-413631 , -349829 , -1.93521e+06
707232 , 404287 , -922781
-1.0352e+06 , 817990 , 450148
725098 , -590887 , -1.13797e+06
115560 , 769261 , 1.82341e+06
1.54106e+06 , 458103 , 1.23717e+06
1.47317e+06 , -392679 , 506225
1.15116e+06 , 898774 , 164345
-111054 , -650903 , 535349
219878 , -994896 , 804326
1.21592e+06 , 797661 , -73516.9
749464 , -624785 , -1.49186e+06
-774670 , 643850 , 303329
-800134 , -1.39821e+06 , -802089
752410 , -1.20171e+06 , 1.11072e+06
-1.5831e+06 , 264294 , 1.21599e+06
-559653 , 2.30429e+06 , 202758
-445195 , 27052 , 1.55877e+06
-400781 , -390656 , -1.0014e+06
440983 , -1.38973e+06 , -230381
1.77639e+06 , 974832 , -826124
-856140 , -702994 , -677513
1.19133e+06 , -101150 , -583284
1.57949e+06 , 63010.1 , -139362
531729 , -550085 , 361118
-1.20616e+06 , -238761 , -1.0121e+06
6025.85 , 578649 , 1.54774e+06
-233108 , -1.41125e+06 , 1.05613e+06
-356032 , -1.71462e+06 , 1.20895e+06
735962 , 803799 , -1.23916e+06
-1.84962e+06 , 1.08821e+06 , 371970
10715.5 , 751378 , 535755
671810 , 24778.4 , 420571
732468 , -245080 , 1.469e+06
187806 , -1.75843e+06 , 854374
-625856 , 1.40135e+06 , 786666
-289686 , 491075 , -691827
1.14074e+06 , -303528 , 586967
-99873.4 , 135211 , -967322
668113 , 873097 , 1.16006e+06
629359 , -1.1434e+06 , -101677
812089 , -1.81955e+06 , 1.06118e+06
968243 , 1.65809e+06 , 996537
-1.04873e+06 , -443414 , 682399
457306 , -1.05686e+06 , 624313
76979.2 , -300825 , 13701.9
-351561 , 293593 , -1.83536e+06
-523000 , 106116 , 2.09642e+06
-629684 , 682053 , -546905
-480965 , 474046 , -862809
861362 , 68168.7 , 434341
1.19003e+06 , 2.04843e+06 , 100551
129067 , 155691 , -509232
-450050 , 1.20044e+06 , 503384
-1.70748e+06 , 993478 , -238161
-246166 , -671135 , -465037
1.63028e+06 , -992383 , 378473
-254824 , -593272 , 237301
-899552 , -885221 , -1.59122e+06
1.42207e+06 , -914632 , 377687
223339 , 702769 , -156646
590647 , -394638 , -1.34633e+06
-1.28784e+06 , -682242 , -1.16973e+06
-146518 , -701755 , 945825
-719040 , 376435 , 913855
759010 , -256043 , -1.39196e+06
427588 , -270028 , 499740
-358603 , -169956 , 417364
1.32635e+06 , -625558 , 835620
-196190 , -1.24628e+06 , 454674
-1.57577e+06 , -1.13617e+06 , 63248.1
-199575 , 2.22448e+06 , -659447
-734683 , 928695 , -508640
-705010 , -1.59884e+06 , 422316
-7071.43 , 157810 , 689728
556576 , -88472.6 , 1.08466e+06
-258873 , -574699 , 568229
-178021 , -548204 , 1.68991e+06
-886837 , 849641 , -333769
216908 , -227384 , 398124
-2.03577e+06 , 161744 , 329097
-493095 , -31971.3 , -1.61915e+06
-441823 , 224646 , -1.1943e+06
-1.17856e+06 , -100378 , -86107
-1.60846e+06 , -333559 , 1.0275e+06
-770226 , 246651 , 215308
771288 , 915883 , -30163.6
271980 , 961069 , -1.01342e+06
-531440 , 767786 , 188377
-447484 , 777896 , 1.61136e+06
806508 , -160299 , 1.11348e+06
-258211 , -955668 , 1.31058e+06
161607 , -1.14321e+06 , 1.68944e+06
920403 , 1.09164e+06 , 359613
-128981 , -26567.3 , -202078
-315091 , 395858 , -182091
168330 , -784708 , 279869
786369 , 944799 , 542194
469717 , -1.11525e+06 , -357179
670917 , -376136 , -991808
-491548 , 558109 , 746704
-1.49688e+06 , 223963 , -906829
1.06159e+06 , 634269 , -1.29216e+06
-164751 , 593780 , 1.39216e+06
-347809 , -676597 , 1.21842e+06
-911801 , -608324 , -1.12056e+06
-697339 , 937730 , 639859
760236 , -912077 , -4432.31
-1.67115e+06 , -604063 , -918659
-271943 , 1.23959e+06 , 605784
1.16687e+06 , 494690 , 644504
978712 , -386376 , -219532
336887 , 1.01821e+06 , 328616
3494.38 , 1.39081e+06 , 888645
-1.04437e+06 , 1.75414e+06 , -413433
1.70479e+06 , -474391 , 934720
-229078 , 537898 , -6645.47
74669.4 , -750245 , -1.71603e+06
441056 , -101550 , -230691
-1.07408e+06 , -1.00676e+06 , -213237
268362 , 79812.2 , 867507
-61570.7 , -546539 , 455371
-1.08956e+06 , 708281 , 646294
207142 , 526913 , 655063
1.14554e+06 , 90942.5 , -174174
737494 , -1.6567e+06 , 1.11312e+06
922692 , 298035 , 349409
-833210 , 492090 , -290211
570040 , 1.29677e+06 , -272097
-581177 , 825898 , 483286
1.0037e+06 , 157508 , 144426
884551 , 683651 , -259116
403384 , -740848 , -1.50408e+06
-172164 , 60827.7 , -708735
-49762.7 , 600042 , -12972.8
-606324 , 1.65955e+06 , -647243
-1.1154e+06 , 120809 , 796879
1.1401e+06 , -614959 , -135599
-1.13386e+06 , -498915 , -1.16618e+06
-49545.6 , -847970 , 591555
545846 , 1.00162e+06 , -830057
-47395.2 , -640669 , 661251
707351 , 611268 , 1.13221e+06
836904 , 762290 , 105897
-1.0021e+06 , 237371 , -1.78442e+06
-539264 , 853379 , -200151
-726936 , -93088.4 , -289993
235457 , -512838 , -176487
-119843 , -1.4855e+06 , -161842
355445 , 139914 , -1.5286e+06
778851 , 820619 , 1.34366e+06
-65056.6 , -211795 , 822758
314939 , 1.11324e+06 , -1.19904e+06
-82140.5 , -423626 , 363151
-497645 , -1.25285e+06 , -279411
1.12161e+06 , -876813 , 319734
94335.6 , -1.70708e+06 , 364920
584221 , -104777 , 67306.9
288483 , -736802 , -2.03742e+06
-1.0368e+06 , 882239 , 475076
197096 , 1.28617e+06 , 1.40946e+06
584798 , -145718 , -225907
-962232 , 820332 , -120550
-266883 , -213342 , -800206
-1.17106e+06 , 455324 , -677341
-251810 , 112629 , -368319
1.02131e+06 , 246572 , 566815
587884 , 624129 , -1.45943e+06
-364638 , 537643 , -1.56814e+06
1.09813e+06 , 422014 , 316401
1.77945e+06 , -661361 , -125426
-1.42011e+06 , -534855 , -235921
249102 , 872207 , -726573
604517 , 791996 , -143722
-156103 , -189188 , -1.40194e+06
369304 , -477978 , -800903
193373 , 269972 , -867705
204468 , -586533 , -275191
-492951 , -1.47628e+06 , 1.43807e+06
-841352 , -1.27775e+06 , -125290
381299 , -899399 , 744194
-399490 , -793560 , -453847
-1.33378e+06 , -811369 , 431501
-252426 , -543540 , -130769
1.26039e+06 , -278195 , 54166.3
381577 , -253545 , -1.36568e+06
-404161 , 1.89622e+06 , 522747
1.33132e+06 , 554633 , 534428
-829344 , 1.54019e+06 , -92869.1
290066 , -655673 , 860048
-871898 , 261386 , -1.12079e+06
-1.49546e+06 , -426462 , 664109
243071 , 2765.36 , 19691.5
687610 , 1.26704e+06 , 206772
908635 , 1.19824e+06 , 1.41387e+06
1.10266e+06 , 1.12717e+06 , 1.24666e+06
538369 , -1.92486e+06 , -523399
984215 , -649211 , -880026
-826459 , -924556 , -793185
-1.28421e+06 , -715848 , -530584
-1.79128e+06 , -64972.9 , -155227
-726930 , 223063 , -932325
1.07139e+06 , -1.15978e+06 , -824958
1.65598e+06 , 151693 , -778942
1.873e+06 , -506113 , -213573
725399 , -38934.9 , 8542.75
-1.38655e+06 , 1.10521e+06 , 1.39934e+06
610008 , -1.42375e+06 , 1.35935e+06
-168898 , -1.17821e+06 , 289856
-1.02577e+06 , 390609 , 1.74271e+06
-305946 , 486546 , -285339
1.24785e+06 , 1.23526e+06 , -19361.4
-1.2888e+06 , 1.25867e+06 , 247134
-1.09678e+06 , 1.40418e+06 , -627256
-693774 , -892657 , 93811.4
555580 , 579242 , -1.24914e+06
-1.31947e+06 , 678278 , -830401
-367740 , 488111 , 1.59052e+06
622036 , 1.4866e+06 , -1.09237e+06
1.15032e+06 , 1.28496e+06 , 150162
676151 , -22695.3 , -139854
15674.2 , 345754 , 343515
1.73943e+06 , 1.20718e+06 , -778909
-1.24512e+06 , 94352.1 , -474619
484681 , -663675 , -1.40854e+06
-1.09853e+06 , 799093 , -521387
739837 , 326604 , 1.69132e+06
82589.8 , 71442.7 , -603299
-808103 , 966846 , -1.42708e+06
1.14659e+06 , 323655 , 569448
-1.32115e+06 , -400092 , 582009
437213 , -473558 , -952757
1.31775e+06 , -592607 , 874841
-271786 , 529933 , -1.2952e+06
905962 , -1.30926e+06 , -481465
1.82183e+06 , -1.10966e+06 , 33952.7
1.14557e+06 , 597980 , 99650.1
158158 , 410867 , 388065
-564621 , 581455 , -1.68064e+06
-1.89318e+06 , -270981 , -1.98712e+06
-1.25317e+06 , -1.21043e+06 , 1.24362e+06
618900 , 750453 , 1.99009e+06
-546496 , -925939 , -556761
930502 , -917928 , 483941
196089 , 537901 , 507410
-351445 , -278204 , 400551
-1.6252e+06 , 841441 , -994515
-141089 , -1.21093e+06 , -148706
-49247.3 , -292177 , -1.33204e+06
5493.7 , -844134 , 457791
1.00728e+06 , -640170 , -570187
-124276 , 86595.6 , 904871
-432731 , -291668 , -505162
1.4727e+06 , 839809 , -153499
1.69684e+06 , 41907.5 , 817637
-212019 , 971744 , 571067
1.35085e+06 , -795011 , -1.19999e+06
-738858 , 94127.1 , -592112
988214 , 1.80359e+06 , -255271
-212863 , -1.59444e+06 , 65597.6
257692 , -812682 , 299854
-1.38312e+06 , 158502 , -898096
437691 , -699515 , 431173
463309 , -1.24244e+06 , -532538
157343 , 1.69043e+06 , 746713
742412 , -466989 , 857914
10507.2 , -1.83731e+06 , 166720
-320101 , -781763 , -787067
-676883 , 1.13975e+06 , 605669
-594689 , -819408 , -1.22495e+06
-506754 , -821034 , -368969
-690389 , 1.13796e+06 , 593877
-1.24147e+06 , -720734 , -911158
681628 , -444010 , 334060
-1.35389e+06 , -422092 , 209599
234269 , 338649 , 373959
-1.102e+06 , 624121 , 820629
221022 , 526434 , -775229
792024 , 564291 , -77009.3
913768 , -451184 , 1.21832e+06
-1.11781e+06 , -426994 , -1.23523e+06
1.13464e+06 , 159712 , -213609
1.68974e+06 , 1.21487e+06 , 160554
37741 , 821202 , -61424.1
-215248 , 918399 , 477974
721485 , 888409 , 1.06679e+06
-733269 , 1.38808e+06 , -517483
1.05143e+06 , -428600 , -502684
-346030 , 83680 , 1.00898e+06
-1.25391e+06 , 954946 , 52698.5
-359310 , -219146 , 1.73861e+06
1.00825e+06 , 133422 , -1.09248e+06
-406500 , 271442 , -1.28931e+06
580403 , 1.1718e+06 , -924159
-1.84667e+06 , 232183 , -153784
-570036 , -1.41216e+06 , 581184
-245377 , -371090 , -290299
1.36917e+06 , -116044 , 242155
317014 , -713283 , -437214
1.16027e+06 , 862902 , 1.27631e+06
563955 , -915389 , -51541.4
-1.1702e+06 , -796223 , -707720
751993 , 1.36417e+06 , 1.0954e+06
574707 , -1.78609e+06 , -308791
465023 , -1.52159e+06 , 1.61871e+06
-223091 , -1.39863e+06 , -387736
1.2224e+06 , -683765 , -685942
200851 , 1.40677e+06 , -368436
1.11034e+06 , 96875 , 583397
100427 , 402825 , 164669
596130 , 741532 , 885878
-1.08543e+06 , 173237 , 28061.5
-218327 , -1.09504e+06 , -569569
579164 , -461325 , 699164
-1.15795e+06 , 278935 , -134859
411677 , -1.24216e+06 , -437839
-451280 , -1.29717e+06 , -771149
-86747.3 , 641577 , -1.74724e+06
-626690 , 211026 , -587349
-1.25523e+06 , 1.07175e+06 , 151144
152965 , -681505 , 783670
655148 , 701192 , 600982
589059 , -255863 , -633470
-780432 , -138116 , -761414
-463814 , 674454 , -846546
-471199 , 1.70484e+06 , -133523
471228 , 1.28043e+06 , -354222
1.45271e+06 , 522884 , -1.2866e+06
-738568 , 1.59717e+06 , 1.07498e+06
-616592 , 699409 , 1.73918e+06
1.53441e+06 , 1.24881e+06 , 302294
-153710 , -2.06329e+06 , 677445
-438476 , 1.13707e+06 , -404652
495513 , -647708 , -1.1707e+06
-1.16905e+06 , -359575 , 223553
668800 , 472440 , 6659.42
284798 , 44385.1 , -953590
-1.67382e+06 , 257441 , -140771
-665060 , 586628 , -1.4342e+06
-847973 , -575303 , 1.05258e+06
-758199 , 720803 , 539141
105817 , -80098 , -1.17271e+06
481936 , 1.89107e+06 , 228424
-505593 , -548476 , 1.1999e+06
-333500 , 516824 , 540177
-1.2188e+06 , 370215 , 872320
-1.59378e+06 , 414642 , -265082
-1.37734e+06 , -274532 , 921126
784840 , 636261 , -455752
681623 , 894393 , -310359
-330462 , 511683 , 2.2277e+06
-1.71887e+06 , -927375 , -406297
-162332 , 771717 , 133622
-242586 , 748403 , -882573
-544190 , 1.323e+06 , -1.28762e+06
300811 , 975637 , -643184
565520 , -486040 , 1.35201e+06
257051 , 156478 , -533104
11014.7 , -72784.6 , -1.244e+06
83368.5 , 876265 , -973643
-817650 , 924333 , -592912
-887899 , -143971 , 656713
-1.59535e+06 , 821771 , -516421
1.11694e+06 , -38173.5 , 135595
-1.36076e+06 , 505491 , 872517
-946241 , -71754 , -1.24032e+06
-685379 , -1.5991e+06 , 414470
278774 , -773486 , 521520
145364 , -111956 , 1.29372e+06
1.42927e+06 , -413289 , -673498
-525675 , 665024 , 347181
-514396 , -779063 , 731739
985017 , 730306 , -1.0169e+06
-845255 , -980402 , 710972
-810474 , 1.33838e+06 , -1.05036e+06
610213 , -1.15486e+06 , 703885
1.90381e+06 , -608211 , -16860.9
1.25497e+06 , -771566 , -302756
517637 , 713288 , -667966
-551015 , 1.08201e+06 , 571997
-366769 , 513104 , 491560
-710121 , 505732 , -673222
-373339 , 45260.2 , 708564
896956 , -304529 , 1.15116e+06
504184 , -332459 , -356928
486723 , -34764.8 , -677346
-809408 , 4731.02 , -626615
-704534 , 554815 , -1.87994e+06
-246966 , -1.45461e+06 , -1.13278e+06
-221668 , -402512 , 1.27285e+06
1.6929e+06 , -14624.2 , 820106
-748801 , -759298 , 1.32413e+06
-1.37326e+06 , -14438.9 , 1.08588e+06
-287375 , -143063 , -1.15658e+06
124636 , -53980.6 , 512317
-665586 , -1.45142e+06 , -128708
-200436 , 1.19043e+06 , 331685
582170 , 1.06172e+06 , 595637
157446 , 2.25155e+06 , -273015
225652 , 99113.3 , 661633
-249437 , 388036 , -438489
-362784 , -280850 , -236453
-331897 , -776900 , 1.71351e+06
446816 , -12219 , 1.57333e+06
1.18129e+06 , 11352.3 , 808922
-1.01048e+06 , -547906 , -913369
-1.39252e+06 , 186948 , -751103
1.29094e+06 , 805458 , 1.43928e+06
-614738 , -1.35559e+06 , 733730
1.55424e+06 , 517012 , 325565
-271805 , 1.63943e+06 , -812387
-454035 , 764911 , 9884.51
915605 , -269786 , -1.55009e+06
-1.28615e+06 , 300034 , 468781
1.28391e+06 , -711721 , 215106
531872 , 1.84621e+06 , 330530
-957134 , 647944 , 41061.5
349152 , 820302 , -138449
701654 , 581232 , 650995
-1.17349e+06 , -1.16282e+06 , -1.64445e+06
605279 , -619870 , -1.11759e+06
-1.01225e+06 , 1.61389e+06 , 123535
801044 , 168389 , -715738
-570467 , 71658.7 , -776352
-1.17575e+06 , 194757 , 368834
-1.5687e+06 , -652062 , -165607
-118860 , 184485 , 810650
-1.59345e+06 , 1.57356e+06 , -156125
397625 , 628016 , -69361.9
393082 , 482225 , 1.96017e+06
-1.13955e+06 , 1.19216e+06 , -283306
1.0279e+06 , -1.28603e+06 , -979377
-1.34236e+06 , 1.19191e+06 , 825113
-567351 , 1.21271e+06 , -367365
1.32314e+06 , -1.45005e+06 , 326225
255884 , 2.14094e+06 , 149719
590896 , 164249 , -212402
-1.2071e+06 , 278115 , -108180
729504 , 507332 , -1.10388e+06
716122 , 1.27613e+06 , 742631
-1.36958e+06 , -1.31652e+06 , 359899
901229 , 750268 , 405081
-683719 , -697250 , 507110
-1.275e+06 , -1.30326e+06 , -396344
-589501 , 466928 , 442271
-562279 , -1.62723e+06 , 1.06296e+06
1.91733e+06 , -1.39337e+06 , 563117
-1.38051e+06 , -1.13903e+06 , 481267
-465788 , 622502 , -444642
908128 , -739839 , 1.15887e+06
-101610 , 777499 , 1.07309e+06
469042 , -279247 , 2.13443e+06
-46047.9 , -2.03859e+06 , 286014
-747319 , -11352.1 , 546704
707066 , 1.06129e+06 , -1.02942e+06
-648174 , 1.06361e+06 , -835194
-1.46774e+06 , 185634 , 854758
-97585.6 , -522717 , -355924
429080 , 1.46496e+06 , 126824
874158 , 691306 , 185415
-448978 , 85522.1 , -685508
-209678 , 501599 , -27617.7
1.42921e+06 , 449564 , 170340
2.01649e+06 , 30102 , 1.57958e+06
-144222 , -1.0735e+06 , -43980.2
331434 , 776875 , 1.44359e+06
-86618.3 , -1.03249e+06 , -902791
-400197 , -717864 , 1.10256e+06
-1.08471e+06 , -570960 , 1.11277e+06
-847734 , 759.052 , 659520
1.17901e+06 , -1.22133e+06 , -1.93717e+06
1.45713e+06 , 438881 , -992496
-1.34732e+06 , 577840 , 1.06096e+06
-537564 , -63000.8 , 1.29471e+06
208336 , 1.19885e+06 , -1.24618e+06
-555198 , 564344 , -916385
-877617 , 1.50383e+06 , 212218
755947 , 537342 , 1.41062e+06
-605652 , -1.51162e+06 , -540174
216173 , 511533 , 575233
227513 , 5195.97 , -600928
479683 , 747899 , 1.58636e+06
-871474 , -1.19729e+06 , -1.50886e+06
1.05709e+06 , 1.23838e+06 , -485748
494186 , 215274 , -651443
876351 , 369643 , -233435
-1.15232e+06 , 592097 , -1.318e+06
-296111 , -240653 , 1.50594e+06
1.46481e+06 , 417259 , 1.04033e+06
-1.04401e+06 , -985970 , 361942
550836 , 1.40008e+06 , 947731
-21297 , -1.07209e+06 , -2.01778e+06
-1.08672e+06 , -455052 , 182452
814269 , -268867 , -608377
486185 , 1.90656e+06 , 231278
-249305 , 1.4978e+06 , -457298
1.09129e+06 , 962802 , -68425
-847389 , -112339 , -1.13164e+06
-902243 , -256052 , 69202.7
1.06057e+06 , -519276 , 274231
-1.33775e+06 , 556453 , 2.15387e+06
-68498.3 , -635747 , 887115
-150966 , 245420 , 193192
-430218 , -860664 , 812532
-1.47131e+06 , -400418 , 147479
1.12848e+06 , -119990 , 35155.2
1.76129e+06 , 787339 , 215808
-417908 , -790418 , 1.38979e+06
-772262 , 909070 , 843294
-353026 , -1.89691e+06 , 377235
765384 , 383084 , -984030
739999 , 1.43019e+06 , 85777.2
982989 , -494317 , -855378
-1.85349e+06 , -220457 , -773384
-573842 , -1.96657e+06 , 366016
-1.32274e+06 , 534336 , 234450
-99291.1 , 27461 , -1.29529e+06
902676 , 523251 , -436559
1.13282e+06 , 458434 , -605024
780105 , 1.01748e+06 , 479777
-114799 , 1.05014e+06 , -585498
-707948 , -1.011e+06 , 896621
537927 , 901987 , 61908.1
-1.97475e+06 , 172163 , 837554
103133 , -706739 , -1.84335e+06
964885 , -1.00715e+06 , -1.03937e+06
-812696 , 391475 , 1.54823e+06
-1.87394e+06 , -276343 , -64255.3
-806055 , -923950 , -711302
-1.1034e+06 , 101633 , 144750
1.09721e+06 , -444726 , 645619
-50134.7 , 492623 , 62745.5
698394 , -46339.2 , -734280
-238389 , 668076 , -1.29737e+06
988893 , -474040 , 1.22212e+06
269606 , -17404.5 , -2.08517e+06
-1.05303e+06 , -726529 , 441380
1.21722e+06 , -39908.3 , -537069
-497190 , 57681.6 , -1.70029e+06
242226 , -1.44914e+06 , -667023
-267922 , 1.34139e+06 , 453019
-1.12446e+06 , -859918 , -165178
-874255 , -1.27117e+06 , 1.07922e+06
-1.1767e+06 , 1.30745e+06 , 184365
522243 , 149296 , -281097
768715 , -1.06335e+06 , 815993
584707 , 681319 , 391564
-518154 , -1.43727e+06 , -699903
1.23919e+06 , -280255 , 765291
-1.28925e+06 , 523166 , -474026
-58781.6 , 1.10041e+06 , 536707
819854 , 1.28061e+06 , -37812.5
-1.32855e+06 , 836494 , -348350
132228 , -450746 , 808706
-375993 , 1.08938e+06 , -615197
540518 , -228923 , 1.49652e+06
61637.8 , 862678 , 1.68823e+06
-1.19803e+06 , -610889 , -168323
371840 , -966494 , -1.38802e+06
-491597 , -92100.8 , 202502
1.06282e+06 , 1.07295e+06 , -1.33704e+06
81666.2 , 778255 , 1.48063e+06
-598535 , 294333 , -2.04662e+06
695607 , -1.32419e+06 , 577914
-1.21592e+06 , 313980 , 349646
-246347 , 1.45988e+06 , 1.05034e+06
-640538 , 966973 , 1.30603e+06
-2.1925e+06 , 1.17094e+06 , -151789
5435.39 , -575010 , -135089
-937392 , -653733 , -329644
674539 , -651541 , -1.0136e+06
67720 , -409711 , -1.82289e+06
-37553.4 , 310894 , -1.32669e+06
866274 , 905985 , 202631
-224645 , -2.00588e+06 , -926295
1.1908e+06 , -575228 , 711569
-124762 , 1.61539e+06 , 1.01854e+06
-1.40537e+06 , 143477 , 269259
-912796 , -611037 , 77091
1.27659e+06 , 1.11606e+06 , -286788
-756024 , -976599 , 1.99223e+06
280724 , -104641 , 1.50058e+06
-1351.41 , -165272 , 1.34452e+06
-906518 , -1.00201e+06 , 1.93117e+06
-1.11263e+06 , 127479 , -378024
1.17767e+06 , -626700 , 626946
1.16722e+06 , 363144 , -503117
-1.15773e+06 , 481510 , 258068
-150172 , 1.77779e+06 , 1.21075e+06
-94417.2 , -1.24945e+06 , -493183
856952 , -93192.4 , -34886.4
-959120 , -110279 , 173505
1.28241e+06 , -576142 , -133118
-86530.4 , -1.41825e+06 , -918000
436486 , -1.23922e+06 , -793670
1.35045e+06 , 278355 , -687505
-355062 , 996326 , 1.40149e+06
26949.6 , -199134 , -313564
-771135 , 514268 , -845430
-1.047e+06 , 1.27583e+06 , -10860.9
548827 , -804156 , -1.20755e+06
35573.1 , -740865 , 1.22396e+06
626820 , 1.5164e+06 , -587572
375178 , -999791 , 876123
-69073.1 , -915024 , 370631
50595.4 , 1.45494e+06 , -325027
-879749 , 930737 , -5761.73
949745 , 535298 , -1.21859e+06
748089 , -862731 , -776709
-6724.23 , 631750 , -1.39933e+06
91463.1 , -1.38272e+06 , 778224
-522888 , 1.42991e+06 , -117417
524528 , 141151 , -425313
1.17585e+06 , 1.11341e+06 , 208248
1.3119e+06 , 148325 , 1.20312e+06
1.04706e+06 , -825697 , 679962
708828 , -1.14265e+06 , 627532
-307519 , -477763 , 117224
644134 , 262690 , 883159
297082 , 787790 , -1.4756e+06
1.78855e+06 , -768113 , -1.42732e+06
-404294 , -1.66139e+06 , 1.1101e+06
-385509 , 521704 , -434515
-1.20248e+06 , -927113 , 634055
1.40299e+06 , -1.40524e+06 , 458581
-1.42797e+06 , -117520 , -649278
728866 , -1.68589e+06 , -105716
-296398 , -937039 , 291860
51267.9 , -1.41016e+06 , -156742
-568250 , 162917 , -75877.9
86776.4 , 622197 , -1.54715e+06
783833 , 1.76988e+06 , 475090
-421283 , 188516 , 483399
100637 , 1.72229e+06 , 649997
-33399.9 , 4156.07 , -742860
1.13213e+06 , 1.32425e+06 , -1.48362e+06
-126109 , 1.66946e+06 , 974196
1.22183e+06 , 411429 , -477825
1.72685e+06 , 771996 , -374762
1.8946e+06 , 517655 , 2061.45
-70971.7 , -909965 , -20083.2
-199853 , 1.23951e+06 , 835071
152778 , 113410 , -256153
-1.36059e+06 , -356788 , -32537.6
170191 , 1.2015e+06 , -726563
212397 , -1.22366e+06 , 90831.4
-815874 , 1.31539e+06 , 274365
50091.9 , -192683 , 293100
-1.39746e+06 , -561978 , 164165
-525991 , -398126 , -375325
346464 , -1.15387e+06 , -255813
-111122 , -874051 , 1.60859e+06
-867738 , -514160 , 219231
-920469 , 375481 , 1.62749e+06
-1.62889e+06 , 684688 , -250147
-1.13821e+06 , 911422 , 1.71382e+06
-1.49552e+06 , 1.07258e+06 , 210556
1.77753e+06 , -634520 , 412764
-1.23244e+06 , 503896 , 330673
-979954 , 1.14956e+06 , 154861
243107 , -983173 , 206679
780605 , 1.37309e+06 , 346231
-130457 , 385764 , 660261
-1.10094e+06 , -510054 , 1.12921e+06
389427 , -661641 , 1.02687e+06
298537 , -448250 , 1.191e+06
1.32631e+06 , 89651.4 , -742479
99783.6 , -412712 , -326808
640137 , -313648 , 528357
-50462.5 , 1.78843e+06 , 229086
-1.7331e+06 , 787151 , -643717
512152 , -157851 , -447622
1.29723e+06 , -98001.5 , -392157
385498 , -941225 , 1.60487e+06
43932.7 , -439712 , -1.77679e+06
-2.45498e+06 , -52015.1 , 637194
-163977 , 1.51699e+06 , 528750
826427 , 101334 , 1.16662e+06
1.74793e+06 , -608415 , 44863.4
60256.9 , -1.62494e+06 , -442009
1.88505e+06 , -363950 , -134768
602229 , -1.23445e+06 , -404094
1.18695e+06 , -1.2636e+06 , -368588
1.05391e+06 , -703556 , 882721
-913631 , 647081 , 1.10929e+06
11348.9 , -987730 , 927741
-436582 , 594639 , 276537
369232 , -1.9335e+06 , 1.27031e+06
1.701e+06 , 255875 , 482807
1.14526e+06 , 650126 , 962516
230016 , -131862 , 498563
458246 , -446555 , -1.80761e+06
-972231 , 434428 , 682961
-195194 , 479952 , -155807
390985 , -883693 , -725766
779004 , 930349 , -201779
-386697 , -1.08018e+06 , -1.33984e+06
874975 , 1.68596e+06 , -91792.3
1.30614e+06 , -387976 , 40012.6
-353236 , 389367 , 987886
-1.59361e+06 , -1.07975e+06 , 415991
1.25343e+06 , 519269 , -823925
1.01304e+06 , 347947 , 985528
966911 , 550986 , -260594
-830048 , 752784 , -1.23754e+06
-1.24694e+06 , -1.14153e+06 , 21494.6
-1.35377e+06 , -872874 , -823302
837336 , -1.71995e+06 , -95449.6
-389046 , -151643 , 367155
-780005 , 116155 , 214940
2.22808e+06 , 214051 , 31730.3
-438034 , 988369 , 1.2879e+06
-1.23944e+06 , 1.47021e+06 , 306697
980548 , 922377 , -790558
222824 , 789070 , 822709
-708034 , -575880 , 314559
-355427 , -930950 , 1.27113e+06
-228521 , -435270 , -372528
-1.04522e+06 , 320268 , -1.09435e+06
1.4076e+06 , -794930 , 352358
-684758 , -31247.1 , 933476
1.76441e+06 , -1.15033e+06 , 915915
157916 , 1.24981e+06 , -683067
330302 , 1.00919e+06 , -520227
61301.5 , 656146 , -301455
1.05612e+06 , 1.55799e+06 , -584636
-358488 , 1.2776e+06 , 712278
-307032 , -272542 , -90676.6
1.37269e+06 , -67761.8 , 205973
-679635 , -1.23733e+06 , 1.44346e+06
1.34434e+06 , 1.02821e+06 , -79131.5
-797523 , 318220 , 1.36483e+06
-1.63723e+06 , -913731 , 82607.5
-902735 , -1.29833e+06 , -1.11917e+06
-411509 , 72930.7 , -1.08569e+06
17681.8 , -1.62234e+06 , 547786
-1.30602e+06 , 884737 , -377905
-567196 , -858561 , -1.14654e+06
578880 , -49335.6 , -218482
-1.19093e+06 , 328638 , -329566
163553 , 262648 , 821242
771683 , 176252 , 169059
-201023 , -184345 , 1.50481e+06
-116171 , 1.74609e+06 , -469361
1.42149e+06 , 674278 , -733989
124507 , 1.47212e+06 , 255870
780048 , -99986.6 , -1.41097e+06
-123058 , 611946 , -265421
300960 , 381633 , 1.29885e+06
-640687 , -1.39948e+06 , 259616
-1.02451e+06 , -932937 , 1.20554e+06
-1.17759e+06 , -134077 , 480569
-420082 , 1.42988e+06 , -264100
150835 , 611708 , -890165
-16978.4 , 695728 , -38492.3
-1.23531e+06 , -292006 , -25308.6
-1.91818e+06 , -242015 , 312456
-627970 , -912795 , -956035
370555 , 353185 , -2.09314e+06
-1.06347e+06 , -200423 , -1.63214e+06
1.64579e+06 , 758177 , 1.0301e+06
565449 , 479870 , -627274
89030.4 , 1.14838e+06 , -1.06559e+06
489294 , 980805 , 197531
982088 , 154398 , -1.31621e+06
-346297 , -767962 , -54895.2
-340741 , -1.11643e+06 , -203282
1.71785e+06 , -102640 , 398441
-1.40407e+06 , -461557 , -982899
-896647 , 636790 , 1.50505e+06
-955180 , -770417 , -858426
747929 , 411559 , -779713
-90203.4 , -246164 , -385492
551141 , -193003 , -1.46236e+06
357280 , 948689 , -68470.3
-1.33047e+06 , 490884 , -70304.6
-2.1036e+06 , -232997 , 771461
1.53211e+06 , 801413 , 1.40551e+06
171927 , -492470 , -1.90758e+06
1.04951e+06 , -435699 , 503356
-139367 , -1.31909e+06 , 1.03932e+06
-1.04014e+06 , -726471 , 1.03152e+06
126413 , -908701 , -1.50161e+06
-684202 , 641908 , 304038
-528222 , -630275 , 1.345e+06
655239 , -1.24405e+06 , 1.23836e+06
684134 , -553555 , -35285
-369777 , -469051 , -1.75244e+06
-1.61649e+06 , -589111 , 644996
-1.1553e+06 , 209861 , -434016
-308908 , 1.22017e+06 , -827150
-857415 , -307028 , 1.07902e+06
-1.20512e+06 , 402793 , -19781.6
1.48996e+06 , -661535 , -268650
716572 , -930671 , 766724
-1.20821e+06 , 636449 , -510263
411341 , -388222 , 1.12303e+06
-1.47482e+06 , 711496 , 650665
867935 , -795321 , -283235
32017.4 , 175200 , 1.63792e+06
280463 , 198487 , 981478
-526290 , -1.23745e+06 , 457427
-54362.2 , 781629 , 1.44859e+06
-371778 , 535023 , 166977
-725463 , 1.41635e+06 , 1.31138e+06
1.04473e+06 , -1.12637e+06 , 820201
-749074 , 1.23573e+06 , 896898
228201 , -751070 , 761553
-1.06215e+06 , -123418 , -341070
286054 , -889973 , 1.67311e+06
-78668.1 , -316206 , -573479
724859 , 869255 , 1.33083e+06
547069 , -509386 , -599957
-1.35595e+06 , -537448 , -62835.1
-304805 , 581676 , -59617
-108423 , 852342 , -669293
-315457 , 212722 , -497490
401572 , -1.09063e+06 , -1.47874e+06
-359342 , 1.48834e+06 , -352826
260692 , -321031 , 375490
-535551 , 62118.5 , 227859
2.56163e+06 , -135198 , -109304
-1.33224e+06 , -14559.7 , 649992
543082 , 157449 , 94340.6
-528749 , 1.2005e+06 , 210787
546877 , 1.54426e+06 , 1.27326e+06
586151 , 1.345e+06 , -35059.6
1.3256e+06 , -29430 , -416055
399570 , 1.01361e+06 , 815864
-687400 , 997955 , -788519
-1.36224e+06 , 847505 , -861387
-1.95506e+06 , -125821 , -332719
1.8121e+06 , 1.08392e+06 , -421277
1.17176e+06 , -874285 , 798868
208942 , -1.05894e+06 , 1.17406e+06
-919260 , -714121 , -661899
688099 , 298462 , -1.32538e+06
467356 , -509244 , 721274
-114138 , -111845 , -1.00386e+06
-610815 , 943450 , 626983
617574 , 1.5851e+06 , -573309
253878 , -1.09769e+06 , -856891
-18980.1 , -1.60539e+06 , 3761.58
-623584 , -829581 , 119854
788889 , 1.85349e+06 , -238128
1.31069e+06 , -945253 , -505718
-766755 , -1.77061e+06 , 234398
1.32129e+06 , -404863 , -134787
-832714 , -510855 , 118479
375865 , 340529 , 1.27042e+06
821743 , -315603 , -1.25519e+06
-40151 , 1.37575e+06 , 1625.84
-1.17734e+06 , 9270.03 , -432196
-649850 , 1.54887e+06 , 834250
-275526 , 311379 , -993680
-1.46413e+06 , -437439 , -278119
-552396 , 1.62777e+06 , 847795
-1.21603e+06 , 102865 , -1.18032e+06
-633918 , -1.91265e+06 , -383593
1.12972e+06 , -1.17971e+06 , -116816
112631 , -337312 , -631528
799548 , -1.78281e+06 , -1.1366e+06
99016.4 , 1.30724e+06 , -669916
1.36475e+06 , -201836 , 876422
503510 , 1.0407e+06 , -250292
467685 , 358994 , -1.11444e+06
-164466 , 317428 , 1.67881e+06
270316 , -901839 , -494219
1.03417e+06 , 682114 , -893962
-887396 , 1.34059e+06 , 268655
-932149 , -247130 , -510938
50851.9 , -479751 , 1.10561e+06
398931 , -618881 , -1.14248e+06
1.62447e+06 , -585289 , 1.1508e+06
1.71724e+06 , -96850.9 , -621958
17751.8 , -1.21427e+06 , 191293
735778 , 1.28695e+06 , -1.62647e+06
-221318 , 667867 , -1.42466e+06
-382651 , 1.92881e+06 , -240304
694074 , -1.39605e+06 , 837394
-1.83607e+06 , -555061 , 53128.4
-329699 , 689671 , 248837
914737 , 552533 , -1.36454e+06
470987 , -200194 , 360975
-296165 , 396508 , 1.47179e+06
-12420.3 , -58866.6 , 1.2388e+06
-927572 , -242027 , 741882
-1.82282e+06 , -929941 , 219349
-1.10845e+06 , 1.07992e+06 , -781806
-1.70995e+06 , -845098 , 206953
1.64344e+06 , 138522 , 1.27548e+06
596457 , 727173 , -1.54524e+06
1.48102e+06 , -341955 , -116820
-554710 , 747560 , 860901
1.18454e+06 , 370283 , 647919
1.08648e+06 , 565621 , 101302
318950 , -142283 , -660478
609950 , 1.10027e+06 , -1.14381e+06
742752 , 850367 , 303974
-1.62773e+06 , 380456 , 887570
-448064 , -1.11067e+06 , -1.43152e+06
667059 , 971381 , -938928
-1.03501e+06 , -483825 , 1.71882e+06
-1.76681e+06 , 403542 , 417753
-61661.8 , 391417 , 1.69844e+06
1.1845e+06 , -270569 , -290057
1.01275e+06 , 1.1013e+06 , -1.06917e+06
450694 , 1.93463e+06 , -208283
245283 , -528675 , 1.2316e+06
1.01111e+06 , 508606 , -394870
-441771 , 694937 , 1.98338e+06
-912388 , 823259 , -635469
-693477 , -1.02971e+06 , -1.92513e+06
-1.12432e+06 , -885505 , 296797
704296 , 301472 , -112049
-1.30055e+06 , -1.5971e+06 , -581101
-1.81652e+06 , -491049 , 847602
1.42067e+06 , 245332 , -749422
1.32895e+06 , -1.03715e+06 , -56115.2
-896234 , 330724 , -1.12837e+06
-747425 , 996081 , 1.06424e+06
-389588 , 845550 , 553401
-1.40758e+06 , -712384 , 4226.54
644585 , 464430 , 1.67916e+06
-1.34378e+06 , -315705 , 385631
-347497 , 1.65896e+06 , 830143
863888 , 724582 , -441695
-243046 , 11408.2 , -853185
1.18158e+06 , 1.27004e+06 , -504992
-649153 , -675500 , -1.95487e+06
155008 , -511170 , -566806
-95230.7 , -976744 , 277753
1.95908e+06 , -72419.8 , 77597.6
902536 , -375146 , -1.94117e+06
197538 , 236203 , -1.16515e+06
-454577 , 80132 , -1.01076e+06
-822170 , 1.36964e+06 , -637396
929081 , -892338 , -1.3112e+06
334862 , -858465 , -782914
-146147 , 1.29469e+06 , 117871
274693 , 679603 , -377660
1.46831e+06 , -208453 , 185049
-1.43327e+06 , 355638 , 1.25041e+06
-1.2144e+06 , -957615 , -659240
1.38151e+06 , -821414 , -602079
-559845 , -831086 , 1.2408e+06
-1.94575e+06 , -1.40831e+06 , 453599
-76948.1 , 17113.6 , -696956
1.02647e+06 , 5245.11 , -855605
1.35637e+06 , 446639 , -1.29316e+06
-218785 , -683594 , 468003
-751008 , -434119 , 820457
-287385 , 1.18012e+06 , 322401
-347869 , 1.413e+06 , -1.6151e+06
-1.00592e+06 , 559741 , 977601
1.49227e+06 , -386057 , 589201
-373895 , 398783 , 45542.4
-882024 , 1.3191e+06 , 700999
-201273 , 231376 , 1.12792e+06
-908633 , -1.28799e+06 , -296862
120420 , 528708 , -1.56286e+06
-629322 , -504004 , -1.73538e+06
-1.35023e+06 , -164201 , -518026
-1.6219e+06 , 1.10524e+06 , 98026
1.37129e+06 , -685209 , 292332
1.02994e+06 , 1.05254e+06 , 363717
-1.27798e+06 , -86558.8 , 923579
-247154 , -918077 , 1.62344e+06
-218511 , -826495 , -335265
1.16115e+06 , 165015 , -545819
1.21138e+06 , -917306 , 704615
591664 , -145909 , -972465
-1.4199e+06 , -1.48279e+06 , 184221
-77677 , -583248 , 1.73194e+06
-435798 , -1.03477e+06 , -1.23239e+06
-615802 , -599543 , -1.21505e+06
-774751 , -351489 , -1.12598e+06
-438070 , -1.1558e+06 , 777641
400440 , -560628 , -367016
82322 , -914151 , 48217.4
291570 , 1.37979e+06 , -1.10259e+06
733204 , 1.50292e+06 , 115329
261477 , -925577 , -1.11884e+06
135906 , 882738 , -336710
563498 , 244845 , -1.65125e+06
2.01302e+06 , 1.12108e+06 , -1.34215e+06
1.15e+06 , 162701 , -682254
-1.31284e+06 , -41517.6 , 855735
799555 , -682256 , 372778
1.67124e+06 , 94621.3 , 1.2764e+06
-1.70998e+06 , -323279 , 1.0209e+06
685412 , 917523 , 354999
826231 , -104730 , -881666
79663.3 , -568372 , 914448
1.18472e+06 , -614518 , -919762
-1.1168e+06 , -1.58096e+06 , -304613
-179621 , 526196 , 269523
281752 , 1.00308e+06 , 789659
-871083 , 566981 , 563648
-6390.11 , 849504 , 1.01544e+06
782630 , 1.4073e+06 , -24976.7
-1.01953e+06 , 479572 , -1.24689e+06
1.03098e+06 , -363579 , 964087
1.06239e+06 , 238510 , 1.0621e+06
-753702 , -208100 , 1.06051e+06
-1.34889e+06 , 394552 , -1.23257e+06
620694 , 1.04844e+06 , -907265
211863 , -776117 , 1.05069e+06
-788797 , 406903 , -140979
-171957 , 256424 , -678808
1.51526e+06 , -140587 , -407821
302203 , -2.12207e+06 , 804358
1.31563e+06 , 484168 , -876128
-131685 , -774059 , -141445
963625 , -1.83139e+06 , 145948
334619 , 1.00663e+06 , -113267
1.46853e+06 , 147495 , -859837
-291441 , -3328.69 , -99667.1
-53011.7 , -1.73751e+06 , 624586
1.40551e+06 , -1.26254e+06 , -593616
1.04687e+06 , -609979 , 1.69704e+06
482482 , -130357 , 1.5078e+06
-785795 , 554005 , -1.40793e+06
-698790 , -820579 , 1.17446e+06
-429019 , 264207 , 1.67268e+06
722159 , -462626 , -971779
-531907 , -330035 , -579624
780589 , 666612 , 310161
-1.3294e+06 , 248421 , 16965.6
-341322 , -582679 , -575413
1.24137e+06 , 613845 , -1.24076e+06
62893.8 , 267935 , -1.33292e+06
271881 , -308442 , 1.74238e+06
628492 , 105002 , 445688
1.17798e+06 , -550365 , 1.5132e+06
-2.12772e+06 , -557306 , 143181
-78851.1 , 1.31549e+06 , -900859
-122453 , 798911 , -812998
-1.01278e+06 , -167968 , -1.69665e+06
-1.12412e+06 , -246126 , -228933
644746 , 832216 , -820226
976982 , -79700.5 , 797333
-495916 , 1.47741e+06 , -1.08257e+06
314436 , 70317.1 , 1.06493e+06
41978.2 , 1.08821e+06 , -1.09033e+06
-1.26106e+06 , 669456 , 1.38258e+06
1.13197e+06 , -1.32708e+06 , -394381
-10380.1 , 1.55613e+06 , 631835
243382 , -528340 , 1.28046e+06
671559 , -639568 , -808392
294780 , 844000 , 1.52879e+06
-863280 , -53422.1 , 1.24018e+06
-390971 , 664950 , -490903
-98006.2 , -538673 , -1.17369e+06
-84003.2 , -229157 , -1.76355e+06
256162 , 628190 , 1.46945e+06
-312391 , -1.05273e+06 , 974546
-206485 , -623298 , 285292
87047.5 , 549442 , 727790
-1.08212e+06 , 525706 , -56412.4
-1.13145e+06 , -390190 , -1.29896e+06
-1.75292e+06 , 439306 , 1.05973e+06
-355865 , 839435 , 1.42984e+06
-926711 , 723409 , -1.40596e+06
228721 , 212875 , 288636
734289 , -1.05444e+06 , -527921
585921 , -511914 , 577275
60151.3 , 130613 , 1.66594e+06
-239258 , -1.76338e+06 , 577085
-114855 , 2.02055e+06 , -18726.2
1.73353e+06 , 331676 , 692793
1.4041e+06 , 799709 , -1.15268e+06
-281203 , 1.63682e+06 , -553600
222193 , 1.90414e+06 , 365958
998393 , 329071 , -1.4286e+06
-1.67922e+06 , 131775 , -498371
300325 , -1.09748e+06 , 543393
-112595 , -820295 , -521002
1.00438e+06 , 990081 , 171099
-530670 , 1.11966e+06 , 154431
1.19383e+06 , 855567 , 1.0117e+06
1.08099e+06 , -60612.5 , 1.32937e+06
1.37128e+06 , -443420 , -600176
581055 , 97173.4 , -1.90299e+06
684312 , -1.57208e+06 , 656129
-246125 , -1.29943e+06 , -228234
-56564.7 , 1.25656e+06 , 288800
1.24704e+06 , -9858.37 , -813397
-366379 , 960565 , 1.77891e+06
-23825.8 , -220783 , 997470
1.73873e+06 , -1.32538e+06 , -1.38736e+06
-318677 , 496479 , 94631.1
238158 , 529562 , -830264
1.00388e+06 , 625940 , -753252
-1.31654e+06 , -1.42124e+06 , 616746
995416 , 119943 , 542751
-951545 , -694556 , 1.1646e+06
-345322 , -719990 , 48641.7
-451994 , 675512 , -206329
-397982 , -1.07287e+06 , -692959
729971 , -1.13975e+06 , 1.22614e+06
-624877 , 801009 , -1.00002e+06
98247.5 , -989339 , 736753
267183 , -1.06787e+06 , 545837
-1.6551e+06 , 626096 , 653118
617902 , -810340 , 476174
60893.6 , 1.41141e+06 , -252514
1.07088e+06 , 688295 , 420108
-1.17669e+06 , 742639 , -194565
873340 , -533115 , 10676.7
323881 , 671334 , 1.76707e+06
634658 , -1.01082e+06 , 112073
511257 , 411738 , -210930
-321294 , 1.19572e+06 , 319140
-570099 , 1.13844e+06 , 907568
-815368 , 1.69917e+06 , -922345
887884 , -856176 , 504889
-1.55453e+06 , 1.27491e+06 , -1.0259e+06
568616 , -76827.3 , 371136
-586279 , 1.34832e+06 , -1.05733e+06
-1.19033e+06 , -691015 , 589026
70369.8 , 497041 , -1.29433e+06
-2.02895e+06 , 42435.6 , 633186
454971 , 167143 , -668565
949376 , 1.1876e+06 , -700186
941100 , 147795 , -1.51675e+06
292596 , -81035.9 , -15084.4
1.70157e+06 , 152517 , -505596
-235469 , -1.07167e+06 , -525068
606835 , -1.44337e+06 , -676172
-838291 , 90664.6 , 438416
709364 , -319925 , -1.19447e+06
187941 , -792227 , 1.50356e+06
-811897 , 1.81346e+06 , 884695
778080 , 273510 , 364639
348174 , -1.16103e+06 , -230392
-910906 , -775641 , 940060
-637563 , -940034 , 130364
324438 , 156849 , 1.30377e+06
-138055 , 706835 , 1.48193e+06
-207211 , 225685 , -512896
194884 , -1.41046e+06 , -783225
365160 , -1.52988e+06 , 373464
351582 , 218072 , -632699
-356306 , 310063 , 40230.1
1.55439e+06 , 124085 , 509064
1.42972e+06 , -122661 , -1.22694e+06
-286120 , 385124 , 121750
-557365 , 1.69418e+06 , 959588
691123 , 13203.7 , -1.61534e+06
-143114 , 299681 , 383816
374262 , -44187.7 , -367190
-323931 , 702114 , 1.01266e+06
-1.20801e+06 , 710035 , -1.0521e+06
1.3489e+06 , 453268 , 702175
-2.07952e+06 , -99152.8 , -422033
-1.22598e+06 , -55521.5 , -1.57484e+06
307238 , 946041 , -555123
-801242 , -819921 , 1.10346e+06
677429 , -364392 , 443580
-387732 , 936669 , 725271
83195.3 , -1.26969e+06 , 342279
1.49772e+06 , -307052 , -448627
-1.4118e+06 , -1.47002e+06 , 687122
-979720 , -338258 , 788275
-641589 , -1.46614e+06 , -134496
581974 , -972856 , 318349
-15742.7 , 716673 , 272485
1.44057e+06 , 1.26584e+06 , -520543
1.1022e+06 , -1.25946e+06 , 136084
1.06264e+06 , 538449 , -1.17623e+06
22625.5 , -147560 , 1.33295e+06
-80588.9 , 634834 , 83925
882294 , -458815 , -890757
-1.34613e+06 , -632667 , 417756
-149091 , 1.4262e+06 , 912333
-344248 , 162976 , -170718
188377 , 189832 , 22454.4
1.6818e+06 , -1.28669e+06 , -319972
-758706 , 1.37923e+06 , -891782
682997 , 796332 , 2.15541e+06
1.93156e+06 , -289121 , -557843
-1.3681e+06 , 109419 , 201988
-170948 , -1.69328e+06 , -1.02883e+06
933040 , -555841 , -1.62625e+06
-595913 , -943139 , -553156
848579 , -768078 , -1.39379e+06
-19024 , 82786.4 , 618740
-1.11334e+06 , 805992 , 237497
295832 , 762038 , 826511
370705 , -1.21429e+06 , -203359
1.84724e+06 , 152383 , 1.36079e+06
80067.1 , 574049 , 497484
1.232e+06 , -421980 , -141474
-673612 , 538213 , -1.1182e+06
18438.8 , 928689 , -1.49049e+06
-169778 , 1.5269e+06 , 375838
1.47247e+06 , -591193 , -267449
-38362.9 , -1.77215e+06 , 1.09328e+06
1.20902e+06 , -388037 , 1.34219e+06
-9876.45 , -452714 , 21691.8
-170823 , -1.00303e+06 , -658912
-213801 , -492776 , -993411
-335803 , 1.1302e+06 , -202059
244794 , 916996 , -169923
-924537 , -155652 , -1.11194e+06
-67457.3 , 1.04071e+06 , 363859
-1.30971e+06 , -59403.5 , -1.40731e+06
-24206 , -1.64257e+06 , 704502
-876890 , 655972 , -464322
183649 , 949652 , 1.02732e+06
-799125 , 681870 , -602614
2.09893e+06 , -199260 , -802616
642931 , 226281 , 1.19223e+06
-290488 , -112801 , 9131.83
-1.58024e+06 , -762303 , -187171
-867256 , -680814 , 2.01017e+06
1.26062e+06 , 1.61767e+06 , -683857
364728 , -1.46915e+06 , 1.29479e+06
794517 , -1.18724e+06 , 507286
-1.26461e+06 , -349105 , 934353
-678999 , -530275 , 396371
-205209 , 820374 , -302985
-271688 , 516663 , -1.25352e+06
-652383 , 654040 , -2.10821e+06
-376991 , 1.37387e+06 , 504309
313822 , 1.00789e+06 , -1.5898e+06
-1.59672e+06 , -530870 , 929591
347168 , 688779 , -722646
22110.1 , -1.04459e+06 , 456233
439350 , 682734 , -1.65441e+06
-527659 , 2.1287e+06 , -184010
1.11849e+06 , 243942 , -134547
-574397 , 325925 , 301118
-325484 , 1.76773e+06 , -722091
-731177 , -415305 , 1.20435e+06
-500119 , -1.1931e+06 , -16712.9
-1.36557e+06 , 347850 , 580729
-1.496e+06 , -1.02919e+06 , -592273
1.90913e+06 , -313062 , -1.00667e+06
-71988 , 694532 , 1.42695e+06
-1.6448e+06 , -365956 , 102897
399536 , 1.38854e+06 , 127083
257989 , 1.18409e+06 , 1.34642e+06
-970132 , 646955 , -1.0425e+06
-594933 , -1.1096e+06 , 601488
514276 , -774014 , 1.07235e+06
1.20172e+06 , -1.16092e+06 , 854073
216094 , -596555 , -128738
164769 , -8513.87 , 1.38654e+06
1.43876e+06 , 670788 , 355445
831633 , -808220 , -1.7426e+06
559113 , 474892 , -1.19863e+06
746627 , 32902.5 , 1.46688e+06
-1.0778e+06 , 1.30559e+06 , -274596
359234 , -646869 , 699167
-968597 , 464327 , -1.04046e+06
1.15665e+06 , 487927 , -102396
-548985 , -786465 , 1.548e+06
883490 , 196012 , 1.82766e+06
1.46843e+06 , 158818 , 366057
-372385 , 222120 , 647486
-60638.2 , 113363 , -870189
12071.1 , -578606 , -565498
900522 , -809005 , 1.20352e+06
1.50365e+06 , 1.00021e+06 , -242713
-435796 , 1.6993e+06 , -378716
897300 , -802513 , -432087
-876751 , 156625 , -499262
-1.77164e+06 , 391718 , 1.02638e+06
370986 , -598716 , 753651
-1.73628e+06 , -263753 , 955413
337143 , 29080.9 , 194143
821831 , -607006 , 1.15471e+06
-113140 , 31496.3 , -1.14067e+06
977250 , -1.01171e+06 , -518400
105196 , 67728.9 , -1.68485e+06
-1.40621e+06 , -1.30268e+06 , -746036
1.23523e+06 , -594250 , -1.20015e+06
242483 , -507671 , -347718
999098 , 118749 , 377450
340582 , -72084.3 , 906205
584592 , 557685 , 1.01397e+06
-361250 , 898617 , -788385
1.06804e+06 , -719247 , 19210.1
1.50519e+06 , 60375.3 , -533179
295572 , 138470 , -1.35421e+06
1.53416e+06 , 224426 , 266931
1.25578e+06 , 24934.1 , 759225
63207 , -927673 , -922663
1.51328e+06 , -421022 , 1.53848e+06
-555485 , -78104.1 , 282406
937301 , 603677 , 303797
-414525 , 67504.1 , -1.37457e+06
-1.11329e+06 , -1.46881e+06 , 313522
407660 , 1.42327e+06 , 524007
646132 , 516629 , 959548
-1.47444e+06 , 268499 , 455568
-458980 , -127447 , -264225
22679 , 1.60811e+06 , 841046
1.63414e+06 , 786169 , -24552.7
-160890 , -1.64588e+06 , 630859
-1.00608e+06 , -735911 , 1.31949e+06
-765719 , -1.03553e+06 , 134197
-1.76557e+06 , -801443 , -41431.1
-230164 , 53722.3 , -274539
-1.80971e+06 , 453619 , 72606.1
705572 , -409996 , 597010
-490071 , 536099 , -1.16318e+06
227844 , 1.06094e+06 , 572914
-758618 , -363792 , -225996
34948.9 , -857170 , 1.33325e+06
1.40712e+06 , -497126 , -74530.2
-710287 , -204125 , 235874
-1.2948e+06 , 734219 , 136761
1.36559e+06 , -227640 , -146812
432467 , -857059 , -149075
-782483 , -1.74233e+06 , 403419
-1.06293e+06 , 1.00585e+06 , 1.00786e+06
186283 , -1.0783e+06 , 351703
395360 , -92799.8 , 1.48189e+06
-210655 , 397108 , -1.24484e+06
97960.9 , 211686 , 639789
115030 , 157792 , -930354
-708613 , 2.19819e+06 , 418459
-5866.48 , -826035 , -1.03349e+06
-1.16749e+06 , 671923 , 1.01445e+06
-291830 , -576418 , 791249
51585.5 , 1.60447e+06 , 578467
722551 , -1.3546e+06 , 572511
-877619 , 1.13251e+06 , -839315
323275 , -1.55878e+06 , -135900
575829 , -1.61843e+06 , -1.1616e+06
-274179 , 1.51664e+06 , 90344.6
1.97388e+06 , -33796.6 , -792155
166335 , -619018 , -1.01181e+06
808348 , -1.0332e+06 , -660538
-348914 , 711968 , -1.18848e+06
-1.32893e+06 , 1.03596e+06 , 397975
-342101 , -1.2469e+06 , 748104
1.17286e+06 , -1.55622e+06 , 380264
-1.35605e+06 , 166459 , -1.71092e+06
-335251 , -216993 , 1.02242e+06
-943633 , 213469 , -507748
-1.04745e+06 , -160819 , -309613
-995886 , -1.19415e+06 , 183309
409183 , 66122.3 , -1.24798e+06
-840236 , 782098 , -327977
-1.47758e+06 , 1.34148e+06 , 412226
758468 , 10961.9 , -822492
140888 , -922274 , 30207.3
655185 , -348426 , 690805
159808 , 1.19086e+06 , -177944
212470 , -973129 , 1.1405e+06
-679248 , -1.68796e+06 , 1.00866e+06
476358 , -31264.4 , 611508
-28689.1 , -820956 , -328734
431602 , -673997 , -484855
-134330 , 697587 , 599993
1.04003e+06 , 402972 , 894600
-1.50569e+06 , -1.44496e+06 , 3537.8
318379 , 1.21331e+06 , 1.60582e+06
-783275 , 987398 , 537778
58689.7 , -173596 , -882926
-449241 , 1.16215e+06 , -1.62791e+06
230951 , -1.42446e+06 , -343677
147528 , 1.18307e+06 , -1.59872e+06
-1.02344e+06 , -1.23366e+06 , 410577
-798162 , 234079 , -976378
1.25882e+06 , -920563 , -776129
-24761 , -1.28036e+06 , 1.22007e+06
-742701 , 4037.2 , -868935
612624 , -747291 , 263603
-76656.2 , 1.07046e+06 , -377159
759033 , 1.13545e+06 , -254757
-875767 , 893608 , -1.27652e+06
298155 , -1.54217e+06 , 1.3127e+06
1.58225e+06 , 875937 , 425433
-1.07695e+06 , -977953 , -553808
1.47193e+06 , 108853 , 119863
1.46526e+06 , 167376 , 451609
-89807 , 23521.7 , -812376
-1.20721e+06 , -340696 , -242319
570024 , 31462.5 , -1.57618e+06
-870594 , -1.15138e+06 , 1.25127e+06
-1.55918e+06 , -399217 , -40294.7
-1.15395e+06 , -487154 , 809194
687461 , -146120 , -951112
-1.42446e+06 , 787793 , 131675
-1.23116e+06 , -14756.1 , 309176
647800 , -991731 , 182220
2.10742e+06 , -464110 , -493961
1.01662e+06 , -938444 , 1.35679e+06
359694 , -1.38378e+06 , 724833
1.13114e+06 , 945253 , -500252
354096 , 15097.5 , 1.26286e+06
-802550 , 454008 , 321497
525776 , 500688 , 534299
-7591.51 , 1.71363e+06 , -164236
1.05266e+06 , -1.11125e+06 , -366555
1.06516e+06 , -706907 , 692596
414838 , -419566 , 1.84682e+06
-319777 , 1.4762e+06 , 1.29512e+06
-297401 , -759401 , -1.42298e+06
-1.11536e+06 , -477339 , 522649
-108639 , -908769 , 534775
952949 , -707256 , -1.20465e+06
-550717 , -1.76491e+06 , -568686
1.96894e+06 , -325879 , -460392
1.07949e+06 , 84254.4 , 810136
507479 , -1.39358e+06 , -1.04078e+06
150199 , 1.45746e+06 , -385838
1.44877e+06 , -962314 , 48826.9
1.42035e+06 , -1.75123e+06 , 182315
635038 , 1.31753e+06 , -1.12428e+06
1.35629e+06 , 231904 , -41839.5
-1.60707e+06 , -104040 , -481785
265088 , -1.36153e+06 , -65668.4
-1.13283e+06 , 329357 , 392250
547673 , 1.54748e+06 , -211655
-1.09047e+06 , -315994 , -954470
1.24886e+06 , -1.87477e+06 , 630132
-340965 , -217468 , 815308
-431579 , 216487 , 81685.2
133722 , -759641 , 190897
-1.16395e+06 , 766806 , 824309
262413 , -69127.3 , 1.62667e+06
541922 , 247127 , -1.67941e+06
-1.74144e+06 , 721820 , -680029
-419784 , -1.3395e+06 , -791632
-1.15121e+06 , -466174 , -87446.5
598244 , 277605 , -584640
-1.24884e+06 , 1.16995e+06 , 1.29402e+06
970834 , -302763 , 16891.5
-1.493e+06 , -123621 , -738845
-544762 , -1.68682e+06 , -341094
-826039 , 123764 , -1.63271e+06
1.27283e+06 , -352414 , 270188
634820 , -656266 , 1.18771e+06
558702 , -564035 , -495093
-144696 , 274592 , -611713
-910785 , -930153 , -1.30489e+06
-1.40761e+06 , 310783 , 531715
-365295 , -26109.2 , -472068
-278280 , 698323 , 951732
-672594 , -77442.3 , -747694
-528952 , 1.15319e+06 , 437626
126815 , -229348 , 118245
964724 , -792146 , 728946
-678005 , -1.22651e+06 , 1.63908e+06
4346.82 , 131612 , -25819.8
-1.10229e+06 , 1.19458e+06 , -700234
-76742.3 , -1.78004e+06 , 98293
925300 , 700693 , 1.26939e+06
127964 , -865464 , -694624
102818 , 67663.3 , 1.10174e+06
-256015 , -401479 , 1.72097e+06
-23626.6 , 589192 , 1.17849e+06
536506 , 267665 , -1.17927e+06
365813 , 1.10275e+06 , -637775
-1.56007e+06 , -1.27951e+06 , 588975
-1.49849e+06 , -1.63213e+06 , -509020
1.85705e+06 , 52274.7 , 54504.8
-27346.1 , -998667 , 437719
-1.40469e+06 , 453590 , 804425
358818 , 710169 , 384242
1.39589e+06 , -278611 , -114694
-1.49545e+06 , -238689 , 49502.2
-1.35008e+06 , 8267.33 , 1.00101e+06
132651 , 335060 , 1.60383e+06
749237 , 777284 , -483542
-672829 , 1.02623e+06 , 172938
650449 , -1.47523e+06 , 592768
663301 , 724147 , 1.58232e+06
1.21491e+06 , -617918 , 1.24831e+06
-821303 , -32216.5 , -1.13579e+06
-1.7343e+06 , 247923 , 643450
-1.69937e+06 , -1.00039e+06 , -385655
-770318 , -628257 , 97898.2
79559.4 , 908075 , 1.27053e+06
867418 , 1.4819e+06 , -477149
1.84279e+06 , 759069 , -419916
350121 , -1.59304e+06 , -216736
782766 , 1.46325e+06 , 1.95764e+06
-725972 , -1.38531e+06 , 452555
652456 , 950950 , -892082
358470 , -237817 , 876676
-891149 , 3467.15 , 303584
-151206 , -1.71286e+06 , 1.17448e+06
391670 , 804851 , -152140
-976557 , -1.24756e+06 , -1.01474e+06
659223 , 73168.4 , 210261
-854165 , 873427 , -747043
819237 , 594583 , 1.30697e+06
-1.27604e+06 , 1.08829e+06 , 122033
139434 , -1.73457e+06 , 30478.3
62663.1 , 1.87868e+06 , 531585
-1.60444e+06 , -925149 , 410815
-1.40812e+06 , -718931 , 685923
-1.698e+06 , -1.71063e+06 , -348069
-1.34036e+06 , -150864 , 1.11397e+06
-643475 , -327590 , -54754.2
-1.43326e+06 , -1.29883e+06 , 17744.8
985738 , 274053 , -565917
-1.37292e+06 , 684062 , 252784
-869232 , -406988 , 705926
91023.6 , 841548 , 1.47146e+06
-263189 , -1.2744e+06 , -598241
1.00978e+06 , -1.0559e+06 , 2.22559e+06
880218 , -286088 , -1.22002e+06
-1.28995e+06 , 230299 , -283478
1.06424e+06 , -1.35042e+06 , 660620
376111 , 434991 , -267812
1.04153e+06 , -1.14558e+06 , -170029
95582.3 , -440571 , -426229
1.25457e+06 , 959549 , 847784
-491977 , 176119 , -1.01677e+06
1.04018e+06 , -508611 , 1.71439e+06
505904 , -1.33109e+06 , -1.70373e+06
-255786 , -1.20454e+06 , -442899
2.32527e+06 , -385336 , 889664
-589904 , 13691.7 , 1.57309e+06
-1.26059e+06 , 231118 , -1.30622e+06
797809 , -1.06681e+06 , -881298
1.12485e+06 , 1.29622e+06 , -500398
-1.00864e+06 , 714175 , 955565
-600748 , 359473 , 1.72762e+06
1.28905e+06 , 485436 , -286531
-594597 , 24910.5 , -500229
391696 , -66982.9 , -1.97692e+06
-433719 , -321272 , -952979
598933 , -459107 , 1.58179e+06
826232 , 376964 , -1.42648e+06
-1.10521e+06 , -1.14888e+06 , -715614
-58111.8 , -314033 , -443063
-1.38465e+06 , 430191 , 899230
-244410 , 225966 , 402021
876040 , 603204 , -1.02975e+06
570714 , 135288 , -1.17804e+06
927650 , -1.16884e+06 , -503025
-825141 , -533507 , -637273
287055 , 1.30025e+06 , -294875
-793828 , 858697 , -885017
855858 , 769992 , 1.00379e+06
-187891 , 1.39506e+06 , 139961
95063 , 615376 , -485575
-598392 , 1.3321e+06 , -91874.7
92645.7 , 1.22041e+06 , -203544
1.15953e+06 , 311389 , 1.05565e+06
-315993 , 247303 , 704109
-1.30535e+06 , -1.51626e+06 , -489870
-1.90822e+06 , 24049.9 , -565194
-1.08448e+06 , -959156 , 914847
-19528.5 , -450729 , -142039
-951582 , 815372 , -681860
-378270 , -856266 , -1.07525e+06
-707203 , -1.41712e+06 , 407490
117487 , 533652 , 776466
-340133 , -729333 , 1.30105e+06
306215 , -1.36522e+06 , 365656
-537005 , 1.12033e+06 , 1.37718e+06
262540 , -1.606e+06 , 111904
1.73877e+06 , 477100 , 789384
-1.34467e+06 , -1.88996e+06 , 572142
220745 , -1.29119e+06 , 149348
-637501 , 85762.8 , -666714
-206781 , 993681 , 177497
-3779.82 , -1.01456e+06 , -1.09243e+06
-1.08443e+06 , -597434 , 1.19616e+06
-305882 , -716846 , 26433
-1.63719e+06 , 239211 , 526953
818719 , 1.52682e+06 , 323213
-502612 , 1.16742e+06 , -857679
166714 , 243533 , 323546
879756 , -382021 , 999808
130317 , -989168 , -1.18343e+06
-468757 , 384276 , -128426
-552455 , -505338 , 858332
227628 , 1.51331e+06 , 184797
-2.18073e+06 , 377058 , -262560
1.41539e+06 , -53375.3 , 1.6835e+06
529429 , -157077 , -1.54995e+06
-1.06409e+06 , 847552 , 689320
-338597 , 371641 , 303275
-241641 , -1.80426e+06 , -828111
290669 , 1.92759e+06 , 48378.7
-2.06938e+06 , 1.23961e+06 , 569058
-64801.6 , 1.07348e+06 , 394259
-822149 , 336037 , -1.2142e+06
120808 , -1.58836e+06 , -742723
233776 , -472726 , -1.84248e+06
-25550.9 , -25151.5 , 171145
-1.44243e+06 , 1.72384e+06 , 212648
-1.05744e+06 , 609359 , -240268
-244687 , 1.78745e+06 , -414002
-542955 , -2.09831e+06 , -179395
958925 , 129977 , -635542
379417 , -309456 , -1.19502e+06
414883 , 184601 , 1.17361e+06
-634410 , -244525 , 23302.2
1.01826e+06 , -190676 , 663369
-1.25515e+06 , -78583.9 , 1.0292e+06
645733 , 17830.8 , -64621.5
779760 , 341220 , 57363.3
1.21091e+06 , 394602 , -116633
173247 , -1.67651e+06 , 184492
-1.2035e+06 , -1.01778e+06 , 997338
-468836 , 528019 , -1.26263e+06
512002 , -317748 , 518570
-546837 , -687230 , -838681
975575 , -511057 , 442340
-1.39345e+06 , -1.25933e+06 , 189331
1.34363e+06 , 591480 , -1.46654e+06
548075 , 1.13242e+06 , 1.20906e+06
384355 , -1.84559e+06 , 1.3133e+06
-986915 , 720861 , 613130
1.99528e+06 , 573609 , -465112
1.30525e+06 , 1.30097e+06 , 345411
-427685 , 746127 , -1.95175e+06
572730 , -96054.1 , 1.42776e+06
689546 , 505959 , -1.01082e+06
-1.34986e+06 , -178942 , -217409
380222 , 810280 , 830319
-1.33688e+06 , -695663 , 431518
-688826 , -1.31048e+06 , 140453
-763653 , 1.62543e+06 , -266353
-576342 , -1.44694e+06 , 307752
45366.3 , 1.14173e+06 , 1.37593e+06
232834 , 671849 , 763477
615163 , 79000.5 , 27598.4
416468 , 1.16403e+06 , 410969
-1.14203e+06 , 916801 , -1.16691e+06
302941 , 2.02643e+06 , -411151
147554 , -403667 , 664459
-97261 , -1.4702e+06 , -918230
560587 , -132561 , -400987
705716 , 1.16171e+06 , -208542
-1.24201e+06 , 1.11881e+06 , -293053
1.4018e+06 , -167201 , 937784
971755 , -890864 , 1.23768e+06
828209 , 1.2124e+06 , 921859
-323641 , -1.26754e+06 , 478548
-24788.1 , 1.77957e+06 , 411232
-2.16954e+06 , -266470 , -368256
274644 , -320377 , 1.54e+06
178.614 , -1.76567e+06 , 487359
821667 , 473252 , 668952
-1.50316e+06 , -1.71887e+06 , 33372.5
-619121 , -1.25768e+06 , 432328
-1.38146e+06 , -646309 , -612882
-936435 , -271905 , 468219
1.38642e+06 , -393562 , 846815
1.77059e+06 , 132966 , 689797
760892 , -287850 , -823641
-950329 , -650599 , 1.24834e+06
1.445e+06 , 432527 , 465088
-312987 , -1.68496e+06 , 49452.4
843193 , 990231 , 947851
467635 , -1.41539e+06 , -982108
-236085 , -737333 , 909033
-813034 , 121348 , -169852
473710 , -1.1771e+06 , 279952
239971 , 178793 , 1.49863e+06
-197456 , -655514 , -1.38093e+06
98953.7 , -914335 , 28984.7
-138378 , 163968 , 751684
731411 , -1.27064e+06 , 179294
-757781 , 296716 , -68669.8
652531 , -328541 , -545114
-138921 , -367068 , -754414
-156889 , -285843 , -1.03772e+06
-131867 , -241207 , -1.0413e+06
969642 , 610687 , -754179
1.46517e+06 , -261970 , -155570
-1.14739e+06 , -371917 , -817671
-550848 , 984059 , -1.67883e+06
-301189 , -583705 , -1.19285e+06
-757135 , 1.37362e+06 , 766988
661886 , -319990 , 458959
-374718 , -699375 , -588380
-859832 , 477157 , 930766
-4547.41 , 132804 , 1.26588e+06
651629 , -193702 , 356214
-208035 , -1.3939e+06 , 1.10755e+06
1.10789e+06 , -689221 , 510192
-855075 , 580436 , -1.85402e+06
-623208 , -857949 , -405327
1.14591e+06 , 1.17469e+06 , -335268
-936964 , -143615 , -197.661
850494 , -93775.6 , -1.22543e+06
-225477 , 1.08466e+06 , 985630
604175 , 1.89651e+06 , 1.1691e+06
711355 , 2.09857e+06 , -399063
-1.43962e+06 , -141130 , 1.24863e+06
106716 , -653631 , -444492
1.04084e+06 , -132906 , -1.6287e+06
875294 , -1.47884e+06 , 354086
67339.7 , 275718 , 1.16429e+06
-700959 , -1.56531e+06 , -31530.7
-6557.91 , 8251.71 , 433276
8373.03 , -1.49528e+06 , -730343
1.59662e+06 , 31747.3 , 480963
-698533 , -674793 , 664264
-185497 , 311621 , 1.49064e+06
-314076 , 1.25753e+06 , -183268
-377884 , -1.76058e+06 , -1.06926e+06
1.55414e+06 , 1.61666e+06 , 149787
-1.78975e+06 , -655803 , 684620
-937690 , -434194 , -469114
646325 , 891571 , 1.52845e+06
861947 , -1.17732e+06 , 285408
-976032 , 670392 , 1.01359e+06
-1.03076e+06 , 133795 , -1.11608e+06
-1.13515e+06 , -1.30043e+06 , 228421
373372 , 641741 , 470949
985862 , 581633 , 410612
492448 , -1.14233e+06 , -671795
-316047 , 911787 , -135638
-980617 , -1.38319e+06 , 533440
-971641 , 161618 , 573799
1.32685e+06 , -1.91055e+06 , -581756
-289402 , -1.32275e+06 , -105169
779992 , -812429 , 258352
883752 , 237004 , 451849
-119434 , 1.32427e+06 , 339617
434547 , -19120.2 , 270727
324765 , -734823 , 500797
-1.61868e+06 , 1.00682e+06 , 99281.7
-160130 , 1.74353e+06 , 484732
47231.3 , 148389 , -1.55409e+06
-766929 , 1.36565e+06 , 914067
-739787 , -1.06933e+06 , -697653
-986176 , 1.26349e+06 , 1.02393e+06
342391 , -114278 , -97221.2
-400270 , 567089 , 699520
-655312 , 1.26696e+06 , 108351
-1.83516e+06 , -56457.2 , 34502.7
-1.70427e+06 , -596121 , 605909
640047 , 709527 , -475896
259521 , -144202 , -1.20055e+06
838128 , 643913 , 116710
578836 , 456807 , -1.71442e+06
588705 , -803072 , -46318.7
530107 , 1.71013e+06 , -415057
213421 , 1.11431e+06 , -635432
-178998 , 683384 , 177327
25817.2 , -1.3247e+06 , 38255.6
1.76789e+06 , 876327 , -1.11112e+06
-56463.2 , 367208 , 655998
215138 , -798509 , 1.12315e+06
1.52673e+06 , 238404 , -439244
278478 , -1.2579e+06 , 681165
-279042 , 954339 , 1.71343e+06
1.02835e+06 , -45968.1 , -858959
-285147 , -1.1414e+06 , 1.93588e+06
1.42222e+06 , -1.34802e+06 , -900002
-1.66737e+06 , 395122 , -213900
1.22246e+06 , -622173 , -1.22954e+06
-260013 , 1.0099e+06 , 900746
1.82118e+06 , -698730 , -1.46722e+06
-156285 , 1.21436e+06 , -1.28462e+06
800816 , 183360 , -1.49438e+06
129264 , 1.13678e+06 , -15858.2
1.24099e+06 , 170782 , -659229
225774 , 338159 , 828852
317760 , -862867 , -807443
142727 , -911019 , -1.16133e+06
250620 , -21960.9 , 134140
-748394 , 1.58104e+06 , 818310
1.11072e+06 , -1.443e+06 , -302594
558622 , -675209 , 553277
-1.01439e+06 , -620529 , 989409
-785876 , 1.00908e+06 , 776122
-913388 , -136830 , 1.42603e+06
29538.2 , -492866 , 1.14318e+06
1.04621e+06 , 86562.9 , -39128.1
766686 , 817173 , -190826
-1.06501e+06 , 84736.5 , -1.16335e+06
794596 , 121720 , 434387
-261969 , -80029 , 999657
-742179 , -1.01116e+06 , 1.16388e+06
2.01385e+06 , 790207 , 481753
567022 , 1.17004e+06 , -852887
-168479 , 1.41919e+06 , 190084
-603601 , 263214 , -1.18205e+06
167762 , -684638 , -260597
1.25444e+06 , 1.23713e+06 , 568870
546385 , 132409 , 1.24438e+06
566191 , 953770 , -226289
-188936 , -1.54833e+06 , 116024
-141728 , -695649 , -1.66841e+06
973970 , -670229 , 219505
554219 , 340841 , 743294
1.42442e+06 , 922957 , 523354
-784015 , -12280.7 , -1.31488e+06
-1.00793e+06 , 1.1244e+06 , 891900
-687212 , -589244 , 495419
-235098 , -1.16966e+06 , -704232
201715 , 162456 , 2.26707e+06
762726 , 1.36195e+06 , -646543
-594700 , -324835 , 1.20346e+06
292756 , 1.757e+06 , -1.34219e+06
685954 , 1.21804e+06 , -1.19278e+06
757692 , 834956 , 1.42719e+06
-1.19443e+06 , -781233 , -57055.3
-1.32856e+06 , 893325 , 891944
790158 , 465883 , -943462
-266902 , 87816.3 , -1.3733e+06
-511590 , -294099 , 91431.7
-1.10177e+06 , -1.1274e+06 , -480816
628329 , -99992.2 , -882287
418448 , 1.34957e+06 , 873806
-1.15905e+06 , -1.78423e+06 , 322891
-845337 , -1.90501e+06 , 159907
592788 , 362928 , 352354
772949 , -855743 , 317786
-1.37574e+06 , 555305 , 1.19149e+06
-983753 , -412778 , 1.11823e+06
-1.21936e+06 , -586918 , -615481
1.47857e+06 , -744798 , 159550
1.30644e+06 , -342544 , 214377
36845.2 , 363112 , -1.27428e+06
306066 , 1.44444e+06 , 1.34809e+06
-985893 , 834254 , 702233
694742 , 798829 , 41523.9
-60418.9 , -833828 , 610866
-587990 , 760334 , -686988
-583130 , 746092 , 1.9443e+06
-312687 , -1.46401e+06 , 361846
703111 , -889920 , -323814
-299089 , 1.61662e+06 , -1.03202e+06
887600 , -89133.7 , -2.18895e+06
941609 , 197612 , 610937
-1.86194e+06 , 453044 , 324659
594766 , 21869.7 , -272248
10395.7 , -584989 , 586559
148566 , 204089 , 299362
71125.9 , 658957 , -451065
-28898.1 , -448482 , -672429
-1.35697e+06 , -43960.6 , 105971
-457701 , 255723 , 209808
1.06573e+06 , 50189.6 , 1.29167e+06
955175 , -689791 , 22012.6
1.24536e+06 , 1.67429e+06 , 895954
14337 , -1.24327e+06 , 1.65298e+06
445103 , 314982 , 375065
1.79863e+06 , -160068 , 538111
707279 , 493632 , -999103
1.95524e+06 , -607822 , -13229.4
397862 , -667329 , 1.69706e+06
-585115 , -429123 , 173894
-394852 , -1.0516e+06 , -1.3465e+06
397006 , 224186 , 1.63509e+06
-354936 , -1.07886e+06 , 83730.2
561573 , 1.02545e+06 , 985335
-884342 , -1.63051e+06 , 368335
-756129 , -1.58967e+06 , 1.31294e+06
521897 , -380133 , -333759
623680 , 170103 , 332612
-374554 , -448379 , 1.33179e+06
244034 , -1.45184e+06 , 984508
-209949 , -825506 , 406924
360396 , -854538 , 344479
-1.11824e+06 , -515818 , 813984
-85036 , 720514 , -986036
581636 , 876637 , 1.2922e+06
308816 , 1.38471e+06 , 817389
428957 , 521805 , 1.43704e+06
-36304.2 , 145226 , 734512
168800 , 1.21512e+06 , -322945
19466 , -2.0803e+06 , 1.21024e+06
-94541.6 , 1.71573e+06 , 115576
-811176 , -1.27811e+06 , -48208.8
-411954 , -1.66338e+06 , -658529
-2.0554e+06 , 112562 , -741699
-551210 , 272786 , -233195
1.7203e+06 , 795464 , -1.06303e+06
82322.6 , 58601.9 , -352886
-1.39147e+06 , -53326.3 , 339089
1.69287e+06 , 161908 , -1.05667e+06
1.87288e+06 , 605213 , -1.24696e+06
-207396 , 224880 , 1.64499e+06
123126 , -73116.2 , 741786
-905862 , -716752 , 116961
251730 , -1.75351e+06 , 1.07304e+06
475330 , -420217 , -258864
2503.75 , -1.28145e+06 , 245465
1.06292e+06 , 577330 , -992064
595996 , -24443 , -713799
-386724 , -1.8059e+06 , -568153
5892.99 , -1.08584e+06 , -210872
723281 , -61875.6 , 413590
-1.5333e+06 , 345681 , 246111
326285 , 1.93148e+06 , -908861
-945903 , -1.85591e+06 , 572441
-472297 , -2.01733e+06 , 517323
-93085.9 , -1.79322e+06 , 666319
-1.26554e+06 , -917905 , -769134
359290 , 47632.1 , 1.10282e+06
-1.59117e+06 , 157538 , 412309
-745687 , -498132 , 752226
-166454 , 520659 , 577878
1.28168e+06 , -1.1632e+06 , 625547
-1.08798e+06 , 947404 , 1.01093e+06
-911169 , 318497 , 881521
1.34793e+06 , 1.34664e+06 , 653342
-1.42091e+06 , 597890 , 1.46614e+06
-519834 , 1.06256e+06 , 125654
-149706 , -956391 , -213508
-1.58792e+06 , 1.49973e+06 , 578928
-1.14915e+06 , 412549 , 746577
-1.02081e+06 , -284172 , -1.18548e+06
-995272 , -513043 , -209220
608932 , 786244 , 620992
115558 , -846538 , 190446
-1.70843e+06 , 525756 , -1.53492e+06
40239.5 , -223598 , 908.8
250392 , -715390 , -97555.1
-721825 , 389630 , 556140
1.71623e+06 , 762101 , 652323
1.41026e+06 , 21348.5 , 1.24519e+06
-1.09147e+06 , 858418 , 727344
1.42207e+06 , 1.44907e+06 , 824882
-1.64867e+06 , 1.61762e+06 , 676585
422920 , 482390 , 101519
-1.1085e+06 , 1.22682e+06 , 1.21504e+06
474284 , -1.70944e+06 , 1.10559e+06
463104 , -867380 , 657409
89740.3 , -560227 , -640933
228194 , -2.15712e+06 , 394326
-1.10533e+06 , -697097 , -280775
1.38282e+06 , -41518.7 , 233646
-10056.9 , 53797.3 , 936068
-638525 , 192443 , -373915
-1.35047e+06 , -1.83595e+06 , 1.11274e+06
1.32139e+06 , 1.31533e+06 , -342650
-242508 , 196013 , -610356
2.12674e+06 , -380861 , 763756
738266 , 561177 , -1.32314e+06
892547 , -210582 , 849930
-664510 , -1.4492e+06 , 504236
-552902 , 1.13859e+06 , 724103
1.55614e+06 , 81030.6 , 141215
-1.18829e+06 , -845915 , -202656
721719 , -1.86752e+06 , -1.22375e+06
-572055 , 507071 , -528251
551800 , -1.33193e+06 , 639626
-982572 , -150421 , -435890
142438 , -1.49572e+06 , -379625
-82258.6 , 1.27711e+06 , 841140
-337891 , 539905 , -1.0761e+06
631910 , -506246 , 72282.7
1.14353e+06 , 93356.4 , -381555
-1.27365e+06 , -717443 , 301680
-1.03785e+06 , -972842 , -738656
-502039 , -339345 , 1.27059e+06
878406 , -485650 , 1.19396e+06
499321 , 1.88417e+06 , -930012
-335231 , 459418 , 796284
489801 , -679514 , 1.11897e+06
-2.02066e+06 , -398934 , 1.02637e+06
-644382 , -1.03902e+06 , -323204
-438444 , 985909 , 1.3525e+06
530415 , -246729 , 2.06806e+06
985941 , -1.36743e+06 , 40562.4
-80534.2 , 173167 , 1.37883e+06
-919730 , -1.88245e+06 , 289522
40020 , 1.27355e+06 , 759639
719849 , -692251 , 806696
630011 , 414028 , 1.81426e+06
-671816 , 88897.7 , 779927
-598521 , 37232.9 , -1.14462e+06
-1.48664e+06 , -606842 , -786576
17000.4 , 780956 , -40407.6
-706060 , -214395 , 415419
84954.8 , -812365 , 1.84774e+06
-502411 , -843310 , 1.5655e+06
580524 , 563924 , 1.26441e+06
295194 , 2.17807e+06 , 362695
-1.3495e+06 , -444310 , 429419
363888 , -233316 , 852805
-1.00099e+06 , -786793 , -1.36223e+06
601408 , -1.40356e+06 , -274660
1.36967e+06 , 478468 , -617592
488763 , -338978 , -390229
828215 , -499417 , -473618
-1.14841e+06 , 81301.9 , 1.11892e+06
-209844 , -281732 , -214426
-655615 , -640714 , 1.28671e+06
-102982 , 1.55342e+06 , 449002
1.15389e+06 , 430057 , 1.5004e+06
-984919 , 1.24815e+06 , -170530
-1.47087e+06 , 1.10157e+06 , 1.30575e+06
-666584 , 939304 , 1.02233e+06
1.24164e+06 , -1.20115e+06 , 393010
102571 , 28504.7 , 1.71967e+06
215276 , 1.02975e+06 , -652479
1.51483e+06 , -385797 , -326294
461901 , 226779 , 967142
-658829 , -300879 , 118164
-1.25759e+06 , 577667 , 545652
-528616 , 57800 , -457829
-135512 , 1.49869e+06 , -101491
875881 , 58745.2 , -711996
-505680 , -519240 , -1.22415e+06
709974 , -559977 , 141720
-3788.67 , -817143 , -675203
-1.06814e+06 , -194549 , -160948
-506376 , 1.6034e+06 , 605539
686701 , 101741 , 526993
-135877 , 169412 , 925509
-64287.1 , 1.42087e+06 , -18159.3
-119115 , 693349 , -437887
-423339 , -663139 , 99369.4
-1.62334e+06 , 779218 , 911825
2.38835e+06 , 267500 , -517880
-1.04569e+06 , -217566 , -1.1708e+06
17689.8 , 686132 , -456463
950556 , -44768.1 , 727512
15908.5 , 120433 , 109964
-1.29424e+06 , 323743 , -359050
-1.46553e+06 , 1.36914e+06 , 375793
31014.7 , 14141.6 , -480023
1.56627e+06 , -548922 , 241939
-649410 , 752907 , 1.86137e+06
1.68258e+06 , -683603 , -1.44303e+06
-825777 , 858503 , 662169
201416 , -1.39815e+06 , -850985
-83306.1 , 591576 , 1.43913e+06
-1.03092e+06 , -142299 , -1.08992e+06
-198744 , -205648 , 693339
-980421 , -529274 , -1261.46
347928 , -991841 , -875806
1.76707e+06 , 90543.2 , -212681
440482 , -336179 , 1.28691e+06
438353 , -1.42081e+06 , 581236
-1.0568e+06 , 494096 , 1.27953e+06
-1.05883e+06 , -203175 , 1.19637e+06
-1.09121e+06 , -904989 , 84659.8
176244 , -795434 , 585777
-204424 , -1.65158e+06 , -1.77817e+06
1.0574e+06 , -1.12557e+06 , 633100
-1.11625e+06 , 108740 , -466485
927725 , 514242 , 56788.9
-266966 , 1.24607e+06 , -1.3616e+06
-616088 , 243715 , 764292
289970 , -963928 , -1.03333e+06
-741306 , 309561 , -1.58206e+06
776137 , 40136 , 802601
1.99406e+06 , 508182 , -789346
-1.60517e+06 , -410148 , 280327
-299145 , 72998.2 , 1.3833e+06
-1.5489e+06 , 691564 , 449314
-1.55672e+06 , 548240 , -454610
-600682 , 1.80857e+06 , 577579
548302 , 710571 , -1.20409e+06
955762 , 606473 , -1.44933e+06
665314 , 505709 , 386014
-721934 , -625368 , -1.01791e+06
1.05174e+06 , -864567 , 483030
86586.4 , 158987 , -96650.8
223767 , 2.10827e+06 , 60241.8
1.29065e+06 , 1.31271e+06 , -207925
1.4144e+06 , 353788 , 1.17636e+06
321550 , 513350 , -895447
-600513 , -403563 , 375924
303844 , -2.07215e+06 , 235195
-1.15137e+06 , 1.05126e+06 , -831999
1.11314e+06 , 306632 , 483421
-1.41965e+06 , 865504 , 782896
14035.1 , 126261 , -985683
-887333 , -1.25306e+06 , -150688
215315 , -610463 , 2.09559e+06
-843656 , -1.3069e+06 , 171436
1.39097e+06 , 758732 , -1.09149e+06
1.44104e+06 , -550605 , 370380
512233 , -177424 , -1.05896e+06
-904798 , 152136 , 954659
-592635 , 1.77164e+06 , 32399.2
-1.60324e+06 , -1.19467e+06 , 32910.2
-1.33656e+06 , 1.81419e+06 , -399051
675019 , 550682 , 1.57406e+06
-324991 , -743627 , -1.66227e+06
-498669 , -1.28773e+06 , 1.30373e+06
-896414 , -1.33049e+06 , 755434
-732462 , 213307 , -738188
74974.6 , 1.18019e+06 , 310154
-1.07215e+06 , 1.25931e+06 , -1.04246e+06
-406405 , 697408 , 1.21737e+06
-931861 , -103524 , -846507
1.644e+06 , 190060 , 956869
474256 , 406600 , 1.76523e+06
930582 , 69361.3 , 27294.2
-108081 , 287520 , 1.26178e+06
-387402 , 916548 , -279982
1.81477e+06 , 1.20211e+06 , 878516
-1.05137e+06 , 890595 , -412511
-580887 , -1.15444e+06 , -1.22606e+06
608414 , 1.00755e+06 , -891476
1.06754e+06 , 984284 , 868931
-117622 , 780552 , 477152
63871.1 , -706085 , 289469
-1.96891e+06 , -272154 , 986894
-1.24431e+06 , 818233 , -525079
225966 , 423259 , -971893
-1.66953e+06 , -721441 , 116805
-428274 , 996778 , -1.06845e+06
339678 , 79146.9 , 1.38554e+06
-1.02701e+06 , -58167.1 , -752478
197189 , -1.18477e+06 , 1.13577e+06
304469 , 1.56556e+06 , 295522
-741256 , 817223 , -101852
531043 , 1.17187e+06 , 187184
254690 , -1.29186e+06 , 204645
-617888 , 388619 , -525088
455649 , -767514 , 1.57796e+06
-890698 , -135253 , -349749
-1.02404e+06 , -697228 , 275485
-504089 , 993671 , 69381.9
198987 , -1.55707e+06 , -220842
295322 , -635615 , -1.57143e+06
201616 , 472189 , -2.20238e+06
959726 , -187132 , -339180
-728362 , 1.07698e+06 , -390172
-585691 , 378769 , 1.19024e+06
-554216 , -457414 , -1.40335e+06
-1.15477e+06 , 611155 , 556118
120668 , 33987.5 , 256992
666076 , 841277 , 1.11122e+06
-4681.61 , 572146 , 140367
796751 , 564719 , -1.26188e+06
-778969 , 220926 , 841633
-183605 , -1.00246e+06 , -4062.96
-1.49248e+06 , 606318 , 800988
353580 , 1.27632e+06 , 829135
452808 , -682188 , -670171
-543950 , 1.32992e+06 , -473502
1.59613e+06 , 684634 , -1.36694e+06
954542 , 439404 , -839570
-255005 , -16933.6 , 235088
-1.18126e+06 , 834406 , 115058
-22398.5 , 174576 , 775128
-1.6512e+06 , -391153 , -666776
-1.329e+06 , -126288 , 1.97421e+06
-1.13879e+06 , -680513 , 280797
274109 , -794604 , 760980
848538 , -168676 , -1.75718e+06
1.75249e+06 , -98349.1 , 560281
414774 , -1.27723e+06 , 521213
1.60473e+06 , 435254 , -359004
1.23726e+06 , -178537 , -546806
600227 , 1.5615e+06 , -1.17856e+06
-1.53637e+06 , 528046 , 285151
2.00875e+06 , -983029 , -348385
-122438 , -960493 , 83687.3
-867762 , 645578 , -17001.6
373783 , 2.29533e+06 , -16532.6
1.46381e+06 , 622274 , 451861
-1.07786e+06 , 112890 , 732428
1.25825e+06 , -1.27175e+06 , 379121
732384 , -770796 , 1.50876e+06
414582 , -1.58095e+06 , 1.36176e+06
-26655.1 , -391853 , -836351
1.22702e+06 , -1.04098e+06 , 640266
778417 , -678284 , 1.50877e+06
806254 , -749895 , 493436
-233594 , 1.17771e+06 , 941338
-223721 , -775125 , 153256
714463 , -723725 , -350591
1.45061e+06 , 73353.4 , -293531
-139992 , -233235 , 1.25895e+06
-506025 , -1.77391e+06 , 348228
1.61618e+06 , 497168 , -706544
857090 , 590621 , 579618
373430 , -267939 , -1.28306e+06
-773451 , 884502 , -918822
134201 , 668155 , -1.67469e+06
1.07562e+06 , -824543 , 160721
652741 , -1.43072e+06 , -246563
1.91641e+06 , 1.06542e+06 , 91755.2
190978 , 1.42222e+06 , -1.07495e+06
67933.6 , -133543 , -1.32916e+06
-1.09643e+06 , -1.13786e+06 , 1.09508e+06
894936 , -417969 , 619444
-1.6985e+06 , -87722.9 , -1.22102e+06
-383235 , -1.49565e+06 , 345602
1.2821e+06 , -94656.9 , 672282
448129 , -347274 , -428422
-896906 , -1.03847e+06 , 279266
956499 , -770610 , 1.32225e+06
96814.4 , 1.48801e+06 , 465317
371926 , -1.88356e+06 , 130617
1.0503e+06 , -383258 , -111841
-1.28151e+06 , -1.1298e+06 , -146997
632845 , -1.22841e+06 , 608121
-139978 , 1.8848e+06 , -1.26817e+06
538077 , -1.22014e+06 , -514806
-881060 , -682156 , -379598
241490 , 25067.1 , 930845
273246 , 1.28431e+06 , 493279
-577055 , 1.28718e+06 , 883246
366561 , -194348 , 1.67798e+06
598827 , 768777 , 1.04815e+06
695460 , 15885.5 , 1.48213e+06
-569707 , -400928 , -317888
-958397 , 871763 , -1.60302e+06
-53383.8 , -590016 , -144149
-593289 , -2.02045e+06 , -583008
1.11218e+06 , 302974 , -1.7551e+06
466872 , 547658 , 1.09671e+06
400367 , -628466 , 106060
-833706 , -1.85242e+06 , 862899
1.34105e+06 , -114794 , -168224
-239828 , -1.59078e+06 , -247459
-354062 , 914815 , 600141
617588 , 1.31735e+06 , -1.68653e+06
-686218 , 410402 , -662182
1.18745e+06 , 581181 , 1.22316e+06
-504593 , 573897 , -965126
-934722 , -1.2189e+06 , -357393
1.0233e+06 , 460069 , -1.26496e+06
-279765 , -391117 , -894568
-405740 , -516717 , 1.2925e+06
-846313 , -410097 , -270285
1.36357e+06 , -892787 , -366636
1.1265e+06 , 9116.03 , -1.07088e+06
208108 , -1.55308e+06 , 1.18903e+06
1.54692e+06 , -315773 , 1.15391e+06
1.06015e+06 , -1.47764e+06 , -116433
323820 , -1.12683e+06 , 1.07682e+06
-1.838e+06 , 1.05567e+06 , -544593
55576.9 , 815950 , -1.219e+06
-1.18749e+06 , 679392 , 1.84062e+06
757709 , -157158 , -1.74177e+06
-675841 , -262492 , -1.57688e+06
-260068 , -96370.3 , 528217
1.23766e+06 , -646009 , 189191
558150 , 800883 , 1.02283e+06
1.31717e+06 , -7183.04 , -689172
903669 , 607012 , 478032
-674406 , 589366 , -501750
351328 , 529211 , 2.26612e+06
1.31958e+06 , 81425.2 , 54997.8
-292045 , -1.37249e+06 , 657736
-225992 , -457703 , 823055
-681184 , 2.16427e+06 , 466349
-236616 , -181497 , -1.52125e+06
-297820 , -782626 , -894709
-693964 , -340902 , 874594
-255428 , 484137 , 311117
526268 , 1.04043e+06 , 737820
209735 , -859259 , 854288
1.08314e+06 , -341344 , 16047.2
1.00414e+06 , -505074 , 178516
-1.46964e+06 , -1.0286e+06 , 679914
-366953 , 722946 , 1.5845e+06
1.07107e+06 , 377773 , -1.41093e+06
592925 , 523622 , 805184
-1.1304e+06 , 953219 , -1.26621e+06
606453 , -385187 , -1.23089e+06
778895 , -632670 , 432896
463057 , -864465 , 704556
-36793.2 , 1.63592e+06 , -782276
421046 , 409272 , 273511
484248 , -519131 , -1.22257e+06
295932 , -1.02367e+06 , -1.85331e+06
168759 , 814833 , 203487
422699 , 867828 , -668745
-70845.1 , 431499 , 138941
494078 , -627740 , -1.19988e+06
-579572 , 1.05112e+06 , -113537
-1.23243e+06 , -484842 , -1.4776e+06
1.72322e+06 , -170995 , 1.31543e+06
-557799 , 1.08203e+06 , 820727
-747131 , 1.16064e+06 , 1.06117e+06
-294664 , 1.08325e+06 , -625862
1.3301e+06 , 147403 , -1.18817e+06
-822946 , 1.03892e+06 , 553688
-176559 , -1.32578e+06 , 1.79891e+06
-914317 , 1.42197e+06 , -1.22049e+06
652654 , 541671 , -829750
-736229 , 1.02564e+06 , -467377
395680 , -1.41672e+06 , -1.46363e+06
1.15363e+06 , -748033 , -1.03335e+06
1.47545e+06 , -177036 , 84821.6
-2.17762e+06 , -13413.6 , 608314
-569463 , -251657 , -768265
83443.5 , 1.44742e+06 , 60321.4
106243 , 300493 , -74453.2
307540 , -617260 , 689615
-292526 , -421011 , 222617
1.16668e+06 , 1.10279e+06 , -145476
700062 , 1.26843e+06 , -189365
462524 , 426709 , 1.40767e+06
-332976 , -737678 , -255501
-300441 , 79027.2 , 42949.2
-1.5177e+06 , 5257.67 , -214836
-766883 , -1.18351e+06 , -132465
1.09491e+06 , 416024 , -507404
-312475 , 1.05702e+06 , -89829.1
747596 , 494640 , 985716
-1.16638e+06 , -214700 , -529303
181713 , -394589 , 993303
-484076 , 956321 , 1.31629e+06
-180991 , 277408 , 1.64474e+06
-724866 , -1.01269e+06 , -63830.5
572930 , -1.31645e+06 , -6811.5
1.56442e+06 , 152253 , -526317
809670 , -809566 , 52911.3
-256546 , -910523 , 1.1896e+06
-596719 , -378079 , -1.31547e+06
561125 , -1.24121e+06 , 1.09656e+06
-1.88885e+06 , 204779 , 359426
673176 , 576570 , -797160
-583381 , -1.46091e+06 , -259289
296898 , -722659 , 1.39437e+06
1.09448e+06 , -1.26226e+06 , -801092
209956 , 771747 , -867676
-157215 , 947287 , -271728
-971337 , 241291 , -260930
-601855 , -824710 , 971281
-670364 , 1.46771e+06 , 588546
1.18933e+06 , -1.53374e+06 , 1.11148e+06
-311312 , -1.05904e+06 , -1.17997e+06
357680 , 701106 , -503311
121758 , 1.30721e+06 , 165295
-1.21008e+06 , 1.07796e+06 , 366404
-2.08436e+06 , -723523 , 941281
175433 , -96866.2 , 1.01412e+06
535908 , -1.49241e+06 , -871722
1.03211e+06 , -1.81859e+06 , 437661
-347372 , 284057 , 1.19546e+06
-645433 , -130781 , -38630
1.60738e+06 , -302004 , -166963
202120 , -1.36448e+06 , 394639
25878.9 , -1.62318e+06 , -83987.5
-363192 , -1.91705e+06 , -142804
-1.03017e+06 , -542495 , 851613
-2.08651e+06 , 353038 , -1.33686e+06
495256 , 2.06865e+06 , 640239
352974 , -123100 , 686647
-1.46813e+06 , 62220.9 , -1.1095e+06
1.13094e+06 , -847394 , -903118
565981 , 889285 , 698421
1.01874e+06 , -45339.8 , 597073
-200021 , 885384 , -234863
645764 , -116155 , -236225
1.01742e+06 , -657573 , 490828
-1.32541e+06 , -1.0136e+06 , -404821
1.04569e+06 , -497088 , 53358.6
-997919 , -258036 , -1.58519e+06
372527 , -170445 , -795608
-146836 , -416839 , 817019
-1.26925e+06 , 1.7897e+06 , 196327
709506 , -1.02544e+06 , -1.33571e+06
-297664 , -1.50693e+06 , -530647
271208 , -1.01277e+06 , -717843
-108410 , 21943.9 , -1.23897e+06
-588953 , 535320 , 729407
567245 , 521454 , 175063
62512.2 , -989949 , -199018
-1.4566e+06 , -735142 , -506234
-371822 , 1.28104e+06 , -1.02831e+06
-1.47506e+06 , -911282 , -858909
-68087.3 , 227467 , -539407
51708.9 , -283149 , 527715
809579 , 323085 , 177774
-395216 , -364284 , 1.48973e+06
-203257 , -1.26692e+06 , -745363
1.07194e+06 , -982716 , -766002
312678 , -1.25162e+06 , 917763
809009 , -687641 , -141320
346370 , 659332 , 973378
-900457 , 1.06942e+06 , -458740
85857 , -800751 , 36277.8
165595 , -593711 , -124359
-204167 , -1.37189e+06 , 65545.8
-90575.6 , 1.55323e+06 , 679783
-889532 , 795219 , 259695
882624 , 67673.6 , 1.39846e+06
239820 , 1.55946e+06 , -372215
-654596 , -1.35742e+06 , 1.04251e+06
699203 , -965237 , -1.13273e+06
1.43968e+06 , 101717 , 194951
-225355 , -548398 , -1.17819e+06
-978604 , -756206 , -1.47135e+06
777605 , 96222.6 , 322466
-1.64792e+06 , 151301 , -401402
-107315 , 776350 , -1.00082e+06
367603 , -105842 , -1.5007e+06
-36064.8 , 1.1587e+06 , 1.30995e+06
447929 , 1.23899e+06 , -685373
192285 , 1.39782e+06 , 27212.3
-100983 , -302516 , 864936
-925876 , 332606 , -330873
1.0971e+06 , -124577 , 613803
-44659.4 , 148081 , 237730
546621 , 1.17249e+06 , -945177
-330887 , 352746 , -1.2501e+06
-321308 , -138020 , -171471
-174467 , -477056 , 2.18363e+06
191884 , -111961 , 816278
-1.24069e+06 , -1.12744e+06 , 256032
-776322 , -921040 , 2.01741e+06
1.21339e+06 , 128865 , -31760
-307927 , 815998 , 1.11873e+06
1.10541e+06 , 41401.2 , 1.0366e+06
1.95167e+06 , -821425 , 1.27341e+06
181397 , -1.17129e+06 , -245782
299043 , -152923 , -569775
80295.3 , 669257 , 931208
1.69344e+06 , -1.36805e+06 , -769612
119823 , 125376 , 361306
-612317 , 841312 , 749600
-188857 , -1.52154e+06 , 973965
783381 , -1.15096e+06 , 529113
-256702 , 1.9007e+06 , -1.34854e+06
-1.84067e+06 , 663771 , 284052
319151 , -1.88708e+06 , 460170
1.44464e+06 , 1.67078e+06 , -469663
-181549 , -619706 , -376873
-1.17622e+06 , -807803 , 211617
1.3814e+06 , -344092 , -1.33442e+06
-356895 , 1.48997e+06 , -729976
1.05336e+06 , -356803 , -300892
-1.9649e+06 , 451671 , 373533
-1.23746e+06 , 1.03262e+06 , 80335.5
-857317 , -1.09665e+06 , 577765
-1.14989e+06 , -1.34909e+06 , -681641
-1.13847e+06 , -122629 , 1.03445e+06
-1.30535e+06 , -817983 , 397000
-822852 , -1.43297e+06 , 786187
515103 , 637213 , 288368
1.17715e+06 , -451972 , -1.40369e+06
1.24272e+06 , 58065.3 , -1.27861e+06
21604.4 , 633054 , 1.07822e+06
31436.9 , 755284 , 46305.4
-379158 , 180392 , -190155
-97417.1 , -712737 , -2.1582e+06
811038 , 561759 , 707396
350130 , 793345 , 1.41046e+06
-1.22468e+06 , 135709 , -581471
52794.7 , 1.24224e+06 , -1.4984e+06
-1.04948e+06 , -446720 , 2.78795
872831 , 854796 , -115993
499410 , -748278 , 1.02727e+06
162176 , -218558 , -497517
51770.5 , 516367 , 775340
-302754 , -934591 , 663183
-896791 , 1.3742e+06 , -118229
252261 , -1.01953e+06 , 26658.8
-646509 , -187758 , -661344
231288 , -794418 , -120685
1.3021e+06 , -1.01219e+06 , 123446
-1.52648e+06 , -621944 , 44863.2
930511 , 163329 , -289159
817815 , 378403 , -849734
332471 , -470997 , 1.0129e+06
570335 , -482439 , -494584
1.03319e+06 , 1.28675e+06 , -668426
-1.4155e+06 , 512718 , -823647
549643 , 829797 , -194631
1.37268e+06 , 477819 , 1.01183e+06
800831 , -1.08728e+06 , -1.27147e+06
-914168 , 613440 , 67885.2
749402 , -1.06801e+06 , -885700
1.51845e+06 , 1.53436e+06 , 254691
804858 , 839712 , -1.78435e+06
-301967 , -1.06381e+06 , 5709.7
-299576 , 953293 , 1.48043e+06
-334845 , 1.19966e+06 , 554278
907632 , 5776.35 , 1.18328e+06
-1.32701e+06 , 1.23537e+06 , -349125
793758 , 454465 , -147558
-392690 , 625014 , -461525
-830316 , 1.26293e+06 , -548407
-712932 , 1.23665e+06 , 62924.5
915463 , -791271 , -1.32291e+06
-807049 , 247860 , -1.11713e+06
1.50501e+06 , -81590.6 , -49393
494869 , 884032 , -2.15039e+06
-2.09009e+06 , 189102 , 119624
1.17465e+06 , 1.02567e+06 , -270437
1.36941e+06 , -925676 , -217782
1.19184e+06 , -681145 , 663583
-862108 , -950211 , -595773
1.41617e+06 , -903250 , 786758
-752086 , -361585 , -644756
-731855 , -25194.3 , 1.97046e+06
-477312 , 614424 , 452619
2.60432e+06 , -181591 , -6082.6
-1.46341e+06 , 542035 , -1.13879e+06
479246 , -946827 , 733992
-260869 , -634068 , -716317
194855 , 193872 , 837931
-965732 , -831110 , 792204
-1.23985e+06 , 2.17652e+06 , -53814.1
988142 , -740700 , -1.05703e+06
656786 , 224285 , 526886
1.06524e+06 , 445226 , 2.03613e+06
-942516 , 1.03532e+06 , 838717
612794 , 106210 , -482619
1.47204e+06 , 1.91372e+06 , -631285
120972 , 236626 , 1.61977e+06
623288 , 678016 , -1.05373e+06
482849 , 823096 , -658625
-1.7076e+06 , 690903 , -1.29182e+06
-668230 , 607644 , 1.51554e+06
235628 , 1.09794e+06 , 703288
-823036 , 766004 , 529199
-2.19912e+06 , 414220 , 1.12072e+06
-2.25512e+06 , 986349 , -300671
85786.2 , 502539 , 1.62633e+06
-447383 , 346376 , -353901
316663 , 1.92002e+06 , 1.29578e+06
-224510 , -469327 , 477394
473716 , -25753.9 , -602011
1.15289e+06 , -30679.4 , -476804
-1.3867e+06 , 215990 , -192690
-666385 , -271219 , -1.12762e+06
-963651 , -1.63211e+06 , -378198
707955 , 172026 , 437747
-114646 , -172040 , -1.6156e+06
-22781.2 , -581388 , 518864
-908066 , 267465 , -270152
584337 , 1.78822e+06 , -55046.6
-2.24786e+06 , -430873 , 525935
-1.51222e+06 , -349697 , -1.7007e+06
775906 , -60295.8 , 675018
-40472.5 , 1.91785e+06 , 406888
-455698 , 800184 , 208500
578212 , -1.19196e+06 , -30315.5
603577 , -1.28495e+06 , 759291
781792 , -1.68072e+06 , -1.66433e+06
39859.6 , -628770 , 1.57873e+06
-427255 , -1.54614e+06 , -988002
-89414 , 215937 , -1.67133e+06
-1.46295e+06 , 490660 , 1.26023e+06
114870 , 1.32738e+06 , -1.22488e+06
1.69031e+06 , -876933 , -796522
-1.43734e+06 , 95064.8 , 376246
1.65814e+06 , 227818 , 717817
219552 , -393532 , 1.67955e+06
1.26358e+06 , -1.80492e+06 , 207568
-728762 , -711749 , 1.00111e+06
-1.59241e+06 , -1.08306e+06 , 683273
-1.85745e+06 , -1.30465e+06 , -374901
430493 , -1.42839e+06 , 381884
1.62127e+06 , -1.38131e+06 , -277428
78724.3 , -250505 , 864037
-1.0622e+06 , -1.15161e+06 , 567029
365555 , 530827 , -474626
-703709 , 1.03299e+06 , 490281
-2.14002e+06 , -1.31781e+06 , -356400
767508 , -1.47354e+06 , -437986
1.38591e+06 , -663333 , 92006.3
565536 , -1.31e+06 , 1.229e+06
1.19508e+06 , -902006 , 544082
743960 , 815656 , 649013
-729602 , 2.02169e+06 , 427101
635158 , -854900 , -691928
38975.8 , 1.09233e+06 , -776032
754314 , -234609 , 934643
-713580 , 1.35333e+06 , 254906
1.23056e+06 , -1.70492e+06 , -206911
-517143 , -987485 , -296661
123656 , -1.46579e+06 , 128928
-572745 , -116619 , 1.45078e+06
201933 , -1.04373e+06 , -766794
-537083 , -2.18697e+06 , -1.1306e+06
-996558 , -50159.4 , -1.35431e+06
691913 , -117243 , 767782
-1.85368e+06 , -1.16535e+06 , -878593
68923.7 , 1.85151e+06 , 694199
1.24745e+06 , -275979 , 725815
-228947 , -1.19037e+06 , -545731
611888 , 1.39068e+06 , -841577
648124 , 24153.7 , -468718
-1.45985e+06 , -922383 , 238702
1.027e+06 , 1.75135e+06 , -819995
30214.1 , -382349 , -995265
-842598 , 327897 , 1.24781e+06
-888099 , 822997 , -561123
710139 , -738964 , 549921
-711505 , 313900 , -1.7787e+06
1.41628e+06 , 477548 , -371634
-615852 , 1.48741e+06 , 76585.7
-516179 , -387999 , 1.37644e+06
-264646 , 104530 , 233368
1.02153e+06 , 280015 , -1.44319e+06
204953 , -996520 , 1.49903e+06
-1.06509e+06 , 926166 , -789034
-968591 , -597415 , 868483
-1.41899e+06 , 1.04815e+06 , -671527
581820 , 598283 , 2.09029e+06
-454124 , -1.0765e+06 , 1.0136e+06
184774 , 537876 , -1.00458e+06
-594613 , -1.22811e+06 , 722656
199567 , 1.21155e+06 , -1.0973e+06
1.90825e+06 , -220067 , -313691
-431008 , 194197 , -19904.7
370830 , -847068 , -991544
-1.41949e+06 , 705194 , 585161
-1.41864e+06 , -825009 , -657255
1.40436e+06 , -207120 , 1.09903e+06
-1.19558e+06 , -519918 , -47254.5
535426 , 192798 , 225144
352011 , 392203 , -87134.6
-1.0715e+06 , -1.29823e+06 , 209229
156807 , -1.17639e+06 , -941706
1.061e+06 , 123873 , 805104
-966816 , 778835 , 1.30407e+06
-1.02772e+06 , -443220 , 736543
-1.51233e+06 , -288507 , -429515
-591728 , -1.56293e+06 , -316575
890130 , 184317 , 455383
-658636 , -315036 , -244594
1.00964e+06 , -498688 , 1.50204e+06
-24706.3 , -992325 , 187610
-6817.31 , 2.25587e+06 , -17906
-1.79303e+06 , -993328 , 459524
-918155 , -1.20233e+06 , 51866.4
364017 , 362547 , -51099.5
-682515 , 1.8761e+06 , 1.16031e+06
-1.01722e+06 , 1.57983e+06 , -39991.7
-647026 , -1.05697e+06 , 1.10867e+06
121177 , -1.58396e+06 , -1.53898e+06
732511 , -843858 , 194046
668405 , 714329 , 1.73375e+06
-451717 , -1.66059e+06 , 692408
77328.7 , 505532 , 1.47836e+06
731604 , 523222 , -499744
-1.16919e+06 , 1.10116e+06 , -509061
1.10463e+06 , -561252 , 850293
-1.09571e+06 , 869122 , -282228
170996 , -1.81408e+06 , 473310
505408 , 625207 , 1.09142e+06
-177907 , -272620 , 1.98421e+06
-171238 , 647786 , 13810.6
-631680 , -1.45283e+06 , -1.11008e+06
169712 , -2.01537e+06 , 214659
-1.01014e+06 , 411613 , -1.59045e+06
-509615 , -909486 , -878561
-27244.5 , 78348.1 , 606814
-178426 , -1.16013e+06 , -1.29146e+06
93052.1 , 935733 , -1.12342e+06
-992992 , 1.11849e+06 , 300586
-803801 , 2.30185e+06 , -1.0786e+06
-262787 , -350926 , -1.03298e+06
392597 , 1.17552e+06 , 826308
-2571.09 , 1.06363e+06 , 230463
-351535 , -1.43304e+06 , -933642
831418 , 231625 , 1.85926e+06
-52843.4 , -172294 , -1.425e+06
477893 , 345912 , 1.20688e+06
-582840 , -1.06065e+06 , -989689
-252718 , -525167 , 239097
1.93766e+06 , 63123.1 , -231588
176684 , -764557 , 310171
-139469 , 286796 , 1.75426e+06
255497 , 1.0318e+06 , -875219
1.04885e+06 , 490366 , -639519
-434667 , -975277 , 27823.4
-923427 , 827806 , -249309
1.50867e+06 , 402396 , -1.49051e+06
419586 , -1.06839e+06 , -371936
-554751 , -1.34987e+06 , -176626
428707 , 1.73917e+06 , 803746
-991483 , -1.62911e+06 , 610025
945276 , 391672 , -917986
-670386 , 337456 , -917388
1.14795e+06 , 975830 , 54907.6
705671 , -90322.8 , 1.48289e+06
-990282 , 630185 , 638618
-210550 , 751076 , 2.28186e+06
-313152 , -225395 , -616710
-867546 , 1.27939e+06 , 726958
-1.43015e+06 , 1.8484e+06 , 842948
1.19133e+06 , 449724 , -318256
145484 , -1.06641e+06 , 505542
-1.90662e+06 , 786753 , 264390
-2.06948e+06 , 866852 , -169103
704681 , 1.42978e+06 , -126668
-620161 , -1.19716e+06 , -2.01004e+06
-1.21855e+06 , 835200 , -74938.7
286250 , 1.16373e+06 , -732905
-140101 , 627129 , 1.41727e+06
-326824 , -790440 , -908619
1.29146e+06 , 890289 , -660612
461404 , -40028.3 , -28831.7
1.05532e+06 , -894754 , -546106
-524364 , -763457 , -439311
-703243 , 224514 , -2.22903e+06
-435392 , 37217.9 , -1.01772e+06
489301 , -213036 , 121339
-66490.2 , -1.37296e+06 , 1.02428e+06
619461 , -1.23715e+06 , -239543
-1.22534e+06 , -803094 , 685943
-967589 , -384472 , 1.11451e+06
-619670 , -785344 , -401718
196106 , 298438 , 1.28693e+06
877844 , 230699 , -1.05412e+06
558536 , 67004.2 , -1.08662e+06
996187 , 86163.7 , 1.51135e+06
1.82242e+06 , -406957 , 19309.8
-1.20605e+06 , 490044 , 501876
-49091.1 , -1.58918e+06 , -329603
722348 , 723979 , 1542.8
-991319 , 47311.5 , 747480
432978 , -747061 , -615336
-420605 , -132866 , -1.34822e+06
1.48805e+06 , 75411.6 , -115927
486115 , 903839 , -1.48185e+06
-6804.14 , 528268 , 84726.7
1.00722e+06 , 1.12838e+06 , -631194
629833 , -424832 , 2.0273e+06
-920572 , 612472 , 662204
-1.27876e+06 , -467656 , 1.49229e+06
942825 , -745863 , -1.18857e+06
1.1531e+06 , -1.39701e+06 , -707101
-584807 , -1.26271e+06 , 169581
-783953 , -1.3488e+06 , -1.11834e+06
920069 , 311107 , 1.3054e+06
325179 , -393203 , 1.38004e+06
574087 , -122812 , 1.40658e+06
125534 , 1.17387e+06 , -39216
1.79181e+06 , -371952 , -1.01557e+06
1.39055e+06 , 965196 , -795442
-473356 , -55655.2 , 1.48751e+06
-1.49377e+06 , 1.36987e+06 , -1.31338e+06
-1.64245e+06 , -137277 , 342597
1.33388e+06 , -1.13668e+06 , -882182
116867 , -607750 , 732535
1.3602e+06 , 455832 , 1.10497e+06
-511123 , 1.08552e+06 , 1.13733e+06
-1.68173e+06 , -817435 , -85274
-230664 , -367635 , -1.06495e+06
503686 , 1.40417e+06 , -50907.3
271052 , 55878.8 , 1.48916e+06
-1.71912e+06 , 29291.5 , 544403
1.12974e+06 , -26115.4 , 406837
-1.04012e+06 , -54818.4 , -534308
-20951 , -1.55806e+06 , -1.21985e+06
842923 , -220415 , 121109
516969 , 586105 , 1.42855e+06
325851 , 623370 , -977664
-367675 , 546913 , 877298
137331 , 928519 , 1.46489e+06
615613 , 263659 , 908501
-773223 , -1.36328e+06 , 1.39742e+06
-836105 , -6016.03 , -1.23484e+06
-1.51509e+06 , -956146 , -364625
691410 , -400725 , 1.3254e+06
-396200 , 1.46822e+06 , -97059.6
1.19346e+06 , -890795 , 1.17498e+06
570735 , -1.4734e+06 , 295896
-986016 , 360226 , 2.37801e+06
-143073 , -1.04361e+06 , -536209
-1.00297e+06 , 56580.4 , 2.24769e+06
-688895 , 640831 , 37296.7
15472.8 , 262830 , 465101
-920183 , 616343 , 994406
-241272 , -612632 , 690721
1.11296e+06 , 67840.8 , -561976
1.90398e+06 , 1.25403e+06 , -1.22698e+06
-352422 , -977415 , 1.48314e+06
-946856 , -856040 , 1.44038e+06
-1.18463e+06 , -621616 , 263047
1.48976e+06 , 251700 , -1.42861e+06
548960 , -955989 , -188814
136100 , 483909 , 532464
-1.0733e+06 , -270292 , 1.46053e+06
607429 , 242050 , -1.37493e+06
377586 , -746509 , 581750
297711 , -805562 , -407418
175271 , -775978 , -1.34209e+06
14043.4 , 1.34758e+06 , 1.1022e+06
-690915 , 475207 , -1.2263e+06
16100.1 , 1.13615e+06 , -751923
275780 , 543809 , 1.0738e+06
-117864 , 779452 , -258898
-1.02487e+06 , -1.63668e+06 , -273418
-1.14956e+06 , -1.29343e+06 , -758660
579773 , 971117 , -308886
-264773 , 730765 , -803901
1.84751e+06 , -350257 , -229124
-694902 , -64647 , -1.75523e+06
748326 , -838449 , -173591
-627065 , 1.36514e+06 , 78507.9
1.90813e+06 , 746838 , 357239
688602 , -96349.6 , -988208
-432686 , 1.0582e+06 , 761508
-764601 , -1.57467e+06 , 124597
608517 , 528216 , -1.29761e+06
1.11092e+06 , -991315 , -1.10637e+06
881850 , -495072 , 1.64912e+06
78509.6 , 570015 , 234641
-629782 , -342432 , 1.32827e+06
829947 , -1.7955e+06 , 1.09852e+06
-506999 , 100893 , 1.1222e+06
-1.73191e+06 , 262930 , -111086
-538052 , -682565 , -969104
-15035.3 , -896796 , 1.21829e+06
15453.9 , 901025 , 343270
-894583 , -1.62659e+06 , 470842
1.09492e+06 , 1.11648e+06 , -68450.4
-1.27195e+06 , -530038 , 485051
346704 , 1.2802e+06 , -1.02641e+06
-1.4143e+06 , 900041 , 505876
-826053 , 738156 , 1.14298e+06
-1.29749e+06 , 752406 , 478874
1.34197e+06 , 402893 , -24470.9
149093 , -505430 , -372957
-995324 , -763427 , -77814.3
274442 , -851813 , 916365
-1.40994e+06 , 103188 , 927864
-267229 , -165401 , -1.6011e+06
-861722 , -2.02539e+06 , 675845
959208 , 696019 , 695813
-533501 , -506609 , -389045
-775890 , 128446 , -1.15524e+06
-5563.43 , -327277 , -655056
-520982 , -1.63409e+06 , 521162
-1.40816e+06 , -231715 , 1.01463e+06
-399202 , 1.56315e+06 , -459480
743155 , 382263 , 1.07982e+06
120902 , -1.01814e+06 , -1.40753e+06
388403 , 786948 , 68268.9
783052 , 877117 , 7740.81
-538332 , 12338.1 , 455671
-1.36053e+06 , 809216 , -945603
33592 , 1.09425e+06 , 978448
-414988 , -407073 , -210994
-769819 , 1.19494e+06 , -1.1539e+06
411589 , 911526 , -161182
865991 , 906381 , 172339
575864 , 342662 , -868662
-541109 , -1.07893e+06 , 43493.7
366550 , 605048 , -1.79693e+06
-196545 , -16440.4 , -1.16067e+06
-962818 , 1.04293e+06 , 259744
-1.32291e+06 , -1.01176e+06 , -546780
1.56721e+06 , 206594 , 280588
-60701.1 , -391881 , -1.40131e+06
-932266 , 1.5225e+06 , -411694
-1.30962e+06 , 86854.2 , -1.04016e+06
356638 , -58021.7 , -275097
315973 , -1.10403e+06 , -64097.2
556081 , 1.58383e+06 , -674743
665322 , -870718 , 101591
415017 , -982011 , -185283
-1.60335e+06 , -1.14859e+06 , -227305
-116382 , -581296 , 203780
186341 , 486202 , 986282
-252626 , 705058 , -272646
-1.32784e+06 , 1.14167e+06 , 828157
-837724 , 1.76117e+06 , -615030
-572293 , 1.29656e+06 , 378653
-1.77473e+06 , 1.782e+06 , -867659
389396 , 1.31979e+06 , 619721
235977 , -266160 , 1.71026e+06
-471333 , -1.92273e+06 , -30851.2
-498021 , -291667 , 1.28788e+06
358208 , -53934.1 , -235553
76605.6 , 1.60472e+06 , -1.58538e+06
742940 , 173788 , 801268
-217976 , 1.38744e+06 , -181023
-920885 , 898254 , 976132
689822 , -673746 , 1.67077e+06
-139674 , 331127 , -1.34975e+06
-47187.5 , 108903 , 23892.7
8503.06 , 1.03824e+06 , -466891
-1.12867e+06 , 1.13802e+06 , -340329
-1.49482e+06 , -604591 , -1.64164e+06
-516466 , 1.13486e+06 , 263237
-1.04447e+06 , 1.04955e+06 , 541948
100636 , -23192.3 , -1.51609e+06
-470060 , -320302 , 443101
977725 , 406967 , -1.52183e+06
-87336.2 , -2.00672e+06 , 920033
290034 , -1.08167e+06 , 664447
1.16039e+06 , 536450 , 866073
-374290 , -357602 , -62395.7
1.1407e+06 , -328498 , -1.37566e+06
-1.42492e+06 , 283240 , 1.32225e+06
938054 , 814236 , -564932
-518873 , -206913 , -87938.7
805624 , -706650 , 907590
483646 , -1.55097e+06 , -296871
1.20723e+06 , 743170 , -1.09895e+06
217921 , -1.70565e+06 , 485318
-70762.1 , -1.1131e+06 , -1.22168e+06
1.48914e+06 , -143076 , -1.10057e+06
-174948 , 1.203e+06 , -1.14454e+06
407072 , -1.36931e+06 , 965523
-1.14024e+06 , -713352 , -416091
-1.59006e+06 , -740083 , -756207
-1.16064e+06 , 644318 , 297723
1.76989e+06 , 472750 , -226826
-1.39308e+06 , -497511 , -905351
568748 , -1.49533e+06 , -1.14354e+06
286749 , 2.01514e+06 , 669959
443917 , -80502.2 , -1.09925e+06
-951836 , 693582 , 535795
141214 , -1.12536e+06 , 1.26062e+06
-1.00728e+06 , -897845 , -762015
462666 , -444295 , 339915
-393307 , 618538 , -1.26552e+06
-501720 , -412421 , -858915
467390 , -1.11504e+06 , 984204
-348700 , 586549 , 702736
-1.49153e+06 , 342468 , -527335
-130741 , 113378 , 958184
-1.21076e+06 , 132397 , -782214
-118270 , 1.12738e+06 , 601476
124367 , -1.3783e+06 , 616610
-329811 , -251453 , 1.68626e+06
-585367 , 6345.03 , -783504
-1.05257e+06 , -1.53603e+06 , 369194
910101 , -8753.01 , -1.99846e+06
-928533 , -968644 , 1.05194e+06
743343 , -859354 , -960014
882954 , -2.06266e+06 , 311313
626775 , 786901 , -691562
712193 , 38440.1 , 1.00459e+06
550608 , -261088 , 1.03164e+06
-1.63871e+06 , -956247 , -997609
32207.2 , -523466 , -1.19018e+06
-135195 , 759571 , -1.39043e+06
920304 , 1.76747e+06 , 460791
-200614 , 232906 , 1.71574e+06
-1.53417e+06 , 450434 , -305571
640294 , -44896.2 , -145090
540199 , -949794 , -728202
-1.21361e+06 , -12758.8 , -633828
89173.3 , -1.44875e+06 , 96078.9
1.13384e+06 , 77598.9 , -38126
804952 , -375592 , -1.15685e+06
-527088 , 271114 , -1.59964e+06
-1.21776e+06 , -1.14458e+06 , -122413
-38467 , 894405 , -1.08452e+06
-663659 , -16690.3 , -90638.4
410281 , 717847 , 1.20201e+06
-723049 , -396889 , 425799
-728703 , 814409 , 1.15908e+06
2.25516e+06 , -267595 , 735823
-1.38369e+06 , -333343 , 788701
-969647 , 651712 , -443315
751503 , 257580 , -732366
174972 , -1.26106e+06 , -346382
-1.06396e+06 , 55750.8 , -176927
928715 , -624661 , 195802
-151156 , -320499 , 1.87487e+06
-211993 , -207348 , -1.61058e+06
-104410 , 1.90304e+06 , -64705.3
-197336 , 2.04313e+06 , 484698
-1.2488e+06 , 157517 , -1.04286e+06
694841 , 1.10042e+06 , -234290
736981 , -935079 , 1.20263e+06
-810935 , -1.26713e+06 , -335468
-118993 , -1.35275e+06 , -766453
905639 , -983414 , 436531
-1.09146e+06 , 500651 , 1.31165e+06
69496.9 , 1.53188e+06 , 531.693
749211 , 114503 , -592409
-546225 , 158496 , -779153
-1.55155e+06 , 265035 , 1.12216e+06
1.37716e+06 , -1.06185e+06 , 570848
935027 , 315441 , 1.24751e+06
1.06391e+06 , 1.00592e+06 , -252922
-769729 , 884657 , 1.01482e+06
124753 , -1.20591e+06 , 772060
1.79278e+06 , -409167 , 37066.6
2.2484e+06 , 768517 , -518254
-930733 , -1.1022e+06 , 854640
360821 , 1.18679e+06 , 1.30069e+06
-311351 , -867468 , 768855
1.80805e+06 , 545476 , -978389
-1.48727e+06 , -940040 , -849652
2.07558e+06 , 789988 , -779822
-416162 , -354190 , -158436
-559555 , 1.35781e+06 , -436346
-440174 , 1.2939e+06 , -946248
-496959 , -519151 , -1.02156e+06
-1.26355e+06 , 655759 , 39023
1.05399e+06 , -1.14861e+06 , 781153
22866 , -772872 , -922187
257028 , -987527 , 1.22186e+06
290252 , -43099.9 , 4269.91
-294531 , -1.66092e+06 , 319981
149103 , 299272 , -1.16896e+06
-223459 , 678227 , 216668
1.63823e+06 , -1.40835e+06 , 437048
1.09639e+06 , -79507.1 , -494404
-1.47564e+06 , 554757 , -619597
-1.00673e+06 , 138324 , -917559
-96373.3 , -223902 , -957138
-476590 , -1.68458e+06 , 115932
148795 , 133103 , -1.26137e+06
1.12108e+06 , 341065 , 223770
-375926 , -1.96791e+06 , 214511
650026 , -482915 , -439674
1.63221e+06 , -276576 , 774999
468681 , 1.79568e+06 , -175537
-17313.8 , 326824 , 1.72221e+06
-550402 , -1.28417e+06 , -699323
689975 , -1.64408e+06 , -11032.7
1.84253e+06 , 637895 , 15275.9
-438116 , -238273 , -920374
-472098 , 46613.3 , 551982
1.30144e+06 , 561929 , 408117
57684.4 , 1.78245e+06 , -317331
-415026 , 967065 , 337920
-45017.6 , 5794.15 , 400522
629834 , 1.19079e+06 , -1.2757e+06
589210 , -1.71306e+06 , -1.25307e+06
-623758 , 333842 , 1.19209e+06
-571593 , -950762 , -431306
786974 , 344528 , 809915
405770 , -319880 , 801047
-1.97832e+06 , 1.30757e+06 , 125290
-1.65433e+06 , 1.03397e+06 , -942189
-1.40926e+06 , -346676 , 206472
-640261 , -627966 , 1.2973e+06
-1.34644e+06 , 448519 , -984375
-1.01395e+06 , 1.64839e+06 , 139669
360757 , 1.94406e+06 , -766499
-598485 , 941470 , 46180.6
-1.07547e+06 , 374512 , 911094
-592662 , -198706 , 1.30028e+06
1.46991e+06 , 336809 , 1.26343e+06
-1.95713e+06 , 726625 , 767529
149589 , 1.17327e+06 , 332526
-948392 , -466894 , 699610
228002 , 1.37675e+06 , 1.25535e+06
605099 , -1.05073e+06 , 129725
-1.08719e+06 , -729828 , -1.02856e+06
-337273 , 2.00058e+06 , 758503
-1.3768e+06 , 751013 , -649771
-659493 , -411122 , -271103
901898 , 161826 , -1.07794e+06
394986 , -226842 , 1.32519e+06
1.83398e+06 , 262586 , 511859
2.17784e+06 , 979787 , -943630
1.19474e+06 , 1.09541e+06 , -849933
1.21045e+06 , 425982 , -374579
1.23034e+06 , 267513 , -1.47571e+06
1.74645e+06 , -1.09022e+06 , 885541
-1.35788e+06 , -349376 , -519568
574650 , -789672 , -543032
-683963 , -916522 , 718144
118905 , -370501 , -799096
965584 , -544715 , 872787
219628 , 331987 , -855526
39268.1 , -1.39808e+06 , -737544
405556 , 488416 , 1.21987e+06
-55627.4 , -813895 , -72120.9
-1.72307e+06 , -169742 , -543612
-415334 , -560393 , -1.24453e+06
321593 , 94354.7 , 583870
252975 , -570722 , 232081
1.08525e+06 , 1.5158e+06 , -1.23186e+06
-270348 , 348345 , 1.22567e+06
-2.0813e+06 , 85906.9 , -1.17244e+06
-1.61242e+06 , 723243 , 953613
-97608.2 , -569482 , -293028
461401 , -1.21637e+06 , -583572
-266182 , -780490 , 451971
455061 , -327218 , 1.8501e+06
-1.79304e+06 , -1.06234e+06 , 21567.4
-762976 , 883587 , -80512.7
-1.22038e+06 , -1.29079e+06 , 686018
-865053 , 470252 , -1.9675e+06
-969020 , 1.36158e+06 , 1.1106e+06
-1.47028e+06 , 976386 , -560550
128686 , -1.4866e+06 , 1.57524e+06
-534773 , 1.27931e+06 , -449750
111983 , -1.02033e+06 , 960048
1.62045e+06 , -543157 , 117231
519070 , -55347.9 , 298309
-1.42718e+06 , 1.098e+06 , -206031
-245231 , 1.28787e+06 , 281338
-1.00174e+06 , -1.08097e+06 , -70956.5
1.98744e+06 , -1.43856e+06 , 579621
1.11908e+06 , -453445 , 558570
369889 , -243569 , -312924
-758491 , 347744 , 992901
2.11514e+06 , -329911 , 170803
1.7972e+06 , -729662 , 43375.7
919033 , -500963 , 1.38874e+06
759487 , 367543 , -1.44329e+06
-171837 , 710876 , 797001
-761732 , 1.43304e+06 , -20052
-987183 , -1.10286e+06 , 756901
1.96011e+06 , -236278 , -393356
-1.57718e+06 , -2.11916e+06 , 728278
836594 , 1.35484e+06 , 1.23368e+06
309073 , 863187 , 1.26131e+06
-1.10408e+06 , -1.00927e+06 , -1.42181e+06
-395713 , 1.21537e+06 , 1.08035e+06
1.09079e+06 , 548052 , -1.39664e+06
-911828 , 86803.1 , 1.37762e+06
-1.86437e+06 , -190450 , 1.10642e+06
-705468 , -337128 , 595119
204618 , -510899 , 1.47236e+06
570665 , 509052 , -1.13272e+06
-257421 , 631080 , 336685
863049 , 584023 , 1.02405e+06
-125747 , -547279 , 1.45048e+06
-1.21914e+06 , 949675 , -904418
-483726 , 1.7084e+06 , -1.1354e+06
664867 , 817321 , -30454.7
1.47459e+06 , -343351 , 1.39499e+06
-1.13006e+06 , 748684 , -546923
-38050 , -629876 , 992858
-139353 , -733509 , 694633
-391986 , -193206 , -1.51762e+06
1.47372e+06 , 1.36431e+06 , -336776
204725 , 760293 , -1.51777e+06
1.17272e+06 , -1.22356e+06 , 235853
-273602 , -545979 , -910710
-1.24561e+06 , -200700 , -562236
-1.09219e+06 , 36298.1 , -572683
812131 , 1.10454e+06 , -1.25803e+06
1.01894e+06 , 748228 , -138782
159963 , 684197 , 1.50633e+06
956632 , 694211 , -555717
-283200 , 10534.4 , -248874
-811341 , -374498 , 1.10447e+06
277785 , 352740 , -1.08203e+06
-1.26596e+06 , -549826 , 723989
13071.9 , -563902 , -1.20545e+06
1.73218e+06 , 357148 , -490568
79651.6 , -970434 , 1.52028e+06
-1.22198e+06 , 25062.9 , 133100
980686 , -637845 , -972539
-610576 , -34475.5 , -1.232e+06
-709911 , -725381 , -274488
-357468 , -108256 , -519933
-287667 , 1.33843e+06 , 1.34884e+06
-1.12099e+06 , -349581 , 574894
-453494 , 531280 , 1.16593e+06
1.08457e+06 , -291238 , -573047
2.02408e+06 , -75930.6 , -112333
471847 , -1.21e+06 , -81929
-1.37272e+06 , -217530 , -1.86972e+06
1.02247e+06 , -283226 , -1.11935e+06
-433313 , 1.67008e+06 , -365937
-1.11632e+06 , -159732 , 248730
-445236 , -266098 , -347363
-1.39851e+06 , 71003.2 , 1.24781e+06
-848388 , -1.1793e+06 , -688657
-763372 , 582772 , 132501
-737134 , -425191 , -570515
-843570 , 626829 , 102401
-369086 , -1.3588e+06 , 308878
-716742 , 156653 , 1.29122e+06
-359949 , 1.15457e+06 , 1.74782e+06
1.3091e+06 , -654953 , -796934
501461 , -311014 , -1.94056e+06
-1.20915e+06 , -690261 , 1.769e+06
394536 , 1.25387e+06 , -952177
-1.06734e+06 , 1.68222e+06 , -713761
-1.47204e+06 , 243750 , -696512
-1.67307e+06 , -132558 , -772467
-185450 , 1.93192e+06 , 948195
-540273 , -538507 , 1.65292e+06
-663005 , -1.39232e+06 , -636938
785590 , 842308 , 46423
225991 , 2.90603e+06 , 233354
-216740 , -869248 , 1.39215e+06
-981363 , -671994 , -793720
766348 , 383884 , -958891
858191 , -427854 , -1.47074e+06
-619349 , 447139 , -1.27864e+06
117161 , 724678 , -697866
-646546 , -867822 , -350109
-2.13055e+06 , -910356 , 498245
-122527 , -1.99588e+06 , 242945
643658 , 370804 , -601985
-638472 , -1.74789e+06 , -198249
-1.14793e+06 , 762313 , -593603
-357237 , -781311 , 143982
-624569 , -365858 , 56175
-953781 , 554741 , 883106
1.56697e+06 , -439340 , 1.12696e+06
-189526 , 573902 , -1.28131e+06
-1.40543e+06 , 253918 , -505435
482062 , 89729.1 , 158044
209290 , 940447 , -523670
-1.19438e+06 , -206027 , -1.29448e+06
-1.48408e+06 , -620085 , -108946
115204 , 144183 , -1.65761e+06
50659.7 , -1.05065e+06 , 627651
208094 , -1.80195e+06 , -220493
-552715 , 423493 , 1.16981e+06
-443670 , 141316 , -85575.3
516627 , 122241 , 20237.1
229163 , -797081 , -1.2361e+06
375122 , 460331 , -606693
1.03723e+06 , -246455 , 1.44496e+06
-807869 , 297648 , -1.24213e+06
1.07379e+06 , -424815 , -228282
2.08426e+06 , 260595 , -494538
-942433 , 263237 , -152439
617035 , 622145 , -22164.5
-33298.5 , 736937 , 2.21808e+06
811635 , 1.8676e+06 , 639724
-644833 , -1.89275e+06 , -616473
-1.06878e+06 , 223409 , 291127
-1.1183e+06 , -237165 , 746078
-313115 , 1.65609e+06 , -1.22015e+06
-212750 , 434539 , -717723
-1.1028e+06 , -1.66905e+06 , 259027
-1.47276e+06 , 372279 , 211646
819557 , -1.497e+06 , 1.11236e+06
713033 , -1.23141e+06 , 460548
1.29073e+06 , 616931 , 1.02019e+06
-2.05933e+06 , 745981 , 965946
1.17698e+06 , 450727 , 69529.5
-1.22773e+06 , 34765.5 , -100277
477221 , -533133 , -11377.2
1.08208e+06 , 1.86439e+06 , 501064
-544366 , -766748 , 117549
214226 , -909469 , 505986
1.18574e+06 , 1.46315e+06 , -900658
-22844.9 , 1.33803e+06 , 1.23239e+06
-464375 , -448439 , 2.11669e+06
857350 , 664445 , 973731
-931560 , -65639.3 , -600027
251226 , 16609.7 , 1.49402e+06
1.9331e+06 , 382604 , -1.23308e+06
1.15071e+06 , 822579 , -258118
875408 , -79965.9 , 690650
979142 , -942402 , 1.25087e+06
-1.53483e+06 , -784828 , 669131
-214128 , -901148 , -1.25283e+06
743355 , 1.28462e+06 , -1.01102e+06
1.26596e+06 , 952855 , 632197
-402762 , 869396 , -753756
100543 , 429695 , -280104
-579983 , -739546 , -365865
806988 , -851731 , 710848
-616417 , -655414 , -354119
-396966 , -649040 , 389407
-230944 , -624160 , 720525
564416 , -440634 , 1.43343e+06
-1.11397e+06 , 1.01628e+06 , 518134
522737 , -78393.1 , 1.04936e+06
-511303 , -369458 , 252537
353882 , 587505 , 178230
-2.13923e+06 , -936865 , 14740.1
778260 , 1.07135e+06 , -228769
-567986 , 1.61428e+06 , -243372
-286898 , -1.01279e+06 , 772280
416140 , 418687 , -610767
564740 , -705905 , -266654
1.05946e+06 , 298452 , 571450
-816675 , 197118 , -167548
1.25982e+06 , 92424.8 , -68093.8
-401757 , -478327 , -1.20244e+06
209933 , 172358 , -1.00317e+06
-1.23807e+06 , -4403.52 , -275411
645205 , 1.01924e+06 , -965739
875591 , -64601.2 , 891139
700703 , -30353.6 , 1.27237e+06
-946312 , -968610 , -306058
-1.03746e+06 , -893865 , -1.07698e+06
72695.5 , -1.74139e+06 , 733608
-634737 , -22960.3 , 1.07091e+06
125572 , 328200 , -143564
-710611 , 1.47921e+06 , 1.29756e+06
308661 , -759924 , 123358
-783226 , 887321 , -167777
-834381 , -631340 , -706832
813351 , -1.34653e+06 , -924516
204650 , 864645 , -404577
-571013 , -32282.2 , 1.54324e+06
625160 , 129666 , 1.08571e+06
-416078 , -1.14848e+06 , 957010
1.62104e+06 , 894487 , -1.37741e+06
-589463 , 1.06237e+06 , -231111
95451.2 , 979832 , -1.70164e+06
-738285 , 2.30639e+06 , 213059
499242 , -1.03901e+06 , -95222.5
467601 , 794699 , -969874
-1.517e+06 , -425329 , -972024
353671 , -1.09995e+06 , 1.20438e+06
217311 , -821978 , -876090
-1.18593e+06 , -1.06839e+06 , 798268
1.57267e+06 , -292864 , -29504.2
-1.33118e+06 , -1.2233e+06 , -973422
-1.03537e+06 , 1.07111e+06 , 526647
-752249 , 126835 , 96317.2
-60358.6 , -1.41089e+06 , 854625
-498885 , 470218 , -414172
-627382 , 1.62065e+06 , 1.51113e+06
-92864.7 , 1.41124e+06 , -390692
1.45567e+06 , 171204 , -526610
-716714 , -289237 , -1.156e+06
-711786 , -1.51386e+06 , -832328
-93094.9 , 1.37244e+06 , 723908
-245450 , -1.47796e+06 , -198704
-1.27073e+06 , 13546.2 , -1.74192e+06
-393430 , 1.29947e+06 , -63574.6
-742257 , -570935 , -1.50656e+06
-287747 , 370285 , 941814
-1.39029e+06 , -1.19184e+06 , -130470
-157992 , 50424 , -1.75214e+06
1.80278e+06 , 633122 , 101567
-271240 , 238881 , 1.35984e+06
1.04846e+06 , -284903 , -387225
-1.59161e+06 , 51024.4 , 534908
1.45073e+06 , -81469.4 , -293522
-1.81389e+06 , 940583 , 142502
1.40777e+06 , 274748 , 303795
1.14245e+06 , 149502 , -1.35492e+06
-133692 , -915853 , 1.36218e+06
2400.17 , 1.56498e+06 , 350730
473916 , -137955 , 1.00077e+06
655523 , -391808 , 690544
1.29873e+06 , 117159 , 374139
-1.12001e+06 , -461365 , -1.08853e+06
942106 , -987043 , -188052
2.18906e+06 , -322308 , 300498
109714 , -263506 , 1.4222e+06
-439515 , -357480 , 262957
-918329 , -850802 , -550145
-373617 , 129487 , 1.26869e+06
57731.9 , 114086 , -170687
-1.35344e+06 , -327734 , 1.03816e+06
618316 , -1.83916e+06 , -591238
-983903 , -314513 , 708180
-198110 , 670369 , 10705
668342 , -1895.03 , -1.37049e+06
-788425 , 328120 , -1.05422e+06
1.0567e+06 , 971888 , 77412
444539 , 1.25303e+06 , 631508
-425939 , -1.31126e+06 , -1.02469e+06
325269 , 634587 , 26125.2
-52211.4 , -254111 , 944529
-388467 , 449926 , -570538
-301860 , -918665 , 986339
149206 , -508049 , 1.10446e+06
-300673 , -1.71591e+06 , 132364
1.01449e+06 , -630315 , -904327
-1.38224e+06 , 970458 , -774376
669362 , 346721 , 411225
-1.59703e+06 , 131864 , 139970
-412072 , 1.1095e+06 , 297301
-1.52077e+06 , 297922 , 654654
1.85358e+06 , 159073 , -769407
2.03595e+06 , 1.15075e+06 , 450089
-71835.6 , 1.23773e+06 , 1.13445e+06
-1.5696e+06 , 1.19136e+06 , 316790
225692 , 571859 , 379481
1.07504e+06 , -681683 , -1.09487e+06
-919832 , 169045 , 246792
-387330 , 183533 , -321667
789008 , -471920 , -26912.9
447573 , -1.8979e+06 , 1.33726e+06
-435667 , -426343 , 169337
1.0972e+06 , -36839.1 , 1.35662e+06
-985412 , -356509 , 105686
1935.07 , -1.63925e+06 , -66176.9
607231 , -141971 , -1.40247e+06
-1.27697e+06 , 1.45413e+06 , -22691.5
990171 , 225901 , 109644
-371778 , 1.08509e+06 , 955849
-45891.1 , 773423 , 836109
-753729 , 388619 , -612962
-395778 , -15694.9 , 509570
472755 , 427988 , -1.72719e+06
503000 , -681986 , -433846
1.01798e+06 , -278675 , 795704
575140 , 1.23783e+06 , -877013
1.15484e+06 , 42454.3 , 85463.9
-1.37624e+06 , -376526 , 551206
-1.25234e+06 , 150271 , -223419
811937 , -1.20504e+06 , 1.0144e+06
532540 , -139637 , -411612
1.0862e+06 , -803225 , 188205
-621796 , -615475 , -104524
-141897 , -1.39869e+06 , -1.36031e+06
696069 , -1.12819e+06 , -393694
1.06244e+06 , 191131 , 195037
-553257 , 377662 , -1.35367e+06
-733609 , -875726 , -69225.7
482849 , -218211 , 292669
1.95702e+06 , 11702.4 , -132805
610378 , 1.14163e+06 , -631881
-1.14065e+06 , -1.04648e+06 , -1.32307e+06
-76062.9 , -832986 , 1.22152e+06
-1.28936e+06 , 1.11491e+06 , 39351.6
698487 , 1.23415e+06 , -1.08616e+06
185063 , -1.03194e+06 , -952376
518081 , -569696 , -899223
1.10465e+06 , -142909 , 1.48842e+06
729464 , -985464 , 345249
-104953 , 695622 , 457601
628962 , -1.11869e+06 , -134655
1.07673e+06 , 964817 , -865629
336261 , 418948 , 466892
-25647.4 , 1.28913e+06 , 160718
415493 , 139811 , 894671
1.38265e+06 , -1.41397e+06 , 1.38195e+06
52410.5 , 1.33853e+06 , 1.10587e+06
-488658 , 828989 , -2.15138e+06
1.21564e+06 , 35480.8 , -76816.5
-705650 , 758835 , -134870
1.8212e+06 , -589739 , -225017
551878 , -311027 , 598946
-1.12977e+06 , 503888 , -522567
-1.25518e+06 , 634445 , -198598
-761853 , 1.77257e+06 , -265976
-1.24305e+06 , 736329 , -68743.4
-571434 , 1.54562e+06 , 99361.8
5270.43 , -359745 , 949671
642839 , -1.16191e+06 , -139272
-1.7029e+06 , 342434 , 583251
-1.31219e+06 , -696759 , -325675
1.12426e+06 , -710759 , -1.04531e+06
-1.49335e+06 , -146148 , 951927
1.0998e+06 , -764489 , -500390
1.54517e+06 , 397520 , 1.1225e+06
-990146 , 1.03019e+06 , 745685
-887097 , -691124 , -764268
443793 , -1.11224e+06 , 1.42274e+06
68530.3 , 1.47601e+06 , 1.02188e+06
282150 , 670540 , 914453
-526965 , 1.38144e+06 , -836374
80434.9 , 1.39941e+06 , -1.01778e+06
-416164 , -299088 , 1.4646e+06
-1.5363e+06 , -199123 , -423270
-632401 , 1.5028e+06 , -785521
140293 , -1.58104e+06 , -1.14085e+06
978582 , -51309.4 , -682364
31115.5 , -1.88695e+06 , -1.21266e+06
-839500 , -1.53393e+06 , -1.16944e+06
592002 , -675630 , 765366
1.96049e+06 , 548678 , -235386
416106 , -672016 , -61067.8
-710212 , 1.30486e+06 , 1.00039e+06
1.02602e+06 , 245558 , -1.18047e+06
1.75097e+06 , -523002 , -149749
524139 , 982617 , 1.65526e+06
693727 , 1.86431e+06 , 103600
-1.25023e+06 , -1.15263e+06 , 1.02419e+06
-506768 , -333656 , -723848
1.28049e+06 , -375470 , -572563
-1.1588e+06 , -1.14301e+06 , -1.1236e+06
-1.27867e+06 , 146929 , 1.07385e+06
888251 , 1.16894e+06 , 1.09283e+06
1.03613e+06 , -961782 , -1.34448e+06
-1.13809e+06 , -616307 , -334919
-1.35076e+06 , -1.59602e+06 , -594470
63216.5 , 689126 , 1.035e+06
-155390 , 50076.1 , 710285
477328 , 1.12502e+06 , 553831
-363645 , -1.14659e+06 , -650900
-645263 , -333332 , 56677.2
-1.36509e+06 , -656831 , -64250.5
789640 , 224265 , -894883
79544.2 , -395714 , 978469
-361817 , -70406.9 , -665641
-278283 , 762180 , 1.31715e+06
1.34869e+06 , -273721 , -1.44896e+06
1.58062e+06 , -859238 , 1.31364e+06
2.20933e+06 , -1.26443e+06 , -418813
187213 , -1.0438e+06 , -949663
1.84941e+06 , 245377 , 582391
926040 , -915098 , -939952
-85360.9 , -1.49818e+06 , -271324
1.21152e+06 , 683445 , 184991
1.79697e+06 , 666404 , 1.4904e+06
63195.3 , 531148 , 1.09152e+06
-78498.9 , 729634 , 709181
367100 , -1.47611e+06 , -90336.1
380427 , -1.84815e+06 , 902390
1.69759e+06 , -368964 , 285266
-721840 , -1.47118e+06 , -1.50051e+06
-348480 , -458699 , -274079
-609273 , -1.34554e+06 , -1.23198e+06
922796 , -1.01336e+06 , 1.3888e+06
1.04356e+06 , 985469 , 1.1156e+06
255153 , 369693 , -1.76807e+06
-2.11017e+06 , -91176.4 , -353301
1.24151e+06 , 759789 , 390277
-589136 , 1.43417e+06 , -38905.2
-291125 , -96804.1 , 1.2162e+06
-988197 , -500862 , -905092
1.04555e+06 , 867500 , 30079.3
490775 , -1.48056e+06 , -537188
41147.8 , -367276 , -558657
871324 , -543693 , 2.31941e+06
-1.04041e+06 , -294918 , -971461
1.38745e+06 , 411916 , -1.24536e+06
1.33673e+06 , 721381 , 121131
1.82952e+06 , -397312 , 515944
-444181 , -766401 , 1.40943e+06
-724149 , -185997 , -138969
644203 , -36123.3 , 1.51353e+06
-527265 , -356622 , -570943
-987680 , 1.59064e+06 , -4435.93
-777944 , 326991 , 754272
-992944 , -399695 , 1.54557e+06
962901 , -1.29052e+06 , 454237
373950 , 942688 , 787155
1.14141e+06 , 1.32823e+06 , 900427
-1.38687e+06 , 157256 , -1.90027e+06
1.09713e+06 , -20299 , 1.5715e+06
99892.2 , -537720 , -1.52167e+06
1.28268e+06 , -1.1046e+06 , 217494
-1.12643e+06 , -574756 , 33721.9
-1.16431e+06 , 897394 , 1.04627e+06
-1.96616e+06 , -154443 , 794843
1.56829e+06 , -791170 , 239601
765587 , 1.46753e+06 , -232242
-1.29113e+06 , -877168 , 168976
1.19542e+06 , 734930 , -116171
-351209 , -1.33699e+06 , 516447
1.6948e+06 , -779385 , -491031
-325034 , 1.23097e+06 , -69375.9
937573 , 1.11784e+06 , -953856
741775 , 1.00555e+06 , -604337
1.67548e+06 , -343087 , -204683
1.12851e+06 , -200302 , -72994.3
-965086 , -657346 , 1.46003e+06
1.22055e+06 , -1.34194e+06 , -139058
-1.68036e+06 , 85918.7 , -76900.4
318988 , -1.39814e+06 , 445127
-866220 , -507867 , 945400
406471 , -521383 , 704811
38554.3 , -1.51229e+06 , -333555
-645515 , 406635 , 1.63427e+06
-335576 , -841990 , 1.01022e+06
1.28034e+06 , 200044 , -778956
53782.4 , 56365.5 , 1.09756e+06
-495704 , -523580 , 207778
1.38468e+06 , -583037 , 1.54769e+06
145135 , 195222 , 667350
603454 , -45078.5 , -229593
-1.15873e+06 , -410280 , 753421
-841250 , -51838.4 , 1.21579e+06
104024 , -654089 , -1.77354e+06
-574011 , -299130 , 317869
-1.5192e+06 , -668585 , 394381
204862 , -1.03047e+06 , -293922
1.37928e+06 , -842853 , -692873
13816.9 , 610291 , 110806
-272212 , 1.35497e+06 , 243298
377708 , 1.34673e+06 , -335328
174079 , -1.0871e+06 , -1.28818e+06
1.27685e+06 , -815254 , 1.55206e+06
-599979 , 415102 , 1.24525e+06
-1.43882e+06 , -1.11875e+06 , -42912
-585067 , 1.47447e+06 , 856483
1.13803e+06 , -37271.5 , 1.22344e+06
-99701.6 , -289885 , 1.85576e+06
238677 , -1.13187e+06 , 880965
648686 , 985738 , -1.5791e+06
-337634 , 602495 , -218119
467356 , -117230 , 605237
1.19244e+06 , 252251 , -1.0606e+06
165756 , 1.59196e+06 , 447021
-1.47478e+06 , -930733 , -855379
1.99492e+06 , 523669 , -45498.7
632940 , -869198 , -201652
747010 , -14261.6 , 633251
-425866 , -1.10239e+06 , 262058
502940 , 595162 , 1.12077e+06
544620 , 1.06282e+06 , -1.52427e+06
380472 , 1.23524e+06 , -750858
-112114 , 1.37309e+06 , -714138
-778453 , -1.14794e+06 , -866266
1.74112e+06 , -288797 , 444812
-962767 , -711392 , 455491
-1.63567e+06 , 54986.1 , 1.2268e+06
559868 , 614734 , 487285
-1.18521e+06 , -621372 , -1.38394e+06
173351 , -697323 , -181278
453359 , 1.21091e+06 , 382448
1.11323e+06 , 810148 , 419487
-82461.8 , 52205.6 , 902624
1.05342e+06 , -783513 , 756912
-13563.2 , 782729 , 229040
-354497 , 799743 , 342711
-662424 , 180722 , 1.01358e+06
98285.8 , 1.49958e+06 , -447465
-187081 , -221923 , 434791
-1.72437e+06 , 434631 , -1811.9
-241692 , -778585 , 626707
-1.33021e+06 , 197695 , 71333.2
345409 , 668077 , 108370
215490 , -1.11241e+06 , 1.54385e+06
992070 , 1.19651e+06 , 317072
-1.11723e+06 , -326689 , -239071
-950493 , 886469 , -1.83332e+06
-1.11069e+06 , 693661 , -1.12411e+06
905012 , -829435 , -976088
-1.4256e+06 , -131083 , -1.04824e+06
-504725 , 1.9041e+06 , -1.17073e+06
-410394 , -1.29712e+06 , 82055.7
-648602 , 166725 , 382560
-1.87005e+06 , -1.50274e+06 , 377863
-512335 , 42442.7 , 357148
-1.1639e+06 , -41581.1 , 1.30253e+06
-838951 , -1.292e+06 , -172958
-6934.77 , -539492 , -1.83078e+06
-149906 , 349715 , 1.42035e+06
1.33395e+06 , -517503 , -54055.7
611725 , 535587 , 622509
23927.1 , 730274 , 1.23173e+06
738100 , 1.09008e+06 , -871333
-1.08875e+06 , 211968 , 950909
-1.46108e+06 , -1.32871e+06 , -345453
-786771 , 2.21565e+06 , 1.20584e+06
-2.06196e+06 , -58629 , 88295.2
597344 , -588297 , 494872
-1.28278e+06 , 180254 , -1.54887e+06
-296519 , 781390 , 207795
312224 , -1.59421e+06 , -3316.44
636369 , 107051 , 558230
980755 , 191662 , -1.32467e+06
426561 , -673944 , 954166
-1.20231e+06 , -131067 , 278322
40272.2 , -652261 , -2.03613e+06
-1.3869e+06 , 61236.5 , -938400
160437 , -406221 , 1.81909e+06
-1.69949e+06 , -739740 , -596555
-1.07906e+06 , 488512 , 851955
707463 , -750310 , 1.47362e+06
-193933 , 754250 , 386445
245647 , 471810 , -1.15962e+06
-1.03154e+06 , -540321 , -207729
-573488 , -1.02395e+06 , -483688
654506 , -210543 , -290473
237035 , -232215 , 575433
-528950 , 1.22491e+06 , 454154
943476 , -416965 , 46686.9
-1.17889e+06 , 830312 , 290916
258063 , 549521 , 25670
76532.8 , -468822 , -851635
-499112 , 319233 , -277033
200481 , -283670 , 1.93099e+06
1.55806e+06 , 652109 , 674731
-113227 , 1.78021e+06 , -746495
-372745 , 954357 , 1.14498e+06
570139 , 1.05052e+06 , 42456.7
1.05461e+06 , -1.73565e+06 , 559166
-457374 , -1.40122e+06 , -556883
-616609 , -1.40436e+06 , -872696
1.5695e+06 , -1.35347e+06 , 39977.7
-1.16417e+06 , -1.64158e+06 , 1.12041e+06
1.10084e+06 , 1.15021e+06 , -452930
452850 , -595007 , -379417
128286 , 509483 , 1.73047e+06
564839 , -68468 , 160751
287925 , -1.69947e+06 , -1.36278e+06
-643646 , -409006 , -1.38842e+06
-467218 , 607498 , 521090
-66495 , -986133 , 1.7052e+06
60038.5 , 847426 , -866118
-648163 , -1.17633e+06 , 1.62198e+06
1.01932e+06 , -682006 , -653797
-139017 , 996383 , -219934
764144 , 603264 , -637058
-82209.6 , 917995 , -1.00822e+06
-252844 , 439095 , 836565
-557209 , -639376 , 1.34315e+06
-213544 , 703700 , 1.27515e+06
194385 , 922817 , -1.58169e+06
1.07827e+06 , -527624 , 505870
295929 , 1.03207e+06 , -1.23618e+06
289452 , 1.22394e+06 , -183185
-244080 , -983840 , 1.28555e+06
-105687 , -142400 , -986607
-449104 , -118426 , -733637
-108131 , 1.13466e+06 , 1.11828e+06
-486656 , -1.35671e+06 , 443943
911514 , -799325 , -844110
1.40179e+06 , -645971 , 51611.1
-1.4087e+06 , 378348 , -743977
-332319 , 984248 , 584290
-1.16286e+06 , -494125 , 901892
-219816 , 1.46447e+06 , 138933
689293 , -1.27339e+06 , -410254
169832 , -1.79851e+06 , 613571
290410 , 201518 , 953279
1.11076e+06 , 468756 , -149431
515186 , 109761 , 895320
889470 , 787124 , 212312
-813243 , 719794 , -838533
831324 , -202470 , -359068
-1.37816e+06 , -1.2558e+06 , -1.10081e+06
-663691 , -1.05065e+06 , 1.03041e+06
289767 , 1.44505e+06 , 1.7874e+06
-264823 , -702439 , -558209
1.00685e+06 , 35527 , 1.1304e+06
-1.0178e+06 , 900896 , -197714
-382851 , -1.55048e+06 , -670287
930905 , 1.69532e+06 , 733403
-486930 , -122746 , -1.4449e+06
-736021 , 658900 , 67904.2
-981687 , -61805.7 , -131846
125696 , -1.12986e+06 , 124325
-254733 , 838942 , -1.48519e+06
73057.5 , -746066 , 488916
1.21668e+06 , 292403 , -1.45966e+06
1.05451e+06 , 625505 , 2.30808e+06
-482789 , -446783 , -1.60226e+06
-60514.8 , -1.63176e+06 , 934067
-50432.7 , 185591 , 168497
29932.6 , 767796 , 1.11324e+06
750724 , 145031 , -58007.9
609433 , -273471 , 1.67546e+06
-249166 , 71941.6 , 1.58012e+06
1.12371e+06 , -242420 , -346201
368167 , -576521 , -1.00909e+06
11664.7 , -576369 , -242371
-340109 , -647635 , -1.7851e+06
119862 , 1.12709e+06 , -167914
-502525 , -1.36407e+06 , 180337
144710 , 852687 , 874557
-89603.7 , -645557 , 480163
-638459 , 1.25545e+06 , -1.72243e+06
802568 , -472286 , -1.60489e+06
-182144 , 457856 , 1.25146e+06
544594 , 358052 , 1.7431e+06
1.88091e+06 , -348254 , 506819
745337 , -440015 , 648366
-155188 , 1.21171e+06 , 592890
-720001 , 1.53544e+06 , 1.2233e+06
51019.7 , 170975 , 1.82481e+06
1.13312e+06 , -210207 , -637942
462050 , 703206 , 534833
1.96921e+06 , 938547 , 476497
-590272 , -173138 , -2.10598e+06
95005.2 , 1.51e+06 , 26255.7
-851677 , -1.1131e+06 , -19250.3
378008 , -516681 , 896907
429514 , 516243 , 688347
-440934 , -252306 , -689975
-885758 , -66739.6 , -127118
234367 , 871237 , -958401
-188026 , 490740 , -59426.1
784845 , 1.05457e+06 , 1.7445e+06
-365418 , -640840 , -585411
1.27386e+06 , -513628 , -552836
1.42858e+06 , 754381 , -683295
261978 , 1.14953e+06 , 269683
-570605 , -453730 , 1.81119e+06
990910 , 1.09685e+06 , 58205.4
1.24545e+06 , 39047 , 562538
607709 , 402945 , 1.21397e+06
-932127 , 492909 , -25634.6
493734 , -1.33805e+06 , -357586
-649584 , -307410 , 516201
1.75696e+06 , 187313 , -38735.9
951534 , 765871 , 207384
746966 , -41028.2 , 1.40344e+06
-141395 , 556721 , 2.19559e+06
-6706.16 , -565140 , 382658
288349 , -308063 , 1.04116e+06
354772 , 203142 , 747398
-645788 , -260897 , -977980
-1.43312e+06 , 362338 , 1.55999e+06
-11270.5 , -499592 , 594914
-473499 , -166389 , -872678
62320.2 , -1.23904e+06 , -1.15355e+06
1.25343e+06 , 1.33038e+06 , -589250
1.49015e+06 , 612610 , 77726.2
1.09369e+06 , -36108.7 , -460878
585986 , 530690 , 24090
-428496 , 537522 , -1.40894e+06
1.58985e+06 , 1.1527e+06 , 470999
734458 , 347144 , -399877
-72776.3 , 1.27219e+06 , 701110
1.12755e+06 , 837903 , 941710
876326 , -1.33648e+06 , -80677.7
-2.07278e+06 , 655328 , 537889
59394.8 , -1.0209e+06 , 971973
-553760 , 344452 , 1.25532e+06
1.02851e+06 , -347574 , -1.21617e+06
-32099.6 , 1.53498e+06 , -647762
1.99079e+06 , -1.02526e+06 , -168321
-1.90247e+06 , 444290 , 72265.9
-187020 , 508864 , 653226
-336053 , -785346 , -1.45756e+06
954072 , 314305 , 1.62062e+06
-460941 , 1.26773e+06 , -660946
459673 , 1.87633e+06 , -755887
90782 , -1.62052e+06 , 1.04874e+06
436650 , -539867 , 1.12935e+06
-188986 , 792390 , -236642
-892546 , -730024 , -1.92751e+06
-1.42692e+06 , -1.23131e+06 , 3030.24
1.41757e+06 , 1.03999e+06 , 847328
-656140 , 1.18092e+06 , -16769.2
1.11466e+06 , -606535 , -763985
-987519 , 211451 , 1.69789e+06
-589359 , -887287 , 290503
-286707 , -1.24412e+06 , 157096
570104 , -505006 , -540912
1.07458e+06 , -133257 , -758177
-76889.9 , 756349 , 185264
-34437.1 , 768974 , 186379
-1.03535e+06 , -299950 , 1.56984e+06
-410141 , -952027 , 150194
-665810 , 1.164e+06 , 578399
-1.08161e+06 , -132506 , -866425
1.22197e+06 , 1.32982e+06 , 396485
191232 , -1.62124e+06 , 706590
142535 , -1.44744e+06 , -867320
-1.73156e+06 , -52759 , -847735
-1.42079e+06 , -407860 , -929431
-250207 , -709468 , 1.01814e+06
-14450 , 1.33709e+06 , -1.9178e+06
1.96641e+06 , 293119 , -588953
-1.71212e+06 , 858780 , 1.23924e+06
-513637 , 31947.3 , -75237.7
-1.3507e+06 , 633454 , 347802
-568268 , 1.30549e+06 , 741264
-497981 , -206374 , 912691
-1.20356e+06 , 1.09106e+06 , -788079
487331 , 1.62705e+06 , 19771.4
-647931 , 800838 , 693683
-621705 , 1.30018e+06 , 266528
693586 , -1.54484e+06 , 1.29916e+06
-1.35772e+06 , -534603 , 721696
536404 , -763853 , 1.51185e+06
149982 , -993144 , 745335
1.16924e+06 , 306405 , 967616
272982 , 40572 , -478249
-937556 , 392672 , 1.33117e+06
-252317 , -128375 , 1.63177e+06
109984 , 594100 , 431868
24578.9 , 725947 , 1.32452e+06
735591 , 743393 , -1.47255e+06
-844268 , -874322 , -940340
386775 , -2.27261e+06 , 460598
-76578.1 , -430431 , -1.44682e+06
-490500 , -996590 , -523689
-728378 , 1.6488e+06 , 236131
1.96785e+06 , -523366 , -645202
-116356 , 558884 , -309319
714556 , -839747 , -974085
334481 , 1.32957e+06 , 998059
-1.33863e+06 , -172442 , -818632
-489372 , 176901 , -630459
-281410 , 837180 , -1.0536e+06
420490 , 728930 , 81236.5
-531133 , 1.69439e+06 , 618868
-493226 , -1.07383e+06 , -807038
257224 , -1.30647e+06 , 95375.2
433502 , 759664 , -71565.6
-911260 , -679531 , -961827
1.80795e+06 , -261879 , 947966
933764 , -197823 , -2.04728e+06
1226.33 , -317878 , -1.90643e+06
-670773 , -489928 , 80262.7
-342929 , -1.36441e+06 , 661847
899084 , 566992 , -433467
-18494 , 1.4276e+06 , -207728
-1.99914e+06 , 489015 , -830102
-108887 , -251877 , 1.06304e+06
231494 , -291571 , 219265
1.89258e+06 , 55440.8 , 1.44828e+06
1.8857e+06 , 482926 , 150042
320035 , 223067 , 105261
-472173 , 1.08563e+06 , 535744
487750 , 707326 , 144020
74779.9 , 651377 , 570196
1.13013e+06 , -837783 , -1.63964e+06
1.39579e+06 , 1.26761e+06 , 1.58571e+06
548375 , -332042 , -2.31104e+06
886515 , -479115 , -447207
-541889 , -1.78048e+06 , -669381
-242737 , -1.44218e+06 , -941797
-86824.2 , -1.36938e+06 , 68413
751431 , 870440 , -215988
86295.2 , 404346 , -939052
-1.49898e+06 , 421355 , 1.67838e+06
266779 , -1.00517e+06 , 722743
1.82045e+06 , 119041 , -442480
-146141 , -384167 , 102441
-269417 , 33995.2 , 2.08093e+06
-306947 , -1.22645e+06 , -1.22319e+06
-443547 , 1.11264e+06 , 1.71179e+06
575507 , 1.47353e+06 , -443945
-680861 , 398774 , 1.82195e+06
12583 , -1.49325e+06 , -1.12154e+06
-1.30318e+06 , 504836 , -82260.7
-900447 , 627304 , -110214
-268591 , 291435 , -1.27795e+06
278033 , 941483 , 1.40529e+06
-891691 , -830898 , 602988
71979.7 , -899152 , 632932
-179181 , -1.10724e+06 , 190048
1.71301e+06 , 392274 , 798638
551791 , 324814 , 1.6138e+06
796884 , -660715 , 245272
-471934 , 1.02279e+06 , -289343
-1.0868e+06 , 1.85233e+06 , -29316.9
-357734 , 156767 , 1.47565e+06
-1.60273e+06 , -413785 , 829737
-229201 , 264657 , 1.1451e+06
-307169 , 707550 , -1.09353e+06
-21549.6 , -831032 , 196172
-183724 , 69309.7 , -513904
1.39976e+06 , 1.07256e+06 , 1.31418e+06
-1.2144e+06 , 120624 , -411902
651468 , -333786 , -1.13333e+06
-388177 , 67138.4 , -138712
1.07634e+06 , 584292 , -1.9367e+06
-311205 , -161620 , -553562
-770924 , -293843 , 1.42786e+06
821129 , -882541 , 1.08569e+06
-1.42615e+06 , 176532 , -66554.8
-76848.5 , 1.15951e+06 , -794230
421398 , -1.40839e+06 , 879413
-433473 , 1.96238e+06 , 391251
-207774 , -720989 , 1.18859e+06
-724404 , 1.15115e+06 , -1.00258e+06
1.74083e+06 , -915708 , 3125.83
-929784 , 1.24401e+06 , -399756
977431 , -187675 , 1.33515e+06
1.64366e+06 , -1.3161e+06 , -156563
-407178 , 136772 , 1.31086e+06
1.40305e+06 , -100955 , 283829
139994 , -43938.9 , 2.03719e+06
286972 , 156892 , 1.85487e+06
-506542 , -494019 , -328715
-562862 , -1.10336e+06 , -48609.1
-75293.4 , 1.54926e+06 , 566505
-416700 , 132962 , -829588
455373 , -1.70156e+06 , 386280
474735 , -868734 , 1.30739e+06
922395 , 511790 , 169211
-249691 , -1.33891e+06 , 337420
-1.09129e+06 , -123225 , 1.14235e+06
-1.12972e+06 , -428010 , 233873
-1.10041e+06 , -483877 , -1.13769e+06
1.64536e+06 , -981275 , -221536
817213 , -1.73771e+06 , -8352.26
-1.7342e+06 , -185384 , 1.35452e+06
-299441 , 651116 , 1.48059e+06
-410066 , 1.76025e+06 , -1.00677e+06
355278 , -40077.6 , 268979
171549 , 854026 , -1.22202e+06
-991156 , 1.25528e+06 , 1.30366e+06
-1.16649e+06 , 499452 , -583258
348762 , 2.4089e+06 , -398397
1.37359e+06 , 995202 , -520451
782014 , 1.94726e+06 , 405053
682442 , 50075.6 , -38598.2
-1.01332e+06 , -96123.3 , 1.60347e+06
425081 , -1.88462e+06 , -182296
-713261 , -1.14536e+06 , -128280
117413 , -1.14722e+06 , 1.41218e+06
-522185 , -443244 , -1.25384e+06
-1.1091e+06 , 310096 , -743069
-860098 , -824664 , 2.0331e+06
1.79412e+06 , -524620 , -251804
-1.04975e+06 , -1.27822e+06 , 803289
1.79557e+06 , -1.19973e+06 , -492912
259440 , -1.55033e+06 , 902445
1.56412e+06 , -623080 , 923744
-943058 , 24589.8 , -797363
400398 , -306196 , 773280
928220 , -150794 , -498349
-268720 , 370739 , -1.31143e+06
355935 , 446989 , 1.68182e+06
2.37228e+06 , -311748 , -235454
-1.53725e+06 , 399316 , 1.40486e+06
622299 , 283527 , -1.29922e+06
672164 , -198840 , -1.6797e+06
605530 , -1.02264e+06 , -898332
-560912 , 759425 , 172565
1.16232e+06 , 496879 , -296227
-1.64128e+06 , -461286 , 644752
457898 , 395222 , 1.61024e+06
-668414 , -1.03281e+06 , 481992
-785122 , 1.02024e+06 , 1.19732e+06
533798 , -1.46987e+06 , 989154
711901 , -56604.6 , 1.01646e+06
416019 , 645303 , -401683
-222930 , 1.344e+06 , 1.37083e+06
-444278 , -287241 , 863850
-1.32883e+06 , 541423 , -9185.94
-128635 , -766703 , -215520
1.14463e+06 , -449241 , 726838
-729406 , 1.36523e+06 , 809474
1.2123e+06 , 237802 , 534772
-379203 , 210730 , -1.90585e+06
-1.74272e+06 , -677189 , -1.35829e+06
-894884 , -1.10501e+06 , -1.47312e+06
723487 , 216288 , -597938
287754 , -184171 , 1.71469e+06
-80512.2 , 783914 , 997202
1.38634e+06 , -731794 , -1.03075e+06
-439655 , 126935 , 820426
-1.48982e+06 , 1.05901e+06 , -244557
-411856 , 779636 , 325149
-1.2161e+06 , -919227 , -1.41904e+06
-1.28094e+06 , 201675 , 1.16295e+06
284337 , -1.76208e+06 , -436111
1.81433e+06 , -1.29135e+06 , 22201.4
-60705.2 , 338656 , 476611
-788295 , -405611 , -204048
106803 , -517684 , -344770
-976853 , 1.21728e+06 , 103583
-1.00103e+06 , -295736 , -223340
236397 , -680726 , 488772
1.38251e+06 , -268296 , 974259
434380 , -1.8627e+06 , -26003
366363 , -516920 , -869192
-828925 , 227943 , 1.13024e+06
-28241.2 , -750956 , -1.21094e+06
-946180 , 1.72888e+06 , 816186
-813425 , -583632 , 679584
-335597 , -238675 , 885594
-788259 , 441543 , -660461
1.6757e+06 , -943916 , -1.18655e+06
239150 , 1.52101e+06 , -838368
-1.18962e+06 , -636339 , 1.76239e+06
-589782 , 138074 , 2.20086e+06
-487584 , 255040 , -247553
-614627 , 467055 , -703610
-476380 , 1.83957e+06 , 161907
-1.89644e+06 , 44076.5 , -668595
518389 , 619023 , 1.49238e+06
493879 , 614771 , -96533
-510018 , 1.04267e+06 , 1.19867e+06
-1.03281e+06 , 1.83198e+06 , 241212
316818 , 743715 , 426138
-504229 , 746723 , -1.2368e+06
-250104 , 432802 , 722347
809649 , 435410 , 104451
-353216 , 505835 , -1.39744e+06
159424 , -274471 , 615439
-2159.22 , 228828 , 721997
1.29224e+06 , 627635 , 818829
-361786 , -271525 , -2.03097e+06
289482 , 80029.2 , -667930
-518210 , -96911.5 , -1.51576e+06
-40731.4 , -848881 , 208158
-120921 , 1.44638e+06 , 1.31258e+06
-886982 , -418983 , 1.35318e+06
-612002 , -1.09079e+06 , -109062
485939 , 713792 , -611895
-133269 , 1.00798e+06 , 261519
-643553 , -67578.3 , -1.3415e+06
865450 , 797994 , -758177
287727 , 1.34357e+06 , 1.27181e+06
-624052 , 1.07327e+06 , -713162
781531 , -1.73828e+06 , -1.00453e+06
-2.01269e+06 , 478545 , 154115
-1.44252e+06 , 65155.3 , -1.39081e+06
1.18426e+06 , -321336 , 589619
-1.24792e+06 , -7991.03 , 224421
-430048 , 1.16798e+06 , 1.18229e+06
-193583 , -37880.6 , -652276
1.16404e+06 , 68252.6 , -1.17269e+06
-367941 , 1.00139e+06 , 662000
485535 , 652176 , -342850
896637 , 359651 , 936607
-831469 , -427000 , -2.0423e+06
1.07138e+06 , -241063 , -1.14526e+06
890868 , 2.08097e+06 , -487507
-1.19125e+06 , -1.18239e+06 , 1.1802e+06
-368759 , -1.28313e+06 , -304750
222568 , -647700 , 1.22404e+06
-1.27078e+06 , -759380 , 1.07346e+06
-203351 , 19544.7 , -134663
700485 , 52627.8 , 320288
-452184 , -1.35252e+06 , -143681
80828.1 , -755748 , -477955
1.24501e+06 , 590172 , 126901
-1.51459e+06 , -441218 , 19515.2
44059.4 , 202645 , -762800
-1.5309e+06 , -242230 , 1.13452e+06
-590742 , -286987 , 459509
-751026 , -1.14694e+06 , 352615
929819 , 1.46006e+06 , 795763
427561 , -914337 , 1.31224e+06
-1.0186e+06 , -365369 , 530431
1.11671e+06 , -390182 , 344829
-765277 , -460919 , 700167
-1.40807e+06 , -414087 , -286482
-1.56276e+06 , -78135.1 , 207072
1.67015e+06 , 1.09203e+06 , 451685
-230635 , -583641 , 274298
-1.38611e+06 , 517888 , 1.58042e+06
-251169 , -259565 , -732053
609013 , 479638 , -156606
-205264 , -527322 , -552546
554584 , -247188 , -1.05813e+06
555728 , -624804 , 714819
-474411 , 1.13137e+06 , -1.24138e+06
-83859.3 , -578999 , -241619
1.57586e+06 , 76641.3 , 572093
715811 , -883463 , -616139
-106814 , 1.34135e+06 , 252994
-818348 , -1.32645e+06 , -734108
-375535 , 555652 , 1.18927e+06
-391550 , -1.00166e+06 , 201397
1.78383e+06 , 1.02228e+06 , 374499
-592211 , 442582 , 901590
80545.5 , -1.46166e+06 , -1.32515e+06
-444916 , 271337 , 1.19603e+06
1.49743e+06 , -281195 , -307536
169450 , -378212 , 620599
-27053.8 , -1.69561e+06 , 1.08471e+06
-366364 , -163784 , 142091
-261590 , 111717 , -1.00259e+06
503257 , -227024 , 1.14292e+06
-587444 , 1.28161e+06 , 1.08376e+06
-528863 , 287232 , 1.17283e+06
251350 , 81670.4 , -695345
-1.26647e+06 , -1.2817e+06 , -15673.3
1.10889e+06 , 96465.1 , 1.38508e+06
701155 , 677718 , 398923
1.59012e+06 , -1.16693e+06 , 446941
-1.0411e+06 , 404552 , 1.13807e+06
589601 , -1.54513e+06 , -165074
-734728 , -1.17829e+06 , -187014
1.46824e+06 , -1.20755e+06 , 1.36271e+06
-413623 , 862478 , 1.52701e+06
344111 , 2.27478e+06 , 103618
571978 , -602583 , -615409
-545476 , 368987 , 975457
-1.07202e+06 , -461911 , -392587
1.04504e+06 , -92319.1 , 802230
427035 , 1.17548e+06 , -1.02239e+06
1.31349e+06 , -65474.3 , 542666
-275693 , 677542 , 290253
751381 , 471076 , 1.28958e+06
358067 , 587815 , 373277
1.2175e+06 , -744264 , -82473
-461036 , 293676 , 928920
-248828 , 844642 , 1.52457e+06
262210 , 830899 , -1.6301e+06
1.00521e+06 , -1.1777e+06 , -275576
-1.12236e+06 , -1.1953e+06 , 297258
1.11362e+06 , -937346 , -183814
-171822 , -724288 , 1.32342e+06
8857.31 , 542726 , 1.39641e+06
-652955 , -975302 , -434600
1.21563e+06 , -292878 , 1.06811e+06
-317717 , -15143.9 , 21311.4
-1.67527e+06 , -43878.9 , 78178.4
-890714 , 522352 , 2.15795e+06
1.49297e+06 , 64222.7 , 166872
-1.43288e+06 , 413927 , 34666.8
1.50371e+06 , -351081 , 1.10227e+06
225236 , 1.00987e+06 , 259106
1.07589e+06 , -1.48808e+06 , 1.34006e+06
442177 , -1.74322e+06 , 357755
65203.4 , 234260 , 214769
-361361 , -1.0326e+06 , 520512
-627588 , -91908 , -168931
1.53268e+06 , -543491 , -689728
-1.17348e+06 , 1.46468e+06 , 217099
1.11049e+06 , 36830.7 , -336318
652975 , -593109 , 764432
-1.25653e+06 , -204330 , 539502
163897 , 104446 , 1.43202e+06
560167 , -427158 , -703926
406747 , 234013 , 2.04315e+06
909595 , 1.71553e+06 , -101461
328604 , -1.07831e+06 , 867813
748451 , 1.42848e+06 , 1.00555e+06
-783247 , -2.08282e+06 , -764200
-436202 , -1.56552e+06 , 924034
373571 , 667001 , -1.71481e+06
-415791 , -928611 , -743483
-1.3597e+06 , 1.07021e+06 , -594107
-390343 , 1.23835e+06 , 344963
594923 , 842675 , -906504
1.24585e+06 , -351157 , 385015
46259 , 264136 , 338880
-1.51398e+06 , 1.12463e+06 , 618404
-816358 , 1.352e+06 , 1.92703e+06
244817 , -229036 , -183918
-316363 , 1.74056e+06 , 741783
-939726 , 703796 , 714550
620320 , -960569 , -941094
-391947 , -733246 , 1.55325e+06
-642390 , -504650 , 479711
881428 , -1.08365e+06 , -102351
-615650 , -635643 , -524859
-32688.3 , -1.13247e+06 , 317479
1.50474e+06 , -508706 , -544163
952698 , 640216 , -578060
668566 , 703091 , -2.16736e+06
-86868.3 , 951595 , 191153
-775172 , 331764 , -181924
154407 , -970155 , 591922
-714737 , 990153 , 1.5896e+06
-1.04259e+06 , -1.26643e+06 , 108412
-789524 , 1.32338e+06 , 573179
940671 , 133529 , 2.0027e+06
-185035 , 1.97064e+06 , 511946
-1.07553e+06 , 257760 , 513060
-371255 , 156572 , -191259
-1.45816e+06 , 422268 , -1.14577e+06
-156641 , -703182 , -1.42323e+06
221276 , -648218 , 1.20009e+06
-65824.7 , 137880 , 1.03492e+06
-1.09171e+06 , 99007.4 , -1.06291e+06
-612619 , 134756 , 1.55513e+06
-425924 , -520473 , -1.29335e+06
-230555 , 1.12788e+06 , -74473.6
1.68169e+06 , 141264 , 1.0498e+06
-1.79536e+06 , -13404.5 , 60796.3
-1.22024e+06 , -466372 , 386267
-204825 , 1.25125e+06 , -633711
-990855 , 1.00714e+06 , 53701
-470016 , 650366 , -264338
442288 , -1.16956e+06 , 1.05629e+06
-475251 , 1.76073e+06 , -622789
471908 , 302422 , -1.57147e+06
503990 , -517157 , -402918
-2.184e+06 , -572516 , 228075
-61442.1 , -1.03106e+06 , -1.56523e+06
-249839 , 826940 , -441402
1.08317e+06 , -851566 , 347891
1.01995e+06 , -667484 , 646669
158597 , -932140 , 118621
1.09149e+06 , -307473 , -827035
513797 , -711309 , -240970
-1.2821e+06 , -423373 , 250725
-484770 , -796082 , 1.734e+06
-104726 , 795530 , 326058
-30508.7 , 809638 , 763212
-1.70809e+06 , -1.05448e+06 , -340979
-669236 , -794138 , 1.88966e+06
-764746 , 1.12449e+06 , 892527
-192162 , 1.20422e+06 , -161504
200405 , 689099 , 725418
-814026 , -533587 , -175273
962711 , -554273 , 544482
999989 , -348326 , 137258
253122 , -58712.9 , -1.67899e+06
-258391 , 672328 , 38486.1
-212028 , 368480 , 511665
638542 , -1.48457e+06 , 1.0347e+06
988155 , 306604 , 506856
-369449 , 63843.9 , 667603
559150 , -1.81478e+06 , 694555
1.75064e+06 , -232662 , -235339
-511102 , 407514 , 414131
1.31099e+06 , 1.16712e+06 , 445079
-1.37722e+06 , -1.04976e+06 , -389920
-69415.1 , 746350 , -1.46228e+06
-2.12554e+06 , 882500 , 797501
-895454 , 1.12229e+06 , 1.01526e+06
-38803.5 , 1.15305e+06 , 90720.6
-1.19056e+06 , -939887 , -450232
534091 , -235064 , 2.03699e+06
-324257 , -1.21676e+06 , -778234
18020.4 , 700190 , 555905
-93736.7 , -1.52783e+06 , 811914
-354152 , -906330 , 1.29029e+06
-181652 , 125185 , 632263
-1.5668e+06 , -712844 , -230899
41499.6 , 871609 , 770962
-224569 , 1.34971e+06 , -56442.4
1.30768e+06 , 900818 , 506714
-394615 , -1.33059e+06 , -553610
979753 , 156919 , -1.21517e+06
-706149 , -857412 , -305039
145798 , -677679 , 1.29363e+06
-602967 , 655002 , -1.8848e+06
914675 , 87349.5 , -336644
94908.5 , 1.39279e+06 , 511739
-457324 , 496168 , -827055
-859637 , -1.66283e+06 , 1.43902e+06
2.24053e+06 , 63608.3 , 990713
-1.63146e+06 , 387476 , -624518
-334071 , -1.63346e+06 , -240530
-743669 , -416068 , -1.2993e+06
-714138 , -750103 , -1.54759e+06
104546 , -1.05382e+06 , -906758
745166 , -473818 , 1.2672e+06
1.16672e+06 , 75660.1 , -509326
255904 , -811147 , 1.1317e+06
559747 , -1.16361e+06 , 1.02003e+06
525617 , -735075 , -341604
611640 , -158526 , 1.20069e+06
1.43194e+06 , -175868 , -617948
314085 , -358148 , 287949
151196 , -556032 , -1.04485e+06
-85885.2 , -474397 , -1.38021e+06
449370 , -561153 , 1.00436e+06
-346260 , 1.09471e+06 , -1.21239e+06
-891670 , -995486 , 1.80548e+06
-638762 , 1.69662e+06 , -460202
660990 , -118499 , -582845
-406677 , -186300 , -1.69576e+06
11615.8 , 437852 , -2.23881e+06
544643 , 968071 , 269694
-24883.7 , -1.6532e+06 , 138169
-80022.2 , 160429 , 306919
45307.4 , -1.15386e+06 , 1.17832e+06
-417690 , 297651 , 308392
-579735 , -550129 , 1.28568e+06
-384455 , -468173 , 1.95701e+06
668899 , 286725 , -12449.7
-1.51592e+06 , 429522 , 250891
-1.21156e+06 , 373084 , -1.43952e+06
-66190.1 , 722507 , 194251
1.15671e+06 , 430696 , 123931
1.54934e+06 , -477795 , -665782
-1.0632e+06 , 1.0155e+06 , 225937
179663 , -35867.4 , -54175.1
-1.21919e+06 , -900473 , 586111
-1.52252e+06 , -1.22287e+06 , 103291
1.02517e+06 , 1.31677e+06 , -264480
-228409 , 587193 , 1.59255e+06
-681930 , 691656 , 1.54311e+06
1.32416e+06 , 994660 , 548032
513931 , 272456 , -1.5376e+06
941362 , -111539 , -317022
1.28386e+06 , -358652 , -738901
647576 , -1.31648e+06 , -779290
134646 , 837916 , 493417
109100 , 1.48045e+06 , -167201
182701 , 1.53831e+06 , -639830
-1.46163e+06 , -384138 , 1.0522e+06
1.06359e+06 , -292891 , -1.15392e+06
216693 , -1.7652e+06 , 1.11224e+06
200374 , -1.01981e+06 , 1.07184e+06
257890 , 35296.8 , 458042
1.23665e+06 , -1.10684e+06 , 530441
-473552 , -682248 , 282181
-1.6366e+06 , -1.64553e+06 , 80468.3
-1.22455e+06 , -580991 , -403132
408202 , 691336 , 406893
-565408 , -296578 , 857766
899869 , 790736 , -599347
1.353e+06 , 850987 , 759526
196559 , -642539 , -548365
796177 , -337823 , 254982
-629877 , 493024 , 289146
-58608.7 , -299155 , 1.22077e+06
749289 , 2.28259e+06 , 5896.21
1.6047e+06 , -482342 , 696848
-394161 , 104619 , -496499
614151 , 1.15856e+06 , -333602
94125.6 , 1.45325e+06 , -755444
-809981 , -171175 , -780708
498725 , -1.0994e+06 , 413962
591324 , 982566 , -822393
1.27235e+06 , 8828.97 , 1.27105e+06
-669836 , -473010 , 173659
633683 , 1.62699e+06 , 162270
-544346 , 93156.7 , 867984
-511908 , -553854 , -323970
-327022 , 1.18971e+06 , 1.42029e+06
-1.77334e+06 , -1.05118e+06 , -147108
-53106.2 , -1.33834e+06 , 997113
171522 , -146628 , 1.76742e+06
-391975 , -209290 , 1.01542e+06
566727 , 1.79004e+06 , 572076
-1.73658e+06 , 890649 , 582544
-378748 , -1.17744e+06 , -1.15512e+06
65687.4 , 76991.9 , 1.10859e+06
-764477 , 229866 , 1.26521e+06
-124030 , -1.19316e+06 , 958900
438227 , -256563 , -286347
1.63513e+06 , 445061 , 542622
1.19574e+06 , -934884 , -399966
-967762 , -511343 , -231783
574324 , -1.29985e+06 , -1.34906e+06
-1.24374e+06 , 854669 , 384210
-1.22254e+06 , -312153 , 2.13546e+06
492070 , -974760 , -544614
-1.15788e+06 , 1.20468e+06 , 541633
55058.2 , -830334 , 818451
886867 , -623046 , 820853
1.81689e+06 , 1.03881e+06 , -152608
574135 , 1.81354e+06 , -304282
-147380 , -460384 , -338902
-417050 , 357527 , -1.0489e+06
-140158 , 358884 , 1.58154e+06
165297 , 231293 , 799448
1.02342e+06 , -48641.3 , 1.31764e+06
-179365 , 1.69294e+06 , -1.37549e+06
-247560 , -528388 , 697194
-796587 , 1.19742e+06 , -123207
-1.38058e+06 , -1.20968e+06 , -733209
-61307.8 , 1.41384e+06 , 789834
921378 , -486587 , -1.43236e+06
373109 , -450140 , -1.32684e+06
-215524 , -685797 , -424797
-541679 , 1.02918e+06 , 1.64695e+06
866930 , 870713 , -745719
462482 , -1.02143e+06 , -1.80966e+06
1.20309e+06 , -1.66135e+06 , 272423
1.34743e+06 , -564637 , 776207
429341 , 1.96685e+06 , 11927.2
1.02667e+06 , 201570 , 104159
-132283 , 217987 , -235842
-477580 , 278389 , -1.18387e+06
1.47194e+06 , 624563 , 820733
-41017.8 , 28188.4 , 1.30708e+06
756416 , 930345 , -1.37189e+06
-1.57304e+06 , -961227 , 269096
1.33791e+06 , -687290 , -529764
-686102 , 1.07424e+06 , -573843
-947168 , -335887 , 752361
1.19562e+06 , 780941 , -724957
692024 , -757136 , -938876
-744156 , 842160 , 770838
-903037 , 816823 , 1.29493e+06
303163 , -426720 , 432723
67443.2 , 1.64125e+06 , 112122
-1.09355e+06 , -1.00051e+06 , -1.16647e+06
-1.8284e+06 , -1.04073e+06 , 84818.9
-1.45505e+06 , -118622 , -440180
-1.36114e+06 , 1.01828e+06 , 651254
300191 , 1.70061e+06 , -825821
239835 , -1.53873e+06 , -884509
201220 , 1.34267e+06 , -1.21237e+06
-843122 , 1.37458e+06 , -439341
206270 , -655282 , 337747
790303 , -549551 , -1.41743e+06
-1.19277e+06 , 239397 , 645266
884445 , -671114 , -964785
-461541 , -954575 , 1.57058e+06
277673 , -976649 , 970948
-724632 , 563.959 , -2.16278e+06
1.01546e+06 , 1.19092e+06 , 492119
-777301 , -844742 , 917099
1.08573e+06 , -640809 , 1.20049e+06
-13171.2 , -1.25258e+06 , 1.2035e+06
-1.48596e+06 , -76255 , 1.84422e+06
967047 , -811250 , -1.08243e+06
43755.5 , -755853 , 1.12671e+06
-1.09789e+06 , 479369 , 948863
-168618 , -1.62595e+06 , 289608
-890390 , 714729 , -1.84748e+06
-487203 , -642734 , 1.03639e+06
-137612 , -802115 , 718599
887806 , -1.85736e+06 , -617021
-332848 , 931784 , -446106
1.5015e+06 , -272681 , -1.06573e+06
136019 , 706296 , 1.64929e+06
1.45864e+06 , -180422 , -561814
-1.79126e+06 , -260615 , -1.14815e+06
-479413 , -1.40662e+06 , 1.62002e+06
1.28622e+06 , 787047 , -1.46332e+06
-833864 , 1.33134e+06 , 697048
-1.13222e+06 , -828738 , -370493
603076 , 1.3409e+06 , 973191
-473166 , -305817 , 845631
-1.14796e+06 , 953974 , 893333
1.51528e+06 , 270157 , -469495
498673 , -642054 , -1.24062e+06
1.44841e+06 , -543077 , -261649
-919786 , 106257 , 918341
97618.4 , -550470 , 1.35143e+06
-955177 , 2.06641e+06 , 680608
-601379 , 1.35107e+06 , 152829
-414107 , 263662 , 1.52088e+06
-156652 , -1.01787e+06 , -423070
-341366 , 419505 , -1.42451e+06
-741336 , -729586 , -763538
1.43385e+06 , 677934 , 1.13236e+06
1.43519e+06 , -567749 , 859409
-764130 , -1.17889e+06 , -16679.2
703004 , -1.02382e+06 , 1.05043e+06
-550835 , 1.2723e+06 , -163415
1.33718e+06 , -605608 , 285480
1.32691e+06 , 763510 , -618494
-763013 , -331447 , -2.03218e+06
990892 , 1.02813e+06 , -337207
-902884 , 376603 , 531768
-1.11377e+06 , -433648 , -178947
-1.40281e+06 , 385234 , 656564
-258660 , 1.02977e+06 , 795015
750495 , -404420 , 717498
865907 , 391545 , -1.32577e+06
859930 , 593482 , 1.8761e+06
105722 , -620515 , 1.19684e+06
35221 , 307511 , 687949
837626 , -686766 , -85583.5
1.41877e+06 , 217277 , -303613
-1.53748e+06 , -282676 , -347103
465616 , 446019 , -1.2005e+06
-325152 , -1.42468e+06 , 344180
86725 , 98430.7 , 1.63431e+06
1.9572e+06 , 403285 , 540166
562687 , 1.07259e+06 , 294678
-1.61265e+06 , -351532 , 990705
1.11685e+06 , 417732 , 357334
-790450 , 10967.7 , -627228
408600 , 296641 , -1.40991e+06
-91977.6 , -100942 , -901931
1.17936e+06 , 940362 , -1.4324e+06
56135.3 , 646946 , -556694
-1.89357e+06 , -188504 , 1.09533e+06
-215116 , -381425 , -494699
-46900.6 , -1.13512e+06 , 1.68809e+06
-1.06359e+06 , -216599 , -2.21761e+06
917686 , 227853 , 909017
1.55249e+06 , -122914 , 156108
-1.21939e+06 , -693866 , 1.64737e+06
352659 , -661314 , 51786.4
-522221 , -274617 , -459479
1.09888e+06 , 486105 , 430868
-1.28787e+06 , 343136 , 805277
-177764 , -236003 , -806202
-2.18315e+06 , 290470 , -381861
672780 , -1.28636e+06 , -693114
-382315 , 23703.2 , 356063
115843 , 65038.8 , 197994
440298 , -1.41814e+06 , 75272.3
1.35924e+06 , -207653 , -1.11869e+06
-453563 , -398121 , 522431
-495300 , -562464 , 218924
295917 , -208029 , -220130
-17319 , -1.27916e+06 , -366558
831663 , 528788 , -776344
237670 , 242002 , 892417
1.07743e+06 , 586033 , -177392
-560398 , 743251 , 1.16149e+06
-626019 , 857718 , -86987.5
470723 , 1.10498e+06 , -307999
-2.18097e+06 , -841958 , 848615
-1.15001e+06 , 1.71135e+06 , 491874
1.34037e+06 , 563121 , 995732
-1.12625e+06 , 466035 , 430137
-1.20177e+06 , 1.38527e+06 , 477963
1.03452e+06 , -68119.2 , -514014
-1.71362e+06 , 1.17401e+06 , 344889
43993.5 , 89783.2 , 714817
955075 , 1.21709e+06 , -661080
1.37176e+06 , 940800 , 442657
-271078 , 1.07867e+06 , -462653
-80563.6 , 1.84826e+06 , 817449
-1.51431e+06 , 1.0001e+06 , 1.16066e+06
-347478 , -52398.6 , -1.18619e+06
3988.07 , -366989 , -1.43496e+06
247859 , -447023 , 864401
-360470 , -431320 , -689136
1.69167e+06 , -352286 , -845540
-541730 , -965086 , -89571.4
-910702 , 748839 , 359665
687865 , -604080 , 163257
121783 , -476104 , 523383
335720 , -442131 , 432699
2.03238e+06 , -270738 , -29371.6
-597113 , 468089 , -1.07977e+06
697757 , 473551 , -860376
364964 , -522406 , -1.84448e+06
-987650 , -1.48424e+06 , -457022
802761 , -274388 , -795793
-24968 , -786982 , -1.13e+06
-178172 , 55018.7 , -464486
13834.5 , 15269.5 , 1.39672e+06
-1.34965e+06 , -496117 , 97090
-846152 , 647544 , 244057
-884158 , -47581.6 , 841329
-517003 , -351685 , 785023
91199.7 , -1.08699e+06 , -677501
-18630.2 , -340824 , 1.16874e+06
454993 , 187928 , -1.92125e+06
365022 , -356339 , -676051
53837.1 , 230890 , -1.05602e+06
450214 , 616946 , -833538
-246876 , -938444 , -244462
-874599 , 594578 , 462106
1.43732e+06 , 1.19107e+06 , 165243
-688908 , -569003 , 1.05363e+06
-1.08346e+06 , 1.3366e+06 , -339298
-13729.1 , 909528 , 208482
-517493 , -102481 , -1.82966e+06
709135 , -502683 , 686743
1.08146e+06 , 231987 , 433479
-349593 , 1.15432e+06 , 1.29699e+06
-43229.1 , 1.52482e+06 , -839600
130725 , -130967 , 388492
-821851 , -482441 , 1513.79
-108112 , -207702 , 109568
-8490.89 , 405509 , 1.16017e+06
1.55348e+06 , -373102 , -1.14909e+06
-277167 , 989971 , -1.15442e+06
660415 , -1.22969e+06 , -508865
-557044 , -423986 , -1.39318e+06
-114588 , -98787.7 , 228213
171481 , -331448 , -693791
949884 , 176988 , 350634
-207492 , -2.11676e+06 , 475858
726804 , -1.30194e+06 , -1.68635e+06
798476 , 823731 , -833327
694230 , 203774 , 1.54088e+06
329292 , -724236 , -1.06835e+06
1.78819e+06 , 638724 , 165474
1.25888e+06 , -819969 , -1.07262e+06
464258 , 1.04959e+06 , 1.52529e+06
1.33105e+06 , -1.5049e+06 , -987608
-594555 , -821036 , 366492
-546358 , -569467 , -1.4197e+06
30136.6 , 754016 , 1.03619e+06
-1.55441e+06 , -575135 , 915400
144139 , 139077 , -2.00483e+06
-429925 , -1.55775e+06 , 816879
581016 , 1.57761e+06 , 676394
-520206 , 927301 , 686426
-85566.5 , 429870 , -588257
1.67942e+06 , 521089 , -432239
-636234 , -1.78597e+06 , -49003.9
-297260 , -1.92036e+06 , 818775
-663948 , -368234 , -1.49356e+06
-211777 , 384873 , 1.33332e+06
-261175 , -890739 , 47229.1
16603.8 , -988191 , -1.22672e+06
33445.8 , -1.09059e+06 , 1.63417e+06
-1.55416e+06 , 304129 , -850182
-336548 , -517392 , 573774
-1.44429e+06 , 1.59288e+06 , 1.12604e+06
1.73268e+06 , -185857 , 1.3291e+06
1.10561e+06 , -829002 , 1.00677e+06
368611 , -698258 , -943611
361481 , 668730 , -577407
-550328 , -324215 , 217541
-177991 , -1.87196e+06 , 954963
-605233 , -1.89534e+06 , 1.43824e+06
-1.32518e+06 , -861886 , 799791
1.45448e+06 , -592022 , -272311
-163611 , 1.03454e+06 , 967276
692018 , -1.55131e+06 , -626747
620958 , -1.05368e+06 , 889531
607734 , -630823 , 1.22975e+06
-1.53354e+06 , 524828 , 343673
-1.60277e+06 , -261806 , 1.21936e+06
164891 , 1.73785e+06 , 645348
242346 , -288017 , -688176
-543447 , -1.03604e+06 , -610200
69166.7 , 805681 , -483410
320111 , -905621 , 509257
-434537 , 289069 , -384847
54383.6 , -127554 , -1.02272e+06
464147 , -820134 , -1.55493e+06
540141 , 1.38072e+06 , -8469.19
360516 , 263523 , -1.20117e+06
65113.5 , -79283.2 , -571692
292509 , 483976 , 2.26099e+06
478539 , -567784 , 482412
451273 , -1.09825e+06 , -580764
1.1625e+06 , 749730 , 837050
-300598 , 1.31327e+06 , 440720
552491 , 798876 , -338727
-1.03266e+06 , 597213 , -11925.8
-1.3926e+06 , 880393 , 138894
1.03506e+06 , -627505 , -211136
348078 , -293538 , -334569
-330627 , 836246 , -143853
-244181 , 653597 , -1.47333e+06
-575275 , -506162 , -605347
-1.08484e+06 , 739865 , -132836
618927 , -789790 , -253305
318831 , -1.46627e+06 , 1.36866e+06
-709307 , -182322 , -426736
-491619 , 766617 , 120800
-359961 , -932708 , 361758
1.24823e+06 , 1.27957e+06 , -865068
-510357 , 1.34983e+06 , -637061
-249352 , -606753 , -1.68873e+06
1.42741e+06 , 386746 , -862582
-340753 , 547803 , 929947
-764265 , -250129 , 698227
863545 , 734343 , 309548
-43229.7 , 489209 , 1.68947e+06
504829 , -313584 , 783014
606923 , -419271 , 103249
105016 , 1.38796e+06 , 12562.4
800111 , -1.62318e+06 , -382925
361461 , 887939 , -605974
787182 , -1.21751e+06 , 764105
257217 , 1.19093e+06 , 929438
-764683 , 276195 , -343430
-770122 , -875111 , -515828
293410 , -103707 , 1.60869e+06
317745 , -252495 , 990028
273042 , -1.66353e+06 , 435396
553268 , -544181 , 156253
-82476.2 , -90982.2 , 329597
326189 , -273430 , -367529
894199 , 258547 , 590842
310009 , 1.0493e+06 , 747012
1.8265e+06 , 21000.4 , -292873
-636403 , 1.02973e+06 , -1.08683e+06
-69360.3 , 377602 , -40813.6
-627627 , 1.23001e+06 , -798635
1.3377e+06 , 40541.5 , -284311
-667396 , -113540 , -746285
877847 , 1.09992e+06 , -131806
-1.21459e+06 , 510278 , -365404
814874 , -773368 , 9105.06
1.50514e+06 , -139429 , -620251
259338 , -1.15778e+06 , -810702
-977709 , -129522 , -345119
1.4503e+06 , 356563 , 545506
-707494 , 498446 , -875405
1.38052e+06 , 585912 , -183912
1.35859e+06 , -414906 , 1.37399e+06
646898 , 1.28532e+06 , -242824
-976838 , -645066 , 345715
371828 , 516379 , 876643
1.80376e+06 , 302034 , -13326.5
-1.09238e+06 , 1.75484e+06 , 256640
1.01987e+06 , 288704 , 1.23241e+06
-140641 , 1.12972e+06 , -1.35648e+06
-117947 , 1.65946e+06 , -115608
-580462 , 207963 , -1.38975e+06
-116069 , -96144.6 , -474302
-23701.8 , 1.525e+06 , -943700
-1.81651e+06 , -299407 , 140826
609115 , 1.18411e+06 , -301418
1.53434e+06 , 346656 , -437067
-910426 , -431568 , 304.384
694633 , 661300 , 46672
-1.7114e+06 , 591150 , 558258
47010.2 , 1.15515e+06 , -566695
-209607 , -914300 , -288933
1.35611e+06 , 843709 , 1.027e+06
85145.9 , 514668 , 678322
-1.78728e+06 , 443854 , -625917
-870379 , -526609 , 416277
-1.99924e+06 , -206608 , 92693.3
594698 , -154518 , 1.50681e+06
557336 , 659473 , -1.26184e+06
1.59869e+06 , -34767 , 496344
-543731 , 58672.2 , 147649
-245786 , -488262 , 194592
855776 , -737078 , -67011.7
-823354 , 181767 , 1.63504e+06
-370022 , 1.34332e+06 , 743346
-738544 , 407278 , 1.17464e+06
190669 , -801489 , -27039.4
-183869 , -17029.1 , 1.19112e+06
1.49161e+06 , -524854 , 188170
-498525 , -1.62449e+06 , -916972
165880 , 986690 , -1.03344e+06
1164.4 , 1.65448e+06 , -362498
-339051 , 1.05862e+06 , 1.50023e+06
-1.13039e+06 , -1.41173e+06 , 642601
-16007.2 , -593968 , -949096
-1.12354e+06 , -886873 , 248504
1.55313e+06 , -820864 , -104654
-1.39153e+06 , -653018 , 267240
-942726 , 1.09693e+06 , -670162
607177 , 520177 , 634520
-64153.9 , 638025 , 1.28251e+06
-630812 , -195818 , -583981
423832 , -286826 , 308289
468262 , -558129 , -47964.7
-833534 , -2.50611e+06 , 469119
714326 , -1.05177e+06 , -249321
-715042 , 338004 , 1.76517e+06
-474113 , 1.50555e+06 , 25676
-368537 , 1.25454e+06 , 657884
-1.34645e+06 , 1.05509e+06 , -121910
964295 , -1.038e+06 , 8157.57
-383753 , -281785 , 9015.91
502128 , -1.09153e+06 , 729258
-1.45097e+06 , 1.62665e+06 , 496439
440841 , -663790 , 333701
-573063 , -325701 , -752863
282222 , -771933 , -1.35359e+06
-440078 , -511761 , 633046
-442601 , -409302 , 977747
820582 , 1.03027e+06 , -793413
-1.0245e+06 , -965283 , 1.15988e+06
-625363 , -2.42343e+06 , 570083
1.02909e+06 , -19715.2 , 46601.6
499558 , -879859 , -1.23197e+06
-1.51257e+06 , -810730 , -52736.2
720892 , -619383 , -229488
-239226 , -169940 , -946304
-464693 , 181246 , -413136
1.32462e+06 , -901517 , 490312
-23215 , 758264 , 461474
-689046 , -97443.4 , -1.72306e+06
668695 , 261802 , -751770
-1.88822e+06 , -646561 , 186062
1.01751e+06 , -860645 , -193930
-571970 , -1.22125e+06 , 847061
-702619 , -13211.6 , 749397
-397152 , -954082 , -390311
628921 , 1.89566e+06 , 1.20425e+06
-589676 , -219132 , -211801
-674595 , -1.05759e+06 , 359989
506640 , -1.55201e+06 , 952697
-1.24011e+06 , 1.64939e+06 , -704553
-1.34284e+06 , 184688 , 390856
1.06261e+06 , 1.16252e+06 , 806319
-1.3013e+06 , -771044 , -1.24837e+06
-1.05182e+06 , -997075 , 748687
920601 , -1.58651e+06 , 1.2107e+06
1.32089e+06 , 138773 , 818684
1.00055e+06 , 117897 , 914379
953492 , 1.2122e+06 , 2.07992e+06
774458 , -936750 , -121779
839144 , 633251 , 1.26787e+06
715943 , 1.02492e+06 , 451395
-672844 , 484093 , 1.2492e+06
405899 , 623021 , 425173
-813464 , -183148 , 788423
1.13612e+06 , 283582 , 1.96187e+06
-8649.49 , -334011 , 513080
1.71956e+06 , -637800 , -804829
1.18175e+06 , 571385 , 1.42196e+06
598122 , -838222 , -881501
-257886 , -262927 , -495325
-1.22301e+06 , -827484 , 876736
695127 , -1.85317e+06 , 216471
1.08379e+06 , -503663 , -136649
-683700 , -1.15865e+06 , -416818
-1.28358e+06 , -1.7989e+06 , -1.08693e+06
-767161 , 1.35091e+06 , -333343
-319319 , -1.58335e+06 , 135117
-533596 , 1.00811e+06 , 1.22178e+06
-155672 , -1.62672e+06 , 877415
-267145 , -37420.5 , -1.02689e+06
-627865 , -2.51409e+06 , 226258
313447 , -590266 , -802845
-759857 , -753229 , -1.58842e+06
178059 , 780328 , 1.65535e+06
780224 , -67867.9 , -650924
-364690 , 659888 , 2.12612e+06
-714629 , -1.61122e+06 , -297473
713632 , 747977 , 286765
902245 , -634007 , -549806
294158 , -1.01076e+06 , -1.69098e+06
-88548.8 , 1.58771e+06 , -321463
-799186 , 105877 , 569961
962542 , -645734 , 794768
1.09349e+06 , 1.35521e+06 , 593217
1.36649e+06 , -46222.2 , -792806
-724281 , -1.53939e+06 , 90143.3
2.34736e+06 , -174306 , -539856
-272655 , -976704 , -466027
-535601 , -435771 , -63811.4
-1.1357e+06 , -615840 , 1.25432e+06
-1.25376e+06 , 994983 , 920995
22777.3 , -518260 , 510556
-110133 , 110742 , -1.18562e+06
-1.52246e+06 , -61135.9 , 887786
-242728 , -626531 , -217564
-1.12736e+06 , 1.1229e+06 , 732769
688785 , 179574 , 745213
-216217 , -672296 , -1.3937e+06
-197328 , 220135 , -144553
971593 , -315870 , -437437
1.80999e+06 , -601689 , 179666
-1.12296e+06 , 228722 , 631541
1.88027e+06 , 84648.4 , 689231
-1.68051e+06 , -599791 , 965129
1.55379e+06 , -435535 , 555116
1.22081e+06 , -280694 , 1.0636e+06
1.20092e+06 , 779882 , 1.14836e+06
-239481 , 1.02897e+06 , 422102
-1.0913e+06 , -457575 , 1.02637e+06
1.28461e+06 , -100157 , 1.55196e+06
-974801 , 685714 , -93082.2
-554416 , -494835 , 728859
-761497 , 862381 , 2.06142e+06
430487 , -1.10437e+06 , 637253
414514 , 285897 , 1.23537e+06
415963 , -1.00708e+06 , 136823
-37146.8 , 371605 , 708771
213426 , -749175 , -1.75448e+06
131129 , 362266 , 877740
704770 , 299979 , 815586
-109135 , 886189 , -627613
-443638 , 1.53483e+06 , -333993
1.10778e+06 , 687811 , -266861
-1.17713e+06 , 943886 , 1.02892e+06
1.42423e+06 , 95193.1 , -439047
56721.2 , 757428 , -395665
-1.39202e+06 , 701458 , -135260
-825031 , 191731 , 515275
689075 , -143998 , 462846
-829152 , 1.35214e+06 , 140808
891080 , -686734 , 1.08889e+06
1.32607e+06 , -890478 , 41668.1
29016.4 , -1.16596e+06 , -1.2047e+06
874349 , -455076 , -99320.6
-1.4698e+06 , -599331 , -219264
-336137 , 1.21205e+06 , -975992
1.14975e+06 , -1.25018e+06 , 558638
-58346 , 161995 , -783905
192119 , -335367 , -678927
-34336.3 , 1.85443e+06 , 206163
-1.85753e+06 , -450228 , -729041
257936 , -679250 , -1.54212e+06
-1.27654e+06 , -175386 , -1.24664e+06
2.20042e+06 , 195387 , 1.3693e+06
1.32104e+06 , 667025 , -1.03514e+06
287045 , -322545 , -133461
-1.78957e+06 , -945044 , -749337
-1.6859e+06 , 216125 , -168159
-947175 , 653287 , -565420
1.38151e+06 , -1.16151e+06 , -389412
-84681.5 , 117352 , -1.61491e+06
1.09937e+06 , 346754 , 372845
1.77261e+06 , 66200.6 , 1.28702e+06
85520.7 , 401969 , 26372.4
69901.7 , 1.01599e+06 , 1.05673e+06
414115 , -1.66914e+06 , -1.1193e+06
-778064 , 749754 , -1.26882e+06
681109 , 960683 , -54844.2
349734 , 1.08965e+06 , 1.13458e+06
347604 , 1.30113e+06 , -346377
-512600 , -894301 , -1.54937e+06
1.26505e+06 , 477153 , 552962
777100 , 1.44317e+06 , -187383
744226 , 1.51685e+06 , 516813
-517406 , -867455 , 829550
223925 , 760658 , -1.69071e+06
959503 , -447156 , -298734
-317234 , 523719 , 384685
-891404 , 728760 , -868042
813341 , 2.65846e+06 , 42883.2
-959523 , 934493 , -13753.4
-1.05575e+06 , -183071 , 1.31718e+06
1.29761e+06 , 725099 , -423457
-187094 , -229964 , 547406
-901460 , -958481 , -312123
-664961 , -152744 , 242689
-256149 , 720109 , 1.62448e+06
-1.32447e+06 , -429474 , -928730
-815863 , -1.44749e+06 , -344649
1.5547e+06 , -486119 , 1.38987e+06
541304 , -1.16499e+06 , -709308
-443958 , -791674 , -790993
-1.11669e+06 , -1.15053e+06 , 817871
-696559 , 1.38302e+06 , -255492
-1.49184e+06 , 738414 , -974652
-279587 , -1.29355e+06 , 1.66849e+06
-300003 , 559695 , -554839
637332 , -658885 , -668745
358584 , -343042 , 1.05662e+06
-209067 , 800739 , -1.66741e+06
382816 , -125152 , 1.22246e+06
-515578 , 559421 , 36238
-197348 , -115302 , 688117
1.30572e+06 , -505935 , -1.01e+06
292311 , -799026 , -563135
-881443 , 870282 , 1.75557e+06
380934 , 579208 , 1.85167e+06
-454080 , -1.8912e+06 , -964166
-1.12149e+06 , -431305 , 1.14635e+06
600500 , 132197 , 1.55084e+06
-211915 , -259712 , 1.86601e+06
261639 , 1.2844e+06 , 548711
1.65889e+06 , 130204 , -1.22853e+06
-456188 , 117022 , -1.70392e+06
901241 , 174806 , 183992
-355885 , 115560 , -1.21025e+06
-1.31737e+06 , -144965 , -802442
1.65683e+06 , -204555 , -590617
-1.76218e+06 , 810391 , 1.14139e+06
-315114 , -1.67856e+06 , -665219
-1.81304e+06 , -250423 , -814664
-653255 , -282787 , -564172
808269 , 14438.3 , 656897
402268 , -957098 , 539412
-226142 , 398930 , 408476
1.16005e+06 , -1.16127e+06 , -163389
1.28821e+06 , 377368 , -1.74199e+06
1.29351e+06 , 782126 , -975607
-801822 , 500224 , -425991
-1.29308e+06 , -1.31892e+06 , 840700
-792701 , 291382 , -58571.7
-285653 , -1.31089e+06 , 284235
889866 , 194068 , 220809
774643 , 1.57685e+06 , -696645
-1.23343e+06 , 605900 , -712741
-199394 , -1.46195e+06 , -693006
-876715 , 137755 , -935761
-37860.3 , 1.34906e+06 , -1.2273e+06
-958703 , -942750 , 933598
1.19184e+06 , -408857 , -261755
363671 , -787634 , -500472
674176 , -1.0082e+06 , 925845
347881 , -444537 , -580946
-1.54531e+06 , -695889 , 133372
-149750 , -899271 , -831372
-265816 , 1.23559e+06 , -851634
-439427 , 119406 , -464087
152919 , 1.04034e+06 , 521917
-1.63759e+06 , -526458 , -540133
-213388 , 383527 , 1.98699e+06
-501685 , -1.51651e+06 , -1.18587e+06
444225 , -406923 , 853656
156345 , 762223 , 771875
275188 , -1.33057e+06 , -332290
380790 , -1.60562e+06 , 372677
563440 , 997990 , -753758
-172109 , -265316 , 593713
1.24593e+06 , 660346 , 1.2804e+06
1.30206e+06 , 623165 , -272068
-219059 , -831368 , -477532
-574277 , -1.11962e+06 , 1.4886e+06
-693253 , -1.15963e+06 , -325664
-957675 , 494522 , -213091
-192835 , 709284 , 1.34788e+06
-567432 , -381373 , -2.00971e+06
25532.6 , -208067 , -1.4268e+06
1.21553e+06 , 100438 , 1.60712e+06
-693110 , 796986 , -252421
-58864.2 , -194318 , -782541
534944 , -2.35816e+06 , -642850
737252 , -354507 , 738026
1.73509e+06 , 667690 , -493760
-941825 , 2.03678e+06 , 521668
-71281.4 , 295792 , 1.06219e+06
-1.90954e+06 , 1.49765e+06 , 58163.9
-140791 , -260905 , -860929
8687.33 , 2.00376e+06 , -465103
-333856 , -1.67716e+06 , 344040
-1.28991e+06 , 33482 , -498684
711785 , -943779 , 162659
96873.6 , -122862 , -730654
941450 , -1.00539e+06 , 348901
-26169.3 , 1.39058e+06 , 606877
242625 , 85079 , -1.05581e+06
153753 , 763795 , -73129.5
379233 , -838852 , 838021
-150197 , -836899 , -1.20908e+06
-786561 , 536689 , -144658
462382 , -240270 , 671731
-819955 , -678444 , -392463
19823.2 , -1.05705e+06 , -1.54237e+06
3679.89 , 275412 , 1.47117e+06
487104 , -1.14341e+06 , 21997.5
-399244 , 772239 , 219332
638929 , 1.08319e+06 , 225391
-1.54206e+06 , 1.2373e+06 , 1.40646e+06
-115876 , -908217 , -591366
-926227 , 1.21806e+06 , 507491
-638188 , 2.07363e+06 , 315529
2.06877e+06 , -493868 , -743086
246262 , 118807 , 1.22912e+06
926145 , 469239 , -1.60909e+06
828633 , -108838 , 75624.3
-421426 , 496792 , 520238
55955.2 , -265091 , -1.80684e+06
-84900.7 , 1.73754e+06 , -849486
-235684 , -735832 , -462042
-565785 , -694879 , 869900
-1.02992e+06 , -268594 , -2.18834e+06
-1.85768e+06 , 805402 , 735935
1.78036e+06 , 180246 , -890713
-241191 , -110650 , 518448
1.25115e+06 , 887120 , 453329
-275749 , -1.29624e+06 , -1.45689e+06
11038.3 , 36881.4 , 633510
1.13016e+06 , 1.04146e+06 , 1.43991e+06
-855910 , -370502 , -844205
849106 , -790249 , -669277
1.24751e+06 , -981285 , 548013
759777 , -1.24539e+06 , -3333.76
-1.1513e+06 , -596666 , -1.4998e+06
604087 , -856690 , 148076
-273687 , -305287 , -89400.3
-305942 , -784053 , 496309
-704904 , -1.2672e+06 , -661006
-162391 , -1.15396e+06 , -454673
-1.26992e+06 , 195758 , -648866
-30860.9 , -1.31774e+06 , 836684
-252812 , 946597 , -62530
494173 , 90151.5 , -441432
-815284 , 199317 , -563398
-358069 , -179983 , 276323
-1.02846e+06 , 1.28072e+06 , -1.16053e+06
-1.13383e+06 , 426019 , 1.0245e+06
-527801 , 978150 , -262434
119028 , -104224 , 201684
-115700 , -125450 , 164700
517702 , 1.70625e+06 , -586215
646974 , -1.05516e+06 , -187827
21598 , -251530 , 1.18467e+06
1.63869e+06 , 935512 , -58072
9085.02 , -871564 , -253967
857151 , 485031 , 12685
-350864 , 1.60952e+06 , 303210
1.654e+06 , 1.46488e+06 , -521372
-968264 , 599743 , -1.50686e+06
-684682 , 562636 , 384553
-1.20517e+06 , 1.33486e+06 , 115472
-1.49004e+06 , 1.22417e+06 , 135675
440955 , -1.02065e+06 , 1.28148e+06
-363142 , -956851 , -1.46411e+06
1.28836e+06 , 367958 , -300314
-938115 , 896611 , -338165
837243 , -346437 , 140895
911728 , 1.1887e+06 , -281520
-154029 , 259122 , 1.15533e+06
-53594.5 , -1.13513e+06 , -792465
-259099 , 789823 , 1.44498e+06
-238389 , -1.71478e+06 , 431134
-750545 , -1.27731e+06 , 242016
744485 , -578804 , 523192
955211 , -1.38505e+06 , 1.46595e+06
-1.49544e+06 , 1.03217e+06 , 601726
781655 , -17055.8 , 316165
-996605 , -1.4255e+06 , -920378
437671 , 1.26801e+06 , -776232
-1.74184e+06 , -1.34867e+06 , 726820
779293 , 1.5049e+06 , 156786
656259 , 1.21004e+06 , 854344
-1.08025e+06 , 69115.5 , -452385
784743 , 1.13148e+06 , -1.18167e+06
261249 , -1.67794e+06 , -855926
-114557 , -1.60435e+06 , -755777
-346577 , -629540 , 288016
1.4106e+06 , 187305 , -80685.7
2.12449e+06 , 1.40592e+06 , -140369
1.15967e+06 , -156669 , 166626
-41177.3 , -831056 , 629083
-705635 , 409891 , 1.95792e+06
-615066 , 1.21408e+06 , -102459
-859856 , 371595 , 1.36187e+06
6343.97 , -743864 , 948338
43720.2 , -1.58473e+06 , -464993
-263678 , -512124 , -277632
-961898 , -797926 , 475404
586970 , -450076 , 503973
925175 , 477319 , 597302
1.1278e+06 , -1.24622e+06 , -55807.8
-1.00597e+06 , 366835 , -151982
660819 , 715867 , -1.64458e+06
-573382 , 2.25922e+06 , 194512
545038 , 1.32153e+06 , -637474
961778 , 278960 , -827065
2.25204e+06 , 626064 , -366873
531812 , 543107 , 1.3571e+06
-984396 , 406568 , -772612
-833830 , 6608.51 , 409145
-1.12518e+06 , -338458 , -674063
-479562 , 209443 , 681419
300842 , -74140.5 , 231005
-999726 , 408178 , 1.76683e+06
-98110.1 , -475730 , -81789.3
113704 , -52608.9 , 550505
623405 , 351054 , -1.07443e+06
856983 , 450696 , 251989
511680 , -827436 , 981172
-266624 , -853564 , -1.4423e+06
-494578 , 974276 , 278951
-1.16109e+06 , -471896 , -928421
1.12453e+06 , -169366 , -758909
-898258 , 1.31443e+06 , 884748
-816407 , -656888 , 902614
-1.1448e+06 , -124227 , -310330
223099 , 1.64556e+06 , -240829
1.67354e+06 , 1.80065e+06 , -428226
238642 , 774437 , 679157
1.373e+06 , -234165 , -759022
90286.2 , -257115 , 1.79204e+06
669916 , 115342 , 1.47311e+06
227888 , -1.26243e+06 , -278666
-456715 , -1.3986e+06 , 189799
-1.10881e+06 , 120157 , -758113
159759 , 846906 , 326385
-459645 , -822036 , 548793
741040 , 578412 , -866988
-1.22838e+06 , 424800 , 1.01491e+06
-1.4778e+06 , 1.07319e+06 , 264752
1.04469e+06 , 1.95308e+06 , 1.30047e+06
621016 , 1.01713e+06 , -583199
60600 , 245698 , 1.56883e+06
507068 , 1.90138e+06 , 7668.99
-1.09728e+06 , 755400 , -615795
-65806 , 139728 , -1.14198e+06
1.37407e+06 , 1.02712e+06 , 98775.3
925779 , -309797 , 1.054e+06
-1.42166e+06 , -845857 , 1.68165e+06
855033 , 1.51107e+06 , 1.20883e+06
-589283 , -1.05669e+06 , -551931
1.01351e+06 , 401538 , -630888
-509348 , -53773.1 , -112082
-324114 , 1.30837e+06 , -257818
-906991 , 1.48495e+06 , 616316
-13844.3 , -372687 , -1.94392e+06
450480 , 532887 , 826636
1.47052e+06 , 530039 , -396394
352737 , -2832.52 , -26070
-90948.9 , 750291 , 218310
680558 , 427029 , 1.21869e+06
-791153 , 1.01758e+06 , -961519
539046 , 310192 , 1.13592e+06
877592 , 631012 , 1.19018e+06
1.43892e+06 , -308885 , 1.71248e+06
1.22031e+06 , 781214 , -825283
-423199 , 43051.8 , -2.091e+06
-453664 , -1.1334e+06 , -917082
-1.49267e+06 , 848501 , 65386.1
-2.06028e+06 , 365199 , 906436
120338 , -1.05969e+06 , -983125
321343 , -1.04227e+06 , 441769
202265 , -197635 , 324544
-369207 , 288108 , -1.02059e+06
1.49025e+06 , -243727 , 336223
-384633 , 1.18172e+06 , 304264
-510633 , -1.31451e+06 , -165297
-94492.3 , -1.28415e+06 , -1.03765e+06
86229.8 , 548101 , -1.19483e+06
541137 , -1.41692e+06 , -230601
-951038 , 766390 , 1.15049e+06
-605561 , -1.10864e+06 , 390267
344133 , 14028.1 , 843115
305986 , -307042 , 519847
-1.95604e+06 , -86999.8 , -675222
1.24438e+06 , -809007 , -691258
-523087 , 1.06471e+06 , -332105
-866893 , -1.47758e+06 , 395301
6352.18 , -741927 , 1.85826e+06
-600501 , -656671 , 541369
-468978 , -1.40142e+06 , -13695.4
-351709 , 506087 , 2.34362e+06
-1.07338e+06 , -1.62579e+06 , 940159
-787183 , 511096 , 1.87639e+06
-630218 , 1.21963e+06 , -204621
482511 , -930621 , 586553
-7765.25 , -808885 , 22937.2
-341367 , -970182 , 981968
-1.34086e+06 , -543654 , 99128
1.30162e+06 , -1.27467e+06 , 797705
-1.08486e+06 , -840117 , 1.3403e+06
326941 , 661617 , 956412
1.97864e+06 , 231300 , -909722
-314351 , -392332 , 812784
-776197 , 1.28017e+06 , -48626.4
-247707 , -898505 , 339779
179925 , 281594 , -367482
-789455 , 605940 , 614493
-412668 , -130551 , -1.41369e+06
1.83989e+06 , -808608 , -137076
482867 , -2.54754e+06 , 514123
-1.08305e+06 , -1.22214e+06 , -205323
586022 , -1.70826e+06 , -171423
-1.17159e+06 , 820093 , 151891
-364238 , 423358 , 694052
1.75518e+06 , -992053 , 1.07255e+06
54039.5 , 237911 , -424841
89288.3 , -914518 , 515656
-933310 , 1.11415e+06 , -1.06847e+06
-239138 , 49034.7 , -1.08903e+06
2.06864e+06 , 734231 , -324233
-1.59142e+06 , 219528 , 404355
-264462 , 1.59286e+06 , 283805
1.74135e+06 , 1.05759e+06 , 782674
-24660.6 , 1.63191e+06 , -1.17204e+06
-400596 , 1.44026e+06 , -1.49591e+06
2877.31 , 1.43065e+06 , 591730
-802143 , 637690 , 504373
1.01675e+06 , -144276 , -1.313e+06
-1.42832e+06 , 158450 , -994474
-1.2083e+06 , 472735 , 185129
-140260 , 1.9457e+06 , -15113.3
-434399 , 961277 , -693602
-458962 , -14916.3 , -948319
137620 , 23702.5 , -307045
-285170 , -1.0433e+06 , 871419
-1.53317e+06 , -400717 , 795025
-325596 , -2.12688e+06 , 684136
1.50708e+06 , 650206 , -339622
135403 , -475437 , -685528
-490552 , -194565 , 214315
736485 , 342175 , -600588
-1.67e+06 , 798753 , -344267
1.0188e+06 , 1.47241e+06 , 1.05858e+06
-879602 , -119724 , 229949
297485 , 969411 , 1.03515e+06
-1.99749e+06 , 8500.84 , 752706
-39982.5 , -1.06961e+06 , 1.15252e+06
-796378 , 1.53042e+06 , 299216
-358214 , -552732 , -262744
711831 , -154753 , 279109
-751855 , 263535 , -309466
-1.46945e+06 , 568240 , 465995
379164 , 737782 , 514566
-135315 , -254439 , -1.16952e+06
795085 , 1.07985e+06 , -542750
411981 , 556666 , -971729
-1.67325e+06 , -305993 , -531396
-89334.2 , -94060.4 , 886692
-1.13298e+06 , -694371 , 571580
-226365 , 927239 , -1.23871e+06
-1.90145e+06 , 1.06514e+06 , 573074
-979232 , 585807 , -458225
-95269.9 , 217159 , -396453
63703.2 , 734502 , -837466
-60617 , -993633 , 1.11996e+06
-322579 , -572333 , -1.40572e+06
480271 , -914981 , -1.03089e+06
689464 , -616668 , 146313
-55670 , 708887 , -174942
-250906 , -492737 , 370274
607868 , -300070 , 80228
-923963 , -190478 , 937311
122787 , 412124 , 1.01004e+06
1.86279e+06 , -1.17164e+06 , -821492
-1.96189e+06 , 15585.3 , -529587
-1.73788e+06 , -1.43155e+06 , 463926
211308 , 559760 , 2.14907e+06
-1.28894e+06 , -575934 , -295331
56555.8 , 288912 , 413518
367765 , -1.49682e+06 , 3085.95
1.16315e+06 , -135399 , 1.15489e+06
-937782 , 1.53335e+06 , -244501
393286 , -1.3789e+06 , 966268
1.05542e+06 , 602248 , 919373
1.22372e+06 , 1.47591e+06 , 52164.4
1.08377e+06 , 985153 , 585053
-139334 , -1.54145e+06 , -573908
1.57536e+06 , -1.8608e+06 , 32849.3
-189955 , 1.00382e+06 , 1.42782e+06
-556406 , 944347 , 570969
629381 , -401000 , 2.44264e+06
186562 , 1.20601e+06 , 225617
-372065 , 912198 , 415506
-601502 , 756413 , 39156.9
1.09875e+06 , -839700 , -436038
944541 , -550429 , 467959
492975 , -403965 , -1.5638e+06
-204271 , 995175 , -1.95656e+06
-536544 , -628158 , -28326.1
-46711.6 , 1.44931e+06 , -1.15285e+06
-132455 , 1.07747e+06 , 75515.5
-801263 , -788501 , -718715
-227817 , 577976 , -259620
599679 , 692042 , -1.79649e+06
-11086.8 , -1.56094e+06 , 236936
995771 , 1.44494e+06 , 1.15493e+06
-489926 , -90774.7 , 2.21831e+06
-231549 , 1.11972e+06 , -998855
-1.02336e+06 , 827053 , -484096
136091 , 234469 , 1.59429e+06
-943520 , -63414.8 , 828292
1.27378e+06 , -328538 , -599053
-299857 , 983271 , -1.1059e+06
-630392 , 254423 , -775020
-1.30039e+06 , -760504 , -624747
-1.26131e+06 , -1.82012e+06 , 1.11769e+06
579796 , 515048 , -388706
942136 , -4674.7 , -161079
-1.22133e+06 , 743950 , -138441
-163461 , 1.6133e+06 , 1.17072e+06
-1.13525e+06 , -482990 , -840761
-506703 , -693730 , 939836
530509 , 332866 , 477687
282484 , -903948 , 1.61601e+06
-735543 , -1.06017e+06 , 1.24291e+06
370074 , 1.35915e+06 , -687183
-516672 , 754760 , 490014
707164 , 1.16217e+06 , 941532
-154960 , -1.34838e+06 , 1.0121e+06
957572 , 979170 , -149380
668584 , 1.2852e+06 , 647793
-289486 , -1.42296e+06 , -309323
-942241 , 540572 , 853177
-1.87781e+06 , -201626 , 1.47856e+06
-524647 , 85473.8 , 655004
-237281 , -1.41805e+06 , 118591
745609 , 421201 , 285062
-849212 , -732460 , 1.27909e+06
260671 , -1.48058e+06 , -900865
1.46947e+06 , 616610 , -666385
-968658 , 706110 , 782863
-817734 , 750001 , 973082
-834533 , -901255 , -1.92753e+06
-85663.9 , 324290 , -1.23383e+06
870857 , 886447 , -641596
152914 , 1.17874e+06 , 214335
592715 , -796270 , -1.23156e+06
-522511 , 1.53909e+06 , 810305
990310 , 963077 , 542495
-540910 , -282112 , -876475
-1.53521e+06 , 413671 , -996960
-673464 , 170644 , -512898
894392 , 130093 , -331352
384003 , 354480 , 1.13047e+06
782777 , 1.98188e+06 , 668072
-176260 , 310202 , -1.44789e+06
-413433 , -301321 , -1.23067e+06
562454 , -941204 , 1.46681e+06
154065 , -179121 , 2.1008e+06
-1.1553e+06 , -71488.2 , 555868
-670544 , 1.13022e+06 , -2.01561e+06
551051 , 1.34035e+06 , -752775
-1.73879e+06 , 1.4446e+06 , -518287
-783428 , 2.03095e+06 , 912994
444995 , -1.34054e+06 , -1.08933e+06
302469 , -628291 , 296627
1.26521e+06 , -729278 , 760394
-1.03214e+06 , 151599 , 169531
257353 , -185434 , -482187
-109405 , -1.11068e+06 , 555703
-998283 , -1.06626e+06 , 1.68867e+06
905849 , -1.34064e+06 , 576372
-1.59782e+06 , 216808 , 103782
298360 , 717956 , 640431
-557475 , -783084 , -654863
450333 , 1.4568e+06 , 1.02377e+06
1.02621e+06 , 491595 , -308398
-727794 , -1.23278e+06 , -552358
-715542 , -489086 , -1.78558e+06
741403 , 632621 , 890993
556789 , -932999 , -117454
1.03797e+06 , -325391 , -344020
-942364 , -702138 , 1.21286e+06
-585810 , -970059 , -33028.9
1.32529e+06 , 509266 , -938301
426523 , 693634 , -1.14877e+06
2.08746e+06 , -677868 , -98384.4
-1.22481e+06 , 1.26714e+06 , 127905
336678 , 1.46313e+06 , -83597.1
-1.14322e+06 , 24710.9 , 284486
1.09102e+06 , -936953 , 1.29845e+06
1.21192e+06 , -614273 , -906089
-610057 , -465364 , 2.0799e+06
-412247 , 963268 , -278695
-888708 , -125104 , 1.54445e+06
360521 , 445541 , 15231.1
-217212 , -1.22657e+06 , 1.82451e+06
1.68144e+06 , -1.23815e+06 , 28007.9
-204129 , -463585 , 1.57051e+06
883082 , -315929 , -772295
-439706 , -870815 , -32003.4
904780 , 525591 , -592793
-414284 , 586493 , -245109
-73678.2 , 501814 , 2.00413e+06
413155 , -776701 , -1.16829e+06
773883 , 948498 , 855611
134521 , -2.33262e+06 , 49281
741285 , -53394.4 , -15351.2
-979350 , -446559 , 606094
660404 , 434055 , 232564
277510 , -1.76379e+06 , 878209
963522 , -1.47686e+06 , 1.57357e+06
1.15894e+06 , 553087 , -398583
684691 , 1.55512e+06 , -503653
12028.1 , 1.09563e+06 , 91631.5
986279 , -676459 , 1.93117e+06
-1.48282e+06 , -488540 , 1.69883e+06
-1.42084e+06 , 578105 , 816757
-782753 , 469682 , 1.31275e+06
1.5483e+06 , -113677 , -832120
-468269 , -289020 , -1.66385e+06
817143 , 381142 , 1.21275e+06
577052 , 1.11302e+06 , -78110.2
-18605.7 , -522723 , 510260
1.7944e+06 , -892071 , -1.29013e+06
-1.34797e+06 , -248386 , 10788.1
-38466.9 , 19219.8 , -345147
1.33254e+06 , 223106 , 553375
860176 , -521866 , -75949.1
49430.9 , 586338 , 1.93099e+06
-198455 , 113059 , 538250
-927987 , 1.19195e+06 , -1.3705e+06
-1.35542e+06 , 29049.9 , -1.25684e+06
54535.3 , 43580.2 , -697414
350716 , 751354 , -550068
572534 , -1.54088e+06 , -771586
605491 , -220226 , 1.29025e+06
-273611 , -255396 , -1.31226e+06
-1.06572e+06 , 1.06052e+06 , 60712.3
619822 , -1.14059e+06 , -1.28403e+06
-1.64924e+06 , -769779 , 246590
597297 , 280957 , 1.39155e+06
-378833 , -544294 , 967937
228075 , 1.24782e+06 , 1.22085e+06
-1.2509e+06 , -317203 , 1.40133e+06
1.1177e+06 , 322517 , 1.38595e+06
-771182 , -201394 , 431068
-1.50169e+06 , 438147 , 509362
229981 , -589316 , 1.10175e+06
731983 , 338282 , 513084
1.00452e+06 , 239282 , -868168
58492.3 , 1.73424e+06 , 1.08812e+06
632263 , -259680 , 74756.2
-1.38473e+06 , 15458.2 , 746105
1.72588e+06 , 1.06445e+06 , -451326
962713 , -624919 , 768124
1.54373e+06 , -968560 , -1.15489e+06
-260486 , -930659 , -1.3511e+06
-72502.7 , -1.05019e+06 , 606898
-1.85678e+06 , 154208 , -128071
-1.69291e+06 , -1.10165e+06 , 1.15474e+06
-508703 , 1.10568e+06 , -886177
412877 , 1.28554e+06 , 543577
-1.52497e+06 , -836335 , 834377
-93139.7 , 842306 , 456926
422104 , 837290 , 1.57433e+06
348720 , -98415 , -68835.8
-775547 , 1.38635e+06 , -1.00752e+06
-315012 , 614291 , -1.23265e+06
178186 , 1.126e+06 , -1.13578e+06
-1.1623e+06 , 39019 , -1.13382e+06
-233855 , 211041 , -1.25192e+06
-991515 , -676680 , -84764.8
-1.24382e+06 , -663935 , -780.202
595001 , 777953 , -262964
-429905 , -48040.3 , -4683.73
340232 , 1.01995e+06 , -312999
482187 , -1.88079e+06 , -695131
-349397 , 1.5974e+06 , -706841
85310 , -998206 , -728200
1.76387e+06 , -387256 , -117945
-1.34148e+06 , 869136 , 710742
672245 , 455636 , 1.72545e+06
-498227 , -1.21753e+06 , 921549
303937 , -508937 , -998993
554477 , -1.02469e+06 , 1.82132e+06
310046 , -110207 , 2.29245e+06
1.05997e+06 , -1.63658e+06 , 171387
2.39628e+06 , 729791 , -1.08321e+06
-459096 , -193539 , -888318
-644605 , -396801 , 661641
278147 , -1.18409e+06 , -28669.2
-229362 , -123629 , 513766
-2.30404e+06 , -255975 , -588177
-735411 , -1.3076e+06 , -1.19232e+06
-2.28877e+06 , 9867.4 , 314923
545890 , -1.19011e+06 , -254293
-1.19607e+06 , -77716.8 , -342136
-942595 , -432419 , 1.85084e+06
-68684.6 , 647866 , -1.26945e+06
-1.38589e+06 , 1.16806e+06 , -109593
-1.18703e+06 , 862619 , -908017
1.50956e+06 , -591339 , -239146
-430374 , 998169 , 200131
-275424 , -407111 , 818799
-107815 , 1.72835e+06 , -596667
-270996 , 825052 , -129773
139563 , 1.27e+06 , 1.39045e+06
-137481 , 168820 , -504872
-1.25426e+06 , 160739 , 849819
8217.93 , 1.33223e+06 , 565076
696922 , 647615 , -468744
1.24097e+06 , -280344 , -1.21134e+06
-1.18571e+06 , -244743 , -943944
605832 , -92540.9 , 788795
860902 , 54822.9 , -346091
-557324 , 1.13591e+06 , 637987
-1.74713e+06 , -385942 , -686720
-428453 , 328580 , 1.02528e+06
882225 , 678824 , -480292
773573 , 695655 , 334059
583706 , 1.13373e+06 , 1.64087e+06
1.10428e+06 , -508777 , 521848
823134 , -57202.4 , -1.84676e+06
-908510 , -737037 , -799454
947790 , 22188.9 , -536130
879931 , 562197 , 271337
-235318 , 292084 , 850241
-1.68249e+06 , -242676 , -1.2846e+06
-1.61941e+06 , 745164 , 167986
275999 , 1.16032e+06 , 1.42389e+06
1.53542e+06 , 1.27795e+06 , 30465.8
87244.5 , -1.20902e+06 , -1.4471e+06
437098 , -1.00584e+06 , 66160.6
-498256 , 380880 , -1.4252e+06
1.21377e+06 , -922330 , -284852
-1.16743e+06 , -347344 , -780713
-312196 , 526195 , 483767
-1.55636e+06 , -58237.7 , 659391
774996 , 422365 , 1.31601e+06
-7091.89 , -1.63078e+06 , -648266
-512219 , -145550 , 1.09035e+06
37452.1 , -368203 , -1.00478e+06
-746597 , 1.41654e+06 , -627644
-1.3726e+06 , 343233 , -541648
483800 , 1.08847e+06 , 608900
83299.5 , 522959 , -328711
1.75156e+06 , 589425 , 1.67898e+06
-431507 , 248356 , 1.2118e+06
1.58003e+06 , 662895 , -66743.1
743078 , 659383 , 1.76996e+06
-845570 , 73333.2 , 1.49371e+06
694994 , 1.03434e+06 , 109395
-675999 , -231686 , 972786
-132087 , -1.46518e+06 , -540887
737619 , 1.65582e+06 , -465420
1.57203e+06 , -237130 , 552322
32134.1 , 198932 , 602647
-172787 , 1.05415e+06 , -1.11928e+06
46747.6 , 11761.5 , 1.08804e+06
-491417 , -946129 , 281007
311185 , -38137.5 , 1.69416e+06
-193728 , 1.48199e+06 , 921561
-644331 , -1.42067e+06 , 1.0007e+06
61026.7 , -468712 , 1.66993e+06
208075 , -299705 , -1.17238e+06
-1.42382e+06 , -707572 , 1.6369e+06
449424 , 37816.1 , -2.25827e+06
-916438 , 395141 , 1.46456e+06
623453 , 237325 , 1.79128e+06
-55433.5 , 748235 , 279987
103047 , 895416 , -265955
962879 , -284853 , -1.62239e+06
1.63138e+06 , 428818 , -1.38516e+06
-804287 , -522550 , -243349
-73535.7 , 94899.2 , -412742
-549292 , 751114 , 706286
54805.9 , -1.01159e+06 , 2.06504e+06
7440.46 , -858533 , -1.24678e+06
152099 , -1.08403e+06 , 463832
-795972 , -1.61247e+06 , -932729
-766758 , -1.38849e+06 , -856553
-893350 , 87661 , 1.64921e+06
310014 , 494518 , 181144
-343910 , -134974 , -699452
-969693 , -562095 , 1.52119e+06
712476 , -671716 , -1.04632e+06
-499114 , -750516 , 1.23953e+06
-993914 , -119660 , 261452
377512 , -1.0514e+06 , 1.47806e+06
-1.09249e+06 , -1.05661e+06 , 128879
-227031 , -424460 , 2.00234e+06
1.95169e+06 , -243013 , 1.27306e+06
1.67856e+06 , 911129 , 185116
434633 , 584315 , 1.01226e+06
878088 , -986611 , 1.22048e+06
-1.05523e+06 , 424157 , 817302
697335 , 213508 , 1.20326e+06
414535 , 906055 , -1.11869e+06
1.2161e+06 , 499202 , 165110
-638590 , -1.52964e+06 , -175908
-224985 , 432129 , 181036
-714624 , -298966 , 803092
1.02464e+06 , -1.07107e+06 , 618607
-626212 , -373900 , -2.12638e+06
-1.39283e+06 , -219458 , -549439
-14736.4 , 344598 , 397769
-116227 , -1.10594e+06 , -536310
1.60223e+06 , 72953.6 , -893048
82916.9 , -3578.51 , -1.60477e+06
-238613 , -374214 , -1.55744e+06
-793872 , -455518 , 552857
-1.42248e+06 , -1.08487e+06 , 403126
-554404 , 1.10909e+06 , 814726
162348 , -1.68129e+06 , -175254
422456 , 1.03525e+06 , 843869
-1.74585e+06 , -665916 , 797762
381307 , 653264 , -186388
888559 , 1.27378e+06 , 1.00149e+06
718534 , 813492 , 918609
308868 , -308989 , -1.13853e+06
698939 , -1.15402e+06 , 621536
1.69515e+06 , 618196 , -977810
-1.38332e+06 , 1.16371e+06 , 1.22103e+06
-465609 , 1.07996e+06 , -874533
1.56727e+06 , 112339 , -724529
-947448 , -1.15688e+06 , -335225
1.28437e+06 , -221606 , 422594
-971735 , -59390.2 , -1.04073e+06
1.07595e+06 , -354490 , 1.02886e+06
-525047 , -1.40755e+06 , 532834
-533759 , -196947 , 730798
-1.2835e+06 , -55318.7 , -71022.8
182372 , 1.31208e+06 , 1.39394e+06
-321064 , -520447 , -5463.22
923637 , -551975 , -332678
-609045 , -290861 , -971095
-999069 , -2.14126e+06 , 452513
838969 , 1.60552e+06 , -733655
-127192 , 1.42532e+06 , 1.28094e+06
-733299 , -1.14975e+06 , 1.215e+06
207281 , -146109 , 1.4911e+06
1.50265e+06 , 659363 , 870415
-1.7776e+06 , -250424 , 1.18919e+06
36316.7 , 435034 , 1.41414e+06
358132 , -1.21336e+06 , -243113
1.41551e+06 , -228849 , 115258
1.11784e+06 , -666679 , -717529
213833 , -543665 , 734392
170183 , -206596 , 65715.2
-900018 , -239127 , -914610
-1.25107e+06 , -568664 , 1.43544e+06
356463 , 1.72967e+06 , 651793
595400 , 481858 , 592145
346929 , 1.05946e+06 , -42817.9
-870561 , 492814 , 557053
-283059 , -852032 , -890902
689523 , -989188 , 921190
-298210 , -74241.1 , -1.26294e+06
-533763 , -432440 , 899471
-333973 , 1.40556e+06 , -1.26921e+06
656074 , -92279.6 , 639903
-1.24794e+06 , -920106 , 68876.1
697798 , -888608 , 203464
-259736 , 223305 , -631163
-1.02515e+06 , 755756 , -778930
-393308 , 843813 , -574536
-1.69331e+06 , 405371 , 857331
154618 , 272599 , -1.51271e+06
-809995 , 848062 , -618610
140997 , 983415 , 1.7243e+06
-347532 , -246696 , 599532
-384006 , 581505 , -1.94791e+06
-721268 , -30279.5 , 819871
608564 , -749099 , 876034
-1.67676e+06 , 763757 , 369084
-186706 , -36119.3 , 746769
662543 , -977132 , -1.81971e+06
-404481 , -1.45592e+06 , 272858
774898 , 224410 , 563226
-33000.1 , 1.36788e+06 , 38008.4
491117 , 947137 , 1.20743e+06
421975 , 1.7222e+06 , -1.44655e+06
1.15899e+06 , 57092.1 , 49326
169393 , -752344 , 1.49208e+06
-551691 , 1.11505e+06 , 476674
-350659 , -1.77578e+06 , -450489
-1.21483e+06 , -887790 , 573365
64994.9 , -857719 , 764921
-447545 , -1.0013e+06 , -220468
-257963 , -849138 , -561323
207430 , -1.4661e+06 , 706489
-877262 , 74441.5 , 212527
-1.77768e+06 , -547228 , -694211
37748 , -181099 , 196373
-225355 , -764950 , -188228
393858 , -476372 , -1.20596e+06
874133 , 348513 , -1.34522e+06
571510 , 296850 , -793596
363755 , -153004 , 1.11814e+06
-252788 , -119332 , 255641
1.45476e+06 , 249867 , -1.05197e+06
126386 , -1.21998e+06 , -1.20386e+06
-228164 , 1.32034e+06 , -1.49659e+06
546232 , 2.02383e+06 , 257515
-255920 , 705677 , -1.20836e+06
478739 , -416279 , -1.07966e+06
70305.9 , -98310 , -1.26877e+06
-593161 , -37970.8 , 1.19543e+06
-936321 , -1.59978e+06 , -122285
-22533 , -148623 , -671758
-1.4587e+06 , 1.73568e+06 , 244309
-785120 , -858896 , 1.30658e+06
25520.6 , -331868 , -861339
-641781 , -311042 , 1.61949e+06
-780365 , 678245 , -774290
-390155 , -1.09755e+06 , 531743
-662298 , -1.12402e+06 , -579437
196733 , -236343 , 988463
324146 , -292562 , 1.17718e+06
157299 , 321226 , -210566
16685.6 , -72888.6 , 719114
334098 , 1.30139e+06 , -159890
273037 , -1.44904e+06 , 228981
401838 , -496017 , -284556
535565 , 83879 , -603690
808260 , 473333 , -1.09405e+06
-1.21163e+06 , 142569 , -994441
-71168.9 , 1.81872e+06 , 67022.9
1.35352e+06 , -319902 , -768278
-374484 , -344224 , 1.51311e+06
244031 , 471269 , 954206
-2.07461e+06 , -1.46934e+06 , -643813
-854972 , -54108.3 , 1.49251e+06
-1.69612e+06 , 926149 , 548585
92647.6 , 935052 , -408704
1.09747e+06 , -501114 , 338944
993996 , -481827 , -554341
-349910 , 1.17069e+06 , 245196
-185708 , -365863 , -1.57517e+06
665497 , 474922 , -1.42663e+06
-1.33659e+06 , 361824 , 515432
406526 , 1.83455e+06 , -535361
-913514 , 683172 , 589662
-809721 , -1.60665e+06 , 612746
-120850 , 599337 , -689692
313331 , 856446 , 41640.7
82882.5 , 182047 , 780918
-707272 , -972321 , -515290
498356 , 569512 , -282892
-1.93443e+06 , -1.00515e+06 , -98966.8
671454 , -1.31168e+06 , 287875
630985 , -1.31792e+06 , 306325
184896 , -650066 , 380626
-717625 , 979285 , 629424
1.48792e+06 , 428789 , -719258
-878083 , -734045 , -907181
526303 , 869185 , -1.6638e+06
-130968 , 1.11203e+06 , -1.47607e+06
-801801 , -328790 , 731919
-698241 , 232939 , 843006
-631180 , 262287 , 938188
259913 , -582661 , 433769
48285.2 , -1.06505e+06 , 128239
-557136 , -170197 , -143044
350449 , 162000 , 2.18101e+06
1.41431e+06 , -1.84421e+06 , -1.02201e+06
249143 , -1.49819e+06 , 755134
314076 , 539179 , 10359.3
-1.18153e+06 , 697163 , -54174
-959337 , 439776 , 318030
-686476 , -299675 , 1.06382e+06
765131 , 652990 , -769510
-1.1928e+06 , 334496 , -527476
-133037 , -1.62813e+06 , -458097
-1.43928e+06 , 447631 , -1.00824e+06
332407 , 466719 , -200757
-1.19067e+06 , -559384 , 1.71683e+06
1.44867e+06 , -1.57251e+06 , -406018
-878748 , 412549 , -748053
1.02239e+06 , -1.30652e+06 , 431983
1.73509e+06 , -39718.4 , 843423
864051 , -1.77068e+06 , -1.24723e+06
228443 , 1.14471e+06 , 371653
-811619 , 789023 , 1.70866e+06
879556 , 393866 , 1.50136e+06
596649 , -302262 , -1.19059e+06
2.27857e+06 , -178187 , 1.00902e+06
838893 , 609256 , 727655
-126968 , -172829 , -454595
638145 , -540456 , -1.20381e+06
-588096 , 2.05659e+06 , -322204
-160760 , 393124 , -42945
-1.66828e+06 , -663961 , 825957
-1.809e+06 , -395054 , 583677
237879 , -1.47911e+06 , 1.33816e+06
-1.03067e+06 , -673611 , -1.17535e+06
704777 , -23158.7 , -614268
1.52934e+06 , 1.46817e+06 , -813161
1.0291e+06 , 698100 , 1.97189e+06
192265 , -157750 , 771255
356685 , -767046 , -2.57102e+06
-272015 , -1.02158e+06 , -1.46712e+06
278863 , -989634 , 1.47533e+06
1.25891e+06 , 463449 , 321705
-1.15335e+06 , 704920 , -550320
503973 , 86666.8 , 89119.3
2.49087e+06 , -471987 , -423995
-381255 , -173000 , 1.29368e+06
-1.00543e+06 , -35247.5 , 800126
-594660 , 1.75844e+06 , -132374
1.30629e+06 , 107074 , 403396
-737632 , -577134 , 744465
898192 , -494274 , 667024
-1.47338e+06 , 213842 , 1.54672e+06
-1.16632e+06 , 1.06013e+06 , 163231
65500.4 , -80085.8 , -1.24817e+06
-488927 , 736885 , -1.8803e+06
567389 , 283165 , 100661
-1.12975e+06 , -1.41714e+06 , 222412
988978 , -110490 , 729115
-615282 , -1.31876e+06 , 712592
206648 , 1.11938e+06 , 86801.8
-869750 , 1.23519e+06 , -866323
-514766 , -1.37266e+06 , -1.25176e+06
-135205 , 1.18266e+06 , -623362
1.18877e+06 , -1.12943e+06 , -1.25702e+06
-1.57577e+06 , -463775 , 251480
839050 , -973135 , -1.51426e+06
784717 , 213070 , 528183
294599 , -1.25507e+06 , -776477
-1.02212e+06 , 856686 , -663428
-96223.2 , 174135 , -2.17123e+06
-1.30796e+06 , 1.45067e+06 , 856249
595619 , -844870 , -6341.82
62179.9 , -241864 , -294224
909604 , -448619 , 357298
-322307 , -349888 , -493011
-1.03557e+06 , -236558 , 1.59451e+06
-425178 , -875853 , 1.46201e+06
1.27959e+06 , -524986 , -7494.76
-1.43399e+06 , 1.27548e+06 , 996096
-112523 , -1759.45 , 864236
1.37849e+06 , 1.38047e+06 , 631727
-921817 , 601876 , 367563
-764368 , -401758 , -1.56817e+06
1.42534e+06 , 992070 , -152352
259716 , -1.61416e+06 , -770429
783441 , 464589 , 1.5607e+06
-1.28699e+06 , 1.10104e+06 , -1.81357e+06
-1.69785e+06 , 92360.3 , -157797
38008.6 , 66011.4 , -859797
169201 , 244597 , 2.12005e+06
43981.6 , 967423 , -592827
254736 , -321395 , -1.31428e+06
-401281 , -368969 , 1.17494e+06
-262749 , -78725.6 , 1.43871e+06
-674949 , 331900 , 1.1579e+06
-489722 , 162133 , 929930
136595 , -1.46647e+06 , 63428.3
694753 , 1.60986e+06 , -487799
-1.27332e+06 , 527640 , 615634
395739 , -1.06162e+06 , 1.25937e+06
-306454 , -918093 , 1.03665e+06
754158 , 1.10501e+06 , 630869
-954611 , 1.27819e+06 , 1.27408e+06
522539 , -993225 , 40373.2
-552568 , -128499 , -323297
-321691 , -341453 , 1.68656e+06
1.33175e+06 , 61959.5 , 1.10328e+06
-961194 , -823727 , -449251
-769686 , -280602 , 805448
362685 , -207901 , 974787
-606369 , 855493 , 1.16762e+06
983373 , -440975 , 363345
378211 , -496575 , 2220.48
-1.03328e+06 , -239846 , 917552
831363 , -234724 , -325165
2.00807e+06 , 227814 , 319226
-210788 , -940775 , 323730
1.45542e+06 , -815883 , 225814
-125353 , -1.43375e+06 , -1.20082e+06
1.39817e+06 , 858789 , 957005
-786682 , 644278 , 54452.5
-911822 , 117541 , -757347
982890 , -68039.6 , 1.15375e+06
-911112 , -1.01879e+06 , -322945
-2.19806e+06 , 461139 , -763827
599608 , -477802 , -1.33475e+06
-345845 , 641043 , -1.87481e+06
-706546 , -111736 , -7500.81
-1.17952e+06 , 676523 , 1.24655e+06
737906 , 1.65697e+06 , -74803.5
524376 , -423643 , 1.26087e+06
904063 , -2.0349e+06 , -898448
390632 , 377395 , -37955
-1.32592e+06 , 117832 , 1.08772e+06
-1.19831e+06 , 773389 , -386095
-66160.4 , -79738.5 , 945016
-1.57018e+06 , -1.64481e+06 , 707671
1.24623e+06 , -250222 , -1.33048e+06
1.01013e+06 , -650309 , -358398
-182080 , 502626 , 403436
-632444 , 1.59429e+06 , 115509
-13750.6 , 898522 , -715274
-1.3354e+06 , 1.17284e+06 , 492000
-653532 , 901555 , -1.00648e+06
1.62676e+06 , -316450 , 88556.9
-1.71671e+06 , -540584 , 1.17023e+06
920766 , 1.19566e+06 , -704503
-1.23076e+06 , -1.09426e+06 , 723974
-331205 , -905147 , -136827
2.03181e+06 , 782486 , -582736
166678 , -1.12556e+06 , 1.1289e+06
-1.25425e+06 , 143544 , -416478
-484692 , 1.3893e+06 , -616293
1.04817e+06 , 1.73063e+06 , 440473
-1.22325e+06 , 272029 , -92134.2
-1.1854e+06 , 1.1022e+06 , 82691.8
-178062 , -930371 , 1.6589e+06
458271 , -1.68389e+06 , 1.47177e+06
71845.3 , -903262 , -158566
1.52905e+06 , -617275 , -874445
-1.41125e+06 , -599645 , 514436
-1.26457e+06 , 333311 , 439598
818220 , -217795 , 1.23785e+06
493798 , 1.6829e+06 , -415319
-585321 , -1.32462e+06 , 498242
-1.42488e+06 , 495537 , 1.33878e+06
-61992.5 , -1.04694e+06 , -681776
-1.35203e+06 , 1.66884e+06 , -346889
-176134 , -592058 , 260166
1.0643e+06 , -981389 , 6805.25
-1.20317e+06 , -102072 , 1.6078e+06
-1.41837e+06 , 271484 , -1.33455e+06
366920 , -1.57359e+06 , -661099
1.0505e+06 , -1.44009e+06 , -4409.81
182948 , 1.31722e+06 , 954399
-441228 , 377104 , 1.3654e+06
-732226 , -139487 , -878227
-48857.3 , -1.09845e+06 , 324660
1.17262e+06 , -321626 , 1.02526e+06
1.28348e+06 , 685858 , 224940
1.04398e+06 , 1.17111e+06 , -768902
1.01603e+06 , 1.19662e+06 , 620276
52975.4 , -182822 , -691772
-874156 , 832589 , -138969
-533200 , 317217 , 102420
458962 , 349862 , 349356
336005 , 407065 , 435270
1.77571e+06 , -356156 , -479049
1.85352e+06 , -1.11601e+06 , -393817
972399 , 397443 , 1.37316e+06
-1.6519e+06 , 1.1432e+06 , 48822.1
1.88258e+06 , 39396.7 , 579019
873619 , -1.21915e+06 , 189868
684385 , 656977 , 67489.9
469467 , 1.33382e+06 , 334675
229268 , -816911 , -1.08004e+06
789814 , 257514 , -1.36561e+06
-184659 , -1.37397e+06 , -15100.5
329349 , -1.41397e+06 , 1.75174e+06
348462 , -995045 , 1.57166e+06
257494 , 749271 , -909927
1.87962e+06 , -1.3725e+06 , -346057
1.0293e+06 , 380613 , -803226
-12846.1 , -551231 , -1.41045e+06
1.31731e+06 , 680509 , -394209
809986 , 626157 , -417594
843978 , 2.2647e+06 , 139925
338941 , 107282 , 515717
622566 , 482107 , -418508
-755998 , -1.44538e+06 , 662078
-329550 , 1.6285e+06 , 1.3134e+06
-38104.8 , -745035 , 477325
-978358 , -1.18064e+06 , 1.56973e+06
-409218 , -860636 , 1.88905e+06
112139 , -466062 , -441539
-999260 , -718967 , 474741
-367920 , -926302 , 2.14665e+06
1.20212e+06 , -568040 , -1.14564e+06
-359823 , -1.68085e+06 , 752703
945637 , 1.02398e+06 , 284343
209818 , -1.4998e+06 , 497919
-334600 , -695408 , -1.18292e+06
-1.11021e+06 , 288225 , 276218
-635968 , -553753 , -1.2598e+06
-835172 , -1.07603e+06 , -437421
-507024 , -19075.9 , 968010
132355 , -1.03507e+06 , -804383
-298284 , -1.35354e+06 , -211088
-1.27922e+06 , -449998 , 687468
-389276 , -916035 , 312088
-2.09353e+06 , -1.52354e+06 , -329567
201299 , 1.59943e+06 , 470186
-507357 , 111586 , 1.87474e+06
578815 , 1.68527e+06 , 1239.21
-14965.6 , -298606 , -839293
-156477 , 1.35525e+06 , 875679
-609482 , -593276 , -319599
184498 , -908921 , 1.71421e+06
1.44211e+06 , -417707 , 356904
-299404 , -1.3195e+06 , -1.38438e+06
-1.5756e+06 , -417216 , 111618
98788.5 , 235958 , 279379
1.23224e+06 , -563785 , 1.00428e+06
1.94908e+06 , -64941.3 , 105258
-427537 , -1.6791e+06 , -949415
21242.7 , 883236 , 704695
-784411 , 755145 , -846257
139004 , 1.26425e+06 , 689183
-739557 , -336593 , -1.56901e+06
90901.4 , -469333 , 69541.9
-12523.3 , 1.61328e+06 , -105230
180538 , -1.46275e+06 , 900857
-1.19258e+06 , 547809 , 49299.6
250221 , -283736 , 1.09573e+06
-1.77295e+06 , 96855.7 , 520545
1.04811e+06 , 58772.1 , -118449
-812808 , 1.10775e+06 , 49974.4
-1.25837e+06 , 306857 , 280022
508036 , -1.83278e+06 , 1.15522e+06
-855312 , 1.23892e+06 , -918799
-749251 , 222156 , -330362
-801078 , 1.19617e+06 , 397821
9573.38 , -1.77464e+06 , -155824
833200 , -2.05621e+06 , -434463
-54951.1 , 1.39537e+06 , -162860
725454 , -1.01039e+06 , 1.81818e+06
667170 , -1.14078e+06 , -1.02614e+06
-1.53618e+06 , 1.45273e+06 , -255007
302809 , -910275 , 1.29786e+06
611529 , -199561 , -818977
-704106 , -874712 , 1.61451e+06
-535822 , -178753 , -290482
1.0295e+06 , -1.04816e+06 , 1.13038e+06
-428745 , 1.5787e+06 , -261777
1.69248e+06 , -374449 , -272396
485329 , 2.49009e+06 , 141510
-963910 , 1.8329e+06 , -347592
175761 , 334401 , -1.03284e+06
-748433 , 909818 , 44639.3
-773086 , 391935 , 732150
-249683 , -1.08388e+06 , 998841
-1.0807e+06 , 107146 , -1.30102e+06
-451116 , -1.33764e+06 , -752113
211024 , -554119 , -96356.5
-338918 , -596299 , -1.53728e+06
-1.40252e+06 , -268614 , 348948
-524827 , -1.4576e+06 , -159440
1.70011e+06 , 41783.7 , 230668
-671531 , 54900.6 , -661385
-906798 , 661723 , 1.36234e+06
-356361 , -2.12606e+06 , -27434.9
-156326 , 232895 , -1.31959e+06
374469 , 602897 , 1.31062e+06
-1.7692e+06 , -1.27625e+06 , 1.1118e+06
984368 , -160726 , 1.78396e+06
1.10947e+06 , -226440 , 410040
299327 , 403627 , 974345
-874452 , 1.0409e+06 , 989688
-1.10572e+06 , -658000 , -177028
416056 , -301466 , 2102.68
1.1618e+06 , -946569 , -560278
-66844.1 , -1.27659e+06 , 1.15033e+06
664199 , -74808.3 , 1.13449e+06
420744 , -1.10657e+06 , -727526
1.59206e+06 , 1.88695e+06 , -490045
-1.26746e+06 , 1.82393e+06 , 701012
516457 , -1.11176e+06 , 1.99799e+06
-1.30332e+06 , -413552 , -826810
-275961 , -1.10024e+06 , 92253.1
786957 , 1.02736e+06 , -1.11798e+06
1.02923e+06 , -1.44943e+06 , 913742
-81473.6 , -117397 , -503676
-1.48518e+06 , -625407 , -930215
227241 , -934660 , 682111
579870 , 1.35514e+06 , -529973
-1.56388e+06 , -1.12523e+06 , 1.25929e+06
-380179 , 1.4118e+06 , 25931.7
-1.00469e+06 , 282707 , -331808
791084 , -640698 , -499470
492085 , -948923 , -1.26034e+06
959174 , 357110 , 217849
316432 , 1.08115e+06 , -1.14702e+06
997245 , -129290 , -351100
-741506 , -456004 , -856277
284572 , -20020.3 , 1.45072e+06
-688295 , 282036 , 54235
-425342 , 597564 , 1.32377e+06
-806847 , 261438 , -778696
1.29454e+06 , -1.06165e+06 , -1.50089e+06
1.18646e+06 , 191993 , -771040
-497734 , -1.72033e+06 , -137869
995376 , 217916 , -774882
239068 , -339902 , -614739
-282735 , -73987.3 , 585839
670712 , 773635 , -676467
-1.56004e+06 , -237460 , 288009
-1.57967e+06 , 274836 , -829388
-1.01253e+06 , -323041 , 989285
-1.32365e+06 , 1.1343e+06 , 129087
-230416 , -350826 , 1.04664e+06
925795 , 141850 , 1.35047e+06
-60737 , -1.65937e+06 , 536327
517366 , 1.38134e+06 , 362826
-865178 , -1.13643e+06 , 1.1409e+06
-954671 , 513791 , 301918
-378824 , -1.07975e+06 , -157526
36443.2 , 1.51855e+06 , -829513
-301499 , 567590 , 1.2089e+06
-1.15304e+06 , -492441 , 1.97516e+06
-33225.2 , -313640 , -1.96399e+06
657646 , -142729 , 1.25358e+06
1.67393e+06 , -22543.8 , -372639
-553122 , -663452 , -1.67038e+06
585499 , -108961 , -495022
169575 , -491327 , -913992
-794950 , 2.13202e+06 , 200227
555054 , -782986 , 314304
1.43872e+06 , -778935 , -762843
-547001 , 378540 , 858294
-360188 , -792300 , -547436
1.66966e+06 , -372426 , 704972
-523387 , -1.11333e+06 , -477791
-1.23629e+06 , 73744.5 , 949893
81490 , -235952 , 695659
-55720.9 , -1.09557e+06 , 1.45201e+06
196249 , 1.16514e+06 , 232660
-299581 , 502215 , 1.31467e+06
1.08528e+06 , -1.10178e+06 , 33080.7
110072 , 1.56987e+06 , -672957
484271 , 680234 , 1.79039e+06
8875.75 , -1.50926e+06 , 881408
1.40183e+06 , 733485 , -141314
-488406 , -238035 , 145182
345902 , 459860 , 392859
-921021 , 1.48432e+06 , -1.54818e+06
1.33275e+06 , 922989 , 67925.5
-169325 , -285442 , 1.31916e+06
8328.66 , 982824 , 553235
166216 , 428988 , -632077
-355305 , -406778 , -1.23304e+06
-488911 , -429929 , 1.36878e+06
-50101.1 , -934519 , -738234
502443 , 671075 , 875940
-628498 , -1.08224e+06 , 854861
-551014 , 157331 , 537864
1.81405e+06 , 573455 , -324610
-579154 , -37093 , 1.21013e+06
766319 , 803270 , -578189
-1.1284e+06 , -936383 , 1.21202e+06
846835 , 319560 , 693660
-512387 , 1.20188e+06 , -654798
-1.31742e+06 , 545029 , -5616.26
-597260 , -33215.4 , 1.39563e+06
648913 , -617609 , 303490
-949068 , -1.11586e+06 , -1.66154e+06
-1.47814e+06 , 160672 , -190874
415073 , -219701 , 522188
489391 , -1.05342e+06 , 1.14943e+06
-1.38316e+06 , -202569 , 137474
1.25387e+06 , 1.47547e+06 , -294408
19586.2 , 1.2516e+06 , -257021
-356697 , 587920 , -568018
-9998.3 , -261521 , 797247
447259 , 333016 , -217467
-899088 , 553890 , 1.03551e+06
-1.24211e+06 , -1.38729e+06 , -470262
482069 , -264432 , -1.13572e+06
-1.52001e+06 , 966558 , 658959
645686 , 521860 , 615899
-204392 , 1.23336e+06 , -423462
1.16954e+06 , -170141 , 1.41661e+06
-341610 , 1.11072e+06 , -1.11848e+06
-411642 , -25554.7 , -943601
680539 , -205336 , -1.23497e+06
-213090 , 131348 , 467286
-773626 , 609476 , 775730
1.07118e+06 , -1.50509e+06 , -759364
549046 , 1.34791e+06 , -852942
1.13995e+06 , -505935 , 450308
-221875 , -1.72855e+06 , 956910
425309 , -374513 , -745594
-145178 , -1.05989e+06 , -1.39132e+06
616036 , 736351 , 530857
27661.3 , -529445 , 787807
502703 , -2.0061e+06 , -874294
-955212 , 354230 , -2.13113e+06
663983 , -1.82405e+06 , 1.07746e+06
1.11773e+06 , -73903.8 , -206430
485859 , -751987 , -1.10011e+06
-1.92267e+06 , -353190 , -653046
1.5058e+06 , -1.51825e+06 , -193518
-371786 , -173344 , 1.05577e+06
1.01112e+06 , 157124 , 474261
-747714 , 1.89112e+06 , 585513
-355382 , -491182 , 1.18633e+06
-889452 , 162948 , -1.20641e+06
-47094.8 , -451555 , 1.06664e+06
866661 , 588803 , 483095
-916933 , -57095.1 , -142566
1.50327e+06 , -670995 , -46227.7
865774 , 1.55231e+06 , -208810
-331629 , -94298 , -998210
617166 , -686844 , -706263
-200436 , 1.66209e+06 , -581855
176518 , -933649 , 457210
589876 , -1.58449e+06 , -862187
-647945 , -1.01218e+06 , 1.14652e+06
72724.5 , 2887.35 , 246381
58685.9 , 953257 , -1.28188e+06
-1.21344e+06 , -310715 , 6355
-1.7608e+06 , 381512 , -1.08589e+06
-683687 , -1.42134e+06 , -500796
1.20661e+06 , 843402 , -59171.1
759761 , 741303 , 1.16686e+06
-130932 , 1.80038e+06 , 235167
1.10645e+06 , 900799 , 235621
-1.35991e+06 , -302640 , -186377
723519 , 1.47336e+06 , -322873
-1.0501e+06 , -793053 , 40258
1.94455e+06 , -640085 , -255850
-486619 , 508869 , 470788
1.27156e+06 , -1.45003e+06 , -111098
-1.28432e+06 , -738430 , 1.41213e+06
75983.8 , 648689 , -332827
-482642 , -1.71375e+06 , 841323
-61860.9 , 151099 , -1.37927e+06
1.21356e+06 , -1.29544e+06 , 54985
-1.27339e+06 , 813999 , -1.08483e+06
782632 , -1.02027e+06 , 962069
52447.9 , -330364 , -575895
406752 , 985122 , -1.5527e+06
1.20462e+06 , -786382 , 447467
507689 , -1.58766e+06 , -38505.1
1.44304e+06 , 851259 , 196010
-789814 , 1.03649e+06 , -385724
-687256 , 758898 , 609736
891381 , 1.28694e+06 , 1.54848e+06
-20742.7 , -1.18877e+06 , 812744
-1.00091e+06 , -617946 , 840459
-1.34836e+06 , 330973 , 562606
-130275 , 1.98158e+06 , -380800
1.24671e+06 , -421020 , -184348
-54911.2 , -879554 , 1.77864e+06
1.92344e+06 , -97638.9 , -243114
-151949 , -1.74387e+06 , 1.49027e+06
-984438 , -328165 , -1.44063e+06
1.86305e+06 , 1.08136e+06 , -455863
3381.99 , 1.22439e+06 , -1.44088e+06
-18908.3 , -489634 , 125620
-70895.8 , -1.76265e+06 , 1.17433e+06
691141 , -455333 , -1.04185e+06
1.879e+06 , 626400 , -1.3089e+06
31335.1 , 368016 , 996577
1.28062e+06 , 461198 , 263969
-1.23828e+06 , 1.19322e+06 , -214877
-125260 , 1.40464e+06 , 25344
-917634 , 845728 , 35726.8
373881 , 93207.5 , -1.02987e+06
539151 , 106751 , 1.12347e+06
1.05311e+06 , -625985 , -657087
314135 , 807660 , -1.53391e+06
280410 , -1.0491e+06 , 1.46654e+06
270194 , -907221 , -1.66063e+06
1.47134e+06 , -743058 , -1.12135e+06
1.32228e+06 , 83240.2 , -393693
-667480 , -5191.79 , 37888.1
189027 , -300396 , -947975
585954 , 433082 , -2.18923e+06
1.28872e+06 , 797419 , -787116
510928 , -173567 , -12634.8
-166463 , -414552 , 146259
-1.0966e+06 , 97101.6 , -486360
-741201 , 103647 , -606545
1.02165e+06 , 414632 , -116967
1.36419e+06 , 235738 , 324514
-723674 , -593664 , -1.95645e+06
535676 , -2.12063e+06 , 289442
1.14429e+06 , -34968.8 , 1.91403e+06
780163 , 1.62731e+06 , 80446.6
-1.2609e+06 , 347609 , -575249
-1.43825e+06 , 1.61752e+06 , 60588.9
-826626 , -217571 , 1.58908e+06
-846188 , 754836 , -785660
1.37318e+06 , -207476 , 325397
-225807 , 675254 , 1.33205e+06
573171 , 40043.2 , -904798
-703111 , -1.29255e+06 , -548316
-42439.1 , -469298 , -109270
-247504 , -1.42895e+06 , 975031
-962799 , -276000 , 340135
556156 , 819044 , -402526
-333762 , 500345 , 866410
-661918 , 1.05768e+06 , -156603
-97948.8 , 1.28072e+06 , 1.44425e+06
341993 , 178433 , 58261
67141 , -731238 , 1.61998e+06
-200494 , -464259 , 2.19655e+06
-10248.7 , -21510.5 , 1.61354e+06
1.12558e+06 , 1.21747e+06 , -643363
-884419 , -786770 , -1.04699e+06
-656447 , 88264.7 , -980516
908447 , 383003 , 726771
-622520 , -440189 , -828682
-1.41109e+06 , -567694 , -57206.7
1.06936e+06 , -918731 , 257006
887137 , 248068 , 72425.1
956301 , -876846 , -1.03544e+06
146955 , 1.01889e+06 , -673322
87838.8 , -757415 , -1.73712e+06
-1.17926e+06 , 2.01915e+06 , 438843
612812 , 1.11336e+06 , 31368.9
41874.1 , -476314 , -64124.6
-714027 , 1.20891e+06 , 867217
-1.00253e+06 , -703363 , -1.0557e+06
-611858 , 511293 , -36403.1
-655018 , -244628 , 809268
890479 , -560078 , -686651
1.4509e+06 , 313424 , 248470
-541466 , -1.20866e+06 , -1.28594e+06
604715 , 540580 , 458661
-1.37682e+06 , 162035 , 183986
657515 , 777261 , -348235
1.12301e+06 , 1.26617e+06 , 493401
-1.28119e+06 , 119420 , -113817
-680838 , 84692.2 , 1.68237e+06
1.00544e+06 , -819972 , -1.98008e+06
756338 , -491942 , 1.24394e+06
640651 , 490350 , -1.91974e+06
-756143 , 127589 , 542589
1.43161e+06 , 836705 , -179896
-582515 , -38220.7 , 107675
-1.40853e+06 , -485668 , 250639
-1.51758e+06 , -856965 , -100485
-375152 , -509957 , -274724
-1.05869e+06 , 122559 , -579603
-839082 , 568356 , -1.12111e+06
504054 , -261752 , 1.13549e+06
-678036 , 1.44826e+06 , 625568
-799204 , 1.52428e+06 , 710888
973504 , -576791 , -1.15888e+06
216348 , 187676 , -281066
-1.21702e+06 , -610113 , -578371
933207 , -444081 , -825691
1.57258e+06 , 504066 , 1.38403e+06
1.82343e+06 , 613373 , -879818
-421160 , 676674 , 230889
-504149 , 1.79191e+06 , 222805
-596060 , 1.47563e+06 , 855349
202529 , 1.30027e+06 , -964825
201368 , -1.1231e+06 , 118594
358307 , -79579.2 , 597364
-516766 , 205741 , 1.40072e+06
1.62947e+06 , -148087 , -235037
902376 , -257884 , 717081
-487551 , 233454 , 1.09304e+06
-784032 , -536542 , 1.10436e+06
1.20335e+06 , -82612.6 , 804091
-497586 , -1.19111e+06 , 964992
1.29368e+06 , 354331 , 375542
-906775 , -1.56684e+06 , -603458
986706 , 381579 , 1.66631e+06
-592923 , 344420 , -1.02958e+06
1.91959e+06 , 313839 , 252098
1.70464e+06 , 1.05898e+06 , 573951
9233.21 , 1.6581e+06 , 137275
-817936 , -2.0683e+06 , 427885
-266084 , -614878 , 1.237e+06
222136 , 1.15704e+06 , -1.31805e+06
-372164 , -611700 , 712158
150154 , 1.65276e+06 , 482178
612052 , -135137 , -120864
-312098 , -162609 , -1.54989e+06
1.45113e+06 , -325823 , -524595
-143205 , 511344 , 1.05694e+06
-985398 , 1.08383e+06 , 371541
-887699 , 244082 , -912990
312929 , 1.00486e+06 , -29072.9
-1.58532e+06 , -234937 , 424157
-987169 , 196215 , 66410.5
1.68283e+06 , -202074 , -576930
687374 , 439146 , 4101.47
-1.03037e+06 , -395376 , 793260
-506571 , 1.67534e+06 , 436967
-415481 , 71846.2 , 101826
-744627 , 139654 , 1.73334e+06
789693 , -940104 , -690024
-1.15155e+06 , 743636 , 1.68168e+06
534428 , 1.00538e+06 , 496144
336652 , -563076 , 1.04429e+06
91870.3 , -335701 , 2.25536e+06
-161172 , -646272 , -588434
-1.0643e+06 , -50283.3 , -192957
-45285.6 , 248702 , 1.64613e+06
-1.59329e+06 , 956704 , -80169.6
-388408 , 63961.5 , -922559
-794056 , -2566.9 , 1.63202e+06
-568139 , 834653 , 1.15063e+06
-331984 , -1.10424e+06 , 693447
-1.90748e+06 , -480105 , -1.0656e+06
-1.02675e+06 , -653661 , -97006
-1.5782e+06 , -476145 , 6225.03
-30183.2 , -1.10913e+06 , 465123
-1.24094e+06 , 328366 , -933242
-270900 , 1.46309e+06 , -537200
-232888 , 245174 , 621156
71192.6 , -1.15872e+06 , -294803
-401121 , -871517 , 1.0473e+06
-297765 , -46364.9 , -1.11742e+06
174122 , -1.62249e+06 , -515519
-865999 , 773214 , -275980
54380.1 , 295473 , 830423
1.03494e+06 , -372081 , -732844
-1.62289e+06 , -375029 , -870912
255910 , -1.11875e+06 , -221335
-1.27619e+06 , -412952 , 887780
139004 , 293568 , -725661
1.47973e+06 , 112021 , 772426
692460 , 911024 , 127517
-659975 , 1.23543e+06 , 1.20494e+06
-49651.3 , 725956 , -468275
1.01735e+06 , 930380 , -701008
-1.23577e+06 , -738458 , -1.01666e+06
-612744 , 520423 , 422620
-988567 , 781311 , 1.52066e+06
-335515 , 381227 , -554274
-1.25454e+06 , 142098 , 2.16679e+06
297861 , 21687.6 , 254744
551187 , -85400.8 , -1.37571e+06
833855 , 305647 , -79103.8
-836332 , 544641 , -391142
-440850 , 329513 , 1.3912e+06
1.23212e+06 , -230840 , 1.12298e+06
425724 , -871147 , -578830
-397846 , -1.05296e+06 , -1.6812e+06
-2.20943e+06 , -367713 , 205879
993832 , -317810 , 333099
-627678 , 1.16778e+06 , -135610
224675 , -884671 , 443122
-1.09257e+06 , -579306 , -1.0602e+06
-1.02616e+06 , -905839 , 962962
-82426 , 652908 , 230277
168355 , 1.03489e+06 , -216511
1.34639e+06 , -292151 , -469873
-236643 , -93331.4 , -755170
-97687.5 , -774633 , -211296
-1.0738e+06 , 614218 , 1.01088e+06
-302743 , -760486 , 590253
473712 , -1.94322e+06 , 332308
-912109 , -627010 , 265816
2.07273e+06 , -78711.7 , -588324
776059 , -1.01159e+06 , 1.27368e+06
-19943.9 , -606615 , 669995
1.65898e+06 , -1.30145e+06 , 1.09787e+06
-635153 , 1.45796e+06 , 667646
-315619 , -1.28126e+06 , 856793
1.2993e+06 , 2.02644e+06 , 368306
-1.49455e+06 , 635706 , 830684
-760531 , -716557 , 103901
553021 , -1.32653e+06 , -115534
1.2455e+06 , 1.07155e+06 , -363755
1.30901e+06 , 483330 , 583003
-214245 , 256257 , 600930
-1.0058e+06 , 897842 , -427123
-59179 , 213174 , -713173
-798509 , -372241 , 540106
-1.4187e+06 , -701042 , -925526
908952 , -36628.7 , -1.01462e+06
1.49086e+06 , -683527 , -86153.8
-155055 , -608461 , 1.04422e+06
1.02962e+06 , 245453 , 675114
238561 , 146349 , 465788
219184 , -96616.3 , -244544
113772 , -1.18478e+06 , 867196
144592 , 1.0006e+06 , -737881
922623 , -1.00812e+06 , 1.62189e+06
-1.01147e+06 , -276666 , -1.32046e+06
-1.24678e+06 , -278271 , -479670
-798620 , -156502 , -845354
-1.25461e+06 , 1.37671e+06 , 291874
-487875 , 947647 , -616586
1.29389e+06 , 709165 , -528102
-853997 , 1.32963e+06 , 578340
-1.91175e+06 , 47800.4 , 450693
-59846.8 , -491603 , -1.5799e+06
-983710 , 1.3077e+06 , 1.73636e+06
242158 , -844083 , -716140
-341118 , 1.2372e+06 , -171640
-372156 , -139279 , 514663
-840374 , 538980 , -801709
-934940 , 777346 , 373446
908063 , -669078 , 438408
-175425 , -33525.9 , -492361
708032 , -1.04965e+06 , 1.6551e+06
1.19078e+06 , -1.04896e+06 , -745837
1.2674e+06 , 473327 , -330141
-1.28843e+06 , -1.36292e+06 , 1.04013e+06
-748993 , -769535 , -1.49041e+06
1.37292e+06 , -400577 , -665687
230580 , -114897 , 1.45507e+06
600751 , -286512 , 1.42047e+06
-342567 , -35376.8 , 1.50545e+06
518587 , -383452 , -434880
852435 , 1.65316e+06 , -53606.1
-217826 , -324404 , 1.06908e+06
93240.1 , -583207 , 628062
-1.24706e+06 , 418904 , 1.18649e+06
-735437 , -1.02576e+06 , -194749
-809750 , 453053 , 721051
-1.20089e+06 , 944871 , 231800
-25035.7 , -858356 , -1.9239e+06
611176 , -444783 , -65297.8
70666.5 , 409004 , -1.74657e+06
1.16532e+06 , -1.27126e+06 , -1.12132e+06
1.36087e+06 , 743271 , 78064
-58418.7 , 41699 , 1.63826e+06
-380966 , 790587 , -595360
269204 , -919923 , 1.22965e+06
-1.36045e+06 , 1.42459e+06 , 185463
284312 , -8992.94 , 851099
-242530 , 1.29259e+06 , -479833
1.15574e+06 , 117153 , -567250
797984 , 1.24817e+06 , 396508
740783 , 1.67565e+06 , 576968
961529 , 360646 , -1.43989e+06
1.46988e+06 , 268033 , -656793
334249 , -66689.3 , 111348
-738031 , -533826 , -1.50663e+06
-1.83736e+06 , -1.17933e+06 , 1.71815e+06
558412 , 260197 , 890124
1.60896e+06 , 1.52564e+06 , -339056
-1.05722e+06 , 14560 , 463806
719280 , 2.3085e+06 , -292049
-1.02903e+06 , 180621 , -769663
-546445 , -893537 , -752294
-462996 , -1.82038e+06 , -58561.4
1.00175e+06 , -1.33203e+06 , -646042
1.42301e+06 , 187327 , 515666
395046 , -491967 , -1.54631e+06
-49886.1 , 546836 , 484810
-117669 , 836158 , 982297
544015 , -201071 , 1.82234e+06
510393 , -448147 , 1.56204e+06
-41865.3 , -1.00108e+06 , 1.06772e+06
-565655 , 1.0795e+06 , 1.17381e+06
-1.27063e+06 , 368451 , 460951
-887284 , 914882 , -1.3128e+06
1.33758e+06 , -712344 , 461934
-479103 , -1.08858e+06 , 741140
-118331 , 848566 , -445793
-1.00266e+06 , -1.18052e+06 , -461706
-637825 , 441420 , 1.23976e+06
-199139 , 746591 , 271559
197197 , 1.69734e+06 , -616090
423333 , -980832 , 292308
326326 , 363213 , -750495
1.3157e+06 , 734057 , 457225
1.2235e+06 , 951606 , -608582
-699030 , 152801 , 631716
-1.00953e+06 , -2.11032e+06 , 929939
193787 , -764487 , -87747.3
-1.58815e+06 , -1.04514e+06 , -176891
1.01269e+06 , -1.39915e+06 , 1.56283e+06
571703 , -10097.8 , 775065
-107143 , 1.35261e+06 , -2.00275e+06
1.86589e+06 , 302650 , 209176
201573 , 1.45786e+06 , 484110
546969 , 695194 , -186694
1.84668e+06 , 262985 , -298407
1.01235e+06 , 111212 , 402892
401071 , 535732 , -1.18659e+06
-1.3569e+06 , -794534 , -910617
-949431 , 1.49415e+06 , 1.59165e+06
4671.3 , 236254 , 233948
-1.64538e+06 , 353691 , 841568
-1.2816e+06 , 725518 , 962560
396518 , 547834 , 991463
228328 , 396062 , -1.44118e+06
1.45449e+06 , -127451 , 29456.9
283804 , -927600 , -2.06819e+06
990567 , 1.09179e+06 , 1.06068e+06
191316 , 9533.17 , -225957
-432332 , -1.21698e+06 , 1.44364e+06
1.32757e+06 , 71115.1 , 237600
935321 , -640943 , -918126
1.05665e+06 , -591154 , 718072
431643 , 981279 , -533484
128498 , -1.1337e+06 , 173810
-7630.65 , 841215 , 1.05785e+06
115582 , -625809 , 587029
85800 , -616138 , 634387
-1.17498e+06 , -465364 , -938642
81048.6 , -786366 , 1.09909e+06
163789 , -892368 , 107482
297900 , 214325 , -719373
405231 , -907950 , -1.15789e+06
-21705.4 , -554799 , -943345
-1.16983e+06 , 369282 , -579205
-811175 , 129559 , -1.03563e+06
258294 , 301520 , -317616
421122 , -539024 , 16629.7
-1.00044e+06 , -245628 , -2.10737e+06
-290952 , -146884 , 226105
896425 , 462190 , 505250
-1.20003e+06 , 550188 , 836645
-449763 , -676411 , 39735.1
-970718 , 942548 , 1.02989e+06
454067 , 1.22134e+06 , 503197
-437904 , 1.0558e+06 , 958204
828232 , -251808 , 192771
1.40889e+06 , 1.76735e+06 , 39754.3
-25580.9 , 662733 , -222118
113003 , 1.91464e+06 , -580274
192483 , -1.45228e+06 , -311122
-15953 , 518998 , 408417
-865125 , -231765 , 842885
-1.03544e+06 , -566627 , 523074
-824083 , -851367 , -742200
-935245 , 1.02149e+06 , 347372
820198 , 137371 , 1.22147e+06
-388622 , 854029 , -1.17075e+06
-902028 , -622077 , -375928
884613 , -48594.8 , -192434
688146 , 824432 , -785486
-879134 , -1.12453e+06 , -696631
389609 , 898661 , 37063.2
-684758 , 852942 , 276141
504885 , 737227 , 862742
1.14761e+06 , 685835 , -943809
-111848 , 1.14628e+06 , -490058
-927471 , 410406 , 113418
365819 , 1.57223e+06 , 591962
880630 , -1.86922e+06 , -341966
840322 , -288270 , -1.3722e+06
450738 , 2.11677e+06 , 318498
250358 , -156841 , -655520
705072 , 211830 , -1.96481e+06
303878 , -1.92965e+06 , 1.37731e+06
4439.21 , -40950.1 , -2.1958e+06
365223 , -563974 , 1.92819e+06
641923 , 1.8121e+06 , -320930
-168498 , -428987 , 339803
-233050 , 778855 , 397156
-386443 , -256915 , -982114
388088 , -368204 , -114672
975061 , -812800 , -1.4025e+06
-70757.7 , -712900 , -1.22219e+06
1.36945e+06 , -1.24876e+06 , -850643
197770 , 562347 , -1.59147e+06
236251 , 401020 , -1.43926e+06
-786274 , -1.20248e+06 , -192342
461127 , 1.08483e+06 , 1.67934e+06
-1.09305e+06 , 624590 , 103851
2.04698e+06 , 246150 , 862520
-497829 , -210195 , 173822
1.26842e+06 , 1.37015e+06 , -806047
-1.03645e+06 , -89844.3 , 573349
-1.4226e+06 , -435797 , -445076
-88281.1 , -693060 , -885017
251458 , -2.11755e+06 , -744104
-128007 , -63748.8 , 1.2839e+06
-421494 , 1.88493e+06 , 937601
628273 , 1.08689e+06 , 479979
1.11239e+06 , -198508 , -872063
-1.8941e+06 , -350023 , -80640.4
1.65585e+06 , 467630 , -1.03635e+06
807060 , -484631 , 294501
180916 , 1.1212e+06 , 144232
-808958 , -1.33091e+06 , -1.51557e+06
-623654 , 1.04468e+06 , 459413
-449651 , -1.45174e+06 , 229554
-1.04722e+06 , 889404 , -243720
-449502 , -206571 , 2.15555e+06
-239027 , 1.69133e+06 , 535027
538238 , 369844 , -886776
84886.5 , 1.12978e+06 , -350431
-987372 , 816823 , 469877
-410070 , 1.66072e+06 , -854453
1.85814e+06 , 65058.6 , -1.39279e+06
-641346 , 627775 , -1.55588e+06
1.01133e+06 , -1.06073e+06 , -322377
161359 , 817405 , -1.38722e+06
415292 , 1.08312e+06 , -801712
-1.69024e+06 , -41806.1 , -1.36343e+06
1.69251e+06 , 300017 , -822216
-58777.4 , 140195 , 983873
232419 , 707371 , 1.19007e+06
1.23761e+06 , 553290 , -1.4782e+06
786881 , -303092 , 170878
-1.52543e+06 , -189408 , 850574
525424 , 1.15483e+06 , 945582
87194.7 , -1.15789e+06 , -349845
923417 , 687933 , -937674
-1.22815e+06 , -213814 , -718166
741237 , 981997 , 488807
1.21046e+06 , -354839 , 1.2514e+06
-160082 , -985713 , 894426
1.10474e+06 , 2.0997e+06 , 38918
140343 , -485214 , -41476.3
-584050 , -1.28481e+06 , 415067
-20.3924 , 1.23873e+06 , -56581.1
231547 , 1.63004e+06 , 546823
-750467 , -281398 , -374628
-480344 , -531553 , 1.56893e+06
-427093 , -621008 , 1.66506e+06
485353 , -230956 , -369231
-1.02141e+06 , -543024 , 777499
-530021 , 811568 , 429229
-737973 , -1.0711e+06 , -98185.5
527545 , -1.20287e+06 , 759488
770120 , -445142 , 1.07081e+06
-833111 , -71935.6 , 1.41771e+06
1.19497e+06 , 633456 , 1.34487e+06
802366 , 733972 , 640188
-172769 , -1.1496e+06 , -117742
-1.29083e+06 , 978112 , 648125
135704 , -1.58369e+06 , -325155
-432996 , -291802 , 329356
-414733 , -760198 , 150676
-163603 , -1.5296e+06 , -382636
932841 , 707663 , 863510
281612 , -168697 , 175371
30442.1 , 1.1651e+06 , -742450
285862 , -1.05849e+06 , 167152
-1.88824e+06 , -609269 , -646423
-627939 , -96565.4 , 386777
-1.17483e+06 , -818284 , -983243
660373 , 478921 , 210130
-24099.6 , 145499 , -1.2794e+06
446188 , -583568 , -124622
-1.4328e+06 , -283381 , 617702
1.65041e+06 , -678897 , -6360.23
-377625 , 841170 , -341356
90836.3 , -764214 , 1.25635e+06
270321 , 760057 , -256063
-58112.1 , -31630.5 , -1.93836e+06
433812 , -1.41825e+06 , -745324
480536 , -967854 , -452145
320236 , 966364 , 633883
-805804 , 53624.5 , 1.25174e+06
57749.2 , 217432 , 95059.3
-540492 , 193465 , 460673
-844181 , -1.52631e+06 , -1.20408e+06
-499368 , 842186 , -1.23555e+06
1.0576e+06 , -884214 , -1.22487e+06
317279 , -201245 , 163995
-1.4616e+06 , -203537 , -846557
1.3632e+06 , 354051 , -362535
221280 , 218485 , 1.63218e+06
659819 , 565897 , -1.31544e+06
-294703 , 70292.1 , -161701
-36303.1 , -549030 , 570931
1692.59 , -149561 , -1.01641e+06
625425 , -26045.7 , -1.95128e+06
1.08314e+06 , 875385 , -528217
117157 , 120437 , 1.71452e+06
-1.1707e+06 , -175850 , -428116
1.25137e+06 , 49573.6 , -855379
983351 , -620269 , -299556
717482 , 1.05641e+06 , -1.57971e+06
-1.03806e+06 , 1.02518e+06 , -108526
1.12233e+06 , -297106 , -268946
1.0433e+06 , -258323 , 995826
1.32044e+06 , 218798 , -1.25396e+06
-454476 , -966392 , 1.58778e+06
-367743 , 1.18222e+06 , 484274
-508649 , 911678 , -590361
-384415 , -110289 , -1.40467e+06
282997 , 1.29553e+06 , 1.35354e+06
1.54426e+06 , 147736 , -1.17531e+06
975835 , 43413.6 , 1.09416e+06
208919 , 184507 , -259797
-805970 , 130073 , 176304
1.79108e+06 , -468511 , -221587
-502483 , 63769 , 1.71468e+06
-2.13127e+06 , 505220 , -582279
-49673.8 , 668944 , 243091
-1.63983e+06 , -1.32432e+06 , -1.03856e+06
252324 , 243252 , 1.54276e+06
211133 , 889183 , -465061
-740449 , -186305 , -597238
-117806 , 352735 , 647182
1.11803e+06 , -600866 , 1.70272e+06
554144 , -405694 , -695112
426121 , -734146 , 952510
-638778 , 1.06931e+06 , 399092
69851.5 , -543015 , 46947.8
621146 , -154143 , -327189
1.13325e+06 , 571618 , -442050
-966145 , 1.35636e+06 , 160036
-135475 , 929146 , -402672
-503946 , 1.02829e+06 , -577765
-1.03067e+06 , -1.49833e+06 , 1.36974e+06
735476 , 1.31795e+06 , -660335
-414827 , -899876 , 348145
-37040.9 , -968148 , -477912
17206.9 , -560120 , 670675
874743 , -475106 , -1.4001e+06
1.69292e+06 , 816819 , 542443
-695504 , -1.02749e+06 , 473803
-1.18121e+06 , 98999.8 , 341354
709533 , -665291 , -1.75248e+06
-794595 , 1.38384e+06 , 482300
506991 , 957058 , -905241
-1.09542e+06 , -520289 , -525178
-802446 , 356755 , 445768
-1.82627e+06 , -411945 , 252143
170589 , 743086 , 208464
-1.00435e+06 , 1.19279e+06 , 431714
392311 , -437484 , -921813
-1.48071e+06 , -279493 , 248796
567253 , 1.67528e+06 , 1.23609e+06
132346 , 700661 , 624922
-723293 , -93177.7 , -393928
-931951 , 72278.2 , 291276
1.39681e+06 , 20628.5 , 999123
517650 , 2.20137e+06 , 667466
1.42966e+06 , -219043 , -582231
-48662 , 818072 , 1.36605e+06
737118 , -1.0861e+06 , -876526
-206983 , 1.18363e+06 , -1.1862e+06
542702 , 377564 , -147122
927755 , 1.22658e+06 , -893238
1.0663e+06 , 20333.3 , -124565
-1.61459e+06 , 608762 , 314768
-1.17703e+06 , 1.12788e+06 , 1.22969e+06
-519952 , -731798 , 3881.94
-472217 , 990286 , 1.50407e+06
-1.04351e+06 , -74858.5 , -1.51391e+06
-788957 , 122974 , 1.68152e+06
382635 , -1.17609e+06 , -999228
1.10805e+06 , -361815 , -148697
201286 , 1.26269e+06 , 1.28771e+06
-51895 , 872431 , 948552
260598 , 836611 , 547006
879941 , -209591 , 1.30868e+06
761396 , -649850 , 76841.9
367262 , 715256 , -1.79431e+06
-1.34132e+06 , -1.00339e+06 , 753500
-1.92428e+06 , -498659 , -1.37785e+06
923523 , -1.26795e+06 , 1.35154e+06
-516504 , -1.06343e+06 , 531640
209907 , 162882 , 1.76294e+06
-853172 , 774334 , 418771
-272550 , -456015 , -1.28122e+06
-243005 , 1.06007e+06 , 213023
447835 , -644058 , 1.01569e+06
-1.54915e+06 , -10121.9 , -940969
-20944.7 , -108078 , -1.18069e+06
-394026 , -1.35933e+06 , 534674
1.5658e+06 , -806357 , 787064
460794 , 37867.6 , 1.7612e+06
-17808.7 , 1.64681e+06 , 76553.5
983562 , 902365 , 872712
-450882 , -1.21725e+06 , -84144
-560387 , 1.28467e+06 , -212806
411916 , 1.87356e+06 , -145510
-653044 , 863504 , 868418
1.52438e+06 , -417936 , 448357
817914 , -401842 , -557887
-2.04667e+06 , 1.52459e+06 , -514184
-321835 , -929614 , -618156
466741 , 88055 , -1.48755e+06
-136497 , -850408 , 1.1925e+06
262825 , 1.34638e+06 , -1.31664e+06
387225 , -1.23888e+06 , -345830
-199911 , -975226 , -567105
-1.02291e+06 , 493599 , -1.30435e+06
-1.18219e+06 , -1.36628e+06 , -526099
-851615 , 452590 , 873906
1.21842e+06 , -417944 , -515307
-368852 , 629605 , -520322
-577774 , 580906 , -1.26091e+06
1.21457e+06 , 1.00567e+06 , 1.01168e+06
-978390 , -131923 , 1.07796e+06
178705 , 414174 , -1.5011e+06
-462123 , 549111 , -167358
431883 , -94163.8 , 1.83054e+06
-1.05857e+06 , 552845 , 360523
1.58096e+06 , 490043 , 841757
-1.16697e+06 , -1.10767e+06 , -839883
265719 , 4562.65 , 804173
232973 , -599407 , 395441
30761.6 , 117309 , 2.49241e+06
207611 , -1.28386e+06 , 1.29968e+06
317892 , -1.03783e+06 , 96940.2
-1.63793e+06 , 178502 , 83082.2
1.09856e+06 , -971318 , -557437
343361 , 241039 , 259225
-816070 , 655491 , 48782.8
50830.5 , -275773 , -1.13017e+06
-257501 , -853292 , 23622.7
-249229 , 273914 , 158987
-682546 , -41028.6 , 505080
-1.51934e+06 , 569709 , 635599
613830 , 768114 , -966869
-496771 , -1.82589e+06 , 964451
454603 , 919822 , -306602
1.43726e+06 , 1.05439e+06 , 271719
-1.04698e+06 , -756712 , -1.63792e+06
-2.11486e+06 , -728794 , -490958
182283 , -1.3207e+06 , -485610
792152 , -885967 , 33722.1
202352 , -482380 , 509496
420003 , 30030.3 , -856316
-2.08244e+06 , 1.02534e+06 , 518417
-142065 , 372880 , -1.65086e+06
-1.54736e+06 , 580630 , -572959
1.34408e+06 , 1.08406e+06 , 1.28002e+06
-933909 , 544465 , 558918
502325 , 529491 , -1.29565e+06
-33942.7 , 1.70328e+06 , 823493
591729 , -1.16968e+06 , 655463
496560 , 1.40846e+06 , -454682
-556261 , -571614 , -341074
657058 , -1.26279e+06 , 624131
160127 , -2.0401e+06 , -565391
-969301 , 567690 , 929758
115115 , 1.72935e+06 , 53109
-1.26956e+06 , 453290 , -349024
1.78066e+06 , -297057 , -100097
-779533 , -307262 , 110504
-157523 , 849561 , -295153
-72042.7 , -992977 , 1.37964e+06
-242147 , 1.28375e+06 , -209770
461700 , 869046 , -628990
-762739 , -34652.9 , 84917
-930498 , 934489 , 773891
-91276.9 , 1.34053e+06 , -596222
872899 , -833272 , 232564
349203 , 107436 , 1.00515e+06
-319491 , 677629 , -3638.2
-415537 , -620638 , -1.39053e+06
-1.17325e+06 , -295932 , -1.56512e+06
1.64211e+06 , -991792 , 202999
337596 , -1.30112e+06 , -389029
-97229.6 , 428795 , -739618
-347687 , 535112 , -144695
-155079 , 870378 , -73660.8
316751 , -410679 , -1.52057e+06
35960.6 , 1.44604e+06 , 875057
-1.37091e+06 , 366989 , -1.71088e+06
977162 , 1.18415e+06 , -772646
-917616 , 892083 , 1.04746e+06
373358 , -309655 , 602305
-358159 , 782245 , -1.84543e+06
581888 , -513889 , 1.14503e+06
-164772 , 273629 , 1.8747e+06
912810 , 346146 , 2.06994e+06
1.01745e+06 , -1.1107e+06 , 409445
-1.25058e+06 , 339297 , -293804
-839909 , -1.04638e+06 , 794173
1.00032e+06 , 626999 , 1.10582e+06
-1.10505e+06 , -35131.8 , -806652
-143819 , 2.06763e+06 , -286324
-1.35908e+06 , 585105 , -1.31495e+06
76992.2 , -373919 , 1.5879e+06
-336788 , 865187 , 488457
-770560 , 383481 , 1.14873e+06
406088 , 217378 , -552702
-821379 , -1.00574e+06 , 6733.36
375048 , 486772 , -1.81182e+06
226995 , 20117.4 , 906300
1.6019e+06 , -824717 , 284586
51287.3 , 700961 , 1.19984e+06
-1.03553e+06 , -1.03196e+06 , -1.3726e+06
459760 , 1.51846e+06 , 715623
233833 , 1.34141e+06 , 1.34851e+06
-899080 , 94638.9 , -1.59129e+06
1.65366e+06 , -54974.8 , 251612
672458 , -712484 , -864448
478023 , -1.02479e+06 , -1.06329e+06
1.604e+06 , 1.04473e+06 , 249893
-173012 , -104482 , 77828.8
314098 , -12274.2 , 412610
327233 , -1.21824e+06 , -208019
544780 , -951125 , -19480.4
39483.5 , -169562 , 621217
1.703e+06 , -280429 , -546028
75751.9 , 1.16359e+06 , 1.13004e+06
-1.64207e+06 , 31362.9 , -847070
484909 , 95361.5 , -518604
-392976 , 189792 , 1.67608e+06
-129693 , 1.98105e+06 , 836726
1.34265e+06 , -335945 , -1.62502e+06
-792288 , 1.2656e+06 , -370961
-764242 , -305470 , 708503
-214556 , -555189 , 1.24242e+06
-898982 , -1.33036e+06 , -358097
1.04016e+06 , -1.64618e+06 , 1.93197e+06
-617144 , 276018 , -1.41488e+06
-220796 , -1.22149e+06 , -649035
14399.6 , 1.15181e+06 , -1.04475e+06
175596 , -1.39627e+06 , 193423
-256297 , -2.10825e+06 , -181647
1.56929e+06 , 231343 , 1.2388e+06
-572826 , -879031 , 400927
1.11246e+06 , -1.17304e+06 , 338752
-134493 , -1.16708e+06 , -1.84044e+06
205049 , -276380 , -1.58432e+06
-973406 , 598934 , 1.7844e+06
46225.3 , 1.05756e+06 , -476754
107758 , -305168 , 80070.7
-235541 , -718521 , -369846
366441 , -1.36534e+06 , -16820.8
144072 , 636849 , -1.46541e+06
708081 , 425462 , -137244
1.14768e+06 , 1.15149e+06 , -185185
-564010 , -833356 , -1.3109e+06
180970 , -653266 , 1.55751e+06
1.24606e+06 , -604210 , -1.00603e+06
556021 , 1.47914e+06 , 1.13e+06
-1.17251e+06 , -940976 , 608540
1.33285e+06 , -229740 , -1.33032e+06
-381311 , -278939 , 185496
644508 , -354206 , 65425.4
-512097 , 1.3649e+06 , 723567
-697396 , -789919 , -138123
-2.0471e+06 , 73371.1 , 113438
1.84103e+06 , 530045 , -1.09023e+06
-309983 , -1.13775e+06 , 113857
194440 , 998028 , 1.43206e+06
-1.86278e+06 , -404281 , -1.24442e+06
578325 , 1.76031e+06 , 185765
-393794 , 340423 , -1.74336e+06
-1.23685e+06 , -793751 , 477948
-677069 , -321363 , 762975
1.11967e+06 , 180360 , 769804
7571.25 , 314698 , -1.18971e+06
1.64027e+06 , -699254 , 254537
-31135.6 , 1.06524e+06 , 688564
1.89088e+06 , -427499 , 135438
106994 , -1.74057e+06 , 1.09909e+06
711487 , 1.88766e+06 , -674591
185344 , -1.0558e+06 , 489016
724241 , 1.2301e+06 , -194319
-550121 , 21140.7 , 104942
237330 , -708801 , -942269
933938 , 83454.8 , 591228
-363690 , -394955 , 1.87901e+06
246349 , -1.70796e+06 , 916956
-700160 , 943406 , 842785
346173 , 1.67394e+06 , 747080
-396222 , -202441 , 735195
-708693 , -389568 , -1.33006e+06
751868 , 662694 , 750506
894387 , 721634 , -458097
693849 , 1.15606e+06 , -108397
1.40712e+06 , -402483 , 456452
-623883 , -1.14935e+06 , 133991
-467955 , 136765 , 119698
764000 , 360284 , 1.19969e+06
154241 , 539580 , 1.35047e+06
565571 , -2.26865e+06 , 315214
-1.00519e+06 , 537852 , 1.60368e+06
1.23608e+06 , 590952 , 991414
352131 , 1.26593e+06 , 671635
1.2835e+06 , -346970 , -500390
848702 , -63794 , -1.97861e+06
-343965 , -1.41883e+06 , -740802
-649877 , -1.28359e+06 , 898383
-1.31219e+06 , 76594.8 , 627476
1.25745e+06 , -1.23975e+06 , 301869
-390392 , 799605 , 891159
-412954 , 559816 , -665023
559584 , 60131 , 1.70969e+06
-528756 , 645312 , 1.23016e+06
480365 , -216818 , 52421.2
229566 , 250009 , 1.04158e+06
-2.11441e+06 , 68737.1 , 679959
-296089 , -2.0426e+06 , 485672
-215456 , -484329 , -1.11031e+06
-1.85024e+06 , 2.05726e+06 , 82866.2
91567.2 , -828561 , 1.00486e+06
97029.7 , 287092 , -608663
-91494.4 , -358315 , -1.13139e+06
-810375 , 384876 , -1.10152e+06
379882 , 1.71811e+06 , -343993
1.07606e+06 , 12075.1 , 1.24316e+06
-402094 , -90511.5 , -550019
464193 , -745777 , -637147
-271494 , -1.39019e+06 , -268301
-27524 , 142402 , 2.00842e+06
-531272 , 410326 , -811024
1.5081e+06 , 1.00651e+06 , -613660
899321 , -375604 , 1.2844e+06
-1.06539e+06 , -1.18007e+06 , -458809
-2.17005e+06 , -579106 , 1.06562e+06
-122411 , -808552 , -76327
738179 , 964417 , 657536
-575697 , -975742 , -607999
712230 , -445260 , -1.17226e+06
-1.09948e+06 , -743732 , 84626.7
1.16598e+06 , 541084 , -911049
-434826 , -43975.4 , -675778
1.19584e+06 , -600599 , 1.83045e+06
844576 , 304811 , 1.2957e+06
360498 , -1.84699e+06 , 915392
-188834 , -1.13729e+06 , -1.06581e+06
-1.14692e+06 , -187618 , -457850
1.23761e+06 , 222697 , -1.46227e+06
1.19368e+06 , -759174 , -467730
-532549 , 886867 , 794553
-264676 , -276059 , -1.83692e+06
-128921 , -1.26162e+06 , 508746
654523 , -937815 , -699556
1.8037e+06 , -1.25505e+06 , -5559.83
-1.30943e+06 , -1.19796e+06 , -1.13199e+06
336497 , 188459 , 188776
1.7967e+06 , -1.09304e+06 , 766203
2.04926e+06 , 943949 , 229557
-1.95777e+06 , 65339.7 , 9959.64
-888441 , 378690 , 699576
505290 , -216500 , 74064.5
706394 , -564691 , -432252
-700494 , -568715 , -1.14904e+06
-922924 , -1.11234e+06 , 844147
-825043 , -1.77456e+06 , -940516
-1.20368e+06 , -1.17137e+06 , 190220
-1.07548e+06 , -1.46983e+06 , -163620
-1.18919e+06 , 985696 , 1.34757e+06
-432886 , 644291 , -265296
-371187 , 705335 , -194516
-1.33608e+06 , 90662.3 , -560295
351025 , 159771 , 339085
503017 , -160506 , 1.52708e+06
-612357 , 112864 , 465509
1.42394e+06 , -828076 , 1.2118e+06
896235 , -222762 , -1.36359e+06
453957 , -560090 , 1.99327e+06
-201508 , 95510.8 , -105910
1.4463e+06 , 582139 , -383512
293982 , 775372 , 1.09e+06
-297293 , 295536 , 1.46389e+06
1.16634e+06 , 194912 , -975146
57378.1 , 635478 , 1.62532e+06
277358 , 781635 , -108499
844746 , 1.18109e+06 , 843126
-988427 , -198283 , 1.3724e+06
85241.9 , -1.39404e+06 , 16315
-198167 , -102202 , -548396
1.75166e+06 , -1.19435e+06 , 649734
1.25526e+06 , -804519 , -1.13531e+06
1.08109e+06 , -536851 , -4657.68
-1.25866e+06 , 1.14243e+06 , 1.51757e+06
-1.16819e+06 , 613306 , 196408
983928 , 1.10128e+06 , -577166
-77933.7 , -319841 , -211344
-1.56174e+06 , -821588 , 284660
1.02886e+06 , 57774.8 , -65651.4
-768690 , -362535 , 999837
518590 , -1.66843e+06 , 455079
-588289 , 1.4602e+06 , -1.12293e+06
862016 , -683149 , -1.40644e+06
-189593 , -1.0079e+06 , 1.68798e+06
34581.5 , 661538 , 348052
-273267 , -236618 , 737357
-332902 , -2.24669e+06 , 395200
-471725 , 1.31732e+06 , -285822
-402640 , -998373 , 555838
461044 , -723649 , 396657
-642120 , -981514 , 1.47824e+06
491024 , -1.10198e+06 , 264510
-236296 , 984783 , -1.33556e+06
365045 , -544169 , 868800
417697 , 143170 , -1.43397e+06
890092 , -62952.5 , 79787.6
1.16943e+06 , -627202 , -830601
-1.00013e+06 , -1.02663e+06 , -435564
618302 , -803605 , -727326
-1.047e+06 , 1.60791e+06 , -628437
57637.5 , -810720 , -601618
515958 , 1.17497e+06 , 1.3098e+06
-1.0182e+06 , 24098.5 , -1.43894e+06
930267 , 293404 , -283692
966472 , -233736 , 1.10613e+06
-721549 , 947673 , 903574
-834735 , 210885 , 760645
-164032 , 540352 , 1.21092e+06
-302538 , -1.63617e+06 , 544238
-583852 , 461930 , -844378
1.32963e+06 , -66414 , 686115
255333 , -735184 , 1.79645e+06
963437 , 182587 , -1.02229e+06
1.83771e+06 , 459502 , -463275
825735 , 1.38601e+06 , 239774
1.12643e+06 , -338892 , 1.56074e+06
-1.27646e+06 , -539617 , 807239
935795 , -1.03987e+06 , 895450
317335 , 431400 , -489429
388983 , -791617 , -835638
-1.0235e+06 , 138892 , -1.26739e+06
-28626.5 , 44390.5 , 112468
466255 , -1.89585e+06 , -426609
-467325 , 803948 , 356161
1.17676e+06 , -789646 , -50371.2
950583 , 2.11621e+06 , 559132
-555120 , -717588 , 1.12535e+06
-2.28179e+06 , -767479 , -51361.1
149138 , 912457 , -537682
926395 , -612253 , 1.57002e+06
-1.04787e+06 , -423101 , 165726
-1.08945e+06 , -57138.5 , -27888.9
334833 , -719061 , -744649
-238530 , 2.13525e+06 , 133581
-122942 , 604590 , 1.54037e+06
-579372 , 629879 , -7493.97
-528651 , 438715 , 1.32879e+06
-1.02204e+06 , -1.3604e+06 , 638944
-1.084e+06 , 1.08983e+06 , 1.34042e+06
-1.12832e+06 , -467788 , -972117
-373215 , 131298 , -150873
289753 , -1.09398e+06 , 771546
1.20166e+06 , -285672 , 720815
1.22179e+06 , -764976 , 421518
-552807 , 869956 , -434757
-988497 , 460267 , 452828
1.10504e+06 , -1.26955e+06 , 437640
-257756 , -1.1602e+06 , -1.11509e+06
555602 , -70064.5 , 15150.3
1.42039e+06 , 511787 , 313882
368498 , -1.57028e+06 , -211059
729136 , 1.10067e+06 , 130867
566197 , -1.13562e+06 , -641741
41781.9 , -524879 , 917089
-502186 , -126395 , 1.27078e+06
-540051 , 219.484 , 1.14489e+06
806970 , 1.12922e+06 , -1.23809e+06
837931 , -449980 , 216090
-16283.5 , 1.56213e+06 , 875521
184090 , 292200 , 1.58253e+06
-1.68106e+06 , 432798 , 467715
-798812 , -199084 , 1.22682e+06
899462 , -249361 , -796506
-676842 , -977690 , 1.44371e+06
77108.6 , 457952 , -1.50965e+06
-1.3513e+06 , -735503 , -123110
2.14906e+06 , 342457 , 1.15188e+06
654630 , 638243 , 1.12886e+06
-103763 , 987969 , 1.4183e+06
-651178 , -504291 , 932256
1.0918e+06 , 348519 , 65588.7
787561 , -748812 , -108846
-1.46944e+06 , -1.38388e+06 , -243436
-591842 , -1.19169e+06 , 476553
2.01247e+06 , 256724 , -176352
-1.6158e+06 , -91133.2 , 477472
760127 , -1.44024e+06 , 867363
-251241 , 906017 , 1.86498e+06
-1.12431e+06 , -16962.4 , 1.83798e+06
-297153 , -1.22618e+06 , -147811
531637 , -241002 , 1.50245e+06
-686050 , -2.19667e+06 , 118194
730947 , 899324 , 1.77475e+06
972660 , 372473 , -1.23144e+06
249844 , -1.37993e+06 , 611422
-106505 , 367971 , 611248
-377378 , -522420 , -2.25525e+06
910739 , 1.24678e+06 , -325116
-214788 , -109813 , -726231
666138 , 274431 , 2.14985e+06
-454066 , -704929 , 522992
-137795 , -206441 , 260800
-956430 , -897902 , 1.14188e+06
1.1336e+06 , -570537 , 472585
1.47282e+06 , -631453 , 106016
165176 , -524035 , 54368.7
477065 , 554073 , 1.19208e+06
12396 , 750351 , 920026
-515976 , -351973 , 1.56615e+06
-42949.1 , -157949 , 378854
146543 , 404260 , -1.41026e+06
-1.71851e+06 , 166937 , -362988
973463 , 464741 , 1.40152e+06
1.4069e+06 , -1.81845e+06 , -982630
1.0019e+06 , -1.81928e+06 , -171398
1.22721e+06 , 604318 , 293825
1.0151e+06 , 36232.1 , -1.26832e+06
757648 , 666735 , -910947
-470761 , -804059 , -442864
-143418 , 474608 , 2.10054e+06
395161 , -1.59963e+06 , 488695
-710314 , 514324 , 1.07586e+06
20246.9 , 977068 , -588181
-853761 , 904551 , -1.1213e+06
-812662 , 491677 , -974233
165396 , -247106 , 1.41899e+06
-85049.4 , 1.43116e+06 , 36837.6
-332436 , 443533 , -393896
-388604 , 1.31687e+06 , -401337
1.37936e+06 , -1.4353e+06 , -987085
-538715 , -805888 , -398166
-1.16234e+06 , -172520 , 436842
1.83918e+06 , -1.00671e+06 , -965790
-92089.9 , -1.01635e+06 , 1.12308e+06
560583 , 395374 , 329643
92241.5 , 528635 , -496256
-85030.6 , -487565 , -401408
1.22386e+06 , 549988 , 1.26656e+06
1.62284e+06 , 138842 , -295426
-1.24668e+06 , 907156 , 1.17159e+06
520292 , -338094 , 1.3997e+06
1.24831e+06 , 797180 , -1.17222e+06
-287624 , 8226.1 , -671303
-1.16598e+06 , -1.16841e+06 , 860617
192956 , 455336 , 96520.9
-541124 , 88331.5 , -1.37358e+06
422327 , 478931 , -780431
540095 , -1.54969e+06 , 205351
-1.30128e+06 , 272840 , 588691
46107.8 , -2.03619e+06 , -834656
-279358 , 392163 , -340825
-836113 , -287054 , -1.27594e+06
651329 , 973694 , 562650
697376 , 1.03937e+06 , -81063.8
1.65003e+06 , 165259 , 912038
-340533 , -1.03018e+06 , -404849
-832407 , -360250 , -1.23664e+06
187597 , 622705 , 841574
-444063 , -1.02952e+06 , -1.30222e+06
-607751 , 1.37108e+06 , 794307
564042 , 462675 , -173251
-50146.6 , 411229 , 742643
-196243 , 1.05748e+06 , -45618.7
-127981 , 2.04198e+06 , 1.1785e+06
-555380 , 770217 , -34432.6
1.27809e+06 , -844844 , 337351
450814 , 298114 , 1.27445e+06
680688 , -882560 , -1.04019e+06
817252 , -981386 , 742726
-596334 , 814560 , -680400
-993299 , -427175 , 1.73344e+06
-455826 , 214892 , 661349
-448542 , 1.11771e+06 , -705993
-451398 , -299277 , 1.53667e+06
54168.6 , -1.07486e+06 , 22341.1
-984705 , -1.12043e+06 , -1.01477e+06
-880458 , 1.46928e+06 , 186652
79150.7 , -409982 , 432876
144543 , 93693.7 , -233899
353507 , 606498 , 605226
388345 , 640567 , -724749
502928 , -1.53511e+06 , -1.02396e+06
-716572 , -100850 , 845288
518622 , -472752 , -1.58832e+06
-31763.1 , 500424 , 1.01716e+06
-528235 , 1.65637e+06 , 1.24065e+06
87688.1 , -271990 , 704338
1.79342e+06 , 364672 , -586662
-387086 , -1.49158e+06 , 505840
1.3598e+06 , 1.09287e+06 , 1.0919e+06
517561 , -716762 , 1.76463e+06
-604771 , 346597 , 281484
60583.3 , 1.86367e+06 , -375807
-703487 , 355309 , 36785.4
-660351 , 1.22711e+06 , -782496
1.62714e+06 , -85015.5 , -1.26042e+06
1.27863e+06 , -669682 , -891054
-185423 , -241303 , 309234
1.03087e+06 , -55323.1 , -26931.8
-641755 , -576920 , -1.4937e+06
104243 , 31863.4 , 685138
-50148.1 , 938669 , -305244
-735102 , -694037 , -468601
1.15721e+06 , -1.04191e+06 , 731576
291189 , -304519 , -443874
1.28045e+06 , -579706 , 971880
-825160 , 820463 , 1.82546e+06
-952790 , 787308 , 398009
55685 , 880127 , -401966
1.53561e+06 , -189531 , 147586
1.33541e+06 , -31045.2 , -98212.7
-652237 , 863798 , -1.41118e+06
-549841 , 1.35088e+06 , -212082
-1.19008e+06 , -504578 , 1.37617e+06
-143594 , 907505 , 227825
-1.05722e+06 , 1.09806e+06 , 137468
-1.5239e+06 , 556699 , 940215
-167686 , -317002 , 84042.4
-1.08112e+06 , 1.63544e+06 , 497481
1.21874e+06 , 452082 , 165822
1.67246e+06 , 1.47306e+06 , -469441
873938 , 289427 , -437031
-610433 , 287894 , 521929
-223104 , 1.16137e+06 , 262411
-726938 , 1.32107e+06 , 487698
-317559 , -1.20434e+06 , 1.28618e+06
-189920 , -384507 , -1.83982e+06
-707790 , 939621 , -155965
-943742 , 1.63945e+06 , -866541
44828.6 , -1.16405e+06 , 325569
607477 , 1.04032e+06 , -492598
-374642 , 55568.7 , -1.24007e+06
-1.45137e+06 , 708149 , 479203
187970 , 587013 , 651435
491308 , -268809 , -455660
293164 , 960053 , 645298
441479 , 585454 , 446402
1.23336e+06 , 1.03067e+06 , 1.29349e+06
583059 , 1.4636e+06 , 883050
1.15918e+06 , -465722 , 320781
-693825 , 805230 , -1.00247e+06
-766176 , -1.0341e+06 , -1.03171e+06
626556 , 1.46485e+06 , 452098
-279100 , -160067 , -973959
945714 , -109023 , -387112
1.249e+06 , -55767.2 , -576307
890680 , -814021 , -228514
-1.11481e+06 , 990799 , -345023
-609468 , 904397 , 2.16249e+06
-1.28855e+06 , -278024 , -260210
-486587 , 812389 , 494918
179650 , -1.20075e+06 , -70083.7
-1.40397e+06 , -1.19466e+06 , -739581
351494 , 822179 , 55726.7
960473 , -354054 , 217126
-555573 , 619619 , -658788
-1.10335e+06 , -169107 , 1.80534e+06
-1.98569e+06 , -904575 , 243951
-711065 , 626331 , 861247
455897 , -202156 , -832916
-16155.9 , -148062 , 471017
543214 , -1.50738e+06 , -1.3426e+06
-530394 , 367584 , 584633
1.9734e+06 , 410342 , 515146
643864 , -1.003e+06 , -1.98861e+06
-1.83718e+06 , -379853 , 614603
-215893 , -482607 , 1.47176e+06
801656 , -662921 , 1.51409e+06
364261 , 760202 , 1.47585e+06
1.05214e+06 , 639459 , 740878
-137706 , 577162 , 1.07585e+06
1.74663e+06 , -638672 , 1.07695e+06
-489404 , 358176 , 348017
-385315 , 833656 , 1.74614e+06
200014 , 1.06145e+06 , -257059
1.35785e+06 , 195141 , 1.63924e+06
1.24837e+06 , 728850 , -356093
411560 , -792301 , 115500
1.46851e+06 , 392781 , -726071
1.05301e+06 , 599143 , 1.02207e+06
1.41929e+06 , 1.53373e+06 , -327334
-593443 , 112020 , 556138
308581 , 1.19744e+06 , 1.09688e+06
-1.08091e+06 , 902794 , 1.08903e+06
831703 , 1.57047e+06 , 1.04712e+06
664514 , -453191 , -952049
-270488 , -1.38852e+06 , -311126
-1.10421e+06 , -224884 , -609273
-723347 , -1.75576e+06 , 402562
371969 , -785117 , -1.07701e+06
-195586 , 1.16637e+06 , -266220
-600286 , 1.12422e+06 , 699901
-1.44486e+06 , -860591 , -602640
437088 , 2.22026e+06 , -231985
578391 , -798640 , 1.54823e+06
-975963 , -348699 , 1.48967e+06
-341552 , 314021 , 931497
-1.31341e+06 , 182556 , -826204
-456364 , -686417 , -200241
1.28791e+06 , 770920 , 1.06759e+06
1.01393e+06 , -1.69614e+06 , 148364
-1.37862e+06 , -627740 , 8152.14
962468 , -1.8698e+06 , -809950
1.18193e+06 , -878928 , 88936.6
-1.48887e+06 , -879521 , 1.006e+06
443756 , 174369 , 786353
-1.44688e+06 , 951977 , -651378
256375 , 60296.2 , 543973
436172 , -1.03145e+06 , 165507
-379478 , -325402 , -594535
766118 , 28384.2 , -630458
588498 , 943493 , -967243
1.14626e+06 , 603150 , 236167
-1.43831e+06 , -942114 , 710019
-511679 , 983921 , 251729
600423 , 784436 , -1.51237e+06
1.15314e+06 , -440151 , -783905
-1.12529e+06 , -714312 , -591506
-509519 , 1.08074e+06 , 661675
-1.39927e+06 , 331050 , -1.01636e+06
859217 , 979481 , 43785.6
316703 , 1.24953e+06 , -314806
2.18701e+06 , 228071 , -828075
-170914 , -99314.5 , 1.40837e+06
-159398 , -362092 , -93783.1
-400481 , 519847 , -420284
-1.60309e+06 , -1.21873e+06 , -391817
-236412 , 144602 , 1.65286e+06
852734 , -875652 , -1.57698e+06
1.05648e+06 , 252162 , -320471
-651447 , -335339 , -1.35619e+06
1.48875e+06 , 554917 , 1.25636e+06
1.4079e+06 , 339704 , 767719
1.18826e+06 , 781798 , 752547
-461724 , 1.66488e+06 , -244823
-813993 , -1.01017e+06 , 309715
922006 , 338307 , -252745
1.12909e+06 , 599346 , -1.02328e+06
-250524 , -227884 , -1.05649e+06
-262819 , 693761 , -213601
926463 , 842389 , -233916
-790268 , -1.78139e+06 , -217247
-17315 , -1.83313e+06 , 542087
182358 , 170376 , 624259
956162 , 239761 , 1.56672e+06
167389 , 588947 , 15328.5
-732883 , -938711 , -93321.2
-131823 , -460642 , 771727
939813 , 334504 , -1.4174e+06
483696 , 1.05147e+06 , 1.532e+06
-1.40619e+06 , 126480 , 730195
782057 , 185925 , 676893
1.12991e+06 , 131917 , -164680
1.5986e+06 , 612170 , 70148.1
139380 , -1.48927e+06 , 259039
1.09643e+06 , 241586 , 1.36485e+06
-592730 , 1.21926e+06 , -321224
1.57141e+06 , 407495 , 56116.5
-2.02196e+06 , 190334 , -90425.8
-224263 , -582169 , 2.18786e+06
1.27022e+06 , 645511 , -608643
333666 , 1.17202e+06 , -244479
-683504 , -131017 , 193945
-865748 , 105403 , -1.30017e+06
82493 , -402071 , 498469
-668992 , 125999 , 50242.8
1.59613e+06 , -723452 , -1.16735e+06
109569 , 580807 , -1.25952e+06
-328747 , -640046 , 279604
-255291 , 945872 , -1.40917e+06
809935 , 2.00719e+06 , 907297
1.44227e+06 , 475764 , -136314
-39342.3 , 1.15405e+06 , 2592.35
1.03363e+06 , -922627 , -508144
-1.68092e+06 , 44083.9 , -895533
-910434 , -1.04039e+06 , 357206
-576933 , 978158 , -1.19214e+06
-441836 , 466066 , 1.28284e+06
-519901 , 1.86015e+06 , -5747.96
-624638 , 129601 , 414003
-790652 , -1.35382e+06 , -154425
627814 , -285535 , 2.25131e+06
1.52709e+06 , -1.81639e+06 , 993980
-1.10477e+06 , -1.31339e+06 , 1.39569e+06
910680 , 774937 , 617282
834607 , -1.04617e+06 , 61330.3
-476748 , 1.33936e+06 , 558241
-816170 , -830348 , -1.11068e+06
1.57099e+06 , 1.51964e+06 , -310135
-801754 , 1.1923e+06 , 1.02183e+06
-497129 , -444996 , -908605
-534123 , 966075 , 1.26661e+06
-1.44141e+06 , 1.03187e+06 , -1.26803e+06
-720690 , 1.65567e+06 , -645973
-861248 , -646161 , 1.13886e+06
-475045 , 594185 , -1.13387e+06
-284503 , -187344 , 1.6548e+06
1.82786e+06 , -1049.14 , 575514
118543 , 284724 , -324069
728207 , 1.51711e+06 , 431909
1.02857e+06 , 82445.2 , 169063
1.05756e+06 , -867114 , 783481
-240628 , 862412 , 811110
554703 , -1.13365e+06 , 1.06486e+06
498802 , -720431 , -801986
-139501 , -639464 , -283657
-1.30212e+06 , -139582 , 24416.1
-892211 , -1.07781e+06 , -28543.4
-260471 , 690478 , -1.05179e+06
174540 , -865011 , -225694
749468 , 718639 , -35103.3
-1.34947e+06 , -478051 , -818147
-991770 , 1.16852e+06 , 814728
-1.01783e+06 , 1.11567e+06 , -930040
-950763 , 143467 , 1.45129e+06
-763133 , 133803 , -855484
-1.61595e+06 , -352320 , -258314
-593401 , -22646.1 , -383919
163964 , 551562 , -576853
-955506 , -481056 , 253797
862372 , 310739 , -1.45669e+06
-1.25411e+06 , -828370 , -204950
710827 , 9365.56 , -288097
956957 , -559158 , 311284
-352287 , -562359 , 303930
845737 , -1.24256e+06 , -434182
-549484 , -1.15932e+06 , 434223
-514200 , -113445 , -223068
-166754 , -969635 , 433210
181040 , 2.06587e+06 , 49816.8
-245247 , -1.18335e+06 , 791503
1.79485e+06 , -733351 , 384608
1.84818e+06 , 929261 , 218388
1.0469e+06 , -1.82482e+06 , -377391
-720229 , -248617 , 388341
