t , Ki , Mi , Ni , Vxi , Vyi , Vzi , Txi , Tyi , Tzi , Rxi , Ryi , Rzi, XX, YY, ZZ, XY, XZ, YZ, XVX, XVY, XVZ, YVX, YVY, YVZ, ZVX, ZVY, ZVZ
0 , 0 , 0 , 3e+22 , 0 , 0 , 0 , 0 , 0 , 0 , 0 , 0 , 0 , 0 , 0 , 0 , 0 , 0 , 0 , 0 , 0 , 0 , 0 , 0 , 0 , 0 , 0 , 0
5e-05 , 92.1094 , 0.00307031 , 3e+22 , -89.9431 , 124.197 , 229.2 , 0.00206135 , 0.00202551 , 0.00205333 , 0.000166504277 , 9.02846373e-05 , 0.0907688631 , 0.00595733345 , 0.00601113833 , 0.0134581193 , 5.57161587e-05 , 4.18935057e-05 , 4.88014226e-05 , 14.4165546 , -1.87138368 , 13.524599 , -25.3786152 , 10.1098647 , 1.521698 , -11.7238155 , 14.5977677 , 46.90581
0.0001 , 171.231 , 0.00570771 , 3e+22 , -13.3713 , -68.0493 , 325.91 , 0.00377796 , 0.00382713 , 0.0038097 , -0.000363867011 , -0.000584911312 , 0.163209406 , 0.0199972965 , 0.0199151707 , 0.0450246238 , -0.000143544674 , -0.000195407014 , -3.09657538e-05 , 11.0265718 , 42.4375771 , 1.19109427 , 35.1665327 , 3.76426395 , -16.4248515 , 6.14524576 , -45.3459749 , 57.027534
0.00015 , 249.263 , 0.00830878 , 3e+22 , -75.3419 , -63.4922 , -56.2035 , 0.00558253 , 0.00555414 , 0.00548082 , -0.000280517767 , -0.000976128904 , 0.234083359 , 0.0412091028 , 0.0422061036 , 0.0944335003 , -0.000466386383 , -5.0747763e-05 , 0.000192512772 , 19.4134389 , 32.6331364 , -11.1814787 , 55.1766527 , -1.55507978 , -24.3848206 , -70.7664324 , -36.4053321 , -36.709613
0.0002 , 326.312 , 0.0108771 , 3e+22 , -142.3 , -81.7845 , -319.258 , 0.00726079 , 0.00727258 , 0.00722005 , -0.00102560704 , -0.0014006734 , 0.303304353 , 0.0704370539 , 0.0708514474 , 0.16052776 , -0.000526854911 , -0.000452583695 , -0.00079352499 , -126.753023 , 77.8329449 , 90.5235898 , -57.4825814 , 129.557546 , 92.9204176 , -53.5642579 , -5.14179041 , -203.161545
0.00025 , 399.658 , 0.0133219 , 3e+22 , 130.898 , -435.437 , -78.9374 , 0.0088523 , 0.00889331 , 0.00889703 , -0.00126386563 , -0.00181544201 , 0.370649544 , 0.107168808 , 0.108332456 , 0.242223803 , -0.000266825059 , 0.000577351903 , -0.00123482392 , 97.3199623 , 182.774229 , 98.6795338 , 66.3760949 , 113.45029 , -119.678379 , -63.1511551 , -141.286629 , -116.413864
0.0003 , 476.243 , 0.0158748 , 3e+22 , 49.8065 , -435.208 , 209.166 , 0.0105862 , 0.010553 , 0.0106091 , -0.000426595426 , -0.00294519454 , 0.442554628 , 0.151731163 , 0.153065381 , 0.347567154 , -0.000909695722 , 0.00229448877 , -0.00325548207 , -15.1115595 , -11.5733674 , -30.7802865 , -79.4233902 , 132.277454 , -102.469965 , -116.717744 , -654.432071 , 271.108428
0.00035 , 549.459 , 0.0183153 , 3e+22 , -188.485 , -559.432 , 382.562 , 0.0122284 , 0.0122794 , 0.01212 , -0.00143108012 , -0.00321491064 , 0.513106443 , 0.203416477 , 0.205414398 , 0.471071242 , -0.00164622211 , 0.00248301976 , -0.00240098912 , 126.933746 , 151.169795 , 11.5699364 , 164.145439 , 10.3455851 , -88.6913074 , -145.631239 , -330.556735 , 169.579932
0.0004 , 621.494 , 0.0207165 , 3e+22 , -546.725 , 329.684 , 88.269 , 0.0137812 , 0.0137464 , 0.013903 , -0.00124141431 , -0.00134587041 , 0.582518649 , 0.262960167 , 0.26444087 , 0.610276507 , 0.00116219228 , 0.00116169741 , 0.00185226775 , -31.2184419 , -96.5889651 , -170.630525 , 52.0956138 , 3.68876544 , -106.746593 , -389.283742 , 439.194208 , -179.83098
0.00045 , 693.312 , 0.0231104 , 3e+22 , 12.6358 , 5.20718 , 616.351 , 0.015301 , 0.0155265 , 0.0153911 , -0.00353434612 , -0.000306379408 , 0.653521302 , 0.330088318 , 0.331663339 , 0.775013701 , 0.00199204427 , 0.000152664392 , 0.00302171209 , -44.4181191 , 82.2295466 , 669.878764 , 93.4363491 , -115.189799 , 35.7486904 , -652.560683 , -324.78828 , 349.637314
0.0005 , 765.095 , 0.0255032 , 3e+22 , -136.191 , 34.4326 , 232.446 , 0.0168349 , 0.017137 , 0.0170341 , -0.00465704278 , 0.00186863171 , 0.725976936 , 0.404525818 , 0.412976049 , 0.967155182 , 0.00471634557 , -0.00154319079 , 0.000627770309 , 762.496264 , 127.019627 , -191.349312 , -289.175821 , -90.9763726 , -518.90077 , -59.2589639 , 614.516008 , 658.580101
0.00055 , 835.851 , 0.0278617 , 3e+22 , 392.388 , -438.324 , 22.1475 , 0.0185548 , 0.0186851 , 0.0184815 , -0.00340957438 , 0.00121636651 , 0.797782071 , 0.496241509 , 0.493875978 , 1.18309829 , 0.00248663634 , -0.00320038557 , -0.00145052146 , 245.057517 , -118.651611 , -453.984415 , 271.112312 , -120.866017 , -107.334957 , 590.431891 , -1450.80209 , 271.258589
0.0006 , 905.411 , 0.0301804 , 3e+22 , -359.638 , 17.8162 , -39.5648 , 0.0199292 , 0.0202196 , 0.0202112 , 7.87937257e-05 , 0.00224674851 , 0.870088879 , 0.593326805 , 0.593156544 , 1.42234351 , 0.00298913534 , -0.00553912195 , -0.00261202193 , -33.4386926 , -186.56729 , -35.0586657 , 223.551241 , 164.009269 , 304.900162 , -1060.31381 , 4.01186384 , 303.177575
0.00065 , 977.145 , 0.0325715 , 3e+22 , -469.997 , -107.604 , 512.598 , 0.0218295 , 0.0215533 , 0.0217574 , 0.000172876458 , 0.00341336776 , 0.945550271 , 0.70238763 , 0.704463776 , 1.70766655 , 0.00311187569 , -0.00374445707 , 0.00143294832 , 284.975051 , -474.935027 , -352.317616 , 357.998962 , -14.8057583 , -65.2494791 , -404.448544 , -387.456812 , 2120.33185
0.0007 , 1054.01 , 0.0351338 , 3e+22 , -217.01 , -21.6585 , 594.493 , 0.0233518 , 0.0232353 , 0.0236783 , 0.00282656812 , 0.00295711517 , 1.02693111 , 0.831461679 , 0.824629103 , 2.06242078 , 0.00330955153 , 0.0132686014 , -0.00290305429 , -74.9448603 , -77.9395961 , -672.917151 , 56.0468687 , 164.350178 , 375.885743 , -557.085248 , 155.512603 , 2237.72742
0.00075 , 1133.18 , 0.0377727 , 3e+22 , -547.921 , -339.917 , -133.066 , 0.025208 , 0.0253681 , 0.0249669 , 0.0021129382 , 0.00548866427 , 1.11331009 , 0.978559361 , 0.973201666 , 2.4729858 , -0.00238392543 , 0.0136731089 , 0.00545886849 , 51.3815422 , 180.921907 , -184.599693 , -543.023084 , 429.745174 , -498.150039 , -1494.62805 , -1052.48651 , 82.4751852
0.0008 , 1211.01 , 0.040367 , 3e+22 , 522.522 , 14.4789 , 314.735 , 0.0272022 , 0.0268157 , 0.026714 , 0.0039155255 , 0.00631945334 , 1.19827989 , 1.15495098 , 1.1425822 , 2.90704998 , -0.00431367175 , 0.024977154 , 0.00755649496 , 550.814496 , 608.112598 , -430.776572 , 145.5009 , 302.04637 , -531.219008 , 1023.92963 , 984.132717 , 2260.31859
0.00085 , 1285.75 , 0.0428584 , 3e+22 , 252.823 , 287.957 , 612.107 , 0.0286119 , 0.0284643 , 0.0286377 , 0.00314463884 , 0.00819707222 , 1.28087605 , 1.32693423 , 1.34686292 , 3.35253486 , -0.00250842026 , 0.0250402962 , 0.00748231988 , 168.302293 , 465.865434 , 18.2102153 , -257.703113 , 693.100672 , 819.844632 , 770.085988 , -80.4428556 , 2525.62211
0.0009 , 1370.95 , 0.0456982 , 3e+22 , -275.252 , 554.093 , 560.12 , 0.0302468 , 0.0302376 , 0.0309081 , 0.00379426159 , 0.00632644945 , 1.37466357 , 1.52626381 , 1.52737163 , 3.90523312 , -0.0148314118 , 0.0232301505 , 0.019525003 , 1039.48705 , 550.16778 , 858.235072 , -1710.42735 , 195.219378 , 122.482632 , -2626.08922 , 2593.931 , 2090.87537
0.00095 , 1446.39 , 0.0482131 , 3e+22 , -170.094 , -375.73 , 1189.82 , 0.03222 , 0.031926 , 0.0322711 , 0.00271343354 , 0.00781773493 , 1.46260802 , 1.77299822 , 1.76489252 , 4.48229049 , -0.0207261913 , 0.02192501 , 0.0292012222 , 1965.34417 , 952.567318 , 163.720131 , -1474.5181 , -170.995755 , 773.432135 , 2183.98139 , 4.90171031 , 4021.06788
0.001 , 1532.22 , 0.0510739 , 3e+22 , -147.359 , 19.8643 , 711.583 , 0.0341489 , 0.0337937 , 0.0342021 , 0.00378177707 , 0.0066304171 , 1.56116194 , 2.02952864 , 2.01459752 , 5.16629806 , -0.018622493 , 0.0256918589 , 0.0217714974 , 244.230005 , -35.0200013 , -1059.01671 , 636.966187 , 1047.54499 , 1393.9861 , 571.345466 , -470.178142 , 5027.76396
0.00105 , 1616.95 , 0.0538984 , 3e+22 , -387.632 , -102.164 , 701.923 , 0.0355977 , 0.0357685 , 0.0364268 , 0.0123733735 , 0.00925083332 , 1.65882779 , 2.29371745 , 2.28046918 , 5.88620422 , -0.000288130582 , 0.0826572673 , 0.0403021579 , 1664.98268 , -241.688407 , 1455.32913 , 658.734196 , -540.152271 , 1149.93277 , 320.41718 , -771.715389 , 3264.83811
0.0011 , 1704.35 , 0.0568117 , 3e+22 , -522.916 , 486.405 , 743.737 , 0.0379083 , 0.0381353 , 0.0375738 , 0.00701429503 , 0.0116051849 , 1.76022931 , 2.59836213 , 2.56741006 , 6.64819074 , 0.00298512171 , 0.0850029193 , 0.0673010513 , 1613.60007 , 1704.09993 , -1325.52308 , -1768.32129 , 694.561805 , -1873.82702 , -2886.33876 , -200.211043 , 2622.76735
0.00115 , 1791.82 , 0.0597275 , 3e+22 , 430.569 , -924.553 , 845.347 , 0.0400266 , 0.0402514 , 0.039167 , -0.00117522048 , 0.0164417087 , 1.86225668 , 2.91582753 , 2.88577086 , 7.48161022 , 0.00875238753 , 0.0225783221 , 0.098994006 , 392.809529 , 197.328348 , -420.128171 , 1035.14542 , 2900.88372 , 2630.17979 , 3851.89477 , -3483.63015 , 6928.84484
0.0012 , 1879.71 , 0.0626571 , 3e+22 , 11.3779 , 344.14 , 1376.04 , 0.0414648 , 0.0417413 , 0.0420968 , -0.00162714882 , 0.0131554653 , 1.96587235 , 3.32196689 , 3.18036045 , 8.33413763 , -0.000423302974 , 0.0289167541 , 0.0766807664 , 1350.26163 , -1037.62863 , 693.05477 , 1042.18289 , 2581.21589 , 1025.24526 , -2103.05815 , 1114.93246 , 8338.23683
0.00125 , 1970.98 , 0.0656993 , 3e+22 , -195.291 , 535.353 , 1056.13 , 0.0441449 , 0.0434984 , 0.0437471 , 0.00313288537 , 0.0207552912 , 2.07287329 , 3.68477739 , 3.56295403 , 9.26855841 , 0.00293346975 , 0.0455803689 , 0.115513894 , 1381.46001 , -1914.65196 , -35.5730763 , 580.867303 , 5383.40317 , -1012.97753 , -757.838349 , 1254.6984 , 5796.58296
0.0013 , 2059.52 , 0.0686506 , 3e+22 , 355.232 , 317.059 , 1612.39 , 0.0460899 , 0.0453669 , 0.0458283 , 0.00154437347 , 0.0159813454 , 2.17748953 , 4.12232844 , 3.94444849 , 10.1818643 , -0.010066796 , 0.0187396719 , 0.0794339602 , 2623.00235 , 2880.1509 , -953.139591 , 2207.163 , -210.800752 , 1350.80866 , 3022.32297 , 3752.68631 , 6135.02333
0.00135 , 2148.3 , 0.07161 , 3e+22 , 27.9687 , -44.2383 , 849.687 , 0.0473306 , 0.0479395 , 0.0479458 , 0.00649014399 , 0.0167981744 , 2.28142397 , 4.5274308 , 4.37008647 , 11.133413 , 0.0153281661 , 0.0682394958 , 0.11003471 , 3264.0085 , 1702.32856 , 24.6726935 , -124.60613 , 569.171551 , -728.923189 , 1238.34141 , 1377.83664 , 5665.92056
0.0014 , 2246.78 , 0.0748927 , 3e+22 , -262.611 , -315.267 , 707.45 , 0.0492731 , 0.0496667 , 0.0508417 , 0.00385808711 , 0.0170980127 , 2.39768455 , 4.97076521 , 4.81709247 , 12.3051922 , 0.0319612014 , 0.0588192304 , 0.157838514 , 594.595651 , 657.932229 , -79.4184241 , -791.63792 , 2424.84574 , -14.8879477 , -2855.50125 , -3941.88637 , 1750.80387
0.00145 , 2346.56 , 0.0782186 , 3e+22 , 228.145 , 657.617 , 498.586 , 0.051579 , 0.0524376 , 0.0524164 , 0.0101366662 , 0.0172099458 , 2.51754407 , 5.43080217 , 5.30354319 , 13.5102952 , 0.0254747681 , 0.100897619 , 0.169432983 , 3187.88474 , -2619.69189 , 1920.76585 , -552.149836 , 6433.95285 , 1126.00642 , 1747.1598 , 5445.26198 , 1884.86931
0.0015 , 2445.74 , 0.0815248 , 3e+22 , 54.2793 , -550.605 , 876.669 , 0.0542393 , 0.0544448 , 0.0543593 , 0.0110788214 , 0.0180492534 , 2.63448789 , 5.91805653 , 5.77975164 , 14.7196916 , 0.0202071538 , 0.0944103411 , 0.147502721 , 2641.49251 , 1878.46032 , -3152.2843 , 1210.66181 , 1088.83574 , 1256.97587 , 53.7143738 , -6912.54119 , 2724.12447
0.00155 , 2544.12 , 0.0848039 , 3e+22 , 127.043 , 353.314 , 167.461 , 0.056606 , 0.0565967 , 0.0564042 , 0.0143795793 , 0.0101812623 , 2.75243413 , 6.39796785 , 6.33224486 , 15.981978 , 0.022592946 , 0.114051049 , 0.0852667105 , 4234.63193 , 1518.62385 , 127.576582 , -288.736649 , 1143.08838 , 835.284696 , 307.569571 , 2362.99824 , 2695.23543
0.0016 , 2638.8 , 0.0879601 , 3e+22 , -89.6804 , -236.719 , 651.541 , 0.0590148 , 0.0580794 , 0.0588232 , 0.0152606623 , 0.0133603486 , 2.8670324 , 6.93924062 , 6.89145518 , 17.1943993 , -0.0107820288 , 0.125132204 , 0.132515988 , 6128.61768 , 2223.76151 , -1876.69119 , -408.289066 , -651.672379 , 1259.09193 , -1511.41032 , -1050.80312 , 3543.84548
0.00165 , 2735.08 , 0.0911693 , 3e+22 , 140.694 , -359.012 , -160.921 , 0.0607665 , 0.0606653 , 0.0609058 , 0.0112571936 , 0.012904943 , 2.9829473 , 7.55659586 , 7.4410203 , 18.5091674 , -0.0344094946 , 0.106077985 , 0.155311287 , 2972.98425 , -1550.47483 , 2535.05039 , -3213.37396 , 2087.76586 , 2041.07259 , 3134.43927 , -1510.6981 , -2429.09032
0.0017 , 2827.13 , 0.0942377 , 3e+22 , 127.591 , 56.6797 , 1162.91 , 0.0628985 , 0.0626807 , 0.0628884 , 0.0126662997 , 0.0166975101 , 3.09555272 , 8.2130658 , 8.01801491 , 19.7839318 , 0.00627218268 , 0.0973669526 , 0.19276972 , 4442.23056 , 1902.90594 , -1587.94591 , -2921.1628 , 6770.87083 , -1588.40342 , 3250.93623 , 2595.99982 , 10019.3356
0.00175 , 2921.08 , 0.0973693 , 3e+22 , 1151.39 , -1062.84 , 1247.11 , 0.0650148 , 0.0650047 , 0.0646962 , 0.0142819823 , 0.0135937963 , 3.2098519 , 8.86525428 , 8.70662519 , 21.1318009 , -0.0552371142 , 0.135087872 , 0.194558056 , 1045.28755 , -2601.05916 , -152.721034 , -1956.35881 , 4866.51413 , 2782.25093 , 3387.95756 , -10653.0168 , 10765.897
0.0018 , 3014.34 , 0.100478 , 3e+22 , 298.582 , 235.076 , 1850.95 , 0.0672928 , 0.0667101 , 0.0669329 , 0.0165429267 , 0.00661339982 , 3.3245993 , 9.54989967 , 9.37008826 , 22.512928 , -0.115851373 , 0.148465666 , 0.160129385 , 3555.81748 , -4791.14773 , 1382.25395 , -4250.13125 , 1328.021 , 401.458213 , -225.69921 , -1526.7424 , 12189.9827
0.00185 , 3115.46 , 0.103849 , 3e+22 , 788.286 , -118.703 , 989.108 , 0.0690128 , 0.0699408 , 0.0687345 , 0.0117576244 , 0.00319392847 , 3.4494226 , 10.1670631 , 10.1051632 , 24.0615775 , -0.119041436 , 0.135457477 , 0.0949861796 , 7424.79171 , -2270.15964 , -1728.75478 , -41.1032772 , 1340.12814 , 1173.49466 , 4504.28436 , -3290.39621 , 11392.7214
0.0019 , 3218.51 , 0.107284 , 3e+22 , 332.123 , 318.571 , 1157.52 , 0.0715318 , 0.0716887 , 0.071338 , 0.0197315413 , 0.0035818949 , 3.57648315 , 10.9771548 , 10.8857176 , 25.6849569 , -0.112107474 , 0.175030412 , 0.102657227 , 1947.9246 , -8391.65823 , 2067.79829 , 3670.17491 , 5408.04445 , -4848.41792 , 8535.88276 , 4919.75522 , 9597.89757
0.00195 , 3306.1 , 0.110203 , 3e+22 , 1234.29 , 138.78 , 867.661 , 0.0735467 , 0.0740135 , 0.0728331 , 0.023875586 , -0.00341664797 , 3.68696015 , 11.7648758 , 11.586743 , 27.0957257 , -0.120044527 , 0.2310152 , 0.0533659319 , 3014.8732 , 1158.26124 , -1657.39442 , -1267.30046 , 605.175205 , -207.532725 , 8680.22776 , 7666.8553 , 6726.54277
0.002 , 3395.55 , 0.113185 , 3e+22 , -668.366 , -725.282 , 1628.4 , 0.0756835 , 0.075213 , 0.0754527 , 0.0260491195 , -0.00711076564 , 3.80092392 , 12.5042198 , 12.3824411 , 28.5772597 , -0.127222163 , 0.26815039 , 0.048149349 , 3716.4163 , 729.57581 , -4242.77757 , 1992.4587 , 7980.74644 , -662.5936 , -8917.24955 , -7478.1792 , 14720.0817
0.00205 , 3496.99 , 0.116566 , 3e+22 , 155.822 , 654.273 , 725.865 , 0.0776581 , 0.0771398 , 0.0783292 , 0.0304973186 , -0.0141784603 , 3.9280882 , 13.3438019 , 13.2211971 , 30.3150936 , -0.111873075 , 0.30389506 , 0.0164384565 , 5222.39271 , -3360.46154 , 4018.98649 , -2785.57356 , 7763.9376 , 7921.70071 , -340.537888 , 4420.59235 , 10259.8369
0.0021 , 3585.39 , 0.119513 , 3e+22 , 223.905 , -1331.24 , 1484.12 , 0.0788415 , 0.0792552 , 0.0809065 , 0.0179179039 , -0.016515903 , 4.04252709 , 14.1266341 , 14.0148383 , 31.7955631 , -0.0716528276 , 0.216321678 , 0.0299236422 , 5688.1044 , 4489.3378 , 497.250107 , -928.410622 , 3419.27248 , 219.71607 , 1172.34983 , -8038.29666 , 17613.945
0.00215 , 3679.07 , 0.122636 , 3e+22 , -265.155 , 140.254 , 1419.87 , 0.0824927 , 0.0819579 , 0.0808088 , 0.0207798913 , -0.0175525442 , 4.1615698 , 14.9217288 , 14.8874292 , 33.3690667 , -0.0616749186 , 0.201883482 , -0.0702949978 , 1316.03441 , 3448.09417 , 1046.44557 , 6583.30908 , 1476.85912 , -2955.08039 , 2117.09989 , 4890.7994 , 8612.92667
0.0022 , 3776.69 , 0.12589 , 3e+22 , 1034.21 , -568.471 , 354.225 , 0.0837446 , 0.0843075 , 0.0837186 , 0.0204504621 , -0.00851894822 , 4.28550797 , 15.8399306 , 15.790881 , 35.07819 , -0.0463962778 , 0.222802528 , 0.0171383145 , 10152.7727 , 3712.1274 , -5361.04207 , 3692.24407 , 5053.76674 , 1542.26043 , 8382.68047 , -6741.19977 , -957.209608
0.00225 , 3859.92 , 0.128664 , 3e+22 , -535.644 , -276.858 , 2199.03 , 0.0860689 , 0.0855002 , 0.0857294 , 0.0246880185 , 0.000161143475 , 4.39421428 , 16.6774411 , 16.7015685 , 36.6034484 , -0.0712601131 , 0.249908953 , 0.137348302 , 6362.38119 , -3454.69744 , -282.078291 , 1199.93576 , 8377.84133 , 413.081922 , -8448.25597 , -1117.70089 , 16912.1228
0.0023 , 3955.57 , 0.131852 , 3e+22 , -705.752 , 1135.02 , 2800.04 , 0.0878519 , 0.0883306 , 0.0874675 , 0.0256507571 , 0.00197803722 , 4.51619631 , 17.7077479 , 17.4042474 , 38.4095699 , -0.0749321632 , 0.274686129 , 0.122441726 , 5660.92375 , -7075.48052 , -7376.14848 , 4075.15322 , 1738.91249 , 6133.91233 , -8142.27208 , 9180.3481 , 27604.167
0.00235 , 4040.91 , 0.134697 , 3e+22 , 323.962 , 1085.64 , 1034.2 , 0.0904425 , 0.0893267 , 0.0896113 , 0.0243030564 , -0.000372962218 , 4.62989288 , 18.6126527 , 18.4069753 , 40.0616091 , -0.0809309353 , 0.275544922 , 0.139642333 , 1943.18484 , -6446.16681 , -228.516289 , 3551.3241 , 10390.7373 , 1655.0804 , -96.277426 , 9565.15966 , 4575.1821
0.0024 , 4129.49 , 0.13765 , 3e+22 , -857.042 , 444.086 , 1429.87 , 0.0922432 , 0.0910712 , 0.0919682 , 0.0199298423 , -0.00502592653 , 4.74753059 , 19.5115738 , 19.3951601 , 41.8199558 , -0.0832270361 , 0.290156714 , 0.132400549 , 9660.49787 , 2739.94177 , -4883.11357 , -3990.76309 , 4751.12515 , 11544.5567 , -2466.35533 , 1086.11417 , 19171.2225
0.00245 , 4227.24 , 0.140908 , 3e+22 , -467.094 , -1420.88 , 2190.49 , 0.0955418 , 0.0931731 , 0.0930611 , 0.0241483176 , -0.00118717693 , 4.87356742 , 20.5291771 , 20.3401983 , 43.7397091 , -0.0993191133 , 0.377522442 , 0.13197898 , -278.314767 , 1033.5747 , -628.62059 , -4453.39809 , 5682.96744 , -514.217055 , -2412.42895 , -16107.9183 , 13430.8556
0.0025 , 4314.71 , 0.143824 , 3e+22 , 1412.69 , 165.708 , 418.471 , 0.0960819 , 0.0950561 , 0.0964967 , 0.0197267399 , -0.00387682736 , 4.99000779 , 21.3996135 , 21.4137083 , 45.5882371 , -0.175312654 , 0.363896366 , 0.0867695554 , 1563.99886 , 785.762554 , 628.713066 , -3099.91473 , 7778.82191 , 4844.21216 , 16029.0266 , -1013.14212 , 4366.4539
0.00255 , 4407.56 , 0.146919 , 3e+22 , -400.176 , -14.6499 , 376.846 , 0.0961132 , 0.0985016 , 0.0992212 , 0.0121165883 , 0.00211001963 , 5.11727135 , 22.5442523 , 22.412438 , 47.6213156 , -0.142673288 , 0.286484581 , 0.0721745203 , 2684.25632 , -242.33514 , 809.694066 , 4796.63018 , 3566.42026 , 2287.73416 , -10248.1156 , -2688.54779 , 1526.14769
0.0026 , 4495.38 , 0.149846 , 3e+22 , 373.707 , -552.152 , 1119.98 , 0.100131 , 0.0994506 , 0.100101 , 0.0238420154 , -0.00661421057 , 5.23654853 , 23.6064111 , 23.3343371 , 49.4772516 , -0.091764135 , 0.424565663 , 0.00243652144 , 4009.06017 , -1642.2726 , 9415.88328 , 7704.12991 , 8925.86138 , -3083.45858 , -3655.67842 , -11200.8066 , 12692.5079
0.00265 , 4574.25 , 0.152475 , 3e+22 , 41.5657 , -1110.62 , 1018.87 , 0.101773 , 0.101283 , 0.101881 , 0.0123787473 , -0.0110974292 , 5.34696565 , 24.7268852 , 24.3937368 , 51.2282081 , -0.152240907 , 0.343598041 , -0.041430526 , 8403.15358 , -8528.86196 , -695.467135 , 4782.63469 , 4951.8224 , 178.3312 , 2588.88441 , -13335.9704 , 10937.9941
0.0027 , 4650.82 , 0.155027 , 3e+22 , 996.79 , 45.407 , 42.5019 , 0.104074 , 0.103071 , 0.102904 , 0.0265044537 , -0.0158217959 , 5.45539055 , 25.789665 , 25.3843348 , 52.9910342 , -0.159084277 , 0.530509007 , -0.0995797719 , 6669.41843 , 6642.617 , -108.119984 , -1568.63563 , 3767.75716 , 8701.79987 , 13073.1855 , -346.293892 , -3743.61432
0.00275 , 4730.15 , 0.157672 , 3e+22 , 403.283 , 296.149 , 1337.35 , 0.105238 , 0.104723 , 0.105371 , 0.0253353545 , -0.0183945399 , 5.57032761 , 26.8314432 , 26.3700054 , 54.8508907 , -0.0941434329 , 0.557163053 , -0.0889997001 , 8007.72956 , 3412.34102 , -5815.2219 , 5280.6469 , 4746.58955 , 3713.48997 , 1990.69745 , 5399.80352 , 2668.91044
0.0028 , 4811.74 , 0.160391 , 3e+22 , -422.931 , -52.0348 , 1580.5 , 0.106783 , 0.106241 , 0.107744 , 0.021127147 , -0.0157526662 , 5.68372009 , 27.8992085 , 27.3906223 , 56.7421112 , -0.0432892342 , 0.485342981 , -0.0573838328 , 10886.8835 , -173.47921 , 535.539603 , 116.526965 , 7492.18749 , 1108.55281 , -835.117292 , -3061.89137 , 7896.01982
0.00285 , 4903.92 , 0.163464 , 3e+22 , 161.301 , -546.697 , 1612.51 , 0.109469 , 0.108589 , 0.108853 , 0.0281034068 , -0.00827330344 , 5.8110013 , 29.123795 , 28.4282247 , 58.9786727 , -0.0356678631 , 0.634685334 , -0.0754261511 , 8240.83613 , 4359.95357 , 4741.42779 , 4927.00902 , 4055.91592 , 851.960551 , -871.34575 , -4481.58734 , 4964.38323
0.0029 , 4981.97 , 0.166066 , 3e+22 , -256.973 , -380.101 , 1535.69 , 0.110918 , 0.110307 , 0.110892 , 0.0336086621 , -0.00734230017 , 5.92340823 , 30.2511169 , 29.5162161 , 60.9919671 , 0.00941570168 , 0.727082718 , -0.0738378417 , 5006.60376 , 332.385302 , 1124.08392 , 2911.65391 , 7583.89497 , 5869.89863 , -4180.66988 , -7398.44413 , 13022.2157
0.00295 , 5060.61 , 0.168687 , 3e+22 , -213.127 , 1113.77 , 379.235 , 0.112668 , 0.113314 , 0.111384 , 0.0342761062 , 0.00497492076 , 6.03812661 , 31.3494734 , 30.7769411 , 63.0442592 , 0.0065498388 , 0.687407156 , 0.0113543654 , 8670.09733 , 4633.79513 , -7211.05966 , 4382.30829 , 8879.91112 , -2413.13632 , -8694.50075 , 15708.825 , 5310.63079
0.003 , 5145.84 , 0.171528 , 3e+22 , -556.96 , -1001.66 , 736.666 , 0.114233 , 0.114681 , 0.114132 , 0.0328069414 , 0.00541179812 , 6.15885403 , 32.5813782 , 32.0542755 , 65.1920143 , 0.0487694196 , 0.675130122 , -0.0314857027 , 10970.2282 , 4288.98519 , -522.306277 , -5541.75627 , -7919.54103 , 6428.5409 , -9568.31176 , -12940.9115 , 3871.23836
0.00305 , 5227.35 , 0.174245 , 3e+22 , 693.067 , 40.8946 , 2669.54 , 0.115322 , 0.116513 , 0.116612 , 0.0353047577 , 0.0154190945 , 6.27774379 , 33.7926443 , 33.2758559 , 67.3731724 , 0.00961688835 , 0.679511576 , 0.104387909 , 7304.57146 , 5305.91199 , 8244.29151 , -443.598624 , 13079.6329 , 2972.17429 , 12674.5839 , -1095.98032 , 21940.0378
0.0031 , 5307.48 , 0.176916 , 3e+22 , -878.25 , -200.723 , 998.545 , 0.11772 , 0.118216 , 0.117885 , 0.0355954662 , 0.013166075 , 6.39591301 , 34.9426803 , 34.4728942 , 69.562402 , 0.0111617232 , 0.692262208 , 0.0674831609 , -2572.40919 , -2192.14149 , 2558.48234 , -6408.02337 , -6321.19402 , -6385.2031 , -15424.9824 , 5009.10858 , 3924.99815
0.00315 , 5374.88 , 0.179163 , 3e+22 , -392.104 , -1571.09 , 2098.26 , 0.119213 , 0.119801 , 0.119272 , 0.0306659217 , 0.00161179024 , 6.49906299 , 35.9460341 , 35.5676219 , 71.5287311 , 0.0277499774 , 0.574155696 , -0.0717821534 , 12684.4627 , -2991.2048 , -3814.2489 , -7976.39234 , 3441.61695 , 1591.08667 , -4686.44106 , -21093.4411 , 21048.7692
0.0032 , 5449.21 , 0.18164 , 3e+22 , 676.365 , 45.2258 , 124.456 , 0.122688 , 0.120873 , 0.119718 , 0.0424788875 , -0.00464047997 , 6.61483993 , 36.9675157 , 36.9033405 , 73.6478053 , 0.132845418 , 0.646308976 , -0.119613024 , 15800.3014 , 4997.2727 , -4178.61727 , 642.991112 , 8771.73768 , 7052.55214 , 17361.4871 , 5976.56512 , 8167.86254
0.00325 , 5526.79 , 0.184226 , 3e+22 , -1058.37 , 317.869 , 1295.23 , 0.121492 , 0.12392 , 0.123024 , 0.0433652355 , -0.00115766786 , 6.734595 , 38.1927465 , 38.1978764 , 75.9154581 , 0.0943491849 , 0.524385143 , -0.186294643 , 4391.73604 , -10778.602 , 2576.43785 , -8217.5737 , -1276.97876 , -10060.3651 , -11355.3054 , 6521.81912 , 9835.41398
0.0033 , 5596.25 , 0.186542 , 3e+22 , -230.258 , 719.412 , -146.839 , 0.126261 , 0.12277 , 0.124049 , 0.0552054005 , -0.0116149243 , 6.84486735 , 39.3620619 , 39.4804947 , 78.1057895 , 0.0617696679 , 0.584311587 , -0.340730983 , 15846.7645 , -10090.0282 , -9281.78142 , -7871.58007 , 9131.81188 , -1205.25798 , -14784.0274 , 3861.49489 , 2015.03111
0.00335 , 5665.81 , 0.18886 , 3e+22 , 1581.04 , -148.022 , 404.246 , 0.126562 , 0.125186 , 0.125958 , 0.0597381838 , -0.0121950443 , 6.9588995 , 40.6101768 , 40.6651434 , 80.3989452 , 0.0477489129 , 0.560217524 , -0.352565011 , 14689.1565 , 9066.02396 , -4706.9528 , -13521.2622 , 3381.15751 , 8120.77561 , 23138.2277 , -4778.53561 , -2394.84529
0.0034 , 5734.29 , 0.191143 , 3e+22 , 1897.1 , 213.851 , 797.032 , 0.126452 , 0.126855 , 0.128955 , 0.05870891 , -0.013314841 , 7.06738878 , 41.8638358 , 41.9419983 , 82.6193327 , 0.0380959441 , 0.513675774 , -0.27055865 , 4197.1838 , -2530.01021 , -1644.10905 , -8587.29787 , 7772.48379 , 52.7752011 , 27922.7582 , -2834.32533 , 7854.15103
0.00345 , 5806.6 , 0.193553 , 3e+22 , 887.947 , -392.723 , 1241.46 , 0.128625 , 0.130451 , 0.128016 , 0.0567408519 , -0.0202078286 , 7.17891257 , 43.1705077 , 43.2872853 , 84.8162754 , 0.11705275 , 0.38807932 , -0.471085915 , 11423.6588 , 3969.89183 , -836.675818 , -3637.56344 , 10503.6482 , 2888.91691 , 9262.78259 , 1291.91824 , 7839.08157
0.0035 , 5873.06 , 0.195769 , 3e+22 , 847.092 , 1229.24 , 199.31 , 0.131463 , 0.129424 , 0.130638 , 0.0581389564 , -0.0290426927 , 7.28414049 , 44.6169276 , 44.7185595 , 86.9926695 , 0.00479073454 , 0.394267451 , -0.563668641 , 10070.1908 , -10246.8871 , -9011.29175 , 7144.93374 , 6677.9529 , 924.25696 , 14893.4277 , 3473.53524 , -6128.80333
0.00355 , 5936.94 , 0.197898 , 3e+22 , -2152.14 , -258.804 , 2426.84 , 0.132209 , 0.133983 , 0.129544 , 0.0608405076 , -0.0297114082 , 7.39347822 , 46.0303578 , 45.9580471 , 89.2937527 , -0.0341269143 , 0.565921953 , -0.576951438 , 5769.07671 , -6203.28409 , -3217.54801 , 1251.8352 , 12235.821 , -10445.6105 , -27160.2619 , -10322.2528 , 14951.4448
0.0036 , 6002.04 , 0.200068 , 3e+22 , 854.161 , -496.558 , 468.128 , 0.133321 , 0.133175 , 0.133633 , 0.0468207364 , -0.0268012723 , 7.5003955 , 47.2362943 , 47.0407231 , 91.5257512 , 0.0212056053 , 0.429424017 , -0.606140377 , 1627.19667 , -16109.0161 , -2246.9857 , 3272.12601 , 13214.6068 , 7367.56904 , 20789.2052 , -8451.9318 , 1802.45079
0.00365 , 6061.47 , 0.202049 , 3e+22 , 103.548 , -618.934 , 5.53075 , 0.133792 , 0.133476 , 0.136827 , 0.0540499625 , -0.0174048066 , 7.60025605 , 48.430901 , 48.5069077 , 93.6625192 , 0.00864668421 , 0.496404616 , -0.508881597 , 1328.2471 , 5537.84354 , -9826.20655 , 4298.54919 , 13191.169 , -5953.20702 , -2011.05552 , -19638.3046 , -2848.52736
0.0037 , 6122.39 , 0.20408 , 3e+22 , -977.921 , -1313.54 , 570.715 , 0.134843 , 0.134761 , 0.138538 , 0.0603382101 , -0.0201166875 , 7.7055326 , 49.6549883 , 49.8389505 , 96.07795 , 0.0122234291 , 0.649651949 , -0.611581243 , 2537.34231 , 864.428668 , -6857.4505 , -6474.28641 , 14360.8172 , -9954.58998 , -11530.3374 , -21667.418 , -1282.58779
0.00375 , 6182.15 , 0.206072 , 3e+22 , 353.885 , 685.013 , 2215.94 , 0.135857 , 0.138763 , 0.137492 , 0.0618469145 , -0.0278447716 , 7.81101516 , 50.8896622 , 51.2322652 , 98.3391691 , -0.00705126349 , 0.658296014 , -0.675812881 , 8484.51387 , -55.1857648 , -5961.33036 , 4607.61807 , 6546.53176 , -7135.21015 , 12269.616 , 7224.79319 , 26312.412
0.0038 , 6238.48 , 0.207949 , 3e+22 , 795.903 , -1231.02 , 459.584 , 0.13667 , 0.139902 , 0.139313 , 0.0603345165 , -0.022069785 , 7.9112263 , 52.2071414 , 52.5138081 , 100.554787 , -0.103744392 , 0.729692569 , -0.579926086 , 12330.3196 , -5273.70653 , 8118.63633 , 15051.9511 , 2458.72008 , 12906.6822 , 10681.9894 , -10688.7008 , 1484.79104
0.00385 , 6288.34 , 0.209611 , 3e+22 , -323.181 , -1053.06 , 750.969 , 0.139435 , 0.138933 , 0.140845 , 0.0615756581 , -0.0190900049 , 8.00966089 , 53.5901757 , 53.5529435 , 102.707729 , -0.0765166293 , 0.846326942 , -0.47574834 , 5145.71253 , 8988.64063 , 9617.63857 , -2798.61981 , -322.536166 , 3625.86179 , -14948.0123 , -10010.5272 , 8336.11757
0.0039 , 6342.27 , 0.211409 , 3e+22 , -968.463 , -590.633 , 1745.8 , 0.140613 , 0.14045 , 0.14173 , 0.0547127196 , -0.0217782476 , 8.1112131 , 54.9849 , 54.9480146 , 104.862927 , -0.0751341255 , 0.791280122 , -0.601256732 , -1265.29955 , 16730.139 , -10782.5967 , 7455.39134 , 1885.63479 , 5808.13384 , -2110.03916 , -1909.09848 , 12418.6329
0.00395 , 6401.83 , 0.213394 , 3e+22 , 815.865 , 257.334 , 1132.52 , 0.143256 , 0.142053 , 0.141468 , 0.0598425409 , -0.0294259498 , 8.21799596 , 56.4085473 , 56.4521435 , 107.250794 , -0.113807031 , 0.914103462 , -0.634038101 , 20185.5551 , 6224.94575 , -10412.879 , -18391.709 , 9421.02213 , 7016.03121 , 12656.3144 , 2147.24941 , 14794.9318
0.004 , 6465.97 , 0.215532 , 3e+22 , 869.749 , 457.632 , 287.456 , 0.143829 , 0.144924 , 0.142307 , 0.0634369334 , -0.0270545474 , 8.33074041 , 57.7836831 , 57.9958779 , 109.789019 , -0.0664029689 , 0.962241048 , -0.563002634 , 23816.3277 , 5735.91882 , -6458.27496 , 12529.1886 , 11234.1866 , -3623.97808 , 8530.20166 , 13761.4028 , -2029.84967
0.00405 , 6512.27 , 0.217076 , 3e+22 , -937.704 , 498.336 , 671.597 , 0.146752 , 0.144559 , 0.142831 , 0.0720472017 , -0.0337234654 , 8.42709475 , 59.2577048 , 59.4628909 , 111.952896 , 0.00861966782 , 1.00764688 , -0.677493932 , -7986.45244 , 3961.76618 , -5375.31124 , -398.521837 , 9842.90113 , 1913.91706 , -8751.36627 , 13612.436 , 89.2538413
0.0041 , 6565.7 , 0.218857 , 3e+22 , -775.895 , -378.1 , 1389.13 , 0.144811 , 0.145798 , 0.147089 , 0.0759606397 , -0.0302417205 , 8.53017466 , 60.4972294 , 61.1167052 , 114.415939 , -0.0186407764 , 1.09253623 , -0.681484164 , 9355.97957 , -2457.10024 , 2204.47928 , -5048.38065 , 8975.13335 , -19518.4676 , -11319.5173 , -6833.13707 , 6270.84843
0.00415 , 6613.39 , 0.220446 , 3e+22 , 165.726 , -1025.44 , -235.848 , 0.146973 , 0.146544 , 0.147369 , 0.0738895762 , -0.0320477461 , 8.62799769 , 61.7133307 , 62.7392339 , 116.724201 , 0.00182722735 , 1.00728999 , -0.589986547 , 11163.9808 , 15105.3629 , -12481.7018 , -11080.9981 , 9490.08841 , -3540.09084 , -6998.6897 , -10853.796 , -604.943193
0.0042 , 6663.06 , 0.222102 , 3e+22 , 1599.99 , -1676.01 , 1779.36 , 0.149226 , 0.146721 , 0.148208 , 0.0756091982 , -0.0372593243 , 8.73119079 , 62.9227926 , 64.1972288 , 119.145533 , 0.0623708402 , 1.05900244 , -0.719899244 , 9067.26106 , 4495.46598 , -2550.74277 , -6449.61287 , 7267.84206 , 482.858457 , 21540.041 , -25877.3984 , 18974.5842
0.00425 , 6713.2 , 0.223773 , 3e+22 , 598.821 , -968.387 , 568.566 , 0.148267 , 0.150911 , 0.148359 , 0.0692795232 , -0.0486050366 , 8.83314343 , 64.5488412 , 65.7412904 , 121.571802 , 0.0471521991 , 0.91351842 , -0.995940127 , -1192.53989 , 7765.13556 , -21758.7089 , 10793.1654 , 7874.24157 , 337.791067 , -1129.53729 , -6927.56731 , 4695.05106
0.0043 , 6767.98 , 0.225599 , 3e+22 , 386.286 , -166.92 , 1329.4 , 0.150855 , 0.150132 , 0.150201 , 0.0786999474 , -0.0398639664 , 8.93730321 , 65.8497852 , 67.1158042 , 124.060877 , 0.13681425 , 0.965359791 , -0.867550579 , -12023.6882 , 10244.7865 , 16902.5218 , 11302.4796 , -7229.7372 , -3339.3819 , -283.651199 , -8894.99231 , 13284.2922
0.00435 , 6818.9 , 0.227297 , 3e+22 , -1279.04 , 982.728 , -60.3978 , 0.152325 , 0.150657 , 0.151596 , 0.0850574372 , -0.0414280161 , 9.04156321 , 67.3381674 , 68.2561608 , 126.504127 , 0.193060979 , 0.990932285 , -0.77743995 , 4786.89656 , 8526.82948 , 735.796294 , 4270.77886 , 6767.29225 , -6546.57737 , -14490.6597 , 8656.09251 , -8586.92372
0.0044 , 6861.41 , 0.228714 , 3e+22 , -1640.57 , 1147.22 , 337.43 , 0.153566 , 0.152695 , 0.151143 , 0.0847656955 , -0.0452985333 , 9.13753292 , 68.7231242 , 69.7055215 , 128.774427 , 0.174439656 , 1.02986511 , -0.732225818 , -1941.81072 , 1584.04471 , -2955.07217 , -11405.4356 , 10184.739 , -4020.73867 , -10586.5084 , 25830.8202 , 6270.80895
0.00445 , 6900.05 , 0.230002 , 3e+22 , -497.357 , -376.679 , 180.72 , 0.153423 , 0.153975 , 0.152603 , 0.0801080867 , -0.0542399676 , 9.22907975 , 70.0623688 , 70.9799238 , 130.960314 , 0.247225337 , 0.930062981 , -0.860775662 , 654.872532 , -552.545037 , 2821.04623 , -3921.84632 , 13714.4406 , 6727.63855 , -5474.35068 , -6606.36852 , -14328.5239
0.0045 , 6938.72 , 0.231291 , 3e+22 , -572.256 , 646.46 , 1729.53 , 0.154624 , 0.155059 , 0.152877 , 0.0765024869 , -0.0587082978 , 9.32097081 , 71.2411271 , 72.6168142 , 133.235089 , 0.219491945 , 0.950429321 , -0.939746003 , 8948.53782 , 1930.39616 , -6064.67383 , -16739.9905 , 10755.2553 , -3519.94443 , -10444.1747 , 2107.74234 , 19241.5467
0.00455 , 6980.55 , 0.232685 , 3e+22 , -565.175 , -788.135 , -129.505 , 0.154867 , 0.155794 , 0.154703 , 0.0786290027 , -0.0627009128 , 9.41659097 , 72.6678811 , 73.9275093 , 135.611038 , 0.182807856 , 0.995572276 , -1.01742925 , 11394.4804 , -7450.4028 , 17761.6597 , 2971.6093 , 25472.8524 , 2432.68637 , -12059.9713 , -13817.2957 , -10247.3699
0.0046 , 7022.6 , 0.234087 , 3e+22 , 1521.52 , 931.677 , -529.918 , 0.158405 , 0.154748 , 0.155 , 0.0730551101 , -0.0680575891 , 9.51329588 , 74.0442099 , 75.3130412 , 138.236996 , 0.265502414 , 1.01881983 , -1.17333406 , 27465.7798 , 6318.07691 , -14741.6269 , -15008.1754 , 8542.33277 , -8427.35334 , 15433.3083 , -766.991147 , -15666.4653
0.00465 , 7069.38 , 0.235646 , 3e+22 , -508.728 , -402.283 , 284.897 , 0.156752 , 0.158638 , 0.155899 , 0.0615389831 , -0.0664889636 , 9.61344681 , 75.4276598 , 76.5585527 , 140.872282 , 0.327168054 , 0.691805059 , -0.985027718 , 6600.89009 , -11212.1463 , 7474.15161 , 9348.41033 , 1455.35118 , 19790.2284 , -5981.87589 , 1212.21473 , -7214.0737
0.0047 , 7104.83 , 0.236828 , 3e+22 , -80.1007 , -1235.57 , 1812.31 , 0.158964 , 0.157083 , 0.157581 , 0.0596644973 , -0.0556625552 , 9.70564407 , 76.7044266 , 78.0609769 , 143.315539 , 0.121010089 , 0.793978694 , -0.829071462 , 1607.29826 , 4436.728 , -12696.0001 , -3630.74198 , 29211.0479 , -18255.7639 , -1450.82905 , -18510.3919 , 29441.5021
0.00475 , 7144.98 , 0.238166 , 3e+22 , 338.52 , -80.7015 , 808.72 , 0.159801 , 0.158479 , 0.158048 , 0.0589895193 , -0.0663571126 , 9.80168829 , 78.286922 , 79.6580727 , 145.820583 , 0.113952001 , 0.646413452 , -0.749905347 , 1746.67552 , -3115.68465 , 1379.66359 , -4006.54404 , 12673.3972 , -8378.11152 , 3459.56907 , 2895.62053 , 11869.3629
0.0048 , 7176.54 , 0.239218 , 3e+22 , 1032.88 , 282.257 , 843.817 , 0.160383 , 0.156726 , 0.161317 , 0.0541376836 , -0.0710228645 , 9.8891174 , 79.6883963 , 81.0319661 , 148.161657 , 0.00700304578 , 0.60125949 , -0.928181298 , -7106.5411 , -11571.7858 , -3221.78498 , -2825.079 , 22482.7622 , 6581.01693 , 17793.397 , 11085.4934 , 16989.4964
0.00485 , 7224.57 , 0.240819 , 3e+22 , 352.165 , -733.046 , 2708.12 , 0.159867 , 0.160644 , 0.161082 , 0.053781252 , -0.0790633254 , 9.9936746 , 81.0738571 , 82.7139914 , 150.921413 , 0.0941124851 , 0.586612051 , -1.02280511 , 21125.0213 , 3564.49246 , -6343.40242 , -16383.9744 , -2057.53191 , -10591.1783 , 9396.70677 , -9072.90521 , 30195.4994
0.0049 , 7252.89 , 0.241763 , 3e+22 , -175.863 , -317.501 , 1459.72 , 0.16255 , 0.16019 , 0.160773 , 0.0362063641 , -0.0763013349 , 10.0783128 , 82.521098 , 83.9832774 , 153.350191 , 0.16590796 , 0.498580917 , -0.826557565 , 15283.6422 , -8455.30453 , 9284.57952 , 2598.56524 , 9873.49129 , 959.451601 , 3971.97268 , -10180.0775 , 34315.4555
0.00495 , 7294.35 , 0.243145 , 3e+22 , 521.456 , -656.869 , -539.052 , 0.161812 , 0.163146 , 0.161327 , 0.0368013023 , -0.0815364853 , 10.1781838 , 83.9447185 , 85.5898562 , 156.128471 , 0.0697586775 , 0.485202922 , -1.00807553 , 1332.21852 , 2686.69264 , 17433.1803 , -11803.8951 , -1153.82566 , 2057.47291 , -3347.45066 , -10981.4786 , -11872.0164
0.005 , 7329.67 , 0.244322 , 3e+22 , 109.503 , 1351.56 , -942.803 , 0.163399 , 0.162022 , 0.163209 , 0.0476352339 , -0.0848002016 , 10.2722943 , 85.3866472 , 87.0276601 , 158.716409 , 0.107264287 , 0.638720291 , -0.872082881 , 7173.2905 , -12768.4917 , 5141.59594 , 9077.64226 , 14994.1496 , 523.297712 , -9778.82497 , 22737.3288 , -10971.3412
0.00505 , 7371.97 , 0.245732 , 3e+22 , -527.992 , 679.545 , 886.673 , 0.1651 , 0.163771 , 0.162585 , 0.0485445941 , -0.0759014729 , 10.3734612 , 87.2602598 , 88.4447313 , 161.551989 , 0.0577162706 , 0.716479161 , -0.879020976 , 12661.5618 , -19351.1798 , -1932.92076 , -864.555663 , 971.831921 , -16032.6073 , -10214.5179 , 17800.8413 , 5778.90796
0.0051 , 7397.16 , 0.246572 , 3e+22 , -333.715 , 1207.61 , -491.289 , 0.164915 , 0.164061 , 0.164158 , 0.045404463 , -0.0836635927 , 10.4594499 , 88.874183 , 90.0818335 , 163.85157 , -0.0351633175 , 0.550671553 , -0.967643383 , 443.230267 , 1382.22695 , -675.129347 , 11404.0513 , 22818.7667 , -13500.0734 , -10752.9519 , 7604.45791 , -14416.1639
0.00515 , 7433.95 , 0.247798 , 3e+22 , 499.912 , -1148 , 424.273 , 0.164409 , 0.16536 , 0.165817 , 0.0438046415 , -0.0792557479 , 10.5563186 , 90.5598852 , 91.8145863 , 166.4348 , -0.0919945701 , 0.460459459 , -0.873254473 , 6916.44217 , -7853.51612 , -14191.8445 , 6703.66142 , 14648.2319 , 1767.1032 , 4068.03927 , -9635.32157 , -6615.11057
0.0052 , 7475.64 , 0.249188 , 3e+22 , 1662.76 , -140.576 , 1368.07 , 0.167685 , 0.164817 , 0.165848 , 0.0464534987 , -0.078421705 , 10.6558389 , 91.9925249 , 93.3277891 , 169.205752 , 0.0715489473 , 0.552865907 , -0.766197301 , 8285.2745 , -8882.44458 , 13331.8516 , 14323.3274 , 3782.7322 , 5407.8369 , 30758.6534 , -1896.10428 , 7792.73502
0.00525 , 7503.08 , 0.250103 , 3e+22 , -175.32 , 1215.15 , 88.2373 , 0.168036 , 0.165873 , 0.166287 , 0.0352122217 , -0.0839873628 , 10.7391049 , 93.151615 , 94.9775822 , 171.529513 , 0.0219764235 , 0.300680096 , -0.760568126 , -25.5016805 , 18004.2561 , -546.124011 , -4376.97161 , 16926.6013 , -8556.93361 , -2849.07532 , 11511.73 , 808.489643
0.0053 , 7542.06 , 0.251402 , 3e+22 , -1313.63 , 707.246 , 142.937 , 0.167247 , 0.167755 , 0.167789 , 0.0280635121 , -0.0860266153 , 10.8379969 , 94.8079804 , 96.4387397 , 174.273052 , -0.0155386793 , 0.258092743 , -0.85124105 , 11873.6085 , 13605.473 , 20721.1885 , -4637.9028 , 1598.92003 , -7845.81794 , -21237.5603 , 14222.4998 , 1739.6475
0.00535 , 7574.99 , 0.2525 , 3e+22 , 1986.38 , 1162.72 , 1330.28 , 0.167137 , 0.169803 , 0.16802 , 0.0175628283 , -0.0903658045 , 10.9320725 , 96.0144407 , 97.8291276 , 177.024727 , 0.0965900807 , 0.096403605 , -0.869414309 , -11900.6845 , -4732.0097 , 11733.5297 , -18115.3999 , 13374.6619 , 468.974642 , 33898.7692 , 20370.8089 , 32562.0782
0.0054 , 7601.11 , 0.25337 , 3e+22 , -130.141 , 331.433 , -741.583 , 0.168704 , 0.170607 , 0.167426 , 0.0277578345 , -0.0903460027 , 11.0183666 , 97.5186609 , 99.3324652 , 179.583851 , -0.0127786876 , 0.151913194 , -0.940913396 , 16035.4587 , 16117.2546 , -3348.8005 , 24541.5124 , 16373.0518 , -4461.23725 , -4054.85592 , 13498.5495 , -9995.35486
0.00545 , 7624.84 , 0.254161 , 3e+22 , 390.95 , -754.568 , 3339.19 , 0.168577 , 0.171021 , 0.168657 , 0.039910725 , -0.0850721195 , 11.1024685 , 99.2468353 , 100.714218 , 182.040948 , -0.0211147831 , 0.169896332 , -0.791951402 , 1541.38998 , -774.678673 , -3893.75586 , 13210.1654 , 27995.6307 , -4855.66354 , 20484.2325 , -19335.3716 , 41549.5017
0.0055 , 7653.36 , 0.255112 , 3e+22 , 1933.95 , -1208.12 , 1257.9 , 0.170666 , 0.169702 , 0.169817 , 0.0393930656 , -0.0804330528 , 11.1923157 , 100.773679 , 102.332626 , 184.623971 , -0.0304125078 , 0.365992372 , -0.649662208 , 15143.4121 , 7433.21545 , -9485.15814 , 17995.6259 , 1790.36352 , 635.271071 , 32285.86 , -20977.2106 , 17523.7291
0.00555 , 7690.62 , 0.256354 , 3e+22 , 369.85 , 192.522 , 312.642 , 0.170213 , 0.16945 , 0.173043 , 0.0474257833 , -0.0767069265 , 11.2921841 , 102.245193 , 103.66962 , 187.50066 , -0.0543287592 , 0.663809271 , -0.562223369 , 22682.8157 , 5.55377281 , 16742.4564 , 16730.9903 , -2215.97982 , -17109.5229 , 2400.24246 , 9191.40898 , -2927.94809
0.0056 , 7713.09 , 0.257103 , 3e+22 , 753.973 , -655.06 , 142.109 , 0.169724 , 0.170988 , 0.173487 , 0.0468173139 , -0.079594647 , 11.3750747 , 103.857347 , 105.163161 , 189.809919 , -0.0116138133 , 0.569683951 , -0.565645517 , 13407.6637 , -10022.4923 , -20110.0445 , -9327.53085 , 29910.8755 , -17468.3183 , 18098.9316 , -13264.3574 , -5690.01969
0.00565 , 7739.11 , 0.25797 , 3e+22 , 729.644 , -195.126 , 821.214 , 0.171627 , 0.171669 , 0.172638 , 0.0460147058 , -0.0754959363 , 11.4673767 , 105.307359 , 106.91753 , 192.465884 , -0.0397472559 , 0.379361617 , -0.468679629 , 4174.08908 , -7224.00581 , -1866.21 , -3338.90852 , 12532.8832 , -5925.14362 , 26858.4204 , -9721.81106 , 7865.94033
0.0057 , 7773.82 , 0.259127 , 3e+22 , -184.129 , -1267 , 1727.15 , 0.174009 , 0.172831 , 0.171388 , 0.0425820277 , -0.0783527775 , 11.5628298 , 106.718165 , 108.652929 , 195.093611 , -0.0128630681 , 0.557423936 , -0.569407611 , -11972.1804 , -10445.947 , -9763.98681 , -13058.0234 , 7203.91086 , 12682.3946 , -23061.3425 , -15060.2418 , 27544.507
0.00575 , 7812.26 , 0.260409 , 3e+22 , 1653.73 , -26.4157 , 2222.48 , 0.173738 , 0.174584 , 0.172452 , 0.0367698295 , -0.0908839098 , 11.665256 , 108.290215 , 109.987601 , 198.201226 , -0.0905520165 , 0.596125408 , -0.642659485 , 11095.6069 , -7072.14197 , 4407.28385 , -1.23184241 , -12889.0032 , 13154.9922 , 33947.4911 , -4895.52453 , 36945.2012
0.0058 , 7832.51 , 0.261084 , 3e+22 , -308.171 , 256.775 , 1227.77 , 0.172195 , 0.174105 , 0.175858 , 0.0437730169 , -0.0947608324 , 11.7444544 , 109.716234 , 111.377954 , 200.786975 , 0.015080543 , 0.618584252 , -0.625351637 , -14584.4271 , -5674.28718 , 8236.37351 , -225.301586 , 11571.4798 , 588.851192 , 7242.70976 , 6891.49794 , 9926.63353
0.00585 , 7868.33 , 0.262278 , 3e+22 , 1089.55 , 1303.17 , -814.135 , 0.174516 , 0.173789 , 0.176231 , 0.0437176145 , -0.0922322691 , 11.8485451 , 111.056001 , 113.377572 , 203.897766 , 0.238794514 , 0.523244401 , -0.588577661 , 33938.3063 , -9945.96914 , 10462.4948 , -493.346931 , 20212.0374 , -29027.6743 , 10935.342 , 22195.8458 , -14978.4522
0.0059 , 7899.17 , 0.263306 , 3e+22 , -243.487 , 1292.8 , -164.447 , 0.17442 , 0.175878 , 0.176303 , 0.0537102946 , -0.101054723 , 11.9423043 , 112.408141 , 114.834858 , 206.736032 , 0.305533258 , 0.628095144 , -0.774431438 , -13433.8009 , 16326.6467 , 1783.93426 , 7232.65873 , 4635.55072 , -22258.2968 , -21667.4206 , 16070.3026 , -17496.4861
0.00595 , 7924.72 , 0.264157 , 3e+22 , -76.8384 , -122.916 , 2181.31 , 0.176093 , 0.17554 , 0.176654 , 0.0574131191 , -0.0957085321 , 12.0334995 , 113.690122 , 116.677286 , 209.674586 , 0.30510349 , 0.634716659 , -0.721562127 , 11366.339 , 19609.9533 , -3668.43061 , -7293.86796 , 18794.9254 , 7558.52632 , -8809.60271 , -11286.5472 , 36146.0956
0.006 , 7949.87 , 0.264996 , 3e+22 , -217.441 , 723.127 , -188.195 , 0.175862 , 0.178355 , 0.175771 , 0.0641963922 , -0.103592529 , 12.122519 , 114.945712 , 118.234241 , 212.231587 , 0.444597692 , 0.85518938 , -0.865430265 , -4414.34633 , 13856.0868 , -1926.77664 , 18077.3162 , 12003.3946 , 9985.23227 , -273.934817 , 7818.05679 , -7978.46716
0.00605 , 7963.89 , 0.265463 , 3e+22 , -2547.01 , 79.4834 , 1036.42 , 0.17755 , 0.176548 , 0.176785 , 0.0747896293 , -0.104432917 , 12.2001705 , 116.723848 , 119.737638 , 214.45703 , 0.475130362 , 1.07409991 , -0.92867705 , 29850.5237 , 6671.47095 , -11722.3234 , -6750.12381 , 9804.82669 , 10296.0384 , -40174.1853 , -13999.9251 , -4937.22223
0.0061 , 7976.71 , 0.26589 , 3e+22 , -926.066 , -104.89 , 1162.94 , 0.174913 , 0.179615 , 0.177241 , 0.0665050111 , -0.108328621 , 12.2770341 , 118.367316 , 121.138518 , 216.962043 , 0.570798446 , 0.914499641 , -0.883211518 , 11241.7006 , -2828.80583 , 3075.95936 , -24149.2051 , 13836.7225 , 6985.62428 , -20061.0786 , 4426.16202 , 8744.67328
0.00615 , 7998.39 , 0.266613 , 3e+22 , -1141.4 , -330.539 , -84.9437 , 0.177817 , 0.1781 , 0.177301 , 0.0608185119 , -0.11776602 , 12.3656241 , 120.123458 , 122.4119 , 219.792087 , 0.766385244 , 0.919374813 , -0.970263776 , 19182.5524 , 17779.2216 , -13316.8368 , 4253.09911 , 22835.0099 , 7148.1864 , -15887.7938 , 759.279314 , 3372.11388
0.0062 , 8024.34 , 0.267478 , 3e+22 , -524.651 , -2097.12 , 1582.05 , 0.177744 , 0.178257 , 0.178914 , 0.0639076272 , -0.111922557 , 12.4577672 , 122.145109 , 123.804829 , 222.96256 , 0.728066496 , 1.04748383 , -0.776307984 , 3323.928 , 10539.5404 , 10946.4574 , 1168.96091 , 20048.3117 , -17818.2369 , 5594.56208 , -47059.6136 , 15565.3283
0.00625 , 8057.62 , 0.268587 , 3e+22 , 174.663 , 96.4335 , 443.355 , 0.179568 , 0.180259 , 0.177346 , 0.0635605884 , -0.11566441 , 12.5553 , 123.778865 , 125.381888 , 226.002821 , 0.852423382 , 1.00728731 , -0.898786196 , 8496.69993 , -14458.8456 , -3649.79932 , 5280.58254 , 9988.47511 , -11308.303 , -2279.3959 , -1639.70604 , -8614.29479
0.0063 , 8084.59 , 0.269486 , 3e+22 , 1869.54 , -1088.66 , 60.2804 , 0.180003 , 0.177985 , 0.180958 , 0.0633106099 , -0.113137583 , 12.6490384 , 125.453621 , 126.991399 , 229.14308 , 0.863551956 , 1.12227722 , -0.819690087 , 10679.881 , -3713.79596 , -30660.5985 , -3628.21767 , 16617.4081 , 10179.4169 , 36296.4139 , -27927.6733 , -15406.9455
0.00635 , 8113.39 , 0.270446 , 3e+22 , -514.034 , 879.153 , 183.416 , 0.179832 , 0.179188 , 0.181867 , 0.0549570425 , -0.117591478 , 12.7456321 , 127.035787 , 128.525771 , 232.419233 , 0.817170556 , 0.976422703 , -0.82383545 , 3947.59895 , 1594.09295 , -4346.99447 , 356.799518 , 8135.78822 , 6812.83295 , -9399.21762 , 27048.5199 , -4932.74968
0.0064 , 8141.64 , 0.271388 , 3e+22 , -664.575 , -1405.65 , 1736.92 , 0.180832 , 0.182381 , 0.179532 , 0.0546717138 , -0.121720734 , 12.8424896 , 128.577972 , 130.316536 , 235.397848 , 0.717479823 , 0.878491845 , -0.857516541 , -11855.7193 , -18036.8867 , -17005.6823 , -13396.1362 , 13761.2186 , 10654.7465 , -23213.3599 , -21409.7462 , 38245.8387
0.00645 , 8171.59 , 0.272386 , 3e+22 , 659.528 , 1843.91 , -1583.36 , 0.181267 , 0.181789 , 0.181681 , 0.0636625625 , -0.11629314 , 12.9388835 , 129.943978 , 132.202891 , 238.576173 , 0.782873063 , 0.912794084 , -0.837406646 , 19559.8001 , -9197.15824 , 2019.00647 , 9090.43545 , -2944.38771 , 4370.13591 , 13316.643 , 47675.1561 , -47822.4522
0.0065 , 8200.18 , 0.273339 , 3e+22 , 542.94 , 2003.86 , -579.499 , 0.180683 , 0.180644 , 0.185325 , 0.0666562619 , -0.116864615 , 13.0321722 , 131.803095 , 133.484644 , 241.482689 , 0.671123747 , 0.83976543 , -0.797556508 , 3292.70579 , -8962.21727 , -11359.4908 , 17807.4975 , -9651.79059 , 23099.6032 , 2817.06752 , 34449.5875 , -2608.239
0.00655 , 8220.4 , 0.274013 , 3e+22 , 102.433 , 926.842 , 1303.16 , 0.182081 , 0.18345 , 0.182481 , 0.0615729798 , -0.110140294 , 13.1219977 , 133.385985 , 135.204844 , 244.537926 , 0.661313614 , 0.605500893 , -0.898563635 , -1790.41961 , -8306.43387 , -22658.8199 , -24452.6271 , -13141.1419 , 6010.75497 , 7142.76279 , 19119.9246 , 25701.4121
0.0066 , 8229.46 , 0.274315 , 3e+22 , -1381.79 , -1303.63 , -1123.59 , 0.180573 , 0.182633 , 0.185397 , 0.0628855793 , -0.108924233 , 13.1955357 , 134.81478 , 137.005111 , 247.072495 , 0.698565296 , 0.601102388 , -0.745202221 , 9705.50202 , 9744.35638 , -3414.01451 , -1023.50512 , 11727.5187 , 16170.0313 , -20836.8039 , -28979.13 , -33583.0307
0.00665 , 8248.56 , 0.274952 , 3e+22 , -2033.71 , 919.029 , 2160.56 , 0.183892 , 0.182591 , 0.183366 , 0.0505802946 , -0.117625045 , 13.2858461 , 136.667039 , 138.691104 , 250.019499 , 0.491416206 , 0.374950261 , -0.605566746 , -2196.6737 , -15082.7844 , -21940.1363 , 2109.75333 , 8568.19528 , -13598.0656 , -13360.797 , 14617.7414 , 30302.4125
0.0067 , 8262.21 , 0.275407 , 3e+22 , -509.939 , 2138.52 , -399.174 , 0.182342 , 0.18482 , 0.183624 , 0.0441417695 , -0.110654795 , 13.3694693 , 138.168151 , 140.457976 , 252.913451 , 0.408924944 , 0.286311948 , -0.430832739 , 8663.7499 , 18850.8728 , -7506.43968 , 2193.03608 , 9380.5273 , 13006.8938 , -2628.49846 , 40481.6201 , -9894.67375
0.00675 , 8285.9 , 0.276197 , 3e+22 , 757.811 , 1169.55 , 967.017 , 0.185353 , 0.184281 , 0.182743 , 0.0459627555 , -0.110540409 , 13.4621893 , 139.731315 , 141.987364 , 256.08657 , 0.368215871 , 0.256995463 , -0.446580588 , 14048.2369 , -11599.2426 , 22674.1427 , -5231.966 , 12336.5482 , -25457.0232 , -2184.49868 , 8282.50016 , 1648.27515
0.0068 , 8303.13 , 0.276771 , 3e+22 , -654.476 , -1322.44 , 2912.62 , 0.183569 , 0.185375 , 0.184537 , 0.0466127284 , -0.106265265 , 13.545894 , 141.428432 , 143.73642 , 258.971473 , 0.265549503 , 0.261320027 , -0.283888197 , 4625.56324 , 13691.1987 , -23553.995 , -3256.24077 , 681.78233 , 17390.3741 , -8808.27864 , -37964.2377 , 62051.8709
0.00685 , 8317.79 , 0.27726 , 3e+22 , 273.942 , 1334.01 , -2.43412 , 0.185594 , 0.1836 , 0.185315 , 0.0345608122 , -0.10829856 , 13.6315001 , 142.996499 , 145.378173 , 261.797646 , 0.397181347 , 0.135640221 , -0.389416676 , 11533.408 , -12418.9744 , 14165.0273 , -11153.1695 , -9500.74119 , -8703.53446 , 12044.2904 , 19262.9739 , 4690.07639
0.0069 , 8336.97 , 0.277899 , 3e+22 , -1785.36 , -653.673 , 564.174 , 0.185859 , 0.185845 , 0.184071 , 0.0205806667 , -0.110882232 , 13.7196962 , 144.72349 , 146.874088 , 265.043422 , 0.413699069 , -0.0240702102 , -0.473905718 , 1550.81189 , -746.001183 , 14478.2163 , -21650.6484 , -6316.64042 , -2749.1037 , -17566.0801 , -9753.4073 , 4089.84986
0.00695 , 8348.48 , 0.278283 , 3e+22 , 757.563 , 178.495 , -22.4959 , 0.187231 , 0.184666 , 0.184665 , 0.0253084269 , -0.120532299 , 13.7990411 , 146.483295 , 148.736261 , 267.858281 , 0.403295127 , 0.351926913 , -0.698617089 , 22196.4594 , 3247.67697 , 25611.9313 , 6002.0946 , 710.943103 , 13081.3419 , 27779.09 , -7399.55878 , -2343.93379
0.007 , 8368.62 , 0.278954 , 3e+22 , 118.729 , 539.428 , 723.707 , 0.184513 , 0.186205 , 0.187185 , 0.0143856559 , -0.13584255 , 13.8906894 , 147.938251 , 150.334651 , 271.041848 , 0.360959932 , 0.171143916 , -0.883571059 , -10937.8663 , -17272.2514 , 1679.57569 , -12749.0291 , 10113.0112 , 24424.8433 , -3591.36292 , 2146.6983 , 18764.5555
0.00705 , 8378.11 , 0.27927 , 3e+22 , -1067.88 , 782.939 , 1253.32 , 0.18618 , 0.185688 , 0.186655 , 0.0121636828 , -0.123208092 , 13.9706655 , 149.350655 , 152.089757 , 273.930392 , 0.367143896 , -0.0510982202 , -0.668157763 , 26261.4945 , -10862.0219 , -3998.67536 , -6196.30906 , 14189.1494 , 2556.91261 , -26637.6778 , 25283.1892 , 13198.5681
0.0071 , 8396.4 , 0.27988 , 3e+22 , 1628.21 , 1220.09 , -924.874 , 0.185354 , 0.186093 , 0.188286 , 0.0119380615 , -0.119657041 , 14.0612846 , 150.986886 , 153.456768 , 277.146976 , 0.350362542 , -0.0263075685 , -0.617969197 , 34752.598 , 1215.02798 , 9628.77149 , -24733.8457 , 4552.89612 , 755.088677 , 33124.7294 , 33345.9008 , -40775.5089
0.00715 , 8428.22 , 0.280941 , 3e+22 , 237.731 , 1685.01 , -152.755 , 0.189806 , 0.184157 , 0.187901 , 0.00575530855 , -0.134122028 , 14.1644272 , 152.702462 , 154.978834 , 280.714911 , 0.524384723 , -0.362463055 , -0.945505223 , 6712.70646 , 11913.5825 , 9270.8824 , -6069.21938 , 26127.0182 , 7025.80032 , 16287.4938 , 21564.3267 , -5958.45624
0.0072 , 8441.74 , 0.281391 , 3e+22 , 354.509 , -1644.24 , 1355.37 , 0.187803 , 0.187518 , 0.187435 , 0.00614163006 , -0.130780122 , 14.2500451 , 154.564544 , 156.50738 , 283.867919 , 0.349183879 , -0.397969725 , -0.974990177 , -1137.26269 , -2442.15201 , -13697.355 , 11774.2264 , -5760.46152 , 9129.73171 , -13942.5908 , -16358.0945 , 19611.6281
0.00725 , 8448.36 , 0.281612 , 3e+22 , -3675.21 , 884.48 , 195.705 , 0.187106 , 0.188533 , 0.187504 , 0.0121457106 , -0.128069295 , 14.3269877 , 156.281559 , 158.004752 , 286.617332 , 0.542541769 , -0.470508258 , -1.16155996 , 18144.9106 , -1053.45617 , 13534.3439 , -9403.69904 , 1666.50693 , 7241.21448 , -76968.5006 , 16751.1608 , 15994.6436
0.0073 , 8460.14 , 0.282005 , 3e+22 , 1594.13 , -1723.44 , 519.839 , 0.189648 , 0.186865 , 0.187463 , 0.0103198359 , -0.14007422 , 14.4102958 , 158.087829 , 159.470785 , 289.838234 , 0.63421844 , -0.479414944 , -1.26338963 , -12832.0876 , -7620.48406 , 16581.8316 , 10779.6922 , -12668.8519 , 11518.3495 , 19972.7844 , -25185.297 , 7843.65723
0.00735 , 8474.93 , 0.282498 , 3e+22 , -1796.81 , -956.662 , -1360.03 , 0.187986 , 0.188762 , 0.188213 , 0.013537766 , -0.139092825 , 14.4945533 , 159.557343 , 161.092548 , 292.884978 , 0.578720612 , -0.390377511 , -1.19089246 , 42960.6643 , 21820.8832 , -22004.0632 , -1514.24187 , -13969.5933 , -3074.76787 , -31807.5347 , -8046.62998 , -41857.7173
0.0074 , 8487.13 , 0.282904 , 3e+22 , -415.118 , 616.236 , 1939.51 , 0.188092 , 0.188405 , 0.189287 , 0.00641302635 , -0.122886976 , 14.5769119 , 161.283397 , 162.973293 , 295.839473 , 0.678321677 , -0.592316463 , -1.14658325 , 2441.23397 , 5815.93798 , -241.654653 , -6212.07634 , -10153.837 , 22883.3274 , -5623.15255 , 19446.0587 , 31932.7762
0.00745 , 8496.68 , 0.283223 , 3e+22 , 628.284 , -540.354 , -63.0788 , 0.188466 , 0.190304 , 0.187672 , 0.00942655829 , -0.122370622 , 14.6583173 , 162.771808 , 164.62911 , 298.675389 , 0.660697011 , -0.417337018 , -1.09892789 , -3992.43331 , 1551.70219 , -4055.3875 , -35207.9773 , -1545.54652 , -12671.1719 , 21515.2068 , -11768.3882 , 201.375412
0.0075 , 8507.3 , 0.283577 , 3e+22 , 513.481 , -159.547 , -583.51 , 0.188473 , 0.188603 , 0.190072 , 0.0132999174 , -0.126348111 , 14.7377928 , 164.298278 , 166.339972 , 301.779775 , 0.729392522 , -0.320402597 , -1.14584972 , 5401.38664 , -7126.6065 , 7903.88737 , -2554.08287 , 347.234375 , 365.402603 , -13726.6921 , 4827.38161 , -21912.4351
0.00755 , 8518.19 , 0.28394 , 3e+22 , -1698.41 , 914.628 , 1360.78 , 0.18986 , 0.188672 , 0.189316 , 0.0235136756 , -0.137893082 , 14.8184941 , 165.804004 , 168.056081 , 304.878516 , 0.754141059 , -0.107275579 , -1.33323657 , -19417.084 , -1254.35954 , 17724.3301 , 11502.224 , 29545.3599 , -3586.95149 , -28430.5167 , 7368.56024 , 15558.5602
0.0076 , 8535.84 , 0.284528 , 3e+22 , 534.676 , 562.615 , 452.285 , 0.189498 , 0.189333 , 0.190221 , 0.00704504717 , -0.127854782 , 14.9124541 , 167.433263 , 169.495163 , 308.355922 , 1.10104857 , -0.288817055 , -1.1224269 , 3273.79048 , 13312.0819 , 17075.1547 , -18164.9499 , 27448.4364 , -6915.52737 , -3298.59485 , 18134.9796 , -9784.32013
0.00765 , 8542.3 , 0.284743 , 3e+22 , 809.047 , 734.076 , 832.373 , 0.190875 , 0.189774 , 0.188827 , 0.0018712057 , -0.12350873 , 14.9911468 , 169.094813 , 171.171993 , 311.286661 , 1.03912475 , -0.196291969 , -0.988103833 , 30621.4693 , 7191.23218 , -19673.3706 , 22571.4854 , -14014.2043 , 8738.81806 , 27131.6712 , 20870.5213 , 12411.7943
0.0077 , 8551.32 , 0.285044 , 3e+22 , 1074.8 , 605.147 , 655.589 , 0.189728 , 0.189414 , 0.190935 , 0.00366752873 , -0.124617167 , 15.0726783 , 170.875496 , 172.732732 , 314.345026 , 0.978929893 , -0.0628957691 , -0.909829326 , 11935.3985 , 9093.37389 , -1760.98231 , 10670.5052 , -10681.9518 , 10940.6981 , 16111.1349 , 16185.7968 , 19902.7294
0.00775 , 8567.89 , 0.285596 , 3e+22 , 50.3826 , -339.755 , 212.873 , 0.19213 , 0.189858 , 0.189203 , -0.00405592848 , -0.136113951 , 15.1648142 , 172.661724 , 174.371653 , 317.727296 , 1.27205142 , -0.0960970136 , -0.903855779 , 16515.5906 , -14352.4308 , -19237.3428 , -22451.9886 , 14924.4729 , 23787.7439 , -13438.9345 , -12143.7223 , 5161.35223
0.0078 , 8583.98 , 0.286133 , 3e+22 , -7.21271 , -485.22 , -241.039 , 0.190585 , 0.190215 , 0.191463 , -0.00770455936 , -0.131182301 , 15.2550064 , 174.384199 , 176.405668 , 321.202981 , 1.22550876 , -0.259199474 , -0.890184462 , -3200.35288 , 13505.3325 , 33646.8493 , -11921.8108 , 3476.20383 , 693.091908 , 3951.28451 , -6427.13182 , 627.47684
0.00785 , 8600.34 , 0.286678 , 3e+22 , -1693.91 , -1640.03 , 389.331 , 0.19282 , 0.190462 , 0.190042 , -0.0209117058 , -0.127892793 , 15.3474603 , 176.012703 , 178.198823 , 324.745322 , 1.36567217 , -0.406388486 , -0.855361373 , 22609.3003 , 12105.1256 , -13388.9276 , -14665.9678 , 6794.42555 , -5695.4849 , -47707.127 , -19324.5089 , 2112.61183
0.0079 , 8618.66 , 0.287289 , 3e+22 , 461.724 , 441.183 , -84.3275 , 0.190583 , 0.19157 , 0.192422 , -0.0241342222 , -0.140564016 , 15.4387362 , 177.567264 , 179.187454 , 328.197302 , 1.34139434 , -0.56827787 , -1.03812358 , 18843.542 , -4231.09437 , -12627.5138 , -18079.2486 , 14053.3961 , 1515.39796 , 16365.5913 , 17201.7577 , -5607.05365
0.00795 , 8621.87 , 0.287396 , 3e+22 , 580.638 , 1982.91 , 1131.72 , 0.192879 , 0.190603 , 0.191278 , -0.0290064011 , -0.143767845 , 15.5146752 , 179.096401 , 181.065409 , 331.247716 , 1.31386001 , -0.617326372 , -1.12595544 , 5602.69701 , 24316.487 , -9105.04267 , 29765.1764 , 2131.22325 , 9044.94122 , 8146.6713 , 35242.4887 , 22309.6665
0.008 , 8625.77 , 0.287526 , 3e+22 , 731.197 , 138.077 , -728.353 , 0.193301 , 0.190444 , 0.1913 , -0.0157241597 , -0.141467296 , 15.5896989 , 180.701661 , 182.709092 , 334.092831 , 1.38117517 , -0.369297969 , -1.04462411 , -15703.9634 , -19934.0207 , -15980.8799 , -9389.47608 , 21523.8938 , 15058.7762 , 1662.78082 , 9677.55265 , -25795.1264
0.00805 , 8631.29 , 0.28771 , 3e+22 , 520.468 , -677.039 , -717.235 , 0.191162 , 0.192959 , 0.191291 , -0.0167313357 , -0.145651544 , 15.670009 , 182.403805 , 184.56052 , 337.340523 , 1.40628531 , -0.430008898 , -1.02030873 , 15109.1186 , -5045.58482 , 8081.81305 , -22073.8379 , 3994.99164 , -28539.1535 , 10215.691 , -15609.231 , -14599.3637
0.0081 , 8636.01 , 0.287867 , 3e+22 , -575.091 , 1403.79 , 1391.47 , 0.191506 , 0.193888 , 0.190316 , -0.0179769872 , -0.145831042 , 15.7496311 , 183.836321 , 185.737648 , 340.42091 , 1.27943165 , -0.326773134 , -1.03398762 , -6787.46511 , 9820.30613 , 8462.37141 , -16203.8575 , 8270.09487 , -7446.18357 , 4050.55604 , 17248.7856 , -4430.45625
0.00815 , 8647.18 , 0.288239 , 3e+22 , -75.024 , 899.811 , -966.762 , 0.191542 , 0.191849 , 0.193077 , -0.00381010331 , -0.142070995 , 15.8336792 , 185.486077 , 187.880682 , 343.61666 , 1.28386068 , -0.0488705733 , -0.882739736 , -8177.08123 , -6449.02355 , -9972.37381 , 10315.4486 , -4133.69349 , 40353.0599 , 2635.99349 , 32496.529 , -18792.9716
0.0082 , 8650.34 , 0.288345 , 3e+22 , -196.074 , -276.907 , 1102.24 , 0.19309 , 0.193061 , 0.19053 , 0.00835325529 , -0.146405508 , 15.9102556 , 186.948904 , 189.407756 , 346.51254 , 1.24264329 , 0.167942939 , -0.851904789 , 12304.2591 , 5192.67855 , 6366.54042 , -4288.68292 , 27239.4881 , 22057.6508 , 880.644515 , 10081.0815 , 20487.6725
0.00825 , 8658.9 , 0.28863 , 3e+22 , -35.2058 , 1405.42 , 86.852 , 0.191959 , 0.193034 , 0.192255 , -0.00123060596 , -0.139941406 , 15.9891539 , 188.934646 , 191.253312 , 349.675981 , 1.17330561 , 0.198334426 , -0.962621106 , 3466.00884 , 27160.8004 , -41142.1445 , -1393.25033 , -2798.98062 , 2445.88487 , 1618.38111 , 38858.4888 , -4102.72023
0.0083 , 8656.85 , 0.288562 , 3e+22 , 1607.17 , -538.531 , 1.26743 , 0.191346 , 0.192424 , 0.193338 , 0.00111574282 , -0.142147073 , 16.058503 , 190.357205 , 192.747734 , 352.461347 , 1.17647526 , 0.172991153 , -1.05654689 , -1011.79627 , -25185.6335 , 13411.1001 , 24393.7023 , 105.405993 , 6080.39202 , 44071.607 , 5914.1538 , 18.7238502
0.00835 , 8661.4 , 0.288713 , 3e+22 , -484.415 , -2438.15 , -605.836 , 0.192416 , 0.192653 , 0.192321 , 0.0167267638 , -0.151259954 , 16.135795 , 192.012974 , 194.310739 , 355.405769 , 1.14444294 , 0.355150617 , -1.11671 , -3447.64833 , -15535.4887 , -29092.2059 , 1753.61383 , 20247.8767 , 5835.02439 , -28670.7957 , -48932.944 , -8969.77805
0.0084 , 8662.44 , 0.288748 , 3e+22 , -1730.2 , -187.089 , 188.545 , 0.193166 , 0.190741 , 0.193571 , -0.00425781546 , -0.165044421 , 16.2112121 , 193.497245 , 195.997644 , 358.558093 , 1.01394696 , -0.346920087 , -1.47243369 , 19190.5906 , 3179.47444 , 4452.5777 , 4176.19678 , 15075.6376 , -23395.5577 , -43491.5088 , -2940.91554 , -12435.9907
0.00845 , 8676.94 , 0.289231 , 3e+22 , 486.755 , 272.554 , -633.576 , 0.192671 , 0.192911 , 0.192876 , -0.00237853583 , -0.161547261 , 16.2987887 , 195.060221 , 197.992287 , 361.891915 , 1.04513275 , -0.366149356 , -1.30000622 , 7026.5925 , -9994.33998 , -1621.68509 , -19812.362 , -11935.159 , -739.863729 , 17644.112 , 1817.83896 , -14788.6259
0.0085 , 8685.74 , 0.289525 , 3e+22 , -920.701 , -1890.83 , 449.883 , 0.193986 , 0.192088 , 0.192949 , 0.0114709618 , -0.153212889 , 16.3836785 , 196.797716 , 199.519085 , 364.999278 , 0.757044653 , -0.00874049728 , -1.25193548 , 1778.23305 , -11894.5841 , -20697.4096 , -19649.5858 , 1872.00563 , -19930.0634 , -20344.8876 , -42750.0739 , 8621.8541
0.00855 , 8691.21 , 0.289707 , 3e+22 , 208.13 , 758.21 , 628.775 , 0.192455 , 0.192329 , 0.194625 , 0.00187648501 , -0.146244923 , 16.4589146 , 198.45923 , 201.542422 , 368.248795 , 1.01004523 , 0.0154203088 , -1.1761272 , 7931.44232 , -16100.0209 , -2744.40618 , 4447.4478 , 26591.9605 , 662.294862 , -740.297453 , 7381.33367 , 13624.8411
0.0086 , 8690.55 , 0.289685 , 3e+22 , -578.455 , -402.115 , 1544.17 , 0.190742 , 0.194399 , 0.194212 , 0.00321608153 , -0.145882506 , 16.530245 , 199.900575 , 203.302617 , 371.078711 , 1.06080056 , 0.159599206 , -1.34505311 , -5434.84025 , -952.85292 , 4769.79706 , -16953.4203 , 989.813721 , 9379.86618 , -4239.52366 , -16116.2915 , 30796.3468
0.00865 , 8709.36 , 0.290312 , 3e+22 , 1308.54 , 24.4247 , 456.303 , 0.193935 , 0.193558 , 0.19312 , 0.00681312741 , -0.163800942 , 16.6212805 , 201.577491 , 204.952468 , 374.929241 , 0.836349342 , 0.261363792 , -1.5924856 , 1505.02542 , -14547.7795 , -32772.6557 , -25085.1267 , 25775.8356 , 7226.64703 , 41967.8928 , 6040.86354 , 1894.08829
0.0087 , 8709.22 , 0.290307 , 3e+22 , -232.089 , 331.383 , 503.299 , 0.194468 , 0.19227 , 0.193874 , 0.00854150086 , -0.158389108 , 16.6936642 , 203.382952 , 206.593529 , 377.758384 , 0.697471652 , 0.250620909 , -1.54398105 , 24109.4349 , 14198.0576 , -7661.98453 , 3293.59768 , 5523.18383 , -1208.45507 , -548.661751 , 3212.73236 , 243.96646
0.00875 , 8724.06 , 0.290802 , 3e+22 , 831.779 , 308.857 , 914.469 , 0.192957 , 0.193651 , 0.194987 , 0.00775477845 , -0.152925378 , 16.7850802 , 205.018405 , 208.176735 , 381.208257 , 0.474884079 , 0.399244358 , -1.51309475 , -2831.21752 , -12144.1428 , 15209.7435 , 15695.8388 , 13794.3713 , 7405.97003 , 20809.6558 , 12932.3126 , 29330.4803
0.0088 , 8733.22 , 0.291107 , 3e+22 , 854.74 , 678.009 , 964.499 , 0.194359 , 0.192423 , 0.19542 , 0.00484747528 , -0.150636772 , 16.8697994 , 206.552092 , 209.912117 , 384.706017 , 0.568553425 , 0.551050419 , -1.29969843 , 5082.5405 , 8622.11981 , -10461.7809 , 21062.7046 , 36043.8196 , 13046.1523 , 18077.526 , 21644.7622 , 3597.36854
0.00885 , 8736.85 , 0.291228 , 3e+22 , 423.167 , -1339.77 , 2353.31 , 0.19381 , 0.192398 , 0.196206 , 0.00925082471 , -0.143498195 , 16.9469987 , 208.080964 , 211.680461 , 387.954023 , 0.403105028 , 0.659775891 , -1.00049052 , 7292.51261 , 30765.0187 , -995.362585 , 8185.751 , 20524.2123 , 19817.2337 , 13879.9078 , -45072.1504 , 41178.3476
0.0089 , 8745.29 , 0.29151 , 3e+22 , -490.616 , -503.873 , 1642.92 , 0.195588 , 0.192703 , 0.19471 , 0.00509901262 , -0.149616637 , 17.0287605 , 209.812093 , 213.55254 , 391.436747 , 0.689891775 , 0.699576861 , -1.22985832 , 20270.4388 , 21771.1429 , -10536.6667 , 21550.878 , 36626.776 , -10280.3961 , -19072.6515 , -28264.1017 , 30320.8117
0.00895 , 8762.6 , 0.292087 , 3e+22 , 1291.33 , -1167.18 , -975.705 , 0.195662 , 0.194211 , 0.194278 , 0.0114186088 , -0.15251639 , 17.1184481 , 211.380424 , 215.257002 , 395.150189 , 0.623273609 , 1.0174888 , -1.43149451 , 268.772172 , -30280.2217 , 466.329702 , -27079.0109 , -10794.7806 , 4650.95615 , 39254.9578 , -27601.4704 , -1469.73472
0.009 , 8768.5 , 0.292283 , 3e+22 , -868.056 , 764.304 , 958.315 , 0.196416 , 0.194549 , 0.193588 , 0.00633200978 , -0.13926536 , 17.197498 , 213.292052 , 216.84159 , 398.524096 , 0.571908845 , 0.7320282 , -1.11539458 , 1562.32041 , 12081.6034 , 21192.6663 , -5527.57417 , 17600.6595 , 25853.1944 , -18468.943 , 25305.6875 , 16591.0776
0.00905 , 8778.89 , 0.29263 , 3e+22 , -338.303 , 593.46 , 830.229 , 0.193 , 0.195389 , 0.196864 , 0.0136473908 , -0.13754946 , 17.2843571 , 215.134882 , 218.549289 , 402.082423 , 0.467398093 , 0.739168288 , -1.21470863 , -2132.12126 , 24524.5206 , -17047.7708 , -6819.56939 , 31093.3279 , -4895.53771 , -24459.3661 , 4384.89861 , 2932.03161
0.0091 , 8780.82 , 0.292694 , 3e+22 , -828.723 , 291.751 , 316.131 , 0.195443 , 0.194778 , 0.195162 , 0.0113376428 , -0.147501025 , 17.3646916 , 217.100377 , 219.906474 , 405.160553 , 0.294687834 , 0.630549949 , -1.34355603 , -5296.80106 , 3697.0732 , 5600.47924 , -14501.0677 , 5084.57019 , -8095.5753 , -6982.42769 , -19010.1906 , -550.027478
0.00915 , 8782.3 , 0.292743 , 3e+22 , 2017.55 , 1728.73 , 164.142 , 0.19658 , 0.193398 , 0.195468 , 0.0182640515 , -0.146356711 , 17.4421301 , 218.631655 , 221.525454 , 408.585587 , 0.56998344 , 0.629321273 , -1.31169182 , -18027.6869 , 1375.04774 , 7252.51457 , -14409.8634 , 19345.5098 , 21687.7868 , 40155.2683 , 35527.774 , 656.39583
0.0092 , 8774.01 , 0.292467 , 3e+22 , 724.428 , 2953.19 , 1136.19 , 0.194368 , 0.194214 , 0.196291 , 0.0158289022 , -0.142526175 , 17.5073996 , 220.063897 , 223.437481 , 411.421941 , 0.480893081 , 0.578804818 , -1.22072602 , 37981.9918 , -6347.2492 , 8718.3063 , -20080.6131 , 6859.2716 , -14615.1155 , 18498.8991 , 66872.1652 , 12534.9946
0.00925 , 8781.04 , 0.292701 , 3e+22 , 1498.43 , 1853.21 , 342.818 , 0.193438 , 0.196425 , 0.195507 , 0.0244047184 , -0.147033022 , 17.5917793 , 221.537038 , 225.302711 , 415.268721 , 0.181470887 , 0.638985347 , -1.38297121 , 12968.0576 , -1196.52535 , 3508.19418 , -17805.3053 , 3389.34276 , -15770.306 , 50852.6914 , 40581.8616 , -13154.2094
0.0093 , 8778.3 , 0.29261 , 3e+22 , 148.794 , 3154.77 , -237.081 , 0.195397 , 0.194662 , 0.195104 , 0.03455234 , -0.140162422 , 17.6661388 , 223.013823 , 226.533901 , 418.267787 , -0.321921025 , 0.939669452 , -1.1274479 , 15942.2526 , 2150.77354 , 20583.5172 , 15061.5384 , 22457.1439 , 25640.4077 , -20920.1852 , 88115.8833 , -2868.62697
0.00935 , 8779.6 , 0.292653 , 3e+22 , -319.815 , 404.948 , 1346.3 , 0.195513 , 0.194947 , 0.194835 , 0.0408392001 , -0.134498516 , 17.7426309 , 224.51089 , 228.445557 , 421.642385 , -0.521853918 , 1.08241372 , -0.937273943 , -5295.21591 , -8880.40036 , -10720.2811 , -8262.86845 , 10056.7844 , -5170.10923 , 5541.4762 , -16657.9148 , 24525.7399
0.0094 , 8788.53 , 0.292951 , 3e+22 , 849.704 , -250.924 , 252.666 , 0.193347 , 0.1983 , 0.19425 , 0.040646831 , -0.127733129 , 17.82238 , 226.021147 , 229.705304 , 425.153067 , -0.678683239 , 1.07373737 , -0.813329629 , 23744.769 , 13956.4886 , 8688.85862 , -35350.0268 , 7228.2104 , 44985.2636 , 15677.2709 , -12134.1584 , 9052.91891
0.00945 , 8796.89 , 0.29323 , 3e+22 , -83.9151 , 666.051 , 946.895 , 0.196391 , 0.19576 , 0.194301 , 0.033109754 , -0.133884102 , 17.907334 , 227.726311 , 231.24121 , 428.798585 , -0.779284091 , 0.96121719 , -0.87414366 , 1598.17601 , 34594.7749 , 8213.20684 , 9262.04109 , 17041.1285 , -11749.5909 , -17625.5533 , 5536.79008 , 24399.2262
0.0095 , 8798.52 , 0.293284 , 3e+22 , 179.555 , 548.479 , 1013.31 , 0.196751 , 0.193886 , 0.195923 , 0.0307213278 , -0.132864003 , 17.985232 , 229.670134 , 232.787308 , 432.155411 , -0.713314768 , 0.784505103 , -1.00759241 , 17865.5477 , 4095.59797 , 14458.3978 , -11193.5348 , 15253.6093 , 11738.666 , 2689.52181 , 162.350298 , 17282.0152
0.00955 , 8805.37 , 0.293512 , 3e+22 , -1183.44 , -694.843 , 457.701 , 0.19683 , 0.195718 , 0.194464 , 0.030020715 , -0.133884827 , 18.0681743 , 231.419131 , 234.393981 , 435.808221 , -0.599713054 , 0.886965323 , -1.03034728 , 3627.54903 , -7204.42517 , 14726.3275 , -15787.1008 , 15912.6642 , -17381.2252 , -20368.9019 , -4638.58429 , 2765.70863
0.0096 , 8820.15 , 0.294005 , 3e+22 , 605.244 , -42.3895 , 1294.04 , 0.194184 , 0.198022 , 0.195793 , 0.039562449 , -0.136724087 , 18.1568789 , 233.087174 , 235.931611 , 439.71497 , -0.880035647 , 1.05620181 , -1.24061397 , 8731.12464 , -4483.41841 , 1463.03634 , 27259.0668 , 16570.1109 , 15966.5569 , 1823.68936 , 17522.1532 , 24073.4827
0.00965 , 8824.71 , 0.294157 , 3e+22 , 1717.37 , -1627.76 , 526.853 , 0.197568 , 0.19392 , 0.196791 , 0.0400888566 , -0.145393559 , 18.237996 , 235.288014 , 237.669267 , 443.425854 , -0.7006418 , 1.15378801 , -1.44950404 , 50488.1549 , -10615.0303 , -21220.9075 , -4968.49126 , -15861.2009 , -8912.44524 , 56260.5964 , -44190.0892 , -13758.2588
0.0097 , 8829.51 , 0.294317 , 3e+22 , 1092.77 , 1527.25 , -74.4679 , 0.193242 , 0.198073 , 0.197298 , 0.0395677387 , -0.148221349 , 18.3170789 , 236.762076 , 238.937463 , 446.852687 , -0.659412086 , 1.22622008 , -1.64577527 , 22981.8088 , 17180.9321 , 270.122651 , 4214.60698 , -6679.2155 , 21190.1675 , 27958.3445 , 22165.1752 , -17214.4272
0.00975 , 8836.48 , 0.294549 , 3e+22 , -396.162 , -227.569 , 427.167 , 0.19547 , 0.197092 , 0.196534 , 0.0421437722 , -0.146860442 , 18.4000386 , 238.312071 , 240.834451 , 450.793467 , -0.680508444 , 1.4666065 , -1.40249508 , 8216.13763 , 21100.9382 , 1895.42662 , 3801.81114 , -19780.3256 , -9839.26918 , -17764.0384 , 11149.6412 , -450.016627
0.0098 , 8842.29 , 0.294743 , 3e+22 , 1211.37 , -1575.14 , -501.547 , 0.196775 , 0.195988 , 0.196699 , 0.0315438211 , -0.146312822 , 18.4791254 , 240.245317 , 242.638133 , 453.995162 , -0.787842606 , 1.41242503 , -1.44434786 , 17651.7117 , 18.7515869 , 2910.99929 , 9636.8606 , 35510.5096 , -4139.29605 , 31704.8732 , -36014.725 , -21831.3127
0.00985 , 8844.87 , 0.294829 , 3e+22 , 1220.76 , -410.554 , -270.599 , 0.198713 , 0.196744 , 0.194191 , 0.0297122319 , -0.142267742 , 18.5536783 , 241.488815 , 244.246537 , 457.504236 , -0.84796265 , 1.33969768 , -1.54695112 , 676.086299 , 18525.4403 , -14689.4554 , -23424.7934 , 15811.7767 , 8354.0377 , 13452.7472 , -16398.379 , -16334.0266
0.0099 , 8846.82 , 0.294894 , 3e+22 , 614.119 , -1247.82 , -641.763 , 0.199662 , 0.195273 , 0.19484 , 0.0482251684 , -0.155275944 , 18.6311686 , 243.439153 , 245.901251 , 461.107106 , -0.460099411 , 1.84638451 , -1.98626535 , 5317.61209 , -9114.93437 , 580.633003 , 17687.5731 , 8889.46267 , 1171.85044 , 32560.8739 , -35290.802 , -13847.0236
0.00995 , 8850.71 , 0.295024 , 3e+22 , -651.65 , -58.4072 , 690.809 , 0.194987 , 0.198013 , 0.197042 , 0.0636789561 , -0.163492425 , 18.7148049 , 244.752649 , 247.510158 , 465.116307 , -0.412653233 , 2.16468548 , -2.28889448 , 53371.5813 , -14476.0056 , -12827.912 , -8744.39623 , -37159.8011 , -4463.02545 , -10446.8433 , 1214.77438 , 32340.5629
0.01 , 8851.69 , 0.295056 , 3e+22 , -1745.66 , -78.4488 , 370.294 , 0.195952 , 0.196948 , 0.197195 , 0.0610044658 , -0.167372107 , 18.7921229 , 246.650274 , 249.376422 , 468.909845 , -0.449842122 , 2.22800541 , -2.46551554 , 17394.6899 , 38099.0919 , 1239.51139 , 5379.09617 , 8998.80657 , 5629.05232 , -31884.3771 , -2781.86635 , 1581.68498
0.01005 , 8846.22 , 0.294874 , 3e+22 , 841.903 , 1076.27 , 571.898 , 0.195109 , 0.195953 , 0.198674 , 0.051693556 , -0.16085027 , 18.8654913 , 248.258863 , 251.286384 , 472.293387 , -0.45370858 , 2.04027816 , -2.03800222 , 13897.8876 , 9584.50119 , -8758.17747 , 6011.33044 , 29156.4049 , -2219.38964 , 8641.83942 , 36924.7092 , 7413.65094
0.0101 , 8853.32 , 0.295111 , 3e+22 , -305.37 , -890.478 , -915.681 , 0.196497 , 0.197283 , 0.196431 , 0.0525950202 , -0.163196153 , 18.9475069 , 250.199026 , 252.991482 , 475.873754 , -0.384931537 , 1.99300783 , -2.05589102 , 11612.055 , -8798.07019 , 31668.7126 , 6283.1199 , 20628.0181 , -5715.15291 , -33571.9148 , -5456.88074 , -35919.1475
0.01015 , 8845.72 , 0.294857 , 3e+22 , 2106.23 , 725.709 , 1578.28 , 0.196605 , 0.195718 , 0.19735 , 0.069552859 , -0.167723183 , 19.0143019 , 252.073272 , 254.356012 , 479.026873 , -0.167168517 , 2.47746202 , -2.25642185 , 24891.6105 , 1454.35112 , 306.521485 , -23456.231 , 20224.7393 , -11708.9772 , 54095.8306 , 5812.59756 , 54873.9633
0.0102 , 8853.77 , 0.295126 , 3e+22 , 963.799 , 769.184 , 476.742 , 0.198752 , 0.195035 , 0.196455 , 0.0624000021 , -0.155538589 , 19.0982427 , 253.561607 , 256.113424 , 482.739467 , -0.228374292 , 2.24409809 , -2.12063627 , 6274.268 , 12410.8064 , -19601.376 , -12993.5364 , 9057.93148 , -3548.67244 , 41673.0344 , 28084.2623 , -2122.43943
0.01025 , 8855.33 , 0.295178 , 3e+22 , 761.374 , -689.923 , 188.348 , 0.196819 , 0.195292 , 0.198239 , 0.0553505148 , -0.159677663 , 19.177972 , 255.400882 , 257.977702 , 486.389616 , -0.36744582 , 2.14080691 , -2.02027425 , 50861.6904 , 33836.4631 , 11064.3653 , -2253.99493 , 16152.4083 , -19518.9808 , 16099.8523 , -19102.4764 , -17867.4946
0.0103 , 8873.12 , 0.295771 , 3e+22 , -703.457 , 151.969 , -269.46 , 0.196861 , 0.197616 , 0.197062 , 0.0551567023 , -0.167862526 , 19.2666539 , 257.112565 , 259.35642 , 490.429013 , -0.203434355 , 2.19807139 , -2.41181124 , 91.9763309 , 15795.3575 , -2164.70107 , -1809.57392 , 26686.0034 , 18556.8335 , -23793.8856 , 28261.2857 , -582.121386
0.01035 , 8885.51 , 0.296184 , 3e+22 , 2722.8 , -638.585 , 1520.55 , 0.197712 , 0.196404 , 0.198193 , 0.0578442391 , -0.168056196 , 19.359435 , 258.680802 , 260.943132 , 494.698701 , -0.363088437 , 2.16421148 , -2.3709379 , 31818.6135 , -4250.69372 , 35017.1447 , 23648.8883 , 11569.5912 , -18336.2762 , 68725.1506 , -16611.6124 , 18875.7645
0.0104 , 8889.7 , 0.296323 , 3e+22 , 2993.54 , -302.986 , -65.5931 , 0.197709 , 0.198092 , 0.196794 , 0.0562829128 , -0.172700679 , 19.438755 , 260.188108 , 262.613036 , 498.560732 , -0.231548009 , 2.22357511 , -2.5164084 , -4518.55558 , -10658.0179 , 19935.583 , 33202.6717 , 22230.1921 , -7647.30034 , 77732.5776 , -19376.509 , 4221.3726
0.01045 , 8892.27 , 0.296409 , 3e+22 , -1400.72 , 676.151 , 566.277 , 0.198481 , 0.196355 , 0.197967 , 0.0480159588 , -0.180010165 , 19.5195298 , 262.118547 , 264.240412 , 502.335166 , -0.355779314 , 2.15671705 , -2.52065702 , 21411.5098 , 10201.4804 , 82.1979977 , -2225.5953 , 25064.1217 , -421.231713 , -37066.4411 , -3428.29709 , 24745.3425
0.0105 , 8889.3 , 0.29631 , 3e+22 , 1300.5 , -1291.76 , -495.871 , 0.197056 , 0.197687 , 0.197856 , 0.0538464423 , -0.19144174 , 19.5902537 , 263.306979 , 265.76157 , 505.89552 , -0.285166362 , 2.26580967 , -2.76385794 , 27404.6859 , -11116.0763 , 10948.9314 , -4382.0986 , 34334.9037 , -6684.8853 , 30994.8471 , -10654.1626 , -20112.4827
0.01055 , 8896.99 , 0.296566 , 3e+22 , 1549.81 , 696.633 , 1387.52 , 0.196999 , 0.197534 , 0.198572 , 0.0450483546 , -0.187572921 , 19.6770113 , 264.748104 , 267.405976 , 509.928035 , -0.277819717 , 2.26108138 , -2.63423054 , 3970.11418 , -29256.2768 , -24460.4037 , -13452.8724 , -22052.5452 , -20194.1793 , 24766.6661 , 28819.705 , 31660.2052
0.0106 , 8906.07 , 0.296869 , 3e+22 , -375.743 , -1785.21 , -2068.91 , 0.198516 , 0.197765 , 0.197414 , 0.0466231481 , -0.180549307 , 19.7667578 , 265.630208 , 269.42944 , 514.046038 , -0.333583046 , 2.22478922 , -2.68495435 , -1407.72169 , 13885.4675 , -7241.80205 , 16356.9616 , -968.949724 , -19293.4613 , -28634.2267 , -38225.0388 , -49047.1862
0.01065 , 8903.92 , 0.296797 , 3e+22 , -552.154 , 205.732 , 5.11965 , 0.19629 , 0.198258 , 0.199044 , 0.0482972206 , -0.186009931 , 19.8377024 , 267.506503 , 270.430814 , 517.536893 , -0.367689841 , 2.35353043 , -2.85345978 , -26092.5443 , 28924.5002 , -10021.4101 , -12368.25 , -8766.25537 , -28559.3377 , -8191.08206 , -6308.66094 , -23171.3958
0.0107 , 8909.95 , 0.296998 , 3e+22 , -753.759 , 577.242 , 2356.74 , 0.199141 , 0.19803 , 0.196788 , 0.0527368325 , -0.181265194 , 19.9226127 , 269.117231 , 271.740796 , 521.322362 , 0.022359928 , 2.46900343 , -3.05342077 , 26804.2405 , 5825.13866 , 2466.41456 , -10011.4372 , 25259.7349 , 14949.4304 , -17322.6761 , 13104.6951 , 32443.2508
0.01075 , 8913.38 , 0.297113 , 3e+22 , 1062.14 , 72.194 , -1073.33 , 0.197124 , 0.197584 , 0.199505 , 0.044956734 , -0.194582608 , 20.0046254 , 270.33652 , 273.126868 , 525.386223 , 0.256845348 , 2.37092531 , -3.35674578 , 24063.7447 , 3498.94815 , -17568.3832 , -22101.2191 , -22475.7116 , -25657.8704 , 18450.8148 , 13612.0671 , -21075.1268
0.0108 , 8915.22 , 0.297174 , 3e+22 , -254.791 , -2006.44 , 411.617 , 0.197736 , 0.198054 , 0.198534 , 0.0531144726 , -0.19919378 , 20.0822289 , 272.310536 , 274.614079 , 529.225604 , 0.277083979 , 2.43371073 , -3.40017671 , -5522.48009 , -832.256676 , 17182.6876 , -1976.33606 , -8390.81991 , 15782.2981 , -16672.7223 , -50116.0385 , 3965.29543
0.01085 , 8929.45 , 0.297648 , 3e+22 , -1065.9 , 350.916 , -991.348 , 0.19882 , 0.197963 , 0.198501 , 0.0627894168 , -0.206795126 , 20.1732333 , 274.316059 , 276.171962 , 533.700843 , 0.352355163 , 2.65957148 , -3.46125219 , 28909.305 , 15598.6929 , 24950.4353 , -44281.7521 , 37361.2956 , -10062.1981 , -36667.2206 , 5164.96258 , -21294.5155
0.0109 , 8939.65 , 0.297988 , 3e+22 , -2550.64 , 1057.73 , -635.108 , 0.197248 , 0.198633 , 0.20005 , 0.0508675139 , -0.205093469 , 20.2670797 , 276.064812 , 278.036585 , 538.495995 , 0.358058212 , 2.41656998 , -3.55668313 , -15193.9284 , 3425.25902 , -14286.4832 , 4177.12914 , -10997.1331 , 6393.77236 , -60140.2232 , 32002.7399 , -14591.4794
0.01095 , 8932.41 , 0.297747 , 3e+22 , -261.868 , 218.113 , 683.6 , 0.19913 , 0.197597 , 0.198764 , 0.0387836776 , -0.194039091 , 20.3357754 , 277.414704 , 279.619011 , 541.406362 , 0.0599615142 , 2.19069618 , -3.31685729 , 16672.1322 , -14931.1554 , 42530.0776 , 27756.6033 , 5828.07896 , -5424.03266 , 6230.38903 , 4086.61663 , 25998.3238
0.011 , 8922.59 , 0.29742 , 3e+22 , -44.192 , 126.596 , -323.247 , 0.199311 , 0.198414 , 0.197114 , 0.0412089757 , -0.192148222 , 20.3994348 , 278.778712 , 281.605534 , 544.799779 , 0.111471596 , 2.39800373 , -3.48476306 , 18214.7239 , -17910.3763 , -21955.2488 , 28836.0456 , -139.244269 , 2918.74778 , -33156.9226 , 15310.6972 , -5238.48506
0.01105 , 8928.54 , 0.297618 , 3e+22 , 1317.05 , -1609.49 , 277.965 , 0.19935 , 0.197027 , 0.198834 , 0.0481596057 , -0.203688102 , 20.4821412 , 280.676744 , 283.047224 , 549.036257 , -0.314685023 , 2.42149947 , -3.38053844 , 13925.9493 , 25197.6859 , -13309.9949 , -20978.2959 , -1723.23876 , 5404.85252 , 34443.0945 , -45862.9568 , -7415.8586
0.0111 , 8952.88 , 0.298429 , 3e+22 , -572.247 , -1686.2 , 1367.14 , 0.196809 , 0.198871 , 0.20115 , 0.0423862268 , -0.211120838 , 20.5811082 , 282.518633 , 284.536534 , 553.689297 , -0.29257827 , 2.14371795 , -3.57695309 , 24742.9244 , -5138.10432 , -3268.41312 , -2469.71939 , 1872.63188 , 16714.5108 , -10340.4501 , -35126.6477 , 36427.8638
0.01115 , 8958.98 , 0.298633 , 3e+22 , 1099.81 , 1678.67 , 549.353 , 0.199547 , 0.197271 , 0.200423 , 0.0449344429 , -0.215161497 , 20.6656379 , 283.708166 , 286.085237 , 557.815386 , 0.0101021968 , 2.12123268 , -3.6768706 , 28002.0815 , -23832.0503 , 22589.9388 , -7932.89394 , -3423.30344 , 33369.3175 , 46590.4255 , 40118.7126 , 822.557599
0.0112 , 8954.74 , 0.298491 , 3e+22 , -260.803 , -1198.5 , 118.487 , 0.197787 , 0.199145 , 0.200042 , 0.0354754666 , -0.224217269 , 20.7413441 , 285.291128 , 287.325352 , 561.39137 , -0.168474474 , 1.80499907 , -3.53318778 , 25062.1219 , -12904.6033 , 5661.78084 , -1531.69338 , -15710.5704 , -13276.4165 , -4158.45754 , -20286.8677 , 9951.00215
0.01125 , 8948.68 , 0.298289 , 3e+22 , -1292.84 , -1716.38 , -2885.82 , 0.199066 , 0.200219 , 0.19722 , 0.0281183686 , -0.236077422 , 20.8115992 , 286.936156 , 289.107674 , 564.998695 , 0.226018537 , 1.70101206 , -3.92051358 , 13693.9032 , 9447.20077 , 33534.2865 , -42013.1699 , -39116.1608 , 11726.0559 , -58266.6911 , -51681.1539 , -75991.2823
0.0113 , 8940.05 , 0.298002 , 3e+22 , -1697.3 , -1164.01 , -2373.14 , 0.198399 , 0.197589 , 0.199959 , 0.0294626909 , -0.237262308 , 20.8790285 , 288.416919 , 290.976518 , 568.29103 , 0.0244738272 , 1.72903779 , -4.15416971 , 139.863394 , 21721.1022 , 1625.47404 , 24737.9128 , -2788.37089 , -13304.4736 , -60987.7948 , -31964.9449 , -61689.6027
0.01135 , 8941.79 , 0.29806 , 3e+22 , -335.064 , 347.38 , -1569.25 , 0.19879 , 0.197294 , 0.20002 , 0.00841629613 , -0.244745622 , 20.9551057 , 289.491798 , 292.677112 , 571.762007 , -0.0226666542 , 1.41738774 , -4.41249634 , 27475.037 , 16097.7697 , 31732.0168 , -5434.08477 , -5493.86619 , 8592.57931 , -13584.7621 , 21441.4222 , -77007.3744
0.0114 , 8942.55 , 0.298085 , 3e+22 , -58.3236 , 1703.77 , 645.656 , 0.198463 , 0.198255 , 0.199433 , 0.00537630231 , -0.248128136 , 21.0322398 , 291.276552 , 294.25047 , 575.352831 , -0.177041944 , 1.33950163 , -4.58546782 , -16749.5788 , -831.232787 , 13342.9739 , 10203.8084 , 5804.41194 , 26277.6747 , -1280.99189 , 35223.9171 , -3557.47559
0.01145 , 8935.14 , 0.297838 , 3e+22 , -119.186 , -286.595 , -789.295 , 0.198653 , 0.197668 , 0.199352 , 0.0113674342 , -0.238071278 , 21.1001241 , 293.121845 , 296.197933 , 578.659534 , -0.38945132 , 1.42651205 , -4.19061957 , 26238.0929 , 15499.9917 , -26551.6776 , -7190.96474 , 19632.7009 , 13519.9915 , 510.870354 , -12052.1958 , -21122.6917
0.0115 , 8936.38 , 0.297879 , 3e+22 , -2304.36 , 47.6983 , 483.535 , 0.198699 , 0.197901 , 0.199127 , 0.00651861142 , -0.246664419 , 21.1792529 , 294.506021 , 297.777717 , 582.624625 , -0.674259676 , 1.44806476 , -4.33021246 , -14244.4905 , -4594.04998 , -16417.0652 , -2758.40118 , -16491.0389 , 20263.987 , -64048.3916 , 11549.0282 , 16161.3073
0.01155 , 8937.8 , 0.297927 , 3e+22 , -316.684 , -1006.45 , 1901.22 , 0.196254 , 0.198914 , 0.200658 , 0.0128893629 , -0.243255459 , 21.2571786 , 295.569646 , 299.346788 , 586.474548 , -0.785571811 , 1.58077886 , -4.34011273 , 17496.2704 , 26513.3923 , -11214.7329 , -5788.64622 , 11065.6854 , 6911.77861 , -7101.65546 , -34101.6442 , 22143.6629
0.0116 , 8934.52 , 0.297817 , 3e+22 , -1008.16 , -1054.66 , -252.429 , 0.197726 , 0.197785 , 0.200111 , 0.00142519712 , -0.233835757 , 21.3291912 , 297.310092 , 300.776896 , 589.889273 , -1.21311995 , 1.25676229 , -4.07305336 , -8076.15177 , 3198.20812 , 15841.452 , 5730.18416 , 29569.439 , -2566.44535 , -565.128027 , -15015.8469 , -20882.9686
0.01165 , 8925.24 , 0.297508 , 3e+22 , -91.458 , 7.9671 , 135.636 , 0.19943 , 0.198865 , 0.196721 , 0.00900070554 , -0.249128798 , 21.391264 , 299.38936 , 302.28932 , 593.133721 , -1.54384504 , 1.26639938 , -4.30832373 , -2827.84207 , 22623.0188 , 22834.2586 , 9016.63544 , 8110.81794 , -2933.58251 , -11885.8543 , -12350.6757 , 8630.46275
0.0117 , 8937.53 , 0.297918 , 3e+22 , 750.374 , -629.171 , 191.007 , 0.200386 , 0.197815 , 0.197629 , 0.0101879822 , -0.250028514 , 21.4796088 , 300.764384 , 303.833717 , 597.277311 , -1.29355918 , 1.56247703 , -4.69630508 , 4689.79946 , -380.759455 , 22527.8797 , 3220.40847 , 30630.3761 , 46827.9158 , 8656.53642 , -22460.5313 , -5159.11442
0.01175 , 8936.27 , 0.297876 , 3e+22 , 1422.93 , -1815.41 , -201.58 , 0.195756 , 0.198876 , 0.201089 , 0.0168947262 , -0.248020963 , 21.5564003 , 302.381925 , 305.415147 , 601.455631 , -1.59227014 , 1.7319039 , -4.52322999 , 99.1071935 , 10768.9286 , 12808.527 , -1178.06919 , 11593.1978 , -20945.541 , 34121.1876 , -31141.2836 , 3648.78051
0.0118 , 8934.26 , 0.297809 , 3e+22 , 2676.54 , 2125.29 , -1257.37 , 0.196792 , 0.198158 , 0.200592 , 0.0190492895 , -0.238707177 , 21.6309682 , 303.869854 , 307.020667 , 605.333549 , -1.70498534 , 1.93082223 , -4.21814882 , -20414.3647 , 8311.25306 , -3537.60611 , -11220.9294 , -2938.36068 , -13684.3322 , 77310.6585 , 38605.9891 , -36780.0756
0.01185 , 8926.87 , 0.297562 , 3e+22 , 1478.57 , 717.522 , 948.128 , 0.198376 , 0.198911 , 0.197817 , 0.00906607672 , -0.228532617 , 21.7012811 , 305.628087 , 308.981065 , 609.046488 , -1.7987941 , 1.49130078 , -4.13037849 , 29644.7531 , -2684.7982 , 18283.8011 , -29564.0288 , 20261.289 , 12058.895 , 52237.0134 , 33746.9322 , 13885.2256
0.0119 , 8931.74 , 0.297725 , 3e+22 , 493.318 , -1005.13 , 871.152 , 0.198192 , 0.197714 , 0.199532 , 0.00920092088 , -0.237854389 , 21.7784407 , 307.517665 , 310.407805 , 613.177699 , -1.63477281 , 1.72911697 , -4.51526097 , -2931.03637 , -11944.2086 , 2841.53485 , -16120.8036 , -21310.1202 , 3995.47977 , -3295.57608 , -38508.5382 , 20283.7956
0.01195 , 8942.98 , 0.298099 , 3e+22 , 2693.9 , 912.049 , -869.712 , 0.198512 , 0.197611 , 0.200025 , 0.0276193517 , -0.239980414 , 21.8623301 , 309.051247 , 311.375388 , 617.542947 , -1.71312922 , 2.22039233 , -4.72728168 , 14807.7211 , -9780.21371 , -7921.78525 , -10801.5549 , 25986.6611 , 29637.7494 , 78182.4561 , 24640.5136 , -4846.9242
0.012 , 8949.82 , 0.298327 , 3e+22 , 684.074 , 653.485 , -331.546 , 0.19937 , 0.199042 , 0.198237 , 0.0353720186 , -0.23748654 , 21.9439091 , 310.712642 , 313.105693 , 621.639868 , -1.93975645 , 2.13287344 , -4.64058244 , 43029.7419 , -42833.9747 , -4106.85904 , 1444.18145 , -8571.25056 , -555.561141 , 5927.61342 , 35938.8564 , -5448.12269
0.01205 , 8943.15 , 0.298105 , 3e+22 , 61.8867 , 123.862 , 945.852 , 0.198033 , 0.199397 , 0.198775 , 0.041228136 , -0.252634749 , 22.0133139 , 311.522476 , 315.250576 , 625.303925 , -2.19888376 , 2.57550655 , -5.18473416 , -11219.6627 , -9051.96649 , -42635.8925 , -30524.0936 , 28267.623 , -18679.2758 , 3073.50039 , -9676.19122 , 30327.1468
0.0121 , 8939.44 , 0.297981 , 3e+22 , 422.485 , -842.65 , -1559.16 , 0.197217 , 0.198401 , 0.200326 , 0.0385425689 , -0.255705359 , 22.0864571 , 313.419242 , 317.049053 , 629.151152 , -2.60307314 , 2.52818805 , -5.41320468 , 6192.733 , -44276.9436 , -24998.9203 , 20958.1806 , 32380.2841 , 5219.31332 , 7231.64393 , -4588.43412 , -50970.3067
0.01215 , 8935.51 , 0.29785 , 3e+22 , -859.801 , 940.78 , -2012.11 , 0.196285 , 0.19962 , 0.199763 , 0.043757284 , -0.254772074 , 22.1590439 , 315.458775 , 318.654957 , 633.189534 , -2.89990786 , 2.43440101 , -5.27366475 , 11260.9137 , -12059.7309 , 3555.5221 , -21501.0171 , -18312.0744 , -29768.4867 , -28417.9441 , 21226.6042 , -73110.2143
0.0122 , 8931.66 , 0.297722 , 3e+22 , 1110.33 , -103.509 , 372.386 , 0.198277 , 0.197321 , 0.199838 , 0.0410750214 , -0.250082627 , 22.2308284 , 317.212968 , 320.581101 , 636.90897 , -2.90868112 , 2.1087412 , -4.96156161 , -4841.30314 , -2846.09562 , -19512.6266 , 11380.8622 , 9095.34082 , -30931.9717 , 47720.2359 , -9941.68406 , -872.818432
0.01225 , 8939.71 , 0.29799 , 3e+22 , -867.327 , -122.736 , 2043.83 , 0.200147 , 0.19811 , 0.197696 , 0.0359203718 , -0.256962378 , 22.3162673 , 318.393798 , 322.550519 , 641.611734 , -2.89222011 , 2.15071543 , -5.04943393 , 30575.3951 , 40015.5844 , 22927.2615 , -4963.15535 , 67.2883948 , 19308.1944 , -8940.79213 , -13886.2797 , 46493.8198
0.0123 , 8947.33 , 0.298244 , 3e+22 , -1140.76 , 1961.94 , -1604.43 , 0.196757 , 0.199476 , 0.200212 , 0.0324371757 , -0.249091097 , 22.4014573 , 319.952324 , 324.305217 , 646.096486 , -2.53223912 , 1.93707719 , -4.71754097 , -3183.73995 , -12395.2719 , 11411.5795 , -29826.9299 , -6667.72681 , 11706.0353 , -63969.9422 , 57374.8062 , -32814.9737
0.01235 , 8956.31 , 0.298544 , 3e+22 , 348.169 , 1188.5 , 363.481 , 0.199422 , 0.197902 , 0.199754 , 0.0292735851 , -0.25101318 , 22.4881884 , 321.564587 , 325.874906 , 650.550133 , -2.78083883 , 2.18567574 , -4.85482202 , 18373.3701 , 27733.887 , 14500.7813 , 17459.7832 , -12899.7592 , 31168.4372 , -4150.96239 , 16453.3262 , 29508.7066
0.0124 , 8957.6 , 0.298587 , 3e+22 , 208.894 , -239.911 , -1176.94 , 0.200367 , 0.199 , 0.197798 , 0.0201944663 , -0.25468177 , 22.5660546 , 322.943892 , 327.359308 , 654.52519 , -2.49244463 , 1.89644179 , -4.78422623 , 26490.5643 , 32020.0685 , -30592.6274 , -19421.7709 , -2226.08382 , -1042.3862 , 8272.88788 , 21135.4118 , -17363.8613
0.01245 , 8951.04 , 0.298368 , 3e+22 , 969.377 , -801.796 , 2761.52 , 0.198721 , 0.20077 , 0.197194 , 0.0103380496 , -0.24605523 , 22.6385795 , 323.968881 , 329.287099 , 658.569462 , -2.34830562 , 1.71318212 , -4.42207213 , 11019.5446 , 18440.2557 , -18170.3926 , -24711.9259 , 9424.20522 , 7842.55028 , 16505.4303 , -5920.59527 , 59816.037
0.0125 , 8949.55 , 0.298318 , 3e+22 , -67.0249 , -529.288 , 1976.79 , 0.199643 , 0.197721 , 0.199249 , 0.019074877 , -0.238025785 , 22.7138022 , 325.972111 , 330.892395 , 662.514433 , -2.28461662 , 1.7088586 , -4.16243987 , 10327.1488 , -11823.6238 , 19775.2534 , 11528.6637 , 5753.31332 , 571.190449 , -15874.3902 , -8718.0347 , 83475.8471
0.01255 , 8949.09 , 0.298303 , 3e+22 , 803.219 , -1263.14 , -609.982 , 0.198368 , 0.199602 , 0.198621 , 0.0174300486 , -0.236038859 , 22.7913163 , 327.670058 , 332.496131 , 666.617068 , -2.37867019 , 1.8086222 , -4.30314287 , 18750.179 , 25405.6288 , -4159.89551 , -2364.65283 , -14969.383 , 24247.8082 , 31998.0437 , -38253.0163 , -22130.8679
0.0126 , 8945.24 , 0.298175 , 3e+22 , 2328.03 , 1506.75 , 1168.11 , 0.199318 , 0.19902 , 0.19796 , 0.0182518944 , -0.229617751 , 22.8664516 , 328.910458 , 334.158099 , 670.765959 , -2.47719317 , 1.73055011 , -4.03237674 , -14466.3513 , 16410.2057 , -873.637838 , 25582.8488 , 10085.834 , 32019.2644 , 51811.8046 , 43462.0904 , 14494.3844
0.01265 , 8947.16 , 0.298239 , 3e+22 , -93.65 , -28.9565 , 986.501 , 0.198192 , 0.199021 , 0.199259 , 0.0236109897 , -0.221969609 , 22.94303 , 330.867681 , 335.740368 , 674.878103 , -1.99016901 , 1.70093135 , -3.88834955 , 5455.60476 , -43177.1054 , 17209.0961 , -18313.3259 , 17480.4923 , -9612.06913 , -2938.74607 , -15718.2496 , 14076.0034
0.0127 , 8951.13 , 0.298371 , 3e+22 , -628.198 , 1975.37 , 719.455 , 0.198608 , 0.199292 , 0.198815 , 0.0262426387 , -0.217076335 , 23.0255545 , 332.464137 , 337.34114 , 679.288158 , -2.34661209 , 1.470553 , -3.44720374 , 47846.194 , 1875.93981 , 17890.1748 , -33792.0887 , 3308.0499 , 26861.2501 , -302.903903 , 45428.8164 , 24692.5247
0.01275 , 8969.27 , 0.298976 , 3e+22 , -855.417 , 632.588 , 316.244 , 0.19976 , 0.201284 , 0.1969 , 0.0276606416 , -0.210405222 , 23.1232743 , 334.458794 , 339.523626 , 684.359542 , -2.33146319 , 1.39537044 , -3.10895466 , 35291.6791 , 18559.7624 , 44987.9549 , -10648.4413 , 37083.973 , 12192.9513 , -20019.2035 , -10347.0634 , 26613.1762
0.0128 , 8962.15 , 0.298738 , 3e+22 , 1464.46 , -228.581 , 63.5939 , 0.197295 , 0.198804 , 0.201365 , 0.0403072349 , -0.206968616 , 23.1947053 , 336.297083 , 341.525613 , 688.255031 , -2.56179782 , 1.78575334 , -3.11946486 , -17055.587 , 40379.9803 , 9585.48504 , 25658.3422 , 7335.85996 , 12507.9294 , 34081.5882 , 7122.5948 , 2124.80074
0.01285 , 8960.65 , 0.298688 , 3e+22 , 652.305 , -164.82 , 1202.71 , 0.19812 , 0.199684 , 0.199562 , 0.0244451708 , -0.195497714 , 23.2733282 , 337.609683 , 342.802898 , 692.81095 , -2.84883849 , 1.5137563 , -3.01644204 , 6075.15263 , 39281.9916 , -8432.32016 , 9470.30766 , 38947.9976 , 22599.1962 , 9787.78964 , -4536.64732 , 37413.808
0.0129 , 8961.46 , 0.298715 , 3e+22 , 975.676 , -80.5659 , -1400.4 , 0.199189 , 0.200622 , 0.197603 , 0.0269211622 , -0.18201377 , 23.3493806 , 339.260002 , 344.629586 , 696.874818 , -3.03968007 , 1.5731713 , -2.8227379 , 51723.9961 , -5889.74339 , 23942.8613 , -40550.8762 , 5678.59009 , 34106.2377 , 36050.5079 , -6433.29919 , -16297.2177
0.01295 , 8965.45 , 0.298848 , 3e+22 , 1229.51 , 796.608 , -890.643 , 0.199501 , 0.201078 , 0.197101 , 0.0248621857 , -0.181091214 , 23.4269771 , 341.191821 , 346.766636 , 701.330872 , -3.10750712 , 1.50398419 , -2.657386 , 32441.4794 , 41357.4168 , -9254.20853 , -28220.0416 , -4261.88132 , 1930.03188 , 51978.7793 , 22536.6872 , -9771.5365
0.013 , 8971.69 , 0.299056 , 3e+22 , 60.7006 , 347.802 , 172.749 , 0.199099 , 0.199361 , 0.199652 , 0.030720785 , -0.177567289 , 23.5082546 , 342.556815 , 348.682212 , 705.779055 , -3.08463451 , 1.60434364 , -2.77978397 , 35949.41 , -28417.7942 , -7357.43456 , 21060.0515 , -22863.2214 , 4384.6467 , -18185.7403 , 15131.1429 , 8129.70272
0.01305 , 8989.34 , 0.299645 , 3e+22 , 911.916 , -1024.52 , 515.473 , 0.20265 , 0.199019 , 0.197608 , 0.0362124393 , -0.179992492 , 23.6036204 , 344.783075 , 350.447496 , 711.062522 , -2.8411176 , 1.51149721 , -3.144911 , 15502.0285 , -13863.3347 , 12146.7257 , 3079.02551 , 1133.16305 , -22950.8618 , 30744.9489 , -28345.2352 , -4952.75826
0.0131 , 8992.06 , 0.299735 , 3e+22 , -699.615 , -51.6943 , 2571.44 , 0.200025 , 0.199215 , 0.20019 , 0.0398618422 , -0.179087044 , 23.6822001 , 346.625744 , 351.897838 , 715.229705 , -2.48635358 , 1.88851752 , -2.92515882 , 35346.9717 , 22580.2782 , 28722.0821 , 6791.34928 , -7733.02492 , -11433.1252 , -19260.6017 , -20182.0019 , 54998.8778
0.01315 , 8994.77 , 0.299826 , 3e+22 , 1035.28 , 188.634 , 112.675 , 0.201382 , 0.199219 , 0.199044 , 0.0382859327 , -0.170414661 , 23.7597943 , 347.914289 , 353.811322 , 719.460474 , -2.35914573 , 1.38663866 , -2.88375646 , 39132.1547 , -17930.0962 , -1245.03132 , 11869.3789 , -28784.6329 , -1276.81392 , 25952.7772 , 8300.96231 , 20137.5103
0.0132 , 8993.23 , 0.299774 , 3e+22 , -88.1711 , -1425.02 , 1698.77 , 0.19806 , 0.200201 , 0.20126 , 0.033353761 , -0.169102247 , 23.8413111 , 349.450291 , 355.053035 , 723.85201 , -2.2771996 , 1.61035531 , -3.03609512 , 8186.76306 , -4633.59081 , 13461.3399 , 24293.3254 , -10006.2377 , -27099.4906 , 10007.4995 , -27082.9967 , 53637.902
0.01325 , 8991.82 , 0.299727 , 3e+22 , 2200.16 , 1895.33 , -330.634 , 0.199083 , 0.200178 , 0.200145 , 0.035948394 , -0.164874575 , 23.9127989 , 351.220164 , 356.229848 , 727.761761 , -2.34518003 , 1.51132855 , -2.95089805 , 5049.49883 , -3123.83914 , -8133.72747 , 13060.9153 , 13799.3025 , -2568.16325 , 85025.6232 , 56929.2017 , -5503.70431
0.0133 , 8998.24 , 0.299941 , 3e+22 , 1304.38 , -2361.51 , -240.792 , 0.201703 , 0.198246 , 0.199892 , 0.0247454266 , -0.164199198 , 23.9922591 , 352.505825 , 358.196816 , 732.36911 , -2.47966439 , 1.4294101 , -2.63890163 , 33294.5643 , -19980.4971 , -24689.2103 , 7325.19147 , 25779.6371 , 14828.3443 , 34736.7287 , -55216.0237 , -15479.7162
0.01335 , 9000.72 , 0.300024 , 3e+22 , -180.702 , -1177.72 , -1421.13 , 0.200564 , 0.199824 , 0.19964 , 0.0200968453 , -0.14724621 , 24.0706294 , 353.822016 , 360.034442 , 736.875157 , -2.41569006 , 1.14862372 , -2.20215356 , 3031.34465 , 9219.06573 , 11625.4459 , 5281.65972 , -37.6795113 , 13211.5064 , 18450.0967 , -53373.5722 , -44531.0474
0.0134 , 9005.18 , 0.300173 , 3e+22 , 356.081 , 884.148 , 1874.83 , 0.200536 , 0.19946 , 0.200324 , 0.0193194607 , -0.144510799 , 24.1524795 , 355.657092 , 361.707311 , 741.281044 , -2.52698402 , 1.34785401 , -2.48625527 , 5641.69035 , -19475.9209 , -1355.72111 , -13333.0285 , 30246.7744 , -39400.8521 , 1155.70054 , 14278.9493 , 53073.0634
0.01345 , 8996.99 , 0.2999 , 3e+22 , 242.175 , -109.852 , 566.438 , 0.200325 , 0.19884 , 0.200633 , 0.0101028687 , -0.153803073 , 24.2210893 , 357.320344 , 363.900051 , 745.010118 , -2.50052569 , 0.991091425 , -2.81358366 , 5572.44338 , -8070.306 , -33414.2328 , -23734.808 , 30767.4305 , 7060.79522 , -1392.41851 , -13956.1047 , 9374.37484
0.0135 , 9010.39 , 0.300346 , 3e+22 , -276.977 , 28.4915 , 1723.18 , 0.199743 , 0.200716 , 0.200216 , 0.00176284011 , -0.157349714 , 24.3158792 , 358.699192 , 365.193874 , 750.295293 , -2.52684147 , 0.641575205 , -3.1987265 , 2703.80334 , 25572.0074 , -41156.8315 , -11458.1166 , 27448.4163 , 20085.5642 , -1046.01114 , -3456.2628 , 28585.9947
0.01355 , 9004.43 , 0.300148 , 3e+22 , -282.727 , -1797.38 , 527.695 , 0.200184 , 0.200759 , 0.199332 , 0.000321987005 , -0.14640351 , 24.3885046 , 359.973693 , 366.921722 , 754.719316 , -2.5999467 , 0.711388852 , -2.79586556 , -5863.20757 , 30391.3752 , 17568.6784 , 2286.03731 , 211.983331 , -25789.2267 , -1184.92886 , -55193.6357 , 33597.7754
0.0136 , 9011.16 , 0.300372 , 3e+22 , -2059.36 , -1377.82 , -474.694 , 0.200858 , 0.201811 , 0.198039 , 0.00218819785 , -0.146810916 , 24.4731469 , 361.365412 , 368.361862 , 759.023594 , -2.58585643 , 0.690081321 , -2.8295816 , -889.122626 , -5419.25022 , 8035.97549 , 24533.0865 , 3583.79012 , 26245.8627 , -56122.6135 , -20170.2193 , 1879.97802
0.01365 , 9017.53 , 0.300584 , 3e+22 , -468.635 , -812.921 , 131.874 , 0.203552 , 0.200594 , 0.197018 , -0.0100323366 , -0.151005606 , 24.5590003 , 362.784052 , 369.999399 , 763.926351 , -3.03389028 , 0.286592015 , -2.83158781 , 24758.5378 , -38018.2822 , -83.0891607 , 5963.91858 , -4574.32383 , -16634.8739 , -25960.3598 , -39994.5205 , -2260.75234
0.0137 , 9007.79 , 0.30026 , 3e+22 , 898.613 , -1945.1 , 2196.85 , 0.199707 , 0.199907 , 0.200851 , -0.00968585141 , -0.154972668 , 24.630617 , 364.655284 , 371.868801 , 768.259501 , -2.77912861 , 0.28016598 , -2.95813739 , -10388.4903 , -34292.1123 , -9040.70256 , -35073.9392 , -36880.62 , 16457.3467 , 38155.5263 , -64110.2212 , 91959.8769
0.01375 , 9018.8 , 0.300627 , 3e+22 , 831.978 , -1120.8 , 939.835 , 0.201032 , 0.199049 , 0.201156 , -0.0087126006 , -0.154559199 , 24.7192855 , 366.102474 , 373.585228 , 773.528372 , -2.65907697 , 0.502396048 , -3.00096495 , 17319.4505 , 73975.7728 , 18070.9874 , -10300.1675 , 11925.1296 , 1885.80931 , 8501.28217 , -23935.4673 , 13511.2965
0.0138 , 9019.53 , 0.300651 , 3e+22 , 1273.88 , 2009.41 , 1210.4 , 0.200711 , 0.200323 , 0.200228 , 0.00121194278 , -0.153560427 , 24.8002443 , 368.061741 , 375.428157 , 778.135395 , -2.26055841 , 0.806258892 , -3.22648286 , 24574.9709 , 8665.71898 , 40951.2881 , -47738.2331 , 27323.6779 , -12949.2265 , 41986.6548 , 52050.6068 , 34213.1485
0.01385 , 9018.73 , 0.300624 , 3e+22 , -698.954 , -27.5707 , -189.397 , 0.200315 , 0.199903 , 0.201027 , 0.0101446924 , -0.149423221 , 24.8763443 , 370.019512 , 377.122252 , 782.425019 , -1.89356247 , 1.14616304 , -3.13599037 , 33086.916 , 51474.6996 , 18802.3528 , -16174.6697 , 23427.3188 , -12068.1768 , -31801.1925 , -215.580312 , -21512.5348
0.0139 , 9024.99 , 0.300833 , 3e+22 , 888.898 , 2128.97 , -110.667 , 0.200566 , 0.201357 , 0.199713 , 0.0119945464 , -0.142136864 , 24.9603907 , 371.884023 , 378.25774 , 787.245483 , -1.74361062 , 1.14789822 , -2.96404009 , -22143.9584 , -16361.3069 , -9424.59666 , 6115.93045 , 4982.53004 , -13929.7065 , 40303.1442 , 61589.3391 , -3008.78691
0.01395 , 9018.65 , 0.300622 , 3e+22 , -638.752 , -63.4646 , 691.92 , 0.198534 , 0.200946 , 0.201759 , 0.0214760379 , -0.137362196 , 25.0317592 , 373.577429 , 379.955864 , 791.569456 , -1.90228892 , 1.53734494 , -2.97764097 , 22948.2467 , 15650.972 , 19936.9358 , 826.02114 , -2837.6991 , -13471.1905 , -709.677739 , -4768.11471 , 27676.2767
0.014 , 9014.7 , 0.30049 , 3e+22 , 1565.08 , 718.962 , -538.67 , 0.199452 , 0.200578 , 0.200931 , 0.0264212259 , -0.12878708 , 25.1053979 , 375.621459 , 381.685862 , 795.713674 , -1.61686565 , 1.46219359 , -2.80379347 , 21960.8163 , -5522.81606 , 22389.1064 , 47065.211 , 11054.0011 , 20654.0482 , 67579.6034 , 18454.9235 , -1488.57477
0.01405 , 9015.57 , 0.300519 , 3e+22 , -1276.94 , -805.347 , -914.234 , 0.202164 , 0.198667 , 0.200189 , 0.0378919461 , -0.131614551 , 25.1810442 , 377.246672 , 383.197855 , 800.342182 , -1.48848313 , 1.78087288 , -3.0509049 , 15855.864 , -4975.53418 , 9603.81064 , -1751.57624 , 18863.3421 , -8096.82595 , -45294.9147 , -11955.1393 , -33850.0573
0.0141 , 9006.93 , 0.300231 , 3e+22 , -297.392 , -739.776 , -545.105 , 0.199602 , 0.202371 , 0.198483 , 0.0455011023 , -0.136463964 , 25.2512769 , 378.33576 , 384.834481 , 804.676787 , -1.64026955 , 1.79053307 , -2.93584083 , -4135.87344 , -1057.77054 , 20315.853 , -26899.8086 , 17867.2777 , 1300.87165 , -20132.8677 , -4566.10555 , -3398.71733
0.01415 , 9011.79 , 0.300393 , 3e+22 , -954.113 , -1092.7 , 151.847 , 0.202556 , 0.198416 , 0.199801 , 0.0497271107 , -0.133867165 , 25.3372062 , 379.662482 , 386.615367 , 809.388634 , -1.59355662 , 2.09469944 , -2.75338429 , -221.446205 , -5705.2067 , 5594.46136 , -74462.0602 , 13718.8391 , 33859.1436 , -48669.3171 , -61834.0109 , -7410.65031
0.0142 , 9006.2 , 0.300207 , 3e+22 , 770.361 , 36.7979 , 2879.61 , 0.199921 , 0.200052 , 0.200389 , 0.0521954847 , -0.135404637 , 25.4067573 , 381.251128 , 388.096043 , 813.724284 , -1.89813639 , 2.05772611 , -2.55875141 , 49173.6503 , -29829.2912 , 11526.9826 , -12298.8149 , -4864.16507 , -5013.36567 , 38938.047 , 11505.1462 , 57025.7242
0.01425 , 8994.23 , 0.299808 , 3e+22 , -729.773 , -56.7994 , 1887.62 , 0.198997 , 0.200754 , 0.19984 , 0.0543277417 , -0.139999098 , 25.4755311 , 383.027973 , 390.125007 , 817.438137 , -1.98268691 , 1.74494211 , -2.53185028 , 48709.7879 , 4706.53631 , 8547.78658 , 8581.35291 , -7333.10521 , 24610.9868 , -543.552805 , 10885.8408 , 85446.4939
0.0143 , 9005.43 , 0.300181 , 3e+22 , 52.8377 , 61.4822 , -685.881 , 0.200559 , 0.200632 , 0.199169 , 0.04490236 , -0.145517277 , 25.5680587 , 384.41858 , 392.602209 , 822.876085 , -1.86344006 , 1.60058439 , -2.81997454 , -22652.8053 , 7504.17363 , 28162.076 , 6049.52564 , -9366.243 , 4954.08729 , -7520.13237 , 11544.5863 , -11749.7636
0.01435 , 9003.01 , 0.3001 , 3e+22 , -1053.78 , 75.7148 , 187.245 , 0.200207 , 0.199963 , 0.200025 , 0.0488621709 , -0.147708265 , 25.6444294 , 385.854614 , 393.553408 , 827.217627 , -1.91214423 , 1.51907051 , -2.86611337 , 7202.80426 , 8018.47857 , -20157.0297 , 34268.8866 , -7633.79058 , 1407.51874 , -35047.4414 , 25397.7065 , -37075.7162
0.0144 , 9003.77 , 0.300126 , 3e+22 , 2195.57 , 807.155 , 2347.23 , 0.202725 , 0.199438 , 0.198026 , 0.0502642915 , -0.141673906 , 25.7203757 , 387.339216 , 395.618049 , 831.556623 , -1.79756601 , 1.43584662 , -2.7595901 , -30672.6444 , 198.803351 , -22328.2166 , 42740.0357 , -10284.5268 , 1598.11056 , 70262.9119 , 29720.2141 , 73643.0565
0.01445 , 9004.24 , 0.300141 , 3e+22 , 1510.36 , -610.283 , -1440.58 , 0.197843 , 0.200593 , 0.20182 , 0.0626723066 , -0.14325911 , 25.7998946 , 388.978241 , 396.963206 , 836.295213 , -2.08060817 , 1.31633293 , -2.8821791 , 57696.3698 , -17384.2982 , -38185.5665 , 5304.38247 , 5258.48444 , -1596.0557 , 45242.3845 , -7651.00971 , -46136.9545
0.0145 , 9012.64 , 0.300421 , 3e+22 , -827.604 , 1172.45 , 1441.87 , 0.199073 , 0.202031 , 0.199715 , 0.070143472 , -0.144479939 , 25.8859342 , 391.117181 , 399.086783 , 841.40311 , -1.89910128 , 1.20748086 , -3.11760331 , 21369.3636 , -11102.5209 , -2892.20042 , -8337.06772 , -15884.9631 , -28950.8068 , -41806.762 , 21489.0801 , 40915.7485
0.01455 , 9011.93 , 0.300398 , 3e+22 , 709.972 , -1559.91 , 345.533 , 0.19735 , 0.20462 , 0.198808 , 0.0819202616 , -0.126683975 , 25.9590333 , 392.216127 , 401.131335 , 845.804394 , -1.84485886 , 1.51140101 , -2.71619307 , -41668.5694 , 334.141584 , 22685.2311 , -15890.2339 , 12797.6411 , 15885.2238 , 36238.4792 , -64504.1105 , -835.596347
0.0146 , 9003.24 , 0.300108 , 3e+22 , 1103.89 , 64.3029 , -553.065 , 0.201803 , 0.1979 , 0.200504 , 0.08089482 , -0.12832201 , 26.0276504 , 393.651285 , 402.73547 , 849.910374 , -1.68692218 , 1.58406806 , -2.69995682 , 45927.1667 , 16242.2367 , -3223.60654 , -15464.1664 , 7286.79251 , -46088.9419 , 43352.0164 , -7711.0563 , -18918.1241
0.01465 , 9004.15 , 0.300138 , 3e+22 , -1190.13 , -1229.82 , 1058.82 , 0.201204 , 0.198823 , 0.200226 , 0.0784578565 , -0.136808423 , 26.1094223 , 395.192732 , 404.201304 , 854.57129 , -1.57869446 , 1.59554485 , -3.12209275 , 40318.0813 , -7388.07304 , 23553.1428 , -38839.6917 , -30513.9514 , 21086.7954 , -47668.47 , -40405.6836 , 39408.8766
0.0147 , 8992.34 , 0.299745 , 3e+22 , 2073.08 , -445.4 , -14.4909 , 0.200138 , 0.200407 , 0.198918 , 0.0856021518 , -0.148044967 , 26.1758857 , 396.81728 , 405.834166 , 858.5897 , -1.79796945 , 2.1657638 , -3.33161569 , 2010.93899 , -13302.1743 , 1115.55332 , -43976.6122 , -4859.42082 , -10974.8152 , 39341.3993 , -32079.4477 , -5964.42872
0.01475 , 8996.88 , 0.299896 , 3e+22 , 669.534 , 789.465 , -653.027 , 0.19907 , 0.20228 , 0.198434 , 0.0905795529 , -0.160648344 , 26.2581197 , 398.315189 , 407.660194 , 863.668107 , -1.78635456 , 2.65757356 , -3.5090516 , 25480.4134 , 22389.8144 , 35494.5154 , 1133.2623 , 5925.92797 , -3533.24063 , 14841.6491 , 15522.1941 , -3771.59105
0.0148 , 8996.21 , 0.299874 , 3e+22 , -180.909 , 633.786 , -371.122 , 0.20102 , 0.198195 , 0.200529 , 0.0937668159 , -0.161620636 , 26.335131 , 400.394643 , 409.789276 , 868.629761 , -1.66540755 , 3.22272107 , -3.65248456 , 23347.4665 , -19854.2722 , 6507.55123 , 1197.3832 , 23809.4646 , -1051.68357 , -7808.1737 , 17973.3688 , -10974.4862
0.01485 , 9002.02 , 0.300067 , 3e+22 , -810.6 , 755.526 , 1185.04 , 0.201079 , 0.198661 , 0.20038 , 0.0816094051 , -0.159549111 , 26.4178184 , 401.981815 , 411.591557 , 873.889711 , -1.81582221 , 3.02303733 , -3.17173779 , 673.958616 , -7238.3182 , 28328.7778 , -19535.7638 , -24843.9683 , 5589.03851 , -25214.8677 , 9248.02775 , 30187.3135
0.0149 , 9011.01 , 0.300367 , 3e+22 , -126.36 , -1708.66 , 388.224 , 0.200208 , 0.20088 , 0.199628 , 0.0953831025 , -0.166388745 , 26.503734 , 403.933064 , 413.238007 , 878.817086 , -1.59871078 , 3.16948124 , -3.39838132 , -20168.3838 , 25689.6556 , 35196.5522 , -29177.3599 , -3649.07698 , 22948.2097 , -20501.6969 , -47814.7352 , -3907.54089
0.01495 , 9011.33 , 0.300378 , 3e+22 , 692.533 , -585.91 , -395.32 , 0.201198 , 0.200785 , 0.198766 , 0.096203104 , -0.170864424 , 26.5804707 , 405.573234 , 415.381428 , 883.353269 , -1.7041804 , 2.68683709 , -3.35431841 , -898.622289 , 42981.2089 , -35656.4635 , -11036.9842 , -26631.3831 , -5534.70275 , 21844.753 , -20262.3632 , -9500.38861
0.015 , 9007.27 , 0.300242 , 3e+22 , 114.949 , -277.476 , 1821.36 , 0.200108 , 0.200103 , 0.200255 , 0.0912219502 , -0.180253594 , 26.6543422 , 406.884132 , 416.411867 , 888.485188 , -1.51220643 , 2.86153263 , -3.82966666 , -16727.3367 , -29848.0799 , -14242.672 , 5185.03306 , -25218.3808 , -18118.9814 , -5599.95132 , 2062.01614 , 74427.4796
0.01505 , 9005.04 , 0.300168 , 3e+22 , 1126.76 , 495.927 , 1290.16 , 0.201489 , 0.198051 , 0.200778 , 0.088816917 , -0.186607876 , 26.7271333 , 408.704881 , 418.147843 , 892.64048 , -1.86153797 , 2.7102042 , -4.0647537 , 15525.7884 , 34535.4138 , -26136.8797 , 1022.29384 , -10147.4825 , 34613.2161 , 41700.4978 , 19573.1115 , 43445.5364
0.0151 , 8994.83 , 0.299828 , 3e+22 , -1438.17 , 503.13 , 2144.67 , 0.198998 , 0.199955 , 0.200663 , 0.0994062308 , -0.177551632 , 26.7947626 , 410.417579 , 420.079503 , 896.433092 , -1.61850339 , 3.02854626 , -3.68563021 , 7495.39647 , -3769.83429 , -4089.74158 , 27691.8155 , 19455.2334 , -30685.2662 , -45707.0713 , 10643.2988 , 87251.553
0.01515 , 9011.69 , 0.30039 , 3e+22 , -781.353 , -140.764 , 1370.15 , 0.201006 , 0.199142 , 0.200618 , 0.0923404241 , -0.174943811 , 26.8890964 , 412.281616 , 422.067238 , 902.027695 , -1.36313694 , 2.57036483 , -3.39893965 , -104.75676 , 32033.8225 , 43347.4513 , 5723.27897 , 17179.7544 , 362.134187 , -24219.1546 , 87.7707205 , 27725.9187
0.0152 , 9016.13 , 0.300538 , 3e+22 , 22.846 , -1426 , 538.837 , 0.199039 , 0.201897 , 0.200126 , 0.0880776222 , -0.182661542 , 26.9687053 , 414.126219 , 424.307556 , 907.084714 , -1.54447086 , 2.63157268 , -3.4259623 , -18610.4694 , 47427.0389 , 7766.63927 , -28678.5006 , -1719.57887 , -7019.06857 , 11435.4925 , -50172.9056 , 3062.99026
0.01525 , 9022.3 , 0.300743 , 3e+22 , -393.276 , -1158.19 , -1955.41 , 0.198976 , 0.201952 , 0.200529 , 0.0919206123 , -0.185263396 , 27.0497844 , 415.166152 , 425.19583 , 911.833699 , -1.45599451 , 2.66916553 , -3.56211136 , -9563.70632 , -25460.4129 , -27955.0731 , 43971.4521 , -24439.1051 , -14275.5064 , -5258.67075 , -28267.7265 , -69135.6544
0.0153 , 9014.33 , 0.300478 , 3e+22 , 926.543 , 1011.35 , 340.277 , 0.198463 , 0.203079 , 0.199402 , 0.0998622954 , -0.189584912 , 27.1242535 , 416.916271 , 426.753989 , 916.283693 , -1.262365 , 2.85060205 , -3.86035434 , -11187.9896 , -15920.9737 , -16441.3044 , 1315.95324 , -11346.5287 , 219.832835 , 15252.4714 , 60648.158 , 853.934713
0.01535 , 9005.5 , 0.300183 , 3e+22 , 1058.36 , 1450.04 , -461.176 , 0.201488 , 0.200051 , 0.198809 , 0.101638676 , -0.197187862 , 27.193847 , 418.599867 , 428.859286 , 920.856489 , -1.60639272 , 3.20035892 , -4.1770321 , 25309.0473 , 38469.3044 , -26226.7517 , -23798.6953 , 31102.801 , 16867.6895 , 59080.8246 , 56521.9182 , 824.506466
0.0154 , 8996.76 , 0.299892 , 3e+22 , -660.551 , -518.669 , -689.66 , 0.199972 , 0.200423 , 0.199383 , 0.100859588 , -0.192331477 , 27.2611236 , 420.236526 , 430.534001 , 925.622024 , -1.76013507 , 3.01465669 , -3.8968669 , 10869.98 , 32094.4362 , 2467.29204 , -24014.3056 , 11122.1406 , 5312.67664 , -23198.9063 , -11441.8603 , -5715.95173
0.01545 , 9001.13 , 0.300038 , 3e+22 , 251.184 , -251.96 , 250.436 , 0.200173 , 0.201827 , 0.198074 , 0.110983348 , -0.18019329 , 27.3458587 , 421.898803 , 432.093456 , 930.945619 , -1.5519802 , 3.44773128 , -3.46720584 , -763.461522 , -17828.0866 , -11102.2235 , 9517.16948 , -7838.93525 , -15751.8173 , -14993.5216 , -2196.7169 , 6321.61995
0.0155 , 9008.87 , 0.300296 , 3e+22 , 900.707 , 236.709 , -516.82 , 0.198769 , 0.2023 , 0.199516 , 0.123413323 , -0.187341677 , 27.4288803 , 423.202746 , 433.222532 , 936.451407 , -1.30314265 , 3.24994164 , -3.63504997 , 15713.7493 , 287.704496 , -15353.3085 , 1625.96528 , -17950.8589 , -11057.5148 , 37771.7896 , 17660.9502 , -15264.9798
0.01555 , 9007.73 , 0.300258 , 3e+22 , -1115.66 , -814.583 , 2159.06 , 0.200828 , 0.200675 , 0.198975 , 0.114976929 , -0.193212395 , 27.5047716 , 425.412439 , 435.064188 , 941.316129 , -1.6146913 , 2.75037811 , -3.770784 , -8564.46306 , -12726.6131 , 15532.7623 , 42884.5624 , -18144.8116 , -55625.9934 , -67153.801 , -38465.897 , 80744.552
0.0156 , 9005.4 , 0.30018 , 3e+22 , -688.878 , 518.838 , -969.376 , 0.201638 , 0.19841 , 0.200303 , 0.102729382 , -0.191720175 , 27.5812885 , 427.173935 , 436.995599 , 945.857009 , -1.64750774 , 2.10081333 , -3.69094627 , -13481.0278 , -10157.407 , -2660.98812 , -48215.0582 , 1914.90628 , 12919.4351 , -13937.4702 , 18808.0979 , -44939.4117
0.01565 , 8998.8 , 0.29996 , 3e+22 , 753.663 , -1364.7 , 2497.56 , 0.201842 , 0.199139 , 0.19889 , 0.107733306 , -0.197624419 , 27.6517288 , 429.411312 , 438.421313 , 950.378678 , -1.56455439 , 2.33512685 , -3.94263572 , 5115.82437 , 13665.5761 , -29197.5357 , 30147.2612 , 40655.7743 , -27495.0471 , 18635.1707 , -40507.2791 , 70749.8065
0.0157 , 9008.82 , 0.300294 , 3e+22 , 865.398 , -1071.8 , -1143.22 , 0.1995 , 0.202342 , 0.198728 , 0.106838813 , -0.206122142 , 27.737665 , 431.075428 , 440.052409 , 956.134474 , -1.24447683 , 1.73950011 , -4.20606256 , 35302.9353 , -13428.9525 , 23642.1213 , 3087.38139 , -3592.61555 , -19585.2304 , 34437.7859 , -40195.109 , -50528.291
0.01575 , 9001.34 , 0.300045 , 3e+22 , 510.898 , -278.731 , 874.835 , 0.200466 , 0.199193 , 0.200424 , 0.111656983 , -0.202142521 , 27.8042436 , 433.144578 , 442.351202 , 960.300286 , -1.03724105 , 2.00667337 , -4.03639231 , 12857.2086 , 11938.7379 , 17725.9058 , -7494.19123 , 29659.7322 , -22948.6132 , 36328.3163 , 14575.9656 , 25963.0286
0.0158 , 9013.96 , 0.300465 , 3e+22 , -1146.9 , 619.458 , -975.449 , 0.199963 , 0.199603 , 0.20135 , 0.117306067 , -0.203942274 , 27.8975893 , 434.447584 , 443.948662 , 966.167856 , -0.995303601 , 2.28866574 , -4.07281275 , 5065.64493 , 10529.7115 , 66679.4017 , 9336.26016 , 6374.56447 , 2231.31574 , -19994.6895 , 9207.42461 , -29163.8403
0.01585 , 9016.03 , 0.300534 , 3e+22 , -518.133 , 1140.08 , -1211.77 , 0.198712 , 0.200882 , 0.201457 , 0.120027517 , -0.211540526 , 27.9755047 , 435.762139 , 445.601912 , 970.939475 , -0.543966509 , 2.35264992 , -4.35730386 , 29719.8749 , -11630.903 , -3166.55162 , 14871.2324 , 23219.4513 , -7867.19664 , -19031.6865 , 17219.7536 , -32681.9951
0.0159 , 9028.82 , 0.300961 , 3e+22 , -895.739 , -921.018 , -1704.06 , 0.200798 , 0.200319 , 0.200778 , 0.128745443 , -0.204119631 , 28.064823 , 437.067405 , 447.735637 , 976.705194 , -0.490780238 , 2.35335666 , -4.44433836 , 38977.6655 , -36771.0985 , 29315.0105 , 6629.77223 , 15819.4757 , 4371.06983 , -38507.801 , -14573.6099 , -76049.6293
0.01595 , 9021.88 , 0.300729 , 3e+22 , -1514.85 , -494.445 , -1917.47 , 0.198638 , 0.201457 , 0.201329 , 0.123191703 , -0.201887012 , 28.1325762 , 438.933585 , 449.100193 , 981.151855 , -0.51371287 , 2.4995653 , -4.46287506 , -3603.83068 , -31215.8825 , -15269.604 , 14865.7034 , -155.686622 , 19985.6599 , -71221.3397 , -13114.0774 , -41531.7193
0.016 , 9022.99 , 0.300766 , 3e+22 , -262.51 , -2086.4 , -1802.13 , 0.20063 , 0.201321 , 0.199538 , 0.116589167 , -0.203380842 , 28.2125626 , 440.233931 , 450.749647 , 986.09172 , -0.417861321 , 2.19838301 , -4.81183033 , 58659.1317 , 12476.2929 , -25395.6512 , -16687.6172 , 48231.6982 , 9839.69633 , -20661.0713 , -75263.1107 , -63031.7289
0.01605 , 9013.45 , 0.300448 , 3e+22 , -732.967 , -336.99 , 341.586 , 0.200063 , 0.20122 , 0.19961 , 0.109753896 , -0.216111864 , 28.2828407 , 442.143827 , 452.537976 , 990.893943 , -0.440755883 , 1.83277041 , -5.04634845 , -9643.27034 , -4422.6908 , -10833.6124 , -1515.39059 , 16941.6543 , 59081.0406 , -38391.9762 , -7431.1477 , 5831.49044
0.0161 , 9004.57 , 0.300152 , 3e+22 , 217.742 , 1073.25 , -958.279 , 0.20105 , 0.200006 , 0.199237 , 0.112351587 , -0.203519474 , 28.3533574 , 443.762311 , 454.130816 , 995.515382 , -0.0246898391 , 2.06176286 , -4.58903034 , -7909.26841 , -66016.949 , 16444.2441 , 874.427121 , 4612.92172 , -12808.1133 , -5914.92381 , 36583.0379 , -15744.7916
0.01615 , 9009.97 , 0.300332 , 3e+22 , 1211.71 , -1925.97 , 1232.02 , 0.199061 , 0.1998 , 0.201766 , 0.123952907 , -0.197850376 , 28.4369527 , 444.916265 , 455.968916 , 1001.49694 , -0.209173142 , 2.4927281 , -4.21555058 , -21082.8546 , -10338.0323 , 19029.3316 , -1732.16233 , -37632.8233 , -13520.6153 , 49170.2089 , -54569.1392 , 23084.3596
0.0162 , 9016.74 , 0.300558 , 3e+22 , -2279.36 , 747.869 , 4.62194 , 0.199452 , 0.19932 , 0.202311 , 0.132898769 , -0.202523038 , 28.5195149 , 446.550515 , 457.279187 , 1007.06249 , -0.296796415 , 2.69673783 , -4.34194143 , 1015.38834 , 19124.9906 , 5546.48987 , -17550.3086 , 8106.75679 , 54477.5129 , -64754.5588 , 40253.582 , 2775.17706
0.01625 , 9029.28 , 0.300976 , 3e+22 , -567.067 , -1207.62 , -651.004 , 0.199565 , 0.199418 , 0.202957 , 0.1228966 , -0.195066254 , 28.6073865 , 448.18857 , 459.187083 , 1012.39047 , -0.232854576 , 2.24301038 , -3.73853955 , 11801.8624 , 20366.238 , -28762.5137 , -43781.2257 , 9855.06451 , -8537.75674 , -23620.8803 , -22007.2193 , -54516.2295
0.0163 , 9026.67 , 0.300889 , 3e+22 , 1011.9 , -427.536 , 1664.76 , 0.200893 , 0.201912 , 0.198951 , 0.133826984 , -0.184276174 , 28.6816715 , 449.700356 , 460.925499 , 1017.36127 , -0.444804551 , 2.64730085 , -3.24022669 , -25529.2712 , 15390.4925 , -21448.4187 , -13175.2046 , -12970.1249 , -250.680493 , 26605.0449 , -9372.1939 , 32394.3808
0.01635 , 9008.68 , 0.300289 , 3e+22 , -833.447 , 797.699 , -2094.22 , 0.198707 , 0.199704 , 0.202136 , 0.130319938 , -0.179262726 , 28.7424979 , 452.165569 , 463.389209 , 1021.63583 , -0.60640654 , 2.42054483 , -3.16368463 , -26825.4149 , 16382.2702 , 29596.9898 , 18700.4005 , -57793.0355 , -40884.0324 , -27421.6637 , 46488.6977 , -64395.1284
0.0164 , 9008.12 , 0.300271 , 3e+22 , -1728.46 , 1402.72 , 631.66 , 0.199507 , 0.199813 , 0.201191 , 0.13075023 , -0.18789325 , 28.8177587 , 453.373227 , 465.089838 , 1027.03991 , -0.818614365 , 2.75213519 , -3.60307652 , 14824.5571 , 34278.8437 , -3536.61461 , 20777.9113 , 46855.5967 , -1970.28302 , -52674.091 , 36164.7422 , 9514.05364
0.01645 , 9011.05 , 0.300368 , 3e+22 , 545.645 , 786.267 , -704.338 , 0.200849 , 0.200729 , 0.19915 , 0.13070153 , -0.17857337 , 28.8950215 , 454.619546 , 466.602805 , 1032.21581 , -0.697790697 , 2.72573795 , -3.20265481 , -3333.22365 , -49228.196 , 28047.1633 , -8567.27543 , 9768.82001 , -7984.10575 , 23523.5744 , 22312.5705 , -13222.6872
0.0165 , 9023.41 , 0.30078 , 3e+22 , -1157.38 , -613.717 , 1077.75 , 0.199625 , 0.201255 , 0.200664 , 0.128312207 , -0.183255276 , 28.9875971 , 456.297188 , 467.744691 , 1038.23151 , -0.934397373 , 2.55281476 , -3.5205792 , 22138.8435 , 13529.8127 , 28339.6952 , 14504.7873 , 28280.3751 , -59764.1021 , -41786.5812 , -46851.4392 , 25588.2486
0.01655 , 9026.53 , 0.300884 , 3e+22 , -699.966 , 481.151 , 1446.83 , 0.200571 , 0.200675 , 0.200507 , 0.127037233 , -0.179381282 , 29.0725758 , 458.20694 , 469.037037 , 1044.25234 , -0.783740011 , 2.52879498 , -3.43780752 , 2418.9266 , 42062.4557 , 1531.54297 , -907.071259 , 18085.8497 , 11541.6851 , -40083.0511 , -23633.167 , 58395.3383
0.0166 , 9022.44 , 0.300748 , 3e+22 , -358.252 , -774.244 , 1560.24 , 0.198349 , 0.201557 , 0.201572 , 0.13701289 , -0.183046312 , 29.1446 , 459.840337 , 470.420653 , 1049.27291 , -0.206929226 , 2.52907379 , -3.35693643 , 29174.3075 , -5121.76751 , 4009.63711 , -19397.1914 , -8834.40447 , -26567.1674 , 1268.05405 , -16706.8682 , 20858.2451
0.01665 , 9022.44 , 0.300748 , 3e+22 , 669.917 , 866.534 , 1420.58 , 0.203122 , 0.199213 , 0.199143 , 0.132492621 , -0.182531234 , 29.2201571 , 461.802541 , 472.033069 , 1054.38809 , -0.623303387 , 2.51729346 , -3.49183119 , -52354.153 , 25485.9518 , -86.5982151 , -6480.0457 , 13562.845 , -34621.9487 , 18117.5294 , 39089.0619 , 58173.7011
0.0167 , 9024.47 , 0.300816 , 3e+22 , 1223.46 , 405.144 , -2623.01 , 0.200843 , 0.199512 , 0.201227 , 0.144410949 , -0.184240958 , 29.297179 , 462.887828 , 473.494015 , 1059.75062 , -0.799845595 , 2.9024403 , -3.58758714 , 14440.178 , -1802.47411 , -2191.64894 , -18434.2441 , 39930.4813 , 77.6431722 , 54270.6127 , 23573.9316 , -76505.2561
0.01675 , 9021.23 , 0.300708 , 3e+22 , 622.548 , 805.939 , 1971.94 , 0.19997 , 0.203207 , 0.198211 , 0.148250363 , -0.188238288 , 29.3782311 , 464.703138 , 475.065948 , 1064.85918 , -0.787037484 , 2.94703809 , -3.77643682 , 5236.00494 , -39062.935 , 37582.3336 , 30806.0501 , -17403.0217 , 13711.6584 , 14930.7843 , 44505.7344 , 74228.4141
0.0168 , 9028.74 , 0.300958 , 3e+22 , -390.658 , 944.643 , 449.331 , 0.200739 , 0.200601 , 0.200569 , 0.13400972 , -0.181582767 , 29.4630249 , 466.606244 , 476.920746 , 1070.31476 , -0.785902689 , 2.56371681 , -3.52004206 , -20383.8916 , -36612.1593 , -16109.0343 , -14675.28 , 25984.3854 , 5370.46868 , 4898.72873 , 58510.959 , 45217.8734
0.01685 , 9023.92 , 0.300797 , 3e+22 , -1217.3 , -235.049 , -1994.34 , 0.200278 , 0.201645 , 0.19964 , 0.131115073 , -0.18392252 , 29.5344351 , 468.248156 , 478.258771 , 1075.19651 , -0.64866459 , 2.67832967 , -3.41606394 , 38001.8563 , 35271.4499 , -32912.6225 , -2685.38299 , 8773.89423 , -18840.1141 , -58924.5779 , -37681.5452 , -69045.4631
0.0169 , 9030.17 , 0.301006 , 3e+22 , -638.558 , -1442.3 , -83.422 , 0.200934 , 0.20097 , 0.200093 , 0.136116577 , -0.19544347 , 29.615929 , 470.465295 , 479.603438 , 1080.62986 , -0.800290074 , 3.07472614 , -3.88850425 , 82169.8841 , -24273.5732 , -8411.24119 , -15226.6969 , 9763.31075 , 16291.4124 , -9288.50871 , -42328.961 , 4259.82042
0.01695 , 9026.26 , 0.300875 , 3e+22 , -50.661 , 1587.44 , 337.163 , 0.199974 , 0.201431 , 0.200331 , 0.127359482 , -0.190622068 , 29.6932256 , 472.072613 , 480.88767 , 1085.91574 , -0.4928853 , 2.8781388 , -3.60785811 , -17252.1707 , -28750.3095 , 17647.3564 , 7581.74672 , 2081.61104 , 43653.7833 , -31897.5947 , 67058.3716 , 13640.7165
0.017 , 9032.62 , 0.301087 , 3e+22 , -107.054 , -599.607 , 158.97 , 0.201694 , 0.199632 , 0.200846 , 0.11446955 , -0.187671255 , 29.7772217 , 473.74335 , 482.206102 , 1091.69602 , -0.307497078 , 2.45025596 , -3.25318307 , 7289.60612 , 27956.3656 , 32142.7561 , -10067.7444 , 9118.86458 , -4454.77837 , 16418.5474 , -9018.19709 , 2762.70651
0.01705 , 9038.02 , 0.301267 , 3e+22 , -53.955 , -475.648 , 1123.65 , 0.199015 , 0.200741 , 0.20277 , 0.11086006 , -0.184390417 , 29.8671488 , 475.347371 , 484.082329 , 1097.81703 , -0.265045916 , 2.07947629 , -3.28060145 , -7528.36827 , -48922.2857 , 7101.85081 , 16444.8531 , -761.058943 , 18163.541 , -2650.60218 , -18495.4868 , 75928.8513
0.0171 , 9027.07 , 0.300902 , 3e+22 , 1971.66 , 637.406 , -994.704 , 0.201611 , 0.19913 , 0.201033 , 0.10368838 , -0.192410822 , 29.9348055 , 476.811497 , 485.787438 , 1102.61353 , -0.88363539 , 1.4418796 , -3.73507419 , 25309.6395 , 1522.04833 , -8223.81685 , -27771.7409 , 22585.2763 , -8921.63399 , 51918.1561 , 17108.461 , -28691.0012
0.01715 , 9032.48 , 0.301083 , 3e+22 , -507.028 , -1493.22 , -331.387 , 0.201361 , 0.200615 , 0.200174 , 0.103029231 , -0.192009468 , 30.0195825 , 479.002315 , 486.733266 , 1108.3104 , -0.856519953 , 1.31774529 , -3.45425124 , -23180.4207 , 40674.9767 , 15894.7121 , 13870.7246 , 31177.5068 , -21974.3968 , -27954.8025 , -67993.524 , -57261.2632
0.0172 , 9023.4 , 0.30078 , 3e+22 , 703.665 , -657.305 , 275.552 , 0.199528 , 0.201311 , 0.200715 , 0.105937308 , -0.189450814 , 30.0873414 , 480.671853 , 488.384758 , 1113.09928 , -0.829076181 , 1.42196581 , -3.24029252 , 53355.4327 , 21098.238 , -40447.0643 , -6585.66298 , -3771.04724 , 44.6236759 , 1935.15944 , -21185.697 , 2527.07237
0.01725 , 9014.88 , 0.300496 , 3e+22 , -84.724 , 254.361 , 346.375 , 0.198546 , 0.199303 , 0.203142 , 0.10524747 , -0.186150117 , 30.1635248 , 482.058768 , 489.561745 , 1118.47465 , -1.1529714 , 1.41987519 , -3.17088489 , -4181.86393 , 7775.36367 , 4087.05679 , 6731.39021 , 36082.4857 , 30631.2004 , -13023.4756 , -5575.6316 , 9112.54017
0.0173 , 9008.54 , 0.300285 , 3e+22 , -868.857 , -6.13688 , 204.774 , 0.199436 , 0.199292 , 0.201838 , 0.0889357026 , -0.173879746 , 30.2330084 , 483.577626 , 491.305945 , 1123.49497 , -0.977312598 , 0.872445546 , -2.76931177 , 7681.31064 , 25934.567 , -37547.609 , -65063.1543 , -7722.03444 , -38801.0927 , -27941.0487 , 2634.52436 , -662.084144
0.01735 , 9003.89 , 0.30013 , 3e+22 , -122.946 , 486.125 , -642.795 , 0.198886 , 0.199538 , 0.201832 , 0.109968634 , -0.167057328 , 30.3072023 , 484.834322 , 493.069534 , 1128.34915 , -0.926396929 , 1.63174641 , -2.70120187 , 8698.72964 , 36462.0775 , -63469.1939 , 3224.47246 , 7919.60383 , -5184.99105 , 8338.59645 , 21117.7982 , -34817.2208
0.0174 , 9011.7 , 0.30039 , 3e+22 , -166.119 , 179.058 , 1630.89 , 0.201738 , 0.200669 , 0.198358 , 0.106981517 , -0.170434339 , 30.3894817 , 486.616173 , 494.686741 , 1134.24538 , -0.089158012 , 1.65663021 , -2.62155035 , 21730.3967 , -13346.624 , -22410.8051 , 3941.1643 , 15637.5274 , 10373.0524 , -21138.9482 , 8719.271 , 70586.0036
0.01745 , 9018.05 , 0.300602 , 3e+22 , 275.61 , -761.002 , 1354.13 , 0.200884 , 0.199496 , 0.200809 , 0.112925789 , -0.165163812 , 30.4743563 , 488.628536 , 496.857445 , 1140.10469 , -0.225851054 , 1.45778989 , -2.57615955 , 7322.77761 , -11534.3463 , -47161.4085 , -36320.452 , -21207.6843 , -31322.0915 , -23060.2778 , -34147.6415 , 60577.4548
0.0175 , 9020.83 , 0.300694 , 3e+22 , -730.984 , -379.253 , 1761.3 , 0.199493 , 0.201584 , 0.20029 , 0.118009072 , -0.153671669 , 30.5546862 , 491.087845 , 498.330328 , 1145.35734 , -0.144727148 , 1.59238818 , -2.02865282 , 51371.6645 , 7169.05525 , -665.129173 , 9213.16779 , 5577.5235 , -14183.518 , -21739.425 , -39147.6136 , 41909.2644
0.01755 , 9037.66 , 0.301255 , 3e+22 , -228.71 , 889.289 , 89.4939 , 0.199434 , 0.199811 , 0.203261 , 0.114038627 , -0.150038665 , 30.6478198 , 492.231682 , 499.754214 , 1151.45929 , 0.170225139 , 1.38009362 , -1.90088595 , 35423.454 , -6312.91749 , -1583.54344 , -20317.2463 , 18474.8827 , -4433.15958 , -1011.10617 , 17043.5613 , -41083.1133
0.0176 , 9029.73 , 0.300991 , 3e+22 , -416.686 , -971.795 , 966.705 , 0.20084 , 0.20209 , 0.19904 , 0.118398093 , -0.140609176 , 30.7147175 , 493.818266 , 501.274881 , 1155.95423 , -0.319375676 , 1.84361151 , -1.74028297 , -13605.8593 , 16587.2508 , 29116.5235 , 6606.10123 , 2647.22487 , 10300.1487 , -22254.36 , -27475.684 , 34887.4161
0.01765 , 9034.87 , 0.301162 , 3e+22 , -798.124 , 394.743 , -26.1865 , 0.199794 , 0.201615 , 0.200912 , 0.11537128 , -0.147472686 , 30.7959076 , 495.926487 , 502.236459 , 1161.30071 , -0.58118186 , 1.68005507 , -1.81976914 , 22226.2062 , -39675.9356 , -10788.5435 , -36171.0439 , -1299.27847 , 9198.66578 , -15384.3187 , 27167.8144 , 6468.65862
0.0177 , 9041.45 , 0.301382 , 3e+22 , -1350.91 , 1165.42 , -418.744 , 0.200382 , 0.199684 , 0.202679 , 0.127048037 , -0.157877174 , 30.881695 , 497.929173 , 504.057281 , 1167.41726 , -0.82091515 , 2.21747 , -2.35907154 , -34218.9127 , -3678.06797 , 26868.2754 , 17296.0364 , -17475.3263 , -33437.5121 , -33819.3549 , 16393.9488 , -12612.0008
0.01775 , 9034.29 , 0.301143 , 3e+22 , 297.413 , 264.465 , -1371.24 , 0.199516 , 0.201786 , 0.200973 , 0.113103374 , -0.159787164 , 30.95015 , 499.567085 , 505.948969 , 1172.08564 , -0.658931777 , 1.86563711 , -2.38320889 , 7671.11791 , -13010.9769 , 22180.0478 , 56667.763 , 2087.4817 , 28560.892 , 24650.7055 , 6923.14169 , -54660.4828
0.0178 , 9035.93 , 0.301198 , 3e+22 , -41.6685 , 996.386 , 357.138 , 0.199412 , 0.203869 , 0.199108 , 0.101966856 , -0.151248155 , 31.030372 , 501.080874 , 508.059047 , 1177.90393 , -0.494299106 , 1.48067028 , -1.91925717 , 34641.263 , -48998.2967 , -20912.7634 , 13753.2387 , -7961.31594 , -28022.4255 , 1968.52327 , 44091.1731 , 8218.72454
0.01785 , 9025.68 , 0.300856 , 3e+22 , -1121.23 , 1230.26 , 1076.75 , 0.201934 , 0.199778 , 0.199978 , 0.0980471587 , -0.155547233 , 31.0996341 , 502.556536 , 509.77498 , 1182.86836 , -0.173361607 , 1.49200121 , -2.02564038 , 46757.3449 , 24851.7527 , -13468.6605 , 321.802672 , 42871.3564 , 18446.8849 , -51392.3927 , 90539.07 , 44796.8714
0.0179 , 9029.48 , 0.300983 , 3e+22 , -2453.37 , -1326.1 , -22.0569 , 0.201141 , 0.201162 , 0.199619 , 0.0862777712 , -0.152239457 , 31.1815952 , 504.3399 , 511.763438 , 1188.72281 , -0.0903727408 , 0.865218366 , -2.0919743 , 43124.5156 , 368.627715 , 22984.2871 , -4657.18211 , 2716.64765 , -4402.59924 , -104988.501 , -46304.5975 , -11528.6341
0.01795 , 9021.26 , 0.300709 , 3e+22 , 1130.18 , -481.466 , -484.607 , 0.198787 , 0.20236 , 0.200261 , 0.0880608061 , -0.154013859 , 31.2545687 , 506.402296 , 513.733026 , 1193.96268 , -0.391976442 , 0.80177549 , -1.97051767 , -19078.5734 , -21742.1529 , 7624.4835 , 63501.869 , -11513.504 , 68021.385 , 31009.7384 , 5097.55015 , -22348.0332
0.018 , 9030.53 , 0.301018 , 3e+22 , -2075.38 , 127.596 , -567.696 , 0.199183 , 0.200697 , 0.202128 , 0.0937429452 , -0.155139252 , 31.342089 , 508.388529 , 515.278402 , 1200.24016 , -0.0267843815 , 1.09256465 , -2.0188615 , 37298.1227 , 8391.27015 , -52246.9793 , -10983.9086 , 54268.615 , -8392.2336 , -89755.3388 , 8854.6087 , -41289.7325
0.01805 , 9026.79 , 0.300893 , 3e+22 , -798.264 , 369.09 , -1150.37 , 0.199882 , 0.200551 , 0.201341 , 0.0991970324 , -0.148306555 , 31.4183952 , 509.791016 , 516.909998 , 1205.60181 , -0.735460414 , 1.23835191 , -1.88005302 , 96600.9282 , -17479.0874 , 6422.31443 , -406.725853 , -13650.5787 , -59188.3767 , -20228.9478 , 55789.8725 , -44517.0904
0.0181 , 9026.1 , 0.30087 , 3e+22 , 94.9145 , -594.531 , -367.067 , 0.2009 , 0.199831 , 0.201005 , 0.110344846 , -0.147341251 , 31.4967586 , 511.379876 , 518.610383 , 1211.05385 , -0.878381527 , 1.48882439 , -1.94744883 , -12873.9525 , 15099.9068 , 9827.02013 , -42861.16 , -3674.48281 , -37338.3091 , 10142.499 , -7577.35488 , -7166.60059
0.01815 , 9020.36 , 0.300679 , 3e+22 , -1114.01 , 549.01 , -315.617 , 0.202446 , 0.199673 , 0.199229 , 0.0921397424 , -0.148518029 , 31.5689125 , 513.902907 , 520.10722 , 1215.97926 , -1.15862541 , 1.1048551 , -1.80273631 , 4548.33677 , -17654.0673 , -18848.9599 , 34777.8628 , 17585.9961 , 6639.63207 , -33423.2548 , -656.657086 , -28780.9322
0.0182 , 9016.18 , 0.300539 , 3e+22 , 241.619 , 1210.24 , -788.176 , 0.19908 , 0.199651 , 0.202335 , 0.0873829448 , -0.147464962 , 31.637557 , 515.919394 , 522.205828 , 1220.75382 , -1.05548348 , 0.801495585 , -1.52312386 , 17981.3521 , -30094.2438 , 40483.3223 , 11297.6531 , -31426.2262 , 10353.5429 , -16883.3657 , 53161.331 , -36556.5324
0.01825 , 9023.24 , 0.300775 , 3e+22 , -1213.39 , -360.153 , -1219.54 , 0.200439 , 0.199215 , 0.201878 , 0.0936032812 , -0.139901488 , 31.7206696 , 517.326088 , 524.049441 , 1226.64007 , -1.27859032 , 1.177008 , -1.26902201 , 3418.07192 , 27575.5383 , 5430.76984 , 22296.7775 , -17654.367 , 4141.99794 , -69451.4597 , -4793.43474 , -31770.1965
0.0183 , 9022.12 , 0.300737 , 3e+22 , 893.884 , 320.227 , 317.018 , 0.201316 , 0.198652 , 0.201502 , 0.106599831 , -0.143874274 , 31.7976606 , 519.418987 , 525.599938 , 1232.09904 , -1.51936434 , 1.84477194 , -1.52916425 , 24132.7484 , -38031.8321 , 9845.29125 , 34868.0889 , -422.653277 , 4420.82764 , 19462.3812 , 13915.6747 , 24356.4651
0.01835 , 9029.9 , 0.300997 , 3e+22 , 1807.67 , 125.291 , 280.5 , 0.200026 , 0.201747 , 0.200202 , 0.107424212 , -0.13347794 , 31.8870905 , 521.524472 , 527.738237 , 1238.62654 , -1.3668636 , 2.15994062 , -1.33629932 , 28358.2856 , -40506.693 , 2023.81916 , 25282.3632 , 4071.39974 , 31036.9546 , 64447.7022 , -4412.33085 , -35027.7494
0.0184 , 9024.89 , 0.30083 , 3e+22 , -214.946 , -194.433 , 799.228 , 0.20057 , 0.198499 , 0.202586 , 0.104387647 , -0.142345696 , 31.9593824 , 523.098889 , 530.121657 , 1243.53542 , -1.28113993 , 1.77461293 , -1.24522794 , 3333.20459 , 35857.0125 , -13155.8518 , -25688.6641 , 12879.3198 , 16791.0644 , -5540.36311 , 1818.05181 , 9832.50211
0.01845 , 9034.07 , 0.301136 , 3e+22 , -529.253 , 1446.19 , -246.022 , 0.201042 , 0.202273 , 0.198942 , 0.101674413 , -0.141104583 , 32.0458222 , 524.336417 , 531.330491 , 1249.78852 , -1.28591496 , 1.74618197 , -1.31234766 , 4942.83139 , 2608.15828 , -28057.5934 , -11675.2792 , -31143.1949 , -836.088333 , -33255.0307 , 48875.6676 , -6342.32211
0.0185 , 9024.94 , 0.300831 , 3e+22 , 493.293 , 1216.17 , 759.538 , 0.200047 , 0.202071 , 0.199531 , 0.084839085 , -0.139741814 , 32.1156274 , 526.098028 , 532.713225 , 1254.86776 , -1.58908997 , 0.911374908 , -0.925665708 , 45947.7676 , 4845.76277 , -14797.903 , 18080.7233 , 12712.1739 , -20185.4956 , 15927.1821 , 21943.6769 , -4497.94912
0.01855 , 9033.77 , 0.301126 , 3e+22 , -690.056 , 114.138 , 1688.3 , 0.200297 , 0.200041 , 0.201894 , 0.0859659735 , -0.141816028 , 32.204381 , 527.417016 , 534.708067 , 1261.60037 , -1.48412409 , 1.01783929 , -0.959402394 , 13692.8547 , 763.363948 , 3807.79014 , -9259.19188 , -23.7612492 , 24000.858 , -4673.7975 , -8239.8864 , 59072.7098
0.0186 , 9025.42 , 0.300847 , 3e+22 , -1005.53 , -638.26 , -469.654 , 0.200404 , 0.199521 , 0.201761 , 0.0893080418 , -0.134330717 , 32.2727879 , 528.843571 , 536.296839 , 1266.54591 , -1.42854267 , 1.1411269 , -0.448064939 , 23015.6708 , -12780.2565 , -4679.79893 , 6891.88799 , -30640.728 , 14320.3508 , -48972.6685 , -31008.4316 , -25274.5536
0.01865 , 9019.81 , 0.30066 , 3e+22 , -842.874 , 1096.28 , -623.894 , 0.197837 , 0.202286 , 0.201184 , 0.0931961652 , -0.137495128 , 32.3441945 , 530.54048 , 537.599173 , 1271.5442 , -1.32384891 , 1.2291359 , -0.683333647 , 851.928684 , -3753.86667 , -20946.344 , 75217.161 , 21480.7006 , 6250.77664 , -24751.0898 , 33946.9428 , -33438.3591
0.0187 , 9014.34 , 0.300478 , 3e+22 , 233.506 , -2621.05 , 1275.69 , 0.199092 , 0.201627 , 0.200188 , 0.0791980421 , -0.151524072 , 32.417198 , 531.980631 , 539.082765 , 1277.07281 , -1.06902562 , 0.688482839 , -0.809981344 , 12122.1235 , 9364.12331 , 1767.80026 , 6777.67588 , 16044.0044 , 21027.7858 , -5273.34223 , -76430.6745 , 30419.4976
0.01875 , 9021.55 , 0.300718 , 3e+22 , -1762.41 , 296.031 , -795.339 , 0.200353 , 0.202048 , 0.199013 , 0.0736516492 , -0.156379018 , 32.5003074 , 533.285028 , 540.629334 , 1283.01825 , -0.937438069 , 0.485284348 , -0.787742404 , -5639.43528 , 30991.8284 , 21614.5481 , -18306.1706 , 15172.6163 , 15799.141 , -81444.5548 , 14739.694 , -27189.9192
0.0188 , 9037.78 , 0.301259 , 3e+22 , 2855.17 , 85.2659 , 564.189 , 0.201356 , 0.199936 , 0.201178 , 0.0769215034 , -0.156449427 , 32.5927397 , 534.755158 , 542.13718 , 1290.07004 , -0.573908379 , 0.748057169 , -1.04632937 , -44807.0564 , -21826.7782 , 12049.7145 , 46307.7085 , 17551.8372 , 34226.5461 , 109544.698 , -5472.80026 , 27215.5265
0.01885 , 9037.45 , 0.301248 , 3e+22 , -601.167 , 2441.92 , 1221.25 , 0.199007 , 0.202395 , 0.20105 , 0.0844147903 , -0.162919202 , 32.671472 , 536.742854 , 543.539567 , 1296.07811 , -0.40687016 , 0.956325793 , -1.18116749 , 10196.7735 , -18369.8515 , 8545.91799 , -46810.6814 , -21121.343 , -9795.19593 , -17852.3489 , 152396.885 , 21916.9467
0.0189 , 9052.47 , 0.301749 , 3e+22 , 712.69 , -257.013 , 337.956 , 0.203276 , 0.199839 , 0.200379 , 0.0812954044 , -0.15772736 , 32.7639086 , 538.547339 , 545.137622 , 1303.08971 , -0.0505369652 , 0.729269064 , -0.870470496 , -3347.98454 , 17038.7428 , 3869.20617 , -26890.4595 , 16160.3212 , -17843.4979 , 52122.2808 , -37966.3727 , 676.257864
0.01895 , 9048.26 , 0.301609 , 3e+22 , 642.23 , 822.661 , -457.362 , 0.200231 , 0.20119 , 0.201789 , 0.0807594668 , -0.15186058 , 32.8396831 , 540.425183 , 546.559393 , 1308.74533 , -0.605343925 , 0.645432752 , -0.562913824 , 10729.5518 , -21162.7584 , 2517.30119 , 1774.32977 , 660.810453 , 12407.7544 , 31714.2245 , 48151.0167 , -9821.65011
0.019 , 9043.14 , 0.301438 , 3e+22 , 1319.85 , -792.129 , -254.113 , 0.20242 , 0.200589 , 0.199853 , 0.0909189219 , -0.153532209 , 32.9148349 , 542.059134 , 548.100316 , 1314.53519 , -0.565260605 , 0.887004122 , -0.520809234 , -47933.4932 , -7227.07632 , -18967.634 , 1599.06944 , -42282.6282 , 21799.705 , 7164.90652 , -15457.309 , -5412.62435
0.01905 , 9043.76 , 0.301459 , 3e+22 , -3212.77 , -254.998 , -606.755 , 0.199259 , 0.202947 , 0.20065 , 0.0895505726 , -0.160431733 , 32.9946169 , 544.125213 , 550.555801 , 1320.32506 , -0.395601789 , 0.637233203 , -0.641439703 , 8030.15466 , 8157.72081 , 876.832875 , 28376.6396 , 6045.35955 , -3898.3456 , -104191.728 , 16693.1981 , -20931.1653
0.0191 , 9034.92 , 0.301164 , 3e+22 , 947.54 , 472.106 , 194.617 , 0.201073 , 0.202386 , 0.198862 , 0.0874993248 , -0.15463344 , 33.0642235 , 545.396514 , 551.897343 , 1325.52158 , -0.115787154 , 0.802695054 , -0.277229257 , 19653.5527 , -36346.2181 , -8001.56191 , -33039.7851 , -21878.3839 , 12163.7208 , 29982.1045 , 46638.5865 , -10377.8504
0.01915 , 9035.5 , 0.301183 , 3e+22 , -449.884 , -346.267 , 1153.98 , 0.199901 , 0.200261 , 0.202196 , 0.0904811432 , -0.158780805 , 33.1418184 , 547.008533 , 553.130862 , 1331.32341 , -0.0602207759 , 0.848051654 , -0.328800846 , 17796.5265 , -20300.0589 , 22300.0249 , 23450.8299 , 25451.9681 , -28372.5579 , -7568.55297 , -10572.6579 , 35713.0296
0.0192 , 9036.77 , 0.301226 , 3e+22 , -121.853 , -2347.39 , -789.308 , 0.201414 , 0.200567 , 0.200436 , 0.0917599898 , -0.159942363 , 33.2181821 , 548.563135 , 555.156157 , 1336.85336 , -0.144310355 , 1.18508324 , -0.496869871 , 30125.2731 , -4387.8613 , 24144.4575 , 13236.1225 , -126.704642 , -12750.2226 , 20132.5694 , -84959.9223 , -16498.3556
0.01925 , 9036.68 , 0.301223 , 3e+22 , 907.496 , -1679.36 , 404.186 , 0.202023 , 0.20024 , 0.200161 , 0.0931263857 , -0.165339957 , 33.2931085 , 550.181889 , 557.131764 , 1342.78629 , -0.0261611596 , 1.22972959 , -0.833981049 , -42226.6343 , 5315.70565 , 936.020332 , 20509.2731 , -7392.95751 , 7941.98483 , 32235.2144 , -72042.5771 , 17828.7143
0.0193 , 9039.52 , 0.301317 , 3e+22 , 913.03 , 114.883 , -161.47 , 0.199838 , 0.202186 , 0.200605 , 0.0913515324 , -0.163618995 , 33.3740616 , 551.553051 , 559.030306 , 1348.43226 , -0.217518233 , 0.626406338 , -0.530795065 , 29559.6333 , 4449.84471 , 5496.55906 , -45079.6193 , 17763.6204 , 29229.1894 , 51104.5275 , 25446.7762 , -37518.7834
0.01935 , 9040.53 , 0.301351 , 3e+22 , 43.1339 , 406.727 , 366.566 , 0.200958 , 0.200599 , 0.201143 , 0.0957766714 , -0.165212801 , 33.4559724 , 553.826468 , 559.864203 , 1354.06262 , -0.391791686 , 0.820810272 , -0.785838182 , 31335.8578 , -24430.5037 , -22311.7071 , -48618.4061 , -16905.3862 , 2912.2901 , -23664.6048 , 21903.8806 , -21710.0938
0.0194 , 9038.39 , 0.30128 , 3e+22 , -848.317 , 2104.15 , -1106.5 , 0.200165 , 0.20095 , 0.201408 , 0.0872435646 , -0.154832042 , 33.5319804 , 556.411305 , 561.956255 , 1359.85674 , -0.310955953 , 0.0499916079 , -0.399991614 , -31398.9241 , 13145.2828 , 12489.2212 , -37109.0148 , -5330.72147 , -28144.3323 , -23073.2577 , 121626.847 , -47471.806
0.01945 , 9037.13 , 0.301238 , 3e+22 , -437.95 , 137.453 , 305.942 , 0.201516 , 0.201112 , 0.199846 , 0.0877706606 , -0.163037318 , 33.608367 , 558.113906 , 563.761671 , 1365.70893 , -0.156703186 , -0.150183778 , -0.890219339 , -5412.78292 , -26901.4789 , 25400.6035 , 17938.0411 , 48822.7521 , -4556.04907 , -2849.00008 , 11151.1147 , 14553.9116
0.0195 , 9037.77 , 0.301259 , 3e+22 , 1848.46 , 800.139 , 601.598 , 0.199641 , 0.200325 , 0.202527 , 0.0954624813 , -0.169350632 , 33.6850915 , 559.782993 , 565.336549 , 1371.66482 , -0.415270179 , 0.0528143474 , -1.27669868 , 13466.8194 , -9135.35105 , -60084.4089 , -18452.0203 , 12778.3814 , -58487.9509 , 19360.6863 , 45294.6858 , 31077.4318
0.01955 , 9031.38 , 0.301046 , 3e+22 , 2175.22 , 305.885 , 1761.16 , 0.201769 , 0.200512 , 0.199767 , 0.0986951353 , -0.177549342 , 33.7527943 , 561.597495 , 567.137569 , 1376.91498 , -0.488267486 , 0.151957381 , -2.05254287 , 15737.088 , 4509.53057 , -38372.7082 , -1859.16718 , -7057.64733 , -14624.5912 , 99279.4014 , 47414.4385 , 56275.5618
0.0196 , 9032.23 , 0.301074 , 3e+22 , -1420.92 , 588.636 , 1037.85 , 0.200276 , 0.203291 , 0.198562 , 0.103040019 , -0.170506634 , 33.8301866 , 563.333215 , 569.440181 , 1382.33912 , -0.137873681 , 0.305779273 , -1.51663924 , 4610.88081 , 27864.794 , -14151.7336 , -40375.8837 , 51389.9719 , -7066.38881 , -71697.3462 , 16645.4285 , 40076.6675
0.01965 , 9033.08 , 0.301103 , 3e+22 , -3826.3 , -1687.69 , 1021 , 0.201647 , 0.19891 , 0.201543 , 0.102983847 , -0.183134702 , 33.9074639 , 565.336073 , 570.625294 , 1388.23424 , 0.199595825 , 0.279183745 , -1.8510173 , 28083.6597 , -64519.2234 , -32021.2183 , -28327.1231 , 26230.4917 , 42126.3588 , -138601.117 , -53723.8372 , 43613.2973
0.0197 , 9041.48 , 0.301383 , 3e+22 , -279.415 , 115.037 , -203.901 , 0.200498 , 0.199615 , 0.202652 , 0.087119236 , -0.180275878 , 33.99233 , 566.935794 , 572.273679 , 1394.80829 , 0.0346811701 , -0.242751558 , -1.80883243 , 23405.5906 , -8442.39398 , 43451.4495 , -17284.9916 , -32353.997 , -1365.03965 , -28201.1841 , 22979.9085 , -23056.7435
0.01975 , 9038.22 , 0.301274 , 3e+22 , -537.047 , 696.329 , 2407.7 , 0.200499 , 0.199223 , 0.202788 , 0.0847621176 , -0.179911974 , 34.0641946 , 568.908139 , 574.135135 , 1400.37637 , -0.103219372 , -0.452484644 , -1.89962229 , 22080.3158 , 6128.51074 , -36085.6911 , -29263.7984 , 52877.1481 , -19476.2134 , -13967.91 , -36.4957175 , 69142.0057
0.0198 , 9039.11 , 0.301304 , 3e+22 , -672.279 , 674.921 , 757.56 , 0.199868 , 0.1985 , 0.204231 , 0.0927930308 , -0.182716487 , 34.1389063 , 570.049237 , 575.912779 , 1405.66736 , 0.0590254991 , -0.23227988 , -1.96758205 , 25301.1551 , 34794.1493 , 20978.2527 , 24548.237 , -4019.02801 , 19123.6306 , -17508.1325 , 33455.4341 , 31267.3033
0.01985 , 9042.02 , 0.301401 , 3e+22 , 114.841 , 398.554 , -2226.35 , 0.200764 , 0.201461 , 0.200547 , 0.103451561 , -0.174499447 , 34.2187391 , 571.884333 , 577.238135 , 1411.91119 , -0.2012128 , 0.372894919 , -1.8162327 , -3117.37125 , -35114.7682 , 27483.4367 , -25395.9265 , 17202.9549 , 27721.6533 , -17558.2958 , 38828.2183 , -79437.4763
0.0199 , 9034.74 , 0.301158 , 3e+22 , 1882.66 , 640.015 , -706.664 , 0.200727 , 0.200994 , 0.20057 , 0.115353865 , -0.16772749 , 34.2861888 , 573.166857 , 578.912424 , 1417.50806 , -0.207955875 , 1.01268433 , -1.71952545 , 18496.4394 , 24369.2094 , 20593.7838 , -18322.4896 , 2657.51427 , 21012.039 , 85965.9244 , 28511.9177 , -46515.8474
0.01995 , 9038.59 , 0.301286 , 3e+22 , -395.884 , -496.549 , -1422.49 , 0.201384 , 0.200154 , 0.201021 , 0.120190159 , -0.167824496 , 34.36809 , 574.779565 , 580.104551 , 1423.79771 , -0.490370153 , 1.13061796 , -2.35985898 , 22462.5379 , -17772.6963 , -32110.1387 , 24171.8352 , 27703.0816 , -4402.82386 , 7850.28624 , -13475.1378 , -67503.5822
0.02 , 9035.51 , 0.301184 , 3e+22 , 463.451 , -1373.43 , 1198.25 , 0.198924 , 0.201346 , 0.202077 , 0.12146606 , -0.177050434 , 34.4420255 , 576.635332 , 581.717359 , 1429.53968 , -0.61989983 , 1.41182987 , -2.13410661 , 8570.56623 , 177.817081 , -26543.9477 , 14117.191 , 8361.08038 , -37147.8243 , 18392.0921 , -46785.936 , 58875.4502
0.02005 , 9037.64 , 0.301255 , 3e+22 , -1583.57 , -992.047 , -1548.44 , 0.202 , 0.202459 , 0.198017 , 0.124072058 , -0.184355235 , 34.5210971 , 578.074618 , 583.105733 , 1435.899 , -1.25821036 , 1.66092497 , -2.54309289 , 3105.78771 , 15049.818 , -21105.1339 , 35506.3241 , 35587.7775 , 24771.2269 , -91533.1798 , -34529.4411 , -73548.7037
0.0201 , 9025.75 , 0.300858 , 3e+22 , 155.232 , 175.158 , -1265.42 , 0.199203 , 0.200487 , 0.202018 , 0.118964354 , -0.193635208 , 34.5859447 , 579.560263 , 584.857597 , 1440.69072 , -1.01724553 , 1.49879269 , -2.64747597 , -326.378172 , 5045.24831 , -12944.3813 , -30130.9965 , 20280.8626 , 15397.6562 , 3107.56595 , -684.054958 , -82891.1426
0.02015 , 9026.32 , 0.300877 , 3e+22 , 649.03 , -1505.11 , 1569.34 , 0.202593 , 0.197256 , 0.201877 , 0.118163385 , -0.206424513 , 34.6672485 , 581.519723 , 586.482754 , 1447.08216 , -0.973656751 , 1.17759237 , -2.3402009 , 1818.65772 , -6705.12312 , -54592.2197 , 36424.6262 , -27212.0141 , 570.103383 , 57846.013 , -28424.8362 , 71467.9732
0.0202 , 9033.3 , 0.30111 , 3e+22 , 614.386 , 615.568 , 318.452 , 0.200277 , 0.201012 , 0.200926 , 0.131626589 , -0.211045774 , 34.7546934 , 583.437892 , 588.791982 , 1453.36018 , -1.06431563 , 2.00261082 , -2.57861087 , 15045.9827 , -43895.3469 , -20279.9366 , -48155.8909 , 6579.40166 , 14511.8054 , 12089.153 , 23004.3945 , 21778.4482
0.02025 , 9026.93 , 0.300898 , 3e+22 , 366.652 , -1278.88 , 533.388 , 0.201926 , 0.201637 , 0.198221 , 0.143540323 , -0.212916661 , 34.8234867 , 585.98581 , 591.234234 , 1458.44937 , -0.8450074 , 2.2668978 , -2.78026467 , 95.4189894 , 18108.835 , -31587.5771 , 5906.27568 , 3713.24516 , -34586.276 , -2918.28832 , -84890.3143 , 26682.2022
0.0203 , 9026.31 , 0.300877 , 3e+22 , 588.142 , -1718.43 , 2665.99 , 0.200455 , 0.199932 , 0.201308 , 0.129614454 , -0.220560836 , 34.9001893 , 587.463188 , 593.245476 , 1464.55484 , -0.684592438 , 1.88803471 , -3.28776296 , 52674.9679 , -12366.9129 , 11245.8498 , -3848.86374 , -19196.2881 , -8357.64705 , -1722.72562 , -83494.3913 , 78263.7347
0.02035 , 9029.76 , 0.300992 , 3e+22 , 19.3747 , -238.226 , -436.908 , 0.202086 , 0.199261 , 0.200635 , 0.128815118 , -0.229504059 , 34.9798384 , 589.508516 , 595.257135 , 1470.67528 , -0.692714348 , 2.05678188 , -3.60804238 , -19778.456 , 168.854619 , -2442.02548 , 2825.02792 , 11644.563 , -3546.71444 , 2421.92207 , -14803.4048 , -34024.8779
0.0204 , 9030.06 , 0.301002 , 3e+22 , 596.582 , 1472.44 , -1069.64 , 0.203667 , 0.200365 , 0.197951 , 0.126564273 , -0.231722677 , 35.0574067 , 591.342904 , 596.865138 , 1477.18653 , -0.372117016 , 2.06259949 , -3.85421701 , -8850.13913 , 37477.3341 , -2232.46157 , 5744.03475 , 3670.73359 , -17146.5282 , 26177.5327 , 85459.2603 , -32071.7465
0.02045 , 9021.83 , 0.300728 , 3e+22 , 1476.65 , 624.336 , 2153.34 , 0.198389 , 0.20322 , 0.199806 , 0.13582643 , -0.234308372 , 35.1242272 , 592.856479 , 597.824582 , 1482.15276 , -0.537321021 , 2.6365218 , -3.83137834 , 9004.93103 , -11673.7624 , -31153.7162 , 50676.3302 , -8375.67531 , 7844.11998 , 51811.1227 , 26245.7295 , 78327.8956
0.0205 , 9032.5 , 0.301083 , 3e+22 , 572.611 , -545.413 , -58.1229 , 0.200239 , 0.199275 , 0.202649 , 0.141688082 , -0.237277365 , 35.2089627 , 594.76051 , 599.862075 , 1489.01875 , -0.23072276 , 2.95594262 , -4.03156418 , 23196.1629 , 69386.7124 , -26916.1358 , -39614.7342 , -10090.6186 , 10819.3161 , 19927.5501 , -21539.314 , -4496.63519
0.02055 , 9027.65 , 0.300922 , 3e+22 , 265.438 , -504.828 , 2637.65 , 0.200569 , 0.201405 , 0.199828 , 0.154519212 , -0.239769646 , 35.282735 , 597.104095 , 601.567201 , 1494.67739 , -0.321563011 , 3.35318723 , -4.34653515 , -52802.3868 , -49488.7705 , -16719.5152 , 1674.66217 , 19855.875 , -17797.2409 , 8847.32206 , -26896.9148 , 93926.0665
0.0206 , 9014.17 , 0.300472 , 3e+22 , -1415.66 , -1109.1 , -1928.96 , 0.202601 , 0.199005 , 0.199299 , 0.157265561 , -0.231484077 , 35.3451546 , 598.595253 , 603.451482 , 1499.74191 , -0.123234451 , 3.1925045 , -4.06602432 , -1058.56121 , -12875.2666 , -35784.56 , 33292.9282 , -26493.0318 , -3810.21175 , -67988.4463 , -42538.523 , -78372.4818
0.02065 , 9008.69 , 0.30029 , 3e+22 , 693.514 , -193.421 , -303.953 , 0.19823 , 0.200025 , 0.20232 , 0.155684211 , -0.241135301 , 35.414576 , 600.020426 , 605.734096 , 1505.58229 , -0.435398788 , 2.96964333 , -4.24863274 , -29524.7126 , -6097.39689 , 10516.1621 , 29157.6348 , 16239.2953 , 48180.09 , 34614.7118 , -7038.57529 , -435.78676
0.0207 , 9025.63 , 0.300854 , 3e+22 , -453.818 , -1227.65 , -1001.93 , 0.201162 , 0.199525 , 0.201007 , 0.171169859 , -0.242959339 , 35.5067695 , 601.674511 , 607.427462 , 1512.71432 , -0.195871238 , 3.43647546 , -4.47627371 , -17328.5258 , 13927.465 , -22947.6018 , -56607.4589 , -1563.48946 , 38635.829 , -15049.5608 , -30531.4658 , -58135.6276
0.02075 , 9018.3 , 0.30061 , 3e+22 , 633.051 , -486.693 , 2251.64 , 0.200838 , 0.198398 , 0.201952 , 0.161031412 , -0.239455493 , 35.5777124 , 603.71043 , 608.886561 , 1518.39151 , 0.0906249571 , 3.24826608 , -4.75976389 , 26001.5331 , -13305.3515 , -19689.7593 , 34660.2517 , 22646.7422 , 15175.9818 , 23936.4507 , 5067.14241 , 70226.5499
0.0208 , 9015.03 , 0.300501 , 3e+22 , 156.015 , 552.155 , 354.096 , 0.199477 , 0.202344 , 0.199179 , 0.16210376 , -0.240346759 , 35.6515774 , 605.251955 , 610.105636 , 1524.20464 , -0.0890727569 , 3.29065104 , -4.61983187 , 22305.4162 , 34027.1429 , -29154.5668 , -6757.50795 , 26127.5029 , -9085.42313 , 5691.83539 , -8899.01088 , 17110.012
0.02085 , 9017.87 , 0.300596 , 3e+22 , 89.638 , 634.986 , 4350.84 , 0.200441 , 0.201262 , 0.199378 , 0.164289498 , -0.244363184 , 35.7319998 , 606.019102 , 611.880443 , 1530.25963 , 0.0099507074 , 3.43650279 , -4.4689442 , -4700.05872 , 6870.35023 , -10311.1139 , 17680.7314 , -48417.9207 , 3761.17316 , 31546.0747 , 47307.7886 , 182545.431
0.0209 , 9026.66 , 0.300889 , 3e+22 , 1413.4 , -1807.37 , 1484.13 , 0.199574 , 0.200132 , 0.202028 , 0.161446696 , -0.245857295 , 35.8175606 , 607.53584 , 613.293243 , 1537.1225 , 0.0382509092 , 3.46557311 , -4.61066762 , 61911.866 , -37050.0693 , 37476.884 , 64519.6435 , 37080.9997 , -5607.08818 , 47447.6703 , -97688.6477 , 56738.0974
0.02095 , 9036.68 , 0.301223 , 3e+22 , 552.305 , 1390.88 , 549.13 , 0.201407 , 0.197319 , 0.203705 , 0.16333639 , -0.238772951 , 35.9059496 , 609.548505 , 614.591854 , 1543.91798 , -0.00612830343 , 3.71973237 , -4.30351216 , 25345.1079 , 22759.7178 , 26387.7844 , 40316.6953 , -32139.1783 , -27493.3129 , 18886.6432 , 72428.1312 , 17324.0833
0.021 , 9049.61 , 0.301654 , 3e+22 , -516.252 , -565.234 , -1986.03 , 0.199479 , 0.202925 , 0.200877 , 0.158372015 , -0.234723046 , 35.996006 , 610.626793 , 616.384069 , 1551.09133 , 0.152619435 , 3.45814343 , -4.15904723 , -23465.3177 , 19642.6688 , 8540.61935 , -17693.0806 , -11381.3831 , -5092.0788 , 18249.9848 , -2389.60028 , -96167.9645
0.02105 , 9048.75 , 0.301625 , 3e+22 , -2919.93 , 581.396 , 1681.93 , 0.202962 , 0.200429 , 0.199792 , 0.167948184 , -0.229641681 , 36.0738893 , 611.823997 , 618.539901 , 1557.07014 , -0.314498718 , 4.38599227 , -4.06382251 , 5501.49995 , -38383.2344 , 22033.3107 , 15007.5847 , 1512.77078 , 30592.9039 , -89573.1119 , 9422.70664 , 65976.4194
0.0211 , 9047.49 , 0.301583 , 3e+22 , 979.704 , -706.2 , 835.649 , 0.201931 , 0.201203 , 0.20002 , 0.162281317 , -0.225179176 , 36.1512456 , 613.623975 , 619.652951 , 1563.13673 , -0.0684900694 , 4.60338911 , -4.14590612 , 19832.7495 , -36727.442 , -26427.2707 , 3094.06047 , 23848.5129 , -40482.3827 , 58899.8551 , -48116.7784 , 288.4397
0.02115 , 9044.35 , 0.301478 , 3e+22 , -1486.99 , -172.438 , 348.645 , 0.201572 , 0.200524 , 0.200846 , 0.166233511 , -0.222012459 , 36.2310298 , 615.208256 , 621.924884 , 1569.15122 , 0.0478417364 , 4.5505563 , -4.28024202 , 56414.9633 , -66190.8368 , -72757.911 , 5621.71682 , -11538.6684 , 15537.9426 , -62207.3592 , 8473.61122 , 14311.9344
0.0212 , 9045.59 , 0.30152 , 3e+22 , 501.037 , 252.014 , 942.226 , 0.199922 , 0.202513 , 0.200597 , 0.171956842 , -0.218445637 , 36.3128333 , 617.182125 , 623.384545 , 1575.90862 , -0.162295293 , 4.67922985 , -4.20063979 , 44320.636 , 39578.702 , -11039.7869 , 11044.5382 , 7641.73128 , -33649.9344 , 23834.878 , 15599.0151 , 43627.4957
0.02125 , 9042.55 , 0.301418 , 3e+22 , -933.088 , -505.575 , -1774.89 , 0.201421 , 0.200652 , 0.200739 , 0.167923093 , -0.215748536 , 36.3902326 , 618.596348 , 625.174416 , 1582.3372 , -0.10572752 , 4.6476554 , -4.04289183 , -13733.5705 , 16802.8692 , -267.759897 , -54080.2318 , 5729.52598 , -10350.6399 , -37280.6813 , -23021.6395 , -66559.4868
0.0213 , 9038.17 , 0.301272 , 3e+22 , -1151.98 , -359.572 , -1647.58 , 0.202236 , 0.199148 , 0.201136 , 0.167524422 , -0.212963601 , 36.4608583 , 620.9183 , 626.784899 , 1588.15004 , 0.0990883105 , 4.76608295 , -4.06520333 , 13094.4035 , -20002.193 , 22490.4291 , -5225.85736 , -4366.63016 , 61194.052 , -66150.6163 , 14126.278 , -81561.4873
0.02135 , 9044.73 , 0.301491 , 3e+22 , -250.011 , 887.101 , -1636.5 , 0.201371 , 0.198973 , 0.202618 , 0.166579653 , -0.217814275 , 36.5409486 , 622.346772 , 628.129378 , 1594.82554 , 0.178385964 , 4.55453646 , -4.19119293 , 7700.36418 , 27907.3062 , 30288.5427 , -37811.9133 , -3566.12652 , 21544.2475 , 9852.87078 , 33116.7069 , -92624.0211
0.0214 , 9039.34 , 0.301311 , 3e+22 , -1721.4 , -497.531 , -244.681 , 0.201681 , 0.20119 , 0.199734 , 0.172187241 , -0.206093252 , 36.6123834 , 623.725481 , 630.086881 , 1600.50129 , 0.403852967 , 5.22607304 , -3.94805035 , 8175.29018 , -41644.0096 , 3528.46422 , 21315.8031 , -23195.2833 , 4350.82068 , -51226.681 , -19130.9823 , -18936.2404
0.02145 , 9036.06 , 0.301202 , 3e+22 , 297.739 , -1156.5 , -1541.34 , 0.201318 , 0.198476 , 0.202589 , 0.175159632 , -0.205742406 , 36.6873245 , 625.658793 , 631.34975 , 1606.96255 , 0.199222897 , 5.38517476 , -3.89265589 , 10660.4743 , 24440.361 , 8838.43219 , -40622.6627 , -8624.67217 , 16439.2168 , 21053.1693 , -72192.8765 , -69168.8253
0.0215 , 9029.76 , 0.300992 , 3e+22 , 309.383 , 1282.86 , -267.93 , 0.19861 , 0.202001 , 0.201363 , 0.176321383 , -0.200543742 , 36.7563656 , 627.446381 , 632.460495 , 1612.69421 , -0.0514071683 , 5.49394998 , -3.66197488 , 5314.97789 , -6182.56249 , 6807.19887 , 14643.2777 , -29834.7887 , 30659.343 , -580.309373 , 49005.7431 , -17808.7481
0.02155 , 9029.53 , 0.300984 , 3e+22 , -816.284 , 497.722 , 848.131 , 0.199412 , 0.201124 , 0.201423 , 0.162026309 , -0.195838178 , 36.8360769 , 629.317243 , 633.623977 , 1619.25022 , 0.0973886685 , 4.4403896 , -3.85906413 , 7254.75389 , -22449.3481 , -7182.64451 , 33613.8314 , -25673.727 , -9701.66542 , -57081.8905 , 9635.89992 , 23651.517
0.0216 , 9039.24 , 0.301308 , 3e+22 , 476.589 , -1103.01 , -625.126 , 0.20078 , 0.201336 , 0.20049 , 0.157067625 , -0.190323813 , 36.9225372 , 630.810193 , 635.474947 , 1626.70935 , 0.018050276 , 4.15927437 , -3.4633693 , 75801.9184 , -347.940255 , 29957.2966 , 57070.4745 , -8886.91291 , -1621.34446 , 9144.06126 , -51078.1554 , -39970.9959
0.02165 , 9040.01 , 0.301334 , 3e+22 , -468.613 , -1061.4 , 1581.19 , 0.200556 , 0.202618 , 0.199471 , 0.155228083 , -0.186534442 , 37.0020747 , 633.388999 , 637.035721 , 1633.17904 , 0.130604214 , 4.3567238 , -3.50365757 , -24756.6498 , 23240.1896 , 858.797362 , 524.547225 , -7373.64472 , 24422.2519 , -16896.448 , -48238.817 , 57846.4982
0.0217 , 9043.14 , 0.301438 , 3e+22 , 1093.33 , 1625.79 , -31 , 0.203145 , 0.202827 , 0.196882 , 0.15287208 , -0.185951594 , 37.0866254 , 635.73113 , 639.327368 , 1640.27759 , -0.203496619 , 4.29733008 , -3.70561433 , 13978.7697 , -17233.1705 , -8323.42214 , -32498.8583 , 47299.1192 , -21156.3423 , 18816.9328 , 63443.5323 , 4345.6006
0.02175 , 9035.87 , 0.301196 , 3e+22 , 955.751 , -282.99 , 2220.1 , 0.201176 , 0.200217 , 0.200965 , 0.148669773 , -0.197189368 , 37.1593898 , 637.562754 , 641.382532 , 1645.88531 , -0.333971291 , 4.28085806 , -4.02086751 , 36177.1952 , -18260.6331 , -17367.8733 , 24555.4928 , 1928.32452 , 30778.9037 , 30443.0823 , -3112.84646 , 63792.5677
0.0218 , 9047.34 , 0.301578 , 3e+22 , 1099.03 , -343.307 , 731.741 , 0.201895 , 0.20066 , 0.20059 , 0.148513326 , -0.199245889 , 37.2562466 , 638.758219 , 643.106517 , 1653.42824 , -0.514572617 , 4.14625744 , -3.67091086 , -28792.75 , 14561.8519 , 16965.3536 , 575.953141 , -26946.806 , -36434.3863 , 39305.8844 , -21848.7997 , 46477.8616
0.02185 , 9051.68 , 0.301723 , 3e+22 , -1120.41 , -881.197 , -578.63 , 0.202301 , 0.200075 , 0.201056 , 0.133696653 , -0.192476152 , 37.3424772 , 639.919955 , 645.18497 , 1660.73251 , -0.693249203 , 3.7295007 , -4.10319469 , -18403.4546 , -26125.985 , 1601.79868 , 32057.4543 , -32951.7875 , 25388.0717 , -60961.7296 , -23221.5131 , -32640.3599
0.0219 , 9046.61 , 0.301554 , 3e+22 , 1266.01 , -1502.36 , 820.403 , 0.198661 , 0.202881 , 0.20154 , 0.124563563 , -0.199545893 , 37.4150399 , 642.213484 , 646.200465 , 1666.81412 , -0.874768702 , 3.55507303 , -4.73256761 , 5144.94237 , -20161.7188 , -17791.6203 , -36377.1041 , -34968.2905 , 27860.5689 , 60921.1331 , -46888.7127 , 17640.9129
0.02195 , 9048.44 , 0.301615 , 3e+22 , 444.599 , 24.3381 , -369.694 , 0.201369 , 0.200342 , 0.201517 , 0.123205358 , -0.195209526 , 37.4963967 , 644.065881 , 648.071259 , 1673.71178 , -0.89426959 , 3.86284961 , -4.54820069 , 25585.9587 , -18572.6135 , -13147.1787 , 22057.7032 , 61283.0396 , 65300.9807 , 5089.26285 , -14739.3261 , 13935.7277
0.022 , 9042.79 , 0.301426 , 3e+22 , 1218.64 , 981.983 , 834.433 , 0.200669 , 0.200644 , 0.201522 , 0.110647145 , -0.181737841 , 37.5652824 , 645.597624 , 649.6064 , 1679.56098 , -0.689360269 , 3.30978449 , -4.04814913 , -38743.4008 , 41911.2996 , 32559.2723 , -3963.44139 , 14750.2734 , -24393.043 , 47714.3989 , 79725.8372 , 27929.969
0.02205 , 9045.4 , 0.301513 , 3e+22 , -117.325 , 537.829 , 1278.3 , 0.200672 , 0.200179 , 0.202164 , 0.112607402 , -0.183198189 , 37.6470237 , 647.622666 , 650.643414 , 1686.33795 , -0.454235119 , 3.51129201 , -4.06205887 , -52752.2874 , 47017.2025 , -9735.46482 , -9999.92629 , 37638.7862 , -29683.1925 , 15995.6039 , 29571.1169 , 57617.0417
0.0221 , 9038.46 , 0.301282 , 3e+22 , -582.019 , -393.082 , 2211.73 , 0.201402 , 0.199412 , 0.20172 , 0.119587705 , -0.186344734 , 37.7175553 , 649.170256 , 652.37367 , 1692.79461 , -0.17080607 , 3.71955886 , -4.50245286 , 11941.8674 , -19307.3947 , -20230.2908 , 30258.1441 , 23502.6536 , 28616.5287 , -24062.6495 , -24767.0639 , 101206.491
0.02215 , 9038.7 , 0.30129 , 3e+22 , -943.337 , -1749.75 , -1860.49 , 0.201676 , 0.200475 , 0.200387 , 0.111627786 , -0.203677572 , 37.7935065 , 651.099938 , 654.262354 , 1698.68716 , -0.27200506 , 3.36852358 , -5.3993066 , -31429.5152 , 8405.00508 , 19127.837 , -47265.0874 , -17447.0033 , -73197.3424 , -83382.3505 , -76472.0443 , -72387.6186
0.0222 , 9038.02 , 0.301267 , 3e+22 , -967.189 , 672.814 , -1378.84 , 0.200824 , 0.200224 , 0.201468 , 0.101870344 , -0.194345084 , 37.8726797 , 652.962257 , 656.28723 , 1705.11047 , -0.114256245 , 2.55722959 , -4.98630193 , 28660.0438 , -5318.38708 , 9594.88854 , 34728.0254 , 35337.3551 , -18135.4432 , -17826.436 , 33149.2903 , -94239.7515
0.02225 , 9047.42 , 0.301581 , 3e+22 , -237.324 , 333.078 , 588.752 , 0.201873 , 0.201983 , 0.199303 , 0.0908197138 , -0.205305016 , 37.9567091 , 654.613476 , 657.785589 , 1711.73061 , 0.118549866 , 1.73400289 , -5.71581179 , -5234.75878 , -59209.9899 , -48532.215 , 14069.349 , 3963.23692 , -21198.9777 , 2512.21016 , 9160.24555 , -4178.30098
0.0223 , 9061.52 , 0.302051 , 3e+22 , 1841.27 , 1990.21 , -941.035 , 0.199689 , 0.201387 , 0.202978 , 0.0976354153 , -0.195830604 , 38.047023 , 656.468703 , 660.054038 , 1718.92144 , -0.613460062 , 1.90414479 , -5.59755105 , 29657.2636 , -80488.1283 , 1461.49128 , -3558.16975 , 4195.31835 , -5017.26624 , 51636.8776 , 80226.1915 , -43106.6784
0.02235 , 9056.42 , 0.301881 , 3e+22 , 125.145 , 536.144 , -404.963 , 0.202327 , 0.199681 , 0.201751 , 0.106746228 , -0.203706481 , 38.1212441 , 658.229288 , 662.052952 , 1725.059 , -0.581182577 , 2.23783958 , -5.86950409 , 23210.5449 , 26259.2097 , 2003.58437 , 79490.0419 , 27938.8861 , -28019.8336 , 25651.7564 , 19447.7961 , -23475.0569
0.0224 , 9047.52 , 0.301584 , 3e+22 , -959.432 , 779.698 , 825.733 , 0.201851 , 0.200367 , 0.200937 , 0.1167131 , -0.19693932 , 38.1862905 , 659.406419 , 663.575535 , 1730.92795 , -0.877275827 , 2.47257947 , -5.62116587 , 10308.425 , -45164.1779 , -20516.3833 , 3281.78958 , 46921.9391 , -22769.7367 , -30288.6147 , 37610.5835 , 41725.2888
0.02245 , 9042.85 , 0.301428 , 3e+22 , 202.37 , 1073.85 , 1456.04 , 0.201832 , 0.199488 , 0.201518 , 0.119629555 , -0.202691799 , 38.2585547 , 661.232545 , 664.979833 , 1736.99804 , -1.04127638 , 2.85377184 , -5.73803848 , -49740.863 , -19371.7321 , -24196.3532 , -12367.5876 , 12252.9764 , 11487.9967 , 37163.2036 , 33562.321 , 59751.9831
0.0225 , 9041.38 , 0.301379 , 3e+22 , 1946.56 , -337.948 , -497.823 , 0.200761 , 0.200871 , 0.201103 , 0.119764036 , -0.200268814 , 38.3358086 , 662.739214 , 666.844386 , 1743.40789 , -1.07486201 , 3.24920092 , -5.39520636 , 47552.4691 , -16798.1143 , 17600.9706 , -9711.70435 , 51005.4304 , 32646.8409 , 82120.2183 , -4997.15146 , 1175.97469
0.02255 , 9037.31 , 0.301244 , 3e+22 , 1879.17 , 755.41 , 781.737 , 0.202413 , 0.199498 , 0.200549 , 0.129670983 , -0.19980991 , 38.4059683 , 663.916037 , 668.996142 , 1749.41574 , -0.655741277 , 3.78322448 , -4.88045867 , -20704.8679 , -1151.22311 , 3940.62186 , -21174.3129 , 21445.5904 , 15080.5064 , 83972.935 , 8031.24552 , 29941.5378
0.0226 , 9040.47 , 0.301349 , 3e+22 , -1369.64 , -216.135 , -899.752 , 0.20116 , 0.201779 , 0.199743 , 0.134959255 , -0.199985676 , 38.4881138 , 666.168894 , 670.36361 , 1756.0484 , -0.760461744 , 3.96566335 , -4.56078108 , -9920.18206 , 17898.8447 , -7826.54916 , 30285.2298 , 16181.8985 , 24724.0823 , -53046.7462 , 9938.43506 , -24720.8581
0.02265 , 9057.12 , 0.301904 , 3e+22 , 263.854 , 564.345 , 2181.01 , 0.202695 , 0.201192 , 0.199892 , 0.136059904 , -0.208756987 , 38.5820782 , 667.782892 , 671.867173 , 1763.83471 , -0.412145104 , 3.44216724 , -5.25171546 , 39875.9665 , 13219.4997 , -369.309205 , 36455.0728 , 30845.3482 , -25556.1516 , 14871.6583 , 39691.868 , 105808.876
0.0227 , 9060.03 , 0.302001 , 3e+22 , -750.322 , -1977.86 , -422.883 , 0.202901 , 0.202839 , 0.198236 , 0.133437207 , -0.199715829 , 38.6649054 , 669.627643 , 674.131839 , 1770.98247 , 0.0233525987 , 3.20509881 , -5.0679628 , 23458.6569 , -27605.913 , -2177.72721 , 41423.8943 , -5871.39427 , -4776.2485 , -53924.2729 , -70519.9529 , -11514.8999
0.02275 , 9058.71 , 0.301957 , 3e+22 , -597.512 , -106.176 , -1312.72 , 0.201818 , 0.19897 , 0.203114 , 0.119940305 , -0.1890657 , 38.7470243 , 672.064969 , 675.924376 , 1778.03933 , 0.12467096 , 2.34665733 , -4.8800228 , 18634.4372 , 39222.0278 , 13025.6849 , 1824.64279 , 39210.5341 , 3130.13514 , -21595.2651 , -1884.74759 , -66691.1954
0.0228 , 9059.85 , 0.301995 , 3e+22 , 71.6543 , 101.306 , 207.078 , 0.200748 , 0.200252 , 0.202989 , 0.114844386 , -0.191450557 , 38.8261583 , 674.115751 , 678.184292 , 1785.1197 , 0.503218665 , 2.09564415 , -5.39794828 , -12819.7722 , 21216.8619 , 15466.5808 , -32079.7026 , -11623.7191 , -27573.3118 , 8796.67037 , -32160.9839 , -1807.5242
0.02285 , 9081.24 , 0.302708 , 3e+22 , -502.439 , 314.326 , 807.758 , 0.203951 , 0.199947 , 0.201512 , 0.110995004 , -0.195888941 , 38.9291147 , 675.612638 , 679.86008 , 1793.93707 , 0.175113114 , 2.15495587 , -5.51677339 , -15746.0216 , 9687.65365 , 29360.4262 , 11868.4388 , 7029.66576 , -25554.9068 , 27394.3932 , -8366.05525 , 38588.4311
0.0229 , 9074.18 , 0.302473 , 3e+22 , 881.805 , -367.815 , 874.103 , 0.200778 , 0.200339 , 0.203819 , 0.106045076 , -0.195468948 , 39.0014811 , 677.509696 , 681.886984 , 1800.12422 , 0.449178652 , 2.11060363 , -5.63521293 , 14371.0158 , 26227.8292 , 31623.6626 , -31231.3492 , 76837.7062 , -13991.057 , 47634.014 , -34922.5938 , 7571.94222
0.02295 , 9072.01 , 0.3024 , 3e+22 , 726.261 , -1510.4 , 795.651 , 0.200824 , 0.201903 , 0.202054 , 0.0946931045 , -0.198464971 , 39.0786488 , 679.307387 , 683.73438 , 1806.32249 , 0.268175817 , 1.45337323 , -5.87095337 , -8940.75618 , -8655.78889 , 37023.084 , -14081.7254 , 1050.99313 , -50155.2011 , 39254.6738 , -78821.864 , -8956.4411
0.023 , 9077.24 , 0.302575 , 3e+22 , 363.51 , 231.637 , -351.091 , 0.202056 , 0.201374 , 0.201717 , 0.0940559222 , -0.19819125 , 39.1608829 , 680.750661 , 685.407576 , 1813.45652 , 0.622222301 , 0.906190748 , -6.18179178 , -1266.68955 , -62282.5023 , 1114.52135 , -6885.57358 , -70593.3122 , -11984.6214 , 12516.4914 , 17179.8598 , -27747.4102
0.02305 , 9080.16 , 0.302672 , 3e+22 , -1045.14 , -327.347 , -563.257 , 0.198874 , 0.201017 , 0.205444 , 0.0962074883 , -0.199485327 , 39.2449546 , 681.614679 , 686.477514 , 1821.01906 , 0.658248764 , 1.3694723 , -6.22386565 , 29069.7271 , 18511.6401 , -12868.7994 , -71343.3344 , 3207.82967 , -14981.4315 , -59949.1887 , 4358.08959 , -50120.2823
0.0231 , 9074.84 , 0.302495 , 3e+22 , 255.302 , 1138.7 , -800.124 , 0.199909 , 0.202333 , 0.202736 , 0.104658405 , -0.202205789 , 39.3194702 , 683.624438 , 688.355868 , 1827.44095 , 0.919422032 , 1.84728622 , -6.49216755 , 6133.86981 , -2497.11113 , 49704.1327 , 29281.6959 , -7923.10413 , 13562.5082 , 17683.1334 , 55971.408 , -14981.8655
0.02315 , 9065.58 , 0.302186 , 3e+22 , 63.3541 , 366.983 , -399.819 , 0.19973 , 0.203531 , 0.20111 , 0.109407678 , -0.202042945 , 39.387774 , 685.723896 , 689.993441 , 1833.13938 , 0.464129265 , 2.21668693 , -6.34369764 , 32994.6852 , 17866.7577 , 12995.9467 , -20119.8601 , 45488.92 , -8665.44963 , 6807.68963 , 17464.0052 , -20521.2186
0.0232 , 9068.2 , 0.302273 , 3e+22 , -1591.21 , -323.123 , 357.733 , 0.203743 , 0.198998 , 0.20179 , 0.108996413 , -0.201033248 , 39.4715742 , 687.124347 , 691.811517 , 1840.36985 , 1.00437472 , 2.07923616 , -5.97845454 , -33453.0529 , 12841.8566 , 43387.8493 , -34770.4339 , 40059.9864 , -62921.3911 , -92891.1188 , -16586.9717 , 11301.4725
0.02325 , 9070.66 , 0.302355 , 3e+22 , 365.643 , 93.6482 , 581.917 , 0.201699 , 0.200636 , 0.202372 , 0.113663263 , -0.204486844 , 39.5561878 , 688.593141 , 693.508672 , 1847.90211 , 1.16427709 , 2.84916385 , -6.39060901 , 18341.3991 , -4069.54374 , -3205.13302 , -35811.4283 , -23978.9011 , -821.478244 , 21991.7708 , -51268.3559 , 15483.9691
0.0233 , 9057.4 , 0.301913 , 3e+22 , -948.553 , -2069.11 , -1071.59 , 0.200899 , 0.201897 , 0.200994 , 0.114764516 , -0.202294573 , 39.6206856 , 690.822066 , 694.11319 , 1853.50015 , 1.4476976 , 2.94004529 , -6.48980296 , 37415.0853 , 12348.8647 , 14756.938 , -16951.7218 , -1995.95843 , 19398.5095 , -57931.9188 , -109215.156 , -35348.735
0.02335 , 9056.58 , 0.301886 , 3e+22 , -1279.9 , -1151.99 , 280.028 , 0.202168 , 0.201064 , 0.200524 , 0.108723846 , -0.214720387 , 39.6957191 , 692.927589 , 695.412979 , 1860.30486 , 1.3349229 , 2.86265561 , -7.14576047 , -3533.36081 , -5005.76352 , 41649.9024 , 19993.0447 , 81421.1424 , -2087.2797 , -87064.8425 , -66924.2536 , -5606.34968
0.0234 , 9061.33 , 0.302044 , 3e+22 , 463.229 , -945.58 , -1742.95 , 0.201273 , 0.200716 , 0.202075 , 0.10903595 , -0.21123416 , 39.7728464 , 694.587792 , 697.113533 , 1867.23191 , 0.906250333 , 2.72773452 , -7.00287179 , 43582.9153 , 41025.4918 , 25626.2986 , 35859.7895 , 8199.65444 , -47531.278 , 18786.6515 , -7015.81225 , -60196.6598
0.02345 , 9062.51 , 0.302084 , 3e+22 , -1111.82 , -127.476 , -1143.32 , 0.198814 , 0.201822 , 0.203516 , 0.112867497 , -0.217308605 , 39.8509095 , 695.774562 , 698.454681 , 1874.25276 , 1.02850972 , 3.11332342 , -7.25099455 , -21034.2647 , -35749.1996 , 2960.16943 , -25454.4129 , 55719.6987 , -18493.5783 , -47454.2493 , 4048.96852 , -35132.5266
0.0235 , 9063.57 , 0.302119 , 3e+22 , -509.316 , 550.465 , 636.849 , 0.199801 , 0.201403 , 0.203029 , 0.106127268 , -0.211362406 , 39.9342821 , 697.942744 , 700.211109 , 1881.9022 , 1.15343229 , 2.7655658 , -7.28611145 , 21416.2699 , -33299.0136 , 8056.13312 , 31925.3419 , 20486.1272 , 26914.6758 , -17378.3672 , 29454.0078 , 31182.5009
0.02355 , 9063.9 , 0.30213 , 3e+22 , 527.118 , 158.974 , 844.17 , 0.203683 , 0.199673 , 0.200899 , 0.118050388 , -0.214887807 , 40.0127772 , 699.823791 , 702.151551 , 1888.65526 , 0.933233126 , 3.19474535 , -7.55067837 , 32902.9027 , 20424.1008 , 2316.60567 , 9060.90094 , 46760.0336 , -30516.9561 , -9756.25371 , 34036.4561 , 28446.1755
0.0236 , 9068.29 , 0.302276 , 3e+22 , 2185.36 , -471.191 , 677.166 , 0.200014 , 0.20324 , 0.201268 , 0.122432071 , -0.213672702 , 40.0958446 , 701.083424 , 703.753582 , 1895.92927 , 1.31440883 , 3.55168149 , -7.42162349 , -17596.9673 , 8409.53486 , 26785.2064 , -27902.2904 , 16232.4826 , 7545.43641 , 70400.6644 , 473.872787 , 15216.1691
0.02365 , 9062.88 , 0.302096 , 3e+22 , 683.246 , 977.399 , 1266.47 , 0.200041 , 0.20344 , 0.200693 , 0.127951656 , -0.219345725 , 40.1678434 , 703.232412 , 706.235184 , 1902.52246 , 1.26257635 , 4.35444454 , -7.75618569 , -8769.05994 , 2570.7628 , 27847.4564 , -16818.9454 , -4930.04325 , -3769.62813 , 57702.9632 , 28092.1978 , 56784.6091
0.0237 , 9063.32 , 0.302111 , 3e+22 , 841.313 , 31.8772 , -155.473 , 0.200889 , 0.204179 , 0.199149 , 0.129624329 , -0.209105253 , 40.2479577 , 705.21379 , 707.841937 , 1909.46856 , 0.887521581 , 4.69025466 , -7.48012025 , -22128.6427 , 17453.2152 , -11419.0706 , 20156.3105 , 6075.50034 , -20289.3037 , 15653.5948 , 53036.0277 , -4173.5527
0.02375 , 9056.81 , 0.301894 , 3e+22 , 587.704 , 165.47 , -671.15 , 0.200732 , 0.202229 , 0.200822 , 0.131378985 , -0.185826347 , 40.3224301 , 707.002166 , 710.020105 , 1916.23362 , 0.713223828 , 4.5988407 , -6.20095151 , 48946.6801 , -29732.094 , 50138.4033 , -4505.8721 , -20464.2982 , -14890.4456 , 51213.4482 , 2451.46131 , -18850.7645
0.0238 , 9061.99 , 0.302066 , 3e+22 , -1563.6 , -515.862 , -509.07 , 0.203802 , 0.200061 , 0.200253 , 0.12469014 , -0.186419925 , 40.405958 , 708.362976 , 711.167572 , 1923.66922 , 0.485784075 , 4.31801738 , -5.91194915 , 30077.0162 , 56056.2963 , -2255.64421 , -228.902259 , 4001.99407 , 58496.2721 , -108745.38 , -34719.5998 , -48020.7896
0.02385 , 9070.63 , 0.302354 , 3e+22 , 550.302 , 772.072 , 551.783 , 0.201044 , 0.200901 , 0.202757 , 0.120837001 , -0.196584043 , 40.4934768 , 709.496505 , 713.911559 , 1931.0936 , 0.542565417 , 4.10779475 , -6.48794099 , -29207.8222 , 4103.82629 , 41.4615768 , -39793.953 , 39055.8595 , -33469.5541 , 11249.0128 , 36295.8427 , 15603.7843
0.0239 , 9062.47 , 0.302082 , 3e+22 , 1180.45 , -107.467 , -983.488 , 0.201053 , 0.201737 , 0.201362 , 0.137050536 , -0.193236984 , 40.562207 , 710.979477 , 715.955284 , 1937.6084 , 0.416223967 , 5.11503422 , -5.96666317 , -16008.8739 , -58180.9287 , 3738.83193 , -39763.7214 , 12018.9794 , -3597.37951 , 58326.2988 , 10611.1077 , -25657.3614
0.02395 , 9067.79 , 0.30226 , 3e+22 , 610.739 , 64.8581 , 579.342 , 0.202529 , 0.200141 , 0.201846 , 0.136123332 , -0.197386377 , 40.6487266 , 712.277528 , 718.10285 , 1945.63709 , 0.80106471 , 5.28021807 , -6.11048079 , -14334.9218 , -21027.3092 , -44518.6292 , 43642.3008 , 20926.119 , -46243.9992 , 69327.573 , -23779.5571 , 30788.7975
0.024 , 9058.8 , 0.30196 , 3e+22 , -1138.27 , -630.649 , -73.6665 , 0.201866 , 0.202195 , 0.19985 , 0.143792806 , -0.196631807 , 40.716394 , 714.251651 , 720.357644 , 1952.07602 , 1.32333537 , 5.78137896 , -5.78352581 , 28883.1016 , 6221.76515 , -1677.38341 , 3269.27118 , 1939.82229 , -3926.89027 , -37631.7099 , 12976.0772 , -1597.88092
0.02405 , 9041.03 , 0.301368 , 3e+22 , -1469.66 , -1294.35 , 307.43 , 0.200288 , 0.201777 , 0.200648 , 0.149765879 , -0.194498548 , 40.7758796 , 715.848547 , 722.573045 , 1957.62889 , 1.19860019 , 6.34635046 , -5.59671566 , -23471.67 , 3572.4605 , -38068.3253 , -53138.8601 , 52471.4095 , -19454.3389 , -72933.6865 , -108140.998 , 53900.2914
0.0241 , 9038.62 , 0.301287 , 3e+22 , 494.246 , -1522.88 , -30.7031 , 0.200605 , 0.201771 , 0.200184 , 0.153376175 , -0.197369227 , 40.8477576 , 717.261666 , 724.31024 , 1964.06409 , 1.45869544 , 6.26845325 , -5.70084869 , -31619.5041 , -5278.78408 , 24723.2128 , -15226.8408 , 42559.2808 , 18532.1817 , 25701.72 , -91252.763 , -1319.92388
0.02415 , 9046.81 , 0.30156 , 3e+22 , -529.866 , 798.082 , -617.338 , 0.202538 , 0.201155 , 0.199421 , 0.152692233 , -0.196324226 , 40.9338314 , 719.004243 , 725.448961 , 1971.87535 , 1.38072007 , 6.2954345 , -5.45169514 , -46073.5128 , 11759.8975 , 3874.8648 , 37451.2021 , -45522.3157 , -9625.90131 , -21656.4554 , 26490.6669 , -52157.1189
0.0242 , 9052.63 , 0.301754 , 3e+22 , -92.2574 , -1418.44 , 55.2145 , 0.201771 , 0.20232 , 0.199406 , 0.155155321 , -0.190743223 , 41.0235623 , 720.435353 , 727.002404 , 1979.81792 , 1.81603953 , 6.24274262 , -5.41810681 , -23502.9541 , 21730.7202 , 13480.6605 , 5307.4644 , -16352.8518 , -9375.49375 , -14752.8167 , -49825.6713 , 8244.39517
0.02425 , 9032.74 , 0.301091 , 3e+22 , -1725.15 , 164.163 , 1108.31 , 0.201265 , 0.200395 , 0.200498 , 0.161502562 , -0.1835277 , 41.0826119 , 722.303333 , 729.052946 , 1985.54865 , 1.40647341 , 6.4408512 , -5.2475643 , 17484.6325 , -17927.6632 , -9824.80742 , 34437.7037 , -28917.503 , 16483.7827 , -115580.572 , -11077.3539 , 48366.616
0.0243 , 9030.2 , 0.301007 , 3e+22 , 32.082 , 1101.16 , -876.35 , 0.200483 , 0.199401 , 0.202117 , 0.166270418 , -0.179100624 , 41.1578573 , 723.775192 , 729.596765 , 1992.80576 , 0.763819497 , 6.63846444 , -5.04958523 , 19508.9049 , 36136.6964 , -17765.3175 , -6748.76808 , 20806.2563 , 28347.39 , 11891.8363 , 44551.3792 , -56720.8392
0.02435 , 9026.95 , 0.300898 , 3e+22 , -307.07 , 1066.55 , 1492.49 , 0.199402 , 0.200523 , 0.201852 , 0.174835574 , -0.183791791 , 41.2292684 , 725.615591 , 730.346786 , 1998.94544 , 0.582562304 , 6.60763192 , -5.04539887 , 7695.48041 , -35830.2093 , 37158.0928 , -34548.3346 , -17135.6722 , 48247.712 , 6347.93889 , 32451.2257 , 89365.7856
0.0244 , 9031.99 , 0.301066 , 3e+22 , 471.556 , -77.8256 , -457.441 , 0.201905 , 0.201385 , 0.19884 , 0.176390207 , -0.186273229 , 41.3129117 , 727.012146 , 732.792734 , 2006.74379 , 0.454178199 , 6.97431756 , -5.09481131 , 6612.61273 , 1229.72551 , 13812.8572 , 19486.8911 , 4800.2046 , 13438.7648 , 19015.1348 , -13765.7196 , -21723.0863
0.02445 , 9023.04 , 0.300768 , 3e+22 , -1404.27 , -1301.07 , -1187.05 , 0.202207 , 0.197749 , 0.201552 , 0.174612508 , -0.177188425 , 41.3807061 , 728.754435 , 734.535396 , 2012.91916 , 0.280079575 , 7.09304325 , -4.73145217 , -40290.0157 , -49713.1622 , 47495.1126 , -18785.5983 , 33448.5618 , 28759.1355 , -75088.1568 , -71375.1615 , -66071.1839
0.0245 , 9022.86 , 0.300762 , 3e+22 , -596.575 , 201.989 , 12.7756 , 0.202023 , 0.199715 , 0.199784 , 0.181241222 , -0.173664531 , 41.4581029 , 730.502152 , 736.044932 , 2019.83431 , 0.334744712 , 7.7243274 , -4.26202729 , 82832.8571 , 35743.5303 , 37491.1105 , -2387.6948 , 56159.0229 , -10.2092731 , -48777.8866 , 6086.0418 , -18324.8742
0.02455 , 9008.31 , 0.300277 , 3e+22 , -1736.32 , 665.673 , -556.34 , 0.20149 , 0.198672 , 0.200371 , 0.167225741 , -0.170105667 , 41.5195357 , 732.706672 , 737.699257 , 2025.49951 , 0.105111396 , 7.05564139 , -3.98097399 , 32519.3287 , 12213.7305 , 24472.4178 , -49294.9329 , 2934.47382 , 18320.3066 , -88071.3785 , 27113.9297 , -19697.5645
0.0246 , 9002.04 , 0.300068 , 3e+22 , 55.9722 , 379.83 , -1309.84 , 0.199095 , 0.200943 , 0.200088 , 0.161357304 , -0.169738751 , 41.5882692 , 733.781173 , 739.828631 , 2031.77419 , 0.245436193 , 7.0033845 , -4.24375604 , -43359.3876 , -42222.8876 , 43892.4956 , -48315.7598 , 34906.8127 , 16217.9206 , 6143.45391 , -16889.7217 , -83406.6757
0.02465 , 9002.45 , 0.300082 , 3e+22 , -1597.33 , 135.742 , -14.8369 , 0.200092 , 0.198323 , 0.201733 , 0.1616213 , -0.174044068 , 41.6647985 , 735.664255 , 741.227233 , 2039.29251 , 0.0871586589 , 6.97105774 , -4.69917074 , -811.149474 , 34089.1792 , -27431.6499 , 45707.4345 , 16018.8259 , 7411.53584 , -59909.4932 , 9459.21005 , -11753.2461
0.0247 , 8991.95 , 0.299732 , 3e+22 , 574.386 , -594.8 , 404.491 , 0.1999 , 0.198861 , 0.200697 , 0.154489305 , -0.168171974 , 41.7323975 , 736.848859 , 742.920092 , 2045.82411 , 0.104385779 , 6.60418947 , -4.77559401 , -22420.3816 , 48486.2236 , 17869.4572 , -2115.27882 , 44747.5598 , -47327.5527 , 57070.7322 , -51848.2285 , 46427.8209
0.02475 , 8974.97 , 0.299166 , 3e+22 , 1211.18 , 2016.28 , -778.632 , 0.198517 , 0.199889 , 0.19989 , 0.161327408 , -0.16447389 , 41.7954222 , 739.313547 , 745.011546 , 2051.69935 , 0.0769097058 , 7.26990798 , -4.52404854 , 21159.83 , 22327.4982 , -37945.2493 , 16689.2393 , -14243.2669 , -28464.4629 , 53233.5001 , 98239.8919 , -27250.4289
0.0248 , 8971.45 , 0.299048 , 3e+22 , 529.222 , 7.18433 , 347.189 , 0.198037 , 0.199096 , 0.200962 , 0.16564892 , -0.171674783 , 41.8672045 , 741.115088 , 746.837856 , 2058.48524 , -0.447601057 , 7.82512369 , -4.72352448 , 41860.5321 , 1993.97325 , 28685.1314 , 26616.7571 , 64594.0487 , 7595.5238 , 35639.1293 , 1356.27998 , 35200.7447
0.02485 , 8964.08 , 0.298803 , 3e+22 , -1186.94 , -324.981 , -384.797 , 0.199482 , 0.200093 , 0.198022 , 0.160410596 , -0.16064482 , 41.9414323 , 742.820621 , 748.989438 , 2065.44234 , -0.285239249 , 7.79517512 , -4.3958501 , -671.697269 , 38785.8691 , -37720.7635 , 30406.5275 , 22703.5431 , -3401.49533 , -51000.3016 , -35564.5649 , -38518.5173
0.0249 , 8968.53 , 0.298951 , 3e+22 , 365.904 , -1724.28 , 1008.28 , 0.198267 , 0.200647 , 0.198965 , 0.161931724 , -0.161747673 , 42.0236163 , 744.473594 , 750.167599 , 2073.17111 , 0.366761648 , 8.33128482 , -4.75117782 , -27537.1267 , -9982.15851 , 25310.4076 , 49819.4932 , 12530.597 , -27640.7519 , -8388.75854 , -63953.6477 , 49977.9261
0.02495 , 8958.65 , 0.298622 , 3e+22 , -28.4154 , 743.679 , 786.895 , 0.196139 , 0.20133 , 0.199768 , 0.163386825 , -0.160089996 , 42.0913421 , 745.994006 , 752.322825 , 2079.56663 , 0.654896913 , 8.7661467 , -4.77496064 , 14450.5017 , 42326.4861 , -6715.18807 , -41031.3289 , 834.646116 , -4285.07946 , 5883.07389 , 21355.894 , 69616.7147
0.025 , 8967.29 , 0.29891 , 3e+22 , -422.135 , 1327.26 , 1256.86 , 0.199891 , 0.198964 , 0.198944 , 0.16800033 , -0.148670247 , 42.1745093 , 747.471022 , 753.758279 , 2087.32811 , 0.807389551 , 8.4862186 , -4.61255866 , -193.924821 , 9490.53511 , 5736.30364 , -22745.4769 , -30522.5445 , -27857.5578 , -4356.43714 , 83946.6864 , 38023.5207
0.02505 , 8962.82 , 0.298761 , 3e+22 , -551.603 , 502.76 , 368.994 , 0.195969 , 0.200179 , 0.201369 , 0.163925963 , -0.145322575 , 42.2453605 , 748.906013 , 755.73186 , 2094.06982 , 0.859724615 , 8.3416576 , -4.46118813 , -11122.5434 , 6865.78211 , -33508.2957 , 29303.4171 , 16560.5228 , -9982.20034 , -30321.5318 , 34845.9381 , 15076.3125
0.0251 , 8972.54 , 0.299085 , 3e+22 , -495.72 , 2405.15 , -84.2153 , 0.198932 , 0.199254 , 0.199948 , 0.170985527 , -0.160172078 , 42.3336071 , 751.077684 , 756.752892 , 2102.13475 , 0.800207248 , 8.61197977 , -4.71052228 , 35574.4234 , -6005.41746 , 23849.7184 , 36552.0831 , 6547.23584 , 35301.2779 , -34365.6985 , 126584.839 , -8998.85183
0.02515 , 8965.91 , 0.298864 , 3e+22 , 1083.87 , 1686.4 , -144.462 , 0.201233 , 0.198605 , 0.197867 , 0.172929665 , -0.151875575 , 42.405592 , 752.383317 , 758.617572 , 2109.13711 , 0.708119372 , 8.81109957 , -4.45156902 , -12782.641 , -41182.952 , -13024.3676 , -43253.3125 , -11733.9171 , -24261.5568 , 28252.2287 , 109762.74 , 3199.9906
0.0252 , 8954.69 , 0.29849 , 3e+22 , -361.994 , -1344.8 , -2215.05 , 0.199552 , 0.199797 , 0.197591 , 0.175383719 , -0.152084357 , 42.4728606 , 754.423906 , 760.655975 , 2115.11371 , 0.312689275 , 8.67551662 , -4.03550768 , 28791.5318 , 26841.5059 , 5377.36068 , -21994.1509 , -4645.20117 , -37098.2323 , 6343.36406 , -68218.27 , -135270.248
0.02525 , 8948.82 , 0.298294 , 3e+22 , -1106.81 , 871.365 , -274.284 , 0.199712 , 0.197904 , 0.19896 , 0.180153066 , -0.154467182 , 42.5419706 , 756.816019 , 762.060767 , 2121.85752 , 0.501764961 , 9.27969522 , -4.34590756 , 63663.8054 , -35352.3271 , 41576.0855 , 18611.3092 , 4623.95689 , -11258.0318 , -29092.3991 , 34971.7925 , -6470.75184
0.0253 , 8958.75 , 0.298625 , 3e+22 , 863.428 , 181.186 , -421.876 , 0.198145 , 0.197648 , 0.201452 , 0.182634488 , -0.156688254 , 42.6254289 , 758.811269 , 763.754691 , 2129.97627 , 0.60050112 , 9.55940491 , -4.76789734 , 31367.2848 , 21471.0255 , 24315.1095 , 21817.4117 , 53960.168 , -27281.4443 , 68067.8618 , -5745.9079 , -34566.2874
0.02535 , 8955.79 , 0.298526 , 3e+22 , -1349.07 , -8.48685 , -40.9315 , 0.198793 , 0.20055 , 0.1977 , 0.190209128 , -0.157085874 , 42.7014945 , 760.149849 , 765.8646 , 2136.64928 , 0.801135438 , 9.93316981 , -4.78527671 , 9597.67568 , -4994.90287 , 56898.8127 , 15772.3888 , 3397.64058 , 37408.7074 , -80207.8294 , 1863.38214 , -11212.2286
0.0254 , 8956.86 , 0.298562 , 3e+22 , -495.349 , -452.105 , -2760.44 , 0.19844 , 0.201063 , 0.197575 , 0.18290499 , -0.158761114 , 42.7849149 , 761.576836 , 767.748847 , 2144.43377 , 0.794872374 , 9.60188399 , -5.19144004 , 22492.2392 , -7097.89371 , 4313.39164 , -28479.2194 , -15227.1099 , 25348.1774 , 9630.78115 , -10005.0096 , -148119.049
0.02545 , 8952.62 , 0.298421 , 3e+22 , 1333.58 , -1063.36 , 592.119 , 0.197855 , 0.199171 , 0.199796 , 0.186977333 , -0.158987257 , 42.8561136 , 763.522444 , 769.269374 , 2151.08204 , 0.559307252 , 9.71932032 , -5.14613487 , -20678.115 , -24400.7966 , -11409.773 , 26695.9035 , 20379.8564 , 16635.0566 , 57574.4166 , -63039.8319 , 35720.7568
0.0255 , 8950.74 , 0.298358 , 3e+22 , -1383.59 , -159.571 , 973.082 , 0.197606 , 0.199301 , 0.199792 , 0.185986428 , -0.167705006 , 42.9310788 , 765.455953 , 771.098346 , 2157.89568 , 0.0226668795 , 9.45978203 , -5.39690035 , 15163.3848 , 690.177378 , 81109.0397 , -7375.06553 , 34693.9109 , -34582.4636 , -58974.8861 , -23983.6059 , 29340.7803
0.02555 , 8954.01 , 0.298467 , 3e+22 , 1360.81 , -773.62 , 849.83 , 0.19843 , 0.197912 , 0.200574 , 0.189750828 , -0.155436436 , 43.0109515 , 767.393683 , 773.057483 , 2165.18342 , -0.55778383 , 9.83540166 , -4.93547412 , 4357.48278 , 15937.4327 , -6020.44213 , -60761.8145 , -52009.2657 , -3510.43867 , 62944.1354 , -45110.8656 , 31959.4893
0.0256 , 8947.31 , 0.298244 , 3e+22 , 730.535 , 551.916 , -545.58 , 0.201203 , 0.194511 , 0.200767 , 0.206904528 , -0.155564082 , 43.0777335 , 768.653361 , 774.906556 , 2171.19276 , -1.00783782 , 10.7118166 , -4.57900569 , 20837.7529 , 36521.9528 , -26105.3882 , 2940.7056 , -1225.93779 , 9574.09911 , 24725.7753 , 37421.5827 , -26304.6714
0.02565 , 8958.81 , 0.298627 , 3e+22 , -151.346 , -389.855 , 195.095 , 0.200373 , 0.199757 , 0.197123 , 0.197483083 , -0.157547358 , 43.1644418 , 771.258751 , 776.575549 , 2179.35618 , -0.994326664 , 9.90087206 , -4.28755458 , -3610.0803 , -33910.2067 , -14983.3103 , 28230.3009 , -7541.95276 , 46219.6657 , -22008.2209 , -49082.4466 , 19064.0867
0.0257 , 8963.29 , 0.298776 , 3e+22 , -1160.02 , 1240.95 , 2647.09 , 0.198538 , 0.199824 , 0.199135 , 0.205889134 , -0.166372858 , 43.2437324 , 772.235669 , 778.997068 , 2186.58703 , -1.33281257 , 10.0155071 , -4.82523644 , -11465.8864 , 46051.426 , 32750.1103 , -22599.4721 , 44304.821 , 7564.00684 , -65678.6588 , 12439.1505 , 88180.4461
0.02575 , 8965.37 , 0.298846 , 3e+22 , 10.9294 , 374.121 , 221.445 , 0.199775 , 0.199269 , 0.198646 , 0.203656369 , -0.166057961 , 43.3208914 , 773.805153 , 780.751061 , 2193.84069 , -1.03149283 , 9.88151899 , -5.09079419 , 28547.578 , -28602.164 , 41063.6144 , 8154.6276 , -5262.87524 , -2252.86869 , -731.478336 , 41180.9767 , -2905.51933
0.0258 , 8954.68 , 0.298489 , 3e+22 , 1164.25 , -150.099 , 998.447 , 0.201595 , 0.198884 , 0.196487 , 0.203872507 , -0.162907001 , 43.3855131 , 775.715696 , 782.525711 , 2200.2556 , -1.12668433 , 9.87286914 , -4.72528739 , 29971.7879 , 12511.1493 , -2504.28759 , -19072.4011 , 4356.46682 , 51569.0583 , 33974.8293 , -10084.4678 , 89294.2521
0.02585 , 8949.56 , 0.298319 , 3e+22 , 2281.29 , 159.356 , 1005.18 , 0.198036 , 0.198651 , 0.199915 , 0.198189867 , -0.150301808 , 43.4571662 , 776.879274 , 783.602739 , 2207.01794 , -1.38052856 , 9.35668048 , -4.0629128 , -11843.5029 , -39502.7456 , 5529.70429 , 14713.0242 , -5683.64445 , -37574.5748 , 108648.325 , 50058.3943 , 23057.0364
0.0259 , 8952.74 , 0.298425 , 3e+22 , 1900.92 , -686.229 , 825.802 , 0.200417 , 0.199135 , 0.197271 , 0.194652296 , -0.135150615 , 43.5412835 , 779.463621 , 784.816203 , 2215.09435 , -1.61620867 , 9.39876842 , -3.68594711 , 33683.4924 , 3753.97498 , -4554.26152 , 49416.1883 , -33117.9547 , 1243.4616 , 95267.8676 , -21992.1513 , 51677.4588
0.02595 , 8954.47 , 0.298482 , 3e+22 , -1408.4 , -920.956 , -1542.15 , 0.200137 , 0.197297 , 0.199501 , 0.196913307 , -0.134221629 , 43.6171042 , 781.115081 , 786.077034 , 2222.68203 , -1.51757028 , 9.51388685 , -3.41969795 , 25279.1617 , -49406.565 , -11206.905 , -22136.1296 , 71608.2973 , -7466.27194 , -68801.5206 , -61251.7808 , -44036.9574
0.026 , 8964.65 , 0.298822 , 3e+22 , 325.661 , -1343.42 , 562.052 , 0.200969 , 0.197792 , 0.19887 , 0.195603114 , -0.145589636 , 43.6999967 , 782.899843 , 787.675685 , 2230.58747 , -2.30798486 , 9.3840894 , -4.10597186 , 17476.8751 , -3336.05414 , 9731.96281 , 38521.7602 , 16556.7925 , 54059.7769 , -622.160103 , -81813.4037 , -2206.96386
0.02605 , 8970.38 , 0.299013 , 3e+22 , -28.1566 , -716.729 , 482.711 , 0.198473 , 0.200801 , 0.198747 , 0.194097136 , -0.147643671 , 43.7852007 , 784.695604 , 789.662646 , 2238.90602 , -2.22568094 , 9.3799865 , -4.1792069 , 44336.6492 , -44061.8269 , -95581.637 , 2520.0419 , 4028.51096 , 24475.2571 , 54.7354835 , -35604.1305 , 29495.4593
0.0261 , 8962.36 , 0.298745 , 3e+22 , 1636.1 , -56.3699 , -5.18822 , 0.198736 , 0.199446 , 0.199294 , 0.185967258 , -0.138920062 , 43.8536222 , 786.000327 , 790.491204 , 2245.14911 , -2.34941081 , 9.38728744 , -3.68025343 , 31690.4859 , 5109.57296 , 4886.89144 , 25975.2126 , 3712.66757 , -27480.7606 , 90812.4985 , 15526.7852 , 2590.75045
0.02615 , 8960.91 , 0.298697 , 3e+22 , 692.262 , 282.56 , 180.95 , 0.199368 , 0.199249 , 0.198773 , 0.180433639 , -0.136636713 , 43.9303461 , 787.428125 , 791.738799 , 2252.85261 , -2.56566242 , 9.19078818 , -3.33970039 , 13602.2787 , 8592.17174 , 25814.3401 , 9100.92617 , 13799.972 , -3122.95453 , -2188.43215 , -20415.8744 , -43807.305
0.0262 , 8971.45 , 0.299048 , 3e+22 , -819.356 , 44.4703 , -846.337 , 0.201703 , 0.197019 , 0.199367 , 0.169264759 , -0.128689035 , 44.0113402 , 789.214755 , 793.016983 , 2260.43854 , -2.23196063 , 9.10389576 , -2.79391836 , 9197.52602 , -24445.2928 , 8961.86153 , -10622.8576 , 20916.9829 , -16386.8052 , -18965.2147 , 244.739972 , -31956.2893
0.02625 , 8970.67 , 0.299022 , 3e+22 , 1572.9 , -3141.84 , -1936.23 , 0.201184 , 0.19834 , 0.198429 , 0.172465609 , -0.138425193 , 44.0861842 , 791.223941 , 794.249094 , 2267.75849 , -1.9944133 , 9.08731544 , -3.39716765 , 12157.5512 , 15688.1762 , -2087.94135 , -25413.5851 , 14108.8635 , 24295.4353 , 77720.6074 , -132031.21 , -95332.2713
0.0263 , 8984.66 , 0.299489 , 3e+22 , 1004.84 , 441.016 , -1016.13 , 0.200607 , 0.200577 , 0.19778 , 0.178729923 , -0.132285044 , 44.1768124 , 792.698909 , 796.546832 , 2276.71873 , -2.21525624 , 8.99209706 , -3.07538795 , -14240.7244 , -48044.0311 , -8394.12666 , 19494.0413 , -40516.9074 , -20498.8786 , 27337.2485 , 22354.2963 , -66780.1199
0.02635 , 8984.2 , 0.299473 , 3e+22 , 696.63 , -860.954 , -322.385 , 0.199751 , 0.200617 , 0.198571 , 0.181391065 , -0.128657941 , 44.2510399 , 794.97542 , 798.393848 , 2284.24321 , -2.66689735 , 9.30250767 , -2.85811054 , -36431.2538 , 5665.86175 , 13037.7035 , 12040.0685 , 28067.6534 , -3430.35143 , 10831.4237 , -29667.4205 , -9672.26223
0.0264 , 8985.53 , 0.299518 , 3e+22 , -410.488 , 980.347 , -265.789 , 0.197998 , 0.20167 , 0.19936 , 0.179866686 , -0.129376431 , 44.330311 , 796.85624 , 800.465025 , 2292.10742 , -2.51008497 , 9.61454456 , -2.96090063 , 14538.151 , -2640.40109 , 49145.3881 , 6385.94139 , -1405.79263 , 41207.7235 , -33803.4874 , 36031.4684 , 14488.9593
0.02645 , 8993.15 , 0.299772 , 3e+22 , -616.328 , 590.007 , 1460.09 , 0.200813 , 0.198795 , 0.199918 , 0.178315944 , -0.122123462 , 44.4191858 , 798.378813 , 802.393827 , 2300.71773 , -2.54763392 , 9.61635344 , -1.77834225 , 75910.7313 , 11461.2189 , -24400.8937 , 17885.5969 , 6763.66517 , 29264.3271 , -9682.82496 , -10317.0859 , 80842.4202
0.0265 , 9007.59 , 0.300253 , 3e+22 , 1048.51 , 37.0535 , 259.169 , 0.200087 , 0.201933 , 0.198479 , 0.181445509 , -0.128986268 , 44.5127383 , 800.392822 , 804.427542 , 2309.64409 , -2.70395838 , 9.57180356 , -1.90635336 , -34928.5808 , 4950.46388 , 22826.5077 , 17942.7128 , 2648.32205 , 44269.181 , 62993.5159 , -3502.28463 , 3748.75751
0.02655 , 9014.99 , 0.3005 , 3e+22 , 297.84 , -20.3592 , 330.021 , 0.201394 , 0.200251 , 0.199354 , 0.180784282 , -0.13487909 , 44.5988374 , 801.825891 , 805.982561 , 2318.17423 , -2.00468914 , 9.70450248 , -2.0306728 , -23637.0782 , -39726.2582 , 2535.89567 , -39896.6508 , 64342.6348 , 29413.455 , 8123.42265 , 4863.68666 , -5119.60687
0.0266 , 9021 , 0.3007 , 3e+22 , 187.504 , 100.547 , -1419.5 , 0.199805 , 0.199912 , 0.201672 , 0.171725193 , -0.11550375 , 44.6806134 , 803.835442 , 807.480008 , 2326.0467 , -2.12913162 , 9.19101031 , -0.9616 , -7709.23945 , 51244.7792 , 10759.729 , -29328.454 , 31437.5716 , -1913.99977 , 34985.6407 , -13763.9293 , -96784.8698
0.02665 , 9024.22 , 0.300807 , 3e+22 , -1339.77 , 568.648 , 311.1 , 0.19988 , 0.200742 , 0.20098 , 0.182185527 , -0.108317907 , 44.7628812 , 805.532054 , 809.526037 , 2333.81703 , -2.02352455 , 9.70481963 , -0.488689372 , -10723.2586 , -23072.003 , -25091.5199 , -10421.7784 , 33712.1374 , 100433.689 , -106177.323 , 4559.31567 , -2687.24581
0.0267 , 9031.26 , 0.301042 , 3e+22 , -2077.49 , -204.013 , -1142.09 , 0.199771 , 0.201014 , 0.201266 , 0.191145105 , -0.106862641 , 44.8466531 , 808.235178 , 812.033528 , 2341.78498 , -2.14787196 , 10.5053898 , -0.00283182211 , -22382.9089 , -50151.3617 , 69823.2696 , -13904.3759 , 52315.8216 , 9760.48844 , -103546.957 , 1394.91727 , -64111.4572
0.02675 , 9038.75 , 0.301292 , 3e+22 , -97.0207 , 1316.58 , 298.068 , 0.201991 , 0.200069 , 0.200513 , 0.176117291 , -0.103152158 , 44.931864 , 809.203663 , 813.435863 , 2350.28593 , -2.11226822 , 9.16853787 , -0.198067365 , 14707.7075 , -9636.23584 , -43616.4273 , -3309.4147 , -3050.82581 , -3960.41638 , 898.29499 , 37128.7683 , -35602.1905
0.0268 , 9043.51 , 0.30145 , 3e+22 , -494.412 , -657.826 , -1731.37 , 0.198958 , 0.201532 , 0.20239 , 0.177082678 , -0.108429674 , 45.0136666 , 811.438936 , 814.741883 , 2358.18232 , -1.77697676 , 8.90248234 , -0.414920367 , 22235.664 , -68185.2215 , -8626.86596 , -20546.9219 , 17940.6768 , 62619.1637 , -16559.0304 , -16714.8679 , -83426.6963
0.02685 , 9047.26 , 0.301575 , 3e+22 , -393.498 , -531.07 , -1177.57 , 0.203077 , 0.199588 , 0.200476 , 0.178931941 , -0.112006447 , 45.0963272 , 813.179981 , 815.80709 , 2366.13045 , -1.8534042 , 8.47491867 , -0.362284769 , 13178.4995 , 32761.3964 , -519.004961 , -9708.25031 , -52832.9644 , -45301.7544 , -40987.6875 , -26969.9628 , -82683.4126
0.0269 , 9043.96 , 0.301465 , 3e+22 , -165.455 , 216.229 , -827.798 , 0.201127 , 0.202856 , 0.198944 , 0.191128466 , -0.125642353 , 45.1676568 , 814.898792 , 817.394486 , 2372.83099 , -1.74076243 , 9.33939743 , -0.907725833 , 42733.7107 , 14952.8257 , -16831.2687 , 41069.6702 , 4386.65262 , 19346.2569 , 229.856862 , -14888.177 , -45578.2765
0.02695 , 9050.11 , 0.30167 , 3e+22 , 494.05 , 502.801 , -1117.41 , 0.202892 , 0.200909 , 0.19953 , 0.195471548 , -0.11271438 , 45.2513519 , 816.820383 , 818.748196 , 2381.20308 , -1.84834551 , 9.10264426 , 0.0260748321 , 13139.9385 , -13921.6121 , 12743.0479 , 15848.9116 , -19259.2195 , -16489.8856 , 36711.2847 , 11089.3088 , -72825.1342
0.027 , 9055.75 , 0.301858 , 3e+22 , 384.067 , -619.288 , 475.501 , 0.201773 , 0.200079 , 0.201861 , 0.18846596 , -0.109530957 , 45.3354248 , 819.210697 , 820.32795 , 2389.20946 , -2.42166998 , 8.55892719 , 0.203256524 , 500.901435 , -26700.0243 , -44158.7399 , -22521.0956 , 909.934273 , -29813.8324 , 22759.8234 , -27593.7479 , 7509.86075
0.02705 , 9059.56 , 0.301985 , 3e+22 , 650.686 , -665.047 , 741.762 , 0.199929 , 0.202714 , 0.20132 , 0.186517177 , -0.121710126 , 45.4199496 , 821.268035 , 822.14844 , 2397.63263 , -2.24792416 , 8.39576771 , -0.406668547 , 15160.9084 , -39806.4731 , -36716.078 , -26111.0947 , -22169.7574 , 19296.6884 , 37358.3625 , -9807.16087 , 48858.1425
0.0271 , 9055.83 , 0.301861 , 3e+22 , 877.189 , -1322.77 , -594.219 , 0.202637 , 0.198862 , 0.202206 , 0.188996023 , -0.114280693 , 45.4945951 , 823.227967 , 823.64648 , 2405.36824 , -2.45272458 , 8.61936945 , 0.180723097 , 38579.5934 , 2157.423 , -552.156557 , -21010.9321 , 7662.36065 , 6334.00486 , 58702.8137 , -28168.3047 , -43277.0595
0.02715 , 9050.83 , 0.301694 , 3e+22 , -323.691 , -998.757 , 951.859 , 0.201527 , 0.203013 , 0.198837 , 0.173602647 , -0.113772889 , 45.5654038 , 825.247257 , 825.080731 , 2412.56178 , -2.60502182 , 8.32296587 , 0.257336448 , 13772.5684 , 23578.0075 , -45300.109 , -47876.2482 , 32118.827 , -31470.5426 , -34462.2853 , -33104.7685 , 74115.0724
0.0272 , 9049.16 , 0.301639 , 3e+22 , -606.209 , 909.105 , 730.111 , 0.199981 , 0.20019 , 0.203096 , 0.177775101 , -0.117894188 , 45.6430744 , 826.508848 , 827.099148 , 2420.53181 , -3.0234345 , 8.70086755 , -0.159088293 , 34998.8247 , -31343.2431 , -18850.4809 , -24874.0003 , -3937.03041 , -39000.3195 , -32202.3613 , 25308.4703 , 60731.1403
0.02725 , 9048.13 , 0.301604 , 3e+22 , 387.609 , 684.629 , -96.385 , 0.201409 , 0.20105 , 0.200745 , 0.179510229 , -0.120347563 , 45.7221484 , 828.774604 , 828.74716 , 2428.66844 , -2.31051356 , 8.84547753 , -0.505757675 , 21388.7641 , 6101.59199 , -1210.68914 , 15233.5797 , -13757.3223 , -24242.8118 , 32684.4109 , 8296.31447 , -11676.7424
0.0273 , 9048.38 , 0.301613 , 3e+22 , 802.013 , -983.393 , 1691.94 , 0.202135 , 0.199098 , 0.201967 , 0.191876277 , -0.121107786 , 45.8022676 , 830.552942 , 830.775745 , 2436.60806 , -2.98542094 , 9.41659873 , -0.340731724 , -14582.997 , -34352.0537 , 1113.84028 , 37361.7261 , 23853.0449 , 16437.683 , 22309.1855 , -73444.2465 , 44140.4359
0.02735 , 9049.64 , 0.301655 , 3e+22 , -377.247 , -759.554 , 2103.72 , 0.201012 , 0.202378 , 0.19989 , 0.183025781 , -0.123890588 , 45.8828387 , 831.001731 , 832.701399 , 2444.44386 , -2.77522989 , 9.13015733 , -0.660073132 , -12522.0431 , -52512.977 , -13719.3453 , -2559.82732 , -9369.71084 , -13223.213 , -31839.0719 , -60078.3569 , 111594.795
0.0274 , 9055.08 , 0.301836 , 3e+22 , -2124.97 , 464.195 , -2387.18 , 0.199332 , 0.203372 , 0.200908 , 0.178607526 , -0.131235402 , 45.9691149 , 832.328556 , 834.455053 , 2452.98188 , -2.42160062 , 8.88101598 , -1.15424389 , 7542.24702 , -26648.8514 , -1280.50698 , 31587.7216 , 25001.9372 , -26706.2021 , -97752.1758 , 33187.3833 , -120597.397
0.02745 , 9047.7 , 0.30159 , 3e+22 , 405.52 , 1575.91 , -462.314 , 0.200227 , 0.200054 , 0.202883 , 0.182729008 , -0.112522079 , 46.0377734 , 834.003898 , 835.224149 , 2459.70001 , -2.8840675 , 8.93401645 , -0.204044272 , 22615.3656 , -6191.90517 , 2792.60151 , -933.770038 , 37945.5707 , 30791.2721 , 41383.2489 , 85039.5123 , -15258.6417
0.0275 , 9041.38 , 0.301379 , 3e+22 , -1860.19 , -378.004 , 32.527 , 0.202943 , 0.199326 , 0.20047 , 0.180794852 , -0.117279829 , 46.112003 , 835.277379 , 838.150024 , 2467.20202 , -3.18071043 , 9.00516551 , -0.524943116 , 9756.89773 , 5626.1988 , -19365.7483 , -55949.5279 , 2201.12757 , 17937.9244 , -94627.9554 , -9115.74291 , 25494.6151
0.02755 , 9045.88 , 0.301529 , 3e+22 , -793.062 , 51.5892 , -914.881 , 0.200864 , 0.199895 , 0.202292 , 0.195642707 , -0.118192363 , 46.1981118 , 837.155569 , 839.269808 , 2475.68051 , -3.41685322 , 9.68706209 , -0.769007827 , 90114.5216 , -17071.7364 , 28640.7363 , 45963.2368 , 680.367052 , -22453.0981 , -30349.2215 , 3969.16404 , -67211.7444
0.0276 , 9037.19 , 0.30124 , 3e+22 , 2214.9 , -311.356 , -414.275 , 0.201997 , 0.20019 , 0.200263 , 0.189796632 , -0.117033745 , 46.2728937 , 839.375636 , 840.852735 , 2483.28214 , -3.18167217 , 9.41888933 , -0.643894356 , -18864.7504 , 22254.9242 , 21656.0319 , 26363.7694 , 8577.87742 , -40399.7074 , 142034.025 , -25291.2454 , -31417.7601
0.02765 , 9039.34 , 0.301311 , 3e+22 , 936.979 , -1055.05 , 172.888 , 0.199919 , 0.199285 , 0.203407 , 0.182904914 , -0.122807556 , 46.350823 , 841.329183 , 843.347965 , 2491.17378 , -3.2332079 , 9.36333056 , -1.10738807 , -31417.5882 , 55692.1175 , -6024.06833 , 19660.3936 , 35779.8221 , 35788.9279 , 66664.4137 , -47616.3087 , 47059.3378
0.0277 , 9041.61 , 0.301387 , 3e+22 , 1158.5 , -1033.51 , 962.118 , 0.201903 , 0.200156 , 0.200695 , 0.185349153 , -0.116626043 , 46.4299263 , 843.439015 , 845.210001 , 2499.28849 , -2.94622966 , 8.76812634 , -0.628131915 , 26225.6191 , 35481.048 , -5729.3974 , -26461.1935 , 32522.1711 , 6989.27738 , 72377.1049 , -63733.5092 , 52326.9657
0.02775 , 9040.41 , 0.301347 , 3e+22 , -23.2803 , -288.886 , 398.093 , 0.203038 , 0.201132 , 0.198522 , 0.191980849 , -0.119717941 , 46.504764 , 844.782153 , 846.246576 , 2507.2171 , -2.57872353 , 8.43468357 , -1.0553866 , 17803.7077 , 25578.117 , -11994.7284 , 15101.1081 , 4437.84441 , 2438.29538 , -3040.81187 , -31533.2254 , 33088.0489
0.0278 , 9048.78 , 0.301626 , 3e+22 , -636.739 , 102.961 , 1462.09 , 0.200401 , 0.201702 , 0.201134 , 0.197996057 , -0.113937469 , 46.5905145 , 846.493468 , 847.946959 , 2515.71205 , -2.89919241 , 8.64371341 , -1.13677346 , 38140.3442 , 9301.08548 , -45103.692 , 4457.21871 , -22345.0146 , -10574.6989 , -1479.76546 , -4277.13768 , 77511.1244
0.02785 , 9051.05 , 0.301702 , 3e+22 , -720.559 , -420.029 , 816.983 , 0.203391 , 0.198222 , 0.201782 , 0.207209909 , -0.122717727 , 46.6734368 , 847.779369 , 849.769152 , 2523.96247 , -2.81459687 , 9.10447264 , -1.47706061 , 21898.1787 , 12533.0822 , 32141.5296 , 347.861051 , 24352.7404 , -48852.3542 , -38853.8281 , -14138.8941 , 41260.4936
0.0279 , 9043.18 , 0.301439 , 3e+22 , 457.876 , 1309.27 , 2452.27 , 0.2017 , 0.200926 , 0.200207 , 0.201622561 , -0.118781705 , 46.7432914 , 850.292409 , 852.046744 , 2531.58022 , -2.82090345 , 8.83080213 , -1.0241356 , 51895.7569 , 23890.4697 , -4890.95575 , 5502.4767 , -21609.1894 , -16275.7459 , -4889.85694 , 60816.3234 , 94830.9927
0.02795 , 9039.5 , 0.301317 , 3e+22 , 1005.1 , -137.204 , 1033.86 , 0.199918 , 0.200206 , 0.202497 , 0.199825417 , -0.123913152 , 46.8183503 , 852.650334 , 853.773014 , 2538.95661 , -2.40720835 , 8.34398483 , -1.69425814 , -35808.0717 , -51321.1614 , -59828.2113 , 7964.77181 , 27137.8595 , 7321.1332 , 63335.3445 , 15280.0252 , 77852.892
0.028 , 9050.53 , 0.301684 , 3e+22 , 519.197 , 574.124 , -951.558 , 0.20102 , 0.199797 , 0.202543 , 0.221194942 , -0.1251579 , 46.9084629 , 853.639564 , 855.485723 , 2548.05074 , -2.9064467 , 9.4824585 , -1.57170014 , -53690.7347 , 2338.68121 , -6472.10892 , -55577.3819 , 43051.2814 , 43460.4231 , 7745.28348 , 68034.3277 , -61434.8574
0.02805 , 9052.6 , 0.301753 , 3e+22 , 154.681 , 478.127 , 2667.44 , 0.200781 , 0.201444 , 0.20124 , 0.221213787 , -0.137071999 , 46.9891967 , 854.921455 , 857.203602 , 2556.2759 , -2.91964145 , 9.47768665 , -2.14989904 , -8631.24364 , -4057.46053 , -25240.9426 , 50315.5715 , 31614.1265 , 33017.6278 , 10570.5987 , 32753.9093 , 136977.194
0.0281 , 9049.74 , 0.301658 , 3e+22 , 1083.61 , 1647.42 , 1252.84 , 0.201815 , 0.20004 , 0.20143 , 0.223720024 , -0.134568582 , 47.0653186 , 856.731585 , 858.153861 , 2564.15502 , -2.69447573 , 9.19942236 , -2.20510634 , 63906.7591 , 51727.8542 , -862.809054 , 1011.69749 , 28848.7137 , 8451.2441 , 86999.0733 , 129817.956 , 75558.272
0.02815 , 9046.9 , 0.301563 , 3e+22 , -126.005 , 1741.91 , 1429.36 , 0.19933 , 0.200443 , 0.203324 , 0.231524946 , -0.140092249 , 47.1444124 , 858.787486 , 859.72836 , 2572.23934 , -2.66054478 , 9.78057116 , -2.69646323 , 36289.821 , -38807.9671 , 49910.0581 , 25064.8551 , -32495.7215 , -41764.2778 , -27704.2776 , 98624.0719 , 80384.2046
0.0282 , 9049.12 , 0.301637 , 3e+22 , -1395.74 , 272.986 , -725.745 , 0.202493 , 0.200219 , 0.200549 , 0.237470852 , -0.131765783 , 47.2313395 , 860.55063 , 861.175217 , 2581.22311 , -2.57551391 , 10.060461 , -2.49063874 , 12816.635 , -11576.9119 , -5642.88703 , 29155.6196 , -27119.8197 , 12434.4704 , -40736.583 , 19593.0384 , -50478.6269
0.02825 , 9054.65 , 0.301822 , 3e+22 , -1097.96 , 37.7622 , -1924.88 , 0.199265 , 0.203625 , 0.200726 , 0.237860722 , -0.133131782 , 47.318815 , 861.929339 , 863.308097 , 2589.92804 , -3.10419723 , 10.0868004 , -2.80830249 , 20210.2051 , -8511.1338 , 2109.20844 , -15140.4982 , -4299.08489 , 8028.86971 , -98272.3499 , -23784.2068 , -94121.0473
0.0283 , 9061.9 , 0.302063 , 3e+22 , 990.63 , -197.78 , -453.059 , 0.200924 , 0.200764 , 0.202431 , 0.235128945 , -0.12485679 , 47.4052021 , 863.928554 , 864.655049 , 2598.61042 , -3.15920423 , 10.4187387 , -1.99352893 , -47755.9964 , 69592.2786 , 60041.1741 , -52525.9977 , -34417.3834 , -24964.2767 , 58204.2071 , 5035.23963 , -10667.9105
0.02835 , 9059.86 , 0.301995 , 3e+22 , -69.0527 , 493.976 , 904.685 , 0.199673 , 0.202775 , 0.201537 , 0.238786833 , -0.130521097 , 47.4798897 , 865.251577 , 866.854037 , 2605.85761 , -3.29317906 , 10.7174443 , -2.71720014 , 30597.6686 , -1699.93566 , -23311.3954 , 39969.5547 , 3621.96734 , -11695.0133 , 4586.39674 , 18341.5543 , 42438.7097
0.0284 , 9051.79 , 0.301726 , 3e+22 , 272.47 , 523.861 , 342.553 , 0.20153 , 0.199938 , 0.201982 , 0.239689387 , -0.116485595 , 47.5503211 , 866.822371 , 868.746548 , 2613.08461 , -3.77132056 , 10.987999 , -1.96821418 , 16355.7579 , 44944.6813 , -35519.9404 , -13179.487 , 46998.2265 , 83702.8167 , 41791.4871 , 2220.22819 , 31903.8351
0.02845 , 9056.96 , 0.301899 , 3e+22 , -898.447 , -739.736 , 632.774 , 0.198873 , 0.203192 , 0.201722 , 0.236434367 , -0.117528505 , 47.6347421 , 869.512563 , 869.739226 , 2621.74846 , -3.73948649 , 10.8375853 , -1.73001456 , -1911.86781 , 19038.7097 , -40365.9066 , 2982.79537 , 14407.6962 , -22007.5784 , -42517.3777 , -59382.7442 , 18387.6601
0.0285 , 9048.63 , 0.301621 , 3e+22 , 1125.6 , 723.206 , -1521.32 , 0.201025 , 0.202453 , 0.19974 , 0.235597932 , -0.120865499 , 47.6995873 , 870.712671 , 871.432344 , 2628.50567 , -4.17072564 , 10.5202959 , -1.77093961 , 12709.7853 , 37829.7565 , 7656.17482 , -69854.3336 , -48665.0951 , 8692.87246 , 84536.3279 , 8649.76913 , -77277.9118
0.02855 , 9053.23 , 0.301774 , 3e+22 , 1703.1 , 115.29 , 597.684 , 0.200022 , 0.200467 , 0.203042 , 0.243205923 , -0.115307026 , 47.7804527 , 871.957348 , 873.319514 , 2636.71718 , -4.06550132 , 10.9098329 , -0.86525892 , 32032.9386 , 36122.0589 , 42309.5274 , -8873.96662 , 8004.30422 , -10238.29 , 108229.509 , -26813.7103 , 25263.5791
0.0286 , 9048.48 , 0.301616 , 3e+22 , 157.349 , 1288.77 , 1590.21 , 0.199992 , 0.19987 , 0.203346 , 0.25205593 , -0.115754332 , 47.8515955 , 874.304994 , 875.377407 , 2644.20414 , -4.56964431 , 11.3647577 , -0.959586427 , 17987.9634 , -29195.6298 , 40219.73 , -42821.5499 , 22095.1293 , -39933.7345 , 8204.59766 , 57309.5551 , 76057.9301
0.02865 , 9053.27 , 0.301776 , 3e+22 , 723.396 , -740.728 , -954.841 , 0.200926 , 0.201104 , 0.201509 , 0.254570578 , -0.108213079 , 47.9349966 , 876.626902 , 877.297695 , 2652.74134 , -4.51655835 , 11.6766917 , -1.09659044 , 26194.6905 , -22455.4369 , 10764.1643 , -36946.2379 , 13579.5492 , 15026.7693 , 55832.8268 , -36692.6039 , -68810.0926
0.0287 , 9046.64 , 0.301555 , 3e+22 , -422.381 , -803.104 , 261.208 , 0.201122 , 0.202451 , 0.199531 , 0.251652574 , -0.0950110379 , 48.0053015 , 878.481499 , 878.795995 , 2660.16939 , -4.62982727 , 11.3423065 , -0.465767876 , 13186.6355 , -39323.1277 , 44047.441 , 42006.8866 , 32524.4039 , 5133.06434 , -10502.4437 , -29534.816 , 40382.5476
0.02875 , 9042.93 , 0.301431 , 3e+22 , -253.494 , -38.1914 , 748.308 , 0.201346 , 0.200566 , 0.200947 , 0.247378455 , -0.0993818507 , 48.0807411 , 879.840589 , 880.968883 , 2668.18398 , -4.75266219 , 11.5309847 , -0.712613449 , 25116.3815 , -39590.6371 , -64479.7906 , -14420.6037 , 926.006468 , -16782.0894 , 4716.94075 , -19295.817 , 31273.0652
0.0288 , 9054.52 , 0.301817 , 3e+22 , -1673.33 , 1411.78 , 586.114 , 0.201881 , 0.201688 , 0.200037 , 0.246364232 , -0.104057303 , 48.172924 , 882.563383 , 883.140234 , 2677.78481 , -4.7780477 , 11.5167286 , -1.136228 , -2430.13872 , 15276.9197 , 11816.6555 , -26984.3499 , 15269.2663 , 4690.7412 , -71040.3137 , 54432.7837 , 9360.56248
0.02885 , 9050.2 , 0.301673 , 3e+22 , 159.747 , -1154.14 , -406.124 , 0.201741 , 0.2005 , 0.201097 , 0.237782289 , -0.105875412 , 48.2498444 , 885.741623 , 884.309439 , 2685.56769 , -4.85657754 , 10.9817039 , -1.57792809 , 36277.3946 , 9240.03079 , 3456.54625 , -22861.4785 , 20214.9434 , -19314.038 , 24008.0657 , -51090.3078 , -43658.9713
0.0289 , 9044.73 , 0.301491 , 3e+22 , 1811.15 , 1415.82 , 1384.04 , 0.20144 , 0.2002 , 0.201301 , 0.233808858 , -0.102055391 , 48.3275606 , 886.740758 , 886.082725 , 2693.62387 , -4.22917864 , 10.9632345 , -1.34179996 , -1378.68704 , 1469.77354 , -47187.7545 , -32090.6955 , -7146.29374 , -12883.2346 , 93057.5698 , 66937.6147 , 91122.8019
0.02895 , 9048.94 , 0.301631 , 3e+22 , 474.318 , 1695.47 , 208.886 , 0.1993 , 0.202491 , 0.201454 , 0.236636113 , -0.111519199 , 48.4109687 , 888.678009 , 887.581255 , 2702.4353 , -4.35584268 , 11.2114837 , -1.64461673 , -850.15743 , 33567.0679 , -30807.0617 , -11571.8555 , -38879.8181 , 32416.9211 , 33266.4638 , 94634.9657 , -20837.718
0.029 , 9054.88 , 0.301829 , 3e+22 , 506.522 , 187.735 , 1541.62 , 0.200941 , 0.201103 , 0.201599 , 0.23425841 , -0.119350961 , 48.4905281 , 890.380714 , 888.950714 , 2710.86893 , -4.32417895 , 11.2505438 , -2.09376416 , 7603.50796 , -4671.83805 , 32873.9968 , 6292.97781 , 25682.2568 , 13515.1962 , 51592.5317 , 6882.14449 , 74074.9371
0.02905 , 9049.92 , 0.301664 , 3e+22 , -2101.26 , -114.071 , 92.9842 , 0.200979 , 0.201042 , 0.201282 , 0.224943315 , -0.113787225 , 48.563794 , 891.933441 , 890.199629 , 2718.65537 , -4.19757607 , 10.8098844 , -1.95073179 , 28612.1694 , -14173.3738 , 6157.96268 , 10766.5792 , -13477.4156 , -31358.7297 , -117395.475 , 23396.7765 , -40362.0269
0.0291 , 9046.04 , 0.301535 , 3e+22 , 553.921 , -1589.25 , 332.17 , 0.203161 , 0.201112 , 0.19878 , 0.239413029 , -0.109043658 , 48.6405304 , 894.490246 , 890.975817 , 2726.49513 , -4.08270401 , 11.4446866 , -2.16590946 , -55259.6256 , -63948.3512 , -24484.2826 , -41348.9745 , 41231.0968 , -14334.4943 , 16267.6585 , -107592.741 , 29534.8479
0.02915 , 9052.46 , 0.301749 , 3e+22 , -295.644 , 535.857 , -355.683 , 0.200882 , 0.201986 , 0.200626 , 0.236824005 , -0.113975777 , 48.7294411 , 896.927671 , 892.965663 , 2735.57434 , -4.07229927 , 11.3179313 , -2.09861171 , -33758.3415 , 6209.69112 , -6678.52261 , -8750.56626 , -15603.2501 , 34588.192 , -20373.8951 , 39093.7859 , -14830.5069
0.0292 , 9056.95 , 0.301898 , 3e+22 , -2395.89 , -1582.2 , 519.322 , 0.201113 , 0.199239 , 0.203397 , 0.223946961 , -0.121462555 , 48.8125856 , 898.589317 , 894.129387 , 2744.60094 , -4.21338899 , 10.6047379 , -2.24963268 , -10842.2388 , -29076.3381 , 80066.6824 , 1739.80659 , 38381.018 , 42603.5487 , -121352.35 , -66017.5207 , 38065.8945
0.02925 , 9063.07 , 0.302102 , 3e+22 , 1262.07 , -428.445 , 611.299 , 0.200195 , 0.201982 , 0.202016 , 0.219261826 , -0.12344718 , 48.8993191 , 900.042229 , 895.291807 , 2754.0374 , -4.12538411 , 10.5850447 , -2.91984113 , 18286.799 , 38666.0293 , 38900.1309 , 6162.26481 , -41399.3792 , 461.882293 , 36795.3397 , 26673.2736 , 22184.1542
0.0293 , 9051.56 , 0.301719 , 3e+22 , 525.327 , 2015.83 , 322.463 , 0.200656 , 0.200334 , 0.202422 , 0.226108599 , -0.126739035 , 48.9641848 , 901.40877 , 896.656779 , 2761.16325 , -3.58847913 , 10.7649219 , -2.57596327 , -6992.11399 , 4336.61006 , -34243.9783 , 32709.434 , -83710.5187 , -16793.773 , 34203.0158 , 144982.066 , -5649.70625
0.02935 , 9045.84 , 0.301528 , 3e+22 , 619.974 , 1125.89 , 315.185 , 0.201748 , 0.200902 , 0.200396 , 0.232932922 , -0.115186738 , 49.039695 , 903.657261 , 897.768221 , 2769.35935 , -3.72545194 , 11.1057673 , -1.88788615 , 8159.44889 , -1780.1213 , -52916.7592 , -10261.1363 , 63837.5222 , 7366.75894 , 18765.8151 , 29735.0822 , 19700.2054
0.0294 , 9044.3 , 0.301477 , 3e+22 , 1023.51 , -1639.37 , 464.776 , 0.201109 , 0.202444 , 0.199378 , 0.233585824 , -0.115585562 , 49.1175034 , 905.516921 , 899.158808 , 2777.71016 , -3.86511974 , 11.1602197 , -1.90584174 , 55663.7724 , 30023.0507 , 5808.67454 , 308.277357 , -2674.62482 , 54989.8691 , 61599.7772 , -91516.296 , 35951.16
0.02945 , 9043.34 , 0.301445 , 3e+22 , 225.96 , -62.1389 , -112.805 , 0.199065 , 0.201203 , 0.20262 , 0.230471206 , -0.130142225 , 49.1934729 , 907.882139 , 901.27277 , 2785.80391 , -3.20608446 , 11.1905508 , -2.45538722 , -4182.80907 , 34667.8696 , -30167.7368 , 27257.1996 , 47156.3759 , -1765.15445 , 55963.7423 , -25033.0831 , 1874.42337
0.0295 , 9040.4 , 0.301347 , 3e+22 , -212.797 , -164.256 , -558.404 , 0.201972 , 0.199198 , 0.201521 , 0.23048422 , -0.121950082 , 49.2702797 , 909.218597 , 903.131848 , 2794.70965 , -2.64462737 , 11.1953189 , -2.33133576 , 6418.62361 , 33416.1612 , 42093.6575 , -18570.8962 , -33249.1424 , 5053.23439 , 19519.6474 , 614.296595 , -44500.6212
0.02955 , 9036.69 , 0.301223 , 3e+22 , -1319.11 , -1463.46 , 1658.31 , 0.198815 , 0.199015 , 0.204577 , 0.239450866 , -0.120228485 , 49.3432104 , 911.150086 , 904.587891 , 2802.98902 , -2.70875698 , 11.7599668 , -2.08545461 , 13067.5744 , 8469.56622 , -4926.43038 , 34498.9282 , -43811.0905 , 24840.9094 , -50971.8523 , -88332.7278 , 83189.6761
0.0296 , 9027.79 , 0.300926 , 3e+22 , 973.753 , 141.302 , 1162.13 , 0.200046 , 0.200841 , 0.200952 , 0.233876887 , -0.130957201 , 49.4111925 , 913.519382 , 905.431785 , 2809.81695 , -2.70907927 , 11.3659064 , -2.84833736 , 81000.54 , -58813.7641 , 4471.56354 , -2238.14825 , 41266.186 , -14592.9008 , 58566.394 , 30289.3467 , 69661.1312
0.02965 , 9027.36 , 0.300912 , 3e+22 , -2097.23 , -67.0854 , -1418.51 , 0.202293 , 0.199579 , 0.199915 , 0.232392586 , -0.131530769 , 49.4897325 , 915.112947 , 907.877363 , 2817.99765 , -2.53856168 , 11.0815585 , -3.05729554 , 43778.4732 , 14721.8534 , -40787.6083 , 15637.5495 , 6983.89521 , -4949.18259 , -126739.798 , 28454.1429 , -62492.6321
0.0297 , 9026.93 , 0.300898 , 3e+22 , 641.122 , -275.82 , 791.016 , 0.201918 , 0.200168 , 0.199703 , 0.237893325 , -0.135777459 , 49.5672808 , 916.86862 , 909.841487 , 2826.25771 , -2.55485204 , 11.239914 , -3.17917383 , 18644.0836 , -70399.2245 , -10318.2534 , -59948.7257 , 35565.9438 , -5788.82947 , 49963.8458 , -25754.2097 , 42567.2699
0.02975 , 9017.86 , 0.300595 , 3e+22 , -1263.91 , -479.855 , 390.319 , 0.202624 , 0.198733 , 0.199823 , 0.232022026 , -0.142503065 , 49.6346165 , 918.977962 , 912.042571 , 2833.38268 , -2.26056555 , 10.9267502 , -3.89792217 , 27740.8275 , 14146.4445 , -14542.569 , 5061.48821 , 41822.0513 , 16724.4862 , -67953.9732 , -11448.9013 , 9297.64312
0.0298 , 9011 , 0.300367 , 3e+22 , 358.043 , -664.369 , 199.477 , 0.198736 , 0.200979 , 0.201014 , 0.226151132 , -0.131892347 , 49.7082235 , 920.807109 , 913.209246 , 2841.45018 , -2.32668275 , 10.6459334 , -3.65256433 , -58164.2024 , -44756.3701 , -46276.6901 , 31452.8116 , -43876.3094 , 41037.8319 , 11714.4939 , -2880.70276 , 21576.7723
0.02985 , 9017.92 , 0.300597 , 3e+22 , 776.382 , 817.814 , 3464.42 , 0.19896 , 0.200862 , 0.201297 , 0.234063774 , -0.144296437 , 49.795833 , 922.575469 , 915.096872 , 2851.05463 , -2.31450353 , 10.9013058 , -4.27800751 , 16826.2964 , 27910.0419 , -41896.1719 , -15264.83 , -75041.4359 , 77077.1653 , 46976.7333 , 15356.3486 , 211816.348
0.0299 , 9026.73 , 0.300891 , 3e+22 , -975.2 , 698.121 , -220.311 , 0.199928 , 0.202253 , 0.199592 , 0.241931606 , -0.134713753 , 49.880828 , 924.363879 , 916.945368 , 2859.81769 , -2.17963027 , 11.4076505 , -4.29774942 , 42593.1 , -36008.2191 , -56305.7298 , 1547.72287 , 1340.28874 , 77816.9271 , -41943.0589 , 62955.6093 , -10724.6191
0.02995 , 9030.41 , 0.301014 , 3e+22 , -287.16 , -784.065 , -1166.84 , 0.201043 , 0.200554 , 0.200419 , 0.236765428 , -0.15266816 , 49.9629801 , 926.327349 , 919.084986 , 2868.61308 , -2.43097745 , 11.2862783 , -5.25970655 , 35769.1056 , -5880.47632 , 11215.1869 , -26267.5863 , 20920.6115 , 45026.6886 , -10725.6138 , -18908.0521 , -55383.9883
0.03 , 9031.94 , 0.301065 , 3e+22 , -1087.51 , 374.885 , 2394.32 , 0.202199 , 0.201438 , 0.198452 , 0.244783152 , -0.179697704 , 50.0415392 , 927.898816 , 920.720319 , 2877.44324 , -2.66694288 , 11.8218543 , -6.49711048 , -49248.0089 , -57504.3676 , -46052.0706 , 75523.8595 , 20906.6363 , 5095.06246 , -74211.468 , 31083.3934 , 120590.612
