0,0,0,0,0,0,0,0,0,0,0,0,0,0,0,0,0,0,0,0,0,0,0,0,0,0,0,0,0,0,0,0,0,0
100,479565,188,41,38,14,13,61,206,95,13,38,58,92,218,69,48,70,55,100,71,182,186,133,49,1716,527,334,0,110,188,80,2190,9172
200,1145320,767,121,88,57,45,194,953,316,40,129,191,269,769,174,153,311,172,310,171,611,602,397,128,6444,1836,867,0,437,713,214,7890,44598
300,1814747,1405,195,163,115,73,335,1908,526,74,212,323,450,1366,285,262,545,297,489,280,1053,1092,661,227,11696,3324,1420,0,747,1344,352,13984,85360
400,2484385,2051,280,226,175,101,491,2801,755,112,302,450,616,1950,387,389,808,420,711,400,1509,1549,931,315,17020,4832,1984,0,1092,1955,502,20043,126894
500,3153968,2722,337,288,228,133,635,3707,979,152,396,577,782,2562,493,512,1070,527,920,537,1924,2002,1201,403,22333,6361,2533,0,1460,2588,643,26107,167964
600,3823925,3319,416,348,283,167,785,4612,1177,177,478,718,944,3160,610,627,1321,657,1145,653,2348,2453,1466,497,27727,7908,3062,0,1770,3199,773,32272,209521
700,4493541,3986,483,419,330,205,942,5532,1426,207,579,844,1111,3773,723,746,1591,787,1368,776,2790,2885,1720,570,32982,9414,3597,0,2097,3807,911,38434,250879
800,5162397,4642,556,493,385,240,1080,6407,1648,237,677,984,1271,4321,817,860,1820,915,1577,897,3213,3352,1964,650,38458,10848,4157,0,2445,4421,1040,44543,292606
900,5831903,5296,623,553,435,273,1224,7329,1851,279,766,1115,1438,4903,927,983,2078,1024,1773,1027,3657,3827,2223,740,43714,12356,4710,0,2783,5038,1177,50711,334342
1000,6501083,5922,699,607,487,313,1358,8195,2066,318,859,1246,1609,5527,1025,1105,2318,1149,1958,1144,4092,4287,2495,818,49007,13780,5230,0,3109,5657,1295,56775,375656
1100,7170212,6584,761,676,533,350,1482,9046,2307,357,955,1378,1808,6087,1145,1225,2582,1266,2177,1271,4534,4764,2755,892,54298,15283,5764,0,3408,6307,1436,62954,417439
1200,7840199,7252,832,744,589,383,1618,10001,2521,392,1047,1511,2003,6686,1251,1351,2844,1369,2398,1377,4971,5245,3023,979,59566,16780,6310,0,3756,6916,1572,69162,459153
1300,8509025,7894,902,822,647,417,1771,10918,2759,423,1141,1645,2153,7256,1355,1467,3116,1497,2598,1490,5427,5718,3280,1062,65016,18259,6847,0,4121,7593,1696,75214,500265
1400,9179735,8545,979,891,699,453,1935,11817,3008,459,1208,1775,2329,7834,1471,1585,3397,1618,2801,1603,5854,6176,3561,1153,70320,19708,7407,0,4461,8231,1826,81460,541804
1500,9850032,9196,1047,969,746,490,2070,12722,3218,502,1305,1899,2503,8396,1583,1689,3679,1730,3013,1719,6341,6657,3835,1234,75643,21194,7952,0,4803,8821,1957,87679,583437
1600,10518170,9907,1123,1039,814,525,2221,13605,3447,535,1392,2047,2678,8987,1691,1802,3937,1839,3207,1835,6786,7121,4091,1312,81019,22673,8479,0,5134,9409,2092,93903,624876
1700,11186990,10575,1206,1100,857,560,2372,14518,3665,573,1487,2180,2866,9562,1802,1909,4197,1954,3416,1955,7262,7596,4356,1402,86219,24193,9033,0,5484,10038,2222,100066,666675
1800,11857277,11201,1286,1169,904,591,2522,15435,3884,603,1579,2308,3026,10126,1912,2013,4454,2060,3631,2085,7707,8036,4627,1484,91593,25721,9584,0,5825,10654,2355,106322,708621
1900,12527920,11853,1353,1236,959,626,2676,16298,4117,635,1663,2440,3184,10658,2012,2125,4702,2190,3837,2219,8158,8465,4896,1580,96982,27237,10142,0,6159,11260,2483,112430,750164
2000,13198569,12526,1427,1306,996,665,2823,17187,4333,663,1766,2570,3378,11222,2121,2234,4942,2310,4047,2348,8611,8965,5178,1653,102284,28766,10681,0,6478,11886,2607,118509,791893
2100,13867727,13205,1506,1377,1054,703,2976,18135,4557,697,1859,2703,3556,11813,2225,2344,5209,2434,4243,2464,9056,9426,5438,1742,107599,30326,11235,0,6820,12493,2734,124559,833597
2200,14536012,13909,1579,1436,1102,736,3134,18989,4766,727,1942,2840,3723,12410,2337,2469,5492,2539,4436,2577,9530,9890,5702,1836,112907,31810,11800,0,7158,13135,2837,130640,874979
2300,15205463,14594,1673,1514,1167,770,3286,19904,4993,766,2035,2966,3894,13010,2455,2597,5739,2660,4627,2696,9987,10362,5986,1911,118314,33322,12338,0,7478,13776,2988,136845,916622
2400,15875137,15278,1743,1590,1217,810,3444,20797,5200,799,2129,3099,4074,13611,2568,2724,6007,2775,4826,2813,10416,10837,6257,1993,123702,34826,12857,0,7801,14391,3118,143113,958010
2500,16543982,15924,1816,1660,1277,850,3583,21701,5428,837,2213,3225,4253,14187,2676,2835,6274,2893,5030,2938,10857,11311,6519,2077,128945,36287,13414,0,8138,15000,3253,149268,999585
2600,17213195,16582,1876,1737,1335,883,3748,22598,5656,879,2298,3348,4433,14758,2792,2951,6521,3012,5243,3063,11298,11774,6770,2157,134169,37726,13980,0,8476,15654,3384,155325,1040825
2700,17882257,17224,1952,1815,1382,915,3905,23439,5895,915,2380,3479,4618,15362,2910,3054,6752,3136,5442,3183,11733,12239,7024,2244,139532,39217,14511,0,8784,16257,3510,161411,1081949
2800,18552692,17897,2025,1898,1443,947,4063,24286,6125,945,2470,3624,4772,15968,3003,3171,6998,3257,5641,3301,12152,12700,7287,2330,144816,40712,15022,0,9116,16901,3634,167699,1123509
2900,19222383,18495,2093,1955,1490,977,4217,25150,6333,981,2563,3759,4938,16558,3115,3287,7274,3379,5863,3413,12611,13142,7544,2420,150209,42209,15565,0,9486,17528,3753,173884,1164987
3000,19892503,19139,2157,2024,1541,1009,4362,26074,6573,1011,2654,3889,5105,17163,3224,3401,7529,3497,6065,3509,13079,13588,7791,2500,155462,43716,16131,0,9790,18155,3872,180047,1206623
3100,20561034,19788,2221,2089,1592,1048,4525,26963,6789,1045,2742,4022,5289,17728,3357,3520,7778,3610,6275,3619,13522,14043,8080,2580,160638,45155,16690,0,10127,18847,4006,186112,1248462
3200,21230128,20430,2291,2157,1648,1079,4674,27823,7009,1073,2839,4158,5470,18337,3474,3623,8042,3726,6489,3737,13968,14524,8339,2660,165973,46707,17242,0,10477,19521,4149,192315,1289765
3300,21899656,21090,2371,2229,1692,1109,4821,28685,7230,1107,2919,4280,5637,18911,3567,3745,8292,3836,6709,3860,14408,14985,8587,2740,171414,48212,17776,0,10816,20111,4276,198477,1331419
3400,22569583,21742,2445,2297,1744,1145,4960,29576,7442,1138,3000,4407,5830,19539,3672,3870,8556,3970,6925,3984,14830,15460,8865,2826,176869,49698,18325,0,11161,20753,4411,204526,1373176
3500,23238567,22396,2519,2357,1806,1181,5100,30491,7653,1173,3090,4542,6021,20133,3781,3979,8789,4090,7130,4109,15272,15942,9148,2917,182243,51244,18910,0,11518,21383,4551,210720,1414678
3600,23907191,23059,2595,2430,1870,1216,5240,31402,7864,1199,3178,4666,6204,20725,3893,4090,9058,4215,7318,4237,15759,16404,9398,3011,187614,52736,19467,0,11859,22021,4684,217060,1456300
3700,24577126,23722,2661,2500,1921,1258,5390,32307,8088,1237,3269,4799,6376,21284,4003,4193,9313,4328,7519,4359,16209,16854,9649,3080,193012,54189,20018,0,12188,22649,4807,223238,1497866
3800,25244429,24350,2725,2571,1975,1290,5548,33216,8327,1276,3354,4932,6557,21883,4106,4302,9544,4437,7728,4482,16690,17314,9911,3173,198335,55673,20609,0,12512,23272,4945,229365,1539410
3900,25913615,24986,2807,2636,2022,1332,5689,34141,8544,1314,3451,5070,6742,22419,4222,4412,9813,4567,7941,4602,17159,17772,10146,3248,203721,57149,21131,0,12832,23888,5083,235713,1581134
4000,26582672,25635,2890,2718,2075,1366,5847,35002,8768,1347,3538,5207,6908,23017,4334,4533,10076,4670,8144,4708,17618,18231,10410,3328,208981,58634,21650,0,13152,24503,5222,241745,1622660
4100,27252389,26315,2975,2788,2121,1409,6003,35891,8977,1385,3624,5338,7082,23570,4443,4626,10349,4790,8347,4822,18085,18685,10679,3416,214433,60165,22210,0,13495,25103,5340,247835,1664265
4200,27922212,26942,3058,2851,2167,1445,6151,36737,9189,1423,3700,5471,7260,24166,4549,4744,10609,4907,8531,4962,18521,19168,10945,3489,219740,61622,22756,0,13828,25720,5463,253936,1705962
4300,28591847,27585,3129,2907,2222,1479,6288,37600,9435,1454,3794,5597,7445,24750,4648,4834,10839,5022,8723,5074,18968,19626,11222,3565,225025,63120,23305,0,14183,26396,5593,260127,1747550
4400,29261380,28259,3198,2981,2273,1515,6444,38521,9660,1497,3882,5732,7610,25316,4765,4937,11093,5140,8931,5203,19415,20070,11494,3656,230335,64612,23857,0,14541,27000,5728,266323,1789034
4500,29929340,28937,3273,3049,2323,1545,6582,39461,9880,1533,3975,5858,7795,25861,4867,5040,11335,5252,9125,5314,19854,20518,11751,3740,235513,66097,24403,0,14910,27639,5830,272474,1830657
4600,30597779,29639,3339,3111,2374,1585,6723,40419,10106,1565,4052,6002,7965,26428,4982,5158,11584,5377,9346,5436,20310,20991,11991,3827,240783,67547,24978,0,15251,28283,5963,278623,1872367
4700,31266704,30279,3412,3180,2435,1617,6885,41343,10320,1602,4144,6147,8132,27024,5102,5272,11835,5501,9570,5550,20771,21456,12252,3919,246137,69043,25517,0,15570,28892,6104,284850,1913870
4800,31936134,30943,3493,3244,2482,1650,7036,42200,10536,1640,4223,6291,8313,27621,5207,5372,12073,5616,9779,5671,21213,21920,12532,4009,251387,70460,26047,0,15906,29545,6229,291020,1955519
4900,32604134,31545,3567,3315,2533,1687,7183,43084,10756,1676,4315,6420,8484,28242,5314,5492,12332,5733,9965,5792,21681,22387,12779,4094,256811,71968,26639,0,16264,30133,6359,297206,1997103
5000,33274153,32195,3638,3390,2582,1729,7327,43979,10966,1706,4395,6557,8658,28845,5426,5611,12607,5867,10155,5921,22137,22885,13033,4179,262213,73459,27209,0,16605,30774,6507,303398,2038756
5100,33943085,32871,3705,3465,2639,1766,7474,44926,11185,1738,4487,6686,8861,29426,5536,5730,12847,5992,10351,6033,22604,23354,13292,4255,267554,74975,27791,0,16943,31417,6637,309561,2080278
5200,34611997,33534,3777,3543,2688,1812,7628,45812,11409,1769,4574,6816,9035,29996,5647,5842,13111,6119,10558,6158,23044,23820,13535,4346,272910,76525,28322,0,17296,32079,6747,315798,2121791
5300,35280030,34198,3850,3623,2737,1853,7774,46694,11628,1806,4658,6950,9200,30562,5746,5954,13379,6229,10767,6271,23490,24305,13802,4418,278137,78023,28865,0,17621,32704,6894,321979,2162948
5400,35950329,34861,3927,3685,2789,1887,7923,47634,11847,1844,4756,7084,9391,31153,5847,6072,13642,6344,10975,6381,23942,24746,14085,4491,283482,79498,29380,0,17981,33313,7025,328134,2204725
5500,36620178,35506,4008,3747,2840,1915,8093,48537,12049,1871,4844,7213,9540,31728,5969,6175,13870,6465,11178,6491,24387,25232,14352,4576,288880,81022,29962,0,18330,33925,7171,334225,2246352
5600,37289751,36118,4080,3825,2891,1948,8242,49432,12286,1913,4932,7347,9705,32325,6076,6309,14126,6591,11382,6629,24880,25677,14627,4671,294207,82540,30492,0,18681,34560,7294,340343,2287943
5700,37957943,36722,4151,3888,2952,1981,8376,50323,12515,1943,5023,7479,9902,32915,6181,6418,14368,6709,11580,6751,25302,26144,14886,4747,299478,83980,31023,0,19020,35179,7414,346522,2329167
5800,38625942,37374,4227,3959,2999,2011,8524,51168,12741,1971,5120,7599,10073,33486,6299,6517,14654,6834,11782,6865,25743,26610,15145,4832,304838,85448,31587,0,19345,35827,7545,352685,2370746
5900,39295945,38058,4294,4028,3048,2048,8669,52040,12983,1998,5202,7745,10260,34042,6416,6619,14908,6939,11982,6994,26173,27064,15422,4924,310113,86925,32125,0,19673,36421,7703,358779,2412240
6000,39964125,38682,4375,4112,3103,2076,8832,52947,13194,2027,5276,7873,10445,34622,6532,6734,15159,7053,12191,7119,26610,27546,15667,5013,315349,88468,32693,0,20005,37059,7815,365015,2453554
6100,40633194,39341,4446,4177,3146,2113,8972,53840,13391,2055,5384,8003,10613,35161,6636,6840,15389,7183,12382,7256,27062,27996,15916,5082,320800,89976,33204,0,20348,37700,7938,371148,2495182
6200,41302462,39985,4516,4255,3208,2145,9122,54732,13590,2083,5465,8132,10805,35736,6747,6955,15637,7315,12597,7366,27512,28486,16173,5174,326219,91441,33751,0,20705,38352,8070,377150,2536686
6300,41972537,40671,4582,4321,3257,2179,9265,55599,13820,2118,5556,8284,10986,36298,6876,7066,15930,7428,12808,7485,27970,28933,16434,5259,331515,92918,34315,0,21029,38965,8190,383370,2578498
6400,42642648,41307,4653,4402,3309,2214,9422,56451,14031,2146,5641,8415,11167,36911,6983,7184,16178,7544,12999,7589,28428,29434,16712,5333,336917,94426,34883,0,21357,39566,8321,389730,2619778
6500,43311684,41983,4718,4468,3357,2240,9583,57321,14253,2184,5731,8556,11348,37498,7100,7297,16448,7656,13198,7716,28906,29885,16991,5437,342154,95923,35403,0,21712,40194,8475,395860,2661452
6600,43980806,42605,4795,4531,3415,2278,9738,58182,14461,2220,5826,8684,11527,38084,7209,7408,16702,7779,13403,7822,29343,30329,17254,5527,347410,97406,35940,0,22064,40812,8604,401946,2702894
6700,44649638,43289,4871,4597,3454,2316,9885,59076,14688,2256,5906,8817,11735,38688,7315,7519,16976,7907,13616,7937,29800,30783,17515,5611,352640,98886,36491,0,22399,41431,8724,408118,2744495
6800,45317803,43903,4940,4672,3502,2356,10027,59963,14903,2292,5985,8961,11940,39230,7423,7649,17225,8021,13808,8057,30235,31253,17801,5704,357918,100409,37023,0,22753,42047,8859,414238,2785937
6900,45986207,44548,5017,4739,3555,2384,10163,60869,15110,2322,6062,9090,12135,39818,7528,7780,17470,8149,14022,8171,30709,31721,18088,5790,363274,101934,37572,0,23109,42702,8976,420410,2827250
7000,46655257,45227,5094,4796,3614,2420,10315,61707,15308,2355,6138,9216,12307,40408,7653,7906,17726,8251,14210,8288,31160,32216,18360,5868,368577,103382,38106,0,23435,43334,9110,426502,2868529
7100,47326565,45898,5179,4858,3672,2459,10458,62577,15527,2404,6228,9337,12487,41024,7759,8017,17957,8355,14406,8397,31621,32681,18615,5948,373942,104858,38643,0,23749,43962,9244,432640,2910075
7200,47997604,46550,5257,4923,3720,2494,10604,63472,15748,2442,6318,9481,12664,41631,7866,8130,18184,8479,14607,8514,32027,33102,18876,6040,379218,106360,39193,0,24091,44598,9395,438792,2951627
7300,48666972,47181,5334,4996,3771,2525,10756,64355,15955,2469,6388,9615,12852,42212,7967,8255,18414,8610,14797,8636,32475,33581,19145,6132,384589,107861,39757,0,24449,45195,9544,444945,2993337
7400,49337433,47839,5403,5062,3814,2559,10886,65217,16174,2496,6467,9739,13032,42789,8081,8367,18680,8740,15008,8770,32920,34030,19409,6213,389954,109288,40271,0,24790,45839,9679,451113,3035118
7500,50007205,48492,5475,5134,3867,2594,11027,66111,16406,2527,6549,9858,13205,43403,8201,8469,18954,8852,15190,8887,33386,34477,19695,6296,395365,110846,40800,0,25132,46481,9815,457252,3076762
7600,50675230,49169,5555,5199,3922,2627,11173,67014,16614,2559,6636,9995,13371,43985,8314,8591,19227,8965,15377,9002,33839,34933,19961,6386,400639,112371,41344,0,25469,47119,9932,463558,3118369
7700,51343939,49859,5626,5273,3975,2666,11321,67863,16858,2597,6721,10134,13570,44554,8422,8718,19490,9088,15574,9120,34260,35403,20220,6473,405873,113913,41872,0,25848,47759,10065,469778,3160000
7800,52012296,50469,5707,5337,4023,2709,11467,68727,17066,2620,6809,10264,13758,45154,8535,8839,19747,9194,15787,9225,34725,35870,20485,6561,411204,115407,42457,0,26171,48403,10209,475958,3201270
7900,52680974,51115,5786,5417,4088,2751,11613,69645,17289,2661,6900,10396,13937,45754,8645,8955,20011,9301,15998,9339,35201,36340,20740,6656,416589,116909,43023,0,26518,49047,10338,481973,3242468
8000,53349249,51756,5864,5492,4131,2787,11751,70534,17531,2693,6995,10532,14124,46345,8761,9071,20281,9416,16202,9465,35655,36784,20996,6746,421851,118444,43606,0,26872,49671,10462,488191,3284300
8100,54018642,52448,5942,5571,4182,2817,11889,71455,17745,2729,7088,10674,14301,46947,8853,9192,20534,9530,16426,9586,36104,37263,21275,6826,427219,119924,44152,0,27232,50244,10601,494415,3325646
8200,54687722,53080,6018,5639,4235,2843,12035,72374,17961,2762,7170,10796,14482,47489,8964,9312,20794,9642,16621,9715,36557,37712,21555,6915,432539,121418,44748,0,27592,50859,10731,500509,3367024
8300,55357825,53733,6103,5719,4289,2878,12170,73257,18184,2799,7250,10921,14652,48063,9080,9417,21071,9760,16858,9855,36997,38204,21804,7002,437935,122890,45293,0,27949,51521,10859,506793,3408779
8400,56026711,54385,6179,5789,4337,2913,12315,74158,18422,2835,7352,11058,14837,48617,9199,9524,21342,9870,17064,9963,37450,38649,22061,7079,443247,124424,45833,0,28289,52189,10968,512890,3450127
8500,56696350,55019,6255,5864,4392,2949,12456,75058,18617,2873,7429,11181,15000,49195,9307,9633,21609,9977,17265,10075,37914,39144,22343,7157,448523,125894,46401,0,28634,52787,11104,519166,3491788
8600,57365636,55663,6323,5926,4440,2984,12599,75883,18842,2908,7510,11304,15181,49751,9411,9755,21855,10110,17462,10194,38334,39608,22590,7230,453849,127338,46971,0,28968,53402,11235,525286,3533510
8700,58036387,56344,6400,5987,4493,3025,12745,76799,19056,2945,7601,11455,15359,50314,9517,9860,22105,10225,17675,10333,38789,40067,22854,7309,459219,128859,47500,0,29328,54041,11360,531651,3575039
8800,58705506,57040,6468,6055,4548,3065,12899,77704,19276,2987,7681,11596,15558,50884,9633,9971,22359,10345,17864,10442,39226,40523,23106,7398,464556,130382,48067,0,29672,54690,11478,537826,3616823
8900,59374852,57714,6532,6127,4595,3090,13044,78581,19500,3020,7778,11721,15760,51462,9749,10085,22616,10468,18071,10563,39680,40968,23372,7485,469790,131883,48639,0,30031,55275,11607,543868,3658438
9000,60044276,58395,6602,6197,4656,3129,13208,79452,19727,3060,7866,11846,15923,52056,9871,10203,22892,10590,18273,10667,40119,41397,23640,7573,475160,133362,49196,0,30392,55923,11723,549960,3700235
9100,60713193,59031,6664,6269,4711,3163,13339,80333,19956,3089,7940,11979,16083,52668,9969,10303,23163,10720,18497,10798,40580,41877,23904,7662,480423,134829,49776,0,30736,56568,11849,556209,3741718
9200,61382801,59703,6737,6340,4761,3201,13490,81196,20174,3122,8034,12101,16258,53253,10089,10422,23408,10833,18677,10916,41036,42326,24143,7747,485808,136391,50340,0,31089,57230,11984,562416,3783236
9300,62053021,60329,6815,6418,4817,3231,13631,82122,20397,3166,8110,12238,16457,53851,10199,10542,23662,10953,18894,11036,41509,42802,24402,7833,491247,137905,50907,0,31423,57837,12104,568587,3825133
9400,62722800,60981,6885,6491,4866,3272,13790,83005,20616,3202,8211,12366,16639,54413,10323,10657,23892,11056,19100,11142,41962,43267,24663,7918,496673,139388,51471,0,31755,58492,12221,574762,3866679
9500,63391697,61635,6948,6558,4916,3313,13933,83851,20817,3234,8290,12487,16834,54978,10430,10760,24147,11174,19300,11284,42417,43738,24928,8008,501921,140939,52032,0,32103,59097,12363,580896,3907957
9600,64060738,62330,7014,6629,4960,3347,14080,84763,21033,3271,8360,12630,17008,55573,10543,10874,24385,11287,19497,11399,42867,44227,25188,8090,507226,142421,52599,0,32471,59710,12485,586946,3949637
9700,64730115,63026,7094,6689,5016,3377,14225,85674,21257,3306,8447,12760,17186,56220,10665,10980,24641,11404,19711,11528,43327,44695,25443,8163,512560,143960,53179,0,32795,60336,12618,593014,3991221
9800,65398730,63680,7167,6756,5074,3409,14365,86572,21494,3340,8532,12881,17351,56811,10779,11090,24895,11514,19940,11658,43796,45153,25701,8251,517848,145471,53757,0,33140,60977,12745,599160,4032740
9900,66067026,64296,7241,6833,5120,3440,14501,87419,21721,3375,8617,13008,17513,57354,10894,11202,25151,11641,20135,11785,44245,45587,25972,8344,523153,147004,54303,0,33481,61646,12860,605375,4074342
10000,66734723,64955,7312,6900,5177,3473,14647,88262,21947,3412,8707,13151,17687,57931,11004,11309,25403,11755,20346,11904,44698,46043,26236,8427,528430,148562,54852,0,33857,62262,12980,611612,4115642
10100,67404796,65637,7377,6975,5222,3509,14795,89109,22186,3445,8788,13301,17860,58529,11115,11418,25673,11887,20562,12024,45137,46527,26502,8511,533754,150021,55417,0,34196,62861,13107,617849,4156967
10200,68073053,66271,7456,7042,5268,3536,14938,89990,22411,3475,8878,13436,18046,59083,11230,11528,25936,12011,20761,12151,45588,47006,26792,8603,539052,151561,55959,0,34541,63512,13235,624006,4198470
10300,68742921,66975,7523,7109,5317,3573,15095,90859,22630,3506,8961,13571,18223,59673,11340,11646,26216,12128,20978,12270,46030,47458,27035,8678,544384,153094,56509,0,34879,64156,13363,630154,4239853
10400,69412137,67633,7583,7182,5364,3615,15231,91783,22864,3546,9058,13697,18380,60225,11458,11764,26496,12250,21187,12385,46464,47944,27284,8766,549684,154616,57076,0,35228,64740,13485,636452,4281325
10500,70081729,68267,7668,7250,5420,3654,15377,92710,23077,3586,9136,13818,18557,60814,11565,11874,26740,12355,21408,12504,46911,48394,27538,8860,554975,156135,57637,0,35577,65377,13619,642530,4322768
10600,70751362,68878,7740,7327,5473,3687,15530,93644,23296,3623,9223,13940,18730,61395,11663,11989,26981,12467,21610,12635,47338,48853,27792,8944,560271,157656,58152,0,35941,65985,13738,648633,4364231
10700,71420322,69555,7819,7405,5525,3723,15671,94484,23504,3651,9306,14062,18887,61975,11772,12109,27235,12580,21832,12768,47795,49299,28063,9016,565614,159179,58711,0,36287,66593,13874,654882,4406073
10800,72090152,70220,7891,7471,5572,3759,15815,95372,23701,3686,9394,14211,19057,62538,11865,12219,27489,12711,22070,12884,48228,49757,28341,9096,570904,160700,59253,0,36619,67196,14011,661091,4447602
10900,72759159,70889,7978,7537,5618,3793,15950,96276,23934,3714,9477,14333,19230,63123,11962,12331,27756,12821,22280,12999,48683,50208,28597,9184,576266,162189,59799,0,36969,67816,14139,667434,4489213
11000,73429186,71534,8050,7613,5668,3825,16090,97188,24154,3743,9570,14477,19404,63699,12087,12437,28011,12942,22483,13118,49109,50679,28871,9277,581600,163688,60346,0,37281,68464,14272,673725,4530959
11100,74098037,72228,8125,7675,5720,3855,16225,98109,24392,3779,9656,14610,19599,64269,12200,12542,28269,13050,22691,13240,49563,51149,29136,9361,586926,165189,60927,0,37610,69094,14416,679906,4572694
11200,74767755,72874,8209,7766,5780,3900,16360,98999,24618,3803,9754,14749,19745,64839,12318,12660,28529,13173,22892,13358,50002,51612,29409,9446,592310,166693,61475,0,37938,69728,14536,686092,4614308
11300,75436344,73529,8283,7828,5840,3924,16506,99882,24829,3840,9845,14891,19916,65409,12423,12762,28778,13277,23091,13482,50465,52057,29660,9533,597585,168225,61994,0,38248,70381,14672,692184,4656026
11400,76105810,74162,8357,7898,5895,3953,16649,100747,25058,3881,9917,15027,20086,65963,12546,12879,29038,13410,23294,13603,50913,52549,29921,9633,602953,169736,62562,0,38564,70988,14815,698440,4697541
11500,76775241,74820,8428,7965,5942,3989,16785,101637,25262,3913,9996,15171,20263,66515,12651,13000,29310,13530,23529,13714,51384,53013,30186,9708,608236,171247,63080,0,38899,71573,14949,704599,4738956
11600,77444925,75464,8498,8022,6003,4020,16942,102513,25480,3946,10097,15306,20433,67119,12774,13107,29552,13641,23739,13823,51828,53502,30442,9791,613509,172742,63645,0,39246,72188,15066,710713,4780410
11700,78113735,76116,8580,8089,6049,4064,17090,103414,25706,3977,10188,15444,20598,67707,12883,13223,29805,13763,23943,13955,52304,53965,30687,9877,618684,174219,64184,0,39616,72860,15200,716860,4821675
11800,78783746,76786,8654,8151,6104,4104,17239,104275,25923,4011,10276,15596,20744,68288,13006,13347,30048,13880,24155,14085,52737,54459,30927,9964,624002,175781,64707,0,39962,73475,15317,723040,4863137
11900,79452451,77449,8724,8233,6158,4136,17372,105141,26134,4044,10360,15731,20937,68871,13132,13459,30326,14003,24371,14203,53187,54932,31190,10054,629332,177287,65265,0,40277,74090,15454,729177,4904674
12000,80121304,78102,8795,8307,6200,4165,17506,106043,26338,4077,10444,15849,21127,69504,13251,13576,30591,14118,24565,14327,53654,55425,31454,10133,634599,178757,65807,0,40628,74723,15595,735252,4946322
12100,80791294,78745,8873,8369,6258,4196,17660,106867,26564,4112,10537,15973,21306,70079,13360,13685,30854,14228,24773,14453,54125,55884,31718,10216,639955,180261,66340,0,40953,75355,15726,741362,4988038
12200,81460505,79438,8953,8453,6318,4229,17787,107761,26778,4148,10622,16111,21465,70662,13479,13804,31110,14346,24992,14562,54549,56338,32015,10305,645262,181819,66884,0,41336,75969,15869,747428,5029298
12300,82129109,80065,9043,8518,6358,4263,17937,108664,26979,4185,10708,16253,21651,71240,13604,13918,31361,14464,25186,14698,54994,56814,32283,10393,650627,183322,67450,0,41674,76581,15998,753573,5070867
12400,82798012,80709,9110,8578,6410,4293,18087,109552,27202,4223,10804,16379,21839,71843,13715,14027,31605,14585,25396,14820,55405,57272,32542,10486,655933,184807,67984,0,42018,77178,16123,759662,5112548
12500,83468467,81363,9183,8637,6454,4326,18227,110463,27434,4256,10911,16515,22018,72432,13835,14137,31894,14697,25606,14947,55868,57760,32810,10576,661194,186321,68549,0,42348,77794,16235,765786,5153779
12600,84138592,82001,9251,8703,6500,4359,18382,111366,27653,4294,10996,16647,22216,72991,13952,14255,32170,14812,25822,15066,56304,58251,33068,10664,666407,187840,69085,0,42696,78428,16366,771928,5195364
12700,84809244,82634,9319,8767,6547,4387,18538,112240,27886,4325,11090,16766,22398,73561,14065,14368,32435,14915,26048,15187,56727,58734,33330,10746,671736,189389,69624,0,43021,79110,16509,778081,5236648
12800,85479435,83317,9397,8843,6604,4413,18681,113123,28091,4354,11179,16895,22563,74137,14176,14488,32695,15042,26235,15315,57181,59222,33584,10828,676987,190904,70157,0,43365,79764,16640,784155,5278474
12900,86148032,83973,9468,8902,6658,4443,18818,114061,28303,4389,11267,17003,22727,74731,14289,14611,32944,15171,26468,15426,57634,59687,33826,10921,682374,192377,70719,0,43711,80355,16785,790296,5320471
13000,86818823,84629,9546,8980,6721,4475,18973,114949,28533,4429,11354,17124,22897,75328,14394,14723,33207,15284,26688,15556,58074,60153,34087,11019,687577,193929,71259,0,44056,80967,16905,796465,5361993
13100,87489566,85274,9619,9050,6775,4513,19106,115863,28748,4463,11453,17233,23097,75934,14508,14842,33461,15406,26891,15675,58552,60628,34331,11106,692829,195370,71804,0,44401,81624,17046,802682,5403616
13200,88158803,86016,9694,9121,6825,4552,19262,116739,28979,4502,11546,17359,23279,76531,14620,14967,33717,15536,27082,15801,58987,61091,34584,11187,698181,196885,72317,0,44739,82269,17174,808806,5445248
13300,88828637,86625,9773,9191,6876,4598,19425,117666,29205,4535,11629,17474,23459,77087,14733,15071,33956,15656,27315,15930,59430,61572,34848,11283,703645,198422,72877,0,45088,82921,17296,814839,5486865
13400,89497679,87299,9852,9267,6932,4624,19575,118549,29444,4566,11706,17617,23644,77683,14825,15179,34227,15772,27532,16050,59878,62031,35122,11377,708900,199924,73455,0,45396,83503,17422,820938,5528415
13500,90165971,87959,9906,9326,6994,4661,19715,119482,29651,4598,11778,17742,23808,78289,14941,15290,34504,15879,27736,16163,60316,62510,35380,11460,714241,201414,73994,0,45748,84089,17561,827134,5570446
13600,90834206,88612,9977,9397,7059,4701,19854,120391,29864,4637,11850,17878,23984,78857,15062,15390,34752,15982,27943,16284,60744,62977,35660,11540,719639,202858,74531,0,46092,84732,17686,833214,5611761
13700,91502043,89253,10050,9476,7110,4739,20011,121296,30081,4669,11934,18019,24143,79437,15180,15504,35021,16100,28164,16401,61211,63438,35907,11617,724911,204363,75059,0,46438,85338,17820,839434,5653211
13800,92171078,89942,10121,9547,7165,4774,20172,122219,30287,4695,12022,18143,24329,80064,15283,15629,35274,16220,28377,16532,61643,63915,36164,11708,730165,205839,75617,0,46763,85980,17947,845631,5694644
13900,92841357,90591,10209,9616,7241,4810,20321,123153,30508,4727,12111,18268,24515,80664,15390,15733,35533,16326,28576,16666,62089,64359,36437,11789,735550,207372,76193,0,47094,86616,18065,851716,5736379
14000,93511714,91242,10286,9680,7291,4846,20465,124066,30728,4758,12192,18408,24693,81248,15505,15844,35783,16453,28781,16794,62545,64820,36705,11891,740796,208907,76752,0,47429,87237,18195,857958,5777997
14100,94180772,91859,10373,9758,7346,4878,20610,124976,30933,4784,12272,18524,24855,81834,15622,15952,36028,16573,28963,16922,63004,65283,36977,11963,746070,210396,77317,0,47761,87886,18322,864121,5819475
14200,94849215,92486,10444,9822,7397,4909,20760,125904,31139,4820,12360,18675,25038,82447,15728,16064,36259,16696,29157,17043,63461,65754,37244,12036,751377,211915,77890,0,48107,88508,18453,870304,5861055
14300,95516865,93124,10517,9882,7449,4935,20911,126815,31363,4846,12438,18798,25198,83054,15839,16195,36493,16828,29382,17168,63912,66212,37499,12123,756696,213441,78425,0,48443,89146,18587,876416,5902716
14400,96186537,93779,10583,9950,7499,4963,21051,127739,31595,4880,12518,18946,25354,83619,15966,16312,36753,16946,29572,17283,64359,66656,37744,12207,762030,214946,78962,0,48814,89787,18704,882586,5944373
14500,96854995,94425,10656,10023,7555,5004,21189,128638,31802,4903,12603,19076,25540,84189,16095,16421,37012,17071,29797,17398,64807,67124,37994,12300,767289,216443,79500,0,49164,90431,18820,888597,5986201
14600,97525790,95065,10719,10089,7611,5041,21339,129570,32009,4942,12690,19217,25714,84773,16207,16535,37250,17204,29993,17519,65246,67577,38266,12377,772570,217985,80051,0,49489,91043,18953,894696,6027855
14700,98194998,95742,10806,10156,7671,5078,21486,130517,32233,4975,12790,19346,25890,85380,16319,16640,37497,17331,30195,17637,65716,68090,38525,12464,777904,219526,80570,0,49850,91693,19088,900864,6069636
14800,98865707,96352,10884,10222,7726,5118,21631,131396,32466,5009,12889,19485,26045,85953,16424,16760,37736,17449,30392,17762,66172,68553,38805,12551,783221,221004,81149,0,50202,92299,19215,906909,6111377
14900,99535681,97010,10961,10283,7779,5145,21791,132324,32677,5046,12972,19616,26220,86520,16544,16867,37977,17563,30620,17880,66616,69033,39094,12642,788516,222539,81724,0,50549,92903,19350,913149,6153128
15000,100203614,97645,11038,10347,7832,5175,21929,133229,32898,5071,13045,19742,26396,87106,16650,16965,38232,17677,30824,18004,67059,69508,39364,12737,793930,224071,82264,0,50892,93542,19495,919362,6195067
15100,100872364,98324,11113,10412,7883,5216,22074,134095,33125,5105,13129,19881,26591,87682,16765,17098,38474,17795,31051,18119,67497,69965,39633,12828,799279,225564,82841,0,51235,94149,19632,925453,6236628
15200,101540911,98998,11192,10470,7935,5250,22235,135007,33355,5130,13207,20011,26780,88259,16874,17206,38726,17910,31251,18235,67932,70406,39901,12916,804615,227069,83376,0,51596,94737,19770,931596,6278023
15300,102210516,99607,11257,10538,7981,5290,22374,135913,33580,5168,13291,20151,26954,88818,16993,17309,39011,18042,31461,18357,68377,70878,40159,12997,809810,228522,83923,0,51932,95363,19901,937802,6319584
15400,102880345,100255,11325,10597,8043,5330,22519,136790,33781,5205,13370,20274,27145,89386,17108,17431,39275,18150,31659,18482,68824,71328,40425,13081,815167,230025,84453,0,52301,95982,20039,944038,6360971
15500,103551283,100935,11410,10655,8081,5372,22661,137621,34001,5243,13452,20411,27327,89972,17222,17542,39519,18260,31884,18605,69263,71776,40669,13178,820511,231486,85000,0,52663,96598,20176,950176,6402669
15600,104219972,101614,11481,10727,8128,5410,22807,138491,34222,5277,13544,20540,27504,90545,17336,17660,39787,18394,32080,18713,69694,72253,40902,13261,825838,232985,85560,0,53015,97210,20307,956342,6444230
15700,104888646,102303,11557,10792,8181,5441,22944,139378,34445,5310,13627,20667,27689,91106,17453,17766,40027,18528,32300,18821,70152,72707,41189,13358,831137,234488,86137,0,53385,97850,20441,962456,6485822
15800,105557177,102945,11627,10868,8236,5479,23075,140230,34657,5342,13713,20794,27880,91670,17563,17886,40273,18656,32532,18962,70611,73171,41445,13432,836511,235980,86690,0,53747,98495,20584,968670,6527206
15900,106225529,103567,11705,10935,8279,5513,23218,141147,34844,5380,13807,20925,28052,92295,17677,17992,40554,18777,32738,19090,71069,73640,41719,13521,841810,237506,87213,0,54070,99167,20714,974854,6568923
16000,106894107,104222,11782,10994,8334,5544,23365,142000,35071,5415,13894,21060,28242,92850,17789,18096,40820,18908,32953,19209,71515,74110,41978,13612,847093,239039,87768,0,54435,99805,20856,980952,6610139
16100,107562711,104904,11845,11069,8381,5578,23498,142859,35280,5462,13982,21177,28429,93403,17901,18215,41060,19016,33159,19332,71937,74557,42228,13706,852344,240566,88316,0,54782,100448,20991,987158,6651580
16200,108231577,105591,11922,11144,8433,5608,23647,143703,35489,5502,14058,21310,28603,94010,18002,18337,41307,19125,33348,19446,72398,75045,42476,13792,857701,242060,88860,0,55138,101072,21142,993346,6693310
16300,108901307,106232,11992,11218,8489,5637,23789,144557,35723,5541,14140,21457,28783,94574,18133,18457,41588,19234,33547,19560,72829,75516,42729,13884,862901,243552,89392,0,55456,101684,21289,999541,6734895
16400,109571701,106893,12068,11286,8539,5671,23936,145446,35951,5574,14228,21587,28962,95212,18245,18564,41850,19343,33752,19686,73283,75993,42990,13974,868248,245061,89944,0,55814,102327,21429,1005713,6776541
16500,110239511,107563,12138,11359,8597,5714,24068,146360,36185,5608,14314,21716,29122,95767,18355,18668,42100,19470,33965,19810,73716,76448,43242,14063,873645,246607,90495,0,56149,102933,21557,1011882,6818101
16600,110908689,108212,12213,11422,8644,5750,24199,147275,36411,5638,14400,21852,29279,96336,18454,18781,42335,19590,34180,19934,74178,76922,43498,14157,879017,248094,91040,0,56475,103553,21680,1017989,6859713
16700,111577907,108851,12278,11488,8685,5786,24342,148165,36615,5669,14475,21982,29447,96918,18574,18897,42602,19709,34381,20052,74666,77391,43753,14229,884278,249598,91609,0,56812,104177,21819,1024202,6901062
16800,112247541,109502,12349,11550,8729,5813,24497,149103,36835,5698,14574,22118,29621,97488,18679,18999,42864,19823,34587,20174,75122,77859,44006,14315,889627,251076,92147,0,57167,104830,21954,1030309,6942521
16900,112916964,110137,12421,11622,8779,5854,24649,150042,37052,5732,14675,22249,29798,98097,18782,19108,43113,19933,34803,20300,75538,78327,44262,14401,894894,252584,92719,0,57545,105483,22070,1036451,6983929
17000,113586403,110801,12497,11682,8834,5883,24810,150913,37272,5765,14761,22377,29960,98674,18895,19243,43356,20063,35002,20408,75973,78810,44526,14487,900197,254044,93254,0,57913,106131,22196,1042726,7025746
17100,114256708,111484,12587,11751,8881,5923,24954,151813,37509,5797,14849,22511,30129,99225,19015,19356,43602,20184,35194,20530,76400,79289,44769,14576,905637,255603,93796,0,58231,106767,22341,1048847,7067244
17200,114925645,112170,12665,11812,8929,5954,25099,152687,37727,5822,14944,22646,30305,99793,19127,19471,43850,20302,35402,20634,76849,79756,45032,14646,911038,257130,94295,0,58573,107387,22480,1054942,7109172
17300,115594362,112816,12740,11873,8974,5992,25242,153620,37959,5854,15025,22784,30477,100382,19233,19593,44119,20425,35620,20753,77297,80209,45274,14722,916383,258642,94840,0,58910,108023,22612,1061036,7150820
17400,116262980,113486,12815,11939,9024,6030,25386,154490,38198,5893,15110,22911,30653,100934,19358,19712,44402,20554,35842,20898,77785,80690,45551,14805,921770,260150,95412,0,59241,108621,22733,1067230,7192370
17500,116933103,114129,12890,12013,9073,6061,25535,155396,38426,5926,15193,23054,30830,101515,19460,19827,44646,20669,36045,21015,78231,81149,45834,14886,927136,261651,95907,0,59602,109238,22859,1073448,7233840
17600,117603145,114790,12959,12081,9135,6100,25672,156292,38652,5965,15270,23184,30999,102102,19565,19952,44921,20776,36245,21133,78672,81594,46105,14968,932523,263174,96469,0,59934,109842,23005,1079613,7275521
17700,118272305,115456,13032,12154,9190,6134,25805,157146,38870,6001,15368,23313,31172,102680,19684,20071,45194,20899,36445,21249,79114,82039,46382,15052,937858,264671,97031,0,60278,110462,23145,1085842,7317067
17800,118941548,116063,13102,12216,9244,6170,25950,158052,39077,6025,15444,23447,31358,103265,19806,20179,45443,21024,36657,21363,79589,82499,46632,15140,943190,266156,97584,0,60654,111071,23267,1092024,7358628
17900,119610367,116730,13166,12286,9301,6202,26103,158963,39289,6060,15549,23582,31535,103860,19923,20290,45687,21150,36857,21490,80053,82978,46920,15224,948525,267644,98124,0,60990,111626,23378,1098202,7399824
18000,120280281,117410,13230,12354,9358,6235,26250,159864,39500,6087,15640,23722,31720,104499,20025,20397,45942,21274,37059,21599,80517,83443,47192,15302,953856,269174,98658,0,61316,112298,23510,1104284,7441661
18100,120950306,118065,13308,12423,9431,6271,26397,160793,39726,6126,15726,23855,31908,105072,20113,20503,46204,21400,37260,21708,80959,83930,47456,15395,959228,270643,99210,0,61668,112901,23648,1110323,7483196
18200,121620393,118702,13390,12483,9478,6308,26541,161671,39944,6167,15797,23983,32068,105612,20253,20616,46481,21512,37473,21825,81398,84396,47696,15485,964551,272152,99764,0,62024,113550,23779,1116405,7524403
18300,122289555,119346,13476,12558,9535,6346,26702,162513,40148,6202,15896,24113,32274,106208,20372,20730,46747,21631,37686,21950,81865,84867,47943,15558,969806,273574,100328,0,62324,114171,23883,1122595,7565585
18400,122959453,119986,13545,12619,9579,6381,26842,163392,40369,6234,15981,24249,32454,106793,20481,20839,46995,21745,37906,22064,82302,85344,48174,15652,975024,275084,100855,0,62659,114802,24032,1128781,7606996
18500,123629242,120626,13631,12688,9635,6411,26991,164272,40570,6264,16072,24375,32634,107363,20588,20951,47238,21861,38110,22184,82761,85783,48440,15743,980259,276594,101366,0,62968,115436,24146,1135078,7648618
18600,124298324,121257,13705,12760,9678,6438,27141,165138,40794,6305,16156,24539,32812,107949,20711,21056,47457,21977,38315,22302,83198,86277,48683,15825,985663,278101,101906,0,63332,116093,24289,1141251,7690221
18700,124968936,121913,13775,12823,9734,6471,27282,166057,41017,6339,16238,24680,33004,108534,20831,21176,47707,22089,38520,22420,83626,86743,48948,15911,990928,279614,102468,0,63639,116723,24409,1147441,7732284
18800,125638875,122561,13853,12895,9784,6501,27418,166967,41213,6380,16323,24817,33181,109141,20932,21284,47988,22196,38703,22546,84087,87188,49201,16007,996249,281140,102998,0,63994,117398,24542,1153659,7773494
18900,126309302,123235,13938,12965,9845,6534,27567,167859,41438,6416,16415,24939,33351,109723,21038,21400,48228,22311,38902,22658,84524,87652,49486,16094,1001519,282708,103541,0,64355,118039,24667,1159837,7814964
19000,126979287,123856,14015,13032,9894,6567,27708,168805,41677,6445,16500,25073,33538,110284,21148,21501,48490,22444,39091,22786,84971,88123,49746,16190,1006893,284198,104080,0,64686,118701,24794,1166046,7856700
19100,127648257,124543,14088,13107,9952,6602,27859,169684,41887,6473,16584,25199,33725,110858,21267,21613,48736,22573,39298,22907,85433,88581,50029,16262,1012193,285695,104651,0,65033,119321,24942,1172216,7898395
19200,128315600,125220,14156,13175,10003,6647,28007,170608,42096,6508,16671,25324,33888,111442,21379,21721,48985,22693,39492,23028,85900,89061,50322,16345,1017641,287154,105221,0,65356,119936,25056,1178452,7939944
19300,128984852,125855,14209,13241,10060,6682,28161,171513,42313,6545,16763,25452,34086,112022,21493,21825,49240,22796,39701,23166,86343,89542,50567,16432,1023056,288681,105739,0,65696,120583,25210,1184509,7981264
19400,129654232,126499,14282,13316,10124,6712,28305,172436,42520,6581,16850,25576,34268,112618,21600,21933,49494,22929,39899,23291,86796,90017,50840,16515,1028306,290217,106275,0,66049,121249,25348,1190671,8022692
19500,130324046,127147,14352,13381,10174,6747,28445,173343,42760,6619,16935,25714,34439,113219,21705,22043,49749,23034,40109,23408,87257,90455,51073,16594,1033671,291676,106825,0,66390,121889,25476,1196745,8064283
19600,130994568,127828,14418,13443,10227,6779,28586,174225,42984,6653,17016,25845,34608,113797,21822,22161,50008,23150,40340,23524,87696,90944,51328,16678,1039025,293157,107355,0,66708,122521,25608,1202927,8106122
19700,131663631,128474,14486,13506,10294,6811,28722,175142,43190,6690,17095,25975,34785,114383,21940,22276,50272,23256,40556,23637,88160,91409,51588,16758,1044398,294750,107901,0,67020,123116,25728,1208901,8147664
19800,132333246,129130,14572,13578,10346,6844,28879,176027,43410,6728,17178,26105,34969,114991,22050,22391,50522,23368,40759,23759,88611,91889,51854,16840,1049637,296249,108471,0,67349,123718,25853,1215092,8189529
19900,133001927,129800,14635,13648,10395,6874,29023,176947,43638,6756,17260,26241,35139,115575,22164,22516,50753,23477,40976,23871,89061,92345,52106,16935,1054873,297775,108997,0,67683,124354,25989,1221421,8231308
20000,133671704,130446,14714,13728,10451,6904,29176,177852,43879,6791,17347,26374,35324,116140,22277,22636,51009,23599,41186,24000,89498,92824,52349,17029,1060179,299255,109547,0,68036,124962,26112,1227626,8273002
20100,134341103,131079,14777,13794,10502,6935,29329,178736,44098,6830,17440,26495,35502,116667,22398,22744,51297,23724,41390,24122,89960,93270,52612,17120,1065501,300813,110082,0,68376,125589,26259,1233842,8314703
20200,135010489,131734,14855,13866,10566,6967,29479,179638,44317,6868,17522,26629,35684,117252,22514,22862,51562,23848,41587,24231,90415,93759,52881,17209,1070870,302333,110625,0,68707,126251,26388,1240043,8356091
20300,135679179,132404,14919,13935,10622,7003,29632,180581,44547,6902,17620,26775,35874,117840,22621,22985,51820,23969,41792,24360,90870,94198,53154,17297,1076205,303833,111139,0,69048,126889,26529,1246085,8397459
20400,136347593,133085,14997,14006,10668,7039,29780,181471,44771,6937,17709,26905,36041,118411,22735,23101,52087,24100,41989,24481,91310,94616,53396,17385,1081636,305361,111680,0,69377,127489,26647,1252326,8438911
20500,137017826,133745,15061,14074,10711,7067,29928,182341,45006,6963,17795,27053,36209,118993,22852,23213,52354,24210,42205,24610,91767,95072,53662,17475,1086841,306887,112263,0,69719,128145,26773,1258458,8480515
20600,137686238,134390,15135,14148,10751,7109,30074,183253,45212,6997,17882,27180,36381,119583,22970,23315,52625,24317,42406,24734,92190,95526,53926,17561,1092134,308412,112813,0,70047,128771,26908,1264732,8521981
20700,138356153,135014,15202,14219,10808,7153,30232,184152,45437,7031,17976,27325,36575,120140,23088,23424,52861,24433,42603,24845,92643,95952,54186,17653,1097550,309926,113379,0,70391,129417,27033,1270813,8563571
20800,139024939,135668,15277,14293,10856,7189,30377,185016,45665,7073,18065,27452,36762,120704,23204,23539,53118,24535,42809,24962,93081,96433,54437,17732,1102947,311430,113898,0,70730,130057,27151,1276927,8604937
20900,139694703,136308,15350,14377,10909,7225,30516,185925,45864,7113,18155,27587,36921,121326,23316,23653,53391,24661,43005,25079,93548,96907,54729,17824,1108173,312928,114413,0,71057,130668,27302,1283098,8646580
21000,140363853,136968,15412,14431,10954,7259,30665,186837,46077,7151,18250,27714,37090,121928,23434,23761,53628,24765,43216,25195,93987,97345,54978,17901,1113624,314430,114996,0,71417,131300,27430,1289169,8687956
21100,141034523,137631,15485,14513,11010,7292,30817,187722,46285,7180,18334,27857,37257,122546,23561,23882,53896,24877,43418,25322,94424,97791,55247,17983,1118935,315902,115536,0,71731,131930,27569,1295198,8729804
21200,141703382,138306,15561,14587,11067,7325,30952,188616,46532,7215,18423,27992,37450,123109,23655,24006,54163,24987,43613,25446,94847,98224,55521,18065,1124277,317426,116108,0,72080,132591,27683,1301312,8771308
21300,142372981,138913,15628,14657,11115,7362,31098,189543,46747,7247,18511,28139,37636,123647,23755,24114,54433,25114,43802,25573,95273,98704,55789,18148,1129585,318956,116669,0,72418,133220,27820,1307604,8812854
21400,143043340,139536,15708,14729,11179,7402,31238,190480,46971,7289,18600,28275,37819,124218,23876,24219,54690,25233,44001,25693,95726,99173,56046,18234,1135003,320453,117208,0,72738,133840,27960,1313679,8854534
21500,143712287,140210,15779,14785,11221,7440,31387,191396,47202,7326,18683,28416,37994,124766,23993,24330,54938,25354,44221,25822,96170,99640,56297,18327,1140352,321934,117781,0,73101,134473,28084,1319898,8896094
21600,144380810,140855,15851,14865,11274,7478,31536,192250,47417,7357,18761,28545,38178,125372,24113,24447,55203,25487,44432,25940,96600,100098,56533,18419,1145580,323401,118335,0,73470,135108,28209,1325950,8937474
21700,145050929,141483,15930,14936,11327,7515,31666,193155,47612,7391,18836,28677,38369,125967,24229,24565,55442,25621,44629,26052,97035,100521,56775,18496,1150942,324835,118885,0,73819,135730,28347,1332096,8979312
21800,145721951,142149,15996,14996,11370,7547,31829,194047,47842,7432,18925,28813,38534,126559,24342,24691,55692,25745,44827,26156,97496,100970,57050,18579,1156189,326364,119433,0,74185,136350,28471,1338301,9020931
21900,146392697,142795,16069,15063,11419,7580,31967,194989,48056,7456,19013,28949,38701,127123,24456,24800,55942,25863,45035,26264,97939,101440,57336,18663,1161504,327892,119955,0,74528,136948,28615,1344482,9062506
22000,147061539,143459,16142,15132,11474,7613,32116,195874,48289,7486,19103,29086,38887,127690,24568,24922,56225,25986,45244,26390,98391,101892,57578,18749,1166840,329387,120481,0,74872,137571,28738,1350611,9104118
22100,147732724,144094,16215,15208,11532,7653,32267,196769,48504,7515,19200,29209,39069,128270,24679,25029,56522,26108,45449,26517,98817,102384,57833,18843,1172120,330841,121048,0,75189,138172,28885,1356832,9145827
22200,148401916,144742,16278,15274,11588,7696,32442,197622,48725,7551,19297,29335,39242,128882,24782,25130,56769,26236,45654,26651,99257,102857,58104,18917,1177465,332336,121592,0,75560,138789,29016,1362942,9187710
22300,149071470,145438,16357,15348,11641,7733,32591,198507,48924,7577,19379,29453,39406,129432,24890,25235,57032,26353,45864,26772,99721,103343,58339,19001,1182772,333851,122120,0,75882,139429,29165,1369103,9229343
22400,149741811,146068,16441,15404,11695,7769,32742,199399,49161,7605,19459,29584,39573,130010,25013,25341,57299,26465,46087,26888,100176,103788,58590,19078,1188117,335347,122669,0,76242,140070,29292,1375342,9271327
22500,150411570,146695,16511,15477,11746,7805,32894,200260,49375,7640,19541,29703,39753,130612,25141,25459,57520,26589,46315,27011,100617,104276,58841,19164,1193442,336849,123209,0,76569,140696,29420,1381622,9312613
22600,151081557,147343,16593,15555,11799,7833,33038,201164,49594,7676,19625,29839,39945,131186,25256,25583,57754,26713,46525,27136,101068,104732,59099,19240,1198740,338362,123742,0,76903,141300,29563,1387725,9354021
22700,151750943,148013,16660,15628,11857,7875,33184,202086,49811,7717,19718,29976,40114,131748,25366,25703,57995,26828,46746,27260,101541,105189,59362,19320,1204121,339889,124279,0,77234,141921,29695,1393870,9395721
22800,152421849,148668,16724,15700,11911,7910,33331,202975,50037,7759,19807,30104,40299,132361,25479,25810,58262,26942,46958,27396,101997,105643,59622,19393,1209379,341370,124839,0,77560,142527,29821,1399991,9437235
22900,153091157,149259,16806,15766,11958,7949,33477,203843,50264,7795,19890,30236,40475,132968,25590,25932,58507,27068,47167,27531,102449,106116,59902,19487,1214596,342910,125394,0,77901,143170,29960,1406133,9478848
23000,153761231,149937,16869,15848,12003,7989,33623,204742,50489,7839,19994,30370,40652,133565,25691,26039,58774,27196,47375,27659,102890,106591,60148,19570,1219805,344397,125947,0,78243,143796,30098,1412303,9520737
23100,154430609,150588,16941,15929,12060,8038,33761,205640,50699,7877,20089,30520,40827,134170,25804,26145,59025,27324,47575,27775,103333,107049,60406,19650,1225063,345921,126493,0,78588,144438,30237,1418665,9562557
23200,155099440,151249,17017,16007,12110,8076,33907,206526,50931,7918,20177,30667,40993,134763,25904,26269,59266,27436,47773,27888,103754,107507,60683,19742,1230531,347409,127064,0,78952,145098,30371,1425004,9604098
23300,155768347,151890,17083,16090,12151,8122,34080,207390,51163,7953,20261,30786,41174,135356,26010,26371,59498,27552,47999,27994,104212,107975,60935,19825,1235928,348865,127622,0,79295,145731,30489,1431210,9645697
23400,156438643,152522,17152,16156,12205,8153,34211,208289,51380,7982,20341,30929,41355,135925,26123,26486,59768,27691,48208,28112,104658,108459,61229,19906,1241196,350322,128210,0,79642,146347,30632,1437321,9686981
23500,157108468,153118,17210,16227,12260,8184,34360,209224,51607,8016,20424,31056,41537,136511,26232,26608,60011,27798,48412,28217,105117,108917,61500,19985,1246469,351863,128776,0,79982,147003,30753,1443394,9728432
23600,157778554,153802,17279,16295,12307,8224,34492,210110,51833,8044,20515,31177,41709,137068,26329,26737,60275,27916,48628,28320,105554,109387,61748,20059,1251804,353371,129331,0,80316,147667,30871,1449549,9769976
23700,158447274,154451,17349,16363,12359,8256,34631,211003,52059,8080,20612,31303,41885,137642,26433,26844,60534,28044,48837,28424,105983,109830,62008,20143,1256981,354874,129906,0,80666,148289,31025,1455791,9811486
23800,159116247,155086,17425,16431,12414,8286,34777,211924,52260,8116,20704,31442,42058,138226,26556,26961,60795,28166,49048,28553,106417,110292,62278,20218,1262376,356424,130466,0,81013,148956,31160,1461965,9853634
23900,159784539,155747,17502,16502,12474,8324,34919,212795,52474,8158,20792,31587,42227,138808,26669,27074,61038,28294,49249,28664,106850,110772,62530,20311,1267666,357963,131003,0,81363,149611,31298,1468004,9894917
24000,160453905,156384,17576,16568,12523,8362,35068,213649,52689,8187,20882,31715,42400,139378,26783,27175,61279,28404,49456,28789,107293,111250,62815,20405,1273036,359504,131552,0,81700,150232,31419,1474167,9936172
24100,161124554,157007,17650,16649,12571,8394,35221,214565,52905,8221,20976,31847,42567,140019,26883,27279,61545,28521,49642,28923,107748,111717,63080,20487,1278377,361051,132091,0,82065,150842,31547,1480399,9977690
24200,161795133,157627,17706,16716,12626,8425,35360,215466,53118,8255,21077,31969,42761,140606,26993,27401,61804,28654,49847,29041,108183,112184,63340,20564,1283735,362503,132630,0,82389,151437,31678,1486646,10019295
24300,162464346,158260,17785,16785,12685,8462,35507,216377,53334,8290,21170,32109,42941,141166,27099,27517,62059,28761,50072,29167,108667,112651,63599,20642,1289048,364054,133186,0,82739,152050,31821,1492890,10061069
24400,163132612,158912,17865,16855,12744,8492,35658,217284,53558,8324,21260,32241,43124,141742,27209,27631,62306,28883,50290,29292,109131,113137,63848,20724,1294579,365537,133742,0,83060,152652,31968,1499076,10102850
24500,163802017,159561,17934,16910,12803,8526,35810,218141,53774,8353,21321,32377,43283,142316,27302,27741,62567,29001,50496,29412,109591,113570,64116,20817,1299849,367046,134295,0,83407,153305,32115,1505162,10144685
24600,164471863,160222,17998,16986,12852,8560,35965,219029,53992,8386,21407,32513,43474,142906,27420,27853,62806,29105,50716,29530,110022,114058,64375,20911,1305153,368547,134834,0,83746,153901,32241,1511328,10186467
24700,165141579,160890,18083,17064,12897,8588,36114,219907,54207,8422,21495,32639,43653,143491,27531,27963,63065,29213,50909,29641,110444,114550,64625,21004,1310481,370017,135374,0,84060,154534,32376,1517424,10228075
24800,165810431,161556,18173,17134,12950,8621,36258,220779,54406,8455,21578,32770,43812,144038,27644,28060,63319,29328,51091,29772,110881,115019,64886,21095,1315773,371523,135918,0,84382,155133,32490,1523665,10269994
24900,166479833,162188,18238,17195,13003,8656,36385,221630,54630,8491,21652,32899,43992,144630,27762,28169,63569,29452,51299,29888,111320,115486,65158,21168,1321129,372981,136463,0,84724,155784,32621,1529883,10311569
25000,167148825,162814,18298,17254,13056,8698,36529,222530,54866,8527,21743,33033,44180,145190,27894,28285,63811,29581,51512,29999,111757,115940,65421,21255,1326397,374425,137030,0,85058,156420,32758,1536061,10353142
25100,167819456,163490,18375,17329,13105,8736,36682,223461,55113,8563,21837,33161,44347,145775,27989,28396,64073,29692,51710,30115,112217,116390,65684,21343,1331708,375918,137562,0,85414,157085,32877,1542363,10394888
25200,168489210,164120,18440,17394,13160,8780,36825,224347,55320,8596,21922,33296,44528,146353,28110,28513,64347,29809,51908,30244,112687,116861,65958,21423,1337016,377422,138120,0,85731,157677,33010,1548545,10436558
25300,169158699,164796,18519,17460,13216,8804,36954,225230,55539,8640,21994,33431,44700,146958,28223,28635,64607,29939,52096,30368,113142,117344,66237,21510,1342364,378888,138674,0,86072,158283,33146,1554840,10478176
25400,169828282,165500,18594,17527,13271,8843,37096,226125,55765,8674,22083,33567,44865,147514,28331,28740,64881,30050,52305,30497,113581,117791,66506,21586,1347722,380382,139208,0,86425,158911,33280,1561034,10520025
25500,170497491,166170,18677,17607,13317,8878,37224,227021,55975,8705,22179,33691,45067,148079,28450,28855,65135,30162,52508,30623,114036,118258,66759,21678,1352987,381814,139787,0,86774,159521,33399,1567168,10561573
25600,171167237,166802,18755,17667,13372,8918,37374,227889,56171,8745,22262,33828,45255,148657,28571,28973,65392,30301,52709,30753,114492,118721,67023,21756,1358303,383334,140361,0,87149,160120,33543,1573294,10603317
25700,171834891,167435,18813,17735,13426,8959,37531,228771,56394,8769,22342,33962,45432,149230,28685,29085,65653,30411,52903,30870,114940,119198,67294,21839,1363559,384828,140891,0,87481,160737,33655,1579446,10644791
25800,172503674,168072,18877,17791,13470,9001,37682,229655,56599,8810,22444,34093,45618,149824,28808,29209,65911,30543,53119,30999,115372,119677,67552,21920,1368935,386330,141450,0,87834,161363,33759,1585738,10685972
25900,173173248,168757,18933,17854,13521,9036,37812,230593,56812,8849,22528,34222,45785,150369,28912,29335,66169,30672,53335,31126,115792,120158,67831,22004,1374297,387811,142019,0,88185,161971,33895,1591869,10727725
26000,173843383,169427,19011,17922,13569,9071,37952,231591,57043,8885,22608,34360,45961,150942,29029,29460,66424,30780,53554,31239,116235,120612,68079,22095,1379632,389349,142550,0,88495,162566,34026,1598104,10769281
26100,174511649,170109,19089,17987,13617,9106,38093,232535,57264,8913,22689,34482,46135,151522,29144,29578,66672,30904,53765,31362,116692,121104,68358,22178,1384898,390869,143093,0,88835,163145,34144,1604335,10810959
26200,175180694,170747,19158,18050,13665,9141,38238,233481,57488,8949,22782,34596,46295,152100,29253,29708,66928,31020,53967,31483,117128,121594,68591,22268,1390272,392363,143673,0,89195,163783,34271,1610453,10852935
26300,175849846,171414,19233,18123,13719,9183,38386,234373,57689,8984,22867,34723,46464,152707,29379,29814,67192,31139,54191,31595,117577,122087,68853,22349,1395690,393830,144194,0,89524,164371,34406,1616535,10894898
26400,176520034,172080,19291,18189,13768,9212,38528,235260,57909,9016,22958,34861,46643,153250,29483,29925,67428,31240,54403,31704,118007,122541,69112,22433,1400992,395351,144731,0,89869,165014,34536,1622694,10936457
26500,177189423,172727,19356,18250,13825,9254,38674,236171,58114,9051,23041,35000,46809,153821,29601,30027,67692,31373,54597,31828,118458,123008,69382,22510,1406445,396808,145263,0,90234,165677,34686,1628800,10977950
26600,177857933,173369,19433,18317,13877,9288,38813,237057,58329,9084,23127,35136,46986,154410,29727,30139,67940,31486,54798,31944,118889,123497,69659,22588,1411651,398257,145830,0,90586,166304,34818,1634867,11019132
26700,178528730,174031,19499,18382,13922,9331,38962,237979,58537,9118,23218,35272,47183,154987,29841,30255,68211,31623,54998,32064,119323,123960,69910,22686,1417025,399770,146345,0,90925,166945,34942,1640927,11060932
26800,179198167,174670,19572,18442,13987,9374,39104,238866,58763,9150,23309,35403,47364,155554,29951,30386,68448,31750,55195,32186,119768,124442,70176,22760,1422374,401253,146862,0,91260,167530,35074,1646993,11102773
26900,179868020,175326,19655,18514,14041,9413,39254,239755,58977,9180,23387,35543,47534,156160,30065,30504,68713,31871,55400,32302,120227,124929,70436,22842,1427545,402738,147431,0,91592,168156,35220,1653158,11144140
27000,180537102,175960,19722,18596,14108,9455,39400,240652,59175,9211,23473,35689,47724,156708,30171,30621,68978,31996,55585,32415,120691,125376,70701,22939,1432744,404228,147988,0,91919,168791,35354,1659323,11185750
27100,181207282,176612,19791,18661,14164,9500,39538,241524,59391,9249,23563,35828,47902,157326,30287,30718,69244,32113,55795,32533,121136,125862,70966,23025,1438065,405710,148557,0,92254,169455,35499,1665497,11227262
27200,181876186,177294,19872,18732,14211,9540,39677,242415,59613,9284,23648,35952,48074,157882,30389,30839,69504,32246,56014,32633,121602,126339,71223,23103,1443439,407187,149081,0,92569,170064,35629,1671636,11269012
27300,182545483,177961,19958,18796,14261,9583,39840,243317,59844,9316,23742,36092,48239,158464,30492,30952,69751,32357,56248,32734,122059,126790,71474,23188,1448708,408757,149617,0,92919,170704,35767,1677864,11310335
27400,183215363,178649,20031,18867,14315,9612,39976,244200,60060,9355,23825,36233,48407,159061,30616,31051,70007,32480,56444,32842,122514,127269,71718,23284,1454046,410258,150169,0,93277,171361,35897,1684017,11351934
27500,183884937,179298,20102,18924,14360,9651,40135,245066,60280,9390,23909,36369,48606,159664,30736,31163,70252,32608,56637,32958,122956,127720,71968,23363,1459313,411817,150718,0,93628,172000,36025,1690210,11393578
27600,184553042,179954,20174,19003,14406,9685,40271,245962,60488,9419,23989,36501,48815,160256,30842,31269,70517,32728,56860,33081,123434,128202,72235,23448,1464681,413313,151271,0,93940,172624,36168,1696501,11434930
27700,185222334,180589,20251,19078,14458,9718,40424,246852,60702,9442,24064,36632,48990,160823,30960,31393,70778,32851,57050,33199,123888,128672,72520,23531,1469951,414869,151856,0,94289,173264,36302,1702507,11476591
27800,185892209,181244,20327,19145,14514,9748,40566,247736,60894,9468,24163,36750,49166,161383,31064,31494,71032,32975,57256,33319,124328,129129,72778,23613,1475232,416395,152425,0,94618,173885,36419,1708583,11518345
27900,186562733,181917,20418,19208,14578,9776,40713,248629,61111,9504,24242,36900,49354,161969,31164,31605,71277,33094,57457,33420,124782,129592,73034,23714,1480566,417908,152936,0,94969,174497,36568,1714734,11560314
28000,187233450,182528,20476,19282,14643,9810,40851,249476,61335,9540,24340,37039,49548,162526,31269,31717,71535,33197,57657,33550,125241,130047,73295,23800,1486075,419370,153493,0,95295,175129,36702,1721000,11601791
28100,187902895,183213,20556,19349,14706,9849,40994,250367,61535,9568,24424,37168,49718,163074,31364,31841,71809,33309,57864,33673,125693,130544,73576,23886,1491380,420879,154025,0,95639,175711,36830,1727141,11643548
28200,188572157,183875,20633,19412,14759,9888,41133,251195,61761,9608,24509,37295,49890,163675,31478,31954,72070,33413,58081,33784,126154,131009,73822,23986,1496710,422379,154552,0,95980,176349,36955,1733312,11685009
28300,189242574,184548,20692,19485,14805,9920,41277,252069,61999,9642,24596,37433,50071,164229,31595,32069,72347,33551,58298,33890,126580,131468,74098,24075,1502094,423861,155101,0,96312,176941,37082,1739429,11726602
28400,189912054,185233,20759,19560,14859,9954,41421,252971,62226,9687,24672,37548,50242,164818,31714,32191,72601,33660,58522,34016,127030,131946,74353,24158,1507447,425412,155660,0,96638,177589,37219,1745602,11768293
28500,190582641,185888,20832,19623,14918,9995,41566,253897,62437,9726,24763,37686,50421,165398,31833,32306,72844,33780,58730,34134,127446,132417,74584,24236,1512812,426869,156205,0,96966,178221,37357,1751819,11810067
28600,191252879,186534,20902,19694,14965,10026,41704,254772,62659,9764,24845,37810,50593,165973,31954,32425,73090,33899,58923,34251,127878,132892,74866,24332,1518183,428431,156699,0,97281,178901,37481,1758017,11851537
28700,191922303,187158,20969,19757,15016,10064,41860,255635,62875,9802,24944,37940,50770,166587,32063,32537,73363,34029,59123,34377,128316,133372,75093,24426,1523375,429961,157266,0,97618,179534,37619,1764117,11892895
28800,192591919,187806,21041,19823,15082,10087,42003,256531,63098,9832,25041,38071,50977,167183,32183,32635,73620,34152,59324,34515,128777,133836,75337,24513,1528745,431517,157816,0,97975,180177,37744,1770303,11934793
28900,193260442,188452,21108,19881,15143,10134,42145,257376,63330,9859,25126,38200,51136,167789,32315,32738,73865,34261,59533,34637,129234,134335,75604,24599,1534034,433026,158326,0,98310,180828,37883,1776428,11976131
29000,193930008,189122,21180,19938,15198,10160,42288,258266,63535,9897,25224,38328,51307,168365,32422,32864,74136,34367,59726,34755,129662,134768,75835,24691,1539339,434593,158876,0,98619,181467,37998,1782409,12017807
29100,194599994,189815,21256,20003,15253,10202,42416,259143,63769,9930,25320,38470,51507,168929,32533,32988,74387,34483,59939,34878,130118,135254,76098,24758,1544624,436144,159403,0,98962,182099,38129,1788516,12059575
29200,195269695,190442,21334,20075,15303,10231,42551,260032,64006,9962,25393,38596,51682,169512,32638,33103,74639,34609,60130,34997,130583,135738,76365,24859,1549969,437628,159947,0,99324,182727,38265,1794569,12101489
29300,195938155,191047,21410,20138,15348,10268,42701,260930,64225,9997,25463,38719,51858,170096,32756,33225,74869,34720,60343,35109,131036,136199,76602,24945,1555307,439155,160452,0,99656,183349,38392,1800665,12143208
29400,196607849,191725,21481,20204,15396,10306,42842,261808,64457,10025,25559,38854,52019,170663,32868,33326,75123,34841,60545,35237,131498,136660,76845,25038,1560648,440626,160985,0,100012,183954,38520,1806930,12184456
29500,197275902,192358,21567,20271,15454,10340,42987,262675,64676,10061,25659,38976,52183,171225,32990,33441,75388,34967,60745,35353,131963,137148,77115,25119,1565898,442110,161497,0,100369,184630,38664,1813127,12225747
29600,197945227,193033,21635,20342,15514,10373,43152,263540,64908,10096,25748,39091,52356,171827,33104,33562,75651,35088,60959,35468,132442,137616,77369,25213,1571230,443576,162072,0,100741,185265,38784,1819308,12267628
29700,198614693,193709,21706,20404,15570,10408,43305,264454,65127,10130,25833,39235,52526,172440,33206,33651,75896,35193,61149,35598,132911,138072,77652,25306,1576622,444994,162627,0,101079,185881,38928,1825380,12309296
29800,199285238,194380,21791,20470,15623,10434,43454,265346,65338,10160,25909,39378,52687,173009,33316,33770,76162,35299,61356,35731,133355,138540,77909,25391,1581955,446502,163153,0,101404,186516,39058,1831594,12351190
29900,199953963,195009,21869,20542,15668,10467,43621,266212,65550,10191,25993,39505,52868,173596,33419,33870,76438,35422,61560,35849,133798,139009,78175,25471,1587209,447975,163678,0,101781,187130,39194,1837823,12393026
30000,200622063,195669,21935,20618,15726,10506,43764,267128,65742,10231,26077,39632,53044,174164,33537,33990,76688,35546,61753,35962,134241,139487,78437,25569,1592544,449477,164236,0,102141,187804,39326,1844007,12434563
30100,201292622,196320,22007,20683,15793,10539,43902,268028,65974,10249,26172,39756,53205,174752,33650,34106,76935,35645,61968,36087,134701,139953,78703,25656,1597847,450964,164778,0,102499,188430,39449,1850196,12476247
30200,201962335,196988,22087,20750,15842,10571,44051,268948,66188,10291,26262,39890,53378,175333,33757,34221,77185,35768,62175,36197,135147,140433,78985,25748,1603243,452459,165350,0,102811,189037,39578,1856159,12517717
30300,202631844,197659,22156,20806,15889,10614,44202,269858,66419,10323,26333,40020,53551,175883,33882,34338,77464,35886,62382,36311,135605,140929,79255,25821,1608613,453913,165876,0,103167,189674,39718,1862421,12559339
30400,203301206,198267,22222,20882,15949,10651,44325,270716,66658,10357,26433,40156,53724,176447,34011,34458,77683,36016,62561,36429,136071,141417,79485,25910,1613944,455407,166385,0,103517,190302,39842,1868628,12600637
30500,203971005,198915,22289,20958,16010,10689,44493,271647,66869,10394,26522,40292,53891,177041,34122,34569,77938,36140,62753,36554,136526,141857,79764,25992,1619254,456963,166935,0,103849,190889,39964,1874747,12642022
30600,204639619,199575,22360,21032,16055,10725,44633,272543,67098,10421,26602,40433,54071,177633,34238,34671,78189,36246,62961,36673,136972,142331,80032,26066,1624627,458443,167498,0,104181,191526,40090,1880789,12683463
30700,205308720,200256,22421,21094,16116,10754,44772,273496,67301,10453,26700,40571,54241,178208,34355,34781,78452,36393,63168,36800,137423,142816,80279,26151,1629973,459961,168031,0,104533,192161,40217,1886910,12725012
30800,205978215,200922,22485,21161,16167,10787,44918,274366,67519,10477,26785,40697,54433,178785,34460,34891,78683,36514,63384,36927,137883,143266,80526,26230,1635209,461428,168583,0,104889,192798,40330,1893078,12766837
30900,206648794,201558,22562,21224,16223,10822,45055,275203,67740,10501,26862,40845,54606,179361,34577,35010,78917,36637,63574,37060,138333,143736,80771,26307,1640540,462931,169096,0,105217,193465,40443,1899252,12808424
31000,207317351,202213,22623,21287,16276,10859,45191,276097,67952,10536,26940,40968,54778,179937,34685,35136,79185,36762,63787,37186,138788,144185,81035,26394,1645858,464432,169641,0,105565,194048,40588,1905398,12849732
31100,207987165,202846,22689,21352,16338,10894,45332,277009,68174,10578,27035,41102,54981,180551,34805,35250,79445,36884,64005,37300,139239,144627,81304,26479,1651107,465887,170173,0,105902,194670,40714,1911411,12891791
31200,208657878,203491,22764,21418,16390,10935,45473,277877,68381,10606,27129,41243,55171,181128,34919,35364,79679,37010,64198,37424,139701,145095,81564,26568,1656313,467399,170753,0,106230,195256,40839,1917608,12933500
31300,209326450,204159,22834,21479,16444,10969,45622,278760,68610,10640,27223,41369,55349,181725,35031,35477,79915,37122,64378,37562,140132,145549,81819,26660,1661741,468980,171310,0,106580,195850,40963,1923672,12975463
31400,209996034,204820,22911,21552,16493,11005,45755,279653,68824,10681,27316,41485,55520,182311,35132,35578,80176,37239,64578,37675,140587,146042,82109,26741,1666968,470445,171835,0,106916,196413,41100,1929797,13017210
31500,210664864,205484,22980,21617,16532,11044,45908,280534,69029,10721,27408,41607,55697,182896,35250,35703,80411,37372,64777,37801,141019,146497,82338,26822,1672315,471992,172361,0,107245,197050,41224,1936051,13058524
31600,211332861,206134,23049,21686,16580,11069,46056,281440,69259,10754,27504,41735,55873,183473,35362,35802,80663,37508,64972,37924,141479,146975,82602,26897,1677654,473462,172905,0,107578,197653,41329,1942203,13100180
31700,212002811,206784,23123,21760,16629,11100,46198,282348,69479,10790,27604,41874,56071,184028,35478,35918,80918,37627,65182,38028,141924,147461,82877,26993,1682901,474947,173474,0,107922,198301,41458,1948429,13141274
31800,212671021,207459,23204,21824,16686,11140,46345,283210,69698,10820,27684,41994,56241,184571,35586,36032,81179,37741,65370,38160,142391,147909,83118,27081,1688274,476508,174012,0,108259,198933,41605,1954597,13183293
31900,213340197,208118,23273,21894,16744,11177,46489,284106,69921,10857,27762,42139,56421,185157,35722,36150,81443,37855,65582,38290,142811,148377,83370,27170,1693595,478021,174560,0,108590,199593,41740,1960761,13224983
32000,214009003,208795,23344,21968,16784,11212,46633,284969,70133,10896,27843,42268,56597,185715,35840,36263,81692,37978,65784,38403,143236,148848,83616,27247,1698970,479542,175073,0,108907,200241,41893,1966987,13266353
32100,214678355,209430,23417,22034,16831,11251,46788,285886,70350,10929,27935,42409,56762,186318,35947,36366,81935,38106,65974,38529,143688,149329,83878,27327,1704254,481007,175605,0,109245,200875,42018,1973107,13307891
32200,215348397,210131,23496,22101,16869,11280,46939,286859,70583,10954,28021,42536,56938,186938,36062,36471,82201,38222,66168,38656,144139,149778,84152,27414,1709578,482517,176130,0,109601,201524,42156,1979312,13349343
32300,216017795,210749,23565,22164,16924,11316,47094,287787,70813,10986,28131,42678,57120,187517,36176,36587,82453,38343,66361,38769,144605,150256,84409,27495,1715005,484049,176677,0,109962,202132,42306,1985460,13391067
32400,216687065,211418,23636,22227,16979,11352,47230,288652,71025,11025,28193,42822,57296,188089,36298,36693,82699,38459,66574,38896,145026,150704,84672,27595,1720317,485499,177273,0,110313,202773,42450,1991672,13432544
32500,217355593,212054,23704,22296,17028,11383,47372,289562,71233,11055,28267,42946,57471,188677,36416,36791,82945,38589,66783,39009,145463,151140,84955,27679,1725652,487024,177812,0,110694,203357,42596,1997650,13473787
32600,218025054,212713,23773,22360,17084,11421,47518,290494,71464,11084,28357,43086,57639,189261,36524,36906,83203,38703,66976,39125,145931,151622,85221,27767,1730856,488534,178347,0,111028,203993,42743,2003853,13515380
32700,218694131,213348,23854,22418,17128,11450,47659,291381,71703,11118,28429,43215,57819,189849,36641,37021,83454,38797,67185,39233,146415,152091,85500,27847,1736179,490016,178880,0,111391,204618,42863,2010040,13557165
32800,219363457,214009,23924,22492,17198,11483,47800,292259,71920,11147,28524,43362,57997,190441,36753,37125,83714,38918,67387,39355,146861,152577,85769,27947,1741458,491498,179435,0,111749,205238,43020,2016198,13598612
32900,220032290,214633,23983,22561,17243,11509,47958,293184,72129,11175,28609,43494,58185,191014,36852,37237,83980,39029,67580,39460,147312,153068,86032,28025,1746752,493003,179964,0,112094,205899,43147,2022376,13640134
33000,220701591,215295,24053,22631,17294,11539,48117,294041,72343,11213,28693,43629,58372,191603,36961,37356,84235,39147,67773,39571,147776,153534,86284,28104,1752003,494467,180510,0,112455,206550,43285,2028499,13681842
33100,221371885,215946,24131,22706,17334,11572,48273,294944,72559,11245,28788,43758,58565,192161,37080,37464,84504,39250,67977,39691,148244,154024,86527,28195,1757325,495948,181051,0,112787,207169,43419,2034624,13723458
33200,222040653,216568,24192,22786,17379,11615,48410,295809,72772,11282,28880,43890,58735,192764,37191,37564,84776,39375,68196,39810,148717,154482,86779,28288,1762641,497501,181604,0,113120,207816,43553,2040724,13765112
33300,222708570,217205,24271,22851,17431,11649,48559,296718,72958,11311,28976,44019,58918,193353,37304,37677,85050,39495,68420,39931,149156,154962,87069,28368,1767931,499068,182157,0,113457,208450,43704,2046911,13806703
33400,223377760,217888,24340,22916,17477,11687,48693,297618,73162,11349,29055,44153,59113,193972,37425,37784,85293,39605,68625,40044,149605,155409,87328,28453,1773221,500562,182729,0,113836,209094,43815,2053143,13848028
33500,224047708,218570,24415,22991,17534,11725,48821,298504,73398,11385,29138,44291,59311,194542,37530,37891,85574,39730,68823,40174,150057,155879,87601,28543,1778574,502003,183243,0,114182,209728,43937,2059333,13889063
33600,224715746,219221,24481,23070,17591,11754,48973,299421,73624,11421,29216,44415,59493,195135,37638,37980,85863,39844,69037,40283,150499,156354,87854,28630,1783713,503570,183807,0,114537,210364,44068,2065431,13930868
33700,225384944,219891,24553,23138,17641,11792,49117,300336,73846,11457,29295,44555,59666,195698,37761,38088,86128,39964,69239,40407,150961,156809,88126,28716,1789116,505073,184349,0,114859,210968,44198,2071503,13972698
33800,226053882,220522,24622,23217,17705,11832,49256,301219,74060,11496,29371,44692,59838,196282,37878,38191,86382,40084,69443,40518,151425,157258,88375,28792,1794405,506652,184910,0,115197,211575,44330,2077628,14013919
33900,226722019,221144,24687,23287,17756,11862,49406,302160,74280,11527,29449,44827,59997,196893,37989,38297,86639,40212,69648,40647,151872,157699,88604,28877,1799691,508113,185433,0,115540,212201,44462,2083729,14055221
34000,227391068,221754,24754,23358,17808,11908,49541,303052,74499,11558,29541,44944,60186,197492,38091,38403,86872,40328,69837,40755,152311,158175,88866,28968,1805022,509641,185966,0,115892,212808,44590,2089910,14096594
34100,228059693,222418,24832,23419,17857,11938,49681,303933,74719,11587,29625,45084,60367,198047,38199,38515,87134,40447,70042,40861,152766,158635,89101,29061,1810241,511130,186520,0,116244,213429,44719,2096086,14138331
34200,228729327,223092,24898,23491,17908,11974,49821,304784,74946,11619,29715,45218,60562,198656,38297,38641,87384,40571,70221,40982,153205,159100,89357,29121,1815519,512649,187056,0,116571,214077,44862,2102263,14180245
34300,229398890,223762,24968,23569,17965,12014,49960,305628,75165,11655,29812,45347,60739,199246,38415,38762,87616,40685,70428,41094,153662,159554,89600,29206,1820800,514148,187639,0,116914,214710,44982,2108430,14222009
34400,230068335,224437,25045,23645,18021,12051,50094,306554,75387,11687,29909,45477,60919,199795,38532,38878,87894,40798,70639,41209,154097,159995,89845,29289,1826123,515644,188164,0,117263,215359,45110,2114649,14263390
34500,230736412,225091,25121,23714,18076,12089,50242,307414,75615,11726,29991,45602,61100,200370,38632,38986,88134,40927,70858,41327,154559,160452,90096,29364,1831359,517177,188703,0,117593,216005,45240,2120801,14304918
34600,231406391,225728,25196,23784,18123,12125,50385,308300,75843,11755,30080,45728,61270,200950,38744,39107,88392,41048,71066,41464,154990,160903,90364,29457,1836682,518677,189259,0,117918,216680,45389,2126997,14346308
34700,232074896,226377,25278,23856,18173,12163,50538,309208,76073,11790,30160,45864,61434,201498,38861,39223,88665,41169,71293,41591,155425,161366,90613,29539,1841971,520168,189836,0,118233,217297,45522,2133118,14388099
34800,232746200,227035,25358,23927,18221,12199,50690,310082,76286,11822,30260,46004,61613,202045,38979,39334,88927,41273,71497,41703,155873,161812,90867,29631,1847301,521694,190384,0,118588,217896,45658,2139337,14429762
34900,233415917,227662,25438,23996,18268,12230,50834,310966,76533,11843,30367,46141,61795,202643,39087,39443,89196,41385,71680,41827,156322,162265,91149,29714,1852630,523251,190950,0,118937,218505,45809,2145586,14471570
35000,234084548,228305,25504,24062,18324,12264,50979,311866,76767,11881,30456,46266,61988,203226,39197,39552,89442,41511,71890,41953,156781,162716,91417,29802,1857983,524801,191475,0,119318,219122,45945,2151723,14512912
35100,234755102,228933,25581,24141,18386,12294,51104,312750,76992,11924,30554,46392,62153,203800,39314,39667,89687,41632,72092,42060,157209,163170,91677,29884,1863351,526294,192022,0,119671,219785,46063,2157960,14554422
35200,235424121,229599,25652,24199,18436,12327,51252,313653,77202,11967,30644,46513,62309,204375,39423,39776,89949,41742,72305,42177,157635,163613,91936,29965,1868686,527762,192598,0,119992,220405,46196,2164102,14595624
35300,236093248,230253,25735,24272,18484,12362,51395,314532,77421,12001,30730,46641,62479,204971,39534,39887,90207,41869,72503,42310,158066,164074,92184,30055,1874040,529257,193144,0,120337,221028,46328,2170262,14637060
35400,236763342,230886,25808,24346,18534,12399,51529,315466,77636,12040,30808,46779,62675,205531,39644,40009,90466,41999,72688,42428,158505,164533,92457,30151,1879357,530775,193697,0,120664,221634,46481,2176355,14678694
35500,237433204,231555,25876,24420,18605,12425,51676,316355,77869,12067,30880,46904,62856,206097,39750,40112,90733,42116,72909,42545,158930,165020,92705,30244,1884629,532283,194233,0,121015,222223,46604,2182479,14720068
35600,238101673,232206,25942,24480,18653,12458,51830,317307,78082,12110,30985,47032,63018,206694,39855,40223,90969,42226,73109,42662,159366,165492,92946,30327,1890031,533765,194766,0,121378,222835,46735,2188605,14761752
35700,238771461,232792,26028,24545,18713,12490,51974,318224,78304,12138,31070,47167,63209,207265,39976,40346,91230,42354,73277,42771,159811,165953,93200,30406,1895319,535331,195325,0,121712,223443,46869,2194671,14803185
35800,239441781,233419,26094,24620,18772,12532,52117,319106,78519,12173,31158,47293,63394,207843,40092,40467,91470,42473,73476,42897,160269,166436,93477,30482,1900584,536780,195850,0,122081,224076,46995,2200869,14844450
35900,240112045,234047,26157,24691,18827,12572,52255,319987,78739,12206,31243,47416,63569,208434,40207,40588,91725,42601,73689,43018,160694,166892,93749,30572,1905926,538261,196379,0,122417,224721,47100,2206963,14886329
36000,240782314,234741,26244,24766,18875,12605,52404,320882,78992,12243,31326,47543,63737,209005,40317,40699,91983,42705,73884,43141,161131,167370,94003,30669,1911257,539749,196943,0,122748,225338,47236,2213177,14927837
36100,241452862,235401,26313,24843,18921,12633,52568,321763,79228,12276,31418,47685,63926,209574,40425,40805,92243,42817,74090,43257,161557,167830,94281,30748,1916474,541214,197486,0,123087,225929,47357,2219448,14969456
36200,242121279,236030,26380,24915,18965,12667,52707,322637,79451,12305,31497,47831,64105,210146,40525,40905,92499,42954,74290,43384,162016,168258,94556,30830,1921745,542676,197988,0,123402,226535,47496,2225591,15011231
36300,242790671,236712,26450,24986,19024,12698,52851,323490,79670,12334,31591,47964,64285,210684,40631,41022,92760,43075,74496,43506,162480,168732,94816,30920,1927093,544193,198538,0,123719,227172,47611,2231775,15052632
36400,243460072,237335,26525,25058,19080,12735,52995,324382,79888,12371,31692,48104,64463,211286,40757,41133,93047,43192,74706,43633,162919,169196,95085,31001,1932440,545646,199108,0,124059,227817,47729,2237967,15094433
36500,244128899,237959,26602,25121,19139,12770,53136,325266,80119,12408,31778,48232,64625,211876,40862,41251,93297,43300,74908,43761,163356,169670,95342,31088,1937642,547104,199659,0,124429,228463,47862,2244229,15135809
36600,244797611,238601,26681,25191,19192,12801,53277,326165,80344,12443,31867,48346,64805,212441,40980,41363,93566,43407,75111,43879,163806,170131,95609,31171,1943064,548637,200200,0,124766,229128,48002,2250345,15177735
36700,245466211,239272,26752,25254,19237,12835,53407,327077,80559,12480,31951,48483,64980,213037,41080,41477,93826,43528,75318,43990,164269,170578,95887,31245,1948446,550152,200742,0,125114,229769,48153,2256468,15219152
36800,246134952,239946,26811,25318,19280,12868,53559,327950,80787,12513,32046,48606,65150,213640,41206,41586,94086,43631,75511,44104,164731,171043,96132,31330,1953811,551619,201286,0,125440,230363,48290,2262661,15260710
36900,246804074,240555,26889,25382,19329,12895,53693,328802,81016,12546,32128,48744,65330,214213,41320,41715,94345,43755,75705,44222,165181,171528,96397,31416,1959053,553123,201829,0,125772,230955,48413,2268823,15302206
37000,247474204,241191,26972,25455,19388,12922,53844,329685,81243,12588,32214,48893,65504,214809,41432,41829,94608,43863,75939,44341,165622,172000,96641,31513,1964305,554644,202387,0,126087,231578,48531,2274976,15343661
37100,248142895,241807,27046,25512,19438,12959,53976,330616,81446,12618,32306,49025,65683,215373,41537,41943,94841,43984,76127,44464,166053,172473,96893,31611,1969593,556118,202933,0,126417,232217,48660,2281050,15385143
37200,248812817,242485,27117,25568,19489,12987,54125,331508,81645,12656,32402,49173,65878,215953,41646,42056,95074,44107,76337,44598,166494,172952,97154,31687,1974836,557625,203461,0,126786,232871,48768,2287160,15426391
37300,249481841,243158,27200,25634,19541,13020,54275,332380,81863,12689,32495,49307,66070,216540,41745,42164,95348,44241,76554,44722,166943,173408,97408,31784,1980166,559104,204008,0,127109,233440,48902,2293236,15467843
37400,250153791,243812,27282,25703,19604,13052,54410,333279,82083,12723,32599,49446,66242,217151,41851,42285,95634,44356,76726,44868,167406,173875,97666,31870,1985558,560625,204555,0,127451,234079,49037,2299300,15509631
37500,250823704,244424,27360,25767,19657,13099,54557,334198,82313,12756,32679,49573,66414,217755,41964,42395,95913,44474,76926,44981,167852,174326,97933,31950,1990899,562123,205139,0,127811,234657,49171,2305534,15550942
37600,251492587,245122,27439,25838,19720,13133,54703,335089,82534,12790,32757,49695,66592,218339,42087,42489,96173,44597,77150,45117,168342,174795,98189,32036,1996148,563643,205676,0,128123,235327,49294,2311792,15592537
37700,252161119,245789,27511,25909,19765,13168,54846,335947,82781,12831,32830,49835,66758,218892,42196,42607,96416,44724,77340,45228,168804,175254,98442,32122,2001455,565166,206216,0,128452,235963,49411,2317970,15633729
37800,252832628,246380,27587,25974,19813,13198,54976,336860,83001,12857,32907,49972,66926,219475,42302,42716,96669,44834,77538,45347,169234,175736,98703,32193,2006704,566713,206728,0,128752,236563,49539,2324184,15675562
37900,253502228,247047,27664,26037,19865,13227,55110,337777,83217,12893,32995,50109,67094,220070,42404,42821,96907,44948,77747,45459,169685,176192,98978,32275,2011939,568191,207281,0,129099,237235,49667,2330306,15716715
38000,254171414,247677,27730,26118,19922,13268,55239,338656,83443,12927,33086,50239,67263,220628,42531,42931,97169,45064,77963,45592,170129,176673,99230,32363,2017195,569765,207824,0,129442,237891,49806,2336507,15758418
38100,254842088,248326,27803,26182,19979,13307,55388,339561,83657,12956,33185,50368,67428,221211,42637,43059,97429,45200,78173,45703,170593,177128,99494,32437,2022357,571264,208344,0,129771,238490,49929,2342714,15800128
38200,255512740,248921,27878,26251,20028,13352,55534,340444,83896,12990,33280,50501,67611,221779,42751,43173,97707,45308,78363,45819,171047,177604,99758,32525,2027690,572786,208877,0,130119,239125,50043,2348791,15841581
38300,256181659,249597,27949,26331,20072,13392,55674,341309,84106,13030,33356,50631,67782,222381,42859,43284,97949,45429,78572,45924,171508,178069,100014,32609,2033008,574336,209440,0,130417,239770,50170,2355039,15883109
38400,256851238,250273,28010,26397,20126,13426,55815,342230,84313,13056,33447,50755,67961,222987,42952,43393,98197,45576,78771,46048,171965,178535,100295,32702,2038282,575775,209973,0,130778,240417,50300,2361150,15924787
38500,257521198,250925,28073,26481,20181,13457,55958,343105,84525,13090,33534,50885,68137,223568,43080,43513,98456,45699,78983,46170,172408,179019,100556,32782,2043552,577278,210501,0,131150,240999,50433,2367301,15966165
38600,258191093,251586,28148,26543,20238,13492,56111,344020,84723,13126,33621,51039,68317,224141,43193,43621,98724,45828,79200,46286,172828,179483,100827,32869,2048964,578774,211061,0,131483,241612,50575,2373474,16007736
38700,258860869,252215,28221,26617,20281,13530,56268,344923,84919,13161,33702,51155,68482,224750,43304,43732,99000,45963,79412,46403,173269,179928,101093,32957,2054298,580295,211591,0,131836,242256,50704,2379657,16049333
38800,259530345,252864,28273,26683,20327,13566,56411,345820,85145,13189,33797,51294,68662,225363,43406,43851,99260,46074,79618,46518,173713,180417,101342,33041,2059623,581814,212145,0,132172,242878,50833,2385877,16090942
38900,260199208,253535,28348,26746,20382,13601,56549,346760,85342,13222,33881,51420,68846,225967,43507,43980,99526,46187,79811,46629,174171,180882,101609,33131,2064972,583321,212684,0,132521,243495,50959,2391952,16132465
39000,260869771,254178,28427,26825,20429,13630,56667,347639,85555,13259,33977,51566,69023,226525,43624,44083,99783,46301,80035,46753,174623,181359,101845,33226,2070311,584861,213239,0,132878,244087,51075,2398125,16174335
39100,261539134,254780,28497,26899,20489,13667,56799,348505,85778,13293,34058,51698,69216,227131,43731,44198,100045,46418,80238,46877,175094,181838,102118,33307,2075639,586368,213806,0,133218,244707,51218,2404301,16215841
39200,262208717,255400,28563,26976,20549,13707,56944,349354,85994,13320,34156,51836,69409,227704,43847,44318,100286,46545,80437,46995,175540,182289,102375,33391,2080932,587894,214371,0,133562,245344,51356,2410470,16257855
39300,262877913,256040,28632,27046,20598,13751,57100,350270,86219,13357,34252,51959,69602,228312,43961,44433,100552,46667,80670,47113,175979,182763,102618,33482,2086298,589460,214928,0,133883,245972,51495,2416631,16299309
39400,263546624,256688,28704,27106,20653,13783,57222,351137,86429,13390,34344,52110,69772,228864,44062,44542,100814,46787,80879,47247,176399,183221,102870,33571,2091653,590943,215445,0,134224,246599,51628,2422742,16340778
39500,264216154,257326,28776,27169,20705,13815,57383,352047,86661,13426,34438,52246,69940,229426,44169,44641,101082,46903,81095,47360,176857,183697,103135,33651,2096942,592406,215966,0,134587,247240,51738,2428897,16382320
39600,264885196,257980,28850,27246,20761,13856,57522,352909,86871,13461,34532,52384,70115,230000,44284,44749,101357,47044,81301,47475,177307,184171,103391,33732,2102313,593928,216529,0,134931,247881,51894,2434991,16423787
39700,265553627,258643,28928,27314,20821,13889,57650,353798,87090,13498,34619,52515,70268,230557,44398,44870,101617,47169,81508,47584,177738,184632,103651,33819,2107636,595464,217078,0,135258,248506,52008,2441045,16465656
39800,266222095,259312,28993,27383,20882,13924,57796,354700,87300,13526,34698,52653,70452,231160,44518,44992,101867,47282,81721,47705,178169,185083,103923,33898,2113030,596977,217601,0,135597,249162,52125,2447305,16507430
39900,266890259,260002,29048,27442,20938,13960,57951,355590,87517,13561,34786,52790,70622,231741,44617,45110,102126,47396,81931,47823,178646,185545,104188,33984,2118419,598502,218126,0,135945,249811,52233,2453402,16548926
40000,267558580,260649,29108,27511,20989,13990,58093,356468,87740,13590,34886,52917,70795,232349,44737,45220,102399,47526,82146,47943,179088,186027,104458,34068,2123868,600007,218673,0,136303,250467,52370,2459603,16590381
40100,268227807,261336,29170,27570,21028,14023,58238,357365,87975,13617,34992,53039,70948,232966,44834,45332,102672,47637,82337,48064,179551,186492,104720,34148,2129224,601529,219219,0,136636,251140,52493,2465684,16631975
40200,268898044,262001,29245,27644,21071,14059,58395,358291,88198,13650,35087,53178,71120,233560,44930,45443,102949,47756,82544,48184,180007,186977,104977,34237,2134478,603031,219784,0,136952,251788,52633,2471822,16674022
40300,269566739,262666,29316,27717,21119,14097,58556,359175,88428,13687,35159,53321,71304,234142,45047,45557,103223,47872,82767,48287,180453,187448,105253,34331,2139727,604498,220336,0,137281,252409,52750,2477935,16715781
40400,270236135,263293,29390,27779,21172,14139,58692,360073,88655,13725,35247,53463,71496,234731,45169,45669,103485,47997,82980,48411,180895,187914,105530,34418,2145081,606066,220879,0,137618,253043,52884,2484078,16757150
40500,270907002,263940,29472,27855,21210,14174,58827,360944,88865,13752,35328,53591,71667,235310,45277,45789,103744,48124,83182,48536,181337,188354,105791,34510,2150392,607568,221418,0,137982,253676,53012,2490269,16798428
40600,271576065,264588,29548,27926,21256,14210,58977,361866,89084,13789,35407,53724,71838,235894,45397,45899,104023,48236,83399,48638,181779,188830,106063,34580,2155665,609086,221970,0,138316,254276,53150,2496470,16839823
40700,272245507,265235,29622,27989,21310,14252,59116,362779,89281,13819,35492,53852,72012,236476,45516,46020,104263,48355,83605,48743,182211,189295,106301,34668,2160985,610558,222529,0,138673,254896,53298,2502737,16881631
40800,272914760,265950,29685,28060,21363,14287,59242,363646,89489,13855,35586,53980,72197,237085,45620,46140,104530,48479,83820,48858,182639,189765,106538,34752,2166271,612111,223069,0,138989,255542,53421,2508983,16923260
40900,273584289,266612,29754,28136,21413,14328,59387,364548,89693,13892,35676,54096,72376,237640,45723,46257,104815,48599,84018,48992,183075,190237,106788,34847,2171679,613595,223621,0,139348,256157,53570,2515056,16964582
41000,274253886,267309,29828,28195,21466,14366,59547,365424,89908,13931,35759,54229,72541,238233,45832,46376,105084,48702,84205,49114,183520,190671,107041,34955,2176941,615085,224146,0,139677,256794,53698,2521205,17006059
41100,274923645,267960,29899,28260,21525,14405,59692,366279,90117,13968,35844,54357,72742,238814,45938,46481,105335,48826,84401,49225,183972,191125,107320,35043,2182221,616583,224714,0,140021,257400,53835,2527459,17047813
41200,275593478,268635,29959,28329,21565,14430,59831,367211,90335,14000,35932,54502,72929,239387,46070,46586,105562,48959,84598,49342,184419,191575,107586,35128,2187587,618031,225245,0,140386,258042,53946,2533607,17089316
41300,276262690,269285,30035,28396,21609,14470,59989,368119,90548,14030,36008,54640,73107,239959,46172,46698,105800,49079,84814,49457,184846,192028,107821,35222,2192895,619518,225774,0,140723,258655,54079,2539815,17131122
41400,276932946,269967,30108,28472,21657,14501,60157,369033,90765,14060,36098,54756,73306,240510,46293,46808,106040,49204,84996,49576,185278,192492,108095,35305,2198178,621067,226343,0,141047,259293,54205,2545998,17172614
41500,277602178,270611,30181,28534,21700,14535,60304,369946,90981,14098,36176,54900,73487,241117,46396,46919,106266,49299,85200,49691,185716,192936,108346,35378,2203457,622614,226922,0,141387,259927,54340,2552128,17214351
41600,278270200,271239,30244,28605,21747,14573,60447,370827,91184,14135,36270,55038,73682,241733,46485,47026,106523,49419,85407,49821,186168,193387,108615,35475,2208780,624129,227469,0,141740,260561,54476,2558268,17255786
41700,278940224,271919,30319,28674,21799,14606,60584,371715,91408,14167,36354,55170,73850,242294,46585,47127,106792,49543,85618,49959,186602,193852,108868,35561,2214093,625659,228014,0,142080,261165,54633,2564507,17297316
41800,279609841,272570,30400,28738,21854,14647,60740,372616,91624,14204,36440,55300,74030,242920,46704,47233,107040,49663,85833,50087,187042,194307,109101,35661,2219409,627119,228583,0,142431,261783,54763,2570664,17339109
41900,280279003,273253,30470,28799,21901,14692,60902,373514,91853,14233,36513,55438,74204,243483,46812,47347,107297,49779,86044,50195,187478,194782,109357,35747,2224848,628644,229123,0,142778,262396,54875,2576713,17380714
42000,280948742,273935,30543,28880,21937,14725,61044,374400,92070,14270,36599,55557,74379,244053,46918,47459,107579,49898,86224,50320,187909,195246,109613,35833,2230116,630131,229641,0,143103,263019,55006,2582930,17422667
42100,281617787,274553,30615,28940,21998,14764,61182,375323,92291,14296,36671,55701,74565,244600,47029,47585,107830,50009,86442,50448,188350,195728,109867,35906,2235373,631705,230171,0,143399,263669,55122,2589098,17463919
42200,282287856,275236,30697,29013,22042,14791,61321,376220,92500,14328,36753,55841,74731,245168,47139,47683,108094,50146,86654,50577,188798,196200,110131,36001,2240620,633243,230687,0,143734,264278,55261,2595238,17505646
42300,282957694,275886,30766,29079,22091,14828,61472,377077,92735,14355,36848,55986,74897,245756,47256,47801,108348,50272,86862,50699,189253,196642,110422,36075,2246008,634781,231239,0,144063,264925,55390,2601432,17547015
42400,283627315,276572,30843,29143,22144,14863,61608,377969,92974,14388,36934,56119,75101,246377,47378,47916,108603,50389,87063,50828,189688,197136,110687,36167,2251350,636237,231789,0,144407,265536,55518,2607620,17588958
42500,284297617,277249,30913,29215,22197,14897,61743,378852,93199,14421,37032,56261,75279,246946,47476,48025,108857,50507,87261,50964,190124,197626,110946,36253,2256592,637714,232347,0,144736,266185,55657,2613757,17630323
42600,284967332,277859,30985,29278,22252,14924,61870,379773,93419,14454,37122,56385,75445,247508,47594,48130,109101,50629,87462,51088,190562,198101,111220,36336,2262099,639231,232875,0,145087,266824,55799,2620066,17671949
42700,285637299,278524,31057,29342,22313,14959,62043,380674,93627,14492,37195,56522,75645,248113,47705,48227,109374,50756,87670,51214,191010,198585,111488,36415,2267380,640694,233409,0,145452,267452,55931,2626218,17713863
42800,286307781,279170,31126,29407,22365,14992,62191,381586,93847,14529,37290,56640,75846,248685,47810,48343,109622,50870,87870,51330,191432,199044,111746,36492,2272727,642199,233960,0,145786,268061,56061,2632351,17755647
42900,286978049,279838,31206,29471,22419,15030,62330,382494,94066,14571,37384,56774,76032,249245,47917,48444,109860,50995,88061,51452,191869,199519,112013,36573,2278156,643703,234513,0,146119,268679,56181,2638561,17797341
43000,287646943,280491,31287,29542,22469,15066,62469,383351,94304,14598,37484,56919,76205,249846,48015,48567,110153,51120,88257,51575,192312,199978,112287,36657,2283443,645195,235068,0,146450,269311,56319,2644702,17839161
43100,288315348,281157,31366,29617,22535,15103,62622,384253,94500,14632,37582,57048,76380,250430,48127,48676,110410,51243,88464,51698,192771,200442,112554,36740,2288723,646653,235635,0,146789,269897,56458,2650791,17880891
43200,288984589,281804,31436,29679,22581,15130,62763,385149,94713,14666,37669,57176,76567,251011,48255,48790,110656,51359,88668,51814,193213,200924,112827,36830,2294084,648110,236193,0,147116,270507,56569,2656878,17922564
43300,289654618,282481,31501,29750,22632,15162,62913,386082,94935,14704,37755,57319,76771,251628,48368,48884,110904,51482,88872,51950,193657,201400,113075,36922,2299399,649570,236738,0,147449,271149,56698,2662980,17964221
43400,290325760,283082,31563,29820,22684,15196,63049,386959,95182,14735,37844,57454,76954,252191,48490,48992,111160,51610,89084,52064,194121,201864,113348,37000,2304728,651062,237304,0,147780,271801,56825,2669128,18005583
43500,290996013,283769,31638,29880,22730,15235,63192,387827,95408,14769,37939,57577,77151,252775,48590,49098,111393,51722,89281,52193,194566,202327,113617,37084,2310092,652564,237840,0,148124,272435,56946,2675306,18047013
43600,291664377,284395,31704,29948,22786,15269,63336,388767,95637,14799,38024,57702,77358,253347,48695,49220,111656,51850,89482,52305,195014,202800,113904,37174,2315426,654083,238418,0,148466,273066,57078,2681408,18088637
43700,292332693,285090,31777,30019,22850,15316,63483,389681,95881,14830,38114,57852,77524,253941,48823,49324,111923,51968,89700,52431,195460,203269,114170,37250,2320613,655583,238980,0,148785,273710,57210,2687650,18129986
43800,293002395,285750,31854,30081,22896,15351,63609,390575,96094,14865,38201,57995,77696,254481,48928,49443,112198,52076,89917,52555,195921,203715,114434,37336,2325936,657063,239528,0,149127,274343,57340,2693828,18171667
43900,293670573,286412,31941,30150,22942,15388,63748,391460,96315,14892,38288,58125,77870,255067,49045,49556,112448,52197,90113,52678,196385,204169,114706,37410,2331252,658545,240064,0,149462,274951,57473,2699918,18213090
44000,294340114,287072,32022,30228,22989,15420,63902,392367,96532,14937,38380,58250,78065,255663,49172,49672,112707,52321,90323,52795,196809,204620,114962,37501,2336562,660051,240613,0,149833,275599,57597,2706120,18254639
44100,295008997,287688,32090,30290,23030,15455,64055,393260,96733,14972,38461,58367,78241,256231,49269,49783,112962,52434,90550,52915,197241,205081,115221,37586,2341980,661576,241145,0,150167,276247,57730,2712326,18296031
44200,295677316,288355,32162,30366,23093,15492,64206,394140,96940,15013,38556,58493,78410,256816,49386,49907,113230,52545,90751,53046,197687,205555,115490,37671,2347353,663160,241722,0,150518,276865,57858,2718467,18337650
44300,296345787,288995,32239,30430,23149,15529,64358,395036,97155,15048,38648,58618,78591,257414,49506,50037,113475,52661,90943,53164,198155,206005,115756,37754,2352723,664723,242265,0,150858,277493,57987,2724611,18379329
44400,297015396,289610,32309,30495,23197,15564,64494,395940,97381,15078,38733,58744,78765,258032,49607,50150,113760,52784,91146,53284,198607,206488,116030,37829,2358026,666217,242798,0,151215,278095,58122,2730877,18421160
44500,297683631,290267,32375,30565,23253,15601,64631,396787,97606,15112,38826,58884,78954,258629,49716,50269,114019,52910,91340,53424,199066,206938,116296,37911,2363496,667722,243323,0,151560,278745,58243,2737041,18462798
44600,298353706,290949,32445,30644,23304,15635,64774,397718,97829,15147,38910,59008,79155,259252,49845,50367,114273,53018,91556,53553,199543,207399,116577,37985,2368783,669252,243868,0,151902,279358,58379,2743288,18504327
44700,299023433,291585,32531,30723,23365,15671,64922,398622,98053,15176,38999,59131,79343,259832,49948,50488,114542,53146,91750,53678,199979,207870,116841,38056,2374041,670766,244430,0,152239,280008,58508,2749407,18546074
44800,299692570,292226,32596,30795,23423,15704,65064,399460,98272,15203,39094,59276,79512,260430,50067,50609,114803,53260,91964,53790,200415,208323,117114,38154,2379345,672298,244965,0,152567,280642,58639,2755489,18587974
44900,300362807,292872,32668,30863,23480,15743,65193,400358,98487,15245,39187,59388,79684,260993,50175,50716,115056,53365,92180,53922,200877,208787,117360,38235,2384640,673834,245560,0,152894,281236,58742,2761628,18629954
45000,301031711,293529,32740,30934,23531,15783,65349,401250,98704,15278,39268,59528,79865,261571,50281,50842,115335,53490,92381,54049,201328,209273,117600,38309,2389872,675353,246090,0,153210,281836,58877,2767810,18671638
45100,301701347,294206,32824,31002,23588,15812,65488,402117,98926,15311,39352,59658,80048,262164,50402,50974,115584,53622,92592,54167,201766,209755,117851,38400,2395197,676812,246645,0,153574,282503,59027,2773937,18713417
45200,302371100,294840,32892,31063,23633,15849,65647,403016,99153,15343,39437,59797,80234,262747,50510,51088,115805,53750,92790,54291,202193,210226,118092,38485,2400509,678333,247200,0,153918,283124,59140,2780145,18754853
45300,303040530,295457,32975,31141,23685,15883,65775,403898,99367,15373,39518,59942,80412,263338,50626,51212,116056,53871,92991,54402,202637,210716,118363,38561,2405847,679846,247754,0,154243,283780,59266,2786290,18796457
45400,303708772,296114,33053,31215,23736,15911,65920,404803,99583,15404,39601,60081,80592,263938,50751,51334,116308,53994,93213,54522,203087,211184,118621,38639,2411137,681343,248282,0,154561,284411,59393,2792454,18837993
45500,304378049,296761,33122,31276,23788,15950,66064,405714,99810,15440,39685,60212,80776,264516,50861,51449,116569,54117,93412,54627,203529,211636,118863,38726,2416469,682869,248841,0,154897,285049,59529,2798579,18879474
45600,305047953,297456,33201,31351,23832,15984,66212,406678,100048,15473,39768,60341,80956,265116,50972,51554,116820,54242,93612,54736,203992,212091,119124,38824,2421856,684374,249414,0,155245,285714,59667,2804726,18921052
45700,305718776,298096,33267,31413,23903,16016,66352,407615,100260,15501,39853,60460,81138,265692,51076,51663,117084,54367,93816,54850,204464,212544,119364,38895,2427114,685880,249982,0,155581,286350,59781,2810737,18962913
45800,306387595,298783,33339,31492,23965,16040,66493,408501,100470,15536,39950,60589,81311,266285,51190,51773,117364,54473,94043,54968,204905,213008,119661,38974,2432491,687332,250514,0,155925,286993,59913,2816857,19004375
45900,307057778,299436,33415,31557,24027,16076,66643,409362,100688,15572,40033,60723,81486,266867,51281,51893,117609,54609,94253,55075,205358,213465,119932,39052,2437828,688834,251063,0,156286,287636,60037,2823061,19045834
46000,307727183,300096,33478,31631,24084,16110,66787,410235,100919,15603,40124,60863,81652,267439,51413,52009,117864,54729,94460,55192,205792,213929,120179,39148,2443188,690383,251570,0,156608,288280,60167,2829280,19087616
46100,308397335,300727,33554,31700,24133,16141,66930,411145,101139,15633,40211,60996,81842,267996,51536,52122,118127,54865,94677,55323,206219,214392,120435,39234,2448516,691904,252111,0,156968,288904,60289,2835391,19128823
46200,309066672,301405,33622,31767,24196,16173,67063,412062,101346,15664,40292,61114,82016,268568,51651,52235,118390,54983,94892,55416,206641,214855,120710,39319,2453844,693447,252613,0,157344,289536,60421,2841500,19170566
46300,309735680,302036,33672,31842,24252,16210,67204,412952,101575,15694,40391,61256,82182,269151,51753,52344,118640,55099,95089,55532,207090,215339,120955,39395,2459116,694891,253159,0,157683,290156,60550,2847671,19212090
46400,310404513,302664,33750,31909,24308,16247,67340,413866,101813,15725,40479,61394,82375,269719,51858,52457,118902,55222,95296,55648,207551,215787,121228,39493,2464428,696371,253715,0,158039,290800,60681,2853840,19253588
46500,311073349,303307,33825,31974,24360,16274,67493,414713,102019,15756,40553,61523,82561,270324,51973,52563,119166,55336,95494,55764,208006,216244,121475,39569,2469767,697917,254284,0,158379,291415,60806,2859992,19295020
46600,311743690,303949,33907,32031,24408,16308,67649,415598,102236,15791,40634,61672,82752,270898,52087,52682,119432,55456,95726,55881,208454,216704,121747,39649,2475065,699424,254845,0,158715,292035,60954,2866272,19336599
46700,312412018,304578,33977,32093,24453,16340,67801,416500,102461,15831,40728,61800,82927,271467,52200,52791,119692,55573,95947,55997,208899,217179,121999,39738,2480428,700873,255433,0,159045,292633,61090,2872540,19378404
46800,313082327,305245,34042,32162,24521,16366,67954,417347,102669,15875,40828,61936,83101,272065,52308,52905,119980,55702,96153,56120,209357,217645,122255,39835,2485793,702364,255985,0,159366,293297,61208,2878760,19420184
46900,313751249,305904,34117,32229,24573,16399,68093,418251,102894,15898,40918,62064,83262,272668,52411,53019,120230,55822,96344,56238,209779,218098,122500,39913,2490968,703820,256549,0,159708,293906,61347,2884828,19461534
47000,314421981,306533,34202,32294,24618,16438,68232,419166,103130,15929,41021,62195,83429,273248,52527,53118,120473,55934,96522,56349,210245,218568,122761,39991,2496352,705393,257083,0,160092,294519,61473,2890931,19502813
47100,315091122,307214,34283,32358,24673,16477,68367,420034,103343,15963,41114,62324,83614,273849,52636,53238,120728,56057,96728,56479,210699,219040,123040,40079,2501622,706885,257657,0,160459,295158,61593,2897080,19544315
47200,315759483,307857,34357,32431,24733,16505,68519,420910,103554,15989,41207,62462,83784,274430,52756,53343,120987,56192,96949,56605,211149,219485,123326,40164,2506971,708440,258183,0,160799,295739,61715,2903222,19585756
47300,316428680,308531,34433,32503,24779,16538,68644,421778,103738,16024,41299,62605,83973,275016,52869,53466,121231,56306,97178,56737,211592,219959,123596,40233,2512318,709963,258740,0,161145,296383,61827,2909476,19627733
47400,317098312,309166,34513,32567,24825,16573,68790,422614,103960,16061,41384,62743,84176,275578,52980,53574,121491,56431,97395,56852,212015,220419,123866,40307,2517634,711501,259306,0,161486,297025,61956,2915572,19669607
47500,317768256,309803,34596,32634,24877,16610,68940,423568,104172,16102,41463,62888,84370,276164,53099,53686,121742,56562,97590,56972,212450,220879,124126,40379,2522964,713039,259880,0,161810,297624,62093,2921762,19711413
47600,318437972,310464,34670,32708,24932,16634,69078,424479,104407,16131,41551,63015,84538,276737,53233,53796,122022,56670,97796,57087,212897,221334,124388,40466,2528263,714568,260459,0,162153,298226,62232,2927952,19752888
47700,319106989,311135,34744,32773,24978,16675,69217,425426,104634,16168,41649,63152,84716,277355,53345,53927,122289,56793,98002,57195,213334,221820,124626,40554,2533618,716127,261011,0,162479,298853,62380,2934077,19794756
47800,319776233,311748,34805,32834,25034,16711,69346,426279,104870,16206,41738,63286,84902,277929,53453,54031,122543,56902,98191,57307,213773,222288,124900,40637,2539020,717643,261563,0,162833,299491,62517,2940301,19836441
47900,320445696,312383,34881,32905,25091,16745,69491,427130,105087,16234,41831,63408,85090,278508,53564,54143,122798,57015,98383,57416,214219,222776,125159,40733,2544304,719127,262118,0,163170,300119,62633,2946555,19878180
48000,321115496,313024,34946,32969,25150,16779,69643,428009,105302,16268,41905,63550,85271,279083,53679,54246,123086,57121,98588,57528,214672,223223,125433,40799,2549634,720564,262653,0,163506,300734,62762,2952722,19919716
48100,321785392,313668,35015,33043,25199,16816,69794,428945,105528,16296,41989,63690,85450,279678,53786,54352,123341,57245,98791,57631,215098,223687,125705,40884,2554948,722095,263203,0,163836,301354,62880,2958943,19961676
48200,322453026,314303,35083,33117,25258,16842,69951,429820,105737,16334,42078,63828,85633,280235,53890,54467,123573,57362,98980,57765,215561,224172,125989,40982,2560190,723644,263755,0,164159,301971,63005,2965085,20003156
48300,323120299,314969,35147,33194,25320,16876,70093,430710,105934,16375,42170,63958,85794,280804,53996,54585,123828,57482,99179,57882,216014,224634,126247,41062,2565418,725105,264296,0,164462,302598,63135,2971281,20044505
48400,323789113,315617,35210,33252,25376,16908,70248,431605,106148,16408,42251,64093,85982,281385,54115,54701,124084,57598,99387,57998,216462,225105,126518,41131,2570811,726593,264832,0,164802,303262,63273,2977441,20086315
48500,324457955,316265,35295,33322,25419,16940,70391,432464,106373,16435,42328,64229,86147,281953,54234,54811,124345,57731,99590,58118,216899,225545,126754,41212,2576140,728118,265372,0,165157,303887,63413,2983545,20127909
48600,325126089,316918,35370,33384,25467,16970,70546,433360,106577,16477,42419,64344,86314,282553,54350,54926,124604,57846,99792,58252,217347,225995,127020,41291,2581482,729646,265948,0,165502,304512,63537,2989688,20169708
48700,325794620,317584,35441,33449,25520,17007,70702,434270,106809,16515,42514,64480,86472,283137,54449,55031,124855,57965,99992,58361,217784,226461,127297,41373,2586821,731183,266484,0,165838,305149,63678,2995764,20211195
48800,326464386,318226,35514,33512,25568,17043,70836,435160,107022,16545,42609,64620,86646,283712,54550,55147,125096,58080,100197,58464,218208,226898,127572,41460,2592145,732653,267045,0,166164,305787,63807,3001836,20252608
48900,327132901,318920,35581,33585,25613,17080,70977,436047,107242,16570,42687,64747,86842,284281,54659,55256,125357,58208,100410,58581,218644,227366,127821,41548,2597442,734147,267572,0,166511,306418,63924,3008016,20294047
49000,327802345,319608,35657,33658,25661,17106,71111,436927,107470,16600,42777,64881,87013,284866,54771,55359,125628,58341,100588,58711,219076,227840,128068,41634,2602815,735629,268132,0,166836,307017,64056,3014154,20335758
49100,328472100,320258,35735,33729,25713,17141,71254,437774,107692,16641,42875,65007,87183,285461,54882,55460,125900,58456,100781,58823,219543,228299,128348,41713,2608117,737127,268698,0,167171,307661,64194,3020250,20377333
49200,329142109,320853,35803,33791,25763,17173,71390,438664,107900,16679,42968,65141,87372,286048,54998,55562,126152,58567,100997,58935,219968,228748,128594,41785,2613304,738592,269248,0,167497,308303,64344,3026372,20419270
49300,329809527,321490,35860,33862,25814,17219,71528,439561,108121,16709,43051,65255,87548,286651,55103,55667,126430,58688,101206,59049,220416,229220,128857,41859,2618584,740097,269799,0,167824,308937,64478,3032490,20461058
49400,330478712,322142,35937,33938,25863,17257,71661,440438,108345,16751,43136,65391,87742,287254,55225,55788,126693,58815,101412,59170,220891,229708,129129,41945,2623796,741626,270330,0,168157,309551,64595,3038582,20502564
49500,331147719,322777,36007,34007,25915,17300,71827,441302,108573,16788,43214,65524,87921,287841,55344,55903,126926,58931,101618,59292,221317,230173,129398,42022,2629057,743092,270889,0,168471,310196,64726,3044713,20544350
49600,331816987,323429,36070,34075,25967,17335,71962,442202,108793,16820,43297,65638,88084,288402,55450,56020,127196,59037,101840,59421,221754,230640,129641,42104,2634414,744561,271464,0,168814,310814,64852,3050834,20585718
49700,332486293,324086,36145,34151,26017,17369,72110,443052,109030,16858,43378,65760,88263,288974,55565,56140,127461,59151,102033,59549,222169,231095,129897,42189,2639624,746071,271992,0,169187,311405,65002,3056978,20626798
49800,333155765,324791,36216,34226,26073,17404,72275,443924,109251,16888,43479,65898,88440,289605,55684,56246,127713,59257,102246,59679,222617,231578,130165,42269,2644977,747584,272550,0,169545,312015,65141,3063103,20668389
49900,333823558,325494,36301,34294,26131,17436,72429,444840,109462,16922,43559,66015,88631,290183,55793,56347,127976,59377,102443,59803,223075,232046,130440,42348,2650313,749052,273114,0,169894,312664,65279,3069232,20709808
50000,334492510,326174,36376,34362,26172,17474,72581,445728,109682,16957,43627,66138,88802,290752,55906,56456,128245,59503,102657,59922,223514,232501,130681,42432,2655631,750566,273656,0,170261,313284,65401,3075331,20751471
50100,335160543,326870,36447,34430,26227,17502,72713,446605,109898,16994,43715,66272,88965,291329,55993,56581,128516,59625,102861,60045,223972,232956,130919,42526,2660844,751996,274227,0,170595,313910,65538,3081547,20792831
50200,335829100,327529,36524,34488,26286,17534,72840,447484,110100,17021,43802,66407,89151,291894,56109,56692,128789,59729,103058,60168,224402,233422,131164,42611,2666031,753478,274790,0,170931,314509,65651,3087603,20834388
50300,336497565,328200,36597,34554,26335,17569,72990,448394,110317,17061,43899,66541,89328,292484,56217,56801,129044,59845,103249,60295,224857,233855,131424,42696,2671371,754967,275334,0,171289,315144,65799,3093860,20876196
50400,337167520,328890,36654,34631,26396,17602,73142,449285,110529,17092,43983,66674,89514,293070,56335,56904,129282,59969,103440,60405,225310,234321,131703,42781,2676618,756471,275891,0,171633,315758,65928,3099944,20917621
50500,337837206,329535,36722,34694,26448,17633,73272,450181,110733,17127,44078,66791,89676,293667,56442,57029,129546,60093,103646,60529,225785,234800,131963,42864,2681944,757911,276455,0,171992,316380,66060,3106051,20959110
50600,338506796,330177,36788,34763,26502,17667,73435,451083,110963,17163,44167,66923,89857,294266,56557,57140,129810,60214,103864,60639,226235,235293,132225,42936,2687266,759468,276959,0,172317,317032,66203,3112253,21000615
50700,339176201,330877,36865,34845,26549,17717,73587,452014,111185,17190,44258,67050,90034,294832,56678,57247,130072,60347,104069,60750,226689,235764,132485,43023,2692597,760957,277505,0,172675,317651,66332,3118534,21042099
50800,339845625,331531,36941,34913,26598,17756,73727,452910,111413,17231,44334,67185,90204,295418,56793,57362,130334,60477,104267,60880,227152,236254,132748,43096,2697956,762482,278024,0,172993,318270,66465,3124786,21083625
50900,340514168,332230,37007,34983,26647,17791,73881,453856,111632,17270,44433,67325,90381,296003,56897,57487,130597,60609,104493,60985,227592,236768,133025,43186,2703273,763995,278561,0,173351,318936,66615,3130927,21125551
51000,341183592,332882,37085,35051,26690,17825,74019,454786,111862,17303,44503,67451,90563,296601,56987,57607,130850,60722,104719,61102,228051,237225,133290,43283,2708561,765463,279116,0,173669,319552,66725,3137109,21167022
51100,341854115,333550,37151,35121,26737,17861,74163,455715,112079,17342,44590,67584,90753,297173,57101,57701,131087,60830,104928,61215,228492,237709,133557,43367,2713924,766981,279652,0,173997,320169,66848,3143339,21208739
51200,342522469,334232,37228,35170,26785,17899,74309,456584,112287,17377,44683,67722,90941,297791,57209,57814,131321,60939,105137,61340,228916,238186,133840,43460,2719280,768498,280216,0,174350,320771,66970,3149486,21250297
51300,343190644,334879,37298,35245,26838,17934,74452,457471,112497,17410,44773,67862,91119,298366,57322,57919,131599,61054,105336,61451,229357,238658,134103,43551,2724500,770024,280766,0,174706,321353,67092,3155550,21291455
51400,343859447,335505,37375,35316,26879,17971,74601,458360,112701,17446,44846,67994,91290,298945,57432,58042,131875,61167,105528,61565,229821,239126,134357,43633,2729814,771522,281330,0,175047,321986,67225,3161754,21332784
51500,344529486,336157,37453,35398,26940,18013,74741,459254,112921,17477,44941,68127,91458,299541,57548,58159,132123,61294,105732,61701,230280,239585,134637,43721,2735099,773032,281892,0,175399,322632,67351,3167869,21374503
51600,345198723,336807,37528,35466,26997,18052,74875,460184,113155,17507,45022,68270,91637,300111,57668,58265,132371,61407,105932,61826,230727,240027,134902,43812,2740274,774514,282460,0,175743,323259,67500,3173996,21416201
51700,345867885,337445,37600,35532,27045,18097,75016,461084,113357,17546,45105,68415,91842,300674,57803,58376,132651,61511,106139,61962,231186,240506,135166,43898,2745677,775972,283008,0,176088,323909,67641,3180214,21457640
51800,346537556,338103,37674,35594,27091,18131,75158,462022,113580,17575,45198,68546,92035,301246,57913,58482,132889,61628,106329,62087,231629,240978,135447,43992,2750978,777473,283572,0,176415,324568,67766,3186504,21499391
51900,347207171,338725,37738,35665,27136,18162,75328,462879,113788,17602,45276,68667,92198,301805,58018,58595,133164,61738,106527,62197,232075,241455,135700,44077,2756253,778947,284167,0,176741,325217,67896,3192637,21541113
52000,347875704,339338,37815,35727,27190,18197,75476,463829,114013,17642,45370,68794,92399,302396,58120,58709,133404,61857,106730,62306,232543,241916,135971,44162,2761595,780471,284702,0,177081,325820,68024,3198943,21583001
52100,348545372,339967,37868,35809,27235,18233,75630,464696,114245,17677,45452,68914,92584,302976,58227,58819,133662,61979,106940,62437,232993,242377,136238,44254,2766984,781944,285236,0,177432,326474,68162,3205051,21624705
52200,349215664,340612,37946,35873,27290,18270,75785,465587,114458,17718,45541,69038,92754,303559,58346,58928,133923,62100,107113,62570,233432,242830,136501,44337,2772318,783409,285808,0,177790,327119,68291,3211389,21666440
52300,349883873,341306,38024,35943,27346,18309,75935,466478,114673,17742,45626,69180,92937,304125,58462,59033,134159,62214,107318,62670,233846,243307,136731,44425,2777654,784866,286392,0,178139,327746,68423,3217589,21707949
52400,350554770,341971,38091,36011,27408,18348,76086,467297,114884,17769,45713,69308,93123,304713,58574,59137,134418,62326,107525,62777,234306,243794,136982,44509,2782909,786370,286967,0,178494,328421,68538,3223767,21749626
52500,351225433,342628,38175,36083,27461,18387,76218,468183,115112,17811,45787,69428,93314,305304,58685,59261,134680,62447,107738,62901,234771,244282,137244,44595,2788240,787901,287500,0,178840,329030,68666,3229832,21790996
52600,351894033,343283,38257,36158,27514,18428,76354,469099,115340,17834,45883,69557,93504,305909,58803,59381,134932,62560,107955,63029,235228,244731,137514,44691,2793720,789424,288067,0,179185,329645,68802,3236029,21832484
52700,352561998,343993,38320,36225,27562,18461,76495,470022,115557,17872,45977,69686,93690,306487,58918,59495,135181,62683,108170,63150,235691,245189,137785,44762,2799002,790883,288609,0,179527,330270,68919,3242108,21873952
52800,353229482,344622,38397,36295,27616,18488,76633,470900,115774,17905,46066,69817,93876,307083,59042,59610,135447,62808,108374,63270,236115,245677,138059,44838,2804354,792391,289162,0,179872,330910,69054,3248352,21915550
52900,353899358,345303,38468,36373,27667,18529,76771,471814,115974,17945,46158,69948,94044,307635,59142,59723,135685,62941,108572,63389,236557,246130,138318,44910,2809603,793899,289711,0,180193,331543,69190,3254451,21956999
53000,354569944,345956,38533,36449,27716,18566,76912,472727,116211,17982,46242,70091,94211,308231,59259,59828,135941,63055,108750,63498,236996,246591,138563,45002,2814897,795396,290255,0,180546,332156,69303,3260533,21998283
53100,355239608,346575,38591,36518,27761,18591,77047,473612,116426,18020,46330,70211,94379,308780,59377,59937,136186,63182,108951,63613,237461,247082,138803,45074,2820215,796897,290782,0,180901,332764,69434,3266681,22039990
53200,355908866,347240,38676,36587,27807,18626,77195,474492,116627,18061,46406,70367,94564,309342,59486,60049,136432,63305,109141,63730,237882,247516,139051,45155,2825651,798374,291346,0,181266,333361,69551,3272809,22081929
53300,356578751,347903,38750,36651,27856,18668,77341,475319,116852,18092,46492,70502,94734,309911,59596,60168,136693,63425,109328,63849,238342,248002,139309,45235,2830887,799860,291911,0,181613,334004,69674,3278956,22123649
53400,357247417,348499,38813,36726,27909,18704,77483,476230,117072,18129,46582,70633,94918,310525,59715,60281,136948,63543,109546,63957,238781,248459,139589,45317,2836110,801408,292472,0,181959,334667,69791,3285037,22165359
53500,357917157,349193,38903,36802,27951,18732,77632,477177,117285,18169,46676,70768,95091,311112,59842,60394,137192,63647,109745,64067,239219,248921,139837,45403,2841333,802893,293035,0,182320,335284,69928,3291169,22207383
53600,358586728,349831,38969,36868,28000,18763,77775,478086,117496,18199,46756,70897,95249,311685,59935,60512,137436,63771,109950,64189,239630,249388,140094,45496,2846604,804407,293616,0,182639,335878,70075,3297435,22249016
53700,359254108,350498,39043,36934,28050,18801,77930,479008,117714,18229,46847,71021,95413,312267,60050,60623,137690,63893,110164,64326,240083,249874,140376,45576,2851941,805918,294183,0,182979,336535,70198,3303559,22290678
53800,359922316,351137,39109,37002,28108,18828,78092,479873,117922,18261,46929,71159,95583,312847,60163,60740,137960,64012,110360,64439,240522,250305,140618,45660,2857274,807370,294708,0,183322,337165,70324,3309711,22332084
53900,360591779,351756,39178,37075,28165,18855,78237,480747,118153,18296,47022,71302,95787,313421,60285,60856,138228,64114,110567,64550,240965,250745,140898,45741,2862585,808901,295252,0,183664,337790,70460,3315910,22373854
54000,361261309,352427,39244,37145,28216,18888,78381,481616,118375,18334,47118,71418,95967,314012,60403,60982,138506,64230,110772,64667,241413,251199,141132,45823,2867900,810401,295767,0,184017,338434,70603,3322092,22415531
54100,361931657,353068,39318,37216,28275,18923,78518,482485,118579,18365,47206,71564,96148,314590,60506,61089,138753,64340,111006,64801,241862,251668,141393,45903,2873187,811885,296328,0,184338,338996,70733,3328218,22457284
54200,362600536,353712,39388,37284,28339,18956,78651,483374,118802,18402,47290,71692,96315,315182,60615,61205,139003,64463,111185,64910,242297,252140,141652,45986,2878563,813401,296881,0,184687,339651,70847,3334449,22498937
54300,363269330,354373,39468,37346,28392,18994,78795,484205,119020,18428,47366,71831,96508,315772,60729,61310,139264,64592,111392,65037,242730,252604,141914,46067,2883885,814913,297431,0,185026,340297,70966,3340536,22540378
54400,363938820,355012,39536,37414,28439,19020,78934,485128,119228,18462,47454,71944,96676,316361,60835,61421,139535,64695,111590,65139,243189,253061,142157,46158,2889213,816400,297947,0,185386,340932,71099,3346666,22582377
54500,364609766,355639,39604,37489,28495,19058,79064,486039,119434,18505,47541,72084,96857,316930,60946,61540,139773,64823,111767,65254,243644,253528,142416,46247,2894537,817847,298507,0,185724,341578,71225,3352787,22624030
54600,365280888,356293,39677,37567,28554,19086,79205,486926,119659,18536,47640,72206,97039,317496,61049,61645,140016,64948,111977,65374,244098,254012,142678,46327,2899812,819324,299060,0,186058,342218,71343,3358992,22665874
54700,365950577,356978,39753,37638,28601,19122,79349,487845,119876,18566,47723,72342,97223,318065,61168,61759,140261,65062,112169,65471,244565,254465,142931,46414,2905252,820812,299610,0,186410,342842,71463,3365277,22707506
54800,366619409,357628,39825,37715,28658,19155,79496,488724,120092,18600,47802,72471,97389,318621,61278,61876,140528,65179,112398,65596,245007,254898,143167,46508,2910552,822311,300143,0,186749,343489,71593,3371208,22749326
54900,367288113,358309,39889,37780,28715,19197,79633,489648,120303,18637,47891,72594,97550,319177,61391,61994,140779,65318,112600,65718,245483,255355,143422,46601,2915766,823808,300708,0,187089,344128,71723,3377420,22790788
55000,367957170,358958,39970,37853,28775,19234,79785,490571,120537,18665,47980,72729,97729,319742,61520,62109,141033,65456,112813,65851,245936,255821,143692,46682,2921026,825282,301224,0,187414,344817,71861,3383528,22832351
55100,368626846,359603,40044,37937,28820,19267,79931,491474,120761,18701,48075,72868,97891,320333,61635,62230,141294,65572,113012,65971,246380,256304,143922,46753,2926440,826794,301784,0,187755,345475,71999,3389662,22873675
55200,369295451,360280,40113,38008,28871,19302,80069,492372,120971,18738,48147,72996,98080,320935,61730,62336,141561,65697,113217,66099,246816,256738,144174,46856,2931781,828296,302328,0,188087,346088,72121,3395927,22915270
55300,369965382,360949,40181,38074,28935,19335,80206,493267,121168,18770,48237,73135,98238,321521,61841,62452,141814,65827,113423,66234,247277,257210,144430,46943,2937080,829831,302879,0,188413,346724,72263,3402056,22957015
55400,370634507,361545,40242,38147,28986,19370,80352,494144,121373,18803,48329,73264,98430,322131,61947,62566,142078,65939,113614,66345,247723,257675,144698,47032,2942271,831305,303446,0,188755,347354,72396,3408363,22998339
55500,371304904,362169,40316,38210,29036,19402,80487,495069,121593,18837,48426,73395,98590,322713,62072,62687,142326,66048,113829,66467,248184,258127,144971,47121,2947681,832827,303982,0,189095,347970,72531,3414481,23039481
55600,371973954,362818,40390,38273,29080,19438,80619,495957,121817,18870,48513,73526,98780,323281,62190,62800,142590,66175,114024,66597,248652,258608,145227,47207,2953146,834359,304539,0,189448,348606,72646,3420633,23081285
55700,372642793,363437,40471,38332,29126,19474,80762,496848,122031,18907,48589,73665,98967,323889,62303,62909,142840,66298,114227,66730,249139,259072,145479,47287,2958411,835845,305097,0,189786,349190,72778,3426818,23123045
55800,373312704,364117,40548,38400,29182,19514,80913,497707,122249,18941,48680,73792,99130,324477,62412,63027,143084,66407,114415,66853,249607,259510,145738,47371,2963786,837348,305640,0,190117,349817,72885,3433051,23164367
55900,373982348,364770,40631,38483,29227,19549,81058,498597,122472,18970,48767,73939,99303,325041,62535,63135,143334,66521,114624,66970,250057,260007,146034,47457,2969207,838778,306187,0,190456,350409,73016,3439158,23206111
56000,374650730,365376,40704,38546,29285,19593,81195,499474,122691,19005,48840,74063,99472,325608,62634,63245,143583,66630,114832,67083,250490,260472,146306,47539,2974575,840250,306753,0,190785,351046,73149,3445258,23247895
56100,375319404,366035,40766,38599,29329,19634,81333,500370,122924,19042,48936,74194,99657,326217,62744,63363,143862,66747,115049,67188,250916,260952,146592,47621,2980026,841797,307284,0,191136,351653,73280,3451446,23289330
56200,375988291,366668,40843,38669,29385,19664,81451,501251,123146,19073,49027,74329,99853,326794,62864,63477,144108,66853,115240,67316,251364,261411,146865,47699,2985285,843299,307867,0,191464,352255,73387,3457551,23330800
56300,376657786,367309,40914,38741,29444,19703,81611,502123,123363,19106,49116,74462,100028,327373,62966,63597,144341,66983,115448,67442,251822,261869,147117,47792,2990668,844840,308422,0,191792,352858,73501,3463831,23372218
56400,377327550,367921,40977,38802,29503,19743,81757,503012,123596,19147,49208,74591,100180,327966,63077,63715,144600,67099,115658,67552,252249,262331,147380,47874,2995999,846365,308982,0,192161,353522,73640,3470084,23413747
56500,377996401,368621,41053,38869,29566,19781,81895,503869,123816,19188,49301,74731,100361,328576,63185,63841,144858,67214,115874,67680,252697,262801,147628,47953,3001330,847916,309558,0,192513,354139,73773,3476193,23455614
56600,378665713,369292,41122,38938,29613,19824,82036,504794,124048,19222,49370,74865,100519,329150,63300,63944,145113,67323,116078,67792,253123,263275,147899,48036,3006581,849412,310082,0,192860,354749,73885,3482425,23497008
56700,379334857,369937,41191,39002,29670,19850,82193,505669,124257,19258,49454,75006,100705,329732,63425,64062,145384,67447,116306,67900,253595,263730,148157,48114,3011872,850921,310624,0,193189,355378,74005,3488601,23538759
56800,380003599,370571,41264,39060,29726,19888,82353,506586,124472,19288,49539,75143,100876,330314,63542,64175,145641,67561,116499,68022,254028,264188,148404,48193,3017183,852481,311176,0,193543,356020,74160,3494794,23580552
56900,380674012,371204,41336,39133,29773,19914,82489,507497,124695,19319,49646,75267,101054,330887,63635,64302,145922,67693,116694,68137,254496,264647,148688,48285,3022449,853998,311760,0,193905,356650,74303,3500952,23622373
57000,381342572,371849,41406,39206,29841,19949,82615,508417,124913,19351,49734,75403,101236,331438,63734,64419,146202,67802,116882,68249,254953,265102,148947,48376,3027700,855497,312310,0,194242,357273,74437,3507129,23663890
57100,382011752,372467,41485,39269,29895,19991,82759,509318,125121,19387,49833,75545,101427,331994,63863,64532,146461,67928,117088,68361,255404,265558,149194,48451,3032936,857017,312871,0,194582,357905,74561,3513357,23705566
57200,382682241,373112,41560,39334,29957,20025,82901,510188,125342,19419,49908,75677,101603,332596,63968,64642,146710,68058,117296,68472,255848,266043,149452,48530,3038315,858559,313448,0,194927,358558,74703,3519497,23747253
57300,383351569,373763,41625,39394,30002,20070,83025,511079,125548,19447,50002,75811,101792,333179,64084,64743,146976,68177,117520,68582,256317,266512,149708,48612,3043618,860084,314010,0,195274,359200,74839,3525647,23789065
57400,384021256,374429,41699,39454,30060,20106,83175,511954,125766,19480,50104,75948,101968,333776,64208,64866,147234,68292,117735,68697,256777,266965,149979,48692,3049002,861631,314538,0,195596,359863,74966,3531830,23830744
57500,384690406,375076,41769,39526,30114,20131,83328,512852,125997,19506,50200,76080,102149,334352,64311,64977,147472,68420,117946,68821,257227,267453,150242,48780,3054366,863183,315074,0,195941,360515,75118,3537826,23872421
57600,385360708,375728,41841,39580,30174,20170,83484,513734,126224,19543,50291,76223,102341,334926,64434,65103,147729,68543,118156,68938,257674,267888,150511,48861,3059790,864634,315606,0,196310,361184,75240,3544056,23914120
57700,386029450,376400,41915,39638,30219,20202,83642,514617,126439,19577,50382,76349,102502,335495,64542,65211,148013,68667,118362,69069,258129,268333,150780,48950,3065084,866155,316159,0,196645,361804,75390,3550238,23955998
57800,386699799,377055,41989,39700,30271,20231,83781,515506,126672,19605,50484,76466,102703,336084,64656,65324,148281,68782,118581,69193,258547,268805,151033,49032,3070430,867618,316694,0,197005,362436,75505,3556373,23997129
57900,387370579,377751,42070,39768,30320,20275,83923,516423,126896,19638,50565,76607,102889,336679,64762,65436,148540,68896,118789,69332,259017,269295,151277,49123,3075834,869168,317253,0,197351,363034,75636,3562577,24039072
58000,388040038,378415,42150,39829,30379,20316,84056,517304,127111,19665,50644,76740,103060,337248,64884,65541,148805,69000,118984,69462,259430,269759,151545,49192,3081173,870608,317796,0,197678,363688,75764,3568704,24080442
58100,388710120,379045,42220,39894,30427,20351,84197,518207,127337,19699,50732,76862,103236,337815,64992,65654,149061,69124,119184,69579,259891,270250,151824,49274,3086617,872128,318374,0,198037,364321,75891,3574836,24122081
58200,389379619,379720,42287,39955,30477,20386,84346,519090,127554,19723,50820,77003,103405,338394,65092,65770,149317,69248,119370,69693,260357,270713,152069,49367,3091955,873630,318890,0,198361,364917,76028,3580902,24163574
58300,390050104,380370,42362,40028,30525,20417,84482,520036,127779,19753,50914,77126,103590,338971,65215,65891,149567,69363,119592,69800,260813,271170,152324,49455,3097183,875148,319419,0,198693,365502,76170,3587118,24205413
58400,390720357,381061,42440,40096,30575,20457,84619,520966,128001,19790,51010,77271,103763,339531,65321,65998,149820,69487,119792,69910,261269,271632,152575,49536,3102413,876712,319990,0,199038,366054,76308,3593338,24246911
58500,391390767,381730,42517,40169,30638,20488,84769,521882,128199,19817,51090,77403,103921,340087,65440,66109,150079,69601,119997,70024,261712,272099,152823,49626,3107671,878252,320508,0,199376,366663,76448,3599495,24288218
58600,392059920,382388,42587,40254,30694,20535,84914,522789,128417,19852,51191,77543,104081,340666,65539,66222,150303,69719,120185,70141,262139,272553,153078,49706,3112916,879729,321015,0,199727,367271,76571,3605681,24329627
58700,392727649,383030,42655,40335,30749,20573,85070,523711,128626,19885,51265,77680,104241,341215,65648,66335,150560,69838,120395,70267,262584,272996,153353,49800,3118291,881191,321558,0,200097,367878,76720,3611896,24370800
58800,393397336,383691,42728,40418,30803,20609,85208,524608,128846,19917,51357,77803,104399,341771,65770,66467,150816,69947,120600,70386,263024,273456,153626,49894,3123622,882715,322106,0,200440,368497,76859,3618055,24412418
58900,394066032,384359,42788,40484,30856,20643,85372,525475,129062,19958,51446,77936,104574,342368,65876,66564,151079,70057,120780,70512,263465,273913,153881,49966,3128981,884240,322671,0,200814,369123,76992,3624181,24453866
59000,394734725,385006,42860,40549,30914,20678,85528,526337,129296,19994,51548,78055,104768,342984,65997,66671,151327,70180,121005,70634,263910,274393,154145,50057,3134274,885716,323202,0,201185,369771,77130,3630254,24495621
59100,395405095,385656,42930,40621,30965,20717,85663,527214,129512,20022,51632,78173,104943,343583,66100,66782,151588,70296,121202,70754,264339,274853,154422,50147,3139523,887239,323748,0,201507,370452,77269,3636468,24537311
59200,396075720,386344,42991,40697,31022,20756,85815,528142,129726,20052,51731,78310,105116,344156,66214,66889,151850,70441,121418,70860,264765,275325,154649,50234,3144923,888762,324305,0,201832,371131,77397,3642644,24578999
59300,396744222,387011,43064,40767,31071,20786,85946,529052,129967,20086,51813,78450,105296,344755,66328,66994,152109,70566,121618,70977,265217,275787,154902,50322,3150237,890337,324861,0,202191,371748,77515,3648727,24620548
59400,397413534,387665,43131,40834,31134,20821,86089,529988,130194,20121,51902,78610,105461,345347,66447,67114,152356,70688,121817,71094,265654,276235,155167,50402,3155605,891777,325393,0,202550,372372,77640,3654888,24662356
59500,398083540,388316,43197,40909,31191,20859,86247,530850,130407,20153,51991,78743,105620,345909,66549,67235,152637,70803,122030,71193,266114,276719,155417,50492,3160903,893303,325941,0,202903,373013,77794,3661084,24703845
59600,398753421,388969,43269,40967,31244,20895,86398,531701,130642,20186,52072,78863,105793,346499,66669,67341,152884,70931,122239,71325,266538,277196,155672,50578,3166195,894816,326523,0,203254,373630,77924,3667132,24745548
59700,399424076,389708,43342,41034,31297,20935,86543,532577,130880,20221,52161,78987,105973,347080,66786,67455,153150,71059,122418,71448,266971,277642,155946,50667,3171589,896348,327069,0,203592,374263,78051,3673343,24787290
59800,400092563,390394,43406,41109,31357,20961,86684,533454,131084,20250,52256,79117,106159,347653,66881,67567,153385,71169,122619,71560,267427,278121,156191,50746,3176917,897911,327622,0,203920,374873,78169,3679537,24828939
59900,400763110,391045,43491,41181,31416,20993,86833,534358,131291,20286,52349,79257,106342,348226,67001,67695,153638,71284,122833,71687,267867,278556,156453,50816,3182241,899445,328162,0,204267,375511,78297,3685722,24870483
60000,401432040,391725,43561,41251,31476,21027,86990,535258,131515,20329,52433,79380,106507,348802,67108,67814,153901,71395,123041,71804,268303,279032,156707,50888,3187567,900923,328689,0,204625,376138,78441,3691917,24911886
60100,402101032,392427,43627,41317,31534,21054,87141,536199,131743,20362,52506,79519,106685,349358,67232,67927,154155,71498,123235,71932,268740,279488,156970,50980,3192953,902380,329249,0,204968,376764,78580,3698102,24953437
60200,402769485,393079,43710,41381,31586,21092,87285,537077,131942,20397,52576,79636,106876,349914,67344,68032,154416,71614,123435,72066,269167,279933,157264,51055,3198361,903811,329808,0,205300,377389,78703,3704335,24994854
60300,403440409,393711,43787,41445,31637,21125,87431,537977,132161,20427,52669,79781,107053,350494,67456,68158,154695,71728,123635,72188,269611,280379,157526,51129,3203589,905279,330358,0,205655,378012,78832,3710506,25036304
60400,404110271,394372,43857,41503,31686,21154,87565,538886,132382,20458,52751,79913,107214,351063,67581,68258,154941,71839,123848,72306,270047,280854,157791,51234,3208983,906726,330898,0,205994,378629,78960,3716688,25078146
60500,404779045,395023,43922,41578,31730,21185,87706,539805,132599,20492,52824,80060,107409,351617,67694,68384,155223,71970,124036,72430,270500,281293,158073,51312,3214323,908191,331429,0,206311,379209,79106,3722802,25119855
60600,405448619,395684,43995,41648,31783,21216,87849,540730,132798,20521,52900,80183,107593,352210,67805,68485,155481,72089,124239,72558,270934,281766,158322,51390,3219540,909655,332009,0,206623,379861,79243,3728848,25161488
60700,406117459,396314,44070,41713,31829,21254,87987,541627,133033,20555,52987,80324,107772,352811,67910,68591,155744,72225,124447,72673,271382,282224,158589,51487,3224809,911181,332541,0,206950,380487,79382,3734925,25202928
60800,406786739,396961,44151,41790,31877,21289,88131,542518,133262,20590,53079,80444,107932,353363,68030,68704,156007,72342,124653,72802,271827,282692,158845,51577,3230171,912692,333095,0,207291,381099,79516,3741054,25244774
60900,407456313,397602,44219,41867,31924,21318,88284,543414,133467,20634,53163,80575,108084,353930,68136,68821,156250,72465,124854,72925,272270,283134,159101,51675,3235511,914220,333641,0,207640,381724,79644,3747172,25286219
61000,408124058,398238,44288,41932,31969,21349,88438,544350,133681,20676,53249,80713,108253,354488,68256,68948,156520,72585,125069,73052,272738,283623,159372,51748,3240857,915718,334201,0,207977,382347,79774,3753239,25327821
61100,408793897,398813,44369,42007,32023,21385,88566,545216,133903,20704,53333,80849,108436,355071,68366,69069,156797,72705,125267,73173,273187,284101,159618,51831,3246332,917214,334745,0,208327,382942,79901,3759234,25369785
61200,409463906,399459,44450,42075,32071,21421,88711,546117,134132,20738,53417,80996,108612,355633,68493,69190,157042,72843,125464,73291,273642,284530,159873,51902,3251617,918703,335328,0,208680,383558,80031,3765479,25410975
61300,410133727,400125,44535,42146,32131,21456,88860,547032,134354,20768,53500,81137,108794,356203,68618,69306,157304,72966,125673,73423,274089,285003,160140,51995,3256881,920203,335915,0,209036,384178,80166,3771686,25452597
61400,410803176,400745,44603,42210,32193,21493,89013,547898,134558,20796,53579,81256,108964,356810,68735,69430,157558,73087,125884,73547,274547,285470,160394,52085,3262094,921705,336460,0,209382,384789,80298,3777802,25494057
61500,411472249,401373,44677,42278,32250,21524,89148,548800,134771,20837,53663,81395,109150,357402,68848,69536,157809,73216,126109,73668,275001,285913,160658,52171,3267417,923241,337013,0,209698,385404,80418,3783920,25535710
61600,412141010,402018,44742,42355,32293,21565,89292,549670,134991,20874,53741,81514,109317,357968,68945,69661,158074,73335,126310,73779,275437,286338,160928,52241,3272697,924763,337556,0,210013,386013,80564,3790032,25577462
61700,412809730,402682,44813,42420,32345,21598,89435,550545,135192,20901,53828,81647,109486,358559,69052,69781,158306,73461,126534,73901,275895,286790,161173,52328,3278114,926272,338131,0,210360,386606,80703,3796175,25619066
61800,413479011,403302,44883,42490,32397,21636,89586,551444,135396,20940,53932,81776,109648,359155,69172,69898,158569,73583,126728,74027,276346,287250,161434,52413,3283524,927814,338674,0,210703,387263,80828,3802380,25660809
61900,414148233,403933,44952,42563,32453,21666,89745,552325,135623,20977,54035,81911,109810,359771,69274,70012,158821,73703,126936,74152,276807,287714,161692,52487,3288875,929357,339210,0,211033,387874,80962,3808624,25702210
62000,414816996,404580,45033,42628,32495,21705,89877,553222,135833,21011,54132,82040,109985,360356,69398,70113,159093,73819,127160,74275,277243,288165,161945,52581,3294265,930868,339803,0,211352,388498,81076,3814786,25743983
62100,415485871,405209,45108,42697,32541,21739,90030,554156,136047,21046,54212,82187,110156,360936,69517,70219,159357,73942,127355,74396,277683,288624,162204,52666,3299536,932361,340355,0,211674,389120,81205,3820893,25785574
62200,416156078,405871,45194,42769,32593,21776,90169,555070,136267,21082,54301,82313,110313,361510,69637,70344,159626,74060,127562,74517,278153,289112,162481,52755,3304844,933801,340889,0,212032,389746,81334,3827085,25827168
62300,416825651,406528,45259,42832,32637,21810,90317,556005,136464,21112,54388,82442,110476,362117,69742,70456,159876,74193,127746,74626,278637,289579,162731,52827,3310096,935248,341456,0,212380,390345,81466,3833125,25868547
62400,417494856,407195,45333,42908,32681,21847,90445,556864,136686,21148,54474,82580,110648,362715,69842,70580,160142,74321,127967,74735,279115,290042,162968,52898,3315510,936806,341991,0,212723,390948,81594,3839348,25910225
62500,418163656,407845,45398,42969,32731,21889,90577,557802,136915,21178,54557,82720,110832,363297,69958,70692,160396,74416,128169,74846,279556,290503,163202,52991,3320872,938331,342541,0,213066,391561,81718,3845554,25951855
62600,418834148,408494,45472,43036,32775,21923,90711,558576,137118,21217,54649,82857,111021,363872,70075,70799,160637,74529,128374,74974,280018,290983,163449,53080,3326146,939869,343096,0,213415,392172,81846,3851669,25993587
62700,419502496,409144,45529,43103,32813,21956,90880,559480,137333,21258,54734,82989,111194,364454,70189,70905,160895,74638,128589,75088,280480,291469,163685,53158,3331396,941339,343652,0,213779,392781,81978,3857852,26035353
62800,420171658,409768,45590,43170,32857,21987,91025,560404,137552,21293,54829,83124,111380,365032,70305,71015,161139,74763,128787,75215,280905,291918,163947,53234,3336705,942805,344185,0,214111,393386,82118,3864027,26076604
62900,420840440,410450,45663,43222,32908,22016,91165,561278,137784,21324,54908,83260,111563,365617,70414,71134,161413,74877,128995,75319,281359,292365,164214,53315,3342091,944284,344731,0,214457,394017,82232,3870219,26118323
63000,421509910,411079,45736,43296,32969,22058,91315,562172,138007,21355,54986,83397,111741,366191,70538,71257,161671,74995,129206,75432,281817,292834,164470,53413,3347370,945791,345294,0,214808,394658,82362,3876328,26159919
63100,422178953,411689,45809,43357,33018,22083,91458,563079,138196,21387,55083,83541,111931,366790,70637,71374,161916,75109,129421,75551,282282,293289,164737,53506,3352615,947235,345852,0,215147,395293,82494,3882401,26201852
63200,422848272,412340,45887,43429,33079,22109,91596,563989,138416,21424,55170,83677,112113,367387,70743,71486,162179,75220,129627,75670,282737,293750,165002,53585,3357973,948746,346373,0,215483,395900,82623,3888604,26243555
63300,423517319,412971,45956,43506,33140,22134,91740,564863,138653,21460,55250,83815,112303,367988,70855,71593,162457,75332,129821,75782,283153,294219,165269,53663,3363416,950221,346928,0,215817,396482,82749,3894770,26285113
63400,424187933,413607,46020,43562,33194,22168,91889,565784,138869,21502,55344,83946,112468,368562,70967,71708,162693,75438,130005,75915,283582,294660,165515,53768,3368743,951739,347450,0,216178,397106,82880,3900880,26326420
63500,424856533,414279,46098,43625,33239,22200,92036,566692,139091,21539,55428,84079,112651,369115,71072,71828,162968,75557,130201,76036,284017,295140,165780,53844,3374039,953262,348001,0,216527,397767,83016,3907166,26367511
63600,425526077,414914,46163,43695,33296,22229,92176,567623,139307,21577,55517,84203,112840,369713,71180,71929,163214,75691,130414,76157,284472,295622,166045,53930,3379329,954762,348542,0,216864,398414,83170,3913367,26408990
63700,426195685,415587,46219,43763,33347,22268,92331,568507,139525,21612,55593,84338,112995,370318,71295,72024,163474,75801,130607,76286,284924,296072,166306,54022,3384714,956257,349065,0,217225,399019,83297,3919402,26450529
63800,426865142,416305,46287,43829,33405,22303,92483,569392,139754,21640,55674,84475,113183,370874,71399,72147,163718,75936,130816,76406,285359,296521,166574,54100,3389946,957752,349576,0,217566,399659,83435,3925529,26492413
63900,427534903,416970,46356,43882,33460,22339,92626,570261,139990,21671,55763,84605,113363,371464,71517,72271,163957,76064,131027,76520,285819,296970,166866,54184,3395274,959247,350158,0,217912,400243,83576,3931731,26533795
64000,428204294,417553,46429,43955,33502,22378,92774,571121,140209,21703,55857,84738,113542,372056,71618,72382,164224,76186,131231,76634,286285,297399,167140,54262,3400655,960768,350709,0,218266,400884,83711,3937848,26575162
64100,428873942,418199,46503,44031,33555,22405,92919,571960,140432,21739,55941,84874,113700,372642,71724,72503,164483,76302,131437,76754,286720,297865,167402,54353,3406016,962225,351269,0,218632,401516,83836,3943990,26617026
64200,429542419,418875,46573,44092,33606,22440,93058,572863,140651,21770,56034,85015,113880,373231,71835,72609,164752,76420,131641,76873,287149,298328,167666,54437,3411168,963742,351817,0,218980,402160,83975,3950130,26658658
64300,430211541,419533,46643,44146,33656,22482,93200,573763,140859,21805,56117,85147,114044,373804,71947,72725,165009,76556,131843,76990,287585,298783,167919,54524,3416378,965237,352360,0,219321,402765,84118,3956352,26700396
64400,430880422,420180,46720,44213,33716,22512,93349,574677,141077,21839,56220,85278,114212,374387,72047,72821,165263,76672,132045,77118,288012,299250,168174,54611,3421608,966687,352934,0,219643,403394,84244,3962475,26742089
64500,431548424,420831,46786,44281,33770,22548,93489,575594,141299,21863,56313,85412,114380,374939,72149,72922,165497,76785,132239,77235,288457,299725,168427,54699,3426876,968188,353483,0,220008,403989,84380,3968628,26783714
64600,432218062,421495,46856,44345,33822,22586,93613,576467,141520,21910,56415,85547,114568,375550,72272,73026,165744,76894,132439,77351,288903,300190,168660,54783,3432118,969738,354036,0,220362,404612,84502,3974835,26825239
64700,432886881,422123,46931,44410,33872,22619,93770,577364,141753,21956,56494,85681,114771,376139,72374,73131,166013,77005,132665,77479,289339,300642,168931,54862,3437438,971200,354582,0,220709,405271,84625,3980940,26866713
64800,433557369,422755,47006,44475,33923,22653,93911,578276,141985,21990,56585,85817,114940,376731,72491,73244,166261,77132,132871,77601,289743,301123,169180,54954,3442800,972730,355136,0,221060,405893,84742,3987166,26908481
64900,434225879,423411,47070,44543,33971,22690,94050,579100,142184,22027,56659,85940,115109,377289,72614,73352,166507,77244,133060,77734,290203,301557,169449,55029,3448166,974215,355687,0,221406,406504,84887,3993385,26950236
65000,434895441,424059,47146,44604,34040,22724,94193,580006,142396,22064,56738,86073,115284,377834,72744,73454,166773,77373,133262,77866,290649,302006,169705,55112,3453587,975740,356229,0,221720,407101,85034,3999503,26991607
65100,435565715,424745,47208,44674,34100,22767,94351,580919,142626,22096,56830,86214,115474,378420,72856,73562,167020,77500,133449,77981,291096,302464,169958,55202,3458889,977231,356739,0,222062,407734,85185,4005681,27033334
65200,436236287,425423,47273,44742,34144,22801,94485,581771,142854,22133,56921,86348,115652,379015,72980,73680,167277,77615,133656,78109,291513,302889,170207,55285,3464247,978749,357335,0,222403,408366,85310,4011837,27075018
65300,436904917,426078,47345,44812,34201,22843,94632,582691,143047,22163,57003,86479,115834,379591,73092,73803,167488,77735,133859,78222,291939,303372,170474,55369,3469506,980234,357880,0,222768,409017,85429,4018003,27116231
65400,437574046,426715,47420,44879,34249,22874,94772,583575,143257,22208,57094,86612,115999,380146,73191,73915,167727,77841,134060,78342,292383,303875,170744,55450,3474756,981766,358422,0,223119,409602,85560,4024171,27157944
65500,438242269,427392,47485,44948,34304,22906,94919,584465,143486,22250,57178,86750,116202,380712,73293,74019,167999,77957,134262,78456,292832,304344,171031,55541,3479986,983219,359010,0,223433,410211,85682,4030464,27199526
65600,438910910,428049,47554,45018,34354,22945,95090,585352,143686,22286,57266,86873,116405,381288,73413,74116,168222,78072,134473,78569,293277,304802,171320,55617,3485380,984755,359556,0,223773,410824,85807,4036803,27241240
65700,439579781,428707,47623,45085,34402,22996,95232,586247,143918,22325,57346,87013,116579,381879,73534,74227,168473,78172,134685,78688,293725,305298,171572,55709,3490721,986274,360099,0,224090,411470,85931,4042968,27282944
65800,440249596,429387,47700,45153,34456,23035,95357,587148,144130,22355,57449,87162,116763,382494,73659,74335,168754,78289,134905,78810,294177,305780,171816,55796,3496109,987753,360640,0,224439,412124,86055,4049220,27324674
65900,440918971,430039,47775,45229,34503,23066,95503,588074,144348,22387,57557,87287,116942,383100,73766,74442,168995,78415,135118,78937,294647,306239,172084,55881,3501439,989209,361194,0,224757,412724,86184,4055425,27366351
66000,441588536,430699,47850,45299,34561,23105,95662,588981,144563,22419,57653,87426,117137,383689,73890,74550,169244,78534,135328,79079,295101,306697,172343,55948,3506751,990702,361740,0,225126,413362,86326,4061542,27408124
66100,442257431,431348,47925,45372,34610,23140,95799,589851,144765,22458,57751,87566,117309,384250,74008,74662,169520,78648,135521,79203,295525,307166,172585,56031,3512151,992218,362306,0,225468,413990,86462,4067664,27449846
66200,442926708,432002,47997,45431,34665,23175,95948,590784,144982,22493,57841,87704,117485,384818,74121,74758,169767,78772,135725,79335,295975,307632,172840,56118,3517481,993734,362866,0,225801,414629,86579,4073799,27491525
66300,443596694,432604,48078,45484,34714,23206,96117,591686,145186,22530,57927,87838,117675,385407,74234,74870,170025,78895,135928,79460,296423,308130,173093,56217,3522887,995188,363403,0,226126,415251,86706,4079824,27533111
66400,444265287,433278,48156,45555,34775,23241,96285,592577,145400,22568,58025,87969,117852,386007,74343,74983,170289,79012,136112,79579,296886,308604,173397,56307,3528166,996724,363953,0,226457,415898,86837,4085897,27574863
66500,444934358,433907,48215,45642,34828,23275,96437,593458,145610,22601,58118,88099,118031,386584,74450,75103,170556,79122,136321,79705,297349,309062,173649,56384,3533514,998233,364524,0,226775,416495,86968,4092074,27616245
66600,445605614,434563,48293,45719,34886,23306,96591,594360,145827,22636,58217,88230,118205,387155,74558,75205,170833,79218,136524,79820,297784,309531,173909,56457,3538806,999683,365070,0,227153,417161,87086,4098202,27657996
66700,446275251,435196,48361,45782,34948,23344,96726,595265,146049,22670,58311,88366,118353,387713,74668,75308,171065,79345,136720,79961,298228,310020,174151,56557,3544102,1001198,365604,0,227464,417831,87225,4104418,27699373
66800,446943009,435849,48434,45852,34995,23371,96878,596138,146245,22702,58400,88493,118550,388282,74769,75421,171307,79471,136904,80091,298689,310473,174411,56629,3549440,1002773,366146,0,227812,418456,87371,4110576,27741106
66900,447612179,436517,48514,45923,35049,23411,97023,597045,146440,22735,58481,88642,118730,388865,74878,75547,171566,79592,137121,80219,299137,310943,174664,56715,3554866,1004266,366697,0,228158,419053,87512,4116783,27782942
67000,448281396,437139,48585,45990,35100,23446,97155,597920,146673,22773,58569,88775,118931,389408,74978,75665,171802,79713,137318,80330,299581,311374,174913,56810,3560053,1005746,367290,0,228481,419679,87637,4122937,27824492
67100,448951443,437753,48662,46058,35152,23492,97306,598855,146900,22807,58673,88905,119106,389961,75094,75782,172062,79843,137511,80455,300037,311843,175199,56893,3565286,1007259,367842,0,228840,420285,87751,4129124,27866041
67200,449620847,438406,48739,46122,35194,23534,97454,599751,147138,22836,58768,89033,119298,390553,75203,75892,172309,79977,137704,80574,300482,312287,175442,56976,3570580,1008716,368396,0,229171,420912,87877,4135152,27907858
67300,450289524,439074,48809,46196,35243,23568,97595,600656,147381,22869,58857,89167,119459,391115,75326,76007,172588,80094,137894,80694,300956,312745,175723,57063,3575918,1010159,368949,0,229524,421572,88018,4141245,27949528
67400,450958115,439735,48876,46274,35289,23606,97734,601555,147613,22908,58953,89303,119617,391691,75439,76134,172841,80213,138097,80811,301406,313185,176006,57150,3581257,1011669,369525,0,229873,422204,88149,4147499,27990982
67500,451628702,440377,48958,46349,35345,23648,97895,602473,147826,22945,59048,89440,119797,392262,75544,76251,173077,80318,138288,80933,301854,313640,176276,57237,3586620,1013183,370084,0,230228,422845,88282,4153744,28032440
67600,452298130,441041,49032,46416,35396,23678,98031,603355,148050,22975,59135,89561,119976,392831,75654,76357,173335,80428,138494,81064,302304,314132,176546,57317,3592020,1014729,370646,0,230545,423464,88412,4159949,28074172
67700,452967140,441698,49108,46489,35458,23719,98179,604249,148247,23009,59225,89705,120159,393454,75755,76476,173614,80546,138696,81191,302762,314588,176814,57397,3597285,1016220,371224,0,230897,424076,88551,4166136,28115723
67800,453637915,442357,49182,46549,35518,23754,98341,605087,148473,23047,59312,89834,120341,394021,75862,76581,173884,80667,138930,81315,303199,315058,177064,57478,3602503,1017707,371778,0,231249,424726,88685,4172301,28157470
67900,454308519,442994,49254,46620,35580,23781,98484,605963,148700,23072,59389,89981,120536,394611,75978,76695,174147,80784,139120,81445,303618,315546,177307,57562,3607835,1019196,372329,0,231596,425306,88818,4178463,28199230
68000,454978533,443655,49326,46698,35628,23811,98627,606867,148897,23114,59478,90116,120708,395225,76089,76795,174411,80917,139323,81575,304104,316019,177583,57640,3613183,1020694,372874,0,231939,425903,88942,4184722,28240821
68100,455648323,444298,49412,46769,35677,23844,98779,607764,149116,23160,59575,90258,120877,395795,76198,76893,174681,81029,139534,81699,304568,316484,177862,57723,3618370,1022202,373416,0,232293,426494,89080,4190887,28282462
68200,456319580,444904,49487,46832,35723,23883,98941,608653,149346,23196,59662,90390,121057,396370,76320,77014,174945,81129,139736,81816,305032,316957,178133,57820,3623535,1023744,373942,0,232579,427106,89209,4197033,28324183
68300,456989687,445544,49565,46912,35779,23916,99094,609530,149578,23232,59760,90527,121238,396962,76433,77126,175200,81243,139943,81948,305494,317465,178401,57903,3628819,1025203,374497,0,232886,427748,89333,4203161,28366000
68400,457660383,446184,49630,46983,35831,23956,99243,610452,149790,23270,59851,90651,121414,397562,76552,77235,175460,81363,140159,82065,305951,317915,178656,57988,3634094,1026714,375041,0,233235,428346,89462,4209296,28407720
68500,458329127,446839,49703,47060,35886,23987,99374,611306,149993,23307,59932,90774,121566,398110,76656,77353,175706,81486,140350,82175,306396,318372,178915,58078,3639411,1028235,375578,0,233576,428989,89587,4215431,28449059
68600,458999629,447507,49768,47131,35938,24023,99525,612219,150222,23347,60023,90903,121749,398690,76764,77471,175969,81600,140567,82302,306835,318836,179178,58178,3644765,1029807,376139,0,233892,429620,89727,4221531,28490804
68700,459668046,448151,49831,47208,35977,24056,99664,613084,150451,23381,60110,91035,121939,399244,76884,77570,176256,81717,140772,82418,307274,319312,179431,58272,3650048,1031309,376722,0,234246,430324,89854,4227737,28532358
68800,460338247,448781,49896,47273,36033,24093,99786,613958,150671,23413,60179,91159,122127,399826,76986,77690,176496,81845,140991,82545,307696,319754,179707,58367,3655307,1032804,377261,0,234586,430935,89974,4233886,28573941
68900,461007964,449437,49969,47344,36081,24126,99929,614855,150903,23447,60265,91283,122310,400411,77101,77805,176716,81963,141208,82657,308164,320202,179968,58455,3660662,1034319,377836,0,234933,431593,90103,4240042,28615616
69000,461677361,450110,50039,47410,36137,24153,100063,615794,151136,23484,60355,91414,122495,400996,77217,77927,176970,82086,141411,82770,308643,320678,180245,58528,3665979,1035808,378383,0,235254,432207,90254,4246150,28657465
69100,462347423,450774,50116,47465,36184,24183,100195,616728,151359,23521,60440,91550,122678,401571,77334,78048,177223,82216,141629,82913,309096,321148,180508,58607,3671325,1037283,378917,0,235601,432846,90383,4252310,28698942
69200,463016212,451436,50185,47542,36229,24216,100353,617586,151569,23564,60526,91687,122833,402169,77456,78166,177475,82338,141825,83033,309553,321616,180764,58696,3676672,1038719,379487,0,235949,433458,90512,4258395,28740766
69300,463684459,452131,50262,47609,36279,24248,100498,618453,151791,23596,60605,91803,123002,402737,77577,78261,177700,82450,142021,83159,309966,322094,181047,58788,3682061,1040217,380043,0,236312,434075,90641,4264498,28782173
69400,464353819,452779,50330,47673,36326,24284,100632,619345,152032,23631,60694,91929,123172,403344,77681,78369,177964,82579,142221,83289,310423,322585,181322,58875,3687353,1041754,380593,0,236654,434728,90761,4270662,28823775
69500,465022953,453445,50405,47744,36390,24311,100758,620223,152236,23667,60776,92058,123352,403900,77788,78480,178211,82693,142435,83412,310860,323040,181569,58959,3692707,1043273,381132,0,236998,435356,90886,4276801,28865521
69600,465691751,454087,50477,47807,36439,24340,100904,621138,152437,23703,60856,92187,123519,404493,77908,78588,178442,82806,142634,83513,311327,323507,181854,59024,3698025,1044821,381670,0,237316,436005,91005,4282888,28907237
69700,466360624,454748,50555,47871,36495,24368,101032,622050,152651,23727,60944,92311,123687,405084,78013,78713,178697,82917,142830,83645,311787,323975,182121,59111,3703430,1046291,382215,0,237629,436643,91137,4288943,28948678
69800,467030194,455383,50624,47933,36544,24406,101184,622916,152879,23753,61046,92454,123858,405677,78121,78815,178954,83031,143043,83760,312244,324421,182380,59199,3708769,1047786,382781,0,238020,437269,91260,4295174,28990303
69900,467699285,456018,50701,48001,36589,24445,101339,623814,153095,23788,61127,92584,124035,406227,78230,78934,179203,83157,143203,83884,312664,324882,182642,59292,3713998,1049297,383325,0,238357,437845,91387,4301331,29031927
70000,468368693,456710,50785,48066,36645,24486,101486,624689,153321,23823,61219,92721,124202,406812,78347,79042,179457,83266,143404,84022,313115,325340,182915,59370,3719291,1050797,383828,0,238699,438469,91516,4307407,29073825
70100,469038977,457354,50853,48152,36702,24514,101648,625579,153509,23855,61310,92863,124387,407377,78469,79156,179727,83383,143627,84133,313562,325805,183188,59444,3724631,1052298,384349,0,239082,439098,91666,4313522,29115512
70200,469707526,457998,50925,48217,36754,24547,101791,626466,153701,23886,61398,92986,124539,407934,78588,79260,179979,83496,143845,84245,314005,326264,183448,59533,3729972,1053795,384921,0,239418,439741,91780,4319609,29157009
70300,470375418,458624,50991,48287,36801,24587,101931,627380,153928,23920,61486,93128,124719,408520,78686,79360,180242,83608,144031,84367,314468,326731,183708,59628,3735148,1055337,385472,0,239758,440346,91914,4325764,29198137
70400,471045244,459245,51066,48360,36860,24625,102058,628266,154135,23959,61577,93252,124903,409100,78786,79475,180468,83723,144233,84479,314904,327178,183981,59722,3740582,1056892,386052,0,240096,440959,92038,4331900,29239620
70500,471715413,459867,51148,48428,36911,24661,102211,629182,154352,23992,61652,93378,125072,409689,78894,79589,180708,83845,144440,84603,315361,327652,184224,59810,3745934,1058373,386592,0,240427,441568,92169,4338030,29281075
70600,472385476,460536,51230,48496,36956,24694,102348,630098,154545,24027,61752,93492,125238,410310,79000,79687,180941,83970,144638,84720,315815,328119,184486,59885,3751349,1059887,387141,0,240787,442183,92295,4344163,29322805
70700,473055506,461206,51301,48565,37012,24722,102485,631032,154745,24069,61837,93624,125408,410900,79103,79789,181201,84087,144838,84830,316257,328584,184736,59957,3756711,1061361,387682,0,241142,442803,92417,4350342,29364630
70800,473722822,461898,51374,48627,37066,24760,102617,631954,154969,24100,61927,93752,125598,411487,79211,79891,181454,84202,145058,84941,316702,329026,184986,60048,3762093,1062902,388238,0,241491,443436,92547,4356456,29406264
70900,474391168,462491,51442,48693,37110,24794,102765,632845,155181,24134,62027,93870,125761,412088,79336,80004,181719,84331,145252,85060,317168,329465,185256,60143,3767349,1064354,388800,0,241814,444087,92683,4362595,29447936
71000,475061513,463186,51513,48757,37159,24825,102910,633743,155407,24185,62101,94000,125937,412661,79444,80111,181979,84444,145451,85176,317610,329924,185541,60228,3772690,1065780,389380,0,242175,444736,92819,4368671,29489437
71100,475730008,463871,51581,48823,37210,24867,103062,634628,155611,24212,62178,94135,126104,413204,79551,80226,182248,84559,145647,85297,318065,330374,185785,60309,3777955,1067243,389903,0,242517,445359,92954,4374829,29531290
71200,476397870,464557,51652,48885,37262,24903,103221,635507,155844,24244,62254,94263,126281,413781,79663,80338,182498,84662,145864,85421,318523,330829,186055,60385,3783209,1068761,390426,0,242891,445997,93069,4380994,29572499
71300,477066410,465208,51728,48952,37321,24943,103357,636383,156060,24270,62334,94388,126461,414369,79780,80452,182769,84785,146069,85536,318959,331299,186295,60465,3788515,1070208,390980,0,243251,446665,93201,4387088,29613953
71400,477736742,465879,51806,49020,37380,24987,103499,637239,156272,24307,62413,94529,126654,414930,79890,80570,183026,84908,146293,85665,319377,331752,186569,60554,3793787,1071724,391501,0,243584,447280,93329,4393341,29655436
71500,478405413,466532,51894,49085,37428,25028,103655,638154,156476,24346,62504,94652,126825,415485,80020,80685,183292,85034,146503,85785,319818,332211,186846,60647,3799071,1073211,392063,0,243948,447886,93462,4399579,29697059
71600,479074742,467199,51966,49149,37483,25070,103807,639070,156686,24381,62603,94786,126999,416041,80139,80786,183511,85163,146717,85906,320271,332689,187108,60740,3804335,1074742,392613,0,244269,448524,93589,4405670,29738693
71700,479743413,467833,52043,49214,37526,25103,103961,640002,156910,24422,62686,94916,127182,416611,80253,80897,183780,85277,146903,86015,320718,333134,187375,60833,3809608,1076230,393154,0,244577,449142,93727,4411852,29780346
71800,480412549,468490,52114,49288,37573,25147,104104,640932,157130,24452,62783,95059,127370,417204,80360,81002,184043,85392,147107,86138,321169,333614,187643,60902,3814872,1077800,393714,0,244903,449728,93868,4417963,29821718
71900,481083672,469149,52186,49359,37621,25193,104264,641821,157348,24488,62870,95201,127527,417780,80473,81117,184273,85507,147328,86244,321601,334090,187934,60976,3820230,1079311,394248,0,245253,450349,94011,4424067,29863354
72000,481753577,469832,52263,49426,37668,25218,104426,642731,157559,24516,62966,95328,127701,418381,80585,81238,184532,85632,147538,86373,322052,334580,188190,61047,3825561,1080818,394798,0,245578,450949,94126,4430230,29905190
72100,482421540,470486,52334,49490,37722,25241,104561,643616,157768,24545,63050,95455,127859,418950,80708,81366,184771,85744,147755,86495,322484,335050,188477,61124,3830897,1082351,395360,0,245919,451612,94262,4436290,29946781
72200,483090599,471164,52406,49564,37774,25278,104696,644514,157994,24581,63146,95599,128038,419550,80823,81469,185049,85852,147967,86605,322899,335499,188757,61206,3836314,1083833,395890,0,246236,452206,94380,4442303,29988299
72300,483760549,471823,52481,49638,37818,25314,104843,645445,158209,24619,63234,95738,128219,420164,80927,81574,185305,85970,148187,86725,323339,335964,189022,61281,3841593,1085336,396453,0,246600,452828,94507,4448564,30030207
72400,484430050,472452,52552,49706,37886,25349,104990,646322,158424,24659,63314,95870,128400,420766,81044,81678,185561,86082,148394,86855,323777,336436,189263,61371,3846878,1086832,397030,0,246953,453429,94638,4454786,30071673
72500,485098571,473122,52627,49787,37941,25380,105145,647260,158642,24696,63407,95995,128566,421359,81154,81790,185814,86202,148598,86970,324233,336919,189516,61460,3852148,1088340,397538,0,247300,454066,94787,4460975,30113162
72600,485767702,473758,52703,49852,37985,25410,105279,648151,158877,24730,63506,96122,128762,421906,81255,81931,186090,86316,148798,87077,324698,337390,189766,61541,3857442,1089893,398086,0,247629,454686,94951,4467254,30154601
72700,486437003,474397,52772,49926,38033,25442,105418,649034,159099,24772,63589,96258,128937,422444,81376,82044,186354,86430,149000,87197,325130,337859,190044,61630,3862782,1091397,398658,0,247991,455352,95070,4473444,30196575
72800,487106014,475085,52837,49985,38080,25483,105558,649881,159332,24818,63676,96381,129123,423034,81474,82154,186617,86552,149220,87318,325614,338319,190298,61710,3868154,1092873,399207,0,248341,455949,95192,4479579,30238257
72900,487774658,475738,52911,50051,38122,25522,105704,650822,159555,24849,63755,96517,129285,423595,81579,82260,186880,86652,149427,87450,326060,338770,190542,61796,3873418,1094381,399729,0,248688,456596,95333,4485811,30279739
73000,488444235,476401,52990,50133,38174,25558,105849,651721,159779,24883,63838,96652,129475,424181,81699,82371,187131,86766,149598,87563,326478,339226,190794,61884,3878692,1095866,400258,0,249045,457274,95473,4491909,30321092
73100,489113711,477054,53059,50206,38235,25597,106001,652604,160001,24919,63924,96791,129648,424739,81815,82483,187385,86884,149803,87691,326920,339677,191060,61977,3884081,1097368,400815,0,249372,457927,95579,4498189,30362629
73200,489781939,477717,53154,50262,38287,25629,106144,653533,160218,24961,64020,96937,129822,425375,81934,82595,187642,87014,150022,87822,327399,340132,191324,62061,3889317,1098857,401340,0,249681,458547,95713,4504340,30404196
73300,490451129,478357,53221,50325,38344,25655,106294,654427,160420,24994,64099,97077,129982,425957,82050,82714,187909,87134,150217,87934,327826,340579,191579,62147,3894742,1100278,401877,0,250042,459193,95835,4510504,30445899
73400,491120703,479015,53294,50385,38393,25683,106428,655342,160634,25027,64188,97208,130183,426582,82167,82827,188160,87246,150429,88060,328268,341049,191839,62228,3899919,1101792,402421,0,250374,459809,95966,4516595,30487300
73500,491790684,479629,53367,50453,38445,25714,106577,656246,160845,25060,64278,97348,130358,427193,82276,82938,188419,87362,150629,88168,328717,341493,192102,62310,3905226,1103237,402993,0,250711,460424,96086,4522795,30528952
73600,492460381,480295,53430,50524,38513,25746,106734,657152,161063,25097,64366,97470,130538,427755,82395,83057,188700,87478,150819,88279,329168,341955,192347,62395,3910539,1104749,403514,0,251041,461037,96216,4528918,30570598
73700,493129252,480959,53503,50594,38570,25780,106887,658042,161284,25135,64461,97589,130746,428324,82505,83162,188961,87585,151029,88393,329604,342405,192587,62482,3915850,1106246,404061,0,251367,461647,96352,4535089,30611937
73800,493797621,481667,53589,50660,38630,25818,107036,658964,161518,25163,64560,97723,130924,428923,82611,83275,189204,87703,151218,88499,330064,342867,192824,62564,3921115,1107780,404612,0,251733,462252,96481,4541251,30653698
73900,494468517,482352,53663,50733,38681,25856,107181,659824,161734,25199,64638,97860,131110,429501,82720,83375,189445,87829,151425,88623,330524,343324,193073,62643,3926419,1109281,405184,0,252072,462916,96606,4547398,30695359
74000,495138405,483024,53732,50809,38741,25891,107311,660708,161949,25236,64717,98002,131293,430099,82817,83491,189697,87946,151631,88741,330960,343795,193320,62721,3931646,1110742,405758,0,252391,463528,96742,4553579,30736705
74100,495808645,483670,53796,50885,38793,25938,107452,661571,162144,25270,64788,98142,131456,430696,82927,83601,189965,88064,151829,88862,331428,344257,193564,62813,3936964,1112243,406296,0,252715,464169,96868,4559858,30778405
74200,496476663,484350,53869,50956,38849,25966,107584,662439,162376,25305,64864,98285,131646,431275,83046,83713,190227,88196,152048,88993,331888,344733,193800,62893,3942029,1113676,406834,0,253053,464799,97001,4565988,30819799
74300,497146367,485029,53937,51025,38897,25998,107744,663310,162596,25338,64951,98414,131818,431855,83167,83831,190489,88321,152248,89118,332348,345195,194055,62967,3947324,1115152,407421,0,253398,465416,97138,4572052,30861431
74400,497814790,485702,54008,51077,38957,26027,107892,664261,162844,25371,65029,98541,131992,432409,83287,83950,190740,88453,152448,89243,332807,345641,194314,63046,3952551,1116664,407934,0,253703,466015,97292,4578276,30903113
74500,498484333,486327,54086,51140,39008,26074,108025,665154,163057,25400,65119,98667,132172,432978,83393,84056,190999,88577,152660,89360,333249,346117,194570,63133,3957815,1118209,408473,0,254027,466635,97420,4584433,30944666
74600,499154663,487001,54169,51207,39058,26107,108160,666045,163254,25445,65202,98806,132369,433562,83507,84166,191243,88682,152876,89486,333719,346561,194828,63216,3963064,1119687,409033,0,254381,467227,97550,4590634,30986410
74700,499824363,487669,54246,51257,39112,26141,108315,666892,163460,25474,65282,98933,132546,434125,83619,84288,191478,88810,153055,89602,334172,347023,195086,63302,3968401,1121153,409571,0,254727,467847,97678,4596789,31028181
74800,500492987,488308,54316,51327,39158,26175,108463,667765,163694,25510,65366,99089,132722,434718,83736,84406,191734,88946,153246,89726,334627,347497,195338,63391,3973639,1122642,410159,0,255075,468479,97795,4602996,31069683
74900,501162400,488963,54376,51397,39202,26203,108623,668653,163919,25546,65459,99225,132875,435250,83843,84507,191996,89066,153459,89823,335054,347977,195611,63474,3978900,1124094,410688,0,255419,469130,97941,4609271,31111354
75000,501831722,489635,54453,51462,39257,26236,108771,669527,164165,25575,65548,99341,133031,435821,83947,84605,192241,89186,153641,89943,335500,348437,195873,63557,3984236,1125534,411245,0,255783,469802,98076,4615601,31152947
75100,502503093,490304,54533,51531,39298,26280,108914,670469,164399,25605,65631,99470,133197,436362,84064,84724,192483,89302,153847,90068,335933,348884,196128,63637,3989581,1127042,411790,0,256140,470418,98217,4621732,31194453
75200,503172999,490956,54608,51604,39360,26318,109070,671338,164608,25656,65732,99595,133363,436944,84182,84852,192759,89430,154091,90194,336388,349344,196394,63726,3994904,1128566,412349,0,256510,471051,98346,4627850,31236209
75300,503843060,491627,54674,51669,39412,26350,109206,672192,164839,25685,65822,99729,133539,437503,84292,84973,193015,89550,154299,90316,336837,349812,196644,63814,4000173,1130067,412917,0,256857,471665,98462,4633937,31277844
75400,504511102,492243,54734,51734,39463,26385,109344,673056,165045,25725,65910,99842,133714,438068,84399,85112,193260,89669,154502,90425,337296,350290,196884,63896,4005484,1131542,413491,0,257206,472286,98585,4640116,31319187
75500,505180509,492932,54805,51805,39519,26414,109478,673990,165266,25768,65992,99993,133892,438649,84509,85235,193500,89795,154699,90538,337744,350777,197144,63977,4010818,1133060,414041,0,257570,472902,98723,4646161,31360701
75600,505848423,493582,54879,51876,39563,26443,109641,674887,165488,25806,66082,100124,134060,439231,84623,85351,193761,89926,154893,90635,338161,351223,197411,64061,4016137,1134590,414581,0,257921,473517,98853,4652296,31402288
75700,506517314,494213,54947,51947,39616,26481,109782,675830,165704,25838,66164,100248,134242,439764,84736,85481,194028,90054,155117,90751,338629,351688,197681,64150,4021413,1136102,415117,0,258246,474131,98983,4658449,31443660
75800,507185281,494846,55020,52012,39670,26521,109943,676748,165941,25865,66241,100368,134422,440344,84856,85581,194275,90163,155318,90894,339088,352131,197936,64234,4026689,1137598,415674,0,258574,474765,99118,4664564,31485348
75900,507854250,495510,55089,52078,39728,26556,110084,677626,166171,25901,66335,100506,134614,440952,84978,85714,194516,90273,155524,91014,339536,352620,198216,64313,4032077,1139135,416226,0,258909,475400,99258,4670736,31526829
76000,508523906,496155,55163,52138,39786,26588,110224,678525,166374,25932,66420,100637,134800,441526,85109,85840,194793,90394,155718,91131,339972,353097,198476,64394,4037365,1140644,416780,0,259255,476033,99405,4676962,31568513
76100,509193708,496804,55237,52200,39831,26618,110375,679451,166600,25963,66508,100776,134979,442136,85223,85947,195054,90520,155913,91263,340438,353562,198744,64472,4042761,1142182,417311,0,259622,476650,99528,4683180,31610121
76200,509863812,497481,55303,52269,39879,26654,110530,680360,166817,25990,66606,100942,135163,442708,85345,86060,195314,90645,156117,91379,340861,354056,199020,64560,4048088,1143682,417860,0,259937,477245,99652,4689230,31651638
76300,510534303,498090,55378,52347,39935,26690,110682,681231,167045,26030,66704,101075,135331,443267,85474,86172,195553,90761,156321,91500,341303,354482,199264,64646,4053503,1145171,418417,0,260296,477882,99802,4695545,31693007
76400,511204648,498759,55438,52428,39978,26720,110840,682137,167243,26064,66788,101207,135514,443832,85579,86290,195801,90870,156518,91619,341764,354931,199501,64726,4058830,1146813,418959,0,260650,478497,99933,4701665,31733894
76500,511873131,499419,55506,52509,40038,26760,110977,683039,167473,26099,66886,101341,135678,444418,85695,86410,196069,90997,156721,91730,342201,355390,199752,64820,4064185,1148357,419547,0,260991,479115,100072,4707871,31775447
76600,512544307,500119,55592,52580,40089,26794,111101,683968,167703,26133,66959,101461,135860,445025,85806,86514,196343,91116,156914,91843,342637,355837,200010,64909,4069537,1149856,420086,0,261317,479731,100204,4714024,31817068
76700,513212928,500776,55664,52650,40135,26831,111256,684819,167948,26165,67052,101605,136037,445638,85931,86625,196608,91240,157109,91958,343080,356286,200269,64985,4074973,1151354,420617,0,261636,480351,100324,4720255,31858584
76800,513881366,501424,55753,52721,40194,26868,111397,685658,168181,26202,67133,101737,136208,446217,86045,86738,196863,91351,157319,92073,343519,356749,200514,65060,4080324,1152862,421183,0,261993,480935,100444,4726283,31900302
76900,514549606,502087,55837,52789,40245,26902,111541,686506,168404,26237,67220,101864,136369,446803,86146,86856,197118,91479,157497,92200,343941,357209,200751,65146,4085609,1154329,421687,0,262349,481581,100559,4732462,31941658
77000,515220341,502798,55907,52859,40291,26935,111692,687437,168584,26270,67315,101992,136528,447343,86260,86971,197371,91614,157701,92314,344388,357691,200998,65223,4090949,1155852,422237,0,262696,482204,100687,4738756,31983491
77100,515889556,503492,55985,52917,40348,26975,111831,688276,168792,26300,67392,102119,136708,447925,86363,87087,197611,91733,157903,92444,344824,358161,201239,65304,4096394,1157393,422798,0,263046,482793,100805,4744948,32024887
77200,516558438,504127,56058,52988,40400,27014,111990,689134,168997,26330,67475,102241,136881,448484,86472,87197,197873,91842,158121,92559,345267,358626,201495,65397,4101791,1158863,423381,0,263386,483416,100922,4751070,32066406
77300,517228111,504733,56121,53062,40448,27049,112128,690024,169209,26358,67569,102363,137047,449081,86596,87314,198114,91950,158341,92674,345711,359086,201757,65472,4107120,1160387,423908,0,263723,484026,101046,4757167,32108377
77400,517897557,505359,56200,53129,40497,27074,112272,690902,169429,26390,67650,102496,137228,449695,86711,87422,198375,92081,158534,92791,346166,359540,202022,65567,4112466,1161945,424453,0,264073,484656,101173,4763336,32149991
77500,518565209,506028,56273,53207,40542,27103,112414,691789,169662,26424,67732,102634,137397,450270,86824,87523,198642,92193,158763,92909,346613,360005,202288,65653,4117747,1163446,425034,0,264359,485292,101307,4769518,32191408
77600,519235286,506670,56341,53281,40600,27145,112542,692680,169878,26461,67823,102771,137561,450871,86942,87622,198889,92312,158985,93036,347066,360434,202537,65753,4122995,1164955,425587,0,264682,485920,101431,4775629,32233063
77700,519906283,507285,56419,53346,40650,27183,112692,693573,170093,26496,67917,102902,137736,451482,87054,87744,199143,92441,159199,93161,347509,360914,202787,65827,4128329,1166427,426175,0,265042,486560,101586,4781667,32274483
77800,520576579,507985,56498,53414,40714,27219,112839,694458,170285,26532,68016,103049,137916,452072,87173,87852,199404,92558,159405,93288,347985,361386,203054,65910,4133746,1167950,426741,0,265392,487205,101725,4787900,32316281
77900,521245851,508654,56561,53490,40761,27262,112980,695342,170484,26562,68112,103202,138093,452645,87278,87962,199645,92663,159611,93407,348432,361855,203309,65990,4139222,1169447,427276,0,265735,487861,101838,4794078,32357919
78000,521915238,509294,56647,53556,40811,27295,113119,696233,170706,26598,68203,103338,138272,453211,87392,88067,199910,92787,159823,93530,348879,362290,203558,66075,4144521,1170949,427810,0,266093,488474,101961,4800280,32399247
78100,522583298,509953,56725,53634,40875,27337,113244,697136,170945,26632,68298,103476,138464,453805,87500,88176,200174,92901,160021,93655,349328,362752,203830,66148,4149887,1172518,428368,0,266431,489077,102083,4806486,32441017
78200,523252992,510598,56790,53702,40918,27373,113390,697983,171169,26667,68400,103599,138673,454399,87620,88286,200434,93010,160230,93772,349781,363229,204075,66229,4155162,1174052,428892,0,266766,489714,102204,4812599,32482628
78300,523922933,511224,56869,53764,40964,27419,113552,698868,171395,26705,68472,103729,138851,454978,87732,88398,200668,93146,160449,93898,350239,363685,204349,66309,4160430,1175563,429463,0,267116,490318,102334,4818732,32524228
78400,524593768,511841,56944,53828,41018,27455,113712,699775,171586,26742,68558,103864,139023,455585,87854,88500,200904,93256,160659,94036,350689,364169,204620,66401,4165791,1177144,430021,0,267492,490945,102479,4824956,32565824
78500,525263110,512488,57010,53904,41070,27488,113854,700661,171819,26778,68648,104010,139203,456186,87974,88612,201172,93387,160854,94143,351125,364641,204869,66474,4171121,1178679,430589,0,267835,491550,102599,4831125,32607283
78600,525931100,513162,57079,53969,41124,27526,114002,701575,172060,26806,68743,104143,139382,456774,88091,88727,201426,93502,161074,94277,351568,365086,205131,66564,4176482,1180244,431145,0,268182,492168,102723,4837211,32649120
78700,526599601,513814,57149,54042,41179,27563,114146,702436,172271,26834,68821,104289,139556,457328,88202,88839,201673,93612,161279,94409,352007,365537,205413,66673,4181816,1181805,431715,0,268523,492764,102845,4843374,32690610
78800,527268632,514451,57223,54118,41243,27594,114291,703347,172479,26859,68904,104404,139735,457913,88331,88963,201936,93729,161459,94542,352435,365992,205681,66758,4187151,1183358,432251,0,268856,493388,102978,4849501,32732371
78900,527938385,515098,57287,54188,41288,27626,114429,704232,172708,26897,68985,104532,139909,458488,88435,89077,202185,93850,161655,94663,352863,366463,205935,66843,4192492,1184847,432788,0,269200,494020,103107,4855666,32773697
79000,528607041,515764,57361,54248,41337,27661,114582,705098,172920,26928,69084,104673,140063,459057,88541,89187,202478,93954,161858,94777,353306,366905,206180,66927,4197811,1186346,433321,0,269550,494659,103231,4861771,32815349
79100,529277344,516441,57430,54320,41386,27693,114743,705987,173123,26965,69162,104820,140235,459627,88664,89283,202723,94074,162038,94893,353732,367370,206430,67023,4203068,1187760,433877,0,269898,495266,103365,4867924,32857120
79200,529946254,517080,57515,54396,41437,27731,114876,706872,173327,27000,69247,104938,140428,460236,88757,89404,202956,94204,162231,95014,354163,367828,206684,67115,4208380,1189277,434425,0,270255,495868,103490,4874069,32898768
79300,530616292,517764,57577,54464,41481,27768,115040,707758,173565,27037,69334,105057,140599,460845,88869,89514,203224,94333,162432,95151,354610,368307,206955,67194,4213770,1190755,434975,0,270607,496490,103612,4880236,32940384
79400,531285498,518444,57656,54534,41527,27821,115188,708662,173783,27073,69423,105217,140778,461442,88977,89648,203476,94450,162647,95268,355066,368742,207201,67281,4219010,1192262,435503,0,270947,497147,103751,4886354,32981820
79500,531954204,519076,57720,54597,41583,27857,115331,709562,174001,27102,69516,105361,140928,462039,89097,89761,203733,94555,162861,95402,355521,369177,207476,67380,4224282,1193782,436058,0,271288,497797,103881,4892558,33023406
79600,532624425,519758,57799,54666,41636,27897,115482,710470,174219,27130,69609,105509,141089,462644,89201,89876,203994,94679,163080,95535,355964,369670,207751,67476,4229678,1195344,436621,0,271612,498378,104003,4898639,33065077
79700,533294063,520410,57881,54729,41693,27939,115622,711344,174442,27171,69688,105648,141279,463226,89302,89988,204248,94786,163295,95660,356410,370150,208001,67559,4235085,1196875,437189,0,271996,498984,104137,4904783,33107105
79800,533963624,521073,57950,54795,41751,27966,115773,712264,174680,27207,69779,105782,141474,463805,89404,90108,204499,94907,163491,95776,356869,370605,208273,67656,4240441,1198374,437748,0,272364,499629,104277,4911072,33148758
79900,534632452,521753,58013,54860,41810,27999,115927,713156,174885,27251,69858,105913,141654,464389,89524,90244,204757,95017,163714,95898,357305,371066,208542,67729,4245868,1199881,438277,0,272737,500245,104395,4917345,33190167
80000,535300847,522417,58094,54931,41861,28035,116068,714041,175108,27279,69948,106038,141845,464970,89638,90363,205005,95134,163937,96020,357754,371522,208807,67821,4251231,1201363,438826,0,273077,500880,104514,4923561,33231965
