0,0,0,0,0,0,0,0,0,0,0,0,0,0,0,0,0,0,0,0,0,0,0,0,0,0,0,0,0,0,0,0,0,0
100,15005,0,0,0,0,0,0,0,0,0,0,0,0,0,0,0,0,0,0,0,0,0,0,0,0,0,0,0,0,0,0,0,0
200,122161,5,0,0,0,0,0,6,6,0,1,0,2,17,0,0,0,0,9,0,10,9,8,0,88,37,34,0,5,7,4,97,123
300,245632,41,0,0,0,0,0,45,28,0,3,0,30,63,0,0,11,0,35,0,37,41,41,0,481,172,110,0,29,37,27,663,1867
400,371201,96,0,0,0,0,0,116,58,0,5,0,59,128,0,0,24,0,66,0,71,68,72,0,1033,356,177,0,63,100,54,1421,4837
500,498592,150,0,0,0,0,0,181,87,0,10,0,87,203,0,0,36,0,98,0,112,102,98,0,1632,522,257,0,97,152,77,2177,8421
600,627120,216,0,0,0,0,0,260,112,0,12,0,104,286,0,0,50,0,127,0,146,136,128,0,2269,726,335,0,130,233,107,2975,12347
700,755756,294,0,0,0,0,0,363,150,0,16,0,127,359,0,0,75,0,149,0,185,170,158,0,2870,924,400,0,165,288,129,3804,16585
800,884455,371,0,0,0,0,0,452,177,0,20,0,155,436,0,0,104,0,181,0,215,209,188,0,3544,1139,491,0,191,372,150,4670,20825
900,1013844,458,0,0,0,0,0,538,204,0,22,0,175,495,0,0,119,0,211,0,252,248,223,0,4208,1332,572,0,229,434,174,5493,25171
1000,1143530,525,0,0,0,0,0,626,235,0,24,0,200,579,0,0,145,0,237,0,282,289,254,0,4862,1547,655,0,266,497,201,6357,29603
1100,1273504,600,0,0,0,0,0,744,268,0,26,0,233,655,0,0,172,0,264,0,312,325,287,0,5577,1735,728,0,298,568,224,7236,33908
1200,1402836,683,0,0,0,0,0,825,302,0,28,0,256,735,0,0,199,0,292,0,361,366,322,0,6269,1949,812,0,353,637,242,8037,38179
1300,1532002,738,0,0,0,0,0,930,340,0,31,0,280,813,0,0,227,0,319,0,411,401,354,0,6940,2129,890,0,390,715,266,8885,42514
1400,1661570,804,0,0,0,0,0,1028,371,0,33,0,306,888,0,0,243,0,347,0,453,437,391,0,7620,2329,970,0,445,781,290,9709,46880
1500,1791335,880,0,0,0,0,0,1114,406,0,35,0,322,971,0,0,259,0,366,0,494,479,429,0,8293,2511,1052,0,483,854,317,10484,51135
1600,1921417,944,0,0,0,0,0,1208,434,0,42,0,354,1037,0,0,279,0,389,0,532,519,453,0,8961,2698,1141,0,526,921,332,11399,55453
1700,2050426,1024,0,0,0,0,0,1308,463,0,45,0,378,1110,0,0,300,0,422,0,573,558,492,0,9612,2900,1221,0,562,997,351,12235,59873
1800,2179593,1092,0,0,0,0,0,1395,495,0,49,0,399,1197,0,0,325,0,450,0,609,598,521,0,10289,3106,1299,0,601,1082,381,13100,64157
1900,2309524,1158,0,0,0,0,0,1490,532,0,54,0,423,1276,0,0,345,0,480,0,648,630,544,0,10945,3307,1379,0,644,1156,397,13945,68524
2000,2439254,1239,0,0,0,0,0,1578,552,0,56,0,447,1354,0,0,363,0,511,0,675,668,580,0,11626,3492,1464,0,689,1224,425,14795,72792
2100,2568836,1302,0,0,0,0,0,1676,581,0,61,0,480,1431,0,0,378,0,537,0,710,700,622,0,12300,3715,1543,0,735,1306,441,15661,77144
2200,2698268,1383,0,0,0,0,0,1767,619,0,64,0,507,1508,0,0,402,0,557,0,744,740,657,0,12964,3902,1632,0,769,1372,459,16462,81474
2300,2827829,1459,0,0,0,0,0,1853,641,0,65,0,536,1593,0,0,418,0,579,0,786,780,686,0,13647,4107,1710,0,801,1454,480,17316,85885
2400,2957545,1520,0,0,0,0,0,1969,668,0,67,0,571,1682,0,0,438,0,610,0,827,826,729,0,14302,4313,1797,0,838,1523,508,18210,90188
2500,3086820,1596,0,0,0,0,0,2070,698,0,68,0,597,1760,0,0,452,0,641,0,869,866,768,0,14917,4521,1875,0,876,1621,526,19047,94568
2600,3215944,1651,0,0,0,0,0,2153,734,0,69,0,630,1834,0,0,469,0,672,0,909,905,796,0,15613,4727,1952,0,920,1685,553,19880,98945
2700,3345118,1726,0,0,0,0,0,2263,763,0,72,0,647,1915,0,0,485,0,703,0,934,946,822,0,16257,4914,2032,0,964,1762,583,20730,103157
2800,3474267,1805,0,0,0,0,0,2352,792,0,75,0,670,1992,0,0,504,0,735,0,966,981,851,0,16943,5116,2112,0,1006,1838,609,21563,107518
2900,3602926,1882,0,0,0,0,0,2450,825,0,79,0,694,2068,0,0,523,0,765,0,1002,1017,891,0,17571,5316,2192,0,1043,1921,628,22380,111850
3000,3732029,1952,0,0,0,0,0,2534,848,0,80,0,716,2150,0,0,539,0,801,0,1041,1053,917,0,18262,5517,2286,0,1073,1986,650,23262,116226
3100,3860973,2023,0,0,0,0,0,2625,879,0,82,0,733,2236,0,0,558,0,828,0,1079,1088,956,0,18921,5744,2380,0,1110,2073,674,24067,120595
3200,3990625,2103,0,0,0,0,0,2718,905,0,84,0,761,2327,0,0,583,0,860,0,1112,1125,992,0,19609,5953,2462,0,1139,2143,705,24907,124894
3300,4120109,2174,0,0,0,0,0,2814,928,0,87,0,793,2415,0,0,597,0,884,0,1157,1159,1023,0,20262,6141,2540,0,1173,2223,730,25745,129222
3400,4249544,2242,0,0,0,0,0,2887,949,0,88,0,815,2509,0,0,613,0,918,0,1189,1200,1056,0,20918,6362,2624,0,1215,2299,754,26604,133579
3500,4379425,2307,0,0,0,0,0,2966,987,0,92,0,840,2579,0,0,637,0,940,0,1234,1243,1093,0,21587,6538,2718,0,1255,2388,780,27445,137998
3600,4508804,2382,0,0,0,0,0,3071,1016,0,96,0,866,2670,0,0,667,0,965,0,1266,1281,1131,0,22236,6714,2808,0,1295,2466,800,28337,142322
3700,4638691,2455,0,0,0,0,0,3145,1049,0,101,0,884,2739,0,0,687,0,996,0,1303,1326,1171,0,22917,6928,2888,0,1324,2539,825,29223,146596
3800,4768698,2524,0,0,0,0,0,3252,1076,0,101,0,904,2822,0,0,708,0,1015,0,1341,1369,1206,0,23575,7123,2981,0,1356,2613,849,30059,150960
3900,4897916,2598,0,0,0,0,0,3341,1108,0,105,0,933,2896,0,0,731,0,1042,0,1388,1404,1241,0,24250,7342,3061,0,1400,2685,873,30935,155395
4000,5026700,2680,0,0,0,0,0,3429,1139,0,107,0,961,2972,0,0,749,0,1079,0,1424,1440,1267,0,24915,7514,3141,0,1446,2773,897,31750,159796
4100,5155326,2758,0,0,0,0,0,3514,1163,0,112,0,987,3052,0,0,762,0,1108,0,1458,1482,1302,0,25629,7705,3223,0,1473,2849,920,32603,164054
4200,5284904,2832,0,0,0,0,0,3627,1197,0,117,0,1012,3127,0,0,781,0,1139,0,1496,1513,1334,0,26300,7911,3304,0,1510,2908,944,33413,168388
4300,5414739,2903,0,0,0,0,0,3721,1227,0,118,0,1036,3217,0,0,797,0,1169,0,1532,1563,1368,0,27002,8094,3397,0,1544,2969,973,34283,172691
4400,5544456,2974,0,0,0,0,0,3792,1263,0,121,0,1063,3296,0,0,813,0,1194,0,1576,1602,1398,0,27654,8295,3472,0,1586,3057,996,35124,177092
4500,5674404,3066,0,0,0,0,0,3886,1287,0,124,0,1085,3373,0,0,837,0,1220,0,1619,1639,1433,0,28310,8492,3549,0,1624,3117,1025,35959,181462
4600,5804286,3141,0,0,0,0,0,3981,1320,0,127,0,1107,3462,0,0,857,0,1255,0,1655,1676,1463,0,28959,8679,3633,0,1657,3207,1043,36820,185945
4700,5933876,3213,0,0,0,0,0,4076,1348,0,133,0,1131,3539,0,0,874,0,1285,0,1685,1715,1503,0,29683,8870,3709,0,1687,3270,1063,37653,190244
4800,6063767,3284,0,0,0,0,0,4171,1378,0,137,0,1158,3621,0,0,891,0,1315,0,1722,1762,1536,0,30396,9059,3796,0,1716,3335,1086,38460,194643
4900,6193378,3355,0,0,0,0,0,4261,1411,0,138,0,1180,3688,0,0,905,0,1343,0,1761,1793,1573,0,31054,9238,3880,0,1760,3400,1103,39309,199092
5000,6322579,3412,0,0,0,0,0,4356,1442,0,142,0,1201,3776,0,0,920,0,1372,0,1799,1825,1608,0,31745,9416,3965,0,1808,3471,1130,40140,203438
5100,6451956,3488,0,0,0,0,0,4460,1479,0,144,0,1223,3871,0,0,943,0,1393,0,1828,1864,1638,0,32436,9613,4042,0,1855,3538,1146,40981,207831
5200,6581299,3554,0,0,0,0,0,4561,1510,0,145,0,1246,3948,0,0,963,0,1422,0,1868,1904,1673,0,33075,9810,4134,0,1905,3613,1171,41800,212132
5300,6710429,3642,0,0,0,0,0,4657,1535,0,149,0,1269,4027,0,0,984,0,1446,0,1905,1940,1704,0,33740,10028,4202,0,1938,3690,1189,42630,216528
5400,6840069,3718,0,0,0,0,0,4753,1568,0,150,0,1291,4108,0,0,1010,0,1481,0,1939,1978,1748,0,34427,10231,4286,0,1980,3766,1208,43478,220922
5500,6969738,3793,0,0,0,0,0,4847,1600,0,154,0,1311,4188,0,0,1027,0,1510,0,1974,2025,1782,0,35062,10431,4360,0,2007,3837,1231,44332,225262
5600,7100295,3865,0,0,0,0,0,4947,1628,0,157,0,1331,4262,0,0,1050,0,1534,0,2017,2062,1816,0,35772,10635,4443,0,2039,3915,1253,45167,229709
5700,7230612,3933,0,0,0,0,0,5045,1663,0,160,0,1365,4354,0,0,1062,0,1558,0,2055,2104,1854,0,36466,10835,4532,0,2077,3991,1278,46021,234057
5800,7360140,4019,0,0,0,0,0,5132,1697,0,163,0,1392,4432,0,0,1085,0,1592,0,2091,2145,1893,0,37129,11038,4609,0,2117,4079,1305,46861,238472
5900,7489827,4087,0,0,0,0,0,5228,1728,0,166,0,1409,4498,0,0,1108,0,1619,0,2129,2178,1929,0,37775,11220,4700,0,2163,4161,1328,47673,242824
6000,7619282,4166,0,0,0,0,0,5329,1755,0,170,0,1426,4577,0,0,1130,0,1649,0,2167,2222,1960,0,38451,11409,4784,0,2205,4226,1348,48516,247315
6100,7748676,4247,0,0,0,0,0,5442,1779,0,173,0,1455,4664,0,0,1155,0,1672,0,2197,2260,1993,0,39123,11610,4876,0,2229,4301,1357,49371,251692
6200,7878839,4315,0,0,0,0,0,5535,1807,0,174,0,1478,4748,0,0,1176,0,1706,0,2235,2294,2025,0,39786,11818,4961,0,2271,4370,1382,50240,256006
6300,8008713,4384,0,0,0,0,0,5626,1839,0,175,0,1510,4827,0,0,1193,0,1735,0,2268,2331,2060,0,40442,12026,5042,0,2318,4444,1409,51072,260435
6400,8138641,4471,0,0,0,0,0,5725,1877,0,179,0,1537,4889,0,0,1213,0,1765,0,2302,2375,2092,0,41088,12231,5119,0,2363,4522,1434,51915,264934
6500,8267947,4541,0,0,0,0,0,5819,1909,0,179,0,1562,4971,0,0,1232,0,1798,0,2345,2403,2130,0,41722,12431,5194,0,2398,4605,1454,52759,269297
6600,8397138,4611,0,0,0,0,0,5911,1929,0,182,0,1585,5045,0,0,1249,0,1819,0,2382,2441,2165,0,42384,12614,5261,0,2434,4683,1475,53612,273609
6700,8526132,4675,0,0,0,0,0,6000,1965,0,183,0,1614,5113,0,0,1276,0,1843,0,2422,2481,2208,0,43075,12824,5361,0,2469,4756,1495,54464,278010
6800,8655500,4751,0,0,0,0,0,6093,2001,0,188,0,1635,5187,0,0,1293,0,1868,0,2461,2525,2244,0,43769,13037,5451,0,2510,4825,1515,55310,282431
6900,8784686,4809,0,0,0,0,0,6202,2036,0,190,0,1662,5257,0,0,1314,0,1896,0,2503,2553,2272,0,44490,13231,5526,0,2554,4898,1540,56171,286701
7000,8913707,4874,0,0,0,0,0,6288,2070,0,194,0,1698,5335,0,0,1335,0,1927,0,2538,2588,2307,0,45112,13426,5603,0,2583,4972,1565,57067,291085
7100,9043525,4937,0,0,0,0,0,6391,2091,0,195,0,1719,5418,0,0,1360,0,1961,0,2571,2630,2333,0,45761,13621,5685,0,2632,5041,1600,57903,295362
7200,9172798,5001,0,0,0,0,0,6477,2119,0,198,0,1755,5509,0,0,1388,0,1996,0,2612,2675,2363,0,46447,13810,5760,0,2679,5116,1626,58758,299701
7300,9302205,5079,0,0,0,0,0,6568,2147,0,201,0,1781,5581,0,0,1405,0,2022,0,2651,2715,2393,0,47089,14058,5835,0,2718,5191,1641,59592,304175
7400,9431609,5148,0,0,0,0,0,6657,2174,0,204,0,1794,5642,0,0,1423,0,2048,0,2693,2750,2425,0,47802,14246,5924,0,2759,5267,1668,60430,308580
7500,9560787,5220,0,0,0,0,0,6756,2205,0,206,0,1820,5710,0,0,1442,0,2078,0,2730,2781,2469,0,48429,14437,5998,0,2788,5340,1696,61255,312897
7600,9690226,5303,0,0,0,0,0,6855,2232,0,210,0,1844,5795,0,0,1467,0,2110,0,2769,2826,2510,0,49095,14618,6074,0,2826,5416,1717,62102,317251
7700,9819768,5377,0,0,0,0,0,6966,2269,0,212,0,1876,5881,0,0,1495,0,2142,0,2806,2865,2548,0,49815,14796,6144,0,2868,5495,1746,62954,321575
7800,9948858,5436,0,0,0,0,0,7058,2299,0,213,0,1907,5976,0,0,1511,0,2176,0,2832,2907,2581,0,50481,15009,6229,0,2915,5555,1772,63788,325959
7900,10078505,5505,0,0,0,0,0,7151,2326,0,215,0,1931,6051,0,0,1537,0,2202,0,2865,2941,2617,0,51161,15215,6308,0,2968,5633,1790,64633,330328
8000,10207872,5590,0,0,0,0,0,7248,2362,0,217,0,1961,6131,0,0,1558,0,2229,0,2896,2983,2655,0,51792,15416,6384,0,3011,5712,1812,65481,334710
8100,10337854,5662,0,0,0,0,0,7343,2396,0,220,0,1983,6207,0,0,1581,0,2254,0,2934,3026,2683,0,52435,15620,6468,0,3052,5781,1833,66323,339102
8200,10467468,5729,0,0,0,0,0,7429,2430,0,225,0,2005,6272,0,0,1601,0,2286,0,2970,3066,2726,0,53143,15820,6554,0,3097,5853,1859,67182,343347
8300,10596782,5801,0,0,0,0,0,7522,2457,0,230,0,2031,6352,0,0,1619,0,2326,0,3007,3107,2760,0,53829,16027,6634,0,3134,5940,1878,68045,347588
8400,10725834,5879,0,0,0,0,0,7598,2483,0,235,0,2053,6434,0,0,1649,0,2357,0,3036,3143,2796,0,54500,16212,6727,0,3173,6005,1898,68881,351890
8500,10855069,5936,0,0,0,0,0,7683,2507,0,237,0,2083,6524,0,0,1665,0,2387,0,3078,3187,2826,0,55188,16388,6802,0,3213,6076,1917,69780,356205
8600,10983817,6004,0,0,0,0,0,7773,2542,0,244,0,2109,6592,0,0,1683,0,2412,0,3117,3226,2852,0,55833,16582,6888,0,3251,6134,1939,70619,360478
8700,11112985,6068,0,0,0,0,0,7883,2567,0,245,0,2128,6682,0,0,1711,0,2447,0,3154,3260,2888,0,56495,16789,6986,0,3296,6210,1966,71493,364842
8800,11242399,6146,0,0,0,0,0,7963,2591,0,247,0,2153,6770,0,0,1731,0,2474,0,3190,3298,2925,0,57189,16981,7061,0,3335,6273,1997,72320,369293
8900,11371970,6231,0,0,0,0,0,8060,2616,0,249,0,2179,6839,0,0,1755,0,2504,0,3218,3337,2961,0,57853,17174,7145,0,3369,6352,2025,73175,373578
9000,11501237,6303,0,0,0,0,0,8152,2647,0,251,0,2201,6904,0,0,1783,0,2528,0,3260,3367,2995,0,58492,17358,7212,0,3415,6417,2052,74063,377905
9100,11629899,6373,0,0,0,0,0,8244,2679,0,255,0,2227,6982,0,0,1803,0,2555,0,3294,3408,3024,0,59154,17560,7293,0,3448,6498,2070,74916,382294
9200,11759143,6435,0,0,0,0,0,8336,2710,0,256,0,2255,7056,0,0,1818,0,2581,0,3336,3451,3056,0,59857,17761,7371,0,3485,6573,2085,75758,386638
9300,11888437,6507,0,0,0,0,0,8424,2747,0,257,0,2284,7129,0,0,1834,0,2609,0,3365,3492,3085,0,60527,17947,7453,0,3519,6636,2105,76626,391136
9400,12017698,6580,0,0,0,0,0,8532,2780,0,261,0,2313,7208,0,0,1852,0,2640,0,3406,3528,3122,0,61153,18130,7531,0,3552,6710,2127,77478,395371
9500,12147554,6650,0,0,0,0,0,8634,2808,0,263,0,2342,7292,0,0,1868,0,2674,0,3445,3565,3166,0,61832,18321,7610,0,3582,6783,2147,78327,399709
9600,12277917,6707,0,0,0,0,0,8731,2841,0,266,0,2364,7387,0,0,1889,0,2696,0,3477,3603,3198,0,62501,18507,7694,0,3625,6856,2177,79196,404013
9700,12407612,6774,0,0,0,0,0,8851,2868,0,268,0,2390,7470,0,0,1911,0,2732,0,3503,3644,3234,0,63187,18707,7770,0,3669,6928,2208,80041,408311
9800,12536568,6840,0,0,0,0,0,8942,2889,0,270,0,2422,7553,0,0,1930,0,2760,0,3533,3688,3275,0,63839,18921,7855,0,3699,6996,2234,80893,412708
9900,12666180,6903,0,0,0,0,0,9036,2927,0,272,0,2454,7625,0,0,1963,0,2790,0,3574,3727,3314,0,64533,19117,7938,0,3739,7083,2262,81764,417112
10000,12796352,6979,0,0,0,0,0,9140,2956,0,276,0,2481,7698,0,0,1985,0,2810,0,3610,3766,3354,0,65202,19320,8025,0,3769,7149,2288,82655,421441
10100,12925911,7061,0,0,0,0,0,9225,2997,0,278,0,2508,7784,0,0,2008,0,2840,0,3643,3795,3386,0,65888,19515,8113,0,3807,7243,2314,83520,425752
10200,13054990,7146,0,0,0,0,0,9333,3025,0,279,0,2529,7879,0,0,2026,0,2865,0,3677,3837,3422,0,66551,19706,8209,0,3842,7319,2335,84382,430187
10300,13184129,7220,0,0,0,0,0,9417,3057,0,281,0,2557,7951,0,0,2042,0,2889,0,3717,3871,3457,0,67234,19897,8285,0,3882,7395,2369,85269,434502
10400,13313778,7309,0,0,0,0,0,9515,3090,0,284,0,2586,8042,0,0,2063,0,2921,0,3752,3912,3489,0,67946,20089,8353,0,3926,7469,2389,86129,438799
10500,13442661,7388,0,0,0,0,0,9606,3124,0,289,0,2614,8116,0,0,2084,0,2947,0,3795,3959,3517,0,68584,20298,8437,0,3958,7538,2410,87025,443132
10600,13572444,7451,0,0,0,0,0,9693,3158,0,292,0,2645,8194,0,0,2110,0,2976,0,3839,3996,3552,0,69292,20511,8507,0,3994,7606,2429,87884,447571
10700,13702214,7526,0,0,0,0,0,9786,3184,0,293,0,2673,8281,0,0,2130,0,3003,0,3879,4040,3581,0,69947,20727,8595,0,4032,7688,2456,88762,451952
10800,13832024,7616,0,0,0,0,0,9891,3214,0,293,0,2693,8358,0,0,2148,0,3027,0,3914,4074,3615,0,70595,20933,8685,0,4066,7772,2472,89616,456235
10900,13961560,7684,0,0,0,0,0,9994,3240,0,296,0,2713,8429,0,0,2166,0,3053,0,3949,4113,3652,0,71263,21160,8771,0,4108,7848,2499,90451,460731
11000,14090851,7758,0,0,0,0,0,10073,3265,0,298,0,2742,8511,0,0,2187,0,3074,0,3987,4154,3682,0,71953,21363,8857,0,4137,7913,2526,91298,465127
11100,14219960,7836,0,0,0,0,0,10159,3298,0,299,0,2766,8577,0,0,2204,0,3105,0,4015,4198,3711,0,72612,21557,8929,0,4175,7984,2541,92146,469561
11200,14349310,7910,0,0,0,0,0,10261,3328,0,300,0,2792,8664,0,0,2227,0,3125,0,4050,4242,3752,0,73239,21736,9002,0,4218,8071,2565,92957,473965
11300,14478567,7979,0,0,0,0,0,10345,3356,0,301,0,2819,8736,0,0,2249,0,3157,0,4088,4278,3790,0,73891,21932,9095,0,4262,8137,2586,93798,478283
11400,14608243,8035,0,0,0,0,0,10440,3385,0,303,0,2845,8820,0,0,2274,0,3184,0,4126,4315,3825,0,74560,22142,9181,0,4296,8229,2605,94676,482723
11500,14738027,8115,0,0,0,0,0,10530,3421,0,307,0,2868,8895,0,0,2296,0,3204,0,4157,4351,3862,0,75183,22360,9269,0,4333,8306,2624,95467,487099
11600,14867319,8193,0,0,0,0,0,10632,3440,0,308,0,2899,8982,0,0,2313,0,3233,0,4194,4396,3896,0,75838,22557,9340,0,4383,8382,2652,96296,491468
11700,14996986,8263,0,0,0,0,0,10734,3471,0,312,0,2918,9070,0,0,2331,0,3262,0,4229,4434,3933,0,76504,22769,9415,0,4423,8449,2677,97165,495927
11800,15126388,8350,0,0,0,0,0,10830,3504,0,316,0,2938,9155,0,0,2357,0,3287,0,4276,4467,3967,0,77163,22968,9496,0,4466,8507,2701,98021,500230
11900,15255986,8423,0,0,0,0,0,10924,3531,0,318,0,2965,9229,0,0,2385,0,3315,0,4315,4514,3996,0,77815,23173,9573,0,4516,8577,2725,98843,504571
12000,15385751,8498,0,0,0,0,0,11012,3571,0,321,0,2995,9311,0,0,2411,0,3340,0,4356,4556,4029,0,78499,23351,9651,0,4554,8652,2749,99758,508930
12100,15515880,8583,0,0,0,0,0,11116,3600,0,323,0,3027,9388,0,0,2435,0,3369,0,4402,4594,4053,0,79215,23566,9729,0,4596,8715,2772,100618,513344
12200,15645992,8646,0,0,0,0,0,11221,3625,0,328,0,3048,9478,0,0,2453,0,3398,0,4440,4627,4092,0,79862,23752,9812,0,4629,8789,2801,101478,517760
12300,15775694,8718,0,0,0,0,0,11312,3655,0,333,0,3069,9558,0,0,2473,0,3428,0,4479,4659,4120,0,80552,23945,9887,0,4662,8866,2825,102302,522257
12400,15904985,8791,0,0,0,0,0,11399,3682,0,336,0,3103,9640,0,0,2502,0,3460,0,4510,4691,4155,0,81284,24133,9965,0,4701,8952,2851,103145,526574
12500,16033903,8862,0,0,0,0,0,11504,3715,0,342,0,3125,9718,0,0,2520,0,3483,0,4549,4736,4186,0,81906,24346,10048,0,4748,9028,2879,103950,531007
12600,16162461,8928,0,0,0,0,0,11600,3739,0,343,0,3148,9794,0,0,2543,0,3506,0,4585,4774,4222,0,82590,24535,10138,0,4784,9094,2900,104835,535306
12700,16291827,8999,0,0,0,0,0,11689,3760,0,347,0,3177,9873,0,0,2564,0,3535,0,4621,4817,4255,0,83275,24755,10222,0,4828,9158,2929,105645,539600
12800,16421029,9052,0,0,0,0,0,11801,3790,0,348,0,3197,9946,0,0,2583,0,3570,0,4651,4854,4296,0,83953,24960,10287,0,4862,9232,2952,106476,543999
12900,16549689,9118,0,0,0,0,0,11893,3826,0,350,0,3223,10039,0,0,2616,0,3596,0,4689,4900,4331,0,84604,25160,10378,0,4898,9294,2979,107339,548477
13000,16679236,9188,0,0,0,0,0,11998,3856,0,351,0,3246,10121,0,0,2633,0,3620,0,4715,4940,4368,0,85260,25353,10459,0,4936,9375,2998,108169,552783
13100,16808797,9245,0,0,0,0,0,12082,3884,0,353,0,3269,10210,0,0,2652,0,3651,0,4749,4977,4397,0,85924,25563,10543,0,4963,9452,3022,108962,557192
13200,16938079,9310,0,0,0,0,0,12152,3912,0,355,0,3300,10295,0,0,2676,0,3681,0,4795,5012,4435,0,86573,25772,10618,0,4990,9528,3045,109789,561541
13300,17067461,9391,0,0,0,0,0,12251,3948,0,357,0,3335,10375,0,0,2694,0,3706,0,4841,5052,4464,0,87232,25991,10715,0,5028,9596,3082,110627,565892
13400,17196487,9449,0,0,0,0,0,12341,3966,0,360,0,3359,10453,0,0,2708,0,3730,0,4877,5097,4491,0,87922,26184,10795,0,5064,9668,3101,111489,570307
13500,17325856,9511,0,0,0,0,0,12437,3994,0,364,0,3384,10536,0,0,2725,0,3761,0,4913,5135,4519,0,88597,26353,10875,0,5107,9732,3122,112367,574776
13600,17455574,9599,0,0,0,0,0,12519,4028,0,368,0,3402,10637,0,0,2744,0,3800,0,4947,5178,4557,0,89240,26547,10962,0,5150,9800,3150,113215,579076
13700,17585014,9652,0,0,0,0,0,12617,4060,0,370,0,3420,10724,0,0,2761,0,3828,0,4986,5219,4585,0,89903,26741,11055,0,5182,9876,3169,114087,583406
13800,17714020,9711,0,0,0,0,0,12718,4083,0,372,0,3440,10810,0,0,2787,0,3854,0,5027,5262,4611,0,90599,26932,11129,0,5225,9956,3189,114952,587772
13900,17843579,9779,0,0,0,0,0,12817,4116,0,378,0,3467,10890,0,0,2801,0,3881,0,5058,5295,4643,0,91303,27139,11217,0,5272,10037,3208,115800,592088
14000,17973065,9857,0,0,0,0,0,12906,4150,0,383,0,3498,10959,0,0,2817,0,3913,0,5101,5335,4674,0,91976,27343,11295,0,5314,10109,3223,116636,596583
14100,18102209,9933,0,0,0,0,0,13010,4173,0,385,0,3516,11050,0,0,2839,0,3939,0,5145,5373,4705,0,92628,27525,11371,0,5350,10194,3249,117525,600980
14200,18231502,10002,0,0,0,0,0,13099,4210,0,392,0,3552,11138,0,0,2858,0,3960,0,5180,5415,4733,0,93299,27728,11445,0,5393,10262,3274,118361,605388
14300,18361281,10092,0,0,0,0,0,13204,4234,0,393,0,3578,11219,0,0,2883,0,3990,0,5215,5451,4768,0,93940,27940,11527,0,5436,10340,3302,119168,609812
14400,18491137,10169,0,0,0,0,0,13315,4267,0,399,0,3595,11306,0,0,2908,0,4027,0,5254,5489,4813,0,94630,28127,11607,0,5465,10421,3327,120052,614159
14500,18620746,10253,0,0,0,0,0,13396,4296,0,399,0,3614,11373,0,0,2939,0,4062,0,5294,5527,4851,0,95262,28326,11687,0,5507,10498,3350,120944,618548
14600,18750011,10330,0,0,0,0,0,13484,4329,0,403,0,3633,11453,0,0,2959,0,4095,0,5330,5559,4885,0,95892,28524,11769,0,5545,10573,3378,121765,622912
14700,18879114,10401,0,0,0,0,0,13575,4358,0,405,0,3657,11533,0,0,2986,0,4130,0,5369,5602,4920,0,96537,28733,11851,0,5584,10663,3402,122572,627355
14800,19008381,10466,0,0,0,0,0,13667,4396,0,408,0,3679,11615,0,0,3004,0,4154,0,5415,5633,4947,0,97170,28941,11934,0,5616,10735,3423,123416,631903
14900,19137416,10553,0,0,0,0,0,13765,4423,0,409,0,3704,11676,0,0,3025,0,4189,0,5448,5672,4988,0,97813,29119,12016,0,5653,10806,3441,124269,636284
15000,19266816,10618,0,0,0,0,0,13849,4456,0,411,0,3729,11751,0,0,3049,0,4215,0,5484,5714,5024,0,98512,29322,12099,0,5706,10872,3470,125103,640660
15100,19396326,10689,0,0,0,0,0,13938,4485,0,414,0,3755,11843,0,0,3067,0,4240,0,5518,5761,5052,0,99181,29511,12164,0,5752,10940,3493,125948,645037
15200,19525973,10764,0,0,0,0,0,14038,4517,0,415,0,3778,11926,0,0,3079,0,4263,0,5547,5796,5084,0,99825,29724,12249,0,5785,11014,3511,126770,649418
15300,19655282,10837,0,0,0,0,0,14111,4548,0,418,0,3807,12000,0,0,3100,0,4290,0,5586,5834,5122,0,100456,29926,12325,0,5821,11077,3541,127664,653828
15400,19784665,10910,0,0,0,0,0,14194,4584,0,421,0,3832,12092,0,0,3117,0,4316,0,5626,5868,5160,0,101148,30134,12409,0,5860,11148,3558,128528,658132
15500,19913789,10988,0,0,0,0,0,14294,4611,0,421,0,3862,12175,0,0,3139,0,4344,0,5663,5906,5205,0,101809,30347,12492,0,5886,11227,3587,129349,662402
15600,20043881,11059,0,0,0,0,0,14396,4646,0,423,0,3881,12247,0,0,3162,0,4371,0,5705,5941,5242,0,102452,30556,12573,0,5926,11305,3606,130242,666828
15700,20173375,11119,0,0,0,0,0,14486,4677,0,425,0,3904,12323,0,0,3186,0,4394,0,5741,5974,5272,0,103140,30761,12651,0,5965,11383,3630,131078,671243
15800,20302634,11191,0,0,0,0,0,14579,4703,0,427,0,3934,12402,0,0,3205,0,4418,0,5782,6003,5305,0,103797,30950,12739,0,6008,11457,3651,131943,675687
15900,20432426,11259,0,0,0,0,0,14676,4732,0,430,0,3963,12495,0,0,3221,0,4449,0,5815,6045,5345,0,104417,31163,12819,0,6046,11524,3677,132809,679991
16000,20561846,11332,0,0,0,0,0,14781,4765,0,434,0,3985,12574,0,0,3251,0,4477,0,5846,6083,5376,0,105033,31351,12893,0,6081,11594,3698,133628,684481
16100,20690739,11420,0,0,0,0,0,14876,4794,0,434,0,4007,12641,0,0,3267,0,4502,0,5886,6121,5406,0,105670,31566,12962,0,6117,11669,3725,134467,688945
16200,20820252,11497,0,0,0,0,0,14979,4829,0,437,0,4032,12732,0,0,3292,0,4531,0,5924,6167,5442,0,106302,31758,13052,0,6147,11752,3745,135316,693347
16300,20949721,11568,0,0,0,0,0,15064,4858,0,438,0,4062,12808,0,0,3318,0,4553,0,5951,6205,5469,0,106972,31983,13138,0,6188,11808,3772,136185,697713
16400,21078948,11644,0,0,0,0,0,15161,4884,0,438,0,4088,12886,0,0,3342,0,4590,0,5983,6249,5503,0,107637,32193,13214,0,6227,11877,3793,136992,702010
16500,21207898,11712,0,0,0,0,0,15262,4913,0,440,0,4117,12953,0,0,3362,0,4620,0,6022,6290,5536,0,108261,32392,13282,0,6268,11933,3810,137862,706401
16600,21336867,11791,0,0,0,0,0,15354,4949,0,446,0,4143,13039,0,0,3382,0,4650,0,6058,6330,5572,0,108931,32582,13363,0,6312,12003,3833,138654,710795
16700,21465815,11878,0,0,0,0,0,15451,4976,0,446,0,4175,13116,0,0,3405,0,4691,0,6094,6365,5602,0,109611,32789,13444,0,6352,12083,3852,139515,715208
16800,21594943,11947,0,0,0,0,0,15552,5004,0,448,0,4201,13195,0,0,3420,0,4709,0,6133,6393,5633,0,110253,32970,13533,0,6396,12149,3872,140353,719627
16900,21724665,12019,0,0,0,0,0,15637,5033,0,452,0,4223,13271,0,0,3433,0,4742,0,6181,6438,5673,0,110904,33181,13613,0,6432,12234,3907,141208,724058
17000,21854123,12092,0,0,0,0,0,15716,5060,0,456,0,4248,13358,0,0,3453,0,4773,0,6219,6477,5704,0,111529,33406,13698,0,6469,12317,3926,142029,728557
17100,21983984,12174,0,0,0,0,0,15811,5094,0,459,0,4269,13440,0,0,3462,0,4804,0,6260,6513,5739,0,112178,33616,13782,0,6506,12394,3954,142857,732901
17200,22113897,12244,0,0,0,0,0,15900,5124,0,463,0,4296,13510,0,0,3478,0,4841,0,6292,6556,5771,0,112888,33804,13858,0,6553,12480,3982,143724,737131
17300,22243071,12311,0,0,0,0,0,15978,5152,0,465,0,4319,13609,0,0,3496,0,4870,0,6321,6589,5813,0,113552,34020,13952,0,6599,12555,4007,144556,741603
17400,22372400,12372,0,0,0,0,0,16084,5185,0,467,0,4348,13675,0,0,3521,0,4899,0,6357,6623,5841,0,114182,34239,14041,0,6632,12636,4038,145434,746065
17500,22501385,12463,0,0,0,0,0,16165,5220,0,467,0,4371,13753,0,0,3548,0,4932,0,6391,6654,5873,0,114849,34470,14116,0,6666,12707,4068,146277,750507
17600,22630801,12532,0,0,0,0,0,16248,5243,0,470,0,4393,13824,0,0,3572,0,4958,0,6439,6686,5900,0,115525,34670,14179,0,6708,12780,4097,147163,754840
17700,22759962,12589,0,0,0,0,0,16339,5274,0,475,0,4413,13898,0,0,3595,0,4985,0,6472,6740,5925,0,116179,34878,14263,0,6748,12841,4121,148024,759117
17800,22889143,12649,0,0,0,0,0,16433,5303,0,477,0,4434,13987,0,0,3622,0,5011,0,6504,6782,5955,0,116847,35076,14335,0,6781,12924,4152,148873,763523
17900,23018894,12722,0,0,0,0,0,16522,5338,0,482,0,4462,14075,0,0,3649,0,5040,0,6548,6825,5983,0,117497,35259,14413,0,6825,12988,4171,149746,767953
18000,23148766,12799,0,0,0,0,0,16617,5367,0,483,0,4479,14143,0,0,3672,0,5070,0,6582,6854,6021,0,118196,35450,14494,0,6859,13068,4188,150643,772203
18100,23278283,12872,0,0,0,0,0,16705,5395,0,486,0,4498,14228,0,0,3691,0,5100,0,6617,6895,6057,0,118825,35656,14573,0,6900,13136,4212,151464,776508
18200,23407706,12953,0,0,0,0,0,16826,5425,0,492,0,4524,14314,0,0,3715,0,5118,0,6656,6929,6091,0,119512,35863,14653,0,6930,13208,4232,152298,780875
18300,23537615,13018,0,0,0,0,0,16931,5456,0,494,0,4551,14392,0,0,3736,0,5156,0,6694,6969,6126,0,120115,36059,14742,0,6969,13281,4264,153145,785324
18400,23667572,13094,0,0,0,0,0,17046,5480,0,497,0,4569,14475,0,0,3759,0,5185,0,6738,7002,6153,0,120806,36260,14822,0,7007,13350,4291,154000,789749
18500,23797469,13170,0,0,0,0,0,17145,5517,0,499,0,4607,14555,0,0,3770,0,5218,0,6778,7040,6189,0,121431,36467,14907,0,7039,13426,4312,154842,794199
18600,23926936,13251,0,0,0,0,0,17256,5547,0,506,0,4630,14642,0,0,3788,0,5249,0,6815,7081,6220,0,122079,36663,14994,0,7073,13498,4336,155724,798557
18700,24056074,13312,0,0,0,0,0,17360,5580,0,510,0,4661,14720,0,0,3807,0,5274,0,6855,7123,6248,0,122751,36876,15073,0,7120,13584,4359,156586,802989
18800,24185633,13384,0,0,0,0,0,17451,5610,0,511,0,4687,14794,0,0,3826,0,5307,0,6891,7161,6273,0,123408,37080,15153,0,7157,13659,4381,157452,807291
18900,24314196,13456,0,0,0,0,0,17561,5640,0,511,0,4707,14875,0,0,3847,0,5342,0,6930,7199,6307,0,124064,37289,15232,0,7199,13732,4408,158275,811778
19000,24443109,13530,0,0,0,0,0,17643,5672,0,512,0,4730,14948,0,0,3871,0,5366,0,6971,7236,6334,0,124760,37496,15307,0,7239,13797,4433,159141,816140
19100,24572387,13594,0,0,0,0,0,17716,5698,0,516,0,4753,15024,0,0,3893,0,5396,0,7008,7275,6361,0,125407,37712,15381,0,7277,13863,4458,160038,820542
19200,24701192,13660,0,0,0,0,0,17810,5724,0,519,0,4782,15101,0,0,3914,0,5427,0,7041,7311,6398,0,126150,37922,15456,0,7326,13932,4481,160872,824882
19300,24830421,13731,0,0,0,0,0,17905,5755,0,521,0,4805,15193,0,0,3938,0,5460,0,7086,7347,6441,0,126824,38091,15545,0,7375,14010,4502,161680,829322
19400,24959908,13807,0,0,0,0,0,18005,5790,0,522,0,4831,15288,0,0,3966,0,5494,0,7119,7381,6482,0,127457,38295,15633,0,7411,14076,4526,162540,833609
19500,25089509,13879,0,0,0,0,0,18089,5821,0,522,0,4857,15369,0,0,3991,0,5521,0,7152,7420,6522,0,128153,38477,15727,0,7449,14133,4547,163370,838091
19600,25218901,13954,0,0,0,0,0,18174,5858,0,524,0,4882,15447,0,0,4013,0,5554,0,7185,7463,6555,0,128800,38673,15810,0,7497,14212,4569,164195,842402
19700,25348334,14019,0,0,0,0,0,18263,5882,0,525,0,4908,15527,0,0,4035,0,5594,0,7217,7499,6590,0,129491,38886,15880,0,7542,14271,4587,165060,846786
19800,25477763,14108,0,0,0,0,0,18363,5911,0,527,0,4935,15612,0,0,4057,0,5614,0,7246,7535,6629,0,130146,39054,15947,0,7579,14343,4611,165909,851081
19900,25607001,14178,0,0,0,0,0,18463,5943,0,529,0,4961,15688,0,0,4081,0,5639,0,7279,7583,6658,0,130814,39235,16016,0,7619,14421,4632,166765,855514
20000,25736671,14255,0,0,0,0,0,18555,5973,0,531,0,4982,15763,0,0,4106,0,5666,0,7310,7621,6690,0,131450,39437,16109,0,7664,14492,4657,167590,859817
20100,25866747,14333,0,0,0,0,0,18648,6006,0,534,0,5018,15830,0,0,4131,0,5691,0,7345,7660,6713,0,132127,39636,16196,0,7703,14559,4684,168407,864260
20200,25995953,14405,0,0,0,0,0,18751,6032,0,536,0,5043,15899,0,0,4149,0,5722,0,7379,7695,6756,0,132828,39839,16281,0,7748,14627,4709,169272,868698
20300,26125097,14482,0,0,0,0,0,18848,6062,0,542,0,5073,15972,0,0,4166,0,5745,0,7409,7738,6788,0,133508,40021,16357,0,7784,14694,4724,170089,873068
20400,26254425,14547,0,0,0,0,0,18944,6095,0,545,0,5093,16048,0,0,4179,0,5771,0,7442,7775,6824,0,134169,40259,16439,0,7821,14752,4750,170912,877443
20500,26383763,14627,0,0,0,0,0,19044,6128,0,546,0,5118,16118,0,0,4192,0,5796,0,7471,7819,6855,0,134827,40466,16525,0,7860,14825,4771,171738,881912
20600,26512820,14714,0,0,0,0,0,19129,6161,0,547,0,5145,16202,0,0,4213,0,5826,0,7509,7860,6881,0,135461,40678,16593,0,7903,14885,4796,172586,886317
20700,26641886,14784,0,0,0,0,0,19230,6192,0,549,0,5174,16279,0,0,4229,0,5850,0,7542,7894,6915,0,136110,40837,16674,0,7932,14958,4815,173392,890707
20800,26770744,14852,0,0,0,0,0,19340,6220,0,550,0,5203,16357,0,0,4251,0,5885,0,7572,7935,6946,0,136762,41035,16759,0,7969,15023,4839,174267,895150
20900,26899806,14943,0,0,0,0,0,19437,6260,0,553,0,5234,16434,0,0,4271,0,5916,0,7607,7975,6977,0,137417,41217,16845,0,8002,15087,4860,175088,899540
21000,27029760,15014,0,0,0,0,0,19537,6291,0,556,0,5259,16510,0,0,4289,0,5946,0,7647,8009,7012,0,138068,41419,16934,0,8033,15148,4887,175932,903772
21100,27159395,15095,0,0,0,0,0,19635,6313,0,561,0,5285,16583,0,0,4307,0,5973,0,7682,8042,7050,0,138785,41623,17019,0,8070,15222,4910,176786,908147
21200,27288766,15169,0,0,0,0,0,19715,6338,0,564,0,5315,16661,0,0,4322,0,6001,0,7722,8078,7077,0,139446,41847,17097,0,8107,15313,4938,177620,912506
21300,27417975,15242,0,0,0,0,0,19821,6367,0,567,0,5337,16721,0,0,4346,0,6029,0,7764,8119,7111,0,140118,42025,17184,0,8138,15377,4958,178492,916889
21400,27546881,15332,0,0,0,0,0,19912,6402,0,569,0,5354,16803,0,0,4368,0,6059,0,7797,8163,7137,0,140803,42249,17264,0,8180,15437,4982,179335,921198
21500,27676391,15423,0,0,0,0,0,20014,6433,0,573,0,5385,16879,0,0,4401,0,6084,0,7832,8213,7166,0,141466,42450,17329,0,8218,15507,5010,180192,925451
21600,27806129,15484,0,0,0,0,0,20124,6462,0,576,0,5411,16965,0,0,4424,0,6115,0,7875,8253,7211,0,142134,42657,17414,0,8263,15580,5036,181039,929841
21700,27936304,15560,0,0,0,0,0,20220,6485,0,578,0,5437,17035,0,0,4446,0,6138,0,7908,8297,7240,0,142751,42851,17507,0,8299,15640,5053,181926,934243
21800,28066390,15632,0,0,0,0,0,20327,6513,0,580,0,5469,17113,0,0,4473,0,6162,0,7950,8337,7270,0,143419,43045,17584,0,8345,15718,5081,182739,938586
21900,28196261,15708,0,0,0,0,0,20425,6549,0,581,0,5492,17190,0,0,4488,0,6196,0,7986,8380,7312,0,144088,43256,17668,0,8371,15780,5106,183597,942951
22000,28326024,15781,0,0,0,0,0,20510,6579,0,586,0,5523,17262,0,0,4503,0,6227,0,8025,8425,7358,0,144767,43466,17745,0,8414,15849,5126,184412,947327
22100,28455716,15844,0,0,0,0,0,20596,6617,0,588,0,5543,17343,0,0,4527,0,6253,0,8070,8467,7390,0,145458,43646,17818,0,8448,15903,5150,185278,951715
22200,28585881,15923,0,0,0,0,0,20690,6646,0,593,0,5577,17430,0,0,4557,0,6277,0,8110,8510,7415,0,146125,43850,17900,0,8481,15981,5170,186110,956096
22300,28715421,15982,0,0,0,0,0,20805,6673,0,594,0,5604,17505,0,0,4584,0,6307,0,8152,8542,7451,0,146824,44057,17997,0,8524,16044,5192,186921,960502
22400,28845383,16059,0,0,0,0,0,20914,6707,0,597,0,5632,17589,0,0,4611,0,6333,0,8190,8583,7476,0,147494,44264,18081,0,8558,16092,5223,187788,964921
22500,28974752,16135,0,0,0,0,0,21012,6737,0,598,0,5658,17682,0,0,4634,0,6360,0,8219,8609,7516,0,148171,44479,18156,0,8595,16149,5248,188691,969358
22600,29104393,16204,0,0,0,0,0,21108,6772,0,603,0,5684,17773,0,0,4649,0,6383,0,8259,8648,7548,0,148870,44670,18236,0,8647,16214,5272,189505,973721
22700,29234095,16276,0,0,0,0,0,21210,6799,0,604,0,5706,17856,0,0,4668,0,6415,0,8296,8692,7586,0,149525,44878,18317,0,8690,16286,5299,190342,978107
22800,29363628,16346,0,0,0,0,0,21297,6830,0,606,0,5728,17928,0,0,4686,0,6436,0,8333,8729,7618,0,150179,45072,18410,0,8722,16360,5326,191185,982514
22900,29492740,16416,0,0,0,0,0,21396,6861,0,609,0,5750,18014,0,0,4709,0,6468,0,8367,8774,7647,0,150862,45278,18484,0,8748,16434,5357,191985,986958
23000,29621975,16490,0,0,0,0,0,21483,6891,0,612,0,5783,18080,0,0,4724,0,6494,0,8397,8812,7672,0,151529,45485,18567,0,8791,16509,5376,192885,991383
23100,29751728,16549,0,0,0,0,0,21592,6920,0,618,0,5804,18142,0,0,4746,0,6521,0,8421,8845,7707,0,152148,45662,18656,0,8835,16591,5403,193743,995767
23200,29881387,16602,0,0,0,0,0,21691,6948,0,620,0,5827,18218,0,0,4765,0,6556,0,8453,8888,7744,0,152836,45869,18736,0,8883,16661,5423,194541,1000154
23300,30011143,16664,0,0,0,0,0,21784,6974,0,623,0,5851,18308,0,0,4783,0,6587,0,8490,8921,7768,0,153532,46070,18815,0,8915,16732,5443,195437,1004511
23400,30140690,16735,0,0,0,0,0,21874,7002,0,626,0,5878,18381,0,0,4807,0,6617,0,8524,8956,7805,0,154186,46262,18895,0,8954,16806,5461,196313,1008967
23500,30270444,16808,0,0,0,0,0,21985,7029,0,628,0,5908,18471,0,0,4826,0,6644,0,8558,8998,7842,0,154897,46475,18975,0,8987,16884,5492,197190,1013348
23600,30400473,16894,0,0,0,0,0,22087,7059,0,630,0,5935,18546,0,0,4851,0,6672,0,8597,9048,7875,0,155590,46661,19058,0,9025,16970,5526,198011,1017730
23700,30529758,16967,0,0,0,0,0,22180,7090,0,632,0,5967,18630,0,0,4869,0,6702,0,8636,9083,7911,0,156271,46852,19134,0,9065,17059,5555,198894,1022121
23800,30659198,17038,0,0,0,0,0,22268,7130,0,637,0,5994,18722,0,0,4892,0,6730,0,8669,9122,7950,0,156923,47044,19226,0,9099,17125,5579,199747,1026550
23900,30788339,17118,0,0,0,0,0,22365,7168,0,637,0,6017,18800,0,0,4911,0,6757,0,8698,9165,7981,0,157588,47249,19311,0,9130,17197,5606,200585,1030826
24000,30917355,17199,0,0,0,0,0,22445,7203,0,640,0,6042,18878,0,0,4929,0,6791,0,8737,9199,8009,0,158226,47440,19389,0,9175,17260,5630,201445,1035158
24100,31046758,17259,0,0,0,0,0,22546,7239,0,643,0,6062,18957,0,0,4946,0,6818,0,8771,9241,8037,0,158870,47637,19465,0,9222,17317,5657,202289,1039507
24200,31175692,17338,0,0,0,0,0,22646,7261,0,646,0,6090,19030,0,0,4963,0,6843,0,8803,9278,8074,0,159511,47832,19548,0,9279,17381,5684,203131,1043973
24300,31304420,17404,0,0,0,0,0,22740,7291,0,647,0,6115,19122,0,0,4990,0,6877,0,8843,9311,8116,0,160175,48007,19631,0,9310,17463,5704,203952,1048336
24400,31433835,17483,0,0,0,0,0,22821,7320,0,650,0,6142,19203,0,0,5008,0,6908,0,8887,9356,8158,0,160817,48213,19714,0,9354,17525,5726,204792,1052693
24500,31562692,17548,0,0,0,0,0,22921,7358,0,651,0,6169,19282,0,0,5034,0,6938,0,8925,9394,8194,0,161489,48447,19794,0,9391,17605,5745,205618,1057123
24600,31691935,17611,0,0,0,0,0,23019,7388,0,655,0,6197,19352,0,0,5060,0,6963,0,8960,9432,8229,0,162146,48648,19883,0,9425,17674,5765,206432,1061516
24700,31821497,17688,0,0,0,0,0,23102,7424,0,661,0,6221,19440,0,0,5080,0,6998,0,8993,9479,8263,0,162801,48853,19957,0,9459,17747,5781,207317,1065818
24800,31950898,17756,0,0,0,0,0,23195,7453,0,664,0,6243,19523,0,0,5108,0,7032,0,9028,9510,8298,0,163491,49031,20048,0,9496,17828,5809,208159,1070176
24900,32080341,17833,0,0,0,0,0,23284,7483,0,666,0,6264,19601,0,0,5127,0,7066,0,9066,9554,8335,0,164163,49258,20129,0,9535,17901,5829,209030,1074673
25000,32210007,17911,0,0,0,0,0,23383,7510,0,667,0,6287,19692,0,0,5154,0,7104,0,9106,9599,8372,0,164838,49459,20210,0,9580,17987,5853,209850,1078974
25100,32339657,17995,0,0,0,0,0,23464,7544,0,669,0,6309,19783,0,0,5173,0,7129,0,9151,9635,8410,0,165494,49669,20297,0,9618,18053,5872,210746,1083417
25200,32468681,18070,0,0,0,0,0,23550,7575,0,671,0,6335,19866,0,0,5195,0,7159,0,9195,9672,8439,0,166145,49871,20379,0,9657,18127,5897,211611,1087708
25300,32598312,18159,0,0,0,0,0,23635,7613,0,673,0,6358,19931,0,0,5214,0,7184,0,9236,9704,8472,0,166820,50064,20456,0,9703,18200,5922,212443,1092182
25400,32727591,18231,0,0,0,0,0,23739,7646,0,675,0,6388,20011,0,0,5226,0,7220,0,9271,9740,8501,0,167487,50272,20526,0,9733,18271,5945,213295,1096460
25500,32856637,18306,0,0,0,0,0,23824,7675,0,676,0,6411,20098,0,0,5249,0,7247,0,9305,9782,8529,0,168149,50485,20602,0,9764,18343,5968,214155,1100837
25600,32986252,18377,0,0,0,0,0,23919,7704,0,677,0,6441,20186,0,0,5274,0,7278,0,9340,9817,8559,0,168772,50676,20673,0,9796,18418,5992,215021,1105199
25700,33115680,18435,0,0,0,0,0,23995,7741,0,681,0,6459,20264,0,0,5297,0,7298,0,9368,9855,8593,0,169415,50896,20764,0,9832,18493,6017,215864,1109705
25800,33245157,18504,0,0,0,0,0,24083,7768,0,684,0,6487,20351,0,0,5313,0,7317,0,9404,9905,8625,0,170084,51092,20845,0,9879,18558,6042,216697,1114035
25900,33374406,18579,0,0,0,0,0,24177,7799,0,686,0,6511,20425,0,0,5334,0,7345,0,9439,9947,8659,0,170750,51278,20926,0,9932,18621,6069,217571,1118438
26000,33503925,18651,0,0,0,0,0,24268,7837,0,690,0,6535,20508,0,0,5350,0,7379,0,9475,9991,8688,0,171388,51467,21009,0,9978,18702,6090,218450,1122829
26100,33633479,18734,0,0,0,0,0,24373,7864,0,694,0,6564,20587,0,0,5374,0,7403,0,9515,10025,8720,0,172050,51671,21073,0,10011,18775,6113,219287,1127266
26200,33763338,18810,0,0,0,0,0,24472,7897,0,695,0,6588,20669,0,0,5392,0,7433,0,9552,10068,8753,0,172687,51872,21153,0,10040,18860,6139,220133,1131651
26300,33893156,18876,0,0,0,0,0,24568,7930,0,700,0,6619,20737,0,0,5416,0,7463,0,9582,10105,8787,0,173325,52050,21224,0,10068,18941,6160,221020,1136180
26400,34023070,18965,0,0,0,0,0,24665,7955,0,702,0,6646,20810,0,0,5437,0,7489,0,9619,10145,8817,0,173962,52278,21294,0,10100,19014,6185,221914,1140535
26500,34152349,19031,0,0,0,0,0,24760,7994,0,705,0,6678,20900,0,0,5457,0,7517,0,9661,10187,8852,0,174617,52480,21380,0,10130,19087,6204,222747,1144960
26600,34281340,19097,0,0,0,0,0,24838,8032,0,710,0,6705,20981,0,0,5482,0,7547,0,9694,10219,8893,0,175271,52674,21464,0,10162,19166,6220,223577,1149349
26700,34410686,19167,0,0,0,0,0,24935,8061,0,714,0,6734,21061,0,0,5502,0,7581,0,9729,10255,8923,0,175909,52883,21552,0,10206,19232,6242,224434,1153721
26800,34540109,19235,0,0,0,0,0,25041,8083,0,717,0,6752,21141,0,0,5521,0,7605,0,9764,10299,8957,0,176592,53077,21645,0,10242,19310,6262,225300,1158015
26900,34669695,19296,0,0,0,0,0,25139,8111,0,721,0,6775,21216,0,0,5540,0,7639,0,9801,10340,8994,0,177281,53291,21709,0,10283,19391,6288,226157,1162396
27000,34799465,19360,0,0,0,0,0,25248,8149,0,723,0,6802,21298,0,0,5561,0,7670,0,9844,10384,9024,0,177917,53511,21789,0,10328,19479,6311,227029,1166925
27100,34928652,19431,0,0,0,0,0,25336,8177,0,726,0,6827,21372,0,0,5592,0,7696,0,9886,10427,9051,0,178606,53711,21862,0,10369,19564,6330,227878,1171315
27200,35058017,19504,0,0,0,0,0,25428,8211,0,729,0,6850,21460,0,0,5616,0,7726,0,9916,10473,9080,0,179271,53915,21942,0,10404,19637,6349,228685,1175787
27300,35187784,19578,0,0,0,0,0,25532,8233,0,732,0,6871,21532,0,0,5636,0,7746,0,9950,10509,9099,0,179960,54127,22035,0,10437,19696,6368,229567,1180188
27400,35316805,19642,0,0,0,0,0,25624,8260,0,738,0,6896,21625,0,0,5660,0,7778,0,9981,10552,9132,0,180605,54333,22127,0,10477,19753,6402,230388,1184455
27500,35446088,19725,0,0,0,0,0,25717,8287,0,741,0,6919,21690,0,0,5677,0,7808,0,10027,10596,9163,0,181258,54535,22204,0,10506,19828,6426,231270,1188885
27600,35575341,19788,0,0,0,0,0,25804,8319,0,746,0,6938,21771,0,0,5694,0,7844,0,10077,10635,9189,0,181942,54710,22287,0,10543,19897,6446,232099,1193280
27700,35704478,19867,0,0,0,0,0,25879,8350,0,751,0,6968,21836,0,0,5716,0,7876,0,10118,10680,9218,0,182576,54911,22358,0,10579,19964,6474,232966,1197639
27800,35834065,19918,0,0,0,0,0,25968,8385,0,755,0,6995,21917,0,0,5742,0,7914,0,10156,10715,9253,0,183217,55130,22445,0,10621,20027,6496,233826,1201984
27900,35963444,19992,0,0,0,0,0,26072,8414,0,759,0,7015,21990,0,0,5759,0,7944,0,10196,10750,9282,0,183905,55346,22514,0,10662,20104,6512,234629,1206395
28000,36093192,20081,0,0,0,0,0,26169,8457,0,761,0,7038,22054,0,0,5784,0,7962,0,10226,10790,9313,0,184515,55535,22604,0,10707,20194,6532,235508,1210786
28100,36222925,20177,0,0,0,0,0,26253,8490,0,764,0,7066,22134,0,0,5803,0,7989,0,10272,10833,9349,0,185207,55718,22686,0,10749,20280,6560,236399,1215147
28200,36352289,20248,0,0,0,0,0,26354,8526,0,771,0,7096,22209,0,0,5826,0,8015,0,10306,10869,9380,0,185846,55915,22766,0,10790,20362,6587,237242,1219446
28300,36481798,20316,0,0,0,0,0,26437,8554,0,774,0,7124,22283,0,0,5847,0,8047,0,10342,10909,9421,0,186525,56133,22846,0,10826,20435,6606,238051,1223862
28400,36611413,20384,0,0,0,0,0,26519,8587,0,775,0,7153,22348,0,0,5863,0,8070,0,10385,10949,9452,0,187223,56349,22923,0,10863,20502,6627,238892,1228180
28500,36740718,20459,0,0,0,0,0,26620,8615,0,776,0,7182,22424,0,0,5881,0,8102,0,10422,10985,9492,0,187871,56550,23021,0,10896,20576,6651,239765,1232653
28600,36870116,20525,0,0,0,0,0,26727,8640,0,780,0,7202,22522,0,0,5897,0,8130,0,10460,11016,9527,0,188538,56753,23102,0,10944,20659,6668,240583,1237083
28700,36999561,20599,0,0,0,0,0,26817,8678,0,782,0,7233,22601,0,0,5916,0,8161,0,10494,11053,9559,0,189214,56949,23186,0,10976,20715,6697,241384,1241549
28800,37128749,20674,0,0,0,0,0,26906,8704,0,783,0,7268,22677,0,0,5937,0,8200,0,10535,11103,9588,0,189881,57129,23263,0,11013,20777,6723,242245,1245914
28900,37258097,20759,0,0,0,0,0,26997,8734,0,785,0,7294,22758,0,0,5960,0,8224,0,10571,11143,9624,0,190534,57318,23346,0,11051,20851,6746,243083,1250292
29000,37387205,20828,0,0,0,0,0,27086,8764,0,786,0,7325,22825,0,0,5986,0,8248,0,10618,11183,9666,0,191205,57502,23427,0,11080,20920,6768,243943,1254664
29100,37516706,20891,0,0,0,0,0,27177,8796,0,786,0,7344,22898,0,0,6011,0,8277,0,10659,11228,9696,0,191864,57706,23507,0,11132,20997,6794,244766,1259069
29200,37646612,20979,0,0,0,0,0,27284,8821,0,788,0,7363,22996,0,0,6033,0,8304,0,10693,11278,9728,0,192531,57907,23594,0,11173,21078,6820,245630,1263433
29300,37776601,21059,0,0,0,0,0,27387,8856,0,791,0,7389,23067,0,0,6051,0,8331,0,10725,11324,9761,0,193228,58138,23669,0,11213,21135,6838,246488,1267870
29400,37906085,21131,0,0,0,0,0,27496,8883,0,793,0,7409,23148,0,0,6072,0,8363,0,10760,11361,9793,0,193916,58343,23744,0,11242,21199,6862,247372,1272295
29500,38035702,21211,0,0,0,0,0,27599,8911,0,796,0,7431,23216,0,0,6089,0,8390,0,10793,11399,9827,0,194570,58532,23820,0,11283,21283,6886,248255,1276616
29600,38164863,21285,0,0,0,0,0,27697,8938,0,798,0,7457,23311,0,0,6109,0,8414,0,10826,11442,9862,0,195292,58728,23894,0,11319,21349,6909,249082,1281077
29700,38294520,21370,0,0,0,0,0,27796,8969,0,802,0,7484,23382,0,0,6132,0,8439,0,10867,11483,9898,0,195938,58950,23961,0,11355,21417,6937,249890,1285480
29800,38423978,21434,0,0,0,0,0,27900,9005,0,804,0,7510,23454,0,0,6158,0,8470,0,10909,11520,9929,0,196588,59133,24036,0,11388,21490,6959,250765,1289968
29900,38553858,21500,0,0,0,0,0,27986,9036,0,806,0,7530,23538,0,0,6182,0,8496,0,10935,11559,9965,0,197265,59354,24125,0,11431,21559,6987,251616,1294467
30000,38683703,21579,0,0,0,0,0,28083,9065,0,810,0,7557,23632,0,0,6211,0,8519,0,10973,11603,9992,0,197916,59558,24204,0,11463,21627,7013,252456,1298769
30100,38813343,21638,0,0,0,0,0,28178,9091,0,812,0,7588,23707,0,0,6231,0,8539,0,11007,11642,10024,0,198548,59763,24291,0,11501,21706,7037,253328,1303156
30200,38943097,21706,0,0,0,0,0,28269,9125,0,819,0,7612,23790,0,0,6249,0,8563,0,11044,11688,10065,0,199177,59957,24383,0,11539,21792,7061,254192,1307573
30300,39072619,21784,0,0,0,0,0,28370,9154,0,821,0,7637,23878,0,0,6272,0,8586,0,11083,11732,10103,0,199861,60154,24459,0,11567,21854,7083,255029,1311897
30400,39202370,21852,0,0,0,0,0,28449,9181,0,824,0,7662,23962,0,0,6288,0,8616,0,11121,11763,10136,0,200544,60339,24538,0,11600,21921,7109,255874,1316295
30500,39332024,21928,0,0,0,0,0,28539,9210,0,828,0,7688,24042,0,0,6306,0,8652,0,11161,11796,10169,0,201233,60551,24627,0,11640,21990,7134,256703,1320673
30600,39460804,22007,0,0,0,0,0,28638,9230,0,830,0,7708,24114,0,0,6324,0,8685,0,11195,11828,10206,0,201895,60755,24715,0,11672,22048,7161,257520,1325087
30700,39590446,22078,0,0,0,0,0,28732,9259,0,830,0,7739,24197,0,0,6347,0,8712,0,11238,11868,10236,0,202534,60962,24790,0,11699,22113,7185,258324,1329364
30800,39720302,22156,0,0,0,0,0,28816,9297,0,832,0,7771,24274,0,0,6364,0,8734,0,11278,11910,10273,0,203172,61180,24875,0,11736,22176,7211,259132,1333699
30900,39850020,22220,0,0,0,0,0,28915,9331,0,833,0,7795,24352,0,0,6392,0,8760,0,11319,11947,10310,0,203832,61373,24959,0,11769,22248,7241,260005,1338072
31000,39979967,22295,0,0,0,0,0,29002,9361,0,838,0,7818,24428,0,0,6410,0,8790,0,11360,11984,10343,0,204489,61586,25033,0,11806,22309,7262,260856,1342489
31100,40108958,22369,0,0,0,0,0,29101,9392,0,841,0,7848,24501,0,0,6434,0,8817,0,11397,12020,10379,0,205165,61785,25115,0,11840,22363,7285,261755,1346871
31200,40237984,22441,0,0,0,0,0,29196,9419,0,841,0,7879,24574,0,0,6457,0,8851,0,11433,12061,10407,0,205846,62009,25188,0,11881,22425,7308,262590,1351190
31300,40367675,22533,0,0,0,0,0,29291,9447,0,843,0,7908,24647,0,0,6487,0,8887,0,11470,12105,10443,0,206521,62194,25263,0,11921,22500,7329,263457,1355479
31400,40497751,22601,0,0,0,0,0,29395,9481,0,844,0,7938,24727,0,0,6508,0,8918,0,11510,12144,10477,0,207194,62394,25352,0,11969,22562,7358,264312,1359660
31500,40627670,22673,0,0,0,0,0,29488,9507,0,846,0,7961,24807,0,0,6533,0,8946,0,11548,12183,10510,0,207835,62585,25425,0,12003,22635,7383,265188,1364118
31600,40757458,22742,0,0,0,0,0,29581,9531,0,849,0,7989,24886,0,0,6554,0,8987,0,11588,12221,10544,0,208462,62784,25495,0,12040,22713,7411,266089,1368504
31700,40887114,22807,0,0,0,0,0,29688,9556,0,851,0,8013,24962,0,0,6569,0,9018,0,11624,12264,10571,0,209081,62983,25572,0,12081,22791,7432,266935,1372821
31800,41017047,22896,0,0,0,0,0,29785,9581,0,852,0,8038,25037,0,0,6593,0,9054,0,11657,12307,10607,0,209788,63185,25650,0,12110,22863,7456,267848,1377246
31900,41147305,22970,0,0,0,0,0,29882,9610,0,852,0,8075,25119,0,0,6618,0,9077,0,11689,12342,10636,0,210411,63385,25731,0,12143,22919,7483,268678,1381752
32000,41277094,23046,0,0,0,0,0,29976,9648,0,856,0,8105,25192,0,0,6639,0,9110,0,11725,12377,10664,0,211065,63612,25816,0,12183,23002,7508,269535,1386273
32100,41406201,23132,0,0,0,0,0,30085,9684,0,858,0,8123,25277,0,0,6654,0,9132,0,11762,12426,10704,0,211740,63802,25896,0,12223,23095,7527,270375,1390725
32200,41535737,23201,0,0,0,0,0,30188,9716,0,859,0,8148,25365,0,0,6680,0,9154,0,11799,12471,10740,0,212407,64004,25981,0,12269,23167,7555,271209,1395140
32300,41665381,23271,0,0,0,0,0,30294,9749,0,861,0,8175,25456,0,0,6697,0,9179,0,11833,12514,10771,0,213100,64198,26073,0,12315,23234,7579,272041,1399528
32400,41794644,23352,0,0,0,0,0,30408,9790,0,864,0,8196,25523,0,0,6721,0,9219,0,11864,12550,10805,0,213775,64406,26136,0,12353,23312,7605,272864,1403852
32500,41924188,23425,0,0,0,0,0,30493,9815,0,868,0,8217,25591,0,0,6742,0,9243,0,11898,12591,10833,0,214480,64631,26228,0,12393,23387,7632,273739,1408259
32600,42054236,23493,0,0,0,0,0,30588,9838,0,871,0,8239,25663,0,0,6755,0,9271,0,11930,12630,10873,0,215158,64829,26317,0,12430,23452,7659,274613,1412664
32700,42184209,23557,0,0,0,0,0,30690,9871,0,876,0,8255,25743,0,0,6773,0,9301,0,11972,12674,10894,0,215795,65020,26394,0,12471,23534,7686,275473,1417073
32800,42314225,23626,0,0,0,0,0,30794,9894,0,877,0,8279,25823,0,0,6794,0,9322,0,12010,12721,10922,0,216455,65210,26470,0,12504,23630,7707,276321,1421512
32900,42444153,23692,0,0,0,0,0,30887,9926,0,879,0,8312,25897,0,0,6822,0,9350,0,12048,12768,10957,0,217126,65426,26554,0,12544,23703,7725,277179,1425836
33000,42573224,23776,0,0,0,0,0,30993,9958,0,881,0,8338,25970,0,0,6841,0,9378,0,12093,12807,10986,0,217806,65604,26636,0,12596,23768,7752,278010,1430146
33100,42702523,23850,0,0,0,0,0,31108,9986,0,883,0,8369,26045,0,0,6857,0,9408,0,12137,12848,11019,0,218482,65798,26705,0,12635,23836,7780,278889,1434474
33200,42832051,23919,0,0,0,0,0,31208,10016,0,887,0,8388,26121,0,0,6875,0,9434,0,12172,12888,11049,0,219134,65985,26778,0,12668,23908,7798,279736,1438795
33300,42961287,23990,0,0,0,0,0,31293,10047,0,891,0,8416,26219,0,0,6901,0,9463,0,12207,12923,11081,0,219817,66174,26863,0,12704,23972,7819,280568,1443134
33400,43090329,24057,0,0,0,0,0,31395,10080,0,894,0,8444,26309,0,0,6928,0,9491,0,12248,12954,11112,0,220510,66365,26953,0,12737,24035,7843,281371,1447467
33500,43219854,24130,0,0,0,0,0,31487,10111,0,898,0,8465,26406,0,0,6952,0,9520,0,12283,12989,11146,0,221169,66535,27038,0,12776,24109,7867,282221,1451752
33600,43349733,24200,0,0,0,0,0,31561,10144,0,901,0,8494,26492,0,0,6966,0,9545,0,12313,13028,11184,0,221841,66726,27121,0,12815,24181,7889,283078,1456167
33700,43479897,24283,0,0,0,0,0,31641,10170,0,903,0,8524,26568,0,0,6980,0,9566,0,12358,13071,11216,0,222507,66936,27208,0,12855,24262,7909,283932,1460612
33800,43610126,24357,0,0,0,0,0,31750,10197,0,907,0,8549,26662,0,0,7004,0,9593,0,12395,13111,11250,0,223193,67134,27294,0,12895,24336,7938,284806,1465043
33900,43739390,24442,0,0,0,0,0,31851,10216,0,912,0,8588,26721,0,0,7022,0,9625,0,12440,13158,11287,0,223852,67345,27368,0,12924,24411,7966,285636,1469382
34000,43868384,24521,0,0,0,0,0,31934,10246,0,916,0,8615,26801,0,0,7046,0,9648,0,12474,13188,11319,0,224530,67554,27447,0,12975,24471,7989,286513,1473752
34100,43997069,24597,0,0,0,0,0,32032,10284,0,916,0,8639,26870,0,0,7063,0,9676,0,12511,13235,11350,0,225224,67760,27521,0,13010,24547,8003,287320,1478057
34200,44126801,24667,0,0,0,0,0,32127,10320,0,922,0,8661,26944,0,0,7079,0,9713,0,12548,13271,11390,0,225924,67958,27605,0,13057,24612,8027,288143,1482391
34300,44256127,24743,0,0,0,0,0,32220,10353,0,923,0,8687,27015,0,0,7096,0,9742,0,12586,13304,11424,0,226614,68145,27680,0,13097,24683,8058,288996,1486737
34400,44385062,24813,0,0,0,0,0,32327,10381,0,925,0,8707,27091,0,0,7118,0,9775,0,12620,13340,11459,0,227307,68327,27755,0,13138,24763,8082,289895,1491131
34500,44514374,24885,0,0,0,0,0,32419,10406,0,926,0,8733,27179,0,0,7130,0,9812,0,12661,13378,11489,0,227967,68526,27834,0,13180,24833,8109,290751,1495476
34600,44643629,24970,0,0,0,0,0,32509,10432,0,929,0,8766,27250,0,0,7155,0,9838,0,12706,13415,11523,0,228668,68723,27918,0,13216,24902,8136,291611,1499907
34700,44772739,25050,0,0,0,0,0,32604,10464,0,934,0,8790,27327,0,0,7172,0,9865,0,12742,13456,11566,0,229321,68917,28004,0,13256,24976,8161,292472,1504261
34800,44902567,25113,0,0,0,0,0,32682,10493,0,937,0,8812,27398,0,0,7182,0,9893,0,12779,13498,11595,0,229979,69111,28085,0,13296,25049,8185,293360,1508702
34900,45031525,25187,0,0,0,0,0,32776,10528,0,945,0,8840,27469,0,0,7201,0,9925,0,12815,13540,11631,0,230651,69275,28163,0,13331,25115,8214,294219,1513095
35000,45160877,25263,0,0,0,0,0,32877,10553,0,948,0,8865,27537,0,0,7218,0,9946,0,12857,13576,11665,0,231312,69481,28234,0,13367,25185,8245,295060,1517557
35100,45290406,25342,0,0,0,0,0,32969,10581,0,949,0,8894,27614,0,0,7238,0,9977,0,12895,13613,11704,0,231983,69677,28306,0,13405,25255,8270,295893,1522002
35200,45419662,25403,0,0,0,0,0,33043,10607,0,951,0,8932,27685,0,0,7263,0,10002,0,12929,13655,11733,0,232636,69891,28386,0,13442,25339,8292,296725,1526352
35300,45549176,25473,0,0,0,0,0,33134,10648,0,955,0,8958,27762,0,0,7278,0,10035,0,12974,13694,11767,0,233313,70106,28465,0,13483,25411,8311,297600,1530723
35400,45678919,25556,0,0,0,0,0,33242,10679,0,957,0,8984,27852,0,0,7302,0,10066,0,13005,13730,11802,0,233998,70310,28539,0,13524,25483,8332,298452,1535125
35500,45808595,25634,0,0,0,0,0,33323,10713,0,959,0,9009,27928,0,0,7317,0,10089,0,13051,13761,11840,0,234635,70512,28622,0,13577,25569,8363,299299,1539490
35600,45937949,25699,0,0,0,0,0,33399,10747,0,966,0,9034,28004,0,0,7339,0,10107,0,13088,13800,11877,0,235265,70715,28705,0,13620,25636,8386,300178,1543833
35700,46067423,25777,0,0,0,0,0,33496,10775,0,968,0,9054,28090,0,0,7358,0,10134,0,13135,13842,11912,0,235963,70939,28794,0,13666,25716,8407,301057,1548365
35800,46196723,25844,0,0,0,0,0,33587,10803,0,970,0,9079,28162,0,0,7378,0,10166,0,13171,13874,11942,0,236645,71143,28863,0,13699,25776,8428,301897,1552828
35900,46326167,25921,0,0,0,0,0,33679,10831,0,972,0,9110,28242,0,0,7397,0,10200,0,13205,13921,11960,0,237293,71345,28946,0,13729,25841,8446,302765,1557131
36000,46455965,26022,0,0,0,0,0,33787,10867,0,975,0,9130,28321,0,0,7421,0,10234,0,13243,13953,11995,0,237943,71550,29028,0,13768,25913,8473,303629,1561562
36100,46585785,26094,0,0,0,0,0,33903,10893,0,978,0,9161,28386,0,0,7447,0,10262,0,13284,13991,12035,0,238603,71744,29110,0,13808,25983,8494,304487,1565923
36200,46715554,26172,0,0,0,0,0,33988,10927,0,982,0,9189,28468,0,0,7464,0,10294,0,13320,14029,12073,0,239266,71947,29194,0,13843,26049,8520,305331,1570320
36300,46845184,26253,0,0,0,0,0,34087,10958,0,984,0,9206,28546,0,0,7492,0,10326,0,13361,14059,12110,0,239969,72151,29263,0,13884,26119,8548,306190,1574631
36400,46974916,26320,0,0,0,0,0,34167,10988,0,985,0,9233,28613,0,0,7515,0,10360,0,13395,14097,12147,0,240638,72340,29356,0,13932,26181,8574,307062,1579058
36500,47104733,26402,0,0,0,0,0,34257,11022,0,987,0,9256,28710,0,0,7544,0,10383,0,13428,14135,12182,0,241343,72552,29424,0,13977,26240,8593,307917,1583446
36600,47233864,26465,0,0,0,0,0,34349,11056,0,990,0,9276,28808,0,0,7566,0,10399,0,13464,14168,12210,0,242049,72748,29499,0,14017,26307,8609,308741,1587951
36700,47363293,26545,0,0,0,0,0,34433,11092,0,996,0,9303,28880,0,0,7586,0,10423,0,13508,14216,12243,0,242693,72940,29591,0,14050,26383,8635,309581,1592420
36800,47492603,26627,0,0,0,0,0,34535,11119,0,1001,0,9326,28956,0,0,7611,0,10448,0,13541,14260,12277,0,243410,73164,29668,0,14090,26450,8660,310430,1596903
36900,47621524,26705,0,0,0,0,0,34614,11149,0,1008,0,9352,29019,0,0,7631,0,10477,0,13569,14296,12316,0,244052,73370,29741,0,14126,26517,8677,311287,1601290
37000,47750963,26786,0,0,0,0,0,34705,11178,0,1011,0,9381,29089,0,0,7648,0,10504,0,13605,14338,12344,0,244723,73559,29814,0,14161,26600,8697,312179,1605664
37100,47880650,26866,0,0,0,0,0,34819,11211,0,1011,0,9402,29156,0,0,7669,0,10533,0,13635,14376,12378,0,245391,73775,29898,0,14189,26679,8720,312995,1610075
37200,48010261,26927,0,0,0,0,0,34909,11243,0,1011,0,9434,29243,0,0,7694,0,10566,0,13671,14414,12410,0,246051,73980,29970,0,14231,26761,8747,313833,1614364
37300,48138909,27006,0,0,0,0,0,34983,11272,0,1014,0,9458,29317,0,0,7716,0,10595,0,13709,14449,12452,0,246723,74194,30042,0,14275,26847,8769,314667,1618728
37400,48268152,27075,0,0,0,0,0,35084,11307,0,1017,0,9488,29400,0,0,7734,0,10623,0,13745,14487,12495,0,247385,74387,30121,0,14323,26917,8792,315522,1623083
37500,48397192,27152,0,0,0,0,0,35179,11333,0,1019,0,9512,29480,0,0,7753,0,10649,0,13779,14525,12531,0,248038,74568,30207,0,14362,26998,8822,316425,1627489
37600,48526624,27219,0,0,0,0,0,35268,11368,0,1021,0,9533,29573,0,0,7774,0,10682,0,13820,14559,12563,0,248657,74764,30282,0,14388,27063,8846,317263,1631826
37700,48655923,27288,0,0,0,0,0,35349,11398,0,1023,0,9553,29652,0,0,7799,0,10705,0,13851,14596,12606,0,249355,74935,30370,0,14427,27128,8869,318058,1636124
37800,48785129,27358,0,0,0,0,0,35451,11431,0,1028,0,9578,29738,0,0,7820,0,10738,0,13894,14634,12634,0,250014,75129,30448,0,14463,27200,8893,318905,1640506
37900,48914246,27441,0,0,0,0,0,35546,11460,0,1034,0,9606,29819,0,0,7833,0,10772,0,13938,14674,12662,0,250672,75328,30526,0,14500,27283,8918,319748,1644946
38000,49043629,27531,0,0,0,0,0,35644,11492,0,1035,0,9631,29901,0,0,7853,0,10798,0,13970,14718,12703,0,251367,75525,30610,0,14543,27337,8942,320646,1649307
38100,49172984,27616,0,0,0,0,0,35739,11524,0,1037,0,9653,29979,0,0,7877,0,10838,0,14001,14760,12729,0,252102,75708,30694,0,14586,27405,8971,321485,1653577
38200,49302492,27692,0,0,0,0,0,35825,11552,0,1040,0,9674,30059,0,0,7895,0,10869,0,14043,14802,12756,0,252778,75909,30773,0,14625,27484,8987,322391,1657942
38300,49431812,27761,0,0,0,0,0,35930,11583,0,1042,0,9702,30135,0,0,7915,0,10890,0,14080,14837,12784,0,253421,76117,30859,0,14662,27564,9008,323234,1662366
38400,49561685,27842,0,0,0,0,0,36033,11615,0,1046,0,9733,30221,0,0,7936,0,10921,0,14112,14880,12820,0,254085,76311,30951,0,14699,27646,9037,324064,1666698
38500,49691344,27924,0,0,0,0,0,36123,11645,0,1048,0,9753,30306,0,0,7955,0,10949,0,14153,14921,12858,0,254737,76508,31031,0,14729,27715,9057,324890,1671064
38600,49820788,28004,0,0,0,0,0,36231,11683,0,1051,0,9775,30373,0,0,7967,0,10973,0,14189,14958,12889,0,255400,76710,31104,0,14776,27792,9080,325715,1675539
38700,49950472,28069,0,0,0,0,0,36325,11702,0,1055,0,9800,30444,0,0,7986,0,11011,0,14223,14994,12918,0,256075,76925,31185,0,14815,27867,9106,326520,1679837
38800,50080661,28146,0,0,0,0,0,36422,11726,0,1061,0,9823,30525,0,0,8000,0,11046,0,14260,15032,12961,0,256734,77132,31262,0,14853,27938,9125,327399,1684126
38900,50210321,28211,0,0,0,0,0,36517,11752,0,1067,0,9848,30608,0,0,8021,0,11074,0,14297,15065,12993,0,257448,77309,31339,0,14889,28014,9154,328282,1688498
39000,50340020,28291,0,0,0,0,0,36618,11784,0,1070,0,9870,30689,0,0,8042,0,11097,0,14330,15111,13018,0,258131,77506,31419,0,14927,28067,9180,329166,1692872
39100,50469830,28364,0,0,0,0,0,36727,11816,0,1074,0,9903,30767,0,0,8054,0,11134,0,14375,15153,13050,0,258779,77697,31478,0,14964,28147,9199,330005,1697310
39200,50599141,28424,0,0,0,0,0,36829,11843,0,1074,0,9922,30851,0,0,8078,0,11161,0,14415,15192,13091,0,259458,77890,31556,0,15002,28226,9217,330856,1701531
39300,50728681,28485,0,0,0,0,0,36936,11871,0,1076,0,9949,30927,0,0,8100,0,11186,0,14455,15230,13123,0,260130,78091,31635,0,15036,28293,9247,331677,1706001
39400,50858349,28551,0,0,0,0,0,37037,11910,0,1078,0,9969,31013,0,0,8122,0,11215,0,14491,15272,13159,0,260839,78298,31712,0,15065,28371,9267,332572,1710406
39500,50987404,28620,0,0,0,0,0,37127,11939,0,1080,0,10000,31086,0,0,8134,0,11234,0,14536,15319,13189,0,261527,78484,31809,0,15100,28442,9281,333392,1714713
39600,51116946,28684,0,0,0,0,0,37233,11965,0,1081,0,10035,31162,0,0,8153,0,11267,0,14569,15355,13220,0,262214,78665,31882,0,15130,28518,9304,334253,1719085
39700,51246762,28770,0,0,0,0,0,37330,11992,0,1086,0,10058,31243,0,0,8173,0,11295,0,14601,15393,13256,0,262877,78872,31968,0,15164,28596,9330,335103,1723495
39800,51376466,28847,0,0,0,0,0,37423,12019,0,1091,0,10083,31309,0,0,8195,0,11328,0,14636,15436,13290,0,263549,79083,32047,0,15205,28672,9346,335974,1727801
39900,51505963,28933,0,0,0,0,0,37505,12045,0,1095,0,10112,31380,0,0,8213,0,11357,0,14670,15474,13321,0,264182,79262,32127,0,15250,28747,9372,336847,1732079
40000,51635071,29019,0,0,0,0,0,37589,12072,0,1098,0,10135,31465,0,0,8232,0,11394,0,14701,15509,13359,0,264851,79464,32212,0,15284,28818,9399,337691,1736458
40100,51764662,29086,0,0,0,0,0,37683,12102,0,1102,0,10161,31552,0,0,8250,0,11422,0,14747,15546,13396,0,265531,79660,32288,0,15332,28890,9422,338567,1740811
40200,51894127,29160,0,0,0,0,0,37796,12138,0,1103,0,10188,31632,0,0,8270,0,11453,0,14787,15587,13420,0,266223,79871,32365,0,15372,28960,9456,339413,1745203
40300,52023113,29236,0,0,0,0,0,37899,12164,0,1106,0,10215,31713,0,0,8293,0,11472,0,14831,15621,13454,0,266882,80076,32455,0,15411,29045,9479,340273,1749611
40400,52152820,29314,0,0,0,0,0,38018,12197,0,1109,0,10239,31791,0,0,8312,0,11495,0,14875,15660,13488,0,267544,80268,32519,0,15445,29123,9505,341106,1754041
40500,52282634,29400,0,0,0,0,0,38117,12228,0,1111,0,10270,31877,0,0,8334,0,11528,0,14910,15703,13525,0,268236,80475,32609,0,15479,29198,9530,341932,1758397
40600,52412629,29469,0,0,0,0,0,38195,12261,0,1113,0,10294,31953,0,0,8358,0,11549,0,14943,15728,13557,0,268924,80662,32695,0,15512,29267,9554,342818,1762741
40700,52542157,29546,0,0,0,0,0,38285,12294,0,1119,0,10322,32022,0,0,8383,0,11577,0,14984,15766,13585,0,269614,80879,32775,0,15550,29342,9578,343678,1767110
40800,52671433,29610,0,0,0,0,0,38380,12323,0,1121,0,10347,32099,0,0,8405,0,11601,0,15019,15803,13616,0,270313,81076,32851,0,15585,29429,9600,344529,1771556
40900,52800709,29683,0,0,0,0,0,38474,12351,0,1123,0,10368,32179,0,0,8431,0,11629,0,15061,15852,13651,0,270998,81276,32938,0,15623,29491,9623,345369,1775969
41000,52930120,29750,0,0,0,0,0,38563,12383,0,1124,0,10393,32260,0,0,8454,0,11655,0,15086,15885,13686,0,271620,81459,33033,0,15658,29579,9641,346218,1780331
41100,53060302,29813,0,0,0,0,0,38666,12419,0,1127,0,10416,32332,0,0,8472,0,11682,0,15127,15921,13719,0,272285,81636,33113,0,15691,29663,9670,347060,1784765
41200,53189935,29881,0,0,0,0,0,38756,12459,0,1128,0,10439,32405,0,0,8490,0,11715,0,15165,15951,13745,0,272951,81829,33198,0,15724,29725,9701,347916,1789217
41300,53319114,29956,0,0,0,0,0,38848,12490,0,1128,0,10463,32487,0,0,8508,0,11744,0,15199,15987,13776,0,273578,82017,33293,0,15766,29812,9721,348771,1793699
41400,53448819,30021,0,0,0,0,0,38943,12516,0,1132,0,10484,32559,0,0,8528,0,11770,0,15245,16024,13810,0,274260,82214,33372,0,15798,29877,9744,349641,1798207
41500,53578537,30095,0,0,0,0,0,39035,12545,0,1132,0,10516,32643,0,0,8544,0,11805,0,15281,16059,13844,0,274914,82413,33454,0,15840,29931,9768,350509,1802625
41600,53708194,30164,0,0,0,0,0,39135,12572,0,1134,0,10550,32730,0,0,8561,0,11827,0,15310,16107,13882,0,275602,82610,33535,0,15884,30008,9789,351310,1807083
41700,53837866,30240,0,0,0,0,0,39233,12601,0,1137,0,10566,32804,0,0,8584,0,11856,0,15349,16155,13922,0,276242,82796,33619,0,15924,30081,9817,352137,1811444
41800,53967032,30328,0,0,0,0,0,39329,12630,0,1138,0,10591,32868,0,0,8598,0,11886,0,15389,16193,13957,0,276895,83000,33684,0,15968,30153,9842,352961,1815792
41900,54096616,30392,0,0,0,0,0,39439,12662,0,1142,0,10622,32951,0,0,8618,0,11911,0,15424,16233,13985,0,277536,83214,33763,0,16004,30222,9864,353812,1820167
42000,54226242,30460,0,0,0,0,0,39530,12689,0,1144,0,10650,33015,0,0,8646,0,11940,0,15459,16277,14017,0,278173,83426,33841,0,16048,30293,9889,354665,1824497
42100,54355341,30540,0,0,0,0,0,39643,12721,0,1147,0,10675,33093,0,0,8666,0,11972,0,15499,16317,14057,0,278820,83631,33917,0,16093,30357,9912,355516,1828881
42200,54484270,30626,0,0,0,0,0,39737,12757,0,1150,0,10699,33168,0,0,8689,0,12013,0,15533,16360,14078,0,279451,83824,34001,0,16126,30431,9941,356373,1833239
42300,54613477,30697,0,0,0,0,0,39838,12796,0,1156,0,10725,33236,0,0,8702,0,12049,0,15566,16403,14115,0,280092,84016,34089,0,16171,30498,9964,357215,1837578
42400,54742455,30763,0,0,0,0,0,39955,12821,0,1161,0,10735,33319,0,0,8736,0,12077,0,15600,16437,14144,0,280745,84217,34155,0,16213,30558,9978,358063,1841964
42500,54871948,30833,0,0,0,0,0,40057,12850,0,1163,0,10757,33399,0,0,8750,0,12105,0,15637,16480,14180,0,281407,84413,34244,0,16249,30635,9999,358952,1846340
42600,55001464,30905,0,0,0,0,0,40157,12880,0,1164,0,10779,33470,0,0,8768,0,12131,0,15677,16508,14218,0,282086,84603,34313,0,16289,30711,10023,359786,1850685
42700,55131362,30986,0,0,0,0,0,40239,12911,0,1164,0,10803,33539,0,0,8796,0,12162,0,15712,16558,14251,0,282726,84819,34390,0,16323,30785,10040,360646,1855031
42800,55260807,31059,0,0,0,0,0,40344,12938,0,1165,0,10832,33612,0,0,8816,0,12196,0,15762,16603,14279,0,283423,85005,34472,0,16366,30846,10063,361531,1859488
42900,55390674,31121,0,0,0,0,0,40440,12963,0,1167,0,10856,33695,0,0,8838,0,12229,0,15800,16642,14310,0,284084,85170,34553,0,16398,30920,10083,362373,1863946
43000,55520618,31188,0,0,0,0,0,40532,12989,0,1172,0,10874,33778,0,0,8865,0,12250,0,15844,16681,14354,0,284750,85361,34634,0,16428,30994,10103,363229,1868350
43100,55650398,31257,0,0,0,0,0,40632,13029,0,1174,0,10895,33854,0,0,8894,0,12277,0,15878,16722,14381,0,285417,85556,34711,0,16459,31079,10127,364099,1872773
43200,55779465,31315,0,0,0,0,0,40709,13060,0,1178,0,10921,33938,0,0,8915,0,12299,0,15906,16764,14413,0,286077,85770,34791,0,16491,31155,10162,364890,1877043
43300,55908848,31388,0,0,0,0,0,40815,13089,0,1182,0,10949,34013,0,0,8934,0,12318,0,15941,16803,14452,0,286768,85974,34879,0,16531,31226,10185,365757,1881485
43400,56038167,31472,0,0,0,0,0,40904,13121,0,1184,0,10968,34101,0,0,8961,0,12346,0,15977,16840,14490,0,287464,86182,34957,0,16557,31306,10212,366619,1885869
43500,56167556,31558,0,0,0,0,0,40995,13151,0,1185,0,10990,34181,0,0,8986,0,12367,0,16016,16870,14525,0,288121,86406,35046,0,16592,31373,10230,367436,1890222
43600,56297390,31632,0,0,0,0,0,41080,13188,0,1186,0,11012,34251,0,0,9011,0,12390,0,16055,16911,14557,0,288791,86614,35130,0,16636,31429,10252,368259,1894551
43700,56427323,31692,0,0,0,0,0,41169,13218,0,1191,0,11035,34313,0,0,9029,0,12411,0,16092,16953,14589,0,289467,86813,35213,0,16667,31491,10276,369124,1898970
43800,56556645,31772,0,0,0,0,0,41269,13248,0,1198,0,11067,34402,0,0,9057,0,12441,0,16125,16988,14621,0,290135,87010,35289,0,16712,31562,10301,369983,1903399
43900,56686346,31847,0,0,0,0,0,41366,13285,0,1201,0,11096,34482,0,0,9081,0,12471,0,16149,17029,14655,0,290845,87202,35378,0,16741,31639,10319,370885,1907879
44000,56815533,31907,0,0,0,0,0,41462,13316,0,1206,0,11114,34573,0,0,9105,0,12499,0,16201,17068,14685,0,291505,87410,35455,0,16790,31709,10341,371708,1912351
44100,56944839,31969,0,0,0,0,0,41546,13348,0,1208,0,11132,34660,0,0,9124,0,12524,0,16238,17108,14717,0,292174,87606,35530,0,16834,31788,10362,372553,1916710
44200,57074238,32046,0,0,0,0,0,41642,13378,0,1210,0,11162,34740,0,0,9150,0,12561,0,16283,17143,14750,0,292853,87789,35599,0,16877,31849,10390,373330,1921039
44300,57203580,32120,0,0,0,0,0,41752,13415,0,1212,0,11182,34827,0,0,9165,0,12588,0,16322,17187,14784,0,293506,87980,35679,0,16922,31925,10422,374192,1925432
44400,57333017,32200,0,0,0,0,0,41846,13444,0,1215,0,11206,34920,0,0,9195,0,12621,0,16361,17238,14824,0,294179,88182,35751,0,16959,31994,10445,375022,1929931
44500,57462440,32291,0,0,0,0,0,41933,13475,0,1217,0,11226,34996,0,0,9216,0,12656,0,16400,17277,14855,0,294814,88374,35832,0,16995,32062,10468,375870,1934251
44600,57591872,32352,0,0,0,0,0,42029,13509,0,1220,0,11252,35089,0,0,9241,0,12672,0,16448,17308,14878,0,295490,88585,35911,0,17027,32135,10487,376687,1938517
44700,57721084,32432,0,0,0,0,0,42118,13541,0,1223,0,11289,35171,0,0,9263,0,12701,0,16487,17350,14914,0,296186,88795,36000,0,17063,32208,10512,377526,1942865
44800,57851084,32511,0,0,0,0,0,42234,13576,0,1225,0,11309,35261,0,0,9287,0,12730,0,16523,17393,14950,0,296901,89001,36071,0,17102,32269,10544,378366,1947163
44900,57980797,32603,0,0,0,0,0,42323,13612,0,1226,0,11334,35344,0,0,9311,0,12759,0,16560,17433,14986,0,297576,89193,36146,0,17137,32342,10563,379254,1951542
45000,58110644,32666,0,0,0,0,0,42412,13639,0,1229,0,11366,35428,0,0,9332,0,12790,0,16593,17475,15014,0,298255,89389,36229,0,17176,32415,10582,380091,1955853
45100,58240085,32750,0,0,0,0,0,42507,13660,0,1233,0,11389,35514,0,0,9356,0,12822,0,16629,17517,15037,0,298872,89579,36315,0,17202,32494,10608,380908,1960274
45200,58369567,32825,0,0,0,0,0,42608,13690,0,1234,0,11414,35589,0,0,9377,0,12849,0,16671,17557,15069,0,299523,89784,36399,0,17237,32559,10625,381811,1964656
45300,58498937,32896,0,0,0,0,0,42709,13726,0,1238,0,11443,35659,0,0,9395,0,12869,0,16699,17593,15102,0,300160,89997,36472,0,17271,32648,10643,382642,1969039
45400,58628484,32951,0,0,0,0,0,42795,13762,0,1242,0,11464,35735,0,0,9413,0,12895,0,16741,17628,15125,0,300827,90206,36543,0,17305,32720,10662,383490,1973428
45500,58758047,33020,0,0,0,0,0,42894,13783,0,1246,0,11490,35808,0,0,9430,0,12927,0,16781,17676,15161,0,301491,90417,36630,0,17337,32803,10692,384328,1977796
45600,58888137,33081,0,0,0,0,0,42975,13813,0,1248,0,11520,35897,0,0,9452,0,12955,0,16809,17714,15193,0,302122,90606,36713,0,17370,32871,10721,385115,1982163
45700,59017151,33141,0,0,0,0,0,43057,13848,0,1251,0,11551,35982,0,0,9473,0,12982,0,16848,17749,15220,0,302824,90821,36810,0,17407,32936,10748,385988,1986540
45800,59146045,33212,0,0,0,0,0,43166,13884,0,1256,0,11566,36061,0,0,9496,0,13000,0,16881,17790,15257,0,303476,91017,36901,0,17436,33017,10766,386823,1990913
45900,59274908,33282,0,0,0,0,0,43255,13912,0,1258,0,11584,36159,0,0,9524,0,13036,0,16919,17827,15285,0,304136,91221,36987,0,17466,33089,10796,387718,1995196
46000,59404107,33348,0,0,0,0,0,43349,13939,0,1262,0,11612,36245,0,0,9549,0,13067,0,16953,17859,15320,0,304831,91440,37071,0,17508,33170,10823,388587,1999544
46100,59532911,33432,0,0,0,0,0,43450,13973,0,1265,0,11643,36333,0,0,9566,0,13094,0,16989,17893,15353,0,305479,91638,37156,0,17552,33243,10847,389426,2004054
46200,59661702,33514,0,0,0,0,0,43561,14005,0,1272,0,11665,36410,0,0,9589,0,13131,0,17029,17935,15386,0,306173,91822,37243,0,17587,33283,10879,390243,2008456
46300,59790669,33583,0,0,0,0,0,43658,14039,0,1275,0,11693,36491,0,0,9605,0,13163,0,17071,17968,15421,0,306812,92008,37334,0,17623,33356,10904,391101,2012900
46400,59919348,33655,0,0,0,0,0,43753,14070,0,1278,0,11717,36571,0,0,9633,0,13193,0,17098,18001,15453,0,307455,92200,37421,0,17664,33424,10927,391980,2017287
46500,60048406,33725,0,0,0,0,0,43839,14100,0,1281,0,11740,36656,0,0,9659,0,13223,0,17135,18043,15490,0,308139,92405,37507,0,17711,33500,10947,392841,2021684
46600,60177428,33793,0,0,0,0,0,43936,14127,0,1285,0,11761,36738,0,0,9680,0,13253,0,17173,18077,15522,0,308767,92599,37582,0,17745,33582,10977,393713,2026041
46700,60306911,33855,0,0,0,0,0,44035,14159,0,1287,0,11785,36811,0,0,9702,0,13280,0,17211,18120,15562,0,309423,92792,37674,0,17777,33654,10998,394529,2030386
46800,60436156,33927,0,0,0,0,0,44138,14179,0,1290,0,11812,36888,0,0,9716,0,13311,0,17244,18152,15590,0,310046,92987,37769,0,17806,33730,11020,395371,2034757
46900,60566321,34006,0,0,0,0,0,44214,14208,0,1293,0,11836,36974,0,0,9733,0,13348,0,17284,18193,15618,0,310731,93189,37848,0,17845,33798,11050,396195,2039116
47000,60695898,34070,0,0,0,0,0,44305,14237,0,1296,0,11851,37055,0,0,9748,0,13379,0,17326,18232,15655,0,311414,93393,37929,0,17876,33862,11075,397109,2043516
47100,60825059,34146,0,0,0,0,0,44406,14265,0,1300,0,11871,37130,0,0,9764,0,13401,0,17361,18273,15690,0,312142,93587,38001,0,17906,33929,11098,397972,2047975
47200,60953900,34228,0,0,0,0,0,44513,14301,0,1304,0,11890,37198,0,0,9784,0,13437,0,17396,18316,15719,0,312793,93767,38088,0,17941,34010,11121,398832,2052343
47300,61082865,34297,0,0,0,0,0,44608,14341,0,1308,0,11914,37276,0,0,9808,0,13473,0,17422,18348,15747,0,313437,93950,38155,0,17981,34070,11146,399650,2056730
47400,61211834,34381,0,0,0,0,0,44719,14370,0,1309,0,11944,37348,0,0,9836,0,13499,0,17448,18385,15771,0,314068,94134,38231,0,18009,34141,11167,400539,2061066
47500,61341704,34448,0,0,0,0,0,44822,14402,0,1312,0,11961,37426,0,0,9860,0,13524,0,17476,18425,15815,0,314724,94337,38322,0,18046,34212,11186,401404,2065569
47600,61471195,34510,0,0,0,0,0,44910,14427,0,1315,0,11992,37512,0,0,9883,0,13553,0,17516,18471,15854,0,315413,94533,38414,0,18092,34279,11206,402287,2069932
47700,61600896,34583,0,0,0,0,0,45010,14458,0,1320,0,12017,37593,0,0,9902,0,13575,0,17552,18511,15885,0,316089,94736,38502,0,18128,34346,11221,403119,2074350
47800,61729740,34655,0,0,0,0,0,45108,14494,0,1321,0,12045,37689,0,0,9923,0,13607,0,17598,18552,15913,0,316771,94917,38569,0,18167,34435,11242,404009,2078571
47900,61859360,34723,0,0,0,0,0,45212,14534,0,1327,0,12067,37764,0,0,9941,0,13637,0,17638,18605,15940,0,317458,95121,38662,0,18199,34500,11272,404841,2083050
48000,61988582,34789,0,0,0,0,0,45304,14564,0,1329,0,12093,37847,0,0,9965,0,13665,0,17680,18647,15973,0,318126,95297,38736,0,18238,34577,11290,405659,2087476
48100,62118089,34863,0,0,0,0,0,45407,14597,0,1330,0,12126,37922,0,0,9999,0,13691,0,17716,18692,16004,0,318839,95510,38810,0,18279,34647,11314,406472,2091900
48200,62247714,34942,0,0,0,0,0,45505,14629,0,1335,0,12151,38001,0,0,10024,0,13715,0,17759,18733,16031,0,319466,95692,38904,0,18317,34713,11345,407335,2096274
48300,62377859,35015,0,0,0,0,0,45609,14655,0,1337,0,12171,38074,0,0,10041,0,13739,0,17794,18772,16059,0,320113,95899,38977,0,18353,34795,11376,408191,2100662
48400,62507367,35085,0,0,0,0,0,45707,14686,0,1342,0,12201,38142,0,0,10056,0,13764,0,17834,18813,16086,0,320756,96104,39063,0,18393,34871,11400,409070,2105062
48500,62636528,35161,0,0,0,0,0,45789,14717,0,1347,0,12228,38223,0,0,10080,0,13801,0,17867,18849,16119,0,321465,96309,39150,0,18440,34939,11417,409946,2109501
48600,62765788,35246,0,0,0,0,0,45871,14743,0,1349,0,12254,38311,0,0,10109,0,13825,0,17909,18895,16147,0,322173,96522,39229,0,18481,35010,11447,410778,2113877
48700,62895435,35319,0,0,0,0,0,45965,14769,0,1355,0,12285,38392,0,0,10134,0,13855,0,17944,18939,16181,0,322862,96726,39319,0,18520,35085,11479,411653,2118210
48800,63024842,35414,0,0,0,0,0,46058,14796,0,1356,0,12311,38471,0,0,10159,0,13877,0,17981,18974,16216,0,323511,96913,39395,0,18561,35157,11504,412550,2122545
48900,63154785,35494,0,0,0,0,0,46154,14823,0,1357,0,12336,38547,0,0,10179,0,13915,0,18009,19010,16245,0,324183,97119,39478,0,18600,35208,11525,413422,2126998
49000,63283962,35565,0,0,0,0,0,46246,14841,0,1362,0,12364,38635,0,0,10194,0,13947,0,18050,19038,16277,0,324840,97312,39570,0,18640,35283,11551,414273,2131397
49100,63412869,35640,0,0,0,0,0,46340,14877,0,1364,0,12391,38717,0,0,10215,0,13978,0,18083,19080,16313,0,325549,97499,39651,0,18690,35378,11568,415113,2135704
49200,63542509,35715,0,0,0,0,0,46430,14908,0,1365,0,12413,38792,0,0,10233,0,14010,0,18119,19112,16350,0,326227,97709,39735,0,18724,35456,11593,415967,2140157
49300,63672430,35799,0,0,0,0,0,46525,14940,0,1369,0,12433,38876,0,0,10249,0,14041,0,18157,19155,16383,0,326893,97906,39823,0,18772,35530,11618,416840,2144478
49400,63801942,35877,0,0,0,0,0,46623,14970,0,1373,0,12450,38951,0,0,10274,0,14072,0,18193,19197,16422,0,327574,98120,39897,0,18802,35616,11638,417701,2148917
49500,63931252,35954,0,0,0,0,0,46711,15001,0,1377,0,12478,39030,0,0,10291,0,14098,0,18241,19230,16455,0,328237,98323,39977,0,18835,35696,11664,418541,2153386
49600,64060513,36026,0,0,0,0,0,46805,15033,0,1382,0,12504,39119,0,0,10315,0,14132,0,18274,19263,16486,0,328912,98532,40055,0,18876,35759,11679,419383,2157750
49700,64189905,36104,0,0,0,0,0,46894,15065,0,1385,0,12519,39204,0,0,10347,0,14161,0,18321,19303,16516,0,329595,98728,40158,0,18907,35824,11699,420207,2162229
49800,64319362,36193,0,0,0,0,0,46991,15100,0,1387,0,12543,39273,0,0,10363,0,14191,0,18354,19344,16544,0,330291,98921,40242,0,18946,35884,11726,421039,2166667
49900,64449191,36260,0,0,0,0,0,47078,15133,0,1390,0,12568,39341,0,0,10382,0,14219,0,18393,19384,16583,0,330936,99129,40322,0,18981,35966,11745,421918,2171037
50000,64578957,36334,0,0,0,0,0,47180,15171,0,1394,0,12595,39426,0,0,10399,0,14242,0,18434,19420,16620,0,331614,99322,40403,0,19020,36030,11769,422803,2175409
50100,64708920,36422,0,0,0,0,0,47277,15201,0,1398,0,12625,39497,0,0,10421,0,14268,0,18475,19462,16659,0,332243,99508,40486,0,19055,36095,11791,423708,2179899
50200,64838744,36490,0,0,0,0,0,47365,15234,0,1401,0,12648,39588,0,0,10454,0,14295,0,18512,19494,16686,0,332895,99711,40567,0,19093,36161,11813,424564,2184147
50300,64968514,36550,0,0,0,0,0,47458,15267,0,1403,0,12673,39675,0,0,10474,0,14326,0,18552,19532,16730,0,333598,99921,40642,0,19140,36234,11835,425414,2188519
50400,65098066,36626,0,0,0,0,0,47562,15295,0,1408,0,12695,39752,0,0,10492,0,14354,0,18598,19566,16755,0,334258,100121,40730,0,19176,36312,11857,426233,2192902
50500,65227365,36701,0,0,0,0,0,47653,15335,0,1414,0,12717,39840,0,0,10513,0,14379,0,18643,19606,16780,0,334927,100294,40809,0,19213,36384,11872,427098,2197403
50600,65356655,36781,0,0,0,0,0,47750,15367,0,1416,0,12741,39924,0,0,10527,0,14409,0,18675,19649,16818,0,335623,100476,40885,0,19257,36444,11906,427971,2201689
50700,65486096,36853,0,0,0,0,0,47855,15392,0,1418,0,12770,40004,0,0,10550,0,14437,0,18712,19695,16846,0,336334,100668,40965,0,19294,36516,11931,428830,2206103
50800,65616149,36923,0,0,0,0,0,47941,15425,0,1422,0,12797,40084,0,0,10568,0,14466,0,18762,19732,16879,0,337012,100876,41043,0,19334,36594,11958,429694,2210403
50900,65745685,37007,0,0,0,0,0,48049,15457,0,1424,0,12827,40174,0,0,10587,0,14494,0,18801,19769,16915,0,337668,101073,41129,0,19373,36663,11986,430488,2214753
51000,65875267,37090,0,0,0,0,0,48137,15488,0,1428,0,12852,40245,0,0,10608,0,14525,0,18843,19807,16955,0,338327,101282,41203,0,19405,36737,12004,431335,2219049
51100,66003870,37160,0,0,0,0,0,48240,15530,0,1430,0,12880,40330,0,0,10632,0,14559,0,18881,19858,16988,0,338972,101491,41279,0,19444,36811,12034,432182,2223457
51200,66132855,37234,0,0,0,0,0,48331,15564,0,1433,0,12902,40413,0,0,10656,0,14595,0,18924,19888,17023,0,339632,101665,41361,0,19480,36880,12055,433034,2227835
51300,66262356,37296,0,0,0,0,0,48452,15597,0,1433,0,12927,40491,0,0,10675,0,14622,0,18950,19931,17056,0,340310,101869,41445,0,19519,36973,12074,433868,2232235
51400,66391443,37364,0,0,0,0,0,48544,15625,0,1435,0,12953,40576,0,0,10694,0,14657,0,18989,19968,17088,0,340971,102069,41528,0,19557,37045,12100,434743,2236622
51500,66520808,37431,0,0,0,0,0,48636,15650,0,1440,0,12973,40645,0,0,10710,0,14679,0,19021,20012,17123,0,341654,102265,41613,0,19595,37101,12124,435542,2241129
51600,66649418,37498,0,0,0,0,0,48737,15689,0,1446,0,13005,40739,0,0,10734,0,14708,0,19065,20056,17163,0,342313,102466,41693,0,19624,37179,12148,436409,2245520
51700,66778937,37576,0,0,0,0,0,48827,15723,0,1447,0,13036,40815,0,0,10755,0,14733,0,19111,20097,17190,0,342984,102665,41768,0,19666,37255,12166,437264,2249768
51800,66908346,37675,0,0,0,0,0,48933,15757,0,1448,0,13061,40887,0,0,10780,0,14763,0,19141,20132,17226,0,343638,102849,41842,0,19707,37321,12194,438079,2254156
51900,67037987,37729,0,0,0,0,0,49028,15787,0,1454,0,13085,40977,0,0,10800,0,14794,0,19175,20158,17256,0,344269,103054,41942,0,19744,37387,12214,438986,2258530
52000,67168027,37805,0,0,0,0,0,49122,15820,0,1458,0,13109,41062,0,0,10816,0,14816,0,19222,20193,17284,0,345000,103257,42029,0,19786,37455,12239,439851,2262937
52100,67297372,37875,0,0,0,0,0,49222,15857,0,1460,0,13130,41131,0,0,10842,0,14842,0,19265,20240,17317,0,345671,103454,42104,0,19819,37539,12262,440709,2267333
52200,67427573,37955,0,0,0,0,0,49311,15886,0,1462,0,13159,41207,0,0,10860,0,14863,0,19315,20274,17354,0,346365,103624,42194,0,19854,37596,12286,441590,2271638
52300,67557477,38021,0,0,0,0,0,49412,15912,0,1465,0,13190,41284,0,0,10883,0,14887,0,19342,20316,17397,0,347032,103825,42277,0,19897,37665,12308,442453,2276052
52400,67687811,38096,0,0,0,0,0,49507,15942,0,1465,0,13221,41363,0,0,10905,0,14915,0,19372,20356,17432,0,347682,104042,42359,0,19932,37750,12328,443300,2280458
52500,67817357,38174,0,0,0,0,0,49601,15974,0,1469,0,13246,41429,0,0,10924,0,14936,0,19417,20402,17466,0,348386,104259,42440,0,19978,37814,12350,444149,2284762
52600,67946666,38245,0,0,0,0,0,49689,16000,0,1471,0,13265,41516,0,0,10943,0,14970,0,19459,20444,17497,0,349065,104457,42522,0,20008,37887,12373,445033,2289187
52700,68076404,38326,0,0,0,0,0,49783,16027,0,1472,0,13294,41591,0,0,10977,0,14999,0,19499,20497,17527,0,349709,104647,42606,0,20051,37960,12401,445867,2293611
52800,68205425,38408,0,0,0,0,0,49891,16055,0,1477,0,13324,41660,0,0,10998,0,15025,0,19533,20527,17554,0,350394,104839,42693,0,20088,38025,12428,446722,2298106
52900,68334419,38491,0,0,0,0,0,49996,16077,0,1477,0,13350,41738,0,0,11019,0,15054,0,19574,20572,17591,0,351026,105034,42766,0,20126,38106,12446,447557,2302545
53000,68463722,38556,0,0,0,0,0,50075,16106,0,1479,0,13375,41818,0,0,11032,0,15084,0,19602,20606,17624,0,351706,105235,42849,0,20158,38184,12471,448381,2306872
53100,68593419,38622,0,0,0,0,0,50164,16142,0,1482,0,13400,41910,0,0,11056,0,15117,0,19639,20651,17654,0,352422,105432,42928,0,20197,38252,12494,449189,2311213
53200,68723066,38688,0,0,0,0,0,50257,16179,0,1489,0,13417,41986,0,0,11074,0,15148,0,19662,20691,17687,0,353097,105630,43006,0,20237,38327,12509,450010,2315553
53300,68853050,38761,0,0,0,0,0,50370,16206,0,1492,0,13447,42070,0,0,11088,0,15172,0,19700,20735,17718,0,353748,105830,43076,0,20281,38395,12534,450868,2319985
53400,68982145,38838,0,0,0,0,0,50461,16237,0,1494,0,13472,42157,0,0,11116,0,15196,0,19726,20774,17756,0,354444,106021,43155,0,20315,38476,12562,451670,2324434
53500,69111486,38894,0,0,0,0,0,50568,16258,0,1498,0,13491,42243,0,0,11140,0,15218,0,19763,20810,17791,0,355109,106212,43231,0,20352,38552,12588,452502,2328778
53600,69240747,38968,0,0,0,0,0,50671,16287,0,1501,0,13516,42311,0,0,11161,0,15247,0,19799,20847,17825,0,355806,106408,43316,0,20397,38629,12611,453385,2333207
53700,69369717,39041,0,0,0,0,0,50778,16326,0,1502,0,13542,42381,0,0,11188,0,15279,0,19841,20881,17860,0,356456,106600,43391,0,20433,38701,12630,454235,2337560
53800,69498692,39116,0,0,0,0,0,50884,16354,0,1503,0,13570,42475,0,0,11210,0,15309,0,19885,20918,17893,0,357089,106791,43478,0,20475,38770,12655,455095,2341907
53900,69627710,39191,0,0,0,0,0,50989,16379,0,1508,0,13600,42553,0,0,11234,0,15336,0,19922,20950,17931,0,357752,106968,43566,0,20507,38822,12682,455965,2346254
54000,69757472,39259,0,0,0,0,0,51089,16406,0,1512,0,13627,42634,0,0,11249,0,15359,0,19953,20985,17967,0,358444,107172,43645,0,20545,38897,12706,456774,2350616
54100,69887004,39329,0,0,0,0,0,51198,16436,0,1516,0,13653,42712,0,0,11270,0,15391,0,19994,21021,18004,0,359102,107354,43723,0,20588,38973,12732,457605,2354897
54200,70016073,39399,0,0,0,0,0,51288,16467,0,1521,0,13672,42811,0,0,11288,0,15428,0,20034,21052,18038,0,359760,107569,43803,0,20617,39055,12755,458530,2359258
54300,70144632,39476,0,0,0,0,0,51366,16499,0,1524,0,13695,42884,0,0,11308,0,15465,0,20067,21093,18072,0,360448,107767,43885,0,20645,39124,12781,459413,2363598
54400,70273388,39562,0,0,0,0,0,51454,16532,0,1530,0,13718,42957,0,0,11325,0,15494,0,20109,21127,18100,0,361111,107960,43966,0,20685,39193,12804,460207,2367967
54500,70402881,39643,0,0,0,0,0,51538,16570,0,1535,0,13740,43038,0,0,11345,0,15524,0,20146,21170,18142,0,361767,108156,44050,0,20728,39265,12824,461118,2372310
54600,70532100,39716,0,0,0,0,0,51635,16598,0,1537,0,13772,43120,0,0,11368,0,15554,0,20183,21213,18172,0,362397,108358,44140,0,20767,39345,12843,461992,2376727
54700,70661116,39775,0,0,0,0,0,51739,16626,0,1537,0,13794,43206,0,0,11387,0,15581,0,20226,21248,18208,0,363050,108572,44222,0,20805,39399,12871,462858,2381085
54800,70790399,39847,0,0,0,0,0,51830,16658,0,1539,0,13813,43287,0,0,11411,0,15609,0,20265,21290,18241,0,363692,108759,44310,0,20848,39461,12894,463683,2385350
54900,70919729,39912,0,0,0,0,0,51918,16684,0,1540,0,13847,43367,0,0,11430,0,15643,0,20304,21330,18275,0,364370,108960,44392,0,20889,39538,12922,464559,2389611
55000,71048793,39986,0,0,0,0,0,52008,16710,0,1543,0,13867,43442,0,0,11459,0,15670,0,20344,21368,18309,0,365033,109171,44480,0,20917,39618,12942,465423,2393951
55100,71177987,40056,0,0,0,0,0,52107,16724,0,1546,0,13899,43519,0,0,11480,0,15695,0,20376,21402,18344,0,365746,109379,44575,0,20957,39687,12966,466308,2398184
55200,71307718,40140,0,0,0,0,0,52203,16755,0,1549,0,13921,43602,0,0,11502,0,15730,0,20413,21446,18380,0,366414,109576,44664,0,20996,39758,12984,467122,2402674
55300,71437193,40208,0,0,0,0,0,52299,16783,0,1551,0,13944,43679,0,0,11530,0,15754,0,20458,21491,18421,0,367104,109769,44755,0,21031,39839,13015,467966,2407078
55400,71566548,40273,0,0,0,0,0,52410,16812,0,1554,0,13972,43739,0,0,11551,0,15779,0,20497,21536,18457,0,367761,109971,44832,0,21075,39907,13037,468777,2411444
55500,71695702,40350,0,0,0,0,0,52518,16843,0,1558,0,13997,43814,0,0,11571,0,15816,0,20536,21571,18483,0,368424,110168,44913,0,21108,39983,13058,469633,2415875
55600,71825560,40428,0,0,0,0,0,52603,16880,0,1560,0,14024,43900,0,0,11589,0,15843,0,20574,21618,18506,0,369059,110367,44994,0,21143,40045,13086,470490,2420246
55700,71954895,40509,0,0,0,0,0,52716,16911,0,1563,0,14054,43981,0,0,11612,0,15873,0,20611,21657,18537,0,369721,110570,45071,0,21184,40129,13116,471332,2424566
55800,72084517,40574,0,0,0,0,0,52800,16943,0,1566,0,14079,44064,0,0,11634,0,15909,0,20643,21697,18573,0,370427,110753,45165,0,21230,40213,13142,472165,2428867
55900,72213947,40640,0,0,0,0,0,52893,16970,0,1568,0,14101,44152,0,0,11650,0,15941,0,20684,21730,18608,0,371099,110955,45250,0,21276,40303,13173,473012,2433202
56000,72343229,40706,0,0,0,0,0,52983,17002,0,1569,0,14119,44230,0,0,11663,0,15972,0,20718,21769,18639,0,371776,111139,45331,0,21328,40369,13187,473834,2437529
56100,72472782,40785,0,0,0,0,0,53072,17036,0,1572,0,14141,44311,0,0,11686,0,16005,0,20754,21804,18671,0,372448,111330,45409,0,21374,40444,13216,474693,2441911
56200,72602683,40858,0,0,0,0,0,53168,17065,0,1573,0,14164,44400,0,0,11701,0,16039,0,20791,21847,18709,0,373106,111553,45494,0,21409,40530,13239,475528,2446229
56300,72732925,40914,0,0,0,0,0,53259,17095,0,1579,0,14181,44477,0,0,11729,0,16064,0,20827,21883,18744,0,373783,111747,45575,0,21448,40609,13259,476327,2450533
56400,72862792,40984,0,0,0,0,0,53360,17121,0,1584,0,14206,44547,0,0,11748,0,16090,0,20861,21922,18780,0,374484,111945,45658,0,21485,40678,13294,477166,2455018
56500,72992418,41068,0,0,0,0,0,53451,17157,0,1589,0,14234,44634,0,0,11776,0,16123,0,20895,21963,18808,0,375188,112147,45732,0,21524,40753,13318,478046,2459445
56600,73122379,41140,0,0,0,0,0,53561,17187,0,1591,0,14248,44712,0,0,11797,0,16147,0,20926,22000,18841,0,375824,112350,45826,0,21565,40832,13341,478876,2463919
56700,73252302,41212,0,0,0,0,0,53652,17216,0,1594,0,14275,44795,0,0,11816,0,16176,0,20960,22045,18876,0,376452,112529,45904,0,21596,40916,13365,479700,2468415
56800,73382093,41275,0,0,0,0,0,53750,17244,0,1597,0,14299,44879,0,0,11841,0,16200,0,20998,22085,18911,0,377134,112733,45986,0,21640,40981,13392,480529,2472821
56900,73511418,41344,0,0,0,0,0,53849,17269,0,1598,0,14325,44966,0,0,11860,0,16228,0,21042,22118,18948,0,377821,112905,46067,0,21681,41050,13415,481339,2477295
57000,73641210,41426,0,0,0,0,0,53937,17296,0,1601,0,14351,45044,0,0,11879,0,16253,0,21075,22152,18975,0,378495,113117,46137,0,21726,41120,13442,482199,2481700
57100,73770866,41500,0,0,0,0,0,54033,17324,0,1602,0,14384,45109,0,0,11892,0,16270,0,21113,22194,19005,0,379169,113314,46217,0,21771,41192,13467,483040,2486129
57200,73900589,41572,0,0,0,0,0,54142,17359,0,1606,0,14409,45180,0,0,11912,0,16288,0,21149,22232,19040,0,379847,113535,46304,0,21814,41281,13487,483915,2490527
57300,74030535,41655,0,0,0,0,0,54243,17391,0,1609,0,14429,45256,0,0,11938,0,16320,0,21181,22266,19085,0,380500,113729,46386,0,21860,41343,13507,484780,2494891
57400,74160227,41717,0,0,0,0,0,54338,17418,0,1612,0,14451,45330,0,0,11966,0,16346,0,21213,22299,19117,0,381173,113921,46483,0,21902,41420,13527,485594,2499339
57500,74289659,41785,0,0,0,0,0,54432,17446,0,1612,0,14471,45414,0,0,11992,0,16369,0,21249,22341,19148,0,381836,114129,46558,0,21935,41496,13552,486486,2503645
57600,74419360,41866,0,0,0,0,0,54522,17471,0,1615,0,14495,45481,0,0,12011,0,16398,0,21285,22384,19184,0,382474,114370,46634,0,21977,41562,13571,487299,2508069
57700,74549280,41936,0,0,0,0,0,54621,17501,0,1617,0,14519,45572,0,0,12029,0,16429,0,21319,22423,19218,0,383139,114581,46716,0,22025,41654,13588,488184,2512480
57800,74679309,42005,0,0,0,0,0,54722,17532,0,1619,0,14537,45655,0,0,12049,0,16460,0,21357,22462,19259,0,383816,114785,46798,0,22072,41739,13611,489064,2516872
57900,74808738,42068,0,0,0,0,0,54832,17563,0,1621,0,14563,45721,0,0,12071,0,16480,0,21390,22509,19286,0,384497,114984,46874,0,22110,41812,13628,489940,2521292
58000,74938407,42146,0,0,0,0,0,54930,17588,0,1624,0,14582,45794,0,0,12093,0,16518,0,21425,22550,19320,0,385155,115198,46944,0,22155,41903,13647,490771,2525665
58100,75067064,42214,0,0,0,0,0,55022,17618,0,1625,0,14604,45861,0,0,12112,0,16547,0,21458,22588,19355,0,385808,115416,47018,0,22194,41977,13672,491581,2530030
58200,75196063,42280,0,0,0,0,0,55118,17649,0,1628,0,14627,45933,0,0,12139,0,16576,0,21491,22623,19387,0,386472,115638,47087,0,22234,42044,13694,492375,2534407
58300,75325491,42356,0,0,0,0,0,55223,17676,0,1631,0,14649,46022,0,0,12161,0,16612,0,21522,22658,19421,0,387132,115853,47166,0,22274,42121,13712,493260,2538791
58400,75455130,42428,0,0,0,0,0,55316,17713,0,1636,0,14679,46099,0,0,12185,0,16645,0,21563,22691,19452,0,387820,116044,47230,0,22309,42182,13734,494120,2543083
58500,75584597,42501,0,0,0,0,0,55415,17746,0,1643,0,14705,46172,0,0,12206,0,16672,0,21593,22737,19486,0,388501,116237,47319,0,22340,42262,13757,494943,2547513
58600,75714216,42575,0,0,0,0,0,55520,17773,0,1646,0,14734,46254,0,0,12225,0,16703,0,21625,22777,19510,0,389221,116438,47409,0,22389,42338,13779,495804,2551896
58700,75843509,42658,0,0,0,0,0,55614,17808,0,1652,0,14759,46339,0,0,12247,0,16729,0,21664,22810,19543,0,389889,116621,47496,0,22422,42416,13800,496624,2556364
58800,75973157,42725,0,0,0,0,0,55703,17843,0,1657,0,14787,46423,0,0,12265,0,16749,0,21705,22854,19572,0,390604,116828,47567,0,22455,42479,13827,497514,2560666
58900,76102204,42785,0,0,0,0,0,55791,17868,0,1659,0,14814,46503,0,0,12286,0,16781,0,21744,22906,19608,0,391271,117003,47652,0,22491,42548,13855,498363,2564982
59000,76231889,42852,0,0,0,0,0,55853,17894,0,1662,0,14834,46581,0,0,12313,0,16811,0,21781,22938,19640,0,391963,117194,47732,0,22514,42613,13881,499163,2569354
59100,76361235,42925,0,0,0,0,0,55948,17925,0,1664,0,14854,46656,0,0,12325,0,16842,0,21826,22973,19682,0,392638,117386,47802,0,22548,42685,13912,500012,2573762
59200,76490622,43008,0,0,0,0,0,56037,17956,0,1667,0,14882,46725,0,0,12352,0,16864,0,21855,23029,19707,0,393320,117580,47872,0,22577,42759,13932,500865,2578232
59300,76620534,43096,0,0,0,0,0,56122,17984,0,1671,0,14913,46815,0,0,12371,0,16888,0,21889,23072,19736,0,393970,117777,47956,0,22613,42837,13951,501751,2582593
59400,76750386,43175,0,0,0,0,0,56220,18019,0,1673,0,14948,46895,0,0,12393,0,16917,0,21921,23108,19770,0,394655,117985,48044,0,22654,42915,13971,502641,2586944
59500,76880215,43249,0,0,0,0,0,56309,18054,0,1676,0,14987,46966,0,0,12414,0,16954,0,21955,23147,19804,0,395265,118185,48127,0,22695,42988,13994,503491,2591435
59600,77009264,43311,0,0,0,0,0,56416,18092,0,1677,0,15012,47037,0,0,12435,0,16987,0,21996,23178,19838,0,395927,118382,48211,0,22726,43061,14018,504327,2595813
59700,77138277,43372,0,0,0,0,0,56523,18118,0,1681,0,15038,47115,0,0,12462,0,17019,0,22028,23208,19874,0,396632,118604,48297,0,22763,43135,14038,505214,2600210
59800,77267268,43439,0,0,0,0,0,56615,18151,0,1685,0,15061,47187,0,0,12482,0,17041,0,22069,23247,19907,0,397301,118778,48375,0,22808,43210,14065,506058,2604562
59900,77397059,43531,0,0,0,0,0,56697,18191,0,1686,0,15090,47246,0,0,12495,0,17071,0,22116,23287,19940,0,397976,118967,48463,0,22849,43298,14083,506876,2608930
60000,77527244,43592,0,0,0,0,0,56785,18220,0,1687,0,15119,47325,0,0,12514,0,17102,0,22154,23327,19974,0,398628,119171,48535,0,22898,43375,14113,507701,2613314
60100,77656739,43659,0,0,0,0,0,56868,18243,0,1689,0,15147,47398,0,0,12532,0,17134,0,22190,23371,20012,0,399284,119356,48618,0,22935,43445,14143,508557,2617744
60200,77786722,43736,0,0,0,0,0,56950,18270,0,1693,0,15175,47481,0,0,12549,0,17168,0,22229,23407,20050,0,400004,119556,48700,0,22972,43509,14179,509339,2622122
60300,77916705,43815,0,0,0,0,0,57051,18300,0,1695,0,15203,47564,0,0,12571,0,17200,0,22275,23441,20088,0,400699,119764,48772,0,23003,43586,14200,510193,2626478
60400,78046014,43878,0,0,0,0,0,57172,18325,0,1696,0,15230,47649,0,0,12588,0,17232,0,22310,23484,20116,0,401340,119978,48849,0,23054,43665,14225,511041,2630946
60500,78175216,43941,0,0,0,0,0,57264,18351,0,1701,0,15247,47715,0,0,12604,0,17262,0,22341,23521,20151,0,401987,120173,48930,0,23103,43749,14251,511850,2635405
60600,78304690,44008,0,0,0,0,0,57350,18382,0,1703,0,15267,47789,0,0,12632,0,17292,0,22381,23553,20185,0,402665,120373,49019,0,23148,43833,14271,512676,2639754
60700,78434287,44082,0,0,0,0,0,57445,18411,0,1703,0,15293,47864,0,0,12658,0,17334,0,22418,23598,20227,0,403331,120567,49091,0,23183,43909,14296,513523,2644123
60800,78563800,44140,0,0,0,0,0,57542,18443,0,1705,0,15316,47942,0,0,12684,0,17364,0,22457,23627,20261,0,403993,120775,49180,0,23226,43961,14320,514360,2648554
60900,78693376,44201,0,0,0,0,0,57623,18466,0,1706,0,15340,48031,0,0,12700,0,17388,0,22483,23666,20296,0,404682,120993,49267,0,23256,44040,14344,515224,2652911
61000,78822713,44283,0,0,0,0,0,57726,18501,0,1710,0,15364,48104,0,0,12716,0,17415,0,22516,23712,20330,0,405350,121197,49352,0,23294,44105,14368,516062,2657364
61100,78952136,44355,0,0,0,0,0,57817,18525,0,1713,0,15388,48180,0,0,12734,0,17443,0,22548,23755,20367,0,406025,121405,49430,0,23343,44180,14395,516919,2661886
61200,79081771,44418,0,0,0,0,0,57926,18554,0,1714,0,15411,48249,0,0,12754,0,17470,0,22576,23797,20395,0,406708,121598,49500,0,23373,44250,14414,517767,2666223
61300,79211051,44479,0,0,0,0,0,58017,18579,0,1716,0,15440,48331,0,0,12771,0,17501,0,22612,23831,20426,0,407367,121814,49587,0,23411,44316,14443,518617,2670579
61400,79341508,44548,0,0,0,0,0,58113,18603,0,1718,0,15462,48413,0,0,12789,0,17530,0,22653,23870,20471,0,408090,122023,49681,0,23466,44392,14463,519474,2674961
61500,79471475,44608,0,0,0,0,0,58205,18632,0,1720,0,15479,48485,0,0,12811,0,17550,0,22694,23908,20510,0,408778,122205,49767,0,23499,44459,14483,520316,2679223
61600,79601756,44678,0,0,0,0,0,58278,18665,0,1724,0,15504,48549,0,0,12826,0,17584,0,22730,23944,20542,0,409450,122388,49844,0,23537,44522,14514,521166,2683610
61700,79731856,44749,0,0,0,0,0,58381,18700,0,1731,0,15525,48632,0,0,12855,0,17618,0,22765,23973,20586,0,410099,122599,49922,0,23580,44584,14537,521993,2687892
61800,79861368,44820,0,0,0,0,0,58479,18736,0,1735,0,15552,48706,0,0,12870,0,17652,0,22807,24014,20616,0,410777,122808,50007,0,23626,44662,14565,522813,2692215
61900,79990675,44899,0,0,0,0,0,58569,18759,0,1738,0,15574,48787,0,0,12888,0,17675,0,22852,24042,20646,0,411524,123002,50079,0,23669,44726,14589,523685,2696577
62000,80120393,44975,0,0,0,0,0,58659,18785,0,1744,0,15606,48863,0,0,12906,0,17710,0,22886,24081,20685,0,412132,123190,50158,0,23713,44803,14607,524519,2700915
62100,80250423,45034,0,0,0,0,0,58758,18818,0,1746,0,15627,48932,0,0,12929,0,17739,0,22913,24120,20722,0,412780,123374,50238,0,23748,44874,14642,525381,2705199
62200,80380127,45100,0,0,0,0,0,58841,18854,0,1749,0,15646,49015,0,0,12955,0,17777,0,22946,24157,20761,0,413437,123568,50322,0,23784,44935,14668,526197,2709504
62300,80509674,45179,0,0,0,0,0,58932,18889,0,1752,0,15666,49096,0,0,12972,0,17818,0,22982,24189,20795,0,414088,123769,50405,0,23817,45012,14690,527079,2713892
62400,80638632,45256,0,0,0,0,0,59029,18915,0,1755,0,15690,49175,0,0,12995,0,17853,0,23012,24230,20822,0,414734,123991,50490,0,23853,45080,14723,527955,2718249
62500,80767759,45324,0,0,0,0,0,59118,18937,0,1756,0,15718,49248,0,0,13019,0,17884,0,23053,24270,20866,0,415381,124166,50563,0,23884,45161,14741,528793,2722610
62600,80896878,45408,0,0,0,0,0,59212,18967,0,1757,0,15743,49319,0,0,13043,0,17919,0,23089,24312,20905,0,415980,124354,50645,0,23923,45225,14762,529646,2726904
62700,81026503,45486,0,0,0,0,0,59303,18988,0,1762,0,15773,49385,0,0,13070,0,17946,0,23122,24350,20940,0,416617,124579,50728,0,23964,45312,14796,530484,2731285
62800,81156379,45556,0,0,0,0,0,59397,19016,0,1766,0,15807,49469,0,0,13085,0,17981,0,23155,24391,20966,0,417299,124772,50807,0,23998,45382,14818,531359,2735727
62900,81286335,45647,0,0,0,0,0,59497,19048,0,1771,0,15830,49545,0,0,13100,0,18001,0,23186,24432,20991,0,417978,124973,50893,0,24044,45451,14836,532262,2740078
63000,81415935,45731,0,0,0,0,0,59593,19077,0,1773,0,15863,49626,0,0,13121,0,18028,0,23227,24478,21027,0,418634,125186,50980,0,24082,45527,14861,533079,2744434
63100,81545362,45798,0,0,0,0,0,59701,19115,0,1779,0,15887,49698,0,0,13148,0,18054,0,23264,24514,21060,0,419327,125373,51050,0,24126,45596,14883,533995,2748850
63200,81675360,45879,0,0,0,0,0,59795,19140,0,1780,0,15920,49787,0,0,13168,0,18082,0,23307,24551,21097,0,419987,125575,51135,0,24166,45658,14898,534837,2753203
63300,81805024,45957,0,0,0,0,0,59895,19170,0,1783,0,15946,49872,0,0,13185,0,18101,0,23342,24584,21132,0,420646,125785,51210,0,24206,45733,14917,535689,2757611
63400,81934445,46035,0,0,0,0,0,59986,19200,0,1786,0,15969,49947,0,0,13200,0,18128,0,23375,24623,21163,0,421349,125985,51288,0,24244,45813,14937,536569,2762128
63500,82063413,46119,0,0,0,0,0,60067,19232,0,1790,0,15988,50029,0,0,13220,0,18152,0,23412,24660,21188,0,421974,126168,51372,0,24286,45881,14959,537427,2766537
63600,82192470,46189,0,0,0,0,0,60167,19256,0,1793,0,16012,50114,0,0,13240,0,18191,0,23446,24696,21220,0,422663,126389,51463,0,24322,45957,14979,538289,2770869
63700,82321841,46262,0,0,0,0,0,60251,19283,0,1795,0,16034,50188,0,0,13260,0,18226,0,23479,24735,21251,0,423334,126581,51549,0,24361,46021,15006,539121,2775250
63800,82450686,46338,0,0,0,0,0,60358,19309,0,1797,0,16057,50280,0,0,13285,0,18259,0,23521,24773,21280,0,424008,126778,51635,0,24407,46090,15028,539957,2779724
63900,82579774,46409,0,0,0,0,0,60451,19336,0,1798,0,16075,50366,0,0,13311,0,18294,0,23557,24809,21310,0,424648,126970,51709,0,24443,46172,15050,540788,2784169
64000,82709308,46487,0,0,0,0,0,60538,19370,0,1801,0,16101,50443,0,0,13334,0,18324,0,23599,24851,21346,0,425301,127173,51788,0,24481,46241,15082,541660,2788576
64100,82838511,46564,0,0,0,0,0,60631,19399,0,1804,0,16124,50516,0,0,13352,0,18350,0,23633,24886,21377,0,425972,127364,51863,0,24519,46318,15110,542513,2792949
64200,82968220,46644,0,0,0,0,0,60741,19429,0,1809,0,16152,50593,0,0,13375,0,18378,0,23667,24928,21409,0,426624,127579,51946,0,24551,46391,15140,543365,2797306
64300,83098076,46710,0,0,0,0,0,60824,19466,0,1811,0,16175,50690,0,0,13391,0,18413,0,23699,24964,21445,0,427285,127782,52019,0,24594,46477,15160,544205,2801608
64400,83227681,46796,0,0,0,0,0,60935,19497,0,1813,0,16202,50771,0,0,13409,0,18449,0,23741,25009,21486,0,427922,127974,52092,0,24630,46545,15184,545040,2805983
64500,83356630,46896,0,0,0,0,0,61021,19534,0,1815,0,16234,50857,0,0,13429,0,18475,0,23789,25044,21515,0,428593,128172,52194,0,24665,46609,15198,545875,2810449
64600,83485846,46964,0,0,0,0,0,61122,19563,0,1817,0,16256,50941,0,0,13448,0,18498,0,23843,25084,21546,0,429259,128391,52281,0,24712,46677,15215,546704,2814824
64700,83615886,47036,0,0,0,0,0,61217,19598,0,1818,0,16281,51028,0,0,13471,0,18533,0,23877,25132,21578,0,429931,128595,52359,0,24752,46733,15236,547580,2819170
64800,83746024,47110,0,0,0,0,0,61328,19632,0,1821,0,16304,51116,0,0,13496,0,18553,0,23918,25176,21613,0,430619,128789,52439,0,24791,46807,15252,548466,2823580
64900,83875025,47166,0,0,0,0,0,61424,19659,0,1824,0,16334,51201,0,0,13523,0,18583,0,23951,25214,21637,0,431263,129027,52524,0,24831,46879,15278,549297,2827976
65000,84003729,47233,0,0,0,0,0,61540,19686,0,1828,0,16358,51281,0,0,13542,0,18608,0,23982,25252,21664,0,431925,129222,52603,0,24864,46943,15304,550111,2832480
65100,84133167,47296,0,0,0,0,0,61626,19712,0,1830,0,16385,51360,0,0,13559,0,18640,0,24020,25282,21700,0,432594,129411,52685,0,24900,47002,15322,550939,2836878
65200,84262340,47371,0,0,0,0,0,61728,19747,0,1833,0,16413,51438,0,0,13574,0,18665,0,24052,25325,21731,0,433264,129610,52760,0,24934,47080,15345,551790,2841216
65300,84392492,47442,0,0,0,0,0,61812,19777,0,1839,0,16440,51517,0,0,13594,0,18691,0,24091,25359,21762,0,433946,129809,52837,0,24967,47145,15367,552615,2845608
65400,84522775,47519,0,0,0,0,0,61923,19809,0,1844,0,16455,51607,0,0,13615,0,18727,0,24124,25399,21796,0,434615,130003,52922,0,25010,47218,15393,553453,2850039
65500,84652546,47587,0,0,0,0,0,62024,19843,0,1846,0,16480,51687,0,0,13638,0,18743,0,24162,25434,21824,0,435302,130174,53002,0,25049,47289,15414,554322,2854423
65600,84782357,47667,0,0,0,0,0,62121,19876,0,1847,0,16503,51771,0,0,13665,0,18770,0,24193,25477,21847,0,435995,130386,53088,0,25079,47348,15435,555144,2858792
65700,84912077,47742,0,0,0,0,0,62218,19913,0,1849,0,16527,51852,0,0,13686,0,18800,0,24240,25516,21885,0,436665,130583,53181,0,25124,47416,15457,556019,2863244
65800,85041099,47820,0,0,0,0,0,62301,19947,0,1852,0,16550,51931,0,0,13707,0,18833,0,24289,25558,21919,0,437318,130794,53258,0,25151,47493,15489,556855,2867622
65900,85170268,47913,0,0,0,0,0,62393,19976,0,1853,0,16576,52005,0,0,13730,0,18863,0,24332,25591,21947,0,438001,130986,53342,0,25189,47565,15510,557704,2871907
66000,85299484,47979,0,0,0,0,0,62476,20011,0,1856,0,16608,52083,0,0,13750,0,18898,0,24378,25632,21976,0,438661,131166,53418,0,25226,47623,15539,558502,2876314
66100,85429247,48048,0,0,0,0,0,62563,20046,0,1857,0,16628,52164,0,0,13764,0,18929,0,24417,25668,22009,0,439320,131364,53503,0,25268,47686,15557,559354,2880601
66200,85558513,48112,0,0,0,0,0,62667,20076,0,1859,0,16651,52250,0,0,13784,0,18958,0,24454,25708,22041,0,440008,131550,53581,0,25303,47760,15575,560157,2884927
66300,85688406,48184,0,0,0,0,0,62771,20102,0,1861,0,16673,52333,0,0,13805,0,18996,0,24490,25755,22073,0,440664,131739,53668,0,25347,47830,15604,561002,2889330
66400,85817600,48247,0,0,0,0,0,62852,20128,0,1864,0,16701,52414,0,0,13830,0,19025,0,24525,25788,22112,0,441311,131930,53743,0,25391,47915,15626,561857,2893708
66500,85946699,48323,0,0,0,0,0,62952,20152,0,1867,0,16719,52496,0,0,13855,0,19062,0,24551,25829,22147,0,442008,132144,53815,0,25428,47998,15651,562686,2898106
66600,86076597,48398,0,0,0,0,0,63060,20189,0,1869,0,16743,52581,0,0,13871,0,19095,0,24594,25865,22181,0,442633,132336,53908,0,25455,48071,15670,563514,2902414
66700,86206351,48467,0,0,0,0,0,63158,20224,0,1874,0,16763,52657,0,0,13894,0,19123,0,24625,25904,22213,0,443321,132520,53986,0,25493,48147,15697,564390,2906729
66800,86336171,48536,0,0,0,0,0,63248,20253,0,1876,0,16798,52743,0,0,13922,0,19146,0,24659,25934,22245,0,444046,132698,54061,0,25524,48222,15721,565254,2911188
66900,86465418,48605,0,0,0,0,0,63345,20277,0,1876,0,16825,52822,0,0,13940,0,19179,0,24704,25976,22285,0,444739,132893,54153,0,25559,48292,15739,566095,2915565
67000,86594688,48675,0,0,0,0,0,63443,20302,0,1878,0,16848,52916,0,0,13958,0,19206,0,24736,26014,22320,0,445431,133096,54220,0,25599,48357,15768,566977,2919891
67100,86724046,48748,0,0,0,0,0,63524,20332,0,1884,0,16874,52988,0,0,13976,0,19236,0,24765,26056,22358,0,446079,133301,54300,0,25640,48425,15790,567824,2924262
67200,86853814,48819,0,0,0,0,0,63623,20359,0,1886,0,16899,53070,0,0,13997,0,19258,0,24797,26113,22389,0,446733,133490,54392,0,25679,48504,15815,568664,2928669
67300,86983433,48893,0,0,0,0,0,63729,20396,0,1890,0,16930,53154,0,0,14017,0,19283,0,24831,26165,22423,0,447405,133673,54479,0,25711,48588,15836,569510,2933098
67400,87113604,48951,0,0,0,0,0,63818,20426,0,1890,0,16958,53228,0,0,14038,0,19306,0,24874,26203,22454,0,448095,133876,54562,0,25753,48660,15866,570347,2937469
67500,87243394,49022,0,0,0,0,0,63919,20456,0,1892,0,16981,53316,0,0,14055,0,19341,0,24912,26245,22480,0,448756,134077,54636,0,25792,48723,15889,571166,2941844
67600,87372845,49085,0,0,0,0,0,64011,20489,0,1894,0,17015,53385,0,0,14072,0,19366,0,24949,26282,22511,0,449431,134275,54720,0,25838,48794,15912,572036,2946269
67700,87502525,49155,0,0,0,0,0,64105,20523,0,1895,0,17032,53458,0,0,14093,0,19392,0,24983,26317,22537,0,450119,134486,54805,0,25883,48862,15935,572863,2950698
67800,87632362,49227,0,0,0,0,0,64197,20554,0,1897,0,17053,53539,0,0,14123,0,19416,0,25016,26357,22569,0,450845,134690,54882,0,25928,48930,15964,573694,2955162
67900,87762613,49299,0,0,0,0,0,64290,20581,0,1898,0,17074,53612,0,0,14137,0,19447,0,25058,26405,22606,0,451514,134887,54965,0,25981,48996,15993,574520,2959458
68000,87892324,49366,0,0,0,0,0,64399,20613,0,1901,0,17095,53692,0,0,14161,0,19474,0,25103,26440,22635,0,452192,135079,55049,0,26026,49058,16013,575392,2963765
68100,88022280,49431,0,0,0,0,0,64488,20642,0,1903,0,17127,53787,0,0,14184,0,19498,0,25142,26477,22680,0,452880,135273,55122,0,26066,49129,16040,576262,2968286
68200,88151335,49502,0,0,0,0,0,64586,20674,0,1907,0,17156,53858,0,0,14209,0,19524,0,25179,26516,22716,0,453561,135462,55208,0,26108,49203,16058,577126,2972663
68300,88280985,49572,0,0,0,0,0,64694,20701,0,1911,0,17181,53940,0,0,14223,0,19556,0,25212,26557,22749,0,454263,135646,55292,0,26152,49288,16080,578006,2976981
68400,88410400,49635,0,0,0,0,0,64775,20729,0,1913,0,17208,54025,0,0,14240,0,19589,0,25259,26589,22776,0,454895,135841,55378,0,26191,49354,16105,578884,2981286
68500,88540038,49716,0,0,0,0,0,64858,20757,0,1917,0,17240,54100,0,0,14256,0,19632,0,25293,26631,22804,0,455558,136042,55461,0,26224,49426,16133,579749,2985640
68600,88669467,49793,0,0,0,0,0,64955,20782,0,1919,0,17268,54186,0,0,14280,0,19659,0,25325,26665,22845,0,456201,136248,55535,0,26266,49494,16150,580620,2990006
68700,88798635,49872,0,0,0,0,0,65060,20806,0,1922,0,17287,54268,0,0,14300,0,19682,0,25367,26709,22877,0,456863,136442,55611,0,26303,49574,16170,581452,2994442
68800,88928084,49938,0,0,0,0,0,65140,20835,0,1926,0,17311,54332,0,0,14320,0,19707,0,25408,26745,22908,0,457552,136643,55690,0,26338,49642,16195,582332,2998921
68900,89056859,50025,0,0,0,0,0,65221,20873,0,1927,0,17335,54409,0,0,14342,0,19731,0,25449,26777,22947,0,458200,136820,55770,0,26389,49720,16224,583138,3003455
69000,89185719,50100,0,0,0,0,0,65312,20907,0,1931,0,17358,54476,0,0,14359,0,19766,0,25489,26808,22981,0,458860,137012,55852,0,26429,49789,16246,584029,3007759
69100,89315132,50174,0,0,0,0,0,65399,20941,0,1934,0,17381,54553,0,0,14386,0,19802,0,25529,26846,23017,0,459523,137225,55940,0,26477,49855,16272,584857,3012044
69200,89444438,50256,0,0,0,0,0,65499,20975,0,1938,0,17407,54624,0,0,14404,0,19842,0,25558,26886,23053,0,460213,137437,56033,0,26520,49928,16291,585753,3016348
69300,89573886,50328,0,0,0,0,0,65585,21007,0,1940,0,17440,54693,0,0,14430,0,19871,0,25601,26922,23089,0,460866,137628,56115,0,26553,49995,16318,586634,3020830
69400,89703533,50403,0,0,0,0,0,65682,21039,0,1947,0,17478,54777,0,0,14453,0,19900,0,25632,26963,23115,0,461551,137825,56205,0,26581,50074,16344,587430,3025281
69500,89833083,50474,0,0,0,0,0,65768,21066,0,1948,0,17510,54847,0,0,14470,0,19930,0,25673,27001,23157,0,462272,138015,56282,0,26621,50155,16364,588303,3029616
69600,89962596,50549,0,0,0,0,0,65862,21099,0,1948,0,17539,54921,0,0,14486,0,19954,0,25703,27041,23190,0,462932,138209,56369,0,26661,50226,16400,589142,3033866
69700,90092231,50619,0,0,0,0,0,65955,21130,0,1951,0,17561,54993,0,0,14510,0,19981,0,25747,27075,23225,0,463589,138413,56446,0,26703,50290,16428,589963,3038171
69800,90221356,50685,0,0,0,0,0,66054,21162,0,1953,0,17595,55063,0,0,14530,0,20005,0,25790,27117,23260,0,464229,138601,56524,0,26750,50357,16459,590785,3042577
69900,90351033,50744,0,0,0,0,0,66149,21185,0,1956,0,17624,55123,0,0,14543,0,20041,0,25832,27168,23298,0,464908,138811,56607,0,26793,50441,16488,591577,3046912
70000,90480395,50808,0,0,0,0,0,66249,21215,0,1960,0,17659,55197,0,0,14561,0,20083,0,25873,27202,23327,0,465590,139010,56700,0,26837,50499,16505,592427,3051170
70100,90609665,50874,0,0,0,0,0,66356,21246,0,1962,0,17676,55277,0,0,14585,0,20119,0,25906,27237,23356,0,466322,139190,56782,0,26872,50579,16530,593303,3055659
70200,90738731,50942,0,0,0,0,0,66456,21273,0,1963,0,17703,55344,0,0,14604,0,20142,0,25941,27279,23389,0,466951,139368,56859,0,26921,50649,16555,594123,3060048
70300,90867558,51007,0,0,0,0,0,66551,21299,0,1965,0,17729,55423,0,0,14628,0,20176,0,25983,27319,23416,0,467644,139571,56943,0,26955,50732,16579,594958,3064295
70400,90996336,51092,0,0,0,0,0,66635,21334,0,1968,0,17759,55502,0,0,14648,0,20204,0,26024,27361,23444,0,468347,139762,57016,0,26993,50813,16603,595791,3068701
70500,91126113,51148,0,0,0,0,0,66725,21354,0,1971,0,17783,55575,0,0,14672,0,20233,0,26067,27396,23474,0,469029,139955,57109,0,27038,50886,16628,596640,3073110
70600,91255117,51226,0,0,0,0,0,66834,21386,0,1976,0,17794,55665,0,0,14696,0,20265,0,26107,27427,23500,0,469703,140144,57194,0,27079,50959,16653,597492,3077495
70700,91384849,51301,0,0,0,0,0,66929,21415,0,1978,0,17821,55741,0,0,14724,0,20285,0,26144,27472,23534,0,470369,140356,57285,0,27112,51031,16671,598350,3081920
70800,91514421,51368,0,0,0,0,0,67029,21449,0,1983,0,17842,55819,0,0,14744,0,20320,0,26175,27514,23565,0,471064,140537,57368,0,27157,51084,16698,599232,3086308
70900,91644472,51437,0,0,0,0,0,67109,21481,0,1986,0,17867,55886,0,0,14769,0,20349,0,26205,27552,23597,0,471725,140742,57447,0,27205,51160,16725,600088,3090698
71000,91774059,51507,0,0,0,0,0,67206,21504,0,1989,0,17894,55972,0,0,14791,0,20377,0,26242,27589,23631,0,472394,140901,57527,0,27238,51230,16747,600955,3095063
71100,91903865,51585,0,0,0,0,0,67301,21531,0,1992,0,17918,56048,0,0,14807,0,20404,0,26273,27646,23673,0,473099,141113,57606,0,27279,51304,16766,601809,3099425
71200,92034042,51654,0,0,0,0,0,67392,21564,0,1994,0,17949,56126,0,0,14826,0,20436,0,26313,27680,23701,0,473772,141291,57693,0,27311,51380,16783,602691,3103834
71300,92163618,51725,0,0,0,0,0,67483,21595,0,1996,0,17978,56195,0,0,14851,0,20460,0,26349,27722,23739,0,474480,141477,57763,0,27353,51460,16804,603507,3108361
71400,92292734,51799,0,0,0,0,0,67575,21627,0,1997,0,18004,56258,0,0,14878,0,20489,0,26389,27755,23772,0,475136,141658,57842,0,27400,51528,16822,604341,3112721
71500,92422467,51868,0,0,0,0,0,67661,21652,0,2002,0,18029,56353,0,0,14891,0,20515,0,26422,27792,23813,0,475867,141852,57913,0,27440,51598,16849,605144,3117099
71600,92551954,51924,0,0,0,0,0,67762,21680,0,2002,0,18053,56428,0,0,14918,0,20535,0,26460,27836,23844,0,476545,142069,57997,0,27480,51683,16861,605963,3121460
71700,92680957,51985,0,0,0,0,0,67854,21714,0,2003,0,18078,56504,0,0,14940,0,20560,0,26496,27879,23878,0,477203,142267,58089,0,27524,51761,16889,606794,3125783
71800,92810267,52053,0,0,0,0,0,67968,21740,0,2009,0,18111,56566,0,0,14958,0,20593,0,26531,27920,23918,0,477868,142456,58171,0,27558,51837,16912,607653,3130048
71900,92939912,52128,0,0,0,0,0,68064,21765,0,2011,0,18141,56645,0,0,14983,0,20619,0,26572,27958,23950,0,478579,142662,58261,0,27601,51916,16930,608467,3134377
72000,93069531,52199,0,0,0,0,0,68168,21793,0,2013,0,18167,56724,0,0,15004,0,20656,0,26611,27991,23985,0,479268,142854,58335,0,27642,51994,16955,609306,3138736
72100,93199226,52275,0,0,0,0,0,68263,21824,0,2015,0,18191,56805,0,0,15031,0,20683,0,26657,28030,24019,0,479937,143077,58414,0,27684,52063,16976,610134,3143056
72200,93328766,52364,0,0,0,0,0,68360,21850,0,2018,0,18215,56892,0,0,15051,0,20707,0,26693,28071,24061,0,480636,143296,58489,0,27732,52120,16998,610986,3147340
72300,93458186,52429,0,0,0,0,0,68455,21886,0,2022,0,18240,56969,0,0,15069,0,20733,0,26725,28111,24096,0,481313,143478,58566,0,27765,52194,17017,611848,3151761
72400,93587416,52500,0,0,0,0,0,68551,21912,0,2027,0,18270,57050,0,0,15082,0,20759,0,26760,28146,24129,0,481956,143696,58639,0,27808,52270,17034,612689,3156227
72500,93716188,52572,0,0,0,0,0,68654,21937,0,2029,0,18299,57148,0,0,15098,0,20789,0,26802,28186,24164,0,482621,143894,58720,0,27842,52348,17053,613566,3160578
72600,93845467,52642,0,0,0,0,0,68745,21970,0,2033,0,18316,57247,0,0,15121,0,20830,0,26836,28224,24197,0,483289,144069,58811,0,27882,52421,17075,614408,3164867
72700,93974575,52721,0,0,0,0,0,68832,22004,0,2036,0,18346,57332,0,0,15142,0,20863,0,26870,28261,24225,0,483923,144268,58893,0,27914,52506,17104,615239,3169111
72800,94103896,52795,0,0,0,0,0,68930,22028,0,2039,0,18372,57411,0,0,15160,0,20898,0,26907,28300,24262,0,484633,144476,58976,0,27948,52572,17130,616075,3173453
72900,94233491,52869,0,0,0,0,0,69017,22052,0,2041,0,18398,57478,0,0,15177,0,20923,0,26943,28339,24294,0,485302,144653,59056,0,27993,52646,17153,616934,3177857
73000,94362697,52947,0,0,0,0,0,69107,22083,0,2044,0,18417,57554,0,0,15195,0,20951,0,26983,28389,24334,0,485939,144845,59127,0,28027,52723,17176,617812,3182207
73100,94491858,53025,0,0,0,0,0,69195,22107,0,2047,0,18442,57628,0,0,15214,0,20985,0,27017,28426,24361,0,486622,145044,59224,0,28063,52786,17201,618696,3186674
73200,94621554,53099,0,0,0,0,0,69295,22135,0,2055,0,18462,57709,0,0,15238,0,21010,0,27060,28470,24393,0,487295,145244,59313,0,28105,52844,17218,619578,3191062
73300,94751723,53180,0,0,0,0,0,69383,22169,0,2057,0,18489,57783,0,0,15265,0,21037,0,27096,28506,24427,0,487959,145446,59399,0,28140,52917,17247,620453,3195482
73400,94880986,53248,0,0,0,0,0,69477,22198,0,2058,0,18514,57864,0,0,15289,0,21064,0,27141,28552,24463,0,488628,145660,59473,0,28182,52985,17267,621338,3199832
73500,95010381,53319,0,0,0,0,0,69573,22229,0,2061,0,18539,57954,0,0,15309,0,21088,0,27181,28602,24492,0,489326,145866,59556,0,28218,53062,17286,622157,3204212
73600,95139776,53371,0,0,0,0,0,69667,22271,0,2067,0,18571,58053,0,0,15332,0,21120,0,27221,28645,24520,0,490013,146062,59638,0,28253,53141,17303,622977,3208635
73700,95269357,53437,0,0,0,0,0,69753,22306,0,2069,0,18593,58134,0,0,15349,0,21143,0,27252,28692,24561,0,490659,146262,59718,0,28290,53218,17322,623835,3213009
73800,95398695,53512,0,0,0,0,0,69837,22342,0,2075,0,18619,58207,0,0,15359,0,21170,0,27295,28745,24586,0,491311,146469,59803,0,28334,53296,17347,624691,3217348
73900,95527935,53582,0,0,0,0,0,69932,22375,0,2075,0,18654,58282,0,0,15380,0,21195,0,27326,28793,24616,0,492008,146653,59878,0,28377,53361,17370,625547,3221821
74000,95657499,53646,0,0,0,0,0,70026,22400,0,2076,0,18682,58354,0,0,15398,0,21230,0,27359,28831,24649,0,492694,146847,59959,0,28419,53430,17388,626438,3226201
74100,95786349,53718,0,0,0,0,0,70106,22430,0,2077,0,18707,58432,0,0,15418,0,21263,0,27401,28870,24678,0,493345,147051,60038,0,28454,53500,17411,627281,3230532
74200,95915680,53788,0,0,0,0,0,70194,22458,0,2077,0,18734,58511,0,0,15438,0,21292,0,27433,28898,24710,0,494003,147274,60125,0,28497,53580,17435,628158,3234783
74300,96045322,53859,0,0,0,0,0,70281,22491,0,2079,0,18757,58600,0,0,15466,0,21322,0,27463,28928,24750,0,494643,147481,60201,0,28533,53649,17456,629008,3239215
74400,96174443,53938,0,0,0,0,0,70377,22526,0,2080,0,18782,58688,0,0,15485,0,21354,0,27495,28960,24782,0,495303,147659,60298,0,28566,53735,17476,629894,3243556
74500,96303887,54019,0,0,0,0,0,70472,22555,0,2084,0,18813,58758,0,0,15504,0,21392,0,27529,29004,24813,0,495949,147856,60385,0,28593,53805,17502,630693,3248060
74600,96433139,54086,0,0,0,0,0,70565,22590,0,2087,0,18834,58843,0,0,15522,0,21424,0,27562,29043,24850,0,496610,148040,60458,0,28641,53879,17531,631565,3252443
74700,96562565,54165,0,0,0,0,0,70669,22624,0,2087,0,18872,58917,0,0,15539,0,21452,0,27590,29086,24892,0,497265,148247,60543,0,28689,53951,17549,632391,3256852
74800,96691723,54241,0,0,0,0,0,70765,22656,0,2091,0,18899,58995,0,0,15558,0,21473,0,27626,29132,24923,0,497944,148443,60619,0,28733,54026,17579,633270,3261068
74900,96821054,54329,0,0,0,0,0,70856,22683,0,2093,0,18928,59066,0,0,15575,0,21507,0,27664,29171,24954,0,498608,148635,60708,0,28779,54094,17603,634134,3265502
75000,96949961,54399,0,0,0,0,0,70945,22709,0,2096,0,18959,59131,0,0,15596,0,21539,0,27692,29211,24985,0,499298,148850,60796,0,28814,54181,17624,634923,3269819
75100,97079264,54458,0,0,0,0,0,71030,22744,0,2098,0,18982,59215,0,0,15613,0,21566,0,27727,29258,25019,0,499931,149035,60879,0,28845,54257,17648,635796,3274206
75200,97208726,54532,0,0,0,0,0,71128,22776,0,2101,0,19003,59282,0,0,15635,0,21595,0,27777,29291,25053,0,500573,149243,60958,0,28882,54323,17678,636664,3278612
75300,97338292,54621,0,0,0,0,0,71209,22807,0,2101,0,19025,59342,0,0,15658,0,21627,0,27812,29330,25088,0,501229,149463,61032,0,28913,54398,17697,637503,3282977
75400,97467697,54682,0,0,0,0,0,71290,22829,0,2105,0,19049,59428,0,0,15676,0,21660,0,27855,29381,25122,0,501889,149636,61109,0,28954,54472,17713,638319,3287312
75500,97597522,54752,0,0,0,0,0,71379,22860,0,2108,0,19073,59499,0,0,15695,0,21693,0,27911,29418,25149,0,502544,149862,61193,0,29002,54535,17741,639203,3291771
75600,97727440,54819,0,0,0,0,0,71468,22884,0,2113,0,19094,59578,0,0,15712,0,21721,0,27947,29452,25183,0,503183,150075,61275,0,29034,54595,17765,640089,3296106
75700,97857173,54899,0,0,0,0,0,71585,22919,0,2113,0,19117,59655,0,0,15724,0,21749,0,27977,29495,25211,0,503869,150277,61351,0,29066,54671,17795,640933,3300573
75800,97987166,54973,0,0,0,0,0,71684,22949,0,2116,0,19143,59733,0,0,15744,0,21779,0,28018,29535,25249,0,504525,150464,61437,0,29106,54752,17828,641816,3304977
75900,98116691,55058,0,0,0,0,0,71790,22983,0,2119,0,19166,59804,0,0,15754,0,21806,0,28063,29577,25274,0,505198,150655,61523,0,29139,54827,17848,642651,3309445
76000,98246492,55136,0,0,0,0,0,71865,23016,0,2123,0,19190,59884,0,0,15777,0,21836,0,28099,29611,25310,0,505872,150862,61605,0,29175,54908,17873,643477,3313908
76100,98375843,55209,0,0,0,0,0,71981,23045,0,2126,0,19211,59958,0,0,15797,0,21876,0,28134,29645,25345,0,506519,151072,61696,0,29209,54984,17893,644319,3318205
76200,98504976,55297,0,0,0,0,0,72065,23079,0,2130,0,19234,60041,0,0,15815,0,21905,0,28169,29678,25371,0,507177,151272,61770,0,29251,55052,17922,645186,3322592
76300,98634515,55368,0,0,0,0,0,72159,23107,0,2134,0,19256,60113,0,0,15839,0,21935,0,28213,29722,25407,0,507846,151473,61845,0,29303,55138,17939,646057,3326949
76400,98763773,55444,0,0,0,0,0,72241,23131,0,2136,0,19276,60193,0,0,15862,0,21965,0,28249,29764,25447,0,508480,151675,61924,0,29332,55216,17967,646891,3331334
76500,98893638,55524,0,0,0,0,0,72323,23160,0,2139,0,19300,60269,0,0,15881,0,21989,0,28283,29799,25476,0,509127,151891,62001,0,29366,55296,17986,647746,3335788
76600,99023492,55599,0,0,0,0,0,72423,23198,0,2141,0,19324,60341,0,0,15900,0,22014,0,28322,29844,25507,0,509753,152109,62081,0,29394,55362,18011,648602,3340248
76700,99153504,55660,0,0,0,0,0,72530,23223,0,2143,0,19349,60429,0,0,15921,0,22042,0,28368,29876,25543,0,510450,152290,62154,0,29423,55430,18041,649424,3344587
76800,99283172,55733,0,0,0,0,0,72635,23251,0,2143,0,19376,60513,0,0,15946,0,22065,0,28403,29918,25578,0,511146,152479,62238,0,29457,55502,18063,650270,3348910
76900,99412155,55812,0,0,0,0,0,72739,23281,0,2146,0,19399,60596,0,0,15962,0,22095,0,28443,29953,25612,0,511817,152672,62318,0,29488,55579,18089,651096,3353261
77000,99540860,55883,0,0,0,0,0,72837,23307,0,2148,0,19428,60675,0,0,15987,0,22123,0,28488,30001,25644,0,512501,152865,62398,0,29529,55653,18113,651914,3357614
77100,99670301,55953,0,0,0,0,0,72928,23341,0,2150,0,19445,60755,0,0,16011,0,22150,0,28528,30031,25676,0,513121,153062,62472,0,29567,55727,18133,652777,3361875
77200,99800085,56035,0,0,0,0,0,73024,23367,0,2151,0,19470,60843,0,0,16033,0,22182,0,28572,30074,25711,0,513775,153253,62562,0,29615,55785,18163,653627,3366340
77300,99929963,56107,0,0,0,0,0,73116,23395,0,2151,0,19490,60919,0,0,16057,0,22217,0,28611,30105,25744,0,514473,153444,62640,0,29661,55847,18184,654480,3370772
77400,100059247,56175,0,0,0,0,0,73204,23420,0,2153,0,19517,60995,0,0,16068,0,22250,0,28655,30142,25786,0,515129,153636,62720,0,29701,55920,18209,655358,3375135
77500,100188145,56256,0,0,0,0,0,73300,23447,0,2154,0,19544,61083,0,0,16083,0,22275,0,28690,30180,25823,0,515782,153840,62802,0,29744,55989,18243,656207,3379561
77600,100318027,56324,0,0,0,0,0,73390,23481,0,2154,0,19571,61152,0,0,16097,0,22305,0,28727,30218,25864,0,516430,154028,62880,0,29779,56054,18274,657037,3383975
77700,100447563,56399,0,0,0,0,0,73496,23511,0,2155,0,19600,61233,0,0,16112,0,22332,0,28758,30255,25892,0,517108,154210,62961,0,29828,56136,18301,657907,3388418
77800,100577367,56475,0,0,0,0,0,73576,23542,0,2157,0,19626,61312,0,0,16138,0,22358,0,28795,30296,25925,0,517736,154388,63043,0,29866,56208,18327,658755,3392778
77900,100707159,56544,0,0,0,0,0,73673,23572,0,2158,0,19648,61389,0,0,16151,0,22383,0,28827,30330,25954,0,518384,154606,63127,0,29901,56272,18349,659610,3397208
78000,100836518,56612,0,0,0,0,0,73758,23608,0,2165,0,19679,61457,0,0,16174,0,22407,0,28861,30365,25987,0,519052,154793,63208,0,29935,56328,18367,660428,3401652
78100,100965813,56692,0,0,0,0,0,73852,23639,0,2168,0,19701,61537,0,0,16196,0,22433,0,28902,30405,26018,0,519691,154990,63300,0,29970,56406,18396,661272,3405884
78200,101094921,56760,0,0,0,0,0,73957,23670,0,2171,0,19720,61609,0,0,16220,0,22461,0,28937,30450,26053,0,520364,155177,63384,0,30007,56480,18418,662078,3410349
78300,101223810,56819,0,0,0,0,0,74043,23697,0,2175,0,19747,61683,0,0,16241,0,22493,0,28971,30488,26086,0,521020,155373,63452,0,30038,56564,18445,662919,3414591
78400,101352269,56898,0,0,0,0,0,74132,23729,0,2179,0,19764,61760,0,0,16264,0,22526,0,28997,30519,26122,0,521684,155573,63533,0,30074,56632,18467,663774,3419000
78500,101481088,56965,0,0,0,0,0,74206,23755,0,2181,0,19788,61826,0,0,16289,0,22553,0,29046,30560,26164,0,522342,155786,63600,0,30121,56697,18497,664624,3423456
78600,101610539,57043,0,0,0,0,0,74312,23783,0,2182,0,19803,61911,0,0,16311,0,22584,0,29080,30597,26197,0,523014,156012,63663,0,30152,56775,18519,665472,3427980
78700,101740501,57099,0,0,0,0,0,74414,23810,0,2184,0,19823,61996,0,0,16328,0,22608,0,29112,30632,26236,0,523702,156235,63748,0,30193,56851,18546,666297,3432406
78800,101869560,57166,0,0,0,0,0,74501,23847,0,2185,0,19854,62087,0,0,16353,0,22633,0,29150,30668,26262,0,524353,156431,63831,0,30238,56915,18575,667155,3436722
78900,101999146,57237,0,0,0,0,0,74606,23883,0,2188,0,19885,62175,0,0,16375,0,22661,0,29187,30712,26292,0,525005,156633,63909,0,30281,56994,18597,668004,3441151
79000,102128541,57314,0,0,0,0,0,74704,23909,0,2191,0,19908,62253,0,0,16396,0,22690,0,29222,30746,26322,0,525691,156827,64005,0,30326,57077,18625,668857,3445448
79100,102258055,57396,0,0,0,0,0,74802,23934,0,2193,0,19932,62330,0,0,16416,0,22728,0,29257,30785,26352,0,526392,157042,64088,0,30358,57154,18642,669655,3449914
79200,102388169,57469,0,0,0,0,0,74893,23967,0,2193,0,19955,62433,0,0,16437,0,22761,0,29295,30825,26386,0,527083,157249,64165,0,30393,57223,18670,670495,3454256
79300,102517622,57547,0,0,0,0,0,74981,24002,0,2197,0,19976,62519,0,0,16448,0,22795,0,29329,30864,26413,0,527768,157445,64242,0,30426,57288,18690,671338,3458765
79400,102646752,57623,0,0,0,0,0,75081,24039,0,2198,0,20002,62601,0,0,16474,0,22822,0,29370,30906,26448,0,528446,157635,64329,0,30464,57361,18714,672200,3463202
79500,102775503,57706,0,0,0,0,0,75182,24070,0,2201,0,20023,62678,0,0,16496,0,22854,0,29405,30944,26483,0,529115,157850,64403,0,30499,57440,18741,673053,3467599
79600,102904125,57768,0,0,0,0,0,75265,24101,0,2203,0,20045,62763,0,0,16511,0,22884,0,29439,30978,26517,0,529764,158025,64475,0,30542,57502,18763,673902,3471892
79700,103033492,57851,0,0,0,0,0,75380,24133,0,2207,0,20078,62836,0,0,16521,0,22913,0,29479,31011,26550,0,530402,158197,64559,0,30573,57578,18788,674746,3476170
79800,103163287,57929,0,0,0,0,0,75476,24171,0,2212,0,20104,62912,0,0,16542,0,22948,0,29516,31047,26590,0,531018,158399,64654,0,30597,57652,18823,675585,3480495
79900,103292676,58003,0,0,0,0,0,75583,24204,0,2213,0,20131,62983,0,0,16560,0,22978,0,29541,31088,26623,0,531674,158595,64733,0,30638,57721,18850,676432,3484798
80000,103421858,58085,0,0,0,0,0,75683,24236,0,2217,0,20156,63062,0,0,16579,0,23009,0,29575,31127,26656,0,532324,158785,64822,0,30671,57804,18879,677349,3489077
