t , Ki , Mi , Ni , Vxi , Vyi , Vzi , Txi , Tyi , Tzi , Rxi , Ryi , Rzi, XX, YY, ZZ, XY, XZ, YZ, XVX, XVY, XVZ, YVX, YVY, YVZ, ZVX, ZVY, ZVZ
0 , 0 , 0 , 3e+22 , 0 , 0 , 0 , 0 , 0 , 0 , 0 , 0 , 0 , 0 , 0 , 0 , 0 , 0 , 0 , 0 , 0 , 0 , 0 , 0 , 0 , 0 , 0 , 0
8e-06 , 530.319 , 0.0176773 , 3e+22 , 159.398 , -156.288 , 4394.82 , 0.0117039 , 0.0116471 , 0.0118934 , 0.000332673257 , -8.80046598e-05 , 0.058755274 , 0.00219932552 , 0.0022147747 , 0.00559536079 , -1.84276255e-05 , 2.5177853e-05 , -2.90232179e-06 , 153.549105 , 18.3178313 , 8.46349867 , 4.75571469 , 168.639886 , 1.67054642 , 31.0467101 , -12.9706028 , 479.347278
1.6e-05 , 1101.2 , 0.0367066 , 3e+22 , 212.814 , 291.076 , 7669.73 , 0.0239548 , 0.0241153 , 0.0250079 , 0.000840011494 , -0.000599215304 , 0.122177299 , 0.0106043969 , 0.0104660338 , 0.0322477635 , -9.88976072e-06 , 0.000327428436 , -0.000147707536 , 686.837665 , -19.1593541 , 40.5038441 , 93.4010888 , 787.656823 , 73.3455866 , 81.1918239 , -41.2413209 , 2534.68265
2.4e-05 , 1998.65 , 0.0666216 , 3e+22 , 535.64 , -249.896 , 12620.6 , 0.0429861 , 0.0431282 , 0.0462212 , 0.00243251017 , 0.000875152512 , 0.221878874 , 0.040690292 , 0.040439478 , 0.118780773 , -0.000758960294 , 0.00172090219 , -3.46253368e-06 , 2752.19543 , -137.656288 , 194.03289 , -74.0195122 , 2758.22577 , 100.854875 , 347.499773 , 55.5123825 , 7165.83042
3.2e-05 , 3127.91 , 0.104264 , 3e+22 , -1069.44 , 602.574 , 13211.9 , 0.0686882 , 0.068673 , 0.0701652 , 0.00221261974 , 0.000808249133 , 0.347540113 , 0.105114795 , 0.106699439 , 0.266547278 , -0.00163845873 , 0.001949241 , 0.000453994273 , 4779.15459 , 213.645357 , 172.716392 , -341.167227 , 4806.10969 , 204.213705 , -723.238601 , 617.252528 , 8876.84128
4e-05 , 4299.33 , 0.143311 , 3e+22 , -89.612 , -1249.62 , 15060 , 0.0931309 , 0.0937294 , 0.0984634 , 0.00219783395 , -0.00110850248 , 0.477974887 , 0.207496523 , 0.206453374 , 0.45030727 , 9.43157951e-05 , 0.000369387803 , -0.00191432923 , 6696.28597 , 270.433651 , -28.6616156 , 324.060226 , 6279.18629 , 725.747383 , -948.618331 , -989.980472 , 11603.8832
4.8e-05 , 5415.41 , 0.180514 , 3e+22 , -262.051 , -848.835 , 10342.4 , 0.120397 , 0.119843 , 0.120175 , 0.00138240094 , -0.00513837698 , 0.602500977 , 0.333889217 , 0.334566156 , 0.651028123 , 0.00162813449 , -0.000881014399 , -0.0046122206 , 8675.22043 , 535.884255 , 686.455695 , 58.5595657 , 7975.46623 , 973.921757 , -1224.00562 , -967.037619 , 7962.27693
5.6e-05 , 6454.44 , 0.215148 , 3e+22 , -1051.04 , -30.0731 , 12828.1 , 0.14213 , 0.143041 , 0.144184 , 0.00462925428 , -0.00546283855 , 0.71873702 , 0.488517767 , 0.491580025 , 0.858984686 , 0.00367368058 , 0.00329413287 , -0.00500927915 , 8356.04163 , 572.306864 , -86.8151127 , -569.54473 , 8669.0949 , 54.6304763 , -1468.58991 , 603.549836 , 11775.3062
6.4e-05 , 7405.36 , 0.246845 , 3e+22 , 263.175 , 1313.98 , 8306.34 , 0.165863 , 0.162416 , 0.165009 , 0.00176692426 , -0.00593825423 , 0.825385246 , 0.65166539 , 0.660288931 , 1.07085426 , 0.00580454781 , 0.00205923072 , -0.00719216607 , 9660.999 , 137.601686 , -457.699841 , 14.759596 , 10691.7976 , 626.026318 , -42.2503299 , 1470.7738 , 7650.93627
7.2e-05 , 8236.09 , 0.274536 , 3e+22 , -2101.96 , -822.502 , 9452.62 , 0.180171 , 0.184472 , 0.183893 , 0.000192552676 , -0.0107076615 , 0.918972546 , 0.831240926 , 0.84325742 , 1.27240563 , 0.0109104723 , -0.00132816395 , -0.00870998125 , 10462.1464 , 554.494544 , 1585.24856 , 1246.92081 , 9763.98211 , -443.35303 , -3310.10046 , -2206.8403 , 9561.30054
8e-05 , 9026.53 , 0.300884 , 3e+22 , -771.528 , -339.736 , 9437.15 , 0.200539 , 0.199299 , 0.20142 , -0.00161039053 , -0.0153611164 , 1.00845376 , 1.01499961 , 1.02647972 , 1.48076606 , 0.0100683171 , -0.00139622213 , -0.0163965135 , 11088.1522 , -824.132099 , -141.107585 , 1281.19505 , 12690.0774 , -766.594852 , -1033.74383 , -112.306664 , 10006.4647
8.8e-05 , 9672.67 , 0.322422 , 3e+22 , -1924.86 , -872.451 , 7224.07 , 0.213869 , 0.216072 , 0.214582 , -0.00134252474 , -0.0163315093 , 1.08192617 , 1.20365716 , 1.21920028 , 1.66636005 , 0.00927570333 , 0.00265848402 , -0.0180820028 , 10631.925 , 427.508451 , -631.902259 , 1243.02938 , 10526.7065 , 912.066866 , -872.459136 , -1771.77015 , 8460.69133
9.6e-05 , 10290.4 , 0.343015 , 3e+22 , -2725.15 , 1243.04 , 7336.19 , 0.227739 , 0.227618 , 0.230316 , -0.00883009206 , -0.0140075939 , 1.15294827 , 1.39030116 , 1.41356907 , 1.85595054 , 0.00618260855 , -0.00288999613 , -0.0175598998 , 14139.2845 , -104.791668 , 449.628207 , -1448.67142 , 10791.7049 , -2450.95356 , -3775.98071 , 2305.07667 , 8993.75697
0.000104 , 10865.7 , 0.362189 , 3e+22 , -11.9934 , -1282.57 , 2484.4 , 0.242084 , 0.240441 , 0.241808 , -0.00615543025 , -0.0133172212 , 1.21959227 , 1.56816531 , 1.59348796 , 2.04426883 , 0.01197206 , -0.00179793589 , -0.0191036618 , 12863.5105 , 2059.43728 , -1328.50568 , 1067.4401 , 9573.07412 , 159.416396 , 66.8022867 , -1085.55228 , 2517.34032
0.000112 , 11406.2 , 0.380207 , 3e+22 , 2006.74 , 427.016 , 4203.34 , 0.250318 , 0.253949 , 0.256023 , -0.00348687693 , -0.0107277168 , 1.28253191 , 1.75203267 , 1.78438197 , 2.23123609 , 0.0132288129 , 0.000870268402 , -0.0113961692 , 11622.8189 , -2932.49559 , -3296.029 , -1063.36305 , 9324.10282 , 1154.05898 , 2866.25117 , 1122.81427 , 4242.47018
0.00012 , 11858.2 , 0.395275 , 3e+22 , 1696.62 , 177.633 , 5593.05 , 0.262359 , 0.263086 , 0.26491 , -0.00385779327 , -0.00720200158 , 1.3359122 , 1.93287325 , 1.96850622 , 2.4092065 , 0.0117681406 , -0.00333350457 , -0.00356373124 , 12190.8728 , -2842.16874 , 220.760092 , -2584.49885 , 9807.62647 , -799.088955 , 1833.84177 , -806.383909 , 7761.312
0.000128 , 12291.3 , 0.40971 , 3e+22 , 846.954 , -1224.32 , 3843.61 , 0.274514 , 0.272482 , 0.272327 , -0.00539960261 , -0.00776960392 , 1.38798276 , 2.11134631 , 2.15758327 , 2.58364049 , 0.016600778 , -0.00948137247 , -0.00396462601 , 10142.7 , -868.731232 , -385.15293 , 283.152301 , 11555.345 , 2526.38212 , 1400.86732 , -3041.85295 , 6188.47466
0.000136 , 12673.7 , 0.422458 , 3e+22 , 1276.04 , 863.814 , 4257.05 , 0.283033 , 0.280134 , 0.281633 , -0.00630102293 , -0.013102639 , 1.43457062 , 2.30933993 , 2.32947868 , 2.74960339 , 0.0198172839 , -0.0121614966 , -0.0103438288 , 10139.3632 , 761.873327 , -627.864168 , -2298.34499 , 11999.7225 , 3245.16925 , 2233.26841 , 1733.23069 , 6534.67555
0.000144 , 13046.2 , 0.434874 , 3e+22 , -737.682 , -376.28 , 2322.25 , 0.28881 , 0.28989 , 0.291015 , -0.00970543183 , -0.0144689551 , 1.48038948 , 2.47885068 , 2.51132492 , 2.92318246 , 0.0153123077 , -0.00820610979 , -0.016359335 , 8799.92246 , -2915.44259 , -1279.39317 , 421.525043 , 6548.68753 , 2767.28035 , -1758.38844 , -2354.4901 , 3855.95925
0.000152 , 13424 , 0.447466 , 3e+22 , 1267.65 , -844.288 , 4500.63 , 0.294611 , 0.300411 , 0.299781 , -0.00630379841 , -0.0176115023 , 1.52715044 , 2.6413647 , 2.68871087 , 3.09824747 , 0.0208253192 , -0.00445332746 , -0.0213171369 , 4971.3729 , 2988.87647 , -62.3054315 , -3654.86307 , 10760.3641 , 263.116869 , 1726.93598 , -1722.8074 , 8807.99656
0.00016 , 13800.3 , 0.46001 , 3e+22 , -113.632 , 1006.93 , 3516.47 , 0.307709 , 0.305444 , 0.306791 , -0.0047561481 , -0.0189392459 , 1.57401974 , 2.81684474 , 2.86729312 , 3.27451204 , 0.0137180676 , -0.00131162032 , -0.0261215304 , 7160.00601 , -4168.04905 , -3363.40121 , -1227.4126 , 9511.9542 , -980.794826 , -507.656929 , 2156.90374 , 3631.99541
0.000168 , 14099.4 , 0.469981 , 3e+22 , 3628.91 , -1820.5 , 2996.8 , 0.310296 , 0.315538 , 0.313983 , -0.00487190127 , -0.0167180635 , 1.6127232 , 2.99767627 , 3.03839042 , 3.43370255 , 0.00195413861 , -0.00125535052 , -0.026947349 , 6452.72864 , -3273.03656 , -1663.61985 , 5950.39477 , 8928.77071 , -2423.20712 , 8216.49605 , -5630.06512 , 4619.69075
0.000176 , 14400.6 , 0.480021 , 3e+22 , 2841.02 , -574.07 , 3533.8 , 0.319116 , 0.318412 , 0.322395 , -0.00202142531 , -0.0163709919 , 1.65219992 , 3.1787735 , 3.21380545 , 3.60376062 , 0.00868266517 , -0.00122805365 , -0.0303437141 , 8520.43713 , -2859.78257 , -4950.34805 , -1422.97719 , 8031.31762 , -289.875233 , 6472.70481 , -2198.58555 , 8522.10595
0.000184 , 14664.3 , 0.488809 , 3e+22 , 1054.14 , 268.329 , 290.674 , 0.327104 , 0.327179 , 0.323328 , -0.00117542094 , -0.0160196026 , 1.68765687 , 3.36842156 , 3.38467044 , 3.76546053 , 0.0184709636 , 0.0011644916 , -0.029698446 , 9018.28424 , -5429.25753 , 1008.04848 , -1877.80386 , 11545.0635 , 248.14532 , 1825.83928 , -860.114158 , -527.620493
0.000192 , 14946.2 , 0.498206 , 3e+22 , -2083.35 , 1431.74 , 4019.84 , 0.335478 , 0.329856 , 0.330949 , 0.00384570694 , -0.0157841193 , 1.72558917 , 3.5459822 , 3.56549633 , 3.93079989 , 0.021170375 , 0.00721916678 , -0.0229897479 , 6863.90339 , -2570.00056 , -479.963542 , -2229.99295 , 5214.19147 , -2327.96461 , -5562.06176 , 4996.51932 , 7569.40768
0.0002 , 15221.1 , 0.507369 , 3e+22 , -472.304 , 595.142 , 3278.15 , 0.341025 , 0.337232 , 0.336416 , 0.00405432964 , -0.0157676694 , 1.76293416 , 3.71446234 , 3.73911518 , 4.09580678 , 0.0185227958 , 0.0074979047 , -0.0271015164 , 5574.68412 , -3342.39198 , 4279.86804 , 2451.70166 , 9710.56448 , -2109.29369 , -1851.65618 , 647.837651 , 5954.71886
0.000208 , 15474.9 , 0.515831 , 3e+22 , 1916.18 , 11.0905 , 1371.61 , 0.342645 , 0.340685 , 0.348302 , 0.00131840083 , -0.0181059125 , 1.79812994 , 3.87917328 , 3.89443842 , 4.25992255 , 0.0306679626 , -0.00649330871 , -0.0307774765 , 6665.59983 , -605.837409 , -4661.60877 , 2402.16997 , 9199.68912 , -944.711119 , 6626.25316 , 565.014296 , 2745.56838
0.000216 , 15712 , 0.523733 , 3e+22 , 159.632 , 385.441 , 2876.32 , 0.350822 , 0.348255 , 0.348342 , 0.000738099424 , -0.0176751847 , 1.83165421 , 4.04654045 , 4.05889342 , 4.4178632 , 0.0303831736 , -0.0059769204 , -0.0345374264 , 8020.94298 , -1932.79133 , -1705.90713 , 3782.29744 , 5503.94137 , -3713.53337 , 656.104451 , 3171.24768 , 6203.64887
0.000224 , 15918.7 , 0.530624 , 3e+22 , -810.169 , 2099.3 , 5284.82 , 0.358476 , 0.351617 , 0.350967 , 0.00355291184 , -0.0175799508 , 1.86259701 , 4.21469192 , 4.22894073 , 4.57203644 , 0.0288720139 , -0.00368423572 , -0.0284417198 , 8167.50897 , 42.3535115 , -4210.01873 , -1169.54744 , 3564.69075 , -3491.70872 , -4745.22924 , 3718.67548 , 15531.7965
0.000232 , 16117.4 , 0.537248 , 3e+22 , -210.306 , -2301.48 , 1545.65 , 0.360296 , 0.356173 , 0.357983 , -0.000470845312 , -0.0187483848 , 1.89272953 , 4.38719839 , 4.40832699 , 4.72606332 , 0.0210578806 , -0.0105094967 , -0.0331032745 , 9351.47915 , -5710.14651 , 2023.4773 , 491.91695 , 7845.80829 , -1049.0874 , -403.262252 , -4139.16086 , 3331.46857
0.00024 , 16352.2 , 0.545073 , 3e+22 , 676.17 , 340.255 , 3423.69 , 0.362285 , 0.362902 , 0.36489 , 0.000532361749 , -0.0184807852 , 1.92721008 , 4.54704172 , 4.57572482 , 4.89774926 , 0.0188673927 , 0.00425235566 , -0.0361661539 , 9718.06533 , -4597.21285 , 4863.91956 , -2827.91217 , 3362.78978 , -3999.15549 , -336.842759 , -1568.40616 , 6368.44105
0.000248 , 16546.9 , 0.551565 , 3e+22 , 516.103 , -2165.1 , 762.08 , 0.363454 , 0.369473 , 0.370171 , 0.000468314664 , -0.0145371599 , 1.95804554 , 4.72351442 , 4.7057398 , 5.05173302 , 0.0218181793 , 0.00728232256 , -0.0229490161 , 14103.6325 , -5696.90018 , -1315.5482 , 6083.3984 , 4074.29566 , 4347.06921 , -278.563316 , -6016.90228 , 1249.64837
0.000256 , 16765.3 , 0.558844 , 3e+22 , 1296.92 , 352.672 , -750.054 , 0.373271 , 0.37441 , 0.369995 , 0.000844227754 , -0.0139862667 , 1.99111649 , 4.87699614 , 4.86813938 , 5.22534342 , 0.0315571476 , 0.006746519 , -0.0259822597 , -1050.43002 , -6708.65431 , -2374.48397 , 2857.42078 , 563.855584 , 902.282369 , 403.917664 , 2738.06509 , -2813.64764
0.000264 , 16933 , 0.564433 , 3e+22 , -1220.55 , 777.574 , 1132.51 , 0.373252 , 0.378724 , 0.376871 , 0.00146494213 , -0.0173451099 , 2.0192092 , 5.02806321 , 5.04133001 , 5.38537256 , 0.0280091063 , 0.0026635297 , -0.0324387637 , 8069.93659 , -234.560003 , -1357.7675 , -6322.69586 , 9825.19389 , -3445.52868 , -3117.90504 , 2791.59597 , 3080.56843
0.000272 , 17124 , 0.570801 , 3e+22 , 3827.69 , 686.137 , 451.037 , 0.384013 , 0.378907 , 0.378594 , 0.00140453243 , -0.0210827215 , 2.05033758 , 5.17830273 , 5.19623856 , 5.54759254 , 0.0301535589 , 0.0105422294 , -0.04542024 , 7738.32341 , -516.856001 , 2549.44911 , -2768.7528 , 4701.94821 , 1292.12072 , 11037.601 , 1181.59969 , -874.821142
0.00028 , 17286.1 , 0.576203 , 3e+22 , -2258.45 , 2553.71 , 3110.3 , 0.384698 , 0.381145 , 0.386442 , 0.00300108224 , -0.0242559039 , 2.07811538 , 5.33532414 , 5.37212924 , 5.70682706 , 0.037750476 , 0.0175271502 , -0.0410266974 , 3088.18734 , -3281.10775 , -3375.35599 , 2958.77377 , 13616.1486 , -114.607663 , -7334.92218 , 8544.78133 , 7609.32369
0.000288 , 17429.8 , 0.580992 , 3e+22 , 557.503 , -2561.1 , -228.744 , 0.388085 , 0.383435 , 0.390426 , 0.00298894808 , -0.0226864401 , 2.10415502 , 5.50592757 , 5.54072392 , 5.85885299 , 0.0328611585 , 0.0119177244 , -0.0428818807 , 5930.99127 , 3494.53284 , 1470.57954 , -32.2018086 , 13324.6831 , 4776.72513 , 663.607185 , -5123.14186 , -1864.55425
0.000296 , 17588.6 , 0.586286 , 3e+22 , -442.757 , -1165.91 , -1074.67 , 0.391251 , 0.389543 , 0.391763 , 0.0041012039 , -0.0209889359 , 2.13214135 , 5.66407549 , 5.68391841 , 6.01376303 , 0.0318318718 , 0.00958777957 , -0.0365256653 , 11239.0214 , -8431.35598 , 3396.24914 , 4752.59401 , 6651.34783 , -1169.77207 , -1199.88337 , -1012.38681 , -3698.91382
0.000304 , 17757.7 , 0.591924 , 3e+22 , 794.782 , 662.363 , 1391.19 , 0.394667 , 0.395871 , 0.393294 , 0.00241613387 , -0.025304927 , 2.16166996 , 5.83674803 , 5.8354638 , 6.1822995 , 0.0323451495 , 0.0120612475 , -0.0458123298 , 8110.09858 , -3633.46288 , -1667.05393 , 7467.47974 , 5099.18493 , -3577.08689 , -1646.58785 , 3659.72044 , 6194.10894
0.000312 , 17902.5 , 0.59675 , 3e+22 , -163.772 , 34.7661 , 1415.51 , 0.396549 , 0.399138 , 0.397801 , 0.00424071267 , -0.0251317175 , 2.18855623 , 5.97872018 , 5.97420756 , 6.34485039 , 0.030700264 , 0.0223582312 , -0.045832662 , 8328.33413 , 4300.71545 , -862.576378 , -3583.96484 , 8360.47691 , -5288.3557 , -2568.51176 , -1189.95883 , -1250.68286
0.00032 , 18025.1 , 0.600836 , 3e+22 , -22.9393 , 839.04 , -3249.84 , 0.404489 , 0.397258 , 0.399861 , 0.00428009634 , -0.0244896641 , 2.21320481 , 6.12690436 , 6.16930555 , 6.49120238 , 0.03717584 , 0.0130312391 , -0.0370010184 , 9413.33809 , 1133.83986 , -5416.37051 , -6926.58069 , 7257.34326 , 6019.17727 , -2261.00918 , 5083.27276 , -10148.9724
0.000328 , 18130.8 , 0.60436 , 3e+22 , -2951.87 , 2097.08 , 2362.01 , 0.40859 , 0.398778 , 0.401245 , -0.000629527307 , -0.0237312451 , 2.23644087 , 6.27690803 , 6.32687715 , 6.64288304 , 0.0367842136 , -0.0040601062 , -0.0489084276 , 5071.64774 , -2621.28123 , -4191.0355 , 110.460247 , 11714.345 , 4969.85177 , -8790.59709 , 1992.04973 , 8794.4398
0.000336 , 18266 , 0.608867 , 3e+22 , -1129.24 , 1558.33 , -1608.27 , 0.411171 , 0.406319 , 0.400209 , -0.00210151302 , -0.0206611916 , 2.2636048 , 6.40978872 , 6.4995785 , 6.8093805 , 0.0474211074 , -0.00118347866 , -0.0395439819 , 7233.08397 , 7360.93555 , 3735.29435 , 4529.92946 , 9296.10253 , 5450.82228 , -2456.47325 , 5328.8831 , -6427.8399
0.000344 , 18385.6 , 0.612853 , 3e+22 , 1295.96 , 2343.27 , 665.95 , 0.410738 , 0.404424 , 0.4105 , -0.00299906759 , -0.0178963466 , 2.28894892 , 6.55830638 , 6.64513463 , 6.972426 , 0.0496738068 , -0.0033716559 , -0.0205918695 , -618.938457 , -6223.68661 , 1673.23349 , -6045.77902 , 2399.01666 , 4872.21057 , 4716.39109 , 5212.74418 , 1901.10344
0.000352 , 18513.8 , 0.617127 , 3e+22 , 1920.03 , 111.275 , 1736.8 , 0.414685 , 0.409037 , 0.410495 , -0.00104782607 , -0.0150962426 , 2.31489654 , 6.69811853 , 6.78839053 , 7.13346801 , 0.0544645674 , 0.000525867277 , -0.0151279934 , 11007.5197 , 3113.43236 , -314.886089 , 190.361466 , 4156.02732 , -2891.11962 , 8999.77229 , 2481.53724 , 7635.51438
0.00036 , 18669.9 , 0.62233 , 3e+22 , -1537.28 , -83.1934 , 2311.2 , 0.410125 , 0.417952 , 0.41654 , 0.00288367867 , -0.00994768397 , 2.34456217 , 6.85257082 , 6.95407852 , 7.30556531 , 0.0439083982 , 0.0103907482 , 0.00212780641 , -4526.8869 , 2344.64935 , -3161.86943 , -5158.58631 , 6051.51742 , 1621.48718 , -5689.22178 , 111.904081 , 2526.41599
0.000368 , 18810.1 , 0.627002 , 3e+22 , -325.058 , -669.103 , 395.1 , 0.41696 , 0.41566 , 0.421381 , -0.0031206073 , -0.0125971956 , 2.37255235 , 6.98507883 , 7.08887445 , 7.48107063 , 0.0395223859 , -0.0103385784 , -0.00430724569 , 1222.5772 , -8079.44471 , 1989.56458 , 1356.88583 , 14199.5331 , -4338.26597 , -541.413715 , -4410.57109 , 335.636991
0.000376 , 18933.1 , 0.631103 , 3e+22 , 334.284 , 2201.3 , 1028.15 , 0.423293 , 0.417995 , 0.420884 , -0.00425043149 , -0.0113749511 , 2.39890532 , 7.12145111 , 7.25208659 , 7.6442606 , 0.0393227654 , -0.0102579098 , -0.00655500001 , 15843.6318 , 2541.4504 , -10030.6708 , -274.74119 , 14527.748 , -4224.68397 , 1585.79653 , 4282.77665 , 2297.02374
0.000384 , 19050.3 , 0.635011 , 3e+22 , -1166.42 , -1975.2 , 433.814 , 0.421513 , 0.425016 , 0.423462 , -0.0108290453 , -0.00752854205 , 2.42444372 , 7.27562057 , 7.39352053 , 7.8154062 , 0.0336213393 , -0.0192812759 , -0.0177373278 , 15581.9346 , 1595.12267 , -2885.44117 , 676.056009 , 7772.71852 , -5506.42456 , -3116.82556 , -6530.06765 , 2226.21041
0.000392 , 19170.6 , 0.63902 , 3e+22 , -759.218 , -538.718 , 1220.84 , 0.424805 , 0.426545 , 0.426678 , -0.00986003305 , -0.00743642863 , 2.45072404 , 7.45073045 , 7.55112383 , 7.98284839 , 0.0330325115 , -0.0112495993 , -0.00710246019 , 5639.92574 , -806.777263 , 1539.05366 , 1491.88768 , 53.9347615 , -1227.25685 , 545.568884 , -98.2544304 , 2865.10569
0.0004 , 19292.5 , 0.643085 , 3e+22 , 1082.72 , 2836.73 , -1544.01 , 0.429682 , 0.427929 , 0.428492 , -0.00815009884 , -0.00928698566 , 2.47815185 , 7.59972153 , 7.71294328 , 8.15789131 , 0.0196029726 , -0.00404783663 , -0.0105209618 , 14072.3024 , -9406.85786 , -2655.36645 , -779.247566 , 9117.76782 , 3210.86942 , -2197.28945 , 11251.998 , -4581.57553
0.000408 , 19410 , 0.646999 , 3e+22 , 1304.58 , 635.529 , 3388.42 , 0.42888 , 0.433192 , 0.43185 , -0.00588945917 , -0.00666530606 , 2.50485387 , 7.75591185 , 7.86068519 , 8.33406907 , 0.0286298829 , 0.00250864462 , 0.00855237297 , 4208.01945 , -2323.9674 , -7482.77943 , 3482.0266 , 13111.745 , 478.028203 , 2821.91298 , 6374.78695 , 12114.6197
0.000416 , 19522.7 , 0.650757 , 3e+22 , 782.603 , -1925.63 , -166.361 , 0.436577 , 0.432645 , 0.432266 , -0.0102740966 , -0.00852324147 , 2.5309253 , 7.91667204 , 8.02943674 , 8.51025446 , 0.0265260929 , -0.0135723168 , 0.00905151527 , 2583.46695 , -4846.02646 , 1949.14903 , -5219.13835 , 17190.6869 , 2315.84596 , 2384.67887 , -7014.24041 , -6109.03518
0.000424 , 19599.3 , 0.653309 , 3e+22 , 212.501 , -0.504268 , -1281.28 , 0.434538 , 0.438005 , 0.434064 , -0.00976628174 , -0.00723478604 , 2.55321663 , 8.05124163 , 8.19333809 , 8.6703292 , 0.0330108604 , -0.000817472003 , 0.0123583632 , 14023.9896 , 2710.27842 , 3084.99152 , 1055.5457 , 4103.98731 , 136.694187 , 897.269994 , -452.136373 , -5089.3663
0.000432 , 19641.3 , 0.654711 , 3e+22 , -401.24 , -1703.89 , 1221.77 , 0.436612 , 0.436179 , 0.436605 , -0.0115390122 , -0.00252188362 , 2.57225137 , 8.20609134 , 8.34520611 , 8.81832875 , 0.0253041015 , -0.00161742802 , 0.0282443856 , -5890.39564 , 3904.98083 , -8633.80877 , 5342.06715 , 3638.5992 , 6146.45516 , -979.480995 , -5984.48986 , 8358.00036
0.00044 , 19777.9 , 0.659263 , 3e+22 , -943.304 , -268.321 , -4034.57 , 0.438615 , 0.441617 , 0.438197 , -0.0111957856 , -0.00398362898 , 2.60198468 , 8.33884867 , 8.49163055 , 9.01349543 , 0.0251198896 , -0.00144904527 , 0.0313121765 , 9500.40499 , 436.314572 , -8867.18247 , 4649.22538 , 6463.98893 , -1210.43737 , -724.085201 , -2076.90002 , -17766.1413
0.000448 , 19819.9 , 0.660663 , 3e+22 , -1465.5 , -791.19 , 2762.81 , 0.441897 , 0.440826 , 0.438545 , -0.00780377635 , -0.00063025298 , 2.62143926 , 8.47370567 , 8.6488197 , 9.15947386 , 0.0259631487 , 0.00669739189 , 0.0281582963 , -610.76228 , -11462.0548 , -440.750843 , -412.688981 , 4232.46108 , 759.651453 , -5532.51369 , -3093.81927 , 14092.9961
0.000456 , 19880.2 , 0.662674 , 3e+22 , -951.385 , -986.794 , 3499.09 , 0.445524 , 0.438917 , 0.440826 , -0.00860710228 , 0.000807254723 , 2.64315369 , 8.60809282 , 8.80901928 , 9.32330629 , 0.0224302102 , 0.000808549788 , 0.0410751518 , 10759.1629 , 3476.46091 , 1695.14877 , 2925.71316 , -2511.98759 , 3455.45015 , -742.584342 , -5892.82916 , 12082.8045
0.000464 , 19974 , 0.665799 , 3e+22 , -577.36 , 1204.41 , 747.325 , 0.446646 , 0.439283 , 0.445654 , -0.00618307701 , 0.00209090392 , 2.6682721 , 8.75731059 , 8.93883605 , 9.48879781 , 0.0317170826 , 0.0141392213 , 0.0435363 , 4352.2898 , -2741.66724 , -9145.48604 , -1206.88923 , 5313.10357 , -3263.3028 , -6768.30617 , 2964.41378 , 962.438639
0.000472 , 20016.8 , 0.667227 , 3e+22 , 2284.18 , 952.197 , 2228.4 , 0.445483 , 0.443126 , 0.445782 , -0.00422001913 , 0.0008901075 , 2.68792197 , 8.90823942 , 9.07193994 , 9.63513385 , 0.0378901058 , 0.0224708571 , 0.0352221771 , -756.00963 , 6843.73814 , 1730.77618 , 46.6766899 , 8026.81888 , -1645.00532 , 9369.43797 , 2702.64206 , 5764.44438
0.00048 , 20105.5 , 0.670185 , 3e+22 , 622.846 , 215.477 , 1465.55 , 0.450427 , 0.44646 , 0.443468 , -0.00298649468 , 0.00232190622 , 2.71322301 , 9.03522552 , 9.21841217 , 9.82366109 , 0.04494693 , 0.0243007515 , 0.0379212327 , 4858.33283 , 5973.6122 , -774.583914 , -128.166961 , 10196.9949 , 5175.36956 , 2454.90631 , -1449.0535 , 2036.9847
0.000488 , 20182.2 , 0.672741 , 3e+22 , -486.795 , 2690.39 , 637.565 , 0.448499 , 0.448954 , 0.447984 , -0.00698068039 , 0.00280687772 , 2.73729967 , 9.20020326 , 9.36894935 , 10.0007521 , 0.0408454291 , -0.000185841226 , 0.0320105253 , 7322.84851 , -5546.84249 , -1349.99919 , -2425.4508 , 5800.9491 , 4099.12419 , -842.182475 , 12414.9026 , 4889.96104
0.000496 , 20287.8 , 0.676261 , 3e+22 , -231.699 , 3972.55 , -1089.72 , 0.449849 , 0.453035 , 0.449542 , -0.00833459635 , 0.0071546185 , 2.76390845 , 9.34110462 , 9.49238938 , 10.188145 , 0.0529514682 , -0.00851373965 , 0.0316927946 , -892.615627 , 2787.51511 , -245.573017 , 1117.98442 , 14773.7671 , -211.679861 , -4223.3339 , 9262.79666 , -4932.94218
0.000504 , 20370.6 , 0.67902 , 3e+22 , 474.744 , -2032.96 , 191.459 , 0.452734 , 0.454095 , 0.451187 , -0.00978433787 , 0.0068659873 , 2.78909032 , 9.48242296 , 9.64808399 , 10.3715336 , 0.0628115442 , -0.00334507447 , 0.0447331744 , 6054.88694 , 1986.17683 , 6420.64956 , -135.449141 , 14443.7653 , 4755.17087 , 4969.34958 , -10042.6229 , 2427.7702
0.000512 , 20429.3 , 0.680977 , 3e+22 , -2495.9 , 1187.41 , -484.973 , 0.450484 , 0.456867 , 0.454557 , -0.00759530479 , 0.00426096397 , 2.81189415 , 9.63810437 , 9.78150187 , 10.5355559 , 0.0608022757 , 0.0120581774 , 0.0319335765 , 5434.88278 , -3211.98708 , 1855.88001 , 114.474807 , 1676.1577 , -1421.87961 , -8591.36529 , 3012.64051 , -3730.39396
0.00052 , 20515.9 , 0.683862 , 3e+22 , -227.485 , 662.947 , 2730.26 , 0.455991 , 0.456847 , 0.454841 , -0.00828527354 , 0.00640287233 , 2.83736052 , 9.77432117 , 9.95158249 , 10.7166664 , 0.0727530911 , 0.00525044479 , 0.0379531284 , 4316.4376 , -3911.64502 , 1585.28677 , -13700.4445 , 13032.4216 , 1000.29253 , 5547.63102 , -3358.56964 , 10960.6426
0.000528 , 20559.2 , 0.685307 , 3e+22 , -2520.4 , -570.669 , -1296.53 , 0.455803 , 0.459736 , 0.455028 , -0.00791557346 , 0.00421613844 , 2.8583801 , 9.90688051 , 10.1102187 , 10.8846486 , 0.0776676407 , 0.00368727599 , 0.0376931075 , 3554.92292 , -2579.88041 , -436.575517 , 3653.93031 , 7138.71024 , 1995.78513 , -11033.8509 , 942.469524 , -5112.31939
0.000536 , 20595.6 , 0.686521 , 3e+22 , 1431.36 , 546.037 , 3606.34 , 0.462017 , 0.456063 , 0.454874 , -0.00876450089 , 0.00185327387 , 2.87878552 , 10.0678685 , 10.2818737 , 11.0502337 , 0.0606580637 , 0.0061144711 , 0.0403288459 , 12176.9583 , -3973.36588 , 2735.63023 , 1895.77278 , 10094.4891 , 6500.75983 , 5484.4478 , 2502.20485 , 13554.2752
0.000544 , 20646.5 , 0.688217 , 3e+22 , -511.867 , 1205.3 , 1096.85 , 0.457679 , 0.460435 , 0.458303 , -0.011917748 , 0.00282637686 , 2.90124404 , 10.2006947 , 10.4365426 , 11.2295286 , 0.0539059828 , 0.00298465878 , 0.0500672154 , -1536.707 , -480.774055 , -6936.31074 , 2578.76694 , 6710.23094 , 1277.95265 , 6130.38886 , 4017.21859 , 7225.9168
0.000552 , 20692.1 , 0.689736 , 3e+22 , -1194.28 , 192.907 , 1591.09 , 0.463397 , 0.457911 , 0.458141 , -0.0101368244 , 0.00665963819 , 2.92260909 , 10.3488059 , 10.5735808 , 11.3915214 , 0.0425667887 , 0.0144585692 , 0.0455507508 , 3256.93322 , -4006.90795 , 5151.32244 , 13435.3815 , 3581.16381 , -6295.98468 , -962.268734 , -802.004439 , 4689.2881
0.00056 , 20741.4 , 0.691381 , 3e+22 , 1797.63 , 1043.34 , 9.91356 , 0.461649 , 0.456313 , 0.464775 , -0.00835603207 , 0.00373321911 , 2.94516882 , 10.4870432 , 10.7148603 , 11.5614624 , 0.0463906136 , 0.0239808464 , 0.0393071637 , 8302.43446 , -1430.70887 , -353.853982 , 2689.37668 , 3946.89905 , -947.373879 , 1884.71512 , 7321.53369 , 227.831042
0.000568 , 20778.7 , 0.692624 , 3e+22 , 951.638 , -392.926 , 723.013 , 0.460444 , 0.459689 , 0.465107 , -0.0122113104 , 0.00336818643 , 2.96548666 , 10.6332197 , 10.8604771 , 11.7295364 , 0.0497615145 , 0.00603624548 , 0.0189685689 , 2756.821 , -8831.37612 , 2625.54594 , -10706.0129 , -3336.79531 , 86.6169212 , 4173.35949 , 2515.65018 , 4102.66394
0.000576 , 20825 , 0.694167 , 3e+22 , -289.908 , 780.623 , -1049.37 , 0.464322 , 0.465693 , 0.458309 , -0.0112102662 , 0.000545261336 , 2.98670787 , 10.789765 , 11.0225325 , 11.896194 , 0.0569867652 , 0.0069146224 , 0.00722185708 , 8130.02085 , -495.779541 , 6851.53505 , 2499.34945 , 14216.2549 , 4665.99091 , -4932.81129 , 6645.2439 , -6587.45894
0.000584 , 20851.7 , 0.695057 , 3e+22 , -1553.83 , -2110.5 , 3365.4 , 0.464537 , 0.464587 , 0.460886 , -0.0123803405 , 0.000819652407 , 3.00652473 , 10.9301693 , 11.1756303 , 12.0476478 , 0.0402854447 , 0.00654648932 , 0.0148794173 , 7007.38218 , 5730.83192 , 2703.00107 , -4855.92791 , -3888.49554 , -10875.1328 , -3911.52906 , -4552.51479 , 4845.82822
0.000592 , 20892.2 , 0.696406 , 3e+22 , 1316.7 , 198.675 , -1223.55 , 0.46777 , 0.458409 , 0.466615 , -0.0125366957 , -0.000990229782 , 3.02803825 , 11.079517 , 11.3024549 , 12.2229624 , 0.0368283675 , 0.00303674149 , 0.00741407936 , 9405.41128 , -2533.61909 , 632.427886 , -3982.26844 , 5033.41767 , -11493.5189 , -676.08118 , 3221.29455 , -1743.42048
0.0006 , 20932.3 , 0.697743 , 3e+22 , -761.532 , 2003.87 , 1538.9 , 0.467988 , 0.466786 , 0.460672 , -0.00983754133 , -0.00327008129 , 3.04937911 , 11.2281798 , 11.4475356 , 12.3926488 , 0.0274768034 , 0.02039049 , -0.000358687048 , 1182.99074 , -1196.7743 , -1470.59018 , 2681.7839 , 4965.57565 , -5490.08688 , -2702.75406 , 5179.0351 , 4439.65733
0.000608 , 20958.9 , 0.698631 , 3e+22 , 977.586 , -475.118 , 738.674 , 0.465849 , 0.467893 , 0.46351 , -0.00839907646 , -0.001768771 , 3.06916897 , 11.3667395 , 11.6104309 , 12.5544348 , 0.0175762739 , 0.0224376852 , 0.00191436748 , 14859.9863 , 2931.06142 , -2693.34277 , 6753.84353 , 10667.3309 , -3592.15574 , 4390.98394 , -3277.65131 , 4871.90956
0.000616 , 21002.9 , 0.700097 , 3e+22 , -427.716 , -366.999 , -84.6597 , 0.46632 , 0.466607 , 0.467266 , -0.00793904745 , -0.000259590891 , 3.09093007 , 11.5439086 , 11.7609153 , 12.7381991 , 0.0304006144 , 0.0150765515 , 0.0179560158 , 4663.58483 , -2103.44992 , 932.964692 , 2587.26679 , -395.554988 , 8868.57714 , -3490.40947 , -2526.16534 , -1165.76655
0.000624 , 21037.1 , 0.701235 , 3e+22 , 216.033 , -595.052 , 2076.96 , 0.461168 , 0.466588 , 0.474687 , -0.0112632675 , 0.000814637424 , 3.11238039 , 11.6738847 , 11.8792198 , 12.9197434 , 0.0230621496 , 0.0090848208 , 0.00592091213 , 4526.0864 , 878.040138 , 5728.04427 , 2330.07214 , -864.279491 , -1376.55407 , -523.407314 , -3397.33168 , 8722.18821
0.000632 , 21111.8 , 0.703725 , 3e+22 , 18.6319 , -276.287 , 1083.18 , 0.468726 , 0.466037 , 0.472681 , -0.0110670283 , -0.00312473298 , 3.13796698 , 11.8165839 , 12.0344862 , 13.128813 , 0.0158757099 , 0.0146242526 , -0.0125983851 , 2512.89432 , -3625.25511 , -2008.81995 , -6914.53261 , 5179.07996 , 4577.96262 , -3738.8213 , 763.166741 , -4704.05216
0.00064 , 21170.2 , 0.705675 , 3e+22 , -1390.36 , -1342.61 , 2712.92 , 0.47363 , 0.471872 , 0.465785 , -0.00868463769 , -0.00351285639 , 3.16138784 , 11.9600081 , 12.1640073 , 13.3118321 , 0.0156961766 , 0.0139601241 , -0.00397740554 , 4575.17982 , -1863.57718 , -1881.42673 , -2073.18645 , 16539.4249 , 2234.22563 , -9067.37098 , -3474.9693 , 9686.24565
0.000648 , 21200.7 , 0.706689 , 3e+22 , -1775.34 , 2451.28 , 2278.16 , 0.468472 , 0.468485 , 0.476339 , -0.00853440995 , 0.000232851286 , 3.18248798 , 12.1060412 , 12.3235454 , 13.5015873 , 0.0302200397 , 0.0141031171 , -0.0104716272 , 1419.49841 , -1098.17341 , 1443.39801 , 4421.32858 , 9935.7179 , 5328.27496 , -6392.8258 , 13432.9447 , 6054.48151
0.000656 , 21203.8 , 0.706792 , 3e+22 , -1882.23 , 152.924 , 162.286 , 0.473649 , 0.470813 , 0.469102 , -0.00755936793 , 0.000423793482 , 3.20036259 , 12.2513857 , 12.4553217 , 13.6699839 , 0.042990885 , 0.00234320304 , -0.00197720695 , 5580.94889 , -11584.2083 , 2796.95116 , -3809.67819 , 244.505277 , -9229.75048 , -8542.66325 , -1392.92982 , -3135.96838
0.000664 , 21246.8 , 0.708226 , 3e+22 , -1770.3 , -2985.8 , -735.096 , 0.474757 , 0.471676 , 0.469947 , -0.00764965799 , -0.000805561375 , 3.22230743 , 12.3543153 , 12.6096132 , 13.8442776 , 0.0338435505 , 0.00715968929 , -0.0152641719 , -1549.85579 , -10361.8623 , -7191.05316 , -14196.7576 , -3352.98807 , 149.9405 , -11018.3163 , -10970.5507 , -6616.88255
0.000672 , 21282.5 , 0.709415 , 3e+22 , 1328.97 , -388.528 , -1711.86 , 0.47046 , 0.475494 , 0.47285 , -0.00476461297 , -0.00323692614 , 3.24365589 , 12.4651737 , 12.7492222 , 14.0188404 , 0.0353497207 , -0.00525262427 , -0.0209490218 , 14068.2411 , -8409.27934 , -2676.71091 , 5234.5364 , 8554.73112 , 3463.98172 , 4209.72446 , -3617.86324 , -11145.7817
0.00068 , 21308.1 , 0.71027 , 3e+22 , 1136.48 , -1373.96 , 21.6752 , 0.469435 , 0.476809 , 0.474277 , -0.00709511844 , -0.00221066255 , 3.26430838 , 12.603929 , 12.9006619 , 14.2032793 , 0.0279915225 , 0.00332778579 , -0.0126858452 , 2196.3112 , 3581.48908 , -1164.85142 , 6596.41398 , 3794.26145 , 10238.7247 , 3688.01144 , -7193.34751 , -2289.79308
0.000688 , 21344 , 0.711468 , 3e+22 , -59.2526 , 1037.59 , -584.863 , 0.472974 , 0.474399 , 0.475555 , -0.0107060962 , -0.0032422537 , 3.28626294 , 12.7353792 , 13.0422261 , 14.4007843 , 0.0215075164 , 0.00520830208 , -0.00734329214 , 7118.02547 , -549.596362 , 4841.05772 , 2877.36735 , 15326.8866 , -8471.86722 , 2533.82191 , -5641.63566 , -5907.12079
0.000696 , 21382.1 , 0.712735 , 3e+22 , 225.58 , -746.629 , 2375.61 , 0.475884 , 0.473489 , 0.476062 , -0.0124527393 , -0.00309430151 , 3.30840848 , 12.9074513 , 13.1913438 , 14.5818507 , 0.0185184659 , -0.00698997614 , -0.0122912031 , 6894.24647 , 5549.99679 , -5000.81939 , -7606.20437 , -698.423459 , -5688.76667 , -871.545001 , -5725.00126 , 6360.40733
0.000704 , 21448.7 , 0.714956 , 3e+22 , -1840.7 , -171.737 , -100.7 , 0.475306 , 0.478368 , 0.476217 , -0.0126458967 , -0.00391298839 , 3.33388194 , 13.0730695 , 13.3460695 , 14.7920983 , 0.0202570925 , 0.00237653966 , -0.0246551286 , 685.558946 , -6198.75132 , 7094.56848 , -211.871521 , 5965.06579 , -4596.66002 , -2033.75281 , 1557.84411 , -4542.24713
0.000712 , 21455.5 , 0.715183 , 3e+22 , 1034.83 , -2169.28 , 202.712 , 0.472181 , 0.482245 , 0.475907 , -0.0134184379 , -0.00324032126 , 3.35292068 , 13.2182395 , 13.4858454 , 14.9543281 , 0.0189081949 , -0.0041757695 , -0.0137738384 , 7910.23084 , 467.847481 , -1325.96217 , 945.431165 , 4582.33092 , -4807.06056 , 6531.09352 , -9911.17446 , 1962.66285
0.00072 , 21488.3 , 0.716276 , 3e+22 , 455.432 , 226.824 , 3366.76 , 0.481666 , 0.475122 , 0.475699 , -0.0158226802 , -0.00507876962 , 3.37497725 , 13.3561101 , 13.6070306 , 15.1404552 , 0.00803654117 , -0.010749055 , -0.0117093487 , 2986.07662 , -9487.44832 , 4292.25431 , -2555.07337 , 9227.81915 , -4950.62492 , 1899.39858 , 6177.05423 , 10161.1838
0.000728 , 21549.5 , 0.718317 , 3e+22 , 793.452 , 497.981 , 25.4312 , 0.480163 , 0.480851 , 0.475616 , -0.016009002 , -0.0019923629 , 3.39969315 , 13.503197 , 13.7632955 , 15.3513478 , 0.00746172269 , -0.0240421258 , -0.0177721117 , 14101.136 , 1440.30731 , 5932.3752 , -6651.21887 , 8174.10738 , -3356.61441 , 3387.68633 , 3323.21786 , 5919.55038
0.000736 , 21601.5 , 0.720051 , 3e+22 , 2189.26 , -596.408 , -126.276 , 0.476974 , 0.479626 , 0.483472 , -0.0178901769 , -0.00642135447 , 3.42338111 , 13.6593805 , 13.9456164 , 15.5539737 , -0.00227841834 , -0.0380024144 , -0.0237732316 , 4930.75462 , 2175.80745 , 11106.4914 , -8711.00185 , 12406.8703 , -10386.9792 , 6086.57259 , -4658.53455 , -210.472335
0.000744 , 21667.5 , 0.722249 , 3e+22 , 2292.35 , 1214.36 , 1251.22 , 0.478662 , 0.481984 , 0.483805 , -0.00876972137 , -0.00824775449 , 3.44894224 , 13.7611458 , 14.1078314 , 15.781432 , -0.018432053 , -0.0189606096 , -0.0289395508 , 13028.7055 , -509.584184 , -10501.975 , -5627.52891 , 6396.37137 , 1154.28417 , 12765.2079 , 8988.86145 , 1451.33955
0.000752 , 21710.8 , 0.723693 , 3e+22 , 753.261 , -2013.81 , -2555.74 , 0.483904 , 0.479647 , 0.483771 , -0.00732742454 , -0.00582207787 , 3.47250634 , 13.9064295 , 14.2503272 , 15.9811177 , -0.0296509841 , -0.0228620086 , -0.0229342872 , -2123.56696 , 3033.44084 , -5228.0239 , 2095.03375 , -5196.16762 , 5477.34687 , 1318.60234 , -14395.3279 , -18305.2169
0.00076 , 21733.1 , 0.724436 , 3e+22 , -1168.25 , 977.08 , 1468.75 , 0.481734 , 0.483036 , 0.484077 , -0.00894412711 , -0.00371331772 , 3.49339764 , 14.03457 , 14.3806363 , 16.1629081 , -0.0425048056 , -0.0174603429 , -0.0320412911 , 455.937503 , 3673.59157 , 6747.33691 , -1229.38742 , -1074.20286 , 14375.4305 , -9482.42504 , 6741.94624 , -2297.04056
0.000768 , 21749.1 , 0.724971 , 3e+22 , -2441.81 , -2550.33 , -126.572 , 0.486056 , 0.481036 , 0.48278 , -0.0116028269 , -0.00966654367 , 3.51305706 , 14.1768016 , 14.5436881 , 16.3421753 , -0.0191212266 , -0.00896863671 , -0.0601460399 , 17615.7132 , -11062.501 , -4467.17913 , 9635.86453 , 23224.4312 , 3074.42703 , -2136.11117 , -16376.9304 , -1663.63769
0.000776 , 21776.5 , 0.725882 , 3e+22 , -79.4333 , 2458.53 , -1616.79 , 0.48362 , 0.482441 , 0.485653 , -0.0149437442 , -0.00813142722 , 3.53411085 , 14.3486956 , 14.6874315 , 16.5270586 , -0.0178064559 , -0.0178314491 , -0.0347840243 , 1825.00944 , -6430.52782 , 592.030181 , -8208.37771 , 18295.2612 , -2480.43423 , 3627.92311 , 10232.2022 , -9489.92525
0.000784 , 21767.8 , 0.725592 , 3e+22 , -1260.52 , 1874.84 , 880.291 , 0.484138 , 0.484878 , 0.482135 , -0.0152254018 , -0.00461782172 , 3.55231991 , 14.4879506 , 14.8310465 , 16.6991692 , -0.0400523589 , -0.0216604516 , -0.0294902544 , -2766.17587 , -5978.23084 , 1189.25068 , -3716.3256 , 13448.9309 , -5240.29205 , -6624.65426 , 4957.7971 , 159.069329
0.000792 , 21798.4 , 0.726612 , 3e+22 , 1051.69 , 1643.61 , 1239.37 , 0.482347 , 0.481723 , 0.489125 , -0.0140089306 , -0.00592851476 , 3.57445688 , 14.6519452 , 14.9773977 , 16.8960732 , -0.0525466476 , -0.0108420079 , -0.02201643 , 10585.4649 , -10417.1695 , 8509.92029 , -5087.5986 , -6124.31071 , -4303.89677 , 5320.53215 , 8815.14715 , 1361.73815
0.0008 , 21842.2 , 0.728073 , 3e+22 , -584.186 , -1725.66 , 583.66 , 0.48744 , 0.485654 , 0.483032 , -0.0132208178 , -0.00659833746 , 3.59812757 , 14.7965611 , 15.1245768 , 17.1191107 , -0.0583712078 , -0.00351033985 , -0.0172260285 , 10876.2465 , 5781.20989 , -1361.82193 , 14159.4572 , 7529.69849 , -15844.6475 , -1035.65044 , -6890.90552 , -1731.68651
0.000808 , 21861.7 , 0.728724 , 3e+22 , 2375.59 , 944.319 , -1604.22 , 0.486249 , 0.481787 , 0.489361 , -0.0123168436 , -0.00952690679 , 3.61879499 , 14.9289651 , 15.2808648 , 17.2967647 , -0.0562763837 , -0.0181282597 , -0.0356426355 , -1922.92674 , 8027.14614 , -2542.78578 , 193.657741 , -3375.16726 , -7912.84378 , 11184.0027 , 4629.23051 , -15331.2181
0.000816 , 21879 , 0.7293 , 3e+22 , 1875.29 , -1265.99 , 1853.23 , 0.490268 , 0.485293 , 0.482991 , -0.0106321301 , -0.0094773657 , 3.63983328 , 15.0753772 , 15.4205856 , 17.5118281 , -0.0580211343 , -0.00370230414 , -0.055057895 , 1227.20922 , 1498.00168 , 1950.8597 , 1515.8065 , -2654.67027 , -6536.21102 , 3428.61905 , -3571.11053 , 15183.8275
0.000824 , 21902.8 , 0.730092 , 3e+22 , 1392.17 , -1302.91 , 2920.38 , 0.487671 , 0.485515 , 0.486929 , -0.0129932083 , -0.00696379779 , 3.66070553 , 15.1991599 , 15.5666802 , 17.7065774 , -0.0772447893 , -0.00719108219 , -0.0563766781 , 6404.52756 , 13.1535476 , 10901.8624 , 4706.67682 , 5055.61651 , -8600.87094 , 13194.3296 , -8686.90962 , 13507.1946
0.000832 , 21933.3 , 0.731109 , 3e+22 , -279.101 , -1512.58 , -575.537 , 0.4872 , 0.48892 , 0.486082 , -0.0124152951 , -0.00628644063 , 3.68277575 , 15.3306997 , 15.7186918 , 17.9141644 , -0.0776669025 , -0.00292515034 , -0.0466012371 , 6560.9456 , 6008.75137 , 4466.74915 , -8885.62119 , 328.992655 , -4082.38635 , -5092.51402 , -4675.33558 , 678.83775
0.00084 , 21950.2 , 0.731672 , 3e+22 , 897.861 , 1160 , 394.838 , 0.491874 , 0.486361 , 0.485095 , -0.0122673391 , -0.00680087461 , 3.70332079 , 15.4661899 , 15.8412292 , 18.1141645 , -0.0820589512 , 0.0021996683 , -0.0422073353 , 7759.86461 , -1895.94618 , -4721.95964 , -11043.7283 , 540.052166 , 1422.4426 , 2607.27453 , 7241.93993 , -645.655663
0.000848 , 21954.7 , 0.731824 , 3e+22 , -2068.29 , -2531.8 , 2789.45 , 0.484091 , 0.486614 , 0.492838 , -0.012921653 , -0.00734954255 , 3.72313619 , 15.6236507 , 15.9883252 , 18.3103206 , -0.105715145 , -0.0102809833 , -0.0424074065 , 6794.00415 , 2063.63003 , 3822.87704 , -11366.8699 , 5956.99121 , 2917.68674 , -4072.02634 , -15795.7952 , 12997.1099
0.000856 , 21970.8 , 0.732359 , 3e+22 , -1646.5 , 1708.01 , 1964.38 , 0.489715 , 0.481434 , 0.493516 , -0.0131673986 , -0.00599175924 , 3.74386185 , 15.7659778 , 16.1157875 , 18.5190046 , -0.123739031 , 0.00169646675 , -0.0298521126 , -2372.81007 , 7419.55466 , -6499.48205 , -5473.88857 , 5044.98081 , -9169.56169 , -5143.83916 , 5149.53175 , 13485.7924
0.000864 , 21993.7 , 0.733124 , 3e+22 , -409.028 , 2437 , 57.6923 , 0.485919 , 0.491192 , 0.489102 , -0.0138943762 , -0.00602274513 , 3.76509529 , 15.912053 , 16.2657983 , 18.7394175 , -0.127228078 , 0.00119242227 , -0.0133458743 , 3697.28768 , -5294.61456 , 501.724123 , 4623.51227 , 9008.00526 , -3043.8894 , -4463.8671 , 10511.3511 , 1515.41033
0.000872 , 21988.8 , 0.732961 , 3e+22 , -196.117 , 2629.94 , 1653.11 , 0.485033 , 0.491206 , 0.489629 , -0.0173438003 , -0.00161409561 , 3.78388326 , 16.0647025 , 16.4016137 , 18.9260837 , -0.12453601 , -0.00064308512 , -0.0114523106 , -2071.56431 , -897.236185 , 3251.07509 , 9884.67747 , 4259.36087 , 7929.85697 , -2944.72178 , 12437.1923 , 8559.89809
0.00088 , 22002.1 , 0.733405 , 3e+22 , 1994.59 , -704.644 , 139.471 , 0.492049 , 0.485721 , 0.489014 , -0.0176771885 , -0.00406482202 , 3.80508944 , 16.2274079 , 16.5288103 , 19.1265762 , -0.112023649 , -0.0153954167 , -0.0193935339 , 7211.23983 , -8416.60431 , 5574.39064 , 2728.16254 , -10540.751 , 10877.4291 , 5768.71853 , 2547.89139 , -2411.19687
0.000888 , 21979.9 , 0.732662 , 3e+22 , -3338.14 , 820.852 , -991.585 , 0.489524 , 0.482483 , 0.493243 , -0.0145395368 , -0.00505248103 , 3.82190012 , 16.3774708 , 16.7121336 , 19.2946548 , -0.113172899 , 0.00114139697 , -0.00242211536 , 11540.6158 , 3620.62985 , -3692.42224 , 2664.16695 , 9488.46295 , -5154.13036 , -14032.4822 , 4557.57428 , -3359.0675
0.000896 , 21970.6 , 0.732353 , 3e+22 , 1668.54 , 708.429 , 644.343 , 0.48582 , 0.487759 , 0.491107 , -0.0149917177 , -0.00512903508 , 3.83959893 , 16.502417 , 16.8667232 , 19.4710015 , -0.0923326406 , -0.0115085804 , -0.0058713342 , 859.087923 , 534.187059 , -3302.94589 , 5414.34171 , -3187.51091 , -5196.11348 , 7003.08875 , 3951.61353 , -291.142562
0.000904 , 22007.6 , 0.733585 , 3e+22 , -319.28 , 284.106 , -1856.92 , 0.492681 , 0.48738 , 0.487089 , -0.0126347983 , -0.00436638569 , 3.8622705 , 16.6483749 , 16.9792904 , 19.6820471 , -0.0948349905 , -0.0185504149 , 0.00282986778 , 11119.5601 , 2906.63154 , 4851.57891 , 10384.6127 , 2466.33792 , -1272.35701 , -4394.27145 , 316.380008 , -7076.13988
0.000912 , 22020.3 , 0.734011 , 3e+22 , 2825.21 , 3891.8 , -263.78 , 0.490007 , 0.491558 , 0.486326 , -0.0150699267 , -0.00376783252 , 3.88268215 , 16.7760465 , 17.0919103 , 19.8848246 , -0.0808065331 , -0.0278599471 , -0.00365836474 , 22130.8212 , 12162.53 , 7105.63005 , 320.761309 , 167.546948 , -14820.6288 , 17271.3364 , 15931.8898 , -10084.5673
0.00092 , 22065.4 , 0.735513 , 3e+22 , -1040.91 , -4435.88 , 1181.95 , 0.491339 , 0.490905 , 0.488655 , -0.0151604864 , -0.000552402113 , 3.9066859 , 16.9331306 , 17.2240022 , 20.1025371 , -0.0721107677 , -0.0129456407 , 0.00584258104 , 11190.0639 , -661.611981 , -1657.5907 , 1202.44641 , 6547.49706 , 10687.0852 , -7276.37515 , -20536.4991 , 13096.9246
0.000928 , 22086 , 0.736201 , 3e+22 , 1731.89 , -1821.31 , 1047.01 , 0.486556 , 0.493058 , 0.492746 , -0.013764791 , 0.00159985823 , 3.92781191 , 17.0668544 , 17.388241 , 20.3132576 , -0.0867853414 , -0.00874627659 , 0.0127094435 , 20174.5504 , 6031.49347 , 8164.59564 , -1653.5641 , -4734.08313 , 5023.94053 , 6565.24836 , -5787.58971 , 2249.5095
0.000936 , 22106 , 0.736865 , 3e+22 , 269.276 , -1478.41 , 1852.23 , 0.491302 , 0.490532 , 0.491864 , -0.0132749153 , 0.000498912887 , 3.94895531 , 17.1984545 , 17.5089662 , 20.5164226 , -0.0961888796 , -0.0123172541 , 0.0237966447 , 18313.1334 , -6273.23472 , 7708.72182 , 14496.4155 , -11216.5301 , -9036.72568 , 2096.80761 , -1401.9759 , -51.6677962
0.000944 , 22113.7 , 0.737124 , 3e+22 , 1216.94 , 1195.4 , 1804.6 , 0.490511 , 0.489538 , 0.494164 , -0.0133761538 , -0.00232746122 , 3.96941539 , 17.3582884 , 17.641691 , 20.7183823 , -0.0958355098 , -0.0108495158 , 0.0163352622 , 24679.876 , -4170.89178 , 2187.92257 , 6453.64608 , 16952.5065 , -3256.73272 , 3606.64103 , 8410.44737 , 8312.06668
0.000952 , 22144.9 , 0.738162 , 3e+22 , 1768.16 , 1113.94 , 470.155 , 0.491795 , 0.495916 , 0.488588 , -0.0161616845 , -0.000970850501 , 3.9917108 , 17.4981058 , 17.8033487 , 20.9374309 , -0.10682538 , -0.00952683442 , 0.0267771365 , 11055.0258 , -3530.65761 , -7430.0968 , 557.789111 , 8551.91085 , 5116.815 , 10120.0123 , 6796.45605 , 325.291844
0.00096 , 22149.4 , 0.738314 , 3e+22 , -1851.5 , 1862.98 , 4378.97 , 0.489573 , 0.493959 , 0.492948 , -0.017209704 , -0.00249612689 , 4.01176029 , 17.6327564 , 17.9531545 , 21.1454071 , -0.0998503868 , -0.00915100673 , 0.0330773187 , -3937.18637 , 7085.54441 , -8308.67933 , -1044.72395 , 11447.2333 , -6587.76406 , -6853.46712 , 12939.2899 , 20634.7252
0.000968 , 22159.8 , 0.738661 , 3e+22 , -998.833 , -2366.23 , 4419.57 , 0.495213 , 0.492925 , 0.489037 , -0.0202580954 , 0.00120535418 , 4.03266083 , 17.771747 , 18.098573 , 21.3553428 , -0.116593202 , -0.0238899244 , 0.0347927685 , 10461.0726 , -4492.01283 , -2780.1249 , 899.492671 , 5699.46668 , -4295.81963 , 26.797999 , -5811.40925 , 20949.8063
0.000976 , 22184.3 , 0.739476 , 3e+22 , -205.28 , 1154.61 , 227.593 , 0.49467 , 0.495671 , 0.488603 , -0.0181294752 , -0.000640353306 , 4.05479854 , 17.9380175 , 18.2334684 , 21.5754893 , -0.108378614 , -0.0274067746 , 0.0429692436 , 9251.66068 , -10963.2889 , -8103.62822 , 10707.3286 , 8057.35093 , 1135.35731 , 237.284433 , 2430.91181 , 3507.85203
0.000984 , 22195.7 , 0.739857 , 3e+22 , 352.813 , 3012.57 , 3943.47 , 0.49165 , 0.496205 , 0.491719 , -0.0167395712 , 0.000123878441 , 4.07521972 , 18.0958068 , 18.4102136 , 21.7865669 , -0.0947712695 , -0.0293010778 , 0.0503940997 , -4499.73413 , 7303.05316 , -6854.69036 , 1161.12026 , 16876.7698 , -8723.60264 , 13714.6639 , 24013.3331 , 9994.45879
0.000992 , 22174.6 , 0.739154 , 3e+22 , 1025.36 , 1195.89 , 1588.44 , 0.488328 , 0.49864 , 0.491312 , -0.0136432621 , 0.00337644048 , 4.0930504 , 18.2250885 , 18.5531844 , 21.9814113 , -0.0940105433 , -0.0299518705 , 0.0766473629 , 8023.06527 , -21761.3552 , -3478.09151 , -2637.90564 , -4627.81065 , -3366.3538 , -1286.60605 , 3080.94905 , 6370.25036
0.001 , 22182.1 , 0.739402 , 3e+22 , 1066.43 , 2231.51 , -373.697 , 0.495706 , 0.491049 , 0.492013 , -0.0119540264 , -0.000170109363 , 4.11295237 , 18.374138 , 18.6842369 , 22.1820772 , -0.119685489 , -0.0285672791 , 0.0747572867 , 10212.3862 , 8215.23625 , 674.494862 , 9068.53159 , 9291.3998 , -2485.06792 , 9271.53633 , 12421.152 , -3365.66148
0.001008 , 22209.7 , 0.740323 , 3e+22 , 1570.07 , -1780.51 , 1588.15 , 0.495229 , 0.493516 , 0.491854 , -0.0121959619 , -0.00181340932 , 4.13501871 , 18.5423677 , 18.8190179 , 22.3826155 , -0.117532485 , -0.0404369051 , 0.0633866103 , -2698.61732 , 7112.24576 , -4459.98153 , -3930.08116 , -14838.1887 , 8809.44163 , 11490.9853 , -8179.65064 , 10353.3771
0.001016 , 22245.9 , 0.741532 , 3e+22 , 327.288 , -283.832 , 769.843 , 0.500735 , 0.49292 , 0.489404 , -0.0123186795 , -0.00404422132 , 4.15830816 , 18.7123066 , 18.953407 , 22.6418134 , -0.111908459 , -0.0415194273 , 0.0590899196 , 2377.51861 , -7313.448 , 1820.66121 , -7686.40694 , -6298.88978 , 576.994836 , -2134.42014 , 1467.13195 , 758.803017
0.001024 , 22234.2 , 0.741141 , 3e+22 , 2042.03 , -3042.21 , 4245.52 , 0.493126 , 0.495673 , 0.493303 , -0.0105366714 , -0.00478421725 , 4.17661522 , 18.8331388 , 19.0766038 , 22.8497178 , -0.106065672 , -0.0398234873 , 0.0761071863 , 1281.61658 , 4826.14855 , 4244.92467 , -1495.15652 , 808.83057 , 5569.84683 , 10218.998 , -17134.7941 , 18693.2279
0.001032 , 22263.4 , 0.742113 , 3e+22 , -321.62 , -2324.07 , 1768.94 , 0.497955 , 0.493707 , 0.492516 , -0.0109005695 , -0.00653410132 , 4.19929115 , 18.953137 , 19.2239883 , 23.0652635 , -0.110024773 , -0.0674781504 , 0.0313942753 , -3012.48814 , 8458.21441 , 8772.84797 , 5807.68969 , 5248.88589 , 3554.0401 , -989.442075 , -14043.7936 , 12341.0017
0.00104 , 22262.6 , 0.742087 , 3e+22 , -1097.26 , -497.243 , 931.681 , 0.495385 , 0.494831 , 0.493945 , -0.0074277884 , -0.00566774034 , 4.21831892 , 19.1024511 , 19.3608924 , 23.2710617 , -0.113502423 , -0.0401671842 , 0.0234051414 , 8956.55845 , -5791.20484 , -4150.25185 , -3862.99626 , 6081.02142 , -7996.56113 , 1769.5428 , -2543.16548 , 3377.14889
0.001048 , 22267.9 , 0.742264 , 3e+22 , -807.942 , -812.69 , 682.371 , 0.491988 , 0.494918 , 0.497613 , -0.00531200599 , -0.00598286655 , 4.23817441 , 19.2597432 , 19.51134 , 23.4881875 , -0.104199255 , -0.0290214081 , -0.0012083915 , 9809.42859 , -7979.54794 , -1525.00242 , -222.651503 , 3105.94645 , -8517.26514 , -2058.96842 , -4742.82794 , 7979.64544
0.001056 , 22272.8 , 0.742425 , 3e+22 , 529.674 , -707.522 , 1333.92 , 0.494429 , 0.494349 , 0.496057 , -0.00326161322 , -0.00743687062 , 4.25863394 , 19.4055196 , 19.6607971 , 23.7031118 , -0.105740754 , -0.0308227976 , -0.0268240189 , 17572.765 , -2096.71444 , -8078.37331 , 4164.13073 , 15285.9294 , -2362.21572 , 2494.95535 , -9363.73755 , 7001.44196
0.001064 , 22301 , 0.743367 , 3e+22 , 374.287 , -4057.65 , 1022.35 , 0.492986 , 0.49674 , 0.496907 , -0.00257391592 , -0.00644596723 , 4.28148087 , 19.5620903 , 19.7584737 , 23.9423341 , -0.111947903 , -0.0155018073 , -0.0186106476 , 1205.66686 , 12398.3391 , 5667.69771 , -3643.69297 , 12542.6953 , 12911.5492 , 693.320802 , -26212.5139 , 6092.69387
0.001072 , 22315.9 , 0.743865 , 3e+22 , 5.74961 , -864.212 , -241.09 , 0.499444 , 0.490618 , 0.497662 , -0.00325165919 , -0.00573938354 , 4.30280015 , 19.6824266 , 19.8819165 , 24.1710424 , -0.119030608 , -0.0157043465 , -0.0106757607 , 5612.48428 , -11907.5698 , 707.795879 , -2451.97972 , 9574.63772 , 15219.1675 , -272.365084 , -9247.27557 , -5806.59021
0.00108 , 22357.3 , 0.745244 , 3e+22 , -1517.09 , 1326.47 , -1972.74 , 0.501027 , 0.496963 , 0.492454 , -0.00171389711 , -0.00450083335 , 4.32700889 , 19.8363246 , 20.0337927 , 24.4221956 , -0.116313839 , 0.000464179602 , 0.00628580894 , -1458.10577 , 11981.2373 , -4170.79033 , -4199.00347 , 7986.61293 , -154.520559 , -8732.5916 , -690.696113 , -13226.1816
0.001088 , 22367.1 , 0.745569 , 3e+22 , 954.588 , -3994.29 , -1965.63 , 0.495697 , 0.4936 , 0.501724 , -0.00126673344 , -0.00479645649 , 4.34783979 , 19.9503124 , 20.1453085 , 24.6484182 , -0.123725784 , -0.0121909913 , 0.0225865816 , 12038.6838 , 1162.50057 , -13685.2144 , 2788.76447 , 24249.837 , 1830.58744 , 4429.12531 , -16696.2833 , -17529.5058
0.001096 , 22393.9 , 0.746463 , 3e+22 , -729.527 , 382.458 , -62.8229 , 0.498404 , 0.497551 , 0.496967 , -0.000674032378 , -0.0065932634 , 4.37014358 , 20.0609933 , 20.2758479 , 24.8792227 , -0.14042832 , -0.0149346856 , 0.00369092347 , -10504.7727 , -4137.18642 , -6366.02287 , -6279.80909 , 1878.89164 , 1750.51255 , 1344.49182 , -538.174213 , -2253.67286
0.001104 , 22417.9 , 0.747264 , 3e+22 , 1897.86 , 851.814 , -772.824 , 0.499424 , 0.498132 , 0.496944 , 0.0011956279 , -0.00441054431 , 4.39288279 , 20.2015862 , 20.402272 , 25.1237972 , -0.156182937 , 0.000378635157 , 0.018778505 , 6600.12276 , -2970.33564 , -7860.8677 , 6005.48947 , 13206.2911 , -11013.1818 , 14127.6716 , 2120.52623 , -11786.6571
0.001112 , 22425.8 , 0.747527 , 3e+22 , 1972.34 , 3686.38 , 1601.07 , 0.496365 , 0.500841 , 0.497735 , 0.00157845144 , -0.00381319313 , 4.41356373 , 20.3064728 , 20.5236222 , 25.3439262 , -0.173734159 , 0.00997946726 , 0.0150488619 , -9621.20666 , -5835.11939 , 1233.40063 , -1053.86169 , 13980.7717 , -13308.52 , 10657.7962 , 21368.2619 , -2361.28285
0.00112 , 22419.7 , 0.747323 , 3e+22 , -62.2706 , -78.1656 , 993.697 , 0.497574 , 0.501217 , 0.49585 , 0.00221982928 , -0.00462859273 , 4.43259184 , 20.4477306 , 20.6471223 , 25.5517468 , -0.172968159 , 0.0146379428 , 0.0219712349 , 10347.7516 , 5565.60906 , 18364.1926 , -1887.03027 , 7211.95583 , 5072.24169 , 510.438968 , -1087.44127 , -1503.64075
0.001128 , 22420.1 , 0.747336 , 3e+22 , 3551.62 , -2365.36 , 3247.75 , 0.495817 , 0.501527 , 0.497163 , 0.00357856695 , -0.00659670904 , 4.45247723 , 20.5786755 , 20.8029388 , 25.7741483 , -0.169397257 , 0.0330696314 , 0.010736479 , 4391.47816 , -9826.52699 , 748.876233 , -5698.39444 , 7475.65559 , 7770.24826 , 23597.971 , -15671.0173 , 8895.35574
0.001136 , 22447.3 , 0.748244 , 3e+22 , 743.122 , 1390.93 , 1017.07 , 0.494255 , 0.498099 , 0.504113 , 0.00366043397 , -0.000693335863 , 4.47570086 , 20.7206922 , 20.945206 , 26.0309478 , -0.176055814 , 0.0269229508 , 0.0382678278 , 11570.7494 , -4042.37185 , -10100.8092 , -4719.31486 , -9730.28807 , -2553.07251 , 11080.3386 , -4094.18031 , -1916.43637
0.001144 , 22441 , 0.748035 , 3e+22 , 693.703 , 195.874 , 97.6592 , 0.495498 , 0.499838 , 0.500731 , 0.00515552934 , -0.000898533533 , 4.49492746 , 20.8176982 , 21.1190366 , 26.2413708 , -0.161486414 , 0.0409508815 , 0.0277378328 , -5816.93135 , 6779.43436 , -10747.8359 , 1087.62287 , 15851.1898 , 11597.3169 , 5198.0846 , 275.985864 , -2139.91029
0.001152 , 22439.5 , 0.747982 , 3e+22 , 3802.33 , -311.151 , 1334.09 , 0.492303 , 0.506589 , 0.496979 , 0.00679406691 , -0.00293257698 , 4.5154224 , 20.9622361 , 21.260037 , 26.4795484 , -0.129054399 , 0.0514236941 , 0.0135051287 , 1004.31647 , 2438.88845 , -2501.75847 , -14000.6757 , 10314.3171 , -15831.5354 , 25342.2288 , -4780.3613 , 6220.02099
0.00116 , 22449 , 0.7483 , 3e+22 , -876.87 , 2430.71 , 815.984 , 0.501832 , 0.495031 , 0.499695 , 0.00702230702 , -0.00517173895 , 4.53652964 , 21.1089024 , 21.3989196 , 26.7109104 , -0.117333654 , 0.0527147815 , 0.0120949891 , 4315.87465 , 4473.01022 , 7962.86477 , 589.127815 , 8726.76347 , 5649.8994 , -10289.1488 , 12512.6419 , 5161.34881
0.001168 , 22462 , 0.748735 , 3e+22 , -1586.35 , 3984.69 , -1463.23 , 0.494318 , 0.502915 , 0.50012 , 0.00884249665 , -0.00508949393 , 4.55803482 , 21.2465162 , 21.5095294 , 26.9474863 , -0.0916977421 , 0.0694430822 , -0.00407052816 , 19622.1625 , -5900.45401 , 8324.37051 , 14654.9271 , 2150.87532 , 12508.6311 , -11420.644 , 19901.7288 , -6503.65655
0.001176 , 22468.6 , 0.748952 , 3e+22 , -1141.13 , -632.966 , 516.528 , 0.502931 , 0.497185 , 0.497778 , 0.00558727022 , -0.00334408001 , 4.5788639 , 21.3826657 , 21.6491875 , 27.1992324 , -0.08841747 , 0.0549786352 , 0.0255502086 , 3015.08705 , 3149.32397 , -8950.5586 , 4846.43761 , 4970.23876 , 8540.48642 , -5548.00963 , -5681.83695 , 12112.314
0.001184 , 22480.3 , 0.749342 , 3e+22 , -2792.57 , 1228.97 , 1728.16 , 0.499011 , 0.499675 , 0.499929 , 0.00330377322 , -0.0021575397 , 4.59974846 , 21.5672652 , 21.8098322 , 27.4456376 , -0.0823015806 , 0.0338273685 , 0.0430246642 , 6250.10674 , -9862.76697 , -9037.11063 , 2621.90223 , 7437.04639 , 1451.98403 , -18123.7722 , 8779.4554 , 11181.1306
0.001192 , 22475.7 , 0.74919 , 3e+22 , 2132.52 , -150.545 , -341.122 , 0.497251 , 0.497087 , 0.504016 , 0.00141490838 , -0.00325778696 , 4.61874371 , 21.7084506 , 21.9308258 , 27.6577821 , -0.0886022875 , 0.0377179395 , 0.0567142621 , 13042.4482 , -7704.239 , -2460.02381 , -3003.78038 , 15386.2661 , 3319.15103 , 5555.94775 , -1980.08758 , -9201.73289
0.0012 , 22486.7 , 0.749556 , 3e+22 , 1873.56 , 1631.28 , -470.143 , 0.500085 , 0.500715 , 0.498276 , 0.000737346227 , -0.00141332881 , 4.63984952 , 21.8440571 , 22.0988703 , 27.8866955 , -0.0717920934 , 0.0375629528 , 0.0428696791 , 3121.59751 , 4960.93069 , 7365.75533 , 2368.35787 , 10272.272 , -88.5763731 , 10865.4833 , 6414.85018 , -1215.48479
0.001208 , 22489.6 , 0.749653 , 3e+22 , -1360.94 , 262.734 , -3514.17 , 0.497601 , 0.498153 , 0.503471 , -0.000853601192 , 0.000842463487 , 4.66091742 , 21.9597813 , 22.2267868 , 28.1156598 , -0.0848038468 , 0.0447154452 , 0.066895525 , 7233.69402 , 1141.43708 , -11806.1585 , 4126.06936 , 7355.42581 , 1160.74534 , -5381.27141 , -1860.62713 , -27454.4349
0.001216 , 22469 , 0.748968 , 3e+22 , -2821.46 , 946.529 , 2328.43 , 0.497166 , 0.500682 , 0.500006 , -0.00339262633 , -0.00103729671 , 4.67903965 , 22.1270947 , 22.354314 , 28.3402237 , -0.0914366046 , 0.0394742382 , 0.0542600308 , 7964.03909 , -7435.46261 , 2756.08774 , -411.192039 , 3048.30713 , -992.44283 , -16780.7595 , -218.61522 , 11147.4986
0.001224 , 22482.6 , 0.74942 , 3e+22 , 304.058 , 2351.12 , 410.49 , 0.495995 , 0.498215 , 0.504597 , -0.00428742999 , 5.89097777e-05 , 4.70060474 , 22.278047 , 22.4771394 , 28.5887535 , -0.0873281397 , 0.0372711473 , 0.0548649349 , -687.162608 , 5105.76218 , 2683.08437 , 1653.84299 , 5786.27974 , 5927.48766 , 3631.88695 , 8595.14035 , 5583.32386
0.001232 , 22447 , 0.748234 , 3e+22 , 238.274 , 945.134 , -476.192 , 0.497502 , 0.496322 , 0.502638 , -0.00460414184 , 0.00080332393 , 4.71647651 , 22.4084154 , 22.6232951 , 28.7989409 , -0.097192522 , 0.0557853765 , 0.0742126284 , 3795.82576 , -7536.83489 , -338.000687 , -11320.895 , 13346.7745 , 8368.17864 , -1061.17198 , 7357.17359 , -1163.99333
0.00124 , 22423.9 , 0.747463 , 3e+22 , -2454.98 , 452.395 , -625.465 , 0.498843 , 0.4963 , 0.499744 , -0.000277463889 , -0.00131966288 , 4.73421088 , 22.536673 , 22.7649061 , 29.0198547 , -0.114262241 , 0.0753319575 , 0.0494296964 , -8883.98783 , 5433.55293 , 5523.2888 , 9731.5439 , 7090.50164 , 6236.91341 , -15577.5536 , 6619.2544 , -1576.19041
0.001248 , 22444.3 , 0.748142 , 3e+22 , -1782.56 , 3148.41 , -1727.05 , 0.499217 , 0.499591 , 0.497385 , 0.000284617458 , 0.00357215379 , 4.75661297 , 22.6530736 , 22.9225253 , 29.2765878 , -0.0912676394 , 0.10174058 , 0.072049801 , 18389.0668 , 10195.2597 , -437.06523 , -630.911459 , 19149.4042 , 3030.61764 , -11612.4002 , 23531.0503 , -11475.5643
0.001256 , 22493.3 , 0.749776 , 3e+22 , 1035.64 , 3533.35 , -1682.73 , 0.502469 , 0.497719 , 0.499271 , -0.0015304529 , 0.00287397911 , 4.78183778 , 22.7905085 , 23.0575469 , 29.5563844 , -0.0991188624 , 0.0929441045 , 0.0738540231 , -332.964219 , 4252.22483 , 20720.798 , 259.778467 , 2275.76617 , -3824.0353 , 6870.98081 , 21037.4846 , -10945.595
0.001264 , 22452.8 , 0.748427 , 3e+22 , -339.857 , -159.715 , -1386.8 , 0.497308 , 0.499727 , 0.499807 , -0.000573415542 , 0.00636355202 , 4.79717643 , 22.9312767 , 23.1634738 , 29.7438974 , -0.0771118448 , 0.0996778192 , 0.10908702 , 5195.97897 , 5547.56175 , 7486.98188 , -3021.86579 , -1512.48697 , 8034.96305 , 2200.18062 , -5157.9776 , -12030.8214
0.001272 , 22467.9 , 0.74893 , 3e+22 , -1396.6 , -151.099 , 1792.81 , 0.497637 , 0.499464 , 0.500729 , -0.000932338171 , 0.00464673615 , 4.8189361 , 23.0598712 , 23.3168473 , 29.9961544 , -0.0858172258 , 0.0935415753 , 0.0899506864 , 4578.44755 , 8262.90789 , -2464.22113 , -1242.73173 , 10634.9024 , 4796.91278 , -9074.90085 , 1510.08895 , 10797.6321
0.00128 , 22457.1 , 0.748569 , 3e+22 , -1124.86 , -5066.97 , -594.52 , 0.501019 , 0.497611 , 0.498354 , 0.000866011873 , 0.00593274826 , 4.83795396 , 23.194931 , 23.4602853 , 30.2129972 , -0.0736992948 , 0.105488578 , 0.0777577353 , 1519.69923 , -8781.97821 , -4907.18071 , -59.1349029 , 3449.45357 , 11086.4485 , -7285.45732 , -30498.02 , -12563.5364
0.001288 , 22471.2 , 0.749041 , 3e+22 , 766.866 , 1561.04 , -1923.39 , 0.497183 , 0.500237 , 0.500622 , 0.00239825155 , 0.00404165835 , 4.85961803 , 23.3233964 , 23.6025228 , 30.4549602 , -0.0773387511 , 0.118263671 , 0.0628735002 , 6195.10529 , 17801.5884 , 20545.5152 , -9049.40757 , 7714.38125 , -12752.3724 , 9271.63593 , 10710.3668 , -9246.00104
0.001296 , 22492.7 , 0.749756 , 3e+22 , -1913.74 , 52.1666 , 2715.14 , 0.502867 , 0.498414 , 0.498168 , -0.000132496046 , 0.00299594571 , 4.88160654 , 23.4324494 , 23.7395013 , 30.7022664 , -0.059204019 , 0.123239173 , 0.0642893137 , -8144.54762 , -9075.63622 , -9332.86238 , 26081.2891 , 5037.65608 , -3139.75416 , -9764.00054 , 2561.3966 , 10928.6213
0.001304 , 22472.5 , 0.749083 , 3e+22 , -1707.38 , -789.476 , 1506.08 , 0.501501 , 0.496378 , 0.500255 , -0.00327812378 , 0.000536568677 , 4.90004472 , 23.6045357 , 23.8932539 , 30.9226908 , -0.0825351575 , 0.130272145 , 0.0390559024 , 1988.40519 , 2378.25979 , 8207.4557 , -618.390174 , 6900.46987 , -1961.65829 , -7975.92668 , 1926.63442 , 14906.7569
0.001312 , 22470.3 , 0.749009 , 3e+22 , -2213.74 , -555.335 , 458.716 , 0.500914 , 0.49597 , 0.501102 , -0.00400755654 , -0.000503653265 , 4.91955029 , 23.7792475 , 24.0966286 , 31.1693933 , -0.0987750927 , 0.129755294 , 0.0289558899 , 14021.3694 , 6502.44637 , -224.795455 , 3639.28626 , 23312.8034 , 3883.56248 , -16132.6491 , 3345.5149 , 2553.51472
0.00132 , 22472.8 , 0.749095 , 3e+22 , -411.048 , 1292.81 , -1029.29 , 0.495098 , 0.504642 , 0.498433 , -0.00529932651 , -0.00125767745 , 4.94008138 , 23.9081455 , 24.2489585 , 31.4079522 , -0.109925903 , 0.122760731 , 0.0269331624 , 3222.88934 , -3009.34103 , -1203.25093 , 1991.84682 , -2598.78175 , -9442.16353 , 1039.09656 , 11176.226 , -2878.15978
0.001328 , 22490.7 , 0.749692 , 3e+22 , -1403.64 , -256.365 , -2068.92 , 0.498022 , 0.503948 , 0.497377 , -0.00474074293 , -0.00420854105 , 4.96236427 , 24.0643084 , 24.4106952 , 31.665634 , -0.130695409 , 0.143141459 , 0.0265542256 , 10673.2211 , -10814.4892 , 2121.96775 , -7090.89239 , 14831.17 , 2241.99206 , -9438.74903 , -2021.35537 , -10370.242
0.001336 , 22463 , 0.748768 , 3e+22 , 1908.85 , 2004.5 , 3254.42 , 0.502873 , 0.491932 , 0.502626 , -0.00499680027 , -0.00604765653 , 4.9797726 , 24.2371745 , 24.5979696 , 31.9013606 , -0.12827319 , 0.144428882 , 0.00371239929 , 10101.4045 , -5997.80242 , 8581.42221 , -8166.81553 , -890.05986 , -16628.3863 , 14557.7546 , 12529.1223 , 23727.8607
0.001344 , 22479.8 , 0.749326 , 3e+22 , 1059.69 , 1855.28 , 1084.64 , 0.501718 , 0.501454 , 0.495447 , -0.00366961187 , -0.00687905653 , 5.00201686 , 24.3652179 , 24.7163315 , 32.1576556 , -0.114071289 , 0.14301988 , -0.00931608087 , 23744.2664 , 11531.4107 , 9272.32407 , -8506.62539 , 3150.78684 , -5778.94808 , 5015.56934 , 8964.37596 , -1865.11253
0.001352 , 22481.7 , 0.749391 , 3e+22 , -667.239 , -1178.97 , -699.489 , 0.497072 , 0.502025 , 0.499672 , -0.00132693686 , -0.0080904029 , 5.02280621 , 24.4982985 , 24.8950651 , 32.4002816 , -0.103046121 , 0.155068682 , -0.0276114033 , 5142.01135 , 12302.0181 , -4330.30531 , 4289.32719 , 5600.29507 , -11174.9486 , -7270.85071 , -1840.48696 , -8438.40509
0.00136 , 22466.4 , 0.748878 , 3e+22 , -3104.1 , 519.663 , 74.2653 , 0.505115 , 0.493668 , 0.498917 , 0.00154439549 , -0.00489779791 , 5.0410495 , 24.6358448 , 25.0741457 , 32.6335597 , -0.102145694 , 0.154590233 , -0.0153020321 , 17034.0813 , -10843.4405 , 7545.57447 , 3969.70939 , -11636.588 , 1322.3807 , -16634.5578 , 6579.4947 , 1042.39265
0.001368 , 22482 , 0.749399 , 3e+22 , 3164.88 , -2544.22 , 3027.72 , 0.498262 , 0.501202 , 0.499187 , 0.000371695897 , -0.00876565282 , 5.06303703 , 24.8109632 , 25.2128592 , 32.893844 , -0.0945513115 , 0.164614069 , -0.036351171 , 8223.16974 , -17970.5024 , -65.8658243 , 1716.94992 , 6532.86721 , 105.81117 , 26078.4707 , -13041.3643 , 13673.4112
0.001376 , 22504 , 0.750134 , 3e+22 , -1470.7 , 3245.7 , -2667.73 , 0.501479 , 0.49832 , 0.500357 , 0.000396284471 , -0.0119925402 , 5.08572677 , 24.9935366 , 25.3366508 , 33.1744584 , -0.102165641 , 0.149826083 , -0.0744735691 , 18865.1787 , 6937.87404 , -1113.74627 , -3282.98399 , 1657.99889 , -2505.99801 , -13743.5371 , 22289.6208 , -23460.8129
0.001384 , 22487.8 , 0.749595 , 3e+22 , 593.143 , -1071.09 , -566.44 , 0.496512 , 0.500318 , 0.502349 , -0.000253113423 , -0.0146942655 , 5.10433822 , 25.1459232 , 25.4902407 , 33.4057982 , -0.111383202 , 0.15905456 , -0.0915338484 , 12542.276 , 14545.2647 , -276.34204 , -12726.642 , 14454.6781 , -3524.99904 , 2362.24558 , -2380.59022 , -3650.81503
0.001392 , 22506.8 , 0.750225 , 3e+22 , 2864.07 , 118.169 , 2597.69 , 0.500737 , 0.501511 , 0.498117 , -0.00311909367 , -0.0153310669 , 5.12654971 , 25.2592482 , 25.6365132 , 33.6885295 , -0.0916253054 , 0.153464177 , -0.0980176816 , 15843.6843 , -11692.662 , -5383.87185 , -5855.07384 , -9179.96364 , 1557.77279 , 15172.7857 , -2471.07218 , 16447.6253
0.0014 , 22485.1 , 0.749503 , 3e+22 , -2170.12 , 1374.15 , 1622.59 , 0.496012 , 0.499646 , 0.503296 , -0.00539617447 , -0.0137215945 , 5.14383756 , 25.4253272 , 25.8035757 , 33.9134142 , -0.0957119624 , 0.137003033 , -0.0920924822 , -2671.72395 , 12071.6517 , 9540.3686 , 5926.83075 , -681.805892 , 8702.66754 , -9296.32278 , 11692.3133 , 8273.98427
0.001408 , 22497.7 , 0.749925 , 3e+22 , -2318.37 , 837.694 , 2153.12 , 0.499137 , 0.496585 , 0.504066 , -0.00563810653 , -0.012846952 , 5.16551883 , 25.5457605 , 25.9174269 , 34.1760208 , -0.141123629 , 0.121705298 , -0.0719762519 , 1549.27336 , -2932.34686 , -19565.4114 , -2202.11955 , -2691.2781 , 1296.21434 , -24455.9926 , 11913.4719 , 9984.79025
0.001416 , 22470.8 , 0.749026 , 3e+22 , 620.672 , 4021.02 , 1662.01 , 0.502976 , 0.49593 , 0.499037 , -0.00560928363 , -0.0118374517 , 5.18271725 , 25.6762955 , 26.0389645 , 34.4029406 , -0.156024372 , 0.116255932 , -0.0724676521 , 13156.6568 , -6032.79112 , -3345.07823 , -14407.6302 , -192.196062 , 11239.5974 , 5081.29714 , 28107.8106 , 10162.5041
0.001424 , 22470.8 , 0.749025 , 3e+22 , -810.738 , -247.757 , -688.9 , 0.497673 , 0.498329 , 0.502042 , -0.000413014601 , -0.0129515138 , 5.2030929 , 25.8409129 , 26.153509 , 34.656829 , -0.139792289 , 0.130432318 , -0.0901391502 , 8068.91483 , 4938.22593 , 2808.16078 , 7238.03022 , -7572.79242 , -6493.39415 , -4604.57067 , -885.464728 , -8528.69332
0.001432 , 22474.2 , 0.74914 , 3e+22 , -40.377 , 1271.17 , 2709.23 , 0.500839 , 0.500706 , 0.496683 , -0.00477961109 , -0.0121651306 , 5.22361318 , 25.9880592 , 26.266053 , 34.8996298 , -0.152206383 , 0.129963005 , -0.113456226 , -4018.39626 , -6105.02697 , 14982.9748 , -18088.7834 , 2683.30742 , -4957.22266 , 3053.85107 , 13291.212 , 13787.4014
0.00144 , 22489.2 , 0.749639 , 3e+22 , 2438.1 , 483.414 , -3797.53 , 0.504543 , 0.495375 , 0.499243 , -0.00152508747 , -0.0121855688 , 5.24630137 , 26.1241999 , 26.4036202 , 35.1638844 , -0.15776083 , 0.136061089 , -0.0949890054 , -565.675933 , 18218.1218 , -1751.78871 , 7187.65555 , 331.272518 , 2553.18492 , 10477.0587 , 1307.38861 , -26366.3325
0.001448 , 22467.9 , 0.748931 , 3e+22 , 643.046 , 1353.49 , 2619.49 , 0.496931 , 0.504581 , 0.496299 , -0.00304280622 , -0.0133919719 , 5.26398311 , 26.2884161 , 26.5566964 , 35.3811111 , -0.160015622 , 0.119269071 , -0.0835785251 , -2510.02235 , -599.951959 , -12459.4848 , 25394.1406 , 2257.13119 , 3859.19814 , 6610.40974 , 10624.0841 , 19902.466
0.001456 , 22439.2 , 0.747972 , 3e+22 , 732.936 , -2391.09 , -1310.73 , 0.498428 , 0.500103 , 0.497368 , -0.00280812995 , -0.0104991506 , 5.2812107 , 26.4708434 , 26.666149 , 35.6013925 , -0.140453275 , 0.109239671 , -0.057289004 , 16722.9951 , 708.626804 , 8651.89392 , -5111.94237 , 3451.019 , -5158.05311 , 4498.2094 , -15045.8124 , -6687.21725
0.001464 , 22468.1 , 0.748936 , 3e+22 , 1969.83 , 1161.78 , 2507.3 , 0.504809 , 0.493577 , 0.49942 , -0.00309823962 , -0.0079382909 , 5.30413826 , 26.5863476 , 26.8300969 , 35.8700578 , -0.116478946 , 0.0807321274 , -0.0525030464 , 14815.448 , -4448.12613 , 8191.76435 , -10336.2805 , 3520.50753 , -5245.62212 , 11549.2408 , -4948.12634 , 12503.2194
0.001472 , 22460.7 , 0.748688 , 3e+22 , -423.836 , -2340.89 , 527.933 , 0.495273 , 0.500147 , 0.501924 , -0.00275947848 , -0.0106300813 , 5.32310923 , 26.7344179 , 26.998187 , 36.1199116 , -0.140347026 , 0.0896229634 , -0.0815557878 , 1379.80421 , 3378.40768 , -828.794593 , 12778.7709 , 25771.8925 , -6942.32476 , 3649.13821 , -16022.1828 , 12312.0681
0.00148 , 22414 , 0.747132 , 3e+22 , 1437.54 , 1131.77 , 115.194 , 0.494366 , 0.493826 , 0.506053 , -0.00340687748 , -0.00526790877 , 5.3374073 , 26.8862801 , 27.146216 , 36.3182499 , -0.133912037 , 0.0912990991 , -0.0601715042 , -4129.32354 , 11881.9844 , -6153.94224 , -4427.69623 , 6640.52813 , -4371.94265 , 7968.9622 , 12736.5844 , 3787.06028
0.001488 , 22408.8 , 0.746958 , 3e+22 , -3224.26 , 2560.27 , 1096.84 , 0.496209 , 0.502398 , 0.495207 , -0.0021475757 , -0.0021767131 , 5.35663171 , 27.0006841 , 27.2701142 , 36.5527538 , -0.120691448 , 0.0914828539 , -0.0379595825 , 6075.0722 , 10425.8031 , -1675.03961 , -4035.60255 , 10148.6166 , -7627.18626 , -22470.6183 , 22791.2778 , 8651.70077
0.001496 , 22408.7 , 0.746955 , 3e+22 , -1494.51 , 403.824 , -1346.32 , 0.495904 , 0.493341 , 0.504642 , -0.00382345931 , -0.00516860891 , 5.37637222 , 27.1162594 , 27.4150436 , 36.794897 , -0.13188081 , 0.0772057783 , -0.0469442315 , 7010.53059 , 4079.35985 , -7730.34919 , -1786.25377 , 875.880765 , -5444.30011 , -4700.22252 , 4849.47677 , -4460.36511
0.001504 , 22427 , 0.747568 , 3e+22 , 2691.45 , 2310.88 , 1540.47 , 0.497988 , 0.496089 , 0.500973 , -0.00528332959 , -0.00635353107 , 5.3982673 , 27.2447978 , 27.5475234 , 37.0556701 , -0.147992839 , 0.0720753234 , -0.0788902048 , -7318.96144 , 938.86345 , 6039.75053 , -5041.34659 , -467.74547 , 1556.22194 , 15947.7505 , 16411.0875 , 12437.6698
0.001512 , 22435.5 , 0.74785 , 3e+22 , -1065.51 , -794.74 , -1242.57 , 0.497505 , 0.496637 , 0.501539 , -0.00730572063 , -0.00682032183 , 5.41902201 , 27.4047673 , 27.6894226 , 37.3428309 , -0.142420049 , 0.0452034882 , -0.0955174759 , 6579.15626 , -7794.49472 , -4896.96762 , -4683.34673 , 8082.14032 , 4984.10997 , -6243.41155 , -5277.06656 , -9644.22748
0.00152 , 22452.9 , 0.748429 , 3e+22 , 1002.19 , 850.352 , -1858.59 , 0.496976 , 0.502401 , 0.497451 , -0.00833236848 , -0.0071781793 , 5.44047651 , 27.5390181 , 27.8214886 , 37.6070985 , -0.144890284 , 0.0626895153 , -0.0812226619 , 3919.10718 , 13551.1699 , 3131.83489 , -5755.08735 , 8433.61097 , 21653.6948 , 5663.16438 , 1071.36321 , -12574.5111
0.001528 , 22456.9 , 0.748563 , 3e+22 , -1959.95 , 2422.38 , 1427.43 , 0.503065 , 0.494037 , 0.499957 , -0.00571447357 , -0.00681197703 , 5.46104566 , 27.6927477 , 27.9826343 , 37.8592716 , -0.116524999 , 0.0766467358 , -0.0715740122 , -16407.7416 , 1893.16225 , 14760.8272 , 12493.3602 , 5843.92391 , -149.350562 , -25277.9941 , 20574.7891 , -2263.75348
0.001536 , 22476.4 , 0.749215 , 3e+22 , 127.257 , 2273.09 , -1581.13 , 0.49843 , 0.499018 , 0.500938 , -0.00304063603 , -0.00711841181 , 5.48289131 , 27.7995648 , 28.1118848 , 38.1354076 , -0.106623552 , 0.0731656694 , -0.0580633066 , 23546.1355 , -6186.06271 , 8772.55119 , -15173.0697 , -14603.0076 , -404.498301 , 3417.94383 , 25689.4162 , -1506.66518
0.001544 , 22466.1 , 0.74887 , 3e+22 , -54.037 , -1742.16 , 2126.83 , 0.502403 , 0.49637 , 0.498923 , -0.00290681961 , -0.00939877709 , 5.50236435 , 27.9719167 , 28.2305374 , 38.3988972 , -0.105046298 , 0.0928925898 , -0.059757055 , 794.165626 , 2899.57153 , -8692.77163 , 19271.6707 , 8941.23443 , 1337.82441 , 5113.76225 , -11208.1935 , 6882.18775
0.001552 , 22455.4 , 0.748512 , 3e+22 , 605.795 , -2725.38 , -353.983 , 0.498638 , 0.50342 , 0.494921 , -0.00126380859 , -0.0119502458 , 5.52111348 , 28.164557 , 28.3754139 , 38.6485755 , -0.103333292 , 0.129142149 , -0.0795368698 , 9902.8263 , -8878.97576 , -11040.1908 , -11986.6007 , -1120.4342 , 4688.92416 , 994.381602 , -25297.2729 , -1628.73056
0.00156 , 22470.4 , 0.749012 , 3e+22 , -548.647 , -1971.81 , 2142.77 , 0.501216 , 0.50166 , 0.495099 , -0.000138128701 , -0.0131538636 , 5.54236748 , 28.3088649 , 28.5353559 , 38.9069078 , -0.092727713 , 0.100919072 , -0.0946169319 , -1475.14727 , 11068.3912 , -21519.6487 , 1117.96509 , 7955.85786 , 7830.4384 , -4246.31607 , -11716.5803 , 7843.13763
0.001568 , 22476.7 , 0.749223 , 3e+22 , 1652.79 , 4407.31 , 1402.8 , 0.50075 , 0.495886 , 0.501672 , -0.000704706196 , -0.0150201209 , 5.56310382 , 28.4102251 , 28.6729709 , 39.198552 , -0.0798935255 , 0.110235304 , -0.0948347966 , 5620.17977 , 2318.52938 , -10010.3081 , -8592.06321 , 9745.92438 , -2338.46429 , 15934.748 , 42239.7139 , 4953.78083
0.001576 , 22493.2 , 0.749774 , 3e+22 , 2277.98 , 156.889 , 3203.07 , 0.503638 , 0.503388 , 0.492434 , -0.000823042228 , -0.0168030047 , 5.58470056 , 28.5476954 , 28.8719653 , 39.4760993 , -0.0821128166 , 0.127095011 , -0.122762219 , 13642.4627 , -2944.51994 , 164.634245 , 5728.5954 , -2911.49693 , 1506.42272 , 22354.2131 , 7696.38781 , 19014.3048
0.001584 , 22514.1 , 0.750469 , 3e+22 , 2158.29 , 1774.18 , -612.494 , 0.495092 , 0.50132 , 0.504479 , -0.00218067206 , -0.0174215445 , 5.6069812 , 28.7308492 , 29.0215165 , 39.7738861 , -0.069214473 , 0.120400938 , -0.126950995 , -1825.60388 , 15196.4652 , 15062.1316 , -107.59102 , 1521.4438 , -7379.38447 , 16793.4135 , 13037.8899 , -10668.7401
0.001592 , 22492.7 , 0.749755 , 3e+22 , 572.324 , -1382.84 , 1925.16 , 0.499293 , 0.497936 , 0.502248 , 0.00165871118 , -0.0141013874 , 5.62515722 , 28.8577456 , 29.1410532 , 40.0101137 , -0.0847790469 , 0.145585174 , -0.101775637 , 10692.8748 , -5182.95011 , -9043.15088 , -2813.90175 , -17985.887 , -104.283778 , 11879.5875 , -6981.63471 , 14814.804
0.0016 , 22524.6 , 0.750821 , 3e+22 , 105.674 , -1733.11 , -447.881 , 0.49944 , 0.50037 , 0.501814 , 0.00637994606 , -0.0198738769 , 5.64962517 , 29.000448 , 29.2851144 , 40.324892 , -0.099479451 , 0.181794722 , -0.136607529 , -2238.60791 , 2438.94436 , -12746.6484 , 8988.76559 , 26272.9692 , -69.2810171 , 754.213229 , -11621.2845 , -5841.71164
0.001608 , 22523 , 0.750767 , 3e+22 , -1262.15 , 780.932 , 155.195 , 0.501234 , 0.502103 , 0.498184 , 0.00687069585 , -0.0199572417 , 5.66984257 , 29.1419044 , 29.4042142 , 40.6099823 , -0.102765776 , 0.166820465 , -0.131992235 , 15911.6637 , -14870.3962 , -11360.2803 , -18642.9347 , -4631.46487 , -25910.3659 , -6863.3646 , 12459.2284 , 6451.43599
0.001616 , 22495.2 , 0.749841 , 3e+22 , 1089.27 , 737.045 , 1391.43 , 0.498648 , 0.49959 , 0.501422 , 0.00410088429 , -0.0236472563 , 5.68773771 , 29.3112161 , 29.5337563 , 40.8710172 , -0.104197008 , 0.148572467 , -0.164939322 , -161.944407 , -7689.1526 , 9781.8241 , 12972.0566 , 19546.3953 , -15140.7174 , 9981.48424 , 1342.09026 , 3999.16043
0.001624 , 22517.2 , 0.750574 , 3e+22 , 375.48 , 1872.92 , 4389.32 , 0.501832 , 0.498343 , 0.500842 , 0.00296379518 , -0.0234879422 , 5.71035389 , 29.4462912 , 29.6618769 , 41.1823453 , -0.0995240934 , 0.13781254 , -0.169615324 , 6870.57162 , -7430.90439 , 453.588309 , -3516.91581 , 4803.88398 , -2286.00428 , -2490.6221 , 13097.1072 , 31153.5616
0.001632 , 22511.4 , 0.75038 , 3e+22 , -1154.07 , 2252.59 , -307.608 , 0.499116 , 0.500103 , 0.501504 , 0.00384815787 , -0.024052997 , 5.72983832 , 29.5910216 , 29.7502204 , 41.4434483 , -0.118115534 , 0.146422862 , -0.17937617 , 7876.99517 , -9645.20134 , -3985.16751 , 8753.35839 , -4955.93497 , 2154.15943 , -14175.6552 , 8544.85262 , -13316.9149
0.00164 , 22499.2 , 0.749973 , 3e+22 , -23.685 , -2202.67 , 841.29 , 0.493574 , 0.505816 , 0.500524 , 0.00549377129 , -0.0217856598 , 5.74916785 , 29.7081213 , 29.9195912 , 41.7043617 , -0.117747069 , 0.157387163 , -0.162876158 , 12802.1879 , -3533.93642 , 2566.01764 , -8719.9421 , 24008.6506 , 12509.7897 , 9534.4743 , -26176.4587 , 5152.53514
0.001648 , 22535.5 , 0.751184 , 3e+22 , 1893.48 , -4663.44 , -180.279 , 0.497595 , 0.502599 , 0.502029 , 0.00445073488 , -0.0215727083 , 5.77308408 , 29.8484447 , 30.0482307 , 41.998743 , -0.102116125 , 0.144502037 , -0.141783162 , 6002.67624 , 15927.2413 , 6395.87646 , 7805.2073 , 8124.88459 , 14835.3304 , 16534.9336 , -28396.0154 , -1486.20526
0.001656 , 22536.1 , 0.751202 , 3e+22 , -749.382 , 2676.76 , -860.858 , 0.497703 , 0.499406 , 0.505247 , 0.00364879395 , -0.0208881612 , 5.79284405 , 29.9480698 , 30.1962303 , 42.2601567 , -0.0987388248 , 0.123587121 , -0.162597096 , 10026.7745 , -5570.12737 , 6883.17171 , 5197.50535 , 14232.5684 , 26.6917181 , -14560.2166 , 17164.5367 , 5180.38319
0.001664 , 22519.2 , 0.75064 , 3e+22 , -2086.87 , 115.424 , 1456.03 , 0.502637 , 0.498147 , 0.500459 , 0.00189570302 , -0.0196664939 , 5.81152361 , 30.1200338 , 30.306109 , 42.5244432 , -0.0985794593 , 0.0976146115 , -0.160627002 , 3398.89228 , 11543.3225 , 8028.99122 , 16693.4624 , -13129.8531 , 7209.24113 , -11494.6412 , -4974.4254 , 12927.4789
0.001672 , 22530.9 , 0.751029 , 3e+22 , -2358.44 , -688.623 , -2.83392 , 0.499247 , 0.501155 , 0.501621 , -0.000465118593 , -0.0224336142 , 5.83275189 , 30.242762 , 30.4156136 , 42.8226248 , -0.101707798 , 0.0675639513 , -0.1812942 , -2547.49485 , -978.602046 , 19317.075 , -12893.4609 , 12841.4475 , 1841.20171 , -11115.2406 , -5253.53542 , 1240.00099
0.00168 , 22543.6 , 0.751454 , 3e+22 , 2138.33 , 385.962 , -55.0258 , 0.502969 , 0.498567 , 0.501345 , -0.000936771352 , -0.019093133 , 5.85438276 , 30.3824892 , 30.5105414 , 43.1194985 , -0.117409223 , 0.0645565405 , -0.169944584 , -5630.20742 , 559.632062 , -6417.37127 , 3909.99419 , 6940.36993 , 2843.11532 , 14770.6802 , 5499.07341 , -11665.0811
0.001688 , 22532.1 , 0.75107 , 3e+22 , -1523.75 , -1391.25 , 3001.16 , 0.501498 , 0.497556 , 0.50301 , -0.0025792505 , -0.0190774954 , 5.87340799 , 30.5294045 , 30.6609778 , 43.3767206 , -0.111378249 , 0.058808751 , -0.174328154 , 2530.29847 , 13501.6088 , 5685.48552 , -4848.78882 , 11140.8677 , -8908.89774 , -11150.6807 , -2588.28309 , 16452.4409
0.001696 , 22532.1 , 0.751069 , 3e+22 , 866.7 , -2184.08 , -494.199 , 0.501053 , 0.50007 , 0.500982 , -0.0010619022 , -0.0195129904 , 5.89368018 , 30.7029186 , 30.7690937 , 43.6349618 , -0.114221163 , 0.0312616073 , -0.16825047 , 29040.2261 , -9301.92435 , -3597.6905 , -5731.06801 , -2455.26904 , 19570.5774 , 4302.46518 , -20464.1966 , -8523.29573
0.001704 , 22536.8 , 0.751228 , 3e+22 , 2754.17 , 210.202 , 481.144 , 0.501309 , 0.499538 , 0.501565 , -0.00112133533 , -0.0176816414 , 5.91385316 , 30.88003 , 30.9046139 , 43.9270752 , -0.120683372 , 0.0183664469 , -0.146205017 , -3436.13863 , -5751.04204 , -9178.37174 , 583.472071 , 9923.90687 , -1470.48207 , 21225.5618 , 6681.78209 , 3241.99927
0.001712 , 22545.7 , 0.751524 , 3e+22 , 1327.39 , -3183.75 , 2287.58 , 0.502049 , 0.503834 , 0.497068 , -0.000795283285 , -0.0172027493 , 5.93450609 , 31.0158908 , 31.0019575 , 44.2171584 , -0.153619167 , 0.0385201175 , -0.158093786 , 6029.68706 , -10541.4493 , -9829.24207 , 11725.1824 , -3068.21983 , -1161.23526 , 14067.6838 , -21619.8623 , 18613.5727
0.00172 , 22577.7 , 0.752589 , 3e+22 , 1689.03 , -343.174 , 2255.36 , 0.500955 , 0.503378 , 0.500799 , 0.00353282006 , -0.0199536538 , 5.958333 , 31.148451 , 31.1349238 , 44.5422061 , -0.149603276 , 0.073320187 , -0.15297365 , 9522.00589 , 6284.61088 , 20936.0067 , 13089.5168 , 3999.32326 , 3810.32957 , 1090.71413 , 3007.99467 , 14678.2569
0.001728 , 22587.5 , 0.752918 , 3e+22 , 224.571 , 496.564 , -1157.82 , 0.499377 , 0.505586 , 0.500865 , 0.000889465783 , -0.0190954553 , 5.97939289 , 31.3085413 , 31.2693168 , 44.8469359 , -0.158524297 , 0.0500385912 , -0.146796144 , 5984.93407 , -1125.13443 , 9192.06438 , -10911.7667 , 14112.9597 , -707.219231 , -300.765299 , -2178.29897 , -15683.4328
0.001736 , 22581.4 , 0.752712 , 3e+22 , 1129.53 , -2146.57 , 3153.77 , 0.502989 , 0.502016 , 0.500329 , 0.00181482794 , -0.0184404187 , 5.99909937 , 31.4301649 , 31.4146757 , 45.115149 , -0.14319612 , 0.0660534501 , -0.154703197 , 1496.4645 , -8806.71586 , -22338.8099 , 2131.72972 , 15853.1389 , -14994.172 , 4761.28644 , -12143.5856 , 30835.9361
0.001744 , 22582.7 , 0.752755 , 3e+22 , -2083.58 , 3472.8 , 1003.45 , 0.493773 , 0.509097 , 0.50254 , 0.00548929955 , -0.0176091273 , 6.01959269 , 31.5328174 , 31.5863697 , 45.3928758 , -0.146230024 , 0.0622989983 , -0.140625271 , 11466.7557 , -21295.6977 , 3769.944 , 6869.66257 , 11747.5723 , -7542.69734 , -16604.6164 , 15712.4459 , 2286.22811
0.001752 , 22557.9 , 0.751931 , 3e+22 , -1893.04 , -2667.13 , 42.8318 , 0.501858 , 0.50101 , 0.500933 , 0.00538023985 , -0.0193276662 , 6.0371294 , 31.6748027 , 31.7259447 , 45.6584296 , -0.137308411 , 0.0640949861 , -0.160873381 , 2823.40214 , 4462.15158 , 4573.25495 , 2094.13769 , 4333.41693 , -4594.00209 , -18533.1095 , -14021.6966 , 7829.99026
0.00176 , 22582.9 , 0.752765 , 3e+22 , -4315.06 , 1356.49 , 567.383 , 0.496646 , 0.50155 , 0.507215 , 0.00535897971 , -0.02227245 , 6.06025546 , 31.7702194 , 31.9129234 , 45.9856013 , -0.14741997 , 0.0660723059 , -0.180118086 , -3649.17256 , 7272.11301 , -4298.80765 , -849.986808 , -6648.24805 , 5377.92251 , -23361.2572 , 6566.77164 , 6525.79013
0.001768 , 22599.4 , 0.753314 , 3e+22 , 3345.53 , -3247.93 , 2968.96 , 0.504038 , 0.500297 , 0.50212 , 0.00363775415 , -0.0224455672 , 6.08273574 , 31.9239463 , 32.0488477 , 46.2787421 , -0.132919997 , 0.0323795483 , -0.181817095 , 1154.4919 , 8047.06308 , 9711.58393 , -7946.98121 , 19852.6434 , 8195.68627 , 27459.9319 , -14323.3132 , 18830.2569
0.001776 , 22613.8 , 0.753794 , 3e+22 , -1451.71 , -1871.29 , -1178.71 , 0.501205 , 0.502719 , 0.503624 , 0.00212966027 , -0.0228673891 , 6.10387344 , 32.0724215 , 32.2008198 , 46.561359 , -0.132972124 , 0.0346086496 , -0.165007921 , 8541.05961 , 2475.22159 , 6365.12166 , 16032.5893 , -10290.1872 , 21214.0298 , -18595.2641 , -10552.5801 , -976.019095
0.001784 , 22600.9 , 0.753362 , 3e+22 , -543.331 , 1147.63 , 2293.44 , 0.501068 , 0.503933 , 0.501684 , 0.00413808889 , -0.0216724403 , 6.12286324 , 32.2276 , 32.3017102 , 46.8501673 , -0.15946081 , 0.0582664636 , -0.167191274 , -5449.58559 , -5345.40548 , -3950.17815 , 8514.82167 , -4445.24591 , -8709.33904 , -1509.07234 , 5196.86013 , 18898.2278
0.001792 , 22611.8 , 0.753725 , 3e+22 , -650.084 , 1029.23 , -3002.25 , 0.503034 , 0.505946 , 0.498411 , 0.00464228939 , -0.0202086872 , 6.14420753 , 32.3883645 , 32.4346038 , 47.1265732 , -0.145068061 , 0.0606615925 , -0.160391992 , 1248.05607 , 3654.63373 , -10877.5846 , 12001.8507 , -2037.86323 , 15768.8155 , -7498.92021 , 2433.34731 , -33592.9981
0.0018 , 22612.3 , 0.753742 , 3e+22 , 2265.24 , 2038.81 , -807.179 , 0.50202 , 0.50875 , 0.496658 , 0.00495691854 , -0.0196715432 , 6.16481403 , 32.5360218 , 32.5693183 , 47.4163258 , -0.139648945 , 0.0538890306 , -0.144184615 , 7091.29411 , 13797.3405 , -970.901452 , -2124.63525 , -3948.60986 , 1183.15848 , 4267.22018 , 22100.1226 , -13337.2524
0.001808 , 22624.5 , 0.754149 , 3e+22 , 569.738 , 522.519 , -198.936 , 0.496824 , 0.502062 , 0.509409 , 0.00675926589 , -0.020292732 , 6.1861762 , 32.67014 , 32.7261267 , 47.7193158 , -0.133994252 , 0.0836465229 , -0.156944119 , 7269.52053 , 10582.0454 , -7159.43721 , -19788.9002 , 14365.8479 , -5508.09033 , -1982.95355 , 8362.7774 , -2194.43082
0.001816 , 22631.3 , 0.754377 , 3e+22 , -1324.11 , -799.853 , 2945.64 , 0.500502 , 0.50626 , 0.501928 , 0.00632836851 , -0.0208691414 , 6.20714299 , 32.8190571 , 32.8686426 , 48.0281718 , -0.141275597 , 0.087399202 , -0.157148816 , -8181.50148 , -1773.85927 , 13021.0922 , -14694.2195 , 4829.83376 , 328.494007 , -19636.3834 , -13804.7449 , 9707.11894
0.001824 , 22654.8 , 0.755159 , 3e+22 , 577.497 , 2276.85 , 2462.22 , 0.502392 , 0.502063 , 0.505797 , 0.00398016197 , -0.0207947052 , 6.23067228 , 32.9606573 , 33.0129249 , 48.3533142 , -0.140387389 , 0.0886155953 , -0.141325098 , 18197.6002 , -6091.21843 , 5345.79235 , 16496.769 , 6733.97204 , -14064.1079 , 12662.2707 , 22187.4319 , 9578.46566
0.001832 , 22647.4 , 0.754914 , 3e+22 , -853.158 , -1894.67 , 1251.78 , 0.505469 , 0.500943 , 0.503382 , 0.00394690509 , -0.0226076521 , 6.25087704 , 33.0986941 , 33.1644581 , 48.643796 , -0.128646286 , 0.0946077332 , -0.149438933 , -5858.29164 , 10864.5647 , -3168.33557 , 9882.57243 , 8323.27261 , 7845.955 , 2320.81937 , -4104.24609 , 10414.9311
0.00184 , 22634.4 , 0.75448 , 3e+22 , 1226.77 , -1134.93 , -145.125 , 0.499383 , 0.497349 , 0.512212 , 0.00686575044 , -0.0256997455 , 6.26964402 , 33.2097041 , 33.3026738 , 48.9280394 , -0.147550549 , 0.13493101 , -0.16888059 , -9337.643 , 5430.65517 , -2180.7051 , -14317.9819 , -13010.8436 , 10503.5761 , 5579.12248 , -2209.85794 , 5393.56134
0.001848 , 22603.6 , 0.753454 , 3e+22 , 1199.85 , -1410.85 , -2377.86 , 0.503259 , 0.50211 , 0.501487 , 0.00748948713 , -0.0272334964 , 6.28601534 , 33.3363094 , 33.4037103 , 49.1673043 , -0.125441704 , 0.122954546 , -0.168695091 , 15047.2316 , 827.416481 , -17499.4028 , -8185.5479 , -2814.98088 , 8934.71918 , 9904.82488 , -2049.9141 , -13547.2164
0.001856 , 22614.1 , 0.753804 , 3e+22 , -828.899 , -8.63164 , 2524.55 , 0.506487 , 0.494272 , 0.50681 , 0.00248682128 , -0.0288253597 , 6.30748794 , 33.5153916 , 33.550564 , 49.4920258 , -0.140526363 , 0.108169871 , -0.192610245 , -10101.9055 , 10348.1788 , -816.453691 , 5235.88101 , -3164.76456 , 14743.024 , -4362.96979 , 1326.19932 , 19410.4401
0.001864 , 22625.2 , 0.754172 , 3e+22 , 2769.41 , 2865.36 , 1368.16 , 0.49838 , 0.502942 , 0.506921 , 0.00380588616 , -0.0264500747 , 6.32884432 , 33.6835027 , 33.6842888 , 49.8140461 , -0.144461309 , 0.113185179 , -0.175715516 , 17513.9962 , -9.45042492 , -17586.4909 , -16971.4309 , -2729.28136 , -785.254772 , 21543.1492 , 27366.913 , 5930.25616
0.001872 , 22617.2 , 0.753907 , 3e+22 , 1636.13 , 471.314 , 2481.6 , 0.500086 , 0.50162 , 0.506056 , 0.00813176101 , -0.0251728835 , 6.3486523 , 33.8225109 , 33.8707966 , 50.108142 , -0.143947703 , 0.130781177 , -0.184152255 , -8560.07828 , 5213.64513 , 607.221098 , -5743.00418 , -1659.78988 , 11236.268 , 18270.7422 , -2129.62737 , 16225.793
0.00188 , 22642.1 , 0.754736 , 3e+22 , 887.904 , -902.53 , -1400.18 , 0.50717 , 0.504742 , 0.497541 , 0.00788421466 , -0.0289374186 , 6.37199008 , 33.9442335 , 34.0250438 , 50.4364847 , -0.148369333 , 0.12866395 , -0.22337035 , 7490.48569 , 12469.9909 , 1062.31408 , -6526.21103 , -274.789324 , -2048.29187 , 5135.96879 , -4068.16792 , -8796.93822
0.001888 , 22639.4 , 0.754645 , 3e+22 , 614.032 , 1836.42 , 582.546 , 0.504825 , 0.501553 , 0.502889 , 0.0096150733 , -0.0305870577 , 6.39255846 , 34.0650392 , 34.1862123 , 50.7556874 , -0.136779939 , 0.152514355 , -0.26218988 , 4754.18014 , -6858.37703 , 1839.19918 , -1355.08097 , -9153.0977 , 10043.1846 , 4675.28314 , 12460.7082 , 412.961395
0.001896 , 22600.6 , 0.753355 , 3e+22 , -94.0009 , -217.118 , 1481.68 , 0.503054 , 0.501563 , 0.502079 , 0.0115628964 , -0.0317329725 , 6.40921224 , 34.2199436 , 34.3389016 , 50.9865844 , -0.126741112 , 0.161382511 , -0.276282403 , -14116.9118 , -2538.54614 , -3921.51545 , -347.583756 , -3425.78947 , -2014.99633 , 3972.3211 , -9087.27134 , 4491.72795
0.001904 , 22603.6 , 0.753452 , 3e+22 , 1085.52 , 2.84222 , -8.95334 , 0.500512 , 0.504632 , 0.501753 , 0.0123471425 , -0.0314531998 , 6.43033638 , 34.3328657 , 34.5255154 , 51.3149817 , -0.108860216 , 0.155079219 , -0.275805973 , 8380.99307 , 9289.22816 , 7337.21951 , -17252.8667 , 26064.0603 , 3845.10841 , 8202.83378 , -4100.15131 , -6240.9437
0.001912 , 22607.8 , 0.753594 , 3e+22 , -29.1994 , -1176.16 , 1060.54 , 0.508382 , 0.497362 , 0.501429 , 0.0128579164 , -0.0323296996 , 6.45080256 , 34.4219749 , 34.6894206 , 51.6083816 , -0.103715673 , 0.158831278 , -0.270596515 , 8755.5986 , -4989.78677 , 6251.05173 , 12558.0572 , 3359.1676 , -1034.62483 , -5287.53262 , -12527.7525 , 11691.512
0.00192 , 22592.1 , 0.75307 , 3e+22 , -919.011 , 1493.27 , 184.024 , 0.502325 , 0.499765 , 0.504032 , 0.0138321679 , -0.0328229895 , 6.46867788 , 34.5984196 , 34.8219792 , 51.8714521 , -0.0761189139 , 0.189091906 , -0.287741764 , 21762.3245 , -11710.3322 , -379.655829 , -2279.61109 , 15181.9799 , -10332.9518 , -15457.7045 , 3721.60333 , -1804.10479
0.001928 , 22599.4 , 0.753314 , 3e+22 , -60.0982 , 989.421 , 356.557 , 0.500846 , 0.503593 , 0.502182 , 0.0130017803 , -0.0318151385 , 6.4901455 , 34.7404456 , 34.9452652 , 52.2047436 , -0.0612342028 , 0.200766086 , -0.279872419 , -7834.36733 , 289.112207 , -19942.9263 , -8773.69671 , -1810.86272 , -9829.01861 , -1511.56733 , 4467.75519 , 9039.74655
0.001936 , 22606.4 , 0.753548 , 3e+22 , 2108.02 , 222.276 , 1548.47 , 0.501506 , 0.501919 , 0.503632 , 0.0169109677 , -0.0294667017 , 6.51147144 , 34.8755675 , 35.0640646 , 52.5169754 , -0.0226863955 , 0.225979778 , -0.258038828 , 22085.7722 , 17229.0315 , 10508.276 , 53.6842588 , -7610.63549 , -4474.12172 , 15999.8096 , -666.674097 , 7494.47993
0.001944 , 22601.7 , 0.753389 , 3e+22 , -563.318 , -1249.31 , -121.341 , 0.507558 , 0.498657 , 0.500553 , 0.0182070731 , -0.0308076877 , 6.5311101 , 35.0272649 , 35.2047879 , 52.7967144 , -0.0360786228 , 0.253524324 , -0.276384451 , 5018.04198 , 4695.90148 , -1943.87051 , -12895.7776 , -1199.97879 , 18736.2635 , -6863.3179 , -2857.11256 , 4623.21114
0.001952 , 22574.4 , 0.752479 , 3e+22 , -15.6586 , 507.261 , -2189.99 , 0.498693 , 0.497186 , 0.509051 , 0.0198130413 , -0.0295257532 , 6.54776065 , 35.1722604 , 35.373626 , 53.0690694 , -0.0355401897 , 0.254225326 , -0.265289268 , 12538.7062 , -9154.85712 , -3843.42475 , -8711.06834 , 6192.25977 , 8120.03878 , -7927.91696 , -1235.45563 , -11852.8131
0.00196 , 22570.7 , 0.752355 , 3e+22 , -1746.22 , -981.31 , 168.831 , 0.498658 , 0.503387 , 0.502642 , 0.0208972384 , -0.0279337447 , 6.56733336 , 35.2919161 , 35.5464728 , 53.3769018 , -0.0431228638 , 0.257032303 , -0.264248819 , 6303.77534 , 1074.47819 , 6189.2648 , -18241.1444 , 10682.2708 , 17459.4027 , -12862.753 , 2147.55025 , -2539.25199
0.001968 , 22600.7 , 0.753355 , 3e+22 , 2099.38 , -222.298 , -2307.74 , 0.501945 , 0.502514 , 0.502196 , 0.0199196475 , -0.0266436796 , 6.59067575 , 35.4633688 , 35.6881195 , 53.7193385 , -0.0328573412 , 0.256487046 , -0.245834014 , -6683.97314 , 16831.9188 , -13513.5181 , -13379.836 , 2264.46916 , -848.484075 , 11085.464 , 953.184082 , -14042.135
0.001976 , 22585.9 , 0.752863 , 3e+22 , 1936.85 , -3171.5 , 2388.83 , 0.502671 , 0.500461 , 0.502484 , 0.0222320465 , -0.027498457 , 6.60946809 , 35.6657211 , 35.8520595 , 54.0124823 , -0.0257825318 , 0.266617556 , -0.268899792 , 7901.78831 , -7139.10339 , 1884.14247 , -292.019587 , 35038.836 , 13416.3696 , 21878.3624 , -29486.7175 , 24322.4476
0.001984 , 22580.9 , 0.752695 , 3e+22 , 2772.92 , -1538.25 , 1553.05 , 0.501687 , 0.497895 , 0.505738 , 0.0226856453 , -0.0278642159 , 6.62914228 , 35.8157962 , 36.0276838 , 54.3092338 , -0.0506412618 , 0.274676527 , -0.282947011 , 2656.04438 , -2733.28362 , -4735.97491 , 5260.69245 , 9400.73931 , -11082.0172 , 22994.2506 , -4049.92306 , -1579.10185
0.001992 , 22595.3 , 0.753175 , 3e+22 , -2741.25 , 3707.49 , -2791.83 , 0.502112 , 0.498764 , 0.505309 , 0.0225749483 , -0.0303120541 , 6.65094168 , 35.9354824 , 36.1667936 , 54.6467864 , -0.0611674744 , 0.274066757 , -0.326624102 , -16382.8776 , -4702.64066 , 1406.34223 , -4984.05537 , 4423.26751 , 3300.49214 , -17590.3426 , 26747.5375 , -17975.6812
0.002 , 22576.6 , 0.752552 , 3e+22 , 440.616 , 318.728 , 1258.67 , 0.497302 , 0.503508 , 0.504284 , 0.0247963589 , -0.0290002181 , 6.66987589 , 36.0744083 , 36.3167481 , 54.9603474 , -0.0847999538 , 0.303646531 , -0.327848778 , -14808.9824 , -499.820303 , 21884.9722 , 6563.40997 , -11174.0351 , 5997.8016 , 2556.81892 , -4099.06811 , -7865.49791
0.002008 , 22593.7 , 0.753124 , 3e+22 , -3176.02 , 2249.39 , -3739.02 , 0.498139 , 0.504752 , 0.50319 , 0.0206204085 , -0.0320177926 , 6.69146587 , 36.225355 , 36.4068818 , 55.2871152 , -0.0638170266 , 0.292598679 , -0.330777292 , 10138.774 , -1279.84074 , -11523.8476 , -7028.29443 , 12413.5602 , -6844.9138 , -25781.3805 , 13326.2466 , -26654.8795
0.002016 , 22551 , 0.751699 , 3e+22 , -1799.62 , -875.017 , 2983.62 , 0.501066 , 0.500062 , 0.502196 , 0.023191021 , -0.0302800835 , 6.70691799 , 36.3543167 , 36.5411664 , 55.544515 , -0.0609080137 , 0.307951172 , -0.324647591 , 19718.7772 , 12246.8501 , -9935.70034 , 1390.71344 , 18460.3131 , 15141.7848 , -7988.31487 , -14930.7055 , 23193.5626
0.002024 , 22515.7 , 0.750522 , 3e+22 , 2259.25 , -362.666 , -336.268 , 0.49776 , 0.503732 , 0.499522 , 0.0228089154 , -0.0314886051 , 6.72296145 , 36.4801413 , 36.6816593 , 55.8061393 , -0.0944793492 , 0.280195278 , -0.334495527 , -5936.94811 , 1872.24094 , 12210.7773 , -8553.17008 , -13301.908 , -1019.05858 , 18388.3904 , -10326.1607 , -3792.29573
0.002032 , 22493.6 , 0.749786 , 3e+22 , 53.4857 , -2433.24 , -660.503 , 0.501101 , 0.499432 , 0.499002 , 0.0238254124 , -0.0342865207 , 6.74092678 , 36.6058883 , 36.8102058 , 56.1085438 , -0.114236089 , 0.317355858 , -0.341259414 , 14868.5136 , -7438.89564 , -11435.9766 , -4629.65091 , 5880.13248 , 13610.0978 , -6993.52872 , -22500.8416 , 6245.24723
0.00204 , 22485.9 , 0.749531 , 3e+22 , -921.819 , 243.351 , 3606.41 , 0.498421 , 0.496994 , 0.503569 , 0.0244619602 , -0.0324371657 , 6.7595561 , 36.7361609 , 36.9726192 , 56.3985723 , -0.11458451 , 0.297261902 , -0.341571733 , 13496.0421 , -1094.04689 , 11490.0601 , 4762.73491 , 18880.7316 , -5736.64048 , -9843.89764 , 4875.97294 , 19188.2907
0.002048 , 22461.3 , 0.748709 , 3e+22 , -888.432 , -3463.78 , -586.633 , 0.499895 , 0.501263 , 0.496185 , 0.0252327322 , -0.0280759892 , 6.77756284 , 36.8950603 , 37.1232184 , 56.7016162 , -0.120177833 , 0.293918077 , -0.311253492 , 1519.08342 , -9769.69494 , 8664.29104 , -405.174709 , -3278.78798 , 5135.8335 , -9413.67204 , -27912.4017 , 3095.55177
0.002056 , 22499.3 , 0.749975 , 3e+22 , -1300.05 , -666.856 , 385.484 , 0.494872 , 0.496591 , 0.508475 , 0.0241966341 , -0.0303807354 , 6.80200966 , 36.9973286 , 37.2441855 , 57.0787656 , -0.113382161 , 0.301229343 , -0.329033117 , 1408.79176 , 7160.16304 , -13807.8422 , 20978.8247 , 5511.49274 , 2032.29203 , -11347.3124 , -8608.08569 , -5133.0748
0.002064 , 22526.8 , 0.750894 , 3e+22 , 1176.82 , 115.717 , -1745.11 , 0.498956 , 0.497637 , 0.505169 , 0.0254872788 , -0.0255522443 , 6.8258111 , 37.0883782 , 37.3436054 , 57.4321243 , -0.0819991249 , 0.304760217 , -0.31500731 , -11205.0997 , 11321.1955 , 10936.3102 , -11447.0152 , 1375.02102 , -21511.5219 , 23046.0703 , -501.046321 , -22803.1711
0.002072 , 22504.1 , 0.750136 , 3e+22 , -939.548 , -397.814 , -965.826 , 0.50319 , 0.501708 , 0.495364 , 0.0304480138 , -0.0245952836 , 6.84392892 , 37.2501201 , 37.4814681 , 57.7266427 , -0.0752077149 , 0.33257088 , -0.31267202 , -4579.97908 , 9574.63502 , 2436.85883 , -6633.77602 , 8403.70187 , 18469.9838 , -2618.75944 , -1929.32512 , -15718.0328
0.00208 , 22493.9 , 0.749798 , 3e+22 , -743.217 , -1003.59 , 2043.79 , 0.499226 , 0.495656 , 0.50468 , 0.027892677 , -0.027253322 , 6.86284316 , 37.4327568 , 37.6726094 , 58.0484726 , -0.0810305438 , 0.333377275 , -0.308725524 , 1033.91072 , 18374.6521 , -19016.9168 , -11794.1699 , 11764.8309 , -9376.8304 , -2679.03547 , -8633.05261 , 16735.0582
0.002088 , 22517.8 , 0.750593 , 3e+22 , 1504.09 , -1189.44 , -509.683 , 0.49675 , 0.500711 , 0.503704 , 0.0256976731 , -0.0285950259 , 6.88518864 , 37.5935313 , 37.8256793 , 58.404299 , -0.0522515901 , 0.313027663 , -0.320079493 , -657.598662 , -8997.09386 , 4248.99549 , -551.540611 , 759.230809 , -1997.73282 , 20446.6607 , 246.191287 , -13300.6829
0.002096 , 22530.7 , 0.751022 , 3e+22 , 535.137 , -1815.61 , -1523.92 , 0.498199 , 0.50204 , 0.501772 , 0.0256994947 , -0.0328786849 , 6.9074986 , 37.7217181 , 37.9731342 , 58.7422795 , -0.071906022 , 0.293649875 , -0.346316956 , -6546.03911 , 14961.7842 , 13953.3637 , -15675.9268 , -1466.06271 , -478.641224 , 7744.66876 , -18429.4898 , -20767.2773
0.002104 , 22533.5 , 0.751117 , 3e+22 , -830.234 , 2365.1 , 205.161 , 0.499397 , 0.502263 , 0.500538 , 0.0235447263 , -0.0330701078 , 6.92838399 , 37.8351858 , 38.1191928 , 59.0490292 , -0.0455987819 , 0.288819327 , -0.338707452 , -3853.80882 , -13216.8287 , 16283.4145 , -6223.50507 , 11032.1774 , -9331.9843 , -4271.89408 , 22197.3934 , 3432.41882
0.002112 , 22555.8 , 0.75186 , 3e+22 , -206.882 , -580.796 , 3188.59 , 0.50312 , 0.500087 , 0.500454 , 0.0223246648 , -0.0309125305 , 6.9511225 , 38.0029237 , 38.2819395 , 59.3776252 , -0.0146270171 , 0.263398579 , -0.312614309 , -6365.35998 , -15993.2305 , -17796.8982 , -2385.01877 , 15107.9271 , -20132.7836 , -1012.20454 , 7235.26888 , 25810.4824
0.00212 , 22546.3 , 0.751543 , 3e+22 , 744.149 , 605.701 , 142.902 , 0.501331 , 0.502448 , 0.499301 , 0.0234640982 , -0.0282509101 , 6.97019374 , 38.1351927 , 38.398955 , 59.7073116 , 0.00544465826 , 0.250431102 , -0.287535746 , 15462.4588 , -4266.02704 , -5863.61339 , 28361.4231 , 1405.07929 , -9983.38343 , 12481.3969 , 10470.6175 , 2998.14532
0.002128 , 22557.7 , 0.751923 , 3e+22 , -1179.25 , 833.479 , -148.294 , 0.501402 , 0.501886 , 0.500545 , 0.0255677137 , -0.0285429637 , 6.99230339 , 38.3126429 , 38.5360935 , 60.0637745 , -0.0140504541 , 0.262849996 , -0.304621254 , -3029.51851 , 14615.1025 , -1718.8048 , -19037.1897 , 8140.81834 , 20525.6742 , -3822.44315 , 7137.25184 , -14159.8416
0.002136 , 22535.4 , 0.751179 , 3e+22 , -343.945 , -165.063 , -317.403 , 0.502005 , 0.501288 , 0.499063 , 0.0276929349 , -0.0254160334 , 7.01021822 , 38.4561988 , 38.6912207 , 60.3567193 , -0.0173749261 , 0.292556143 , -0.272496818 , -1239.04567 , -6427.23052 , -22188.998 , -4050.38613 , 18461.6945 , 4404.06831 , -14566.9217 , -4079.22199 , -4077.30436
0.002144 , 22565.3 , 0.752175 , 3e+22 , 1150.93 , -1541.74 , -1173.31 , 0.502639 , 0.501764 , 0.499919 , 0.0271547276 , -0.0248967589 , 7.03353117 , 38.574448 , 38.8620373 , 60.7063696 , -0.0175654151 , 0.315845287 , -0.275804603 , 2165.50588 , 6470.23912 , -11740.9691 , 7504.93126 , 14384.4545 , 7976.53858 , 11840.3182 , -15974.7299 , -8739.47677
0.002152 , 22583.9 , 0.752797 , 3e+22 , 1199.2 , -1725.01 , 2625.27 , 0.498736 , 0.505649 , 0.501145 , 0.0276719592 , -0.023662974 , 7.05579629 , 38.7526444 , 38.9680017 , 61.0607082 , -0.0138359114 , 0.31900062 , -0.262833651 , -3321.49208 , -20332.6415 , 13113.9273 , 5910.52006 , 4682.85801 , -20711.6956 , 17445.8951 , -16873.4845 , 29063.1245
0.00216 , 22576.1 , 0.752536 , 3e+22 , -2951.57 , -1061.83 , -910.027 , 0.503736 , 0.501737 , 0.499539 , 0.0282592086 , -0.0272814689 , 7.07583651 , 38.8812487 , 39.1137109 , 61.3730246 , -0.00689981283 , 0.339716046 , -0.308335393 , -3284.36484 , -13669.3589 , -10018.4235 , 11493.6547 , -1763.48822 , -999.925217 , -33980.7643 , 2961.96936 , -7956.61247
0.002168 , 22586.7 , 0.752891 , 3e+22 , -911.933 , -1242.22 , 2071.86 , 0.503895 , 0.501098 , 0.500752 , 0.0302286692 , -0.0296743489 , 7.09729111 , 38.9917352 , 39.2803177 , 61.7169591 , -0.00557121378 , 0.372974605 , -0.324199723 , -5120.75931 , 13391.1614 , 4739.18631 , 17522.3365 , 8771.24921 , 8945.44099 , -11764.6673 , -11977.04 , 7914.4927
0.002176 , 22585.4 , 0.752845 , 3e+22 , 2163.94 , 53.759 , 1334.56 , 0.498057 , 0.506176 , 0.50142 , 0.0280115285 , -0.0328096044 , 7.11633384 , 39.1097117 , 39.3774768 , 62.0352023 , 0.001679281 , 0.337501346 , -0.332712103 , 10437.7184 , 1084.3663 , 12505.2359 , -17209.3225 , -8679.35379 , 4410.61705 , 18158.7968 , 242.886543 , 12876.7112
0.002184 , 22568.5 , 0.752283 , 3e+22 , 1731.33 , 1949.98 , 2700.8 , 0.502305 , 0.507661 , 0.49452 , 0.0273146822 , -0.0351045433 , 7.134984 , 39.2642492 , 39.5296497 , 62.3643143 , -0.0288367177 , 0.341978 , -0.331067986 , 7719.88165 , -4066.85804 , -9433.27818 , -10788.5221 , 14566.4459 , 9359.05409 , 15676.2038 , 17140.4603 , 19737.2746
0.002192 , 22549.8 , 0.75166 , 3e+22 , 691.342 , 1420.78 , 1223.37 , 0.500192 , 0.504126 , 0.498981 , 0.0261237579 , -0.0341080376 , 7.15367919 , 39.4080962 , 39.6148941 , 62.6701692 , -0.0055895301 , 0.338516938 , -0.329675903 , -3341.99785 , 2674.60104 , -3140.67506 , -18718.9777 , 2302.97709 , -6230.30249 , 10714.7788 , 14157.9909 , 4747.19169
0.0022 , 22566 , 0.752201 , 3e+22 , 447.974 , 666.727 , 280.384 , 0.501361 , 0.502822 , 0.500215 , 0.0291046465 , -0.0358884017 , 7.1760155 , 39.5589074 , 39.7445561 , 63.0131626 , -0.00172620162 , 0.355101548 , -0.328811785 , 9441.23172 , 10670.4733 , -11463.4767 , -9560.37764 , 10566.1788 , -3564.15015 , 3617.39327 , 65.0319378 , -1770.84919
0.002208 , 22589.1 , 0.752971 , 3e+22 , -1731.06 , 918.653 , 369.195 , 0.502949 , 0.499818 , 0.503153 , 0.0328952131 , -0.0367534876 , 7.19832102 , 39.7498123 , 39.8822752 , 63.3959019 , 0.015942172 , 0.352206303 , -0.320910218 , -1101.71347 , 26071.6545 , 22211.0804 , -13669.427 , 5126.83052 , -5917.53856 , -13789.3415 , 1519.03128 , -645.815308
0.002216 , 22603.4 , 0.753448 , 3e+22 , -1738.6 , 1044.29 , -2616.21 , 0.497258 , 0.502756 , 0.50682 , 0.0307781687 , -0.0369595538 , 7.21970484 , 39.8886669 , 40.0029695 , 63.7552385 , 0.00558672179 , 0.347995854 , -0.300637008 , -2381.82732 , -3613.07353 , 11606.1307 , -8648.99677 , 6206.49785 , 1194.30725 , -12725.6238 , 382.111749 , -29721.362
0.002224 , 22661.4 , 0.755379 , 3e+22 , -3442.66 , 848.186 , -4873.52 , 0.498689 , 0.504675 , 0.507187 , 0.0307359581 , -0.0357076355 , 7.24625219 , 40.0510882 , 40.1352654 , 64.1660817 , 0.0271407258 , 0.380343835 , -0.303787927 , -14461.8146 , -2889.97979 , 3315.40624 , 3428.1777 , -6740.68253 , 3856.3498 , -39601.1998 , 9143.14369 , -43664.8341
0.002232 , 22617.6 , 0.753919 , 3e+22 , -2595.78 , -1993.65 , -1515.64 , 0.503171 , 0.504017 , 0.500576 , 0.0350836178 , -0.0324747285 , 7.26231648 , 40.1877627 , 40.2226577 , 64.4359319 , 0.0706840625 , 0.415482093 , -0.276929506 , -15203.7775 , 3487.1198 , -5371.17595 , 8800.87921 , 11060.8998 , -2272.40135 , -15852.1831 , -5935.33798 , -5694.45385
0.00224 , 22583.5 , 0.752783 , 3e+22 , 1980.86 , -1505.25 , -1549.03 , 0.501289 , 0.498295 , 0.505933 , 0.0285184052 , -0.0324387015 , 7.27933314 , 40.3283048 , 40.3619139 , 64.7435693 , 0.0832507919 , 0.383976091 , -0.25401066 , 12344.6279 , 5959.44027 , 14573.0939 , 1932.40471 , -17256.0844 , -3693.71798 , 19986.9569 , -10181.0875 , -24778.3563
0.002248 , 22540.5 , 0.751352 , 3e+22 , -1713.19 , -1380.3 , -3149.86 , 0.503058 , 0.499965 , 0.499596 , 0.028097412 , -0.0373185989 , 7.29524373 , 40.4946697 , 40.5010363 , 65.0390226 , 0.0707513365 , 0.374553401 , -0.286496819 , 2263.91782 , -3414.24624 , -13301.9878 , 4587.47537 , 9548.56442 , -17122.849 , -14566.9639 , -11239.0434 , -26654.4489
0.002256 , 22550.6 , 0.751688 , 3e+22 , 1304.33 , -138.118 , 1104.66 , 0.500457 , 0.500145 , 0.502758 , 0.0243035034 , -0.0352843723 , 7.31685484 , 40.6838133 , 40.6955581 , 65.3812135 , 0.0811707693 , 0.345664064 , -0.293304351 , 8264.23429 , -2668.44053 , -4302.37808 , -1145.07187 , -11746.8962 , -5006.39873 , -2146.64796 , 358.549062 , 18000.9585
0.002264 , 22553.7 , 0.75179 , 3e+22 , -454.149 , 1657.87 , -328.266 , 0.503855 , 0.499494 , 0.500213 , 0.0251345475 , -0.0328392983 , 7.33739215 , 40.8657944 , 40.7873823 , 65.7397324 , 0.0753921311 , 0.334770149 , -0.273808581 , 11843.2223 , 6890.69419 , -8350.29909 , 489.769337 , 4959.41273 , -2490.25978 , -8577.82589 , 9821.3064 , 3530.47976
0.002272 , 22552.8 , 0.751759 , 3e+22 , 718.741 , -1277.03 , 1173.01 , 0.496658 , 0.505562 , 0.501277 , 0.0221371162 , -0.0311025088 , 7.35706054 , 41.0115888 , 40.889743 , 66.0568559 , 0.0733251557 , 0.330827993 , -0.265996259 , -2630.5146 , -6778.74426 , -7421.33993 , 17237.0952 , 10228.4739 , 6016.36468 , 8695.20298 , -10040.5315 , -1109.14776
0.00228 , 22578.5 , 0.752616 , 3e+22 , -360.092 , -1422.43 , -862.097 , 0.49592 , 0.503415 , 0.50588 , 0.0193329672 , -0.034459701 , 7.38008572 , 41.1625339 , 41.0470079 , 66.4406469 , 0.0775756677 , 0.332111165 , -0.286013854 , 3289.6942 , -997.313385 , -326.095146 , 8975.96684 , 22255.5142 , 10915.3151 , -2999.00276 , -15429.8018 , -14367.1041
0.002288 , 22563.5 , 0.752117 , 3e+22 , 810.99 , 3002.5 , -2801.67 , 0.503904 , 0.499541 , 0.50069 , 0.0185496673 , -0.0354235479 , 7.3980332 , 41.3442117 , 41.181762 , 66.7424282 , 0.0288577953 , 0.312731394 , -0.288098869 , 8062.91909 , 11363.8589 , 1309.73878 , 3404.51741 , -1961.34297 , 9256.25674 , 11618.852 , 23549.8107 , -21113.7175
0.002296 , 22567.4 , 0.752248 , 3e+22 , -1038.14 , -1606.23 , -2752.26 , 0.503612 , 0.497397 , 0.503423 , 0.0210682644 , -0.0371362609 , 7.41919819 , 41.4937213 , 41.3383606 , 67.097111 , 0.0356081681 , 0.342018562 , -0.30662168 , 9967.2059 , 645.545966 , 1126.47626 , 3866.48887 , 17494.6985 , 17487.5313 , -1297.85129 , -7656.40579 , -30976.7299
0.002304 , 22570.5 , 0.752351 , 3e+22 , 3832.76 , 235.782 , 462.372 , 0.501567 , 0.499375 , 0.503675 , 0.0227332343 , -0.0388703451 , 7.43966484 , 41.6338818 , 41.4785446 , 67.4329174 , 0.0351763318 , 0.340438732 , -0.326710457 , -2009.19271 , 7389.82892 , -6190.98709 , 23156.2723 , 6565.55964 , -2595.77909 , 35483.0262 , 11686.1952 , 273.680075
0.002312 , 22539.8 , 0.751327 , 3e+22 , 281.462 , -453.609 , 1066.4 , 0.500941 , 0.501227 , 0.500478 , 0.0250491449 , -0.041162465 , 7.45698196 , 41.7548634 , 41.6122864 , 67.7577434 , 0.0477816053 , 0.383507997 , -0.380033776 , 525.215615 , -9483.2465 , -18674.115 , 6916.74248 , 13900.9033 , 7273.32377 , 6755.69437 , -4390.05393 , 12279.6272
0.00232 , 22533.1 , 0.751104 , 3e+22 , 2570.08 , 2760.73 , -84.1327 , 0.49913 , 0.498223 , 0.504773 , 0.0308762953 , -0.0411105101 , 7.47624876 , 41.8822568 , 41.734383 , 68.0884524 , 0.0467970109 , 0.435377576 , -0.367273435 , -3022.06814 , -1785.20018 , 439.330675 , -8188.47074 , 5655.36144 , -15272.8437 , 20162.1456 , 31935.1169 , -4321.07537
0.002328 , 22561.9 , 0.752064 , 3e+22 , -280.139 , 766.442 , -641.042 , 0.504103 , 0.496442 , 0.503576 , 0.0299373914 , -0.0428838747 , 7.49913246 , 42.0247849 , 41.8803666 , 68.4480685 , 0.0402274363 , 0.425161724 , -0.363936171 , 18995.301 , 13928.6536 , -15404.0233 , 15404.2787 , 14612.4818 , 18807.9561 , 5951.98107 , 1441.74662 , -1066.26466
0.002336 , 22565.1 , 0.75217 , 3e+22 , 2466.64 , -997.598 , 3625.79 , 0.501926 , 0.504623 , 0.497676 , 0.0309520624 , -0.0445029681 , 7.5196644 , 42.1443694 , 42.0234198 , 68.8073752 , 0.0158909031 , 0.446369394 , -0.367443134 , 27633.6067 , -32.1634737 , -7538.15924 , -19108.932 , -6441.73057 , -3473.07022 , 8066.07305 , -3175.95342 , 36095.5052
0.002344 , 22559.1 , 0.751969 , 3e+22 , -642.358 , 4341.77 , 5804.08 , 0.498254 , 0.501892 , 0.50349 , 0.033385702 , -0.0445679219 , 7.53885774 , 42.2855885 , 42.1640324 , 69.1509266 , -0.00222386808 , 0.421835362 , -0.369190323 , 5923.49161 , 16907.1575 , -9810.89652 , 16943.1532 , 18880.1989 , -10070.7619 , -4776.12958 , 32786.8842 , 40696.7249
0.002352 , 22543.3 , 0.751443 , 3e+22 , 610.687 , -469.882 , 834.622 , 0.497364 , 0.500469 , 0.505045 , 0.02719144 , -0.0446650141 , 7.55734631 , 42.4543471 , 42.3438164 , 69.4520964 , 0.00902427673 , 0.381944843 , -0.37191734 , 1556.27881 , -22635.6168 , 5913.65869 , -31410.1694 , -758.369208 , -25590.5344 , 6219.97975 , 5383.49671 , 15877.3727
0.00236 , 22570.4 , 0.752345 , 3e+22 , -1533.59 , 459.196 , 677.005 , 0.504983 , 0.502723 , 0.496968 , 0.0248264048 , -0.0422724458 , 7.58030751 , 42.6031118 , 42.4927489 , 69.8131298 , -0.0405096342 , 0.358612691 , -0.356208635 , 481.342142 , 7029.00279 , -1207.77431 , -5123.54953 , -6502.48608 , -6737.77113 , -8992.91622 , 6807.84491 , 4638.01403
0.002368 , 22550.7 , 0.751691 , 3e+22 , -29.7598 , 725.265 , -2152 , 0.504048 , 0.500158 , 0.499147 , 0.0234844813 , -0.0409133901 , 7.59849078 , 42.7258203 , 42.6064517 , 70.1442637 , -0.0503771099 , 0.355660679 , -0.344584409 , -9750.12859 , -9336.58322 , -1885.85087 , 1166.5366 , -4426.67656 , 12989.2169 , 5096.76951 , -4377.97546 , -23201.0082
0.002376 , 22554.1 , 0.751803 , 3e+22 , 1389.24 , -664.349 , 265.308 , 0.497262 , 0.50341 , 0.50292 , 0.0196476417 , -0.0417506541 , 7.61898711 , 42.8926275 , 42.72957 , 70.5153374 , -0.0356665461 , 0.322410079 , -0.327661731 , -546.091566 , 908.549718 , -5377.11972 , 1802.17491 , 16496.2505 , -13049.0391 , 21584.5977 , 1606.03165 , 8814.05484
0.002384 , 22547.9 , 0.751598 , 3e+22 , 1653.04 , 431.442 , -716.689 , 0.50572 , 0.497045 , 0.500411 , 0.0202758429 , -0.0408788425 , 7.63839744 , 43.0063742 , 42.8329767 , 70.859095 , -0.04097242 , 0.320859212 , -0.326291083 , -2324.20534 , 4112.62014 , -13456.6179 , 2842.41896 , 16370.7961 , -119.118226 , 21992.666 , 19825.726 , -14963.5014
0.002392 , 22529.9 , 0.750997 , 3e+22 , -1238.48 , 395.843 , 104.332 , 0.503924 , 0.500289 , 0.497771 , 0.0195183743 , -0.0431599923 , 7.65630826 , 43.1945572 , 42.9482945 , 71.1643822 , -0.028328153 , 0.330212134 , -0.346827095 , 12585.9141 , -3954.71322 , -1995.70429 , -2631.96151 , 14163.524 , 1884.38767 , -11259.007 , 4274.52481 , 2249.845
0.0024 , 22505.8 , 0.750193 , 3e+22 , 1655.06 , 1731.49 , 174.692 , 0.501741 , 0.497062 , 0.501549 , 0.0214078185 , -0.0429315993 , 7.67361023 , 43.3448139 , 43.1353531 , 71.4683503 , -0.0457087401 , 0.326599769 , -0.338158554 , 5458.78165 , 8793.46517 , -15980.5114 , -23263.0356 , 8907.45578 , 13248.8225 , 22071.2713 , 4945.70147 , 5264.48977
0.002408 , 22511.5 , 0.750382 , 3e+22 , -1267.66 , 1159.24 , 369.786 , 0.497964 , 0.498228 , 0.504554 , 0.0187804435 , -0.0406219777 , 7.69493255 , 43.4395162 , 43.2539238 , 71.8425753 , -0.0643592388 , 0.31929666 , -0.33972747 , 32462.5097 , -23625.3163 , -7458.75695 , -2333.15246 , 690.822155 , 7990.76808 , -540.265913 , 6800.41861 , 2192.43035
0.002416 , 22520.4 , 0.75068 , 3e+22 , -2509.2 , 712.438 , 237.176 , 0.500224 , 0.50135 , 0.499748 , 0.0151746799 , -0.0400991842 , 7.7164402 , 43.572296 , 43.3601379 , 72.1827257 , -0.0447675032 , 0.304215422 , -0.293272958 , 2269.53746 , -8190.72189 , 9312.0963 , -4902.80852 , -9022.49844 , -7119.18855 , -23093.1387 , 16424.6924 , -7909.64759
0.002424 , 22514.6 , 0.750485 , 3e+22 , -1435.78 , 40.7866 , -2636.01 , 0.496948 , 0.50334 , 0.500631 , 0.0143643397 , -0.0382428877 , 7.73564349 , 43.7027189 , 43.5301036 , 72.5314033 , -0.0824309746 , 0.307181195 , -0.294775882 , 6030.72338 , -7230.3064 , -5508.11779 , 14879.8082 , -7249.04734 , -4452.26066 , -21417.4825 , -6056.76622 , -35760.6757
0.002432 , 22521.3 , 0.75071 , 3e+22 , -678.977 , 497.535 , -893.561 , 0.501071 , 0.504685 , 0.495656 , 0.016029667 , -0.0405822271 , 7.7571725 , 43.8235529 , 43.6638154 , 72.9194708 , -0.0619342941 , 0.322304042 , -0.30736907 , 3979.49554 , 4535.03019 , -4857.24093 , 16811.2678 , 26562.5236 , -16224.1343 , -9230.16256 , 2320.40315 , -9632.49082
0.00244 , 22498.9 , 0.749964 , 3e+22 , -221.569 , 1614.63 , 2810.78 , 0.505032 , 0.504462 , 0.490375 , 0.0185607216 , -0.0439506405 , 7.77517656 , 43.9476583 , 43.8226237 , 73.2620185 , -0.0571044415 , 0.352549016 , -0.30823759 , 10794.1829 , 3934.30866 , 20401.7337 , -11068.6632 , 19058.3121 , -9323.91493 , -2573.26543 , 14110.9151 , 26881.0726
0.002448 , 22497 , 0.749901 , 3e+22 , 1900.31 , -162.78 , -650.904 , 0.499421 , 0.497196 , 0.503162 , 0.0206304119 , -0.0446918949 , 7.79502051 , 44.1113739 , 43.9696867 , 73.6048806 , -0.0514340145 , 0.385515336 , -0.327150181 , -12067.9012 , -11684.9082 , -2993.62044 , -11800.0979 , 12848.0875 , -1025.6749 , 11853.0424 , -13294.8964 , -12825.914
0.002456 , 22509.4 , 0.750315 , 3e+22 , 297.8 , 326.311 , -715.153 , 0.498792 , 0.502569 , 0.499264 , 0.0224075649 , -0.0471265276 , 7.81593213 , 44.3014313 , 44.1208932 , 73.9521124 , -0.059803963 , 0.394230684 , -0.360355003 , 22340.815 , -2208.8515 , -2113.46838 , -9417.7254 , -2554.08347 , -13708.2158 , -9869.26977 , -2365.37776 , -9041.45378
0.002464 , 22488.3 , 0.749611 , 3e+22 , -160.046 , -441.669 , -1147.76 , 0.500089 , 0.497819 , 0.501306 , 0.0184576095 , -0.0455605741 , 7.8338682 , 44.3803474 , 44.3019408 , 74.2764942 , -0.0570439836 , 0.365486391 , -0.348976257 , -13620.595 , 2847.12906 , 7011.53393 , -8907.14438 , 25080.1436 , 7358.67542 , 5798.15077 , -3183.15214 , -11276.6053
0.002472 , 22485 , 0.749501 , 3e+22 , -2043.77 , -2774.61 , 5504.4 , 0.499618 , 0.497131 , 0.502013 , 0.0200174079 , -0.0459806588 , 7.85335985 , 44.5117732 , 44.4101182 , 74.6219027 , -0.0693003624 , 0.383467174 , -0.378523989 , 15011.8425 , -9976.1461 , -6167.37197 , -13849.654 , -13640.7993 , 6489.16554 , -17326.4067 , -37237.8638 , 45378.2493
0.00248 , 22481.3 , 0.749376 , 3e+22 , 891.721 , 3362.73 , 1010.49 , 0.497525 , 0.499132 , 0.502021 , 0.0192629379 , -0.047721604 , 7.87264879 , 44.6097558 , 44.5316414 , 74.9534659 , -0.0887482188 , 0.387562904 , -0.424635489 , 11643.4998 , -4288.21951 , -3857.39349 , 1180.62351 , 4322.56063 , 2017.90575 , 13356.6134 , 35295.5486 , 4959.49707
0.002488 , 22517.9 , 0.750596 , 3e+22 , -612.638 , -23.4083 , 290.064 , 0.497226 , 0.505269 , 0.498694 , 0.0210826634 , -0.0453115897 , 7.89667598 , 44.7271823 , 44.693738 , 75.3715282 , -0.0998430275 , 0.372770729 , -0.421692609 , -18379.4635 , 6817.89991 , 17454.702 , -19110.2093 , 11020.7979 , 257.965451 , -804.901426 , 7780.02151 , -2281.6945
0.002496 , 22529.5 , 0.750984 , 3e+22 , -927.878 , -1341.4 , -2449.15 , 0.494692 , 0.506982 , 0.500245 , 0.018745157 , -0.0410921062 , 7.91855916 , 44.9025699 , 44.8398033 , 75.7620449 , -0.11951449 , 0.374566702 , -0.35481153 , -676.661892 , 17943.6086 , -13043.2864 , -7249.36362 , 1848.70327 , 3586.23911 , -8905.4928 , -14628.5406 , -16521.1394
0.002504 , 22561.3 , 0.752045 , 3e+22 , -868.57 , 2819.88 , -1387.54 , 0.499814 , 0.503275 , 0.500941 , 0.0206250719 , -0.040770535 , 7.94106688 , 45.0163249 , 44.9886944 , 76.1382817 , -0.0934775823 , 0.372219768 , -0.373658512 , -16321.5448 , -19145.3067 , -2449.89026 , -12881.477 , 4468.93645 , -16384.2619 , -11790.1163 , 29404.2465 , -15648.5439
0.002512 , 22552.1 , 0.751738 , 3e+22 , 862.94 , -2744.99 , 696.331 , 0.502531 , 0.502375 , 0.49852 , 0.020198371 , -0.0418111947 , 7.96058054 , 45.1751082 , 45.1295735 , 76.4915978 , -0.0881980226 , 0.350592418 , -0.40696191 , -12818.2712 , -8627.91302 , -15278.8306 , -810.237637 , -17798.1826 , -8250.85462 , 228.201095 , -25087.4961 , -612.451141
0.00252 , 22556.7 , 0.751891 , 3e+22 , -293.873 , -1161.9 , 2518.61 , 0.505986 , 0.499467 , 0.498284 , 0.0206849178 , -0.0442969268 , 7.98120446 , 45.30574 , 45.2643179 , 76.8363244 , -0.0938574394 , 0.348770014 , -0.433221306 , 11799.9498 , 11859.9049 , 13430.1277 , 18451.775 , -4343.69305 , -8541.77024 , 138.573837 , -2507.01666 , 22909.8571
0.002528 , 22554.4 , 0.751814 , 3e+22 , -1071.03 , -2288.21 , 2342.1 , 0.499048 , 0.504223 , 0.50029 , 0.0204010268 , -0.0471688008 , 8.0017397 , 45.4102557 , 45.3951905 , 77.1655095 , -0.123008504 , 0.351253752 , -0.450046222 , 9592.49271 , 1033.23486 , 1564.44395 , -13724.4882 , -4457.04193 , 17861.5175 , -2158.41792 , -31814.5034 , 23497.8524
0.002536 , 22582.7 , 0.752757 , 3e+22 , 1899.58 , 508.915 , 1528.14 , 0.501777 , 0.498867 , 0.504834 , 0.0163402524 , -0.0470687852 , 8.02563736 , 45.5631974 , 45.5234434 , 77.5965421 , -0.133184174 , 0.334550208 , -0.465589628 , 14360.8072 , -18815.705 , 10044.8357 , 10946.6176 , 535.153715 , -13333.4149 , 22750.1384 , 9103.18007 , 13698.7071
0.002544 , 22572.2 , 0.752406 , 3e+22 , 1324.96 , -1367.23 , -744.024 , 0.503124 , 0.498572 , 0.503091 , 0.0141735484 , -0.049850803 , 8.04492187 , 45.6912934 , 45.6122535 , 77.9579638 , -0.122929465 , 0.341123129 , -0.491424381 , 5730.62906 , 31426.103 , 1838.81686 , 3097.81514 , -4430.35755 , 16079.5299 , 3024.44564 , -15997.2349 , -12682.021
0.002552 , 22586.3 , 0.752877 , 3e+22 , -54.0719 , -2861.72 , 2451.06 , 0.497643 , 0.502874 , 0.505155 , 0.0126643408 , -0.0536673204 , 8.06663205 , 45.8430453 , 45.8185534 , 78.3462294 , -0.0806065055 , 0.352028191 , -0.515151421 , 7040.7872 , 20538.8405 , 596.789014 , 2925.82218 , -3187.40132 , 8077.74482 , 6732.48668 , -19131.3784 , 20798.5686
0.00256 , 22607.3 , 0.753576 , 3e+22 , 821.592 , -392.775 , 721.18 , 0.499883 , 0.502465 , 0.504796 , 0.0167269909 , -0.0513624237 , 8.08878029 , 46.0220469 , 45.9202742 , 78.7358809 , -0.0888105245 , 0.38267045 , -0.521323006 , 15153.1195 , 18528.4785 , -8120.52444 , -4648.84892 , 20586.616 , -12435.5374 , -9500.45986 , 4147.54113 , 8684.43458
0.002568 , 22622.1 , 0.75407 , 3e+22 , 1797.92 , -3211.64 , 33.3381 , 0.503205 , 0.4997 , 0.505158 , 0.0104091942 , -0.0505095971 , 8.11037891 , 46.120213 , 46.040105 , 79.1035414 , -0.0828918014 , 0.312306997 , -0.506671204 , 7459.21588 , -16841.7854 , -4262.53107 , 22449.6437 , 6392.33851 , -11311.5923 , 11782.838 , -24723.5807 , -4750.37378
0.002576 , 22631.6 , 0.754386 , 3e+22 , 2540.37 , 1379.88 , 1164.54 , 0.500782 , 0.503162 , 0.504774 , 0.0103022975 , -0.054219544 , 8.13154501 , 46.3390248 , 46.1702797 , 79.5005758 , -0.0573236528 , 0.289286247 , -0.549771583 , 19851.83 , -10705.9233 , -646.975353 , -7685.66205 , 2354.16001 , -16150.9014 , 32532.4109 , 20119.0103 , 8280.11669
0.002584 , 22627.4 , 0.754247 , 3e+22 , 954.913 , 1138.57 , 1229.25 , 0.504228 , 0.505547 , 0.498697 , 0.00928216135 , -0.0585054238 , 8.15139711 , 46.5193434 , 46.2528253 , 79.8567458 , -0.0339779648 , 0.254040111 , -0.570387026 , 7889.14564 , -202.029967 , 9942.48835 , 8003.89242 , -12186.5877 , -26546.9389 , 6820.25809 , 1688.92262 , 15758.5739
0.002592 , 22644.3 , 0.75481 , 3e+22 , 2500.07 , -867.43 , 441.707 , 0.497444 , 0.506527 , 0.505609 , 0.0111936986 , -0.0580962198 , 8.17291066 , 46.6921728 , 46.4282261 , 80.2573066 , -0.0525179542 , 0.285995283 , -0.563054194 , -10494.148 , 9884.80923 , -17314.5098 , 2106.67407 , 24727.9525 , -797.176176 , 14142.7294 , -10508.1203 , -632.074404
0.0026 , 22633.9 , 0.754464 , 3e+22 , 528.688 , 729.082 , 65.8728 , 0.503795 , 0.503922 , 0.501206 , 0.010745639 , -0.0597543729 , 8.19214586 , 46.8365533 , 46.6149905 , 80.5798371 , -0.0401619691 , 0.289743857 , -0.580027379 , 23445.6891 , -14737.9571 , -2548.2279 , 4285.53532 , -12055.3033 , -1250.13883 , 18393.7249 , 10191.2991 , -7013.84887
0.002608 , 22664.7 , 0.755489 , 3e+22 , 689.726 , 1875.91 , -1751.57 , 0.499077 , 0.508282 , 0.503579 , 0.0120743982 , -0.0583391748 , 8.21609485 , 46.9699132 , 46.7616601 , 80.9843356 , -0.0539376048 , 0.310637096 , -0.575957105 , 7789.73104 , -977.603724 , 17876.5563 , 6818.62492 , 25886.3013 , -12623.4867 , 13258.0129 , 22697.7956 , -11359.2448
0.002616 , 22661.8 , 0.755392 , 3e+22 , -2240.8 , -1473.38 , 960.67 , 0.507761 , 0.502042 , 0.500936 , 0.0105451764 , -0.0551794808 , 8.23550459 , 47.13156 , 46.9519944 , 81.3686619 , -0.0657676427 , 0.31649501 , -0.561825226 , 17716.5669 , -18533.1907 , 4519.35674 , -12915.1774 , 900.924501 , 7786.51364 , -23105.225 , -15869.5592 , 14987.746
0.002624 , 22673 , 0.755765 , 3e+22 , 1056.57 , 655.401 , -356.054 , 0.501969 , 0.509438 , 0.500115 , 0.0120006431 , -0.0572616683 , 8.25689666 , 47.2562266 , 47.1133557 , 81.7498548 , -0.082852133 , 0.305602863 , -0.579578807 , -19393.9233 , -1536.28682 , -5876.74147 , 21086.8562 , 5639.68176 , -9075.66233 , 19068.0403 , 736.655312 , -13588.4579
0.002632 , 22660.5 , 0.75535 , 3e+22 , 300.111 , -213.342 , -294.759 , 0.506887 , 0.500288 , 0.503524 , 0.00822115513 , -0.0574436786 , 8.27633753 , 47.4158083 , 47.2479294 , 82.0984693 , -0.0796717102 , 0.267973884 , -0.593975398 , -11145.2223 , -15042.9113 , 916.889462 , 4271.16856 , 12115.1613 , -7850.87318 , 5462.99117 , 563.856245 , -7044.12517
0.00264 , 22674.4 , 0.755813 , 3e+22 , -3258.62 , -805.613 , -3.6621 , 0.504711 , 0.501994 , 0.504857 , 0.00819666863 , -0.0565284976 , 8.29860817 , 47.5744996 , 47.398417 , 82.5134062 , -0.0613220979 , 0.297437265 , -0.568172358 , -11419.2957 , -11259.3258 , -1582.99023 , -2224.97752 , 1510.49144 , -7982.67947 , -35503.4293 , -10199.0178 , -12134.3785
0.002648 , 22641 , 0.754701 , 3e+22 , 3854.81 , 1443.96 , -1641.74 , 0.504915 , 0.497245 , 0.50713 , 0.00929672667 , -0.0563954843 , 8.31558235 , 47.6444468 , 47.561787 , 82.8462871 , -0.0623513387 , 0.292245726 , -0.550706957 , 14617.8513 , 8395.37155 , -8763.00154 , -2838.89101 , 15733.7396 , -9858.03053 , 35266.6461 , 18503.6636 , -20854.8555
0.002656 , 22622.5 , 0.754082 , 3e+22 , 692.159 , 1879.44 , -1695.68 , 0.50301 , 0.506276 , 0.498839 , 0.00865240896 , -0.055920653 , 8.33403631 , 47.8088641 , 47.6954965 , 83.2197804 , -0.0531685704 , 0.284630653 , -0.516400562 , 8644.21587 , 1859.98804 , -12241.7963 , 11569.9857 , 13045.7107 , 11299.7596 , 4439.64463 , 9092.83199 , -15852.1665
0.002664 , 22617.8 , 0.753928 , 3e+22 , 3669.03 , -182.756 , 3766.98 , 0.506722 , 0.500732 , 0.500246 , 0.00708468795 , -0.0539542143 , 8.35409636 , 47.971092 , 47.8322508 , 83.5905727 , -0.0120781076 , 0.258429116 , -0.480468357 , 9652.09219 , -2257.1937 , 4505.51875 , -5646.80049 , 11259.5909 , -5762.54565 , 39599.055 , 3789.08894 , 48949.13
0.002672 , 22593.8 , 0.753126 , 3e+22 , 1322.16 , -1657.63 , 1904.38 , 0.503257 , 0.502023 , 0.500924 , 0.00861344816 , -0.0541096042 , 8.37153162 , 48.1379046 , 47.9690614 , 83.9123034 , -0.0370838967 , 0.300619177 , -0.480818187 , 7112.4862 , 11300.5791 , -12526.5958 , -17211.7221 , 13383.3942 , -12371.6239 , 10950.118 , -16079.4975 , 14024.9742
0.00268 , 22569 , 0.7523 , 3e+22 , -1482.57 , 529.855 , 1028.85 , 0.495846 , 0.503299 , 0.505433 , 0.0108649491 , -0.0581945705 , 8.38916619 , 48.2357022 , 48.0906445 , 84.2564625 , -0.0472972342 , 0.330495696 , -0.525518155 , -2258.79956 , -4044.47444 , 13926.3204 , -9155.72182 , 19102.878 , -11355.3595 , -10882.6049 , 10601.1655 , 12314.0717
0.002688 , 22552.4 , 0.751748 , 3e+22 , 808.753 , -768.809 , 2182.14 , 0.499656 , 0.500555 , 0.50325 , 0.0133166298 , -0.0568686671 , 8.40756475 , 48.3690579 , 48.2187606 , 84.6095738 , -0.0383489811 , 0.353755842 , -0.539136872 , 8334.07004 , 17710.057 , 4253.6327 , -281.786023 , -2993.51239 , 11973.0395 , 6137.57983 , -6494.37621 , 25501.5296
0.002696 , 22540.1 , 0.751337 , 3e+22 , -169.369 , 1084.85 , -1765.47 , 0.503582 , 0.499226 , 0.499842 , 0.0126049653 , -0.0538751267 , 8.42635355 , 48.4986302 , 48.4236579 , 84.9648929 , -0.0479366778 , 0.328342162 , -0.528008213 , 13470.1597 , -24527.5853 , -23492.9726 , -124.96206 , 20993.157 , -15733.325 , -4399.30148 , 7554.21982 , -15775.5278
0.002704 , 22553.4 , 0.751782 , 3e+22 , -345.517 , 3506.96 , -1765.09 , 0.502362 , 0.502723 , 0.49839 , 0.0151901194 , -0.0542821379 , 8.4478054 , 48.639657 , 48.550417 , 85.3715041 , -0.0619560868 , 0.341033034 , -0.532627208 , 5389.1465 , 14796.1925 , -17858.5199 , 1006.38157 , 5867.20057 , -2683.74151 , -7834.6465 , 38804.0715 , -27011.8043
0.002712 , 22543.9 , 0.751465 , 3e+22 , -189.397 , 2645.22 , 2258.96 , 0.502045 , 0.496144 , 0.504672 , 0.0143560309 , -0.0521582778 , 8.46774895 , 48.8370932 , 48.6828631 , 85.7531908 , -0.0501037321 , 0.324174508 , -0.510977029 , -22097.8052 , -14337.3405 , -3285.64973 , 1500.76161 , 9635.59426 , -9152.69242 , -2823.89404 , 26978.8235 , 8963.2886
0.00272 , 22530.6 , 0.751021 , 3e+22 , -4929.98 , 1466.21 , 2044.48 , 0.500976 , 0.498505 , 0.502386 , 0.0140540992 , -0.0494244375 , 8.4860876 , 48.9494105 , 48.7846401 , 86.1105388 , -0.0583187834 , 0.300952339 , -0.521117714 , -5704.40719 , 5347.50137 , 4826.43804 , -7800.03625 , 23936.4251 , -7808.61416 , -43261.1484 , 350.553763 , 6238.85283
0.002728 , 22529.6 , 0.750986 , 3e+22 , 148.33 , -2988.15 , 612.259 , 0.505296 , 0.496006 , 0.500617 , 0.0146224581 , -0.0516997809 , 8.50606608 , 49.1115516 , 48.9589921 , 86.4906966 , -0.0664490484 , 0.317534826 , -0.548808075 , 11802.9663 , -3655.72153 , -5887.54144 , 17893.722 , 17350.5137 , -3134.07694 , -5261.79921 , -22645.3093 , -1366.95408
0.002736 , 22547.3 , 0.751578 , 3e+22 , -1181.41 , 735.054 , 3437.48 , 0.503244 , 0.500847 , 0.498986 , 0.0133528109 , -0.0496968456 , 8.52800638 , 49.2214422 , 49.0521757 , 86.8692475 , -0.0568450144 , 0.329202195 , -0.529568544 , -249.601293 , 5757.21062 , -2365.04926 , 15825.6323 , 5983.89897 , -14032.6985 , -9757.16813 , 9944.72643 , 35903.0309
0.002744 , 22525.5 , 0.750851 , 3e+22 , 757.903 , 3157.22 , 348.489 , 0.501695 , 0.500572 , 0.499375 , 0.0123594658 , -0.049222433 , 8.54554079 , 49.3594842 , 49.2107293 , 87.2302557 , -0.0563346055 , 0.321517707 , -0.550914561 , -17323.4018 , 1785.0706 , -17598.2166 , -35986.6496 , 23698.5107 , 19936.4711 , 13263.7153 , 21094.1737 , -6420.00751
0.002752 , 22528.6 , 0.750953 , 3e+22 , -988.811 , -1474.86 , 3321.13 , 0.501605 , 0.499269 , 0.500953 , 0.0160347289 , -0.0522398094 , 8.56628151 , 49.4760854 , 49.3371575 , 87.6131859 , -0.0675170674 , 0.346765828 , -0.531431068 , -78.8145676 , -12386.7865 , 10264.8376 , 2521.05774 , 14698.1419 , 9037.42113 , -23130.2902 , -7576.72102 , 32923.2828
0.00276 , 22556.3 , 0.751875 , 3e+22 , -2508.55 , 1835.65 , -845.109 , 0.500545 , 0.498691 , 0.504455 , 0.0179849703 , -0.0536851312 , 8.58923739 , 49.6030103 , 49.4636613 , 88.0426628 , -0.0877596488 , 0.35809555 , -0.516034914 , 1027.78364 , 9041.86517 , -19003.4014 , -26783.6832 , 3198.36923 , -14897.8015 , -30017.864 , 19416.3172 , 1492.56571
0.002768 , 22537 , 0.751232 , 3e+22 , -1234.88 , -2109.96 , -34.593 , 0.505115 , 0.499839 , 0.497476 , 0.0189520919 , -0.053128601 , 8.60724101 , 49.7658227 , 49.6285816 , 88.3789721 , -0.11001109 , 0.324819513 , -0.509076276 , 25740.1164 , 1428.2783 , -14137.0451 , -7588.2305 , -6239.7236 , -11635.1735 , -16884.6138 , -24477.2632 , 3199.85921
0.002776 , 22523.7 , 0.750791 , 3e+22 , 1241.94 , 41.1996 , 2050.54 , 0.503915 , 0.501014 , 0.49662 , 0.0192125382 , -0.0526869357 , 8.62611615 , 49.9360709 , 49.7217984 , 88.7330878 , -0.134663144 , 0.319775844 , -0.526724789 , 43374.3503 , -7966.27682 , 8780.95294 , -14324.9059 , -2478.38779 , -11608.1427 , 11180.1012 , -4675.0947 , 19266.934
0.002784 , 22510.3 , 0.750344 , 3e+22 , -1591.96 , -3910.31 , 409.272 , 0.494977 , 0.49983 , 0.505778 , 0.0210276157 , -0.0533389009 , 8.64462502 , 50.065769 , 49.865918 , 89.0835226 , -0.148592262 , 0.326590743 , -0.562564332 , 3848.85232 , -15543.4684 , 9418.00113 , 20945.2345 , 5157.44853 , -6552.05694 , -24598.3803 , -42207.1444 , 1555.41369
0.002792 , 22530.1 , 0.751002 , 3e+22 , -2533.09 , -3467.8 , 822.955 , 0.507372 , 0.502214 , 0.49231 , 0.0211379623 , -0.0529672089 , 8.66664576 , 50.1591261 , 50.0033467 , 89.5273528 , -0.170379332 , 0.362327241 , -0.569642999 , 29698.0371 , -7918.34519 , -8733.20399 , 7966.46656 , 30527.7463 , 511.666326 , -17966.6348 , -33254.6495 , -4009.67493
0.0028 , 22518 , 0.750601 , 3e+22 , 3277.84 , 1687.59 , -1537.02 , 0.500463 , 0.50037 , 0.500279 , 0.0238142442 , -0.0573601007 , 8.68539381 , 50.2949482 , 50.1653032 , 89.8881947 , -0.182737555 , 0.363576454 , -0.609486027 , 17347.1042 , -12112.369 , -7102.69158 , -14771.6215 , 7241.36988 , 14033.9896 , 22777.2511 , 13421.4709 , -7669.80907
0.002808 , 22537.5 , 0.751251 , 3e+22 , -305.22 , -939.167 , -1128.14 , 0.496672 , 0.498166 , 0.507651 , 0.0260401851 , -0.0575724009 , 8.70812878 , 50.452518 , 50.3247331 , 90.3399365 , -0.185559488 , 0.363644087 , -0.596216913 , 20112.4493 , 295.183575 , 34384.4362 , -15272.4886 , 24382.3882 , -8025.88886 , -972.600715 , -8562.26167 , -24711.1171
0.002816 , 22575.7 , 0.752524 , 3e+22 , -4203.07 , -2282.44 , 453.597 , 0.498698 , 0.506534 , 0.499684 , 0.0267296251 , -0.0597339115 , 8.732095 , 50.5807734 , 50.4858292 , 90.7894394 , -0.189970644 , 0.384034112 , -0.600440511 , 19875.1799 , -5455.07062 , -4042.91082 , -27035.3625 , 5645.92309 , -1655.10881 , -34090.9952 , -10993.1332 , -13523.5152
0.002824 , 22575.7 , 0.752524 , 3e+22 , -26.2672 , 282.347 , 2123.11 , 0.502931 , 0.502084 , 0.500007 , 0.0258587573 , -0.0565735316 , 8.75211067 , 50.715883 , 50.5560259 , 91.1398369 , -0.168280367 , 0.338193473 , -0.547336503 , -6356.13173 , 847.864584 , -16885.2853 , 2068.08646 , -18668.5977 , 14780.9715 , -5011.50849 , 4291.34298 , 20362.285
0.002832 , 22589 , 0.752966 , 3e+22 , 1786.37 , -1733.2 , -677.344 , 0.501262 , 0.500896 , 0.503736 , 0.0270290574 , -0.0583403971 , 8.7730968 , 50.8499152 , 50.6454313 , 91.5585881 , -0.158466745 , 0.335467895 , -0.538751092 , 22937.7754 , -12371.0787 , -7160.82328 , -6815.04436 , -1674.42965 , -6588.203 , 19380.4757 , -25482.0474 , -9174.5756
0.00284 , 22600.7 , 0.753356 , 3e+22 , -433.311 , -522.077 , 855.128 , 0.504927 , 0.499291 , 0.502487 , 0.029951738 , -0.0585350505 , 8.79460091 , 51.0084354 , 50.7860405 , 92.0008852 , -0.162790978 , 0.3646789 , -0.558579278 , 9650.39912 , -24074.1986 , 7086.4611 , 9385.98156 , 19584.389 , 7237.08749 , -16098.8789 , -5435.28798 , 1576.78296
0.002848 , 22620.7 , 0.754024 , 3e+22 , -2529.1 , 148.6 , -204.971 , 0.502289 , 0.500679 , 0.505044 , 0.0348943957 , -0.0604650355 , 8.81771592 , 51.1320027 , 50.9640205 , 92.4517869 , -0.15899381 , 0.38556755 , -0.566431415 , -12422.2737 , 515.159948 , 23578.2249 , 26922.7638 , 12316.4252 , -19077.0631 , -21516.7203 , -1579.36722 , -5581.04115
0.002856 , 22616.4 , 0.75388 , 3e+22 , -2257.31 , 446.374 , -0.279991 , 0.499725 , 0.505772 , 0.502231 , 0.0332827405 , -0.0577386361 , 8.83727885 , 51.324218 , 51.0923771 , 92.8328865 , -0.175231856 , 0.345728958 , -0.563377189 , 20986.4683 , -3582.80852 , -10863.0197 , 1618.70323 , 805.957252 , 5483.40676 , -26946.0918 , -2398.80672 , 3513.61147
0.002864 , 22626.9 , 0.754231 , 3e+22 , -176.375 , -963.969 , 712.688 , 0.502289 , 0.501746 , 0.504418 , 0.0324321157 , -0.0566718074 , 8.85845251 , 51.4727009 , 51.2007155 , 93.2400652 , -0.158511538 , 0.349431227 , -0.55916104 , -14050.4895 , 19146.8691 , 1993.6644 , 17517.6929 , 15710.3748 , 10325.9084 , -3513.87271 , -10174.5031 , 16244.5818
0.002872 , 22605.6 , 0.75352 , 3e+22 , -3.64105 , 1772.71 , 4100.41 , 0.500767 , 0.504972 , 0.501187 , 0.0350849194 , -0.0529814367 , 8.87614092 , 51.6185077 , 51.3505648 , 93.5950586 , -0.157441385 , 0.377601994 , -0.535559191 , 10473.4469 , 11709.9725 , -14857.6904 , -16797.118 , 1195.80124 , 12895.1478 , -9790.72335 , 17056.3583 , 32474.5312
0.00288 , 22605.1 , 0.753503 , 3e+22 , 1318.9 , 907.381 , 2502.11 , 0.500498 , 0.502243 , 0.504214 , 0.0354337612 , -0.0522940894 , 8.896405 , 51.7146148 , 51.4480627 , 93.9995136 , -0.192358536 , 0.380447031 , -0.535419499 , 5736.44352 , -17085.6469 , 8162.65524 , -3538.67909 , 14545.9569 , 12234.878 , 5322.76924 , 12374.304 , 13369.3155
0.002888 , 22595.3 , 0.753177 , 3e+22 , 1997.08 , -2089.08 , -681.109 , 0.50237 , 0.504611 , 0.499323 , 0.0361670513 , -0.0520108915 , 8.91530465 , 51.8243633 , 51.5713864 , 94.3703166 , -0.1798743 , 0.383971342 , -0.541515697 , 9277.42652 , 23734.4579 , -13919.4896 , 12916.2348 , -22008.1069 , -6019.44065 , 16818.4788 , -29427.4721 , -9445.94331
0.002896 , 22605.3 , 0.75351 , 3e+22 , -8.60872 , 1011.02 , 3408.15 , 0.502951 , 0.505134 , 0.498864 , 0.0362029008 , -0.0564557472 , 8.9373149 , 52.0108472 , 51.6933069 , 94.7923373 , -0.151974419 , 0.398896523 , -0.612917464 , 26767.7048 , -4435.70986 , -9709.29064 , -21988.5399 , -8712.34864 , -5798.88632 , -7195.48726 , 9325.48201 , 49803.3663
0.002904 , 22623.9 , 0.754128 , 3e+22 , -196.023 , -396.246 , -1092.75 , 0.505019 , 0.501035 , 0.502196 , 0.0331611939 , -0.0541222933 , 8.95908043 , 52.131127 , 51.8234279 , 95.2558509 , -0.155009459 , 0.373712744 , -0.586236262 , -2507.73227 , -30276.8195 , -5199.48114 , -10228.7401 , 47783.7636 , -2412.43991 , 2541.89572 , -11906.3335 , -13156.2524
0.002912 , 22604.6 , 0.753487 , 3e+22 , 1428.17 , 1293.64 , -1119.75 , 0.502716 , 0.498242 , 0.505987 , 0.035348907 , -0.054949608 , 8.97765364 , 52.249156 , 51.9911555 , 95.6357904 , -0.173627182 , 0.380126796 , -0.584501138 , 16633.9783 , 34162.205 , 6154.23326 , 3399.89134 , -5330.92817 , 3878.69726 , 22638.0095 , 8519.97006 , -17597.5714
0.00292 , 22588.4 , 0.752947 , 3e+22 , 3340.06 , -2477.26 , 1849 , 0.497349 , 0.503754 , 0.504673 , 0.0330511729 , -0.0550643091 , 8.99638629 , 52.3882081 , 52.2031533 , 96.0015794 , -0.142856332 , 0.350367795 , -0.597574452 , -1745.3118 , -6216.53111 , -8998.1018 , -424.472811 , -10936.8097 , -1564.35171 , 38911.3472 , -25164.5026 , 12967.1296
0.002928 , 22596.5 , 0.753217 , 3e+22 , 1200.89 , -185.86 , -703.571 , 0.503247 , 0.500583 , 0.502593 , 0.03204527 , -0.0571300475 , 9.01716258 , 52.539104 , 52.3285518 , 96.423581 , -0.132906491 , 0.333806027 , -0.629706637 , 4988.46505 , 15736.8529 , 2235.18712 , 420.340334 , 15832.5478 , 592.587996 , 9973.97232 , 10784.8337 , 4594.23553
0.002936 , 22604.4 , 0.75348 , 3e+22 , -355.99 , 2471.17 , -1542.86 , 0.502462 , 0.501732 , 0.502717 , 0.0308421935 , -0.0555459743 , 9.03841548 , 52.6347803 , 52.4895214 , 96.8604833 , -0.130683662 , 0.30724051 , -0.612675916 , -1771.82451 , 8138.87537 , 8149.9678 , 8401.49265 , -8247.82454 , 2215.4126 , 2902.7189 , 28237.3955 , -22448.5133
0.002944 , 22611.3 , 0.75371 , 3e+22 , 1139.32 , 1777.27 , 2108.47 , 0.500907 , 0.507362 , 0.4991 , 0.028576534 , -0.0526231567 , 9.05925074 , 52.7561987 , 52.6403337 , 97.2751328 , -0.154526771 , 0.2757014 , -0.585933181 , 14536.3091 , -13912.3996 , 12084.3141 , -17011.1829 , -1128.21527 , -29.8655929 , 17653.2188 , 23216.4936 , 18104.1133
0.002952 , 22620.2 , 0.754006 , 3e+22 , -1205.23 , -615.886 , 2136.85 , 0.50192 , 0.506716 , 0.499341 , 0.0299480838 , -0.0529257198 , 9.08034857 , 52.9165846 , 52.8472774 , 97.6827578 , -0.166912601 , 0.290607452 , -0.576349716 , 8567.46795 , -14567.3087 , 19194.6154 , -2083.84175 , 7318.2376 , -8877.39819 , -20960.2633 , -6129.09247 , 22813.0273
0.00296 , 22639.9 , 0.754664 , 3e+22 , -1135.54 , -1641.05 , 2194.53 , 0.507226 , 0.505712 , 0.49634 , 0.0305179178 , -0.0506742331 , 9.10265652 , 53.0894894 , 53.0462798 , 98.1450884 , -0.19865108 , 0.295617848 , -0.550941616 , 13825.0028 , -4458.55027 , -9547.92412 , 5498.64799 , 22120.4177 , -16113.324 , -8240.02705 , -10880.6264 , 14975.9335
0.002968 , 22651.4 , 0.755047 , 3e+22 , 38.7259 , 3048.26 , -456.312 , 0.504128 , 0.502708 , 0.503203 , 0.0284927037 , -0.0529498447 , 9.12444229 , 53.2208325 , 53.2050305 , 98.5935745 , -0.190947407 , 0.279555424 , -0.55407078 , -7243.20347 , 2504.53164 , 11010.9905 , -9139.92559 , -14379.4101 , -15327.4889 , 988.799214 , 39291.7246 , 131.566857
0.002976 , 22616.8 , 0.753893 , 3e+22 , -1147.87 , 3819.28 , -963.041 , 0.504654 , 0.500101 , 0.502936 , 0.0300470619 , -0.053820658 , 9.14073461 , 53.3567461 , 53.3278582 , 98.9111838 , -0.168165121 , 0.321178189 , -0.570119366 , 22031.2685 , 2346.10935 , -6699.2778 , -6532.66732 , 5385.98696 , -3084.22037 , -2221.32025 , 42125.4986 , -17331.5797
0.002984 , 22613.8 , 0.753792 , 3e+22 , 229.282 , 1554.57 , -1194.47 , 0.504074 , 0.503633 , 0.499855 , 0.0275359327 , -0.0556791022 , 9.16065823 , 53.4964945 , 53.4968819 , 99.3025063 , -0.160859094 , 0.282837098 , -0.55054754 , -6146.13637 , -1127.26672 , 4531.75807 , 5592.88338 , 576.513273 , -1015.35825 , 4121.169 , 23636.6634 , -18630.5693
0.002992 , 22658.2 , 0.755272 , 3e+22 , -1773.39 , 517.77 , 3472.66 , 0.5017 , 0.503087 , 0.505669 , 0.0310563459 , -0.0593019901 , 9.18656911 , 53.6336543 , 53.6751421 , 99.8175204 , -0.169829771 , 0.288822129 , -0.600032347 , 19991.8708 , -1975.66552 , 2220.37778 , -13829.1832 , -13852.3184 , -7895.4845 , -20899.3132 , 9328.60154 , 40475.9351
0.003 , 22679.8 , 0.755992 , 3e+22 , -979.624 , -1927.08 , 813.553 , 0.509127 , 0.50143 , 0.501397 , 0.0300857628 , -0.0566896724 , 9.20883989 , 53.7582966 , 53.8247159 , 100.264046 , -0.149996867 , 0.29640876 , -0.595483993 , 24185.8173 , 2699.89998 , 1164.74714 , -16875.5122 , -5834.98888 , -19534.5928 , -14547.5514 , -10064.5536 , 11500.4615
0.003008 , 22703.5 , 0.756784 , 3e+22 , -240.919 , -616.333 , -1425.3 , 0.507473 , 0.506461 , 0.499619 , 0.0302541828 , -0.0557955809 , 9.23179469 , 53.8880684 , 53.9092287 , 100.746389 , -0.146956262 , 0.271027486 , -0.56288661 , -1945.39043 , -8696.92377 , 11789.4044 , 15206.3442 , -7245.23349 , -2470.17833 , -10788.2015 , -12815.979 , -22486.5144
0.003016 , 22710.1 , 0.757002 , 3e+22 , 2819.86 , 267.519 , -1233.14 , 0.498735 , 0.5092 , 0.506015 , 0.0270108243 , -0.0546113451 , 9.2532506 , 54.0469635 , 54.0769926 , 101.168368 , -0.164842611 , 0.254584677 , -0.548328203 , -3852.94321 , -9335.52912 , 4738.75451 , -32929.072 , -4094.34025 , -23362.2142 , 31269.2076 , 5216.15057 , -20151.3841
0.003024 , 22689.2 , 0.756307 , 3e+22 , -3774.82 , 1927.44 , 402.312 , 0.498557 , 0.508439 , 0.505514 , 0.0269260771 , -0.0521097921 , 9.27157329 , 54.2288375 , 54.2371059 , 101.538958 , -0.149755886 , 0.267352997 , -0.51082627 , 12591.7905 , 7001.5682 , -229.108115 , -4803.18005 , -4441.20934 , -12683.3614 , -45947.7295 , 29953.7284 , 6165.29483
0.003032 , 22691 , 0.756367 , 3e+22 , -474.796 , 3634.66 , 932.285 , 0.503551 , 0.503588 , 0.505514 , 0.0276880439 , -0.0536709161 , 9.29242178 , 54.3829523 , 54.3913696 , 101.970147 , -0.201019898 , 0.273888124 , -0.514752769 , 2622.66053 , -26900.3767 , 5599.91552 , -145.575162 , 14127.5431 , -2792.53511 , -2199.21115 , 38594.0286 , 1313.49351
0.00304 , 22715.4 , 0.75718 , 3e+22 , -1849.06 , -1294.27 , -1411.52 , 0.507356 , 0.504358 , 0.502606 , 0.0275131372 , -0.0576971459 , 9.31583973 , 54.5113419 , 54.5549572 , 102.447536 , -0.22572345 , 0.263305647 , -0.54594119 , 11649.2474 , 5590.10674 , 7651.72308 , -14476.7485 , -4946.65798 , 2276.65245 , -8482.98458 , -72.249087 , -26027.1615
0.003048 , 22704.9 , 0.756831 , 3e+22 , 2264.15 , -2306.95 , -1310.23 , 0.500453 , 0.506987 , 0.506154 , 0.0277542283 , -0.0586853628 , 9.33519545 , 54.6251535 , 54.6758155 , 102.840526 , -0.220158206 , 0.23948188 , -0.554916871 , 4479.42002 , -3467.46849 , -497.827625 , -6004.70311 , 20780.0577 , 24361.3194 , 26778.0948 , -15442.0307 , -14013.8177
0.003056 , 22738.7 , 0.757956 , 3e+22 , 638.454 , 189.702 , 980.432 , 0.50295 , 0.504634 , 0.50832 , 0.0297687684 , -0.0596968254 , 9.35904771 , 54.7468168 , 54.8153154 , 103.364985 , -0.221624208 , 0.288636946 , -0.563812634 , -949.810883 , -16228.7701 , 14858.3978 , -7372.28797 , 38589.6917 , 10104.7508 , 3162.82638 , -1736.37991 , 28019.1171
0.003064 , 22719.2 , 0.757307 , 3e+22 , 143.775 , -113.127 , 2690.6 , 0.503998 , 0.505339 , 0.505235 , 0.0311265913 , -0.061162634 , 9.3777472 , 54.8958169 , 54.9323998 , 103.750183 , -0.211570136 , 0.301041676 , -0.580299319 , -7874.25981 , 1880.89079 , -409.606445 , 2919.96456 , 9792.75908 , 5999.9388 , 344.851678 , -11096.2562 , 36386.7325
0.003072 , 22689.4 , 0.756315 , 3e+22 , -2795.73 , 250.996 , 2539.57 , 0.503367 , 0.506401 , 0.502781 , 0.0311404312 , -0.0608835328 , 9.39543113 , 55.061686 , 55.1116521 , 104.153048 , -0.222464035 , 0.338783251 , -0.600261415 , 5988.14271 , -14637.7104 , 6471.86303 , 9640.85357 , 19294.1163 , -5294.3437 , -42665.7534 , -2107.63191 , 30819.3405
0.00308 , 22659.4 , 0.755314 , 3e+22 , -2682.36 , 3217.69 , 1421.27 , 0.506711 , 0.507025 , 0.496782 , 0.0293205281 , -0.0612034735 , 9.41241186 , 55.1710014 , 55.2761639 , 104.533766 , -0.221301962 , 0.326399821 , -0.633333595 , 20713.97 , 5822.95251 , -3312.74155 , 3918.88956 , -13842.6626 , 778.088743 , -22629.1804 , 41210.4932 , 21972.5638
0.003088 , 22657.9 , 0.755263 , 3e+22 , -809.311 , 33.4373 , 361.799 , 0.50431 , 0.498768 , 0.507445 , 0.0264889396 , -0.0630315128 , 9.43285211 , 55.2955879 , 55.4066165 , 104.942814 , -0.240077523 , 0.320084223 , -0.643673762 , 9796.4006 , -8215.81846 , 11450.7256 , -27195.6579 , 9831.45429 , 9642.73352 , -8815.92199 , -3961.31647 , -1991.49026
0.003096 , 22633.3 , 0.754443 , 3e+22 , -95.8881 , -1207.33 , 992.233 , 0.504469 , 0.502094 , 0.50231 , 0.0247211286 , -0.0624491595 , 9.45077543 , 55.4666571 , 55.553684 , 105.311096 , -0.246325156 , 0.315894796 , -0.632698012 , -8936.0852 , -11037.1912 , -6386.8139 , -8837.37289 , -373.800727 , 927.579445 , -8324.61532 , -10339.7818 , 5865.38024
0.003104 , 22620.9 , 0.75403 , 3e+22 , -782.407 , 779.574 , -314.993 , 0.50346 , 0.498378 , 0.506213 , 0.028374966 , -0.0623954833 , 9.47051852 , 55.6506074 , 55.6857085 , 105.724039 , -0.268287713 , 0.350674024 , -0.627397119 , -19137.0008 , -2177.95111 , 4315.04807 , -25014.1707 , -7670.39663 , -14616.0642 , -16495.2619 , 859.421521 , -12126.0049
0.003112 , 22642.3 , 0.754743 , 3e+22 , 275.634 , -2347.64 , 279.841 , 0.502732 , 0.503617 , 0.503105 , 0.0321850511 , -0.0649872968 , 9.49329144 , 55.7731301 , 55.7890047 , 106.192203 , -0.256661981 , 0.381206387 , -0.661454912 , 13622.2393 , -9340.78542 , -4367.56755 , 8119.35624 , -11673.8876 , 531.080175 , 3258.672 , -24056.2583 , -1521.91642
0.00312 , 22644.1 , 0.754804 , 3e+22 , 2312.83 , 427.127 , 757.84 , 0.508122 , 0.50085 , 0.5006 , 0.0316839067 , -0.0635369673 , 9.51370468 , 55.9255617 , 55.9326275 , 106.602841 , -0.242693024 , 0.361579088 , -0.67584034 , 20102.2543 , 29544.5544 , 1242.72381 , -9163.97572 , 3897.50708 , 4673.76207 , 28368.2183 , 5905.48282 , 5665.78962
0.003128 , 22640.3 , 0.754676 , 3e+22 , -4374.07 , 193.267 , -700.026 , 0.503584 , 0.50204 , 0.503617 , 0.0295051483 , -0.0661754904 , 9.53337169 , 56.0297891 , 56.0741126 , 107.031864 , -0.227719257 , 0.346092165 , -0.718873595 , 21410.0761 , 14126.4491 , -12856.1265 , -14427.4565 , 13505.4083 , -8254.19924 , -34527.9684 , 7881.24873 , -19476.3778
0.003136 , 22634.1 , 0.75447 , 3e+22 , -2515.3 , -50.5913 , 2052.78 , 0.498021 , 0.508289 , 0.502569 , 0.029653199 , -0.0670185733 , 9.55245123 , 56.1702106 , 56.2025137 , 107.434224 , -0.251970721 , 0.338214548 , -0.72499655 , 14016.8634 , -18709.0261 , 14696.9975 , -8791.07908 , 5195.49149 , -654.660074 , -19564.6756 , -5043.88204 , 8965.57138
0.003144 , 22620.6 , 0.754019 , 3e+22 , 1052.44 , 622.571 , -535.831 , 0.502571 , 0.501039 , 0.504418 , 0.0288590732 , -0.0701624938 , 9.57128008 , 56.2962816 , 56.3665065 , 107.841806 , -0.24952826 , 0.327185898 , -0.758855863 , 5947.35313 , 23492.8702 , 9445.178 , 12526.8774 , -17434.8482 , 1901.70344 , 3847.66949 , -6042.68575 , 7650.02566
0.003152 , 22615 , 0.753832 , 3e+22 , -1412.42 , -74.1256 , 2687.39 , 0.498981 , 0.501566 , 0.507065 , 0.0303677929 , -0.0664450281 , 9.59027736 , 56.4161792 , 56.465629 , 108.251137 , -0.228356139 , 0.34939183 , -0.701480596 , 7641.90739 , -20421.623 , 5790.94732 , 8189.38344 , -14151.6628 , 11377.0431 , -13175.5576 , -8172.35709 , 31181.5647
0.00316 , 22631 , 0.754368 , 3e+22 , -1477.5 , -384.712 , 1887.37 , 0.508332 , 0.499872 , 0.500499 , 0.0309585255 , -0.0621572409 , 9.61266949 , 56.59971 , 56.6313444 , 108.72269 , -0.247906951 , 0.354778223 , -0.681572167 , -18686.2051 , -13618.642 , -4511.09936 , -8200.85629 , -3213.63407 , -10831.8604 , -12763.1448 , 2473.59159 , 12478.9796
0.003168 , 22632.4 , 0.754412 , 3e+22 , 943.321 , -2048.94 , 2498.09 , 0.50174 , 0.50367 , 0.503351 , 0.0335732302 , -0.0647884667 , 9.63351818 , 56.7699558 , 56.8196617 , 109.179577 , -0.233284496 , 0.386995832 , -0.704898126 , -22877.5226 , 7992.27168 , -5217.62156 , 10077.5486 , 15799.6426 , -13857.9468 , 1899.27986 , -23595.7401 , 18075.8069
0.003176 , 22606.5 , 0.753549 , 3e+22 , 1367.33 , 865.657 , -1190.7 , 0.501061 , 0.499279 , 0.506736 , 0.0332706286 , -0.066027183 , 9.65087938 , 56.8809147 , 56.9030604 , 109.584351 , -0.214519357 , 0.370716392 , -0.730709833 , -614.763711 , 17980.1988 , 9146.04978 , 360.602549 , -24264.123 , -19748.4212 , 15036.0004 , 9928.93803 , -13722.9636
0.003184 , 22573.3 , 0.752445 , 3e+22 , -3027.3 , -502.099 , -937.851 , 0.498683 , 0.504342 , 0.501806 , 0.0321962686 , -0.0634407181 , 9.66755984 , 57.0414892 , 57.0212491 , 109.977019 , -0.171868578 , 0.378763719 , -0.700992639 , 14360.337 , 3160.36655 , 15248.2204 , -13546.5672 , -4377.4993 , -21092.6897 , -46788.8753 , 19.7711103 , -6440.34753
0.003192 , 22601.1 , 0.753368 , 3e+22 , 1389.07 , 366.187 , 1477.65 , 0.500837 , 0.500474 , 0.505402 , 0.0324943049 , -0.062733595 , 9.69191342 , 57.2104613 , 57.2083556 , 110.476663 , -0.174479728 , 0.395156714 , -0.690876921 , 17751.4312 , -9121.48921 , -16087.9166 , -5477.0503 , -3643.69825 , 3858.49684 , 35887.2304 , -4852.17719 , 21812.0817
0.0032 , 22573.7 , 0.752456 , 3e+22 , 213.096 , -103.842 , -966.058 , 0.507047 , 0.497114 , 0.500745 , 0.0323970486 , -0.063710233 , 9.7099126 , 57.3499481 , 57.3324641 , 110.860667 , -0.157633175 , 0.39349233 , -0.672507527 , 5675.95535 , -17914.3969 , -2293.23718 , -10690.0137 , 13807.0384 , 1028.88721 , -1472.91504 , 6335.40689 , -7068.86116
0.003208 , 22585.1 , 0.752837 , 3e+22 , 199.626 , 261.367 , 112.33 , 0.501013 , 0.502158 , 0.502503 , 0.0315177477 , -0.063880462 , 9.7316512 , 57.4894281 , 57.4625103 , 111.325071 , -0.146222114 , 0.391345978 , -0.63755704 , -11027.8647 , 2699.28085 , 5123.61684 , -23939.683 , -4449.50384 , 9532.13688 , 9652.19439 , -82.3713745 , -13391.0825
0.003216 , 22578.7 , 0.752624 , 3e+22 , -971.417 , 1482.68 , 3739.42 , 0.497891 , 0.506347 , 0.500912 , 0.0322601729 , -0.0643646649 , 9.75151807 , 57.617847 , 57.6363859 , 111.734813 , -0.100836931 , 0.400094257 , -0.631931425 , -493.871771 , 1466.28426 , 6472.45156 , 26955.9477 , 15773.4223 , 8424.55255 , -713.62851 , 9323.79345 , 45530.533
0.003224 , 22621.9 , 0.754062 , 3e+22 , 2134.41 , 1883.23 , 3106.89 , 0.502315 , 0.504186 , 0.501523 , 0.0326243532 , -0.0643569643 , 9.77698068 , 57.732956 , 57.7798819 , 112.28085 , -0.113674998 , 0.441573101 , -0.693007507 , 19401.7839 , 17149.3025 , -2434.42781 , 9385.80297 , 9545.5939 , -5978.6744 , 28718.1795 , 33941.5356 , 25601.6903
0.003232 , 22613.8 , 0.753792 , 3e+22 , -917.336 , 942.542 , -1653.32 , 0.502643 , 0.501317 , 0.503599 , 0.0356558143 , -0.0648127768 , 9.79631758 , 57.8598567 , 57.9196897 , 112.697641 , -0.0924228947 , 0.438972678 , -0.702723355 , 24859.8986 , 5572.54113 , 775.974801 , -5123.34974 , 571.165416 , -26061.437 , -5351.21877 , 11720.5754 , -24625.8454
0.00324 , 22597.1 , 0.753237 , 3e+22 , 3757.06 , -1378.17 , 1344.46 , 0.497969 , 0.508534 , 0.49987 , 0.0391931469 , -0.0634889743 , 9.81534855 , 57.9584438 , 58.1061354 , 113.109632 , -0.0703550121 , 0.457726794 , -0.703017436 , 13687.6543 , 15267.6111 , -12204.552 , -1054.33211 , -2079.56687 , -3372.90424 , 44326.3096 , -12683.0136 , 14448.7657
0.003248 , 22587.7 , 0.752924 , 3e+22 , 865.23 , -1599.16 , 2747.75 , 0.501416 , 0.500359 , 0.504011 , 0.0391593163 , -0.0634113374 , 9.83454616 , 58.1067084 , 58.2243042 , 113.566062 , -0.082034056 , 0.453990434 , -0.70393227 , 18134.3243 , 8404.26468 , 11874.7342 , 8710.1904 , -3167.68105 , 15650.7849 , 11715.5025 , -36189.4149 , 41076.2947
0.003256 , 22582.4 , 0.752746 , 3e+22 , -4752.71 , -3675.98 , -554.451 , 0.503564 , 0.501361 , 0.50036 , 0.0423566299 , -0.0637174534 , 9.85433117 , 58.2686352 , 58.3907817 , 113.991383 , -0.0830122289 , 0.475033765 , -0.699126142 , 47414.9565 , 6347.28822 , -7122.0924 , -2397.30202 , 3560.51317 , -11100.5282 , -48743.8441 , -39479.5253 , -5078.78748
0.003264 , 22607.2 , 0.753573 , 3e+22 , -1292.42 , -937.426 , 12.4766 , 0.498275 , 0.506902 , 0.501955 , 0.0396633802 , -0.0618739762 , 9.87717183 , 58.4419934 , 58.5198066 , 114.494718 , -0.0900223383 , 0.423173576 , -0.712931536 , 9061.74033 , 15799.4123 , -12807.1117 , -20393.8705 , 7282.87224 , 30912.2399 , -15739.3597 , -13099.7484 , -3913.92292
0.003272 , 22615.2 , 0.753839 , 3e+22 , -367.846 , 708.121 , -964.654 , 0.501461 , 0.504919 , 0.50129 , 0.0385622791 , -0.0615254141 , 9.89897477 , 58.6103493 , 58.6263601 , 114.952379 , -0.0704432763 , 0.400204826 , -0.702910214 , -9361.01987 , -11077.3105 , 19372.9 , 9856.3462 , 14101.076 , 14010.3801 , -12294.4972 , 2587.87576 , -26324.5709
0.00328 , 22627.9 , 0.754264 , 3e+22 , 3139.59 , -29.3686 , 1013.56 , 0.501498 , 0.504263 , 0.502705 , 0.038288874 , -0.0634404232 , 9.92112559 , 58.7884495 , 58.7921967 , 115.424831 , -0.0866295022 , 0.402718815 , -0.769842929 , -2611.99849 , 4358.62916 , 23720.8708 , -11662.2276 , -2318.4287 , -3446.70873 , 40743.799 , -7825.13548 , 15568.1517
0.003288 , 22627.9 , 0.754264 , 3e+22 , -441.514 , -93.0269 , 993.273 , 0.508469 , 0.503459 , 0.496595 , 0.0385670161 , -0.0615729272 , 9.94121575 , 58.9219984 , 58.902455 , 115.86631 , -0.0805155764 , 0.443191782 , -0.759330521 , 13069.9018 , -8627.53509 , 1493.85338 , -16728.4302 , -7773.82951 , -7270.6226 , -2956.28661 , -3779.36637 , -1472.94307
0.003296 , 22639.9 , 0.754663 , 3e+22 , 3314.7 , -78.4701 , 883.482 , 0.50391 , 0.502229 , 0.503121 , 0.0371366896 , -0.0600666209 , 9.96274214 , 59.0447565 , 59.0226991 , 116.344813 , -0.0860899744 , 0.409125032 , -0.721449864 , -15071.1702 , -15015.8617 , -14135.1759 , -820.201721 , -2739.14946 , -14904.6676 , 29493.3578 , 1162.16437 , -1553.71218
0.003304 , 22642.4 , 0.754746 , 3e+22 , -868.568 , 2136.33 , -1557.31 , 0.503737 , 0.50366 , 0.50205 , 0.0365269296 , -0.0621785439 , 9.98323191 , 59.1592983 , 59.1142464 , 116.782308 , -0.0817858405 , 0.428498378 , -0.727431946 , -6027.31771 , -540.359709 , 4955.44978 , -23357.1483 , 34329.4923 , 18098.8898 , 1867.69622 , 30794.1942 , -2180.41721
0.003312 , 22657.8 , 0.75526 , 3e+22 , -714.483 , 94.1807 , 44.6621 , 0.500204 , 0.503898 , 0.506414 , 0.0345236806 , -0.0609917075 , 10.0049976 , 59.2957654 , 59.2762173 , 117.275982 , -0.0756663734 , 0.434078648 , -0.695515182 , 8849.84944 , -12310.7246 , -14090.1056 , -3670.54178 , 38267.6628 , -6637.17555 , -11310.4682 , 11831.8563 , -10712.0884
0.00332 , 22666.1 , 0.755536 , 3e+22 , -828.434 , 2131.45 , 1631.42 , 0.509011 , 0.500278 , 0.501738 , 0.0347058652 , -0.0615246355 , 10.0262347 , 59.45777 , 59.4199065 , 117.730928 , -0.0478475847 , 0.440317739 , -0.710259953 , 31467.4605 , -4507.49193 , 12696.6229 , -11690.0158 , 14904.5729 , -5730.52251 , -5252.52032 , 20639.2627 , 13810.1081
0.003328 , 22670.9 , 0.755697 , 3e+22 , 504.195 , 1943.69 , 1672 , 0.504487 , 0.503643 , 0.503225 , 0.0360205 , -0.0616544161 , 10.047218 , 59.5772138 , 59.5458849 , 118.189838 , -0.0375603935 , 0.426154887 , -0.725349437 , 12318.5983 , -16793.5539 , -3134.42814 , -13676.0708 , -5107.47308 , -5443.11171 , 10063.8936 , 36520.0809 , 16796.9156
0.003336 , 22636 , 0.754533 , 3e+22 , 1914.51 , 2215.72 , 3548.04 , 0.504766 , 0.503458 , 0.500722 , 0.0364553721 , -0.0611518209 , 10.063585 , 59.7067278 , 59.668383 , 118.565655 , -0.0793711428 , 0.476742971 , -0.739436859 , -13825.5154 , -3002.34803 , 20668.2772 , 8899.71845 , -3072.42486 , -1802.46953 , 25727.1439 , 8478.71933 , 36455.3031
0.003344 , 22614.1 , 0.753804 , 3e+22 , -336.039 , -55.2736 , -1285.91 , 0.494949 , 0.504917 , 0.507731 , 0.0423983944 , -0.062264798 , 10.0821776 , 59.8592302 , 59.8034507 , 118.958159 , -0.043277547 , 0.548667375 , -0.749540523 , -4627.89397 , -9281.63336 , 657.253223 , -28602.9024 , 34272.6497 , -2954.28797 , -4617.40219 , 5523.03628 , -21818.4032
0.003352 , 22635 , 0.7545 , 3e+22 , 1316.43 , 240.625 , 773.203 , 0.49919 , 0.50742 , 0.502375 , 0.0398185512 , -0.0630424851 , 10.1045854 , 60.0198712 , 60.021599 , 119.428044 , -0.0679794928 , 0.506930711 , -0.727708514 , -2660.7695 , -7508.06699 , 9496.96613 , -4213.56895 , -9705.76873 , -6685.82889 , 20792.2688 , 1112.92223 , 17728.9533
0.00336 , 22618.4 , 0.753948 , 3e+22 , -980.602 , -420.039 , -803.395 , 0.502914 , 0.502942 , 0.502029 , 0.0370037935 , -0.061825975 , 10.1225957 , 60.1231472 , 60.1325203 , 119.832323 , -0.0453004696 , 0.450506349 , -0.711493937 , 26294.5545 , 16007.4932 , -10367.0793 , -4288.54863 , -6999.43012 , -16651.9728 , 415.53553 , 8553.23565 , -2484.27657
0.003368 , 22606.5 , 0.753549 , 3e+22 , 2538.29 , -821.282 , 437.709 , 0.502206 , 0.502099 , 0.502751 , 0.0369216298 , -0.0608502872 , 10.1422061 , 60.2645565 , 60.2602807 , 120.302135 , -0.00827932324 , 0.448692923 , -0.717286207 , 14833.6657 , 17811.4408 , 1558.54893 , 7127.58559 , 29534.2164 , 4544.63315 , 14807.966 , -15023.9622 , -3569.10507
0.003376 , 22586.7 , 0.752888 , 3e+22 , 1706.22 , -1309.59 , 1484.43 , 0.501545 , 0.500036 , 0.504157 , 0.0351868909 , -0.0615926987 , 10.1605493 , 60.4003457 , 60.377398 , 120.677559 , -0.0263205981 , 0.431630345 , -0.724110304 , 15011.7475 , 4304.40067 , 13191.782 , -12584.761 , 19665.2149 , 10718.0793 , 16507.3293 , -20863.3825 , 9609.4531
0.003384 , 22574.5 , 0.752483 , 3e+22 , -3238.58 , -84.7649 , 651.093 , 0.503311 , 0.500051 , 0.501542 , 0.0320771333 , -0.0595627121 , 10.1802505 , 60.5126668 , 60.5734817 , 121.134454 , -0.00595830871 , 0.399853337 , -0.693656777 , 1500.60718 , 16347.2242 , -5075.11551 , 20277.5108 , 12844.7335 , 23859.3788 , -41314.0078 , 4858.76829 , -1432.68918
0.003392 , 22571.1 , 0.75237 , 3e+22 , 102.732 , 370.311 , 2320.86 , 0.502142 , 0.504575 , 0.497992 , 0.0306151576 , -0.0626256395 , 10.200211 , 60.6475354 , 60.7400152 , 121.563445 , -0.00355001976 , 0.354455949 , -0.697669393 , 2381.43508 , -11544.3655 , 20995.3723 , 3770.59462 , 24658.7691 , 6770.87771 , 10734.3144 , 2086.15587 , 20154.344
0.0034 , 22556 , 0.751868 , 3e+22 , 1347.07 , 1037.29 , 1233.94 , 0.500153 , 0.499504 , 0.504054 , 0.0283155884 , -0.0633711447 , 10.2185712 , 60.7622273 , 60.9377069 , 121.98447 , -0.0035443953 , 0.326893819 , -0.725181558 , 31015.8647 , 20278.4267 , -1969.58764 , 18667.4974 , 4033.45923 , 3795.80734 , 17100.275 , 4281.78128 , 9170.61029
0.003408 , 22531.6 , 0.751054 , 3e+22 , -25.6697 , -399.806 , 782.514 , 0.500805 , 0.495323 , 0.505976 , 0.0281616984 , -0.0642334828 , 10.236371 , 60.8601152 , 61.0887969 , 122.408385 , 0.0137719416 , 0.322944575 , -0.696038484 , 14081.3199 , -5445.37826 , 5654.6824 , 3199.52214 , -13601.804 , -12830.1665 , 1069.85608 , -4045.50882 , 17728.8723
0.003416 , 22525 , 0.750835 , 3e+22 , -607.535 , -861.845 , -2995.53 , 0.499768 , 0.49653 , 0.505314 , 0.0291563245 , -0.0630948344 , 10.2557313 , 61.0197288 , 61.2166962 , 122.864982 , 0.0130779878 , 0.33538616 , -0.669553961 , -15398.1763 , -17860.5531 , 16590.2715 , -8855.17405 , -3987.71646 , 11106.7858 , -16887.0614 , -8615.47295 , -37271.3227
0.003424 , 22529.8 , 0.750994 , 3e+22 , 13.0322 , 3724.88 , 1018.97 , 0.500202 , 0.501351 , 0.500352 , 0.030919291 , -0.0639487156 , 10.2762043 , 61.1406419 , 61.4079327 , 123.318826 , -0.0588556102 , 0.36407766 , -0.68180292 , 23914.8159 , 4770.06735 , -10588.1596 , -17532.6994 , 18255.0241 , 19707.6179 , 7555.81018 , 47769.2629 , 23780.0188
0.003432 , 22537.7 , 0.751256 , 3e+22 , -800.362 , 1148.97 , 1078.51 , 0.501085 , 0.500878 , 0.500531 , 0.0310215929 , -0.0649837948 , 10.2974164 , 61.2985265 , 61.5225555 , 123.788115 , -0.0420525456 , 0.382675311 , -0.659143329 , 760.876945 , 29017.3572 , -27382.2579 , 14121.9078 , 12486.3097 , 3757.58557 , -21.5884902 , 16139.2387 , 24182.2852
0.00344 , 22553.2 , 0.751772 , 3e+22 , 28.4006 , 2169.93 , -1642.55 , 0.500437 , 0.501381 , 0.501683 , 0.0312364212 , -0.0698610801 , 10.3195418 , 61.4616275 , 61.6337714 , 124.339935 , -0.0264727162 , 0.393175398 , -0.710644342 , 22805.8199 , 13706.6315 , -4456.49278 , 13271.3619 , 31198.0773 , -12038.8909 , 4191.25837 , 28958.8017 , -6843.95289
0.003448 , 22555 , 0.751833 , 3e+22 , -579.286 , -728.154 , -2376.23 , 0.499752 , 0.501575 , 0.502303 , 0.0321626378 , -0.0678684534 , 10.340085 , 61.6607471 , 61.7938492 , 124.773787 , -0.0240454751 , 0.407221572 , -0.695033002 , -148.886715 , 6939.10366 , -2670.07706 , 6785.87268 , 17494.1677 , 7525.39548 , -9590.26146 , -5411.36286 , -26699.4112
0.003456 , 22565.9 , 0.752196 , 3e+22 , -16.706 , -1248.45 , 100.918 , 0.503821 , 0.499236 , 0.501327 , 0.033784359 , -0.0685413249 , 10.3616305 , 61.8241697 , 61.9182759 , 125.258851 , -0.0212731461 , 0.414505645 , -0.716644512 , 4706.27841 , 15425.1462 , 17179.0253 , -14852.4981 , 5713.37 , 4027.22863 , 522.248895 , -12977.8195 , -834.346408
0.003464 , 22574.7 , 0.752489 , 3e+22 , -1423.82 , -1317.22 , -49.342 , 0.504713 , 0.500493 , 0.499751 , 0.0286181933 , -0.0689182191 , 10.3826711 , 61.9994012 , 61.9875821 , 125.736541 , -0.0390862479 , 0.365400944 , -0.689807731 , 39051.1105 , -7332.31203 , 10211.2361 , 5475.00217 , 22837.2962 , 26615.5459 , -8045.65104 , -13992.7355 , 2928.92842
0.003472 , 22570 , 0.752334 , 3e+22 , 42.1728 , 536.028 , 414.696 , 0.497078 , 0.501646 , 0.505942 , 0.0251748028 , -0.0684691684 , 10.402568 , 62.1801743 , 62.1177474 , 126.202025 , -0.0179188591 , 0.324363954 , -0.687663808 , -15721.4854 , 19916.1914 , -17278.1474 , -31641.7728 , 7744.45952 , -3414.92579 , -4044.31443 , 15673.2584 , 6763.35272
0.00348 , 22593.9 , 0.753131 , 3e+22 , -1025.65 , 1336.02 , 1046.91 , 0.494928 , 0.505793 , 0.505518 , 0.0254969289 , -0.0683433874 , 10.4257096 , 62.3176988 , 62.2706798 , 126.728716 , -0.00551120919 , 0.325770821 , -0.715920775 , 13572.3422 , 3665.51621 , 6659.48653 , -5920.80849 , 8497.01048 , 11098.3876 , -23968.5012 , 7430.913 , 12565.5443
0.003488 , 22581.8 , 0.752728 , 3e+22 , 1481.2 , 945.99 , 1264.98 , 0.507336 , 0.501378 , 0.496716 , 0.0198415131 , -0.0674705782 , 10.4447752 , 62.3966628 , 62.3801451 , 127.159865 , -0.00732110612 , 0.270774684 , -0.699955456 , 10062.6068 , -13232.578 , -1309.35353 , 2271.92781 , 15519.15 , -10880.4846 , 18995.007 , 11613.6378 , 19062.8339
0.003496 , 22576.6 , 0.752554 , 3e+22 , 3086.71 , 1175.41 , 1978.7 , 0.499177 , 0.501139 , 0.504707 , 0.0213697328 , -0.0646223547 , 10.4644265 , 62.4999699 , 62.5043429 , 127.615876 , -0.00608395067 , 0.289766411 , -0.643766054 , -6465.82076 , 4433.47615 , -18018.703 , -11592.8096 , 30655.4199 , -9249.503 , 31972.2114 , 14284.6379 , 8031.99943
0.003504 , 22576.6 , 0.752555 , 3e+22 , 1089.36 , 1830.72 , 52.2191 , 0.498662 , 0.506237 , 0.500185 , 0.0205178429 , -0.0666388937 , 10.4847287 , 62.5896702 , 62.6592713 , 128.083864 , -0.0339338943 , 0.247567581 , -0.646249953 , -7178.69566 , 11313.044 , 6411.13305 , 21202.1821 , 26376.7155 , -42.2185864 , 12260.8358 , 24913.9373 , 2580.09941
0.003512 , 22572.5 , 0.752416 , 3e+22 , 1569.04 , 497.303 , 399.515 , 0.507807 , 0.498464 , 0.498544 , 0.0182612047 , -0.0653843691 , 10.5044049 , 62.7556542 , 62.8000557 , 128.533101 , -0.0275666694 , 0.24776144 , -0.638442136 , 7958.91929 , 11447.1818 , 7629.14771 , 2517.31048 , 242.526807 , -10463.0358 , 11812.1419 , -1017.87981 , -688.813841
0.00352 , 22545.2 , 0.751508 , 3e+22 , -3360.84 , -2523.44 , 3170.3 , 0.500204 , 0.500421 , 0.502234 , 0.0206273044 , -0.0681519588 , 10.5218002 , 62.9154474 , 62.8894195 , 128.918767 , -0.0163214435 , 0.271140022 , -0.676983211 , 14569.8925 , 10716.1908 , -24753.8162 , -11270.9463 , -14771.1423 , -9223.97815 , -51034.5936 , -36768.218 , 29488.185
0.003528 , 22553.6 , 0.751786 , 3e+22 , 981.876 , -2761.44 , 4918.7 , 0.503245 , 0.50363 , 0.496511 , 0.0177392911 , -0.0671485281 , 10.5428052 , 63.0784227 , 63.0024241 , 129.3794 , -0.0393043881 , 0.234242663 , -0.698215238 , -5738.0984 , 15263.912 , -26540.6778 , 21959.2456 , -10673.8752 , -1555.72342 , 24056.8659 , -42263.5329 , 62645.2717
0.003536 , 22574.2 , 0.752475 , 3e+22 , -217.609 , -1950.83 , 3999.73 , 0.499559 , 0.502941 , 0.502337 , 0.017518975 , -0.0678925798 , 10.5657634 , 63.1968383 , 63.1714426 , 129.92237 , -0.0384094878 , 0.265275193 , -0.706930612 , 9653.97864 , -3833.01645 , 13448.1842 , 24853.6674 , -13205.1391 , 18080.869 , 11889.6446 , -34686.5665 , 56060.1688
0.003544 , 22577.1 , 0.752569 , 3e+22 , -1956.52 , -73.8698 , -2203.82 , 0.501662 , 0.500449 , 0.502977 , 0.0177708905 , -0.0696330986 , 10.586304 , 63.3788217 , 63.3757938 , 130.401737 , -0.0405076982 , 0.265485244 , -0.734939035 , 10118.6639 , 6535.20095 , 4435.54921 , 2974.22804 , 15547.795 , -13499.0034 , -12874.6461 , -6394.19539 , -28962.8771
0.003552 , 22597.3 , 0.753244 , 3e+22 , 3225.22 , -1527.4 , 805.628 , 0.504663 , 0.501457 , 0.500292 , 0.0178965187 , -0.0687523045 , 10.6088433 , 63.49517 , 63.5485944 , 130.899541 , -0.041569053 , 0.245741256 , -0.686465212 , 6000.10507 , 13186.1448 , -3161.56125 , 716.241513 , -20883.2224 , 14551.366 , 29250.8058 , -13867.8528 , -4679.71549
0.00356 , 22589.8 , 0.752994 , 3e+22 , -1042.25 , -532.279 , -3349.91 , 0.499369 , 0.502615 , 0.503933 , 0.0169901556 , -0.0668464281 , 10.628119 , 63.6297895 , 63.6441495 , 131.362678 , -0.031564772 , 0.259182109 , -0.656371193 , 8658.38861 , 30382.5001 , -32053.5321 , -1833.18665 , 5452.80696 , 10431.5015 , -16202.4139 , -7259.00684 , -29343.9659
0.003568 , 22579.5 , 0.752651 , 3e+22 , -596.614 , 2167.2 , 1313.34 , 0.503205 , 0.50428 , 0.497778 , 0.0199992459 , -0.0661420487 , 10.647614 , 63.7457148 , 63.8195571 , 131.821946 , -0.0268987761 , 0.291722093 , -0.651189077 , 2231.45069 , 22487.3278 , -19553.7478 , 16051.1756 , -11941.9581 , -13679.9874 , -17636.7521 , 45571.6327 , 23679.4078
0.003576 , 22597.1 , 0.753236 , 3e+22 , -1549.78 , 805.974 , 1451.77 , 0.505448 , 0.504146 , 0.49685 , 0.0195143535 , -0.0684638667 , 10.6704365 , 63.8619488 , 63.9262831 , 132.344568 , -0.0137083003 , 0.288904612 , -0.66289654 , 6169.13781 , 15334.6844 , -4750.84281 , 4338.93221 , 13914.2636 , 10653.2526 , -19699.8454 , 9757.42728 , 30201.2981
0.003584 , 22588.4 , 0.752946 , 3e+22 , 2362.77 , -806.574 , 1025.84 , 0.498907 , 0.506659 , 0.500285 , 0.0177948465 , -0.0653316115 , 10.6894348 , 63.995433 , 64.0888032 , 132.770187 , 0.00249485288 , 0.23478493 , -0.620286797 , -8751.17332 , -9040.54185 , 18208.3122 , 6700.09121 , 18401.7047 , 3572.80882 , 35260.146 , 5246.37027 , 10111.0788
0.003592 , 22612.7 , 0.753757 , 3e+22 , 1817.14 , -511.45 , 440.639 , 0.501762 , 0.501751 , 0.503979 , 0.0153888498 , -0.0641514811 , 10.7124716 , 64.1221606 , 64.220344 , 133.311834 , 0.0251805918 , 0.218517033 , -0.593502717 , 20982.7797 , -10082.9431 , 17949.6981 , 15845.3326 , 15971.8472 , 5397.83217 , 12158.1116 , -427.753199 , 17171.1961
0.0036 , 22588.2 , 0.752939 , 3e+22 , 2978.08 , 3236.52 , 3605.34 , 0.507048 , 0.500944 , 0.497703 , 0.0153418085 , -0.0632441689 , 10.7301416 , 64.2731166 , 64.3653152 , 133.776198 , 0.0714283679 , 0.241581677 , -0.569912371 , 15249.3352 , 23676.5342 , -1330.96435 , 8347.38788 , 22139.5162 , -8133.78334 , 37217.9491 , 34000.066 , 49289.4515
0.003608 , 22577.6 , 0.752588 , 3e+22 , 1466.27 , 1756.84 , -473.331 , 0.502125 , 0.500312 , 0.502707 , 0.0174461202 , -0.0642031223 , 10.7492731 , 64.4186874 , 64.5217548 , 134.20316 , 0.016366165 , 0.274595947 , -0.603341993 , -6492.06565 , -11965.4647 , 14089.4292 , -9380.20329 , 40365.0634 , -22208.4265 , 8697.58737 , 30993.1419 , -8482.92698
0.003616 , 22551.7 , 0.751722 , 3e+22 , -812.306 , 393.888 , -2208.69 , 0.501061 , 0.503652 , 0.498698 , 0.0171560752 , -0.0600405578 , 10.7667042 , 64.580864 , 64.6514312 , 134.620135 , -0.00350087412 , 0.294278092 , -0.543655104 , -4149.92326 , 15431.9811 , -6629.4997 , 16259.6868 , 21632.6378 , 1049.6569 , -11363.4495 , -8916.83802 , -27326.8986
0.003624 , 22575.3 , 0.752509 , 3e+22 , -1358.59 , -1430.68 , 3614.35 , 0.504319 , 0.502083 , 0.49852 , 0.0157122419 , -0.0608529886 , 10.7899051 , 64.7589158 , 64.8469868 , 135.154451 , 0.005901667 , 0.294037816 , -0.542211793 , -687.904166 , 32023.3216 , 23046.9509 , -39.4421926 , -2061.07682 , -17594.2702 , -22673.0551 , -14471.5497 , 54170.436
0.003632 , 22567.2 , 0.752239 , 3e+22 , -1902.38 , -2281.25 , 2875.03 , 0.503269 , 0.500674 , 0.500439 , 0.0173872725 , -0.0591507496 , 10.8093792 , 64.8920029 , 64.9630993 , 135.638139 , -0.0223548132 , 0.287192218 , -0.494197968 , 3656.58581 , 5482.24023 , 33367.5861 , 9852.23879 , 2522.01952 , -3526.1299 , -25165.8082 , -28668.7042 , 30431.4154
0.00364 , 22585.2 , 0.75284 , 3e+22 , 2927 , 423.156 , -1643.21 , 0.49651 , 0.506949 , 0.502156 , 0.0158803847 , -0.0550966474 , 10.8317149 , 65.0267979 , 65.1405884 , 136.130005 , -0.0407527415 , 0.266310334 , -0.473476118 , 23457.2644 , 9403.30423 , -1609.37852 , -309.971021 , -4462.82949 , -333.372021 , 35740.69 , 10403.5537 , -43081.6758
0.003648 , 22583.8 , 0.752793 , 3e+22 , 1411.14 , 2906.29 , -20.8923 , 0.501391 , 0.49749 , 0.506645 , 0.0159085297 , -0.0568084394 , 10.8520356 , 65.1971612 , 65.3045987 , 136.605538 , -0.0302658216 , 0.25359287 , -0.468435412 , 23934.5941 , 6874.67495 , -30070.2848 , 20681.6549 , 19393.7038 , 11501.4907 , 17401.1456 , 29370.6035 , -6095.48628
0.003656 , 22584.8 , 0.752825 , 3e+22 , -1695.57 , 580.231 , -2398.61 , 0.498387 , 0.505933 , 0.501279 , 0.0150992296 , -0.0530447161 , 10.8722992 , 65.3288805 , 65.4632764 , 137.068089 , -0.0191604662 , 0.243700854 , -0.392578077 , -5629.00195 , -12189.0151 , -1132.57991 , -8109.02595 , -8444.18221 , 10078.6501 , -21409.8369 , 15164.4112 , -32333.149
0.003664 , 22565 , 0.752166 , 3e+22 , -833.026 , 104.858 , 1276.9 , 0.495339 , 0.503738 , 0.505242 , 0.0139942576 , -0.0494835244 , 10.8905041 , 65.4654943 , 65.6443672 , 137.483631 , -0.0450480091 , 0.205015552 , -0.378336989 , 1767.6158 , -18545.1652 , -2040.14355 , -9974.86824 , 7501.12513 , 4104.18183 , 7985.33018 , 1707.34871 , 22712.0605
0.003672 , 22561.3 , 0.752043 , 3e+22 , -1401.54 , 2838.16 , -2618.98 , 0.510994 , 0.495549 , 0.497448 , 0.0131846499 , -0.0495646008 , 10.9102246 , 65.570893 , 65.8053907 , 137.950372 , -0.038687649 , 0.206434333 , -0.408512538 , 759.276539 , 1381.40662 , 19081.1029 , 969.844705 , -1818.92192 , -16981.2725 , -9110.98806 , 26557.7357 , -33174.3221
0.00368 , 22564 , 0.752132 , 3e+22 , -3866.53 , 3234.74 , 4566.31 , 0.502912 , 0.498022 , 0.503066 , 0.0126994009 , -0.050372591 , 10.9311264 , 65.7509966 , 65.9104262 , 138.44139 , -0.0449998773 , 0.187036366 , -0.393058888 , 39600.025 , -1223.68894 , -4154.81871 , 12776.9762 , -837.859519 , 20432.3002 , -50948.165 , 31362.1909 , 55768.1818
0.003688 , 22572.7 , 0.752423 , 3e+22 , 3090.27 , 3316.1 , -588.86 , 0.499369 , 0.500602 , 0.504756 , 0.0109770375 , -0.0487280071 , 10.9522242 , 65.9021627 , 66.0317175 , 138.992228 , -0.0481227644 , 0.168865279 , -0.38360909 , -15809.8805 , -10959.9451 , 21614.9838 , -4795.87905 , -16874.7428 , 5919.87617 , 28479.4109 , 43455.5727 , -21577.8267
0.003696 , 22547.2 , 0.751572 , 3e+22 , -3138.96 , -1009.11 , -699.181 , 0.502762 , 0.50029 , 0.500028 , 0.00651539026 , -0.050117822 , 10.9693187 , 65.9624808 , 66.1763857 , 139.412909 , -0.0196686012 , 0.14817687 , -0.377424974 , 10630.7776 , 20282.3725 , -19761.6332 , -26672.1432 , 18669.5699 , -24906.1382 , -35545.039 , -3867.42584 , -10306.214
0.003704 , 22547.2 , 0.751573 , 3e+22 , 471.81 , -1024.18 , 2105.51 , 0.497367 , 0.502679 , 0.503067 , 0.00691276956 , -0.050767353 , 10.9891448 , 66.1196689 , 66.3815909 , 139.871399 , -0.0340401187 , 0.164311563 , -0.42046542 , 8713.22703 , -21822.6579 , 9398.76199 , -3769.81803 , 15415.827 , 3260.03043 , -1115.97925 , -15430.2047 , 30831.9157
0.003712 , 22547.6 , 0.751586 , 3e+22 , -775.938 , -2114.35 , 2093.63 , 0.502196 , 0.501739 , 0.499182 , 0.00663236476 , -0.0501369949 , 11.0094777 , 66.287718 , 66.4641519 , 140.358821 , -0.0133243893 , 0.152620121 , -0.424208646 , 11537.7374 , 22188.6644 , -10004.637 , -1403.66447 , 6747.08767 , 31739.3407 , -16222.4704 , -37781.084 , 25117.0685
0.00372 , 22544.6 , 0.751488 , 3e+22 , -4562.9 , 3102.25 , 963.063 , 0.502259 , 0.496313 , 0.504226 , 0.00467300682 , -0.0472075021 , 11.0291047 , 66.4750153 , 66.6099577 , 140.830716 , -0.0210191943 , 0.14249149 , -0.390946953 , 4942.91607 , 2672.87355 , 1250.13306 , 6136.32032 , 35891.9383 , -6434.15288 , -40407.3814 , 44411.3357 , 9975.08825
0.003728 , 22579.6 , 0.752652 , 3e+22 , 216.452 , 2450.65 , 1263.73 , 0.50233 , 0.501607 , 0.501325 , 0.0053679918 , -0.0500291829 , 11.0530169 , 66.6195956 , 66.7577771 , 141.413776 , 0.00135318752 , 0.14344162 , -0.384972041 , 9304.27117 , -5554.27635 , 15930.6687 , -4798.54073 , 21240.9477 , 14572.8231 , 15393.4346 , 30063.0728 , 2817.47918
0.003736 , 22589.8 , 0.752994 , 3e+22 , 2922.83 , 2681.9 , 760.7 , 0.500713 , 0.49809 , 0.507092 , 0.00241007739 , -0.0481081033 , 11.0746341 , 66.7474998 , 66.9442211 , 141.954655 , 0.0205288149 , 0.129953051 , -0.38570733 , 21529.2366 , -19351.3359 , -5911.98592 , 8303.48769 , 36611.6699 , 24173.5081 , 39902.9312 , 38753.3297 , 14368.944
0.003744 , 22581.6 , 0.752721 , 3e+22 , -269.101 , -1043.37 , 592.944 , 0.496665 , 0.502248 , 0.506521 , 0.00245283839 , -0.0463697335 , 11.0936172 , 66.8359598 , 67.0871864 , 142.400615 , 0.00896260367 , 0.123613088 , -0.35709627 , -4609.75387 , -22228.2034 , -252.528457 , 7155.93341 , 4612.90518 , 15521.6505 , -13662.7531 , -13423.1537 , 30084.4506
0.003752 , 22578.3 , 0.752609 , 3e+22 , -3546.1 , -2262.27 , 3040.55 , 0.502587 , 0.503314 , 0.499165 , -0.000850247372 , -0.0503234087 , 11.1131699 , 66.9918244 , 67.232348 , 142.894128 , 0.00606544402 , 0.0794310098 , -0.423375664 , 8493.6232 , 479.007544 , -837.530801 , 16163.2283 , -751.200692 , 12561.6262 , -48362.0381 , -47636.8336 , 36383.0676
0.00376 , 22560.6 , 0.752019 , 3e+22 , -2136.4 , 1978.74 , 772.768 , 0.502941 , 0.499101 , 0.501946 , -0.00171773063 , -0.0482953792 , 11.1321532 , 67.1836314 , 67.360269 , 143.330473 , 0.0202257573 , 0.0324664763 , -0.4105862 , -10380.1666 , -5721.00569 , 2770.67975 , 11445.2541 , 1788.86868 , -3745.53053 , -28705.3378 , 21328.7099 , 16066.523
0.003768 , 22575.3 , 0.75251 , 3e+22 , -3297.97 , 1550.11 , -1722.64 , 0.498904 , 0.507781 , 0.498243 , -0.00277683079 , -0.049807774 , 11.1539753 , 67.3425652 , 67.5517292 , 143.883967 , 0.00796765809 , -0.00194140003 , -0.431223166 , 11481.7074 , 2825.36237 , -29128.9105 , 1369.96479 , 20817.4189 , -31522.5777 , -41505.6001 , 17478.8536 , -22076.276
0.003776 , 22574.1 , 0.752471 , 3e+22 , 269.864 , 1913.63 , 854.929 , 0.495743 , 0.505588 , 0.503585 , -0.00192339952 , -0.0507893671 , 11.1739115 , 67.4722886 , 67.7059496 , 144.38048 , 0.01040624 , -0.0110935308 , -0.44521915 , 15711.2325 , 277.581296 , 1186.92264 , -16026.5421 , 30889.9832 , -6030.46198 , 3367.64414 , 24367.7483 , 12550.4478
0.003784 , 22536.9 , 0.75123 , 3e+22 , -3580.08 , -549.337 , 644.919 , 0.495578 , 0.502336 , 0.504469 , -0.00260664777 , -0.0497206231 , 11.1901843 , 67.559423 , 67.8560765 , 144.806533 , -0.0143345321 , 0.00464709766 , -0.423343474 , -22088.4462 , -7999.98475 , 2133.23769 , 9959.13551 , 12897.4706 , -1989.27481 , -32084.3775 , 3517.16284 , 1582.68995
0.003792 , 22544.2 , 0.751474 , 3e+22 , -1172.31 , -1003.06 , -1451.93 , 0.496526 , 0.501352 , 0.505044 , -0.00562953563 , -0.0503853554 , 11.210942 , 67.6840562 , 68.0349435 , 145.291655 , -0.0204123926 , -0.0296846654 , -0.451947735 , 16597.0707 , -2773.24326 , -13903.2505 , -20567.8009 , -15742.7358 , -14709.736 , -26688.5041 , -13097.1914 , -23924.9243
0.0038 , 22547.3 , 0.751576 , 3e+22 , -3241.62 , -835.661 , 639.86 , 0.495636 , 0.50478 , 0.50267 , -0.00465655455 , -0.0519961966 , 11.231555 , 67.8468595 , 68.2000116 , 145.782846 , 0.0147149025 , -0.0146283108 , -0.484019591 , -8533.29611 , -7653.25342 , -5355.01522 , -9899.04089 , 4671.70456 , 16388.6714 , -43812.0699 , -643.642443 , 8722.68626
0.003808 , 22564.6 , 0.752153 , 3e+22 , 630.674 , -2993.32 , -141.493 , 0.496427 , 0.505168 , 0.502657 , -0.00715433003 , -0.0500937809 , 11.2532046 , 67.9416011 , 68.3334562 , 146.311664 , 0.00494572913 , -0.0233454859 , -0.449702306 , -12442.0211 , -2678.65386 , 21163.5239 , -18668.4923 , -1012.67799 , -4530.36146 , -1533.49069 , -32907.8596 , 2028.7042
0.003816 , 22565.4 , 0.752179 , 3e+22 , 1229.12 , -835.123 , 844.418 , 0.505117 , 0.503474 , 0.495752 , -0.00881800257 , -0.0515201882 , 11.2733793 , 68.0301244 , 68.4673895 , 146.819619 , 0.0004224761 , -0.0397032663 , -0.468079492 , -25077.8026 , 7178.42073 , -16523.5104 , -18100.0023 , 30869.4288 , 7772.15159 , 3687.92925 , -12795.1653 , 9793.01472
0.003824 , 22560.2 , 0.752005 , 3e+22 , -2577.64 , 422.438 , -709.51 , 0.504852 , 0.499401 , 0.499717 , -0.0120695203 , -0.0503596918 , 11.2930475 , 68.1773898 , 68.6173261 , 147.302066 , 0.0183972483 , -0.0743745123 , -0.427466721 , -31032.9844 , -24323.2559 , -2078.26478 , 6546.51095 , -11.6391608 , -9692.59336 , -44800.4649 , 8472.9758 , 2142.69183
0.003832 , 22570.7 , 0.752356 , 3e+22 , -1084.28 , -87.479 , 3163.97 , 0.49744 , 0.504312 , 0.502896 , -0.0128955643 , -0.0498254491 , 11.3148908 , 68.291464 , 68.7580205 , 147.867911 , -0.00832241367 , -0.0660861813 , -0.40258805 , 12644.5285 , 11644.6945 , 10394.1021 , -6354.65339 , 14177.0961 , -16007.2615 , -20401.3937 , 993.301688 , 41911.9837
0.00384 , 22585.5 , 0.75285 , 3e+22 , -658.015 , -2689.82 , -3001.75 , 0.502007 , 0.504846 , 0.498753 , -0.0143546573 , -0.0515137071 , 11.3366757 , 68.412172 , 68.8779072 , 148.400347 , 0.0343574058 , -0.0774772287 , -0.452009149 , -7996.28403 , 2920.90166 , -13286.9341 , 19924.0391 , -32412.5595 , -8591.79892 , -8472.81213 , -37267.7666 , -40052.2354
0.003848 , 22582.9 , 0.752762 , 3e+22 , 407.14 , -3028.96 , 2026.5 , 0.506098 , 0.500862 , 0.498487 , -0.0131487742 , -0.0526319404 , 11.3569098 , 68.5512399 , 69.0287925 , 148.902461 , 0.0249426695 , -0.029259006 , -0.440896742 , -6581.28014 , -8544.30673 , 16184.0297 , 20.0033194 , 23416.8628 , -24485.8696 , 16192.9986 , -43219.6731 , 17138.754
0.003856 , 22582.4 , 0.752748 , 3e+22 , 1249.84 , 1216.65 , 1021.79 , 0.499117 , 0.503104 , 0.503253 , -0.0154047421 , -0.052818964 , 11.3776778 , 68.664827 , 69.1855492 , 149.42176 , -0.0130203083 , -0.0548583312 , -0.454165618 , 13551.2153 , 1533.15734 , -12623.5351 , 35845.0886 , 6847.51922 , -18654.9792 , 21677.6932 , 17790.4553 , 9574.56109
0.003864 , 22586.6 , 0.752886 , 3e+22 , 3971.08 , 1062.32 , 1742.21 , 0.497433 , 0.500659 , 0.507567 , -0.0132019028 , -0.0507046218 , 11.3985164 , 68.8698352 , 69.3095958 , 149.915439 , 0.00328297501 , -0.0614952822 , -0.418188092 , 9527.97453 , 6953.87303 , 1444.31906 , 4620.06583 , 19801.3209 , 15164.2448 , 46742.9947 , 18305.3154 , 30179.6156
0.003872 , 22621.7 , 0.754057 , 3e+22 , 2057.37 , -1772.5 , -1456.78 , 0.50556 , 0.49833 , 0.50417 , -0.0127248293 , -0.0513675177 , 11.4222543 , 69.029467 , 69.3703199 , 150.509984 , 0.0104132958 , -0.0737216653 , -0.379054934 , -31273.2558 , -2090.94445 , 8371.89396 , 113.766155 , -11576.8724 , -7364.52062 , 24752.8623 , -26059.4519 , -16802.6486
0.00388 , 22603.5 , 0.753449 , 3e+22 , 87.6505 , -986.447 , 2226.3 , 0.503237 , 0.501234 , 0.502393 , -0.0113078272 , -0.0529236018 , 11.4403855 , 69.2015121 , 69.5118186 , 150.999335 , 0.0588284734 , -0.0764670563 , -0.401961466 , 12063.2575 , -7337.87246 , 4034.95938 , 6936.52628 , 6358.17334 , 1448.57791 , 8248.77766 , -17054.6574 , 23738.0438
0.003888 , 22600.3 , 0.753344 , 3e+22 , -2752.79 , 2872.6 , 1846.94 , 0.504191 , 0.50263 , 0.499757 , -0.00789800824 , -0.0523895781 , 11.4606405 , 69.3490745 , 69.6727235 , 151.516844 , 0.0461791617 , -0.0202041057 , -0.392861773 , -4245.12247 , 20982.6472 , 792.421808 , -15776.0907 , 5222.27035 , -739.610815 , -38787.0913 , 49267.6041 , 17915.2631
0.003896 , 22614.3 , 0.753811 , 3e+22 , 112.236 , -156.742 , -849.76 , 0.498905 , 0.507128 , 0.501585 , -0.0112504064 , -0.0545353106 , 11.4823871 , 69.4578858 , 69.8620665 , 152.067942 , 0.087505191 , -0.0542244409 , -0.415581683 , 40976.016 , 8102.40241 , -1158.85672 , -13765.2626 , -7809.38033 , -15776.9184 , 5222.39656 , -3818.64846 , -9337.74276
0.003904 , 22599.2 , 0.753307 , 3e+22 , -1115.65 , -358.212 , 1077.5 , 0.497668 , 0.505487 , 0.503445 , -0.0143741854 , -0.0552669107 , 11.5008885 , 69.6232687 , 69.9851203 , 152.54588 , 0.122002463 , -0.0753211495 , -0.41366283 , 21149.7148 , 12558.2588 , 16293.4275 , 6083.15942 , 26482.3505 , -18578.5372 , -11840.1943 , -15352.6785 , -4180.70823
0.003912 , 22554.5 , 0.751818 , 3e+22 , 2036.71 , 2223.13 , -3086.92 , 0.505308 , 0.500713 , 0.497509 , -0.0122396007 , -0.055195573 , 11.5170097 , 69.7530542 , 70.1787615 , 152.972093 , 0.166473304 , -0.0175513688 , -0.409192337 , 40367.6999 , 19547.4389 , 10790.444 , 172.560888 , 1065.97168 , -412.118331 , 23680.1333 , 22709.8488 , -24517.5465
0.00392 , 22562.5 , 0.752085 , 3e+22 , 1032.69 , 2044.15 , 1097.92 , 0.500007 , 0.499385 , 0.504741 , -0.0101658648 , -0.0535970828 , 11.5376682 , 69.8669562 , 70.3213798 , 153.481354 , 0.183491977 , 0.0276172871 , -0.387100895 , -5107.64474 , 16753.4125 , -3692.00075 , -7951.34261 , -5528.08181 , -17395.5381 , 20893.4173 , 31727.8618 , 4651.46759
0.003928 , 22559.2 , 0.751973 , 3e+22 , 3181.3 , -545.509 , -354.249 , 0.501165 , 0.499026 , 0.503695 , -0.00711296475 , -0.0566464897 , 11.5579128 , 69.9895968 , 70.511573 , 153.982391 , 0.151222825 , 0.0752032842 , -0.415743756 , 12561.3518 , 20445.6458 , 17618.333 , -1201.46814 , 13888.7353 , -13465.1695 , 41041.2742 , -6717.1386 , -2334.62768
0.003936 , 22551.2 , 0.751707 , 3e+22 , 3457.05 , 1693 , -1780.73 , 0.499061 , 0.502684 , 0.501567 , -0.00245240862 , -0.0548043864 , 11.5777442 , 70.0938704 , 70.6477131 , 154.456444 , 0.194388697 , 0.101768851 , -0.409950008 , 27480.9983 , -4088.3286 , -9974.20207 , 20395.9956 , -9309.96997 , 9084.52648 , 37252.0809 , 32991.3061 , -23366.4562
0.003944 , 22535.8 , 0.751193 , 3e+22 , -71.5403 , -3391.25 , 855.22 , 0.494931 , 0.501179 , 0.506206 , -0.00123180229 , -0.0558015779 , 11.5968345 , 70.3211161 , 70.8220667 , 154.948763 , 0.179762515 , 0.123497432 , -0.419916291 , 1809.01347 , -12866.2778 , -22159.7496 , -5501.55267 , 8005.35732 , -12084.1704 , 7039.2818 , -40468.1978 , 12990.9761
0.003952 , 22512.2 , 0.750406 , 3e+22 , -642.149 , 1397.78 , 792.835 , 0.501455 , 0.50471 , 0.49463 , -0.00222406601 , -0.0548650686 , 11.6147104 , 70.5056275 , 70.9822153 , 155.419637 , 0.203474983 , 0.115752535 , -0.392240709 , -8160.62168 , -21.2298458 , 23471.4743 , 6592.74598 , 18430.9189 , 1849.79169 , -27188.504 , 21493.7868 , 1561.19297
0.00396 , 22533.5 , 0.751116 , 3e+22 , 803.098 , 2564.6 , -895.315 , 0.500222 , 0.499108 , 0.502856 , -0.00387338801 , -0.0546746664 , 11.6373083 , 70.736414 , 71.1677652 , 156.007705 , 0.238734294 , 0.101517023 , -0.384570598 , 31772.1603 , -703.235789 , 9507.05801 , 8661.6289 , 21468.4654 , 1495.17237 , 9583.21472 , 40605.0708 , -11673.7662
0.003968 , 22544.1 , 0.751468 , 3e+22 , -2428.52 , 381.023 , 4045.15 , 0.501681 , 0.500638 , 0.50049 , -0.000641581968 , -0.0534533592 , 11.6584358 , 70.8371052 , 71.298116 , 156.545248 , 0.229264872 , 0.161495896 , -0.381978882 , -12889.8609 , 10498.937 , 2407.25952 , -10360.8609 , 36230.8423 , -6938.50489 , -24081.4534 , 10685.492 , 42501.9279
0.003976 , 22567.3 , 0.752245 , 3e+22 , 1089.84 , -1608.39 , -2356.54 , 0.502728 , 0.501544 , 0.500165 , -0.000188042157 , -0.052763168 , 11.6811048 , 71.0010994 , 71.4536239 , 157.095242 , 0.238647609 , 0.1222683 , -0.335687159 , 25218.4092 , 7623.98259 , -275.644051 , 19221.5242 , 9866.61941 , 12341.6221 , 11478.4619 , -26848.6045 , -31627.9967
0.003984 , 22556.7 , 0.751891 , 3e+22 , -395.465 , -1504.25 , 1870.5 , 0.503607 , 0.501645 , 0.498495 , -0.000697092876 , -0.0535890565 , 11.6999718 , 71.1576784 , 71.5815589 , 157.596795 , 0.216203092 , 0.12686687 , -0.343540398 , 1685.93161 , -28242.416 , -17425.6874 , -15129.2701 , 17185.2474 , 1536.53587 , -7630.77832 , -19618.0051 , 9741.66325
0.003992 , 22562.3 , 0.752077 , 3e+22 , 214.351 , -617.346 , -1107.53 , 0.501829 , 0.502399 , 0.499915 , -0.000813119278 , -0.0536166643 , 11.7211044 , 71.2733287 , 71.7421618 , 158.122193 , 0.2044745 , 0.105009127 , -0.326919847 , 3837.96437 , 16083.4071 , -20408.9506 , -6161.26733 , 10471.3691 , 6725.80425 , 7060.05045 , -13986.9397 , -29049.4098
0.004 , 22575.4 , 0.752513 , 3e+22 , -2544.92 , -3468.15 , 1301.24 , 0.497353 , 0.505393 , 0.502166 , -0.0020503 , -0.0554817685 , 11.7427478 , 71.3931588 , 71.9188206 , 158.675398 , 0.235361093 , 0.107079683 , -0.308318731 , -19897.8037 , 4329.41134 , -13086.8327 , 9435.53676 , 13027.8118 , 7404.96903 , -46496.8553 , -62801.9238 , 13577.774
0.004008 , 22566.1 , 0.752203 , 3e+22 , 1404.52 , 625.942 , -20.6227 , 0.502715 , 0.500902 , 0.500775 , -0.00514356086 , -0.0596734682 , 11.7619613 , 71.476219 , 72.1155305 , 159.174648 , 0.281190541 , 0.0859836115 , -0.386240463 , -5420.46735 , -5279.51177 , 763.215385 , -20171.1127 , 2706.50667 , 11252.0517 , 19447.2426 , 10182.606 , 899.612526
0.004016 , 22573.6 , 0.752455 , 3e+22 , 472.699 , -789.61 , 1317.11 , 0.502783 , 0.502937 , 0.499175 , -0.000700699194 , -0.0579534311 , 11.7831094 , 71.6233931 , 72.3005442 , 159.685163 , 0.242327415 , 0.0775901449 , -0.377985257 , -3900.49403 , -11766.3472 , 5777.52702 , 24738.869 , 17549.1395 , -4670.39945 , 16133.6531 , -11095.6699 , 11444.1516
0.004024 , 22556.7 , 0.75189 , 3e+22 , 1313.6 , -3958.92 , 1861.39 , 0.499342 , 0.496693 , 0.507626 , -0.0025381257 , -0.0577399022 , 11.8013524 , 71.7648223 , 72.5027116 , 160.152826 , 0.286184524 , 0.0700042847 , -0.374519743 , 25392.7401 , -18090.9929 , -3648.82185 , 2860.75948 , -35729.9951 , -10543.0959 , 15493.6892 , -61820.0601 , 31994.2092
0.004032 , 22553.6 , 0.751787 , 3e+22 , 831.164 , 1316.98 , -1993.66 , 0.502159 , 0.50015 , 0.501228 , 0.000453564905 , -0.0569276961 , 11.8212094 , 71.9360685 , 72.6907306 , 160.652784 , 0.280590253 , 0.126120434 , -0.387681883 , -11067.6222 , -9540.19466 , -12397.5692 , -25608.6262 , 13109.0352 , -16491.0553 , 3146.92024 , 11370.9305 , -16411.9439
0.00404 , 22536.4 , 0.751213 , 3e+22 , -396.687 , 1290.22 , 1466.4 , 0.504227 , 0.499515 , 0.498662 , -0.00047233326 , -0.055840672 , 11.8395367 , 72.0424039 , 72.8517427 , 161.091404 , 0.328631018 , 0.120768118 , -0.422290616 , -6421.81534 , -24445.5113 , -8086.59396 , -6536.689 , 10944.3964 , -3290.1151 , -2482.22501 , 5586.29959 , 15367.7737
0.004048 , 22564.8 , 0.752161 , 3e+22 , -651.602 , 1458.35 , 1617.64 , 0.500222 , 0.504161 , 0.499909 , -0.000350207473 , -0.0558184251 , 11.8629014 , 72.1648441 , 73.0016734 , 161.6709 , 0.3138593 , 0.107137551 , -0.436094737 , 13401.5044 , -2895.31828 , 4263.45956 , -2292.74661 , 31570.7197 , -13146.8598 , -11168.6417 , 24485.8251 , 12663.8361
0.004056 , 22591.1 , 0.753036 , 3e+22 , -3568.03 , 1125.88 , -2010.04 , 0.503919 , 0.501053 , 0.500998 , 0.00209398242 , -0.0562491741 , 11.8861696 , 72.2585754 , 73.1390895 , 162.241316 , 0.351145757 , 0.0912230214 , -0.467065227 , -1203.19734 , 10756.1938 , -6704.02463 , 1155.29551 , 15946.0605 , -1074.86264 , -58567.7374 , 16260.8807 , -31105.4409
0.004064 , 22596.4 , 0.753212 , 3e+22 , 336.65 , 751.584 , -1467.77 , 0.500772 , 0.506224 , 0.499412 , -0.000997920833 , -0.0563360371 , 11.9071472 , 72.4143138 , 73.3279634 , 162.774882 , 0.320385664 , 0.0420372699 , -0.434586593 , -10509.7796 , -5680.10288 , -17358.2546 , 4042.1542 , -3338.15232 , 14231.6024 , 5219.1961 , 25767.8215 , -10644.5397
0.004072 , 22577.5 , 0.752582 , 3e+22 , -983.136 , 26.5999 , 473.878 , 0.501933 , 0.5021 , 0.501124 , -0.00111286276 , -0.0581549993 , 11.9251045 , 72.5133396 , 73.4397953 , 163.237223 , 0.352159506 , 0.0268554722 , -0.43680963 , 6601.32638 , -12670.9907 , -14383.5364 , 6328.98871 , -10989.3038 , -11837.2116 , -14883.6052 , -3795.66404 , 3482.34174
0.00408 , 22571.6 , 0.752386 , 3e+22 , 90.235 , 830.15 , 1340.74 , 0.506369 , 0.498004 , 0.500384 , -3.02395046e-06 , -0.0603541159 , 11.9446505 , 72.6338578 , 73.6061536 , 163.760715 , 0.341637059 , 0.0208176106 , -0.446901241 , 12513.4289 , 20151.3143 , 17385.7755 , 22128.0367 , 6272.16531 , 4781.37983 , 1860.55289 , -6213.30366 , 25466.2839
0.004088 , 22573.6 , 0.752454 , 3e+22 , 448.838 , 3191.22 , -1138.64 , 0.500776 , 0.501915 , 0.502151 , 5.72717527e-05 , -0.0608322796 , 11.9655247 , 72.7661483 , 73.7523996 , 164.309414 , 0.308295217 , 0.0139885049 , -0.487279582 , 12493.1531 , 3190.78427 , 4411.28224 , 9642.35818 , 18175.1065 , -15995.5609 , 9924.08984 , 48660.4746 , -12876.9434
0.004096 , 22573.1 , 0.752435 , 3e+22 , 505.002 , -55.4515 , -3818.64 , 0.506697 , 0.498763 , 0.499327 , 0.00138995738 , -0.060761523 , 11.9858558 , 72.9034049 , 73.8921048 , 164.842438 , 0.318973185 , 0.0450006253 , -0.490164976 , -10454.9126 , -4358.22359 , -32696.2699 , 3887.22644 , -16250.8248 , 12946.253 , 12724.3604 , 17407.7643 , -46066.2091
0.004104 , 22544.3 , 0.751477 , 3e+22 , -2997.88 , 852.149 , -639.416 , 0.505351 , 0.500836 , 0.49671 , 0.00232055028 , -0.0629594576 , 12.0033811 , 73.0537848 , 74.0276348 , 165.324786 , 0.319951272 , 0.0585133924 , -0.501939575 , -605.861422 , -6479.32002 , -11542.1176 , 19625.6365 , -4066.39997 , 8229.92071 , -43664.1224 , 7684.19655 , -13244.3183
0.004112 , 22524.4 , 0.750814 , 3e+22 , -215.167 , 3074.93 , -3092.15 , 0.502221 , 0.497344 , 0.501955 , 0.0028426213 , -0.0630986334 , 12.0214854 , 73.1378133 , 74.1745394 , 165.826734 , 0.335603264 , 0.0366825768 , -0.518396016 , -2806.25356 , -13307.8117 , 4387.85009 , -13511.1503 , -2295.99091 , -5576.85681 , -10867.3587 , 56761.3509 , -40353.6768
0.00412 , 22509.6 , 0.750319 , 3e+22 , -1803.21 , -2247.46 , 1692.28 , 0.496586 , 0.502208 , 0.501781 , 3.7672562e-05 , -0.0634032211 , 12.0398753 , 73.3436388 , 74.3154453 , 166.310579 , 0.32720864 , 0.00150782021 , -0.530074336 , -7913.74321 , -16247.3879 , 4363.58622 , 8345.80509 , 7003.98417 , -7196.86221 , -27872.6817 , -27065.367 , 31427.0581
0.004128 , 22501.4 , 0.750047 , 3e+22 , -166.051 , -581.648 , 880.895 , 0.500128 , 0.498734 , 0.501225 , -0.000940931931 , -0.0652782934 , 12.0592288 , 73.4957864 , 74.4636711 , 166.848617 , 0.364786376 , -0.0101093535 , -0.492795166 , 17001.5397 , 13234.8837 , -375.179183 , -23681.5187 , 17185.7029 , -2550.96282 , -12908.1404 , -6424.11869 , -3312.56361
0.004136 , 22521 , 0.750701 , 3e+22 , 2065.31 , -1894.3 , 5066.25 , 0.496318 , 0.499102 , 0.505791 , -0.00297826513 , -0.064932671 , 12.0820627 , 73.6961915 , 74.5399911 , 167.429446 , 0.362865885 , -0.0229615682 , -0.504373275 , 11415.2858 , 2492.72831 , -15477.7662 , -9060.99739 , 468.789386 , -29430.2232 , 26065.4561 , -18084.7714 , 53476.1036
0.004144 , 22535.8 , 0.751194 , 3e+22 , -633.554 , -2758.55 , -3165.81 , 0.505071 , 0.494657 , 0.502558 , -0.00377696899 , -0.0664300921 , 12.1033726 , 73.8821385 , 74.7213765 , 167.941163 , 0.349675253 , -0.0552927723 , -0.534793289 , 34112.4076 , 5934.51946 , 12704.6459 , 15927.3501 , 4672.61929 , 15689.7164 , -1250.31685 , -24671.1462 , -36120.1315
0.004152 , 22538.4 , 0.751281 , 3e+22 , -341.655 , 53.5053 , 1062.52 , 0.49542 , 0.502744 , 0.50439 , -0.00436603411 , -0.0711827947 , 12.1236422 , 74.0765287 , 74.86828 , 168.488081 , 0.370802479 , -0.0488157345 , -0.626919688 , 6213.03202 , 19436.2354 , -16013.7279 , 30964.8911 , -16519.7298 , 185.227047 , -4596.94975 , -156.521979 , 14096.6174
0.00416 , 22560.4 , 0.752013 , 3e+22 , -1486.16 , 1395.12 , -176.438 , 0.499793 , 0.501091 , 0.503118 , -0.00271028228 , -0.0743735666 , 12.1465925 , 74.3145847 , 74.9499396 , 169.089767 , 0.345175026 , -0.0558581557 , -0.653343693 , 11934.4385 , -10986.9662 , 332.663659 , -14829.0191 , 12585.4377 , 19845.2505 , -14211.4987 , 28110.31 , 4759.1745
0.004168 , 22549.8 , 0.751658 , 3e+22 , -2280.76 , -1568.78 , 3605.1 , 0.502216 , 0.49667 , 0.504313 , -0.00688589105 , -0.0751881791 , 12.1651123 , 74.4670287 , 75.0988108 , 169.583785 , 0.352958013 , -0.0885514397 , -0.655101664 , 39532.2763 , 30588.2199 , -18612.8689 , 30837.2037 , 15229.3176 , 2976.13253 , -26410.5751 , -23212.0659 , 49587.5863
0.004176 , 22545 , 0.751501 , 3e+22 , -875.858 , -1094.71 , 1221 , 0.499267 , 0.501928 , 0.501787 , -0.00884005381 , -0.0725839195 , 12.185583 , 74.6421631 , 75.2664343 , 170.103545 , 0.344985786 , -0.0821259779 , -0.583620505 , 2121.49783 , -11133.8078 , -7468.19526 , 2409.6674 , 2574.87983 , -12613.8021 , -17746.7891 , -22931.0695 , 10335.6544
0.004184 , 22537.4 , 0.751247 , 3e+22 , 2253.77 , 4114.46 , -1524.41 , 0.500211 , 0.498436 , 0.50371 , -0.00666630422 , -0.0724353759 , 12.2043066 , 74.7842422 , 75.3908396 , 170.59818 , 0.301601577 , -0.0443892845 , -0.601347632 , 672.251264 , 4364.33131 , 34184.2591 , -5660.48149 , -1317.28091 , 25490.2986 , 32079.3707 , 52483.4586 , -21442.2827
0.004192 , 22511.3 , 0.750378 , 3e+22 , 2773.49 , 1241.88 , 1850.47 , 0.506339 , 0.498921 , 0.495424 , -0.00877831228 , -0.0658360413 , 12.2221276 , 74.8832096 , 75.5032435 , 171.117527 , 0.29959158 , -0.075496069 , -0.530148155 , 13686.5827 , -8199.52729 , -6739.39121 , 3025.49287 , -9649.86034 , -14044.8359 , 43069.8959 , -432.336903 , 20140.3511
0.0042 , 22503.1 , 0.750105 , 3e+22 , -397.696 , 1161.95 , 2887.7 , 0.501921 , 0.501415 , 0.496817 , -0.00733491932 , -0.066129258 , 12.2410612 , 75.0193502 , 75.6799745 , 171.635501 , 0.322504511 , -0.0343219262 , -0.534235801 , -8817.02888 , 3880.33054 , 14048.6225 , 22525.9686 , 16342.5188 , -14135.8351 , 9180.58557 , 17629.4648 , 34480.7673
0.004208 , 22490.3 , 0.749675 , 3e+22 , -2349.25 , -2369.95 , 2394.96 , 0.50606 , 0.495309 , 0.497886 , -0.0112388536 , -0.0668313385 , 12.2606524 , 75.1580069 , 75.8533854 , 172.155861 , 0.367392951 , -0.106676876 , -0.587510726 , 4967.1819 , 3814.7718 , -1870.09539 , 6710.54953 , -787.569992 , 9853.34028 , -30250.9329 , -18948.5689 , 27724.1257
0.004216 , 22474.6 , 0.749153 , 3e+22 , 78.6182 , -249.377 , -131.605 , 0.494479 , 0.501964 , 0.501864 , -0.0106089114 , -0.0652733098 , 12.2796695 , 75.3070845 , 75.9421247 , 172.632792 , 0.374680243 , -0.0756989318 , -0.575537563 , 18297.059 , 32349.4852 , 9243.54955 , -2031.25666 , -11329.7268 , 5651.44056 , -3231.63169 , -10237.4163 , -11642.5917
0.004224 , 22417.7 , 0.747256 , 3e+22 , -1224.7 , -1437.18 , 2094.1 , 0.496493 , 0.499738 , 0.498235 , -0.0108610752 , -0.0623712317 , 12.2939355 , 75.5221238 , 76.0770023 , 173.006363 , 0.372525257 , -0.0788973666 , -0.548464502 , -8999.56836 , -12650.5131 , 2092.74112 , 12082.7145 , 7620.27231 , 2586.12549 , -17777.4072 , -24553.8043 , 23723.1889
0.004232 , 22444.4 , 0.748148 , 3e+22 , 2450.32 , 4687.69 , 678.239 , 0.501846 , 0.497898 , 0.49639 , -0.0114086286 , -0.0607714702 , 12.3166521 , 75.6214397 , 76.1605708 , 173.634882 , 0.352716589 , -0.0938528353 , -0.56120052 , 9266.23638 , -33256.8213 , 20281.6924 , 1066.31358 , 23491.9733 , -8611.72809 , 25448.1376 , 53482.7084 , -320.348927
0.00424 , 22454.6 , 0.748485 , 3e+22 , 1003.73 , 1291.03 , 2268.01 , 0.501184 , 0.498208 , 0.497535 , -0.0141366365 , -0.0638004207 , 12.3373759 , 75.7441193 , 76.3049895 , 174.189152 , 0.338675663 , -0.13678609 , -0.613623408 , 22517.2846 , -7123.20048 , 28866.4319 , 21118.1047 , 29802.5697 , -25018.0187 , 20178.4327 , 4780.21813 , 29291.4757
0.004248 , 22452 , 0.748399 , 3e+22 , -347.129 , 1739.9 , -754.815 , 0.495037 , 0.496258 , 0.505482 , -0.0157514364 , -0.0598328632 , 12.3569952 , 75.8918238 , 76.4278385 , 174.70022 , 0.342585368 , -0.124243347 , -0.601118032 , -7310.96082 , 22291.3276 , -15245.1388 , -7712.9881 , 15804.913 , -23703.6324 , -16049.194 , 31318.874 , -14363.3901
0.004256 , 22432.3 , 0.747744 , 3e+22 , -238.105 , 360.662 , -2078.83 , 0.497934 , 0.496657 , 0.500871 , -0.0126539387 , -0.0618502395 , 12.3751762 , 76.025275 , 76.6073805 , 175.171353 , 0.350236702 , -0.0751309809 , -0.610979509 , 7890.85215 , 2701.27683 , 9848.13069 , 3286.62364 , -7011.96902 , 6617.63411 , -585.158418 , 14457.0499 , -15303.9371
0.004264 , 22403.2 , 0.746772 , 3e+22 , -2558.43 , 678.848 , 401.977 , 0.498344 , 0.497021 , 0.498138 , -0.0105503494 , -0.0634886365 , 12.3919247 , 76.1921064 , 76.7400906 , 175.649614 , 0.369607251 , -0.0458904305 , -0.599068155 , 10340.9391 , -11426.7994 , -716.498557 , 16384.9408 , 8709.18599 , 7939.77741 , -44502.8244 , 3218.30844 , -562.07657
0.004272 , 22420.8 , 0.747361 , 3e+22 , 4479.6 , -2848.61 , 507.134 , 0.502842 , 0.495639 , 0.49608 , -0.0108677653 , -0.0622127867 , 12.4142273 , 76.3473702 , 76.9169119 , 176.265104 , 0.378571631 , -0.0650611919 , -0.592335555 , -17104.9361 , 16835.0364 , 5479.80203 , -9320.6313 , 19434.7899 , 11334.7381 , 60556.811 , -31631.4582 , 5071.70254
0.00428 , 22424 , 0.747467 , 3e+22 , -844.208 , 3450.77 , 1554.03 , 0.497958 , 0.499334 , 0.497557 , -0.012836494 , -0.062885085 , 12.4345536 , 76.4533661 , 77.0409859 , 176.795866 , 0.412866623 , -0.0858904561 , -0.597489592 , 8711.20694 , -7462.39736 , 5827.6353 , 11563.9799 , 1690.51347 , 15266.0441 , -16967.3673 , 46080.6225 , 22566.5617
0.004288 , 22440 , 0.748001 , 3e+22 , -1642.65 , -731.729 , 2337.96 , 0.496661 , 0.500576 , 0.498716 , -0.0120371512 , -0.0620270673 , 12.4562146 , 76.6263455 , 77.2341888 , 177.374511 , 0.36714553 , -0.0443435092 , -0.586208541 , -1711.37617 , -24255.4698 , -32349.2379 , 1122.18864 , 17107.7905 , 24498.2316 , -19965.3846 , -22748.4306 , 25838.9952
0.004296 , 22478.7 , 0.74929 , 3e+22 , 229.412 , -1669.96 , -1480.22 , 0.502221 , 0.500026 , 0.496304 , -0.0122917175 , -0.058877653 , 12.4809352 , 76.7866497 , 77.3892733 , 178.044391 , 0.383167074 , -0.0740130913 , -0.554006874 , 2302.2818 , 8602.0392 , -6683.9983 , -21957.7026 , -12016.1321 , 19913.9196 , 5769.59729 , -26990.587 , -33679.5839
0.004304 , 22495.7 , 0.749858 , 3e+22 , 3576.6 , 882.687 , 3345.05 , 0.500881 , 0.493406 , 0.505288 , -0.0117705579 , -0.0576150028 , 12.5028707 , 76.9012818 , 77.4361462 , 178.648881 , 0.376264691 , -0.123996492 , -0.527208646 , 331.440974 , -17060.0161 , 7613.22133 , 23438.7214 , 3077.2927 , 26819.3755 , 44450.4807 , -6339.48483 , 47906.2498
0.004312 , 22489.8 , 0.74966 , 3e+22 , -807.878 , 3060.64 , 2171.8 , 0.49974 , 0.498456 , 0.50104 , -0.0107140502 , -0.0601355421 , 12.5223851 , 77.0252672 , 77.5423631 , 179.173461 , 0.411478866 , -0.121686022 , -0.561889668 , 5654.23728 , 16123.0913 , 26223.5196 , -5234.18205 , 332.778196 , -522.905762 , -10182.8291 , 42416.0755 , 25055.1356
0.00432 , 22488.5 , 0.749616 , 3e+22 , 3481.01 , -2170.23 , -543.627 , 0.497408 , 0.502569 , 0.499158 , -0.0078850432 , -0.0578079686 , 12.5422868 , 77.1763796 , 77.653344 , 179.733087 , 0.42192576 , -0.065898529 , -0.518056483 , 13963.1959 , 18811.5787 , -639.794795 , 3672.16544 , 24878.9307 , -16390.614 , 36791.4597 , -16137.0697 , -14053.2186
0.004328 , 22490 , 0.749665 , 3e+22 , -1203.41 , 561.868 , 2249.79 , 0.50234 , 0.498097 , 0.498854 , -0.0106430599 , -0.0556667355 , 12.5625984 , 77.2692086 , 77.7365068 , 180.289998 , 0.419548838 , -0.0860577263 , -0.524201864 , -1959.13687 , -7000.04713 , 8178.24839 , 6263.89634 , -28470.2028 , -9744.27086 , -6117.80992 , 10422.577 , 30143.59
0.004336 , 22486.4 , 0.749547 , 3e+22 , -3643.79 , -1237.75 , 1034.61 , 0.49979 , 0.504083 , 0.49513 , -0.0102229568 , -0.057523117 , 12.5829791 , 77.40556 , 77.8718318 , 180.850734 , 0.413771964 , -0.130523336 , -0.567830671 , 6565.87816 , 16224.6188 , 12059.2964 , -12734.0599 , 19953.332 , -7814.99307 , -50001.5985 , -11328.5092 , 11989.1629
0.004344 , 22493.4 , 0.749781 , 3e+22 , 732.443 , 3023.1 , 728.021 , 0.501253 , 0.50075 , 0.497501 , -0.0113402419 , -0.0613972935 , 12.6039829 , 77.5586562 , 78.0012658 , 181.418407 , 0.44702238 , -0.142054388 , -0.613620006 , -8449.26945 , 26082.2966 , 11453.068 , -9224.16058 , 13077.3958 , 22598.3706 , 16018.1511 , 27941.1321 , 21146.8224
0.004352 , 22482.5 , 0.749418 , 3e+22 , 92.0512 , -2035.31 , 2.92202 , 0.498409 , 0.499476 , 0.500928 , -0.0131296598 , -0.0574373436 , 12.6225756 , 77.7167329 , 78.2137414 , 181.925307 , 0.419651437 , -0.157410783 , -0.51722209 , 12965.4453 , -14709.1605 , -7250.10772 , 3690.3642 , -2398.20796 , -8327.20711 , -13664.5448 , -20948.1253 , 7882.64549
0.00436 , 22470.8 , 0.749025 , 3e+22 , -76.2261 , 3557.64 , 1829.26 , 0.500416 , 0.499571 , 0.497973 , -0.0196473245 , -0.0562843772 , 12.6414367 , 77.9180452 , 78.4148066 , 182.474199 , 0.438944807 , -0.266848649 , -0.500445572 , 27716.4844 , 7662.48904 , 8617.63147 , -1305.12503 , 8842.02759 , -5776.25027 , -278.521616 , 38898.9849 , 5475.45881
0.004368 , 22519.1 , 0.750636 , 3e+22 , 1077.34 , -1178.39 , 2292.86 , 0.495102 , 0.504839 , 0.501287 , -0.0198213124 , -0.0540390853 , 12.6670467 , 78.073562 , 78.5237111 , 183.147072 , 0.402461268 , -0.310557605 , -0.490046228 , 520.537479 , -2132.47959 , 15701.4461 , 5115.07689 , -4812.98713 , -141.572854 , 18185.0042 , -868.295538 , 15280.1903
0.004376 , 22531.6 , 0.751052 , 3e+22 , 969.059 , -1506.85 , 1916.56 , 0.500978 , 0.500176 , 0.500911 , -0.0171083948 , -0.0528036555 , 12.6883421 , 78.2466795 , 78.6542121 , 183.72202 , 0.400529768 , -0.283047521 , -0.45203266 , -7281.18158 , -8372.63605 , -12267.5384 , 29484.5182 , -5365.54642 , -4084.49761 , 18508.9516 , -29102.5906 , 29163.0906
0.004384 , 22539.4 , 0.751313 , 3e+22 , 65.6255 , -837.495 , 10.2334 , 0.50398 , 0.501612 , 0.497029 , -0.0153109859 , -0.055642094 , 12.7088979 , 78.3998542 , 78.7965585 , 184.261109 , 0.389414584 , -0.277738014 , -0.517071003 , 12786.8561 , 12070.2875 , 844.931245 , -1996.46605 , -4336.20799 , 17430.5023 , 9661.38211 , 2344.43718 , -423.038732
0.004392 , 22547.2 , 0.751575 , 3e+22 , -1836.95 , 1040.51 , -1238.11 , 0.499762 , 0.502605 , 0.500748 , -0.0150685081 , -0.0554239503 , 12.730284 , 78.5746252 , 78.9378213 , 184.84625 , 0.376875838 , -0.260621971 , -0.498385977 , 21628.6059 , -9572.29891 , -3829.66143 , 1967.00905 , 15261.4385 , -38734.9485 , -31483.1904 , 9071.08902 , -19406.6322
0.0044 , 22552.7 , 0.751757 , 3e+22 , 2814.79 , -1222.84 , -220.606 , 0.504655 , 0.499527 , 0.499279 , -0.0162114982 , -0.057420673 , 12.7510536 , 78.6837683 , 79.1378951 , 185.426019 , 0.362184473 , -0.264525008 , -0.493711023 , -3523.21335 , -21325.0691 , -15109.4573 , 27413.6792 , -12289.2344 , -1486.77213 , 35445.2179 , 2263.52932 , -1225.84032
0.004408 , 22552.4 , 0.751747 , 3e+22 , -1462.09 , 1652.98 , -293.996 , 0.497995 , 0.506434 , 0.499036 , -0.0183914665 , -0.0579774863 , 12.7708389 , 78.7531861 , 79.239089 , 185.983918 , 0.366340789 , -0.306103082 , -0.539076014 , 24027.7478 , -452.89663 , -11122.7478 , -10724.398 , 20247.8483 , -1796.77289 , -11024.5227 , 18863.1298 , -17666.8302
0.004416 , 22549.9 , 0.751664 , 3e+22 , 947.317 , -860.176 , 1042.06 , 0.502623 , 0.50195 , 0.498738 , -0.0161712698 , -0.0570209987 , 12.791456 , 78.9663467 , 79.4406368 , 186.5567 , 0.333122265 , -0.293528918 , -0.506263011 , 24198.492 , 12023.5191 , -737.991248 , 6777.22665 , -2829.09715 , 13634.7528 , -23109.0191 , -5705.43805 , 5825.62903
0.004424 , 22539.9 , 0.751331 , 3e+22 , 976.646 , 1039.82 , 1532.29 , 0.499703 , 0.501009 , 0.501924 , -0.0157905269 , -0.0588037936 , 12.8104592 , 79.0536907 , 79.5538596 , 187.102801 , 0.368442711 , -0.281431146 , -0.530175233 , -3382.57999 , 314.608088 , 6821.80938 , 8627.44003 , 28216.129 , 5120.37701 , 18666.1558 , 34520.5935 , 21789.4471
0.004432 , 22545.5 , 0.751517 , 3e+22 , 4337.33 , -633.276 , 1404 , 0.501081 , 0.499761 , 0.502072 , -0.0170862788 , -0.0593887431 , 12.8313395 , 79.1463674 , 79.7300315 , 187.689736 , 0.363764294 , -0.309680335 , -0.555928939 , -2664.55357 , 10548.8173 , 10900.3787 , -35561.9431 , 13556.4328 , -11080.9573 , 54309.6487 , -9706.35643 , 28291.474
0.00444 , 22555.5 , 0.751852 , 3e+22 , -558.67 , -852.834 , 761.019 , 0.499947 , 0.501494 , 0.502253 , -0.0147272876 , -0.0580415059 , 12.8526319 , 79.2391544 , 79.9144551 , 188.274307 , 0.391103211 , -0.295336776 , -0.545767292 , 23838.7536 , 33536.2099 , -3453.83961 , -796.592322 , -4121.01482 , 12943.6042 , -3999.38408 , -15486.3398 , 18554.8332
0.004448 , 22546.1 , 0.751537 , 3e+22 , -697.032 , 822.595 , 1369.28 , 0.498815 , 0.496685 , 0.507558 , -0.0158508047 , -0.0557710973 , 12.8723367 , 79.3504123 , 80.0848334 , 188.833799 , 0.428444716 , -0.301740599 , -0.48734392 , -13569.3666 , -32363.2662 , -9101.35226 , 1478.62402 , 32289.9558 , 13709.5738 , -18503.526 , -8000.15605 , 17949.1651
0.004456 , 22554.7 , 0.751824 , 3e+22 , 586.301 , -800.973 , 3861.15 , 0.503203 , 0.503474 , 0.49688 , -0.0170738405 , -0.0548315948 , 12.8938198 , 79.5064346 , 80.2324219 , 189.450351 , 0.430020497 , -0.313441424 , -0.473760617 , -10053.9921 , 4850.56778 , 14145.2208 , 24694.5452 , -13638.0172 , -10246.1156 , 214.062209 , 4641.20277 , 57886.1471
0.004464 , 22489.2 , 0.74964 , 3e+22 , -230.369 , 1902.86 , -381.011 , 0.498285 , 0.500575 , 0.500399 , -0.016671052 , -0.0538052358 , 12.907207 , 79.7291082 , 80.3940054 , 189.823394 , 0.375436459 , -0.320734526 , -0.456982951 , -11885.9626 , 20523.2833 , -7015.45489 , -9570.68109 , -16338.7039 , -6616.55031 , 4075.93465 , 26748.8134 , -8405.08309
0.004472 , 22473.6 , 0.749121 , 3e+22 , -1385.14 , 1072.08 , 447.495 , 0.500256 , 0.499827 , 0.49814 , -0.0188924721 , -0.0541147427 , 12.9258561 , 79.8867219 , 80.5730834 , 190.325756 , 0.429438976 , -0.33667824 , -0.481211889 , -10399.4265 , -18341.7961 , 9314.34973 , -30071.781 , -3497.54644 , 942.125359 , -15168.1148 , 4222.50854 , -543.35027
0.00448 , 22472.6 , 0.749088 , 3e+22 , -815.351 , 2144.29 , -1393.35 , 0.500584 , 0.49981 , 0.497741 , -0.0228146857 , -0.0518262656 , 12.9462546 , 80.0168168 , 80.6791244 , 190.876918 , 0.428193598 , -0.417629591 , -0.472472402 , 12046.2811 , 6405.25474 , -28707.3152 , 2145.42135 , -22412.3923 , 3164.03568 , -16243.4399 , 21993.9201 , -16636.7346
0.004488 , 22470.8 , 0.749028 , 3e+22 , -1449.03 , 1487.11 , 1615.37 , 0.499998 , 0.499353 , 0.498666 , -0.0211325892 , -0.0497239546 , 12.9659828 , 80.1581518 , 80.8000204 , 191.408366 , 0.406725123 , -0.422104329 , -0.429817287 , -913.235469 , -18159.777 , -13433.4021 , 4161.90049 , 2015.50965 , -21233.9392 , -14362.3351 , 22404.7428 , 21520.4012
0.004496 , 22451.1 , 0.74837 , 3e+22 , 80.0646 , -1076.17 , 3276.29 , 0.498158 , 0.49858 , 0.499935 , -0.0216121287 , -0.0489647286 , 12.983633 , 80.3123476 , 81.0108293 , 191.903901 , 0.431462934 , -0.43735511 , -0.403464172 , 19844.117 , 10769.1926 , -4625.4856 , -12483.1868 , 11008.9122 , -6966.09396 , -1505.24041 , -11369.318 , 38581.328
0.004504 , 22451.4 , 0.748381 , 3e+22 , -3071.95 , -2175.79 , 215.912 , 0.497764 , 0.496169 , 0.502747 , -0.0245499883 , -0.0500325651 , 13.0031335 , 80.4670181 , 81.1430079 , 192.460797 , 0.433628155 , -0.48029748 , -0.411065714 , 1182.19535 , -18749.7746 , -30282.2815 , -3696.75099 , -4140.00339 , -11474.2086 , -24243.9384 , -38199.9156 , -268.483152
0.004512 , 22452.4 , 0.748415 , 3e+22 , 2755.65 , 933.465 , -4031.66 , 0.496034 , 0.499316 , 0.501339 , -0.0216387908 , -0.0509356584 , 13.0229959 , 80.5633425 , 81.2488775 , 192.992561 , 0.403468931 , -0.456519978 , -0.417367991 , 12959.3569 , -33429.3002 , -4783.95222 , 24822.1016 , 40501.184 , -3219.72907 , 40870.7043 , 18111.748 , -50116.5155
0.00452 , 22470.6 , 0.749019 , 3e+22 , -830.122 , -1414.1 , 1523.03 , 0.499927 , 0.500561 , 0.497521 , -0.0224568622 , -0.0514222818 , 13.0446513 , 80.6987766 , 81.3495162 , 193.599658 , 0.377913048 , -0.454919057 , -0.431896612 , -734.448236 , 13393.7579 , -1570.51064 , -15905.7028 , -19068.4729 , 21419.7174 , -6586.07742 , -21342.212 , 30218.4955
0.004528 , 22490.1 , 0.749668 , 3e+22 , -1660.18 , -1786.47 , 2724.49 , 0.500914 , 0.498781 , 0.499567 , -0.0198161216 , -0.0534668285 , 13.0669249 , 80.7910861 , 81.4570191 , 194.217192 , 0.374533941 , -0.428455408 , -0.441214878 , 11849.7464 , -1717.40506 , -12829.1962 , -6797.73063 , -20641.0883 , 11123.3802 , -22802.7345 , -23555.1273 , 35068.0666
0.004536 , 22492.7 , 0.749756 , 3e+22 , -1822.28 , 1079.09 , 1420.36 , 0.49611 , 0.502154 , 0.501211 , -0.0189531963 , -0.0529055325 , 13.0873239 , 80.9541666 , 81.5876449 , 194.794597 , 0.322139353 , -0.409128934 , -0.459275987 , -1725.26275 , -277.838795 , -5945.00981 , 18375.8493 , 24247.6106 , 15747.2715 , -22795.9433 , 14018.7054 , 10901.5829
0.004544 , 22504.8 , 0.750161 , 3e+22 , -809.428 , -85.4217 , -158.479 , 0.498616 , 0.497639 , 0.504063 , -0.0216731382 , -0.0547438833 , 13.1086791 , 81.0313125 , 81.7881761 , 195.401521 , 0.293063524 , -0.45087367 , -0.470955383 , 2321.09435 , 11880.3173 , 14949.899 , -366.213167 , -6905.24466 , -8642.64281 , -24857.4312 , 6401.65681 , -2431.82856
0.004552 , 22495.5 , 0.749849 , 3e+22 , -601.266 , -1207.78 , 1855.52 , 0.492362 , 0.504162 , 0.503144 , -0.022139418 , -0.0567634623 , 13.1281227 , 81.164841 , 81.9169644 , 195.989463 , 0.269900189 , -0.464367406 , -0.525797143 , 2774.23962 , 5665.26489 , 10244.7702 , 9845.97148 , 6520.94307 , 10939.1778 , -30248.8434 , -19873.1217 , 28353.6328
0.00456 , 22526.2 , 0.750874 , 3e+22 , -689.065 , 3024.7 , 1063.14 , 0.496505 , 0.503566 , 0.501616 , -0.0219901038 , -0.0593840677 , 13.1518744 , 81.3160936 , 81.9799156 , 196.672966 , 0.25807673 , -0.431648017 , -0.58669182 , 23317.1284 , 13874.611 , 5185.61853 , 6295.59407 , 10217.5652 , -2392.02624 , -5610.03176 , 37337.0495 , 18068.0588
0.004568 , 22510.7 , 0.750356 , 3e+22 , -1593.01 , -1920.17 , -1142.77 , 0.500532 , 0.498821 , 0.501316 , -0.0208650049 , -0.0563363241 , 13.1698749 , 81.5514627 , 82.2052323 , 197.219567 , 0.265066418 , -0.42535864 , -0.538316121 , 21249.2532 , 20666.5166 , -19913.6965 , 9145.47851 , -16889.0504 , -2072.59646 , -16829.1986 , -29909.1665 , -18253.829
0.004576 , 22511.3 , 0.750377 , 3e+22 , -5235.18 , 1449.37 , -2446.24 , 0.500403 , 0.502398 , 0.497751 , -0.0218899192 , -0.0581700996 , 13.1897939 , 81.7217357 , 82.2892365 , 197.800128 , 0.248574945 , -0.460067873 , -0.577663858 , 13279.0158 , 6475.86747 , 2392.81583 , 10890.0465 , -18322.9716 , -7506.86651 , -71221.8516 , 26850.6081 , -53653.8779
0.004584 , 22515.4 , 0.750512 , 3e+22 , 140.95 , -2262.05 , 2068.65 , 0.505064 , 0.498483 , 0.497423 , -0.0257218896 , -0.0607641415 , 13.2100046 , 81.8421559 , 82.4104474 , 198.401587 , 0.235358324 , -0.534317006 , -0.604083493 , 16991.2564 , 27784.4214 , 1950.00992 , -4039.36883 , -8662.98653 , 6890.67825 , -16820.4741 , -27862.9547 , 38374.576
0.004592 , 22533.6 , 0.75112 , 3e+22 , 1690.53 , -3779.16 , 1695.55 , 0.502229 , 0.498318 , 0.501581 , -0.0289978435 , -0.0590872945 , 13.2321831 , 81.9672873 , 82.539496 , 199.041676 , 0.215954201 , -0.600099828 , -0.585464479 , -3522.11184 , -3168.19103 , 6172.76365 , 17473.8882 , 12294.4018 , -2033.03661 , 37174.6171 , -52575.322 , 14543.2201
0.0046 , 22537.7 , 0.751258 , 3e+22 , -767.236 , -735.182 , 438.789 , 0.500953 , 0.501597 , 0.499959 , -0.0329274575 , -0.0571007124 , 13.2521405 , 82.0980646 , 82.7344875 , 199.551627 , 0.216361202 , -0.665525587 , -0.571361618 , 182.076769 , 2427.01704 , -13052.9558 , -22276.6874 , 5639.95311 , 2527.02391 , 599.345931 , -12623.3133 , -2531.56357
0.004608 , 22513.3 , 0.750442 , 3e+22 , -3210.89 , 959.409 , 226.171 , 0.49989 , 0.499231 , 0.501699 , -0.0328129265 , -0.0588883526 , 13.2699322 , 82.1774193 , 82.8912612 , 200.038417 , 0.232213135 , -0.583575927 , -0.619461974 , -2971.24923 , 18417.8868 , -8376.44299 , 20916.3382 , 166.073514 , 11211.6196 , -37325.555 , 18214.1318 , 4821.23701
0.004616 , 22498.7 , 0.749956 , 3e+22 , -1109.33 , -1121.9 , 2224.95 , 0.499661 , 0.502582 , 0.497627 , -0.0328295769 , -0.0589670207 , 13.2889554 , 82.2794448 , 83.0922212 , 200.591837 , 0.237423464 , -0.583860742 , -0.61684845 , 14428.327 , 10128.9137 , -16508.9046 , 10082.1234 , -2097.63582 , 3182.53799 , -7800.75369 , -16673.1623 , 33413.0137
0.004624 , 22466.9 , 0.748898 , 3e+22 , -1614.84 , 2007.91 , 1402.58 , 0.499565 , 0.497673 , 0.500509 , -0.0334730801 , -0.0592658172 , 13.3062455 , 82.4377716 , 83.2443136 , 201.07013 , 0.237157842 , -0.608687241 , -0.629660786 , -24492.0848 , -7123.58253 , -23016.9489 , -7004.64158 , 16205.0494 , 3464.71568 , -31632.273 , 41098.8396 , 24997.8843
0.004632 , 22475.6 , 0.749188 , 3e+22 , -3578.02 , 2087.85 , -163.327 , 0.49948 , 0.498788 , 0.500011 , -0.0332539376 , -0.0545916992 , 13.3272536 , 82.5893629 , 83.3827564 , 201.660669 , 0.258262409 , -0.579490223 , -0.555053703 , 9938.20178 , -12332.7886 , 13336.0088 , -4582.32758 , -2299.9851 , 8389.25813 , -48697.1829 , 40481.5748 , -10700.2905
0.00464 , 22467.9 , 0.748929 , 3e+22 , 68.4581 , -1586.6 , 431.805 , 0.499984 , 0.502495 , 0.495363 , -0.0311451675 , -0.0580347856 , 13.346553 , 82.6963146 , 83.4709246 , 202.213781 , 0.27547863 , -0.525279038 , -0.647993725 , 50.0674347 , -21414.7688 , 12888.2781 , 32602.752 , -10311.836 , -20864.9905 , -4675.95743 , -26096.9731 , 11743.216
0.004648 , 22477.7 , 0.749257 , 3e+22 , 728.905 , -1058.79 , 70.0366 , 0.503239 , 0.497204 , 0.498061 , -0.0294985977 , -0.0583721671 , 13.3677811 , 82.8328307 , 83.6551048 , 202.836413 , 0.271527028 , -0.51181718 , -0.651794809 , 10400.2117 , -16803.1174 , 2139.10491 , 35885.4804 , -4957.44053 , 5206.52303 , 10754.7913 , -27538.1205 , 19720.4295
0.004656 , 22476.8 , 0.749226 , 3e+22 , -3336.88 , 1953.87 , 3409.34 , 0.499776 , 0.499682 , 0.498842 , -0.0311444547 , -0.0595225223 , 13.3877117 , 83.0152042 , 83.7589059 , 203.394021 , 0.274001966 , -0.521985431 , -0.650871519 , 4857.58874 , -4915.96626 , 12157.5047 , -14431.6509 , -11189.5083 , -11344.8506 , -52448.9053 , 19507.6421 , 35927.4391
0.004664 , 22467.8 , 0.748926 , 3e+22 , 271.709 , 1223.04 , 2333.72 , 0.501686 , 0.496408 , 0.499719 , -0.035064069 , -0.0588982707 , 13.4065614 , 83.1317923 , 83.9400478 , 203.937702 , 0.276844202 , -0.561378015 , -0.648275373 , -8598.37556 , -11458.6051 , -881.567606 , 12192.9734 , 2299.08902 , -34418.0441 , 12803.6116 , 24146.7528 , 43986.0209
0.004672 , 22459.1 , 0.748637 , 3e+22 , -416.407 , 4033.5 , 316.139 , 0.498326 , 0.500814 , 0.49804 , -0.0337772241 , -0.0565805418 , 13.4257642 , 83.3076439 , 84.0439863 , 204.482752 , 0.284114829 , -0.554546474 , -0.62485933 , -21192.1735 , -11534.6204 , -9115.59977 , 6646.25276 , -3118.40832 , 7703.30261 , -11064.0128 , 60810.9208 , 10060.1124
0.00468 , 22454.2 , 0.748472 , 3e+22 , -424.474 , 3243.49 , 3059.61 , 0.496913 , 0.498516 , 0.501401 , -0.0353178302 , -0.0539683842 , 13.4459379 , 83.4790526 , 84.1495013 , 205.08787 , 0.240789223 , -0.609834491 , -0.585623942 , -11757.6335 , 10590.655 , 15433.4313 , -27740.8404 , -18523.5213 , -15924.4628 , -15545.0279 , 44356.7955 , 52059.9477
0.004688 , 22449.1 , 0.748303 , 3e+22 , 2158.74 , 2956.73 , 933.742 , 0.496326 , 0.497973 , 0.502227 , -0.0376675849 , -0.0545865963 , 13.465533 , 83.5797379 , 84.2489932 , 205.632003 , 0.20947273 , -0.615149022 , -0.608806348 , 11435.1773 , -18959.8597 , 12025.916 , -6218.7798 , 20457.0852 , -10590.7403 , 34250.5943 , 58556.3215 , 7111.08646
0.004696 , 22461.3 , 0.74871 , 3e+22 , -1905.68 , -845.66 , -3441.83 , 0.50366 , 0.496943 , 0.496724 , -0.0370019734 , -0.0579151624 , 13.4869655 , 83.673037 , 84.3699521 , 206.220657 , 0.233605922 , -0.60594189 , -0.611377288 , 5897.42283 , -1974.94803 , -18564.7996 , 12671.7879 , 2545.13353 , -12751.1512 , -16306.1215 , -83.1256848 , -66797.0285
0.004704 , 22452.2 , 0.748408 , 3e+22 , -723.662 , -9.28499 , 1403.98 , 0.49439 , 0.502443 , 0.499969 , -0.0376722599 , -0.0584540928 , 13.5057216 , 83.870303 , 84.5679699 , 206.749785 , 0.249724364 , -0.609414331 , -0.623094391 , -19848.6965 , 24767.3463 , 22355.2322 , 21296.3853 , 21395.6011 , 10215.6559 , -5067.83498 , 9892.07747 , 24244.9992
0.004712 , 22459.3 , 0.748642 , 3e+22 , -596.203 , -1451.86 , 651.494 , 0.498262 , 0.493859 , 0.505147 , -0.0360300736 , -0.0598036584 , 13.5269569 , 83.9750568 , 84.7301124 , 207.361666 , 0.235229164 , -0.571415966 , -0.653152847 , -2016.62521 , 19903.8984 , -7306.33282 , 16122.3374 , 20016.7442 , 16062.2392 , -11083.6081 , -27348.5539 , -7650.27868
0.00472 , 22443.8 , 0.748128 , 3e+22 , -1665.72 , 3476.41 , 2399.67 , 0.497442 , 0.502432 , 0.496263 , -0.0363966354 , -0.0563984558 , 13.5447711 , 84.0580279 , 84.8251255 , 207.889605 , 0.23831307 , -0.54947031 , -0.591308492 , 20480.1026 , 8421.00885 , -25367.8727 , -7702.10399 , 2958.91482 , -13366.1255 , -14108.9683 , 57667.1937 , 48807.056
0.004728 , 22452.6 , 0.74842 , 3e+22 , 185.431 , 2574.35 , 1344.7 , 0.496773 , 0.498762 , 0.501257 , -0.0360494627 , -0.0585813022 , 13.5660228 , 84.2050143 , 85.0294018 , 208.498449 , 0.209178024 , -0.559234289 , -0.637033998 , 31198.6361 , -5684.84085 , 18210.0115 , 32385.2234 , 18264.1301 , 11203.779 , -2958.79903 , 42658.4971 , 9164.99983
0.004736 , 22443.5 , 0.748118 , 3e+22 , 334.691 , 2111.06 , 1600.02 , 0.499234 , 0.498558 , 0.498403 , -0.0344897514 , -0.0586259366 , 13.5851722 , 84.3116422 , 85.2200919 , 209.065294 , 0.255612743 , -0.542937227 , -0.655387491 , 33766.5763 , -9897.43161 , 1206.82736 , -378.645016 , 6373.36857 , 3370.30186 , 9808.51046 , 39134.9404 , 20747.1511
0.004744 , 22450.2 , 0.748341 , 3e+22 , -678.313 , 2140.25 , 1682.14 , 0.499184 , 0.497581 , 0.499872 , -0.0341849222 , -0.0578777245 , 13.6063581 , 84.4051267 , 85.385216 , 209.68092 , 0.228041526 , -0.495073312 , -0.635622216 , -1941.61699 , -4674.06171 , 6646.93876 , -9172.58243 , 12454.6709 , 33147.8872 , -16728.8291 , 31274.0676 , 12116.204
0.004752 , 22456.4 , 0.748546 , 3e+22 , 482.952 , 114.92 , 322.719 , 0.50202 , 0.496991 , 0.498079 , -0.0383632415 , -0.0620694319 , 13.6271138 , 84.5236112 , 85.5296727 , 210.259096 , 0.251905956 , -0.573761297 , -0.704650726 , 10805.3735 , 1113.12212 , -2302.92807 , 22148.749 , 29793.586 , -12399.3555 , 7482.1678 , -7992.04955 , 13051.7422
0.00476 , 22424.6 , 0.747485 , 3e+22 , 451.03 , -805.158 , -1447.97 , 0.497691 , 0.495911 , 0.501352 , -0.0392480822 , -0.0620417747 , 13.6435251 , 84.6741116 , 85.6655434 , 210.754313 , 0.28114668 , -0.623362929 , -0.706542584 , -2445.80527 , -23905.8071 , 2603.27472 , -8733.32758 , 18236.3112 , 6609.80203 , 10791.8181 , -23464.6952 , -30409.0051
0.004768 , 22418.7 , 0.747289 , 3e+22 , 2194.93 , -646.502 , 632.992 , 0.49498 , 0.499909 , 0.499656 , -0.0396281792 , -0.0604783497 , 13.6622706 , 84.8203529 , 85.8462072 , 211.28359 , 0.273665289 , -0.601612037 , -0.689840599 , -12382.0271 , -6867.19345 , -6113.08548 , -7032.45119 , 20774.9375 , -15715.0981 , 42768.3426 , -8365.95469 , 1590.67596
0.004776 , 22424.7 , 0.747491 , 3e+22 , 99.7783 , 208.818 , -1422.85 , 0.500685 , 0.497459 , 0.496827 , -0.043052392 , -0.0617436843 , 13.6826757 , 84.9406213 , 85.9144702 , 211.880974 , 0.207705205 , -0.626513978 , -0.698546651 , 12672.5961 , -12436.3831 , -37613.2187 , -7128.69505 , -6848.05449 , -10552.8329 , -8922.83289 , 2517.60289 , -30559.1207
0.004784 , 22408.2 , 0.74694 , 3e+22 , 823.983 , -2286.66 , -928.873 , 0.495055 , 0.499224 , 0.499563 , -0.0428752674 , -0.0623033592 , 13.7008505 , 85.0132303 , 86.0321611 , 212.427268 , 0.205139175 , -0.668402868 , -0.680955424 , -768.741793 , -6810.56444 , 12785.3097 , 14457.2416 , -26877.4733 , -1127.49342 , 14584.88 , -32079.2675 , -13007.2878
0.004792 , 22398.6 , 0.746621 , 3e+22 , -634.668 , 1999.17 , -4107.25 , 0.494754 , 0.500119 , 0.498249 , -0.0413075809 , -0.0645233221 , 13.7198381 , 85.1205521 , 86.1434695 , 213.028938 , 0.170102925 , -0.643605416 , -0.707404084 , 6228.76553 , -31830.9115 , 28289.0031 , -2409.48249 , 11738.1619 , 18826.2521 , -28775.0357 , 31083.6568 , -71442.0981
0.0048 , 22378.5 , 0.74595 , 3e+22 , -562.491 , -2380.78 , -504.919 , 0.494518 , 0.496547 , 0.5008 , -0.0376925798 , -0.0643627609 , 13.7376645 , 85.1659927 , 86.2799629 , 213.535505 , 0.162245097 , -0.605168433 , -0.692360077 , 6133.49006 , -4213.54534 , -23139.8829 , 3763.30928 , 7653.16646 , 5520.81741 , -7547.32604 , -34551.4546 , -8021.11887
0.004808 , 22393.5 , 0.746449 , 3e+22 , -815.792 , -2753.31 , -43.6919 , 0.499043 , 0.490312 , 0.503495 , -0.0401072773 , -0.0647501953 , 13.758892 , 85.3638392 , 86.4156011 , 214.180702 , 0.134558567 , -0.668617511 , -0.727032117 , 7389.87825 , 15036.9798 , -1500.68234 , -16985.9884 , 6846.25667 , 18873.6524 , -7999.28755 , -32604.1688 , 11622.487
0.004816 , 22359.9 , 0.74533 , 3e+22 , 2954.65 , -777.904 , 1331.08 , 0.494192 , 0.499517 , 0.496888 , -0.0398654949 , -0.0625006259 , 13.7754047 , 85.5423519 , 86.5213606 , 214.687885 , 0.173340932 , -0.652781865 , -0.689284939 , 5005.9971 , 2046.05029 , 15363.1306 , -8532.04151 , 10353.2438 , 6032.27225 , 47192.7871 , 597.313816 , 22273.1247
0.004824 , 22377.2 , 0.745905 , 3e+22 , -812.872 , 2687.71 , 196.444 , 0.493563 , 0.497095 , 0.501107 , -0.0365321333 , -0.0612792338 , 13.7976108 , 85.7143939 , 86.6800262 , 215.334158 , 0.187286459 , -0.604955161 , -0.689241222 , -1207.05215 , 31770.1822 , 1744.05464 , -1169.73337 , 11409.3897 , -21470.4245 , -18599.1087 , 49316.1388 , 289.116222
0.004832 , 22384.7 , 0.746158 , 3e+22 , 1800.07 , 1369.32 , 240.569 , 0.505386 , 0.489103 , 0.497798 , -0.0358817366 , -0.0601824451 , 13.8186937 , 85.9300662 , 86.8560656 , 215.958595 , 0.206992529 , -0.568124212 , -0.668422307 , -18601.0918 , 14206.4207 , 2237.7309 , 2236.58977 , -10865.1463 , 14950.8586 , 28381.2438 , 23200.12 , -9937.66378
0.00484 , 22382.8 , 0.746092 , 3e+22 , -2361.81 , 3171.79 , 637.813 , 0.500708 , 0.497217 , 0.494168 , -0.0386516029 , -0.0552353159 , 13.8381659 , 86.0833904 , 87.022578 , 216.541473 , 0.241831305 , -0.584896495 , -0.575628547 , 39444.4783 , -8309.471 , 23110.3629 , -23978.8709 , 10751.2002 , 12193.03 , -23678.8937 , 42517.2596 , 17185.9665
0.004848 , 22396.2 , 0.74654 , 3e+22 , -643.734 , -3527.29 , -102.287 , 0.503025 , 0.498941 , 0.491042 , -0.0393015112 , -0.0555761089 , 13.8595672 , 86.2700895 , 87.1010863 , 217.17454 , 0.247595731 , -0.611974761 , -0.596090369 , -18891.1485 , -29417.5945 , 18578.0781 , -22169.6662 , 41346.4883 , -13174.9825 , -20333.6327 , -43583.2777 , -17557.7545
0.004856 , 22432.3 , 0.747744 , 3e+22 , -2766.98 , 1867.58 , -894.239 , 0.497991 , 0.49847 , 0.49896 , -0.0394242785 , -0.0515452721 , 13.8835255 , 86.3885135 , 87.2032164 , 217.891079 , 0.254853237 , -0.61394837 , -0.520660507 , 10935.6852 , -5539.63829 , 23108.4187 , 18362.3229 , 13186.6524 , 18744.1558 , -45604.8644 , 31677.0023 , -13687.6919
0.004864 , 22420.1 , 0.747338 , 3e+22 , -2464.5 , -2218.19 , -316.349 , 0.491691 , 0.505035 , 0.497887 , -0.0406070762 , -0.0507809867 , 13.9018343 , 86.4934506 , 87.2617496 , 218.473133 , 0.298765711 , -0.601574464 , -0.511557731 , -10899.1212 , 6989.64974 , -7787.08775 , 13045.6438 , 3133.51466 , 16493.4364 , -31879.6826 , -36279.1023 , -29801.0421
0.004872 , 22457.4 , 0.748581 , 3e+22 , -816.106 , -904.045 , -971.571 , 0.501613 , 0.502114 , 0.493421 , -0.0395650337 , -0.0491542363 , 13.9259672 , 86.6033381 , 87.4117521 , 219.146978 , 0.299887371 , -0.579582913 , -0.467824269 , -23073.1963 , -11636.4279 , -7957.94759 , 15236.8944 , -5221.16347 , -3017.50552 , -30968.6935 , -14554.469 , -11592.2316
0.00488 , 22439.3 , 0.747976 , 3e+22 , 1924.57 , -550.436 , 3653.48 , 0.501909 , 0.499271 , 0.494672 , -0.0388072712 , -0.0542626772 , 13.9445445 , 86.8007066 , 87.5834924 , 219.690939 , 0.253147154 , -0.570558415 , -0.554445521 , -8493.31245 , 15985.0374 , 21209.2511 , -6121.0659 , -1108.63173 , -3583.74594 , 13051.0568 , 1574.0259 , 42579.2842
0.004888 , 22416.9 , 0.74723 , 3e+22 , 1279 , -237.965 , 482.561 , 0.498024 , 0.495336 , 0.501089 , -0.0398848387 , -0.0539968233 , 13.9632191 , 86.961205 , 87.7794639 , 220.271246 , 0.252712561 , -0.608543005 , -0.539726831 , -16493.9831 , 3470.0472 , 8187.68142 , -12106.4251 , 2369.99592 , 8454.39576 , 31808.8736 , -16043.2458 , 18028.4602
0.004896 , 22425.4 , 0.747513 , 3e+22 , -2445.78 , 848.274 , -684.354 , 0.493918 , 0.507018 , 0.494048 , -0.0373889541 , -0.0537155762 , 13.9838307 , 87.0712588 , 87.9177456 , 220.843766 , 0.244499827 , -0.557708425 , -0.530490055 , 29179.9817 , -21757.6506 , -17243.4349 , -7770.15315 , 1308.90517 , 38895.1119 , -35088.1746 , -723.52673 , -14555.4893
0.004904 , 22442.4 , 0.748082 , 3e+22 , -4229.32 , 552.585 , 548.298 , 0.498125 , 0.49835 , 0.499583 , -0.0368995506 , -0.0536497523 , 14.0052471 , 87.2646236 , 88.0230297 , 221.443053 , 0.255958831 , -0.569167337 , -0.525565773 , 21797.184 , -6162.66352 , 27796.8971 , -31297.6364 , 26572.3075 , 12690.014 , -63588.4293 , 11915.8244 , 7963.81025
0.004912 , 22465.9 , 0.748864 , 3e+22 , -670.997 , 1304.09 , 619.131 , 0.503057 , 0.496908 , 0.497749 , -0.0402579664 , -0.05452007 , 14.0278135 , 87.4041595 , 88.2161656 , 222.122139 , 0.26956169 , -0.617328009 , -0.535975368 , 19183.4056 , -16736.4228 , -7255.0275 , 6639.26885 , 13703.0635 , -23136.174 , -13202.0108 , 8403.92213 , 5629.08849
0.00492 , 22460.7 , 0.748691 , 3e+22 , 2502.13 , -722.954 , 1443.53 , 0.498253 , 0.499691 , 0.499387 , -0.0421240657 , -0.0538857172 , 14.0473331 , 87.4884436 , 88.3462464 , 222.666951 , 0.21700601 , -0.634571801 , -0.57097187 , 5377.89013 , -21372.3322 , 42250.1167 , 2597.83214 , -5741.03952 , -11658.3758 , 19751.6436 , -19961.1974 , 23930.053
0.004928 , 22460.6 , 0.748686 , 3e+22 , 722.239 , -1522.71 , -1400.58 , 0.496101 , 0.497488 , 0.503756 , -0.042820671 , -0.0538160128 , 14.0674102 , 87.624758 , 88.4624403 , 223.262 , 0.22649127 , -0.621121994 , -0.556334861 , 16690.0507 , 9587.4984 , -11395.1336 , -19102.0048 , -3088.14375 , 26084.6671 , 9571.30776 , -25600.9926 , -15633.3632
0.004936 , 22457.3 , 0.748576 , 3e+22 , 562.216 , 1105.05 , 1863.04 , 0.50029 , 0.497644 , 0.49919 , -0.0440606278 , -0.0557049177 , 14.0871668 , 87.7571399 , 88.6145763 , 223.855013 , 0.205668647 , -0.640803189 , -0.623551853 , 7286.92613 , 1822.31736 , 13991.734 , -13566.2482 , 24890.2891 , -12205.601 , -165.95525 , 14688.6615 , 27391.2474
0.004944 , 22444.5 , 0.748149 , 3e+22 , -273.547 , -1321.76 , -190.063 , 0.494926 , 0.502117 , 0.499245 , -0.0442902318 , -0.0569840598 , 14.1055678 , 87.8707564 , 88.7729884 , 224.404044 , 0.17886028 , -0.626752484 , -0.624917621 , -9062.94497 , 24747.2305 , 6885.75049 , 3660.99062 , -17992.9812 , 13951.4358 , 10711.0301 , -17304.3209 , 1054.56378
0.004952 , 22471.4 , 0.749047 , 3e+22 , 663.29 , -1466.56 , 3099.25 , 0.498935 , 0.49791 , 0.501181 , -0.0414229499 , -0.0588118623 , 14.1287785 , 87.9733526 , 88.8183974 , 225.095206 , 0.176079154 , -0.56915075 , -0.658232216 , 25377.0914 , -4055.84506 , -4718.2802 , -2471.13715 , -722.837521 , -1098.75511 , 2766.91063 , -29316.8486 , 46215.1893
0.00496 , 22474.5 , 0.749151 , 3e+22 , 3034.8 , 1208.56 , 2964.13 , 0.499233 , 0.50111 , 0.497849 , -0.043816262 , -0.0605186723 , 14.1491029 , 88.0906709 , 89.007818 , 225.707151 , 0.173417089 , -0.609610887 , -0.702914523 , -5205.04783 , 28892.2937 , -19209.4403 , 5259.77443 , -14592.8419 , -14711.8441 , 48114.0934 , 17384.9505 , 49838.4724
0.004968 , 22498.6 , 0.749954 , 3e+22 , -2607.31 , -1345.53 , 2610.02 , 0.498634 , 0.501056 , 0.50013 , -0.0465333286 , -0.0587058545 , 14.1716522 , 88.2978137 , 89.1451525 , 226.406276 , 0.165170739 , -0.63302885 , -0.665989412 , -2156.81764 , 11905.8597 , -22576.711 , 8700.17528 , 10254.2566 , 5703.0775 , -28361.0534 , -4756.06609 , 49198.5127
0.004976 , 22508 , 0.750265 , 3e+22 , -3607.45 , 791.738 , 3805.67 , 0.49584 , 0.50189 , 0.50264 , -0.0480299877 , -0.0600098673 , 14.1929285 , 88.5079225 , 89.3432705 , 227.021851 , 0.166566419 , -0.647994754 , -0.684757703 , -5251.42555 , -3077.46526 , -49662.9909 , 7175.80562 , 13924.9508 , -12655.0935 , -49447.1625 , 6976.32172 , 54190.2963
0.004984 , 22495.4 , 0.749846 , 3e+22 , 2289.78 , 2497.54 , 2328.69 , 0.499182 , 0.503731 , 0.496684 , -0.048210999 , -0.0589171025 , 14.2118802 , 88.6784782 , 89.4795164 , 227.640852 , 0.165545868 , -0.607739764 , -0.662681951 , -18528.5676 , 2984.40291 , 7040.30147 , 23986.9396 , 5811.97181 , -17659.345 , 33965.175 , 28727.0272 , 37450.192
0.004992 , 22489.2 , 0.74964 , 3e+22 , 1380.45 , 1157.61 , 1435.28 , 0.502567 , 0.497599 , 0.499083 , -0.0506497812 , -0.055054499 , 14.2312069 , 88.7541881 , 89.6350064 , 228.228523 , 0.172460686 , -0.669871268 , -0.616573912 , 13887.9771 , 21812.2294 , 20192.5371 , -756.867901 , 9462.10408 , 14066.8858 , 14554.1936 , 31138.8927 , 35091.145
0.005 , 22502.5 , 0.750083 , 3e+22 , 5.24698 , -38.5662 , -1917.5 , 0.499856 , 0.501942 , 0.498346 , -0.051753607 , -0.0581072726 , 14.2521781 , 88.8915543 , 89.7832217 , 228.847534 , 0.13065054 , -0.7006873 , -0.632116974 , -36252.8554 , -8247.47468 , -11107.271 , 5837.57193 , 35306.2422 , 21079.4116 , 7752.69796 , -15380.5899 , -27970.9878
0.005008 , 22528.4 , 0.750947 , 3e+22 , 664.823 , 954.852 , 2323.77 , 0.497497 , 0.504588 , 0.499771 , -0.0501705955 , -0.0575657955 , 14.2755359 , 89.0227367 , 89.9662644 , 229.535407 , 0.142037653 , -0.717656413 , -0.622605297 , 1715.04446 , 31986.6176 , -37644.2294 , 163.946962 , 11563.7274 , -11786.0661 , 19099.4934 , 2404.32744 , 33346.191
0.005016 , 22534 , 0.751135 , 3e+22 , 414.724 , -983.052 , 2029.93 , 0.505695 , 0.497534 , 0.49901 , -0.0500944115 , -0.0599367755 , 14.2966676 , 89.1870986 , 90.0939871 , 230.214703 , 0.139837443 , -0.736696519 , -0.644279731 , 17409.0528 , -5423.14471 , -3292.15561 , -15941.3256 , -2740.51913 , -3763.62347 , 8499.16386 , -22179.5533 , 23532.1449
0.005024 , 22523.4 , 0.750779 , 3e+22 , -34.147 , 1221.13 , -912.427 , 0.499694 , 0.501056 , 0.500795 , -0.0496866155 , -0.0671796313 , 14.3151726 , 89.2641749 , 90.2425267 , 230.801139 , 0.126227792 , -0.761743505 , -0.730592531 , -2846.60462 , -17198.7782 , 12287.0467 , -14655.0145 , -14434.8949 , -25281.6517 , 9643.92208 , 17844.6601 , -19196.3976
0.005032 , 22515.5 , 0.750518 , 3e+22 , 2934.71 , -2082.74 , -516.82 , 0.50025 , 0.5004 , 0.500309 , -0.0518114829 , -0.0673852026 , 14.3343151 , 89.2755112 , 90.319853 , 231.379428 , 0.202169358 , -0.776557582 , -0.71701293 , 13410.6795 , -33921.68 , 38372.3689 , 4936.57724 , 10567.1602 , -11826.3768 , 58588.9751 , -29041.3487 , -12750.4964
0.00504 , 22514.4 , 0.750479 , 3e+22 , -963.363 , 1947.96 , 604.687 , 0.495904 , 0.502379 , 0.502645 , -0.0451637388 , -0.0656701983 , 14.3548822 , 89.387189 , 90.4963601 , 232.033517 , 0.22734934 , -0.657006056 , -0.720078061 , -5780.02948 , 9784.89426 , 20433.8928 , 32536.6874 , 14919.4662 , -14302.991 , -29011.3787 , 29642.8156 , 7249.0461
0.005048 , 22526.4 , 0.750882 , 3e+22 , -2307.7 , -911.763 , 2660.98 , 0.501755 , 0.497854 , 0.50208 , -0.0418020372 , -0.0665824518 , 14.3763185 , 89.5626753 , 90.6602984 , 232.641512 , 0.239024244 , -0.596112459 , -0.709175783 , 16859.2421 , 7694.93311 , 1295.10283 , -25095.1376 , -13208.0756 , -6458.10589 , -30645.9305 , -16382.7508 , 36178.1729
0.005056 , 22539.2 , 0.751308 , 3e+22 , -1909.76 , -105.314 , 3.8676 , 0.499703 , 0.506222 , 0.496671 , -0.0397489428 , -0.0649337789 , 14.3981958 , 89.6621118 , 90.752589 , 233.270026 , 0.245311145 , -0.546313418 , -0.712040317 , -20101.6446 , 21809.415 , 17831.704 , 33391.2463 , 24495.9771 , 6834.99064 , -28642.9195 , 3926.58343 , 2284.05105
0.005064 , 22547.4 , 0.75158 , 3e+22 , -789.473 , -4977.15 , 1376.2 , 0.503525 , 0.502383 , 0.497097 , -0.0435770052 , -0.0669085303 , 14.4191979 , 89.8349604 , 90.8515904 , 233.951719 , 0.215068613 , -0.591175357 , -0.754526663 , 17337.3822 , 3423.22541 , -14045.6646 , 21422.0895 , 23812.8587 , -6802.62514 , -8255.10593 , -67341.6156 , 30905.1927
0.005072 , 22542.2 , 0.751407 , 3e+22 , 1743.45 , 1522.06 , 971.733 , 0.502465 , 0.494342 , 0.505971 , -0.0439122282 , -0.0657107311 , 14.4389276 , 90.112934 , 91.0573265 , 234.553157 , 0.22899687 , -0.592533526 , -0.725838701 , -19782.0424 , 8571.80536 , 21983.1969 , 8020.13462 , -7836.2395 , -35534.1144 , 29210.9716 , 20706.3763 , 17359.9482
0.00508 , 22516.7 , 0.750558 , 3e+22 , 238.583 , 907.123 , 1388.34 , 0.49715 , 0.502429 , 0.501522 , -0.0409709173 , -0.0621858421 , 14.4562799 , 90.1691027 , 91.1059399 , 235.033522 , 0.202603028 , -0.539517598 , -0.723494853 , 868.218927 , -3953.03599 , -3431.24159 , -10053.6515 , 15211.179 , 1376.12931 , 13495.784 , 14935.5641 , 15108.2022
0.005088 , 22525.2 , 0.750839 , 3e+22 , -1838.71 , -1546.68 , -1081.12 , 0.497925 , 0.503041 , 0.500673 , -0.0406661567 , -0.0642320859 , 14.4777238 , 90.2849521 , 91.3155496 , 235.69649 , 0.191317261 , -0.559757482 , -0.731919012 , -8423.27526 , 30571.674 , -10970.998 , -14782.9946 , -5818.43756 , 12237.8459 , -28081.608 , -17544.9432 , -10207.0801
0.005096 , 22515.2 , 0.750506 , 3e+22 , 2087.53 , 400.99 , -2234.88 , 0.494643 , 0.505674 , 0.50064 , -0.0430907252 , -0.0593205507 , 14.4967377 , 90.3971435 , 91.4467678 , 236.315414 , 0.168321445 , -0.601113769 , -0.68525671 , 6272.26186 , 23373.3181 , 18093.8695 , 11281.3082 , -23037.4772 , -18209.0954 , 13735.8914 , -1241.99776 , -21893.4366
0.005104 , 22514 , 0.750468 , 3e+22 , -654.814 , 432.282 , -530.708 , 0.497134 , 0.500682 , 0.503114 , -0.0419280355 , -0.0545090731 , 14.5164563 , 90.5102178 , 91.6342237 , 236.911278 , 0.165494221 , -0.54043204 , -0.62369889 , 18882.5284 , 26734.5455 , 279.548393 , 9122.73031 , 2270.72606 , -19977.3171 , 8084.08725 , -20672.4369 , -17657.9992
0.005112 , 22499.7 , 0.749988 , 3e+22 , 1264.78 , -2898.42 , 547.374 , 0.50608 , 0.497618 , 0.49622 , -0.0393156083 , -0.0549667261 , 14.5348152 , 90.6589063 , 91.7981184 , 237.470263 , 0.191569452 , -0.483800644 , -0.628626358 , 4664.50916 , -20510.0108 , 670.281502 , 37420.8683 , -13794.2574 , 23181.7736 , 34040.5251 , -49966.8773 , 10757.9528
0.00512 , 22507.1 , 0.750236 , 3e+22 , -247.972 , -527.608 , 1313.11 , 0.501807 , 0.502887 , 0.495766 , -0.0377215032 , -0.0569309375 , 14.5560199 , 90.8138681 , 91.9678718 , 238.149047 , 0.195451349 , -0.42212827 , -0.673145083 , -1045.20434 , -17855.7487 , 26271.7654 , -6711.9234 , 747.290635 , -16963.5461 , 678.464679 , -17223.8917 , 30167.3127
0.005128 , 22515.9 , 0.750531 , 3e+22 , 3604.74 , -3815.21 , 532.688 , 0.505741 , 0.507321 , 0.487841 , -0.0367872835 , -0.0565209436 , 14.5772015 , 90.9168913 , 92.099472 , 238.820787 , 0.210861623 , -0.440127001 , -0.687260259 , 2657.81864 , -19683.1711 , 8327.97253 , -4600.37064 , 6723.26177 , -1911.85362 , 54063.5067 , -53121.5205 , 28320.263
0.005136 , 22522 , 0.750735 , 3e+22 , 2528.98 , -201.964 , 1997.29 , 0.500428 , 0.499339 , 0.501644 , -0.0388297542 , -0.0616436811 , 14.5980273 , 91.0825909 , 92.2362789 , 239.47993 , 0.182859437 , -0.46710639 , -0.740178746 , 5975.64766 , -13850.4638 , -6754.23112 , 102.315263 , 6601.6363 , -489.980884 , 49734.326 , -16758.4303 , 37152.4917
0.005144 , 22512.1 , 0.750403 , 3e+22 , -1793.74 , 2167.31 , -1537.15 , 0.501257 , 0.50153 , 0.497961 , -0.0375718935 , -0.059813808 , 14.6170446 , 91.2070333 , 92.3307549 , 240.113752 , 0.203616225 , -0.429331455 , -0.745803375 , 43363.9662 , 41821.7264 , -14791.6528 , -16580.1667 , -26565.046 , -5319.50221 , -33872.9032 , 30987.9168 , -40648.9716
0.005152 , 22468.9 , 0.748965 , 3e+22 , 2323.85 , 65.2767 , 3395.44 , 0.492813 , 0.502461 , 0.502559 , -0.0350405537 , -0.0556466495 , 14.6327325 , 91.3937271 , 92.4676393 , 240.61129 , 0.181088332 , -0.418578763 , -0.698974477 , 12157.7322 , 1134.096 , -2501.10792 , 8218.51679 , 11914.0542 , -26535.5496 , 25954.6191 , 3074.33951 , 52071.7431
0.00516 , 22458 , 0.748602 , 3e+22 , 568.304 , -2821.98 , 1193.01 , 0.497152 , 0.497719 , 0.502277 , -0.0367571776 , -0.0554180582 , 14.6519047 , 91.5416983 , 92.568237 , 241.257425 , 0.18510476 , -0.502691261 , -0.723513736 , 10414.3194 , 7931.44298 , 34816.3861 , -17444.4194 , 16264.5575 , -7462.51675 , 8534.73179 , -40624.376 , 23869.9339
0.005168 , 22461.1 , 0.748703 , 3e+22 , -559.201 , -280.133 , 1163.87 , 0.502357 , 0.501389 , 0.49365 , -0.0385302 , -0.0564794635 , 14.672355 , 91.6662262 , 92.7144786 , 241.913211 , 0.176171591 , -0.517708167 , -0.681783029 , 513.183163 , 21263.9296 , -14915.4736 , -1387.48438 , 4204.85799 , 6427.79553 , -8679.1476 , -13258.3411 , 25812.7386
0.005176 , 22469.9 , 0.748996 , 3e+22 , 545.622 , 281.97 , 1233.86 , 0.500965 , 0.502984 , 0.494032 , -0.0354722765 , -0.0541426609 , 14.6932156 , 91.7701473 , 92.9111268 , 242.594855 , 0.192678505 , -0.457847253 , -0.668986283 , 2688.27854 , 3704.42366 , -26559.8374 , -5489.19316 , -7154.89102 , 15258.0082 , 3884.58877 , 7709.5655 , 21810.1509
0.005184 , 22465.4 , 0.748845 , 3e+22 , -223.852 , 2099.83 , 467.331 , 0.498427 , 0.497252 , 0.501985 , -0.0349197017 , -0.0517708836 , 14.7130591 , 91.8380044 , 93.1016779 , 243.23411 , 0.194146227 , -0.455776599 , -0.64210336 , -5613.68084 , 12836.633 , 24316.8031 , 9153.04699 , 10899.8227 , -20384.5433 , -8354.8131 , 39184.7224 , 11232.9224
0.005192 , 22504.2 , 0.750139 , 3e+22 , 1810.65 , -2810.22 , 2461.64 , 0.503829 , 0.504912 , 0.491439 , -0.0346077105 , -0.0529391903 , 14.7371863 , 91.9740141 , 93.2378532 , 243.97208 , 0.187717802 , -0.43398682 , -0.681692086 , 4724.80801 , 5589.43203 , -10600.6299 , 7641.71952 , 335.398552 , 14309.7548 , 39346.843 , -46922.6763 , 39257.2395
0.0052 , 22535.6 , 0.751187 , 3e+22 , 1638.16 , 1812.36 , -1211.81 , 0.503976 , 0.498804 , 0.499551 , -0.0325449853 , -0.0540582796 , 14.7605763 , 92.1077939 , 93.3748726 , 244.716268 , 0.211345768 , -0.425274568 , -0.704997711 , -9014.39136 , 24051.4761 , -8951.49548 , -10631.0769 , 22687.4665 , -20456.089 , 35562.8691 , 30687.0639 , -10858.4887
0.005208 , 22541.2 , 0.751374 , 3e+22 , -1894.6 , 351.862 , 2967.98 , 0.502778 , 0.501937 , 0.497961 , -0.0332468662 , -0.0556170394 , 14.781169 , 92.216688 , 93.4613578 , 245.409669 , 0.263740306 , -0.464457046 , -0.746579783 , -9092.29272 , 12374.3292 , -5709.46439 , -1649.84954 , 29831.4443 , -9742.41746 , -29711.6985 , -1757.72394 , 50765.3979
0.005216 , 22541.6 , 0.751385 , 3e+22 , -1248.35 , 1199.74 , 2901.36 , 0.499282 , 0.502496 , 0.500927 , -0.0338118893 , -0.0532301434 , 14.8014926 , 92.3597826 , 93.5917708 , 246.055647 , 0.30384771 , -0.50818117 , -0.7318245 , -11146.5689 , 8818.64469 , -8802.04587 , -11303.4827 , 1763.72009 , 7879.34465 , -20221.4805 , 20413.0673 , 59781.1756
0.005224 , 22534 , 0.751134 , 3e+22 , -934.694 , -3353.29 , 217.02 , 0.498685 , 0.502726 , 0.500787 , -0.0299658013 , -0.0530160257 , 14.8212073 , 92.4881709 , 93.7931421 , 246.694481 , 0.325630437 , -0.467198585 , -0.735214139 , -14924.1443 , 32624.849 , 47772.7912 , -4752.15723 , 43419.912 , 10721.0294 , -19914.8373 , -65555.9951 , 1478.41296
0.005232 , 22529.7 , 0.75099 , 3e+22 , 700.568 , 5025.51 , 2000.55 , 0.502014 , 0.496261 , 0.503536 , -0.0310820113 , -0.0529269041 , 14.8413527 , 92.6288786 , 93.9092163 , 247.324434 , 0.352854101 , -0.495720422 , -0.759075552 , -627.482559 , -722.563023 , -7020.24081 , -17155.2395 , 29325.265 , -813.624691 , 14227.9688 , 80428.3457 , 24984.782
0.00524 , 22543.2 , 0.75144 , 3e+22 , 2842.84 , 1954.02 , -2421.3 , 0.499942 , 0.49946 , 0.503376 , -0.0292770109 , -0.0468155591 , 14.8630919 , 92.7374349 , 94.0438532 , 247.970123 , 0.338707547 , -0.470020862 , -0.638141516 , 6083.91522 , 6934.63539 , -8633.16139 , -3220.43743 , -204.658548 , 7207.40454 , 53049.9761 , 37562.7913 , -42944.4651
0.005248 , 22553.3 , 0.751775 , 3e+22 , -1734.11 , 613.858 , 4204.46 , 0.50457 , 0.492684 , 0.506177 , -0.0303402103 , -0.0465016156 , 14.8849303 , 92.8524023 , 94.2240326 , 248.666029 , 0.317969638 , -0.502265413 , -0.659520217 , 4022.63968 , -9913.35693 , -9221.97089 , -16045.687 , -4539.44983 , 7718.12011 , -31822.3799 , 14255.0512 , 74179.9031
0.005256 , 22586.9 , 0.752897 , 3e+22 , -1747.6 , 2744.19 , -532.795 , 0.503866 , 0.496411 , 0.505455 , -0.0244218198 , -0.0482796071 , 14.9092505 , 93.0217675 , 94.3109611 , 249.419972 , 0.332169198 , -0.407044427 , -0.661212407 , 8533.52159 , -11357.3471 , -17890.9126 , 6463.33241 , 47605.6172 , 15241.9742 , -6538.25662 , 53763.4911 , -9764.45934
0.005264 , 22542.4 , 0.751412 , 3e+22 , 869.384 , -456.954 , 1678.57 , 0.504395 , 0.497404 , 0.501004 , -0.0277544043 , -0.0451134787 , 14.9246775 , 93.2639658 , 94.4865879 , 249.935308 , 0.332033922 , -0.492626074 , -0.620418041 , 16407.9266 , -18611.6973 , 22181.2394 , -17716.2265 , -4096.18225 , 15739.9003 , 26017.8346 , -11579.6562 , 29924.9857
0.005272 , 22564.1 , 0.752137 , 3e+22 , -2815.56 , -2219.73 , -29.118 , 0.50173 , 0.498815 , 0.503656 , -0.028036478 , -0.0457756582 , 14.9468424 , 93.4282008 , 94.5613026 , 250.623071 , 0.353012471 , -0.471022744 , -0.659068215 , -5964.39276 , 7482.62472 , 4528.87714 , -13776.2329 , -1226.16594 , 15535.5354 , -48058.4589 , -24163.8022 , -12331.5234
0.00528 , 22570.4 , 0.752347 , 3e+22 , 2047.8 , 1859.4 , -1730.6 , 0.499634 , 0.502869 , 0.50213 , -0.0287001969 , -0.044898399 , 14.967944 , 93.5976788 , 94.6996864 , 251.281148 , 0.358826777 , -0.463607925 , -0.631429758 , 13150.2272 , -11150.6797 , -6464.89861 , 238.795734 , 21378.625 , -10655.9589 , 37485.498 , 28353.8173 , -26374.0767
0.005288 , 22575.9 , 0.75253 , 3e+22 , -2921.42 , -690.785 , -645.544 , 0.501125 , 0.502727 , 0.501155 , -0.0295942383 , -0.0425812884 , 14.989355 , 93.730466 , 94.8087944 , 251.968726 , 0.322975854 , -0.453010114 , -0.610641541 , 19905.7583 , 1323.50306 , -9054.47308 , 3008.30912 , 13839.5448 , 12305.5852 , -35417.8937 , -17854.9608 , -4820.29542
0.005296 , 22545.7 , 0.751524 , 3e+22 , -3766.33 , -1769.28 , -679.634 , 0.494867 , 0.506504 , 0.501577 , -0.0278052451 , -0.0413376345 , 15.0059974 , 93.8690443 , 94.8846562 , 252.485861 , 0.32453212 , -0.400515658 , -0.585597076 , 19027.8545 , -3761.7915 , 9288.85444 , 363.685585 , -2285.83277 , 33950.1123 , -46601.5964 , -20002.8601 , -31679.0336
0.005304 , 22561.4 , 0.752046 , 3e+22 , -1086.42 , 510.399 , 278.463 , 0.501451 , 0.50077 , 0.501862 , -0.0277200174 , -0.0402585243 , 15.0279085 , 94.044314 , 94.997435 , 253.208 , 0.358432073 , -0.432781375 , -0.560296674 , 218.914686 , 4651.43426 , -26458.3773 , -29878.3294 , -8906.48314 , 19083.1241 , -17263.8968 , -13570.9685 , 1963.72823
0.005312 , 22541.2 , 0.751373 , 3e+22 , -1790.85 , 932.44 , 34.5571 , 0.500068 , 0.502713 , 0.499942 , -0.0300064309 , -0.0371827924 , 15.0458846 , 94.1104803 , 95.1687743 , 253.787075 , 0.324371793 , -0.494829626 , -0.51431993 , 3513.12149 , -11220.1778 , -24172.1587 , 2395.22134 , 3848.89349 , -8475.81153 , -25083.641 , 19672.7749 , -26251.0494
0.00532 , 22530.7 , 0.751022 , 3e+22 , 248.114 , -1516.04 , 4051.2 , 0.504948 , 0.499584 , 0.497404 , -0.0321137019 , -0.0416398352 , 15.0649563 , 94.1960184 , 95.3278337 , 254.368121 , 0.361127101 , -0.489458582 , -0.593339353 , -9999.20636 , -12753.4459 , 17781.1365 , -15715.0321 , 11909.1254 , 19257.8563 , -5982.8019 , -27672.6977 , 60144.8961
0.005328 , 22539.2 , 0.751306 , 3e+22 , 342.134 , -2125.41 , 1325.61 , 0.501387 , 0.503273 , 0.497916 , -0.035802427 , -0.0421602891 , 15.086652 , 94.2261811 , 95.4425163 , 255.072165 , 0.360009649 , -0.564804473 , -0.591547081 , 6738.89556 , -31008.9146 , -6512.98763 , 36085.0594 , 8968.47776 , -30319.997 , 2097.39769 , -28984.7608 , 32713.1583
0.005336 , 22526.9 , 0.750898 , 3e+22 , 814.448 , 804.876 , 1225.44 , 0.497471 , 0.501547 , 0.502762 , -0.0360048923 , -0.0415587652 , 15.105597 , 94.3334543 , 95.5927284 , 255.666369 , 0.385873534 , -0.541069012 , -0.581625752 , 32552.2579 , 30249.7867 , 18553.3391 , 3971.63926 , -6376.84952 , -6214.23816 , 13479.0986 , 12657.075 , 23423.1601
0.005344 , 22524.2 , 0.750805 , 3e+22 , 1032.95 , -333.72 , -95.8576 , 0.50403 , 0.495895 , 0.501679 , -0.0370438192 , -0.0408833277 , 15.1254995 , 94.4385991 , 95.738737 , 256.267641 , 0.396387808 , -0.497562198 , -0.551091255 , -3103.46209 , -19370.5225 , -5963.88067 , 11363.4938 , -10661.642 , -8366.51193 , 8690.6434 , -10188.867 , -28930.099
0.005352 , 22523.6 , 0.750787 , 3e+22 , 2878.92 , -427.006 , -386.945 , 0.499766 , 0.50154 , 0.500218 , -0.0344823568 , -0.0408752687 , 15.1455947 , 94.5664482 , 95.8482723 , 256.924985 , 0.38837144 , -0.460988491 , -0.55539295 , -13123.4465 , -3538.95402 , -6654.53896 , -9401.92515 , 9206.24033 , -3424.93654 , 47854.6341 , 1657.30819 , 3526.2693
0.00536 , 22528.4 , 0.750946 , 3e+22 , -2506.64 , 755.822 , 1228.97 , 0.497196 , 0.50517 , 0.499479 , -0.0332438279 , -0.0405679302 , 15.1657234 , 94.5983168 , 95.9178713 , 257.605282 , 0.378963174 , -0.415430048 , -0.581156107 , 9374.78366 , -13059.8517 , 18231.1606 , 12175.463 , 27836.2039 , 9971.50278 , -38368.3803 , -52.577957 , 25494.6719
0.005368 , 22539.5 , 0.751318 , 3e+22 , 2613.21 , 3993.01 , 2096.91 , 0.502522 , 0.500439 , 0.499521 , -0.0332011298 , -0.0418749185 , 15.1878374 , 94.6974961 , 96.1615331 , 258.295374 , 0.403670553 , -0.426560793 , -0.585882641 , -7234.13646 , -18368.2826 , -17049.6238 , 5943.13772 , 18428.5473 , 6.53882387 , 62292.7981 , 59026.4016 , 41393.6087
0.005376 , 22542.4 , 0.751415 , 3e+22 , 1815.73 , 1520.06 , -1758.26 , 0.500538 , 0.497662 , 0.50458 , -0.0318779607 , -0.0384277005 , 15.2079143 , 94.8101486 , 96.2500525 , 258.936154 , 0.419618576 , -0.40379298 , -0.553035255 , 6776.52049 , 5877.92936 , 8355.96957 , -6739.21054 , 18896.5243 , -19603.7794 , 27808.9019 , 15635.0202 , -30453.3998
0.005384 , 22593.3 , 0.753111 , 3e+22 , 1583.6 , -2571.66 , 3519.53 , 0.503024 , 0.501527 , 0.501549 , -0.0295466991 , -0.0410805322 , 15.2339797 , 94.8787715 , 96.4192084 , 259.792227 , 0.387326047 , -0.366327161 , -0.568307425 , 21911.0343 , -10499.9555 , 8324.0757 , 4807.05196 , 8018.40554 , 8396.42959 , 35312.3309 , -51638.8352 , 59634.7989
0.005392 , 22602.7 , 0.753425 , 3e+22 , 1512.3 , -2219.75 , 2760.76 , 0.498524 , 0.504554 , 0.503687 , -0.0304127529 , -0.0424882876 , 15.2550937 , 94.9803971 , 96.4721136 , 260.500823 , 0.364249357 , -0.351011447 , -0.632641644 , 6076.20412 , 3643.91009 , -25848.3039 , -3014.59363 , -11869.8274 , 104.070141 , 31853.2759 , -38155.0638 , 53228.4219
0.0054 , 22604 , 0.753468 , 3e+22 , 684.119 , -453.439 , 2042.62 , 0.505045 , 0.500692 , 0.50117 , -0.0303029311 , -0.0425501328 , 15.2759712 , 95.135468 , 96.6453049 , 261.16921 , 0.365751414 , -0.34847256 , -0.646287988 , 16811.9257 , -9209.32152 , 24844.2728 , -6197.91012 , -4730.0467 , 2171.4775 , 12733.1735 , -20514.8966 , 27956.3288
0.005408 , 22578.9 , 0.752631 , 3e+22 , 794.91 , -2212.6 , 716.804 , 0.50548 , 0.504385 , 0.495363 , -0.0286791351 , -0.0428091866 , 15.2939569 , 95.2516109 , 96.8039185 , 261.774158 , 0.31540695 , -0.325472435 , -0.610307388 , 26011.6816 , 9570.38193 , 1113.4445 , -19626.128 , 7635.00391 , -9305.15303 , 25551.3103 , -33349.3424 , 18870.7757
0.005416 , 22582.4 , 0.752748 , 3e+22 , -338.967 , 4426.01 , 187.08 , 0.501317 , 0.503979 , 0.500087 , -0.0241528194 , -0.0434130391 , 15.3149237 , 95.4132269 , 96.9792348 , 262.442062 , 0.285450278 , -0.26316291 , -0.620513353 , 16146.9013 , -44367.35 , -13388.4837 , -16822.1084 , 2903.58212 , 32115.2573 , -5501.69233 , 67083.5151 , -6259.81442
0.005424 , 22591 , 0.753032 , 3e+22 , -897.699 , 994.556 , 27.5009 , 0.502321 , 0.502957 , 0.500776 , -0.0222740682 , -0.0447815389 , 15.3358081 , 95.5957786 , 97.102147 , 263.140857 , 0.207344541 , -0.281249507 , -0.617474045 , 12209.2507 , -3317.61415 , -669.673686 , 27010.7097 , 18186.2097 , -22604.4395 , -16957.2114 , 12864.947 , 7170.74278
0.005432 , 22593.4 , 0.753114 , 3e+22 , 688.602 , -271.933 , -1608.89 , 0.500882 , 0.508055 , 0.497274 , -0.0230549006 , -0.0452191211 , 15.3557855 , 95.770272 , 97.2755457 , 263.790042 , 0.167002374 , -0.293920314 , -0.644309479 , -2272.53572 , 14049.7136 , 14474.291 , 19714.1562 , -25190.6495 , -16004.9695 , 10957.3933 , 8135.30442 , -36657.0244
0.00544 , 22575.4 , 0.752515 , 3e+22 , -2364.84 , -179.069 , -3052.07 , 0.500998 , 0.499613 , 0.504334 , -0.0237919052 , -0.0437708218 , 15.3741939 , 95.9445315 , 97.4096636 , 264.404936 , 0.152711547 , -0.329012965 , -0.608780981 , -16665.0421 , 4870.24165 , -8320.55221 , 16640.7738 , 18001.5449 , -782.735829 , -40627.4656 , 7142.84582 , -59661.5338
0.005448 , 22621.3 , 0.754043 , 3e+22 , 1492.9 , 2565.04 , 2663.67 , 0.497857 , 0.506209 , 0.503929 , -0.0243160234 , -0.0459849059 , 15.3993118 , 96.1550246 , 97.5325249 , 265.202351 , 0.130609689 , -0.361084807 , -0.637251364 , -5606.12283 , -18335.7314 , 26692.043 , 2286.53082 , 6436.1849 , 14624.4979 , 31763.5277 , 34520.675 , 47307.971
0.005456 , 22606.1 , 0.753535 , 3e+22 , 1394.4 , 625.307 , 1977.53 , 0.497541 , 0.507451 , 0.502043 , -0.0221140874 , -0.0450219579 , 15.4179221 , 96.2650386 , 97.5855598 , 265.805363 , 0.151851562 , -0.32844397 , -0.594342307 , -9919.29659 , 20475.5031 , 5199.25821 , -17627.8567 , -1027.95662 , -22527.4716 , 14945.1363 , -4584.1136 , 42688.2406
0.005464 , 22571.5 , 0.752383 , 3e+22 , -1489.21 , 472.099 , -63.1984 , 0.497641 , 0.504491 , 0.50262 , -0.0202837762 , -0.0453377047 , 15.4345794 , 96.3911454 , 97.6493073 , 266.388006 , 0.166239046 , -0.305181894 , -0.619349917 , 15916.1641 , 17042.0659 , 32826.1499 , -6930.6665 , 21901.8475 , 3829.46347 , -34964.2829 , 24986.9527 , -6531.6072
0.005472 , 22584.2 , 0.752806 , 3e+22 , -221.549 , 488.432 , -2546.82 , 0.500876 , 0.50544 , 0.499257 , -0.0198399467 , -0.0443752371 , 15.4562555 , 96.5132926 , 97.8050707 , 267.166102 , 0.188733584 , -0.318930438 , -0.564442266 , 4032.50796 , -2571.46339 , 786.719219 , 32584.7445 , 2083.09732 , -11543.6538 , 11299.9838 , 9379.05761 , -50113.5185
0.00548 , 22575.5 , 0.752516 , 3e+22 , -154.155 , -1671.62 , -80.1755 , 0.504942 , 0.495541 , 0.504533 , -0.0202646083 , -0.0459919295 , 15.4754096 , 96.658839 , 97.9493787 , 267.825033 , 0.191111483 , -0.328812468 , -0.604012466 , 22287.7201 , 13045.3418 , 6429.4804 , 5507.08984 , -2378.4924 , 2627.70841 , -12219.0244 , -29369.0392 , 11952.194
0.005488 , 22591.6 , 0.753054 , 3e+22 , -487.814 , -1492.8 , 1153.01 , 0.49968 , 0.507166 , 0.49924 , -0.0178984355 , -0.0454906118 , 15.4982731 , 96.7987884 , 98.0794618 , 268.576374 , 0.14799311 , -0.262451727 , -0.655488935 , 12980.9003 , 4843.62489 , 11061.0976 , -34.755711 , 3175.8788 , 3.58223379 , -18826.7371 , -20491.8094 , 20945.3599
0.005496 , 22592.6 , 0.753088 , 3e+22 , -510.468 , -203.88 , 1000.17 , 0.501881 , 0.502711 , 0.501576 , -0.0194275463 , -0.0472058256 , 15.5191309 , 96.9170378 , 98.1692887 , 269.264249 , 0.151370441 , -0.304281157 , -0.716509878 , -24522.3463 , -7970.42415 , -19866.3661 , 11865.9546 , -6352.23826 , -6786.85305 , 1436.94492 , -11379.0014 , 5262.13695
0.005504 , 22577.6 , 0.752587 , 3e+22 , -2448.38 , -407.858 , 45.758 , 0.504059 , 0.499876 , 0.501205 , -0.0185208209 , -0.0460187483 , 15.5378784 , 97.0730913 , 98.3901295 , 269.874968 , 0.147077408 , -0.306246331 , -0.656330845 , 21142.6167 , -3947.79518 , -15808.7892 , 1387.71652 , 5525.06506 , 5804.09315 , -39656.4838 , -9851.32452 , -812.965779
0.005512 , 22565.3 , 0.752177 , 3e+22 , 745.069 , -1027.93 , 2414.82 , 0.504789 , 0.5006 , 0.498923 , -0.0189137763 , -0.0451677556 , 15.5569972 , 97.1940339 , 98.5079865 , 270.544233 , 0.120646661 , -0.331380739 , -0.649524992 , 14161.8776 , -6059.20637 , -17629.9773 , -5356.29968 , 12434.6868 , 25497.8432 , 17294.2198 , -9130.60256 , 29981.8939
0.00552 , 22591.3 , 0.753044 , 3e+22 , -1337.83 , 1525.65 , 238.191 , 0.502544 , 0.496993 , 0.506527 , -0.0217007243 , -0.0476131588 , 15.5805132 , 97.371138 , 98.632809 , 271.306779 , 0.126170068 , -0.346353043 , -0.690409301 , -4176.23764 , -1970.89316 , -12627.4575 , -10395.3292 , 6776.35498 , 16953.3294 , -32274.592 , 20955.8766 , -12120.1728
0.005528 , 22576.4 , 0.752546 , 3e+22 , -213.046 , 263.704 , 767.502 , 0.502422 , 0.503879 , 0.498787 , -0.0229129755 , -0.0479583603 , 15.5992925 , 97.4950879 , 98.7524153 , 271.929542 , 0.198787641 , -0.351897866 , -0.728457324 , 4976.66576 , -527.625683 , 11181.5492 , 1385.98211 , -11291.1097 , -3984.08739 , -10204.5616 , -2289.36658 , 561.326252
0.005536 , 22591.5 , 0.75305 , 3e+22 , 3500.67 , -1043.48 , 40.9355 , 0.507301 , 0.501542 , 0.49718 , -0.0271173372 , -0.0494757979 , 15.6214109 , 97.6076555 , 98.9012268 , 272.684303 , 0.230288656 , -0.400119768 , -0.750597992 , -176.366897 , 14221.5905 , -23096.3762 , 20470.7704 , 12867.7521 , -15899.9611 , 87459.1694 , -31581.9853 , -2587.27053
0.005544 , 22582.5 , 0.752751 , 3e+22 , 232.381 , 855.97 , 900.817 , 0.50109 , 0.505095 , 0.499307 , -0.0266237504 , -0.0493638063 , 15.6402755 , 97.694301 , 99.0333271 , 273.340396 , 0.265868465 , -0.380498099 , -0.746122932 , -27877.5269 , 6812.70017 , 2549.6673 , -17131.244 , 14272.6488 , 22151.0377 , 17053.7649 , 18624.1726 , 20151.4799
0.005552 , 22579.6 , 0.752654 , 3e+22 , 1471.14 , -604.655 , 1656.17 , 0.500704 , 0.501416 , 0.503158 , -0.0229999861 , -0.0469459307 , 15.6601466 , 97.8293522 , 99.1318611 , 274.008333 , 0.26610726 , -0.299783306 , -0.74034066 , 8942.49299 , -7796.78487 , 1891.37665 , -16882.9243 , 6633.58991 , 18172.6462 , 13381.4458 , -1350.53793 , 21832.9491
0.00556 , 22590.9 , 0.75303 , 3e+22 , 319.845 , -1535.39 , 2315.26 , 0.502306 , 0.498018 , 0.505691 , -0.024356913 , -0.0463000322 , 15.6817401 , 98.0100224 , 99.2984936 , 274.73206 , 0.318024276 , -0.338809565 , -0.734016287 , -2900.39497 , -12166.0233 , -8418.7447 , 23241.0613 , -23074.4295 , 2798.9002 , 5181.10281 , -40851.3489 , 35156.6932
0.005568 , 22570.3 , 0.752345 , 3e+22 , -982.464 , 36.9734 , -10.2863 , 0.506571 , 0.498361 , 0.499752 , -0.0241430223 , -0.0456108158 , 15.6998054 , 98.1421469 , 99.3849454 , 275.326542 , 0.319077151 , -0.319439427 , -0.718569839 , 58117.5194 , 27242.1758 , 1940.65063 , -10655.6145 , 17969.0432 , -6067.25158 , -16749.3725 , -3733.82092 , -4762.84281
0.005576 , 22564.8 , 0.75216 , 3e+22 , 1146.56 , -4924.71 , 1664 , 0.509034 , 0.49627 , 0.498855 , -0.0214034155 , -0.0513357441 , 15.719517 , 98.3103029 , 99.4637246 , 275.985154 , 0.302098824 , -0.285059779 , -0.810924637 , 12990.5786 , 10249.0838 , 1915.03557 , 13977.5021 , -9490.2947 , -6185.71816 , 19228.6317 , -80521.1668 , 4054.09228
0.005584 , 22558.7 , 0.751955 , 3e+22 , 1758.53 , -1764.68 , 223.803 , 0.502401 , 0.501766 , 0.499707 , -0.0212350868 , -0.0541218912 , 15.7385808 , 98.5004406 , 99.652878 , 276.619077 , 0.336864519 , -0.301411927 , -0.879139166 , -7639.13582 , 19372.6095 , 36830.8258 , 13416.2766 , 32205.3728 , 5687.6242 , 30007.0188 , -50180.8204 , 3232.49249
0.005592 , 22582.1 , 0.752738 , 3e+22 , -693.546 , 446.878 , -2737.08 , 0.50173 , 0.503868 , 0.499832 , -0.0200169434 , -0.0546399769 , 15.7614381 , 98.570882 , 99.8230761 , 277.402649 , 0.375855427 , -0.265246223 , -0.90717874 , 21735.1236 , -3809.50284 , 25259.8827 , 15594.1212 , 485.479507 , -5410.5853 , -11952.8368 , -4442.76768 , -52864.3008
0.0056 , 22584.9 , 0.752829 , 3e+22 , 589.83 , 1878.59 , 1731.1 , 0.499119 , 0.50052 , 0.50598 , -0.0188760699 , -0.0562400991 , 15.7824842 , 98.7616108 , 99.9627942 , 278.113697 , 0.369345843 , -0.266712135 , -0.921004012 , -9413.85746 , -11747.6483 , 13969.8194 , 15935.0744 , 29725.1653 , 8100.64349 , 6990.16136 , 14821.0052 , 50240.6759
0.005608 , 22579 , 0.752633 , 3e+22 , 605.673 , -208.199 , -2362.54 , 0.497694 , 0.507212 , 0.500327 , -0.0185144635 , -0.0527732319 , 15.8017145 , 98.9826002 , 100.107884 , 278.724296 , 0.346501187 , -0.285536726 , -0.897797745 , 19119.0869 , 16371.8421 , -6544.50149 , -30965.0965 , 17947.9134 , -20450.9928 , 15201.0235 , 17781.8379 , -41415.9026
0.005616 , 22562.4 , 0.752082 , 3e+22 , 373.25 , 2081.3 , 282.678 , 0.505563 , 0.496392 , 0.502182 , -0.0172529451 , -0.0524028274 , 15.8201613 , 99.0500818 , 100.302765 , 279.337405 , 0.328817945 , -0.268738977 , -0.886293679 , -6336.37082 , -28901.6238 , 24521.4955 , -8746.78123 , -6015.69174 , 531.859149 , -13872.0417 , 54773.5005 , 19082.0265
0.005624 , 22581 , 0.7527 , 3e+22 , 965.048 , 204.107 , 1205.16 , 0.500662 , 0.503976 , 0.500748 , -0.0185122511 , -0.0504955474 , 15.84286 , 99.2169903 , 100.438797 , 280.096339 , 0.328485224 , -0.252758498 , -0.839769035 , -29955.3601 , 2157.38638 , 15488.8122 , 34391.8818 , 11653.0227 , 17530.8305 , 13265.0757 , -533.67809 , 13132.9103
0.005632 , 22582.8 , 0.75276 , 3e+22 , -299.298 , -18.2085 , 998.934 , 0.504163 , 0.499987 , 0.501363 , -0.0183241378 , -0.0504315048 , 15.8634032 , 99.2752287 , 100.553456 , 280.759708 , 0.327656344 , -0.21667615 , -0.872591271 , -9951.32623 , -10976.3603 , 5405.72846 , -20672.2413 , 34917.807 , -8903.04622 , -17796.4069 , -15478.3565 , 16194.1075
0.00564 , 22618.6 , 0.753954 , 3e+22 , 1118.57 , -610.037 , -580.741 , 0.500472 , 0.501207 , 0.506218 , -0.0171113439 , -0.050162353 , 15.8875165 , 99.4786886 , 100.682101 , 281.551292 , 0.302726717 , -0.177092552 , -0.871583904 , 6158.6841 , 9655.26861 , -13837.4098 , 14466.3127 , 1562.90389 , -7246.91587 , 20601.9619 , -9219.31128 , -15357.6436
0.005648 , 22618.2 , 0.753941 , 3e+22 , -552.492 , -130.154 , 2874.31 , 0.503894 , 0.506264 , 0.497675 , -0.0161409948 , -0.0519018952 , 15.9075644 , 99.6856286 , 100.856246 , 282.220673 , 0.302814055 , -0.190091665 , -0.870834027 , -327.227869 , -19220.0555 , -21129.2533 , -12614.8248 , -11908.6114 , -21118.999 , 861.265984 , -4640.60554 , 33342.9383
0.005656 , 22608.3 , 0.753611 , 3e+22 , 1144.08 , -79.0797 , -1291.38 , 0.504684 , 0.500618 , 0.501902 , -0.0171335524 , -0.0473875556 , 15.9267594 , 99.8273056 , 100.947727 , 282.857149 , 0.324695578 , -0.219090719 , -0.837603027 , 31729.9487 , -67.4715553 , 18185.8459 , 21757.5701 , 24071.9114 , -10305.6295 , 19708.5047 , -10408.6203 , -39003.3759
0.005664 , 22617.6 , 0.753921 , 3e+22 , 1638.61 , 15.6366 , -184.718 , 0.50563 , 0.501052 , 0.501144 , -0.0125051971 , -0.0491266141 , 15.947597 , 99.9576594 , 101.128644 , 283.525418 , 0.307282985 , -0.131849339 , -0.863620114 , 8316.3943 , -15275.8422 , -8953.04923 , -26624.8312 , -8184.47344 , 5677.90527 , 34036.3946 , 6107.95512 , -2325.20176
0.005672 , 22611.3 , 0.753712 , 3e+22 , 1927.15 , 930.109 , 457.087 , 0.504096 , 0.505358 , 0.497942 , -0.0127746469 , -0.0458065882 , 15.9670034 , 100.12876 , 101.272022 , 284.232076 , 0.334958185 , -0.125058596 , -0.813034571 , 16992.1769 , 24399.3622 , -34933.4687 , -4783.91974 , 27075.4412 , 31148.7178 , 44142.7772 , 606.530705 , -1576.80832
0.00568 , 22609.4 , 0.753647 , 3e+22 , 1511.45 , -1744.7 , -425.492 , 0.504829 , 0.499965 , 0.502467 , -0.0136252283 , -0.0444919029 , 15.9873261 , 100.273971 , 101.419521 , 284.90855 , 0.331012436 , -0.148226209 , -0.752231177 , 7416.42504 , -25807.174 , 21996.361 , 6249.1513 , -7740.22215 , 3903.07481 , 38201.3189 , -24612.1952 , -8854.49644
0.005688 , 22615.6 , 0.753854 , 3e+22 , 600.435 , 1282.49 , 1747.8 , 0.500019 , 0.502796 , 0.504863 , -0.0141140299 , -0.047936329 , 16.0079525 , 100.429533 , 101.509432 , 285.603072 , 0.365574995 , -0.14797594 , -0.864087248 , -7842.50176 , 4208.12246 , -29280.9433 , 3194.41657 , -8527.15153 , 15567.8517 , 215.771495 , 35993.7222 , 20338.9996
0.005696 , 22605.7 , 0.753524 , 3e+22 , -636.548 , -3853.27 , 1575.55 , 0.500151 , 0.505478 , 0.501317 , -0.0152561723 , -0.0490732298 , 16.0270006 , 100.5813 , 101.631586 , 286.224266 , 0.34715128 , -0.195552795 , -0.848459373 , 14686.1113 , 28517.7223 , -4291.58412 , -23931.4361 , 34860.4774 , -313.85632 , -9440.6335 , -68057.9152 , 43606.1779
0.005704 , 22627.5 , 0.754251 , 3e+22 , -775.334 , 1873.08 , 1410.64 , 0.506618 , 0.498635 , 0.503213 , -0.0166589815 , -0.0485895147 , 16.0499781 , 100.73187 , 101.753386 , 287.00641 , 0.331414918 , -0.188350728 , -0.862807722 , 8290.49188 , -26212.1339 , -6453.4412 , 40649.3146 , 29017.727 , 7699.2422 , 538.793669 , 29452.2242 , 14814.0587
0.005712 , 22631.6 , 0.754386 , 3e+22 , 826.403 , 2794.26 , 2441.83 , 0.499005 , 0.50684 , 0.502845 , -0.0165234871 , -0.0473592205 , 16.0704282 , 100.875386 , 101.900193 , 287.697008 , 0.296627311 , -0.141767025 , -0.868160145 , 5988.6323 , 21589.6842 , 1234.71527 , 16423.361 , 37262.6302 , -25214.088 , 31386.2942 , 48802.7026 , 63736.9251
0.00572 , 22610.5 , 0.753683 , 3e+22 , -1055.52 , 1461.66 , 2016.81 , 0.501001 , 0.502959 , 0.503365 , -0.0171341693 , -0.0476022256 , 16.0882379 , 101.042615 , 102.040889 , 288.324676 , 0.327663029 , -0.196550577 , -0.849267123 , 21448.0831 , 703.389752 , 24583.28 , -16878.4576 , 17608.6883 , -15922.9283 , -18617.1732 , 26443.892 , 15860.822
0.005728 , 22599.5 , 0.753315 , 3e+22 , -224.154 , 641.032 , -201.983 , 0.498909 , 0.505059 , 0.50266 , -0.0174288577 , -0.045952804 , 16.1076108 , 101.213428 , 102.204161 , 288.983942 , 0.329207751 , -0.203431805 , -0.812281794 , 10247.9174 , -8681.19952 , 11813.9446 , -3074.0164 , 3198.21978 , 680.242428 , 2465.79317 , 11076.9106 , -17161.0632
0.005736 , 22594 , 0.753133 , 3e+22 , -991.506 , 2122.2 , -221.896 , 0.502764 , 0.500647 , 0.502824 , -0.0183646735 , -0.0472267427 , 16.1275859 , 101.343477 , 102.293437 , 289.675452 , 0.305665387 , -0.198486548 , -0.824291991 , 7277.66262 , -17719.145 , 6372.50298 , -6178.95523 , -1820.43906 , 7997.69213 , -29908.7206 , 22896.4883 , -2723.80746
0.005744 , 22586.3 , 0.752878 , 3e+22 , -957.087 , -582.221 , 976.075 , 0.506937 , 0.500276 , 0.498531 , -0.0202462978 , -0.0462715326 , 16.1472975 , 101.505094 , 102.529437 , 290.385597 , 0.309436765 , -0.224408714 , -0.809139592 , 13753.9214 , -14166.1683 , -9014.49985 , 18861.6469 , -480.132886 , 10068.8678 , -20451.3731 , -15458.1016 , 6544.11213
0.005752 , 22594.8 , 0.753161 , 3e+22 , -1192.03 , 1089.38 , -751.976 , 0.499003 , 0.502246 , 0.505055 , -0.0196930694 , -0.0440403252 , 16.1683766 , 101.711574 , 102.634205 , 291.107352 , 0.318465865 , -0.207273987 , -0.751543958 , 17353.2914 , -13834.6147 , -6062.14008 , -41269.545 , 5446.21015 , 13244.6701 , -13554.5162 , 23098.494 , -20195.8623
0.00576 , 22626.2 , 0.754208 , 3e+22 , -2302.19 , -1673.59 , 488.889 , 0.504152 , 0.496393 , 0.507824 , -0.0183404308 , -0.0401616771 , 16.1916789 , 101.847518 , 102.775416 , 291.874716 , 0.25420258 , -0.21012637 , -0.702898416 , 15047.7714 , -1508.30277 , 5802.08192 , 32909.5955 , 8967.4813 , -11434.7981 , -42320.1139 , -40905.6469 , -1423.23893
0.005768 , 22604.4 , 0.753479 , 3e+22 , 42.7872 , -1219.34 , -1532.77 , 0.496548 , 0.507453 , 0.502935 , -0.0190077857 , -0.0404498522 , 16.2090529 , 101.938882 , 102.906343 , 292.470638 , 0.263990139 , -0.237013458 , -0.717375925 , 4266.09191 , -5157.63933 , -2482.57158 , 17535.5958 , -5959.82365 , 10591.6595 , 1102.4705 , -22610.7936 , -30112.2935
0.005776 , 22587.9 , 0.752931 , 3e+22 , -132.868 , 210.858 , 1767.94 , 0.503018 , 0.501294 , 0.501532 , -0.0214471659 , -0.0410354146 , 16.2274656 , 102.095119 , 103.072659 , 293.093803 , 0.22320239 , -0.234786487 , -0.699672619 , 17462.7335 , -17532.0104 , -8005.63598 , 11065.3245 , 29249.9546 , 38108.4676 , -11228.2802 , -11745.3284 , 36381.5571
0.005784 , 22591.6 , 0.753052 , 3e+22 , 2739.75 , -2270.47 , -649.996 , 0.503041 , 0.499389 , 0.5036 , -0.0220024555 , -0.0399182301 , 16.2483919 , 102.297103 , 103.122814 , 293.79301 , 0.247608557 , -0.30401484 , -0.717262653 , 27599.8449 , -14405.249 , -24804.9858 , 4443.26732 , -22143.2382 , -12953.531 , 56373.5244 , -36263.6698 , -25133.8916
0.005792 , 22536.9 , 0.751229 , 3e+22 , -967.92 , -519.285 , 2445.74 , 0.500241 , 0.501099 , 0.501078 , -0.0201523536 , -0.0430224945 , 16.262484 , 102.438008 , 103.266317 , 294.30706 , 0.205357745 , -0.275267849 , -0.756367838 , 16699.1217 , -16616.7867 , 5906.06262 , -3902.97145 , 6934.07022 , -11286.407 , -11384.5492 , 2062.16997 , 41856.0376
0.0058 , 22531.9 , 0.751065 , 3e+22 , 1322.11 , -612.606 , 291.837 , 0.501533 , 0.503128 , 0.497456 , -0.0197817173 , -0.042207277 , 16.2828174 , 102.571564 , 103.401355 , 295.014036 , 0.277699818 , -0.246844187 , -0.757917635 , 24032.8482 , 2533.90517 , 17201.9502 , 6755.33783 , 17832.9446 , 1752.84455 , 34666.5589 , -2515.17144 , -7276.38065
0.005808 , 22531.1 , 0.751037 , 3e+22 , -677.8 , -193.321 , -2552.13 , 0.504404 , 0.501948 , 0.495682 , -0.0176827593 , -0.0453312423 , 16.3027975 , 102.75909 , 103.520808 , 295.715085 , 0.2569549 , -0.223437175 , -0.778001295 , -12086.5351 , 28210.6313 , 4583.90022 , -20406.1904 , 3318.90737 , 3452.50332 , -26483.6167 , -311.289201 , -42561.7103
0.005816 , 22514.8 , 0.750492 , 3e+22 , -1863.64 , 587.235 , 761.248 , 0.498942 , 0.497023 , 0.504993 , -0.01873149 , -0.0434288162 , 16.3212956 , 102.958779 , 103.662171 , 296.352905 , 0.27008271 , -0.224191525 , -0.74170132 , 16111.9189 , 18221.0756 , 17794.9558 , -20197.4305 , 7278.56624 , 6488.45695 , -37169.1734 , -8846.46981 , 13993.6105
0.005824 , 22514.7 , 0.750491 , 3e+22 , 3185.51 , -869.375 , -468.729 , 0.502222 , 0.497801 , 0.500896 , -0.0185308742 , -0.04528367 , 16.3407397 , 103.033282 , 103.81595 , 297.04469 , 0.287271473 , -0.236175564 , -0.795904192 , 1949.42733 , -2124.73382 , -979.966727 , -3912.98471 , 28855.6392 , 28606.601 , 62089.0695 , -12981.2346 , -24312.1433
0.005832 , 22544.9 , 0.751497 , 3e+22 , 544.916 , 1435.53 , -11.2344 , 0.50049 , 0.50135 , 0.501141 , -0.0179723484 , -0.044493183 , 16.3643226 , 103.096623 , 103.936181 , 297.847284 , 0.296886578 , -0.205236226 , -0.772466813 , 23519.8343 , 5724.70505 , -5196.78893 , 38823.7481 , -7859.70504 , -18499.3348 , 14695.3808 , 42772.934 , 3737.07362
0.00584 , 22545.4 , 0.751513 , 3e+22 , -1405.43 , -400.579 , 876.443 , 0.502026 , 0.503993 , 0.496989 , -0.0192347172 , -0.0422610069 , 16.384848 , 103.242187 , 104.072301 , 298.568774 , 0.301012544 , -0.194533691 , -0.755191214 , -1119.04062 , -2861.795 , 14328.0843 , -25193.6111 , -2819.71672 , -17412.5691 , -8429.66373 , -8565.92297 , 18510.1416
0.005848 , 22531.9 , 0.751063 , 3e+22 , -51.934 , 1110.48 , 1959.61 , 0.49515 , 0.501199 , 0.505746 , -0.0169009665 , -0.0415161935 , 16.4036245 , 103.43552 , 104.196631 , 299.256978 , 0.356469554 , -0.162586248 , -0.755445364 , 34290.7638 , -2798.38966 , -13376.6948 , 1041.27492 , -17007.8428 , -11232.1224 , 8664.02331 , 32446.9033 , 19612.2953
0.005856 , 22553.4 , 0.75178 , 3e+22 , -783.496 , 1548.82 , 3924.43 , 0.502021 , 0.50377 , 0.497663 , -0.0171869916 , -0.04504407 , 16.426419 , 103.584103 , 104.340824 , 300.019205 , 0.433302329 , -0.196316099 , -0.822276564 , -22884.6362 , -453.911261 , -4592.9568 , 11201.9125 , -20095.8745 , 3294.66931 , -11068.1024 , 22895.1107 , 58647.3999
0.005864 , 22539.9 , 0.75133 , 3e+22 , 1916.38 , 3773.7 , 405.476 , 0.496162 , 0.496989 , 0.509405 , -0.0195093351 , -0.0427925493 , 16.4448508 , 103.73693 , 104.463684 , 300.663114 , 0.460923839 , -0.250484443 , -0.760099965 , -952.095922 , 4160.69352 , 2136.00104 , -4322.47737 , 13509.999 , -22588.7935 , 44943.861 , 75836.6537 , 16364.2633
0.005872 , 22530.7 , 0.751023 , 3e+22 , 2215.42 , 1093.67 , -1520.47 , 0.500833 , 0.502006 , 0.499159 , -0.0230050664 , -0.0470216597 , 16.4638162 , 103.855342 , 104.630814 , 301.320669 , 0.389942246 , -0.339947341 , -0.820438259 , 34346.0551 , -12685.1744 , 3648.75274 , 15805.7567 , 17384.3175 , -12265.7912 , 37004.1863 , 22625.0444 , -32275.9351
0.00588 , 22538.4 , 0.751279 , 3e+22 , -1554.46 , 12.6916 , 787.838 , 0.504185 , 0.498593 , 0.499762 , -0.0229117373 , -0.046548952 , 16.4846779 , 104.061168 , 104.81567 , 302.083063 , 0.354148402 , -0.328032155 , -0.817731509 , 10995.6364 , 7265.53569 , 4551.26689 , -26005.3977 , 5004.41264 , 19983.2074 , -30383.3572 , -7359.35362 , 21739.9701
0.005888 , 22537.4 , 0.751248 , 3e+22 , -1683 , 879.645 , 1462.7 , 0.502299 , 0.497232 , 0.502932 , -0.024639464 , -0.0464046106 , 16.5040276 , 104.17448 , 104.975428 , 302.718846 , 0.364594363 , -0.387940637 , -0.800627831 , -4494.07962 , -9405.58398 , -7472.82039 , 5203.9869 , -12712.9568 , 22164.8453 , -9504.99053 , 14241.5719 , 11974.5993
0.005896 , 22554.9 , 0.751829 , 3e+22 , -219.198 , -2422.2 , -390.53 , 0.501 , 0.501779 , 0.500845 , -0.0279330347 , -0.0470748995 , 16.5262867 , 104.303908 , 105.095104 , 303.526734 , 0.401068594 , -0.472779577 , -0.877848607 , -5248.2226 , -11709.6869 , 7224.52296 , -21009.2663 , 14697.6574 , -17488.3176 , 1634.95102 , -33780.594 , -8501.8116
0.005904 , 22551.5 , 0.751717 , 3e+22 , -279.655 , -105.355 , -374.064 , 0.505742 , 0.499508 , 0.498184 , -0.0300427406 , -0.0468573625 , 16.5460425 , 104.415834 , 105.288217 , 304.225612 , 0.35876599 , -0.467100347 , -0.892352357 , 24194.7688 , 13882.125 , 21301.4212 , 2892.78787 , 2422.4053 , 30328.4153 , -13462.0226 , 1734.70428 , 304.775123
0.005912 , 22572.5 , 0.752416 , 3e+22 , -2161.16 , -420.735 , 1100.07 , 0.499344 , 0.503938 , 0.501516 , -0.031574499 , -0.0500518764 , 16.5688921 , 104.57789 , 105.418372 , 305.055389 , 0.359932367 , -0.497573071 , -0.941987333 , 20050.3232 , -19735.307 , 6727.64637 , 6311.19622 , -27864.4204 , -24923.5447 , -56464.2989 , 942.163468 , 27019.1446
0.00592 , 22574.8 , 0.752493 , 3e+22 , -2141.67 , -1652.9 , 1740.78 , 0.506033 , 0.498315 , 0.50058 , -0.0306210073 , -0.0490330391 , 16.5891373 , 104.728938 , 105.639631 , 305.779314 , 0.379867131 , -0.473540102 , -0.949340956 , 10377.6136 , -6291.07008 , 1143.97842 , -20969.1617 , 37765.9274 , -10412.2152 , -47628.2944 , -32588.7019 , 26905.0222
0.005928 , 22619.5 , 0.753982 , 3e+22 , 3159.83 , -295.019 , -1796 , 0.500421 , 0.505275 , 0.502193 , -0.0301170922 , -0.0453267703 , 16.6141202 , 104.865456 , 105.733478 , 306.668567 , 0.35183126 , -0.464692285 , -0.860918667 , 798.37694 , -2869.96237 , -20688.1325 , 8346.41477 , 1776.7846 , 32541.0111 , 65707.729 , 8372.18264 , -18086.151
0.005936 , 22600.1 , 0.753336 , 3e+22 , -238.405 , -961.633 , 15.8718 , 0.504264 , 0.506152 , 0.49625 , -0.0293841502 , -0.0444876028 , 16.6323309 , 104.946763 , 105.932071 , 307.285162 , 0.3886511 , -0.476058415 , -0.878306099 , 5037.81042 , -3030.06034 , -6223.77525 , -19036.7089 , 2857.89334 , 13136.4241 , -10046.3385 , -16478.3194 , -10639.242
0.005944 , 22601.3 , 0.753378 , 3e+22 , 156.712 , -922.978 , -2325.51 , 0.505296 , 0.500232 , 0.501192 , -0.0296776029 , -0.039523563 , 16.6526618 , 105.066891 , 106.081475 , 308.012068 , 0.40658635 , -0.466365956 , -0.832065007 , 15771.3836 , -20640.9986 , 22119.4249 , -12045.9866 , -9571.24709 , -694.81643 , -2494.43895 , -30972.3606 , -43102.8882
0.005952 , 22631.4 , 0.754379 , 3e+22 , 560.718 , -1392.98 , 474.534 , 0.506165 , 0.496984 , 0.505594 , -0.0296919067 , -0.0404738717 , 16.6763725 , 105.14115 , 106.244328 , 308.862037 , 0.415486136 , -0.435257355 , -0.886998741 , 15872.3632 , 17527.4101 , 14833.8582 , -12122.5088 , 17345.3788 , 30255.2058 , -3986.41419 , -14842.1038 , 16196.5947
0.00596 , 22601.6 , 0.753388 , 3e+22 , -1710.02 , 145.671 , 2686.12 , 0.499074 , 0.501298 , 0.506346 , -0.0275747549 , -0.0406512023 , 16.6939679 , 105.250454 , 106.400138 , 309.501489 , 0.417962579 , -0.405603438 , -0.848503863 , -2996.83701 , 5896.93376 , -14011.9163 , -2122.20361 , -26857.4229 , -2622.61794 , -32795.2851 , 8732.38365 , 53483.1069
0.005968 , 22588.6 , 0.752952 , 3e+22 , 2945.84 , 2186.5 , 248.486 , 0.501778 , 0.503909 , 0.50014 , -0.0286882834 , -0.039315356 , 16.7131512 , 105.329843 , 106.598111 , 310.146054 , 0.420959885 , -0.419879342 , -0.824067595 , -8022.17878 , 17131.6427 , 427.40356 , 4951.79608 , 14354.0466 , 24885.5437 , 32751.7487 , 49507.0932 , -13339.7684
0.005976 , 22617.1 , 0.753904 , 3e+22 , 911.273 , 1596.42 , -741.463 , 0.506347 , 0.500388 , 0.501052 , -0.0242062416 , -0.0403058696 , 16.7365587 , 105.437524 , 106.681122 , 310.970214 , 0.457861896 , -0.400812862 , -0.8360553 , 19766.8114 , -7250.03102 , 16074.1584 , -2676.18591 , -31314.3443 , -11255.7874 , 20047.8177 , 48808.3216 , -30157.6121
0.005984 , 22626.7 , 0.754225 , 3e+22 , -916.647 , -1074.64 , 1813.83 , 0.500668 , 0.507396 , 0.500355 , -0.0261286836 , -0.0407839615 , 16.7577234 , 105.636313 , 106.841907 , 311.740957 , 0.45625857 , -0.440960503 , -0.837700644 , -5056.01138 , -6991.90541 , 28203.2612 , 599.383038 , 19363.1612 , -22635.7835 , -7082.76827 , -23759.118 , 44543.4869
0.005992 , 22625.5 , 0.754184 , 3e+22 , -1108.29 , -1345.86 , -870.324 , 0.503208 , 0.503296 , 0.501842 , -0.0265921725 , -0.0376456279 , 16.7785643 , 105.830374 , 106.999702 , 312.523989 , 0.450403106 , -0.45419682 , -0.816078068 , 18170.5175 , 5088.42254 , 3504.51693 , 18879.1375 , -7846.4921 , 17937.5949 , -23572.5576 , -19598.0927 , -18298.2279
0.006 , 22620.4 , 0.754012 , 3e+22 , -2420.69 , 2216.17 , 261.687 , 0.504696 , 0.502859 , 0.500407 , -0.024174808 , -0.0367117357 , 16.7986039 , 105.957036 , 107.111739 , 313.254912 , 0.453443106 , -0.374425564 , -0.809144006 , 16867.9156 , -30417.1374 , 7674.99896 , 14107.8804 , 7573.28207 , -10439.0475 , -52205.3749 , 27012.7284 , -2389.10018
0.006008 , 22612.3 , 0.753743 , 3e+22 , -722.031 , 525.209 , 876.687 , 0.507474 , 0.509866 , 0.490136 , -0.0223365956 , -0.0348451589 , 16.8180256 , 106.040732 , 107.233533 , 313.966624 , 0.444345672 , -0.344591752 , -0.753786597 , 11376.3541 , -18894.5694 , -13297.7414 , -6305.72852 , -10005.374 , 10792.3745 , -17193.2112 , 9959.63478 , 19187.5004
0.006016 , 22586.3 , 0.752878 , 3e+22 , 1667.51 , 1765.75 , 2769.66 , 0.497702 , 0.506424 , 0.501552 , -0.0234996806 , -0.037998175 , 16.8351095 , 106.099011 , 107.406196 , 314.57031 , 0.485043283 , -0.374421361 , -0.831126816 , 8904.06503 , 8017.74925 , 26844.7872 , 21749.8963 , -9344.21744 , -11544.9615 , 27451.4306 , 26264.7234 , 45122.8149
0.006024 , 22597.8 , 0.753261 , 3e+22 , 232.305 , 626.42 , -1137.09 , 0.503014 , 0.49867 , 0.504828 , -0.0249573419 , -0.0385782736 , 16.85657 , 106.210074 , 107.519939 , 315.362853 , 0.477509968 , -0.4249792 , -0.852595168 , 9382.23701 , -10741.7696 , 5413.88795 , -42754.0571 , 24155.4468 , 2616.73972 , 5079.21131 , 6592.33784 , -11708.5822
0.006032 , 22592.3 , 0.753077 , 3e+22 , -289.09 , -3491.97 , -588.093 , 0.503277 , 0.501464 , 0.50134 , -0.0275124815 , -0.0390973222 , 16.876046 , 106.353225 , 107.675351 , 316.043777 , 0.462409708 , -0.487874332 , -0.898229054 , 9116.33541 , -26605.0291 , 2931.04305 , 7410.42346 , -5423.00253 , -10527.3873 , 13436.3261 , -62208.5027 , 13913.5715
0.00604 , 22582.9 , 0.752763 , 3e+22 , -1362.67 , -1696.71 , 855.137 , 0.499653 , 0.502629 , 0.503213 , -0.024517349 , -0.0358196368 , 16.8958821 , 106.500625 , 107.74263 , 316.750132 , 0.431494704 , -0.440834678 , -0.797947471 , 1939.07878 , 112.972914 , -12018.0585 , 20377.9569 , 7411.10819 , -14868.0331 , -27104.8008 , -34595.7713 , 21626.4241
0.006048 , 22597.5 , 0.753249 , 3e+22 , 1925.22 , 1476.49 , 2885.86 , 0.506957 , 0.502533 , 0.496927 , -0.023028535 , -0.0347687634 , 16.9181625 , 106.628889 , 107.915127 , 317.498767 , 0.448374851 , -0.39539068 , -0.762354113 , 2973.86941 , 5256.60467 , -3820.19708 , -5321.90837 , 1569.0282 , -241.525888 , 19686.2748 , 18356.7621 , 59002.0655
0.006056 , 22616.3 , 0.753878 , 3e+22 , 1611.58 , 454.534 , -1207.74 , 0.502505 , 0.504776 , 0.500451 , -0.0187685495 , -0.0382799928 , 16.9411513 , 106.712151 , 108.042866 , 318.315907 , 0.424515093 , -0.318661241 , -0.839920463 , -10856.1674 , 2974.47283 , 3030.35195 , -14605.3321 , -25175.1952 , 29110.7147 , 33937.3249 , 22137.2557 , -37208.2875
0.006064 , 22651.5 , 0.755051 , 3e+22 , -95.3571 , -1232.51 , 4017.49 , 0.501885 , 0.504783 , 0.503333 , -0.0207873809 , -0.0423204406 , 16.9649785 , 106.844517 , 108.150159 , 319.161243 , 0.373802025 , -0.358870715 , -0.878164405 , 3741.60902 , -8491.47317 , -6838.2112 , 6389.3955 , 4428.53215 , -23638.3939 , 211.570036 , -32472.198 , 72379.1724
0.006072 , 22629.2 , 0.754308 , 3e+22 , -755.579 , -549.685 , -4047.77 , 0.499486 , 0.504614 , 0.504417 , -0.0187367663 , -0.0425954943 , 16.9827678 , 107.027003 , 108.344969 , 319.771325 , 0.352280342 , -0.339930745 , -0.916932689 , -876.873996 , 6120.25722 , -133.161352 , 2052.50218 , 9364.22712 , 633.971772 , -7991.33572 , 2462.24139 , -70298.2137
0.00608 , 22612.2 , 0.753739 , 3e+22 , -981.304 , -725.853 , -184.483 , 0.503248 , 0.501091 , 0.50313 , -0.0193377355 , -0.0438374159 , 17.0013448 , 107.168186 , 108.526332 , 320.490999 , 0.342089112 , -0.319883705 , -0.956879598 , 5308.19586 , -36375.851 , 23359.0432 , 22085.3888 , -22295.911 , -5321.72889 , 410.364489 , -13502.5978 , 2408.70316
0.006088 , 22616.7 , 0.75389 , 3e+22 , -9.16263 , -1993.53 , -27.4417 , 0.50417 , 0.501174 , 0.502412 , -0.0219037071 , -0.0441600451 , 17.0223323 , 107.295906 , 108.648295 , 321.276757 , 0.33337134 , -0.350907283 , -0.97309341 , 18813.1974 , 21873.6325 , 355.69824 , -25884.3696 , 8386.25176 , -25400.6852 , -8071.70946 , -34867.5978 , -1117.16384
0.006096 , 22615.2 , 0.753839 , 3e+22 , -236.582 , 149.237 , 656.5 , 0.50447 , 0.498086 , 0.505118 , -0.0183404255 , -0.0452474423 , 17.0424899 , 107.361696 , 108.90091 , 321.997065 , 0.327995007 , -0.287485809 , -0.970381995 , 31172.8905 , 42180.8918 , 39016.8932 , -12923.2779 , 12904.618 , -9324.18776 , -22797.3385 , -8862.98704 , 33797.7832
0.006104 , 22616.5 , 0.753884 , 3e+22 , 4158 , -1892.15 , -1034.93 , 0.500035 , 0.503507 , 0.504101 , -0.0172062485 , -0.0482036845 , 17.0628735 , 107.538612 , 109.097345 , 322.770959 , 0.3047742 , -0.231721373 , -1.05692207 , -12177.7308 , -1137.54848 , -2781.90168 , 20661.3823 , -2082.87377 , -9270.34446 , 78900.5284 , -23689.2581 , -30385.4516
0.006112 , 22614.8 , 0.753828 , 3e+22 , -1035.28 , 409.133 , 1298.54 , 0.503943 , 0.504472 , 0.499224 , -0.0209774579 , -0.0483596582 , 17.083075 , 107.708706 , 109.291265 , 323.470203 , 0.308151695 , -0.337731834 , -1.06931948 , 29371.6357 , 2112.78233 , 42855.1764 , 22181.8467 , 5291.00026 , -8357.45733 , -26607.5846 , 2651.01691 , 20751.3969
0.00612 , 22646.8 , 0.754895 , 3e+22 , 1398.02 , 568.037 , 706.396 , 0.504319 , 0.499012 , 0.506442 , -0.02113626 , -0.0462259855 , 17.1069828 , 107.798554 , 109.344864 , 324.354235 , 0.320878481 , -0.393921386 , -1.05773634 , -20028.5174 , -2667.12351 , 7143.88491 , 24931.6234 , 18058.5935 , -30902.7959 , 19635.0007 , 36466.2373 , -1416.66981
0.006128 , 22627.7 , 0.754258 , 3e+22 , 944.462 , 1674.17 , 1204.41 , 0.505225 , 0.499509 , 0.503751 , -0.0180872574 , -0.0430254287 , 17.1258679 , 107.972915 , 109.475845 , 325.027811 , 0.352445267 , -0.305158556 , -1.03353885 , -25211.6276 , -22154.3671 , -16700.4911 , 29312.1305 , -631.323436 , -5976.75286 , 16073.0976 , 14591.9497 , 25057.7221
0.006136 , 22635.2 , 0.754506 , 3e+22 , 137.456 , 1512.55 , 2130.07 , 0.500052 , 0.503029 , 0.505893 , -0.0202724916 , -0.0436968755 , 17.1465493 , 108.103902 , 109.617687 , 325.776953 , 0.368616547 , -0.360775945 , -1.06969497 , 2086.82497 , -16106.6706 , 11016.6997 , -25835.3217 , 4597.7376 , 1581.84837 , 9945.06511 , 48680.9401 , 51142.4645
0.006144 , 22634.7 , 0.754491 , 3e+22 , -400.083 , 891.74 , -1729.15 , 0.50561 , 0.500807 , 0.502542 , -0.0171983118 , -0.039211231 , 17.167153 , 108.197999 , 109.779958 , 326.514695 , 0.401856545 , -0.277945821 , -0.986198296 , 27275.3188 , 22173.5196 , 11128.8409 , 6423.61717 , 32050.8498 , -23146.9865 , -2774.7083 , 16619.8851 , -39740.3941
0.006152 , 22632.5 , 0.754417 , 3e+22 , 1123.86 , -1994.23 , -1234.19 , 0.501458 , 0.50311 , 0.504228 , -0.0198107496 , -0.0353331722 , 17.1866573 , 108.252357 , 109.932414 , 327.202692 , 0.410270409 , -0.309937445 , -0.893081236 , -38253.11 , -25693.6935 , -13362.8245 , -15442.739 , 15221.4161 , -5388.12377 , 43283.5039 , -32623.7792 , -18803.6599
0.00616 , 22625.5 , 0.754183 , 3e+22 , 2527.61 , -2467.03 , -144.679 , 0.500037 , 0.501964 , 0.506294 , -0.0208630617 , -0.0357401769 , 17.2061966 , 108.387029 , 110.095254 , 327.924376 , 0.371910316 , -0.302142602 , -0.89147143 , 14696.8276 , 14646.7311 , -9605.8965 , -11714.9003 , 28583.2097 , -26676.8308 , 50447.8568 , -51835.5022 , -6978.69083
0.006168 , 22625.8 , 0.754192 , 3e+22 , -35.1695 , -1072.54 , -964.384 , 0.500862 , 0.499269 , 0.508241 , -0.021774504 , -0.0336977068 , 17.2261335 , 108.522931 , 110.246345 , 328.693062 , 0.405040258 , -0.343781089 , -0.810955703 , -5777.34447 , -19869.3702 , -7288.45186 , 22257.6553 , -9703.52518 , -20706.9999 , -26138.3609 , -13389.3568 , -12691.4222
0.006176 , 22613.8 , 0.753792 , 3e+22 , 627.678 , -2869.5 , -829.957 , 0.502199 , 0.501909 , 0.503423 , -0.0228978849 , -0.0315495258 , 17.2453277 , 108.691764 , 110.401864 , 329.369413 , 0.454112487 , -0.359878017 , -0.772918137 , -1193.08367 , -12334.5619 , -9232.14479 , -20939.1879 , -36699.9718 , 1653.59907 , -2258.37888 , -59825.248 , -11833.6186
0.006184 , 22605.8 , 0.753527 , 3e+22 , 2248.15 , 3781.82 , 2284.79 , 0.499712 , 0.500176 , 0.507027 , -0.0238841509 , -0.033038649 , 17.2646266 , 108.846985 , 110.588149 , 330.067754 , 0.470235547 , -0.362169419 , -0.829872105 , -2818.75047 , -18818.6813 , 16417.1949 , -9559.49525 , 5855.75492 , -14662.1309 , 41876.3023 , 78370.0781 , 48345.2441
0.006192 , 22572.1 , 0.752402 , 3e+22 , -186.669 , 2144.15 , 754.067 , 0.498809 , 0.509704 , 0.496261 , -0.0230763428 , -0.0293306118 , 17.2809724 , 108.970681 , 110.718904 , 330.682447 , 0.511817573 , -0.338499285 , -0.765803268 , 30743.1457 , 15215.5263 , 29154.4801 , 18256.5195 , -35229.9489 , 14054.0115 , 29566.8913 , 42877.1739 , 22261.5958
0.0062 , 22599.7 , 0.753322 , 3e+22 , -166.5 , -684.188 , 2015.37 , 0.504433 , 0.497016 , 0.505169 , -0.0209426018 , -0.0325226978 , 17.30454 , 109.119364 , 110.873555 , 331.551009 , 0.565715633 , -0.310241293 , -0.787569291 , 6765.53486 , 19159.9891 , 4011.37914 , -30713.893 , 8221.24625 , 23565.9887 , 3595.17881 , -19699.1013 , 23282.1692
0.006208 , 22607.1 , 0.753572 , 3e+22 , 1264.75 , 3525.65 , -1467.46 , 0.501059 , 0.500971 , 0.505021 , -0.022675461 , -0.0362924464 , 17.3254413 , 109.328955 , 111.039358 , 332.311312 , 0.548677069 , -0.280770991 , -0.847382632 , -31728.8905 , -5664.17878 , -8265.71987 , -5404.83139 , 2470.73279 , 15414.2458 , -1265.37759 , 57009.7014 , -28956.5233
0.006216 , 22603.9 , 0.753462 , 3e+22 , -1406.74 , -373.775 , 2172.08 , 0.5013 , 0.501397 , 0.504188 , -0.0232517347 , -0.0362680712 , 17.3451858 , 109.498119 , 111.17396 , 333.040124 , 0.538883856 , -0.232117928 , -0.857604327 , 67940.8815 , -13166.1417 , -2915.41266 , 566.304155 , -8295.53889 , -1493.77246 , -29730.4531 , -13944.8101 , 24369.9548
0.006224 , 22577.8 , 0.752594 , 3e+22 , 2090.04 , -1940.42 , -1947.75 , 0.497869 , 0.506976 , 0.500275 , -0.0264394019 , -0.0358217746 , 17.3623246 , 109.69143 , 111.307082 , 333.664793 , 0.589099052 , -0.254067296 , -0.843144953 , 4576.9278 , 15079.6358 , 14615.3889 , -8270.43068 , 25738.4205 , -21018.5454 , 43095.2844 , -17942.2767 , -55105.8166
0.006232 , 22562.4 , 0.752079 , 3e+22 , 183.923 , -322.682 , -1624.49 , 0.499734 , 0.500966 , 0.503443 , -0.0239565747 , -0.035154303 , 17.3808069 , 109.785239 , 111.44227 , 334.36596 , 0.616494675 , -0.216984087 , -0.815108485 , 29808.7758 , 5747.31884 , -10489.7453 , -5203.58975 , -6103.38153 , -8877.63881 , 14151.8005 , 4945.23536 , -41834.0275
0.00624 , 22549.9 , 0.751662 , 3e+22 , 1737.77 , 997.505 , 956.02 , 0.497646 , 0.502676 , 0.502974 , -0.0224531096 , -0.0357750728 , 17.3999688 , 109.932194 , 111.492909 , 335.048748 , 0.656894667 , -0.197039555 , -0.805546081 , 26543.8161 , -12177.124 , 25349.6163 , 23640.0871 , 8796.70188 , 2478.89658 , 46253.0244 , -3547.25461 , 3930.53991
0.006248 , 22534.1 , 0.751138 , 3e+22 , -1863.08 , 608.145 , -2640.93 , 0.495913 , 0.504006 , 0.502296 , -0.0233312781 , -0.0349893271 , 17.4186714 , 110.08523 , 111.684131 , 335.701564 , 0.611287799 , -0.202204711 , -0.826228436 , 271.207727 , 16764.3711 , 18089.5054 , -9426.33904 , 14902.8274 , -4538.03519 , -34794.9441 , 10226.551 , -52504.018
0.006256 , 22550.5 , 0.751683 , 3e+22 , -109.879 , -4248.18 , 909.117 , 0.501726 , 0.5027 , 0.498833 , -0.0194944182 , -0.0348196695 , 17.4404576 , 110.251072 , 111.849254 , 336.51324 , 0.629734348 , -0.128264101 , -0.795172083 , 29668.7944 , -12812.5212 , -20613.896 , 19871.8116 , 20925.3433 , 12505.442 , 11531.5024 , -69140.3191 , 6980.29059
0.006264 , 22570.1 , 0.752338 , 3e+22 , -446.041 , 942.52 , -2681.98 , 0.501604 , 0.501241 , 0.501784 , -0.0187353209 , -0.0373102686 , 17.4628913 , 110.291596 , 111.956213 , 337.298325 , 0.59204049 , -0.0992293863 , -0.828901572 , -15460.8602 , 9746.42408 , 9661.56375 , 8420.87088 , -11647.0697 , 33879.4414 , -8463.10117 , 10828.5797 , -55507.4018
0.006272 , 22564.5 , 0.752151 , 3e+22 , 679.702 , 288.115 , -626.175 , 0.505585 , 0.499116 , 0.499596 , -0.0159746204 , -0.0385034297 , 17.4826424 , 110.437413 , 112.060396 , 337.9939 , 0.61357971 , -0.0694520367 , -0.829435183 , 17741.7147 , -17763.7934 , -29699.4935 , -4190.01106 , -28080.0286 , 25369.9153 , 19016.772 , -12022.6458 , -9352.09544
0.00628 , 22589.1 , 0.752969 , 3e+22 , -429.523 , -348.668 , -1122.3 , 0.500991 , 0.500284 , 0.504654 , -0.0179637729 , -0.0382034848 , 17.5055348 , 110.668817 , 112.117688 , 338.85917 , 0.589974284 , -0.0927660719 , -0.799221147 , -17137.7367 , 2899.35291 , 22277.3881 , 11726.9939 , -5573.06026 , -1176.17098 , -15307.5521 , -2210.60576 , -10127.0048
0.006288 , 22603.6 , 0.753452 , 3e+22 , 1807.43 , -1388.02 , 1962.98 , 0.501846 , 0.501427 , 0.503579 , -0.0183642728 , -0.0409155003 , 17.5272383 , 110.752117 , 112.29267 , 339.689765 , 0.622438759 , -0.0905046651 , -0.851937696 , -1186.50212 , 27945.8481 , -3550.03043 , -967.388338 , 22471.8483 , 6634.54252 , 52500.8817 , -38078.9854 , 50129.0805
0.006296 , 22592.9 , 0.753097 , 3e+22 , -2808.3 , 356.041 , -1439.14 , 0.501715 , 0.503414 , 0.501008 , -0.0156707585 , -0.0401804938 , 17.5459241 , 110.896376 , 112.340666 , 340.400735 , 0.680608717 , -0.0207867731 , -0.840372092 , 34995.4836 , -10603.757 , 10098.5434 , -16474.7494 , -8430.98623 , 30894.0711 , -59068.3217 , -341.256032 , -27534.6017
0.006304 , 22581.9 , 0.752729 , 3e+22 , 377.295 , 565.808 , 891.849 , 0.494765 , 0.50925 , 0.501436 , -0.0193099432 , -0.0379731091 , 17.564805 , 111.045004 , 112.465933 , 341.111155 , 0.686315503 , -0.129789887 , -0.802118868 , 8228.40231 , 6996.16553 , 8044.96769 , -4759.16164 , 431.760938 , 7176.62351 , 15671.1685 , 23740.466 , 21133.8445
0.006312 , 22548 , 0.751601 , 3e+22 , 1073.93 , -581.285 , 2811.53 , 0.498746 , 0.499972 , 0.504431 , -0.0192477907 , -0.0404225545 , 17.5809415 , 111.14064 , 112.563209 , 341.723106 , 0.714531442 , -0.123167342 , -0.817655272 , 4886.05395 , 30162.303 , 13337.9498 , -30558.6621 , -13958.1562 , -16373.2137 , 5507.7335 , -11820.4172 , 59903.2225
0.00632 , 22532.1 , 0.75107 , 3e+22 , -378.706 , 332.316 , -1803.29 , 0.500746 , 0.500492 , 0.500881 , -0.0187862943 , -0.0344717091 , 17.5985354 , 111.222996 , 112.726164 , 342.439607 , 0.714887127 , -0.113314223 , -0.688443442 , -13660.89 , 3474.06222 , -26876.3635 , 2886.87877 , -13177.4784 , -38767.9082 , -6849.38442 , 7156.38343 , -36956.6133
0.006328 , 22523.3 , 0.750777 , 3e+22 , -174.369 , -101.907 , -395.64 , 0.495588 , 0.502438 , 0.503526 , -0.0179342527 , -0.035330205 , 17.618165 , 111.337697 , 112.861614 , 343.205572 , 0.781595634 , -0.140687509 , -0.703500499 , -18322.0028 , -7289.99057 , -9600.22036 , 395.618554 , 5079.4725 , -2700.14943 , -6859.20806 , 8834.45349 , -12032.1424
0.006336 , 22477.9 , 0.749264 , 3e+22 , -676.433 , 2071.97 , 4079.35 , 0.502105 , 0.498756 , 0.497546 , -0.0191649415 , -0.0404774402 , 17.633048 , 111.418565 , 113.010299 , 343.768427 , 0.803595356 , -0.153034813 , -0.780967439 , -1691.61857 , -4188.29166 , -22166.4679 , -3408.9643 , -18125.7495 , -16198.8481 , -5499.46692 , 38626.5221 , 66620.4942
0.006344 , 22491 , 0.749701 , 3e+22 , 995.26 , -1353.77 , 1449.63 , 0.501071 , 0.497484 , 0.500818 , -0.016854433 , -0.045455047 , 17.6549116 , 111.565809 , 113.104011 , 344.571728 , 0.756015962 , -0.0902781218 , -0.904712853 , -11689.6307 , -30648.8832 , -4485.92143 , 20713.7614 , 30170.0621 , -343.962678 , 24599.793 , -33223.7908 , 23044.5206
0.006352 , 22456.1 , 0.748536 , 3e+22 , 1524.69 , -483.748 , -815.739 , 0.494293 , 0.504329 , 0.498431 , -0.0151892205 , -0.0453978231 , 17.671006 , 111.707842 , 113.217856 , 345.221922 , 0.72682692 , -0.0305535523 , -0.848112867 , -34602.4934 , 7735.13159 , 17031.4019 , -2067.50839 , -9004.68616 , -25566.1479 , 26980.7044 , -23336.0681 , -17732.2352
0.00636 , 22446.7 , 0.748225 , 3e+22 , 764.952 , -269.394 , 502.914 , 0.498205 , 0.499779 , 0.49846 , -0.011915655 , -0.0450261671 , 17.690169 , 111.870129 , 113.440546 , 345.92544 , 0.734492415 , 0.0509227034 , -0.847429866 , 18772.6936 , -22934.5448 , -10245.2846 , -39670.5042 , 32628.6441 , 44892.3716 , 20847.288 , 828.425078 , 3756.88664
0.006368 , 22444.7 , 0.748156 , 3e+22 , -1319.52 , 2177.12 , -7.89722 , 0.495368 , 0.498319 , 0.502587 , -0.0119640686 , -0.0432585031 , 17.7099026 , 111.998776 , 113.623043 , 346.681549 , 0.691747782 , 0.037298929 , -0.869718118 , 4413.99034 , -4948.44506 , -16271.8187 , 7009.89691 , 13821.3225 , 5715.93132 , -18895.3393 , 38550.7597 , -10654.3369
0.006376 , 22451.4 , 0.748381 , 3e+22 , -2766.4 , -1411.82 , 854.995 , 0.495349 , 0.502486 , 0.498868 , -0.0143846539 , -0.0430439496 , 17.7307402 , 112.171352 , 113.723092 , 347.434283 , 0.692695022 , -0.00926108086 , -0.856209948 , 31435.3894 , -1127.44436 , 13499.749 , 5696.08284 , -5844.88848 , 25623.959 , -40541.5998 , -14246.9295 , 1584.78778
0.006384 , 22466.2 , 0.748873 , 3e+22 , -149.21 , 2106.41 , -1245.6 , 0.497697 , 0.499901 , 0.500113 , -0.0164967778 , -0.042639412 , 17.7526119 , 112.269076 , 113.848416 , 348.256319 , 0.711224275 , -0.0505198914 , -0.855439394 , 6517.45312 , 26266.1935 , -13668.818 , 1699.42553 , 18074.0456 , 5514.11983 , -5603.28656 , 49847.4082 , -43986.7549
0.006392 , 22440.6 , 0.74802 , 3e+22 , 846.901 , -875.185 , 759.717 , 0.496907 , 0.500138 , 0.498983 , -0.0199218591 , -0.0420283066 , 17.7699409 , 112.452155 , 113.9839 , 348.963178 , 0.70993546 , -0.0679473728 , -0.820396414 , -22174.3712 , 21783.6978 , -4872.29951 , -29178.9767 , 8308.31727 , 21116.633 , 8515.51867 , -10369.6558 , 20164.0737
0.0064 , 22463.4 , 0.748778 , 3e+22 , 2459.92 , -2177.76 , 479.583 , 0.498558 , 0.496167 , 0.502769 , -0.0207422107 , -0.0417459407 , 17.7920071 , 112.552258 , 114.125807 , 349.758052 , 0.656158461 , -0.0941775852 , -0.793595239 , -4624.39845 , -5963.21159 , -11777.2864 , 25446.7832 , -19263.9074 , 7780.14889 , 46448.6074 , -54252.8547 , 9472.14541
0.006408 , 22483.8 , 0.74946 , 3e+22 , 89.3305 , 3522.88 , 1486.98 , 0.498346 , 0.494815 , 0.505676 , -0.0189902903 , -0.0434295827 , 17.8142149 , 112.725669 , 114.285833 , 350.603789 , 0.668175415 , -0.0959544906 , -0.801621123 , -794.660676 , -2648.86396 , -31587.1123 , -19204.4374 , -4828.61132 , 22333.1235 , 5519.63384 , 69842.26 , 50771.6764
0.006416 , 22523.5 , 0.750783 , 3e+22 , 634.689 , -1424.82 , -1640.74 , 0.501405 , 0.497582 , 0.50255 , -0.0204578381 , -0.0453884067 , 17.8387837 , 112.922747 , 114.426815 , 351.492233 , 0.679810976 , -0.114542913 , -0.802845833 , 15065.2722 , -20939.2853 , 25686.4697 , -4192.5641 , 14215.0641 , -38192.3759 , -9218.84422 , -22712.7785 , -33455.8977
0.006424 , 22493.3 , 0.749776 , 3e+22 , -345.67 , -1134.18 , 398.617 , 0.503229 , 0.502743 , 0.493571 , -0.0212629391 , -0.0460306525 , 17.8555109 , 113.101323 , 114.606889 , 352.145161 , 0.672133279 , -0.126059643 , -0.821654003 , 2215.99986 , -4158.69574 , -30209.5177 , 25719.9966 , 22135.5379 , -9454.73902 , -7294.82249 , -24940.2465 , 10478.1416
0.006432 , 22502.8 , 0.750092 , 3e+22 , 567.901 , -337.457 , -827.127 , 0.500546 , 0.502973 , 0.49666 , -0.0194559012 , -0.0446877118 , 17.8767041 , 113.276597 , 114.732688 , 352.969445 , 0.711724283 , -0.100630229 , -0.790017321 , -10461.6674 , -7479.02209 , 9330.11027 , -23260.0286 , -1247.33617 , 13219.9723 , -529.816079 , -4030.53908 , -30296.1158
0.00644 , 22538.8 , 0.751292 , 3e+22 , 268.714 , 1303.66 , -1284.46 , 0.498552 , 0.501488 , 0.502524 , -0.0167639371 , -0.0449598664 , 17.9005316 , 113.433513 , 114.841708 , 353.856712 , 0.673976448 , -0.0503080525 , -0.830091186 , -1582.00178 , 13266.1396 , 6228.95311 , 17855.125 , -1309.6121 , -37171.1539 , 8935.02229 , 16150.0092 , -34184.7539
0.006448 , 22571.7 , 0.752391 , 3e+22 , 1069.61 , -2513.46 , 1503.92 , 0.504182 , 0.498906 , 0.501639 , -0.0171085107 , -0.0459358723 , 17.9243759 , 113.566469 , 115.018029 , 354.722741 , 0.702833143 , -0.0851903703 , -0.845932274 , -16812.6442 , -29635.3624 , -23001.9787 , -27565.1958 , 8944.18934 , 403.32032 , 12944.3166 , -27521.2968 , 46216.7905
0.006456 , 22566.1 , 0.752203 , 3e+22 , 1539.91 , -795.448 , -2253.02 , 0.499313 , 0.504037 , 0.50101 , -0.0152821024 , -0.0467271073 , 17.9437901 , 113.649525 , 115.215886 , 355.477015 , 0.651343933 , -0.0995353579 , -0.855247306 , -1839.46241 , 9624.07481 , 3974.62627 , 51567.4106 , -10475.5754 , -35705.4576 , 22368.2323 , -7070.48475 , -39159.3744
0.006464 , 22534.4 , 0.751146 , 3e+22 , -1309.07 , 599.664 , 1495.47 , 0.503271 , 0.502016 , 0.496981 , -0.0158031403 , -0.0485748688 , 17.9599232 , 113.724553 , 115.370015 , 356.172384 , 0.619040347 , -0.133171734 , -0.858282495 , 278.662003 , 39884.0677 , 16646.3793 , -12165.2624 , -9258.59357 , 37197.9857 , -16530.8616 , 13810.245 , 27931.8188
0.006472 , 22563.2 , 0.752108 , 3e+22 , 481.367 , 1285 , 1491.83 , 0.502651 , 0.499574 , 0.501967 , -0.0148169846 , -0.0516341097 , 17.9832595 , 113.873581 , 115.514342 , 357.026774 , 0.652483718 , -0.10306289 , -0.906828105 , 23210.4849 , 45397.0411 , -12720.0869 , -6688.65098 , -1241.93275 , -19127.8219 , 10243.5086 , 35932.9826 , 11305.9059
0.00648 , 22569.3 , 0.752311 , 3e+22 , -86.0986 , 464.278 , 421.201 , 0.507666 , 0.496507 , 0.500445 , -0.0125198509 , -0.0505927723 , 18.0038041 , 113.984976 , 115.615811 , 357.825989 , 0.667990588 , -0.0681271662 , -0.915575849 , 3720.82156 , -3475.80738 , 2134.32231 , 17752.1996 , 25822.3407 , -39017.8629 , -3382.65929 , 21478.5711 , 11418.4717
0.006488 , 22552.5 , 0.751749 , 3e+22 , -186.285 , -1837.06 , -334.297 , 0.504609 , 0.497949 , 0.500919 , -0.0154270714 , -0.0446992059 , 18.0220808 , 114.144951 , 115.795686 , 358.548922 , 0.691064364 , -0.123214812 , -0.81914726 , 16928.9627 , 10620.7654 , -25795.0661 , -33103.3729 , 5192.12582 , 9219.99997 , -15214.304 , -42016.1314 , -20498.9086
0.006496 , 22555.1 , 0.751838 , 3e+22 , 535.138 , -936.13 , -1361.15 , 0.501602 , 0.502265 , 0.499792 , -0.0142846535 , -0.0472117727 , 18.0431527 , 114.26391 , 115.96306 , 359.329171 , 0.704640547 , -0.0872343278 , -0.891957765 , -10133.1334 , 39925.8841 , 9032.77939 , 5927.299 , -12900.0545 , 10002.797 , 20717.7854 , 4625.83256 , -21297.0813
0.006504 , 22525 , 0.750835 , 3e+22 , -1048.82 , -482.641 , -1340.76 , 0.503487 , 0.503272 , 0.494892 , -0.0145350881 , -0.0471245668 , 18.060502 , 114.374784 , 116.071452 , 359.967554 , 0.71666467 , -0.0650925185 , -0.868881894 , 8950.90047 , 8736.0784 , -16339.8293 , -23738.288 , -12632.4759 , 2507.54517 , -26821.7299 , -10120.0994 , -21993.1409
0.006512 , 22530.7 , 0.751022 , 3e+22 , -1749.41 , -1376.54 , -1916.49 , 0.504292 , 0.498029 , 0.499675 , -0.014565848 , -0.0499574897 , 18.0815942 , 114.45526 , 116.140326 , 360.788872 , 0.69597665 , -0.0406497354 , -0.937796757 , 8013.91765 , -13866.9225 , -21570.8171 , -19301.9309 , 15080.5849 , 19501.4657 , -52359.8086 , -40871.3622 , -31842.9821
0.00652 , 22533.6 , 0.751119 , 3e+22 , -432.257 , -1013.29 , -967.354 , 0.50137 , 0.500721 , 0.500134 , -0.0102326442 , -0.0524409931 , 18.102071 , 114.63119 , 116.362501 , 361.520296 , 0.716601957 , 0.0353457943 , -1.00647227 , -33534.6256 , -17905.7216 , -16583.5255 , -15267.4519 , 611.269843 , 7181.14987 , -26936.4989 , -24328.4709 , -26556.5887
0.006528 , 22553.9 , 0.751796 , 3e+22 , -2463.47 , -199.596 , 1593.62 , 0.496325 , 0.50348 , 0.503738 , -0.0132765836 , -0.0509584902 , 18.1240619 , 114.804542 , 116.522502 , 362.362633 , 0.686157518 , -0.0331107905 , -1.0094718 , 19964.7595 , -18440.8214 , -25849.3881 , 1924.38115 , 779.767322 , -7051.6063 , -46866.555 , 6551.45207 , 51102.3909
0.006536 , 22557.9 , 0.75193 , 3e+22 , -1477.27 , -3347.24 , 1682.86 , 0.501613 , 0.49641 , 0.505745 , -0.0149645734 , -0.0501119021 , 18.1449284 , 114.966921 , 116.678425 , 363.21345 , 0.670251267 , -0.0716783242 , -0.964422616 , 2206.19765 , -5300.42543 , -26542.1516 , 77.7197209 , 4050.23045 , 2806.70854 , -23685.4867 , -74292.3066 , 43677.78
0.006544 , 22563.3 , 0.75211 , 3e+22 , -782.163 , -1524.94 , -3616.8 , 0.502877 , 0.503551 , 0.497702 , -0.0161005334 , -0.0488807981 , 18.1659076 , 115.170395 , 116.837147 , 364.01495 , 0.688843984 , -0.100785374 , -0.956173906 , 6467.98749 , 25477.9092 , 6312.79599 , -3840.61345 , 28950.0644 , 5157.63422 , -24290.7932 , -34545.5926 , -67177.66
0.006552 , 22545.8 , 0.751525 , 3e+22 , 653.73 , 1025.6 , 2903.94 , 0.501725 , 0.496705 , 0.504564 , -0.0165912082 , -0.0487206499 , 18.1844579 , 115.280645 , 117.024754 , 364.701947 , 0.685362962 , -0.113185362 , -0.975121396 , 15229.7348 , 10638.1141 , 8477.16441 , -20674.3959 , 6544.82424 , -14384.5704 , 1652.5271 , 31811.701 , 65182.7906
0.00656 , 22528.3 , 0.750945 , 3e+22 , 695.425 , -352.958 , 1833.93 , 0.500449 , 0.502817 , 0.498602 , -0.0171281222 , -0.0475141457 , 18.2030875 , 115.40474 , 117.165725 , 365.393205 , 0.710460868 , -0.126430177 , -0.999120856 , 54561.793 , 8950.55513 , -17223.2782 , -19182.0995 , -5939.10263 , 13117.4779 , 27815.6593 , -13954.7091 , 45604.1992
0.006568 , 22513.8 , 0.75046 , 3e+22 , -326.243 , 1328.95 , 1266.24 , 0.500332 , 0.502603 , 0.497965 , -0.0182618314 , -0.0487355529 , 18.2218061 , 115.602581 , 117.380681 , 366.150278 , 0.700328226 , -0.139373767 , -1.00805156 , -34697.19 , -19017.9499 , 6053.52062 , -28485.7181 , 8492.82488 , 14310.8048 , 4773.65244 , 31168.0847 , 24806.8424
0.006576 , 22527.1 , 0.750904 , 3e+22 , -1886.91 , -17.8519 , 2373.37 , 0.501373 , 0.499551 , 0.500831 , -0.0186833388 , -0.0518711022 , 18.2441305 , 115.745062 , 117.53245 , 367.022724 , 0.723907143 , -0.15497333 , -1.03268017 , -36672.4481 , 740.579176 , -35664.7997 , 4569.1554 , -9843.72624 , -14799.8243 , -35646.5245 , -6220.56142 , 41135.1031
0.006584 , 22536.7 , 0.751224 , 3e+22 , -138.648 , -625.871 , 914.404 , 0.497975 , 0.504764 , 0.499702 , -0.0171541593 , -0.0501186901 , 18.2658477 , 115.797463 , 117.661916 , 367.855301 , 0.745061428 , -0.172125547 , -1.02360161 , 12920.3772 , 34457.4153 , -11261.8795 , -19707.0564 , -14369.7254 , -15488.1632 , -1744.62664 , -8213.99341 , 7842.02022
0.006592 , 22553.5 , 0.751783 , 3e+22 , 2663.84 , 517.594 , -593.437 , 0.499544 , 0.499483 , 0.504496 , -0.0164518773 , -0.0507874584 , 18.2883078 , 115.983336 , 117.799084 , 368.723382 , 0.701164883 , -0.15821003 , -1.02904116 , 5093.16814 , 9888.66729 , -30679.2985 , 13138.1219 , -19089.2709 , 3582.02186 , 38141.7384 , 13165.924 , -7483.4583
0.0066 , 22553.6 , 0.751788 , 3e+22 , -687.244 , -2125.67 , 967.235 , 0.497521 , 0.506424 , 0.499598 , -0.015304477 , -0.0532948642 , 18.3089034 , 116.181787 , 117.99083 , 369.513507 , 0.654765658 , -0.130639274 , -1.08569909 , -8615.8362 , 23534.3577 , -2744.70707 , -46235.4135 , 8142.55834 , -1252.71128 , -15042.781 , -54348.6159 , 4218.09713
0.006608 , 22539.5 , 0.751318 , 3e+22 , -901.976 , -1766.7 , -1659.48 , 0.506117 , 0.49976 , 0.496721 , -0.0181176943 , -0.0531940011 , 18.3285757 , 116.251643 , 118.085664 , 370.246225 , 0.68484569 , -0.211739089 , -1.0866559 , 5393.16295 , 4524.59949 , 2560.15771 , 11118.5756 , 45500.0249 , 5292.80118 , -15119.494 , -18884.8733 , -16522.9537
0.006616 , 22519.3 , 0.750645 , 3e+22 , 1327.86 , 1523.11 , -2161.52 , 0.502297 , 0.497011 , 0.501932 , -0.0190837269 , -0.0510699276 , 18.3469929 , 116.399743 , 118.263032 , 370.966274 , 0.66127337 , -0.18188247 , -1.05200781 , -5713.92811 , -3444.56352 , -6001.98103 , -46.3400343 , -23022.1884 , 8899.12632 , 25868.1669 , 26871.8273 , -30890.1926
0.006624 , 22496.5 , 0.749883 , 3e+22 , -50.7206 , 3811.51 , 514.675 , 0.498792 , 0.502725 , 0.498166 , -0.0182145094 , -0.0468553104 , 18.3646018 , 116.537081 , 118.37688 , 371.646313 , 0.610431539 , -0.208626089 , -0.98293996 , 1178.9224 , 28271.317 , -10396.5707 , 21392.1952 , -24230.8176 , -18785.9069 , 687.713757 , 73768.3613 , 10075.9482
0.006632 , 22525.2 , 0.750841 , 3e+22 , 259.442 , -3530 , 2471.95 , 0.50222 , 0.499696 , 0.499659 , -0.0189928714 , -0.0448954298 , 18.3876788 , 116.657711 , 118.444265 , 372.553722 , 0.600135768 , -0.234137154 , -0.942263493 , 31037.2495 , 6503.32678 , 25694.3458 , 9154.94549 , 4923.43378 , 13337.0463 , -2020.90683 , -55913.9192 , 57353.0415
0.00664 , 22546.2 , 0.751541 , 3e+22 , 443.363 , 1844.66 , 1018.4 , 0.501791 , 0.497134 , 0.504129 , -0.0196445145 , -0.0469693289 , 18.4102301 , 116.796206 , 118.486662 , 373.418634 , 0.619185867 , -0.266190548 , -0.944400581 , 1613.74897 , -25080.124 , 10688.6269 , 10536.2182 , -12719.0212 , -6701.80185 , 19419.7803 , 30982.9264 , 35595.0663
0.006648 , 22542.5 , 0.751417 , 3e+22 , 2154.82 , -483.603 , -746.29 , 0.501977 , 0.499772 , 0.501055 , -0.0180475199 , -0.0458881852 , 18.4304251 , 116.892571 , 118.628172 , 374.218168 , 0.610110768 , -0.232815282 , -0.903153024 , 7736.45381 , -20315.4177 , 733.107388 , -12253.3118 , -24175.3344 , -19752.3665 , 38540.54 , -6487.87193 , -14009.2311
0.006656 , 22562.3 , 0.752077 , 3e+22 , -3456.44 , -1794.89 , -1581.49 , 0.498588 , 0.501134 , 0.504332 , -0.0181320938 , -0.0433677195 , 18.4530233 , 117.035426 , 118.759545 , 375.074708 , 0.649814959 , -0.194572118 , -0.81116269 , -17918.0663 , 20888.8458 , -36925.9299 , -12763.4103 , -16954.435 , -37329.6957 , -68166.0773 , -34605.0085 , -38224.0378
0.006664 , 22540.3 , 0.751345 , 3e+22 , -1187.02 , 736.474 , 2995.72 , 0.503721 , 0.503625 , 0.495282 , -0.0200588004 , -0.0421743574 , 18.4711665 , 117.126199 , 119.009404 , 375.833388 , 0.674862156 , -0.254232631 , -0.783392022 , 24182.8545 , 16425.7259 , -10817.0644 , -31135.4059 , 9650.18587 , 22567.177 , -21546.6517 , 10274.2156 , 61687.9896
0.006672 , 22561.1 , 0.752036 , 3e+22 , -4550.6 , 1152.77 , -2967.76 , 0.505942 , 0.502345 , 0.49561 , -0.0206609422 , -0.0425316918 , 18.4937068 , 117.286372 , 119.096329 , 376.714308 , 0.673478495 , -0.292304881 , -0.767235124 , -33757.692 , 3676.36519 , 14870.8269 , 21398.1818 , -32807.2832 , -15685.0897 , -95752.6619 , 30472.9103 , -57869.0656
0.00668 , 22550.7 , 0.751689 , 3e+22 , 1757.46 , 1179.23 , -2118.6 , 0.503531 , 0.500851 , 0.498945 , -0.0210110944 , -0.0420509203 , 18.5130583 , 117.456712 , 119.232452 , 377.49711 , 0.638613726 , -0.263816527 , -0.775027302 , 25417.1485 , -28714.4541 , 17397.8384 , 24251.2659 , -15397.1149 , -6056.31157 , 35790.9117 , 39336.6224 , -39400.2291
0.006688 , 22528.5 , 0.75095 , 3e+22 , 1195.58 , -682.785 , 3779.54 , 0.495551 , 0.501137 , 0.505121 , -0.0223468823 , -0.0395597987 , 18.5309893 , 117.717044 , 119.34126 , 378.197052 , 0.586937343 , -0.285259103 , -0.728459368 , 32692.0802 , -17755.4661 , -33435.5379 , -6755.75345 , 23827.8154 , -12875.228 , 29782.0708 , -5181.30946 , 66294.5461
0.006696 , 22539 , 0.751299 , 3e+22 , 1819.16 , 2983.05 , 38.7469 , 0.506047 , 0.500856 , 0.495627 , -0.0217167243 , -0.0366389175 , 18.5529335 , 117.831708 , 119.459316 , 379.036283 , 0.616703272 , -0.302014838 , -0.726744489 , -38199.6272 , -27513.2886 , -19535.9361 , 3841.17643 , -8027.08024 , -42962.5654 , 40904.5804 , 40117.0829 , -8974.48257
0.006704 , 22544 , 0.751468 , 3e+22 , 64.5832 , 2150.58 , -551.251 , 0.503825 , 0.501215 , 0.497868 , -0.0205381975 , -0.0387260185 , 18.5734191 , 118.022253 , 119.603208 , 379.778282 , 0.621318679 , -0.247667134 , -0.793039351 , 10896.6315 , -22065.5847 , 189.830762 , 16198.4566 , 3226.23496 , 7670.9594 , 7271.87777 , 27753.9172 , -23042.2641
0.006712 , 22547.9 , 0.751598 , 3e+22 , -148.832 , -1044.82 , 114.493 , 0.502887 , 0.501893 , 0.49841 , -0.0225684008 , -0.0363354139 , 18.5939665 , 118.170425 , 119.710029 , 380.561718 , 0.590228647 , -0.24293168 , -0.766924574 , 24971.9779 , -28943.8217 , 319.015416 , -26429.2556 , 9860.54905 , -24232.2755 , 11878.5226 , -29840.3912 , -4910.97691
0.00672 , 22552.3 , 0.751745 , 3e+22 , -40.1682 , 334.853 , -44.0592 , 0.498043 , 0.504007 , 0.501439 , -0.0232556419 , -0.035943134 , 18.6143087 , 118.334318 , 119.880582 , 381.329391 , 0.592186469 , -0.239978752 , -0.734014067 , 45429.9292 , -10657.1611 , 8715.79596 , 7396.49394 , 20761.7265 , 3885.98068 , -5386.90194 , 8734.21713 , 1861.42497
0.006728 , 22562.6 , 0.752088 , 3e+22 , 1122.62 , 824.152 , 2453.65 , 0.499208 , 0.499486 , 0.505436 , -0.0225497052 , -0.035182677 , 18.6350439 , 118.524138 , 120.098669 , 382.148003 , 0.575190919 , -0.218344972 , -0.696421298 , 14372.83 , -8766.12254 , 12843.1387 , 22554.3045 , 41125.1664 , 9219.21165 , 9013.01824 , 21386.0841 , 56172.3851
0.006736 , 22554.8 , 0.751826 , 3e+22 , 536.082 , 1823.9 , 1020.68 , 0.501079 , 0.502151 , 0.500395 , -0.0206121355 , -0.0342512154 , 18.6545787 , 118.661942 , 120.252899 , 382.898988 , 0.574347175 , -0.201762814 , -0.697256711 , 27809.9203 , 10747.6448 , 21175.4142 , -2157.56476 , -1599.14582 , -14568.8033 , 15222.5909 , 36879.1879 , 10285.2632
0.006744 , 22546.2 , 0.751539 , 3e+22 , 1948.67 , 3102.16 , -3690.31 , 0.505042 , 0.500111 , 0.497773 , -0.0205455205 , -0.0340906264 , 18.6734225 , 118.895094 , 120.488343 , 383.605542 , 0.654630057 , -0.188137623 , -0.676552745 , -17555.6716 , -27916.4282 , 2895.94757 , -41134.3279 , -18622.6736 , 16118.5328 , 43556.6745 , 56779.4932 , -67288.9542
0.006752 , 22527.5 , 0.750916 , 3e+22 , 995.729 , -36.8448 , 18.0436 , 0.503488 , 0.49941 , 0.498928 , -0.0229757049 , -0.0307174506 , 18.6909481 , 119.037431 , 120.597962 , 384.302815 , 0.611099135 , -0.280437292 , -0.627368822 , 9358.12816 , 8814.77169 , -15692.5631 , -18687.1221 , 8644.48483 , -10439.6381 , 5461.01906 , -8831.07307 , -9083.06459
0.00676 , 22532.7 , 0.75109 , 3e+22 , -1354.28 , 1710.35 , 1990.59 , 0.502008 , 0.503244 , 0.496879 , -0.0239110549 , -0.0314197757 , 18.7112307 , 119.1434 , 120.806757 , 385.090328 , 0.670286191 , -0.273951329 , -0.611107801 , 13175.2293 , 22043.7822 , -27981.1403 , -26795.8994 , 6702.53253 , -1148.7055 , -2625.45941 , 32154.7158 , 42792.3655
0.006768 , 22557.9 , 0.75193 , 3e+22 , -2932.07 , 1903.54 , 1301.04 , 0.503154 , 0.502185 , 0.498442 , -0.0261700028 , -0.0321084705 , 18.7339578 , 119.261693 , 120.896555 , 385.909226 , 0.638998476 , -0.347464401 , -0.616090697 , 9268.24321 , -6908.57118 , 195.314419 , 6237.29759 , -15256.0617 , -39813.3211 , -55134.1277 , 50981.9603 , 29962.3612
0.006776 , 22558.5 , 0.751951 , 3e+22 , 1851.3 , 992.707 , 3371.32 , 0.502108 , 0.495188 , 0.506515 , -0.0268019704 , -0.0351440745 , 18.7536501 , 119.438827 , 121.007732 , 386.659809 , 0.645992442 , -0.35763086 , -0.718133066 , -24995.0447 , 2746.95529 , 14675.7364 , -5695.46978 , -31377.7412 , 13921.668 , 27072.3747 , 30659.625 , 72979.2676
0.006784 , 22552.3 , 0.751744 , 3e+22 , 1698.23 , -2645.66 , 31.5831 , 0.501731 , 0.502484 , 0.499218 , -0.0260448488 , -0.0339882736 , 18.7734351 , 119.555157 , 121.096405 , 387.453373 , 0.663572898 , -0.326293056 , -0.684816741 , 26114.5329 , -17549.7937 , -3366.65747 , 4104.021 , 8585.88608 , -20065.7115 , 46773.1661 , -47095.7544 , 2928.90565
0.006792 , 22568.3 , 0.752275 , 3e+22 , 2725.88 , 295.952 , -822.057 , 0.498213 , 0.502472 , 0.503819 , -0.0260469234 , -0.0335322853 , 18.7962274 , 119.739214 , 121.231513 , 388.350811 , 0.721314357 , -0.312640892 , -0.678823023 , -3615.87378 , 14103.3701 , 8443.92223 , 17010.0217 , 2249.41803 , 19776.9019 , 47696.1502 , -867.302809 , -8711.34579
0.0068 , 22556 , 0.751865 , 3e+22 , -643.84 , 1767.32 , -308.764 , 0.50538 , 0.500191 , 0.498139 , -0.0225077312 , -0.0320097875 , 18.8154989 , 119.883333 , 121.382929 , 389.091051 , 0.716091062 , -0.275754152 , -0.725540323 , 23768.3962 , 5470.97742 , 13529.6084 , -29630.035 , -9930.7059 , -1524.81848 , -1329.18374 , 23187.4569 , -12631.9694
0.006808 , 22579.1 , 0.752638 , 3e+22 , 1089.36 , -849.689 , 1565.05 , 0.502012 , 0.499727 , 0.503513 , -0.0186829989 , -0.0281744773 , 18.8393164 , 119.990372 , 121.478817 , 390.017323 , 0.693051207 , -0.229699081 , -0.637454992 , 32420.2439 , 184.793459 , 20530.6876 , -15806.0493 , -44742.0095 , -29773.3658 , 34724.9438 , -24161.1136 , 29781.0013
0.006816 , 22544.1 , 0.75147 , 3e+22 , 598.955 , 2439.21 , 573.726 , 0.502007 , 0.499455 , 0.50144 , -0.0191128368 , -0.0296972933 , 18.8558144 , 120.087947 , 121.560349 , 390.693483 , 0.694969662 , -0.252622161 , -0.637511585 , 55946.7582 , 9227.17724 , 365.712744 , -2129.83229 , -8242.63437 , -14310.5724 , -2756.22022 , 57130.9728 , 12900.1322
0.006824 , 22525.5 , 0.750849 , 3e+22 , -2291.97 , -80.7432 , 567.5 , 0.494791 , 0.502963 , 0.503911 , -0.0185276597 , -0.0315864597 , 18.8735431 , 120.230642 , 121.755622 , 391.405963 , 0.736804419 , -0.258973267 , -0.696253922 , 25784.8925 , 4963.76797 , -21813.7375 , 44033.089 , -1253.58998 , -4999.35667 , -30233.3031 , 13072.011 , -1575.21469
0.006832 , 22543.4 , 0.751448 , 3e+22 , 643.859 , 2364.82 , 620.614 , 0.500202 , 0.501636 , 0.501022 , -0.0215991555 , -0.0286089696 , 18.8960499 , 120.2733 , 121.857772 , 392.265681 , 0.729458075 , -0.282139136 , -0.621783924 , 18308.6704 , -28583.4309 , 3983.43708 , 25840.6005 , 9358.10138 , -14515.2713 , 1244.76021 , 38117.4529 , 27793.2301
0.00684 , 22533.8 , 0.751125 , 3e+22 , -980.234 , 374.176 , -244.113 , 0.502627 , 0.499473 , 0.500143 , -0.0206748881 , -0.0285842618 , 18.9149019 , 120.383173 , 122.024385 , 393.016764 , 0.658918462 , -0.242112685 , -0.608262536 , -29144.417 , -21818.6133 , 5352.04471 , 542.715369 , 28990.8967 , -3237.04615 , -10653.6892 , 3430.47057 , -16321.6014
0.006848 , 22518.5 , 0.750616 , 3e+22 , -820.712 , 223.631 , -1221.5 , 0.502684 , 0.500909 , 0.497626 , -0.0230994701 , -0.030199239 , 18.9333627 , 120.546632 , 122.174162 , 393.762327 , 0.570178689 , -0.260301897 , -0.599525001 , 4241.87121 , -26514.4463 , -2019.52078 , -9802.30102 , 5890.73969 , -3749.12057 , -20780.3631 , -11121.5115 , -36423.102
0.006856 , 22513.8 , 0.750461 , 3e+22 , 1694.54 , -1032.81 , 5.34787 , 0.504569 , 0.497389 , 0.498941 , -0.0212725215 , -0.0299491993 , 18.9535437 , 120.717987 , 122.340901 , 394.544876 , 0.54876054 , -0.257521794 , -0.56489192 , -8741.49341 , 13959.7219 , -28982.9898 , 17372.8909 , 22774.7912 , -7909.13198 , 40666.8843 , -7084.52004 , 4849.88883
0.006864 , 22559.4 , 0.751981 , 3e+22 , 2269.75 , 1774.44 , -2039.36 , 0.500114 , 0.499314 , 0.504462 , -0.0212067828 , -0.0299456523 , 18.9789113 , 120.871073 , 122.428885 , 395.563729 , 0.579104774 , -0.252148182 , -0.60217819 , 20197.0373 , 31386.662 , 3324.55311 , 25512.4235 , -47470.1169 , -2548.41282 , 37903.4912 , 34005.641 , -33719.8216
0.006872 , 22564.5 , 0.752152 , 3e+22 , -1149.19 , 1574.94 , 1216.31 , 0.5001 , 0.50276 , 0.501413 , -0.019088303 , -0.029420641 , 18.9997705 , 121.004035 , 122.492828 , 396.396734 , 0.600899591 , -0.213780237 , -0.544701184 , 14772.3675 , -13669.5784 , -2803.78264 , -19867.4965 , 9813.99363 , -2744.6149 , 4588.34298 , 36532.6041 , 19401.9848
0.00688 , 22588.7 , 0.752957 , 3e+22 , 23.7512 , -732.863 , -1196.26 , 0.507054 , 0.501856 , 0.496991 , -0.019582678 , -0.0282346348 , 19.022612 , 121.116206 , 122.643273 , 397.325444 , 0.537031313 , -0.227591028 , -0.53937283 , -11492.5617 , 9621.55556 , 16668.1334 , 17742.9492 , 19799.1805 , 13813.6401 , -5405.33861 , -23373.293 , -14606.4092
0.006888 , 22594.1 , 0.753136 , 3e+22 , 3367.36 , -349.248 , -1624.01 , 0.497422 , 0.504246 , 0.504523 , -0.0168588424 , -0.0302629823 , 19.0432942 , 121.232513 , 122.775295 , 398.15554 , 0.51049662 , -0.21115884 , -0.543958654 , -3205.19365 , -34579.6827 , -35017.7038 , -10060.913 , 2118.0847 , 12097.1138 , 60645.6333 , -10370.8378 , -27529.0021
0.006896 , 22593.2 , 0.753107 , 3e+22 , 1855.66 , 1177.81 , -1414.06 , 0.50013 , 0.497524 , 0.508521 , -0.0144114228 , -0.0310806117 , 19.0637402 , 121.415593 , 122.900242 , 399.030576 , 0.491681676 , -0.186009511 , -0.560774319 , -7989.23292 , 77.2479605 , 10600.049 , -27332.4618 , 8895.90632 , 1382.80776 , 35069.2164 , 34493.9217 , -808.401954
0.006904 , 22589.9 , 0.752995 , 3e+22 , 881.156 , -723.221 , -3035.95 , 0.507227 , 0.503172 , 0.495532 , -0.0139671439 , -0.0246291357 , 19.0834737 , 121.584579 , 123.057435 , 399.814169 , 0.44229216 , -0.139412466 , -0.458476502 , -5566.19943 , 45747.8135 , -22520.9533 , -18814.2561 , 7239.9769 , 11224.4622 , 25926.034 , -13182.7257 , -66950.8989
0.006912 , 22536.1 , 0.751203 , 3e+22 , -472.697 , 2112.49 , -2.55751 , 0.500652 , 0.501426 , 0.500302 , -0.0169141431 , -0.0271097902 , 19.097978 , 121.705583 , 123.191161 , 400.418351 , 0.431268 , -0.169634138 , -0.490222486 , 32652.2596 , -1302.65314 , -26462.8689 , -10563.5344 , -20370 , 34828.6945 , 3445.85915 , 48063.741 , 2976.62091
0.00692 , 22519.8 , 0.750659 , 3e+22 , -453.022 , 2292.9 , -1823.65 , 0.503477 , 0.501359 , 0.496432 , -0.016821202 , -0.0234459681 , 19.116307 , 121.853825 , 123.324158 , 401.157036 , 0.400821921 , -0.147142281 , -0.426281069 , 7053.15488 , -2286.88365 , -34488.1415 , -16482.8551 , 25435.199 , -8293.9645 , -19316.0346 , 41567.4352 , -43117.7485
0.006928 , 22554.5 , 0.751817 , 3e+22 , -767.235 , -952.435 , -650.151 , 0.502376 , 0.499078 , 0.50217 , -0.0183910735 , -0.0223677268 , 19.1401733 , 121.957663 , 123.456619 , 402.114233 , 0.419776986 , -0.198830961 , -0.34021525 , 41707.0536 , -8148.45623 , 7038.24183 , 6018.20735 , -10253.5721 , -29769.8381 , -10757.9677 , -14971.4129 , -7077.11597
0.006936 , 22560.6 , 0.75202 , 3e+22 , 548.261 , -2362.26 , -18.5673 , 0.500867 , 0.499041 , 0.504098 , -0.0203375619 , -0.0229208098 , 19.1612274 , 122.120994 , 123.633768 , 402.981053 , 0.439224405 , -0.203182331 , -0.366921686 , -3970.58735 , -3329.53672 , 527.120119 , 14552.6952 , -23628.2068 , -17681.1881 , 14412.9641 , -49330.5476 , -7520.93018
0.006944 , 22551.5 , 0.751717 , 3e+22 , 867 , 1181.8 , -887.458 , 0.495956 , 0.503639 , 0.503823 , -0.0193577875 , -0.021348817 , 19.1806349 , 122.256846 , 123.718205 , 403.751967 , 0.450635894 , -0.217446049 , -0.396751283 , -10181.053 , 4163.13397 , -31611.701 , -22973.1807 , 31329.2547 , -10087.3096 , 19470.6984 , 39838.1676 , -25406.3908
0.006952 , 22524.1 , 0.750803 , 3e+22 , -1822.42 , -1975.1 , 944.758 , 0.503865 , 0.496697 , 0.500998 , -0.02060955 , -0.023217314 , 19.1973932 , 122.404585 , 123.885942 , 404.420978 , 0.471154258 , -0.234383666 , -0.472918197 , -23163.0145 , 32351.993 , 27702.859 , 17597.2017 , -31602.5253 , 13816.1826 , -23174.9892 , -56653.3734 , 14524.8325
0.00696 , 22525.5 , 0.750851 , 3e+22 , 309.179 , 837.967 , 111.867 , 0.502016 , 0.500924 , 0.498758 , -0.022108963 , -0.0230704791 , 19.2176485 , 122.4577 , 124.111269 , 405.229366 , 0.447537385 , -0.22692305 , -0.490529154 , -27016.383 , -20040.086 , -1136.40757 , 21640.0976 , 1257.02967 , -32107.3372 , 16386.421 , -7847.02137 , 867.60821
0.006968 , 22524.4 , 0.750812 , 3e+22 , 1595.68 , 2618.57 , 3263.19 , 0.494379 , 0.504789 , 0.502341 , -0.020643462 , -0.0244134125 , 19.2379722 , 122.510872 , 124.242485 , 406.039223 , 0.429078651 , -0.188949612 , -0.545120534 , 5066.20649 , 3208.39863 , 4774.70173 , 20880.5808 , 23929.2745 , 8199.34765 , 33504.6644 , 51809.0104 , 73711.1732
0.006976 , 22522.5 , 0.750749 , 3e+22 , -271.215 , 4465.63 , 1548.72 , 0.498303 , 0.503891 , 0.499175 , -0.0221757813 , -0.0227726961 , 19.2578794 , 122.673573 , 124.396175 , 406.886538 , 0.519374966 , -0.211978172 , -0.464306856 , -29905.7523 , 26719.009 , 29293.5869 , 17513.6363 , 10786.8036 , -9036.01429 , -22183.9861 , 100798.746 , 32799.3216
0.006984 , 22513.1 , 0.750437 , 3e+22 , -3282.5 , -4918.04 , -358.554 , 0.497894 , 0.498397 , 0.504383 , -0.0219688452 , -0.0207920372 , 19.2770679 , 122.764284 , 124.544693 , 407.66104 , 0.540894662 , -0.248194724 , -0.46300492 , 26937.4877 , -24224.6559 , -7481.32571 , -9031.6968 , 29265.8528 , -5096.27921 , -67116.4058 , -88196.0114 , -1307.84722
0.006992 , 22559.4 , 0.751979 , 3e+22 , -3035.99 , 1341.47 , 990.367 , 0.502035 , 0.497194 , 0.50466 , -0.02534806 , -0.0218434658 , 19.3025546 , 122.924718 , 124.728885 , 408.654518 , 0.595064721 , -0.335997162 , -0.466072252 , -42274.4783 , -35476.8182 , -14124.4271 , -18319.5117 , 16620.0245 , -7243.09325 , -57484.4728 , 42504.3666 , 22387.5612
0.007 , 22591.8 , 0.753058 , 3e+22 , -1204.03 , -3634.23 , -236.98 , 0.500736 , 0.505911 , 0.499386 , -0.0261378612 , -0.0251819319 , 19.3265344 , 123.107905 , 124.825362 , 409.611339 , 0.55874163 , -0.339927657 , -0.522277374 , -4104.08221 , 19477.7234 , -373.511276 , -16967.2802 , 13195.704 , -31982.8617 , -29265.5709 , -86167.9237 , -6548.74311
0.007008 , 22573.8 , 0.752459 , 3e+22 , -955.999 , 358.091 , 869.482 , 0.49854 , 0.505162 , 0.501206 , -0.028034711 , -0.0260521403 , 19.3449496 , 123.209903 , 124.925784 , 410.37605 , 0.562664781 , -0.407613517 , -0.564787584 , 10282.8697 , -7567.00393 , 15890.7133 , -31766.9155 , 15279.9654 , 18096.622 , -10165.8064 , 12227.3513 , 8699.04879
0.007016 , 22560.8 , 0.752028 , 3e+22 , 2125.91 , -409.963 , -277.812 , 0.499513 , 0.50227 , 0.502246 , -0.0259919546 , -0.0272010172 , 19.3636703 , 123.283513 , 125.092813 , 411.184831 , 0.624849175 , -0.313270999 , -0.587164157 , 12613.5805 , 21892.8319 , -13891.7261 , 51187.2914 , 11557.0787 , -30616.6912 , 49138.8636 , -11653.2284 , 15923.813
0.007024 , 22577 , 0.752568 , 3e+22 , 1502.71 , -4063.9 , -1961.54 , 0.500436 , 0.499285 , 0.505286 , -0.0281816862 , -0.0258428397 , 19.3863233 , 123.426113 , 125.185964 , 412.119066 , 0.699462908 , -0.397834701 , -0.611412796 , 17169.3848 , -1393.16272 , -20960.4691 , 13356.466 , 17385.7708 , 29235.9373 , 35774.2114 , -84326.5827 , -55943.1737
0.007032 , 22587.3 , 0.752911 , 3e+22 , -144.55 , 623.845 , 675.826 , 0.503207 , 0.506334 , 0.496276 , -0.0288083328 , -0.0243216544 , 19.408268 , 123.558469 , 125.345888 , 412.983389 , 0.706784209 , -0.424832303 , -0.548252955 , -2666.28357 , -15067.5212 , -6092.03867 , 19308.8221 , -28933.8447 , -2902.61541 , -14190.2983 , 12975.0061 , 31308.179
0.00704 , 22566.4 , 0.752215 , 3e+22 , 1309.11 , -143.466 , 903.058 , 0.50108 , 0.500943 , 0.502392 , -0.0251900634 , -0.0224621552 , 19.426172 , 123.610879 , 125.53422 , 413.727591 , 0.707248043 , -0.351615237 , -0.533280833 , -19389.5524 , 35392.0074 , 4401.11759 , -4272.02235 , -20498.7375 , 4628.5128 , 21651.4496 , -4636.08685 , 37565.2615
0.007048 , 22565.2 , 0.752172 , 3e+22 , -276.519 , 1340.83 , -1200.05 , 0.50406 , 0.501871 , 0.498394 , -0.0256722633 , -0.0236643434 , 19.4464532 , 123.741336 , 125.749537 , 414.562497 , 0.725443538 , -0.371836197 , -0.56318192 , 6879.73715 , -9159.76291 , -17794.219 , -24791.7067 , 19037.1308 , -19026.2832 , -9634.45578 , 31835.452 , -33407.6533
0.007056 , 22540.9 , 0.751362 , 3e+22 , -4563.19 , 1049.41 , 1462.06 , 0.503351 , 0.502573 , 0.496663 , -0.0239721178 , -0.0261342436 , 19.4639365 , 123.874922 , 125.959216 , 415.283985 , 0.746857948 , -0.368615667 , -0.577695973 , 23752.4584 , 4738.07296 , 1127.16203 , 19475.8509 , 1488.18469 , -12464.4218 , -115175.331 , 15211.1161 , 15038.7486
0.007064 , 22539 , 0.751301 , 3e+22 , 1989.02 , -128.611 , 716.196 , 0.501582 , 0.49972 , 0.501274 , -0.0237206845 , -0.0266597916 , 19.4842902 , 124.054168 , 126.066423 , 416.106673 , 0.767746724 , -0.414440464 , -0.604564587 , 4247.01571 , -33166.2747 , -7888.9398 , 17197.5715 , 45332.182 , -575.348136 , 56880.4658 , 13756.7028 , 14450.6058
0.007072 , 22549 , 0.751634 , 3e+22 , -200.07 , -411.114 , -1323.7 , 0.501327 , 0.501806 , 0.500124 , -0.0236474835 , -0.0297858244 , 19.5055382 , 124.230709 , 126.197049 , 416.982914 , 0.738986975 , -0.400418335 , -0.650851981 , -7682.37097 , 5154.21664 , 5917.08663 , 10553.1786 , 3693.74325 , 10600.6198 , -4384.11878 , 3761.22703 , -30023.5969
0.00708 , 22574.2 , 0.752473 , 3e+22 , -288.148 , -470.306 , -325.424 , 0.501642 , 0.503329 , 0.499973 , -0.0234424694 , -0.0290574517 , 19.5286989 , 124.319783 , 126.332996 , 417.94536 , 0.725795375 , -0.400370228 , -0.619416118 , -10225.7728 , -9844.6638 , 4960.03808 , 1449.05668 , -3059.7282 , 24320.3825 , -1571.83925 , -1151.89948 , -2685.28397
0.007088 , 22573.2 , 0.752441 , 3e+22 , -280.894 , 854.11 , 2491.81 , 0.502844 , 0.502803 , 0.499196 , -0.0213211239 , -0.0296798567 , 19.5488453 , 124.499732 , 126.465475 , 418.775285 , 0.765983141 , -0.338471067 , -0.594656356 , 47412.0944 , 29542.2626 , 9895.73749 , -12137.3138 , 8698.18784 , 22242.6738 , -9333.89997 , 27762.8232 , 59451.5107
0.007096 , 22599.7 , 0.753322 , 3e+22 , -1278 , 1363.27 , -2579.88 , 0.5018 , 0.496339 , 0.508448 , -0.0228094858 , -0.029604907 , 19.571858 , 124.784229 , 126.579395 , 419.727841 , 0.751585863 , -0.366333803 , -0.581706557 , 51215.5081 , 2133.34261 , -34700.5277 , -597.949969 , 3020.52743 , 15779.1503 , -33649.7923 , 9150.31561 , -72589.3425
0.007104 , 22589.9 , 0.752998 , 3e+22 , 2398.64 , 696.656 , -1848.25 , 0.504604 , 0.497654 , 0.503683 , -0.0215631133 , -0.0260987109 , 19.5914509 , 124.941218 , 126.707466 , 420.517683 , 0.728525367 , -0.338622552 , -0.550130303 , 17809.7215 , 12048.7643 , 467.57873 , 24303.9753 , 3711.97386 , -28378.2902 , 42082.6166 , 40006.3617 , -45537.5506
0.007112 , 22559.1 , 0.751971 , 3e+22 , -1243.07 , -182.327 , -2981.5 , 0.501555 , 0.499322 , 0.503005 , -0.0177065063 , -0.0241440623 , 19.6086231 , 125.132125 , 126.783419 , 421.221766 , 0.657312458 , -0.257234786 , -0.517851125 , 35928.6628 , 5964.7083 , -9585.43471 , 7756.84163 , 776.220554 , -23506.9778 , -33358.3128 , -8930.61243 , -67405.1337
0.00712 , 22552.3 , 0.751742 , 3e+22 , 4956.04 , -863.622 , -2727.55 , 0.502756 , 0.497007 , 0.503536 , -0.0197208002 , -0.0237303261 , 19.6282955 , 125.26137 , 126.901041 , 422.077107 , 0.638627053 , -0.317695499 , -0.486497856 , 20040.8798 , 33244.5551 , 8334.54818 , 21243.714 , -14687.2943 , 11931.9988 , 115471.07 , -3017.59456 , -66403.0616
0.007128 , 22513.8 , 0.750461 , 3e+22 , -4725.9 , -3135.18 , 245.371 , 0.496129 , 0.505765 , 0.498846 , -0.0171609247 , -0.023267119 , 19.6448678 , 125.323587 , 126.997054 , 422.74209 , 0.632018614 , -0.267358773 , -0.451956522 , -9597.05285 , 8583.83859 , 11942.5696 , 6614.55302 , -16650.1571 , -37186.3598 , -100772.473 , -71588.2223 , 4210.78922
0.007136 , 22501.3 , 0.750042 , 3e+22 , 529.265 , 75.4506 , 2096.37 , 0.499667 , 0.499794 , 0.500596 , -0.0195013467 , -0.0227162639 , 19.6640936 , 125.411585 , 127.072323 , 423.567901 , 0.652263415 , -0.277417745 , -0.439618219 , 16268.7689 , 16732.4865 , -18108.3182 , 33333.9231 , -5741.64561 , -14296.7812 , 262.439086 , -1053.50809 , 35455.2645
0.007144 , 22492.3 , 0.749744 , 3e+22 , -623.681 , -1744.06 , 1088.92 , 0.50221 , 0.498592 , 0.49866 , -0.0197459555 , -0.0241381407 , 19.6828648 , 125.649795 , 127.236494 , 424.321232 , 0.665525846 , -0.35454659 , -0.445431343 , 5883.17353 , 1921.46955 , -15534.5331 , -29134.4573 , 33673.3421 , -10839.9875 , -763.893978 , -39894.0416 , 35871.9744
0.007152 , 22465.5 , 0.748849 , 3e+22 , -429.56 , 3823.99 , -1635.21 , 0.500542 , 0.498246 , 0.498811 , -0.0179896134 , -0.0247249289 , 19.6998553 , 125.787391 , 127.39913 , 425.003783 , 0.651425323 , -0.290234439 , -0.446913252 , 13381.2958 , 18113.5 , 4302.75367 , 210.939141 , 3679.55379 , -13495.5716 , -19598.0368 , 89349.6764 , -32752.0046
0.00716 , 22451.5 , 0.748383 , 3e+22 , 823.542 , -2159.64 , 2515.05 , 0.49598 , 0.500794 , 0.499925 , -0.0202144405 , -0.0276052578 , 19.7180188 , 125.833311 , 127.480296 , 425.776107 , 0.701476026 , -0.351924529 , -0.496481876 , -5059.78273 , 23777.8349 , -16111.314 , -14399.6145 , -4135.58952 , 7586.17382 , 25794.8811 , -42506.4522 , 16524.2296
0.007168 , 22450 , 0.748335 , 3e+22 , -2247.08 , -667.7 , 2952.25 , 0.501726 , 0.49755 , 0.497313 , -0.0212646768 , -0.0306093053 , 19.737935 , 126.013112 , 127.655478 , 426.543258 , 0.705601386 , -0.3003004 , -0.573729759 , 219.924932 , -13741.7104 , -12313.5406 , -18868.7485 , -2212.12589 , 4730.693 , -50440.2131 , -3880.48631 , 67837.1226
0.007176 , 22442.2 , 0.748073 , 3e+22 , 654.833 , 345.062 , -1266.58 , 0.503801 , 0.493439 , 0.498894 , -0.0232431396 , -0.0311419234 , 19.7573219 , 126.124551 , 127.758637 , 427.34646 , 0.679116958 , -0.340473051 , -0.600441779 , 39478.3641 , -46007.2466 , 26603.8296 , 11865.856 , 14243.1913 , -52689.4313 , 26982.3729 , 8633.50047 , -29936.5595
0.007184 , 22452.3 , 0.748412 , 3e+22 , -2984.32 , 4457.21 , 617.544 , 0.49758 , 0.502015 , 0.497062 , -0.0236852204 , -0.0279464788 , 19.7786117 , 126.285152 , 127.971323 , 428.235699 , 0.629079376 , -0.32987489 , -0.575500689 , 31315.742 , -14989.1846 , 30395.5562 , 51952.0625 , 25740.6119 , -31181.5574 , -63207.4124 , 91197.1167 , -10153.235
0.007192 , 22436.9 , 0.747896 , 3e+22 , 804.401 , -749.092 , 34.0058 , 0.502825 , 0.494406 , 0.498554 , -0.0267388361 , -0.0254483743 , 19.7968333 , 126.464291 , 128.086195 , 428.95146 , 0.667263496 , -0.388924445 , -0.522754411 , 29779.673 , -21051.7771 , -10117.839 , 12372.5175 , 9434.12582 , -21048.0368 , 19986.09 , -6546.51186 , 2075.70525
0.0072 , 22421.4 , 0.74738 , 3e+22 , -258.958 , 3474.71 , -876.748 , 0.494461 , 0.498568 , 0.501657 , -0.0277073144 , -0.0245214957 , 19.8151627 , 126.584388 , 128.243056 , 429.749262 , 0.632071642 , -0.411720903 , -0.538519871 , -10275.906 , -19434.2368 , 9891.9365 , -5336.87671 , -610.602993 , 55374.3368 , -20572.5766 , 72644.5052 , -13278.7304
0.007208 , 22403.7 , 0.74679 , 3e+22 , 2364.31 , -444.366 , 656.886 , 0.498601 , 0.498139 , 0.496805 , -0.0284255017 , -0.0221145671 , 19.8333072 , 126.741897 , 128.340971 , 430.521662 , 0.624715763 , -0.428629892 , -0.521140997 , 34957.8161 , 26431.5848 , 15089.2431 , -6437.60736 , -5769.48958 , 2399.45058 , 48979.508 , -19118.6663 , 26793.8214
0.007216 , 22411.8 , 0.74706 , 3e+22 , -1525.93 , -1216.96 , 5500.98 , 0.498909 , 0.497956 , 0.497061 , -0.0275385211 , -0.0245213223 , 19.853895 , 126.905817 , 128.54727 , 431.398032 , 0.644850201 , -0.379626653 , -0.596386956 , -558.792813 , 31463.292 , -24198.1604 , -21650.4834 , 38522.5233 , 10284.219 , -36214.2199 , -24091.7925 , 112020.255
0.007224 , 22438.3 , 0.747942 , 3e+22 , 1105.44 , 145.947 , 1726.74 , 0.501644 , 0.495706 , 0.498509 , -0.0265698963 , -0.0230979582 , 19.8767341 , 127.025445 , 128.751963 , 432.339504 , 0.668187362 , -0.402489549 , -0.583863829 , 34829.7857 , -9398.50884 , 12354.8739 , -8984.52498 , 10998.4383 , -8618.9083 , 18414.2129 , 18650.9286 , 32454.6988
0.007232 , 22436 , 0.747866 , 3e+22 , 1804.13 , -1509.43 , -2224.08 , 0.495812 , 0.501987 , 0.497874 , -0.0293056382 , -0.0197329554 , 19.896445 , 127.289053 , 128.946511 , 433.138344 , 0.691751755 , -0.478864012 , -0.527039741 , 6268.18432 , -27929.5503 , 10163.5629 , 21463.2066 , -14916.3198 , 9055.91018 , 26166.7575 , -30880.5689 , -63102.4885
0.00724 , 22428.1 , 0.747603 , 3e+22 , -462.308 , 1105.31 , -165.004 , 0.496019 , 0.504115 , 0.495064 , -0.0318428629 , -0.0178667337 , 19.915255 , 127.417978 , 129.068014 , 433.874595 , 0.718567897 , -0.542382268 , -0.447132942 , -20039.6174 , -2995.43176 , 25128.0646 , 27789.8422 , 7789.28645 , 6633.76446 , -3476.15229 , 12127.6046 , -17257.7011
0.007248 , 22416.8 , 0.747227 , 3e+22 , 2382.07 , -1621.63 , 2137.92 , 0.496959 , 0.498234 , 0.499187 , -0.036429729 , -0.0188338516 , 19.9336553 , 127.514144 , 129.227662 , 434.668165 , 0.663694986 , -0.635655342 , -0.464439837 , 2017.44033 , 16326.2902 , -10334.583 , 24022.6201 , 471.45622 , 15061.4223 , 48145.9332 , -33662.5737 , 33697.4445
0.007256 , 22377.1 , 0.745905 , 3e+22 , 1255.9 , 2045.53 , 45.8721 , 0.499278 , 0.495144 , 0.497355 , -0.0344915725 , -0.0194453095 , 19.9495895 , 127.619979 , 129.315943 , 435.35973 , 0.658169209 , -0.593522701 , -0.495891064 , -425.866035 , 469.405956 , -17280.6337 , -14803.4515 , -1407.07969 , -3177.36067 , 22114.9421 , 31219.3913 , -3848.97312
0.007264 , 22391.8 , 0.746394 , 3e+22 , -187.953 , -1611.58 , -3718.4 , 0.494753 , 0.500323 , 0.497619 , -0.0325783177 , -0.0225428132 , 19.9716267 , 127.789827 , 129.457896 , 436.306328 , 0.712265903 , -0.539283291 , -0.559401716 , 15293.9598 , 31604.5908 , -21826.8371 , -10457.8309 , 5862.92493 , -20828.2556 , -4571.5422 , -41436.2281 , -93655.8421
0.007272 , 22383.6 , 0.746121 , 3e+22 , -521.722 , 3162.74 , 1794.34 , 0.500686 , 0.498818 , 0.492661 , -0.0317863317 , -0.0183292629 , 19.9906412 , 127.941462 , 129.571539 , 437.109422 , 0.678877106 , -0.557969101 , -0.518391131 , 26714.3905 , -29165.5411 , -28423.7756 , -18883.5776 , 693.603853 , 4926.24561 , -17833.3393 , 64128.643 , 27439.0834
0.00728 , 22381.8 , 0.746059 , 3e+22 , -519.864 , 461.77 , 1034.1 , 0.495826 , 0.49569 , 0.500593 , -0.0331609223 , -0.016898786 , 20.0105809 , 128.10527 , 129.686669 , 437.966385 , 0.686901428 , -0.572043678 , -0.50089015 , 28628.5805 , -9480.6629 , -23506.7258 , -3798.1268 , 6564.1047 , 50085.1355 , -12356.3368 , 13924.9188 , 12479.8116
0.007288 , 22385.2 , 0.746172 , 3e+22 , 1184.19 , 1200.55 , 823.263 , 0.496013 , 0.501724 , 0.494587 , -0.0293827264 , -0.0183538291 , 20.0310032 , 128.31978 , 129.79782 , 438.813768 , 0.722578695 , -0.503678396 , -0.535310529 , 31406.5013 , 4637.95815 , -6049.45648 , -13248.7386 , 2611.72841 , 6251.67983 , 18060.6508 , 43286.6706 , 12705.8738
0.007296 , 22364.4 , 0.745481 , 3e+22 , -1686.3 , 1752.89 , 3756.29 , 0.497188 , 0.495569 , 0.498091 , -0.0309806157 , -0.0214854169 , 20.0487968 , 128.440705 , 129.954368 , 439.576968 , 0.722758749 , -0.515487857 , -0.599292143 , -5781.85644 , 20525.1179 , -12371.9619 , 6262.25251 , 23970.1662 , -57100.2621 , -44571.7585 , 54930.8383 , 65761.4707
0.007304 , 22394.7 , 0.746491 , 3e+22 , 2387.51 , 2489.19 , -2575.14 , 0.500499 , 0.496238 , 0.496139 , -0.0297348033 , -0.0195051591 , 20.0719413 , 128.530447 , 130.090115 , 440.527496 , 0.647734043 , -0.471205885 , -0.557928347 , 28775.3107 , 28859.41 , 923.289669 , -14559.9406 , -17126.373 , 12498.0796 , 49277.4991 , 48582.6556 , -62583.8707
0.007312 , 22379.9 , 0.745997 , 3e+22 , 1382.41 , 1417.41 , 752.493 , 0.503946 , 0.492623 , 0.495399 , -0.0293686193 , -0.0184985578 , 20.0901377 , 128.697421 , 130.232963 , 441.305056 , 0.61108615 , -0.454848175 , -0.523752668 , 6549.2204 , 19506.4579 , -16383.8284 , -9329.16542 , 9978.12886 , 8604.58106 , 13744.9413 , 30067.9566 , 20494.5705
0.00732 , 22401.5 , 0.746717 , 3e+22 , -193.447 , -1224.68 , -2424.49 , 0.497039 , 0.501844 , 0.494508 , -0.0335235153 , -0.0255967627 , 20.1125642 , 128.878762 , 130.373017 , 442.286753 , 0.591307492 , -0.572690567 , -0.654373159 , 14101.4654 , 12309.2358 , -27725.905 , 14213.2914 , -14731.274 , 2171.97219 , 2272.53447 , -14761.5969 , -43360.4439
0.007328 , 22408.7 , 0.746957 , 3e+22 , 908.577 , 33.3489 , 2442.87 , 0.502759 , 0.499315 , 0.491802 , -0.0329130146 , -0.0235644357 , 20.1329604 , 129.090403 , 130.544767 , 443.160112 , 0.615877028 , -0.506015379 , -0.6364473 , 512.146845 , -34037.2121 , -21525.6308 , 24863.4582 , -13615.1167 , 6227.81924 , 33146.9175 , 8353.11246 , 46271.7325
0.007336 , 22408.1 , 0.746936 , 3e+22 , 310.7 , -2489.44 , 2187.84 , 0.494697 , 0.497997 , 0.501114 , -0.0293963046 , -0.0255741762 , 20.152824 , 129.206955 , 130.756948 , 444.031819 , 0.583541923 , -0.474056904 , -0.650739662 , 6124.65488 , -6771.04292 , -29340.486 , 30639.6219 , 59302.8403 , 13914.4586 , 6524.99667 , -50823.8033 , 46647.9174
0.007344 , 22414.6 , 0.747155 , 3e+22 , 2195.11 , 2215.89 , 385.643 , 0.502105 , 0.501062 , 0.491087 , -0.0287354074 , -0.025139655 , 20.1727577 , 129.273744 , 130.867755 , 444.884474 , 0.584845982 , -0.467082838 , -0.599569453 , 20726.24 , 20084.8383 , -25433.5482 , 8808.34788 , 9973.4466 , -26977.2576 , 54707.9402 , 54032.1722 , -7261.0582
0.007352 , 22428.2 , 0.747608 , 3e+22 , 1186.91 , 1704.58 , 1267.72 , 0.501533 , 0.502056 , 0.491594 , -0.0274880955 , -0.022981186 , 20.194047 , 129.362092 , 131.096599 , 445.770498 , 0.56513385 , -0.453114865 , -0.609911959 , -16283.747 , 13762.4648 , 30842.9309 , -582.575159 , 29533.0261 , 24864.6541 , 47735.9016 , 22979.5398 , 27807.52
0.00736 , 22408.2 , 0.74694 , 3e+22 , 927.094 , 2718.43 , 749.234 , 0.501296 , 0.498425 , 0.49411 , -0.0270209689 , -0.0225385432 , 20.2114187 , 129.511496 , 131.308859 , 446.492465 , 0.609408764 , -0.420930357 , -0.655796072 , 25544.7184 , -25633.4565 , -22801.5616 , -29664.9752 , 20456.911 , 6817.52266 , 21642.3141 , 54525.8016 , 33237.836
0.007368 , 22398 , 0.746599 , 3e+22 , 729.938 , -326.387 , -1193.28 , 0.495337 , 0.499598 , 0.498252 , -0.026825217 , -0.0248400468 , 20.230628 , 129.597483 , 131.500347 , 447.311222 , 0.573325323 , -0.400540273 , -0.680853063 , -16501.5015 , -7620.53443 , 7492.66681 , 41759.4859 , 18021.8974 , -9620.4953 , -7928.76838 , 1905.35004 , -19758.7379
0.007376 , 22429.5 , 0.74765 , 3e+22 , 1057.11 , -181.902 , 2477.26 , 0.501115 , 0.498883 , 0.495261 , -0.0251217202 , -0.0239844903 , 20.2543323 , 129.772636 , 131.646266 , 448.317785 , 0.580333552 , -0.298183705 , -0.687645468 , -5587.59425 , 18835.0352 , 18165.3878 , 12212.9777 , 9317.37736 , 21703.0509 , 39452.1351 , -7211.02687 , 66158.4827
0.007384 , 22393.7 , 0.746456 , 3e+22 , 2031.47 , 709.252 , -2427.79 , 0.499233 , 0.493393 , 0.500226 , -0.028399596 , -0.0228115088 , 20.2707823 , 129.936158 , 131.827453 , 448.997482 , 0.538283812 , -0.375899992 , -0.657557859 , 5171.51248 , -12052.2563 , 17253.679 , -22562.6744 , -27719.5936 , -22537.4873 , 54680.7731 , 34105.2436 , -49437.3374
0.007392 , 22395.1 , 0.746505 , 3e+22 , -2943.44 , -1714.11 , 2417 , 0.497821 , 0.499162 , 0.495928 , -0.0311711376 , -0.0204398163 , 20.2909378 , 130.064859 , 131.954914 , 449.895779 , 0.509493863 , -0.441815197 , -0.622357195 , -2618.0999 , 3908.93706 , 7299.5589 , 7953.31453 , 7361.49341 , 12293.5864 , -59360.5599 , -56797.0006 , 55636.1929
0.0074 , 22399.6 , 0.746652 , 3e+22 , -540.335 , 1490.67 , 1826.79 , 0.496094 , 0.490958 , 0.50622 , -0.031952194 , -0.0190282172 , 20.311909 , 130.216854 , 132.200175 , 450.767851 , 0.510696852 , -0.438622119 , -0.621539801 , 17496.8536 , 16114.5737 , 9429.80651 , 3747.23535 , -8282.61925 , 10742.7863 , -15192.5885 , 38480.399 , 42297.3824
0.007408 , 22415 , 0.747168 , 3e+22 , -9.88346 , -1017.39 , -2552.18 , 0.497229 , 0.496993 , 0.500071 , -0.0304837208 , -0.0208478171 , 20.3337207 , 130.352633 , 132.361523 , 451.663734 , 0.565219123 , -0.392614936 , -0.649774776 , 13033.8467 , 33180.4972 , -11649.8292 , 15616.2205 , -25551.9275 , -11423.2901 , 4305.46386 , -9449.88225 , -78658.2721
0.007416 , 22456.9 , 0.748564 , 3e+22 , -2078.24 , -2520.29 , 2756.71 , 0.496813 , 0.501247 , 0.498964 , -0.0308571666 , -0.021358855 , 20.3582018 , 130.573165 , 132.532732 , 452.664296 , 0.607536245 , -0.398345457 , -0.664753473 , 9315.44438 , 10912.3808 , -19158.4865 , 1704.37816 , 5383.74407 , -40731.5135 , -51573.4497 , -40639.0218 , 39771.6091
0.007424 , 22455.8 , 0.748527 , 3e+22 , 10.5412 , 1843.97 , -1402.28 , 0.498207 , 0.501914 , 0.496902 , -0.0315141908 , -0.0203848877 , 20.3783643 , 130.747448 , 132.779964 , 453.525516 , 0.580720889 , -0.410973677 , -0.662170523 , -408.135622 , 36999.2963 , -9052.80851 , -303.576027 , -3137.68548 , 8061.06242 , -12150.5829 , 47053.9947 , -31671.531
0.007432 , 22464.4 , 0.748815 , 3e+22 , -1003.77 , 199.202 , 2977.58 , 0.500795 , 0.497982 , 0.498796 , -0.034112555 , -0.0170300915 , 20.399566 , 130.960126 , 132.866417 , 454.433213 , 0.600941722 , -0.47494153 , -0.564935212 , -997.934086 , -17115.3587 , 14677.6074 , 26705.9466 , 27209.9494 , -9679.34899 , -8255.86825 , -5432.24055 , 62294.7263
0.00744 , 22476.7 , 0.749224 , 3e+22 , 858.731 , 1802.85 , -273.306 , 0.49484 , 0.50485 , 0.498736 , -0.0355390381 , -0.0182461319 , 20.4208319 , 131.123038 , 133.001342 , 455.34255 , 0.55757887 , -0.505299698 , -0.567253766 , -11185.3745 , 15495.2275 , -12473.9145 , 28071.1078 , -12365.8581 , -9801.29007 , 20064.8071 , 40689.4638 , -20059.5878
0.007448 , 22447.5 , 0.748251 , 3e+22 , -2082.29 , -3166.75 , 541.444 , 0.497408 , 0.503064 , 0.495947 , -0.0355700603 , -0.0151530846 , 20.437367 , 131.22204 , 133.165193 , 456.001757 , 0.538056013 , -0.512863076 , -0.510481427 , 10981.1673 , 7203.02614 , -13522.2661 , 9965.69503 , 39699.8197 , -8584.19486 , -40182.4163 , -77400.3388 , 7115.48045
0.007456 , 22440.2 , 0.748006 , 3e+22 , 1123.46 , -354.927 , -3634.71 , 0.495933 , 0.497559 , 0.502438 , -0.0384201271 , -0.0172391846 , 20.4569866 , 131.363755 , 133.324036 , 456.844924 , 0.444609988 , -0.592981348 , -0.591311893 , 11525.5759 , 9801.96076 , 5663.8665 , -32993.1845 , 9517.44671 , 491.071263 , 15858.542 , -10857.9703 , -80302.1911
0.007464 , 22440.6 , 0.74802 , 3e+22 , -2244.99 , -602.292 , 3523.86 , 0.496711 , 0.502424 , 0.496805 , -0.034948395 , -0.0226416667 , 20.4764673 , 131.526178 , 133.498966 , 457.671936 , 0.491201055 , -0.488138056 , -0.634396707 , 30581.6726 , 32032.8646 , -10229.984 , -10977.4475 , -13517.9112 , -7833.19788 , -38517.2634 , -2165.10644 , 60447.06
0.007472 , 22470.4 , 0.749013 , 3e+22 , 473.592 , -298.066 , 4098.71 , 0.498246 , 0.501705 , 0.497978 , -0.0359751184 , -0.0233852989 , 20.4999641 , 131.690319 , 133.71152 , 458.69367 , 0.4400961 , -0.503348676 , -0.620957733 , -16490.2422 , -2993.50567 , -12720.4254 , -6934.93702 , 13762.7193 , 38126.1306 , 7798.10431 , -11286.5262 , 83844.7363
0.00748 , 22486.3 , 0.749543 , 3e+22 , 162.881 , -3136.21 , 1230.62 , 0.503754 , 0.496571 , 0.498695 , -0.0356534617 , -0.0250980617 , 20.5214945 , 131.800968 , 133.849104 , 459.611158 , 0.43287858 , -0.536685427 , -0.662162946 , 19493.0169 , 4194.12328 , -9487.68717 , 20498.051 , -29559.3219 , 1379.09507 , -3337.99794 , -64124.7034 , 22003.7923
0.007488 , 22499.8 , 0.749992 , 3e+22 , 3046.36 , 3116.88 , -1972 , 0.498089 , 0.504976 , 0.496791 , -0.0365558588 , -0.0201442126 , 20.5433118 , 131.926335 , 134.003971 , 460.545804 , 0.453807236 , -0.580450319 , -0.62659515 , 6191.83622 , 10020.7858 , 3518.87244 , 30720.5086 , 8294.52198 , 24437.5915 , 73767.3193 , 65806.7997 , -21965.917
0.007496 , 22518.6 , 0.75062 , 3e+22 , 1390.46 , 373.504 , 436.798 , 0.504296 , 0.504175 , 0.492757 , -0.0332262935 , -0.0174583016 , 20.565325 , 132.040378 , 134.14824 , 461.493285 , 0.469162013 , -0.476579095 , -0.541131952 , 6176.03412 , -5459.35647 , -18271.7987 , 28002.4769 , 23585.5025 , -3480.12486 , 16085.8131 , 4408.0556 , -14356.3857
0.007504 , 22505 , 0.750167 , 3e+22 , 1680.99 , -1797.85 , 184.362 , 0.501919 , 0.495009 , 0.503371 , -0.0322825308 , -0.0174956379 , 20.5841779 , 132.162725 , 134.244967 , 462.318692 , 0.455731578 , -0.442372107 , -0.548612743 , 883.648871 , -15970.6565 , 20679.9404 , 2.97921389 , -6575.09607 , -23063.8137 , 43481.7539 , -43470.5151 , -5409.38031
0.007512 , 22502.9 , 0.750095 , 3e+22 , -218.799 , -785.277 , 971.26 , 0.504188 , 0.497416 , 0.498577 , -0.0322343378 , -0.0164613855 , 20.6039252 , 132.381875 , 134.276019 , 463.208813 , 0.440164203 , -0.439953984 , -0.510403709 , -19478.002 , -15878.2534 , 5522.14792 , 312.273483 , 8676.67445 , -48039.6458 , 17443.5994 , -21070.7423 , 15012.3535
0.00752 , 22513.7 , 0.750457 , 3e+22 , -588.768 , -1343.69 , -555.367 , 0.498954 , 0.49545 , 0.506497 , -0.0310753511 , -0.0145791701 , 20.6255612 , 132.553559 , 134.525367 , 464.140156 , 0.418985279 , -0.38187019 , -0.467951857 , -7700.02782 , 14323.3482 , -30373.9604 , 7347.55939 , 21713.7527 , -5225.55625 , -18934.4206 , -30570.3573 , -10069.2839
0.007528 , 22507 , 0.750234 , 3e+22 , 1920.59 , 47.8536 , -944.587 , 0.500137 , 0.503827 , 0.496478 , -0.0292813836 , -0.0132254136 , 20.6453195 , 132.674701 , 134.717733 , 465.020303 , 0.408416965 , -0.373261567 , -0.431639501 , -83.1762624 , 15784.102 , -30872.7977 , -3554.19496 , 25515.8716 , 31194.4 , 47790.9977 , -688.044418 , -20422.6891
0.007536 , 22486.5 , 0.749549 , 3e+22 , 468.828 , -792.714 , 2152.34 , 0.501827 , 0.498281 , 0.498958 , -0.0270047686 , -0.0162319624 , 20.6641703 , 132.873869 , 134.806289 , 465.876473 , 0.429593039 , -0.331015678 , -0.429446156 , 6760.32074 , -29236.5258 , -2210.50914 , -12644.4501 , -7544.08602 , -10253.0263 , 9196.63483 , -19698.1232 , 32880.19
0.007544 , 22494.2 , 0.749806 , 3e+22 , 1889.53 , -1484.04 , 2994.77 , 0.501997 , 0.499372 , 0.498159 , -0.0316314717 , -0.018236081 , 20.6855301 , 132.921845 , 134.863719 , 466.778535 , 0.399510453 , -0.421895149 , -0.464282049 , -9029.63135 , 5617.01071 , -48571.9899 , -14809.1476 , 26996.1104 , 7814.84939 , 26683.9636 , -23054.4982 , 60410.2947
0.007552 , 22527.4 , 0.750914 , 3e+22 , 3646.56 , 682.537 , 301.426 , 0.503892 , 0.500422 , 0.497434 , -0.0295489205 , -0.0183217131 , 20.7100957 , 133.113234 , 135.074869 , 467.874496 , 0.425127739 , -0.401051597 , -0.486474808 , 6668.44212 , -30182.1148 , 19445.758 , 11287.2098 , 10616.206 , -10362.8114 , 76151.2461 , 7098.80664 , -3235.20241
0.00756 , 22510.9 , 0.750364 , 3e+22 , 577.247 , -362.274 , 166.807 , 0.503333 , 0.497986 , 0.499406 , -0.0304048878 , -0.0147404436 , 20.7279399 , 133.28699 , 135.198306 , 468.643243 , 0.433587018 , -0.403032603 , -0.438462408 , 10758.7828 , 8607.99991 , 919.384071 , -20408.5992 , 14982.6896 , -8838.86997 , 20952.0215 , -7079.80173 , -7552.42943
0.007568 , 22514.8 , 0.750495 , 3e+22 , -902.004 , -514.1 , -336.292 , 0.498001 , 0.502803 , 0.500179 , -0.0309494435 , -0.0147802979 , 20.7484796 , 133.449857 , 135.304093 , 469.555479 , 0.434107772 , -0.401696959 , -0.444034275 , -2632.44322 , 8629.3574 , 27173.2691 , 17609.7123 , 7337.2542 , 8066.31847 , -17341.5271 , 527.678287 , -24637.3166
0.007576 , 22530.4 , 0.751013 , 3e+22 , -372.219 , -1203.05 , -292.026 , 0.503864 , 0.497288 , 0.500864 , -0.0304102544 , -0.0158496917 , 20.770745 , 133.56229 , 135.462015 , 470.523823 , 0.4520303 , -0.390211666 , -0.468765965 , 535.357792 , 16127.2219 , -31944.7167 , -2655.74178 , -11004.4396 , 10718.9036 , -7871.12823 , -25330.343 , 4083.28388
0.007584 , 22494.4 , 0.749813 , 3e+22 , -543.892 , 1612.19 , -2144.44 , 0.501012 , 0.498267 , 0.500303 , -0.0338214164 , -0.0182221544 , 20.7864622 , 133.650273 , 135.591774 , 471.237374 , 0.450132248 , -0.524194727 , -0.524076847 , -16104.1237 , -5084.17009 , 24422.1987 , 31924.7642 , 58398.2448 , -15672.9692 , -19734.2145 , 39892.4228 , -40446.2944
0.007592 , 22500.8 , 0.750027 , 3e+22 , 3543.97 , 1897.28 , -2619.89 , 0.500334 , 0.501429 , 0.49816 , -0.0357299892 , -0.0191273018 , 20.8073612 , 133.728565 , 135.801369 , 472.133128 , 0.476042811 , -0.548482304 , -0.481476402 , 14218.3306 , -18990.4821 , 5932.58787 , 32624.6669 , -46002.0006 , -2447.09508 , 92762.8299 , 55340.5085 , -67291.445
0.0076 , 22515.2 , 0.750506 , 3e+22 , 1410.95 , -1965.24 , 2736.1 , 0.499702 , 0.495754 , 0.505481 , -0.0377287605 , -0.0182906041 , 20.8298697 , 133.797808 , 135.923631 , 473.102168 , 0.459877356 , -0.544303069 , -0.477439898 , -5074.14042 , -11595.1534 , 11244.5465 , 6992.53809 , 33723.0414 , -18193.0341 , 39509.8208 , -57672.9121 , 62247.2778
0.007608 , 22511.4 , 0.750378 , 3e+22 , 1001.62 , 1260.46 , -1623.1 , 0.50264 , 0.498952 , 0.499135 , -0.0344625245 , -0.0188891161 , 20.8492628 , 133.931517 , 136.074505 , 473.97348 , 0.428464446 , -0.485800115 , -0.562074021 , -13269.5559 , 497.359372 , -8903.376 , 11017.0514 , -16966.8267 , -23196.8024 , 22353.0671 , 37596.7076 , -30627.4822
0.007616 , 22499.4 , 0.749979 , 3e+22 , 407.654 , -640.042 , 513.384 , 0.499342 , 0.497565 , 0.503047 , -0.0326347223 , -0.0203249834 , 20.8686837 , 134.040698 , 136.218819 , 474.852537 , 0.396205535 , -0.438454837 , -0.559483368 , 20845.352 , 2818.94362 , -2308.93159 , -11874.8615 , 4006.29514 , 16933.9793 , 4814.99211 , -27306.6935 , 2622.98607
0.007624 , 22553.9 , 0.751798 , 3e+22 , -850.934 , -1662.31 , 1365.17 , 0.501345 , 0.50025 , 0.501971 , -0.0339513092 , -0.0242783479 , 20.8949934 , 134.257569 , 136.299491 , 476.015553 , 0.38456441 , -0.496989499 , -0.623343671 , -5563.07351 , -4733.64656 , 3158.82678 , 5125.54452 , -11452.7896 , -23146.0468 , -19054.2402 , -37918.1339 , 9462.54536
0.007632 , 22538.3 , 0.751276 , 3e+22 , 1220.9 , -1289.47 , 3376.62 , 0.498316 , 0.502739 , 0.501415 , -0.0342476527 , -0.0251425388 , 20.9139595 , 134.385865 , 136.424769 , 476.83107 , 0.302344985 , -0.485688713 , -0.646866225 , -17640.666 , -25319.5316 , 18601.3783 , -22128.9784 , 11053.5303 , 21685.6137 , 14200.4846 , -20628.1307 , 82656.2892
0.00764 , 22535.4 , 0.751179 , 3e+22 , -400.44 , 46.1128 , -290.009 , 0.498606 , 0.502843 , 0.500909 , -0.0342371426 , -0.0259298339 , 20.9335267 , 134.526494 , 136.631626 , 477.680459 , 0.248160318 , -0.547244968 , -0.695147069 , 33137.5027 , -6964.26274 , -35172.5592 , -1702.35889 , -25173.2785 , -7973.48368 , -17851.5327 , 8982.11716 , 7893.15506
0.007648 , 22527.9 , 0.750929 , 3e+22 , 2599.42 , 480.865 , -310.917 , 0.501877 , 0.497469 , 0.502472 , -0.0376640736 , -0.0231521073 , 20.9527427 , 134.836132 , 136.805147 , 478.553077 , 0.242911039 , -0.578692127 , -0.640604721 , 19112.6553 , -14713.4379 , -8823.87681 , 16010.3669 , -6260.60056 , 6649.69624 , 52932.197 , 10833.9038 , -24026.2079
0.007656 , 22519.5 , 0.75065 , 3e+22 , 781.075 , -357.204 , 302.86 , 0.50131 , 0.500747 , 0.499239 , -0.0353480172 , -0.0239494245 , 20.9723426 , 135.088329 , 136.882128 , 479.43249 , 0.247953233 , -0.548137668 , -0.65408039 , 40572.2308 , -12405.0434 , -10758.6224 , -7661.21763 , 19182.0076 , 6521.28087 , -5144.1351 , -1097.01303 , 7983.69443
0.007664 , 22508.3 , 0.750276 , 3e+22 , -697.698 , 140.894 , 3023.75 , 0.498937 , 0.501395 , 0.500165 , -0.0362335947 , -0.0262476723 , 20.9912463 , 135.140829 , 136.904582 , 480.268708 , 0.273124116 , -0.526054739 , -0.703435606 , -16721.1759 , 13818.8783 , 4598.11265 , -6469.4677 , -6141.70323 , 47559.6558 , -27034.6295 , -3995.32671 , 69064.1399
0.007672 , 22491.3 , 0.74971 , 3e+22 , 1429.04 , -337.417 , 4148.55 , 0.501505 , 0.499411 , 0.498393 , -0.0325063006 , -0.0241552585 , 21.0100428 , 135.321673 , 137.037621 , 481.126694 , 0.286249875 , -0.428372459 , -0.705074027 , 9970.9497 , -8279.72328 , 6929.40111 , -7501.7668 , 21973.8203 , -21081.027 , 19223.0058 , 1252.84956 , 80321.1657
0.00768 , 22500.7 , 0.750023 , 3e+22 , -2276.33 , 1094.55 , -2064.6 , 0.495265 , 0.502824 , 0.501898 , -0.032088939 , -0.0233244246 , 21.0313078 , 135.517928 , 137.141108 , 482.064956 , 0.193702562 , -0.45502876 , -0.647520696 , 2484.49502 , -23872.1318 , -30949.9553 , -14600.1852 , 22397.3161 , 11215.8326 , -32963.4182 , 18711.4654 , -61347.7735
0.007688 , 22493.4 , 0.74978 , 3e+22 , 1624.83 , 649.353 , 2128.39 , 0.507031 , 0.497458 , 0.495028 , -0.032730315 , -0.0220094934 , 21.0505727 , 135.619137 , 137.23161 , 482.882745 , 0.208654954 , -0.458895627 , -0.614048521 , -15036.8647 , 25705.6356 , -14897.5969 , 11062.9404 , 329.121737 , -34168.6047 , 53501.9051 , 15168.5263 , 41388.5988
0.007696 , 22500.1 , 0.750002 , 3e+22 , -1269.81 , 1930.23 , -159.275 , 0.494858 , 0.503638 , 0.501478 , -0.0284181768 , -0.0245963544 , 21.0720084 , 135.711723 , 137.419819 , 483.786238 , 0.175160396 , -0.364445393 , -0.636486748 , 21284.9431 , 9467.00576 , -15648.9198 , 5808.54374 , 19857.7178 , 14253.2421 , -42280.261 , 35186.4902 , 3269.22326
0.007704 , 22492.6 , 0.749753 , 3e+22 , -1746.62 , -71.6385 , -550.553 , 0.49922 , 0.502907 , 0.49736 , -0.0275426597 , -0.0259546078 , 21.0917777 , 135.971967 , 137.608367 , 484.683048 , 0.177450365 , -0.377915013 , -0.656286623 , -9801.73686 , -8403.19911 , 18552.1842 , -17913.8264 , 15211.9127 , 35554.5151 , -24983.7078 , -21631.2168 , -10184.3857
0.007712 , 22486.6 , 0.749554 , 3e+22 , -950.138 , 3024.73 , 208.987 , 0.498366 , 0.504475 , 0.49621 , -0.0297567779 , -0.0262571798 , 21.110741 , 136.175274 , 137.787798 , 485.528468 , 0.129126635 , -0.410063951 , -0.629040103 , 9668.25889 , -3499.8684 , 57976.4072 , 31092.7489 , -1732.31903 , 525.78442 , -28606.0241 , 62634.6625 , -3719.31162
0.00772 , 22476 , 0.749201 , 3e+22 , 493.405 , -1069.18 , 855.595 , 0.501013 , 0.500573 , 0.496803 , -0.0296999696 , -0.0267421362 , 21.1294315 , 136.336141 , 137.955023 , 486.354686 , 0.181849403 , -0.369008186 , -0.655290628 , 21242.4904 , 13381.0189 , -21548.9883 , 28720.859 , 25285.7965 , 15899.713 , 8182.33752 , -24832.5858 , 16468.0981
0.007728 , 22487.9 , 0.749597 , 3e+22 , -3321.65 , -420.174 , 1585.63 , 0.504179 , 0.494553 , 0.500383 , -0.0300513382 , -0.0254738734 , 21.1506047 , 136.498346 , 138.024191 , 487.340516 , 0.16959282 , -0.415647051 , -0.558834812 , 13867.2371 , 25078.1422 , 37921.6934 , 13471.7162 , -22603.6668 , 13827.9579 , -54804.979 , -23929.8875 , 23515.9204
0.007736 , 22486.4 , 0.749547 , 3e+22 , 2657.65 , 237.574 , 1784.68 , 0.498159 , 0.500504 , 0.500372 , -0.0291847516 , -0.0283341701 , 21.1703799 , 136.706979 , 138.105982 , 488.190374 , 0.238791209 , -0.426264809 , -0.613035262 , 27584.6263 , 3913.39229 , 36434.6063 , 24978.6411 , -16309.1939 , 12077.9817 , 71532.9274 , 4715.23858 , 42950.1851
0.007744 , 22505.2 , 0.750173 , 3e+22 , 672.805 , 334.322 , 400.807 , 0.501687 , 0.501537 , 0.497117 , -0.0252036984 , -0.0298371211 , 21.1923722 , 136.889967 , 138.244638 , 489.139392 , 0.262939737 , -0.347289918 , -0.61220651 , 20370.1561 , -14225.4013 , -42590.106 , -2553.62587 , -14022.2367 , -28000.5334 , 4221.54618 , 15960.0803 , 12798.1693
0.007752 , 22521.9 , 0.75073 , 3e+22 , -2629.58 , 555.859 , 3287.28 , 0.500756 , 0.49624 , 0.504361 , -0.0255931398 , -0.0270857222 , 21.2144295 , 137.030513 , 138.327798 , 490.12306 , 0.228732 , -0.341106727 , -0.518113691 , 41903.628 , -18960.7447 , -6974.40611 , 5963.71634 , 8732.56789 , 5075.23586 , -62435.6712 , 16696.2292 , 77005.0882
0.00776 , 22546.7 , 0.751556 , 3e+22 , -2644.02 , 1679.41 , 65.8881 , 0.503459 , 0.498382 , 0.501215 , -0.0241259093 , -0.0285491607 , 21.2369711 , 137.268769 , 138.450473 , 491.142645 , 0.229818604 , -0.318914082 , -0.515933929 , 29979.809 , 35387.967 , -8637.63446 , 3958.90613 , 30711.1896 , 41216.9247 , -35122.2006 , 41677.7278 , 25.0920365
0.007768 , 22545.2 , 0.751506 , 3e+22 , -312.578 , -419.519 , 1521.09 , 0.500032 , 0.504581 , 0.498384 , -0.0251380891 , -0.0271844978 , 21.2572175 , 137.432658 , 138.593643 , 492.035743 , 0.251722608 , -0.342506868 , -0.449894409 , -16877.3694 , 17502.846 , -4467.77519 , -15148.6688 , 2650.06634 , -9804.21945 , -9531.78798 , -5352.14797 , 45823.4553
0.007776 , 22542 , 0.751399 , 3e+22 , -2631.68 , 702.908 , 1561.23 , 0.503013 , 0.50041 , 0.499319 , -0.0243457382 , -0.0298702342 , 21.2769006 , 137.612102 , 138.735813 , 492.865193 , 0.229613152 , -0.294708722 , -0.495202817 , -17525.3789 , -1112.81662 , 29585.9726 , -18946.9862 , -18721.1498 , 15602.0907 , -51285.1112 , 13590.7945 , 25278.2527
0.007784 , 22552.5 , 0.75175 , 3e+22 , -848.566 , -1465.5 , -311.498 , 0.49905 , 0.509278 , 0.495154 , -0.0224006091 , -0.0282280108 , 21.2984919 , 137.763778 , 138.873143 , 493.848413 , 0.176173697 , -0.235713389 , -0.478700895 , -27341.8504 , -2754.10873 , 25984.7221 , 16601.9401 , -6104.84948 , 8959.52476 , -28779.9492 , -48564.6525 , -5922.12147
0.007792 , 22530.5 , 0.751017 , 3e+22 , -1467.95 , 708.243 , 2470.98 , 0.495742 , 0.499999 , 0.506244 , -0.0249050928 , -0.0256677444 , 21.3168256 , 137.969307 , 138.979329 , 494.670084 , 0.20285488 , -0.286300619 , -0.426828644 , 34737.5992 , -8479.81306 , -22270.7605 , -2180.68005 , -14459.9842 , 2746.74887 , -46294.0921 , 26821.8151 , 46425.9824
0.0078 , 22529.9 , 0.750995 , 3e+22 , 972.394 , -1337.74 , -882.386 , 0.498708 , 0.505232 , 0.49803 , -0.0242209097 , -0.0287038832 , 21.3374386 , 138.078756 , 139.105259 , 495.596579 , 0.18338331 , -0.293356779 , -0.467592722 , 33386.6466 , 10607.8806 , -26279.5436 , 2019.56439 , -1686.15109 , 43854.6449 , 31125.1017 , -46013.3769 , -27842.0354
0.007808 , 22549.9 , 0.751665 , 3e+22 , 3966.68 , 629.674 , 1108.75 , 0.504606 , 0.502113 , 0.496513 , -0.023349764 , -0.0259945429 , 21.3600545 , 138.225842 , 139.215737 , 496.610884 , 0.138255218 , -0.305704522 , -0.407230381 , -6805.64033 , -11270.8599 , 13513.151 , 43285.8407 , 23573.6559 , 7423.6816 , 97974.1438 , 7110.43733 , 20069.1219
0.007816 , 22536.8 , 0.751225 , 3e+22 , 308.826 , 1865.54 , -537.362 , 0.493619 , 0.502751 , 0.506059 , -0.0234459275 , -0.0282715507 , 21.3790773 , 138.441437 , 139.345703 , 497.464491 , 0.143148683 , -0.335560024 , -0.423676723 , -4925.99971 , -9579.10271 , -8597.1949 , 1187.37529 , -15945.5671 , -11040.2708 , 14060.9739 , 40430.3018 , -24718.1877
0.007824 , 22544.8 , 0.751492 , 3e+22 , 1097.74 , -458.766 , 2336.05 , 0.503778 , 0.502548 , 0.496619 , -0.0233067596 , -0.030580076 , 21.4007031 , 138.633412 , 139.520495 , 498.418402 , 0.237463474 , -0.333742102 , -0.530084071 , -18224.8311 , 16260.1378 , 8555.30281 , -16149.9998 , -18950.7165 , -11666.2094 , 28060.1681 , -17340.6945 , 54571.0937
0.007832 , 22507.5 , 0.750252 , 3e+22 , 570.391 , 256.628 , -856.206 , 0.493425 , 0.504792 , 0.50228 , -0.0217560571 , -0.0290119195 , 21.4170334 , 138.742158 , 139.721033 , 499.169134 , 0.213101634 , -0.331774238 , -0.45696918 , -31045.9021 , 15948.0377 , -4579.69886 , -42351.9674 , 53438.184 , 23861.8008 , -11564.1403 , 5225.9145 , -19040.4296
0.00784 , 22512.1 , 0.750404 , 3e+22 , 2291.57 , 1027.98 , -1502.83 , 0.500518 , 0.501867 , 0.498375 , -0.0252920738 , -0.0305604392 , 21.4376512 , 138.886945 , 139.965492 , 500.098909 , 0.148509031 , -0.396656847 , -0.509248495 , 4637.68123 , 15358.0994 , -24512.8675 , -33748.699 , 1485.84862 , 2605.13632 , 69080.5652 , 24503.8287 , -33786.4301
0.007848 , 22535.1 , 0.751171 , 3e+22 , -1248.7 , 382.448 , 1049.09 , 0.503373 , 0.502723 , 0.49623 , -0.0259326596 , -0.031822171 , 21.4599473 , 139.03941 , 140.109837 , 501.114644 , 0.141376901 , -0.392685103 , -0.516059915 , -4823.64721 , -21987.6827 , 21735.31 , -36511.5999 , -29731.9061 , -6415.06499 , -9539.30524 , 23676.3186 , 14718.9377
0.007856 , 22548.4 , 0.751612 , 3e+22 , 3102.71 , -1428.05 , 820.375 , 0.499672 , 0.501683 , 0.501799 , -0.0274224208 , -0.0311357852 , 21.4815757 , 139.246619 , 140.282923 , 502.105832 , 0.0339549831 , -0.381532956 , -0.504795969 , 16624.1156 , -27337.4365 , 30635.886 , -6224.69184 , 6993.92753 , 4577.42003 , 60168.8706 , -45810.3802 , 19439.6925
0.007864 , 22528.8 , 0.750961 , 3e+22 , 973.387 , 3751.14 , -1069.94 , 0.501945 , 0.494584 , 0.505301 , -0.0225240041 , -0.0328974788 , 21.4998173 , 139.376274 , 140.432167 , 502.889974 , -0.0122930705 , -0.273952633 , -0.56187844 , 12497.7715 , 14470.8527 , 17098.9835 , -37150.7424 , -5595.33491 , 19847.608 , 29095.8322 , 84846.1277 , -54723.0145
0.007872 , 22564.6 , 0.752155 , 3e+22 , 51.0944 , 3767.25 , 3311.97 , 0.502167 , 0.499031 , 0.502967 , -0.0225606882 , -0.0354118689 , 21.5245036 , 139.474693 , 140.525954 , 504.017081 , -0.028657582 , -0.245617175 , -0.63233102 , -7766.60597 , -1999.35306 , 28867.2174 , -23821.3756 , -3015.89468 , -471.810175 , 8407.84537 , 67381.1982 , 70100.739
0.00788 , 22590.1 , 0.753003 , 3e+22 , 447.764 , 210.989 , -723.496 , 0.50161 , 0.504583 , 0.49981 , -0.0198830664 , -0.0335679607 , 21.5473008 , 139.666759 , 140.636676 , 504.991571 , 0.0174997817 , -0.169425023 , -0.606680009 , -7451.71775 , 27159.951 , 17552.2837 , 8195.07535 , 1042.74313 , -4513.55334 , 5455.70524 , 44964.258 , -23343.0434
0.007888 , 22573 , 0.752434 , 3e+22 , 1545.96 , -289.143 , -2168.7 , 0.501038 , 0.501364 , 0.502426 , -0.0205369719 , -0.0321320369 , 21.5654409 , 139.872105 , 140.745336 , 505.837442 , 0.0174840591 , -0.242618176 , -0.582617335 , -28614.6266 , 12875.406 , -3741.29007 , 2282.69717 , -35263.7482 , -35121.772 , 35416.7195 , 2008.19116 , -38302.4704
0.007896 , 22553.4 , 0.75178 , 3e+22 , 449.181 , 1470.07 , 4493.45 , 0.495168 , 0.507572 , 0.500692 , -0.0197486453 , -0.0265536008 , 21.5831512 , 140.018598 , 140.799282 , 506.693643 , -0.00257524536 , -0.201479673 , -0.464837501 , 2853.14432 , -4612.54719 , 4575.4236 , -1237.7286 , -20908.226 , 9106.19591 , 8792.57178 , 22722.6006 , 106339.181
0.007904 , 22554.3 , 0.751811 , 3e+22 , -2893.42 , -520.98 , 395.624 , 0.507299 , 0.496406 , 0.499868 , -0.0205623475 , -0.0303414998 , 21.603009 , 140.143097 , 140.914297 , 507.606184 , -0.0519689213 , -0.236579189 , -0.543803793 , 29380.3236 , 16572.023 , -26621.291 , -6588.66983 , 527.669379 , 17485.1258 , -57983.8007 , 4681.4465 , -362.820908
0.007912 , 22568 , 0.752268 , 3e+22 , -2585.35 , 407.07 , 980.15 , 0.498934 , 0.501514 , 0.504043 , -0.0209852461 , -0.0306629916 , 21.6244693 , 140.271198 , 141.014201 , 508.531937 , -0.0131924523 , -0.267349714 , -0.556105918 , 18319.8019 , 5330.36604 , -16330.2269 , -14866.9213 , 19489.2912 , 39389.3861 , -41748.5238 , 31365.1514 , 23256.2807
0.00792 , 22568.9 , 0.752296 , 3e+22 , -1400.67 , -1483.81 , 2010.7 , 0.498381 , 0.50288 , 0.503283 , -0.0232266162 , -0.0269420833 , 21.6446478 , 140.43834 , 141.14418 , 509.466537 , 0.0268324992 , -0.322598263 , -0.464183583 , -24473.8961 , 9839.99233 , 3713.50057 , -28175.6562 , 34866.4167 , 27148.5577 , 479.963527 , -19847.7776 , 45937.6919
0.007928 , 22574.9 , 0.752497 , 3e+22 , -195.08 , -515.755 , -161.816 , 0.502932 , 0.501637 , 0.500424 , -0.0213907019 , -0.0296137937 , 21.6653874 , 140.533288 , 141.241506 , 510.448767 , 0.075809978 , -0.280575706 , -0.447077627 , 16725.4204 , -8899.01236 , 18254.7424 , -10992.1995 , -7175.34214 , 9308.47941 , -8245.67409 , 6593.85092 , -3146.61009
0.007936 , 22559 , 0.751966 , 3e+22 , 190.036 , -2346.66 , -1509.32 , 0.502943 , 0.498415 , 0.50253 , -0.0203336197 , -0.0313738527 , 21.6836515 , 140.802506 , 141.417716 , 511.281461 , 0.145475084 , -0.282828319 , -0.510317282 , 20374.206 , -26640.0869 , -17858.1383 , 4265.15743 , -11566.1877 , -23306.2243 , 3831.29701 , -45339.3568 , -38989.3038
0.007944 , 22562.7 , 0.752089 , 3e+22 , -1686.96 , 2843.05 , 1592.9 , 0.508152 , 0.499933 , 0.496015 , -0.0215686414 , -0.0326347695 , 21.7046431 , 141.001785 , 141.550081 , 512.170728 , 0.14245623 , -0.269771084 , -0.559635994 , 18506.0326 , -9188.75961 , -4725.42855 , 26181.4112 , 29098.8635 , -6663.02631 , -33398.8191 , 52762.5005 , 31169.7617
0.007952 , 22556.7 , 0.751891 , 3e+22 , -1797.98 , -2399.44 , -2657.67 , 0.509363 , 0.497488 , 0.49684 , -0.0250309126 , -0.0319772979 , 21.7247704 , 141.170839 , 141.733606 , 513.084645 , 0.102255484 , -0.37077698 , -0.586555145 , 574.565022 , -5050.3205 , -2611.1219 , -6130.24705 , -7146.899 , -8105.64132 , -32708.8457 , -64222.2293 , -66837.9783
0.00796 , 22531.6 , 0.751055 , 3e+22 , -5143.06 , -2145.77 , 790.037 , 0.497762 , 0.502435 , 0.501732 , -0.0264036077 , -0.0315352268 , 21.7422634 , 141.304904 , 141.827284 , 513.863114 , 0.107677844 , -0.395760632 , -0.578742841 , -36103.4774 , 32251.5248 , -34860.0051 , -10057.258 , 29793.548 , -25868.9152 , -118024.377 , -23275.4725 , 17754.03
0.007968 , 22541.7 , 0.751389 , 3e+22 , 1558.33 , 1813.81 , 483.468 , 0.500783 , 0.49755 , 0.504411 , -0.0291229556 , -0.0340275817 , 21.7636888 , 141.412771 , 141.947671 , 514.871615 , 0.139259442 , -0.419157637 , -0.606449284 , -8631.03707 , 9765.70526 , -38992.3635 , 30048.3321 , 27191.8604 , 4515.21896 , 29812.5592 , 43255.6393 , 22164.9841
0.007976 , 22556 , 0.751868 , 3e+22 , 2202.24 , 2304.31 , 1888.97 , 0.496009 , 0.505397 , 0.502251 , -0.0301591452 , -0.0331722315 , 21.7853174 , 141.589302 , 142.038449 , 515.875915 , 0.148298124 , -0.478997004 , -0.539054788 , -4165.75855 , -19894.4353 , -14871.7024 , -22815.3869 , 11815.7655 , -2054.50575 , 52998.4132 , 45836.227 , 43689.2429
0.007984 , 22559.9 , 0.751996 , 3e+22 , 1693.27 , -1237.32 , -725.223 , 0.503155 , 0.499956 , 0.500854 , -0.0295518593 , -0.0365650969 , 21.8059391 , 141.65695 , 142.135536 , 516.829437 , 0.165773346 , -0.480699721 , -0.617470156 , 8591.85544 , -9564.10384 , -10471.7165 , -18200.3187 , -618.840227 , 18486.1705 , 34997.1823 , -26397.3057 , -15512.9248
0.007992 , 22545.6 , 0.75152 , 3e+22 , -519.668 , 429.442 , -933.905 , 0.497859 , 0.507068 , 0.498106 , -0.0233800255 , -0.0375163076 , 21.8253128 , 141.79762 , 142.30242 , 517.723968 , 0.102540533 , -0.388906098 , -0.598953463 , 21666.3908 , 1968.57499 , -10886.9545 , 29124.109 , -13230.6511 , -25477.5149 , -6511.80222 , 24447.6649 , -31098.9209
0.008 , 22544.9 , 0.751496 , 3e+22 , -853.214 , -282.029 , 59.6999 , 0.503658 , 0.501633 , 0.497697 , -0.0223696325 , -0.0393031494 , 21.8456184 , 141.932343 , 142.436184 , 518.66304 , 0.0931802641 , -0.390562394 , -0.706796646 , 12202.3481 , -544.92313 , -12506.1158 , 25796.8145 , -9421.42111 , -19891.6587 , -4937.61714 , -11562.1889 , -3624.67151
