-552933 , 170325 , 385082
-199494 , -31766.3 , 1.01285e+06
760900 , -634838 , -1.11156e+06
-945616 , -1.61288e+06 , -989053
-1.12401e+06 , -520109 , 125702
830647 , -361687 , 871818
1.10638e+06 , 1.21045e+06 , 1.76445e+06
670994 , 2.07543e+06 , 1.82136e+06
1.48274e+06 , 1.25213e+06 , 384032
184674 , -1.17398e+06 , 583140
959952 , -1.31495e+06 , -150822
-1.49679e+06 , 183893 , -380185
-1.5592e+06 , -776141 , -289374
-2.68277e+06 , -393626 , -1.21686e+06
416570 , -304703 , 2.10862e+06
-1.031e+06 , -1.21422e+06 , 372666
331550 , 1.14315e+06 , -804258
-335962 , -615734 , -777826
888397 , -17685.8 , 1.1867e+06
533279 , -1.08679e+06 , 313270
581404 , -1.36213e+06 , 1.8984e+06
1.52623e+06 , 772018 , -1.71999e+06
1.95673e+06 , 1.3746e+06 , -784122
351737 , 474875 , -1.25433e+06
899816 , -308278 , 853826
2.07762e+06 , 498418 , 303914
-1.90581e+06 , -231781 , 247595
360689 , 724129 , 1.24001e+06
-238616 , 1.65885e+06 , -869299
517736 , 1.54568e+06 , -1.23286e+06
-518148 , -2.10766e+06 , 637833
-1.11027e+06 , -1.57266e+06 , 959100
-1.3677e+06 , 2.14201e+06 , 754477
1.45429e+06 , 990991 , -213069
611967 , 753863 , 227642
1.16737e+06 , 399602 , 110706
-1.74687e+06 , 1.27219e+06 , 286737
846051 , -950040 , -1.14131e+06
841063 , -980319 , -2.01914e+06
794572 , -1.23108e+06 , -682216
-859295 , 1.5739e+06 , -727712
1.28522e+06 , -451664 , 1.50527e+06
-1.32957e+06 , -593857 , 785081
780462 , 44334.1 , 523530
1.15035e+06 , 726893 , 2.2818e+06
-1.3878e+06 , -1.49553e+06 , -145091
-2.31807e+06 , 1.15944e+06 , 1.09307e+06
678144 , -1.74941e+06 , -614679
-302299 , -1.30697e+06 , 1.33789e+06
997539 , -832433 , -376242
437677 , -623635 , -2.59637e+06
-126989 , -466872 , 292247
1.84194e+06 , 131851 , -82211.1
231170 , 1.1095e+06 , 938505
903237 , -1.88011e+06 , -283022
-466797 , 310802 , 440839
140126 , 931210 , 1.52293e+06
-1.0301e+06 , -970044 , 864081
-969157 , 642836 , -495433
-1.23488e+06 , -377615 , 1.25259e+06
1.65691e+06 , -1.40085e+06 , -375362
1.02328e+06 , 612115 , -1.43148e+06
734109 , 452769 , 927361
-251623 , -585370 , 1.07581e+06
1.17925e+06 , -850888 , 539883
-1.11247e+06 , 1.26556e+06 , -107517
-67291.7 , -632264 , -1.53602e+06
-1.60714e+06 , -842643 , 284473
-1.33908e+06 , -639009 , 1.37525e+06
-940671 , -254251 , -1.69826e+06
816078 , -1.48686e+06 , 732402
-1.1195e+06 , -526568 , 1.36692e+06
450631 , -358589 , -1.69268e+06
-917507 , -1.66244e+06 , 1.0868e+06
196932 , -1.42162e+06 , -754269
-2.09951e+06 , 1.83608e+06 , 1.50116e+06
-1.1697e+06 , 1.05794e+06 , 731490
-1.15437e+06 , -1.14133e+06 , -569458
1.36401e+06 , 473415 , 670161
582174 , -889756 , 2.27382e+06
-909264 , 436226 , 589057
66191.9 , -498724 , -399123
-898256 , -216491 , 1.26153e+06
-686846 , -267192 , 663354
1.92954e+06 , 1.27386e+06 , -161597
-788883 , 862206 , 3.13252e+06
1.76009e+06 , -842884 , 371830
-36865.8 , -222657 , 2.12597e+06
463668 , 913646 , 221485
501076 , -1.82131e+06 , -52962
-698010 , -375764 , 1.071e+06
176613 , -1.27912e+06 , -1.18523e+06
-285568 , -1.83301e+06 , 90810.1
-1.45559e+06 , 485778 , -1.36952e+06
280351 , -943006 , 193242
1.23864e+06 , 1.13374e+06 , 646356
-454381 , -517807 , 614727
62249.3 , 297417 , -426885
386605 , 96251 , -406433
315658 , -602996 , 860363
-494307 , 277139 , 536399
-676900 , 1.00223e+06 , 762312
-961619 , 2.27021e+06 , 1.45352e+06
-1.36121e+06 , 501329 , 1.7004e+06
-282702 , -782057 , 455599
-680850 , -1.1912e+06 , -213344
838462 , -1.55046e+06 , 238404
-502695 , 582685 , -1.41158e+06
-447708 , -1.00084e+06 , -1.35505e+06
1.89398e+06 , 1.41608e+06 , -943255
652026 , 378832 , 443288
-610798 , -1.14712e+06 , -997845
144613 , 1.64582e+06 , 396572
-1.25572e+06 , 1.29885e+06 , 1.09895e+06
993273 , -438471 , -457887
-1.22043e+06 , -185989 , 1.34923e+06
-181692 , 669630 , 389800
112532 , 943761 , -1.02057e+06
73956.8 , -177972 , 1.71533e+06
-434976 , -1.29622e+06 , 367186
-1.14428e+06 , 400142 , -18326.7
1.46415e+06 , 1.84952e+06 , 504115
564009 , -446465 , -821482
396793 , -331373 , -1.07874e+06
-472281 , 316148 , 533638
-1.39125e+06 , 789695 , 245835
-926926 , 1.04476e+06 , 1.66538e+06
105213 , 1.38227e+06 , 136421
700668 , -862419 , -738310
610392 , 905043 , 1.84131e+06
147991 , -1.22584e+06 , 1.13105e+06
764527 , 226262 , -1.99149e+06
1.82868e+06 , -1.35035e+06 , 536140
1.83777e+06 , -277769 , -1.46411e+06
30925.8 , -2.4704e+06 , 792960
1.0334e+06 , 116823 , -445660
1.1829e+06 , 1.29116e+06 , 330837
150009 , -19044.1 , -820935
519999 , -1.33362e+06 , -1.04796e+06
87371.8 , -1.30111e+06 , 521295
-750435 , 418783 , 1.91718e+06
-427658 , 652525 , -1.63746e+06
659911 , -712291 , 351814
507840 , -350893 , -1.98918e+06
-63571.4 , -761541 , -1.21029e+06
-474089 , -1.99776e+06 , 120507
-1.74969e+06 , 690484 , -348000
344574 , -575296 , -571514
631735 , 945751 , -331000
-685020 , 242418 , 11128.2
1.02214e+06 , 275853 , 1.14717e+06
753161 , 225427 , 811551
-724867 , 65092.6 , 553665
-1.92038e+06 , 140990 , -1.03764e+06
818339 , 866511 , 363600
993868 , 1.64977e+06 , -881813
-252375 , -824430 , 1.03634e+06
-314643 , -589354 , -774043
980531 , -720509 , 1.64669e+06
476450 , 448272 , 335316
-246099 , -404116 , -22197.1
287422 , 1.16932e+06 , 1.04704e+06
1.30458e+06 , 1.16436e+06 , -126165
8206.16 , 1.87302e+06 , 1.17901e+06
471465 , 382891 , 1.86345e+06
-1.17233e+06 , 543370 , -1.04707e+06
708386 , 793034 , -109427
-904641 , -1.14429e+06 , 573058
558228 , 1.25926e+06 , 692912
1.18724e+06 , 574225 , -368401
614029 , 604283 , 1.44278e+06
-1.39478e+06 , -222675 , -1.03172e+06
-633852 , 202364 , -909983
781866 , -412788 , 28272.7
54835.6 , -728083 , 2.34563e+06
1.5546e+06 , 368504 , -502006
514668 , 612997 , -1.08896e+06
738832 , -122123 , 2.2884e+06
-926179 , -646684 , -41584.5
-328171 , -1.62221e+06 , -119552
340952 , -2.21702e+06 , -168235
994580 , -1.32817e+06 , 104540
68254.1 , 831910 , 1.03638e+06
-1.02602e+06 , -557988 , 580547
297221 , 1.04802e+06 , 1.48782e+06
259270 , -214180 , 2.04144e+06
727247 , 270716 , 307403
443096 , -998789 , 343822
83856.3 , 1.72983e+06 , 768335
-1.22226e+06 , 2.11568e+06 , -55504
-457334 , -1.43939e+06 , 1.9674e+06
1.03916e+06 , 849666 , 497131
-1.53841e+06 , 123206 , -83568.1
-1.69026e+06 , -32145.1 , -677974
539606 , 656325 , -790190
749270 , -427972 , 972186
1.50795e+06 , -1.14023e+06 , 427427
837740 , -963934 , -845049
70748.4 , -204009 , 105651
860900 , -534428 , 1.11265e+06
1.25992e+06 , 1.50544e+06 , 1.3315e+06
438063 , 2.37792e+06 , 69964.3
-827728 , -2.35778e+06 , -15392
546521 , 967334 , -321485
-1.32802e+06 , 1.72301e+06 , 212333
-181303 , 193994 , 1.12792e+06
789467 , -99148.2 , 1.29627e+06
317252 , -1.93101e+06 , 2.02694e+06
-1.9023e+06 , -237478 , 329564
-53981.2 , -321268 , -1.57127e+06
-42561.7 , -1.20427e+06 , -97677.6
-745112 , 650260 , -87580
189102 , -95623.3 , 1.37155e+06
-769091 , 792405 , -986633
2.3135e+06 , 288107 , -38716.8
31097.6 , -925556 , 2.1812e+06
-609351 , 874310 , -1.91509e+06
335612 , -970655 , -938062
285427 , 1.87026e+06 , 596268
35980.8 , -506422 , 1.08988e+06
-199498 , 1.93084e+06 , -180454
-990661 , 1.55213e+06 , 1.87253e+06
1.31544e+06 , 313948 , 1.20408e+06
-2.13718e+06 , -19153 , 2.2104e+06
-144678 , 1.26821e+06 , 243792
1.00228e+06 , 354272 , 2.17776e+06
940924 , 1.26694e+06 , 138249
1.0945e+06 , 1.12267e+06 , 394018
560202 , 1.56027e+06 , 614164
-1.12295e+06 , -494220 , 650517
812500 , 1.01633e+06 , -443822
1.72343e+06 , 232787 , 1.73745e+06
-1.04186e+06 , -1.22447e+06 , 787992
1.77158e+06 , 1.70361e+06 , 199121
-342588 , 1.07438e+06 , -625921
-407852 , -5273.26 , 1.72748e+06
-904444 , -1.45591e+06 , -1.33636e+06
96750.8 , 341528 , 1.94846e+06
1.46198e+06 , 591231 , -428702
-280476 , 2.02478e+06 , 354465
1.41763e+06 , 1.03255e+06 , 146308
1.72099e+06 , -1.52913e+06 , -36188.8
-1.15461e+06 , 1.26352e+06 , 1.10966e+06
123222 , 1.81741e+06 , -1.13223e+06
-396235 , -73929.1 , 1.7463e+06
227062 , -1.07676e+06 , 687097
-1.22676e+06 , 1.91745e+06 , 956516
-840473 , 311541 , -36034.2
-681512 , 211375 , 1.11855e+06
900447 , -1.13611e+06 , -815141
1.49477e+06 , 955362 , -11959.4
-1.30718e+06 , -798754 , -1.17308e+06
-959523 , -802348 , -12357.5
190406 , -767616 , 887501
-892556 , 820657 , 1.34082e+06
38955.7 , -411054 , 83447.6
-366504 , -291915 , 409944
-1.00284e+06 , -623252 , 1.26915e+06
-301572 , 1.62626e+06 , 92038.2
-1.56283e+06 , 1.5711e+06 , 1.32789e+06
1.7196e+06 , -1.50372e+06 , 302854
-1.23307e+06 , 1.03428e+06 , 456905
-310296 , -860087 , 224143
619306 , -2.50287e+06 , 1.33725e+06
225970 , -570712 , 920942
-826880 , 312703 , -1.33046e+06
270307 , -1.0605e+06 , 1.52873e+06
-1.101e+06 , -935543 , 837460
646264 , -580637 , 538776
-1.17382e+06 , 1.29509e+06 , 328201
132679 , -1.78145e+06 , 307530
869038 , -772428 , 2.22564e+06
1.85897e+06 , 401156 , 1.09775e+06
1.17371e+06 , 941871 , -2.02012e+06
916510 , 225675 , -824627
-1.7781e+06 , 1.96236e+06 , -503091
357840 , 160579 , 405056
-1.26077e+06 , -1.80523e+06 , 1.93927e+06
1.13676e+06 , 406117 , 1.20392e+06
1.64506e+06 , -63744.8 , 1.03544e+06
-1.43562e+06 , 1.73526e+06 , 122421
-34107.4 , 63003.5 , 2.5987e+06
-485013 , -1.54659e+06 , -500519
-1.28079e+06 , -1.40122e+06 , 589800
200019 , 2.14727e+06 , -34239.7
964622 , 581856 , 1.45413e+06
-1.82337e+06 , 892448 , -653761
1.46992e+06 , -355523 , 343859
-798863 , 1.6718e+06 , 168323
1.12448e+06 , -780360 , 1.32952e+06
789049 , -2.56491e+06 , 338380
1.1323e+06 , -287786 , -2.4106e+06
-837988 , -17234.4 , 77352.6
124228 , 1.71794e+06 , 1.01488e+06
1.28144e+06 , -217251 , 486154
-1.15982e+06 , 2.07904e+06 , 1.00438e+06
-362702 , -465235 , -114638
-549235 , 1.4275e+06 , 773799
962898 , 388138 , -2.17706e+06
719094 , -1.4473e+06 , -1.31608e+06
-1.01439e+06 , 1.00676e+06 , -890582
-1.21004e+06 , 1.58725e+06 , 1.87517e+06
552196 , 1.24909e+06 , -1.54797e+06
722698 , -37964.9 , 1.00556e+06
-20895 , 710384 , -175277
-1.17271e+06 , 382963 , 2.12051e+06
35534.5 , 521194 , 965749
-1.17532e+06 , -1.00448e+06 , 1.57428e+06
-1.3584e+06 , 10532.5 , 907063
402556 , 1.07642e+06 , 1.47367e+06
-1.00809e+06 , -1.00793e+06 , -800220
283223 , -1.16e+06 , -1.22494e+06
1.53147e+06 , 403413 , 1.59909e+06
428691 , -1.74189e+06 , 403075
-1.94042e+06 , -1.2632e+06 , -30628.2
190967 , -1.50063e+06 , 946420
-844353 , 798527 , 870391
-615947 , -1.6394e+06 , 946439
-1.03831e+06 , -103498 , -1.12846e+06
-920496 , 90731.7 , -1.91297e+06
644487 , -1.33068e+06 , 1.22466e+06
-546684 , 744988 , -1.05086e+06
-681332 , 1.37975e+06 , 22879.5
-226296 , -542914 , 798858
-400239 , -1.71543e+06 , -1.10172e+06
-1.64868e+06 , 437862 , 258249
1.02214e+06 , -1.61732e+06 , 441556
920747 , 293878 , 2.0635e+06
508275 , -241226 , 2.12586e+06
-332072 , -679717 , 2.26095e+06
857794 , 944984 , -760206
-374766 , -380586 , 2.21812e+06
-878516 , 290566 , -1.16064e+06
212245 , 368904 , 768362
581491 , 377967 , -1.6825e+06
43326.9 , -1.6269e+06 , 1.27815e+06
801882 , 332847 , 1.52479e+06
1.50273e+06 , -1.83579e+06 , 745637
-691135 , -321617 , 175742
-638932 , -897203 , 213571
592397 , 926710 , 1.83402e+06
751485 , -1.23702e+06 , -353974
-831804 , 143858 , 1.71814e+06
207334 , 1.42947e+06 , -470302
1.44618e+06 , 325977 , 1.29257e+06
85830.6 , -958354 , -280137
-641457 , 1.24418e+06 , 1.63807e+06
2.40255e+06 , -1.09282e+06 , 1.43333e+06
-468804 , -1.13624e+06 , 1.87632e+06
-187208 , 417929 , 2.06261e+06
1.78055e+06 , 1.52506e+06 , -2.82668e+06
552709 , 632678 , -983290
-632110 , -2.05268e+06 , 213555
233707 , 821809 , 868071
1.36568e+06 , 1.02523e+06 , -1.11324e+06
-113592 , -88045.7 , 1.45366e+06
-1.231e+06 , 18705.3 , -1.0334e+06
-1.30022e+06 , -1.65572e+06 , -468609
1.55979e+06 , 1.54405e+06 , 1.06927e+06
-1.86741e+06 , 502950 , 1.14982e+06
1.77774e+06 , 1.45453e+06 , -426957
373186 , -1.06338e+06 , -166338
-252513 , -773573 , 639128
-333241 , -634264 , 3.21752e+06
-422359 , -976238 , 616942
-910578 , -241178 , -489900
-1.67495e+06 , 1.52744e+06 , 723378
1.04806e+06 , 564218 , -100587
-957024 , 1.16492e+06 , -837016
1.38281e+06 , 413795 , 795561
460507 , 106367 , -50653.6
-1.53717e+06 , 1.04551e+06 , 733709
-445252 , 198442 , -422753
962296 , 320274 , 2.02309e+06
1.0966e+06 , 553668 , 166809
-584439 , -1.15033e+06 , 1.6348e+06
-832261 , 1.1855e+06 , -105650
-463077 , 1.48115e+06 , -824448
-1.24336e+06 , 481184 , -805608
1.73025e+06 , -710780 , -639251
1.59431e+06 , 233168 , 250956
415336 , -1.0025e+06 , 104489
-328555 , 729187 , 1.41734e+06
1.41495e+06 , 1.26138e+06 , 69116.5
-2.45343e+06 , 53285.9 , 67675.7
155138 , 1.10695e+06 , 1.92951e+06
293653 , -1.79762e+06 , -174803
-534612 , 457973 , -141740
1.40772e+06 , 641214 , 1.51959e+06
963556 , 35052.7 , -827340
-712098 , 330532 , -684566
907645 , 1.05262e+06 , 893866
1.31291e+06 , -723017 , 1.57447e+06
1.15877e+06 , -1.32636e+06 , -957448
-808313 , -640635 , 666306
-1.50699e+06 , 185162 , 974588
-1.75881e+06 , -1.28921e+06 , -338141
1.43973e+06 , 133774 , -1.99621e+06
-26199.3 , 469783 , -446020
1.11196e+06 , -230345 , 1.24108e+06
-367363 , 1.4898e+06 , 496318
231600 , 1.09544e+06 , 895458
-818190 , 1.51159e+06 , 7861.02
874067 , 921269 , 659150
332056 , 135692 , 341300
-1.56869e+06 , 2.73687e+06 , 708906
851492 , 783498 , 576175
-1.93841e+06 , -700218 , -556209
636518 , 2.27696e+06 , 650585
-175078 , -696501 , 790700
-156612 , -514641 , 1.50287e+06
-855992 , 815781 , 1.56498e+06
-564904 , 945228 , 1.43648e+06
-653898 , 937897 , -954619
-219347 , -671093 , 557945
1.03619e+06 , 398094 , 3.30399e+06
-659361 , -15814.8 , -747117
-1.24772e+06 , 71209.3 , 351155
-1.84743e+06 , -493886 , 752091
-1.53364e+06 , -934311 , 22081.6
1.09177e+06 , 108612 , 1.73552e+06
-1.26856e+06 , 252557 , 538161
-925683 , -228539 , 873486
-698952 , -6223.78 , 1.7075e+06
-249879 , -1.04378e+06 , 152884
-54208.1 , -1.61421e+06 , 108519
-523408 , -96398.7 , -1.18339e+06
273888 , -1.37182e+06 , -669513
434618 , -257893 , -1.5079e+06
1.0549e+06 , -205989 , 857919
78233.4 , -20246.4 , 2.04587e+06
-489172 , 1.54146e+06 , -1.57722e+06
-958646 , -48791.5 , 997462
687436 , 1.74999e+06 , -362655
-1.20328e+06 , 272572 , -639807
-1.12633e+06 , 829545 , 372573
413920 , -985818 , -669260
193039 , 92249 , 1.50288e+06
186177 , -164486 , -392434
1.24133e+06 , -1.214e+06 , -1.78493e+06
-30872.6 , 472395 , 990474
-282919 , 483662 , 1.55575e+06
-216862 , 297169 , -225027
1.09884e+06 , 472748 , -1.56595e+06
1.198e+06 , -1.02974e+06 , -721551
977312 , -1.27156e+06 , 1.24727e+06
-1.1033e+06 , 1.20518e+06 , 628104
-761681 , 1.65079e+06 , -1.55713e+06
2.51103e+06 , 552661 , -455591
-434778 , -759259 , -2.03424e+06
247169 , -140905 , -888010
75853.9 , 1.54151e+06 , -740341
-1.25892e+06 , 347261 , 1.50303e+06
-746479 , 1.05147e+06 , 1.04612e+06
-1.959e+06 , -188176 , 484677
253188 , 1.18614e+06 , 1.37377e+06
1.20132e+06 , 1.22979e+06 , -773204
-841405 , -1.45334e+06 , 1.25822e+06
-789220 , 1.22848e+06 , -894648
-1.9527e+06 , 282311 , -447188
1.73647e+06 , -1.36449e+06 , 1.29793e+06
-517411 , -2.0495e+06 , 130188
-2.19475e+06 , 46560.9 , -349476
-204303 , -1.20585e+06 , 2.01753e+06
440525 , -989159 , 1.64991e+06
1.56831e+06 , -743903 , 178988
-660414 , 1.31881e+06 , -428192
1.17926e+06 , 58513.1 , -451974
326189 , 912847 , 1.8315e+06
1.37897e+06 , -1.22291e+06 , 874647
1.23058e+06 , 568629 , 422173
1.00384e+06 , 1.1038e+06 , -100742
-1.27005e+06 , -477104 , 154387
-567629 , -1.6969e+06 , -993988
-466658 , 1.82094e+06 , 601831
2.71538e+06 , -360861 , 1.31292e+06
-262618 , 105247 , 94141.7
-1.92723e+06 , 476655 , -325357
-1.44629e+06 , 1.44063e+06 , -265135
-1.1951e+06 , 168949 , -2.0679e+06
-198320 , -1.29633e+06 , -1.2945e+06
-1.58527e+06 , -32269.9 , -277278
1.44832e+06 , 1.20025e+06 , -443565
1.34105e+06 , -58302.9 , 872773
-1.20831e+06 , 119915 , -47419.6
-1.12419e+06 , 621381 , 1.42802e+06
-1.16245e+06 , -65531.3 , 1.47708e+06
-247412 , -336796 , -92723.5
-1.53017e+06 , 461446 , -655090
924856 , 1.42314e+06 , -126695
-1.27734e+06 , 1.44981e+06 , 585197
605983 , 921595 , -672417
-1.11136e+06 , 209609 , -1.49332e+06
-97911.3 , -247018 , -1.31247e+06
-737434 , 257238 , 830022
241356 , -104313 , 1.37716e+06
211386 , 512370 , 75961.5
811233 , 299418 , 1.23642e+06
168061 , -1.76235e+06 , 191345
228703 , -1.14319e+06 , 135815
-233918 , 398595 , 13531.4
1.54805e+06 , 624670 , 1.72523e+06
-1.56296e+06 , 1.45636e+06 , 1.56729e+06
-1.59483e+06 , 855702 , 985846
2.03791e+06 , -968666 , -7580.1
-1.479e+06 , 743680 , 337266
-1.43036e+06 , 736262 , 53006.8
-35607 , 187960 , 1.82265e+06
979371 , 627492 , -715457
-384893 , -1.19623e+06 , 957493
354021 , -1.26744e+06 , 171701
-227522 , -726685 , -1.26262e+06
340150 , -992893 , 1.83876e+06
325345 , -754247 , -690726
-761206 , -142598 , -714768
-32528.3 , -263712 , 1.52618e+06
-2.1889e+06 , 343864 , 1.12508e+06
816052 , 954987 , -139245
315678 , -1.93859e+06 , -1.27445e+06
899476 , -724308 , -585873
-1.23825e+06 , -1.06963e+06 , -2.0236e+06
1.39842e+06 , -1.61072e+06 , -183046
680741 , 8709.76 , -166568
2.0277e+06 , 1.24781e+06 , 1.25676e+06
-195016 , -2.22273e+06 , 607624
1.15518e+06 , 598900 , -154848
1.66353e+06 , -621914 , 854761
491774 , 790384 , -53496.5
-1.07353e+06 , -1.65648e+06 , -574822
198250 , -69422.7 , -1.15076e+06
848106 , 1.23096e+06 , 257329
345722 , 385326 , 26500.3
-795876 , -1.02495e+06 , 2.6478e+06
1.03004e+06 , -1.26421e+06 , -820611
802609 , -854658 , 1.80993e+06
884989 , -1.14648e+06 , -547423
-41947.9 , -134083 , 2.29035e+06
-150316 , 509800 , 311993
-1.56499e+06 , -1.21503e+06 , -903964
-842632 , 439193 , 504182
-851407 , -428291 , -1.10817e+06
1.49928e+06 , -757192 , 1.24345e+06
88756.7 , -877920 , -232326
651720 , -1.2098e+06 , -1.48e+06
2.42703e+06 , -1.11074e+06 , -466614
594137 , -1.41932e+06 , 239025
-1.06636e+06 , -1.80877e+06 , -639866
283284 , 617353 , 863086
1.19351e+06 , 488906 , 1.12654e+06
-732059 , -1.83505e+06 , 691230
406602 , 2.01921e+06 , -1.32158e+06
-1.3545e+06 , 687251 , 1.90202e+06
1.10703e+06 , -755954 , 953745
-1.00311e+06 , -1.24675e+06 , 241614
-466548 , -1.301e+06 , 357804
567546 , 94019.4 , 906481
607789 , 1.20827e+06 , -1.14263e+06
635642 , -1.93449e+06 , 177930
-187417 , -47396.4 , 1.19983e+06
115309 , -463697 , 1.15471e+06
227477 , 1.34787e+06 , 136591
692310 , -1.48101e+06 , 1.43343e+06
-48918.8 , -1.37569e+06 , 3.58112e+06
244897 , -706263 , -1.03092e+06
231538 , -422962 , -905761
-1.12542e+06 , -613144 , 784339
667506 , -1.28757e+06 , 1.03538e+06
589394 , 438823 , -1.92536e+06
399977 , -843779 , 485290
315089 , 1.35421e+06 , 1.97897e+06
313291 , 85592.3 , 333926
13984.3 , -1.52604e+06 , 1.18863e+06
-800693 , 790755 , 435392
291958 , -613329 , 1.52181e+06
-506019 , 493294 , 1.9758e+06
-1.34354e+06 , -2.07214e+06 , -706097
-254174 , 1.73199e+06 , -1.69509e+06
870873 , 2.5715e+06 , 360977
-1.17333e+06 , 1.73171e+06 , -312150
206316 , 1.32412e+06 , -1.26163e+06
54076.2 , 885040 , 456173
371824 , -119180 , 1.23481e+06
-1.14754e+06 , -258870 , -1.41272e+06
-1.72234e+06 , -935507 , 226435
-1.17465e+06 , 1.28098e+06 , 666463
319219 , 1.43254e+06 , 428133
-426096 , -413737 , -712507
1.63632e+06 , 455045 , 547038
859711 , 214626 , -735718
726638 , 426451 , -922513
1.0661e+06 , 1.42099e+06 , 8786.51
-750317 , 426262 , 607864
-535626 , -777073 , -738519
23582.3 , -485591 , 2.13229e+06
-1.3963e+06 , 697080 , 1.55166e+06
-32711.4 , 1.37971e+06 , -691534
788201 , 2.10686e+06 , 908194
-835213 , 1.49868e+06 , 987278
270222 , 1.97725e+06 , 549665
573440 , -1.02352e+06 , 2.17817e+06
-1.84201e+06 , -172391 , -1.04068e+06
-897139 , 411423 , 377445
-791370 , 819244 , -537123
-465476 , 980957 , -1.46697e+06
-290531 , 1.69716e+06 , 1.78226e+06
494035 , -1.68856e+06 , 880012
-411523 , 1.3182e+06 , 1.80713e+06
452997 , 1.38782e+06 , 1.70772e+06
578565 , 217612 , 1.56023e+06
2.26494e+06 , -736466 , -1.33073e+06
1.19973e+06 , 114730 , 1.17595e+06
58116.5 , -269840 , 1.7636e+06
1.31631e+06 , -857621 , 194706
-957414 , 363439 , 1.53898e+06
1.61013e+06 , 294884 , 1.43229e+06
-1.66886e+06 , 1.44711e+06 , 41979.9
1.38122e+06 , -361911 , 1.94529e+06
-1.75511e+06 , -1.14935e+06 , 1.5398e+06
-1.25967e+06 , 142023 , -575426
-168659 , 124899 , -563128
-122501 , -921040 , -746767
-1.13514e+06 , 647241 , -40701.8
-509221 , -957466 , -553067
-331994 , -779530 , 1.37885e+06
97745.9 , -1.05232e+06 , 239612
-202989 , -1.62148e+06 , 1.07543e+06
-417505 , -340384 , -341883
-268569 , -515567 , -277878
1.27335e+06 , 110312 , 1.31293e+06
-1.72373e+06 , 1.35529e+06 , -702730
1.67553e+06 , 1.47531e+06 , 821686
-2.25179e+06 , 1.16026e+06 , -806530
875478 , 1.01368e+06 , 1.17113e+06
615313 , -598122 , -591614
1.35005e+06 , -796263 , 814274
-608452 , 1.21947e+06 , -1.60014e+06
249061 , 257084 , 2.0713e+06
-1.37998e+06 , -570480 , 1.24371e+06
-62356.6 , 720360 , 497818
941660 , 737375 , 1.44634e+06
1.52663e+06 , -869297 , 1.47128e+06
-24834.2 , 1.24681e+06 , 502035
2.16605e+06 , -817994 , 785407
1.12004e+06 , 189504 , 252919
254181 , -2.25479e+06 , 2.39195e+06
8360.56 , -1.15196e+06 , 1.85852e+06
-958382 , -1.23265e+06 , -1.40381e+06
1.03178e+06 , 1.92902e+06 , 76246.9
-51712.1 , 704741 , 341846
-157848 , -264718 , 2.05324e+06
-318347 , 1.85762e+06 , 1.16106e+06
-823637 , -328525 , 1.49788e+06
-100092 , -1.82281e+06 , -1.06054e+06
775570 , -2.00274e+06 , -586301
-1.1464e+06 , 1.69884e+06 , 369176
1.54445e+06 , 388613 , 2.14933e+06
983292 , 1.75533e+06 , 518833
-610163 , 304876 , 37517.1
157835 , -46738.1 , 1.77864e+06
-332181 , 1.43041e+06 , 825003
1.4374e+06 , 956329 , 752718
-839735 , 737465 , -1.24027e+06
-604556 , 589156 , 2.06808e+06
725077 , -1.30869e+06 , -412303
-318338 , 229308 , -40964.7
1.2932e+06 , 682438 , -1.33367e+06
786712 , -697342 , 1.686e+06
558091 , 205280 , 1.4141e+06
643372 , 104183 , -872879
-1.30144e+06 , 1.56678e+06 , -240367
1.19283e+06 , -311066 , -169367
1.9574e+06 , -188478 , 2.34799e+06
600156 , -1.00457e+06 , 416843
561626 , 923199 , -435554
-272346 , 158350 , -776462
975064 , -1.54039e+06 , 1.51383e+06
-1.27212e+06 , 343703 , 1.43735e+06
-435095 , 743472 , 43154.8
-1.48986e+06 , -42885.2 , -703578
-1.14595e+06 , -243739 , 842428
-502253 , 582894 , -324219
-1.00894e+06 , -1.23461e+06 , 1.27261e+06
1.78426e+06 , -251614 , 1.22258e+06
-1.50134e+06 , 1.80903e+06 , 358597
-911766 , -1.01746e+06 , 60368.4
513352 , -548987 , -1.76254e+06
780898 , 1.64345e+06 , -586817
-1.53946e+06 , -215703 , -480157
1.40209e+06 , 983320 , 1.67685e+06
427674 , -350038 , 2.05238e+06
-298360 , -1.28179e+06 , 1.34859e+06
-899262 , 1.63654e+06 , -803169
-96089 , 1.56154e+06 , -305475
789071 , -611253 , 424010
-695110 , 754175 , -503772
-1.30598e+06 , -35732.5 , 272370
-303132 , -2.67475e+06 , 149710
503602 , -1.16778e+06 , -516310
678985 , -1.19595e+06 , -39373.3
29329.4 , -114455 , 1.28583e+06
454892 , 1.70637e+06 , -827394
-479178 , 1.28391e+06 , -548202
506681 , -1.35207e+06 , -339786
1.84467e+06 , 39356.7 , -946307
2.16159e+06 , 846977 , -632018
495442 , -938516 , -780154
364544 , -2.18021e+06 , -1.40017e+06
307591 , -244830 , -221796
-195156 , 1.65392e+06 , -1.04407e+06
1.49487e+06 , -437128 , 929562
-2.65312e+06 , -362498 , -941846
-1.10914e+06 , -1.18405e+06 , 68463.5
332858 , -1.4685e+06 , -916537
883543 , -2.13878e+06 , 576476
2.31423e+06 , -465962 , 700100
676559 , -856367 , -1.22204e+06
1.04254e+06 , -933587 , -879763
-1.14706e+06 , 613851 , 1.61339e+06
2.2255e+06 , -98552.6 , -213309
31652 , 804882 , -1.46738e+06
188699 , 2.75175e+06 , 675930
-67563.5 , 457707 , 114433
702634 , 312293 , 3047.14
-496817 , -162362 , -1.77667e+06
397977 , -639706 , 1.16033e+06
-890509 , 826375 , 656730
502959 , 101592 , 433760
1.3061e+06 , 1.30956e+06 , 1.65475e+06
-120593 , -810150 , -1.32782e+06
1.13387e+06 , 55687.9 , 513642
-835421 , -972452 , -1.26104e+06
-408054 , 109330 , 2.08504e+06
970236 , 846511 , -851800
200118 , -1.95121e+06 , 244854
1.28779e+06 , 1.96627e+06 , -359051
-651382 , -2.30108e+06 , -761497
-1.44221e+06 , 871203 , 213536
-1.44674e+06 , -1.76103e+06 , -771834
1.52837e+06 , 1.14304e+06 , -384926
-1.04941e+06 , -700426 , -1.26784e+06
-1.3008e+06 , 1.23654e+06 , 538953
-166089 , -659991 , -1.53446e+06
-849869 , -2874.6 , 1.99272e+06
1.36359e+06 , -292117 , 543487
760878 , 1.09432e+06 , -234770
343969 , 781503 , 1.30079e+06
911704 , -735904 , 1.84763e+06
258461 , -556372 , 473493
-1.05947e+06 , -22197.9 , 694155
770951 , 732660 , -698209
-359942 , 103278 , 70267
23811.6 , 855354 , -2.09977e+06
1.4915e+06 , -126688 , -10343.1
-233530 , -1.81573e+06 , 82503.1
-897819 , -387789 , 1.19411e+06
-866774 , -105343 , 856008
-534868 , -356207 , 716458
327604 , -1.03503e+06 , 2.04711e+06
-760086 , -701902 , 1.39198e+06
312724 , 765918 , 427592
-892521 , 1.60311e+06 , -930727
-605769 , -524602 , -883727
560933 , 1.86356e+06 , -575809
778126 , 1.19967e+06 , 898318
707387 , -1.89425e+06 , -707993
636260 , 1.44954e+06 , -2.09983e+06
1.41126e+06 , 531275 , 1.10867e+06
2.00772e+06 , 1.26027e+06 , 423544
-512085 , -384008 , 1.37549e+06
432468 , -487114 , 1.24091e+06
99691 , -231559 , 1.36281e+06
553387 , 130170 , -2.48825e+06
-21602.8 , 1.53728e+06 , -1.53417e+06
-1.3716e+06 , 158518 , -1.59579e+06
1.42927e+06 , -945735 , -149832
229714 , 984321 , 460083
120863 , -853228 , 1.26691e+06
203454 , -237962 , 1.24766e+06
1.7409e+06 , 511765 , -808954
-1.36475e+06 , -1.20039e+06 , 2.90911e+06
289904 , 959898 , -1.60452e+06
-917855 , 536356 , -1.15156e+06
-1.54444e+06 , 616569 , 443334
2.28784e+06 , 2.20737e+06 , -688499
601877 , 710001 , 850313
759610 , 1.9565e+06 , -684522
-855241 , -831905 , 1.44022e+06
395809 , 236869 , 181331
-753941 , -1.52576e+06 , -1.43634e+06
1.62852e+06 , 435082 , 1.05699e+06
1.65882e+06 , -986113 , 226461
1.65762e+06 , -764710 , -1.3069e+06
451542 , 1.27431e+06 , 431284
1.61773e+06 , 394437 , -349847
-1.01853e+06 , -1.39736e+06 , -813099
-1.53918e+06 , -247888 , 382552
-538288 , -75956.9 , -353323
-572693 , -1.09444e+06 , -346676
-435907 , 32377.7 , 1.83404e+06
484878 , -568842 , -658407
418501 , -475827 , -1.65597e+06
-270931 , -1.32349e+06 , -277662
-564541 , -1.5943e+06 , 117666
1.51777e+06 , 112529 , 351560
8024.34 , -766711 , 1.41124e+06
84800.9 , -120263 , -2.01496e+06
-567098 , -646319 , 1.01271e+06
-920164 , 713411 , -1.8936e+06
2.76046e+06 , 707106 , -917030
809967 , 1.34127e+06 , 1.06324e+06
-1.58144e+06 , 48787.5 , 637877
-859685 , 163763 , 832868
774507 , -36000 , -1.89695e+06
1.8051e+06 , 287778 , 1.01278e+06
776384 , -1.02235e+06 , -580853
1.09853e+06 , -310269 , 1.21139e+06
-1.62111e+06 , 670674 , -463645
7162.77 , 1.9442e+06 , 885712
317480 , -756471 , 434616
-532299 , -1.261e+06 , -1.53195e+06
1.08903e+06 , -2.50851e+06 , 1.08188e+06
-118229 , -761946 , 271018
-404626 , -1.02712e+06 , -785674
717738 , 1.93555e+06 , -411306
1.30643e+06 , 1.82637e+06 , -630641
-631958 , 2.18763e+06 , 903381
-2.18474e+06 , 776265 , 637528
1.01944e+06 , -895053 , 2.67524e+06
-1.97039e+06 , 691749 , -288378
-381170 , 1.28881e+06 , -377256
2.47809e+06 , -436830 , 2.48518e+06
103038 , -1.30729e+06 , 981476
379266 , -1.50532e+06 , -48126.6
289951 , -1.66459e+06 , 84203.6
1.06587e+06 , 289640 , 787202
-732844 , 1.31747e+06 , -556727
-1.39669e+06 , 1.30832e+06 , -252109
753165 , -370651 , -391990
-235972 , 25790 , 1.5863e+06
-1.48138e+06 , 40703.6 , 409074
1.67016e+06 , -12813.1 , -1.06754e+06
-816547 , 603906 , 186834
-1.03098e+06 , 872515 , -895743
357883 , 2.44626e+06 , -496593
1.59358e+06 , -980923 , -866235
818984 , 1.06901e+06 , 676721
-311121 , -736988 , -120348
-52974.7 , 756874 , 609534
1.09615e+06 , 1.64067e+06 , -267425
-493708 , 1.28927e+06 , 465405
515340 , 1.02339e+06 , 1.11779e+06
671043 , -461175 , -894500
1.44964e+06 , -510244 , 111119
690750 , -1.13555e+06 , 249962
-52590 , -1.42092e+06 , -1.88245e+06
-706640 , 549916 , -1.68173e+06
-1.21993e+06 , -89980.7 , -947828
206918 , 974936 , -778025
625828 , -464942 , 51479.8
-846654 , 1.80861e+06 , -282277
1.26955e+06 , -796528 , 750641
812889 , -1.83313e+06 , -504587
694049 , -223569 , 988489
-1.59407e+06 , 758972 , 270612
-124924 , -190251 , -550521
-1.40722e+06 , 64399.6 , 1.70358e+06
667305 , 1.35707e+06 , 114737
-1.72531e+06 , 55796.8 , 340.424
2.13191e+06 , 431154 , -528709
-1.35371e+06 , -1.52347e+06 , -480312
1.15478e+06 , 1.23313e+06 , -1.01815e+06
-505086 , -792878 , -388253
60040.2 , -595242 , -786800
-707096 , -627286 , -554415
-799348 , -1.0101e+06 , -1.48472e+06
-533911 , 1.98432e+06 , -872416
344950 , -292535 , -2.35528e+06
215405 , 288136 , 629577
565437 , -645872 , 1.47687e+06
-818906 , -16875.6 , 760673
-1.09694e+06 , -222253 , 949547
39154 , 1.08385e+06 , 1.2644e+06
291283 , 1.28251e+06 , 972621
627571 , 110688 , 938133
635658 , -366919 , -362967
-849538 , 170079 , 1.03932e+06
-917575 , 220759 , 502496
-128337 , 1.67743e+06 , 982730
241868 , 211789 , 941721
-229173 , 606872 , -827553
-34103 , -665675 , 1.52463e+06
424716 , 348429 , -833802
-601758 , -827041 , 2.70061e+06
785830 , -777628 , 385334
-165858 , 891358 , 1.18915e+06
-1.33068e+06 , 824440 , -452244
932069 , -1.0677e+06 , 1.29961e+06
4012.37 , -635490 , 103519
-111079 , -338176 , 1.78741e+06
-795954 , 202066 , 1.42469e+06
-918494 , 645150 , 1.2501e+06
-307026 , -1.59131e+06 , 98737.9
-1.41033e+06 , 371766 , 858330
683769 , 1.8477e+06 , 1.36061e+06
1.20936e+06 , 249953 , 368182
-660509 , 617475 , 3.02016e+06
-1.66782e+06 , -203030 , 448586
-928027 , 724056 , -847988
1.44178e+06 , 510740 , -743107
-1.47482e+06 , -366939 , 2.1019e+06
-1.12252e+06 , 725835 , 2.42694e+06
711246 , -580465 , 1.46197e+06
481381 , 1.78849e+06 , -629645
-153509 , 1.59529e+06 , -922683
1.0402e+06 , 1.41262e+06 , -1.33915e+06
-31867.7 , 1.62115e+06 , 952180
-342992 , 187739 , -1.85916e+06
946688 , 915820 , 1.74378e+06
-1.16514e+06 , -801271 , -769749
-651548 , -808745 , 528426
-610963 , 2.53101e+06 , 1.21592e+06
-795817 , -102885 , -766151
-1.28812e+06 , 852197 , -481939
1.5819e+06 , 893412 , -911125
263933 , -1.99177e+06 , 1.53103e+06
457120 , -115963 , -703342
1.94274e+06 , 116555 , 605940
-921081 , -449560 , 624139
1.28752e+06 , -1.10203e+06 , 1.10573e+06
1.63109e+06 , -545612 , -571254
1.14627e+06 , 477791 , 235213
-175352 , -159570 , -1.30594e+06
-223459 , 633211 , 4373.57
-785364 , -538494 , -2.46797e+06
167784 , 626699 , -2.46218e+06
284367 , 332408 , 1.75136e+06
42291.7 , -1.81283e+06 , -623175
-385079 , 508549 , -701261
30233.8 , 53886.2 , -1.34188e+06
802667 , 108718 , -558581
81147.3 , -260082 , 621866
1.08343e+06 , 597053 , 877091
-105548 , -1.87326e+06 , 1.34342e+06
-560219 , -2.05649e+06 , 355450
2.13088e+06 , -228821 , -21804.4
-926342 , 1.13519e+06 , 595953
-666150 , 64319.4 , 300979
868279 , 5601.7 , 1.63793e+06
1.88051e+06 , -1.4063e+06 , 1.18315e+06
-77720 , 267631 , 15622.2
-839879 , -1.75171e+06 , 871791
-214273 , -2.07222e+06 , -1.32648e+06
-1.16642e+06 , -182203 , 192202
1.28085e+06 , -1.30093e+06 , 241423
-1.20273e+06 , 1.66067e+06 , -1.35924e+06
920900 , 1.66841e+06 , -455610
-439595 , 915505 , -1.45321e+06
192439 , 1.00889e+06 , -1.91789e+06
20141.9 , -1.36942e+06 , 328957
577083 , 168860 , -1.11097e+06
-920158 , 288593 , -323482
-160113 , 1.03649e+06 , 530196
-2.55747e+06 , -896362 , -1.53055e+06
1.9309e+06 , -1.26069e+06 , -44394.4
2.08101e+06 , 868087 , 1.14705e+06
-1.59598e+06 , -38323 , 1.80925e+06
-277833 , 1.2941e+06 , -997459
1.38597e+06 , 709861 , 1.26111e+06
898428 , -531975 , 1.06912e+06
1.00032e+06 , -163496 , -510928
465695 , 1.40877e+06 , -1.29248e+06
1.13668e+06 , -1.36139e+06 , 789680
-784576 , 1.10458e+06 , 555889
-841726 , 1.33588e+06 , 2.20901e+06
-40837.5 , 707574 , -782621
-1.35418e+06 , -404121 , 9410.64
-496158 , -1.50806e+06 , 151168
132871 , 408331 , -946654
1.6791e+06 , -134125 , 2.54679e+06
-792672 , 524461 , -1.68227e+06
1.16735e+06 , -810983 , -370284
1.5636e+06 , -1.64438e+06 , 1.46441e+06
162907 , 490230 , 1.36866e+06
1.70928e+06 , -189890 , 779429
-708013 , -434388 , -1.25109e+06
-85328.2 , 1.42848e+06 , 438615
1.28267e+06 , -289307 , 386143
-362124 , 2.15264e+06 , 65924.7
-64518.2 , 1.31521e+06 , 1.8189e+06
-987287 , 58712.6 , 1.51394e+06
-1.113e+06 , 949666 , 769149
242849 , -2.74822e+06 , 750261
290037 , 757564 , -150195
-709213 , 21270.1 , -249567
-497968 , 681483 , -437803
-119848 , 860995 , -873950
-286366 , -326225 , -2.16921e+06
898353 , 1.03147e+06 , 618795
2.13493e+06 , -289184 , 551120
428154 , 691885 , -1.07399e+06
804369 , 648154 , -169852
908629 , 336382 , -1.41576e+06
-417396 , 396430 , 319709
-349385 , 1.54368e+06 , 424500
-546887 , -1.10593e+06 , -1.21917e+06
-1.07014e+06 , 307440 , -1.02442e+06
-188829 , -455675 , -1.45597e+06
472450 , -222891 , 539021
483875 , -1.07973e+06 , 278060
166847 , 966990 , 914297
140473 , -1.25494e+06 , -267195
331604 , -987030 , 1.16467e+06
-1.88592e+06 , -404928 , -795836
-191863 , 1.13564e+06 , 188760
-380581 , -202842 , 788699
1.24801e+06 , -659292 , -1.53404e+06
892072 , 750344 , 956807
349588 , -764109 , 864554
3701.39 , -2.06689e+06 , 843836
1.10452e+06 , -1.04806e+06 , -735997
699502 , 923481 , 1.35651e+06
809526 , -105810 , -565638
-1.46505e+06 , -999075 , 386532
618454 , -514880 , 267567
-1.01879e+06 , -1.01898e+06 , 1.39539e+06
454144 , 129134 , -1.53051e+06
-1.44796e+06 , -657804 , 1.10297e+06
-1.27365e+06 , -1.98653e+06 , 1.48969e+06
-2.02115e+06 , 62309.1 , -1.18923e+06
-1.73649e+06 , 503185 , 42228.9
716343 , -619775 , 766691
521297 , 166716 , -223012
-588518 , 56324.7 , 530022
-697228 , -1.2774e+06 , 1.74554e+06
789502 , 1.6865e+06 , 74522.1
172703 , 305523 , 1.45431e+06
-59540.9 , -1.47428e+06 , -697855
-1.17231e+06 , -80195.2 , -809202
120301 , 106429 , 435088
-837800 , 339379 , 1.13178e+06
1.9601e+06 , 1.09301e+06 , -196964
-1.06881e+06 , 293359 , 1.57328e+06
1.57557e+06 , 232101 , 625964
-698430 , -1.97345e+06 , 214941
-546625 , 1.56865e+06 , 451897
958749 , 493504 , -255565
1.08278e+06 , -1.69146e+06 , -971522
-481395 , -1.11401e+06 , 2.43112e+06
1.45094e+06 , -1.24095e+06 , 62144.5
-1.01642e+06 , 1.32613e+06 , 473910
-996421 , 1.37969e+06 , 1.00907e+06
1.47728e+06 , 1.00903e+06 , 862841
415114 , 1.96366e+06 , 641721
381686 , 1.00631e+06 , -887622
412369 , 139800 , 844444
-663911 , -387945 , -1.41884e+06
-423440 , -727537 , 361321
497519 , -851549 , 569671
-955934 , -356485 , -1.16961e+06
634082 , 1.10693e+06 , -1.19279e+06
997951 , -391084 , 643929
-363543 , 1.33006e+06 , -577772
410169 , -2.3558e+06 , 1.2867e+06
1.1887e+06 , -1.09851e+06 , -1.15342e+06
960179 , -199575 , 1.64202e+06
-1.73481e+06 , 568472 , -688855
-245083 , 1.54879e+06 , -806372
2.43339e+06 , 1.158e+06 , 1.76482e+06
946713 , -1.25114e+06 , -172587
480258 , -509466 , 541580
-845460 , -305540 , 96362.4
938736 , -563307 , 386592
1.5258e+06 , 759982 , 774968
-382805 , 296343 , -1.06998e+06
-13882.4 , -411950 , -539969
136641 , 438986 , -1.62721e+06
440965 , 591576 , 1.3494e+06
869615 , 1.40368e+06 , 1.63965e+06
452399 , 2.2977e+06 , 259180
314658 , -156850 , 1.39987e+06
334039 , 133069 , 112966
-808164 , -1.12087e+06 , -596032
-254349 , -434584 , 58897.3
-1.07566e+06 , 499631 , 582424
1.04622e+06 , 611007 , 281896
-52076.2 , -561225 , 2.189e+06
1.19526e+06 , 708632 , -1.2064e+06
17362 , 262031 , -1.26759e+06
-658378 , 1.57482e+06 , 1.03482e+06
-229620 , 279279 , 507414
998942 , 1.15713e+06 , -870164
99594.5 , 577344 , 845114
-1.03037e+06 , -693035 , 296086
1.44285e+06 , -439730 , -823921
315381 , -521069 , 2.27427e+06
-361909 , -2.11055e+06 , 2.51089e+06
-855116 , 648053 , -296970
-17446.5 , -697185 , -33948
537605 , 445125 , 1.15628e+06
356589 , 1.86766e+06 , -814599
1.84101e+06 , 322642 , -706183
622193 , 186817 , -404149
-682689 , 542289 , -341439
466378 , 648434 , 1.05537e+06
315804 , -739999 , 1.14383e+06
-232752 , 366252 , 2.04564e+06
-518234 , -1.13252e+06 , -1.67119e+06
-121338 , -1.34402e+06 , 778186
1.9564e+06 , -488762 , 910876
370604 , -723160 , -675083
1.19668e+06 , 1.20467e+06 , -793043
1.64737e+06 , 636450 , -989897
1.72996e+06 , 1.2784e+06 , 811324
1.66586e+06 , 579162 , 1.16273e+06
-1.20355e+06 , -2.49197e+06 , 570503
52851.7 , -2.03875e+06 , 1.63341e+06
-1.2437e+06 , -1.11083e+06 , 2.27662e+06
-1.38721e+06 , 1.76456e+06 , 116888
1.4547e+06 , 864269 , -118163
-669990 , 511097 , 224458
-424901 , -1.85644e+06 , -474814
378209 , 1.15762e+06 , -1835.55
1.20026e+06 , -208887 , 914891
368711 , 743800 , 42492.9
5331.26 , 624427 , 92370.2
-152528 , 557348 , -905731
415311 , -2.89714e+06 , 1.04308e+06
-344587 , 553690 , 2.02378e+06
-379041 , 696730 , 2.53339e+06
988789 , 1.86785e+06 , -990114
-13211.1 , 117882 , 1.14044e+06
-930991 , 2.05122e+06 , -255529
-85888.2 , 1.08402e+06 , -1.05404e+06
-1.63164e+06 , -85335.4 , 1.93077e+06
2.11387e+06 , -802107 , 666689
38788.3 , -765653 , 58778.7
-1.81157e+06 , 452075 , -330806
488837 , -2.18929e+06 , 1.78051e+06
2.12967e+06 , 806547 , -137725
-878970 , -39221.6 , 137412
2.29638e+06 , -49917.9 , -667358
57825.9 , -566965 , 2.43501e+06
17702.3 , -807594 , 2.05346e+06
119561 , 1.24179e+06 , -1.74819e+06
731247 , -1.71094e+06 , 860230
-1.72425e+06 , -140260 , 651725
976065 , 222567 , 1.57078e+06
264859 , -1.41109e+06 , -865883
-1.60134e+06 , -2.06424e+06 , 1.80004e+06
-677696 , 549225 , 1.11328e+06
2.79777e+06 , -478779 , -437774
892842 , -356471 , 1.71396e+06
-1.35536e+06 , 2.31997e+06 , 608038
146082 , 114816 , -451172
1.37167e+06 , 262688 , -1.26719e+06
-634816 , -1.54591e+06 , -875649
325182 , -401335 , 661946
448957 , -1.10032e+06 , -1.15652e+06
-681114 , 1.64079e+06 , 579913
444452 , -1.73858e+06 , 1.43546e+06
727434 , -727783 , -1.02038e+06
-913703 , -424338 , -651897
762777 , -196457 , 1.29592e+06
582797 , -868875 , -4685.65
130764 , -496208 , -1.75206e+06
-1.50619e+06 , -752720 , 1.48722e+06
-36244.7 , 540943 , 1.57654e+06
16050.6 , -186051 , 652256
519933 , -1.83626e+06 , -344059
1.41383e+06 , 763039 , 605069
-271713 , -1.94069e+06 , 1.19936e+06
-1.44063e+06 , -1.16983e+06 , 198523
114038 , -1.61042e+06 , 106534
1.8945e+06 , -108888 , -218874
1.52924e+06 , -367244 , 542116
-164358 , -940878 , 1.46444e+06
116570 , 1.7712e+06 , -166261
901519 , -945840 , 844201
834936 , 764860 , -1.57545e+06
-589444 , 1.41141e+06 , -522206
-2.72818e+06 , -499864 , 286092
-1.4827e+06 , 886555 , -1.00014e+06
707639 , 395385 , -644189
-2.41395e+06 , -313382 , 1.8869e+06
451760 , -315423 , 1.33873e+06
648573 , -1.3905e+06 , -63685.5
1.13587e+06 , 521130 , -1.1693e+06
1.75725e+06 , 81569.4 , -693219
-528108 , -1.36724e+06 , -392182
813014 , 156735 , 1.09086e+06
130828 , -344585 , -365901
-1.26807e+06 , -735811 , 2.06789e+06
762936 , -1.68727e+06 , 1.21777e+06
-925476 , 885986 , 448666
-917819 , -1.33926e+06 , 1.77281e+06
934075 , -189932 , 2.16191e+06
-750176 , -306502 , -203683
-210475 , 1.46091e+06 , 469400
-52890 , 1.14759e+06 , 1.82883e+06
64418.4 , 2.10318e+06 , 768552
-314639 , -2.34075e+06 , 1.15989e+06
1.87516e+06 , -51198.7 , -481070
208920 , -1.89323e+06 , 59481.7
-1.27212e+06 , -378562 , -16226.5
-1.155e+06 , 1.64087e+06 , 1.09e+06
-156306 , 94084 , 1.36554e+06
549489 , 1.32777e+06 , -1.09815e+06
-1.92038e+06 , 1.30098e+06 , -307850
-2.14463e+06 , 793073 , 1.18167e+06
-649992 , -72829.9 , -831244
1.6671e+06 , -1.34206e+06 , 335541
-473930 , 1.60577e+06 , 672750
-677783 , -502470 , 1.11354e+06
515532 , 246561 , 541636
1.1282e+06 , 783988 , 608296
-67402.7 , 1.2019e+06 , -932815
-1.33612e+06 , 340956 , -2.06863e+06
-493203 , 557317 , -1.37261e+06
280656 , 1.10055e+06 , -167467
-891337 , 1.12817e+06 , -620532
-1.50742e+06 , 1.24567e+06 , -328092
1.10458e+06 , 185781 , 389104
-509614 , -1.15303e+06 , 750598
-926335 , -201549 , 604820
-453701 , 472098 , -1.01136e+06
971946 , 1.0976e+06 , 647931
-174124 , 582264 , -735410
-1.78975e+06 , 1.03672e+06 , -187890
-760176 , -1.12419e+06 , 749850
202192 , 1.11061e+06 , -786257
-1.05804e+06 , 1.14094e+06 , -321221
-2.21252e+06 , 487948 , 333176
-930598 , -2.41114e+06 , 404830
-1.02932e+06 , -36505.3 , 2.53709e+06
1.11508e+06 , 1.49394e+06 , -84539.2
1.29557e+06 , 238183 , 135128
-609467 , -175310 , -1.12271e+06
-1.96953e+06 , 411710 , -1.02896e+06
-841845 , -1.77176e+06 , 1.42411e+06
101785 , 1.96879e+06 , -861593
-143704 , -750900 , 1.38214e+06
2.04645e+06 , 881982 , 976440
2.72418e+06 , -1.93691e+06 , 199862
1.08883e+06 , -917733 , 1.64216e+06
-1.45549e+06 , 352478 , -1.50817e+06
-545592 , -29639.8 , -1.11861e+06
187767 , -738312 , -495709
970168 , -189151 , 941206
-1.10653e+06 , -76441.5 , 1.20427e+06
-889799 , -2.30123e+06 , 795850
1.47131e+06 , -1.30052e+06 , -1.84309e+06
466639 , -1.26918e+06 , -425869
-320107 , -2.42879e+06 , -78450.1
565213 , -244127 , -439018
-515049 , -154215 , 2.28107e+06
-621748 , 106273 , 2.42504e+06
-491837 , 1.09438e+06 , 197176
418052 , 2.12142e+06 , 503589
356851 , -976340 , 787837
315899 , -207316 , 1.29106e+06
-102646 , 134013 , 1.24662e+06
394512 , 954386 , -354554
113366 , -2011.49 , -886493
683834 , -2.18412e+06 , 244036
-111786 , 829837 , 636911
-1.00691e+06 , -152027 , -454654
-1.34707e+06 , 959920 , -776388
-361326 , -879929 , 1.09573e+06
-524120 , -582635 , 2.62131e+06
955652 , -1.26938e+06 , -914799
1.45822e+06 , 1.66839e+06 , -527251
-889536 , 1.17802e+06 , 914652
1.34512e+06 , -302230 , -253602
-1.15453e+06 , 526160 , -1.49078e+06
-440946 , 93591.9 , 782326
-165889 , 2.02902e+06 , 1.3698e+06
-595308 , 33063.9 , -359535
-136940 , 1.64918e+06 , 269341
-1.08461e+06 , 898679 , 738961
-115929 , -645880 , 800395
-383539 , -177333 , 1.30396e+06
1.73538e+06 , -356431 , 1.10158e+06
-1.25593e+06 , -1.74547e+06 , -499209
-1.10289e+06 , 1.88841e+06 , 543899
-879586 , 736501 , -302723
-1.06258e+06 , 791786 , 509981
343612 , -1.53808e+06 , -134828
130498 , -2.09405e+06 , -547008
514472 , -315716 , 438940
941834 , -308074 , 2.4907e+06
-779964 , -1.49698e+06 , 1.22413e+06
1.01358e+06 , 1.63813e+06 , -407183
-715143 , 1.7386e+06 , 1.14675e+06
2.32849e+06 , 413093 , -687495
-930947 , 1.31078e+06 , -1.28913e+06
-1.19353e+06 , 238098 , -115451
895329 , 956005 , -1.32711e+06
-328006 , -396334 , -1.73821e+06
1.21993e+06 , 508017 , 157520
91223 , -1.12753e+06 , 255695
-179567 , 78539.7 , -696421
-1.27696e+06 , -242641 , 1.1116e+06
-1.01241e+06 , -925800 , -897179
-693852 , 151073 , 690984
-53455.9 , -302468 , -1.42903e+06
-142000 , -432285 , -2.09183e+06
-1.70725e+06 , 461713 , -1.15952e+06
1.44955e+06 , -109833 , -1.84648e+06
93483.5 , 1.44153e+06 , 920135
1.16811e+06 , 851043 , 816611
-2.61663e+06 , -867954 , 972996
558581 , 1.10845e+06 , 928342
-392602 , -2.58679e+06 , 46054.9
489517 , -557318 , -1.02777e+06
612069 , -389879 , 2.0623e+06
-315705 , -616142 , -58975.3
1.6089e+06 , 156370 , -1.89095e+06
-1.72613e+06 , 518390 , -1.2103e+06
-436078 , -1.5649e+06 , 1.42447e+06
-61813.1 , 632933 , -314722
-871816 , 200509 , -1.89038e+06
816419 , -183338 , -162120
97591.9 , 1.35339e+06 , 658374
957562 , -199401 , 2.29102e+06
-507758 , -2.27029e+06 , -715112
176579 , -807903 , -75125.7
777688 , 766138 , 2.04036e+06
-276439 , 343620 , -777853
-930965 , 748857 , 1.60011e+06
-1.22542e+06 , -1.58493e+06 , 49006.1
-18807 , -325098 , -1.46651e+06
-469607 , 725757 , 31793.3
292104 , -532526 , -1.28316e+06
-362736 , -2.11182e+06 , 822004
-1.65553e+06 , 391450 , -1.66296e+06
-1.12389e+06 , 818831 , -782958
944483 , -1.26248e+06 , 2.13534e+06
-1.53475e+06 , 542649 , 265399
1.77404e+06 , 299372 , 1.87909e+06
-858112 , -827748 , -218473
153531 , 580939 , 68281.2
-1.19608e+06 , -1.34549e+06 , 211313
-213621 , 1.08862e+06 , 450142
-1.36253e+06 , -999768 , 520730
185725 , -616963 , 2.54875e+06
-262848 , 237251 , 2.32924e+06
356967 , -569799 , 1.86283e+06
-216513 , -637045 , 879530
769762 , 1.18324e+06 , 397922
754506 , 471455 , -1.21389e+06
1.00961e+06 , 812103 , -633015
-1.81153e+06 , 74495.4 , 948127
-1.26544e+06 , 675002 , -11846.8
-94382.3 , -2.33556e+06 , 492266
-604861 , 896709 , 1.28509e+06
580682 , -1.09232e+06 , -852816
784060 , -1.57086e+06 , -693729
1.90573e+06 , 1.43345e+06 , 711067
622507 , -472839 , -1.41908e+06
-77783.4 , -245231 , 1.36013e+06
1.79171e+06 , 1.36581e+06 , -752603
1.00471e+06 , 333469 , 702923
344696 , 2.35122e+06 , -74043.4
21960.3 , -1.48037e+06 , 908093
679872 , -21916.1 , -53446.5
-618396 , -531768 , -1.01613e+06
500586 , 1.72999e+06 , 1.1745e+06
-379789 , 1.37767e+06 , -270489
-749820 , 227728 , 1.6846e+06
-1.01244e+06 , 76931.1 , 455668
1.14733e+06 , 48194.1 , 1.63084e+06
1.20081e+06 , 567677 , -174736
-1.12005e+06 , -1.21969e+06 , -884714
-451511 , 1.50361e+06 , -648788
-127806 , 550867 , -263393
-514497 , -67698.5 , -1.10893e+06
293700 , -1.57421e+06 , -702133
-256195 , 668846 , 42732.3
902431 , -814787 , -494657
-730369 , 787856 , -1.18559e+06
-1.11649e+06 , 2.09843e+06 , -885948
21926.9 , 2.27727e+06 , -168177
-891440 , -460361 , 381480
683367 , 1.35785e+06 , 1.43779e+06
-1.09279e+06 , -43184.3 , -543075
1.65244e+06 , 1.27588e+06 , 201756
-1.35338e+06 , -1.01459e+06 , -173929
1.26524e+06 , -820050 , 1.91513e+06
2.23607e+06 , 501667 , 533488
1.83135e+06 , -75008.1 , -464774
-1.3228e+06 , 881076 , -493678
268056 , 320049 , 876024
-244216 , -52276.2 , 2.30483e+06
197340 , 1.96366e+06 , 1.18024e+06
202608 , 482004 , 382741
-660325 , 998670 , 236848
1.25044e+06 , 1.05422e+06 , 735281
760196 , 1.13089e+06 , -1.24479e+06
1.06343e+06 , 1.55922e+06 , -1.49705e+06
-291835 , -749098 , 83386.8
-493823 , -606017 , 590956
792370 , 551153 , 98571.9
-561268 , 1.01681e+06 , 255912
-659904 , -671566 , 931145
195963 , 1.18433e+06 , 521271
-673038 , -1.7519e+06 , -333635
-844346 , 216001 , 183670
-971366 , 1.45909e+06 , -884062
1.38298e+06 , 1.16324e+06 , -340223
1.01538e+06 , 977363 , 11589.4
-77590.5 , 1.82098e+06 , 302358
1.29216e+06 , -571061 , 118155
-1.35347e+06 , 114499 , 1.31244e+06
32099.4 , -1.26808e+06 , -997438
-218328 , 655745 , 1.36405e+06
-1.07069e+06 , -1.68031e+06 , 1.35944e+06
343245 , 1.67476e+06 , -329150
340473 , -2.30229e+06 , 1.89239e+06
462252 , -248360 , 1.63472e+06
1.22497e+06 , -1.15462e+06 , 784376
-427088 , -352996 , -1.61921e+06
729473 , -478294 , 1.25583e+06
311771 , 1.20944e+06 , 2.17829e+06
-745580 , 1.63551e+06 , 1.23646e+06
255237 , 1.14453e+06 , -998952
-830685 , 514924 , 346194
-1.86187e+06 , -35157.3 , -834450
-1.42323e+06 , -1.11309e+06 , 1.30513e+06
-277640 , -253108 , -610324
1.56605e+06 , 825558 , 170434
1.24723e+06 , 904428 , 1.24716e+06
-1.67942e+06 , 1.2433e+06 , 54241
-665030 , -449870 , -1.5938e+06
-227509 , -1.03208e+06 , 1.2843e+06
700127 , 1.34794e+06 , -361226
-78077 , -505685 , 1.37743e+06
-1.37664e+06 , 785067 , 1.17489e+06
1.09909e+06 , 356945 , 438267
1.39862e+06 , 515922 , -1.03479e+06
264416 , -314702 , -1.89593e+06
-302521 , -475283 , -2.29125e+06
-520709 , -107811 , -893970
998388 , 1.4535e+06 , 95587.4
220107 , 1.55033e+06 , 962084
-1.70213e+06 , -1.26756e+06 , -863949
-1.23456e+06 , 1.50122e+06 , 502176
-276292 , -798761 , 905260
235091 , 1.13943e+06 , 108463
1.07763e+06 , 168347 , 894224
-934866 , 883377 , 250336
-827629 , -1.18463e+06 , -1.10866e+06
546624 , -253400 , 798815
-884567 , -242992 , 2.04098e+06
-1.40482e+06 , 1.13842e+06 , 433980
33934.3 , 180534 , 2.45536e+06
-490321 , 1.14957e+06 , 352817
1.03005e+06 , 1.4889e+06 , 686392
1.59867e+06 , 1.06343e+06 , 944186
-849917 , 801167 , -1.49382e+06
2.38194e+06 , 16170 , 1.37504e+06
-808792 , 661209 , -1.13131e+06
-372650 , -1.20683e+06 , 1.77512e+06
-1.85593e+06 , 1.14937e+06 , 1.08553e+06
-1.32086e+06 , -593588 , -946600
-1.04706e+06 , -819162 , -1.77054e+06
-1.20057e+06 , 111209 , -169601
212035 , 820210 , 181802
-110660 , -46973.4 , -367421
315790 , 1.5115e+06 , 69994
-805481 , 86106.2 , 484806
442820 , -1.00095e+06 , -976212
-296969 , 712323 , -737124
797450 , 2.01575e+06 , -57289.8
1.5219e+06 , -1.54239e+06 , 1.02568e+06
898630 , -578569 , 806794
763483 , -1.74094e+06 , 119575
-1.81845e+06 , -633991 , -351303
-1.16597e+06 , 1.32481e+06 , -804454
-199190 , -1.83104e+06 , -244861
45261.6 , 299942 , -397774
234531 , 851687 , 1.32046e+06
1.09196e+06 , -313983 , -83005.1
701266 , 2.22993e+06 , 1.35267e+06
-1.78865e+06 , -512790 , -633781
1.34373e+06 , 1.26496e+06 , -652038
164871 , -1.14649e+06 , 1.60496e+06
709338 , -227322 , -1.12465e+06
557782 , -35412.3 , 1.01831e+06
1.01188e+06 , 836501 , 2.15039e+06
2.67963e+06 , -246261 , 32954.8
-1.20105e+06 , 1.24641e+06 , -539040
1.06479e+06 , 921113 , 781126
-957170 , 709222 , 1.68785e+06
1.03957e+06 , 503731 , 1.90103e+06
795419 , -586625 , 409486
1.55075e+06 , 230624 , 461931
15666.7 , -1.71483e+06 , 922620
-527492 , -30781.1 , 3.45547e+06
-1.74232e+06 , 824400 , -1.2502e+06
1.50247e+06 , 341698 , -182124
771482 , -145864 , 254182
1.34671e+06 , -423339 , 1.02237e+06
-1.2951e+06 , 171442 , -185045
1.25173e+06 , -478837 , -855737
-1.11694e+06 , -724347 , -570125
-194565 , 233977 , 513934
23178.6 , 761538 , 264580
103381 , -486222 , 1.5196e+06
14383.4 , 357837 , 980836
-1.50591e+06 , -818907 , -148427
1.10621e+06 , 1.01954e+06 , 2.02447e+06
1.37721e+06 , 496222 , 553809
551232 , 689035 , 530947
1.20972e+06 , 345872 , -1.51494e+06
219769 , -740786 , 2.05614e+06
515312 , 1.18138e+06 , 1.30004e+06
-99036.8 , 790830 , -390794
696861 , 444757 , 1.62243e+06
568626 , -1.2625e+06 , -749889
552312 , 1.17702e+06 , -684126
530562 , -892719 , 1.09866e+06
-274499 , -447527 , 1.33832e+06
-1.20796e+06 , -438199 , 1.84926e+06
-330353 , 400747 , 1.42202e+06
-904620 , 562047 , 963265
18017 , 1.46248e+06 , -1.15127e+06
2.15165e+06 , 978395 , 891245
-1.76871e+06 , 241572 , 97652.4
251841 , -733584 , 210910
2.26212e+06 , -104213 , 1.31826e+06
594049 , 824054 , -475975
-196880 , -399794 , 1.43188e+06
-323635 , -832392 , 1.86062e+06
1.18716e+06 , 929940 , -1.07666e+06
1.02117e+06 , -1.77884e+06 , -1.33248e+06
460312 , 1.74623e+06 , 632608
980362 , -2.14058e+06 , -1.3484e+06
109124 , 1.02721e+06 , 787807
-290221 , -764079 , -1.79817e+06
894211 , 2.29109e+06 , -538903
1.30459e+06 , 1.0424e+06 , -346589
-551698 , 273824 , 226149
1.88634e+06 , 263462 , -230873
-748195 , -1.40358e+06 , -520921
1.75091e+06 , -1.01221e+06 , 344797
-307921 , -699208 , 554416
-952103 , -124735 , 966613
561519 , 420820 , -1.13976e+06
572952 , 548384 , 1.46794e+06
-381442 , -64904.8 , 1.85501e+06
1.92921e+06 , 812619 , 472824
955039 , -859129 , 65263.4
-382275 , -1.86071e+06 , 118904
-77385 , 797502 , -167747
-1.72851e+06 , 1.28746e+06 , -433850
664553 , 475569 , -385604
-411271 , -1.82973e+06 , 1.11877e+06
36557.4 , -871050 , -441452
-1.56883e+06 , -653131 , -876834
-764974 , -1.50755e+06 , 319667
540390 , -1.12612e+06 , 2.33532e+06
2.6627e+06 , 9565.84 , 1.00707e+06
-2.14601e+06 , -57027.8 , 635639
-918959 , -1.14063e+06 , 991555
-1.5992e+06 , -639367 , 877158
487228 , 1.40279e+06 , 1.07974e+06
2.00609e+06 , -1.48694e+06 , -370548
261375 , -647054 , 994656
553504 , 2.04383e+06 , -910830
2.35074e+06 , -667965 , -798319
706847 , -635448 , -414177
-417446 , -2.00651e+06 , 1.70329e+06
1.84202e+06 , 620712 , -1.12123e+06
-569191 , -1.51064e+06 , 2.29939e+06
-229988 , -86415.5 , 345017
966001 , -819393 , -762558
-2.50431e+06 , -609567 , 574865
162330 , -591792 , 992054
-328649 , 725530 , 739861
-40676.1 , -97810.7 , 157211
784503 , -271782 , 1.38899e+06
-512294 , 417050 , -524886
-162645 , 1.88953e+06 , 731011
-1.48275e+06 , 88424.6 , -114624
205208 , -200255 , 1.07239e+06
259743 , 1.45185e+06 , -820534
863224 , 582399 , 347946
1.27249e+06 , 8018.86 , -743215
-34633.5 , -204703 , 2.07626e+06
846437 , -764708 , -615723
-2.23897e+06 , 294009 , 859471
-1.24809e+06 , -213972 , 1.55832e+06
-502136 , -1.52129e+06 , -1.65578e+06
561719 , -1.71179e+06 , 1.13258e+06
411280 , 1.50539e+06 , -593490
825468 , -925066 , -263235
-146260 , 1.46256e+06 , 1.38782e+06
-609936 , 2.0867e+06 , 394455
-452055 , 396669 , 652977
-819820 , -828727 , 1.66698e+06
108920 , -870351 , -242445
1.00884e+06 , 803232 , 674073
478952 , 586208 , -1.4894e+06
2.10397e+06 , -46742.2 , 305054
208195 , -4521.45 , 1.93705e+06
311870 , -450663 , 1.39943e+06
966267 , 1.79974e+06 , 1.88455e+06
-106707 , -457503 , 1.61884e+06
-775611 , 476648 , -1.23932e+06
582800 , 1.45929e+06 , 1.72563e+06
744697 , -209513 , -524536
-1.31136e+06 , -1.49286e+06 , -181031
-1.46185e+06 , -1.2294e+06 , -218496
-732095 , -754095 , -845139
1.90694e+06 , -301657 , 1.29696e+06
2.6709e+06 , -14110.7 , 425487
-518930 , -1.28006e+06 , -1.0459e+06
1.52137e+06 , 593537 , -509368
715463 , 418592 , -686392
-805849 , 204921 , 261622
23904.8 , -1.1748e+06 , 412909
-1.46086e+06 , -1.64542e+06 , -931589
58835.4 , 2.29621e+06 , 82512.2
2.00381e+06 , -1.95507e+06 , 164501
772900 , 292398 , 806763
111298 , 1.10401e+06 , 741420
380693 , 471405 , 206470
-66314.3 , 995324 , -345030
1.85605e+06 , -143756 , 842387
1.0047e+06 , -581987 , 1.43914e+06
-863441 , 1.22491e+06 , 697403
96530.9 , -2.32479e+06 , -243010
-1.65676e+06 , 1.67389e+06 , 603514
-821909 , 191509 , 23145.4
301153 , -2.31978e+06 , -1.4006e+06
-707776 , -591164 , 1.22885e+06
1.59414e+06 , 1.21048e+06 , -110417
-677888 , -337244 , 1.09093e+06
-139667 , -412197 , -394449
-553844 , 785450 , 676581
1.83081e+06 , -625776 , 904361
555552 , 370438 , -1.18151e+06
325286 , 275340 , -260444
1.09764e+06 , 1.42096e+06 , 1.17958e+06
-1.37026e+06 , -1.26308e+06 , 276802
384338 , -1.65587e+06 , -772165
-1.29077e+06 , 2.06634e+06 , 207665
-451526 , 902336 , 242676
-380072 , 919172 , 1.19412e+06
-463496 , -1.92829e+06 , 1.37673e+06
-825220 , 271037 , -98154.4
873845 , 1.69913e+06 , -999039
337515 , 1.28131e+06 , -919272
-1.21439e+06 , 2.39018e+06 , 760863
-1.02993e+06 , 128576 , 297099
683900 , 130138 , 2.19127e+06
1.44034e+06 , 1.37619e+06 , -1.18861e+06
524517 , 149457 , 1.6771e+06
-1.49004e+06 , -1.39326e+06 , -1.54548e+06
-1.00366e+06 , 618693 , 1.34429e+06
1.43843e+06 , -716945 , -720259
-933814 , -792865 , 39527
1.386e+06 , 241540 , -226713
1.37906e+06 , 80747.3 , -196548
-897398 , -385014 , -137651
-1.43218e+06 , -1.04068e+06 , 311477
390834 , -1.24703e+06 , -1.01601e+06
553733 , -530473 , 739085
-287362 , 272507 , 888116
1.65076e+06 , 1.04015e+06 , 304248
-381749 , -2.24432e+06 , 1.06661e+06
-822118 , -1.73105e+06 , 18836.2
383501 , 935122 , -1.30303e+06
675962 , 1.16575e+06 , 1.17083e+06
-2.14095e+06 , -989741 , 1.54639e+06
603732 , -300282 , 96025.6
-217560 , 501602 , -1.09391e+06
-967850 , 20303.4 , 1.36422e+06
-814890 , 1.2273e+06 , 1.57562e+06
573520 , 667983 , -81314.7
-277557 , -248908 , -949747
982496 , -158886 , -1.41486e+06
22935.9 , -823075 , 1.18164e+06
-148284 , 2.34052e+06 , -844519
-1.0027e+06 , 355154 , 617274
-734308 , 2.20003e+06 , 861888
-674914 , 1.69659e+06 , -633087
-1.35443e+06 , -436945 , -774892
-90708.7 , 1.02842e+06 , 413291
-187882 , -107874 , -929700
179907 , 2.44084e+06 , -423230
1.52291e+06 , -1.46035e+06 , 153157
166948 , -808340 , 537445
496694 , -1.35018e+06 , -930388
-1.39251e+06 , 611108 , 298780
-169206 , 1.54216e+06 , 827761
-809115 , -619032 , -790005
-603819 , 661205 , 1.93181e+06
-1.44064e+06 , -683760 , 646923
-1.70527e+06 , -288585 , -1.45925e+06
377484 , 1.86721e+06 , 837300
543829 , -561968 , 1.169e+06
-850423 , -929930 , 1.0275e+06
-363242 , -1.18702e+06 , 2.86603e+06
-1.99788e+06 , 607555 , 297113
-1.34115e+06 , -853002 , -149607
1.92377e+06 , 170681 , 365800
-2.2065e+06 , 241411 , -1.07083e+06
582142 , 1.48037e+06 , -888203
390847 , -1.83333e+06 , -439331
446657 , 144263 , 703780
1.57759e+06 , 636417 , -567663
-46042.2 , -1.28895e+06 , 511992
923095 , -795970 , 98538.5
-60350.3 , -2.41207e+06 , 991645
-1.03365e+06 , -299735 , 424139
418854 , 538797 , -942286
-571370 , 1.54288e+06 , 455657
1.01828e+06 , -470384 , 917827
-655766 , 581408 , 752462
940345 , 530804 , 344353
264897 , 951628 , 278125
-1.56794e+06 , -1.03176e+06 , 1.26452e+06
-2.14368e+06 , 542510 , -811436
552308 , 1.05139e+06 , 47864.1
1.67874e+06 , -1.1217e+06 , 752599
-268771 , -786344 , 318231
-1.4787e+06 , -822511 , 1.19296e+06
-273861 , -1.79699e+06 , -2.00909e+06
277513 , 1.37546e+06 , -1.65188e+06
-1.06824e+06 , -1.69761e+06 , -73714.8
-673865 , 617254 , 3.40356e+06
1.3561e+06 , 413074 , 1.26125e+06
-717228 , -662386 , -2.17665e+06
911464 , -1.85894e+06 , -232775
1.26086e+06 , -542160 , 1.50884e+06
703613 , 306056 , -1.2592e+06
711826 , -203310 , -1.38516e+06
-1.37049e+06 , 268080 , 1.265e+06
-1.97108e+06 , 235873 , 157210
485442 , 175634 , 927734
290289 , 772643 , 790624
720958 , 1.11001e+06 , -993453
2.49252e+06 , 766675 , 895509
579102 , -1.7856e+06 , 521170
1.16844e+06 , 1.9402e+06 , -499700
-570696 , 454699 , -257045
1.64779e+06 , 878042 , -78467.2
-235861 , 1.67091e+06 , -505995
502253 , -1.0229e+06 , -1.91374e+06
1.07181e+06 , -418436 , 1.46829e+06
-1.82714e+06 , 755404 , 1.09835e+06
1.03508e+06 , -1.49081e+06 , -890000
1.31795e+06 , 86307.3 , 2.20658e+06
855678 , -56117.4 , -1.12177e+06
-873242 , 542543 , 907128
540454 , -141824 , -654690
1.07858e+06 , -424668 , 1.58558e+06
1.97777e+06 , 74599.2 , 1.37134e+06
1.2373e+06 , 1.35051e+06 , -437238
-221784 , -508757 , -1.00112e+06
-122793 , 140907 , 964602
-761184 , 703160 , 376146
2.37445e+06 , 41682.6 , 1.17652e+06
1.94602e+06 , -1.00524e+06 , 1.4034e+06
2.75086e+06 , 738343 , 991102
-852776 , -316901 , 2.02656e+06
1.04037e+06 , -53062.7 , 726905
-600567 , -547962 , 2.2424e+06
1.36505e+06 , 373498 , 1.70823e+06
1.26713e+06 , 36359 , -1.75654e+06
-1.30159e+06 , 795672 , -810383
775032 , 1.41161e+06 , -526490
-1.30268e+06 , 574973 , 2.10288e+06
-1.40568e+06 , -174949 , 278416
107639 , 704190 , -1.60758e+06
2.10208e+06 , 766039 , 425363
1.18138e+06 , 345829 , -945539
-1.14406e+06 , -1.19634e+06 , 885410
-444921 , -1.02773e+06 , -1.58511e+06
374300 , -77168.3 , 798622
-243440 , 1.43431e+06 , 580111
-680920 , 377571 , 493144
-311433 , 1.37415e+06 , 979052
18401.4 , 1.63086e+06 , 2.14254e+06
189463 , -755135 , 2.14565e+06
-270085 , 1.50686e+06 , 507913
487196 , -67847.7 , 2.50425e+06
-8948.42 , 1.47708e+06 , 569381
-315194 , 1.6373e+06 , 140277
2.016e+06 , -25844.8 , 384317
-87399.2 , 1.25669e+06 , 1.03908e+06
678855 , 608031 , 443972
818632 , 527148 , -1.30078e+06
-557377 , 10962.7 , 770058
71819.7 , 1.19972e+06 , -197988
-1.2178e+06 , 1.23617e+06 , 727834
2.11954e+06 , 375017 , 469966
-1.44193e+06 , -43752.8 , 990020
723017 , -1.54287e+06 , 194527
-482425 , -961471 , 436882
-995140 , -104558 , -268588
1.25283e+06 , -1.06995e+06 , 181851
-975838 , 1.40584e+06 , 277967
16796.2 , -501529 , 872222
-2.51817e+06 , 1.08452e+06 , 1.20919e+06
-532842 , -27293.7 , 623626
1.43892e+06 , 1.58276e+06 , -193744
240046 , 258791 , -307400
-943936 , -469414 , 2.13078e+06
780731 , -633965 , 587001
-682865 , -1.72739e+06 , 1.15527e+06
2.12913e+06 , -1.06775e+06 , 808711
539330 , -1.41844e+06 , 462842
757936 , 1.13856e+06 , -648196
-602217 , 400094 , 1.14765e+06
-610703 , -487468 , 1.40985e+06
-638365 , 2.22892e+06 , 197242
-779980 , -986777 , -616978
1.11489e+06 , 264865 , -618546
817580 , -123675 , 939069
-295126 , -51800.2 , -821976
-1.24617e+06 , 632397 , 1.05989e+06
152569 , -1.396e+06 , 741114
-483224 , 367731 , 1.15348e+06
146133 , 1.37499e+06 , -430991
1.79644e+06 , 1.88763e+06 , -1.23506e+06
-719991 , -1.00397e+06 , -1.32411e+06
-729990 , 226117 , 1.14604e+06
852055 , -306653 , 1.1261e+06
-224426 , -585488 , 181523
514471 , 445348 , -1830.32
1.87816e+06 , -1.29769e+06 , -223168
-913283 , 719410 , -165658
146886 , 1.05387e+06 , -314308
660490 , 498670 , 1.65694e+06
2.47831e+06 , -438379 , -1.36985e+06
2.50702e+06 , -1.03378e+06 , 130079
-42095.5 , 1.73189e+06 , -181409
-710251 , -990685 , 1.0815e+06
955618 , 1.56774e+06 , 1.24153e+06
-902352 , -681186 , 392756
446435 , -130608 , 1.34858e+06
-2.63238e+06 , -123918 , 334666
485911 , -853431 , 22257.8
-258071 , 1.32438e+06 , 423112
-1.16558e+06 , 1.13646e+06 , 1.2738e+06
772869 , 392673 , 135133
-172625 , -1.53775e+06 , -802922
883618 , -940915 , -781271
-47298.7 , -1.22399e+06 , 1.60688e+06
710652 , -1.11352e+06 , -161443
-1.08626e+06 , -1.47412e+06 , 426151
505132 , 664270 , -804443
-264014 , -1.21505e+06 , 1.06371e+06
450090 , -1.26026e+06 , -1.53969e+06
-705628 , -226747 , 989638
748279 , -122985 , -1.33812e+06
-1.03496e+06 , -746315 , -359341
1.57884e+06 , 285836 , -307185
-1.06535e+06 , 1.78942e+06 , 107031
686136 , -304203 , 451148
-1.10151e+06 , 1.49804e+06 , 1.33221e+06
-1.01374e+06 , -10450.1 , -1.54679e+06
252903 , 290461 , 1.37574e+06
1.53324e+06 , -1.16252e+06 , 282698
522406 , -351307 , 1.17625e+06
-1.00535e+06 , 12723 , -1.86112e+06
-720942 , 1.49049e+06 , 665832
194512 , 425676 , -12476.3
971926 , -73554.1 , -1.34804e+06
1.29395e+06 , 966.812 , -1.36293e+06
-1.03344e+06 , 513962 , -1.29037e+06
-72345.5 , 185572 , 305286
538183 , -1.14857e+06 , 973441
2.21317e+06 , 573803 , 445071
622737 , 1.21828e+06 , 396184
1.12693e+06 , 1.93309e+06 , 832139
1.85068e+06 , -703320 , 302539
1.45254e+06 , -128681 , 304959
-1.84222e+06 , -871158 , 2770.91
-1.7207e+06 , -117604 , -195717
-1.17368e+06 , 500528 , -695664
-943727 , 1.11302e+06 , 1.741e+06
213427 , -1.92531e+06 , 1.14523e+06
1.08045e+06 , -1.36457e+06 , 247470
-1.08088e+06 , 895342 , 1.85805e+06
1.58567e+06 , -119450 , -2.5867e+06
636384 , 99048.7 , 1.08277e+06
-1.19268e+06 , -240665 , -1.06683e+06
-163645 , 258592 , 457180
-1.37448e+06 , -1.69723e+06 , 906638
-1.61742e+06 , 621424 , -673556
834595 , -1.6724e+06 , 397048
1.40804e+06 , 1.44646e+06 , 563708
-1.79412e+06 , -53967.4 , -249176
-424263 , -139617 , 1.02043e+06
137677 , -1.14875e+06 , 1.02078e+06
231860 , 281583 , -680621
-198750 , 366906 , 802760
873739 , 762763 , 1.60994e+06
-312970 , -46207.6 , 1.0779e+06
-116275 , 575374 , -727380
224052 , 1.37515e+06 , 697046
1.77969e+06 , 2781.38 , -1.58492e+06
-717599 , 33999.9 , 1.39645e+06
-268060 , 100844 , 1.14217e+06
-943101 , -704028 , -169976
-941081 , -2.49067e+06 , 185133
1.94165e+06 , 379081 , 771736
903648 , -717586 , 1.84845e+06
-1.45761e+06 , 263832 , 612998
57019.6 , 270962 , 1.35087e+06
-1.3928e+06 , -1.15506e+06 , 1.35717e+06
-181906 , 399560 , -620191
-928022 , -308453 , 396632
359924 , -1.26239e+06 , 24510.1
1.53728e+06 , -1.32685e+06 , 426147
-1.68961e+06 , -842925 , 99547.5
-1.49502e+06 , -615367 , -839847
330307 , 351879 , 2.63827e+06
-552964 , -229318 , -165052
-680454 , -286252 , -982871
-1.32566e+06 , -320373 , 323906
-1.59842e+06 , -139166 , 891002
2.16481e+06 , 128844 , -730573
1.89723e+06 , 1.06256e+06 , 167232
958334 , 823165 , -193838
254179 , 2.05053e+06 , -428054
-1.53116e+06 , 282077 , -977852
-33066.5 , -793065 , 836936
-2.20918e+06 , 567311 , 483204
1.48256e+06 , -31852 , -1.37411e+06
-1.50034e+06 , -228230 , -1.9784e+06
-1.4666e+06 , -315324 , 1.75816e+06
148495 , 453226 , 638693
491135 , -883521 , -349140
-1.49951e+06 , -1.49651e+06 , -412688
1.15696e+06 , 1.21773e+06 , -1.74543e+06
-479841 , -801698 , -1.78864e+06
531597 , 613266 , 1.58995e+06
-827108 , 746842 , -188367
-1.67116e+06 , -332056 , 1.73407e+06
791944 , 609524 , -472991
-511532 , 1.1156e+06 , -465588
-63396.1 , -718372 , -308471
53256.1 , -1.74495e+06 , -318673
-503856 , 640853 , 791796
-1.11332e+06 , -622449 , 596302
601610 , -1.44692e+06 , 1.27537e+06
1.0609e+06 , 2.0791e+06 , 1.05816e+06
-1.17859e+06 , -1.38622e+06 , -89007
-175317 , -1.959e+06 , 152212
-1.67892e+06 , 1.29947e+06 , 391085
-211048 , 1.22227e+06 , 125235
329202 , -1.58513e+06 , -204526
-197287 , -841388 , -882779
149929 , -1.24766e+06 , 1.86953e+06
66132.8 , 910065 , 1.21033e+06
-1.84794e+06 , -765903 , -1.14085e+06
799218 , 215944 , -1.15691e+06
314210 , -400777 , 2.39272e+06
-1.92056e+06 , 101851 , 872260
900988 , -999887 , 1.49561e+06
346988 , -96316.2 , 751425
-732138 , -1.17056e+06 , 236355
-2.01904e+06 , -1.02171e+06 , 838498
1.40762e+06 , 1.43493e+06 , 65229.2
2.36479e+06 , 582995 , -355996
1.14408e+06 , 2.33137e+06 , 220835
-550314 , -1.39087e+06 , 1.01454e+06
157985 , -815065 , 2.20923e+06
2.17652e+06 , -427992 , -946865
-1.01365e+06 , -582720 , 242198
900050 , 238552 , -1.98497e+06
1.02944e+06 , -1.83327e+06 , 834162
-1.1132e+06 , -562682 , -625286
-267554 , -741286 , -341852
-1.88633e+06 , 2.32837e+06 , 451529
497030 , -100531 , -972329
-39436.7 , 104848 , 910690
-535783 , 4713.79 , 208533
-1.21727e+06 , 139060 , 904480
868422 , 447319 , -23563.6
-1.48093e+06 , 231832 , -568164
-1.17438e+06 , -553989 , -267407
-2.0895e+06 , -328650 , 130548
-228262 , 1.07479e+06 , 1.09227e+06
-587512 , -700832 , 1.60326e+06
221171 , 1.85984e+06 , 621939
341724 , 569864 , 997499
-202997 , -1.36329e+06 , -382140
-1.01806e+06 , 646047 , 452724
-869994 , 1.28017e+06 , 1.0388e+06
1.49994e+06 , 1.27503e+06 , 643136
346667 , -956240 , 731117
-1.08924e+06 , -635515 , 820820
437132 , 1.06407e+06 , -1.29605e+06
-349675 , -1.86058e+06 , -333566
-1.80465e+06 , -341450 , -188565
-399513 , -737870 , 2.5409e+06
-218100 , -912432 , 1.24508e+06
467045 , 1.08021e+06 , -2.19436e+06
2.01227e+06 , 316942 , 822411
-637446 , -457619 , -1.22139e+06
504475 , 370766 , 1.42828e+06
432497 , 1.17904e+06 , 909767
528430 , -698926 , 472224
-1.60263e+06 , 908069 , -919653
598693 , 1.24908e+06 , 1.10739e+06
1.46786e+06 , 1.21747e+06 , 1.70554e+06
-569029 , -823047 , -1.52821e+06
-518494 , -569202 , 878729
2.39311e+06 , -786526 , 656551
-95619 , -542629 , -370779
179903 , 760273 , -2.27247e+06
1.36568e+06 , -294141 , 446181
144324 , -1.66658e+06 , 159069
211143 , 138987 , 1.08227e+06
217830 , -590087 , -906.122
-1.87371e+06 , -257752 , -248885
-968779 , -763745 , -1.50723e+06
2.15478e+06 , -1.06282e+06 , 2.37777e+06
301609 , -877042 , -181680
1.77574e+06 , -146822 , -101391
1.19159e+06 , -2.3749e+06 , -89028.7
-190943 , -516087 , 824269
1.20955e+06 , -1.53084e+06 , -236268
-726926 , 1.58186e+06 , -412775
2.86213e+06 , 404392 , -578431
834949 , -1.47637e+06 , 431653
-483809 , -78032.6 , -1.38044e+06
-493039 , -653085 , 1.89912e+06
1.44692e+06 , -504211 , 1.52043e+06
-566133 , 990459 , 638141
25830.7 , 687073 , 2.12926e+06
-517878 , -1.26973e+06 , 1.03599e+06
-341022 , 843523 , -615966
1.50586e+06 , 775732 , -1.12893e+06
541535 , -461284 , -1.20096e+06
-1.46451e+06 , -186114 , 134015
-1.63656e+06 , 341989 , 2.10461e+06
-1.23567e+06 , 735536 , -382456
-2574.07 , 238016 , 544056
-1.52615e+06 , 483182 , -379271
-955674 , 60491.7 , 994192
692294 , -377157 , -1.88606e+06
743426 , 903026 , 2.04347e+06
-376977 , -763208 , 1.617e+06
-302803 , -818692 , 119856
-908267 , -1.13291e+06 , -564137
643759 , -1.17625e+06 , -1.10533e+06
6976.85 , -44398.1 , -295619
-105818 , 869852 , -1.19834e+06
-1.12367e+06 , -759329 , -1.3143e+06
304538 , 845208 , 1.2772e+06
-353656 , -19938.7 , -1.30759e+06
-1.03739e+06 , 470722 , 80191.4
1.24048e+06 , -495576 , -733047
1.52803e+06 , 519516 , 1.58131e+06
-384583 , 1.63835e+06 , 681401
-1.01798e+06 , -558342 , 1.57601e+06
77850.3 , 336218 , 1.49067e+06
-1.19763e+06 , 399871 , 372779
1.28197e+06 , 529494 , 2.01798e+06
174684 , -221485 , -1.76675e+06
-555976 , 528227 , -125528
1.42182e+06 , -1.27383e+06 , -1.27529e+06
-882212 , 301286 , -585903
463206 , -856443 , -2.05888e+06
-824175 , -236881 , -956825
545429 , 1.06807e+06 , -1.03227e+06
-97757.8 , 819455 , -1.19904e+06
1.45349e+06 , 113467 , 1.31441e+06
-4471.77 , 2.54367e+06 , -704718
1.72101e+06 , -82406.6 , 118021
501643 , 2.338e+06 , -170007
-592822 , -2.35951e+06 , -228985
552435 , 1.43282e+06 , 902768
101412 , -1.84104e+06 , 631636
647766 , 176708 , 973868
562410 , 289927 , 166143
-906070 , 1.02371e+06 , 660820
-620750 , 451230 , 1.29446e+06
143677 , 1.29304e+06 , 1.66021e+06
-25669.2 , -1.25642e+06 , -270201
309672 , 925722 , 947757
242521 , -732739 , 1.04928e+06
699074 , 1.61473e+06 , 1.53433e+06
745100 , -945525 , -159741
785467 , -447506 , -999053
-648632 , 1.17249e+06 , -2.08011e+06
1.72572e+06 , -1.45223e+06 , -337723
-67871.1 , -971322 , -1.72132e+06
-1.70395e+06 , -1.51417e+06 , -449214
-526644 , -283745 , -959909
-891269 , -452333 , -679718
438756 , -311795 , -559279
-90029.9 , 1.23482e+06 , 262353
393524 , 1.67871e+06 , 1.61808e+06
1.31949e+06 , 776301 , -866470
-6215.02 , 2.19477e+06 , 318230
-1.55384e+06 , -115343 , -207590
373652 , 1.92816e+06 , 698088
208674 , 87428.1 , -193149
-643386 , 1.31032e+06 , 1.07007e+06
-28277.3 , 1.29029e+06 , -877357
-307887 , -1.243e+06 , -327429
986563 , 471719 , -520876
547891 , -1.51726e+06 , -1.40218e+06
94902.8 , -1.52973e+06 , -20234.2
-754306 , 663018 , -161256
-1.67107e+06 , -1.52233e+06 , 380093
-2.02081e+06 , -503807 , 1.06981e+06
441041 , -326958 , -1.40031e+06
566020 , -1.37316e+06 , 329586
252202 , 832076 , 445299
-1.29377e+06 , -998156 , -1.04438e+06
1.16715e+06 , -1.34612e+06 , -325227
-2.94243e+06 , 230753 , 857811
-1.1937e+06 , 103081 , 351863
703299 , 752770 , 1.1373e+06
1.89735e+06 , 1.20666e+06 , -881024
-1.53665e+06 , -1.00491e+06 , 1.29465e+06
824034 , -2.31824e+06 , 124552
795116 , 16258.7 , 1.54705e+06
-1.08841e+06 , -619323 , 792382
890595 , 1.71965e+06 , -428737
-506604 , 657824 , -257542
22033.7 , -831663 , -804124
579908 , -812130 , -60623.6
240166 , 1.05129e+06 , 887089
581670 , 609686 , -13790.7
-543314 , -1.79345e+06 , 1.44557e+06
1.06991e+06 , -457112 , 1.28471e+06
231626 , -1.28375e+06 , 634743
1.25506e+06 , 595958 , 770279
137004 , 1.42476e+06 , 1.25495e+06
-457085 , -436463 , 861538
840522 , 1.49742e+06 , -312693
616.908 , -734320 , 891617
-2.23208e+06 , 341475 , 559985
-125112 , 1.02687e+06 , 2.15957e+06
-285854 , 461434 , 523523
-433653 , 697213 , 1.83503e+06
705324 , 1.07533e+06 , -1.33327e+06
-2.35906e+06 , -331323 , -275211
-1.35938e+06 , -1.81696e+06 , 1.36405e+06
292991 , -651416 , -1.0154e+06
-721864 , 1.42605e+06 , 1.76314e+06
1.57326e+06 , -1.63631e+06 , -799230
-1.34184e+06 , -1.52701e+06 , -379534
-767625 , -1.37059e+06 , -609990
-476879 , -1.26881e+06 , 977633
808240 , -42393.1 , -327206
1.45236e+06 , -1.54304e+06 , 92198.1
-658339 , 281565 , -569769
471002 , -491527 , 863331
-1.06662e+06 , -538497 , -628568
1.34831e+06 , 1.168e+06 , 1.30697e+06
-1.87271e+06 , 373601 , -502282
-338055 , -709619 , 449488
606565 , -253785 , 592906
-252893 , -573906 , 344223
-1.76911e+06 , 550551 , 782822
70734.2 , 1.20154e+06 , -1.03424e+06
-1.06288e+06 , -706333 , 1.82249e+06
47656.3 , -1.54834e+06 , -277014
-2.01198e+06 , 1.06495e+06 , 437370
832155 , 1.47695e+06 , 118433
-191462 , -375487 , -1.4435e+06
-693479 , 755031 , 438403
977846 , -44719.1 , -1.13949e+06
-912810 , -1.37075e+06 , 717665
-315346 , -1.09666e+06 , -1.28348e+06
-327154 , -2.22927e+06 , 948915
-446507 , -1.68357e+06 , 677682
-3233.49 , -1.05634e+06 , -495695
-467183 , -1.42284e+06 , 843000
66922.7 , 510498 , 1.10322e+06
-251173 , 940985 , 1.34561e+06
367369 , -539036 , -2.56639e+06
-856643 , -584168 , -805600
602487 , 743314 , 1.34984e+06
120149 , 1.01174e+06 , 406629
-84170.5 , -91085.4 , 732717
-299397 , -2.24686e+06 , -1.28415e+06
-140352 , 644444 , 1.8359e+06
763948 , 67560 , -1.67158e+06
1.50607e+06 , 1.05848e+06 , 1.43664e+06
1.41956e+06 , -345829 , 468142
-354618 , -1.17512e+06 , 175229
-448982 , -260116 , 878497
-329548 , 327660 , -510761
1.8165e+06 , -1.65278e+06 , -872684
-340594 , -1.77733e+06 , 1.05216e+06
-625241 , -270073 , -117357
-846434 , 606813 , -1.24109e+06
41088.5 , -167179 , -1.59551e+06
-1.30698e+06 , -325205 , 744194
-698834 , 875132 , 553847
2.5411e+06 , -187339 , -815149
-1.67566e+06 , -1.17936e+06 , 1.42308e+06
1.55372e+06 , -2.07579e+06 , 1.57353e+06
-367487 , -346645 , -623534
-647977 , 1.60725e+06 , -326571
-1.36055e+06 , 770240 , 1.13713e+06
1.18744e+06 , 308106 , 69483.9
-2.28268e+06 , 48019.5 , -1.56864e+06
-596796 , -1.81069e+06 , 259624
993188 , -334796 , -473040
168458 , -154790 , -875374
1.28601e+06 , 525401 , 255286
-1.91717e+06 , 561538 , -357763
-2.22833e+06 , 320920 , 176172
-132692 , -1.77409e+06 , 1.48368e+06
-1.55262e+06 , -169325 , 583312
-1.63167e+06 , -332658 , 941648
-967195 , 96247.6 , 164288
-126742 , -768353 , -426314
-1.95712e+06 , 74520.4 , -953614
-926446 , -64370.5 , 84929
2.27882e+06 , 336041 , -211742
852493 , -318398 , 2.02848e+06
107825 , -169360 , -1.6867e+06
-1.22351e+06 , -1.02802e+06 , -402745
-1.67835e+06 , 992617 , -713144
241713 , -372901 , -496321
-969841 , 861853 , 262893
-594511 , -1.87294e+06 , 392426
-681443 , -1.30616e+06 , -1.32096e+06
134493 , -420186 , 219146
-826066 , 931891 , 750046
-793265 , 165056 , 1.04714e+06
-635646 , -1.40852e+06 , -22676.4
791466 , -415931 , 823475
-400322 , -1.12562e+06 , 196161
702274 , -305808 , -1.37108e+06
933324 , 664619 , -560322
449539 , 96204.9 , -213177
-254692 , -396627 , 473813
-970824 , 882477 , 1.66637e+06
-608195 , -784959 , 1.19018e+06
120141 , 278481 , -98687.4
517144 , -1.21902e+06 , -430450
-552277 , -136307 , 1.43382e+06
-692779 , 1.08031e+06 , -1.09387e+06
-132816 , 1.06651e+06 , 720897
511986 , -876518 , 793072
-560987 , 317393 , 2.1124e+06
-1.11299e+06 , -1.2176e+06 , -1.39504e+06
790887 , -1.20046e+06 , -1.79543e+06
-1.09216e+06 , 430587 , 772374
-59518.3 , 2.08629e+06 , 937881
615733 , 1.9e+06 , 1.1591e+06
438169 , -40256.6 , -247574
-268017 , 1.85642e+06 , 2.22296e+06
1.47635e+06 , 836198 , -1.29733e+06
1.36863e+06 , 919447 , 1.04719e+06
822740 , -1.57252e+06 , 129646
304420 , -224269 , -17046.7
934761 , 1.07157e+06 , 1.69993e+06
637356 , -711136 , 1.95985e+06
-1.26675e+06 , 768963 , 174452
-1.55594e+06 , -829222 , 613697
1.45248e+06 , -2.07848e+06 , -450528
-2.2163e+06 , 235396 , 1.24601e+06
-714691 , 1.5671e+06 , -126484
273211 , 199137 , -1.26576e+06
-1.06297e+06 , -109104 , -1.98039e+06
-1.5085e+06 , -755105 , 92354
106972 , -1.59008e+06 , 555105
-594749 , 1.37574e+06 , 427664
1.18467e+06 , 723941 , -706413
370547 , -1.29052e+06 , 1.92176e+06
1.42198e+06 , -2.32865e+06 , 844297
-1.39028e+06 , 599395 , 1.86714e+06
-2.11466e+06 , 135705 , 575166
-192931 , -1.30813e+06 , 72356.3
-108033 , -1975.25 , 794497
83042.4 , -1.31267e+06 , 436446
1.38471e+06 , -35287.9 , 1.3016e+06
-1.21104e+06 , -912104 , -953706
-568610 , 1.66764e+06 , -173520
1.82956e+06 , -1.88886e+06 , 683883
418935 , 1.3864e+06 , 1.65842e+06
-46072.2 , 1.90888e+06 , 1.57883e+06
-857505 , 572574 , -1.8254e+06
-951993 , -1.46205e+06 , 450174
2.15721e+06 , 806274 , -520287
378114 , 1.21377e+06 , -335277
688596 , -863688 , -67643.6
-643204 , 2.59909e+06 , 722350
-713509 , 2.07975e+06 , -769603
775454 , -948029 , 142428
2.03912e+06 , 1.25955e+06 , 1.448e+06
950480 , -782523 , 1.43552e+06
336592 , -80959.6 , 1.47898e+06
882682 , -1.63515e+06 , -1.16209e+06
-946876 , 534159 , -1.01807e+06
-730239 , -110809 , 606899
1.09624e+06 , -910196 , 352432
310417 , -75891.1 , 1.94076e+06
992760 , -1.49312e+06 , -14266.1
518993 , 1.94963e+06 , 791292
-149138 , -830580 , -1.68952e+06
108795 , 1.71173e+06 , -515546
1.45703e+06 , 1.56476e+06 , -41694.1
510880 , 34636.5 , 954854
1.0647e+06 , 1.64011e+06 , -356857
2.55949e+06 , -2.01273e+06 , -2.11691e+06
-556512 , -1.38921e+06 , -722169
-1.39902e+06 , 204669 , -1.81096e+06
18035.7 , -1.27162e+06 , -1.41914e+06
-1.08074e+06 , 275138 , 114006
-337206 , 744478 , -344526
361152 , 1.07989e+06 , 1.45519e+06
408512 , 1.09932e+06 , -938135
-719072 , -604233 , 452226
-1.30011e+06 , 1.5106e+06 , 36057.3
-593682 , -486021 , -247768
52869.3 , -1.51199e+06 , -792789
152633 , 828837 , 274658
-756187 , 2.13623e+06 , 1.52612e+06
-394787 , -75978.6 , -164828
1.93555e+06 , -363949 , 549913
596161 , 437209 , -729075
-583297 , 1.29285e+06 , 706696
-871141 , 1.05296e+06 , 166489
-501812 , -956039 , 176634
-284482 , -1.80524e+06 , -713308
-450302 , -1.59891e+06 , -205206
-857427 , 357332 , -225783
614706 , -1.17132e+06 , -1.66388e+06
-596249 , -1.10112e+06 , 1.22141e+06
210336 , -419543 , 607785
1.0097e+06 , 1.22566e+06 , -1.26629e+06
-1.3819e+06 , -148791 , -784852
-1.27797e+06 , -134950 , -143899
-134579 , -1.3955e+06 , -19309
-1.44698e+06 , 311394 , 624098
-163760 , 2.50423e+06 , -620780
943234 , 1.07775e+06 , -501484
-601169 , 1.27142e+06 , 58425.3
1.74618e+06 , -1.38743e+06 , -810141
561041 , 827004 , 311727
832631 , -949959 , 1.9082e+06
490171 , 1.00682e+06 , 329656
1.18533e+06 , 209176 , 98288.4
81854.6 , -464711 , -1.32345e+06
-36913.6 , 1.63606e+06 , 1.69431e+06
-1.46619e+06 , -1.99998e+06 , 1.06927e+06
2.38503e+06 , 244482 , 655635
1.40985e+06 , -1.07102e+06 , 614231
-723925 , 779817 , -73091
-297606 , 1.75501e+06 , 582042
1.9387e+06 , -394622 , -70404.3
-672117 , 1.55498e+06 , -1.22822e+06
-1.12289e+06 , -368732 , -1.57525e+06
58602.6 , 1.19718e+06 , -12242.1
429954 , 613973 , 362324
-2.08453e+06 , -555299 , 306001
875135 , -1.19549e+06 , -248229
-356940 , 898371 , -68328.8
146414 , 109405 , -296468
-839085 , -865606 , -774999
-151196 , -1.80166e+06 , 656052
936861 , -464132 , -260074
1.5083e+06 , -90354.2 , 557823
799429 , -1.69154e+06 , 881068
-504331 , -27830.1 , 894562
977030 , 494404 , -2.34472e+06
1.56044e+06 , 1.166e+06 , 1.46995e+06
-1.687e+06 , 288153 , -2.04334e+06
734382 , 916741 , 552156
1.27195e+06 , -1.65047e+06 , -1.13167e+06
-2.86745e+06 , -38665.6 , 1.45304e+06
-1.00345e+06 , -1.30568e+06 , -252490
1.05107e+06 , -733833 , 869250
204039 , -2.21768e+06 , 161218
610629 , 746469 , 685123
-1.28643e+06 , -626792 , 737477
1.10021e+06 , 438207 , 412063
774884 , -911255 , 915930
-1.06098e+06 , 1.58367e+06 , -181956
-488492 , 945798 , 754912
-1.24906e+06 , -1.0946e+06 , 129227
-404985 , 359720 , 1.48966e+06
1.30921e+06 , -803564 , 1.6769e+06
-1.24041e+06 , -412291 , -1.51005e+06
-1.76811e+06 , -958688 , 793161
-342974 , 950149 , -54123.8
251975 , -211647 , -1.1028e+06
1.21435e+06 , 994563 , 963254
-1.25986e+06 , 1.63927e+06 , 683719
844690 , -354977 , 1.49174e+06
285131 , 1.79475e+06 , -1.66498e+06
915268 , -534009 , 179331
-1.08247e+06 , -83317.3 , 623713
-269250 , 781788 , -2.52037e+06
741418 , 324956 , 255204
1.67391e+06 , 194184 , 287379
725867 , -188913 , -295130
-820632 , 72257.4 , 127624
-170733 , -521858 , -426905
-1.03509e+06 , -1.039e+06 , 1.82508e+06
1.83604e+06 , -171788 , 584750
439258 , -758837 , -892838
1.03896e+06 , 81219.9 , -1.94026e+06
473723 , 1.02765e+06 , 1.56486e+06
434665 , 299601 , -834783
-1.08722e+06 , 849435 , 662069
566842 , -163429 , -1.00743e+06
659989 , 2.27353e+06 , 167053
1.41407e+06 , -8691.06 , 188819
-1.19581e+06 , -191308 , -390446
-6525.72 , -73394 , -138966
87314 , 1.09057e+06 , 1.81074e+06
-133833 , 381842 , 333185
1.88876e+06 , 815383 , -559139
478520 , -1.02176e+06 , 823591
-1.74075e+06 , -590736 , 580544
309080 , 2.38406e+06 , 1.0401e+06
-512449 , 331492 , 1.11692e+06
667556 , 235572 , 568017
-743180 , -2.35257e+06 , -883839
1.18323e+06 , 650097 , -1.25865e+06
-1.28875e+06 , -1.52961e+06 , 134704
-762182 , -1.56796e+06 , 1.40725e+06
121654 , 1.03636e+06 , 656631
74000.3 , 548266 , 65838.9
-2.66263e+06 , 44099.7 , 899662
73938.4 , -873945 , -90810.4
-976343 , -1.06526e+06 , -724501
134724 , 128131 , 29801
315007 , -16961.6 , 675693
1.07308e+06 , 267902 , 659571
-770149 , 504456 , 587037
-1.77853e+06 , -202888 , 715109
980058 , 19794.7 , 55158.2
-510981 , 233238 , 757770
-458495 , -649821 , -665443
-2629.91 , -383050 , 575531
-1.38017e+06 , -790651 , 477567
2.43795e+06 , -187733 , 577796
-223906 , -1.29238e+06 , -1.20682e+06
-2.25332e+06 , 238643 , 1.00693e+06
1.19134e+06 , -1.56712e+06 , 1.38559e+06
220799 , 178344 , 1.05573e+06
134931 , -550661 , 2.31774e+06
2.11942e+06 , -385754 , 2.1305e+06
1.16848e+06 , 1.29824e+06 , -62173.5
-678904 , -1.13506e+06 , 1.53818e+06
-218009 , 688908 , -941196
1.59939e+06 , 90611.5 , 1.26938e+06
-2.22119e+06 , -988334 , -831318
2.44133e+06 , 106368 , -3239.45
-157508 , -945081 , 741165
1.18365e+06 , -1.6829e+06 , -741286
-1.20425e+06 , -92911 , 1.68369e+06
631574 , -794896 , -1.76316e+06
-612386 , 38754.2 , 326452
177586 , 408917 , 1.51147e+06
-821586 , 885805 , -152753
1.07157e+06 , 330226 , -1.52726e+06
-92725.3 , -221516 , -1.90742e+06
52581.1 , 1.58766e+06 , 397744
1.88811e+06 , 420019 , -1.73684e+06
-2.32721e+06 , -796868 , -334380
413293 , -321747 , 2.16074e+06
737207 , -1.31161e+06 , 1.9808e+06
-473865 , -112543 , 303380
128895 , 419218 , -1.1223e+06
-149724 , -282243 , 939645
61503.2 , -1.40966e+06 , 656970
502840 , 1.24169e+06 , 853070
-2.0991e+06 , -24079.5 , -318935
-611411 , 2.7353e+06 , 480760
-491713 , 1.32099e+06 , -242112
650824 , 240313 , -24661.7
237069 , -198855 , -1.07051e+06
357246 , 1.04431e+06 , -1.57453e+06
567358 , 153520 , -1.37441e+06
-56312.9 , 618836 , 1.10038e+06
-500532 , -836096 , 1.05992e+06
1.55891e+06 , 97913.9 , -831878
1.35617e+06 , -342432 , 2.05264e+06
1.14901e+06 , -779251 , 297454
1.46974e+06 , -1.38449e+06 , -514494
-460568 , -449763 , -1.13869e+06
53207.7 , -780983 , -1.68117e+06
-614279 , -117783 , -1.08058e+06
1.78332e+06 , -1.21533e+06 , -1.97056e+06
-15527.7 , 1.33781e+06 , 19602.7
1.08037e+06 , -420865 , 1.81985e+06
1.59376e+06 , 846966 , -640402
353282 , 1.66214e+06 , 979408
1.37225e+06 , -911994 , 477469
-1.74516e+06 , -1.78955e+06 , 743992
929018 , 1.23203e+06 , 1.10762e+06
-255081 , 844644 , -436134
526804 , 1.58873e+06 , -242368
-558749 , 508460 , -1.30206e+06
460542 , 67009.3 , -1.32744e+06
158355 , -2.31446e+06 , 1.27521e+06
62681.7 , 1.48693e+06 , -1.39174e+06
819441 , 654883 , -82672.7
-1.08786e+06 , 1.29207e+06 , -782857
240009 , 1.64238e+06 , -743824
604310 , -1.05211e+06 , 147851
423756 , -29415.6 , 2.16905e+06
115297 , -174069 , -884494
-868025 , 823215 , 231160
412245 , -1.23082e+06 , 709434
-953221 , -129594 , 351936
244177 , -443962 , -1.00426e+06
-1.41779e+06 , -99006.3 , 133834
-1.52994e+06 , 341468 , 107964
873275 , 72987.8 , -792578
1.08313e+06 , -981154 , 537301
914046 , 1.14851e+06 , -1.41036e+06
-761833 , 1.89334e+06 , -161948
1.56258e+06 , 331461 , -391336
-1.11707e+06 , -1.25057e+06 , 552365
-1.25588e+06 , -909580 , -1.14488e+06
-958580 , -636385 , 1.43772e+06
1.61475e+06 , -1.42511e+06 , 203120
-1.14072e+06 , -989551 , 133016
592677 , 1.88305e+06 , 206142
-1.42155e+06 , -379861 , -940274
-375258 , 613879 , 210815
-2.28764e+06 , 418872 , -222000
606260 , 6347.06 , 535726
1.77954e+06 , 529769 , 1.0824e+06
1.83913e+06 , -367861 , -624408
-992888 , 1.68623e+06 , -50871.4
-271529 , 506420 , -363185
236237 , 1.33273e+06 , -892925
795995 , 944605 , -1.81732e+06
-1.75247e+06 , 65477.7 , 203372
1.44473e+06 , -1.61129e+06 , 571002
397170 , 1.87654e+06 , 905379
-619875 , -1.05668e+06 , 1.58965e+06
238316 , 19960.4 , -392999
-1.0603e+06 , -1.51232e+06 , -1.49048e+06
594721 , 107128 , 1.07538e+06
360914 , 549815 , -144661
1.41492e+06 , 931229 , 5363.03
-2.37942e+06 , -456020 , -59664.2
-2.63254e+06 , -178798 , -410025
1.70979e+06 , -95411 , 1.30813e+06
1.53186e+06 , -1.43942e+06 , -485727
469737 , 547910 , 589658
1.55818e+06 , 1.64286e+06 , 195190
141196 , -662796 , 1.7142e+06
1.0497e+06 , 316780 , 429636
-1.21725e+06 , 1.36991e+06 , -784307
-102503 , 1.28909e+06 , -94646.3
1.7128e+06 , -11786.6 , 190632
1.21827e+06 , -587937 , 986223
-1.69031e+06 , -1.2272e+06 , -22036.9
-1.20755e+06 , -408076 , 1.16062e+06
222095 , 754994 , -2.25215e+06
107536 , -1.05183e+06 , 2.42464e+06
-540205 , 1.26589e+06 , 1.26832e+06
1.74254e+06 , 68767.4 , -462632
269658 , -789407 , -223553
-522443 , 312766 , 518489
-1.39218e+06 , -520999 , 1.69697e+06
218016 , 1319.99 , 1.40682e+06
-161767 , -588346 , -1.11923e+06
1.38751e+06 , 1.80775e+06 , -373216
1.97232e+06 , -409569 , -684249
207507 , -235948 , -755868
153862 , 171927 , 2.70803e+06
-476603 , -152246 , 600467
-253439 , -665730 , -991769
-1.24077e+06 , -415871 , -89461.9
-203315 , 1.38389e+06 , 178573
412862 , -1.36752e+06 , 2.24212e+06
-922195 , 572451 , -1.0985e+06
712703 , 1.62969e+06 , 366255
-169548 , -296442 , -1.39169e+06
-743676 , -1.22337e+06 , 525382
814644 , 800742 , 1.36871e+06
-13291.6 , 277424 , 1.52674e+06
-1.80047e+06 , -243395 , 562334
24940.4 , -657197 , 1.29507e+06
254076 , -2.12772e+06 , 1.27111e+06
543018 , 629046 , -986358
206644 , -867565 , 1.49243e+06
1.42049e+06 , -92224.1 , -72945.9
-1.59773e+06 , -261372 , 243120
-1.11726e+06 , 1.3831e+06 , 699623
763235 , -1.36625e+06 , -1.11534e+06
2.70395e+06 , 522579 , 139779
-291864 , 2.32112e+06 , -179391
-789378 , -917178 , -924528
-1.202e+06 , -1.13808e+06 , 1.21818e+06
16192.9 , 1.42721e+06 , -432943
-1.41792e+06 , -363695 , -273760
-923005 , 159026 , 597144
649361 , -721496 , -189446
1.11858e+06 , 703264 , 792950
-1.4165e+06 , 1.3151e+06 , 424671
-2.67393e+06 , 1.00819e+06 , -435041
-1.82283e+06 , -1.91488e+06 , -1.72343e+06
370707 , 475676 , 746296
743180 , 1.02893e+06 , 1.08496e+06
600103 , 878530 , -682477
-381607 , -398668 , 1.78797e+06
691504 , -657826 , 2.04527e+06
-487710 , 114674 , 829120
-1.22476e+06 , -2.01997e+06 , -181394
-1.32592e+06 , -981787 , -190757
895777 , -1.42501e+06 , -168148
-262228 , 919773 , -1.37565e+06
-1.11578e+06 , -1.61446e+06 , -572783
469555 , 629573 , -1.61523e+06
-295225 , 1.57587e+06 , 236749
539649 , 374020 , 556688
904197 , -610742 , -449825
8637.78 , -169017 , 2.18734e+06
-302963 , 255572 , 49474.6
565052 , -2.10514e+06 , 1.16609e+06
-400795 , -1.16198e+06 , 1.20062e+06
-10182.6 , -2.2172e+06 , -10671.5
1.32666e+06 , 774745 , -1.04029e+06
-569430 , 883163 , 698779
1.16365e+06 , -1.0077e+06 , 1.18297e+06
-936996 , -190528 , 268523
1.116e+06 , -499142 , 665068
944730 , -2.39647e+06 , -230021
440046 , -3.119e+06 , 608966
82274.6 , -425933 , -1.91898e+06
-1.08519e+06 , 1.02609e+06 , 626481
-337986 , -126557 , -285092
-446050 , 1.56218e+06 , -676647
-544857 , 40935.9 , 2.47001e+06
-48333.8 , 1.76732e+06 , -1.38203e+06
-681097 , 227408 , -496301
-964424 , 1.42639e+06 , 1.1144e+06
1.37596e+06 , -1.50574e+06 , 1.06569e+06
517051 , -671962 , -49303.3
-425438 , 314914 , -1.22453e+06
-959061 , 1.46166e+06 , -407618
-1.4586e+06 , 44799.3 , -1.48238e+06
742007 , 173347 , 1.25861e+06
-1.57885e+06 , -949899 , 2386.93
-941386 , 519080 , 54006.1
763546 , 220369 , -2.1591e+06
1.08764e+06 , -1.68664e+06 , 1.21213e+06
1.04106e+06 , 990852 , -373818
14048 , -1.01775e+06 , 200704
-2.13876e+06 , 577929 , 784745
1.55525e+06 , -743992 , 681525
294121 , 1.12788e+06 , 1.04213e+06
-1.36843e+06 , 1.00397e+06 , 612423
1.09298e+06 , -246118 , 326526
-1.51376e+06 , -355006 , 1.571e+06
-1.86245e+06 , -586857 , 2.38723e+06
-872206 , 149119 , 1.18153e+06
-566491 , 422421 , 2.15387e+06
-458428 , 968344 , -142371
637317 , 1.15633e+06 , 574903
1.86038e+06 , -1.20641e+06 , -551599
336690 , 805376 , -617243
-592516 , -194142 , 753372
522077 , 701120 , 1.88898e+06
138560 , 1.29475e+06 , 933790
608336 , 2.08429e+06 , -168128
41328.8 , -369362 , 719070
231104 , 768755 , 1.48788e+06
2.08967e+06 , -1.83984e+06 , 1.68045e+06
976988 , -1.0389e+06 , -128461
-28524.2 , -906275 , -1.02791e+06
79253.6 , 204977 , -1.48411e+06
2.04965e+06 , -214860 , -297826
493064 , -933727 , 252658
-162717 , 1.2019e+06 , -1.23711e+06
1.27834e+06 , 1.59501e+06 , -407355
-1.76131e+06 , 138226 , 1.03862e+06
37918.4 , -627191 , -1.02794e+06
-644478 , -1.49185e+06 , -262930
1.53749e+06 , -851838 , -346034
-564767 , 2.46492e+06 , -86324.7
-993921 , 1.403e+06 , -1.33357e+06
90077.7 , -1.16957e+06 , -291692
-1.3036e+06 , -1.02646e+06 , -879848
-921147 , -605612 , 939789
-1.01422e+06 , -1.53046e+06 , 803599
-597746 , -899198 , 1.45551e+06
104806 , 63202.1 , -1.12945e+06
-1.79488e+06 , -2.05037e+06 , -454960
-942942 , 1.24734e+06 , -772278
-1.31922e+06 , 2.29396e+06 , 552143
-2.20152e+06 , -628065 , -959640
1.78844e+06 , 514086 , -279240
618657 , 110533 , 1.33414e+06
1.31623e+06 , 200764 , -488396
349029 , -1.05025e+06 , -1.72994e+06
-910933 , -906818 , 2.11254e+06
-629687 , 1.10964e+06 , -454278
-656749 , 757089 , 673891
217369 , 611899 , -1.17149e+06
2.17195e+06 , 968483 , 431757
747984 , -1.24546e+06 , -1.35456e+06
334213 , -163710 , -485410
-49880.5 , 55338.4 , -2.0398e+06
1.41479e+06 , 115018 , 2.01486e+06
-42985.4 , 1.34799e+06 , 2.03624e+06
33173.7 , 2.19766e+06 , 499340
278547 , 1.72448e+06 , -1.38136e+06
338027 , 2283.56 , -2.49057e+06
-107363 , -1.05546e+06 , 980317
445364 , 1.94734e+06 , -393089
208334 , -318706 , -1.08676e+06
100084 , 448701 , -937422
-402378 , 1.06976e+06 , 119246
-602085 , -609895 , 590774
-227847 , 707451 , -730468
-139554 , 1.23679e+06 , 1.5371e+06
1.42476e+06 , -787042 , 325636
736648 , 289792 , 1.79898e+06
-351498 , 1.88023e+06 , 337362
364484 , -890207 , -1.41685e+06
585799 , -982732 , -30756.5
-510008 , -838173 , 1.01812e+06
-355462 , 1.03332e+06 , 3.13182e+06
-94873.9 , -470411 , -130358
1.32569e+06 , -509772 , 227208
-822962 , 667629 , 1.41279e+06
179953 , -134771 , -41364.9
662889 , 19041.8 , 322099
2.16753e+06 , -1.82702e+06 , 909828
-458518 , 373920 , 1.82325e+06
-1.38255e+06 , 1.26733e+06 , 637311
261808 , -275832 , 94643.8
-1.19815e+06 , 198451 , 1.39679e+06
-1.46438e+06 , -270290 , 2.48262e+06
-50514.6 , 1.17613e+06 , 1.04858e+06
-1.13134e+06 , -244947 , 548464
-409171 , -1.79823e+06 , 142925
338690 , 1.30897e+06 , 460337
-332485 , 129608 , 41182.7
54714.4 , 492036 , -1.45755e+06
-730446 , 635579 , 879618
390256 , -1.33221e+06 , 1.94123e+06
-34502.6 , -863384 , -1.38382e+06
-1.74066e+06 , -403148 , -268232
1.34036e+06 , -1.59535e+06 , 1.04569e+06
-1.41497e+06 , 654211 , -250543
455922 , -441923 , -996343
-2.06756e+06 , 2.22091e+06 , -907624
850954 , -123744 , -2.39616e+06
-605507 , 1.13179e+06 , 727354
-221761 , 541575 , 784906
20425.6 , 1.33651e+06 , 385761
-450268 , -1.72862e+06 , -434627
619070 , 179247 , -521777
-81034.1 , -3331.36 , 1.95092e+06
744053 , 148799 , 71672.6
-579752 , -1.51931e+06 , 926193
768808 , 2.14132e+06 , 244487
-438772 , -558827 , 1.45291e+06
912436 , -367225 , -1.11404e+06
682427 , 1.22088e+06 , -632609
-386531 , 452065 , 558105
-154490 , -1.73032e+06 , -296170
-352944 , 2.05534e+06 , 1.38188e+06
-1.96277e+06 , -298598 , 677153
584176 , 153537 , 752912
-507382 , -1.46887e+06 , -1.47609e+06
97978.2 , -843172 , 1.63537e+06
967405 , 1.30056e+06 , 228176
-856223 , -157308 , 1.74691e+06
464454 , 662851 , -417447
1.01899e+06 , -1.25938e+06 , 1.54633e+06
-1.93708e+06 , 217973 , 130534
-2.40266e+06 , 260212 , -129470
-705348 , -577714 , 1.94778e+06
-1.14512e+06 , -514359 , 2.51274e+06
-501931 , 2.09188e+06 , -93153.9
86810.4 , -871252 , 3.10448e+06
194613 , 1.05568e+06 , 175171
-215289 , -115712 , 2.17304e+06
-1.53883e+06 , -1.59065e+06 , 1.10804e+06
-692771 , -981666 , 1.25815e+06
737672 , 246317 , 678802
-110460 , -1.264e+06 , -224254
-2.3418e+06 , -359944 , -369234
-983995 , -1.21315e+06 , -485293
1.48898e+06 , -133605 , 2.14833e+06
672957 , 859261 , 36496.4
333529 , 1.29424e+06 , 1.49544e+06
1.08485e+06 , 728170 , -1.04677e+06
1.31232e+06 , 1.50782e+06 , -1.19339e+06
-2.28242e+06 , 574207 , -1.3159e+06
814136 , -586577 , -796756
1.23132e+06 , -882150 , -643217
-1.02066e+06 , -1.6322e+06 , 871173
-1.04778e+06 , -331052 , 183888
-864767 , 1.01243e+06 , -1.63825e+06
-457683 , -1.30923e+06 , -414477
-514975 , -972611 , 503363
584679 , -135949 , 1.07512e+06
139915 , -1.20911e+06 , 1.93276e+06
497024 , 854455 , 1.33949e+06
1.64243e+06 , 315130 , -386089
1.31779e+06 , -1.63955e+06 , 53391.9
-1.27316e+06 , 1.70085e+06 , 584008
306595 , 250879 , -99939.8
171947 , 208519 , -390357
-210635 , -2.09196e+06 , 89969.5
-464148 , -810968 , -1.16824e+06
494909 , 1.01653e+06 , -1.81001e+06
-1.67687e+06 , -573811 , 615687
-815652 , 943085 , -368934
222654 , 933423 , 525172
-909599 , 989801 , 1.50613e+06
1.16565e+06 , -488553 , 1.24896e+06
261097 , 1.14056e+06 , -719293
1.15019e+06 , 358443 , 924419
-712274 , -774491 , -482976
1.374e+06 , -864542 , 648094
176909 , 57997.7 , -1.12615e+06
-372499 , -1.15799e+06 , -665775
970931 , -36346.8 , 1.80915e+06
-56996.6 , 303219 , 994696
29675.2 , -219830 , -1.66124e+06
-1.60823e+06 , -787156 , 120423
1.2099e+06 , 1.89096e+06 , 567902
-1.79938e+06 , -1.18286e+06 , -1.10122e+06
-233969 , -1.48662e+06 , 377249
935359 , -1.97047e+06 , -754958
-988499 , 1.00988e+06 , -638315
-1.38801e+06 , 529805 , -1.07964e+06
1.64657e+06 , 1.07119e+06 , 134855
1.98351e+06 , 276638 , 578864
-452538 , 735159 , -1.9779e+06
-691369 , -2.59541e+06 , 693522
919246 , 2.21722e+06 , -599312
-154448 , -1.40603e+06 , 713261
637394 , 647709 , 204458
1.06654e+06 , 674100 , -129006
1.08493e+06 , -1.48966e+06 , 801539
695992 , 514976 , -1.46349e+06
-1.00629e+06 , -709711 , 901954
561272 , 1.41116e+06 , 83247.9
2.14792e+06 , -43856.8 , 696938
-804052 , 485055 , 1.40464e+06
235505 , -955125 , -1.26931e+06
-1.04605e+06 , 5789.16 , 1.64005e+06
275632 , 138019 , -1.22257e+06
-67683.1 , 959350 , 461378
1.33369e+06 , 1.24999e+06 , -172797
-642663 , -1.76662e+06 , 1.30839e+06
1.41514e+06 , 1.05594e+06 , 593183
-904927 , -2.2726e+06 , 264901
-292060 , -2.27118e+06 , 801131
-684747 , 493059 , -1.46903e+06
-74391 , 117761 , 1.22182e+06
-617956 , -1.17715e+06 , 489710
1.0711e+06 , -786709 , -451267
-594745 , 903685 , 1.36354e+06
-1.30157e+06 , -193138 , 986958
520750 , 883170 , -1.11223e+06
2.01466e+06 , -372283 , 81353
890428 , -2.13221e+06 , 188822
-1.67582e+06 , -381350 , 1.25435e+06
-179679 , 749098 , 413265
821506 , -73223.9 , 1.41647e+06
-1.94237e+06 , 302299 , 891381
-998957 , -578154 , -1.20612e+06
-69479.2 , -498701 , 626267
612160 , -1092.03 , 2.74199e+06
-1.57942e+06 , 720016 , -632580
548327 , 372971 , -714024
892126 , 717265 , 323528
-704695 , 2.47083e+06 , -1.87411e+06
188564 , 148405 , -575566
-476750 , 283031 , -161201
1.40062e+06 , 1.40562e+06 , -931955
-1.16729e+06 , -985974 , 18651.2
-845705 , -2257.72 , -1.1317e+06
324556 , -850773 , 1.12805e+06
1.65392e+06 , 563251 , -966060
-1.70796e+06 , 1.35846e+06 , -90389.8
-1.04571e+06 , 1.64687e+06 , -754100
-1.52678e+06 , -353651 , 2.25738e+06
1.23918e+06 , 608784 , 2.65154e+06
-1.04573e+06 , -1.46726e+06 , -1.551e+06
242354 , 581678 , 1.22953e+06
-1.81876e+06 , 295439 , 172971
-89241.2 , 1.74126e+06 , -1.20169e+06
482777 , -468777 , 1.21798e+06
-804347 , -807136 , -696489
346407 , 932995 , 1.47572e+06
775606 , -1.89509e+06 , 2.81239e+06
853205 , 588479 , 800828
887244 , -403776 , 947261
-707565 , 1.16063e+06 , -154006
-1.21755e+06 , 1.01548e+06 , -2.02706e+06
617985 , 577795 , 290764
2.30118e+06 , -298641 , 956669
-188542 , 1.04052e+06 , 1.12545e+06
-1.55033e+06 , 262736 , -613601
-1.55884e+06 , -1.69211e+06 , 824105
-849794 , -446660 , 1.18912e+06
-207555 , 551559 , 1.60855e+06
1.05364e+06 , -162390 , -1.16638e+06
1.10766e+06 , 328244 , 552185
110706 , -1.31451e+06 , 1.65078e+06
1.15875e+06 , 1.05058e+06 , 1.13941e+06
-1.03009e+06 , 676846 , 1.05662e+06
1.11157e+06 , 589780 , -41746.8
1.59133e+06 , 342224 , 1.30556e+06
1.38168e+06 , -734334 , -909488
-498438 , 1.38013e+06 , 1.23861e+06
106081 , -40279.4 , -236514
22657.1 , -32682 , 1.42361e+06
595911 , -621973 , -1.48103e+06
1.24424e+06 , 206697 , -907035
-1.42178e+06 , 1.21217e+06 , -13010.3
-1.95882e+06 , 908936 , 150001
738721 , 951614 , 1.75149e+06
-1.47494e+06 , -1.54501e+06 , -187123
448441 , -1.02111e+06 , 275501
-712529 , 1.81144e+06 , -1.19323e+06
226033 , -203758 , 630167
-1.2988e+06 , -197083 , 2.16726e+06
-734645 , 566682 , 907430
1.95906e+06 , -1.53774e+06 , -1.40173e+06
-957578 , 901520 , 1.71809e+06
1.17728e+06 , -1.05523e+06 , 433123
879816 , -976857 , 362464
1.17851e+06 , 119241 , -1.89176e+06
93105 , -828594 , 466285
-281154 , 1.83812e+06 , -1.3651e+06
-1.20267e+06 , -1.13164e+06 , 488099
-1.41982e+06 , -173922 , 300128
1.19911e+06 , -500467 , 383558
56803.2 , -2.02463e+06 , 813263
1.64057e+06 , -1.39756e+06 , -193266
-1.30966e+06 , -1.20582e+06 , 964697
1.82525e+06 , 699951 , 1.25853e+06
-1.25643e+06 , -131983 , -459297
-647410 , -1.95003e+06 , 2.12598e+06
-1.76762e+06 , 1.48083e+06 , -668483
129346 , -882435 , -513332
812508 , 1.37893e+06 , 197706
-199755 , 1.94368e+06 , 571066
-2.09664e+06 , 1.02168e+06 , 545289
613086 , 1.36223e+06 , 1.19253e+06
-326999 , -2.20958e+06 , 494490
-135330 , -590745 , 2.05143e+06
-1.24288e+06 , 645030 , -168528
506891 , 641811 , -1.344e+06
631692 , 276630 , 384293
-1.58857e+06 , 258594 , -322526
368462 , 951100 , 276903
-593993 , 1.40099e+06 , -1.97425e+06
-1.40873e+06 , -260423 , 1.11399e+06
-830449 , -732602 , -987748
282560 , -162229 , 1.60189e+06
417568 , -1.29833e+06 , 696181
-307009 , -953813 , 700563
-1.99002e+06 , 21430.2 , -809265
652008 , 1.13445e+06 , -337718
513018 , -94715.2 , 828498
-630809 , 1.19691e+06 , 442643
-1.53532e+06 , 1.47297e+06 , -1.02366e+06
-765688 , -28439.9 , 909921
751214 , -193163 , -329747
-34556.2 , -388365 , 960385
-733613 , 120914 , 883946
176701 , 676602 , 508098
-666584 , -941508 , -75128.4
28241.5 , 33296.9 , 1.08759e+06
-256003 , 1.47291e+06 , 366615
-2.02566e+06 , 31318.3 , -983620
-623141 , -289923 , 2.20485e+06
439533 , 1.25314e+06 , 454074
1.15515e+06 , 107189 , 2.13167e+06
-40822.7 , 511352 , -235491
-1.40118e+06 , 286660 , 958006
1.73784e+06 , -908000 , -510097
696487 , 667212 , 1.34995e+06
-796479 , 1.02832e+06 , 1.9699e+06
-1.5594e+06 , -99775.1 , 2.72611e+06
-1.43993e+06 , -1.62913e+06 , 235392
1.52317e+06 , 302411 , 951010
493661 , -478949 , 955964
1.22725e+06 , -1.53965e+06 , 165484
-377439 , 679326 , -424142
1.49926e+06 , -978854 , 1.61845e+06
-635336 , 483436 , 2.40678e+06
1.86964e+06 , -350101 , 144922
-557140 , 634494 , -1.02369e+06
-524860 , -561213 , 2.18592e+06
-61998.7 , 199965 , 1.24362e+06
-527826 , 380864 , 424952
-1.31511e+06 , -429380 , -557062
-980627 , -334276 , -1.86772e+06
614500 , -382143 , 826774
889323 , -343320 , 1.04903e+06
-32010.3 , -873157 , 1.26041e+06
-597301 , 293391 , 314776
-1.92239e+06 , -36251.5 , 323225
-1.41208e+06 , 5433.77 , 532250
152848 , -838955 , 1.41825e+06
22243.6 , 88936.3 , -189194
-1.05067e+06 , -1.46252e+06 , 1.12311e+06
638535 , -2.14884e+06 , 1.74287e+06
-943640 , 833078 , 2.04449e+06
678037 , -1.02004e+06 , -608739
905825 , 457726 , 2.22289e+06
1.62982e+06 , 47038.5 , 577113
-1.37692e+06 , -1.56395e+06 , 80263.4
1.4932e+06 , -1.14046e+06 , -499156
889771 , -1.75532e+06 , -909543
598403 , 829944 , -820605
-855508 , 1.8722e+06 , -484537
-101798 , -725982 , -1.61794e+06
29915 , -417619 , -1.33407e+06
202031 , -406509 , 1.80287e+06
-672726 , 368976 , -614989
460632 , -211186 , -328132
770517 , 1.90187e+06 , 318624
1.93542e+06 , 187055 , 871195
-797746 , -1.12007e+06 , 699091
2.27366e+06 , 402823 , 882016
-1.25415e+06 , -675741 , -687395
164290 , -2.18042e+06 , -753037
-568949 , 339016 , -1.14386e+06
2.05493e+06 , 689340 , 1.52711e+06
1.24469e+06 , 1.53668e+06 , 749644
863066 , 1.92923e+06 , 336882
964042 , -860100 , 207523
85744.7 , 1.06293e+06 , 627711
-523514 , 427664 , -1.01234e+06
13841.8 , 786877 , 769710
-812021 , -92761.9 , 1.29573e+06
-1.82596e+06 , 18858.1 , 48325.4
1.47224e+06 , -2.06058e+06 , 557158
-1.71842e+06 , 1.91438e+06 , 540422
689249 , -1.3555e+06 , 1.71263e+06
-654068 , -849800 , 2.70554e+06
-120657 , 313031 , 35643.3
1.98038e+06 , 78680.9 , -105159
683197 , -431259 , -661055
253814 , 1.00938e+06 , 1.08225e+06
2.23774e+06 , 1.4506e+06 , -1.20833e+06
-387488 , -1.68271e+06 , 316194
684572 , 627541 , -2.79981e+06
1.16598e+06 , -643554 , -1.25274e+06
16546 , -939542 , 1.62211e+06
787971 , 1.20425e+06 , -89210.4
1.01762e+06 , 464831 , 1.54497e+06
986571 , -666982 , -1.20513e+06
-148237 , -1.04767e+06 , -59922.7
-129567 , -1.49936e+06 , 41780.3
738374 , -353486 , 587975
-1.86456e+06 , -897223 , -337188
-568154 , 835028 , 176321
-121551 , -875706 , -1.27769e+06
-661305 , -582071 , 2001.03
-643367 , 1.10552e+06 , 1824.14
1.06594e+06 , 1.04492e+06 , 1.9651e+06
452605 , 472524 , -1.18776e+06
902333 , 183950 , 1.45466e+06
-54336.9 , -1.48182e+06 , -1.72248e+06
1.59909e+06 , 388128 , 311880
-761487 , 305867 , -24761
827856 , 73000.9 , 2.0695e+06
-871876 , 295674 , -398052
1.91241e+06 , -565403 , 814834
561286 , 1.19269e+06 , 920919
798412 , 986640 , 2.37638e+06
-1.77058e+06 , -803732 , -1.45173e+06
-1.13124e+06 , 1.07991e+06 , 407664
680718 , 1.03982e+06 , 1.66323e+06
1.23572e+06 , 322784 , 729135
1.22627e+06 , 536553 , -698597
814968 , -314971 , -1.29299e+06
274349 , -811451 , -1.04522e+06
1.07289e+06 , -830920 , -540704
-1.62778e+06 , -647308 , 1.24245e+06
-323152 , 1.21477e+06 , -1.98229e+06
-548329 , 536598 , -438730
408134 , 1.05674e+06 , -1.8942e+06
772134 , -747795 , 241309
-1.53191e+06 , 1.08555e+06 , -1.7198e+06
819489 , -1.21465e+06 , -984518
-635320 , -29242 , 1.24042e+06
-499496 , 2.34147e+06 , -462728
-1.26384e+06 , -772379 , 1.92497e+06
-1.28426e+06 , 366333 , 568791
24137.7 , -1.07012e+06 , 317184
1.57715e+06 , 143789 , -178910
-390063 , 96140.7 , 2.07505e+06
-121433 , -1.29026e+06 , 1.75225e+06
-1.08376e+06 , 1.40564e+06 , 1.43651e+06
742299 , 1.50593e+06 , -106282
-1.22708e+06 , -924742 , -827332
42385 , 1.04796e+06 , 340796
108868 , -2.77697e+06 , -146311
1.18288e+06 , -1.01515e+06 , -35303.3
-560686 , -1.33547e+06 , -73994.5
1.06541e+06 , -1.18585e+06 , 487130
-775909 , -1.23706e+06 , 1.14868e+06
-1.12285e+06 , -1.2297e+06 , 1.14006e+06
407348 , -688748 , -312284
170755 , -1.46101e+06 , -1.06421e+06
-668483 , -642645 , 1.18961e+06
976556 , -270212 , -90247.3
472517 , -650902 , 933312
1.74318e+06 , 534878 , -1.02895e+06
-754536 , 405254 , 109059
-1.16922e+06 , -391411 , -907504
-1.0653e+06 , 1.12737e+06 , -1.43612e+06
675704 , -676139 , -2.05373e+06
1.93722e+06 , 1.03109e+06 , -1.76472e+06
1.00366e+06 , -502863 , -2.20198e+06
-1.01939e+06 , 448619 , -435200
1.05042e+06 , 328.9 , 691697
-852240 , 1.01345e+06 , -1.19722e+06
888579 , -1.68085e+06 , -1.06106e+06
1.39413e+06 , 554643 , 473231
1.00704e+06 , -2.79692e+06 , 536827
543856 , -366899 , 107619
-666758 , -1.13585e+06 , -38091.7
998365 , -29391.6 , -2.33823e+06
436495 , 380859 , 855695
3250.5 , 121783 , 869149
-7518.26 , -551684 , 1.72818e+06
-460560 , -1.89647e+06 , -1.48003e+06
-141459 , -556419 , 186823
946788 , -186931 , -1.47003e+06
1.43294e+06 , -943930 , 523880
-1.23831e+06 , 92388 , -626286
507642 , 444671 , -947235
-2.44238e+06 , -624419 , 25723.9
1.4184e+06 , -647394 , 436503
960499 , 1.31468e+06 , 970622
414586 , -875420 , 1.58997e+06
1.28793e+06 , -352384 , 270458
799508 , -961348 , -2.49368e+06
343801 , 185900 , -537783
-1.75964e+06 , -259361 , -1.57397e+06
-1.49844e+06 , -1.57325e+06 , 812381
1.9134e+06 , 203850 , 612066
406378 , 619188 , 1.13976e+06
-2.20541e+06 , 268820 , -1.85584e+06
842187 , 1.38345e+06 , 1.22474e+06
-127811 , 1.56391e+06 , -1.04233e+06
475381 , 1.09772e+06 , -1.16274e+06
356549 , -769135 , 2.07448e+06
-951457 , -1.00194e+06 , 1.45888e+06
728899 , -380809 , -1.42606e+06
910841 , -616546 , -1.1415e+06
-2.19623e+06 , -551159 , -546470
-1.51312e+06 , -1.70513e+06 , -757314
-885392 , 1.18888e+06 , 574135
-1.63618e+06 , -838562 , -833026
241150 , 541050 , 1.81292e+06
721323 , -700288 , -615480
1.13313e+06 , -74482.8 , 124858
610000 , 793726 , -84800.5
699022 , 390861 , -559498
-1.2153e+06 , -2.18529e+06 , 609594
703097 , 1.1756e+06 , -1.68837e+06
-462457 , -826881 , -409405
-1.16296e+06 , -1.84259e+06 , 390085
82576.2 , 2.18181e+06 , 1.70151e+06
-797140 , -1.15088e+06 , 32535.4
-367876 , 1.7632e+06 , 735982
-1.64613e+06 , 935864 , 1.12813e+06
-208133 , 434510 , -1.05537e+06
-1.19117e+06 , -623529 , 1.07774e+06
-418367 , -1.22619e+06 , -55904.4
-1.04874e+06 , 517606 , 518217
-317599 , -221833 , 716892
-1.25547e+06 , 858443 , 57654.7
207676 , -499893 , 957733
-1.23415e+06 , -302909 , -310503
-691051 , -994112 , 101888
2.14103e+06 , 1.31385e+06 , 314477
2.43648e+06 , 485592 , 302087
-556072 , 861407 , 650801
-185875 , 918825 , 497919
-1.47688e+06 , -1.5689e+06 , 973461
-585945 , -1.61254e+06 , -193208
1.57415e+06 , 1.03016e+06 , 18073.7
101049 , 263185 , 1.79792e+06
1.31797e+06 , -1.40131e+06 , 1.1256e+06
-602054 , 1.03707e+06 , -1.75768e+06
-460664 , 1.0561e+06 , 1.38952e+06
101969 , 2.51771e+06 , -677629
1.00911e+06 , 321647 , 294814
-1.31306e+06 , 232342 , 464517
616891 , -791073 , -611474
499097 , 3.31878e+06 , -410926
-262277 , 1.97849e+06 , -289797
396421 , -1.26085e+06 , 761810
-1.96235e+06 , -1.65374e+06 , -475125
-1.77276e+06 , -1.56109e+06 , -357197
403682 , 551399 , 1.52942e+06
427054 , -503119 , -1.39848e+06
53513.4 , 625020 , 141932
297160 , -1.03988e+06 , -1.03857e+06
-175426 , 1.54136e+06 , 340798
463095 , 771093 , -111002
-1.38115e+06 , -29850 , -568365
-128051 , -761321 , -338243
-1.3274e+06 , -942319 , 48123.3
446055 , -954765 , 663391
-1.56801e+06 , 717159 , -241600
1.61189e+06 , 1.41272e+06 , 1.03001e+06
-174353 , -1.85513e+06 , -1.24523e+06
385557 , 715717 , 1.26076e+06
2.70083e+06 , -577055 , 704791
81212.4 , -308541 , 790917
1.15766e+06 , -442256 , -1.45124e+06
222179 , 770185 , 1.29185e+06
-4056.05 , -585847 , -1.8357e+06
-151196 , 33395.5 , 1.24274e+06
334445 , -1.14331e+06 , -857635
1.90308e+06 , 292122 , -1.07158e+06
206718 , 926192 , 681861
893003 , -1.54004e+06 , 586240
-2924.08 , -1.77106e+06 , 805694
1.49699e+06 , 837927 , 297172
2.40614e+06 , 897943 , -277726
-1.65944e+06 , 327499 , 1.13654e+06
-412778 , -1.18945e+06 , -1.45389e+06
1.75443e+06 , -1.06228e+06 , 1.52782e+06
-1.65955e+06 , -147875 , 697459
1.36804e+06 , 441756 , -1.02905e+06
-1.32822e+06 , -314713 , -935928
1.35876e+06 , -1.14061e+06 , 498867
-1.27349e+06 , 430870 , 1.68002e+06
-409818 , 1.14881e+06 , -120811
787612 , -204997 , -119973
264376 , -175054 , 1.72119e+06
983677 , -1.22187e+06 , 2.50324e+06
491439 , 671684 , 2.68379e+06
1.47147e+06 , 91146.6 , 1.74238e+06
144875 , -401883 , 2.24703e+06
43055.6 , -1.47921e+06 , 16921.5
47572.1 , 1.52243e+06 , 1.34855e+06
905631 , -963880 , 1.19075e+06
1.681e+06 , -247230 , -71447.4
-494623 , -150815 , 973136
-2.53872e+06 , -629142 , -51844
-1.0272e+06 , -220363 , -553500
1.7237e+06 , -1.23183e+06 , -202764
104662 , 114886 , 72011.3
872506 , 1.47222e+06 , -810048
-255875 , 46255.1 , -1.12604e+06
2.23238e+06 , -725010 , -587903
52200.9 , -1.36084e+06 , -644882
400951 , -1.1456e+06 , 2.79858e+06
263810 , 606021 , -373903
-904111 , 41637.6 , 741213
-208929 , 1.37645e+06 , 438196
1.00053e+06 , 864947 , -1.22187e+06
880140 , -202472 , 2.61922e+06
-1.50395e+06 , -1.73489e+06 , 928391
-1.17293e+06 , 96811.9 , -1.18047e+06
460702 , 1.43191e+06 , 173341
1.00683e+06 , -826918 , -1.02301e+06
872812 , -1.89245e+06 , 570277
-903755 , -676040 , -289981
392968 , -153164 , -1.18477e+06
-468643 , -658807 , 2.19862e+06
611232 , 993476 , -1.72929e+06
493796 , 636609 , 2.13342e+06
-1.46803e+06 , 932669 , 1.37431e+06
1.6565e+06 , 1.75306e+06 , 1.48434e+06
-393211 , 1.9491e+06 , 1.45393e+06
1.15599e+06 , -1.6374e+06 , 292921
-69488.3 , 1.72279e+06 , 31796.5
1.39035e+06 , 1.34534e+06 , -1.79175e+06
349162 , -636059 , 1.28738e+06
-1.0692e+06 , 1.77339e+06 , -957219
-138023 , 115745 , 1.68306e+06
1.09231e+06 , 1.38029e+06 , 971603
620959 , -1.14564e+06 , 335404
-646371 , -1.56552e+06 , -994167
995772 , 155844 , 1.64978e+06
16359.5 , -1.96123e+06 , -103766
765592 , -479929 , 50546.6
-1.21307e+06 , 235232 , -1.79205e+06
-49188.1 , 700952 , 1.20563e+06
693385 , 919253 , 284281
-323866 , -1.69069e+06 , -847404
-27538 , -435348 , 1.53249e+06
-504933 , -561143 , -16367
-869556 , 218629 , -141719
-1.38363e+06 , -95363.2 , 393977
246337 , 634453 , 928827
-2.01839e+06 , -218644 , 702669
-400048 , -459642 , 1.17882e+06
1.07581e+06 , 728554 , -726470
178411 , 1.28337e+06 , -820371
2.00973e+06 , 279502 , 1.35657e+06
664158 , 61592.8 , -1.85427e+06
-595911 , -2.72824e+06 , 1.55859e+06
-1.45772e+06 , -1.24171e+06 , 359963
1.72085e+06 , 551562 , 69511.5
-2.51053e+06 , 1.68584e+06 , 277116
-542711 , -725846 , -1.05292e+06
-1.33587e+06 , 652294 , 427646
1.10789e+06 , -1.34329e+06 , 1.08806e+06
361166 , -1.54909e+06 , 1.92611e+06
-2.1866e+06 , 1.28709e+06 , -1.0432e+06
-148418 , 1.40261e+06 , -63074.5
-2.06733e+06 , -357141 , 1.1173e+06
619150 , -2.21463e+06 , 530460
477939 , -903358 , -1.31853e+06
816712 , -341110 , -999813
-396430 , -1.68546e+06 , -694780
948308 , 1.16766e+06 , 606881
365297 , -452459 , -1.57944e+06
666091 , 1.17636e+06 , 1.74882e+06
187558 , 572604 , 149988
-216661 , 505682 , 691770
-2.53865e+06 , 890457 , -201124
-134454 , -592020 , 900907
155113 , 691194 , 1.52807e+06
-1.35716e+06 , 821302 , 557423
743487 , 1.91993e+06 , -337181
1.96875e+06 , -1.59176e+06 , 169685
-297503 , 1.30249e+06 , 2.3305e+06
898983 , 300817 , 1.92613e+06
475582 , 184843 , 658734
1.47567e+06 , 712109 , -172565
-1.41829e+06 , -651348 , 1.79694e+06
-144149 , 763432 , -584302
1.43363e+06 , -1.01182e+06 , -443943
429545 , 1.69761e+06 , -237026
-269980 , -671516 , 1.98743e+06
-1.377e+06 , -1.88574e+06 , 64005.8
386531 , 42918.2 , 812340
-188893 , 2.44075e+06 , 8052.53
562825 , -2.05411e+06 , -397814
-833265 , -1.9686e+06 , -970740
821433 , 263738 , -965325
987885 , -286174 , -1.19252e+06
101077 , -1.75379e+06 , 41262.7
-455862 , -1.9641e+06 , 339482
1.47574e+06 , -700852 , 553208
-334615 , 894392 , -1.34765e+06
1.06268e+06 , 364097 , -1.31108e+06
1.2909e+06 , -1.27922e+06 , -1.38363e+06
73953 , 131420 , 1.19143e+06
674753 , 401653 , 2.20026e+06
1.73272e+06 , -437844 , -1.03192e+06
-1.13726e+06 , -1.13928e+06 , -866923
523643 , -1.70578e+06 , 660068
420070 , 551321 , 1.29744e+06
-1.55767e+06 , -613862 , -1.00573e+06
841048 , 873476 , -432910
267214 , -1.81381e+06 , -208159
263791 , 964874 , 419029
-850939 , 1.63055e+06 , -1.26985e+06
147922 , -592707 , 1.77334e+06
178936 , 629558 , 124858
59621.7 , -422304 , 931122
-1.037e+06 , 1.47426e+06 , -520833
1.1466e+06 , 1.45134e+06 , 1.12548e+06
-1.63278e+06 , 1.55633e+06 , 1.48635e+06
542052 , 1.77164e+06 , 512699
-2.12541e+06 , -238606 , 351555
-1.60959e+06 , 1.63803e+06 , -539975
1.10888e+06 , -1.04451e+06 , -134698
-509287 , 192446 , 721824
39513.7 , -423113 , 163206
-1.97855e+06 , 101429 , -341788
411409 , -1.03522e+06 , -1.24135e+06
1.52612e+06 , 277668 , -1.44012e+06
640997 , 1.36174e+06 , -643405
2.17052e+06 , -125571 , -538439
-903382 , 65911.9 , 1.45582e+06
785169 , -985052 , 99838.9
-754130 , 968369 , -2.09635e+06
-1.18074e+06 , -324460 , 880951
105753 , 799601 , -746935
746726 , -891134 , -1.8976e+06
206557 , 254617 , -1.31776e+06
1.19653e+06 , -787933 , -71370.1
1.45266e+06 , -1.44071e+06 , -1.47784e+06
1.69081e+06 , 1.25259e+06 , -1.13501e+06
-1.92933e+06 , -467559 , -1.13497e+06
-457171 , 912762 , 1.09308e+06
736987 , 1.2682e+06 , -943384
-74064.7 , -1.04097e+06 , -14983.9
-2.07509e+06 , -334609 , 772305
1.70184e+06 , 701639 , 1.95964e+06
309453 , -382659 , 476523
195072 , 1.28975e+06 , -736242
-33686 , 1.08672e+06 , 937074
-350733 , 933682 , 1.12882e+06
-417947 , -71280.6 , 1.08583e+06
-495362 , 1.46861e+06 , 1.02871e+06
443957 , -1.79249e+06 , 1.27137e+06
-378793 , 1.41955e+06 , 178458
768615 , 1.29428e+06 , 806308
-1.93256e+06 , 83572.9 , 1.28215e+06
-1.11258e+06 , 581202 , -194601
-2.51285e+06 , 404673 , 559224
1.04251e+06 , 649519 , -1.33871e+06
-662258 , 390982 , 449514
-479509 , -878648 , 109695
1.1477e+06 , -1.6656e+06 , -42928.2
107747 , 94234.9 , -574128
-375308 , -1.02307e+06 , -1.26047e+06
-407260 , -1.15576e+06 , 284078
-37005.4 , 933294 , 341531
-1.16586e+06 , -571192 , -602698
732106 , 275191 , -1.67502e+06
-1.27213e+06 , 220713 , 927078
-275472 , 52367.8 , 497421
-595635 , 989277 , 1.32847e+06
899156 , -1.04731e+06 , 994533
658096 , 697967 , -309794
-519648 , 483838 , 145809
559721 , -70431 , 515789
-773727 , -2.01819e+06 , -2439.58
-779071 , 1.59075e+06 , 364188
-121115 , 1.76548e+06 , 440924
-855564 , -1.55652e+06 , -141163
-858692 , 959603 , 223447
727800 , -2.01392e+06 , -93308.3
-1.04307e+06 , 231089 , -1.17037e+06
284716 , -680133 , -715473
1.70009e+06 , -176682 , 1.43296e+06
882079 , -2.37468e+06 , -1.04882e+06
-474666 , -300952 , -2.47797e+06
-84822.4 , -1.49576e+06 , 853210
94771.6 , 1.40386e+06 , 1.34391e+06
1.1046e+06 , -1.13998e+06 , 848067
-101397 , 1.381e+06 , 953870
-1.65408e+06 , -988089 , -568943
-733812 , 2.06303e+06 , -347550
-1.25035e+06 , -360590 , 543480
-1.37853e+06 , 1.23545e+06 , 846043
253331 , 2.0112e+06 , 1.24216e+06
-588420 , 9820.27 , 1.27179e+06
1.40811e+06 , 1.13828e+06 , -970323
1.48891e+06 , 1.44558e+06 , 578700
-1.81239e+06 , 3.0262e+06 , 761311
947438 , 188679 , 1.63808e+06
1.00574e+06 , 1.18934e+06 , 210024
320563 , -2.14402e+06 , 1.44476e+06
-1.13734e+06 , 792116 , 617345
-1.45923e+06 , -102303 , -1.26097e+06
15987.6 , 1.50674e+06 , 322489
-2.19762e+06 , 653087 , 1.27555e+06
1.2822e+06 , -1.17605e+06 , 478790
1.9232e+06 , -591059 , -878307
-946014 , -73587.4 , 850558
753981 , 1.46208e+06 , -434668
1.19201e+06 , -1.06557e+06 , -108849
766735 , 2.36444e+06 , -341840
-1.32639e+06 , -1.44993e+06 , 625344
-1.22206e+06 , -166434 , -1.64474e+06
1.26665e+06 , 219093 , -528438
1.54017e+06 , 61432.3 , -493056
567396 , -1.59464e+06 , -354060
-347777 , -909274 , 677657
1.46702e+06 , -246765 , 2.54238e+06
-580714 , -847256 , -668802
948406 , -1.85316e+06 , 1.56685e+06
-2.09833e+06 , 428140 , 1.32961e+06
460125 , 33692.5 , -2.01806e+06
-1.94279e+06 , -186401 , -77108.3
1.73779e+06 , 566696 , 2.33851e+06
536043 , -1.32425e+06 , 923786
-731631 , 1.41834e+06 , -726486
1.19837e+06 , -637887 , 1.02957e+06
1.6883e+06 , -1.21907e+06 , 89070.5
218666 , 976801 , 41121.7
-374570 , 182571 , 1.4181e+06
1.21974e+06 , -425051 , -1.40874e+06
811901 , 1.05365e+06 , 1.63697e+06
1.13284e+06 , 772512 , 1.02295e+06
304478 , -311973 , 391730
-1.9773e+06 , -1.20281e+06 , 657630
1.38191e+06 , -118914 , 1.2018e+06
1.38153e+06 , 99108.2 , 1.19922e+06
-1.2095e+06 , -838264 , 1.31395e+06
575633 , -570555 , 242159
1.03191e+06 , 468412 , -809400
-1.09909e+06 , -504059 , 910490
-790885 , -551443 , 1.51376e+06
-661202 , 596779 , -1.39461e+06
970593 , 743629 , -768492
-1.27681e+06 , -11542.3 , 1.47031e+06
844420 , -1.47672e+06 , -1.33227e+06
-1.53047e+06 , -246141 , -438003
-1.22652e+06 , 175211 , 1.16178e+06
-2.11212e+06 , -231632 , 829339
-443197 , 659543 , -855412
1.24433e+06 , 674605 , -70279.2
-1.37107e+06 , 119052 , 994262
81084.9 , 394720 , 1.00998e+06
1.81258e+06 , -1.05526e+06 , 426732
-1.10538e+06 , 301147 , 2.68565e+06
788416 , -819235 , 865743
-889068 , -2.12629e+06 , -898270
-380055 , -794066 , 1.37002e+06
657515 , -1.33188e+06 , -270913
-1.2047e+06 , 336892 , 1.63687e+06
2.15365e+06 , 409253 , 1.02157e+06
-208420 , 899146 , 1.05824e+06
1.25907e+06 , 917397 , -217751
-3226.5 , 810973 , 758970
-141757 , -464036 , 234545
630575 , 1.87433e+06 , -382222
1.13821e+06 , 1.02481e+06 , 463438
817432 , 663958 , -879685
808367 , 1.7758e+06 , 1.36008e+06
-623617 , -170157 , 1.10969e+06
1.1283e+06 , -488501 , 111148
1.03771e+06 , 1.9981e+06 , -176080
-706068 , -726652 , 1.00327e+06
2.14331e+06 , -310734 , -109773
182593 , 1.04856e+06 , -241407
-1.21413e+06 , 298499 , -680153
-1.67039e+06 , 64307.6 , -298298
-1.47184e+06 , -369238 , -254689
217439 , -342479 , 823951
-1.6159e+06 , -678161 , 816709
-240526 , -1.67678e+06 , -549839
-893954 , 911568 , -37834.7
1.21878e+06 , 818780 , 1.54795e+06
-175850 , 115528 , 1.37571e+06
-1.07792e+06 , 627566 , 1.15787e+06
14984.1 , -427428 , -922740
2.30743e+06 , -291808 , 383965
393160 , -353754 , 876808
1.04877e+06 , 1.6224e+06 , -521768
1.6142e+06 , -526656 , 532505
2.45122e+06 , -1.72663e+06 , 1.58997e+06
-929253 , -862015 , 1.74942e+06
-1.28425e+06 , 1.68796e+06 , 230310
-487346 , 257980 , -929155
863114 , -950393 , -321766
-134531 , -1.07582e+06 , 418885
-809941 , 449410 , 950119
1.7762e+06 , 18794.8 , -592014
-1.70234e+06 , -1.17355e+06 , 78846.7
746604 , 1.17555e+06 , 266902
-371915 , -301092 , -1.80897e+06
-1.56508e+06 , 568219 , 962818
-1.45856e+06 , 1.06159e+06 , 277701
193194 , -1.20179e+06 , -1.04599e+06
489500 , -600.61 , 2.55344e+06
-280199 , -893943 , 2.0871e+06
1.54056e+06 , 1.24171e+06 , -581337
-964206 , -168436 , -1.24146e+06
1.30019e+06 , -657284 , 2.00457e+06
-2.0931e+06 , -128713 , 514510
-672395 , -1.32585e+06 , -57677.4
1.05278e+06 , -245882 , 756242
1.38077e+06 , 1.13435e+06 , 869632
-1.30643e+06 , 111556 , 1.74395e+06
-738746 , -1.66279e+06 , -250772
-495323 , -981317 , -496805
-2.32875e+06 , 669962 , 92510
-511314 , -409865 , 568384
1.66435e+06 , 765325 , 2.1664e+06
1.64128e+06 , 295417 , 847973
-421085 , 807645 , 1.18848e+06
-244996 , -998033 , 1.98516e+06
518206 , -765326 , -1.05827e+06
-357872 , -71724.4 , 1.0045e+06
547591 , 723509 , 2.50795e+06
-134712 , -2.59428e+06 , 1.35729e+06
346917 , -1.18302e+06 , -781443
821667 , -581352 , -1.64172e+06
1.21077e+06 , -1.37593e+06 , -480193
337164 , -500052 , 561317
1.56527e+06 , 503551 , 1.46188e+06
-1.29134e+06 , 1.13377e+06 , -73967.7
49139 , 196407 , 1.21194e+06
-254483 , 479988 , -484684
-290944 , -309044 , 255333
-673821 , -2.49102e+06 , 373606
-516591 , 1.40539e+06 , 311277
-169155 , -98505.8 , 1.11808e+06
-1.39583e+06 , -1.30102e+06 , -214574
-11845.4 , -1.61414e+06 , -1.12523e+06
-552744 , 101857 , 1.52535e+06
-272280 , 313259 , 2.18247e+06
2.12496e+06 , -223188 , -385871
-496741 , 1.44587e+06 , -1.18985e+06
-20301.7 , -758260 , -519233
1.59092e+06 , -1.04453e+06 , 108411
-1.99768e+06 , -1.55169e+06 , 891692
-1.15852e+06 , 313958 , -462209
1.11829e+06 , -1.41399e+06 , 2.9815e+06
429494 , -818603 , 700185
859311 , 910796 , 1.89813e+06
-682031 , -861939 , -283703
-422571 , -860016 , -668161
-335123 , 707220 , -507919
-311794 , -317377 , 551545
1.61485e+06 , -335962 , 1.4191e+06
423202 , 1.97212e+06 , 1.36581e+06
-122628 , 467210 , 939290
-1.76833e+06 , -1.5728e+06 , 1.14238e+06
1.60388e+06 , 1.1255e+06 , -1.46625e+06
-980179 , 685028 , 492298
247506 , -1.24289e+06 , 141384
771947 , 1.01896e+06 , 361440
1.0717e+06 , 1.04698e+06 , 1.31077e+06
1.09778e+06 , 27863.1 , 1.29435e+06
-1.63937e+06 , -1.51351e+06 , 1.28736e+06
-23362.9 , -791577 , -621257
-1.39229e+06 , 334817 , 1.98501e+06
-1.15207e+06 , -54616.6 , 874131
483695 , -211102 , 700400
-2.04458e+06 , 1.07862e+06 , 747805
-107317 , -404253 , 248077
-1.03751e+06 , 277931 , 1.02872e+06
1.65036e+06 , -77339.6 , -277372
951911 , 51807.1 , 1.37176e+06
172250 , -1.29071e+06 , 2.25911e+06
1.06463e+06 , -297636 , 1.42607e+06
457352 , -961736 , -131849
-1.35782e+06 , -1.82561e+06 , 26239.9
1.00618e+06 , 1.59998e+06 , 1.19294e+06
1.69367e+06 , -842468 , -506322
482348 , 1.48146e+06 , 827561
2.14717e+06 , 1.09677e+06 , -382038
15655 , 512540 , 991858
-140347 , -1.36616e+06 , 64951.9
-882983 , -15190.3 , 1.42165e+06
118353 , -187943 , 1.64962e+06
-169358 , 2.63758e+06 , 3.167e+06
1.49752e+06 , 650749 , 690561
603967 , 1.15465e+06 , 544850
-328316 , -791019 , 450268
1.26854e+06 , 54173.4 , -758528
-1.05159e+06 , 903893 , -1.9611e+06
1.37831e+06 , -150312 , 1.58629e+06
-873013 , -1.36674e+06 , 430180
-940943 , -749782 , 1.31436e+06
-1.76603e+06 , 922208 , -268671
-6066.47 , -1.56499e+06 , 1.27332e+06
1.34238e+06 , -588647 , -967374
-1.50106e+06 , -978451 , -830315
728994 , 1.63537e+06 , 301975
3139.8 , 1.0233e+06 , 699182
283412 , 1.46396e+06 , 807862
487269 , -860363 , 1.62626e+06
18476.8 , 1.30063e+06 , -44051.4
1.26493e+06 , 799124 , -1.36056e+06
-1.05813e+06 , -370355 , 124407
616663 , 1.20431e+06 , -1.65638e+06
-107309 , -895278 , -938399
1.38583e+06 , -433749 , 2.46808e+06
124812 , -1.96032e+06 , 207132
1.14317e+06 , -507340 , -1.398e+06
-1.8048e+06 , 2.28167e+06 , -419159
1.47206e+06 , -219124 , 591238
-2.19066e+06 , -440549 , -367079
1.16416e+06 , 863493 , 353967
1.03756e+06 , -212629 , -900495
-1.43588e+06 , 400386 , 583760
975138 , 51883.1 , -779203
-1.93911e+06 , -1.17996e+06 , -583662
-1.33164e+06 , 624308 , -812919
-302354 , -570624 , 164103
-286946 , -1.55346e+06 , -1.92473e+06
966886 , 2.16497e+06 , 659725
908047 , 868223 , -2.51327e+06
58205.3 , 4963.7 , 2.03576e+06
-962107 , 2.02756e+06 , -1.02987e+06
-872866 , 55136.7 , 1.65582e+06
1.1004e+06 , -199098 , 263270
1.59065e+06 , 208201 , 956359
-1.17112e+06 , -42742.7 , 1.49274e+06
-1.65834e+06 , -450888 , 223907
1.15932e+06 , -668375 , -364451
1.14939e+06 , 80145.3 , -139420
1.19356e+06 , -1.27239e+06 , 1.25325e+06
854036 , -1.2186e+06 , 521054
-1.9222e+06 , 757129 , -846548
-436908 , 1.54426e+06 , -344950
-1.39118e+06 , -1.48011e+06 , -166537
-212198 , 1.62255e+06 , -2.11516e+06
184471 , 2.47759e+06 , -1.63789e+06
175419 , -1.02585e+06 , -1.98684e+06
173606 , 959573 , 1.19827e+06
244769 , -768701 , 645242
1.19051e+06 , 422975 , 448970
102352 , 2.04176e+06 , -469335
1.40991e+06 , 434734 , 526067
2.66216e+06 , -1.04475e+06 , 150311
-984479 , 59796.1 , 868866
472720 , -352440 , 487589
517208 , 664579 , -143213
-816231 , 932642 , 576653
-769875 , 153627 , -1.16149e+06
-107816 , -556882 , 304700
513204 , 1.16387e+06 , 512097
-970702 , 514052 , -664865
-80652.3 , -619179 , -397317
-1.323e+06 , 1.48727e+06 , 224772
1.49665e+06 , -698337 , -525430
-95206.5 , -2.22174e+06 , 679711
-1.38993e+06 , 1.31092e+06 , 394515
13771.9 , 1.58776e+06 , -41179.2
554899 , 1.90779e+06 , 744518
2.04211e+06 , -19839.6 , -85228.7
-773598 , -977925 , 607983
-452653 , -918312 , -857974
-161296 , -571896 , 211798
-1.80984e+06 , -1.88363e+06 , 532109
-716138 , 413584 , 1.70854e+06
523443 , -196549 , 2.46856e+06
738028 , -232873 , 334779
569148 , 356339 , 176092
-907500 , 1.05322e+06 , -840376
65875.8 , -2.08094e+06 , -758611
788812 , 1.59016e+06 , -56940.3
1.7575e+06 , -1.02209e+06 , 534730
-1.86963e+06 , 2.22525e+06 , 192041
-935610 , -521376 , -575481
1.44882e+06 , 510804 , -14579.3
-257404 , 11259.3 , 1.90036e+06
-1.25688e+06 , 52778.8 , 974929
-216855 , -1.11747e+06 , -707671
-336323 , 1.36098e+06 , -603000
-220677 , 1.05037e+06 , -173839
-173385 , -2.04068e+06 , 189690
1.80321e+06 , -1.17603e+06 , 244531
-257696 , 1.22504e+06 , -430793
431606 , -2.25892e+06 , 80297.8
425396 , 158610 , 335584
-331759 , 911657 , 1.62105e+06
-647446 , 1.36671e+06 , 743260
737384 , 504194 , 194085
319377 , 905539 , -870064
-255839 , -560585 , -544390
235230 , -364398 , -700501
-985203 , 1.54054e+06 , 1.03258e+06
-2.42771e+06 , 390566 , 1.46884e+06
781056 , -13275.7 , -213743
353512 , 275724 , -631095
1.16151e+06 , 33570.6 , 1.11294e+06
-710612 , -1.18872e+06 , 562200
292690 , 54249.4 , 1.22691e+06
693430 , 461788 , -1.12616e+06
-537393 , 2.03236e+06 , 108038
133696 , 1.68242e+06 , 1.50482e+06
1.30974e+06 , 1.83045e+06 , 213009
-72377.4 , 722179 , -826884
-206787 , 29891.6 , 1.99673e+06
-2.11175e+06 , -1.06752e+06 , 544742
979888 , 1.61341e+06 , -473149
-729456 , -579934 , 844231
429495 , 1.72715e+06 , 223686
-2.66104e+06 , 511468 , 805606
669926 , -1.01835e+06 , 1.24968e+06
374565 , -1.85477e+06 , 1.74514e+06
791489 , -2.10716e+06 , 517725
428230 , 280622 , 1.28897e+06
160387 , -1.57887e+06 , 989828
1.69578e+06 , 939176 , 820888
1.13132e+06 , -629461 , 2.00723e+06
-1.88537e+06 , -630892 , 1.27592e+06
-467658 , -290928 , -305.701
15377.7 , 1.47949e+06 , -85452
-807052 , -247994 , 1.09212e+06
6136.29 , -1.97876e+06 , 133927
117529 , 545851 , 1.69431e+06
793921 , -896350 , -957994
1.77224e+06 , 793194 , 66573
1.3875e+06 , 691201 , -1.03389e+06
-291997 , -583325 , -564621
2.03251e+06 , 1.26431e+06 , -218396
698707 , -683456 , 1.92334e+06
-1.14376e+06 , 287525 , -1.49144e+06
-1.4262e+06 , -1.88141e+06 , 1.66829e+06
-1.76241e+06 , 1.4476e+06 , 49835.5
452320 , -80833.8 , 2.23398e+06
-615812 , 975571 , 935269
-1.40014e+06 , 986611 , 1.11639e+06
-2.15948e+06 , 409541 , -330363
-1.54493e+06 , 571068 , -1.07466e+06
1.21066e+06 , -510522 , 1.79196e+06
1.53682e+06 , 1.5568e+06 , 1.29985e+06
114723 , -558719 , -15351.7
-1.14803e+06 , 404949 , -916000
133830 , -1.69488e+06 , -252701
-224579 , 2.32962e+06 , 1.44517e+06
125884 , -1.38665e+06 , 745772
1.66723e+06 , -197605 , -174504
956457 , 2.45242e+06 , 1.2152e+06
883487 , 754557 , 469571
502896 , 916488 , 2.05117e+06
-979510 , 335271 , 891328
-1.71029e+06 , -88409.1 , -135829
-2.13255e+06 , 1.05936e+06 , 67954.1
1.27972e+06 , -298731 , -62378.3
-1.84492e+06 , 538830 , 212943
-398086 , 2.75523e+06 , -1.17602e+06
120444 , -1.68407e+06 , 1.67688e+06
883724 , 300214 , -217172
936476 , -1.06022e+06 , -579727
1.09338e+06 , -500853 , 439367
-842434 , 404488 , -285404
-271316 , -1.41976e+06 , 1.0844e+06
-245950 , 1.02703e+06 , -975266
1.1e+06 , -211256 , -671199
-370799 , -315087 , 1.44912e+06
-769565 , -699556 , -103422
-157476 , 1.1394e+06 , 1.3964e+06
-38983.8 , 1.54843e+06 , 795457
-327427 , -406249 , 1.29878e+06
93349.2 , -1.81333e+06 , 1.28586e+06
-268226 , 192869 , -1.19618e+06
632861 , -818166 , 1.03483e+06
-2.44062e+06 , 408477 , 707270
257779 , -1.20185e+06 , -52498.5
-407110 , 2.13161e+06 , 21226.7
-666308 , -643343 , 1.74801e+06
-197438 , -1.75984e+06 , -459334
427667 , 1.11322e+06 , 1.36543e+06
1.62842e+06 , -684209 , -433511
-574356 , -1.04084e+06 , -1.81543e+06
-82838.3 , -1.61897e+06 , -715615
1.43886e+06 , -533353 , 480067
-334816 , 802416 , -1.49151e+06
636552 , -1.47751e+06 , 1.32503e+06
-1.45809e+06 , 416354 , -700236
1.71375e+06 , 2.05057e+06 , -124652
58444.1 , -62209.7 , -319165
-785176 , -829080 , 2.52102e+06
79038.7 , 1.52721e+06 , 68544.6
52577.8 , 2.37943e+06 , -1.17459e+06
1.33545e+06 , 1.1353e+06 , -690081
527699 , -1.66839e+06 , -797751
-1.68742e+06 , 1.10194e+06 , 1.17366e+06
-181322 , 732441 , 2.09669e+06
1.38022e+06 , 662463 , 288259
-376786 , -185098 , 695243
-869088 , 592229 , -1.14243e+06
-2.32807e+06 , -1.49863e+06 , -1.09744e+06
1.26835e+06 , 897308 , -1.94085e+06
2.08763e+06 , -644647 , 927976
114546 , -819488 , 2.02651e+06
-31907.3 , -149553 , -530076
-309190 , 1.50007e+06 , 441671
1.15645e+06 , 1.99956e+06 , -785886
-847388 , -942665 , 694729
976583 , 1.99119e+06 , 141166
1.90965e+06 , 1.47797e+06 , 501658
-253421 , 1.80076e+06 , 1.54375e+06
-1.89286e+06 , -503049 , -519894
-2.16025e+06 , -516377 , 914676
1.22124e+06 , -1.15219e+06 , -1.08154e+06
-266834 , -43078.8 , -1.05276e+06
-2.18889e+06 , 1.10159e+06 , 582122
-1.43011e+06 , -459128 , 1.07543e+06
-403082 , 1.76003e+06 , 1.40595e+06
-236086 , -551430 , 857744
1.71462e+06 , 62263.9 , 916479
-7151.58 , -524892 , -1.5936e+06
1.3301e+06 , -1.42765e+06 , 1.0045e+06
-333052 , 2.00443e+06 , 306294
-1.64456e+06 , -163155 , -1.20298e+06
-420477 , 674916 , 491317
-19721 , 2.2645e+06 , 886136
721970 , 121728 , 1.0007e+06
379687 , 1.52921e+06 , 608323
-239470 , 1.56221e+06 , 500127
675349 , 315699 , 401512
894714 , 578939 , 1.19729e+06
1.29348e+06 , -1.37117e+06 , 579699
1.26061e+06 , 871527 , 1.14903e+06
192929 , 1.78864e+06 , -840896
-867844 , 533840 , 326611
356453 , 364144 , -1.4304e+06
-525482 , 1.60418e+06 , 1.72941e+06
-241695 , -1.97651e+06 , 82046.8
-1.06695e+06 , 715568 , -312523
805907 , -77494 , -692442
-444608 , -2.00431e+06 , 841164
-1.30138e+06 , -190969 , 437548
-1.26327e+06 , -1.05007e+06 , -937173
-590250 , 225745 , 1.04564e+06
-818374 , -267612 , 2.2036e+06
494534 , 1.44373e+06 , 1.2454e+06
1.03682e+06 , 309060 , 692621
-74797.4 , -185505 , -1.62005e+06
-907523 , -515466 , -180425
1.2149e+06 , 306317 , 8940.09
-1.04452e+06 , 187624 , 1.51421e+06
2.05439e+06 , 154048 , 808033
-368616 , 119355 , -2.08087e+06
1.23664e+06 , -489863 , -783602
460469 , 1.02133e+06 , 3.2458e+06
-767975 , 368686 , 1.26837e+06
225168 , -1.5575e+06 , 732829
618205 , -348707 , 1.27374e+06
-320856 , 1.77258e+06 , -819525
-4897.79 , 1.2736e+06 , 2.11806e+06
1.75354e+06 , 1.02168e+06 , 964713
1.06702e+06 , 103249 , 1.01995e+06
1.55001e+06 , 1.35672e+06 , -639110
-704859 , -187250 , 2.12091e+06
223431 , -1.44337e+06 , 376991
1.71338e+06 , 36321.8 , -789735
1.08648e+06 , -879963 , 1.81417e+06
-1.35163e+06 , 741880 , 212051
-1.85256e+06 , 591989 , -913990
928288 , -891808 , 1.00592e+06
618704 , 2.43654e+06 , -388065
167748 , -1.01603e+06 , 1.57514e+06
296676 , -268519 , 2.36254e+06
-315224 , 213690 , 241632
-147632 , 1.15349e+06 , 901679
-1.13736e+06 , -349702 , -954374
-1.23518e+06 , 134723 , 1.38519e+06
-1.30106e+06 , 1.11778e+06 , 1.8689e+06
-535235 , -832911 , 1.0122e+06
-433091 , -850062 , 1.68394e+06
-809660 , 247070 , -298389
59670.8 , 475007 , 1.51692e+06
1.73086e+06 , 1.07652e+06 , -422789
-1.60048e+06 , 764704 , 542365
1.72356e+06 , -152028 , -1.11411e+06
-535705 , 1.38722e+06 , 1.04086e+06
787389 , -432927 , 846838
-1.25831e+06 , -154900 , -463216
1.52582e+06 , -1.73524e+06 , 576242
-502810 , -1.04029e+06 , -150918
-347303 , -376294 , -505504
-418901 , 373071 , 609249
-376409 , 268133 , -524764
-1.18103e+06 , -190885 , -688490
662487 , 377146 , -1.40272e+06
460395 , 304795 , -58906.6
-386016 , 1.73296e+06 , -611346
1.57736e+06 , -1.34578e+06 , 2.37099e+06
-37215.1 , 1.12282e+06 , 787387
689772 , 1.26785e+06 , 1.43208e+06
856928 , -117866 , -1.06981e+06
1.23938e+06 , 1.36145e+06 , -521381
507444 , -773679 , 70387.4
-1.1945e+06 , 1.78694e+06 , -938035
-225215 , -1.09265e+06 , 2.03774e+06
18738.8 , -690451 , 1.74079e+06
-366748 , -532545 , 1.10331e+06
-241272 , -1.79097e+06 , 1.09649e+06
631491 , 810969 , 1.00308e+06
820112 , 212752 , 1.00714e+06
149149 , 1.31612e+06 , 499894
-704492 , -908245 , 2.52026e+06
1.26786e+06 , 514183 , 553527
-179598 , 702901 , 1.44768e+06
409570 , -13862.2 , 849532
-1.6041e+06 , 1.03961e+06 , -550752
1.25082e+06 , 528412 , -461605
-279536 , -1.30776e+06 , 563837
-1.27442e+06 , 960038 , -880613
570574 , 119395 , 1.2311e+06
1.14352e+06 , 978110 , 1.36271e+06
1.40639e+06 , 916593 , -336942
1.06632e+06 , 1.69999e+06 , -1.22536e+06
-666609 , -540161 , -1.4732e+06
1.70168e+06 , -302461 , -541474
1.33781e+06 , 286384 , 65815.4
1.5876e+06 , 388584 , 817720
892811 , -677659 , 1.22107e+06
849970 , -455039 , 2.2572e+06
-453201 , 164652 , -660476
-1.36915e+06 , 491053 , 432543
702106 , -1.10046e+06 , 1.2821e+06
-1.04515e+06 , 1.2539e+06 , 1.52183e+06
851352 , -1.07769e+06 , 1.74245e+06
-860843 , -860336 , 1.99688e+06
-541844 , -1.02182e+06 , -1.47396e+06
-817372 , 200252 , 260024
2.01436e+06 , 184242 , 499360
-1.72742e+06 , 279680 , -148068
-234122 , 20944.5 , 418290
1.18318e+06 , -1.29309e+06 , -1.16269e+06
-657186 , -380087 , -339791
-1.05763e+06 , 239061 , -1.90564e+06
2.37603e+06 , -2.08028e+06 , 633388
525880 , -16392.3 , -797239
-769402 , 1.72606e+06 , 627241
-1.4311e+06 , 1.02656e+06 , -163075
-516273 , 399578 , -1.37609e+06
516087 , 171542 , 149731
-430562 , -305536 , 1.26597e+06
-636060 , 1.84928e+06 , 1.9114e+06
-115889 , 1.4162e+06 , -251868
427842 , -415824 , 1.11869e+06
-1.29986e+06 , 726571 , 684648
-1.34264e+06 , -972944 , 931846
-1.277e+06 , 618935 , 213911
1.2755e+06 , -1.30828e+06 , 212540
-54975.4 , 2437.74 , -296275
-2.05915e+06 , 1.49423e+06 , 1.36624e+06
105887 , 232581 , -52578.9
-1.47822e+06 , 160646 , 1.6692e+06
151336 , 174238 , 1.03658e+06
79590 , 1.4082e+06 , 1.82504e+06
-1.11572e+06 , 1.49363e+06 , -1.6219e+06
-470446 , 617739 , 608588
-1.11937e+06 , -1.13246e+06 , 1.692e+06
-827717 , 1.30428e+06 , 1.31155e+06
1.59263e+06 , 973474 , 415222
-811046 , -1.67359e+06 , 385358
364105 , -1.5467e+06 , -1.0409e+06
118663 , 1.27817e+06 , -1.50934e+06
-1.19123e+06 , 26809.9 , -249871
830792 , -2.51319e+06 , -466825
1.01077e+06 , 989704 , 1.13899e+06
-5048.32 , -899371 , -1.25056e+06
1.23777e+06 , -790104 , -295595
463571 , 914045 , 845945
-1.39133e+06 , 498103 , -253794
1.60801e+06 , 839097 , -934214
-1.42365e+06 , -515623 , 1.12808e+06
-866171 , -1.39868e+06 , -1.23858e+06
909707 , -562904 , -347282
-124690 , -1.39557e+06 , 2670.88
1.44072e+06 , -1.70365e+06 , -49453.2
2.01588e+06 , -904736 , -618295
-953308 , 314180 , -83732.1
1.57689e+06 , -387269 , -983439
122802 , 228082 , 326006
-1.88089e+06 , -1.16212e+06 , 952928
1.98576e+06 , 942892 , 695569
878762 , 211808 , 806720
-972191 , -1.0584e+06 , 290393
187714 , 1.6268e+06 , 234638
77298.2 , -1.29388e+06 , -1.64147e+06
-1.33332e+06 , -325584 , 1.62467e+06
1.97915e+06 , 911763 , 512929
-384136 , 1.17466e+06 , -501297
-2.93376e+06 , 919507 , -806861
-2.98429e+06 , -6104.9 , 103493
876008 , -87025.3 , 2.09232e+06
583292 , 1.12847e+06 , -2.16272e+06
415247 , 1.33514e+06 , -1.05053e+06
1.57823e+06 , -45588 , -1.41791e+06
587578 , 1.52458e+06 , 75675.1
890657 , -787124 , 802776
-2.25365e+06 , -1.38961e+06 , 1.17482e+06
127275 , 182978 , 58160.9
498021 , -836131 , -810700
-448416 , -1.17303e+06 , 983609
411460 , 111168 , 1.13113e+06
-518971 , 406747 , -1.18295e+06
1.63499e+06 , 691356 , 1.29495e+06
812719 , -1.54488e+06 , 1.26319e+06
-941813 , -505905 , -1.16323e+06
-224795 , 570035 , 1.04366e+06
-1.2993e+06 , -1.01681e+06 , 1.50307e+06
-436463 , 1.14144e+06 , -37397.7
366122 , -1.19785e+06 , -962150
445363 , 37213.6 , 317481
1.09498e+06 , 1301.53 , 618859
1.26781e+06 , 435126 , -952928
2.03758e+06 , -527443 , 61134
1.28383e+06 , 243578 , -1.56239e+06
937461 , -1.50794e+06 , 312219
857191 , -573888 , 19538.3
1.00235e+06 , -1.63859e+06 , -268960
-1.6752e+06 , -447657 , -582413
-1.95491e+06 , 958504 , 35427
922207 , -940822 , 1.40303e+06
348975 , 1.24052e+06 , 934335
286544 , -1.37214e+06 , 682214
-1.73957e+06 , -410124 , -996769
-171271 , 870713 , 753283
-988340 , 522827 , -829726
-982130 , 745267 , 1.10833e+06
489651 , -47308 , -680434
-681962 , -539554 , 20201.6
-1.12625e+06 , -1.49875e+06 , -722609
105486 , -982700 , 352206
-869912 , -374181 , 1.27889e+06
566987 , 911676 , 131530
3.03325e+06 , 1.38681e+06 , 15957.8
-1.24814e+06 , -1.23122e+06 , 462519
672240 , -222564 , -296377
-1.29019e+06 , 1.1544e+06 , -991688
-967953 , -703655 , 9727.64
-990098 , -2.23822e+06 , 515839
-1.50647e+06 , -1.02931e+06 , -36123.8
234838 , -650990 , 574240
-153833 , 1.54376e+06 , -40939.1
137661 , -631287 , -1.99575e+06
347397 , -490774 , 871344
-1.8871e+06 , -229381 , 1.15364e+06
949365 , 1.08348e+06 , -52301.8
107749 , -95242.9 , 1.97151e+06
414561 , -1.42643e+06 , 18225.4
-1.45548e+06 , 50779.7 , 810128
1.53821e+06 , -319307 , 1.10072e+06
1.22326e+06 , 229996 , 663123
610498 , -1.03402e+06 , -357890
1.18087e+06 , 337598 , 1.31553e+06
-2.46667e+06 , 1.23442e+06 , 955201
30509.7 , 999334 , 947203
-229555 , -225237 , -1.85837e+06
685297 , 88039.1 , 697738
106410 , 272480 , 1.49373e+06
-248174 , 937103 , 1.64495e+06
-1.38593e+06 , 647092 , 1.45214e+06
-265182 , 1.13094e+06 , 1.80058e+06
930819 , -913350 , -1.68059e+06
-1.91653e+06 , 1.20753e+06 , 1.44455e+06
-248507 , 1.32048e+06 , -510153
755642 , -1.57253e+06 , 1.21164e+06
1.35843e+06 , 12508.4 , 339514
-361592 , 1.15416e+06 , 539753
-357882 , 340594 , 64928.9
-2.18316e+06 , -133800 , 439954
1.0592e+06 , 182435 , 400192
1.01128e+06 , -1.53423e+06 , 1.23379e+06
-2.0372e+06 , 848703 , 408986
-685657 , 626515 , 1.29423e+06
-104491 , -1.17042e+06 , 53971.2
-1.28457e+06 , 525419 , 964763
409805 , 2.37032e+06 , 7579.81
458026 , -295810 , 478846
1.66132e+06 , -135793 , 539439
256898 , -911111 , -94341.3
987447 , -405577 , 1.25883e+06
-824751 , 870353 , 262198
-612460 , -622722 , 1.25779e+06
330359 , -16545.4 , -191732
68831.6 , 486381 , -1.19089e+06
-1.13993e+06 , 1.74304e+06 , -1.64487e+06
-1.2628e+06 , -860556 , 299112
-395199 , -1.04706e+06 , -615833
1.09214e+06 , -1.64098e+06 , -1.11178e+06
-427701 , -269342 , 838414
-159740 , -265887 , 1.56234e+06
346356 , -715374 , 1.65345e+06
1.26631e+06 , 75049.4 , -603321
-1.41547e+06 , 298874 , -1.88304e+06
-202448 , -2.15016e+06 , 1.05517e+06
1.26765e+06 , -321697 , 1.05339e+06
-623077 , -159312 , -284323
2.06707e+06 , 774058 , 793833
-1.53616e+06 , 680476 , -419477
-777574 , -1.78987e+06 , -1.1484e+06
153338 , -1.68361e+06 , -1.90978e+06
-226885 , 963930 , -1.28188e+06
-1.72231e+06 , 427678 , -725154
-1.06029e+06 , 25798.3 , 1.54275e+06
-1.35019e+06 , 244113 , 496306
955701 , -240285 , 596291
-2.10243e+06 , 325948 , -731365
1.2311e+06 , 556388 , 1.44667e+06
782060 , 1.25747e+06 , -411247
-177026 , -152078 , -333096
-172575 , -1.65307e+06 , 1.59124e+06
1.02131e+06 , 756625 , -996285
69365.9 , 254851 , 1.87356e+06
132301 , -1.14947e+06 , 280949
1.84212e+06 , 78901.7 , 1.17885e+06
1.41087e+06 , 757511 , 541282
-349487 , -1.40023e+06 , 755715
-774388 , 384595 , 39503.7
660602 , 1.31515e+06 , -157542
-1.06132e+06 , 742338 , -1.55178e+06
405370 , 1.44465e+06 , 672719
-1.48178e+06 , 47298.9 , -1.45485e+06
-724498 , 545550 , -1.32866e+06
184207 , 1.16949e+06 , 343823
-1.60055e+06 , 258179 , -272205
-862843 , 1.33413e+06 , 858531
608142 , 124620 , -337777
-361615 , 1.07708e+06 , -917277
-370724 , 838250 , 879858
-122787 , -1.01277e+06 , -335544
801078 , -1.28951e+06 , -360330
385986 , -391088 , 676783
-2.13629e+06 , 618025 , 547589
-220564 , 1.56318e+06 , -719802
1.17841e+06 , 441124 , 2.9204e+06
621107 , -885878 , 1.36235e+06
1.4011e+06 , 1.79377e+06 , 814144
-727087 , -746943 , 1.66524e+06
1.27139e+06 , 329852 , 24692.6
-256857 , 156007 , -300389
166188 , -1.20558e+06 , 726056
90300.4 , -231146 , 288193
-1.06561e+06 , -757903 , 1.50397e+06
1.28355e+06 , -605602 , -606202
-979184 , 399416 , 597840
-529272 , -724864 , 175795
502567 , -1.25578e+06 , -200203
1.50281e+06 , 1.92013e+06 , 491314
271971 , -266687 , -128414
-2.55459e+06 , -348245 , 1.37882e+06
13398.4 , 869774 , -419639
-669221 , 1.16534e+06 , 1.25845e+06
-23616.1 , -384851 , 1.12605e+06
84559.8 , -549469 , -1.82675e+06
-1.32724e+06 , -130473 , -1.80486e+06
1.36176e+06 , 235181 , -57003
731063 , 109468 , 1.33113e+06
-1.53944e+06 , 314667 , -1.13419e+06
-1.37878e+06 , -711899 , 1.40815e+06
584091 , -2.10149e+06 , 383675
-1.31499e+06 , 248205 , -124908
626678 , -1.25572e+06 , -164020
-1.1022e+06 , 1.74136e+06 , 497616
-151338 , -359961 , 1.65054e+06
630016 , -1.25862e+06 , -407802
1.47591e+06 , -321388 , 1.63631e+06
476290 , 12771.2 , 617482
-733084 , -1.08155e+06 , 1.49498e+06
-1.19235e+06 , -1.39914e+06 , -464381
-1.04368e+06 , -596824 , 1.62496e+06
686257 , -856340 , -1.10738e+06
560377 , -1.57267e+06 , -158105
-13397.9 , 2.15412e+06 , 1.06347e+06
157106 , -707895 , 1.53878e+06
1.92641e+06 , -222114 , 340840
1.32384e+06 , 87071.3 , -1.69131e+06
-1.14748e+06 , -946679 , -295051
1.86519e+06 , 994585 , 189319
260334 , 2.48567e+06 , 1.29879e+06
326712 , -226878 , -1.29243e+06
-665758 , -729989 , -989477
-507290 , -1.17615e+06 , 1.38143e+06
-313401 , -361754 , 1.90317e+06
-706451 , 262460 , 1.20122e+06
-937148 , -1.26173e+06 , -104000
-1.36963e+06 , 1.80786e+06 , -952510
1.06097e+06 , -1.93168e+06 , 1.19667e+06
23712.3 , 294255 , 535320
-1.06897e+06 , -403969 , -776567
42165.9 , -194583 , -308932
-833381 , -630218 , 208699
-699971 , 1.56558e+06 , -268183
326441 , 1.20817e+06 , 1.81695e+06
504874 , 788177 , 1.256e+06
609259 , 1.09281e+06 , -1.42466e+06
209471 , 1.90968e+06 , 1.0067e+06
-398387 , -166774 , -265850
1.88586e+06 , -1.14135e+06 , -622746
341472 , -1909.62 , 445168
2.37507e+06 , 896298 , 21216.9
-1.05325e+06 , -77825.8 , 376296
764214 , -712793 , -798447
-875426 , 1.24385e+06 , 141656
1.94241e+06 , -3569.03 , 1.63936e+06
374976 , 1.39052e+06 , -232925
1.03123e+06 , 980528 , -466786
603049 , -159001 , -614787
-744589 , -1.02364e+06 , 421267
2.15968e+06 , 47541.6 , 530659
1.51941e+06 , 725313 , 136184
230.181 , -1.72553e+06 , -1.37961e+06
442956 , 1.5653e+06 , 819257
435143 , 1.58553e+06 , -1.09861e+06
609909 , -224465 , -289919
-815196 , 1.30762e+06 , 652411
-1.11261e+06 , 1.059e+06 , -137916
-1.12828e+06 , -1.73479e+06 , -164992
1.76344e+06 , -472639 , 1.03968e+06
1.05383e+06 , 122335 , 1.5728e+06
807011 , 1.18133e+06 , 924202
1.15459e+06 , 740472 , -632747
1.76745e+06 , 672512 , -763950
1.81052e+06 , 1.31345e+06 , 677582
-864495 , -587651 , -1.07865e+06
-204045 , 458166 , -87882
-575580 , -1.36736e+06 , 1.03632e+06
-390172 , 142449 , 1.07964e+06
255500 , 627206 , 2.09184e+06
-161135 , -75609.7 , -2.24848e+06
-648853 , 1.23041e+06 , 290713
387286 , -1.91371e+06 , 710457
1.69263e+06 , 895914 , -1.52224e+06
-1.61397e+06 , 579627 , -2.17405e+06
-1.16757e+06 , 1.96059e+06 , -149570
-1.9394e+06 , -1.25439e+06 , -303790
1.39556e+06 , -428132 , 585509
1.14181e+06 , 927425 , -1.75085e+06
929093 , -1.34949e+06 , -1.34591e+06
737732 , 1.00309e+06 , -652521
513687 , -1.23673e+06 , -541834
622887 , 1.56148e+06 , 242233
673737 , -185517 , 350519
1.4213e+06 , 1.20778e+06 , 106488
-400479 , 534330 , 592889
-737074 , 1.06829e+06 , 1.20227e+06
1.39182e+06 , 889871 , 403720
-1.64874e+06 , 60029.4 , 639168
-269994 , 339642 , 932077
-1.78528e+06 , -443122 , -405173
278387 , 229781 , -1.52203e+06
-243463 , 1.06766e+06 , 778686
-1.46929e+06 , -763346 , -229204
1.44628e+06 , -433591 , 602621
-1.91836e+06 , -1.37789e+06 , 830366
-497038 , -631932 , 520218
10409.7 , -1.75795e+06 , -318936
128704 , -1.30294e+06 , -241981
413898 , -718191 , -13201.3
406452 , 32634.5 , 1.98094e+06
-521621 , 738044 , 114785
-501306 , -38949.9 , -594216
-104990 , -1.9677e+06 , -539484
359080 , 1.45353e+06 , -615918
-1.11262e+06 , 460146 , 863949
-224723 , 1.7718e+06 , 1.34887e+06
-525899 , 353133 , 1.84044e+06
2.58039e+06 , 814245 , 943822
-96250.6 , 1.34382e+06 , 10420.3
-1.57873e+06 , 673326 , 257915
-1.30938e+06 , 27547.8 , 1.92699e+06
-29239.9 , -674850 , -1.08048e+06
-1.25619e+06 , 1.66595e+06 , 1.33665e+06
-674943 , -39777 , 989009
546157 , -1.05771e+06 , -661185
931719 , -871451 , -575283
96237.6 , 548608 , 306661
682067 , 1.09227e+06 , -453245
-909408 , -412417 , -1.35209e+06
-1.51418e+06 , -19020.7 , -138340
92383.5 , -1.66596e+06 , 502329
-789697 , -542064 , 523525
-130145 , -820814 , 989566
-976539 , -1.24418e+06 , -1.96692e+06
-1.18415e+06 , -263357 , -664464
1.22627e+06 , 765010 , -1.2028e+06
-1.22859e+06 , 532551 , 1.10511e+06
-1.70052e+06 , 723905 , -955143
393147 , 153367 , 2.2435e+06
-157276 , -2.27355e+06 , -46425.5
907871 , -1.10112e+06 , -1.72569e+06
-870024 , 151047 , -347879
-605511 , -1.2615e+06 , 791633
299086 , 1.2144e+06 , -285985
425700 , -527608 , 416605
-115984 , -87291.4 , 733044
-241054 , 656143 , 139479
184687 , -149161 , 241210
1.26707e+06 , -855623 , -431471
-1.1565e+06 , 1.85675e+06 , 81411.1
-1.02936e+06 , -1.00652e+06 , -1.74768e+06
1.02822e+06 , -497232 , -694449
-511497 , -1.00262e+06 , -1.09945e+06
-700866 , -2.45189e+06 , -2.04949e+06
1.32206e+06 , -264229 , -640174
-880566 , -712710 , -821280
593654 , 2.02041e+06 , -752065
-1.33579e+06 , 1.25065e+06 , -1.24006e+06
-1.79488e+06 , -2.0895e+06 , -233500
-99527.2 , -201129 , 1.78988e+06
-699892 , 1.84783e+06 , 441785
-1.29805e+06 , 792786 , 773707
-948796 , 202009 , -422856
101123 , -589371 , -220341
-18996.6 , -571663 , 1.89779e+06
841388 , -514782 , 1.1178e+06
1.24479e+06 , -61766.8 , 1.92636e+06
-1.05475e+06 , 1.05599e+06 , 1.39794e+06
-1.27622e+06 , -530348 , 977453
-213502 , -1.46906e+06 , -768424
-472377 , 2.27085e+06 , 602389
-554212 , -726546 , 647779
103334 , 138343 , 1.77156e+06
1.4933e+06 , 574954 , 202296
785894 , 1.52037e+06 , 1.23103e+06
-1.33239e+06 , 393459 , 2.03001e+06
-360974 , -478276 , -835946
-772778 , 725521 , 1.23831e+06
965683 , -724479 , 639028
519184 , 701282 , 187256
1.85734e+06 , -1.01171e+06 , -858855
-697266 , -1.57615e+06 , 893380
-225088 , 1.2894e+06 , -871941
-1.3867e+06 , -174784 , 1.48135e+06
-508125 , -468177 , -487921
450508 , 520020 , 141185
898446 , -1.78923e+06 , -1.06897e+06
567478 , -66546.7 , 360130
-571886 , -234063 , 645441
-1.81684e+06 , 273401 , 1.02376e+06
-763733 , 316709 , 20136
-1.56751e+06 , -1.11509e+06 , 873809
-1.22604e+06 , -1.14181e+06 , 684568
-7095.73 , -754166 , 657703
939717 , 1.07489e+06 , 104909
-1.15499e+06 , 1.7121e+06 , 956237
1.04787e+06 , -298383 , 547159
969143 , 724431 , -699823
-944458 , 1.24581e+06 , 277819
-624118 , -377958 , 695187
-574786 , -1.99428e+06 , 1.76712e+06
-501955 , -1.37274e+06 , 1.03985e+06
261537 , 1.07384e+06 , 1.41822e+06
-307780 , -501516 , -1.58681e+06
853724 , 508893 , -1.15746e+06
-1.49531e+06 , -1.15046e+06 , -61108.1
43793.9 , -167830 , 1.48216e+06
-1.30692e+06 , 1.55655e+06 , 1.00847e+06
722728 , 286757 , 911894
342365 , -1.94697e+06 , 1.21814e+06
-1.22293e+06 , -3.10006e+06 , -902975
-714566 , -757953 , -779769
-508668 , 1.26787e+06 , -234690
-1.93762e+06 , 269992 , 123047
2.21196e+06 , 949200 , 1.0025e+06
-1.06836e+06 , 50156 , 2.58461e+06
1.63626e+06 , -636697 , 1.58185e+06
1.3258e+06 , 1.23087e+06 , -1.14841e+06
1.56128e+06 , -784495 , 2.39378e+06
920998 , -1.58314e+06 , 694049
993327 , -1.66923e+06 , -184661
289950 , 979795 , -641393
156143 , -22354.6 , 1.18289e+06
-1.05375e+06 , 1.06498e+06 , -861711
1.67942e+06 , 445893 , 1.93374e+06
-253073 , -209067 , -22503.9
142210 , -549255 , 1.54746e+06
998612 , 899127 , -27873.2
-832656 , -1.27912e+06 , 989364
-1.01526e+06 , 399403 , -735778
1.02683e+06 , -822784 , 1.48958e+06
-952889 , -508306 , 2.40613e+06
-860978 , 618845 , -526500
-664739 , 1.88523e+06 , 118930
-560795 , -625650 , 1.59248e+06
-127073 , -178900 , -841657
-770386 , -1.54711e+06 , 1.49013e+06
1.4305e+06 , -52739.1 , 340577
-419871 , -1.62798e+06 , -89222.3
-539332 , 1.50731e+06 , 1.71818e+06
388076 , -153796 , 2.7901e+06
11783.2 , 1.75336e+06 , 27465
-320403 , -196309 , -458553
-769442 , 2.41813e+06 , 329282
419263 , 535291 , -1.05182e+06
-40683.3 , 519132 , -1.3612e+06
2.0658e+06 , 997439 , 674563
-1.62483e+06 , 51922.7 , -744053
102047 , 241652 , -260360
-332087 , -1.62291e+06 , -1.02506e+06
-1.30905e+06 , 1.2653e+06 , 390563
-795820 , -1.55764e+06 , 610888
-1.40647e+06 , -361634 , -645618
1.21727e+06 , 243802 , -997849
-1.12938e+06 , -52681 , 650785
-636101 , 907205 , -1.64279e+06
221336 , 711874 , -589170
2.01697e+06 , -1.76001e+06 , -103832
875521 , 4928.86 , -764640
596226 , -794477 , 589515
2.00946e+06 , 24697 , -1.27486e+06
-651949 , 1.7558e+06 , -975740
-1.24574e+06 , 591898 , -1.02537e+06
-1.25892e+06 , 1.06058e+06 , -603722
-993723 , -1.00232e+06 , -761770
-1.32449e+06 , -1.33498e+06 , 1.73979e+06
743684 , 1.38348e+06 , -587506
126515 , 996036 , 560926
1.27698e+06 , -175789 , 243770
-1.36277e+06 , -2.2199e+06 , -1.44278e+06
1.78523e+06 , 127849 , 302454
-373469 , -406186 , -213556
705830 , -71114.7 , 1.92602e+06
-1.78236e+06 , 379864 , -1.78805e+06
-1.25443e+06 , 2596.01 , 1.67046e+06
1.3833e+06 , 573450 , -218491
-483383 , -1.4528e+06 , 432989
808778 , 716012 , -2.05598e+06
-1.05313e+06 , -1.2072e+06 , -496816
-648668 , -130498 , 1.62649e+06
1.05775e+06 , 511757 , 905474
643096 , 1.05365e+06 , -1.28805e+06
-1.00356e+06 , -797075 , 1.63134e+06
-452579 , 525252 , -425105
978251 , -1.02134e+06 , 880548
1.11692e+06 , -453435 , 1.62079e+06
650863 , -237649 , 675485
475209 , 985345 , 1.88918e+06
-187975 , -710407 , 2.06039e+06
246278 , -25754.1 , 643414
-956442 , 257484 , -1.36308e+06
1.60024e+06 , 127811 , -1.18197e+06
-290038 , 727349 , 266576
819893 , 1.3539e+06 , -397780
349834 , -1.75953e+06 , 2.31927e+06
-1.13601e+06 , 951724 , -639197
73009.8 , 594539 , 34331.3
-1.24313e+06 , -498787 , -1.11086e+06
-1.5493e+06 , 1.50721e+06 , -1.32674e+06
542865 , 1.06588e+06 , -220759
-587418 , -1.45654e+06 , -29538.4
312202 , -1.09727e+06 , 1.3359e+06
1.2139e+06 , 1.1053e+06 , -298472
-515366 , 1.68292e+06 , -374054
-1.25387e+06 , -1.11521e+06 , 1.00839e+06
147241 , 862751 , 973303
856248 , 990566 , 1.53826e+06
-1.02969e+06 , -83192 , 2.29007e+06
724815 , 328101 , -1.5578e+06
-351991 , 1.48442e+06 , -928714
1.1381e+06 , 223891 , -2.09086e+06
2.27027e+06 , 1.25281e+06 , 1.5703e+06
-276571 , 134694 , 176719
893724 , 843530 , 476788
393961 , -86421.6 , 1.5388e+06
766272 , -599330 , 511939
237608 , 923265 , -331397
1.39103e+06 , 2.34748e+06 , -116435
1.98597e+06 , 1.34403e+06 , -129382
37734.6 , -817124 , 147377
-568428 , -1.21922e+06 , -686224
729342 , 1.70418e+06 , -683818
-334645 , 358634 , 1.53722e+06
-190927 , -661031 , 2.66708e+06
1.84829e+06 , 463086 , 1.12521e+06
-779321 , -1.22173e+06 , 1.19434e+06
670684 , 528675 , 639051
-483755 , 1.68284e+06 , 590679
-662718 , -95538.5 , 2.80564e+06
412014 , -230478 , -91323.5
-202504 , -124251 , 249750
339352 , 2.03531e+06 , -1.28098e+06
449234 , -963070 , 51576.9
-1.12383e+06 , 756246 , 457170
-1.65578e+06 , 1.36437e+06 , 737580
-400448 , 771119 , -315650
125975 , -419386 , 658467
-396367 , 416482 , 391115
54683.4 , -1.25171e+06 , -946472
332178 , -159382 , 1.49768e+06
527928 , -89199.8 , 334251
-262216 , -1.16116e+06 , 855595
770696 , -262697 , 294142
819640 , 1.50507e+06 , -736094
1.21364e+06 , 1.07374e+06 , 1.404e+06
-1.42725e+06 , -237454 , 153566
-1.81486e+06 , 1.91808e+06 , -505003
683026 , 2.00182e+06 , -1.6824e+06
-1.5946e+06 , 199847 , -152374
615145 , 1.30229e+06 , 172452
-1.15752e+06 , -1.17309e+06 , -749075
825405 , -544791 , -299706
1.10872e+06 , -1.2519e+06 , -495990
-784576 , -844968 , 3.03328e+06
-137026 , -789512 , 1.88911e+06
-940808 , 93317.9 , 1.00137e+06
-1.34888e+06 , -414190 , 1.05183e+06
721587 , 294237 , 260372
-1.15149e+06 , 133539 , -239743
-808124 , 1.27121e+06 , 232504
-456184 , 17032.1 , -824195
2.29623e+06 , -1.0693e+06 , 448976
-1.12725e+06 , -1.93616e+06 , 38929.5
-1.42033e+06 , -175468 , 615532
-175155 , -1.35444e+06 , -1.1748e+06
352706 , -826582 , -464.731
575047 , -1.92989e+06 , 1.41201e+06
-171298 , 1.0266e+06 , -646127
1.28054e+06 , 1.93615e+06 , -629588
-628177 , -37590.9 , 1.43214e+06
-766910 , -782040 , 783053
-932899 , 345970 , -462151
-369728 , -205199 , 1.22548e+06
443355 , -998126 , 1.01007e+06
1.64985e+06 , -1.71245e+06 , -341148
954107 , -932922 , -1.72978e+06
407917 , -771471 , 2.02018e+06
1.21565e+06 , 497948 , -826904
-1.05518e+06 , -970742 , -836435
994432 , -754652 , -376305
675555 , 762502 , 2.12439e+06
94562.2 , 798518 , 2.3072e+06
465313 , -1.48994e+06 , -1.42545e+06
947266 , -92066.4 , 1.74116e+06
24630.7 , -906899 , -130621
157235 , -117835 , -1.51375e+06
4915.09 , -1.29696e+06 , 408025
1.43281e+06 , -1.96632e+06 , 1.25309e+06
-452810 , 127588 , -1.28648e+06
-111738 , 1.01232e+06 , 1.99983e+06
-470005 , -1.62916e+06 , -1.99865e+06
-701335 , -964120 , 926057
-298785 , -1.45636e+06 , 1.09156e+06
772137 , -394359 , -1.11324e+06
-1.07143e+06 , -609180 , 3.33181e+06
1.14346e+06 , -1.83277e+06 , 837602
1.69663e+06 , -15627.5 , 2.03334e+06
150493 , 51684.4 , -203812
-42295.9 , -1.4866e+06 , -247852
-886849 , 1.90921e+06 , -699514
-1.54757e+06 , -1.65612e+06 , -171789
54247.6 , -211443 , 2.4629e+06
415914 , -819764 , -505817
-1.45213e+06 , -360338 , 1.89819e+06
-82310.3 , 361857 , 235373
-426835 , -453255 , 2.08176e+06
-698377 , 1.66644e+06 , -656078
-127994 , 1.75415e+06 , 478408
-631581 , 414818 , 1.42159e+06
342558 , 1.49098e+06 , 717639
-428521 , -520104 , 1.37139e+06
-29787.6 , -1.13773e+06 , -643300
-1.67854e+06 , -1.32734e+06 , -402986
1.15507e+06 , 1.20101e+06 , 427561
-1.57631e+06 , 231565 , 1.76019e+06
320869 , -1.50145e+06 , -666300
1.73204e+06 , -1.88328e+06 , 316864
75323.1 , -1.2433e+06 , 908900
1.57276e+06 , 329104 , -1.49223e+06
-1.57829e+06 , -47585.4 , -1.17761e+06
-54011.1 , -1.4062e+06 , 156708
2.24327e+06 , -1.10801e+06 , 451518
-326882 , 543833 , 975650
253561 , -292027 , 1.49267e+06
-680024 , -379106 , -835503
1.22065e+06 , -1.95407e+06 , -244633
1.98942e+06 , 1.2967e+06 , 1.35315e+06
-150839 , -30509.6 , 279698
374371 , -259349 , 277874
1.76026e+06 , 105969 , 1.61742e+06
-434511 , 1.42848e+06 , -1.52059e+06
1.08383e+06 , -927521 , -309764
-309812 , 730052 , -1.53199e+06
-435330 , -1.5402e+06 , 1.74608e+06
-1.15285e+06 , 571938 , 871399
149313 , -68212.3 , 1.79625e+06
47252.9 , -1.25057e+06 , 765587
-646401 , 241263 , 110900
814247 , 562023 , 724381
-785366 , 851143 , -90537.6
1.29552e+06 , -83075.8 , 1.94559e+06
-298871 , -568685 , -1.00114e+06
1.92659e+06 , 123226 , -76614.7
-221437 , -1.24353e+06 , -256350
-1.82643e+06 , -473397 , 2.72545e+06
441750 , -657208 , 194855
-805935 , 993453 , 949623
-1.73642e+06 , 526352 , -354955
-1.75954e+06 , 1.1042e+06 , 904466
830350 , -130839 , -255238
-172656 , -1.07875e+06 , 830693
-225365 , -1.45327e+06 , 931198
-1.22386e+06 , 554636 , -1.12661e+06
935431 , -2.21565e+06 , -564490
76261.3 , 93806.9 , 1.69724e+06
-287640 , 228508 , -791145
-528304 , 1.70401e+06 , 528135
987185 , -706972 , -877780
-900202 , 1.19178e+06 , 1.28469e+06
390233 , -1.02069e+06 , 1.4976e+06
-2412.23 , 968453 , -1.05812e+06
-487762 , -200191 , 1.39078e+06
579770 , 442366 , 754157
-489516 , 58770.4 , -150852
32467.1 , -1.0602e+06 , -526677
-1.54388e+06 , 1.91755e+06 , 202747
136654 , 90062.7 , -1.58391e+06
288811 , 421164 , 1.46883e+06
-855401 , -625449 , -542192
807120 , -61367.3 , -1.4255e+06
-2.34555e+06 , 460665 , -448486
100909 , -393775 , 787609
695646 , -1.52661e+06 , 53498.4
2.39614e+06 , 368589 , -1.3681e+06
-1.53872e+06 , 1.78709e+06 , 600581
-273877 , -36485 , 838303
253235 , -309313 , 1.02274e+06
-364397 , 399447 , -493132
1.28544e+06 , -360106 , 1.90787e+06
-1.02988e+06 , -1.67151e+06 , -1.5129e+06
993240 , 61331.1 , 1.1666e+06
706898 , 955820 , 639526
1.67775e+06 , 507659 , 2.3959e+06
-1.85508e+06 , -496966 , 2.03127e+06
41096.7 , -288059 , 1.24714e+06
1.46372e+06 , 1.23883e+06 , 573757
975042 , -283235 , 1.99227e+06
-1.30645e+06 , -627006 , 437992
-454643 , 1.32441e+06 , 1.37828e+06
1.65641e+06 , -42518.2 , -1.38117e+06
1.08412e+06 , -1.30427e+06 , -783959
-143805 , 673802 , -1.41125e+06
-1.34712e+06 , 142955 , -1.01531e+06
1.0474e+06 , -1.04266e+06 , -1.1421e+06
764345 , 677930 , 1.2514e+06
-324676 , 1.31797e+06 , -1.15257e+06
419739 , 654784 , -577753
-272424 , -412208 , 432371
431028 , -274450 , -1.28968e+06
-836528 , -197721 , -381089
2219.75 , -41597.1 , 776847
-1.44325e+06 , 61696.5 , 985205
-926621 , 1.24393e+06 , -201835
-382743 , -1.64102e+06 , 966155
333882 , -1.02486e+06 , 458739
638336 , -2.20095e+06 , 1.36426e+06
-621680 , -414984 , -746397
-814052 , -919604 , 943341
-928918 , -803482 , 222661
-138357 , -2.01826e+06 , -933546
2.33313e+06 , -774399 , -914975
284796 , -865300 , -209711
-447722 , -1.1811e+06 , 326653
546584 , 196474 , -2.37491e+06
1.09276e+06 , -502348 , -43702.5
-835532 , 1.51369e+06 , 675693
38876.1 , -588052 , -419904
-1.74585e+06 , -323800 , 521037
-986934 , 470910 , 2.12798e+06
938284 , 1.52589e+06 , -156970
-22037.8 , 1.28271e+06 , 766046
34751.5 , -93707.7 , 419105
-2.72242e+06 , -1.61546e+06 , 256700
-1.07995e+06 , -1.24212e+06 , -113523
298231 , 120342 , 1.41761e+06
423579 , 1.54211e+06 , 459261
-394340 , 1.15925e+06 , -663211
-1.49373e+06 , 890706 , -933294
2.35755e+06 , 743420 , -244661
-1.11748e+06 , -284464 , -846422
749765 , 1.63412e+06 , -31560
351087 , 2.21305e+06 , 507148
1.19346e+06 , -353876 , -736657
845116 , -493242 , 388033
-120465 , -405572 , 666955
-589241 , 3.54479e+06 , 1.00334e+06
-665324 , 326207 , 1.10105e+06
2.21589e+06 , 361522 , 1.87027e+06
-1.70853e+06 , 46637.3 , 1.30053e+06
1.17561e+06 , 388063 , -272656
632406 , -761248 , 1.4882e+06
1.32744e+06 , -74665.5 , 532570
286871 , 1.87367e+06 , 446207
-679715 , -432935 , -27124.8
-1.0003e+06 , 605562 , 553625
-1.27789e+06 , -264695 , 582028
-1.65011e+06 , -683393 , 1.17429e+06
-1.07461e+06 , -13881.8 , -1.30562e+06
-95337.9 , 625630 , 1.96201e+06
374303 , 1.0362e+06 , 2.30823e+06
797409 , -1.84176e+06 , 433622
1.30503e+06 , 1.37507e+06 , 1.29918e+06
1.25509e+06 , -456562 , -218857
483265 , -2.24891e+06 , -1.36206e+06
1.15427e+06 , -629759 , -506139
-1.61724e+06 , 1.86472e+06 , 253154
206893 , 275099 , -961730
462737 , 850234 , 2.06778e+06
92300.1 , -118691 , -1.97811e+06
-1.77134e+06 , 553351 , -1.51692e+06
1.25854e+06 , 1.34671e+06 , 1.82603e+06
-1.30904e+06 , 73803.5 , -231238
-174481 , 115262 , -1.76144e+06
318902 , 72905.5 , -1.6346e+06
213225 , -989669 , 1.37843e+06
-246869 , 784115 , -149905
-754289 , -2.76235e+06 , -147969
411200 , 2.02927e+06 , -242747
191224 , 963542 , 1.53479e+06
267530 , -1.86521e+06 , 1.16624e+06
374799 , -622508 , -153200
-248296 , -1.90202e+06 , 960667
-927946 , -734729 , 2.52093e+06
1.6757e+06 , -1.20069e+06 , 457403
-155987 , 1.3184e+06 , -2.24159e+06
1.15709e+06 , -241365 , 1.87526e+06
-1.12306e+06 , 102442 , -1.38187e+06
-1.35741e+06 , 519695 , -12318.9
586627 , -786502 , 1.83021e+06
942102 , 622373 , 2.31362e+06
651318 , 539647 , 1.19771e+06
75289.9 , 347607 , -563560
586178 , -1.67465e+06 , -957082
698132 , 639157 , 1.07543e+06
-1.20497e+06 , -68376.9 , -74548.8
-318786 , -610630 , -1.97781e+06
1.03728e+06 , 1.58048e+06 , -300462
126627 , 639386 , 1.51346e+06
-1.16999e+06 , -737523 , 190652
-317727 , 326581 , -191416
-982318 , 66591.2 , 1.72491e+06
333532 , 311877 , 1.25116e+06
-1.00013e+06 , -410120 , -240194
1.21447e+06 , -2.07568e+06 , -372658
-701009 , 190029 , -1.98251e+06
-1.42909e+06 , -433518 , 925310
1.21838e+06 , 266216 , -807433
131077 , -1.02166e+06 , 1.43519e+06
-370937 , -444134 , 1.1952e+06
-1.20753e+06 , -367700 , 1.8778e+06
694505 , 2.13415e+06 , 542676
-198642 , -339745 , 792421
-1.42617e+06 , -1.25202e+06 , 753686
-177125 , -1.47218e+06 , 123966
-218718 , 223758 , -779756
356261 , 655903 , -760760
-1.13966e+06 , -512544 , 265686
111914 , -192802 , -1.34721e+06
15285.6 , 1.06159e+06 , -489784
-56246.6 , 1.05647e+06 , -803211
-659955 , -1.27618e+06 , 165084
925657 , 594114 , 165770
-376310 , -990794 , -1.12277e+06
-860947 , 1.47099e+06 , -401481
223060 , 1.10306e+06 , -1.11143e+06
-1.28624e+06 , 981137 , -28397.1
256425 , -206119 , -1.82752e+06
-1.0272e+06 , -86103.1 , 1.46769e+06
-1.42856e+06 , -1.09517e+06 , -1.08389e+06
-932138 , 267819 , 493434
1.32901e+06 , 397018 , 547785
2.00987e+06 , 414916 , -1.12172e+06
2.41203e+06 , 564191 , -389324
1.26399e+06 , -324103 , 988550
261905 , 163344 , 1.25962e+06
896122 , 835148 , -1.52351e+06
709960 , 2.08265e+06 , -218558
1.40913e+06 , -20084.1 , -780993
800753 , -411731 , 926211
311531 , 178061 , -1.29546e+06
1.83825e+06 , 134444 , -148755
-1.17899e+06 , -438130 , -102611
2.56736e+06 , -518659 , -29838.9
-576306 , -374668 , -279758
1.69694e+06 , 903324 , 2.0183e+06
647151 , 145802 , 1.55578e+06
-611496 , -1.70442e+06 , 721678
-1.28395e+06 , 633893 , 422959
639011 , -1.23434e+06 , -117418
1.91601e+06 , 1.47164e+06 , 923636
1.61e+06 , 345697 , 340963
105897 , 406241 , 114775
-919152 , 974956 , 973042
-688829 , -1.65817e+06 , -1.17546e+06
-809132 , -1.24149e+06 , 321483
172781 , -1.17238e+06 , 2.53742e+06
1.87418e+06 , -947774 , -384951
359310 , -590202 , 381889
1.04533e+06 , -1.49826e+06 , -279887
529370 , 311668 , -55556.6
589966 , -2.11326e+06 , 1.12202e+06
979884 , 1.32773e+06 , -332111
-525332 , 856605 , 1.22414e+06
-1.31894e+06 , -724.949 , -443887
919802 , 1.61563e+06 , 1.16742e+06
1.42795e+06 , -181449 , -964728
-847647 , 416128 , 1.02125e+06
-874560 , -112207 , 287438
200537 , -825975 , -823922
297295 , -944385 , 403701
-1.10797e+06 , 199159 , -1.38198e+06
753697 , 369157 , -1.40492e+06
-170613 , -2.06888e+06 , -269055
-1.40609e+06 , -1.63e+06 , 819853
339064 , 984732 , 348069
1.15901e+06 , 114510 , -231267
-817230 , -380424 , -830088
572731 , -317950 , 1.34431e+06
338146 , -858922 , -211205
538813 , 1.88004e+06 , 222414
-438990 , 670824 , 350628
-178756 , -1.22552e+06 , 872924
2.29212e+06 , -1.2961e+06 , -257578
547677 , 909280 , 1.52779e+06
709664 , 1.62725e+06 , -1.19029e+06
1.40848e+06 , -530083 , 302711
-34178.2 , 60760.9 , 77027.7
-1.26439e+06 , -1.00133e+06 , 293867
-346436 , 1.53561e+06 , -79565.6
-604727 , 1.4025e+06 , -447756
-576388 , 147243 , 2.80595e+06
717736 , -676538 , 1.44675e+06
1.28313e+06 , 999173 , 852007
-1.05899e+06 , -1.5285e+06 , 219970
1.53891e+06 , -924533 , 1.34124e+06
885801 , 398934 , 444.405
97208.8 , -1.04231e+06 , 1.66801e+06
1.10308e+06 , -895304 , -191767
-941172 , 915477 , -26603.1
921719 , 1.485e+06 , 130198
368021 , 1.24566e+06 , 1.1746e+06
-266784 , -1.25138e+06 , 1.06246e+06
126679 , -1.27388e+06 , 1.12837e+06
1.57745e+06 , 970832 , -573035
-1.00034e+06 , 409550 , -887931
146243 , -775917 , 1.05295e+06
-413801 , 105019 , 388736
-1.60959e+06 , 215265 , -471482
178663 , 116693 , -22371.2
1.51862e+06 , -869957 , 473679
1.45146e+06 , 766194 , 855726
1.29134e+06 , 2.17882e+06 , 734413
-37085.3 , -1.94484e+06 , -758059
-850302 , -896441 , -430417
-1.55326e+06 , -9362.72 , -1.3191e+06
635057 , -1.14071e+06 , -2.22748e+06
-1.91908e+06 , 306908 , 1.15635e+06
-434630 , 860697 , 1.85718e+06
2.28185e+06 , -775774 , -165763
1.68729e+06 , -1.22193e+06 , -1.49858e+06
-1.24677e+06 , -1.20783e+06 , 262687
426099 , -1.33704e+06 , 451469
-108836 , 175568 , 612835
1.42213e+06 , 780600 , -302451
449331 , -2.06911e+06 , 1.73376e+06
-1.13344e+06 , -595213 , -1.09652e+06
-1.73123e+06 , -732495 , 1.48307e+06
-1.54219e+06 , -522899 , 1.12496e+06
1.02867e+06 , -642686 , 1.9559e+06
-4394.78 , 6565.02 , 729548
-944059 , 801518 , 464842
1.10436e+06 , 1.20108e+06 , -839581
379212 , 951290 , 2.09582e+06
1.58794e+06 , -1.03475e+06 , 153196
-746587 , 2.81416e+06 , 1.46424e+06
-429172 , -912766 , 808099
-275049 , 373209 , 749475
1.03758e+06 , -148307 , 1.26094e+06
525632 , -1.20798e+06 , -569980
-1.35091e+06 , 248251 , -401853
-729528 , 1.30391e+06 , 197743
838777 , -877273 , 847692
863459 , 732874 , 1.77799e+06
-195292 , -1.18996e+06 , 1.0041e+06
-2.05013e+06 , -1.12328e+06 , -1.0183e+06
-595136 , 151242 , -855210
-610711 , 484487 , 959157
241545 , -919027 , -670917
497914 , -2.18472e+06 , -533985
9696.88 , -1.47068e+06 , 524260
307765 , -2.48968e+06 , -478438
-1.34474e+06 , -300846 , 582696
1.21479e+06 , -1.17802e+06 , 1.34531e+06
1.12323e+06 , 1.12418e+06 , 249649
-1.43517e+06 , -48062.4 , -278877
1.03362e+06 , 870827 , -291062
-1.33384e+06 , -924248 , 1.45687e+06
-1.75809e+06 , -58901.1 , -1.22554e+06
-138650 , 1.37965e+06 , 754838
72805.7 , 870641 , 1.93475e+06
-1.52693e+06 , -1.17709e+06 , -685070
1.51713e+06 , 919582 , -42717.7
1.09314e+06 , -1.55397e+06 , 1.64895e+06
-770811 , -434857 , -936182
169985 , 569461 , 438511
23258.8 , 934697 , 873630
387046 , 1.14595e+06 , 1.06513e+06
-439938 , -258657 , -1.12921e+06
1.43063e+06 , 606122 , 1.29985e+06
314091 , 100254 , 2.11478e+06
2.09703e+06 , -132730 , 617620
443072 , 2.20669e+06 , 180644
-698102 , 636484 , 749950
360768 , 1.12846e+06 , -314111
1.781e+06 , -281602 , 61506.3
-10801.6 , -390065 , 1.45796e+06
-1.11348e+06 , -220326 , -97097.3
367416 , -894351 , 949506
-637153 , -1.45345e+06 , -196375
-594572 , 109092 , 77880.3
-713822 , -559483 , 1.19535e+06
1.25533e+06 , 1.61339e+06 , 588011
27167.6 , -551822 , -962140
-1.0877e+06 , 1.87498e+06 , -619599
209957 , -1.16892e+06 , 985748
-694654 , 599131 , -836757
528120 , 633048 , 425313
-1.65529e+06 , -1.90334e+06 , 133010
887164 , 72746.9 , -1.20617e+06
-108152 , -687247 , -2.36167e+06
-155281 , -1.28577e+06 , -1.51946e+06
-307589 , 1.35406e+06 , -231024
-804136 , 1.23877e+06 , -934676
-404271 , 488849 , -422445
-431719 , 838501 , -1.32806e+06
397156 , -1.06192e+06 , -600452
33407.2 , 481123 , 629113
2.05173e+06 , 1.37849e+06 , -133275
140489 , 1.57042e+06 , -840458
-1.08882e+06 , -151474 , 1.93955e+06
848161 , -671757 , 1.05749e+06
961725 , -2.05984e+06 , -2.97692e+06
1.96639e+06 , 263782 , 1.41945e+06
-760437 , -1.1054e+06 , -163779
-87720.1 , -735283 , -1.06126e+06
-1.12209e+06 , -193295 , 632728
-701815 , 171747 , -737100
-1.02428e+06 , -252792 , -535292
1.51744e+06 , 80068 , -349455
-754466 , -354294 , -776892
-690701 , 1.98769e+06 , -1.39029e+06
1.09502e+06 , -230479 , 2.537e+06
-859820 , -1.50027e+06 , -1.59973e+06
-992572 , 1.15675e+06 , 756321
746872 , 1.21888e+06 , 400781
-1.14359e+06 , -416054 , 495210
-1.08839e+06 , -588253 , 1.13434e+06
-1.02095e+06 , 335775 , -1.39078e+06
-1.51898e+06 , -1.45052e+06 , -485959
-777242 , 826317 , -749722
257225 , 353136 , -1.50322e+06
-1.61862e+06 , -1.00851e+06 , -55864
370923 , -419974 , 1.92573e+06
1.81966e+06 , 154872 , -2.59029e+06
690625 , 760914 , -289367
-1.09393e+06 , -380557 , 23427.3
-232004 , 720788 , 700184
-725582 , 605399 , 2.10397e+06
277343 , -1.844e+06 , 1.50569e+06
1.40024e+06 , 1.55808e+06 , 950871
-569960 , -1.31299e+06 , -908716
-355566 , 923200 , -722950
-414657 , -790233 , 1.99649e+06
-185879 , -880036 , -125152
-1.44776e+06 , -849312 , 1.43936e+06
1.31012e+06 , -51257.1 , -1.39725e+06
1.56104e+06 , 442443 , 1.75129e+06
-697811 , -2.2219e+06 , 744960
-383794 , -466909 , 1.03868e+06
158450 , 827498 , 43422.1
520814 , 969309 , 594491
1.16551e+06 , 818217 , -732401
21142.1 , -596833 , 1.01609e+06
-91900.9 , 534095 , -859174
917070 , 1.02117e+06 , 1.16575e+06
6624.49 , 530066 , -268521
591887 , -1.25154e+06 , -628023
352829 , -1.22422e+06 , -549247
1.91566e+06 , -339989 , -674330
712087 , -1.461e+06 , -433484
602724 , 1.24685e+06 , 212875
-40995.1 , 1.08937e+06 , 585611
415858 , 1.76519e+06 , 1.1386e+06
-348387 , -965883 , -140565
-630174 , -1.61566e+06 , 267708
1.25843e+06 , -1.07223e+06 , 1.13382e+06
-43435.6 , -396670 , 1.51878e+06
-1.1015e+06 , -977015 , 1.46855e+06
239080 , -471831 , 45325.3
-546250 , -634419 , 9770.87
-1.48526e+06 , 883758 , -94654
-974515 , -1.04814e+06 , 833966
967511 , -728635 , 1.49952e+06
-1.47189e+06 , 428983 , 381573
-794554 , -754717 , -271742
137183 , 41484.3 , 1.75528e+06
-619956 , -414733 , -800289
611688 , -490372 , 1.29506e+06
393622 , -1.36347e+06 , -964291
807221 , 206816 , 1.83276e+06
-1.01542e+06 , -593312 , 919618
-1.09586e+06 , 1.03895e+06 , -949652
648439 , -163730 , 928652
-1.84917e+06 , -1.5303e+06 , 478123
173849 , 568488 , -593305
1.114e+06 , 438591 , -2.15555e+06
1.43396e+06 , 585339 , 1.44069e+06
-878826 , 863647 , -1.06088e+06
976189 , -297312 , 2.31757e+06
466090 , 1.1406e+06 , 2.27501e+06
-749565 , -916561 , 1.08758e+06
803089 , 641767 , 487167
-1.29477e+06 , -1.6222e+06 , 622562
-978054 , -849502 , 1.21724e+06
112617 , -435648 , 1.50548e+06
-2.25691e+06 , -20736.5 , -672495
-592122 , 1.43107e+06 , -1.44135e+06
290292 , 630201 , -1.65053e+06
1.23124e+06 , 670381 , -460507
-166181 , 1.45672e+06 , 33206.8
1.54346e+06 , -95482.3 , -472500
-192655 , -1.1846e+06 , 163650
-1.91159e+06 , 592387 , 1.29618e+06
2.26513e+06 , 415778 , -543204
996896 , -1.06371e+06 , -103804
-58466.5 , 341074 , 1.6767e+06
631615 , 219421 , -470555
-2.44691e+06 , 125898 , -720820
1.72296e+06 , 251964 , -181588
579288 , 863362 , 2.32583e+06
-7406.78 , 30632.2 , -949540
-2.0267e+06 , -1.46316e+06 , 809533
-908030 , -1.03121e+06 , 3.59671e+06
-1.77485e+06 , -1.39858e+06 , 556294
-889186 , 429663 , 1.8259e+06
1.23074e+06 , -1.73743e+06 , 285612
-102291 , -2221.8 , -803171
1.96724e+06 , 1.06408e+06 , -88277.9
-1.52581e+06 , 964651 , 9271.37
1.44308e+06 , 1.20208e+06 , 1.27478e+06
106978 , -473415 , 286649
-959498 , -661875 , 636116
-995274 , 148968 , 794625
-816892 , 40731.6 , 440323
314030 , 860991 , 1.39094e+06
-356894 , 425901 , 1.71143e+06
-401572 , 1.05208e+06 , 1.52737e+06
1.20063e+06 , -1.87927e+06 , 726734
-1.53836e+06 , -136870 , -1.15845e+06
450575 , 501484 , 2.1711e+06
556273 , 1.1692e+06 , -1.68307e+06
-1.21514e+06 , 1.07748e+06 , -642133
1.71048e+06 , 410627 , -168730
1.84864e+06 , -515798 , 956683
-137703 , -780346 , 558606
876633 , -911832 , -289715
-2.01753e+06 , 1.37271e+06 , -268461
1.46984e+06 , 689268 , -1.32398e+06
117982 , -161726 , -949920
1.03017e+06 , -890123 , -1.05045e+06
749938 , -673668 , 994424
-1.84459e+06 , 855520 , 982435
-1.09373e+06 , -241470 , 510245
1.28335e+06 , -684955 , 1.38404e+06
-1.35942e+06 , 151112 , -399483
1.11698e+06 , -163286 , -505650
-590828 , 1.67808e+06 , 1.80431e+06
-1.09641e+06 , 2.01689e+06 , -85903.7
-78735.8 , -1.50899e+06 , -763843
-256079 , -1.01586e+06 , -430453
746253 , -1.33625e+06 , 183484
-1.87617e+06 , -666190 , 811168
38023.2 , -474045 , -146490
-322539 , -790829 , 411152
294726 , 327504 , 1.34484e+06
514555 , 1.0673e+06 , -2.42209e+06
-1.7211e+06 , -686902 , 120089
-708889 , 968546 , 1.09755e+06
1.47534e+06 , 328727 , -1.64636e+06
-764873 , 128061 , 634751
-1.39009e+06 , 901711 , 85233
-114782 , -860237 , 2.02817e+06
-397312 , 1.58309e+06 , 1.33189e+06
-1.03416e+06 , -1.0393e+06 , 2.22717e+06
-710699 , 528304 , -992872
653978 , -182734 , -230799
493569 , 127659 , 2.38696e+06
23976.7 , -1.1375e+06 , 404830
-179567 , 344471 , -1.01268e+06
-1.55267e+06 , -307831 , -294426
749217 , 1.38813e+06 , 73100.3
-1.24945e+06 , 374357 , -210776
612232 , 584058 , 205437
-1.36918e+06 , -302966 , 1.174e+06
-1.39017e+06 , -31619.6 , 754373
-760713 , 1.6224e+06 , 317329
-846252 , -894212 , -1.69602e+06
722160 , 151088 , -1.62874e+06
-585607 , 116187 , 1.69422e+06
-686138 , 227735 , 1.45169e+06
557125 , -92445.4 , -792311
1.37494e+06 , 166564 , 1.16601e+06
768862 , 496075 , 3.14898e+06
-668100 , 1.34832e+06 , 2.40016e+06
723436 , -788204 , -1.41902e+06
-811891 , -742110 , 771909
189.686 , -1.18826e+06 , 2.08666e+06
-231022 , 192773 , 1.27395e+06
30404.3 , -1.62332e+06 , 1.04793e+06
1.46396e+06 , 1.69463e+06 , -530496
-192611 , 566162 , 1.10425e+06
1.865e+06 , 1.01103e+06 , -511449
1.70694e+06 , 895356 , -1.57034e+06
2661.64 , -380283 , -101054
-1.66087e+06 , -908853 , 326958
-414971 , 964361 , -764715
-1.0804e+06 , 1.23136e+06 , -463032
-925637 , -1.58807e+06 , 517957
1.67762e+06 , -54636.8 , 522747
1.80412e+06 , -156052 , -405748
11081 , -100262 , -32823.4
-671471 , -388371 , -1.96472e+06
-648643 , -1.1271e+06 , 148606
563344 , -1.37292e+06 , 1.1055e+06
993936 , -522873 , 1.09174e+06
-584210 , 591297 , -1.20959e+06
-1.04135e+06 , -1.12866e+06 , 365836
-455616 , 92597.7 , 1.73712e+06
-577681 , -2.07924e+06 , -482775
-470406 , 604189 , 727919
312763 , -246974 , 483771
-516893 , 1.23317e+06 , -1.55049e+06
-620201 , 536801 , 946611
390658 , -2.42747e+06 , 1.17758e+06
232069 , 216838 , 1.20458e+06
-134873 , 1.36824e+06 , 250569
-64617.5 , -1.48644e+06 , 1.18092e+06
-309626 , 731590 , 300144
93790.8 , 1.45236e+06 , 615757
-1.69619e+06 , -1.41283e+06 , -631539
-296748 , -1.54685e+06 , -156036
-299260 , 638571 , -759186
1.24985e+06 , 1.19734e+06 , 980201
959969 , 224905 , -1.41822e+06
445606 , -544262 , 539360
1.47219e+06 , -1.38547e+06 , -45423.1
-344179 , 777730 , -1.68115e+06
-807060 , -1.75542e+06 , -463907
-68754.3 , -623734 , -1.2848e+06
1.31533e+06 , 497555 , -956649
-84736.7 , 1.3643e+06 , -951470
-1.81578e+06 , 1.14222e+06 , -498653
223914 , -387896 , 1.0484e+06
-988964 , -1.65688e+06 , 1171.76
96310.6 , -162901 , 677975
765175 , -524321 , 568208
-105640 , 1.12815e+06 , 405094
1.19954e+06 , 1.21802e+06 , -1.44216e+06
325517 , -1.707e+06 , 613770
-1.01756e+06 , 1.50528e+06 , -306230
-398454 , 826394 , 1.09896e+06
1.18807e+06 , -298696 , -1.02835e+06
-652100 , 974278 , 618622
1.67513e+06 , 443223 , -335762
527095 , 2.14129e+06 , -162129
1.89362e+06 , 337087 , 711101
-771678 , -228428 , 245011
194085 , 1.71705e+06 , 779026
1.02897e+06 , -177285 , 1.26015e+06
1.54609e+06 , 708817 , 1.68045e+06
-2.17044e+06 , 166932 , 780717
675041 , -1.8235e+06 , -306362
-266016 , -864748 , -812192
1.99518e+06 , 1.31908e+06 , 1.3504e+06
660067 , 1.12706e+06 , 1.42809e+06
-358635 , 22017.8 , 307656
-1.68689e+06 , -364593 , 1.70046e+06
-1.57949e+06 , 847403 , 1.71379e+06
-78945.5 , -395611 , 915494
-63803.7 , 2.2391e+06 , -967172
-996962 , 1.36498e+06 , -256226
-98298.9 , -1.41589e+06 , 292858
-1.03011e+06 , 700062 , 760144
1.46728e+06 , 828931 , 784775
698538 , -816292 , 723733
-516620 , 1.70402e+06 , -187941
1.09548e+06 , -305374 , -247804
871657 , 1.16893e+06 , -1.00839e+06
-808790 , -424400 , 343398
297926 , -59699.1 , -1.9293e+06
-163023 , -1.49232e+06 , 457311
-1.01554e+06 , -363587 , -1.32868e+06
570321 , 2.3044e+06 , 48321.5
549057 , -63071.3 , 19835.7
-1.41292e+06 , -1.02586e+06 , -189052
889230 , 438200 , 718514
264472 , -18392.8 , 2.25519e+06
-880171 , 684302 , 533563
-2.21748e+06 , -164867 , -84439.1
-1.06987e+06 , 1.08393e+06 , 937064
-1.82733e+06 , 134992 , -462029
751348 , -201005 , 775905
-625553 , 1.5592e+06 , -503387
2.10105e+06 , -836387 , 482052
136223 , -1.8615e+06 , 170291
389737 , -340732 , -1.53561e+06
1.86137e+06 , 123940 , 1.68615e+06
515498 , 173475 , 1.52643e+06
-415137 , 981419 , -1.75043e+06
647311 , -97441.8 , 1.43015e+06
582149 , 1.53252e+06 , 790637
2.26557e+06 , 914510 , 56699
-1.49003e+06 , -914837 , 1.0704e+06
-378747 , 447880 , 363668
231241 , -1.40335e+06 , 274450
-569189 , 180052 , -340493
1.68953e+06 , 641265 , 1.52761e+06
-563391 , -222451 , 1.40159e+06
642213 , -680306 , -1.81764e+06
1.12887e+06 , -1.51237e+06 , -2.2106e+06
1.74812e+06 , 1.32991e+06 , 862090
-996180 , -1.01048e+06 , -159340
735384 , -69025.8 , -1.0037e+06
2.42782e+06 , 772252 , 126666
889861 , 305904 , -514127
-262542 , -39868.2 , -1.15881e+06
1.21951e+06 , 1.26994e+06 , 1.04869e+06
612854 , -708929 , -1.32834e+06
-593530 , 445739 , 1.37798e+06
-2.17424e+06 , 539784 , 1.20152e+06
-779886 , 45999.4 , -1.09933e+06
-526219 , 1.08907e+06 , 93092.4
-137157 , -1.65158e+06 , 513785
430949 , 991474 , -1.50226e+06
2.36105e+06 , -793813 , -857851
-79218.3 , 1.30936e+06 , -224939
1.27039e+06 , -414088 , 768537
417991 , -1.05102e+06 , -875174
615204 , -463841 , 815667
1.33624e+06 , -685277 , 530550
417997 , -1.24924e+06 , -825317
496716 , 722341 , -6487.27
-1.43489e+06 , 738774 , -766838
-882906 , -315337 , -278853
163366 , -1.93794e+06 , 612001
-2.21747e+06 , 1.36287e+06 , 1.62089e+06
395201 , -655494 , -495825
941255 , 6177.69 , 1.31032e+06
1.4322e+06 , 732201 , 449939
1.26692e+06 , 1.29945e+06 , 635495
1.68374e+06 , -247005 , -629515
-1.00219e+06 , 1.49409e+06 , -967928
898475 , -949357 , 1.41593e+06
-519937 , -154990 , 1.64758e+06
-1.86767e+06 , -760738 , 608683
-2.13927e+06 , 216154 , -1.41967e+06
475187 , 287767 , -1.428e+06
1.7098e+06 , 1.20292e+06 , 314515
1.16362e+06 , 812582 , 1.56448e+06
-1.34106e+06 , 1.11477e+06 , -33759.4
-977523 , -857733 , -1.47712e+06
-1.44576e+06 , -1.24096e+06 , -111888
1.89412e+06 , 879164 , -980011
-669199 , -919832 , 34906.2
1.56981e+06 , -1.27947e+06 , -155381
151007 , 509523 , 272668
-606293 , -1.33502e+06 , 1.81249e+06
1.58518e+06 , 708054 , 924971
-57829.1 , -25967.2 , 1.93731e+06
-1.38353e+06 , 1.07275e+06 , 301210
-718303 , -988690 , 1.50768e+06
-814651 , -763646 , -790928
158137 , -774182 , -1.3979e+06
-477335 , 361830 , -252680
-303053 , 1.22912e+06 , -1.18697e+06
-1.18629e+06 , -353215 , 871788
314406 , 176611 , -1.68909e+06
100064 , -1.4692e+06 , 724642
-959857 , -344783 , -1.02834e+06
2.03883e+06 , -812862 , -1.49809e+06
991862 , 920179 , 35542
153061 , 1.3362e+06 , 1.04375e+06
919496 , 571490 , -1.89455e+06
1.68316e+06 , -475474 , 393307
1.98618e+06 , -298065 , 593012
-986557 , -1.5002e+06 , -515673
821907 , -156489 , 1.02585e+06
-704861 , 1.99651e+06 , -1.09603e+06
875868 , 337634 , -937343
-1.42084e+06 , 1.72916e+06 , 1.42519e+06
2.63713e+06 , 429656 , 83603.5
-752179 , -1.31079e+06 , 279614
-269701 , 1.1782e+06 , 1.8567e+06
756939 , 1.0657e+06 , 1.901e+06
-654016 , -1.39729e+06 , -26305.1
-1.32163e+06 , -231505 , -1.6184e+06
920531 , -1.51884e+06 , 1.98901e+06
-1.52224e+06 , -1.43746e+06 , 60509.3
1.28084e+06 , 84216.9 , 1.52401e+06
148508 , -1.76025e+06 , 412841
-328040 , -726547 , 55609.9
144550 , 1.78783e+06 , 1.09557e+06
205432 , -1.6369e+06 , -917555
-883578 , -62507.5 , -143955
551644 , 678934 , -1.55216e+06
-2.24061e+06 , -1.92905e+06 , 389159
986848 , 196838 , 792279
-1.28376e+06 , 1.26436e+06 , -1.25141e+06
1.34569e+06 , 259861 , -929470
-1.21254e+06 , -718942 , 1.30482e+06
-373708 , 227692 , 448821
-1.03616e+06 , 586134 , 1.43503e+06
-38315.2 , 2.15804e+06 , 511310
1.31625e+06 , 599882 , -853760
843313 , 167189 , 292915
-105662 , -277504 , -797341
-1.11374e+06 , -586806 , 1.85773e+06
1.00953e+06 , 202197 , 1.01817e+06
-1.24966e+06 , 295377 , 1.7404e+06
-281532 , 1.65124e+06 , -70248.5
1.34456e+06 , -327715 , -669691
-213889 , -787375 , 2.10021e+06
-331791 , -756287 , -609021
-1.01751e+06 , -195122 , 1.04439e+06
1.70451e+06 , 899544 , -1.59061e+06
-653677 , 1.95057e+06 , -55186.2
1.30566e+06 , 2.08984e+06 , 616276
1.85653e+06 , -972355 , -244280
-1.06279e+06 , -1.193e+06 , 800769
-1.51223e+06 , -1.61178e+06 , 27644.7
366284 , -1.23366e+06 , 343041
-1.49506e+06 , 1.34096e+06 , 1.17504e+06
-778883 , -2.08777e+06 , 644567
99935.6 , -895052 , -750040
1.41082e+06 , 612029 , -572971
-1.52335e+06 , -213524 , -136537
-669074 , -519485 , 915110
-1.81229e+06 , 116574 , 1.06392e+06
-67911.2 , -364909 , 318447
973534 , -211369 , 722882
1.25505e+06 , -368130 , 816000
732076 , 1.127e+06 , 880360
-1.95327e+06 , 2.05891e+06 , 940636
1.55224e+06 , -585858 , 902261
-1.72823e+06 , -149373 , -419366
1.5918e+06 , 1.15022e+06 , -1.1129e+06
-1.40932e+06 , -543681 , 2.18867e+06
-1.40225e+06 , 745399 , -945869
746590 , 144995 , -419149
96991.2 , 1.25623e+06 , -2.39313e+06
-1.18975e+06 , -219777 , 155379
-988576 , -1.05025e+06 , 1.17569e+06
-1.20856e+06 , 135541 , -608714
-508428 , 254835 , 399146
853670 , 803034 , 1.23779e+06
-640226 , 931089 , 1.42314e+06
-203516 , -160560 , -999199
-222984 , 1.58117e+06 , 727883
-588366 , 1.5363e+06 , 1.18084e+06
79156.4 , -474528 , -1.0594e+06
-1.38057e+06 , -1.03348e+06 , 1.86844e+06
-230428 , -62959.1 , -411403
-1.84189e+06 , 61334.1 , -981462
877626 , 1.11268e+06 , 767694
321227 , 421190 , 898376
325469 , -1.74664e+06 , -435735
-1.14516e+06 , 726413 , 420393
833564 , 586109 , 124128
295939 , -1.02044e+06 , 1.38056e+06
-74784.2 , 1.67407e+06 , 1.26883e+06
2.10243e+06 , -389330 , 735575
-983185 , -215699 , -650724
878279 , -82455.1 , 2.14488e+06
-3.02563e+06 , 624503 , -913037
-226330 , 849012 , 1.02195e+06
170781 , -690319 , 129662
-761447 , -563618 , -1.53104e+06
448805 , 1.10093e+06 , 1.00995e+06
2.00144e+06 , -1.15017e+06 , 2.58515e+06
2.23342e+06 , -1.11625e+06 , -441135
1.02808e+06 , -676770 , 43910.3
-499638 , -2.35376e+06 , 585923
-146339 , 47286.6 , -1.94626e+06
1.42594e+06 , -129281 , -1.46454e+06
-1.20291e+06 , -1.02876e+06 , -192204
282712 , 2.17308e+06 , -227444
1.98766e+06 , -1.23585e+06 , 2.41329e+06
1.08234e+06 , 539958 , -898499
-868985 , -283480 , 25829.6
-510487 , 872624 , 1.45479e+06
-230719 , -110792 , -200834
-1.49574e+06 , 1.18954e+06 , 51654.5
-79536.8 , -2.02758e+06 , -345193
547929 , -1.53166e+06 , 1.10606e+06
-1.72868e+06 , -1.08821e+06 , -1.05668e+06
-1.65707e+06 , 1.75236e+06 , 412796
1.16029e+06 , 131585 , 1.27714e+06
919134 , 534972 , 108690
1.36357e+06 , -726414 , -1.14092e+06
578581 , -852676 , 198005
946084 , 242380 , 1.79247e+06
31002.4 , -666331 , 1.30319e+06
838685 , 352719 , 13349.5
769012 , 181457 , 2.1197e+06
-1.96282e+06 , -254426 , -728367
-513438 , -644841 , 273518
265233 , -1.26925e+06 , -975017
-383808 , 502070 , -1.1415e+06
-432266 , 1.66454e+06 , -380662
-869672 , 357930 , 1.76632e+06
1.24587e+06 , 472443 , -1.07824e+06
697772 , 1.40835e+06 , -459008
460691 , 233986 , 2.39433e+06
38124.2 , -2.31986e+06 , 2.06932e+06
-553582 , -1.17246e+06 , -353767
942116 , 1.28394e+06 , -545747
1.56886e+06 , -146227 , 1.1953e+06
904562 , -747582 , 1.9089e+06
-1.42615e+06 , 1.09731e+06 , -262612
-1.22263e+06 , 163822 , -489129
2.23892e+06 , -349348 , -216731
175556 , 1.28387e+06 , 896939
308632 , 113412 , -1.79856e+06
-1.20512e+06 , -1.35039e+06 , -63619.1
102569 , -1.53254e+06 , 2.17846e+06
-1.32899e+06 , 310525 , -47273.5
-330707 , -1.43614e+06 , 762252
-1.26082e+06 , -1.12158e+06 , -302501
967132 , 240353 , -1.09613e+06
-989024 , -1.13375e+06 , 1.32722e+06
-429769 , 868662 , 1.25926e+06
-1.67362e+06 , 13088.9 , 1.12458e+06
-967292 , 1.78263e+06 , 1.16497e+06
-485199 , -515485 , 1.2807e+06
-416633 , 198990 , -1.32272e+06
-1.34844e+06 , 272990 , 937299
-131749 , 720049 , -175509
-1.79213e+06 , -405492 , 1.05833e+06
-977672 , -652144 , 208666
-1.1402e+06 , 273913 , 233563
-184198 , -709163 , 1.07696e+06
-464454 , 920162 , 1.20426e+06
-990796 , 170318 , 1.50776e+06
-902337 , -472014 , 300978
959193 , 277937 , -318773
-135506 , -793107 , 524664
-1.61543e+06 , -384366 , -603022
216585 , 1.6074e+06 , -2.00265e+06
940998 , -235160 , 964555
1.08262e+06 , 336998 , -598335
1.22127e+06 , -623099 , 705313
625189 , 1.1503e+06 , 2.00078e+06
-891543 , 2.15505e+06 , -960367
-222102 , 1.67318e+06 , -613704
-419102 , -1.34256e+06 , -613352
-337875 , 115411 , 492887
-338014 , 1.77109e+06 , -297561
-958414 , 2.11144e+06 , 301440
908331 , -1.87135e+06 , 1.30676e+06
2.01335e+06 , -887460 , -4344.51
769425 , -810096 , -1.30076e+06
228605 , -441334 , -30445.5
-188505 , 795080 , 2.16927e+06
-376130 , -386818 , -80521.1
368915 , 491081 , 1.02036e+06
-881350 , -1.76416e+06 , 1.36487e+06
348905 , -1.5662e+06 , -786341
498318 , 820027 , -875474
200587 , 891263 , 26842
-118991 , 2.33493e+06 , -882203
357093 , -2.12215e+06 , -909026
1.17746e+06 , -1.49334e+06 , -1.37092e+06
517190 , 1.65415e+06 , 221341
377435 , -491072 , -1.14809e+06
81653.3 , -838176 , 28901.9
-251007 , -94227.6 , -826820
-1.22723e+06 , -1.14275e+06 , -2.04465e+06
2.12402e+06 , 350851 , -1.49032e+06
1.13544e+06 , 816942 , 3.07825e+06
-1.33086e+06 , -103409 , 441060
-1.93473e+06 , -651874 , 439743
-336427 , 533864 , 2.55555e+06
337085 , -334676 , -209844
-1.61835e+06 , 284527 , -84812.1
-2.06628e+06 , -788885 , 211088
346585 , -97784.1 , 1.19574e+06
-293976 , -2.25629e+06 , -264871
-373792 , 1.39506e+06 , -59775
-166735 , 323762 , 1.98672e+06
-951723 , 230181 , -780167
-1.03199e+06 , 371518 , 2.38244e+06
-215819 , -327162 , -1.08569e+06
-311717 , 1.98276e+06 , 233381
-170664 , -585294 , 1.67355e+06
112465 , 2.55941e+06 , 786992
596940 , 1.3221e+06 , 1.79017e+06
-126825 , 1.17942e+06 , 475638
-484420 , -576014 , 1.16529e+06
-808625 , 478114 , -1.09954e+06
120204 , 1.05901e+06 , -726344
-627889 , 599946 , 592145
-995029 , 408349 , -1.11886e+06
-40794.3 , -1.72609e+06 , 330052
1.3033e+06 , 921559 , 769368
-766557 , 1.14112e+06 , 150987
896101 , -309515 , 1.22798e+06
-1.68741e+06 , -1.39518e+06 , -384972
1.25945e+06 , 643762 , -985778
1.83282e+06 , -660040 , -154975
-627647 , 400906 , -1.52309e+06
-894631 , 540325 , 1.81587e+06
-1.84831e+06 , -619718 , 314514
1.20017e+06 , 373575 , -663682
-991407 , 1.37853e+06 , 1.63201e+06
-686198 , 633833 , 1.6452e+06
325268 , 1.2246e+06 , -1.31259e+06
1.03169e+06 , 363737 , -674455
1.50983e+06 , 1.73728e+06 , 309798
1.7195e+06 , -822620 , 270289
-458603 , -960713 , -1.00356e+06
179861 , -102817 , 423326
897868 , 260745 , -1.07903e+06
495999 , 541888 , 933393
-993872 , -1.75446e+06 , 14161.7
-21823.4 , -797730 , -1.65976e+06
653189 , -1.57897e+06 , 1.19195e+06
-1.29386e+06 , -2.20187e+06 , 546626
-345425 , 1.73927e+06 , -82111.8
1.55554e+06 , 213412 , 1.39097e+06
-447701 , -1.73435e+06 , -1.20814e+06
585622 , -1.09563e+06 , 964405
-2.85765e+06 , -297570 , 34574.8
-294889 , 976754 , 427136
1.07979e+06 , 840870 , 1.24843e+06
-257335 , 1.20122e+06 , -650385
-250491 , -1.32429e+06 , -312825
498639 , -28790 , 1.76237e+06
-1.02488e+06 , 484762 , 1.82412e+06
692209 , 306.965 , 285825
337095 , 663295 , 1.76246e+06
1.73491e+06 , -641350 , 599218
-312813 , 1.64444e+06 , -128839
185100 , 671746 , -1.33496e+06
706104 , -947287 , -1.23415e+06
-13476 , 2.60746e+06 , 1.23433e+06
1.21885e+06 , 637834 , -478087
759435 , 726605 , 779133
71305.8 , -353115 , 2.87909e+06
-893367 , -436081 , 636575
359509 , 880831 , -56551.1
195723 , 1.70758e+06 , -1.10272e+06
-406972 , -716454 , 1.32736e+06
696153 , 1.18129e+06 , -83491.8
-847239 , -164300 , 1.21526e+06
1.56782e+06 , 836944 , -1.03325e+06
-6858.24 , -907240 , -1.00191e+06
521714 , -1.9451e+06 , 446903
1.5478e+06 , 82374.9 , -526539
-1.91933e+06 , 290636 , -354929
821727 , 609546 , 392871
-956827 , -1.13723e+06 , 393914
878583 , 806019 , -137759
-966680 , -1.21905e+06 , -815085
314208 , 157901 , 935119
-203645 , 41534.7 , -570753
-406335 , -2.8107e+06 , 420364
139145 , 706031 , 46174.9
-458194 , 11838.1 , 391239
634140 , -142043 , 2.25368e+06
-50969.3 , 2.03414e+06 , -15850.4
-1.07144e+06 , -1.69981e+06 , 285112
-842395 , 1.85789e+06 , -476130
-1.97282e+06 , 42737.5 , -74202.1
-910409 , 1.32524e+06 , -1.86029e+06
-646641 , 576604 , -1.44665e+06
138084 , -1.00509e+06 , -110548
-1.24686e+06 , -1.42082e+06 , -589408
1.48835e+06 , -957825 , -610275
119755 , 592686 , 1.79281e+06
-1.12181e+06 , 66856.3 , -654599
415815 , -1.69676e+06 , 838253
-1.91868e+06 , -1.11322e+06 , -711059
-1.22581e+06 , -39726.2 , -528655
-1.30605e+06 , -900504 , -219739
1.02266e+06 , 598111 , -459613
166602 , 950565 , -569814
552862 , -163621 , 493512
-1.64058e+06 , -1.24163e+06 , 1.05264e+06
942385 , -531813 , -60288.4
-478757 , 410928 , 1.40141e+06
-2.95844e+06 , -769940 , -216982
1.31999e+06 , -334060 , 826583
-2.888e+06 , 245266 , 873159
301193 , 278185 , 934527
-881188 , -2.00883e+06 , -600373
490112 , 374639 , 2.05352e+06
-984346 , -679141 , 1.08955e+06
859541 , 425742 , -468732
-992189 , -142030 , 1.57759e+06
766358 , 11363.9 , 2.16521e+06
1.64425e+06 , -494491 , 1.40694e+06
280019 , 910362 , 1.20547e+06
-1.7e+06 , 252577 , 1.3051e+06
-172183 , 1.07293e+06 , -493609
869761 , 532146 , -1.94801e+06
-996501 , 33162.7 , 3.43999e+06
360009 , 1.16321e+06 , -536546
677166 , -368132 , 1.28212e+06
-2.19085e+06 , -366020 , 344086
1.15938e+06 , -449316 , 1.15571e+06
-2.40018e+06 , 259991 , -242171
1.09693e+06 , 502871 , -1.34421e+06
-805218 , -435065 , -675939
-439457 , 745.838 , -1.24858e+06
-469328 , -15404.6 , -1.27498e+06
1.366e+06 , -1.46842e+06 , 33088.1
-1.21628e+06 , -379352 , 1.24165e+06
-570510 , 939377 , 368511
1.45152e+06 , -434737 , 2.09672e+06
368709 , -1.49864e+06 , -349374
-357276 , -470416 , -1.73421e+06
-230054 , 718964 , -130912
-1.49507e+06 , -1.0114e+06 , 48009.9
-1.08023e+06 , -2.37929e+06 , -10569.3
321208 , 286614 , -144806
-924886 , -997767 , -1.45774e+06
-768134 , -2.72694e+06 , 556812
1.75285e+06 , 228256 , -92903.4
354699 , 683750 , -1.84576e+06
580612 , -1.13982e+06 , -340066
-1.0898e+06 , 401904 , 1.76044e+06
183956 , -356018 , 785556
657265 , 173483 , -493740
-1.55453e+06 , 1.56982e+06 , -241245
1.91028e+06 , 47123.9 , 1.01706e+06
-875643 , 1.57593e+06 , -890864
1.48998e+06 , 1.74294e+06 , 3.51372e+06
-130073 , -1.10084e+06 , 534912
9308.21 , -1.31323e+06 , -444884
1.67447e+06 , -1.42782e+06 , 1.24707e+06
877407 , 1.41211e+06 , 350785
896514 , -537583 , -780238
942812 , -409938 , -582917
-739797 , -157678 , 2.2071e+06
-1.80084e+06 , 757320 , -152629
2.00685e+06 , 530161 , 210915
-735766 , 1.01226e+06 , 974266
-938252 , 811.89 , 1.49144e+06
873855 , 767857 , -1.36657e+06
-901136 , 670773 , 1.22197e+06
-1.25134e+06 , -669605 , -1.15247e+06
-722782 , 1.25759e+06 , 277024
-406321 , 1.63847e+06 , -324191
-1.28056e+06 , -1.20134e+06 , -586118
-214884 , -1.33376e+06 , 493345
-1.34661e+06 , -141276 , 351293
-282075 , -242635 , 1.12399e+06
-1.90438e+06 , 272664 , -879229
-205718 , 916054 , -2.10195e+06
-903363 , -702538 , -528467
-884973 , 1.5383e+06 , 903861
-319028 , 1.19434e+06 , -201489
-328484 , -1.28043e+06 , 579298
118713 , -499372 , 1.92738e+06
-72027.7 , 1.57061e+06 , 1.04824e+06
-475862 , -575614 , 1.03044e+06
1.65202e+06 , 674327 , 443341
-612189 , -1.90804e+06 , 182935
1.9192e+06 , -754333 , 301332
1.62114e+06 , 1.18299e+06 , -1.37375e+06
-181253 , 1.20003e+06 , -1.29012e+06
1.46082e+06 , -123231 , -392979
670697 , 1.26694e+06 , 1.4446e+06
494157 , 430290 , 279772
-298435 , 1.71286e+06 , -294214
-148231 , 10095.6 , 825875
-238579 , -320503 , -92891.5
-30107 , -863333 , 623524
-181397 , 1.25351e+06 , 658508
861514 , -415428 , -1.88332e+06
-770900 , -1.47068e+06 , 254122
528482 , 1.86475e+06 , 1.43238e+06
-422103 , -597135 , 2.13555e+06
-73105.6 , -214676 , 365515
183138 , 1.57978e+06 , 781911
184936 , -1.48189e+06 , 923037
2.55798e+06 , 1.67453e+06 , -66192.2
949407 , 68389.9 , -135041
-648757 , -606702 , 1.20683e+06
-1.17607e+06 , -69363.1 , 1.15169e+06
456360 , 1.45359e+06 , -450489
660777 , -209098 , 578161
502921 , 847941 , -689847
-285546 , -400993 , 1.60137e+06
-1.42966e+06 , -383465 , 1.10023e+06
1.27087e+06 , 107068 , -656472
1.01778e+06 , -721209 , 1.00886e+06
661858 , -2.71527e+06 , 1.59653e+06
240757 , -1.07636e+06 , 1.13032e+06
-1.55758e+06 , -1.06389e+06 , 696998
-823034 , 69174.4 , 128467
1.31603e+06 , -758596 , -1.34298e+06
451097 , -2.11542e+06 , 511202
-1.05959e+06 , -1.46592e+06 , -326448
-516116 , -1.46497e+06 , -974233
467315 , 227174 , -739425
304892 , -306079 , 947381
-1.09012e+06 , 1.20249e+06 , 2.16501e+06
556786 , -743896 , 444517
-951582 , -571415 , 544317
606834 , 340118 , 1.46647e+06
-1.27291e+06 , -1.34159e+06 , -1.0159e+06
-337259 , 264103 , -367774
852364 , -585589 , -1.71984e+06
204159 , 2.26824e+06 , -271716
-935077 , 751569 , -127711
143147 , -178761 , 591472
-326077 , 2.39671e+06 , 549600
-1.4172e+06 , 1.17652e+06 , 983034
866450 , -1.69138e+06 , 1.26727e+06
-304767 , -1.28058e+06 , 952670
1.92732e+06 , 1.60942e+06 , -52582
822203 , -1.11783e+06 , -1.17666e+06
-722801 , 729625 , 1.36763e+06
-955214 , 536138 , 1.43618e+06
-1.48646e+06 , 658141 , -143492
-245784 , -619903 , -502268
774436 , 675820 , 1.93093e+06
-357841 , -629890 , 847722
736690 , 510475 , -137041
1.35795e+06 , -236177 , -1.40046e+06
127501 , 798362 , 2.19392e+06
443522 , 1.28153e+06 , 1.89692e+06
729085 , 1.04943e+06 , -850398
847991 , 808409 , 985404
478003 , -2.35081e+06 , 505387
920813 , 1.17522e+06 , 1.32653e+06
-1.40151e+06 , -861586 , 396979
-166533 , -418078 , -621303
1.61699e+06 , 390207 , -60329.5
-479667 , -1.62021e+06 , 1.08003e+06
-1.21366e+06 , 2.07417e+06 , -41816
-600608 , 54496.6 , 254911
-836960 , -1.40071e+06 , 525349
-738491 , -502742 , -1.89514e+06
1.63916e+06 , 1.35862e+06 , -48747
-3.03618e+06 , 123641 , 276897
375956 , -862173 , -1.5276e+06
-750522 , -1.22848e+06 , 196393
133392 , -1.11758e+06 , -1.54925e+06
482995 , 135354 , -9988.62
-1.62072e+06 , -737035 , 1.19702e+06
1.33989e+06 , 536996 , -1.63942e+06
-1.10331e+06 , 676074 , 939856
519200 , 554277 , -90822.2
-878521 , -2.05227e+06 , 630925
64783.6 , 727667 , -874469
974223 , -1.48426e+06 , 1.02983e+06
-74980.1 , -444485 , 1.69055e+06
654590 , -86840.8 , -795586
83228.9 , -673963 , -1.83851e+06
-3876.71 , -677051 , -1.15322e+06
-701034 , 1.57373e+06 , 1.48586e+06
405764 , -1.1688e+06 , -1.1819e+06
593857 , -21937.2 , -552069
794427 , -375902 , 616678
-719050 , 137968 , 2.31498e+06
2.02265e+06 , -338621 , 851703
1.36438e+06 , 183420 , 1.61311e+06
-621335 , 2.61051e+06 , 503677
1.00816e+06 , 590713 , 1.76175e+06
1.45414e+06 , 638734 , -807567
-804475 , 36320.4 , 38438.7
1.26533e+06 , -616911 , 2.21292e+06
-778254 , 2.46951e+06 , 631822
-2.15605e+06 , 260208 , -1.63309e+06
-348574 , 216992 , -1.2441e+06
1.63359e+06 , -1.39273e+06 , 1.14311e+06
798338 , 2.21031e+06 , 747936
980031 , 186275 , 723788
-1.47914e+06 , 1.11571e+06 , -131407
-877688 , -364661 , -1.39967e+06
-539134 , 1.01229e+06 , -1.07061e+06
-697430 , -596700 , -216932
2.03958e+06 , 1.24884e+06 , 348279
75390.8 , -842782 , 730246
-292666 , -75816.5 , -712993
168386 , 1.18915e+06 , -2.56809e+06
-687129 , 1.83308e+06 , -1.02106e+06
-431086 , -2.26724e+06 , 1.94714e+06
-69153.9 , -2.02645e+06 , -725256
349377 , 400318 , -948870
-1.72735e+06 , 1.27229e+06 , 1.03806e+06
-2.01589e+06 , 509780 , -528807
-349853 , 541811 , 982352
-187694 , -409801 , -49397.3
1.18997e+06 , 1.62765e+06 , -639111
220209 , 981103 , 1.4405e+06
81482.9 , -212973 , 2.03062e+06
-17041.5 , 160464 , -2.04891e+06
1.47219e+06 , 1.95497e+06 , -261463
398700 , -113131 , 2.22067e+06
-1.83033e+06 , -1.12858e+06 , -1.47106e+06
-1.95922e+06 , -117665 , 1.01668e+06
610101 , -307395 , 1.38314e+06
854698 , 239761 , -63797.1
310898 , 653074 , 180083
-196057 , 1.49215e+06 , 768687
-1.46515e+06 , 729257 , -103420
-642618 , -1.52998e+06 , 321630
-299825 , 1.71441e+06 , -808124
51119 , -930335 , 474814
-139966 , -872357 , 117725
-753183 , -365038 , -417047
429943 , 1.26467e+06 , -560903
166589 , 1.87348e+06 , -505033
-81503.2 , -1.8087e+06 , -136816
1.06351e+06 , -272383 , -326657
279996 , 1.11604e+06 , -1.38478e+06
113374 , 1.21559e+06 , -1.00846e+06
-424229 , 233052 , -1.62406e+06
120947 , 309902 , 1.63471e+06
1.05379e+06 , -55800.2 , 279210
-1.17565e+06 , -1.08611e+06 , -796686
845589 , -381409 , -647110
858444 , 440362 , -116012
-2.05164e+06 , 303203 , -484652
-887361 , 132586 , -21111.4
327291 , 1.09642e+06 , -1.06365e+06
-8793 , -851984 , 1.74358e+06
966668 , -43927.3 , 1.0512e+06
1.20019e+06 , 1.16731e+06 , -822923
538335 , -392440 , 470035
458195 , -2.37737e+06 , 169782
807449 , -1.46346e+06 , 631065
-1.62948e+06 , 1.15351e+06 , 304532
5288.55 , -1.27015e+06 , 606686
1.02781e+06 , 174394 , 1.39896e+06
60144.1 , -125206 , 1.30254e+06
647228 , -1.53052e+06 , -336106
2.21813e+06 , 775489 , 352142
-928862 , -2.29802e+06 , 311987
2.24204e+06 , -207646 , 158825
381078 , -212332 , -1.41494e+06
112374 , -1.74593e+06 , -1.05063e+06
-373722 , 1.05631e+06 , 122905
443962 , 746684 , -1.31349e+06
133182 , 413958 , -416646
142272 , 749520 , -288495
-1.16073e+06 , -1.66057e+06 , 761988
-2.24657e+06 , 210053 , 2.04534e+06
-408717 , 913578 , -402466
-1.62379e+06 , -689735 , 820795
-195011 , -1.67055e+06 , 566995
-280543 , 460168 , 2.36265e+06
1.0733e+06 , -1.88453e+06 , 686751
-889877 , 910788 , -657376
-1.60454e+06 , 1.46084e+06 , 488378
-617620 , 1.50346e+06 , 503441
1.0193e+06 , 1.1673e+06 , 1.02181e+06
285170 , 587492 , 559986
46543.8 , -486366 , 1.30172e+06
-2.38118e+06 , -516611 , -967343
1.19429e+06 , -872797 , 385249
-125976 , -950700 , 1.16512e+06
2.03481e+06 , 693028 , -183809
-319857 , 1.4578e+06 , -1.00491e+06
2.36631e+06 , 941560 , -664233
-867409 , -927271 , -1.5222e+06
331666 , -572887 , -1.62185e+06
190602 , 1.80667e+06 , 1.27281e+06
-756672 , 905448 , -1.21236e+06
119495 , 126428 , 870864
901000 , -435496 , 1.26789e+06
1.12918e+06 , 845170 , 1.17588e+06
-1.04933e+06 , -1.13557e+06 , 83876.5
2.02398e+06 , -12979.4 , 905489
1.30653e+06 , -1.58875e+06 , -1.20493e+06
-1.28235e+06 , -437221 , -1.21514e+06
-1.52998e+06 , 996912 , -72038.2
609697 , 957742 , 1.96111e+06
-402088 , 1.06166e+06 , 276703
987321 , 1.12227e+06 , -507885
687250 , -785524 , 421786
1.45849e+06 , -150723 , 259394
-868771 , 366862 , -569856
67996.6 , -212695 , 507567
-1.2596e+06 , -594431 , -901420
2.15334e+06 , -487078 , 386704
-270064 , 1.09893e+06 , -900692
-352716 , -1.73237e+06 , 763276
-1.32361e+06 , 1.70328e+06 , 1.57314e+06
426964 , 965345 , 710503
-184040 , -820126 , 1.1569e+06
870237 , 1.30696e+06 , 237014
1.59589e+06 , 897576 , 1.12361e+06
-2.26479e+06 , 1.66923e+06 , 423493
1.69733e+06 , -1.98979e+06 , 353222
-581470 , 596212 , 1.3346e+06
-558703 , -1.00633e+06 , -124440
-701055 , 1.58012e+06 , -325996
-1.31577e+06 , -72233.8 , 900246
-979971 , 1.4398e+06 , 196560
907761 , -981599 , -476797
241320 , 1.55704e+06 , -838124
788548 , 1.70761e+06 , -239082
192079 , -679520 , 1.57662e+06
-2.09457e+06 , -428999 , 59551.4
359554 , -448560 , 8917.36
-123379 , -1.48781e+06 , -371745
-1.87734e+06 , -457181 , -146463
-1.02102e+06 , -1.63109e+06 , -453533
-611727 , -1.59641e+06 , 596950
471951 , 242529 , 471673
-284111 , 1.72685e+06 , 1.82406e+06
725830 , -1.39253e+06 , 1.29893e+06
381229 , -1.24585e+06 , -1.10004e+06
620463 , -2.18185e+06 , -749738
-169120 , -1.04743e+06 , -1.80287e+06
-2.00913e+06 , 1.2768e+06 , 753253
-148154 , 1.70265e+06 , 1.3037e+06
1.43358e+06 , 784509 , 2.12017e+06
-371578 , -1.49243e+06 , 1.16173e+06
1.18006e+06 , -627716 , -386517
-475749 , 415006 , -71073.9
-610929 , 968424 , -1.05458e+06
415866 , -395090 , 2.79568e+06
-560117 , 1.76285e+06 , -339924
673538 , -1.43395e+06 , 280575
276031 , -555135 , -611367
1.06405e+06 , -101940 , 548716
-2.70575e+06 , 966846 , -573366
6826.66 , 1.09074e+06 , -1.0316e+06
-704632 , 2.77747e+06 , 1.17498e+06
767046 , -1.8806e+06 , -280568
671609 , -966423 , 1.1288e+06
801879 , -435184 , -1.10535e+06
746171 , 126799 , -713287
-556668 , -603513 , -410426
-1.37514e+06 , 1.38276e+06 , 1.1362e+06
-224038 , -754458 , 753922
248066 , -933108 , 245500
-896991 , 497505 , 1.14914e+06
-774351 , -1.08974e+06 , 59322.3
1.4374e+06 , -1.32119e+06 , 610364
-785706 , -1.1642e+06 , -78298.4
-1.23632e+06 , 442258 , -719059
1.68667e+06 , 858204 , -1.40321e+06
669241 , 377040 , 1.75744e+06
-365995 , 5414.89 , -794251
-12552.6 , -1.04773e+06 , -1.2584e+06
1.84035e+06 , -604437 , 1.33235e+06
542507 , -627627 , 1.67888e+06
790118 , 1.1285e+06 , -542488
695356 , 1.16862e+06 , 3591.38
756347 , -1.5465e+06 , 73547.6
-538558 , -1.69639e+06 , 917513
-614876 , 702559 , 851039
439898 , -935807 , 17881.4
-225663 , -1.88793e+06 , 757344
689890 , -1.09607e+06 , 540831
-1.25589e+06 , 909376 , 559765
232133 , -786055 , 102847
1.02867e+06 , -66479.5 , 1.32525e+06
256366 , 1.44075e+06 , -504587
1.01412e+06 , -1.26324e+06 , 522798
-1.26333e+06 , 298579 , -1.01494e+06
-1.73072e+06 , -246294 , -157246
-1.09366e+06 , -430032 , 952937
35129.7 , 1.86974e+06 , -1.13594e+06
-189336 , 1.29661e+06 , 380923
510774 , -1.32238e+06 , 540178
-975376 , -1.16757e+06 , -1.5216e+06
-2.28427e+06 , 809065 , -575650
1.95707e+06 , -807232 , -388796
-1.01443e+06 , 892632 , 207180
383235 , -1.88622e+06 , 583755
-382479 , 1.27384e+06 , -694583
-195007 , -887135 , 598635
-1.31758e+06 , -651412 , 2.37986e+06
-1.03447e+06 , 7377.77 , 1.10821e+06
308659 , -787672 , -1.12615e+06
-689040 , -625174 , -394174
1.47796e+06 , 759269 , 245194
-1.11862e+06 , 920954 , -312580
980872 , -858863 , 1.36286e+06
1.34188e+06 , -744227 , 545184
-219178 , -1.14293e+06 , -552561
-263376 , -538252 , -1.17496e+06
-215547 , -174696 , -473598
1.59476e+06 , -1.63156e+06 , 380719
-830705 , -524894 , 1.09927e+06
-1.19931e+06 , -1.11997e+06 , -1.40383e+06
33133.6 , 2.25487e+06 , -7735.38
23865.4 , -1.33099e+06 , 677119
920018 , -848754 , 268617
-49489 , 484704 , 784870
1.20056e+06 , -784598 , -61970.3
13264.7 , -1.44451e+06 , -302983
255993 , 2.2826e+06 , -558726
1.35799e+06 , 603438 , 973075
902547 , 715010 , 93196.1
-1.2097e+06 , 1.94091e+06 , -616810
540077 , 146377 , -916712
1.90396e+06 , -1.38979e+06 , -920061
1.82301e+06 , 72182.2 , 1.07263e+06
1.13753e+06 , 629863 , 718389
1.4754e+06 , 1.06524e+06 , 827773
317837 , 642542 , -512743
-763411 , 1.87038e+06 , -1.38393e+06
542714 , -766995 , 715039
2.12155e+06 , 925020 , -560352
908523 , 1.90542e+06 , 1.18495e+06
1.26291e+06 , -1.03947e+06 , 1.37551e+06
1.57555e+06 , 80042.2 , 1.19274e+06
651921 , -170575 , 1.74248e+06
259065 , 489819 , 2.41162e+06
1.22918e+06 , 667542 , -74752.3
331074 , -564273 , 1.06396e+06
-164345 , -362657 , 1.34962e+06
-432082 , 32721.8 , 884999
439457 , -1.11784e+06 , -2.01316e+06
1.01154e+06 , 1.20221e+06 , 245010
-1.65436e+06 , -1.5326e+06 , 953582
177928 , 410028 , 452562
437915 , 772380 , -1.16199e+06
-1.17778e+06 , -983898 , -978548
15095.1 , -1.25913e+06 , -365755
167069 , -747589 , 367301
-452543 , -410590 , -506161
-320133 , -807197 , -596694
-1.91284e+06 , -270176 , -249658
1.06877e+06 , -1.03542e+06 , 1.16926e+06
318394 , -35337 , -1.75679e+06
807755 , 1.80761e+06 , -1.01006e+06
1.68349e+06 , 1.15618e+06 , 533035
147258 , -2.51542e+06 , 258918
-307814 , -1.40333e+06 , -1.01485e+06
-501497 , 435025 , 575105
660339 , -318758 , -48108.9
-251331 , -498728 , 378893
2.54275e+06 , 453270 , -283953
128123 , -966391 , -1.76058e+06
453478 , -618949 , -901148
197857 , 125829 , 113834
5306.74 , 123061 , -1.4535e+06
-423624 , 1.00937e+06 , -883028
655005 , 263558 , 3.12265e+06
-745498 , 727886 , 1.19429e+06
447895 , -2.1107e+06 , 1.61302e+06
-708430 , 706702 , 1.37399e+06
-322715 , 118755 , 216428
1.33093e+06 , -319240 , -240564
-373169 , -1.56587e+06 , 1.41359e+06
-737001 , -488044 , 1.14416e+06
2.33503e+06 , 1.04938e+06 , 831005
-281317 , 1.24529e+06 , -10220.6
806052 , 418710 , -1.51289e+06
1.45129e+06 , -247946 , 1.17872e+06
-1.11469e+06 , -847887 , 394711
506344 , -626559 , 350941
-771504 , 1.02407e+06 , 921976
-644038 , 1563.55 , -90438.6
529627 , -162525 , -1.0004e+06
958487 , 1.40165e+06 , -159022
186395 , -2.2406e+06 , -1.52797e+06
-1.27288e+06 , -101779 , 402254
-1.2654e+06 , -181598 , 1.51908e+06
1.2301e+06 , -385400 , 314077
545893 , -258950 , -800750
-172001 , -1.02375e+06 , 217507
495011 , -327462 , -305411
1.12687e+06 , 1.22317e+06 , 537479
37578.3 , -1.64231e+06 , -250874
-274199 , -49576.7 , -1.61636e+06
1.05992e+06 , 1.28975e+06 , 1.10379e+06
332647 , -285445 , 2.4875e+06
1.77162e+06 , 985764 , 632052
708425 , -457949 , 1.52535e+06
-862418 , 1.08018e+06 , 1.32269e+06
-443125 , 100438 , 488371
1.23068e+06 , 396319 , 512876
738785 , 333444 , 1.27801e+06
-2.19771e+06 , 962764 , -148195
-1.20478e+06 , 475476 , 2.87854e+06
-403855 , -592532 , -194086
86683.7 , -1.64103e+06 , 952315
689613 , 292538 , 376242
-410980 , 1.56333e+06 , -193761
1.80783e+06 , 329393 , -131126
1.47036e+06 , 618359 , 462956
-1.68881e+06 , -459242 , -534936
-1.5543e+06 , -600855 , 1.7224e+06
-675636 , -221508 , 2.07662e+06
-247527 , -450575 , 211667
-1.26528e+06 , 997772 , 1.74129e+06
-813428 , -515433 , -1.24564e+06
1.17321e+06 , 565849 , 2.64671e+06
949145 , 1.64221e+06 , -172570
183640 , -738977 , -1.36929e+06
-675564 , 733432 , -636974
346113 , 1.34566e+06 , 152447
1.09664e+06 , 1.18258e+06 , -384355
-784927 , -1.2677e+06 , 1.83514e+06
-959080 , -140378 , -739457
-1.41697e+06 , -1.09849e+06 , 1.04794e+06
581788 , 2.22388e+06 , -540563
2.03195e+06 , 142602 , 169649
-84494 , -395986 , 2.94048e+06
516220 , -1.79734e+06 , 1.42531e+06
-1.14571e+06 , 737117 , -1.73348e+06
1.09309e+06 , 852765 , -181351
1.21425e+06 , -616419 , 556154
1.87074e+06 , 1.0984e+06 , 411407
916609 , 994203 , -493586
-347203 , -488796 , 1.54172e+06
-898720 , -519893 , 1.15277e+06
47178.4 , 105194 , 1.9359e+06
328949 , -1.50447e+06 , 1.1913e+06
-271212 , -1.80667e+06 , 1.52658e+06
-1.62946e+06 , -1.18501e+06 , 1.60072e+06
767159 , 945033 , 717624
-1.60189e+06 , 679460 , 994717
-227458 , -1.08739e+06 , 963012
600336 , -1.73529e+06 , 2.29904e+06
468542 , 597742 , -214841
-809450 , 995008 , -196455
-1.19165e+06 , -641983 , 266922
1.81224e+06 , -632119 , 1.23406e+06
228344 , -401650 , -693539
134726 , -1.20248e+06 , -1.44811e+06
-640595 , 1.30609e+06 , -118075
-1.39691e+06 , 1.19348e+06 , -941299
1.02118e+06 , 1.16454e+06 , 820431
1.28972e+06 , 1.34988e+06 , 493906
-1.19719e+06 , 104001 , -267381
-1.54109e+06 , -268912 , -1.49901e+06
1.1654e+06 , -634819 , -4491.11
-350700 , 252140 , 2.09517e+06
198674 , 810727 , 173110
-1.23286e+06 , -193327 , 2.38486e+06
-361657 , -100012 , 1.8505e+06
-489409 , 642003 , 411904
201505 , 1.24251e+06 , 1.93095e+06
-297492 , 91561.3 , -413024
-239474 , 1.43672e+06 , 1.46232e+06
-1.72873e+06 , -1.25814e+06 , 326850
1.10672e+06 , -2.11893e+06 , -795249
-19336.7 , 1.59765e+06 , -565562
-1.30635e+06 , -1.20443e+06 , 701884
720318 , 647846 , 1.24028e+06
364035 , 1.08198e+06 , 1.17319e+06
-837940 , -19715 , 1.42735e+06
595887 , -2.62642e+06 , -614938
350862 , 1.11088e+06 , 386294
164709 , -2.41544e+06 , 1.47326e+06
-985379 , -818193 , 1.1622e+06
-224854 , -118563 , 691990
1.27756e+06 , 656020 , 1.03173e+06
-2.05484e+06 , 411580 , -106974
-2.36925e+06 , -617535 , 159383
-755588 , 1.48344e+06 , 1.69223e+06
-995946 , 13380.2 , -254755
1.37569e+06 , -810778 , 1.31572e+06
-1.13973e+06 , -526405 , -1.20558e+06
41203.3 , -689826 , 57715.1
-219377 , -1.02517e+06 , -2.07639e+06
161292 , 1.33828e+06 , 214551
638187 , -641402 , 1.60864e+06
-421127 , 1.10737e+06 , -246584
-1.28353e+06 , -1.19671e+06 , 793227
192452 , -812118 , 2.226e+06
1.61065e+06 , 490787 , -619599
725574 , 659249 , 885597
-672176 , 491504 , 191140
269002 , -2.47544e+06 , -1.03075e+06
233418 , -333617 , 2.02525e+06
-621575 , 278249 , 1.02281e+06
519188 , 1.84528e+06 , 381631
-143882 , 160054 , -666042
-962039 , 922942 , 2.11601e+06
-1.3519e+06 , -608822 , -121650
666943 , -889680 , 769647
-586126 , -1.90056e+06 , -269567
1.62748e+06 , -501874 , 78895.1
-1.39888e+06 , 746817 , 1.03742e+06
1.42599e+06 , 64186.7 , -337471
1.71017e+06 , -28689.9 , 1.31579e+06
-566770 , 1.06054e+06 , 1.00607e+06
1.65764e+06 , -1.61251e+06 , -135097
-1.46026e+06 , 1.48405e+06 , 285568
1.46814e+06 , 1.40591e+06 , 1.72991e+06
-390161 , -372190 , -998384
-6236 , 1.93348e+06 , 126013
-184910 , 268041 , 636996
749626 , -861776 , -41514.5
882325 , 578925 , -592501
-1.67307e+06 , -903858 , 221841
-1.275e+06 , 223713 , 664253
299684 , -752143 , 790665
1.05467e+06 , 1.14404e+06 , -1.26647e+06
448839 , 644275 , 818782
638761 , 1.16543e+06 , -180315
-2.10225e+06 , 1.08051e+06 , 1.29536e+06
583369 , 2.00066e+06 , 62024.9
2.07165e+06 , -642038 , 125250
64549.8 , 1.02866e+06 , 1.23646e+06
401909 , -1.22869e+06 , 1.26872e+06
-1.12734e+06 , 438924 , 1.05499e+06
2.0819e+06 , -343437 , 1.27808e+06
1.06854e+06 , 503266 , -823880
-1.5247e+06 , -125696 , -356406
558441 , 543172 , 1.5987e+06
168610 , 257351 , 836027
-969526 , -358331 , 222023
-1241.48 , -1.91906e+06 , -371608
-175511 , 43425.4 , 1.26455e+06
-963676 , 1.26708e+06 , 1.45231e+06
532967 , 1.79835e+06 , -273926
1.26387e+06 , 371090 , 1.79253e+06
-2.01617e+06 , -597879 , 2.10809e+06
20854.8 , -2.36928e+06 , -930474
-1.69579e+06 , -548893 , 612392
714546 , 507959 , -485779
-787434 , 785428 , 913371
-595298 , -1.09795e+06 , 681698
-92191 , -1.14917e+06 , 2.3088e+06
-1.97272e+06 , 499581 , -554170
-491042 , -1.172e+06 , 223030
451961 , 599018 , -290989
1.61421e+06 , -248497 , -313012
537537 , 1.53827e+06 , 427052
776599 , -430575 , 622997
461658 , -849172 , 872782
584741 , 140942 , -843329
-428253 , -440236 , 1.61975e+06
-1.54461e+06 , 266432 , -1.31563e+06
-535082 , -434859 , -896419
-707164 , 76171.5 , -699364
-1.46433e+06 , 140226 , 1.27794e+06
-1.78006e+06 , -16768.1 , 129401
508851 , 27980.8 , 281403
-1.66935e+06 , 1.35279e+06 , -1.43716e+06
1.46308e+06 , 299519 , -616081
1163.71 , -1.4252e+06 , 981794
602819 , 1.38429e+06 , -1.22169e+06
799977 , 136289 , 907016
-647757 , 731225 , 1.39003e+06
471012 , 601790 , 170189
547072 , -656677 , 1.61851e+06
663752 , 41732.3 , 663320
781440 , -1.58799e+06 , 2.21113e+06
-339748 , -842239 , 871784
-20457.7 , 895904 , -789854
1.20753e+06 , -438922 , -679522
272029 , 1.71919e+06 , 363003
559515 , 1.42625e+06 , -299188
362190 , -1.93596e+06 , 43367.1
-437865 , -697738 , -78078.4
-1.18143e+06 , 960639 , -517524
857108 , -2.00642e+06 , -8148.88
98296 , 4083.68 , -480295
-896288 , -518041 , -47663.9
620542 , 1.46857e+06 , -758095
739833 , -1.98376e+06 , -2395.18
-489774 , 605525 , 1.19544e+06
1.22109e+06 , 1.35433e+06 , 439699
893654 , 217876 , -820843
740178 , -929562 , 663108
929153 , 1.12903e+06 , 1.14341e+06
-729385 , -516144 , -1.13758e+06
-556543 , 1.23246e+06 , 1.7152e+06
1.29006e+06 , 80810.1 , -1.44696e+06
-2.13513e+06 , -772833 , -191875
424622 , -908524 , -997463
234202 , 1.86834e+06 , -919021
-1.26869e+06 , -799693 , -270730
534090 , -68182.5 , 1.64112e+06
938886 , -723118 , -434864
-923455 , 325544 , 1.49882e+06
-266023 , 654469 , 1.06836e+06
-362.791 , 1.34904e+06 , -1.69274e+06
1.63788e+06 , -1.19718e+06 , 877611
818238 , -371961 , -257401
-405478 , -809149 , 1.004e+06
-468676 , -1.30487e+06 , -295185
1.6963e+06 , 1.5992e+06 , -807074
827860 , 963100 , 1.17159e+06
-1.33286e+06 , -719765 , 431148
-1.07643e+06 , 33287.8 , 117440
1.28653e+06 , 894083 , 1.56456e+06
-333685 , 1.48355e+06 , 445436
2.32785e+06 , -89135.3 , 810600
601963 , 1.37778e+06 , -419446
140826 , 1.33247e+06 , -1.73253e+06
2.2178e+06 , 36909.8 , -878999
1.01348e+06 , -876751 , -1.16277e+06
-1.03492e+06 , 526396 , 1.3452e+06
-1.12827e+06 , -697073 , 1.18976e+06
468847 , 555971 , -893490
574998 , -896058 , -668703
2.98775e+06 , 457240 , 819390
-1.02808e+06 , 1.5336e+06 , -596672
-274138 , 160003 , 2.12704e+06
-7272.06 , 839050 , 1.0568e+06
2.1039e+06 , -167625 , -636766
1.43543e+06 , 691906 , 2.06548e+06
32708.2 , 369931 , 834660
752780 , 359702 , -61725.3
557889 , -1.529e+06 , -911497
-437157 , 536625 , -168108
1.69775e+06 , 1.02857e+06 , -537637
-1.27311e+06 , -440712 , 1.70864e+06
594282 , 161635 , -1.12548e+06
293183 , 777036 , 886650
695482 , -1.11325e+06 , 229052
1.05184e+06 , -1.02191e+06 , -66795.9
-1.35176e+06 , -1.44069e+06 , -869769
488138 , 1.51124e+06 , -1.80787e+06
-228884 , 1.35888e+06 , -1.17555e+06
1.9106e+06 , -1.11367e+06 , 124475
-1.38117e+06 , 324136 , 88507.4
2.12158e+06 , 1.05643e+06 , 1.02084e+06
-321793 , -207751 , 1.66811e+06
-527448 , 36367.9 , -579969
492551 , -760041 , 1.14685e+06
-730689 , -440290 , -486860
-1.16976e+06 , 707160 , -1.06361e+06
1.30724e+06 , -196429 , 1.78401e+06
-354470 , 1.79472e+06 , 1.29506e+06
38359.8 , -139661 , -552442
-444702 , 2.43236e+06 , 243354
-1.85398e+06 , -936052 , -894758
705101 , -470764 , 1.86324e+06
-1.26771e+06 , -430768 , 1.31332e+06
1.89774e+06 , 1.72667e+06 , -1.00852e+06
1.02593e+06 , -3442.8 , -558653
-1.41994e+06 , 775072 , -328159
465517 , 41535.4 , 1.78537e+06
-184840 , -2.59954e+06 , -1.35046e+06
-143592 , 443276 , -785204
437249 , -360794 , 1.26317e+06
-843025 , -206770 , -373432
-1.8426e+06 , 187222 , 914314
-123118 , -1.68202e+06 , 306494
541468 , 770187 , 345717
144513 , 1.56125e+06 , 1.07989e+06
231215 , 898873 , 1.5383e+06
1.53049e+06 , -973923 , 147694
1.27609e+06 , 891952 , -994522
1.3336e+06 , 288892 , 2.19342e+06
1.20086e+06 , 189014 , -999325
-337962 , 935146 , -403494
356882 , -1.52161e+06 , 663008
2.03316e+06 , 792927 , -1.05161e+06
-27952.6 , -237309 , 1.36335e+06
-713562 , 1.36837e+06 , 1.03822e+06
1.36624e+06 , 748864 , -262379
-1.08238e+06 , 379711 , 270278
1.42128e+06 , -485885 , 697635
562678 , 2.35298e+06 , 888866
-386636 , -397143 , 832692
261661 , 1.09316e+06 , 1.96604e+06
251283 , 15325.3 , 815715
1.05418e+06 , 586492 , 835807
-890707 , -1.36928e+06 , 1.42527e+06
-554803 , 1.41471e+06 , -519763
444058 , 1.0484e+06 , 919718
-86914.4 , -2.13787e+06 , -50075.9
699710 , -775128 , 1.16833e+06
-123806 , 1.62905e+06 , 555304
14086.9 , -433281 , 931486
573746 , 914423 , -723027
-52904.8 , -202944 , 1.74953e+06
885211 , -664536 , 741648
5408.2 , 23537.3 , -1.03768e+06
-392286 , -9151.76 , 750222
1.02761e+06 , 944004 , 1.9941e+06
407301 , 923566 , -3060.51
-291710 , -1.85684e+06 , 868769
-750378 , -186984 , 2.17632e+06
1.91888e+06 , 850051 , 2.0382e+06
-79762.6 , 1.65401e+06 , -58921.5
191821 , 506224 , 1.94544e+06
-1.74872e+06 , 697665 , 175446
-332054 , 585782 , 936925
-65520 , 762729 , -358364
-1.04193e+06 , 218655 , 639319
-311760 , -143450 , 1.46792e+06
-664350 , -1.9018e+06 , -111877
-1.92136e+06 , -598013 , 988841
-286347 , 1.23206e+06 , -442919
-919414 , -1.15729e+06 , -505195
-1.19631e+06 , -718386 , 317240
1.71925e+06 , -377719 , -1.06927e+06
482085 , 960523 , -1.2207e+06
2.06665e+06 , 782017 , 1.08719e+06
1.29604e+06 , -979405 , -2.42956e+06
-159420 , 348049 , 1.34272e+06
-734650 , -213143 , 1.28391e+06
-227356 , -532575 , -668164
-876034 , -903158 , -1.20826e+06
1.45938e+06 , -88831.6 , -269000
969216 , 253962 , 1.3509e+06
-1.7425e+06 , -967127 , 1.29666e+06
527483 , -1.40109e+06 , -587944
48016.5 , 1.82697e+06 , 131569
1.42228e+06 , 4681.1 , -165660
214960 , 1.18108e+06 , -696951
385164 , -331156 , -118068
932518 , 37209.4 , -1.04833e+06
-1653.31 , 1.86369e+06 , 225127
-662409 , 1.04456e+06 , -911254
-216513 , -1.29599e+06 , -57803.8
413378 , 1.7819e+06 , -472474
-427535 , -1.00096e+06 , -1.38836e+06
-755771 , -133486 , 2.40942e+06
842187 , 515384 , 1.75284e+06
-884615 , -1.10263e+06 , 1.40567e+06
1.33434e+06 , -1.23083e+06 , 340790
1.30584e+06 , -1.02129e+06 , -239799
-373872 , 1.39149e+06 , 149850
387491 , -1.03505e+06 , 1.47025e+06
410535 , -904652 , -900731
89060.6 , -1.06953e+06 , 1.43676e+06
-998864 , 547130 , -552124
608518 , 802227 , -382653
-1.11374e+06 , -237966 , 1.66566e+06
60649.1 , 584930 , -2.46212e+06
1.28518e+06 , -122067 , 1.10693e+06
-1.31479e+06 , -161873 , 1.37767e+06
675421 , 398136 , -644149
-1.17734e+06 , -145197 , -1.24331e+06
-184651 , 885935 , -667260
1.40232e+06 , 1.39037e+06 , -1.41536e+06
-180877 , -529929 , 1.66576e+06
435876 , -570977 , 190082
112400 , 2.0648e+06 , -2.0575e+06
-85231.2 , 80440.9 , -54914.2
1.34757e+06 , 696005 , 1.06129e+06
1.6113e+06 , 1.31452e+06 , 207254
182580 , -116051 , 975260
1.41495e+06 , 1.91861e+06 , 1.64604e+06
-614989 , 1.72956e+06 , 1.70574e+06
1.25413e+06 , 1.50936e+06 , -230297
14708.8 , -1.24691e+06 , -170397
-338964 , -548273 , -960041
1.75126e+06 , -502073 , 878186
1.29155e+06 , -1.28611e+06 , 1.5179e+06
-1.27224e+06 , -1.30529e+06 , 1.14899e+06
-978.203 , 663951 , 1.35973e+06
-1.23723e+06 , 217493 , -1.74935e+06
-2.13286e+06 , 1.59834e+06 , 199937
2.16606e+06 , 20927.9 , 779474
-852823 , 1.39595e+06 , -838243
819376 , -270289 , -528251
633210 , -241835 , 1.62541e+06
1.69221e+06 , -256029 , 37249
-1.46895e+06 , 973550 , -957932
1.23891e+06 , -1.00538e+06 , -447535
637096 , -20967.9 , 1.78544e+06
1.59025e+06 , 609785 , 13028
1.41799e+06 , -117329 , -907236
1.19384e+06 , 1.94576e+06 , 872262
-641155 , 430595 , 1.49609e+06
-879227 , -1.47472e+06 , 1.25141e+06
-788368 , 362233 , -1.2063e+06
-1.4655e+06 , -118721 , -737594
737526 , -409686 , 219126
-83470.5 , 366493 , 1.0607e+06
-382078 , 418565 , 948963
-139633 , 1.07534e+06 , -1.60505e+06
1.38724e+06 , -592401 , 629741
-701793 , 1.58435e+06 , -828790
1.1001e+06 , -57082.2 , -234363
-1.11791e+06 , 804986 , 810826
-1.47385e+06 , 660362 , 693143
-422232 , -377678 , 2.09613e+06
580086 , -517913 , -306338
214276 , -351989 , -1.17878e+06
1.12223e+06 , 1.183e+06 , 542730
276272 , 545980 , 988679
992688 , -824754 , -1.80258e+06
-244707 , -660341 , 1.64344e+06
-1.6522e+06 , -442361 , -601558
1.47085e+06 , -1.4764e+06 , -667975
909148 , -207613 , -878281
512979 , 417631 , 137233
1.21111e+06 , -801307 , -1.37207e+06
-983033 , 577228 , -634315
412722 , -240003 , 1.65623e+06
361006 , 105313 , 1.22305e+06
-1.276e+06 , -343858 , -538798
-171830 , 31744.6 , -611328
-2.40558e+06 , 1.03557e+06 , -204277
746664 , -239180 , 1.16857e+06
461798 , -777474 , 1.39682e+06
-625826 , -397223 , -652161
44503.7 , 226384 , 1.51561e+06
2.3238e+06 , -1.41882e+06 , 1.41197e+06
99883 , 271429 , -1.31954e+06
2.17064e+06 , -143304 , 1.2789e+06
105105 , 891363 , 1.3774e+06
-26480.7 , -246521 , 1.38306e+06
1.25445e+06 , 1.69592e+06 , -290820
1.46194e+06 , 1.69012e+06 , 289201
1.61096e+06 , 4710.32 , 214848
-676555 , -490886 , 899017
-1.66273e+06 , 1.2275e+06 , -336611
643637 , 362234 , 2.17882e+06
-224505 , -798497 , -1.65822e+06
-762773 , -1.03947e+06 , -760929
-2.50633e+06 , 1.36276e+06 , -480311
-1.09516e+06 , -577889 , 1.47387e+06
1.46138e+06 , -1.01e+06 , 1855.74
-841055 , -1.79597e+06 , 1.75683e+06
-887025 , -297844 , 625366
-462156 , -1.55551e+06 , 505798
-360315 , 173978 , -1.76545e+06
-643074 , -132828 , 1.85684e+06
1.56882e+06 , 325091 , 530462
-851477 , -540996 , -24401.6
-258645 , 915156 , -1.28184e+06
-950973 , -33706.8 , 354382
-1.10928e+06 , 2.43754e+06 , -2.35429e+06
-222581 , -699215 , 1.39708e+06
152844 , 2.49052e+06 , -1.15323e+06
-1.12312e+06 , 232872 , 488155
1.70975e+06 , -798728 , 1.09298e+06
-684303 , -1.32902e+06 , 473844
-6192.25 , -427484 , -1.47222e+06
-1.6164e+06 , 295606 , 1.1561e+06
-1.67318e+06 , -248675 , 1.79947e+06
-1.0401e+06 , 1.0067e+06 , 840097
1.71533e+06 , 481172 , 198175
368579 , 1.7104e+06 , -983478
-423320 , -599557 , 1.25549e+06
-1.59351e+06 , 165006 , -868440
-288303 , -1.96692e+06 , -742692
1.45877e+06 , 405178 , -129578
1.8177e+06 , 635217 , 1.19824e+06
-1.62692e+06 , 338231 , 2.07432e+06
-1.56842e+06 , -5768 , 939318
116785 , 679243 , -81693.9
1.59239e+06 , 1.76947e+06 , 374964
-811423 , 180082 , 676749
-1.3274e+06 , -120162 , 136544
-1.08855e+06 , 366301 , -1.20236e+06
-292397 , 641898 , 984641
1730.56 , -393685 , 614069
-304853 , -1.25193e+06 , -1.26741e+06
-1.78185e+06 , -1.27603e+06 , 889872
-302058 , 1.18815e+06 , 618684
403556 , 938836 , -176212
-1.92522e+06 , -2.10567e+06 , 96695
246519 , -1.19339e+06 , -372940
-84073.5 , 2.2563e+06 , 563976
515097 , -550690 , -1.08247e+06
-229620 , -982948 , -1.17871e+06
680610 , -43558.1 , 877115
1.08251e+06 , 133395 , -492533
2.17293e+06 , -915141 , 448440
520169 , 1.97563e+06 , -640.689
788112 , 70072.5 , -1.35104e+06
-346629 , 1.43333e+06 , -1.51795e+06
-513782 , -1.18443e+06 , 468970
647317 , -227042 , -349097
32663.2 , -57677 , 1.14665e+06
-805433 , -338817 , 298908
-1.49572e+06 , 1.021e+06 , 898109
-216541 , 121268 , -2.06626e+06
-944079 , 1.10817e+06 , -775711
376414 , 1.78864e+06 , -117841
-316114 , -1.26592e+06 , 1.18476e+06
1.96354e+06 , -843585 , -900794
279704 , 54068.6 , 1.2694e+06
-827041 , -439461 , 877572
-241304 , -714981 , -2.14827e+06
-29438.6 , -1.03111e+06 , -2.39027e+06
854359 , -1.07898e+06 , 734885
-776573 , -1.57535e+06 , 875141
-52540.2 , -1.3116e+06 , 251574
277312 , -389100 , 675435
670138 , 1.81422e+06 , -1.44011e+06
390834 , -2.12302e+06 , 406573
1.14977e+06 , -1.33494e+06 , -385451
481030 , -376483 , 1.05197e+06
1.43518e+06 , 1.97234e+06 , 704711
1.02696e+06 , -1.17188e+06 , 78170
-1.08782e+06 , -1.43351e+06 , 372166
-920078 , 1.49982e+06 , -1.19883e+06
335336 , 718150 , -199509
-28057.6 , 1.76958e+06 , 1.67276e+06
27612.6 , 836555 , -1.57778e+06
1.89001e+06 , -352794 , 207326
-157326 , 82116.7 , 2.53269e+06
-578676 , 628969 , -1.15916e+06
361593 , 1.10982e+06 , -1.01186e+06
-1.06642e+06 , -1.27854e+06 , 1.24041e+06
-131842 , -141063 , -1.52675e+06
-277096 , -2.02995e+06 , 512026
-224912 , -34433.5 , 1.47513e+06
-1.08726e+06 , 731478 , 1.52052e+06
-1.83971e+06 , 1.64477e+06 , 159673
825072 , 2.04999e+06 , 1.31587e+06
970815 , 1.35734e+06 , 936812
-846043 , 891906 , -1.79286e+06
401819 , 1.06197e+06 , -1.43252e+06
-1.7112e+06 , 487774 , -111831
563291 , 700243 , 1.38432e+06
-432984 , 372669 , -373292
447858 , -1.81221e+06 , 903356
405499 , -691769 , -1.86236e+06
-817.828 , -901412 , 615985
75355.7 , -1.13372e+06 , -1.4537e+06
1.59489e+06 , -441994 , -743727
-1.61956e+06 , -148799 , -125120
-2.21695e+06 , 47445.9 , -245270
-965356 , 437897 , 2.07636e+06
-2.03423e+06 , -59432.6 , 91292
19282.2 , 1.39469e+06 , 717407
237491 , -1.56789e+06 , -72980.1
-41305.2 , -716345 , -1.64546e+06
348323 , 47033.6 , -207485
210403 , 1.34893e+06 , 1.738e+06
950220 , 1.45924e+06 , 221135
-642115 , 444392 , -503285
1.2688e+06 , 167233 , 1.61578e+06
-1.13621e+06 , -222835 , 1.82596e+06
2.13481e+06 , -719480 , 1.03906e+06
608352 , 1.35362e+06 , -266618
-1.27859e+06 , -1.19123e+06 , 977071
-1.51596e+06 , -247841 , -323693
226115 , -874559 , -1.1232e+06
1.30066e+06 , 608087 , 2.01599e+06
834647 , -1.08641e+06 , 1.26936e+06
176907 , 231371 , -1.5313e+06
353787 , 357152 , 1.78685e+06
-2.24318e+06 , 50744.3 , 717888
2.06191e+06 , 84290.4 , 594072
93841.1 , -845418 , 1.35397e+06
-430017 , 1.01821e+06 , -357179
-653050 , -126115 , 1.28075e+06
1.13926e+06 , 1.02318e+06 , 237285
-834109 , -1.07722e+06 , 460053
1.40688e+06 , 282877 , -616580
1.06642e+06 , 105077 , 305663
758106 , -2.20845e+06 , -130441
1.4293e+06 , 254302 , 1.46542e+06
-368993 , 1.60546e+06 , 1.11469e+06
-326533 , -62172.9 , -180042
601247 , -1.15237e+06 , 346278
1.09065e+06 , 1.76544e+06 , 413643
887714 , 111579 , -409471
247549 , 346118 , 354134
1.08063e+06 , -1.18388e+06 , 483325
-592053 , -1.0824e+06 , 2.10563e+06
1.74002e+06 , 345391 , 1.00604e+06
333924 , 1.2719e+06 , 758476
236336 , -1.76934e+06 , 594346
1.14937e+06 , -948394 , 1.22372e+06
-829374 , 253567 , 1.90382e+06
958547 , 857922 , -902674
1.61614e+06 , -676602 , -435117
1.11315e+06 , -1.69348e+06 , 683220
1.33078e+06 , 1.04265e+06 , -1.77534e+06
424495 , -662233 , 155241
490501 , 2.02717e+06 , -464676
-316865 , -1.01897e+06 , -848827
642728 , -610458 , 501127
52462.4 , 662039 , 366964
1.10831e+06 , -148678 , 1.41171e+06
-651645 , -1.42474e+06 , -329832
645435 , -1.15454e+06 , -1.0624e+06
831120 , -1.27158e+06 , -159661
1.58355e+06 , 516828 , 1.48243e+06
-509757 , -766054 , -503521
-952629 , -285946 , -691263
1.38249e+06 , 611897 , 869886
-968726 , 1.58387e+06 , 192778
-1.74695e+06 , 551483 , -274177
-547664 , -1.75777e+06 , 455878
-75964.5 , 1.38055e+06 , -1.30227e+06
-1.50009e+06 , -1.31142e+06 , 811958
349625 , 529546 , 950763
44054 , -1.00031e+06 , 1.18559e+06
-849668 , 955797 , -1.25435e+06
689760 , 1.52766e+06 , -435948
-663010 , -130383 , -1.69646e+06
-1.35448e+06 , -937837 , -1.26683e+06
950385 , -817308 , 206413
418790 , 233645 , 1.43746e+06
1.03678e+06 , 304499 , -732361
2.03829e+06 , 1.81872e+06 , 143735
-1.38456e+06 , 202932 , 1.44246e+06
-1.2507e+06 , -1.10022e+06 , -862662
-596529 , 1.01316e+06 , 2.948e+06
52521.9 , 1.85907e+06 , 312258
296858 , -750342 , 21127.6
-198747 , -823942 , -1.02046e+06
-1.3232e+06 , -190133 , 1.19222e+06
-1.20101e+06 , -818812 , 1.54351e+06
-1.45465e+06 , -49963.2 , -1.13286e+06
-82276.9 , 1.13781e+06 , 1.4816e+06
-134645 , -490089 , 1.79783e+06
2.16236e+06 , -8801.27 , 1.49011e+06
1.07272e+06 , 484308 , 945530
944992 , -1.39958e+06 , -517707
-914796 , -625662 , 618558
-1.64219e+06 , -754611 , 1.05419e+06
1.69377e+06 , 368344 , -298510
-527729 , -710912 , -761790
-785104 , -1.02185e+06 , 807001
823796 , -265439 , 765595
-609967 , 1.33993e+06 , -1.15217e+06
-1.23914e+06 , -618234 , -484721
-2.05862e+06 , -417348 , -82267.3
48269.4 , -1.9856e+06 , 184148
2.43754e+06 , -455236 , -396425
292157 , -119159 , 2.3164e+06
260697 , -1.09562e+06 , -1.17511e+06
986707 , 788995 , -862092
-7098.75 , 45817.7 , -77980.3
781201 , -1.51219e+06 , -260765
-1.36457e+06 , -96218.4 , -347530
1.07872e+06 , -312365 , 1.06831e+06
-1.11452e+06 , 423969 , 500993
123384 , 1.42032e+06 , -1.11073e+06
-438897 , 352477 , 1.68997e+06
1.31699e+06 , 428187 , -1.41908e+06
-679333 , 1.30211e+06 , 1.52169e+06
322049 , -2.13219e+06 , -268921
-1.36727e+06 , -540090 , 295828
-1.24998e+06 , 755418 , 876291
920028 , -1.1732e+06 , -209711
-141475 , -1.24794e+06 , -767102
-325820 , 621379 , 2.28594e+06
930350 , 27024.8 , -1.60941e+06
-132072 , -2.02592e+06 , 643506
-1.79284e+06 , 845011 , -758261
-178936 , 2.30686e+06 , -90959
-2.81612e+06 , 410967 , -1.23938e+06
260656 , -439626 , 617606
-432923 , -1.24892e+06 , -19646.9
-277122 , 296181 , 1.81848e+06
98788.5 , -2.0104e+06 , -781213
2.0112e+06 , 941068 , -81058.8
-1.17006e+06 , -1.25749e+06 , -320702
-539119 , -969546 , 1.35344e+06
-204939 , -1.19354e+06 , 251491
47291.2 , 7372.72 , 1.45985e+06
-675050 , 386596 , 8194.4
-727796 , 1.59812e+06 , 489110
-652014 , -301515 , 1.00232e+06
-535007 , 914139 , -346530
-729569 , -795497 , -193572
1.64623e+06 , -45301.6 , -116825
112495 , 1.54494e+06 , -51935
1.47769e+06 , -663968 , -403994
1.96482e+06 , 194122 , -101880
312139 , 79250.5 , 2.6082e+06
-196293 , -1.09501e+06 , 412624
1.63301e+06 , -554084 , 169358
293515 , -1.29923e+06 , 963094
903891 , 419457 , -1.27732e+06
-939111 , 234081 , -651153
-1.40582e+06 , 2.19882e+06 , -460708
845765 , -1.91589e+06 , 1.82706e+06
2.07538e+06 , -636648 , -544301
316653 , -117904 , 288339
-765209 , -1.24614e+06 , 1.53066e+06
-1.01556e+06 , -1.0286e+06 , 1.10391e+06
-287098 , -96755.3 , 1.45801e+06
-537659 , -591760 , -981509
1.10684e+06 , 1.21098e+06 , -266513
-275038 , 2.44478e+06 , -970758
-476190 , 1.57943e+06 , -78826.3
540695 , 102420 , 1.56715e+06
-1.38059e+06 , 1.29246e+06 , -587050
2.02555e+06 , -1.02419e+06 , -21032.1
-1.5487e+06 , 197336 , 315785
-202204 , -1.81905e+06 , 273412
-1.46038e+06 , 664501 , -1.84145e+06
948828 , 1.19402e+06 , -846650
-883946 , 2.70832e+06 , 2.30045e+06
2.40675e+06 , 867505 , 1.23598e+06
1.1221e+06 , -1.59357e+06 , 969143
1.16255e+06 , -572626 , -554961
509201 , -141199 , 47465.2
473657 , 1.46989e+06 , 886359
993328 , 850471 , -1.1951e+06
1.41531e+06 , -79805.5 , 262120
-500909 , -1.36986e+06 , -70659.3
1.81519e+06 , -1.76716e+06 , 31890
-507790 , -1.28573e+06 , 785478
902033 , -2.04707e+06 , 964772
-313431 , 242488 , 2.02907e+06
-1.10622e+06 , -1.25086e+06 , 268560
-515759 , 1.80538e+06 , 2.3964e+06
1.41253e+06 , -287003 , 648693
-1.71678e+06 , -543361 , -1.14156e+06
516116 , -604809 , -1.65117e+06
-589473 , -484321 , 38346.2
-841195 , 1.70502e+06 , 1.26621e+06
120101 , -87926.4 , 937399
-584792 , -1.2014e+06 , 1.42346e+06
-166069 , 1.10594e+06 , -1.74063e+06
207258 , 1.25741e+06 , 713093
116978 , -2.6964e+06 , 278071
-1.17361e+06 , -363454 , 901066
740205 , -666715 , -1.06509e+06
1.25574e+06 , 996736 , -798502
410702 , 908812 , -1.84614e+06
-129565 , 1.83616e+06 , 47186.5
1.45222e+06 , 203032 , -47625.8
555855 , 240816 , 2.33858e+06
199367 , 1.88716e+06 , 1.29125e+06
-137709 , 1.17736e+06 , 1.43445e+06
787886 , 2.42258e+06 , 399183
-1.20293e+06 , 300479 , 1.66583e+06
474881 , -1.12779e+06 , 1.37503e+06
-347806 , 566787 , 792680
1.70762e+06 , -849152 , -946046
-1.83155e+06 , -265446 , -480240
-1.0652e+06 , -541641 , -436625
561687 , 298088 , 1.77633e+06
1.33123e+06 , -949171 , 1.97953e+06
2.28225e+06 , -1.12502e+06 , -33449.9
1.03996e+06 , -442071 , -172783
1.42446e+06 , -249394 , 483292
899628 , 992659 , 332506
-240536 , -1.65571e+06 , 1.2578e+06
373541 , -2.11229e+06 , -1.82235e+06
1.62212e+06 , -946389 , 657889
-1.56307e+06 , -502185 , 607539
-508689 , 148643 , 1.23824e+06
245011 , 207962 , -1.86735e+06
-1.69424e+06 , 1.49833e+06 , -1.64936e+06
-351654 , -976968 , 368199
446898 , 94240.6 , 156207
45012.5 , 1.1643e+06 , 406317
33391.1 , 755293 , 1.94138e+06
-558881 , -948492 , -296481
-98626 , -1.50363e+06 , 307395
-1.22803e+06 , -1.55841e+06 , 1.20614e+06
-435026 , 1.11181e+06 , 1.19821e+06
528749 , 14347.7 , 620573
-710063 , -246849 , 752698
928309 , 1.31345e+06 , 786519
1.96079e+06 , 643096 , -228227
-205314 , -2.39792e+06 , -320927
2.00784e+06 , 1.19606e+06 , -300160
1.82475e+06 , 636246 , 114368
-1.14263e+06 , 118697 , 1.24348e+06
-977109 , 1.55886e+06 , -1.23096e+06
-586156 , -1.24402e+06 , -310602
-1.02344e+06 , 1.50584e+06 , 1.69743e+06
-404845 , -1.83292e+06 , 102480
-471885 , -238591 , -843546
-42970.4 , 1.47343e+06 , 1.33546e+06
-274005 , 953840 , 569262
443794 , 423609 , -244583
-715467 , 1.20212e+06 , 562231
-129589 , -961688 , 1.31514e+06
1.57484e+06 , 87069.3 , 2.14231e+06
550750 , -629216 , 1.6017e+06
327336 , -549703 , 336016
-1.55879e+06 , 2.37621e+06 , 998941
-766398 , -656853 , 39224.5
-2.23611e+06 , 115409 , 847782
474524 , 481911 , 1.95308e+06
-502896 , 14014.6 , -1.22357e+06
2.0834e+06 , -13431.7 , 571083
803540 , -492959 , 724342
-1.65035e+06 , 426326 , -1.0082e+06
448002 , 1.08981e+06 , 835086
296622 , 1.09765e+06 , 940931
340807 , 103097 , -249879
-374499 , -1.24764e+06 , 370664
909509 , 346341 , 2.06026e+06
638635 , -1.29086e+06 , 1.53332e+06
-474463 , -752979 , -322513
949825 , 2.19635e+06 , 221671
-485471 , -749298 , 1.12486e+06
-940187 , -706593 , 1.41387e+06
-591909 , -873334 , -1.20998e+06
-273606 , 1.99282e+06 , -475543
-848625 , 1.61875e+06 , 1.25343e+06
-70033.2 , 60557.8 , -669952
-2565 , 1.86197e+06 , 903665
775206 , -207957 , 3.17411e+06
584601 , -2.39275e+06 , 1.55717e+06
-47823.1 , -156650 , -1.69284e+06
-1.85641e+06 , 740509 , -905083
-620377 , -436452 , 251213
-352816 , 874324 , -1.36091e+06
-406970 , -939180 , 886405
-396391 , -2.05316e+06 , 125232
-1.44242e+06 , 198400 , 510382
143725 , -53812.7 , -2.36418e+06
1.05275e+06 , 558298 , -1.79373e+06
724141 , -264849 , -737217
1.24754e+06 , 268387 , 467336
64258.4 , -600019 , -325896
46796.2 , 428896 , -584548
-806190 , -453343 , 850402
-1.1462e+06 , -2.17393e+06 , -548290
-817587 , 1.37638e+06 , 21730.7
866838 , -124677 , -105609
151228 , 1.83758e+06 , -591160
1.45328e+06 , 730920 , 995100
853433 , -906881 , 937461
278502 , -1.87452e+06 , 529947
95629.9 , -32422.3 , -655986
-361877 , -765151 , 1.40654e+06
690671 , 591787 , -1.67229e+06
-91148.4 , -79816.4 , -495742
-252509 , -905195 , 609679
-1.38284e+06 , 972487 , 743549
-133781 , -6392.48 , -352151
-148508 , -79958.4 , -606778
747958 , 536130 , -473365
1.75895e+06 , -327119 , 886869
-515858 , 2.02e+06 , 176361
-1.69272e+06 , 223262 , 460869
1.12273e+06 , -1.61053e+06 , -1.36483e+06
904152 , 1.68528e+06 , -1.40394e+06
-2.83527e+06 , -822161 , 301686
1.23741e+06 , 1.27664e+06 , 862482
-396543 , 18651.4 , -2.17071e+06
905289 , 268026 , 982541
-37671.1 , 155219 , -1.27726e+06
321800 , -1.05997e+06 , 812690
1.35753e+06 , -296219 , -102628
1.3332e+06 , -790533 , 1.01936e+06
-42467.2 , 455738 , 2.48307e+06
359350 , -1.92291e+06 , 1.09172e+06
-935777 , -987218 , -1.20656e+06
1.38221e+06 , 1.31898e+06 , 2.07433e+06
-1.26056e+06 , 415793 , 550089
1.69471e+06 , 489372 , 949547
-420070 , 216501 , 1.49953e+06
1.22887e+06 , -1.22378e+06 , 1.18379e+06
-1.73417e+06 , 360323 , -1.18654e+06
-1.70734e+06 , 1.41156e+06 , 919577
368962 , -334625 , -1.13894e+06
18327.5 , 446867 , 1.44043e+06
-297431 , -580503 , 1.18054e+06
-1.05479e+06 , -505976 , 1.92765e+06
-2.2308e+06 , 659877 , 878427
-25925.8 , -1.72838e+06 , -128308
-1.38969e+06 , 93741.3 , -375263
-937683 , 60226 , 942758
-223966 , 1.38972e+06 , 1.12237e+06
1.20719e+06 , -1.00301e+06 , -2.13868e+06
905247 , 562714 , 1.94586e+06
-1.81606e+06 , -397161 , -1.14848e+06
-1.29421e+06 , 585860 , 321769
338006 , -315512 , -1.19702e+06
-1.40936e+06 , 1.44764e+06 , 138860
-1.24045e+06 , 1.37549e+06 , 1.09494e+06
436864 , 1.48493e+06 , 1.01963e+06
-109509 , -609740 , -727881
-904401 , 1.09299e+06 , -1.41834e+06
533170 , -391794 , 1.30401e+06
536689 , -335024 , 2.00604e+06
1.6038e+06 , 1.2289e+06 , 618023
484198 , 432708 , 185489
722319 , -1.75648e+06 , 957261
-1.12386e+06 , -602458 , 1.43272e+06
2.39213e+06 , -764296 , -1.03201e+06
160743 , -1.18382e+06 , -1.11827e+06
-45822 , -674597 , -848884
957503 , 600825 , 481510
1.83743e+06 , 1.09433e+06 , 796389
1.03145e+06 , -687165 , 257773
-401797 , 1.23328e+06 , -2.05902e+06
39035.1 , 1.07868e+06 , -1.81614e+06
-967028 , -49456.4 , -19495.3
-1.40446e+06 , 1.42264e+06 , 1.40231e+06
707987 , -323441 , 1.151e+06
-1.08086e+06 , -280158 , -136260
-699803 , 2.31293e+06 , -161206
-1.53045e+06 , -1.3426e+06 , 1.46062e+06
1.33551e+06 , -418708 , -930203
856182 , 503016 , -1.81514e+06
473467 , -133516 , 1.64968e+06
-1.28689e+06 , 905946 , 1.01723e+06
432452 , 247363 , 1.44073e+06
-1.65209e+06 , 99205.3 , 1.47508e+06
-1403.2 , 337489 , 697832
1.99704e+06 , 1.47923e+06 , 122574
957241 , -2.28557e+06 , -129696
2.08696e+06 , 150456 , -462355
-387973 , -1.40811e+06 , 1.63033e+06
-1.15501e+06 , -1.46506e+06 , -1.68552e+06
1.08975e+06 , -586411 , -149139
376106 , 1.26465e+06 , -499890
-468779 , -794943 , 926403
1.61198e+06 , -970572 , -895627
1.01038e+06 , 223465 , 2.14834e+06
-1.39298e+06 , 928454 , 639103
-729912 , -1.04327e+06 , 1.56487e+06
-1.5821e+06 , 575638 , 909019
685791 , 1.37495e+06 , 2.11317e+06
-525259 , 186865 , -1.00757e+06
660151 , 1.39906e+06 , 184988
1.5526e+06 , 213076 , 1.12437e+06
43836.1 , -1.7921e+06 , 964032
2.34296e+06 , -42078.5 , 1.0754e+06
729332 , -1.73964e+06 , -1.09569e+06
1.43954e+06 , -429940 , 1.29434e+06
-81401.4 , -1.21025e+06 , -346703
190924 , 343224 , 2.38876e+06
-1.44004e+06 , 537357 , -331705
1.52563e+06 , -627019 , -218253
302891 , 573121 , 1.13815e+06
915189 , 434625 , 252375
-382069 , -127204 , -963557
-1.41135e+06 , 299902 , 305520
835008 , 505374 , 823089
-1.10946e+06 , -441098 , -1.38186e+06
1.18059e+06 , 689634 , 668947
-1.76651e+06 , 730858 , -791780
66289.5 , 564788 , -1.31432e+06
902660 , 1.62758e+06 , 518511
-1.19656e+06 , 941958 , -375620
1.75676e+06 , -715074 , -314968
1.47244e+06 , -409619 , -288772
86920.9 , -1.44436e+06 , -614905
934310 , 1.05405e+06 , -1.13131e+06
136621 , -1.38089e+06 , -145933
163863 , 2.57936e+06 , -1.30434e+06
52074.9 , -887224 , 1.23719e+06
477411 , -1.8166e+06 , -2.09385e+06
1.62455e+06 , -1.34375e+06 , -426411
-1.95771e+06 , -2.11872e+06 , -374589
1.38332e+06 , 343971 , 255576
344664 , -355646 , -1.29683e+06
1.72201e+06 , 431474 , -480474
-348869 , -2.48021e+06 , 58998.1
466455 , 1.67909e+06 , -1.24553e+06
-1.654e+06 , 1.06738e+06 , 1.12975e+06
-2.54797e+06 , 304741 , -2044.37
1.65791e+06 , 370103 , 570402
-1.75932e+06 , 1.00115e+06 , 90928.3
-744552 , 29978 , 1.48686e+06
230354 , 1.65731e+06 , -955272
-978106 , 1.99003e+06 , 515710
-569688 , -385924 , 554533
-1.08871e+06 , 234913 , 848815
784824 , 1.01106e+06 , -496283
1.92244e+06 , -111909 , -822110
221749 , 757494 , 758849
-296321 , -265077 , 818514
-1.50152e+06 , 606583 , 1.56625e+06
-1.2789e+06 , -544849 , 628287
-430526 , 1.26771e+06 , 938159
-279098 , -115831 , 1.25242e+06
-1.70304e+06 , -1.56758e+06 , -372135
-1.10278e+06 , 592792 , 350453
-841509 , 15173.9 , 1.00606e+06
846627 , -129442 , -1.37961e+06
170461 , 810992 , 1.65363e+06
-136295 , 205271 , 1.28656e+06
1.7814e+06 , 520855 , 519576
218655 , 839064 , 245325
523170 , -949847 , 1.13922e+06
-1.65045e+06 , -758954 , -12014
-1.33355e+06 , 43653.8 , 1.80824e+06
661572 , 696683 , -752450
-229377 , 965941 , -758888
-185656 , -1.34097e+06 , 1.39387e+06
1.12648e+06 , -642415 , 175927
-181904 , 1.39461e+06 , -11631.7
-1.42519e+06 , -846142 , -1.18961e+06
-421056 , -1.78663e+06 , -1.17547e+06
-269731 , 1.02831e+06 , -1.91098e+06
484657 , 9553.68 , -603236
-3214.11 , -1.47231e+06 , 845140
803414 , -916740 , -1.20474e+06
1.00785e+06 , 1.66741e+06 , 1.56327e+06
329234 , 314315 , 238279
-994537 , -2.05905e+06 , 1.45782e+06
-330777 , 218760 , -1.2113e+06
1.17252e+06 , -841372 , -495709
-20512.8 , -499304 , 1.79194e+06
1.31223e+06 , 913741 , 4009.83
-74907.3 , 1.1432e+06 , -216781
-971903 , 414853 , -325172
-480558 , 266540 , 2.07286e+06
-1.64596e+06 , -589054 , 1.12996e+06
-832846 , 1.02124e+06 , -215540
-1.45306e+06 , 1.42566e+06 , 283443
2.23169e+06 , 214266 , -1.09603e+06
227310 , -810825 , 555698
-645665 , -1.05096e+06 , 159039
-556875 , -994581 , -113619
-398485 , -1.61006e+06 , 1.08751e+06
-873400 , -1.73009e+06 , -483128
-1.45861e+06 , -492465 , 409194
-138588 , -1.54051e+06 , -361422
686464 , 28967 , -564437
-361128 , 565568 , 1.26634e+06
-909875 , -2.71828e+06 , -372771
328912 , -463852 , 2.47962e+06
753510 , 456423 , -499793
473894 , 1.35883e+06 , 2.88343e+06
1.69358e+06 , -480706 , -586343
-1.48344e+06 , 427016 , 1.1072e+06
-1.30117e+06 , -2.01359e+06 , 439771
16230.5 , 1.46428e+06 , -817734
424086 , -1.3005e+06 , -1.05176e+06
-1.57906e+06 , 741644 , 344151
681719 , -2.67861e+06 , -447111
-1.40139e+06 , -387731 , 1.26642e+06
-1.14425e+06 , -1.08212e+06 , 1.01412e+06
-1.36664e+06 , -911586 , 1.19559e+06
-78219.8 , 242089 , 1.99621e+06
490454 , -536022 , -1.27237e+06
1.37511e+06 , -431589 , 509977
1.23668e+06 , 1.1191e+06 , 609420
206958 , -263840 , 675829
1.21431e+06 , -406422 , 882896
241138 , -2.59598e+06 , -607455
466840 , -82398.8 , -479852
-438256 , -921347 , -1.49978e+06
1.63946e+06 , -1.16411e+06 , 242900
523838 , -2.26748e+06 , -519398
1.21783e+06 , -557119 , -525987
48331 , -1.57677e+06 , -456689
235819 , 1.88732e+06 , -1.4924e+06
563240 , 1.2299e+06 , -703560
-815729 , 277853 , -171523
228037 , 1.02422e+06 , 17164.1
1.73968e+06 , 1.65659e+06 , 730166
-1.03257e+06 , -1.30457e+06 , 757301
-205597 , -948223 , 665982
-1.3506e+06 , -788290 , -823138
591676 , 1.02109e+06 , 1.98352e+06
914106 , -1.10551e+06 , 95898.8
1.03702e+06 , -2.1635e+06 , 1.88361e+06
-1.74581e+06 , -153471 , -797462
-855206 , 1.02882e+06 , 1.19181e+06
-2.15292e+06 , 376077 , 374212
-1.29179e+06 , 11447.2 , 1.86625e+06
-997460 , -732517 , 818592
964727 , -114744 , 1.46963e+06
376177 , -260586 , 355126
-1.38777e+06 , 1.04043e+06 , -159305
1.9501e+06 , 1.19943e+06 , -1.02409e+06
939688 , 1.02547e+06 , -2.01122e+06
959006 , 259142 , 910250
869688 , -926328 , 414022
277713 , -691230 , 1.47832e+06
185384 , -1.39665e+06 , 984804
-1.46973e+06 , 589756 , 1.64507e+06
-1.13206e+06 , -70481.6 , -31547.4
1.05226e+06 , -79295.9 , -616030
237000 , 76221 , -1.26865e+06
-636588 , 251686 , -1.0575e+06
1.35711e+06 , 543310 , -1.18816e+06
-309178 , 1.23757e+06 , 553446
1.76901e+06 , 1.01525e+06 , -418467
-563812 , -1.34542e+06 , 183611
500238 , 1.73478e+06 , 442524
-759156 , 1.36298e+06 , 1.76781e+06
225409 , 255954 , 1.28197e+06
-830598 , 1.28999e+06 , 1.3527e+06
-104788 , -76379.6 , 1.43196e+06
715858 , 671777 , 811207
-687343 , 301496 , 713859
-361317 , 255412 , -245965
-205044 , 380758 , -1.88516e+06
-1.69633e+06 , 1.64515e+06 , 593562
-162088 , -1.72429e+06 , -1.83783e+06
-585870 , -555555 , -514604
-819210 , 393971 , -748061
-347164 , 803937 , 224497
-92990 , -1.14969e+06 , -1.45115e+06
592220 , -1.31874e+06 , -651451
2.17514e+06 , 287867 , 4778.8
1.42141e+06 , -180777 , 833273
-1.79829e+06 , 1.14756e+06 , 761531
1.18391e+06 , 189130 , 1.23746e+06
-957120 , -474566 , -647597
39871.5 , 1.66987e+06 , 837087
-2.16147e+06 , 322815 , -473933
343720 , -694275 , 77871.1
-1.1457e+06 , 1.02097e+06 , 965502
-795169 , -916240 , -323551
1.34623e+06 , -240053 , -508959
870356 , -405802 , -1.59743e+06
509482 , -772347 , 1.514e+06
185106 , -1.36285e+06 , 2.31182e+06
156144 , -1.16858e+06 , 1.72366e+06
-2.12722e+06 , -996506 , 141050
-1.47583e+06 , 1.21327e+06 , -441931
167977 , 1.24652e+06 , 818185
-1.50055e+06 , 421790 , 1.46625e+06
760052 , 1.5557e+06 , -463391
750071 , 2.52552e+06 , -128046
440703 , 622384 , 939364
-1.02158e+06 , 962244 , 727177
881247 , 363068 , 572442
49692.3 , -866026 , 796520
-270061 , 256679 , -903061
305528 , -1.0633e+06 , -413629
1.01595e+06 , 1.06185e+06 , 7801.85
-51249 , 707388 , 378063
297279 , 78178.3 , 1.90686e+06
-810901 , -2.26798e+06 , -485234
-610512 , -641266 , 1.13871e+06
-579607 , -279725 , 1.37898e+06
1.41858e+06 , 680900 , -27826.3
205716 , -604560 , -67568.2
-908252 , -1.70534e+06 , -810722
-160568 , -1.692e+06 , 1.92506e+06
391352 , -1.45897e+06 , 1.79082e+06
888456 , 40935.1 , 1.75577e+06
581819 , 208950 , 510003
-1.17167e+06 , 446194 , 1.05738e+06
1.50171e+06 , 474080 , -489303
-2.32342e+06 , 392830 , 1.90032e+06
277527 , -1.06805e+06 , -582554
610510 , 162945 , -298574
697240 , 1.27354e+06 , 741876
-2.33569e+06 , -128752 , -793400
-882518 , -1.22704e+06 , 2.2865e+06
-879384 , 453643 , -922557
-347371 , 849019 , 696803
-330799 , -1.36731e+06 , 4228.95
-1.36283e+06 , -659908 , 30926.1
1.94187e+06 , 1.12122e+06 , -467824
-1.05094e+06 , 886348 , 118524
1.91671e+06 , -860063 , 497989
-375356 , 555860 , -569926
-1.21179e+06 , 611733 , -334897
391184 , -52667.1 , 1.566e+06
790836 , 428704 , 972198
493207 , -222002 , 1.56591e+06
-1.86855e+06 , 867019 , -1.49689e+06
993705 , -158651 , -1.71044e+06
321679 , 880008 , -1.09043e+06
1.04636e+06 , -500993 , 1.24772e+06
2.60621e+06 , -812960 , -308389
1.31211e+06 , -2.03887e+06 , -368284
-225197 , -455232 , 322828
-2.17829e+06 , -1.55045e+06 , -494930
-587088 , 979441 , -1.02143e+06
700000 , 1.90386e+06 , -768152
2421.95 , 579537 , -1.55129e+06
759097 , 264711 , 506703
-360593 , 910772 , -308160
1.81969e+06 , -142274 , 1.65686e+06
-148821 , 1.37931e+06 , -1.86666e+06
2.04502e+06 , 1.30653e+06 , -47260.6
81577 , -1.15883e+06 , 428968
-1.34052e+06 , -1.40672e+06 , 696598
-1.2349e+06 , -460263 , -134660
-321350 , -633120 , 258113
413108 , 1.75222e+06 , -240101
890398 , -1.10166e+06 , -456540
-1.57572e+06 , 2.13475e+06 , 699162
-1.4948e+06 , -185188 , -492315
1.16397e+06 , -807458 , -1.36304e+06
1.31123e+06 , 228590 , 2.08428e+06
-921871 , -1.39249e+06 , -184682
283641 , -813914 , -788698
-234055 , -1.25385e+06 , 1.08013e+06
1.46423e+06 , -311145 , -389162
707073 , 439142 , -393041
-2.22715e+06 , 438272 , -113536
312910 , -676103 , -1.14293e+06
1.66678e+06 , -831700 , -557642
1.63968e+06 , 1.58219e+06 , -1.38196e+06
-555441 , 413854 , 2.76388e+06
117662 , -1.12691e+06 , 1.80514e+06
-844047 , 129734 , 903086
147900 , 19813.3 , -1.40845e+06
734442 , -1.7966e+06 , 152781
-2.14633e+06 , 2.09943e+06 , 510446
-653067 , -613296 , 845141
730328 , 622979 , 1.91613e+06
-609440 , 1.07114e+06 , -254565
983145 , -267467 , -842089
1.30746e+06 , 480475 , 1.66517e+06
887794 , 111176 , -1.34549e+06
-794611 , -1.18624e+06 , -388348
-1.10303e+06 , -1.5771e+06 , 1.20197e+06
-1.30459e+06 , 329085 , 982632
-2.28396e+06 , 819118 , 789344
-149049 , 758333 , 533495
-1.39523e+06 , 237060 , -1.02299e+06
-2.0509e+06 , 1.07879e+06 , 2.51931e+06
23304.2 , -1.72637e+06 , 2.35162e+06
977277 , -1.17705e+06 , -764829
-703808 , -1.04944e+06 , 801688
-239971 , -1.76165e+06 , -1.08011e+06
501435 , 1.39949e+06 , -1.33455e+06
-1.40936e+06 , 1.41713e+06 , -246372
-494101 , -199210 , -1.39145e+06
460740 , -168026 , 28870.3
-625370 , 1.62543e+06 , 1.65045e+06
-140206 , -2.32793e+06 , -666550
419347 , 1.06617e+06 , -871614
206138 , -523137 , -996899
-411756 , -1.31743e+06 , 217431
-395936 , -1.85557e+06 , -82652.4
863551 , -2.24303e+06 , 1.56634e+06
1.06034e+06 , 96358.7 , 526317
-1.07663e+06 , 239109 , 1.35478e+06
782185 , -113395 , -747100
497663 , -715260 , 69742.5
-185079 , -801758 , -2.24843e+06
-773268 , 1.13112e+06 , -1.30925e+06
1.00996e+06 , 376379 , 362057
-564151 , -1.28253e+06 , 786107
-170217 , 68929.6 , 1.21855e+06
474407 , -895131 , 223363
-1.0725e+06 , 1.74449e+06 , -617616
1.24588e+06 , -1.09116e+06 , 901574
-806579 , 731812 , -2.54048e+06
137682 , -766225 , 1.82049e+06
601058 , 1.05651e+06 , 1.16723e+06
-1.20887e+06 , -152085 , 746524
1.74397e+06 , -39743.3 , -436469
-470985 , 996628 , -662724
-886843 , 1.70034e+06 , 6106.78
-845953 , 764677 , -460531
-1.7468e+06 , 1.90423e+06 , 535782
-869789 , -55695.4 , 1.94393e+06
1.66107e+06 , -900121 , 147972
200899 , 2.04893e+06 , -1.01544e+06
-850980 , 72022.1 , 1.14303e+06
-9213.95 , 912797 , -1.65191e+06
1.79382e+06 , -278025 , -429113
-1.45847e+06 , -316896 , -787758
315256 , 2.1187e+06 , -909692
1.29002e+06 , -119507 , -958126
-152558 , -1.94884e+06 , 132487
174051 , -533345 , -681012
661226 , 921032 , 170521
523711 , -602522 , 516351
-404998 , -998587 , 2.16165e+06
-1.70897e+06 , 465745 , 1.77544e+06
-2.154e+06 , -1.62386e+06 , 592660
-1.52663e+06 , -51970.3 , 1.92993e+06
82795.4 , -688783 , 784204
-857309 , -413632 , 2.24761e+06
-939249 , -933948 , 490958
1.17254e+06 , -413829 , 1.43515e+06
-370915 , 1.088e+06 , -912798
1.50291e+06 , 751994 , -67813.8
-4266.84 , 1.20048e+06 , 696148
1.30295e+06 , 362108 , -559568
-779760 , -1.89198e+06 , -949248
177008 , 335328 , -726084
1.41175e+06 , -1.63803e+06 , 886434
-525929 , 437646 , -966797
-227863 , -603924 , 89915.2
-554711 , 387694 , -1.16107e+06
905830 , 138209 , 1.10281e+06
-732479 , -2.16348e+06 , 1.15008e+06
853571 , -645095 , 2.68249e+06
544382 , -474440 , 2.49361e+06
-1.30922e+06 , -633033 , -1.1083e+06
484486 , -1.65017e+06 , 152306
840184 , -1.48696e+06 , 652898
-2.41889e+06 , -1.57534e+06 , 1.8349e+06
481723 , -527939 , 2.02948e+06
114556 , -890460 , 2.17343e+06
-1.98352e+06 , 929569 , 816513
544684 , 780698 , 74.7783
255957 , 1.0992e+06 , 609645
120587 , -1.43072e+06 , 573136
-1.68576e+06 , 274681 , -309371
30034.7 , -1.39235e+06 , 741901
-1.37952e+06 , -463596 , -872187
-834829 , 862748 , -759026
-596615 , -1.5895e+06 , -779535
-110087 , -678238 , 1.16245e+06
2.03552e+06 , -1.44019e+06 , -1.56233e+06
-1.84325e+06 , -181046 , -279635
1.49025e+06 , 1.04394e+06 , -1.17503e+06
381535 , 1.28162e+06 , 748748
167232 , -1.62085e+06 , -861921
644608 , -1.3601e+06 , 1.02238e+06
-167374 , -562889 , -78947.4
979176 , -389241 , 514682
-204444 , -111972 , 504148
-1.7089e+06 , -974592 , 1.3508e+06
-110485 , 562605 , -355079
139704 , -1.38794e+06 , 1.03662e+06
1.56943e+06 , 756445 , 238047
305203 , -1.28095e+06 , -158264
-89278.4 , -854893 , -1.81755e+06
320076 , 243045 , 1.7269e+06
428286 , 999923 , 1.19681e+06
-1.16055e+06 , 776577 , -774583
-487998 , -290331 , 681839
766431 , 1.54815e+06 , 1.51884e+06
-105107 , 383083 , 341428
1.1732e+06 , 815445 , 1.37275e+06
1.27338e+06 , 282338 , -218675
-1.96546e+06 , -1.21051e+06 , 76474.8
687294 , 1.37561e+06 , -319698
1.57245e+06 , -619285 , 1.27287e+06
-1.09565e+06 , -1.60426e+06 , -647564
-616041 , 101186 , 583302
1.08393e+06 , 1.61119e+06 , 1.87064e+06
965651 , -51826.2 , 1.79385e+06
444241 , -990147 , -1.45439e+06
-2.05238e+06 , -234780 , -243795
681716 , -82988.7 , -2.07981e+06
272977 , -846641 , 450686
-673292 , 621258 , 349070
-902137 , 1.17191e+06 , 1.67345e+06
1.08303e+06 , 125232 , 514209
121417 , -1.48037e+06 , -431917
2.09104e+06 , -257529 , -868198
-411535 , 1.43015e+06 , 374644
1.64563e+06 , -617018 , 603949
293420 , 1.06473e+06 , 460942
-856827 , -1.91449e+06 , 742978
-1.11834e+06 , -1.20752e+06 , 847603
-1.11911e+06 , 921877 , 1.13875e+06
-903402 , 410939 , 715881
-1.35003e+06 , -1.21992e+06 , 437884
-509455 , -283901 , 1.965e+06
475164 , 1.84373e+06 , 1.01073e+06
-1.63379e+06 , 604762 , 1.50974e+06
-1.75886e+06 , -777463 , -298015
-37050.9 , 801421 , -306613
861551 , -2.54908e+06 , -384658
1.3926e+06 , 1.91609e+06 , 359947
-1.18963e+06 , -1.15735e+06 , 925389
-593378 , -871912 , 376257
-15524.5 , 463202 , -95763.2
-1.00642e+06 , -1.6238e+06 , 818964
-71624.3 , -422813 , 200674
1.6225e+06 , -346986 , 1432.43
-263353 , -411511 , 730540
-586227 , -681174 , -1.53174e+06
-556243 , 694790 , 774620
329397 , 1.52387e+06 , -2.74802e+06
820147 , -356521 , 2.25425e+06
1.12553e+06 , -1.42626e+06 , 1.51516e+06
514806 , 483726 , 867159
1.70901e+06 , -1.07239e+06 , 93654.5
624860 , -710825 , 1.20254e+06
-1.32572e+06 , 1.16454e+06 , 1.30986e+06
942101 , 1.90324e+06 , 438537
-282725 , -330566 , -2.05937e+06
1.64786e+06 , -750508 , -483413
32264.2 , 1.49221e+06 , 2.53997e+06
-50254.2 , 605315 , 806383
507919 , 80238.1 , -6647.69
-1.54642e+06 , -143048 , 663163
755813 , 817628 , 1.00904e+06
967814 , 1.47505e+06 , -79613.9
-870536 , 382520 , 431140
-1.47652e+06 , 126626 , 713470
283070 , -1.66565e+06 , 510439
116104 , -94149.3 , 117795
-1.52548e+06 , -1.51362e+06 , 335506
1.03939e+06 , 869406 , 1.78011e+06
1.83035e+06 , 423856 , 677254
392791 , 1.05945e+06 , 1.44817e+06
-689459 , -1.37007e+06 , 378431
-667141 , 1.65135e+06 , 273430
1.59624e+06 , 534430 , 1.41104e+06
-231324 , 1.27334e+06 , 1.80573e+06
-676582 , 2.15548e+06 , 718046
-1.38215e+06 , 189639 , -1.60274e+06
-489435 , -513547 , 830597
-335150 , 747332 , 240176
45789.5 , 55849.6 , -1.59057e+06
-2.21661e+06 , -483453 , -1.63778e+06
-174270 , -136236 , 1.70435e+06
-1.1234e+06 , -541415 , 1.12211e+06
-108782 , 661255 , -1.22498e+06
-260556 , -776784 , -937436
1.05193e+06 , -782492 , 1.04147e+06
-2.59671e+06 , 164727 , -445271
165547 , 2.04724e+06 , 739360
293710 , -609854 , 871311
-194689 , -586069 , -109999
-1.55178e+06 , 169749 , 929267
-63746.3 , 1.55413e+06 , -644379
-57879.9 , -63964.9 , -612998
258121 , -1.69751e+06 , -1.54419e+06
1.28552e+06 , 966340 , 88316.2
-65024 , 1.02844e+06 , 3445.31
1.16394e+06 , 1.0316e+06 , -287531
-2.81851e+06 , 946759 , -900744
1.25447e+06 , -4497.37 , 1.59754e+06
-96273.1 , -354454 , -1.25474e+06
2.50445e+06 , 2.84477e+06 , 1.28203e+06
937714 , -1.78265e+06 , 1.30662e+06
637548 , 2.44506e+06 , 299967
186621 , -193112 , 1.05174e+06
619102 , -1.42207e+06 , -1.26135e+06
-862733 , 38596.9 , 777365
-17751.7 , -680739 , 989352
-960209 , -457442 , 122047
52333.2 , 776675 , -475819
1.25415e+06 , 1.48232e+06 , 2.00209e+06
1.05626e+06 , -831658 , -384184
265909 , -283930 , -1.20016e+06
652357 , -283446 , 1.98695e+06
-1.20492e+06 , -433896 , -2.05546e+06
1.23701e+06 , 1.70127e+06 , -776803
189807 , 1.00229e+06 , -228279
756413 , -1.39626e+06 , 485091
-1.03747e+06 , -992194 , -636989
-1.46932e+06 , -1.46016e+06 , 297121
343090 , 12169 , 203853
1.32415e+06 , -1.23905e+06 , 927881
-828333 , 37925.2 , 1.24485e+06
-587063 , 284776 , 1.58857e+06
-1.16389e+06 , 637955 , 338189
-1.47476e+06 , 325406 , -305099
748405 , -150351 , -1.85512e+06
-586718 , -817619 , -631537
242693 , -78516.3 , -3.04533e+06
975576 , 383101 , 711790
160212 , 723739 , -1.33681e+06
280947 , 1.66385e+06 , 1.39932e+06
1.15003e+06 , -393028 , -375091
2.18784e+06 , -251466 , 488399
1.19039e+06 , 1.33255e+06 , 493646
276714 , 152254 , -477001
837473 , -131830 , 1.65151e+06
735194 , 1.24191e+06 , 1.08032e+06
1.10231e+06 , 1.84416e+06 , 636775
-1.77365e+06 , -895397 , 563897
986980 , 1.74876e+06 , -236297
902050 , 516192 , 642597
1.26676e+06 , 593656 , -788487
-777518 , -1.32187e+06 , -1.76161e+06
1.18337e+06 , 730976 , 213085
-997299 , -963141 , -1.67007e+06
1.34295e+06 , -1.16575e+06 , 341019
-1.46229e+06 , 637804 , -1.6851e+06
-1.26562e+06 , 2.78215e+06 , -228455
-1.17233e+06 , 1.09879e+06 , 530736
-152992 , 677891 , 2.23739e+06
-615148 , -1.20071e+06 , -927971
-105613 , -872277 , 1.53402e+06
733750 , 1.46429e+06 , -1.04571e+06
1.4757e+06 , -461979 , 92365.2
-314150 , 1.38971e+06 , 794562
273838 , -30494.9 , 681656
1.0706e+06 , 93957 , 1.42267e+06
-292234 , 604611 , 1.61616e+06
-744571 , -588020 , 816092
-512273 , 1.80828e+06 , -667461
937371 , 834424 , 1.54228e+06
-88544.1 , 352045 , 2.13424e+06
-715607 , 998307 , 1.15618e+06
62082.1 , 787589 , -1.77372e+06
556059 , -1.08729e+06 , 443597
346986 , 1.88986e+06 , 173641
50827.6 , -1.04844e+06 , 776547
916174 , -236581 , 703569
-1.93317e+06 , -286466 , -955634
580093 , -421621 , 1.78925e+06
379861 , -718746 , 193340
314894 , -241723 , -1.06931e+06
-1.43826e+06 , 1.01335e+06 , -1.53045e+06
1.10335e+06 , -566214 , -879036
591547 , -775936 , 578.126
-508370 , 411981 , 132724
135468 , 1.62053e+06 , -783873
1.74555e+06 , -841319 , -121348
852692 , 1.26871e+06 , 1.33636e+06
-569071 , 1.03547e+06 , -206318
454513 , -1.26932e+06 , -340576
403203 , 1.60079e+06 , 1.47322e+06
582810 , 130816 , -1.82635e+06
831084 , -331154 , 721129
838245 , 88461.1 , 1.40294e+06
1.38371e+06 , -725170 , -952286
-982306 , -1.05565e+06 , -860987
1.17232e+06 , 1.33633e+06 , -387215
386731 , -1.4619e+06 , -263653
1.21784e+06 , 1.31372e+06 , -234127
-208616 , -2.33418e+06 , -589435
-118472 , 985446 , 1.44206e+06
-1.95252e+06 , 435223 , 1.52674e+06
-386775 , -1.56691e+06 , -1.29672e+06
827154 , 275280 , -528635
-833462 , 209891 , -873944
-150237 , -706761 , -559446
-1.30431e+06 , -473376 , -1.79893e+06
-1.18795e+06 , 419836 , 1.26098e+06
-577846 , 183493 , 398666
-283049 , 1.17068e+06 , 1.16113e+06
-377164 , 1.90109e+06 , -1.75236e+06
-1.36026e+06 , 252368 , 1.61794e+06
-998462 , -941069 , 1.59026e+06
2.89151e+06 , -1.04479e+06 , 1.53496e+06
-204603 , -301881 , -736097
-1.23541e+06 , -783526 , 2.7284e+06
-157238 , 1.12061e+06 , 1.22899e+06
-265308 , -1.04722e+06 , 188855
557388 , 968747 , 167571
301315 , 262652 , -1.2818e+06
846482 , 94404.9 , 1.24929e+06
762399 , 1.09791e+06 , 987312
546014 , 1.2203e+06 , -1.03697e+06
-1.89383e+06 , 348269 , 741927
-55053.5 , -2.05616e+06 , -955702
765990 , -351756 , 1.47362e+06
1.43914e+06 , -6052.33 , -2.69558e+06
298459 , -2.18439e+06 , -319103
584089 , 2.04207e+06 , 1.04269e+06
-68424 , -150357 , -546972
575828 , 116895 , -296945
597607 , 299239 , 55345.5
-1.59124e+06 , -1.55938e+06 , -255838
-1.14296e+06 , 941495 , 51742.4
-1.2228e+06 , -445272 , 2.06868e+06
1.20924e+06 , 676721 , 1.80041e+06
1.91686e+06 , -959302 , -416597
-295336 , 1.19918e+06 , -540742
1.65549e+06 , -406083 , -106262
305707 , 867566 , 700196
1.03121e+06 , 1.21832e+06 , 3.00125e+06
-2.05387e+06 , -605234 , -57986.5
1.23766e+06 , -1.3654e+06 , 51215.9
-1.93214e+06 , 1.15423e+06 , -243647
231877 , -2.5166e+06 , 298105
-1.74746e+06 , 121211 , -427815
259375 , -1.49512e+06 , 296031
70786.2 , 766609 , -2.06676e+06
899561 , 881929 , 699477
1.90806e+06 , 837920 , -667502
-134217 , -648037 , -1.04378e+06
355059 , -580633 , 724046
-485314 , -233071 , 328001
-530430 , -276306 , 2.39745e+06
-533639 , -187564 , 776063
-60284.3 , 717216 , 338528
-955731 , 932586 , 1.33354e+06
577299 , -10419.9 , -1.64331e+06
1.17065e+06 , 1.00241e+06 , 52535.8
105927 , -1.56932e+06 , 591728
624619 , 948391 , 347264
1.72608e+06 , -549755 , -745012
-650150 , -787198 , -207117
1.47915e+06 , 568404 , 1.92753e+06
-1.02274e+06 , 886908 , 1.45411e+06
93065.3 , 157070 , -207340
-381343 , -995822 , 1.0777e+06
131519 , 675340 , 1.30529e+06
1.66862e+06 , -247239 , -1.52518e+06
-1.49705e+06 , -151375 , 324789
-596620 , 103026 , -1.05701e+06
-1.65382e+06 , -248598 , 536738
509824 , 1.69584e+06 , -335558
-260725 , 404446 , 626123
-990326 , -1.26437e+06 , -1.44188e+06
758509 , 2.16553e+06 , -851942
346177 , 207044 , -31316.8
1.09209e+06 , 610384 , -383162
-817641 , -587389 , -728788
800752 , 761788 , 1.37292e+06
-1.00457e+06 , 920593 , 1.24615e+06
753895 , -371628 , 1.43685e+06
211603 , -1.31021e+06 , -31909
730721 , -1.14993e+06 , 814257
1.51244e+06 , 35155.5 , -810368
-1.4527e+06 , -796044 , -502443
-195540 , -1.74602e+06 , -984570
-200889 , -1.57562e+06 , -2.22909e+06
-1.0808e+06 , 1.00314e+06 , -148228
-933568 , 1.02839e+06 , 487103
204145 , 1.41131e+06 , 1.70809e+06
919181 , -591561 , 610373
-255299 , 802689 , 173789
1.23416e+06 , 790117 , -2.01313e+06
-1.18747e+06 , -2.12476e+06 , 90236.4
-1.62684e+06 , 49389.7 , -245316
1.98099e+06 , -1.06931e+06 , -554106
1.29459e+06 , -758006 , -297023
1.22724e+06 , -1.25291e+06 , -1.50405e+06
155560 , 500029 , 1.13678e+06
-413816 , -617271 , -1.10646e+06
77152 , -881506 , 1.7484e+06
89416.4 , 427488 , 620631
43345.9 , 775183 , 665405
10834.1 , 234045 , 819772
868587 , 313914 , -1.43289e+06
-1.45857e+06 , 232564 , -181870
634241 , -38488 , 756924
-964758 , -1.17364e+06 , -1.37333e+06
549573 , -2.01477e+06 , 813620
1.12208e+06 , 801298 , 726269
419904 , 452974 , 577059
-1.91859e+06 , 784302 , -806483
1.23908e+06 , 615286 , 2.1675e+06
-464305 , 1.2423e+06 , 189287
-323613 , 621160 , -457470
-808666 , 446758 , -780111
-157137 , 1.24912e+06 , -323357
367305 , -849168 , 1.37592e+06
-364022 , -531288 , -1.4461e+06
1.41089e+06 , 583243 , 2.30176e+06
1.76604e+06 , 303200 , 927589
-20483.7 , -510422 , 2.38537e+06
-1.48684e+06 , -851015 , 714359
-718217 , -3708.22 , -269834
256567 , 1.00644e+06 , 2.33754e+06
177425 , -714526 , 1.49351e+06
884461 , -876073 , -912345
-236786 , -393529 , 47538.2
434166 , 1.20005e+06 , 561866
229822 , 1.21204e+06 , -261300
33396.4 , 128198 , -1.17401e+06
-1.39171e+06 , -890093 , -19866.1
827986 , -198439 , -1.09898e+06
-595612 , 1.95796e+06 , 186615
567883 , -1.12058e+06 , -295013
1.40024e+06 , -659983 , -138000
-402877 , -114292 , -695841
-268727 , 830112 , 1.62529e+06
-814644 , -1.42517e+06 , 723833
-1.30581e+06 , -512828 , -677202
-808631 , -525670 , -25476.6
-1.39727e+06 , -1.92764e+06 , -1.24717e+06
271416 , -2.24897e+06 , 1.01937e+06
-250534 , 1.60112e+06 , 1.04972e+06
401675 , -1.27604e+06 , 29758.7
90445.8 , 921563 , -1.07939e+06
668971 , -1.606e+06 , 352556
-1.69542e+06 , 506758 , -377426
-1.15346e+06 , 440806 , 228596
-2.06266e+06 , 324743 , -394995
103927 , -1.70691e+06 , 1.39231e+06
-1.25425e+06 , -307221 , -406258
960860 , -1.92005e+06 , 585059
991905 , 42685.9 , 1.27395e+06
1.34436e+06 , -1.72351e+06 , 625877
-1.24755e+06 , -121698 , 1.3435e+06
570607 , 156338 , -1.80047e+06
544321 , 2.10109e+06 , -726691
-901894 , 200590 , 371017
27669.7 , 1.73318e+06 , 278827
-831344 , 962527 , 716182
532609 , 2.0084e+06 , -361418
-629270 , -1.9764e+06 , -858734
-548600 , -398944 , 326258
-762709 , 615797 , -130230
-88550.7 , 2.50755e+06 , -377141
-1.01903e+06 , 626885 , 779675
-161065 , -1.20785e+06 , 708005
-1.74529e+06 , -899596 , 1.95522e+06
676413 , -57420.3 , -1.62531e+06
-604645 , -1.61081e+06 , -763146
722464 , 2.05186e+06 , 1.09138e+06
-1.31905e+06 , -1.03469e+06 , -1.19151e+06
889670 , 896028 , -501612
-1.97039e+06 , -1.27204e+06 , 196555
-705456 , 1.10385e+06 , 103416
-1.92351e+06 , -477981 , -1.15957e+06
-289200 , -1.67174e+06 , -671169
216561 , 181681 , 1.56377e+06
104011 , -977922 , -668805
289020 , -1.21676e+06 , 1.69204e+06
859203 , -253129 , -2.22752e+06
514056 , -253717 , -1.23917e+06
592174 , 1.30024e+06 , -957561
-1.99981e+06 , 321370 , 428365
812745 , -710514 , -744145
99996.4 , 530382 , 420737
-28369.8 , 674945 , 2.10914e+06
-967327 , -297046 , -1.07854e+06
1.87686e+06 , -1.90864e+06 , -153071
-571736 , -1.24237e+06 , 1.77786e+06
998706 , 755938 , 2.63372e+06
-233818 , -1.63394e+06 , -670427
-1.8509e+06 , 1.25168e+06 , 701688
-731321 , 584509 , 1.23353e+06
-765331 , -335366 , 771071
-1.10279e+06 , 2.02045e+06 , 106365
-1.89779e+06 , -169436 , -545685
-1.71059e+06 , -268676 , 1.34804e+06
-244145 , 802712 , 468640
368384 , -1.3185e+06 , 836167
1.26321e+06 , -1.09916e+06 , 644570
-1.65886e+06 , -484697 , 163492
-1.67487e+06 , 704781 , -457959
-1.05756e+06 , -277226 , 909462
-593260 , -271317 , -1.44777e+06
-479916 , 738245 , 1.03414e+06
922488 , -176389 , -934128
1.89342e+06 , 809012 , 349057
804785 , -1.54217e+06 , 1.41076e+06
1.50755e+06 , 119768 , 301763
1.29394e+06 , 680688 , -916680
1.69977e+06 , 1.36248e+06 , 973197
-933804 , 867116 , -1.20713e+06
-142678 , 772241 , 784053
-214610 , -1.10739e+06 , 2.37519e+06
-978375 , 781927 , -98764.2
-856462 , 848665 , -1.35243e+06
-132997 , 601197 , 616632
-1.04358e+06 , 395868 , 1.09675e+06
1.5926e+06 , -478560 , 467836
-39310.7 , -1.30698e+06 , 391237
-516979 , -874670 , -1.02037e+06
-1.02891e+06 , -131652 , 2.22492e+06
927704 , 575402 , -1.24391e+06
380684 , 1.21209e+06 , 1.27536e+06
173823 , 182649 , 1.18761e+06
-169962 , 530296 , 557535
1.21652e+06 , -426881 , 867370
524061 , 146169 , -1.82144e+06
1.06558e+06 , 488873 , 1.03864e+06
-525474 , -1.43038e+06 , 1.14214e+06
-1.29914e+06 , -865614 , 1.59656e+06
-1.22231e+06 , -1.23626e+06 , -71894.1
-1.3557e+06 , -973029 , 850394
874184 , -204756 , 1.6547e+06
-349546 , -358728 , -817076
-349947 , 267898 , -299865
623660 , 1.60149e+06 , -259149
337421 , 38929.1 , 1.47274e+06
175360 , -762528 , -459635
-1.82336e+06 , 1.11375e+06 , -49007.2
-208085 , 1.14162e+06 , 565519
-1.4564e+06 , -247583 , 2.15484e+06
2.21256e+06 , 149576 , 1.33019e+06
749009 , 1.46595e+06 , 661118
-119694 , -1.53919e+06 , -193342
590234 , -783410 , 1.32527e+06
813020 , 405222 , -1.16502e+06
-2.06044e+06 , -395568 , 741279
-541204 , -1.07018e+06 , 763232
-210332 , 1.6102e+06 , -1.08804e+06
-153548 , -415481 , -204795
-718865 , -1.79755e+06 , 391202
988734 , -1.05992e+06 , -465199
2.03313e+06 , -2.20493e+06 , -490604
-1.18945e+06 , 901066 , 446715
-1.48374e+06 , -976126 , -1.83683e+06
1.10691e+06 , 836508 , 1.02816e+06
-425392 , 1.97332e+06 , 1.14608e+06
1.43156e+06 , -1.18258e+06 , 795004
-1.4432e+06 , 724547 , 337015
-1.46545e+06 , 1.2088e+06 , 1.59553e+06
-1.91433e+06 , 245658 , -1.13914e+06
126264 , 1.05651e+06 , -1.8425e+06
-768970 , 363629 , -1.00697e+06
2.07591e+06 , -1.24083e+06 , 688718
464588 , 1.23231e+06 , 142533
898358 , -334565 , 1.2507e+06
-446025 , 1.28034e+06 , 778818
-1.21167e+06 , 307837 , -579599
-2.05778e+06 , 1.28256e+06 , 471318
-1.36044e+06 , 723948 , -1.18837e+06
-328280 , 59493.3 , 1.78509e+06
-373221 , 1.41619e+06 , -1.14598e+06
-1.17287e+06 , 379358 , 1.15514e+06
-494174 , -788677 , -570641
-794747 , -548347 , 2.01833e+06
1.42931e+06 , -1.30117e+06 , 125361
932410 , 708049 , 10391.5
1.02812e+06 , -831897 , -1.79834e+06
784886 , 208021 , 1.98013e+06
1.97961e+06 , 132505 , 1.01023e+06
-250975 , 779632 , 958182
-919778 , -1.05708e+06 , 138114
-510427 , -1.07416e+06 , -591193
592022 , 912031 , -959195
-677833 , 849167 , -2.22313e+06
134016 , 1.13141e+06 , 1.05798e+06
955884 , 1.23715e+06 , -645306
1.14859e+06 , 2.45292e+06 , 1.21636e+06
1.44967e+06 , -134064 , -20039.6
-438339 , -856820 , 768458
181001 , 791159 , -848514
1.02714e+06 , 114296 , -1.30935e+06
720381 , -1.21927e+06 , 955637
-1.82338e+06 , -1.26663e+06 , 245328
-749316 , 745181 , 599743
1.83034e+06 , -329556 , 530908
946539 , -1.18704e+06 , -1.01272e+06
-954457 , -181497 , 1.013e+06
-867814 , 23326.7 , 1.2486e+06
274167 , 164379 , 1.45085e+06
311866 , 462217 , -2.049e+06
-1.15765e+06 , 600295 , 659818
-1.33996e+06 , 1.23848e+06 , -118480
984301 , -1.71698e+06 , 246772
125809 , 943291 , 1.95501e+06
1.14606e+06 , 921861 , 340808
174500 , -138209 , 557362
1.78803e+06 , -1.04597e+06 , 649318
1.03433e+06 , -172327 , 1.44937e+06
1.28258e+06 , -138265 , -846157
1.74283e+06 , 640647 , 409743
-1.50461e+06 , -282376 , -2.16923e+06
266965 , 632460 , 462275
212452 , 745180 , -806844
957297 , 630755 , -652902
-129165 , -1.01274e+06 , 1.78388e+06
804997 , -560684 , -1.08706e+06
336398 , 169273 , 849768
988169 , -886450 , 1.82011e+06
-559277 , -433920 , 1.82949e+06
1.73209e+06 , -361184 , 253236
1.29102e+06 , 181335 , 847436
-434259 , 1.03272e+06 , 1.00619e+06
1.52768e+06 , -551427 , -961876
789258 , 1.34807e+06 , 620103
60079.5 , 1.58655e+06 , 662265
-481038 , -855341 , -210716
-448346 , 1.00806e+06 , -333726
-2.27592e+06 , -108710 , -465433
-1.59936e+06 , -447992 , -434611
1.04643e+06 , -79190.3 , -1.02161e+06
1.0476e+06 , 1.95657e+06 , 681852
-1.73922e+06 , -267040 , 993425
1.26703e+06 , 1.15475e+06 , 1.10682e+06
781653 , -537656 , 594163
-154225 , 1.44395e+06 , 718819
316748 , -246084 , -2.15348e+06
-1.32941e+06 , 1.7913e+06 , -608648
-572736 , 378578 , 456183
250832 , -1.01928e+06 , 965559
856765 , 1.31419e+06 , 1.15979e+06
-77047.4 , 794260 , 1.21395e+06
-2.18977e+06 , -895064 , 497451
807223 , 66658.5 , 1.31813e+06
-1.47364e+06 , 711198 , -1.44402e+06
1.10684e+06 , 1.00297e+06 , -879070
-694231 , 688965 , 964096
1162.94 , -512231 , 2.42743e+06
-1.09985e+06 , -67992.3 , -248226
476920 , -665254 , -1.10625e+06
551915 , -138205 , 303841
1.22405e+06 , -746262 , -1.66787e+06
-959525 , 709609 , 1.58278e+06
-873438 , 1.52585e+06 , -668991
761986 , -740742 , 771089
17915.9 , -1.28291e+06 , 643781
956490 , -1.75939e+06 , -252548
234494 , 1.82913e+06 , -1.13104e+06
1.18478e+06 , 577823 , 1.84972e+06
322345 , -242627 , -2.11359e+06
756490 , -45173.8 , 1.33573e+06
-1.12483e+06 , 132303 , 564194
35435.4 , 2.69638e+06 , -658117
1.09808e+06 , -573875 , 2.31309e+06
-855102 , -851285 , 289965
1.4356e+06 , 1.13328e+06 , 1.89567e+06
-824532 , 462619 , 794279
-74246.2 , 117062 , 1.64431e+06
-2.10503e+06 , -703977 , -750270
522111 , 500746 , 1.56742e+06
-116430 , -1.44971e+06 , -1.62608e+06
902870 , 1.33275e+06 , 2.57106e+06
466264 , 125623 , 579019
-1.18869e+06 , 462158 , 1.46464e+06
546174 , -1.54324e+06 , -1.3548e+06
353420 , 1.84631e+06 , -88522.3
1.26729e+06 , 568289 , -283460
-790884 , -959614 , 1.81326e+06
1.10923e+06 , 801930 , 685805
743568 , 425685 , 765667
249731 , 553549 , 386371
-836770 , -233139 , 1.40797e+06
-171377 , -176363 , 339704
-606448 , -142564 , -312295
-193082 , 323580 , -234703
-1.70937e+06 , -298628 , 1.33727e+06
1.65232e+06 , 212969 , -926094
1.55111e+06 , -169719 , 1.45083e+06
-1.43414e+06 , -813652 , -142503
-514114 , -378595 , 432566
-906980 , -383661 , -990637
-2.02632e+06 , -1.45351e+06 , 2.01243e+06
781262 , -637901 , -411552
-1.02814e+06 , 1.6268e+06 , -1.08385e+06
-1.73518e+06 , -1.03289e+06 , -491362
-304086 , -1.6026e+06 , 703252
1.16738e+06 , -183796 , -466242
-1.16839e+06 , -119191 , -788319
-805928 , 1.92497e+06 , 169406
1.23175e+06 , 771749 , -544974
1.85666e+06 , 460189 , 1.4875e+06
734924 , -1.53316e+06 , 1.71643e+06
1.33579e+06 , 524091 , 420774
-900583 , 408245 , 571612
1.90568e+06 , 1.02083e+06 , 445476
633159 , -1.14767e+06 , 1.53682e+06
-1.19954e+06 , 179233 , 345672
-1.48954e+06 , 261845 , 592611
-1.02416e+06 , -988492 , 1.04745e+06
1.37316e+06 , -560580 , -266469
511659 , 1.20346e+06 , -495503
-1.40604e+06 , -251850 , -84098
-1.38978e+06 , -509966 , -880567
406029 , 868651 , 764069
-390766 , -757699 , 1.16941e+06
1.03304e+06 , 817677 , 1.68073e+06
-248265 , 841864 , -509526
-1.13655e+06 , 463029 , 196274
168550 , 368769 , 845545
-153604 , -756814 , 1.37149e+06
1.24518e+06 , 991466 , 1.46139e+06
-460316 , -646588 , -44397.6
1.61439e+06 , -747435 , -329942
255783 , -261721 , -961621
1.41548e+06 , 639919 , 1.17105e+06
405737 , -774992 , -86601.4
1.74382e+06 , -769062 , 74080.6
115911 , -1.94714e+06 , -1.01392e+06
-94248 , 162863 , 1.07591e+06
576408 , -313000 , 1.86419e+06
-1.25731e+06 , -1.06352e+06 , 2.14388e+06
-559325 , 308231 , 1.49387e+06
436119 , -308648 , -737363
-1.54958e+06 , -554665 , -2.18201e+06
1.1636e+06 , -290457 , 266121
-708034 , 2.23954e+06 , 1.58795e+06
587743 , 288454 , 1.87394e+06
768465 , 180078 , -554194
2.2575e+06 , -324291 , 403804
-1.52055e+06 , -139668 , 64075.1
1.14087e+06 , 1.00926e+06 , 317410
652590 , 1.79282e+06 , 974229
827062 , -1.23869e+06 , 186062
599770 , -357346 , -859989
34270.2 , 678454 , 686155
690090 , 1.25667e+06 , 691403
213244 , -621306 , 406181
486512 , 179254 , -98762.4
110349 , 737313 , 1.03726e+06
-1.04829e+06 , -64793.2 , -686262
1.60741e+06 , 27105.3 , 1.5948e+06
31007.7 , 1.34502e+06 , -1.12198e+06
884268 , 349177 , -605888
321832 , 30239.1 , 243460
-1.36159e+06 , 122158 , 493562
-895955 , 350229 , -480922
274342 , 217646 , 1.77043e+06
-1.68482e+06 , 753281 , -904370
-14573.4 , -911242 , -871590
-359436 , -675484 , -434926
-282012 , 751493 , 1.08451e+06
2.28098e+06 , 146898 , -346139
1.05675e+06 , 369359 , -2.06685e+06
389478 , -1.80955e+06 , 503448
-1.31195e+06 , 425372 , 1.0441e+06
-658530 , -639896 , 123938
-1.15851e+06 , -1.08381e+06 , -125934
-882347 , 921054 , -915620
-332296 , -1.3025e+06 , -1.29968e+06
2.20914e+06 , -105785 , 798620
-744963 , -2.14847e+06 , -687321
-500935 , 697333 , 1.12361e+06
708716 , -1.62667e+06 , 1.25421e+06
1.12026e+06 , -118970 , -428354
1.38827e+06 , 511540 , 525944
803302 , 1.38399e+06 , 1.55874e+06
638159 , -1.29307e+06 , 437367
1.41367e+06 , -534979 , -916572
-1.22483e+06 , 166678 , 1.34994e+06
-210449 , 2.41801e+06 , -1.03008e+06
1.12347e+06 , 254692 , -1.21619e+06
1.30457e+06 , 150296 , 565739
439344 , 87772.8 , 2.11792e+06
-565420 , -338282 , 818449
-710129 , 700362 , 401286
1.26795e+06 , 1.49645e+06 , -333325
440746 , 2.17636e+06 , 178368
663561 , -1.35891e+06 , -506746
529086 , 729602 , -293573
-500384 , -1.1842e+06 , 889648
-956554 , 75780.1 , 420845
1.79166e+06 , -1.32571e+06 , 443258
710451 , -1.6547e+06 , 207548
857320 , -1.44442e+06 , -1.66375e+06
1.34269e+06 , 1.5773e+06 , -21862.5
647874 , 511517 , -1.31405e+06
125293 , 1.82885e+06 , 648949
-297082 , -331919 , -1.39623e+06
-606521 , -2.06369e+06 , -482214
118075 , -719115 , -10505.5
-63498.7 , 877246 , 371053
1.32729e+06 , 1.43736e+06 , 1096.24
-49988.9 , 1.40645e+06 , 886095
696293 , -758371 , -1.1639e+06
485295 , 157859 , 797629
-1.31089e+06 , -456112 , 561169
-452727 , -431460 , -546944
-1.9236e+06 , 1.03043e+06 , 584747
1.24411e+06 , -99727.5 , -1.82146e+06
-929759 , 2.08892e+06 , 726784
1.4843e+06 , -2.18832e+06 , 33874.4
244866 , 511667 , 1.07209e+06
-623799 , -1.45088e+06 , -659371
6495.44 , 118434 , -962415
-2.20954e+06 , -802367 , -523017
12842.7 , -982445 , 1.21719e+06
1.53589e+06 , 1.59812e+06 , 234752
-892619 , -1.64115e+06 , -735194
728613 , 1.403e+06 , -385448
-1.14917e+06 , -1.33253e+06 , -157379
-680719 , 890146 , 238112
493446 , 571648 , 1.9282e+06
1.12967e+06 , -1.78005e+06 , -885108
1.89061e+06 , 43749.5 , -1.19996e+06
-119705 , 318070 , 518548
-949855 , 218790 , 1.53387e+06
795841 , 329349 , 1.51883e+06
-629596 , -228254 , -1.59606e+06
621511 , 796450 , -213226
1.19379e+06 , -575712 , -1.71591e+06
-1.00676e+06 , 589014 , 1.31536e+06
1.31033e+06 , 1.30812e+06 , 434964
-536610 , 1.35483e+06 , -1.90496e+06
-1.65583e+06 , -1.82593e+06 , -519802
1.4794e+06 , 353538 , 2.27047e+06
26677 , -707888 , 195701
-785765 , -552773 , 485326
350199 , -1.30255e+06 , 993073
-745744 , -717430 , 841702
978389 , -658513 , 1.35886e+06
-368565 , 483161 , -1.10007e+06
-363576 , -695966 , -159073
263898 , -1.66294e+06 , 895788
790758 , 892285 , -1.76064e+06
-10057.9 , -675914 , 682174
-50551.5 , -361400 , 95512.8
39490 , -916683 , 890744
-1.08882e+06 , -1.37222e+06 , -922394
-506548 , 781405 , 1.41495e+06
220268 , -1.1693e+06 , 1.2532e+06
-523550 , 186848 , -304805
1.69018e+06 , -499886 , 1.14966e+06
-1.07844e+06 , 2.27561e+06 , 335662
1.05004e+06 , -1.70238e+06 , -852633
-91684.1 , -1.69681e+06 , 1.60886e+06
-815372 , 635622 , 1.4611e+06
-1.16559e+06 , 871762 , -606493
-548955 , -526608 , 1.68879e+06
903635 , -310970 , 13259.4
-614537 , -636023 , 2.07616e+06
-1.01083e+06 , -191074 , -1.3207e+06
-784067 , 424319 , -1.65559e+06
-254045 , 472331 , -366038
-1.31352e+06 , 1.07687e+06 , 128687
299264 , 1.15023e+06 , -809298
-635336 , -225659 , -241902
-103725 , -829101 , 240664
1.5343e+06 , -1.88381e+06 , -1.69849e+06
-1.56356e+06 , -2.41353e+06 , -926796
-1.01156e+06 , -631743 , 600669
589167 , -836118 , -954188
-837767 , 878236 , -703243
839857 , 505761 , 174558
747223 , -239254 , 1.16519e+06
-319256 , 1.57893e+06 , 963136
-319104 , -750042 , 1.95143e+06
-4730 , 633816 , 2.80833e+06
952657 , -361302 , 1.61207e+06
-1.08567e+06 , -1.73724e+06 , 1.025e+06
-632552 , -1.73238e+06 , 45687.7
841022 , -82609.9 , 19256
-192567 , 5072.93 , -828224
-698436 , 410707 , 240313
1.26658e+06 , 633148 , 269698
745621 , -847910 , -531251
585232 , 801473 , -1.3658e+06
-180533 , -416640 , 829723
-323022 , -77413.4 , -1.54284e+06
1.22371e+06 , 1.5279e+06 , 1.03649e+06
735772 , -1.24297e+06 , 311250
-411637 , 1.57024e+06 , -513209
42375.2 , 17315.4 , 1.19815e+06
-1.41083e+06 , 1.37164e+06 , -259255
562150 , 1.39118e+06 , 369987
190324 , -511670 , 1.30548e+06
-414876 , 127558 , -312543
1.01819e+06 , 280758 , -761939
23406.3 , 1.70987e+06 , 870619
-25249.5 , -966357 , 788772
-126143 , -777160 , 1.71387e+06
-2.07747e+06 , 58441.7 , -1.18906e+06
-467581 , 2.35002e+06 , 33381.1
-383467 , 107556 , 2.16071e+06
1.80245e+06 , -113750 , 1.88332e+06
370783 , -1.66727e+06 , -380232
-1.27662e+06 , 552453 , -1.59967e+06
-906787 , -1.90287e+06 , -1.70802e+06
1.62694e+06 , 1.81876e+06 , -851252
-494793 , -1.18592e+06 , 235109
162665 , 1.80591e+06 , -506988
-405161 , -1.45605e+06 , 1.34574e+06
949039 , 318296 , 2.24676e+06
773214 , 680102 , 1.68618e+06
562853 , 29096.8 , 1.64037e+06
-781728 , 277078 , 425421
-1.45815e+06 , -28082 , 2.08647e+06
1.57305e+06 , -714093 , 1.3979e+06
795783 , -1.0887e+06 , 429104
-1.98677e+06 , -1.39659e+06 , -1.35823e+06
128759 , -1.57218e+06 , -1.38786e+06
522515 , 592663 , 1.57162e+06
1.04098e+06 , 37635.4 , -126953
443627 , 1.72249e+06 , 1.35941e+06
1.42035e+06 , 360006 , 1.47783e+06
812518 , -1.4311e+06 , -1.16779e+06
-907930 , -456873 , 2.13906e+06
121488 , -527560 , -1.37074e+06
-729142 , 1.24109e+06 , 1.46105e+06
-1.62405e+06 , -727969 , 1.99726e+06
1.41599e+06 , -1.20401e+06 , 984940
-420002 , 356502 , 1.7246e+06
218909 , 590987 , -5454.94
979338 , -168265 , -1.65315e+06
794645 , -676037 , -467307
2.18701e+06 , -33527.4 , 556679
255176 , -1.05161e+06 , 866017
45213.7 , 1.03185e+06 , 1.73777e+06
-1.07804e+06 , 667323 , 1.35866e+06
86298.7 , 158186 , -374150
-951682 , 742046 , 1.02155e+06
244826 , 224499 , -151616
1.29496e+06 , -2.51748e+06 , -462481
-1.36849e+06 , 918672 , -946812
-605696 , 1.55712e+06 , 494814
796594 , -1.57444e+06 , 337606
1.31115e+06 , 510131 , 446977
-1.24048e+06 , -1.26016e+06 , -919791
1.46243e+06 , 544007 , 1.02309e+06
971237 , -1.1654e+06 , 423462
1.68284e+06 , 347077 , 1.15833e+06
524073 , -2.04939e+06 , 1.00946e+06
-1.02069e+06 , 921686 , -40506.1
-1.45216e+06 , -1.07976e+06 , -314441
1.04622e+06 , -670988 , -280094
1.63824e+06 , -101450 , -554434
-1.35132e+06 , -862234 , 698545
1.38671e+06 , -285014 , 781416
104124 , -1.3742e+06 , 1.00059e+06
-2.08873e+06 , 794095 , 371411
-196108 , -1.35742e+06 , 1.4006e+06
609482 , 743458 , 1.70951e+06
-446313 , 331434 , 2.02788e+06
569541 , -52200.5 , 1.91198e+06
-219629 , -3409.57 , 438106
-1.16771e+06 , -525693 , 162856
809613 , 241100 , 704437
592943 , -143623 , 355406
-294497 , 1.27141e+06 , -1.00277e+06
169270 , -1.01204e+06 , -1.03523e+06
-451533 , -979259 , 1.2804e+06
-1.57669e+06 , 808333 , 731262
41665 , -1.83686e+06 , -401032
611371 , -2.0771e+06 , -1.19584e+06
1.34139e+06 , 752002 , -85119.1
645098 , -342714 , 682937
730145 , 1.78735e+06 , 2.00776e+06
-894446 , -1.2571e+06 , 770461
478824 , -342333 , -1.54372e+06
1.34965e+06 , 313113 , 287949
-637088 , -1.85927e+06 , 1.59624e+06
1.59974e+06 , 169241 , 1.40712e+06
290093 , -8331.79 , -664471
129566 , 265619 , 1.84764e+06
-796254 , 1.23845e+06 , -352239
-711171 , 1.02385e+06 , -1.48755e+06
299176 , -521077 , 181412
1.90173e+06 , -814247 , 168194
840472 , 862532 , 1.07056e+06
-116487 , -1.40094e+06 , -713124
476735 , 1.50717e+06 , 1.12031e+06
340284 , 1.37486e+06 , -592522
-235726 , 580900 , -871230
841768 , -156688 , -1.3373e+06
-2.01693e+06 , -50145.4 , -12618.2
1.94237e+06 , -583386 , 1.29897e+06
758496 , 274462 , 823779
-380178 , 204637 , -152163
157657 , 1.28245e+06 , -414038
-1.23306e+06 , 630732 , 434596
1.3614e+06 , 1.14266e+06 , -539907
1.78514e+06 , 687082 , -943535
-877206 , -1.26458e+06 , -433112
-1.2572e+06 , 215366 , -132756
1.12624e+06 , -819348 , 1.1416e+06
-328862 , 412920 , -1.10207e+06
1.116e+06 , -1.95898e+06 , 557446
97526 , 1.506e+06 , -1.94442e+06
1.14932e+06 , -266043 , 206090
-339611 , -753653 , 655031
-2.11161e+06 , 531943 , -766283
222080 , 531656 , 2.43112e+06
-308856 , 291095 , 1.29348e+06
879299 , 337064 , -2.08205e+06
-639038 , 421797 , 2.37059e+06
1.17905e+06 , 2.1185e+06 , 377958
662346 , 1.32474e+06 , -55508.8
1.36394e+06 , 1.77872e+06 , -1.51027e+06
732150 , 815293 , 941996
2.2682e+06 , -339265 , 1.80823e+06
180178 , -1.9211e+06 , 1.154e+06
34471.1 , 588677 , -216942
-1.31736e+06 , 1.50663e+06 , -472321
-109492 , -1.94467e+06 , 767192
-145474 , -1.23781e+06 , 229441
1.98669e+06 , -1.34935e+06 , 124341
-484590 , -448210 , 156880
516375 , -354115 , 259396
-119341 , -1.1076e+06 , 1.11443e+06
-2.14906e+06 , 495948 , -86339
-39472.2 , 308279 , 1.34965e+06
-211818 , 721849 , 1.57075e+06
-160475 , -502545 , 1.42332e+06
1.21115e+06 , -386690 , 1.01301e+06
1.50948e+06 , -34545.7 , 458920
-1.51452e+06 , -560205 , 71513.2
-347096 , 599887 , -338924
-1.10472e+06 , -264673 , 461406
-10074.1 , -358241 , 1.71841e+06
-260317 , 942719 , 447593
1.51737e+06 , 845858 , -736099
696149 , -207528 , 261784
642990 , -140899 , 2.87905e+06
593069 , -1.32485e+06 , -49906.7
-380401 , 1.43758e+06 , 455502
-185439 , -189364 , 754810
1.87108e+06 , 1.1906e+06 , 217496
418854 , 1.70727e+06 , -1.10965e+06
369555 , 1.81939e+06 , -1.04156e+06
-1.28379e+06 , 154567 , 1.1692e+06
-184081 , 1.34855e+06 , 817085
802.686 , 1.0977e+06 , -916561
101723 , -488604 , -1.18803e+06
324489 , -42575.9 , 1.05409e+06
815568 , -1.2233e+06 , 272956
1.39654e+06 , -1.34541e+06 , -484224
859705 , -1.33602e+06 , -397096
-280529 , -496565 , 177068
1.30169e+06 , 285648 , -17538.6
-613350 , 2.12077e+06 , -513676
-611609 , 1.79658e+06 , 1.95078e+06
-798335 , 1.4832e+06 , 487431
1.22682e+06 , 1.33725e+06 , -206555
236779 , 89737.9 , -1.24441e+06
-78029.5 , -57758.4 , -2.08691e+06
-1.11474e+06 , -3734.09 , -712122
1.55026e+06 , -678511 , 942924
-445991 , 815022 , -652283
-1.33289e+06 , 127860 , 493690
515514 , -728570 , 864812
-1.73869e+06 , 1.71412e+06 , -1.25712e+06
-62898.5 , 330785 , -649588
-1.19694e+06 , 324870 , 668628
-282098 , 302186 , -1.72139e+06
1.32465e+06 , -847591 , 1.11367e+06
-632580 , -255695 , 287631
-720848 , -554952 , 869486
-1.40679e+06 , -129819 , 113142
1.26656e+06 , -685721 , -1.66459e+06
174002 , -1.43218e+06 , 1.09482e+06
-534475 , 1.03632e+06 , -1.00788e+06
1.1961e+06 , -809101 , -357712
-670481 , 1.61006e+06 , -784393
985138 , 1.00828e+06 , 1.09013e+06
1.07125e+06 , -686799 , 2.10358e+06
674724 , 323382 , -113149
1.32743e+06 , -1.33859e+06 , 325786
-431020 , -669857 , -515246
481362 , -862340 , 670910
-1.60751e+06 , 1.00975e+06 , -544070
349816 , -1.37517e+06 , 1.1512e+06
168734 , -253985 , 1.62687e+06
313885 , -456977 , 2.30666e+06
28195.2 , 66991.6 , -411566
-124643 , -891141 , -58304.2
948483 , -714553 , 856850
-1.42106e+06 , -205112 , -374901
-322179 , 234940 , 1.41395e+06
-1.04427e+06 , 637793 , -413323
-904330 , -23203.8 , 437969
1.44818e+06 , -580834 , -146175
-452991 , 1.2493e+06 , 1.22138e+06
448382 , 1.46621e+06 , -78173.4
197806 , 269284 , 678971
920902 , 1.24014e+06 , -1.9367e+06
-982501 , 157871 , -321337
215655 , -1.795e+06 , 1.12033e+06
2.50355e+06 , 731824 , 1.28819e+06
1.81351e+06 , -973037 , -1.53291e+06
229408 , -1.17099e+06 , -339906
-975724 , -1.74939e+06 , 1.33496e+06
1.16675e+06 , -44683.8 , -2.17637e+06
-1.59736e+06 , 806045 , -1.19453e+06
-2.52772e+06 , -801138 , 1.16374e+06
221433 , 837403 , 131226
-736376 , 1.47049e+06 , -456780
-347231 , 1.2769e+06 , -429644
728259 , 177751 , 1.04043e+06
765837 , 1.87661e+06 , -41551.3
39531 , 1.26614e+06 , 3.3541e+06
-167947 , -2.06664e+06 , 184992
-829403 , 773777 , -352949
-695024 , -29891.2 , 721346
-1.38208e+06 , 1.43062e+06 , 101475
-1.64026e+06 , 109550 , 245200
1.69716e+06 , -527673 , -657696
-135730 , -614002 , 1.5333e+06
363793 , -567020 , -16568.2
728965 , 1.00967e+06 , 2.5677e+06
212858 , 621203 , -1.77018e+06
154964 , 134375 , -706500
834342 , -1.1865e+06 , -852928
931987 , -1.38756e+06 , 1.26025e+06
-1.33778e+06 , 1.18673e+06 , 1.04611e+06
-40128.5 , -850180 , -492731
-287963 , -749097 , -2.09995e+06
1.20855e+06 , 669584 , 81495.6
2.45412e+06 , 1.83522e+06 , 1.01021e+06
383802 , 761249 , -139427
-1.66198e+06 , 1.05953e+06 , -1.00034e+06
833290 , 1.54279e+06 , 578382
-150143 , 486429 , -327142
709005 , 186792 , -701361
376568 , 951536 , 296132
958260 , 1.67559e+06 , 1.19579e+06
675136 , -2.31788e+06 , 1.5689e+06
1.43834e+06 , -500703 , 1.55875e+06
814156 , 1.2787e+06 , 832556
-159105 , -798110 , -1.75426e+06
128121 , 388455 , -1.76276e+06
876624 , 41464.9 , 2.12233e+06
603274 , -687507 , -896248
534105 , -1.25573e+06 , -1.28507e+06
-923424 , -410063 , -2.20141e+06
-1.66131e+06 , 804027 , -1.033e+06
-1.19923e+06 , -514047 , 709913
2.23788e+06 , 541605 , -37694.1
-1.17091e+06 , -572337 , -1.066e+06
-398795 , 236876 , -836925
-891613 , 1.00768e+06 , 556348
-900153 , 612586 , 630416
2.16779e+06 , 1.01255e+06 , 249735
-862169 , -343536 , 2.25616e+06
247765 , 259572 , -1.74381e+06
-603382 , -1.82876e+06 , 211250
-1.16421e+06 , 337956 , 103160
820636 , 729844 , 1.64702e+06
78309.3 , -1.0269e+06 , 1.57446e+06
-1.07994e+06 , 1.14259e+06 , 1.11097e+06
-1.76031e+06 , 123778 , 332751
527173 , 272438 , 193386
-1.22023e+06 , -623386 , -583673
1.33176e+06 , -1.34367e+06 , 2.56945e+06
946473 , -2.00424e+06 , 725926
423443 , -916760 , 700184
-414265 , 525586 , -757576
1.47698e+06 , 869865 , -1.03212e+06
-485684 , 325376 , -1.5834e+06
269125 , 538633 , 124291
861033 , 172797 , -604647
260514 , -1.09287e+06 , 162280
-1.06258e+06 , -133795 , -323356
1.23965e+06 , -491745 , 597795
-474126 , 230779 , -421103
2.18135e+06 , 387858 , 103558
-405464 , 532995 , 2.70624e+06
248466 , -2.16953e+06 , 920585
979905 , -1.08399e+06 , -726221
-143844 , -889115 , -1.3313e+06
-620090 , 174619 , -1.19675e+06
-669142 , 714233 , -724117
627359 , 950651 , 1.74719e+06
-1.2901e+06 , 402153 , 1.5092e+06
462277 , 29062.6 , -1.61861e+06
-470928 , 441228 , -361116
-1.66277e+06 , -1.12373e+06 , 744858
2.40582e+06 , -189064 , 441727
923292 , 336207 , 1.59713e+06
1.37234e+06 , 910948 , 75605.5
-528854 , 347686 , -1.61124e+06
1.51365e+06 , -1.21287e+06 , 1.00298e+06
485275 , 1.31686e+06 , -78864.3
-172240 , -64129.6 , -241978
361638 , -925251 , -459238
-161789 , 906303 , -1.0115e+06
269134 , -442307 , 193023
-748281 , 337020 , -2.25822e+06
-974445 , -1.01259e+06 , -379015
386422 , -1.11787e+06 , 195988
-168933 , -1.88407e+06 , -1.19345e+06
139288 , 718438 , -890952
1.77683e+06 , -703343 , 626829
-382773 , 1.65525e+06 , 4663.65
-353454 , -278302 , -588266
-980314 , -425861 , -1.4215e+06
951239 , -192114 , 1.47487e+06
-1.75362e+06 , 754808 , 1.87069e+06
1.0127e+06 , 959553 , 1.76485e+06
-1.88301e+06 , -521544 , 287574
2.30492e+06 , 477952 , 1.20127e+06
194109 , 426558 , -703693
-800877 , -387913 , 1.30777e+06
915175 , -695290 , -878763
750862 , -1.19898e+06 , -37668.7
-1.29385e+06 , 657775 , 2.1479e+06
2.17635e+06 , -411788 , -638824
-565725 , 1.20285e+06 , 658105
1.16246e+06 , 819400 , 1.43132e+06
332626 , -83043.6 , -87269.4
382747 , -1.92793e+06 , -2.15412e+06
471663 , -1.51866e+06 , 128967
577301 , 711417 , 1.05349e+06
-481747 , 159418 , -373206
-783655 , 184968 , -1.15896e+06
-744242 , 1.19946e+06 , 953529
21187 , 1.71376e+06 , 1.74824e+06
-230009 , -1.97543e+06 , 190483
-433417 , -409185 , 1.54801e+06
-156490 , 1.985e+06 , -1.03954e+06
-273686 , 2.18222e+06 , 808730
-1.10026e+06 , 34061.4 , 932954
-1.55324e+06 , 1.59683e+06 , -934304
656669 , -1.90769e+06 , 1.01069e+06
-1.31621e+06 , -271488 , 1.45761e+06
-322596 , 145368 , -1.04944e+06
-1.27015e+06 , 1.91781e+06 , 645666
-1.42864e+06 , -1.33189e+06 , 843945
1.2078e+06 , 1.77067e+06 , -457298
-2.47485e+06 , -1.46316e+06 , 155638
610415 , -1.60126e+06 , 895879
-1.09131e+06 , 990843 , 1.58405e+06
1.21193e+06 , 624676 , 1.32395e+06
-822202 , -1.69413e+06 , 1.17644e+06
-288583 , -1.22684e+06 , -358215
-195175 , 700452 , -909049
100727 , -154313 , -1.36639e+06
24717.9 , -777127 , 778466
-1.03721e+06 , 64788.5 , -1.55633e+06
105735 , 1.87854e+06 , 948817
992770 , -1.10348e+06 , 706225
-104479 , 1.94328e+06 , -691109
1.17505e+06 , 258215 , 1.23514e+06
1.45998e+06 , 1.69773e+06 , -583480
-573092 , 356287 , 1.97517e+06
-1.35215e+06 , -902757 , 353945
498122 , 1.12163e+06 , 2.7317e+06
1.86161e+06 , -397213 , -402788
-2.09156e+06 , -62258.1 , -344485
1.32805e+06 , 746336 , 15132.3
-1.92856e+06 , 418502 , 517592
-302084 , -479684 , 2.75463e+06
-149469 , -680533 , 336273
-142209 , 522353 , -93651.9
561885 , 948779 , 514358
559843 , 841761 , 393208
-815765 , 556125 , -50694.1
91987.6 , -665531 , 574939
-2.47163e+06 , 164384 , 1.80658e+06
-1.26353e+06 , 556156 , -739737
-3438.82 , 1.12555e+06 , -203937
-270570 , -1.56847e+06 , 1.00265e+06
689445 , 518198 , 1.90043e+06
237630 , 598377 , -1.26324e+06
1.16599e+06 , 2.31343e+06 , -517052
722089 , 98289.2 , 311149
168313 , 1.27837e+06 , 810440
-378553 , -470044 , 1.88474e+06
-515408 , -770864 , 1.42779e+06
-141060 , -961892 , 1.34225e+06
143949 , 78970.7 , -376514
-1.00692e+06 , -1.06237e+06 , -1.06555e+06
603732 , 1.20105e+06 , 594949
373345 , -1.13049e+06 , -793240
788578 , 1.45133e+06 , 979373
1.08581e+06 , -1.30272e+06 , -547546
-284384 , 1.60682e+06 , -988568
-543815 , 779736 , -1.37914e+06
1.94486e+06 , -567202 , 413005
-489004 , -925887 , 831901
1.38639e+06 , 1.96009e+06 , -151015
265390 , 26677.7 , -1.86382e+06
-1.55645e+06 , -158580 , 437311
-1.41979e+06 , 477823 , 922000
539901 , -832365 , 800266
-66995.8 , -1.46979e+06 , 210861
-490431 , 836251 , -1.1633e+06
-613209 , 1.59981e+06 , 215933
-31846.7 , 1.1937e+06 , 284764
-1.20926e+06 , -618474 , -939227
-1.96068e+06 , 517626 , -1.13598e+06
329169 , -1.76741e+06 , 252005
2.17075e+06 , 168972 , 269928
1.04584e+06 , -1.22067e+06 , 1.3508e+06
1.02771e+06 , 319939 , -378630
-492997 , 633609 , 1.84557e+06
-989709 , -345419 , 605641
-1.4626e+06 , -1.5046e+06 , 967129
-501354 , -155238 , -106554
613297 , -508497 , 451174
-789028 , 167531 , -958169
234289 , 2.50255e+06 , -936873
-43922.4 , -217698 , 79760.2
-1.92385e+06 , 1.7591e+06 , -571277
-627420 , 895870 , 1.76089e+06
369557 , 24187 , -782252
-1.12598e+06 , 573177 , 1.15671e+06
173871 , 681746 , 319245
-1.10756e+06 , 24202 , -441656
-2.38477e+06 , 182063 , 531946
-260594 , -1.42761e+06 , 407158
1.83738e+06 , 1.33314e+06 , -814780
-805084 , -1.268e+06 , 659586
150617 , 556578 , -986648
-2.05305e+06 , 1.38019e+06 , 455472
-460632 , 1.11019e+06 , -1.36602e+06
-451480 , -909916 , 2.68885e+06
-945995 , -411705 , 288474
798961 , -1.23369e+06 , -1.47011e+06
-4816.29 , 1.66198e+06 , 2.18766e+06
1.19667e+06 , -1.28921e+06 , -434644
-143820 , -360955 , -1.83544e+06
2.34882e+06 , -1.78926e+06 , 1.46697e+06
1.25932e+06 , 557335 , 575970
-242528 , 2.20234e+06 , 1.87567e+06
-1.72403e+06 , 1.27719e+06 , 867351
1.44358e+06 , 324242 , 1.27351e+06
-1.7645e+06 , -1.35113e+06 , -140785
1.09352e+06 , -9895.97 , -161702
-490127 , 1.62445e+06 , -326877
1.60268e+06 , -282934 , 569308
-370340 , -1.02435e+06 , 904364
-564371 , 858714 , 584283
-329538 , -206798 , 1.93464e+06
-756293 , 468872 , 208756
-1.45438e+06 , -247720 , 1.05626e+06
1.15798e+06 , -586071 , -1.09678e+06
-586314 , 1.1892e+06 , -362777
373650 , -895707 , 440313
867435 , 2.24432e+06 , -267738
682535 , 234093 , 674403
-200066 , 395617 , 2.01153e+06
1.99565e+06 , 231417 , 1.44299e+06
-1.43301e+06 , -166743 , 1.19084e+06
129291 , -121799 , 1.84291e+06
87531.6 , -174651 , 1.56072e+06
-2.92042e+06 , -1.5814e+06 , 532309
130471 , 1.18508e+06 , 1.04727e+06
2.04738e+06 , -1.22402e+06 , 162405
1.04547e+06 , -140837 , 1.25284e+06
1.90731e+06 , -404533 , 669153
573725 , 1.23624e+06 , -966116
557548 , -1.6498e+06 , 420150
231810 , -634970 , 1.46996e+06
-986032 , 42617.4 , -584956
352800 , 611777 , 757093
407006 , -578227 , -554881
1.2305e+06 , -30058.8 , -876295
708286 , -1.46008e+06 , -2.03689e+06
-2.19584e+06 , 1.50659e+06 , -106919
1.26442e+06 , -127613 , 278764
-1.32779e+06 , 287466 , -596607
460034 , -915636 , 404186
-478636 , -904797 , -1.27352e+06
-432287 , 662416 , -1.56549e+06
346521 , 109853 , -1.29124e+06
-1.44793e+06 , -1.40082e+06 , 1.13176e+06
-528344 , 1.81354e+06 , 1.28251e+06
648385 , -1.21385e+06 , -618618
-292096 , -234996 , 1.88917e+06
-1.20043e+06 , -848904 , -114397
-558875 , 2.08902e+06 , -1.39538e+06
-1.04786e+06 , 1.10097e+06 , 2.14497e+06
-665709 , 273629 , 910091
242123 , 1.49358e+06 , 690446
-552066 , 1.08837e+06 , 1.87598e+06
5192.44 , -623754 , -572269
-246801 , -1.53017e+06 , 960552
511457 , -1.83616e+06 , -528672
-1.31687e+06 , 376327 , 652625
-1.15658e+06 , -1.84756e+06 , -675460
15640.5 , -775113 , -1.13652e+06
-165888 , -242309 , -524084
-1.99747e+06 , 963437 , -424558
-388508 , 262975 , -588009
-696612 , -1.12478e+06 , 1.43496e+06
492124 , 1.20267e+06 , 759417
-829316 , -1.1418e+06 , 1.49651e+06
819152 , 1.45279e+06 , 1.18953e+06
-1.24079e+06 , -845638 , 232069
610896 , 813438 , -868566
217533 , -1.81256e+06 , 509032
-143198 , -1.04769e+06 , 695786
289152 , 244206 , -1.17375e+06
614587 , 102944 , -1.30733e+06
372520 , 2.52043e+06 , 2.81165e+06
-1.50859e+06 , 126249 , -1.03456e+06
2.78269e+06 , -118483 , 1.34981e+06
1.27899e+06 , 215520 , 1.08393e+06
172298 , 208847 , -76121.6
1.54175e+06 , -430401 , 1.6074e+06
-771168 , -738453 , 377390
169123 , 414094 , -1.02304e+06
1.0742e+06 , 1.3011e+06 , -127458
384440 , 468228 , 89538.1
-1.08952e+06 , 636083 , 1.46547e+06
309728 , 1.58661e+06 , -1.77719e+06
68399 , -914823 , 1.27321e+06
-1.9584e+06 , 949543 , 19805.3
-1.47211e+06 , 622594 , 213784
1.28148e+06 , -1.34135e+06 , 854896
-1.47627e+06 , 1.49156e+06 , 1.79679e+06
54857.7 , -2.53457e+06 , 156061
-956951 , 45371.6 , -406686
1.82466e+06 , 682192 , 314779
-201457 , 1.07906e+06 , 213349
2.40018e+06 , 54740.7 , -699806
532598 , -1.50452e+06 , -329057
-1.52174e+06 , 737060 , -324316
90945 , -1.67322e+06 , -541378
654952 , -199026 , 245329
1.97187e+06 , 1.30353e+06 , 528853
204223 , 667459 , 2.67086e+06
221505 , 732464 , -138313
-1.33979e+06 , -879446 , 868704
-119831 , -2.65494e+06 , -632397
-1.54361e+06 , -204769 , -496394
-144891 , -1.63109e+06 , 374355
427824 , 92424.8 , 341770
216946 , 206691 , 579141
-802089 , -800434 , 919586
240273 , 509301 , 554305
-154737 , 67050.9 , 2.09197e+06
-986718 , -808883 , 442685
-262286 , -1.44708e+06 , 1.47364e+06
1.44947e+06 , -1.37207e+06 , 278766
-561660 , -674693 , -509255
-276752 , 106261 , 600553
1.72242e+06 , 1.61027e+06 , 2.35081e+06
-1.24261e+06 , 592771 , -989983
-181550 , -252437 , 895496
-413205 , 1.18746e+06 , -1.37702e+06
-671655 , 487989 , 2.33416e+06
-79374.7 , -426923 , 1.16526e+06
-1.10437e+06 , -48894.1 , 1.02962e+06
1.93089e+06 , -37365.6 , 853717
1.85432e+06 , -778238 , 1.19873e+06
-388417 , -2.12681e+06 , 938024
168440 , 1.55409e+06 , 1.19315e+06
108957 , 1.7105e+06 , 1.66162e+06
123090 , 180260 , -208085
-720278 , 192812 , -1.42743e+06
268575 , 828271 , -182200
-426212 , 789455 , -88086.8
454605 , 535519 , -254938
-104875 , 337685 , 991357
-848083 , 1.11077e+06 , 1.45828e+06
-1.34233e+06 , -1.81184e+06 , 563207
-1.55305e+06 , 667652 , 1.40839e+06
-967961 , -1.39342e+06 , 2.01174e+06
44074.7 , -1.64342e+06 , 1.07871e+06
1.14728e+06 , -744531 , 481014
-1.55859e+06 , -1.19287e+06 , 1.12707e+06
-1.63384e+06 , -1.18293e+06 , -1.05096e+06
-272546 , 1.97432e+06 , 759181
1.29313e+06 , 913567 , 165786
-337280 , 424621 , -2.16763e+06
60346.4 , -1.34375e+06 , 327429
-209069 , -161624 , 1.74608e+06
-66442.8 , -1.77222e+06 , 662461
178583 , 1.50665e+06 , -1.74049e+06
1.74996e+06 , 1.74595e+06 , -1.58581e+06
267663 , -560933 , -614812
-221570 , 1.24006e+06 , -1.6655e+06
-1.30112e+06 , -296164 , -1.25451e+06
897509 , -403442 , -1.78568e+06
-240996 , -228695 , -903824
-417966 , -1.38011e+06 , -829548
-833896 , 1.06053e+06 , 513710
-1.41135e+06 , -229252 , 982715
1.15875e+06 , -714780 , -802458
1.27908e+06 , -1.39049e+06 , 599642
1.0947e+06 , -80104.1 , 2.17899e+06
-251580 , -2.05149e+06 , 357144
-999695 , -131356 , -1.73374e+06
-1.62322e+06 , -570627 , 2.11713e+06
552452 , 920179 , -164996
2.15452e+06 , 1.14753e+06 , 1.51667e+06
-334173 , 301211 , 1.35524e+06
1.43862e+06 , -1.09143e+06 , -123012
-384388 , -1.47003e+06 , -1.00619e+06
1.33156e+06 , -667588 , 992212
189221 , 1.61838e+06 , -790294
107938 , 61710.8 , 3.1253e+06
-1.53687e+06 , 714538 , 174109
2.04487e+06 , -216390 , 64930.1
203958 , 225412 , 87666.6
-458360 , -855060 , 707280
-1.27634e+06 , 1.06114e+06 , -1.194e+06
-681854 , 1.2549e+06 , -316473
-874138 , 917850 , 464731
-495794 , 425981 , 472701
316745 , 1.70043e+06 , 26341.6
-860870 , 713952 , -22421.8
95329 , -2.36873e+06 , 1.04464e+06
140909 , -465430 , -897240
-401259 , -59689.4 , 581869
-1.27951e+06 , -20343 , 1.00158e+06
-389795 , -28169.6 , -2.70022e+06
108116 , 1.72363e+06 , 4915.51
-1.41679e+06 , -55055.8 , -179842
363529 , 1.28146e+06 , -480792
-449852 , -119314 , 2.15954e+06
-214020 , -563328 , 2.29919e+06
-1.63322e+06 , 1.23503e+06 , 384092
-595351 , 652021 , 1.10992e+06
-898972 , 571139 , 171259
1.23212e+06 , 1.56809e+06 , -721941
1.06453e+06 , -1.01246e+06 , -1.3983e+06
748868 , 2.44503e+06 , -416282
-1.45443e+06 , -812355 , -1.18825e+06
1.23339e+06 , 584956 , -179356
308365 , -991638 , 1.20887e+06
980673 , -839337 , -2.9792e+06
502846 , 778566 , 1.39156e+06
-905873 , -582401 , 664949
700153 , -1.54463e+06 , 472519
-180617 , -348499 , -1.68605e+06
-192430 , -1.02285e+06 , -358703
693799 , -269790 , 1.43113e+06
-200235 , -1.70021e+06 , -477136
-137569 , -283841 , 2.10278e+06
1.20578e+06 , -3416.9 , 144488
-234154 , -965012 , 1.0962e+06
735031 , -1.35481e+06 , 913824
-814414 , -1.11788e+06 , -263030
1.52249e+06 , -40032.5 , 28579.1
-711827 , 100372 , 356372
-516637 , 1.57745e+06 , -1.12942e+06
1.33728e+06 , 1.59573e+06 , 1.48884e+06
1.24175e+06 , 1.02112e+06 , 1.6183e+06
-1.13853e+06 , 301766 , -887506
696612 , -606664 , 582097
-1.54907e+06 , 389104 , -421982
-737048 , 61068.9 , -669871
945655 , 783468 , -99749.1
1.7326e+06 , 872411 , 1.84367e+06
-2.047e+06 , 408746 , 553566
-1.2952e+06 , -1.43072e+06 , -846175
-202963 , 1.00561e+06 , 2.05759e+06
-974414 , 1.04527e+06 , 207929
-1.33036e+06 , -774476 , -1.19247e+06
-1.08804e+06 , 676659 , -816762
-258400 , -1.45218e+06 , -140996
-366874 , 1.79671e+06 , -1.36348e+06
-1.50733e+06 , -2.08507e+06 , -70942.4
1.07195e+06 , -2.00109e+06 , 179697
168053 , 687703 , 57932.8
1.70307e+06 , 359031 , -70328.1
2.05254e+06 , 726439 , 816784
1.94341e+06 , 1.50486e+06 , 65301.5
-315439 , 1.57401e+06 , -247524
2.05866e+06 , -200850 , -1.80856e+06
23442.6 , -1.41915e+06 , -468309
-792666 , -437995 , 969785
466380 , -1.50273e+06 , 489802
119885 , -662242 , -200059
-944724 , 2655.07 , 438534
1.14803e+06 , 654271 , -623753
-634681 , -415662 , 1.08183e+06
1.03613e+06 , -820426 , 188413
84767.9 , -1.10057e+06 , 1.11779e+06
-1.15755e+06 , 1.49812e+06 , 381279
1.54513e+06 , -14563.9 , 718076
696860 , 467675 , 916686
1.82851e+06 , -1.50233e+06 , -117689
215918 , 316806 , 1.85599e+06
-29052 , 2.60573e+06 , -1.14535e+06
-1.27356e+06 , -192716 , -779607
-167253 , -211252 , -696450
-75172.5 , 1.04883e+06 , -593296
1.04707e+06 , -1.16626e+06 , 886285
90580.4 , -565920 , -1.31117e+06
-701624 , -1.16742e+06 , -1.18639e+06
222213 , 218999 , 1.5264e+06
-772561 , -249869 , 186900
-747281 , 1.7132e+06 , 14328
542700 , -169621 , 82596.8
1.39985e+06 , -454884 , 1.8125e+06
-1.3791e+06 , 54986.9 , 2.25397e+06
-812689 , -1.28976e+06 , 613821
-1.2663e+06 , -171904 , 1.09315e+06
-229443 , 336282 , 442725
-1.25847e+06 , -575170 , 508562
659282 , 358162 , -396185
19595.3 , -2.18128e+06 , 157393
296324 , -1.06009e+06 , 1.74634e+06
833106 , 1.39808e+06 , -109406
-650006 , 391286 , -1.59994e+06
-59130.2 , -130890 , 313061
-1.43336e+06 , 855348 , -882250
38608.2 , -1.90833e+06 , 1.42666e+06
354173 , 376476 , -347929
715431 , 1.17028e+06 , 234579
1.19219e+06 , -768694 , -446087
-59648.5 , 42709.4 , -1.54376e+06
-520387 , -136381 , -1.91978e+06
-1.88745e+06 , -279758 , 1.07394e+06
-430263 , -27187.8 , -391440
-1.91349e+06 , 320514 , -706156
996161 , 135269 , -352485
-927918 , 56312.8 , 1.46062e+06
-1.50499e+06 , -780978 , -196583
-1.21662e+06 , -824204 , 163676
-314832 , 612700 , 692174
146073 , 388602 , -1.48982e+06
932575 , -45322.8 , 1.10724e+06
469002 , 185739 , -772532
-1.11638e+06 , -1.28308e+06 , 1.79399e+06
-322316 , -440011 , -1.2432e+06
-277639 , -809986 , 417307
538758 , -1.09376e+06 , 356021
-656349 , -1.16058e+06 , 575696
739469 , 1809.39 , -1.63314e+06
892841 , -107702 , -374831
1.14875e+06 , -458386 , 209773
-662279 , 704681 , 575656
-534984 , -1.1323e+06 , -1.07225e+06
1.10428e+06 , -1.42472e+06 , 142406
186301 , -335517 , 384145
-953095 , -520031 , -446071
1.40864e+06 , 165575 , -1.13703e+06
-1.06372e+06 , 2.11673e+06 , -921789
1.79006e+06 , 197851 , -549847
1.0304e+06 , 576831 , -400605
-1.44251e+06 , -112011 , -495883
542524 , -1700.48 , -1.61852e+06
-1.28616e+06 , 632116 , 191572
1.61231e+06 , -491158 , -763396
-573772 , 1.33097e+06 , 256367
1.11688e+06 , -1.17366e+06 , 1.88298e+06
507842 , -1.2882e+06 , 328593
1.37987e+06 , -112161 , -1.06377e+06
787962 , -477826 , -645148
1.05381e+06 , 945412 , -785208
1.59298e+06 , -1.27106e+06 , 680137
893396 , 260881 , 1.08976e+06
-1.1778e+06 , -1.17423e+06 , 1.4597e+06
1.1726e+06 , -635569 , -923005
-1.11362e+06 , 92869 , -1.42073e+06
-1.1945e+06 , 1.17001e+06 , 64130.9
571442 , -1.44553e+06 , 324161
-1.19394e+06 , -747594 , 1.83373e+06
1.15637e+06 , -436548 , 274247
16541.6 , 954061 , -1.39757e+06
-1.09112e+06 , -853598 , 342567
206926 , -398354 , 110837
214461 , -1.44418e+06 , -772194
-1.15436e+06 , 1.3056e+06 , 1.87598e+06
-111165 , 1.60037e+06 , -53390.5
1.06294e+06 , -1.12065e+06 , 604127
1.09492e+06 , -2.40802e+06 , 63193
-131022 , -1.47344e+06 , 42443.1
-638490 , 499470 , 962037
-584851 , 147407 , 212196
1.14601e+06 , -1.06595e+06 , -371636
-566267 , 1.43452e+06 , 572154
290196 , -201617 , -1.18574e+06
1.54084e+06 , -1.30373e+06 , 709324
-1.31851e+06 , -957012 , -525517
-663357 , -1.50945e+06 , -668859
-1.05758e+06 , 1.13838e+06 , 750922
-1.55313e+06 , -219051 , -1.07933e+06
-1.26927e+06 , -55983.2 , -900080
-1.01739e+06 , -235950 , -1.07654e+06
-752775 , -602130 , 268630
-1.27127e+06 , -258322 , 43373.8
-1.24253e+06 , -1.12047e+06 , -1.15033e+06
2.18105e+06 , 998813 , 661043
-345695 , -664024 , -1.02379e+06
-2.28658e+06 , 82998.9 , -107914
196063 , 2.01184e+06 , 462214
823862 , -1.77331e+06 , 1.74022e+06
725061 , 1.1476e+06 , 2.10228e+06
649810 , 1.32208e+06 , -341318
464663 , 1.46858e+06 , 772582
-951012 , -615474 , 1.18437e+06
-955130 , -60854.8 , -485189
1.02626e+06 , -891355 , 1.71607e+06
737788 , 1.46876e+06 , -113285
-2.03527e+06 , 666603 , -8144.7
-1.30643e+06 , -414877 , 1.39339e+06
-1.11673e+06 , -740009 , 685517
743376 , -185307 , 1.59444e+06
-1.02763e+06 , -1.38121e+06 , 1.22286e+06
224220 , 189208 , 771837
460912 , 780525 , -747376
240795 , -1.33348e+06 , -1.16417e+06
-730399 , -689057 , 2.06519e+06
2.26907e+06 , -145127 , 53671.6
2.10828e+06 , -811893 , -822527
-761879 , -301546 , 584785
1.08481e+06 , -306290 , -1.0704e+06
250139 , -107989 , 2.05422e+06
-831293 , -262898 , -109304
-1.71497e+06 , -527775 , 601317
1.18489e+06 , 902572 , 37139.9
318460 , -241977 , 1.93876e+06
-1.95007e+06 , -140536 , 879754
63340 , 418001 , -1.48055e+06
-1.83044e+06 , 756865 , 1.94974e+06
2.26289e+06 , 661861 , 3.05689e+06
-321748 , -957812 , 1.94486e+06
1.73207e+06 , -352676 , 1.2766e+06
-254277 , -154983 , 534607
1.51373e+06 , -416450 , 926252
217181 , -370711 , 1.10726e+06
-851464 , -720703 , -1.17192e+06
1.58829e+06 , -1.00714e+06 , 281405
428678 , -1.54293e+06 , -274995
1.64393e+06 , 1.35345e+06 , -198069
317897 , -586249 , 2.19746e+06
-1.41132e+06 , 903983 , 145508
-779719 , -1.03016e+06 , 78497
1.86778e+06 , -1.34324e+06 , 674309
1.02805e+06 , 1.84437e+06 , -1.2141e+06
-657171 , -425269 , -1.05974e+06
938548 , -1.02845e+06 , 2.18795e+06
1.31509e+06 , -20029.4 , 961462
-1.40069e+06 , 27878.2 , 783364
540812 , -284212 , 795708
-684391 , -81112.2 , -1.39815e+06
-1.07875e+06 , 1.96816e+06 , 1.04853e+06
124409 , -333383 , 107768
-900348 , -204371 , 829784
377420 , -1.339e+06 , -546293
-2.22914e+06 , 1.26428e+06 , -486863
-1.4573e+06 , -847010 , 398005
-494352 , 758181 , 429223
-389359 , 229267 , 1.30273e+06
1.35866e+06 , -646138 , 1.92973e+06
1.57026e+06 , -1.61896e+06 , 1.38929e+06
2.39339e+06 , 646762 , 372547
-566970 , -1.68779e+06 , -247423
-171736 , -446787 , -1.22085e+06
27112.9 , -1.51134e+06 , -414695
1.06661e+06 , -240965 , -287379
-1.09489e+06 , -2.2175e+06 , 106650
-86983 , 733230 , -656604
-91861.1 , 950845 , -1.00293e+06
1.96372e+06 , -47829.9 , -540232
56661.8 , 1.74144e+06 , 447366
-332502 , 211967 , -230846
-428666 , 520522 , 2.08936e+06
99250.5 , -1.44392e+06 , -89816.4
512715 , -595792 , 2.06545e+06
938840 , 619681 , 1.01061e+06
1.91332e+06 , -1.05632e+06 , 1.62812e+06
101811 , 667345 , 1.37958e+06
-849008 , -966879 , 558416
1.54009e+06 , -798994 , 533191
-2.0263e+06 , -1.70702e+06 , -1.90083e+06
-65080.9 , 899533 , 2.18263e+06
-893097 , 82952.4 , 553781
1.45041e+06 , -1.30473e+06 , 1.11419e+06
-95886.9 , 966667 , 637949
1.79603e+06 , -308271 , -700256
-1.20744e+06 , -150474 , 410409
-1.61056e+06 , 1.02549e+06 , 689325
1.74309e+06 , -832098 , -538496
568935 , -835558 , -1.08471e+06
1.81462e+06 , 142676 , 1.89077e+06
-1.13594e+06 , 1.11662e+06 , -1.69113e+06
2.05118e+06 , 318264 , -841837
1.36933e+06 , -718648 , -687400
-1.32585e+06 , -154098 , -137514
1.53976e+06 , -164956 , -362010
1.18655e+06 , -370576 , -1.21579e+06
570013 , -233583 , 2.06579e+06
-346841 , 730078 , 1.40897e+06
-1.01866e+06 , -1.34549e+06 , 1.27696e+06
-1.07476e+06 , -1.56251e+06 , -1.21179e+06
957139 , 630572 , 884470
-138777 , 1.41297e+06 , 1.36033e+06
-1.02688e+06 , -759710 , 892505
1.53149e+06 , 1.79982e+06 , 322928
1.84371e+06 , 185750 , 244808
-982667 , -1.26388e+06 , 2.40051e+06
1.71028e+06 , 829157 , -206896
769995 , 189574 , -592412
2.4429e+06 , -2.1521e+06 , -144748
323767 , 1.12216e+06 , 1.25101e+06
-73980.6 , -825833 , 174097
546678 , 820151 , -593577
-887970 , -13082.4 , 1.46654e+06
1.88072e+06 , -1.94618e+06 , 1.80796e+06
1.56432e+06 , -451366 , 369307
1.50546e+06 , 480844 , 1.07671e+06
140804 , 901962 , 709297
-952950 , 629621 , 182844
1.50366e+06 , -450940 , 731656
-323821 , 324398 , 685600
-452187 , 44690.2 , -67368
-868421 , 2.05621e+06 , 314150
-912876 , -208216 , 535788
1.4096e+06 , 366948 , 462713
-623498 , 2.16929e+06 , 608029
-760750 , -137472 , 1.40638e+06
-1.38853e+06 , 244590 , 346283
294959 , -939722 , 222268
456.454 , 114925 , 2.24466e+06
-854238 , -568082 , -1.9583e+06
-150963 , 1.86994e+06 , 1.64555e+06
-2.25083e+06 , -534900 , -1.09583e+06
1.27126e+06 , 435993 , 1.02281e+06
1.43465e+06 , -53189.9 , -549204
-1.03022e+06 , -839374 , -2.03425e+06
-1.49931e+06 , -11192.6 , 1.16786e+06
1.13186e+06 , 917568 , 864782
1.25341e+06 , 206510 , -1.06673e+06
-1.90446e+06 , 802884 , 498957
-1.15337e+06 , 839806 , 506267
157141 , -197907 , 1.50626e+06
-944736 , 423022 , -171189
-513183 , 657233 , -164386
-1.28941e+06 , -106365 , -1.16338e+06
-474442 , -26741.3 , -560883
-303960 , 1.39842e+06 , -673415
567839 , -215770 , 420553
451819 , -1.24368e+06 , 658761
-296818 , 867938 , -458057
-562220 , -1.18437e+06 , -730662
2.19764e+06 , 683302 , -610171
629046 , -1.16595e+06 , -258272
966618 , 692782 , -178998
-631386 , -1.15465e+06 , -1.27553e+06
868890 , -845105 , 1.16071e+06
-1.57181e+06 , -1.69003e+06 , 1.29787e+06
1.04793e+06 , 538107 , 135950
152606 , -1.95207e+06 , 55196.3
-1.27804e+06 , 264361 , 279935
1.91039e+06 , 1.14506e+06 , -1.67725e+06
-579524 , 254831 , -2.29244e+06
217060 , 5371.54 , -270715
939354 , 399409 , 834563
586494 , -301899 , -926311
-571838 , -1.01398e+06 , -1.20546e+06
-828754 , -324017 , 407110
-565437 , 711903 , 1.11398e+06
1.53565e+06 , -496946 , 966937
564173 , 678901 , -1.18686e+06
-1.09251e+06 , 135184 , -1.60383e+06
1.03565e+06 , -709996 , -68989.3
-978758 , -474139 , -111902
975371 , -1.20694e+06 , 796235
1.53777e+06 , 354992 , 48100
1.09369e+06 , -763077 , -53428.4
-1.18779e+06 , -1.67811e+06 , -1.03203e+06
450977 , -1.20938e+06 , -629890
-80774 , 854485 , 479577
-1.66249e+06 , -719091 , -165151
-1.52811e+06 , 1.01432e+06 , -1.19728e+06
957041 , -1.52836e+06 , 822580
-773778 , 767484 , -180827
2.33081e+06 , -805312 , 1.73466e+06
948422 , 659973 , 96435.9
-1.81445e+06 , 990306 , 15963.3
-1.36316e+06 , -541004 , 336388
-228073 , -630184 , 1.09029e+06
-397409 , 447261 , 917748
735808 , 804854 , -169921
-57912.9 , 524856 , -31661
-1.74284e+06 , 673614 , 613119
-1.11976e+06 , -46698.9 , 1.29473e+06
-233641 , 1.12392e+06 , 1.14495e+06
-105525 , -1.68661e+06 , -328691
-1.04863e+06 , -98627.9 , -278624
1.6634e+06 , -22142.9 , -797363
-775566 , 347594 , 526349
-207726 , 1.34292e+06 , 911706
-1.08792e+06 , -506901 , 1.35577e+06
234804 , -497040 , 303173
-490717 , -828689 , 169495
1.48218e+06 , -945286 , -328402
1.33792e+06 , -14166.3 , 1.04983e+06
-88849.4 , -247561 , 1.01253e+06
-147897 , -1.56195e+06 , 155919
-2.49343e+06 , -789626 , 2.29445e+06
143516 , 1.67324e+06 , -184226
261234 , 466314 , -159884
-38437.2 , -1.76406e+06 , -333482
-161328 , -2.2968e+06 , -424201
1.02701e+06 , 49563.8 , 442662
1.17096e+06 , 759227 , 1.44035e+06
-924657 , -1.25151e+06 , 2.62113e+06
-373693 , 332696 , 377585
1.01723e+06 , -907639 , -447855
616765 , -1.44456e+06 , 756070
46093.7 , 2.34839e+06 , -531983
-445961 , -493236 , 280065
211627 , -1.06726e+06 , -35596.2
-302631 , 1.50265e+06 , -36792.4
-1.24175e+06 , -1.48479e+06 , 1.31262e+06
-2.03157e+06 , 938283 , 260316
1.33312e+06 , 984073 , 1.37802e+06
405399 , 149381 , 269441
-632606 , 692484 , 1.33724e+06
1.33227e+06 , -1.62798e+06 , 731148
1.11664e+06 , 1.18318e+06 , -445634
1.02536e+06 , 77467.2 , 649003
-689351 , 2.21232e+06 , -470229
284260 , -685164 , 2.16098e+06
-234187 , 576796 , -1.31965e+06
225614 , 1.47326e+06 , 1.19312e+06
2.09774e+06 , 1.03602e+06 , -168413
89269.9 , 1.15275e+06 , -235898
1.28978e+06 , -515776 , 494578
889815 , -1.86249e+06 , 1.21745e+06
-693262 , 272471 , -1.16108e+06
-1.71238e+06 , -376003 , 857486
-450736 , -181319 , -1.06013e+06
-1.23206e+06 , -1.45629e+06 , 293155
-67222.5 , 379924 , -1.38807e+06
1.26447e+06 , 552741 , -212224
1.15903e+06 , 655750 , -23724.6
-1.51759e+06 , -641390 , -165725
632535 , 55301.7 , -1.47995e+06
-1.14169e+06 , -671446 , -674235
1.35642e+06 , 815589 , 116593
-380629 , 668472 , 1.78451e+06
-852056 , -1.00177e+06 , 2.52029e+06
218617 , -1.16259e+06 , -1.12359e+06
1.41094e+06 , -1.3479e+06 , -464666
732188 , -1.49435e+06 , -1.39676e+06
942636 , 869356 , -645811
-1.51407e+06 , 252957 , 2.06581e+06
-928200 , 1.05312e+06 , 872195
-773222 , 524384 , -1.6208e+06
-885376 , 400018 , 517029
-493982 , 37042.3 , -2.41467e+06
503517 , 1.00232e+06 , 2.09014e+06
614947 , 110250 , 765353
-1.43824e+06 , -145904 , -186570
-297404 , 1.93857e+06 , 1.40986e+06
677898 , 1.4097e+06 , 763758
1.28929e+06 , 442889 , 266202
952315 , 1.19473e+06 , 538982
987173 , -241378 , -690832
416758 , -144278 , 2.40308e+06
320630 , 1.72997e+06 , 249915
696244 , 496614 , -371363
-517550 , 295380 , 310876
1.09377e+06 , -2.32014e+06 , -86803.3
862396 , 1.10869e+06 , -872042
-855154 , -100655 , 1.4765e+06
-866632 , -1.67597e+06 , 994183
-672901 , 436569 , 2.19963e+06
291873 , -465119 , 1.67306e+06
-117640 , -2.04742e+06 , -1.83563e+06
-18487.3 , 848531 , -760228
576370 , 346051 , -942589
800294 , 1.68417e+06 , -1.39493e+06
98323 , -385126 , 1.23998e+06
-180021 , -486852 , -160007
-2.07862e+06 , 330967 , 136167
1.28626e+06 , 227337 , 315866
1.21666e+06 , -371565 , -1.06084e+06
-837200 , -394116 , 1.21754e+06
265561 , 182426 , 1.64892e+06
589927 , 622981 , 817974
-1.45933e+06 , -298639 , -148638
-1.63834e+06 , 205881 , 2.58859e+06
1.27675e+06 , 1.20932e+06 , -1.68815e+06
-718573 , -148598 , -558781
1.38743e+06 , 1.64023e+06 , -1.08278e+06
1.37114e+06 , -1.0983e+06 , 174444
1.78225e+06 , 1.20654e+06 , 523017
582840 , 1.49111e+06 , -65021.7
385364 , -1.26515e+06 , 1.38077e+06
263649 , 278192 , 351737
428832 , -500072 , 1.62616e+06
340420 , 103324 , -245762
-95089.8 , -1.08871e+06 , -412636
239344 , 1.39806e+06 , -1.2835e+06
-864319 , -1.23927e+06 , 150321
-1.71646e+06 , 206759 , 294500
194604 , 1.36113e+06 , 1.57242e+06
-683528 , 836957 , 394112
985909 , -597015 , 578129
-131973 , 307243 , -878650
-1.5963e+06 , -1.08188e+06 , 809202
-514223 , 744046 , -1.71396e+06
-941569 , 99958.7 , 37105
-444847 , 712909 , 1.02784e+06
-1.38768e+06 , 243406 , 622515
-561269 , -221606 , 1.32306e+06
-1.23473e+06 , 1.07253e+06 , -425188
1.89399e+06 , 512765 , -1.29975e+06
-347293 , -117669 , 1.6762e+06
-1.47195e+06 , -427756 , 140674
-2.22438e+06 , -643599 , -104467
-1.06274e+06 , -803453 , 1.39623e+06
273393 , -1.59549e+06 , 1.19291e+06
-1.7058e+06 , -1.32355e+06 , -1.07988e+06
-821502 , 184434 , -1.14276e+06
-838153 , -675344 , 1.43707e+06
489045 , 851726 , -610475
795781 , 506666 , 1.23744e+06
-983591 , -371273 , 2.03311e+06
-965131 , 129994 , 63934.2
59743.1 , -748279 , -1.52293e+06
1.41833e+06 , 810696 , 1.53222e+06
1.48864e+06 , 13340.4 , -1.57372e+06
-1.2435e+06 , 209999 , 260537
1.49e+06 , 1.2098e+06 , 1.65294e+06
1.78838e+06 , 381023 , 63864.1
682296 , 1.10812e+06 , 311604
-471666 , -637344 , -725110
245360 , -292722 , 933206
246337 , 1.15755e+06 , -860174
103379 , 1.33951e+06 , 356013
156352 , -482544 , -45245.5
-99357 , 1.33143e+06 , -1.61663e+06
-382867 , 1.33239e+06 , -753507
-106329 , -173480 , 1.90013e+06
226500 , 362726 , 1.07574e+06
-33700.4 , -684589 , 1.05028e+06
1.54245e+06 , -517100 , -613144
406332 , -19664.2 , 936531
1.98928e+06 , 61077.1 , 337047
1.47539e+06 , 173999 , 480468
-1.34516e+06 , -344603 , -545982
340409 , -1.09547e+06 , 1.23339e+06
-303343 , -1.62662e+06 , 376372
1.47638e+06 , -987084 , -1.18476e+06
686111 , 1.76865e+06 , -656498
2.03601e+06 , 141728 , 1.10049e+06
-1.48086e+06 , 2.21694e+06 , 281463
-387391 , 1.19677e+06 , -546538
1.71823e+06 , -1.11831e+06 , -7525.6
1.21599e+06 , 1.61874e+06 , -868196
-580784 , 1.939e+06 , -1.25018e+06
976301 , 1.66285e+06 , -611410
710091 , -19653.4 , 387169
329275 , 737531 , -134651
-1.64697e+06 , -808670 , 329869
1.27835e+06 , 1.24465e+06 , -68607.6
1.11578e+06 , 587795 , 2.45663e+06
754759 , 176372 , -638699
-416164 , 333806 , 461976
-1.43953e+06 , 388752 , -912979
-58376 , -1.2493e+06 , -161459
1.71742e+06 , -201688 , 110721
-767929 , 917138 , 847866
-864900 , -453372 , 1.65405e+06
-1.91445e+06 , 12933.3 , -1.73294e+06
-146507 , -1.80052e+06 , -413274
-379475 , -746338 , -295449
1.03956e+06 , -420020 , 919743
16424.4 , 1.6507e+06 , -282578
834079 , 158323 , -2.36961e+06
-2.39124e+06 , 1.23287e+06 , 721789
-589429 , -449740 , 375594
-68338.4 , 1.66362e+06 , 443382
-253213 , 203337 , 876190
-402450 , -373825 , 333826
1.26206e+06 , 251429 , 1.23516e+06
401290 , 861052 , 317174
-880898 , -715019 , -808375
-156801 , -1.19504e+06 , -319305
-479689 , -766450 , 845633
1.5643e+06 , 403742 , 670275
46914.3 , -1.55815e+06 , 1.34055e+06
-1.66017e+06 , 377621 , -12344.3
-567585 , 357216 , -1.19982e+06
1.54399e+06 , -63420.2 , 617477
112441 , -527528 , -503793
275928 , 1.91086e+06 , 2.40002e+06
123429 , -1.23775e+06 , 435783
130886 , 1.23864e+06 , -1.64019e+06
714662 , -1.71624e+06 , 810782
1.72986e+06 , 781204 , 1.11204e+06
2.2071e+06 , -314867 , -1.86549e+06
-151396 , -474373 , -1.44212e+06
-620513 , 579150 , -1.04915e+06
1.30915e+06 , 1.18429e+06 , -208482
1.40854e+06 , -36247.3 , 2.19249e+06
361159 , 497255 , -1.83556e+06
-1.62488e+06 , -1.8226e+06 , 613499
724772 , -803547 , 406089
311337 , 824383 , 606236
-540690 , -1.13185e+06 , -1.05046e+06
-799737 , -94369.4 , 263895
-197627 , 1.93409e+06 , -143711
351169 , -206556 , 1.08027e+06
-1.13515e+06 , -32763.8 , -148951
-472732 , -705175 , -593607
-1.55224e+06 , 170114 , 911784
995606 , 18633 , -846083
-2.321e+06 , 610194 , 1.43238e+06
116004 , 600984 , 1.49455e+06
-473168 , 1.11568e+06 , -539890
927091 , 178866 , -613114
-1.73592e+06 , 1.50694e+06 , -116955
-1.15656e+06 , -963418 , -493894
-985497 , 1.38415e+06 , 572788
2.00241e+06 , -2.00467e+06 , 109683
-284901 , -2.00014e+06 , -550076
68573.6 , 742119 , -1.46299e+06
559452 , 1.11591e+06 , -475050
821043 , 792753 , -450678
1.975e+06 , 400051 , 293028
-1.16189e+06 , 110885 , -1.92902e+06
-528528 , -985233 , -1.81042e+06
387034 , -839635 , -223418
-644732 , 1.29694e+06 , 1.06143e+06
600269 , -36148.5 , -1.42055e+06
-377845 , -497212 , 831225
1.11469e+06 , 283528 , 581870
567151 , 760631 , 874729
243182 , -171600 , -1.98345e+06
-1.01488e+06 , 727539 , 947282
1.67498e+06 , 1.30297e+06 , 611307
1.46479e+06 , -558036 , -1.29206e+06
1.62146e+06 , 973002 , 1.51447e+06
385375 , -1.56524e+06 , -355789
1.52346e+06 , 811350 , 1.72492e+06
172347 , -322635 , 1.94328e+06
1.64302e+06 , -999603 , 455825
721046 , 940670 , -1.20023e+06
405683 , -683360 , -661175
246138 , 1.60091e+06 , 1.53559e+06
995320 , -430123 , 595206
-28630.5 , -1.02924e+06 , -219732
620642 , 72596.1 , -1.04041e+06
1.01021e+06 , 621663 , 2.33397e+06
708662 , -965511 , 586245
215739 , 1.88845e+06 , 1.3792e+06
1.27681e+06 , 45272.6 , 881585
324978 , -477805 , -555935
1.67807e+06 , 805809 , 616805
264978 , 2.04934e+06 , -237365
-252814 , 652135 , 203451
-827944 , 155215 , -830810
5857.09 , 158095 , 2.85501e+06
-692318 , 750130 , 1.40636e+06
-642976 , -950904 , 444437
1.35056e+06 , -1.08258e+06 , 160912
977646 , -244562 , 1.23222e+06
-233324 , 285519 , 479281
-381974 , 1.1971e+06 , 1.09834e+06
452911 , -27055.9 , 34419.5
576025 , -117443 , 1.10287e+06
-323133 , 1.49085e+06 , -490724
-411034 , 165101 , 1.22057e+06
-597067 , 247711 , -939757
2.16444e+06 , -1.35356e+06 , -192639
446515 , 1.38818e+06 , -387915
1.00269e+06 , -1.30685e+06 , -510451
-260219 , 1.08301e+06 , 1.65246e+06
892800 , 644088 , -799259
485194 , -2.08441e+06 , -270798
-1.26223e+06 , 1.30095e+06 , 901595
1.0277e+06 , -185213 , 832921
501757 , 1.73354e+06 , -43968.5
1.19182e+06 , -456260 , -860844
-1.26054e+06 , -671395 , 875657
-1.18135e+06 , -802390 , -34830.1
-343255 , 931460 , -940805
-315997 , 1.23767e+06 , 1.06731e+06
2.16248e+06 , 49618.9 , 86151.6
26637.6 , 998672 , 350358
-256186 , -444509 , 1.77283e+06
-195111 , -1.51989e+06 , -533059
805910 , 621423 , -1.53278e+06
1.20083e+06 , -896357 , 1.06957e+06
-763742 , -1.05432e+06 , -767770
1.07687e+06 , -139055 , -1.61073e+06
1.42408e+06 , -1.22104e+06 , 84034.4
-422197 , -1.46688e+06 , -744206
1.65955e+06 , 1.45628e+06 , -1.36876e+06
-887328 , -440250 , 670582
269855 , -448522 , -1.66074e+06
2.61488e+06 , -395723 , 1.62693e+06
-612412 , 1.84424e+06 , 1.45113e+06
726772 , -1.5334e+06 , 1.90335e+06
650616 , 2.09619e+06 , 696851
-576909 , -1.29634e+06 , -1.02048e+06
-84345 , -1.30197e+06 , 397197
-51672 , -2.18871e+06 , 132105
418699 , -2.80772e+06 , -697024
434799 , 2.40551e+06 , 497077
-1.0658e+06 , -120249 , 680652
1.03615e+06 , -1.97246e+06 , 984465
651429 , 978842 , -1.70553e+06
897094 , 1.23654e+06 , 580062
-643487 , -646550 , 2.23256e+06
1.12815e+06 , -203784 , 417081
-1.10765e+06 , -4950.09 , 1.78798e+06
572615 , -1.10554e+06 , -476380
-691876 , 1.061e+06 , 949268
-1.39644e+06 , 34929.8 , -1.1638e+06
1.3527e+06 , 864069 , 2.01215e+06
-69643.6 , -341285 , 2.06186e+06
-2.39732e+06 , -1.31987e+06 , 154046
-1.44764e+06 , 1.14895e+06 , -712429
-66136.8 , -136893 , 1.3883e+06
-386894 , -801735 , 2.11855e+06
-1.28559e+06 , 97934.7 , 1.23384e+06
527161 , 1.62576e+06 , -336259
-1.28039e+06 , 712462 , 68292.4
-328108 , -668851 , 907944
1.74998e+06 , -466107 , 1.39126e+06
-693327 , 640139 , 453100
179776 , -1.10192e+06 , 869103
159811 , 281434 , 2.65352e+06
-913163 , 430124 , -792737
1.39864e+06 , -1.2596e+06 , 141796
334658 , -718922 , 1.3582e+06
-2.48508e+06 , -291124 , 503867
-639207 , 151952 , 611519
598816 , 687540 , -485535
136291 , 370411 , 1.99534e+06
584889 , 211712 , 516300
1.43026e+06 , -1.1087e+06 , 752341
-506435 , 43094.7 , -1.8139e+06
-936952 , -1.39924e+06 , 1.37249e+06
-495541 , 978637 , -238987
-1.24972e+06 , -209833 , -241651
-592784 , 282482 , 220546
325060 , 519774 , -2.47776e+06
52916.5 , 64960 , -53297.1
-2.0314e+06 , -787733 , -1.79506e+06
1.13597e+06 , 515027 , -1.32987e+06
-867574 , 1.0295e+06 , -337817
1.09923e+06 , -51971.5 , -118030
84995.8 , 132239 , -344763
985013 , 539766 , 927586
676125 , 182208 , -1.70219e+06
-1.22436e+06 , -500558 , -912611
-11708.8 , 1.27323e+06 , -507987
-1.78052e+06 , -811323 , -498555
499467 , -729100 , 1.40277e+06
-1.42942e+06 , 357715 , -1.04678e+06
1.57952e+06 , 261532 , -273919
-948470 , 1.88817e+06 , 425114
-1.49688e+06 , -100278 , 548869
457886 , -731404 , -324723
-1.10674e+06 , 1.33322e+06 , 466573
342198 , -965538 , 372592
-283278 , -1.49911e+06 , -516413
-1.49748e+06 , -802979 , 315662
384954 , -990083 , 1.35337e+06
-1.02699e+06 , -2.54478e+06 , 353682
-1.22789e+06 , 1.15078e+06 , 2.02324e+06
-1.18365e+06 , -115525 , -1.11159e+06
-725624 , -797109 , 440318
727401 , 585441 , 1.36678e+06
-1.0016e+06 , -586029 , 1.73839e+06
-1.18615e+06 , -760541 , -550384
-1.10946e+06 , 1.85535e+06 , 617075
-45437.5 , 110248 , -210465
-190658 , 887908 , 392096
-412722 , -343934 , -168201
-113726 , -1.59124e+06 , 830634
-943904 , -360068 , -447862
-1.42428e+06 , 468147 , 580552
469517 , -1.07546e+06 , 1.26555e+06
2.17002e+06 , 989972 , 1.90951e+06
598781 , -855154 , -1.13231e+06
-48130.8 , -1.48667e+06 , -55008.7
-1.03553e+06 , -765139 , 1.25902e+06
420141 , -42619.2 , 54134.4
653465 , 151108 , 1.46677e+06
-1.54662e+06 , 464320 , 1.26501e+06
679924 , -4263.63 , 1.2497e+06
-545972 , -1.44187e+06 , -899525
-473472 , -793433 , 1.20962e+06
466337 , 1.00694e+06 , 1.59685e+06
122944 , -98218.7 , 705983
-512119 , 1.92317e+06 , 351097
1.55338e+06 , -397654 , 1.04561e+06
760944 , 600515 , 2.15151e+06
558028 , 1.05899e+06 , 696214
-533420 , -297943 , -1.44123e+06
1.16429e+06 , 914981 , 1.92236e+06
-1.359e+06 , -629797 , -1.01208e+06
1.20407e+06 , 1.91774e+06 , 229577
798943 , 729906 , -1.84753e+06
1.48213e+06 , 209091 , -424109
-1.58236e+06 , 1.39381e+06 , 160587
-615845 , 1.82778e+06 , 1.04939e+06
-493490 , -181622 , 1.71697e+06
-320821 , 5117.51 , 452957
-425413 , -191285 , 540062
-789607 , -2.34434e+06 , -754497
-885118 , 713619 , 59359.5
804816 , 247004 , 926566
-1.73837e+06 , -308517 , -471384
-15391.1 , -965345 , 1.58151e+06
-583322 , 17590 , -1.72952e+06
-209105 , -904592 , -38675.3
-602195 , -462319 , 600840
557113 , -1.63703e+06 , 596288
-90664.5 , -335110 , -834450
-106227 , -1.41202e+06 , 389083
-1.00538e+06 , -1.68631e+06 , 540980
1.88341e+06 , -811601 , 309814
931916 , 789872 , 680630
323064 , -71064.1 , -773604
-1.12687e+06 , 1.10977e+06 , 98006.6
-37473.6 , -343943 , 923207
1.13822e+06 , -1.07765e+06 , 1.91274e+06
-251763 , -438159 , 981154
1.93735e+06 , 435568 , 249244
1.31194e+06 , -381022 , 1.49651e+06
-1.04223e+06 , 84132.6 , -543822
-544294 , 1.86552e+06 , 1.36315e+06
-1.35371e+06 , 814573 , -108964
361529 , 1.28104e+06 , 444155
-1.3891e+06 , -1.13491e+06 , 887275
1.17065e+06 , 624771 , -435954
-1.74744e+06 , -391121 , -863235
-112026 , -147977 , -781541
403023 , 646263 , -242436
1.28284e+06 , -194740 , -316383
913369 , -1.35504e+06 , 1.22723e+06
-815883 , -167530 , 1.88427e+06
-237252 , 410799 , 851350
715866 , -28462.8 , 284194
-562255 , 964120 , 80745.8
-215769 , 1.24634e+06 , 1.6502e+06
-1.66718e+06 , -119825 , 1.29864e+06
1.27502e+06 , -12131.2 , -68289.6
785964 , 124207 , -1.58368e+06
-1.08655e+06 , -1.96963e+06 , 720944
755102 , 1.1466e+06 , 212832
-218416 , -395041 , -25954.1
252671 , -978461 , 1.03969e+06
-1.91959e+06 , -525906 , -897639
-88147.7 , 1.15313e+06 , 2.41371e+06
534864 , -593232 , 1.09901e+06
-79299.5 , -17290.7 , 278337
582754 , 758187 , 331204
1.66402e+06 , 23336.2 , 402060
-79285.9 , -737538 , 1.39312e+06
-901392 , -979556 , 283407
-1.45105e+06 , 1.8783e+06 , 150902
-824732 , -1604.34 , 981519
549038 , -419119 , 1.37796e+06
-1.20355e+06 , 934297 , -580768
-101839 , -80680.3 , 917998
537818 , -1.76408e+06 , 1.61413e+06
-1.70575e+06 , 1.3068e+06 , 1.65577e+06
643308 , 68969 , -1.07078e+06
1.25706e+06 , -599247 , 1.0533e+06
-196331 , -460526 , 1.53059e+06
-1.42269e+06 , -688724 , 797439
469343 , 895705 , 1.12654e+06
2.00462e+06 , -1.34537e+06 , 2.05663e+06
-168083 , 1.8007e+06 , -900575
-1.28274e+06 , -357278 , 477778
668723 , 1.44401e+06 , -1.45861e+06
1.08381e+06 , -176301 , 313351
-1.1593e+06 , -195512 , -104813
-646103 , 366534 , 2.07114e+06
-432629 , -572277 , 312644
-2.2422e+06 , 310551 , -527303
-1.11081e+06 , 1.43976e+06 , 241315
-10685.6 , -203038 , -1.41391e+06
-495389 , -527994 , 528630
-1.1007e+06 , 822969 , -413331
-1.02393e+06 , 433161 , 1.8218e+06
945453 , -507432 , 1.51804e+06
-153731 , 322622 , -1.90197e+06
1.49016e+06 , -449300 , 832779
-804474 , -980215 , 395792
-654344 , -197515 , 1.67218e+06
219669 , -469274 , 117026
-179748 , 1.03639e+06 , 932689
-430599 , 603140 , 2.11154e+06
1.56457e+06 , 964294 , -648462
1.23748e+06 , 226289 , -1.22379e+06
909545 , -88590.3 , 2.41249e+06
-532843 , -6841.57 , 48131.8
-818566 , -575325 , 827432
-804556 , 668671 , 493589
-678826 , -112503 , 153941
319555 , 1.03733e+06 , 314194
374956 , -207947 , 146094
-1.55956e+06 , -895374 , -658829
930909 , -204853 , 1.16503e+06
-303632 , 788200 , 2.88675e+06
1.55697e+06 , -2.82079e+06 , 626271
1.39411e+06 , -250690 , -833359
196774 , 1.53996e+06 , -658806
1.62202e+06 , 417070 , -1.28038e+06
8607.93 , -1.62513e+06 , -500572
527092 , 1.42569e+06 , -150601
-1.20605e+06 , 1.27608e+06 , 656067
-905997 , -131354 , 918675
-1.26935e+06 , 1.26842e+06 , 2.07144e+06
-175378 , -1.29522e+06 , -959024
-325246 , -390077 , -284520
1.25863e+06 , -1.11175e+06 , 1.93673e+06
377571 , 2.10087e+06 , 551195
461250 , 876611 , -82900.9
1.47743e+06 , -482212 , 972937
137894 , -2.17039e+06 , -168885
-980891 , 794361 , -130482
251905 , 1.02293e+06 , 1.39702e+06
-1.03094e+06 , -753913 , -1.46334e+06
-1.46452e+06 , 386631 , -339387
-1.21192e+06 , 1.09303e+06 , 149714
-943525 , 361066 , -72904.8
1.18065e+06 , 1.33169e+06 , 2.67993e+06
1.02226e+06 , 756532 , 1.12581e+06
1.37629e+06 , 1.09947e+06 , -377193
-64744.1 , -60743.2 , -1.83064e+06
371670 , -567193 , 2.06488e+06
1.94066e+06 , -1.48692e+06 , 944173
465351 , -1.62674e+06 , -680115
-584522 , 642799 , -2.28077e+06
-164701 , 221876 , 768177
638502 , 456350 , -65428.8
1.12322e+06 , -920170 , 865897
710684 , -652173 , 1.23451e+06
-1.34813e+06 , 9892.55 , 930940
-374544 , 2.19347e+06 , 781229
886144 , -1.51088e+06 , 811702
-426963 , 1.44708e+06 , 873124
-1.07143e+06 , -166706 , 913233
939715 , -497057 , -1.07857e+06
-1.51071e+06 , -418082 , -495836
-1.84578e+06 , -283537 , -742752
-432891 , 893999 , -646110
-1.86656e+06 , 91531.3 , 966598
-1.20566e+06 , 1.42675e+06 , 1.41077e+06
832686 , -416743 , 1.54037e+06
1.47737e+06 , 1.01205e+06 , 820944
-188940 , -208017 , 2.03972e+06
172034 , 2.16803e+06 , 454135
401787 , 17144.1 , 679628
-1.33699e+06 , 172644 , -9950.55
538815 , 469649 , 1.30608e+06
-731523 , -220617 , 3.03907e+06
869665 , 1.92464e+06 , 529258
-893505 , -1.92413e+06 , -241567
-144699 , -184267 , 1.48277e+06
-286740 , 358672 , -177444
-781019 , -191151 , 647800
1.1148e+06 , 1.83303e+06 , -32210.8
262427 , 894251 , -170666
-1.31126e+06 , -1.23464e+06 , 1.33831e+06
-596806 , 136808 , -1.6029e+06
592900 , -627854 , 1.75993e+06
1.09866e+06 , -92717 , -420724
1.04663e+06 , -1.10615e+06 , -1.3597e+06
-909027 , 1.14494e+06 , 935087
-813907 , -500114 , 2.3613e+06
-1.89184e+06 , -1.73702e+06 , -295773
-1.13591e+06 , 291922 , 1.80189e+06
-1.59745e+06 , -32395.4 , 2.00463e+06
1.76629e+06 , -173164 , 7975.83
-160450 , 622327 , 1.24028e+06
745283 , -321173 , 1.33049e+06
1.31333e+06 , -1.11469e+06 , 875080
618130 , 1.25724e+06 , -424479
-104041 , -2.15477e+06 , 829856
-180347 , -891528 , 145692
1.41679e+06 , 936880 , -831671
374805 , -1.4112e+06 , -1.61877e+06
-558501 , 1.46975e+06 , 1.027e+06
-1.84538e+06 , 373013 , -124684
-1.04325e+06 , 723584 , -333595
-693199 , 651454 , -206222
898976 , -734884 , 720482
188232 , 1.72265e+06 , 1.14962e+06
65870.2 , -548607 , -639147
2.49453e+06 , 983838 , -1.92194e+06
1.23137e+06 , -485040 , 646851
-782149 , -530369 , -544363
-523874 , -281649 , 1.54544e+06
-366345 , -534046 , -26829.3
-119126 , -1.54026e+06 , 2.74291e+06
463202 , 402126 , 953027
-351676 , 2.12651e+06 , 395187
-678687 , -788711 , -21153
-265648 , -122260 , 679253
-103516 , -1.15666e+06 , 539581
1.21224e+06 , -70800.1 , 1.01462e+06
-1.19293e+06 , 379210 , 1.69465e+06
742003 , -43110.1 , 1.25078e+06
-765691 , 727172 , -659755
-1.62872e+06 , -773591 , -123033
1.28059e+06 , 431033 , -216548
658974 , 1.40713e+06 , -400801
975060 , 1.13449e+06 , 700052
-276304 , -494784 , -831471
-1.0015e+06 , -1.10066e+06 , -555714
-1.69725e+06 , 214367 , 618855
748194 , 144009 , 880260
226288 , 573001 , -207068
631267 , 184347 , 950040
1.77285e+06 , 493454 , 1.24226e+06
-768665 , -843974 , 1.06861e+06
-1.39531e+06 , 887969 , 394359
1.17997e+06 , 41471.3 , 1.32374e+06
397385 , 1.32866e+06 , 857914
-960382 , 938863 , 1.09296e+06
-1.06448e+06 , 250091 , 173419
2.05146e+06 , -2.2767e+06 , 644375
314208 , 351543 , 525351
-255184 , 299960 , -63023.9
361580 , 486041 , -1.30639e+06
-359557 , 838583 , 1.51218e+06
689000 , -1.57701e+06 , -240940
-243032 , 1.71812e+06 , 418390
-319788 , -902448 , -274957
-220206 , 2.36892e+06 , -644569
-1.3416e+06 , 57588.1 , -106748
-428030 , -64225.6 , 667878
46220.3 , -813296 , -1.04935e+06
-1.54096e+06 , -402748 , 585066
2.00196e+06 , 26374.9 , -1.93281e+06
1.06181e+06 , -656888 , 605144
80688.4 , 2.10188e+06 , 25263.6
-460794 , -2.33445e+06 , -272152
1.82235e+06 , 359488 , -53679.1
-813006 , 464312 , 411972
1.41127e+06 , -1.9359e+06 , 179951
-450719 , -2.40246e+06 , 619369
-135385 , 1.26472e+06 , 629173
1.43724e+06 , -970840 , 1.07672e+06
516699 , 1.43467e+06 , 782214
1.45078e+06 , 933203 , -1.75198e+06
1.86009e+06 , 794856 , -849419
1.28155e+06 , -270350 , -907916
1.30062e+06 , 1.47627e+06 , 25920.5
-347777 , 466710 , -2.74053e+06
374157 , 587668 , 204496
744222 , -454843 , 1.94338e+06
-682743 , 628057 , 1.00385e+06
-491770 , -491796 , 712754
1.3684e+06 , -1.17352e+06 , 1.28629e+06
911076 , -181060 , 702194
-2.18003e+06 , 1.05842e+06 , 206658
2.40048e+06 , -865046 , 377579
533682 , 926615 , -341287
1.99649e+06 , 1.60616e+06 , 476118
1.98573e+06 , 1.03384e+06 , -176853
-786573 , -1.90267e+06 , -307329
867906 , -1.11494e+06 , -731388
-1.3103e+06 , -421320 , 1.26368e+06
-865552 , -801166 , 351511
1.70347e+06 , 1.02297e+06 , 484216
-886953 , -1.43955e+06 , 324147
-830854 , -1.27958e+06 , 1.02845e+06
-888492 , -312227 , 743715
458565 , 497679 , -763518
-2.17061e+06 , 77599.5 , 86222.2
-764615 , 670041 , 825946
1.55941e+06 , 834085 , 801976
84103 , 1.44246e+06 , 738770
604410 , 511702 , 159950
-1.73959e+06 , -847512 , -1.02351e+06
46138.5 , 45832.9 , -82848.6
230304 , -1.32195e+06 , 231587
12079.1 , -690596 , -853345
1.81352e+06 , -1.48385e+06 , -31323.4
-2.69593e+06 , -703656 , 1.29712e+06
402363 , -1.62137e+06 , 1.14276e+06
-1.14716e+06 , -988849 , -38752.3
1.19909e+06 , 643077 , -470359
75546.8 , -2.4004e+06 , -829390
309701 , 477782 , -1.07748e+06
2.09391e+06 , -457334 , 689478
152502 , 306839 , -615593
-574923 , 70012.3 , 966430
-729848 , -1.75184e+06 , -846441
-1.72754e+06 , -424999 , 27404.2
1.84171e+06 , -182094 , 1.99254e+06
-820323 , 846773 , 612344
-483135 , 268806 , 1.34842e+06
849193 , 182814 , 9733.03
-533760 , -619639 , -774145
428589 , 43420.9 , 1.87269e+06
119586 , -233534 , -496920
-1280.02 , -736917 , -458960
774690 , 915579 , 2.25264e+06
1.09428e+06 , -840154 , 58193.2
-1.52434e+06 , -1.12021e+06 , 716475
909633 , 583852 , -1.61659e+06
-179471 , 2.09896e+06 , 741715
-1.10147e+06 , 440965 , -783514
612311 , 216026 , -1.65897e+06
1.13623e+06 , 106982 , -1.08215e+06
-2.83178e+06 , 645921 , 2.49395e+06
2.2474e+06 , -978095 , -570.692
-1.24558e+06 , -1.88528e+06 , -134655
-378516 , -444044 , -234336
448190 , 169142 , 2.15695e+06
1.43378e+06 , 451892 , 1.76746e+06
-45137 , -132181 , 2.2934e+06
-1.00857e+06 , -1.41624e+06 , 730179
1.76325e+06 , 1.17404e+06 , 229863
1.24887e+06 , -80260 , 1.12435e+06
600839 , -289220 , -211487
-1.22869e+06 , -253927 , 941449
-397802 , 746002 , 2.07739e+06
-549558 , 422435 , -125405
-435137 , 613609 , 12949.1
276001 , 23457.9 , 341806
738017 , -1.67877e+06 , -39560.8
-301296 , 34793.1 , -122786
-629295 , 1.99463e+06 , 352495
-1.22001e+06 , -1.06594e+06 , -112712
277359 , -306331 , 1.71441e+06
1.21649e+06 , -1.27891e+06 , 1.21871e+06
-159509 , -1.29419e+06 , 825526
-338077 , 42669.6 , 1.88801e+06
777777 , -435147 , -165671
380723 , 2.00214e+06 , -1.03918e+06
2.59987e+06 , -673891 , 1.58229e+06
-1.8854e+06 , 279239 , -728443
274410 , 2.16113e+06 , -1.68825e+06
-298463 , 926953 , 1.11261e+06
-417084 , 1.66583e+06 , -962490
-332612 , -201524 , -180522
330863 , -575308 , -981106
-1.25671e+06 , -693796 , -948248
-968197 , -904336 , -1.11794e+06
-237861 , 189168 , 187431
30964.4 , 251046 , -1.64356e+06
192345 , 1.29212e+06 , 1.00266e+06
-458090 , 1.6258e+06 , 1.3234e+06
984170 , 198709 , 61633.6
824138 , -104323 , -74972.1
323186 , -33905.5 , 1.47457e+06
916339 , -353087 , 539088
893269 , -894532 , 952313
710396 , -1.318e+06 , 141117
-124262 , -1.02348e+06 , 143608
1.61796e+06 , 116011 , 1.53956e+06
-470030 , 1.57366e+06 , -633227
-106104 , 277481 , -848298
-154838 , -294997 , 382789
-1.65899e+06 , 1.84121e+06 , -360235
966410 , -1.17725e+06 , 1.27892e+06
1.31421e+06 , 853465 , 183063
125943 , -1.18862e+06 , 1.42504e+06
344333 , -431968 , -749584
789593 , 610814 , 1.6243e+06
-931241 , 678419 , -1.531e+06
1.05216e+06 , -879196 , 1.00025e+06
581589 , 389949 , -122880
779536 , 1.31274e+06 , 889119
-620838 , 1.32459e+06 , -444995
248578 , -1.34834e+06 , -159444
807000 , 324850 , -814716
-398138 , 1.54043e+06 , -1.90853e+06
-2.00669e+06 , 59766.1 , -286945
700171 , -361143 , 50081.6
652222 , -1.34743e+06 , -293790
-1.16728e+06 , -1.54984e+06 , 493620
-432635 , -620029 , -386305
626915 , 867184 , -607162
140082 , -372251 , 1.14616e+06
-1.03505e+06 , -20074.9 , 1.00441e+06
470059 , -1.37565e+06 , -653750
1.08684e+06 , -997231 , -1.97314e+06
-510034 , -694923 , 174889
-1.82799e+06 , -46095.9 , 322363
3407.41 , 47088.8 , -19773
673276 , 1.10982e+06 , -43597.2
-206190 , -224465 , 205402
-1.08503e+06 , 827168 , -179708
1.66994e+06 , 55334.7 , 381176
-1.6028e+06 , 543201 , -212513
-115744 , -91225.5 , 752792
303697 , 11154.9 , 1.44608e+06
930987 , -2.17605e+06 , -319741
586715 , 931486 , 1.74057e+06
469811 , -1.10066e+06 , 2.32462e+06
386289 , 882402 , 1.02431e+06
1.74658e+06 , 918644 , -275119
511443 , -669141 , 902777
-1.11749e+06 , -726637 , 404044
1.95656e+06 , -544669 , 596907
228851 , 232936 , -1.85332e+06
1.51958e+06 , -1.11022e+06 , 1.83038e+06
-589927 , 488996 , -773062
610722 , -372462 , -615027
-977038 , 114297 , 453203
-392868 , 750199 , -631610
-390368 , 908837 , 1.01474e+06
-199281 , 328454 , -455423
2.28801e+06 , 517949 , -145669
-709888 , 324641 , -691961
-654076 , 949861 , 1.49393e+06
379518 , -162137 , 1.73467e+06
1.28109e+06 , 2.02854e+06 , 169973
765810 , 850992 , 552266
-1.86747e+06 , 3018.85 , 1.36801e+06
990941 , 324177 , 1.17442e+06
382278 , 540322 , -517524
-1.64814e+06 , 513194 , 209349
343600 , -1.59131e+06 , 532207
-800903 , 613393 , 2.54841e+06
1.89852e+06 , 83506.2 , -1.79372e+06
-37518.2 , -1.2276e+06 , 159351
969128 , 1.09412e+06 , -1.06934e+06
614261 , 729111 , 784171
1.40529e+06 , 1.486e+06 , 320934
605244 , 882280 , 1.12846e+06
727913 , -1.29449e+06 , -580337
688379 , 596504 , 722118
1.03647e+06 , -411204 , -721077
-22476.7 , 68632.9 , -41904
411675 , -1.07917e+06 , 1.58292e+06
-687745 , 231767 , -895718
-1.91906e+06 , 491848 , 349055
916558 , -1.38128e+06 , 302659
528570 , -780354 , 439838
1.33999e+06 , 1.65493e+06 , 784485
1.01341e+06 , -1.0808e+06 , 341829
-786122 , -716982 , -861988
338706 , -1.68643e+06 , 409946
-1.78361e+06 , 549752 , -426103
-1.55814e+06 , 218684 , -746751
-122169 , 617181 , 1.79633e+06
-1.28828e+06 , -1.48051e+06 , 621892
733254 , 1.0748e+06 , -229913
2.03165e+06 , 977092 , -62765.3
1.48648e+06 , 356698 , -191609
1.22391e+06 , -401463 , 2.98861e+06
-2.21627e+06 , 321891 , 1.79419e+06
1.37526e+06 , -544439 , -166465
1.03728e+06 , -35739.6 , -198832
-1.28887e+06 , -1.397e+06 , 1.25085e+06
1.34666e+06 , 1.30658e+06 , -579350
-1.247e+06 , -643169 , -446255
-1.11286e+06 , -870755 , -601973
-803945 , -437967 , 536920
1.53383e+06 , -473333 , -1.04204e+06
-1.39934e+06 , 728842 , 1.11165e+06
549358 , -1.50761e+06 , 569926
-385526 , 1.98066e+06 , -224753
-986224 , -1.47616e+06 , 1.17054e+06
-1.30251e+06 , 293853 , 1.52972e+06
-1.11266e+06 , -692716 , -564510
102469 , 805487 , 949928
-1.9797e+06 , -826191 , -536232
1.01597e+06 , -1.40968e+06 , 914778
1.24726e+06 , 64662.4 , -1.62959e+06
366723 , 1.17077e+06 , 984907
831495 , -1.73873e+06 , 1.76882e+06
-2.3334e+06 , 1.44845e+06 , -15646.8
654466 , 1.03489e+06 , -860536
253955 , 2.24165e+06 , 548888
-1.38295e+06 , -1.59334e+06 , 1.09661e+06
-1.0865e+06 , 1.92884e+06 , -406753
-1.09095e+06 , -367521 , 382578
1.03019e+06 , 752433 , -1.97778e+06
-1.11898e+06 , 255156 , 174188
-1.20129e+06 , 241920 , 7325.83
888236 , -971376 , 891985
-142663 , 984383 , -1.04281e+06
393859 , -790629 , 544339
733442 , 1.62422e+06 , 188962
828675 , 200309 , 792780
-108510 , 201508 , -861999
-387015 , -1.15376e+06 , 145781
-1.30139e+06 , 1.70392e+06 , 1.2288e+06
454058 , 1.40433e+06 , -2.12752e+06
253115 , 2.11745e+06 , 1.14998e+06
-319076 , -1.45744e+06 , 462359
234169 , 684712 , 1.01662e+06
-591935 , -1.13823e+06 , 1.16922e+06
229992 , -1.5873e+06 , -815858
-373913 , 683466 , -856890
-58897.2 , -182444 , 795929
-3437.06 , -612901 , -364305
512237 , -368240 , 2.26325e+06
226756 , -653524 , 1.65408e+06
218068 , 1.10518e+06 , -406483
-1.03348e+06 , -1.5844e+06 , 341360
-2.0413e+06 , 679479 , -85660.3
1.34265e+06 , -808715 , 2.07282e+06
194538 , -2.04937e+06 , -621238
-684887 , -735713 , 281412
-1.83843e+06 , 187641 , -1.64498e+06
1.05407e+06 , -2.84022e+06 , -815241
-63610.8 , 1.68691e+06 , 1.49546e+06
1.5894e+06 , 304421 , -2.36128e+06
-2.5172e+06 , 93259.1 , -351616
265351 , -178411 , -1.85779e+06
630947 , -601059 , -1.32362e+06
1.09634e+06 , 890505 , 2.12862e+06
-630244 , 460652 , -641869
-872404 , -632455 , -1.20887e+06
1.17163e+06 , 1.05883e+06 , 1.54406e+06
-1.0461e+06 , -322632 , 27363.2
105595 , 1.14347e+06 , 610900
389325 , 132958 , -1.64436e+06
2.35696e+06 , -240740 , 1.44193e+06
559313 , -333006 , 675477
-1.13637e+06 , -468553 , -650739
-847628 , -522605 , -757693
-1.10817e+06 , -232785 , 1.32029e+06
1.01987e+06 , 1.30868e+06 , 940462
-331241 , 473164 , 1.00998e+06
-162397 , -1.47141e+06 , -618686
1.16101e+06 , 247220 , 565237
-960754 , 178889 , 442842
635338 , -1.88473e+06 , -585806
-2.31818e+06 , -487618 , -148752
-479304 , 935165 , -57059.3
-777097 , 169892 , 2.14743e+06
65091.3 , -1.23703e+06 , -609763
664180 , 513323 , -855392
1.26259e+06 , 1.22519e+06 , -578631
-615332 , -10561.6 , 661252
-679206 , -968822 , -1.223e+06
559717 , 2.18728e+06 , -481811
1.24775e+06 , 1.63105e+06 , 809028
-827842 , 1.12256e+06 , -2.06557e+06
-1.52321e+06 , 148976 , 1.27178e+06
-980310 , 724352 , 491007
20817.1 , -1.20695e+06 , -893280
-92919.6 , 1.62613e+06 , 665639
-211966 , 167777 , 1.4352e+06
-2.78443e+06 , 546575 , 1.47208e+06
-1.51577e+06 , 1.45651e+06 , 671992
-1.12048e+06 , 433918 , -785683
715535 , 1.15983e+06 , 1.25352e+06
-1.25695e+06 , 728786 , 946985
-1.08535e+06 , 1.69023e+06 , 637607
381491 , -244756 , 1.02888e+06
814107 , -959706 , -1.12739e+06
424976 , 326668 , 221276
836164 , -113830 , 306946
-698998 , -607207 , -1.06742e+06
29378.3 , -1.9463e+06 , 1.1476e+06
1.02989e+06 , -556088 , 116346
-353891 , -927933 , -1.94147e+06
1.0453e+06 , 126443 , 177702
2.11385e+06 , 1.1029e+06 , 4291.88
-936391 , -1.64857e+06 , -572235
-755476 , -384177 , 1.64742e+06
223064 , -2.0391e+06 , -82649.3
400146 , -1.54217e+06 , 884092
-192880 , 424514 , 188840
95727.4 , -205865 , 1.37074e+06
-512417 , -170900 , -506148
135040 , -589156 , 2.18868e+06
712934 , -615840 , -653981
-701778 , -385077 , 914734
743430 , 445876 , -539610
-1.72159e+06 , 54235 , 1.73953e+06
-296.099 , -1.33916e+06 , 617105
572968 , 32916.9 , -27147.9
2.89939e+06 , -1.15719e+06 , 1.30194e+06
-1.46621e+06 , -657345 , 249099
-328686 , -1.42751e+06 , 280397
-149335 , 244645 , 1.17626e+06
1.13587e+06 , 1.3957e+06 , -101760
-1.60346e+06 , 782718 , 469748
-972612 , -414410 , -1.25053e+06
571500 , 698706 , -247545
294571 , -595968 , -332524
1.75967e+06 , -845329 , 327454
-399532 , 2.19205e+06 , 867170
1.02589e+06 , 1.70632e+06 , -1.04017e+06
-601195 , -125240 , 1.34017e+06
-158526 , 580330 , -1.64243e+06
-569475 , 1.47691e+06 , 661456
-622804 , 1.23212e+06 , -274761
-1.25862e+06 , -1.09058e+06 , 209559
-375755 , -85373.6 , 2.15739e+06
-1.00508e+06 , 204551 , 1.68002e+06
-83001.1 , 958800 , 1.66061e+06
-86919.7 , -564157 , 656259
742321 , 1.04252e+06 , -1.10418e+06
1.78139e+06 , -1.45155e+06 , 1.94917e+06
-637356 , 1.26619e+06 , 1.58613e+06
-1.42838e+06 , 979699 , -728951
779014 , 409262 , 661624
-284569 , 660308 , -87657.9
233259 , -1.38247e+06 , -431029
-1.06041e+06 , 1.37773e+06 , 281420
-1.08984e+06 , 754237 , -663107
705450 , -903203 , 901124
1.04577e+06 , -2.31658e+06 , -218194
-202659 , 236720 , 747345
1.04103e+06 , 894240 , 131316
-1.55868e+06 , 75406 , 1.12202e+06
-560532 , 823881 , 2.02522e+06
-98826.8 , 1.22335e+06 , -1.08705e+06
1.82318e+06 , 887554 , -616735
-510435 , 552833 , 1.12276e+06
-2.07963e+06 , -51806.3 , 804552
-1.41257e+06 , 470316 , 1.20353e+06
-1.40877e+06 , -224098 , 1.61638e+06
-1.53548e+06 , 57415.3 , 317407
1.61242e+06 , 361353 , 1.07637e+06
-607837 , 1.09881e+06 , -1.00346e+06
1.64002e+06 , 1.07916e+06 , -359612
1.4319e+06 , -2.1626e+06 , -36482.9
764840 , 538772 , -1.76736e+06
-1.20486e+06 , 338918 , -173476
-1.16709e+06 , 1.34849e+06 , -1.64856e+06
-1.05822e+06 , -1.37012e+06 , -1.67815e+06
-156088 , 171408 , 963492
103394 , 377229 , 399679
-868568 , -847129 , -22615.8
-284110 , 1.79792e+06 , -37059.2
1.23792e+06 , -333295 , 923191
-223931 , 637044 , 814924
765646 , -851331 , 1.27652e+06
-408831 , -79258 , 112782
1.12548e+06 , -1.28378e+06 , -1.10139e+06
-2.39004e+06 , 103062 , 19854
-1.22222e+06 , 107976 , -370634
-172656 , 917821 , 2.05657e+06
-1.01969e+06 , 1.38086e+06 , 302752
-1.13459e+06 , -1.86705e+06 , 1.46327e+06
1.37919e+06 , 398506 , 1.75675e+06
-808067 , 1.33782e+06 , 569061
15821.3 , 2.40807e+06 , 316228
-986306 , 386685 , -1.27065e+06
-1.24293e+06 , 1.12029e+06 , -337928
-335757 , 1.72798e+06 , -883521
-405658 , -2.20794e+06 , -112683
-1.50147e+06 , 572174 , 657401
-511000 , -271444 , 1.07959e+06
-508210 , -1.68296e+06 , 835508
-1.71351e+06 , 259865 , -63877.5
-766920 , 1.86808e+06 , -756604
-65712.7 , -1.6269e+06 , -148056
1.46275e+06 , 640099 , -1.12819e+06
236583 , 1.73113e+06 , -1.87771e+06
-954215 , -1.96018e+06 , -708777
-934014 , 1.89762e+06 , 110739
-1.76348e+06 , 405501 , -136964
-2.21971e+06 , 240849 , 379996
729077 , 2.02513e+06 , -673707
559964 , -273371 , 105651
1.66333e+06 , 212062 , 51536
-762471 , -228929 , 902334
1.48952e+06 , -2.18486e+06 , -656708
588570 , 338088 , 651324
1.34532e+06 , -1.38642e+06 , 1.76714e+06
1.15814e+06 , -166751 , 805343
-599259 , 313506 , 2.3027e+06
688903 , -1.09273e+06 , -64812.1
-1.78167e+06 , 520730 , 365393
300088 , 1.2354e+06 , 1.3285e+06
363485 , 834291 , -1.84914e+06
387945 , 354903 , 446980
-921717 , -7202.08 , -430644
211203 , -183151 , 1.98031e+06
-856493 , 256409 , 154470
-1.03723e+06 , 1.30216e+06 , -139966
2.1529e+06 , -265432 , -823729
101836 , -341617 , -725840
1.62214e+06 , 78350.8 , 300470
46957.9 , 614031 , -1.61549e+06
-241402 , 921096 , -1.16583e+06
48979.4 , -520069 , -1.54123e+06
-41762.5 , 179463 , 736060
-223362 , 1.65195e+06 , 1.60373e+06
-1.10801e+06 , -968007 , 740572
1.02152e+06 , -661278 , -744255
142960 , 1.0806e+06 , -1.58983e+06
441624 , -1.323e+06 , 88821.1
66402.5 , 1.712e+06 , 504766
1.42543e+06 , 248494 , 1.58872e+06
-1.09975e+06 , -1.57324e+06 , -688047
416554 , 1.63558e+06 , -655576
556036 , 498434 , -1.93714e+06
1.77564e+06 , 1.63125e+06 , -911531
-529407 , -82510.9 , -1.11979e+06
-426641 , -827482 , 811472
-212599 , 1.27048e+06 , 2.25604e+06
1.60869e+06 , -814272 , 477208
1.4036e+06 , -93349.1 , 1.51119e+06
878090 , 770378 , 385060
-218732 , -1.27439e+06 , -561319
-113518 , 411016 , 1.75849e+06
920126 , 1.76297e+06 , 70953.5
-2.3201e+06 , 403300 , 437941
-1.22455e+06 , 1.78326e+06 , -17490.4
775315 , -35302.4 , 335057
-236911 , -424380 , -2.23028e+06
-1.4e+06 , -74100.5 , -268433
-494306 , -350684 , -1.85273e+06
-904049 , 157482 , -595055
-88842.9 , -761836 , 1.86837e+06
596415 , -349766 , -262942
-1.97803e+06 , 996722 , -16667
1.82059e+06 , -1.73293e+06 , 210994
2.28262e+06 , 181781 , 1.03457e+06
613354 , 923439 , -1.12812e+06
525736 , -141450 , 1.18312e+06
1.35285e+06 , -262332 , 209140
-453539 , 729628 , 1.17921e+06
-565826 , -494901 , -1.25492e+06
129989 , 167839 , -742364
10509.8 , 571997 , 1.49149e+06
-1.70643e+06 , -442995 , 1.36431e+06
940275 , -2.51823e+06 , 1.04335e+06
1.05808e+06 , -1.78028e+06 , -165777
-1.46928e+06 , -559569 , 319203
341732 , -1.03894e+06 , 10222.9
-955927 , 1.8131e+06 , -1.20093e+06
1.48192e+06 , -563989 , -993707
-685057 , -1.105e+06 , 1.46533e+06
302567 , 739874 , -15503.7
130360 , -1.04061e+06 , 1.62419e+06
1.25826e+06 , 686173 , 1.24324e+06
195573 , 132145 , 1.61132e+06
-1.75997e+06 , 1.13814e+06 , -1.90244e+06
-916402 , 202566 , 404176
419877 , 1.38019e+06 , -1.75494e+06
1.5424e+06 , 1.05093e+06 , -1.76097e+06
-1.86884e+06 , -44914.7 , 136313
174032 , -1.14099e+06 , -748403
285623 , -655667 , 675637
-426845 , 1.13554e+06 , 693344
502466 , -2.48816e+06 , -553961
1.72796e+06 , 965286 , 1.23613e+06
-563085 , 932454 , 766099
-1.45554e+06 , -717959 , 1.65536e+06
22550.4 , 557511 , 1.23133e+06
447201 , 362274 , 435453
9998.2 , 643023 , -672554
1.35445e+06 , 593824 , 1.04345e+06
1.37234e+06 , -1.44621e+06 , -618300
1.48396e+06 , -456822 , 944880
9373.25 , -1.00394e+06 , -1.35027e+06
-192568 , 1.80737e+06 , 676745
-155318 , 834160 , 9785
924813 , 1.5378e+06 , 1.68767e+06
-742183 , -1.67116e+06 , 641080
-989011 , -1.63009e+06 , 1.51497e+06
325940 , 520261 , -555887
-90692.7 , -880801 , -1.18419e+06
-1.58773e+06 , 772360 , 1.28165e+06
-100980 , 628663 , 945643
-18787.7 , -364642 , -1.67836e+06
-415074 , -340440 , 1.54041e+06
2.03806e+06 , -715381 , 1.34781e+06
-990882 , -1.00072e+06 , -1.61466e+06
1.09893e+06 , 540147 , 1.22262e+06
1.21727e+06 , -156578 , -307102
-1.27959e+06 , -558693 , -169276
1.10476e+06 , 1.39767e+06 , 16855.5
1.14258e+06 , -1.01894e+06 , 592549
966382 , -238065 , 768468
125762 , 580929 , 3.26003e+06
-528344 , -984510 , 2.38745e+06
-1.70026e+06 , 316372 , 236773
-279924 , 151950 , 907846
1.28027e+06 , 739352 , -996257
852974 , 492608 , -1.26959e+06
-2879 , -433980 , 1.59398e+06
110281 , -1.23547e+06 , -1.22056e+06
825515 , -1.38507e+06 , 39957.1
-421116 , 847698 , 1.88491e+06
2.01304e+06 , -692838 , -427271
-949840 , -1.16902e+06 , 61291.4
404729 , 805666 , -978890
455129 , -1.31466e+06 , 974961
-1.46937e+06 , 729562 , 62455.4
971709 , -108333 , -1.47809e+06
154871 , 1.1711e+06 , -451332
-210972 , 8821.88 , -271627
284545 , -1.85045e+06 , 1.34629e+06
-1.25824e+06 , 680294 , -689628
750307 , -683006 , 2.02257e+06
-1.2162e+06 , -1.39452e+06 , 944217
87659.6 , -1.37251e+06 , -216230
-1.74402e+06 , 560910 , 1.63188e+06
-1.28495e+06 , 1.26634e+06 , 415521
2.06883e+06 , 1.29907e+06 , 640880
384909 , -242935 , -433824
91922 , -1.04052e+06 , 67424.4
625126 , -257285 , 2.40296e+06
2.54512e+06 , 452822 , -482264
1.1708e+06 , 1.18345e+06 , 276214
1.02138e+06 , -32673.9 , -1.87739e+06
-59779 , 1.02443e+06 , 2.39199e+06
1.80383e+06 , 253178 , 2402.19
-2.15178e+06 , -337780 , -564539
455930 , -1.37863e+06 , 582668
1.50975e+06 , -129045 , -1.85899e+06
-1.53009e+06 , -609675 , -175586
-1.40078e+06 , -818291 , 2.22729e+06
409301 , -667319 , 3.53175e+06
-1.855e+06 , 449512 , 547358
-329883 , -914660 , -732889
2.0447e+06 , 555620 , 501449
1.38241e+06 , 88114.8 , 1.36615e+06
-122173 , -1.75595e+06 , 2.52111e+06
-245181 , -244957 , 948851
-1.2055e+06 , -547412 , -1.96027e+06
-1.10246e+06 , 1.0606e+06 , 697110
1.24873e+06 , 531043 , 558210
630323 , 1.00786e+06 , 311200
-62574.6 , -1.37809e+06 , 1.0805e+06
-531474 , -581496 , -573226
830275 , -708614 , 581810
712874 , 425769 , 1.79276e+06
531527 , 1.36671e+06 , 340114
-1.51547e+06 , -212001 , -77456.9
76454.8 , 2.01312e+06 , -304242
670954 , 393164 , -1.02538e+06
220492 , -117643 , 1.38429e+06
1.54493e+06 , -298173 , 855516
453197 , 391597 , 891856
1.63397e+06 , -562821 , 623611
556990 , -3084.07 , 444308
-363305 , -518594 , 564484
-789616 , 1.00664e+06 , 1.46574e+06
284887 , 861077 , -1.78772e+06
727640 , -699485 , -408582
-671044 , 909984 , 1.5306e+06
1.98968e+06 , -1.2147e+06 , 598760
-1.07565e+06 , -1.12877e+06 , 624640
1.8031e+06 , 262916 , -1.10464e+06
141856 , 118245 , 1.68414e+06
-770313 , 857497 , -972142
-1.25623e+06 , 2.36392e+06 , -309386
-1.24131e+06 , -4887.3 , -1.78258e+06
-529269 , -429474 , 959863
612856 , -938639 , 468073
80597.4 , -145400 , 176960
-2.37239e+06 , 400184 , 1.18611e+06
-604808 , 1.62377e+06 , -1.37419e+06
-475657 , -1.94414e+06 , 725350
1.97888e+06 , -2.2913e+06 , -63763.8
26863.2 , -748904 , 487839
-807024 , 43537.7 , 1.9769e+06
609979 , 1.3487e+06 , -283983
1.17866e+06 , 1.94418e+06 , -590955
333312 , -1.0006e+06 , -556567
-325891 , -586632 , 2.39619e+06
-171193 , -190334 , -1.21836e+06
-644390 , 354424 , -1.4426e+06
493419 , 1.72129e+06 , 118102
-1.13481e+06 , -1.11512e+06 , -283185
248958 , -827297 , 512211
418625 , 1.57062e+06 , -574285
559895 , -1.91379e+06 , 1.3316e+06
-59128.9 , -2.17896e+06 , 1.23926e+06
-482977 , 1.46359e+06 , 2.32922e+06
452023 , -215300 , 1.02323e+06
-545901 , 22092.9 , 249514
-1.54579e+06 , -18893.1 , 919139
1.42971e+06 , 1.13256e+06 , -738901
377082 , -1.40105e+06 , 1.04605e+06
-262443 , 2.00008e+06 , -158599
755938 , 491583 , -1.16775e+06
-2.01103e+06 , -99129.5 , -1.21568e+06
-103146 , 218438 , -1.32147e+06
-89549.4 , 697579 , -688285
-969295 , -506867 , 376012
1.94535e+06 , -2.43043e+06 , -865262
-161823 , 492285 , 516699
795857 , 1.36385e+06 , -470704
1.68077e+06 , 1.26619e+06 , -205669
1.39374e+06 , -424115 , 2.03283e+06
-1.00972e+06 , -733439 , -22524.5
-313701 , -25283.7 , 1.97739e+06
1.2525e+06 , 337295 , -536054
2.00662e+06 , 348106 , 483294
1.21478e+06 , -141798 , 143827
-777900 , 1.3701e+06 , -332527
-1.4498e+06 , -254368 , 798032
256406 , 878794 , -281509
114020 , -728320 , -949187
582100 , -37274.2 , 972979
-1.74355e+06 , -221568 , 1.74333e+06
2.2174e+06 , 338097 , 944158
370981 , -1.70326e+06 , 2.37305e+06
-591601 , 1.1897e+06 , -1.08039e+06
594707 , 1.7152e+06 , 222013
-499255 , 660414 , 1.25797e+06
59427.1 , -316342 , 1.04149e+06
-349449 , 1.11836e+06 , -197914
801200 , 798444 , -944474
161122 , -2.34114e+06 , -336319
-1.46094e+06 , -1.55681e+06 , 280837
-396701 , 1.52912e+06 , 177509
-206975 , -1.45884e+06 , 575027
63435.9 , 2.27753e+06 , -423084
-493127 , 145722 , 462033
1.17474e+06 , -1.79288e+06 , -407554
1.06353e+06 , 859845 , 69070.1
610903 , -718022 , -382986
-152649 , 1.65471e+06 , -580188
396854 , 326272 , 992876
396497 , 341762 , -78594.7
500819 , 1.23124e+06 , 471106
-417373 , 1.51427e+06 , -741156
902626 , -1.74757e+06 , 109781
-1.42281e+06 , -695416 , 1.44079e+06
1.4368e+06 , -586115 , 772655
-769060 , -1.28395e+06 , -738273
1.60949e+06 , 1.0153e+06 , 490390
1.40696e+06 , -120787 , 2.02077e+06
898683 , -994004 , -113769
511299 , -406392 , -1.08546e+06
-795101 , 1.51983e+06 , 481388
-2.52013e+06 , 167949 , -149524
854908 , 1.82645e+06 , -685359
743217 , 2.35618e+06 , -455328
1.54586e+06 , 164465 , -1.96336e+06
-1.34701e+06 , 1.20801e+06 , 511734
-574577 , 1.36015e+06 , -723514
30853.6 , 1.0513e+06 , -526658
808366 , -1.60002e+06 , -908319
-1.16879e+06 , 809107 , -676867
1.86336e+06 , -1.3726e+06 , 492576
-649603 , -802968 , -812243
996063 , 1.87579e+06 , 640075
-710997 , 1.66216e+06 , 50221.2
276288 , -639224 , -1.46346e+06
-11853.7 , -2058.42 , 1.74843e+06
331963 , -14035 , 1.7119e+06
383008 , 2098.1 , 983763
122896 , -184428 , -587461
1.38102e+06 , 1.75492e+06 , -527120
1.44115e+06 , 597895 , -506756
-825044 , 1.03253e+06 , 354582
919795 , 447449 , -1.0702e+06
1.67067e+06 , 867367 , -455652
-650737 , -1.44079e+06 , -1.01066e+06
858492 , -75081.5 , -505419
-668998 , -710212 , -903722
868197 , 973546 , 890920
1.06416e+06 , 1.12696e+06 , -739238
-521320 , -246028 , 1.11137e+06
858807 , 916952 , -1.48021e+06
-197484 , -74248 , -315638
-733545 , -817450 , 2.04914e+06
379155 , -267946 , -1.47058e+06
1.51741e+06 , 1.00929e+06 , 644384
211708 , -327327 , 1.49232e+06
729403 , -209006 , -880543
-616456 , -1.60752e+06 , 283610
-609540 , 1.46646e+06 , 3.34263e+06
-647646 , 809648 , -257799
-161425 , -974001 , 34685.1
-1.48167e+06 , -517501 , 128932
-624398 , -1.29668e+06 , 1.95037e+06
1.21463e+06 , 1.36834e+06 , 554935
281311 , 706654 , 631836
-809743 , -236441 , -358836
1.28785e+06 , -1.70423e+06 , -1.09638e+06
-844782 , 58665.1 , -1.80077e+06
731221 , -306493 , -1.07507e+06
-1.54229e+06 , -89530.1 , -1.12872e+06
-2.21772e+06 , 558496 , 1.4664e+06
-126994 , 1.44838e+06 , -973671
-1.32639e+06 , 662484 , -1.18685e+06
-419708 , 1.03498e+06 , 284341
793508 , 1.2854e+06 , -203498
127939 , -173634 , -382844
-924317 , 1.21629e+06 , -535188
184618 , 1.46476e+06 , 1.14757e+06
-710921 , 311069 , 1.60765e+06
177456 , -657473 , 2.56301e+06
-183785 , -1.98989e+06 , 1.36667e+06
828459 , -898898 , 281604
1.09519e+06 , -322747 , 1.19595e+06
-151921 , 878433 , -2.07298e+06
430376 , 1.33271e+06 , 177176
-1.12618e+06 , -1.61123e+06 , -440551
-1.52542e+06 , 1.19848e+06 , -1.6684e+06
12254.8 , -631261 , 1.07457e+06
-1.01601e+06 , -1.14961e+06 , -1.68596e+06
-359160 , -2.3048e+06 , 376658
553018 , -720017 , -196949
1.691e+06 , 796.974 , 850111
61046.2 , 358665 , 1.00286e+06
481639 , 350902 , 1.05084e+06
793167 , 755165 , 1.3157e+06
609007 , 554396 , -954533
-344971 , 1.03328e+06 , 346493
-632719 , -49987.7 , -1.86792e+06
940687 , 1.26999e+06 , -286023
-259862 , 162059 , 2.29397e+06
507436 , 22259.4 , -1.59721e+06
122667 , 1.53164e+06 , 1.35085e+06
2.76049e+06 , 1.44891e+06 , 8029.59
-794474 , 1.41669e+06 , -318138
54567.2 , -198207 , 748135
-172184 , 1.42752e+06 , 451019
1.23339e+06 , 468038 , 540698
-684610 , 321096 , 123442
-245032 , -876852 , 438985
-1.60858e+06 , -311606 , 444005
-197571 , 490329 , 1.04797e+06
-612883 , -12302.3 , -355258
909157 , 563794 , -270324
-1.33511e+06 , -293019 , 1.03356e+06
780513 , 116178 , -1.46055e+06
-345657 , 1.34626e+06 , 986841
-204442 , -71544.9 , -770503
523627 , -156189 , -514914
2.3545e+06 , 889191 , 419229
-698209 , -797655 , 803053
2.10879e+06 , 589939 , -492787
-417805 , -29810.3 , 1.12445e+06
796673 , 671230 , 2.59005e+06
34052.3 , 178408 , 2.21075e+06
-1.38947e+06 , -209778 , 1.76345e+06
-221762 , 1.35944e+06 , -1.11903e+06
-858334 , -1.10095e+06 , 1.07459e+06
920105 , 2.02948e+06 , 1.26849e+06
57878.2 , 1.51083e+06 , 489885
-976601 , -330910 , -448273
1.2976e+06 , 1.45147e+06 , -998426
-1.45282e+06 , 744333 , -571575
-849083 , -1.48171e+06 , 1.16628e+06
678328 , 80877.1 , 909935
-737231 , -1.41889e+06 , 330052
672094 , 745912 , 1.15963e+06
859854 , -752946 , -352895
435628 , -1.74592e+06 , 1.40399e+06
-945618 , -1.413e+06 , 919849
419215 , -1.93172e+06 , 1.61162e+06
-510717 , 1.21352e+06 , 977701
1.35253e+06 , -223242 , -498186
-551621 , 1.17745e+06 , 76134
-952690 , -99293.1 , -843541
-1.76344e+06 , -1.28244e+06 , -636504
-203132 , -1.02658e+06 , 1.65019e+06
-292820 , -814498 , 72900.7
903483 , 1.38484e+06 , -735355
225892 , -1.40249e+06 , 451307
939729 , -663531 , -618048
1.52974e+06 , 225693 , 1.18907e+06
-1.47822e+06 , -144402 , 1.1038e+06
157377 , 604259 , -447763
1.49266e+06 , 433431 , 2.44492e+06
1.00429e+06 , 2.05207e+06 , -697761
-776441 , -1.1347e+06 , -639658
1.90794e+06 , -1.48228e+06 , -1.38973e+06
1.04931e+06 , 772450 , -125025
-162457 , 870853 , -946182
393843 , -65478.2 , -1.31339e+06
1.36754e+06 , -1.59931e+06 , -301769
-1.02008e+06 , 498935 , 515596
-2.44567e+06 , 1.27462e+06 , 1.29317e+06
649865 , -187024 , -1.2358e+06
199797 , -1.35418e+06 , -1.37339e+06
459150 , 1.80558e+06 , -548712
-1.10125e+06 , -527313 , 177944
-907385 , 541877 , -1.37141e+06
454968 , -142369 , 1.80965e+06
-51506.3 , 1.44008e+06 , -520752
-1.17187e+06 , 579808 , 1.04433e+06
403736 , -427026 , 707079
131720 , -466117 , -296169
472949 , 1.08083e+06 , 275006
1.36915e+06 , -687287 , 908216
235803 , 101829 , 2.68151e+06
1.35064e+06 , 382334 , -362987
1.17253e+06 , 198119 , 278736
-621653 , -1.24444e+06 , 338776
-38652.9 , 788340 , -379027
-799764 , 1.33921e+06 , 981790
573962 , -1.9643e+06 , 700005
-478992 , -237126 , -624502
-718178 , 1.47207e+06 , 950596
959239 , -1.73667e+06 , 140231
-1.5502e+06 , 191929 , 175161
-138042 , 1.9853e+06 , 730795
223748 , -40432.5 , 472585
-1.01241e+06 , -419040 , -369173
-987774 , 1.12632e+06 , 1.03062e+06
-207333 , -249294 , -1.46787e+06
-1.80619e+06 , -267336 , 732971
-1.79291e+06 , -160595 , -553114
-115057 , -1.08109e+06 , -179137
612786 , -1.27338e+06 , -129723
279212 , 237017 , 2.56707e+06
-145350 , 1.84886e+06 , 1.76623e+06
445968 , 685169 , -628861
-1.32918e+06 , -1.30496e+06 , -379312
1.24606e+06 , -92877.9 , 740796
-289776 , 1.33369e+06 , -323317
-1.19632e+06 , 990750 , 981964
-261188 , 578643 , -761087
1.08135e+06 , -434002 , -925057
-366092 , -1.33762e+06 , -947.326
-430670 , -256396 , -1.43391e+06
-154124 , 666653 , -559676
1.24977e+06 , 1.75323e+06 , 1.04619e+06
-432453 , -750965 , -1.11007e+06
-698984 , 1.47699e+06 , 106162
-423520 , -793859 , 122223
-1.08865e+06 , 824853 , -525460
261646 , -1.69559e+06 , 712843
378654 , 192316 , -1.12032e+06
660286 , 131285 , -284451
1.73267e+06 , 7694.33 , -453445
-1.77666e+06 , -569619 , -1.70512e+06
-742592 , -37278.9 , 3.07975e+06
107941 , 1.32507e+06 , -1.42854e+06
74728.7 , 559236 , 1.48458e+06
1.35411e+06 , -978746 , 1.09547e+06
-579840 , -43749.5 , -2.61126e+06
-1.77232e+06 , -988637 , 1.70476e+06
374069 , -250964 , 325420
-1.4592e+06 , -1.77273e+06 , 936960
1.77366e+06 , -66922.5 , -925618
-807630 , -1.31379e+06 , 779472
-1.04068e+06 , -1.33478e+06 , 809846
-1.36544e+06 , 798002 , -1.53746e+06
-246792 , 67471.6 , -522777
1.77272e+06 , 834483 , -518514
454032 , -1.10952e+06 , -914087
-407986 , -765178 , 799439
-1.5336e+06 , -1.93286e+06 , 1.34005e+06
1.91178e+06 , 875443 , 1.08114e+06
2.53412e+06 , 667226 , -326450
-198375 , -749302 , 1.57495e+06
244903 , -345101 , 861467
-313238 , -770342 , -685265
-187304 , -573687 , 1.66793e+06
1.25945e+06 , -253760 , -62458.2
582517 , -104103 , 211783
962610 , -2.41861e+06 , 1.69741e+06
408529 , -341432 , 1.1636e+06
-1.97288e+06 , -390853 , 1.66379e+06
876014 , -458261 , 455479
-42415.9 , -1.288e+06 , 917632
1.76396e+06 , 449813 , 119130
-156882 , -986595 , 1.38285e+06
-2.23404e+06 , 312420 , 481560
-169170 , -865565 , -198637
37391.9 , 139742 , -1.26066e+06
385547 , -1.28394e+06 , -983826
1.14792e+06 , -1.36272e+06 , -1.3986e+06
-1.31847e+06 , -454909 , -1.22884e+06
223199 , -2.18216e+06 , -1.60534e+06
-65902.8 , 810574 , -947810
1.14318e+06 , -42844.3 , 1.06296e+06
591670 , -872263 , 1.17075e+06
-1.75083e+06 , -413912 , 543541
-345867 , 1.79051e+06 , 360601
581844 , -484477 , 1.53923e+06
-464153 , -5920.84 , 1.61991e+06
749708 , -1.07007e+06 , 731550
1.31529e+06 , -1.97759e+06 , -271443
-188483 , -25249.2 , -2.67594e+06
-503012 , 1.34659e+06 , 1.47382e+06
591464 , -1.59706e+06 , -942511
-356954 , -195484 , 45386.4
36397.7 , 2.258e+06 , 1.24748e+06
19716.7 , -286514 , 447127
199412 , -985766 , 135590
123714 , 1.28313e+06 , -966214
838694 , -159254 , 2.21821e+06
-420673 , 2746.55 , 1.12434e+06
572496 , 2.22557e+06 , -752145
-45114.9 , -601407 , 1.81317e+06
626194 , -81314.2 , 977190
644909 , 1.70401e+06 , 1.23871e+06
-282310 , -60247.7 , -1.49224e+06
-2.02693e+06 , -345946 , -874059
740935 , 376769 , -179366
811532 , -236077 , -1.15211e+06
137168 , 600332 , -1.76646e+06
-1.45165e+06 , 333403 , 898718
134168 , 415545 , -954703
-946502 , -1.10785e+06 , -564022
-940594 , 1.04308e+06 , 403367
-1.23846e+06 , -608168 , 927521
-678164 , -3705.36 , -755647
-1.17267e+06 , -518048 , 716703
953715 , -59563.4 , -499985
-639732 , 520227 , -407873
-482525 , -1.21611e+06 , 6289.75
-849065 , 373497 , 552405
-1.87945e+06 , 1.04715e+06 , -556750
924023 , 1.82521e+06 , 1.48906e+06
382967 , 1.14172e+06 , 2.67397e+06
-222955 , -1.36189e+06 , -2.04999e+06
-976573 , -1.53037e+06 , -461323
418755 , 2.17979e+06 , 1.16446e+06
797176 , 2.20705e+06 , 723896
1.63421e+06 , 659169 , 626843
327692 , 1.50996e+06 , 2.32915e+06
658692 , -212390 , 1.79011e+06
-191650 , 1.26195e+06 , -966247
620774 , -1.54337e+06 , -1.48193e+06
-485520 , -2.23179e+06 , 264381
-57998.6 , -1.12952e+06 , 176667
-650760 , 896902 , 2.0849e+06
-951608 , 535224 , 814741
-89158.8 , -501565 , 987988
-1.58375e+06 , 342156 , 397285
30400.2 , 260844 , -122311
1.63158e+06 , 550868 , 903272
903636 , -895907 , 1.20981e+06
1.06114e+06 , 330540 , -568741
332980 , 1.17045e+06 , -1.02492e+06
230682 , -166771 , 1.11224e+06
1.03655e+06 , -1.5509e+06 , 194267
1.03342e+06 , -7818.99 , 1.0594e+06
572121 , -812920 , -2.15177e+06
-308787 , 941503 , -330838
-1.0768e+06 , 189425 , -156978
331778 , 382789 , 2.05068e+06
248542 , 177103 , -277925
583296 , 1.2823e+06 , 553527
1.08466e+06 , 834024 , -76555.7
706327 , -472530 , -1.48978e+06
989698 , -2.007e+06 , -222497
1.53473e+06 , 478827 , 308237
-339181 , 1.42696e+06 , -622900
1.44177e+06 , -2.48333e+06 , -1.06272e+06
-1.49516e+06 , -647842 , 139091
710185 , 829717 , -539752
-1.30141e+06 , -1.29941e+06 , 466791
-43758.6 , -473563 , -69900.7
-881591 , 989655 , 1.03089e+06
69357.7 , 663216 , -879171
-1.87056e+06 , 900104 , 960743
-814061 , -1.5955e+06 , 938988
800040 , -2.44831e+06 , 1.91649e+06
-362855 , 37984.6 , 1.53259e+06
1.24034e+06 , -155543 , -289368
-508495 , 1.05447e+06 , 555418
1.22951e+06 , 1.65883e+06 , -1.07615e+06
-625824 , -234276 , 172623
-1.29346e+06 , -1.33721e+06 , -183834
-242329 , -550690 , -565832
931663 , -1.88033e+06 , 824932
-1.85627e+06 , -342330 , 885241
-1.09539e+06 , 131634 , -1.7931e+06
-1.63627e+06 , -960690 , -981541
-269063 , 776632 , -1.66698e+06
-436570 , -797584 , -1.36171e+06
-525864 , 1.31021e+06 , 769391
-237772 , -685167 , 984562
1.89318e+06 , 370533 , 113926
1.701e+06 , -392411 , 406277
634983 , 1.32253e+06 , 856712
387447 , 1.92963e+06 , 951223
-826166 , 670884 , 43432.8
1.64781e+06 , 189007 , -501259
-260146 , 162798 , 1.67353e+06
187539 , -98376.9 , 1.51589e+06
-1.43205e+06 , 23435.4 , 310765
-108388 , 1.5559e+06 , 827531
-708933 , 319010 , 40547.3
-1.40088e+06 , 313082 , -175171
1.70741e+06 , 1.66739e+06 , 306326
-1.10928e+06 , 488455 , 908332
1.6305e+06 , -1.74045e+06 , 131427
-1.41478e+06 , -12576.9 , 2.131e+06
612632 , 270586 , -1.67247e+06
843752 , 896025 , -1.20592e+06
1.64122e+06 , -815909 , 1.69284e+06
-933362 , -1.05554e+06 , 291938
612783 , 313071 , -98030.8
861254 , 1.15972e+06 , 74971.1
-245878 , -1.22261e+06 , -1.07863e+06
532595 , -1.60008e+06 , -687568
232865 , -1.32604e+06 , 545026
-911609 , 1.21104e+06 , 559756
-1.77988e+06 , 1.03864e+06 , -872623
1.0538e+06 , -928167 , 720910
770460 , 1.47445e+06 , 3.62033e+06
-225731 , -611973 , 1.86799e+06
1.22077e+06 , 1.03729e+06 , -138362
215407 , -459074 , -1.59225e+06
-13491.7 , -817641 , 118607
-203525 , -1.353e+06 , -752856
-1.37939e+06 , -173037 , 1.41293e+06
-997245 , -1.53711e+06 , -1.49297e+06
-1.50766e+06 , -868562 , -582634
824852 , 166618 , -1.24175e+06
960691 , -2.01179e+06 , 475475
572160 , -1.11194e+06 , -551861
-466645 , 2.30998e+06 , -406253
-355830 , 1.46633e+06 , 131403
-189270 , -542387 , 2.02716e+06
-460410 , -36653.2 , -573201
-730555 , -2.18787e+06 , -2.6418e+06
773361 , 598625 , 493019
133722 , 781386 , 1.05373e+06
-1.17664e+06 , 396673 , 1.29975e+06
-1.21261e+06 , 893452 , 2.20863e+06
-1.70625e+06 , 867127 , 1.1635e+06
-1.92729e+06 , 282624 , 311596
-399524 , -1.44763e+06 , 578804
-660871 , -1.10443e+06 , 1.32252e+06
-1.38464e+06 , 209192 , -969714
652894 , -279117 , 990675
254840 , 1.26316e+06 , -451138
-151038 , -1.04616e+06 , 1.84077e+06
-1.47742e+06 , -41455.2 , -803500
1.2271e+06 , 454096 , -845634
-1.83177e+06 , -1.18677e+06 , -166493
278691 , 1.09418e+06 , 241967
-273216 , -2.3643e+06 , 1.12592e+06
1.57086e+06 , 1.03678e+06 , 2.69359e+06
-1.33839e+06 , -599848 , -381114
-207690 , -1.34943e+06 , 493121
-1.48898e+06 , 469681 , 2.03092e+06
1.24188e+06 , 618907 , 67989.3
-379138 , -283545 , -1.28264e+06
-1.579e+06 , 625573 , 831228
-610668 , -861881 , 163458
512.468 , -1518.67 , -845267
1.34688e+06 , 899778 , -1.07095e+06
-302954 , 434031 , 714313
-990346 , 871819 , 1.17364e+06
631662 , 1.12796e+06 , 407393
284471 , -903071 , 1.20463e+06
-1.4906e+06 , 292393 , 939263
707354 , 1.64242e+06 , 1.2388e+06
-472635 , -232616 , 1.32639e+06
308983 , 538065 , -1.22194e+06
490114 , -1.54959e+06 , -1.26091e+06
306466 , 375931 , 1.10814e+06
1.62734e+06 , 470450 , 116637
1.05527e+06 , -111743 , 1.2496e+06
-286774 , 141579 , 1.0677e+06
-1.38457e+06 , 909957 , -1.6148e+06
1.6955e+06 , -1.12853e+06 , 1.2934e+06
-439560 , -1.65436e+06 , 61886.6
-1.90818e+06 , -402992 , -643011
-54676.4 , -1.90732e+06 , -810051
-1.13599e+06 , -2.1365e+06 , -90065.5
-112700 , 1.30211e+06 , 499521
1.55679e+06 , 685585 , 1.06394e+06
-252055 , -191718 , -1.70457e+06
-1.62879e+06 , 1.08166e+06 , -1.10692e+06
1.23045e+06 , 751783 , 611332
213990 , 451852 , 75865.9
273454 , -1.03632e+06 , 468176
697007 , -1.55356e+06 , 1.72713e+06
-124103 , 1.57591e+06 , 567877
300539 , 419500 , -511223
-560173 , -85993.1 , 88381.5
203156 , -1.50094e+06 , -1.15813e+06
-428966 , 1.3956e+06 , 1.13468e+06
-241576 , -751355 , 1.34471e+06
58772 , 438588 , 2.77369e+06
-465892 , -534106 , -139396
-1.86282e+06 , -311752 , 1.50609e+06
-652151 , 959069 , 20806.8
866351 , 675131 , 1.59942e+06
1.02171e+06 , 1.33575e+06 , 454283
265727 , 62223.5 , 856996
-1.83999e+06 , -1.05458e+06 , 1.09979e+06
-495999 , -1.39818e+06 , 354747
-1.17718e+06 , 457876 , -682425
-736183 , 1.67607e+06 , -1.37925e+06
275904 , 40799.6 , 1.13834e+06
799344 , -61467.2 , 1.31569e+06
608082 , 1.67172e+06 , 1.46649e+06
195825 , 1.15336e+06 , 814498
10427.6 , -594522 , 1.27759e+06
368154 , 106398 , -81789
467249 , 252246 , 664383
1.71464e+06 , 1.17635e+06 , -602600
307627 , 1.77732e+06 , -1.0502e+06
432957 , -1.02231e+06 , 1.48133e+06
-1.17071e+06 , 1.256e+06 , 1.10825e+06
1.68253e+06 , -963462 , 997006
-136415 , 409312 , -1.18606e+06
-1.59813e+06 , 961855 , -549800
-486647 , -578311 , -241434
-174023 , -891119 , 1.93969e+06
-177475 , 686226 , 547336
570445 , -970823 , 1.98312e+06
-2.67551e+06 , 1.03143e+06 , 269623
-945026 , -1.10532e+06 , -536479
246373 , -1.48316e+06 , 1.79232e+06
206986 , 2.25119e+06 , 1.75043e+06
-331760 , 1.43687e+06 , 90556.1
-65400.4 , -1.06447e+06 , -832127
-1.13056e+06 , 1.00653e+06 , -19198.6
-1.12136e+06 , -977880 , -111606
-1.42587e+06 , -215234 , -619798
-1.23226e+06 , -367268 , 83998.2
305148 , -553957 , 1.85509e+06
-1.51283e+06 , -171157 , 1.00622e+06
-142873 , 1.59771e+06 , -1.07384e+06
-727567 , 548671 , 1.52796e+06
584878 , -673777 , 1.80746e+06
-908197 , -745337 , 981349
-827477 , 1.06003e+06 , -1.46971e+06
-1.26008e+06 , -957838 , 767915
1.33227e+06 , 42865.9 , 1.00157e+06
-706177 , -399505 , -852780
-1.97913e+06 , -353990 , 1.29432e+06
-555272 , 1.24118e+06 , 208141
2.31951e+06 , -831341 , 188840
-701629 , -1.19839e+06 , 1.49573e+06
675328 , 210536 , 1.23755e+06
-762878 , -1.06511e+06 , 336299
143384 , -2.11028e+06 , -629970
198340 , -760388 , 1.169e+06
187707 , -1.11123e+06 , 500583
1.42731e+06 , -164634 , 2.1342e+06
537596 , -1.31237e+06 , 278575
-714640 , -900286 , 699227
678572 , 692019 , -171141
118282 , -2.0541e+06 , 903354
1.74795e+06 , -466049 , 1.29726e+06
434154 , -832479 , -537725
-1.39615e+06 , 1.31081e+06 , -2.05227e+06
-718574 , 1.10959e+06 , 1.81067e+06
-1.10135e+06 , 181065 , -1.44029e+06
201447 , -275929 , 2.39514e+06
1.42172e+06 , 826185 , 1.26043e+06
-1.37853e+06 , 818670 , 879257
-1.33215e+06 , -323696 , 1.79764e+06
939623 , -1.33547e+06 , 2.12631e+06
-1.81405e+06 , -704262 , 1.10045e+06
-207891 , -1.11463e+06 , -976110
-704490 , -268151 , -1.28577e+06
-604572 , -2.39184e+06 , -123581
-614022 , 140564 , 443737
-834939 , 1.22771e+06 , 1.19413e+06
-994029 , -410981 , -1.26131e+06
-1.23437e+06 , -839605 , 596586
343558 , -582899 , -1.20647e+06
267877 , -2.87332e+06 , 56347.8
-1.14542e+06 , 545835 , 50872.4
1.28708e+06 , 183616 , 405724
1.85659e+06 , -576041 , 556630
1.18069e+06 , -1.23429e+06 , -2.07303e+06
528481 , -76477.1 , 1.55204e+06
-363082 , -846041 , -1.57721e+06
993442 , 102467 , 955335
-71317.4 , -425669 , -424787
1.11544e+06 , -91628.4 , -1.5524e+06
-1.44541e+06 , -1.90913e+06 , 752893
335369 , -2.01677e+06 , 653239
-777881 , 652268 , -1.04749e+06
185363 , 833074 , 164581
-257535 , -291846 , -410492
893782 , -1.21881e+06 , 743444
909366 , 561234 , 314491
-1.19096e+06 , 672935 , 2.32385e+06
1.61799e+06 , 110959 , -60611.1
1.49596e+06 , 1.86791e+06 , 366469
-642858 , 445012 , 1.06205e+06
-683738 , -55138.7 , 1.16635e+06
630114 , 421201 , 2.35338e+06
-117241 , -1.22635e+06 , -418563
-1.09323e+06 , -1.21497e+06 , 837506
-1.30986e+06 , 585566 , -26551.2
539799 , -466225 , -1.27982e+06
-1.66944e+06 , 974888 , 1.03328e+06
-966549 , -924358 , 1.25809e+06
-1.15771e+06 , 608220 , -511096
1.19617e+06 , -28454.6 , 524816
305338 , -892568 , 473882
13887.7 , -766910 , -532858
1.36213e+06 , 1.63123e+06 , -934661
473467 , 1.39779e+06 , -1.68206e+06
-1.3295e+06 , -229327 , 619258
-241686 , 1.82909e+06 , -590576
1.02023e+06 , 1.58829e+06 , 1.11762e+06
-398518 , -2.10976e+06 , -820092
610001 , 1.41414e+06 , -1.31283e+06
-52598.3 , -1.64519e+06 , 519577
-1.64996e+06 , 2.13412e+06 , -554946
1.40067e+06 , 538200 , 1.53955e+06
344547 , -1.86747e+06 , 1.84954e+06
-824844 , 707762 , 103423
927212 , 6949.77 , 47850
710257 , -1.21943e+06 , -439198
182634 , -1.39241e+06 , -933377
-1.20894e+06 , 1.2842e+06 , 278569
-853101 , 183285 , -1.4986e+06
191238 , 643676 , 1.58249e+06
1.45367e+06 , 1.12007e+06 , -284061
-13623.4 , 948017 , 1.23196e+06
1.06785e+06 , -2.10226e+06 , 436998
-562216 , -994209 , 307983
-738187 , -1.80887e+06 , -1.44048e+06
762366 , 1.24285e+06 , 92597
1.67865e+06 , 623424 , -395826
-1.38908e+06 , 1.36564e+06 , 235484
1.04941e+06 , -470347 , 732536
-187102 , -471210 , -967201
-121636 , -1.33495e+06 , 1.57049e+06
-1.42289e+06 , -827626 , -178460
78429 , -637676 , -1.09295e+06
1.53978e+06 , -159263 , 670289
1.5325e+06 , 1.78081e+06 , 696251
-124372 , -1.21873e+06 , -311336
564937 , 29882.9 , -589406
-328738 , 261346 , 586218
-1.60803e+06 , 583184 , 604052
498981 , -1.44902e+06 , -1.1015e+06
881500 , -51950.9 , -446573
-1.91494e+06 , 307591 , -780082
-139303 , 570553 , 717235
165036 , 1.50642e+06 , 300475
-1.21088e+06 , -185500 , -842579
-985015 , 149476 , 800678
1.047e+06 , -1.58094e+06 , -526040
-453253 , -320372 , -961572
1.21688e+06 , 1.23672e+06 , 1.18766e+06
-494014 , 614409 , 1.19044e+06
-372326 , 267848 , -181180
1.20204e+06 , 1.23545e+06 , 996249
-1.2366e+06 , 501296 , -1.12551e+06
889413 , -1.02752e+06 , 989870
959332 , -2.12184e+06 , 1.34296e+06
1.40146e+06 , 61034.2 , 660586
-1.84532e+06 , -1.05019e+06 , 728113
-327518 , 144487 , 1.30448e+06
-291329 , -544475 , 1.5923e+06
-640.304 , 201105 , 1.93605e+06
1.04995e+06 , 279984 , -1.19824e+06
341457 , -394509 , 2.40634e+06
142005 , -261324 , 1.89653e+06
287199 , 361214 , -1.19364e+06
-727532 , -497447 , -2.22572e+06
-714757 , -274910 , -787464
-77333.1 , -1.50336e+06 , 2.27537e+06
703819 , -310232 , 554845
-690014 , 674878 , -80708.3
1.70856e+06 , 924227 , 30815.2
1.42831e+06 , -454127 , 206712
731148 , -1.74842e+06 , -1.24596e+06
-2.06164e+06 , 393537 , -1.52185e+06
-141175 , -261055 , 748647
-172260 , 856685 , -607587
213671 , -1.37416e+06 , 910770
-759533 , 159947 , -561225
602590 , 1.71084e+06 , 440612
-1.1832e+06 , -1.47887e+06 , -767752
1.86863e+06 , -327163 , 441672
881460 , 896832 , -231550
1.05639e+06 , -1.12694e+06 , 432380
1.98644e+06 , 931696 , -100033
-796290 , 1.26635e+06 , 1.54895e+06
969341 , 1.22739e+06 , -1.74581e+06
-243565 , -2.15881e+06 , 619635
-340407 , 824983 , 1.63237e+06
1.90597e+06 , -1.20048e+06 , 774984
1.66619e+06 , -1.28896e+06 , -306525
1.66487e+06 , -944604 , 100464
-1.12177e+06 , -1.38061e+06 , -1.6331e+06
2.2002e+06 , -1.56118e+06 , 402733
-830423 , 1.34119e+06 , 615080
490241 , 2.19835e+06 , 389507
818653 , 915260 , 1.9073e+06
1.08546e+06 , 1.02377e+06 , 450441
2.11928e+06 , 532675 , 853681
-70934.7 , 1.52799e+06 , 930742
166370 , -453152 , -171414
-425254 , 1.34644e+06 , -1.06618e+06
639956 , 513015 , -1.35445e+06
-315734 , -1.74865e+06 , -1.06612e+06
-1.38662e+06 , 408253 , -1.6526e+06
1.6916e+06 , 981412 , 84118.3
1.11288e+06 , -1.52734e+06 , -497646
-624238 , 337780 , 748260
1.91666e+06 , -501530 , 28827.4
1.22328e+06 , -1.48483e+06 , 23135.6
683787 , -1.22897e+06 , 1.75028e+06
-27584.6 , -1.56281e+06 , 2.33212e+06
-956466 , -500512 , -185366
509110 , 1.04653e+06 , -768202
-625284 , 429191 , 1.71844e+06
924251 , 434551 , 797120
-1.50839e+06 , 508437 , -1.05421e+06
-839812 , -179743 , 1.99808e+06
-1.01891e+06 , 1.76226e+06 , 341560
1.48441e+06 , 704245 , 177133
128656 , -294835 , -302741
-244461 , 519170 , -1.22171e+06
-655390 , -39437.3 , -1.03458e+06
-1.41968e+06 , -452706 , 86697.9
101552 , -1.7868e+06 , 266478
-258909 , 25253.6 , -1.03164e+06
770911 , 309262 , -810832
666339 , 1.1489e+06 , 890913
935823 , -395928 , 622046
747430 , 957798 , 1.59312e+06
335178 , 448712 , 340947
1.18681e+06 , 306160 , 1.43517e+06
1.30479e+06 , 2.21728e+06 , 472894
244760 , -1.88977e+06 , -567037
-835452 , 1.79307e+06 , -311137
501328 , -228202 , -656492
838576 , -694846 , -702896
-371897 , 2.20766e+06 , 239005
382593 , -577259 , 930848
-2.16661e+06 , 1.49125e+06 , 556984
249141 , -828816 , 1.31529e+06
1.41355e+06 , 432570 , 111919
107459 , 1.39245e+06 , -983771
-97355.6 , 816334 , 1.51408e+06
-52926.7 , 26358.5 , -385028
-1.66654e+06 , -1.26675e+06 , 440268
543030 , 945208 , -1.32153e+06
6706.73 , -744208 , -1.1282e+06
-684791 , -629582 , 1.12455e+06
2.1429e+06 , 230766 , -269113
2.3713e+06 , 655439 , 135925
-440773 , -1.37041e+06 , 606691
274336 , -810221 , 105436
-1.50309e+06 , 68663.1 , -389706
-365988 , 854408 , -384124
1.19501e+06 , -2.48521e+06 , 879801
-362288 , -2.45776e+06 , 41364.1
1.00197e+06 , -620275 , -50307.6
350728 , 1.53457e+06 , -121273
-596951 , -1.36088e+06 , 134602
188339 , -910749 , 2.46678e+06
-985341 , 1.9553e+06 , 1.83943e+06
-87837.2 , -307663 , -1.23799e+06
1.34751e+06 , 1.57693e+06 , -1.21403e+06
1.04497e+06 , -1.98022e+06 , -1.36791e+06
-246664 , -2.03581e+06 , -1.28076e+06
115792 , -228069 , 506367
1.33723e+06 , -347393 , 564744
-551928 , 1.60921e+06 , 157727
1.07264e+06 , -1.16725e+06 , 665500
-74623.6 , 268205 , 175193
-1.45815e+06 , 912447 , -907871
-1.17938e+06 , -2.47348e+06 , 1.81954e+06
97053.6 , -666096 , 2.00491e+06
-44935 , -420491 , -1.25483e+06
-1.12601e+06 , -1.24187e+06 , 465070
-799170 , 584713 , 800747
-921894 , 467365 , -252978
-13066.3 , 89493.5 , -1.79918e+06
451606 , 164237 , 1.84334e+06
-1.10634e+06 , -1.85566e+06 , 261001
1.35412e+06 , -1.02749e+06 , -916989
-508094 , -2.08277e+06 , -285798
-241905 , -616245 , 510837
1.97495e+06 , -1.55108e+06 , -484278
1.05599e+06 , -1.53202e+06 , 1.04802e+06
147594 , -1.32762e+06 , 238588
866862 , 433447 , -478147
-1.133e+06 , 1.91861e+06 , 1.36813e+06
1.72161e+06 , -2.21019e+06 , -630282
758294 , 270621 , -1.22755e+06
1.56425e+06 , -1.31996e+06 , -732169
1.65003e+06 , 89672.8 , 1.15632e+06
1.336e+06 , 658796 , 1.34083e+06
-382857 , -1.54538e+06 , -888831
-184164 , 82703.7 , -107476
-146483 , 451704 , -237028
-291573 , -1.34242e+06 , -1.85488e+06
282441 , 830044 , -1.49516e+06
249088 , -1.00533e+06 , -810663
-1.01247e+06 , -199054 , 48441.9
1.11521e+06 , 1.26907e+06 , 647863
1.36242e+06 , 935036 , 527390
-388189 , 687756 , 1.18761e+06
1.56455e+06 , 1.36095e+06 , 1.2713e+06
1.96933e+06 , 551170 , 560712
35292.5 , 1.75973e+06 , 644339
720443 , -781542 , 1.17749e+06
749892 , -781495 , 205240
-356991 , 1.12149e+06 , 401697
1.29274e+06 , -933854 , -1.67754e+06
2.46775e+06 , 1.18748e+06 , -397130
2.08261e+06 , 4419.11 , 883675
-1.90969e+06 , -1.05631e+06 , 1.17724e+06
613147 , -435254 , 2.11476e+06
-78887.2 , 2.1538e+06 , -630295
-718980 , 225725 , 693744
-435495 , 1.01194e+06 , 1.4286e+06
1.61824e+06 , 1.05604e+06 , -63855.2
589824 , -1.00765e+06 , -1.11954e+06
102472 , -285205 , -735269
1.35402e+06 , -1.91936e+06 , -342695
-993853 , 1.73599e+06 , -928292
-1.13648e+06 , 959206 , -117153
-1.76338e+06 , 270448 , -585121
-479514 , -609197 , -1.93493e+06
1.9336e+06 , 1.42156e+06 , 126942
241155 , 118679 , -325770
-268802 , -875039 , 1.19118e+06
995338 , 909217 , 1.29179e+06
-368793 , -1.00346e+06 , 1.46259e+06
-442057 , 1.495e+06 , 337833
-748117 , -386006 , -1.62538e+06
367846 , 140463 , 1.96184e+06
943242 , -262673 , 2.06057e+06
-314899 , -438421 , 897121
432466 , -442365 , 847.501
-533449 , -1.64787e+06 , -491640
-541626 , -482544 , -181271
90328.2 , 1.06217e+06 , 169647
-639361 , 454062 , 2.15873e+06
-545623 , -1.97967e+06 , 1.37985e+06
114156 , 11374.1 , 169568
1.41181e+06 , 246596 , 989812
-633514 , 987976 , 867871
792994 , -65896.1 , -421536
-1.82053e+06 , 244622 , 356356
-417245 , -447969 , 1.42723e+06
539328 , -44552.6 , 1.41998e+06
-1.37868e+06 , 149640 , 1.30703e+06
501072 , -374458 , -802665
160720 , -306455 , -907869
1.64555e+06 , 1.37178e+06 , 1.06897e+06
-41743.2 , -69843.2 , -650914
-175154 , -202403 , -1.94342e+06
-1.37414e+06 , -419698 , 1.14821e+06
81123.8 , 565264 , 1.92664e+06
1.68584e+06 , 675813 , 182758
1.08414e+06 , 1.6736e+06 , 867644
-1.38537e+06 , -1.48013e+06 , 175526
154275 , 1.14827e+06 , -990113
659960 , -670056 , 250486
-360933 , -1.86934e+06 , 1.28016e+06
-1.81192e+06 , 603530 , 1.20734e+06
-1.20252e+06 , -1.2235e+06 , -140101
-1.07731e+06 , 1.3159e+06 , 85481.9
-1.02279e+06 , 905.535 , 2.48515e+06
101618 , 384273 , -43962.8
301217 , 1.85194e+06 , -292649
465432 , -1.77407e+06 , 44476.6
-999552 , 2.32853e+06 , -339323
-1.2452e+06 , 501964 , 1.50599e+06
-1.97197e+06 , 644080 , -165784
-1.54065e+06 , 122974 , -1.80541e+06
-2.82545e+06 , -751570 , -577015
-1.46996e+06 , -239131 , 438066
1.70928e+06 , 872331 , -203429
835576 , 943421 , -967629
-442967 , 1.05446e+06 , 808110
-1.0695e+06 , -46175.6 , -216306
265339 , 1.64753e+06 , -1.67847e+06
2.2322e+06 , 1.70016e+06 , 345462
-122242 , 2.08644e+06 , 1.70747e+06
-285807 , -1.9079e+06 , -176295
-1.59962e+06 , -132813 , -2.29735e+06
-7058.05 , 727219 , 512580
-171945 , -972834 , -165029
-1.8714e+06 , -939588 , -291425
828146 , 848253 , -1.16098e+06
-16116.3 , -1.57405e+06 , 673173
695494 , 809929 , 701552
-803113 , -1.68946e+06 , 341116
804338 , 664285 , -1.61609e+06
1.27385e+06 , 639544 , -994020
1.65981e+06 , 479667 , 140386
-604962 , 38603.4 , -509842
814622 , 1.65917e+06 , -1.81408e+06
427189 , -1.16156e+06 , -240145
1.29438e+06 , -311373 , 1.35778e+06
1.24106e+06 , 1.04226e+06 , 1.11828e+06
-821475 , -1.25176e+06 , -534418
801337 , -552685 , 427763
-1.94132e+06 , -588728 , 1.49846e+06
653231 , 166975 , 1.32219e+06
1.74047e+06 , 658718 , 596334
1.54943e+06 , -2.03888e+06 , 1.03633e+06
-816419 , -865331 , -125439
179935 , 21972.2 , -893901
-857922 , -1.75206e+06 , -1.65025e+06
-723052 , 495058 , 780955
-653189 , -500743 , -1.50672e+06
-371134 , -127627 , 178544
1.18381e+06 , -942244 , -1.24415e+06
-580874 , 942133 , -554528
-916982 , -367346 , -39499.5
1.76181e+06 , 1.53e+06 , -470674
1.62373e+06 , -1.01031e+06 , -445587
1.27544e+06 , 759365 , -269076
959111 , -109455 , 190039
460262 , 359038 , 1.13512e+06
-1.6683e+06 , -320162 , -201945
-721943 , 1.12559e+06 , -335556
1.01697e+06 , 326336 , 1.41818e+06
-121568 , -1.23193e+06 , 292628
-408116 , 84188.2 , 387686
152951 , -2.0425e+06 , 161931
-1.36305e+06 , 266157 , 240136
754694 , 78184.3 , -633251
316844 , 1.4895e+06 , 1.13994e+06
884738 , -1.09276e+06 , 15290.2
1.28258e+06 , -1.51628e+06 , 158240
838191 , -1.25686e+06 , 1.26161e+06
1.10436e+06 , 88630.2 , -1.16997e+06
298769 , 113315 , 1.76124e+06
-1.19621e+06 , 2.5094e+06 , 169944
137961 , -2.32299e+06 , 653447
-25131.4 , -810696 , 333168
-531179 , 1.29722e+06 , 1.27187e+06
-2.13767e+06 , -664357 , 905089
524471 , 1.56494e+06 , -12136.2
-1.44138e+06 , 1.9095e+06 , 844297
1.60168e+06 , -223656 , -434315
-1.89379e+06 , -899531 , 1.2004e+06
122869 , -2.75004e+06 , -532588
-976910 , 1.03951e+06 , 8526.37
-1.32898e+06 , -557080 , -1.42555e+06
-1.88421e+06 , 564901 , -1.07321e+06
2.12589e+06 , 1.07937e+06 , -875730
612829 , -298314 , 1.22658e+06
-1.309e+06 , -874188 , -1.19377e+06
-869073 , -828206 , 1.95786e+06
-942702 , 748401 , 237933
-1.6171e+06 , -138547 , 1.43381e+06
-786117 , -1.05614e+06 , -956710
-1.91204e+06 , -154847 , -330982
-240081 , -145357 , -325240
1.40569e+06 , -221075 , -1.4308e+06
-741842 , -717444 , 914372
-2.42755e+06 , -368339 , 218018
-782092 , -565662 , 478452
-1.74187e+06 , 1.0283e+06 , -157214
-24000.2 , 679861 , 1.77585e+06
-1.15302e+06 , 68786.8 , -444279
-1.73411e+06 , -1.6854e+06 , -664879
-1.74004e+06 , -1.27611e+06 , -298703
522464 , -85932.7 , -906251
318267 , 674964 , -1.80117e+06
2.4185e+06 , -86733 , 204227
-1.00401e+06 , -1.13873e+06 , -107080
-1.37187e+06 , -638258 , 417038
-500686 , -1.84107e+06 , -752017
1.59898e+06 , 1.13392e+06 , 179555
941830 , -1.90669e+06 , 968021
861340 , 644045 , -915980
-828611 , 1.88361e+06 , 2.16326e+06
-1.46052e+06 , -1.58715e+06 , 1.16852e+06
-452779 , -327700 , -40280.6
762401 , -205025 , 745784
-674894 , 1.30329e+06 , 471066
1.31538e+06 , 2.3509e+06 , 1.0213e+06
-290554 , 350114 , -160085
-283258 , -1.71698e+06 , -139937
-490435 , 578242 , -776769
142358 , 395197 , 495689
999260 , -1.94894e+06 , -1.94757e+06
1.61784e+06 , 197459 , 708832
899888 , -1.67897e+06 , -1.57311e+06
1.19682e+06 , -495081 , 1.05684e+06
1.34398e+06 , -856534 , 2.7645e+06
-674930 , -1.68717e+06 , -780571
-1.63659e+06 , 62680.7 , 1.40013e+06
1.178e+06 , 1.77033e+06 , -645523
875373 , 2.01367e+06 , 51809.8
-1.34261e+06 , -186989 , 335672
1.23806e+06 , -322707 , -1.29069e+06
1.33207e+06 , 900183 , 360585
533472 , 752319 , 2.03114e+06
-1.42816e+06 , 977414 , -838497
-447893 , -316425 , -497263
1.53609e+06 , -351790 , 790980
-1.1437e+06 , -722118 , -700863
73911.5 , 324425 , 934702
-940312 , 1.17091e+06 , -583816
-660447 , 148887 , 85083.5
-1.70206e+06 , -393340 , -4370.25
-558870 , -419184 , 966962
-1.23099e+06 , 1.13429e+06 , -751418
1.10371e+06 , 29801.2 , 1.23802e+06
973917 , -1.0965e+06 , 879288
1.61155e+06 , 920615 , 434642
1.21329e+06 , -919519 , 164068
-1.70632e+06 , 303646 , 1.14913e+06
-102669 , -2.70942e+06 , 233318
-679399 , -482662 , -856980
805522 , 494877 , 267185
621611 , 1.05062e+06 , 962078
1.04422e+06 , 1.66406e+06 , -1.1539e+06
1.40584e+06 , 235420 , -718071
1.69238e+06 , 731389 , 511736
-1.28516e+06 , 787785 , -856850
-903760 , 582.526 , 227454
565088 , 348167 , 1.50021e+06
-178241 , 1.57359e+06 , -1.35124e+06
1.78506e+06 , 317029 , 1.03302e+06
166676 , 758229 , 648018
227454 , 168501 , -665207
1.06648e+06 , -725688 , 573077
-1.21892e+06 , -50650.4 , 985660
255770 , -1.28652e+06 , 417901
-660707 , -1.95097e+06 , 495255
429184 , 1.04836e+06 , -1.10428e+06
-792022 , 1.21986e+06 , -1.22413e+06
-2.3283e+06 , -777816 , 15472
201832 , -1.54236e+06 , -229755
-1.04767e+06 , -1.39178e+06 , -318071
1.00747e+06 , 452719 , -563994
395888 , -571685 , 1.01849e+06
672975 , -861701 , -214731
-1.16782e+06 , -140368 , 372274
-950231 , -874638 , 478760
-944752 , 1.37578e+06 , -190848
765474 , 227624 , 1.76553e+06
-97778.9 , -1.59458e+06 , -1.81481e+06
-1.89231e+06 , 817352 , -1.00748e+06
-1.59259e+06 , -1.60378e+06 , 562530
583503 , -472736 , 846042
-829997 , -244661 , 284313
580772 , 511858 , 1.65532e+06
-127198 , -1.08699e+06 , 1.30505e+06
1.10579e+06 , 785765 , -1.4414e+06
-587249 , 261853 , -1.20598e+06
-1.14462e+06 , 1.06683e+06 , 242260
1.12579e+06 , -1.15406e+06 , -86010.1
-917255 , 579820 , -973596
-252329 , 1.27859e+06 , -1.53823e+06
-573649 , -418700 , -1.17247e+06
-2.1232e+06 , -369449 , 963385
-412774 , 182374 , 7883.59
-919873 , 570191 , -426959
458875 , 1.06831e+06 , 1.97599e+06
858970 , -608848 , -431814
2.91697e+06 , -1.15924e+06 , -223115
767122 , 920761 , 717319
276965 , -841509 , -563226
-278861 , 90467 , 1.91536e+06
-1.22277e+06 , -395796 , 2.14344e+06
1.59197e+06 , 145497 , 245341
191646 , -1.5027e+06 , -526671
-511004 , -1.14985e+06 , -953228
201724 , -930676 , 3.29125e+06
-649068 , 1.45878e+06 , 1.12743e+06
-1.14427e+06 , -636259 , 65292.1
-583767 , -1.37499e+06 , -418161
-156302 , 1.75983e+06 , 451880
-953580 , -793945 , 815551
-1.44084e+06 , -1.16198e+06 , -336459
-260763 , 1.42003e+06 , 674200
-2.025e+06 , 113668 , -1.69854e+06
1.77334e+06 , 233008 , 366333
926474 , 460232 , 394068
-1.61763e+06 , -1.48577e+06 , 2.79463e+06
662044 , 2.12066e+06 , 1.83678e+06
380317 , 1.48241e+06 , -1.92574e+06
-37658 , 1.27364e+06 , 43268.5
-933207 , 720206 , -1.30466e+06
149335 , 1.34066e+06 , -1.75379e+06
628181 , -911230 , -290108
230498 , -1.69913e+06 , 66991.5
1561.88 , 973228 , -561095
48346.3 , 353782 , -219409
665727 , 1.2874e+06 , 1.87056e+06
-1.82414e+06 , -1.24248e+06 , 378104
1.56101e+06 , 84589.7 , 1.73716e+06
-122783 , -77878.8 , 817359
441913 , 1.27655e+06 , -1.74584e+06
471801 , -301711 , -763443
-2.47142e+06 , 327893 , 889719
-1.25022e+06 , 769330 , 623393
900075 , -381653 , 2.26134e+06
1.94668e+06 , -546617 , -98054.9
244093 , 346323 , 386361
-1.12008e+06 , -70093.5 , 1.00192e+06
-1.55613e+06 , -415280 , -119464
439676 , 1.48649e+06 , -357302
-1.34784e+06 , -867405 , 1.65228e+06
1.39101e+06 , -1.55857e+06 , -2.08831e+06
320505 , 1.05058e+06 , -1.50692e+06
1.14819e+06 , 704392 , 433876
660234 , 1.57155e+06 , -217556
-987574 , -957086 , -1.38229e+06
1.00245e+06 , 624999 , -635432
139179 , -907497 , 1.21683e+06
371353 , 2.15232e+06 , -447273
1.25953e+06 , 1.18872e+06 , 2.42202e+06
-56076.9 , -245951 , 1.35722e+06
659889 , 716917 , -1.17573e+06
803365 , -568617 , -917906
-1.74107e+06 , 779811 , 580169
-1.01761e+06 , 519522 , 827637
-600134 , -1.05626e+06 , -189207
-201197 , 1.48699e+06 , 370840
808587 , 657669 , 1.05457e+06
934011 , -901143 , -1.05233e+06
-124582 , -1.16316e+06 , -935818
768530 , -941051 , 1.9266e+06
1.16566e+06 , -273256 , 68811.4
590857 , 1.15428e+06 , -130678
-865461 , -1.02787e+06 , 876553
-535711 , 380734 , 655030
-381339 , -1.5401e+06 , 540206
532096 , -234070 , -1.62694e+06
-388578 , 2.17786e+06 , 756068
-580138 , -1.33199e+06 , -637009
-622198 , -212101 , 834670
-1.58914e+06 , 7849.62 , 1.34079e+06
-17127.1 , 273160 , 519921
-47687.4 , 519179 , -279267
1.36008e+06 , 46482.9 , 2.52462e+06
-683284 , 1.57248e+06 , -1.24568e+06
327630 , 243028 , -1.28277e+06
-541733 , -694847 , -1.59489e+06
-471576 , -1.64505e+06 , -801263
447330 , -120838 , -1.13547e+06
1.0309e+06 , 1.8164e+06 , 1.35284e+06
1.0501e+06 , -79221.8 , -64666.6
57599.9 , -800688 , 976575
243151 , 389365 , 2.10427e+06
-21877.3 , -463488 , 2.4891e+06
-1.31545e+06 , 1.24134e+06 , 1.12175e+06
-36889.6 , -2.53364e+06 , 231061
-1.70389e+06 , 1.08841e+06 , -1.55658e+06
1.15113e+06 , 137856 , -893563
1.66283e+06 , 1.02016e+06 , -859953
-239707 , 76930.1 , -154556
-1.18766e+06 , 688422 , 1.28937e+06
865734 , -620970 , -645031
-419422 , -659241 , 157468
335875 , 580212 , 2.0722e+06
-2.23899e+06 , 391651 , 2.5609e+06
-753764 , -243802 , -949314
1.46117e+06 , -193188 , 1.00567e+06
-1.89813e+06 , -926658 , 1.85564e+06
-1.17176e+06 , -1.18053e+06 , 510517
1.06736e+06 , -802964 , 1.79428e+06
1.03435e+06 , -1.06973e+06 , 289827
-808233 , -775646 , 1.0957e+06
855133 , 708801 , 929326
-75977.4 , -1.59446e+06 , -297512
2.72171e+06 , -510595 , -175800
1.42226e+06 , -379192 , -1.37243e+06
-2.223e+06 , -64410.3 , -110391
476952 , 431479 , 298235
-343737 , -346820 , -433583
11768 , 998718 , 331564
1.61679e+06 , -232181 , -1.64577e+06
84483.6 , 1.68673e+06 , -827792
1.70668e+06 , 1.30733e+06 , -1.38244e+06
1.01406e+06 , 1.59223e+06 , 596457
-107017 , 81608.6 , 784575
1.93448e+06 , -1.70292e+06 , -1.06076e+06
924216 , 2.19551e+06 , 624152
2.06186e+06 , -1.85883e+06 , 630684
-211384 , 1.02853e+06 , 284659
390139 , 297405 , 1.88857e+06
-659641 , 526603 , -660394
1.45858e+06 , -1.00831e+06 , -13913.6
136664 , 1.16633e+06 , 19408.8
780160 , 1.9105e+06 , 714126
-1.23781e+06 , -1.79145e+06 , -1.99653e+06
-2.29118e+06 , 208010 , -700510
188545 , 41030.1 , -27779.6
494953 , 1.53607e+06 , -745609
-775125 , -74599.7 , -478987
80293.8 , -385456 , -1.68662e+06
-1.55531e+06 , -754982 , 209621
-677636 , 1.40384e+06 , -193552
1.10584e+06 , -705186 , 817915
1.35998e+06 , -436711 , 2.16558e+06
-1.07259e+06 , -426278 , -412306
540161 , 2.0419e+06 , 610597
90292.5 , -319396 , 864404
-605178 , -262365 , -1.28703e+06
2.41502e+06 , -930660 , -706970
1.22737e+06 , 403132 , 1.03181e+06
166815 , -2.01938e+06 , -1.10594e+06
-2.50597e+06 , -400607 , -861818
562512 , 1.11407e+06 , -443406
-2.26683e+06 , -1.73218e+06 , 459037
468437 , 483965 , -727256
-880166 , -21067.9 , 289929
-157471 , 707957 , -879785
1.93216e+06 , 630951 , -246100
1.97571e+06 , -1.54769e+06 , -597643
379054 , 920596 , -1.46886e+06
602595 , 245889 , 904532
-9924.46 , -1.0059e+06 , -82405.1
881969 , -34318.9 , 469438
1.29983e+06 , 1.7155e+06 , 341138
523636 , -1.13159e+06 , 167616
999013 , -946885 , 1.07176e+06
408820 , -416525 , 415165
2.08191e+06 , -1.10844e+06 , 521511
54090 , 351445 , 1.24363e+06
2.76358e+06 , 2713.77 , 499762
451802 , 81461.7 , 1.15185e+06
924179 , 202659 , 814383
-469365 , -31739.9 , 233439
1.30961e+06 , 910705 , 310075
-181102 , -996347 , 36434.7
1.38e+06 , 744759 , -937971
-89316.4 , 723789 , 477854
206926 , 257642 , 1.68163e+06
-379646 , -95794.8 , -200850
1.274e+06 , 652830 , -2.3465e+06
562586 , 1.15798e+06 , -132996
198204 , -1.20815e+06 , 1.04431e+06
-577554 , 1.17391e+06 , 305606
420281 , 1.37188e+06 , -1.00977e+06
-224896 , -410024 , 2.32118e+06
-639526 , 1.58119e+06 , -25728.1
-2.13384e+06 , -143049 , 986773
-849967 , -1.25462e+06 , 526732
879305 , 616654 , 657170
321285 , -863317 , -650593
-123550 , -615748 , -1.30482e+06
-628227 , 1.09725e+06 , -734131
-386604 , 1.30105e+06 , 417160
1.49375e+06 , -1.8881e+06 , -514180
-1.78705e+06 , -683359 , -1.75644e+06
997412 , -71596.8 , 728737
-632077 , 365459 , -1.18366e+06
-704374 , 536087 , 2.31495e+06
-2.17392e+06 , 903467 , -348264
647375 , 332849 , 1.14612e+06
-1.34957e+06 , -498751 , 786821
855009 , 190362 , 1.19703e+06
-587214 , 1.51822e+06 , -1.24078e+06
-914092 , -1.42274e+06 , -378954
-1.72425e+06 , -153273 , 1.13907e+06
1.48267e+06 , -1.47668e+06 , 647213
2.9175e+06 , 1.86051e+06 , 684042
-645558 , -638522 , -434119
149254 , 2.12697e+06 , 92007.1
801549 , 1.34862e+06 , 543238
2.1273e+06 , -623884 , -1.21838e+06
-515019 , -1.03381e+06 , -485057
644606 , -1.02175e+06 , -1.66858e+06
-900978 , -232263 , -734280
471305 , -430076 , 238565
591287 , 68259.8 , 246144
566941 , -211909 , 1.27117e+06
154344 , 1.03777e+06 , -82512.2
-611468 , -812737 , -135883
992680 , -194499 , -1.2925e+06
370715 , -2.00861e+06 , -243069
1.23741e+06 , -803218 , 45435.4
28339.1 , -1.21769e+06 , 1.14398e+06
-1.15534e+06 , 1.35674e+06 , 1.49707e+06
672662 , 1.89101e+06 , -792375
-836879 , 1.20577e+06 , 404907
-226269 , 837732 , 1.07383e+06
1.08447e+06 , -131877 , 185927
662729 , -890652 , -1.13457e+06
294075 , -68561.8 , 1.47055e+06
1.27109e+06 , 548868 , 788746
-1.6188e+06 , 256216 , 74052.1
237628 , -319534 , -462505
302691 , 739822 , -2.26093e+06
1.29742e+06 , 1.14195e+06 , 7569.42
586227 , -1.16917e+06 , 1.03845e+06
-6726.66 , -341184 , 2.43959e+06
-151807 , 883476 , -770044
-1.38355e+06 , -1.33819e+06 , -2.04826e+06
1.16141e+06 , 422281 , 1.6296e+06
1.61859e+06 , -1.3364e+06 , 414014
137317 , 1.46722e+06 , 1.72498e+06
-641459 , 2.29394e+06 , -136139
-1.36141e+06 , -703436 , -367047
211760 , 748581 , 158915
-308968 , -154506 , -999977
956449 , 495045 , 146737
-251859 , 532467 , -437561
296297 , 340005 , -1.64968e+06
-1.09779e+06 , -644787 , 591317
-700832 , -2.00336e+06 , 515727
-152571 , -414414 , 72515.9
124724 , 2.66884e+06 , 105792
-20670.2 , 2.4908e+06 , 38092.3
1.25263e+06 , 846148 , 1.20034e+06
97903.3 , -894610 , 1.80183e+06
-279039 , 914461 , -244565
-1.22541e+06 , 1.25346e+06 , -481338
490917 , -152123 , 633658
-548698 , -276818 , 1.24435e+06
-1.21471e+06 , -377790 , 1.8298e+06
-79054.4 , 95804.7 , 1.44533e+06
-1.10836e+06 , 75911.2 , 132093
-418001 , 917450 , 426234
-1.06872e+06 , 165299 , -120646
-772335 , -1.40351e+06 , -343280
-1.14441e+06 , -2.17401e+06 , 1.70348e+06
-965805 , -1.42938e+06 , 3.70881e+06
-294171 , -1.11206e+06 , 1.15194e+06
1.12111e+06 , -1.87996e+06 , 1.01558e+06
1.54366e+06 , 72164.4 , 1.33281e+06
-705083 , 1.99334e+06 , 486873
-509625 , 1.52681e+06 , -860051
11063.6 , -361779 , 673537
-1.19971e+06 , -289991 , -846969
1.82863e+06 , -823127 , 1.41595e+06
-176803 , -464118 , 652097
905253 , -368049 , -588710
1.23002e+06 , -2.10782e+06 , 785134
2.26034e+06 , -813153 , -591806
181998 , 446654 , 1.21637e+06
377589 , 1.11709e+06 , -139936
1.48073e+06 , -639924 , 800139
-1.72331e+06 , -357294 , -1.18094e+06
282834 , -141404 , 420227
-851817 , 298855 , 738788
-1.4524e+06 , -401712 , 1.88992e+06
684229 , -626678 , 2.40307e+06
1.2225e+06 , -357065 , -549717
497342 , 454596 , 1.83029e+06
-1.8717e+06 , 1.3196e+06 , 704889
808168 , 382720 , 1.24314e+06
122896 , -1.02364e+06 , -1.7169e+06
-961558 , -1.2219e+06 , -344796
764416 , 630457 , 760815
-1.91605e+06 , 227629 , 1.90401e+06
-1.12818e+06 , 1.98457e+06 , 218020
299544 , -881714 , 240814
-1.71623e+06 , -307341 , -912070
187846 , -1.3095e+06 , 1.08394e+06
751683 , -231430 , 35685.1
-519052 , 706826 , 1.31218e+06
-455372 , -41761.2 , -936513
-743039 , -834826 , 714369
154056 , -66074.7 , 1.42085e+06
970649 , -64602 , 400603
1.1457e+06 , 527862 , 1.55019e+06
897617 , 375140 , -1664.58
1.72368e+06 , -1.48518e+06 , 98617.8
124499 , 25130.8 , 443140
26834.5 , -1.80303e+06 , 915349
-373216 , -1.0268e+06 , 1.22002e+06
1.2283e+06 , -1.24528e+06 , -1.07264e+06
2.21766e+06 , 938113 , -32389.4
1.39314e+06 , -951855 , 876330
198766 , -1.92959e+06 , 957978
663319 , 594251 , -981377
1.04992e+06 , -761101 , 910296
-672523 , 300162 , 243114
-1.48558e+06 , -1.76262e+06 , 804839
-2.1267e+06 , -338907 , 603733
728391 , -840362 , 1.30181e+06
2.37656e+06 , 507218 , -85886.7
-133691 , 313049 , 153509
1.38309e+06 , -1.03225e+06 , 917542
496174 , -909636 , 2.14235e+06
130614 , -541478 , -532204
772696 , -140878 , 1.50059e+06
440679 , -1.47194e+06 , 1.00592e+06
930365 , -296506 , -1.37718e+06
-443117 , 1.16831e+06 , 1.32631e+06
-133627 , -62480.8 , 900275
1.85071e+06 , 768166 , 3.44823e+06
-19933.4 , 987784 , 2.55877e+06
1.42289e+06 , 897471 , 1.07295e+06
-807245 , -782775 , 1.68087e+06
-1.5506e+06 , 551563 , -608478
-1.06735e+06 , 1.12592e+06 , 924726
-1.98749e+06 , 1.51293e+06 , 1.60488e+06
876574 , -2.17838e+06 , 1.03445e+06
233771 , -387615 , 93804.7
1.2612e+06 , -16904.7 , 788061
862606 , -862508 , -1.68473e+06
2.02817e+06 , 304372 , 265828
-290334 , 301058 , 776223
-1.09247e+06 , -1.21435e+06 , 66936.7
517475 , -989085 , 454011
-252972 , 943548 , 209986
-2.43195e+06 , -1.3522e+06 , 1.31507e+06
2.10528e+06 , -975448 , 880011
346719 , 279361 , -580101
-1.24066e+06 , -667548 , -1.85264e+06
635749 , -1.31903e+06 , 1.71903e+06
-523678 , -1.71754e+06 , -556173
1.94553e+06 , -1.68543e+06 , 2.11151e+06
454839 , 56311.7 , -617906
-823853 , -758085 , 137699
509849 , 1.91849e+06 , 625974
-1.55777e+06 , 362799 , -1.01984e+06
-1.51084e+06 , -323664 , 1.06703e+06
-816637 , 1.29387e+06 , -763725
1.65352e+06 , 463779 , 775186
-2.16529e+06 , -395490 , 2.64833e+06
1.25807e+06 , 156238 , 233486
60094.2 , -776503 , 290651
-346417 , -96700.7 , -1.96934e+06
1.40715e+06 , -912778 , -2.10121e+06
464331 , 1.34419e+06 , 1.05687e+06
-357257 , 1.26777e+06 , 624266
-40895.2 , -1.23447e+06 , 218065
1.83898e+06 , -132444 , -153087
2.27358e+06 , 27647.5 , 1.14783e+06
88563.8 , 493294 , 704054
-56614.2 , 1.02136e+06 , 183071
-819285 , 1.59834e+06 , -511649
-889340 , 944401 , 2.24541e+06
1.48584e+06 , -431909 , 1.58864e+06
144819 , -1.08298e+06 , 938301
1.88557e+06 , -153262 , 403663
-646411 , -405409 , 1.4568e+06
-1.07523e+06 , -779809 , -8791.23
-1.39964e+06 , 1.07977e+06 , -1.04297e+06
-1.95686e+06 , -1.93836e+06 , -1.58506e+06
-123593 , 501752 , -965765
930629 , -314436 , 568517
-1.70407e+06 , -663485 , -1.13861e+06
87457.7 , 774716 , -1.15861e+06
-475831 , 1.51022e+06 , 946518
1.42524e+06 , 640086 , -573940
-1.07951e+06 , -1.03136e+06 , -664145
-1.13938e+06 , 1.2114e+06 , -537812
-2.60912e+06 , -428869 , -197050
-1.4834e+06 , -359069 , 128207
114931 , 999107 , 51225
1.6136e+06 , 1.32716e+06 , -478657
366247 , -369115 , -849430
-128690 , -25100.8 , 1.13697e+06
-542266 , -1.62322e+06 , 554191
849690 , -1.90233e+06 , 929176
-1.34226e+06 , 341697 , 694407
-1.89085e+06 , -804837 , 1.00425e+06
-1.97257e+06 , -1.65968e+06 , -1.36859e+06
637905 , -434604 , 1.23102e+06
-93496.3 , -1.00213e+06 , 869790
-1.1583e+06 , -1.09429e+06 , 1.79912e+06
-287108 , 1.71366e+06 , 1.28327e+06
-1.14754e+06 , -235263 , 2.56834e+06
-1.04099e+06 , -1.06945e+06 , 104707
-1.31946e+06 , 484676 , -2.09886e+06
-692149 , 507319 , -453253
1.50262e+06 , 848923 , 177142
-914238 , 2.07433e+06 , -1.15071e+06
399237 , 1.99587e+06 , -1.31358e+06
-1.27864e+06 , 268734 , 2.22667e+06
-550978 , -1.08246e+06 , 849605
-1.16431e+06 , 508670 , -27824.1
1.56578e+06 , 517802 , -875928
1.49303e+06 , -466563 , -913873
-393008 , -378169 , 2.1485e+06
-561494 , -663029 , -1.21184e+06
-566422 , 1.17795e+06 , -652138
437011 , -800676 , -1.15287e+06
1.91956e+06 , 1.56207e+06 , -345777
1.26357e+06 , -1.31337e+06 , 2.19988e+06
369342 , -1.42796e+06 , 334150
566403 , 768771 , -2.06163e+06
-240970 , 2.02652e+06 , -361819
-48918.2 , 1.00606e+06 , -584855
2.03274e+06 , -1.1036e+06 , 350137
67506.9 , 1.3626e+06 , 1.51409e+06
186430 , 1.40523e+06 , -1.01295e+06
-22783.9 , 320627 , -1.0073e+06
-1.09766e+06 , -70120.3 , -940417
2.00487e+06 , -1.39691e+06 , 1.05919e+06
-248259 , -711660 , -701423
591581 , 346225 , -335702
-38879.6 , -698106 , 1.48237e+06
942112 , 411405 , 29815.1
1.12181e+06 , 137775 , 1.37724e+06
-461280 , 1.85604e+06 , 1.74781e+06
69164.3 , -98736.9 , -2.29466e+06
-1.80751e+06 , 1.47158e+06 , -61363.7
988682 , -321551 , -451021
-121650 , 516506 , 2.38122e+06
-2.5387e+06 , -1.0614e+06 , -52713.8
788572 , 425725 , 1.42671e+06
-1.46069e+06 , 115645 , 348638
-521467 , -397227 , 626323
1.5359e+06 , -1.25653e+06 , 229026
623766 , 732545 , 1.32635e+06
-839476 , -38336.7 , 118751
-131568 , -73877.4 , -1.10079e+06
516668 , 260495 , -703688
-202088 , 1.5297e+06 , -1.53032e+06
348933 , -106960 , 704465
-2.16977e+06 , 684356 , 124695
-1.15658e+06 , -1.51647e+06 , -57142.7
577232 , 541921 , 2.13605e+06
1.64343e+06 , 1.0847e+06 , -291725
1.68613e+06 , -998966 , 527138
-977398 , 2.0052e+06 , -1.10152e+06
-394448 , -833384 , 1.38613e+06
-1.75522e+06 , 212798 , 1.26639e+06
-1.50679e+06 , -332704 , 964065
-165074 , -1.22369e+06 , -80625
1.17019e+06 , 214913 , -237462
666711 , -1.62723e+06 , -657596
384851 , 224968 , 1.74055e+06
634658 , 1.67241e+06 , 124806
1.43015e+06 , 1.1953e+06 , 813083
680848 , 1.58695e+06 , -715379
69753.3 , 1.66765e+06 , -288360
-434764 , 343140 , 108606
1.15335e+06 , 958854 , 2.212e+06
860069 , -846181 , -633394
-734836 , 1.07854e+06 , 711293
467389 , -1.0517e+06 , 434534
978940 , -117359 , 483297
1.77257e+06 , -1.15819e+06 , 631941
-700793 , -1.24365e+06 , -1.18786e+06
-642023 , 1.9544e+06 , 1.16361e+06
1.32684e+06 , -152612 , -168104
-1.53508e+06 , -1.49318e+06 , 532842
-1.34313e+06 , 1.08306e+06 , 1.5865e+06
-934617 , 254536 , 1.41976e+06
-317242 , -2.39362e+06 , 84359.6
800156 , 118599 , 1.47065e+06
-14537.7 , 1.56409e+06 , 94771.8
-1.04646e+06 , 685539 , -1.36457e+06
-432985 , 311872 , 1.43401e+06
1.44265e+06 , 726921 , 387438
1.74117e+06 , 1.25647e+06 , 676715
458075 , -2.26736e+06 , -364458
-118028 , 1.38952e+06 , 1.22664e+06
-760473 , 1.41406e+06 , 119326
1.28319e+06 , 1.17617e+06 , -1.08746e+06
1.41714e+06 , 601670 , 1.3249e+06
881640 , 1.68703e+06 , 819057
1.32926e+06 , 918049 , -613528
611369 , -220524 , 106188
764630 , -1.44332e+06 , -479715
-804295 , 207426 , -862898
-798616 , 470127 , 1.01446e+06
969005 , 906672 , 2.65756e+06
196157 , 103042 , -2.11137e+06
955322 , -780187 , 1.33312e+06
14491.8 , 464427 , -600263
-1.4303e+06 , -320841 , 974236
-1.01607e+06 , -204258 , 2.13953e+06
-433896 , -445830 , 744188
-857186 , -494837 , -747961
-613068 , 657253 , -1.34243e+06
-2.32549e+06 , -866762 , 31363.6
-860826 , 893210 , 78557.9
987614 , -1.24687e+06 , 2.30918e+06
-80325.9 , -615911 , 2.05541e+06
-294725 , -438814 , 44894.4
-708492 , 457511 , 1.18167e+06
217525 , -1.06474e+06 , -483322
302937 , -1.71732e+06 , -1.55105e+06
1.62349e+06 , -348323 , -374751
-922860 , -1.24027e+06 , 458426
-134680 , -1.64254e+06 , 1.50018e+06
635411 , -421903 , -128491
-597051 , -772551 , 698305
2.17343e+06 , -407602 , 208636
328397 , -1.44245e+06 , -564690
-1.50416e+06 , -1.74276e+06 , 408145
-594052 , 199118 , 247345
-393050 , 2.12241e+06 , -199481
-901936 , 962910 , -734894
333498 , -2.1414e+06 , -1.10109e+06
-135137 , -2.39434e+06 , 242085
1.10686e+06 , -1.35357e+06 , -184519
-729402 , -2.42415e+06 , 635650
86192.2 , -1.62984e+06 , 357242
-356423 , -1.60085e+06 , -379172
1.4866e+06 , 998294 , -239011
-686623 , 226349 , 1.18351e+06
3.2007e+06 , 448320 , 250299
1.05765e+06 , -507664 , 134635
-651926 , 357883 , -624429
-772130 , -1.06933e+06 , 549744
-1.12758e+06 , 260060 , 297326
481561 , 1.32344e+06 , 1.60465e+06
-556892 , -270205 , -550961
-165761 , -884220 , -1.29888e+06
1.03343e+06 , -699605 , 1.52067e+06
720055 , 1.29848e+06 , 389273
-297644 , -130008 , 1.98566e+06
1.84708e+06 , -627361 , -917843
-286144 , -338182 , 1.49694e+06
67366.1 , -1.22994e+06 , 159488
-778113 , -374750 , 456247
-319657 , 105854 , -159871
-160146 , -1.22786e+06 , 554589
675186 , -1.46062e+06 , 783068
-1.40583e+06 , -671751 , 2.11152e+06
1.0707e+06 , 1.52449e+06 , 241128
74129 , -813307 , 1.42199e+06
-1.14286e+06 , -113843 , 1.18533e+06
743826 , -1.41525e+06 , -293217
-1.41567e+06 , 942749 , -1.00569e+06
-1.79053e+06 , 706810 , -709875
57714.2 , 1.51644e+06 , 575164
-2.15275e+06 , 1.05607e+06 , -1.20628e+06
-596913 , -822066 , 606524
423020 , 1.4056e+06 , 238547
1.32319e+06 , -330637 , 470939
-638064 , -410914 , -341924
1.97993e+06 , 792706 , 353357
1.04766e+06 , 181556 , -1.23877e+06
-408506 , -888844 , 547395
-782913 , -1.24913e+06 , -1.70706e+06
-894354 , -1.1024e+06 , 2.48294e+06
1.77874e+06 , -2.53763e+06 , -336964
510717 , 1.31116e+06 , -1.53925e+06
1.05783e+06 , -603453 , 954526
-352004 , 1.16236e+06 , 1.23149e+06
972184 , 1.49783e+06 , 963043
970589 , -340818 , 1.39343e+06
282934 , 202174 , -727344
32592.6 , -574376 , -359186
-1.33381e+06 , 930679 , 648152
-92784.5 , -620484 , 1.99893e+06
742763 , 643892 , 813127
-686152 , -713672 , 719807
-119905 , -1.7358e+06 , -120145
-116769 , 376785 , -173601
-1.3903e+06 , -1.06658e+06 , -1.05778e+06
357801 , 543554 , -25337.3
201519 , 94582 , -1.45445e+06
1.37786e+06 , -121900 , 185617
-1.3629e+06 , 1.13077e+06 , 162499
-1.85481e+06 , -335928 , -195840
-945989 , 262452 , -726162
334985 , 200430 , 255516
312946 , -228902 , 2.62301e+06
2.82086e+06 , -1.00592e+06 , 398980
179134 , -468080 , -703341
-1.01123e+06 , -189702 , -775211
1.57131e+06 , 424452 , 1.24414e+06
1.70671e+06 , -361251 , -1.19757e+06
697125 , 1.29615e+06 , 834326
1.18547e+06 , -53549.5 , 489437
130574 , 1.33081e+06 , -74831.3
974715 , 626505 , -305784
-757738 , 255765 , -1.38076e+06
-1.79404e+06 , -1.01271e+06 , 1.32672e+06
813039 , 131454 , 1.60966e+06
531771 , -791904 , -415040
69106.7 , -2.00015e+06 , 208550
-181016 , 1.30684e+06 , -169522
478716 , -2.93188e+06 , 1.42594e+06
-1.06591e+06 , 527946 , -131761
-1.00516e+06 , -1.05251e+06 , 485451
-1.25789e+06 , 991234 , -549738
-1.16675e+06 , -1.41827e+06 , 1.73823e+06
1.74712e+06 , -1.35353e+06 , -1.10282e+06
-502850 , -1.42597e+06 , -866022
-1.87322e+06 , -49957.6 , -94309.4
-115879 , 2.09863e+06 , -180651
-725827 , 616368 , 1.98544e+06
672083 , -702108 , 214955
721186 , -1.18292e+06 , -305780
1.34919e+06 , -1.41828e+06 , 99592.6
304504 , 668442 , -505864
103989 , -1.99449e+06 , 2.19546e+06
314768 , 290828 , -754874
-1.4851e+06 , -515327 , -482979
683589 , -1.01868e+06 , 532188
-119906 , -609475 , -1.43226e+06
-39597.5 , -770596 , 1.31327e+06
-273871 , 244686 , 1.35092e+06
-1.00033e+06 , 1.117e+06 , 281113
-1.15075e+06 , 1.87449e+06 , 212279
1.13496e+06 , 850409 , -950748
-310645 , -1.44366e+06 , 1.7164e+06
1.60898e+06 , -466652 , 228340
-1.1447e+06 , 1.56781e+06 , 960760
1.63058e+06 , -931104 , 14477.5
139557 , -116360 , -1.30871e+06
-1.60766e+06 , 155778 , -275849
-1.35455e+06 , 558968 , 1.27505e+06
-1.6361e+06 , -365129 , -412881
65981.9 , 2.29096e+06 , -216817
428657 , -2.43772e+06 , 855253
-1.58067e+06 , 413755 , 458959
1.8778e+06 , 225449 , 705406
40230.2 , 1.44247e+06 , -191157
-416557 , 767966 , 856024
-1.64788e+06 , -52933.7 , 887552
-520612 , -217622 , -1.98112e+06
-1.74353e+06 , 810383 , -39633.5
218041 , -822622 , -1.29386e+06
-1.95621e+06 , -468579 , 291947
1.01007e+06 , 37410.8 , 1.61509e+06
-1.41384e+06 , 1.0525e+06 , 479208
-124075 , -463599 , 654141
-1.6751e+06 , -473313 , -1.05528e+06
772512 , -636986 , 822064
804151 , 212787 , 1.17874e+06
-297160 , 296043 , 1.90358e+06
697404 , -1.35048e+06 , 370929
-1.29012e+06 , 1.11414e+06 , 904016
792046 , -221771 , 2.41892e+06
-332360 , 570277 , 1.14126e+06
-903777 , 1.25226e+06 , 794256
-723363 , -861749 , 332646
36117.4 , 1.07871e+06 , -55983
-1.95732e+06 , 1.80829e+06 , 1.50482e+06
1.82083e+06 , -261548 , 183882
834616 , -877991 , -870874
-27125.7 , 212165 , 1.62241e+06
149920 , 617993 , -123066
-382441 , -1.17879e+06 , -2.40673e+06
-684509 , -46034.9 , 1.47899e+06
940371 , 330190 , -817615
-770696 , 45185.6 , -1.67363e+06
529011 , 830899 , 3.1867e+06
554416 , -487528 , 726121
-476261 , 304689 , -1.56782e+06
-592781 , -1.0238e+06 , -114499
1.56477e+06 , 1.3413e+06 , -570490
1.04249e+06 , -288623 , 21355.4
-1.71265e+06 , -1.31691e+06 , -141719
-1.02387e+06 , 1.81436e+06 , 539179
-345705 , 16503.5 , -702106
-282586 , -996395 , 1.10958e+06
-269236 , 1.02448e+06 , 936749
-146711 , -1.25555e+06 , 998095
-18949.9 , 217867 , 1.3976e+06
339535 , -479730 , -1.81487e+06
1.40866e+06 , 542237 , 2.1898e+06
-1.54038e+06 , 662384 , 577976
-956393 , -592136 , 199265
-1.01934e+06 , 2.16197e+06 , -215540
1.71152e+06 , 1.16011e+06 , 628760
-1.41373e+06 , -1.09044e+06 , 115815
281121 , -595183 , -1.17296e+06
2.08395e+06 , -785224 , -1.44088e+06
1.40216e+06 , 1.6307e+06 , 528265
-23322.5 , 261339 , -1.64797e+06
-398131 , 747912 , -896125
-258567 , -905206 , -402417
372118 , -494987 , -52498.7
-238122 , 1.34121e+06 , 868889
269009 , -1.50958e+06 , -937335
417531 , 1.13161e+06 , -1.04521e+06
821460 , 1.62126e+06 , 147557
-2.07665e+06 , -974063 , 329067
-2.15634e+06 , 851585 , 1.19636e+06
178673 , -478927 , -499171
712687 , 138803 , -168546
-842193 , 169269 , 1.46035e+06
-982795 , -120154 , 1.4139e+06
-369086 , 727261 , 2.60676e+06
1.13324e+06 , -152235 , -290989
336382 , 1.11715e+06 , 415382
1.48035e+06 , 211577 , -132602
-569923 , 1.78385e+06 , 632450
1.04706e+06 , -459624 , -1.3096e+06
-497128 , -1.37239e+06 , -41040.1
-1.0108e+06 , 565085 , 1.41031e+06
978716 , -91251.8 , -243218
997678 , -1.53734e+06 , -1.01603e+06
1.38434e+06 , 1.82385e+06 , -750213
-353123 , -1.95447e+06 , 1.18246e+06
-1.33173e+06 , -376392 , 735931
372.363 , 861154 , 1.4159e+06
574237 , 188347 , -24321.2
-31777.6 , 843190 , -1.523e+06
1.32555e+06 , 368353 , -1.37705e+06
-121680 , -1.54636e+06 , 1.19228e+06
181939 , -583662 , -207864
829505 , 963218 , 1.28538e+06
13103.8 , 1.32226e+06 , 769596
145048 , -181197 , 530318
465665 , -933319 , 299609
1.12359e+06 , -1.56019e+06 , -405205
1.03507e+06 , 950742 , -212109
-928800 , -353438 , 202618
1.79487e+06 , 1.06345e+06 , 1.47139e+06
979950 , -94576.7 , 2.20192e+06
715199 , 1.46692e+06 , 673271
2.09859e+06 , -205293 , -143687
-266677 , 110074 , 1.42431e+06
1.56354e+06 , 345457 , 1.36167e+06
-585222 , 1.38115e+06 , -1.03771e+06
-1.44035e+06 , -254089 , 649491
-558875 , -245852 , -1.02104e+06
-283834 , -858832 , -1.38884e+06
1.6175e+06 , -417145 , -572856
-1.76247e+06 , 1.86571e+06 , 1.33036e+06
-262383 , -592247 , -1.98987e+06
640697 , 625110 , 2.44884e+06
1.46085e+06 , -535554 , -122590
884424 , 294700 , 64679.5
-1.45432e+06 , -317491 , -88680.6
253711 , -1.2556e+06 , -2.00804e+06
-223613 , -1.0184e+06 , -1.29353e+06
3880.38 , 701929 , -1.43672e+06
-278494 , 155641 , 923698
-313688 , 126108 , -2.64197e+06
747093 , 817752 , -1.85811e+06
809439 , -23930.1 , 1.6283e+06
1.50665e+06 , 1.0882e+06 , 809194
-759372 , 229064 , 461530
-1.0344e+06 , -723717 , 2.69714e+06
1.2673e+06 , 961710 , -55686.5
1.0331e+06 , -1.17889e+06 , -920211
1.60725e+06 , 936367 , -295341
6650.69 , -1.53699e+06 , 374128
387275 , -889780 , -505726
-467786 , -1.38044e+06 , -61076.4
354546 , 473840 , -1.21071e+06
954057 , -836005 , -173795
-365710 , -301055 , 796945
-788154 , -801662 , 47852.9
-87190.6 , 101075 , 1.7143e+06
1.77742e+06 , -701123 , 533476
-998058 , -655865 , 334043
465710 , -721764 , 1.29121e+06
254624 , -1.95147e+06 , 2.50257e+06
-1.28124e+06 , -1.1454e+06 , -680637
-1.40352e+06 , 113733 , -351600
-1.61574e+06 , 331185 , 859529
847341 , 714132 , 762396
715604 , -2.22867e+06 , -483673
-389196 , 1.61232e+06 , 953172
-127351 , -1.14312e+06 , 1.95015e+06
599397 , -894401 , 1.13109e+06
-1.4225e+06 , 135359 , -140782
60066.6 , -309423 , -79213.5
569515 , -895679 , -854380
684969 , 490943 , -63493.5
993318 , -204351 , 1.43965e+06
-1.14104e+06 , -2.07017e+06 , -1.09773e+06
-1.23639e+06 , -1.52321e+06 , -731478
881848 , 547645 , -929303
-424916 , 1.01597e+06 , 954191
794322 , 14521 , -370434
1.06583e+06 , 145715 , 76562.3
-198307 , -568641 , 1.0032e+06
-1.09631e+06 , 327390 , 1.14619e+06
763554 , -1.22878e+06 , -588091
1.61036e+06 , -194380 , 113300
1.1848e+06 , -1.2322e+06 , 483326
-1.17536e+06 , 405623 , 852495
129045 , 1.23942e+06 , 1.95022e+06
-1.16082e+06 , 788131 , -923045
-1.70378e+06 , -841522 , 982205
-168235 , 1.6509e+06 , -527596
-287939 , -1.64368e+06 , 697583
1.2869e+06 , 1.07887e+06 , -1.40439e+06
-446227 , 453905 , -315479
-859290 , 644318 , 1.09721e+06
-2.20615e+06 , 995723 , 1.03198e+06
2.21764e+06 , -42097.5 , -492945
-2.14792e+06 , -871115 , -365447
1.22953e+06 , -647117 , 561137
-97656.4 , 1.18545e+06 , -587142
-654112 , -142414 , 1.69025e+06
629981 , -1.17376e+06 , 747497
111600 , -2.05852e+06 , 1.24313e+06
-24747.5 , -867302 , 814682
22495.7 , 1.54401e+06 , 1.96769e+06
444461 , 834339 , 1.26579e+06
249946 , 1.24897e+06 , -318480
1.80176e+06 , -495492 , 180596
-1.14542e+06 , -358636 , 411386
-2.16196e+06 , -207101 , 308119
366508 , -1.65261e+06 , 1.16162e+06
923894 , -773494 , 471135
999641 , -1.04986e+06 , -156492
-1.38579e+06 , -336034 , 740722
1.14462e+06 , 543978 , -109485
128061 , 518994 , 1.13876e+06
789856 , -344600 , -448606
266582 , 1.6107e+06 , -2.31827e+06
390725 , -1.24802e+06 , 2.63786e+06
-2.10694e+06 , -1.12911e+06 , 2.0073e+06
108751 , 828264 , 975692
1.17198e+06 , -477453 , 1.27232e+06
116643 , 886180 , 1.25911e+06
-314136 , 1.58063e+06 , -1.12873e+06
148456 , -273310 , 1.03945e+06
588368 , -272113 , 687024
830753 , 593653 , 525899
-1.92558e+06 , -1.89578e+06 , 1.57909e+06
534146 , -497023 , 929070
579522 , 1.26898e+06 , 1.8178e+06
-477274 , -294710 , 2.68239e+06
-1.04566e+06 , 862573 , 672728
1.2678e+06 , 2.2377e+06 , 1.32176e+06
1.52239e+06 , 441930 , 433030
476544 , 557690 , 1.99914e+06
89533.5 , -49674.9 , 654370
692596 , -810900 , -1.60882e+06
-939866 , -681447 , 1.69026e+06
2.1209e+06 , -1.06191e+06 , -479478
-379506 , -754649 , -551840
-202940 , 475434 , 1.39093e+06
-1.10477e+06 , 708526 , -74826.1
78132.8 , -183115 , -328297
-867377 , 1.34877e+06 , 1.55196e+06
-269070 , -140553 , 937896
-795561 , 1.6851e+06 , 289283
-472999 , -791483 , 935733
-939710 , 3.37515e+06 , 1.61847e+06
-406015 , 1.68001e+06 , -48216.3
-705734 , -513663 , -200143
809791 , 600100 , 1.92284e+06
304808 , 342053 , 2.01181e+06
-1.69673e+06 , -391937 , 308150
966941 , 579096 , 197415
-1.13818e+06 , 1.56356e+06 , -1.23228e+06
332749 , 1.33655e+06 , 1.17902e+06
-1.16477e+06 , -781624 , -2.12072e+06
-1.47308e+06 , 585536 , -1.03063e+06
520643 , -752981 , -470563
-858073 , 116479 , 399318
-474036 , -2.07905e+06 , 1.79801e+06
-1.77359e+06 , 649661 , 1.22411e+06
-783924 , -501974 , 142331
-764370 , -1.3174e+06 , -286886
-375520 , -592616 , -813326
635261 , -853004 , 865350
1.61427e+06 , -128562 , -451053
-86234.5 , -48391.3 , 1.02448e+06
-661640 , -1.70987e+06 , 400436
-715663 , 387011 , -1.01812e+06
-919782 , -823192 , -831492
-54949.2 , 112563 , 765925
1.80477e+06 , 433891 , 1.14811e+06
1.42639e+06 , 1.35894e+06 , 2.05118e+06
242703 , -1.28519e+06 , 2.32421e+06
-410969 , -1.49381e+06 , 781333
-1.50184e+06 , -804596 , 1.02755e+06
683698 , 1.80326e+06 , 422491
456958 , -199956 , -2.19408e+06
1.89036e+06 , 412026 , 776282
190646 , -1.14882e+06 , -962757
-320776 , -2.00594e+06 , 757326
635692 , -60101 , -701657
-312412 , 1.51137e+06 , -116778
600452 , 565812 , 105925
890898 , -28902.6 , -1.49668e+06
-1.28933e+06 , 667967 , -1.41075e+06
-199927 , 460408 , 1.82696e+06
367827 , -1.27418e+06 , -85472
1.34762e+06 , -2.2202e+06 , 1.42131e+06
335196 , -1.44238e+06 , 1.17025e+06
-975094 , -129670 , -728140
1.23493e+06 , 324904 , 2.51991e+06
-92512 , 120924 , -2.09513e+06
1.09121e+06 , 1.04213e+06 , -296074
567705 , -1.18279e+06 , -484050
-886351 , -670554 , 1.65003e+06
-945581 , -784619 , 735057
33674.8 , 1.62342e+06 , -392724
-709215 , -901922 , 1.96163e+06
1.04055e+06 , -246727 , -732873
-800182 , -1.23635e+06 , -813635
1.6488e+06 , -267114 , -395808
35183.5 , 1.03845e+06 , 434914
-294788 , -1.55404e+06 , 730638
-504997 , -1.1632e+06 , 562091
-105366 , -865345 , -1.05875e+06
-52425.4 , 781028 , 2.28372e+06
-843234 , -106930 , 326111
242768 , 1.62773e+06 , 436711
-284599 , -1.74534e+06 , -150418
-855831 , -1.12442e+06 , 1.51115e+06
-363485 , 468097 , -176219
381128 , 1.19583e+06 , 32028.1
1.66654e+06 , 865533 , -483051
507074 , 363964 , -1.12325e+06
-1.77226e+06 , 444197 , 1.51845e+06
577625 , 1.11286e+06 , 535224
1.08957e+06 , 130094 , -208634
1.28746e+06 , 257959 , 402407
-257898 , -92119.4 , 1.52508e+06
1.17394e+06 , 345944 , -1.95419e+06
368527 , -492905 , 1.54508e+06
-1.51913e+06 , 736959 , -80451.3
-307345 , -134708 , 1.15939e+06
807015 , -721358 , -1.1168e+06
202419 , -594121 , 1.01586e+06
-1.18402e+06 , 586607 , -169092
-891549 , -803550 , 223604
743235 , 313910 , 36410.6
-331005 , 1.21655e+06 , -532065
-1.41103e+06 , 425041 , -491617
-2.14698e+06 , -405184 , -178167
-558998 , -277302 , 1.57697e+06
1.38441e+06 , 784576 , -206124
927482 , -530749 , 1.00289e+06
-709340 , 694753 , 681584
1.19205e+06 , 1.62744e+06 , 183315
-253380 , -1.48037e+06 , 1.78725e+06
1.77547e+06 , -1.63001e+06 , 319734
-878210 , -348000 , 927606
145803 , 579222 , -1.70208e+06
-152482 , -283520 , -574652
-618432 , 1.20336e+06 , 2.8546e+06
-1.2654e+06 , -966929 , -452364
441507 , 1.11359e+06 , -105298
-1.47539e+06 , -852578 , 1.56608e+06
496291 , -975084 , 1.57983e+06
2.21292e+06 , -740834 , -70173.6
1.03789e+06 , 401922 , -99865.1
-335781 , -60694.6 , 787515
-145656 , 221678 , 80544.5
-227270 , -729428 , 1.09917e+06
-98217.9 , -342206 , 1.22121e+06
368727 , 1.75997e+06 , 1.93527e+06
-666627 , -465101 , 97300
-1.11841e+06 , 193924 , 1.0902e+06
-75826.4 , -1.04174e+06 , 1.54416e+06
-576597 , -340586 , -953111
61382.5 , -958392 , -308194
-387719 , 290879 , -1.57608e+06
1.50472e+06 , -93615.9 , -95204.7
1.69913e+06 , 422343 , 743900
1.64305e+06 , -340813 , -983441
-314701 , 535780 , 1.06652e+06
-60436.8 , -390069 , 903440
-1.96834e+06 , -832509 , -765033
-1.00725e+06 , 41929.3 , 2.89949e+06
1.48449e+06 , 1.32707e+06 , 829788
-577814 , 1.1659e+06 , 1.42158e+06
-2788.28 , 1.60716e+06 , -161674
-274296 , -1.13445e+06 , 1.54004e+06
466133 , -1.6821e+06 , -1.5645e+06
1.40797e+06 , 763802 , 1.75581e+06
-1.26242e+06 , -724363 , 417412
242161 , 1.55773e+06 , 934399
147697 , 412665 , 60439.7
-1.01052e+06 , -1.33655e+06 , -1.04579e+06
69012.7 , -1.16878e+06 , 1.79288e+06
-745115 , 1.4795e+06 , -1.59529e+06
207177 , 176785 , -1.13239e+06
-374347 , -538454 , 1.14164e+06
-470338 , -317956 , -2.00144e+06
-775974 , -359613 , -160801
670953 , 403549 , 1.20753e+06
390058 , 438823 , -900563
1.70572e+06 , 1.15235e+06 , -141515
-2.77971e+06 , -1.64126e+06 , 2.69506e+06
981144 , 526247 , 360100
-393953 , 74936.4 , 273700
1.35862e+06 , -163605 , 163635
1.24086e+06 , -984870 , -1.06262e+06
-1.05727e+06 , -636123 , -734254
1.16883e+06 , 1.09443e+06 , -2.18056e+06
568779 , 1.06923e+06 , 572182
-1.89383e+06 , 439830 , -367264
867574 , 681487 , 222790
755272 , 747326 , 856574
976002 , 545359 , -285161
199044 , 409138 , 2.14952e+06
899479 , -820931 , 1.49338e+06
418230 , -1.26238e+06 , 789205
-240431 , 144228 , 1.66286e+06
-340670 , 1.44809e+06 , 232532
432083 , 1.04986e+06 , -20603.8
-885247 , -726333 , -43841.2
-1.01626e+06 , 740870 , -2.43341e+06
-848169 , -1.94888e+06 , -748622
-752557 , -484892 , 1.80725e+06
-138667 , -523852 , 499128
-1.1106e+06 , -292705 , -62029.2
-1.64262e+06 , -543976 , -164090
-1.01615e+06 , 1.5634e+06 , 1.17139e+06
1.19606e+06 , -1.43918e+06 , -593774
-89646.7 , 401065 , -278089
-393614 , -530883 , 2.24218e+06
-1.51308e+06 , 512823 , -2.15309e+06
-277321 , -1.3189e+06 , 1.49327e+06
-30458 , 912089 , 1.29892e+06
752772 , -1.11068e+06 , 2.13037e+06
-203258 , 662031 , 238852
-581463 , 128031 , 394306
-2.08563e+06 , 1.9686e+06 , 827303
730295 , 48224.2 , 801256
-1.03102e+06 , -214025 , 1.45599e+06
174685 , 857952 , 208143
-1.90813e+06 , 1.24581e+06 , 502791
1.20873e+06 , -283925 , -1.192e+06
393212 , -316067 , 724492
28315.5 , -1.71372e+06 , -17746.3
260348 , -701504 , -761901
97874.7 , -1.77153e+06 , -885361
-9205.38 , -735009 , 1.80926e+06
195467 , -354865 , -268495
446371 , -676063 , 1.0337e+06
1.10857e+06 , -614563 , 628360
79430.7 , -1.26172e+06 , -1.75702e+06
414630 , -1.81726e+06 , 105168
1.43623e+06 , -41860 , -444848
-896744 , -237291 , 1.90969e+06
-1.04009e+06 , 653118 , 1.23837e+06
1.18046e+06 , -1.31454e+06 , -314572
-1.52634e+06 , -200509 , -1.29311e+06
-444484 , 1.45745e+06 , 1.28423e+06
306651 , 1.08057e+06 , -1.988e+06
-332128 , -481388 , 1.44234e+06
-1.15277e+06 , -269697 , 769229
901200 , 855826 , 346825
-875084 , -344844 , 1.67402e+06
2.5714e+06 , -1.13415e+06 , 47267.8
852627 , 617930 , 1.57892e+06
-232555 , 33865.7 , 273282
1.30354e+06 , -557162 , 237013
-356476 , 818221 , 182291
721653 , -2.57643e+06 , -250410
-254734 , -466010 , -685975
-590029 , -922525 , 153759
1.18401e+06 , -599220 , 168766
149561 , -1.0963e+06 , -963487
-576755 , -899743 , -69108.6
-1.43886e+06 , 1.37981e+06 , 402882
197933 , -1.71257e+06 , -986179
-599866 , 974131 , -213721
404198 , -1.47226e+06 , 365634
-1.00598e+06 , -1.3609e+06 , 598515
1.90803e+06 , 303158 , -255195
833318 , 282421 , 979993
1.31017e+06 , 278750 , -249778
-1.06978e+06 , 1.10202e+06 , -877315
1.19009e+06 , -1.06153e+06 , 182641
554772 , -847196 , 731639
719924 , -689046 , 359353
-1.00171e+06 , -1.5968e+06 , -641187
722784 , 2.12196e+06 , 1.1507e+06
213941 , -826158 , -1.98011e+06
-389924 , 197402 , -1.65134e+06
-1.67818e+06 , 1.86852e+06 , -494137
-1.20341e+06 , 1.21709e+06 , 63454
-370618 , 51162.8 , 370904
-254449 , 757343 , 512604
616805 , 33307.9 , -648885
-426402 , -1.3363e+06 , 1.10511e+06
-1.02646e+06 , 242087 , 803303
-572501 , -522259 , 1.53438e+06
-1.12902e+06 , 227407 , 1.0762e+06
-134184 , -910889 , 1.01178e+06
1.2339e+06 , 874546 , 1.84524e+06
-666068 , 636741 , 536876
1.08265e+06 , 447842 , 34012.3
-801444 , 1.65644e+06 , -402633
828385 , -723522 , -1.21531e+06
-889096 , -43775.4 , -343218
437610 , 572727 , 1.53401e+06
-1.86322e+06 , -76373.7 , 492629
298978 , -180604 , -648112
416500 , 677182 , -1.17926e+06
-1.01259e+06 , 830827 , 1.51278e+06
23739.8 , -1.75271e+06 , -765967
407763 , -587243 , -94283.7
1.30242e+06 , -1.93062e+06 , 818160
-1.29913e+06 , -1.27629e+06 , 633629
-988234 , -1.42646e+06 , -1.48815e+06
1.54308e+06 , 590707 , -83516.6
-1.43909e+06 , -441658 , -733671
-856369 , -1.56691e+06 , 361492
-544315 , 879275 , 289048
1.21884e+06 , 1.60349e+06 , 664822
-764516 , 822536 , -840291
-1.91812e+06 , 389772 , 83941
1.09648e+06 , -153469 , -318601
-887273 , -792984 , -1.07449e+06
-1.44665e+06 , -232146 , 861207
119972 , -274097 , -1.85445e+06
704282 , -1.01745e+06 , 438554
501155 , -912356 , 1.65257e+06
-283071 , -2.41073e+06 , -1.85937e+06
-178745 , 1.84017e+06 , -415464
-1.11522e+06 , 1.20708e+06 , 61038.9
-460152 , 641617 , -1.36516e+06
-1.51527e+06 , 1.33971e+06 , 1.15664e+06
-128329 , -1.25609e+06 , -780966
470884 , -748638 , 384022
-744356 , -796738 , 1.99428e+06
292435 , -152634 , 1.14481e+06
-1.42652e+06 , 296348 , -1.51135e+06
-1.4154e+06 , 715621 , 114120
1.13085e+06 , 823011 , 304816
1.73531e+06 , 286801 , -101404
-1.36332e+06 , -511507 , 1.02335e+06
-686551 , -1.51285e+06 , 1.19877e+06
1.05208e+06 , 968883 , -1.0775e+06
-2.1275e+06 , -788977 , 1.69204e+06
502187 , -1.84981e+06 , 907379
-110274 , -742878 , -389328
374806 , -976195 , 94130.3
-1.61891e+06 , 1.05425e+06 , 130487
-684869 , 532098 , 1.75796e+06
1.17986e+06 , -757709 , 1.26294e+06
-286680 , -1.60627e+06 , 205850
528416 , -188444 , 2.33098e+06
1.99919e+06 , 192422 , -422552
1.15654e+06 , 1.0449e+06 , -1.36091e+06
-841523 , -2.8884e+06 , 421730
1.74954e+06 , -140037 , 755455
1.22823e+06 , 1.08596e+06 , -116419
-933397 , -1.00182e+06 , -102940
1.4045e+06 , -911254 , 1.42154e+06
-1.00801e+06 , 504771 , 73607.9
-1.40976e+06 , -1.09837e+06 , 299508
807031 , 466868 , 638533
341442 , 1.30106e+06 , 1.9733e+06
-448140 , -2.22847e+06 , 1.08405e+06
1.01018e+06 , 72912.2 , -576270
1.71128e+06 , -722443 , 523205
-22758.6 , 354812 , 381673
824627 , -2.22369e+06 , -782950
740618 , 838827 , -200831
470340 , -876367 , 1.38956e+06
728441 , -44387.3 , 214137
-675718 , -686850 , 1.41053e+06
1.85132e+06 , 133309 , -347538
1.19226e+06 , -539788 , 1.26603e+06
335018 , -204803 , -2.10274e+06
-1.13213e+06 , 592525 , 637540
442015 , 2.14117e+06 , 1.44249e+06
300888 , -648077 , 1.28064e+06
-659054 , -1.49313e+06 , 1.50215e+06
1.15258e+06 , -714950 , 719909
833351 , -1.30246e+06 , 1.71641e+06
933485 , -1.9865e+06 , -538854
393834 , 91331.8 , 1.53247e+06
-1.98734e+06 , -551990 , -459154
-858439 , -459419 , 805382
-226486 , 783413 , -585608
1.23493e+06 , 328776 , 966739
-588687 , 13812.5 , -360373
1.46495e+06 , -1.04427e+06 , -380554
556448 , -396715 , -334932
865287 , 589021 , -471262
-432245 , -217058 , -280574
-111647 , 1.58343e+06 , 2.42322e+06
69075.4 , 1.35095e+06 , -727843
-42213.4 , -1.05486e+06 , -1.0376e+06
-768154 , -168541 , -466430
1.54429e+06 , 1.93803e+06 , -390649
-1.26156e+06 , -48439.8 , 1.16977e+06
896329 , 444341 , -1.55164e+06
1.53011e+06 , -610134 , -403191
-221545 , 1.05747e+06 , 389774
-327050 , 1.30587e+06 , 308751
1.70128e+06 , -990794 , -830370
-735198 , -870474 , -780329
-1.37808e+06 , -494679 , 1.26054e+06
-1.61023e+06 , 1.19276e+06 , 560891
1.63496e+06 , -1.7657e+06 , -1.49207e+06
883732 , -1.32912e+06 , 64430.7
-755694 , 1.74634e+06 , -604873
-768167 , 512282 , -518557
-153523 , 102231 , -1.34974e+06
-1.04223e+06 , -110352 , 1.67516e+06
378437 , 1.35383e+06 , -483264
-96969.9 , -1.28177e+06 , -80299.8
2.32394e+06 , 424982 , -368921
-725408 , -266477 , -1.2444e+06
402222 , 516055 , -1.65043e+06
1.15938e+06 , -167268 , 406800
1.7232e+06 , -1.27835e+06 , 320953
-1.39491e+06 , 323203 , 2.79487e+06
-234323 , 981953 , 443999
1.579e+06 , -898677 , -704994
399129 , -532284 , -284326
-855159 , 716935 , 567017
-399811 , 1.01297e+06 , 1.05169e+06
35282.1 , 859454 , -249330
-652008 , 1.21762e+06 , -1.07032e+06
-331291 , 1.25879e+06 , -1.17563e+06
-1.44432e+06 , 2.36559e+06 , -372003
-152215 , 34591.5 , -1.00245e+06
-1.52994e+06 , 794060 , -1.18784e+06
884378 , -223070 , -219532
-309205 , 926642 , 2.27479e+06
366466 , -2.32825e+06 , 456677
-526776 , -715381 , 195709
-862926 , 94990.2 , 1.16171e+06
1.07894e+06 , -979820 , -197500
1.63805e+06 , 1.97851e+06 , -623816
969095 , 561778 , -2.39623e+06
-146651 , -522354 , 62153.3
873777 , 672904 , -507187
555777 , 1.16494e+06 , -1.16165e+06
-387218 , -729864 , -448175
55823.1 , -1.59234e+06 , -973932
229144 , -725583 , 1.05595e+06
1.42987e+06 , 54274.7 , 1.81329e+06
1.13964e+06 , 1.12634e+06 , 2.38063e+06
-2.10175e+06 , -577619 , 1.30059e+06
426313 , -888369 , -337248
-180186 , -811460 , -1.17954e+06
376297 , 1.17772e+06 , 1.84968e+06
1.0118e+06 , -540886 , 856269
-1.2297e+06 , 1.22515e+06 , 1.34957e+06
-612668 , -1.04419e+06 , 135301
-543678 , 562299 , 458227
1.19215e+06 , 677543 , -161991
474304 , -46495.6 , -90622.7
-1.72609e+06 , -367652 , -26812.6
-1.48756e+06 , -2.29357e+06 , -615098
-1.57198e+06 , 273231 , 322519
-2.25799e+06 , 737133 , 717378
28987.5 , -1.14255e+06 , 207562
-1.33404e+06 , 586152 , 613027
893454 , 325575 , -390542
138676 , -2.13334e+06 , -552638
541597 , -247542 , 1.13234e+06
835475 , -970698 , 979369
-324918 , 980409 , 1.72523e+06
-1.4179e+06 , 957915 , -497126
877721 , -357220 , 1.38558e+06
317478 , -966007 , 1.77173e+06
800534 , -2.13129e+06 , -347377
2.20891e+06 , -28569.4 , -183160
1.44203e+06 , -99821.1 , -334199
784778 , -2.18787e+06 , 1.37101e+06
1.11511e+06 , 1.80677e+06 , -577927
-1.97818e+06 , -202415 , 489662
-59021.8 , 1.79417e+06 , -1.09446e+06
-346616 , -978649 , 1.25629e+06
1.83316e+06 , 499847 , -152854
1.17104e+06 , -998165 , -302335
1.24772e+06 , 38269 , 1.12227e+06
-97589.2 , 195842 , 1.29612e+06
-253551 , 2.7418e+06 , 773325
484702 , -584012 , -1.59944e+06
231.367 , -1.19662e+06 , 520139
-427166 , 1.8395e+06 , 1.3488e+06
1.14851e+06 , -110144 , -1.50037e+06
-1.25975e+06 , -273459 , -1.30237e+06
244508 , -226013 , -1.18537e+06
-893056 , 902822 , 2.28293e+06
-267062 , 475943 , 1.25982e+06
4540.17 , -1.69182e+06 , -1.33099e+06
1.65154e+06 , -329462 , 332334
1.10342e+06 , -1.05205e+06 , -357553
-200567 , 1.46529e+06 , -137951
643395 , -3.29808e+06 , 298265
725682 , 479241 , 139958
1.35778e+06 , 837205 , 535464
-589172 , 669848 , 1.05737e+06
-1.03738e+06 , 760798 , -564819
-1.50919e+06 , -197355 , -358691
833848 , 735909 , -980738
1.09561e+06 , 797300 , 268187
-395593 , 78495.4 , 313153
231715 , -643073 , -391268
972976 , 1.14474e+06 , 749565
684576 , -430530 , 1.65573e+06
-1.03801e+06 , -190557 , 898709
-199717 , 57400.8 , 1.44466e+06
-338575 , -971107 , -1.84378e+06
1.42566e+06 , -1.16474e+06 , -1.5984e+06
-1.36401e+06 , 240218 , 315107
1.0122e+06 , -2.15741e+06 , 406556
-532714 , 1.61646e+06 , 993558
-960451 , -55090.8 , 676535
1.85915e+06 , 1.08036e+06 , 297410
-836986 , 1.36322e+06 , 2.67693e+06
30586.2 , 1.70079e+06 , 1.27926e+06
-216580 , 79061.6 , 1.37377e+06
1.12038e+06 , 304825 , -852250
-708096 , 538514 , -1.37477e+06
-1.24922e+06 , 478616 , -853860
-264793 , 1.40229e+06 , -658933
-644380 , -742553 , -712934
-574535 , 668092 , -334427
-2.14833e+06 , -73918.6 , 730777
195016 , 1.23961e+06 , -945698
1.70207e+06 , -574987 , -1.02535e+06
1.1343e+06 , 579201 , -1.17174e+06
-1.12534e+06 , -600340 , 964920
1.00351e+06 , 213494 , 812155
962198 , -295494 , 2.29923e+06
-1.61791e+06 , 876140 , -127090
902720 , 84913.2 , -584517
-1.80153e+06 , -776186 , -961397
260209 , -1.6349e+06 , 742649
-111977 , -1.36922e+06 , 665929
-537896 , 28143.4 , -173376
19936.8 , 1.06577e+06 , 40994.8
-268863 , 16468.8 , 3316.93
-207138 , 473796 , -897445
-974275 , 1.13043e+06 , 2.47928e+06
-809715 , -3812.69 , 75135.4
-604485 , -552369 , -907144
1.74726e+06 , -125822 , -603811
-1.57783e+06 , -256815 , 1.74241e+06
1.23769e+06 , -1.37927e+06 , 953182
-1.13572e+06 , -2.3946e+06 , 2.64267e+06
-364929 , 1.27308e+06 , 316817
-388521 , 1.39766e+06 , -162502
-264195 , -1.62173e+06 , -649022
-620968 , 999744 , -435503
753262 , -932957 , -125214
2.28826e+06 , 641709 , -674667
629148 , 358473 , 2.10453e+06
542918 , -2.04631e+06 , -26363.5
592803 , -1.49266e+06 , -274789
521011 , 1.72452e+06 , 731537
-1.1447e+06 , -391185 , 1.82992e+06
2.26964e+06 , 836921 , -102394
919710 , 240612 , 1.40584e+06
2.41811e+06 , 1.01792e+06 , 543519
1.05595e+06 , -218637 , 1.43705e+06
1.30592e+06 , -504355 , 325977
189589 , 180038 , 592516
-11144.5 , 202710 , -1.67294e+06
-1.85042e+06 , -529991 , 284372
167733 , 1.03416e+06 , -296451
-498448 , -1.04684e+06 , 1.13548e+06
-422590 , 117016 , 2.40152e+06
-339933 , -226923 , 1.21903e+06
-465559 , -564443 , -1.15434e+06
1.43142e+06 , 111048 , -1.01676e+06
-456363 , 1.56644e+06 , -468485
261682 , 203082 , 1.79857e+06
-1.11019e+06 , -587889 , -1.12346e+06
-107087 , -903317 , 31211.3
86904.3 , -1.77041e+06 , 1.96302e+06
323286 , -1.61382e+06 , -276402
-196985 , -995454 , 1.87741e+06
-1.82188e+06 , 350098 , -87703.2
-904754 , 771887 , -787814
307773 , 855095 , 1.89525e+06
690918 , -2.09803e+06 , 1.61101e+06
-1.4572e+06 , -1.49945e+06 , 840342
504692 , -1.22342e+06 , -1.60549e+06
21347.6 , 730246 , -2.1064e+06
-1.75633e+06 , -1.53196e+06 , 789253
1.18589e+06 , 238868 , 1.15043e+06
1.95733e+06 , -225369 , -104129
1.69565e+06 , 320054 , 392087
436006 , 1.78149e+06 , 896542
-275797 , 1.11871e+06 , 1.59805e+06
-15342.1 , 1.30318e+06 , 150824
-1.53512e+06 , 684382 , 692189
-415708 , 1.29975e+06 , 1.27256e+06
-442408 , -552767 , 1.92943e+06
140425 , -715678 , 28024.5
-385492 , 43027.1 , -1.2014e+06
-1.11906e+06 , 406701 , 2.44686e+06
656297 , -630865 , 1.18469e+06
-1.75285e+06 , 1.60295e+06 , 515809
1.2696e+06 , -458107 , -497312
-842644 , -543682 , 1.66346e+06
-805330 , -97911.9 , -1.36635e+06
-1.08955e+06 , -630791 , 1.48297e+06
-320638 , -422808 , 542701
1.2501e+06 , -362326 , -845677
662761 , -814588 , 1.62788e+06
-54302.7 , 1.48683e+06 , -868422
1.56683e+06 , 181435 , 136306
1.1759e+06 , 1.46637e+06 , 264992
-8861.02 , 53332.4 , 230656
-682785 , 78461.3 , 2.20202e+06
-319744 , -206361 , 1.53309e+06
1.16796e+06 , 101854 , -1.40049e+06
355505 , -874404 , 2.18343e+06
360094 , -1.76931e+06 , -833313
580642 , 552726 , -453699
-1.3176e+06 , 543497 , -37137.3
242603 , -483392 , -364066
-2.27761e+06 , -1.64501e+06 , 348987
-16416.1 , -2.04292e+06 , -315738
-1.41732e+06 , 159519 , 927907
-436949 , 97792.6 , 770702
-1.02234e+06 , -1.40077e+06 , 770480
699981 , 25946.5 , -2.32496e+06
1.09104e+06 , -393805 , -397884
-219603 , 215462 , 1.49346e+06
340315 , 1.26993e+06 , -984845
1.55613e+06 , -395245 , 1.94341e+06
822009 , -264897 , 532316
-133874 , -1.63088e+06 , -181283
-2.37014e+06 , -1.12146e+06 , 444380
963060 , -1.61668e+06 , 762977
-420814 , -1.35521e+06 , 688470
696295 , -1.83757e+06 , 1.48483e+06
1.18142e+06 , 934409 , 745637
39641.3 , -1.53247e+06 , -360137
353313 , 97476.1 , -1.24605e+06
-559909 , 75404.6 , -1.50414e+06
-1.57814e+06 , -369129 , 1.42752e+06
-405677 , -1.41784e+06 , 1.27058e+06
-2.04161e+06 , -436742 , 350265
3.38365e+06 , -139511 , 1.15749e+06
929449 , -1.25253e+06 , -600378
590375 , 298205 , -111714
678316 , -207208 , 1.42836e+06
-439620 , 977283 , 650222
29451.2 , 1.07472e+06 , 1.68164e+06
-1.59539e+06 , 1.21208e+06 , 2.52896e+06
-814327 , -1.87522e+06 , -1.00544e+06
-413888 , 1.36225e+06 , 1.75419e+06
-1.17776e+06 , 1.52125e+06 , 407878
341312 , 1.62181e+06 , -1.16001e+06
-7148.65 , -225706 , 309046
2.09147e+06 , -558372 , -317556
-1.09301e+06 , 452248 , -987577
1.0918e+06 , -414132 , -184096
836526 , -449927 , -1.57834e+06
444567 , -846467 , -2.79839e+06
-901141 , 39366.5 , -142608
-564905 , 845728 , -703685
-1.71835e+06 , 514029 , -250505
178961 , 1.73745e+06 , -91900.7
-354851 , 1.57841e+06 , -1.24905e+06
2.95746e+06 , -1.43982e+06 , 709379
-2.9248e+06 , -374019 , 1.7946e+06
295613 , 1.41714e+06 , 1.27129e+06
-759060 , 242702 , 1.19698e+06
-2.05129e+06 , -206446 , -1.11083e+06
294565 , -1.85141e+06 , -719939
615162 , -458051 , 1.02312e+06
612645 , -93635.4 , -782633
1.2366e+06 , -948537 , -786081
593604 , 340404 , 1.52611e+06
1.16129e+06 , 159487 , -1.90308e+06
370194 , 864306 , -836516
1.17802e+06 , -1.3557e+06 , 724423
-346356 , 247384 , 294467
1.50538e+06 , -819315 , 1.53484e+06
45202.3 , -1.24317e+06 , -354257
-742932 , -163295 , 1.98547e+06
1.01402e+06 , 1.25898e+06 , -1.16714e+06
-572936 , 579105 , 1.55992e+06
791921 , 1.8071e+06 , 1232.38
1.38252e+06 , -976161 , 441844
352312 , 356964 , 1.09443e+06
62395.1 , 364348 , -357119
594145 , 1.64467e+06 , -607085
-999171 , -973671 , -153652
-1.82303e+06 , 66023 , 1.00432e+06
781476 , -1.03453e+06 , -399540
-64439.8 , -740195 , 746127
-1.35356e+06 , 1.82023e+06 , 278789
-930530 , -1.52473e+06 , 568097
174294 , -119795 , -1.20701e+06
525274 , 1.96971e+06 , 482489
-303580 , -1.77407e+06 , -916926
183377 , -1.27325e+06 , 216281
-1.08779e+06 , 272853 , 780913
636301 , -860448 , 889385
1.32192e+06 , -22184.4 , -1.58856e+06
810122 , 483111 , -782499
-1.03126e+06 , 2.05009e+06 , -434090
-471524 , -379950 , 653066
-770219 , 590115 , -193120
577078 , 317766 , -311639
76186.2 , 176635 , 1.53617e+06
-2.02295e+06 , -519747 , -1.12793e+06
-275282 , -946245 , -792310
831411 , 2.14406e+06 , 1.27671e+06
-2.78161e+06 , -392487 , 481872
-1.53716e+06 , 1.26224e+06 , 619961
-114527 , 1.43537e+06 , 357319
-726336 , -686607 , 1.98474e+06
779376 , 1.19324e+06 , -1.04762e+06
1.16207e+06 , -220961 , -790905
-1.86152e+06 , 329240 , 364938
352458 , -847015 , 826004
533430 , 453616 , -596846
-105771 , 536246 , 2.29711e+06
-492948 , -1.03983e+06 , 616632
-658131 , 1.57967e+06 , -1.75364e+06
-1.19308e+06 , 2.51239e+06 , 8268.18
222121 , 567848 , -480961
643903 , 833481 , 1.76037e+06
-1.10491e+06 , -171968 , 1.71142e+06
92942.6 , -483293 , 1.78717e+06
-989949 , -682243 , 1.05477e+06
-1.05396e+06 , 578252 , -70011.5
-180581 , -881270 , -151229
2.27156e+06 , 731365 , -179260
1.53683e+06 , 119446 , -8261.03
-87990.5 , 2.82238e+06 , -1.94453e+06
-248927 , -1.29321e+06 , -613274
-970105 , 319603 , 3.18575e+06
-298778 , 1.02888e+06 , 1.16571e+06
1.09426e+06 , -884282 , -572749
1.602e+06 , -219104 , 1.32506e+06
-1.40362e+06 , -1.17199e+06 , -414187
-866896 , 322585 , 550942
1.89232e+06 , -655192 , -1.04342e+06
-446743 , 1.00647e+06 , -992921
888650 , -1.16699e+06 , -206869
717199 , 976385 , 1.02189e+06
-1.66856e+06 , -96019.4 , 419254
-1.15543e+06 , 836946 , -10885.3
-594870 , 1.1416e+06 , -1.00271e+06
666054 , 150595 , 805095
1.68943e+06 , -356805 , -1.05553e+06
983785 , -1.07827e+06 , -1.18114e+06
2.119e+06 , 399723 , 1.19801e+06
-117042 , 1.96431e+06 , 2.29343e+06
-1.54588e+06 , -33041.1 , 175530
600555 , 655286 , 916278
-1.12654e+06 , -52974.3 , -1.03557e+06
-1.44532e+06 , -839649 , -189948
-195382 , 1.65643e+06 , 929475
1.06578e+06 , -1.17742e+06 , 1.62639e+06
1.29996e+06 , -1.85751e+06 , 428099
4272.52 , 277940 , -156922
73786.4 , -1.92324e+06 , -800883
398272 , 601237 , 918472
-341524 , 27798.2 , 797705
13167.1 , 375564 , 677508
-334376 , 415413 , 1.1299e+06
-1.97143e+06 , 863395 , -466853
67549.2 , -65362.2 , 120019
-887904 , 906458 , 472115
43340.6 , -850516 , 1.2498e+06
-166239 , 621043 , 97927.6
-623662 , -1.42886e+06 , -179491
287482 , -1.06255e+06 , -345289
1.06303e+06 , -170602 , 240849
803911 , 1.09141e+06 , -375196
-36082.1 , -1.48814e+06 , 2.84844e+06
-1.24997e+06 , 330638 , -341616
91282 , 1.52221e+06 , 292104
-1.77147e+06 , -939958 , 732686
960500 , -1.63951e+06 , -264368
-673792 , -501328 , -1.05451e+06
701268 , 505368 , -1.29181e+06
723236 , 951129 , -1.87445e+06
-830609 , -1.2915e+06 , 111959
121787 , -1.04109e+06 , 289005
1.86127e+06 , 58682.1 , 592798
403229 , -1.93839e+06 , 2.13251e+06
-1.2674e+06 , 341375 , -459389
-303455 , 808629 , 916220
-1.31163e+06 , -324054 , 2.79216e+06
177871 , 258535 , -1.8518e+06
-1.1996e+06 , 416206 , 448514
-1.55472e+06 , -97138.9 , -498855
-1.43188e+06 , -400805 , -1.15722e+06
1.02474e+06 , -1.6011e+06 , -176031
-578435 , -33853.3 , -680519
1.3901e+06 , 977432 , -831262
1.12153e+06 , 1.12574e+06 , 561152
1.40293e+06 , -1.18965e+06 , 245533
-314702 , -1.36437e+06 , 1.07192e+06
1.38184e+06 , -2.09358e+06 , 717268
1.19594e+06 , -471047 , 276368
-386603 , -751919 , 863462
-807735 , 844336 , 249437
-1.49982e+06 , 58761.3 , -2.02813e+06
-119631 , 615050 , 269573
1.56915e+06 , 611627 , -1.02787e+06
377789 , 119163 , 373702
148748 , -1.44158e+06 , -565919
-1.02179e+06 , -374236 , 1.21463e+06
-1.45825e+06 , 2.3199e+06 , -1.0031e+06
-78678.6 , -727675 , 1.51071e+06
950505 , -1.35417e+06 , 1.01216e+06
994096 , -430098 , -242063
-761346 , -245076 , 1.74258e+06
2.52182e+06 , 572667 , -516939
-1.16972e+06 , -779732 , -1.01091e+06
-983996 , -415441 , -1.06327e+06
997399 , 475583 , 1.09034e+06
834902 , -704996 , 452547
543367 , -996890 , -1.18686e+06
-554333 , -548944 , -372262
-247992 , -155648 , 661741
-624335 , 587780 , -766299
-1.10021e+06 , -1.517e+06 , 798816
-382989 , -1.18041e+06 , -788221
422549 , 366618 , 649219
741841 , -1.89481e+06 , -257481
546942 , 256775 , -997919
-320663 , -1.60631e+06 , -698176
680896 , 2.02269e+06 , 213179
-302911 , -16646.3 , -1.06645e+06
747943 , -140502 , -35514.9
313813 , -26782.9 , 861133
-791048 , -215353 , 531912
254586 , -1.42706e+06 , -482951
-632836 , -908013 , -234102
-162074 , -972562 , -110821
426335 , 731113 , -337639
1.53455e+06 , 814025 , -790640
104850 , 834537 , 436127
1.17932e+06 , -557834 , -580884
599608 , -1.79908e+06 , 1.10236e+06
1.23064e+06 , -988093 , 138491
-1.4389e+06 , 1.33405e+06 , 1.00593e+06
1.35623e+06 , -697150 , 178520
1.08222e+06 , -466571 , -1.5142e+06
282605 , 311216 , -1.58736e+06
1.19383e+06 , 1.7347e+06 , 1.20967e+06
-1.32892e+06 , 1.27469e+06 , -1.58221e+06
-575030 , 64786.7 , -154135
-595042 , 50825.9 , 756793
758361 , -383291 , -95410.1
770079 , 2399.97 , -964005
74994.3 , 1.57804e+06 , 304389
-45141.5 , -1.18357e+06 , -671759
1.1742e+06 , 1.88215e+06 , -1.10389e+06
669551 , -1.45983e+06 , 863419
303479 , 2.30158e+06 , 720318
1.18252e+06 , -123094 , 548352
-528833 , 258627 , 1.26965e+06
2.1322e+06 , 244473 , 1.59704e+06
1.39972e+06 , 1.04497e+06 , 1.74313e+06
-1.0572e+06 , 752258 , 383549
1.33212e+06 , 806739 , 751677
335126 , -468435 , 1.57304e+06
-1.07508e+06 , 666082 , 232923
-1.10871e+06 , -286340 , -50661.2
1.38369e+06 , 329801 , -2.87266e+06
-2.02758e+06 , -1.15358e+06 , -41670.3
618.693 , -140154 , 1.11019e+06
-1.6717e+06 , 145408 , 787503
1.24624e+06 , -426011 , 927048
-1.16697e+06 , 1.32718e+06 , 47283.8
-1.025e+06 , 334709 , 1.30988e+06
-1.59813e+06 , -1.66435e+06 , -738790
1.00353e+06 , -1.26953e+06 , 563750
-1.26258e+06 , 197453 , -416655
-1.32384e+06 , 806773 , 736377
1.95245e+06 , -7135.71 , -187171
-594506 , 140389 , -1.19559e+06
985748 , 1.09216e+06 , -686271
-33687.6 , -828816 , 1.45617e+06
256509 , 252382 , -1.0466e+06
985575 , 980215 , -206114
-524166 , -337767 , -1.09006e+06
954284 , -853137 , -1.30554e+06
738355 , -1.86169e+06 , -1.05178e+06
1.36421e+06 , -691813 , -460287
-862439 , -527638 , 134573
851972 , 274289 , 1.73125e+06
-513851 , -1.40662e+06 , -1.37438e+06
335766 , -432529 , 282654
1.17989e+06 , 1.02039e+06 , 1.0097e+06
-474197 , -310262 , 1.57132e+06
-173303 , -1.25514e+06 , -1.7223e+06
143675 , -901867 , -971148
1.11792e+06 , 1.24945e+06 , -436611
1.09702e+06 , -591690 , 1.8529e+06
33078.2 , -983407 , -373234
319012 , -355977 , 1.02702e+06
-327909 , -1.15755e+06 , -268109
-2.10375e+06 , -576589 , -309440
1.2074e+06 , 1.10966e+06 , 2.25883e+06
394765 , -1.5769e+06 , 832363
-247701 , -1.72191e+06 , -1.25343e+06
1.33662e+06 , 536610 , 910093
-1.06364e+06 , 1.85205e+06 , -1.02948e+06
-438918 , 707604 , -680776
2.49252e+06 , 136718 , 476903
229824 , 779372 , -1.08283e+06
914432 , 2.06661e+06 , -227101
-1.45124e+06 , 736378 , 77556.5
1.23088e+06 , -310552 , 479215
1.17264e+06 , -554779 , -430115
979377 , 646735 , 461893
112499 , 177384 , 52417.4
1.45322e+06 , -323705 , 1.09634e+06
-1.59355e+06 , 910432 , -182374
-4226.63 , -543008 , 1.94268e+06
1.83168e+06 , -474240 , -872629
2.06254e+06 , 589140 , 1.57168e+06
248453 , -2.13665e+06 , -709169
-50401.3 , -1.26986e+06 , 2.11931e+06
467368 , 10998.7 , 2.30027e+06
1.40423e+06 , 1.15927e+06 , 1.07593e+06
1.05043e+06 , 1.24913e+06 , 1.03347e+06
1.28363e+06 , -1.96074e+06 , 180588
1.4332e+06 , -206092 , -888926
-1.15976e+06 , 1.28492e+06 , 1.02941e+06
-270334 , 472570 , 395247
1.99013e+06 , 175453 , 758995
-830610 , 1.32478e+06 , 557714
507999 , 1.18333e+06 , -1.10731e+06
509033 , 939593 , -82583.3
-393407 , 1.72829e+06 , 537292
-1.15322e+06 , -1.39977e+06 , 1.27339e+06
-749768 , 1.29103e+06 , 2.16304e+06
-1.46674e+06 , -196976 , -1.06819e+06
1.33404e+06 , 1.49522e+06 , -372577
927452 , 903976 , -192213
-1.73615e+06 , -729387 , -779771
1.23734e+06 , -330442 , 1.55849e+06
823521 , -208061 , -57400.5
-413221 , -75638 , -167274
816089 , -1.43624e+06 , 2.68115e+06
537714 , -364453 , -1.14432e+06
-302653 , -250345 , 1.49993e+06
18490.6 , -1.14206e+06 , 530301
-1.5001e+06 , -786469 , -662390
1.28108e+06 , -504633 , 256604
-1.12625e+06 , -500011 , 749375
-1.31282e+06 , 33241.7 , 1.82224e+06
1.8545e+06 , 105.985 , -1.13134e+06
526020 , 319990 , 616889
-1.23132e+06 , -466793 , -870935
1.52535e+06 , -562903 , 1.53727e+06
-705194 , -223091 , 2.21919e+06
1.64406e+06 , 573573 , 1.41905e+06
43080.2 , -394084 , 2.20117e+06
-469963 , 1.12583e+06 , 1.47532e+06
-1.58816e+06 , 1.20529e+06 , 1.13859e+06
-856096 , -106312 , -1.15678e+06
-800698 , 204667 , 1.05776e+06
354656 , 1.03145e+06 , 1.74965e+06
-1.5088e+06 , -169573 , 1.45759e+06
-54972.3 , 279790 , 1.10647e+06
1.50273e+06 , -903330 , -351157
778932 , -1.1432e+06 , 1.69648e+06
-8080.83 , 360888 , -592953
121988 , 1.09097e+06 , 222131
-634404 , 1.35555e+06 , 34564.7
-960883 , -94640.8 , 1.1075e+06
-569541 , 953267 , 1.35162e+06
-494853 , -1.10171e+06 , -951391
77106.8 , 1.39624e+06 , -154886
17453.8 , -1.33197e+06 , 1.4517e+06
-897108 , -689161 , 2.36021e+06
-1.33792e+06 , 1.58194e+06 , 1.77976e+06
-783411 , -186182 , -358615
1.73977e+06 , -969877 , -841200
-1.27289e+06 , 958471 , 296968
149989 , 2837.21 , -895889
2.44452e+06 , 17465.5 , 938212
736442 , -719925 , -619147
1.72213e+06 , -624038 , 322271
-1.31484e+06 , 831139 , 1.13706e+06
650859 , -269757 , 813542
-1.40231e+06 , 485049 , -1.36938e+06
508905 , -1.06809e+06 , -906030
-294690 , 810946 , 579520
96700.8 , -13172.5 , 536788
33893.7 , 350884 , 115961
-776175 , -616219 , -198897
-178760 , -29611.5 , -877715
718642 , -130523 , -1.42637e+06
-611843 , -1.0795e+06 , 109528
-164522 , -567096 , -1.37893e+06
-636920 , 1.41306e+06 , 1.28449e+06
154001 , -1.1994e+06 , -834928
1.18064e+06 , -1.8576e+06 , -395020
74176.3 , -141829 , 2.16567e+06
451975 , 767565 , 2.21476e+06
251641 , -1.51473e+06 , 35953.8
-255483 , 850101 , -2.10938e+06
1.3909e+06 , 43725.3 , 3.0031e+06
-527650 , -1.08269e+06 , -437933
-1.67369e+06 , -375200 , -617487
-402139 , 2.23071e+06 , -80006
383499 , 804092 , 1.35401e+06
96661 , -2.07787e+06 , 1.34418e+06
-453494 , -314846 , -817851
-759752 , -320793 , -379071
211732 , 339258 , 737246
636818 , -1.21496e+06 , 963926
-75056.7 , -2.9536e+06 , -424599
938059 , 125036 , 2.22274e+06
-1.74423e+06 , 1.06246e+06 , 339035
591842 , -504034 , -822402
-320644 , 470438 , 1.89676e+06
-1.52218e+06 , -616606 , 3.22926e+06
174798 , 618061 , 197809
-833751 , 1.1694e+06 , -200610
-641826 , -1.13137e+06 , 904514
242332 , 161919 , 1.27196e+06
-1.52288e+06 , 781472 , 129235
125243 , -495565 , 914384
-1.93627e+06 , -758456 , -753498
-2.30784e+06 , -106257 , 442946
446745 , 1.22119e+06 , 1.8505e+06
461022 , -1.70833e+06 , 606824
-1.38897e+06 , 326154 , -2.14497e+06
-2.78824e+06 , 1.01577e+06 , 558577
269255 , -828258 , 435153
-326733 , -1.91002e+06 , 1.47384e+06
-455152 , 528919 , 102049
-1.48477e+06 , 143575 , -453657
-100382 , 206021 , -1.79563e+06
-795463 , 1.50496e+06 , 1.20696e+06
388073 , -23363.3 , 550352
-209139 , -1.18957e+06 , 1.01357e+06
-85977.2 , -1.07662e+06 , 2.04061e+06
-962515 , -1.98001e+06 , -320916
1.51761e+06 , 352400 , 1.55226e+06
-1.62763e+06 , 495919 , 663382
477550 , 77576.9 , 843646
12267.8 , -411827 , -63072.1
-55413.6 , 1.05894e+06 , -537344
1.17727e+06 , 138119 , -1.26354e+06
117034 , -665742 , 1.04109e+06
-1.19102e+06 , 1.68709e+06 , -385176
1.39689e+06 , 690464 , 180492
59205.9 , -331268 , -598943
-807799 , -989546 , -440265
1.70408e+06 , -296894 , 1.42213e+06
-1.18898e+06 , 514279 , 807396
-223128 , 1.03688e+06 , -861776
1.53906e+06 , 373918 , 505786
-219913 , 698952 , -1.51245e+06
-877392 , 34072.1 , -1.10583e+06
1.67283e+06 , 821614 , -731848
880136 , 201817 , 989778
-1.12207e+06 , -304502 , -973595
290613 , 302187 , 701251
127655 , 745605 , 542803
674376 , -79935.7 , 1.4604e+06
9610.98 , 1.10993e+06 , 365498
-299866 , 1.60744e+06 , -337564
-868316 , 541136 , 322568
-819003 , 15417.6 , 180043
-2.07278e+06 , 320228 , -1.10274e+06
1.37674e+06 , -1.02656e+06 , -1.72607e+06
-283813 , -926310 , -1.93758e+06
-1.12442e+06 , 14790.3 , -709222
1.46308e+06 , 1.19932e+06 , -501390
291162 , 1.00113e+06 , 556746
1.05908e+06 , 947413 , -1.18483e+06
1.02703e+06 , 1.01748e+06 , 725071
-937431 , -1.57146e+06 , -528699
1.0506e+06 , -86714.7 , -332349
-1.37081e+06 , 725435 , -1.61324e+06
1.1164e+06 , -414326 , 1.61709e+06
558184 , 2.15449e+06 , -330492
-1.21282e+06 , 584419 , 30179.2
-728119 , -1.5569e+06 , 15569.1
-1.4026e+06 , 115620 , -564758
-1.9489e+06 , -943373 , 219865
-1.30857e+06 , -424353 , -394235
-235264 , 1.41729e+06 , -861410
-1.60598e+06 , 358108 , 2.19245e+06
-2.36885e+06 , -98916.7 , -813025
1.8355e+06 , 54725.5 , 840625
272162 , -861556 , 776314
-63544.2 , -312513 , 2.73679e+06
-84639.6 , -470811 , 754124
-16849.6 , 1.52786e+06 , 1.09371e+06
-1.15973e+06 , 332625 , 1.67427e+06
939611 , 12772.8 , -85167.5
-1.21852e+06 , 332247 , 47624
-116919 , 944003 , 408807
-1.0906e+06 , -452564 , -538606
177096 , 903123 , 907770
411034 , 1.47121e+06 , -310430
1.11841e+06 , 1.07095e+06 , -676681
1.12319e+06 , -2.31603e+06 , 673347
-1.08953e+06 , 1.41622e+06 , 196446
1.34601e+06 , -1.10305e+06 , 412005
-330880 , 1.23159e+06 , -690117
-842101 , 573489 , 962004
-1.23716e+06 , -1.25821e+06 , 711228
-100357 , -868345 , -220290
1.18616e+06 , -1.02468e+06 , -782395
449596 , -2.19086e+06 , -546611
-594262 , -1.09533e+06 , 179134
-1.14482e+06 , 401100 , 1.32317e+06
225721 , -904453 , 792728
261488 , -71855.4 , 2.88153e+06
697727 , 1.98253e+06 , -485519
-1.09235e+06 , -1.14458e+06 , -180953
-284124 , -412249 , -569195
-2.64107e+06 , -51148.1 , -140432
157031 , 2.24181e+06 , 20500.9
-1.55574e+06 , -378312 , -780814
75701.3 , -513198 , -650111
95722.7 , -1.10593e+06 , 1.54006e+06
-588468 , 808998 , -1.43699e+06
-449066 , -530690 , 848646
-1.14115e+06 , -385997 , 745619
-487042 , 289228 , 564058
178713 , 177332 , -280868
749055 , 359019 , -532504
1.85477e+06 , -178675 , 532429
490853 , 1.77985e+06 , -832859
-57719.6 , -991567 , 376476
279491 , 370423 , 612002
-447690 , -791111 , 267465
498748 , 481625 , 541159
1.41184e+06 , 2.28366e+06 , 528326
766692 , -546224 , -1.39298e+06
122827 , 157183 , -2.23035e+06
-252701 , -265607 , 1.15881e+06
521670 , -1.33114e+06 , 398896
-854235 , -1.72663e+06 , 1.41961e+06
312368 , -26234.2 , 259023
-747536 , -1.14987e+06 , -396859
-337420 , 320959 , 118632
348867 , -1.20965e+06 , 722158
-417421 , 827099 , -103179
1.94677e+06 , -107382 , 1.11728e+06
-470876 , -473318 , -461862
-551211 , -657204 , 1.45528e+06
1.26755e+06 , 35403 , -812464
-1.75314e+06 , 346229 , 982606
379292 , -151318 , 1.93472e+06
44615.7 , 360827 , 3.52702e+06
-454353 , -1.96575e+06 , 959092
-876968 , 1.37903e+06 , 732220
-1.62588e+06 , -1.24092e+06 , 11589.6
-750722 , -703224 , 252516
-397875 , -601363 , 819990
-33333.6 , -1.1668e+06 , 18728.5
-402544 , -1.15768e+06 , 1.14205e+06
-992550 , -241145 , 1.16924e+06
-751075 , 1.41202e+06 , -252609
669667 , -375627 , -1.69135e+06
-320114 , -1.48407e+06 , 1.63378e+06
2.41822e+06 , -562721 , -881316
138463 , -2.36493e+06 , 204182
199247 , 392627 , 359192
-2.41823e+06 , 492011 , 2.05756e+06
979834 , 717095 , 1.55569e+06
-492057 , 1.50875e+06 , -1.31207e+06
-1.03712e+06 , 594706 , 1.17802e+06
-514504 , -987325 , 2.05174e+06
276575 , 1.11051e+06 , 48095.1
-1.14597e+06 , 310932 , -1.4927e+06
-435146 , -409019 , 1.55095e+06
-560829 , 1.27741e+06 , -706888
1.53175e+06 , 1.48334e+06 , 504261
454872 , 417116 , 1.6408e+06
-834694 , 297137 , 1.42965e+06
907299 , 772058 , 1.21556e+06
-754220 , 377433 , -448535
2.17352e+06 , 499906 , 726914
-149123 , 628981 , 881018
-1.98918e+06 , -1.17207e+06 , 224402
-1.06024e+06 , 777433 , 571943
-45485.1 , 1.16808e+06 , 1.11532e+06
1.00177e+06 , -2.10101e+06 , -137849
-451036 , -858141 , -1.24856e+06
-759819 , 1.49486e+06 , -25981.8
-339667 , -269989 , -313676
-518331 , -116183 , 1.57983e+06
1.37422e+06 , -895646 , 171079
265458 , 1.17544e+06 , -872110
407850 , -1.40799e+06 , -1.10382e+06
-772666 , 504037 , 1.09311e+06
-1.36412e+06 , -900393 , 116032
-687536 , 2.08553e+06 , -195092
296134 , 260866 , 2.38112e+06
1.80275e+06 , 271935 , 1.29515e+06
891888 , 217987 , 308843
-715138 , 2.17412e+06 , -442808
135550 , -1.89901e+06 , 881719
-49012.1 , -2.2815e+06 , 952419
-645248 , -1.38223e+06 , 1.11254e+06
338290 , 1.70782e+06 , -236652
-2.01942e+06 , 1.04834e+06 , 384506
-2.40868e+06 , 778945 , 181136
-1.16145e+06 , 1.74289e+06 , 44599.1
-931170 , 345990 , -706273
1.36392e+06 , -328659 , 1.91447e+06
-1.35985e+06 , -1.47152e+06 , -1.45582e+06
-668551 , 1.1172e+06 , -218877
-2.0149e+06 , -1.36483e+06 , 364643
1.26372e+06 , 808607 , 95168.7
601791 , 1.29614e+06 , 2.12846e+06
639814 , -1.84631e+06 , 1.00395e+06
-683974 , -2.77805e+06 , -722788
1.04675e+06 , 342739 , 2.14359e+06
289730 , -184135 , -685455
-1.06071e+06 , 790295 , -1.51861e+06
-296837 , -960141 , 1.72167e+06
-661639 , -234426 , 2.21265e+06
104288 , 95331.9 , 108194
-899984 , -1.567e+06 , -1.67129e+06
532694 , -350985 , -1.26891e+06
22622.8 , 1.35191e+06 , -837329
-729230 , 1.30737e+06 , 213475
-432265 , -239785 , -1.0927e+06
-214551 , 1.70448e+06 , 1.95977e+06
-938084 , -754905 , -1.60722e+06
-1.02481e+06 , 1.23879e+06 , -255293
-758511 , 780264 , 1.64026e+06
539848 , 260902 , -886967
462620 , 216939 , 1.64813e+06
-1.68541e+06 , 1.22395e+06 , -455348
413339 , -219497 , 1.53708e+06
1.51564e+06 , 908640 , 603930
-723244 , -663629 , -125727
-488126 , -2.50971e+06 , 759337
2.78422e+06 , -871168 , 226344
-904786 , -248164 , 283191
-519627 , -1.57837e+06 , -1.25099e+06
-1.0262e+06 , -818606 , -170597
959368 , 1.53034e+06 , 1.85652e+06
1.59302e+06 , -355721 , 155082
423839 , 674962 , 1.43726e+06
976514 , -819447 , 196911
-1.12689e+06 , -206237 , -174084
-509377 , -115249 , 114237
340206 , 1.44056e+06 , -675639
779398 , 1.56977e+06 , -888577
-1.21585e+06 , 425046 , 1.52943e+06
818958 , 185365 , 1.24865e+06
-2.22106e+06 , -887168 , 374525
46657.2 , -1.01992e+06 , 1.17431e+06
138181 , -1.92985e+06 , 505408
-184089 , 28156.4 , -66181.1
1.81049e+06 , 1.53804e+06 , 591597
436754 , 280625 , 107860
322944 , -571913 , -2.25785e+06
282268 , 251116 , 298394
-54117.9 , -1.43544e+06 , 1.78981e+06
8157.26 , -1.07274e+06 , -1.52272e+06
711137 , 1.53852e+06 , -1.34167e+06
434389 , 234461 , 1.66765e+06
1.62286e+06 , -1.18026e+06 , 363301
503211 , 1.44111e+06 , 1.16384e+06
468925 , -1.19571e+06 , -155760
725212 , -119484 , 185349
-792352 , -1.21054e+06 , -647566
2.61688e+06 , -1.49209e+06 , 87409.8
1.62581e+06 , 887785 , 227468
2.21045e+06 , 4957.4 , -3319.61
-118155 , 612101 , -738155
662591 , 208131 , 885833
716476 , 896714 , -213788
-243484 , -1.82133e+06 , -1.17757e+06
-1.6204e+06 , 203821 , 495245
149128 , -545053 , -227971
-860432 , 1.94726e+06 , 231537
-399954 , -1.28524e+06 , 353199
1.23998e+06 , -739447 , 1.43105e+06
-854284 , -41511.4 , 1.27249e+06
-999901 , 514411 , -2.13729e+06
72390.7 , -1.47344e+06 , 732827
-793554 , -782036 , -747116
-896013 , 987653 , 194352
594525 , 253307 , -1.80857e+06
-928257 , -703108 , -482554
294381 , 971394 , 349977
-284323 , -747885 , -1.91453e+06
-1.63763e+06 , 935899 , 1.31271e+06
-1.46281e+06 , -202240 , -1.40721e+06
-850134 , -472191 , 1.15586e+06
1.40624e+06 , -427478 , 1.32275e+06
-158511 , 972886 , -1.19278e+06
-1.26044e+06 , 195346 , 1.14107e+06
-362453 , -1.08841e+06 , -656634
-735957 , 14786.7 , -1.76409e+06
938030 , -1.12532e+06 , 290020
124112 , -108271 , 710070
-1.47854e+06 , -1.34824e+06 , 44516.7
-1.45905e+06 , -627611 , -404562
-104520 , 574026 , -415183
591822 , -152105 , 2.61801e+06
594122 , -330280 , 166621
107790 , -1.51656e+06 , 2.02904e+06
-1.15325e+06 , -669659 , -76879.1
329687 , 1.09139e+06 , -1.12398e+06
744212 , -792511 , 631461
-50452.4 , -831548 , -266363
492493 , -384671 , -885008
1.88899e+06 , -1.32909e+06 , -844159
389958 , -1.41185e+06 , -171277
494337 , -1.00811e+06 , -371620
-373390 , 318937 , -165454
137168 , -1.44361e+06 , -1.02225e+06
-255604 , 1.81605e+06 , -709859
-421864 , -949852 , -704814
667173 , 671783 , -229207
526817 , 1.05721e+06 , 1.31624e+06
354137 , 680055 , 306651
-240193 , 781158 , 1.27909e+06
-687799 , 490286 , -472448
1.13669e+06 , -1.079e+06 , -356844
-119414 , 19686.4 , -407417
1.42359e+06 , -328035 , 13670.9
-2.33525e+06 , -774896 , 341029
518407 , -633425 , 1.7497e+06
703746 , -751470 , 1.14257e+06
-902651 , -998747 , 678917
628738 , -1.27976e+06 , -280820
-849932 , -786998 , -943662
-1.0265e+06 , 1.59196e+06 , 386778
-787231 , -772646 , -1.11127e+06
969223 , -672964 , 705236
1.5869e+06 , -866388 , 1.09743e+06
-799775 , -592152 , 1.21158e+06
307134 , -1.48834e+06 , 1.87585e+06
-1.27845e+06 , 546537 , -1.83718e+06
-1.07356e+06 , 71545.6 , 2.21857e+06
-1.31865e+06 , -582713 , 834926
-289351 , -1.12001e+06 , 1.83336e+06
-61267.1 , -1.70304e+06 , 25797.2
1.24988e+06 , -2.116e+06 , -468255
426867 , 1.41329e+06 , -692483
-84533.5 , -2.28205e+06 , -346026
274831 , -1.88115e+06 , -173069
43387.8 , 1.02207e+06 , 231727
1.17377e+06 , 685402 , 436990
-1.44889e+06 , 1.61628e+06 , 519736
1.54081e+06 , 1.45611e+06 , -891640
1.3676e+06 , -377055 , 952744
-800450 , 226166 , 1.94454e+06
-1.56344e+06 , 1.09857e+06 , 1.40275e+06
-683929 , 29430.1 , -1.22819e+06
-704018 , 938377 , 906504
-103629 , -1.90607e+06 , 571495
1.4772e+06 , 1.29432e+06 , 207827
144430 , 1.42149e+06 , 2.28418e+06
745859 , -1.4455e+06 , -1.48771e+06
207855 , 1.50576e+06 , 769424
-1.13952e+06 , 314684 , -1.43019e+06
-734755 , 1.68689e+06 , -39961.9
-84185.6 , -559170 , -835225
-1.07089e+06 , -1.29975e+06 , 687470
-582576 , -1.59541e+06 , 810343
-1.21212e+06 , -806300 , 1.58828e+06
23658.5 , -1.76393e+06 , -171719
1.69783e+06 , -324998 , -45607.8
1.29737e+06 , -1.35409e+06 , -237304
-337592 , -2.03573e+06 , -1.44198e+06
-355710 , -54864.2 , 1.68951e+06
-385923 , -15951.4 , -772461
-2.4561e+06 , -498922 , -1.32209e+06
961828 , 919802 , -416845
-94212.9 , -38936.5 , 1.43257e+06
636466 , 1.33272e+06 , -704552
-682223 , 953646 , -1.1362e+06
1.56723e+06 , 572353 , -220421
-90286.6 , 626715 , -1.23479e+06
139199 , 882750 , 392649
2.1295e+06 , 70823.4 , 113960
787681 , 1.37067e+06 , 272930
413043 , 1.34493e+06 , -708726
1.17298e+06 , 451994 , -329574
1.46423e+06 , 33506.2 , 626797
-200654 , 25918.9 , 404530
-1.14006e+06 , 10801 , -1.19907e+06
-522178 , 2.05987e+06 , 1.18946e+06
577896 , 828530 , 1.01349e+06
-707026 , 528124 , 312575
-408766 , 530798 , -66658.9
-519369 , 321203 , 463644
-397797 , 738753 , 2.11652e+06
2.13231e+06 , 757531 , 1.17365e+06
760893 , -2.03914e+06 , -862633
-359835 , -706369 , 2.50339e+06
147790 , -984663 , 890253
-41892.5 , -187322 , -1.72561e+06
1.32529e+06 , -8670.01 , -111555
-937390 , 750578 , 1.88767e+06
-438907 , 1.37108e+06 , 789472
-1.41801e+06 , 304879 , 1.82076e+06
1.5965e+06 , -32058.3 , 1.08017e+06
-1.50699e+06 , 263804 , 1.40413e+06
-1.66311e+06 , -60447.1 , -379548
644697 , -580050 , -1.70358e+06
537642 , -464703 , 1.07611e+06
-356815 , -219091 , 484061
1.17481e+06 , -405155 , -313617
-308100 , 170283 , -244382
896775 , -211846 , -1.10783e+06
-207616 , -1.57226e+06 , 147491
-1.96755e+06 , -379512 , 937445
-1.01961e+06 , 2.3565e+06 , 559596
1.75359e+06 , 1.32957e+06 , -901010
475348 , -1.39677e+06 , 614852
1.64547e+06 , -466154 , -1.07326e+06
-1.38777e+06 , -2.02984e+06 , -523934
681550 , 956865 , 2.47672e+06
15469.2 , 1.24406e+06 , 1.80218e+06
1.391e+06 , 678782 , 675922
608073 , 698408 , 3.1656e+06
634914 , -559759 , 2.39019e+06
1.13202e+06 , -1.62761e+06 , -913891
86298.6 , -607352 , -314340
1.90779e+06 , 578397 , -438584
151845 , -539443 , 90295.8
758449 , -1.09114e+06 , 1.45801e+06
347842 , 1.43278e+06 , 1.07399e+06
527950 , 1.33127e+06 , 1.19121e+06
292415 , -323636 , 268210
834786 , 1.08777e+06 , 1.33869e+06
248474 , -1.00673e+06 , 993891
918790 , 677363 , 2.09375e+06
584480 , 2.07536e+06 , 291469
-65712.5 , -717997 , -8147.01
-1.11023e+06 , -10251.2 , -492060
-1.20875e+06 , 34784.9 , 822974
1.34175e+06 , -432527 , 816704
317765 , -374446 , 937328
155214 , 1.70521e+06 , -341266
-1.82334e+06 , 1.45699e+06 , -233340
1.13348e+06 , -1.59277e+06 , 2.19942e+06
1.0502e+06 , 30534.5 , -1.24191e+06
8411.39 , 1.46487e+06 , -1.03245e+06
-1.24559e+06 , -609115 , -1.6932e+06
-505902 , -1.36213e+06 , 1.03075e+06
-877784 , -640175 , -1.31557e+06
398454 , 577816 , 1.57827e+06
-704844 , 1.13666e+06 , 2.27911e+06
1.59624e+06 , 991570 , 19735.5
964166 , 550500 , -1.11629e+06
-595860 , 293558 , 122103
-915938 , -1.93121e+06 , -632779
-440929 , 12165.8 , 711112
-1.84601e+06 , -269247 , 1.17353e+06
115534 , 69202.8 , 1.23632e+06
-1.32417e+06 , -17963.4 , -809174
612001 , -128048 , 1.47706e+06
2.04811e+06 , 1.81946e+06 , -1.14699e+06
395577 , 987965 , 585408
-479883 , 62294.9 , 917297
-2.47246e+06 , -472947 , -157625
103944 , 1.80301e+06 , 1.52175e+06
446104 , 560512 , -447840
-1.00269e+06 , 59508.1 , 544019
1.56624e+06 , -566992 , -624679
162590 , 65313.5 , 926377
-164246 , -457007 , 515710
-1.38906e+06 , 28524.1 , -847614
1.23567e+06 , -378863 , 1.8114e+06
-140984 , -245675 , 17595.3
-801879 , 797948 , -1.30137e+06
1.00307e+06 , -1.17362e+06 , -973433
-1.39961e+06 , -497392 , 1.40769e+06
-246601 , -1.56993e+06 , -420232
-1.81283e+06 , -923594 , 944422
1.05544e+06 , -1.85163e+06 , -1.06645e+06
2.26456e+06 , -360311 , 932077
-595651 , -831424 , -806207
340375 , -696217 , -1.06966e+06
555191 , -59240.7 , -516775
-396006 , 1.34394e+06 , -1.58418e+06
-703757 , -45345.1 , -323750
1.5754e+06 , 311121 , -225581
-1.46984e+06 , 1.22684e+06 , -552336
1.0788e+06 , -727571 , 1.51876e+06
1.44218e+06 , 1.26031e+06 , 663976
-1.60039e+06 , -736719 , 1.69924e+06
711008 , -279501 , -628462
-1.02513e+06 , -539246 , 519297
578769 , -739631 , -2.50989e+06
889407 , -187262 , 281893
791819 , -611722 , 2.67283e+06
698660 , 1.49581e+06 , 380053
-1.09772e+06 , -741499 , -146330
-873721 , -893736 , 974927
-1.03923e+06 , -780494 , -783142
-2.11197e+06 , 744501 , 159672
-653719 , -818229 , 1.2863e+06
-1.24824e+06 , 509682 , 1.68755e+06
1.91518e+06 , 240415 , -476078
-294566 , -1.5082e+06 , -387149
-1.24753e+06 , -129972 , -1.92501e+06
2.02843e+06 , 207460 , 65393.4
166064 , 1.04339e+06 , 1.50482e+06
-1.22852e+06 , 817585 , 1.98379e+06
1.3145e+06 , -511212 , 368600
1.46872e+06 , -12198 , -195460
-302861 , 1.73105e+06 , 2.07921e+06
27324.9 , -840648 , -1.82122e+06
-9651.69 , 1.81926e+06 , -39668.5
1.56718e+06 , 276077 , 64272.6
123190 , -489782 , 733446
1.38464e+06 , 597342 , 718111
1.37652e+06 , -789142 , 174900
147966 , 1.10808e+06 , 454136
-167603 , -1.22738e+06 , 552916
167509 , -712125 , 1.45138e+06
778087 , -779650 , 1.00804e+06
818944 , -1.34617e+06 , 94090.4
-422168 , 400198 , -1.13246e+06
415019 , 150293 , 1.7995e+06
-19235.2 , 566809 , 707355
626996 , 644995 , -82553.7
-961032 , 769587 , -248836
1.35158e+06 , 1.76054e+06 , -1.08822e+06
659591 , 1.35487e+06 , 846450
-757987 , -168574 , -1.14302e+06
-142394 , -667998 , -394188
-302283 , -644393 , 1.18309e+06
78957.9 , -1.27492e+06 , 1.88989e+06
877798 , -1.16051e+06 , 369262
-1.32783e+06 , -441166 , -155917
1.11121e+06 , -521301 , 1.94812e+06
-230529 , -2.03589e+06 , 412078
-111905 , -426710 , 1.35267e+06
1.31144e+06 , 340104 , 22213.9
1.47732e+06 , 752942 , -63115.5
810082 , 410068 , 1.43615e+06
-639535 , 167801 , -859238
225449 , 1.2672e+06 , 479763
1.21757e+06 , 270123 , 70529.1
147831 , -653695 , 484058
-2.09572e+06 , 41567.7 , 1.9184e+06
-100368 , 22180.3 , 1.0516e+06
-185091 , -1.20007e+06 , 2.16582e+06
608392 , -1.42386e+06 , -1.29427e+06
-530928 , 29413.7 , 128863
1.3179e+06 , 1.86486e+06 , -825596
919666 , -802104 , -263247
-1.99277e+06 , 47692 , 124350
-25786.8 , -1.5978e+06 , 1.4029e+06
-402280 , -1.94429e+06 , -1.53485e+06
-570256 , 806897 , 763777
699735 , 1.8522e+06 , -1.01774e+06
-51889.2 , -916531 , -1.38084e+06
-92814.3 , 2.25695e+06 , 83810.6
-972949 , -1.63417e+06 , -894962
-1.82483e+06 , 1.63191e+06 , 893559
-484982 , -1.96392e+06 , 1.04734e+06
1.00274e+06 , 754731 , 1.39765e+06
738524 , -327506 , 730707
-109572 , -2.20964e+06 , 821309
1.09177e+06 , 100863 , 824593
135573 , -976526 , 2.10644e+06
-1.1117e+06 , 560898 , -1.01008e+06
81481.6 , 1.19808e+06 , -1.09931e+06
1.08196e+06 , -629587 , -238323
-1.39524e+06 , -888022 , 1.0362e+06
433167 , 767267 , 2.38403e+06
-1.78986e+06 , -118938 , 1.4404e+06
-672186 , 1.82334e+06 , 1.3815e+06
-1875.82 , 209378 , 2.04847e+06
-1.92288e+06 , -434098 , 266906
-1.48968e+06 , -705525 , -865456
-1.11782e+06 , 1.3446e+06 , 985537
-578993 , -851761 , -2.15162e+06
311280 , -956757 , 604368
1.35409e+06 , -1.01052e+06 , -776958
1.2993e+06 , 1.07096e+06 , -435291
-99042.3 , 1.15073e+06 , -635916
-199147 , -1.35241e+06 , -1.48125e+06
-1.83702e+06 , 405974 , 1.63001e+06
723573 , -14757.3 , 1.49964e+06
1.15953e+06 , 501168 , 1.14331e+06
-849813 , 59048.2 , -1.2633e+06
-526735 , -200544 , 925192
-902320 , 1.08011e+06 , -356121
983665 , 478118 , 701853
-1.46339e+06 , -861127 , -2.10112e+06
1.71694e+06 , -1.82764e+06 , 1.65869e+06
-1.91139e+06 , -7366.81 , -1.25212e+06
1.16312e+06 , 1.616e+06 , 2.49165e+06
-630938 , -100785 , 749606
709125 , -128304 , 111523
-1.4648e+06 , 169754 , -1.32973e+06
576719 , -575170 , 1.60592e+06
1.5657e+06 , 291331 , 2.36841e+06
1.38814e+06 , -640881 , 2.3418e+06
1.06909e+06 , -1.337e+06 , -1.3594e+06
-1.16194e+06 , 1.6186e+06 , -155866
589023 , 865.825 , -1.29866e+06
-1.04806e+06 , -1.28501e+06 , -124525
372050 , 70096.9 , 956670
704171 , -972352 , -710943
-1.21312e+06 , -1.82722e+06 , 1.32585e+06
-1.39669e+06 , -1.41882e+06 , -1.2154e+06
1.50171e+06 , 1.80666e+06 , -105808
589104 , 493323 , 756541
931942 , 1.00378e+06 , 1.16618e+06
-18048.8 , 1.49937e+06 , -289496
-735481 , 94192.6 , 551505
-1.39051e+06 , -473700 , -760300
631882 , -643038 , -487307
-245857 , 2.24719e+06 , -1.54356e+06
93256.4 , -147418 , 1.03513e+06
-1.16903e+06 , 630946 , -1.73801e+06
171531 , 705405 , 1.04591e+06
779104 , 440037 , -1.1647e+06
396542 , 2.02686e+06 , -274623
1.17761e+06 , -474721 , 552701
-366875 , -1.44841e+06 , -375031
-1.61846e+06 , 2.06609e+06 , -316327
1.33722e+06 , 1.26617e+06 , 1.77773e+06
-1.78773e+06 , 167425 , 1.08494e+06
-1.41898e+06 , -99248.3 , 261963
609217 , -198713 , -78747
707874 , 732969 , -391918
572021 , -2.10378e+06 , -64539.1
146567 , -203468 , 2.48785e+06
421020 , -1.04694e+06 , 1.09437e+06
2.14534e+06 , 327993 , 79909.2
-851131 , -96967.2 , -1.45767e+06
598222 , -1.11869e+06 , 890489
1.29815e+06 , 2.10589e+06 , 551570
2.08319e+06 , -420293 , 777740
1.99286e+06 , -678172 , 910965
-52921.8 , -1.61256e+06 , -225411
-2.13485e+06 , -901493 , -279210
1.42794e+06 , -439631 , -1.04617e+06
1.24851e+06 , 169690 , -770686
-423478 , -1.1549e+06 , 1.81937e+06
709369 , -627840 , 259659
-1.03324e+06 , -696561 , 853185
-1.7871e+06 , -964576 , -1.25283e+06
-1.65577e+06 , 250997 , -250629
-557125 , 1.23589e+06 , -2.22919e+06
-1.26903e+06 , -1.27512e+06 , -1.00449e+06
-714751 , 912305 , 936640
429500 , -219440 , 1.12941e+06
-335488 , -1.05358e+06 , 43212.9
-1.23628e+06 , 1.0408e+06 , 1.13788e+06
1.46749e+06 , -1.01137e+06 , -446834
-726056 , 94103.3 , 101188
-1.03909e+06 , 2.05065e+06 , -321961
398789 , -53689.4 , 1.37808e+06
-703843 , 716193 , 726887
683824 , 880432 , -570140
-32631.2 , -196137 , -881350
711361 , -1.12185e+06 , -513017
2.23433e+06 , 566553 , 271511
-1.47042e+06 , -295509 , 262555
-570892 , 325776 , -2.07208e+06
-1.18792e+06 , 1.41178e+06 , -1.12064e+06
-1.11035e+06 , -950474 , -817360
-1.79713e+06 , -118821 , -256520
704991 , 479023 , -1.20467e+06
306345 , 508184 , -1.01248e+06
472688 , -533164 , 1.6589e+06
-1.14322e+06 , 563782 , 90021.6
-937707 , -1.82951e+06 , 1.16173e+06
233063 , -627799 , -18665.7
439954 , 1.52658e+06 , 2.14757e+06
421529 , -1.66971e+06 , 1.10324e+06
-1.60514e+06 , 1.05594e+06 , 499162
-1.33571e+06 , -40142.8 , 864417
2.0414e+06 , -197302 , -54405.9
-173686 , -1.09418e+06 , -347072
660192 , 358353 , 290628
-207146 , -864029 , 222604
157988 , 872973 , 934187
-462824 , 832596 , -620885
671754 , -1.40717e+06 , 1.97383e+06
-759426 , 943042 , -630925
-335852 , 391066 , -2.13969e+06
-187439 , -478777 , 1.71983e+06
1.99812e+06 , -374386 , 140264
261858 , -501909 , -1.0133e+06
454603 , -371264 , 2.31466e+06
-1.85903e+06 , -168401 , 1.65624e+06
829624 , 443184 , -1.26852e+06
613194 , 440815 , -1.90293e+06
683800 , 576457 , 263180
1.26733e+06 , -1.69645e+06 , -178126
-990011 , -892578 , 486150
-537970 , 194610 , -658124
-555535 , 153966 , 1.9559e+06
-309349 , -902727 , 1.08555e+06
-152434 , -646964 , -797647
870682 , -1.49474e+06 , 511237
-837801 , 176484 , -189147
269017 , -404752 , -1.11021e+06
-275568 , -419855 , 593161
-1.10441e+06 , -385368 , 1.1894e+06
-707289 , 810176 , -812502
458140 , -728024 , 1.45382e+06
-1.73758e+06 , -1.10822e+06 , 382673
-880497 , 754932 , 1.51525e+06
-373854 , 654567 , 2.64877e+06
488534 , -237458 , 825830
-674961 , -1.70029e+06 , 1.46974e+06
500365 , -153002 , 110504
2.20814e+06 , -338266 , 451413
95089.9 , 1.11252e+06 , -1.69118e+06
-170759 , -114268 , 1.50578e+06
1.71724e+06 , 946755 , -853321
202048 , 1.26963e+06 , -921640
292860 , 882183 , -812932
505025 , -882651 , 25046
-1.88226e+06 , 1.68959e+06 , -1.08514e+06
-2.33988e+06 , 47803.3 , -1.38035e+06
610516 , -1.99158e+06 , 74144.4
-48544.3 , -816973 , 1.55554e+06
219201 , -146411 , 759151
-598067 , -1.64878e+06 , -939027
112122 , -320007 , -216115
135521 , 289285 , -337674
385062 , -594468 , 1.29008e+06
1.06849e+06 , -248952 , 73534.5
-353614 , 2.51426e+06 , -1.38666e+06
-990549 , -1.0587e+06 , -260616
2.14652e+06 , 980482 , 323309
1.3598e+06 , -165470 , -830506
-1.01018e+06 , -393612 , 1.14358e+06
1.94974e+06 , -1.02011e+06 , 279664
566804 , -74012 , 605371
-1.1301e+06 , 663078 , 1.20007e+06
-482708 , 140440 , 1.23001e+06
-409873 , -334400 , 1.91139e+06
-983998 , -1.3787e+06 , -272551
-1.28918e+06 , -143729 , 1.09263e+06
-1.66196e+06 , -525222 , -2.1542e+06
-5538.95 , -1.91627e+06 , -1.065e+06
-549195 , -158076 , 1.37708e+06
-199314 , -403757 , -1.67482e+06
1.1017e+06 , 129314 , 1.24207e+06
-1.09384e+06 , 157233 , 571241
-2.08778e+06 , -1.73898e+06 , -657136
1.75903e+06 , -961049 , 2.18998e+06
-1.30003e+06 , 286805 , 10457.2
111962 , -1.46986e+06 , -1.65941e+06
777226 , -829953 , 932623
-1.95213e+06 , 134362 , -930831
16448.4 , -479083 , 766690
531897 , -2.42381e+06 , 1.24924e+06
1.32994e+06 , -487596 , -455111
-1.38246e+06 , 178840 , 608634
-1.74941e+06 , -987137 , 284882
-1.5479e+06 , 789007 , 1.16382e+06
1.09802e+06 , 631832 , -1.32662e+06
-481029 , -153597 , 2.65293e+06
966386 , -649106 , -850475
-1.05975e+06 , 454128 , 610151
1.2663e+06 , -692578 , -164518
2.57619e+06 , -101399 , 436836
-67378 , -1.11733e+06 , 1.74405e+06
-972806 , -469188 , 220491
-1.36753e+06 , 970824 , 1.68709e+06
-428771 , 2.2142e+06 , 386821
1.30705e+06 , 452900 , 1.62207e+06
46964.8 , -2.11604e+06 , -69630.2
1.83012e+06 , -40959.8 , -593464
492594 , 251510 , 1.6941e+06
-1.71259e+06 , 101684 , 1.31192e+06
-1.49068e+06 , -110396 , -2.01024e+06
741180 , -1.05012e+06 , 496428
293665 , 625125 , 73016.7
830853 , -1.38991e+06 , -413744
-211176 , -974398 , -659276
699577 , -899591 , 939702
-2.45501e+06 , -1.75145e+06 , -273559
752852 , -950840 , 1.4158e+06
-837467 , 1.19676e+06 , -571275
-1.13034e+06 , -118457 , -985259
1.93051e+06 , -300496 , -481554
-1.27063e+06 , -1.79879e+06 , 2.50995e+06
-607128 , -847746 , -1.73124e+06
-272682 , 1.06003e+06 , 438760
-1.84821e+06 , -1.50686e+06 , 636195
373290 , 2.58806e+06 , 272125
1.14487e+06 , -668190 , -661511
377927 , 969457 , -1.25381e+06
-249677 , -1.71775e+06 , 579330
963653 , 480246 , 181297
808120 , 1.15638e+06 , -858645
291827 , 1.37711e+06 , -405721
1.27629e+06 , 1.06142e+06 , -295022
158001 , -622183 , 399430
302985 , 2.23146e+06 , -22279.1
687088 , 1.4233e+06 , -402914
-867949 , 941642 , -140470
-325276 , 160473 , 2.9628e+06
760541 , -1.70708e+06 , 370523
-520013 , 353464 , -1.77786e+06
252748 , 1.23347e+06 , 279657
1.23512e+06 , 469873 , 70218.1
877728 , 493824 , 913128
-1.23974e+06 , 636657 , 94937.2
453728 , 816600 , -6392.16
-957313 , -1.62957e+06 , -622511
-859725 , 1.69588e+06 , 168229
-1.31982e+06 , 39953.1 , 405785
-966661 , -581443 , -1.35479e+06
474153 , 1.36292e+06 , 1.19104e+06
2.12692e+06 , 810573 , 683778
596039 , -1.02146e+06 , 764966
-2.00314e+06 , 1.48978e+06 , 798477
871525 , 2.13115e+06 , -63728.4
1.54923e+06 , 398187 , 633209
1.3622e+06 , -640541 , 19475.9
267145 , 1.51092e+06 , 702672
231322 , 220518 , 1.29731e+06
969645 , -1.02888e+06 , 1.0994e+06
720002 , 1.90874e+06 , 507592
-132807 , -1.32699e+06 , 338553
123503 , 1.32439e+06 , 504983
-9964.85 , 1.01153e+06 , 939536
28437.9 , 798263 , 1.33342e+06
-288802 , -729541 , -82916.9
491420 , 1.75894e+06 , 489592
-1.3971e+06 , 1.82437e+06 , 1.25089e+06
1.66473e+06 , 1.33545e+06 , -423282
-54560.1 , 75175.7 , 187909
-681581 , 1.50653e+06 , 1.6053e+06
-1.86529e+06 , -848549 , 89698.9
-220222 , 943247 , -1.02964e+06
-503867 , -698666 , 1.97281e+06
894882 , 1.18322e+06 , 65930
1.00756e+06 , -1.28656e+06 , -364519
-1.60126e+06 , 254134 , 2.32283e+06
2.30213e+06 , 714289 , 913344
-360127 , 951934 , 1.21797e+06
1.11571e+06 , -913710 , 337801
-533766 , 1.02636e+06 , 1.28291e+06
-1.53168e+06 , 714584 , 160303
-673565 , 1.15455e+06 , -1.35307e+06
522844 , -543598 , 494776
-1.79344e+06 , -19514 , -640533
1.91593e+06 , -98164.2 , 1.15452e+06
91940.7 , -2.07166e+06 , 333437
1.78816e+06 , -441053 , 180798
11431.5 , 1.12237e+06 , -225987
812737 , 554723 , -742795
-1.23472e+06 , -371770 , 58130.5
-1.42237e+06 , 2.07129e+06 , 923018
-938817 , 1.34938e+06 , 1.61736e+06
-395481 , 437028 , -706735
-577604 , 1.01079e+06 , -656066
-926107 , 304727 , 311455
-412743 , -2.39409e+06 , 2.02309e+06
564943 , 33874.6 , -956935
-293411 , -2.01253e+06 , 409883
-2.33834e+06 , 239848 , 72224.9
-2.40034e+06 , -27981.6 , 796639
172680 , -364657 , -1.32975e+06
-189051 , 335915 , 896828
277475 , -252504 , -1.29441e+06
-731163 , 801096 , 912911
1.35034e+06 , -1.32864e+06 , 1.33807e+06
-898134 , -529528 , 17959.9
-1.99203e+06 , 469355 , 476862
-1.08726e+06 , -1.33638e+06 , -280760
671649 , -1.9708e+06 , -141703
1.0152e+06 , 525364 , 1.47806e+06
-387999 , -965145 , 1.54091e+06
-168041 , 1.04403e+06 , -201734
-99992.5 , 291882 , -689629
-156717 , -895069 , 1.26174e+06
382846 , 2.00654e+06 , -226820
-2.2351e+06 , -877502 , 942995
472347 , -598718 , 1.275e+06
-100065 , -840965 , 1.1545e+06
-633888 , -678581 , -736242
-704999 , 711010 , 442196
-357371 , 236078 , -757394
2.50088e+06 , 133154 , 498988
1.05553e+06 , -1.96448e+06 , -1.55036e+06
-664863 , -1.12845e+06 , -251878
-336679 , -146558 , -1.75801e+06
-1.08528e+06 , 225388 , 343267
-176562 , 1.88412e+06 , 790961
-212722 , -700177 , -1.28704e+06
-104191 , 188812 , -688363
-1.45824e+06 , 372042 , 1.14863e+06
-287409 , -538933 , 890846
2.24531e+06 , -593095 , 216015
-84546.1 , 1.10711e+06 , 920742
962733 , 910108 , 1.25502e+06
134926 , 2.37635e+06 , -1957.95
1.05819e+06 , 611508 , -1.03743e+06
-64285 , -1.49383e+06 , 1.03462e+06
469240 , -1.22493e+06 , 1.21661e+06
-2.19596e+06 , 243066 , -729539
-747768 , 600525 , 1.76405e+06
778648 , 277455 , 2.33643e+06
-351078 , -33725.4 , 1.71668e+06
-1.55973e+06 , 1.74514e+06 , 643202
-1.27372e+06 , -1.15012e+06 , -559657
-593784 , -762223 , -512669
-251652 , -704950 , -1.3108e+06
1.08732e+06 , -41152.8 , -32735.8
1.70152e+06 , -176326 , 824315
1.02344e+06 , -815075 , 1.14697e+06
-918141 , -876345 , 767511
-1.7403e+06 , 366702 , 457293
-354372 , -443616 , -954216
-1.46531e+06 , -633963 , -820328
396568 , 388072 , 1.00684e+06
132727 , 41806.6 , 889259
-338387 , 1.19211e+06 , -50248.2
-414585 , 1.06799e+06 , -689701
389969 , 1.01313e+06 , -1.06777e+06
1.3623e+06 , 193388 , 1.32467e+06
-716348 , 2.21023e+06 , 1.10864e+06
935850 , -800658 , -609718
680364 , -1.80089e+06 , 1.4231e+06
-1.44636e+06 , -242441 , -1.16302e+06
-1203.57 , -991327 , -988295
885984 , 1.2868e+06 , 776875
-274524 , -1.07335e+06 , 16865.8
923798 , 399336 , -848542
736839 , 1.23409e+06 , 571084
941402 , -59711.6 , -679313
525155 , -198547 , 1.7988e+06
-716110 , -106938 , -1.57832e+06
229571 , 951376 , 1.72344e+06
1.90111e+06 , -1.45529e+06 , 1.19978e+06
80377 , 202791 , -459918
-1.50935e+06 , 121964 , -302633
413295 , -942525 , 92354.4
1.25191e+06 , -62608.7 , 1.6003e+06
-1.58834e+06 , 1.39654e+06 , 558771
875599 , 79896.6 , -259874
1.07004e+06 , -1.04589e+06 , 118220
-180905 , 1.47391e+06 , -79238.4
-143977 , 845989 , -980783
1.1424e+06 , 2.21627e+06 , 52117.3
839044 , 467826 , -829811
1.08995e+06 , -1.18518e+06 , 263215
77516.2 , 1.01807e+06 , 1.31287e+06
1.2881e+06 , -991954 , 176667
-1.0337e+06 , 363860 , -966945
-702953 , -365665 , 1.87537e+06
1.9611e+06 , -2.13567e+06 , -414923
-278679 , 320333 , 63084.7
364863 , 1.572e+06 , -571392
-286795 , 654304 , 658480
-1.98153e+06 , 449706 , 854327
-2.40664e+06 , 2.02081e+06 , -132817
276078 , 302250 , 694020
-1.66007e+06 , 903624 , 612495
866574 , -875524 , 1.60719e+06
-1.77606e+06 , -1.29201e+06 , -1.17623e+06
-487681 , -445257 , 445971
-831729 , -1.6954e+06 , 969688
139290 , 657462 , 88154.4
-740955 , -310358 , -1.82937e+06
-823129 , 175447 , 2.79919e+06
672262 , -672716 , 1.10708e+06
-854097 , 955769 , -994387
737847 , -887483 , 837432
-1.32936e+06 , -317418 , 1.17177e+06
1.16316e+06 , 427864 , -155368
-807123 , -883898 , -303305
1.16727e+06 , -606009 , 1.82555e+06
504654 , 1.56432e+06 , 89499.4
96555.3 , 287406 , 1.61958e+06
1.33561e+06 , -556802 , 331007
-24107.3 , 308958 , 1.56288e+06
262558 , 1.10525e+06 , -1.3381e+06
318533 , -366176 , 1.67722e+06
-1.68343e+06 , -242825 , 1.01399e+06
1.29774e+06 , -279596 , 695464
1.44691e+06 , 1.73382e+06 , 881374
1.92377e+06 , 738312 , 784234
188608 , 1.54002e+06 , -1.48897e+06
1.25234e+06 , -1.0867e+06 , -163813
1.46496e+06 , 895624 , 612221
172349 , -101387 , -2.36859e+06
540673 , 888745 , -866211
-48424.6 , 930455 , 699934
-420708 , -1.01384e+06 , -899914
-877548 , -957232 , 12575.2
-317893 , 148985 , 524437
-1.25322e+06 , -918875 , 1.7797e+06
470967 , 128613 , -880414
1.95363e+06 , -1.04936e+06 , 503344
-1.14462e+06 , -1.12731e+06 , -116042
108879 , -23924.7 , 1.68879e+06
-151573 , 2.27819e+06 , 414749
752626 , 932948 , 2.13995e+06
-561982 , 1.85924e+06 , -6137.36
-593657 , -1.8613e+06 , 3.91971e+06
698761 , -1.16991e+06 , -571128
759630 , -995829 , -642747
-918757 , 685643 , -496702
-1.07613e+06 , 842149 , 2.48029e+06
822465 , -314303 , -270048
574087 , 1.33818e+06 , -420717
755137 , 914909 , -1.42988e+06
-2162.5 , -844061 , -567260
1.65057e+06 , 1.07099e+06 , -859207
-1.3889e+06 , -967604 , -698574
257219 , -37246.6 , 799189
1.59418e+06 , -1.35371e+06 , 1.40484e+06
-1.5847e+06 , 501105 , 1.21743e+06
1.36993e+06 , -968128 , 692733
-1.17771e+06 , 1.35687e+06 , 1.15267e+06
-1.2912e+06 , 138860 , 508658
1.95367e+06 , -1.1472e+06 , 1.27916e+06
763021 , -114449 , 1.30938e+06
1.10677e+06 , 361627 , 1.57322e+06
-369525 , -145463 , 1.42332e+06
-1.76734e+06 , 1.11424e+06 , 1.22353e+06
-793755 , -1.27691e+06 , -106904
1.03517e+06 , -1.83425e+06 , 1.64877e+06
-426969 , 1.15955e+06 , -1.08319e+06
1.73288e+06 , 1.11817e+06 , 817249
1.52092e+06 , 203637 , -940737
-403238 , 1.97871e+06 , -349990
-1.94979e+06 , -304174 , -1.3697e+06
609123 , -163175 , -2.02313e+06
1.1099e+06 , -949035 , -626945
-527456 , 2.12692e+06 , 763123
1.67001e+06 , -182727 , 2.37684e+06
-1.8928e+06 , -83823 , 19292
-672564 , 1.49309e+06 , 753509
13507.4 , -480163 , -509791
5493.3 , -1.61312e+06 , 872445
-379021 , 601632 , 993575
393482 , -530973 , 887513
-1.65405e+06 , 1.34737e+06 , 1.07206e+06
250998 , -433658 , 1.66109e+06
2.17951e+06 , -629483 , 853205
502534 , 725987 , 266485
-1.75182e+06 , -451223 , -37384.3
904763 , -116485 , 1.93519e+06
-944666 , -218969 , 990815
-833911 , -883067 , 581972
1.92111e+06 , -1.13465e+06 , 245382
-717101 , 1.75085e+06 , 298281
-320164 , -28305.2 , 978169
2.58946e+06 , -1.13331e+06 , -494812
902439 , 1.02139e+06 , 443054
206156 , 967353 , 521556
-1.48435e+06 , 58617.5 , 148798
34026.6 , 1.69355e+06 , -224210
-357828 , -2.62137e+06 , 404608
1.72865e+06 , -1.61708e+06 , -283847
1.16823e+06 , 2.19057e+06 , 790077
1.47073e+06 , 1.68049e+06 , 618912
-205527 , 786522 , 1.00847e+06
-281943 , 944083 , 1.23491e+06
-1.47523e+06 , -1.30261e+06 , 1.02135e+06
-738873 , 776137 , 357070
1.23207e+06 , 590678 , -640521
-236424 , 1.29347e+06 , -1.90534e+06
-276872 , 355060 , -206848
736586 , -331872 , -1.11014e+06
-1.36992e+06 , -654223 , -1.27283e+06
-2.0795e+06 , 596919 , 1.33429e+06
-535973 , 365638 , 1.65407e+06
-190455 , -80997.7 , 1.21047e+06
1.11885e+06 , -260898 , 829118
38543.7 , 222193 , -651135
-624205 , 1.75818e+06 , 1.93888e+06
-861399 , 188549 , -500317
745369 , 895841 , 596054
-1.27983e+06 , -1.36819e+06 , 1.2606e+06
-255723 , -701041 , 1.71806e+06
-353324 , -1.13869e+06 , 1.29759e+06
-679258 , -213238 , -12622.1
-752576 , -733961 , 411371
750932 , -471906 , -918598
1.41964e+06 , -237552 , -551960
-83782.6 , 1.29708e+06 , -1.09833e+06
-37024.7 , 1.95299e+06 , 1.12885e+06
-933419 , 511454 , -216174
-73256.4 , -1.53779e+06 , 2.21557e+06
-110952 , 885611 , 1.38018e+06
738645 , 1.23992e+06 , -1.04291e+06
-341891 , -581969 , 254658
-742942 , -1.11646e+06 , -1.64025e+06
734253 , -401194 , -1.17846e+06
-14762.2 , 774727 , 1.59452e+06
613069 , 183248 , -764659
680928 , -638294 , -654766
671477 , 156998 , 465469
-523797 , 389987 , 1.58519e+06
-1.21591e+06 , -1.42955e+06 , 894947
2.24369e+06 , -931068 , -428157
1.08179e+06 , 489652 , -840712
-388932 , 1.11794e+06 , -570420
-822953 , -1.53585e+06 , 1.09344e+06
-139624 , 419947 , -1.45329e+06
-449545 , -348702 , 433302
-1.10903e+06 , -492158 , 392668
705341 , 426666 , 1.12433e+06
-1.97578e+06 , -21883 , 1.4304e+06
549154 , -583345 , -1.01252e+06
1.26529e+06 , 1.32437e+06 , 697087
534419 , 500131 , 1.83681e+06
-420182 , -15145.2 , 292219
-625039 , -295950 , 476659
-1.05143e+06 , -964119 , 1.08955e+06
110946 , 390535 , 352666
1.08206e+06 , -1.02505e+06 , -779971
1.39785e+06 , 527217 , 957419
951191 , -25842.8 , -614464
956379 , 1.6428e+06 , 321745
905339 , 591966 , -699160
514840 , 237731 , -995531
-891290 , -1.2822e+06 , -2.1156e+06
-1.11709e+06 , -1.5937e+06 , 864516
-115728 , 851996 , -922094
-793705 , -966074 , -1.46408e+06
1.68914e+06 , 29721.4 , 1.39273e+06
561218 , -302787 , -543416
-693358 , 17588.2 , -715472
-913961 , -722092 , 558560
3.02038e+06 , -1.23548e+06 , 98745.7
-1.35907e+06 , 567104 , -1.38893e+06
294045 , -601536 , 150782
373764 , -167796 , 1.28043e+06
-1.70161e+06 , -323076 , -356137
-1.76232e+06 , 410920 , 835114
-806517 , 564328 , -601883
886062 , -591276 , -507515
2.22812e+06 , -5443.03 , 1.11945e+06
-316400 , 521349 , 386332
1.10418e+06 , -233134 , -900796
-1.3261e+06 , 1.47623e+06 , 698580
502783 , -791002 , 2.37559e+06
-406205 , -1.69783e+06 , -1.04557e+06
-1.2519e+06 , -710157 , -1.27929e+06
283171 , -1.10863e+06 , -1.33794e+06
1.74168e+06 , 770464 , 135401
-856728 , -1.28191e+06 , -648710
-1.76055e+06 , -418856 , 107849
-523938 , -1.42102e+06 , 1.74773e+06
1.39581e+06 , 131282 , 849397
-1.06658e+06 , -927165 , -154332
-131206 , -240705 , 1.85291e+06
-1.21444e+06 , 1.2568e+06 , 2.25463e+06
-315083 , -1.1739e+06 , -975881
625279 , 149174 , -503469
1.32521e+06 , -261330 , 449864
-1.67132e+06 , 790725 , -1.48697e+06
380384 , 1.52817e+06 , -95929.8
532331 , -929396 , -956184
826568 , 59129.5 , 1.75318e+06
-498786 , -231444 , 1.96038e+06
-1.20257e+06 , 151171 , -1.03185e+06
307533 , -1.25284e+06 , -1.3704e+06
191227 , 144676 , 2.39712e+06
53823.3 , 1.54677e+06 , -1.642e+06
-2.66542e+06 , -554746 , 1.58549e+06
-346500 , -416351 , -1.04179e+06
-1.30903e+06 , -91611.5 , 223255
6472.82 , 1.52435e+06 , 1.31343e+06
-970254 , 12435.7 , -1.06544e+06
-601571 , -1.97753e+06 , 714480
-1.46196e+06 , -1.07794e+06 , -766572
1.59405e+06 , -124004 , 1.04071e+06
2.27705e+06 , 455327 , 2.43825e+06
-785095 , 300366 , 1.58253e+06
-210073 , 1.45932e+06 , 752287
1.31618e+06 , 290919 , 633111
79473.9 , 670602 , 979208
971142 , 1.1085e+06 , -1.01035e+06
-66738.5 , 901450 , 1.00286e+06
-1.85536e+06 , 58717.5 , -749301
-75964 , -491188 , 961593
-2.24324e+06 , 340923 , 573459
1.71966e+06 , 363099 , 724774
-1.58289e+06 , -1.83042e+06 , 235897
-570850 , -994324 , 1.73782e+06
390333 , 1.58913e+06 , -319988
521453 , -535711 , -250022
166093 , 277233 , -448403
677538 , 574983 , 531983
94255.6 , 371190 , 889491
697396 , -864729 , -999496
1.19858e+06 , -44051.2 , 1.01475e+06
-770469 , 659066 , -954679
1.4668e+06 , -76625.8 , 2.18608e+06
952812 , 933857 , 1.35661e+06
-1.79453e+06 , 410380 , -758719
-470556 , 1.74359e+06 , -1.29881e+06
785556 , 1.40529e+06 , -828715
1.9402e+06 , 439167 , -328584
1.6549e+06 , 1.86309e+06 , -949724
713521 , 647742 , 22384.3
-768321 , -834029 , 316041
1.36336e+06 , 1.22521e+06 , -821447
634069 , 668428 , 1.10526e+06
162802 , -751841 , 1.15414e+06
1.30136e+06 , -1.47044e+06 , -869285
231535 , 1.29498e+06 , 454176
1.48907e+06 , 1.41088e+06 , 1.68842e+06
982514 , 2.06953e+06 , 496256
-271869 , 1.68574e+06 , 1.00687e+06
-354359 , 202580 , -324530
-374846 , 1.12035e+06 , 1.23391e+06
447671 , 97095 , 2.34001e+06
-601326 , 321934 , 1.23598e+06
-1.08165e+06 , -329806 , -1.44321e+06
1.41486e+06 , -1.1755e+06 , 1.78292e+06
358259 , 1.18567e+06 , -339254
-981657 , 329742 , -84505
-1.83755e+06 , -809246 , -216683
-1.32874e+06 , 1.30404e+06 , 1.68387e+06
-105511 , 1.89139e+06 , -261460
1.27911e+06 , 300731 , 1.76084e+06
-1.13063e+06 , 531054 , 1.69108e+06
878655 , -453808 , 807734
438170 , -2.18915e+06 , -600383
-1.413e+06 , 1.86579e+06 , -167557
221306 , 2.93586e+06 , 1.90473e+06
-628432 , 2.61872e+06 , 322374
-241828 , 1.09359e+06 , -1.14462e+06
-553391 , 1.25172e+06 , -308052
-1.48985e+06 , -905197 , -592362
-894741 , -1.03083e+06 , -558421
-2.33059e+06 , -972583 , -424878
1.11291e+06 , -640422 , -1.19221e+06
-348460 , -1.30442e+06 , 1.11166e+06
768724 , 840550 , 554762
-1.09444e+06 , 928738 , 959724
475825 , -58320.7 , 2.52812e+06
250398 , -945297 , -1.5409e+06
-439882 , 727579 , 835800
-1.44362e+06 , 1.38941e+06 , -1.05544e+06
401829 , 315545 , 631549
-1.00323e+06 , 1.73289e+06 , 467155
211129 , 814620 , 1.99244e+06
1.75741e+06 , -1.4436e+06 , 365970
-2.26138e+06 , 163537 , 956531
-248708 , -351531 , 2.34934e+06
1.4888e+06 , -704983 , 207185
819603 , 1.78968e+06 , -269341
755570 , -17623.5 , 720396
210566 , 2.31216e+06 , -839416
217858 , -1.42337e+06 , 437608
-158101 , 794798 , 1.91053e+06
2.17906e+06 , -676364 , -450262
1.09394e+06 , 1.36874e+06 , -1.00578e+06
44579.7 , 1.13487e+06 , 1.7998e+06
102057 , 768636 , 809663
-196623 , -143825 , 662229
1.03517e+06 , -1.22904e+06 , 342443
1.01938e+06 , -772594 , -575992
-378999 , 1.32301e+06 , 1.27148e+06
-818246 , -936364 , 614862
-490816 , 1.08461e+06 , -439765
721232 , -986300 , 328008
991239 , 446048 , 1.23467e+06
804435 , -1.41487e+06 , -745362
-228692 , -790027 , 18536.5
560242 , -545059 , 1.43063e+06
-2.06575e+06 , 113992 , 3.20206e+06
840932 , 603258 , 1.70111e+06
1.3337e+06 , 394642 , 1.41383e+06
465005 , -716875 , 957446
258805 , 1.46441e+06 , 1.92919e+06
823882 , -781314 , 1.80777e+06
-2.32184e+06 , -222268 , 910162
206216 , 491934 , -947156
1.7849e+06 , 511350 , 761814
-1.4203e+06 , 1.52353e+06 , -322925
-1.14143e+06 , -1.46981e+06 , 1.37754e+06
-5109.09 , 276029 , -1.01868e+06
-667962 , 180253 , 516838
1.15485e+06 , 36893.9 , -527300
1.62405e+06 , 1.31178e+06 , 1.91586e+06
573515 , 873652 , 984352
680969 , -2.30221e+06 , 452163
-96216 , -135167 , 830471
384466 , 728708 , -376418
-1.12295e+06 , -1.17787e+06 , 732480
503004 , 330860 , -661885
1.17667e+06 , -560477 , -1.0652e+06
-434498 , 1.02295e+06 , 1.47969e+06
-1.1726e+06 , 1.25802e+06 , 237836
-1.39025e+06 , 462936 , 433231
-1.00904e+06 , 277440 , 1.34979e+06
1.78608e+06 , 1.27967e+06 , -422885
1.78962e+06 , 1.26026e+06 , -619739
522523 , -1.84761e+06 , 86953.1
-297056 , -2.06866e+06 , -1.70663e+06
-711681 , 1.07097e+06 , -523320
-205322 , -2.13191e+06 , 91932.1
-914749 , -1.7952e+06 , -544342
-837799 , -1.46248e+06 , 340136
-764786 , 47669.1 , -1.8119e+06
-333124 , -2.54517e+06 , 379428
458551 , 82391.9 , 552083
-1.43376e+06 , 163556 , 1.30529e+06
-24230.8 , 557991 , 2.07454e+06
860269 , -1.37662e+06 , -180570
-134008 , 642279 , 282888
523098 , 1.55961e+06 , -257090
-310566 , -642748 , 1.04492e+06
-381115 , -1.57736e+06 , -274850
1.66885e+06 , -589129 , 981829
2.52284e+06 , -500627 , 695041
-122225 , -1.1603e+06 , 2.30634e+06
314095 , 852128 , 228557
582941 , -682113 , 153858
-1.31868e+06 , -650303 , 783324
366293 , -1.66163e+06 , -1.57081e+06
345557 , 1.04895e+06 , -436927
301576 , 1.81536e+06 , -484876
-591298 , 1.79895e+06 , 642863
-386792 , 47575.4 , -418902
-1.24243e+06 , 1.04822e+06 , -1.04967e+06
924422 , -805421 , 100931
-881323 , -430990 , -412684
-1.33983e+06 , 1.81907e+06 , -129949
-790683 , -556011 , 109647
137095 , -1.09594e+06 , 465218
1.02358e+06 , -107313 , -1.52202e+06
22546.5 , -1.10446e+06 , -305333
-578084 , 346054 , 771906
-115222 , 112544 , -2.02651e+06
-1.0253e+06 , -686698 , 206793
1.41396e+06 , -271391 , 520680
-536642 , 1.15256e+06 , -1.1502e+06
-107497 , 621807 , 2.03532e+06
1.75018e+06 , 1.99666e+06 , 1.15439e+06
-949410 , -335049 , -935149
1.63624e+06 , 264908 , -1.45722e+06
-2.0058e+06 , 219961 , -1.22563e+06
-1.14804e+06 , -958677 , 1.04726e+06
1.75705e+06 , 1.69917e+06 , 72262.7
557743 , -953336 , 62115.7
-843346 , 934502 , -118589
1.04173e+06 , 2.0057e+06 , 320154
512569 , 666235 , -546954
-341619 , -1.53227e+06 , 581259
1.15364e+06 , 1.30792e+06 , -228641
504944 , 836563 , 375753
-1.39144e+06 , 900806 , 1.42519e+06
-873584 , -194120 , -522273
727597 , -1.64892e+06 , 1.93989e+06
-231147 , 2.29688e+06 , 1.81509e+06
112100 , -1.68579e+06 , 749781
-495099 , -1.03314e+06 , 825416
-1.22239e+06 , 51793.9 , -339435
-1.04506e+06 , -778640 , 901119
199277 , -123709 , 995149
-1.9394e+06 , -761312 , -511317
941321 , 2.13589e+06 , 1.18739e+06
404258 , 535809 , 1.12559e+06
-758609 , 367997 , 1.7643e+06
562661 , -884046 , 249538
-1.81557e+06 , 875624 , 468308
-898008 , -450272 , 40242.3
-563917 , -1.18183e+06 , -751870
1.67541e+06 , 625656 , -244135
448798 , 22751.2 , 1.41535e+06
-1.03869e+06 , -1.55561e+06 , 546307
933298 , 1.10818e+06 , -467902
-144988 , 2.41231e+06 , 1.38028e+06
-944125 , -362245 , 851726
257264 , -1.00691e+06 , 1.01739e+06
-471992 , 137566 , -987708
-1.10835e+06 , -992660 , 903930
-2.25636e+06 , -1.49896e+06 , 681876
521765 , -286747 , 793557
-144482 , -2.06186e+06 , -528959
-740078 , -51125.8 , 1.03399e+06
320894 , -1.50835e+06 , 450857
634877 , 1.54052e+06 , 1.17791e+06
-820705 , -1.20101e+06 , -1.32421e+06
-492423 , 84632 , 1.13479e+06
-1.39618e+06 , 1.03002e+06 , -1.35625e+06
226949 , -1.14624e+06 , 2.75907e+06
-1.72439e+06 , -640922 , 1.35705e+06
-247290 , 717866 , 1.71717e+06
-27949.1 , -172331 , 678954
-155368 , -105787 , 956233
-1.88574e+06 , -218136 , -617051
63113.1 , 1.58819e+06 , -319081
661647 , 260871 , -1.02575e+06
1.39696e+06 , 272264 , 375424
-35629 , 800246 , 952461
-1.46573e+06 , -896016 , -386003
948760 , -558503 , -943209
1.80103e+06 , 442777 , 1.98048e+06
-1.6905e+06 , 63791.7 , 584506
1.05254e+06 , 1.49346e+06 , -769875
38198.1 , -318987 , -1.42599e+06
808489 , 1.39949e+06 , 629564
-1.05334e+06 , 19038 , 1.12406e+06
415719 , -1.15644e+06 , 1.94124e+06
-1.61436e+06 , -48950.3 , -1.11181e+06
559157 , -859001 , 1.71633e+06
1.23274e+06 , -833244 , 452275
180445 , -1.835e+06 , 140394
-1.06706e+06 , 153569 , -318571
1.1614e+06 , 727372 , -775650
-79148.8 , 1.19178e+06 , 1.50735e+06
-712725 , 843136 , 1.36626e+06
1.23078e+06 , 2.23906e+06 , 828337
-719767 , 1.80219e+06 , 435646
-114476 , -395336 , -1.34542e+06
-1.55545e+06 , -1.3526e+06 , 623368
-15286.8 , -286268 , 261923
694389 , 278366 , -713529
1.14041e+06 , -1.45539e+06 , 1.31935e+06
-220898 , 1.78951e+06 , 1.05697e+06
-936026 , -1.20281e+06 , -852028
373868 , 1.32277e+06 , 715676
159327 , 889246 , -2.13252e+06
-1.62964e+06 , -560615 , 978078
1.07709e+06 , 1.36825e+06 , -1.26139e+06
217087 , 517053 , -1.07764e+06
-536730 , -753614 , 1.54743e+06
-520876 , 759705 , -103516
736923 , 1.46852e+06 , 1.04541e+06
-59175 , -269217 , -361768
-570960 , 766669 , -509492
-958337 , 1.13607e+06 , 1.81263e+06
550532 , 1.61264e+06 , 43060.9
-1.5791e+06 , 39102.6 , 739907
1.99355e+06 , 1.6156e+06 , 1.52853e+06
710774 , 82322.8 , 979083
-110549 , 1.21611e+06 , -1.94341e+06
515507 , -2.33062e+06 , -800144
137772 , -771139 , -1.94592e+06
-976333 , -573786 , -580600
-1.52813e+06 , -1.54527e+06 , 597355
-325786 , 1.0727e+06 , 1.63043e+06
543001 , 1.2278e+06 , 75617.7
841197 , 1.66836e+06 , -1.25575e+06
109150 , 189153 , 399108
442714 , 802630 , -2.11059e+06
1.99009e+06 , 813589 , -216574
965627 , 765066 , 693150
-1.43008e+06 , 711920 , -505622
2.28125e+06 , -152260 , -29588.6
-1.79995e+06 , 420008 , 64886.7
-223915 , -1.90025e+06 , 128163
-578352 , -1.48925e+06 , -944002
-1.2759e+06 , 1.5404e+06 , -97564.5
-198152 , -1.23055e+06 , -363587
-982702 , -1.21323e+06 , -2683.2
-920806 , -1.10887e+06 , 1.34072e+06
-2.03689e+06 , 1.0829e+06 , 409597
-1.95326e+06 , 207293 , 605452
-660882 , -1.4033e+06 , 1.08028e+06
270262 , -248613 , -735014
-1.82446e+06 , -376139 , 1.80923e+06
-4850.63 , 1.23941e+06 , -1.31839e+06
946519 , -644777 , 2.00046e+06
-888377 , -1.84244e+06 , -55174.1
-160409 , -1.87574e+06 , -16936
1.38712e+06 , 900978 , 816049
534172 , -82776.6 , -1.12955e+06
975884 , -654774 , 1.2095e+06
373347 , -2.20418e+06 , 5552.56
-2.07712e+06 , 66643.3 , -736876
-1.43367e+06 , -1.24725e+06 , 134536
-508346 , -1.37001e+06 , -398853
-692388 , -834157 , -1.14735e+06
1.05835e+06 , -2.12856e+06 , 351625
-1.18472e+06 , -235906 , -1.59442e+06
-197823 , -1.02266e+06 , 2.5887e+06
-134503 , 1.67179e+06 , 515516
-854342 , -1.96497e+06 , 513848
-186019 , -1.76592e+06 , 1.19526e+06
-950622 , -544892 , 1.01842e+06
-1.82855e+06 , -1.07921e+06 , -657351
-172963 , 427452 , -971224
623822 , 316478 , 819277
1.15667e+06 , 92635.2 , -143286
-540125 , -311393 , -940037
-264710 , 1.53931e+06 , -1.75953e+06
-2.37253e+06 , 334857 , 779878
-725773 , -878187 , -1.72039e+06
2013.3 , 643188 , 1.39652e+06
-377981 , -278270 , 549023
1043.24 , 250268 , 2.37706e+06
-210940 , -2.14854e+06 , 1.07664e+06
-1.15136e+06 , -1.00806e+06 , -213106
387093 , -993088 , -1.54609e+06
1.88464e+06 , -368956 , 837218
666307 , 2.08963e+06 , -189600
490428 , 1.17671e+06 , 1.26876e+06
-2.0802e+06 , 984500 , 686665
1.06886e+06 , -1.53769e+06 , 1.07215e+06
-172356 , 1.5803e+06 , -167919
-494932 , -147372 , -1.51992e+06
-1.35984e+06 , -1.21594e+06 , 1.0346e+06
-962735 , -1.50699e+06 , 151330
-1.35666e+06 , 1.46739e+06 , 322977
272738 , -445643 , -1.40243e+06
-45274.7 , -627652 , -1.00701e+06
-1.27652e+06 , -361500 , 22791.6
1.41477e+06 , -79247.7 , -766143
770209 , 1.20912e+06 , 168443
118234 , 815453 , 119311
1.84603e+06 , -1.08298e+06 , -882950
-632906 , 285611 , 699538
-1.18882e+06 , -1.48868e+06 , 317305
-276451 , 410693 , 1.81382e+06
136192 , -96587.8 , 1.63536e+06
1.23119e+06 , -81404.4 , 750819
557686 , 1.15141e+06 , -421357
776292 , -1.56229e+06 , -264409
-366834 , -1.23258e+06 , -621566
1.70799e+06 , 902547 , -185023
474756 , -797069 , -1.47843e+06
-930199 , 569306 , 1.85385e+06
1.64411e+06 , 83175.2 , 2.22829e+06
-785718 , -1.57623e+06 , -912795
325441 , -1.15702e+06 , 897132
-855676 , -650032 , -397038
1.80403e+06 , -664184 , 1.20434e+06
-817730 , 751033 , -904861
-434962 , -1.26582e+06 , 1.27964e+06
629290 , 1.43427e+06 , -327846
119278 , -1.1691e+06 , 1.49679e+06
-868003 , -215675 , -251827
-743917 , -353149 , 565396
-1.31758e+06 , 1.06024e+06 , -310990
-1.50419e+06 , 444353 , -422118
-258096 , -1.38412e+06 , 610778
-364975 , -539433 , -1.67165e+06
-434094 , 251002 , 1.77449e+06
-509130 , -3084.27 , 1.83539e+06
-100498 , 1.017e+06 , -1.2777e+06
376237 , -1.2444e+06 , -1.6056e+06
1.3646e+06 , 869114 , -13831.8
-227756 , -984961 , 2.09688e+06
-1.36201e+06 , -1.56548e+06 , -1.90253e+06
180356 , 1.43999e+06 , 1.8467e+06
585858 , -263614 , -883589
-1.31473e+06 , -428745 , 602499
-232169 , 252143 , 2.01284e+06
735002 , -1.10174e+06 , 1.34344e+06
-1.21531e+06 , 1.02612e+06 , 1.02342e+06
1.62656e+06 , -1.62362e+06 , -991137
824296 , -407187 , 1.4752e+06
964638 , 1.28125e+06 , -183092
1.32457e+06 , -625580 , -976756
-1.34533e+06 , 270960 , 1.64247e+06
-1.46136e+06 , -921284 , -632304
-1.44249e+06 , -27356.5 , -975147
-836119 , 2.0963e+06 , -409263
2.61519e+06 , -205388 , -270975
754351 , -1.12181e+06 , 954321
607040 , -95845.1 , -1.78584e+06
862747 , -564896 , 849885
-890481 , 747028 , 2.1902e+06
979433 , 627363 , -628210
1.5517e+06 , 821281 , 2.48e+06
-669492 , -698005 , -450273
48630.8 , 576255 , -1.49951e+06
631280 , -2.08191e+06 , -241838
-463647 , -110765 , 178689
1.4765e+06 , -1.16389e+06 , -1.00194e+06
-16617.5 , -1.29466e+06 , 968794
212187 , -417452 , -823243
-1.80703e+06 , -1.15204e+06 , 250786
-59705.1 , 2.02786e+06 , 389179
986649 , 355850 , 1.06554e+06
-300938 , 1.48296e+06 , -439142
-774486 , -581097 , 2.1017e+06
880328 , 453414 , -557115
824558 , -1.77497e+06 , -1.49782e+06
-921616 , 897214 , 55921.8
1.38764e+06 , 445757 , -208952
-31854.6 , -1.23874e+06 , 1.43965e+06
379455 , 1.22466e+06 , 866039
1.73403e+06 , 69466.7 , -699996
87139.9 , 189413 , 2.0831e+06
270527 , -696029 , 1.20349e+06
-1.12138e+06 , -767626 , -1.7624e+06
-486898 , 1.04804e+06 , 32484.7
410331 , -1.08949e+06 , 1.23339e+06
-489873 , 407165 , 1.74008e+06
-791254 , -1.41837e+06 , -63499.9
690198 , 374821 , 1.51699e+06
-589144 , -1.37095e+06 , 726056
-40207.2 , -1.71053e+06 , -1.98719e+06
-1.4377e+06 , 118060 , -1.35846e+06
-1.09535e+06 , 803115 , 2.04254e+06
-1.20114e+06 , -1.29516e+06 , -1.02003e+06
298203 , 539336 , -287605
1.14217e+06 , 128311 , 1.48708e+06
-882035 , 1.15011e+06 , 1.37629e+06
1.55126e+06 , -1.29396e+06 , -1.07293e+06
91979.4 , -2.83985e+06 , 858679
601035 , 1.86724e+06 , 1.27074e+06
1.26781e+06 , 917215 , -307702
56680.7 , 1.31307e+06 , -802217
-1.73312e+06 , 340783 , -112942
1.04821e+06 , -762267 , -1.65074e+06
2.18817e+06 , -523730 , 223189
-558942 , -252358 , -1.50809e+06
438874 , 2.2873e+06 , 1.05456e+06
233921 , 443967 , 540995
-1.6664e+06 , 334302 , 1.4922e+06
-45838.5 , -318091 , -1.54764e+06
1.30404e+06 , 582326 , 202847
-1.08693e+06 , -1.16422e+06 , -1.62921e+06
-1.239e+06 , 151650 , 1.3031e+06
1.79826e+06 , -974064 , -854408
1.38527e+06 , -287305 , 414407
-377701 , 107735 , -124653
-399177 , 1.19068e+06 , -603425
-124162 , 1.20233e+06 , -2.55459e+06
-285196 , -676071 , 1.28022e+06
-582238 , -251620 , -1.08478e+06
-523441 , 713684 , -1.31491e+06
-1.52737e+06 , 423399 , 742636
1.35831e+06 , 911597 , 2.06035e+06
1.85717e+06 , 338204 , -224580
38957.6 , 362870 , -1.06278e+06
-943369 , 760500 , -696814
-1.52853e+06 , -602459 , 103549
778176 , -1.03382e+06 , 552075
1.09412e+06 , -1.21651e+06 , 155623
1.49928e+06 , -467816 , -1.22934e+06
53518.5 , 135401 , -1.67517e+06
1.05272e+06 , 624577 , -197502
-910694 , 162837 , -880966
1.61965e+06 , 1.59895e+06 , 1.67126e+06
26159.7 , 151675 , -1.17689e+06
1.25782e+06 , 121031 , -58170.3
1.52434e+06 , 327744 , 1.10265e+06
405813 , 670878 , 1.3039e+06
938416 , 530035 , 245888
-983816 , -628631 , 1.34065e+06
-829356 , -895917 , -54764.1
25606.1 , 132364 , -770802
-1.46611e+06 , -1.81865e+06 , 1.13655e+06
-1.19089e+06 , -577873 , 37289.3
1.36726e+06 , 887426 , 371101
-864495 , -843416 , -1.62802e+06
906991 , 1.02444e+06 , -143585
305317 , 1.11668e+06 , -829006
-1.19958e+06 , -44769.2 , -598117
283578 , 1.36087e+06 , -5760.33
1.77223e+06 , 163580 , -384203
1.64306e+06 , 517569 , -447024
-1.81169e+06 , 195041 , 99974.6
-675717 , -1.25293e+06 , 563211
-69222.8 , -517602 , -945555
-1.49973e+06 , -155449 , 1.55201e+06
351063 , 211867 , -613068
1.32475e+06 , 310348 , 780871
1.51667e+06 , 1.95621e+06 , -905793
-1.37044e+06 , -282026 , -763422
1.00444e+06 , 1.29701e+06 , 317393
-698615 , 1.55697e+06 , 815361
1.77188e+06 , 144028 , -1.35376e+06
-621237 , -818473 , 953093
-81480.3 , 242873 , 1.03465e+06
1.754e+06 , 109972 , 80360.6
-693823 , 1.38857e+06 , -877390
23551.7 , -1.63892e+06 , 399082
358277 , -789457 , 1.90447e+06
-230281 , -792260 , -1.1171e+06
-976827 , 1.1316e+06 , 1.58913e+06
-244631 , -184826 , 289301
1.0359e+06 , 1.18379e+06 , 822965
591015 , 899333 , -1.46592e+06
-1.22132e+06 , 659254 , 984535
1.99494e+06 , -994189 , -740061
-421451 , -1.6336e+06 , 723547
-1.16787e+06 , -2.52492e+06 , -536095
409268 , 99644.6 , 2.35428e+06
-453525 , -1.7154e+06 , 106500
58545.9 , 1.83403e+06 , -1.2519e+06
668278 , 1.06268e+06 , 873365
1.16294e+06 , 807627 , 1.4306e+06
-880989 , -805181 , 386719
-1.36783e+06 , -1.39509e+06 , -844821
562467 , 1.57516e+06 , -476250
843559 , -2.02196e+06 , 1.59889e+06
1.44463e+06 , 505004 , -504506
739988 , 422433 , -254035
-137853 , 34634.2 , 1.98338e+06
-29478.1 , 101070 , -1.29213e+06
1.02977e+06 , -541657 , 978264
68210.4 , 579555 , 2.12252e+06
-250518 , -2.00153e+06 , 1.11447e+06
1.60592e+06 , -678043 , -1.14889e+06
-352786 , 1.16447e+06 , 468801
-959046 , -888915 , -998429
1.3172e+06 , -324578 , -1.1984e+06
682680 , -831448 , 408362
-700820 , 2.13411e+06 , 516666
652589 , 2.06618e+06 , -1.84571e+06
-892384 , -1.14472e+06 , 308724
-1.15016e+06 , 469974 , -566043
1.44704e+06 , 985012 , 1.88873e+06
1.60852e+06 , 1.07347e+06 , 1.06536e+06
1.33509e+06 , -1.24002e+06 , 962650
-1.61544e+06 , -628423 , 439313
361911 , 842110 , 1.5921e+06
-305344 , 1.93726e+06 , -2.24743e+06
-683909 , 906569 , 484021
-488718 , 300381 , 378025
-810981 , 1.44678e+06 , -960048
-524178 , 499750 , 580389
-1.14623e+06 , 1.65705e+06 , 1.53752e+06
843287 , -701825 , 1.86394e+06
-728475 , 512025 , -1.18401e+06
-272590 , -2.22667e+06 , 329181
1.64141e+06 , -459850 , 202519
847305 , -1.23595e+06 , 643087
385225 , 154560 , -115362
-741450 , 927082 , 825074
-332965 , 37048.1 , 1.76595e+06
-634062 , 2.11773e+06 , -896653
-463877 , -90330.1 , 1.17767e+06
-1.2185e+06 , 106408 , 144574
312085 , -175896 , 147905
1.75155e+06 , 1.73182e+06 , -631562
-796573 , -534445 , -1.19902e+06
-1.99914e+06 , -170602 , 1.83863e+06
-1.45368e+06 , -1.77689e+06 , 1.65041e+06
240982 , 532810 , 581962
-1.10113e+06 , -2.13217e+06 , -548648
898304 , 857346 , 858751
-658151 , 621145 , -703611
-87314.1 , -1.43513e+06 , -147940
1.56496e+06 , -201892 , 2.11705e+06
-753689 , 958959 , 282695
-592532 , -825225 , -1.15331e+06
368631 , 1.29922e+06 , -977528
-246258 , 30519 , -1.24778e+06
-421329 , -923776 , 489976
878549 , 1.78194e+06 , -1.38072e+06
-94187.7 , -30392.5 , 832056
1.32352e+06 , -640688 , 429980
183570 , 1.35471e+06 , 396397
-1.49146e+06 , 240800 , -1.00921e+06
-2.14112e+06 , 1.41519e+06 , 236735
-739551 , -788203 , -958240
148451 , -89826.5 , 1.08095e+06
-600623 , 21667.7 , -341033
133293 , -979310 , 1.391e+06
-421447 , -1.15008e+06 , 979247
1.53236e+06 , 1.25525e+06 , -1.36903e+06
-5843.2 , -1.07586e+06 , 1.13412e+06
784115 , 1.67481e+06 , 1.38682e+06
1.16489e+06 , 2.88656e+06 , 1.62443e+06
1.01116e+06 , -104837 , 170582
-794198 , -1.26786e+06 , -1.2982e+06
-1.22896e+06 , -88572.7 , 243717
1.29469e+06 , -417718 , -62862.1
1.27285e+06 , -680953 , 827574
-835532 , -1.33184e+06 , -852132
-366858 , 462983 , 538888
2.21216e+06 , -28279.4 , 1.31191e+06
-145102 , 1.21475e+06 , -2.09607e+06
615399 , 1.06993e+06 , 676106
-1.26267e+06 , 1.0324e+06 , 136364
-156227 , 1.66072e+06 , 802440
-103003 , -1.21653e+06 , 416104
-1.16802e+06 , 586673 , 15919.6
-1.81852e+06 , 248297 , 232960
-289077 , -1.04769e+06 , 1.1144e+06
-1.12258e+06 , -1.21858e+06 , 1.99849e+06
1.96808e+06 , 1.11102e+06 , 1.31326e+06
-592590 , -622586 , 332707
67881.4 , 590251 , -102974
202331 , -725365 , -935344
-1.85841e+06 , 750802 , 1.63275e+06
-795125 , 500700 , -681043
1.19961e+06 , -1.49243e+06 , 153491
617707 , -1.15457e+06 , -1.49238e+06
-604558 , 105054 , -679012
1.67027e+06 , -1.5846e+06 , 655538
39129.1 , -486473 , -715849
-647201 , -491979 , 1.26208e+06
-432018 , -739082 , -738809
-1.66004e+06 , 1.38205e+06 , -440058
-1.31099e+06 , 609936 , 100453
1.20457e+06 , -147388 , -307972
963645 , -146558 , 2.12874e+06
-1.45308e+06 , -875504 , -913385
-1.93621e+06 , 167230 , -784551
-1.52558e+06 , -782345 , 1.62499e+06
1.25893e+06 , -609525 , 1.74876e+06
7033.86 , -977191 , -1.75961e+06
-790863 , -861738 , 955385
835143 , -904969 , -344146
1.26377e+06 , 1.16238e+06 , 358053
-213820 , -241420 , -402537
341594 , 190260 , -675488
-597800 , 744075 , -2.00928e+06
1.34292e+06 , -1.08085e+06 , -421396
-590075 , 1.39575e+06 , 213377
1.08762e+06 , 500303 , -675166
-2.21788e+06 , -1.04818e+06 , -655190
-1.0309e+06 , -937100 , 5353.62
714074 , 1.6299e+06 , -25572.5
1.03923e+06 , 771521 , -716028
1.6512e+06 , -1.02523e+06 , 910089
2.06287e+06 , -403277 , 507315
-759494 , 469962 , 1.1674e+06
1.72132e+06 , 1.25127e+06 , 1.04504e+06
-907829 , 662651 , -250180
1.42702e+06 , -1.90721e+06 , 1.27216e+06
668887 , 369372 , -832702
-17298.3 , 147202 , 1.8484e+06
-306204 , -261848 , -1.23497e+06
706141 , 748030 , 1.12204e+06
-532933 , 1.54699e+06 , 857297
195766 , -883983 , 1.40947e+06
-51925.1 , 1.19095e+06 , 278979
-726431 , -997837 , 386982
-2.38708e+06 , 559615 , -682977
1.10517e+06 , -1.10225e+06 , 1.86081e+06
-429292 , 937001 , 333021
790201 , 9920.09 , 1.56729e+06
-844793 , 1.56474e+06 , 306311
-46164 , 1.12038e+06 , 1.66346e+06
1.5199e+06 , 194432 , -1.02314e+06
385673 , 861496 , -450087
961506 , 610376 , 1.71077e+06
628743 , -18050 , 992490
-1.81766e+06 , 480757 , -144710
-1.60962e+06 , -1.3608e+06 , -554454
1.24183e+06 , -661861 , 875448
-1.02289e+06 , -346842 , -364940
1.33856e+06 , -380171 , 145558
-832570 , -428735 , 2.29036e+06
527447 , 453048 , -1.43648e+06
-557251 , -962023 , -149699
-270241 , -1.8894e+06 , -141209
-619365 , -1.37327e+06 , 399870
145860 , -1.13891e+06 , -56277.3
31911.7 , 144635 , 1.12472e+06
336956 , -646460 , -818235
-1.59914e+06 , -916934 , -450469
5438.64 , -837830 , 1.28403e+06
861266 , 676767 , 1.79271e+06
-835719 , 1.58113e+06 , 552532
543497 , 505098 , 1.36349e+06
1.43453e+06 , -876307 , 723038
-1.28363e+06 , -445578 , 1.93166e+06
1.06765e+06 , -1.93294e+06 , -57121.4
67803.3 , 183635 , 687287
958300 , 179440 , -706082
1.03957e+06 , -814150 , 1.09962e+06
668246 , 217123 , 1.25892e+06
134147 , 949563 , -834287
-879964 , 86119.1 , 1.06425e+06
725569 , 238750 , -1.02964e+06
239277 , -133846 , -49813.7
-1.78371e+06 , -1.35336e+06 , 110543
1.0684e+06 , 592667 , -1.19832e+06
545823 , 399912 , 1.48984e+06
-1.10482e+06 , -573590 , -1.24207e+06
1.03835e+06 , -712492 , -928553
1.44806e+06 , 558095 , -584080
-206864 , 609453 , 221785
467733 , 405257 , 1.67323e+06
816714 , -1.66104e+06 , -1.15332e+06
-970922 , 1.22601e+06 , 1.52746e+06
-1.62631e+06 , -54728.2 , 478272
-1.22992e+06 , 231037 , 1.52627e+06
1.42377e+06 , -1.20185e+06 , -418821
631421 , 1.16771e+06 , 1.20072e+06
-822294 , -185797 , 963762
-601967 , 653721 , 338631
23387.3 , -61504 , -993690
-1.73412e+06 , 176692 , 69458.9
-944017 , 1.26659e+06 , 2.39529e+06
1.03109e+06 , -238566 , -197452
-1.14439e+06 , 1.07772e+06 , -739313
685135 , 523149 , -5147.49
434451 , 1.60371e+06 , 1.52284e+06
984505 , -764137 , 557769
-745390 , -1.45693e+06 , -85782.1
225508 , 1.53727e+06 , 9761.15
-1.52122e+06 , -163545 , 310399
-756718 , 1.47335e+06 , 1.62332e+06
1.78096e+06 , 1.35503e+06 , -65094.1
-1.41597e+06 , -273225 , 789090
-511563 , -424759 , -331194
-1.88107e+06 , -568189 , 372040
1.71896e+06 , -486325 , 891014
-701985 , 635201 , 2.51201e+06
378292 , -132304 , 763038
-675856 , 790740 , -141897
1.97519e+06 , 757308 , 524222
226691 , 216561 , -906270
117055 , 335319 , 1.45463e+06
1.34627e+06 , 383568 , -552606
848247 , -1.71846e+06 , 1.51225e+06
220802 , 219580 , 1.60654e+06
-95421.7 , -715644 , 1.80019e+06
-200191 , 965878 , 78183.9
-345011 , -1.31544e+06 , 2.71864e+06
-340350 , 365198 , -1.40231e+06
-1.38553e+06 , -1.82877e+06 , 2.01807e+06
-730082 , 830630 , 1.10529e+06
-49024.4 , 1.87118e+06 , 579456
464668 , 2.12821e+06 , 900190
-412525 , -1.19424e+06 , -896081
-1.33909e+06 , 1.66694e+06 , 1.25146e+06
687026 , 654022 , 636098
-188889 , -56328.6 , 1.12058e+06
-323335 , -84296.5 , -2.05592e+06
1.91703e+06 , 774639 , 946828
1.20217e+06 , 594432 , -1.57991e+06
427747 , -325838 , -455560
-209496 , 1.93729e+06 , 1.56348e+06
861696 , 1.68138e+06 , -384447
436753 , -2.21986e+06 , 101706
179220 , -302788 , -1.05342e+06
-300306 , 73946.8 , 143571
-104439 , 2.4861e+06 , -385853
1.19546e+06 , 184962 , 172713
416486 , -1.54384e+06 , -854797
884175 , -2.10924e+06 , 680974
173598 , 416250 , -1.11877e+06
-1.56043e+06 , -1.37677e+06 , -166411
140807 , -942294 , 61801.6
-172672 , -1.69932e+06 , 398326
-1.35015e+06 , -928816 , -1.38177e+06
-768724 , 1.20841e+06 , -56488.5
1.30341e+06 , 1.17264e+06 , -549180
975175 , -1.04727e+06 , -182801
-642913 , 537616 , -1.18001e+06
1.09438e+06 , 234475 , 2.14456e+06
-487430 , 722595 , -1.50532e+06
-985975 , -490621 , 365337
1.05047e+06 , -874628 , -477757
361278 , 232239 , 873966
1.13245e+06 , 162442 , -1.10257e+06
88370.6 , -1.23582e+06 , 2.39061e+06
1.16691e+06 , 576131 , -1.07739e+06
-1.52551e+06 , 1.7585e+06 , -683524
3.07626e+06 , 612700 , 366551
519813 , -720260 , 167369
929703 , -692411 , 1.51751e+06
-2.21209e+06 , -1.34166e+06 , 577610
-1.00422e+06 , -981593 , 1.98193e+06
-1.51878e+06 , -408372 , 1.51389e+06
574172 , 716584 , 617316
-1.2363e+06 , -246024 , 1.45406e+06
-825665 , 94644.9 , -146095
154487 , -398115 , -128671
1.57292e+06 , -83684.1 , 699692
171024 , -188566 , -1.47253e+06
1.05288e+06 , -729505 , -371401
-115161 , -1.3363e+06 , -284106
-644567 , -63786 , -955359
1.08816e+06 , 1.7646e+06 , 763465
-1.10759e+06 , 3.05231e+06 , 97717.1
-1.38754e+06 , 1.04183e+06 , -477320
366123 , 680040 , -1.0595e+06
-230842 , 1.6963e+06 , 217030
-602194 , 687249 , -413272
-1.67121e+06 , 704730 , -1.07132e+06
637974 , -1.49614e+06 , -741326
99025 , -1.25454e+06 , -572189
1.85744e+06 , -1.05538e+06 , 927668
-1.23173e+06 , 445344 , 497492
221409 , -173616 , -1.79049e+06
1.47338e+06 , 245346 , 1.52731e+06
-471024 , 964589 , -443880
-110639 , 191768 , -796558
1.13092e+06 , 712490 , -351860
-332954 , -1.03331e+06 , -344277
-311456 , 1.20614e+06 , -520036
795799 , 139279 , -91695.1
-911540 , -718292 , 239177
-702417 , 332630 , 1.28258e+06
1.65916e+06 , -196575 , 963687
632786 , -409679 , -1.70358e+06
-1.87236e+06 , 1.31052e+06 , -715412
-75039.8 , -1.68892e+06 , 155449
1.09173e+06 , 239234 , 1.65019e+06
-99983.3 , -389514 , 696764
306343 , 589369 , 1.22013e+06
-391828 , -121216 , -100664
197448 , 1.95651e+06 , 474691
1.09653e+06 , -527101 , 1.5248e+06
-1.4225e+06 , 718631 , 838963
-1.19205e+06 , 1.49394e+06 , 798320
-1.226e+06 , 1.6635e+06 , 1.67092e+06
599394 , -2.65202e+06 , 1.55997e+06
949167 , -239126 , 595550
-368390 , -331477 , -754662
-758683 , 1.48248e+06 , 4771.83
-162426 , -859759 , 341962
-1.57509e+06 , -308167 , 1.94255e+06
741447 , 112630 , -899692
-371033 , 889925 , 1.19951e+06
1.68404e+06 , 180629 , -37455.7
699937 , 125277 , 2.35858e+06
978773 , -242762 , 452799
-2.36685e+06 , 777464 , -1.0078e+06
507247 , -1.29156e+06 , -1.95959e+06
55793.6 , -676322 , 1.62958e+06
-285823 , -665492 , 1.10859e+06
435692 , -869234 , -626822
984577 , 1.29425e+06 , -87647.2
1.89682e+06 , -185818 , -139776
751957 , -554708 , -361537
-742002 , 332747 , 882339
44294.6 , 2.61486e+06 , -209397
356240 , -225771 , -60372.4
366662 , 1.24097e+06 , -263596
-229750 , -1.90414e+06 , -1.5445e+06
223772 , 290157 , -866270
987843 , 2.03033e+06 , 348206
-576968 , -636824 , -2.37687e+06
1.25963e+06 , -35283 , 1.32974e+06
-1.3294e+06 , 316838 , -228355
-1.53021e+06 , 465206 , 857390
331870 , -639586 , -1.17156e+06
-319416 , -68439.3 , 1.8777e+06
-344660 , 1.29332e+06 , 1.00511e+06
152705 , -850698 , 916563
1.65956e+06 , 777705 , 1.55714e+06
-167707 , 408204 , -476289
1.31588e+06 , -693150 , -411669
-1.12648e+06 , -5746.93 , -1.26841e+06
1.18204e+06 , -522848 , -854589
57752.9 , -1.48135e+06 , -245596
158415 , 747934 , 45920.2
-680733 , 1.71661e+06 , -1.37599e+06
807996 , 1.32455e+06 , -349159
-1.75154e+06 , 128970 , -1.06564e+06
-1.79342e+06 , 544691 , 1.17977e+06
397037 , -942947 , 1.24161e+06
1.15152e+06 , -1.60499e+06 , 1.46548e+06
361509 , 552361 , 157805
-692628 , 2.60672e+06 , -237127
-729074 , -881493 , 1.18041e+06
-2.38867e+06 , 453123 , 942896
623545 , 833583 , -775753
-249524 , -1.0336e+06 , -821348
857573 , 84436.4 , 1.17373e+06
348231 , 1.52392e+06 , -139664
-207099 , -478416 , 906144
-1.63545e+06 , -947454 , 396401
-1.16837e+06 , 144896 , 56908.7
-1.98823e+06 , 1.54909e+06 , 513428
262953 , 1.49302e+06 , 139049
-78064.3 , -1.72557e+06 , 518582
-1.67866e+06 , -2.26443e+06 , -396756
-20059.5 , -1.13711e+06 , -365765
682247 , 190066 , 1.01155e+06
1.45775e+06 , -637530 , 135035
217310 , -1.50696e+06 , 962837
883957 , 880480 , 1.08652e+06
1.2033e+06 , 815905 , 169096
-1.14015e+06 , 783104 , 858023
529686 , 465100 , -400054
-1.58095e+06 , -592753 , 1.32766e+06
1.02799e+06 , 670841 , 1.17242e+06
418424 , 949661 , 1.64313e+06
-644669 , -733701 , -2.4098e+06
212352 , 1.22035e+06 , 856144
349610 , -275996 , 1.50279e+06
-300598 , -1.19414e+06 , 467673
-827199 , 129101 , -232209
-2.32147e+06 , 361.573 , -233665
-1.09075e+06 , 962954 , 1.15497e+06
-995103 , -1.11223e+06 , 957118
491831 , 1.66424e+06 , 2.70261e+06
-1.22421e+06 , -443504 , -1.21065e+06
518199 , 1.53679e+06 , 1.6745e+06
-1.4808e+06 , -884127 , 1.1237e+06
-1.01917e+06 , -1.57732e+06 , 1.46773e+06
85122.1 , -173761 , -990091
-941755 , 1.50133e+06 , 865442
374703 , 906671 , 1.44295e+06
1.18177e+06 , -418345 , 86474.6
-1.72148e+06 , 173898 , -149747
1.50343e+06 , 512637 , 195872
-360407 , -570686 , 515748
1.52606e+06 , -1.58312e+06 , 699045
1.91731e+06 , 997328 , 211928
-604555 , -1.15842e+06 , -444351
1.11239e+06 , 1.07717e+06 , 863803
787297 , 329192 , -1.62007e+06
-1.09054e+06 , -771985 , -759915
-786239 , 695146 , 488262
924167 , -95501.1 , -1.78795e+06
-25353.3 , -1.31519e+06 , -55366.4
-2.64222e+06 , 119545 , -539661
-888928 , -1.04697e+06 , -405890
-22070.9 , 102701 , -2.18676e+06
1.55466e+06 , 887716 , 1.06984e+06
342945 , 1.13865e+06 , 18554.5
-637084 , -1.0058e+06 , -1.62872e+06
521974 , 1.50927e+06 , 1.14847e+06
1.409e+06 , -166721 , 583728
695412 , -1.01312e+06 , 1.73103e+06
472692 , -273625 , 95299.2
954835 , -309135 , 1.57064e+06
-2.29832e+06 , -543379 , 442223
736446 , 602325 , 1.46306e+06
-843726 , -491431 , -1.64566e+06
-1.66725e+06 , 460829 , -2.2649e+06
-83201.3 , 1.18986e+06 , 927456
828511 , 1.32387e+06 , -1.80214e+06
-1.02754e+06 , -1.31547e+06 , -726205
-1.22136e+06 , 408945 , 1.15665e+06
1.30511e+06 , -467711 , 644139
2.02346e+06 , 1.21066e+06 , 196154
1.34676e+06 , 1.29622e+06 , 92480.4
-258935 , -568603 , -2.01377e+06
480110 , -1.07659e+06 , 617111
-471930 , 1.37267e+06 , -1.38985e+06
1.11562e+06 , -498244 , 903669
955785 , -683633 , 205465
210577 , -448642 , 2.07409e+06
-1.1338e+06 , -1.42939e+06 , 1.18173e+06
-532145 , -854601 , -1.12658e+06
86724.7 , 665740 , 1.6051e+06
205711 , -818123 , 1.34886e+06
-1.68112e+06 , -138460 , -1.04319e+06
-373831 , -1.33516e+06 , 479792
-192343 , -610878 , -1.23753e+06
-1.37134e+06 , 1.73965e+06 , 255553
1.4418e+06 , 168993 , -1.10583e+06
1.90124e+06 , -709113 , 220403
-67569.1 , -623358 , 2.24442e+06
696591 , 563361 , 2.25493e+06
-2.77565e+06 , 326943 , 1.86614e+06
3923.39 , -142306 , -1.29965e+06
448689 , -413001 , 1.58724e+06
-617281 , -1.51155e+06 , 155454
-1.56413e+06 , -701375 , 1.31491e+06
-537836 , -266499 , 246530
243309 , -381261 , -1.39e+06
-1.19004e+06 , -593357 , 1.21825e+06
2.73961e+06 , 711674 , -554608
277517 , -1.98074e+06 , 288871
-137067 , 227182 , 753846
2.12758e+06 , 178103 , -643454
-936636 , -1.20322e+06 , 618018
-336743 , 1.86907e+06 , -937772
800969 , 271046 , -839379
-1.61707e+06 , 597946 , -1.63762e+06
1.54169e+06 , -602423 , 1.27121e+06
878372 , -442132 , -1.21478e+06
1.7521e+06 , 1.11127e+06 , 240147
-710116 , -569339 , 914011
-896232 , 1.35658e+06 , 532359
-1.59312e+06 , -70295.3 , 48978.7
293340 , -1.12671e+06 , -295314
-297679 , 1.53994e+06 , 607224
-133230 , -1.83288e+06 , -859021
413926 , 627871 , -704147
-610211 , -61764.9 , -1.02609e+06
1.39981e+06 , -201303 , 507154
1.14059e+06 , 681370 , -840826
-657294 , -193848 , 1.11904e+06
-983272 , -1.19339e+06 , -810826
-12518.2 , -2.40663e+06 , -692568
909143 , 396228 , 562223
-426071 , 1.69587e+06 , 241422
877595 , -900245 , -856887
-1.27516e+06 , -400465 , 162443
1.1511e+06 , -283305 , -294834
-720728 , -2.93418e+06 , 444912
-414075 , 2.17249e+06 , 613171
-1.71495e+06 , 1.9829e+06 , 1.68596e+06
1.86797e+06 , -900265 , -820674
1.45713e+06 , -1.21509e+06 , -882116
-1.13241e+06 , 529278 , -426797
621135 , -762973 , 347161
1.28059e+06 , -303798 , -939020
918227 , -2.25913e+06 , 32407.5
1.26858e+06 , -512580 , 1.00322e+06
732679 , 1.99981e+06 , -207817
610696 , 349990 , -112117
281876 , -216025 , -609920
775773 , 909464 , 687619
616657 , 1.15632e+06 , -1.21351e+06
1.57953e+06 , -93742.4 , 858176
614994 , -1.81438e+06 , 2306.29
2.08714e+06 , -561511 , -669867
1.24559e+06 , 894258 , 1.43195e+06
-559767 , -554468 , 1.02867e+06
623566 , -2.29659e+06 , 905673
80015.9 , -177253 , 1.61062e+06
1.0701e+06 , 892056 , -544350
611858 , 745269 , -1.70736e+06
-593445 , -1.85527e+06 , 191358
-1.50504e+06 , -1.67144e+06 , -1.15823e+06
-37198.5 , 979596 , -2.29009e+06
-280868 , -818488 , 1.15679e+06
393280 , 1.19784e+06 , -455077
-1.40469e+06 , 232058 , -1.09887e+06
-771480 , -306904 , -909697
1.03404e+06 , 899696 , 176106
-1.39496e+06 , 67566 , 508816
-210619 , 575501 , 991703
720633 , -2.0356e+06 , 757881
-1.05411e+06 , -1.47735e+06 , 1.24398e+06
-332632 , -2.35362e+06 , -715041
-679211 , -1.48243e+06 , 271472
-131830 , 758239 , 1.13681e+06
1.11484e+06 , 407809 , 980044
-1.65239e+06 , -731194 , -482513
-1.19269e+06 , 268619 , 2.24084e+06
-1.79101e+06 , 962517 , -56587.1
1.22796e+06 , 291969 , 1.16894e+06
72446.7 , 1.54622e+06 , -150267
-863935 , -31843.2 , 262086
931556 , 77190.9 , -946215
791578 , 754169 , 2.59509e+06
120210 , -1.85185e+06 , -1.42499e+06
-155234 , -69192 , 727458
-1.39186e+06 , -1.00474e+06 , 1.51355e+06
-1.35403e+06 , 1.57113e+06 , 887628
16397.1 , -1.45399e+06 , 258151
797937 , -902907 , 879882
1.07106e+06 , -171373 , 1.74744e+06
-177675 , -501243 , 560678
-97796.3 , -974899 , -59008.2
111058 , -1.19314e+06 , -1.51687e+06
-835920 , 1.36878e+06 , 1.31547e+06
-1.37628e+06 , 599832 , 112062
-533250 , 91663.3 , 2.94332e+06
1.1349e+06 , 759743 , 564743
-1.07031e+06 , 1.08987e+06 , -466450
970202 , 1.48064e+06 , 1.6225e+06
-49649.3 , 376879 , 997837
-399498 , 967453 , 1.33653e+06
-1.57547e+06 , -481196 , -1.68442e+06
1.52107e+06 , -727620 , 1.08878e+06
-918038 , 631963 , -1.80956e+06
-1.33452e+06 , 453889 , 948413
-742940 , 1.61158e+06 , -979152
974757 , -250601 , 519893
38220.5 , 171046 , 1.10245e+06
-849217 , 875621 , -1.07966e+06
-411850 , 394478 , 356537
468159 , 470432 , 1.40836e+06
811443 , 1.13542e+06 , 1.91673e+06
2.0392e+06 , -556009 , -550551
434647 , -1.05947e+06 , -298656
1.43969e+06 , -290588 , -467656
1.47238e+06 , -18835.4 , 741286
-551182 , 621071 , 228769
-205184 , 1.01649e+06 , 1.13307e+06
1.35007e+06 , -1.24872e+06 , -1.2454e+06
-306021 , 540135 , 1.54825e+06
616898 , 2.40751e+06 , -636429
208532 , -1.09099e+06 , 1.66928e+06
-428959 , 69375.2 , -232063
1.04683e+06 , 1.5006e+06 , -270180
-1.3171e+06 , 319866 , 539004
-841323 , -1.27416e+06 , -520327
227890 , -217898 , 399202
-473048 , -1.44653e+06 , 1.46555e+06
-634253 , 1.20494e+06 , -1.05217e+06
-129561 , -1.66486e+06 , 1.34852e+06
-1.69993e+06 , 503551 , -674083
-1.57471e+06 , 342167 , -539363
1.62368e+06 , 591799 , 756881
503358 , -2.1478e+06 , -361685
1.14849e+06 , -31384 , 742748
-344796 , -115990 , 1.10103e+06
-418720 , 680415 , 47761.9
1.65408e+06 , 74121.9 , 98320.8
460987 , 398519 , 77533.3
-26719 , 295672 , 1.21797e+06
104339 , 2.39311e+06 , -354030
941205 , -2.42668e+06 , 758430
-264668 , -2.20654e+06 , -171106
1.79994e+06 , -1.0071e+06 , 1.49386e+06
-1.5757e+06 , 960368 , 1.05748e+06
776144 , -49241 , 2.2006e+06
38436.9 , 638453 , -246301
-1.72347e+06 , -912565 , 927149
1.54022e+06 , 1.99702e+06 , -430133
-1.41884e+06 , -1.2844e+06 , 1.31014e+06
-1.03959e+06 , -1.08198e+06 , -53143.4
97222.4 , -1.48063e+06 , 689508
-2.21159e+06 , 567594 , -443027
-708403 , -1.00738e+06 , 2.84436e+06
1.62546e+06 , -766590 , 563915
1.29563e+06 , 17656.8 , -1.34584e+06
-1.22052e+06 , 324506 , 1.51018e+06
1.49746e+06 , -299696 , -1.56278e+06
-817542 , -376330 , -342452
-193010 , 105289 , -1.19343e+06
-538094 , 1.15384e+06 , 132970
1.28162e+06 , 338377 , 1.22245e+06
159853 , 1.14311e+06 , 228964
678751 , 615628 , 1.81393e+06
1.09956e+06 , -273929 , 634395
-340012 , 1.92714e+06 , -489933
-1.85559e+06 , 1.45633e+06 , 83951.2
404256 , 541246 , -1.28777e+06
-312114 , -519677 , 378257
311650 , 427094 , -584612
114191 , 112096 , 1.3166e+06
-953891 , -803148 , 505285
-297333 , -1.94373e+06 , -950312
-92102.8 , 1.36954e+06 , 2.00032e+06
-433753 , 543017 , -565950
-749017 , 1.12806e+06 , 1.26864e+06
-554937 , -2.30704e+06 , 1.07587e+06
74818.8 , -1.04127e+06 , -1.53835e+06
-1.11521e+06 , 749825 , -1.09766e+06
1.09016e+06 , -491166 , 64682.3
585076 , -1.61126e+06 , 131583
-822774 , -22499.3 , -1.39356e+06
-783264 , -1.37012e+06 , 220252
524999 , 191094 , 2.13777e+06
-357669 , 321393 , -347531
64505.1 , 719894 , 661233
853779 , 762542 , 136565
753150 , -2.42657e+06 , 899290
360715 , 206212 , -1.9619e+06
2.01547e+06 , 1.2479e+06 , 485691
-81100 , 886672 , -674723
1.18377e+06 , 1.04402e+06 , 1.15285e+06
-1.34171e+06 , -199386 , -403567
-1.54291e+06 , 1.79294e+06 , 653126
-1.51354e+06 , -857569 , -1.33286e+06
-1.14202e+06 , 1.76736e+06 , -2.30041e+06
759552 , 639980 , 288249
-243139 , -1.59442e+06 , 1.41706e+06
-63141 , 2.14315e+06 , -350233
-1.64697e+06 , -1.06917e+06 , -1.02357e+06
-299488 , 26709.9 , 1.03381e+06
-1.80947e+06 , 350398 , 252135
103376 , -567211 , -394426
-893573 , 1.2543e+06 , -2.26232e+06
-992889 , -1.26431e+06 , -426221
-133159 , 2.09098e+06 , 503487
-2.21765e+06 , 668137 , 2.1749e+06
-1.18975e+06 , 1.62664e+06 , 613372
-324103 , 1.63563e+06 , 1.6051e+06
558224 , -398181 , 356848
-1.46483e+06 , -170469 , -1.80843e+06
1.59097e+06 , 1.42272e+06 , -828428
-1.84211e+06 , 1.11483e+06 , -801046
49008.2 , -1.05908e+06 , -1.90028e+06
790512 , 1.52061e+06 , -758008
-429423 , 610324 , -1.4308e+06
1.30477e+06 , -1.83916e+06 , 1.76688e+06
391866 , 1.55583e+06 , 522550
1.22209e+06 , 327046 , -157203
581704 , -2.21761e+06 , 9335.89
-397899 , 266991 , -617164
1.70079e+06 , 552169 , -987497
-93157.8 , 450993 , 837579
2.20496e+06 , 694505 , -490336
-1.63442e+06 , 1.48729e+06 , -577210
-422074 , 648167 , -223380
390900 , 2.07693e+06 , 1.24118e+06
128993 , 332200 , -1.64437e+06
-612254 , -535699 , 1.37854e+06
-90523.5 , -1.13229e+06 , 143438
-1.14717e+06 , -1.19605e+06 , 1.2998e+06
1.35792e+06 , -1.56799e+06 , -855547
71668.7 , -1.55831e+06 , -1.5383e+06
380887 , -186014 , 1.31832e+06
504774 , -1.17876e+06 , 1.17215e+06
15049.6 , -311042 , 1.52055e+06
-1.64656e+06 , -534138 , -371846
546691 , 439467 , 1.92756e+06
-1.92524e+06 , 1.13274e+06 , -363822
613120 , 755674 , 1.3153e+06
12776.8 , -924702 , 1.95549e+06
-843300 , 794386 , 2.41083e+06
548484 , -285367 , 984140
-162976 , 498534 , 1.38488e+06
1.24995e+06 , -269113 , -350688
682756 , -426054 , -1.02425e+06
318594 , 308753 , 480982
1.37529e+06 , -150791 , 715986
-381434 , 2.65856e+06 , -293761
958692 , 1.2413e+06 , -580151
-722828 , 1.95036e+06 , -419964
718791 , 1.26525e+06 , -273736
-350956 , 570418 , -1.10327e+06
-423420 , 2.266e+06 , 138781
501686 , -737722 , -109856
1.71902e+06 , -296064 , 17538.9
-1.27071e+06 , 424470 , -1.24008e+06
-1.544e+06 , -619638 , 37465.4
-1.27004e+06 , 895744 , 114930
-656854 , 1.18505e+06 , 296682
118877 , 927389 , 41009.3
-1.1445e+06 , 1.6958e+06 , -1.05355e+06
325264 , 1.27943e+06 , 759740
-1.31141e+06 , 660289 , 555826
601581 , -1.92982e+06 , 1.99861e+06
-14216 , 581179 , 1.89925e+06
-1.37643e+06 , -724488 , 139107
-1.58738e+06 , -529622 , 1.66107e+06
-1.08614e+06 , 1.00199e+06 , 1.64784e+06
-1.28292e+06 , -818689 , 323925
-575466 , 1.01719e+06 , 1.45257e+06
231952 , 162343 , -8648.94
-853470 , 4653.24 , 1.88548e+06
1.44594e+06 , -1.24266e+06 , 32869.6
-455656 , 652384 , 15655.6
1.6674e+06 , 579687 , 204216
-25109.9 , 1.0136e+06 , 353100
228649 , 1.90133e+06 , 1.06323e+06
-561747 , -721116 , 895665
873238 , -1.18802e+06 , 372244
-348379 , 1.54788e+06 , -1.03935e+06
274327 , -2.07457e+06 , 1.29251e+06
-1.94539e+06 , 1.03713e+06 , -459509
-652760 , 1.36336e+06 , 1.24934e+06
449777 , -627775 , 910510
-273203 , -396713 , 535091
78712.1 , -1.1411e+06 , 1.82246e+06
-1.2047e+06 , 252574 , -1.3047e+06
1.20171e+06 , 1.05282e+06 , -185104
-368570 , 1.45502e+06 , 218066
-936106 , 1.39094e+06 , -785757
1.00531e+06 , 337018 , -2.27849e+06
-1.42651e+06 , -1.46398e+06 , 1.0303e+06
398799 , 800226 , -2.39147e+06
461990 , 1.26337e+06 , 384037
316884 , 1.40621e+06 , 1.27075e+06
-548053 , -122037 , 951605
3154.14 , -541360 , -459874
287173 , 296713 , 1.48387e+06
856637 , -317287 , -695425
34498.1 , 716446 , -1.83579e+06
1.63258e+06 , 381999 , 2.19901e+06
-546461 , -1.20355e+06 , -1.78751e+06
-644912 , -1.23484e+06 , -20897.2
-1.7147e+06 , -521743 , -119761
-91049 , -672438 , 537575
358011 , 382243 , -1.90195e+06
2.98298e+06 , 731738 , -392851
-223721 , 288819 , -526679
-1.27536e+06 , -1.64733e+06 , -554464
2.10316e+06 , 791344 , -145971
443050 , -1.5941e+06 , 148526
927119 , 301083 , 76261.2
1.38599e+06 , 1.14353e+06 , 347320
1.45622e+06 , 1.23815e+06 , 468791
-1.61206e+06 , 126964 , 1.30357e+06
152269 , 468122 , 1.3612e+06
-2.07091e+06 , -707750 , -767077
58749.1 , 1.81211e+06 , -2.46394e+06
1.19006e+06 , -620616 , 1.74159e+06
-136342 , -582204 , -877269
-114066 , -1.3441e+06 , 200120
765779 , -551441 , 563860
-194730 , -1.54561e+06 , 1.32794e+06
-757480 , -953255 , 1.18723e+06
-435739 , -165808 , 884152
-610347 , 1.93102e+06 , 1.2064e+06
888465 , -1.08206e+06 , 494641
193797 , -1.21101e+06 , 1.6978e+06
-46763.1 , 2728.67 , -248865
-750921 , 750490 , -1.21573e+06
1.17969e+06 , -1.803e+06 , 360414
423087 , -972494 , -1.3514e+06
203471 , -972587 , -513460
149085 , 406466 , 949847
-1.14476e+06 , 379380 , -927172
-1.12203e+06 , -1.25153e+06 , -848927
2.06652e+06 , -153022 , -800596
-575183 , 1.30764e+06 , -1.38439e+06
-662416 , 411448 , 754572
86212.7 , -1.14082e+06 , 662256
294204 , -1.30356e+06 , 1.83784e+06
-1.56867e+06 , -1.36328e+06 , -168985
2.16085e+06 , 766987 , 517429
-1.68079e+06 , 745600 , -1.1365e+06
-103150 , -1.10569e+06 , 1.1403e+06
-1.31444e+06 , -441089 , -599268
266134 , -385638 , 1.45794e+06
-2.23897e+06 , 111404 , -589539
1.73422e+06 , -127344 , -1.17875e+06
-361697 , -1.3676e+06 , 58938.7
446354 , 1.78589e+06 , 746076
2.13257e+06 , -1.12236e+06 , 60835.7
-37705.9 , 1.46712e+06 , 1.1671e+06
846912 , 611760 , -370982
-242092 , -470367 , 480733
875410 , -417914 , -484647
-42798.8 , 970122 , -1.50773e+06
-27784 , 403746 , -1.27495e+06
2.09172e+06 , -908851 , 403112
-3.20566e+06 , -879979 , -1.89334e+06
206995 , -1.30471e+06 , 1.51128e+06
764445 , -1.87835e+06 , 204699
-15986.6 , -2.20556e+06 , -1.20442e+06
-700810 , -1.31252e+06 , -2.04854e+06
547704 , -850849 , 698549
-54068.9 , 236791 , 720782
-556008 , 81138.6 , -99596.9
1.01842e+06 , -323723 , -2.02277e+06
626717 , -480399 , -1.43367e+06
845349 , -225479 , 1.06581e+06
-1.00778e+06 , 1.17352e+06 , 90796
-130121 , -529056 , 1.64455e+06
-585119 , 1.4645e+06 , 614924
2.03699e+06 , -468000 , -92777.2
1.19709e+06 , -1.59508e+06 , 945452
-1.72624e+06 , 5.59192 , 306144
-858985 , 1.63564e+06 , 263573
-805886 , -909796 , -272899
-629764 , 831670 , 1.02804e+06
-504833 , -750142 , -1.52309e+06
-1.69949e+06 , -238169 , -1.61664e+06
-1.37914e+06 , 1.14596e+06 , -672939
-446737 , -1.54401e+06 , 563562
1.01936e+06 , 779718 , 910736
1.31096e+06 , 410913 , -1.05622e+06
781528 , 35263.9 , 135517
560676 , -1.38958e+06 , -508251
1.08017e+06 , 1.84091e+06 , 1.3074e+06
-451252 , -1.33292e+06 , 844216
854286 , 2.07588e+06 , 499884
143373 , 805069 , -1.57885e+06
508444 , -1.3579e+06 , 701159
-1.50308e+06 , -1.68704e+06 , 238485
1.21521e+06 , 260732 , -213633
-265033 , -1.59641e+06 , -1.35973e+06
1.11858e+06 , 86921.3 , -1.68249e+06
1.05437e+06 , 765600 , 1.85185e+06
-1.55196e+06 , 1.30195e+06 , -644658
363617 , 1.3119e+06 , 561187
-67345.7 , -1.65276e+06 , 768458
343927 , -278792 , -1.87411e+06
-311126 , -1.04134e+06 , -1.51504e+06
823344 , -885158 , -435707
-1.29492e+06 , 550765 , 1.81995e+06
-527665 , -780617 , -199477
-520843 , -1.24968e+06 , 10904.9
-28577.2 , 1.40586e+06 , 1.47192e+06
357280 , -422534 , 1.79979e+06
1.72395e+06 , 1.61147e+06 , -951834
-1.44706e+06 , 1.14056e+06 , 693362
25460.8 , 135185 , 1.39895e+06
-758899 , 1.50555e+06 , 1.02461e+06
-438972 , -774759 , 478108
-421580 , -906752 , 1.90435e+06
693149 , 4126.44 , -828056
475207 , -914691 , 684943
537134 , 2.09424e+06 , 1.05038e+06
-181134 , -1.42542e+06 , -280452
-2.01344e+06 , 155585 , 206492
-729314 , 875186 , 216947
1.00115e+06 , 235111 , -1.48977e+06
165720 , 1.00454e+06 , 1.23875e+06
-639161 , -33520.3 , -28016.4
227961 , -849114 , -1.10053e+06
1.37e+06 , -411629 , 1.35481e+06
-1.88195e+06 , 659139 , -256694
84866.4 , -41917.1 , -511956
-247932 , 1.17735e+06 , 1.17957e+06
471517 , -1.3362e+06 , 1.60725e+06
-237747 , -1.71842e+06 , -792565
-385790 , 618248 , 856631
470913 , 893631 , 1.00834e+06
-1.74932e+06 , -1.6648e+06 , -615370
1.41271e+06 , -235236 , 390175
-1.87164e+06 , -893093 , 653636
1.37004e+06 , 766475 , 859757
-501797 , 1.57269e+06 , -259198
-1.61329e+06 , 303966 , -967033
-35495.1 , -2.2659e+06 , -13923.2
-444055 , -1.40686e+06 , 429277
-55146.1 , 1.19288e+06 , 2.42531e+06
-1.94009e+06 , -471504 , 111841
-381541 , 953576 , 1.88573e+06
-365999 , -96139.2 , -732219
-273118 , 332838 , 1.04531e+06
-562112 , -1.29457e+06 , 941781
-1.02984e+06 , 648101 , 168204
-882440 , -99735.2 , 873226
-19965.9 , -1.3484e+06 , 268237
-867604 , 1.14706e+06 , 928540
1.33215e+06 , -67139.7 , -1.27106e+06
-282546 , 1.26252e+06 , 1.60892e+06
288679 , -596602 , -1.28625e+06
-648314 , -1.46204e+06 , -255742
22484.9 , -2.09407e+06 , -292618
361051 , -1.4572e+06 , 813855
-134943 , -399692 , -2.30613e+06
522988 , -121725 , -866139
930725 , -1.37225e+06 , -1.64644e+06
922945 , -656954 , 761368
-301470 , 1.59487e+06 , -322488
-810784 , -318140 , 997786
-1.18949e+06 , 1.21487e+06 , -54619.1
419632 , -973627 , 1.92238e+06
-437211 , -710736 , 521153
-1.03015e+06 , -630902 , -504024
-345590 , -174688 , 227942
-1.46136e+06 , -1.99015e+06 , 304400
-1.81759e+06 , 1.26746e+06 , -568653
-658689 , -1.89814e+06 , 954198
198604 , 1.34936e+06 , -1.49796e+06
-84686.7 , -538977 , -471671
945371 , 314802 , 1.3547e+06
273042 , -967529 , 1.15559e+06
1.66016e+06 , -629339 , -270123
61942.4 , 191582 , -1.51224e+06
-1.94057e+06 , 1.90907e+06 , 1.11861e+06
1.50717e+06 , 1.63526e+06 , 1.87974e+06
-1.32043e+06 , 1.01499e+06 , 357855
240121 , -62622 , 196345
1.50354e+06 , -957089 , 350001
-753703 , 1.38589e+06 , -555758
821363 , -3292.48 , 587553
-134445 , -1.40893e+06 , 2.36378e+06
-1.02234e+06 , 182250 , -224366
259571 , 1.52076e+06 , -657179
-157756 , 2.4026e+06 , 460402
-193826 , 222143 , -1.43784e+06
-1.71776e+06 , -168713 , 1.16405e+06
1.23286e+06 , 616825 , -1.53095e+06
-356222 , 97941.2 , 1.10792e+06
-344005 , -814555 , 967147
996566 , -295737 , 2.3634e+06
956399 , -153185 , 2.65858e+06
-2.15866e+06 , -241214 , 1.13349e+06
-341649 , 231120 , 1.31121e+06
1.32793e+06 , 1.29315e+06 , 902874
-944737 , 1.27305e+06 , 964973
1.51232e+06 , 605318 , 1.5302e+06
-741287 , -559539 , 2.73117e+06
1.22203e+06 , 1.00835e+06 , 194654
1.19625e+06 , 847674 , 93981.4
-636969 , 382025 , -1.12083e+06
116465 , -1.38258e+06 , 313146
338603 , -984376 , -861617
232844 , 937448 , 568634
-492129 , 1.87269e+06 , -514891
616976 , 1.34826e+06 , 1.96949e+06
1.31405e+06 , 498156 , 1.44325e+06
430784 , -1.46871e+06 , -145606
-1.59018e+06 , 121572 , 56226.3
2.46775e+06 , -893887 , -388867
-1.33971e+06 , -898769 , 349680
94668.4 , 694301 , 724935
-1.37834e+06 , -1.51687e+06 , 175919
101906 , 242471 , 613817
1.22419e+06 , 331511 , 774183
-1.05389e+06 , 101619 , 1.06425e+06
-1.8448e+06 , -805577 , -890478
-1.57384e+06 , 752290 , 123139
662594 , 1.52788e+06 , 1.19265e+06
-534471 , -2.332e+06 , 248149
13922.7 , 329370 , 1427.87
1.75716e+06 , 228204 , 802808
-1.90194e+06 , 211429 , -100995
1.48608e+06 , -1.02908e+06 , 1.30181e+06
-80162.4 , 1.82021e+06 , -21398.6
1.06009e+06 , -1.55875e+06 , 1.2034e+06
-905482 , 1.51221e+06 , -764104
165935 , 1.52115e+06 , 771281
305274 , -154647 , -1.67086e+06
-1.11491e+06 , 579396 , 100548
301008 , 2.34382e+06 , 250676
-983532 , -2.24895e+06 , 1.65839e+06
-392190 , -1.79064e+06 , -701968
1.07762e+06 , -1.09332e+06 , -495438
-397988 , 2.40098e+06 , 634274
1.1682e+06 , 734600 , 663047
-513728 , 198690 , 1.49239e+06
110034 , -1.54674e+06 , 754824
-414322 , -462104 , 1.62384e+06
-1.87379e+06 , -792350 , -867531
-1.09329e+06 , 1.33891e+06 , 1.25776e+06
1.34394e+06 , -713477 , -698462
-411890 , -1.81423e+06 , 1.98816e+06
-517009 , 476619 , -633311
342834 , -1.01002e+06 , 1.1128e+06
398314 , -58643.7 , 752441
1.49425e+06 , 574309 , 769303
1.12855e+06 , 914444 , -1.09509e+06
-556897 , 644304 , -135649
1.22579e+06 , 40344 , -182642
-76271.3 , -1.31766e+06 , -803059
-754776 , -631284 , 976992
-1.19199e+06 , 815266 , 108383
204474 , 369870 , 461896
492944 , 1.14775e+06 , -518175
416184 , 1.93629e+06 , -946902
696017 , 904167 , 780616
-199535 , 998553 , 1.3537e+06
-307702 , -2.13203e+06 , 658380
3420.71 , 318983 , 620788
199338 , 978398 , -1.12892e+06
-1.24545e+06 , -806036 , 654871
1.5699e+06 , 300498 , 1.10071e+06
1.22848e+06 , 272983 , -1.20881e+06
-130435 , -473575 , 748554
-1.29645e+06 , -1.34519e+06 , 1.67191e+06
-448009 , 280376 , -322493
-1.30097e+06 , 1.69427e+06 , -773393
1.56153e+06 , 178912 , 624349
388051 , -1.30879e+06 , -125045
587693 , 2.03704e+06 , -60547.2
19062.8 , 794183 , -828065
-643975 , -1.46935e+06 , 85783.4
796662 , -195333 , -2.46028e+06
1.43219e+06 , -1.57716e+06 , 1.56536e+06
889854 , -1.69395e+06 , 11365.3
-83928.2 , 1.68565e+06 , 665054
-198453 , 1.13971e+06 , -362269
101293 , 736904 , 1.28595e+06
904069 , -596141 , -1.39597e+06
-165620 , 317328 , 751234
-1.49043e+06 , 1.9669e+06 , -303900
1.60129e+06 , 1.43815e+06 , 1.43674e+06
2.20869e+06 , -165151 , -711330
-44812.1 , -121283 , 1.49673e+06
634487 , -2.57359e+06 , -505664
-743577 , 744680 , 1.19311e+06
-981530 , 195324 , 1.39503e+06
-17245.6 , -774639 , -1.3766e+06
360052 , -1.19174e+06 , 857240
762584 , -177757 , -1.59205e+06
-1.4284e+06 , -957923 , 680516
-128618 , -716284 , 2.11903e+06
1.61736e+06 , 1.36628e+06 , 1.53315e+06
-695013 , -405535 , 1.3597e+06
-324255 , -2.12917e+06 , -312390
195901 , -1.82351e+06 , -459170
1.25228e+06 , 205328 , 1.15993e+06
-114278 , 377512 , 922439
897001 , -67945.3 , 347251
-1.37732e+06 , 166628 , 1.13283e+06
1.23172e+06 , 300149 , -844723
793290 , -1.09516e+06 , 231064
-178015 , 1.49381e+06 , -1.20127e+06
-401022 , 1.43729e+06 , -1.31594e+06
-597064 , -622426 , 690131
-1.57942e+06 , 5118.57 , 990012
1.09987e+06 , 830822 , -700584
-494519 , 743792 , -1.06389e+06
-1.11922e+06 , 1.34566e+06 , 831421
-438601 , -1.60278e+06 , -1.07297e+06
383356 , -129616 , 481178
-551995 , -897280 , 1.8099e+06
-746567 , -1.04613e+06 , 29738.1
1.17654e+06 , -5457.69 , 1.21253e+06
1.80788e+06 , 1.76693e+06 , 511685
-842973 , -2.2769e+06 , 182022
563519 , 768877 , 922294
1.87577e+06 , -462906 , 961882
-1.55061e+06 , 50879.1 , -77954.2
-963645 , -443621 , -582294
-1.68169e+06 , 902875 , -275649
966991 , -1.375e+06 , 181939
1.03838e+06 , -36613.1 , -814411
388504 , 498827 , -2.50665e+06
-596214 , -526943 , -515745
-1.66348e+06 , -969452 , -768887
-1.31763e+06 , 159827 , 1.44998e+06
-815437 , 254036 , -218514
-1.93035e+06 , 262713 , 794269
142554 , 286426 , 565703
2.16732e+06 , 453143 , 252343
537219 , 1.36189e+06 , 1.27478e+06
-225543 , -50926.7 , 895829
-841490 , -704669 , 1.81881e+06
-860202 , -1.48605e+06 , 1.67623e+06
-419083 , 2.04807e+06 , 973072
828435 , 1.02177e+06 , -1.55174e+06
829342 , 797898 , -80343.6
-428897 , 1.64885e+06 , -1.04337e+06
-216593 , -917346 , -1.08246e+06
-1.18066e+06 , -323548 , -869409
1.02819e+06 , 1.71635e+06 , -897569
683509 , 535620 , -341732
-769478 , -562756 , 1.98695e+06
-393973 , 268223 , -266594
968912 , -119190 , 8254.55
441956 , 456865 , 1.24137e+06
-794466 , -257339 , 1.38789e+06
61084.9 , 1.78027e+06 , 628043
-1.83004e+06 , 1.19415e+06 , -461917
284367 , -517699 , -1.06887e+06
877960 , -620855 , -1.47825e+06
-1.24363e+06 , 566937 , 1.49571e+06
767748 , 1.6237e+06 , -1.00364e+06
-536112 , 2.05184e+06 , 913533
-394768 , 203968 , 988511
-481185 , 142252 , -197382
481395 , -1.27334e+06 , -633262
1.48016e+06 , -633968 , 635535
-746546 , 5885.79 , -955768
-416408 , -488629 , 941755
-886692 , 430708 , 893127
-1.04471e+06 , -178648 , -632209
1.79196e+06 , -1.40099e+06 , 1.55465e+06
1.70707e+06 , -618822 , 375880
-1.39357e+06 , -1.56194e+06 , -70487
1.09637e+06 , -213850 , -316591
-76535 , -34928.4 , 1.24436e+06
-788161 , -872584 , 134574
52789.3 , -1.1966e+06 , -1.01426e+06
-1.22619e+06 , -155932 , 628993
-17709.6 , -527117 , -912018
350070 , -2.45271e+06 , -691971
1.92334e+06 , -779711 , 313480
-253625 , -1.26897e+06 , -929018
247263 , 161372 , 1.15833e+06
857645 , 128290 , 722426
632799 , 658901 , -416632
1.75538e+06 , 165507 , 276323
632854 , -1.54065e+06 , 2.4459e+06
1.40092e+06 , 1.12381e+06 , 585438
-1.78536e+06 , -785007 , 46281.4
-73512 , -700892 , -895817
-1.11149e+06 , 442849 , 267055
-1.28983e+06 , -380636 , 95510.9
-1.02301e+06 , 22801.3 , 499577
-1.08484e+06 , 551004 , -164345
-775557 , -1.00848e+06 , 91686
-380483 , -1.31278e+06 , 2325.52
-1.75708e+06 , 998670 , 684478
1.21059e+06 , -135343 , -597956
-2.07727e+06 , -223313 , -851239
80936.4 , 410819 , 1.38885e+06
-1.67465e+06 , -888735 , 414619
-1.68004e+06 , 727000 , -936664
398427 , 1.07863e+06 , -16490.4
-1.74015e+06 , 1.29204e+06 , -539127
1.73316e+06 , 688233 , 1.27083e+06
802794 , -2.33979e+06 , 603375
76222.1 , 1.10031e+06 , 453285
-2.32445e+06 , 643846 , -251072
799099 , 689456 , -308137
834086 , -1.53243e+06 , -223746
1.64033e+06 , 335094 , 1.13875e+06
-1.17564e+06 , -1.43119e+06 , -556719
-764747 , -448969 , 1.8196e+06
-2.41211e+06 , 426990 , -73420.7
789797 , 920214 , -365302
332640 , -1.03607e+06 , -1.03317e+06
1.08884e+06 , -1.08712e+06 , 1.1195e+06
1.40956e+06 , 394252 , 1.15636e+06
976797 , -782844 , 1.95976e+06
-244423 , 567471 , 163931
939474 , -1.73869e+06 , -875039
31199.4 , 1.25381e+06 , 916651
-1.33728e+06 , -1.49201e+06 , 1.52761e+06
-588086 , 881958 , 1.36719e+06
579629 , 530903 , -1.65999e+06
1.86516e+06 , -116449 , 499260
-1.69624e+06 , -688394 , -863108
-463642 , 576198 , -1.70637e+06
283947 , -415008 , 1.00095e+06
1.55378e+06 , 1.16027e+06 , 216333
459257 , -1.03069e+06 , 1.16088e+06
-885501 , 140459 , -1.42099e+06
114634 , -72153.6 , -1.15642e+06
1.42029e+06 , 224387 , 683058
764825 , 210343 , 1.19481e+06
251385 , 2.03809e+06 , 448439
-297867 , 1.07569e+06 , 278409
-882057 , -618003 , 543804
1.29005e+06 , -291632 , 257664
389879 , -900101 , 653658
237019 , 622849 , 1.36821e+06
439194 , 741611 , -140800
573929 , -1.79232e+06 , -1.39811e+06
230673 , -149023 , 88596.1
-401613 , 1.95368e+06 , 712145
-627438 , 1.55184e+06 , -248081
870254 , -437284 , 2.52563e+06
-1.01695e+06 , 1.20479e+06 , 2.45786e+06
198513 , -1.36051e+06 , 429571
1.28331e+06 , 1.78906e+06 , -867995
-1.99019e+06 , 423058 , 1.03271e+06
-359394 , 370467 , 3.27427e+06
-2.16754e+06 , -130577 , -45696.7
459168 , 1.45301e+06 , 758577
1.21464e+06 , 1.55645e+06 , -378046
1.39086e+06 , -1.33201e+06 , -1.68391e+06
-223819 , 1.34735e+06 , 1.21517e+06
1.29222e+06 , 824627 , -1.43213e+06
1.28129e+06 , 252508 , -298830
346260 , -1.70693e+06 , 1.27696e+06
810263 , -190428 , 2.23205e+06
1.76499e+06 , -106172 , 486352
-732508 , -1.40361e+06 , 619411
-332261 , 1.58902e+06 , -363846
-347865 , -1.37036e+06 , 1.90286e+06
2.19054e+06 , -499772 , -117303
-1.21435e+06 , 810882 , 978182
737323 , 58252.7 , -502198
1.57877e+06 , 684724 , 1.12775e+06
1.35269e+06 , -621324 , 934617
-1.18479e+06 , -584565 , -309218
-492838 , 554759 , 2.25336e+06
-1.08265e+06 , -538141 , -1.19751e+06
2502.66 , -2.45995e+06 , -1.36558e+06
-1.60219e+06 , 721401 , 559767
595726 , 1.83467e+06 , 1.36628e+06
-1.40651e+06 , -1.58045e+06 , -1.5869e+06
-1.58029e+06 , 1.15773e+06 , 311808
-81306.6 , -418914 , 1.03036e+06
-857626 , -610322 , -1.30264e+06
309997 , 1.62838e+06 , -825321
554851 , 7899.93 , 463370
-221275 , -884407 , -1.61185e+06
-912392 , -1.33797e+06 , -163728
638593 , 1.27991e+06 , 1.39384e+06
-2.04241e+06 , -310730 , -605944
-1.51362e+06 , 266675 , 132028
168507 , -1.1594e+06 , -20790.3
-87840.8 , -1.27117e+06 , 1.67684e+06
-27594.8 , -2.25031e+06 , 1.38629e+06
-318276 , 833458 , -1.97298e+06
31316.4 , -798167 , -238926
1.35709e+06 , 1.08249e+06 , -155863
-398601 , 635435 , 1.76556e+06
895396 , 2.10128e+06 , -284978
-1.57807e+06 , -1.61706e+06 , -583440
109519 , 1.61106e+06 , 829988
977386 , 299329 , -15876.9
210188 , 111751 , 1.06711e+06
617537 , 754306 , 1.36504e+06
-1.23586e+06 , -1.72597e+06 , -459675
-1.87778e+06 , 1.4405e+06 , 199175
-460218 , -1.21587e+06 , -395846
1.26958e+06 , 666779 , -1.02457e+06
-97022.4 , -681645 , -1.91195e+06
1.93463e+06 , 184573 , 761253
788296 , -139503 , 1.22436e+06
308176 , 605328 , 262789
655325 , -1.70563e+06 , 652945
-504155 , -133015 , 169193
1.1948e+06 , -776443 , 823085
-330959 , -733434 , 2.50358e+06
-1.56441e+06 , -36531.6 , -320486
139841 , -1.29886e+06 , -813734
1.39299e+06 , 354375 , -1.44003e+06
841938 , 1.66373e+06 , -550861
1.07363e+06 , -673862 , 2.18047e+06
-377503 , -1.11535e+06 , 2.01559e+06
-409733 , 1.28523e+06 , 1.26646e+06
-1.03739e+06 , 807617 , -1.13478e+06
-231457 , 668107 , 1.67246e+06
-491875 , -752578 , 495993
178363 , -785374 , -751215
563239 , -1.12709e+06 , 574608
-377212 , 1.47537e+06 , 122785
-2.4713e+06 , -574074 , 467454
428420 , 419723 , -1.59115e+06
-13169.5 , 870324 , 903704
1.67418e+06 , -852779 , -984879
-136196 , -2.23475e+06 , 569175
193505 , -804296 , -154796
1.10379e+06 , 172966 , -608175
1.7231e+06 , -1.29333e+06 , 1.08604e+06
-763777 , -74652 , -565779
-1.37222e+06 , 860428 , 2.11376e+06
681363 , 667197 , -1.53868e+06
665695 , 1.20489e+06 , 849.815
-538788 , -1.36578e+06 , -731859
-39317.3 , -2.2507e+06 , 2.33908e+06
-1.42914e+06 , -67897 , 1.23618e+06
1.68344e+06 , 972337 , 438323
-549990 , 147758 , 1.11294e+06
1.16045e+06 , -439604 , 1.62403e+06
-444330 , 254122 , 517272
637953 , 1.23021e+06 , 414381
-1.13473e+06 , 924808 , -322215
-2.52089e+06 , 976802 , 376168
1.5394e+06 , -747878 , 821741
-1.33483e+06 , 30637.6 , -1.04022e+06
272660 , -1.33193e+06 , -107377
115593 , 980078 , -846356
-352849 , 649764 , -1.03633e+06
1.2212e+06 , -1.07255e+06 , 519706
389428 , -65071.1 , 884234
-681732 , 938464 , -271346
-1.37604e+06 , 635202 , 1.63333e+06
-807282 , -923358 , 1.54103e+06
1.67088e+06 , 22537.9 , 1707.19
694789 , -1.37676e+06 , 931816
-2.33086e+06 , 1.28003e+06 , -670267
-1.0233e+06 , -825305 , -2.45938e+06
-759928 , -432988 , 344796
-864354 , -1.09503e+06 , 1.41722e+06
-98100.2 , 855152 , 879004
-1.5518e+06 , -1.47807e+06 , -232746
-910062 , 551828 , 1.72111e+06
219294 , -505108 , 1.39123e+06
-1.04245e+06 , -1.58861e+06 , 846218
-2.03659e+06 , -1.88501e+06 , 491535
750387 , 363480 , 7607.41
892360 , 1.42258e+06 , -1.37298e+06
-250954 , -828108 , -1.09052e+06
-981878 , -153611 , 234636
-278257 , 555584 , -960547
-605698 , 390497 , 1.46612e+06
-1.09813e+06 , 1.10241e+06 , 1.25958e+06
-1.48981e+06 , -1.49884e+06 , -621753
-1.89393e+06 , -535259 , -1.01565e+06
-131583 , -749655 , 2.26985e+06
-829036 , -810610 , -1.2559e+06
-77246.7 , -289546 , 317976
-598294 , 337029 , 1.28602e+06
-79285.8 , -1.04067e+06 , 291938
421126 , 1.69803e+06 , -683329
-912341 , 1.25556e+06 , 801934
751745 , 479733 , -978361
-866728 , 1.83509e+06 , -868192
-310605 , -196347 , 1.75019e+06
521470 , -417004 , 977193
588225 , 485455 , -44272.9
-1.05573e+06 , -55044.1 , -109679
-142708 , 1.16993e+06 , -1.09294e+06
-802649 , 480271 , 1.119e+06
-495199 , -193895 , 18196.7
-11468.8 , -498173 , -1.56005e+06
-1.63095e+06 , -1.03721e+06 , 1.08944e+06
-644271 , -561699 , 1.13794e+06
-108530 , -1.45649e+06 , -416687
-2.38378e+06 , -1.34402e+06 , 670476
1.04483e+06 , 1.07775e+06 , -323947
-440252 , 1.05992e+06 , -480344
630036 , -236242 , 97329.9
327916 , -300871 , 1.92379e+06
-414280 , 821558 , -1.33268e+06
1056.22 , 435202 , 563635
-813882 , -358026 , 1.28339e+06
2.17727e+06 , 1.19284e+06 , -2831.4
-149512 , -1.27265e+06 , 777647
431550 , -221881 , 1.27269e+06
2719.91 , -395481 , -1.37096e+06
1.72355e+06 , -995849 , -1.01091e+06
-726587 , 2.02521e+06 , -649078
806238 , -1.04055e+06 , -702355
-407551 , -621735 , 1.7945e+06
563965 , 778675 , -1.33157e+06
-837801 , -1.37746e+06 , -229274
322243 , -14485.4 , 2.13497e+06
692018 , -334469 , 1.5329e+06
-1.20665e+06 , 644721 , -1.14358e+06
-2.18176e+06 , 811022 , 271888
-769510 , -289172 , -1.23292e+06
-802530 , -1.48454e+06 , -427501
751353 , -1.9499e+06 , 1.4716e+06
-1.19491e+06 , 1.91235e+06 , -160666
1.03023e+06 , 2.05797e+06 , 1.75655e+06
-272676 , 1.07215e+06 , 957691
1.00857e+06 , -968842 , -1.57653e+06
356453 , 342352 , 1.61877e+06
-235348 , -1.57457e+06 , 1.05868e+06
2.08961e+06 , 590488 , 1.89676e+06
-1.13416e+06 , -478181 , 1.34024e+06
-752787 , 94490.5 , 1.08584e+06
368397 , -467676 , -2.01538e+06
-27542.9 , 1.12992e+06 , 1.24772e+06
-1.40723e+06 , 1.00542e+06 , -315204
1.54099e+06 , -461423 , 1.17851e+06
697902 , 943260 , -804267
-577449 , -287666 , 1.29357e+06
-216757 , -607109 , -308707
-359265 , 1.04374e+06 , -868677
753349 , -1.25549e+06 , 882251
-1.63407e+06 , 906806 , -465214
-1.36895e+06 , 125521 , -1.27868e+06
1.33135e+06 , 927786 , 652344
270562 , -633463 , -259206
240497 , 2.66549e+06 , -1.30038e+06
1.25398e+06 , -740827 , -352208
906721 , -1.15524e+06 , 497100
1.20647e+06 , 1.28089e+06 , 324640
622013 , 997830 , 1.03257e+06
874830 , 1.18628e+06 , 2.05071e+06
-428960 , -108823 , -738926
-201446 , -1.83535e+06 , 1.10934e+06
1.01274e+06 , -255414 , 583340
574613 , 1.43865e+06 , 556640
312799 , 1.68345e+06 , 426404
-1.99565e+06 , 1.08516e+06 , 632622
-155676 , -2.26065e+06 , -406252
1.12433e+06 , -203111 , 186594
-475336 , -1.25352e+06 , 920499
-141435 , 1.06524e+06 , 2.25139e+06
1.36318e+06 , 77168.2 , -449816
-2.07672e+06 , 530611 , 591826
-558334 , 370684 , 650332
-452560 , 999303 , -864046
-671672 , 1.28197e+06 , 301009
121815 , -1.08464e+06 , -1.66746e+06
-1.73645e+06 , 754585 , 703213
-784315 , -960859 , 2.23261e+06
-1.57219e+06 , -1.25095e+06 , 789568
1.08036e+06 , 996833 , -1.65261e+06
-851616 , 1.00513e+06 , 65865.2
-23777.3 , -1.57131e+06 , -1.46388e+06
-242539 , 347563 , 947077
-1.2347e+06 , -453225 , -1.06737e+06
627061 , -74466.8 , 661132
-490273 , -973385 , 447998
1.30562e+06 , -47703.2 , -1.33026e+06
-1.44204e+06 , -13425.7 , -949426
918334 , -417288 , 1.03281e+06
49688.3 , -2.18757e+06 , 1.13248e+06
727388 , 1.17647e+06 , -1.21534e+06
-1.45819e+06 , 871704 , -157903
-1.94608e+06 , -1.05606e+06 , 1.88068e+06
-850781 , -1.91648e+06 , 460732
-1.51911e+06 , 743420 , 951836
244843 , 1.49398e+06 , -1.4151e+06
-281898 , -1.00827e+06 , 110243
-1.2212e+06 , 1.20792e+06 , 106559
-119082 , 1.02173e+06 , 1.01717e+06
1.11159e+06 , 179298 , 2.55815e+06
-366571 , -116517 , 1.56384e+06
-1.20747e+06 , -2.02091e+06 , 471852
620452 , -1.30968e+06 , -203892
-716209 , -205067 , -371584
-388410 , 1.1224e+06 , 1.31099e+06
1.29278e+06 , -1.50757e+06 , 2.0433e+06
-1.56423e+06 , 914357 , -47556
829721 , 760958 , 2.32271e+06
-62183.3 , -1.92996e+06 , 1.24493e+06
1.53501e+06 , -283221 , -1.46012e+06
-384037 , 279681 , 2.99978e+06
590066 , -1.1286e+06 , 1.66479e+06
-1.30482e+06 , 874255 , 31122.3
-1.23089e+06 , 398323 , -156063
-481499 , 1.71662e+06 , -528744
-669022 , 298846 , 663680
-470803 , 680095 , 891337
704724 , -701067 , 260546
247490 , -170457 , 689021
452414 , 1.59934e+06 , 544120
-933223 , 1.20618e+06 , -304367
-1.97272e+06 , -620902 , 121726
-294219 , 50837.4 , 817139
-666466 , 1.22839e+06 , 1.87016e+06
-901981 , -749400 , 327326
1.30593e+06 , 1.20779e+06 , 1.05734e+06
891323 , 1.42693e+06 , -1.3778e+06
98712.8 , -881698 , 657592
2.23677e+06 , -1.81352e+06 , 1.21067e+06
-1.73313e+06 , -1.52543e+06 , 1.18787e+06
-1.73113e+06 , -729627 , -1.04857e+06
-965972 , -1.27877e+06 , 1.50478e+06
-751156 , -1.18188e+06 , 1.27572e+06
1.22123e+06 , -1.12543e+06 , 163153
-949706 , 953864 , 59149.6
-105557 , 1.13162e+06 , 621343
-898934 , 414697 , -1.76845e+06
17213.3 , 272556 , 1.14726e+06
-284520 , 484746 , -1.46974e+06
18942.6 , -441877 , 1.21005e+06
-1.16241e+06 , 28531.9 , 2.1887e+06
-1.48112e+06 , -969225 , 2.07749e+06
429694 , 1.22309e+06 , 1.08433e+06
-1.42957e+06 , 1.78522e+06 , -535175
-376410 , 88110.6 , 341853
-126196 , 863695 , 206136
312910 , -907315 , 109395
-267446 , 20797.2 , 1.16247e+06
-1.6281e+06 , -491222 , 429492
-906917 , 1.68687e+06 , -1.05733e+06
-251216 , 953639 , -301011
-284005 , 1.58828e+06 , -1.30532e+06
-1.79987e+06 , 1.01664e+06 , 763194
1.4483e+06 , -727975 , -253338
568571 , -1.09401e+06 , 14506.8
1.09136e+06 , -1.25113e+06 , -23979.1
-851360 , -1.0739e+06 , 404156
701717 , 1.88418e+06 , -806096
-438849 , 483097 , 1.23968e+06
227195 , -1.10426e+06 , 1.86102e+06
310771 , 299093 , 585750
-43713 , -1.05953e+06 , 1.00257e+06
889904 , 920745 , 560385
-1.95186e+06 , 624810 , -1.17117e+06
-556812 , -2.36832e+06 , 1.07403e+06
-464332 , 1.71206e+06 , 2.38555e+06
-1.82586e+06 , -1.16597e+06 , 972758
576310 , 561793 , 1.78312e+06
-37052.2 , -2.28446e+06 , -839963
-653697 , -72096.9 , 1.12688e+06
367828 , -1.51849e+06 , -193495
1.18805e+06 , 642551 , 54892.6
-476494 , -495647 , 1.81305e+06
3.04163e+06 , -1.47065e+06 , 602258
335133 , -386626 , -808936
683872 , 100941 , 2.05161e+06
873303 , 1.02242e+06 , 592401
-485291 , -489028 , 539537
1.61518e+06 , -336958 , -469711
233362 , -578005 , 164956
1.28235e+06 , 360590 , 1.29212e+06
-383934 , -411537 , -660484
116397 , -197628 , 2.06571e+06
-1.82556e+06 , -611429 , 3.03985e+06
-1.98558e+06 , -204421 , 973649
1.50512e+06 , 551334 , 340694
-867147 , 1.12639e+06 , -1.10786e+06
-143322 , -1.3379e+06 , -32668.5
-970583 , 1.72393e+06 , 1.72293e+06
1.39298e+06 , -343759 , 89423.9
-2.03041e+06 , -78046 , 551629
-279664 , -408016 , 1.79555e+06
-2.26802e+06 , -626890 , 1.05882e+06
1.30995e+06 , 1.98959e+06 , -100220
1.65918e+06 , 510541 , 520223
-1.99236e+06 , -1.57524e+06 , -296972
-2.15445e+06 , -1.06797e+06 , 814926
252133 , 804449 , 928905
1.41814e+06 , -1.85055e+06 , -910551
736435 , 2.65961e+06 , 1.10657e+06
-1.49826e+06 , -1.05767e+06 , -846387
-729068 , 531554 , -643679
366292 , -393608 , 1.08704e+06
-813386 , 169902 , -789419
736134 , 632488 , -572010
-598983 , -1.64837e+06 , 1.17101e+06
1.61431e+06 , -446993 , 1.21228e+06
-1.40347e+06 , -1.15259e+06 , -826306
1.67095e+06 , 677750 , 1.40257e+06
-1.39302e+06 , 122784 , -1.11555e+06
-666157 , 645942 , 1.03341e+06
1.36498e+06 , 812103 , 745192
-652470 , -206743 , 1.66912e+06
887529 , 2.4262e+06 , -127533
556453 , 687724 , -165632
2.28235e+06 , 1.10628e+06 , 2.42131e+06
-2.89135e+06 , -758139 , 876340
-362349 , 935818 , 750881
-533490 , 31711.9 , -1.18768e+06
1.30171e+06 , 1.2351e+06 , -159427
-341290 , 25377.5 , 1.13907e+06
-589032 , 401041 , -2.28925e+06
1.53475e+06 , 125099 , 2.53978e+06
680865 , -424909 , -1.20883e+06
700002 , 1.21083e+06 , 132760
340605 , -174939 , 541200
-482902 , 826606 , -36634.2
1.08804e+06 , -388089 , -1.12825e+06
1.65309e+06 , -622378 , 1.57758e+06
1.42849e+06 , 244296 , 1.02043e+06
-494143 , 470238 , 2.34682e+06
1.64176e+06 , 1.24659e+06 , 1.38747e+06
-392877 , -1.078e+06 , 693822
1.04485e+06 , 16804.5 , 2.09492e+06
800552 , -325986 , 458171
1.17321e+06 , 1.45041e+06 , 1.38512e+06
56476.6 , -974493 , -1.64603e+06
646596 , -1.32787e+06 , -413337
602303 , -474913 , 566101
-722558 , -1.12448e+06 , 1.91835e+06
447468 , -1.1572e+06 , 132125
320470 , 415628 , -1.25666e+06
-1.08524e+06 , 767228 , 1.49692e+06
687534 , -567738 , -1.65517e+06
-170834 , -1.49913e+06 , 234320
152208 , -1.10378e+06 , 1.35563e+06
-471869 , 424615 , 850669
367339 , -2.386e+06 , 2.15251e+06
403517 , 641386 , -1.74174e+06
-850360 , -267343 , 465491
1.15971e+06 , 621660 , 228825
1726.68 , 114120 , -1.92117e+06
-175808 , 1.12102e+06 , 1.88069e+06
1.42504e+06 , -803752 , 180974
815560 , 1.11396e+06 , -1.62958e+06
-940880 , -767294 , 695920
1.76334e+06 , 729661 , -1.06498e+06
1.36979e+06 , 489538 , -701895
375271 , 1.00215e+06 , 628909
864656 , 934028 , 1.75453e+06
1.62879e+06 , -707139 , 1.77452e+06
-1.28066e+06 , -399033 , -1.63349e+06
-833270 , 314389 , -326053
-1.34518e+06 , 328391 , 553871
-295174 , -90828.1 , 654605
693502 , 198907 , -2.13489e+06
1.08217e+06 , 609869 , 444276
5047.83 , 232269 , 2.21408e+06
-1.45526e+06 , -316487 , -287321
-523538 , -1.89625e+06 , 906097
146596 , 1.49095e+06 , -624456
1.17111e+06 , 15706.1 , -296839
-728883 , 2.28827e+06 , 560021
1.44735e+06 , 338804 , -567602
-1.11769e+06 , 341794 , 214786
2.17856e+06 , 1.06516e+06 , -67977.5
715683 , -218181 , 1.02425e+06
349824 , 908542 , 185298
-251452 , -1.49596e+06 , -512985
-1.24681e+06 , -1.20833e+06 , 1.26095e+06
636276 , 858456 , 756796
427615 , -881366 , 1.85174e+06
2.70354e+06 , -79645.6 , 539159
79973.5 , -2.24562e+06 , 628627
257839 , -1.2926e+06 , 2.03665e+06
-1.16559e+06 , 100696 , 391296
1.11513e+06 , -488421 , 1.6762e+06
-4350.05 , 791379 , -952128
1.26485e+06 , -220795 , 890242
-1.53885e+06 , 454041 , -236270
218626 , 313747 , -1.71896e+06
1.03371e+06 , 896832 , 606896
1.51213e+06 , -147246 , -2.04103e+06
534875 , 634195 , -18355.8
-758663 , -472349 , 1.66145e+06
-1.13695e+06 , 1.39e+06 , 963260
547014 , 502621 , -2.19629e+06
608689 , 1.35697e+06 , -81303.5
946717 , 255711 , 71500.4
726052 , -663177 , 240300
-77349.4 , 403939 , -1.47234e+06
-1.23988e+06 , -445963 , -1.329e+06
-351661 , -2.15677e+06 , -861028
-1.02413e+06 , 268716 , 271680
-861043 , -831810 , 626131
176057 , -801355 , -1.35966e+06
428763 , -977619 , 786938
95087.9 , 907433 , -253799
-937188 , -1964.9 , -293246
1.00776e+06 , 666878 , 1.472e+06
73780.1 , -986629 , -592398
1.96416e+06 , -424306 , -802799
137483 , 462667 , 433136
-724128 , -128551 , 902891
1.2373e+06 , 1.81074e+06 , -423281
633701 , -476671 , -778550
1.8118e+06 , 151069 , 811162
1.2582e+06 , 1.58285e+06 , 1.64264e+06
911203 , -745692 , 72324.8
426398 , -598676 , 1.58929e+06
1.20362e+06 , 549969 , -1.30957e+06
683910 , -1.60666e+06 , -509552
558779 , 1.1619e+06 , 628806
79589.4 , 428093 , 793104
-104600 , 1.83185e+06 , 606063
-338477 , -1.2818e+06 , -180512
107436 , -255836 , -757427
1.3746e+06 , -138509 , 1.69584e+06
502045 , -828131 , -144699
-1.85095e+06 , -632914 , 1.40153e+06
-264952 , -214307 , -1.04048e+06
611403 , 814055 , 667975
386883 , 623791 , -1.01157e+06
680747 , 739515 , -149218
-1.29553e+06 , -2.15256e+06 , -1.04754e+06
892952 , 1.77403e+06 , 173421
-1.25655e+06 , -18099.6 , -1.15702e+06
-1.59389e+06 , 1.09772e+06 , 1.50074e+06
-531789 , -1.0257e+06 , 2.1006e+06
347096 , -2.39533e+06 , 930427
141817 , -159775 , 39327.6
56622.4 , -641486 , -401621
-365632 , 404896 , 2.08302e+06
-963527 , 1.52899e+06 , 336912
868214 , 1.05306e+06 , 1.82339e+06
1.89323e+06 , -1.26422e+06 , 405036
-883492 , 690726 , -1.28729e+06
-1.06846e+06 , -2.85976e+06 , 213161
703762 , 1.70981e+06 , 72133.4
-579440 , 163710 , 2.06407e+06
-941545 , -770711 , 1.65752e+06
-119884 , 1.9955e+06 , -626849
1.14102e+06 , -460119 , -1.0098e+06
-919928 , 459918 , -745803
894230 , -1.37536e+06 , 770193
1.33181e+06 , -363048 , 669450
-741329 , -1.08661e+06 , -916289
-966596 , 116005 , 256333
1.33575e+06 , 51098.1 , -1.78299e+06
1.34206e+06 , 857991 , -701297
-678006 , -1.31773e+06 , 211294
-1.01757e+06 , 454680 , 236823
645336 , -1.04815e+06 , -223605
989454 , -74207.6 , -533002
-796266 , -2.14961e+06 , -578366
960314 , 724896 , 62839.7
1.251e+06 , 1.49965e+06 , 347885
85962.8 , 918308 , 1.05986e+06
474713 , -751190 , -617786
1.97235e+06 , 796794 , -263639
-762350 , 198433 , -1.1112e+06
2.24877e+06 , 1.57974e+06 , 434350
-1.57577e+06 , -1.03366e+06 , 1.50614e+06
88125.8 , 655705 , 1.5695e+06
-1.66669e+06 , -350838 , -2.29885e+06
-254069 , 438379 , -1.12691e+06
-683377 , 251282 , -1.24163e+06
-749233 , -867935 , 2.29744e+06
52787.3 , -1.52571e+06 , -560798
-1.11103e+06 , -640101 , -1.66847e+06
566536 , 429918 , 1.80484e+06
1.20206e+06 , -556832 , -1.37305e+06
1.99216e+06 , -578556 , 355480
-24819.5 , -437306 , -37610.8
621088 , -88820.6 , 1.92506e+06
-377211 , -1.03741e+06 , -1.17599e+06
-992813 , -37434.9 , -532630
-1.23225e+06 , 1.65535e+06 , -706502
-1.01297e+06 , -574134 , 245143
-2.01057e+06 , 379182 , 61697.7
565309 , -1.13502e+06 , 569588
1.30852e+06 , 21343.2 , 1.46633e+06
2.62142e+06 , -33527.6 , -303223
932660 , -1.1e+06 , 76810.4
1.39484e+06 , -220735 , -946255
-53450.5 , -153870 , 1.48588e+06
-477152 , 1.97495e+06 , 171026
254361 , -1.39363e+06 , 791893
1.44352e+06 , 1.42176e+06 , 1.53631e+06
-66824 , 1.10545e+06 , 277896
154475 , 2.59166e+06 , 931440
-690909 , -490791 , 701933
-1.77564e+06 , -922297 , -964308
-470597 , 2.09496e+06 , 289876
1.14326e+06 , 1.33988e+06 , -674008
989610 , -234817 , 2.12841e+06
528824 , 1.38753e+06 , 916638
1.13966e+06 , 1.81374e+06 , -763734
-1.49611e+06 , 743168 , 1.79187e+06
738731 , 287165 , -766792
1.19477e+06 , -1.5043e+06 , 1.71852e+06
1.34117e+06 , -661266 , -1.25165e+06
-477045 , 1.01626e+06 , 985890
2.17523e+06 , -606851 , 317892
-406215 , 438750 , 3.06516e+06
1.61284e+06 , -114112 , 1.52978e+06
-1.09863e+06 , -1.35441e+06 , 935275
-205286 , 37581.6 , 51059.6
15332.6 , -1.10612e+06 , 232535
1.69696e+06 , 28562.6 , 1.22021e+06
-1.71251e+06 , 325812 , 1.06395e+06
-58933 , 1.46062e+06 , -117283
-430713 , 330670 , 661905
-1.1017e+06 , 122463 , 917269
347346 , 1.51849e+06 , 881560
-1.80746e+06 , 854238 , -1.04912e+06
-637726 , 693123 , -283754
-1.65144e+06 , 717681 , -488394
-270451 , 612259 , -192573
-1.13542e+06 , 98290.1 , 16283.6
-50970.6 , 93724.6 , -1.50679e+06
1.13399e+06 , 312815 , 575013
-1.64605e+06 , -291694 , -1.24305e+06
-354094 , 139578 , -893329
-1.49435e+06 , -100569 , 62638
-647051 , 1.90097e+06 , 1.17967e+06
379048 , 2.01221e+06 , 856960
216877 , 1.8554e+06 , 1.06782e+06
-583001 , -1.42746e+06 , -358382
1.49684e+06 , 253942 , -1.00446e+06
231937 , -701507 , 1.02351e+06
1.52972e+06 , -672569 , 378240
56851.4 , -517768 , 1.41909e+06
-983311 , 582414 , 2.45729e+06
-1.44028e+06 , 368143 , 1.48175e+06
273439 , 848634 , 1.6518e+06
25535.3 , 1.5886e+06 , 722648
1.42271e+06 , -136105 , 1.84677e+06
-673386 , -1.03053e+06 , -1.1068e+06
-2.35351e+06 , 856459 , -331407
400518 , 369002 , 2.16684e+06
588871 , -227687 , 316952
-477497 , 1.21117e+06 , 1.27981e+06
-1.35144e+06 , -1.13152e+06 , -866247
626187 , 530074 , -1.43581e+06
-1.31326e+06 , -804661 , -999996
912915 , 598681 , -478371
248328 , 657583 , 119716
-1.60375e+06 , -261412 , 1.91086e+06
-626182 , -1.75103e+06 , 848633
-890597 , 60666.9 , -180111
317429 , -418858 , 1.01984e+06
-1.21918e+06 , 1.26839e+06 , -1.11058e+06
-761351 , -306526 , 429708
853272 , 438107 , -1.79643e+06
-1.27555e+06 , -27811.7 , 1.5485e+06
-1.30177e+06 , 691072 , -1.52471e+06
477459 , -167765 , 855576
1.31732e+06 , -1.18959e+06 , 712056
1.62478e+06 , -386807 , -421720
-1.07657e+06 , -464191 , -98957.7
-1.605e+06 , -734715 , 1.07329e+06
-714696 , 2.11359e+06 , 208810
1.56849e+06 , 824509 , 56984.7
-561970 , -898178 , 1.15821e+06
-2.79554e+06 , -956336 , 1.04231e+06
1.19299e+06 , 352218 , 1.23987e+06
235703 , -1.00031e+06 , 170821
1.11378e+06 , 114531 , 1.10387e+06
980897 , -1.19344e+06 , 735011
-618773 , 858265 , 866838
-1.91961e+06 , -1.33543e+06 , 99331.2
-280088 , -716139 , -1.46766e+06
-47428.8 , 335542 , -2.19756e+06
-200231 , 682529 , 666674
560771 , 1.1209e+06 , 98375.5
604408 , -64469.3 , 1.33118e+06
-967937 , 161609 , -1.02618e+06
-1.57971e+06 , -40863.7 , 1.10827e+06
-1.23742e+06 , 191336 , -392813
478200 , -1.82061e+06 , 645942
-965615 , -840268 , 155382
303392 , 1.00725e+06 , 1.85582e+06
-294421 , -517067 , -1.47653e+06
-334267 , -181202 , -1.19603e+06
221668 , -732888 , 698018
774825 , 600030 , -2.0363e+06
-198172 , -1.36804e+06 , -149518
-261851 , 664169 , -505218
537317 , -37842 , -1.09892e+06
-1.00355e+06 , -72650.7 , 814315
-2.31495e+06 , 1.84448e+06 , 559636
1.39041e+06 , -1.53299e+06 , 1.67028e+06
29695.3 , -1.09027e+06 , 762058
-2.09931e+06 , 420269 , 1.09673e+06
503738 , -377576 , 1.04742e+06
-1.33436e+06 , -1.38873e+06 , -833223
848943 , 1.79021e+06 , -2.4891e+06
782147 , 217758 , -1.35914e+06
1.12856e+06 , -2.04766e+06 , 1.12623e+06
285303 , -407543 , 644728
-1.46154e+06 , -667170 , 1.14366e+06
-580529 , -1.5288e+06 , 512055
-1.72707e+06 , -1.10041e+06 , 1.3483e+06
29467.6 , 1.16258e+06 , 839045
-1.76432e+06 , -718783 , -461947
-756344 , -176752 , -34391.2
701901 , -1.43348e+06 , 1.57706e+06
188478 , 247029 , -2.04668e+06
16940.1 , 1.53642e+06 , 716283
-1.66063e+06 , -1.73809e+06 , 659133
476526 , -1.02447e+06 , 1.3335e+06
775806 , 1.21783e+06 , 196709
-428446 , -1.46175e+06 , -988603
-1.87476e+06 , -1.58952e+06 , 1.55587e+06
-1.41749e+06 , -80430.7 , 489038
315937 , 176097 , 2.33742e+06
-735951 , 1.53056e+06 , -122010
-1.72805e+06 , -582869 , -941599
139096 , -160649 , -1.62758e+06
-464005 , -467064 , -965053
481354 , 464512 , 1.40442e+06
-1.39557e+06 , 242712 , 243022
231518 , -893785 , 1.19352e+06
1.97886e+06 , -47747.9 , 487123
-224634 , -698803 , 1.16802e+06
-1.10993e+06 , 977227 , -788555
177427 , 816033 , 915350
762929 , -138430 , 545844
154115 , -1.32721e+06 , 790565
1.0643e+06 , 482895 , 1.03274e+06
-1.85017e+06 , -288353 , -1.11762e+06
1.34818e+06 , -449626 , 762086
-1.23729e+06 , -711149 , 979785
1.05372e+06 , -1.39435e+06 , -1.28613e+06
148612 , 1.93065e+06 , 321556
89375 , -278576 , 2.12524e+06
-81319 , -195899 , 2.4413e+06
-487891 , 1.8108e+06 , -289921
-513286 , 1.40999e+06 , -476519
-554800 , -669082 , -1.36152e+06
-1.27504e+06 , -594437 , 1.09715e+06
1.94859e+06 , -68285.8 , 366080
-2.14368e+06 , -453013 , -16476.3
459087 , 219382 , 990596
-1.53666e+06 , -56793.5 , 358359
-372221 , -1.37821e+06 , -1.75692e+06
-258702 , 780970 , -280162
-401782 , 1.04017e+06 , 1.12296e+06
882406 , -587395 , 470995
-1.14014e+06 , -270942 , 1.66947e+06
169462 , 664692 , 875426
84971.7 , 789522 , 605507
-1.00757e+06 , -681276 , 806767
1.83334e+06 , -637814 , 1.31428e+06
1.56257e+06 , -923579 , -741982
-187512 , 817054 , -1.74337e+06
-1.45234e+06 , 534175 , 394297
-1.55976e+06 , -270166 , 601525
355173 , -329555 , -231591
781359 , -2.23957e+06 , 400433
1.02344e+06 , 179730 , 1.81056e+06
935404 , 603698 , -278812
-1.1677e+06 , 107113 , 1.71766e+06
-698672 , 1.73895e+06 , -439670
-857545 , -298600 , -1.07373e+06
-1.65239e+06 , -1.36095e+06 , 598641
409175 , -1.0768e+06 , -777411
757899 , 722751 , -696590
-467667 , -95557.9 , -2.28956e+06
-308211 , 221100 , -258228
-391234 , 1.0461e+06 , -140601
-167953 , -1.3501e+06 , 1.55054e+06
468049 , 193825 , 1.38604e+06
-644080 , 1.17272e+06 , 585939
-831112 , -1.73108e+06 , 794652
2.37005e+06 , -1.5332e+06 , 749615
-1.18658e+06 , 1.22119e+06 , 72775.5
-1.25926e+06 , 839090 , 1.70413e+06
-1.52372e+06 , -250987 , 1.40117e+06
623716 , -1.78624e+06 , 1.27243e+06
836880 , 209637 , -1.70645e+06
-1.01988e+06 , -458006 , -1.56589e+06
1.71454e+06 , 855230 , -600532
290636 , 229206 , -136205
1.03828e+06 , -644136 , 516245
-560219 , 458142 , 1.66699e+06
1.12469e+06 , -980983 , 610530
-706200 , -464474 , 1.32525e+06
-1.4037e+06 , 794618 , -631628
-1.57694e+06 , 312496 , 1.12315e+06
-348141 , 582590 , 1.56755e+06
1.29527e+06 , -1.37138e+06 , -1.65789e+06
709552 , 142075 , 11923.9
-1.63675e+06 , -463544 , 839681
-307106 , -48641.9 , -2.12373e+06
526134 , 1.8292e+06 , 1.68047e+06
1.83087e+06 , -32977.7 , 437285
43367.4 , -227702 , -1.64078e+06
-78004.3 , -533281 , 1.4278e+06
-1.09322e+06 , -2.99767e+06 , 665268
-642049 , 470874 , 1.63176e+06
-1.04298e+06 , -605071 , -195037
-1.61686e+06 , -1.15543e+06 , 618404
-1.31407e+06 , -1.85765e+06 , 360175
538834 , -2.10254e+06 , 2.34963e+06
820253 , -303120 , -540643
-1.43818e+06 , 110785 , 1.35946e+06
1.796e+06 , -177506 , -195747
264786 , -455394 , 862165
1.11543e+06 , -246408 , -512538
272646 , -338129 , 195311
-553956 , 379747 , -98475.1
-648371 , -120500 , 3.18442e+06
-73909.8 , 1.86568e+06 , 1.57743e+06
150739 , 712634 , 1.23484e+06
1.14728e+06 , -1.09026e+06 , 6330.49
-1.17556e+06 , 1.71916e+06 , -705594
-437177 , -856582 , 953090
-219244 , -34552.2 , -181276
246610 , 1.85114e+06 , 1.87283e+06
-507773 , -864422 , 1.12549e+06
528112 , 1.3619e+06 , 215766
-1.97772e+06 , -362260 , 470701
-263613 , 531138 , 1.77607e+06
1.17803e+06 , 1.82513e+06 , -1.16178e+06
-892151 , -1016.8 , -533684
796582 , -1.21599e+06 , -402503
611082 , 545914 , -911779
-518463 , -485157 , -1.66157e+06
-1.48157e+06 , -1.03419e+06 , 1.07098e+06
-1.903e+06 , -108490 , 2.30173e+06
388373 , -2.68766e+06 , 2.2338e+06
-1.61406e+06 , -771307 , -76966.9
-577898 , 709572 , -298331
221157 , 760072 , 515029
-1.80083e+06 , 404100 , 1.133e+06
50364.7 , 764689 , -1.03732e+06
569750 , 207335 , 456657
642533 , -1.60899e+06 , 239722
531538 , 922711 , 722572
-174406 , 431547 , -1.4577e+06
-649173 , -225600 , 642521
-230648 , -457784 , 1.5123e+06
390015 , -315275 , 1.79282e+06
2.5912e+06 , 88787.3 , -1.23202e+06
59396.1 , -1.65057e+06 , 52934.4
-1.22563e+06 , -1.36241e+06 , 247089
-150646 , -1.05964e+06 , 2.05458e+06
-234855 , 1.12093e+06 , 1.14478e+06
-475543 , 1.72701e+06 , 305538
1.34454e+06 , 1.65198e+06 , 324466
1.49338e+06 , -1.81133e+06 , 270524
1.16659e+06 , 522587 , -1.10871e+06
537819 , 963152 , -1.39463e+06
569992 , 531424 , 1.01898e+06
1.00307e+06 , 650714 , -243968
-1.45719e+06 , -551648 , 1.26009e+06
-2.19474e+06 , 375084 , -680644
-829491 , 1.409e+06 , -481101
982134 , -616635 , 170758
134544 , -1.26124e+06 , -525695
1.45987e+06 , 1.05455e+06 , -1.53456e+06
-753106 , -1.30735e+06 , 1.95762e+06
-376838 , -91812 , -220487
234683 , -1.30399e+06 , -486200
-54894.3 , -540866 , -850570
611589 , 548023 , -1.66295e+06
1.36868e+06 , 49590.7 , -338342
-1.20346e+06 , 647964 , -208530
1.34912e+06 , 80765.9 , -625587
-1.55204e+06 , -1.27515e+06 , -609673
574041 , 797882 , -1.57784e+06
-1865 , 32250.2 , 237186
-540943 , 804868 , 1.80053e+06
515733 , 338517 , -139570
-263067 , 737847 , 614686
-1.00388e+06 , 1.96931e+06 , 511582
1.63479e+06 , -120381 , -811570
-556828 , -332399 , 156429
-1.20682e+06 , 1.10398e+06 , -546126
-1.45832e+06 , 263369 , -314268
-1.46141e+06 , -984276 , 2.0636e+06
1.43033e+06 , 886928 , -1.57701e+06
900001 , 732521 , 543385
-506916 , -1.22116e+06 , 706150
1.54568e+06 , -1.19061e+06 , 520607
1.52875e+06 , 618128 , 53976.5
684293 , 212699 , 1.74741e+06
-434892 , -1.14731e+06 , -570341
-1.5718e+06 , -560193 , 1.8608e+06
-94910.8 , 315289 , 1.04232e+06
1.67535e+06 , -462485 , 1.13759e+06
1.54709e+06 , 662158 , 1.13682e+06
959911 , -210578 , 234591
-1.22762e+06 , 1.16105e+06 , 203195
-679439 , 47297.5 , -1.35389e+06
-449409 , -1.21932e+06 , 1.83339e+06
-1.02318e+06 , -725484 , -362933
979463 , 27537.8 , -140877
416953 , -355669 , 3.03315e+06
-1.17926e+06 , -1.26506e+06 , 901050
-2.10468e+06 , -507658 , 436228
840280 , -1.91405e+06 , 745239
-1.14859e+06 , 1.81892e+06 , 470404
-1.70432e+06 , -778437 , 753178
-479651 , -353369 , 2.94604e+06
213434 , -1.25718e+06 , -671072
2.2364e+06 , 1.20002e+06 , 1.8246e+06
956803 , 119539 , 900920
640682 , 512203 , -140233
-1.06688e+06 , -903339 , 1.4004e+06
-2.65865e+06 , -950682 , 414791
-414979 , -1.45488e+06 , -717381
568101 , -181310 , -1.51327e+06
1.09786e+06 , 824789 , -402015
-319170 , -1.58253e+06 , 390009
-396316 , 2.7603e+06 , -264170
995794 , 1.68388e+06 , -622150
1.56842e+06 , -279951 , -704401
922546 , 179488 , 938918
-803270 , -630626 , 1.85032e+06
-261083 , -438174 , 572064
-1.31701e+06 , 1.90265e+06 , 386728
1.06208e+06 , -10091 , -195808
-328564 , 1.27179e+06 , 1.21603e+06
1.27821e+06 , -2.14824e+06 , 704829
-50916.3 , 1.6997e+06 , -246845
-805683 , -1.94345e+06 , 1.8894e+06
-276669 , -125169 , 773898
-865844 , 2.53201e+06 , -596748
-687950 , 2.09789e+06 , -169121
729156 , 1.74154e+06 , 2.40111e+06
74306.3 , -1.25131e+06 , 829046
-597998 , -1.96372e+06 , -1.06994e+06
587137 , -958677 , 88149.4
997845 , 795679 , 989061
-2.40833e+06 , -759933 , -440401
248099 , 449906 , -717060
1.06803e+06 , 1.66215e+06 , -343163
-1.0853e+06 , 944968 , 2.56377e+06
-1.88058e+06 , -68294.5 , 926624
-43083.9 , 205204 , -428968
597111 , 1.79196e+06 , 394169
-166222 , -1.7672e+06 , -440676
1.15261e+06 , 251210 , -883969
425149 , -1.60051e+06 , 1.03162e+06
149718 , -1.63763e+06 , -35880.3
744735 , 562764 , -253229
1.22011e+06 , 41513.3 , -833955
1.32334e+06 , -958030 , -1.09253e+06
160047 , -1.63809e+06 , -749300
-780091 , -1.88313e+06 , 760771
1.48626e+06 , 247144 , -1.32608e+06
-1.20357e+06 , 1.27963e+06 , -953803
-1.65575e+06 , -1.92144e+06 , 174542
-669576 , 1.24255e+06 , 157587
-506305 , 119448 , 267141
590641 , 395188 , 1.55263e+06
933087 , -657123 , 244770
227623 , 1.12689e+06 , -1.04356e+06
786069 , 1.46488e+06 , -1.00507e+06
-1.71922e+06 , -626070 , 128935
1.38494e+06 , -755799 , -15128.3
866677 , 1.47628e+06 , -96437.6
-421237 , 66591 , -41004.4
118223 , -231550 , -1.51947e+06
-271398 , 1.2039e+06 , 1.53935e+06
-733402 , -1.50406e+06 , -474654
-714672 , -886666 , 11335
-774969 , -1.00674e+06 , -191073
683097 , 370453 , -168084
-1.50137e+06 , -1.13097e+06 , -263669
-1.51158e+06 , -911973 , -1.64309e+06
-854113 , -167905 , 1.6359e+06
-807070 , 1.78758e+06 , 607685
1.60902e+06 , 407057 , 2.06733e+06
-1.01408e+06 , 725740 , 822584
867043 , 1.40958e+06 , -1.66903e+06
-190876 , -606973 , -696694
269952 , 989892 , 163811
435273 , -1.05342e+06 , -1.30915e+06
-718072 , -35051.2 , 653965
-746741 , -794926 , 659350
-48373.1 , -90207.6 , 104294
-1.44582e+06 , -96878.3 , 582442
-2.28876e+06 , 1.221e+06 , 652121
-1.20138e+06 , -48764.5 , 903534
-1.1019e+06 , 253146 , 1.90403e+06
-831188 , -1.13372e+06 , 1.1937e+06
1.6919e+06 , -350900 , 682413
488206 , -276289 , 753804
-481927 , -1.17323e+06 , 1.46915e+06
-1.31906e+06 , -840116 , -959855
-56129.9 , 1.25489e+06 , -755079
-576786 , 616769 , 283373
1.74871e+06 , -665106 , -1.57989e+06
-927877 , -73551.3 , -1.24988e+06
-504844 , 891010 , 1.45926e+06
132875 , -768230 , -1.00576e+06
434790 , 1.96267e+06 , 901350
-151700 , 1.3829e+06 , 2.04686e+06
-805458 , 1.14203e+06 , -948546
730575 , -1.08903e+06 , -201557
-333018 , 1.09483e+06 , -1.8122e+06
155727 , 2.45449e+06 , 791853
2.14139e+06 , -695390 , 1.63007e+06
155045 , 1.06112e+06 , -465078
-702969 , 563295 , 2.30785e+06
442556 , 1.81615e+06 , 421466
-154294 , 1.57963e+06 , -529443
-289756 , -1.86808e+06 , -1.08823e+06
510318 , -1.44689e+06 , 532288
231785 , 2.00295e+06 , -1.69968e+06
-1.51265e+06 , 703041 , 2.10833e+06
1.05837e+06 , -1.0466e+06 , -88466.5
879144 , 1.40688e+06 , -530198
-1.38104e+06 , 620450 , -477482
876699 , 930714 , -2.03725e+06
76665.9 , 43992.2 , 479099
364872 , -1.06984e+06 , 1.05464e+06
847827 , -99349.5 , 1.12253e+06
-117085 , -392707 , -79576.9
1.69443e+06 , 255249 , 280439
-839931 , 451958 , 1.52178e+06
-195716 , -1.89872e+06 , 80735.1
-796256 , 141487 , -1.55383e+06
2.25289e+06 , -698471 , 853996
-20409.4 , 788596 , 491737
778490 , 589656 , 1.34098e+06
-1.64323e+06 , -1.60158e+06 , -701767
-1.48444e+06 , 504771 , 87416.3
-298581 , -1.38165e+06 , 459951
959891 , -227352 , 942385
-237722 , -1.6434e+06 , -1.8051e+06
-955128 , -755319 , -1.0214e+06
1.19506e+06 , 1.96634e+06 , -338112
-69033.2 , -644290 , 251116
-193530 , 1.72762e+06 , 141103
309358 , -2.03197e+06 , 1.12135e+06
1.23723e+06 , 989870 , -2.30781e+06
-2.00408e+06 , -1.54443e+06 , 952192
1.38413e+06 , -1.06909e+06 , 535178
180296 , -521929 , 1.64649e+06
472213 , 1.10667e+06 , -393800
2.0878e+06 , 578199 , 1.95562e+06
-721399 , 1.98388e+06 , 19002.5
31649.3 , 529700 , 693684
229296 , -253944 , 123975
520724 , -881481 , 1.15321e+06
1.15113e+06 , -608607 , -1.70208e+06
-859083 , -310551 , -615470
135920 , 1.12827e+06 , 1.65582e+06
-303891 , -243954 , -761255
-1.28262e+06 , -282138 , -1.06429e+06
-347035 , 625872 , 1.69883e+06
-1.51642e+06 , 460878 , -837968
-79195.6 , -454847 , 1.07979e+06
225007 , -1.19782e+06 , -1.15941e+06
-602220 , 1.48321e+06 , -952525
216926 , 138559 , -1.68571e+06
-1.13184e+06 , -1.32467e+06 , -1.00532e+06
-1.15406e+06 , 465745 , -843163
2.08338e+06 , -255399 , -428300
-1.42101e+06 , 953865 , 1.07258e+06
1.12274e+06 , 906023 , 1.23246e+06
1.17726e+06 , -288648 , 625405
2.10388e+06 , 351009 , 54814.1
-1.23783e+06 , -647598 , 2.10811e+06
2.58693e+06 , 479854 , 343830
905794 , 1.07019e+06 , 1.35545e+06
1.48818e+06 , -56333.2 , -825530
-832138 , 1.51643e+06 , 818104
1.02101e+06 , -427884 , 519825
-1.20878e+06 , 1.37511e+06 , -138074
1.46015e+06 , -1.21602e+06 , -987778
-1.19054e+06 , -245159 , 680735
-1.00012e+06 , 56618.4 , 1.22383e+06
-741739 , -369083 , 724133
-475013 , 175156 , 2.1503e+06
-811997 , -398934 , -591739
808618 , -1.28262e+06 , -574614
-284697 , 1.34687e+06 , 2.03535e+06
-459900 , 366083 , 1.94313e+06
137521 , 183445 , 1.01716e+06
1.00874e+06 , 640779 , 1.49002e+06
-538176 , 1.23253e+06 , -1.4774e+06
-108806 , -2.0844e+06 , -60752.8
1.01709e+06 , -367662 , -65588.9
564254 , -1.30359e+06 , 1.97844e+06
870414 , 1.25261e+06 , 1.9347e+06
-1.69891e+06 , -495627 , 587842
1.3952e+06 , 2.56516e+06 , 1.43973e+06
55433 , -1.19279e+06 , 434385
-615226 , 1.19562e+06 , -134557
829587 , -1.13466e+06 , -780050
767367 , 880595 , -1.46659e+06
613335 , 877162 , 1.3528e+06
-740103 , -319734 , -293522
635121 , -26428.9 , -223499
1.01166e+06 , -226815 , -857454
-808449 , 1.77322e+06 , 733559
-783404 , -1.45501e+06 , -201979
-1.53148e+06 , 613922 , -1.47213e+06
2.25441e+06 , -1.22457e+06 , 178229
710352 , -741418 , -188295
-328121 , -600470 , -105027
1.23302e+06 , -907090 , 964373
-2.07031e+06 , 354486 , 1.501e+06
27345.2 , -667125 , 1.55882e+06
857594 , 683900 , -827356
-186465 , 1.57118e+06 , 699107
-286246 , -2.42668e+06 , 605274
2.11551e+06 , 996545 , 1.52964e+06
164423 , 626968 , 1.50025e+06
-1.48882e+06 , -1.42184e+06 , 433817
1.02472e+06 , 1.54523e+06 , 1.54094e+06
-873272 , -1.46485e+06 , 234555
1.05173e+06 , -492741 , -171662
9315.23 , -1.42739e+06 , -642786
-1.30145e+06 , 1.0034e+06 , 1.24063e+06
1.72235e+06 , -690407 , -1.41097e+06
327620 , -1.86077e+06 , 558107
-1.0649e+06 , -797649 , 1.45978e+06
-537231 , 8405.57 , 1.52484e+06
1.08475e+06 , 253570 , 1.73638e+06
-327496 , 1.38532e+06 , 1.2699e+06
1.25737e+06 , 1.63574e+06 , -361747
187662 , 1.29894e+06 , -1.08028e+06
-1.09303e+06 , 1.81189e+06 , -167150
498703 , -1.06649e+06 , 666653
390576 , 43140.4 , 525863
-712016 , -94812.5 , -200187
-210355 , -778479 , 759026
324754 , -535171 , -769822
-8247.28 , 952431 , -503994
-1.88933e+06 , -1.31575e+06 , 1.31293e+06
-419879 , -1.51545e+06 , 1.11161e+06
414678 , 1.05072e+06 , 1.40951e+06
709519 , 989119 , 89432.2
739514 , -919330 , 353553
1.15369e+06 , -1.10935e+06 , -1.27368e+06
-506277 , 144594 , -287347
2.44527e+06 , -520240 , 919602
-907508 , -607324 , 1.02181e+06
1.51268e+06 , 1.53436e+06 , -581336
1.13555e+06 , -1.2285e+06 , -363649
-798537 , -605882 , 668507
613991 , 497202 , 96831.1
908278 , 525235 , -1.68003e+06
-288198 , 1.16092e+06 , 1.71747e+06
1.10543e+06 , -313866 , -178429
49055.6 , 1.10677e+06 , 72218.7
-657250 , 964224 , -114506
8073.81 , 1.13006e+06 , -638929
693178 , 36961.8 , 764091
403428 , 1.73254e+06 , 695364
1.36974e+06 , 1.14216e+06 , -374356
2.0131e+06 , -1.01406e+06 , 111334
1.02719e+06 , 1.12653e+06 , 1.67166e+06
-1.80416e+06 , -356400 , 2.10737e+06
1.0565e+06 , 861947 , -334920
828360 , -984656 , -718661
1.69385e+06 , -118402 , -35137.2
1.52303e+06 , 852969 , 777670
-202927 , 782357 , -1.2362e+06
1.05479e+06 , 1.60347e+06 , 123558
-762842 , 2.07001e+06 , 1.82227e+06
-818374 , -239454 , 599953
-175589 , 766401 , 36642
336971 , -461008 , 2.20647e+06
-211584 , -727888 , -1.08385e+06
-1.94838e+06 , 2.01959e+06 , -624861
240779 , -404144 , -453994
196699 , -1.66285e+06 , 984441
-649144 , -1.05991e+06 , 1.87507e+06
-323218 , 1.96354e+06 , 1.47799e+06
-1.26475e+06 , 749136 , 830719
-1.69894e+06 , -837773 , -47665.3
-667838 , 1.83587e+06 , -1.60547e+06
-327292 , -1.00062e+06 , 892209
-1.29e+06 , -1.54657e+06 , 1.48127e+06
967098 , -160601 , 952586
-1.77363e+06 , -348618 , -432945
1.1352e+06 , 1.47845e+06 , 872886
-1.08238e+06 , 592323 , 1.04896e+06
-1.20468e+06 , -2.13969e+06 , 416673
-748130 , -325105 , -563422
97786.1 , -675750 , -1.94813e+06
1.67126e+06 , 351646 , 1.63121e+06
168965 , 2.06316e+06 , -363291
2.12448e+06 , 383661 , -163497
1.3251e+06 , -1.70576e+06 , -246840
-1.08672e+06 , 1.43219e+06 , 1.33913e+06
850908 , -2.54249e+06 , 598241
1.88233e+06 , -848218 , 857605
1.47432e+06 , -608555 , 695006
660873 , 994150 , 100044
-108030 , -552744 , -1.41047e+06
-1.49905e+06 , -644438 , -134770
385349 , 52474.6 , 1.10106e+06
1.36269e+06 , -268395 , 154935
1.27553e+06 , 1.14238e+06 , 1.67998e+06
105943 , -280711 , -27663.6
-1.47384e+06 , 1.18519e+06 , 1.27462e+06
655306 , 1.16958e+06 , 1.44887e+06
-487695 , -1.3342e+06 , -382810
-799557 , -736022 , 301294
790086 , -1.38793e+06 , 308062
-1.50786e+06 , -306752 , 157457
-444050 , 2.22082e+06 , 642844
-1.54059e+06 , -599078 , -792127
170764 , -1.01264e+06 , 607341
1.61932e+06 , 451381 , -690426
658157 , 1.60388e+06 , -486846
520987 , -801511 , 651642
401087 , -96168.1 , 912243
1.42387e+06 , -1.52879e+06 , 1.02715e+06
1.66567e+06 , 1.12469e+06 , -253526
-1.01017e+06 , -25010.1 , -380715
-1.14646e+06 , -296045 , -829372
-1.54235e+06 , -1.42306e+06 , -1.08635e+06
-1.15398e+06 , 1.60812e+06 , -36523.9
-48534.1 , -915108 , -1.54439e+06
524799 , 68477.6 , 1.35865e+06
30516.5 , -1.40478e+06 , -1.28955e+06
-959415 , -1.70757e+06 , 828779
-683749 , 1.00906e+06 , 651827
1.31833e+06 , -609857 , 647027
1.06862e+06 , 1.52434e+06 , 247369
-1.66428e+06 , -454148 , 1.21111e+06
-2.22432e+06 , -453501 , 1.76292e+06
-1.95188e+06 , 453222 , 11516.6
157625 , -1.58124e+06 , -566006
1.88196e+06 , 87341.9 , 573645
-660260 , 1.40527e+06 , 328227
-810022 , 1.72329e+06 , 1.49113e+06
818258 , -798686 , -644214
242256 , 1.69682e+06 , 781864
-1.12072e+06 , 170334 , 891991
1.99152e+06 , -362612 , -448000
1.13666e+06 , -895980 , -1.48567e+06
-828386 , -741651 , 914525
-1.11161e+06 , -862383 , 172390
-63363 , 1.83428e+06 , 136281
-357696 , -946881 , -1.13273e+06
-792615 , -66092.9 , -882060
481530 , 457320 , 1.53488e+06
-367945 , 1.40203e+06 , 1.78997e+06
-1.42669e+06 , -529625 , 984407
-585752 , 132480 , -380400
-1.38937e+06 , -473802 , 462780
-628378 , -960636 , 503119
896026 , 410199 , -2.11847e+06
-284483 , -222734 , -1.55796e+06
-283286 , -1.09667e+06 , 1.16419e+06
53490.4 , 250527 , 265219
1.35045e+06 , -1.28003e+06 , 509245
351389 , -584244 , 842385
-654529 , -27737 , 680387
-43432.3 , -222264 , 1.43354e+06
-114906 , 353103 , 2.44221e+06
1.68715e+06 , 264606 , 1.58595e+06
-170382 , -1.40496e+06 , 1.35612e+06
1.81155e+06 , -1.08625e+06 , -69808.2
1.88805e+06 , -1.39032e+06 , -1.75793e+06
-685767 , -159299 , 1.76948e+06
383812 , 1.86194e+06 , 2.08386e+06
230314 , 2.20889e+06 , 1.17969e+06
1.51945e+06 , -1.37379e+06 , -2956.38
-268230 , 1.06659e+06 , -1.5657e+06
917706 , 323874 , 350568
-677738 , 629805 , -1.0901e+06
-202444 , -226194 , 600655
949742 , -953648 , 2.25253e+06
2.02549e+06 , -51489.4 , -75134.1
-1.42959e+06 , 642865 , 201996
1.25483e+06 , 886466 , -1.27059e+06
-71583.7 , 377790 , -1.25436e+06
1.63271e+06 , -592552 , -1.21503e+06
-359947 , -1.59996e+06 , 1.85459e+06
65094.8 , 1.26827e+06 , 28580.6
180291 , 786035 , -702717
858460 , 333029 , -1.27418e+06
-589096 , -370528 , 757898
-1.68302e+06 , -17259.5 , 1.10546e+06
936331 , 1.1146e+06 , 1.23129e+06
-524601 , -1.85212e+06 , 1.55019e+06
-1.37003e+06 , 540349 , 1.25615e+06
747698 , -162025 , 1.46884e+06
-1.54825e+06 , -863494 , -86917.7
-1.21151e+06 , -1.62965e+06 , 1.59009e+06
-527599 , 906338 , -948314
1.42483e+06 , -1.00975e+06 , 1.4352e+06
676289 , -188987 , -411519
422347 , -2.336e+06 , -1.25793e+06
1.1138e+06 , -1.47208e+06 , -55471.2
523900 , -92026 , -1.61906e+06
-621432 , -82984.1 , 2.98769e+06
-1.14804e+06 , 418716 , 1.21371e+06
-344876 , -522736 , -1.4146e+06
1.10571e+06 , 872199 , 1.2961e+06
663705 , -308879 , 1.72396e+06
779779 , -337095 , -957945
361784 , 2.00332e+06 , 1.49304e+06
739670 , 15277.8 , 606257
-1.22473e+06 , 718427 , -60398.2
128072 , 1.27742e+06 , 577861
-1.2064e+06 , 1.26636e+06 , 109847
1.1939e+06 , -102764 , -1.28085e+06
776776 , 6278.12 , -161043
414672 , -204540 , 1.57167e+06
1.24051e+06 , -100535 , 144754
777618 , -2.03561e+06 , 591521
579172 , 2.27447e+06 , -1.33512e+06
-1.4165e+06 , -142845 , -1.15689e+06
-99626.1 , 492415 , 770052
14224.6 , -73514.5 , 1.12777e+06
-389508 , 1.50668e+06 , 959798
618086 , -1.30626e+06 , 242740
1.20639e+06 , -1.13842e+06 , 1.6725e+06
1.1651e+06 , -463006 , 1.32549e+06
-811765 , -414299 , 229257
-270632 , 397652 , 1.47311e+06
1.51592e+06 , 332655 , 913176
-576947 , 1.28534e+06 , 2.42365e+06
582959 , 1.08861e+06 , 733627
-1.11895e+06 , -1.22145e+06 , -1.02669e+06
674573 , 1.13246e+06 , 389333
-1.00629e+06 , 270729 , 106256
-196861 , -509727 , 1.16176e+06
321721 , 441987 , 2.4294e+06
-109769 , 722122 , 526243
1.1718e+06 , 231921 , -1.23394e+06
630714 , -454204 , 1.22024e+06
-190887 , 1.18997e+06 , 1.60922e+06
-1.24941e+06 , 1.16081e+06 , 188869
1.43056e+06 , 79028.2 , 1.11558e+06
-855146 , -351132 , 142835
839347 , -365179 , 369597
448941 , 1.35869e+06 , 902795
-1.46143e+06 , 896135 , -1.30773e+06
688081 , 258497 , 1.38334e+06
1.14588e+06 , 229501 , 1.96048e+06
-1.10942e+06 , 705798 , 51449.5
-664967 , 84782.8 , 1.52166e+06
-160450 , -1.5893e+06 , 289191
1.0658e+06 , -1.35803e+06 , -743988
-1.82251e+06 , -915480 , 112279
-858146 , 509067 , 61361.2
-799602 , 396142 , 1.28675e+06
789602 , 815657 , -560677
1.28826e+06 , -1.49952e+06 , 563824
431091 , 1.17567e+06 , -525464
880306 , -1.43211e+06 , -498323
569357 , 512918 , -2.62781e+06
-115059 , -598869 , -397809
-1.19251e+06 , -1.12083e+06 , -1.03646e+06
-895114 , -119050 , -689281
-1.3066e+06 , 1.04265e+06 , 378602
361956 , 1.94578e+06 , -565519
1.20363e+06 , 1.43713e+06 , 117911
-1.80806e+06 , 1.2438e+06 , -1.00568e+06
710594 , -784602 , -1.07876e+06
-750837 , -437193 , -410327
-1.06292e+06 , 281727 , 841464
109657 , -559426 , -1.12059e+06
-1.59891e+06 , -401629 , -44240.9
330390 , -670183 , 580856
-439922 , -449117 , -576323
1.56587e+06 , -139120 , 1.46573e+06
334302 , 994939 , -132701
-1.07436e+06 , 1.33518e+06 , -957650
-1.82195e+06 , 2.1676e+06 , -1.50511e+06
797722 , -1.89342e+06 , -681232
555803 , 1.97578e+06 , 837342
1.31787e+06 , 1.10877e+06 , 854076
-355444 , 1.42239e+06 , 645593
744395 , -1.05739e+06 , 1.44708e+06
307246 , -1.94264e+06 , 1.04618e+06
635355 , -432283 , -1.43648e+06
-491560 , 566935 , 1.75131e+06
1.81019e+06 , 457502 , -998078
825822 , -425669 , -1.2957e+06
-539720 , -1.0673e+06 , 159005
269579 , 496107 , 1.29998e+06
302131 , -478272 , -904685
-1.29714e+06 , -1.59455e+06 , 948104
-1.58697e+06 , 690749 , 357480
1.12452e+06 , 945298 , 894990
-1.57835e+06 , 216176 , 437346
141610 , 793924 , -927925
237771 , -1.95164e+06 , -138948
1.50082e+06 , 703092 , 146660
-863337 , 298004 , 1.50663e+06
-1.07536e+06 , 311085 , 109520
1.62425e+06 , 282236 , 1.04582e+06
46786.9 , -463278 , -793528
64683 , -1.4186e+06 , 38565.6
-974457 , -1.24991e+06 , 497378
1.31193e+06 , 933366 , -1.77867e+06
1.60132e+06 , 530869 , -562769
24860.4 , -182203 , -1.08371e+06
625659 , -987715 , -803617
-342813 , -1.66484e+06 , 36860
-51852.2 , -31363.5 , -274457
1.25292e+06 , 686034 , 1.1028e+06
-664911 , 210392 , 1.12078e+06
1.21658e+06 , -484484 , -676390
-283189 , -553983 , -487837
1.284e+06 , 868958 , 47418.7
-774312 , 1.39167e+06 , -594647
-1.64964e+06 , 1.09074e+06 , -304235
-624013 , -594429 , 549507
110748 , 200574 , -1.56254e+06
-763670 , 1.09949e+06 , -158261
1.04168e+06 , 402180 , 922452
1.70906e+06 , 402939 , -214654
-172606 , -2.29463e+06 , -429559
-1.32164e+06 , -321560 , -449050
868597 , -377174 , 1.90407e+06
601289 , -1.49837e+06 , 407480
-162534 , -1.68951e+06 , 458885
-1.48911e+06 , 293025 , 1.13089e+06
-449510 , 51670.4 , 1.85997e+06
-583245 , 2.12014e+06 , 15622.3
-486179 , 1.31628e+06 , 841462
-960516 , 287595 , -268800
1.05205e+06 , 187786 , 381120
499971 , -162880 , 2.05885e+06
-2.14013e+06 , -732433 , 745969
-203278 , 1.25908e+06 , -442834
-220824 , 796447 , -660909
-910219 , 1.47379e+06 , -2.2497e+06
-1.42735e+06 , 1.5423e+06 , -893021
224824 , 869512 , 1.56816e+06
1.33518e+06 , 36246.5 , -2.05483e+06
540918 , 1.19434e+06 , 513739
-37777.8 , -1.13326e+06 , -1.47374e+06
1.76653e+06 , -423725 , 570247
1.48233e+06 , 1.03622e+06 , -1.13321e+06
1.01872e+06 , -1.37996e+06 , -872590
1.46784e+06 , 603870 , 478862
-2.06478e+06 , -180787 , -2.55887e+06
-683381 , 2.52881e+06 , -656831
588771 , -669970 , 1.29946e+06
1.96385e+06 , 49316.4 , -213883
14162.4 , -1.92953e+06 , 148.287
-1.43699e+06 , -567333 , 1.4006e+06
1.99672e+06 , -278696 , 480590
-1.26976e+06 , -1.82374e+06 , 2.10581e+06
-1.7552e+06 , 1.46016e+06 , 406404
41952 , -561580 , -171648
1.82521e+06 , 1.68769e+06 , -443193
-885568 , -673714 , -992303
-1.02201e+06 , -686777 , -1.46921e+06
-228242 , 1.14742e+06 , 864645
1.52553e+06 , -1.7035e+06 , -922917
107176 , -1.83044e+06 , 1.12594e+06
-1.75663e+06 , 311153 , 86205.1
-988816 , -237419 , -2.16638e+06
-1.95553e+06 , 85066.7 , 97238.2
-68463.6 , -880584 , 827436
1.70775e+06 , 327227 , 454869
685297 , 626857 , -722346
-1.75027e+06 , 8384.33 , 688627
170322 , -1.6145e+06 , 488162
-31740.3 , 1.22704e+06 , 606736
1.17879e+06 , 1.24795e+06 , 99227.2
1.10899e+06 , -960139 , 130661
-139464 , -50820.6 , -977872
2.66074e+06 , 611387 , 1.90302e+06
-299935 , -886645 , 2.04662e+06
604518 , 380289 , -2.22e+06
-482293 , 930932 , -204375
-272834 , -800467 , 83872.3
-728076 , 775305 , 895763
-532689 , 144979 , 1.03379e+06
567212 , 781971 , 418871
-1.0858e+06 , 1.20334e+06 , 876458
934951 , 202474 , 193058
712468 , 514299 , 1.1991e+06
648562 , -1.34437e+06 , 322292
390720 , 414359 , -1.77255e+06
739199 , 1.45128e+06 , 856225
1.28407e+06 , 297246 , 562919
-106602 , 140498 , 1.07096e+06
93710.5 , 231280 , 1.38091e+06
-1.11495e+06 , -575887 , -125601
131337 , 883124 , -1.76368e+06
515057 , -965299 , 2.04751e+06
-224850 , -186551 , -417491
1.21431e+06 , 454309 , 1.35839e+06
1.24319e+06 , 124494 , 1.23187e+06
374725 , -14657.7 , 571214
-356218 , -250263 , -1.08909e+06
-220368 , -53065.9 , -1.10171e+06
-1.47104e+06 , 154934 , 657020
-773149 , 113079 , -1.36187e+06
-1.72088e+06 , 135848 , 456720
-715223 , -243116 , 481018
-321198 , 885409 , -2.02788e+06
2.59759e+06 , -663896 , 428553
438226 , 1.9948e+06 , -693727
855281 , 506926 , -872510
-1.34192e+06 , -901784 , 149771
-704484 , 1.5139e+06 , -227218
-1.65092e+06 , -1.22726e+06 , 1.40125e+06
-53084.8 , -814636 , -110481
-1.99789e+06 , 2.06804e+06 , 899887
-724147 , 857578 , 1.85092e+06
1.28171e+06 , -873344 , 6270.49
1.51346e+06 , 717888 , 559939
-98159.2 , -681977 , -1.30632e+06
-363961 , -152770 , 1.94726e+06
-1.78603e+06 , 423376 , 1.2376e+06
591706 , 1.06654e+06 , 370186
54947.4 , 1.8183e+06 , -1.326e+06
-1.53751e+06 , 1.30444e+06 , 1.62174e+06
625082 , 448578 , 1.73466e+06
1.86611e+06 , -795571 , 162181
679871 , -319442 , 147512
-761711 , 1.64599e+06 , -1.46606e+06
-1.60216e+06 , -44560.2 , 287147
360110 , -346015 , 694238
2.00861e+06 , -57088.3 , 921390
-1.0856e+06 , 108205 , 1.16837e+06
892848 , -893301 , 667958
62028.2 , 2.22987e+06 , 1.64627e+06
158670 , 1.08805e+06 , -66957
-352341 , -640129 , -1.30051e+06
-1.4355e+06 , 149762 , 929080
1.7689e+06 , 793738 , -1.61562e+06
175593 , 1.36983e+06 , 80742.7
2.51141e+06 , -42320.5 , 861315
-1.35387e+06 , -271756 , 1.14623e+06
-984730 , -1.183e+06 , -649212
-205955 , 946911 , 1.98068e+06
-869208 , 639962 , -90750.6
-427600 , -616492 , -2.21682e+06
-1.68867e+06 , -1.36133e+06 , -9775.36
424949 , 756044 , 878932
1.19728e+06 , -597568 , -1.25262e+06
-1.39789e+06 , -760676 , 499658
703740 , 1.12794e+06 , -756715
-939338 , 486914 , 2.27642e+06
904032 , 1.40951e+06 , 900143
-1.20111e+06 , -169216 , 1.32252e+06
-1.23182e+06 , 861304 , -123816
-155917 , -72317.2 , -60566.9
1.18815e+06 , 59622.7 , 254116
-2.2913e+06 , 813127 , -188225
1.19476e+06 , -371172 , 1.22831e+06
712785 , 715234 , -585265
-52596.3 , -943619 , 1.68508e+06
2.71077e+06 , -179604 , 272915
-240738 , 1.27938e+06 , -1.06034e+06
1.01779e+06 , -597756 , 1.65989e+06
638758 , 53822 , -519720
-1.47863e+06 , 93393.4 , 1.2055e+06
-2.40758e+06 , 960149 , -942511
851395 , 648129 , 1.25604e+06
-1.38801e+06 , -134901 , 762822
-584172 , -691711 , 334938
-1.74987e+06 , 357650 , 1.35749e+06
-902188 , 337777 , -78706.5
-127658 , 383815 , -554757
1.57325e+06 , -2.22755e+06 , 1.36579e+06
410863 , 49954.3 , -1.49863e+06
-965508 , -390597 , -723336
152723 , 167727 , 788692
332143 , 185726 , 2.64458e+06
-2.04653e+06 , 1.13826e+06 , 644646
1.44359e+06 , 158276 , -124617
1.44405e+06 , -691583 , 297806
351094 , -922271 , 636218
-1.57529e+06 , 1.48012e+06 , 1.32637e+06
1.4086e+06 , -1.30108e+06 , 392186
-479309 , 709582 , -355679
122137 , 1.33543e+06 , -30487.9
664138 , 1.76019e+06 , 181783
-612729 , 712727 , 627913
-281177 , 316144 , 358431
-1.04491e+06 , 826557 , -606594
-434652 , 1.55824e+06 , 255463
1.16327e+06 , -360283 , -777193
1.36785e+06 , 1.51218e+06 , 330242
-430613 , 918920 , 748368
504686 , -1.31425e+06 , 292279
-747977 , 1.96233e+06 , -1.4001e+06
316806 , -1.37496e+06 , -351883
595316 , 544795 , 1.44223e+06
-220724 , -2.16793e+06 , -341141
-399637 , -50372.4 , -1.23497e+06
2.37035e+06 , -15092.9 , 998747
-68869.7 , 711343 , 2.29432e+06
-118553 , 1.65667e+06 , 905475
2.31992e+06 , 1.04666e+06 , 279225
1.9935e+06 , -1.01702e+06 , 100792
777887 , -1.60258e+06 , 761476
-316690 , 1.94905e+06 , 1.21352e+06
216651 , -142736 , 345812
941270 , -481547 , 2563.58
-27172.7 , -91400.6 , 50662.3
-1.01238e+06 , 591744 , 1.5401e+06
723703 , 882084 , 661426
22591.2 , 119759 , -290975
1.06631e+06 , 547572 , -5821.83
569611 , -1.19849e+06 , 456465
-1.18773e+06 , -1.47742e+06 , 1.35922e+06
1.67909e+06 , 140666 , -1.46079e+06
683310 , 1.08606e+06 , -1.33357e+06
1.00015e+06 , -216779 , 799155
692331 , 410007 , 1.06236e+06
-14241.7 , 151803 , 789187
-17569.8 , 1.73527e+06 , 107687
1.41047e+06 , 329886 , -1.32203e+06
-2.12007e+06 , 64133.7 , 34160.3
-375172 , -371116 , 276734
-434598 , 1.21723e+06 , 248574
-712948 , 990172 , 100995
1.42439e+06 , 113232 , 1.75331e+06
1.47141e+06 , -836851 , -195732
128358 , 341500 , -2.2856e+06
-1.03158e+06 , 544368 , -1.42904e+06
852805 , -628355 , 1.38369e+06
1.86144e+06 , 427314 , 208230
680379 , -2.20211e+06 , 1.88348e+06
1.32571e+06 , 1.08637e+06 , 766679
-669930 , -550173 , 2.1307e+06
-346820 , 1.85939e+06 , -429327
-619728 , -341271 , -15202.6
1.34354e+06 , 557955 , 465220
-596087 , 367847 , -1.63749e+06
831677 , 1.35293e+06 , 312910
-1.05298e+06 , -1.2464e+06 , 9063.89
-228336 , -1.3375e+06 , -696264
671803 , 630327 , 1.48553e+06
-241897 , -369426 , -870060
-300439 , -1.08357e+06 , 587859
-524630 , 876029 , 480418
1.23314e+06 , 1.52178e+06 , 160272
-576418 , -1.4281e+06 , 1.18142e+06
-1.22991e+06 , -1.66498e+06 , 270425
-1.06825e+06 , 1.09425e+06 , 271934
-953856 , 1.38801e+06 , 524174
1.24914e+06 , 214837 , 824116
-1.8882e+06 , 284567 , -279807
1.48376e+06 , -48374.7 , -404980
-1.03444e+06 , 1.15312e+06 , 2.44677e+06
-545960 , -1.33412e+06 , 1.10287e+06
1.78662e+06 , 700667 , 1.13265e+06
-491847 , -1.36252e+06 , -1.61567e+06
-695345 , -914471 , 867725
759686 , -1.46853e+06 , 1.05522e+06
410033 , 281347 , 489432
-1.38265e+06 , -115622 , 1.1933e+06
-2.41156e+06 , 343249 , 250603
860996 , 1.23281e+06 , 1.3037e+06
1.57009e+06 , -1.48124e+06 , -502604
13905.5 , 594912 , 174908
-467744 , -175431 , 22192.9
-1.86385e+06 , 748942 , 1.14196e+06
-741575 , 560713 , 120368
-63531.7 , -845344 , -1.02e+06
1.30294e+06 , -1.38228e+06 , -390788
-803586 , 825249 , -1.81903e+06
916611 , -229910 , -732013
78355.4 , -20260.6 , -831988
-987634 , -370518 , 2.48268e+06
579578 , 133039 , -1.09543e+06
597264 , -845179 , 677630
864558 , 745258 , -655949
-1.14735e+06 , -1.30829e+06 , -2.04204e+06
-514163 , -956917 , 712621
-93193 , 430800 , -1.31562e+06
708048 , 1.54372e+06 , 1.39841e+06
-653270 , 1.03e+06 , -1.77047e+06
2.04881e+06 , 422730 , 204587
-1.43766e+06 , 343537 , 1.6071e+06
-703617 , -1.19227e+06 , 227538
1.19849e+06 , 41765.1 , 223656
1.64653e+06 , -2.36429e+06 , 528230
2.25497e+06 , -616094 , -135885
1.21691e+06 , -1.52336e+06 , -61849.7
1.66042e+06 , 406841 , 1.2571e+06
-699264 , -552015 , -873365
50144.1 , 1.77613e+06 , -367272
1.38206e+06 , 17531.1 , 1.00089e+06
-189099 , -1.34812e+06 , 513141
-825301 , 1.56269e+06 , 551979
-635433 , 1.34058e+06 , 1.11434e+06
-853724 , -321906 , 915998
-1.81508e+06 , -792106 , 1.48881e+06
87138.1 , 959864 , 1.19053e+06
-1.47379e+06 , 1.61079e+06 , 2152.5
-2.00579e+06 , -392479 , 2.41278e+06
495722 , 1.04329e+06 , -1.50115e+06
488098 , 903499 , 926005
1.59095e+06 , 1.20992e+06 , -929997
203574 , 633706 , -612972
1.50227e+06 , -239912 , 633130
-418211 , -1.18928e+06 , 2.05776e+06
354711 , 280333 , 1.49147e+06
-301580 , 925268 , -508768
-505887 , 1.48823e+06 , 751919
9933.43 , 625297 , -1.2456e+06
-186249 , -1.30836e+06 , 216346
879771 , 1.85827e+06 , -908217
68768 , -1.4213e+06 , 2.02788e+06
778424 , -261811 , -534990
-2.08891e+06 , -62445 , 1.40809e+06
-914603 , 1.55589e+06 , -183975
116611 , -1.78672e+06 , 1.82586e+06
-2.01117e+06 , -346739 , 2.1422e+06
-1.0527e+06 , 812404 , 1.28234e+06
-103919 , 1.10758e+06 , 358211
552036 , -1.80256e+06 , -31977.6
970416 , -1.13174e+06 , -373306
-1.137e+06 , 590364 , 1.09397e+06
401604 , 1.98057e+06 , -671679
441395 , -1.1445e+06 , 479029
508870 , -2.50627e+06 , 746002
1.00581e+06 , 679531 , 2.08406e+06
1.17438e+06 , -372474 , 360669
408765 , 2.07013e+06 , 524005
13522.2 , 299624 , 1.09703e+06
-749816 , 155584 , 688776
1.34239e+06 , 1.84719e+06 , 29286.7
-1.16853e+06 , -260942 , 735732
1.0781e+06 , 954831 , -132593
-1.13845e+06 , -1.45139e+06 , 540518
414437 , -1.85263e+06 , 1.47811e+06
-388492 , -149893 , -641223
-969075 , 653058 , 1.29049e+06
43579.4 , -645856 , 1.51258e+06
57641.7 , -82183 , 1.29401e+06
1856.63 , 3819.7 , -1.44889e+06
1.8351e+06 , 9506.64 , -1.07949e+06
223545 , 2352.21 , -257851
815862 , 1.70826e+06 , -1.23498e+06
85554.1 , 902305 , -2.18639e+06
-294523 , 18810.8 , -1.27048e+06
1.45068e+06 , -405628 , 960481
95336.3 , 69491.5 , -1.78154e+06
330905 , -1.17223e+06 , 160950
-595600 , -1.42599e+06 , 1.25492e+06
846225 , -1.302e+06 , -811536
-1.51859e+06 , 842873 , 1.51049e+06
1.08301e+06 , 948882 , -1.50786e+06
-1.40188e+06 , -1.42062e+06 , -230703
-443410 , 755166 , -677090
-151665 , -1.50768e+06 , -144816
-1.02649e+06 , -634312 , -1.00393e+06
-1.24042e+06 , -720280 , 352696
-457966 , -172871 , -614584
949688 , 810992 , 242413
-588943 , -410549 , 462034
-848332 , 833022 , -420401
1.15993e+06 , -1.8481e+06 , 1.48897e+06
797821 , -1.63029e+06 , 90977.8
-773207 , -736220 , -394858
-1.17321e+06 , -879793 , -1.38801e+06
925578 , 1.27676e+06 , -862273
1.64242e+06 , -20643.9 , -1.73789e+06
1.02846e+06 , -846040 , 1.77092e+06
-168039 , 541198 , 620435
-1.06884e+06 , 504055 , -1.00485e+06
-269449 , -547514 , 1.40033e+06
106596 , 2.09532e+06 , 1.65902e+06
-1.53055e+06 , -240619 , 414988
-83368.8 , 154261 , -780431
329063 , 445137 , 615197
-63777.7 , 859802 , -624729
701915 , 1.21869e+06 , -740102
2.02258e+06 , 365919 , -78881.1
-877779 , -1.1745e+06 , 1.10104e+06
-449990 , -1.41049e+06 , -1.53654e+06
-6097.81 , 1.65096e+06 , 1.34625e+06
-718416 , 6560.41 , 1.73617e+06
-1.40033e+06 , -1.64293e+06 , -147639
-129341 , -210373 , -1.75797e+06
-157403 , 350663 , 1.22402e+06
-427503 , -817999 , 1.07179e+06
-118966 , -1.16629e+06 , 785188
-881397 , -280282 , -384886
308190 , -423322 , 895623
126749 , -949044 , 192811
444079 , -179853 , 630124
971376 , 115419 , 345777
-533738 , -1.18128e+06 , -439993
1.73726e+06 , 1.27937e+06 , -789269
-354562 , 1.6873e+06 , -497353
1.79809e+06 , 1.14909e+06 , 1.10086e+06
265868 , 1.22448e+06 , -1.08699e+06
-1.39234e+06 , 1.12914e+06 , 57462
775795 , 179491 , 99238
1.41868e+06 , -952474 , -178082
-98337.1 , -739450 , 333650
94837.1 , 1.43397e+06 , -217771
321920 , -1.15439e+06 , 867778
-736074 , 1.20044e+06 , 240747
-1.26758e+06 , 653077 , -974235
-234559 , 574631 , 1.28083e+06
-218447 , -614461 , -1.53769e+06
209639 , 1.33175e+06 , 728487
527191 , 191879 , 1.67452e+06
-696266 , 1.15763e+06 , 837519
-87015.4 , -845178 , -1.0713e+06
1.02586e+06 , -638167 , 1.16515e+06
358027 , -1.76458e+06 , 1.08155e+06
-261086 , -398269 , -239507
544217 , 281108 , 1.52295e+06
621962 , 786149 , 576866
1.39477e+06 , 1.90996e+06 , 136009
3.10522e+06 , 91242.7 , -166971
1.87102e+06 , 287186 , -933499
-289155 , 1.30982e+06 , -1.3654e+06
-519298 , -1.76337e+06 , -55011.2
432728 , 584153 , 918421
635851 , -262482 , 474615
-944723 , 831426 , 2.20382e+06
884607 , 1.24063e+06 , 2.67019e+06
-1.68888e+06 , 3955.4 , -244124
-1.72607e+06 , -373491 , 365661
-2.05874e+06 , -360865 , -489004
-146066 , 296385 , -375944
-1.30432e+06 , -106986 , -43843.8
-282906 , 934007 , 1.39366e+06
-811191 , 869242 , -546735
-154951 , -253418 , -1.0288e+06
1.91867e+06 , 853273 , -1.3652e+06
691329 , 140003 , 484188
-156040 , -2.28505e+06 , 808428
-1.00814e+06 , 1.06895e+06 , -556178
2.81037e+06 , 272503 , -847530
1.60623e+06 , -595819 , 1.31396e+06
376141 , -2.33324e+06 , 536058
-1.0742e+06 , -111084 , -619412
1.07857e+06 , -1.03474e+06 , 875067
1.06207e+06 , 1.98121e+06 , 226454
-672768 , -1.26962e+06 , -985801
1.15135e+06 , -1.35151e+06 , -534557
610543 , -389597 , -581315
174396 , 180409 , 706481
498972 , -534639 , 1.00531e+06
-1.76688e+06 , -1.02455e+06 , 177441
1.19319e+06 , 502160 , 2.47806e+06
623489 , 1.79393e+06 , 240990
-532858 , -672984 , 293108
482029 , -610294 , 1.05789e+06
-238450 , 755936 , 1.00626e+06
208236 , -603263 , 881537
-280146 , 2.10743e+06 , -249009
596157 , -1.05169e+06 , 2.1083e+06
1.09714e+06 , -2.23266e+06 , -208418
-1.07254e+06 , -818940 , 1.40865e+06
-232371 , 2.03518e+06 , 1.62254e+06
-1.06106e+06 , 1.79671e+06 , -339395
-239502 , -1.405e+06 , -720562
372145 , -872423 , -1.15426e+06
-1.28608e+06 , -731894 , -1.16707e+06
765990 , 500196 , 613973
350013 , -1.23213e+06 , 1.61897e+06
-1.26079e+06 , 961464 , -37845.7
-137401 , -178058 , -2.17906e+06
-899371 , 2634.17 , 723684
-510662 , 29925.5 , 1.93979e+06
-1.37801e+06 , 2.09822e+06 , 170586
807625 , 1.86207e+06 , -533897
-529564 , -1.64608e+06 , 203640
-1.56768e+06 , -950814 , 231539
232306 , -329640 , 1.34392e+06
-1.23136e+06 , -1.20728e+06 , 926701
-296281 , 1.69646e+06 , -1.35488e+06
1.09723e+06 , -1.45353e+06 , 598505
24328.6 , 995234 , -392979
1.67172e+06 , 1.07942e+06 , -1.80747e+06
-1.28694e+06 , -912126 , 926995
282955 , 2.79422e+06 , 1.18194e+06
1.75322e+06 , 600668 , 451104
503027 , -330568 , 1.70354e+06
-1.40883e+06 , -1.29266e+06 , 472476
-1.45699e+06 , 202928 , 882681
71428.2 , 1.30779e+06 , -137027
543359 , 365816 , -1.1053e+06
997612 , -1.42123e+06 , -86587.4
451494 , 615658 , 1.64163e+06
1.15888e+06 , -905455 , -395201
-1.62474e+06 , 349690 , -245364
-349536 , 495484 , 940581
-245421 , -1.55433e+06 , -981431
249460 , -856042 , 865883
218143 , 201068 , 1.673e+06
461922 , -874686 , -1.38346e+06
1.11775e+06 , -1.53709e+06 , 339473
795604 , 202128 , 1.36513e+06
-798999 , 782277 , 1.6523e+06
334447 , -229087 , -1.02467e+06
571496 , 1.67797e+06 , 115306
-1.49747e+06 , -138853 , -1.27308e+06
-1.09828e+06 , 1.17346e+06 , -249122
939350 , -918667 , -1.16579e+06
1.11412e+06 , -1.06144e+06 , 1.06177e+06
1.05743e+06 , 299528 , -87424.6
-594434 , 753728 , -309279
326922 , -1.36932e+06 , 777225
-189119 , -650445 , 2.21607e+06
1.69331e+06 , 464598 , -607733
2.63646e+06 , 400986 , -2.00988e+06
1.05967e+06 , -251553 , -484947
-37978.6 , 1.17145e+06 , 793065
-32436.4 , 617690 , -90947.5
385080 , 1.89e+06 , 415886
-1.50279e+06 , 392062 , 485985
-73569.5 , -383220 , -547513
2.16572e+06 , -702881 , -737305
-1.04595e+06 , -402957 , -1.81689e+06
577016 , 978373 , 2.21026e+06
-773062 , 564289 , -197225
-1.62977e+06 , -962014 , 1.03112e+06
-1.36184e+06 , 2.52042e+06 , 675259
-1.42382e+06 , 349288 , 2.06852e+06
-1.14817e+06 , 767177 , 2.38002e+06
190269 , 1.97258e+06 , -897338
1.30687e+06 , -1.58978e+06 , -211798
454394 , 103807 , -1.54451e+06
559206 , 1.25555e+06 , -28731.5
1.34332e+06 , -17086.3 , 1.04966e+06
67927 , -400610 , 220208
1.14051e+06 , 229893 , 887040
-438398 , 1.52517e+06 , 965783
-85778.9 , 1.55494e+06 , 730535
-615659 , -463963 , 575917
-1.88e+06 , -595141 , -1.22045e+06
101732 , 1.17927e+06 , 2.41374e+06
-966057 , -320296 , 1.72146e+06
-1.34434e+06 , -622474 , 1.23895e+06
-1.01122e+06 , -956739 , -1.20512e+06
357325 , -809198 , -87476.4
2.02397e+06 , 1.27605e+06 , -517620
717686 , -123521 , -650199
755092 , -517503 , -1.49547e+06
998280 , -2.06259e+06 , -1.15764e+06
-1.29203e+06 , -132279 , 469740
-148678 , -605472 , 704174
-1.09407e+06 , -171384 , 785580
680927 , -812018 , 1.31462e+06
-858826 , -868974 , 1.03374e+06
1.22561e+06 , -67233.8 , 404196
1.08005e+06 , -37739.7 , 436604
1.66226e+06 , 1.24879e+06 , -74415.8
184053 , 121484 , 487000
-510714 , -2.16975e+06 , -203240
-541300 , 1.34963e+06 , -1.1846e+06
44052.7 , -1.27074e+06 , 199241
1.40385e+06 , 63440.5 , -161834
-203605 , -329372 , -1.55283e+06
695102 , -229684 , -1.65877e+06
319148 , -535178 , 1.06146e+06
-1.17555e+06 , 246789 , 61685.1
986390 , 343401 , 1.65741e+06
1.37388e+06 , -1.93557e+06 , -576892
-227719 , 823114 , 1.05353e+06
208805 , -346590 , 1.2424e+06
-1.16377e+06 , 914032 , 514699
-169442 , -583786 , 830397
-642872 , -289008 , 664433
-1.06715e+06 , -106248 , 914586
-26140.5 , 390623 , 1.98896e+06
1.66787e+06 , -1.42018e+06 , 1.41098e+06
433018 , -587541 , 1.46634e+06
-1.65368e+06 , -1.33726e+06 , -158829
2.23861e+06 , -152365 , 184356
165585 , -1.56217e+06 , 904996
-811910 , -442136 , 1.24315e+06
343304 , -1.45652e+06 , 1.17988e+06
-1.86294e+06 , -328805 , -217694
-425985 , 431086 , 1.59558e+06
-348853 , 199460 , -348413
-224040 , -301220 , 970548
-794084 , -1.25966e+06 , 709985
-2.07222e+06 , 1.03819e+06 , -173258
-2.63726e+06 , 663484 , -1.37355e+06
-407472 , 829059 , -730768
-199938 , -59270.5 , -828306
1.05129e+06 , -1.1005e+06 , 424388
-1.08204e+06 , 300014 , 1.90163e+06
-2.07349e+06 , -456652 , -744105
624256 , -2.11335e+06 , 1.10914e+06
-172088 , 1.04473e+06 , 178506
-1.06521e+06 , -385537 , 1.07146e+06
54053.4 , 398766 , -876066
-1.79105e+06 , 271620 , -761712
104671 , -618186 , 1.21146e+06
-224073 , -1.19636e+06 , -103714
-367655 , -108890 , 523145
635032 , -519696 , -234666
-271989 , 306547 , -580607
-207190 , -918316 , -1.12797e+06
-994496 , -1.61068e+06 , -194324
65972.5 , -573238 , -871944
813533 , -239554 , 735056
1.84613e+06 , -766873 , -743422
1.63051e+06 , -3.45308e+06 , -1.33963e+06
1.23027e+06 , -1.09788e+06 , 1.14629e+06
1.03212e+06 , 779996 , -1.27462e+06
2.10591e+06 , 1.11508e+06 , -61547.2
-560864 , -758246 , 1.8015e+06
-1.08957e+06 , -702635 , -999887
789157 , -1.57015e+06 , -317342
1.44616e+06 , -2.09383e+06 , -121782
-200757 , -1.78133e+06 , 763597
-1.28481e+06 , 843939 , -1.81788e+06
1.77595e+06 , -85838.8 , -29954
-458644 , 234216 , 533653
-582767 , -1.49942e+06 , -232532
538026 , -230982 , -1.43145e+06
1.3668e+06 , 79831.3 , 377637
-1.09821e+06 , -789170 , 1.4856e+06
-801560 , 2.66122e+06 , 801644
-1.27281e+06 , -1.75135e+06 , -932144
-999324 , 111686 , 1.56229e+06
691120 , -1.52505e+06 , 152952
1.77934e+06 , 812621 , 611907
-805465 , 461297 , 85733.5
-181812 , -1.78096e+06 , 1.6217e+06
-1.77904e+06 , 331378 , 656691
302008 , -679011 , 1.57676e+06
-1.68107e+06 , -801240 , 179580
708950 , -153417 , 710155
-2.55005e+06 , 467022 , -528970
-1.19572e+06 , -740138 , 51815.6
2.19967e+06 , -1.52624e+06 , 157249
-1.03614e+06 , 402160 , 2.2388e+06
-726260 , 950072 , -136515
-885240 , 395470 , -381052
-1.67858e+06 , 299226 , -292733
-1.43841e+06 , -565746 , 1.04218e+06
-160635 , 928246 , -868751
-1.34631e+06 , 71573.9 , 1.28054e+06
29366.2 , -844273 , 97651
-1.41408e+06 , 1.16513e+06 , 2.74107e+06
-1.14798e+06 , -178536 , 786089
690432 , -178987 , -1.69587e+06
486903 , 592277 , -310045
1.18674e+06 , -1.28162e+06 , 38122.3
445117 , 2.72593e+06 , 594282
-284130 , -1.6233e+06 , -542492
-524988 , 1.0274e+06 , -203877
2.05974e+06 , 893205 , 624569
454184 , 669667 , 408714
2.76686e+06 , -801.319 , 1.47015e+06
904241 , 1.63617e+06 , 741076
-117199 , 770180 , -1.33458e+06
819291 , 1.66936e+06 , 33008.5
-440404 , 635841 , -548478
-2.3652e+06 , 694675 , -1.75849e+06
-1.3002e+06 , -390706 , -511348
1.58806e+06 , -723688 , -1.08773e+06
153433 , -17112.5 , 277381
733192 , -1.41287e+06 , -162404
-1.48867e+06 , 36420.7 , 2.39593e+06
-517477 , -1.37483e+06 , 1.17264e+06
2.66872e+06 , 576958 , 188655
848247 , -379151 , 322823
1.26077e+06 , 1.16236e+06 , 1.6897e+06
642900 , -1.27355e+06 , -181342
-1.32132e+06 , 1.3882e+06 , 154944
-1.99434e+06 , 1.0272e+06 , -456767
133990 , -48354 , -1.19843e+06
1.05415e+06 , 2.17107e+06 , 138827
-1.00928e+06 , -734779 , -719066
807312 , 742804 , 1.05333e+06
-968413 , 1.0574e+06 , -562216
-219381 , 320085 , -1.73083e+06
1.8472e+06 , -1.18676e+06 , 798730
2.09846e+06 , 1.32316e+06 , 206696
-268765 , -488277 , 1.26264e+06
-1.09865e+06 , 182505 , 1.71093e+06
-974034 , 1.86316e+06 , 18354.7
-1.09592e+06 , 2.01489e+06 , 1.17572e+06
-302857 , -495609 , -306539
917907 , 143362 , 951891
321223 , -69243.4 , -1.77857e+06
270904 , 462521 , -525564
-367224 , 2.00593e+06 , 990427
-402236 , 1.94519e+06 , -311350
1.04888e+06 , -921445 , -397853
709852 , 2.03853e+06 , 835745
-532279 , 391716 , 1.01358e+06
677305 , -557933 , 518559
245791 , 790767 , 858694
-249561 , 1.78708e+06 , -298906
-114532 , -155691 , 2.05702e+06
563460 , 1.52332e+06 , -1.19164e+06
-294792 , 1.58423e+06 , 1.37903e+06
46500.2 , 1.35428e+06 , -242479
-175614 , 487004 , -343329
-943996 , -947183 , 810280
-202240 , 2.16664e+06 , 122928
-2.2611e+06 , 1.07488e+06 , -479043
1.34127e+06 , -1.01655e+06 , 808273
68558.5 , -1.11112e+06 , 853347
-624305 , -22181.3 , 1.64761e+06
-800765 , -1.23937e+06 , 1.65291e+06
-1.08599e+06 , -462662 , -33943.9
-887216 , -210410 , 632369
-733201 , -606054 , 642743
-847757 , 1.18464e+06 , -1.66377e+06
2.2928e+06 , -6508.21 , 546150
60726.4 , -1.15548e+06 , 1.21326e+06
-432563 , -93375.8 , -1.35928e+06
75772.3 , 162459 , 1.05754e+06
925691 , -1.29441e+06 , -475663
2.24505e+06 , 199721 , -43702.9
-409895 , -1.77622e+06 , -924181
-1.36907e+06 , 826030 , -952449
-918696 , -1.29499e+06 , 679550
62454 , -294888 , 751506
-1.38612e+06 , -662806 , -469724
-1.25428e+06 , -209218 , 539971
1.02386e+06 , -370162 , -181199
-15548.7 , -1.43739e+06 , 407687
818759 , -165288 , -966610
-2.55756e+06 , 1.34602e+06 , 668246
664540 , -1.05211e+06 , 949933
1.28802e+06 , 1.18378e+06 , 2.28818e+06
-1.33565e+06 , 611340 , 524623
-1.12408e+06 , 37281.2 , -810926
-71083.1 , 128480 , -894030
1.37055e+06 , -526794 , 1.19936e+06
-1.2483e+06 , 387069 , -61343.8
-65741 , -1.81825e+06 , -616562
-166339 , 138036 , 788000
1.9979e+06 , 1.03751e+06 , 386249
-1.86659e+06 , -369690 , 1.63686e+06
1.49113e+06 , -1.15299e+06 , 1.88167e+06
2.39323e+06 , 954663 , 108558
-594085 , 1.4153e+06 , 444775
1.57985e+06 , 509507 , 815151
1.31961e+06 , -1.34751e+06 , 231647
262034 , 1.04952e+06 , -734234
967991 , 910237 , 3.21233e+06
754742 , 76179.9 , 11488.5
-119572 , 3.21612e+06 , -602491
341831 , 1.65115e+06 , -1.30911e+06
-68428.8 , -1.62292e+06 , 2.48992e+06
-1.38137e+06 , -1.38032e+06 , -1.59084e+06
-133829 , 1.06933e+06 , 1.60667e+06
-735804 , -1.61321e+06 , -35257.9
-1.31409e+06 , 1.79364e+06 , -590236
912280 , -461833 , 919426
691150 , -1.21387e+06 , -372831
-798972 , 1.61608e+06 , 169905
-1.66688e+06 , 316080 , 761846
887123 , -2.13666e+06 , -352527
694845 , 302548 , 777048
441593 , -573499 , 233913
-1.71055e+06 , 710761 , 136371
237322 , 2.52826e+06 , 280262
-218333 , 378243 , 638465
-662185 , -300430 , -1.09895e+06
507343 , 1.58646e+06 , -1.50593e+06
370271 , 1.6358e+06 , 1.80429e+06
-1.14903e+06 , 333062 , 889015
-439553 , 359664 , -1.77065e+06
-1.13703e+06 , -562955 , 1.81902e+06
-413413 , 20483.8 , -1.61209e+06
-328532 , -605605 , -304674
-1.85957e+06 , -401619 , 1.2663e+06
394163 , 56803.1 , -970594
-684552 , -1.0462e+06 , 1.09187e+06
818321 , -375146 , -1.97323e+06
-2.08479e+06 , -643815 , 280168
-257417 , -1.79317e+06 , -1.19381e+06
534253 , 1.1132e+06 , -422099
638732 , 1.36313e+06 , 2.25752e+06
-209798 , 752885 , -1.41872e+06
-1.23424e+06 , 407541 , 1.07556e+06
-1.01347e+06 , 209163 , 1.54313e+06
-880300 , -468653 , 754039
2.34541e+06 , -1.38905e+06 , -85050.3
-1.29973e+06 , -37677.5 , -582790
-1.42824e+06 , 152607 , -633870
645410 , -1.06799e+06 , -792587
-673887 , -103665 , -919683
-373479 , -111894 , -517206
678528 , -283583 , 174379
-260573 , 1.83452e+06 , 1.68949e+06
1.98178e+06 , 568354 , 1.21328e+06
-1.75343e+06 , -172229 , 412535
92186.2 , 1.65291e+06 , 246542
1.20601e+06 , 869939 , -273305
-715884 , -75361.5 , -112474
727361 , -1.49066e+06 , -742107
2.07464e+06 , 823504 , -979947
-622923 , 844460 , -2.10852e+06
-1.53393e+06 , 1.61439e+06 , 972162
480803 , -1.44294e+06 , -1.01193e+06
1.56765e+06 , 1.91922e+06 , 975044
-1.12795e+06 , -1.34688e+06 , -1.18707e+06
485019 , 972599 , 934758
-159178 , -1.21731e+06 , 382379
1.78796e+06 , 1.12114e+06 , 1.12012e+06
1.45761e+06 , 590660 , 608820
1.31898e+06 , 1.5811e+06 , 1.8352e+06
-623132 , -499314 , -1.59604e+06
1.84203e+06 , -937515 , 1.46101e+06
1.01466e+06 , -886692 , 1.63201e+06
-1.40484e+06 , -792936 , -89094.4
1.49383e+06 , -1.17424e+06 , 804542
472520 , 717046 , 58572.5
-271506 , -315688 , -1.34221e+06
1.39666e+06 , 1.49874e+06 , -1.94588e+06
624220 , 921321 , 914352
322247 , -1.30321e+06 , 1.84792e+06
67951.3 , -445774 , -746023
137794 , 1.80088e+06 , 813797
1.13018e+06 , 2.30302e+06 , 484077
-1.43968e+06 , 383844 , -639175
159192 , 1.83809e+06 , 293551
-1.10976e+06 , 352123 , -147107
-764739 , 191604 , 1.82308e+06
-1.50576e+06 , -406464 , 892471
-1.05018e+06 , -1.21289e+06 , -751332
-89236.2 , -605393 , -884812
-868742 , 698803 , 143480
-34591.5 , -1.72579e+06 , 1.31678e+06
336067 , -174082 , -946488
-1.45062e+06 , -1.12931e+06 , 872743
-985999 , 535670 , 1.35161e+06
2.20741e+06 , -749557 , 376885
277949 , -526742 , 71985.5
-156469 , -563410 , 475273
2.83078e+06 , 231865 , -849268
-618723 , -1.79054e+06 , -514608
1.1623e+06 , 395331 , 1.25993e+06
-757511 , 1.32156e+06 , -1.13536e+06
-445122 , 755874 , 989533
316329 , 135291 , -1.48964e+06
1.2855e+06 , -2.27777e+06 , -580578
1.21903e+06 , 1.36253e+06 , -820860
-1.77789e+06 , 638491 , -1.04801e+06
-692166 , -1.20748e+06 , -632519
-737942 , -134861 , 743887
-420165 , 1.38801e+06 , -1.14213e+06
-1.1818e+06 , -55692.1 , 1.10768e+06
-1.08463e+06 , -1.1711e+06 , -411284
-1.59982e+06 , -1.01134e+06 , 790390
-354902 , 320503 , 1.2416e+06
1.26449e+06 , 566740 , 560680
-1.28144e+06 , -756839 , -557762
-2.17113e+06 , 431893 , 1.62514e+06
2.15551e+06 , -78576.6 , 1.4549e+06
1.37307e+06 , -303460 , 1.06432e+06
-108804 , 128840 , 2.23178e+06
-707873 , -83554 , 1.6301e+06
773412 , -1.10288e+06 , -1.28034e+06
-2.52414e+06 , 546306 , 25030.5
800806 , -1.70903e+06 , 1.43286e+06
-1.14818e+06 , 257316 , 527032
725564 , -1.83916e+06 , -92362.7
205550 , 603573 , 1.44885e+06
1.8854e+06 , 1.46695e+06 , -313685
-860624 , -1.63262e+06 , 1.35118e+06
-1.50014e+06 , -238902 , -541656
-1.16e+06 , 1.2082e+06 , -353575
-579011 , -377679 , 1.86353e+06
721020 , 369734 , 918417
-1.16094e+06 , 230019 , -866373
-171562 , -309683 , 238834
-472994 , 1.71828e+06 , 719376
-1.20482e+06 , 401320 , 697942
-119113 , 210536 , -112891
1.22598e+06 , 100839 , -622432
-1.06922e+06 , 1.08191e+06 , 330778
-296444 , 573634 , -816145
593703 , -703804 , -75252.5
1.13668e+06 , -32656.9 , 1.16598e+06
-1.09533e+06 , -1.67854e+06 , -239768
-332265 , 1.43319e+06 , -19366.6
-1.34906e+06 , 867412 , -136625
1.11379e+06 , -32285.4 , -238562
980934 , 193116 , 1.23275e+06
70284.9 , 1.85897e+06 , 809124
-1.68086e+06 , 238225 , 2.54795e+06
-1.21836e+06 , 291503 , 836263
-867304 , 259638 , 494980
1.37998e+06 , 765945 , 524357
118134 , 500611 , 2.21661e+06
-582936 , -1.46859e+06 , -909117
-322688 , 76797.8 , 984386
-553365 , -2.12159e+06 , -434919
-1.06753e+06 , 1.75844e+06 , -1.08304e+06
-264625 , -1.52197e+06 , -1.51167e+06
491740 , 561800 , -346020
685355 , 457676 , -800482
914601 , -659060 , -1.00593e+06
-1.07516e+06 , 79905.9 , 38879.4
2.88499e+06 , 624066 , 588275
1.2227e+06 , -1.19604e+06 , 513316
893257 , 559100 , 784306
-842630 , 87491.7 , -1.29323e+06
604383 , -2.33537e+06 , 409900
814270 , 1.86689e+06 , 1.63241e+06
-4066.19 , -3.07757e+06 , -1122.67
-2.64842e+06 , 81849.3 , 1.57676e+06
-92537.2 , 921240 , -189229
-933946 , 390479 , 505947
488851 , 1.27493e+06 , 1.29882e+06
1.07179e+06 , 475594 , 853087
-1.11529e+06 , -1.54307e+06 , 53.0246
47676.1 , 389821 , 1.78906e+06
1.03388e+06 , -1.86974e+06 , 773840
2.46978e+06 , 322352 , -47337.7
764998 , 811469 , -1.02998e+06
1.89391e+06 , 1.51299e+06 , 837984
1.749e+06 , -383995 , -854451
884870 , 1.21885e+06 , -1.56539e+06
-665466 , 144412 , -789935
465840 , 612500 , -1.71526e+06
-550278 , 983709 , -243984
-1.29622e+06 , -204290 , 819677
2.68852e+06 , -744169 , -241497
1.22274e+06 , 277099 , 893786
-82868.7 , -1.05407e+06 , -502050
-2.13298e+06 , -679352 , 742375
-303256 , 667657 , 1.27967e+06
-777831 , -529363 , -366417
-240155 , -131566 , 1.05517e+06
308293 , 2.78005e+06 , -601818
81111.9 , -918048 , -1.15444e+06
-625449 , -1.12148e+06 , 669192
-443589 , 1.08509e+06 , -821821
-216317 , 1.78769e+06 , -497379
-258544 , 639448 , -551446
815635 , 1.8959e+06 , -593529
622972 , -1.26132e+06 , 1.17248e+06
-2.5368e+06 , 499336 , -18470.7
262411 , -1.69997e+06 , -73992
-314984 , -906927 , 177769
-1.41679e+06 , 188968 , -355449
-400793 , 944099 , 1.24831e+06
1.03635e+06 , 240875 , -480567
-169068 , -124430 , 2.92743e+06
1.9208e+06 , 2.2748e+06 , 484850
220944 , -445459 , 1.16815e+06
-1.57888e+06 , 843916 , -346938
1.26755e+06 , -2.15453e+06 , 188068
257577 , -277777 , 1.93436e+06
567259 , 933536 , -421768
512864 , -1.15176e+06 , 1.3185e+06
-76307.8 , -407950 , -2.30188e+06
420674 , 2.01781e+06 , 1.1742e+06
-541254 , -296812 , -1.36233e+06
1.55338e+06 , 156782 , -1.37617e+06
-696379 , -134605 , -738926
882393 , -2.17525e+06 , 185466
718429 , -840878 , -431195
-627042 , 445238 , -722788
135793 , -671572 , 527748
1.25301e+06 , -480809 , 1.14182e+06
271734 , -1.55963e+06 , -349963
1.42921e+06 , 619302 , 1.77113e+06
847273 , -1.53447e+06 , -1.53162e+06
-17421.2 , -130990 , 823645
787663 , -458808 , 1.7102e+06
-756909 , -1.31985e+06 , -336576
1.51464e+06 , 382867 , -869009
-899645 , 2.04599e+06 , 2.22172e+06
-295446 , -647835 , -871051
-772016 , -995727 , -258919
34106.2 , 1.00375e+06 , -1.12714e+06
118445 , -627979 , -2.04123e+06
997018 , 452340 , 1.79427e+06
-77866.8 , -909582 , 1.79408e+06
1.06883e+06 , -1.13825e+06 , -268951
414145 , -535936 , -1.52255e+06
-1.77665e+06 , -372891 , 768464
327545 , -1.84789e+06 , 211893
-444918 , -665013 , -807553
667263 , -1.54217e+06 , -1.43825e+06
-1.94071e+06 , -650781 , 1.16883e+06
983434 , 1.08697e+06 , -1.07793e+06
-273318 , 381874 , 1.85056e+06
-275275 , -599313 , 1.22423e+06
357336 , 1.69961e+06 , 44562.5
-1.45756e+06 , 647928 , 542802
-896545 , 1.01433e+06 , -1.02091e+06
413417 , 13244.7 , -778330
-1.95e+06 , 723112 , 2497.54
288504 , -468693 , 1.62875e+06
1.40978e+06 , 33439.5 , 2.27756e+06
-69802.9 , -481417 , 1.14361e+06
-856230 , 424850 , -556049
-927966 , 193832 , -449877
1.17253e+06 , -443140 , -260239
-790874 , 202330 , 997833
342699 , 1.59533e+06 , 498310
550918 , 1.08364e+06 , -387967
1.04294e+06 , 807818 , 230018
-277437 , 230932 , -477428
-358818 , 1.5275e+06 , -316240
2.26404e+06 , -788987 , 350896
-629359 , 378265 , -261123
-400489 , -1.7576e+06 , 277728
-1.85701e+06 , -1.38866e+06 , 438008
1.42502e+06 , 1.64802e+06 , -125036
1.69695e+06 , -369917 , 1.44321e+06
1.22346e+06 , 814765 , 474682
405949 , 57904.9 , 2.15618e+06
-753256 , -401194 , -1.30582e+06
-507831 , 1.00531e+06 , 600799
1.34269e+06 , -782310 , -27795.9
-1.31367e+06 , -1.65643e+06 , 659133
-2.04397e+06 , 1.41817e+06 , 1.4846e+06
-953273 , -1.54082e+06 , -1.05718e+06
1.53592e+06 , 2.54644e+06 , 60310.9
-629835 , -232900 , 135422
2.10458e+06 , -33695.6 , 719956
-23523.2 , 1.4081e+06 , -1.47612e+06
-2.50607e+06 , 47347.4 , -473457
1.38987e+06 , -1.10447e+06 , -214562
-2.04138e+06 , 626454 , 925660
-68005.7 , 483915 , -1.79521e+06
-554719 , 340196 , -591317
528227 , 709688 , -155399
1.9749e+06 , 673507 , 901993
835317 , 189098 , 2.13567e+06
-173508 , 816737 , 1.14024e+06
-1.90645e+06 , 188927 , -1.8159e+06
1.26975e+06 , -631566 , -323339
-427043 , -143164 , 1.87135e+06
-421274 , 137585 , -1.43152e+06
-933996 , 244731 , 589029
902275 , 1.21617e+06 , 747683
854651 , -2.10004e+06 , 1.56704e+06
1.57328e+06 , -1.0337e+06 , 634407
1.38557e+06 , -26739.1 , 679099
-1.13403e+06 , -1.07031e+06 , -350015
-550565 , 33872.7 , -1.04418e+06
-261834 , -39034.2 , 1.3661e+06
569806 , 122092 , 935470
86189.2 , 2.15175e+06 , -54863.4
-1.61945e+06 , 988613 , -505296
654624 , 1.04098e+06 , 759361
-88325.9 , -211145 , -962956
265975 , -1.04521e+06 , 2.18055e+06
1.15476e+06 , -1.39395e+06 , 286436
1.42001e+06 , 273055 , 1.53339e+06
529322 , 37253.6 , 1.04014e+06
-356895 , -1.64917e+06 , -571430
743553 , -495129 , -760449
846774 , -1.17833e+06 , -144769
-1.78522e+06 , -1.31791e+06 , -678450
1.33179e+06 , -411501 , 1.11627e+06
288333 , -1.84384e+06 , 1.06279e+06
1.20054e+06 , -1.30098e+06 , 275539
-654580 , 1.03432e+06 , 1.77224e+06
442247 , -2.20617e+06 , 1.18136e+06
191015 , -572110 , -339348
-1.43362e+06 , -273193 , -336840
904635 , -686096 , 2.07333e+06
-789487 , 1.61345e+06 , -323464
716632 , 217254 , 1.03156e+06
986513 , -761790 , -1.84422e+06
-702901 , 3877.31 , 833313
1.22142e+06 , 982513 , 330225
1.71284e+06 , 276392 , 1.51614e+06
-876972 , -2.30533e+06 , 370575
1.42213e+06 , -1.07115e+06 , -492697
953155 , -767770 , 1.96503e+06
-905436 , 726236 , -1.97387e+06
-805197 , 576024 , 186130
-473178 , -547073 , 700267
479154 , 17047.8 , 326619
-1.42963e+06 , -1.75076e+06 , -690577
579702 , -606223 , -394099
1.67543e+06 , 1.70999e+06 , 948173
-74125 , 1.50784e+06 , -66735
1.79801e+06 , -217620 , 280892
-2.11842e+06 , 571407 , 821339
-1.29481e+06 , -764737 , -1.49899e+06
-481027 , -184116 , -557206
-883555 , -458907 , 1.1212e+06
1.32482e+06 , -832143 , 635037
267379 , 242025 , -985851
-1.31929e+06 , 774183 , 423301
-681209 , -1.38021e+06 , 1.48416e+06
-56719 , 616129 , 1.37059e+06
-493433 , 654217 , -586635
718746 , 1.13021e+06 , 2.00051e+06
78994.7 , -1.29879e+06 , -1.53244e+06
638368 , -356603 , -1.65114e+06
-658989 , -531379 , 719217
-854259 , 572865 , -1.71285e+06
-396421 , 948465 , 2.01733e+06
443759 , 1.61201e+06 , 1.98374e+06
-43346.3 , 1.32639e+06 , 318172
520039 , -369568 , 454945
1.02058e+06 , 1.8679e+06 , -670618
-1.9407e+06 , -110568 , 1.08279e+06
-1.32997e+06 , -325767 , 514761
-1.05332e+06 , -462116 , 1.13899e+06
-375340 , -1.31614e+06 , 193655
-332210 , 1.63082e+06 , 68526.9
-897513 , 1.85745e+06 , 289597
-1.3198e+06 , -270789 , 544795
-1.65931e+06 , 482346 , 262127
-1.90793e+06 , -56208.6 , -345615
1.55532e+06 , 520886 , 769468
552610 , 90122.5 , -256585
115733 , 899585 , -419206
1.73599e+06 , -579955 , -1.38362e+06
-1.10612e+06 , 214534 , 304356
538611 , -818692 , 157147
785361 , -123399 , 693979
-1.43478e+06 , -473237 , 582418
-701949 , -1.97705e+06 , -92592
1.78188e+06 , -523887 , 1.66403e+06
-495473 , -2.32231e+06 , 734011
-1.39788e+06 , -1.20468e+06 , 1.26229e+06
620977 , -863060 , -210962
-88806.2 , 1.29293e+06 , 1.38042e+06
611057 , -914915 , -1.4569e+06
1.95943e+06 , 338040 , 109053
562376 , 497407 , 1.9343e+06
1.63622e+06 , 910527 , 213236
-1.59125e+06 , -1.45886e+06 , -344790
1.97916e+06 , 547435 , -284036
-1.52559e+06 , 951440 , 621180
637898 , 88225.9 , -1.19763e+06
911243 , 1.1014e+06 , -23975.6
-1.58229e+06 , -195480 , -1.056e+06
-357053 , -627587 , -59443.1
-737792 , 2.11973e+06 , -257862
2.40755e+06 , 1.69365e+06 , -1.31887e+06
1.49242e+06 , 715346 , -247792
-1.01761e+06 , -136201 , 730688
313541 , 32206.1 , -600142
-517742 , -1.41695e+06 , 1.2392e+06
606374 , 50332.4 , -161922
-991587 , 1.15014e+06 , 1.44513e+06
-740092 , -375147 , 122590
495939 , -609239 , -839499
-947221 , -96288.1 , -1.19691e+06
-1.37581e+06 , -1.19117e+06 , 631580
927252 , -43637.7 , -117247
-1.97493e+06 , 1.07369e+06 , 799569
-1.29305e+06 , -1.17704e+06 , 1.17983e+06
-783192 , -562080 , 1.05344e+06
1.1146e+06 , -177564 , -345864
-301270 , -278676 , -2.34403e+06
143106 , -215955 , -1.98364e+06
-494767 , 521860 , -1.46647e+06
-541762 , -346406 , 347329
-1.63664e+06 , 1.27698e+06 , -1.06096e+06
1.47271e+06 , -1.15434e+06 , 667235
-684686 , 167109 , -819659
133171 , 1.24499e+06 , -888749
-785228 , -1.8615e+06 , -1.00953e+06
-259309 , -232470 , -806086
-419521 , -801437 , -1.12438e+06
1.22687e+06 , 1.74923e+06 , -1.22421e+06
376854 , -865493 , -238488
-311233 , 546702 , -1.91787e+06
-2.5941e+06 , 540818 , 1.74821e+06
-968149 , -8163.61 , 819567
602624 , -1.05008e+06 , -1.96222e+06
430495 , 1.02638e+06 , -1.23268e+06
570889 , 1.17917e+06 , 1.4723e+06
1.15987e+06 , 109274 , -509764
-780144 , 56334 , 526185
-276.654 , 801132 , -1.47869e+06
1.85532e+06 , 392745 , 1.44775e+06
-590323 , 1.6146e+06 , 566408
692001 , 1.83811e+06 , 176970
1.21994e+06 , -145657 , -1.54141e+06
328205 , -1.39826e+06 , -986149
-74039.9 , -1.20141e+06 , 501589
-482682 , 42192.6 , 1.92416e+06
-661011 , -270789 , 1.08193e+06
-606085 , 1.4343e+06 , -481506
163518 , 1.71751e+06 , 1.52068e+06
-922462 , 1.55439e+06 , -1.14134e+06
-750184 , 275572 , 180364
643727 , 889935 , -345783
-512482 , -1.75248e+06 , 1.49763e+06
-926927 , -680200 , 471858
-1.17502e+06 , -562030 , 57107.8
458676 , -707175 , -100441
-1.52882e+06 , -177105 , -1.52458e+06
692114 , -485419 , 590396
-727041 , 229369 , 1.40336e+06
865739 , -777699 , -954051
2.76254e+06 , -248242 , -1.31659e+06
523453 , -1.64986e+06 , 1.03506e+06
-987418 , -340520 , 277820
-7009.62 , -2.52564e+06 , 1.45075e+06
321330 , 429576 , -1.3492e+06
-1.13611e+06 , -1.57383e+06 , -452150
-835056 , 2.52782e+06 , -792056
1.29737e+06 , 1.22957e+06 , 1.04961e+06
1.09093e+06 , -527129 , -347650
-1.53491e+06 , 809609 , -1.0692e+06
931949 , 756809 , -851532
1.16041e+06 , 1.94985e+06 , -320327
389347 , 594137 , -367564
720230 , -985398 , 991891
-2.54388e+06 , 672998 , 2.93229e+06
382606 , 1.53285e+06 , -214666
-283625 , 1.50937e+06 , 146368
-901426 , -349643 , 131767
622566 , -1.4935e+06 , 404557
347697 , -2.41397e+06 , 243584
1.11474e+06 , -682540 , -7197.04
1.8643e+06 , -797371 , 112007
203169 , 801443 , 1.35461e+06
423687 , 761412 , 441834
-88125.9 , -355911 , 696746
557753 , -1.49302e+06 , 165674
1.34457e+06 , 584669 , -573624
-477532 , 1.24141e+06 , -621507
246533 , 288854 , 2.6309e+06
1.50529e+06 , -462422 , -895146
-1.59268e+06 , 485723 , -765120
195903 , -1.85457e+06 , 449965
-682401 , -1.66168e+06 , -1.25297e+06
45624.2 , 213050 , -237654
-1.09842e+06 , -621740 , -1.21906e+06
-701286 , 1.57622e+06 , 309346
506683 , -409155 , 1.03557e+06
1.73771e+06 , 1.00797e+06 , 611972
-670590 , -1.30364e+06 , 445090
-768382 , 1.74168e+06 , 610299
-1.40511e+06 , -1.28718e+06 , 625071
-899293 , 1.19597e+06 , -446723
686407 , -1.50555e+06 , 1.12138e+06
757297 , 586646 , -1.37128e+06
-873082 , 1.84427e+06 , 1.1505e+06
219165 , 380177 , 1.47092e+06
994215 , -2.14093e+06 , 267700
-775158 , 1.81813e+06 , -333497
1.69577e+06 , -1.38488e+06 , -254842
559635 , -2.21692e+06 , -26641.4
1.68624e+06 , 996698 , -792646
683150 , 61466.4 , 2.14954e+06
-1.61105e+06 , -1.39126e+06 , 1.10442e+06
-615819 , -7057.22 , -37510.8
684369 , 1.08833e+06 , 1.42519e+06
2.26859e+06 , 145333 , -368561
-211531 , -318508 , 963054
-60188.9 , 1.16715e+06 , -2.2539e+06
-1.65251e+06 , -1.11036e+06 , 142936
-470602 , 1.22497e+06 , -1.20664e+06
1.35038e+06 , -378667 , -1.71022e+06
161764 , -772298 , -635278
1.11798e+06 , -882026 , 2.69157e+06
2.0248e+06 , 174465 , 441344
-148957 , 948978 , 647847
499307 , 1.63784e+06 , 222840
175134 , 890419 , 2.7938e+06
-1.02107e+06 , -90603.7 , 129065
-196742 , 885147 , -90513.9
-1.63022e+06 , -1.43489e+06 , 403837
486265 , 1.03746e+06 , -1.15074e+06
-333895 , 1.53922e+06 , 572589
-175189 , 638943 , 1.33588e+06
-1.59841e+06 , 679409 , -1.6162e+06
-858354 , -1.82039e+06 , 1.25605e+06
378228 , 1.16274e+06 , -34637.3
-195138 , 422112 , 538359
1.24411e+06 , -552219 , 755703
376581 , 4839.09 , 1.02029e+06
779969 , 330853 , 571007
914876 , 1.36838e+06 , -550083
1.51542e+06 , 764213 , 1.70201e+06
1.11944e+06 , -1.21309e+06 , -658699
248898 , -847217 , 619394
-1.58944e+06 , 198774 , -276459
-1.61557e+06 , 1.58982e+06 , 1.63597e+06
738833 , 278956 , -81002.5
-1.354e+06 , 887747 , -464151
1.3802e+06 , -771115 , 1.26725e+06
-837198 , -52927.6 , 907201
-1.39257e+06 , 683939 , -1.36936e+06
-1.27557e+06 , -975050 , 1.81597e+06
1.43554e+06 , 1.55797e+06 , -110897
1.78525e+06 , -1.39644e+06 , -126034
907838 , 1.85058e+06 , 1.68164e+06
-172508 , 1.05714e+06 , -733153
-256354 , 365757 , 183696
-415404 , 1.15063e+06 , -557144
2.58041e+06 , -1.26235e+06 , 807280
-127348 , 1.77652e+06 , -417909
-63946.1 , -510564 , 1.07615e+06
1.01744e+06 , 649873 , -10786.4
542695 , 453940 , 1.02334e+06
-1.28467e+06 , -1.5206e+06 , 184124
907716 , -119059 , -89686.6
-1.1898e+06 , -1.37758e+06 , 1.30974e+06
485027 , -1.31141e+06 , 1.76777e+06
-175509 , 258494 , 20970.2
507878 , -1.43153e+06 , 1.4485e+06
-152162 , -939698 , 243778
177099 , 963075 , 2.0206e+06
-1.1504e+06 , -543294 , 1.69664e+06
-758958 , -1.00323e+06 , 552724
-895720 , -779735 , -1.12315e+06
-1.11921e+06 , -1.01976e+06 , 329698
-107134 , 197362 , -1.76612e+06
-837998 , -1.23965e+06 , 768628
276133 , -1.31404e+06 , -507564
-256356 , -1.05755e+06 , 1.14526e+06
-942160 , 424176 , -619058
527481 , 1.32783e+06 , 1.15445e+06
-316111 , 921389 , -1.34119e+06
535689 , -529757 , 852089
1.08291e+06 , -2.35545e+06 , 1.31467e+06
-838411 , -415054 , 869221
-677949 , 1.98378e+06 , 1.57317e+06
-2.01269e+06 , 74692.9 , -380896
723364 , -2.00571e+06 , 520094
881547 , -562662 , -738711
-91050.8 , 2.20205e+06 , 801722
-1.17289e+06 , -1.0785e+06 , -324706
-1.61735e+06 , -1.04583e+06 , -1.27998e+06
-349385 , 862464 , 155687
-19638.7 , 3.05141e+06 , 1.03955e+06
-217219 , -1.96533e+06 , -1.29481e+06
-468587 , 239749 , -1.76226e+06
-257218 , 124266 , 1.75115e+06
1.68037e+06 , -295649 , 206037
726534 , 104139 , -139414
277742 , -942010 , 912518
1.95671e+06 , -102915 , -1.02357e+06
841575 , -1.50692e+06 , 984288
991490 , 2.11241e+06 , 1.32996e+06
7015.44 , -1.39529e+06 , -1.45861e+06
-171344 , 896649 , 1.18822e+06
-241822 , 1.42449e+06 , 1.38464e+06
1.13799e+06 , -276575 , 849035
-786301 , -385136 , 2.6017e+06
1.48046e+06 , -281493 , 836295
882500 , 860171 , 962735
547560 , 429961 , 1.08274e+06
17012.4 , -1.28348e+06 , 1.43366e+06
779350 , 865430 , 109716
975340 , -117244 , -927995
-187578 , -481144 , 773992
-220349 , -1.976e+06 , 723861
1.36815e+06 , 1.09575e+06 , 1.98548e+06
337736 , -611257 , 43279.8
-368233 , 194823 , -831719
117257 , -133869 , -1.52782e+06
-828867 , -973218 , -1.32609e+06
1.32808e+06 , -812327 , 921103
-630243 , 1.88709e+06 , 1.66128e+06
-1.45446e+06 , -1.27302e+06 , -1.48058e+06
1.05984e+06 , -165278 , 415537
1.96711e+06 , 1.16792e+06 , 879843
-1.88911e+06 , -961517 , -214192
352922 , 244491 , -702864
2.45991e+06 , -45208.3 , 891434
1.76525e+06 , 1.23532e+06 , 715439
1.67387e+06 , -185598 , -765865
1.15059e+06 , -1.47741e+06 , 698096
-575498 , 508229 , -1.73284e+06
970901 , 906527 , 1.04332e+06
1.17273e+06 , 1.89994e+06 , 279136
1.54948e+06 , 1.61821e+06 , 713946
354454 , -102552 , 303156
-932068 , 666612 , 906314
-1.09233e+06 , -1.81566e+06 , 1.34972e+06
320085 , 51128.8 , -5030.66
-229858 , -933184 , -947185
449364 , 1.36692e+06 , -750623
-420299 , 573942 , 239353
-695566 , 305110 , -1.69751e+06
745606 , -1.21523e+06 , 1.45156e+06
-511537 , 14041.2 , 1.33293e+06
-1.03654e+06 , 60102.7 , 945063
8839.93 , -1.25838e+06 , -1.80126e+06
-769078 , 37423.6 , 599876
-2.19276e+06 , 525054 , -12992.9
185700 , 1.64141e+06 , 1.24788e+06
1.80242e+06 , 768812 , 719662
440945 , 2.74176e+06 , 270693
707973 , -264629 , 4263.14
1.03402e+06 , -1.26911e+06 , 1.51774e+06
-1.77355e+06 , 1.0909e+06 , 986354
1.50856e+06 , -595265 , -116270
-798212 , -238792 , 359545
589930 , -15310.6 , 157340
-398012 , 218212 , 183712
-1.46754e+06 , -1.06059e+06 , 427860
-1.2978e+06 , 388941 , -793511
883423 , 588080 , -851833
323931 , -88252.3 , -1.01442e+06
907279 , -743604 , 535607
-972264 , -690712 , 1.25104e+06
-1.18133e+06 , 1.09867e+06 , 925603
445537 , 2.02035e+06 , -899506
115007 , -400770 , 100807
999388 , 63591.6 , 22248.5
688246 , 1.09061e+06 , -521365
1.08605e+06 , 871179 , -690715
1.04148e+06 , 11391.9 , -762243
-2.01825e+06 , 2.06009e+06 , -343778
-751596 , 2.0179e+06 , 759958
1.7815e+06 , 920911 , -200239
416688 , 1.79817e+06 , -806409
1.03191e+06 , 1.01832e+06 , -2.01782e+06
-1.58591e+06 , 384672 , -126124
-47485.7 , -317177 , -522342
751602 , 483478 , 1.41312e+06
154881 , 407730 , -991622
628816 , -396867 , -24714.9
-798092 , -634169 , 743983
-866147 , 709082 , -664211
-879731 , 752004 , 1.16631e+06
-1.63797e+06 , 613609 , 1.73498e+06
1.83062e+06 , -346793 , 241857
-1.27284e+06 , -916645 , -1.64104e+06
-162125 , 28422.1 , -211407
-1.28308e+06 , 193884 , -1.74158e+06
1.19639e+06 , 489611 , -1.61468e+06
-933708 , -1.31206e+06 , 2.52647e+06
1.59587e+06 , -839939 , -186615
-751503 , -1.14541e+06 , -1.1977e+06
-913249 , -441527 , 97421.1
1.72674e+06 , -150558 , -1.30044e+06
1.03719e+06 , 1.79383e+06 , -1.49736e+06
-373141 , 16320.7 , 348461
60578 , 797179 , 1.59589e+06
-627592 , 65116.2 , -1.0898e+06
-400805 , -11790.7 , -331785
731736 , -1.59528e+06 , -1.1673e+06
1.74833e+06 , 777301 , -873081
905969 , 712580 , 683178
-624871 , -807352 , -1.58199e+06
-45456.8 , 46912.3 , 1.64839e+06
-1.24139e+06 , 1.98098e+06 , 977263
-781979 , 1.15319e+06 , 892069
307624 , 1.70019e+06 , -426521
616509 , -1.63103e+06 , 865482
-1.37655e+06 , 511010 , 798889
1.05078e+06 , 1.65433e+06 , 192621
1.57362e+06 , -1.85813e+06 , 339589
-1.07004e+06 , 215853 , 909708
1.84867e+06 , 126810 , 3398.85
-2.03215e+06 , -433462 , -712368
-274995 , 41788.2 , -950799
543936 , -1.11469e+06 , -576063
-869973 , -737675 , 389380
-623089 , -709694 , -1.07881e+06
-1.21089e+06 , 1.16743e+06 , -635739
434034 , 281019 , 377540
325219 , -1.90652e+06 , 312379
455295 , -449478 , -875518
332392 , 1.47809e+06 , -1.62449e+06
-706754 , -2.11609e+06 , 1.05042e+06
-2.53101e+06 , -725303 , -146907
207484 , -506978 , -353555
-526955 , -364780 , -446157
852921 , -1.39355e+06 , 105249
-389682 , -439051 , 1.5898e+06
195992 , 252179 , 1.66145e+06
56357.9 , 245016 , -344816
-1.74042e+06 , 466570 , 546537
1.42238e+06 , 310667 , 1.64181e+06
-1.46593e+06 , 596722 , -1.10296e+06
-1.82659e+06 , -543667 , -169263
794620 , -1.41645e+06 , -949995
-169390 , -390865 , 2.20954e+06
853491 , 242680 , 1.49332e+06
687319 , -725339 , 2.14728e+06
-27815.5 , -200853 , 593306
1.30552e+06 , 997078 , 1.50182e+06
1.27912e+06 , 504175 , 1.36936e+06
1.02637e+06 , 1.08626e+06 , 2.35373e+06
-494437 , -234174 , 741879
-598974 , -33533.1 , 1.28342e+06
814896 , -1.00307e+06 , 114942
-459495 , -622465 , -634502
1.38629e+06 , -391146 , 87606
-1.34667e+06 , -1.73732e+06 , -290796
1.94999e+06 , -229813 , 180214
-262208 , -1.49925e+06 , 427109
-1.84653e+06 , -146076 , -643744
-986366 , -1.29188e+06 , -876977
479550 , 126598 , -1.41939e+06
-1.06521e+06 , -903979 , 283394
-1.21672e+06 , 1.46954e+06 , 1.19936e+06
734859 , 1.07344e+06 , -1.14141e+06
539592 , 254481 , 243373
-756569 , -149476 , -252678
-237378 , 640354 , 179968
1.38767e+06 , 358969 , 816871
2.02643e+06 , 333666 , -1.10375e+06
403494 , -1.39865e+06 , 1.58867e+06
619316 , 122444 , -960769
-1.91377e+06 , -1.28818e+06 , 1.52624e+06
-500181 , 157378 , -652362
934374 , -2.21683e+06 , 160957
141506 , 1.30116e+06 , 622540
-522735 , -1.52124e+06 , -1.06364e+06
2.94766e+06 , -167405 , -623474
288695 , -1.35094e+06 , 848613
1.23684e+06 , -663975 , -1.41054e+06
367944 , -777868 , -578573
-940432 , 1.58504e+06 , 338906
-382564 , 154226 , 1.05562e+06
1.322e+06 , -463804 , -70853.1
290299 , -392538 , -1.66973e+06
-944828 , 39624.3 , 1.48781e+06
-977056 , -463428 , 1.37353e+06
471184 , 882379 , 191891
-1.12064e+06 , -975853 , 692676
-1.06132e+06 , -11784.5 , 855564
-362089 , 392476 , -183088
801936 , -1.20365e+06 , 551920
-47582.4 , -56136.6 , -486540
23683.2 , 1479.75 , -1.22619e+06
-2.17459e+06 , -1.09882e+06 , 1.38363e+06
156519 , 128181 , -12137.2
1.93339e+06 , 183666 , 453842
1.79845e+06 , -325427 , 110535
169887 , -812823 , -875353
-1.2183e+06 , -757364 , 296691
-1.37114e+06 , -294552 , 2.47586e+06
803218 , 286045 , 289987
-1.88199e+06 , -263169 , 1.32008e+06
1.32956e+06 , 49363.4 , 166245
46987.1 , 157076 , -2.01952e+06
-369303 , 28495.2 , -2.25739e+06
-564025 , 269118 , 959710
181241 , -81858.2 , 154686
-177779 , -1.38827e+06 , -376197
-589182 , 1.44209e+06 , 669982
1.78398e+06 , -1.23835e+06 , 347307
633400 , -986312 , -79510
-1.30992e+06 , 1.05868e+06 , -271702
-1.61209e+06 , -1.08192e+06 , -1.27662e+06
-1.46147e+06 , -619046 , -801513
1.17564e+06 , -1.12888e+06 , -480535
-1.25025e+06 , 119349 , 327979
-135135 , 501281 , 623864
-1.19649e+06 , -416527 , 1.05301e+06
1.35251e+06 , 493949 , -1.30876e+06
811488 , -846506 , -246720
1.48126e+06 , 1.50496e+06 , -21909.2
-1.68175e+06 , 949248 , -373881
1.64615e+06 , -9427.85 , 1.53167e+06
-430348 , -2.73303e+06 , 561202
494322 , -639111 , 2.19679e+06
651524 , -431571 , 843816
-1.09042e+06 , 167171 , 1.50792e+06
-66621.5 , 683729 , 1.75083e+06
1.79939e+06 , 1.58541e+06 , -634132
-1.96951e+06 , 5843.35 , 988199
2.02787e+06 , 502067 , 950134
-832551 , -856631 , -898232
-2.10938e+06 , -1.21351e+06 , -301895
-1.29311e+06 , -36202.5 , -64715
-481937 , -349250 , -546668
1.23581e+06 , -999750 , -294056
808755 , -1.59608e+06 , 608107
-496091 , -405005 , 318906
-1.83255e+06 , -155371 , -2544.81
1.07601e+06 , 1.55967e+06 , -278261
-1.5183e+06 , 1.47747e+06 , 500372
441742 , -1.30413e+06 , -1.02742e+06
-1.35753e+06 , 299297 , 768023
975648 , -622812 , -125286
832733 , -1.84877e+06 , -419039
-368085 , -2.15074e+06 , 367305
-1.00705e+06 , -1.38106e+06 , -1.24698e+06
-1.17832e+06 , 1.33523e+06 , 359159
-225212 , 1.29426e+06 , 770330
676540 , 1.38143e+06 , 829063
-1.95173e+06 , -1.0715e+06 , 39459.5
-653096 , -1.5131e+06 , 737367
-882132 , 27033.3 , 1.05057e+06
769381 , -890814 , 2.47896e+06
10553.5 , -113535 , -2.24083e+06
-353485 , -771444 , -1.61541e+06
504428 , 150155 , 1.06632e+06
1.03681e+06 , -1.31056e+06 , 1.54867e+06
241650 , 1.22816e+06 , -126251
-578090 , 999972 , 520093
-1.00385e+06 , 1.03592e+06 , 186114
-31979.4 , -1.09831e+06 , -1.35223e+06
281687 , 10291.9 , 1.44914e+06
836236 , 209591 , -1.40205e+06
83565.3 , 1.44253e+06 , -979460
-212176 , 1.27786e+06 , 248636
-1.36092e+06 , -826207 , 1.36918e+06
602058 , 318375 , 925209
752363 , 687407 , 2.26123e+06
537960 , -10733.8 , 1.09253e+06
761998 , 401032 , -719132
726108 , -136723 , 913108
489755 , 1.25948e+06 , -137125
-1.08596e+06 , 204785 , -1.08758e+06
99141.9 , -384415 , 1.22994e+06
-2.14824e+06 , 579945 , 48995.1
443201 , -223859 , -726176
-676419 , -1.51549e+06 , 624037
-48620.1 , -540304 , 201131
552817 , 1.09063e+06 , -687673
-316723 , -657578 , 429595
-958010 , 1.14272e+06 , -1.65236e+06
-2.24913e+06 , 525351 , 131137
-872115 , -2.3089e+06 , -260423
90400.1 , -132999 , 1.16414e+06
104655 , 1.07048e+06 , 2.1959e+06
93012.9 , 1.2577e+06 , 1.30003e+06
-649933 , -907461 , -443962
60230.7 , 17084.4 , -926848
122575 , -593913 , -943943
-1.31886e+06 , -737460 , -140571
13324.9 , 1.6533e+06 , 315709
-867546 , 1.37307e+06 , 419487
-111201 , -683795 , 1.84051e+06
2.27138e+06 , -148562 , 222250
859564 , -904668 , 75355.4
-380728 , 272048 , -1.61374e+06
368567 , -685843 , 1.31767e+06
-139018 , 1.51927e+06 , -1.6445e+06
-1.7122e+06 , -664143 , -1.16745e+06
2.00196e+06 , 241165 , 1.00594e+06
-656993 , -857180 , 955896
973803 , 2.62228e+06 , 647679
-59699.3 , -288342 , -103087
862899 , 633899 , 2.12152e+06
-802270 , 1.30156e+06 , -1.16498e+06
-1.67353e+06 , -143715 , -1.54475e+06
132040 , -152373 , 872636
-1.26339e+06 , -217382 , -709167
-772421 , 274710 , -1.33888e+06
-697548 , 1.65458e+06 , 1.41748e+06
1.02451e+06 , 879314 , 239365
-1.7307e+06 , -1.01979e+06 , 975725
-386612 , -99218.6 , 478204
1.73302e+06 , 1.86263e+06 , 925399
1.43362e+06 , -1.13645e+06 , 490213
-1.88104e+06 , -1.47122e+06 , 1.20206e+06
-2.59353e+06 , -946217 , 589708
276420 , 862974 , 1.21095e+06
921113 , 422536 , 900072
-1.05903e+06 , -1.95699e+06 , -1.43156e+06
-66867.1 , -750157 , 1.60074e+06
1.14963e+06 , -917926 , -150730
-1.14493e+06 , -393617 , 353837
-882381 , -748136 , -242616
-596106 , 987733 , -987250
591506 , 1.09432e+06 , -414588
-309890 , 1.11938e+06 , 592650
-781265 , -479051 , -751514
293584 , -844313 , -1.94408e+06
-1.58061e+06 , 2.26112e+06 , 527596
105300 , 1.10049e+06 , -1.29566e+06
-1.36722e+06 , -1.66745e+06 , 1.11225e+06
730856 , 258693 , -1.40352e+06
900561 , 100435 , -1.66192e+06
-2.58746e+06 , 713737 , 703440
601519 , -362255 , 1.80737e+06
-273241 , -1.83879e+06 , -849461
916596 , -391728 , -1.0105e+06
-144486 , 283034 , 818707
352152 , -449881 , 33394.9
-177687 , -219880 , 1.59975e+06
-762244 , 904859 , -169515
-2.44151e+06 , 266138 , 1.11298e+06
-313984 , 438003 , 1.59818e+06
-127527 , 682346 , -209031
-181159 , 737660 , -1.95309e+06
-799311 , 1.24426e+06 , 234337
-1.57211e+06 , 140273 , -524092
-72690.1 , -1.20627e+06 , 2.03217e+06
924682 , 155075 , -565330
542748 , 766588 , 912815
-1.26226e+06 , 319676 , 1.5679e+06
-185763 , 1.04848e+06 , -863088
-143924 , -1.71144e+06 , -1.00206e+06
-1.47549e+06 , 1.16538e+06 , 1.91356e+06
1.52525e+06 , -1.25881e+06 , -500047
448546 , 795356 , -241301
815710 , -111005 , -499818
-1.92158e+06 , -645949 , -544571
-1.52984e+06 , -733810 , -893905
-849850 , 22975.8 , -393868
1.55789e+06 , 1.00282e+06 , -1.00247e+06
840306 , -858357 , 226192
-1.76835e+06 , -1.39718e+06 , 366608
-164745 , -1.72475e+06 , 505082
994407 , 1.77201e+06 , -1.16843e+06
1.21869e+06 , -1.14659e+06 , 842194
-864945 , -1.64638e+06 , 647580
980589 , -354842 , 1.44184e+06
-745342 , -974093 , 1.15961e+06
564824 , -1.31795e+06 , 1.46703e+06
245743 , -695930 , 1.01437e+06
51249.1 , -1.15315e+06 , 501314
-1.70328e+06 , -16318.8 , 1.04591e+06
449579 , 1.08315e+06 , -1.16035e+06
1.17011e+06 , -963114 , 402977
158773 , 2.16988e+06 , 372151
-134916 , 415573 , -954993
-402840 , 1.82508e+06 , 795319
-912927 , 891738 , 1.11826e+06
850369 , -2.17096e+06 , 744701
763135 , -224890 , 2.74372e+06
-1.70305e+06 , 255588 , -576721
661395 , -10799.5 , -270267
-101022 , -2.07063e+06 , -547586
-205427 , 667499 , 1.98511e+06
-895984 , 537000 , -100706
-476076 , -36590.2 , 1.05454e+06
1.18711e+06 , 1.7403e+06 , -381061
-649317 , 35903.5 , -342095
-780271 , -116186 , -63028.1
1.32041e+06 , -1.77483e+06 , -478682
-590261 , -658340 , 141473
711718 , -1.07451e+06 , -329996
317036 , 1.27782e+06 , 203219
-972961 , -670757 , -1.06706e+06
1.58122e+06 , -191938 , 132746
686281 , 499876 , -531550
-388689 , -1.75022e+06 , -1.36015e+06
-33890.2 , 258017 , 1.87662e+06
-1.96601e+06 , 1.23177e+06 , 163772
506554 , 314706 , 697931
896079 , 1.69847e+06 , 1.73428e+06
608832 , 332807 , -1.45379e+06
1.62201e+06 , 127141 , -495340
-891410 , 687164 , -1.03443e+06
-1.59347e+06 , 204300 , -1.14237e+06
171674 , 813948 , 357825
514780 , -252834 , 484759
-1.47377e+06 , 560705 , -705192
220462 , -1.58533e+06 , 2.11045e+06
-556978 , 112769 , 2.16286e+06
-470409 , -122798 , -1.60859e+06
1.54256e+06 , -461610 , -112052
-343200 , -1.10543e+06 , 1.01441e+06
-502490 , -1.29409e+06 , 789330
2.90944e+06 , 28435 , 586256
730243 , -866281 , -379112
-515079 , -997751 , -404584
561651 , 1.34477e+06 , -1.68906e+06
-1.81614e+06 , 617443 , 980628
849225 , -474449 , -116573
897756 , 1.44898e+06 , -91729.1
-282385 , -551357 , 46509.3
1.83213e+06 , 785619 , 8248.24
1.21593e+06 , 992065 , 138800
-1.10858e+06 , -999839 , -1.90009e+06
-1.18865e+06 , -103892 , 144287
685337 , -47690.9 , -1.33062e+06
-1.58938e+06 , -8494.99 , 269639
-2.02165e+06 , -92316.1 , 1.4484e+06
957299 , 1.7887e+06 , 541419
4957.66 , -1.08488e+06 , -2.21919e+06
-242801 , 548388 , 1.15101e+06
1.18766e+06 , 329234 , 126454
-2.59355e+06 , -167503 , 310555
-671934 , 977680 , 203502
-1.37063e+06 , 1.07994e+06 , 1.58592e+06
-1.87878e+06 , -474372 , 33695
-732299 , 569811 , 775607
-1.27658e+06 , 286279 , -1.30496e+06
1.88757e+06 , 297601 , 1.57529e+06
32870 , 947428 , -1.43927e+06
-2968.28 , 1.00051e+06 , 1.75947e+06
-199920 , -543789 , -804513
-1.09347e+06 , -336024 , -1.78717e+06
1.10721e+06 , -1.17191e+06 , 1.33606e+06
-970632 , -265982 , -200990
-588038 , -1.46229e+06 , -203609
21808.3 , -769324 , -1.90431e+06
-228207 , -860845 , -949705
304389 , 1.39733e+06 , 935530
-384578 , 1.43313e+06 , -884012
-198325 , -364059 , 1.952e+06
-1.14647e+06 , -102396 , -301576
-311337 , -1.47993e+06 , 1.16328e+06
208531 , 1.6842e+06 , 477615
-362525 , 2.18666e+06 , 1.18968e+06
1.45662e+06 , 615469 , -694765
-810833 , 1.44047e+06 , -22003.8
1.56835e+06 , 992019 , 4183.61
192117 , -176853 , -494913
-1.43998e+06 , -1.34789e+06 , -326751
-167246 , -511488 , 397381
-178331 , 133605 , 1.99949e+06
311726 , -998817 , -913324
1.0649e+06 , -958948 , 327336
-115575 , -1.16507e+06 , -726375
677327 , 74840.2 , 1.43672e+06
758033 , -522111 , -223099
-961943 , -1.30819e+06 , -402835
1.17532e+06 , 1.50561e+06 , 277717
509986 , 184277 , 28368.2
-79709.2 , 527318 , -61033.6
-1.96254e+06 , -52200.6 , 2.16327e+06
-1.51418e+06 , -205771 , -633987
-1.07515e+06 , 215171 , -493101
1.19731e+06 , 841899 , 14338.5
-809366 , 218946 , 171359
144473 , -908778 , 878907
207769 , 1.32772e+06 , 1.10495e+06
715993 , 427632 , -308413
-1.3795e+06 , 244133 , 999794
609016 , -1.45175e+06 , -1.38381e+06
-866605 , -64548.7 , 461631
409039 , -197059 , 415155
-1.0105e+06 , 1.2451e+06 , 881224
-255855 , -621457 , 672499
-368494 , 138795 , -1.43526e+06
741816 , 613728 , -913612
-824455 , -745312 , -751891
248285 , 120497 , -1.40777e+06
-419115 , -440463 , -791416
171519 , -166844 , -267099
-35412.9 , 1.53273e+06 , 119372
-2.09124e+06 , 1.29343e+06 , 717870
197800 , 1.58848e+06 , -1.13626e+06
176546 , -911025 , 874558
-1.44594e+06 , 84396.6 , 463202
684660 , -968948 , -122389
761578 , -1.74251e+06 , 905799
-997342 , 93314.3 , 1.19721e+06
-849996 , -1.60942e+06 , 938531
69415.8 , -1.99063e+06 , -83253.4
874252 , -545747 , 647325
674712 , 1.55069e+06 , 896270
1.27747e+06 , 328937 , -611711
-345039 , 1.55638e+06 , -842524
-702968 , 494159 , 877990
-933142 , -65912.6 , 1.22812e+06
-304797 , 1.33087e+06 , -586880
1.74718e+06 , 1.06783e+06 , -1.49565e+06
-680101 , 92669 , -1.43822e+06
353666 , 1.30056e+06 , -1.01362e+06
-533028 , -1.15503e+06 , -464774
883022 , -177611 , -1.11951e+06
-2.24464e+06 , 186986 , -1.10568e+06
122561 , -1.2507e+06 , 2.35402e+06
-1.03843e+06 , 33346.4 , 685527
1.29161e+06 , -1.56273e+06 , 1.1763e+06
-1.36168e+06 , -837175 , 768301
-815595 , -1.36814e+06 , 2.06488e+06
-1.57357e+06 , 1.55437e+06 , 750320
992061 , -1.2081e+06 , 753895
408230 , -351154 , -155560
728951 , 625418 , 1.17409e+06
-161135 , -415210 , 724851
-59670.6 , 517622 , 106167
1.48934e+06 , -651211 , 630589
4297.58 , 1.04823e+06 , 2.14509e+06
2.40083e+06 , 150531 , -91874.2
403987 , -1.68705e+06 , -977303
1.70458e+06 , -783746 , -1.64001e+06
1.28252e+06 , -1.13898e+06 , 1.35335e+06
-2.04779e+06 , -106760 , 1.53287e+06
391866 , -951156 , 921304
-1.87645e+06 , -1.26131e+06 , -552999
368755 , 761658 , 1.49757e+06
302646 , 1.26034e+06 , 1.90372e+06
727145 , -885352 , 535939
-1.02161e+06 , 282170 , -813892
-372577 , 2.30264e+06 , 274973
-178865 , 1.42754e+06 , -260766
216040 , -1.17099e+06 , -481580
1.16135e+06 , 1.17667e+06 , -800014
-625554 , 1.42622e+06 , 778332
654356 , 1.02139e+06 , 947690
1.3721e+06 , -1.69707e+06 , 148173
195075 , -1.91083e+06 , -712782
1.42632e+06 , -385480 , -327022
-1.3095e+06 , 1.03141e+06 , 287274
109477 , 1.264e+06 , 303537
-80750.3 , 1.36133e+06 , 114347
-1.29024e+06 , 1.17826e+06 , -647537
1.12168e+06 , -985166 , 817620
1.04933e+06 , 1.54197e+06 , -1.08465e+06
-223903 , 1.53726e+06 , -101476
1.12711e+06 , 254312 , -946531
1.13907e+06 , -1.40242e+06 , -1.2028e+06
1.12732e+06 , -1.0515e+06 , 1.05218e+06
1.83816e+06 , 314420 , 834849
81160.9 , -257647 , 1.01745e+06
1.2754e+06 , -47390.9 , -950721
385116 , 114302 , -1.38035e+06
-887818 , 2.10965e+06 , -434552
746478 , -397800 , -1.96887e+06
1.84649e+06 , -997532 , -1.75758e+06
74231.4 , -1.25005e+06 , -1.7206e+06
1.39595e+06 , -190460 , -373051
-1.04884e+06 , 937706 , 1.40675e+06
2.46226e+06 , 925545 , 14024.4
1.52062e+06 , 473279 , 1.0525e+06
108709 , 1.81741e+06 , -1.09686e+06
-601807 , 129892 , -271970
-1.13745e+06 , 346730 , -730452
293854 , 152804 , 268960
-184123 , -879700 , -915356
643053 , -1.13824e+06 , -132274
78713.2 , -914096 , 1.67253e+06
-698921 , -300282 , 777689
-783655 , 560886 , -2.26419e+06
-278356 , 56008.8 , -479145
377565 , -1.25706e+06 , 999169
-169464 , 822544 , 612547
281936 , 739854 , 2.45218e+06
532208 , 1.21654e+06 , -393486
216543 , 776049 , -1.45796e+06
554824 , 1.13363e+06 , -817515
976558 , 1.05895e+06 , 1.85798e+06
591851 , 689396 , 946266
828713 , -745512 , -101407
19889.8 , 714792 , -1.13588e+06
-763647 , 1.11341e+06 , 1.29149e+06
-998426 , -1.13531e+06 , 355616
-815778 , 2.76004e+06 , 815137
-700312 , 884432 , -1.61893e+06
790151 , -2.17872e+06 , -553751
-1468.42 , 1.35221e+06 , -1.2404e+06
519958 , -1.47732e+06 , -1.69599e+06
2.25348e+06 , -620334 , 237379
552924 , 435031 , 1.47395e+06
-637536 , -515526 , -1.0443e+06
-750454 , -1.13132e+06 , -70564.1
1.78444e+06 , -1.06936e+06 , 207093
-636137 , -183266 , -754411
-71184.3 , 960587 , 73524.1
1.47603e+06 , 124055 , 1.90031e+06
-780905 , -805266 , 1.5427e+06
1.72986e+06 , 1.41343e+06 , 281227
-660998 , -996369 , 184296
-211042 , -1.81082e+06 , 283512
-868749 , 7263.56 , 1.25042e+06
-564409 , -1.02598e+06 , -209674
-479749 , -987437 , 1.44347e+06
1.97582e+06 , 595869 , 600032
-120696 , -31571.5 , 2.20548e+06
-479244 , 1.77974e+06 , 1.57885e+06
565397 , -1.18144e+06 , -866279
673543 , 1.03539e+06 , 1.26464e+06
-1.5431e+06 , 535672 , -9077.64
-1.33463e+06 , 325701 , 1.10727e+06
-1.47179e+06 , -1.68366e+06 , 331383
2.15996e+06 , -54166.1 , 1.29882e+06
-95229.1 , -157847 , -600507
-1.1998e+06 , -265779 , 982931
-179646 , -1.36189e+06 , -446334
-392971 , -969272 , 1.05699e+06
1.21805e+06 , -932168 , 597604
-681201 , 1.19499e+06 , -608462
-59203.3 , 467833 , -587403
2.35459e+06 , 246107 , -963349
340607 , 916304 , -2.24873e+06
933833 , 273811 , 1.20324e+06
-1.16647e+06 , 1.05611e+06 , 461837
-637329 , -1.86018e+06 , 52410.2
-751684 , 1.60235e+06 , 1.50085e+06
1.22775e+06 , 1.14697e+06 , 295034
444903 , 780200 , 1.48784e+06
2.46097e+06 , -97322.7 , -555695
-1.47049e+06 , 806346 , -232213
789063 , -222384 , -1.52798e+06
391176 , -2.17404e+06 , -442404
-1.90474e+06 , -1.41261e+06 , -40734
1.44211e+06 , -756206 , -932362
418836 , -1.66221e+06 , -678782
1.40316e+06 , 1.546e+06 , 618245
-457635 , 1.13569e+06 , 96906.7
-783404 , -1.12118e+06 , 1.6696e+06
-381472 , -1.25915e+06 , -592342
-558065 , 1.32111e+06 , 1.7887e+06
-1.42693e+06 , -384141 , 2.22843e+06
-1.68113e+06 , 1.34884e+06 , 310337
-1.21175e+06 , -418685 , -598507
-1.25e+06 , -861901 , 197533
2.33171e+06 , 655508 , -412425
-525655 , -610176 , -1.43981e+06
1.0569e+06 , -112116 , 1.0311e+06
-623336 , 1.23346e+06 , 10804.3
1.08857e+06 , 866313 , -306604
973216 , 98057.4 , -115792
-786786 , -1.39527e+06 , 673560
680849 , 1.15165e+06 , -383406
-1.02983e+06 , -381839 , -576246
-221208 , 155003 , 57246.5
1.0462e+06 , -1.27321e+06 , -868355
595856 , 1.12094e+06 , -217854
589929 , -862743 , -198225
-305569 , 1.9024e+06 , 811939
970446 , -1.29733e+06 , -430266
-1.61635e+06 , 711106 , -127492
-735033 , 691618 , 370030
916056 , -587679 , 1.4272e+06
-411243 , -908328 , 999102
759480 , 186625 , -63860.8
1.35864e+06 , -1.44045e+06 , 708309
738453 , 1.46537e+06 , -1.06105e+06
762102 , 1.62726e+06 , -483115
-983942 , -525815 , -493479
-1.24664e+06 , -1.40177e+06 , -777205
-1.20632e+06 , 212790 , 1.81597e+06
-1.19593e+06 , 2.67861e+06 , 422135
1.39468e+06 , 2.00406e+06 , 886215
-1.36357e+06 , -1.14668e+06 , 883562
-733446 , -1.59702e+06 , -59056.7
768075 , -798236 , 1.47192e+06
-255752 , 1.2171e+06 , 103537
-1.55859e+06 , 1.91736e+06 , 1.1466e+06
-1.60065e+06 , 304713 , -1.25875e+06
-669265 , 27731.3 , -2.07831e+06
-22884.7 , -1.69283e+06 , -2.53322e+06
-574607 , 1.41779e+06 , 11745.5
-1.42343e+06 , -449364 , 72425.4
-1.92566e+06 , -368615 , -231070
-251562 , -691107 , -620149
1.02283e+06 , 1.70488e+06 , 1.13974e+06
218554 , -1.5788e+06 , -837624
1.16836e+06 , 1.40264e+06 , 438362
749106 , 373983 , 1.08604e+06
878322 , -1.09167e+06 , -614971
-486503 , -1.35743e+06 , -1.00732e+06
170253 , 309055 , -319088
7203.8 , -1.6986e+06 , 1.95558e+06
1.32976e+06 , -750651 , -455904
-1.29229e+06 , -2.22694e+06 , 713613
1.09581e+06 , 1.1819e+06 , 140599
-408507 , -147351 , -978939
-494814 , 1.16263e+06 , 1.0765e+06
1.38455e+06 , -427039 , 1.82189e+06
-25138.4 , 1232.72 , 1.24928e+06
489588 , -1.69118e+06 , -668561
655175 , 106312 , 640263
-1.84093e+06 , -439615 , -585660
-898002 , 174656 , -514281
-1.78892e+06 , 662696 , -602987
1.00101e+06 , 1.02192e+06 , 955793
-950941 , 198439 , 624353
845172 , -561860 , -2.20705e+06
2.84165e+06 , 72387.4 , 806847
-1.60446e+06 , 1.24054e+06 , 1.10886e+06
-49371.6 , 126083 , 968402
1.45175e+06 , 155259 , 534587
581468 , -1.81087e+06 , 856352
807437 , 929861 , 148277
-911206 , -84106.6 , -722023
439000 , -375563 , 3.35225e+06
717650 , 1.26697e+06 , -394735
256036 , 486540 , -1.16516e+06
-181360 , 905015 , 1.35652e+06
661788 , 1.43969e+06 , 625137
-1.398e+06 , 450787 , -1.40661e+06
1.396e+06 , 375467 , -850955
-762642 , 607632 , 854681
1.34743e+06 , 524873 , -208164
-944843 , -308684 , -1.10297e+06
-350929 , -26655.8 , 197470
256487 , 61539.5 , -918888
392392 , 439820 , 1.32703e+06
-148551 , 61194.1 , 1.6942e+06
168644 , 2.31925e+06 , -410245
843439 , -486931 , 1.87649e+06
578790 , -77255.4 , -205928
63401.3 , -1.92982e+06 , 680331
-1.29798e+06 , 1.1222e+06 , 392470
-2.17892e+06 , -978375 , -1.02163e+06
-773984 , -1.82938e+06 , 866927
1.04402e+06 , -149637 , 1.07719e+06
46989.4 , -437161 , 326976
-113020 , 1.06543e+06 , 1.99713e+06
1.29578e+06 , -727844 , 1.90723e+06
-543286 , 488580 , 2.03093e+06
-276292 , 1.28959e+06 , -1.52152e+06
-167270 , 2.1949e+06 , 918150
-1.07062e+06 , 235467 , 171295
214970 , -92447.6 , -447704
540037 , 104221 , 420816
-1.22196e+06 , -969904 , 1.17511e+06
124959 , -1.07783e+06 , -250467
-1.54321e+06 , 136615 , -653245
-107948 , -14884.9 , 2.17984e+06
-974349 , -77394.8 , -1.39757e+06
1.27479e+06 , 136398 , 1.18517e+06
633456 , 630187 , 417351
1.08344e+06 , -2.12285e+06 , 604434
-642511 , 1.716e+06 , 935783
-278428 , 886863 , 92634.9
-325094 , 1.98166e+06 , 1.65874e+06
-1.6898e+06 , 1.63622e+06 , -955872
1.47798e+06 , -2.2782e+06 , -771149
656619 , 81710.4 , -2.24455e+06
-1.10746e+06 , -1.78264e+06 , -249565
-1.62948e+06 , -705025 , 115009
545995 , -772679 , -873489
610399 , -60849.8 , -419701
86847.7 , 1.65504e+06 , -486953
80310.3 , -1.11488e+06 , -1.22321e+06
648207 , -984915 , 1.39121e+06
1.26864e+06 , -227815 , 831849
-740106 , -356762 , 593415
-192554 , -2.16434e+06 , -1.28367e+06
502469 , -961841 , 600459
733185 , 1.18281e+06 , -768777
-55533.2 , -816047 , 368849
156715 , 1.54188e+06 , 809354
-874299 , -1.65513e+06 , -1.55927e+06
1.00663e+06 , 120480 , 1.90472e+06
-1.29471e+06 , 753337 , 354058
-629340 , 977942 , -902377
-622544 , 323116 , -1.30693e+06
42530.7 , 1.56187e+06 , 805749
-555660 , 336779 , -678808
286501 , -171399 , 1.63479e+06
-145430 , 274461 , 214688
1.62061e+06 , -1.04623e+06 , 450325
-516320 , -33318.2 , 1.06535e+06
407421 , -932895 , -75466.2
177562 , 365037 , 388409
222785 , 944982 , -326385
1.58937e+06 , 1.05301e+06 , 2.08229e+06
386865 , -189320 , -494443
553945 , 599452 , 2.36422e+06
208117 , 2.03291e+06 , -221078
1.37803e+06 , -1.29114e+06 , 1.27694e+06
745616 , -128074 , -84368.7
-1.76439e+06 , 278989 , -225405
1.07812e+06 , -814644 , -1.51903e+06
-1.96041e+06 , -77625.9 , 164930
-1.3344e+06 , 97068.1 , -457488
1.74438e+06 , 867035 , 359624
-1.36446e+06 , 1.4251e+06 , -683207
-898225 , -352838 , 521967
-69722.1 , 652606 , 1.1573e+06
-356303 , -363280 , -527354
1.09473e+06 , -33860.7 , -1.62452e+06
-1.13167e+06 , 374505 , 553576
497344 , 1.59418e+06 , 465525
71173.3 , 1.46047e+06 , 604246
1.50535e+06 , 988106 , 1.15883e+06
-124293 , -1.01201e+06 , 212376
-562176 , -249437 , -202455
-239676 , -198797 , 1.38278e+06
-613676 , -282522 , 423953
1.36501e+06 , -982588 , 223179
1.16778e+06 , 771302 , 941326
46094.8 , 2.62898e+06 , 465482
-1.63973e+06 , -1.85544e+06 , -752867
305168 , 2.55007e+06 , 507289
289875 , 924162 , 1.42761e+06
-280730 , -174251 , -57340
500542 , -705891 , 1.57367e+06
985797 , -337244 , -406461
-1.08276e+06 , -636580 , 236124
1.49674e+06 , 648331 , -583021
-13804 , -1.36939e+06 , 728561
1.10006e+06 , 537826 , -493071
-269544 , -9571.85 , -72710
-1.96404e+06 , -533273 , -1.54837e+06
796630 , 364721 , -201642
-677707 , 1.20549e+06 , -510211
550157 , 1.18139e+06 , -2969.16
1.33743e+06 , -1.29674e+06 , 1.67596e+06
-1.2219e+06 , 2.16303e+06 , -804991
763887 , 526753 , -143020
-1.14958e+06 , -1.421e+06 , 322923
-868418 , -219664 , 2.44611e+06
129884 , -8715.07 , 121835
1.45352e+06 , 853769 , -1.16601e+06
-652368 , 691846 , 590497
-1.80237e+06 , 342965 , 472587
1.42159e+06 , -1.70511e+06 , 742163
-1.21966e+06 , -678234 , -295469
-971978 , -250733 , -2.46184e+06
393481 , -214995 , 1.15055e+06
-831694 , -1.02731e+06 , 514665
27366.6 , 1.24658e+06 , -1.00889e+06
-1.39409e+06 , -894107 , -259748
-1.68346e+06 , -609758 , 1.31699e+06
775197 , -1.05825e+06 , -1.31117e+06
-430934 , -1.88036e+06 , 39733.9
61846.8 , 1.33693e+06 , 35319.8
-791708 , 294704 , 14945
-417030 , -84110.6 , 99827.3
2.15251e+06 , 613832 , -1.80131e+06
-28706.4 , -839923 , 1.20835e+06
582402 , -144358 , 1.3193e+06
1.84719e+06 , 53217.3 , 263422
-1.80203e+06 , 395515 , 2.22053e+06
1.92707e+06 , 657434 , -672301
-287095 , -1.55155e+06 , -1.82281e+06
538356 , 447631 , 278539
-146078 , 61428.3 , -377005
-1.1881e+06 , -859309 , 1.36562e+06
319135 , -473413 , 1.27417e+06
135584 , -325443 , -2.09524e+06
744067 , 152293 , 162975
-721426 , 636475 , 462359
-1.48875e+06 , 322102 , 251654
2.51451e+06 , 1.60557e+06 , -810184
446257 , -1.22122e+06 , 261525
653163 , -85145.1 , 762308
431308 , -52534.1 , 1.95656e+06
-314863 , -781987 , -163431
-1.39593e+06 , 213007 , -811334
-8748.64 , 1.37026e+06 , 672489
1.88462e+06 , -316484 , -313023
493857 , 449753 , 1.69544e+06
-1.13084e+06 , 2.05291e+06 , -306426
-195496 , -364466 , -1.64197e+06
-131174 , -2.13526e+06 , -169854
-44655.7 , 1.08332e+06 , -472777
449842 , 58465.1 , -1.07835e+06
45759.5 , -207760 , 1.80059e+06
674303 , 1.82969e+06 , -373132
-665651 , 255999 , -263859
1.29344e+06 , -572399 , 1.05247e+06
465165 , -21470.9 , -34481.2
-1.77366e+06 , 396161 , -355710
1.46292e+06 , 387606 , 697154
-658000 , 323400 , -2.32196e+06
768898 , -718250 , 2.03389e+06
-438136 , -311147 , 2.01847e+06
870238 , 3.11171e+06 , 1.5929e+06
-283818 , -507344 , -1.73648e+06
470919 , 873229 , 503079
991841 , 220447 , -961200
-1.44959e+06 , 1.71366e+06 , -437260
-99783.1 , 1.43451e+06 , 578177
65677.7 , 294127 , 1.81048e+06
1.19007e+06 , -900763 , 229628
-738064 , -1.00831e+06 , 772699
-256112 , 547415 , 1.6149e+06
-1.51648e+06 , -53440.4 , -906061
-1.06657e+06 , 1.3633e+06 , 1.11807e+06
710232 , -50371.8 , 564611
1.99548e+06 , -1.69549e+06 , -618524
-75426.2 , 983256 , -1.47888e+06
213535 , -782481 , -521142
-2.24041e+06 , -82933.5 , -324326
-984833 , 232393 , -956051
104646 , -451739 , -327057
29910.5 , -1.91185e+06 , -1.19181e+06
-1.13012e+06 , -2.13138e+06 , 1.17656e+06
-581000 , -92306 , 1.98258e+06
1.03525e+06 , 1.37707e+06 , -705262
-523378 , 82482.1 , 1.03917e+06
-146333 , 1.08207e+06 , 1.10601e+06
57763.4 , 671347 , -149979
369086 , -1.46874e+06 , -211182
389852 , -636332 , -1.89165e+06
1.65898e+06 , 903587 , -858113
-931464 , 731246 , 955436
-1.77065e+06 , -959128 , -168592
-821612 , 232451 , -1.06749e+06
-169716 , -1.23113e+06 , 1.5691e+06
576925 , 1.83696e+06 , -1.94072e+06
-159752 , -95949.8 , 2.7684e+06
199386 , 87300.9 , -272815
-558947 , -635608 , -536733
-337457 , 529171 , -1.72286e+06
185806 , 1.40305e+06 , 2.49332e+06
262133 , 297161 , -1.23179e+06
-332124 , 21204.4 , 447205
-799500 , 1.78148e+06 , 570540
-664686 , 958289 , -862543
-1.27606e+06 , 1.65404e+06 , 1.57266e+06
660444 , 137774 , -1.18707e+06
-946501 , 1.65585e+06 , 234171
1.68128e+06 , 1.75085e+06 , 1.24499e+06
-770790 , 616528 , 933261
1.03215e+06 , -234913 , -1.07893e+06
-1.77981e+06 , -1.49009e+06 , -27866.1
330356 , 429713 , 161432
-398323 , -1.05275e+06 , -1.36617e+06
-218357 , -505630 , -1.01059e+06
-97826.2 , -1.21885e+06 , -1.22653e+06
-1.27087e+06 , 1.0807e+06 , -401375
-175177 , -489032 , 128278
1.43436e+06 , 321927 , -1.90714e+06
-2.19005e+06 , 351174 , -298178
-2.31036e+06 , 30054.6 , 76977.4
-30186.5 , 209320 , 935997
249759 , 114332 , 1.62357e+06
67404 , -2.16788e+06 , 803035
-853009 , 1.18829e+06 , -1.03056e+06
-323102 , -1.45041e+06 , 929762
1.31131e+06 , 2.11589e+06 , -174438
-1.18638e+06 , -255045 , -1.10994e+06
940005 , 294860 , 516886
735361 , -701033 , 948962
394342 , -564103 , 708375
-54956.1 , 801056 , -1.15117e+06
382287 , 1548.6 , 1.67841e+06
-137969 , -290448 , -94922.4
-930601 , 1.36289e+06 , 2.34013e+06
-954063 , 1.49813e+06 , 735662
951100 , 79515 , -70976.7
23497.3 , 710816 , 1.27975e+06
-513795 , -740590 , -219595
-746827 , 768082 , 1.37791e+06
-2.03847e+06 , -679709 , 1.0166e+06
634107 , 60677.6 , -53156.8
234028 , -494898 , 1.74949e+06
42734.6 , 226392 , 1.34657e+06
-829456 , -216481 , -273133
1.6931e+06 , -1.21279e+06 , 1.49253e+06
-1.00104e+06 , 1.12768e+06 , 801132
-394163 , 1.23335e+06 , 765061
-237146 , 345848 , 1.09034e+06
-433289 , 155814 , 345350
548366 , -708124 , 709970
533596 , -1.88586e+06 , -727821
255783 , -1.66009e+06 , 2.23513e+06
-778075 , -1.8887e+06 , -203897
677955 , 392939 , -1.26429e+06
354808 , -345698 , 1.06739e+06
1.42698e+06 , 1.245e+06 , 31769.5
-477326 , 1.83713e+06 , 413111
-245241 , -886743 , 765417
1.03201e+06 , -1.11077e+06 , 528328
-969863 , -706250 , 363942
-525362 , 389587 , 1.45344e+06
851900 , 874299 , 902199
1.08039e+06 , -1.44465e+06 , 1.86602e+06
-1.1058e+06 , 1.49841e+06 , 1.51901e+06
394005 , -1.66611e+06 , 189477
-793260 , 554175 , 523421
928049 , 447407 , 326864
-711680 , 1.00078e+06 , -126140
-896949 , 1.78204e+06 , 2.10884e+06
56330.6 , -394295 , -958669
-598491 , -296499 , -1.04333e+06
-642964 , -621556 , -1.00006e+06
-226359 , 530618 , -67336.9
-317547 , 85270.5 , 1.71098e+06
387822 , -1.12835e+06 , -704350
-1.27256e+06 , -1.07025e+06 , 151496
-1.44085e+06 , 272829 , 322511
143519 , -2.20295e+06 , 334414
683838 , -807549 , -351157
-468818 , 753707 , 349560
571600 , 114774 , 2.28973e+06
550710 , -474317 , -576813
-1.20342e+06 , 405222 , -497658
-461973 , -854054 , -1.59168e+06
1.78564e+06 , -22653.2 , 24162.2
-1.32695e+06 , -38875.4 , 678372
125884 , 848261 , -1.08527e+06
-1.36493e+06 , 502948 , 755068
-476029 , -714829 , -423403
-212107 , 2.5666e+06 , -520667
-1.80713e+06 , -479770 , 1.90785e+06
1.3568e+06 , -772780 , -27623.2
-1.41015e+06 , -589192 , 309567
1.5101e+06 , -176762 , -1.38989e+06
326757 , 1.28199e+06 , -669447
26811.4 , 1.54049e+06 , -323595
294002 , 64295.4 , -1.47579e+06
-1.07095e+06 , -1.01668e+06 , -1.38546e+06
1.78519e+06 , 1.28949e+06 , 853137
865521 , -958002 , 1.84316e+06
845600 , 1.76648e+06 , -547757
234632 , 1.02982e+06 , 528147
-177613 , -1.13248e+06 , -693219
-1.79076e+06 , 533746 , -752842
98059.7 , 4427.9 , -659409
-313414 , -772035 , -829718
-1.54704e+06 , -1.06979e+06 , 1.2925e+06
-1.08069e+06 , -519439 , -578961
-520946 , -1.62055e+06 , 816503
-493932 , -550230 , -1.98294e+06
-109584 , -1.31325e+06 , 1.71362e+06
1.01586e+06 , -1.23707e+06 , -523093
94457.7 , 718622 , 706262
235277 , -1.34584e+06 , -1.41472e+06
907390 , 458081 , -842790
-55789.1 , -210490 , 2.23561e+06
-1.05873e+06 , 688944 , 568885
-834674 , -357160 , -2.00814e+06
-1.91839e+06 , -1.24341e+06 , 433220
-2.04163e+06 , -30283.6 , -529441
1.19689e+06 , 1.90007e+06 , 51590.2
681294 , -878393 , -685759
-1.08686e+06 , 419953 , -807755
-811232 , 234484 , -411857
-1.52071e+06 , 123508 , -196529
-1.46291e+06 , -430726 , -1.22002e+06
-1.47271e+06 , 1.42168e+06 , 1.02144e+06
1.13962e+06 , 1.03016e+06 , -1.33758e+06
-1.11732e+06 , 1.00076e+06 , -405564
76964.9 , 2.00132e+06 , -147033
1.81581e+06 , -687267 , 224112
-1.47961e+06 , 1.73712e+06 , -212724
108980 , 1.51038e+06 , -371205
1.52832e+06 , -1.16809e+06 , 377360
1.76548e+06 , -33142.7 , 560556
345552 , 211504 , -726544
-740031 , -595526 , -1.73676e+06
-1.39978e+06 , 1.56586e+06 , 115265
2.03749e+06 , -647795 , -587838
-976119 , -106470 , 2.03042e+06
480124 , -2.47767e+06 , 27181.1
663449 , -983929 , -204662
1.35616e+06 , -410941 , -1.31764e+06
-879079 , -256480 , 799608
-120768 , -1.54881e+06 , 113717
395344 , -1.18278e+06 , 438543
521477 , 35425.8 , -156914
-832799 , 831280 , 167198
1.47112e+06 , -1.38696e+06 , 260332
-2.05769e+06 , -496437 , 1.04122e+06
869473 , 557807 , -879022
1.82594e+06 , 1.9816e+06 , -228194
1.54716e+06 , 453182 , 244118
-398352 , -602641 , -153503
-127170 , 2.10694e+06 , -25912.9
75478.1 , 2.4178e+06 , 871186
-869963 , -202124 , 1.35684e+06
86641.4 , 932025 , -778807
904446 , 1.80506e+06 , 1.77724e+06
-858091 , 872311 , -718120
205083 , -884046 , 1.8016e+06
-882344 , 1.49239e+06 , 435097
1.58946e+06 , 1.31107e+06 , -291093
479984 , -576985 , 2.50191e+06
-922134 , -1.15631e+06 , 819960
-637786 , 116920 , -504361
2.06453e+06 , -103418 , -19027.8
-1.29657e+06 , 448478 , -1.23494e+06
-1.8422e+06 , -248670 , 724034
361673 , 646111 , 1.66947e+06
488075 , 1.16236e+06 , -1.00549e+06
225350 , -2.24307e+06 , 51847.4
-944658 , -785008 , -1.10103e+06
460780 , 469360 , 871378
135036 , -129247 , -1.74657e+06
1.85698e+06 , 721873 , 522390
-421975 , -722234 , -1.67439e+06
-1.55541e+06 , -654117 , 1.96381e+06
641192 , -52361.6 , 909573
1.13074e+06 , 454430 , -1.89769e+06
643906 , -217626 , 534752
-636570 , 1.76498e+06 , 1.7819e+06
-741765 , -1.17636e+06 , -158399
684242 , -1.32445e+06 , 1.84269e+06
81735.1 , 165630 , -1.51484e+06
115261 , -393883 , -24401.9
-148202 , -306365 , 1.17605e+06
2.35255e+06 , -35114.3 , 103594
-620886 , -1.33118e+06 , 1.06656e+06
-1.79417e+06 , 46347.7 , -1.77639e+06
837617 , 66642.5 , 870772
-673843 , -146308 , 1.04726e+06
806476 , -1.82885e+06 , 605003
-928659 , 1.79539e+06 , 487531
-1.43656e+06 , 317176 , 516630
-190750 , 523827 , -468658
-67188.5 , -1.12385e+06 , 2.48155e+06
-2.84915e+06 , -457844 , -558004
-81905.2 , -606575 , -2.33942e+06
-814125 , 1.19646e+06 , 1.66462e+06
-516328 , 609214 , -1.11151e+06
-1.17632e+06 , 432736 , -546715
-1.03393e+06 , 765935 , -1.97558e+06
-140695 , 903419 , -1.78555e+06
-764790 , 1.9341e+06 , -540785
402085 , 272980 , 340803
-1.58443e+06 , 1.01396e+06 , 480091
-1.06655e+06 , 996919 , -628675
1.98744e+06 , -969801 , -232874
-616512 , -355400 , 1.88358e+06
1.47845e+06 , 986070 , 1.72985e+06
1.57384e+06 , -251627 , 1.78863e+06
437124 , 1.22112e+06 , 1.32491e+06
614206 , -2.00744e+06 , -431981
-1.26292e+06 , -525705 , 1.29819e+06
13552.7 , 1.94984e+06 , 889349
1.57666e+06 , 1.47787e+06 , -621009
-1.46289e+06 , 316728 , -296139
586559 , 888193 , 661419
740045 , -121203 , -2.38717e+06
899329 , -2.62951e+06 , 690624
253180 , 1.62372e+06 , 125821
391362 , -1.1796e+06 , -1.04821e+06
-1.60913e+06 , -1.24595e+06 , 1.26896e+06
-64420.3 , -1.23166e+06 , -22858.9
-1.18069e+06 , -264623 , 61538.6
-1.31236e+06 , 1.58099e+06 , -1.427e+06
487673 , -271821 , 493786
809935 , -274277 , -256463
-1.00988e+06 , -944188 , 542956
-1.16095e+06 , -402848 , 2.08135e+06
-2.02538e+06 , -1.05277e+06 , 607777
793749 , -2.00087e+06 , 723588
810458 , -2.35415e+06 , -1.20829e+06
1.6299e+06 , 1.2259e+06 , 1.39255e+06
583884 , -634954 , 1.01074e+06
-718388 , -194048 , -1.99368e+06
2.02708e+06 , 809549 , 332358
510886 , -267837 , 2.83771e+06
-1.46077e+06 , -76628.8 , 645654
-1.73704e+06 , -371392 , 955551
1.94414e+06 , -2.58549e+06 , -175865
-206260 , -985258 , -880721
-13707.6 , 1.07354e+06 , 1.04589e+06
549245 , 847705 , -694613
678611 , -2.10654e+06 , 1.20762e+06
828299 , 2.53291e+06 , -470828
329337 , 85603.8 , 859809
588423 , 411757 , 713425
1.98918e+06 , 387128 , 428881
-1.2669e+06 , -421267 , -16554.6
-493971 , -73245 , -664771
-699452 , 426463 , -2.15671e+06
1.31024e+06 , 1.29319e+06 , 1.39764e+06
1.10036e+06 , 378670 , 308906
794240 , 296020 , -1.06791e+06
-1.08797e+06 , -1.27794e+06 , 1.78954e+06
-570509 , 448410 , 899448
-868498 , -728442 , -378836
-550371 , -436138 , 838704
-1.23966e+06 , 1.75762e+06 , -1.07201e+06
47788.8 , 865331 , 1.49723e+06
713316 , -1.34371e+06 , -646379
609199 , -186412 , 130863
-208418 , 396669 , -614011
-937483 , 2.15212e+06 , -252457
-535536 , 964316 , -93932.5
-1.90629e+06 , 1.60737e+06 , 392465
1.1091e+06 , -1343.5 , 853211
589057 , 563181 , 538057
578042 , 427209 , 1.82912e+06
-634839 , -1.57171e+06 , 870506
-692967 , -279767 , -911773
-1.4602e+06 , 752000 , -627858
651723 , 1.54199e+06 , -218067
320127 , -143223 , 1.92635e+06
-292633 , -248351 , -1.35325e+06
335401 , -687249 , -1.79127e+06
-18804 , -1.1651e+06 , -1.52731e+06
-861150 , -760754 , -749394
-306582 , -1.73288e+06 , -1.11227e+06
-1.41317e+06 , 1.26599e+06 , -1.30724e+06
-128087 , 961278 , 334320
-817873 , -632302 , -244847
-300057 , -1.10007e+06 , -1.20621e+06
-1.35419e+06 , 702802 , 1.32655e+06
-1.00794e+06 , -1.44206e+06 , 545513
867745 , -756879 , 1.82981e+06
193411 , -1.48999e+06 , 1.0014e+06
1.20502e+06 , -2.27585e+06 , 464674
-62753.3 , 179893 , -2.20412e+06
-1.09849e+06 , 220151 , -620272
1.00114e+06 , -2.41744e+06 , 91653.3
38653.1 , 89130.3 , -1.13804e+06
233966 , -1.32618e+06 , 740685
-1.27802e+06 , -1.77607e+06 , 553464
82344 , -295477 , 1.7052e+06
-1.31858e+06 , 197741 , 515279
1.83436e+06 , -507093 , -315649
888827 , 1.02045e+06 , 858667
-452568 , 1.31132e+06 , -1.18834e+06
-317362 , 1.0581e+06 , 594369
-633498 , -932319 , 193722
-239695 , 469171 , -951097
1.07116e+06 , 598027 , -432478
1.54726e+06 , -110214 , -457682
2.24814e+06 , -954762 , 1.32878e+06
1.22516e+06 , 251303 , 1.2835e+06
104356 , -915727 , -108376
-362425 , -926621 , -38195.3
-91907 , 1.81699e+06 , -157014
147354 , 906112 , 2.24737e+06
-1.72386e+06 , 222961 , -87075.4
551176 , 549059 , -1.09563e+06
745444 , -11923.6 , 888419
-110670 , -1.80301e+06 , 9448.7
-1.4287e+06 , 286260 , 989033
997679 , 337082 , -1.49588e+06
1.37977e+06 , 553303 , 337988
-306779 , 23678.7 , 2.0796e+06
-690385 , -529217 , 197849
-942052 , -650549 , -1.01941e+06
1.28847e+06 , -1.72004e+06 , -22091.4
955546 , -624624 , 264588
-75901.2 , 811061 , -2.67302e+06
-973840 , -194391 , 934011
68759.9 , 750322 , 338518
-943906 , 1.79306e+06 , 922456
-389858 , 1.80286e+06 , 546148
-992214 , 493782 , 980571
-938055 , -799583 , -568147
985257 , 22035.7 , 1.50992e+06
128171 , -1.53558e+06 , -651570
-2.04158e+06 , -233116 , 1.07655e+06
1.78593e+06 , 171600 , 1.19659e+06
292469 , 1.53913e+06 , 82936.4
-1.06781e+06 , -255368 , 783136
383289 , 541303 , 1.4452e+06
643979 , -432705 , -1.84071e+06
673210 , -1.30289e+06 , 2.05045e+06
-1.07639e+06 , 2.04408e+06 , -153367
-823721 , -51723.2 , 794470
-1.1557e+06 , 325923 , 953027
-1.04772e+06 , -654819 , -1.03675e+06
-126205 , 695764 , -1.32418e+06
-224452 , 2.24676e+06 , 1.48487e+06
-358116 , -371130 , -1.91512e+06
-2.54291e+06 , 389392 , 2.18822e+06
381182 , -2.05425e+06 , 519964
850418 , -577440 , -884594
-695179 , 412658 , 678467
786328 , 1.5002e+06 , 1.0279e+06
-999169 , -716681 , 722526
-416315 , -1.66604e+06 , -1.29731e+06
-54037.3 , -2.24035e+06 , 359210
-1.5191e+06 , 1.6049e+06 , 799773
-1.46367e+06 , 376869 , -678976
198757 , 633004 , 1.15097e+06
-1.62682e+06 , 686003 , -278771
250524 , -1.27362e+06 , -1.08836e+06
-593885 , -1.94951e+06 , 954106
-756195 , -2.64861e+06 , 1.20927e+06
738301 , 1.2183e+06 , -1.05568e+06
-1.66421e+06 , 931091 , -402973
30614.6 , -639002 , 2.29765e+06
163603 , 355933 , 1.21242e+06
-1.6568e+06 , 828690 , 535880
424521 , 692651 , -1.53541e+06
93534 , 118339 , 1.97849e+06
-196809 , -645848 , 79242.2
771195 , 1.39098e+06 , -114112
1.54308e+06 , 1.29448e+06 , 1.40413e+06
1.5618e+06 , 819347 , 92436.6
-621299 , 548501 , 1.02118e+06
722471 , -1.35867e+06 , 2.14427e+06
-478412 , -475613 , 1.60103e+06
1.70515e+06 , 120993 , -322399
-673122 , 1.17144e+06 , -255353
-357342 , -489345 , 1.62038e+06
-295885 , -68318.8 , 1.85636e+06
-1.63423e+06 , 499139 , -208512
-1.27652e+06 , -1.25963e+06 , 565162
252266 , -28215.2 , 620071
851302 , -605980 , 1.97158e+06
-1.06009e+06 , -63668.8 , -512268
1.02769e+06 , -281697 , -1.08336e+06
-1.25679e+06 , -2.27227e+06 , -800786
348690 , 596968 , -2.32692e+06
1.45939e+06 , -246809 , -45987.4
-1.13997e+06 , 1.36436e+06 , 1.06309e+06
-838965 , -366384 , -394894
569164 , 827060 , 1.58861e+06
619012 , -1.96807e+06 , -518989
1.4739e+06 , 98204.9 , -445196
407735 , -2.26541e+06 , 222047
311689 , -323695 , 751519
576424 , 1.11195e+06 , -434696
1.71378e+06 , -291778 , -1.15308e+06
-749986 , 151329 , 814647
1.2078e+06 , 349687 , -841107
-1.03817e+06 , -143114 , -1.53897e+06
-948779 , -1.85208e+06 , 1.43215e+06
-1.27726e+06 , 1.39085e+06 , 382298
1.96985e+06 , -157277 , -1.51733e+06
175664 , 578607 , 161291
-1.5885e+06 , -180084 , 728728
-2.42975e+06 , 598275 , -1.31517e+06
-194210 , -1.70326e+06 , -1.07772e+06
381567 , -300373 , 1.26133e+06
-1.15224e+06 , 1.38881e+06 , 525265
-1.62448e+06 , 1.21595e+06 , 613140
1.74221e+06 , -1.03682e+06 , -403515
1.28787e+06 , 1.10625e+06 , 898279
-624821 , -416410 , 1.67016e+06
1.87782e+06 , -165422 , -785838
-723763 , -172379 , 1.25528e+06
-23246.2 , -884302 , 1.41545e+06
-381923 , 311108 , -497029
141066 , -982870 , -2.28808e+06
-76280.3 , 760020 , 247261
1.99548e+06 , 584370 , 1.01312e+06
603165 , 1.14226e+06 , 1.48841e+06
1.09838e+06 , 303435 , 2.45268e+06
270765 , 114734 , 714277
481038 , -1.68719e+06 , 224008
-536326 , 1.4951e+06 , 1.00197e+06
-739947 , -980513 , -409328
-1.78863e+06 , 1.46183e+06 , 995009
1.80121e+06 , -627756 , 668028
69582.3 , 266304 , 972064
-535323 , -588933 , 915088
-1.92054e+06 , -2.06073e+06 , 116204
-161394 , -76213 , 2.18666e+06
-560769 , -367595 , 949895
-1.12678e+06 , -1.35967e+06 , 1.24158e+06
1.4728e+06 , -1.46305e+06 , -1.15296e+06
-690043 , 849166 , 590815
1.47203e+06 , 578945 , 1.47886e+06
-1.20302e+06 , -53054 , -156036
1.42707e+06 , -170830 , 781854
856183 , 619806 , 846359
641477 , -1.10077e+06 , 1.06337e+06
831939 , 1.8926e+06 , 553970
-586775 , -1.6787e+06 , -150721
-1.17849e+06 , 771947 , -1.73718e+06
235658 , 1.77378e+06 , -731428
2.40912e+06 , -395195 , -613903
-676082 , 1.19185e+06 , -514971
-823788 , -1.42816e+06 , -730120
-160899 , 299861 , 1.63574e+06
-1.55572e+06 , -158792 , -73986.1
1.2339e+06 , 313501 , -1.08215e+06
-1.25648e+06 , 1.60549e+06 , -499506
987992 , -272280 , 824604
-726181 , 374687 , -723521
-1.06263e+06 , -826521 , 1.32294e+06
-64890.6 , -1.36208e+06 , -1.17165e+06
842447 , -812374 , 2.07287e+06
1.19614e+06 , 716929 , -530990
215317 , 381051 , -738107
100154 , -1.55454e+06 , -56055.1
37532.9 , -115380 , 1.81225e+06
-604838 , 240810 , 1.51583e+06
812012 , -97195.9 , 103465
535788 , -1.34614e+06 , 1.11086e+06
489319 , -444260 , 1.51008e+06
-246743 , 672578 , -2.26861e+06
2.64447e+06 , -1.22916e+06 , 884065
-1.4036e+06 , 99360.9 , 419598
-469827 , 1.08205e+06 , 1.4328e+06
1.44216e+06 , 581913 , -896565
2.07856e+06 , 827495 , -88314.2
1.13115e+06 , -537753 , 399918
-1.70018e+06 , 924504 , -454199
-927737 , 191111 , 1.7396e+06
598137 , 948295 , 1.05137e+06
1.41926e+06 , -1.56492e+06 , -1.14584e+06
-684014 , 852141 , -160979
142511 , -736527 , -1.22766e+06
-651932 , -531641 , 1.3651e+06
1.04969e+06 , 1.06123e+06 , 929169
-253592 , -1.7801e+06 , 642394
-635197 , -369648 , 678882
834628 , 1.41152e+06 , -179906
1.82682e+06 , 243907 , 974455
558380 , -277565 , -241839
-932481 , -499827 , -289523
-193390 , 1.11355e+06 , -5518.56
48547.1 , -208732 , 707526
-1.08693e+06 , 1.37715e+06 , 1.53903e+06
68074.6 , -167365 , 1.25354e+06
718300 , -241434 , -383669
-77677.1 , -1.80233e+06 , -2.13255e+06
-755993 , -362031 , 1.16709e+06
-1.00624e+06 , 1.49884e+06 , 1.02769e+06
792793 , -99471.5 , 1.09484e+06
975088 , -1.23876e+06 , 1.40517e+06
108405 , 1.07903e+06 , -1.08397e+06
1.49319e+06 , 914995 , -303500
-1.67634e+06 , -156246 , -439976
-746201 , 919830 , -535062
272571 , -1.06942e+06 , 1.63279e+06
1.9292e+06 , 37691.7 , 164641
542669 , -1.15054e+06 , -536269
147018 , 391828 , 259674
-860848 , 452743 , -1.66392e+06
-1.82797e+06 , -708703 , -1.21725e+06
776807 , 792280 , 1.10512e+06
-1.73486e+06 , -138668 , -882176
649336 , 223798 , -465824
1.08829e+06 , 293322 , 574302
1.13097e+06 , -572491 , 554535
-237814 , 1.81322e+06 , 715096
2.49828e+06 , 86863 , 1.49614e+06
-164505 , -470820 , 568453
-33186.8 , 1.1161e+06 , 1.90447e+06
-1.13093e+06 , 499759 , 374605
2.09263e+06 , 544012 , 304941
493614 , -236091 , 1.80298e+06
761854 , -655495 , -224681
972.46 , 800509 , 1.42319e+06
1.4244e+06 , 876060 , 694454
539813 , -411742 , 640393
-618964 , 1.50978e+06 , -607519
441156 , 408014 , 1.40829e+06
-312084 , -186513 , 1.22548e+06
-477308 , 484455 , -1.38533e+06
-135036 , -2.69782e+06 , -1.04203e+06
-411685 , 407972 , -1.71474e+06
-1.23675e+06 , 627756 , 1.2804e+06
-505501 , -1.18493e+06 , 420779
1.16057e+06 , 483330 , 1.30812e+06
1.46966e+06 , -969896 , 344372
-566112 , -269418 , -110089
1.32401e+06 , 141758 , 1.40845e+06
-1.36312e+06 , -62717.1 , -482572
1.33586e+06 , -609704 , 376625
-21989.4 , 1.9729e+06 , 2.21533e+06
-188369 , -405046 , 1.08605e+06
2.29262e+06 , 51534.5 , 288757
88480.5 , -836291 , -1.48834e+06
1.0835e+06 , 484236 , 1.17658e+06
-1.15634e+06 , -616771 , -863265
277143 , -733040 , 1.59408e+06
1.09003e+06 , 168405 , 2.08522e+06
-45890.3 , -802206 , -155155
64209.1 , 1.98599e+06 , -398082
-254835 , 344317 , -651108
1.72987e+06 , -486451 , -1.83543e+06
390001 , -1.14396e+06 , -1.30104e+06
785442 , 901860 , -895938
-874651 , 2.96797e+06 , 1.24122e+06
-611584 , 1.17079e+06 , -476448
-139311 , -1.58003e+06 , -935237
141670 , -1.36235e+06 , -437664
1.58494e+06 , 49578.9 , -575806
943423 , -1.21685e+06 , 247868
213515 , -1.28239e+06 , -531140
698776 , -306006 , 1.68622e+06
-606549 , 893923 , 601693
-171491 , -734643 , 516381
1.49999e+06 , -197631 , 241856
-497650 , -144313 , -1.17219e+06
-697559 , 721510 , 2.19415e+06
-483899 , 972669 , -1.38956e+06
-1.66727e+06 , 1.68709e+06 , 646577
-704784 , -1.11546e+06 , -786055
-695060 , 42012.9 , 416971
280329 , 404909 , 181323
390455 , -559363 , -100509
66293.1 , -301769 , 915731
-1.41946e+06 , -765761 , -309321
-1.70076e+06 , 68798.6 , 1.4142e+06
1.07103e+06 , 367573 , 1.43815e+06
418891 , -696972 , 630956
535992 , 364126 , 562321
1.41951e+06 , -76546.3 , 405492
-1.15604e+06 , 645582 , 908995
1.89577e+06 , -281019 , 361017
906004 , 537800 , -858295
-1.4263e+06 , 684392 , 267295
748105 , -389069 , -1.41885e+06
1.10646e+06 , -26606.7 , 747349
1.05794e+06 , -178484 , 29274.2
-114793 , 122342 , -817856
1.52393e+06 , -1.86297e+06 , 1.13936e+06
-129980 , -1.05622e+06 , -246224
1.22746e+06 , 874679 , -251793
1.26465e+06 , 535858 , -1.07383e+06
-506693 , -64367.8 , -1.39296e+06
906663 , -1.56395e+06 , 107692
1.96779e+06 , -31549.2 , -76783
-1.89084e+06 , 1.5e+06 , 760827
480129 , -908766 , 1.46583e+06
-89570.2 , -1.79441e+06 , 458197
-527650 , 207968 , 1.61165e+06
1.34312e+06 , -2.03459e+06 , 1.79309e+06
-830679 , 1.05794e+06 , -712591
927193 , -193303 , 225586
-1.04163e+06 , 1.54001e+06 , 104007
-283537 , 1.39668e+06 , -1.08799e+06
-1.86429e+06 , 228209 , 114024
-110569 , -90365.8 , -448109
576807 , 864312 , -2.04939e+06
1.16101e+06 , 1.22104e+06 , 606668
-1.10509e+06 , 1.50754e+06 , -1.38922e+06
594672 , -308386 , -240974
-194497 , -642376 , 2.16891e+06
-246721 , -228674 , 317482
-1.62597e+06 , -224017 , -944924
-1.6004e+06 , 309786 , 159709
460121 , 2.20969e+06 , -1.26681e+06
990889 , 979535 , -1.17092e+06
110585 , 1.60901e+06 , -547051
1.29064e+06 , 184776 , 2.04862e+06
-274281 , -859708 , 391183
-214856 , -29988.1 , -299302
-543074 , -845014 , -513454
79781.9 , 826949 , 2.29154e+06
27095.8 , 1.57063e+06 , -1.12775e+06
919852 , 1.21942e+06 , 156512
460251 , 207231 , 81796.6
-113264 , 1.13269e+06 , -957823
-823881 , -1.00197e+06 , 688311
-53526 , -139494 , 2.98064e+06
-1.61445e+06 , 354455 , 699214
-1.08704e+06 , -1.17414e+06 , 814247
-167.395 , 71099.1 , 1.03444e+06
967499 , 1.19125e+06 , -224561
428884 , 44830.5 , 964122
-750345 , 1.15572e+06 , 486348
512947 , 1.22882e+06 , 105403
-1.15914e+06 , 1.27197e+06 , -37735.9
48663.9 , -328542 , 1.06632e+06
-1.37423e+06 , -1.28135e+06 , -875192
142181 , 59749.8 , 1.86635e+06
-645805 , -1.55784e+06 , -70838.4
-441425 , 554155 , 316874
-428352 , 398804 , 1.15216e+06
-187106 , -2.22749e+06 , -524370
-1.3539e+06 , -685962 , 655877
348453 , -1.40561e+06 , -1.60821e+06
-190526 , 1.29583e+06 , 299197
1.53432e+06 , 717837 , 945192
314948 , 1.15744e+06 , 1.54761e+06
-430705 , -1.86777e+06 , 71575.4
1.68763e+06 , -1.37994e+06 , -3016.25
550042 , 1.65523e+06 , -989142
-241765 , 464211 , 804381
926097 , -225411 , -244043
-471943 , 231506 , -323658
414953 , -217340 , -653291
104989 , 932621 , 275446
-384439 , -38.4805 , -283794
-590347 , 413999 , -559864
1.42983e+06 , 1.66071e+06 , -1.73964e+06
-362624 , 1.55236e+06 , 1.0972e+06
-154627 , 1.03303e+06 , -247374
1.83259e+06 , 1.2374e+06 , 678622
2.2246e+06 , -337931 , 1.53087e+06
1.90709e+06 , -30604.4 , -705619
-284591 , 1.34754e+06 , -1.15429e+06
-80128.3 , -157378 , -99089
-1.04057e+06 , -988264 , -1.5628e+06
-168524 , -560899 , 369733
-13844.1 , -996509 , 21819.4
-1.42458e+06 , -874982 , -116749
-82465.7 , 1.80266e+06 , -580531
-1.49337e+06 , 1.12803e+06 , -773924
1.53418e+06 , -255942 , -164189
1.1125e+06 , -750886 , 1.03808e+06
2.09488e+06 , -612955 , -1.1249e+06
-900373 , -547306 , 1.2009e+06
2.1588e+06 , 544852 , 414778
-82039.6 , 1.47707e+06 , 1.22957e+06
-2.08427e+06 , -830981 , -716368
817739 , 1.34982e+06 , 1.03833e+06
-402960 , -2.0206e+06 , -844457
-900478 , 1.24759e+06 , -418023
-2.12011e+06 , 1.02938e+06 , 13973.4
-1.02876e+06 , 1.2728e+06 , 492609
636800 , 604346 , 918469
-1.58481e+06 , 1.08574e+06 , 835825
1.06077e+06 , 159076 , 1.26889e+06
-346214 , -618563 , -563635
-929746 , 1.93529e+06 , -463704
-145956 , 716397 , -337924
1.41594e+06 , -376938 , -169038
-625917 , 856800 , 1.13429e+06
-732932 , -256255 , -1.31325e+06
1.0954e+06 , 306485 , 820558
1.63299e+06 , 358574 , -1.61244e+06
-1.23291e+06 , 1.23431e+06 , 484739
-1.10879e+06 , -1.18367e+06 , 997008
-2.2496e+06 , -603165 , -870462
-1.23353e+06 , 74788.3 , -1.29837e+06
-1.6362e+06 , -1.7051e+06 , 784144
-674081 , 1.53106e+06 , 667931
199047 , 140759 , 979449
-948915 , 1.53535e+06 , 24547.8
-1.1156e+06 , -1.64996e+06 , -889870
-1.0086e+06 , -664982 , 700592
-494555 , 2.70636e+06 , -1.46676e+06
-1.04136e+06 , -1.21052e+06 , -117666
513812 , -362529 , -267779
466275 , 931324 , -658612
237290 , 1.67803e+06 , 2.50449e+06
-729771 , 2.08287e+06 , 484718
1.34306e+06 , -1.78508e+06 , -260933
1.33341e+06 , -561045 , -496796
699313 , 378027 , 1.45469e+06
-563160 , 1.02032e+06 , 1.33766e+06
-95244.4 , -242066 , -1.92725e+06
-2.30131e+06 , -1.58889e+06 , 209926
-1.09286e+06 , 1.30155e+06 , 514707
-1.39558e+06 , -1.62204e+06 , -1.41539e+06
889089 , -1.0398e+06 , -436598
938302 , -1.64907e+06 , -31024.9
284017 , -512216 , -1.28876e+06
-352163 , 503869 , 1.7084e+06
615919 , -198358 , 1.78491e+06
1.47609e+06 , -1.23257e+06 , 1.51322e+06
1.0638e+06 , -2.07786e+06 , 401470
-2.09548e+06 , -386788 , -1.16636e+06
703449 , 151685 , 117299
-1.15293e+06 , -153335 , 1.54057e+06
203165 , -1.23472e+06 , -1.32202e+06
353092 , -1.03623e+06 , -2.19144e+06
458150 , -598133 , -68781.5
1.11182e+06 , 348111 , -910914
-677588 , -1.33071e+06 , 508766
1.02842e+06 , 3.28734e+06 , 942215
-501677 , 2.01301e+06 , 1.17595e+06
527238 , -340386 , -1.11856e+06
-1.93553e+06 , 208886 , 1.36365e+06
210389 , -731234 , -1.45965e+06
-1.96073e+06 , 1.03279e+06 , -1.43765e+06
569483 , -1.54612e+06 , 912334
-569783 , 266629 , 948546
979663 , -325633 , -920418
1.36384e+06 , -1.86162e+06 , 79913.5
-516221 , 2.04757e+06 , -1.74367e+06
194216 , 821281 , -976268
-692253 , -1.99972e+06 , -700812
-948745 , 911345 , -889314
2.13087e+06 , 875607 , 100801
-658817 , -286398 , 1.59838e+06
-934439 , 571770 , 1.82295e+06
-37094.2 , -350430 , -207534
-1.30806e+06 , 327710 , -527053
-1.50168e+06 , 791665 , 1.4942e+06
639272 , -1.30803e+06 , -1.53597e+06
-227416 , 213371 , -237358
-1.13947e+06 , 1.58846e+06 , 372389
-1.86213e+06 , -38805.4 , 917040
1.39981e+06 , 962966 , -715302
1.35155e+06 , -925337 , -304384
-493860 , 1.82427e+06 , 1.37649e+06
-432185 , -699035 , 269724
286704 , -1.33106e+06 , -1.35559e+06
-399176 , 1.89248e+06 , -753034
-1.22492e+06 , -1.0202e+06 , 188354
-971136 , 34718.5 , -1.67048e+06
-884898 , -787103 , 988530
-1.9333e+06 , -379002 , 282903
415509 , 1.03008e+06 , -1.06275e+06
1.51602e+06 , 2.55705e+06 , 116816
-23777.1 , 1.00606e+06 , -581835
-2.6243e+06 , -439037 , -683689
-692486 , 1.9584e+06 , 1.20101e+06
1.42532e+06 , 461111 , -859779
1.09211e+06 , -758245 , 1.7549e+06
936245 , 907701 , 284022
773128 , 167884 , -1.7833e+06
-902721 , -1.71506e+06 , 442343
1.47659e+06 , 1.22809e+06 , -338560
-961485 , -424422 , 977009
-480627 , 1.06293e+06 , 1.54547e+06
-707008 , -863647 , -862227
1.77122e+06 , -2.21821e+06 , 884162
-1.25619e+06 , -585153 , 897002
41776.5 , -552351 , 847133
-453204 , -311585 , 1.80706e+06
-1.40508e+06 , -690426 , -1.0918e+06
1.69847e+06 , 1.07689e+06 , 1.747e+06
378435 , 1.40539e+06 , 1.19127e+06
65743.9 , -294847 , 493824
-307969 , 850764 , -1.15958e+06
2.12373e+06 , 850290 , 1.50899e+06
-428582 , -138399 , 1.46825e+06
-464389 , 2.2573e+06 , -376945
-489268 , 153617 , -574313
-1.50299e+06 , 333858 , 1.21373e+06
369068 , -1.9366e+06 , 782306
-1.81038e+06 , -526006 , 471079
-901561 , 888272 , 508279
131749 , -1.82491e+06 , -1.09267e+06
-1.4752e+06 , 743477 , 293135
328910 , 2.00379e+06 , 845038
1.13667e+06 , 669099 , 295086
1.54468e+06 , -89209.4 , 1.91006e+06
-270614 , 723056 , 893093
959589 , 81142.5 , 582320
-627956 , -526730 , 2.15177e+06
-40663.1 , -899434 , -1.24174e+06
949316 , -50153.3 , 852876
-730714 , -1.77613e+06 , -184706
-990683 , -952054 , 1.25841e+06
-1.07773e+06 , -414923 , 976348
530267 , -1.79228e+06 , 2.57457e+06
-410992 , -1.57381e+06 , 927908
-710396 , 164145 , -88966.4
1.17057e+06 , 1.29289e+06 , -213965
-855251 , -1.53006e+06 , -899861
1.09597e+06 , 29082.2 , 568533
59058.7 , 235267 , 390442
1.08923e+06 , -1.34404e+06 , 2.19066e+06
683759 , 1.64625e+06 , -1.56407e+06
531811 , -1.67108e+06 , 169880
622248 , -135770 , -620967
-853503 , 335766 , 1.19794e+06
-1.09939e+06 , 491254 , 779036
730333 , -1.3735e+06 , -433905
-251283 , 198877 , 1.6046e+06
-1.44612e+06 , 596510 , -672227
542348 , -628657 , 211385
-730031 , 2.04723e+06 , -472356
741365 , -1.73958e+06 , 1.16663e+06
-793781 , -122213 , -1.54275e+06
159805 , 1.66457e+06 , -147113
1.42437e+06 , 928742 , 128453
-227136 , 194284 , 22333
724950 , -182261 , -27278.6
-241440 , -1.05299e+06 , -1.4602e+06
-554688 , 2.16994e+06 , 1.0253e+06
845240 , 94223.5 , 1.13932e+06
-1.3316e+06 , -1.72321e+06 , 403703
-221151 , -1.94351e+06 , -773617
-1.82379e+06 , 1.2893e+06 , -506044
734265 , -384635 , -667251
1.40813e+06 , 2.65493e+06 , 1.15454e+06
-1.96991e+06 , -441960 , -1.00567e+06
697910 , 2.24538e+06 , -437781
262045 , -750210 , 646822
356775 , -608695 , -479983
576273 , -1.78473e+06 , 755882
-872142 , 160746 , 1.35722e+06
511102 , -973594 , 2.584e+06
1.05874e+06 , 864550 , -1.90923e+06
527011 , 944424 , -734003
912628 , -479984 , -561506
-1.21751e+06 , 606142 , 2.06148e+06
797883 , -1.45144e+06 , -986190
565543 , 2.17847e+06 , 506932
-1.78055e+06 , 1.46976e+06 , -779907
-1.74664e+06 , 280363 , -717944
-101616 , -929758 , -119834
-544361 , 25663.5 , 1.36974e+06
-1.19768e+06 , 313730 , -1.30429e+06
-285589 , -532974 , 630856
626664 , 373069 , 1.4761e+06
-1.18398e+06 , -305038 , 529670
-1.46467e+06 , 232808 , -199887
369299 , -156934 , 1.77473e+06
262488 , -70309 , 1.75117e+06
900793 , 1.28889e+06 , -930265
-972668 , 948667 , 1.72886e+06
296066 , -69603.4 , 226882
320454 , 1.92462e+06 , -1.41376e+06
-608875 , 490506 , -1.33422e+06
-11608.8 , -1.20325e+06 , 967520
2.01107e+06 , 180861 , 1.21605e+06
-1.56871e+06 , 36859.5 , 133234
40709.7 , 55279.4 , 1.38091e+06
-45446.1 , -1.82901e+06 , -876694
732912 , -898590 , -460996
-1.63573e+06 , 95781.9 , -1.30288e+06
233881 , 1.44615e+06 , -191467
775877 , 1.09412e+06 , -172558
-981146 , 720876 , 950855
976984 , -538106 , 611699
1.94698e+06 , 609147 , 1.32342e+06
-387906 , -549443 , -302180
-11123.6 , 2.35223e+06 , -1.5031e+06
164097 , -988089 , -4179.4
281398 , 479169 , 929758
79907.8 , -30325.5 , 2.10165e+06
-1.24559e+06 , 1.41854e+06 , 725331
-1.18617e+06 , 75369.9 , -30789.9
267861 , -114643 , -1.61761e+06
1.56532e+06 , -1.25552e+06 , 902956
-984642 , -501887 , 332531
-1.94699e+06 , -1.12248e+06 , 1.10393e+06
-312351 , 2372.9 , 2.15187e+06
-1.81398e+06 , -88990.8 , 1.39395e+06
829147 , 68992.3 , 563732
1.54157e+06 , 1.1065e+06 , 1.72661e+06
1.38625e+06 , -277016 , 511889
22383.6 , -1.60746e+06 , 981689
1.21128e+06 , 786606 , -1.3831e+06
-130892 , -785854 , -1.5301e+06
730902 , -209462 , 922391
-193528 , 768599 , 1.08939e+06
-685666 , -2.37995e+06 , 190462
-599774 , 391735 , -1.29833e+06
-512633 , -161807 , 37190.4
616388 , -1.13455e+06 , -516647
-2.09939e+06 , -1.9475e+06 , 1.44829e+06
-1.16008e+06 , 462419 , 1.82103e+06
1.17018e+06 , -110025 , -1.36435e+06
-2.36157e+06 , -1.12728e+06 , 1.33014e+06
1.03183e+06 , 1.67203e+06 , 1.74686e+06
-638578 , 375935 , 1.0143e+06
1.21087e+06 , -1.0099e+06 , 12212.6
-1.9132e+06 , -590547 , 965529
1.43209e+06 , 417970 , 2.50687e+06
860725 , -1.17693e+06 , -1.71981e+06
1.1689e+06 , 1.9678e+06 , -805917
551395 , 226787 , -454555
491640 , 235103 , 1.83459e+06
545510 , 935745 , -365717
996544 , 2.8076e+06 , 1.25059e+06
-771298 , -7837.97 , 51038.4
1.57689e+06 , 387171 , 802632
433568 , -885248 , 277896
-104411 , -778811 , -270353
-1.10844e+06 , 488102 , -994865
912902 , 501268 , 1.20436e+06
854199 , -996238 , -48562.2
-1.97761e+06 , 128136 , 2.06166e+06
-223601 , 287783 , -786574
-1.25869e+06 , -647911 , 1.37971e+06
-41485.6 , -883296 , -1.33961e+06
-694488 , -607924 , -1.0361e+06
-1.14739e+06 , -1.26422e+06 , -645164
971848 , 1.44222e+06 , 672395
-202746 , 298401 , 1.47562e+06
769842 , -385896 , 1.29412e+06
767250 , 429349 , -1.27771e+06
92089.3 , -1.84015e+06 , -294307
1.14999e+06 , -1.7477e+06 , -568133
-602003 , -1.00856e+06 , -384459
-995782 , 547941 , -871264
1.81357e+06 , -118096 , 1.17285e+06
-838642 , -515437 , -30308.6
777948 , -1.17274e+06 , 549936
72766.1 , 382044 , 550141
1.76222e+06 , 821678 , 1.26697e+06
-1.78476e+06 , 1.18353e+06 , 374452
1.89219e+06 , 779653 , 795527
1.27664e+06 , -1.02819e+06 , -555182
712982 , 600039 , -2.26642e+06
714316 , -1.25958e+06 , 596886
777990 , 218228 , 528027
-434227 , 550901 , 280644
-763746 , 1.28451e+06 , -1.48913e+06
-347009 , -336864 , 1.4689e+06
768762 , -1.73913e+06 , 355968
-1.4725e+06 , 440879 , 1.96232e+06
-340060 , 518977 , -728779
-980058 , 826071 , 1.9445e+06
100041 , -741555 , -611644
-27492.6 , -748008 , 657261
753807 , 2975.91 , -1.64177e+06
565395 , -2.03082e+06 , -43382.2
960484 , -1.08027e+06 , -1.14482e+06
76940.9 , 1.0962e+06 , 74066.1
-1.49728e+06 , 186229 , -293901
1.01752e+06 , 987075 , 153552
-849786 , 456167 , 1.54789e+06
-1.21552e+06 , 1.00185e+06 , 1.119e+06
1.19222e+06 , -730393 , 926581
-2.0532e+06 , 17945.8 , 980661
1.23966e+06 , 388453 , 426357
1.21039e+06 , -98017.8 , 969578
252156 , 14239.5 , -1.48135e+06
66643.2 , -1.85253e+06 , -119032
-1.40484e+06 , 12531.8 , 1.11852e+06
271885 , 291841 , 1.55483e+06
1.55962e+06 , 153376 , -480050
-865891 , -1.54118e+06 , 1.10184e+06
-1.1228e+06 , -268073 , 67972.2
605643 , -899854 , -90512.8
-444415 , 950616 , -971050
858203 , -270608 , -533151
207545 , 1.66426e+06 , 402431
-170436 , -131961 , 381249
1.38175e+06 , -168143 , 547440
2.06626e+06 , 258122 , 905698
478917 , -120297 , 324962
251174 , 248952 , 421539
-1.78428e+06 , 874668 , -131139
1.75029e+06 , -15636.1 , 476389
-743921 , 1.1416e+06 , 1.85068e+06
-618061 , -738946 , 2.67308e+06
-588415 , -1.83474e+06 , 871985
802862 , 203351 , 696819
-317871 , -1.08016e+06 , -852191
443705 , -462973 , 1.24363e+06
-798253 , 1.04733e+06 , -216385
1.16495e+06 , -914577 , -474966
1.7261e+06 , -582671 , -1.0721e+06
-1.86249e+06 , -133558 , -109113
966790 , 1.4532e+06 , 218381
1.52915e+06 , -380687 , 1.40198e+06
1.29846e+06 , -976989 , 1.67771e+06
-14831 , -401544 , -1.68579e+06
-391399 , -505943 , -460284
1.16051e+06 , 645223 , -1.47037e+06
-252816 , 1.10254e+06 , -678422
-340585 , -177721 , 247899
1.28029e+06 , 213825 , -179326
112415 , 1.12249e+06 , -1.03352e+06
656477 , 193228 , 1.96177e+06
-1.28819e+06 , -158875 , 737648
50159.2 , 202361 , -294994
-400667 , -1.44996e+06 , 956944
-2.62138e+06 , 306441 , -728927
238307 , 1.5876e+06 , -136526
-660667 , 251226 , 90318.2
804963 , 859052 , 2.1265e+06
1.14061e+06 , -2.13444e+06 , -48430.5
-633014 , 1.14364e+06 , 1.74422e+06
1.54161e+06 , -1.70052e+06 , 830516
-406110 , -29162.4 , -1.61946e+06
-1.42489e+06 , -481358 , 1.62244e+06
-242854 , -145918 , -70875.8
1.71e+06 , -581612 , 710606
385644 , 2.19378e+06 , -1.23523e+06
1.14579e+06 , -243771 , -166238
-538129 , -1.63983e+06 , -847791
-1.14042e+06 , -886927 , 1.43293e+06
-426021 , -985861 , -1.1607e+06
1.29677e+06 , -106050 , 133920
923719 , -328445 , 2.20934e+06
224356 , -150320 , 1.67513e+06
190064 , -869328 , -2.3118e+06
202996 , 1.43158e+06 , -1.18103e+06
1.3163e+06 , -1.02742e+06 , 1.97171e+06
-257091 , -746027 , 1.35755e+06
913156 , 850411 , -1.20661e+06
401251 , -668540 , -1.49806e+06
-940796 , 222534 , 1.19259e+06
-480045 , 588928 , 1.43495e+06
-712363 , 165034 , -1.83919e+06
5081.58 , 356235 , -68951.4
-1.03069e+06 , -1.12873e+06 , -981534
-1.47176e+06 , 442616 , -274054
357407 , -1.65454e+06 , 385923
-162474 , 1.21342e+06 , 520644
103859 , 1.27744e+06 , 1.24456e+06
-408157 , 1.20804e+06 , -723270
1.74081e+06 , 653715 , 74179.3
-1.47335e+06 , -1.14733e+06 , -613479
-595477 , 875569 , -917544
809009 , 14198.2 , 762674
779206 , 164346 , -258379
-1.14232e+06 , -793378 , 130401
1.98381e+06 , -36616.5 , 1.46566e+06
-1.53746e+06 , -1.27447e+06 , -610512
446377 , -1.05822e+06 , 592546
-975367 , -541193 , -899001
655999 , -197878 , 1.48141e+06
552596 , -49390.2 , 1.27299e+06
-232876 , -241658 , 128052
-661328 , 56429.5 , 762249
1.28549e+06 , 162433 , -838545
-178243 , 2.1664e+06 , 158850
986569 , 94529.2 , -596665
-1.6228e+06 , 752375 , 467373
297596 , -902912 , 1.41926e+06
-1.20618e+06 , 240964 , 418084
1.37113e+06 , 633486 , 407132
509697 , 612848 , 1.6992e+06
-241617 , -460497 , 1.09676e+06
-828286 , 1.71593e+06 , 894043
-1.1737e+06 , 338593 , -26575.1
1.17075e+06 , 497873 , 804323
-691214 , -9097.68 , -554807
952273 , 1.8048e+06 , 610376
829099 , 604355 , 686296
1.11768e+06 , 752976 , 731473
540493 , 980628 , -1.16093e+06
888967 , -1710.17 , 751280
860003 , 89823.1 , 1.05204e+06
1.20562e+06 , 1.14268e+06 , 732563
-757721 , -125123 , 1.17566e+06
-725948 , -1.87997e+06 , 1.58602e+06
-16902.5 , -332259 , -907017
1.044e+06 , -1.14408e+06 , 193272
256388 , -105457 , 1.07994e+06
-352841 , -1.05118e+06 , 65519.2
-1.04168e+06 , -1.01947e+06 , 782715
-765492 , 577473 , 191037
-1.33401e+06 , 1.34178e+06 , -989903
294812 , 938036 , 1.20837e+06
-1.19784e+06 , -212127 , 90127.6
1.00206e+06 , 1.43581e+06 , -1.26733e+06
-56115.5 , 355597 , 96368.1
1.14773e+06 , -469765 , -746286
1.80282e+06 , -1.43106e+06 , -660988
-1.34565e+06 , -911962 , 1.24482e+06
-820688 , 546594 , -1.42744e+06
-778869 , 1.20122e+06 , -484050
-504646 , 726437 , -13375
3.01889e+06 , 355896 , 145813
-410827 , -1.44699e+06 , 420659
318388 , 1.10874e+06 , -1.86532e+06
-71321.3 , 1.38543e+06 , -637712
478161 , 486496 , 690974
1.59079e+06 , 562166 , 354684
-1.90204e+06 , 437457 , -547997
-70098.4 , -1.78802e+06 , 1.06463e+06
265913 , -7911.92 , 2.54749e+06
-1.60121e+06 , -674344 , 249344
225946 , -606661 , -1.55733e+06
-1.1842e+06 , -1.34192e+06 , -111121
2.57066e+06 , -931380 , -209769
-1.33609e+06 , 1.38628e+06 , 1.20146e+06
-1.66905e+06 , -828064 , 596216
-1.00768e+06 , -1.16933e+06 , -1.7143e+06
-748828 , 1.80031e+06 , -868172
518778 , 978783 , -119440
3.13915e+06 , 553186 , -154270
-1.64205e+06 , -224902 , 706433
-848995 , 202540 , 309944
-1.68223e+06 , -1.59086e+06 , 487680
312441 , -788745 , -411006
-1.30749e+06 , -711397 , -52095.9
408242 , -441461 , -38993.2
-471097 , 634902 , -732290
1.01708e+06 , -873781 , -1.44596e+06
249650 , -381133 , -424109
-182563 , 394008 , -450279
505034 , -1.25868e+06 , -245718
554764 , -523491 , 1.33349e+06
1.95833e+06 , 1.11938e+06 , 974576
-257225 , -1.58776e+06 , 1.24016e+06
-919184 , 867895 , 1.23775e+06
1.27589e+06 , 2.44606e+06 , 850446
1.66944e+06 , -917914 , 1.7726e+06
-982321 , -434172 , 44072.7
-329147 , 962474 , 61833.9
1.14631e+06 , 254973 , 943628
-166760 , -1.87059e+06 , 2.08172e+06
595609 , -468103 , -1.36289e+06
301575 , 1.58976e+06 , -440747
-656076 , -1.162e+06 , -534470
-173996 , 347659 , -917044
-1.95031e+06 , -835595 , 908770
-2.14204e+06 , 571339 , -510177
-341259 , -497112 , -52390.8
-265273 , -551104 , -1.54688e+06
-146028 , 2.50646e+06 , 1.41196e+06
-1.39469e+06 , -1.64103e+06 , 966292
680788 , -234180 , -809891
1.54806e+06 , -371312 , -1.73178e+06
-836370 , -2.0378e+06 , 1.12278e+06
460279 , 1.01616e+06 , -805632
-475329 , -1.06063e+06 , 776934
-393992 , -535214 , 796763
151002 , 444354 , 1.33556e+06
-175395 , -204670 , -1.28534e+06
-1.31007e+06 , 884926 , 1.83095e+06
1.8459e+06 , 832719 , 23201
-928703 , 617222 , 9662.22
-1.59143e+06 , 748288 , 281183
-97367.8 , -568615 , 520400
-328820 , 714108 , 1.12651e+06
-297745 , 993345 , -36427
-105239 , -90453.9 , 1.70095e+06
-450802 , -1.16987e+06 , 1.59109e+06
1.37501e+06 , 1.27888e+06 , -1.47389e+06
743693 , -885167 , 593241
-1.25958e+06 , -1.93829e+06 , 1.23036e+06
-470101 , 431446 , -604247
357761 , -1.26179e+06 , -1.01585e+06
-995889 , -281618 , 687848
-1.0945e+06 , -1.41477e+06 , -401740
1.26155e+06 , -336160 , -251079
572420 , -521011 , -784661
-1.51779e+06 , 1.35314e+06 , 80758.3
446086 , -1.06337e+06 , 2.49999e+06
664605 , 1.71465e+06 , 1.6595e+06
-1.92231e+06 , 602540 , -217977
69482.7 , 117762 , 2.0045e+06
66451.4 , 342242 , 2.51975e+06
349745 , 1.41038e+06 , 1.56331e+06
-1.05272e+06 , -514103 , -215077
170968 , 95850.5 , 977283
-1.27294e+06 , 687129 , -212485
-61242.7 , -207852 , -1.25096e+06
-10292.6 , -547945 , 2.56259e+06
634468 , 439703 , 1.32208e+06
371372 , 880211 , 278765
798736 , 1.54206e+06 , 902148
1.29199e+06 , 396037 , -54213.6
424434 , -1.93833e+06 , 204701
410049 , 945287 , -1.66774e+06
1.08559e+06 , 772044 , 690392
-282583 , -489826 , 154330
1.66393e+06 , -143194 , 719499
827636 , 762079 , 485584
-622901 , -1.05742e+06 , 722321
-1.18284e+06 , 1.07384e+06 , 1.75664e+06
1.09264e+06 , -223750 , 1.60945e+06
-1.5706e+06 , -827789 , 1.50961e+06
-153280 , 1.61371e+06 , 1.43185e+06
-771676 , 854446 , 548406
84373.2 , 369428 , 1.42612e+06
619932 , -128096 , 2.58931e+06
1.83271e+06 , -243387 , 1.81846e+06
414679 , 808828 , 1.10051e+06
-1.19207e+06 , -1.50941e+06 , 705294
576658 , -539926 , 1.82423e+06
354825 , -217028 , 239982
-2.24961e+06 , 366751 , -186471
519678 , 1.45603e+06 , -118412
1.61932e+06 , -2.23195e+06 , 155078
599112 , -387736 , 741401
780795 , -484648 , 36898.4
-340871 , -1.68187e+06 , -142698
-1.47713e+06 , 972237 , 1.18018e+06
-261436 , 88999.5 , 1.48225e+06
-520152 , 1.23618e+06 , -605844
651013 , 726354 , 1.09204e+06
1.84805e+06 , -850908 , -1.0552e+06
-218105 , -1.03566e+06 , 554814
1.715e+06 , 400833 , 853396
2.05578e+06 , 1.42946e+06 , 49015.7
-812170 , 678900 , 178656
188759 , -341695 , 1.00223e+06
210792 , -1.17857e+06 , 1.948e+06
1.64846e+06 , -62581.2 , 528355
664188 , -361562 , 1.13129e+06
-842734 , -778779 , 1.49269e+06
-845887 , 1.01363e+06 , -495925
-635007 , -385346 , 1.94309e+06
-1.1931e+06 , 708958 , -179737
-1.02255e+06 , 1.65485e+06 , 407396
-611154 , 1.86575e+06 , 3.22407e+06
-459147 , 1.60528e+06 , -80835.1
-1.2808e+06 , -751418 , 592632
215699 , 36218 , -903870
271320 , 184131 , 949206
1.43464e+06 , -1.0523e+06 , -759628
-497637 , 472955 , 782750
143270 , 76806.3 , 452740
594817 , 543597 , -611135
563775 , 365388 , -402987
273995 , -443656 , 1.18352e+06
-1.62561e+06 , 481250 , 1.33692e+06
575978 , 519480 , 1.67986e+06
-1.67763e+06 , -304825 , 26450.4
642364 , -563496 , -1.99094e+06
-2.06061e+06 , -4088.55 , 1.7948e+06
338132 , -1.96702e+06 , -1.12456e+06
-1.46287e+06 , -592228 , 1.38477e+06
742858 , -1.88422e+06 , 1.17763e+06
220094 , 397529 , -745991
1.17506e+06 , -802706 , 1.1855e+06
-1.10403e+06 , -5250.24 , -1.12394e+06
-366525 , -1.91487e+06 , 515491
-274030 , -383414 , 711363
-446554 , -1.05185e+06 , 759488
91780.3 , -704411 , -1.36834e+06
-77979.8 , -1.44942e+06 , 842655
-1.14638e+06 , -154916 , -2.038e+06
563706 , -191396 , 735691
895263 , -82425.1 , 1.44523e+06
2.03806e+06 , -314513 , -821684
487118 , 1.42057e+06 , 181744
-2.26408e+06 , -705481 , 344478
861300 , 482592 , 1.84691e+06
-1.6802e+06 , 207852 , 1.74809e+06
1.06463e+06 , -1.67239e+06 , -1.20435e+06
387740 , 649283 , 1.50514e+06
75382.2 , -253712 , -1.34088e+06
1.65228e+06 , -267186 , 757121
436324 , 1.7865e+06 , 471929
-1.6331e+06 , 683634 , -234621
-2.50096e+06 , -238791 , 879842
-386557 , -1.00559e+06 , 1.25281e+06
2.4971e+06 , 516741 , 870969
727113 , 92704.5 , 1.77273e+06
-1.5933e+06 , 661296 , -46459.7
-585062 , -992675 , -642273
-469847 , 1.31421e+06 , 1.04195e+06
-673689 , 462769 , -532947
580166 , -250491 , -1.08709e+06
-56753.5 , 576249 , 2.15647e+06
-1.41943e+06 , -968433 , 251172
886184 , 654926 , -1.37927e+06
-25844.2 , -1.48297e+06 , 1.20051e+06
-1.46893e+06 , 807620 , 30202.7
248225 , -405915 , 2.51884e+06
-1.4627e+06 , 441588 , -1.53885e+06
-773747 , 271374 , -1.27226e+06
453027 , 734725 , 2.33795e+06
1.0036e+06 , -183734 , 1.54622e+06
-552925 , -979149 , 75711.6
-821031 , -1.08646e+06 , 865488
-2459.14 , -2.34707e+06 , 382913
1.31464e+06 , -260093 , -931982
126580 , 532267 , 531054
1.18786e+06 , 798064 , -1.69109e+06
1.35259e+06 , 1.18866e+06 , 1.51677e+06
1.80627e+06 , 788275 , 2.07891e+06
-447401 , 465441 , -1.47289e+06
1.15516e+06 , -160460 , -1.38028e+06
-312286 , -823868 , -831395
1.11464e+06 , -752345 , -1.43603e+06
-931093 , 1.70119e+06 , 1.54905e+06
-392976 , -564213 , 49926.5
836519 , 490036 , 1.39442e+06
-629008 , 1.38098e+06 , 1.40806e+06
-1.41703e+06 , 1.14231e+06 , -1.95824e+06
747005 , -272211 , -195929
-920898 , -2.28214e+06 , -136699
719276 , 7068.54 , 7785.61
1.59961e+06 , 939380 , 726645
-215234 , 1.32807e+06 , 616060
-105465 , 2.18353e+06 , -1.40759e+06
-54891 , 437328 , 1.08479e+06
2.01348e+06 , -281799 , 1.55528e+06
28284.3 , -1.56955e+06 , 1.28979e+06
-135689 , 678616 , -195503
-1.53399e+06 , 1.42427e+06 , 899538
46601.6 , -822727 , 1.93593e+06
-1.84584e+06 , -288756 , -249415
-845849 , -110357 , -198827
-969414 , 843467 , -802068
468349 , 589528 , -230648
-665317 , -1.78713e+06 , 149222
-1.04896e+06 , 1.38426e+06 , -788113
1.19845e+06 , 144130 , -757467
-27242.1 , -797601 , 225857
-62756.1 , -919783 , -2.08481e+06
7863.34 , 420257 , 691263
-1.08566e+06 , 335102 , -297191
-795867 , 650564 , 851542
1.97134e+06 , -727043 , 1.10374e+06
-653834 , 1.62399e+06 , 823293
1.12298e+06 , -753588 , 714686
-875084 , 328391 , 1.14544e+06
495827 , 1.51141e+06 , -132964
-969552 , 1.54713e+06 , -2.0005e+06
-150404 , -1.71248e+06 , 519799
621537 , -397108 , 1.9239e+06
-798352 , 808416 , 1.59763e+06
-454630 , 38669.3 , 1.91567e+06
60665.7 , -70079.4 , -1.08103e+06
-1.57275e+06 , 97228.9 , 150736
-1.25922e+06 , -1.57301e+06 , 1.08997e+06
-94377.4 , 1.32144e+06 , 1.6771e+06
84019.7 , 325770 , 223589
-86361.3 , 2.49239e+06 , -806942
1.95541e+06 , -464049 , 390081
1.46888e+06 , -1.28325e+06 , -858285
592654 , -291846 , -430409
-856031 , 2.06658e+06 , 168455
1.75836e+06 , -179889 , 711141
-107137 , -851321 , -456027
223665 , -789833 , 1.81458e+06
509416 , -277439 , -1.13781e+06
-329883 , 394431 , 727241
-621810 , -186931 , 1.35664e+06
-622759 , -875101 , 172709
1.21196e+06 , 555966 , -1.32522e+06
823484 , 164606 , -295698
-375972 , -71074.3 , 1.49169e+06
-680343 , -2.02629e+06 , -2.01474e+06
-618494 , -238229 , 1.01603e+06
-16959.7 , 2.05331e+06 , 248454
2.5232e+06 , 1.45543e+06 , -561652
-112105 , -1.18649e+06 , -365843
743031 , 172704 , 1.03705e+06
-597060 , -1.31261e+06 , 644901
-238319 , -896060 , 683365
869245 , 460366 , -309914
-942533 , 467917 , 15298
2.41436e+06 , 398822 , -563643
-465840 , -1.04199e+06 , -1.77416e+06
599434 , -1.06902e+06 , 557376
-171212 , -202939 , -296432
-63782.1 , -2.0068e+06 , 893318
1.16425e+06 , -854991 , -299989
-1.43246e+06 , 1.70798e+06 , 292118
-652318 , 232746 , 1.96772e+06
-1.76468e+06 , -105748 , 299155
1.2964e+06 , -1.03359e+06 , -282681
1.03247e+06 , 600699 , 790989
829899 , -1.04771e+06 , 1.11933e+06
-419481 , -1.95934e+06 , -217336
296648 , 87761.1 , 848956
264108 , 1.38091e+06 , -230189
736071 , 220677 , 992571
-244078 , 2.42023e+06 , 463227
1.92767e+06 , 1.87721e+06 , -478230
52787.6 , -1.11779e+06 , 360581
-273739 , 1.02353e+06 , -447443
-759824 , 18716.8 , -1.52863e+06
-230144 , 1.5088e+06 , 908632
426717 , 1.30617e+06 , 43574.2
2.1508e+06 , -1.68217e+06 , 923425
-443794 , 1.00818e+06 , 1.88248e+06
-1.07881e+06 , 213696 , 862498
-979248 , -919448 , 860102
699773 , -411399 , 600813
-10862.3 , 1.24087e+06 , 413703
814490 , 2.18932e+06 , 1.32212e+06
955800 , 1.49845e+06 , -941269
-1.09043e+06 , -253240 , -1.79502e+06
408362 , -1.45438e+06 , -1.01308e+06
-218358 , 274017 , 1.21973e+06
1.49841e+06 , -814280 , -1.15339e+06
979373 , 949661 , 684121
-797153 , 1.38034e+06 , 1.19728e+06
1.11502e+06 , -1.334e+06 , 631110
-566407 , -1.67446e+06 , 698761
-1.22556e+06 , 611044 , 1.63916e+06
-1.5029e+06 , -526978 , 530088
-1.25802e+06 , -646729 , 394704
-1.75312e+06 , -226733 , -1.42868e+06
1.14454e+06 , -2.29296e+06 , 903949
1.86117e+06 , 689659 , 807735
-957668 , -1.1732e+06 , -1.35275e+06
-306899 , 380633 , -2.08231e+06
-1.96512e+06 , 549343 , 394254
470478 , 355530 , 959003
-900591 , 1.32057e+06 , 1.89033e+06
-595294 , 809453 , 833315
-1.33826e+06 , -1.19652e+06 , 1.28877e+06
1.31043e+06 , 2.2504e+06 , 1.11778e+06
-745848 , 132094 , 1.56385e+06
117853 , -1.09604e+06 , 656436
-348219 , -1.14125e+06 , -1.30479e+06
1.27627e+06 , 82938.9 , 24132.2
-862208 , 294566 , 1.93468e+06
-828298 , -103926 , 766048
-412365 , 1.01391e+06 , -113490
-70577.7 , 1.59868e+06 , -1.38809e+06
398821 , -1.92578e+06 , -184979
-33202.4 , -20345.1 , 512979
-740523 , 738077 , -720870
1.05423e+06 , -1.39225e+06 , 1.22663e+06
-410004 , 317752 , 1.6095e+06
1.38576e+06 , -818784 , 1.10166e+06
-1.0455e+06 , -552634 , 2.06172e+06
95460.8 , -516477 , 1.95751e+06
-511151 , -2.3365e+06 , -52974.6
291854 , 818604 , 42100.3
1.02168e+06 , 468730 , 353911
1.1688e+06 , 84163.3 , -1.29257e+06
-1.33202e+06 , 1.71785e+06 , 1.382e+06
782719 , -1.3129e+06 , 556031
-715667 , -972082 , -557369
-825768 , -34658.6 , -1.15517e+06
-481070 , 620081 , -848811
-1.27054e+06 , 237215 , 47895
-140138 , 587030 , 863671
-899546 , -1.70147e+06 , 774110
1.39603e+06 , 882178 , 540196
1.62519e+06 , -94239 , -297562
-234828 , -1.07068e+06 , 388967
-1.62247e+06 , -486582 , 2.0193e+06
-557208 , 482030 , 335497
935335 , -1.42139e+06 , 805246
-1.2553e+06 , -1.4376e+06 , 374167
1.14265e+06 , -622096 , -349725
-293731 , -1.43551e+06 , 221031
-2.42397e+06 , 1.80752e+06 , -513630
-1.20966e+06 , 40295.9 , -445295
-254852 , 909862 , 311381
376559 , -1.22271e+06 , -829850
1.3003e+06 , 1.02899e+06 , -503549
120928 , 722500 , -401901
709235 , -945819 , 1.18657e+06
-1.03071e+06 , 1.00531e+06 , 998979
529607 , -2.40811e+06 , 104502
-977162 , -994911 , -1.24396e+06
221877 , -815516 , 1.21985e+06
174190 , -76663.3 , 1.59701e+06
-415384 , -1.23176e+06 , 1.22488e+06
1.20365e+06 , 684800 , -866148
-144032 , 2.2516e+06 , 36577
667054 , -528511 , -836606
-1.74721e+06 , -1.53102e+06 , 255042
-1.48673e+06 , 1.12549e+06 , -575031
-688250 , -897659 , 525015
-702265 , 814498 , 867996
468644 , -282409 , -1.31393e+06
1.17324e+06 , 1.89595e+06 , 835431
45841.7 , -1.10284e+06 , 873749
409539 , 1.56902e+06 , 242283
534140 , 872158 , -213568
-925682 , 677750 , -2.1036e+06
-727854 , -877990 , -210780
-1.07565e+06 , 1.21263e+06 , 953588
-1.33928e+06 , -1.09574e+06 , -552242
-1.67994e+06 , 437974 , -1.3377e+06
128005 , -2.32459e+06 , 551515
-1.00165e+06 , -1.83097e+06 , -338214
-202810 , -194085 , -56014.1
-370862 , -405585 , 267673
2.11616e+06 , -35152.6 , 1.00805e+06
-1.71476e+06 , 593235 , 153358
-302490 , -1.52282e+06 , 329438
-297077 , 351166 , -914478
-838072 , 1.23637e+06 , 405147
401229 , -1.24959e+06 , -408435
781947 , -2.32104e+06 , 714990
925158 , 907764 , 916245
659462 , 304868 , 38961.2
203222 , -1.61931e+06 , -434174
-5889.2 , 1.84732e+06 , 705525
41200.2 , -674022 , -462055
682976 , 916695 , -385598
350367 , 1.55547e+06 , 1.36246e+06
-396973 , -1.19559e+06 , 997474
145164 , -1.10323e+06 , -1.06763e+06
271934 , -31644.7 , -1.55875e+06
344600 , 698771 , 484899
-612112 , 1.23222e+06 , -609425
94545 , -1.44473e+06 , -1.62764e+06
-1.31464e+06 , 1.96664e+06 , 356102
330266 , -69534.1 , 237426
446001 , 1.29794e+06 , -341552
771495 , 953645 , 1.32961e+06
192267 , -1.57105e+06 , -34259.9
-1.03264e+06 , -780677 , 1.31358e+06
513331 , -881912 , 1.40707e+06
-1.00738e+06 , -987110 , 147789
-532184 , -1.46605e+06 , 1.37217e+06
679349 , 782539 , -655243
1.45627e+06 , -894928 , 470438
-489528 , -154248 , 1.31914e+06
-100417 , 1.66706e+06 , -1.00053e+06
1.69143e+06 , 175771 , 1.51722e+06
-71307.6 , -1.7783e+06 , 721250
1.97368e+06 , 421465 , 489802
745585 , 951063 , -476556
-1.28965e+06 , -852065 , 1.82555e+06
-9351.51 , -376515 , 2.03532e+06
32011.9 , -1.75601e+06 , -673441
1.81243e+06 , 1.48646e+06 , -317690
1.80436e+06 , -1.12979e+06 , 840062
1.72742e+06 , -366439 , -725840
-76458.3 , -460605 , 666186
-1.06287e+06 , 133901 , 2.09746e+06
475027 , 1.64563e+06 , 420389
-825633 , -1.69363e+06 , 298128
-301144 , 2.03658e+06 , 859667
-682644 , 1.59319e+06 , -1.06273e+06
-1.29588e+06 , -1.2058e+06 , -410514
2.06479e+06 , -332611 , 1.42246e+06
162414 , 568121 , 2.52448e+06
-2.01692e+06 , 496005 , 568829
-659307 , -82081.4 , -1.36785e+06
-612898 , 806694 , 136618
1.51973e+06 , -285609 , 780990
981678 , 1.8316e+06 , 157186
-809275 , 1.88427e+06 , -571943
-276158 , -524009 , 1.18778e+06
-588700 , -1.45128e+06 , 1.1461e+06
1.1791e+06 , -1.70453e+06 , -179774
922427 , -1.05332e+06 , 178451
-1.63122e+06 , -1.02244e+06 , 414772
677328 , 727862 , -572014
-1.98605e+06 , -1.17301e+06 , -592342
-938668 , -73435.7 , -61298.1
159710 , -948023 , -1.32685e+06
570655 , 442062 , 1.84931e+06
-1.19607e+06 , 566342 , 1.66284e+06
1.20286e+06 , 896755 , -70651.5
1.16653e+06 , -267498 , 944188
-2.0042e+06 , -1.16296e+06 , -2.20374e+06
-771086 , -405501 , 959688
326478 , -866193 , -1.38621e+06
21521 , 38619.5 , -1.13494e+06
-482438 , -1.31832e+06 , -2.48231e+06
1.45244e+06 , -1.76725e+06 , -346182
56603.6 , 464920 , -738187
-1.3549e+06 , -919247 , -30224.4
-1.3916e+06 , 1.04803e+06 , -1.17024e+06
-446122 , 1.7866e+06 , -1.79186e+06
548121 , 669135 , 2.42021e+06
-210212 , 1.51829e+06 , 593574
353868 , 130830 , -1.25104e+06
-967864 , 911498 , 956890
1.17661e+06 , -1.62998e+06 , -91542.7
-219206 , -2.0215e+06 , -99091.5
441400 , 515204 , -831001
1.26565e+06 , 619503 , -2.00473e+06
231909 , 1.44248e+06 , -1.29249e+06
1.58128e+06 , 1.30381e+06 , 627671
440422 , -378009 , -948674
-1.18902e+06 , 1.00062e+06 , -327095
741248 , -1.34637e+06 , 868567
-609228 , 1.48501e+06 , -139591
-733171 , -362633 , 650598
-1.16744e+06 , 1.3616e+06 , 557417
1.19111e+06 , -1.40626e+06 , 1.2669e+06
98410.7 , 625822 , 1.10171e+06
-116011 , -149408 , 2.07741e+06
-972128 , 1.65816e+06 , 984638
2.02254e+06 , -1.69243e+06 , -85875
596084 , 2.07386e+06 , -1.22497e+06
-69732.9 , -1.12097e+06 , 1.34239e+06
-1.19313e+06 , 1.38698e+06 , 174893
-333463 , 1.29883e+06 , -594102
281410 , 860746 , -1.5881e+06
743392 , -624340 , 2.07312e+06
-359499 , 1.35245e+06 , -989007
-875834 , 491011 , 283304
741932 , -1.34175e+06 , -171066
50892.9 , -132527 , 208011
637028 , 928345 , -138090
-586460 , -683822 , 1.52751e+06
1.40366e+06 , 452657 , 287027
4629.37 , 592383 , -1.10599e+06
-1.40012e+06 , 1.24968e+06 , 1.48103e+06
-639648 , 41218.4 , 550001
-858527 , -159232 , -1.81825e+06
219952 , 1.13355e+06 , 892102
1.04756e+06 , 171171 , 2.02458e+06
-776675 , -1.35666e+06 , -1.27651e+06
361102 , -6003.13 , 2.06198e+06
-108889 , -1.74157e+06 , -877908
1.14348e+06 , -10543.9 , -1.7518e+06
279609 , 470001 , 688072
990686 , -395966 , 1.75415e+06
-271382 , -4383.44 , -1.02464e+06
276373 , 1.95586e+06 , -701754
261416 , 1.63454e+06 , 524119
918426 , -687851 , -108384
-1.21424e+06 , -113058 , 939610
771372 , -113163 , 632224
1.76669e+06 , -1.19468e+06 , 701772
-1.01993e+06 , -370850 , -131432
-704676 , 2.71414e+06 , 895414
1.07472e+06 , 1.3439e+06 , 511756
1.36389e+06 , -933623 , -372284
1.16742e+06 , -1.97692e+06 , -195153
-2.35715e+06 , -715872 , -64341.2
334634 , -1.63447e+06 , -759242
1.78395e+06 , -136885 , -1.0334e+06
-799200 , -883092 , 326783
-1.77183e+06 , -635796 , 9824.49
708307 , 1.12545e+06 , -43445.3
-726994 , 690306 , 1.12391e+06
-68179.2 , 1.13577e+06 , -1.08299e+06
-1.3221e+06 , 1.44737e+06 , 98558.8
-799044 , 682171 , -588877
-1.58314e+06 , -1.78429e+06 , -663883
1.18442e+06 , 1.23724e+06 , -788243
1.42432e+06 , 992135 , -1.13477e+06
-1.10238e+06 , -1.31739e+06 , 1.29856e+06
890723 , 246117 , -33027.9
-48243.1 , -934601 , -17253.1
-698105 , -806522 , -1.77444e+06
-592864 , -496312 , 582694
1.57813e+06 , 484049 , 552299
-283623 , -1.38886e+06 , -59580
779720 , -989674 , -827087
-1.04746e+06 , -2.08639e+06 , 671730
-290082 , -1.19909e+06 , -520026
-2.01087e+06 , 381462 , -1.05956e+06
71744 , 1.55281e+06 , -342974
-2.21161e+06 , 105469 , -721657
610140 , 583277 , -208596
-633997 , -60710 , 661845
1.4959e+06 , 206090 , 29483.2
-315244 , -1.08559e+06 , 1.60656e+06
-277556 , -140941 , 1.92174e+06
16854.4 , -1.41906e+06 , -1.18846e+06
-390458 , -319933 , 1.79643e+06
1.41742e+06 , -135750 , -1.75996e+06
426146 , -1.07085e+06 , 1.21246e+06
986606 , 1.38916e+06 , 1.12697e+06
672588 , -1.07145e+06 , 175790
1.7173e+06 , 18637.3 , -675625
833017 , 791653 , -3213.22
-1.51984e+06 , -1.67274e+06 , 103068
778396 , -913699 , 1.27238e+06
-1.12684e+06 , -793928 , 1.40009e+06
1.17536e+06 , -138502 , -1.18587e+06
-828894 , 1.19958e+06 , 1.40485e+06
973400 , -243199 , 1.02658e+06
-514037 , 1.34371e+06 , -607729
1.46269e+06 , 1.09089e+06 , 359967
749820 , 647604 , -175748
44345.9 , -840146 , -1.55206e+06
190693 , -2.08193e+06 , -151203
194907 , 830597 , 2.17753e+06
-1.63604e+06 , -718951 , 846549
1.60678e+06 , 1.59417e+06 , 138542
524650 , -750111 , 649251
6045.4 , -300626 , -1.7009e+06
750588 , 1.3978e+06 , -916264
776958 , 430823 , -1.56059e+06
1.16441e+06 , -895971 , 779302
-670239 , -2.80402e+06 , 606373
1.13584e+06 , -293503 , -508371
764609 , 719985 , 451376
-93172.3 , -699836 , -231150
-1.68587e+06 , 162515 , -1.56576e+06
-1.0852e+06 , 856670 , 1.46821e+06
-335794 , -1.62018e+06 , 796121
504145 , 788040 , -1.28569e+06
-381816 , -557537 , -101991
-2.86685e+06 , 1.13826e+06 , 1.3682e+06
135650 , -887310 , 2.5375e+06
44997.8 , -1.31264e+06 , 942991
1.79103e+06 , -795902 , 79017.9
-1.40608e+06 , 1.01407e+06 , -144454
-406881 , -1.0481e+06 , 1.12304e+06
848046 , -1.78977e+06 , 447136
-2.36642e+06 , -599273 , -350694
-561754 , 784684 , 1.88089e+06
656838 , -1.11317e+06 , 681370
635606 , 1.50175e+06 , 702395
-890347 , -909380 , 1.56922e+06
78421.7 , -631721 , -1.15698e+06
535937 , 202108 , -1.32115e+06
-1.11154e+06 , 1.1274e+06 , -1.47821e+06
-790264 , -227981 , 5550.84
-979417 , -1.3374e+06 , 2.02619e+06
-100645 , -187513 , -451782
-1.41476e+06 , 316919 , -451834
-1.81898e+06 , -594957 , 1.54498e+06
-1.46455e+06 , -612101 , 1.19315e+06
-903815 , -391625 , 1.72812e+06
-1.07536e+06 , 767794 , -1.00373e+06
-1.50545e+06 , 1.26009e+06 , -1.31731e+06
1.02255e+06 , -598638 , 1.00383e+06
1.15985e+06 , 1.66214e+06 , 1.75964e+06
-1.76064e+06 , -1.92034e+06 , -321724
642102 , 1.3014e+06 , 422683
-1.39789e+06 , 76078.3 , 1.58228e+06
623644 , -262789 , -1.73477e+06
105060 , 78693.1 , -1.13765e+06
-1.05529e+06 , 953879 , -986277
-237938 , -1.50745e+06 , -7271.88
1.15763e+06 , 935693 , 1.16045e+06
-1.72222e+06 , 1.19384e+06 , -198068
231044 , -1.86238e+06 , -393531
-79718 , 916095 , -1.75579e+06
-647646 , -638298 , -1.27356e+06
-352664 , -73752 , 2.73432e+06
-602265 , -784785 , 54277.6
-2.1465e+06 , -645813 , -330930
649116 , -1.24992e+06 , -989604
-611590 , 1.13364e+06 , 531716
-769592 , -429545 , 1.60832e+06
-1.46402e+06 , 270227 , 1.08043e+06
-413646 , -48583.5 , -909926
-1.40857e+06 , 111858 , -1.16679e+06
-787070 , -1.88807e+06 , -686368
518165 , -682898 , -2.12765e+06
1.10503e+06 , -1.21468e+06 , -1.25658e+06
-1.25919e+06 , 799979 , -1.02276e+06
-1.75432e+06 , -88247.1 , -45526
304547 , 2.16932e+06 , 801034
431608 , -17179.2 , 350775
-1.38588e+06 , -1.04184e+06 , -1.62955e+06
158903 , 1.6372e+06 , -883981
-57176.2 , -434069 , 471276
432838 , 1.26287e+06 , 1.56201e+06
-541282 , -644954 , 911600
1.35107e+06 , 359736 , 416873
575047 , 1.05447e+06 , -102032
765297 , -154246 , -1.07041e+06
-38018.5 , 2.39034e+06 , 801058
-938190 , -1.82517e+06 , -1.2466e+06
-426795 , -910613 , -1.32436e+06
-258615 , -631576 , 954426
-2.37854e+06 , -763948 , 680351
-1.03796e+06 , -626220 , -1.15139e+06
120462 , 1.22221e+06 , 830286
-859490 , -1.01155e+06 , 23623.7
167896 , -568395 , -112716
-83642.2 , -691821 , 1.65152e+06
-711218 , -25671 , 676454
-343470 , 439736 , -421360
-317603 , 25751.6 , -480731
-111765 , 418590 , 1.02355e+06
1.34086e+06 , -464034 , -250637
-450128 , 54962 , 746592
-865867 , -1.44224e+06 , 2.87232e+06
1.89833e+06 , -123714 , 678312
-430040 , -763858 , 1.4868e+06
-72728.5 , -599889 , -1.32657e+06
-258855 , 1.40872e+06 , 467728
327656 , -88690.5 , -1.30975e+06
1.0191e+06 , -703872 , 1.28461e+06
-1.0689e+06 , -922965 , 571927
1.04643e+06 , -32104.6 , -77489.6
302887 , -1.68107e+06 , -551249
1.05131e+06 , 146418 , -940935
-1.33375e+06 , -429926 , 990148
2.11547e+06 , -775072 , -482743
-1.49895e+06 , -843143 , -823450
1.16511e+06 , 1.36315e+06 , 878363
9475.17 , -908162 , -116293
-132623 , -1.4065e+06 , 555054
922394 , 530692 , 3.13168e+06
-227684 , -363563 , 868367
118033 , 374989 , 1.21468e+06
950073 , -1.10723e+06 , -1.62792e+06
-1.78382e+06 , -994611 , 83784.1
437842 , -448144 , 104780
2.03912e+06 , 459487 , -171715
753579 , 1.01955e+06 , -628120
-205563 , -341686 , 1.44503e+06
-365984 , -310852 , 1.24546e+06
764039 , -1.73863e+06 , 1.44167e+06
-1.11624e+06 , -1.50746e+06 , -1.7064e+06
707424 , -1.01539e+06 , -1.59896e+06
-1.72877e+06 , -1.516e+06 , -62408.3
-1.57852e+06 , -653632 , -272456
-1.17921e+06 , -423214 , 854099
-577060 , -1.72257e+06 , 338220
-326322 , -1.82636e+06 , 758504
197507 , 1.4843e+06 , 1.71992e+06
-694898 , 552615 , 633637
1.01647e+06 , 1.92446e+06 , -119370
-1.00166e+06 , 1.38482e+06 , 192454
-118123 , 979332 , 1.09714e+06
-735059 , 309931 , 863837
10106.4 , -1.34306e+06 , 1.40243e+06
1.9885e+06 , -58525 , 1.32733e+06
1.89499e+06 , -558500 , 149850
-1.47452e+06 , -874970 , 786094
1.71242e+06 , 1.04412e+06 , -294127
-811874 , -500544 , -606403
58637.5 , 129651 , -1.30864e+06
530121 , -922962 , -514799
557685 , 952212 , -949497
438668 , 796058 , 1.42182e+06
-363169 , -1.67532e+06 , 355351
395863 , -1.10775e+06 , 1.8432e+06
103610 , -631937 , -1.48869e+06
-568393 , -370164 , 677520
-747551 , -1.66417e+06 , -534361
1.21428e+06 , 1.23892e+06 , 295656
-908304 , -1.82938e+06 , -399655
-89523.5 , 728601 , -829950
-1.71312e+06 , -652521 , 79668.6
172032 , -2.16805e+06 , 1.0463e+06
1.40722e+06 , -178454 , -38243.4
-403692 , -986370 , 1.35559e+06
-1.25776e+06 , 745109 , -987299
-280982 , 45688.8 , 841920
-267338 , -1.04224e+06 , 582276
629980 , 1.07988e+06 , 932391
-1.70534e+06 , -79732.7 , -186083
2.43385e+06 , -164407 , -626743
-1.04101e+06 , 738317 , 709551
-1.41614e+06 , 185686 , 1.24058e+06
12510.5 , 335059 , 56572.9
220039 , -603883 , 551311
-494666 , -1.38129e+06 , 903878
317947 , -133568 , 93860
215488 , -603116 , -859929
-942362 , 322074 , -949786
1.27706e+06 , 881392 , -1.77098e+06
-1.89544e+06 , 1.20151e+06 , 582080
-1.65661e+06 , 91293.1 , 225001
-240869 , 816072 , 1.05002e+06
-1.54437e+06 , 200643 , 654254
1.53871e+06 , -1.44993e+06 , 858165
-417328 , 759480 , 1.18141e+06
893489 , 1.95306e+06 , 216445
-373856 , -199217 , -1.56796e+06
-1.14254e+06 , -1.26926e+06 , -38156.6
670615 , 567980 , 1.52727e+06
1.15904e+06 , 122805 , -1.97118e+06
542325 , -1.04457e+06 , 1.20206e+06
-638913 , 250429 , -1.51357e+06
-1.34197e+06 , -227680 , -429083
-770322 , 673049 , 376438
-1.18118e+06 , 787365 , 1.53969e+06
-841327 , -1.41297e+06 , 952416
113896 , 273173 , -987846
-706513 , -118056 , -1.28905e+06
-1.38698e+06 , -129949 , 2.09854e+06
1.01054e+06 , -1.89693e+06 , 1.27975e+06
-663577 , -1.06985e+06 , 1.17878e+06
128408 , 1.32514e+06 , -669818
-691968 , -637208 , 1.8584e+06
747640 , -53547.3 , 1.92971e+06
842556 , -1.04613e+06 , -75573
-784970 , 666632 , -1.11295e+06
831345 , 122148 , -323420
772902 , 922894 , -1.63258e+06
-121019 , -583096 , 1.51889e+06
1.2253e+06 , -316047 , -621645
-852428 , 1.93904e+06 , 849137
-240406 , 129338 , 1.18528e+06
465179 , -894020 , -276403
939642 , -1.5859e+06 , 1.62789e+06
876186 , 76975.4 , 298207
527249 , -291147 , 783385
-1.47533e+06 , -740953 , 1.6234e+06
647974 , -259363 , -1.37093e+06
1.70874e+06 , -616816 , 1.32124e+06
1.36135e+06 , 2.24327e+06 , 33788.1
-181717 , -451539 , -2.62659e+06
291963 , 673373 , 978617
-998339 , 375982 , -835930
-1.85229e+06 , -693114 , 45903.2
728316 , 1.43398e+06 , 2.59605e+06
927543 , 80185.9 , 1.41875e+06
-1.15374e+06 , 763794 , -1.15749e+06
-271300 , -596998 , 2.0377e+06
1.0037e+06 , -84788.2 , 2.25439e+06
-664073 , 1.27474e+06 , -366255
-1.1532e+06 , -966476 , 1.18021e+06
-546711 , 1.06149e+06 , -240828
797450 , -1.00922e+06 , 324428
-672997 , -316681 , -1.18109e+06
-598781 , 199514 , -815520
1.80585e+06 , 957572 , 905950
612528 , -1.68887e+06 , -276972
-949376 , 228103 , -1.22445e+06
-323287 , -1.57369e+06 , -950435
-2.25722e+06 , 26983.1 , 1.4566e+06
992423 , -1.19342e+06 , 977342
1.39958e+06 , -1.32637e+06 , 1.22333e+06
406563 , 1.79852e+06 , 241445
643612 , -295825 , -3475.55
-710876 , 623488 , 205133
1.57843e+06 , -640886 , 1.11916e+06
1.00204e+06 , 1.96534e+06 , 47269.4
-2.49499e+06 , -816982 , 509822
-423384 , 713161 , -1.37652e+06
-550982 , 1.15906e+06 , 515226
-443918 , -1.5083e+06 , 1.42471e+06
-1.50262e+06 , 1.18519e+06 , -348616
688692 , -633152 , 1.1936e+06
117692 , 26097.2 , 251910
-728938 , -2.30319e+06 , 702926
930670 , -379507 , 929706
-846416 , 637225 , 1.32959e+06
-33166.3 , 1.31934e+06 , 563697
-381018 , -808330 , 123264
1.55642e+06 , -1.05978e+06 , 835116
84273 , -373401 , 4550.27
1.54663e+06 , 1.14368e+06 , -225248
-549464 , 219949 , -348563
625208 , 1.47064e+06 , -145710
1.1536e+06 , -1.52731e+06 , -1.35657e+06
1.5878e+06 , -460536 , 116690
403364 , -28680.3 , -879563
-905115 , 1.90033e+06 , 247393
-1.0254e+06 , 5878.27 , 124184
-1.37064e+06 , -1.91038e+06 , -874969
-2.54527e+06 , 1.82091e+06 , 883606
-1.04299e+06 , -72113.8 , 1.20774e+06
91074.5 , 1.10049e+06 , 799675
1.04621e+06 , 959232 , -374794
-1.03574e+06 , 330658 , 449270
1.52773e+06 , 1.37989e+06 , 702919
2.17347e+06 , 751110 , 1.15574e+06
1.75947e+06 , -279082 , -1.57422e+06
1.44696e+06 , -1.67561e+06 , -756008
1.19955e+06 , -1.62807e+06 , 1.19644e+06
688582 , 547478 , 1.69546e+06
-195401 , 645330 , 418857
-3.41653e+06 , 556803 , -1.46721e+06
-941211 , 82269.4 , 1.81088e+06
386953 , -1.25727e+06 , 1.35482e+06
768921 , 1.54476e+06 , -939384
-1.70315e+06 , -45300.9 , 163411
393130 , -1.07054e+06 , 962917
1.08384e+06 , 1.71894e+06 , -435547
1.23687e+06 , -890411 , 2.28672e+06
755534 , -1.76116e+06 , 982640
1.87063e+06 , 1.265e+06 , 589466
-600249 , 1.74635e+06 , -169907
-1.42291e+06 , 835331 , -1.74924e+06
-2.84686e+06 , -251410 , 1.732e+06
1.55663e+06 , -489759 , -1.11453e+06
-856404 , 1.26392e+06 , 536283
1.00294e+06 , -919170 , 1.28017e+06
-250336 , -1.60923e+06 , 1.91856e+06
-148918 , 1.03976e+06 , 1.48827e+06
-2.25434e+06 , -300253 , -844224
-829089 , 873284 , -880681
-2.19277e+06 , -148894 , 719206
-354256 , 1.43738e+06 , 190666
345254 , 39216.4 , 774607
420013 , 2.18763e+06 , -28281.9
-85322.9 , -598431 , -798212
-270522 , 1.9893e+06 , 469837
-374366 , 1.58193e+06 , 485851
-864096 , 814045 , 2.19545e+06
618336 , 327437 , -1.43625e+06
784272 , -96750 , -655560
41009 , 1.18623e+06 , 968208
-359657 , 641414 , 465709
-190158 , 977721 , 1.07709e+06
-1.05789e+06 , -786904 , 1.55143e+06
-985463 , 466196 , -328630
-1.31552e+06 , -278972 , -123699
-426224 , -97663.7 , 171597
403033 , 818436 , 1.3882e+06
501353 , -796278 , -991789
-1.01464e+06 , 715199 , 584736
-1.17635e+06 , 837034 , 1.11884e+06
-146032 , -1.55111e+06 , 587797
-43549.2 , -773412 , 806882
-1.44601e+06 , 1.60022e+06 , 344369
-296926 , -1.41241e+06 , -509936
262833 , 799265 , 2.07299e+06
894291 , -1.7013e+06 , -308788
383463 , 1.28248e+06 , -1.31034e+06
-814093 , 284966 , 1.79294e+06
20941.8 , -1.05129e+06 , -604556
1.79151e+06 , -432702 , -1.00915e+06
-413800 , -1.09013e+06 , -832944
714745 , -543875 , 519228
1.68651e+06 , -778387 , 1.03357e+06
-428919 , 1.8463e+06 , 283834
298641 , -428160 , -1.71215e+06
-478180 , -454332 , -1.90423e+06
-15230.7 , -2.03086e+06 , 1.35527e+06
1.1518e+06 , 634866 , 437578
880992 , 583463 , 29017.1
-1.17589e+06 , 1.02473e+06 , 2.4551e+06
-876455 , -732765 , -479895
-1.30263e+06 , -997618 , 2.43757e+06
-772.603 , 938027 , 32576.1
688775 , -1.02345e+06 , -651288
38339.6 , 1.26144e+06 , 425706
-55378.1 , 1.50944e+06 , 116715
-241442 , -101746 , 1.83887e+06
800632 , -791853 , 1.79105e+06
-819577 , 451087 , 583035
166780 , 961835 , -356112
-1.04962e+06 , -500045 , 1.22112e+06
-1.48268e+06 , 373101 , 428325
1.54525e+06 , 1.14411e+06 , 1.53995e+06
-66819.9 , -302444 , 1.91007e+06
-1.11962e+06 , 770305 , -350718
1.21766e+06 , -1.90125e+06 , 1.09063e+06
-1.30762e+06 , -238578 , 1.04187e+06
-1.49758e+06 , 439394 , 676684
-190897 , 1.337e+06 , -220760
78811.1 , 1.14534e+06 , 971378
418477 , -738836 , 1.85261e+06
1.27056e+06 , 701419 , 1.98411e+06
253003 , -971003 , -1.44306e+06
-632325 , -562654 , -916630
1.69759e+06 , 497960 , -333104
480887 , 973306 , -710317
-1.77227e+06 , -686256 , 92795.9
1.03783e+06 , 88822.2 , -349670
-577147 , -821780 , 2.20898e+06
-1.28264e+06 , -316276 , 197670
-418136 , 2.61455e+06 , 182165
-1.02683e+06 , 580887 , 303606
-388293 , 1.12317e+06 , 2.20279e+06
-296800 , 266374 , -790827
-823838 , -65738.8 , -1.25146e+06
326630 , -1.39181e+06 , -1.40395e+06
-787837 , 860929 , 2.22918e+06
-143379 , -92867.9 , 1.64816e+06
305520 , -190084 , 3.03317e+06
-1.93751e+06 , -1.12161e+06 , -59579.7
192907 , 661278 , 928533
298210 , 1.62339e+06 , -1.28285e+06
-166000 , 485137 , 1.62135e+06
-422606 , -637020 , 2.2284e+06
102000 , 840315 , -1.38297e+06
-1.70662e+06 , -1.51019e+06 , -543467
75389.5 , -1.50023e+06 , 91013.3
-1.80522e+06 , -258807 , -525916
1.05728e+06 , -416750 , 1.12138e+06
-49237.4 , -1.85899e+06 , -296128
-1.40041e+06 , -846206 , 1.57515e+06
303289 , 474693 , -566545
1.00486e+06 , -1.4923e+06 , -1.57557e+06
569103 , 1.26523e+06 , 1.01303e+06
316090 , 1.72068e+06 , -113636
-20992.1 , -371119 , 1.06208e+06
201099 , 935055 , 506102
300335 , 334431 , 1.07991e+06
-821537 , -1.53751e+06 , 1.00799e+06
923082 , 67395.3 , -1.39263e+06
876894 , -1.06804e+06 , 592119
2.38579e+06 , 472146 , 466439
-950588 , 1.17761e+06 , 2.05585e+06
1.04558e+06 , -732421 , 1.82096e+06
1.90448e+06 , 764008 , 837926
-850260 , 1.51398e+06 , 3746.19
476576 , -811679 , 864295
792468 , -1.28538e+06 , 863228
-1.82748e+06 , -564539 , 683459
-566510 , 638063 , 824353
925955 , -642673 , -117528
265667 , 1.40642e+06 , 1.51493e+06
-400066 , -89286.5 , -871103
1.01251e+06 , 719233 , -1.30992e+06
-387212 , 150042 , 95343.5
1.12551e+06 , -1.312e+06 , -626739
-192303 , -74879.3 , 482148
-968437 , 45791.3 , 249201
286770 , 310474 , 459618
410229 , 2.08613e+06 , 684411
-708774 , -1.31251e+06 , 776731
172693 , -442704 , 1.82026e+06
-1.1025e+06 , -1752.4 , 1.32093e+06
471103 , 49898.4 , 2.54599e+06
414216 , 1.23961e+06 , 1.10213e+06
1.39383e+06 , 405139 , -675694
1.22825e+06 , -1.38392e+06 , 1.61598e+06
498478 , 1.58955e+06 , 888041
1.34424e+06 , -3.03e+06 , 1.87457e+06
-651974 , 1.81922e+06 , 1.48229e+06
-215128 , -1.42695e+06 , -669849
-418507 , -627760 , 733905
-1.4715e+06 , -115106 , 278354
-1.24731e+06 , 897319 , 432785
1.53627e+06 , 148904 , -399546
2.19851e+06 , 1.66787e+06 , 85871.8
207309 , -644361 , -1.20098e+06
161579 , 2.00728e+06 , 1.05789e+06
-640889 , 469859 , -2.07052e+06
-1.28018e+06 , 653867 , 279953
-1.01765e+06 , 1.67821e+06 , 1.23855e+06
1.06853e+06 , 1.1078e+06 , 1.14197e+06
-451112 , 637265 , 883119
509529 , 1.60874e+06 , -930807
686672 , 1.76284e+06 , -2.23728e+06
-1.02794e+06 , -1.69951e+06 , -95404.8
536518 , -1.01307e+06 , 1.2552e+06
-742388 , 848102 , 3.1094e+06
1.08143e+06 , -162958 , 495886
-1.7485e+06 , -94380.7 , 1.09442e+06
1.52289e+06 , 46325.2 , -1.10363e+06
860719 , 1.92167e+06 , 2.24978e+06
1.44463e+06 , 1.22451e+06 , -77734.3
1.62092e+06 , -1.4189e+06 , -1.59041e+06
-837090 , -770792 , -405037
120339 , -621412 , -191138
-1.62469e+06 , -104851 , -1.4996e+06
-1.53892e+06 , 787364 , -987634
-629273 , -2.50189e+06 , 100353
1.68293e+06 , -1.4463e+06 , 645546
1.23429e+06 , 48922.1 , -1.6309e+06
145669 , 709406 , -772079
771089 , 550187 , 2.18841e+06
-281469 , 54760.1 , 1.55505e+06
-376239 , 448395 , -1.29626e+06
-501830 , -773870 , -1.06962e+06
1.059e+06 , -423714 , -68795
-1.15411e+06 , -1.17953e+06 , -180482
249993 , 871375 , -278022
-353236 , -2.04129e+06 , -883397
179891 , 144808 , 666153
-3.34724e+06 , 734614 , -1.75931e+06
-572932 , 761433 , 1.51085e+06
1.20208e+06 , 550318 , 65890.9
-573788 , 1.41291e+06 , -450206
-407331 , -2.34954e+06 , -608100
716734 , -288912 , 787150
762435 , -530761 , 906322
1.4765e+06 , 833839 , 1.67907e+06
702145 , 645923 , -831860
-298782 , -2.078e+06 , -868359
-159832 , 357615 , 1.69559e+06
1.11507e+06 , -729691 , -240265
-1.28676e+06 , -312817 , 363419
-619154 , 1.80827e+06 , -335677
780293 , -1.78266e+06 , -803486
632894 , 1.07845e+06 , -663733
630821 , 883689 , -85953.4
1.70229e+06 , 254545 , 183294
750154 , -791371 , -8227.49
501918 , 584812 , -745312
1.71869e+06 , 165631 , 17440.4
-562962 , -2.0704e+06 , 601166
-463796 , 1.13295e+06 , 836500
-596769 , -2.13911e+06 , 20867
-206721 , 22798.2 , 803845
-846125 , 1.53575e+06 , 705366
1.67642e+06 , 298360 , -1.42918e+06
646599 , -865298 , -1.42407e+06
-499691 , -1.46321e+06 , -1.23383e+06
327857 , 1.66764e+06 , -1.02592e+06
-294157 , -795661 , 16621.6
277004 , 1.52831e+06 , 775791
495457 , -615816 , 1.33956e+06
-1.00213e+06 , 1.17076e+06 , 887414
-664068 , -362182 , 218535
-932146 , -1.64248e+06 , 746216
-22053.2 , -1.92359e+06 , -1.55297e+06
-1.38171e+06 , -196983 , -902517
-817418 , -1.23539e+06 , 373290
-761403 , -1.51477e+06 , 318791
-444541 , -441756 , 2.57834e+06
555141 , 937018 , 1.28621e+06
-342217 , -708789 , 944884
-207786 , -2.20779e+06 , 704660
1.61326e+06 , 237864 , 760982
-303859 , -1.30737e+06 , -1.29007e+06
22447.1 , -149329 , 456642
610586 , 1.55888e+06 , 176727
1.06717e+06 , -295733 , 628497
-751817 , 776386 , 87424.6
-581357 , -593106 , -2.28236e+06
934385 , -123967 , 513593
-45440 , -853381 , -1.813e+06
337635 , 50567.6 , 1.52282e+06
1.08049e+06 , -2.59438e+06 , -470291
-2.2603e+06 , -701688 , -334264
-1.31531e+06 , 377072 , -1.29539e+06
251955 , -412441 , -1.46297e+06
229436 , 1.59907e+06 , 1.23526e+06
108076 , 788922 , 1.90084e+06
388917 , -936098 , 721146
1.5077e+06 , -261890 , -901231
1.02605e+06 , 76813.5 , -353500
-1.32825e+06 , 498374 , 76515.2
1.0282e+06 , 1.07766e+06 , -856842
-957684 , -1.57497e+06 , -941071
-581303 , 967993 , 751053
535502 , -1.46506e+06 , 1.50389e+06
569764 , 1.32456e+06 , -264278
1.79496e+06 , 624338 , 356968
1.28883e+06 , -876309 , -38503
379065 , 292580 , -2.84146e+06
-1.39896e+06 , -425699 , -578811
370758 , 1.84975e+06 , 1.11222e+06
959627 , -718129 , 1.77035e+06
-538946 , 410430 , -597462
1.15614e+06 , -594676 , -1.5635e+06
13110.4 , -129290 , 2.21626e+06
-923680 , -624307 , 660011
-872430 , -991179 , 387690
-1.16276e+06 , -784396 , 372306
-355283 , -355807 , -166850
-401428 , 379193 , 349327
-257543 , 1.36547e+06 , -328558
-955205 , -9497.08 , 1.92845e+06
1.1811e+06 , 207718 , -1.01385e+06
1.16169e+06 , 1.14975e+06 , 1.31841e+06
-375383 , -1.52347e+06 , 648891
-863654 , -629599 , 543848
115355 , 595360 , 1.97638e+06
-44491.3 , 723477 , 803994
357987 , -1.6407e+06 , 799631
-987825 , 703272 , -717630
-416764 , 1.95499e+06 , 1.19753e+06
-1.05906e+06 , 1.62186e+06 , -147008
1.43391e+06 , -730497 , -1.36697e+06
-454934 , -884432 , -1.22428e+06
1.53251e+06 , -997516 , 1.536e+06
866728 , 193810 , 1.21832e+06
-14586.2 , 910161 , -281229
35694.5 , -56914.7 , -1.29133e+06
-2.32031e+06 , 147397 , 1.85557e+06
-1.04941e+06 , -1.59865e+06 , 593580
-1.71877e+06 , 737996 , -319020
202596 , -228701 , -1.41343e+06
-1.70335e+06 , 1.95275e+06 , 126947
987548 , 1.03437e+06 , 1.15103e+06
355028 , 202244 , 996393
283449 , 1.76664e+06 , -671530
244110 , 558337 , 800072
-1.17298e+06 , -306896 , -1.1912e+06
211709 , 1.75612e+06 , 1.36931e+06
-729288 , 1.42271e+06 , -51806
-1.33142e+06 , -688564 , 854435
324334 , 1.58539e+06 , -87155.7
-2.01476e+06 , -735168 , 1.03216e+06
-1.13086e+06 , -697252 , -594258
1.24871e+06 , 860203 , 1.06533e+06
189522 , -650480 , 1.5101e+06
-43418.7 , 484230 , -1.79042e+06
1.2737e+06 , -28321.8 , 2.3294e+06
-40785.4 , -1.53533e+06 , 669526
-681837 , -1.81732e+06 , 345862
335572 , 1.59499e+06 , -2.05225e+06
1.56103e+06 , -1.30717e+06 , 152498
-240915 , -455978 , 1.04823e+06
-424709 , -984492 , -1.03604e+06
676006 , -535636 , 1.49246e+06
-857894 , -1.06451e+06 , 1.08685e+06
-747830 , 1.70369e+06 , -127946
1.43714e+06 , -862157 , -104683
858103 , -489867 , 1.0576e+06
-937923 , -190247 , 1.38685e+06
-243441 , 748778 , -214997
-677940 , -2.07297e+06 , -282212
261242 , -546005 , 286202
222125 , -1.25143e+06 , -1.92628e+06
-1.01267e+06 , 1.01978e+06 , 138611
517988 , 1.72415e+06 , 1.51111e+06
1.48369e+06 , 661474 , 1.16346e+06
681383 , -383815 , 1.63293e+06
-1.00763e+06 , -314478 , 1.74375e+06
-1.75804e+06 , -290238 , 590037
-177995 , -587597 , -60305.7
-438595 , -559935 , -659819
-2.20826e+06 , 69467.9 , -47157.2
-1.19598e+06 , -823786 , -647332
-828254 , 1.00325e+06 , 920219
658529 , -153205 , -1.69275e+06
-134573 , 2.38571e+06 , 1.3931e+06
743844 , -335483 , -597194
-90244.6 , 187847 , 1.14777e+06
-835968 , -406274 , 614583
-1.33948e+06 , -637493 , 313535
1.59336e+06 , -478278 , -992432
899452 , 184709 , -1.12515e+06
-1.1277e+06 , 47348.6 , -1.56005e+06
-1.51661e+06 , 2.54659e+06 , 186984
-1.71159e+06 , -230731 , 79670
-777293 , -2.17494e+06 , 1.09163e+06
827956 , 1.31932e+06 , -1.08887e+06
807282 , -888350 , 1.13257e+06
-1.29052e+06 , 449734 , -744430
-1.5557e+06 , -795461 , 657530
-207764 , -476997 , 511709
1.90592e+06 , -1.01884e+06 , -67200.3
678557 , 473030 , 891570
-954830 , 549076 , -331216
857803 , 1.07525e+06 , 1.20728e+06
-175676 , 154614 , 1.26665e+06
-232348 , -732075 , 1.38505e+06
-1.98965e+06 , 101916 , -71120.9
272387 , 536726 , 1.3817e+06
-12056.2 , -867457 , -830.293
-994731 , -1.00002e+06 , -845258
1.95934e+06 , -894697 , 311242
782943 , 53702.5 , -107678
-165797 , 2.17027e+06 , -240105
1.14975e+06 , 784037 , 1.12984e+06
-1.19299e+06 , -580260 , 1.0585e+06
-1.24126e+06 , 406300 , 226060
-1.17584e+06 , -237681 , -311935
434557 , -1.99187e+06 , 660358
-384493 , 90164.6 , 783749
423799 , -844041 , 642941
222554 , 856810 , 998430
88361.9 , -296321 , -952949
-682140 , -922786 , -1.80706e+06
-818851 , 133134 , 1.18668e+06
341898 , -679773 , 1.2897e+06
892022 , -1.51155e+06 , 849410
-916711 , -364442 , 883248
884036 , -1.26816e+06 , -1.51666e+06
135463 , -51653.2 , 1.62249e+06
772652 , 28579.9 , 2.14346e+06
1.15879e+06 , -116943 , 116901
-2.3751e+06 , -1.09392e+06 , 1.84907e+06
504932 , 1.06589e+06 , 1.4236e+06
1.1716e+06 , -1.84937e+06 , -1.27925e+06
-1.27393e+06 , 55933.1 , -203054
-147482 , -455053 , 448213
-417314 , -1.91547e+06 , 104513
839309 , -1.25104e+06 , -915255
1.03466e+06 , -1.36502e+06 , 846707
407578 , -1.2873e+06 , 965652
-2.18224e+06 , 840462 , 928689
1.65093e+06 , -1.02433e+06 , 1.14539e+06
-1.22432e+06 , -947461 , 190514
-742247 , -962799 , 869055
-43156.7 , -1.1383e+06 , 1.21856e+06
172950 , 197591 , -831054
-206520 , 1.13988e+06 , -1.08695e+06
1.66762e+06 , 359655 , 369842
-385982 , 379722 , 1.61265e+06
-62342 , -529107 , -2.06613e+06
-1.91201e+06 , 307094 , 611777
-426225 , 1.43929e+06 , 860496
974437 , 700118 , 1.54753e+06
-734674 , -1.1466e+06 , 1.34549e+06
-314685 , 392826 , 1.73045e+06
-769845 , -384623 , 1.12164e+06
376950 , -1.01481e+06 , 826304
-530450 , -92736.8 , 1.85331e+06
2.52608e+06 , 485107 , 1.41617e+06
1.40424e+06 , -35434 , -1.46269e+06
145827 , 1.17969e+06 , 983167
83694 , -140831 , 1.52703e+06
648796 , -1.92622e+06 , 1.79446e+06
-670545 , 1.3121e+06 , 1.48183e+06
-909975 , 368626 , 1.45863e+06
1.46058e+06 , 2.22692e+06 , -5597.41
-87109.2 , -850803 , 623161
-541674 , 2.03443e+06 , -876513
433648 , 462455 , 317344
-453337 , 1.2085e+06 , 461282
1.43616e+06 , 556862 , 570787
1.5985e+06 , -1.8702e+06 , 908471
-368478 , -354004 , 510718
1.58824e+06 , 208694 , -680385
310413 , 645149 , -883072
50706.9 , 536498 , 125795
-2.28708e+06 , 1.52792e+06 , 42983.1
-313293 , -1.50039e+06 , 142333
-64437.8 , 1.39206e+06 , -1.38689e+06
809854 , 1.52283e+06 , -420036
909537 , 1.73006e+06 , -1.05733e+06
-872257 , -543167 , 2.11851e+06
133046 , 872559 , 1.69156e+06
425462 , 2.57475e+06 , -422721
-738893 , 234525 , 1.62151e+06
-1.00635e+06 , -1.08828e+06 , 1.54707e+06
1.66264e+06 , 632981 , 1.92179e+06
-109639 , 1.03558e+06 , 998834
-1.20803e+06 , 1.49811e+06 , 1.28001e+06
-102956 , 1.56096e+06 , 1.33802e+06
-1.83338e+06 , 1.05712e+06 , -1.1043e+06
23476.4 , -1.28126e+06 , 73298.8
1.02312e+06 , 1.80878e+06 , -836681
1.17422e+06 , 1.13833e+06 , 1.3033e+06
-1.59368e+06 , -541565 , -1.1004e+06
-826248 , -846142 , 533793
-1.95822e+06 , 519001 , -332077
-620362 , 754335 , -1.85983e+06
1.75381e+06 , -1.56355e+06 , -609253
808303 , -500656 , -760477
-1.74439e+06 , -76480.2 , 1.33779e+06
-1.00247e+06 , -2.02909e+06 , -773092
41915.1 , -703081 , -1.21714e+06
631422 , 364538 , -1.24589e+06
1.43642e+06 , 1.36582e+06 , -65813.7
491681 , -968037 , 707916
1.29828e+06 , 1.25002e+06 , 100202
-1.59857e+06 , 475875 , 716843
33796.6 , -1.53179e+06 , -980125
76029.5 , 734501 , -1.17395e+06
261567 , -2.41792e+06 , 1.68852e+06
2.03997e+06 , 878934 , 850048
693737 , 637254 , 1.87639e+06
-711309 , -1.89512e+06 , 114918
1.07052e+06 , 742050 , 587101
162051 , 344813 , -705179
1.53759e+06 , 500450 , -24604.9
851292 , -266165 , 350708
307739 , -170705 , 1.62837e+06
-2.25864e+06 , 868484 , -223907
-109416 , -1.1198e+06 , -2.08871e+06
-1.49704e+06 , 601974 , 2.55433e+06
287614 , -1.12074e+06 , -557354
-788089 , 42397.5 , 558038
-696156 , 2.3522e+06 , 750789
89824.8 , 1.41582e+06 , -886591
-371216 , 607422 , 1.99287e+06
-707770 , -287803 , 199906
-680177 , -1.5004e+06 , 1.21804e+06
993451 , -648497 , 838108
2.25251e+06 , -64070 , 116363
2.2342e+06 , -163841 , 192294
-984038 , -1.17918e+06 , 700005
-110079 , 1.30181e+06 , -1.49207e+06
-1.48564e+06 , -205337 , -871322
-401660 , 1.23516e+06 , -1.78528e+06
769086 , 196119 , -1.66632e+06
-564661 , 1.61764e+06 , -2.29031e+06
1.35587e+06 , -175885 , 934848
684796 , 247665 , 2.48876e+06
-1.06659e+06 , 318568 , -1.21354e+06
898970 , 480156 , -324641
8787.13 , -965037 , 894746
1.01014e+06 , -2.14341e+06 , 293034
583036 , -598866 , 1.77107e+06
997113 , -64991.7 , -345938
915722 , 70230.9 , 2.20515e+06
817395 , 1.42266e+06 , 154728
808430 , -961737 , 1.1862e+06
-1.46981e+06 , -1.12843e+06 , 406552
-1.19326e+06 , 1.11308e+06 , -447245
-464372 , -468772 , -1.32743e+06
1.22149e+06 , 608412 , -920568
-852411 , 1.31234e+06 , 811217
-1.66408e+06 , -1.38534e+06 , 36883.3
1.0699e+06 , 112718 , -158125
1.21692e+06 , 224371 , -1.19264e+06
509257 , 238353 , 452640
-906560 , 120869 , 914559
-632208 , 1.6829e+06 , -683627
-452274 , -879141 , -815995
-186363 , 2.02049e+06 , 155156
486563 , 541000 , -208276
1.07131e+06 , 118503 , -494101
-1.42893e+06 , -553968 , 123636
-719369 , 294240 , 402243
-990491 , -251627 , 315693
1.08335e+06 , -750631 , -14779.3
-716800 , 22378.5 , 123349
139736 , -829483 , -547621
-552240 , 232091 , 1.39167e+06
-716237 , -219424 , -33734.8
60629.9 , -320117 , 1.38532e+06
1.03268e+06 , -1.63304e+06 , 323771
90197.6 , -1.92962e+06 , -933951
-203699 , -1.46417e+06 , 1.8103e+06
-1.85739e+06 , 192900 , 670305
1.77078e+06 , 157877 , 250801
-581087 , -868256 , 59207.8
483824 , 964538 , 356376
491904 , 940055 , -935741
-1.06039e+06 , 269124 , -87639.9
-28688.3 , -1.4541e+06 , -202466
-123478 , -859083 , 985747
-173336 , 733623 , 330106
211552 , -1.09341e+06 , 25316.5
-1.35024e+06 , 1.18852e+06 , 1.17199e+06
-924417 , -1.38312e+06 , 741443
-1.37558e+06 , 996382 , -415895
-157104 , -525663 , -1.15544e+06
1.13927e+06 , 402690 , 310534
821354 , -28967.1 , -743667
-1.19264e+06 , 690344 , -698092
-657968 , -1.76581e+06 , 528243
-1.63177e+06 , -1.54285e+06 , 70489.4
-1.0438e+06 , 114169 , -1.18506e+06
-49620.1 , -1.72672e+06 , -1.37686e+06
708219 , -411419 , 747469
-1.59627e+06 , -313144 , -457383
383752 , -690012 , -2.40039e+06
1.56079e+06 , -284566 , 1.87366e+06
-459890 , -12490.8 , -1.18638e+06
786479 , 352830 , 443372
-731193 , 1.74823e+06 , 2.93005e+06
933346 , -212479 , 1.27143e+06
1.30506e+06 , -487048 , 2.4727e+06
707827 , 776333 , -239535
-761217 , 1.23319e+06 , -1.91276e+06
555497 , 247525 , 1.76569e+06
-846694 , -595846 , -918245
-67564.1 , 522686 , -1.69868e+06
542985 , -2.28528e+06 , -790172
297575 , 1.94885e+06 , -420779
-1.46519e+06 , -1.61842e+06 , 1.349e+06
-753661 , -765299 , -609165
-1.08472e+06 , -1.3723e+06 , 551883
1.00147e+06 , -312705 , 1.87315e+06
1.36245e+06 , 1.83509e+06 , -478463
783177 , -307984 , -952277
-172452 , -14151.1 , 1.66447e+06
1.35882e+06 , 1.79492e+06 , -70735.1
-210639 , -882022 , -337390
-784252 , 927776 , 139407
-2.32037e+06 , -582958 , 656106
1.27519e+06 , 838509 , -496015
1.52085e+06 , 1.30583e+06 , -993290
-844849 , 1.47197e+06 , -1.56308e+06
-213649 , -316181 , 2.42629e+06
1.09851e+06 , -122137 , -1.26087e+06
-1.14518e+06 , -313109 , -1.40725e+06
1.25049e+06 , -2.37295e+06 , -175891
942987 , 331408 , 619207
347950 , 295585 , -1.39285e+06
2.29579e+06 , -705667 , -164188
774665 , 1.095e+06 , -628524
1.00128e+06 , -168344 , 765610
-976443 , 468511 , 526774
-272568 , 267656 , -1.047e+06
-25131.3 , 622826 , 1.60787e+06
-1.98831e+06 , -444414 , 441535
540505 , -452386 , -1.18327e+06
5315.35 , -876772 , -167375
-1.83177e+06 , 140352 , 839155
-1.22634e+06 , -910183 , 236767
672702 , -928160 , 1.46856e+06
496881 , -244630 , -1.17164e+06
-722068 , -1.96527e+06 , -989135
148248 , 1.50587e+06 , 214212
732363 , -1.12532e+06 , -69884.6
-159767 , -22398.4 , 419172
1.89941e+06 , 1.42083e+06 , 323583
-2.64296e+06 , -794555 , 477735
-918756 , -8942.31 , -401455
-940315 , -1.067e+06 , 212331
-1.7857e+06 , -1.04375e+06 , 1.10303e+06
-1.09062e+06 , -1.06175e+06 , -1.97471e+06
-308915 , 556750 , 78196
-596848 , -420902 , -1.33544e+06
-1.21934e+06 , -518567 , -1.22263e+06
-829443 , -368498 , 1.81339e+06
60753.9 , 85241.8 , 222290
1.28619e+06 , 509740 , 448618
1.2379e+06 , -2.08559e+06 , 1.92646e+06
-818183 , 297267 , -2.06323e+06
1.23717e+06 , 1.75227e+06 , 1.42023e+06
-89641.8 , -47227.7 , -305204
1.14631e+06 , 995749 , 1.80911e+06
-1.50417e+06 , -249028 , 1.62664e+06
-232956 , -4440.29 , 2.116e+06
946896 , 363274 , -333525
-612462 , 502318 , 298332
23956.9 , 185933 , 1.97235e+06
-1.1977e+06 , 675164 , -500002
-1.90981e+06 , -1.02753e+06 , 566016
-328491 , -1.69359e+06 , -88447.1
-686230 , 1.11588e+06 , 949496
297114 , 333174 , 2.61987e+06
131046 , 755034 , 1.36017e+06
-1.23847e+06 , -281616 , -2.00706e+06
86823.1 , -68098.1 , -1.43894e+06
-420232 , -1.23413e+06 , -751277
-311794 , 493237 , 1.63289e+06
-562410 , -1.09515e+06 , -1.79474e+06
429840 , 628275 , 1.00523e+06
1.30031e+06 , -292904 , 476884
1.32247e+06 , -584034 , 27306.7
-1.18975e+06 , -355917 , 499286
1.66114e+06 , 122303 , 1.47282e+06
-1.85644e+06 , 1.58877e+06 , -714224
986955 , -1.2497e+06 , -11080.7
1.41647e+06 , 532939 , 2.19064e+06
643500 , 910128 , -646899
1.24902e+06 , 1.01754e+06 , 1.03879e+06
1.22307e+06 , -217227 , 1.91012e+06
421490 , -360520 , 992872
-916664 , -20901.4 , 1.45794e+06
922628 , 8252.28 , -1.74453e+06
-608884 , 549877 , -1.3146e+06
310681 , -910568 , -349779
470222 , 1.7465e+06 , 81242.7
-135771 , 59522.5 , -601830
-302319 , 1.63258e+06 , 848096
1.42577e+06 , -430454 , 321691
119879 , -520186 , -913072
-111524 , 1.14926e+06 , -995912
-732337 , 663223 , 454652
-683555 , -34955.3 , 1.56394e+06
-369993 , 72253.3 , 1.11998e+06
-690833 , -619756 , 1.33605e+06
1.21071e+06 , -150931 , 220477
-274695 , 512808 , 1.31707e+06
-1.25618e+06 , -909354 , 1.31221e+06
709550 , -84554.9 , 718579
-789219 , -1.68459e+06 , -836716
-770764 , -492026 , 946523
1.4079e+06 , -1.04497e+06 , 1.00297e+06
596722 , -2.16143e+06 , -600666
1.70449e+06 , -712295 , -576988
542578 , -2.19575e+06 , 749072
1.95671e+06 , -495330 , -1.39187e+06
2.05308e+06 , 94887.3 , 445805
2.82231e+06 , -2.31252e+06 , 350258
-418645 , 1.53069e+06 , 1.76885e+06
1.27515e+06 , -257486 , -1.39963e+06
-270868 , -164742 , 2.44145e+06
405890 , 1.11919e+06 , 850652
1.33349e+06 , 800944 , 353555
189608 , 1.89866e+06 , -1.42403e+06
718525 , 382286 , -112848
-420467 , -195770 , -198021
-1.6373e+06 , -1.09489e+06 , -872062
371371 , -992492 , -977671
-953834 , -70730.4 , -499497
705409 , -563303 , 488391
568896 , 740449 , -1.16584e+06
1.01605e+06 , -1.28117e+06 , -90538.9
-1.38306e+06 , -1.72275e+06 , -1.71312e+06
-1.17072e+06 , 312308 , 1.15225e+06
-1.36834e+06 , 631939 , -1.13378e+06
290362 , 784264 , 729799
-1.52855e+06 , -135518 , 1.85417e+06
1.2949e+06 , -2.03232e+06 , -676686
861365 , -42764.1 , 287056
430302 , -413702 , 1.55727e+06
-1.61257e+06 , -967842 , -686991
1.31091e+06 , -378883 , 859070
1.08621e+06 , -112367 , 1.53369e+06
-2.31325e+06 , 943945 , -1.2949e+06
821807 , -283286 , -63759.4
-1.34497e+06 , -1.3423e+06 , -476434
1.80956e+06 , -887844 , -528066
-417103 , -1.12826e+06 , -778848
1.13091e+06 , 1.53869e+06 , 972813
-141030 , -1.28236e+06 , 1.18627e+06
1.66242e+06 , -870838 , -159833
-28582.1 , -560238 , -1.36511e+06
-26629 , 893645 , 1.75349e+06
959351 , 334808 , -864207
192903 , 805450 , -513942
-1.99103e+06 , -37660.4 , 1.00861e+06
1.33958e+06 , -1.77214e+06 , 848397
-1.23495e+06 , -1.81566e+06 , 956871
424408 , 1.16102e+06 , -905590
1.90954e+06 , 544607 , 922654
-792739 , 632010 , -572570
-621201 , 848889 , -401406
-404432 , -14894.3 , 321308
-2.09537e+06 , 1.17366e+06 , -1.00224e+06
1.00463e+06 , -35496.1 , -1.17499e+06
638957 , -1.02242e+06 , 531879
-2.20819e+06 , 736138 , 1.25556e+06
1.44203e+06 , 265851 , -31502.4
854880 , 206874 , 273767
779457 , 935624 , 1.95914e+06
-1.84277e+06 , 847252 , -1.00067e+06
867105 , -779717 , -1.34896e+06
-1.38691e+06 , 795505 , -1.62226e+06
-333393 , -983555 , 2.42487e+06
-907738 , -1.84533e+06 , 1.48166e+06
299698 , 196078 , -38252.1
1.27158e+06 , -826541 , 281902
-816714 , 190742 , 2.21371e+06
784024 , 1.85687e+06 , 125247
-198205 , -1.01486e+06 , 1.5824e+06
-2.13484e+06 , -849709 , 1.54291e+06
-2.00876e+06 , -714988 , 797517
565318 , -2.21623e+06 , -318005
-200168 , -1.18563e+06 , 1.43157e+06
371697 , -288167 , -140700
-1.13593e+06 , -654734 , -854207
374696 , -241717 , -1.80499e+06
810400 , 909364 , 972066
202370 , -515992 , -734172
-1.43653e+06 , -1.67219e+06 , -467369
-819875 , -420269 , 851165
-158173 , 408998 , -2.30837e+06
-205413 , 64876.5 , -892911
-524761 , 2.18335e+06 , -348431
-652133 , -729615 , 844266
230708 , -725354 , 1.04433e+06
2.1965e+06 , -125080 , -1.90224e+06
-248270 , -896892 , 1.18864e+06
-451181 , 1.66503e+06 , -2.10689e+06
-197344 , 1.42936e+06 , -844462
-118726 , -255239 , -2.40664e+06
789802 , 919645 , 1.00243e+06
800258 , 298035 , -7263.25
895539 , -91616.2 , -267114
819291 , 403380 , -678482
320209 , -1.73067e+06 , 129341
-607380 , 1.15689e+06 , 693894
1.54188e+06 , -353194 , -1.40165e+06
-124720 , 672017 , 698693
678956 , -544169 , 1.0426e+06
668613 , 1.09203e+06 , -1.41247e+06
833125 , 1.32085e+06 , 757145
729550 , 1.33172e+06 , 710504
377474 , 753545 , 980877
-447631 , -138582 , 572182
1.39591e+06 , 93632.2 , 731563
1.62428e+06 , -1.59026e+06 , 480409
478680 , 405927 , -834912
676103 , -180580 , 1.19834e+06
-1.45741e+06 , -1.70357e+06 , 513650
-5864.17 , -1.62649e+06 , 415663
-677174 , 651821 , -1.26166e+06
-247094 , -789910 , 1.11739e+06
-1.13481e+06 , -535377 , 794519
523365 , -937242 , 1.05704e+06
189516 , -1.44081e+06 , -1.32303e+06
-712564 , -1.42365e+06 , -421740
-678337 , 204595 , 1.0593e+06
684250 , 1.84142e+06 , -809834
-1.25546e+06 , 2.17555e+06 , 133791
348684 , 914938 , -1.261e+06
-1.76539e+06 , -152327 , 2.88616e+06
760588 , 228348 , -153085
-1.81105e+06 , -57123.1 , -673504
-1.01539e+06 , -1.03381e+06 , -9555
577304 , -1.55485e+06 , -474373
-1.14434e+06 , 1.09594e+06 , 718071
253388 , -458265 , -111635
232475 , -2.60475e+06 , 466705
-544658 , 1.79608e+06 , 847356
-592164 , -819505 , -1.46606e+06
-574491 , 1.12437e+06 , 2.14944e+06
1.10602e+06 , 437791 , -144628
2.01533e+06 , -2.4216e+06 , -68519.3
192917 , -260940 , -758100
939110 , 835774 , 722470
-174393 , -426872 , 1.37222e+06
-2.16719e+06 , 395902 , 1.13268e+06
-795302 , -368709 , -128020
1.71078e+06 , 742662 , 644404
1.17051e+06 , 1.07464e+06 , -783298
1.05013e+06 , -120503 , -153043
283553 , 434013 , 1.76162e+06
-209092 , -1.49477e+06 , -184948
1.45211e+06 , 1.93532e+06 , -71964.5
-331406 , -903229 , -799041
-1.48747e+06 , -999996 , 830034
337443 , -769803 , -359612
-871938 , -2.24131e+06 , 1.93889e+06
4578.78 , -351015 , 685616
1.70023e+06 , -1.25622e+06 , 165633
-439468 , 469174 , -614810
533868 , 1.04096e+06 , -772334
-640197 , -461894 , -678523
-7886.41 , -132487 , 825384
-859454 , 414040 , 168163
-648485 , -629021 , -154791
725569 , -1.0989e+06 , -1.44321e+06
-1.13649e+06 , 511316 , -37962.4
103040 , -398762 , 2.16738e+06
-695678 , -15061.7 , -965269
1.77001e+06 , -868700 , -295769
1.73186e+06 , 20550.6 , 744593
-1.38052e+06 , 926786 , 519841
-2.87099e+06 , -431559 , 226642
378475 , -1.43703e+06 , 45282.5
-984598 , -260236 , 22108.5
-117276 , -1.40134e+06 , -858068
1.1737e+06 , 464618 , 287992
988982 , 313145 , 329758
1.21315e+06 , -841587 , 828508
-1.11488e+06 , 873187 , 1.14454e+06
-612213 , -243511 , 875432
-942768 , -1.77149e+06 , 490386
-1.75763e+06 , 871442 , -534078
-524387 , -23529.6 , 1.17673e+06
1.9561e+06 , 101087 , 1.01819e+06
-550657 , 542700 , 2.00679e+06
452699 , -1.81284e+06 , -232168
-1.06892e+06 , 23516.6 , -16964.5
1.78016e+06 , 1.30007e+06 , 185349
456381 , 889139 , 442151
-620820 , -424961 , -953502
1.31671e+06 , 1.26982e+06 , -641967
1.16899e+06 , 276193 , -474354
1.85659e+06 , 8660.67 , -652665
15068.6 , 272928 , 2.5616e+06
1.16186e+06 , 99624 , 646028
-717258 , -544588 , 231298
-1.88467e+06 , 1.19932e+06 , -1.20511e+06
338643 , 905599 , 708738
86434.8 , 195190 , 802892
1.23793e+06 , -869384 , 1.57208e+06
142126 , 1.58145e+06 , -709341
-1.2193e+06 , 1.02315e+06 , 122904
-2.01712e+06 , 599302 , -482933
-706184 , -2.06136e+06 , 2.0148e+06
-759671 , -410204 , 695580
-761656 , 1.93683e+06 , -720091
606230 , -163105 , 549636
-1.79126e+06 , 412688 , -677294
-1.50304e+06 , 41346 , 1.60978e+06
-584923 , 15019.4 , 1.0182e+06
817128 , -2.19255e+06 , 655184
81464.2 , -2.10987e+06 , -862475
-1.89215e+06 , -317910 , 1.18637e+06
-789362 , 999467 , 157032
-785989 , 987392 , 1.3216e+06
-861191 , -2.27607e+06 , 401612
-121326 , -1.3369e+06 , -369600
1.47898e+06 , 1.49757e+06 , -1.24127e+06
-90200.4 , -905301 , -1.0118e+06
-1.04787e+06 , -1.54582e+06 , -91261.7
38093.5 , 172685 , -844582
-1.3055e+06 , -249259 , 927218
-967433 , -347006 , -1.23995e+06
-172198 , 1.62201e+06 , 1.58726e+06
824798 , -32075.2 , -504886
1.3801e+06 , -274749 , 562244
993316 , 992325 , 16293.7
115998 , -731754 , 1.26625e+06
-2.27401e+06 , -1.07616e+06 , -466753
-1.56922e+06 , 1.06405e+06 , -663929
13872.6 , 1.69823e+06 , 1.96386e+06
554779 , -385897 , 668729
-1.12533e+06 , 288693 , 1.74743e+06
-1.53552e+06 , 311381 , -1336
204649 , -76551.4 , 2.03179e+06
1.41079e+06 , -7193.77 , -733324
-1.1422e+06 , -971971 , 707501
-910498 , 850473 , 1.5396e+06
1.47989e+06 , -748131 , 752699
1.89508e+06 , 195010 , 1.15193e+06
-283651 , 1.39027e+06 , 1.45761e+06
622032 , -1.23051e+06 , -958527
643652 , 394498 , 512191
1.1454e+06 , -918639 , -2.29465e+06
-642747 , 1.79008e+06 , -613577
-250112 , 207094 , 988507
974661 , -1.90589e+06 , -356333
-828123 , -1.66282e+06 , -869476
1.03428e+06 , 1.29737e+06 , 1.00865e+06
-1.28897e+06 , -1.34043e+06 , -625416
596570 , -32669 , 372748
115982 , -1.00896e+06 , 1.22059e+06
-2.14839e+06 , -32717 , -1.01644e+06
-1.48441e+06 , 333902 , -1.32148e+06
1.1408e+06 , -875920 , 673625
939402 , -52493.6 , -742151
988480 , -488288 , -813565
1.42853e+06 , 862293 , -469110
335997 , -271786 , 1.79404e+06
-649735 , -564747 , 1.63866e+06
96975.5 , -1.05822e+06 , -659200
850281 , 209927 , 894144
-1.01936e+06 , 8772.73 , -741659
-761011 , 971237 , 1.38117e+06
-492367 , 114560 , -652195
1.39804e+06 , -1.461e+06 , 746171
-1.4236e+06 , -80768.4 , -67642.2
-1.68543e+06 , -844660 , -929934
-122766 , -467257 , 5209.18
-693619 , 861151 , 1.23556e+06
417145 , 62789.2 , -884666
212590 , -450451 , 1.30409e+06
1.49373e+06 , -953379 , -282947
-2.13216e+06 , -927273 , -1.74289e+06
-211689 , -262364 , -1.13672e+06
-1.38662e+06 , 1.38816e+06 , 212693
-135278 , -598839 , -1.05539e+06
690004 , -41400.3 , -1.70445e+06
172171 , 1.60376e+06 , 1.24408e+06
582452 , 139661 , 771987
1.31677e+06 , 1.41069e+06 , 848300
1.31463e+06 , -87847.9 , 1.63481e+06
-817927 , -438388 , 628073
-329214 , 764428 , 1.81951e+06
1.0265e+06 , 222400 , -153063
717871 , -1.18291e+06 , 2.4082e+06
1.12675e+06 , 714957 , 894503
-522851 , 285378 , 646553
-363022 , 741782 , 708111
1.23492e+06 , -114482 , -1.82618e+06
886799 , 275959 , 1.29952e+06
-953953 , 1.09147e+06 , 616730
1.72358e+06 , -53380.5 , -682662
566427 , -1.28514e+06 , -837277
145853 , -362580 , -60395.9
-130913 , 2.10742e+06 , 707636
-518005 , 945725 , 1.65902e+06
1.13483e+06 , 454170 , 245072
191375 , 926130 , -1.92902e+06
926344 , -1.19046e+06 , 981003
-1.29891e+06 , -830951 , 1.66317e+06
151214 , 1.80278e+06 , 175455
-486211 , -300969 , 492564
-1.41402e+06 , -643088 , 676919
93478.3 , -1.6688e+06 , -589924
-463727 , 934807 , 1.22917e+06
1.10841e+06 , -461875 , 358545
914181 , -2.32346e+06 , -27622.1
-1.25769e+06 , -115447 , -749291
388609 , 622875 , 1.9606e+06
164279 , -115790 , 1.77253e+06
357415 , -134121 , 166267
679429 , -947777 , -290925
-1.94253e+06 , -1.18233e+06 , -367104
-1.31239e+06 , 522655 , 1.35753e+06
-472945 , -677066 , -41164.4
665481 , 110972 , 1.08197e+06
718836 , 614202 , 1.19509e+06
-2.05581e+06 , -1.11016e+06 , -1.22828e+06
-594510 , 1.03288e+06 , -535606
1.88577e+06 , -542166 , 937089
659102 , 199263 , 1.71792e+06
-823555 , 1.51733e+06 , 1.63809e+06
1.70857e+06 , 901397 , 213867
-1.31708e+06 , 1.96472e+06 , 451717
-634265 , 533200 , -1.43016e+06
1.09061e+06 , -477278 , -537236
51420.6 , -127240 , -56373.7
-1.22471e+06 , 646626 , 771529
624225 , 472150 , -1.10065e+06
-889738 , -517446 , -1.58169e+06
1.71386e+06 , 1.28935e+06 , 343401
-274229 , -483473 , 1.68065e+06
958719 , 987175 , -929950
-867847 , 1.20568e+06 , -114105
-1.09864e+06 , 981925 , 1.19078e+06
-1.34371e+06 , 1.26114e+06 , 1.00179e+06
-321957 , 1.75745e+06 , -753431
1.40713e+06 , -1.24017e+06 , -672625
1.31046e+06 , -387972 , 1.33169e+06
471738 , 306385 , -406463
127367 , -1.06441e+06 , 1.43923e+06
-484581 , 1.21179e+06 , 2.21459e+06
242326 , -1.04886e+06 , 1.11312e+06
-1.19014e+06 , -201258 , -890091
1.57127e+06 , -1.54495e+06 , 590437
-300668 , -375561 , 1.37408e+06
355568 , -863669 , 1.27238e+06
-155141 , -342350 , -514731
957386 , -1.08988e+06 , 213703
1.23645e+06 , -133913 , 144545
468405 , 1.31007e+06 , 605361
483269 , -53847.8 , -544085
480000 , -868669 , 2.03951e+06
-1.55143e+06 , -1.09791e+06 , 643360
33495.1 , -811971 , 2.9377e+06
-921950 , -90042.8 , 1.3922e+06
-948530 , 1.29527e+06 , -1.15207e+06
-1.91048e+06 , -1.04972e+06 , 1.02758e+06
228385 , 747570 , -2.10188e+06
-801310 , -398799 , 1.45757e+06
-309590 , 407978 , -861872
421947 , -1.61336e+06 , -1.75129e+06
-369610 , -1.7276e+06 , 461686
-2.46433e+06 , 1.0888e+06 , 1.77843e+06
141223 , 1.56818e+06 , 464989
-1.86823e+06 , -549916 , 2.33297e+06
979717 , 243097 , 1.18531e+06
885215 , -1.62041e+06 , -831231
-115392 , 639091 , 1.44837e+06
2.21275e+06 , 1.16139e+06 , -326806
-1.29217e+06 , -1.4356e+06 , 267931
-706090 , 652477 , -616607
-140821 , -524266 , -580465
-96217.7 , -722968 , 178405
570961 , 175374 , -1.44886e+06
-525321 , 103912 , -876391
442066 , -1.55375e+06 , 612209
229238 , 526665 , -495682
866638 , 576364 , -869669
923823 , 1.72091e+06 , 85849
30499.5 , 529882 , -395312
-269941 , 1.12744e+06 , -254232
-1.21482e+06 , 779643 , 1.05077e+06
282851 , 682040 , 984851
2.3726e+06 , -571807 , 1.03778e+06
-1.48418e+06 , 578865 , -1.0882e+06
199177 , -775192 , -2.21892e+06
-291121 , -791128 , -2.17428e+06
-86230.2 , -406939 , -218381
118834 , -2.95183e+06 , 1.04856e+06
-722676 , -359788 , -621472
194271 , 152689 , 1.06894e+06
-1.03951e+06 , -1.07765e+06 , 795796
1.25599e+06 , -467239 , -114749
-1.02135e+06 , -138756 , -7938.86
-1.42813e+06 , -1.40693e+06 , 265918
-330066 , -2.13725e+06 , 334866
-858551 , 678654 , 1.4669e+06
-816432 , -1.03803e+06 , -1.77916e+06
-130225 , 1.93017e+06 , -1.66015e+06
748321 , -1.51459e+06 , -114121
389789 , -305742 , 463775
-538959 , 2.53422e+06 , 524317
1.33246e+06 , -1.12043e+06 , 1.22187e+06
2.07595e+06 , 598852 , -63149.7
-762409 , 755040 , 115654
1.3463e+06 , 639376 , 1.22595e+06
-753865 , -344063 , -11938.9
805942 , -802090 , -1.13132e+06
-202717 , 840939 , 1.29388e+06
1.2949e+06 , 1.4529e+06 , 316695
-634910 , -2.26999e+06 , -135056
-439103 , -802082 , -149725
-1.6185e+06 , 1.58186e+06 , 205505
-971705 , -555359 , -410622
-203750 , -954252 , 337650
1.52379e+06 , -402770 , 300769
-559041 , -1.21481e+06 , 1.26802e+06
-261546 , -844691 , -1.16217e+06
11561 , -1.24147e+06 , 1.17287e+06
-132019 , -727917 , -686272
888108 , 790049 , -1.3462e+06
731642 , -1.53625e+06 , -29366
977092 , -24302.6 , 1.49472e+06
-229547 , -452252 , -1.63969e+06
-595568 , 554897 , 109107
1.51081e+06 , 1.5748e+06 , 690674
431402 , 2.23123e+06 , 795027
211068 , -493933 , -1.73018e+06
-84114.7 , -594690 , 681003
-253804 , 1.2863e+06 , -555070
-693575 , -1.71109e+06 , -143026
-1.85597e+06 , 972741 , 445858
1.11556e+06 , -1.78972e+06 , 1.08788e+06
-1.0449e+06 , -1.16494e+06 , -213157
-180816 , 528953 , 2.39876e+06
-1.36115e+06 , -828329 , 1.44267e+06
-1.72066e+06 , 1.58326e+06 , 990430
-1.027e+06 , -110525 , 438341
-1.89973e+06 , -815245 , -271518
666976 , -2.1133e+06 , -25095.2
-1.12913e+06 , -914117 , -150770
788523 , -1.09167e+06 , 1.97621e+06
414526 , -1.85656e+06 , 304971
-1.97421e+06 , 136451 , 322085
-332993 , 1.1681e+06 , 128853
1.50494e+06 , -883128 , -563915
1.27294e+06 , 1.20032e+06 , 17060.2
-696968 , -129491 , -684102
66346.4 , 325877 , 337919
-319027 , 123138 , 1.5456e+06
389406 , -109894 , -777078
-548425 , 509736 , 446595
-387879 , 1.35837e+06 , 1.67819e+06
-231520 , -81026.6 , -428786
376044 , 605590 , -1.23208e+06
1.72417e+06 , -1.55615e+06 , 1.04767e+06
-1.34913e+06 , 218400 , 993884
-120439 , 902949 , 853482
-790300 , 439289 , 62377.9
1.49325e+06 , -809979 , -189093
87689.6 , 1.10711e+06 , 1.43318e+06
-366772 , 1.81981e+06 , -90925.1
1.48977e+06 , 19944.2 , 1.8848e+06
-202980 , 1.32175e+06 , -699776
1.48757e+06 , -1.74954e+06 , 1.42626e+06
750858 , 608215 , -1.43612e+06
-1.26108e+06 , 1.61233e+06 , -1.2542e+06
350634 , -647972 , 1.3409e+06
556654 , 169102 , 1.33434e+06
-97597.5 , 1.12915e+06 , 306342
-425848 , 1.20657e+06 , -492678
596387 , 1.07559e+06 , 124051
790836 , 440818 , 1.42809e+06
1.29211e+06 , 479995 , 604401
-459709 , -982923 , 934684
-1.95517e+06 , 335399 , -962778
-278936 , -147341 , 1.24443e+06
-1.34294e+06 , 243359 , 150210
88170.4 , 653400 , -636338
-1.17212e+06 , -662276 , -718395
-1.39373e+06 , 196222 , 1.36864e+06
-1.10818e+06 , -997976 , 439621
-523821 , 1.62671e+06 , -1.076e+06
687255 , 338780 , 445777
-566203 , -1.14507e+06 , 1.33092e+06
1.17164e+06 , 578321 , -230325
-325096 , -563942 , 2.54904e+06
-566044 , -854257 , -675039
680368 , 1.74428e+06 , -131456
-1.76353e+06 , 271776 , -1.03546e+06
-83153.1 , -1.13076e+06 , -213950
-108473 , -1.8708e+06 , 2.46303e+06
1.18916e+06 , -640340 , 1.40962e+06
-611603 , 954276 , -109321
-1.46154e+06 , -1.40013e+06 , 432098
-1.0098e+06 , 388178 , 1.00713e+06
334765 , 1.65253e+06 , 1.94101e+06
-658152 , 510660 , 1.29232e+06
752875 , -1.32001e+06 , 811933
47418.9 , -1.72708e+06 , 450459
258864 , -1.72602e+06 , -1.32006e+06
-557570 , 1.27875e+06 , 505953
1.40725e+06 , -390392 , -13509.8
-1.19413e+06 , 161857 , 586899
709277 , -892224 , 1.09664e+06
443936 , 462989 , 2.42666e+06
2.20183e+06 , -174519 , -301644
-2.32134e+06 , 374933 , 966996
-701205 , 820365 , 1.3598e+06
-487409 , 1.5311e+06 , 329558
-738878 , -785518 , -898367
-639463 , -385612 , -803277
665814 , -683887 , 2.08636e+06
1.36826e+06 , 898232 , 1.29023e+06
378535 , 169432 , -2.34347e+06
-128369 , 1.30244e+06 , 776450
-1.25728e+06 , 1.41e+06 , 291607
-1.30958e+06 , -171012 , -382259
343108 , 2.52323e+06 , 2.10424e+06
-1.30481e+06 , 1.12367e+06 , -203349
-596609 , 1.52974e+06 , 500623
-1.34519e+06 , -385628 , 94410.9
636004 , 1.02521e+06 , -1.31365e+06
1.98146e+06 , -1.30367e+06 , 1.00955e+06
-1.30456e+06 , 291243 , -49814.9
635662 , 976156 , 661983
-449777 , 1.38711e+06 , -235493
-58129.7 , 1.61325e+06 , -79316.4
-732557 , 1.49472e+06 , 917200
-296890 , -898332 , 656314
-843594 , 315925 , -135072
-2.67234e+06 , 533383 , 1.14199e+06
874233 , -1.10655e+06 , -874933
140068 , 1.00076e+06 , -1.43874e+06
183888 , -1.34701e+06 , -1.1251e+06
686043 , -47215.1 , -514915
861036 , 73521.5 , 1.23799e+06
364651 , -241171 , 1.20656e+06
-289711 , -1.08658e+06 , -148497
-1.02938e+06 , 29800.2 , -484279
-524388 , -262516 , 1.54581e+06
543149 , 927609 , -484158
1.23896e+06 , 710138 , -1.0656e+06
-835734 , -172699 , -380956
496956 , 818987 , -1.77255e+06
-70059.3 , -405056 , 1.22428e+06
693451 , 1.49388e+06 , 1.1347e+06
-1.03522e+06 , -2.20114e+06 , 103946
-1.97248e+06 , 140172 , 337774
-357095 , 833224 , -586430
-510985 , 411874 , -1.63633e+06
-371066 , -513070 , 65245.8
2.21634e+06 , 286136 , -791825
-1.59065e+06 , -69262.5 , 875606
261093 , -1.07951e+06 , -1.56125e+06
-48055.9 , -193218 , 335401
-241176 , 278969 , 1.94081e+06
-497829 , -929198 , -466835
1.35543e+06 , 905970 , 1.00862e+06
-741905 , 1.57881e+06 , -1.04135e+06
1.96563e+06 , -191954 , 552563
-348814 , -221864 , 821781
1.32969e+06 , -2.04795e+06 , 433021
-366207 , 634990 , 417936
118178 , 1.40282e+06 , 1.8903e+06
907356 , -1.22195e+06 , 1.02828e+06
244852 , 808516 , 1.75167e+06
103589 , 155108 , 1.72223e+06
-184969 , -396238 , -1.3456e+06
-9117.96 , -1.18125e+06 , -362840
-1.69058e+06 , 1.53594e+06 , 1.09729e+06
-490240 , 1.2119e+06 , 912158
-1.33481e+06 , -2.04029e+06 , -523514
-1.58772e+06 , 919898 , 240137
-2.13987e+06 , 913334 , 640229
897557 , 1.32462e+06 , 118313
-132931 , 514073 , -2.11769e+06
15458 , 1.43828e+06 , -28898.2
-518360 , 99001.2 , -1.73124e+06
346110 , -1.83986e+06 , -2.07003e+06
1.54849e+06 , 346208 , 2.08025e+06
-704776 , 1.10112e+06 , 1.46681e+06
-1.18697e+06 , -342912 , -746284
928902 , -2.07531e+06 , -1.11057e+06
1.28165e+06 , 965622 , 768808
-352604 , 1.74382e+06 , 1.58162e+06
652671 , 347960 , -1.18477e+06
-1.71309e+06 , -1.27432e+06 , 983431
-135923 , -1.18857e+06 , -1.63952e+06
-1.00827e+06 , 1.42724e+06 , 398176
-471848 , 22862.2 , -795030
-1.8313e+06 , -1.42565e+06 , -351841
343098 , -1.20616e+06 , -1.09326e+06
1.50279e+06 , 713347 , -593762
1.10954e+06 , 3878.11 , -409988
-987873 , 534235 , -1.08544e+06
427843 , -1.73206e+06 , 888873
-102766 , 994456 , -1.02191e+06
-530297 , 251735 , 1.5008e+06
-1.49317e+06 , -401135 , -382684
1.71869e+06 , 9285.45 , 1.05695e+06
1.6553e+06 , 508763 , 798879
-971411 , -1.00927e+06 , -587064
-172551 , -658724 , 760278
-241405 , 777711 , 2.35476e+06
883654 , -2.19319e+06 , -97779.4
-693660 , 54996.5 , 1.89519e+06
2.02139e+06 , -46280.3 , -450795
494863 , 1.27753e+06 , 906437
-894448 , -764485 , -539780
27512.7 , 231722 , 490433
593280 , -764412 , -416736
-911393 , 1.08806e+06 , 1.07435e+06
-1.04622e+06 , 2.16159e+06 , 406773
-1.70147e+06 , 121767 , 445904
-1.23902e+06 , 1.27712e+06 , 1.63372e+06
581353 , -852328 , -1.60357e+06
-1.03533e+06 , -484229 , 38289.8
-453135 , 2.03921e+06 , 395163
-623691 , 1.27411e+06 , 1.54164e+06
1.25189e+06 , 10579.3 , 500619
-146842 , 1.18826e+06 , -223982
904139 , -478163 , 1.41116e+06
799281 , -1.60301e+06 , 443632
1.17744e+06 , -622759 , 85300.7
-1.76286e+06 , -1.07652e+06 , 1.03034e+06
857973 , 1.7614e+06 , 339787
30560.7 , 445727 , -695606
-2.18007e+06 , 807623 , 1.06128e+06
-983345 , 246342 , 1.80465e+06
542037 , 518569 , 1.63025e+06
-353355 , 1.27736e+06 , 1.96114e+06
587060 , -57704.4 , -239186
248022 , 67671.4 , -77768.8
151749 , 838356 , 1.00671e+06
276783 , -1.3769e+06 , -181295
1.41094e+06 , -956067 , 1.41942e+06
-109582 , -1.19543e+06 , 1.52002e+06
942027 , 691997 , -900938
901573 , 1.10747e+06 , 975392
-948608 , 1.14316e+06 , 14813
-2.10247e+06 , -177286 , -809263
463181 , -1.89639e+06 , -395701
271683 , 592542 , 2.1507e+06
1.83349e+06 , -1.01765e+06 , -808164
1.01758e+06 , 25304.7 , 422296
477004 , 2.2952e+06 , 798168
1.72733e+06 , 653760 , -1.0847e+06
983079 , 1.98694e+06 , -188410
365184 , -414941 , -1.43423e+06
314150 , -2.33339e+06 , 163326
-1.37504e+06 , -28313.6 , 669387
-1.05843e+06 , -1.69683e+06 , 279090
-426937 , 146920 , 190353
1.43874e+06 , -641937 , -347237
-861176 , -924334 , -51693
-1.24672e+06 , 644350 , -49318.3
-1.17762e+06 , 61530.3 , 3.11137e+06
959018 , -1.66707e+06 , 2.07868e+06
573445 , -1.95789e+06 , 1.94026e+06
372259 , 662643 , 1.23309e+06
-190505 , 920675 , 1.92401e+06
-47718.1 , 1.17773e+06 , -1.31558e+06
2.01096e+06 , 1.24279e+06 , 312548
1.41464e+06 , -479932 , 931258
1.69161e+06 , 237765 , 251174
-38605.9 , 55671.6 , -1.15873e+06
1.07412e+06 , 1.39577e+06 , 1.81943e+06
-284692 , -2.14133e+06 , -1.06318e+06
-922296 , -1.16276e+06 , -332502
-1.08468e+06 , 380386 , -1.40286e+06
2.10416e+06 , 102291 , 372120
1.06787e+06 , 1.71787e+06 , 198925
483027 , 348703 , -1.24043e+06
1.00504e+06 , -1.72945e+06 , -770591
-1.78747e+06 , 43334.6 , 1.17646e+06
-914987 , -1.01972e+06 , 1.42357e+06
580697 , -815188 , 791076
1.91568e+06 , -697864 , 380974
1.18179e+06 , -981724 , 255137
1.29703e+06 , -295857 , -48680.5
550396 , 101326 , -1.90308e+06
1.37014e+06 , -1.09646e+06 , 244703
-2.43244e+06 , 1.14253e+06 , -819840
-383605 , 1.03105e+06 , -79148.9
-286523 , 289151 , 766970
597976 , -616607 , -250506
-518945 , -1.35082e+06 , -196810
1.93285e+06 , 401079 , 793545
-1.38742e+06 , -1.09711e+06 , -764473
572118 , 974196 , -684298
-438346 , -19759.7 , -763047
-1.70435e+06 , -687089 , 1.48135e+06
-72170.6 , -1.82767e+06 , -184056
-1.39024e+06 , -77296 , 1.9266e+06
-958088 , -158017 , 1.00173e+06
-1.48254e+06 , 384944 , 1.39921e+06
1.99919e+06 , -628111 , -417468
723826 , 1.85327e+06 , 801708
1.83561e+06 , -1.52402e+06 , 1.04931e+06
787544 , 258344 , 271278
-1.73629e+06 , 242251 , -272606
80195 , 1.83273e+06 , 396972
1.11518e+06 , 1.12046e+06 , -976773
-847793 , -2.08438e+06 , 18773.5
943009 , 1.31396e+06 , -1.1554e+06
293852 , -50346.9 , 1.75929e+06
554365 , 1.50195e+06 , 1.13328e+06
53195.9 , 324136 , 95103.8
-1.30799e+06 , 1.14331e+06 , 595660
1.07938e+06 , 617247 , -716844
-578102 , 890532 , -795719
1.58996e+06 , 767345 , 1.00319e+06
103589 , 178164 , -183875
-660963 , -1.12684e+06 , 1.2451e+06
-229363 , 2.34701e+06 , -3526.24
436119 , 163509 , -651372
466430 , -1.67682e+06 , -616393
-867685 , -1.11285e+06 , -215860
-1.38336e+06 , 718086 , 180888
714686 , 596185 , 365619
357747 , 1.35883e+06 , 416893
-942690 , -1.24214e+06 , 955626
406990 , -175653 , -362978
1.65979e+06 , 338804 , -1.53297e+06
-417401 , 68685.4 , -288536
752506 , -216265 , -1.1276e+06
-1.44454e+06 , 935757 , -294319
-647267 , 1.27084e+06 , -537022
-1.56292e+06 , -545149 , 1.01648e+06
132654 , -455463 , 1.0366e+06
1.14694e+06 , -146650 , -748462
418271 , 218326 , 2.35536e+06
-378532 , -85174.5 , 897249
956501 , 98835.9 , -896965
-564461 , -523568 , 757484
-938966 , 1.85887e+06 , -261798
71155.1 , -823215 , -1.17312e+06
373074 , -1.14005e+06 , 694453
706946 , 334016 , -41078.9
738400 , -1.18186e+06 , -932535
751479 , -1.56624e+06 , 47879.2
-1.60021e+06 , -614657 , 1.51969e+06
-927091 , 650293 , -253318
1.2265e+06 , -423014 , 172559
-50267.8 , 1.12181e+06 , 1.48152e+06
-745820 , 1.7038e+06 , 1.91542e+06
2.32356e+06 , 273092 , -1.23117e+06
252141 , 78938.5 , -201611
319753 , -1.73329e+06 , -287427
1.17007e+06 , 618610 , 957776
230625 , 1.32074e+06 , 1.04187e+06
879202 , 456454 , -103375
-427682 , 1.37429e+06 , -1.65953e+06
-882571 , -32197.4 , 1.28195e+06
-450331 , -2.20439e+06 , -776887
1.36852e+06 , -786290 , -1.5494e+06
-1.44041e+06 , 719518 , -993034
-1.87512e+06 , -404803 , 483025
1.10441e+06 , 1.26335e+06 , -714463
-52068.8 , -612229 , 1.3699e+06
2.17701e+06 , 722397 , 2.57027e+06
-125760 , 31033.6 , 1.05194e+06
467357 , -944321 , 860380
875349 , -681716 , -626026
-245220 , -400065 , 627881
-377024 , 845237 , -860841
-1.64128e+06 , 634720 , 445179
596874 , -370804 , -995585
247015 , 390466 , -2.02129e+06
-1.18251e+06 , -509109 , 977021
-329978 , -898132 , -1.35206e+06
1.92881e+06 , -682762 , 957236
83854.9 , 339.593 , 585006
-843808 , -804859 , 1.04011e+06
-84159.1 , -934429 , -16345.9
273278 , 1.06169e+06 , -295257
-4208.31 , -1.44281e+06 , -931899
119057 , 904092 , -100564
-727584 , -2.02033e+06 , 555808
-1.17923e+06 , -179932 , -1.32685e+06
-854923 , -1.75189e+06 , -1.63568e+06
947313 , 1109.13 , 1.35905e+06
-79429.7 , 824312 , -601831
1.22615e+06 , 26430.1 , 184682
-792302 , -1.18956e+06 , 126757
531374 , 744072 , 414208
-464292 , 600518 , 273859
727236 , -100508 , 481031
758739 , 2.18608e+06 , -1.50445e+06
-403770 , -675009 , 2.02126e+06
-1.60806e+06 , -207938 , -114676
814557 , 1.05591e+06 , -1.12251e+06
1.41287e+06 , -1.03956e+06 , 1.13155e+06
1.64219e+06 , -1.14581e+06 , -167.131
950206 , 677916 , -1.95099e+06
1.13778e+06 , -1.90925e+06 , 2.09105e+06
-646114 , -442567 , 1.08057e+06
71246.1 , 1.96442e+06 , -1.4163e+06
-462821 , 486515 , -84910.9
-1.11661e+06 , 972270 , 145788
-292287 , -625246 , 205525
-1.1694e+06 , -899656 , -521968
-396995 , -1.69653e+06 , 653644
631481 , 1.26457e+06 , -1.11014e+06
-87561.8 , -1.21285e+06 , -972788
-1.88011e+06 , -117607 , 524509
-542803 , 1.04842e+06 , 332689
-327345 , -3.08576e+06 , 2.96707e+06
-376231 , 603973 , 1.68562e+06
-328968 , -2.36063e+06 , 719165
297596 , 967264 , -46690.4
1.5272e+06 , -644070 , 373544
1.36118e+06 , -1.12742e+06 , 1.19875e+06
-1.09317e+06 , -1.27672e+06 , 1.0833e+06
-937590 , 210147 , -1.55545e+06
27219.5 , -276712 , -1.39933e+06
141131 , 104046 , 1.91251e+06
918107 , 1.00827e+06 , 710712
-35129.9 , -461708 , 702670
111706 , -439534 , 1.04574e+06
1.1389e+06 , -181073 , 3.15102e+06
1.17507e+06 , 375553 , 1.43219e+06
-1.17684e+06 , -629307 , 226781
-495460 , 31646.3 , 2.0549e+06
1.36751e+06 , 1.6521e+06 , 191450
833108 , 1.394e+06 , -300310
-1.10581e+06 , 1.49201e+06 , -753403
1.29877e+06 , 462045 , -748858
-218501 , 825102 , 1.45464e+06
-885198 , 38161.5 , 1.32379e+06
80072.9 , 742376 , 949482
1.23303e+06 , 535074 , -845240
-780794 , 392992 , -2.0394e+06
-191835 , -2.16157e+06 , 429487
-723423 , -133722 , -2.0404e+06
1.19586e+06 , 802372 , 593544
1.78339e+06 , 732694 , 425450
1.39975e+06 , 1.01898e+06 , 1.42268e+06
550693 , -998208 , -829059
-585974 , -919525 , -132032
1.50736e+06 , -1.66458e+06 , 853446
-1.44707e+06 , 1.19818e+06 , 681800
286922 , 189267 , 1.15424e+06
1.33859e+06 , -285162 , 2.69769e+06
-2.68957e+06 , -1.0652e+06 , -805211
-2.67896e+06 , 665215 , 1.62258e+06
260907 , 197126 , -1.97392e+06
829470 , -330586 , -725406
246064 , 1.48458e+06 , 1.63162e+06
1.39376e+06 , -537981 , 627429
750785 , -899526 , -766753
-108634 , 527841 , 2.31748e+06
436988 , -576459 , -956444
395721 , 323908 , -629388
-1.4837e+06 , -24343.6 , -816756
-1.35019e+06 , -33072.3 , 2.1136e+06
476909 , -520093 , 88920
-1.89296e+06 , -295202 , -126601
-632437 , 700952 , 324174
-348365 , -205471 , 1.93601e+06
-212667 , -1.64668e+06 , 876977
692424 , 475016 , -1.54419e+06
119925 , -2.15386e+06 , -162319
-889725 , -891731 , -1.06528e+06
226745 , 1.19384e+06 , 157116
998629 , 512274 , 443608
1.00299e+06 , 1.50099e+06 , 955486
73868.5 , -1.82111e+06 , 211302
-2.31691e+06 , 1.03084e+06 , 329028
-793695 , 267227 , 171411
-340254 , 1.276e+06 , 996857
-260977 , 97653.5 , 1.14009e+06
-810464 , -304790 , 1.50115e+06
-458250 , -639736 , 1.40616e+06
999987 , 657271 , 1.11553e+06
605989 , 2.38575e+06 , 1.25317e+06
1.19865e+06 , 368260 , 93147.3
1.4539e+06 , 613231 , -1.00667e+06
-93057.2 , -102508 , -1.09069e+06
-550216 , -104845 , 1.8406e+06
-592796 , 91829.8 , 1.46932e+06
-1.40422e+06 , -1.19771e+06 , -486170
-586946 , -1.82187e+06 , 2.37355e+06
1.98668e+06 , 353175 , 557756
420370 , 2.05721e+06 , 1.16305e+06
717654 , 453889 , 428830
-525171 , 1.88209e+06 , -291001
-58942.6 , -1.443e+06 , -1.07307e+06
477133 , -277718 , 470078
2.8784e+06 , -19040.6 , -379306
1.09499e+06 , -1.22782e+06 , -139252
1.39858e+06 , -22662.1 , -263836
353594 , -553375 , -124341
231326 , -1.65421e+06 , -124854
-1.12345e+06 , -682574 , -1.38967e+06
-405870 , -472213 , -845941
1.64503e+06 , 660491 , 240810
1.59504e+06 , 900160 , -102836
3711.49 , 108973 , -2.94418e+06
-374691 , 1.04775e+06 , 1.28326e+06
337858 , 27332.6 , 2.00545e+06
-255183 , -865165 , -880287
-829271 , 290514 , 1.76976e+06
-190696 , -1.76649e+06 , 29154.3
834091 , -1.3477e+06 , 102923
1.27577e+06 , 1.03106e+06 , -577996
911339 , 23360.8 , -1.16299e+06
1.30268e+06 , -1.46297e+06 , 1.13876e+06
-2.10432e+06 , 303344 , -644339
1.11743e+06 , 595226 , 126404
-1.50312e+06 , -804111 , 1.13667e+06
-582535 , 1.09076e+06 , 1.7668e+06
-197420 , -2.11703e+06 , 271324
1.31595e+06 , 764367 , 1.18619e+06
-443536 , -1.6492e+06 , 1.06481e+06
-681123 , 890470 , -1.63012e+06
855955 , -1.8152e+06 , 1.25289e+06
396024 , -1.76914e+06 , -467711
1.17712e+06 , -60437 , -644407
-1.45764e+06 , -190056 , 457001
726911 , -102184 , 1.66743e+06
-706979 , -704232 , -235497
1.58307e+06 , -2.20872e+06 , 345911
-74988.8 , 181171 , -500159
1.35616e+06 , -796579 , 663241
-166252 , -681973 , 302190
-1.29573e+06 , 1.14773e+06 , 595973
-535373 , 1.53243e+06 , -1.59386e+06
-1.62122e+06 , 863633 , 437102
1.02938e+06 , 724479 , 924273
2.12671e+06 , 112221 , -845024
-295744 , 139114 , 535607
-343589 , 405787 , 259236
-26874.6 , 1090.17 , 2.14713e+06
63856.7 , -1.01031e+06 , 636227
1.63381e+06 , 712359 , -277549
1.15554e+06 , -674832 , 278171
1.60205e+06 , 155647 , 214421
-94396.4 , 47245.1 , -2.65451e+06
391678 , -100620 , 2.2465e+06
-1.37582e+06 , 911765 , -396028
763203 , 712028 , -732487
1.97839e+06 , -86464.6 , 86115.9
291086 , -1.39458e+06 , -961624
-1.42243e+06 , 968185 , 849260
-789587 , -1.2964e+06 , 776790
-1.57674e+06 , 1.3525e+06 , -388437
-39636.6 , 160111 , -2.30746e+06
36582 , 1.03138e+06 , 1.93774e+06
749218 , -471875 , 893251
452271 , -30719.4 , -294357
-972103 , 844442 , -330474
529715 , 839002 , -1.75888e+06
-988454 , -629845 , -1.4247e+06
-1.73067e+06 , -889081 , 925252
-1.46344e+06 , -819666 , -1.05145e+06
1.5222e+06 , -225424 , -31261.3
-891902 , -1.05119e+06 , -1.38266e+06
16280.6 , 628535 , 1.54929e+06
913176 , -125238 , 466181
-1.7003e+06 , -820383 , 976709
1.50523e+06 , 558747 , 122160
-1.53388e+06 , 831506 , -639903
-1.3139e+06 , 1.09675e+06 , 805401
1.74943e+06 , -450523 , -115024
65849.1 , -259447 , 2.20885e+06
-1.69611e+06 , -786114 , 1.73307e+06
-365275 , -1.85419e+06 , 626337
2.25024e+06 , -580877 , 1.22368e+06
-202639 , 478958 , 1.17758e+06
21821.8 , 1.9052e+06 , 371442
-304653 , 2.36108e+06 , -446161
-1.84916e+06 , -1.11151e+06 , 703653
1.16122e+06 , -1.04904e+06 , -177110
1.3717e+06 , 978804 , -923868
230008 , -756204 , -350067
687387 , 1.91062e+06 , 1.14758e+06
-1.09745e+06 , 1.40724e+06 , 637597
-226381 , -807531 , 570639
1.3046e+06 , 1.09869e+06 , -159195
-859714 , 1.53928e+06 , -1.13796e+06
1.45748e+06 , 669314 , 41353
1.77339e+06 , 701044 , -1.11529e+06
1.44317e+06 , 67304.9 , 190157
934474 , -241334 , 1.27382e+06
9183.57 , -1.06373e+06 , 969276
-2.1483e+06 , 105862 , 1.24223e+06
579403 , -751098 , 506623
-2.06646e+06 , -662697 , 1.5916e+06
-906649 , 120837 , 2.45114e+06
126325 , 658428 , 163550
-321342 , 484561 , 234294
614428 , -932118 , 1.26529e+06
664111 , -991533 , 992664
-1.31783e+06 , -339271 , -632519
-309978 , 817590 , -2.22048e+06
1.24705e+06 , 699385 , 983222
-1.34998e+06 , 1.30799e+06 , -1.2755e+06
-451191 , 654450 , -1.86187e+06
3805.05 , -923060 , -1.7223e+06
1.11406e+06 , 1.21998e+06 , 507487
1.06299e+06 , -1.2174e+06 , -972959
-20266.5 , -180961 , -576418
283196 , 453739 , 515513
-1.64485e+06 , 1.65018e+06 , -528686
-1.81899e+06 , 574093 , 734566
746011 , 1.34999e+06 , 881809
-1.52322e+06 , 243645 , -33657.3
-225422 , 714940 , 243685
-667462 , -1.20977e+06 , -1.38382e+06
1.53867e+06 , -614193 , 835762
-868818 , 1.91391e+06 , 1.3626e+06
2.70544e+06 , 500868 , 329470
-26473.1 , 40304 , 2.41405e+06
37767.6 , -339933 , -491522
-1.40493e+06 , -1.11906e+06 , 426434
-1.31469e+06 , 1.40964e+06 , 923553
551853 , -1.22085e+06 , -62973.1
-1.3594e+06 , 440731 , 1.76115e+06
-630571 , 1.63588e+06 , 113095
-440161 , 1.4498e+06 , 1.17985e+06
311617 , 918972 , -521592
611419 , 1.14797e+06 , 1.63568e+06
-533473 , 112419 , 1.62461e+06
-1.4118e+06 , -61410.1 , 1.26132e+06
-296714 , 1.33474e+06 , 2.00939e+06
-1.17839e+06 , -958683 , 1.14686e+06
140172 , -127105 , 2.37516e+06
946550 , 1.18196e+06 , -386158
587528 , 1.76748e+06 , 898527
-1.37205e+06 , -1.36418e+06 , -237882
-859063 , -60076.7 , 161832
2.03109e+06 , -276710 , -446580
1.94502e+06 , -490682 , 1.4451e+06
-604354 , -919419 , 829213
-160630 , 985786 , 841245
295386 , 1.5684e+06 , -332191
318207 , 2.62273e+06 , -1.29818e+06
1.49919e+06 , 952367 , -714311
-419093 , -714308 , 1.40864e+06
-819675 , 1.18287e+06 , 1.5834e+06
963175 , 26616.5 , 1.09694e+06
-445283 , -1.13909e+06 , 2.21739e+06
-774508 , -819983 , -2.12319e+06
-1.13801e+06 , 661311 , 1.55209e+06
-1.43679e+06 , 1.00584e+06 , 185187
1.17832e+06 , 38692.5 , -2.24701e+06
499375 , 2.18031e+06 , -71360.1
678602 , -1.70452e+06 , 114818
-2.63141e+06 , -663566 , 81663.8
76729.3 , -1.52107e+06 , 173840
1.14486e+06 , -987235 , 1.01177e+06
-849335 , 703541 , -131966
2.32465e+06 , -261284 , 549859
-360695 , 376995 , -814509
131738 , -281745 , 1.27372e+06
-633628 , 13363.8 , -328792
1.26206e+06 , -959877 , 501001
-589549 , 1.82625e+06 , -803619
-1.24211e+06 , -878980 , -1.12199e+06
-603918 , 763863 , 2.45512e+06
79860 , 894232 , 1.0804e+06
10031.5 , -1.55699e+06 , 1.63251e+06
18322.6 , -750977 , 470177
944714 , -355371 , 87875.9
-432942 , 1.69533e+06 , 703224
-689504 , -1.10721e+06 , -638886
-1.93653e+06 , 424696 , 682856
-117844 , 541763 , -1.06877e+06
126524 , -429846 , -935421
477103 , -1.23597e+06 , 869317
299570 , -792764 , 1.61904e+06
1.72623e+06 , -442464 , 1.08327e+06
1.38529e+06 , -821563 , 523205
786912 , 389562 , 1.49471e+06
-181512 , 830742 , 2.25843e+06
302262 , -1.26615e+06 , -31481.7
871589 , -1.12018e+06 , 961144
2.01622e+06 , -996549 , 72360.5
-514129 , 1.75535e+06 , -512572
1.10868e+06 , 30084.2 , -243590
975683 , -342249 , 613362
1.31822e+06 , -1.5598e+06 , -770656
711776 , -608230 , -1.65696e+06
-1.31099e+06 , 70173.7 , 1.42264e+06
680014 , 517530 , 902000
-301636 , 450138 , 2.02138e+06
-882763 , -919195 , -1.16565e+06
1.02248e+06 , -267951 , 395303
-952084 , -407871 , 217701
211624 , 1.04761e+06 , -124704
1.53159e+06 , -1.77255e+06 , 198544
-808465 , 141911 , 1.4534e+06
-1.59183e+06 , 1.35038e+06 , 389312
-536174 , -1.40927e+06 , 1.498e+06
-940094 , -635663 , 583715
223047 , 1.33685e+06 , 94171.4
-978061 , 107011 , -591665
1.6322e+06 , 15355.4 , 2.80086e+06
-1.4209e+06 , -705306 , 884832
-1.09488e+06 , -1.17853e+06 , -576285
-124493 , 812579 , 1.03051e+06
-1.43582e+06 , -564816 , 709968
726962 , 692204 , -838661
-592733 , -210270 , -1.18305e+06
-454732 , -2.0844e+06 , 326746
-1.72093e+06 , 435371 , 455796
-88559.8 , -104288 , -74432.5
-254680 , 927687 , 616169
1.62083e+06 , 1.6831e+06 , 942286
-741115 , -283501 , -2.03641e+06
-492943 , 1.78816e+06 , 630077
755794 , -1.209e+06 , 1.64388e+06
-90787 , -1.25556e+06 , -739842
993275 , 1.97692e+06 , 399940
-2.32093e+06 , -543623 , -814846
-61663.5 , -1.47868e+06 , 1.08767e+06
-1.359e+06 , 395414 , 1.0484e+06
-803605 , -2.13425e+06 , -314603
-529175 , 1.28467e+06 , -837846
745671 , -276839 , -810816
1.05758e+06 , 766466 , 1.74584e+06
-1.0256e+06 , 897499 , 87603.2
643057 , -1.00415e+06 , 186615
-128061 , -1.74927e+06 , 69387.9
-779364 , 610159 , 1.4359e+06
1.47985e+06 , -408850 , 886151
720252 , 614644 , 2.33676e+06
708150 , 684152 , -512016
-456294 , -215937 , 1.20648e+06
305042 , -791258 , 1.61101e+06
-627958 , 1.43383e+06 , -90396.1
1.30335e+06 , -1.51345e+06 , 60546.5
542702 , -383850 , 661462
514855 , -1.83673e+06 , -627761
-392862 , 42002.1 , 1.93461e+06
255851 , 1.1591e+06 , -593577
-1.86342e+06 , 1.39609e+06 , -225639
-817299 , 971736 , 962573
-1.31335e+06 , -1.39774e+06 , -690155
932597 , 468203 , 938938
608320 , -988591 , 768102
-912267 , 833317 , 1.34693e+06
-18650.5 , -461790 , -1.24885e+06
-673806 , 563529 , -656205
-795653 , 170549 , -2.37327e+06
1.88363e+06 , 934096 , 200543
-1.85053e+06 , 1.2081e+06 , -117911
-899469 , 193224 , -58846.3
1.3223e+06 , 463034 , 1.09566e+06
-1.29816e+06 , 966049 , -550800
-1.07972e+06 , 1.17153e+06 , 189418
-754584 , 1.47896e+06 , 1.81539e+06
-132227 , 213446 , 38387.1
507790 , 1.24569e+06 , 1.56923e+06
-846143 , 943454 , 854925
-1.29815e+06 , 666117 , 280047
255232 , -1.53504e+06 , -264692
-705221 , -884759 , 533419
-878988 , 1.1085e+06 , 1.5109e+06
509223 , 11748.2 , 2.26584e+06
-1.553e+06 , -804856 , -760296
390291 , 1.16596e+06 , -396853
917457 , -893633 , 892757
1.01717e+06 , 535355 , -363620
1.10533e+06 , -1.46661e+06 , 366041
252575 , -1.09847e+06 , -1.03536e+06
-366849 , 366459 , -2.29642e+06
553934 , 1.80282e+06 , -61948.7
-1.55549e+06 , 1.07862e+06 , -1.06096e+06
-653100 , -2.11123e+06 , -2.51803e+06
-1.83066e+06 , 170551 , -749128
36486.4 , 402353 , -831905
1.17697e+06 , 80311.8 , -355755
814670 , 1.19033e+06 , 1.76111e+06
476091 , 1.1715e+06 , -863773
-881770 , -166014 , 1.0002e+06
-304429 , 1.96443e+06 , 1.31332e+06
-637373 , 164276 , -1.55438e+06
319295 , -755358 , 733117
317785 , 232091 , 1.84812e+06
179469 , 447443 , 1.03634e+06
131792 , 846775 , -35197.5
831459 , -1.98122e+06 , 414251
1.78008e+06 , 412212 , -397483
-793943 , -1.5535e+06 , 2.17772e+06
-493487 , 1.06802e+06 , -400526
-599290 , -547438 , 1.54605e+06
-1.23584e+06 , 1.20608e+06 , 1.15206e+06
473335 , -551265 , 279884
-200943 , -141990 , -858206
409970 , 1.45293e+06 , 1.44649e+06
124456 , 1.39655e+06 , -1.36652e+06
-996276 , -610770 , -1.05835e+06
-911483 , 1.51353e+06 , 817153
-2.01665e+06 , 515443 , 1.45367e+06
130775 , 986882 , 2915.74
-1.07787e+06 , 1.20221e+06 , 1.22792e+06
-935494 , 156683 , 2.06258e+06
-1.67263e+06 , 60280.2 , 232191
-268608 , 1.24962e+06 , -584443
-127691 , -125987 , -1.47696e+06
575267 , 135788 , -1.57994e+06
439108 , -848673 , 1.24095e+06
-32360.6 , 1.17754e+06 , -1.88748e+06
112056 , -76406.5 , 1.52458e+06
359020 , 1.03269e+06 , 2.13995e+06
1.99921e+06 , 277426 , -815988
214431 , 1.57198e+06 , -1.55226e+06
-1.60687e+06 , -1.10665e+06 , 239526
53204.9 , -121928 , -1.45035e+06
-291549 , -2.24854e+06 , -953144
-1.86066e+06 , -463579 , 992614
-1.53678e+06 , 958095 , -181302
-504154 , 458130 , 580351
1.10077e+06 , -491414 , -1.21263e+06
805900 , 216819 , -1.18887e+06
783239 , -379391 , 55256.5
-1.80122e+06 , 685213 , -683739
1.01129e+06 , 544283 , -741303
-1.10644e+06 , 524472 , 1.42118e+06
-1.0038e+06 , -516125 , 464298
2.27923e+06 , -1.10057e+06 , -535831
-132313 , -1.22293e+06 , -511420
-857304 , 117178 , -68060.4
1.09987e+06 , -209521 , -81835.6
-559677 , 1.1015e+06 , 486807
-965568 , -392290 , 78702.4
-348323 , -697647 , -1.61379e+06
-484537 , 919958 , 1.88284e+06
210399 , 284416 , 1.15362e+06
1.85073e+06 , 863872 , -1.12277e+06
-294493 , 397958 , -770713
-953618 , -458957 , 1.2163e+06
-891587 , -433727 , -594155
-2.04822e+06 , -53449.6 , 1.80433e+06
-70982.1 , -843100 , 1.7424e+06
2.38041e+06 , -273839 , 470492
-1.384e+06 , -574026 , -877705
-1.05971e+06 , 668129 , -488077
1.21695e+06 , 32539.4 , 56424.7
-1.70216e+06 , 841598 , 456474
-1.00487e+06 , -901821 , 1.44384e+06
-402172 , 58224.1 , 1.21494e+06
-1.87018e+06 , 853804 , 233334
1.43738e+06 , -981319 , 1500.86
648291 , -711348 , 1.13548e+06
-1.8826e+06 , 130411 , -526550
2.21088e+06 , -791196 , -103247
1.54254e+06 , -309262 , -986382
-1.65378e+06 , 781701 , -991942
981732 , 803373 , 726771
-28943.5 , -1.45299e+06 , -579173
-229960 , 946432 , -983106
988746 , 964349 , 212844
797231 , -928050 , -1.88165e+06
-682462 , 430888 , 2.15702e+06
-208824 , -1.3918e+06 , -344693
-110522 , 316670 , 739532
-1.38833e+06 , -1.79208e+06 , -957157
-462604 , 844276 , -341520
-1.00275e+06 , -529398 , -374770
-493611 , -1.73409e+06 , -1.10115e+06
-1.07845e+06 , -9974.82 , 88822.1
-724700 , 1.01004e+06 , 2.25774e+06
-889620 , -407562 , 1.86979e+06
-358888 , -62877.7 , 241746
-437046 , -683843 , -631103
-701958 , -589850 , 1.63199e+06
-975996 , 587385 , 24365.4
1.01023e+06 , 423189 , -2.11813e+06
470988 , -1.94777e+06 , -58019.5
967745 , -139451 , -1.39576e+06
-1.07613e+06 , -2.20527e+06 , 232233
78893 , -1.59046e+06 , 1.45957e+06
-1.32687e+06 , 1.23874e+06 , 232980
-1.83196e+06 , -186205 , 766384
-877212 , 2.22878e+06 , -538320
2.61325e+06 , -599330 , -709190
-481304 , 1.93151e+06 , 1.16703e+06
-620869 , 864498 , 341716
-1.14151e+06 , 738169 , 3825.7
-1.36457e+06 , 671485 , -62737.5
-503943 , 862493 , 1.28003e+06
1.02782e+06 , -98381.9 , 1.06821e+06
306271 , -718364 , 1.81708e+06
-183999 , -1.27582e+06 , -256163
-1.06776e+06 , 1.09663e+06 , 622892
-603016 , 1.22399e+06 , -905992
479953 , -1.67768e+06 , 548829
541897 , -947831 , 263926
1.77302e+06 , 1.46544e+06 , 1.46728e+06
-846869 , -1.61258e+06 , 231978
-902374 , 311550 , 2.08061e+06
418725 , -166182 , -1.53905e+06
1.25501e+06 , -1.57811e+06 , 1.63086e+06
-602342 , -818577 , 1.93731e+06
641935 , -99358.8 , 889954
148683 , 1.09727e+06 , 2.09891e+06
-762090 , -518809 , 749906
-1.77326e+06 , -235661 , 988876
129563 , -1.02207e+06 , 2.30599e+06
1.01431e+06 , 452245 , 1.90144e+06
-295364 , 980825 , 1.57961e+06
2420.07 , -1.82173e+06 , -536248
-584000 , 560854 , 924454
682966 , -599881 , -353863
-1.88932e+06 , -359742 , 1.07464e+06
329495 , -495137 , 1.73868e+06
1.29162e+06 , 632188 , 1.98868e+06
-294394 , 608865 , -1.7177e+06
533364 , -698962 , -1.52234e+06
1.89439e+06 , -405042 , -497419
-1.13569e+06 , 617339 , -1.49228e+06
277129 , 100824 , -1.35517e+06
1.14391e+06 , -377203 , -550040
1.55192e+06 , 814488 , 1.33613e+06
1.82632e+06 , 480296 , 3.31192e+06
-607775 , 195835 , -641500
1.94646e+06 , -523245 , 1.03882e+06
-1.20115e+06 , -1.89256e+06 , -446489
1.57958e+06 , 525290 , -1.22368e+06
-206651 , -833148 , -1.31463e+06
-233593 , -2.4308e+06 , -192339
55522.9 , -998687 , 65399.4
1.35702e+06 , -2024.73 , -673427
-1.57272e+06 , 745829 , 734770
-160838 , 1.18229e+06 , -688836
-721407 , 1.08585e+06 , 723724
483458 , -1.54476e+06 , -753930
636961 , -969192 , 1.12184e+06
-120365 , 1.82551e+06 , 1.69994e+06
512976 , 529884 , 390247
248340 , 590341 , -121155
-1.27892e+06 , -100496 , -1.61628e+06
-393219 , -499095 , -419152
1.15726e+06 , 1.85018e+06 , -1.29822e+06
-761265 , -1.79847e+06 , 2.67932e+06
2.1767e+06 , 2.08589e+06 , 736653
-364690 , -958334 , -868337
-189643 , 2.18853e+06 , 1.30025e+06
-700830 , -680618 , -492566
-1.4341e+06 , 1.23476e+06 , 185210
1.09926e+06 , -1.00766e+06 , -206094
-376387 , 1.45862e+06 , 812423
1.19986e+06 , -712995 , 1.56201e+06
791123 , -137998 , 488411
-761199 , 425334 , -945053
-2.29646e+06 , -425848 , 1.8577e+06
203873 , -509026 , -757583
-943781 , 758692 , -668165
966903 , -846104 , -426785
-1.01825e+06 , -470973 , -994403
293120 , 1.94438e+06 , 1.86603e+06
1.92363e+06 , -980353 , 828346
539543 , -299904 , 1.92204e+06
-974003 , 2.20512e+06 , 1.29119e+06
-1.20196e+06 , 377244 , -901738
224808 , -1.62774e+06 , -1.07313e+06
-993723 , 488742 , 659057
927052 , 244310 , 886907
1.77635e+06 , -1.36398e+06 , -101438
1.23367e+06 , -105288 , 1.49572e+06
-357445 , 652678 , -66275.8
50918.4 , -1.15103e+06 , 1.52295e+06
952598 , -206195 , -43919.7
-57730.9 , 1.3524e+06 , 1.12808e+06
698431 , -301663 , 249875
-1.52135e+06 , -1.92754e+06 , 271844
-1.15555e+06 , 305955 , 297019
1.08175e+06 , 1.60544e+06 , 1.22637e+06
535620 , -407679 , 243114
-3.22085e+06 , 1.03442e+06 , 26613.1
1.71555e+06 , -856700 , -263153
470532 , 543596 , -76709.2
-126282 , -550378 , -475109
-1.1646e+06 , 1.63176e+06 , 1.91791e+06
-981759 , 1.27113e+06 , -472539
1.35277e+06 , 862180 , 149161
-1.95733e+06 , -76279 , -1.03744e+06
425570 , -1.8613e+06 , -526990
-1.69208e+06 , 1.489e+06 , 955352
1.29446e+06 , -355146 , 938850
128595 , -682655 , 15423.7
2.14688e+06 , 216714 , 1.90575e+06
210232 , 2.22817e+06 , 2.06301e+06
-335926 , -602337 , 1.29622e+06
-1.66178e+06 , 34162.2 , -1.20443e+06
1.01038e+06 , -1.07044e+06 , 302846
892991 , -977071 , 2.53303e+06
-2.08327e+06 , -405002 , 623421
-928126 , 170753 , -219737
-1.66519e+06 , 331189 , 1.8944e+06
-1.1682e+06 , -1.19029e+06 , 1.52518e+06
960403 , -299509 , 1.84306e+06
-1.38312e+06 , -997872 , 580558
305304 , -84583.3 , -502073
-86171.1 , -4183.18 , 1.01358e+06
-377355 , -1.27582e+06 , 1.99125e+06
-896319 , 1.47822e+06 , -1.36403e+06
1.00581e+06 , 298220 , 186423
-497690 , -1.86705e+06 , 1.82534e+06
265764 , -201507 , -1.10518e+06
-166486 , -354141 , 694301
-1.39999e+06 , -1.07979e+06 , -1.20084e+06
2.68476e+06 , -980680 , 313161
-1.03373e+06 , 648564 , 1.28185e+06
-21267.5 , 644345 , 1.14014e+06
-562400 , 172856 , -1.06152e+06
1.88733e+06 , -255679 , 553761
-565064 , 482811 , 52964.4
222307 , -1.13418e+06 , 1.53642e+06
1.21106e+06 , -687955 , 1.16009e+06
56249.3 , 799945 , 245276
-949276 , 686754 , -221379
-2.18373e+06 , -1.36756e+06 , 878929
-113688 , 1.56539e+06 , 1.37898e+06
-753005 , 845422 , 287273
87218.4 , -328232 , 1.86544e+06
2.2196e+06 , -175924 , -932999
-119822 , -267148 , 1.42702e+06
509221 , 677221 , -192078
1.30328e+06 , 547000 , 782915
495797 , 171341 , -1.0571e+06
1.05319e+06 , 819569 , 437803
-202302 , -1.79602e+06 , -1.27813e+06
289921 , -1.44194e+06 , 1.12332e+06
-193058 , -325436 , 3.27273e+06
966386 , -1.88472e+06 , 923960
866135 , 577881 , 1.6096e+06
-644932 , -1.15631e+06 , 1.55156e+06
-1.74987e+06 , 1.56983e+06 , -213113
1.52351e+06 , 121746 , -1.31604e+06
543086 , -1.3232e+06 , -582201
150032 , 282073 , -1.60315e+06
83320.3 , -998510 , 1.4366e+06
-1.20234e+06 , 1.80957e+06 , -81724.4
2.38152e+06 , -2435.01 , 73069.2
-1.63118e+06 , 683865 , -204393
-899267 , 1.48343e+06 , -1.71949e+06
-753077 , 1.28744e+06 , 2.31898e+06
832435 , -1.89429e+06 , 1.28808e+06
-956189 , 1.52754e+06 , 393443
-1.46187e+06 , 2.38026e+06 , -141830
-41146.1 , 1.35334e+06 , 937111
-555122 , 685177 , 573343
-1.76075e+06 , 902200 , -1.10324e+06
681795 , 737297 , 1.6633e+06
-378837 , 889336 , -793969
-804173 , -158742 , -961780
-648520 , -2.06474e+06 , 1.21319e+06
-216841 , -2.27025e+06 , 726514
943884 , 1.11133e+06 , -57404.5
1.2518e+06 , 940336 , -1.41322e+06
-964501 , -495818 , 2.04099e+06
622277 , 811141 , -770746
-1.08853e+06 , -504290 , 674580
-2.00829e+06 , -450989 , 476615
2.43076e+06 , 1.12977e+06 , -899200
1.05134e+06 , 481731 , -596945
1.55043e+06 , 658418 , -39645.5
1.46131e+06 , -826804 , -269151
-1.09578e+06 , 1.50271e+06 , 1.47976e+06
2.38051e+06 , -1.56018e+06 , -499519
1.62698e+06 , 1.03335e+06 , 2.0701e+06
-554289 , 1.16236e+06 , 1.51542e+06
-435061 , 210309 , -264148
849262 , 622880 , 2.23382e+06
1.21662e+06 , 761.185 , 1.07963e+06
-802624 , 432059 , 1.07687e+06
104663 , -1.04317e+06 , -600937
1.64539e+06 , -1.16225e+06 , -282035
-2.07525e+06 , -324185 , -1.71598e+06
105462 , -1.41802e+06 , 362498
-1.0136e+06 , 1.20023e+06 , -17479.6
-254659 , -32441.4 , 1.0173e+06
-1.2279e+06 , 11367.8 , 297173
-209103 , -117360 , -1.02094e+06
-400245 , -1.09048e+06 , 977372
547857 , 2.04474e+06 , -796081
385335 , 285808 , 835659
1.4866e+06 , 447083 , -1.82458e+06
-698667 , -1.36862e+06 , 63144
-1.44416e+06 , 652171 , 795614
901294 , 1.10074e+06 , 1.25704e+06
1.2639e+06 , 726499 , 1.70041e+06
-952846 , -1.80591e+06 , 1.00263e+06
1.19279e+06 , -240118 , 2.20318e+06
602771 , -543791 , -918849
-1.97352e+06 , 261151 , 1.52372e+06
-1.32963e+06 , 100717 , -84990.4
726280 , 1.02396e+06 , 111874
-44749.8 , -824658 , 1.50617e+06
709999 , 2.1392e+06 , 653079
805216 , 1.06278e+06 , 118001
-100041 , -621617 , 375210
-360617 , 846648 , 1.22518e+06
712143 , 436745 , 1.74668e+06
-793986 , 272360 , 1.83969e+06
367854 , -483213 , 2.05424e+06
2.08523e+06 , -1.11337e+06 , 970775
-672062 , 1.51749e+06 , 439794
-21132.3 , 1.23509e+06 , -270179
-1.23366e+06 , -1.42607e+06 , 189008
1.42701e+06 , -751156 , -399405
-504111 , -554301 , 1.89117e+06
915678 , 754441 , 804585
546349 , -754890 , -209922
91179.1 , -1.07338e+06 , -1.10919e+06
-295927 , -1.2739e+06 , 915167
-748052 , 207166 , -609609
904396 , -515886 , 1.10382e+06
955181 , 2.14348e+06 , -1.08236e+06
1.80245e+06 , -1.37171e+06 , 841867
854041 , 1.32581e+06 , 964441
71515.8 , -534464 , 1.78206e+06
1.5585e+06 , 174039 , -492936
-212765 , -1.06106e+06 , 743681
-434185 , 1.48071e+06 , 99694.4
1.38789e+06 , 1.22043e+06 , -723222
1.49712e+06 , 611272 , 1.18803e+06
-1.64429e+06 , 758685 , 884111
-1.1668e+06 , 4923.38 , -188524
2.34796e+06 , 1.86636e+06 , -180516
1.11132e+06 , -116837 , 1.65982e+06
-987282 , -2.22611e+06 , 805144
-1.00356e+06 , 240289 , 1.63325e+06
19259.8 , -702187 , -2.76875e+06
-1.56799e+06 , 1.30664e+06 , -1.07725e+06
336936 , 82789 , -10514.6
-137611 , 292225 , 960641
-1.0835e+06 , -346112 , 482390
-2.00274e+06 , 597912 , 431529
528795 , -441953 , 1.07406e+06
842014 , 426368 , -1.65262e+06
480633 , 1.79812e+06 , -978889
-2.12305e+06 , 888816 , -686155
-1.25982e+06 , -410934 , -805565
-1.82639e+06 , 397759 , 970837
1.56648e+06 , -134898 , -532644
-1.6748e+06 , 1.45729e+06 , 1.95035e+06
1.15557e+06 , 842440 , -159887
-1.98476e+06 , -412250 , 752136
466814 , -442773 , 1.55916e+06
1.25479e+06 , -657537 , 1.10864e+06
-1.55445e+06 , -1.63975e+06 , -18810.2
-1.08272e+06 , 1.00404e+06 , 467305
-159547 , -385254 , -2.27196e+06
1.597e+06 , 690764 , -448824
472022 , 839167 , 1.84449e+06
-1.03837e+06 , 1.4349e+06 , 267951
-200940 , 879553 , -3592.73
75873.3 , -1.77359e+06 , 152396
1.33098e+06 , 348379 , 22705
-961567 , -1.37382e+06 , -1.17309e+06
1.28498e+06 , 844546 , 915544
539357 , 589489 , -1.01202e+06
-424173 , 33748.5 , -825515
-1.34866e+06 , -1.13966e+06 , 917646
781294 , 477608 , -1.11077e+06
1.23799e+06 , 215744 , 171010
-1.43424e+06 , 528865 , 469374
165496 , 574348 , 265136
667809 , -467729 , 999681
1.56093e+06 , 1.42143e+06 , 1.5775e+06
2.23495e+06 , -268827 , -830090
-1.68612e+06 , -1.74658e+06 , -752348
676158 , -1.6754e+06 , -826838
423463 , 1.93643e+06 , -1.7749e+06
-1.33794e+06 , 1.19193e+06 , -1.2449e+06
-384991 , -868737 , -213237
-505814 , -1.35523e+06 , -653985
2.31162e+06 , 616111 , -1.09614e+06
-619280 , 7527.91 , 859829
1.34116e+06 , -695929 , 183115
317649 , -847459 , 579252
1.03543e+06 , 111842 , -1.80662e+06
-1.1532e+06 , -2.04798e+06 , 514729
757180 , 174415 , -750069
34372.1 , 677267 , 1.73195e+06
-610238 , 1.42138e+06 , -73630.6
-686621 , 1.20052e+06 , -728909
461995 , 949497 , -949375
299427 , 593139 , 551683
582782 , -254047 , 2.38803e+06
-1.56328e+06 , -1.735e+06 , 801065
-790442 , -964709 , -658638
1.19648e+06 , -954506 , 283817
-471847 , 1.25946e+06 , -118999
-477980 , -429714 , -495784
-871675 , -143224 , 936659
2.15061e+06 , 1.05119e+06 , -992555
1.95176e+06 , 1.3376e+06 , 392084
-109548 , 680323 , -1.70678e+06
-78909 , -660461 , -471082
7091.9 , -195717 , -1.46067e+06
-659496 , 591531 , 79626.4
389797 , -1.88703e+06 , -229557
-1.22052e+06 , 1.52295e+06 , 1.58933e+06
-330206 , -504099 , 1.16826e+06
745495 , -200999 , -3704.11
-1.68703e+06 , 963649 , 843475
2.07294e+06 , 574208 , -303291
373742 , 1892.21 , 797672
-983350 , 206239 , -627469
1.70615e+06 , -1.15813e+06 , -464632
891191 , 1.78684e+06 , 1.09891e+06
186724 , -1.54846e+06 , 1.12373e+06
1.28348e+06 , 1.09284e+06 , -1.26505e+06
-1.91236e+06 , 424488 , -930126
214772 , 24284.4 , -535771
13106.6 , 350999 , 197712
-805236 , 1.2222e+06 , -623170
-732277 , 402751 , 323348
310128 , -1.2475e+06 , 835366
-623539 , -824934 , 368800
674956 , 91182.3 , -1.18577e+06
-222053 , -685727 , -11676.7
-21486.2 , 1.61397e+06 , 333637
1.56662e+06 , 862548 , 1.17154e+06
506539 , -952966 , 1.13143e+06
648307 , 722325 , 1.53498e+06
265897 , 804865 , 536479
64443.9 , -2.50946e+06 , -67127.3
1.30203e+06 , -445827 , -1.15335e+06
-1.21574e+06 , 872398 , -1.81344e+06
481248 , 301450 , -1.00754e+06
810201 , 244355 , -248403
-368484 , 122148 , 447840
-1.55254e+06 , -662067 , -654284
1.25075e+06 , 796801 , 1.99193e+06
-1.67363e+06 , -1.47586e+06 , 11020.8
-1.60525e+06 , 92331.1 , 1.87557e+06
1.86167e+06 , 109657 , 174801
791621 , -1.67727e+06 , -626406
989523 , 265086 , -996485
598065 , 92486.2 , 2.15157e+06
-2.3038e+06 , 293655 , -938809
-889677 , -810091 , 256963
-853064 , 703524 , -280667
-1.20359e+06 , -1.52487e+06 , 990157
1.5208e+06 , -1.36097e+06 , -283287
558385 , 1.10304e+06 , 680049
-1.70318e+06 , -86713.1 , 268600
430258 , 325369 , 1.1302e+06
-1.55135e+06 , -1.70968e+06 , -615873
908470 , 115828 , 788286
1.0601e+06 , 587163 , -1.93835e+06
-807176 , 813200 , 1.9733e+06
-1.26143e+06 , -318967 , -1.23982e+06
1.08294e+06 , 481346 , 634308
1.61273e+06 , -633179 , 797690
-921598 , -246658 , 323020
-193598 , -28831.7 , -2.0047e+06
1.53618e+06 , -871809 , 138241
530227 , 1.77797e+06 , 646461
2.56343e+06 , -16832.2 , 1.41151e+06
-135798 , -1.01627e+06 , -929569
791646 , 1.07239e+06 , -1.40259e+06
-29115.7 , -329530 , 492768
832280 , -162084 , 169108
-2.20267e+06 , -1.50928e+06 , 695169
-735288 , -1.32122e+06 , 1.12048e+06
-1.83328e+06 , -123954 , 27852.8
571450 , 1.51293e+06 , 215846
-1.11882e+06 , -413779 , -519277
-410798 , -180769 , 447060
-1.30064e+06 , -1.09938e+06 , 300122
-449129 , -313580 , -1.42707e+06
-1.13112e+06 , -213979 , 1.52211e+06
-1.08616e+06 , 293467 , -796053
-1.25868e+06 , -1.16718e+06 , 536038
-197885 , 344502 , 2.69725e+06
-785287 , 454762 , 444406
1.09993e+06 , -228319 , -231212
2266.42 , 655050 , 1.92168e+06
-299765 , 1.22603e+06 , 29895.7
-257544 , 1.33866e+06 , 1.38141e+06
901013 , 1.07924e+06 , 1.24328e+06
326681 , 1.42053e+06 , 193706
-1.57645e+06 , 1.37929e+06 , 680287
-816127 , 1.16055e+06 , 440468
-750400 , 215749 , 179933
-500348 , -241322 , -143348
-232933 , -2.1108e+06 , 532522
-277486 , 329128 , -831677
931830 , 1.31766e+06 , -433542
-495246 , 625428 , 2.27493e+06
680936 , 1.9493e+06 , 372367
1.32469e+06 , -64673.7 , 346822
-252931 , -472779 , 1.14397e+06
-1.78802e+06 , 925832 , 1.19732e+06
1.01559e+06 , -494552 , -601272
387023 , 1.10457e+06 , -360947
-441713 , 1.09317e+06 , -1.19564e+06
592591 , 1.47114e+06 , 440674
-197103 , -1.33995e+06 , 1.81578e+06
-1.17002e+06 , -87129.1 , -1.43796e+06
-431539 , 1.98281e+06 , -1.10105e+06
424538 , 140168 , -414065
-1.11904e+06 , 421672 , 1.336e+06
587596 , -1.71763e+06 , 1.69301e+06
1.02074e+06 , -810522 , 229503
-1.70282e+06 , -1.01536e+06 , -120754
-1.5719e+06 , 729784 , -819839
-864906 , -810841 , -718946
216235 , 502201 , 1.31463e+06
466239 , -1.16719e+06 , 1.92976e+06
1.62068e+06 , -233020 , -1.97022e+06
53280.3 , 681981 , 496766
-108333 , -2.06322e+06 , 666113
-497364 , 637295 , 1.36502e+06
-1.63341e+06 , 1.17719e+06 , 729137
-10264.9 , 787007 , 1.65983e+06
-1.79716e+06 , -383671 , 1.55711e+06
1.27723e+06 , -1.21395e+06 , 951888
-238218 , 1.14235e+06 , -1.36994e+06
-341146 , -611475 , -765412
1.01157e+06 , -41582.2 , 651794
-2.25533e+06 , 454063 , -217575
-221417 , 2.26763e+06 , 2.06783e+06
1.00575e+06 , 846625 , 1.37014e+06
1.45782e+06 , 110507 , 509420
-605443 , 1.57569e+06 , -698562
1.00918e+06 , 496064 , -872499
-1.30722e+06 , -776860 , 176142
878489 , -2.44528e+06 , -55942.3
-717902 , 107900 , -411517
657879 , -1.02613e+06 , 1.71459e+06
-441840 , 562863 , -834624
326963 , 396073 , 398310
1.32823e+06 , -233707 , 366169
502023 , -1.72456e+06 , 1.83977e+06
309181 , 381493 , -578402
-66934 , 881221 , 690648
665237 , -591263 , -2.00105e+06
1.25279e+06 , 989943 , -468323
-382744 , 550271 , -308481
-1.8199e+06 , -268769 , 842072
531561 , -943945 , -1.25304e+06
-456503 , 1.92037e+06 , -942062
-500601 , -29649.6 , -645615
313236 , 1.22895e+06 , -711343
-1.22624e+06 , 524618 , -540634
595477 , 1.75517e+06 , 94213
863639 , -1.73494e+06 , -365271
-344946 , 1.35108e+06 , 1.12178e+06
-504638 , 761797 , 988086
1.10318e+06 , -1.61641e+06 , -1.24092e+06
1.80447e+06 , 105119 , 296327
-903148 , 1.67596e+06 , -125834
-174199 , -183526 , 465036
1.23127e+06 , -1.14437e+06 , -695365
-445770 , 1.09369e+06 , 1.76581e+06
-981018 , 1.14858e+06 , -9566.83
1.03271e+06 , 38565.1 , 519656
-1.04526e+06 , 1.1428e+06 , -402827
-1.74729e+06 , 271220 , -107113
922900 , 889202 , 701912
-342383 , -789677 , -60714.4
771217 , 682431 , -270563
275991 , 1.30821e+06 , -324129
1.81013e+06 , 533138 , -401118
-444133 , 301738 , -536898
-208140 , 2.20681e+06 , 391003
286654 , -166558 , -1.04516e+06
906339 , 1.13567e+06 , -1.05264e+06
1.50198e+06 , 407205 , 1.29457e+06
-1.59928e+06 , -1.11183e+06 , 508434
1.41483e+06 , -23681.4 , -1.34036e+06
1.87649e+06 , 475712 , 363976
272917 , 460098 , -190429
925724 , 2.06919e+06 , 6527.57
-1.73322e+06 , -1.34905e+06 , 1.26348e+06
-591442 , 93182.8 , 122569
388638 , -1.65602e+06 , 1.06735e+06
2.12078e+06 , -3695.36 , 232968
-110694 , -914922 , 118912
130565 , -1.92779e+06 , 1.28462e+06
-1.60046e+06 , -929940 , -438568
75958.3 , -394206 , -1.28714e+06
-273812 , 1.52882e+06 , -854931
-1.10566e+06 , -718039 , -1.85308e+06
412635 , -623987 , 1.55696e+06
-143689 , -171935 , -185338
1.29657e+06 , -565273 , 585594
416926 , 1.23473e+06 , -310039
-293845 , -514748 , -707275
1.34721e+06 , 310944 , 412077
1.60798e+06 , -1.40144e+06 , -416085
-584133 , 24908.2 , -1.6204e+06
-1.49691e+06 , 603213 , 820020
-41762.4 , 572390 , -653698
-37744 , 22655.5 , -2.06304e+06
1.35164e+06 , 553931 , -981471
1.18109e+06 , 488152 , 1.91447e+06
-1.31416e+06 , -323708 , -2.13792e+06
682086 , -827217 , 1.57903e+06
188763 , 165922 , 1.21361e+06
-1.26885e+06 , 505137 , 270302
483465 , -1.30051e+06 , 858643
314093 , 723709 , -1.35445e+06
-1.42916e+06 , -189399 , 63147
-578338 , -1.93914e+06 , 429607
1.26406e+06 , 108798 , 318110
-84024.2 , -1.54632e+06 , -209748
-44959.1 , -1.5446e+06 , 1.48743e+06
-392504 , -1.90572e+06 , 698357
-448292 , -112121 , 1.50365e+06
376625 , -806165 , 672400
827900 , 36465.6 , 1.26106e+06
-115067 , -946138 , -522577
-809503 , -433635 , -731618
1.49086e+06 , 949784 , -934602
-583033 , 1.12814e+06 , 438437
-488941 , -830903 , 1.49834e+06
-1.43904e+06 , -251252 , -709144
1.87238e+06 , 846367 , 1.28181e+06
-697408 , 700317 , -1.01899e+06
1.25841e+06 , 1.1346e+06 , 782188
-980521 , -674956 , -1.08379e+06
1.36438e+06 , 1.42336e+06 , -661027
759119 , -1.65454e+06 , 139076
534615 , -765536 , 937626
1.17851e+06 , 113753 , 881892
566408 , 1.36987e+06 , 1.6607e+06
-1.05503e+06 , -341983 , -696783
-313504 , -1.42521e+06 , -30564.8
231022 , -1.13109e+06 , -1.50109e+06
-340054 , -628137 , 1.62065e+06
-75034.4 , 1.51452e+06 , 293138
539996 , -1.01607e+06 , -74086.7
331063 , -1.40712e+06 , 767076
-1.82503e+06 , 483693 , -1.79613e+06
1.86157e+06 , -1.58266e+06 , 298744
-32597 , 730037 , 1.40666e+06
-630138 , 398490 , 1.28613e+06
-1.37494e+06 , 1.844e+06 , 2.04873e+06
-1.49426e+06 , 623597 , 1.03157e+06
-301003 , 293474 , 1.36161e+06
-2.72961e+06 , -127538 , 514457
-1.4795e+06 , -678345 , 1.30705e+06
-650813 , 1.05106e+06 , 789780
-761272 , 2.32127e+06 , 765572
799676 , -201698 , -168732
1.24016e+06 , -1.05519e+06 , -434714
160936 , 798961 , 1.17275e+06
-689460 , -1.33106e+06 , 193326
1.15775e+06 , -835232 , 1.42721e+06
-796114 , -404086 , 1.06312e+06
612633 , 305980 , 1.77691e+06
-1.81113e+06 , 1.26022e+06 , 1.36735e+06
-352865 , 1.31058e+06 , -794095
1.05262e+06 , 936003 , 524621
-1.19034e+06 , 149951 , 501361
-245341 , -1.63608e+06 , -561088
-502880 , 1.34898e+06 , -265329
137046 , 1.06696e+06 , 866604
1.6153e+06 , -327431 , 677087
592576 , -443293 , -1.15624e+06
-2.03677e+06 , -773549 , -698091
-321449 , 460955 , -1.04631e+06
144705 , -766362 , 389792
-788930 , 1.96289e+06 , -990595
1.14334e+06 , -1.1963e+06 , 925384
-1.062e+06 , -1.11164e+06 , 443136
-120152 , -527336 , 1.25239e+06
1.18208e+06 , 466896 , 639058
1.38171e+06 , -1.01235e+06 , 1.75485e+06
-299293 , -1.55693e+06 , -1.5134e+06
577097 , 265925 , 1.0204e+06
-646634 , 1.28562e+06 , 212898
318240 , 281170 , 428682
-333379 , 1.88913e+06 , 1.21071e+06
726285 , -1.40518e+06 , 687769
-987536 , -1.65615e+06 , -47484.9
642396 , -407552 , 294339
-279220 , -1.35787e+06 , -517856
-449718 , -340300 , 1.03668e+06
223467 , -489126 , -715846
-444741 , -763175 , 1.17494e+06
-1.27519e+06 , -747807 , 1.34887e+06
-920825 , 567231 , 509562
-1.16557e+06 , 680521 , 555202
-354752 , 216355 , 1.53734e+06
-866729 , -1.34871e+06 , 75468.5
-395546 , 1.80532e+06 , 806908
498525 , -634913 , -814184
-1.03009e+06 , -1.0443e+06 , -1.08657e+06
597374 , -1.15819e+06 , 494446
342846 , 632429 , -970574
-251050 , -345111 , -1.94075e+06
-221890 , -1.79762e+06 , 2.06477e+06
729566 , 974061 , -424373
1.53334e+06 , 58240.9 , -435591
782921 , 267829 , -388151
-1.68354e+06 , 578059 , 1.10002e+06
-1.4074e+06 , 1.35524e+06 , -1.12759e+06
586403 , -760447 , -858559
767842 , -1.4864e+06 , 291801
-226528 , 1.96711e+06 , 742784
-217553 , -440375 , -1.257e+06
-1.25126e+06 , -651184 , 385579
-1.12717e+06 , -491772 , 1.17463e+06
-495735 , -382661 , 801570
-961589 , 370658 , 1.29209e+06
125884 , -2.39235e+06 , -758991
-1.25414e+06 , -205819 , -926028
-408044 , 1.36493e+06 , 602678
-956629 , -1.28514e+06 , -1.24925e+06
369559 , -737548 , 328062
509235 , -1.16447e+06 , -905594
-803568 , 629256 , -879649
710738 , 1.14544e+06 , -911096
-244326 , 60004.6 , 676392
103729 , -1.54204e+06 , 616897
822869 , -41364.8 , 1.51309e+06
296850 , -840692 , 1.75713e+06
-983838 , -1.38903e+06 , 285008
893074 , -371591 , 1.59401e+06
-294602 , -1.67159e+06 , -884072
-525189 , -405658 , -314363
-219599 , 1.51992e+06 , -214430
64808.5 , -1.2967e+06 , -341832
589821 , 348659 , -1.23517e+06
691047 , -670849 , 1.12125e+06
-1.43365e+06 , 837902 , 128951
-1.67235e+06 , -1.13031e+06 , -332834
-582818 , 1.60783e+06 , 736781
-1.49846e+06 , 1.24467e+06 , 1.62095e+06
-1.10731e+06 , 531861 , -606352
485553 , 803511 , 386491
388464 , 42294.6 , 1.96732e+06
-1.29093e+06 , 1.43186e+06 , 54806
45400.6 , -444675 , -877109
511629 , -165613 , -1.44259e+06
1.10405e+06 , 93899.8 , 2.80704e+06
-1.09066e+06 , 857639 , 855230
1.87294e+06 , -417851 , -821154
-707965 , -562237 , -1.16975e+06
-1.63563e+06 , 1.37741e+06 , -735875
-1.62084e+06 , 1.01478e+06 , -166505
-1.32209e+06 , -713899 , 1.16615e+06
8683.74 , -1.62236e+06 , -2.01205e+06
1.6955e+06 , 1.37379e+06 , -456081
1.38767e+06 , -139908 , 1.11309e+06
733324 , 891431 , 2.21291e+06
1.01722e+06 , 1.38953e+06 , -202711
-884037 , -1.4203e+06 , 938066
906553 , -217788 , -884212
951291 , 363868 , 819064
642276 , -320153 , 846923
189255 , -1.19907e+06 , 52467.8
879530 , -1.27552e+06 , -1.1201e+06
684314 , -1.33928e+06 , -1.19227e+06
1.16833e+06 , -654074 , 620410
-29333.3 , -933647 , 3.69145e+06
-741225 , -75122.9 , 1.14617e+06
-1.09774e+06 , 1.02377e+06 , -135351
-595533 , -1.38231e+06 , 522073
186204 , 1.94174e+06 , -1.65601e+06
-108885 , -313859 , 415062
981217 , 217627 , 1.50486e+06
-367480 , -669306 , -996893
-312097 , -1.80209e+06 , -2907.56
-620641 , -406287 , 1.93121e+06
-1.30091e+06 , 558080 , 1.76702e+06
-1.14968e+06 , 742481 , -659758
677792 , -561511 , 1.36772e+06
827814 , -1.29036e+06 , -2.05858e+06
-53347.1 , 377488 , 704158
-324842 , 29986.7 , 1.167e+06
-928229 , 1.1406e+06 , -508811
-989269 , -1.32712e+06 , -351956
1.03692e+06 , -549512 , -1.30551e+06
134104 , -103914 , 1.40184e+06
-538266 , -821991 , 1.48763e+06
-829321 , -2.36809e+06 , 1.89699e+06
968903 , 475841 , 1.51044e+06
2040.17 , 530516 , 166248
297917 , 560608 , 1.61521e+06
1.39567e+06 , -1.42316e+06 , 270309
725916 , -822801 , -849182
-1.32912e+06 , -22744.8 , 1.29549e+06
-219798 , 1.35337e+06 , 1.40444e+06
-127988 , 1.23757e+06 , 2.61934e+06
-15335.4 , -1.57336e+06 , -209787
-2.22237e+06 , 554135 , 933814
-862565 , -567115 , 1.94219e+06
1.70837e+06 , -1.43485e+06 , -1.50433e+06
1.81868e+06 , 1.83631e+06 , 3.17673e+06
875044 , -505337 , 2.32614e+06
1.21942e+06 , -2.29338e+06 , 352041
-1.1909e+06 , -1.0088e+06 , 942930
1.0585e+06 , -772836 , 1.59448e+06
770740 , -625567 , 2.00102e+06
1.12408e+06 , 1.37227e+06 , -220514
-643220 , 499225 , -1.41253e+06
-11944.9 , -1.13155e+06 , 851015
-606087 , 47065 , 265734
432503 , 781515 , 584222
154599 , -1.91758e+06 , 9832.8
1.34153e+06 , 974593 , -1.85432e+06
-345552 , 1.28847e+06 , 56160.2
-831582 , -698742 , -172843
813751 , 906331 , 476776
382407 , -1.407e+06 , 811091
-245253 , -1.12144e+06 , -505992
-424042 , 1.53033e+06 , -177690
-343303 , 1.81462e+06 , -1.22776e+06
-1.79167e+06 , 420945 , -965314
-298146 , 1.88693e+06 , -1.42001e+06
-1.21751e+06 , 1.50116e+06 , 258296
864324 , 1.66118e+06 , -1.36958e+06
-1.43244e+06 , -555629 , 856224
-1.20677e+06 , 820199 , -778912
-6922.6 , -1.12061e+06 , 1.40982e+06
255360 , 2.18184e+06 , 234686
939904 , 157439 , -307003
-843497 , 38447.5 , -942361
1.07532e+06 , -696210 , -1.05559e+06
-898591 , -559871 , -788305
470461 , -111192 , 1.10335e+06
76337.5 , 2.04006e+06 , 92067.9
845740 , -1.12613e+06 , -449500
911585 , 132103 , -928562
-1.19515e+06 , -802956 , 1.87012e+06
-393862 , 114844 , 2.21442e+06
605990 , -1.29699e+06 , -375246
-818874 , -1.43577e+06 , -1.14191e+06
-147915 , 71778.5 , 1.7744e+06
-28093.3 , 528499 , 401652
-480428 , 689521 , 331333
1.5536e+06 , -1.81668e+06 , 1.42005e+06
-258055 , 1.20936e+06 , -1.81323e+06
-700853 , 791258 , 582276
-469979 , -422937 , 1.73382e+06
150520 , 1.24695e+06 , -505189
-558633 , 1.54954e+06 , 524024
-1.68423e+06 , -324424 , -1.02796e+06
-455675 , -566538 , 1.93615e+06
-278818 , 520850 , 1.78774e+06
-55046.7 , 739367 , -289723
1.19283e+06 , 1.00395e+06 , 61776.5
959540 , -328311 , 1.08034e+06
-551071 , 1.51116e+06 , 995070
-2.213e+06 , -185245 , 1.12874e+06
1.62152e+06 , -487729 , 1.08102e+06
-418750 , -225250 , 1.26602e+06
-626269 , -1.34095e+06 , 440526
-910555 , -7109.94 , -1.00111e+06
327912 , -1.93334e+06 , 2.99084e+06
667159 , 1.06795e+06 , -1.40614e+06
-1.59306e+06 , 551706 , 1.7101e+06
353941 , 1.76824e+06 , 593343
1.26012e+06 , 970096 , 1.32228e+06
1.26032e+06 , 982936 , 1.39397e+06
-248518 , -1.01769e+06 , 268696
-1.04216e+06 , -1.03567e+06 , 53328.7
1.16308e+06 , -814772 , -472287
-192816 , 906343 , -967164
-593552 , -938315 , 1.164e+06
-55760.6 , 2.33479e+06 , -221870
-597480 , -24728.5 , 412854
-419605 , -2.26263e+06 , 149965
-1.47019e+06 , -137537 , -927472
2.20378e+06 , -734177 , 344356
-1.26102e+06 , -1.26396e+06 , -1.12118e+06
-1.24425e+06 , 145576 , 1.98287e+06
649046 , -394007 , 1.55747e+06
954008 , -813199 , 383022
392144 , 1.12008e+06 , 797674
1.03678e+06 , -283671 , 1.0247e+06
82915.1 , -769292 , -107409
402370 , -909441 , 586278
523194 , 1.09085e+06 , 1.58725e+06
310429 , -395466 , -808358
19340.3 , -513366 , 1.1369e+06
-832388 , 1.78025e+06 , 1.88682e+06
-1.67724e+06 , -892648 , 1.05702e+06
1.34745e+06 , 1.63608e+06 , 375263
876.623 , -40300.2 , 1.27209e+06
-1.35415e+06 , -421037 , 1.29145e+06
867318 , -443680 , -572621
1.06488e+06 , 1.5078e+06 , 902716
1.41542e+06 , -1.07661e+06 , -360272
1.16186e+06 , 1.36493e+06 , -922960
585926 , -516986 , -2.06718e+06
439623 , 771169 , 513365
-1.74259e+06 , 1.06151e+06 , 1.22046e+06
-283707 , 290664 , 620730
-232585 , -1.04198e+06 , 1.44437e+06
-42996.9 , 1.93058e+06 , 294690
949639 , 869812 , 1.65446e+06
-957361 , -2.01946e+06 , 1.38534e+06
-867866 , -852343 , -1.46302e+06
755196 , -219702 , -1.28571e+06
674020 , 1.03827e+06 , -22555
-1.40425e+06 , -43560.6 , -1.08763e+06
-589531 , 354986 , 875673
1.74655e+06 , 1.67332e+06 , 641323
-2.49045e+06 , 847057 , 1.21525e+06
869458 , 1.69685e+06 , 659703
-285300 , -489129 , 508645
654154 , 259426 , -119045
866906 , 103316 , 2.06723e+06
-1.4201e+06 , -1.09588e+06 , -369863
-1.38634e+06 , 2.02663e+06 , -343123
37230.8 , 1.176e+06 , 111731
302951 , 1.1408e+06 , -604827
739972 , 1.46028e+06 , 527367
-79655.3 , -762631 , -1.55284e+06
557727 , -883419 , -821817
-1.78286e+06 , -75614.8 , 825632
660791 , 213657 , 480171
-518083 , 288186 , 627183
-60667.2 , 375496 , 605733
-367148 , -978066 , 450553
208576 , 151390 , 833525
1.41881e+06 , -649214 , 749598
608271 , 799455 , 1.88227e+06
899061 , 8652.99 , -1.50185e+06
2.33351e+06 , -1.44751e+06 , 911643
156292 , -707141 , -1.59523e+06
-471376 , -2.05145e+06 , 1.71048e+06
745457 , -954760 , 900354
-1.37677e+06 , -955084 , -42975
-1.04591e+06 , 1.19408e+06 , -1.81968e+06
-132212 , 1.38773e+06 , 1.40071e+06
-1.15727e+06 , -148219 , 1.11687e+06
976141 , -419024 , 1.96581e+06
783074 , 1.98102e+06 , -308267
-957163 , 80283.5 , -678675
-1.20713e+06 , 527739 , -183934
365273 , -2.00456e+06 , -270917
-52899.9 , 725322 , 1.5544e+06
-666260 , -538220 , 894358
-679491 , 2.06819e+06 , -962822
-1.28184e+06 , 701819 , -47992.2
348012 , -939551 , -363600
1.20161e+06 , 211982 , 538146
1.06528e+06 , -820443 , 599092
1.73899e+06 , -492685 , 438855
-405033 , 1.27323e+06 , 1.68471e+06
-1.25231e+06 , -540606 , 665362
-1.45321e+06 , 146589 , -1.10727e+06
749012 , -220381 , 609168
280544 , -623730 , 824150
345043 , 2.30141e+06 , -615538
-468287 , 854793 , -1.65828e+06
-228757 , -1.38595e+06 , 297697
744901 , -879771 , 1.62296e+06
842303 , -966337 , 234961
402888 , -1.79123e+06 , 584878
-1.23377e+06 , 145664 , -1.50133e+06
-1.17422e+06 , -802381 , -303213
2.25074e+06 , -67245.5 , -1.40288e+06
-171968 , -432326 , 1.53022e+06
-37400.8 , 319561 , -467750
-79112.8 , -1.65604e+06 , 1.67125e+06
-1.26176e+06 , 21327.1 , 1.72716e+06
-809666 , -679231 , -1.0689e+06
57815 , -2.21111e+06 , 518645
513060 , -1.24001e+06 , 574559
870042 , 820554 , 432210
-98779.1 , -599462 , 967254
84379.1 , 677492 , -699770
-1.50624e+06 , 836434 , -1.55435e+06
-755398 , 1.65998e+06 , -373054
52692 , 248843 , 737261
1.91813e+06 , 186217 , 25351.5
-402651 , 770226 , 794398
-1.64605e+06 , 248650 , 1.14832e+06
124129 , 1.05347e+06 , -151234
-791957 , 909127 , 1.60412e+06
500427 , -574922 , -1.42257e+06
-986461 , 2.02819e+06 , 842443
2.90925e+06 , -677881 , 381492
-89607.4 , 1.84754e+06 , -248070
-2.9355e+06 , -737763 , -633091
-317273 , 933008 , 1.11644e+06
-1.08223e+06 , 28486 , -890611
125180 , -87137.5 , 1.14322e+06
76656.5 , -373001 , -169660
261067 , -1.05634e+06 , 1.9195e+06
-1.4517e+06 , 806443 , -674438
-3420.49 , -344884 , -455665
1.50856e+06 , -377402 , 982359
907255 , 721144 , 1.0802e+06
1.83183e+06 , 1.19914e+06 , 997525
-96499.8 , -1.23509e+06 , 210705
-673174 , 926049 , 1.52326e+06
416379 , -1.07052e+06 , 621081
745055 , -1.46466e+06 , 431749
1.06818e+06 , -1.00192e+06 , -465733
-1.77181e+06 , -360938 , 232400
-601671 , -288192 , 614643
1.22446e+06 , 420401 , -267845
-1.26019e+06 , -610672 , 1.78917e+06
1.12729e+06 , -934201 , -81629.2
1.41333e+06 , 275262 , -1.04955e+06
1.06738e+06 , -17377.8 , 1.01531e+06
-269315 , -852648 , 1.2965e+06
1.04678e+06 , 1.21539e+06 , -1.72313e+06
1.26458e+06 , 223275 , 780112
-475629 , -311512 , -2.29241e+06
405442 , -740819 , -620768
-1.49345e+06 , -202590 , 1.56893e+06
182805 , 1.14757e+06 , -466649
201320 , -279640 , 1.5691e+06
805701 , -1.66136e+06 , -11427.8
428453 , 361927 , 1.36161e+06
-749923 , -1.05086e+06 , -720802
1.12583e+06 , 311448 , 1.10524e+06
256362 , -262430 , -1.72013e+06
120367 , 1.56667e+06 , -1.78685e+06
1.40347e+06 , -1.12991e+06 , -1.03947e+06
-590847 , 261375 , -748597
1.46654e+06 , -707725 , -445783
197552 , -221395 , 350750
743893 , 1.74794e+06 , -839289
750555 , 181104 , -407736
1.25322e+06 , 528296 , 1.17513e+06
-1.00417e+06 , 467837 , -485446
-156252 , -1.14722e+06 , 615471
-1.42214e+06 , -212985 , 1.18911e+06
616189 , -236300 , -714406
480013 , 437184 , -547760
-498593 , -1.96443e+06 , 2.53141e+06
2.39619e+06 , 244968 , -213726
1.47165e+06 , -748256 , -608030
-970665 , -103401 , -2.11434e+06
1.65381e+06 , -813601 , -298271
586237 , 855592 , 144195
-21274.7 , -835625 , 1.6249e+06
-1.22876e+06 , -1.79348e+06 , 944204
235103 , 300606 , -1.05053e+06
698265 , 726656 , -506328
-765772 , 816028 , -821940
-405588 , 661686 , 251932
-2.03e+06 , 96093.3 , -1.20026e+06
686539 , -678801 , 2.02291e+06
-1.21303e+06 , -933499 , 634479
929915 , 222257 , -561061
600378 , -1.21544e+06 , -1.08893e+06
-1.80717e+06 , -218487 , 2.14905e+06
410344 , 1.45089e+06 , -574540
-1.43035e+06 , -552378 , -876451
1.34779e+06 , -921304 , 629382
-221744 , -768689 , 1.35813e+06
1.10675e+06 , -1.25241e+06 , 772096
918227 , 1.8873e+06 , 787922
-246740 , -938208 , 1.23253e+06
213263 , 1.93951e+06 , 1.09921e+06
985156 , -516136 , -740383
-613876 , -2.30486e+06 , -19152.1
-162004 , 666949 , 1.44648e+06
-920108 , -1.36218e+06 , 548940
-1.63209e+06 , 479432 , 866012
248989 , 1.93952e+06 , 111714
-843438 , -209809 , -360862
378181 , -613262 , 296125
-74816 , 1.18187e+06 , 107402
169438 , 1.48704e+06 , 15218.9
-465369 , 1.19061e+06 , -1.27549e+06
-1.48192e+06 , -568312 , 1.77664e+06
-49038.3 , -2.33041e+06 , -383521
-184992 , -1.92597e+06 , 447215
1.67637e+06 , 168410 , -502647
-912791 , 897313 , -18642.3
-326097 , -529312 , 1.39604e+06
-181681 , -19324.4 , 55597.5
169912 , 853148 , 470859
-1.85307e+06 , -365564 , 665149
64734.3 , -13373.5 , -866608
-1.05545e+06 , -233779 , -292978
-479629 , 47569.7 , -2995.63
-792451 , -1.83689e+06 , -851269
-1.20447e+06 , 1.47732e+06 , 385812
-2.03251e+06 , 381980 , -420525
1.99078e+06 , 761659 , 914022
-1.61556e+06 , -525776 , -881804
315338 , 1.09503e+06 , 350941
-1.72235e+06 , -467877 , 399735
1.48435e+06 , -250567 , -2.02325e+06
259889 , -2.15931e+06 , 416895
12094.7 , -1.15955e+06 , 187875
1.85289e+06 , 919002 , 22347.3
-418269 , -470091 , 1.90697e+06
-1.30914e+06 , -1.35674e+06 , -455158
-1.00216e+06 , 1.23268e+06 , -1.05796e+06
-420810 , 287899 , -1.17164e+06
428984 , -692648 , 822899
2.24794e+06 , -338742 , -74145.6
82342.7 , 285268 , 204704
-205222 , -1.36293e+06 , -16340.2
-524465 , -767796 , -1.10491e+06
223846 , 192649 , 1.17616e+06
-1.15529e+06 , 739709 , 439685
198648 , 91023.3 , -739901
-756143 , 1.16048e+06 , 1.02391e+06
-774822 , -1.79808e+06 , 1.51757e+06
-1.41487e+06 , 241471 , -227955
785785 , 559656 , 1.41912e+06
610426 , 947282 , -1.30988e+06
-717513 , -1.04299e+06 , 467651
-726566 , -1.00279e+06 , 301400
1.36094e+06 , -1.30522e+06 , -654114
-1.73029e+06 , -592089 , -127240
755523 , -1.98513e+06 , 194403
370420 , 1.30722e+06 , -979075
1.29733e+06 , -396476 , 19313.2
504873 , -1.00074e+06 , 178941
1.48474e+06 , 214337 , -1.10036e+06
-2.20276e+06 , -387795 , 784554
1.38717e+06 , 1.06282e+06 , 297895
-1.11827e+06 , 832915 , 1.05938e+06
-1.23786e+06 , 1.23763e+06 , 928698
-37738.8 , 384530 , 1.65773e+06
1.07936e+06 , -770022 , -336503
988281 , 785502 , 1.71037e+06
-1.70679e+06 , -878824 , 309591
19346 , 19733 , 793994
533545 , 1.04372e+06 , -77399.1
-1.16967e+06 , 402469 , -1.08546e+06
782956 , 462783 , 1.01124e+06
-477800 , 810444 , 474256
1.34585e+06 , 388625 , 1.45269e+06
-841500 , 2.23963e+06 , -241904
-264444 , -2.50277e+06 , -269004
-268594 , -1.27475e+06 , -608753
955728 , 1.71436e+06 , 355040
-2.55958e+06 , 145067 , -911883
688118 , 585936 , 1.61204e+06
719142 , -338036 , 2.30453e+06
-1.29573e+06 , -796875 , -805627
-2.33962e+06 , 1.45243e+06 , 2.16572e+06
-1.28861e+06 , 1.04735e+06 , 779483
1.90849e+06 , -1.09793e+06 , 634517
-1.26011e+06 , 506434 , 1.33609e+06
424178 , 85718.4 , 126268
806798 , 2.25477e+06 , 1.13563e+06
-100400 , -668461 , 599107
1.07114e+06 , 101089 , -1.68256e+06
-1.15572e+06 , 354141 , -829890
223263 , 1.75454e+06 , 1.2964e+06
187595 , -413022 , -529975
-741988 , 200599 , -409392
565364 , 38868.1 , -2.22163e+06
-1.57405e+06 , -592155 , -273695
-540421 , -1.38244e+06 , -1.40636e+06
169896 , 674901 , -1.33446e+06
-227401 , 215939 , 1.78541e+06
-806354 , -754686 , -929170
443893 , -689153 , -265531
-2.41873e+06 , 1.06372e+06 , -1.12713e+06
614799 , -614893 , 2.19915e+06
242820 , -2.12923e+06 , 618223
77041.4 , -611906 , 1.44199e+06
740235 , 847801 , -462940
-657232 , -2.20645e+06 , -1.00106e+06
1.26894e+06 , -1.50261e+06 , 1.13868e+06
-1.04052e+06 , -672301 , 1.56636e+06
-570275 , -695951 , 362711
1.19054e+06 , -275150 , -2.0093e+06
-845481 , -56924 , -921546
-1.45678e+06 , -596531 , -337338
-709676 , -2.76056e+06 , 678846
630612 , -130000 , 623551
-2.0056e+06 , 659127 , 582588
1.40111e+06 , -508234 , -498527
536862 , 177499 , 1.71468e+06
-333445 , 563753 , -413754
-32978.2 , 771211 , 541912
-1.07667e+06 , 516905 , -1.87048e+06
224524 , -997003 , 712646
-1.39282e+06 , 891197 , 1.75368e+06
-571007 , 93465.9 , 305637
1.58302e+06 , 388220 , 1.60219e+06
-395391 , -1.35277e+06 , -803283
1.75055e+06 , -688437 , 839147
-845218 , -1.38677e+06 , 159021
717946 , -326225 , 24248.3
998830 , -2.33351e+06 , 1.0198e+06
1.41719e+06 , -388823 , 746501
-1.52229e+06 , 560790 , 51381.4
221632 , -1.36135e+06 , 617421
855440 , 136010 , 2.81681e+06
-987914 , -863811 , -115755
-67335.5 , 396132 , 705032
-1.33558e+06 , -80916.8 , -549738
-355946 , -90902.8 , 1.24741e+06
1.61791e+06 , -41610.2 , 955713
-1.41732e+06 , -486367 , -54024.7
126452 , -1.35307e+06 , 306687
-169159 , -1.02645e+06 , -985132
460290 , -1.53265e+06 , -692141
-1.87407e+06 , 938801 , -678659
1.6161e+06 , -751482 , -798980
-346728 , -1.68672e+06 , 515689
2.07445e+06 , -942573 , -633241
1.29922e+06 , 378763 , 687208
1.15442e+06 , 577220 , 74768
-1.17182e+06 , -1.4006e+06 , 91706.6
223472 , -1.5383e+06 , -329724
-1.49257e+06 , 1.89561e+06 , -800432
-1.13292e+06 , -454601 , -188962
-339735 , -734823 , 647787
355460 , 614898 , 478519
-194502 , 989804 , -203262
1.5709e+06 , 379212 , 783022
-803584 , -402144 , -136403
252902 , 539811 , -737124
148750 , 264482 , 651650
700705 , 67791.4 , -1.82523e+06
283955 , 898352 , 284396
-695861 , 1.25754e+06 , 97608.1
110535 , -1.18912e+06 , 762895
-1.95303e+06 , -372717 , 467332
-1.67104e+06 , 1.67694e+06 , -1.06525e+06
-939736 , 627412 , -815986
1.59327e+06 , 79587.9 , -12031.6
344116 , 2.54576e+06 , 791118
281311 , 6557.24 , 14389.2
-469049 , 988476 , -1.41032e+06
123208 , 587875 , 1.37535e+06
-645343 , 362876 , 1.7572e+06
-1.42158e+06 , -1.572e+06 , 66695.8
-1.23071e+06 , -96170.3 , 386157
1.53269e+06 , 606151 , 90883.3
1.34416e+06 , 1.25588e+06 , 711128
-786620 , -1.56355e+06 , 959094
96852.7 , 1.06896e+06 , -32156.6
792325 , -2.28244e+06 , -6078.02
291467 , -2.3014e+06 , -541583
1.24438e+06 , -1.7303e+06 , 648465
-333238 , -1.60673e+06 , 1.45324e+06
-1.17949e+06 , 354621 , 1.53317e+06
1.15213e+06 , -2.38216e+06 , -1.08977e+06
-5302.22 , -842087 , 1.46859e+06
-1.69679e+06 , -2.13987e+06 , -257413
-408801 , -455832 , 118192
-1.50458e+06 , -940543 , 1.23423e+06
-863146 , 219094 , -917624
1.89776e+06 , 243948 , 20834.4
469173 , -2.37027e+06 , 1.49781e+06
355938 , 1.10071e+06 , 1.28102e+06
-2.04046e+06 , -1.01937e+06 , 523724
1.92935e+06 , 140690 , -631831
-436593 , 1.80395e+06 , -189758
-1.0125e+06 , -111503 , -312190
1.7571e+06 , 172651 , 640258
-1.82451e+06 , -1.16872e+06 , 995621
1.98626e+06 , -872195 , -361569
783205 , -2.1414e+06 , -579810
-1.12628e+06 , -2.78685e+06 , 470345
333815 , -1.66978e+06 , 1.09336e+06
-507853 , 968340 , 880986
-515375 , 1.09589e+06 , -665741
882182 , 795670 , 1.07198e+06
1.61481e+06 , 212707 , 344087
-239125 , -105713 , 1.16399e+06
-1.51789e+06 , -394110 , -1.29109e+06
814127 , 1.65499e+06 , -121787
-628940 , -136785 , -1.4122e+06
55024.5 , -178641 , 524314
587045 , 1.40404e+06 , 735110
1.03928e+06 , 837051 , -26606
1.7824e+06 , 812766 , -349680
800665 , 821173 , 834902
2.83134e+06 , 383063 , -144009
-738701 , 1.52949e+06 , -1.16101e+06
-428842 , -1.18908e+06 , -2.27636e+06
-773208 , -624865 , -763980
580782 , -478189 , 642886
-420762 , 109515 , 1.1939e+06
702001 , 637300 , 1.2022e+06
-429147 , 810002 , 880476
698530 , -250484 , -917225
1.29858e+06 , 330015 , 516350
211812 , -257782 , 178366
1.55054e+06 , 419604 , -163835
-1.6522e+06 , -387668 , -695890
-919532 , -1.38444e+06 , 625042
-504532 , 488324 , 1.86657e+06
1.29662e+06 , 1.59698e+06 , 469501
-679537 , -108166 , -1.00498e+06
1.22024e+06 , -375002 , -1.22361e+06
199184 , 768260 , 563614
-2599.52 , -676117 , -1.61644e+06
-1.15879e+06 , 281549 , 1.84912e+06
-347456 , 749220 , -1.01763e+06
302312 , -992415 , -1.28534e+06
340092 , 541360 , -1.65282e+06
494279 , 682060 , 2.11168e+06
393498 , 970646 , 956280
-357294 , 1.16842e+06 , 622836
645685 , 132792 , -934613
-1.36086e+06 , 1.05493e+06 , 1.44064e+06
364092 , -1.652e+06 , -1.2964e+06
-235999 , 112177 , 927517
2.01817e+06 , -447109 , 645792
222989 , -119684 , -2.12332e+06
933660 , 125002 , -518659
2.01667e+06 , 1.26873e+06 , -879425
1.42164e+06 , -1.59407e+06 , 1.54051e+06
-370045 , -814545 , 1.25944e+06
869538 , -744162 , -529982
-605994 , -497480 , 344126
-583685 , -388175 , 455952
319552 , 1.21907e+06 , 537344
-1.24562e+06 , -331301 , -1.37109e+06
-328950 , 368346 , 1.21945e+06
-777945 , 965950 , 1.86383e+06
786406 , -256471 , -650605
123051 , 663512 , 322616
-131228 , -260260 , -661093
953810 , 150400 , 1.29272e+06
1.96901e+06 , -378171 , 996104
1.15292e+06 , 171781 , -1.13111e+06
437290 , 621323 , -1.08886e+06
-227778 , 2.03435e+06 , 648374
-555683 , -589658 , 1.10994e+06
-1.67403e+06 , 675423 , 1.12182e+06
-325187 , -498550 , -991132
1.54631e+06 , -74132 , 918269
321053 , 2.01392e+06 , 780078
361121 , 1.0971e+06 , 620096
-465193 , -193624 , -757440
314432 , 126775 , -666686
1.37119e+06 , 1.08209e+06 , -202211
967508 , -1.11371e+06 , 89147.7
-630743 , 969376 , -1.94871e+06
-341376 , 1.6864e+06 , 37832.8
-92196.4 , 532768 , -54512.4
1.82733e+06 , -642858 , -551343
-1.09107e+06 , -1.84855e+06 , 799939
87639.5 , -918259 , 1.066e+06
1.40187e+06 , 482856 , -1.9356e+06
-362504 , 818925 , 1.40311e+06
1.14926e+06 , -916434 , 1.33959e+06
-1.37032e+06 , 885691 , 984488
18140.2 , 1.24667e+06 , 2.06348e+06
1.16771e+06 , 998929 , 573927
1.21876e+06 , -1.91792e+06 , -326490
282114 , 1.63855e+06 , -1.27321e+06
290081 , -541542 , 1.1316e+06
-604720 , -924399 , 628112
-368930 , 1.33119e+06 , -70997.7
1.40754e+06 , -433912 , -132512
665239 , -916987 , -15333.8
464461 , -1.43375e+06 , 739824
-305090 , 192338 , 1.43877e+06
-797211 , 65262.6 , -727626
508796 , 591500 , 1.69384e+06
1.50886e+06 , -2.00159e+06 , -1.03568e+06
-1.53956e+06 , 511137 , 1.56471e+06
370981 , -1.404e+06 , 944418
-337762 , -830830 , -408519
-1.06143e+06 , 386843 , 181172
991745 , -624435 , -359174
-411806 , 388954 , -1.60348e+06
799572 , -1.16279e+06 , -1.01826e+06
959958 , -1.48446e+06 , -296150
-1.5819e+06 , 316311 , 1.80324e+06
-173344 , -885523 , 958146
-1.41202e+06 , 1.09767e+06 , 155082
-478757 , 1.16867e+06 , -46390.3
2.41056e+06 , -985491 , 999881
-1.28782e+06 , -448497 , -509692
-1.77298e+06 , -89149.2 , 3300.42
-895869 , -1.22677e+06 , -633699
1.10851e+06 , 1.07429e+06 , -899161
-1.42249e+06 , -893029 , 1.38575e+06
-343078 , 1.62983e+06 , -526545
-803283 , 1.84285e+06 , -1.15472e+06
-208624 , -794701 , 785418
1.17637e+06 , -126813 , 1.32003e+06
826278 , 1.2679e+06 , -312750
43162.8 , 223258 , 1.45319e+06
1.13294e+06 , 24291.6 , -734486
-513210 , 417367 , 1.51257e+06
438540 , 831512 , 1.16485e+06
-2.22828e+06 , -224248 , 1.09089e+06
287665 , -422363 , 1.69557e+06
-1.68333e+06 , 673018 , 98652.8
-475357 , -275211 , 96805.3
893753 , 265899 , 931788
-1.56042e+06 , 1.02333e+06 , 529826
105133 , 1.99151e+06 , -434578
-1.28918e+06 , -582893 , -886680
-144550 , -154776 , 916838
-147226 , -1.1089e+06 , -439021
299139 , 1.71986e+06 , -658587
-618077 , -572352 , 607689
1.0182e+06 , -722764 , -583216
-223842 , 786985 , 546822
-520203 , 138981 , 533576
-1.04227e+06 , 200482 , -1.0449e+06
-2.61219e+06 , -835393 , 1.01541e+06
825804 , -295140 , 523247
-294219 , 1.61826e+06 , -169959
-148869 , -423176 , 2.99262e+06
510594 , -47167.4 , 69500.7
-1.73265e+06 , -257722 , 633950
199845 , -703237 , -1.26533e+06
613195 , -1.13761e+06 , -691935
-890113 , -983585 , 54146.3
-1.32183e+06 , 272517 , -172465
-772640 , 88388.5 , 916350
-1.62955e+06 , 1.66527e+06 , 741915
1.02832e+06 , 1.12972e+06 , 917467
-1.03408e+06 , 265957 , -32255.1
-1.03738e+06 , -1.02233e+06 , 977203
-1.34798e+06 , -645467 , -697416
1.51329e+06 , -661944 , 1.5707e+06
-1.61985e+06 , -1.79637e+06 , -1.34378e+06
-1.32611e+06 , 622240 , -369123
-1.54747e+06 , 993185 , -360944
-1.09852e+06 , -1.85824e+06 , -1.40175e+06
1.16156e+06 , 355422 , 678364
-652959 , -1.25374e+06 , 89990.8
-1.6245e+06 , -2.1631e+06 , -142248
532041 , -596171 , 1.31527e+06
-1.21354e+06 , 1.62957e+06 , -1.17561e+06
-2.10116e+06 , 699010 , -52336.7
-804151 , -399779 , -1.21078e+06
-1.17274e+06 , -66521.5 , -1.31552e+06
612750 , -445544 , 1.86863e+06
1.43137e+06 , 432699 , -842216
-506508 , -133562 , 2.08358e+06
-1.28281e+06 , 975519 , -710762
-1.0899e+06 , -421208 , -484253
-572519 , -658351 , -140533
-1.3889e+06 , -129494 , -76883
-33592.4 , 743473 , 155948
-336946 , 1.21566e+06 , 141818
1.52297e+06 , -649118 , -860884
1.87558e+06 , -199730 , -529723
1.09598e+06 , 1.25126e+06 , -489940
-168889 , 1.25175e+06 , 1.55487e+06
-600689 , 526770 , -1.73006e+06
1.16253e+06 , 1.01499e+06 , -1.29373e+06
379930 , 490926 , 1.10256e+06
528583 , -990424 , 693315
742597 , 304259 , 1.23765e+06
-20311.5 , -783713 , 1.23659e+06
-965003 , 736233 , 1.38497e+06
133645 , -1.79829e+06 , -44234.5
-678804 , 471896 , -928406
-6670.37 , -550908 , -438031
-603919 , -218904 , -2.18525e+06
1.56951e+06 , 1.07448e+06 , 819421
-137326 , 1.10753e+06 , 806536
-553346 , 562057 , 639601
-233749 , -999207 , 2.86952e+06
-1.91124e+06 , -625292 , -32321.6
-1.02718e+06 , 1.66845e+06 , 612682
-228021 , 203595 , 460412
286240 , -133596 , 3.17173e+06
-167562 , -1.90488e+06 , 2.15877e+06
1.67695e+06 , 369989 , -1.6344e+06
-2.06396e+06 , -1.14881e+06 , -350248
1.68496e+06 , 45584.5 , 911171
-1082.77 , -865243 , 2.23088e+06
-689138 , 1.18247e+06 , 1.5453e+06
-29713.6 , 1.07623e+06 , 1.7372e+06
-315552 , 1.35242e+06 , -1.13292e+06
670155 , -262205 , 1.47226e+06
-614337 , 83462.1 , 806855
-1.75613e+06 , -338183 , 1.93384e+06
1.59004e+06 , -206367 , -1.29745e+06
-2.13051e+06 , -785613 , 39245.8
-18102.4 , -242655 , -302676
-294022 , -1.70692e+06 , 1.50689e+06
403204 , -588519 , -191228
426690 , -364267 , 305681
-518448 , 558777 , 2.14042e+06
1.0252e+06 , -114021 , 700540
310195 , -734237 , 293848
-1.79529e+06 , -809966 , 2.41919e+06
-719606 , -258473 , 66504
-1.43465e+06 , 683139 , 969914
-576088 , 322013 , 755526
996014 , 2.17813e+06 , -233256
314236 , -651043 , -853251
-533970 , -1.659e+06 , 914758
208846 , 883213 , 1.45659e+06
121876 , -375386 , -71382
988600 , -381377 , -118633
-1.61214e+06 , -1.08452e+06 , 1.44324e+06
596199 , 1.65149e+06 , 509606
1.52555e+06 , -20696.5 , 1.63365e+06
822216 , 1.56817e+06 , -411023
-1.57844e+06 , 560311 , -725202
-160994 , 1.87711e+06 , -1.29866e+06
-678797 , -2.23792e+06 , 624603
1.11158e+06 , -1.25609e+06 , 1.35513e+06
61086.8 , -1.09658e+06 , 383803
1.29226e+06 , 270340 , 938558
-258590 , 1.18799e+06 , 657302
-1.30361e+06 , -264793 , 553843
-662145 , -1.22468e+06 , 63513.2
1.37553e+06 , 289621 , -778066
465781 , 64143.5 , 765883
-1.21109e+06 , -876495 , 1.13234e+06
302158 , 1.73005e+06 , -927997
1.15385e+06 , -930946 , -1.16699e+06
-408023 , -2.05673e+06 , 1.23294e+06
-791692 , -1.8578e+06 , -761289
-374100 , -1.7457e+06 , 1.00567e+06
18047.4 , 3.09301e+06 , -1.38019e+06
-278557 , -1.89667e+06 , -296978
-1.75827e+06 , 1.05381e+06 , -197184
762103 , -1.40855e+06 , 481657
-607235 , -2.00807e+06 , 779343
771063 , -197841 , 2.4144e+06
-542555 , 1.11565e+06 , 1.60358e+06
695414 , 516506 , -144300
2.10835e+06 , 171069 , -193803
744822 , 1.58042e+06 , 583894
-281180 , 15652.1 , 2.24106e+06
-412529 , -338113 , -2.15726e+06
406308 , -696263 , 2.07406e+06
-853443 , 66363.4 , 621723
-100813 , 1.04878e+06 , 1.47493e+06
328742 , -1.00426e+06 , -1.11431e+06
2.03109e+06 , -581743 , 1.56689e+06
-581787 , -408560 , 1.32658e+06
-901831 , -1.40261e+06 , 444000
425876 , -483719 , 814997
912612 , 650393 , 1.20903e+06
1.83377e+06 , 855827 , 877233
1.44141e+06 , -417918 , 1.46939e+06
-466950 , 1.24931e+06 , 2.37141e+06
712177 , -420397 , 1.14318e+06
-304691 , -17788.6 , 57045
1.34041e+06 , -613657 , 1.43911e+06
998538 , -1.56503e+06 , 1.43813e+06
-966848 , 1.14284e+06 , -1.83038e+06
1.05021e+06 , 454306 , 158009
-46612.6 , -893333 , -980522
-1.73492e+06 , -141130 , 1.70954e+06
220245 , 769265 , 795394
-8668.99 , 962024 , 494107
1.50642e+06 , -488141 , 416262
-9250.18 , -1.52064e+06 , 153667
-381281 , 2.02265e+06 , 1.19637e+06
1.06761e+06 , -211906 , -1.84858e+06
-1.07879e+06 , 1.73657e+06 , -1.98981e+06
1.39506e+06 , 1.63075e+06 , 933482
-1.12556e+06 , 1.38814e+06 , -247455
202488 , 1.4153e+06 , -1.04291e+06
384440 , 261729 , 1.06787e+06
985867 , -845552 , 227286
423092 , 1.36179e+06 , 229397
403053 , -293111 , -1.12186e+06
986714 , 808945 , -1.12472e+06
-1.64876e+06 , -9290.89 , -299773
-450680 , -931333 , 437933
3923.25 , -1.53488e+06 , 1.54832e+06
1.10403e+06 , -433879 , -2.32116e+06
540346 , -1.19358e+06 , 1.54536e+06
1.83667e+06 , 232233 , 2.07432e+06
682904 , -1.43303e+06 , 677099
-633144 , -703162 , 996579
-1.36554e+06 , -1.11152e+06 , 1.36874e+06
-683160 , 789745 , -917660
1.2757e+06 , 1.08199e+06 , 1.67083e+06
-1.10258e+06 , -806510 , 1.28453e+06
457964 , -1.09937e+06 , 1.59203e+06
-86039.1 , 691571 , 1.33816e+06
302567 , -1.70017e+06 , -317852
1.07176e+06 , 244116 , -74141.5
2.19932e+06 , 93119.3 , -659926
193032 , -1.41063e+06 , 161781
209931 , 1.28435e+06 , -59745.9
-1.9261e+06 , 865080 , 1.1246e+06
1.58383e+06 , 1.20701e+06 , 390301
729709 , 9305.69 , -1.3127e+06
135918 , -430927 , -1.23104e+06
1.17903e+06 , 2.16124e+06 , 51043.2
779640 , -554086 , -1.45477e+06
-1.27254e+06 , 613573 , 959494
-759987 , -1.90311e+06 , -484899
-633697 , 370730 , 1.37784e+06
-474308 , 1.03511e+06 , -1.27477e+06
-1.3074e+06 , -616988 , 581973
-1.21543e+06 , -1.21522e+06 , 662059
-1.46338e+06 , 282757 , -1.04738e+06
-41450.9 , 298984 , -987579
1.38395e+06 , 1.85293e+06 , 992822
-731100 , 843105 , 580642
1.68033e+06 , -978280 , 354768
1.49776e+06 , 484660 , 532182
575751 , 1.0709e+06 , -336685
-537075 , -1.18294e+06 , 442813
149428 , 207561 , 1.28156e+06
775758 , 1.16776e+06 , -1.63011e+06
-22999.1 , -887839 , 859876
496499 , -27514.1 , 1.53216e+06
-532573 , 1.20033e+06 , 144498
-966259 , -96644.3 , -1.00197e+06
583330 , -622442 , -1.7727e+06
960214 , -612656 , -119109
-271728 , 947784 , 1.68517e+06
-390008 , -973910 , -1.36785e+06
-820222 , -363683 , -1.0217e+06
-159157 , -444028 , 498763
-696966 , 863227 , 1.42105e+06
-581366 , 911105 , 794125
-600751 , -993140 , 697394
1.57339e+06 , -951276 , 2.09212e+06
-631670 , 1.4441e+06 , -1.46742e+06
-1.27547e+06 , -694399 , 1.40976e+06
-428565 , -1.50047e+06 , 908237
-489941 , -1.26049e+06 , 956851
1.28889e+06 , -1.45103e+06 , -586838
698196 , -1.84985e+06 , -452586
56009.4 , -1.46223e+06 , -306521
-421469 , -280230 , 518844
78296.4 , -1.51017e+06 , 1.39932e+06
-165150 , 1.17278e+06 , 1.33246e+06
246694 , 314743 , -2.18016e+06
-742593 , -1.08799e+06 , 1.32437e+06
-1.14546e+06 , 478438 , 134098
-375461 , -2.26269e+06 , 801037
1.07053e+06 , 1.07902e+06 , -827686
587062 , 830231 , -448519
1.85788e+06 , -273648 , -695466
557281 , -399013 , -33384.4
745143 , -2.09075e+06 , -482848
73913.2 , 536999 , 196148
-2.27166e+06 , -3478.88 , 233657
-409490 , -1.41112e+06 , -469021
635261 , 943251 , 1.10748e+06
1.64461e+06 , -1.63316e+06 , 768338
-601555 , -238076 , -1.31435e+06
966734 , 1.60252e+06 , 1.31431e+06
287929 , 1.1264e+06 , 51274.1
88626.1 , 1.06756e+06 , 452304
-480731 , -626344 , -878168
150194 , -195287 , 901717
-1.06793e+06 , -58023.5 , 414629
-2.10771e+06 , -100995 , 1.34707e+06
1.00932e+06 , -594209 , -443591
810003 , 1.31981e+06 , 731105
-488842 , -460245 , 720318
745179 , -490385 , -137319
-2.04179e+06 , 735518 , -51532.9
711288 , 82070.9 , 1.39093e+06
-1456.85 , -1.58862e+06 , 1.61884e+06
-1.48551e+06 , -224247 , -816211
-628143 , -1.66786e+06 , 311653
243615 , 254156 , 1.37243e+06
-336156 , 1.81257e+06 , 1.38386e+06
691905 , -1.80029e+06 , 1.47054e+06
457696 , 982910 , 2.81316e+06
176043 , -1.23206e+06 , 1.10829e+06
-1.20868e+06 , -1.75799e+06 , 396033
1.26704e+06 , -1.53066e+06 , 1.47115e+06
1.66076e+06 , -347041 , 584074
166164 , -780910 , -376982
-1.37706e+06 , 1.67605e+06 , -868057
1.55706e+06 , -339912 , -148292
-386686 , 1.31969e+06 , -1.78005e+06
532621 , -501135 , -1.31432e+06
-2.33219e+06 , -1.0273e+06 , -285268
330190 , 1.48083e+06 , 2.01907e+06
2.15582e+06 , 165131 , 540753
815426 , -762508 , -662775
634771 , 570140 , -494370
-289606 , -1.63737e+06 , -469300
1.01047e+06 , -1.70908e+06 , 75889
1.02187e+06 , 518461 , -959694
1.63623e+06 , 833166 , -1.62106e+06
-299616 , 1.11337e+06 , 1.36804e+06
1.43358e+06 , 1.38909e+06 , 64791.5
455767 , 1.21458e+06 , 356531
1.50802e+06 , 415671 , -1.02588e+06
-107026 , 829043 , -499494
-1.55856e+06 , 393332 , 474585
-405700 , -12209.4 , 1.11413e+06
-959037 , 1.2957e+06 , 64624.3
-947548 , -565565 , -2.01227e+06
1.71652e+06 , -20111.8 , 1.09299e+06
-2.0863e+06 , -837824 , -723754
651801 , -1.354e+06 , 2.89894e+06
398123 , 1.84359e+06 , 230775
-1.32605e+06 , 1.20822e+06 , 658516
-99046.3 , 730612 , -1.70538e+06
1.68338e+06 , 422997 , 365817
294908 , -506879 , 543674
2.26637e+06 , 929621 , 319554
-61388.5 , -1.09111e+06 , -1.32576e+06
784106 , -592916 , 1.26587e+06
-1.65617e+06 , -2.00052e+06 , -33187.5
1.50775e+06 , 329443 , 502815
-1.41187e+06 , -1.47902e+06 , 807427
-1.04082e+06 , 32166.8 , 96318.3
-37547.3 , -1.17631e+06 , -402796
-585781 , 473733 , -1.83147e+06
-1.53707e+06 , -1.43086e+06 , 1.17975e+06
813505 , 1.17512e+06 , -563777
2.2047e+06 , -161244 , 183675
19939.2 , 307386 , 900093
2.64293e+06 , -853841 , -675232
701249 , 831142 , -457650
-820605 , -694022 , -450228
345363 , -1.77462e+06 , -165274
47457 , -206968 , 821894
670004 , 1.27574e+06 , -399188
-192856 , -612526 , -367196
2.21515e+06 , -561527 , -248778
1.20312e+06 , 512359 , 829341
1.54495e+06 , -98254.6 , 131190
48851.7 , 1.37209e+06 , 1.11765e+06
-723471 , -1.25212e+06 , 1.22129e+06
1.82637e+06 , -1.42496e+06 , 300541
-1.49327e+06 , -412301 , -987128
-1.64576e+06 , 733603 , -366552
-323479 , 824969 , -1.06245e+06
1.6141e+06 , -904466 , 710519
-371405 , 204839 , 1.58248e+06
-107118 , -1.89491e+06 , 219626
-1.59708e+06 , 506575 , 815950
-445075 , -287242 , 1.60071e+06
-484906 , 1.2646e+06 , -660568
506430 , 1.38301e+06 , 346392
899541 , -752604 , -1.16811e+06
625498 , 1.13753e+06 , 1.01494e+06
1.28033e+06 , -393832 , 1.02982e+06
-1.50021e+06 , -1.67768e+06 , -107632
859736 , -977898 , 1.19959e+06
86687.4 , 678984 , -827466
591963 , -665087 , 2.1996e+06
14811 , 110639 , 2.5088e+06
20188 , 598636 , 432865
1.03789e+06 , 877414 , 198359
-1.26186e+06 , -471400 , 63430.8
396885 , 1.25731e+06 , -1.0838e+06
-270510 , -984207 , 2.46119e+06
1.32045e+06 , 1.34221e+06 , 708187
243806 , 1.39354e+06 , 2.26897e+06
-925229 , -193520 , 1.41642e+06
-700550 , 1.28107e+06 , -1.51404e+06
-278155 , 1.26726e+06 , 947416
1.22787e+06 , 76165.9 , 1.73723e+06
-969104 , 703037 , 775442
-611196 , -2.16709e+06 , 552046
989246 , -200055 , -31756.1
1.59643e+06 , 1.93488e+06 , 1.7143e+06
624202 , -743892 , 700557
1.43449e+06 , -856408 , -1.01934e+06
1.17843e+06 , 1.24949e+06 , 936011
-63347.7 , -1.32555e+06 , 1.91836e+06
1.5649e+06 , -365755 , -521971
-1.09094e+06 , 1.17108e+06 , 1.56023e+06
-274302 , 1.69714e+06 , -1.49098e+06
767105 , -1.05653e+06 , 653480
1.32559e+06 , -308811 , -1.71683e+06
-816594 , -1.54293e+06 , -248609
-478873 , -332451 , -561922
-1.68861e+06 , -351100 , 2.18746e+06
777711 , 1.17949e+06 , -9584.71
-576660 , -2.44169e+06 , 250487
-50118 , -1.54295e+06 , 731216
62819.7 , 1.3276e+06 , 799218
948859 , -884807 , 571195
-1.20632e+06 , 1.41692e+06 , -7182.84
719183 , -1.05261e+06 , -863238
673489 , -2.3298e+06 , 738275
1.88198e+06 , 910600 , 1.51587e+06
176932 , -1.23239e+06 , -176006
417638 , -851711 , -499751
-915048 , -1.84046e+06 , -388196
769084 , 868554 , 769914
844075 , -347276 , 98107.1
1.09878e+06 , 1.2614e+06 , 651439
809084 , -1.34793e+06 , -342670
1.19889e+06 , -622123 , -354358
337192 , -1.6377e+06 , 1.52269e+06
1.7312e+06 , -936341 , -1.119e+06
584431 , 17663.5 , -604606
-950610 , -422099 , 637112
-178099 , -1.33816e+06 , 1.58787e+06
1.32814e+06 , -38645.3 , -260998
933138 , 1.06113e+06 , -386700
-671854 , -1.44493e+06 , 724537
479986 , 107785 , 2.10771e+06
1.25388e+06 , 70985.7 , -787193
-1.13736e+06 , 1.43606e+06 , 34802
200764 , 1.22701e+06 , -693380
250408 , 1.31998e+06 , 2.79911e+06
176268 , 761297 , -385988
183985 , -596023 , -329570
1.68557e+06 , 1.02842e+06 , -127805
1.27486e+06 , -1.34398e+06 , 642947
-973935 , -580439 , -2.45593e+06
-1.51356e+06 , 1596.33 , -1.26654e+06
1.03253e+06 , 560593 , 1.21073e+06
-113540 , -1.06301e+06 , 846874
888653 , -351575 , 1.14152e+06
1.2442e+06 , -799598 , 273148
-325816 , 470758 , -1.55642e+06
-836499 , 277126 , 1.20343e+06
1.97669e+06 , -458102 , -31923.4
-704787 , 1.22534e+06 , 1.31253e+06
-397712 , -2.53374e+06 , -214599
-724199 , 1.81289e+06 , -717780
-482382 , 165598 , -320492
914064 , -495098 , -469056
703857 , 1.74363e+06 , 407325
56890.6 , 43584.5 , -582385
1.92111e+06 , -98950.5 , 344872
-194637 , -265034 , 2.12623e+06
2.00349e+06 , 391998 , 1.30312e+06
443377 , -900959 , 560160
1.1352e+06 , 1.42471e+06 , -784511
2.07892e+06 , 770913 , -400185
-23170.7 , -1.17813e+06 , -1.79377e+06
1.0826e+06 , -591782 , -550013
2.22282e+06 , -545950 , 37599
-1.79338e+06 , 912125 , 681736
754317 , 1.271e+06 , 2.25635e+06
853300 , 774225 , -1.25286e+06
-1.74219e+06 , 323670 , 962968
-997380 , -1.31701e+06 , 609659
479828 , -1.04102e+06 , -749425
720638 , 1.00307e+06 , -1.74307e+06
-545539 , 625951 , 435229
1.0782e+06 , 1.7442e+06 , 158434
-1.35106e+06 , 972696 , -685162
77029.4 , -289432 , 726367
-762605 , 1.58377e+06 , -1.7356e+06
258237 , 301070 , 1.50844e+06
-80353.7 , -527604 , 1.32322e+06
-320009 , 1.05381e+06 , 1.55984e+06
-557753 , 644889 , 1.25373e+06
2.14044e+06 , 1.32314e+06 , 708332
-265636 , 305520 , 2.44448e+06
458239 , 772439 , -521790
-1.97906e+06 , -38070.6 , 73060.4
-649497 , -1.25316e+06 , 1.39423e+06
600776 , -1.23622e+06 , 303438
2.11691e+06 , 45950.6 , 456823
-1.5339e+06 , -242645 , -894075
-158101 , -334173 , 1.98002e+06
670639 , -6154.12 , 1.8742e+06
318875 , -1.71463e+06 , 1.47374e+06
-1.2013e+06 , 670283 , 538139
1.1969e+06 , 52923.2 , 343539
31216.4 , 1.49229e+06 , 356517
-574084 , -1.71771e+06 , 1.56524e+06
-149554 , -1.69386e+06 , 1.97393e+06
714831 , -759006 , -992116
-1.38934e+06 , 1.02081e+06 , 2.53654e+06
1.0972e+06 , -146666 , -31518.2
1.54521e+06 , -911246 , 3068.71
308354 , -1.56592e+06 , 200296
851144 , -996845 , 440101
-1.09519e+06 , 234376 , 1.77186e+06
-1.58601e+06 , 919648 , 703279
-1.10235e+06 , -2.21139e+06 , 302260
-514100 , 1.01389e+06 , -233291
1.70633e+06 , -221177 , 325954
984873 , 780195 , 975656
845259 , -544572 , 831.935
502676 , -601794 , 1.83193e+06
-792104 , -24941.6 , -1.67098e+06
1.31105e+06 , -278491 , 288005
51434.2 , -175692 , -1.07056e+06
-589949 , 158020 , 1.18679e+06
-42689.2 , 901464 , 476214
-267604 , -545331 , -178419
153362 , 734272 , -403765
2.48437e+06 , -104800 , 1.48485e+06
-1.19231e+06 , 1.88263e+06 , 2.08898e+06
1.78292e+06 , 576556 , -376701
-153356 , -1.50847e+06 , 1.33068e+06
-306613 , -1.16665e+06 , 1.83662e+06
427676 , -1.88389e+06 , 1.95974e+06
-1.64737e+06 , 706285 , -64574
-422958 , 90127.4 , 1.19666e+06
-1.41556e+06 , 1.67016e+06 , -1.06773e+06
-282173 , -780050 , 742803
1.15181e+06 , -31127.5 , -1.19305e+06
-2.10246e+06 , -101134 , -941190
-218849 , -775954 , 340099
-1.17912e+06 , -359471 , -49127.1
1.5035e+06 , -300593 , -165321
1.47765e+06 , 1.44203e+06 , 1.05733e+06
311088 , -1.25942e+06 , 1.32958e+06
-1.4932e+06 , -1.15411e+06 , -1.211e+06
488652 , 759056 , 1.08103e+06
1.44189e+06 , -244613 , 1.96468e+06
131351 , 1.46897e+06 , 2.1406e+06
869455 , -489188 , -1.23107e+06
-1.45141e+06 , -796352 , -876080
322807 , 1.29411e+06 , -111355
356501 , -477158 , 10573.8
-1.62346e+06 , -139352 , 128188
602030 , -456416 , 1.14747e+06
-774988 , 212420 , 2.12664e+06
360773 , -890928 , -768327
-500060 , 758541 , 969224
-485514 , -1.9184e+06 , 700545
128583 , -355070 , -207829
-474583 , -1.10528e+06 , -261691
-794432 , 273169 , -1.83492e+06
303117 , -1.01388e+06 , 1.01208e+06
1.10857e+06 , 350138 , 292851
-569623 , -563416 , 917970
-282717 , -512256 , 1.16392e+06
-2.83449e+06 , 1.76078e+06 , -981071
-186444 , 222883 , -340741
867704 , 2.30236e+06 , -1.15334e+06
-199281 , 173498 , -1.24107e+06
-1.0394e+06 , -1.20215e+06 , 660964
-1.02265e+06 , 126517 , -855131
1.63827e+06 , -506818 , -193432
-1.58386e+06 , -803138 , 38575.3
396086 , -148875 , 975669
1.54917e+06 , -803326 , -70007.4
1.1892e+06 , 852706 , 1.10008e+06
1.67259e+06 , 174407 , -815478
1.18955e+06 , 463545 , 697811
-328847 , 472040 , 1.88596e+06
-363983 , -1.43691e+06 , 976162
-2.16548e+06 , 122632 , -299036
84747.1 , 2.08195e+06 , 969251
-955481 , 1.94463e+06 , 1.50425e+06
-47461.5 , -556033 , 769766
-1.51439e+06 , 734509 , -1.80724e+06
-604694 , 1.06919e+06 , 1.63874e+06
1.37617e+06 , 227995 , -1.5758e+06
-276015 , 1.31879e+06 , 1.34011e+06
-128374 , -1.49335e+06 , 1.25528e+06
-885675 , 88128.3 , 2.77671e+06
1.08995e+06 , -1.14816e+06 , 2.19792e+06
-248638 , 1.24298e+06 , 1.24114e+06
-719729 , 375752 , -610579
585605 , 484415 , 729784
-282870 , 1.3309e+06 , -83346.2
717869 , -1.34039e+06 , -287528
895032 , -232696 , 1.98165e+06
-12074.3 , 1.93122e+06 , 1.71478e+06
-196143 , 554996 , 1.55785e+06
-1.33206e+06 , -791924 , -722732
2.48779e+06 , 300385 , -209166
-1.42093e+06 , 343703 , 85316
31614.6 , -939450 , 321140
30951.6 , -2.7048e+06 , -422632
-39692.7 , 1.68951e+06 , 165747
302286 , 144192 , 2.07913e+06
332170 , 934376 , 384252
221939 , -936396 , 1.23972e+06
-1.68951e+06 , -151198 , 320151
-1.65813e+06 , 465806 , 145588
-580722 , -769550 , 2.15596e+06
568216 , -857128 , -278917
990785 , -1.87325e+06 , 1.60386e+06
1.28584e+06 , -932693 , 155563
-701390 , 1.34359e+06 , -35241.5
472861 , -722236 , -432855
-1.63651e+06 , -1.8089e+06 , 335114
1.81905e+06 , -688466 , 251834
6382.55 , -1.81465e+06 , 2.39257e+06
565317 , 1.432e+06 , -694716
-1.22158e+06 , 2.82026e+06 , 346594
-683045 , -1.6264e+06 , -686099
-245976 , 586300 , 1.03217e+06
-405303 , -1.3449e+06 , 1.08653e+06
-398706 , 283760 , -418063
914741 , 708381 , 330050
-1.24047e+06 , 300086 , 512499
943563 , 427720 , -1.43185e+06
-1.4374e+06 , -1.08955e+06 , 828292
-450654 , 272226 , -440192
6790.03 , 54779.5 , -484870
-277469 , 1.82411e+06 , 206966
-248935 , -832132 , 858165
-361137 , 558038 , 2466.4
-1.06082e+06 , 1.70637e+06 , 1.43022e+06
339846 , -343526 , 673757
68688.9 , -401858 , 2.74171e+06
843381 , 355718 , -21137.5
77678.5 , -626573 , 205446
5164.36 , -808617 , 2.12288e+06
-1.41484e+06 , 1.22988e+06 , -1.53067e+06
115081 , -1.18611e+06 , -558733
-821939 , -18943.3 , 1.24097e+06
1.10303e+06 , 1.16648e+06 , -158493
-271695 , -623068 , 710945
194460 , -215131 , 1.34295e+06
371199 , 1.2057e+06 , 1.9881e+06
-1.85613e+06 , -155638 , 399740
2.60767e+06 , -499088 , 58879.2
724390 , 1.16049e+06 , -318676
-775238 , -211213 , 2.00236e+06
124692 , -904803 , -1.59263e+06
-500298 , 1.80684e+06 , 304551
-1.38337e+06 , -354749 , 416925
1.64231e+06 , -318216 , -331087
927763 , 758168 , 79648.9
-265657 , 993482 , 969223
900747 , -484932 , 1.46159e+06
-1.31556e+06 , 1.21898e+06 , -54972.1
549202 , -1.76348e+06 , 127787
68007.6 , -554332 , -247441
-653785 , 173007 , -628843
1.06075e+06 , -444802 , 372504
-1.33004e+06 , 429472 , 289721
72846.6 , -1.09419e+06 , 519789
1.21826e+06 , 193384 , -498451
1.23497e+06 , -833005 , 349267
-1.90905e+06 , 167005 , 271057
-970171 , -301965 , 374933
300113 , 561388 , 1.05282e+06
285817 , -105473 , 798.373
-1.957e+06 , 948241 , -743984
294771 , -1.30739e+06 , -899571
-1.05686e+06 , 1.60472e+06 , 537775
-22678.3 , -460984 , -489711
295220 , 2.7464e+06 , 181361
-1.54058e+06 , 1.23719e+06 , 9397.97
251872 , -713604 , 1.4787e+06
-2.03976e+06 , 790118 , 858990
-995459 , 1.72767e+06 , 574482
597245 , -80794.9 , -464496
235833 , 1.3017e+06 , 538585
-490178 , 678322 , 2.8508e+06
-2.38822e+06 , -995567 , -170714
151794 , 1.06535e+06 , -1.47985e+06
-672674 , 628496 , 955955
1.5205e+06 , -671220 , 820336
619698 , -645097 , -905994
1.67024e+06 , -51941.2 , -154763
-958329 , 636359 , 3.01008e+06
540725 , 436649 , -353724
130269 , -90125.5 , 2.07945e+06
1.88111e+06 , -325649 , 891818
-2.2238e+06 , -943465 , 768517
1.00006e+06 , -640336 , -1.20879e+06
-19918.8 , -1.56152e+06 , 1.61396e+06
258493 , 279302 , 888298
536811 , -23485.6 , 629225
-1.00887e+06 , 288900 , -837120
-885199 , -1.55383e+06 , 142904
-637697 , 667082 , -2.21262e+06
792575 , 1.01637e+06 , 122090
381701 , -1.60623e+06 , -752103
-808017 , 1.137e+06 , 663271
-1.17238e+06 , -276848 , -303481
-543922 , 21733 , 1.16566e+06
-494329 , 1.67926e+06 , 139715
-942548 , 1.84841e+06 , 1.11093e+06
591683 , 602379 , -866402
969871 , -727874 , 481019
1.85993e+06 , 460137 , -169329
-1.34365e+06 , 604301 , -119552
581048 , 1.22552e+06 , 1.03399e+06
-19727.8 , -438991 , 946457
1.08306e+06 , -500070 , -1.26146e+06
-480865 , -69424.1 , 2.50086e+06
1.22468e+06 , 98666.9 , -1.08315e+06
1.14045e+06 , -145903 , 273052
-390274 , 1.59928e+06 , -1.75691e+06
1.82218e+06 , 671907 , -560380
-1.49087e+06 , 1.21499e+06 , -1.20933e+06
-1.16544e+06 , 1.15835e+06 , 527.531
-574160 , -1.70777e+06 , 82812.9
-505520 , -2.02738e+06 , -183612
828113 , 796850 , 1.08178e+06
1.39825e+06 , -849450 , 234036
-90625.8 , -627708 , -1.31286e+06
811135 , -976588 , -407949
1.04082e+06 , 1.24604e+06 , 714728
577763 , -610701 , 1.74522e+06
715591 , 1.91012e+06 , -149590
-1.16411e+06 , -378802 , 1.07845e+06
-1.15193e+06 , -537585 , 297325
-904068 , -309698 , -127763
-514588 , -634139 , -2.62999e+06
1.37497e+06 , 422451 , -593359
-1.09041e+06 , -1.23688e+06 , 1.01276e+06
-950792 , 567703 , 1.48298e+06
-298705 , -646882 , 589384
-331226 , -656962 , 714057
1.488e+06 , 291775 , -1.19798e+06
-663011 , -2.45419e+06 , -728782
-2.15578e+06 , 595771 , -672766
-147416 , 1.97482e+06 , 189910
-108442 , 830419 , -433119
50528.8 , 563990 , 1.6156e+06
-351989 , 438859 , -634221
1.94301e+06 , 720742 , 28686.1
1.5173e+06 , -161458 , 1.31457e+06
771677 , 284524 , 149103
654011 , 2.782e+06 , 2.58756e+06
-159010 , -205986 , 1.17338e+06
-782000 , -578171 , -58283.4
2.16147e+06 , -476660 , -1.13856e+06
364390 , 797578 , -1.39814e+06
-608408 , -2.27079e+06 , -309309
722506 , 773832 , -2.13061e+06
-228166 , 1.13759e+06 , -508724
243802 , 1.13948e+06 , -681177
-1.88068e+06 , 811780 , 1.29881e+06
-75749.1 , -1.50569e+06 , 1.45763e+06
614144 , -1.62343e+06 , -496204
-1.36999e+06 , 1.27016e+06 , -1.50385e+06
1.36984e+06 , -278782 , -1.19552e+06
344656 , 1.44087e+06 , -1.11312e+06
1.31293e+06 , -111490 , -502875
1.44889e+06 , 808579 , -192646
-528355 , 263500 , 2.99258e+06
-371473 , -382414 , -70195.8
682268 , -981167 , 540165
-1.39617e+06 , -1.03875e+06 , 2.06615e+06
-304534 , -1.71871e+06 , -117714
-1.2168e+06 , -1.34869e+06 , 1.47854e+06
1.54099e+06 , -578681 , 540119
-2.11458e+06 , -508098 , -1.74302e+06
360120 , -150664 , 721016
1.34916e+06 , -499912 , -1.58503e+06
-1.5878e+06 , -2.4657e+06 , 1.07398e+06
702235 , -920268 , -1.94062e+06
173804 , -838172 , -1.36873e+06
17838.4 , -671263 , 1.15437e+06
820721 , -654020 , 1.69914e+06
-408878 , -833984 , 2.41509e+06
-72446.4 , -292559 , 1.7543e+06
-84998.2 , -542565 , -1.77662e+06
1.0322e+06 , 1.40848e+06 , 958821
-2.53161e+06 , 413558 , -322766
397743 , 370509 , -2.13694e+06
1.64525e+06 , -222556 , -1.18496e+06
132610 , -643277 , 310698
-553878 , -81495.2 , 998041
-2.33951e+06 , 1.54869e+06 , -1.30415e+06
139316 , 1.25502e+06 , -645182
-1.06034e+06 , 970549 , -1.63334e+06
416500 , -960024 , -827291
266373 , 958970 , -462213
750229 , 679311 , -564609
-707759 , 1.54078e+06 , 346258
-188683 , 255031 , 120713
-214069 , 2.10255e+06 , 989699
962457 , 470772 , 522828
-201063 , 1.08804e+06 , 1.63239e+06
-21809.1 , -283732 , 2.59408e+06
-285646 , -328270 , -1.52023e+06
-1.34345e+06 , 265917 , 82812.7
2.44606e+06 , -307212 , 1.33349e+06
360622 , -888399 , 95262.3
1.44642e+06 , -461225 , -2.47725e+06
-1.27226e+06 , 643650 , 650403
-661478 , 560845 , -1.86511e+06
676541 , 227378 , -1.52042e+06
-458002 , -604622 , 1.102e+06
-191477 , 945737 , 1.9624e+06
478525 , 284743 , 1.0259e+06
346418 , -1.22382e+06 , 849453
812088 , 447579 , 417742
-549309 , 1.72586e+06 , 1.23288e+06
-804244 , -268594 , 1.09844e+06
114886 , 576276 , 1.55553e+06
-887807 , 938558 , 1.84959e+06
-322062 , -1.03263e+06 , -1.13733e+06
230210 , 1.24977e+06 , -510974
1.45961e+06 , 7313.88 , -295344
-74192.9 , 774002 , 1.98082e+06
530333 , 290229 , 1.46956e+06
-929528 , -523352 , -18680.3
41881.5 , -1.67871e+06 , -255795
636944 , -2.37339e+06 , -1.60866e+06
-2.12202e+06 , -536947 , 584680
-1.15424e+06 , 247984 , -250196
-816902 , -1.01792e+06 , -1.1304e+06
-135380 , 697242 , -1.26543e+06
1.24443e+06 , 160094 , -758141
-1.70784e+06 , 834599 , 582317
285016 , -719271 , 1.11984e+06
-443310 , -214893 , 711573
-1.46605e+06 , 323878 , 1.67561e+06
176755 , -350642 , -1.53849e+06
491953 , -1.70627e+06 , 69723.5
-223846 , -1.43544e+06 , 2.18571e+06
15604.3 , -536010 , -292135
-1.19637e+06 , 860206 , 2.25001e+06
-483104 , -1.37351e+06 , 1.37258e+06
-1.99794e+06 , 1.15337e+06 , -259947
-729529 , 414505 , 269503
1.52119e+06 , 523820 , -1.18288e+06
316375 , -1.36778e+06 , 1.3059e+06
-1.27869e+06 , -56629.5 , 932984
-217977 , 1.92827e+06 , -1.43295e+06
1.75555e+06 , -637439 , -220270
-1.99254e+06 , -232412 , 282608
-1.49179e+06 , 605874 , -1.41758e+06
-1.08062e+06 , 577584 , 176763
1.48083e+06 , 533871 , -1.51749e+06
1.24992e+06 , 1.38276e+06 , 424007
-1.53834e+06 , 326326 , 617353
1.58614e+06 , 1.40093e+06 , 131980
276562 , -670107 , 1.04079e+06
444287 , -531694 , 941374
1.1536e+06 , -470935 , 939743
-1.0318e+06 , 1.42761e+06 , -1.10875e+06
438884 , -1.04267e+06 , 549970
2.78066e+06 , 296026 , 3.12883e+06
-1.83515e+06 , -1.80355e+06 , 306848
-701218 , -779736 , -940485
-1.52088e+06 , 649345 , -549559
-440622 , 1.47077e+06 , 1.73121e+06
155187 , -1.07295e+06 , -539740
-900282 , 658266 , 1.76164e+06
-2.20091e+06 , -796755 , 637797
844215 , 37625.6 , 946627
-1.16222e+06 , -826873 , 268296
-961430 , -304736 , 1.81909e+06
-1.49724e+06 , -404716 , -1.47875e+06
1.52815e+06 , -655305 , -116749
1.90977e+06 , -558628 , 373085
429093 , -1.42058e+06 , -238972
2.02206e+06 , -1.12625e+06 , 741501
1.15274e+06 , -593571 , 740607
-850993 , 504905 , -125745
1.01355e+06 , -367243 , 284979
-1.18839e+06 , -251552 , 1.50289e+06
1.14346e+06 , 1.2481e+06 , -279155
-646253 , -2.12782e+06 , 1.12226e+06
-252095 , -943817 , 283418
-842993 , 564120 , -1.60784e+06
-1.37378e+06 , -1.38345e+06 , 145061
-986660 , 439292 , 2.50823e+06
1.04456e+06 , -2.00825e+06 , 492912
-407452 , 550311 , -749679
-632557 , -755082 , -102982
1.44836e+06 , -1.485e+06 , 541555
-282048 , -371020 , 1.0327e+06
140174 , 91354 , 859336
222623 , 81903.7 , 2.66427e+06
57242.8 , -644273 , 33087.6
-501620 , -331866 , 190606
259265 , 613784 , -368746
1.87617e+06 , -175396 , 446016
-984295 , -460031 , 3.80933e+06
98228.5 , -1.42114e+06 , 1.46436e+06
-202850 , 993280 , 2.06511e+06
-1.12204e+06 , 492511 , -18321.8
-731423 , 1.49781e+06 , 240924
129522 , 53788.5 , 847282
747920 , -897325 , 279504
1.35924e+06 , -776895 , 2.24086e+06
-1.80355e+06 , 137346 , 105485
-61678 , -298301 , -710326
1.79757e+06 , -708915 , 1.52975e+06
1.85251e+06 , -116870 , -195616
1.82075e+06 , -1.45353e+06 , -245909
1.46228e+06 , -449856 , 1.74098e+06
-5487.91 , -998279 , 764901
-194714 , -398137 , 1.82112e+06
1.77391e+06 , 1.50311e+06 , -110546
1.29915e+06 , -690413 , 1.07072e+06
-1.04189e+06 , -2.12311e+06 , -29736.9
799389 , 643084 , 822496
-294071 , -1.01597e+06 , 689013
429972 , 701417 , 773091
1.00691e+06 , -454359 , 1.9054e+06
-2.40494e+06 , 604796 , -1.00573e+06
-317313 , 582456 , 552740
-95896.6 , 1.61828e+06 , -376531
-142293 , 915095 , 1.94695e+06
982270 , -865656 , 1.72076e+06
979895 , 320049 , -221553
-1.06566e+06 , 1.60849e+06 , 682746
-705106 , -1.01427e+06 , -201825
-142126 , -209018 , 1.21575e+06
1.41585e+06 , 178404 , 1.99644e+06
1.09995e+06 , -163740 , 1.95225e+06
1.77814e+06 , -930043 , 767467
993873 , 1.12545e+06 , -1.2136e+06
-178936 , -794408 , -489477
-313033 , -1.4727e+06 , -582624
-1.8287e+06 , 422587 , 539986
-70616.5 , 1.05923e+06 , -1.29722e+06
-1.03395e+06 , 392443 , 378157
108396 , -2.26115e+06 , -436993
483300 , 851352 , 318491
635053 , -865198 , -381311
144959 , -473809 , 1.21024e+06
423364 , -1.68717e+06 , -248959
1.52099e+06 , 877510 , 991686
-902491 , 1.58033e+06 , 65241.7
989596 , -370668 , -305111
1.15505e+06 , -483937 , 790506
-331823 , -1.6225e+06 , 435848
-1.06601e+06 , 1.02624e+06 , 94231
-1.32717e+06 , 451819 , -1.70848e+06
626818 , 44407.1 , 1.49148e+06
-459551 , 412420 , 941146
999574 , 1.0717e+06 , -1.74029e+06
859132 , 510653 , -1.05454e+06
-68520.3 , 218449 , 301409
371491 , -1.13479e+06 , -886016
-856211 , 477573 , -842089
-1.90264e+06 , 705086 , -526442
661735 , -781022 , 1.32148e+06
726997 , 1.78561e+06 , 167768
-218612 , 780426 , 2.26817e+06
-172378 , -139506 , 882574
7884.05 , 1.36174e+06 , -1.16928e+06
-868374 , -1.07976e+06 , -792459
1.09759e+06 , 383177 , 657990
-1.19416e+06 , -628531 , 1.63553e+06
-323525 , 1.0259e+06 , -2.16639e+06
-1.61429e+06 , 210732 , -506402
560810 , 345783 , -718210
184747 , 1.07541e+06 , 16759.9
981151 , 998505 , -856143
1.10899e+06 , 481716 , 167267
1.51759e+06 , -706541 , 794598
660183 , 1.01888e+06 , -30200.3
472713 , 1.33734e+06 , 780825
845479 , -1.5715e+06 , 895015
714886 , 763720 , 823549
-450805 , 306881 , 1.47746e+06
-596461 , -433730 , -1.6336e+06
-9617.83 , 3.38704e+06 , 1.11938e+06
-571180 , -224507 , 964728
-875591 , 665598 , 552093
1.18632e+06 , -1.78757e+06 , -1.04491e+06
1.462e+06 , 766554 , -1.1624e+06
1.83639e+06 , 195449 , 1.47457e+06
-271057 , -883844 , 1.32669e+06
970504 , -162345 , 403005
9236.31 , 3.07838e+06 , -1.62686e+06
-310416 , 1.53255e+06 , 662999
-998957 , -123122 , 1.63133e+06
1.11872e+06 , 1.30468e+06 , 1.01742e+06
-1.51897e+06 , 521648 , 1.41777e+06
787391 , 1.5425e+06 , 921504
1.89483e+06 , -406209 , 887816
-626294 , -1.42411e+06 , -1.15034e+06
605307 , 224968 , 2.27107e+06
295823 , 209229 , 1.24652e+06
1.6483e+06 , -805655 , 1.14533e+06
747592 , 1.59522e+06 , 669212
-837048 , 264743 , 1.50225e+06
-1.13384e+06 , 554399 , -584507
645153 , 788834 , -1.84215e+06
-882151 , -759157 , -51030.1
616379 , 1.45525e+06 , 796590
-1.81713e+06 , 1.40767e+06 , 78621.5
1.26095e+06 , 1.62687e+06 , -569283
-955257 , -848977 , -209426
354426 , 425435 , -833739
-1.29038e+06 , -249220 , -2.72474e+06
-343598 , 18398.5 , -509049
76447 , -2.09283e+06 , 640430
78696.2 , 1.19734e+06 , 718716
1.87144e+06 , 1.06709e+06 , 559215
-1.33396e+06 , 940516 , -985935
-194423 , -1.58195e+06 , -27773.4
371146 , -633604 , -1.88576e+06
7470.11 , -1.55107e+06 , 973463
563179 , -52003 , 2.04573e+06
-266344 , -180044 , -281331
-160246 , -1.48286e+06 , -209762
110101 , -1.56705e+06 , 1.07766e+06
-53477 , -962382 , -1.90051e+06
827382 , -555726 , -795926
388019 , -486950 , 1.96335e+06
106253 , -1.96821e+06 , 147295
-338844 , -309202 , 1.27758e+06
-88998.8 , 488437 , -1.93649e+06
467229 , 1.19695e+06 , 797094
360451 , 1.02943e+06 , 569680
-768570 , 1.61411e+06 , -438942
-141407 , 667991 , -1.28828e+06
-713623 , 796174 , -1.6754e+06
-979293 , 970543 , -55006.6
339851 , -2.38708e+06 , 843110
-843797 , 982808 , 1.23886e+06
4151.61 , 692667 , 159789
-1.07556e+06 , -1.71012e+06 , 1.18982e+06
926516 , -112833 , 1.03706e+06
-330368 , -385433 , 1.93941e+06
509419 , 14341.5 , -217807
-827575 , 575818 , -25139.8
-2.88141e+06 , 507215 , 763592
944526 , -936895 , 701801
1.32735e+06 , -576503 , 719796
-1.21396e+06 , 1.65999e+06 , 1.20679e+06
-1.19635e+06 , 3798.59 , -989382
-1.06227e+06 , 1.28014e+06 , -669945
428085 , -762929 , 950974
1.5483e+06 , -949844 , 565665
-207864 , 115262 , 830297
-48820.8 , 209716 , 1.63525e+06
-881289 , 167581 , -2.16987e+06
-93273.9 , -477134 , -1.34013e+06
-1.08221e+06 , -804775 , 127093
-1.02265e+06 , 1.13256e+06 , 1.12847e+06
142978 , 523520 , -212102
1.3648e+06 , 1.28453e+06 , 766884
-652008 , 1.34211e+06 , 599699
-255335 , 576452 , 1.56918e+06
398703 , 230782 , 2.37808e+06
-778050 , -1.73873e+06 , -521015
1.00978e+06 , -1.87973e+06 , 192069
-916839 , -115008 , -340881
-1.63303e+06 , -1.21505e+06 , 1.06321e+06
605447 , -1.40693e+06 , 254018
895214 , 1.23616e+06 , 152871
732605 , 3.35515e+06 , -597329
-929239 , 1.29347e+06 , -215037
349306 , 586271 , 2.7566e+06
-407454 , 689799 , 1.06412e+06
960016 , 1.6705e+06 , -355896
-1.48954e+06 , -551398 , 256434
-1.33287e+06 , 421015 , -70336.7
-1.60861e+06 , 1.63247e+06 , 1.49679e+06
-756445 , 956058 , 846877
-768045 , 149509 , 868357
83427.1 , 226316 , -460964
-3.02722e+06 , 162503 , 1.4261e+06
802794 , 1.16032e+06 , -299906
-657055 , 627487 , -957005
228593 , -1.62752e+06 , -1.02655e+06
777163 , -1.85169e+06 , 869675
2.04223e+06 , 910541 , -702097
518618 , 1.21751e+06 , -523505
-1.05726e+06 , 518233 , -146201
-633526 , 44479.8 , 1.08526e+06
19770.7 , 498891 , -934152
-755269 , 589075 , 1.25221e+06
828291 , 21123.7 , 1.29264e+06
85146.3 , -1.49801e+06 , 454596
221513 , -900836 , -1.25677e+06
831859 , 558820 , -734208
1.01496e+06 , -584454 , -937761
368386 , 2.1231e+06 , 705253
-951930 , 768329 , 423042
542587 , -937136 , 1.92014e+06
-59149.8 , 501747 , -1.05548e+06
458037 , 886153 , 31216
798838 , 860686 , -324516
952788 , 1.97387e+06 , 1.41939e+06
907321 , -1.18838e+06 , -3609.82
-858844 , -508499 , -1.09973e+06
-648849 , 1.03476e+06 , 771255
-111735 , 355808 , -214103
119674 , -1.17618e+06 , -1.11375e+06
-1.50635e+06 , -181195 , 743647
-1.41595e+06 , -378838 , -774808
-1.80927e+06 , -859569 , 230137
-1.00447e+06 , 81706.9 , 836512
-391177 , 1.17235e+06 , -2.04503e+06
1.48204e+06 , -542750 , -744253
-1.07476e+06 , 682442 , 945523
-37393.3 , -1.93699e+06 , 1.01102e+06
1.52365e+06 , 1.59619e+06 , -155856
-494239 , 1.53239e+06 , 1.66045e+06
-580866 , -74359.9 , 1.1121e+06
1.24892e+06 , 169324 , 1.10103e+06
-1.72131e+06 , -775187 , 654927
-681828 , 737505 , 488621
1.00585e+06 , 934090 , 1.24238e+06
-885083 , -859725 , 326223
115143 , 1.44303e+06 , 715080
991568 , -2.04588e+06 , -185145
304476 , -2.01463e+06 , -219028
-97387.3 , -1.34466e+06 , 1.32609e+06
-1.126e+06 , -251806 , 1.30761e+06
1.08819e+06 , -417108 , -356195
-395806 , -211316 , -1.15149e+06
1.66099e+06 , 1.43683e+06 , -1.17119e+06
-1.68969e+06 , 1.02849e+06 , -361158
638975 , 2.21283e+06 , -678378
-619886 , 416519 , 1.57901e+06
1.2506e+06 , -863806 , -346778
1.25643e+06 , -239969 , 807787
-459741 , -622070 , 1.37207e+06
1.06326e+06 , -421651 , 241768
1.65564e+06 , -286577 , 1.2122e+06
680255 , -2.03968e+06 , 191852
1.16901e+06 , 38427.8 , -243088
-1.13645e+06 , -1.18657e+06 , 372349
1.70323e+06 , -1.61721e+06 , -543417
75576.7 , -225076 , -797866
189773 , -1.22966e+06 , 1.43698e+06
2.09156e+06 , -583397 , -589301
901980 , -1.12517e+06 , 884021
-178942 , -482694 , -382204
-981038 , 1.70064e+06 , 1.26993e+06
584366 , 2.08391e+06 , -763758
1.32812e+06 , -1.51195e+06 , 932442
-1.02837e+06 , -404796 , -1.46913e+06
1.52219e+06 , 714740 , -157207
-1.1969e+06 , -686654 , 73526.8
370897 , -552164 , -1.8655e+06
2208.03 , 47984 , -978169
850040 , -346727 , -369603
12162.3 , -856311 , -615017
131499 , -123186 , 624828
-1.85381e+06 , 494497 , 890922
-390282 , 1.48366e+06 , -1.37412e+06
-189429 , -1.04107e+06 , 1.96029e+06
757710 , 489870 , 1.44819e+06
-1.41524e+06 , -515005 , -147859
-357408 , 1.24307e+06 , -1.03335e+06
-1.28969e+06 , 785809 , 1.29305e+06
1.25953e+06 , -584533 , 1.91877e+06
542343 , 1.48375e+06 , -603042
-78577.7 , -1.22753e+06 , -351846
800386 , -203768 , 1.77941e+06
700794 , 1.2236e+06 , 2.54317e+06
-1.38856e+06 , 831304 , 684424
-710848 , -88606 , -1.51794e+06
1.30916e+06 , 687826 , 1.02787e+06
1.93625e+06 , 568186 , -824368
-1.65309e+06 , 1.34387e+06 , -1.37394e+06
492407 , 348896 , -1.70416e+06
1.14898e+06 , -457915 , 822848
-508262 , -444894 , -1.3755e+06
507305 , 1.05427e+06 , -1.3637e+06
136428 , -49501.8 , 1.64563e+06
346817 , -1.43832e+06 , 878262
1.10984e+06 , 1.38293e+06 , 233428
881250 , 786408 , 625663
-1.11217e+06 , -672531 , 1.08271e+06
-27649 , -600624 , 1.301e+06
880948 , 261703 , -1.09816e+06
2.44864e+06 , -1.6965e+06 , 1.21007e+06
-333752 , 396113 , -642498
858688 , 329869 , 956737
-703741 , 472933 , 943912
-1.33513e+06 , -1.10153e+06 , -949179
1.17726e+06 , 51345.6 , 817717
10879.9 , -149877 , 801307
-1.50526e+06 , -1.84048e+06 , -339735
1.39845e+06 , -703889 , -1.37712e+06
1.4653e+06 , 1.39392e+06 , 1.77079e+06
-246578 , -615359 , -2.53873e+06
264501 , -2.21369e+06 , 21149.8
453809 , 1.0831e+06 , -790130
394280 , 1.09849e+06 , 456946
868324 , 136543 , -887044
-645067 , -1.99594e+06 , 477075
-1.09782e+06 , -37921.2 , -1.57257e+06
347643 , 392961 , 737621
788420 , -312759 , 881373
-1.29431e+06 , -914929 , 429152
396811 , 646520 , -587109
-3.14758e+06 , 493817 , -265700
-291210 , 1.6247e+06 , -189201
-371444 , -699923 , 891201
-483940 , 1.01333e+06 , 265450
90026.2 , 1.7834e+06 , 1.83821e+06
-430956 , 1.3745e+06 , 667841
575897 , -263789 , -214424
-483603 , 1.18831e+06 , 1.08924e+06
2.06211e+06 , -797611 , -406381
1.38604e+06 , -821648 , 45902.2
-604282 , 672236 , 1.32062e+06
-1.24726e+06 , 97415.5 , -1.2577e+06
-152149 , -1.45897e+06 , 1.2322e+06
-802946 , 1.03086e+06 , 453343
-659832 , -2.44778e+06 , -929762
473770 , 846930 , 298839
-1.54764e+06 , 1.9204e+06 , -1.23224e+06
378720 , 107651 , -315768
197828 , 590377 , 834069
-36813.5 , -774971 , -266796
926925 , 50746.2 , -660468
-619844 , 1.76587e+06 , 550015
328495 , 1.26599e+06 , 1.24878e+06
-157291 , -1.49154e+06 , -153191
1.63021e+06 , -352732 , -764659
-2.30657e+06 , -799826 , -299359
-597291 , 1.29693e+06 , -1.44194e+06
-1.00795e+06 , -1.33028e+06 , 159463
2.01815e+06 , -396337 , -480180
-64254.9 , -310778 , 103117
2.09646e+06 , 206566 , 570346
-1.30396e+06 , -1.66793e+06 , -1.39152e+06
-479161 , -818720 , 987616
1.95674e+06 , -1.11395e+06 , 802139
-793762 , 381786 , 320164
1.36119e+06 , 1.77964e+06 , -138232
302140 , 165625 , -128852
883327 , -1.13491e+06 , 2.2779e+06
524736 , -676028 , -747467
704750 , 1.38139e+06 , -287619
-1.43382e+06 , 425664 , -3490.34
512947 , 335153 , 2.08606e+06
5914.9 , 976038 , 1.11951e+06
768911 , -957017 , -519549
-959020 , -964175 , -278101
1.07049e+06 , 801115 , -1.45417e+06
-1.20615e+06 , 570720 , -1.39547e+06
1.5427e+06 , 199929 , -666279
990981 , 2.01284e+06 , 17181.5
166221 , -464156 , -872699
593620 , 2.28319e+06 , 1.03985e+06
544584 , -636754 , 506728
-1.68907e+06 , -357815 , 1.03315e+06
1.22521e+06 , 1.01359e+06 , -1.69902e+06
854958 , 1.21213e+06 , 284197
181489 , -387054 , 360675
-2.04212e+06 , -1.65992e+06 , 313035
-1.05988e+06 , -954469 , -1.04184e+06
1.70382e+06 , -157334 , -72654.6
-107092 , -655459 , -1.68602e+06
872981 , 1.53818e+06 , 158931
369372 , -71928.5 , 630126
-614600 , 198185 , 827863
694466 , -1.51441e+06 , 1.09803e+06
443284 , 732216 , -570746
-467601 , 570136 , 2.18518e+06
546658 , 749192 , 1.21491e+06
-94464.7 , -63535.2 , 1.50389e+06
-667350 , -381245 , -1.2114e+06
566306 , 604465 , -1.54906e+06
-1.04997e+06 , -98277.5 , 352802
-1.75154e+06 , -614141 , 1.63839e+06
-372941 , 1.09895e+06 , -1.21781e+06
-77993.9 , 880083 , -308390
966547 , -1.41408e+06 , -476143
-1.64044e+06 , 1.36002e+06 , 25532.3
-116058 , -789779 , -292116
-753967 , -2.11457e+06 , -633877
1.05599e+06 , -742201 , 1.06764e+06
2.14387e+06 , 561159 , 729837
-807093 , -1.83498e+06 , -1.07245e+06
506787 , -750268 , -864573
-484036 , 593837 , -310894
-490000 , -1.0576e+06 , -93515.4
2.28342e+06 , 556046 , -24218.3
-288848 , -1.45857e+06 , 672624
1.1828e+06 , -63751.6 , -58795.8
2.96184e+06 , 345779 , -148228
-690388 , 1.58584e+06 , 185221
579501 , 202459 , -2.24227e+06
36091.2 , 2.21771e+06 , 118368
78648.6 , 1.02451e+06 , 213531
-1.40231e+06 , -439839 , 1.17512e+06
-587340 , -1.08845e+06 , 1.02018e+06
-583992 , 1.3503e+06 , -1.08515e+06
309219 , 1.51465e+06 , -755354
530728 , 2.16871e+06 , -1.97356e+06
-1.02628e+06 , 1.12354e+06 , 862946
-1.50915e+06 , -745355 , -2.00487e+06
780158 , -79151.1 , -1.51164e+06
-1.25561e+06 , -144444 , 2.81587e+06
488873 , -393609 , -1.42554e+06
-1.20029e+06 , 229286 , -152839
-899045 , 570175 , 555482
-1.85334e+06 , -269882 , 762825
-537686 , 279148 , -1.27163e+06
492816 , 1.0276e+06 , 315420
597059 , 947404 , 87115.8
749341 , 757292 , 955000
-192497 , -484061 , 287926
141607 , -1.18757e+06 , 622525
-1.37334e+06 , 429390 , 1.1037e+06
1.17946e+06 , 210491 , -540579
105870 , -242814 , 2.51432e+06
253560 , 605263 , -2.32986e+06
331141 , -967566 , 1.51927e+06
-695273 , -1.99108e+06 , -1.92247e+06
428428 , -358710 , -1.78101e+06
-989441 , 700484 , 267722
-2.01536e+06 , -893546 , 1.35497e+06
-1.80537e+06 , -226279 , 858897
1.62116e+06 , -543574 , -863737
-544019 , -2.58664e+06 , -25983
1.17145e+06 , -1.96656e+06 , 136101
-1.51443e+06 , -1.07613e+06 , -750890
-1.05402e+06 , 1.06918e+06 , 127826
1.42761e+06 , -716573 , 1.02208e+06
104227 , -417887 , 1.9916e+06
1.26999e+06 , 39966.2 , 985429
596108 , 1.32553e+06 , 980658
487613 , 367479 , -757832
-217268 , -770179 , -1.95902e+06
-800559 , -1.62324e+06 , 2.27429e+06
1.83772e+06 , 767527 , 34808.8
-1.25561e+06 , 501113 , 1.46046e+06
675211 , 1.45976e+06 , -815390
921626 , -292337 , 1.25534e+06
1.16952e+06 , -836686 , 109466
567256 , 305688 , 83632.6
245029 , -1.22047e+06 , -411726
-562648 , -90898.9 , 275434
1.52783e+06 , -945569 , -670922
583989 , 919274 , 199646
-1.63658e+06 , 470686 , 1.54408e+06
-1.14929e+06 , -1.08544e+06 , 801095
-1.37943e+06 , 1.3003e+06 , -496180
-1.43285e+06 , -869700 , 138405
-546934 , -2.13082e+06 , 325413
-516473 , 793719 , 1.46944e+06
1.66178e+06 , 48896.2 , 1.67428e+06
1.43233e+06 , -1.50617e+06 , 1.10194e+06
120764 , -716629 , 567397
-1.42407e+06 , -1.00026e+06 , 36568.6
162067 , -1.49958e+06 , 346224
-320912 , -316464 , -1.42962e+06
2.12778e+06 , -506621 , -1.21556e+06
1.45348e+06 , -448899 , 533938
1.15334e+06 , 18384.3 , -1.30203e+06
350357 , -1.047e+06 , 2.36168e+06
597886 , 704389 , 1.88523e+06
-1.67618e+06 , -745681 , -57050
-134138 , 1.28797e+06 , 48580.1
683689 , 387728 , -1.11026e+06
37219.5 , -1.57757e+06 , -602425
1.6347e+06 , 1.64699e+06 , -853997
377142 , 757316 , 1.64356e+06
-978599 , 996564 , -425398
990753 , 1.24509e+06 , 80658.5
-2.19573e+06 , 516510 , 1.281e+06
-1.13074e+06 , -307852 , 714831
1.65245e+06 , 291460 , -145648
1.22699e+06 , -1.73268e+06 , 1.00758e+06
542200 , 1.28568e+06 , -896788
147015 , 1.57636e+06 , 519702
282151 , -1.24514e+06 , 1.45464e+06
-542919 , -2.3269e+06 , 28153.7
-2.25238e+06 , 703165 , -746445
813934 , -39622.1 , -1.8996e+06
-108602 , -589140 , 1.40861e+06
-1.28389e+06 , 213698 , 1.01771e+06
820317 , 37427.8 , -224247
-1.2526e+06 , 577665 , -176624
-720393 , -1.16141e+06 , 872144
176504 , -985546 , 1.361e+06
995707 , 1.44743e+06 , 992121
-719006 , 1.76048e+06 , -521099
-297799 , 297501 , 2.25786e+06
-1.37642e+06 , 1.11561e+06 , 50675.2
1.23732e+06 , 63518.5 , -290367
-751331 , 517991 , -1.08866e+06
-2.09619e+06 , -459100 , 1.02231e+06
-812715 , 75897 , -1.63473e+06
-783262 , 557423 , 1.00073e+06
-1.86566e+06 , 141968 , 479653
1.19582e+06 , 319500 , 602598
-1.25086e+06 , 934832 , 111163
1.45348e+06 , 1.22916e+06 , 291100
-309140 , -1.68955e+06 , -1.27361e+06
-1.22957e+06 , -646389 , -17201.3
-947873 , 66016.1 , -260747
485612 , 1.50956e+06 , -663211
-967762 , 1.34315e+06 , 719593
1.61958e+06 , -478870 , 950099
-1.11381e+06 , -597223 , -870935
-192147 , -545558 , -535352
1.32729e+06 , 1.04629e+06 , -1.07364e+06
412802 , -891421 , 1.28829e+06
184172 , -1.36524e+06 , 473379
-629296 , -620096 , 462646
-798860 , -483330 , 663851
850010 , 1.04677e+06 , -583660
1.93515e+06 , 98905.1 , 1.49747e+06
658788 , -909367 , 1.04591e+06
1.22173e+06 , -1.2021e+06 , 2.0923e+06
-1.25701e+06 , -964463 , 687940
1.31368e+06 , 378658 , 19000.1
1.16504e+06 , -769985 , 579569
940835 , -16393.7 , 1965.97
2.32206e+06 , -88051.1 , 211016
1.48415e+06 , 1.35213e+06 , 1.03177e+06
-1.23593e+06 , 360623 , -1.01742e+06
964685 , 221111 , -1.78905e+06
258324 , -698619 , -695020
-1.70587e+06 , -1.50186e+06 , 1.80715e+06
858806 , -899452 , -1.56443e+06
-650292 , -1.07394e+06 , -503528
-651914 , 308814 , 92962
30822.4 , 734142 , -1.19666e+06
134232 , -350498 , 888454
289338 , -1.67274e+06 , 82639.8
65177.6 , -1.14262e+06 , 2.30768e+06
362186 , -837512 , 226572
-927854 , -244389 , -381367
182009 , -216419 , 509736
69410.3 , 185313 , -696936
-2.09782e+06 , -735247 , 108480
-1.29457e+06 , 381736 , 800782
1.51896e+06 , -795471 , 2.04016e+06
-426621 , 611920 , 700184
-490771 , -612625 , -535562
992279 , 474056 , -1.01606e+06
771283 , 711874 , -72082.1
-1.19039e+06 , -219432 , -368227
435493 , 386490 , 2.00858e+06
2.12375e+06 , 161026 , -2.23178e+06
1.59388e+06 , 286031 , 832203
-1.54334e+06 , 110349 , -744788
-1.16877e+06 , 644548 , 1.80935e+06
2.35943e+06 , 408427 , -336928
-296062 , 1.05402e+06 , 1.95383e+06
551196 , 151963 , 1.30383e+06
-588316 , -858785 , 1.02008e+06
705909 , 583462 , 1.127e+06
119800 , -943593 , 183321
2.36488e+06 , 646500 , 877893
-291800 , 313840 , 1.62045e+06
744288 , -283537 , -1.49635e+06
1.02127e+06 , 687693 , -185015
267413 , 1.16762e+06 , 2.2175e+06
264199 , -371335 , -87953.9
469413 , -498532 , -946473
-997164 , 126528 , 516084
1.15099e+06 , 803992 , -210990
896803 , -1.40702e+06 , 430469
-356098 , 792055 , -41952.3
-1.85944e+06 , -378702 , 1.3873e+06
-241320 , -523457 , 1.96632e+06
-83993 , -1.22683e+06 , 1.22939e+06
1.50102e+06 , -145736 , -316612
-185670 , 660556 , -596649
757749 , 2.50527e+06 , -473054
-23089 , 589055 , 565288
-863752 , 1.27261e+06 , 891593
1.09723e+06 , 427720 , 457982
1.00386e+06 , -254355 , -1.64375e+06
1.13395e+06 , 376018 , -941654
1.16577e+06 , 207587 , 2.33776e+06
-913940 , 286424 , -1.17148e+06
2.81737e+06 , 795018 , 737184
-1.7535e+06 , 1.15328e+06 , 327276
80218.7 , 1.219e+06 , 165290
-2.61393e+06 , -410502 , -282140
-436038 , -843744 , -661341
128322 , -691607 , -782219
539264 , 1.90096e+06 , 585739
-312731 , -386360 , 160341
-903052 , -1.18259e+06 , 481800
-139940 , 2.23314e+06 , -238255
-99944.5 , 2.09379e+06 , -180037
1.3563e+06 , 165028 , 1.43158e+06
85628.9 , -378917 , 2.17079e+06
289354 , -1.68008e+06 , -234010
1.25053e+06 , 568216 , 2.73298e+06
-596541 , -630621 , -871994
657509 , 451595 , 1.41284e+06
43530 , -1.09333e+06 , -790396
-1.29599e+06 , 1.14549e+06 , 31162.1
-222075 , -1.12895e+06 , -1.23073e+06
1.22398e+06 , -1.73467e+06 , 187699
1.22637e+06 , -15818.6 , 464340
-1.1972e+06 , -1.08224e+06 , 460535
-1.77944e+06 , -1.40793e+06 , 1.72951e+06
-333949 , 1.15492e+06 , 1.96401e+06
-769344 , -677593 , 1.50406e+06
2.11238e+06 , -801667 , -665158
789712 , -1.02665e+06 , 2.77593e+06
-845192 , -277491 , -1.25088e+06
1.07315e+06 , 713343 , 1.6494e+06
693789 , -1.86453e+06 , -388586
-181090 , -23084.5 , -1.14671e+06
-347510 , -2.10431e+06 , 1.67782e+06
-62903.3 , -1.46415e+06 , 2.01615e+06
2.39756e+06 , -630344 , -1.46787e+06
1.29518e+06 , -1.15573e+06 , -13870.1
375193 , -270999 , 1.11612e+06
58398.1 , 636567 , 757114
-1.66618e+06 , -854764 , 1.4528e+06
1.83241e+06 , -1.05569e+06 , 246561
1.36527e+06 , -228518 , 439957
1.01241e+06 , 86948.5 , -1.75343e+06
397660 , 647252 , -573195
505702 , -2.21768e+06 , 649666
-1.33808e+06 , 136067 , 144519
-784921 , -547331 , 2.40854e+06
1.86349e+06 , 607406 , 373409
-779707 , -1.17345e+06 , 1622.49
533450 , -1.65184e+06 , -275627
466721 , 583284 , 2.38819e+06
90372.1 , -875133 , -382174
606024 , 1.10372e+06 , 86993.1
1.94595e+06 , 1.6164e+06 , -237725
893785 , -826438 , -2.53779e+06
1.66905e+06 , -762342 , 1.14154e+06
-547373 , 1.27304e+06 , -156456
961971 , -443675 , -725438
-1.29078e+06 , -137215 , -274554
714732 , -341673 , 782725
-1.5151e+06 , 503870 , 2.00028e+06
1.30588e+06 , -216444 , -550075
1.81413e+06 , 1.1267e+06 , -639285
-487743 , -819350 , -2.17066e+06
-642259 , -839550 , 417532
1.20288e+06 , 982363 , 682742
-377027 , 1.27555e+06 , -238440
2.46298e+06 , -445259 , 409145
377822 , 374602 , -1.56507e+06
218510 , -553507 , -377865
-504718 , 1.89697e+06 , 585253
957184 , -368325 , 2.43616e+06
165046 , -605673 , 451320
-575641 , -710736 , 228709
-515550 , 1.74877e+06 , 785561
1.0242e+06 , -486289 , 606037
80865.5 , 842075 , -1.28508e+06
-2.35831e+06 , 990280 , -2.32206e+06
-1.27986e+06 , 198392 , 1.34811e+06
-791384 , 923448 , 422623
810974 , 1.14931e+06 , -1.40393e+06
979451 , -428902 , -1.83651e+06
2.10551e+06 , 306190 , 256629
-160791 , 97927.7 , 1.29927e+06
562936 , 89143.8 , 2.34177e+06
-285463 , -1.8349e+06 , 210316
914546 , 381846 , 1.02277e+06
-1.43492e+06 , -1.04924e+06 , 370118
-319921 , -700535 , -1.4999e+06
1.32689e+06 , 113430 , 30463.3
-84423.7 , -324293 , 1.18072e+06
348123 , 1.98571e+06 , -953969
709805 , -2.26036e+06 , 1.86054e+06
-515122 , -1.43351e+06 , 462165
-305770 , 92899.1 , -1.10349e+06
-717634 , 838550 , 441615
569234 , -290156 , 424462
-1.47072e+06 , -1.49664e+06 , -102234
-1.18553e+06 , 915921 , 228140
-1.64282e+06 , 1.69679e+06 , 159364
2.21405e+06 , 794418 , -342244
-882175 , 1.43555e+06 , -543286
-1.38672e+06 , 2.02263e+06 , 779004
-659442 , 1.42789e+06 , 403378
-702106 , 132260 , -1.35539e+06
2.24786e+06 , -112039 , 174384
745150 , -168874 , 2.51921e+06
-1.77734e+06 , 77563.5 , -231197
-40325.7 , -550437 , 1.30586e+06
1.84812e+06 , -539395 , 1.04161e+06
123909 , 1.20924e+06 , 364836
635679 , 201572 , -930188
-726229 , -1.5657e+06 , -1.20905e+06
-1.26997e+06 , -41887.6 , 1.15975e+06
-1.47294e+06 , -139561 , 90506.9
-1.98953e+06 , 321490 , -1.8889e+06
-938141 , 149509 , 529213
-974592 , -200093 , -230977
-771086 , -865188 , 1.21271e+06
-232560 , 690044 , 1.97953e+06
-1.80415e+06 , 1.02072e+06 , -260421
-711931 , 501737 , 2.2258e+06
208686 , -643795 , -1.55302e+06
-1.34008e+06 , -880320 , -165446
-948560 , 2.26471e+06 , -576343
-891450 , 263936 , -166099
831792 , 610116 , 895340
-669665 , -833037 , 863486
1.40633e+06 , -864627 , 619402
-611865 , -865591 , -279942
785150 , 94459.4 , 528082
325638 , 1.58472e+06 , 207929
1.77596e+06 , -866929 , 1.48874e+06
1.81495e+06 , 439289 , 68533.2
-964743 , -616454 , 153189
424238 , 1.17557e+06 , -849416
-1.1559e+06 , -760856 , 1.65837e+06
-2.19796e+06 , 1.08159e+06 , 315067
-213706 , 211307 , -51387.9
761260 , -760125 , 1.2999e+06
1.56968e+06 , 1.03337e+06 , 1.09092e+06
-1.6966e+06 , -655914 , 273078
227281 , -602722 , 389098
-796101 , -459429 , 1.44091e+06
1.26813e+06 , -1.93099e+06 , 338860
867147 , 791006 , 1.16091e+06
-394094 , 1.78523e+06 , 799706
1.07218e+06 , 1.40388e+06 , 2.02051e+06
-823617 , 956053 , -126448
115960 , -1.07463e+06 , 891214
-1.13379e+06 , -205318 , 843747
1.38247e+06 , 2.27948e+06 , -1.28033e+06
-1.1286e+06 , 1.65177e+06 , 598124
-489061 , -473137 , -932932
1.25219e+06 , 249070 , 639464
5842.07 , 189704 , 656645
121622 , 546896 , -1.41384e+06
-453887 , 26804.3 , -1.01849e+06
-308885 , 981821 , 5631.65
-1.14165e+06 , -228662 , 1.01013e+06
2.03866e+06 , -631325 , 1.50092e+06
-796255 , -609141 , -1.78057e+06
-1.24957e+06 , 1.38899e+06 , 991361
373467 , -2.09291e+06 , 1.53e+06
1.21169e+06 , -341111 , -66779.9
698451 , 865308 , -196645
1.31442e+06 , 585039 , -1.61638e+06
-855093 , -266323 , -147230
1.03659e+06 , 856454 , 502344
-1.51294e+06 , 1.12362e+06 , 793825
-848027 , -1.26126e+06 , 1.3034e+06
-1.03021e+06 , -40940.8 , -385589
25931.1 , -456322 , -831332
945140 , 700707 , -2.00763e+06
-132836 , -206175 , 2.75745e+06
1.05351e+06 , 1.1962e+06 , 483024
100344 , 373249 , 1.32829e+06
-1.2747e+06 , 763621 , -129050
-1.86168e+06 , -583116 , -1.46544e+06
770372 , -846132 , 1.08673e+06
-134582 , -367107 , -1.58612e+06
-1.86659e+06 , 2.83291e+06 , -1.13362e+06
1.82382e+06 , -687518 , 878475
-533862 , -800445 , 454971
-1.09034e+06 , -512125 , 190917
-2.09456e+06 , -1.82231e+06 , 526744
-685505 , 736352 , -1.30539e+06
236701 , -345850 , 492386
-1.10826e+06 , -1.46101e+06 , 840009
754315 , -219560 , 2.87537e+06
387368 , -426413 , 2.24722e+06
1.55203e+06 , -233099 , 324714
-1.1748e+06 , -834479 , -580827
-576142 , 1.82245e+06 , 647145
737225 , -130289 , 59725.4
-916136 , -1.14648e+06 , 1.48094e+06
782235 , -442748 , 2.42995e+06
-1.20872e+06 , -395525 , 1.31602e+06
-954306 , -883255 , 774975
-168040 , 140879 , -142977
382023 , 1.30333e+06 , -1.72528e+06
963497 , 2.185e+06 , -937448
744561 , -100448 , 812854
2.16339e+06 , -681386 , 129249
-1.35454e+06 , -1.89149e+06 , 227592
1.36935e+06 , -1.03534e+06 , -940541
2.05897e+06 , 1.20607e+06 , -470736
-1.06751e+06 , 1.15601e+06 , 1.08228e+06
960471 , -124237 , 574877
29001 , -1.73466e+06 , -303174
641052 , 294363 , -393254
31865.1 , -1.15328e+06 , 1.1799e+06
-452202 , 1.11264e+06 , -1.39249e+06
-1.93728e+06 , -276253 , 775924
-2.26245e+06 , 1.27308e+06 , 1.47535e+06
2.72153e+06 , 134585 , 1.24351e+06
-558716 , 811595 , -966839
-805365 , -968360 , 175930
-471676 , -38721.8 , -815698
805655 , 398770 , -407087
-819005 , -898176 , -649844
-587886 , 936811 , -1.26969e+06
180105 , 1.71285e+06 , -448054
-1.18722e+06 , 1.7447e+06 , 207418
-311308 , 12354.7 , -454419
-1.4338e+06 , 865365 , 515618
894275 , 776800 , 750318
-917220 , -112821 , 263765
-198229 , 912241 , 387511
181010 , 137980 , -9201.85
-122334 , -530692 , -1.4931e+06
-1.59668e+06 , -1.59707e+06 , 370012
-1.39258e+06 , 1.80367e+06 , 1.05013e+06
-1.00359e+06 , 1.68041e+06 , 137566
85299.4 , 282444 , -1.38994e+06
-1.17612e+06 , -1.56924e+06 , -588515
-1.73418e+06 , 267577 , -547412
-14591.7 , 357893 , 1.23625e+06
1.29064e+06 , 1.68859e+06 , 1.60092e+06
-368933 , 2.13645e+06 , 755228
-820066 , -1.1846e+06 , 2.61085e+06
-817383 , -948296 , 280266
564777 , 594320 , -905243
-1.47152e+06 , 121170 , -741632
-400561 , 1.82961e+06 , -904104
-844480 , -94964.6 , 1.80396e+06
1.18775e+06 , -134345 , 92897.4
-494870 , 775879 , -938204
1.64415e+06 , 940142 , 174413
158642 , -1.80298e+06 , 214813
-1.07111e+06 , 207962 , -482994
1.91677e+06 , 293154 , -370526
-690607 , 236504 , 1.6693e+06
-611437 , 296089 , 2.3809e+06
231882 , -1.60005e+06 , 1.05733e+06
923738 , -338270 , 1.1391e+06
-444451 , 962989 , 1.96153e+06
391414 , -1.4486e+06 , 403140
-743441 , 57805.6 , -1.8911e+06
-1.25855e+06 , -948615 , 490728
-795151 , -376990 , 695802
-1.01568e+06 , 1.11688e+06 , 1.26486e+06
486805 , -2.26495e+06 , 385483
1.45066e+06 , 1.44936e+06 , -1.13768e+06
607270 , 1.05748e+06 , 894000
793101 , -1.42513e+06 , 458290
1.06666e+06 , -897266 , -639437
-594520 , 588440 , -1.28184e+06
-182748 , -1.90756e+06 , 10136.8
-474577 , 1.03974e+06 , 2.58045e+06
-213837 , 1.20588e+06 , 910356
1.16245e+06 , -1.23249e+06 , 2.0299e+06
1.5993e+06 , -184351 , -18411.8
33273.8 , -751659 , 54100.5
-1.54763e+06 , -815469 , -913730
-16838.2 , 1.19509e+06 , 29812.6
-182740 , -335916 , 444134
-518055 , 1.98627e+06 , -135012
-283922 , -1.91057e+06 , -68769.7
-435915 , -1.72014e+06 , 217931
129216 , -1.09368e+06 , 533394
-765147 , -523403 , 1.03494e+06
-659605 , 259464 , 1.62232e+06
967272 , -960192 , -1.20383e+06
1.8346e+06 , -356113 , 319450
-727087 , -788277 , 1.3116e+06
-1.18867e+06 , 148133 , -440398
-2.12736e+06 , 566428 , 601397
-871934 , 674002 , 1.04586e+06
928517 , 1.64284e+06 , 1.30891e+06
-881827 , -942930 , -505074
39665.5 , -190911 , 1.01344e+06
-6994.3 , 1.35409e+06 , 2.37258e+06
-760381 , 791271 , 781968
528535 , 995020 , 769218
-43487.9 , -1.88297e+06 , -413429
556497 , -525840 , -1.54762e+06
-522323 , 568532 , -820394
-74806.1 , -1.03695e+06 , 1.72232e+06
-715236 , 606613 , 1.12597e+06
1.60502e+06 , 2.27819e+06 , -1.2298e+06
663325 , 2.26078e+06 , 1.05279e+06
1.13646e+06 , -389374 , -693506
-218227 , -1.83461e+06 , -672888
1.53287e+06 , 226402 , 406321
-1.87772e+06 , 52994.4 , -856738
700916 , -1.41047e+06 , 1.12193e+06
530481 , 407525 , 154752
1.43753e+06 , 2.26648e+06 , -758381
2.51052e+06 , 340124 , -282402
1.96345e+06 , 322921 , 242994
635699 , 940685 , 1.40353e+06
636070 , -21974.7 , -1.02112e+06
1.43863e+06 , 692617 , 435483
-643974 , 638525 , -2.41024e+06
-646518 , -366268 , 2.83031e+06
-29602.9 , 907848 , -1.05768e+06
300728 , -828910 , -2.18837e+06
-966986 , 1.4259e+06 , -1.78808e+06
-1.13928e+06 , -84720.7 , -728948
824194 , 2.66237e+06 , -299072
-930984 , 1.18027e+06 , 1.45472e+06
1.01777e+06 , -1.25909e+06 , -318590
-437727 , -185171 , 642915
-1.30887e+06 , 1.71673e+06 , 618948
714058 , 830131 , -760183
-1.38355e+06 , -267919 , 172735
-625816 , 696759 , 1.19299e+06
-319115 , 428183 , -914878
456709 , -2.55168e+06 , -281206
1.75448e+06 , -431393 , -442008
631566 , -1.28701e+06 , 210159
-691355 , 1.25351e+06 , -1.20874e+06
1.27755e+06 , -145980 , -705441
1.43831e+06 , 204632 , 1.95737e+06
-709127 , 928924 , 690719
52182.7 , -33377.5 , 224486
-1.30965e+06 , 560522 , 440737
-46853.6 , 2.01705e+06 , -1.0742e+06
622528 , -6331.98 , 1.19282e+06
1.12372e+06 , 564298 , -397370
471949 , -1.17234e+06 , -996286
58963.5 , 481193 , -194152
1.9555e+06 , -1.23746e+06 , 1.42062e+06
1.07013e+06 , 174120 , 941110
-1.99412e+06 , 1.20198e+06 , 627024
-1.52031e+06 , 1.022e+06 , 3.37714e+06
-211520 , -1.76326e+06 , -701609
-919088 , -1.24219e+06 , 262325
340069 , -1.13129e+06 , 1.0819e+06
679993 , -271771 , 2.00762e+06
-1.28005e+06 , -613073 , 394540
-45673.3 , -341663 , -2.32056e+06
1.25724e+06 , -167518 , -2.062e+06
-953525 , -441421 , -15098.7
-1.83619e+06 , 107170 , 194995
639236 , -1.69785e+06 , -142502
-810324 , -924160 , -1.37006e+06
-1.28825e+06 , -585291 , -1.26204e+06
827397 , -953282 , 235287
-1.08763e+06 , -415099 , -418839
-1.02094e+06 , 753659 , 697808
241840 , 1.54575e+06 , -239073
-971393 , -321944 , -1.06208e+06
-696528 , 2.62241e+06 , -257495
1.68776e+06 , 2.03378e+06 , 73673.7
1.18182e+06 , 1.3884e+06 , 1.47241e+06
571230 , -1.51571e+06 , -841979
358281 , -1.72573e+06 , -352874
1.55077e+06 , 726388 , -812970
1.52898e+06 , 569099 , 913216
157314 , -1.97653e+06 , 289168
621537 , 387685 , -1.52816e+06
-539259 , 2.62577e+06 , -958988
-1.74851e+06 , -773744 , -20873.7
1.06559e+06 , -1.27115e+06 , 721031
-405677 , 939912 , 996522
-261035 , -593871 , 28634.2
606897 , -2.39909e+06 , -185692
-661836 , -667200 , -1.25761e+06
152197 , -77405.4 , -1.5287e+06
1.40312e+06 , 320440 , 319096
2.25771e+06 , 1.56272e+06 , 194912
-970960 , 1.14795e+06 , -772713
140238 , -68331.2 , 132002
-1.4798e+06 , -70312.9 , -584002
-370966 , 2.48237e+06 , 607832
-787542 , 1.80692e+06 , 690163
337084 , 1.99204e+06 , -194785
697186 , -1.5479e+06 , -256991
-148025 , -1.14081e+06 , 456165
-983208 , 26451.5 , 1.45243e+06
1.51797e+06 , 1.22307e+06 , 352319
-536310 , -85556.1 , 1.92025e+06
1.30923e+06 , 455224 , -303855
-1.17151e+06 , 953862 , 832609
-1.85235e+06 , 160933 , 744186
617211 , 450597 , 1.40973e+06
2.00488e+06 , 455612 , -134222
292425 , -1.39665e+06 , 2.14831e+06
-1.48776e+06 , -435928 , 866224
1.68896e+06 , 1.43916e+06 , 480380
-111624 , -751680 , 369391
1.17033e+06 , -150316 , 1.21266e+06
589676 , -600829 , -21073.2
-143273 , -264992 , 1.02833e+06
844674 , 1.45178e+06 , 1.56957e+06
-1.64816e+06 , -1.51858e+06 , 945542
1.60421e+06 , 341488 , 1.39554e+06
138929 , -1.14969e+06 , -931108
1.99069e+06 , 613200 , 1.39323e+06
-1.2963e+06 , -1.04844e+06 , -90706.1
-1.76913e+06 , -447576 , 755688
-310529 , 270591 , 1.96505e+06
792762 , -433580 , -13170
-689839 , -592939 , -2.39842e+06
1.60383e+06 , 394364 , 607902
-453726 , 1.84045e+06 , 1.61415e+06
1.01597e+06 , 1.57359e+06 , 231838
-1.23101e+06 , 883337 , 1.39266e+06
1.40328e+06 , 18790.4 , 1.64522e+06
-697039 , 1.77745e+06 , -367388
-1.50439e+06 , -2.15924e+06 , -348417
260909 , 530175 , 1.75482e+06
903241 , -1.70697e+06 , -233722
-48444 , -1.43556e+06 , 1.7772e+06
-989527 , -507980 , -34815.9
1.50786e+06 , -262248 , 1.74437e+06
1.23351e+06 , -640946 , -1.50372e+06
-2.04277e+06 , -830130 , 371789
252753 , 1.63601e+06 , -1.41219e+06
1.14002e+06 , 1.15635e+06 , -799062
865253 , -1.07911e+06 , 2.54499e+06
-1.42761e+06 , -50699 , 182.913
483421 , 752585 , 1.67505e+06
617478 , 1.56598e+06 , 248942
-831453 , -293613 , 1.45719e+06
-2.18169e+06 , 573772 , -954700
527955 , -965082 , -45587.5
717756 , 1.66761e+06 , -734050
664220 , 1.15266e+06 , -332274
-1.06287e+06 , 67148.3 , 393429
745380 , 198887 , 2.04486e+06
2.12341e+06 , 105603 , 311135
-1.10855e+06 , 326746 , -1.11654e+06
-1.07241e+06 , -493076 , -310847
-429693 , -2.21283e+06 , 276152
-1.40804e+06 , -1.56767e+06 , 1.41902e+06
1.31127e+06 , -232697 , 916138
-645121 , -1.32044e+06 , 2.63525e+06
532155 , 239488 , 136092
1.39439e+06 , -1.45896e+06 , -275500
478256 , 1.84299e+06 , -1.09622e+06
1.29651e+06 , -2.02257e+06 , 1.14919e+06
286990 , -471541 , 191820
-1.55665e+06 , -940674 , 1.06103e+06
626637 , 482663 , -500992
-578644 , -120435 , 1.21347e+06
-621909 , 951513 , -150471
409152 , -1.20063e+06 , 1.41178e+06
-781500 , 385239 , 1.24005e+06
-168458 , 2.92847e+06 , 445349
-1.26488e+06 , 1.94129e+06 , -255923
-1.46912e+06 , 2.46566e+06 , -458288
286121 , 1.21272e+06 , 1.80287e+06
-1.27529e+06 , -700909 , -254467
545877 , -879773 , -1.74639e+06
-1.56483e+06 , -589435 , 403397
-2.07764e+06 , 428069 , -544153
-1.13517e+06 , 1.5621e+06 , -1.08107e+06
241833 , 1.84931e+06 , -1.76198e+06
-676351 , -2.4909e+06 , 1.5145e+06
-1.16453e+06 , 747963 , -461171
-525709 , 2.22392e+06 , -619701
1.64679e+06 , 514655 , -83414.1
-532511 , 2.01479e+06 , -258474
-378008 , -505635 , 1.1123e+06
129295 , -102732 , -165688
-463315 , 204558 , 217247
-174173 , 631818 , 1.92266e+06
158595 , 1.58326e+06 , 783121
247084 , 1.27808e+06 , -1.45562e+06
2.01123e+06 , -282823 , -64872.9
268691 , 983940 , 1.05204e+06
-621950 , 1.60834e+06 , 302909
307914 , -595800 , 1.68229e+06
-797109 , -629040 , 711263
874025 , -412151 , -647225
-823091 , -218200 , -268770
954370 , -2.05733e+06 , 650100
-1.47985e+06 , -1.04399e+06 , 133636
-1.31068e+06 , 1.26806e+06 , 551067
290616 , 1.20996e+06 , 197232
580377 , 1.12077e+06 , 862805
-644102 , -1.57413e+06 , 870030
-933677 , -2.28174e+06 , 617841
-47984.1 , 677525 , -178548
278438 , 1.30044e+06 , -288011
-284037 , 981275 , 1.6096e+06
-4158.86 , 71598.1 , -728563
971407 , -1.97369e+06 , 323968
1.14472e+06 , -1.90203e+06 , 1.09344e+06
482327 , -515733 , -1.46104e+06
-225984 , -1.42292e+06 , 355639
-231116 , 1.08008e+06 , -1.20696e+06
1.67259e+06 , -1.66032e+06 , -919292
-273669 , 2.01509e+06 , -299414
1.79983e+06 , -1.04399e+06 , -923932
-980765 , 2.03198e+06 , 518069
-751385 , 866808 , 220464
118780 , 11002.5 , 1.1256e+06
-699708 , 738419 , 691831
1.07534e+06 , -732878 , 302067
-367618 , -841850 , 1.6713e+06
-1.41701e+06 , 1.37565e+06 , -409227
-1.67744e+06 , -30193.3 , 167323
-15511.8 , 1.21457e+06 , -600905
863772 , -270226 , 595309
-960764 , 369794 , 1.98245e+06
1.83655e+06 , -223695 , 1.12826e+06
793546 , 1.49993e+06 , -165763
-1.06753e+06 , -25462.1 , 486796
-1.14127e+06 , 1.40962e+06 , -438484
-8487 , 285188 , -53143.6
1.25724e+06 , 1.56064e+06 , -462715
229036 , -2.29848e+06 , 286105
661175 , -482170 , 1.8608e+06
253422 , 1.00931e+06 , 1.811e+06
421912 , -183445 , 657666
-286464 , 518970 , 431729
-435260 , -1.04866e+06 , -2.11904e+06
-498275 , -169081 , -1.24403e+06
-282637 , -1.18397e+06 , -688657
-663360 , -1.07338e+06 , -425807
-697634 , -1.32076e+06 , 696765
1.47961e+06 , 1.28563e+06 , 942684
1.20348e+06 , -171485 , 400593
2.30824e+06 , -842773 , 902373
-1.20617e+06 , -787655 , -920095
2.16076e+06 , -1.14672e+06 , -477454
-86076.8 , -754321 , 5898.67
426495 , 174756 , 1.5652e+06
609604 , 623515 , 995392
-849272 , -2.35994e+06 , 637682
-369231 , 1.91211e+06 , -812062
1.55653e+06 , -600823 , 1.48601e+06
-1.10634e+06 , -764142 , 2.06415e+06
-454766 , 1.2858e+06 , 1.55588e+06
-1.91426e+06 , -1.49091e+06 , 53988.2
1.29068e+06 , -80878.2 , -1.27591e+06
276556 , 387015 , 1.12717e+06
907532 , 1.95759e+06 , 1.42525e+06
-121541 , 829964 , 1.02456e+06
-937101 , 1.89015e+06 , 482510
1.10285e+06 , 1.0634e+06 , 1.1785e+06
2.02872e+06 , -216640 , 2.26469e+06
692826 , -354218 , -420825
-1.0192e+06 , 981184 , -75980.4
1.6183e+06 , -1.05742e+06 , -182943
931454 , 492296 , 1.06242e+06
-961465 , -170800 , 1.63365e+06
1.37733e+06 , -1.23071e+06 , 296958
-460959 , -1.29524e+06 , -494827
-888523 , -2.29343e+06 , 66788.9
-829775 , -1.69158e+06 , -811579
1.41419e+06 , 1.87257e+06 , -1.04663e+06
387488 , -62130.2 , -790597
-618885 , 1.61406e+06 , 916210
1.40026e+06 , 1.2362e+06 , -353419
733740 , 1.71781e+06 , 451296
-357575 , -1.32279e+06 , 2.06774e+06
-1.61521e+06 , -318164 , 300995
1.23875e+06 , -921743 , -304601
-978627 , -261510 , 693148
-2.4275e+06 , -523657 , 1.9138e+06
1.16692e+06 , 118145 , 425453
-256375 , -1.3509e+06 , -488057
-2.37611e+06 , -558060 , 172570
-352677 , 801066 , -422628
-1.07883e+06 , 318696 , 577152
-100632 , -701715 , -1.05701e+06
-279125 , -1.14479e+06 , 1.65413e+06
1.29763e+06 , -845871 , 1.43499e+06
977780 , 552465 , -1.51149e+06
-1.27327e+06 , 1.5942e+06 , 1.63931e+06
980643 , -493151 , -1.13656e+06
1.2518e+06 , 53521.9 , 17281.1
-131228 , 1.10858e+06 , 482955
-426461 , 505233 , -220902
231427 , -1.12147e+06 , 1.64974e+06
1.36496e+06 , 1.20858e+06 , 2.40757e+06
-905639 , 520093 , 1.442e+06
294479 , -1.26671e+06 , 284474
-1.60077e+06 , 58202.3 , 346746
-348047 , 2.17111e+06 , -754587
420431 , 1.61038e+06 , 1.07795e+06
-447028 , -1.21888e+06 , 324546
975760 , 68170.8 , 713301
-772862 , 625779 , 173363
670751 , -2.46215e+06 , -876773
-1.25305e+06 , -1.20178e+06 , 621124
-1.57743e+06 , -105158 , 860904
-321976 , -2.28002e+06 , 898785
34580.2 , -1.91124e+06 , 190183
956501 , -562126 , 270068
-56501.4 , -377348 , -1.74971e+06
-846343 , 190621 , -1.39946e+06
-2.05742e+06 , -977483 , 464373
53102.5 , -1.27483e+06 , 1.66738e+06
321285 , 714458 , 617948
-1.18337e+06 , -363334 , -82230.5
1.97701e+06 , 186197 , 1.24162e+06
-579684 , 1.38477e+06 , -838791
-991704 , 309515 , -1.66315e+06
912556 , 1.73595e+06 , 161815
-69896.8 , -108275 , -194919
177140 , 490459 , 406944
-1.64224e+06 , -928998 , -1.0137e+06
-685736 , -587873 , 544810
809426 , 2.27221e+06 , -288093
365282 , 1.5275e+06 , 207117
-557833 , 1.34059e+06 , -203263
1.34446e+06 , -533702 , 155940
870397 , -451698 , -625365
-598444 , 268886 , -72323.1
212711 , 396681 , -1.10118e+06
533536 , 2.38453e+06 , -107830
-1.2072e+06 , -977230 , -216155
-1.02669e+06 , -2.17147e+06 , 43005.8
-862348 , -1.14662e+06 , -1.7409e+06
1.10962e+06 , -1.72438e+06 , 857894
1.72916e+06 , -1.12341e+06 , -490856
2.50053e+06 , 1.36708e+06 , 1.24225e+06
-916053 , 742078 , 1.22838e+06
987853 , -1.71873e+06 , 513254
1.00389e+06 , -702779 , 1.62288e+06
642230 , 977680 , -379971
1.76263e+06 , -43106.3 , -695292
91966 , 409427 , -996899
-344907 , 1.3294e+06 , 442889
-1.4111e+06 , -1.71673e+06 , -562709
314290 , 516355 , 1.23998e+06
-2.54195e+06 , 1.03548e+06 , 960099
1.36541e+06 , 1.23354e+06 , 879221
1.2496e+06 , -417315 , 1.05279e+06
-310971 , 1.51801e+06 , -506737
-92767.7 , -894468 , -679865
498009 , -1.268e+06 , 955372
1.04899e+06 , -587146 , -319717
1.08738e+06 , -312459 , -190326
1.87673e+06 , 375040 , 2.11171e+06
139590 , 375418 , 735783
552809 , 1.05023e+06 , -268257
-641066 , 1.09356e+06 , 2.16849e+06
515452 , 704941 , 634736
-187025 , -728403 , 1.34306e+06
-632233 , 810132 , 950658
-1.29276e+06 , 1.79521e+06 , 1.76311e+06
-1.14671e+06 , -2.36664e+06 , 509172
1.5289e+06 , -676831 , -2.296e+06
210837 , 880169 , 295379
936427 , 1.52662e+06 , -2.02956e+06
884107 , -195978 , -2.41497e+06
-833559 , -1.07399e+06 , 1.11976e+06
699911 , -958612 , 1.29394e+06
858514 , -1.24423e+06 , 829605
413096 , 794918 , -131531
-76076.3 , 245954 , 1.86792e+06
426385 , 776249 , -747611
-584462 , 626667 , 930361
-310972 , 110749 , 1.06019e+06
-1.7041e+06 , -348250 , 763711
481961 , -899895 , 557657
996784 , 1.30317e+06 , -148950
1.42195e+06 , 501755 , 86134.2
-539709 , 686817 , 255318
1.27075e+06 , 1.2296e+06 , 1.21537e+06
-1.56431e+06 , -464606 , -923290
940196 , -1.07268e+06 , -1.07231e+06
-826157 , -2.22971e+06 , 663356
587939 , 280870 , 187488
826598 , 444191 , 1.30248e+06
-1.00831e+06 , -366855 , -588513
-1.42534e+06 , -483720 , 16526.5
206353 , 205411 , 55966.8
569102 , 684039 , 801297
113789 , 397789 , -2.42872e+06
-2.14469e+06 , 208558 , -1.38506e+06
291845 , -1.0982e+06 , 1.85628e+06
-675957 , 127628 , -1.24407e+06
814435 , -119467 , -275618
-707288 , -1.10377e+06 , -106036
-174675 , -149111 , 1.85229e+06
-480124 , -2.17716e+06 , -177254
-735402 , 60862.7 , 1.68264e+06
-2.39016e+06 , -204883 , -449653
467274 , -1.06897e+06 , 1.88548e+06
1.66298e+06 , 526561 , 214710
-320503 , 552574 , -889129
159865 , -2.12313e+06 , -786168
-1.09036e+06 , -488799 , -1.07809e+06
-2.2263e+06 , 828310 , -721646
42924.8 , 1.42694e+06 , -1.0985e+06
855767 , 352341 , 1.87394e+06
968267 , -256364 , 1.8111e+06
-161197 , -123334 , -578251
-607254 , 1.13697e+06 , 767913
35865.6 , 39025.9 , -1.52337e+06
369581 , -29541.3 , 1.76064e+06
-1.54238e+06 , -1.10646e+06 , 378759
1.10573e+06 , -1.36629e+06 , -331334
2.1264e+06 , 457554 , 308108
-132182 , -888445 , -2.17337e+06
-143598 , -134947 , 757649
-380301 , 217673 , -1.67396e+06
-1.44939e+06 , -1.51531e+06 , 2.27834e+06
-1.51452e+06 , 893377 , -20267.5
1.82642e+06 , 72935 , 1.03794e+06
-519141 , -638911 , -256169
-256594 , 93502 , 1.08887e+06
-1.15846e+06 , 1.00708e+06 , 531535
-694535 , 361739 , 423314
869768 , 254900 , -1.02426e+06
2.59873e+06 , -1.465e+06 , 748975
-216867 , -649021 , -513394
-1.85684e+06 , -868017 , 741831
1.95876e+06 , 1.04771e+06 , -70322.9
-1.27366e+06 , -440491 , -2.19965e+06
1.18341e+06 , -245805 , -1.46458e+06
-1.08472e+06 , -1.17912e+06 , -419434
-1.60297e+06 , -721315 , -18857.4
772231 , 2.55334e+06 , 1.04063e+06
1.72566e+06 , -550065 , 539682
-108898 , 1.1274e+06 , 1.14672e+06
1.48376e+06 , 1.297e+06 , 132599
469718 , 55637.1 , 1.29527e+06
1.38421e+06 , 982285 , -29870.4
-691159 , 381849 , 470934
2.37856e+06 , -450850 , 1.2918e+06
-965807 , 500976 , -518578
-156128 , 971581 , 416180
-1.551e+06 , 127789 , -1.98613e+06
794903 , -1.14932e+06 , -703154
-484649 , -1.86003e+06 , 902909
1.49446e+06 , -873205 , 665781
606946 , 2.95254e+06 , 903932
1.46493e+06 , 485468 , -473050
310220 , -1.64548e+06 , 1.58944e+06
365042 , -1.74255e+06 , 203624
440870 , -103176 , -561985
461033 , -620964 , -1.74617e+06
-2.05604e+06 , 588267 , 53094.9
16365.3 , -1.50929e+06 , -433828
-862748 , -800145 , -1.57374e+06
974296 , 381058 , -193528
-1.86535e+06 , -151330 , 1.89908e+06
-310319 , -1.86054e+06 , 365042
280841 , -906625 , 249000
-1.31734e+06 , -1.12577e+06 , 1.85067e+06
1.14722e+06 , -242294 , 1.13434e+06
449454 , -1.03325e+06 , -98453.8
-1.41377e+06 , 924697 , -126469
291144 , 627561 , 2.3875e+06
-60291.5 , 611899 , -143486
-311269 , -508376 , 1.40206e+06
-1.6309e+06 , -2.25351e+06 , 667577
-8319.16 , -185183 , 337229
-100223 , -17134.6 , -1.27145e+06
377279 , -567551 , 84229
-1.00201e+06 , 398469 , 1.2285e+06
1.45132e+06 , 1.47789e+06 , 638311
-672499 , 2.15765e+06 , 622970
-1.74157e+06 , 70046.7 , 1.90379e+06
1.68563e+06 , 375335 , 745120
-2.18138e+06 , -682086 , -1.35603e+06
-78289.1 , 366830 , 127876
1.99548e+06 , -790785 , -725213
-496821 , 296479 , 1.87458e+06
521382 , -494106 , 689595
-288448 , -57115.3 , 2.26771e+06
-1.05626e+06 , 1.47671e+06 , -34049.4
-2.01284e+06 , -253372 , 868419
-1.45463e+06 , 1.27315e+06 , 892553
-342412 , -43017.2 , 762164
235278 , -174076 , -2.18093e+06
-654112 , -1.84111e+06 , 1.35041e+06
570219 , -358107 , 1.00716e+06
-1.03795e+06 , 257501 , -250241
754631 , 683952 , 675339
-1.30125e+06 , 1.40939e+06 , 1.55046e+06
-1.00387e+06 , -1.80709e+06 , 562249
-1.20275e+06 , -2.58724e+06 , 555256
-1.26375e+06 , -403996 , 1.66549e+06
489067 , 209143 , 629630
-494245 , -180822 , 792248
-1.63537e+06 , 1.11323e+06 , 1.52963e+06
-1.76998e+06 , -338913 , -496904
-445845 , -161177 , -835598
210546 , 2.06376e+06 , -107909
-353655 , -938571 , -485578
876327 , 843293 , 1.08925e+06
1.35647e+06 , -1.45149e+06 , 1.08933e+06
1.42158e+06 , -1.06264e+06 , 1.20856e+06
1.19343e+06 , 559057 , 1.07645e+06
832129 , 645107 , -676654
1.57557e+06 , 742949 , -124843
1.32234e+06 , -318731 , -68509.2
436234 , -31940.2 , -1.99963e+06
1.89482e+06 , -557328 , 728006
977584 , -425960 , -256707
486758 , -164919 , 123582
-1.03187e+06 , -367164 , -1.34271e+06
289378 , -378328 , -2.22728e+06
1.34224e+06 , 907034 , 1.31636e+06
1.53163e+06 , 953777 , -99901.3
550846 , -659630 , -1.03842e+06
-1.27894e+06 , -930904 , 1.2015e+06
433215 , -796183 , 748877
48293.6 , 1.7648e+06 , 173527
635061 , -473679 , 879732
-2.10919e+06 , -253233 , 308858
-45556.5 , 177269 , 1.7743e+06
-332618 , 1.44672e+06 , -593848
-746662 , -73354.8 , -995155
-1.83856e+06 , 432171 , 1.13394e+06
-180292 , -1.03434e+06 , 360555
22850 , 657950 , 1.37474e+06
372358 , 1.35362e+06 , 1.26064e+06
544499 , 439388 , -1.78416e+06
699667 , -1.12685e+06 , 361279
-539913 , 566572 , 831988
974475 , -116511 , 958926
-988614 , 376630 , 324848
-702166 , 372184 , -1.05528e+06
463674 , -1.43313e+06 , -1.98516e+06
-953171 , 1.10381e+06 , -1.83343e+06
125494 , 1.43314e+06 , 472647
197388 , 856165 , -2.60026e+06
-1.05603e+06 , -317051 , 526936
76690.9 , 1.59459e+06 , 1.43842e+06
-690911 , 654577 , -578499
-1.52156e+06 , 1.17298e+06 , 135417
-145418 , 1.28065e+06 , -872215
-627506 , -604038 , 1.15113e+06
-1.31094e+06 , 394855 , 945980
372392 , -599626 , 816807
-1.25168e+06 , 222973 , 2.36737e+06
617822 , -175578 , 1.28295e+06
-1.00855e+06 , -641007 , 2.06044e+06
1.90998e+06 , -1.03608e+06 , -400734
704126 , -1.23547e+06 , -809880
-311127 , 263253 , 1.86183e+06
-253343 , -205498 , 1.06048e+06
-1.37727e+06 , -261578 , 2.02523e+06
136199 , 997164 , -1.10471e+06
-455906 , -257880 , 978095
-70785.6 , 409743 , 750110
833147 , -759512 , -191002
-654468 , -18004.1 , -1.70364e+06
529065 , 357819 , 278100
1.09873e+06 , 299186 , -223415
-392917 , -1.32975e+06 , 1.68887e+06
-1.37507e+06 , 375240 , 9191.11
-710449 , 395411 , 757008
-848720 , -1.70226e+06 , -449953
-991230 , -1.46605e+06 , -1.20971e+06
1.15566e+06 , 487441 , 137758
1.19205e+06 , -507193 , -1.42242e+06
135118 , -792703 , 1.66295e+06
-56968 , -542227 , 2.2553e+06
1.96992e+06 , -261471 , 2.0489e+06
511812 , 296865 , 635492
-913115 , -1.00449e+06 , 1.41256e+06
-2.02791e+06 , 279302 , -242610
-572986 , 168052 , -1.55782e+06
1.91657e+06 , 244975 , 167016
1.25019e+06 , -992821 , 1.30538e+06
145506 , 2.26385e+06 , -745509
809815 , -1.3587e+06 , 941849
828392 , 733402 , 31324.3
-222440 , 346118 , -814473
1.77142e+06 , -130679 , 1.22228e+06
559217 , 28427.4 , 2.27253e+06
519039 , 154674 , -1.0388e+06
-205773 , 1.64981e+06 , 363255
102943 , 93665.4 , 655962
-970497 , 1.61316e+06 , -983173
44473 , -1.63598e+06 , 673722
794980 , 1.03673e+06 , 2.2845e+06
602446 , 2.16152e+06 , -580123
-40717.5 , -1.96385e+06 , 691890
-697298 , 452747 , 717400
24777 , 1.90941e+06 , 1.46587e+06
-1.62738e+06 , 687957 , 2.49882e+06
-2.24052e+06 , -733957 , -397780
-1.65471e+06 , -1.64138e+06 , 1.20616e+06
-1.01e+06 , -1.98118e+06 , -1.02338e+06
-1.5612e+06 , 38727.5 , -878491
-2.24013e+06 , -53231.7 , 612442
145783 , -572824 , 1.77536e+06
991951 , 436757 , -346057
54168.9 , -128408 , 535800
754827 , -642818 , 633669
464262 , 2.25063e+06 , -1.40533e+06
-274662 , 1.01961e+06 , 2.06215e+06
-166012 , -347087 , -114916
-940172 , -325211 , 775335
861460 , -134383 , 265245
391284 , -2.44608e+06 , 1.15811e+06
-985338 , -2.08902e+06 , 1.53732e+06
772522 , 460090 , 210165
-1.48028e+06 , -717209 , 784143
784654 , -1.87394e+06 , 999881
735713 , 941913 , 1.60401e+06
-733337 , 705258 , 67952.8
-1.3511e+06 , -1.6515e+06 , 3264.21
1.2868e+06 , -613011 , -1.79677e+06
802296 , 1.84893e+06 , 591866
555944 , 1.23462e+06 , 1.07233e+06
-688115 , 508441 , 796064
-151336 , 1.41882e+06 , 1.34944e+06
1.55193e+06 , 285534 , 1.28854e+06
363062 , -2.09735e+06 , 2.64139e+06
1.78019e+06 , -54978.1 , -1.25985e+06
1.31757e+06 , -1.14165e+06 , -925843
-1.1315e+06 , -301239 , 1.59992e+06
1.09116e+06 , 1.69233e+06 , -218837
-226664 , -731199 , 223124
-82445.9 , 418904 , -922218
-986078 , 513784 , 243050
-249881 , 2.27634e+06 , 612688
412588 , -651975 , -1.36376e+06
-298048 , -42283.9 , -996551
1.93102e+06 , -1.13854e+06 , 724016
286852 , 1.37218e+06 , 1.91253e+06
-220761 , 2.16757e+06 , 5953.42
1.44485e+06 , -684868 , 1.06302e+06
-341855 , -1.50995e+06 , 1.71033e+06
-1.43607e+06 , 625156 , -821466
1.31574e+06 , 56166.8 , -25500.5
-377967 , -911988 , -50097.8
720794 , -408585 , -88618.9
-1.80953e+06 , -626585 , 693346
834582 , -263481 , 994876
359509 , -323422 , 2.12622e+06
707102 , 346415 , -1.08352e+06
1.37584e+06 , 272220 , 671755
-877067 , -828334 , 1.20264e+06
2.48856e+06 , 586324 , -179915
1.27896e+06 , -383788 , 1.0582e+06
-13689.2 , 2.61757e+06 , 768869
1.83799e+06 , -1.66884e+06 , -91049.8
-8108.86 , 473399 , 1.23146e+06
-1.98973e+06 , 791063 , 636156
-671731 , -871164 , 806286
-242833 , 408078 , -474078
140467 , -960799 , 2.17976e+06
511617 , -572967 , 138990
-530732 , -558691 , -434561
1.48667e+06 , -946817 , 132591
-1.50291e+06 , -1.20816e+06 , -1.49443e+06
1.37924e+06 , -770179 , 307165
1.30142e+06 , -18126.3 , -481311
-330430 , -479450 , 104124
-475002 , -516348 , -1.50358e+06
-482020 , -345201 , 827127
1.84364e+06 , -721370 , 764933
135156 , -627553 , -25609.2
804323 , -599284 , 1.88929e+06
-239057 , 1.84198e+06 , 154870
1.15158e+06 , -407034 , -1.03708e+06
807420 , -333699 , 579416
1.82483e+06 , 1.42743e+06 , 97239.9
-1.06627e+06 , -799027 , 1.63189e+06
245199 , -377396 , 691352
1.34937e+06 , 1.90563e+06 , 484015
-96462.7 , 1.45285e+06 , -744478
-1.94652e+06 , -803315 , -1.16645e+06
298697 , 574991 , -1.12517e+06
-1.31489e+06 , -471092 , -319200
1.76151e+06 , 419417 , 222316
2.12989e+06 , 43940.3 , 70990.4
711501 , 293231 , -692344
236074 , -1.68006e+06 , 287625
18000.5 , -1.57129e+06 , 1.59651e+06
1.33618e+06 , 433188 , 17555.8
107425 , -822643 , 2.19751e+06
49098.9 , 1.37883e+06 , 424409
305400 , 79089.9 , 1.09261e+06
-257698 , -40901.9 , 255747
644026 , 2.06042e+06 , 672557
205160 , 865648 , -238507
1.01606e+06 , -2.08761e+06 , -1.56517e+06
-1.65301e+06 , 505107 , 349141
1.05851e+06 , 923344 , 12372.1
1.50106e+06 , 204884 , -173194
1.35708e+06 , -432755 , 445964
-534586 , -1.64132e+06 , -380591
565960 , 871885 , -698844
-1.70717e+06 , 587736 , -672922
-212144 , -1.13647e+06 , 314294
-1.13976e+06 , 1.20103e+06 , 12128.6
813935 , -932441 , -1.00364e+06
-261125 , 1.47491e+06 , 1.81561e+06
343063 , 962810 , 1.60825e+06
631901 , -188263 , 510318
611073 , -379391 , -1.688e+06
-1.1051e+06 , -1.76957e+06 , 476629
-1.26688e+06 , -849939 , -495478
326752 , -775378 , -321590
1.82103e+06 , -709042 , 805723
1.56166e+06 , -845585 , 1.10667e+06
1.17394e+06 , 1.25451e+06 , -872639
-24923.7 , 1.68983e+06 , -381204
-59083.1 , 16731 , -1.37458e+06
1.33606e+06 , 504783 , -598060
1.09628e+06 , -488223 , 1.09038e+06
-281957 , 1.37165e+06 , 455367
578169 , 338066 , -2.40288e+06
-1.09762e+06 , -1.31258e+06 , 879694
1.02222e+06 , -2.0984e+06 , 1.12233e+06
588585 , -1.8013e+06 , -101630
1.51375e+06 , 148951 , -591803
-1.95376e+06 , 465840 , -282101
913074 , -427339 , 2.25342e+06
2.0207e+06 , -1.171e+06 , 267420
-1.24136e+06 , 682366 , 2.30966e+06
-1.64339e+06 , -1.39919e+06 , 176981
-301908 , 153210 , -376483
-196962 , -828772 , -1.81787e+06
-1.35322e+06 , -211312 , 313030
-363167 , 1.92697e+06 , 1.27184e+06
-373548 , 1.32442e+06 , 710699
1.43438e+06 , -1.69219e+06 , -644015
-974929 , 1.86305e+06 , -1.61247e+06
1.17325e+06 , 546233 , 1.55017e+06
-325883 , -792780 , -616982
-1.11617e+06 , -1.90992e+06 , -1.20038e+06
1.53293e+06 , -1.01212e+06 , -1.16975e+06
-43112.1 , 182173 , -653689
-53369.3 , -681301 , -592693
910863 , -777122 , -210401
1.14731e+06 , 1.52809e+06 , 556035
-1.04842e+06 , -655419 , -1.70338e+06
-622140 , -166405 , -968655
260731 , -315820 , -1.50761e+06
716122 , 1.96789e+06 , -507573
-348816 , -1.33788e+06 , -685271
408215 , -460559 , -925120
-359165 , -741084 , 2.12616e+06
1.64057e+06 , 1.84505e+06 , 183137
-302318 , 1.67324e+06 , -1.59987e+06
-222705 , -1.68374e+06 , -102137
-1.53476e+06 , -292631 , -1.0156e+06
-569632 , -77663.2 , 30829.7
509625 , -1.46053e+06 , 902189
1.12179e+06 , 460114 , 1.78414e+06
29065.2 , -860031 , -1.00679e+06
728086 , 938083 , 1.80022e+06
-1.91192e+06 , 1.21781e+06 , 525284
412463 , 799117 , 975700
1.08976e+06 , 732169 , 877713
615678 , -966914 , -1.3764e+06
1.81136e+06 , 122618 , 1.46155e+06
1.01664e+06 , 240619 , -1.53288e+06
-832933 , 650228 , -842410
893062 , 1.31472e+06 , -188636
117523 , -2.131e+06 , 78952.4
-2.04652e+06 , -1.12816e+06 , 1.05966e+06
-281944 , 539213 , 996521
-724744 , 1.1186e+06 , -1.3338e+06
-521582 , -1.59057e+06 , 285613
2.17618e+06 , 1.42362e+06 , 136802
810135 , -313492 , 2.07676e+06
1.23736e+06 , 574652 , 2.43201e+06
23588.2 , -665541 , 214849
-683941 , 355450 , 1.29422e+06
-1.30933e+06 , 933276 , -1.66094e+06
675608 , 993317 , -1.30682e+06
808756 , 14714.3 , 2.425e+06
-496023 , -124973 , 1.91839e+06
1.55968e+06 , -838713 , -1.10745e+06
-1.15257e+06 , -816249 , -357567
-702426 , -149936 , 1.26409e+06
1.51824e+06 , 912592 , 437352
492569 , 1.06516e+06 , 1.00807e+06
112579 , 310898 , 1.28366e+06
-1.10723e+06 , -1.74981e+06 , 1.28932e+06
2.24815e+06 , 35833.5 , 546821
529962 , 1.00378e+06 , -356315
-2.95943e+06 , -179811 , -564759
1.12309e+06 , 633123 , 1.52871e+06
220330 , -791636 , -803009
769524 , 581941 , 462354
-54264.7 , -914571 , 1.44711e+06
-1.69515e+06 , -1.67105e+06 , 160158
1.56887e+06 , -409735 , 395745
936008 , -968873 , -409674
-187456 , 969368 , -1.42479e+06
195443 , 746107 , -551716
-71166.3 , -668894 , 385454
1.06016e+06 , 915527 , 338939
1.56559e+06 , -253535 , 1.65913e+06
1.77445e+06 , 369385 , 829848
158142 , 1.45929e+06 , 158598
-643682 , -1.12709e+06 , -433959
-1.60677e+06 , -88633.1 , 955184
134929 , 66710.8 , -1.51048e+06
-191612 , -1.85206e+06 , 539360
1.23186e+06 , 128299 , -1.32625e+06
568108 , 368170 , -593908
1.71304e+06 , 146352 , 574881
887938 , 854927 , -53702.8
-732783 , -1.26181e+06 , 636246
905943 , -142827 , 193432
826043 , -270407 , 218548
3.13604e+06 , 1.22168e+06 , 543075
1.89809e+06 , 714362 , 1.18537e+06
872449 , 473245 , 179126
-262402 , 1.61057e+06 , -105700
-347355 , 597708 , -1.23949e+06
-670888 , 930649 , -326454
2.37976e+06 , 148873 , 597504
-266904 , -297436 , -1.74877e+06
528746 , 1.12226e+06 , 1.40782e+06
911254 , -34119.1 , 1.16194e+06
-100437 , -196515 , 1.29286e+06
1.89252e+06 , 1.32866e+06 , -353352
793817 , -228382 , 521280
908547 , -298126 , -1.51962e+06
-603831 , 1.6043e+06 , 3883.67
1.60282e+06 , 1.24044e+06 , -1.47765e+06
1.67783e+06 , 1.16157e+06 , 2.06309e+06
1.6519e+06 , -225823 , -5068.81
970901 , -685694 , -308209
794929 , -232245 , -1.51791e+06
-2.6962e+06 , 831817 , -640562
415741 , -1.41981e+06 , -1.38781e+06
-1.81091e+06 , 1.07646e+06 , -1.0751e+06
1.76041e+06 , -225318 , 92525.3
71330.6 , 1.16604e+06 , -58817.5
294642 , -279608 , -1.56772e+06
353441 , -538559 , -2.1369e+06
-1.6432e+06 , 454754 , -142969
2.02365e+06 , -752314 , 442865
-364186 , -1.33876e+06 , 838625
491703 , -766102 , -580154
-301546 , -1.26865e+06 , 750831
-770170 , -1.53228e+06 , 329734
-97743.2 , -774894 , 1.54988e+06
-708339 , 1.28202e+06 , -1.24244e+06
1.13269e+06 , -2.2089e+06 , 372192
-485285 , -870209 , -539976
-992924 , -1.69023e+06 , 1.2585e+06
850722 , -377755 , -659556
-436871 , 1.02453e+06 , 117102
24823.2 , -184534 , -289865
-215091 , -1.2378e+06 , -1.55433e+06
83541.1 , -514057 , 1.57872e+06
134030 , 685548 , 88607.6
-1.18832e+06 , 853832 , -956628
136160 , -7670.47 , 505220
-1.31387e+06 , -655716 , -974757
-964774 , -432788 , -152523
1.30173e+06 , -1.68843e+06 , -1.17402e+06
550554 , 1.31368e+06 , -408031
3.19643e+06 , -989757 , 263200
-816072 , 561820 , 1.51827e+06
117961 , 826653 , -948422
-469532 , -950790 , 78809.1
1.67785e+06 , 791859 , 154442
208709 , 20788.9 , 2.17752e+06
-2.07422e+06 , 614585 , -124691
-800908 , 1.47391e+06 , -347547
1.08383e+06 , -325648 , 424740
-861186 , 87803.7 , -859156
-822899 , 242931 , 2.23927e+06
1.29767e+06 , -502649 , 1.45185e+06
1.53566e+06 , -322515 , 1.16154e+06
-269191 , 65221.7 , 216239
280712 , 860982 , -1.81139e+06
-888634 , 35992.2 , -54480.5
-1.19946e+06 , 1.28437e+06 , 632150
-1.1622e+06 , 813740 , -877601
-962427 , -204014 , 878633
-1.30261e+06 , 797505 , 348241
-868673 , 54578.1 , 1.01487e+06
-765229 , 1.11671e+06 , 541556
-1.04282e+06 , -642754 , 115124
1.50086e+06 , -854857 , 1.19429e+06
438525 , 110850 , -2.11747e+06
1.40292e+06 , 2.00652e+06 , 2.33169e+06
-2.09755e+06 , -116141 , -1108.15
802272 , -478212 , 249785
-504618 , 391929 , -607916
480750 , -2.23624e+06 , -14702
-668827 , 1.39986e+06 , 49709
358593 , 1.21745e+06 , 127779
324308 , 1.3455e+06 , -480647
-95761.9 , -1.64531e+06 , 1.91898e+06
815421 , 1.35068e+06 , -1.65677e+06
-428922 , 1.08641e+06 , -1.44242e+06
-967619 , 1.12337e+06 , -431832
-796314 , 67354.1 , 1.02966e+06
-251807 , 666439 , -715606
704572 , -192026 , -1.15276e+06
-870118 , 672258 , -601749
-688679 , 1.81888e+06 , 1.3841e+06
1.30861e+06 , -149537 , -74628.2
1.23126e+06 , -554167 , 1.45298e+06
-1.3917e+06 , -1.21506e+06 , 758444
363055 , 7291.87 , 1.46714e+06
905209 , 536342 , 3.05756e+06
-853266 , 904899 , -815654
-710262 , 44671 , 470960
-342343 , 1.21916e+06 , -136081
-895377 , -1.8955e+06 , -299989
379272 , -1.48103e+06 , 295167
-21505.4 , 22952 , 707147
587624 , 1.20317e+06 , -526167
1.54919e+06 , -302016 , -151457
-1.75384e+06 , -1.73038e+06 , 2.17811e+06
-280191 , 1.09635e+06 , -1.81197e+06
-1.79115e+06 , 621667 , -291964
456805 , 422220 , -1.76622e+06
366723 , -671564 , 1.55391e+06
-1.27063e+06 , 1.32814e+06 , 357234
1.09085e+06 , -15462.3 , -616880
-1.88505e+06 , 1.0554e+06 , 251974
-796349 , -1.00166e+06 , -995550
-134502 , 1.99965e+06 , -198986
467975 , -2.72115e+06 , 1.68912e+06
105369 , -1.86254e+06 , -1.76951e+06
-2.97363e+06 , 697682 , 109381
958996 , -1.48878e+06 , 159528
580827 , 935484 , -761406
247914 , -927612 , -1.36232e+06
20058.2 , -2.08899e+06 , 649199
-2.38985e+06 , 86860.2 , -468103
-442756 , 1.69249e+06 , 947555
2.13409e+06 , -223716 , 1.10341e+06
-1.2715e+06 , 517466 , -10036
-98373.8 , 1.2468e+06 , 776100
-1.47034e+06 , 1.2082e+06 , 1.24281e+06
-186718 , -2.00595e+06 , -1.03732e+06
1.0016e+06 , -563119 , 15744
744391 , 720711 , -968420
-1.38401e+06 , 489329 , 982642
-388457 , -164055 , 1.59608e+06
-932106 , -1.71648e+06 , -525159
1.0701e+06 , -1.05035e+06 , -1.57518e+06
-533895 , 1.21546e+06 , -57391.9
-58339.1 , -750786 , 1.36862e+06
784328 , 1.38719e+06 , -1.35075e+06
-1.29375e+06 , -574742 , -1.08985e+06
1.22899e+06 , 605555 , 1.37417e+06
-1.99695e+06 , 211838 , 549801
-1.05987e+06 , 70179.8 , 129113
-2.25e+06 , -791857 , -647128
-1.70882e+06 , 518127 , -224682
-805183 , -517533 , 478200
1.71158e+06 , -1.42769e+06 , 976520
1.20384e+06 , 1.14628e+06 , 43248.9
153418 , 1.38852e+06 , -1.82625e+06
232062 , 144902 , -1.53561e+06
484456 , 1.25669e+06 , 497226
916273 , 177468 , 1.34946e+06
2.0844e+06 , -1.37726e+06 , 798747
-498939 , -879547 , -245963
740558 , 1.37418e+06 , 435317
875559 , 313956 , 1.51105e+06
1.40036e+06 , 620012 , -401982
187364 , -203514 , -402512
-1.45371e+06 , -735782 , 860500
-2.04545e+06 , -807689 , 619941
-1.40562e+06 , -1.57421e+06 , 788691
969413 , 922328 , -218055
-1.30826e+06 , 482919 , -148690
-909697 , -917721 , 47956
-794265 , 467412 , -1.54333e+06
-548245 , 1.30865e+06 , 869155
303003 , 1.19034e+06 , 249227
1.11104e+06 , -940018 , 966549
-368070 , 1.12907e+06 , 1.14284e+06
-765087 , 1.18288e+06 , -1.03975e+06
-342729 , -1.45889e+06 , -141006
-730400 , 133550 , 142711
546324 , 3424.68 , 574757
1.22102e+06 , 7709.18 , -804363
-92767.8 , -1.4751e+06 , -1.44247e+06
933449 , -1.15822e+06 , -41878.8
975039 , -886199 , -1.22833e+06
-1.77686e+06 , -1.16045e+06 , 259724
-670603 , 1.20733e+06 , 342804
-1.10513e+06 , -1.05757e+06 , 1.03655e+06
1.12674e+06 , 1.41391e+06 , 971300
1.50435e+06 , 385422 , 855350
-53227 , 771629 , -1.27071e+06
798110 , 357088 , 595858
25824.4 , -719674 , -1.66475e+06
183068 , -1.02521e+06 , 69274.6
-395996 , 1.09595e+06 , 1.00651e+06
-1.87604e+06 , 625264 , 212381
1.11967e+06 , 163240 , 771970
383656 , -84495.3 , 1.34369e+06
805417 , 859007 , 907307
469545 , -1.14572e+06 , -109038
222942 , -2.15225e+06 , 1.1172e+06
-878207 , -781500 , -1.4942e+06
-526083 , -1.32127e+06 , 1.55195e+06
1.10002e+06 , 2.22703e+06 , 1.93949e+06
-122819 , 1.5859e+06 , 1.2422e+06
957118 , -1.40271e+06 , -112796
-311945 , 444646 , 814148
223057 , -1.30501e+06 , 1.14237e+06
110535 , 1.12424e+06 , 536414
-988013 , -37111.3 , 1.02274e+06
1.06724e+06 , 491512 , -1.22028e+06
462284 , -352045 , -453644
-109678 , 943354 , -1.67062e+06
908981 , -242435 , 2.13938e+06
2.55324e+06 , 930564 , 644460
-989024 , 1.43657e+06 , 1.13074e+06
-683439 , -552548 , -199834
1.22678e+06 , -89872.2 , 215638
-1.96437e+06 , 870114 , -182819
-1.50353e+06 , 211476 , 639946
-492524 , 4730.01 , 828907
571296 , 44122.7 , 286843
-2.15233e+06 , -164883 , -221718
603166 , -1.37742e+06 , 1.12946e+06
1.32005e+06 , 201873 , 1.0563e+06
-498813 , -2.96499e+06 , 199967
298579 , 1.00095e+06 , -708704
1.29902e+06 , -1.58834e+06 , 1.02985e+06
1.11476e+06 , 159599 , -1.62991e+06
365114 , 295039 , 1.24066e+06
217388 , 1.727e+06 , 2.25686e+06
156403 , -1.48343e+06 , 929220
-1.03512e+06 , 1.15361e+06 , 389634
1.34808e+06 , -83437.7 , 1.08402e+06
-1.87079e+06 , 432446 , 19283.6
-2.46871e+06 , 294675 , 669066
-1.20734e+06 , -220152 , -906518
435569 , -88811.3 , 458396
459173 , -1.12204e+06 , -799099
-305896 , -197208 , 3.15969e+06
-1.06636e+06 , 83082.4 , 1.90262e+06
408493 , 274586 , -324881
-1.98968e+06 , -639186 , 956367
1.6936e+06 , 152197 , 413459
-889951 , 775681 , 1.24687e+06
33426.1 , -508128 , 803843
-1.03897e+06 , 105743 , 1.35954e+06
-625645 , -710941 , -530678
-1.39099e+06 , 533395 , 291974
1.41497e+06 , 448404 , -543460
-1.12163e+06 , -766398 , 1.67387e+06
152894 , 150343 , -1.09301e+06
387190 , -474545 , 2.2848e+06
-828417 , -232815 , 1.5471e+06
-790425 , 360690 , -1.1729e+06
-290816 , -1.04142e+06 , -1.436e+06
-294417 , 892096 , -2.45215e+06
441350 , 1.56196e+06 , -105518
1.11986e+06 , 2.01018e+06 , 650599
1.04442e+06 , 554252 , 585696
-1.05229e+06 , -1.30372e+06 , 881727
-904227 , 785864 , 290792
822159 , 2.11763e+06 , -220496
825296 , 451616 , -508910
-112314 , -1.23864e+06 , 2.09199e+06
881552 , -262712 , 158698
-907401 , 1.42373e+06 , 1.53297e+06
1.18626e+06 , 754527 , 2.0391e+06
-307755 , 560959 , -1.52577e+06
-730794 , 1.67528e+06 , -754678
182883 , 50573.6 , 1.09615e+06
-853715 , -393721 , 179941
-360474 , -817318 , 1.01577e+06
764582 , -149234 , 1.00635e+06
1.35506e+06 , -505044 , -62505.8
497534 , 695139 , -1.45863e+06
-858357 , -723163 , 802780
148380 , -592141 , 208796
1.57936e+06 , 792063 , 975329
-249637 , -664647 , 1.12137e+06
-312346 , -647678 , -1.15038e+06
430828 , 130305 , 2.30997e+06
-983132 , -129539 , 1.22726e+06
2.19402e+06 , 266589 , 291986
-387798 , 697701 , 378355
532450 , -431465 , 551551
-744468 , 1.93804e+06 , 1.30635e+06
1.41002e+06 , -696232 , -889860
519712 , -2.21909e+06 , 316165
-496937 , 600622 , 409957
-705466 , -229420 , 423783
2.70697e+06 , -171882 , -384058
456698 , 221094 , 245831
2.11439e+06 , -143075 , 195688
-1.36561e+06 , -2.44013e+06 , 1.23594e+06
364488 , 148728 , 1.82329e+06
1.29034e+06 , 2.09327e+06 , 1.50889e+06
-78646.9 , -2.30167e+06 , 731749
-47108 , 281340 , 127274
-77921.4 , -1.75169e+06 , 150424
273908 , -2.80927e+06 , -772138
-687913 , 2546.81 , 1.41175e+06
26885.9 , -961129 , -683537
-758446 , 884558 , 176027
-208119 , -1.34914e+06 , -517690
265654 , 744888 , -692012
-616684 , 396855 , 105645
-427898 , 803905 , -661766
-1.33401e+06 , -1.609e+06 , 701123
-1.75336e+06 , 164583 , -1.14247e+06
511548 , -394057 , -1.90375e+06
1.06042e+06 , 759226 , 714617
-1.31995e+06 , 1.60965e+06 , 429338
275675 , 784581 , 234159
-25755.2 , -690744 , -86750.8
1.49685e+06 , 256630 , 2.4228e+06
-2.83604e+06 , -554599 , -199619
1.082e+06 , -1.58432e+06 , 523821
-2.26046e+06 , 352196 , -359137
-436097 , -606087 , -207260
-1.08919e+06 , -246148 , -1.39361e+06
559461 , 782419 , 1.00619e+06
-1.06473e+06 , 706381 , -422115
-171905 , 2.25971e+06 , -894222
-658177 , -2.85581e+06 , 397464
-990205 , -1.36456e+06 , 1.41681e+06
-658053 , -507029 , 1.85961e+06
-1.81519e+06 , 371989 , 2.95749e+06
17302.4 , 2.22893e+06 , -88390.7
1.18423e+06 , 796601 , -159586
-290766 , -666033 , -1.00935e+06
335761 , 937391 , -809321
385645 , 2.22884e+06 , -1.85037e+06
-763643 , -1.24797e+06 , 1.15541e+06
-2.07232e+06 , -1.1093e+06 , 2.36803e+06
-746823 , 2.37753e+06 , 15656.6
-536463 , 1.3706e+06 , 1.0596e+06
-520634 , 658412 , -1.41154e+06
-17229.5 , 45947.3 , 1.61521e+06
2.2327e+06 , 1.32366e+06 , -313520
588670 , -985200 , 660181
-1.40963e+06 , -873430 , 12971.1
93006.5 , 343557 , -1.33024e+06
860970 , 1.17059e+06 , -679224
1.217e+06 , -106956 , 14378.8
968198 , 148006 , -1.19379e+06
734998 , -228227 , 2.11717e+06
915497 , 1.04725e+06 , -1.0766e+06
-1.03639e+06 , -161050 , 893958
879793 , -739139 , 1.22154e+06
-1.21444e+06 , -3029.41 , 888820
-401150 , -690015 , 1.92161e+06
-991209 , 1.12822e+06 , -795924
-975209 , -781274 , 64343.8
-912300 , 95837.1 , -1.77432e+06
-1.81885e+06 , -386701 , -418606
-476832 , -240874 , -407792
208616 , -692803 , 708334
654568 , -254681 , 1.04915e+06
745547 , -1.08048e+06 , 2.01008e+06
-1.63859e+06 , -1.45118e+06 , 214210
-352507 , 84725 , 382007
-269198 , -1.38629e+06 , -1.04006e+06
64424.8 , -821671 , 1.57268e+06
-562497 , -497620 , -1.51462e+06
383587 , -1.71958e+06 , -213138
733048 , 28532.3 , -321606
495340 , -1.74953e+06 , 1.23344e+06
1.22049e+06 , 295012 , -945628
-857974 , 1.44492e+06 , -386038
-926685 , -1.83264e+06 , -925704
711552 , 799797 , -1.45565e+06
-1.95848e+06 , 1.04726e+06 , -212976
-295727 , 487357 , -3.31829e+06
136375 , 751635 , 866597
1.03393e+06 , 633922 , 2.31513e+06
-608424 , -381727 , -1.66037e+06
731560 , -77902.6 , 78448.8
-335162 , -892815 , 2.05942e+06
-738389 , -1.50183e+06 , 1.51559e+06
-2.39751e+06 , -351735 , -551780
640622 , -740356 , -1.26043e+06
1.11373e+06 , 1.15166e+06 , 910585
-516357 , 1.84274e+06 , 102950
-273439 , 460430 , -568022
-128544 , -40149.4 , 492790
-396206 , 288848 , 843559
-291188 , -64150 , -1.01808e+06
-1.02306e+06 , -742945 , 780106
-438521 , -1.67596e+06 , -432040
-739278 , -1.57497e+06 , 1.71214e+06
-1.39171e+06 , -1.90914e+06 , 817268
-139041 , -109513 , 1.90599e+06
-1.086e+06 , 1.29365e+06 , -448028
-775779 , 1.90071e+06 , -47311.1
-1.4483e+06 , -1.43921e+06 , -884377
-1.25106e+06 , -1.32757e+06 , 681178
534073 , -911581 , 341570
-176563 , -250877 , 650356
-837756 , -350805 , -388371
-365697 , 1.49141e+06 , 596667
923566 , -1.18468e+06 , 80790.2
1.3472e+06 , 1.3005e+06 , 140805
1.19027e+06 , 578837 , -462489
1.75336e+06 , -1.44823e+06 , 394328
-184095 , -595734 , -320302
-982684 , -995790 , 858997
1.48293e+06 , -439053 , -1.48118e+06
161868 , 306536 , 1.00118e+06
1.17861e+06 , 1.53667e+06 , 624201
-1.09264e+06 , 387041 , -477345
447634 , 306344 , -1.77183e+06
831430 , 883087 , -125358
-542238 , 1.36176e+06 , -215016
-1.61674e+06 , 1.53515e+06 , 608815
1.17177e+06 , -1.33758e+06 , -1.41368e+06
-1.81272e+06 , -770512 , 154397
-1.36546e+06 , 807288 , 621911
-786148 , -750446 , -1.84674e+06
-192318 , 335215 , 413625
-895808 , 15090 , 175230
122104 , 1.23163e+06 , 794303
273488 , 1.41015e+06 , 236804
643662 , -1.12563e+06 , -613509
-1.77523e+06 , 750352 , -48571.5
-810784 , -1.60069e+06 , -122833
-60850.6 , 430871 , 1.20088e+06
-1.00953e+06 , -393244 , 357137
1.69672e+06 , -1.2654e+06 , 2.22754e+06
-1.45418e+06 , 1.01613e+06 , 335236
750992 , -824372 , 996683
-1.37121e+06 , 1.67464e+06 , -477041
736947 , -441046 , 778528
106983 , -1.57609e+06 , 2.31391e+06
473916 , 1.66239e+06 , 272990
-1.09541e+06 , 494601 , 1.07397e+06
449175 , 2.26551e+06 , -202847
56074.5 , -621835 , 1.86051e+06
-604924 , -16029.5 , -265902
-47249.8 , -1.02673e+06 , 567371
1.4699e+06 , 250635 , 177294
-1.19911e+06 , -2.26722e+06 , 255130
687929 , 751933 , -24713.8
705815 , 1.69585e+06 , 950101
-1.6645e+06 , 571013 , 635589
1.1605e+06 , 1.63333e+06 , -43237.2
927427 , 56512.1 , 1.00264e+06
191832 , 1.22337e+06 , 893695
447871 , -412556 , 725318
869256 , -190413 , 62293.7
649052 , 930208 , 379566
-977558 , -480980 , 1.26387e+06
-1.46359e+06 , 1.4798e+06 , -1.05334e+06
-968509 , 880104 , 180555
-757508 , -1.25922e+06 , -693596
255749 , -996870 , -1.21092e+06
-2.07703e+06 , -439180 , -279456
1.90063e+06 , -30562 , 1.2869e+06
-214076 , 743383 , 509419
-984017 , -528734 , -1.18048e+06
351616 , 1.12049e+06 , 867042
496304 , 464681 , 237475
2.46793e+06 , 629873 , -925925
247999 , 759010 , 375252
1.60301e+06 , 1.24191e+06 , -198788
1.09483e+06 , -1.01441e+06 , -959114
-325195 , 662899 , 490819
75013.1 , -1.15099e+06 , -1.6065e+06
564177 , 1.47936e+06 , -1.14362e+06
766911 , -213134 , 237101
-107784 , -795054 , -415113
213869 , -1.1312e+06 , 1.39033e+06
-57762.1 , -523399 , -1.24093e+06
741066 , 1.0282e+06 , 863681
1.26266e+06 , -927122 , 30945.6
805622 , 1.31006e+06 , -78493
315856 , 860968 , 81585.5
-1.22821e+06 , -30032.3 , 412991
19605.4 , -502690 , 1.61015e+06
991825 , 1.1404e+06 , -1.42591e+06
-166185 , 150904 , 708398
-1.69773e+06 , -540247 , -652826
-231716 , -322429 , 1.98112e+06
1.37552e+06 , -764779 , 1.25961e+06
-649298 , 2.27057e+06 , -187596
-496462 , -1.71555e+06 , 902711
1.67629e+06 , -733302 , 740691
-290472 , -814088 , -452334
896582 , -1.17217e+06 , -889431
-1.51804e+06 , 1.45004e+06 , -1.16434e+06
1.22519e+06 , -589278 , 1.07142e+06
681235 , 1.36627e+06 , -164477
-1.08504e+06 , -828684 , -117775
-831010 , -185842 , -791391
894968 , 1.41988e+06 , 495977
59633.4 , 1.18185e+06 , -1.56974e+06
1.45026e+06 , -550865 , 1.6381e+06
344140 , 1.41119e+06 , 427523
-182527 , 1.04039e+06 , -264783
224873 , -599282 , -467474
779640 , 354277 , 2.52008e+06
14014 , -100044 , -1.21348e+06
768326 , -1.08458e+06 , 1.72259e+06
599355 , -1.1685e+06 , 2.11429e+06
-2.25205e+06 , -9644.63 , 637443
-1.39418e+06 , 639098 , -1.42249e+06
497319 , 1.74986e+06 , -90929.9
1.35803e+06 , 997798 , 37219.3
513302 , 1.02275e+06 , 718748
28362.4 , 2.04687e+06 , -74036.8
1.0695e+06 , 703733 , -1.75087e+06
-483151 , 278129 , 1.30479e+06
-518705 , 1.09082e+06 , -490234
-1.53251e+06 , 90801.5 , -428877
733069 , 1.07511e+06 , 1.6755e+06
63283.3 , -785620 , 1.03971e+06
147881 , -1.57833e+06 , 637944
-1.30255e+06 , 965783 , -685633
-51514 , 1.06437e+06 , 841629
-810700 , 202090 , -2.29488e+06
-1.13675e+06 , 864588 , 2.13585e+06
683590 , 321169 , 1.80373e+06
1.02162e+06 , -650853 , -1.40515e+06
-329356 , 1.11678e+06 , 262005
-63085.7 , -353274 , 1.49228e+06
-1.35118e+06 , -53640.8 , 2.69741e+06
-1.54048e+06 , 86324.3 , -1.58676e+06
498749 , 120744 , -39765
184234 , -645059 , 1.50593e+06
346112 , -572031 , 886677
75391.2 , 1.0405e+06 , -2.21092e+06
331471 , 39521.3 , 1.19248e+06
-58433.4 , 630927 , 114615
-350397 , 1.70471e+06 , 662972
-1.26602e+06 , -641842 , -1.33017e+06
1.34374e+06 , 178504 , 573804
1.58743e+06 , -1.64813e+06 , 1.08689e+06
-1.66862e+06 , -320650 , -191864
1.91603e+06 , 267709 , 1.9248e+06
1.23634e+06 , -471461 , 896989
-1.39378e+06 , 76194.9 , -451136
197758 , 1.96445e+06 , 725080
1.71336e+06 , -1.68441e+06 , 561081
-1.43293e+06 , 429845 , -1.0048e+06
-522295 , -1.53715e+06 , 308128
-491886 , 439864 , 1.55994e+06
-1.78431e+06 , -175595 , 1.16757e+06
-1.51131e+06 , -341379 , 1.05916e+06
602163 , 2.03584e+06 , 545532
-1.05854e+06 , -1.27661e+06 , 691489
-1.86844e+06 , -1.22289e+06 , 780277
1.13859e+06 , 1.38256e+06 , -133924
1.50101e+06 , -375556 , 441813
1.39386e+06 , 711411 , 950685
-916155 , 311823 , 1.45779e+06
455563 , -368859 , -775895
-535879 , 613136 , 575773
-2.02964e+06 , -400662 , -124146
-2.10941e+06 , -1.00422e+06 , -96568.3
642845 , 531806 , -99284.8
617614 , -169340 , -860974
320418 , 1.61637e+06 , -711827
132571 , -146830 , -1.18879e+06
1.75823e+06 , 20972.1 , -188932
591001 , 978446 , 360513
-1.2382e+06 , 1.38297e+06 , -2.158e+06
-501704 , 1.17234e+06 , -375841
-1.45694e+06 , 784293 , 248976
-189490 , -917786 , 1.87795e+06
1.1166e+06 , -1.21498e+06 , -1.80954e+06
-263152 , 530450 , -878650
-568307 , 1.37208e+06 , 236304
-1.75716e+06 , 83751.5 , -1.0369e+06
-661136 , -1.20824e+06 , -100093
-765374 , 1.5367e+06 , 1.36402e+06
1.87311e+06 , -600840 , -321341
-84973.4 , 1.5347e+06 , 535622
509299 , -799927 , 642805
1.04777e+06 , -566347 , -883903
1.68142e+06 , 38005.9 , 1.28284e+06
-2.17673e+06 , 953286 , -1.45699e+06
-757901 , -188984 , -19127
-355747 , -361272 , -1.52589e+06
-2.01498e+06 , -941572 , 1.95933e+06
348893 , -753364 , 890640
-1.14707e+06 , -735322 , -708574
-48416.2 , 1.30746e+06 , 1.14337e+06
-902930 , 1.82406e+06 , -376412
1.84951e+06 , 1.36461e+06 , 499879
-1.31598e+06 , -764227 , -561460
-976612 , 103542 , 2.23956e+06
-2.26548e+06 , 269548 , 745904
-1.15492e+06 , 903252 , -171578
63704.2 , 1.88433e+06 , 1.08657e+06
484926 , 317932 , 655607
-320038 , 1.33603e+06 , 3.0739e+06
-659800 , -455664 , 656714
620622 , -1.24176e+06 , 1.53051e+06
64291.7 , -738087 , 1.72665e+06
1.5527e+06 , -210374 , 863480
-1.35224e+06 , -213261 , 1.17718e+06
411780 , 484384 , 1.13262e+06
-1.42886e+06 , -1.55745e+06 , 1.14865e+06
751520 , 1.69254e+06 , -256020
995173 , -148135 , -1.19513e+06
-396643 , -1.96675e+06 , 1.70203e+06
624219 , 291723 , 1.37708e+06
1.0967e+06 , -927643 , -588850
-853505 , -241925 , 645348
882915 , 33035.7 , -1.41123e+06
727899 , -1.16469e+06 , -736597
257727 , -899442 , 1.39613e+06
-624175 , 1.67326e+06 , 644435
602059 , 82840.6 , 186788
330584 , 1.12829e+06 , 357107
621199 , 1.3134e+06 , -1.15055e+06
-456438 , -921236 , 2.26362e+06
-762794 , -1.91579e+06 , 360377
-1.44135e+06 , -110640 , -481352
208659 , -148162 , 1.59683e+06
-170589 , -896817 , 74889.8
2.262e+06 , -205198 , -784140
926514 , -1.2055e+06 , 866791
1.44528e+06 , 792051 , -367305
230856 , 1.42705e+06 , 1.83296e+06
272350 , 1.13672e+06 , 243610
947429 , 2.57605e+06 , 245235
388415 , 1.34147e+06 , -1.12465e+06
-1.6819e+06 , 623804 , -614507
1.78766e+06 , 17956.3 , -854758
657696 , -765909 , 531179
1.3118e+06 , -1.04038e+06 , -1.54408e+06
-148367 , 1.55146e+06 , 365758
-513815 , -1.35691e+06 , -878035
-342854 , 1.36046e+06 , 1.20605e+06
-810695 , 1.198e+06 , 1.04384e+06
812817 , 788368 , 60615.3
1.92332e+06 , -723559 , 481237
1.33976e+06 , 392327 , 1.28784e+06
-827646 , -381474 , 2.26925e+06
-1.40034e+06 , 54115.2 , 222614
260250 , -648641 , 1.30287e+06
1.5109e+06 , 197148 , 536425
1.45375e+06 , 488792 , -556387
1.14118e+06 , 640382 , 1.29148e+06
515034 , 373117 , -89171.5
-1.76978e+06 , 79342.9 , -502297
527586 , -271376 , -505565
-1.27825e+06 , 1.17687e+06 , -746373
843822 , -1.47491e+06 , 1.20398e+06
460327 , 881280 , 119232
-410747 , 1.0583e+06 , 1.20962e+06
347336 , -261247 , 1.50332e+06
1.31989e+06 , 532413 , -1.15523e+06
-926529 , 1.74547e+06 , -552972
-203680 , -1.01162e+06 , 1.0224e+06
263126 , -2.9283e+06 , 159589
-145022 , 629835 , 1.48465e+06
838367 , 568766 , 1.06282e+06
-972338 , 451374 , -1.4549e+06
-1.22005e+06 , -612950 , 1.11645e+06
2.01413e+06 , -825897 , -165716
-927265 , -131587 , -1.79664e+06
-284060 , -1.09158e+06 , -33448.8
1.77352e+06 , -103497 , 1.99043e+06
271083 , -1.84932e+06 , -186536
103415 , -1.18085e+06 , -143345
1.0941e+06 , -95536.5 , 742934
-186492 , 512890 , 773657
310564 , -62822.4 , 881154
752600 , -986959 , 1.88413e+06
1.85068e+06 , 411248 , -1.08209e+06
-1.99437e+06 , 158703 , 846011
1.86315e+06 , 263775 , -1.30891e+06
1.27732e+06 , 80323 , 2.09901e+06
-2.24593e+06 , 974964 , -791307
-323832 , 227991 , 1.4483e+06
502200 , -62195.7 , -981843
990205 , -269257 , 2.71064e+06
-1.79934e+06 , -814029 , -181749
1.49229e+06 , -460814 , 43860.3
598066 , 2.11509e+06 , -614167
-199806 , 1.1231e+06 , 541308
-2.20253e+06 , 2.12554e+06 , 782601
2.21022e+06 , -543301 , 640503
448295 , -481217 , 2.46882e+06
-1.30835e+06 , -502127 , -73616.4
974859 , -1.07776e+06 , 526067
-403734 , 1.70196e+06 , 1.05456e+06
686921 , 444028 , 983503
-2.24586e+06 , 668222 , -494348
101721 , 198573 , 2.26868e+06
756458 , -2.59404e+06 , -295599
1.60974e+06 , 150663 , 506058
-1.42366e+06 , 679213 , 813569
-1.68466e+06 , -15215.3 , 982876
-804203 , -1.59581e+06 , -1.23647e+06
-217432 , 262322 , -1.03777e+06
-690008 , 316899 , 782423
-1.7468e+06 , -376325 , 970366
794681 , 1.0361e+06 , -556153
303518 , 1.14814e+06 , 1.69118e+06
-1.43418e+06 , 496062 , 80580.5
-670702 , 340636 , 1.38307e+06
-2.10029e+06 , -271401 , -769353
-713102 , 1.14506e+06 , 621484
-693637 , 1.66017e+06 , -448969
-2.2584e+06 , -1.17735e+06 , 943347
1.62207e+06 , -1.51008e+06 , 974124
-1.31307e+06 , -357893 , 1.47823e+06
-105007 , 766238 , -427182
1.45141e+06 , 1.14949e+06 , -489540
391666 , -82895.8 , 1.77664e+06
986863 , -1.29051e+06 , 1.63643e+06
554584 , 1.56591e+06 , -1.1574e+06
683866 , -51094.8 , 1.13182e+06
806776 , -1.23359e+06 , -391630
-387964 , 624271 , 366084
850437 , 562336 , 2.31962e+06
1.4783e+06 , -297821 , -361110
-39095.5 , 1.08358e+06 , -466044
1.46222e+06 , 1.86032e+06 , -2.073e+06
-1.88622e+06 , -524728 , 418030
788693 , 1.50747e+06 , 1.15787e+06
-614906 , 3020.54 , 1.11251e+06
-1.4784e+06 , 978478 , -845278
-1.50137e+06 , 129147 , 1.06666e+06
-1.20073e+06 , -421541 , -822232
900096 , 148235 , 2.38141e+06
-2.13986e+06 , -1.43059e+06 , -726981
660711 , -716100 , 1.61817e+06
-190146 , -1.07636e+06 , -314313
-408673 , 1.5833e+06 , -1.62871e+06
-1.40168e+06 , -359945 , -913692
368976 , -860181 , 788279
350898 , 1.17693e+06 , 1.24987e+06
358861 , -1.45322e+06 , 1.70129e+06
298919 , -130371 , 262914
860029 , -381183 , 259423
358608 , 915270 , 1.23095e+06
1.43239e+06 , 181146 , 396836
509889 , 548243 , -693046
559501 , 1.77003e+06 , 1.24152e+06
-746940 , 462415 , 396601
-42641.2 , 1.76781e+06 , -224073
-653682 , 1.54823e+06 , 521749
-2.10053e+06 , 279541 , 1.1339e+06
-1.16493e+06 , 79689.2 , 1.67527e+06
-412640 , 659046 , 765440
93813.1 , -432768 , -252.75
1.79856e+06 , 1.61158e+06 , 1.55222e+06
-1.86377e+06 , -707823 , 388339
464612 , 1.37022e+06 , -2.08093e+06
-110051 , 1.3221e+06 , 12128.2
687187 , -936121 , -794841
-456566 , 302432 , 1.24425e+06
-1.1067e+06 , -380747 , 1.16684e+06
-306841 , 573045 , 1.45188e+06
-1.77046e+06 , 375991 , 2.08719e+06
-393447 , -96011.3 , -1.50286e+06
838197 , 1.61694e+06 , 1.0715e+06
-355024 , 2.4219e+06 , -486089
-982537 , -290653 , 71877.4
643147 , 1.73169e+06 , 1.87737e+06
925128 , 669090 , 1.57802e+06
-1.56285e+06 , -743445 , 1.82875e+06
2162.72 , 348527 , 1.67462e+06
697567 , -560903 , 1.1386e+06
859851 , -1.00916e+06 , 833383
-954277 , -491800 , -572323
-742599 , 2.56727e+06 , -190252
-1.21502e+06 , 699408 , 2.0226e+06
-2.40972e+06 , 96432.5 , -729432
-622019 , -1.11335e+06 , -1.23723e+06
-608584 , 1.18562e+06 , 425245
-829224 , 1.62393e+06 , 1.13612e+06
419113 , -1.10301e+06 , 2.29997e+06
-1.81461e+06 , -823336 , 1.15263e+06
759799 , -907121 , 1.13575e+06
-959099 , -1.40198e+06 , 307972
1.28747e+06 , -1.05609e+06 , 572970
-265331 , 234468 , 1.64397e+06
2.36433e+06 , 1.01491e+06 , 1.12281e+06
383939 , -966848 , 107736
-928656 , -519904 , -1.59557e+06
-1.01515e+06 , -799879 , -2.18194e+06
534498 , -505788 , 1.10592e+06
490355 , 1.92906e+06 , 325224
88681.6 , -2.25092e+06 , 876942
139673 , 377198 , -547856
645440 , -643468 , 2.12063e+06
1.58717e+06 , -1.27874e+06 , 132974
-1.5708e+06 , -657867 , 1.74397e+06
-728145 , -1.3782e+06 , -51718.7
1.20507e+06 , 655316 , -104730
-1.14982e+06 , 732799 , 1.40663e+06
-753393 , -1.09601e+06 , -1.58747e+06
-926022 , 547165 , -2.11162e+06
1.44251e+06 , -436232 , 882066
1.57136e+06 , -113291 , -12156.4
1.62703e+06 , -823587 , 354091
-1.26683e+06 , -893986 , 589374
1.0596e+06 , 736553 , 303390
-229683 , 1.65181e+06 , 444900
377941 , -2.13816e+06 , 840374
-1.86242e+06 , -165300 , -1.06674e+06
-948569 , 1.34129e+06 , -564513
-377042 , 630093 , 1.11653e+06
-813305 , 218485 , 1.29059e+06
2.50734e+06 , -512346 , 1.44516e+06
1.16415e+06 , -845507 , -453119
-511561 , -1.13947e+06 , -499340
-276561 , 189771 , -1.45139e+06
-979035 , -1.2185e+06 , -1.12574e+06
-1.66356e+06 , -460335 , 972507
-1.65326e+06 , 343265 , 587921
-655651 , -954328 , -113655
-424516 , -550162 , -186920
-328731 , 1.7672e+06 , 909341
-801387 , 745508 , 67873.1
-362975 , -65232.4 , -174444
733580 , -2.04836e+06 , -900195
975926 , 535596 , -424087
375254 , -1.88772e+06 , -272955
620588 , 1.61211e+06 , 1.16969e+06
263469 , 546929 , 1.21895e+06
715422 , 402376 , -162258
1.57555e+06 , -454241 , -1.58334e+06
-724466 , 428136 , 687493
2.08938e+06 , 1.19148e+06 , -320190
-607460 , -331258 , 1.08839e+06
505119 , -212804 , 2.23168e+06
-672873 , -1.20683e+06 , -1.36553e+06
-431363 , -293979 , 979132
1.2236e+06 , 858576 , 522506
-1.7688e+06 , 532553 , 466573
64509.1 , -1.19258e+06 , 1.27385e+06
-15782.1 , -249912 , 1.79805e+06
-759882 , -1.66631e+06 , -784353
-2.60519e+06 , -955611 , 1.5617e+06
-1.18325e+06 , -825085 , 979736
-1.01525e+06 , -1.30453e+06 , 317902
-41155.2 , -2.55533e+06 , -353907
-273776 , 1.20102e+06 , 614636
1.57411e+06 , 613714 , 1.54763e+06
95916.3 , 682647 , 27538.8
-327682 , 284250 , 1.65447e+06
-50226.6 , 298057 , 256288
-582478 , -1.14148e+06 , 335577
-1.52324e+06 , 972355 , 498912
65065.9 , 538700 , -1.00284e+06
-640930 , 129644 , 2.28575e+06
1.8806e+06 , -1.09098e+06 , -528993
1.60262e+06 , -1.4765e+06 , 339838
1.20567e+06 , 394440 , 868802
-201028 , -1.34224e+06 , -960526
508327 , 399245 , 925815
-468481 , -1.00196e+06 , 1.34592e+06
-1.08926e+06 , -166841 , 2.36852e+06
-376148 , 424031 , 1.29946e+06
-1.82576e+06 , -154194 , 862430
531985 , 1.27248e+06 , -1.97893e+06
-1.31663e+06 , 345167 , 1.01138e+06
-204732 , -1.02881e+06 , -459255
-1.01573e+06 , 85416.3 , -413517
-118816 , -117948 , -366633
480668 , 878000 , 161843
1.47604e+06 , 910240 , 741993
548359 , 1.87579e+06 , -723772
-1.19596e+06 , -2.46165e+06 , 384430
-3.18715e+06 , -197853 , -2.86567e+06
1.3503e+06 , 1.51813e+06 , 1.29105e+06
-511284 , -555889 , 118474
927741 , -413140 , 1.82143e+06
-1.49414e+06 , 195105 , 856937
1.45951e+06 , -353730 , 730521
93353.3 , 436924 , 803876
-402434 , -845420 , 1.61517e+06
1.44584e+06 , -479598 , -679904
1.12391e+06 , -428503 , -185257
849280 , -294513 , -718541
-1.53916e+06 , -25486.7 , 1.29507e+06
-1.32615e+06 , 173554 , 1.71617e+06
776846 , -2.46514e+06 , 999629
-327352 , -547301 , 613947
53308 , 1.32568e+06 , 907581
270229 , 993429 , 104984
1.27394e+06 , -622814 , -135017
-546668 , -985048 , 639719
683670 , 1.03224e+06 , 275894
1.03689e+06 , 1.8955e+06 , 1.22159e+06
436827 , 526395 , 683045
-258228 , -1.46913e+06 , -255845
-824106 , -134441 , 1.21958e+06
604754 , -1.51562e+06 , 1.17572e+06
-1.38698e+06 , 458593 , 256571
54305.4 , -2.05978e+06 , -188328
1.02372e+06 , 147067 , -1.10198e+06
-330613 , 649579 , 487592
-185017 , 1.44448e+06 , -958171
-1.32001e+06 , 751038 , 470315
-266202 , -377245 , 811538
-713480 , -875944 , -392101
143952 , 1.87356e+06 , -1.56216e+06
164946 , -1.35283e+06 , -2.16309e+06
-969606 , 1.23062e+06 , 1.73535e+06
681169 , 1.67462e+06 , 233711
-644241 , 760935 , 2.25634e+06
1.19098e+06 , 2.69599e+06 , 987112
1.51829e+06 , -711622 , 1.29097e+06
1.31414e+06 , -657318 , 935463
-1.17973e+06 , -1.10448e+06 , 53596.1
539348 , 1.20522e+06 , 1.11803e+06
-1.81378e+06 , -130211 , 1.68025e+06
1.0503e+06 , -1.65184e+06 , 640731
-995791 , 1.11722e+06 , 787422
-1.38578e+06 , -539007 , 3.30118e+06
2.20777e+06 , 68306 , 555079
-403176 , 1.44418e+06 , -709506
-12190.4 , -947828 , 522735
-1.31771e+06 , -1.1476e+06 , -727867
195386 , -356980 , 33321.1
-1.14773e+06 , 1.64926e+06 , -379082
505441 , -667610 , 466148
-426196 , 628588 , 430751
-1.44852e+06 , 635481 , 1.21851e+06
659438 , -994442 , -733357
-1.04819e+06 , -548780 , -563368
-1.45667e+06 , -202377 , -558533
222434 , -1.34739e+06 , 1.17493e+06
1.43119e+06 , 788842 , -823297
428471 , 381479 , 1.26724e+06
-919110 , 1.64932e+06 , 897804
277348 , -1.5049e+06 , 887172
2.18669e+06 , -126858 , 1.58055e+06
-1.76529e+06 , 456415 , -1.33043e+06
-163493 , -1.50792e+06 , 81739.9
-1.5382e+06 , 979932 , 888754
203919 , -1.8375e+06 , 999873
-1.02184e+06 , -621109 , 1.70216e+06
358634 , 1.77725e+06 , 575597
578627 , -900460 , 939513
-2.19527e+06 , -354681 , 1.4991e+06
146452 , 704962 , -67653
81911.4 , 732160 , -1.32749e+06
1.80907e+06 , 5352.84 , -312108
-1.19024e+06 , -904368 , -376855
475996 , 1.96823e+06 , -797513
116783 , -1.37769e+06 , -515672
1.00588e+06 , 113877 , -1.51644e+06
-749666 , -2.1226e+06 , -527956
448050 , 1.45624e+06 , -1.68177e+06
993499 , -741180 , -1.36045e+06
-240846 , -252433 , 5792.67
-1.50518e+06 , -1.44815e+06 , 774597
-150180 , 1.02976e+06 , 735433
-386077 , -2.13585e+06 , -659793
34700.4 , 1.26577e+06 , 1.676e+06
-846301 , 134671 , 508995
568368 , -193268 , 1.58808e+06
1.27075e+06 , -494553 , -1.5776e+06
-581272 , 1.07563e+06 , -994347
-1.56635e+06 , 1.03054e+06 , -105803
-333111 , -768681 , -37087.5
-1.67394e+06 , 698185 , -1.02025e+06
-638085 , 119119 , -729387
-309740 , -1.2856e+06 , -105011
-729656 , 761833 , -832984
1.64086e+06 , -1.46195e+06 , -963083
1.20557e+06 , 143103 , 826157
2.19302e+06 , 774831 , 2.2688e+06
-1.62977e+06 , 1.66286e+06 , -12449.3
768929 , 505492 , -1.1696e+06
-428967 , -538325 , -1.3653e+06
37088.8 , 1.32367e+06 , -182000
-72729.8 , 258307 , 491392
-51773.6 , 748718 , 110523
-1.14701e+06 , -281838 , -560371
579935 , -735031 , 212987
157939 , -182909 , -1.42368e+06
524153 , -471155 , -977664
-2.32113e+06 , 350195 , 740494
-1.44865e+06 , -461616 , 818642
167731 , 1.09511e+06 , 1.72271e+06
867146 , 707040 , 2.18126e+06
-550221 , -304055 , -344221
265942 , -19336.8 , -704267
1.23854e+06 , 549.215 , -875121
40870.2 , -2.62785e+06 , 408152
-98455.6 , -1.28634e+06 , 2.08942e+06
-964940 , -867005 , -1.08701e+06
2.27971e+06 , 1.01928e+06 , 246984
167966 , 998882 , 191618
-461058 , -1.04003e+06 , -991661
747254 , 1.26335e+06 , 1.59678e+06
1.89756e+06 , 875593 , 1.04034e+06
1.11447e+06 , 1.00835e+06 , -930912
206532 , -1.80445e+06 , -19216.6
-109223 , 2.22042e+06 , 1.05554e+06
-1.7103e+06 , 209504 , 538396
805311 , 1.03082e+06 , 330478
16113.5 , 1.04358e+06 , -1.03696e+06
1.88362e+06 , -723688 , -360621
-360814 , 268973 , -632551
1.79792e+06 , 312151 , -84724.3
914155 , -82417.7 , -5403.3
-628678 , 1.73057e+06 , -199105
2.14006e+06 , -66239.5 , -962047
-2.65739e+06 , 39814.5 , 1.1488e+06
380422 , 574023 , -850499
1.08413e+06 , 454971 , 345471
-45487.3 , -1.22758e+06 , 529267
-362736 , 520585 , -1.26014e+06
522236 , 959453 , 2.18687e+06
1.4843e+06 , -1.22468e+06 , 653252
-1.76697e+06 , -1.59965e+06 , -910404
319121 , -401881 , 1.71406e+06
183120 , -159560 , -1.12469e+06
397749 , -1.09512e+06 , 1.40264e+06
2.24712e+06 , -1.38634e+06 , -788304
185095 , 2.08664e+06 , -113760
763400 , 1.16561e+06 , -1.2102e+06
714253 , -245715 , 1.24318e+06
-1.12235e+06 , -692898 , 88026.4
-827895 , -1.3604e+06 , -897280
2.55074e+06 , -319160 , 486997
1.34719e+06 , 1.75675e+06 , 155695
-136859 , 85582.3 , 2.43918e+06
1.38152e+06 , -235297 , -871423
630012 , 286514 , -1.46077e+06
-58714.8 , 632627 , -2.06112e+06
907693 , -705466 , -854034
1.4665e+06 , 281851 , -1.87988e+06
1.13725e+06 , -957241 , 808009
-81347 , 738766 , 1.21077e+06
912606 , -717028 , -91159.7
-905624 , 1.86551e+06 , -1.38302e+06
668230 , -4263.16 , 1.52214e+06
991935 , 139251 , -439687
-366600 , -1.01456e+06 , 940690
-87878 , 717108 , -2.37497e+06
88411.3 , -345038 , 974997
-600156 , 81528 , 1.42777e+06
-1.51453e+06 , 776602 , -111815
65339.5 , -339975 , -256312
-917667 , 2.32882e+06 , -517760
599646 , 696850 , 1.64051e+06
-148704 , 1.41306e+06 , -455367
-1.58133e+06 , 11371.9 , 799061
215665 , 840619 , -383037
1.5409e+06 , 1.13431e+06 , -352629
587270 , -677057 , -943145
1.00254e+06 , 456164 , 3.29395e+06
-267125 , 379515 , 981127
-734285 , 645293 , 1.27882e+06
1.07939e+06 , -1.72283e+06 , 359636
854241 , 273053 , 2.57806e+06
-1.92804e+06 , -1.26079e+06 , 563664
-384755 , 235336 , 2.20098e+06
826957 , 1.89486e+06 , 253722
-583946 , 496780 , -1.15798e+06
-1.68073e+06 , -980815 , 930901
-605994 , 1.1363e+06 , 52757.7
-717444 , -388437 , -2.03824e+06
508913 , -1.82092e+06 , -538064
10597.3 , -2.36108e+06 , -83838.4
538416 , 708400 , -35439.1
-833936 , 112671 , 1.371e+06
-771241 , 1.05284e+06 , 1.25304e+06
-529725 , -2.03497e+06 , -373201
263040 , 2.06195e+06 , -487384
-261737 , 1.32505e+06 , -1.50651e+06
528496 , -1.61583e+06 , -632709
-1.23208e+06 , 711598 , 1.03755e+06
1.47599e+06 , -268972 , -1.08495e+06
1.03652e+06 , 2.27397e+06 , 257811
-213695 , -574798 , 1.46622e+06
-433404 , 1.01972e+06 , 1.07267e+06
-1.17931e+06 , 2.08624e+06 , -430368
-1.61426e+06 , -721312 , 448991
-859614 , -2.19926e+06 , 300523
1.07934e+06 , -1.16808e+06 , 541237
130202 , -1.81522e+06 , -284225
116418 , -1.01332e+06 , 1.15035e+06
-1.02633e+06 , -1.50305e+06 , -393402
305126 , -697900 , 1.42136e+06
797159 , -733943 , -2.10566e+06
-1.1314e+06 , -812897 , 1.74608e+06
-462289 , 1.79696e+06 , -1.21341e+06
16615.9 , 751969 , 1.3089e+06
-850848 , 1.50657e+06 , 1.85807e+06
1.54102e+06 , -45671.6 , 865530
-531191 , 582385 , -979423
2.07742e+06 , 1.31268e+06 , 542591
2.18504e+06 , -975107 , -652153
573605 , -1.30496e+06 , 633422
-1.22276e+06 , 40287.3 , -1.33799e+06
-1.68413e+06 , -1.08669e+06 , 67661.7
-478633 , -653811 , 1.39973e+06
-664228 , 260612 , -828633
-852336 , 225218 , 1.05366e+06
-436331 , -623412 , -1.42614e+06
-431047 , -143668 , 2.20004e+06
159528 , -211475 , -182635
767785 , -1.23952e+06 , 1.34569e+06
1.94385e+06 , 95027.1 , -2.4651e+06
-125058 , 649277 , 128929
886223 , -290561 , 1.76286e+06
265175 , 1.26925e+06 , -214671
2.03116e+06 , 10990.5 , 887288
-867522 , 778818 , -1.23999e+06
-225633 , 1.16951e+06 , -543826
-626314 , 591209 , -1.36785e+06
-1.18092e+06 , -474397 , 161404
-1.06179e+06 , 314278 , -478449
-685740 , 1.93646e+06 , 439683
1.02119e+06 , -389524 , 90214
-836835 , -966195 , -289161
52616.1 , 2.25941e+06 , 1.14224e+06
6249.92 , -488985 , 1.48518e+06
588163 , 882143 , 872483
-1.11721e+06 , 267938 , 1.06911e+06
-550838 , 2.0967e+06 , 888075
458404 , -1.27173e+06 , 1.6739e+06
413013 , -632457 , 1.91519e+06
-694859 , 102187 , 2.74059e+06
-728634 , -64998.7 , 987392
-1.14507e+06 , 759409 , -351844
-2.06433e+06 , -731886 , 772045
-614005 , 752719 , 779518
301053 , 1.26798e+06 , 1.85689e+06
689640 , 1.16623e+06 , -229407
562856 , -335325 , -2.48707e+06
-949748 , 1.62531e+06 , -462538
-128745 , -1.97319e+06 , -593499
-282712 , 701030 , 1.30264e+06
1.02482e+06 , -487509 , -470128
265287 , -2.1586e+06 , 719100
1.56059e+06 , 680062 , 1.07727e+06
756355 , -39741.5 , -956286
-392615 , -849950 , -1.09855e+06
-667049 , 329344 , 637676
-483969 , 1.22263e+06 , 1.90415e+06
1.76837e+06 , 918427 , -971466
-857203 , -667091 , -879809
-569172 , -1.73701e+06 , 509850
-1.32569e+06 , 796544 , -1.34396e+06
822468 , 1.1147e+06 , 1.377e+06
589240 , 808006 , -1.11714e+06
-207378 , -409678 , -249040
352659 , -533424 , 2.42485e+06
-223935 , -569661 , -277250
-50927 , -148878 , -691393
835487 , 549699 , 904823
-1.72654e+06 , -134326 , -495146
-787019 , -1.93443e+06 , 1.26531e+06
1.40028e+06 , -1.20945e+06 , 1.18412e+06
-661640 , -885463 , 626173
-153835 , -293624 , -1.00096e+06
528255 , 1.39727e+06 , -1.42082e+06
-1.08775e+06 , 1.22511e+06 , 306367
-71419.8 , 607114 , 172756
1.08504e+06 , -1.82694e+06 , 762658
-1.29314e+06 , -1.90158e+06 , 287489
508104 , -1.06573e+06 , -701219
-6591.99 , -551231 , 540086
1.07413e+06 , -376412 , -1.27145e+06
-381060 , -1.35869e+06 , -925513
1.82409e+06 , -1.27776e+06 , -577145
-840704 , -314214 , -68909.6
-1.29259e+06 , -496088 , -572740
293020 , -596156 , 781633
240660 , 1.07604e+06 , -366370
-405310 , -1.05404e+06 , 505302
-2.15783e+06 , -317285 , 949062
-955916 , -1.57873e+06 , 1.68133e+06
1.95753e+06 , 1.50719e+06 , 266554
397354 , 799455 , -1.50307e+06
1.07906e+06 , -969547 , 2.24541e+06
210497 , -418296 , -1.45161e+06
1.70587e+06 , -508921 , -729866
544486 , -157367 , 653791
719564 , -409497 , 936527
1.10598e+06 , -1.84516e+06 , 868484
260376 , 53134.4 , 1.1467e+06
-1.12432e+06 , -84846.8 , 562624
-1.71015e+06 , -641567 , 1.30547e+06
-203777 , 2.0433e+06 , -300045
1.44717e+06 , -54234 , -623406
1.54524e+06 , 392252 , 125684
75873.4 , -391075 , 880421
-191443 , -2.00654e+06 , 491373
-1.01847e+06 , -843795 , -9115.45
414932 , -1.53115e+06 , -327180
-1.92802e+06 , -612804 , -1.20106e+06
1.09458e+06 , 261483 , 1.69416e+06
-39969.9 , -531809 , 1.44168e+06
1.37387e+06 , -24849.3 , -1.18235e+06
83014.7 , -1.03866e+06 , -802956
-371095 , 624291 , -1.8595e+06
-1.53348e+06 , 1.06068e+06 , 597903
-501590 , -1.35249e+06 , 1.13001e+06
754240 , -1.97279e+06 , -612970
833163 , -32666.8 , 772056
1.51613e+06 , 3591.79 , 2.32989e+06
-689352 , 64376.7 , 222001
389163 , -413480 , 1.14678e+06
1.15477e+06 , 1.15035e+06 , 129242
-846313 , -547866 , 33204.7
1.38188e+06 , 415395 , -80817.1
-1.0229e+06 , -800552 , 1.83506e+06
-1.16656e+06 , -1.1789e+06 , 1.38551e+06
403686 , 878017 , -1.10884e+06
-1.87342e+06 , 726917 , 919348
-720749 , -1.04556e+06 , -967841
-1.59383e+06 , -598813 , 1.55625e+06
-518814 , 886788 , 1.39539e+06
251303 , -1.13207e+06 , 1.93086e+06
-215365 , 1.06048e+06 , 1.49214e+06
475635 , -453886 , -2.12296e+06
1.41304e+06 , -197409 , 427139
1.15284e+06 , -1.62728e+06 , -195265
-1.08461e+06 , 552652 , -295077
254564 , -515791 , 778614
-293430 , -1.70478e+06 , -161730
-1.07836e+06 , 1.88628e+06 , -1.73263e+06
727884 , -201438 , 472066
-1.23351e+06 , 74998.6 , 545209
1.53145e+06 , 1.05242e+06 , -2.02953e+06
-749711 , -66651.5 , -936357
45002.2 , -1.63624e+06 , -1.23739e+06
193360 , 1.64016e+06 , 63469.4
2.50118e+06 , 1.59441e+06 , -15068.2
-1.43996e+06 , 606014 , -1.24323e+06
-1.44528e+06 , 723872 , -237984
433392 , -1.32755e+06 , 575155
142704 , -1.11135e+06 , -20275.5
2.81167e+06 , -389214 , 738594
-378549 , -1.82571e+06 , -1.52729e+06
-1.89759e+06 , 727758 , -1.16352e+06
638503 , 898319 , 1.61837e+06
337209 , 170753 , 2.68943e+06
-81633.5 , -1.50388e+06 , 424526
403325 , 1.42032e+06 , -786701
261030 , 1.08151e+06 , -621006
-833020 , -2.58583e+06 , -655906
1.97938e+06 , 239941 , -654310
962764 , -764502 , -671756
-418427 , 325539 , -414123
-1.9364e+06 , -1.10535e+06 , -398831
-1.10285e+06 , -1.91362e+06 , 279610
122313 , -744701 , 745024
-729594 , 945536 , 934108
402876 , -2.60049e+06 , 670237
1.0092e+06 , -2.0566e+06 , 1.9564e+06
1.5004e+06 , 992780 , 1.68355e+06
-371770 , 2.88899e+06 , 2.85819e+06
-42235.5 , 27886.3 , -1.02803e+06
-1.12601e+06 , -713435 , 633641
994364 , 302547 , 1.29286e+06
-386543 , 2.1201e+06 , -672521
-1.28001e+06 , -2.51583e+06 , 1.43388e+06
416105 , -176928 , -2.40095e+06
158785 , 865672 , -1.3408e+06
723499 , 419427 , -1.44277e+06
-2.0723e+06 , -1.48597e+06 , -34573.4
-134113 , -306024 , -1.39607e+06
-1.13789e+06 , 946887 , 1.79526e+06
292785 , 1.14479e+06 , -263500
-1.9176e+06 , 1.05128e+06 , 133371
812403 , -1.70602e+06 , -1.19429e+06
978640 , 702493 , -911484
-258147 , -2.34754e+06 , -835978
-1.1191e+06 , 1.63281e+06 , 384149
139980 , 1.21089e+06 , 1.19122e+06
840671 , 1.31525e+06 , -844952
-532077 , -225586 , -949213
-2.03272e+06 , 797299 , -1.45795e+06
-855509 , -353883 , 1.61969e+06
1.28583e+06 , -730748 , -1.21224e+06
-695669 , -432944 , 1.25489e+06
1.00138e+06 , -1.27658e+06 , -495613
979963 , -746902 , 1.95332e+06
1.60462e+06 , 455198 , 30189.2
585295 , 901635 , 424632
1.06959e+06 , 483541 , -806608
-1.05399e+06 , 625491 , 449748
-404213 , -504217 , -1.66282e+06
722654 , -1.12597e+06 , -1.24623e+06
-692396 , 709694 , -937110
751649 , -1.21922e+06 , 1.15945e+06
893331 , 974606 , -589070
-999747 , -806614 , -601074
-313313 , 827913 , 599533
1.22285e+06 , -799283 , 368320
645134 , -328934 , -776631
616395 , 454035 , -1.94548e+06
-1.49631e+06 , 1210.93 , -504108
-376629 , 1.63112e+06 , -1.06763e+06
663921 , 2.38142e+06 , -665528
-672673 , 1.60579e+06 , 212773
546650 , 296867 , -605493
-801892 , -282202 , 1.23418e+06
2953.45 , 1.40852e+06 , -1.06299e+06
867239 , -372750 , -289542
-2.04333e+06 , -628656 , -322152
157211 , 1.08821e+06 , 451792
-1.30033e+06 , 430488 , -1.8476e+06
264984 , 464105 , 674331
-1.04582e+06 , -195533 , -920087
499959 , 115682 , 645048
-1.02863e+06 , 590759 , 921400
584939 , -411416 , -883655
-498726 , 2.55881e+06 , 1.00671e+06
931086 , -948262 , 1.05559e+06
355466 , -2.08863e+06 , 833909
-671049 , 389549 , -711926
87856.4 , 1.71189e+06 , -424168
-2.19466e+06 , -71430.5 , 546898
1.35569e+06 , 515249 , 131425
1.7678e+06 , 1.85289e+06 , -338768
-334079 , -380516 , 1.13709e+06
1.04341e+06 , 1.04447e+06 , 227884
971516 , 437203 , 1.39342e+06
-1.64416e+06 , -1.08651e+06 , -107028
-635392 , -1.47931e+06 , -208597
-918050 , -624431 , 811001
-616819 , -391053 , -639977
1.09253e+06 , -237531 , 136737
-2.1458e+06 , 420776 , 2.22389e+06
117470 , -365061 , 1.4904e+06
-1.68552e+06 , 110280 , 302835
976435 , 1.47331e+06 , 135042
-1.56711e+06 , 1.81604e+06 , 357059
1.24476e+06 , -224211 , 392238
613809 , 547063 , -95944.2
87715.7 , 1.54975e+06 , 2.09248e+06
742459 , -2.33779e+06 , 41611.6
1.06516e+06 , 580998 , -804379
77951.3 , 950019 , -461276
973965 , 1.1175e+06 , -430494
1.65749e+06 , 367129 , 1.1728e+06
1.98968e+06 , -723304 , -696056
1.47743e+06 , -1.07101e+06 , -849619
896153 , -1.41075e+06 , 1.5558e+06
1.78794e+06 , 924953 , -51963.9
457402 , -813158 , 875382
131044 , 2.03183e+06 , -437424
747072 , 368101 , -675347
-1.19879e+06 , 1.49779e+06 , 304.753
1.0914e+06 , -419510 , -1.02369e+06
-1.19669e+06 , 1.36379e+06 , 1.03937e+06
1.10392e+06 , -892688 , 1.27943e+06
-979415 , -1.93222e+06 , -251007
-625523 , -225998 , 935964
125649 , 1.48272e+06 , 601610
1.36771e+06 , 580675 , 1.34829e+06
816863 , 803474 , -1.43214e+06
933045 , -578748 , 450277
183236 , 1.56554e+06 , 150958
1.07084e+06 , -481301 , -204297
-559690 , 907422 , -547645
-942395 , 338303 , 409261
-978083 , -432623 , -972735
2.04181e+06 , 455124 , 1.95098e+06
246351 , 42585.2 , -1.30024e+06
-1.01065e+06 , 1.9207e+06 , -833567
1.24392e+06 , 1.67735e+06 , -30051.2
2.52458e+06 , 244633 , -69278.7
434384 , -1.35646e+06 , -652221
2.12213e+06 , 450403 , 1.02159e+06
240714 , 267736 , 717947
-1.12697e+06 , 1.77804e+06 , 2.10466e+06
1.95332e+06 , -702146 , 1.59244e+06
-1.11705e+06 , 415961 , 1.47116e+06
285031 , -124427 , -157054
-761550 , -1.47528e+06 , 1.60298e+06
-728726 , -1.38474e+06 , 811796
-974859 , -62855.5 , 1.05201e+06
810939 , 398369 , -1.32518e+06
-808346 , -628956 , 1.81711e+06
1.93183e+06 , 1.28843e+06 , -125610
-2.63375e+06 , -547506 , -1.05922e+06
-980713 , 86981.8 , 1.26445e+06
896891 , 271912 , -1.6095e+06
-389587 , 196359 , 2.3618e+06
788728 , -1.09658e+06 , 598487
-1.58854e+06 , 672538 , -807617
-1.64641e+06 , 445507 , -532316
-294503 , 847280 , 855155
-1.78997e+06 , 2.28104e+06 , 903076
-495013 , -1.40918e+06 , -702036
-971722 , 790739 , 557308
981773 , 952111 , 409703
-704578 , -1.95649e+06 , -664049
1.17621e+06 , 453047 , -1.61417e+06
295877 , -771628 , 824502
-865270 , 650603 , -205504
881312 , -693086 , -795949
600765 , 927362 , 1.00211e+06
-1.41981e+06 , 942909 , 962985
1.31184e+06 , 1.68e+06 , 169348
1.26323e+06 , -2.23283e+06 , 1.52436e+06
1.30718e+06 , 96684.1 , -245861
-489510 , -1.37674e+06 , -2.99346e+06
-1.00695e+06 , 534667 , 46128.1
1.6695e+06 , -482617 , 284475
165649 , 223006 , 547639
-977294 , 491975 , -1.37189e+06
-890207 , -701409 , -937177
-954114 , 1.8693e+06 , 381688
1.21783e+06 , -585561 , 1.2095e+06
926490 , 1.26377e+06 , 1.50835e+06
925949 , 328229 , 1.27685e+06
-501749 , 129444 , -1.12144e+06
711357 , -1.33729e+06 , 1.05173e+06
942973 , 996961 , -156873
1.44426e+06 , 367003 , 490539
-385451 , -1.00531e+06 , -177152
-974512 , -1.72312e+06 , 536624
1.06446e+06 , 1.18141e+06 , -622296
259457 , -157559 , -1.09846e+06
604179 , 923459 , -257804
-1.14929e+06 , 647533 , 949224
-1.66587e+06 , -552007 , 286729
-878082 , 1.65168e+06 , 2.46658e+06
-1.95673e+06 , -948852 , 898344
41329.2 , -995109 , 1.59671e+06
-70179.5 , 791303 , 762255
1.34648e+06 , -853394 , 36488
-818941 , -1.10625e+06 , -142583
-266331 , -1.83662e+06 , -1.40045e+06
1.02385e+06 , -1.35175e+06 , 1.43908e+06
683184 , -1.16022e+06 , 1.54195e+06
-12940.8 , 1.01802e+06 , 258759
2.40891e+06 , 195281 , 33948.7
1.40396e+06 , -1.26009e+06 , -1.21034e+06
1.39126e+06 , -117331 , -1.14099e+06
707197 , 1.97752e+06 , 1.5906e+06
699075 , 406523 , 666315
-623010 , -304456 , 709213
117695 , 617397 , 1.27756e+06
713795 , 465947 , 27018.7
-1.16934e+06 , 1.14146e+06 , 1.66812e+06
334488 , -850799 , -987535
-1.99207e+06 , 258373 , 1.41771e+06
157131 , -349536 , -1.70543e+06
-1.95888e+06 , 623473 , -11244.6
52707.9 , -1.77992e+06 , 1.9206e+06
1.63529e+06 , -933001 , 504355
-1.21798e+06 , 603803 , 412465
133864 , 1.47479e+06 , -135529
-440623 , 1.35065e+06 , 1.65004e+06
343345 , 2.49381e+06 , -1.49668e+06
-1.21944e+06 , -997242 , 1.71097e+06
-1.15634e+06 , 74160.3 , -1.30637e+06
-201791 , -267113 , -1.75503e+06
106511 , 2.52022e+06 , -674300
507323 , -1.20786e+06 , -1.31618e+06
-614473 , 1.82562e+06 , -1.03676e+06
341837 , -2.36648e+06 , 1.2534e+06
1.10321e+06 , 499621 , 533867
175885 , 1.06629e+06 , 1.58325e+06
-1.36622e+06 , 469222 , -1.27818e+06
302308 , -1.50874e+06 , -538421
224337 , -235871 , -1.12853e+06
1.71595e+06 , -777728 , -1.59626e+06
1.55502e+06 , -997413 , -399681
1.58646e+06 , 2.05399e+06 , 1.55927e+06
-1.65998e+06 , 469253 , -206786
1.30169e+06 , 1.00222e+06 , -370083
1010.35 , 1.32959e+06 , 21197.8
-1.14989e+06 , 529833 , 769494
-259901 , 1.37076e+06 , 539399
488127 , -810468 , 109736
-497612 , 661658 , -795544
-982839 , 409352 , -956585
-89225.3 , -663433 , -1.74582e+06
-165337 , 918350 , 525954
1.12034e+06 , -247997 , 210281
-1.50854e+06 , -512193 , 311658
281786 , 2.62801e+06 , -679467
-288116 , 1.33946e+06 , -404007
-839011 , 1.06787e+06 , 1.30758e+06
-639328 , 713802 , 791033
1.18196e+06 , -861935 , 1.25774e+06
579858 , -548118 , 486580
-805482 , -869795 , -221020
-874004 , -1.00849e+06 , 918104
952993 , -239086 , 1.77314e+06
32520.6 , -593691 , 1.49829e+06
-94274.1 , 1.26003e+06 , -1.2771e+06
-907647 , 625820 , 751909
-429466 , -1.02068e+06 , 166463
171550 , -627375 , 1.12956e+06
-1.52221e+06 , 284689 , -1.31265e+06
-261155 , -914592 , -348774
585861 , 902268 , 1.68837e+06
-302169 , 139571 , 249112
851500 , -481363 , -18267
-407542 , 1.52804e+06 , 611265
-1.11812e+06 , -1.12357e+06 , -1.17604e+06
-616982 , 922630 , -873317
-591259 , 2.16987e+06 , -666273
987722 , -1.34358e+06 , 339955
1.70097e+06 , 496860 , -2.49845e+06
837432 , -857584 , 948018
1.42588e+06 , -41205.4 , 720464
-447677 , -919819 , -1.24801e+06
-560827 , 193251 , 3.93221e+06
-1.3712e+06 , -648570 , 133938
-687586 , -417342 , -428111
2.42513e+06 , -947521 , 669252
958932 , 986904 , 1.43157e+06
-341692 , 332653 , 166227
232207 , -240179 , -1.4447e+06
299417 , -1.32288e+06 , -876894
-116269 , -2.22326e+06 , -426855
38950 , 409803 , 1.69275e+06
1.40252e+06 , -824863 , 2.62327e+06
-442590 , 75048.9 , -228050
1.20975e+06 , -1.06738e+06 , 98117.8
650714 , -1.58081e+06 , 1.12967e+06
222531 , -1.16799e+06 , 327606
-1.47823e+06 , 538340 , -1.70591e+06
-885386 , 571972 , -346197
-1.00726e+06 , 9164.5 , 565769
121811 , 1.37163e+06 , 836496
938882 , -2.16105e+06 , 817635
-15120 , -777481 , 850489
-205314 , 1.1209e+06 , -300131
-2.05632e+06 , -53968.8 , -86473.8
-433733 , 48507.8 , 509616
1.08559e+06 , 113086 , -1.76084e+06
861551 , 949982 , 2.57333e+06
-1.68308e+06 , 358466 , 299608
-142295 , -344010 , -182846
-744460 , 1.3979e+06 , -388412
1.60462e+06 , 240991 , 1.31508e+06
-49522.1 , -707041 , 1.82864e+06
1.03952e+06 , 76512.7 , 1.47634e+06
247403 , 691008 , 1.01702e+06
-1.51741e+06 , -334332 , 1.14811e+06
332489 , -154271 , 79705.3
-410794 , 366949 , 724588
-401455 , -1.83644e+06 , -909412
-1.12098e+06 , -176353 , 245490
886445 , -90279.6 , 392879
705727 , 899654 , 494977
-95110.2 , 481180 , -509644
184792 , -1.21496e+06 , -303730
-1.25593e+06 , 509316 , 1.99088e+06
-483552 , -1.14665e+06 , 684477
-1.19097e+06 , 470084 , 1.36413e+06
-835921 , 2.53288e+06 , -740707
-642724 , -649753 , -170032
1.6391e+06 , 74321.5 , 370266
534504 , -685740 , -1.21384e+06
411144 , 402037 , 116632
2982.26 , 1.86185e+06 , 304289
186967 , -261880 , -309467
1.606e+06 , -1.25886e+06 , 1.42597e+06
-1.20317e+06 , -538131 , -771827
-16981.5 , -1.51615e+06 , 414316
-593452 , -1.14588e+06 , -781806
-1.07593e+06 , 776392 , -1.20998e+06
978655 , -1.6234e+06 , 764530
-53864.4 , 282762 , -1.57365e+06
1.41352e+06 , 994095 , 60961.9
1.04342e+06 , 814305 , -540255
-1.24899e+06 , -1.50446e+06 , 419325
749765 , -699592 , 1.49024e+06
-615331 , -2.00559e+06 , -1.17943e+06
-641519 , 571547 , 1.4271e+06
1.36103e+06 , 98579.7 , -1.89482e+06
174296 , -2.1782e+06 , 118600
-724544 , -292145 , -1.20432e+06
-12999.8 , -2.09645e+06 , 1.08402e+06
-41122.8 , -736300 , 962273
670252 , -537756 , -992724
-414313 , -1.55574e+06 , 479263
62009.9 , 953305 , -2.09662e+06
-553279 , 1.17955e+06 , -952386
1.61971e+06 , -2.01276e+06 , 563894
-1.28851e+06 , 86161.7 , -1.34397e+06
-149118 , -1.19824e+06 , 819281
563943 , 1.7356e+06 , -123445
-1.03538e+06 , 262839 , 1.41612e+06
-1.24207e+06 , -824426 , 165296
-988069 , 920241 , -1.69743e+06
-798286 , 510632 , 706807
870377 , -1.357e+06 , 65201.3
1.10827e+06 , 32064.4 , 358781
-1.27369e+06 , 1.23923e+06 , -271787
891745 , 665500 , 545306
324728 , -879934 , 562385
-1.60595e+06 , 687131 , -370117
1.18625e+06 , -276303 , 2.23996e+06
1.08479e+06 , 777079 , -1.14119e+06
-931758 , 1.41113e+06 , -72279.4
-158909 , 981624 , -1.03608e+06
1.45383e+06 , -799977 , 1.3396e+06
1.40079e+06 , -102325 , 492927
-1.06589e+06 , 1.86623e+06 , -672844
672309 , -432480 , -868584
197852 , 819039 , 1.00388e+06
1.51752e+06 , -521797 , -1.74751e+06
-510777 , -362593 , 31192.4
-873058 , -126821 , 3.25844e+06
-380934 , 112640 , -1.27604e+06
-1.46232e+06 , 1.26292e+06 , -9110.61
681698 , 1.14487e+06 , 1.01603e+06
383739 , -567141 , 1.18837e+06
-402446 , 164333 , 1.41192e+06
606398 , 684291 , 803180
-523714 , -67734.8 , 1.37092e+06
1.54586e+06 , 609666 , -714325
-1.67142e+06 , -849771 , 1.50851e+06
-360852 , -820160 , 1.36942e+06
2.50924e+06 , 711607 , -348988
-332439 , -2.29097e+06 , -197851
1.31262e+06 , -79606.8 , 2.27942e+06
-1.52986e+06 , 677311 , -1.04251e+06
-627559 , 409643 , 1.16744e+06
51922.2 , -116446 , -1.34577e+06
-1.17398e+06 , -674798 , 1.39822e+06
976049 , 523124 , 1.19344e+06
-1.24127e+06 , -1.09488e+06 , -1.05585e+06
-1.46149e+06 , -1.67169e+06 , 1.26399e+06
215398 , 1.03967e+06 , 1.58305e+06
1.14125e+06 , 908815 , 1.32934e+06
-121625 , -530609 , 322692
1.2616e+06 , 2.24192e+06 , 758036
25831.7 , 1.61834e+06 , -1.56137e+06
626943 , 482757 , -1.24607e+06
-729815 , 1.65209e+06 , 419121
99854.1 , -142062 , 527031
-1.25645e+06 , -1.84177e+06 , 605426
-1.21538e+06 , 37650.7 , -2.48261e+06
-354756 , 973430 , 1.46926e+06
-2.07857e+06 , -1.84037e+06 , -1.11928e+06
85615.5 , -123217 , 1.02458e+06
248899 , 334305 , 735188
-2.08939e+06 , 1.18645e+06 , -255443
47049.7 , 406444 , 988885
-537299 , -1.28617e+06 , 1.35078e+06
-681222 , -661286 , -296225
893009 , 419503 , 34577.5
-814111 , 167254 , -1.24929e+06
-1.87144e+06 , 537866 , 867317
-963673 , -1.12127e+06 , 884046
-881634 , 17749.4 , -291128
-1.55304e+06 , 217763 , 1.50681e+06
1.11419e+06 , -401479 , -493777
-497967 , -153418 , 1.40505e+06
181493 , -489820 , 1.2723e+06
250270 , -771730 , 146298
481686 , 424500 , -651232
-1.82804e+06 , -209543 , -114212
1.45115e+06 , 1.5134e+06 , -1.65915e+06
-1.66704e+06 , -451495 , -267792
-12228.8 , 2.02738e+06 , 533910
171844 , -834670 , -488742
619779 , 333900 , 2.12594e+06
-756016 , 933850 , 162899
257786 , 179779 , 1.2829e+06
803496 , 1.70644e+06 , 1.00946e+06
640690 , -1.65472e+06 , 437476
-1.51824e+06 , 824230 , -390886
-1.34501e+06 , 1.02969e+06 , 100322
-999645 , -1.02262e+06 , 1.44901e+06
740845 , -1.01416e+06 , -720366
428269 , 997403 , -985444
1.01737e+06 , 605155 , 1.07382e+06
2.58522e+06 , 1.17139e+06 , -480081
-1.41372e+06 , 763497 , 425238
-26211.7 , -68046.5 , 555902
13874.3 , 1.30695e+06 , 45770.2
1.06402e+06 , 1.15011e+06 , -1.04438e+06
213569 , 7830.4 , 949652
-1.1365e+06 , 837240 , 94820.4
906731 , -1.51311e+06 , 1.70825e+06
718460 , -427953 , -648508
-180339 , -1.2798e+06 , -753605
223225 , -739631 , 1.28371e+06
1.22432e+06 , 1487.39 , -774136
-913334 , -823139 , -690213
-451665 , 32266 , -355585
-116566 , 1.16343e+06 , 2.01493e+06
964490 , -1.88813e+06 , -94406.4
969013 , -80634.5 , 2.05535e+06
-344702 , -762892 , -761160
-954840 , -1.82831e+06 , 1.46539e+06
1.53381e+06 , -366607 , -1.53768e+06
-1.12824e+06 , -502585 , -6450.11
734147 , -455167 , -867516
-636334 , -5793.88 , 590765
1.36797e+06 , 95576.8 , -1.18959e+06
-1.45207e+06 , 780352 , 223399
361494 , 1.82581e+06 , 592474
-2.13853e+06 , -399982 , 312290
-1.04161e+06 , 1.64107e+06 , 861827
729973 , 1.39972e+06 , 1.52247e+06
-859773 , -594810 , -1.15767e+06
-121906 , 1.05393e+06 , 651314
-288419 , -588363 , -804889
764683 , -940307 , 4.64708e+06
-1.13191e+06 , 31019.5 , 237522
-397702 , 848941 , 415416
414856 , 1.07112e+06 , -2.32529e+06
-569874 , -144795 , 1.00777e+06
-270133 , -921996 , 1.89044e+06
-1.33093e+06 , 521176 , -1.49928e+06
-879721 , 1.79016e+06 , -927868
1.16848e+06 , -1.1994e+06 , -1.19538e+06
450494 , -1.06184e+06 , -1.87673e+06
-189954 , 970639 , 935398
-58771.8 , 626952 , -1.41918e+06
-1.2543e+06 , -142811 , 495244
1.1324e+06 , -38799.1 , -887033
1.5284e+06 , 1.81046e+06 , 1.04257e+06
-174667 , 1.90428e+06 , -534296
-1.71243e+06 , -105001 , -339116
-1.52043e+06 , 1.55222e+06 , -40249
446676 , -1.78011e+06 , 1.82452e+06
1.07078e+06 , -1.10991e+06 , -812993
-695300 , -960224 , 242932
1.49965e+06 , -599851 , 1.85858e+06
532909 , 729431 , 1.1686e+06
-757118 , 93920.6 , 2.67626e+06
259798 , 1.26431e+06 , 400173
-478383 , -60942.6 , -638737
1.4619e+06 , 1.22972e+06 , 90215.8
-1.57744e+06 , 966832 , -663099
425634 , -367930 , -191536
422288 , 1.39832e+06 , 412379
-262765 , -1.11922e+06 , -722678
1.00238e+06 , -788610 , 160647
41148.5 , 938088 , -132846
788196 , -68536.4 , -853660
-1.70546e+06 , -1.62703e+06 , 429123
920028 , -563425 , -479503
-897917 , -2.75965e+06 , 26767.3
-646609 , -1.56822e+06 , 1.00132e+06
102803 , -1.39874e+06 , -1.46373e+06
-662061 , -1.674e+06 , 1.93292e+06
-1.26073e+06 , 706870 , -885587
-341532 , -1.48164e+06 , 611980
-330815 , 514358 , 2.0581e+06
-1.69764e+06 , -537933 , -925909
-477535 , -868493 , 843049
1.46657e+06 , 413694 , -2.0837e+06
-408306 , 1.92961e+06 , -76940.7
-387443 , -1.22834e+06 , 563690
980623 , -771134 , 775839
1.25642e+06 , -939572 , -1.27805e+06
-2.0348e+06 , 1.47582e+06 , -612397
965101 , 1.65575e+06 , 1.7713e+06
-1.96096e+06 , -92554.8 , 154822
-196496 , -885802 , -664095
118525 , -1.16762e+06 , 601990
1.31795e+06 , -349739 , 1.82741e+06
605668 , 334340 , 1.26131e+06
-290132 , 1.04304e+06 , -557765
252938 , 299500 , -1.36903e+06
1.22605e+06 , 64841.3 , 567435
386155 , 1.20142e+06 , -94639.1
-1.0561e+06 , 298670 , 78995
-780377 , -1.76257e+06 , 322010
-374499 , 374419 , -1.2997e+06
-85238.7 , -272730 , -1.61609e+06
54623.9 , 2.17912e+06 , -1.92693e+06
-6713.65 , 737886 , -1.61566e+06
571820 , 478906 , 517291
-610646 , 294811 , -1.04942e+06
-1.43079e+06 , -325725 , 1.40243e+06
-673402 , -474692 , -26850
1.12949e+06 , -90338.9 , 1.60759e+06
1.59374e+06 , -208905 , -921889
901607 , -943119 , 187123
-3934.8 , 96167 , 124986
-148933 , 1.56092e+06 , 738433
704923 , 1.01931e+06 , -1.14471e+06
69417.2 , 2.09803e+06 , -1.27396e+06
-1.54783e+06 , 1.75648e+06 , 28146.8
-519330 , -1.11614e+06 , 1.11287e+06
-539637 , 57858.3 , -677838
72178.1 , -656624 , 855802
560336 , 976694 , -882234
-318973 , -724460 , 1.84611e+06
-772447 , 1.57719e+06 , -451772
-1.55567e+06 , -1.27039e+06 , -212882
-179538 , 553039 , 1.79715e+06
-97521.7 , 1.04382e+06 , 629796
1.12006e+06 , -1.44983e+06 , -289434
-595621 , 1.08576e+06 , 1.44124e+06
354428 , 15466.7 , 638160
1.00711e+06 , -754683 , -386985
-1.39463e+06 , 588595 , -936109
-462940 , 689256 , -185499
1.23103e+06 , 1.23879e+06 , 2.15158e+06
-423146 , 10861.2 , 869129
161782 , 263962 , 1.18844e+06
-576146 , -448417 , -1.33987e+06
422283 , -1.00228e+06 , 926427
413709 , -9266.59 , 164017
-191422 , -641314 , 1.69189e+06
-361318 , -2.2561e+06 , 51610.1
211688 , 38973.2 , 1.55865e+06
580455 , 267219 , -169445
733978 , 394521 , 1.57065e+06
697018 , -1.60732e+06 , 693092
203675 , -1.47586e+06 , -1.09377e+06
-1.44594e+06 , 777354 , 2.29813e+06
-1.89094e+06 , -399220 , 690824
-2.22048e+06 , -1.09579e+06 , -1.19183e+06
-399633 , 290438 , 2.30476e+06
1.41618e+06 , 390858 , -1.73266e+06
336137 , -1.33915e+06 , 1.77322e+06
313280 , -1.50227e+06 , -91478.1
-527989 , -180665 , 582218
-1.14904e+06 , -748442 , 1.49011e+06
-684197 , -1.47126e+06 , 22299.4
304529 , 1.76556e+06 , 1.30095e+06
-1.092e+06 , 1.37689e+06 , 1.24544e+06
1.09796e+06 , -1.39606e+06 , 474835
-1.08265e+06 , 875005 , -644489
-1.22681e+06 , 854044 , 266282
1.91159e+06 , 883811 , 1.14955e+06
-585024 , 19799.8 , -181405
-1.73595e+06 , -753407 , 414327
1.1608e+06 , -1.12777e+06 , -175378
-261284 , 836283 , 2.15323e+06
1.81717e+06 , -312957 , 1.41372e+06
666331 , -1.15276e+06 , -196313
-35102.2 , -2.86572e+06 , -237736
319024 , -1.22424e+06 , 196059
168886 , -2.11028e+06 , 1.27371e+06
1.21372e+06 , -929723 , -642070
621955 , -1.03651e+06 , -634309
69863.2 , 365732 , 1.17834e+06
-861239 , 132769 , 1.17237e+06
-655667 , -265282 , 1.98407e+06
2.06345e+06 , 149092 , -40370.2
30471.7 , 514460 , -86828.1
751135 , 1.29092e+06 , -381383
-226093 , 1.64003e+06 , -648147
-11060.3 , -1.26766e+06 , -172493
506340 , 1.97033e+06 , 272449
811519 , -347941 , -1.94694e+06
486971 , -158075 , 814097
544965 , -222772 , -1.26882e+06
-2.13394e+06 , 1.22928e+06 , 625964
1.80635e+06 , -214800 , -360022
71298.9 , 514634 , 1.20617e+06
-784830 , 79931.2 , -1.08836e+06
-1.01156e+06 , 508197 , 1.54025e+06
-25720.4 , -560061 , 1.07803e+06
1.55008e+06 , 616421 , 1.20078e+06
-472262 , 554461 , -1.24108e+06
-1.4314e+06 , 820207 , 351734
-826289 , 1.52919e+06 , 278021
900481 , -1.16602e+06 , -762068
349434 , 1.16804e+06 , -1.27087e+06
-419141 , -34059.5 , 259417
1.07878e+06 , -1.77115e+06 , -629619
353852 , -1.16003e+06 , -261136
-768174 , -561857 , 681117
16096.7 , -122766 , -501206
1.10794e+06 , -1.51433e+06 , -478433
-806403 , -800135 , -2.22914e+06
1.04051e+06 , -149743 , -65551.3
-151233 , -2.18162e+06 , -396405
11877.4 , -869581 , -311381
1.36415e+06 , 1.08317e+06 , -219979
123481 , 550848 , 553480
-1.06546e+06 , 1.55426e+06 , 789230
1.24253e+06 , -983956 , 1.41594e+06
1.15554e+06 , 31850.3 , 319006
-2.24605e+06 , -452143 , -505430
-1.33136e+06 , 19168.7 , -1.08343e+06
-1.26089e+06 , 512534 , 566939
585990 , 1.04764e+06 , 573921
547844 , 1.42845e+06 , -445512
564340 , -2.20632e+06 , -424334
490707 , 565780 , -1.33357e+06
-39837.1 , -2.5333e+06 , 1.20377e+06
-1.03437e+06 , -428865 , 183148
23134.5 , -677352 , -990146
172708 , 125542 , 156657
-644767 , 1.64767e+06 , -771137
-213996 , 1.54334e+06 , 680184
-574208 , 85931.2 , 773190
1.28484e+06 , 110657 , -408051
-1.22393e+06 , 80625 , 55830.6
-947210 , -925413 , 1.31299e+06
-878858 , 10350.5 , 1.06296e+06
-1.97907e+06 , 1.15766e+06 , -613094
-323972 , -1.46539e+06 , -578822
693480 , 1.33419e+06 , 2.40354e+06
74484.9 , -527590 , 2.07932e+06
1.67389e+06 , -380880 , 81358.8
765380 , 1.29905e+06 , 2.0639e+06
765254 , -574928 , -1.21257e+06
592997 , -96264.9 , -1.56331e+06
1.53648e+06 , -46803.6 , -1.36653e+06
848467 , -717046 , -1.07685e+06
1.41542e+06 , 795389 , -714447
1.13123e+06 , -244128 , 1.10267e+06
918690 , -827112 , 120187
834474 , -573885 , -1.33434e+06
-503832 , -420440 , -2.30629e+06
-173102 , 2.24464e+06 , 731089
1.17185e+06 , -977552 , -466962
936917 , -606859 , -1.53592e+06
-145021 , 906373 , 636522
290136 , 670243 , -107484
-180453 , 1.7605e+06 , 1.40875e+06
396358 , -455436 , -1.22739e+06
887809 , -875147 , -1.22661e+06
-331513 , -1.18293e+06 , 82741.8
-317283 , 1.81477e+06 , 386136
605399 , -1.68004e+06 , 982805
-425026 , 544471 , -2.19948e+06
19573.6 , 945549 , -1.87771e+06
-16761.4 , -1.56455e+06 , -34605.3
-845055 , -425856 , 459754
-1.02506e+06 , -1.6074e+06 , 1.03331e+06
-873117 , -260621 , 2.03259e+06
187855 , -1.06529e+06 , 1.63177e+06
-1.42239e+06 , 554256 , 485472
1.1994e+06 , 121242 , 1.92125e+06
215051 , -1.4222e+06 , 222721
1.31579e+06 , -867865 , -416560
825728 , -826897 , 878415
1.25515e+06 , 642209 , -248019
-181095 , 1.41989e+06 , 1.54807e+06
-419694 , -1.71656e+06 , 584669
520792 , -1.96792e+06 , 353867
1.60721e+06 , 1.17312e+06 , -960315
1.65385e+06 , 971320 , -255707
-918047 , 1.37279e+06 , 920389
1.06174e+06 , -1.35483e+06 , -929340
514487 , 2.44395e+06 , -1.5488e+06
1.38474e+06 , 180099 , 851614
1.82042e+06 , 547510 , 294863
126816 , -883921 , 1.314e+06
339060 , -889888 , 276941
1.05772e+06 , -854722 , -195045
-1.45289e+06 , 671693 , -1.14358e+06
1.71237e+06 , 699950 , 812688
1.79452e+06 , -567002 , 356184
-211187 , 1.53853e+06 , -1.30459e+06
-1.43858e+06 , 1.40658e+06 , 207912
-28228.7 , 1.79409e+06 , 700337
1.0462e+06 , 1.99435e+06 , -1.34029e+06
565422 , -505589 , 1.6839e+06
-356555 , -63726.4 , 306822
1.08121e+06 , 462807 , 226761
793802 , 223109 , 1.78418e+06
-946152 , 759392 , -214492
1.06405e+06 , -404693 , -850879
1.6998e+06 , -1.34239e+06 , -920780
44798.9 , -1.14584e+06 , 1.15235e+06
-452706 , -891303 , -721575
1.46295e+06 , 1.57907e+06 , 1.20343e+06
912973 , 1.26318e+06 , 942514
-20050.1 , 640634 , -408684
1.92588e+06 , 538874 , 1.57525e+06
-1.63534e+06 , 93464.4 , -489929
-1.28452e+06 , -39161 , 1.39059e+06
47639.4 , 325050 , 1.10572e+06
1.24673e+06 , 1.67105e+06 , 966529
-664294 , 1.28964e+06 , 986088
-425915 , 666236 , 172559
107373 , -2.22188e+06 , 994057
-703670 , -33204.3 , 1.85713e+06
887266 , 1.15233e+06 , 1.06077e+06
1.51883e+06 , -491886 , 355001
2.37787e+06 , 428739 , 338927
-1.25687e+06 , 22065.2 , -1.53039e+06
-1.88772e+06 , -1.96964e+06 , -709578
-1.23891e+06 , -1.78504e+06 , -815712
-564838 , -1.26064e+06 , 289227
-1.51812e+06 , -801825 , -289136
-1.23588e+06 , 715416 , -805132
1.6258e+06 , 123680 , 166633
1.733e+06 , -66563.9 , 2.21925e+06
1.21501e+06 , 745942 , -140786
-182972 , -568993 , 291758
-183903 , 760945 , -2.31842e+06
302942 , 601834 , -2.49988e+06
235588 , 1.24237e+06 , -718880
1.40167e+06 , 1.17447e+06 , 1.59383e+06
793964 , -1.374e+06 , 702867
-748825 , -550495 , 727227
75815.1 , -137754 , -681260
545644 , -1.39718e+06 , 779208
-1.19737e+06 , 434164 , -49086.4
1.11039e+06 , -594428 , -1.71162e+06
1.19465e+06 , -310054 , -260340
-855760 , 612936 , 161539
-450589 , -992300 , 404105
-1.03905e+06 , 2.26179e+06 , 1.44537e+06
187467 , 660363 , 1.13958e+06
1.85412e+06 , 679406 , -881355
1.22014e+06 , -1.70623e+06 , -738759
-903950 , -334147 , 516885
-857700 , -1.92785e+06 , 691662
422981 , 6743.56 , 1.55763e+06
-799734 , 230740 , -1.1235e+06
-1.02903e+06 , -1.6011e+06 , 582970
952839 , 308632 , 1.18837e+06
-218041 , 982593 , -1.20171e+06
-288829 , 971334 , 1.67525e+06
-66544.2 , -747920 , -99798.1
-1.45551e+06 , -1.80025e+06 , 558947
-27058.8 , 597118 , -308300
1.24746e+06 , -1.74836e+06 , 1.18007e+06
1.89536e+06 , -666904 , 583709
1.65543e+06 , 116003 , 792618
1.23433e+06 , 2.02228e+06 , -361294
207655 , 346710 , -351362
-1.20909e+06 , 84394.7 , -90538.7
-1.78663e+06 , -224036 , -1.01679e+06
-1.22125e+06 , -497142 , 2.29872e+06
-144170 , 1.10113e+06 , 1.92022e+06
872757 , 1.27925e+06 , -503768
713916 , 1.07731e+06 , -1.75364e+06
-1.72717e+06 , -64170.1 , -1.14515e+06
1.64468e+06 , 1.21381e+06 , 71989.1
-632872 , -1.60588e+06 , -1.41696e+06
-389174 , 328285 , 1.66979e+06
369240 , -895621 , 1.53969e+06
-155151 , -254428 , 99344
-16812.6 , -368269 , -721952
-1.21073e+06 , 1.26849e+06 , -129943
1.11556e+06 , 172786 , -174107
-609594 , -347827 , -762656
908972 , 95523.2 , -455959
128479 , 1.4707e+06 , -1.57459e+06
241749 , 984057 , 342421
1.12926e+06 , -341378 , -4358.91
-340406 , 925315 , 1.36069e+06
982671 , -916462 , -674854
789553 , 597181 , -558327
1.4019e+06 , -1.92728e+06 , -453209
-1.61188e+06 , -539500 , 1.47206e+06
1.13368e+06 , -97395.2 , 1.47353e+06
-742841 , 154882 , 332445
-212434 , 598664 , -975865
612070 , -1.79398e+06 , 422382
943314 , -1.3758e+06 , 663063
579344 , -1.52521e+06 , 1.50056e+06
190235 , -1.2166e+06 , -487653
-2.38967e+06 , 265301 , 742908
302604 , -368200 , 329161
96883.6 , -266948 , -89748.1
702905 , -716455 , 563496
1.10034e+06 , -360576 , -1.63215e+06
-895205 , -348896 , -812792
-230073 , -696382 , -1.69804e+06
-62317 , -772965 , 1.49371e+06
-735036 , -349692 , -2.25649e+06
-1.36663e+06 , 750663 , -1.11364e+06
-2.69095e+06 , -481569 , 728229
-1.35185e+06 , 82923.7 , 670550
1.63942e+06 , 903343 , 616230
-280021 , -603533 , 2.26264e+06
1.00203e+06 , 733769 , -763180
-684313 , -374128 , -978422
6803.84 , 355199 , 1.05926e+06
-1.04925e+06 , 633435 , -1.37579e+06
1.58591e+06 , -1.43937e+06 , 601066
-1.53926e+06 , 1.29505e+06 , -145271
-408293 , 1.32941e+06 , -117560
-1.94761e+06 , -455873 , -346741
777818 , -1.02413e+06 , -332118
-575504 , -754036 , 1.65448e+06
252061 , -92963.7 , -1.55381e+06
-1.40531e+06 , -31092 , -817527
692171 , 76861.7 , -732877
881130 , -105181 , 568803
-2.06082e+06 , -525425 , -58365.8
-570813 , 651492 , 834584
-1.90958e+06 , -1.01356e+06 , 1.73494e+06
1.35113e+06 , -883772 , 867567
253708 , -803182 , -722906
-1.91851e+06 , 564715 , 39856.4
1.8045e+06 , -250993 , 835037
-1.38516e+06 , 1.20228e+06 , 655469
810331 , -871107 , -572470
-680306 , -1.00603e+06 , 195491
966708 , 764035 , 973977
-1.28308e+06 , 1.06196e+06 , -414280
-973244 , 1.07788e+06 , 583112
-492163 , -186389 , 1.10895e+06
1.39686e+06 , -196778 , 340961
1.43054e+06 , 493541 , 1.64497e+06
-1.02164e+06 , -356182 , -232129
239919 , 230377 , -192492
609694 , -163280 , -1.4643e+06
-205911 , 663433 , 2.97976e+06
-846907 , -603630 , 1.81826e+06
-192477 , -66966.1 , -1.02711e+06
1.46811e+06 , 2.00038e+06 , 322237
-1.32589e+06 , -570361 , -768355
986128 , 1.04854e+06 , 634801
-2.40209e+06 , 559550 , 418414
653280 , -232577 , -1.14342e+06
1.47211e+06 , 1.37744e+06 , -1.33493e+06
610365 , 377463 , -168446
-638063 , 469697 , -905671
698635 , 394562 , 89747
1.34438e+06 , -34120.2 , 30614.1
382643 , 28312.1 , 639719
-464370 , -1.05207e+06 , -22422.2
-1.41395e+06 , 634526 , -307111
-1.21026e+06 , 615841 , -204082
-989553 , -1.08943e+06 , -1.23693e+06
1.51489e+06 , -859651 , 1.91367e+06
458492 , 737277 , 1.23512e+06
-50783.1 , 914255 , -258848
174812 , -1.40645e+06 , 1.55033e+06
1.22605e+06 , 2.49578e+06 , 254764
965899 , -782311 , 184437
1.72689e+06 , 1.17947e+06 , 535938
178100 , 620468 , -686999
1.11701e+06 , -1.15211e+06 , -378617
410420 , -20708.2 , -1.46844e+06
-760077 , -1.22786e+06 , -12883.6
362761 , 454117 , -2.24166e+06
-707697 , 936794 , -5752.09
789670 , 1.07349e+06 , -183744
-1.34304e+06 , -780084 , -733687
-2.31644e+06 , -691885 , -2.481e+06
-2.11281e+06 , -170834 , -478993
1.62952e+06 , 742691 , -879781
-1.03856e+06 , -1.20289e+06 , -503751
933378 , -564549 , -1.07463e+06
-315353 , 575063 , 882639
2.0623e+06 , 302449 , -309227
560147 , -548310 , 1.13504e+06
-62390.2 , -236081 , -490099
-638802 , 31456.5 , 310391
487643 , -101291 , 469248
-474523 , -455055 , -2.0582e+06
1.89784e+06 , -928384 , 394406
804895 , 763843 , 669553
319324 , -348790 , -1.94882e+06
477588 , -1.09438e+06 , -1.33358e+06
597154 , 569685 , 45569.3
1.56084e+06 , 1.08849e+06 , 229886
-842572 , -1.27644e+06 , -1.1768e+06
267327 , 23009.5 , 558828
-1.14257e+06 , 500370 , -70752
-51122.8 , -2.83169e+06 , -170628
1.41046e+06 , -1.23536e+06 , 847797
-111898 , -68522.9 , 1.89464e+06
-811324 , -202211 , -1.41257e+06
249901 , -1.06899e+06 , -2.32753e+06
1.28858e+06 , -425989 , -2.23503e+06
84309.1 , 2.95024e+06 , -128124
-451125 , -133565 , 144327
-1.37936e+06 , 131106 , 2.67111e+06
589604 , 742516 , -570482
867514 , -1.47302e+06 , 1.7265e+06
-920296 , 41496.5 , -1.70853e+06
600318 , 450305 , -562160
114684 , 1.09237e+06 , -2.44544e+06
1.64403e+06 , 76590.6 , 137485
-555386 , -1.48832e+06 , -829381
-439401 , -2.72969e+06 , -318856
-656209 , 215908 , -764352
382312 , 108781 , -1.35264e+06
-2.22199e+06 , 1.44391e+06 , -1.07529e+06
-559762 , -1.80394e+06 , 51648.2
1.66046e+06 , 147433 , 177673
790975 , 1.03519e+06 , -324291
1.32992e+06 , 108055 , 106727
-1.04271e+06 , -1.577e+06 , 293056
791714 , 579200 , 1.76307e+06
-873205 , 389732 , -1.58634e+06
1.54254e+06 , 98226.8 , 1.02085e+06
75269.9 , -941302 , -94594.6
809477 , -2.20458e+06 , 1.27738e+06
1.31193e+06 , -717782 , 806191
-1.09086e+06 , -500398 , 1.26372e+06
799591 , -823678 , -1.05176e+06
147011 , 4761.48 , 1.31348e+06
-175397 , 222913 , -204963
-158379 , 832985 , -686778
-383922 , -339680 , 265166
619367 , 190015 , 2.25558e+06
-633609 , -1.63135e+06 , -843317
-1.53836e+06 , 113986 , -1.14024e+06
-1.9654e+06 , -881156 , -747853
-944456 , -962961 , -1.05348e+06
-187688 , 579034 , -570569
-154456 , 1.4112e+06 , -8906.05
1.14399e+06 , -1.37446e+06 , 704823
-1.19067e+06 , 1.31114e+06 , 2.00725e+06
923072 , 236969 , 421574
61506.8 , -1.60158e+06 , -1.16549e+06
41509.3 , 835813 , 436654
-755022 , -652216 , 2.32572e+06
660077 , -366319 , 2978.87
-717459 , 1.28124e+06 , 99557
-556927 , -700890 , 1.12126e+06
2.01435e+06 , 227379 , -367000
726662 , -728390 , 1.64905e+06
268683 , -773567 , 1.16838e+06
-2.17608e+06 , -207489 , 48896.6
-963937 , 479084 , -117677
-696167 , 761028 , -1.35073e+06
-133918 , -1.08311e+06 , 1.57344e+06
625302 , -178752 , -18581.5
1.15895e+06 , -1.86962e+06 , 1.86044e+06
1.11897e+06 , -206818 , 965997
-1.69662e+06 , 2.26335e+06 , -302924
-618011 , -321983 , 1.21757e+06
107354 , -2.01579e+06 , -379728
-333943 , 1.37891e+06 , 305588
549839 , 31016.4 , 2898.77
244784 , -2.03775e+06 , 200352
-189503 , 661051 , 1.28449e+06
960434 , 429171 , -770331
-620167 , 1.90452e+06 , -298475
653778 , -1.26068e+06 , -346451
2.04017e+06 , -50289.4 , 484827
-221970 , 283908 , 241743
-932975 , -678316 , 1.22161e+06
957148 , 989289 , -132833
-307947 , -1.69156e+06 , 518315
-1.00341e+06 , 209675 , -681192
-1.56629e+06 , -1.28305e+06 , 387827
-654871 , 322105 , -171494
650992 , -1.26734e+06 , 138067
-485120 , 1.41798e+06 , -343829
344043 , 81567.2 , 601207
-1.04435e+06 , -953437 , 349172
-322377 , -1.86008e+06 , 678794
-1.44914e+06 , -1.47191e+06 , 584708
-1.60531e+06 , 1.05203e+06 , 1.16877e+06
-91259.9 , 1.41534e+06 , 1.25725e+06
-491323 , 383293 , 399422
986827 , -910945 , -510089
851945 , 2.64197e+06 , 244044
-86566.1 , 1.23628e+06 , -1.32493e+06
125313 , 504922 , 1.65321e+06
-1.20564e+06 , 984970 , 2.30223e+06
453935 , -1.93037e+06 , 978392
-828940 , 482061 , 2.14476e+06
-1.11852e+06 , -81394.6 , 1.29206e+06
-519079 , 1.84558e+06 , 1.20435e+06
528452 , 68751 , 71097.8
11323.7 , -712342 , 2.41184e+06
-10753.3 , 461580 , -508299
455574 , 1.59217e+06 , 2.36186e+06
1.32184e+06 , 1.79789e+06 , -1.02017e+06
540108 , 21895.8 , 865571
605247 , 1.26896e+06 , 1.23668e+06
1.18107e+06 , -1.38853e+06 , 1.15089e+06
-195196 , 1.2495e+06 , 2.43834e+06
-1.732e+06 , 1.16929e+06 , -1.0997e+06
826355 , -524655 , -1.05986e+06
-527188 , 140995 , 1.88563e+06
-9173.61 , 1.04863e+06 , 1.28278e+06
-992099 , 1.91151e+06 , 1.38813e+06
888091 , -1.4192e+06 , -31725.7
438263 , 473729 , 375813
386186 , 206376 , -563014
-222181 , -1.21148e+06 , -1.08834e+06
-1.25322e+06 , 486524 , -790137
1.3499e+06 , 394792 , -1.09993e+06
815894 , 354398 , -368127
45185.3 , 82928.1 , 1.41407e+06
-647017 , -26351.1 , -1.2764e+06
1.26365e+06 , -1.59181e+06 , -736960
1.02198e+06 , -80647.9 , 1.68469e+06
600682 , 949808 , -165957
-806298 , 46121.2 , 1.29456e+06
-2.69143e+06 , 1.23698e+06 , -802020
761995 , 2.30247e+06 , 96411.8
901986 , -910828 , 663131
-848385 , 721676 , -354083
-2.91194e+06 , -225549 , 311570
-629141 , -1.22486e+06 , -1.13169e+06
1.22556e+06 , -1.84908e+06 , -59833.5
