t,Ki,Mi,Ni,Vxi,Vyi,Vzi,Txi,Tyi,Tzi,Rxi,Ryi,Rzi,XX,YY,ZZ,XY,XZ,YZ,XVX,XVY,XVZ,YVX,YVY,YVZ,ZVX,ZVY,ZVZ,step,KEe,MEe,E,NP,L,SP,TP,VV,QP,MP,NS,VS,DT,ET,B,FV,EX,MEM,SE,OS,CR,LV,Ered,Bred,gas_index,duration,NN,pct_ion,Nmin,EP_0,DE,autostep,pc_scale,indeck,vdf_init,downsample,n,analytic_cs,nsamples,mix_thresh,fixed_background,eadf,ECS,egen,eesd,directory,n_gas,mobN,k_i,k_tot,k_1,k_2,k_3,k_4,k_5,k_6,k_7,k_8,k_9,k_10,k_11,k_12,k_13,k_14,k_15,k_16,k_17,k_18,k_19,k_20,k_21,k_22,k_23,k_24,k_25,k_26,k_27,k_28,k_29,k_30,k_31,k_32,k_33,D_XX_bulk,D_XX,D_YY_bulk,D_YY,D_ZZ_bulk,D_ZZ,D_H_bulk,D_H,Wz,mobN_bulk,a_n_bulk,a_n
0.0,0.0,0.0,3e+22,0.0,0.0,0.0,0.0,0.0,0.0,0.0,0.0,0.0,0.0,0.0,0.0,0.0,0.0,0.0,0.0,0.0,0.0,0.0,0.0,0.0,0.0,0.0,0.0,0.0,0.0,0.0,-60.00000000000001,30000 3000,1e-06,2,0.0 0.0259,0.0 0.0,-1.0 0.0,0.00054857 28.0,80000,1000,5e-10,0.0,0.0 0.0 0.0,1000 1000000 0,0,0.0,0,100,0,,20,,1,,,,1.0,10.0,0.1,False,{},,,False,3,mixed,250,300,True,Ar_Aubin,,False,uniform,Argon-Aubin-Test2/20Td,3.0000000000000005e+21,0.0,,,,,,,,,,,,,,,,,,,,,,,,,,,,,,,,,,,,,0.0,,0.0,,0.0,,0.0,,,,
5e-08,22035.6,0.734519,3e+22,450.328,-177.358,443311.0,0.0624962,0.0647678,0.224426,-5.13572644e-06,-1.840772e-06,0.0122420785,1.47870255e-06,1.53192392e-06,0.000154310911,1.24512971e-08,-2.50033495e-08,-7.72776853e-09,79.5692708,-0.0423725531,-1.81435231,-0.0843834127,81.8737306,0.982884816,6.45858246,-0.398481465,5690.2062,100.0,22035.581061,0.7345193687,-60.00000000000001,30000 3000,1e-06,2,0.0 0.0259,0.0 0.0,-1.0 0.0,0.00054857 28.0,80000,1000,5e-10,0.0,0.0 0.0 0.0,1000 1000000 0,0,0.0,0,100,0,,20,,1,,,,1.0,10.0,0.1,False,{},,,False,3,mixed,250,300,True,Ar_Aubin,,False,uniform,Argon-Aubin-Test2/20Td,3.0000000000000005e+21,2.216555e+25,0.0,2.226222222222222e-15,2.2262222222222225e-15,0.0,0.0,0.0,0.0,0.0,0.0,0.0,0.0,0.0,0.0,0.0,0.0,0.0,0.0,0.0,0.0,0.0,0.0,0.0,0.0,0.0,0.0,0.0,0.0,0.0,0.0,0.0,0.0,0.0,0.0,0.0,0.0,14.786761743139337,79.57158356141628,15.319205315584442,81.87340412435962,44.42424999837741,263.1581380865,0.7573723346601107,1.4080034470948393,244841.57,1.22420785e+25,0.0,0.0
1e-07,50775.2,1.69251,3e+22,-1239.02,1822.87,148251.0,1.09092,1.0925,1.07661,1.33694236e-06,-0.000138728851,0.0282107879,0.000115566545,0.00011637966,0.000944751357,4.30322087e-07,4.73961784e-07,-2.02548924e-06,2545.36634,-16.8088093,0.623006949,-5.55003281,2520.67819,7.8803822,-5.65555378,128.797229,6008.37623,200.0,50775.235271,1.692507842,-60.00000000000001,30000 3000,1e-06,2,0.0 0.0259,0.0 0.0,-1.0 0.0,0.00054857 28.0,80000,1000,5e-10,0.0,0.0 0.0 0.0,1000 1000000 0,0,0.0,0,100,0,,20,,1,,,,1.0,10.0,0.1,False,{},,,False,3,mixed,250,300,True,Ar_Aubin,,False,uniform,Argon-Aubin-Test2/20Td,3.0000000000000005e+21,7.412550000000001e+24,0.0,1.714822222222222e-14,1.7148222222222224e-14,0.0,0.0,0.0,0.0,0.0,0.0,0.0,0.0,0.0,0.0,0.0,0.0,0.0,0.0,0.0,0.0,0.0,0.0,0.0,0.0,0.0,0.0,0.0,0.0,0.0,0.0,0.0,0.0,0.0,0.0,0.0,0.0,1140.878670382712,2545.367996498323,1148.2849377434177,2520.9310746606225,1444.6037806137583,1826.0987130371004,7.967539398290181,29.722980551045637,319374.188,1.5968709400000003e+25,0.0,0.0
1.5e-07,59730.0,1.991,3e+22,-3510.09,2596.08,77173.5,1.32004,1.3168,1.31119,-5.74861083e-05,-0.000120680213,0.0331911892,0.000407460668,0.000411471313,0.00140323701,-1.26974939e-06,-4.3965412e-06,-5.90637616e-07,2942.17544,-64.3774358,-75.4781381,-78.2185269,2975.93057,27.7938141,-225.994008,48.0759014,3864.90914,300.0,59730.023591,1.991000786,-60.00000000000001,30000 3000,1e-06,2,0.0 0.0259,0.0 0.0,-1.0 0.0,0.00054857 28.0,80000,1000,5e-10,0.0,0.0 0.0 0.0,1000 1000000 0,0,0.0,0,100,0,,20,,1,,,,1.0,10.0,0.1,False,{},,,False,3,mixed,250,300,True,Ar_Aubin,,False,uniform,Argon-Aubin-Test2/20Td,3.0000000000000005e+21,3.8586750000000005e+24,0.0,3.107177777777778e-14,3.107177777777778e-14,0.0,0.0,0.0,0.0,0.0,0.0,0.0,0.0,0.0,0.0,0.0,0.0,0.0,0.0,0.0,0.0,0.0,0.0,0.0,0.0,0.0,0.0,0.0,0.0,0.0,0.0,0.0,0.0,0.0,0.0,0.0,0.0,2918.9082013476736,2941.9736585861174,2950.9633498029007,2976.243865487365,1526.7916642858995,1303.4289002738005,-58.495089793810486,-180.531680622082,99608.026,4.9804013e+24,0.0,0.0
2e-07,66442.4,2.21475,3e+22,3668.24,1883.27,74856.5,1.4708,1.46138,1.46536,-6.43758841e-05,5.27195633e-05,0.0369283892,0.000703538344,0.000710456365,0.00177920228,-1.3334313e-06,-6.38706446e-06,2.61304814e-06,2748.42151,77.1326657,28.3852618,130.638395,2904.89218,10.7672105,216.425958,27.8449639,3723.60935,400.0,66442.382779,2.214746093,-60.00000000000001,30000 3000,1e-06,2,0.0 0.0259,0.0 0.0,-1.0 0.0,0.00054857 28.0,80000,1000,5e-10,0.0,0.0 0.0 0.0,1000 1000000 0,0,0.0,0,100,0,,20,,1,,,,1.0,10.0,0.1,False,{},,,False,3,mixed,250,300,True,Ar_Aubin,,False,uniform,Argon-Aubin-Test2/20Td,3.0000000000000005e+21,3.742825e+24,0.0,3.8175777777777773e-14,3.817577777777778e-14,0.0,0.0,0.0,0.0,0.0,0.0,0.0,0.0,0.0,0.0,0.0,0.0,0.0,0.0,0.0,0.0,0.0,0.0,0.0,0.0,0.0,0.0,0.0,0.0,0.0,0.0,0.0,0.0,0.0,0.0,0.0,0.0,2960.7683639819393,2748.657656193091,2989.9683636145523,2904.7928948280237,1139.1438160351975,959.2793838502002,-30.425157076361977,114.16797876912366,74744.00000000006,3.7372000000000034e+24,0.0,0.0
2.5e-07,72911.8,2.43039,3e+22,4011.78,948.206,62254.1,1.61295,1.62211,1.60359,1.10293007e-06,4.78923092e-05,0.0405329921,0.000993613495,0.00100228886,0.00215299061,-5.77127645e-07,-2.33945905e-06,1.30477395e-06,2832.12862,54.7398204,-144.615207,89.3857182,2693.6727,67.3141497,261.180446,124.350865,3206.75904,500.0,72911.770139,2.430392338,-60.00000000000001,30000 3000,1e-06,2,0.0 0.0259,0.0 0.0,-1.0 0.0,0.00054857 28.0,80000,1000,5e-10,0.0,0.0 0.0 0.0,1000 1000000 0,0,0.0,0,100,0,,20,,1,,,,1.0,10.0,0.1,False,{},,,False,3,mixed,250,300,True,Ar_Aubin,,False,uniform,Argon-Aubin-Test2/20Td,3.0000000000000005e+21,3.112705e+24,0.0,4.460888888888889e-14,4.4608888888888894e-14,0.0,0.0,0.0,0.0,0.0,0.0,0.0,0.0,0.0,0.0,0.0,0.0,0.0,0.0,0.0,0.0,0.0,0.0,0.0,0.0,0.0,0.0,0.0,0.0,0.0,0.0,0.0,0.0,0.0,0.0,0.0,0.0,2900.792940379989,2832.1241952872037,2918.32980679074,2693.627288225063,945.7081032801475,683.4140965073902,32.512053020938914,-46.112869965808756,72092.05799999993,3.6046028999999965e+24,0.0,0.0
3e-07,78797.3,2.62658,3e+22,219.077,3669.54,57794.6,1.74235,1.7414,1.75034,-0.000133463366,3.52073707e-05,0.0438159179,0.00127740288,0.00128111241,0.00251093582,-1.51571285e-06,-1.11835086e-05,1.96374823e-06,2583.19405,-155.946611,-69.826224,134.206371,2617.86062,7.95074512,-6.11832382,397.865106,3150.86393,600.0,78797.27391,2.626575797,-60.00000000000001,30000 3000,1e-06,2,0.0 0.0259,0.0 0.0,-1.0 0.0,0.00054857 28.0,80000,1000,5e-10,0.0,0.0 0.0 0.0,1000 1000000 0,0,0.0,0,100,0,,20,,1,,,,1.0,10.0,0.1,False,{},,,False,3,mixed,250,300,True,Ar_Aubin,,False,uniform,Argon-Aubin-Test2/20Td,3.0000000000000005e+21,2.8897300000000003e+24,0.0,5.0665333333333334e-14,5.066533333333334e-14,0.0,0.0,0.0,0.0,0.0,0.0,0.0,0.0,0.0,0.0,0.0,0.0,0.0,0.0,0.0,0.0,0.0,0.0,0.0,0.0,0.0,0.0,0.0,0.0,0.0,0.0,0.0,0.0,0.0,0.0,0.0,0.0,2837.7157374639064,2583.2232887538335,2788.246041143289,2617.7314251449216,810.3399715912144,618.5404813366599,-59.030492137443716,-77.8301458131547,65658.51600000006,3.282925800000004e+24,0.0,0.0
3.5e-07,84011.6,2.80039,3e+22,-1828.66,-407.957,54774.5,1.85191,1.86075,1.87103,-7.64115595e-05,0.000147034283,0.0467308316,0.00154603421,0.00155600496,0.00285670351,-9.33813726e-06,-1.16252685e-05,5.00920694e-06,2677.81282,-243.108604,-61.3483267,-84.9217284,2689.55163,-63.5419143,-151.313799,-19.8117095,3145.59728,700.0,84011.587264,2.800386242,-60.00000000000001,30000 3000,1e-06,2,0.0 0.0259,0.0 0.0,-1.0 0.0,0.00054857 28.0,80000,1000,5e-10,0.0,0.0 0.0 0.0,1000 1000000 0,0,0.0,0,100,0,,20,,1,,,,1.0,10.0,0.1,False,{},,,False,3,mixed,250,300,True,Ar_Aubin,,False,uniform,Argon-Aubin-Test2/20Td,3.0000000000000005e+21,2.738725e+24,0.0,5.654088888888889e-14,5.6540888888888893e-14,0.0,0.0,0.0,0.0,0.0,0.0,0.0,0.0,0.0,0.0,0.0,0.0,0.0,0.0,0.0,0.0,0.0,0.0,0.0,0.0,0.0,0.0,0.0,0.0,0.0,0.0,0.0,0.0,0.0,0.0,0.0,0.0,2686.433037436388,2677.673089237605,2748.7217047857444,2689.61161366499,818.3172939198203,585.9393445257997,-54.37608136051546,-123.02191822051122,58298.27400000001,2.9149137000000005e+24,0.0,0.0
4e-07,88589.6,2.95299,3e+22,-3344.0,1190.66,48053.7,1.95998,1.98531,1.94748,-0.000121417799,0.000104307334,0.0492937662,0.00181638547,0.00183588788,0.00317834809,-3.82652056e-06,-1.38955666e-05,-3.95834107e-07,2720.18489,-21.3332755,-146.891301,64.687306,2620.92163,-154.478943,-203.140064,191.992085,3070.24307,800.0,88589.581195,2.95298604,-60.00000000000001,30000 3000,1e-06,2,0.0 0.0259,0.0 0.0,-1.0 0.0,0.00054857 28.0,80000,1000,5e-10,0.0,0.0 0.0 0.0,1000 1000000 0,0,0.0,0,100,0,,20,,1,,,,1.0,10.0,0.1,False,{},,,False,3,mixed,250,300,True,Ar_Aubin,,False,uniform,Argon-Aubin-Test2/20Td,3.0000000000000005e+21,2.402685e+24,0.0,6.18571111111111e-14,6.185711111111112e-14,0.0,0.0,0.0,0.0,0.0,0.0,0.0,0.0,0.0,0.0,0.0,0.0,0.0,0.0,0.0,0.0,0.0,0.0,0.0,0.0,0.0,0.0,0.0,0.0,0.0,0.0,0.0,0.0,0.0,0.0,0.0,0.0,2703.4235644451132,2719.778868880144,2798.93659060451,2620.7974354296994,755.3981584729631,701.4952171550603,2.8813355427342926,-179.35843633939368,51258.691999999945,2.562934599999998e+24,0.0,0.0
4.5e-07,92764.2,3.09214,3e+22,-1044.11,-733.142,42202.1,2.06569,2.03854,2.06992,-0.000177403738,-6.59304247e-05,0.0516347998,0.00208925595,0.00210378716,0.00349131598,-8.31215048e-07,-2.00152568e-05,-7.62619223e-06,2727.72462,-108.934727,-119.157698,129.246547,2526.1507,29.9639722,-35.8314141,110.24993,3000.36615,900.0,92764.152096,3.092138403,-60.00000000000001,30000 3000,1e-06,2,0.0 0.0259,0.0 0.0,-1.0 0.0,0.00054857 28.0,80000,1000,5e-10,0.0,0.0 0.0 0.0,1000 1000000 0,0,0.0,0,100,0,,20,,1,,,,1.0,10.0,0.1,False,{},,,False,3,mixed,250,300,True,Ar_Aubin,,False,uniform,Argon-Aubin-Test2/20Td,3.0000000000000005e+21,2.110105e+24,0.0,6.659688888888889e-14,6.659688888888889e-14,0.0,0.0,0.0,0.0,0.0,0.0,0.0,0.0,0.0,0.0,0.0,0.0,0.0,0.0,0.0,0.0,0.0,0.0,0.0,0.0,0.0,0.0,0.0,0.0,0.0,0.0,0.0,0.0,0.0,0.0,0.0,0.0,2728.5375019565754,2727.539390983117,2679.058131990252,2526.102363636575,766.9072579418249,821.2691653604202,-58.892486020458854,-93.58989098937222,46820.67200000001,2.341033600000001e+24,0.0,0.0
5e-07,96652.7,3.22176,3e+22,-5107.08,-441.066,34001.8,2.1314,2.15821,2.14718,-0.000270264072,-0.000144453754,0.0538192886,0.00234484735,0.00237504172,0.00379432456,-1.7037207e-06,-2.42906283e-05,-1.20479651e-05,2557.85786,0.111287104,-9.92961895,67.834267,2298.08891,-170.950183,-365.470639,167.685134,2290.56645,1000.0,96652.693738,3.221756458,-60.00000000000001,30000 3000,1e-06,2,0.0 0.0259,0.0 0.0,-1.0 0.0,0.00054857 28.0,80000,1000,5e-10,0.0,0.0 0.0 0.0,1000 1000000 0,0,0.0,0,100,0,,20,,1,,,,1.0,10.0,0.1,False,{},,,False,3,mixed,250,300,True,Ar_Aubin,,False,uniform,Argon-Aubin-Test2/20Td,3.0000000000000005e+21,1.7000900000000001e+24,0.0,7.122355555555555e-14,7.122355555555557e-14,0.0,0.0,0.0,0.0,0.0,0.0,0.0,0.0,0.0,0.0,0.0,0.0,0.0,0.0,0.0,0.0,0.0,0.0,0.0,0.0,0.0,0.0,0.0,0.0,0.0,0.0,0.0,0.0,0.0,0.0,0.0,0.0,2555.498294176425,2556.4775997631705,2712.3803993385663,2298.0251963605383,726.4530497598943,460.6137628805195,22.19684187555061,-91.35138060338244,43689.77600000004,2.1844888000000023e+24,0.0,0.0
5.5e-07,100145.0,3.33817,3e+22,-5643.52,1809.08,35102.3,2.22151,2.22591,2.22172,-0.000304848829,-0.000174884919,0.055786749,0.00260442692,0.0026205238,0.0040839096,9.37248505e-06,-2.94315752e-05,-1.34017853e-05,2394.24035,138.965486,140.979113,-12.1202312,2254.53241,-449.06264,-673.963661,232.130878,2463.53288,1100.0,100144.98726,3.338166242,-60.00000000000001,30000 3000,1e-06,2,0.0 0.0259,0.0 0.0,-1.0 0.0,0.00054857 28.0,80000,1000,5e-10,0.0,0.0 0.0 0.0,1000 1000000 0,0,0.0,0,100,0,,20,,1,,,,1.0,10.0,0.1,False,{},,,False,3,mixed,250,300,True,Ar_Aubin,,False,uniform,Argon-Aubin-Test2/20Td,3.0000000000000005e+21,1.7551150000000002e+24,0.0,7.540688888888888e-14,7.540688888888889e-14,0.0,0.0,0.0,0.0,0.0,0.0,0.0,0.0,0.0,0.0,0.0,0.0,0.0,0.0,0.0,0.0,0.0,0.0,0.0,0.0,0.0,0.0,0.0,0.0,0.0,0.0,0.0,0.0,0.0,0.0,0.0,0.0,2595.596798600714,2392.519929536562,2454.723621521508,2254.8487908092643,739.3950142109028,505.28968057730026,-53.596837656245285,-207.45001923331336,39349.20799999992,1.967460399999996e+24,0.0,0.0
6e-07,103524.0,3.4508,3e+22,4666.79,6305.96,39396.6,2.29278,2.28941,2.31024,-0.000213908098,-9.48485622e-05,0.0576922203,0.00285463414,0.00286372146,0.00436303381,2.11325426e-05,-1.78431364e-05,-1.35115794e-05,2474.55193,115.929936,243.597201,168.740768,2529.16434,37.8927954,340.465745,568.26627,2951.75388,1200.0,103524.032672,3.450801089,-60.00000000000001,30000 3000,1e-06,2,0.0 0.0259,0.0 0.0,-1.0 0.0,0.00054857 28.0,80000,1000,5e-10,0.0,0.0 0.0 0.0,1000 1000000 0,0,0.0,0,100,0,,20,,1,,,,1.0,10.0,0.1,False,{},,,False,3,mixed,250,300,True,Ar_Aubin,,False,uniform,Argon-Aubin-Test2/20Td,3.0000000000000005e+21,1.96983e+24,0.0,7.924688888888889e-14,7.924688888888889e-14,0.0,0.0,0.0,0.0,0.0,0.0,0.0,0.0,0.0,0.0,0.0,0.0,0.0,0.0,0.0,0.0,0.0,0.0,0.0,0.0,0.0,0.0,0.0,0.0,0.0,0.0,0.0,0.0,0.0,0.0,0.0,0.0,2502.543961341525,2475.5501941726657,2432.1924848514245,2529.7624512392904,628.9329084526807,678.8765537290201,138.45493614806145,323.2527209998299,38109.42600000006,1.905471300000003e+24,0.0,0.0
6.5e-07,106818.0,3.56059,3e+22,2021.95,1923.24,27079.2,2.37551,2.37166,2.36979,-0.000123578727,-4.05606146e-05,0.0595549329,0.00311236342,0.00311713846,0.00465540799,2.42090991e-05,1.90681789e-06,-1.20845932e-05,2793.33839,249.225165,229.849289,-177.5763,2204.73625,-32.8831256,238.991589,199.039469,2129.16379,1300.0,106817.580408,3.560586014,-60.00000000000001,30000 3000,1e-06,2,0.0 0.0259,0.0 0.0,-1.0 0.0,0.00054857 28.0,80000,1000,5e-10,0.0,0.0 0.0 0.0,1000 1000000 0,0,0.0,0,100,0,,20,,1,,,,1.0,10.0,0.1,False,{},,,False,3,mixed,250,300,True,Ar_Aubin,,False,uniform,Argon-Aubin-Test2/20Td,3.0000000000000005e+21,1.35396e+24,0.0,8.352222222222222e-14,8.352222222222223e-14,0.0,0.0,0.0,0.0,0.0,0.0,0.0,0.0,0.0,0.0,0.0,0.0,0.0,0.0,0.0,0.0,0.0,0.0,0.0,0.0,0.0,0.0,0.0,0.0,0.0,0.0,0.0,0.0,0.0,0.0,0.0,0.0,2577.5976497262322,2793.5882600070577,2534.243510862945,2204.814257796423,739.7643042022888,516.46385101432,295.3768794116486,351.7701944870234,37254.25200000007,1.862712600000004e+24,0.0,0.0
7e-07,109701.0,3.6567,3e+22,-4974.78,-1888.87,33930.5,2.4417,2.4334,2.4316,-0.000277745655,-3.39184947e-05,0.0611989826,0.00336579914,0.00337187697,0.00492471734,2.26483968e-05,-1.03347303e-06,-1.07199617e-05,2403.32792,-12.783171,-329.928912,-158.56584,2537.0236,-54.2211117,-325.363177,-146.664988,2676.86371,1400.0,109701.075652,3.656702522,-60.00000000000001,30000 3000,1e-06,2,0.0 0.0259,0.0 0.0,-1.0 0.0,0.00054857 28.0,80000,1000,5e-10,0.0,0.0 0.0 0.0,1000 1000000 0,0,0.0,0,100,0,,20,,1,,,,1.0,10.0,0.1,False,{},,,False,3,mixed,250,300,True,Ar_Aubin,,False,uniform,Argon-Aubin-Test2/20Td,3.0000000000000005e+21,1.696525e+24,0.0,8.724311111111111e-14,8.72428888888889e-14,0.0,0.0,0.0,0.0,0.0,0.0,0.0,0.0,0.0,0.0,0.0,0.0,0.0,0.0,0.0,0.0,0.0,0.0,0.0,0.0,0.0,0.0,0.0,0.0,0.0,2.2222222222222226e-19,0.0,0.0,0.0,0.0,0.0,0.0,2533.738490528956,2401.946196470419,2547.390046991737,2536.959532372916,707.8391144840031,600.3516308907001,133.95475586436373,-341.4165653941946,32880.99399999994,1.6440496999999972e+24,0.0,0.0
7.5e-07,112771.0,3.75905,3e+22,-3037.56,-1796.15,29202.6,2.50056,2.48979,2.52282,-0.000328160039,-5.13002035e-05,0.0629487813,0.00361791245,0.00363137409,0.00520771622,1.61901715e-05,5.46749487e-08,-7.03931009e-06,2407.98782,-220.340107,102.1714,-318.291769,2112.69836,-416.926051,-321.978163,-256.515098,2356.36596,1500.0,112771.433812,3.759047794,-60.00000000000001,30000 3000,1e-06,2,0.0 0.0259,0.0 0.0,-1.0 0.0,0.00054857 28.0,80000,1000,5e-10,0.0,0.0 0.0 0.0,1000 1000000 0,0,0.0,0,100,0,,20,,1,,,,1.0,10.0,0.1,False,{},,,False,3,mixed,250,300,True,Ar_Aubin,,False,uniform,Argon-Aubin-Test2/20Td,3.0000000000000005e+21,1.46013e+24,0.0,9.067911111111111e-14,9.06788888888889e-14,0.0,0.0,0.0,0.0,0.0,0.0,0.0,0.0,0.0,0.0,0.0,0.0,0.0,0.0,0.0,0.0,0.0,0.0,0.0,0.0,0.0,0.0,0.0,2.2222222222222226e-19,0.0,0.0,0.0,0.0,0.0,0.0,0.0,0.0,2520.8276363767463,2406.991014191935,2594.956387534037,2112.6062171394833,657.6528411987277,518.09787920862,94.95341995079734,-19.01293651947057,34995.974000000126,1.7497987000000064e+24,0.0,0.0
8e-07,115637.0,3.85458,3e+22,-4102.53,-2139.3,33210.2,2.55524,2.57457,2.57296,-0.000563036395,-0.000167940736,0.0645880001,0.00386533412,0.00388356488,0.0054827066,2.85072082e-06,-9.76682773e-06,-2.12716719e-05,2669.34521,-53.2605331,-142.079284,-309.144699,2288.17896,-578.026818,-159.234813,35.3781154,2647.39308,1600.0,115637.387011,3.854579567,-60.00000000000001,30000 3000,1e-06,2,0.0 0.0259,0.0 0.0,-1.0 0.0,0.00054857 28.0,80000,1000,5e-10,0.0,0.0 0.0 0.0,1000 1000000 0,0,0.0,0,100,0,,20,,1,,,,1.0,10.0,0.1,False,{},,,False,3,mixed,250,300,True,Ar_Aubin,,False,uniform,Argon-Aubin-Test2/20Td,3.0000000000000005e+21,1.66051e+24,0.0,9.436222222222222e-14,9.436200000000001e-14,0.0,0.0,0.0,0.0,0.0,0.0,0.0,0.0,0.0,0.0,0.0,0.0,0.0,0.0,0.0,0.0,0.0,0.0,0.0,0.0,0.0,0.0,0.0,0.0,0.0,2.2222222222222226e-19,0.0,0.0,0.0,0.0,0.0,0.0,2472.123490291022,2667.0353362984206,2521.6521762007123,2287.8196843834753,659.2969023762937,502.4126790789801,117.73235062906339,-17.641337664518062,32784.375999999895,1.6392187999999947e+24,0.0,0.0
8.5e-07,118484.0,3.94947,3e+22,-1388.05,4841.1,23840.4,2.6237,2.62735,2.64451,-0.000644449729,-7.02232225e-05,0.0662252028,0.00411099927,0.00412798127,0.00575797664,1.09226944e-05,-1.32066121e-05,-1.05772142e-05,2429.99576,83.672562,187.399761,333.234124,2480.9652,396.180192,-122.180081,184.05166,1982.44797,1700.0,118484.018781,3.949467293,-60.00000000000001,30000 3000,1e-06,2,0.0 0.0259,0.0 0.0,-1.0 0.0,0.00054857 28.0,80000,1000,5e-10,0.0,0.0 0.0 0.0,1000 1000000 0,0,0.0,0,100,0,,20,,1,,,,1.0,10.0,0.1,False,{},,,False,3,mixed,250,300,True,Ar_Aubin,,False,uniform,Argon-Aubin-Test2/20Td,3.0000000000000005e+21,1.1920200000000002e+24,0.0,9.835333333333333e-14,9.83528888888889e-14,0.0,0.0,0.0,0.0,0.0,0.0,0.0,0.0,0.0,0.0,0.0,0.0,0.0,0.0,0.0,0.0,0.0,0.0,0.0,0.0,0.0,0.0,0.0,0.0,0.0,4.444444444444445e-19,0.0,0.0,0.0,0.0,0.0,0.0,2455.6684452888694,2429.1012315536614,2444.396627898295,2481.305157642445,611.0231101647337,403.61264516687993,57.472697817327855,172.50751206579162,32744.05399999986,1.637202699999993e+24,0.0,0.0
9e-07,121145.0,4.03816,3e+22,3010.85,-2693.4,23762.8,2.69425,2.71995,2.65881,-0.000640937241,3.09262619e-06,0.0677676451,0.00437692507,0.00438424397,0.0060326113,1.50063297e-05,-9.36966554e-06,-1.33295793e-05,2487.45996,-208.923887,308.31553,15.4887664,2545.4451,45.3637803,194.042736,-252.743917,2169.18,1800.0,121144.663567,4.038155452,-60.00000000000001,30000 3000,1e-06,2,0.0 0.0259,0.0 0.0,-1.0 0.0,0.00054857 28.0,80000,1000,5e-10,0.0,0.0 0.0 0.0,1000 1000000 0,0,0.0,0,100,0,,20,,1,,,,1.0,10.0,0.1,False,{},,,False,3,mixed,250,300,True,Ar_Aubin,,False,uniform,Argon-Aubin-Test2/20Td,3.0000000000000005e+21,1.1881400000000001e+24,0.0,1.0155133333333333e-13,1.0155066666666668e-13,0.0,0.0,0.0,0.0,0.0,0.0,0.0,0.0,0.0,0.0,0.0,0.0,0.0,0.0,0.0,0.0,0.0,0.0,0.0,0.0,0.0,0.0,0.0,2.2222222222222226e-19,0.0,4.444444444444445e-19,0.0,0.0,0.0,0.0,0.0,0.0,2659.303149063069,2489.389725892065,2562.6762173664147,2545.45342967938,679.58423501574,558.8310030177199,91.85880084062255,313.5505152210999,30848.84600000004,1.5424423000000024e+24,0.0,0.0
9.5e-07,123582.0,4.11941,3e+22,859.026,347.424,32614.9,2.76533,2.74396,2.72347,-0.00056782879,-2.06177415e-05,0.069195477,0.00461288162,0.00464675261,0.00628797847,2.34528409e-05,-1.2932489e-05,-1.49032504e-05,2073.04852,264.02861,-517.245666,106.909431,2555.45322,317.043936,-85.2362391,154.270266,3075.73925,1900.0,123582.207096,4.119406903,-60.00000000000001,30000 3000,1e-06,2,0.0 0.0259,0.0 0.0,-1.0 0.0,0.00054857 28.0,80000,1000,5e-10,0.0,0.0 0.0 0.0,1000 1000000 0,0,0.0,0,100,0,,20,,1,,,,1.0,10.0,0.1,False,{},,,False,3,mixed,250,300,True,Ar_Aubin,,False,uniform,Argon-Aubin-Test2/20Td,3.0000000000000005e+21,1.630745e+24,0.0,1.049471111111111e-13,1.0494622222222223e-13,0.0,0.0,0.0,0.0,0.0,0.0,0.0,0.0,0.0,0.0,0.0,0.0,0.0,0.0,0.0,0.0,0.0,0.0,0.0,0.0,0.0,0.0,0.0,2.2222222222222226e-19,2.2222222222222226e-19,4.444444444444445e-19,0.0,0.0,0.0,0.0,0.0,0.0,2360.44921012148,2073.5362996941585,2625.082244730728,2555.460383098223,598.0685514202396,818.9356871926998,-154.12893922156655,-643.402939722431,28556.638000000192,1.4278319000000097e+24,0.0,0.0
1e-06,125893.0,4.19644,3e+22,-6260.87,1972.39,28277.2,2.7968,2.80734,2.78394,-0.000623079423,-0.000134196619,0.0705831055,0.00483071478,0.00488536319,0.00655275053,2.61555976e-05,-2.7407322e-05,-1.6202607e-05,2397.28037,-23.9271564,-107.758661,39.0421867,1917.14236,321.080307,-506.030134,425.37329,2879.56804,2000.0,125893.050125,4.196435004,-60.00000000000001,30000 3000,1e-06,2,0.0 0.0259,0.0 0.0,-1.0 0.0,0.00054857 28.0,80000,1000,5e-10,0.0,0.0 0.0 0.0,1000 1000000 0,0,0.0,0,100,0,,20,,1,,,,1.0,10.0,0.1,False,{},,,False,3,mixed,250,300,True,Ar_Aubin,,False,uniform,Argon-Aubin-Test2/20Td,3.0000000000000005e+21,1.41386e+24,0.0,1.0810088888888889e-13,1.0809911111111113e-13,0.0,0.0,0.0,0.0,0.0,0.0,0.0,0.0,0.0,0.0,0.0,0.0,0.0,0.0,0.0,0.0,2.2222222222222226e-19,2.2222222222222226e-19,0.0,0.0,0.0,0.0,0.0,6.666666666666668e-19,4.444444444444445e-19,2.2222222222222226e-19,0.0,0.0,0.0,0.0,0.0,0.0,2177.6736156738693,2393.379350732922,2385.9299635871357,1917.4070480693495,708.1131523339803,883.6754491554,-195.7427265978942,-154.25820580815935,27752.570000000032,1.3876285000000016e+24,0.0,0.0
1.05e-06,128035.0,4.26783,3e+22,-3188.88,-2118.07,29117.4,2.83897,2.84737,2.84442,-0.000644410729,-0.000159488225,0.0718896741,0.00507113516,0.00511092552,0.00681171142,2.1358302e-05,-3.00779799e-05,-1.57718888e-05,2137.4644,-361.16213,158.441049,205.182532,2652.91341,347.016794,-228.534334,-178.601873,2809.48319,2100.0,128035.007519,4.267833584,-60.00000000000001,30000 3000,1e-06,2,0.0 0.0259,0.0 0.0,-1.0 0.0,0.00054857 28.0,80000,1000,5e-10,0.0,0.0 0.0 0.0,1000 1000000 0,0,0.0,0,100,0,,20,,1,,,,1.0,10.0,0.1,False,{},,,False,3,mixed,250,300,True,Ar_Aubin,,False,uniform,Argon-Aubin-Test2/20Td,3.0000000000000005e+21,1.45587e+24,0.0,1.1096266666666667e-13,1.1096044444444446e-13,0.0,0.0,0.0,0.0,0.0,0.0,0.0,0.0,0.0,0.0,0.0,0.0,0.0,0.0,0.0,0.0,0.0,0.0,0.0,2.2222222222222226e-19,0.0,0.0,0.0,6.666666666666668e-19,4.444444444444445e-19,8.88888888888889e-19,0.0,0.0,0.0,0.0,0.0,0.0,2403.9334277971543,2135.409451514506,2255.549022386373,2652.5756027752745,728.1042981992139,716.24279336066,-6.46122508269412,177.91782390459258,26131.371999999767,1.3065685999999884e+24,0.0,0.0
1.1e-06,130373.0,4.34578,3e+22,-576.242,5889.19,24329.6,2.88504,2.88286,2.9201,-0.000751583167,-7.18699244e-05,0.0733538809,0.00529399898,0.00537608886,0.00708050627,2.30637869e-05,-3.98951573e-05,-7.32014038e-06,2052.89188,-152.646077,-147.269767,-122.144082,2243.51717,-531.198674,2.41839483,307.151483,2089.8953,2200.0,130373.423082,4.345780769,-60.00000000000001,30000 3000,1e-06,2,0.0 0.0259,0.0 0.0,-1.0 0.0,0.00054857 28.0,80000,1000,5e-10,0.0,0.0 0.0 0.0,1000 1000000 0,0,0.0,0,100,0,,20,,1,,,,1.0,10.0,0.1,False,{},,,False,3,mixed,250,300,True,Ar_Aubin,,False,uniform,Argon-Aubin-Test2/20Td,3.0000000000000005e+21,1.21648e+24,0.0,1.1401555555555556e-13,1.140117777777778e-13,0.0,0.0,0.0,0.0,0.0,0.0,0.0,0.0,0.0,0.0,0.0,0.0,0.0,0.0,0.0,0.0,0.0,0.0,0.0,0.0,0.0,0.0,2.2222222222222226e-19,1.5555555555555556e-18,8.88888888888889e-19,1.1111111111111113e-18,0.0,0.0,0.0,0.0,0.0,0.0,2227.1420793073225,2052.458786212682,2651.8361120788077,2243.940425640077,561.2824911282489,305.22471925536024,-20.242251515812235,-84.296067312579,29284.13600000013,1.4642068000000067e+24,0.0,0.0
1.15e-06,132485.0,4.41616,3e+22,-5532.65,-685.225,24498.8,2.95224,2.95251,2.92398,-0.000873108496,2.35883534e-05,0.0747199102,0.00551818171,0.00560339279,0.00735406268,2.01389863e-05,-4.2679419e-05,-9.43618932e-08,2401.13389,239.637063,-114.86604,51.3354786,2328.44347,365.714603,-780.885756,7.2238584,2228.74397,2300.0,132484.707371,4.416156912,-60.00000000000001,30000 3000,1e-06,2,0.0 0.0259,0.0 0.0,-1.0 0.0,0.00054857 28.0,80000,1000,5e-10,0.0,0.0 0.0 0.0,1000 1000000 0,0,0.0,0,100,0,,20,,1,,,,1.0,10.0,0.1,False,{},,,False,3,mixed,250,300,True,Ar_Aubin,,False,uniform,Argon-Aubin-Test2/20Td,3.0000000000000005e+21,1.22494e+24,0.0,1.16798e-13,1.1679333333333334e-13,0.0,0.0,0.0,0.0,0.0,0.0,0.0,0.0,0.0,0.0,0.0,0.0,0.0,0.0,0.0,0.0,0.0,0.0,0.0,2.2222222222222226e-19,0.0,0.0,0.0,1.3333333333333336e-18,1.1111111111111113e-18,2e-18,0.0,0.0,0.0,0.0,0.0,0.0,2239.8528881113075,2396.303286279606,2273.0853887561675,2328.4596333294585,712.8327279532031,398.19583399224007,146.4556919482851,-460.9625744101652,27320.586000000036,1.366029300000002e+24,0.0,0.0
1.2e-06,134498.0,4.48325,3e+22,2529.93,-2890.95,21722.1,2.9814,2.98947,2.99286,-0.000669277368,-6.61251841e-05,0.0760173104,0.00575118021,0.00583453003,0.0076203104,1.15519752e-05,-2.58779442e-05,6.45828867e-07,1960.35681,-599.096325,-94.4910712,-430.934727,2108.82802,81.1243384,75.1766284,-101.443436,2016.85002,2400.0,134497.550058,4.483251669,-60.00000000000001,30000 3000,1e-06,2,0.0 0.0259,0.0 0.0,-1.0 0.0,0.00054857 28.0,80000,1000,5e-10,0.0,0.0 0.0 0.0,1000 1000000 0,0,0.0,0,100,0,,20,,1,,,,1.0,10.0,0.1,False,{},,,False,3,mixed,250,300,True,Ar_Aubin,,False,uniform,Argon-Aubin-Test2/20Td,3.0000000000000005e+21,1.086105e+24,0.0,1.2012177777777777e-13,1.201177777777778e-13,0.0,0.0,0.0,0.0,0.0,0.0,0.0,0.0,0.0,0.0,0.0,0.0,0.0,0.0,0.0,0.0,0.0,0.0,0.0,0.0,2.2222222222222226e-19,2.2222222222222226e-19,2.2222222222222226e-19,1.777777777777778e-18,4.444444444444445e-19,1.1111111111111113e-18,0.0,0.0,0.0,0.0,0.0,0.0,2333.1288625047,1962.0500348916241,2311.3342387044363,2108.636855399026,706.812198461174,365.5944017601603,48.79103621947922,-197.09480698483918,25948.00399999986,1.297400199999993e+24,0.0,0.0
1.25e-06,136528.0,4.55092,3e+22,4077.47,-592.738,30299.6,3.03574,3.02966,3.03112,-0.00042153357,-0.000241047418,0.0773499328,0.00597085792,0.00607994888,0.00788519604,-2.87758733e-07,-1.15193501e-05,-1.57622089e-05,2038.34693,34.1679165,-417.135084,-368.071102,2104.16507,116.737298,160.072907,-251.510906,2906.3613,2500.0,136527.566461,4.550918882,-60.00000000000001,30000 3000,1e-06,2,0.0 0.0259,0.0 0.0,-1.0 0.0,0.00054857 28.0,80000,1000,5e-10,0.0,0.0 0.0 0.0,1000 1000000 0,0,0.0,0,100,0,,20,,1,,,,1.0,10.0,0.1,False,{},,,False,3,mixed,250,300,True,Ar_Aubin,,False,uniform,Argon-Aubin-Test2/20Td,3.0000000000000005e+21,1.5149799999999998e+24,0.0,1.2246933333333333e-13,1.2246444444444446e-13,0.0,0.0,0.0,0.0,0.0,0.0,0.0,0.0,0.0,0.0,0.0,0.0,0.0,0.0,0.0,0.0,0.0,0.0,0.0,0.0,2.2222222222222226e-19,0.0,0.0,1.3333333333333336e-18,1.3333333333333336e-18,2e-18,0.0,0.0,0.0,0.0,0.0,0.0,2199.4795164468046,2040.0657204856677,2453.6511868224807,2104.0221920355493,605.050162854311,562.6892761331201,-78.24956029013853,-559.6819089364441,26652.44800000022,1.332622400000011e+24,0.0,0.0
1.3e-06,138370.0,4.61232,3e+22,-3029.72,3765.7,26055.9,3.03735,3.09592,3.08738,-0.000362301953,-0.000326250137,0.078687067,0.00620997234,0.00629698354,0.00815687056,-5.28559118e-06,-1.02933703e-05,-1.90700611e-05,2356.73737,-553.025588,-204.804921,-41.3107359,2007.12193,-305.399767,-337.923983,367.913485,2609.69599,2600.0,138369.603895,4.61232013,-60.00000000000001,30000 3000,1e-06,2,0.0 0.0259,0.0 0.0,-1.0 0.0,0.00054857 28.0,80000,1000,5e-10,0.0,0.0 0.0 0.0,1000 1000000 0,0,0.0,0,100,0,,20,,1,,,,1.0,10.0,0.1,False,{},,,False,3,mixed,250,300,True,Ar_Aubin,,False,uniform,Argon-Aubin-Test2/20Td,3.0000000000000005e+21,1.3027950000000002e+24,0.0,1.2505133333333333e-13,1.250428888888889e-13,0.0,0.0,0.0,0.0,0.0,0.0,0.0,0.0,0.0,0.0,0.0,0.0,0.0,0.0,0.0,0.0,0.0,0.0,0.0,2.2222222222222226e-19,2.2222222222222226e-19,2.2222222222222226e-19,8.88888888888889e-19,2.666666666666667e-18,2e-18,2.2222222222222226e-18,0.0,0.0,0.0,0.0,0.0,0.0,2391.608478454887,2355.639696526957,2169.863247058323,2008.350490140901,630.3211110202708,559.4336409547,-57.42270925004491,-294.8890199115874,26742.683999999852,1.3371341999999926e+24,0.0,0.0
1.35e-06,140251.0,4.67502,3e+22,379.423,772.549,24111.5,3.11452,3.08695,3.14526,-0.000378032549,-0.000291699654,0.0799990259,0.00644618175,0.00653365615,0.00843958258,-7.62382364e-06,2.45925236e-06,-2.72600881e-05,2282.51576,-80.0910731,-650.31783,25.2495257,2160.1886,-20.4211179,-53.4937709,298.615268,2550.95662,2700.0,140250.589835,4.675019661,-60.00000000000001,30000 3000,1e-06,2,0.0 0.0259,0.0 0.0,-1.0 0.0,0.00054857 28.0,80000,1000,5e-10,0.0,0.0 0.0 0.0,1000 1000000 0,0,0.0,0,100,0,,20,,1,,,,1.0,10.0,0.1,False,{},,,False,3,mixed,250,300,True,Ar_Aubin,,False,uniform,Argon-Aubin-Test2/20Td,3.0000000000000005e+21,1.2055750000000001e+24,0.0,1.2737955555555555e-13,1.2737266666666668e-13,0.0,0.0,0.0,0.0,0.0,0.0,0.0,0.0,0.0,0.0,0.0,0.0,0.0,2.2222222222222226e-19,0.0,0.0,0.0,0.0,0.0,0.0,2.2222222222222226e-19,2.2222222222222226e-19,4.444444444444445e-19,2e-18,2.2222222222222226e-18,1.5555555555555556e-18,0.0,0.0,0.0,0.0,0.0,0.0,2361.977640970448,2282.659194243839,2366.939604637481,2160.413952275998,745.2238811361811,622.0601070121497,289.72760577104344,-725.0501394988421,26239.17800000014,1.311958900000007e+24,0.0,0.0
1.4e-06,141624.0,4.72081,3e+22,5368.45,-2100.31,15140.3,3.15135,3.14343,3.14535,-0.00036847357,-0.000387255934,0.0811019836,0.00668363342,0.00676308176,0.00868356945,-6.84536713e-06,-1.2331117e-06,-4.08091418e-05,2128.07398,54.9100706,-820.434451,123.744441,1829.02064,141.679758,752.517703,-120.259993,1362.86876,2800.0,141624.409111,4.720813637,-60.00000000000001,30000 3000,1e-06,2,0.0 0.0259,0.0 0.0,-1.0 0.0,0.00054857 28.0,80000,1000,5e-10,0.0,0.0 0.0 0.0,1000 1000000 0,0,0.0,0,100,0,,20,,1,,,,1.0,10.0,0.1,False,{},,,False,3,mixed,250,300,True,Ar_Aubin,,False,uniform,Argon-Aubin-Test2/20Td,3.0000000000000005e+21,7.57015e+23,0.0,1.2970755555555556e-13,1.2969822222222224e-13,0.0,0.0,0.0,0.0,0.0,0.0,0.0,0.0,0.0,0.0,0.0,0.0,0.0,0.0,0.0,0.0,0.0,0.0,2.2222222222222226e-19,0.0,0.0,0.0,2.2222222222222226e-19,2.888888888888889e-18,3.3333333333333337e-18,2.666666666666667e-18,0.0,0.0,0.0,0.0,0.0,0.0,2374.5880583631465,2130.052111936867,2293.607315297262,1828.2072824892605,662.9927109420235,134.9603977009201,-81.01324614641139,-497.7298914655489,22059.153999999806,1.1029576999999904e+24,0.0,0.0
1.45e-06,142975.0,4.76583,3e+22,-3238.36,5150.43,29385.0,3.17456,3.18674,3.16524,-0.000476900923,-0.000401299875,0.0822227789,0.00691918303,0.00699668702,0.00893843538,-2.0593568e-05,-1.10488063e-05,-3.91843334e-05,2350.48762,-127.527743,-275.506346,63.0116006,2073.94069,277.909552,-124.395518,366.451527,3143.70903,2900.0,142974.875964,4.765829199,-60.00000000000001,30000 3000,1e-06,2,0.0 0.0259,0.0 0.0,-1.0 0.0,0.00054857 28.0,80000,1000,5e-10,0.0,0.0 0.0 0.0,1000 1000000 0,0,0.0,0,100,0,,20,,1,,,,1.0,10.0,0.1,False,{},,,False,3,mixed,250,300,True,Ar_Aubin,,False,uniform,Argon-Aubin-Test2/20Td,3.0000000000000005e+21,1.4692500000000002e+24,0.0,1.3163199999999998e-13,1.316217777777778e-13,0.0,0.0,0.0,0.0,0.0,0.0,0.0,0.0,0.0,0.0,0.0,0.0,0.0,0.0,0.0,2.2222222222222226e-19,0.0,2.2222222222222226e-19,0.0,0.0,2.2222222222222226e-19,2.2222222222222226e-19,0.0,4e-18,2.888888888888889e-18,2.4444444444444447e-18,0.0,0.0,0.0,0.0,0.0,0.0,2354.579482814305,2348.943243126994,2335.9418556874284,2076.0075569151963,718.123038163836,727.5926720234997,-9.750257642770475,-119.62117209904096,22415.906000000097,1.120795300000005e+24,0.0,0.0
1.5e-06,144748.0,4.82494,3e+22,-2289.27,4432.17,22222.2,3.16929,3.26864,3.20899,-0.000514820871,-0.000396484099,0.083537427,0.0071439215,0.00720510955,0.00922852485,-2.927334e-05,-1.62795273e-05,-3.87027192e-05,2426.45504,-567.22003,284.796084,257.700981,1758.57532,406.1457,-400.422841,642.147676,2949.26084,3000.0,144748.099448,4.824936648,-60.00000000000001,30000 3000,1e-06,2,0.0 0.0259,0.0 0.0,-1.0 0.0,0.00054857 28.0,80000,1000,5e-10,0.0,0.0 0.0 0.0,1000 1000000 0,0,0.0,0,100,0,,20,,1,,,,1.0,10.0,0.1,False,{},,,False,3,mixed,250,300,True,Ar_Aubin,,False,uniform,Argon-Aubin-Test2/20Td,3.0000000000000005e+21,1.11111e+24,0.0,1.337951111111111e-13,1.3378622222222223e-13,0.0,0.0,0.0,0.0,0.0,0.0,0.0,2.2222222222222226e-19,0.0,0.0,0.0,0.0,0.0,0.0,0.0,0.0,0.0,4.444444444444445e-19,0.0,4.444444444444445e-19,0.0,0.0,2.2222222222222226e-19,1.3333333333333336e-18,3.1111111111111112e-18,3.1111111111111112e-18,0.0,0.0,0.0,0.0,0.0,0.0,2247.008639611409,2425.2764760246455,2084.2637194891554,1760.3326049290647,721.731302579555,1092.8754297205999,-28.720584395920284,87.05342086782618,26292.96199999992,1.3146480999999962e+24,0.0,0.0
1.55e-06,146012.0,4.86705,3e+22,6733.9,4512.44,21336.0,3.21929,3.22595,3.2859,-0.000569331196,-0.000428907991,0.0846426972,0.0073973514,0.00742142317,0.00949923635,-2.59443482e-05,-2.47751213e-05,-3.07360458e-05,2207.11944,176.365761,506.115614,448.688696,2194.98734,-127.570124,514.723552,665.23871,2689.58835,3100.0,146011.563128,4.867052104,-60.00000000000001,30000 3000,1e-06,2,0.0 0.0259,0.0 0.0,-1.0 0.0,0.00054857 28.0,80000,1000,5e-10,0.0,0.0 0.0 0.0,1000 1000000 0,0,0.0,0,100,0,,20,,1,,,,1.0,10.0,0.1,False,{},,,False,3,mixed,250,300,True,Ar_Aubin,,False,uniform,Argon-Aubin-Test2/20Td,3.0000000000000005e+21,1.0668e+24,0.0,1.3588888888888888e-13,1.3587755555555557e-13,0.0,0.0,0.0,0.0,0.0,0.0,2.2222222222222226e-19,0.0,0.0,0.0,0.0,0.0,2.2222222222222226e-19,0.0,0.0,0.0,0.0,2.2222222222222226e-19,0.0,0.0,0.0,2.2222222222222226e-19,2.2222222222222226e-19,5.1111111111111114e-18,2e-18,3.1111111111111112e-18,0.0,0.0,0.0,0.0,0.0,0.0,2533.708025184789,2210.9532593407444,2162.8685757601584,2196.9227615749082,848.2702048944174,883.6517625407998,-66.25353799394111,463.01095772277586,22105.404000000162,1.1052702000000082e+24,0.0,0.0
1.6e-06,147245.0,4.90818,3e+22,144.785,5067.14,23979.8,3.2901,3.26591,3.25694,-0.00056643597,-0.000555304273,0.085775089,0.00761813538,0.00763963768,0.00977215369,-2.59022296e-05,-6.49317156e-06,-5.13955431e-05,2630.05265,252.341691,-425.203384,-179.163995,1977.62547,99.6481011,273.028641,631.720128,2957.40691,3200.0,147245.44631,4.908181544,-60.00000000000001,30000 3000,1e-06,2,0.0 0.0259,0.0 0.0,-1.0 0.0,0.00054857 28.0,80000,1000,5e-10,0.0,0.0 0.0 0.0,1000 1000000 0,0,0.0,0,100,0,,20,,1,,,,1.0,10.0,0.1,False,{},,,False,3,mixed,250,300,True,Ar_Aubin,,False,uniform,Argon-Aubin-Test2/20Td,3.0000000000000005e+21,1.19899e+24,0.0,1.3764599999999999e-13,1.3763333333333335e-13,0.0,0.0,0.0,0.0,0.0,0.0,2.2222222222222226e-19,0.0,0.0,0.0,0.0,0.0,2.2222222222222226e-19,0.0,0.0,0.0,0.0,0.0,0.0,4.444444444444445e-19,2.2222222222222226e-19,0.0,4.444444444444445e-19,3.3333333333333337e-18,3.555555555555556e-18,4.222222222222222e-18,0.0,0.0,0.0,0.0,0.0,0.0,2207.8726830262844,2630.1346614319164,2180.901092291316,1980.4392744938891,799.3763633296763,900.5374307978004,373.56634900018946,-151.01066798745904,22647.83599999987,1.1323917999999935e+24,0.0,0.0
1.65e-06,148373.0,4.94577,3e+22,1849.77,12901.5,15866.6,3.26437,3.29616,3.32861,-0.000559293159,-0.000440205283,0.0868769169,0.00784817748,0.00785377871,0.0100405252,-2.80876229e-05,-9.74812247e-06,-5.18535464e-05,1867.50864,10.5808745,-290.290263,-225.793637,2082.11837,-581.720932,41.7269306,1736.59964,1691.00783,3300.0,148372.990102,4.945766337,-60.00000000000001,30000 3000,1e-06,2,0.0 0.0259,0.0 0.0,-1.0 0.0,0.00054857 28.0,80000,1000,5e-10,0.0,0.0 0.0 0.0,1000 1000000 0,0,0.0,0,100,0,,20,,1,,,,1.0,10.0,0.1,False,{},,,False,3,mixed,250,300,True,Ar_Aubin,,False,uniform,Argon-Aubin-Test2/20Td,3.0000000000000005e+21,7.9333e+23,0.0,1.3969466666666667e-13,1.3968111111111112e-13,0.0,0.0,0.0,0.0,0.0,0.0,0.0,0.0,0.0,0.0,0.0,0.0,2.2222222222222226e-19,0.0,0.0,2.2222222222222226e-19,2.2222222222222226e-19,0.0,0.0,0.0,6.666666666666668e-19,2.2222222222222226e-19,4.444444444444445e-19,4.222222222222222e-18,3.777777777777778e-18,3.555555555555556e-18,0.0,0.0,0.0,0.0,0.0,0.0,2300.501408704055,1868.5432037067235,2142.556121444315,2087.7976784586244,781.3871290841477,312.56654031445987,-65.02762704739683,-400.39156613752357,22036.558000000095,1.101827900000005e+24,0.0,0.0
1.7e-06,149345.0,4.97817,3e+22,-177.747,-3260.67,16478.8,3.30529,3.30435,3.34509,-0.000443045549,-0.000430642884,0.0879203427,0.00805794601,0.00809733491,0.0102983422,-2.90150407e-05,-1.19920098e-05,-4.93900928e-05,2055.69569,-328.479926,-686.420181,-293.025165,2119.48909,78.2323463,-193.181666,-335.35842,1855.04108,3400.0,149345.037824,4.978167927,-60.00000000000001,30000 3000,1e-06,2,0.0 0.0259,0.0 0.0,-1.0 0.0,0.00054857 28.0,80000,1000,5e-10,0.0,0.0 0.0 0.0,1000 1000000 0,0,0.0,0,100,0,,20,,1,,,,1.0,10.0,0.1,False,{},,,False,3,mixed,250,300,True,Ar_Aubin,,False,uniform,Argon-Aubin-Test2/20Td,3.0000000000000005e+21,8.239400000000001e+23,0.0,1.4073133333333332e-13,1.407168888888889e-13,0.0,0.0,2.2222222222222226e-19,0.0,0.0,0.0,0.0,0.0,0.0,0.0,0.0,0.0,2.2222222222222226e-19,2.2222222222222226e-19,0.0,0.0,0.0,2.2222222222222226e-19,0.0,2.2222222222222226e-19,0.0,2.2222222222222226e-19,6.666666666666668e-19,4.444444444444445e-18,3.777777777777778e-18,3.777777777777778e-18,0.0,0.0,2.2222222222222226e-19,0.0,2.2222222222222226e-19,0.0,2098.850494792158,2055.616939982802,2435.6452739764113,2118.084905667428,754.290295640614,406.21933671523993,-237.61672254783693,-856.6734108532418,20868.51599999995,1.0434257999999975e+24,0.0,0.0
1.75e-06,150097.0,5.00325,3e+22,7912.34,5055.7,18383.0,3.33006,3.33868,3.33533,-0.000371416173,-0.000422696826,0.0888909501,0.00827782154,0.0083106523,0.0105521334,-2.68986925e-05,-1.74026091e-05,-5.08796842e-05,1952.68622,-237.864051,-571.975768,122.457966,2054.79822,419.377845,1297.51579,481.600217,2395.01643,3500.0,150097.466891,5.003248896,-60.00000000000001,30000 3000,1e-06,2,0.0 0.0259,0.0 0.0,-1.0 0.0,0.00054857 28.0,80000,1000,5e-10,0.0,0.0 0.0 0.0,1000 1000000 0,0,0.0,0,100,0,,20,,1,,,,1.0,10.0,0.1,False,{},,,False,3,mixed,250,300,True,Ar_Aubin,,False,uniform,Argon-Aubin-Test2/20Td,3.0000000000000005e+21,9.191499999999999e+23,0.0,1.421682222222222e-13,1.4215200000000002e-13,0.0,0.0,0.0,0.0,0.0,0.0,0.0,0.0,0.0,0.0,0.0,0.0,2.2222222222222226e-19,2.2222222222222226e-19,0.0,0.0,0.0,0.0,0.0,4.444444444444445e-19,0.0,0.0,6.666666666666668e-19,6.0000000000000004e-18,4.222222222222222e-18,4.444444444444445e-18,0.0,0.0,0.0,0.0,0.0,0.0,2199.338693849237,1955.6249910422748,2133.241706868301,2056.9352483432085,821.7685080475281,760.9340943116999,-226.9555859862735,29.0323453940249,19412.148000000074,9.706074000000038e+23,0.0,0.0
1.8e-06,150963.0,5.03211,3e+22,-1393.44,-2223.18,19792.5,3.35551,3.31631,3.39014,-0.000394445165,-0.000473562281,0.0899839652,0.00850494384,0.00853074543,0.0108367222,-2.75977509e-05,-1.49962548e-05,-6.41931576e-05,2174.88715,-213.528102,276.633805,199.057678,2147.18477,-664.568043,256.480569,-101.544288,2504.93367,3600.0,150963.33241,5.03211108,-60.00000000000001,30000 3000,1e-06,2,0.0 0.0259,0.0 0.0,-1.0 0.0,0.00054857 28.0,80000,1000,5e-10,0.0,0.0 0.0 0.0,1000 1000000 0,0,0.0,0,100,0,,20,,1,,,,1.0,10.0,0.1,False,{},,,False,3,mixed,250,300,True,Ar_Aubin,,False,uniform,Argon-Aubin-Test2/20Td,3.0000000000000005e+21,9.89625e+23,2.222222222222222e-19,1.4323466666666667e-13,1.432168888888889e-13,0.0,0.0,0.0,0.0,0.0,0.0,0.0,0.0,0.0,0.0,0.0,0.0,0.0,0.0,0.0,0.0,0.0,4.444444444444445e-19,0.0,1.3333333333333336e-18,6.666666666666668e-19,2.2222222222222226e-19,4.444444444444445e-19,4.444444444444445e-18,4.666666666666667e-18,5.333333333333334e-18,0.0,0.0,0.0,0.0,0.0,2.2222222222222226e-19,2271.0466298537203,2174.3375143292824,2200.475413727237,2146.1319558081263,890.7581656587838,723.9260387789998,97.69115600384586,666.3086863965505,21860.301999999945,1.0930150999999974e+24,1.0165560485954072e-23,1.1227597434493986e-23
1.85e-06,151723.0,5.05743,3e+22,-7589.61,4588.5,20889.3,3.36972,3.37386,3.36835,-0.000406410375,-0.000529890134,0.0910265945,0.00871920639,0.00873011025,0.0111108788,-1.97758269e-05,-2.55913754e-05,-5.67988238e-05,2079.43006,550.086578,-46.9874861,-124.778753,2531.60907,278.952355,-750.697165,245.177885,2659.53227,3700.0,151722.818682,5.057427289,-60.00000000000001,30000 3000,1e-06,2,0.0 0.0259,0.0 0.0,-1.0 0.0,0.00054857 28.0,80000,1000,5e-10,0.0,0.0 0.0 0.0,1000 1000000 0,0,0.0,0,100,0,,20,,1,,,,1.0,10.0,0.1,False,{},,,False,3,mixed,250,300,True,Ar_Aubin,,False,uniform,Argon-Aubin-Test2/20Td,3.0000000000000005e+21,1.0444650000000001e+24,0.0,1.4428977777777777e-13,1.4427133333333335e-13,2.2222222222222226e-19,0.0,0.0,0.0,0.0,0.0,0.0,0.0,0.0,0.0,0.0,0.0,0.0,0.0,0.0,0.0,0.0,4.444444444444445e-19,0.0,4.444444444444445e-19,4.444444444444445e-19,2.2222222222222226e-19,6.666666666666668e-19,5.333333333333334e-18,4.222222222222222e-18,6.444444444444445e-18,0.0,0.0,0.0,0.0,0.0,0.0,2142.52967595285,2076.3455637537963,1993.0829767987602,2534.040470879859,854.296868473825,758.0504295111502,-181.8941638990064,-98.3386709703675,20852.586000000007,1.0426293000000005e+24,0.0,0.0
1.9e-06,152796.0,5.09321,3e+22,-644.821,-2307.2,19573.3,3.37455,3.38107,3.42859,-0.000370724853,-0.000449541751,0.0921264993,0.0089570337,0.00895811849,0.0113992554,-7.03883166e-06,-9.85347206e-06,-5.97627842e-05,2544.62666,160.713498,32.5857089,356.506097,2233.23818,-237.386299,-473.440973,-186.311417,2807.37336,3800.0,152796.289005,5.093209633,-60.00000000000001,30000 3000,1e-06,2,0.0 0.0259,0.0 0.0,-1.0 0.0,0.00054857 28.0,80000,1000,5e-10,0.0,0.0 0.0 0.0,1000 1000000 0,0,0.0,0,100,0,,20,,1,,,,1.0,10.0,0.1,False,{},,,False,3,mixed,250,300,True,Ar_Aubin,,False,uniform,Argon-Aubin-Test2/20Td,3.0000000000000005e+21,9.786650000000001e+23,0.0,1.4594244444444443e-13,1.4592822222222224e-13,0.0,0.0,0.0,0.0,0.0,0.0,0.0,0.0,0.0,0.0,0.0,0.0,2.2222222222222226e-19,2.2222222222222226e-19,2.2222222222222226e-19,0.0,0.0,6.666666666666668e-19,0.0,4.444444444444445e-19,0.0,4.444444444444445e-19,4.444444444444445e-19,3.3333333333333337e-18,3.555555555555556e-18,4.666666666666667e-18,0.0,0.0,0.0,0.0,0.0,0.0,2378.550424762763,2544.3876088295638,2280.86935768217,2232.2009972720925,869.2563299453165,1004.1537512513103,257.9466768935833,-374.1938539296498,21998.095999999914,1.0999047999999957e+24,0.0,0.0
1.95e-06,153593.0,5.11976,3e+22,-833.496,6725.34,19873.0,3.42129,3.41317,3.40255,-0.000394392933,-0.000481495788,0.0931603239,0.00920518221,0.00917520023,0.0116884614,1.04815208e-06,-9.86694621e-06,-6.24593533e-05,2132.7437,159.830656,486.679422,110.006334,1659.73515,-618.725602,-275.823162,502.551952,2250.38538,3900.0,153592.803783,5.119760126,-60.00000000000001,30000 3000,1e-06,2,0.0 0.0259,0.0 0.0,-1.0 0.0,0.00054857 28.0,80000,1000,5e-10,0.0,0.0 0.0 0.0,1000 1000000 0,0,0.0,0,100,0,,20,,1,,,,1.0,10.0,0.1,False,{},,,False,3,mixed,250,300,True,Ar_Aubin,,False,uniform,Argon-Aubin-Test2/20Td,3.0000000000000005e+21,9.936500000000002e+23,0.0,1.4683e-13,1.4681266666666667e-13,0.0,0.0,0.0,0.0,0.0,0.0,0.0,0.0,0.0,0.0,0.0,2.2222222222222226e-19,0.0,0.0,0.0,0.0,2.2222222222222226e-19,0.0,2.2222222222222226e-19,2.2222222222222226e-19,2.2222222222222226e-19,6.666666666666668e-19,2.2222222222222226e-19,4.222222222222222e-18,5.555555555555556e-18,5.555555555555556e-18,0.0,0.0,0.0,0.0,0.0,0.0,2481.304011310304,2132.414975067916,2170.5198959203094,1662.9733728828678,976.5192411998955,399.0102631353002,51.49432643507786,296.3427880868634,20676.491999999937,1.0338245999999968e+24,0.0,0.0
2e-06,154337.0,5.14457,3e+22,2143.99,-1673.08,14949.3,3.47243,3.36192,3.45347,-0.000516930257,-0.000580425132,0.0942157824,0.00942823333,0.00939518921,0.011960133,5.6602365e-06,-2.12621507e-05,-7.00824901e-05,2081.88158,227.567278,350.422612,-44.2807315,3148.56069,260.569596,186.983137,-240.75511,2045.90587,4000.0,154336.973674,5.144565789,-60.00000000000001,30000 3000,1e-06,2,0.0 0.0259,0.0 0.0,-1.0 0.0,0.00054857 28.0,80000,1000,5e-10,0.0,0.0 0.0 0.0,1000 1000000 0,0,0.0,0,100,0,,20,,1,,,,1.0,10.0,0.1,False,{},,,False,3,mixed,250,300,True,Ar_Aubin,,False,uniform,Argon-Aubin-Test2/20Td,3.0000000000000005e+21,7.47465e+23,0.0,1.4790755555555555e-13,1.478888888888889e-13,0.0,0.0,0.0,0.0,0.0,0.0,0.0,0.0,0.0,0.0,0.0,0.0,2.2222222222222226e-19,2.2222222222222226e-19,0.0,0.0,2.2222222222222226e-19,0.0,0.0,6.666666666666668e-19,1.1111111111111113e-18,4.444444444444445e-19,8.88888888888889e-19,8e-18,2.888888888888889e-18,3.777777777777778e-18,0.0,0.0,0.0,2.2222222222222226e-19,0.0,0.0,2229.3944889499944,2082.9898733017058,2198.8392486000516,3147.5895923201533,739.0389590875881,637.4458741676801,11.320214746741597,343.1357991831941,21109.170000000177,1.055458500000009e+24,0.0,0.0
2.05e-06,155241.0,5.1747,3e+22,-247.861,7272.65,25955.5,3.448,3.44741,3.44986,-0.000522080243,-0.000595403632,0.0952960136,0.00966622584,0.00958196188,0.0122524748,1.49304204e-05,-1.57318122e-05,-7.29495464e-05,1676.25618,-247.43572,623.417481,142.885489,1946.91082,146.945488,300.802126,974.68103,3552.42955,4100.0,155240.944095,5.174698136,-60.00000000000001,30000 3000,1e-06,2,0.0 0.0259,0.0 0.0,-1.0 0.0,0.00054857 28.0,80000,1000,5e-10,0.0,0.0 0.0 0.0,1000 1000000 0,0,0.0,0,100,0,,20,,1,,,,1.0,10.0,0.1,False,{},,,False,3,mixed,250,300,True,Ar_Aubin,,False,uniform,Argon-Aubin-Test2/20Td,3.0000000000000005e+21,1.297775e+24,0.0,1.492711111111111e-13,1.4925422222222225e-13,0.0,0.0,0.0,0.0,0.0,0.0,0.0,0.0,0.0,0.0,0.0,0.0,0.0,0.0,0.0,0.0,0.0,2.2222222222222226e-19,0.0,4.444444444444445e-19,0.0,0.0,1.3333333333333336e-18,4.888888888888889e-18,4.888888888888889e-18,5.1111111111111114e-18,0.0,0.0,0.0,0.0,0.0,0.0,2379.871591104716,1676.1267766688898,1867.550578488579,1951.2409822242648,876.2524519276457,1078.9738690051995,131.5903165546246,961.3906259740961,21604.624000000073,1.0802312000000037e+24,0.0,0.0
2.1e-06,156050.0,5.20167,3e+22,11038.4,9585.05,17023.0,3.47675,3.44616,3.47757,-0.000372950674,-0.000543233536,0.0963941495,0.00985664102,0.00980068214,0.0125586492,1.15407845e-05,1.49480088e-05,-7.476768e-05,1884.36233,-615.539021,351.808026,-51.7234992,1743.25121,-255.501959,1445.36688,884.723997,2099.06293,4200.0,156050.008862,5.201666962,-60.00000000000001,30000 3000,1e-06,2,0.0 0.0259,0.0 0.0,-1.0 0.0,0.00054857 28.0,80000,1000,5e-10,0.0,0.0 0.0 0.0,1000 1000000 0,0,0.0,0,100,0,,20,,1,,,,1.0,10.0,0.1,False,{},,,False,3,mixed,250,300,True,Ar_Aubin,,False,uniform,Argon-Aubin-Test2/20Td,3.0000000000000005e+21,8.511500000000001e+23,0.0,1.5038733333333334e-13,1.5036844444444446e-13,0.0,0.0,0.0,0.0,0.0,0.0,0.0,0.0,0.0,0.0,0.0,0.0,6.666666666666668e-19,2.2222222222222226e-19,0.0,0.0,2.2222222222222226e-19,6.666666666666668e-19,2.2222222222222226e-19,2.2222222222222226e-19,4.444444444444445e-19,2.2222222222222226e-19,6.666666666666668e-19,6.8888888888888895e-18,4.222222222222222e-18,4.222222222222222e-18,0.0,0.0,0.0,0.0,0.0,0.0,1905.4865557489345,1888.4791087198814,2187.796628103627,1748.4581306042367,956.7255022303705,458.1453230615,337.5583617692491,739.486465482702,21962.717999999826,1.0981358999999914e+24,0.0,0.0
2.15e-06,156726.0,5.22419,3e+22,12795.9,972.364,21660.1,3.48341,3.47749,3.48387,-0.000158228051,-0.00046831972,0.0974609276,0.0100555819,0.0100136266,0.0128658044,-4.71191303e-06,3.79883729e-05,-7.34398993e-05,1997.37451,-212.724714,-83.6946881,789.666729,1616.27611,-541.698054,1139.02884,368.017673,3223.16484,4300.0,156725.602177,5.224186739,-60.00000000000001,30000 3000,1e-06,2,0.0 0.0259,0.0 0.0,-1.0 0.0,0.00054857 28.0,80000,1000,5e-10,0.0,0.0 0.0 0.0,1000 1000000 0,0,0.0,0,100,0,,20,,1,,,,1.0,10.0,0.1,False,{},,,False,3,mixed,250,300,True,Ar_Aubin,,False,uniform,Argon-Aubin-Test2/20Td,3.0000000000000005e+21,1.0830050000000001e+24,0.0,1.5199355555555555e-13,1.5197311111111113e-13,0.0,0.0,0.0,0.0,0.0,0.0,2.2222222222222226e-19,0.0,0.0,0.0,0.0,0.0,0.0,2.2222222222222226e-19,0.0,0.0,0.0,2.2222222222222226e-19,4.444444444444445e-19,4.444444444444445e-19,0.0,4.444444444444445e-19,4.444444444444445e-19,8.222222222222223e-18,5.1111111111111114e-18,4.666666666666667e-18,0.0,0.0,0.0,0.0,0.0,0.0,1990.5493608911481,1999.399180317791,2130.2023931449485,1616.731487236218,1003.548491759071,1112.15140209124,50.22307394236687,-188.33889616937472,21335.561999999976,1.0667780999999989e+24,0.0,0.0
2.2e-06,157487.0,5.24957,3e+22,-2034.57,-1086.33,9742.96,3.50288,3.51658,3.47912,-5.91710394e-05,-0.000545839096,0.0986038365,0.0102264598,0.0102550807,0.0131893733,-8.15715292e-06,6.30765456e-05,-9.22671221e-05,2449.29418,-47.1481434,-172.275781,437.201617,1638.36526,-578.646538,-187.979927,-467.7095,1349.63423,4400.0,157487.231545,5.249574385,-60.00000000000001,30000 3000,1e-06,2,0.0 0.0259,0.0 0.0,-1.0 0.0,0.00054857 28.0,80000,1000,5e-10,0.0,0.0 0.0 0.0,1000 1000000 0,0,0.0,0,100,0,,20,,1,,,,1.0,10.0,0.1,False,{},,,False,3,mixed,250,300,True,Ar_Aubin,,False,uniform,Argon-Aubin-Test2/20Td,3.0000000000000005e+21,4.87148e+23,0.0,1.5279266666666666e-13,1.5277133333333336e-13,0.0,2.2222222222222226e-19,0.0,0.0,0.0,0.0,0.0,0.0,0.0,0.0,0.0,0.0,4.444444444444445e-19,0.0,0.0,0.0,0.0,4.444444444444445e-19,2.2222222222222226e-19,6.666666666666668e-19,8.88888888888889e-19,4.444444444444445e-19,1.1111111111111113e-18,5.555555555555556e-18,5.555555555555556e-18,5.777777777777778e-18,0.0,0.0,0.0,0.0,0.0,0.0,1708.9943490421895,2449.173792378368,2413.7548304141965,1637.7722986148424,994.8473613370819,388.94099513396,310.03223143465095,-159.0627993021624,22858.17800000006,1.1429089000000032e+24,0.0,0.0
2.25e-06,157824.0,5.26081,3e+22,3047.16,3311.6,18045.5,3.52381,3.47885,3.51698,-1.88474813e-05,-0.000517044161,0.099558158,0.010458896,0.0104703654,0.0134804694,-1.11862987e-05,8.27414556e-05,-7.86185269e-05,2231.94412,79.8685292,601.351566,-365.014982,1120.10251,-23.10239,-349.271716,540.150221,2661.92858,4500.0,157824.230664,5.260807689,-60.00000000000001,30000 3000,1e-06,2,0.0 0.0259,0.0 0.0,-1.0 0.0,0.00054857 28.0,80000,1000,5e-10,0.0,0.0 0.0 0.0,1000 1000000 0,0,0.0,0,100,0,,20,,1,,,,1.0,10.0,0.1,False,{},,,False,3,mixed,250,300,True,Ar_Aubin,,False,uniform,Argon-Aubin-Test2/20Td,3.0000000000000005e+21,9.022750000000001e+23,0.0,1.53396e-13,1.5337311111111113e-13,0.0,0.0,0.0,0.0,0.0,0.0,0.0,2.2222222222222226e-19,0.0,0.0,0.0,2.2222222222222226e-19,4.444444444444445e-19,0.0,0.0,0.0,2.2222222222222226e-19,4.444444444444445e-19,2.2222222222222226e-19,2.2222222222222226e-19,8.88888888888889e-19,6.666666666666668e-19,8.88888888888889e-19,6.6666666666666674e-18,5.1111111111111114e-18,6.6666666666666674e-18,0.0,0.0,0.0,0.0,0.0,0.0,2324.3934598435326,2232.001551291118,2153.1530565429766,1121.8147534435675,1019.8584816577088,865.351839811,314.13678053269587,-50.94967450748081,19086.429999999877,9.543214999999938e+23,0.0,0.0
2.3e-06,157821.0,5.26071,3e+22,6092.16,-3764.41,25366.8,3.51458,3.5187,3.4842,4.75600238e-05,-0.00058995664,0.100400806,0.0106755945,0.0106843382,0.0137449402,-4.16957469e-06,7.77695879e-05,-8.73924472e-05,2175.91629,453.437943,-66.9130734,-437.335971,2098.23613,-432.965693,913.651675,-262.320578,3503.75069,4600.0,157821.426838,5.260714228,-60.00000000000001,30000 3000,1e-06,2,0.0 0.0259,0.0 0.0,-1.0 0.0,0.00054857 28.0,80000,1000,5e-10,0.0,0.0 0.0 0.0,1000 1000000 0,0,0.0,0,100,0,,20,,1,,,,1.0,10.0,0.1,False,{},,,False,3,mixed,250,300,True,Ar_Aubin,,False,uniform,Argon-Aubin-Test2/20Td,3.0000000000000005e+21,1.26834e+24,0.0,1.5348955555555555e-13,1.5346422222222224e-13,0.0,0.0,0.0,0.0,0.0,0.0,0.0,0.0,0.0,2.2222222222222226e-19,0.0,0.0,6.666666666666668e-19,0.0,0.0,0.0,0.0,6.666666666666668e-19,0.0,1.3333333333333336e-18,4.444444444444445e-19,2.2222222222222226e-19,1.3333333333333336e-18,8.222222222222223e-18,5.555555555555556e-18,6.2222222222222225e-18,0.0,0.0,0.0,0.0,4.444444444444445e-19,0.0,2166.965932716859,2175.6265467254066,2138.9208582734377,2096.0152913248176,959.7577890332714,956.9035243592002,-232.46705888133252,233.87438170731014,16852.96000000003,8.426480000000015e+23,0.0,0.0
2.35e-06,158269.0,5.27563,3e+22,3356.88,3598.84,20790.9,3.51908,3.50096,3.52863,3.32982644e-05,-0.000581629681,0.101536658,0.010905869,0.0108830087,0.0140616662,2.86937701e-06,5.92106316e-05,-0.000101314969,1866.17362,-324.371057,541.202782,-350.549618,2174.00223,-373.070237,517.757318,199.325263,3234.52333,4700.0,158268.973649,5.275632455,-60.00000000000001,30000 3000,1e-06,2,0.0 0.0259,0.0 0.0,-1.0 0.0,0.00054857 28.0,80000,1000,5e-10,0.0,0.0 0.0 0.0,1000 1000000 0,0,0.0,0,100,0,,20,,1,,,,1.0,10.0,0.1,False,{},,,False,3,mixed,250,300,True,Ar_Aubin,,False,uniform,Argon-Aubin-Test2/20Td,3.0000000000000005e+21,1.0395450000000001e+24,0.0,1.5415955555555554e-13,1.541328888888889e-13,0.0,0.0,0.0,0.0,0.0,0.0,2.2222222222222226e-19,0.0,0.0,6.666666666666668e-19,0.0,0.0,1.1111111111111113e-18,2.2222222222222226e-19,0.0,0.0,6.666666666666668e-19,6.666666666666668e-19,0.0,6.666666666666668e-19,4.444444444444445e-19,0.0,1.3333333333333336e-18,7.333333333333334e-18,7.333333333333334e-18,5.777777777777778e-18,0.0,0.0,0.0,0.0,2.2222222222222226e-19,0.0,2302.7565318145193,1866.061841722201,1986.8025575126014,2176.09542216117,873.5492764067044,1123.4848271878,-343.2977212295439,717.421422607646,22717.040000000135,1.1358520000000067e+24,0.0,0.0
2.4e-06,158680.0,5.28935,3e+22,37.2693,-4186.34,20559.6,3.53546,3.5233,3.51743,-3.56046529e-05,-0.000635332387,0.102561249,0.0111162849,0.0111026103,0.0143711839,1.34381918e-06,4.81780692e-05,-0.000100224197,2073.38997,380.812678,274.358826,-752.178388,1651.75502,-396.768449,444.870775,-263.528357,3078.11004,4800.0,158680.373,5.289345767,-60.00000000000001,30000 3000,1e-06,2,0.0 0.0259,0.0 0.0,-1.0 0.0,0.00054857 28.0,80000,1000,5e-10,0.0,0.0 0.0 0.0,1000 1000000 0,0,0.0,0,100,0,,20,,1,,,,1.0,10.0,0.1,False,{},,,False,3,mixed,250,300,True,Ar_Aubin,,False,uniform,Argon-Aubin-Test2/20Td,3.0000000000000005e+21,1.0279799999999999e+24,0.0,1.5447244444444445e-13,1.544486666666667e-13,0.0,0.0,0.0,0.0,0.0,0.0,0.0,0.0,0.0,0.0,0.0,0.0,1.1111111111111113e-18,0.0,0.0,2.2222222222222226e-19,0.0,8.88888888888889e-19,0.0,4.444444444444445e-19,6.666666666666668e-19,0.0,1.3333333333333336e-18,6.444444444444445e-18,6.6666666666666674e-18,5.555555555555556e-18,0.0,0.0,2.2222222222222226e-19,0.0,2.2222222222222226e-19,0.0,2104.1574108310488,2073.3912969604903,2195.362458438481,1649.0953026150064,1004.0082136896639,969.4917850596003,-79.99820487976311,716.1392324644072,20491.81999999983,1.0245909999999914e+24,0.0,0.0
2.45e-06,158900.0,5.29666,3e+22,-640.967,1322.73,17782.7,3.54055,3.53412,3.51685,-0.000119387314,-0.00083720062,0.103563666,0.0113231381,0.011317843,0.0146801531,-4.94681311e-06,4.54739064e-05,-0.000119723877,2064.49498,-18.9048364,-57.3060617,569.746654,2241.92687,-300.921196,-297.915873,-67.786514,3019.16984,4900.0,158899.923172,5.296664106,-60.00000000000001,30000 3000,1e-06,2,0.0 0.0259,0.0 0.0,-1.0 0.0,0.00054857 28.0,80000,1000,5e-10,0.0,0.0 0.0 0.0,1000 1000000 0,0,0.0,0,100,0,,20,,1,,,,1.0,10.0,0.1,False,{},,,False,3,mixed,250,300,True,Ar_Aubin,,False,uniform,Argon-Aubin-Test2/20Td,3.0000000000000005e+21,8.891350000000001e+23,0.0,1.5489799999999998e-13,1.5487111111111113e-13,0.0,0.0,0.0,0.0,0.0,0.0,0.0,0.0,0.0,0.0,2.2222222222222226e-19,0.0,0.0,2.2222222222222226e-19,0.0,0.0,0.0,6.666666666666668e-19,2.2222222222222226e-19,6.666666666666668e-19,2.2222222222222226e-19,2.2222222222222226e-19,4.444444444444445e-19,7.333333333333334e-18,8.222222222222223e-18,8.222222222222223e-18,0.0,0.0,0.0,0.0,2.2222222222222226e-19,0.0,2068.402143605621,2064.418456671507,2149.354423638429,2243.0342603760923,1023.460810804424,1177.5282366218,120.16734880195314,-286.71801360631014,20048.34000000011,1.0024170000000055e+24,0.0,0.0
2.5e-06,159404.0,5.31347,3e+22,-1267.07,-1758.62,17739.7,3.57633,3.50839,3.54041,8.39331611e-05,-0.000896246678,0.104651248,0.0115408144,0.0115589618,0.0150214892,1.89502148e-05,5.06584446e-05,-0.000114049577,1574.85938,-213.799131,-1238.52099,-141.549469,2023.06964,-227.955774,-550.377884,187.905106,2320.7143,5000.0,159404.079812,5.313469327,-60.00000000000001,30000 3000,1e-06,2,0.0 0.0259,0.0 0.0,-1.0 0.0,0.00054857 28.0,80000,1000,5e-10,0.0,0.0 0.0 0.0,1000 1000000 0,0,0.0,0,100,0,,20,,1,,,,1.0,10.0,0.1,False,{},,,False,3,mixed,250,300,True,Ar_Aubin,,False,uniform,Argon-Aubin-Test2/20Td,3.0000000000000005e+21,8.86985e+23,0.0,1.553502222222222e-13,1.5532600000000002e-13,0.0,0.0,0.0,0.0,0.0,0.0,0.0,0.0,0.0,2.2222222222222226e-19,0.0,0.0,0.0,4.444444444444445e-19,0.0,0.0,2.2222222222222226e-19,6.666666666666668e-19,2.2222222222222226e-19,2.2222222222222226e-19,4.444444444444445e-19,0.0,8.88888888888889e-19,6.8888888888888895e-18,5.555555555555556e-18,7.777777777777779e-18,0.0,0.0,0.0,0.0,6.666666666666668e-19,0.0,2176.8350855521335,1574.965729190435,2410.164467703032,2021.4934826671356,1148.8530740205208,464.23255585440006,-319.2671953886635,-1657.7873662946056,21751.640000000072,1.0875820000000036e+24,0.0,0.0
2.55e-06,159849.0,5.32828,3e+22,9788.12,-459.529,11185.4,3.53671,3.56045,3.55815,3.36682897e-06,-0.000864790175,0.105648395,0.01176698,0.0117536314,0.015334138,4.78087751e-06,3.55731709e-05,-0.000107976972,2460.38829,199.231462,-439.10691,1040.55705,2835.07596,23.9038039,1401.58914,47.5708905,1787.16329,5100.0,159848.546442,5.328284881,-60.00000000000001,30000 3000,1e-06,2,0.0 0.0259,0.0 0.0,-1.0 0.0,0.00054857 28.0,80000,1000,5e-10,0.0,0.0 0.0 0.0,1000 1000000 0,0,0.0,0,100,0,,20,,1,,,,1.0,10.0,0.1,False,{},,,False,3,mixed,250,300,True,Ar_Aubin,,False,uniform,Argon-Aubin-Test2/20Td,3.0000000000000005e+21,5.5927e+23,0.0,1.5654044444444444e-13,1.56518e-13,0.0,0.0,0.0,0.0,0.0,0.0,0.0,0.0,0.0,0.0,0.0,0.0,2.2222222222222226e-19,0.0,2.2222222222222226e-19,0.0,0.0,0.0,0.0,1.1111111111111113e-18,2.2222222222222226e-19,2.2222222222222226e-19,6.666666666666668e-19,6.6666666666666674e-18,5.555555555555556e-18,7.555555555555556e-18,0.0,0.0,0.0,0.0,0.0,0.0,2261.7263343999507,2460.355335074022,1947.249960610499,2834.6785638356723,1029.4914188147854,605.4437325669999,-133.14527438439904,-71.65459739616108,19942.940000000075,9.971470000000038e+23,0.0,0.0
2.6e-06,160493.0,5.34978,3e+22,7885.95,-6110.52,18433.3,3.5444,3.53573,3.61693,1.44749361e-05,-0.000821180878,0.106676636,0.0119842927,0.0119509875,0.0156570993,-8.9619409e-06,4.40920224e-05,-9.85466995e-05,1811.10644,-534.37696,-310.93576,-628.953679,2166.58113,-194.686767,1575.94735,-905.942776,3066.48575,5200.0,160493.310711,5.349777024,-60.00000000000001,30000 3000,1e-06,2,0.0 0.0259,0.0 0.0,-1.0 0.0,0.00054857 28.0,80000,1000,5e-10,0.0,0.0 0.0 0.0,1000 1000000 0,0,0.0,0,100,0,,20,,1,,,,1.0,10.0,0.1,False,{},,,False,3,mixed,250,300,True,Ar_Aubin,,False,uniform,Argon-Aubin-Test2/20Td,3.0000000000000005e+21,9.216650000000001e+23,0.0,1.5722444444444443e-13,1.572048888888889e-13,0.0,0.0,0.0,0.0,0.0,0.0,2.2222222222222226e-19,0.0,0.0,0.0,0.0,0.0,0.0,0.0,0.0,0.0,2.2222222222222226e-19,2.2222222222222226e-19,2.2222222222222226e-19,2.2222222222222226e-19,1.3333333333333336e-18,4.444444444444445e-19,4.444444444444445e-19,6.0000000000000004e-18,5.777777777777778e-18,4.444444444444445e-18,0.0,0.0,0.0,0.0,0.0,0.0,2173.1250181176133,1810.9922913776622,1974.296240123824,2161.5632878213632,1046.3999779953062,1100.0833156211997,146.60828174914076,423.4981514961877,20564.819999999985,1.0282409999999993e+24,0.0,0.0
2.65e-06,160769.0,5.35897,3e+22,3595.99,-4417.28,14829.8,3.58852,3.54369,3.5843,6.77917811e-05,-0.00084451757,0.107584406,0.0122050355,0.0121753987,0.0159562243,6.38608819e-06,4.877345e-05,-9.53965137e-05,2160.49381,677.98326,773.206675,558.873827,2073.99971,775.912188,688.856651,-491.469371,2105.98648,5300.0,160769.113478,5.358970449,-60.00000000000001,30000 3000,1e-06,2,0.0 0.0259,0.0 0.0,-1.0 0.0,0.00054857 28.0,80000,1000,5e-10,0.0,0.0 0.0 0.0,1000 1000000 0,0,0.0,0,100,0,,20,,1,,,,1.0,10.0,0.1,False,{},,,False,3,mixed,250,300,True,Ar_Aubin,,False,uniform,Argon-Aubin-Test2/20Td,3.0000000000000005e+21,7.414900000000001e+23,0.0,1.5768266666666666e-13,1.5766022222222225e-13,0.0,0.0,0.0,0.0,0.0,0.0,2.2222222222222226e-19,0.0,0.0,0.0,0.0,0.0,4.444444444444445e-19,2.2222222222222226e-19,0.0,0.0,2.2222222222222226e-19,2.2222222222222226e-19,0.0,2.2222222222222226e-19,4.444444444444445e-19,2.2222222222222226e-19,2.2222222222222226e-18,7.777777777777779e-18,4e-18,6.2222222222222225e-18,0.0,0.0,0.0,0.0,0.0,0.0,2207.3841379819,2160.2500314330823,2243.7232810835344,2070.2692394283904,1046.2525390365906,510.5312559012002,-21.355468237251277,1074.1855393127032,18155.39999999977,9.077699999999885e+23,0.0,0.0
2.7e-06,161108.0,5.37025,3e+22,7738.97,-81.2126,15760.9,3.57067,3.58376,3.58431,0.000101941517,-0.000902096148,0.108671573,0.0124325483,0.0123785029,0.0162898613,2.90794138e-05,6.90815876e-05,-0.000104818415,1820.63423,-254.395164,124.364161,-335.346603,2039.00067,72.2222168,1128.74022,-120.257242,2428.41928,5400.0,161107.567104,5.370252237,-60.00000000000001,30000 3000,1e-06,2,0.0 0.0259,0.0 0.0,-1.0 0.0,0.00054857 28.0,80000,1000,5e-10,0.0,0.0 0.0 0.0,1000 1000000 0,0,0.0,0,100,0,,20,,1,,,,1.0,10.0,0.1,False,{},,,False,3,mixed,250,300,True,Ar_Aubin,,False,uniform,Argon-Aubin-Test2/20Td,3.0000000000000005e+21,7.88045e+23,0.0,1.5807355555555556e-13,1.5804666666666668e-13,0.0,0.0,2.2222222222222226e-19,0.0,0.0,0.0,0.0,0.0,0.0,0.0,2.2222222222222226e-19,2.2222222222222226e-19,1.3333333333333336e-18,6.666666666666668e-19,0.0,0.0,0.0,6.666666666666668e-19,4.444444444444445e-19,1.1111111111111113e-18,6.666666666666668e-19,0.0,6.666666666666668e-19,7.555555555555556e-18,5.777777777777778e-18,7.333333333333334e-18,0.0,0.0,0.0,0.0,0.0,0.0,2275.07003652698,1819.8453076581825,2030.0363246580391,2038.927408426371,985.3063607850877,715.6574851043001,330.4666218985858,410.49164764490456,21743.34,1.0871670000000001e+24,0.0,0.0
2.75e-06,161243.0,5.37478,3e+22,-9746.34,-1788.11,13727.6,3.59304,3.55096,3.60393,-5.0237594e-05,-0.000935233272,0.109682075,0.012625816,0.0125787422,0.0166041056,1.26100425e-05,5.4570952e-05,-9.45085537e-05,1634.99173,-212.726361,-619.981282,-882.587861,2088.32717,-660.322243,-1897.89954,-247.632295,2214.86362,5500.0,161243.321757,5.374777392,-60.00000000000001,30000 3000,1e-06,2,0.0 0.0259,0.0 0.0,-1.0 0.0,0.00054857 28.0,80000,1000,5e-10,0.0,0.0 0.0 0.0,1000 1000000 0,0,0.0,0,100,0,,20,,1,,,,1.0,10.0,0.1,False,{},,,False,3,mixed,250,300,True,Ar_Aubin,,False,uniform,Argon-Aubin-Test2/20Td,3.0000000000000005e+21,6.863800000000001e+23,0.0,1.5857866666666667e-13,1.5855044444444445e-13,0.0,0.0,0.0,0.0,0.0,0.0,0.0,0.0,0.0,0.0,0.0,0.0,8.88888888888889e-19,2.2222222222222226e-19,0.0,2.2222222222222226e-19,0.0,8.88888888888889e-19,0.0,6.666666666666668e-19,1.1111111111111113e-18,6.666666666666668e-19,6.666666666666668e-19,6.444444444444445e-18,6.8888888888888895e-18,9.333333333333335e-18,0.0,0.0,2.2222222222222226e-19,0.0,0.0,0.0,1932.7556825703662,1634.502097328094,2001.7841618718073,2086.654870034004,935.975019886997,709.19196723,41.55345918647571,-1448.1923855491057,20210.04000000021,1.0105020000000104e+24,0.0,0.0
2.8e-06,161554.0,5.38514,3e+22,519.262,-4473.38,16666.4,3.58758,3.5839,3.59711,-7.98327383e-05,-0.000975601825,0.110656449,0.0128341735,0.0127720787,0.01692498,2.03749084e-05,5.29893425e-05,-7.80029348e-05,2964.88753,156.065867,112.396018,363.953757,2294.87864,-521.419968,-541.306912,-862.413432,2527.64658,5600.0,161554.316643,5.385143888,-60.00000000000001,30000 3000,1e-06,2,0.0 0.0259,0.0 0.0,-1.0 0.0,0.00054857 28.0,80000,1000,5e-10,0.0,0.0 0.0 0.0,1000 1000000 0,0,0.0,0,100,0,,20,,1,,,,1.0,10.0,0.1,False,{},,,False,3,mixed,250,300,True,Ar_Aubin,,False,uniform,Argon-Aubin-Test2/20Td,3.0000000000000005e+21,8.333200000000001e+23,0.0,1.5916155555555556e-13,1.5913755555555557e-13,0.0,0.0,0.0,0.0,0.0,0.0,0.0,0.0,0.0,0.0,0.0,0.0,0.0,0.0,0.0,0.0,0.0,2.2222222222222226e-19,0.0,1.3333333333333336e-18,4.444444444444445e-19,0.0,8.88888888888889e-19,6.8888888888888895e-18,5.777777777777778e-18,8.222222222222223e-18,0.0,0.0,0.0,0.0,2.2222222222222226e-19,0.0,2083.536505497474,2964.928984107355,1932.5936235211132,2290.5144023080816,1061.822710160254,683.4019383863999,34.844685625935064,-485.04005867103484,19487.480000000003,9.743740000000003e+23,0.0,0.0
2.85e-06,161779.0,5.39262,3e+22,-3645.78,-1151.91,12852.1,3.59824,3.58312,3.60287,-0.000208463775,-0.00108970079,0.111679602,0.0130843748,0.0129861316,0.0172731594,2.34530117e-05,2.63570854e-05,-8.86107056e-05,2131.79072,-212.85799,-189.038182,-140.492255,2136.84224,-552.682514,-256.740104,273.656333,2787.34623,5700.0,161778.71498,5.392623833,-60.00000000000001,30000 3000,1e-06,2,0.0 0.0259,0.0 0.0,-1.0 0.0,0.00054857 28.0,80000,1000,5e-10,0.0,0.0 0.0 0.0,1000 1000000 0,0,0.0,0,100,0,,20,,1,,,,1.0,10.0,0.1,False,{},,,False,3,mixed,250,300,True,Ar_Aubin,,False,uniform,Argon-Aubin-Test2/20Td,3.0000000000000005e+21,6.42605e+23,0.0,1.592368888888889e-13,1.5920955555555558e-13,0.0,0.0,0.0,0.0,0.0,0.0,0.0,0.0,0.0,0.0,0.0,0.0,4.444444444444445e-19,0.0,0.0,0.0,2.2222222222222226e-19,4.444444444444445e-19,0.0,6.666666666666668e-19,8.88888888888889e-19,0.0,1.777777777777778e-18,7.777777777777779e-18,7.111111111111112e-18,8e-18,0.0,0.0,0.0,0.0,0.0,0.0,2501.6421612061513,2131.0307069383803,2138.1725110921834,2135.5870027629912,1206.9560241119957,1352.0288171358,-243.70226021613493,-35.93982933776249,20463.05999999998,1.023152999999999e+24,0.0,0.0
2.9e-06,161938.0,5.39792,3e+22,-3120.25,4093.98,19833.5,3.57622,3.60366,3.61357,-0.000166119568,-0.00107046494,0.112715453,0.0132964167,0.0132047432,0.0176217227,2.79615994e-06,1.70163241e-05,-8.46723523e-05,1134.0939,388.829309,-157.294754,-748.73024,2464.25584,-600.327112,-358.356627,521.554444,3256.39942,5800.0,161937.636137,5.397921205,-60.00000000000001,30000 3000,1e-06,2,0.0 0.0259,0.0 0.0,-1.0 0.0,0.00054857 28.0,80000,1000,5e-10,0.0,0.0 0.0 0.0,1000 1000000 0,0,0.0,0,100,0,,20,,1,,,,1.0,10.0,0.1,False,{},,,False,3,mixed,250,300,True,Ar_Aubin,,False,uniform,Argon-Aubin-Test2/20Td,3.0000000000000005e+21,9.91675e+23,0.0,1.595322222222222e-13,1.5950333333333334e-13,0.0,0.0,0.0,0.0,0.0,0.0,2.2222222222222226e-19,0.0,0.0,0.0,0.0,0.0,2.2222222222222226e-19,2.2222222222222226e-19,2.2222222222222226e-19,0.0,0.0,8.88888888888889e-19,0.0,6.666666666666668e-19,6.666666666666668e-19,4.444444444444445e-19,2.2222222222222226e-18,8.88888888888889e-18,7.777777777777779e-18,6.444444444444445e-18,0.0,0.0,0.0,0.0,0.0,0.0,2120.5776143461662,1133.5755654179482,2186.5315262395784,2468.638302055061,1161.2345788319412,1020.8574829245003,-277.9534072826651,-160.65625632482204,20717.019999999808,1.0358509999999904e+24,0.0,0.0
2.95e-06,162384.0,5.41281,3e+22,732.329,-540.361,14445.8,3.59477,3.60729,3.62238,-0.000190969535,-0.00107695986,0.113800197,0.0135146784,0.0134272142,0.0179960747,-3.37626122e-06,8.71076669e-06,-8.76553302e-05,1420.03347,995.30374,612.668552,816.34174,1378.41344,121.547549,-182.288379,-177.965798,2700.81671,5900.0,162384.438998,5.412814633,-60.00000000000001,30000 3000,1e-06,2,0.0 0.0259,0.0 0.0,-1.0 0.0,0.00054857 28.0,80000,1000,5e-10,0.0,0.0 0.0 0.0,1000 1000000 0,0,0.0,0,100,0,,20,,1,,,,1.0,10.0,0.1,False,{},,,False,3,mixed,250,300,True,Ar_Aubin,,False,uniform,Argon-Aubin-Test2/20Td,3.0000000000000005e+21,7.2229e+23,0.0,1.599811111111111e-13,1.5995600000000002e-13,0.0,0.0,0.0,0.0,0.0,0.0,0.0,0.0,0.0,0.0,0.0,0.0,0.0,2.2222222222222226e-19,0.0,0.0,4.444444444444445e-19,2.2222222222222226e-19,0.0,4.444444444444445e-19,1.1111111111111113e-18,2.2222222222222226e-19,8.88888888888889e-19,7.777777777777779e-18,5.1111111111111114e-18,8.444444444444445e-18,0.0,0.0,0.0,0.0,2.2222222222222226e-19,0.0,2182.528263475741,1420.173322528597,2224.5705264771836,1377.8314928930906,1286.4050775639873,1056.8818241774,-105.94858130571804,349.79969623989,21694.880000000252,1.0847440000000127e+24,0.0,0.0
3e-06,162673.0,5.42243,3e+22,-5136.12,-286.368,19875.8,3.60519,3.61326,3.62402,-6.69419935e-05,-0.00104440932,0.115009839,0.0137420012,0.013630302,0.0183817614,2.5111842e-05,1.79713861e-05,-8.82900912e-05,2041.52138,-837.578362,284.479604,1100.49702,2476.30669,488.160314,-576.35963,-173.851793,3828.61527,6000.0,162672.956147,5.422431872,-60.00000000000001,30000 3000,1e-06,2,0.0 0.0259,0.0 0.0,-1.0 0.0,0.00054857 28.0,80000,1000,5e-10,0.0,0.0 0.0 0.0,1000 1000000 0,0,0.0,0,100,0,,20,,1,,,,1.0,10.0,0.1,False,{},,,False,3,mixed,250,300,True,Ar_Aubin,,False,uniform,Argon-Aubin-Test2/20Td,3.0000000000000005e+21,9.9379e+23,0.0,1.6042177777777776e-13,1.603897777777778e-13,0.0,2.2222222222222226e-19,0.0,0.0,0.0,0.0,0.0,0.0,0.0,0.0,0.0,0.0,8.88888888888889e-19,4.444444444444445e-19,0.0,0.0,0.0,6.666666666666668e-19,0.0,1.1111111111111113e-18,8.88888888888889e-19,4.444444444444445e-19,2.2222222222222226e-18,1.1111111111111113e-17,6.6666666666666674e-18,6.6666666666666674e-18,0.0,0.0,4.444444444444445e-19,0.0,2.2222222222222226e-19,0.0,2273.547881328029,2041.1775578883446,2031.568517123477,2476.00760459185,1089.0847043288668,1542.7027120037997,-95.45526798448707,300.1548339590873,24192.83999999994,1.209641999999997e+24,0.0,0.0
3.05e-06,163021.0,5.43405,3e+22,9705.18,-944.882,22068.1,3.58927,3.62498,3.65054,1.48115482e-05,-0.00106752289,0.116085567,0.0139459583,0.0138398812,0.0187724578,1.48728889e-05,4.46882419e-05,-9.86034852e-05,1169.78849,-222.239884,109.160718,603.17402,1914.01979,-14.6487508,1561.73972,-328.632484,4031.80173,6100.0,163021.461227,5.434048708,-60.00000000000001,30000 3000,1e-06,2,0.0 0.0259,0.0 0.0,-1.0 0.0,0.00054857 28.0,80000,1000,5e-10,0.0,0.0 0.0 0.0,1000 1000000 0,0,0.0,0,100,0,,20,,1,,,,1.0,10.0,0.1,False,{},,,False,3,mixed,250,300,True,Ar_Aubin,,False,uniform,Argon-Aubin-Test2/20Td,3.0000000000000005e+21,1.103405e+24,0.0,1.60964e-13,1.6093733333333335e-13,0.0,0.0,0.0,0.0,0.0,0.0,0.0,2.2222222222222226e-19,0.0,2.2222222222222226e-19,0.0,0.0,2.2222222222222226e-19,0.0,0.0,0.0,4.444444444444445e-19,6.666666666666668e-19,0.0,4.444444444444445e-19,6.666666666666668e-19,2.2222222222222226e-19,8.88888888888889e-19,8.444444444444445e-18,7.111111111111112e-18,7.111111111111112e-18,0.0,0.0,0.0,0.0,0.0,0.0,2039.6136184853456,1169.6447412586401,2095.303857070265,1913.0111068366512,1421.0060109443382,1470.0138288873004,345.9692186856226,543.9422521361078,21514.55999999996,1.0757279999999982e+24,0.0,0.0
3.1e-06,163193.0,5.43978,3e+22,2704.73,136.919,24125.6,3.62149,3.6044,3.65031,4.1968608e-05,-0.00108941224,0.117121105,0.0141805598,0.0140451163,0.0191431636,2.54817372e-05,3.87006418e-05,-0.000110976277,1076.15004,61.9389836,218.703365,-202.089895,1922.35636,-1454.07275,630.582007,-125.369022,3768.97504,6200.0,163193.375379,5.439779179,-60.00000000000001,30000 3000,1e-06,2,0.0 0.0259,0.0 0.0,-1.0 0.0,0.00054857 28.0,80000,1000,5e-10,0.0,0.0 0.0 0.0,1000 1000000 0,0,0.0,0,100,0,,20,,1,,,,1.0,10.0,0.1,False,{},,,False,3,mixed,250,300,True,Ar_Aubin,,False,uniform,Argon-Aubin-Test2/20Td,3.0000000000000005e+21,1.20628e+24,0.0,1.6128244444444445e-13,1.61254e-13,0.0,0.0,0.0,0.0,0.0,0.0,0.0,2.2222222222222226e-19,0.0,0.0,0.0,2.2222222222222226e-19,2.2222222222222226e-19,2.2222222222222226e-19,0.0,0.0,2.2222222222222226e-19,8.88888888888889e-19,2.2222222222222226e-19,8.88888888888889e-19,4.444444444444445e-19,4.444444444444445e-19,6.666666666666668e-19,8.88888888888889e-18,6.6666666666666674e-18,8e-18,0.0,0.0,0.0,0.0,2.2222222222222226e-19,0.0,2345.9995801790315,1076.0365262468843,2051.878860920148,1922.5055212344885,1292.1142929046316,943.3581092119998,-183.6720574665403,531.4918878241851,20710.760000000053,1.0355380000000027e+24,0.0,0.0
3.15e-06,163307.0,5.44356,3e+22,4499.06,3272.94,17036.2,3.65499,3.61068,3.61962,0.000152225677,-0.00107195915,0.118136476,0.0144061253,0.0142712538,0.0194944763,1.29837638e-05,4.51079722e-05,-0.000107074436,1620.93272,71.155758,-556.206637,323.529208,1878.82258,58.1957966,620.348441,248.880367,2708.72984,6300.0,163306.80077,5.443560026,-60.00000000000001,30000 3000,1e-06,2,0.0 0.0259,0.0 0.0,-1.0 0.0,0.00054857 28.0,80000,1000,5e-10,0.0,0.0 0.0 0.0,1000 1000000 0,0,0.0,0,100,0,,20,,1,,,,1.0,10.0,0.1,False,{},,,False,3,mixed,250,300,True,Ar_Aubin,,False,uniform,Argon-Aubin-Test2/20Td,3.0000000000000005e+21,8.518100000000001e+23,0.0,1.6161288888888889e-13,1.6158400000000002e-13,0.0,0.0,0.0,0.0,0.0,0.0,0.0,0.0,0.0,0.0,2.2222222222222226e-19,0.0,2.2222222222222226e-19,0.0,0.0,0.0,4.444444444444445e-19,2.2222222222222226e-19,2.2222222222222226e-19,4.444444444444445e-19,6.666666666666668e-19,6.666666666666668e-19,1.5555555555555556e-18,9.333333333333335e-18,7.333333333333334e-18,7.333333333333334e-18,2.2222222222222226e-19,0.0,0.0,0.0,0.0,0.0,2255.440887073187,1620.2478475456364,2261.752226093913,1882.331037980401,1124.3897472244976,696.1332075687999,-133.2132978644482,-469.95463679106746,20307.42000000002,1.015371000000001e+24,0.0,0.0
3.2e-06,163180.0,5.43935,3e+22,588.275,6053.76,22102.1,3.60631,3.65559,3.6138,0.000112735771,-0.00113137837,0.119138725,0.0146181646,0.0144783672,0.0198563244,3.27035882e-05,3.12082166e-05,-0.000122152362,1994.72979,46.6843729,97.1481272,54.1220953,1777.07326,14.3278584,-182.903621,694.652085,3803.5315,6400.0,163180.407432,5.439346914,-60.00000000000001,30000 3000,1e-06,2,0.0 0.0259,0.0 0.0,-1.0 0.0,0.00054857 28.0,80000,1000,5e-10,0.0,0.0 0.0 0.0,1000 1000000 0,0,0.0,0,100,0,,20,,1,,,,1.0,10.0,0.1,False,{},,,False,3,mixed,250,300,True,Ar_Aubin,,False,uniform,Argon-Aubin-Test2/20Td,3.0000000000000005e+21,1.105105e+24,0.0,1.6129911111111112e-13,1.6126600000000002e-13,0.0,0.0,0.0,0.0,0.0,0.0,0.0,0.0,0.0,0.0,0.0,0.0,0.0,2.2222222222222226e-19,0.0,0.0,0.0,8.88888888888889e-19,0.0,1.1111111111111113e-18,6.666666666666668e-19,8.88888888888889e-19,2e-18,9.777777777777779e-18,6.8888888888888895e-18,1.0666666666666668e-17,0.0,0.0,0.0,0.0,0.0,0.0,2120.497633026769,1994.6634703643151,2069.8247940316614,1783.922353121171,1240.392670729517,1170.3154861775001,-186.95093162675454,-158.33352453359407,20044.979999999934,1.0022489999999968e+24,0.0,0.0
3.25e-06,163233.0,5.44111,3e+22,-3244.71,-9003.17,19210.1,3.59254,3.64123,3.64584,-8.82489232e-07,-0.00116397991,0.120126089,0.0148118245,0.0147000475,0.0201928191,2.50989693e-05,1.73709993e-05,-0.00012695883,168.71951,502.665983,3.61860795,-515.036919,3755.22193,-627.909886,-459.397485,-1046.34087,3471.84705,6500.0,163233.406425,5.441113547,-60.00000000000001,30000 3000,1e-06,2,0.0 0.0259,0.0 0.0,-1.0 0.0,0.00054857 28.0,80000,1000,5e-10,0.0,0.0 0.0 0.0,1000 1000000 0,0,0.0,0,100,0,,20,,1,,,,1.0,10.0,0.1,False,{},,,False,3,mixed,250,300,True,Ar_Aubin,,False,uniform,Argon-Aubin-Test2/20Td,3.0000000000000005e+21,9.60505e+23,0.0,1.6143e-13,1.6140111111111113e-13,0.0,0.0,0.0,0.0,0.0,0.0,0.0,2.2222222222222226e-19,0.0,2.2222222222222226e-19,0.0,0.0,2.2222222222222226e-19,4.444444444444445e-19,2.2222222222222226e-19,0.0,2.2222222222222226e-19,4.444444444444445e-19,0.0,8.88888888888889e-19,4.444444444444445e-19,6.666666666666668e-19,1.1111111111111113e-18,9.111111111111112e-18,5.1111111111111114e-18,8.666666666666667e-18,0.0,0.0,2.2222222222222226e-19,4.444444444444445e-19,2.2222222222222226e-19,0.0,1936.7260857527415,168.71664657836405,2216.0546778522003,3744.7424209936853,1002.5323618970128,1164.2128677011,-6.000226022864986,-65.9876021044143,19747.28000000009,9.873640000000046e+23,0.0,0.0
3.3e-06,163483.0,5.44942,3e+22,5465.51,-8200.5,16803.8,3.61773,3.64978,3.62918,-5.10337509e-05,-0.00122018076,0.121217167,0.0150279448,0.0149330396,0.0205764462,4.34638798e-05,1.59249602e-05,-0.00014262327,2124.05704,173.668355,252.438859,-348.112362,3114.82415,-1709.35872,712.122267,-1669.26094,3460.54072,6600.0,163482.692824,5.449423094,-60.00000000000001,30000 3000,1e-06,2,0.0 0.0259,0.0 0.0,-1.0 0.0,0.00054857 28.0,80000,1000,5e-10,0.0,0.0 0.0 0.0,1000 1000000 0,0,0.0,0,100,0,,20,,1,,,,1.0,10.0,0.1,False,{},,,False,3,mixed,250,300,True,Ar_Aubin,,False,uniform,Argon-Aubin-Test2/20Td,3.0000000000000005e+21,8.4019e+23,0.0,1.6219111111111112e-13,1.6216222222222225e-13,0.0,0.0,0.0,0.0,0.0,0.0,0.0,0.0,0.0,0.0,0.0,2.2222222222222226e-19,4.444444444444445e-19,4.444444444444445e-19,2.2222222222222226e-19,2.2222222222222226e-19,4.444444444444445e-19,4.444444444444445e-19,0.0,2.2222222222222226e-19,2.2222222222222226e-19,6.666666666666668e-19,1.3333333333333336e-18,8.222222222222223e-18,4.666666666666667e-18,1.0666666666666668e-17,0.0,2.2222222222222226e-19,0.0,0.0,2.2222222222222226e-19,0.0,2161.1769633505737,2124.3359654758815,2328.581081438089,3104.81805767762,1203.02782930036,1423.6316891654,92.68235250913855,302.9050485332033,21821.559999999907,1.0910779999999954e+24,0.0,0.0
3.35e-06,163331.0,5.44436,3e+22,4196.35,5999.31,12743.7,3.60437,3.65379,3.62932,-4.56543616e-05,-0.00124746074,0.122101026,0.0152342603,0.0151840674,0.0208926058,3.17576305e-05,1.2589736e-05,-0.000169184494,1836.82577,-767.240183,-508.248836,210.957092,2337.74266,135.919359,941.45689,578.521456,2221.95648,6700.0,163330.66542,5.444355514,-60.00000000000001,30000 3000,1e-06,2,0.0 0.0259,0.0 0.0,-1.0 0.0,0.00054857 28.0,80000,1000,5e-10,0.0,0.0 0.0 0.0,1000 1000000 0,0,0.0,0,100,0,,20,,1,,,,1.0,10.0,0.1,False,{},,,False,3,mixed,250,300,True,Ar_Aubin,,False,uniform,Argon-Aubin-Test2/20Td,3.0000000000000005e+21,6.371850000000001e+23,0.0,1.620851111111111e-13,1.62056e-13,0.0,0.0,0.0,0.0,0.0,0.0,0.0,0.0,0.0,0.0,0.0,0.0,4.444444444444445e-19,2.2222222222222226e-19,0.0,0.0,6.666666666666668e-19,2.2222222222222226e-19,0.0,1.5555555555555556e-18,4.444444444444445e-19,1.3333333333333336e-18,8.88888888888889e-19,7.333333333333334e-18,7.111111111111112e-18,8e-18,0.0,2.2222222222222226e-19,0.0,0.0,6.666666666666668e-19,0.0,2063.160201229968,1837.0173516803002,2509.6048278923195,2345.2265636920893,1011.0062525321013,665.9376349637996,-78.93893025493398,-78.58878096717802,17677.180000000015,8.838590000000008e+23,0.0,0.0
3.4e-06,163553.0,5.45175,3e+22,6638.1,-3615.35,23354.7,3.61873,3.62052,3.66083,-0.0001407153,-0.00112129421,0.123087121,0.0154353752,0.0154116956,0.0212613122,3.26536779e-05,2.28741663e-05,-0.000162239793,1268.86522,340.164358,-322.071863,773.960119,1993.31291,-235.636307,1191.60099,-145.46347,4283.8435,6800.0,163552.586721,5.451752891,-60.00000000000001,30000 3000,1e-06,2,0.0 0.0259,0.0 0.0,-1.0 0.0,0.00054857 28.0,80000,1000,5e-10,0.0,0.0 0.0 0.0,1000 1000000 0,0,0.0,0,100,0,,20,,1,,,,1.0,10.0,0.1,False,{},,,False,3,mixed,250,300,True,Ar_Aubin,,False,uniform,Argon-Aubin-Test2/20Td,3.0000000000000005e+21,1.1677350000000001e+24,0.0,1.6216466666666667e-13,1.6213866666666668e-13,0.0,0.0,0.0,0.0,0.0,0.0,0.0,0.0,0.0,0.0,0.0,0.0,0.0,0.0,0.0,0.0,2.2222222222222226e-19,0.0,2.2222222222222226e-19,1.1111111111111113e-18,8.88888888888889e-19,0.0,8.88888888888889e-19,8.222222222222223e-18,7.777777777777779e-18,6.444444444444445e-18,0.0,0.0,0.0,0.0,2.2222222222222226e-19,0.0,2010.971835250796,1269.79930223293,2279.270575924631,1989.2590389778766,1269.2759418403768,1409.1807151813,440.604541298326,55.7508727068099,19721.89999999985,9.860949999999924e+23,0.0,0.0
3.45e-06,163670.0,5.45568,3e+22,3329.24,-320.542,23969.6,3.66063,3.62137,3.62603,-0.000179361033,-0.00112860598,0.124217637,0.0156420278,0.0156422298,0.0216922003,5.88069753e-05,1.34770685e-06,-0.000162902845,2274.91342,710.661493,-1610.12282,852.605277,2496.22777,-1436.00748,745.272656,126.635802,4052.77644,6900.0,163670.381218,5.455679374,-60.00000000000001,30000 3000,1e-06,2,0.0 0.0259,0.0 0.0,-1.0 0.0,0.00054857 28.0,80000,1000,5e-10,0.0,0.0 0.0 0.0,1000 1000000 0,0,0.0,0,100,0,,20,,1,,,,1.0,10.0,0.1,False,{},,,False,3,mixed,250,300,True,Ar_Aubin,,False,uniform,Argon-Aubin-Test2/20Td,3.0000000000000005e+21,1.19848e+24,0.0,1.6239866666666665e-13,1.623657777777778e-13,0.0,0.0,0.0,0.0,0.0,2.2222222222222226e-19,0.0,2.2222222222222226e-19,0.0,0.0,0.0,0.0,2.2222222222222226e-19,2.2222222222222226e-19,0.0,0.0,4.444444444444445e-19,4.444444444444445e-19,0.0,4.444444444444445e-19,1.5555555555555556e-18,0.0,2.4444444444444447e-18,8.444444444444445e-18,8e-18,1.0222222222222223e-17,0.0,0.0,0.0,0.0,0.0,0.0,2066.40230415495,2275.510555925505,2305.17749247287,2495.8660043819586,1513.0611420486814,1075.3293681648001,-331.3379383702455,-1274.1012775892832,22610.32000000024,1.1305160000000121e+24,0.0,0.0
3.5e-06,164021.0,5.46737,3e+22,-4985.1,-3854.06,19443.2,3.65706,3.66306,3.61224,-0.000190054574,-0.00103746669,0.125321571,0.0158605868,0.0158680826,0.0220672685,7.57970472e-05,-7.06570681e-06,-0.000168385656,2313.76083,102.428665,-269.975007,-473.208905,2249.45656,68.6916271,-899.50214,-783.81168,3048.11078,7000.0,164021.0147,5.467367157,-60.00000000000001,30000 3000,1e-06,2,0.0 0.0259,0.0 0.0,-1.0 0.0,0.00054857 28.0,80000,1000,5e-10,0.0,0.0 0.0 0.0,1000 1000000 0,0,0.0,0,100,0,,20,,1,,,,1.0,10.0,0.1,False,{},,,False,3,mixed,250,300,True,Ar_Aubin,,False,uniform,Argon-Aubin-Test2/20Td,3.0000000000000005e+21,9.7216e+23,0.0,1.6234555555555554e-13,1.6231822222222223e-13,0.0,0.0,0.0,0.0,0.0,0.0,0.0,2.2222222222222226e-19,0.0,0.0,0.0,2.2222222222222226e-19,6.666666666666668e-19,0.0,0.0,0.0,6.666666666666668e-19,4.444444444444445e-19,4.444444444444445e-19,2.2222222222222226e-19,2.2222222222222226e-19,8.88888888888889e-19,2.2222222222222226e-18,7.333333333333334e-18,6.6666666666666674e-18,6.8888888888888895e-18,0.0,0.0,0.0,2.2222222222222226e-19,0.0,0.0,2185.5504963905896,2312.813388943153,2260.5021432523313,2245.4581011287387,995.9338395573204,611.4584107328001,-137.50559119446538,-541.0413143147032,22078.679999999742,1.1039339999999871e+24,0.0,0.0
3.55e-06,163966.0,5.46555,3e+22,-1705.42,-897.199,13390.6,3.64043,3.66273,3.62689,-0.000315345112,-0.00106741369,0.126289958,0.0160538146,0.0160887454,0.0224272709,6.22420578e-05,-9.42829104e-06,-0.000170896091,1910.39051,-2.52942911,-171.05301,-172.150274,2872.86355,-610.094954,-558.390396,-681.434365,2578.94589,7100.0,163966.436745,5.465547892,-60.00000000000001,30000 3000,1e-06,2,0.0 0.0259,0.0 0.0,-1.0 0.0,0.00054857 28.0,80000,1000,5e-10,0.0,0.0 0.0 0.0,1000 1000000 0,0,0.0,0,100,0,,20,,1,,,,1.0,10.0,0.1,False,{},,,False,3,mixed,250,300,True,Ar_Aubin,,False,uniform,Argon-Aubin-Test2/20Td,3.0000000000000005e+21,6.6953e+23,0.0,1.6326444444444445e-13,1.6323400000000001e-13,2.2222222222222226e-19,0.0,0.0,0.0,0.0,0.0,0.0,0.0,0.0,0.0,0.0,0.0,4.444444444444445e-19,0.0,2.2222222222222226e-19,0.0,0.0,8.88888888888889e-19,2.2222222222222226e-19,4.444444444444445e-19,6.666666666666668e-19,8.88888888888889e-19,4.444444444444445e-19,8e-18,8.222222222222223e-18,9.777777777777779e-18,0.0,0.0,0.0,0.0,0.0,0.0,1931.644782014394,1909.852714139093,2205.9976514725995,2871.905867504746,1163.4506626627406,887.8475784051998,272.88797861139096,-509.8433255708928,19367.7400000003,9.683870000000151e+23,0.0,0.0
3.6e-06,164209.0,5.47362,3e+22,-8612.47,1764.04,17705.6,3.66651,3.63954,3.63897,-0.000485330077,-0.00106343645,0.127370137,0.0162834103,0.0162959039,0.0228207268,5.07854833e-05,-7.15648641e-05,-0.00015835101,1883.22663,-690.258297,664.366029,699.581324,2140.61417,219.829513,-1532.50281,782.025667,4089.36292,7200.0,164208.671437,5.473622381,-60.00000000000001,30000 3000,1e-06,2,0.0 0.0259,0.0 0.0,-1.0 0.0,0.00054857 28.0,80000,1000,5e-10,0.0,0.0 0.0 0.0,1000 1000000 0,0,0.0,0,100,0,,20,,1,,,,1.0,10.0,0.1,False,{},,,False,3,mixed,250,300,True,Ar_Aubin,,False,uniform,Argon-Aubin-Test2/20Td,3.0000000000000005e+21,8.852799999999999e+23,0.0,1.6299999999999999e-13,1.6297155555555557e-13,0.0,0.0,0.0,0.0,0.0,0.0,2.2222222222222226e-19,2.2222222222222226e-19,0.0,0.0,2.2222222222222226e-19,0.0,0.0,2.2222222222222226e-19,0.0,0.0,6.666666666666668e-19,4.444444444444445e-19,2.2222222222222226e-19,1.1111111111111113e-18,6.666666666666668e-19,4.444444444444445e-19,1.1111111111111113e-18,6.8888888888888895e-18,6.8888888888888895e-18,8.666666666666667e-18,0.0,0.0,0.0,0.0,4.444444444444445e-19,0.0,2294.595972560168,1879.0467392717396,2071.669749024105,2142.490114435258,1194.5759224299761,1834.1982223328005,-802.8987122454952,237.42776301972117,21603.579999999736,1.0801789999999869e+24,0.0,0.0
3.65e-06,164284.0,5.47613,3e+22,-937.102,-614.01,15213.5,3.6458,3.65809,3.64704,-0.000528094586,-0.00117823177,0.128428512,0.0165092481,0.0164937712,0.0232123161,6.63246151e-05,-8.02642333e-05,-0.000175126932,1581.99706,-69.1292836,-177.905643,-392.259183,2138.20132,1147.97673,-441.884772,256.31355,2990.8484,7300.0,164283.752177,5.476125073,-60.00000000000001,30000 3000,1e-06,2,0.0 0.0259,0.0 0.0,-1.0 0.0,0.00054857 28.0,80000,1000,5e-10,0.0,0.0 0.0 0.0,1000 1000000 0,0,0.0,0,100,0,,20,,1,,,,1.0,10.0,0.1,False,{},,,False,3,mixed,250,300,True,Ar_Aubin,,False,uniform,Argon-Aubin-Test2/20Td,3.0000000000000005e+21,7.60675e+23,0.0,1.633251111111111e-13,1.6329422222222223e-13,0.0,0.0,0.0,0.0,0.0,0.0,0.0,0.0,0.0,0.0,0.0,0.0,4.444444444444445e-19,2.2222222222222226e-19,0.0,2.2222222222222226e-19,0.0,1.3333333333333336e-18,0.0,6.666666666666668e-19,8.88888888888889e-19,6.666666666666668e-19,1.777777777777778e-18,9.777777777777779e-18,7.111111111111112e-18,7.555555555555556e-18,0.0,0.0,0.0,0.0,2.2222222222222226e-19,0.0,2257.9446139188094,1581.50218150727,1976.0996697935213,2137.4778739109024,1208.5840486462594,1037.0012326879998,-53.87051444949003,-491.4056325636649,21167.500000000007,1.0583750000000005e+24,0.0,0.0
3.7e-06,164358.0,5.47861,3e+22,12228.1,-78.7515,20358.7,3.66918,3.64158,3.64326,-0.000410461787,-0.001190064,0.12952258,0.0167212738,0.0166889839,0.0236018104,8.79077477e-05,-8.95873791e-05,-0.000151016268,2231.22614,1395.99398,-166.255373,415.11423,1655.46693,-59.1137869,1376.83552,224.339449,3286.87667,7400.0,164358.395388,5.47861318,-60.00000000000001,30000 3000,1e-06,2,0.0 0.0259,0.0 0.0,-1.0 0.0,0.00054857 28.0,80000,1000,5e-10,0.0,0.0 0.0 0.0,1000 1000000 0,0,0.0,0,100,0,,20,,1,,,,1.0,10.0,0.1,False,{},,,False,3,mixed,250,300,True,Ar_Aubin,,False,uniform,Argon-Aubin-Test2/20Td,3.0000000000000005e+21,1.017935e+24,0.0,1.6348577777777777e-13,1.63454e-13,4.444444444444445e-19,0.0,0.0,0.0,0.0,0.0,4.444444444444445e-19,2.2222222222222226e-19,0.0,0.0,0.0,0.0,4.444444444444445e-19,6.666666666666668e-19,2.2222222222222226e-19,0.0,2.2222222222222226e-19,1.1111111111111113e-18,4.444444444444445e-19,6.666666666666668e-19,8.88888888888889e-19,4.444444444444445e-19,1.5555555555555556e-18,8.666666666666667e-18,7.333333333333334e-18,7.555555555555556e-18,0.0,0.0,0.0,2.2222222222222226e-19,2.2222222222222226e-19,0.0,2121.3610501317344,2236.245307777615,1951.8467777973963,1655.3732106749042,1072.782646777404,649.9653205539998,-479.6295606317118,-364.87844511500316,21881.360000000073,1.0940680000000037e+24,0.0,0.0
3.75e-06,164316.0,5.4772,3e+22,347.527,5652.47,11400.3,3.64793,3.66459,3.64097,-0.000390735867,-0.00122870966,0.130486033,0.0169007412,0.0169064777,0.0239680303,0.000108034686,-8.7689127e-05,-0.000170090304,2497.72018,-203.234211,-381.850915,-540.237215,2435.56351,-344.21319,-52.468842,828.553656,2522.75432,7500.0,164316.139768,5.477204659,-60.00000000000001,30000 3000,1e-06,2,0.0 0.0259,0.0 0.0,-1.0 0.0,0.00054857 28.0,80000,1000,5e-10,0.0,0.0 0.0 0.0,1000 1000000 0,0,0.0,0,100,0,,20,,1,,,,1.0,10.0,0.1,False,{},,,False,3,mixed,250,300,True,Ar_Aubin,,False,uniform,Argon-Aubin-Test2/20Td,3.0000000000000005e+21,5.70015e+23,0.0,1.6347444444444443e-13,1.6344444444444445e-13,0.0,0.0,0.0,0.0,0.0,0.0,2.2222222222222226e-19,0.0,0.0,2.2222222222222226e-19,0.0,0.0,0.0,0.0,2.2222222222222226e-19,0.0,2.2222222222222226e-19,8.88888888888889e-19,0.0,2.2222222222222226e-19,1.3333333333333336e-18,1.1111111111111113e-18,2.2222222222222226e-19,8.222222222222223e-18,8.222222222222223e-18,8.666666666666667e-18,0.0,0.0,0.0,0.0,2.2222222222222226e-19,0.0,1794.83204360828,2497.8559712636506,2174.0032489551977,2442.50875449186,1157.138217793112,1035.1743979901,-5.604886160096809,-475.21267048583087,19269.06000000006,9.634530000000031e+23,0.0,0.0
3.8e-06,164441.0,5.48135,3e+22,6271.9,-2014.1,14527.7,3.67576,3.68057,3.60493,-0.000346013939,-0.0012051657,0.131521859,0.0171235927,0.0171148812,0.0243658453,0.000116967884,-6.19014877e-05,-0.00018862204,2494.30035,-260.036412,717.584954,-438.214247,2330.78724,-949.603279,830.292495,-286.570921,2481.06725,7600.0,164440.641691,5.481354723,-60.00000000000001,30000 3000,1e-06,2,0.0 0.0259,0.0 0.0,-1.0 0.0,0.00054857 28.0,80000,1000,5e-10,0.0,0.0 0.0 0.0,1000 1000000 0,0,0.0,0,100,0,,20,,1,,,,1.0,10.0,0.1,False,{},,,False,3,mixed,250,300,True,Ar_Aubin,,False,uniform,Argon-Aubin-Test2/20Td,3.0000000000000005e+21,7.263850000000001e+23,0.0,1.6336244444444445e-13,1.6333311111111112e-13,0.0,0.0,0.0,0.0,0.0,0.0,0.0,0.0,0.0,0.0,2.2222222222222226e-19,0.0,2.2222222222222226e-19,0.0,0.0,0.0,0.0,6.666666666666668e-19,0.0,8.88888888888889e-19,4.444444444444445e-19,4.444444444444445e-19,1.1111111111111113e-18,1.1111111111111113e-17,5.333333333333334e-18,8.444444444444445e-18,0.0,2.2222222222222226e-19,0.0,2.2222222222222226e-19,0.0,0.0,2228.844488717796,2496.470514824014,2084.6080306412273,2328.35991576363,1264.2041326121207,570.3571390057,406.2092512309395,728.0122882395104,20716.519999999797,1.0358259999999899e+24,0.0,0.0
3.85e-06,164508.0,5.48361,3e+22,-2827.05,2230.58,25236.2,3.66177,3.64628,3.65548,-0.000320400488,-0.00118346916,0.132526555,0.0173461675,0.017349027,0.0247287382,0.000110831566,-6.3818885e-05,-0.000196280745,1292.80877,-306.764702,821.73437,-1202.50499,1897.56607,-41.3798604,-518.052114,911.766356,4768.30042,7700.0,164508.387591,5.48361292,-60.00000000000001,30000 3000,1e-06,2,0.0 0.0259,0.0 0.0,-1.0 0.0,0.00054857 28.0,80000,1000,5e-10,0.0,0.0 0.0 0.0,1000 1000000 0,0,0.0,0,100,0,,20,,1,,,,1.0,10.0,0.1,False,{},,,False,3,mixed,250,300,True,Ar_Aubin,,False,uniform,Argon-Aubin-Test2/20Td,3.0000000000000005e+21,1.26181e+24,0.0,1.635708888888889e-13,1.6354155555555556e-13,0.0,2.2222222222222226e-19,0.0,0.0,0.0,0.0,0.0,0.0,0.0,0.0,0.0,0.0,6.666666666666668e-19,0.0,0.0,0.0,0.0,0.0,4.444444444444445e-19,6.666666666666668e-19,1.5555555555555556e-18,6.666666666666668e-19,1.1111111111111113e-18,7.555555555555556e-18,6.6666666666666674e-18,9.333333333333335e-18,0.0,0.0,0.0,0.0,4.444444444444445e-19,0.0,2225.9186917326924,1291.9029818003996,2341.9762511178374,1900.205892638913,976.0451464785672,1423.8337727089997,-99.28441804467526,686.4271441080157,20093.919999999987,1.0046959999999994e+24,0.0,0.0
3.9e-06,164708.0,5.49026,3e+22,6096.03,-6982.75,14381.2,3.6496,3.63534,3.69391,-0.000271259554,-0.00111087211,0.13367412,0.0175627713,0.0175484908,0.025169667,8.74449651e-05,-5.72657575e-05,-0.000189387649,1893.02116,-854.026185,98.9825146,-132.117057,1839.38029,1139.17074,1460.40822,-1147.28237,2427.91025,7800.0,164707.710391,5.490257013,-60.00000000000001,30000 3000,1e-06,2,0.0 0.0259,0.0 0.0,-1.0 0.0,0.00054857 28.0,80000,1000,5e-10,0.0,0.0 0.0 0.0,1000 1000000 0,0,0.0,0,100,0,,20,,1,,,,1.0,10.0,0.1,False,{},,,False,3,mixed,250,300,True,Ar_Aubin,,False,uniform,Argon-Aubin-Test2/20Td,3.0000000000000005e+21,7.1906e+23,0.0,1.632068888888889e-13,1.6317533333333336e-13,0.0,0.0,0.0,0.0,0.0,4.444444444444445e-19,0.0,2.2222222222222226e-19,0.0,0.0,0.0,0.0,6.666666666666668e-19,4.444444444444445e-19,0.0,0.0,2.2222222222222226e-19,2.2222222222222226e-19,2.2222222222222226e-19,4.444444444444445e-19,1.1111111111111113e-18,2.2222222222222226e-19,1.777777777777778e-18,1e-17,7.333333333333334e-18,7.555555555555556e-18,0.0,2.2222222222222226e-19,2.2222222222222226e-19,0.0,2.2222222222222226e-19,0.0,2166.3287472707334,1894.6747663789706,1996.3036240789463,1831.6233477738976,1354.462223936183,505.5159954559997,7.038735551673128,748.410326754385,22951.30000000034,1.1475650000000172e+24,0.0,0.0
3.95e-06,164698.0,5.48992,3e+22,-251.699,5680.93,24496.3,3.67156,3.63926,3.66543,-0.000300065094,-0.00107682939,0.134662439,0.0177757409,0.0177370948,0.0255501175,8.10324642e-05,-6.09565888e-05,-0.000183058618,2453.54466,345.216863,-244.316173,-993.517628,1428.14881,186.89801,-562.225079,1467.83229,4638.54696,7900.0,164697.639935,5.489921331,-60.00000000000001,30000 3000,1e-06,2,0.0 0.0259,0.0 0.0,-1.0 0.0,0.00054857 28.0,80000,1000,5e-10,0.0,0.0 0.0 0.0,1000 1000000 0,0,0.0,0,100,0,,20,,1,,,,1.0,10.0,0.1,False,{},,,False,3,mixed,250,300,True,Ar_Aubin,,False,uniform,Argon-Aubin-Test2/20Td,3.0000000000000005e+21,1.224815e+24,0.0,1.6376622222222222e-13,1.63736e-13,0.0,2.2222222222222226e-19,0.0,0.0,0.0,0.0,0.0,0.0,0.0,0.0,0.0,0.0,4.444444444444445e-19,0.0,0.0,0.0,2.2222222222222226e-19,2.2222222222222226e-19,0.0,6.666666666666668e-19,6.666666666666668e-19,4.444444444444445e-19,8.88888888888889e-19,9.111111111111112e-18,7.777777777777779e-18,8.88888888888889e-18,0.0,0.0,0.0,0.0,6.666666666666668e-19,0.0,2129.5314268500106,2453.4691339159053,1886.784753096088,1434.2662023865325,1152.4838034568386,1339.8154555243,9.125678885235672,-765.2963662039867,19766.37999999975,9.883189999999875e+23,0.0,0.0
4e-06,164796.0,5.49321,3e+22,9448.22,4587.16,21660.8,3.64726,3.65202,3.68384,-0.000301951195,-0.00103619358,0.135710898,0.0179959826,0.0179765814,0.0259501914,7.80406894e-05,-7.21258945e-05,-0.00018781956,1458.63657,-238.159668,1206.69929,50.2926455,2876.01077,201.300522,1217.42989,472.402012,4543.7356,8000.0,164796.183724,5.493206124,-60.00000000000001,30000 3000,1e-06,2,0.0 0.0259,0.0 0.0,-1.0 0.0,0.00054857 28.0,80000,1000,5e-10,0.0,0.0 0.0 0.0,1000 1000000 0,0,0.0,0,100,0,,20,,1,,,,1.0,10.0,0.1,False,{},,,False,3,mixed,250,300,True,Ar_Aubin,,False,uniform,Argon-Aubin-Test2/20Td,3.0000000000000005e+21,1.08304e+24,0.0,1.6400222222222222e-13,1.6397200000000003e-13,0.0,0.0,0.0,0.0,0.0,0.0,2.2222222222222226e-19,0.0,0.0,0.0,0.0,0.0,4.444444444444445e-19,2.2222222222222226e-19,0.0,0.0,4.444444444444445e-19,2.2222222222222226e-19,0.0,4.444444444444445e-19,6.666666666666668e-19,2.2222222222222226e-19,1.5555555555555556e-18,1e-17,6.0000000000000004e-18,9.111111111111112e-18,0.0,2.2222222222222226e-19,0.0,0.0,4.444444444444445e-19,0.0,2202.4056453647663,1461.4894713196227,2395.724643999356,2880.7639557424327,1165.9854146231496,1604.1289806016002,-211.9747058236231,1148.4432637430962,20969.180000000033,1.0484590000000018e+24,0.0,0.0
4.05e-06,164843.0,5.49477,3e+22,3781.4,-5067.4,16354.4,3.66323,3.67815,3.64641,-0.000360327844,-0.000999527563,0.136649604,0.0181663627,0.0181830764,0.0263340134,5.55642238e-05,-8.10875527e-05,-0.000190713497,1739.02873,243.0752,-177.365396,-891.615071,1675.05999,457.438703,650.564589,-194.329605,3122.86713,8100.0,164843.113723,5.494770457,-60.00000000000001,30000 3000,1e-06,2,0.0 0.0259,0.0 0.0,-1.0 0.0,0.00054857 28.0,80000,1000,5e-10,0.0,0.0 0.0 0.0,1000 1000000 0,0,0.0,0,100,0,,20,,1,,,,1.0,10.0,0.1,False,{},,,False,3,mixed,250,300,True,Ar_Aubin,,False,uniform,Argon-Aubin-Test2/20Td,3.0000000000000005e+21,8.177199999999999e+23,0.0,1.6401644444444444e-13,1.639888888888889e-13,0.0,0.0,0.0,0.0,0.0,0.0,0.0,0.0,0.0,0.0,0.0,0.0,6.666666666666668e-19,2.2222222222222226e-19,0.0,0.0,2.2222222222222226e-19,0.0,2.2222222222222226e-19,4.444444444444445e-19,6.666666666666668e-19,2.2222222222222226e-19,6.666666666666668e-19,8.444444444444445e-18,6.2222222222222225e-18,8.88888888888889e-18,0.0,0.0,0.0,2.2222222222222226e-19,4.444444444444445e-19,0.0,1703.4143836900178,1740.3912737093017,2065.696417860377,1669.9949840272538,1281.5556260958524,888.0448463424,-14.021376656986762,-37.63467387368655,18774.120000000228,9.387060000000114e+23,0.0,0.0
4.1e-06,164752.0,5.49172,3e+22,2612.86,3160.52,17851.8,3.69901,3.65825,3.62426,-0.000353570888,-0.00108214081,0.137578065,0.0183851538,0.0184052864,0.0267196861,4.58296553e-05,-9.58762601e-05,-0.000184868428,2099.06116,-668.503577,589.955465,998.571099,2424.35858,-745.074906,431.815535,-13.7008168,3673.51575,8200.0,164751.600576,5.491720019,-60.00000000000001,30000 3000,1e-06,2,0.0 0.0259,0.0 0.0,-1.0 0.0,0.00054857 28.0,80000,1000,5e-10,0.0,0.0 0.0 0.0,1000 1000000 0,0,0.0,0,100,0,,20,,1,,,,1.0,10.0,0.1,False,{},,,False,3,mixed,250,300,True,Ar_Aubin,,False,uniform,Argon-Aubin-Test2/20Td,3.0000000000000005e+21,8.9259e+23,0.0,1.6401488888888888e-13,1.6398533333333336e-13,2.2222222222222226e-19,0.0,0.0,0.0,0.0,0.0,2.2222222222222226e-19,0.0,0.0,0.0,0.0,0.0,6.666666666666668e-19,0.0,2.2222222222222226e-19,0.0,4.444444444444445e-19,6.666666666666668e-19,0.0,2.2222222222222226e-19,2.2222222222222226e-19,4.444444444444445e-19,2e-18,1e-17,6.444444444444445e-18,7.111111111111112e-18,0.0,0.0,0.0,4.444444444444445e-19,2.2222222222222226e-19,0.0,2187.9592378231882,2099.98499123042,2220.3802661652576,2427.7787076728214,1310.6300421259625,1217.4996492330001,-307.675319628041,668.6106538624982,18569.21999999983,9.284609999999915e+23,0.0,0.0
4.15e-06,165224.0,5.50748,3e+22,-2021.06,-2119.38,12817.1,3.65465,3.67296,3.68637,-0.000359466748,-0.00106445561,0.138619927,0.0185746396,0.0186505076,0.0271201468,7.42632207e-05,-9.66033809e-05,-0.000190072471,1163.67796,709.273486,-461.338489,-436.072912,1486.84334,-127.941944,-643.350542,18.7460862,2376.57638,8300.0,165224.399563,5.507479985,-60.00000000000001,30000 3000,1e-06,2,0.0 0.0259,0.0 0.0,-1.0 0.0,0.00054857 28.0,80000,1000,5e-10,0.0,0.0 0.0 0.0,1000 1000000 0,0,0.0,0,100,0,,20,,1,,,,1.0,10.0,0.1,False,{},,,False,3,mixed,250,300,True,Ar_Aubin,,False,uniform,Argon-Aubin-Test2/20Td,3.0000000000000005e+21,6.40855e+23,0.0,1.6410022222222222e-13,1.6407711111111114e-13,0.0,0.0,0.0,0.0,0.0,0.0,0.0,0.0,0.0,0.0,0.0,0.0,4.444444444444445e-19,0.0,0.0,0.0,0.0,6.666666666666668e-19,0.0,4.444444444444445e-19,8.88888888888889e-19,4.444444444444445e-19,1.1111111111111113e-18,6.0000000000000004e-18,5.555555555555556e-18,7.555555555555556e-18,0.0,0.0,0.0,0.0,0.0,0.0,1894.815960299251,1162.9514561342871,2452.5916298701045,1484.587354069278,1127.005076588944,599.8709136482998,9.170699106313526,-819.922520081589,20837.240000000093,1.0418620000000048e+24,0.0,0.0
4.2e-06,164825.0,5.49418,3e+22,-1393.83,-1780.53,17128.8,3.67747,3.66574,3.64345,-0.000238634282,-0.00111189466,0.139552922,0.0187576455,0.0188783728,0.027514502,8.90531681e-05,-7.81931189e-05,-0.000225279513,1798.34331,245.2762,-1328.08273,1367.78776,1963.29521,-79.9035162,-193.085043,-516.303162,3357.64242,8400.0,164825.421625,5.494180721,-60.00000000000001,30000 3000,1e-06,2,0.0 0.0259,0.0 0.0,-1.0 0.0,0.00054857 28.0,80000,1000,5e-10,0.0,0.0 0.0 0.0,1000 1000000 0,0,0.0,0,100,0,,20,,1,,,,1.0,10.0,0.1,False,{},,,False,3,mixed,250,300,True,Ar_Aubin,,False,uniform,Argon-Aubin-Test2/20Td,3.0000000000000005e+21,8.564400000000001e+23,0.0,1.6405866666666666e-13,1.6402311111111111e-13,0.0,0.0,0.0,0.0,0.0,0.0,0.0,0.0,0.0,2.2222222222222226e-19,0.0,0.0,4.444444444444445e-19,2.2222222222222226e-19,0.0,0.0,0.0,1.1111111111111113e-18,2.2222222222222226e-19,6.666666666666668e-19,0.0,2.2222222222222226e-19,6.666666666666668e-19,1.2000000000000001e-17,6.2222222222222225e-18,1.2222222222222223e-17,0.0,0.0,6.666666666666668e-19,2.2222222222222226e-19,4.444444444444445e-19,0.0,1830.781700223709,1798.01069437872,2277.619560107219,1961.3154482010302,1348.2132274724586,967.2683296464002,37.662379515692194,-1322.5672048392187,18659.89999999984,9.329949999999922e+23,0.0,0.0
4.25e-06,164690.0,5.48966,3e+22,8848.48,-410.811,21839.3,3.6721,3.66214,3.64191,-0.000161610755,-0.00102435515,0.140538755,0.0189954041,0.0190718192,0.0279031287,0.0001125781,-5.59474792e-05,-0.000211427887,2784.73825,313.042447,15.2224397,335.394786,943.199951,117.86791,1426.29646,-526.881642,4191.54549,8500.0,164689.688751,5.489656292,-60.00000000000001,30000 3000,1e-06,2,0.0 0.0259,0.0 0.0,-1.0 0.0,0.00054857 28.0,80000,1000,5e-10,0.0,0.0 0.0 0.0,1000 1000000 0,0,0.0,0,100,0,,20,,1,,,,1.0,10.0,0.1,False,{},,,False,3,mixed,250,300,True,Ar_Aubin,,False,uniform,Argon-Aubin-Test2/20Td,3.0000000000000005e+21,1.091965e+24,0.0,1.6377866666666666e-13,1.6374622222222224e-13,0.0,0.0,2.2222222222222226e-19,0.0,0.0,0.0,0.0,4.444444444444445e-19,0.0,0.0,0.0,2.2222222222222226e-19,2.2222222222222226e-19,0.0,0.0,0.0,0.0,1.1111111111111113e-18,2.2222222222222226e-19,1.5555555555555556e-18,8.88888888888889e-19,4.444444444444445e-19,1.3333333333333336e-18,8.444444444444445e-18,6.6666666666666674e-18,1.0666666666666668e-17,0.0,0.0,0.0,0.0,0.0,0.0,2377.894282844101,2786.1682595334023,1936.3340626160284,942.7791346364734,1125.0308178806235,1122.277457928501,233.1220531967604,201.49400261927167,19716.659999999833,9.858329999999916e+23,0.0,0.0
4.3e-06,164730.0,5.49099,3e+22,-182.747,-8937.56,8616.96,3.65219,3.66899,3.65992,-0.000129776422,-0.00098864686,0.141601114,0.0192264942,0.0192836084,0.0283376352,9.83969953e-05,-6.64057884e-05,-0.000189834629,1279.31063,687.296025,-25.4377676,-15.498376,1932.84614,250.030913,-575.446106,-2005.32241,1619.2092,8600.0,164729.704024,5.490990134,-60.00000000000001,30000 3000,1e-06,2,0.0 0.0259,0.0 0.0,-1.0 0.0,0.00054857 28.0,80000,1000,5e-10,0.0,0.0 0.0 0.0,1000 1000000 0,0,0.0,0,100,0,,20,,1,,,,1.0,10.0,0.1,False,{},,,False,3,mixed,250,300,True,Ar_Aubin,,False,uniform,Argon-Aubin-Test2/20Td,3.0000000000000005e+21,4.308479999999999e+23,0.0,1.6341977777777778e-13,1.63388e-13,0.0,0.0,0.0,0.0,0.0,0.0,2.2222222222222226e-19,0.0,0.0,2.2222222222222226e-19,2.2222222222222226e-19,0.0,4.444444444444445e-19,0.0,0.0,0.0,0.0,4.444444444444445e-19,0.0,2e-18,6.666666666666668e-19,6.666666666666668e-19,1.3333333333333336e-18,8.444444444444445e-18,7.111111111111112e-18,1e-17,0.0,0.0,0.0,0.0,0.0,0.0,2310.9937611642818,1279.2869137482087,2118.6108085954547,1924.0100493699385,1347.7267090902453,399.03806470656014,-295.88795152351844,-573.8884165825249,21247.180000000255,1.0623590000000127e+24,0.0,0.0
4.35e-06,164958.0,5.49861,3e+22,-2408.23,885.715,14661.0,3.69486,3.67201,3.62909,-0.000121979415,-0.00111277403,0.142609633,0.0194272666,0.0195063497,0.0287377114,9.77416551e-05,-9.41390039e-05,-0.000197448906,2116.5216,488.988233,-1501.00979,4.75511569,2481.38172,-22.9679397,-590.343512,754.98246,2797.05054,8700.0,164958.351141,5.498611705,-60.00000000000001,30000 3000,1e-06,2,0.0 0.0259,0.0 0.0,-1.0 0.0,0.00054857 28.0,80000,1000,5e-10,0.0,0.0 0.0 0.0,1000 1000000 0,0,0.0,0,100,0,,20,,1,,,,1.0,10.0,0.1,False,{},,,False,3,mixed,250,300,True,Ar_Aubin,,False,uniform,Argon-Aubin-Test2/20Td,3.0000000000000005e+21,7.3305e+23,0.0,1.64078e-13,1.64052e-13,0.0,0.0,0.0,2.2222222222222226e-19,0.0,0.0,0.0,0.0,0.0,0.0,0.0,0.0,4.444444444444445e-19,2.2222222222222226e-19,0.0,0.0,0.0,6.666666666666668e-19,0.0,1.777777777777778e-18,8.88888888888889e-19,4.444444444444445e-19,1.1111111111111113e-18,8.88888888888889e-18,4.222222222222222e-18,6.0000000000000004e-18,0.0,4.444444444444445e-19,0.0,4.444444444444445e-19,2.2222222222222226e-19,0.0,2007.7436294202098,2116.2278455134146,2224.8045657194752,2482.367320649981,1134.4426164630258,706.250710587,-574.2852363885881,-1746.128165317095,20170.380000000267,1.0085190000000133e+24,0.0,0.0
4.4e-06,164965.0,5.49883,3e+22,-1856.23,4587.31,23112.2,3.69603,3.65786,3.6406,-0.0002196145,-0.00107744391,0.143577027,0.0196035073,0.0197151222,0.0291458487,8.99489472e-05,-0.000130986026,-0.000186943253,2004.27566,282.906981,-187.893102,395.09035,1952.29568,859.782097,-388.703299,1132.02334,4442.01071,8800.0,164964.957889,5.49883193,-60.00000000000001,30000 3000,1e-06,2,0.0 0.0259,0.0 0.0,-1.0 0.0,0.00054857 28.0,80000,1000,5e-10,0.0,0.0 0.0 0.0,1000 1000000 0,0,0.0,0,100,0,,20,,1,,,,1.0,10.0,0.1,False,{},,,False,3,mixed,250,300,True,Ar_Aubin,,False,uniform,Argon-Aubin-Test2/20Td,3.0000000000000005e+21,1.1556100000000001e+24,2.222222222222222e-19,1.6407977777777778e-13,1.640506666666667e-13,0.0,0.0,2.2222222222222226e-19,0.0,0.0,0.0,0.0,0.0,0.0,2.2222222222222226e-19,0.0,0.0,6.666666666666668e-19,2.2222222222222226e-19,0.0,0.0,4.444444444444445e-19,0.0,4.444444444444445e-19,2.2222222222222226e-19,0.0,6.666666666666668e-19,1.1111111111111113e-18,8.88888888888889e-18,8e-18,7.111111111111112e-18,0.0,2.2222222222222226e-19,0.0,0.0,4.444444444444445e-19,2.2222222222222226e-19,1762.073484490763,2003.868004976665,2088.4988066264405,1957.238249222782,1312.8204223596465,1123.6297465705998,-454.2172942122638,-305.00864192489,19347.87999999965,9.673939999999827e+23,1.1485610941468844e-23,9.614931604184033e-24
4.45e-06,165367.0,5.51222,3e+22,6550.44,-4544.78,28332.0,3.66876,3.67283,3.67793,-0.000160341513,-0.00105341581,0.144676311,0.0198338284,0.0198965845,0.0295831732,9.29939413e-05,-0.000122411619,-0.000164641072,1297.84511,81.527432,-856.270759,506.275781,1980.99043,723.974316,1381.90918,-1359.79004,6201.17114,8900.0,165366.612099,5.512220403,-60.00000000000001,30000 3000,1e-06,2,0.0 0.0259,0.0 0.0,-1.0 0.0,0.00054857 28.0,80000,1000,5e-10,0.0,0.0 0.0 0.0,1000 1000000 0,0,0.0,0,100,0,,20,,1,,,,1.0,10.0,0.1,False,{},,,False,3,mixed,250,300,True,Ar_Aubin,,False,uniform,Argon-Aubin-Test2/20Td,3.0000000000000005e+21,1.4166000000000001e+24,0.0,1.6437355555555554e-13,1.6434733333333336e-13,0.0,0.0,0.0,0.0,0.0,0.0,0.0,2.2222222222222226e-19,0.0,0.0,0.0,0.0,2.2222222222222226e-19,0.0,0.0,2.2222222222222226e-19,2.2222222222222226e-19,2.2222222222222226e-19,0.0,6.666666666666668e-19,1.3333333333333336e-18,8.88888888888889e-19,6.666666666666668e-19,7.333333333333334e-18,7.555555555555556e-18,6.0000000000000004e-18,0.0,2.2222222222222226e-19,0.0,0.0,4.444444444444445e-19,0.0,2303.436211278168,1298.8954174604157,1815.1350051043985,1976.2028868950283,1204.5221759000858,2102.2018967480008,4.808572098140589,-417.5122778805239,21985.68000000012,1.0992840000000061e+24,0.0,0.0
4.5e-06,165414.0,5.51379,3e+22,6590.74,-4185.43,16801.0,3.71854,3.6571,3.64999,-4.34308541e-05,-0.00102462464,0.145755297,0.0200018916,0.0200689567,0.0300273448,0.00010235315,-7.08478126e-05,-0.000162300589,2088.08299,-209.845625,67.502623,578.770233,523.950928,1607.89623,1332.60586,-905.351242,4290.23373,9000.0,165413.695181,5.513789839,-60.00000000000001,30000 3000,1e-06,2,0.0 0.0259,0.0 0.0,-1.0 0.0,0.00054857 28.0,80000,1000,5e-10,0.0,0.0 0.0 0.0,1000 1000000 0,0,0.0,0,100,0,,20,,1,,,,1.0,10.0,0.1,False,{},,,False,3,mixed,250,300,True,Ar_Aubin,,False,uniform,Argon-Aubin-Test2/20Td,3.0000000000000005e+21,8.400500000000002e+23,0.0,1.647711111111111e-13,1.6473911111111112e-13,0.0,0.0,0.0,0.0,0.0,0.0,0.0,2.2222222222222226e-19,0.0,0.0,2.2222222222222226e-19,2.2222222222222226e-19,0.0,0.0,2.2222222222222226e-19,2.2222222222222226e-19,2.2222222222222226e-19,4.444444444444445e-19,0.0,1.777777777777778e-18,0.0,4.444444444444445e-19,1.1111111111111113e-18,1.1111111111111113e-17,8e-18,6.6666666666666674e-18,0.0,0.0,0.0,2.2222222222222226e-19,8.88888888888889e-19,0.0,1680.8702316170252,2088.369231467351,1724.320292158625,519.6624332930048,1307.9996101051165,1841.3989851029996,693.9292967462125,440.2028986299541,21579.72000000008,1.0789860000000041e+24,0.0,0.0
4.55e-06,165398.0,5.51326,3e+22,2004.9,-333.373,20716.4,3.66124,3.70511,3.65771,-1.95124882e-05,-0.00107224711,0.14678533,0.020185073,0.0202728679,0.0304557177,6.03593552e-05,-5.0707159e-05,-0.000161483881,2785.14785,-949.589195,449.288835,747.507684,1259.22908,197.685315,967.51669,979.327055,4730.52889,9100.0,165397.747634,5.513258254,-60.00000000000001,30000 3000,1e-06,2,0.0 0.0259,0.0 0.0,-1.0 0.0,0.00054857 28.0,80000,1000,5e-10,0.0,0.0 0.0 0.0,1000 1000000 0,0,0.0,0,100,0,,20,,1,,,,1.0,10.0,0.1,False,{},,,False,3,mixed,250,300,True,Ar_Aubin,,False,uniform,Argon-Aubin-Test2/20Td,3.0000000000000005e+21,1.0358200000000002e+24,0.0,1.6499888888888887e-13,1.6496711111111112e-13,0.0,0.0,0.0,0.0,0.0,0.0,0.0,0.0,0.0,0.0,2.2222222222222226e-19,0.0,2.2222222222222226e-19,6.666666666666668e-19,0.0,2.2222222222222226e-19,0.0,0.0,2.2222222222222226e-19,8.88888888888889e-19,6.666666666666668e-19,6.666666666666668e-19,8.88888888888889e-19,1e-17,6.0000000000000004e-18,1.088888888888889e-17,0.0,0.0,2.2222222222222226e-19,0.0,0.0,0.0,1831.8290550189618,2785.186970587592,2038.1134178799193,1258.871621764198,1270.4640034931144,1689.6652795879995,333.4904716249789,1122.9198453935464,20600.659999999716,1.0300329999999858e+24,0.0,0.0
4.6e-06,165281.0,5.50937,3e+22,-1664.24,8662.2,20248.7,3.66735,3.65501,3.6936,3.11921331e-05,-0.00102829758,0.147781027,0.0204496463,0.020474452,0.0308845031,8.74789754e-05,-5.23042929e-05,-0.000145459347,2703.91687,-0.948291692,-601.959524,-49.8901832,1255.00577,-233.656139,-7.7198243,1863.9975,4518.104,9200.0,165280.971422,5.509365714,-60.00000000000001,30000 3000,1e-06,2,0.0 0.0259,0.0 0.0,-1.0 0.0,0.00054857 28.0,80000,1000,5e-10,0.0,0.0 0.0 0.0,1000 1000000 0,0,0.0,0,100,0,,20,,1,,,,1.0,10.0,0.1,False,{},,,False,3,mixed,250,300,True,Ar_Aubin,,False,uniform,Argon-Aubin-Test2/20Td,3.0000000000000005e+21,1.012435e+24,0.0,1.6466488888888888e-13,1.6463244444444445e-13,0.0,0.0,0.0,0.0,0.0,0.0,2.2222222222222226e-19,0.0,0.0,0.0,2.2222222222222226e-19,0.0,0.0,0.0,0.0,2.2222222222222226e-19,0.0,4.444444444444445e-19,0.0,1.1111111111111113e-18,1.5555555555555556e-18,4.444444444444445e-19,8.88888888888889e-19,9.333333333333335e-18,9.777777777777779e-18,7.777777777777779e-18,0.0,0.0,0.0,0.0,4.444444444444445e-19,0.0,2645.727077880272,2703.9687811955905,2016.764179518689,1263.913089297476,1354.865620341629,1525.7303185851001,-181.41772766793605,-364.36785207102196,19913.94000000035,9.956970000000176e+23,0.0,0.0
4.65e-06,165443.0,5.51478,3e+22,3918.08,6670.9,24811.1,3.6969,3.68102,3.6478,-4.2608325e-06,-0.00101090655,0.14882052,0.0206493094,0.0206869394,0.0313237829,8.54324072e-05,-8.05013603e-05,-0.000154846469,1780.9028,104.044232,69.4095724,-57.8161702,1759.427,155.55816,579.347892,1257.00149,5014.82808,9300.0,165443.422816,5.514780761,-60.00000000000001,30000 3000,1e-06,2,0.0 0.0259,0.0 0.0,-1.0 0.0,0.00054857 28.0,80000,1000,5e-10,0.0,0.0 0.0 0.0,1000 1000000 0,0,0.0,0,100,0,,20,,1,,,,1.0,10.0,0.1,False,{},,,False,3,mixed,250,300,True,Ar_Aubin,,False,uniform,Argon-Aubin-Test2/20Td,3.0000000000000005e+21,1.240555e+24,0.0,1.6480844444444444e-13,1.6478e-13,0.0,0.0,0.0,0.0,0.0,0.0,4.444444444444445e-19,0.0,0.0,0.0,0.0,0.0,4.444444444444445e-19,0.0,0.0,0.0,0.0,8.88888888888889e-19,2.2222222222222226e-19,6.666666666666668e-19,8.88888888888889e-19,1.3333333333333336e-18,1.777777777777778e-18,9.333333333333335e-18,4.888888888888889e-18,6.8888888888888895e-18,0.0,0.0,4.444444444444445e-19,2.2222222222222226e-19,0.0,0.0,1996.6405479447324,1780.9194942826016,2125.2286386019837,1766.1706565043949,1309.6456810433172,1322.4272762280002,-459.0672525575678,65.77247733964077,20789.86000000005,1.0394930000000027e+24,0.0,0.0
4.7e-06,165524.0,5.51747,3e+22,-1760.61,-4408.34,22968.3,3.67828,3.6725,3.68103,6.93608286e-05,-0.000965179131,0.149864545,0.0208517411,0.020909579,0.0317592066,9.79016686e-05,-6.58022152e-05,-0.00014178716,2629.91901,775.375656,314.230675,-397.983953,2042.11903,-307.202972,80.6428254,-27.1104417,4419.988,9400.0,165524.120145,5.517470671,-60.00000000000001,30000 3000,1e-06,2,0.0 0.0259,0.0 0.0,-1.0 0.0,0.00054857 28.0,80000,1000,5e-10,0.0,0.0 0.0 0.0,1000 1000000 0,0,0.0,0,100,0,,20,,1,,,,1.0,10.0,0.1,False,{},,,False,3,mixed,250,300,True,Ar_Aubin,,False,uniform,Argon-Aubin-Test2/20Td,3.0000000000000005e+21,1.148415e+24,0.0,1.6501177777777777e-13,1.6498155555555558e-13,2.2222222222222226e-19,0.0,0.0,0.0,0.0,0.0,0.0,2.2222222222222226e-19,0.0,2.2222222222222226e-19,0.0,0.0,8.88888888888889e-19,2.2222222222222226e-19,0.0,0.0,2.2222222222222226e-19,4.444444444444445e-19,0.0,8.88888888888889e-19,1.3333333333333336e-18,4.444444444444445e-19,8.88888888888889e-19,7.333333333333334e-18,6.444444444444445e-18,1.0444444444444445e-17,0.0,0.0,0.0,0.0,0.0,0.0,2024.2690723015073,2630.0411273684417,2227.2996129791763,2037.8641922296474,1235.890250133806,977.8541710765007,73.40633545510211,657.1334166529166,20880.499999999527,1.0440249999999764e+24,0.0,0.0
4.75e-06,165589.0,5.51963,3e+22,5869.98,-2200.52,16431.2,3.70988,3.65521,3.67242,6.26104507e-05,-0.000977361025,0.150987932,0.0210599639,0.0211113812,0.032213293,0.000104903983,-5.53181509e-05,-0.000121498821,2066.95613,347.071713,-785.964045,444.572587,1119.15599,-323.409417,1120.48293,-68.0295897,3624.9325,9500.0,165588.968733,5.519632291,-60.00000000000001,30000 3000,1e-06,2,0.0 0.0259,0.0 0.0,-1.0 0.0,0.00054857 28.0,80000,1000,5e-10,0.0,0.0 0.0 0.0,1000 1000000 0,0,0.0,0,100,0,,20,,1,,,,1.0,10.0,0.1,False,{},,,False,3,mixed,250,300,True,Ar_Aubin,,False,uniform,Argon-Aubin-Test2/20Td,3.0000000000000005e+21,8.2156e+23,0.0,1.65238e-13,1.6520466666666668e-13,0.0,0.0,0.0,0.0,0.0,0.0,0.0,0.0,0.0,0.0,0.0,0.0,6.666666666666668e-19,2.2222222222222226e-19,0.0,0.0,0.0,2.2222222222222226e-19,0.0,1.1111111111111113e-18,8.88888888888889e-19,6.666666666666668e-19,1.3333333333333336e-18,1.288888888888889e-17,6.444444444444445e-18,8.666666666666667e-18,0.0,0.0,2.2222222222222226e-19,0.0,0.0,0.0,2082.236908560048,2066.5886079066,2017.7853618173065,1117.0052875172669,1161.1263842039796,1144.0195917216001,228.50741692362055,-552.8060209189018,22467.74000000007,1.1233870000000036e+24,0.0,0.0
4.8e-06,165253.0,5.50844,3e+22,-1398.63,245.344,19066.6,3.67124,3.67024,3.67333,0.000183963578,-0.00097072615,0.151821252,0.0212870003,0.0213279812,0.0325904578,0.000119310413,-3.30213985e-05,-0.000111106542,2587.81044,694.711285,1287.82739,433.605858,2288.64393,-302.301952,38.1826867,-962.342879,4007.72027,9600.0,165253.332331,5.508444411,-60.00000000000001,30000 3000,1e-06,2,0.0 0.0259,0.0 0.0,-1.0 0.0,0.00054857 28.0,80000,1000,5e-10,0.0,0.0 0.0 0.0,1000 1000000 0,0,0.0,0,100,0,,20,,1,,,,1.0,10.0,0.1,False,{},,,False,3,mixed,250,300,True,Ar_Aubin,,False,uniform,Argon-Aubin-Test2/20Td,3.0000000000000005e+21,9.533299999999999e+23,0.0,1.6504622222222222e-13,1.6501533333333335e-13,0.0,0.0,0.0,0.0,0.0,0.0,2.2222222222222226e-19,2.2222222222222226e-19,0.0,0.0,2.2222222222222226e-19,0.0,4.444444444444445e-19,2.2222222222222226e-19,0.0,0.0,2.2222222222222226e-19,4.444444444444445e-19,4.444444444444445e-19,6.666666666666668e-19,4.444444444444445e-19,4.444444444444445e-19,1.1111111111111113e-18,8.666666666666667e-18,8.444444444444445e-18,8.222222222222223e-18,0.0,0.0,0.0,0.0,4.444444444444445e-19,0.0,2270.064774705094,2588.0677369790983,2166.129253148921,2288.882091836546,1248.2785078912416,1113.0051866168,76.41188276842593,1534.8442744284653,16666.399999999972,8.333199999999987e+23,0.0,0.0
4.85e-06,165165.0,5.50549,3e+22,-1702.36,4187.41,26243.1,3.67759,3.69152,3.63785,0.000150477353,-0.000920272505,0.152759717,0.0215179718,0.0215391405,0.0330202255,0.000149734296,6.08352425e-06,-0.000113138287,2694.5992,606.84996,1398.12158,195.006378,2253.22988,666.961767,-60.1340677,802.983989,5398.90981,9700.0,165164.837958,5.505494599,-60.00000000000001,30000 3000,1e-06,2,0.0 0.0259,0.0 0.0,-1.0 0.0,0.00054857 28.0,80000,1000,5e-10,0.0,0.0 0.0 0.0,1000 1000000 0,0,0.0,0,100,0,,20,,1,,,,1.0,10.0,0.1,False,{},,,False,3,mixed,250,300,True,Ar_Aubin,,False,uniform,Argon-Aubin-Test2/20Td,3.0000000000000005e+21,1.312155e+24,0.0,1.6470177777777777e-13,1.646717777777778e-13,0.0,0.0,0.0,0.0,0.0,0.0,0.0,0.0,0.0,0.0,0.0,0.0,6.666666666666668e-19,6.666666666666668e-19,0.0,0.0,6.666666666666668e-19,4.444444444444445e-19,0.0,6.666666666666668e-19,8.88888888888889e-19,0.0,1.1111111111111113e-18,8.666666666666667e-18,6.0000000000000004e-18,1e-17,0.0,0.0,0.0,0.0,2.2222222222222226e-19,0.0,2309.8269916426234,2694.855366626653,2112.547077748363,2257.083438290162,1439.291209274149,1390.0212807973007,880.9525125034112,1594.0905519096054,18769.29999999999,9.384649999999994e+23,0.0,0.0
4.9e-06,164991.0,5.4997,3e+22,3695.82,5819.11,15894.3,3.6253,3.6612,3.7112,0.000190918888,-0.000804814842,0.153779959,0.0217306951,0.0217356556,0.0334642319,0.000172909943,3.39476856e-05,-9.8562904e-05,1351.71953,204.647077,768.652863,-308.018333,653.68828,1216.44835,1620.643,875.600457,3852.5463,9800.0,164991.087246,5.499702908,-60.00000000000001,30000 3000,1e-06,2,0.0 0.0259,0.0 0.0,-1.0 0.0,0.00054857 28.0,80000,1000,5e-10,0.0,0.0 0.0 0.0,1000 1000000 0,0,0.0,0,100,0,,20,,1,,,,1.0,10.0,0.1,False,{},,,False,3,mixed,250,300,True,Ar_Aubin,,False,uniform,Argon-Aubin-Test2/20Td,3.0000000000000005e+21,7.94715e+23,0.0,1.643531111111111e-13,1.6431911111111114e-13,0.0,0.0,0.0,0.0,0.0,0.0,0.0,2.2222222222222226e-19,0.0,2.2222222222222226e-19,0.0,0.0,1.3333333333333336e-18,0.0,0.0,0.0,0.0,4.444444444444445e-19,0.0,8.88888888888889e-19,1.3333333333333336e-18,6.666666666666668e-19,2e-18,1.0444444444444445e-17,6.8888888888888895e-18,8.88888888888889e-18,0.0,2.2222222222222226e-19,0.0,0.0,4.444444444444445e-19,0.0,2127.0949341196942,1351.013928155352,1967.1427455355413,658.3715860952306,1312.617478784091,1408.3214976663003,429.8308088044703,1817.9182928470818,20404.84000000009,1.0202420000000047e+24,0.0,0.0
4.95e-06,164836.0,5.49452,3e+22,-4108.12,1486.27,11386.6,3.68443,3.65858,3.64518,0.000133209003,-0.000713354311,0.154780097,0.021950808,0.0219249275,0.0338962536,0.000177215457,2.04883378e-05,-7.58928704e-05,2081.345,786.949119,495.85635,268.217237,1567.79538,-647.754832,-658.58849,-62.5236448,2985.89373,9900.0,164835.634483,5.494521149,-60.00000000000001,30000 3000,1e-06,2,0.0 0.0259,0.0 0.0,-1.0 0.0,0.00054857 28.0,80000,1000,5e-10,0.0,0.0 0.0 0.0,1000 1000000 0,0,0.0,0,100,0,,20,,1,,,,1.0,10.0,0.1,False,{},,,False,3,mixed,250,300,True,Ar_Aubin,,False,uniform,Argon-Aubin-Test2/20Td,3.0000000000000005e+21,5.6933000000000006e+23,0.0,1.645951111111111e-13,1.6456200000000003e-13,2.2222222222222226e-19,0.0,0.0,0.0,0.0,0.0,0.0,0.0,0.0,0.0,0.0,0.0,8.88888888888889e-19,4.444444444444445e-19,0.0,0.0,2.2222222222222226e-19,6.666666666666668e-19,0.0,2.2222222222222226e-19,6.666666666666668e-19,4.444444444444445e-19,1.3333333333333336e-18,1.1777777777777779e-17,8.222222222222223e-18,7.555555555555556e-18,0.0,0.0,0.0,2.2222222222222226e-19,2.2222222222222226e-19,0.0,2201.316053833148,2081.892238569404,1894.1075255688238,1568.85561711181,1234.1906271226555,1223.4746774997996,-94.35902873295416,471.6062744540802,20002.76000000023,1.0001380000000117e+24,0.0,0.0
5e-06,164514.0,5.48379,3e+22,289.967,951.001,15973.8,3.6238,3.67,3.67233,1.50461832e-05,-0.000694756335,0.155785371,0.0221443501,0.0221656572,0.0343454383,0.000214630661,-6.94994302e-06,-6.51298121e-05,558.243202,-170.09371,-904.887144,994.213224,1673.5078,12.6730701,-102.119825,-42.4567952,3267.67489,10000.0,164513.820078,5.483794003,-60.00000000000001,30000 3000,1e-06,2,0.0 0.0259,0.0 0.0,-1.0 0.0,0.00054857 28.0,80000,1000,5e-10,0.0,0.0 0.0 0.0,1000 1000000 0,0,0.0,0,100,0,,20,,1,,,,1.0,10.0,0.1,False,{},,,False,3,mixed,250,300,True,Ar_Aubin,,False,uniform,Argon-Aubin-Test2/20Td,3.0000000000000005e+21,7.9869e+23,0.0,1.63728e-13,1.6369155555555557e-13,0.0,0.0,0.0,0.0,0.0,0.0,0.0,0.0,0.0,0.0,0.0,0.0,2.2222222222222226e-19,6.666666666666668e-19,2.2222222222222226e-19,0.0,0.0,1.5555555555555556e-18,4.444444444444445e-19,1.3333333333333336e-18,6.666666666666668e-19,6.666666666666668e-19,1.1111111111111113e-18,1.088888888888889e-17,8.444444444444445e-18,9.777777777777779e-18,0.0,2.2222222222222226e-19,0.0,2.2222222222222226e-19,0.0,0.0,1935.5961825085617,558.238839103396,2407.5588800799924,1674.1685139693413,1369.8130972177037,779.1905307201996,-183.28307292665346,-1052.4199303939572,20105.48000000001,1.0052740000000006e+24,0.0,0.0
5.05e-06,164250.0,5.47501,3e+22,-637.98,1184.26,14030.3,3.64403,3.64352,3.66133,3.31111276e-05,-0.000705189582,0.156820344,0.022383346,0.0223857318,0.0347742542,0.000240368931,-2.92014318e-05,-5.68673283e-05,2813.33391,710.353134,150.262001,-281.499322,1916.45739,915.976688,-0.62186167,-612.701117,1964.54224,10100.0,164250.202898,5.475006763,-60.00000000000001,30000 3000,1e-06,2,0.0 0.0259,0.0 0.0,-1.0 0.0,0.00054857 28.0,80000,1000,5e-10,0.0,0.0 0.0 0.0,1000 1000000 0,0,0.0,0,100,0,,20,,1,,,,1.0,10.0,0.1,False,{},,,False,3,mixed,250,300,True,Ar_Aubin,,False,uniform,Argon-Aubin-Test2/20Td,3.0000000000000005e+21,7.01515e+23,0.0,1.6335444444444445e-13,1.6331822222222223e-13,0.0,0.0,0.0,0.0,0.0,0.0,2.2222222222222226e-19,0.0,0.0,2.2222222222222226e-19,2.2222222222222226e-19,2.2222222222222226e-19,4.444444444444445e-19,4.444444444444445e-19,0.0,0.0,0.0,6.666666666666668e-19,0.0,8.88888888888889e-19,4.444444444444445e-19,6.666666666666668e-19,1.3333333333333336e-18,9.777777777777779e-18,7.333333333333334e-18,1.2000000000000001e-17,0.0,2.2222222222222226e-19,2.2222222222222226e-19,2.2222222222222226e-19,6.666666666666668e-19,0.0,2389.9503004085404,2813.355034237186,2200.5999401845943,1917.2925178143794,1052.7742532930388,-235.69423242319976,-502.0002393702785,249.22382334155373,20699.459999999894,1.0349729999999947e+24,0.0,0.0
5.1e-06,164062.0,5.46873,3e+22,-394.851,-197.746,14459.9,3.65729,3.63421,3.64478,1.43869375e-05,-0.000684982604,0.15778056,0.0225939418,0.0225838842,0.0351853969,0.000239387824,-1.85218601e-05,-5.89420462e-05,1769.9652,-710.189184,-458.015765,699.739659,1806.07812,464.792398,94.2965746,598.424218,3051.3995,10200.0,164061.916298,5.468730543,-60.00000000000001,30000 3000,1e-06,2,0.0 0.0259,0.0 0.0,-1.0 0.0,0.00054857 28.0,80000,1000,5e-10,0.0,0.0 0.0 0.0,1000 1000000 0,0,0.0,0,100,0,,20,,1,,,,1.0,10.0,0.1,False,{},,,False,3,mixed,250,300,True,Ar_Aubin,,False,uniform,Argon-Aubin-Test2/20Td,3.0000000000000005e+21,7.22995e+23,2.222222222222222e-19,1.6325177777777776e-13,1.6321933333333334e-13,0.0,0.0,0.0,0.0,0.0,0.0,0.0,2.2222222222222226e-19,0.0,0.0,0.0,0.0,2.2222222222222226e-19,0.0,0.0,2.2222222222222226e-19,0.0,8.88888888888889e-19,2.2222222222222226e-19,1.1111111111111113e-18,6.666666666666668e-19,4.444444444444445e-19,1.5555555555555556e-18,9.777777777777779e-18,8e-18,8.222222222222223e-18,0.0,0.0,2.2222222222222226e-19,0.0,4.444444444444445e-19,2.2222222222222226e-19,2105.966893627999,1769.970880696659,1981.8049117878088,1805.9426674299893,1090.578783647378,769.908380456,272.04182130049793,-301.62741218099626,19204.31999999972,9.60215999999986e+23,1.157147049321327e-23,1.5368171441173328e-23
5.15e-06,163986.0,5.46621,3e+22,-2065.06,8964.16,17350.1,3.62275,3.68433,3.62315,0.000277478784,-0.000570711538,0.158737248,0.022788995,0.0227359877,0.0355891851,0.000227732797,4.37495904e-05,-4.18137395e-05,1940.61399,-353.678749,-332.943525,-1038.96416,1262.18225,555.324976,-451.205755,1743.67169,3752.91078,10300.0,163986.258206,5.466208607,-60.00000000000001,30000 3000,1e-06,2,0.0 0.0259,0.0 0.0,-1.0 0.0,0.00054857 28.0,80000,1000,5e-10,0.0,0.0 0.0 0.0,1000 1000000 0,0,0.0,0,100,0,,20,,1,,,,1.0,10.0,0.1,False,{},,,False,3,mixed,250,300,True,Ar_Aubin,,False,uniform,Argon-Aubin-Test2/20Td,3.0000000000000005e+21,8.67505e+23,0.0,1.6299066666666667e-13,1.6296022222222224e-13,0.0,0.0,0.0,0.0,0.0,0.0,0.0,2.2222222222222226e-19,0.0,0.0,0.0,0.0,2.2222222222222226e-19,0.0,0.0,2.2222222222222226e-19,4.444444444444445e-19,2.2222222222222226e-19,4.444444444444445e-19,4.444444444444445e-19,4.444444444444445e-19,4.444444444444445e-19,1.1111111111111113e-18,1.0222222222222223e-17,6.0000000000000004e-18,9.111111111111112e-18,0.0,0.0,0.0,0.0,8.88888888888889e-19,0.0,1949.7641250840193,1941.187000337687,1522.4698950817851,1267.2981995404782,1009.7941130009225,998.8036534752005,409.90422009777126,-461.1616232953985,19133.760000000224,9.566880000000112e+23,0.0,0.0
5.2e-06,164077.0,5.46924,3e+22,-381.253,-1487.8,21596.8,3.62416,3.65593,3.65572,0.000352198078,-0.000371725305,0.159728521,0.0230308331,0.0229967042,0.0360335869,0.000248899169,5.22740135e-05,-1.92526772e-07,2566.0557,22.9380202,1862.41648,-855.091894,2929.94866,-358.736712,18.788659,-1021.84517,4371.95895,10400.0,164077.076023,5.469235867,-60.00000000000001,30000 3000,1e-06,2,0.0 0.0259,0.0 0.0,-1.0 0.0,0.00054857 28.0,80000,1000,5e-10,0.0,0.0 0.0 0.0,1000 1000000 0,0,0.0,0,100,0,,20,,1,,,,1.0,10.0,0.1,False,{},,,False,3,mixed,250,300,True,Ar_Aubin,,False,uniform,Argon-Aubin-Test2/20Td,3.0000000000000005e+21,1.07984e+24,0.0,1.6287199999999998e-13,1.6284355555555557e-13,0.0,0.0,0.0,0.0,0.0,0.0,0.0,0.0,0.0,0.0,2.2222222222222226e-19,0.0,4.444444444444445e-19,4.444444444444445e-19,0.0,0.0,0.0,4.444444444444445e-19,2.2222222222222226e-19,2.2222222222222226e-19,6.666666666666668e-19,0.0,1.3333333333333336e-18,8.666666666666667e-18,6.8888888888888895e-18,8.222222222222223e-18,0.0,0.0,2.2222222222222226e-19,2.2222222222222226e-19,2.2222222222222226e-19,0.0,2417.9105098942264,2566.1899765738317,2609.040319572244,2929.395607091221,1287.1528176605987,922.3340276672002,-73.7087289487241,1934.4957653658628,19825.460000000294,9.912730000000148e+23,0.0,0.0
5.25e-06,163852.0,5.46174,3e+22,-3517.2,3071.78,15082.8,3.62911,3.61955,3.67339,0.000301710406,-0.000328258549,0.160709415,0.0232534389,0.0231599618,0.0364750819,0.000264855105,4.44344205e-05,5.17897432e-06,1292.15343,117.554083,-83.2292506,285.538963,1079.68454,-1099.08709,-1381.31293,206.516741,3713.39816,10500.0,163852.062222,5.461735407,-60.00000000000001,30000 3000,1e-06,2,0.0 0.0259,0.0 0.0,-1.0 0.0,0.00054857 28.0,80000,1000,5e-10,0.0,0.0 0.0 0.0,1000 1000000 0,0,0.0,0,100,0,,20,,1,,,,1.0,10.0,0.1,False,{},,,False,3,mixed,250,300,True,Ar_Aubin,,False,uniform,Argon-Aubin-Test2/20Td,3.0000000000000005e+21,7.5414e+23,0.0,1.62852e-13,1.6281800000000001e-13,0.0,0.0,0.0,0.0,0.0,0.0,2.2222222222222226e-19,0.0,0.0,0.0,0.0,0.0,2.2222222222222226e-19,6.666666666666668e-19,0.0,2.2222222222222226e-19,2.2222222222222226e-19,6.666666666666668e-19,0.0,6.666666666666668e-19,0.0,2.2222222222222226e-19,1.1111111111111113e-18,1.3111111111111113e-17,7.555555555555556e-18,8.222222222222223e-18,0.0,0.0,2.2222222222222226e-19,0.0,6.666666666666668e-19,0.0,2226.3881431705895,1293.2146058399833,1632.8802602738613,1080.6928780456471,1271.7935120521927,1289.4501954380003,-1.4243549937969504,-903.8456638736169,19617.879999999644,9.808939999999824e+23,0.0,0.0
5.3e-06,163987.0,5.46622,3e+22,-2973.92,4003.15,12351.0,3.62772,3.67095,3.63276,0.000322176588,-0.000330478036,0.161749465,0.0234285289,0.0233069645,0.0369575827,0.000255947541,7.2972778e-05,-2.82074638e-05,1930.92983,-1593.40606,344.707113,-768.292913,2492.20801,-850.812628,-592.845917,1132.25704,2913.06949,10600.0,163986.678005,5.4662226,-60.00000000000001,30000 3000,1e-06,2,0.0 0.0259,0.0 0.0,-1.0 0.0,0.00054857 28.0,80000,1000,5e-10,0.0,0.0 0.0 0.0,1000 1000000 0,0,0.0,0,100,0,,20,,1,,,,1.0,10.0,0.1,False,{},,,False,3,mixed,250,300,True,Ar_Aubin,,False,uniform,Argon-Aubin-Test2/20Td,3.0000000000000005e+21,6.1755e+23,0.0,1.6287866666666666e-13,1.6284933333333336e-13,0.0,0.0,0.0,0.0,0.0,0.0,0.0,0.0,0.0,0.0,0.0,2.2222222222222226e-19,8.88888888888889e-19,0.0,0.0,0.0,0.0,8.88888888888889e-19,0.0,8.88888888888889e-19,2.2222222222222226e-19,6.666666666666668e-19,1.3333333333333336e-18,9.555555555555557e-18,6.8888888888888895e-18,7.555555555555556e-18,0.0,0.0,0.0,0.0,2.2222222222222226e-19,0.0,1750.7723141523338,1931.887957398585,1470.0123794271492,2493.530963149813,1471.274418559966,915.3018477849998,498.2833920629413,228.91196191441207,20801.00000000029,1.0400500000000147e+24,0.0,0.0
5.35e-06,163790.0,5.45968,3e+22,-4474.02,-383.372,20759.0,3.67274,3.59787,3.64618,0.000344722643,-0.000287496548,0.162699738,0.0236175859,0.0235484207,0.0373789704,0.000239344469,7.74161886e-05,-6.0941648e-05,2752.06035,-101.553203,-742.025248,-1321.83726,2775.41326,-784.555488,-1036.45415,-146.675769,3971.46906,10700.0,163790.295423,5.459676514,-60.00000000000001,30000 3000,1e-06,2,0.0 0.0259,0.0 0.0,-1.0 0.0,0.00054857 28.0,80000,1000,5e-10,0.0,0.0 0.0 0.0,1000 1000000 0,0,0.0,0,100,0,,20,,1,,,,1.0,10.0,0.1,False,{},,,False,3,mixed,250,300,True,Ar_Aubin,,False,uniform,Argon-Aubin-Test2/20Td,3.0000000000000005e+21,1.0379500000000001e+24,0.0,1.6294177777777776e-13,1.6290933333333334e-13,0.0,0.0,0.0,0.0,0.0,0.0,0.0,0.0,0.0,2.2222222222222226e-19,0.0,2.2222222222222226e-19,0.0,4.444444444444445e-19,0.0,0.0,2.2222222222222226e-19,6.666666666666668e-19,2.2222222222222226e-19,4.444444444444445e-19,6.666666666666668e-19,6.666666666666668e-19,6.666666666666668e-19,1.0444444444444445e-17,6.6666666666666674e-18,1.0222222222222223e-17,0.0,2.2222222222222226e-19,0.0,2.2222222222222226e-19,2.2222222222222226e-19,0.0,1890.4196405325827,2753.602645999235,2414.8276146716485,2775.3030418734,1130.7238251758583,593.9851988579999,9.380352915157868,-1057.713613539277,19005.460000000032,9.502730000000016e+23,0.0,0.0
5.4e-06,163891.0,5.46302,3e+22,10811.3,-1445.61,12055.8,3.6625,3.62494,3.6371,0.000206887172,-0.000292841309,0.163749745,0.023838406,0.0237272637,0.0378482478,0.000257758734,5.18786368e-05,-9.01984083e-05,2171.43432,-625.051887,-438.051165,168.358511,1481.84728,345.343239,2615.27916,-381.324131,3115.43834,10800.0,163890.657114,5.463021904,-60.00000000000001,30000 3000,1e-06,2,0.0 0.0259,0.0 0.0,-1.0 0.0,0.00054857 28.0,80000,1000,5e-10,0.0,0.0 0.0 0.0,1000 1000000 0,0,0.0,0,100,0,,20,,1,,,,1.0,10.0,0.1,False,{},,,False,3,mixed,250,300,True,Ar_Aubin,,False,uniform,Argon-Aubin-Test2/20Td,3.0000000000000005e+21,6.0278999999999995e+23,0.0,1.6259622222222221e-13,1.625657777777778e-13,0.0,0.0,0.0,0.0,0.0,0.0,2.2222222222222226e-19,0.0,0.0,0.0,0.0,0.0,8.88888888888889e-19,0.0,0.0,0.0,0.0,6.666666666666668e-19,0.0,4.444444444444445e-19,8.88888888888889e-19,0.0,4.444444444444445e-19,9.555555555555557e-18,8.666666666666667e-18,8.444444444444445e-18,0.0,0.0,0.0,2.2222222222222226e-19,0.0,0.0,2208.961313986575,2169.197600717356,1788.3989823285624,1481.4239456752964,1265.0315770361756,1141.3041642290002,-66.5797952000722,404.38618651330285,21000.139999999836,1.050006999999992e+24,0.0,0.0
5.45e-06,163669.0,5.45562,3e+22,732.94,-2475.34,17019.7,3.61976,3.62189,3.66791,0.00030208002,-0.000265096477,0.164665819,0.0240722099,0.0238876536,0.0382788253,0.000242843812,4.80700399e-05,-7.44403901e-05,2853.96349,-133.872281,562.068126,314.896622,2830.62688,-159.341255,191.224927,-514.589669,3654.82876,10900.0,163668.643868,5.455621462,-60.00000000000001,30000 3000,1e-06,2,0.0 0.0259,0.0 0.0,-1.0 0.0,0.00054857 28.0,80000,1000,5e-10,0.0,0.0 0.0 0.0,1000 1000000 0,0,0.0,0,100,0,,20,,1,,,,1.0,10.0,0.1,False,{},,,False,3,mixed,250,300,True,Ar_Aubin,,False,uniform,Argon-Aubin-Test2/20Td,3.0000000000000005e+21,8.50985e+23,0.0,1.6253844444444445e-13,1.625068888888889e-13,0.0,0.0,0.0,0.0,0.0,2.2222222222222226e-19,0.0,0.0,0.0,0.0,0.0,0.0,6.666666666666668e-19,0.0,0.0,2.2222222222222226e-19,0.0,0.0,2.2222222222222226e-19,2.2222222222222226e-19,1.3333333333333336e-18,1.5555555555555556e-18,6.666666666666668e-19,8.222222222222223e-18,7.111111111111112e-18,9.777777777777779e-18,0.0,2.2222222222222226e-19,4.444444444444445e-19,0.0,6.666666666666668e-19,0.0,2337.5544996345407,2853.742083470141,1604.0537989013906,2829.9706760866225,1297.2454062426877,852.2659203656999,-393.46258276130493,627.461576305746,18321.47999999978,9.160739999999891e+23,0.0,0.0
5.5e-06,163981.0,5.46604,3e+22,3916.87,1512.24,19531.9,3.6787,3.6446,3.60651,0.000210531125,-0.0003437768,0.165822275,0.0242735655,0.0241154253,0.0388018706,0.000249158905,2.67484846e-05,-6.8637079e-05,2618.41901,-897.080567,913.373484,397.169746,2649.61992,-152.657836,1228.45069,586.141816,4589.49742,11000.0,163981.234727,5.466041158,-60.00000000000001,30000 3000,1e-06,2,0.0 0.0259,0.0 0.0,-1.0 0.0,0.00054857 28.0,80000,1000,5e-10,0.0,0.0 0.0 0.0,1000 1000000 0,0,0.0,0,100,0,,20,,1,,,,1.0,10.0,0.1,False,{},,,False,3,mixed,250,300,True,Ar_Aubin,,False,uniform,Argon-Aubin-Test2/20Td,3.0000000000000005e+21,9.765950000000001e+23,2.222222222222222e-19,1.627151111111111e-13,1.6268533333333335e-13,0.0,2.2222222222222226e-19,0.0,0.0,0.0,0.0,0.0,0.0,0.0,0.0,0.0,0.0,0.0,6.666666666666668e-19,0.0,0.0,0.0,8.88888888888889e-19,0.0,6.666666666666668e-19,6.666666666666668e-19,6.666666666666668e-19,8.88888888888889e-19,8.222222222222223e-18,7.777777777777779e-18,8.444444444444445e-18,0.0,0.0,4.444444444444445e-19,0.0,0.0,2.2222222222222226e-19,2014.0252898389126,2617.5943869524212,2277.2379365389866,2650.1397930280323,1408.503607651379,1350.6733269274996,-129.80103017945976,1488.2078068403623,23129.120000000003,1.1564560000000003e+24,9.607897845755576e-24,1.1377399137934466e-23
5.55e-06,164103.0,5.47012,3e+22,347.715,2986.02,11301.8,3.60215,3.67218,3.66512,0.00013379356,-0.000273878226,0.166854075,0.0244448897,0.0243085847,0.0392931347,0.000264913534,9.66105244e-06,-6.41252279e-05,1995.1476,1286.96102,-332.461593,63.7295187,2149.49489,-398.552492,-104.90438,-470.013201,2888.64206,11100.0,164103.460492,5.47011535,-60.00000000000001,30000 3000,1e-06,2,0.0 0.0259,0.0 0.0,-1.0 0.0,0.00054857 28.0,80000,1000,5e-10,0.0,0.0 0.0 0.0,1000 1000000 0,0,0.0,0,100,0,,20,,1,,,,1.0,10.0,0.1,False,{},,,False,3,mixed,250,300,True,Ar_Aubin,,False,uniform,Argon-Aubin-Test2/20Td,3.0000000000000005e+21,5.650899999999999e+23,0.0,1.627422222222222e-13,1.6271311111111112e-13,2.2222222222222226e-19,0.0,2.2222222222222226e-19,0.0,0.0,0.0,0.0,0.0,0.0,2.2222222222222226e-19,0.0,0.0,0.0,2.2222222222222226e-19,0.0,2.2222222222222226e-19,2.2222222222222226e-19,6.666666666666668e-19,0.0,6.666666666666668e-19,6.666666666666668e-19,1.1111111111111113e-18,8.88888888888889e-19,9.333333333333335e-18,7.111111111111112e-18,6.6666666666666674e-18,0.0,2.2222222222222226e-19,0.0,4.444444444444445e-19,0.0,0.0,1713.5062263789678,1995.1010779722847,1932.0257320554203,2150.3126958604003,1480.0864206999943,1002.8906751650004,-90.01365497895256,-496.89574574503297,20635.99999999999,1.0317999999999995e+24,0.0,0.0
5.6e-06,164279.0,5.47596,3e+22,-14695.3,-937.687,19823.8,3.60443,3.66754,3.67648,0.000189968089,-0.000269811884,0.167816263,0.0246416899,0.0245851933,0.0397444048,0.000266182686,2.61549531e-05,-5.90283129e-05,2735.03619,-48.5077437,1338.20303,-278.199119,940.850291,449.504741,-2731.71676,-24.7598704,4722.35988,11200.0,164278.836664,5.475961222,-60.00000000000001,30000 3000,1e-06,2,0.0 0.0259,0.0 0.0,-1.0 0.0,0.00054857 28.0,80000,1000,5e-10,0.0,0.0 0.0 0.0,1000 1000000 0,0,0.0,0,100,0,,20,,1,,,,1.0,10.0,0.1,False,{},,,False,3,mixed,250,300,True,Ar_Aubin,,False,uniform,Argon-Aubin-Test2/20Td,3.0000000000000005e+21,9.9119e+23,2.222222222222222e-19,1.6323622222222222e-13,1.6321044444444445e-13,2.2222222222222226e-19,0.0,0.0,0.0,0.0,0.0,0.0,0.0,0.0,0.0,2.2222222222222226e-19,0.0,2.2222222222222226e-19,2.2222222222222226e-19,0.0,0.0,0.0,0.0,0.0,6.666666666666668e-19,4.444444444444445e-19,6.666666666666668e-19,8.88888888888889e-19,6.6666666666666674e-18,6.6666666666666674e-18,7.777777777777779e-18,0.0,0.0,6.666666666666668e-19,0.0,2.2222222222222226e-19,2.2222222222222226e-19,1967.8201284185905,2737.8278280582813,2766.1081082992755,940.5972919039276,1292.5431682045407,1395.6038455406,138.76333139051195,1068.8307102611818,19243.760000000057,9.621880000000029e+23,1.1547754816222066e-23,1.120987006639606e-23
5.65e-06,163997.0,5.46657,3e+22,5993.05,2512.99,18447.6,3.63479,3.63541,3.66076,8.88389217e-05,-0.000341690671,0.168850323,0.0248295561,0.0247888072,0.0402061697,0.000262474591,1.55175375e-05,-7.50149111e-05,1719.197,245.823851,349.261203,638.073257,1313.16138,-6.6160967,923.897728,643.956925,4237.34376,11300.0,163997.01963,5.466567321,-60.00000000000001,30000 3000,1e-06,2,0.0 0.0259,0.0 0.0,-1.0 0.0,0.00054857 28.0,80000,1000,5e-10,0.0,0.0 0.0 0.0,1000 1000000 0,0,0.0,0,100,0,,20,,1,,,,1.0,10.0,0.1,False,{},,,False,3,mixed,250,300,True,Ar_Aubin,,False,uniform,Argon-Aubin-Test2/20Td,3.0000000000000005e+21,9.223799999999999e+23,0.0,1.6321155555555555e-13,1.631748888888889e-13,0.0,0.0,0.0,0.0,0.0,0.0,0.0,2.2222222222222226e-19,0.0,2.2222222222222226e-19,0.0,2.2222222222222226e-19,8.88888888888889e-19,2.2222222222222226e-19,0.0,0.0,0.0,6.666666666666668e-19,0.0,1.1111111111111113e-18,6.666666666666668e-19,4.444444444444445e-19,1.777777777777778e-18,1.2666666666666669e-17,8.222222222222223e-18,8.666666666666667e-18,0.0,0.0,0.0,4.444444444444445e-19,2.2222222222222226e-19,0.0,1878.9439552082886,1718.6645839003056,2035.6994593809936,1314.0200452393162,1136.3145008084011,1122.4605414252,124.83677122429391,259.59163785289707,20681.200000000066,1.0340600000000034e+24,0.0,0.0
5.7e-06,163699.0,5.45663,3e+22,-1907.77,-4661.83,16732.9,3.63108,3.62101,3.65943,0.00013646031,-0.000441733465,0.169749597,0.0250495394,0.0249839481,0.0406157758,0.000252118486,5.4828127e-05,-0.000110334178,2173.38323,867.956521,-1073.11676,353.095104,353.472634,800.01254,-971.533624,-1062.77819,3976.89926,11400.0,163698.827878,5.456627596,-60.00000000000001,30000 3000,1e-06,2,0.0 0.0259,0.0 0.0,-1.0 0.0,0.00054857 28.0,80000,1000,5e-10,0.0,0.0 0.0 0.0,1000 1000000 0,0,0.0,0,100,0,,20,,1,,,,1.0,10.0,0.1,False,{},,,False,3,mixed,250,300,True,Ar_Aubin,,False,uniform,Argon-Aubin-Test2/20Td,3.0000000000000005e+21,8.366450000000001e+23,0.0,1.6288377777777778e-13,1.6285111111111114e-13,0.0,0.0,0.0,0.0,0.0,0.0,0.0,0.0,0.0,0.0,0.0,0.0,2.2222222222222226e-19,0.0,0.0,0.0,0.0,6.666666666666668e-19,2.2222222222222226e-19,8.88888888888889e-19,4.444444444444445e-19,6.666666666666668e-19,1.1111111111111113e-18,1.1555555555555557e-17,8.222222222222223e-18,7.555555555555556e-18,0.0,0.0,0.0,2.2222222222222226e-19,8.88888888888889e-19,0.0,2199.725709378063,2173.6435648856086,1950.6252406055123,351.4133476808591,1051.1199554191428,1136.4962283586997,622.9397499004326,-1723.0905720525088,17985.48000000011,8.992740000000056e+23,0.0,0.0
5.75e-06,163647.0,5.4549,3e+22,3426.17,9062.6,19528.6,3.6242,3.63936,3.64353,0.000183493009,-0.000466616018,0.170830301,0.0252509625,0.0251515514,0.041119679,0.00021867291,6.48241651e-05,-8.81238223e-05,1341.70796,80.9825566,-191.665172,1613.93703,2572.44239,543.54115,687.342834,1867.86074,4361.88068,11500.0,163646.864576,5.454895486,-60.00000000000001,30000 3000,1e-06,2,0.0 0.0259,0.0 0.0,-1.0 0.0,0.00054857 28.0,80000,1000,5e-10,0.0,0.0 0.0 0.0,1000 1000000 0,0,0.0,0,100,0,,20,,1,,,,1.0,10.0,0.1,False,{},,,False,3,mixed,250,300,True,Ar_Aubin,,False,uniform,Argon-Aubin-Test2/20Td,3.0000000000000005e+21,9.764300000000001e+23,0.0,1.6235577777777777e-13,1.6232155555555557e-13,0.0,0.0,0.0,0.0,0.0,0.0,0.0,0.0,0.0,0.0,0.0,0.0,8.88888888888889e-19,0.0,0.0,0.0,0.0,4.444444444444445e-19,2.2222222222222226e-19,1.1111111111111113e-18,0.0,4.444444444444445e-19,2.666666666666667e-18,9.555555555555557e-18,7.333333333333334e-18,1.0666666666666668e-17,0.0,2.2222222222222226e-19,6.666666666666668e-19,0.0,0.0,0.0,2014.0805173185158,1341.0792817573545,1675.8069794584399,2576.671144324727,1358.371419118154,1025.8040638914008,36.27909540258726,-93.19935195272734,21614.079999999758,1.080703999999988e+24,0.0,0.0
5.8e-06,163575.0,5.45251,3e+22,-5932.52,3849.45,21270.9,3.62592,3.6364,3.63985,5.97433425e-05,-0.000248058944,0.171897102,0.0254178799,0.0253603983,0.0416100582,0.00023808725,3.3542293e-05,-6.94599091e-05,3475.87594,403.195315,-169.352393,-1151.86811,1513.2218,-251.996227,-1138.10877,500.740049,5152.44126,11600.0,163575.38487,5.452512829,-60.00000000000001,30000 3000,1e-06,2,0.0 0.0259,0.0 0.0,-1.0 0.0,0.00054857 28.0,80000,1000,5e-10,0.0,0.0 0.0 0.0,1000 1000000 0,0,0.0,0,100,0,,20,,1,,,,1.0,10.0,0.1,False,{},,,False,3,mixed,250,300,True,Ar_Aubin,,False,uniform,Argon-Aubin-Test2/20Td,3.0000000000000005e+21,1.0635450000000002e+24,0.0,1.6279933333333333e-13,1.6276555555555558e-13,0.0,0.0,2.2222222222222226e-19,0.0,0.0,0.0,0.0,0.0,0.0,0.0,0.0,0.0,6.666666666666668e-19,0.0,0.0,0.0,2.2222222222222226e-19,1.3333333333333336e-18,2.2222222222222226e-19,6.666666666666668e-19,1.1111111111111113e-18,1.3333333333333336e-18,8.88888888888889e-19,1.0222222222222223e-17,7.111111111111112e-18,9.111111111111112e-18,0.0,2.2222222222222226e-19,2.2222222222222226e-19,0.0,2.2222222222222226e-19,0.0,1669.475004173783,3476.230368574248,2090.0309726855708,1514.1766905019808,1247.572637521968,1496.0351930681995,-204.10827161355445,-288.9489621069431,21336.020000000124,1.0668010000000062e+24,0.0,0.0
5.85e-06,163715.0,5.45716,3e+22,-1947.08,4418.55,20466.3,3.62068,3.66507,3.62606,2.31272883e-05,-0.000414390075,0.172906689,0.0256116812,0.0256265799,0.0420757181,0.000243494093,2.10298817e-05,-8.99552664e-05,1944.58059,-1106.74581,-1651.21131,-447.164519,2429.56155,-825.459616,10.9222108,1744.46414,4929.28942,11700.0,163714.850549,5.457161685,-60.00000000000001,30000 3000,1e-06,2,0.0 0.0259,0.0 0.0,-1.0 0.0,0.00054857 28.0,80000,1000,5e-10,0.0,0.0 0.0 0.0,1000 1000000 0,0,0.0,0,100,0,,20,,1,,,,1.0,10.0,0.1,False,{},,,False,3,mixed,250,300,True,Ar_Aubin,,False,uniform,Argon-Aubin-Test2/20Td,3.0000000000000005e+21,1.0233150000000001e+24,0.0,1.623871111111111e-13,1.623588888888889e-13,0.0,0.0,0.0,0.0,0.0,0.0,2.2222222222222226e-19,0.0,0.0,0.0,0.0,0.0,4.444444444444445e-19,2.2222222222222226e-19,0.0,0.0,0.0,0.0,2.2222222222222226e-19,2.2222222222222226e-19,2.2222222222222226e-19,6.666666666666668e-19,8.88888888888889e-19,9.111111111111112e-18,5.555555555555556e-18,9.333333333333335e-18,0.0,0.0,2.2222222222222226e-19,2.2222222222222226e-19,6.666666666666668e-19,0.0,1938.043343955101,1944.6256206805033,2660.714141054406,2431.3925532658914,1175.5047505567634,1390.5292509193,-124.83133411916012,-1304.0992732024145,20191.740000000125,1.0095870000000063e+24,0.0,0.0
5.9e-06,163843.0,5.46142,3e+22,-1257.29,1792.27,14681.8,3.65959,3.63127,3.63072,-3.23199445e-06,-0.000437683725,0.173925741,0.0258302519,0.0258587406,0.042600924,0.000242651567,2.92007929e-05,-8.78988156e-05,2656.52314,-437.75029,558.058345,426.541625,2080.31032,503.84746,-49.8359267,197.114437,4064.05037,11800.0,163842.538771,5.461417959,-60.00000000000001,30000 3000,1e-06,2,0.0 0.0259,0.0 0.0,-1.0 0.0,0.00054857 28.0,80000,1000,5e-10,0.0,0.0 0.0 0.0,1000 1000000 0,0,0.0,0,100,0,,20,,1,,,,1.0,10.0,0.1,False,{},,,False,3,mixed,250,300,True,Ar_Aubin,,False,uniform,Argon-Aubin-Test2/20Td,3.0000000000000005e+21,7.3409e+23,0.0,1.6274066666666667e-13,1.6271200000000001e-13,0.0,0.0,0.0,0.0,0.0,0.0,0.0,0.0,0.0,0.0,0.0,0.0,1.3333333333333336e-18,2.2222222222222226e-19,0.0,0.0,4.444444444444445e-19,0.0,0.0,4.444444444444445e-19,4.444444444444445e-19,6.666666666666668e-19,4.444444444444445e-19,7.111111111111112e-18,7.111111111111112e-18,9.777777777777779e-18,0.0,2.2222222222222226e-19,2.2222222222222226e-19,2.2222222222222226e-19,0.0,0.0,2185.712244256767,2656.519076445698,2321.408520911256,2081.0947674098056,1717.656185436442,1510.5074257862002,254.63802150251155,726.9449646980061,20381.03999999985,1.0190519999999926e+24,0.0,0.0
5.95e-06,163894.0,5.46313,3e+22,1553.38,5151.4,13446.4,3.62722,3.6503,3.64755,0.000113827385,-0.000338844085,0.174916464,0.0260410139,0.0260674686,0.0430631931,0.000256547492,5.1859772e-05,-7.66441492e-05,1421.52833,535.808128,-996.100222,178.402514,866.536552,286.669015,712.498615,512.444559,3045.38923,11900.0,163893.935111,5.46313117,-60.00000000000001,30000 3000,1e-06,2,0.0 0.0259,0.0 0.0,-1.0 0.0,0.00054857 28.0,80000,1000,5e-10,0.0,0.0 0.0 0.0,1000 1000000 0,0,0.0,0,100,0,,20,,1,,,,1.0,10.0,0.1,False,{},,,False,3,mixed,250,300,True,Ar_Aubin,,False,uniform,Argon-Aubin-Test2/20Td,3.0000000000000005e+21,6.7232e+23,0.0,1.6276555555555555e-13,1.6273644444444447e-13,0.0,0.0,0.0,0.0,0.0,2.2222222222222226e-19,0.0,0.0,0.0,2.2222222222222226e-19,0.0,0.0,6.666666666666668e-19,4.444444444444445e-19,0.0,0.0,0.0,1.3333333333333336e-18,2.2222222222222226e-19,8.88888888888889e-19,4.444444444444445e-19,2.2222222222222226e-19,1.3333333333333336e-18,9.111111111111112e-18,6.0000000000000004e-18,8e-18,0.0,0.0,0.0,0.0,0.0,0.0,2107.4905377221203,1421.351512816689,2088.0475172919273,868.282073419469,1166.6310413578628,693.3924884704002,43.73136759618455,-556.843912397984,19814.459999999977,9.90722999999999e+23,0.0,0.0
6e-06,164064.0,5.4688,3e+22,-1791.89,-1478.84,22365.2,3.65649,3.63366,3.64458,0.000143461812,-0.000292954253,0.175898975,0.0262733019,0.0263043025,0.0435044061,0.000237377295,7.22045874e-05,-5.94094015e-05,2200.35115,-1070.56548,-521.4366,-582.702207,2064.23411,605.057492,24.519289,-253.417128,5303.03663,12000.0,164064.017001,5.468800567,-60.00000000000001,30000 3000,1e-06,2,0.0 0.0259,0.0 0.0,-1.0 0.0,0.00054857 28.0,80000,1000,5e-10,0.0,0.0 0.0 0.0,1000 1000000 0,0,0.0,0,100,0,,20,,1,,,,1.0,10.0,0.1,False,{},,,False,3,mixed,250,300,True,Ar_Aubin,,False,uniform,Argon-Aubin-Test2/20Td,3.0000000000000005e+21,1.11826e+24,0.0,1.6261866666666667e-13,1.62592e-13,0.0,0.0,0.0,0.0,0.0,0.0,0.0,0.0,0.0,0.0,0.0,0.0,2.2222222222222226e-19,4.444444444444445e-19,0.0,0.0,2.2222222222222226e-19,2.2222222222222226e-19,0.0,6.666666666666668e-19,1.3333333333333336e-18,4.444444444444445e-19,4.444444444444445e-19,6.8888888888888895e-18,6.0000000000000004e-18,9.111111111111112e-18,0.0,2.2222222222222226e-19,0.0,0.0,4.444444444444445e-19,0.0,2322.8037538207404,2200.6082177863045,2368.628931195896,2063.8008775324934,965.3297221266095,1369.020874329999,300.4062681624786,-184.9342488049923,19650.220000000387,9.825110000000194e+23,0.0,0.0
6.05e-06,164278.0,5.47592,3e+22,-886.059,7851.41,22207.1,3.61892,3.64422,3.68553,-4.80712126e-05,-0.000384225603,0.177045157,0.0265103485,0.0264969953,0.0440275348,0.000216250478,5.33315834e-05,-4.61538183e-05,1395.08376,-867.437116,-998.396301,532.236192,1816.45145,689.63068,-583.733103,2124.93104,5235.99506,12100.0,164277.602012,5.475920067,-60.00000000000001,30000 3000,1e-06,2,0.0 0.0259,0.0 0.0,-1.0 0.0,0.00054857 28.0,80000,1000,5e-10,0.0,0.0 0.0 0.0,1000 1000000 0,0,0.0,0,100,0,,20,,1,,,,1.0,10.0,0.1,False,{},,,False,3,mixed,250,300,True,Ar_Aubin,,False,uniform,Argon-Aubin-Test2/20Td,3.0000000000000005e+21,1.110355e+24,0.0,1.631422222222222e-13,1.6311088888888891e-13,0.0,0.0,0.0,0.0,0.0,0.0,0.0,2.2222222222222226e-19,0.0,2.2222222222222226e-19,2.2222222222222226e-19,0.0,2.2222222222222226e-19,0.0,0.0,0.0,2.2222222222222226e-19,4.444444444444445e-19,4.444444444444445e-19,6.666666666666668e-19,8.88888888888889e-19,2.2222222222222226e-19,1.3333333333333336e-18,7.777777777777779e-18,9.333333333333335e-18,8.666666666666667e-18,0.0,0.0,2.2222222222222226e-19,0.0,2.2222222222222226e-19,0.0,2370.6487045001973,1395.041166069435,1926.3099288035005,1819.4681627416503,1185.9048889597755,1304.3355539853,297.4511412878018,-1424.1894270084076,22923.639999999912,1.1461819999999957e+24,0.0,0.0
6.1e-06,164420.0,5.48066,3e+22,-2009.18,-5010.42,9929.61,3.66697,3.69217,3.60145,-0.000107959168,-0.000410033344,0.178078736,0.0266895023,0.0267043995,0.0445134426,0.000221857425,2.47129021e-05,-3.73241309e-05,1069.11696,76.5095308,925.749465,-444.899088,2241.20936,1267.28293,-8.27330328,-1678.78661,2275.13255,12200.0,164419.690802,5.48065636,-60.00000000000001,30000 3000,1e-06,2,0.0 0.0259,0.0 0.0,-1.0 0.0,0.00054857 28.0,80000,1000,5e-10,0.0,0.0 0.0 0.0,1000 1000000 0,0,0.0,0,100,0,,20,,1,,,,1.0,10.0,0.1,False,{},,,False,3,mixed,250,300,True,Ar_Aubin,,False,uniform,Argon-Aubin-Test2/20Td,3.0000000000000005e+21,4.9648050000000005e+23,0.0,1.6340044444444445e-13,1.6337155555555558e-13,0.0,0.0,0.0,0.0,0.0,0.0,0.0,0.0,0.0,2.2222222222222226e-19,0.0,0.0,6.666666666666668e-19,2.2222222222222226e-19,2.2222222222222226e-19,0.0,0.0,4.444444444444445e-19,0.0,1.3333333333333336e-18,2.2222222222222226e-19,4.444444444444445e-19,1.5555555555555556e-18,7.111111111111112e-18,6.8888888888888895e-18,9.333333333333335e-18,0.0,2.2222222222222226e-19,0.0,0.0,0.0,0.0,1791.4445565952662,1068.9000505988379,2073.8370197080635,2239.154920732555,1188.5920179696698,506.88015222703984,-358.08449009791474,1276.3403889506444,20671.57999999958,1.0335789999999791e+24,0.0,0.0
6.15e-06,163892.0,5.46305,3e+22,2768.86,-563.719,24490.5,3.64675,3.63798,3.63792,-0.000118701436,-0.000265977699,0.17892486,0.0268492938,0.0269033702,0.0449362208,0.00021112226,2.89039056e-05,-9.02054775e-06,2312.01231,10.3722989,480.81527,-512.281604,1970.52062,-23.9219023,759.812348,-710.411898,6086.24377,12300.0,163891.540895,5.463051363,-60.00000000000001,30000 3000,1e-06,2,0.0 0.0259,0.0 0.0,-1.0 0.0,0.00054857 28.0,80000,1000,5e-10,0.0,0.0 0.0 0.0,1000 1000000 0,0,0.0,0,100,0,,20,,1,,,,1.0,10.0,0.1,False,{},,,False,3,mixed,250,300,True,Ar_Aubin,,False,uniform,Argon-Aubin-Test2/20Td,3.0000000000000005e+21,1.2245250000000002e+24,0.0,1.6324466666666665e-13,1.6320955555555556e-13,0.0,0.0,0.0,0.0,0.0,0.0,0.0,0.0,0.0,0.0,0.0,0.0,4.444444444444445e-19,0.0,2.2222222222222226e-19,2.2222222222222226e-19,2.2222222222222226e-19,8.88888888888889e-19,2.2222222222222226e-19,6.666666666666668e-19,1.3333333333333336e-18,2.2222222222222226e-19,8.88888888888889e-19,1e-17,7.777777777777779e-18,1.1111111111111113e-17,0.0,0.0,0.0,0.0,8.88888888888889e-19,0.0,1597.8906515104475,2312.340977658083,1990.68083206827,1970.3706833174974,1207.0888933809338,1704.2844861700005,124.08818282094612,748.116787658758,16922.480000000072,8.461240000000036e+23,0.0,0.0
6.2e-06,163898.0,5.46325,3e+22,-628.68,-3138.43,19539.6,3.6559,3.62912,3.63925,-0.000202601266,-0.000160693976,0.179941961,0.0270681845,0.0270980466,0.0454245309,0.000221041199,2.33793917e-05,2.05162525e-06,2054.63151,-41.3664231,-737.81938,222.725226,1515.1796,117.342303,-199.6374,-257.675149,3942.61973,12400.0,163897.522568,5.463250752,-60.00000000000001,30000 3000,1e-06,2,0.0 0.0259,0.0 0.0,-1.0 0.0,0.00054857 28.0,80000,1000,5e-10,0.0,0.0 0.0 0.0,1000 1000000 0,0,0.0,0,100,0,,20,,1,,,,1.0,10.0,0.1,False,{},,,False,3,mixed,250,300,True,Ar_Aubin,,False,uniform,Argon-Aubin-Test2/20Td,3.0000000000000005e+21,9.769799999999999e+23,0.0,1.6300133333333333e-13,1.6297044444444447e-13,0.0,2.2222222222222226e-19,0.0,0.0,0.0,0.0,0.0,0.0,0.0,0.0,0.0,0.0,6.666666666666668e-19,6.666666666666668e-19,0.0,0.0,2.2222222222222226e-19,2.2222222222222226e-19,2.2222222222222226e-19,8.88888888888889e-19,4.444444444444445e-19,0.0,1.3333333333333336e-18,9.777777777777779e-18,5.1111111111111114e-18,1.0666666666666668e-17,0.0,0.0,0.0,0.0,4.444444444444445e-19,0.0,2188.637427579243,2054.5041386360913,1947.2132158244658,1514.6752732049022,1233.0629749407462,426.6257888443997,193.86634774047351,-820.3721202613864,20342.020000000404,1.0171010000000202e+24,0.0,0.0
6.25e-06,164295.0,5.47649,3e+22,21.6165,9847.85,26063.4,3.64886,3.67755,3.62217,-0.000138645834,-0.000189399093,0.181110943,0.0272657571,0.0272748683,0.0459756515,0.000207523511,8.50246509e-06,1.46385615e-05,1131.74542,512.77371,-474.463484,-819.462895,526.239946,691.287023,-396.371724,2023.44246,6671.85176,12500.0,164294.770711,5.476492357,-60.00000000000001,30000 3000,1e-06,2,0.0 0.0259,0.0 0.0,-1.0 0.0,0.00054857 28.0,80000,1000,5e-10,0.0,0.0 0.0 0.0,1000 1000000 0,0,0.0,0,100,0,,20,,1,,,,1.0,10.0,0.1,False,{},,,False,3,mixed,250,300,True,Ar_Aubin,,False,uniform,Argon-Aubin-Test2/20Td,3.0000000000000005e+21,1.30317e+24,0.0,1.6314022222222222e-13,1.6311155555555556e-13,0.0,0.0,0.0,0.0,0.0,0.0,2.2222222222222226e-19,0.0,0.0,0.0,0.0,0.0,6.666666666666668e-19,2.2222222222222226e-19,0.0,2.2222222222222226e-19,2.2222222222222226e-19,2.2222222222222226e-19,0.0,8.88888888888889e-19,8.88888888888889e-19,4.444444444444445e-19,8.88888888888889e-19,9.333333333333335e-18,5.555555555555556e-18,8.666666666666667e-18,0.0,0.0,0.0,2.2222222222222226e-19,0.0,0.0,1975.9442460570015,1131.7484170376706,1768.116505374909,528.1051198580001,1290.562541762727,1951.4848082137996,-524.4623595272234,-871.1366108694839,23379.6399999997,1.1689819999999852e+24,0.0,0.0
6.3e-06,164522.0,5.48407,3e+22,6169.52,-6039.57,13573.9,3.63694,3.65497,3.67476,-0.00017028689,-6.61494166e-05,0.182195906,0.0274457971,0.0274767197,0.0465182335,0.000208092541,1.03571946e-05,4.55558645e-05,2742.7169,-127.954472,-298.389738,1102.12984,2783.24326,-648.162761,1419.28273,-1806.98121,3388.51745,12600.0,164522.174199,5.484072473,-60.00000000000001,30000 3000,1e-06,2,0.0 0.0259,0.0 0.0,-1.0 0.0,0.00054857 28.0,80000,1000,5e-10,0.0,0.0 0.0 0.0,1000 1000000 0,0,0.0,0,100,0,,20,,1,,,,1.0,10.0,0.1,False,{},,,False,3,mixed,250,300,True,Ar_Aubin,,False,uniform,Argon-Aubin-Test2/20Td,3.0000000000000005e+21,6.78695e+23,0.0,1.6332666666666666e-13,1.6329733333333335e-13,0.0,0.0,0.0,2.2222222222222226e-19,0.0,0.0,0.0,0.0,0.0,0.0,0.0,0.0,4.444444444444445e-19,0.0,0.0,0.0,0.0,2.2222222222222226e-19,0.0,6.666666666666668e-19,4.444444444444445e-19,0.0,1.3333333333333336e-18,9.777777777777779e-18,7.111111111111112e-18,8.88888888888889e-18,0.0,2.2222222222222226e-19,0.0,0.0,0.0,0.0,1800.3022504237827,2743.7674883735926,2018.8289627110987,2782.8437459679853,1484.0751118841422,915.4084415466,155.40051949421766,-0.8568367689492788,21699.25999999989,1.0849629999999946e+24,0.0,0.0
6.35e-06,164224.0,5.47413,3e+22,1491.44,394.686,21705.8,3.66567,3.67272,3.60718,-0.000291918552,-9.74244059e-05,0.183083436,0.0276509914,0.0276971284,0.0469709248,0.000222490087,2.576968e-06,3.71111975e-05,1525.84261,750.810836,-351.757954,628.816024,2951.71267,-180.562894,437.121657,1803.26934,4636.38018,12700.0,164223.839198,5.474127973,-60.00000000000001,30000 3000,1e-06,2,0.0 0.0259,0.0 0.0,-1.0 0.0,0.00054857 28.0,80000,1000,5e-10,0.0,0.0 0.0 0.0,1000 1000000 0,0,0.0,0,100,0,,20,,1,,,,1.0,10.0,0.1,False,{},,,False,3,mixed,250,300,True,Ar_Aubin,,False,uniform,Argon-Aubin-Test2/20Td,3.0000000000000005e+21,1.08529e+24,0.0,1.6347799999999998e-13,1.6344600000000001e-13,0.0,0.0,0.0,0.0,0.0,0.0,2.2222222222222226e-19,2.2222222222222226e-19,0.0,0.0,0.0,2.2222222222222226e-19,4.444444444444445e-19,2.2222222222222226e-19,0.0,0.0,4.444444444444445e-19,6.666666666666668e-19,0.0,6.666666666666668e-19,1.5555555555555556e-18,2.2222222222222226e-19,1.1111111111111113e-18,9.333333333333335e-18,7.333333333333334e-18,8.666666666666667e-18,0.0,2.2222222222222226e-19,0.0,0.0,4.444444444444445e-19,0.0,2051.380811839074,1526.2779890051947,2204.035842304532,2951.751122049067,1284.9492559473958,662.4077348712003,292.7930145766465,-181.35793108183833,17750.59999999995,8.875299999999977e+23,0.0,0.0
6.4e-06,163920.0,5.464,3e+22,1983.04,39.8723,19855.4,3.61111,3.66895,3.64567,-0.000320981312,-0.000180871362,0.184101411,0.0278554966,0.0279805027,0.0474694315,0.000242707647,-9.95236845e-06,2.20480501e-05,1696.14784,471.152834,907.437093,806.390997,3973.19135,-326.19104,199.579071,-171.895658,4532.20345,12800.0,163919.925832,5.463997528,-60.00000000000001,30000 3000,1e-06,2,0.0 0.0259,0.0 0.0,-1.0 0.0,0.00054857 28.0,80000,1000,5e-10,0.0,0.0 0.0 0.0,1000 1000000 0,0,0.0,0,100,0,,20,,1,,,,1.0,10.0,0.1,False,{},,,False,3,mixed,250,300,True,Ar_Aubin,,False,uniform,Argon-Aubin-Test2/20Td,3.0000000000000005e+21,9.927700000000002e+23,0.0,1.6274622222222222e-13,1.627097777777778e-13,0.0,0.0,0.0,0.0,0.0,0.0,0.0,0.0,0.0,0.0,0.0,0.0,8.88888888888889e-19,6.666666666666668e-19,0.0,0.0,2.2222222222222226e-19,6.666666666666668e-19,2.2222222222222226e-19,2.2222222222222226e-19,1.3333333333333336e-18,1.1111111111111113e-18,1.3333333333333336e-18,9.555555555555557e-18,9.777777777777779e-18,9.333333333333335e-18,0.0,4.444444444444445e-19,0.0,4.444444444444445e-19,2.2222222222222226e-19,0.0,2044.873874383485,1696.7843587809487,2833.510770652754,3973.1985617572072,1247.2170537517618,876.7962940305997,-137.63351076946861,748.308914272845,20359.500000000087,1.0179750000000044e+24,0.0,0.0
6.45e-06,164176.0,5.47254,3e+22,4624.4,639.752,16956.2,3.67223,3.63505,3.63604,-0.000391779759,-0.000137405352,0.185207771,0.0280813149,0.0282209945,0.0480163898,0.000246295234,-1.79316165e-05,5.85623165e-05,3218.39017,1227.89772,-772.571207,-135.449542,2415.61075,-341.18555,1160.65371,-72.3411762,4473.65425,12900.0,164176.209655,5.472540322,-60.00000000000001,30000 3000,1e-06,2,0.0 0.0259,0.0 0.0,-1.0 0.0,0.00054857 28.0,80000,1000,5e-10,0.0,0.0 0.0 0.0,1000 1000000 0,0,0.0,0,100,0,,20,,1,,,,1.0,10.0,0.1,False,{},,,False,3,mixed,250,300,True,Ar_Aubin,,False,uniform,Argon-Aubin-Test2/20Td,3.0000000000000005e+21,8.4781e+23,0.0,1.628211111111111e-13,1.6279222222222224e-13,0.0,0.0,0.0,0.0,0.0,0.0,2.2222222222222226e-19,0.0,0.0,2.2222222222222226e-19,0.0,0.0,4.444444444444445e-19,2.2222222222222226e-19,0.0,2.2222222222222226e-19,4.444444444444445e-19,8.88888888888889e-19,0.0,6.666666666666668e-19,1.777777777777778e-18,2.2222222222222226e-19,1.777777777777778e-18,8.666666666666667e-18,7.555555555555556e-18,4.888888888888889e-18,0.0,0.0,0.0,2.2222222222222226e-19,4.444444444444445e-19,0.0,2257.678376230907,3220.2019163175196,2405.056342188322,2415.6986553487527,1383.693934024835,1333.2342433697995,109.7659078695187,-461.749217262844,22127.200000000015,1.1063600000000007e+24,0.0,0.0
6.5e-06,164415.0,5.48049,3e+22,5734.79,-3637.24,21950.8,3.66673,3.64568,3.64556,-0.000388936806,-4.81425084e-05,0.186247722,0.0282811996,0.0284590173,0.0485332106,0.000249442628,-3.15379078e-05,0.00010104588,1513.41002,904.593361,2103.67994,1435.97435,2327.23384,-50.386796,1215.58021,-845.204887,5154.70684,13000.0,164414.583176,5.480486106,-60.00000000000001,30000 3000,1e-06,2,0.0 0.0259,0.0 0.0,-1.0 0.0,0.00054857 28.0,80000,1000,5e-10,0.0,0.0 0.0 0.0,1000 1000000 0,0,0.0,0,100,0,,20,,1,,,,1.0,10.0,0.1,False,{},,,False,3,mixed,250,300,True,Ar_Aubin,,False,uniform,Argon-Aubin-Test2/20Td,3.0000000000000005e+21,1.0975400000000001e+24,0.0,1.630531111111111e-13,1.6302555555555557e-13,0.0,0.0,0.0,0.0,0.0,0.0,0.0,0.0,0.0,0.0,0.0,2.2222222222222226e-19,8.88888888888889e-19,0.0,2.2222222222222226e-19,0.0,0.0,4.444444444444445e-19,0.0,2.2222222222222226e-19,0.0,4.444444444444445e-19,6.666666666666668e-19,1.0666666666666668e-17,7.555555555555556e-18,6.2222222222222225e-18,0.0,0.0,0.0,0.0,0.0,0.0,1998.8691954049912,1515.6404909056807,2380.3936252964413,2327.058734142747,1305.2528859915092,1066.4203439223998,-274.5670613570246,2259.706050392765,20799.020000000226,1.0399510000000114e+24,0.0,0.0
6.55e-06,164015.0,5.46715,3e+22,2398.97,8781.84,10625.3,3.63736,3.64599,3.64985,-0.000430706658,5.52171321e-05,0.187204025,0.0284777574,0.0287221641,0.0490041811,0.000256318065,-4.93396724e-05,0.000107070312,2169.74585,-114.196719,-559.419152,471.745866,773.355915,-1165.37648,1655.50344,1474.03288,2739.23465,13100.0,164014.589828,5.467152994,-60.00000000000001,30000 3000,1e-06,2,0.0 0.0259,0.0 0.0,-1.0 0.0,0.00054857 28.0,80000,1000,5e-10,0.0,0.0 0.0 0.0,1000 1000000 0,0,0.0,0,100,0,,20,,1,,,,1.0,10.0,0.1,False,{},,,False,3,mixed,250,300,True,Ar_Aubin,,False,uniform,Argon-Aubin-Test2/20Td,3.0000000000000005e+21,5.31265e+23,0.0,1.6334088888888888e-13,1.6330466666666668e-13,0.0,0.0,0.0,0.0,0.0,0.0,0.0,2.2222222222222226e-19,0.0,2.2222222222222226e-19,0.0,0.0,1.1111111111111113e-18,0.0,2.2222222222222226e-19,0.0,4.444444444444445e-19,4.444444444444445e-19,0.0,1.3333333333333336e-18,4.444444444444445e-19,4.444444444444445e-19,1.3333333333333336e-18,1.0444444444444445e-17,7.333333333333334e-18,1.1555555555555557e-17,0.0,2.2222222222222226e-19,0.0,0.0,4.444444444444445e-19,0.0,1965.2356361381587,2170.779102351342,2631.460687694369,772.8710069806389,1138.374739886594,750.1357231675001,-192.20677495114992,651.5638355989975,19126.059999999834,9.563029999999917e+23,0.0,0.0
6.6e-06,164192.0,5.47306,3e+22,-1875.0,721.228,15486.3,3.62781,3.65998,3.65693,-0.000469082111,9.2825146e-05,0.18833758,0.0286706626,0.0288982633,0.0495863715,0.000230532559,-3.4627733e-05,8.97739491e-05,1781.004,667.252876,1564.29905,-1009.21292,3800.90125,678.144433,214.401679,-545.26552,4165.62675,13200.0,164191.667586,5.473055586,-60.00000000000001,30000 3000,1e-06,2,0.0 0.0259,0.0 0.0,-1.0 0.0,0.00054857 28.0,80000,1000,5e-10,0.0,0.0 0.0 0.0,1000 1000000 0,0,0.0,0,100,0,,20,,1,,,,1.0,10.0,0.1,False,{},,,False,3,mixed,250,300,True,Ar_Aubin,,False,uniform,Argon-Aubin-Test2/20Td,3.0000000000000005e+21,7.74315e+23,0.0,1.6312555555555554e-13,1.6309377777777779e-13,0.0,0.0,0.0,0.0,0.0,2.2222222222222226e-19,2.2222222222222226e-19,0.0,0.0,0.0,0.0,2.2222222222222226e-19,0.0,0.0,0.0,0.0,4.444444444444445e-19,4.444444444444445e-19,0.0,2.2222222222222226e-19,8.88888888888889e-19,2.2222222222222226e-19,1.3333333333333336e-18,1.2222222222222223e-17,8.222222222222223e-18,6.8888888888888895e-18,0.0,2.2222222222222226e-19,0.0,0.0,0.0,0.0,1928.7067019838414,1780.1244710418748,1760.9363242394872,3800.8343019056006,1564.933359442175,1248.9744848460005,448.5541807026587,2139.0980377955793,22671.100000000166,1.1335550000000083e+24,0.0,0.0
6.65e-06,164034.0,5.46779,3e+22,-6240.0,3265.49,31095.0,3.62429,3.69706,3.60846,-0.000609534821,0.000203894111,0.189431126,0.0288936523,0.029109751,0.0501144215,0.000241748822,-5.3366641e-05,0.000112283031,489.00977,1213.7667,-668.589355,-213.389792,1513.38012,-42.7657871,-1460.81898,120.654921,7126.2779,13300.0,164033.742535,5.467791418,-60.00000000000001,30000 3000,1e-06,2,0.0 0.0259,0.0 0.0,-1.0 0.0,0.00054857 28.0,80000,1000,5e-10,0.0,0.0 0.0 0.0,1000 1000000 0,0,0.0,0,100,0,,20,,1,,,,1.0,10.0,0.1,False,{},,,False,3,mixed,250,300,True,Ar_Aubin,,False,uniform,Argon-Aubin-Test2/20Td,3.0000000000000005e+21,1.55475e+24,0.0,1.6304533333333334e-13,1.630088888888889e-13,0.0,0.0,0.0,0.0,0.0,0.0,2.2222222222222226e-19,0.0,0.0,0.0,0.0,2.2222222222222226e-19,1.5555555555555556e-18,2.2222222222222226e-19,2.2222222222222226e-19,0.0,0.0,6.666666666666668e-19,0.0,8.88888888888889e-19,6.666666666666668e-19,6.666666666666668e-19,1.1111111111111113e-18,1.0444444444444445e-17,1e-17,9.555555555555557e-18,0.0,0.0,0.0,0.0,0.0,0.0,2228.382053288472,485.20627271696003,2114.5474369922704,1512.7143058194706,1149.4254262852528,1235.9170370299998,167.60339742414115,-928.4046235010051,21870.920000000016,1.0935460000000009e+24,0.0,0.0
6.7e-06,164496.0,5.48319,3e+22,-3009.65,-10599.4,16773.5,3.65331,3.67105,3.63972,-0.00075594762,0.000171480893,0.1905927,0.029099053,0.0293558571,0.0506766613,0.000241966487,-8.89433974e-05,8.75702419e-05,2141.13703,328.46275,-1341.56799,-952.60928,2174.25577,-142.817158,50.4150816,-2394.7701,3944.04188,13400.0,164495.610596,5.48318702,-60.00000000000001,30000 3000,1e-06,2,0.0 0.0259,0.0 0.0,-1.0 0.0,0.00054857 28.0,80000,1000,5e-10,0.0,0.0 0.0 0.0,1000 1000000 0,0,0.0,0,100,0,,20,,1,,,,1.0,10.0,0.1,False,{},,,False,3,mixed,250,300,True,Ar_Aubin,,False,uniform,Argon-Aubin-Test2/20Td,3.0000000000000005e+21,8.386749999999999e+23,0.0,1.6310733333333333e-13,1.6308022222222224e-13,0.0,0.0,0.0,0.0,0.0,0.0,0.0,0.0,0.0,0.0,2.2222222222222226e-19,0.0,2.2222222222222226e-19,0.0,0.0,0.0,6.666666666666668e-19,6.666666666666668e-19,2.2222222222222226e-19,2.2222222222222226e-19,1.1111111111111113e-18,2.2222222222222226e-19,1.3333333333333336e-18,8.222222222222223e-18,7.777777777777779e-18,5.333333333333334e-18,0.0,0.0,4.444444444444445e-19,0.0,4.444444444444445e-19,0.0,2052.0077589383095,2138.861892245467,2461.1826711183962,2176.0733645772643,1208.140043378811,747.13522655,-139.2705184772886,-704.85570144093,23231.47999999997,1.1615739999999986e+24,0.0,0.0
6.75e-06,164264.0,5.47546,3e+22,6251.57,7620.27,14773.7,3.65542,3.61216,3.68155,-0.000699453485,0.000169868536,0.191595696,0.0292802459,0.0295644964,0.0511956346,0.000238829652,-0.000100104763,4.58798456e-05,2533.30431,1040.97761,477.124159,1892.89217,3147.99362,46.2879843,1535.4374,1955.8597,4081.39588,13500.0,164263.851769,5.475461726,-60.00000000000001,30000 3000,1e-06,2,0.0 0.0259,0.0 0.0,-1.0 0.0,0.00054857 28.0,80000,1000,5e-10,0.0,0.0 0.0 0.0,1000 1000000 0,0,0.0,0,100,0,,20,,1,,,,1.0,10.0,0.1,False,{},,,False,3,mixed,250,300,True,Ar_Aubin,,False,uniform,Argon-Aubin-Test2/20Td,3.0000000000000005e+21,7.386850000000001e+23,0.0,1.6327066666666667e-13,1.632357777777778e-13,0.0,0.0,0.0,0.0,0.0,0.0,0.0,0.0,0.0,0.0,0.0,0.0,0.0,4.444444444444445e-19,0.0,0.0,0.0,6.666666666666668e-19,6.666666666666668e-19,1.1111111111111113e-18,1.1111111111111113e-18,6.666666666666668e-19,2.2222222222222226e-18,9.555555555555557e-18,7.111111111111112e-18,1.1111111111111113e-17,0.0,0.0,0.0,0.0,2.2222222222222226e-19,0.0,1812.751216265056,2537.6769924232212,2086.398503771403,3146.6991758911754,1356.3986756557483,1250.8185460047998,-424.54372552346894,825.1211697086244,20059.920000000122,1.0029960000000062e+24,0.0,0.0
6.8e-06,164232.0,5.47441,3e+22,1982.69,-2195.81,13334.0,3.66257,3.62848,3.6567,-0.000620240084,0.000197392674,0.192660526,0.0294578625,0.0297871386,0.0517358401,0.000261145325,-8.70197577e-05,4.21416001e-05,2086.355,488.226286,761.542062,-739.582355,1804.11828,-83.6871327,822.400427,-543.221462,3358.627,13600.0,164232.249169,5.474408306,-60.00000000000001,30000 3000,1e-06,2,0.0 0.0259,0.0 0.0,-1.0 0.0,0.00054857 28.0,80000,1000,5e-10,0.0,0.0 0.0 0.0,1000 1000000 0,0,0.0,0,100,0,,20,,1,,,,1.0,10.0,0.1,False,{},,,False,3,mixed,250,300,True,Ar_Aubin,,False,uniform,Argon-Aubin-Test2/20Td,3.0000000000000005e+21,6.667000000000001e+23,0.0,1.6308399999999998e-13,1.630508888888889e-13,0.0,0.0,0.0,0.0,0.0,0.0,0.0,0.0,0.0,2.2222222222222226e-19,0.0,0.0,6.666666666666668e-19,6.666666666666668e-19,0.0,0.0,0.0,0.0,4.444444444444445e-19,6.666666666666668e-19,2e-18,4.444444444444445e-19,8.88888888888889e-19,1e-17,6.8888888888888895e-18,9.777777777777779e-18,0.0,0.0,2.2222222222222226e-19,0.0,2.2222222222222226e-19,0.0,1777.211374158795,2087.584743812146,2226.3209145177016,1804.551716807496,1310.3794712775175,789.6915463159999,-28.629822969527503,1210.226671985116,21296.599999999777,1.0648299999999889e+24,0.0,0.0
6.85e-06,164026.0,5.46754,3e+22,-1775.59,2471.78,12977.6,3.62784,3.65227,3.65396,-0.000547922002,0.000138710133,0.193648606,0.0296897366,0.0299721021,0.0522566314,0.000274196566,-7.95669966e-05,-1.71014531e-06,1010.32923,622.550571,964.404588,-289.920383,1295.1316,-850.170932,-572.830011,178.570765,3721.38571,13700.0,164026.146293,5.46753821,-60.00000000000001,30000 3000,1e-06,2,0.0 0.0259,0.0 0.0,-1.0 0.0,0.00054857 28.0,80000,1000,5e-10,0.0,0.0 0.0 0.0,1000 1000000 0,0,0.0,0,100,0,,20,,1,,,,1.0,10.0,0.1,False,{},,,False,3,mixed,250,300,True,Ar_Aubin,,False,uniform,Argon-Aubin-Test2/20Td,3.0000000000000005e+21,6.4888e+23,0.0,1.6325666666666666e-13,1.632228888888889e-13,0.0,0.0,0.0,0.0,0.0,0.0,2.2222222222222226e-19,2.2222222222222226e-19,0.0,0.0,0.0,0.0,2.2222222222222226e-19,0.0,0.0,0.0,4.444444444444445e-19,6.666666666666668e-19,0.0,1.3333333333333336e-18,2.2222222222222226e-18,2.2222222222222226e-19,2.2222222222222226e-19,9.333333333333335e-18,8.444444444444445e-18,1e-17,0.0,0.0,0.0,0.0,2.2222222222222226e-19,0.0,2319.585792415202,1009.3563451724689,1849.8322336675187,1294.7887390674532,1390.8697285344024,1208.2915607743998,-118.77375691389926,742.5258179006951,19761.600000000046,9.880800000000024e+23,0.0,0.0
6.9e-06,164086.0,5.46953,3e+22,4268.84,-748.164,20293.1,3.64924,3.6303,3.65707,-0.000545053955,0.000113159253,0.194710377,0.0298933818,0.0301918366,0.0527950095,0.000313396424,-7.61483441e-05,9.95895612e-06,985.375195,-763.681219,74.6508664,1078.48938,1676.33009,374.322233,596.215792,150.815884,5334.68195,13800.0,164085.93733,5.469531244,-60.00000000000001,30000 3000,1e-06,2,0.0 0.0259,0.0 0.0,-1.0 0.0,0.00054857 28.0,80000,1000,5e-10,0.0,0.0 0.0 0.0,1000 1000000 0,0,0.0,0,100,0,,20,,1,,,,1.0,10.0,0.1,False,{},,,False,3,mixed,250,300,True,Ar_Aubin,,False,uniform,Argon-Aubin-Test2/20Td,3.0000000000000005e+21,1.0146549999999999e+24,0.0,1.6333933333333332e-13,1.6330800000000002e-13,0.0,2.2222222222222226e-19,0.0,0.0,0.0,0.0,0.0,0.0,0.0,0.0,0.0,0.0,2.2222222222222226e-19,4.444444444444445e-19,0.0,0.0,0.0,1.3333333333333336e-18,2.2222222222222226e-19,6.666666666666668e-19,4.444444444444445e-19,2.2222222222222226e-19,1.5555555555555556e-18,8.666666666666667e-18,7.111111111111112e-18,9.333333333333335e-18,0.0,0.0,2.2222222222222226e-19,0.0,6.666666666666668e-19,0.0,2036.4833470641609,987.7019431252621,2197.4093548446026,1676.4147516793614,1260.2979426110107,1383.4047985013008,68.83963358723585,-149.2599529384695,21235.419999999784,1.0617709999999891e+24,0.0,0.0
6.95e-06,163955.0,5.46516,3e+22,-3989.3,-1486.11,17413.2,3.66946,3.63284,3.62619,-0.000591965003,-2.26964021e-05,0.195614174,0.0300717965,0.0304237781,0.0532642026,0.000301952835,-7.490796e-05,-9.32920511e-06,1622.15537,92.4571436,70.7862437,-465.28747,835.499397,-71.1884124,-1122.95899,484.770472,4644.14146,13900.0,163954.88521,5.46516284,-60.00000000000001,30000 3000,1e-06,2,0.0 0.0259,0.0 0.0,-1.0 0.0,0.00054857 28.0,80000,1000,5e-10,0.0,0.0 0.0 0.0,1000 1000000 0,0,0.0,0,100,0,,20,,1,,,,1.0,10.0,0.1,False,{},,,False,3,mixed,250,300,True,Ar_Aubin,,False,uniform,Argon-Aubin-Test2/20Td,3.0000000000000005e+21,8.706600000000001e+23,0.0,1.6306733333333334e-13,1.6303755555555558e-13,0.0,0.0,0.0,0.0,0.0,0.0,0.0,0.0,0.0,0.0,0.0,0.0,0.0,0.0,0.0,0.0,2.2222222222222226e-19,2.2222222222222226e-19,2.2222222222222226e-19,4.444444444444445e-19,8.88888888888889e-19,6.666666666666668e-19,2e-18,1e-17,6.8888888888888895e-18,8e-18,0.0,0.0,2.2222222222222226e-19,0.0,0.0,0.0,1783.6136124908462,1619.793844013532,2319.5378988987227,835.4656676498752,1164.1894177985557,1237.8727253031998,218.1893627072298,-261.5011169715606,18075.940000000235,9.037970000000118e+23,0.0,0.0
7e-06,163847.0,5.46156,3e+22,-7796.59,-5999.13,14677.4,3.63509,3.63366,3.6526,-0.000791615474,-0.000307007166,0.196611418,0.0302757043,0.0306446252,0.0537360886,0.000301110831,-0.000106676076,-7.70914275e-05,1590.28714,380.652441,-145.436535,1462.30757,1727.75351,732.310729,-1962.22433,-1593.00226,3815.05421,14000.0,163846.77145,5.461559048,-60.00000000000001,30000 3000,1e-06,2,0.0 0.0259,0.0 0.0,-1.0 0.0,0.00054857 28.0,80000,1000,5e-10,0.0,0.0 0.0 0.0,1000 1000000 0,0,0.0,0,100,0,,20,,1,,,,1.0,10.0,0.1,False,{},,,False,3,mixed,250,300,True,Ar_Aubin,,False,uniform,Argon-Aubin-Test2/20Td,3.0000000000000005e+21,7.3387e+23,0.0,1.6258333333333334e-13,1.6255088888888891e-13,0.0,0.0,0.0,0.0,0.0,0.0,0.0,2.2222222222222226e-19,0.0,2.2222222222222226e-19,0.0,0.0,6.666666666666668e-19,0.0,0.0,0.0,4.444444444444445e-19,0.0,0.0,8.88888888888889e-19,4.444444444444445e-19,4.444444444444445e-19,1.3333333333333336e-18,1e-17,8.222222222222223e-18,9.333333333333335e-18,0.0,0.0,0.0,0.0,2.2222222222222226e-19,0.0,2036.315675061004,1584.1152387115662,2207.5336172669436,1725.9117341002345,807.4138173155138,929.3097834467999,161.51559510259253,-563.1433925772919,19944.880000000165,9.972440000000082e+23,0.0,0.0
7.05e-06,164018.0,5.46726,3e+22,-5598.85,-1770.11,14476.7,3.64282,3.64679,3.64352,-0.000791757468,-0.000175892656,0.197635187,0.030491631,0.0308365498,0.054264878,0.000309758736,-9.52348363e-05,-5.06379029e-05,2035.6953,433.321666,423.423299,1410.9827,2067.66553,37.0560393,-1732.89571,-1486.71532,4454.14235,14100.0,164017.743396,5.467258113,-60.00000000000001,30000 3000,1e-06,2,0.0 0.0259,0.0 0.0,-1.0 0.0,0.00054857 28.0,80000,1000,5e-10,0.0,0.0 0.0 0.0,1000 1000000 0,0,0.0,0,100,0,,20,,1,,,,1.0,10.0,0.1,False,{},,,False,3,mixed,250,300,True,Ar_Aubin,,False,uniform,Argon-Aubin-Test2/20Td,3.0000000000000005e+21,7.23835e+23,0.0,1.62618e-13,1.625897777777778e-13,0.0,0.0,0.0,0.0,0.0,0.0,0.0,0.0,2.2222222222222226e-19,0.0,0.0,2.2222222222222226e-19,0.0,8.88888888888889e-19,0.0,0.0,2.2222222222222226e-19,0.0,0.0,4.444444444444445e-19,0.0,0.0,1.1111111111111113e-18,7.333333333333334e-18,6.8888888888888895e-18,1.0222222222222223e-17,0.0,2.2222222222222226e-19,0.0,2.2222222222222226e-19,2.2222222222222226e-19,0.0,2159.264751705435,2031.2623687002883,1919.8791517353875,2067.3541806506882,1251.7194744576104,1593.0370383571003,245.59468185888775,-191.48060892805438,20475.3799999996,1.0237689999999802e+24,0.0,0.0
7.1e-06,164090.0,5.46968,3e+22,3922.65,-3940.71,17479.1,3.62648,3.63033,3.68063,-0.000843013884,-0.000144754068,0.198654928,0.0306645139,0.0310507773,0.0547819464,0.00033624409,-9.39679798e-05,-3.50288028e-05,2408.53484,563.474034,-347.607938,1285.69394,3056.01451,-30.5462049,660.251054,-1155.15974,3636.29606,14200.0,164090.300383,5.469676679,-60.00000000000001,30000 3000,1e-06,2,0.0 0.0259,0.0 0.0,-1.0 0.0,0.00054857 28.0,80000,1000,5e-10,0.0,0.0 0.0 0.0,1000 1000000 0,0,0.0,0,100,0,,20,,1,,,,1.0,10.0,0.1,False,{},,,False,3,mixed,250,300,True,Ar_Aubin,,False,uniform,Argon-Aubin-Test2/20Td,3.0000000000000005e+21,8.73955e+23,0.0,1.6287577777777778e-13,1.6284600000000002e-13,0.0,0.0,0.0,0.0,0.0,0.0,0.0,0.0,0.0,2.2222222222222226e-19,2.2222222222222226e-19,2.2222222222222226e-19,4.444444444444445e-19,0.0,0.0,0.0,0.0,2.2222222222222226e-19,0.0,8.88888888888889e-19,6.666666666666668e-19,2.2222222222222226e-19,6.666666666666668e-19,9.111111111111112e-18,6.6666666666666674e-18,1.0222222222222223e-17,0.0,0.0,0.0,0.0,0.0,0.0,1727.9910747951615,2411.8416884120725,2142.3748448623146,3055.4440761966916,1129.5512183977924,163.98670799520005,245.1316736438769,-451.87551333937574,20394.82000000037,1.0197410000000185e+24,0.0,0.0
7.15e-06,163766.0,5.45888,3e+22,-475.757,922.579,15298.8,3.66408,3.61583,3.63651,-0.000751843197,-0.000149793582,0.199682095,0.0309086452,0.0312385603,0.0553178913,0.00033844306,-8.21741818e-05,4.52617427e-06,2021.07649,-639.94922,-379.977043,-1121.70147,1405.69605,-346.965509,-969.273937,347.249729,3149.62672,14300.0,163766.37181,5.45887906,-60.00000000000001,30000 3000,1e-06,2,0.0 0.0259,0.0 0.0,-1.0 0.0,0.00054857 28.0,80000,1000,5e-10,0.0,0.0 0.0 0.0,1000 1000000 0,0,0.0,0,100,0,,20,,1,,,,1.0,10.0,0.1,False,{},,,False,3,mixed,250,300,True,Ar_Aubin,,False,uniform,Argon-Aubin-Test2/20Td,3.0000000000000005e+21,7.6494e+23,0.0,1.6280088888888889e-13,1.6276333333333334e-13,0.0,0.0,0.0,0.0,0.0,0.0,0.0,0.0,0.0,0.0,0.0,0.0,6.666666666666668e-19,0.0,0.0,2.2222222222222226e-19,4.444444444444445e-19,4.444444444444445e-19,4.444444444444445e-19,4.444444444444445e-19,8.88888888888889e-19,8.88888888888889e-19,2e-18,1.2000000000000001e-17,5.555555555555556e-18,1.3111111111111113e-17,0.0,0.0,2.2222222222222226e-19,2.2222222222222226e-19,0.0,0.0,2442.767042157429,2020.7187953361247,1877.8151562299367,1405.834246413088,1267.8625509615626,94.7302850140004,-110.908794811253,-1242.7485268268215,20543.33999999991,1.0271669999999955e+24,0.0,0.0
7.2e-06,163902.0,5.46339,3e+22,3015.18,12790.6,26278.1,3.6303,3.64609,3.64547,-0.000712105547,-0.000130860484,0.200706193,0.0310895514,0.0314382236,0.0558570323,0.000369799951,-7.95226995e-05,-6.79482382e-06,1194.68028,1364.60546,-1315.07662,-271.509134,1109.95688,851.210501,914.199073,1729.88534,5674.31475,14400.0,163901.606282,5.463386876,-60.00000000000001,30000 3000,1e-06,2,0.0 0.0259,0.0 0.0,-1.0 0.0,0.00054857 28.0,80000,1000,5e-10,0.0,0.0 0.0 0.0,1000 1000000 0,0,0.0,0,100,0,,20,,1,,,,1.0,10.0,0.1,False,{},,,False,3,mixed,250,300,True,Ar_Aubin,,False,uniform,Argon-Aubin-Test2/20Td,3.0000000000000005e+21,1.313905e+24,0.0,1.6277466666666666e-13,1.6274577777777779e-13,0.0,0.0,0.0,0.0,0.0,0.0,0.0,0.0,0.0,0.0,0.0,0.0,2.2222222222222226e-19,0.0,2.2222222222222226e-19,4.444444444444445e-19,4.444444444444445e-19,2.2222222222222226e-19,6.666666666666668e-19,4.444444444444445e-19,0.0,6.666666666666668e-19,1.1111111111111113e-18,8e-18,8.666666666666667e-18,7.555555555555556e-18,0.0,0.0,0.0,2.2222222222222226e-19,0.0,0.0,1809.643738828054,1196.8274064032034,1996.686136509357,1111.6306641066503,1291.0415503577383,400.1373397266998,-91.08298071810285,-987.3300652351194,20481.96000000002,1.0240980000000011e+24,0.0,0.0
7.25e-06,164026.0,5.46752,3e+22,2023.75,-7345.14,24046.0,3.68022,3.621,3.63021,-0.000763266015,-4.25276387e-05,0.201840729,0.0312591635,0.0316715006,0.0564219206,0.000372321152,-0.000104474301,-2.16519438e-05,3186.93594,332.58742,-26.9290436,-608.052194,1320.29663,225.177643,870.744978,-2125.09377,5344.19059,14500.0,164025.59756,5.467519919,-60.00000000000001,30000 3000,1e-06,2,0.0 0.0259,0.0 0.0,-1.0 0.0,0.00054857 28.0,80000,1000,5e-10,0.0,0.0 0.0 0.0,1000 1000000 0,0,0.0,0,100,0,,20,,1,,,,1.0,10.0,0.1,False,{},,,False,3,mixed,250,300,True,Ar_Aubin,,False,uniform,Argon-Aubin-Test2/20Td,3.0000000000000005e+21,1.2023e+24,0.0,1.6310666666666666e-13,1.6307422222222223e-13,0.0,0.0,0.0,0.0,0.0,2.2222222222222226e-19,0.0,0.0,0.0,2.2222222222222226e-19,0.0,0.0,6.666666666666668e-19,4.444444444444445e-19,0.0,0.0,0.0,8.88888888888889e-19,2.2222222222222226e-19,6.666666666666668e-19,1.3333333333333336e-18,4.444444444444445e-19,6.666666666666668e-19,9.777777777777779e-18,7.555555555555556e-18,8.666666666666667e-18,0.0,4.444444444444445e-19,2.2222222222222226e-19,0.0,0.0,0.0,1695.3661930041096,3188.480599597856,2332.9231586621813,1319.9842585398792,1081.843253018175,490.728420466,-276.348519280553,453.6942536829399,22690.719999999834,1.1345359999999918e+24,0.0,0.0
7.3e-06,164201.0,5.47338,3e+22,6378.95,169.707,16672.8,3.63045,3.63082,3.68368,-0.000733077315,4.14969278e-05,0.20294944,0.0314540102,0.0318409013,0.0569532717,0.000355731927,-0.000113863797,9.24404658e-08,1879.71719,-1014.20351,-251.485783,1662.49831,2397.19935,-761.282181,1817.60116,-315.714059,4001.13309,14600.0,164201.326796,5.47337756,-60.00000000000001,30000 3000,1e-06,2,0.0 0.0259,0.0 0.0,-1.0 0.0,0.00054857 28.0,80000,1000,5e-10,0.0,0.0 0.0 0.0,1000 1000000 0,0,0.0,0,100,0,,20,,1,,,,1.0,10.0,0.1,False,{},,,False,3,mixed,250,300,True,Ar_Aubin,,False,uniform,Argon-Aubin-Test2/20Td,3.0000000000000005e+21,8.3364e+23,0.0,1.6305333333333334e-13,1.6302244444444447e-13,0.0,0.0,0.0,0.0,0.0,0.0,0.0,0.0,0.0,0.0,0.0,0.0,2.2222222222222226e-19,2.2222222222222226e-19,0.0,0.0,0.0,4.444444444444445e-19,0.0,6.666666666666668e-19,2.2222222222222226e-19,8.88888888888889e-19,2.2222222222222226e-18,8.222222222222223e-18,6.8888888888888895e-18,1e-17,0.0,2.2222222222222226e-19,2.2222222222222226e-19,4.444444444444445e-19,0.0,0.0,1948.918726598914,1884.3934535385192,1694.0078660503816,2397.192307680874,825.5578693783239,617.3976667679999,-293.40068665142627,283.7334981695319,22174.220000000245,1.1087110000000123e+24,0.0,0.0
7.35e-06,164315.0,5.47718,3e+22,1107.06,674.32,15297.2,3.65649,3.67007,3.62646,-0.00079249431,6.36168783e-05,0.203977457,0.0316696981,0.0320829072,0.0574933307,0.000348871543,-0.000130288149,2.41506551e-05,2019.29192,1588.75908,491.731427,-368.210854,2691.74721,68.7307604,186.482106,699.169295,4972.0149,14700.0,164315.415646,5.477180522,-60.00000000000001,30000 3000,1e-06,2,0.0 0.0259,0.0 0.0,-1.0 0.0,0.00054857 28.0,80000,1000,5e-10,0.0,0.0 0.0 0.0,1000 1000000 0,0,0.0,0,100,0,,20,,1,,,,1.0,10.0,0.1,False,{},,,False,3,mixed,250,300,True,Ar_Aubin,,False,uniform,Argon-Aubin-Test2/20Td,3.0000000000000005e+21,7.648600000000001e+23,0.0,1.6329955555555554e-13,1.6327022222222224e-13,0.0,0.0,0.0,0.0,0.0,0.0,0.0,0.0,0.0,0.0,0.0,0.0,2.2222222222222226e-19,2.2222222222222226e-19,0.0,0.0,0.0,2.2222222222222226e-19,0.0,6.666666666666668e-19,4.444444444444445e-19,6.666666666666668e-19,6.666666666666668e-19,1.0444444444444445e-17,6.6666666666666674e-18,8.222222222222223e-18,0.0,0.0,0.0,4.444444444444445e-19,4.444444444444445e-19,0.0,2155.972551183827,2020.1692587508285,2420.035748878155,2691.7043118666247,1217.3123212675525,1851.7309447796001,-71.02017030367881,464.52119341251193,20560.339999999844,1.0280169999999922e+24,0.0,0.0
7.4e-06,164250.0,5.475,3e+22,4454.15,-195.947,20086.0,3.68022,3.61906,3.64831,-0.000733556118,1.19032071e-05,0.205043337,0.0318715469,0.0323490046,0.0580521616,0.000359150143,-0.000140880405,2.24742214e-05,2831.97387,-565.395526,-483.911646,-182.78094,903.364958,634.263825,998.218717,-70.2463854,4072.67392,14800.0,164249.91531,5.474997177,-60.00000000000001,30000 3000,1e-06,2,0.0 0.0259,0.0 0.0,-1.0 0.0,0.00054857 28.0,80000,1000,5e-10,0.0,0.0 0.0 0.0,1000 1000000 0,0,0.0,0,100,0,,20,,1,,,,1.0,10.0,0.1,False,{},,,False,3,mixed,250,300,True,Ar_Aubin,,False,uniform,Argon-Aubin-Test2/20Td,3.0000000000000005e+21,1.0043000000000002e+24,0.0,1.6303911111111112e-13,1.6300555555555556e-13,0.0,0.0,0.0,0.0,0.0,0.0,0.0,2.2222222222222226e-19,0.0,0.0,0.0,2.2222222222222226e-19,1.3333333333333336e-18,4.444444444444445e-19,0.0,2.2222222222222226e-19,2.2222222222222226e-19,1.3333333333333336e-18,2.2222222222222226e-19,4.444444444444445e-19,4.444444444444445e-19,6.666666666666668e-19,8.88888888888889e-19,9.333333333333335e-18,8.222222222222223e-18,8.88888888888889e-18,0.0,0.0,2.2222222222222226e-19,0.0,2.2222222222222226e-19,0.0,2019.3874265312522,2835.2412389829897,2661.013054208669,903.3672903977216,1228.6381609128566,-45.826546981999854,-436.6487145856786,-384.25250031240193,21317.599999999828,1.0658799999999914e+24,0.0,0.0
7.45e-06,163994.0,5.46648,3e+22,-7250.47,-6859.66,17798.4,3.62903,3.66413,3.63744,-0.000661667977,-8.23445586e-06,0.205911888,0.0321020154,0.0325604279,0.0585440273,0.000378780907,-0.000139080363,3.55581307e-05,1594.31852,1258.04893,127.820149,-1005.43341,2980.60694,-201.956755,-1963.34454,-713.511396,4105.22323,14900.0,163994.448425,5.466481614,-60.00000000000001,30000 3000,1e-06,2,0.0 0.0259,0.0 0.0,-1.0 0.0,0.00054857 28.0,80000,1000,5e-10,0.0,0.0 0.0 0.0,1000 1000000 0,0,0.0,0,100,0,,20,,1,,,,1.0,10.0,0.1,False,{},,,False,3,mixed,250,300,True,Ar_Aubin,,False,uniform,Argon-Aubin-Test2/20Td,3.0000000000000005e+21,8.899200000000001e+23,0.0,1.629762222222222e-13,1.6294555555555556e-13,0.0,0.0,0.0,0.0,0.0,0.0,0.0,0.0,0.0,0.0,2.2222222222222226e-19,2.2222222222222226e-19,2.2222222222222226e-19,4.444444444444445e-19,0.0,0.0,0.0,4.444444444444445e-19,0.0,6.666666666666668e-19,6.666666666666668e-19,1.1111111111111113e-18,1.3333333333333336e-18,8.444444444444445e-18,7.111111111111112e-18,9.555555555555557e-18,0.0,0.0,2.2222222222222226e-19,0.0,0.0,0.0,2305.6880006647184,1589.5211161828008,2114.23373880075,2980.5504544325154,1349.3012837102747,440.32108262079964,-247.30899876550328,-330.7897930908034,17371.019999999906,8.685509999999953e+23,0.0,0.0
7.5e-06,164009.0,5.46698,3e+22,-3925.63,-3504.56,21724.1,3.66353,3.64498,3.6226,-0.000806017417,-6.63240288e-05,0.206916587,0.0322909952,0.03274335,0.0590810024,0.00038617441,-0.000166306476,3.82001229e-05,1375.81608,201.625653,-43.5154145,129.069999,473.362157,-218.544971,-1217.53689,-1449.58871,4244.51526,15000.0,164009.340383,5.466978013,-60.00000000000001,30000 3000,1e-06,2,0.0 0.0259,0.0 0.0,-1.0 0.0,0.00054857 28.0,80000,1000,5e-10,0.0,0.0 0.0 0.0,1000 1000000 0,0,0.0,0,100,0,,20,,1,,,,1.0,10.0,0.1,False,{},,,False,3,mixed,250,300,True,Ar_Aubin,,False,uniform,Argon-Aubin-Test2/20Td,3.0000000000000005e+21,1.086205e+24,0.0,1.628288888888889e-13,1.6279866666666668e-13,0.0,0.0,0.0,0.0,0.0,2.2222222222222226e-19,0.0,0.0,0.0,0.0,2.2222222222222226e-19,0.0,2.2222222222222226e-19,2.2222222222222226e-19,0.0,0.0,2.2222222222222226e-19,8.88888888888889e-19,4.444444444444445e-19,6.666666666666668e-19,1.1111111111111113e-18,0.0,1.1111111111111113e-18,9.777777777777779e-18,6.444444444444445e-18,8.666666666666667e-18,0.0,0.0,0.0,0.0,0.0,0.0,1887.6794043527768,1372.6519538473024,1829.177689294595,473.1297204616287,1222.0674399596178,-250.5613676467001,66.1391522997041,-431.2643401065403,20093.980000000513,1.0046990000000256e+24,0.0,0.0
7.55e-06,163693.0,5.45643,3e+22,-5710.86,2112.04,17717.8,3.64309,3.66206,3.60571,-0.000804748501,-5.93157123e-05,0.207798957,0.032508384,0.0329764832,0.0595745772,0.000351519368,-0.000159082945,3.58651174e-05,3005.00943,378.800581,1210.94407,-93.0036325,2686.42224,226.5483,-947.467569,664.30212,5111.40073,15100.0,163692.912229,5.456430408,-60.00000000000001,30000 3000,1e-06,2,0.0 0.0259,0.0 0.0,-1.0 0.0,0.00054857 28.0,80000,1000,5e-10,0.0,0.0 0.0 0.0,1000 1000000 0,0,0.0,0,100,0,,20,,1,,,,1.0,10.0,0.1,False,{},,,False,3,mixed,250,300,True,Ar_Aubin,,False,uniform,Argon-Aubin-Test2/20Td,3.0000000000000005e+21,8.8589e+23,0.0,1.6265355555555555e-13,1.6262133333333334e-13,0.0,2.2222222222222226e-19,0.0,0.0,0.0,0.0,0.0,0.0,0.0,2.2222222222222226e-19,0.0,2.2222222222222226e-19,2.2222222222222226e-19,8.88888888888889e-19,0.0,0.0,0.0,4.444444444444445e-19,0.0,8.88888888888889e-19,1.5555555555555556e-18,4.444444444444445e-19,1.777777777777778e-18,8.444444444444445e-18,7.555555555555556e-18,8.88888888888889e-18,0.0,0.0,0.0,0.0,4.444444444444445e-19,0.0,2173.9084392664868,3000.4136239755794,2331.3408052307027,2686.547517157006,1276.4224544072056,1429.6603696654001,153.42114333835372,1464.4456255640378,17647.39999999987,8.823699999999935e+23,0.0,0.0
7.6e-06,163806.0,5.46022,3e+22,-5592.61,5209.0,15097.4,3.66172,3.63972,3.61736,-0.000830467121,-0.000122817745,0.20893261,0.0327311298,0.0331362906,0.0601770011,0.000330824084,-0.000147322444,4.06739825e-05,952.881741,-1765.41455,-411.95604,1160.57488,2706.16104,-726.295862,-1420.71566,1261.89557,3701.8781,15200.0,163806.479135,5.460215971,-60.00000000000001,30000 3000,1e-06,2,0.0 0.0259,0.0 0.0,-1.0 0.0,0.00054857 28.0,80000,1000,5e-10,0.0,0.0 0.0 0.0,1000 1000000 0,0,0.0,0,100,0,,20,,1,,,,1.0,10.0,0.1,False,{},,,False,3,mixed,250,300,True,Ar_Aubin,,False,uniform,Argon-Aubin-Test2/20Td,3.0000000000000005e+21,7.548700000000001e+23,0.0,1.6262888888888888e-13,1.6259622222222224e-13,0.0,0.0,0.0,0.0,0.0,0.0,0.0,0.0,0.0,0.0,0.0,0.0,4.444444444444445e-19,0.0,0.0,0.0,2.2222222222222226e-19,8.88888888888889e-19,0.0,1.5555555555555556e-18,1.1111111111111113e-18,6.666666666666668e-19,8.88888888888889e-19,9.333333333333335e-18,8.88888888888889e-18,8e-18,0.0,0.0,0.0,2.2222222222222226e-19,4.444444444444445e-19,0.0,2227.0374451079797,948.2372622744242,1597.9583415524219,2706.800797633705,1299.9490887576071,547.5389137860002,360.9252990920467,-651.6552016753149,22673.059999999692,1.1336529999999846e+24,0.0,0.0
7.65e-06,163640.0,5.45466,3e+22,-376.091,-9593.76,24831.1,3.64899,3.61516,3.64114,-0.000765750548,-0.000123473213,0.209929613,0.0329597577,0.0333876681,0.0607130076,0.000319324548,-0.000146693098,4.39183355e-05,2525.00153,-108.706891,-211.390294,224.068425,2489.49524,-1430.35631,619.488482,-1977.91095,6402.78136,15300.0,163639.740299,5.45465801,-60.00000000000001,30000 3000,1e-06,2,0.0 0.0259,0.0 0.0,-1.0 0.0,0.00054857 28.0,80000,1000,5e-10,0.0,0.0 0.0 0.0,1000 1000000 0,0,0.0,0,100,0,,20,,1,,,,1.0,10.0,0.1,False,{},,,False,3,mixed,250,300,True,Ar_Aubin,,False,uniform,Argon-Aubin-Test2/20Td,3.0000000000000005e+21,1.2415549999999998e+24,0.0,1.6235244444444444e-13,1.6231911111111112e-13,0.0,0.0,0.0,0.0,0.0,0.0,2.2222222222222226e-19,0.0,0.0,2.2222222222222226e-19,0.0,0.0,8.88888888888889e-19,2.2222222222222226e-19,0.0,0.0,0.0,4.444444444444445e-19,2.2222222222222226e-19,8.88888888888889e-19,1.3333333333333336e-18,4.444444444444445e-19,4.444444444444445e-19,1.0444444444444445e-17,9.111111111111112e-18,8.222222222222223e-18,0.0,0.0,0.0,2.2222222222222226e-19,0.0,0.0,2287.3120173730335,2524.7135381106523,2513.77338564153,2488.3106676280495,1183.9960708232707,1189.9981466357003,-242.572018270758,506.0652545152257,19940.05999999993,9.970029999999965e+23,0.0,0.0
7.7e-06,163599.0,5.45329,3e+22,3132.37,-4531.35,12004.3,3.62549,3.66333,3.61678,-0.000697168752,-0.000202902039,0.210940184,0.0331919716,0.0335999857,0.0612575021,0.000347021856,-0.000109165637,5.03663915e-05,1484.92405,-510.968841,890.729457,1133.59937,511.308308,-1119.32186,1634.04794,-400.179417,3284.20894,15400.0,163598.784916,5.453292831,-60.00000000000001,30000 3000,1e-06,2,0.0 0.0259,0.0 0.0,-1.0 0.0,0.00054857 28.0,80000,1000,5e-10,0.0,0.0 0.0 0.0,1000 1000000 0,0,0.0,0,100,0,,20,,1,,,,1.0,10.0,0.1,False,{},,,False,3,mixed,250,300,True,Ar_Aubin,,False,uniform,Argon-Aubin-Test2/20Td,3.0000000000000005e+21,6.00215e+23,0.0,1.6231955555555555e-13,1.622877777777778e-13,0.0,0.0,0.0,0.0,0.0,0.0,0.0,0.0,0.0,0.0,0.0,2.2222222222222226e-19,0.0,6.666666666666668e-19,0.0,0.0,0.0,8.88888888888889e-19,0.0,4.444444444444445e-19,6.666666666666668e-19,2.2222222222222226e-19,1.1111111111111113e-18,9.777777777777779e-18,7.333333333333334e-18,1.0222222222222223e-17,0.0,0.0,0.0,0.0,2.2222222222222226e-19,0.0,2323.1422963299747,1487.1078404837024,2122.9167639690713,510.38888784557736,1191.7568837591098,752.0196892088002,476.69299259504925,1872.4037156935533,20211.420000000315,1.0105710000000157e+24,0.0,0.0
7.75e-06,163626.0,5.45421,3e+22,-14468.5,-1351.74,17351.3,3.64947,3.64105,3.61498,-0.000714144568,-0.000166450331,0.211959303,0.033366631,0.033795943,0.0618026441,0.000332901776,-8.6285334e-05,2.91877121e-05,352.600798,-1024.6049,-112.857124,883.340707,904.655037,325.246787,-2865.37326,-370.765775,3959.78949,15500.0,163626.214748,5.454207158,-60.00000000000001,30000 3000,1e-06,2,0.0 0.0259,0.0 0.0,-1.0 0.0,0.00054857 28.0,80000,1000,5e-10,0.0,0.0 0.0 0.0,1000 1000000 0,0,0.0,0,100,0,,20,,1,,,,1.0,10.0,0.1,False,{},,,False,3,mixed,250,300,True,Ar_Aubin,,False,uniform,Argon-Aubin-Test2/20Td,3.0000000000000005e+21,8.67565e+23,0.0,1.61932e-13,1.6190133333333334e-13,0.0,0.0,0.0,0.0,0.0,0.0,0.0,0.0,0.0,0.0,2.2222222222222226e-19,0.0,8.88888888888889e-19,2.2222222222222226e-19,2.2222222222222226e-19,0.0,4.444444444444445e-19,4.444444444444445e-19,0.0,6.666666666666668e-19,2.2222222222222226e-19,0.0,6.666666666666668e-19,1.1777777777777779e-17,8e-18,6.6666666666666674e-18,0.0,0.0,0.0,0.0,2.2222222222222226e-19,0.0,1746.3544180475883,342.268197317892,1959.7076352474014,904.4300394295741,1141.5709770804667,282.02003585610055,543.7796609717149,100.89412809823807,20382.379999999703,1.0191189999999853e+24,0.0,0.0
7.8e-06,163619.0,5.45397,3e+22,-3312.05,1135.15,20843.8,3.64803,3.63923,3.61814,-0.000839289949,-0.000200483159,0.21303816,0.0335507397,0.0340380813,0.0623571177,0.000328563898,-9.85738417e-05,-1.00064567e-05,1783.6437,-344.244123,719.372674,50.1672189,2185.28755,705.338659,-1112.53473,-835.515477,6409.70099,15600.0,163619.09155,5.453969718,-60.00000000000001,30000 3000,1e-06,2,0.0 0.0259,0.0 0.0,-1.0 0.0,0.00054857 28.0,80000,1000,5e-10,0.0,0.0 0.0 0.0,1000 1000000 0,0,0.0,0,100,0,,20,,1,,,,1.0,10.0,0.1,False,{},,,False,3,mixed,250,300,True,Ar_Aubin,,False,uniform,Argon-Aubin-Test2/20Td,3.0000000000000005e+21,1.04219e+24,0.0,1.6198933333333333e-13,1.6195622222222223e-13,0.0,2.2222222222222226e-19,0.0,0.0,0.0,2.2222222222222226e-19,2.2222222222222226e-19,0.0,0.0,0.0,0.0,0.0,0.0,2.2222222222222226e-19,0.0,0.0,2.2222222222222226e-19,1.1111111111111113e-18,2.2222222222222226e-19,8.88888888888889e-19,2.2222222222222226e-19,1.3333333333333336e-18,1.1111111111111113e-18,8.222222222222223e-18,8.222222222222223e-18,1.0222222222222223e-17,0.0,2.2222222222222226e-19,0.0,0.0,2.2222222222222226e-19,0.0,1839.1429484550943,1780.8639297244147,2421.2581221564474,2185.5151284579388,959.6211206020639,1969.1761905920002,302.85387733875484,329.9249736669662,21577.14000000033,1.0788570000000166e+24,0.0,0.0
7.85e-06,163552.0,5.45174,3e+22,7185.2,2122.31,21480.9,3.64256,3.62893,3.62904,-0.000920015166,-4.68221627e-05,0.213934538,0.0337646865,0.0342527353,0.0628859455,0.000312090421,-0.000116709692,1.67256913e-05,2268.98116,1008.78755,-688.84075,769.436841,1323.25968,1459.88382,2470.87384,442.130238,5772.08689,15700.0,163552.053478,5.451735116,-60.00000000000001,30000 3000,1e-06,2,0.0 0.0259,0.0 0.0,-1.0 0.0,0.00054857 28.0,80000,1000,5e-10,0.0,0.0 0.0 0.0,1000 1000000 0,0,0.0,0,100,0,,20,,1,,,,1.0,10.0,0.1,False,{},,,False,3,mixed,250,300,True,Ar_Aubin,,False,uniform,Argon-Aubin-Test2/20Td,3.0000000000000005e+21,1.0740450000000001e+24,0.0,1.6198266666666667e-13,1.6195444444444445e-13,0.0,0.0,0.0,0.0,0.0,0.0,0.0,0.0,0.0,0.0,0.0,0.0,0.0,4.444444444444445e-19,0.0,0.0,4.444444444444445e-19,4.444444444444445e-19,0.0,1.777777777777778e-18,6.666666666666668e-19,6.666666666666668e-19,1.1111111111111113e-18,7.333333333333334e-18,7.555555555555556e-18,7.777777777777779e-18,0.0,0.0,0.0,0.0,0.0,0.0,2138.0477971282703,2275.591652970743,2146.920011821263,1323.3590511441198,1460.9886691215047,1176.5804726757988,-2.272345005010449,264.6334013417297,17927.560000000067,8.963780000000033e+23,0.0,0.0
7.9e-06,163814.0,5.46047,3e+22,5553.91,-3901.42,20807.0,3.64606,3.64533,3.62683,-0.000847716755,-0.00016486222,0.214959431,0.0339647451,0.0344925273,0.0634118026,0.000325807968,-0.000132810924,2.27156739e-05,2569.94526,-74.0858835,118.60093,1099.94453,652.121207,702.417964,533.539007,-833.072128,5673.90534,15800.0,163814.093812,5.460469794,-60.00000000000001,30000 3000,1e-06,2,0.0 0.0259,0.0 0.0,-1.0 0.0,0.00054857 28.0,80000,1000,5e-10,0.0,0.0 0.0 0.0,1000 1000000 0,0,0.0,0,100,0,,20,,1,,,,1.0,10.0,0.1,False,{},,,False,3,mixed,250,300,True,Ar_Aubin,,False,uniform,Argon-Aubin-Test2/20Td,3.0000000000000005e+21,1.04035e+24,0.0,1.6252e-13,1.6249355555555558e-13,0.0,0.0,0.0,0.0,0.0,0.0,0.0,0.0,0.0,2.2222222222222226e-19,0.0,0.0,4.444444444444445e-19,0.0,0.0,0.0,2.2222222222222226e-19,2.2222222222222226e-19,4.444444444444445e-19,4.444444444444445e-19,8.88888888888889e-19,4.444444444444445e-19,1.1111111111111113e-18,8e-18,6.0000000000000004e-18,7.777777777777779e-18,0.0,0.0,0.0,0.0,2.2222222222222226e-19,0.0,2001.8640420895601,2574.653402562762,2397.6701276333392,651.4780102376476,862.8667342968494,1201.244459183,-613.9908037447381,-524.0869539039252,20497.85999999998,1.024892999999999e+24,0.0,0.0
7.95e-06,163458.0,5.44859,3e+22,-1363.66,-1471.03,27330.3,3.63187,3.6361,3.62494,-0.000859269236,-0.000134508291,0.21599461,0.0341917557,0.0346600025,0.0639727298,0.000335757812,-0.00015305917,2.43327244e-05,1454.55596,826.856699,-353.313883,-610.310397,2725.50361,-682.987343,-110.651798,924.993061,6500.96294,15900.0,163457.702341,5.448590078,-60.00000000000001,30000 3000,1e-06,2,0.0 0.0259,0.0 0.0,-1.0 0.0,0.00054857 28.0,80000,1000,5e-10,0.0,0.0 0.0 0.0,1000 1000000 0,0,0.0,0,100,0,,20,,1,,,,1.0,10.0,0.1,False,{},,,False,3,mixed,250,300,True,Ar_Aubin,,False,uniform,Argon-Aubin-Test2/20Td,3.0000000000000005e+21,1.3665150000000001e+24,0.0,1.6231288888888887e-13,1.6227444444444447e-13,0.0,0.0,0.0,0.0,0.0,0.0,0.0,0.0,0.0,0.0,0.0,0.0,6.666666666666668e-19,2.2222222222222226e-19,0.0,0.0,2.2222222222222226e-19,6.666666666666668e-19,4.444444444444445e-19,6.666666666666668e-19,8.88888888888889e-19,6.666666666666668e-19,3.555555555555556e-18,1.2666666666666669e-17,7.555555555555556e-18,1.0222222222222223e-17,0.0,0.0,0.0,0.0,0.0,0.0,2269.9088007677174,1453.3842089136363,1674.842870712373,2725.3057442686904,1148.1262679166605,597.7654503170006,-337.5086757829695,-145.93838512674915,20703.579999999944,1.0351789999999973e+24,0.0,0.0
8e-06,163626.0,5.45419,3e+22,4243.29,9326.28,16049.2,3.63208,3.63761,3.63663,-0.000977847859,-1.33179184e-05,0.217065203,0.0344301739,0.034869269,0.0645348815,0.000335515669,-0.000176059948,5.37634291e-05,2615.36333,-712.201073,834.941555,-209.257386,1858.37144,-614.78811,735.846943,2502.49445,4611.42804,16000.0,163625.651045,5.454188368,-60.00000000000001,30000 3000,1e-06,2,0.0 0.0259,0.0 0.0,-1.0 0.0,0.00054857 28.0,80000,1000,5e-10,0.0,0.0 0.0 0.0,1000 1000000 0,0,0.0,0,100,0,,20,,1,,,,1.0,10.0,0.1,False,{},,,False,3,mixed,250,300,True,Ar_Aubin,,False,uniform,Argon-Aubin-Test2/20Td,3.0000000000000005e+21,8.0246e+23,0.0,1.622811111111111e-13,1.6225133333333336e-13,0.0,0.0,0.0,0.0,0.0,0.0,0.0,2.2222222222222226e-19,0.0,0.0,0.0,0.0,2.2222222222222226e-19,4.444444444444445e-19,0.0,0.0,0.0,2.2222222222222226e-19,6.666666666666668e-19,0.0,6.666666666666668e-19,4.444444444444445e-19,1.3333333333333336e-18,1.0444444444444445e-17,6.2222222222222225e-18,8.88888888888889e-18,0.0,0.0,0.0,0.0,0.0,0.0,2382.003571845884,2619.5126220416164,2092.8441511339906,1858.4956466360154,985.2089562088773,1127.7051840123995,73.16885004264856,665.4115686207927,21411.86000000017,1.0705930000000087e+24,0.0,0.0
8.05e-06,163850.0,5.46168,3e+22,13405.3,-1716.92,15096.6,3.64877,3.65687,3.61538,-0.000861526646,1.1853146e-05,0.218092542,0.034618154,0.0350901831,0.0650989118,0.000301669208,-0.000159889445,3.57183581e-05,2936.54325,-2171.10182,840.102519,1795.40488,2055.7594,-139.098602,2907.32795,-664.521465,4795.32695,16100.0,163850.306231,5.461676874,-60.00000000000001,30000 3000,1e-06,2,0.0 0.0259,0.0 0.0,-1.0 0.0,0.00054857 28.0,80000,1000,5e-10,0.0,0.0 0.0 0.0,1000 1000000 0,0,0.0,0,100,0,,20,,1,,,,1.0,10.0,0.1,False,{},,,False,3,mixed,250,300,True,Ar_Aubin,,False,uniform,Argon-Aubin-Test2/20Td,3.0000000000000005e+21,7.548300000000001e+23,0.0,1.623391111111111e-13,1.623117777777778e-13,0.0,0.0,0.0,0.0,0.0,0.0,0.0,0.0,0.0,0.0,2.2222222222222226e-19,0.0,2.2222222222222226e-19,2.2222222222222226e-19,0.0,0.0,0.0,6.666666666666668e-19,0.0,0.0,2.2222222222222226e-19,8.88888888888889e-19,6.666666666666668e-19,8e-18,6.8888888888888895e-18,8.666666666666667e-18,0.0,0.0,0.0,2.2222222222222226e-19,4.444444444444445e-19,0.0,1881.9405827358305,2948.092273147624,2209.141368698722,2055.7797509034303,1169.757774094546,1502.8710804427997,-163.8740958015254,836.8406388914036,20546.779999999766,1.0273389999999884e+24,0.0,0.0
8.1e-06,163520.0,5.45068,3e+22,-2020.01,-5176.86,18356.7,3.63027,3.64185,3.62715,-0.000749878487,8.49721196e-05,0.218961353,0.0348851912,0.035313935,0.0656439006,0.000260679465,-0.000128242463,6.0858187e-05,3091.45633,-725.19456,-64.3789537,-201.882475,1461.97804,-372.578681,-877.978932,-1567.06114,5411.99594,16200.0,163520.362544,5.450678751,-60.00000000000001,30000 3000,1e-06,2,0.0 0.0259,0.0 0.0,-1.0 0.0,0.00054857 28.0,80000,1000,5e-10,0.0,0.0 0.0 0.0,1000 1000000 0,0,0.0,0,100,0,,20,,1,,,,1.0,10.0,0.1,False,{},,,False,3,mixed,250,300,True,Ar_Aubin,,False,uniform,Argon-Aubin-Test2/20Td,3.0000000000000005e+21,9.178350000000002e+23,0.0,1.62216e-13,1.62184e-13,0.0,0.0,0.0,0.0,0.0,0.0,0.0,0.0,0.0,2.2222222222222226e-19,0.0,0.0,1.3333333333333336e-18,2.2222222222222226e-19,0.0,0.0,0.0,4.444444444444445e-19,2.2222222222222226e-19,4.444444444444445e-19,6.666666666666668e-19,1.1111111111111113e-18,1.3333333333333336e-18,8.666666666666667e-18,8.88888888888889e-18,7.111111111111112e-18,0.0,6.666666666666668e-19,2.2222222222222226e-19,0.0,4.444444444444445e-19,0.0,2672.171104165025,3089.941567957475,2237.4482023596042,1462.4179287670725,1652.7156843115094,1392.5880713848996,158.97707744477623,-486.2884686041571,17376.219999999943,8.688109999999972e+23,0.0,0.0
8.15e-06,163688.0,5.45626,3e+22,-4519.64,3844.09,16943.0,3.70264,3.60504,3.603,-0.000703779093,-1.52195419e-05,0.219963071,0.0350523116,0.0355078879,0.0662047777,0.000241917835,-9.39465272e-05,1.23760324e-05,4268.01146,-377.833762,-319.178374,-689.310224,2259.36312,290.709502,-1485.74891,851.953979,4820.4286,16300.0,163687.807366,5.456260246,-60.00000000000001,30000 3000,1e-06,2,0.0 0.0259,0.0 0.0,-1.0 0.0,0.00054857 28.0,80000,1000,5e-10,0.0,0.0 0.0 0.0,1000 1000000 0,0,0.0,0,100,0,,20,,1,,,,1.0,10.0,0.1,False,{},,,False,3,mixed,250,300,True,Ar_Aubin,,False,uniform,Argon-Aubin-Test2/20Td,3.0000000000000005e+21,8.471500000000001e+23,0.0,1.62752e-13,1.6272466666666667e-13,0.0,0.0,0.0,0.0,0.0,2.2222222222222226e-19,0.0,0.0,0.0,2.2222222222222226e-19,0.0,0.0,2.2222222222222226e-19,2.2222222222222226e-19,0.0,0.0,0.0,1.1111111111111113e-18,0.0,8.88888888888889e-19,4.444444444444445e-19,6.666666666666668e-19,6.666666666666668e-19,9.111111111111112e-18,6.2222222222222225e-18,6.8888888888888895e-18,0.0,0.0,0.0,2.2222222222222226e-19,2.2222222222222226e-19,0.0,1671.8741273352018,4264.8306318601135,1939.5988862665888,2259.4216252888223,1211.9860383955768,1093.5942880470002,498.13876605523393,-798.849260612861,20034.36000000025,1.0017180000000126e+24,0.0,0.0
8.2e-06,163819.0,5.46064,3e+22,8865.23,-2000.89,16089.0,3.64025,3.6284,3.65069,-0.000672818323,0.000166055103,0.220986878,0.0352455503,0.0356980788,0.0667942422,0.000240224267,-9.58243153e-05,2.68581584e-05,1562.6601,1917.95346,585.240093,-1103.97444,2486.83654,1343.55945,1656.37499,-850.018972,5718.75391,16400.0,163819.16201,5.460638734,-60.00000000000001,30000 3000,1e-06,2,0.0 0.0259,0.0 0.0,-1.0 0.0,0.00054857 28.0,80000,1000,5e-10,0.0,0.0 0.0 0.0,1000 1000000 0,0,0.0,0,100,0,,20,,1,,,,1.0,10.0,0.1,False,{},,,False,3,mixed,250,300,True,Ar_Aubin,,False,uniform,Argon-Aubin-Test2/20Td,3.0000000000000005e+21,8.0445e+23,0.0,1.62548e-13,1.6251933333333335e-13,0.0,2.2222222222222226e-19,2.2222222222222226e-19,0.0,0.0,0.0,0.0,2.2222222222222226e-19,0.0,0.0,0.0,0.0,0.0,0.0,0.0,0.0,6.666666666666668e-19,4.444444444444445e-19,0.0,6.666666666666668e-19,1.1111111111111113e-18,6.666666666666668e-19,1.777777777777778e-18,8e-18,6.444444444444445e-18,8e-18,0.0,0.0,0.0,0.0,2.2222222222222226e-19,0.0,1932.8132051597836,1568.6247891816095,1901.6355733721819,2487.1687979950416,1380.1685556417283,2163.2960298580006,-159.98356081818062,293.3405565468072,20476.139999999756,1.023806999999988e+24,0.0,0.0
8.25e-06,164061.0,5.46869,3e+22,7516.38,-4131.96,19797.8,3.57076,3.66718,3.69678,-0.000528365593,0.000260397555,0.222066034,0.0354444487,0.0359177541,0.0674354287,0.00023339437,-3.609169e-05,3.69910538e-05,805.150443,657.710547,1338.22643,-1526.99515,2213.54256,-388.092896,1694.95623,-2314.59549,4950.43774,16500.0,164060.64072,5.468688024,-60.00000000000001,30000 3000,1e-06,2,0.0 0.0259,0.0 0.0,-1.0 0.0,0.00054857 28.0,80000,1000,5e-10,0.0,0.0 0.0 0.0,1000 1000000 0,0,0.0,0,100,0,,20,,1,,,,1.0,10.0,0.1,False,{},,,False,3,mixed,250,300,True,Ar_Aubin,,False,uniform,Argon-Aubin-Test2/20Td,3.0000000000000005e+21,9.898900000000001e+23,0.0,1.629268888888889e-13,1.6289822222222224e-13,0.0,0.0,0.0,0.0,0.0,0.0,0.0,0.0,0.0,0.0,2.2222222222222226e-19,0.0,6.666666666666668e-19,4.444444444444445e-19,0.0,2.2222222222222226e-19,2.2222222222222226e-19,2.2222222222222226e-19,2.2222222222222226e-19,0.0,8.88888888888889e-19,8.88888888888889e-19,1.777777777777778e-18,6.8888888888888895e-18,6.8888888888888895e-18,9.111111111111112e-18,0.0,0.0,0.0,0.0,0.0,0.0,1990.71914295898,809.1218395759133,2196.350674105868,2214.6185122813577,1630.6329169771955,554.0188120748007,567.6131275720513,1374.5104397001753,21583.119999999955,1.0791559999999978e+24,0.0,0.0
8.3e-06,164357.0,5.47858,3e+22,6476.27,2931.92,6039.12,3.6312,3.66914,3.65632,-0.000467122292,0.000248467132,0.223260597,0.035669321,0.0361315892,0.0680850703,0.00024225072,-7.17601571e-06,1.72073378e-05,2676.49858,967.123498,853.031569,1110.9728,2612.3183,-206.201401,930.965206,8.37524629,2941.60296,16600.0,164357.353708,5.478578457,-60.00000000000001,30000 3000,1e-06,2,0.0 0.0259,0.0 0.0,-1.0 0.0,0.00054857 28.0,80000,1000,5e-10,0.0,0.0 0.0 0.0,1000 1000000 0,0,0.0,0,100,0,,20,,1,,,,1.0,10.0,0.1,False,{},,,False,3,mixed,250,300,True,Ar_Aubin,,False,uniform,Argon-Aubin-Test2/20Td,3.0000000000000005e+21,3.01956e+23,0.0,1.633231111111111e-13,1.6329177777777778e-13,0.0,0.0,0.0,0.0,0.0,0.0,0.0,2.2222222222222226e-19,0.0,2.2222222222222226e-19,0.0,0.0,2.2222222222222226e-19,2.2222222222222226e-19,0.0,0.0,6.666666666666668e-19,1.3333333333333336e-18,0.0,6.666666666666668e-19,4.444444444444445e-19,2.2222222222222226e-19,6.666666666666668e-19,9.333333333333335e-18,7.333333333333334e-18,9.333333333333335e-18,0.0,0.0,4.444444444444445e-19,0.0,0.0,0.0,2249.332669641835,2679.5237900860106,2138.411709709659,2611.5898142463466,1176.708836927373,1593.3054234453602,317.47248668720346,340.921876042873,23891.26000000019,1.1945630000000097e+24,0.0,0.0
8.35e-06,164232.0,5.47438,3e+22,1780.1,3423.47,18060.0,3.62536,3.63843,3.68304,-0.000441964178,0.000270657184,0.224237122,0.0358543799,0.0363666337,0.0686547776,0.000278653046,-2.00276453e-05,3.20931222e-05,2099.51898,-428.60557,365.060618,683.800883,3574.02799,-828.838481,435.64292,842.875641,4509.28956,16700.0,164231.527067,5.474384236,-60.00000000000001,30000 3000,1e-06,2,0.0 0.0259,0.0 0.0,-1.0 0.0,0.00054857 28.0,80000,1000,5e-10,0.0,0.0 0.0 0.0,1000 1000000 0,0,0.0,0,100,0,,20,,1,,,,1.0,10.0,0.1,False,{},,,False,3,mixed,250,300,True,Ar_Aubin,,False,uniform,Argon-Aubin-Test2/20Td,3.0000000000000005e+21,9.03e+23,0.0,1.6332822222222222e-13,1.6329644444444447e-13,0.0,0.0,0.0,0.0,0.0,0.0,2.2222222222222226e-19,0.0,0.0,0.0,2.2222222222222226e-19,0.0,2.2222222222222226e-19,4.444444444444445e-19,0.0,0.0,2.2222222222222226e-19,8.88888888888889e-19,0.0,1.3333333333333336e-18,1.1111111111111113e-18,2.2222222222222226e-19,2.2222222222222226e-19,8.222222222222223e-18,9.555555555555557e-18,8.222222222222223e-18,0.0,2.2222222222222226e-19,2.2222222222222226e-19,0.0,2.2222222222222226e-19,0.0,1850.81770901048,2100.3057204332576,2350.329806044341,3573.1014032502917,1327.145899535226,459.56713667999975,-360.7371214422523,409.52091018248,19530.500000000116,9.76525000000006e+23,0.0,0.0
8.4e-06,164468.0,5.48226,3e+22,-10066.6,3753.43,20220.9,3.62593,3.66985,3.66576,-0.000406930186,0.000284806606,0.225316117,0.0360039068,0.0365809852,0.0692199453,0.000298726811,4.54024382e-06,7.34298496e-05,1765.67597,-981.095065,607.203849,-1289.52638,1786.67576,-316.837473,-3470.75145,893.178353,4729.97339,16800.0,164467.851505,5.482261717,-60.00000000000001,30000 3000,1e-06,2,0.0 0.0259,0.0 0.0,-1.0 0.0,0.00054857 28.0,80000,1000,5e-10,0.0,0.0 0.0 0.0,1000 1000000 0,0,0.0,0,100,0,,20,,1,,,,1.0,10.0,0.1,False,{},,,False,3,mixed,250,300,True,Ar_Aubin,,False,uniform,Argon-Aubin-Test2/20Td,3.0000000000000005e+21,1.0110450000000002e+24,0.0,1.6328799999999999e-13,1.6325911111111111e-13,0.0,0.0,0.0,0.0,0.0,0.0,0.0,0.0,0.0,0.0,0.0,0.0,2.2222222222222226e-19,2.2222222222222226e-19,0.0,0.0,2.2222222222222226e-19,2.2222222222222226e-19,2.2222222222222226e-19,4.444444444444445e-19,8.88888888888889e-19,4.444444444444445e-19,8.88888888888889e-19,8.444444444444445e-18,7.333333333333334e-18,8.666666666666667e-18,0.0,0.0,2.2222222222222226e-19,4.444444444444445e-19,0.0,0.0,1495.5664015835896,1761.5795665896123,2143.4364050842983,1785.6067583408415,801.0200288520452,173.8787197546999,343.0208643558414,-587.151883009713,21579.899999999987,1.0789949999999993e+24,0.0,0.0
8.45e-06,164523.0,5.4841,3e+22,3918.56,1623.59,14209.4,3.61368,3.68222,3.67106,-0.000367016062,0.000384618473,0.226246719,0.0362385827,0.0368055248,0.0697727385,0.000312191077,2.19438083e-05,0.000110115389,2895.31285,-797.239531,-1101.69202,36.1198496,3194.06245,144.233666,1192.24437,997.982344,4104.50623,16900.0,164523.110287,5.484103676,-60.00000000000001,30000 3000,1e-06,2,0.0 0.0259,0.0 0.0,-1.0 0.0,0.00054857 28.0,80000,1000,5e-10,0.0,0.0 0.0 0.0,1000 1000000 0,0,0.0,0,100,0,,20,,1,,,,1.0,10.0,0.1,False,{},,,False,3,mixed,250,300,True,Ar_Aubin,,False,uniform,Argon-Aubin-Test2/20Td,3.0000000000000005e+21,7.1047e+23,0.0,1.6324622222222222e-13,1.6321911111111112e-13,0.0,0.0,0.0,0.0,0.0,0.0,0.0,0.0,0.0,0.0,0.0,0.0,4.444444444444445e-19,0.0,0.0,0.0,0.0,6.666666666666668e-19,0.0,4.444444444444445e-19,6.666666666666668e-19,4.444444444444445e-19,2.2222222222222226e-18,7.555555555555556e-18,6.444444444444445e-18,7.777777777777779e-18,0.0,0.0,0.0,0.0,4.444444444444445e-19,0.0,2347.067913865131,2896.7510244599107,2244.7278343305093,3193.437987293422,1325.679216927292,889.6761010413998,175.03629856385592,-790.7939151732573,18612.04000000005,9.306020000000026e+23,0.0,0.0
8.5e-06,164188.0,5.47292,3e+22,6297.58,1310.71,9947.36,3.69972,3.64846,3.59686,-0.000247445142,0.000356555646,0.227155364,0.0364465885,0.0370255042,0.0702979239,0.000281315095,5.3739312e-05,9.69271947e-05,503.26043,-245.482214,-401.5116,191.09437,2052.00651,704.783712,2327.78042,247.22662,3220.50932,17000.0,164187.529926,5.472917664,-60.00000000000001,30000 3000,1e-06,2,0.0 0.0259,0.0 0.0,-1.0 0.0,0.00054857 28.0,80000,1000,5e-10,0.0,0.0 0.0 0.0,1000 1000000 0,0,0.0,0,100,0,,20,,1,,,,1.0,10.0,0.1,False,{},,,False,3,mixed,250,300,True,Ar_Aubin,,False,uniform,Argon-Aubin-Test2/20Td,3.0000000000000005e+21,4.9736800000000006e+23,0.0,1.634671111111111e-13,1.6343355555555557e-13,2.2222222222222226e-19,2.2222222222222226e-19,0.0,0.0,0.0,0.0,0.0,0.0,0.0,2.2222222222222226e-19,2.2222222222222226e-19,0.0,4.444444444444445e-19,2.2222222222222226e-19,0.0,0.0,0.0,8.88888888888889e-19,0.0,6.666666666666668e-19,1.3333333333333336e-18,4.444444444444445e-19,1.5555555555555556e-18,1.1777777777777779e-17,6.444444444444445e-18,8.88888888888889e-18,0.0,0.0,0.0,0.0,0.0,0.0,2080.7927169146783,504.81873557735634,2200.001994410797,2051.5391689492317,1132.0386429247014,960.9131383609601,99.35630306482199,498.2011686886051,18172.899999999714,9.086449999999858e+23,0.0,0.0
8.55e-06,164210.0,5.47367,3e+22,-1292.47,443.706,24849.7,3.63633,3.63164,3.67585,-0.00020130129,0.000311509514,0.228202913,0.0366458867,0.0372642033,0.0708935715,0.000285325789,6.16568509e-05,0.000123519778,1446.88872,2012.68829,-1267.50829,386.479128,923.832467,247.073785,-571.684614,116.971139,7267.05892,17100.0,164210.240617,5.473674687,-60.00000000000001,30000 3000,1e-06,2,0.0 0.0259,0.0 0.0,-1.0 0.0,0.00054857 28.0,80000,1000,5e-10,0.0,0.0 0.0 0.0,1000 1000000 0,0,0.0,0,100,0,,20,,1,,,,1.0,10.0,0.1,False,{},,,False,3,mixed,250,300,True,Ar_Aubin,,False,uniform,Argon-Aubin-Test2/20Td,3.0000000000000005e+21,1.2424850000000002e+24,0.0,1.62832e-13,1.6280022222222224e-13,0.0,0.0,0.0,0.0,0.0,0.0,0.0,0.0,0.0,2.2222222222222226e-19,0.0,0.0,8.88888888888889e-19,0.0,0.0,0.0,0.0,8.88888888888889e-19,0.0,2.2222222222222226e-19,6.666666666666668e-19,6.666666666666668e-19,8.88888888888889e-19,9.333333333333335e-18,6.8888888888888895e-18,1.088888888888889e-17,0.0,0.0,0.0,0.0,2.2222222222222226e-19,0.0,1993.1890688893589,1446.6285441217137,2387.291937513761,923.694248359581,1186.3749228692434,1596.2849928239002,-47.06823264767792,-1539.245208368777,20950.980000000174,1.0475490000000087e+24,0.0,0.0
8.6e-06,164041.0,5.46804,3e+22,6639.4,-52.0731,16225.6,3.66485,3.63302,3.63646,-0.000239014111,0.000406661888,0.229131651,0.0367985485,0.0374809184,0.0714640184,0.000316628932,3.93675146e-05,0.000128426676,1450.2348,-796.257248,515.306559,602.826866,711.523718,-212.741884,1616.77348,2.9976178,3363.11988,17200.0,164041.083648,5.468036122,-60.00000000000001,30000 3000,1e-06,2,0.0 0.0259,0.0 0.0,-1.0 0.0,0.00054857 28.0,80000,1000,5e-10,0.0,0.0 0.0 0.0,1000 1000000 0,0,0.0,0,100,0,,20,,1,,,,1.0,10.0,0.1,False,{},,,False,3,mixed,250,300,True,Ar_Aubin,,False,uniform,Argon-Aubin-Test2/20Td,3.0000000000000005e+21,8.1128e+23,0.0,1.6283755555555554e-13,1.6280666666666668e-13,0.0,0.0,0.0,0.0,0.0,0.0,0.0,2.2222222222222226e-19,0.0,0.0,0.0,0.0,6.666666666666668e-19,0.0,0.0,0.0,0.0,4.444444444444445e-19,0.0,1.5555555555555556e-18,1.777777777777778e-18,2.2222222222222226e-19,6.666666666666668e-19,1.0222222222222223e-17,6.2222222222222225e-18,8.222222222222223e-18,0.0,0.0,2.2222222222222226e-19,0.0,4.444444444444445e-19,0.0,1526.451944641044,1451.8217102885733,2166.4676428616303,711.54489414516,1457.0291169976879,-354.67863646559954,-269.2235840586103,614.6615027100418,18574.759999999693,9.287379999999847e+23,0.0,0.0
8.65e-06,164152.0,5.47172,3e+22,-8041.87,-7897.74,13730.6,3.63956,3.69128,3.6108,-0.00031535367,0.000370833044,0.230098766,0.0369881442,0.0376690791,0.0720404834,0.000344396848,2.10879782e-05,0.000125346115,2625.74292,-412.022667,508.108862,-53.9679028,1874.97547,449.178699,-2320.48307,-2609.27329,4469.99413,17300.0,164151.601254,5.471720042,-60.00000000000001,30000 3000,1e-06,2,0.0 0.0259,0.0 0.0,-1.0 0.0,0.00054857 28.0,80000,1000,5e-10,0.0,0.0 0.0 0.0,1000 1000000 0,0,0.0,0,100,0,,20,,1,,,,1.0,10.0,0.1,False,{},,,False,3,mixed,250,300,True,Ar_Aubin,,False,uniform,Argon-Aubin-Test2/20Td,3.0000000000000005e+21,6.8653e+23,0.0,1.6309866666666666e-13,1.6307155555555557e-13,0.0,0.0,0.0,0.0,0.0,0.0,4.444444444444445e-19,0.0,0.0,0.0,0.0,0.0,4.444444444444445e-19,2.2222222222222226e-19,0.0,0.0,0.0,4.444444444444445e-19,2.2222222222222226e-19,4.444444444444445e-19,1.1111111111111113e-18,2.2222222222222226e-19,1.5555555555555556e-18,8e-18,3.777777777777778e-18,9.333333333333335e-18,0.0,2.2222222222222226e-19,2.2222222222222226e-19,0.0,4.444444444444445e-19,0.0,1895.5337980807592,2623.206886781837,1881.8855674462843,1877.9042129649206,1323.363752630327,1310.6000135604,-9.654878903120693,42.38015043372184,19342.300000000367,9.671150000000184e+23,0.0,0.0
8.7e-06,164102.0,5.47006,3e+22,-3780.73,-2275.03,18807.5,3.65214,3.6894,3.59645,-0.000265605408,0.000320051683,0.23106662,0.0371575394,0.0378922457,0.0726460746,0.000343528664,3.60419733e-05,0.000115552762,1859.82184,-222.27789,-44.1758869,450.105275,1689.36882,-786.82583,-598.155907,-421.112746,6094.6989,17400.0,164101.679568,5.470055986,-60.00000000000001,30000 3000,1e-06,2,0.0 0.0259,0.0 0.0,-1.0 0.0,0.00054857 28.0,80000,1000,5e-10,0.0,0.0 0.0 0.0,1000 1000000 0,0,0.0,0,100,0,,20,,1,,,,1.0,10.0,0.1,False,{},,,False,3,mixed,250,300,True,Ar_Aubin,,False,uniform,Argon-Aubin-Test2/20Td,3.0000000000000005e+21,9.403750000000002e+23,0.0,1.6300022222222223e-13,1.6297e-13,0.0,0.0,0.0,0.0,0.0,0.0,2.2222222222222226e-19,0.0,0.0,0.0,0.0,2.2222222222222226e-19,4.444444444444445e-19,2.2222222222222226e-19,4.444444444444445e-19,0.0,0.0,1.5555555555555556e-18,0.0,6.666666666666668e-19,1.1111111111111113e-18,0.0,1.3333333333333336e-18,9.555555555555557e-18,5.777777777777778e-18,8.444444444444445e-18,0.0,0.0,0.0,0.0,2.2222222222222226e-19,0.0,1694.2410170442402,1858.8176576658122,2232.016840667331,1690.0969471803753,1592.504364983649,1748.9134443500006,75.2809731941945,236.26408204356005,19357.079999999805,9.678539999999902e+23,0.0,0.0
8.75e-06,164114.0,5.47047,3e+22,-1248.73,1609.59,13783.7,3.61535,3.67132,3.65317,-0.00026340909,0.000166737754,0.232024226,0.0373789361,0.0380580156,0.0732315237,0.000381976542,1.41666731e-05,7.36968458e-05,3189.56307,-117.849629,962.620647,-946.406318,3205.98115,-1914.26288,-441.421335,648.384409,4978.04156,17500.0,164114.105163,5.470470172,-60.00000000000001,30000 3000,1e-06,2,0.0 0.0259,0.0 0.0,-1.0 0.0,0.00054857 28.0,80000,1000,5e-10,0.0,0.0 0.0 0.0,1000 1000000 0,0,0.0,0,100,0,,20,,1,,,,1.0,10.0,0.1,False,{},,,False,3,mixed,250,300,True,Ar_Aubin,,False,uniform,Argon-Aubin-Test2/20Td,3.0000000000000005e+21,6.891850000000001e+23,0.0,1.630131111111111e-13,1.6298444444444447e-13,0.0,0.0,0.0,0.0,0.0,2.2222222222222226e-19,0.0,0.0,0.0,0.0,2.2222222222222226e-19,0.0,8.88888888888889e-19,4.444444444444445e-19,2.2222222222222226e-19,0.0,2.2222222222222226e-19,4.444444444444445e-19,0.0,4.444444444444445e-19,2.2222222222222226e-19,4.444444444444445e-19,8.88888888888889e-19,8.444444444444445e-18,8.88888888888889e-18,6.2222222222222225e-18,0.0,4.444444444444445e-19,0.0,0.0,0.0,0.0,2213.978618840623,3189.2341431670443,1658.4453160117807,3205.712770578539,1419.9052732532386,1779.8892360837995,-442.6110770333324,814.565675606813,19152.119999999995,9.576059999999998e+23,0.0,0.0
8.8e-06,163900.0,5.46333,3e+22,-6162.48,957.295,23358.9,3.60713,3.61633,3.69988,-0.000351695151,0.000104853981,0.233062716,0.037602195,0.0382946862,0.0738458697,0.000372019854,-9.47860691e-06,7.25544155e-05,686.962214,329.304725,-785.571967,985.07632,1630.08711,-758.982961,-376.393838,514.822664,7033.5715,17600.0,163899.935098,5.46333117,-60.00000000000001,30000 3000,1e-06,2,0.0 0.0259,0.0 0.0,-1.0 0.0,0.00054857 28.0,80000,1000,5e-10,0.0,0.0 0.0 0.0,1000 1000000 0,0,0.0,0,100,0,,20,,1,,,,1.0,10.0,0.1,False,{},,,False,3,mixed,250,300,True,Ar_Aubin,,False,uniform,Argon-Aubin-Test2/20Td,3.0000000000000005e+21,1.1679450000000002e+24,0.0,1.6305333333333334e-13,1.6301755555555557e-13,0.0,0.0,0.0,0.0,0.0,0.0,0.0,0.0,0.0,0.0,0.0,0.0,2.2222222222222226e-19,2.2222222222222226e-19,0.0,2.2222222222222226e-19,0.0,4.444444444444445e-19,2.2222222222222226e-19,1.1111111111111113e-18,2.2222222222222226e-19,2.2222222222222226e-19,1.3333333333333336e-18,1.1777777777777779e-17,8e-18,1.0666666666666668e-17,0.0,2.2222222222222226e-19,2.2222222222222226e-19,0.0,6.666666666666668e-19,0.0,2232.0459486945692,684.7948996658655,2366.874071212735,1629.9867338082586,1313.5786160241998,1589.4828232275995,-55.91086285048437,282.4937329583738,20769.80000000006,1.0384900000000032e+24,0.0,0.0
8.85e-06,163810.0,5.46035,3e+22,-112.142,-5938.51,17087.9,3.62107,3.65951,3.63825,-0.000312591944,-5.73525547e-06,0.233951357,0.0378167609,0.0385302882,0.0743873107,0.000397954653,1.56018104e-05,5.19439373e-05,2569.21401,172.227484,-1003.02058,-124.556795,2900.5023,-21.129027,-648.16878,-1536.1513,3899.68158,17700.0,163810.405261,5.460346842,-60.00000000000001,30000 3000,1e-06,2,0.0 0.0259,0.0 0.0,-1.0 0.0,0.00054857 28.0,80000,1000,5e-10,0.0,0.0 0.0 0.0,1000 1000000 0,0,0.0,0,100,0,,20,,1,,,,1.0,10.0,0.1,False,{},,,False,3,mixed,250,300,True,Ar_Aubin,,False,uniform,Argon-Aubin-Test2/20Td,3.0000000000000005e+21,8.543950000000003e+23,0.0,1.6286355555555555e-13,1.6283511111111112e-13,0.0,0.0,0.0,0.0,0.0,0.0,0.0,0.0,0.0,2.2222222222222226e-19,0.0,2.2222222222222226e-19,4.444444444444445e-19,4.444444444444445e-19,0.0,0.0,0.0,8.88888888888889e-19,0.0,4.444444444444445e-19,0.0,4.444444444444445e-19,1.5555555555555556e-18,8.222222222222223e-18,6.0000000000000004e-18,9.111111111111112e-18,0.0,0.0,0.0,0.0,4.444444444444445e-19,0.0,2145.9187575578744,2569.178955314216,2356.129614641822,2900.468241128039,1264.331471552138,-98.0558132803003,324.89399399955784,-1619.6120470434282,17772.819999999912,8.886409999999956e+23,0.0,0.0
8.9e-06,163764.0,5.45882,3e+22,5841.35,-1333.7,21581.9,3.65973,3.60758,3.64747,-0.000265126027,-3.59456644e-05,0.234944769,0.0380620632,0.0387882593,0.0749759557,0.000397676396,1.31286821e-05,3.97833123e-05,1872.17044,-535.053064,859.979009,-144.075785,2247.96353,-1457.62908,207.798902,-223.13134,5046.59232,17800.0,163764.47123,5.458815708,-60.00000000000001,30000 3000,1e-06,2,0.0 0.0259,0.0 0.0,-1.0 0.0,0.00054857 28.0,80000,1000,5e-10,0.0,0.0 0.0 0.0,1000 1000000 0,0,0.0,0,100,0,,20,,1,,,,1.0,10.0,0.1,False,{},,,False,3,mixed,250,300,True,Ar_Aubin,,False,uniform,Argon-Aubin-Test2/20Td,3.0000000000000005e+21,1.0790950000000001e+24,2.222222222222222e-19,1.6258622222222222e-13,1.6255533333333336e-13,0.0,0.0,0.0,0.0,0.0,2.2222222222222226e-19,0.0,0.0,0.0,0.0,0.0,0.0,4.444444444444445e-19,2.2222222222222226e-19,0.0,0.0,4.444444444444445e-19,6.666666666666668e-19,4.444444444444445e-19,1.1111111111111113e-18,2.2222222222222226e-19,1.1111111111111113e-18,2e-18,9.111111111111112e-18,7.555555555555556e-18,6.8888888888888895e-18,0.0,0.0,2.2222222222222226e-19,0.0,0.0,2.2222222222222226e-19,2453.297219132608,1873.7191339178166,2579.69840802369,2247.91558926739,1228.3796167808503,-23.962190081100744,-266.2892923333048,-298.8947919960385,19868.239999999983,9.934119999999992e+23,1.1184796550787709e-23,1.0296694091911379e-23
8.95e-06,163594.0,5.45315,3e+22,5220.45,-2153.01,23398.3,3.61559,3.59688,3.69053,-0.000296157239,-1.02815307e-06,0.235854255,0.0382374507,0.0390585669,0.075510882,0.00037550442,1.29369461e-05,4.37198128e-05,3405.40757,-700.388681,830.334161,-1506.30872,2100.43287,-628.884794,640.785958,-788.784143,7030.38757,17900.0,163594.493049,5.453149768,-60.00000000000001,30000 3000,1e-06,2,0.0 0.0259,0.0 0.0,-1.0 0.0,0.00054857 28.0,80000,1000,5e-10,0.0,0.0 0.0 0.0,1000 1000000 0,0,0.0,0,100,0,,20,,1,,,,1.0,10.0,0.1,False,{},,,False,3,mixed,250,300,True,Ar_Aubin,,False,uniform,Argon-Aubin-Test2/20Td,3.0000000000000005e+21,1.1699150000000001e+24,0.0,1.6256977777777777e-13,1.6253933333333336e-13,0.0,0.0,0.0,0.0,0.0,0.0,2.2222222222222226e-19,0.0,0.0,0.0,4.444444444444445e-19,2.2222222222222226e-19,2.2222222222222226e-19,0.0,0.0,0.0,0.0,8.88888888888889e-19,0.0,6.666666666666668e-19,1.1111111111111113e-18,4.444444444444445e-19,6.666666666666668e-19,1.0666666666666668e-17,6.8888888888888895e-18,7.777777777777779e-18,0.0,0.0,0.0,0.0,2.2222222222222226e-19,0.0,1753.700826999799,3406.9536440583374,2703.088910336882,2100.430656376159,1067.411788583314,1511.7989552334993,147.3647159559835,246.78434941054388,18189.7200000003,9.09486000000015e+23,0.0,0.0
9e-06,163495.0,5.44983,3e+22,-798.624,-5372.5,25862.6,3.66316,3.57676,3.65578,-0.000312330079,6.4002332e-05,0.236868551,0.0384757701,0.0393220433,0.0761340535,0.000356186877,2.60583451e-05,3.15970816e-05,3224.35903,-119.786213,6.97632982,-472.878775,2923.57989,1022.65958,825.378597,-2480.13389,7999.85868,18000.0,163494.96292,5.449832097,-60.00000000000001,30000 3000,1e-06,2,0.0 0.0259,0.0 0.0,-1.0 0.0,0.00054857 28.0,80000,1000,5e-10,0.0,0.0 0.0 0.0,1000 1000000 0,0,0.0,0,100,0,,20,,1,,,,1.0,10.0,0.1,False,{},,,False,3,mixed,250,300,True,Ar_Aubin,,False,uniform,Argon-Aubin-Test2/20Td,3.0000000000000005e+21,1.29313e+24,0.0,1.62722e-13,1.6268911111111112e-13,0.0,0.0,0.0,0.0,0.0,0.0,0.0,0.0,0.0,0.0,0.0,0.0,2.2222222222222226e-19,2.2222222222222226e-19,0.0,0.0,0.0,6.666666666666668e-19,0.0,8.88888888888889e-19,6.666666666666668e-19,1.3333333333333336e-18,1.5555555555555556e-18,1.088888888888889e-17,9.111111111111112e-18,7.333333333333334e-18,0.0,0.0,0.0,0.0,0.0,0.0,2383.095590319587,3224.109595702989,2634.723047585941,2923.92374252867,1436.9064876543214,1873.8220929074005,345.0525455848716,1029.6015043949694,20285.91999999996,1.0142959999999978e+24,0.0,0.0
9.05e-06,163428.0,5.44761,3e+22,4730.71,2025.55,20047.3,3.65459,3.62358,3.6146,-0.000200587544,7.15773191e-05,0.237873774,0.0386974548,0.0395386552,0.0767534373,0.000350786085,5.75940043e-05,7.3333167e-06,3528.99178,2185.49736,-410.465899,-619.12346,1918.52682,281.990723,1078.88977,-105.02736,6533.18027,18100.0,163428.191357,5.447606379,-60.00000000000001,30000 3000,1e-06,2,0.0 0.0259,0.0 0.0,-1.0 0.0,0.00054857 28.0,80000,1000,5e-10,0.0,0.0 0.0 0.0,1000 1000000 0,0,0.0,0,100,0,,20,,1,,,,1.0,10.0,0.1,False,{},,,False,3,mixed,250,300,True,Ar_Aubin,,False,uniform,Argon-Aubin-Test2/20Td,3.0000000000000005e+21,1.002365e+24,2.222222222222222e-19,1.6217333333333332e-13,1.6214155555555557e-13,0.0,0.0,0.0,0.0,0.0,0.0,0.0,0.0,0.0,0.0,0.0,0.0,6.666666666666668e-19,2.2222222222222226e-19,0.0,2.2222222222222226e-19,4.444444444444445e-19,4.444444444444445e-19,4.444444444444445e-19,6.666666666666668e-19,6.666666666666668e-19,2.2222222222222226e-19,2.4444444444444447e-18,9.555555555555557e-18,5.777777777777778e-18,9.333333333333335e-18,0.0,0.0,2.2222222222222226e-19,0.0,2.2222222222222226e-19,2.2222222222222226e-19,2217.4201471544807,3529.940701500276,2166.1087298589787,1918.381836561297,1421.6189583651785,1764.4533604897997,105.38004124451038,-452.86673172870894,20104.459999999992,1.0052229999999997e+24,1.1053379310969919e-23,1.1084895333647035e-23
9.1e-06,163245.0,5.44148,3e+22,-3868.89,1789.4,15787.1,3.66742,3.61348,3.60055,-0.000189910146,5.15099297e-05,0.238871563,0.0389689798,0.0397731642,0.0773488857,0.000332557398,3.44230276e-05,2.79276953e-06,2702.23964,439.548151,690.040116,495.509189,1151.96312,-22.4358762,-1521.87328,378.409386,3045.27641,18200.0,163244.524065,5.441484136,-60.00000000000001,30000 3000,1e-06,2,0.0 0.0259,0.0 0.0,-1.0 0.0,0.00054857 28.0,80000,1000,5e-10,0.0,0.0 0.0 0.0,1000 1000000 0,0,0.0,0,100,0,,20,,1,,,,1.0,10.0,0.1,False,{},,,False,3,mixed,250,300,True,Ar_Aubin,,False,uniform,Argon-Aubin-Test2/20Td,3.0000000000000005e+21,7.89355e+23,0.0,1.6196466666666666e-13,1.619308888888889e-13,0.0,0.0,0.0,0.0,0.0,0.0,0.0,2.2222222222222226e-19,0.0,0.0,0.0,0.0,2.2222222222222226e-19,4.444444444444445e-19,0.0,0.0,2.2222222222222226e-19,4.444444444444445e-19,0.0,1.777777777777778e-18,8.88888888888889e-19,2.2222222222222226e-19,2e-18,8.88888888888889e-18,8e-18,9.777777777777779e-18,0.0,0.0,0.0,2.2222222222222226e-19,4.444444444444445e-19,0.0,2715.291694992475,2701.504898535242,2345.1147003974993,1151.8709481317946,1197.571469400971,-725.8128422373002,-510.42718808185697,95.33276784098655,19955.77999999998,9.97788999999999e+23,0.0,0.0
9.15e-06,163409.0,5.44696,3e+22,7913.83,3630.27,17685.0,3.62528,3.62936,3.63708,-0.000289817423,0.000177114559,0.239891738,0.0391824731,0.0399926858,0.0779284414,0.000335946207,2.27541784e-05,4.49691369e-05,1506.31259,-1592.28429,-529.366406,853.576758,1555.50557,-519.601528,3083.82162,378.64982,5775.23446,18300.0,163408.931189,5.446964373,-60.00000000000001,30000 3000,1e-06,2,0.0 0.0259,0.0 0.0,-1.0 0.0,0.00054857 28.0,80000,1000,5e-10,0.0,0.0 0.0 0.0,1000 1000000 0,0,0.0,0,100,0,,20,,1,,,,1.0,10.0,0.1,False,{},,,False,3,mixed,250,300,True,Ar_Aubin,,False,uniform,Argon-Aubin-Test2/20Td,3.0000000000000005e+21,8.8425e+23,0.0,1.6187488888888887e-13,1.6184666666666667e-13,0.0,0.0,0.0,0.0,0.0,0.0,0.0,2.2222222222222226e-19,0.0,0.0,0.0,0.0,4.444444444444445e-19,0.0,0.0,0.0,0.0,2.2222222222222226e-19,0.0,4.444444444444445e-19,8.88888888888889e-19,2.2222222222222226e-19,1.1111111111111113e-18,8.88888888888889e-18,8e-18,7.333333333333334e-18,0.0,2.2222222222222226e-19,0.0,0.0,2.2222222222222226e-19,0.0,2134.4537172487967,1508.60615581666,2194.928837058463,1554.8625963298991,911.3334940234753,1532.7490734699995,249.83645403145954,661.1182021892153,20403.499999999687,1.0201749999999844e+24,0.0,0.0
9.2e-06,163391.0,5.44638,3e+22,-2725.62,-5114.9,23029.9,3.64809,3.63367,3.60779,-0.000412842085,0.000165801139,0.241004237,0.0394078615,0.0401604302,0.0785700429,0.00033489129,-2.36247691e-05,4.66877971e-05,2634.61476,-1184.42874,2168.44375,-220.580249,1800.99007,-1225.74144,-450.17744,-2409.48827,7117.72074,18400.0,163391.326933,5.446377564,-60.00000000000001,30000 3000,1e-06,2,0.0 0.0259,0.0 0.0,-1.0 0.0,0.00054857 28.0,80000,1000,5e-10,0.0,0.0 0.0 0.0,1000 1000000 0,0,0.0,0,100,0,,20,,1,,,,1.0,10.0,0.1,False,{},,,False,3,mixed,250,300,True,Ar_Aubin,,False,uniform,Argon-Aubin-Test2/20Td,3.0000000000000005e+21,1.1514950000000002e+24,0.0,1.6220844444444444e-13,1.621737777777778e-13,0.0,0.0,0.0,0.0,2.2222222222222226e-19,0.0,0.0,0.0,0.0,0.0,2.2222222222222226e-19,0.0,4.444444444444445e-19,0.0,0.0,0.0,4.444444444444445e-19,8.88888888888889e-19,0.0,2.2222222222222226e-19,1.1111111111111113e-18,2.2222222222222226e-19,6.666666666666668e-19,1.1111111111111113e-17,8e-18,1.088888888888889e-17,0.0,0.0,0.0,2.2222222222222226e-19,0.0,0.0,2253.0195555153095,2633.4895093562823,1677.4827954931654,1801.838126245871,1066.0520870845596,1567.4172623136992,-328.14122218474046,2384.659990385281,22249.980000000338,1.1124990000000169e+24,0.0,0.0
9.25e-06,162763.0,5.42545,3e+22,4068.98,-3410.33,14246.5,3.6206,3.59565,3.63333,-0.000451619076,0.000224555034,0.24183864,0.0395979709,0.040386398,0.0790997225,0.000353868022,-3.77473436e-05,2.91103055e-06,1155.99558,-540.289572,592.412549,-261.878096,580.955855,457.101756,1055.26704,-525.707409,4515.17892,18500.0,162763.366983,5.425445566,-60.00000000000001,30000 3000,1e-06,2,0.0 0.0259,0.0 0.0,-1.0 0.0,0.00054857 28.0,80000,1000,5e-10,0.0,0.0 0.0 0.0,1000 1000000 0,0,0.0,0,100,0,,20,,1,,,,1.0,10.0,0.1,False,{},,,False,3,mixed,250,300,True,Ar_Aubin,,False,uniform,Argon-Aubin-Test2/20Td,3.0000000000000005e+21,7.12325e+23,0.0,1.6195844444444444e-13,1.6192200000000002e-13,0.0,2.2222222222222226e-19,0.0,0.0,0.0,0.0,0.0,0.0,0.0,0.0,0.0,0.0,2.2222222222222226e-19,4.444444444444445e-19,0.0,0.0,2.2222222222222226e-19,8.88888888888889e-19,4.444444444444445e-19,8.88888888888889e-19,1.1111111111111113e-18,4.444444444444445e-19,1.1111111111111113e-18,1.0444444444444445e-17,7.333333333333334e-18,1.1777777777777779e-17,0.0,0.0,0.0,0.0,8.88888888888889e-19,0.0,1900.7587879733835,1157.8332089878625,2259.4486505439495,581.7216617691013,1267.9405490257507,1069.8247352400003,-88.00646118034994,670.0769907790337,16688.059999999674,8.344029999999836e+23,0.0,0.0
9.3e-06,162867.0,5.42891,3e+22,-2214.92,3805.21,20028.9,3.58082,3.60808,3.66654,-0.000448826341,0.000301835389,0.243008738,0.0398108988,0.0406071114,0.0798084335,0.000368785785,-2.88274461e-05,1.24514892e-05,3538.87321,-376.847373,956.556813,917.873123,2218.34087,2051.64878,-967.046971,663.354203,6377.23193,18600.0,162867.380387,5.42891268,-60.00000000000001,30000 3000,1e-06,2,0.0 0.0259,0.0 0.0,-1.0 0.0,0.00054857 28.0,80000,1000,5e-10,0.0,0.0 0.0 0.0,1000 1000000 0,0,0.0,0,100,0,,20,,1,,,,1.0,10.0,0.1,False,{},,,False,3,mixed,250,300,True,Ar_Aubin,,False,uniform,Argon-Aubin-Test2/20Td,3.0000000000000005e+21,1.0014450000000001e+24,2.222222222222222e-19,1.6119066666666667e-13,1.6115666666666668e-13,4.444444444444445e-19,0.0,0.0,0.0,0.0,0.0,0.0,2.2222222222222226e-19,0.0,0.0,2.2222222222222226e-19,0.0,4.444444444444445e-19,4.444444444444445e-19,0.0,0.0,0.0,1.1111111111111113e-18,2.2222222222222226e-19,6.666666666666668e-19,6.666666666666668e-19,0.0,6.666666666666668e-19,9.777777777777779e-18,8e-18,9.777777777777779e-18,0.0,0.0,2.2222222222222226e-19,0.0,8.88888888888889e-19,2.2222222222222226e-19,2129.304147054298,3537.8790955607924,2206.7272036124796,2217.192322959423,1413.9205269695506,1510.0342174717998,175.39354139341992,536.744253872215,23401.960000000166,1.1700980000000084e+24,9.495880781875562e-24,1.1095078722357303e-23
9.35e-06,163221.0,5.44069,3e+22,532.186,1463.7,17571.5,3.63472,3.63144,3.61345,-0.000512513851,0.000233311563,0.244106594,0.0400658402,0.0408726235,0.0804677987,0.000380768469,-1.55848059e-05,-6.61238201e-06,1330.27873,-1088.5337,350.516787,112.54625,4001.84637,22.7042468,-1068.80898,-124.304652,5134.53015,18700.0,163220.688741,5.440689625,-60.00000000000001,30000 3000,1e-06,2,0.0 0.0259,0.0 0.0,-1.0 0.0,0.00054857 28.0,80000,1000,5e-10,0.0,0.0 0.0 0.0,1000 1000000 0,0,0.0,0,100,0,,20,,1,,,,1.0,10.0,0.1,False,{},,,False,3,mixed,250,300,True,Ar_Aubin,,False,uniform,Argon-Aubin-Test2/20Td,3.0000000000000005e+21,8.785750000000001e+23,0.0,1.6191933333333333e-13,1.6189200000000002e-13,0.0,0.0,0.0,0.0,0.0,0.0,0.0,0.0,0.0,0.0,0.0,2.2222222222222226e-19,2.2222222222222226e-19,0.0,0.0,0.0,0.0,4.444444444444445e-19,0.0,8.88888888888889e-19,4.444444444444445e-19,4.444444444444445e-19,8.88888888888889e-19,9.555555555555557e-18,5.777777777777778e-18,8.222222222222223e-18,0.0,0.0,0.0,0.0,2.2222222222222226e-19,0.0,2548.8017463690812,1330.5514826963083,2655.487703166204,4001.504871865237,1245.82710071805,845.2111335289992,585.6385607573171,-839.1966677016376,21957.120000000163,1.0978560000000082e+24,0.0,0.0
9.4e-06,163379.0,5.44596,3e+22,-262.108,-3381.96,26051.9,3.62395,3.65368,3.61035,-0.000414881169,0.000268470064,0.245189143,0.0403008505,0.0411232711,0.0810992101,0.000406317832,-2.43746698e-06,2.64365899e-05,736.15298,-1545.34021,-232.351411,3399.05408,1578.82838,342.528576,-235.037512,-601.384864,7013.32386,18800.0,163378.707808,5.445956927,-60.00000000000001,30000 3000,1e-06,2,0.0 0.0259,0.0 0.0,-1.0 0.0,0.00054857 28.0,80000,1000,5e-10,0.0,0.0 0.0 0.0,1000 1000000 0,0,0.0,0,100,0,,20,,1,,,,1.0,10.0,0.1,False,{},,,False,3,mixed,250,300,True,Ar_Aubin,,False,uniform,Argon-Aubin-Test2/20Td,3.0000000000000005e+21,1.3025950000000003e+24,0.0,1.617251111111111e-13,1.6169511111111113e-13,0.0,0.0,0.0,0.0,0.0,0.0,0.0,4.444444444444445e-19,0.0,0.0,0.0,0.0,6.666666666666668e-19,0.0,0.0,0.0,2.2222222222222226e-19,6.666666666666668e-19,0.0,8.88888888888889e-19,4.444444444444445e-19,4.444444444444445e-19,8.88888888888889e-19,8.444444444444445e-18,9.111111111111112e-18,6.6666666666666674e-18,0.0,2.2222222222222226e-19,2.2222222222222226e-19,2.2222222222222226e-19,4.444444444444445e-19,0.0,2351.0084406307838,736.0442363265557,2506.299581101629,1579.7363350176454,1017.2478920639217,625.6808254783,-204.72626702970692,-392.3144443798849,21650.979999999767,1.0825489999999884e+24,0.0,0.0
9.45e-06,163251.0,5.4417,3e+22,1847.05,-4203.67,17844.2,3.66584,3.60222,3.61342,-0.000418529342,0.000430833922,0.246194655,0.0404754882,0.0413133254,0.0817110639,0.000411678023,-1.2566451e-05,6.06358611e-05,1862.4557,-553.716342,-1051.49386,-81.9929517,1515.47797,227.432793,1125.1456,-832.523939,5427.41859,18900.0,163251.015899,5.44170053,-60.00000000000001,30000 3000,1e-06,2,0.0 0.0259,0.0 0.0,-1.0 0.0,0.00054857 28.0,80000,1000,5e-10,0.0,0.0 0.0 0.0,1000 1000000 0,0,0.0,0,100,0,,20,,1,,,,1.0,10.0,0.1,False,{},,,False,3,mixed,250,300,True,Ar_Aubin,,False,uniform,Argon-Aubin-Test2/20Td,3.0000000000000005e+21,8.9221e+23,0.0,1.620268888888889e-13,1.619937777777778e-13,0.0,0.0,0.0,0.0,0.0,0.0,2.2222222222222226e-19,0.0,0.0,0.0,2.2222222222222226e-19,0.0,8.88888888888889e-19,4.444444444444445e-19,0.0,0.0,0.0,6.666666666666668e-19,4.444444444444445e-19,6.666666666666668e-19,4.444444444444445e-19,4.444444444444445e-19,8.88888888888889e-19,8.666666666666667e-18,9.555555555555557e-18,9.555555555555557e-18,0.0,0.0,0.0,0.0,0.0,0.0,1746.3465957427704,1863.228744621141,1899.4075830692375,1517.2890536328937,1177.6149450542368,1034.2719272489994,-176.27310665762306,-373.6137762332336,20110.24000000028,1.005512000000014e+24,0.0,0.0
9.5e-06,163067.0,5.43555,3e+22,5689.24,-821.39,13520.7,3.59319,3.64601,3.63068,-0.000363171911,0.000375339918,0.247133438,0.0406683271,0.0415475392,0.0822492249,0.000424560297,-9.72204938e-06,6.97020726e-05,2365.74882,1176.71299,-1760.79248,-1077.98734,2867.98738,-510.843386,2101.01489,-918.663633,4091.85045,19000.0,163066.566874,5.435552229,-60.00000000000001,30000 3000,1e-06,2,0.0 0.0259,0.0 0.0,-1.0 0.0,0.00054857 28.0,80000,1000,5e-10,0.0,0.0 0.0 0.0,1000 1000000 0,0,0.0,0,100,0,,20,,1,,,,1.0,10.0,0.1,False,{},,,False,3,mixed,250,300,True,Ar_Aubin,,False,uniform,Argon-Aubin-Test2/20Td,3.0000000000000005e+21,6.760350000000001e+23,0.0,1.6167711111111112e-13,1.6164533333333334e-13,0.0,0.0,0.0,0.0,0.0,0.0,0.0,0.0,0.0,0.0,0.0,4.444444444444445e-19,6.666666666666668e-19,0.0,0.0,0.0,0.0,1.1111111111111113e-18,2.2222222222222226e-19,8.88888888888889e-19,8.88888888888889e-19,6.666666666666668e-19,1.5555555555555556e-18,9.333333333333335e-18,5.333333333333334e-18,1.0222222222222223e-17,0.0,2.2222222222222226e-19,2.2222222222222226e-19,0.0,0.0,0.0,1928.821729731689,2367.8149921629374,2342.585378142942,2868.295680455246,750.3297286917676,750.4333748333997,-208.86724781213985,-1060.8686923500622,18775.659999999974,9.387829999999988e+23,0.0,0.0
9.55e-06,162930.0,5.431,3e+22,-4068.58,-562.817,15918.1,3.61797,3.58363,3.65887,-0.000338816829,0.000477085258,0.247973352,0.0408292824,0.0417833363,0.0827527623,0.000439633889,3.55501915e-06,0.000109107302,537.804394,-877.720417,973.758403,2123.86392,2037.9856,-1119.81626,-1982.55554,304.804548,5056.92436,19100.0,162930.128767,5.431004292,-60.00000000000001,30000 3000,1e-06,2,0.0 0.0259,0.0 0.0,-1.0 0.0,0.00054857 28.0,80000,1000,5e-10,0.0,0.0 0.0 0.0,1000 1000000 0,0,0.0,0,100,0,,20,,1,,,,1.0,10.0,0.1,False,{},,,False,3,mixed,250,300,True,Ar_Aubin,,False,uniform,Argon-Aubin-Test2/20Td,3.0000000000000005e+21,7.95905e+23,0.0,1.6148066666666666e-13,1.6145311111111113e-13,0.0,0.0,0.0,0.0,0.0,0.0,0.0,0.0,0.0,0.0,0.0,0.0,4.444444444444445e-19,0.0,0.0,0.0,0.0,4.444444444444445e-19,0.0,4.444444444444445e-19,1.1111111111111113e-18,6.666666666666668e-19,1.5555555555555556e-18,8e-18,7.111111111111112e-18,6.6666666666666674e-18,0.0,0.0,2.2222222222222226e-19,4.444444444444445e-19,4.444444444444445e-19,0.0,1609.7239699332938,536.4258906258672,2357.103697106511,2038.2541116936518,876.9027558394594,1109.6597455287997,150.8538076136159,5.49560364586489,16798.279999999944,8.399139999999973e+23,0.0,0.0
9.6e-06,162812.0,5.42707,3e+22,1629.63,-3439.37,11814.3,3.58989,3.6164,3.64697,-0.000221152427,0.000484939258,0.248950447,0.0410334483,0.0420054891,0.0833864735,0.0004432154,1.66034423e-05,0.000114014127,1640.10891,280.639206,-475.889622,-178.560979,1898.13158,-247.116321,23.280994,-1686.55317,4083.79131,19200.0,162812.081589,5.427069386,-60.00000000000001,30000 3000,1e-06,2,0.0 0.0259,0.0 0.0,-1.0 0.0,0.00054857 28.0,80000,1000,5e-10,0.0,0.0 0.0 0.0,1000 1000000 0,0,0.0,0,100,0,,20,,1,,,,1.0,10.0,0.1,False,{},,,False,3,mixed,250,300,True,Ar_Aubin,,False,uniform,Argon-Aubin-Test2/20Td,3.0000000000000005e+21,5.9071500000000005e+23,0.0,1.6170133333333333e-13,1.6166955555555558e-13,0.0,0.0,0.0,0.0,0.0,0.0,0.0,2.2222222222222226e-19,0.0,2.2222222222222226e-19,2.2222222222222226e-19,0.0,8.88888888888889e-19,2.2222222222222226e-19,0.0,0.0,2.2222222222222226e-19,4.444444444444445e-19,0.0,6.666666666666668e-19,1.3333333333333336e-18,8.88888888888889e-19,8.88888888888889e-19,8.666666666666667e-18,8e-18,8.666666666666667e-18,0.0,0.0,0.0,0.0,2.2222222222222226e-19,0.0,2042.3178844764661,1640.469306629612,2221.452442594529,1899.7994655357875,1481.6944061610272,1142.6160440079002,-318.2625218871191,-855.6929838263038,19541.89999999967,9.770949999999836e+23,0.0,0.0
9.65e-06,163058.0,5.43525,3e+22,-865.266,3019.24,23668.9,3.62673,3.63388,3.60665,-0.000226429939,0.000441758381,0.249956303,0.0412743111,0.0422231694,0.0840336646,0.000429065783,7.30412403e-06,9.04089608e-05,3558.79794,342.941455,-199.579402,-889.20924,3123.38034,-2026.47845,-1066.48899,1044.26246,6295.28144,19300.0,163057.611007,5.4352537,-60.00000000000001,30000 3000,1e-06,2,0.0 0.0259,0.0 0.0,-1.0 0.0,0.00054857 28.0,80000,1000,5e-10,0.0,0.0 0.0 0.0,1000 1000000 0,0,0.0,0,100,0,,20,,1,,,,1.0,10.0,0.1,False,{},,,False,3,mixed,250,300,True,Ar_Aubin,,False,uniform,Argon-Aubin-Test2/20Td,3.0000000000000005e+21,1.183445e+24,0.0,1.611128888888889e-13,1.6108666666666668e-13,0.0,0.0,0.0,0.0,0.0,0.0,0.0,0.0,0.0,0.0,2.2222222222222226e-19,0.0,4.444444444444445e-19,0.0,0.0,0.0,0.0,6.666666666666668e-19,2.2222222222222226e-19,2.2222222222222226e-19,6.666666666666668e-19,4.444444444444445e-19,1.3333333333333336e-18,6.444444444444445e-18,4.888888888888889e-18,1.0222222222222223e-17,0.0,0.0,0.0,2.2222222222222226e-19,2.2222222222222226e-19,0.0,2408.604378786941,3558.602017872401,2177.203156167665,3122.0465654257496,1453.62752071998,379.0906999232993,-155.15446771658668,-1044.430353945205,20117.119999999988,1.0058559999999995e+24,0.0,0.0
9.7e-06,162942.0,5.43139,3e+22,-1749.14,-1545.89,12680.0,3.6151,3.62411,3.62264,-0.000274268408,0.00038530888,0.250921686,0.0415460502,0.0424156211,0.0846133088,0.000450041024,3.14695952e-05,8.03397105e-05,1042.99431,-635.212421,-1203.63566,-188.739726,291.661045,447.692231,-1110.81033,292.340859,4121.54334,19400.0,162941.846055,5.431394869,-60.00000000000001,30000 3000,1e-06,2,0.0 0.0259,0.0 0.0,-1.0 0.0,0.00054857 28.0,80000,1000,5e-10,0.0,0.0 0.0 0.0,1000 1000000 0,0,0.0,0,100,0,,20,,1,,,,1.0,10.0,0.1,False,{},,,False,3,mixed,250,300,True,Ar_Aubin,,False,uniform,Argon-Aubin-Test2/20Td,3.0000000000000005e+21,6.34e+23,0.0,1.6163822222222223e-13,1.616068888888889e-13,2.2222222222222226e-19,0.0,0.0,0.0,0.0,0.0,0.0,0.0,0.0,2.2222222222222226e-19,0.0,2.2222222222222226e-19,4.444444444444445e-19,0.0,2.2222222222222226e-19,0.0,2.2222222222222226e-19,4.444444444444445e-19,2.2222222222222226e-19,8.88888888888889e-19,4.444444444444445e-19,4.444444444444445e-19,2.2222222222222226e-18,8.666666666666667e-18,8.444444444444445e-18,7.333333333333334e-18,0.0,0.0,2.2222222222222226e-19,0.0,4.444444444444445e-19,0.0,2717.1514735764567,1042.514576156831,1924.983875341707,292.2566901445032,961.0510434521213,939.8563615200005,727.755441618807,-1872.0711087365203,19307.659999999727,9.653829999999863e+23,0.0,0.0
9.75e-06,162901.0,5.43003,3e+22,-4259.5,-4066.85,28573.4,3.60432,3.62621,3.62469,-0.000251621479,0.000345348029,0.252016767,0.0417674839,0.0426275376,0.0852984729,0.000460122577,-5.97194861e-07,5.99258992e-05,1454.57169,-560.34439,491.14186,108.230457,2944.65813,-845.865439,-1845.33885,-967.504666,7554.68684,19500.0,162900.777316,5.430025911,-60.00000000000001,30000 3000,1e-06,2,0.0 0.0259,0.0 0.0,-1.0 0.0,0.00054857 28.0,80000,1000,5e-10,0.0,0.0 0.0 0.0,1000 1000000 0,0,0.0,0,100,0,,20,,1,,,,1.0,10.0,0.1,False,{},,,False,3,mixed,250,300,True,Ar_Aubin,,False,uniform,Argon-Aubin-Test2/20Td,3.0000000000000005e+21,1.42867e+24,0.0,1.6138888888888888e-13,1.6135466666666667e-13,0.0,0.0,0.0,0.0,0.0,0.0,2.2222222222222226e-19,0.0,0.0,2.2222222222222226e-19,2.2222222222222226e-19,0.0,6.666666666666668e-19,1.1111111111111113e-18,0.0,2.2222222222222226e-19,2.2222222222222226e-19,1.1111111111111113e-18,0.0,8.88888888888889e-19,8.88888888888889e-19,4.444444444444445e-19,8.88888888888889e-19,8.444444444444445e-18,8e-18,1.0444444444444445e-17,0.0,0.0,2.2222222222222226e-19,0.0,0.0,0.0,2214.456097909337,1453.4999083101995,2119.4569767187672,2946.0626086317384,1344.0575595032035,353.71094980220096,-749.4769953511499,-273.54188979544165,21901.619999999955,1.0950809999999978e+24,0.0,0.0
9.8e-06,162985.0,5.43283,3e+22,-8778.42,4994.72,21484.3,3.61858,3.62776,3.61613,-0.000273385667,0.000293433679,0.253071718,0.0419601429,0.0428353976,0.0859341225,0.000462798682,-8.47417025e-06,5.71834831e-05,2761.18708,975.692532,-548.026679,-0.173136976,3034.90429,1281.8476,-1546.62824,912.764376,7016.82368,19600.0,162984.980998,5.4328327,-60.00000000000001,30000 3000,1e-06,2,0.0 0.0259,0.0 0.0,-1.0 0.0,0.00054857 28.0,80000,1000,5e-10,0.0,0.0 0.0 0.0,1000 1000000 0,0,0.0,0,100,0,,20,,1,,,,1.0,10.0,0.1,False,{},,,False,3,mixed,250,300,True,Ar_Aubin,,False,uniform,Argon-Aubin-Test2/20Td,3.0000000000000005e+21,1.074215e+24,0.0,1.6168755555555554e-13,1.616568888888889e-13,0.0,0.0,0.0,0.0,0.0,0.0,0.0,0.0,0.0,0.0,0.0,0.0,6.666666666666668e-19,2.2222222222222226e-19,0.0,0.0,2.2222222222222226e-19,8.88888888888889e-19,0.0,6.666666666666668e-19,1.1111111111111113e-18,4.444444444444445e-19,1.5555555555555556e-18,6.6666666666666674e-18,7.777777777777779e-18,9.777777777777779e-18,0.0,0.0,0.0,0.0,6.666666666666668e-19,0.0,1926.4757364576697,2758.787185793094,2078.931619371588,3033.438670934825,1028.0599766074317,1579.7549689726002,-42.07253220144935,132.78841141108842,21099.020000000524,1.0549510000000263e+24,0.0,0.0
9.85e-06,163294.0,5.44312,3e+22,-5159.98,-2025.37,19219.1,3.59146,3.62087,3.67164,-0.000158638176,0.000260562778,0.25422534,0.0421965069,0.0430665104,0.0866538915,0.000465025566,4.29811932e-05,4.63733402e-05,2912.81593,-2045.78287,140.332662,1224.67487,1380.64683,189.259993,-1200.43628,-685.716125,5495.24721,19700.0,163293.564876,5.443118829,-60.00000000000001,30000 3000,1e-06,2,0.0 0.0259,0.0 0.0,-1.0 0.0,0.00054857 28.0,80000,1000,5e-10,0.0,0.0 0.0 0.0,1000 1000000 0,0,0.0,0,100,0,,20,,1,,,,1.0,10.0,0.1,False,{},,,False,3,mixed,250,300,True,Ar_Aubin,,False,uniform,Argon-Aubin-Test2/20Td,3.0000000000000005e+21,9.60955e+23,0.0,1.6198644444444444e-13,1.6195644444444447e-13,0.0,0.0,0.0,0.0,0.0,0.0,0.0,2.2222222222222226e-19,0.0,0.0,0.0,0.0,2.2222222222222226e-19,0.0,0.0,0.0,2.2222222222222226e-19,4.444444444444445e-19,2.2222222222222226e-19,6.666666666666668e-19,1.1111111111111113e-18,4.444444444444445e-19,2e-18,7.555555555555556e-18,6.8888888888888895e-18,9.777777777777779e-18,0.0,0.0,0.0,0.0,2.2222222222222226e-19,0.0,2364.1357365204035,2911.9973601846036,2311.3101036269236,1381.1745660336778,1345.3995335591108,609.2649780060001,451.98054512627874,254.7429348615617,23072.440000000417,1.153622000000021e+24,0.0,0.0
9.9e-06,163413.0,5.44709,3e+22,-3666.61,-5392.27,19690.2,3.59659,3.66645,3.62871,-0.000164116412,0.000293534131,0.255149268,0.0423635361,0.0432944097,0.0872674986,0.000458091156,5.78045449e-05,4.29991678e-05,2273.7469,325.307456,1027.47731,427.224682,1702.86844,-966.954458,-1396.6648,-1818.40364,6440.14887,19800.0,163412.803128,5.447093438,-60.00000000000001,30000 3000,1e-06,2,0.0 0.0259,0.0 0.0,-1.0 0.0,0.00054857 28.0,80000,1000,5e-10,0.0,0.0 0.0 0.0,1000 1000000 0,0,0.0,0,100,0,,20,,1,,,,1.0,10.0,0.1,False,{},,,False,3,mixed,250,300,True,Ar_Aubin,,False,uniform,Argon-Aubin-Test2/20Td,3.0000000000000005e+21,9.8451e+23,2.222222222222222e-19,1.6204222222222222e-13,1.6201644444444447e-13,0.0,0.0,0.0,0.0,0.0,0.0,0.0,0.0,0.0,0.0,0.0,0.0,4.444444444444445e-19,0.0,0.0,0.0,2.2222222222222226e-19,6.666666666666668e-19,0.0,4.444444444444445e-19,2.2222222222222226e-19,6.666666666666668e-19,2e-18,8e-18,5.333333333333334e-18,7.555555555555556e-18,0.0,0.0,0.0,0.0,0.0,2.2222222222222226e-19,1670.2743187420322,2273.1451491225966,2278.8103067521856,1704.4512552885674,1429.8163717980929,1416.2087532264004,327.35379716013125,569.5768525170424,18478.559999999256,9.239279999999629e+23,1.2025949111956298e-23,1.1285930169435669e-23
9.95e-06,163374.0,5.44579,3e+22,-806.856,1674.21,18064.5,3.61572,3.66747,3.60652,-0.000109800264,0.000232376032,0.256165511,0.0426167204,0.0434830498,0.0879183133,0.000481019463,6.46725165e-05,4.5620022e-05,1705.81988,-41.4581812,-1021.18462,-1781.02829,1685.51405,518.114616,-482.871533,1361.99312,4672.80265,19900.0,163373.692097,5.445789737,-60.00000000000001,30000 3000,1e-06,2,0.0 0.0259,0.0 0.0,-1.0 0.0,0.00054857 28.0,80000,1000,5e-10,0.0,0.0 0.0 0.0,1000 1000000 0,0,0.0,0,100,0,,20,,1,,,,1.0,10.0,0.1,False,{},,,False,3,mixed,250,300,True,Ar_Aubin,,False,uniform,Argon-Aubin-Test2/20Td,3.0000000000000005e+21,9.032250000000002e+23,0.0,1.6222888888888888e-13,1.6219711111111112e-13,0.0,0.0,0.0,0.0,0.0,0.0,0.0,0.0,0.0,0.0,2.2222222222222226e-19,0.0,2.2222222222222226e-19,0.0,0.0,4.444444444444445e-19,4.444444444444445e-19,4.444444444444445e-19,0.0,4.444444444444445e-19,0.0,6.666666666666668e-19,1.1111111111111113e-18,1.1111111111111113e-17,8e-18,8e-18,0.0,0.0,0.0,4.444444444444445e-19,2.2222222222222226e-19,0.0,2531.9917809871195,1705.73128699819,1886.7226366581226,1685.1250037234652,1311.9463504467078,45.3007765404991,-137.58340106183016,-1295.3839865875561,20324.860000000557,1.016243000000028e+24,0.0,0.0
1e-05,163466.0,5.44887,3e+22,-3986.47,3188.43,20855.4,3.62869,3.59188,3.67456,-0.000112167673,0.000149336774,0.257198839,0.042792051,0.0436329807,0.0885696814,0.000498840096,8.82351797e-05,5.00424248e-05,2491.64761,1735.3898,-1064.57617,-269.037056,3155.63777,-1178.74402,-816.079257,1172.15586,6166.20086,20000.0,163466.165563,5.448872185,-60.00000000000001,30000 3000,1e-06,2,0.0 0.0259,0.0 0.0,-1.0 0.0,0.00054857 28.0,80000,1000,5e-10,0.0,0.0 0.0 0.0,1000 1000000 0,0,0.0,0,100,0,,20,,1,,,,1.0,10.0,0.1,False,{},,,False,3,mixed,250,300,True,Ar_Aubin,,False,uniform,Argon-Aubin-Test2/20Td,3.0000000000000005e+21,1.0427700000000001e+24,0.0,1.61954e-13,1.6192422222222223e-13,0.0,2.2222222222222226e-19,0.0,0.0,0.0,0.0,0.0,2.2222222222222226e-19,0.0,0.0,0.0,2.2222222222222226e-19,6.666666666666668e-19,0.0,2.2222222222222226e-19,2.2222222222222226e-19,0.0,2.2222222222222226e-19,0.0,8.88888888888889e-19,6.666666666666668e-19,4.444444444444445e-19,1.777777777777778e-18,9.555555555555557e-18,6.6666666666666674e-18,7.555555555555556e-18,0.0,0.0,0.0,0.0,2.2222222222222226e-19,0.0,1753.300745111,2491.200456936616,1499.6259714817468,3155.161620149675,1208.9434294321188,802.2161931193996,485.70035466873475,-853.0006696041858,20666.56,1.0333280000000001e+24,0.0,0.0
1.005e-05,163985.0,5.46617,3e+22,9705.41,5125.66,25522.3,3.65354,3.64166,3.63274,-3.97742376e-05,0.000160968988,0.258324603,0.0430053798,0.0438447222,0.0892670821,0.000506878647,0.000116372977,6.56734681e-05,3060.02813,-1735.19166,750.389052,1235.93939,413.544771,304.674541,2757.69374,1443.70243,8697.61171,20100.0,163985.063624,5.466168787,-60.00000000000001,30000 3000,1e-06,2,0.0 0.0259,0.0 0.0,-1.0 0.0,0.00054857 28.0,80000,1000,5e-10,0.0,0.0 0.0 0.0,1000 1000000 0,0,0.0,0,100,0,,20,,1,,,,1.0,10.0,0.1,False,{},,,False,3,mixed,250,300,True,Ar_Aubin,,False,uniform,Argon-Aubin-Test2/20Td,3.0000000000000005e+21,1.2761150000000001e+24,0.0,1.62528e-13,1.6250333333333335e-13,0.0,0.0,0.0,0.0,0.0,0.0,0.0,0.0,0.0,0.0,2.2222222222222226e-19,2.2222222222222226e-19,2.2222222222222226e-19,4.444444444444445e-19,0.0,0.0,0.0,4.444444444444445e-19,2.2222222222222226e-19,4.444444444444445e-19,6.666666666666668e-19,4.444444444444445e-19,6.666666666666668e-19,8.444444444444445e-18,5.333333333333334e-18,6.0000000000000004e-18,0.0,2.2222222222222226e-19,2.2222222222222226e-19,0.0,4.444444444444445e-19,0.0,2133.3979959689555,3060.4141552833457,2117.378904569756,412.71969869696795,1170.4296784033343,2104.5736948530994,191.26132337432037,1001.9517368220686,22515.27999999947,1.1257639999999735e+24,0.0,0.0
1.01e-05,164151.0,5.4717,3e+22,2096.34,3033.44,14577.7,3.67055,3.64618,3.62539,-7.90554927e-05,0.000239272361,0.259369255,0.0431690575,0.0440391918,0.0899582382,0.000480155627,0.00012186543,0.000124790862,340.776379,166.957563,122.44557,1783.86074,-81.085239,1317.88319,1248.75028,1294.7288,5919.50808,20200.0,164151.071586,5.471702386,-60.00000000000001,30000 3000,1e-06,2,0.0 0.0259,0.0 0.0,-1.0 0.0,0.00054857 28.0,80000,1000,5e-10,0.0,0.0 0.0 0.0,1000 1000000 0,0,0.0,0,100,0,,20,,1,,,,1.0,10.0,0.1,False,{},,,False,3,mixed,250,300,True,Ar_Aubin,,False,uniform,Argon-Aubin-Test2/20Td,3.0000000000000005e+21,7.288850000000001e+23,0.0,1.627951111111111e-13,1.6276622222222223e-13,0.0,0.0,0.0,0.0,0.0,0.0,0.0,0.0,0.0,0.0,0.0,0.0,0.0,2.2222222222222226e-19,0.0,0.0,0.0,1.1111111111111113e-18,0.0,4.444444444444445e-19,1.5555555555555556e-18,1.1111111111111113e-18,1.1111111111111113e-18,8.88888888888889e-18,5.777777777777778e-18,8.444444444444445e-18,0.0,2.2222222222222226e-19,0.0,0.0,0.0,0.0,1636.7303221905688,340.9421061915667,1944.3825975236364,-81.81105735075184,1503.461758525504,2138.500891386499,314.4470621521857,828.6221532292328,20893.040000000696,1.0446520000000348e+24,0.0,0.0
1.015e-05,164382.0,5.47941,3e+22,3592.44,1221.09,17875.9,3.65827,3.64686,3.65179,-0.000179560685,0.000363267137,0.260466964,0.0433551968,0.0442612047,0.09063485,0.00048111777,9.74664807e-05,0.000138148461,3089.15049,-1455.98408,1542.24954,-1131.43666,684.133366,-760.613768,966.442173,-614.846483,5392.54187,20300.0,164382.336827,5.479411228,-60.00000000000001,30000 3000,1e-06,2,0.0 0.0259,0.0 0.0,-1.0 0.0,0.00054857 28.0,80000,1000,5e-10,0.0,0.0 0.0 0.0,1000 1000000 0,0,0.0,0,100,0,,20,,1,,,,1.0,10.0,0.1,False,{},,,False,3,mixed,250,300,True,Ar_Aubin,,False,uniform,Argon-Aubin-Test2/20Td,3.0000000000000005e+21,8.937950000000001e+23,0.0,1.6313022222222222e-13,1.6310111111111114e-13,0.0,0.0,0.0,0.0,0.0,0.0,4.444444444444445e-19,0.0,0.0,0.0,0.0,0.0,6.666666666666668e-19,4.444444444444445e-19,0.0,0.0,0.0,1.3333333333333336e-18,0.0,1.5555555555555556e-18,4.444444444444445e-19,2.2222222222222226e-19,1.5555555555555556e-18,6.444444444444445e-18,4.888888888888889e-18,1.0222222222222223e-17,0.0,2.2222222222222226e-19,0.0,2.2222222222222226e-19,4.444444444444445e-19,0.0,1861.1330773132124,3089.7955509872213,2219.381882499136,683.6897841316807,1059.8290387774102,736.4604682323989,37.32225860906798,1576.1895816968317,21954.180000000048,1.0977090000000025e+24,0.0,0.0
1.02e-05,164214.0,5.47382,3e+22,4927.86,2562.44,16205.5,3.61155,3.65724,3.67717,-0.000143187677,0.000402303061,0.261514187,0.0435508323,0.0444285735,0.0912677453,0.000483604365,0.000147215687,0.000128804896,3076.60556,-1210.19985,-1025.22965,575.134281,3597.25867,-280.484474,1211.16949,1175.85437,4639.42965,20400.0,164214.45869,5.47381529,-60.00000000000001,30000 3000,1e-06,2,0.0 0.0259,0.0 0.0,-1.0 0.0,0.00054857 28.0,80000,1000,5e-10,0.0,0.0 0.0 0.0,1000 1000000 0,0,0.0,0,100,0,,20,,1,,,,1.0,10.0,0.1,False,{},,,False,3,mixed,250,300,True,Ar_Aubin,,False,uniform,Argon-Aubin-Test2/20Td,3.0000000000000005e+21,8.10275e+23,2.222222222222222e-19,1.6326066666666665e-13,1.6322555555555558e-13,0.0,0.0,0.0,0.0,0.0,2.2222222222222226e-19,0.0,0.0,0.0,0.0,0.0,0.0,4.444444444444445e-19,2.2222222222222226e-19,0.0,0.0,4.444444444444445e-19,8.88888888888889e-19,4.444444444444445e-19,2.2222222222222226e-19,8.88888888888889e-19,0.0,8.88888888888889e-19,1.0444444444444445e-17,9.111111111111112e-18,1.0222222222222223e-17,0.0,0.0,2.2222222222222226e-19,2.2222222222222226e-19,0.0,2.2222222222222226e-19,1956.4723932875838,3077.311168825981,1673.3891525993333,3596.2277925443714,862.6463310631993,401.46149257149955,808.5037752672656,-1100.4450336501964,20944.459999999723,1.0472229999999863e+24,1.0610071695437607e-23,1.3712765556275475e-23
1.025e-05,164435.0,5.48118,3e+22,-1451.74,-4668.8,18817.7,3.65954,3.62811,3.67256,-0.000189848844,0.000327090958,0.2625882,0.0437973295,0.0446254826,0.091962583,0.00049669669,0.000152125588,0.000126596927,3373.8896,1176.7166,-390.510711,-148.025856,3058.21042,-95.655294,416.952558,-2241.73194,7056.07536,20500.0,164435.319386,5.481177313,-60.00000000000001,30000 3000,1e-06,2,0.0 0.0259,0.0 0.0,-1.0 0.0,0.00054857 28.0,80000,1000,5e-10,0.0,0.0 0.0 0.0,1000 1000000 0,0,0.0,0,100,0,,20,,1,,,,1.0,10.0,0.1,False,{},,,False,3,mixed,250,300,True,Ar_Aubin,,False,uniform,Argon-Aubin-Test2/20Td,3.0000000000000005e+21,9.408850000000001e+23,0.0,1.6292266666666667e-13,1.628937777777778e-13,0.0,0.0,0.0,0.0,0.0,0.0,0.0,0.0,0.0,2.2222222222222226e-19,0.0,0.0,2.2222222222222226e-19,2.2222222222222226e-19,2.2222222222222226e-19,0.0,0.0,6.666666666666668e-19,2.2222222222222226e-19,6.666666666666668e-19,6.666666666666668e-19,0.0,1.1111111111111113e-18,9.111111111111112e-18,6.444444444444445e-18,8.88888888888889e-18,0.0,0.0,0.0,2.2222222222222226e-19,0.0,0.0,2464.8166012727206,3373.6139888392113,1969.6395925808408,3059.73754226471,1319.4492303097993,2114.7693888599997,346.32716557934344,411.2241590597388,21480.259999999696,1.0740129999999849e+24,0.0,0.0
1.03e-05,164159.0,5.47196,3e+22,-2247.36,1773.27,15205.4,3.63239,3.63724,3.67293,-0.000197996947,0.000335692793,0.263445496,0.0440240436,0.0448341697,0.092570721,0.000509470554,0.000175669781,7.60521037e-05,2187.28512,1375.11896,-192.304185,-931.938411,2285.76813,-665.4503,-658.35651,895.033509,5666.54784,20600.0,164158.727807,5.471957594,-60.00000000000001,30000 3000,1e-06,2,0.0 0.0259,0.0 0.0,-1.0 0.0,0.00054857 28.0,80000,1000,5e-10,0.0,0.0 0.0 0.0,1000 1000000 0,0,0.0,0,100,0,,20,,1,,,,1.0,10.0,0.1,False,{},,,False,3,mixed,250,300,True,Ar_Aubin,,False,uniform,Argon-Aubin-Test2/20Td,3.0000000000000005e+21,7.6027e+23,0.0,1.6345399999999999e-13,1.6342333333333334e-13,0.0,0.0,0.0,0.0,0.0,0.0,0.0,0.0,0.0,0.0,0.0,0.0,1.1111111111111113e-18,2.2222222222222226e-19,2.2222222222222226e-19,0.0,0.0,8.88888888888889e-19,0.0,1.1111111111111113e-18,2.2222222222222226e-19,0.0,8.88888888888889e-19,1.1777777777777779e-17,6.2222222222222225e-18,7.333333333333334e-18,2.2222222222222226e-19,0.0,0.0,0.0,4.444444444444445e-19,0.0,2267.109397925474,2186.84014958119,2086.813988435368,2285.172856040957,1571.7141655398339,1660.7536951216002,517.0706138171987,-255.59320233152607,17145.920000000147,8.572960000000075e+23,0.0,0.0
1.035e-05,164194.0,5.47312,3e+22,-3602.94,2938.68,24271.6,3.64622,3.62964,3.66692,-0.000278322492,0.000322179636,0.26448537,0.0442238178,0.0450535212,0.0932444205,0.000518194692,0.000109299053,8.70914047e-05,1931.08801,1453.64383,115.449973,1548.78337,3111.31433,-256.992875,-719.63414,710.192346,7210.93077,20700.0,164193.742996,5.473124767,-60.00000000000001,30000 3000,1e-06,2,0.0 0.0259,0.0 0.0,-1.0 0.0,0.00054857 28.0,80000,1000,5e-10,0.0,0.0 0.0 0.0,1000 1000000 0,0,0.0,0,100,0,,20,,1,,,,1.0,10.0,0.1,False,{},,,False,3,mixed,250,300,True,Ar_Aubin,,False,uniform,Argon-Aubin-Test2/20Td,3.0000000000000005e+21,1.21358e+24,0.0,1.6290466666666665e-13,1.6287355555555557e-13,0.0,0.0,0.0,0.0,0.0,0.0,4.444444444444445e-19,2.2222222222222226e-19,0.0,0.0,0.0,0.0,2.2222222222222226e-19,0.0,0.0,0.0,0.0,6.666666666666668e-19,0.0,6.666666666666668e-19,6.666666666666668e-19,2.2222222222222226e-19,6.666666666666668e-19,9.777777777777779e-18,7.111111111111112e-18,9.555555555555557e-18,0.0,0.0,2.2222222222222226e-19,0.0,6.666666666666668e-19,0.0,1997.3593938146796,1930.0852307606735,2193.603899334137,3110.3675471472798,1247.1791864911154,791.447663508,-898.3980926591734,355.4960841846272,20797.479999999923,1.0398739999999963e+24,0.0,0.0
1.04e-05,164332.0,5.47775,3e+22,-1146.0,-8317.09,14702.7,3.64795,3.63487,3.67105,-0.000324704055,0.000435008751,0.265493488,0.0444015391,0.0452992553,0.0939246322,0.000497612736,7.69501343e-05,0.000120226015,2683.33404,1779.99527,-1045.15906,199.276713,1126.90287,-584.899117,-1371.52154,-2319.68127,5140.41448,20800.0,164332.436539,5.477747885,-60.00000000000001,30000 3000,1e-06,2,0.0 0.0259,0.0 0.0,-1.0 0.0,0.00054857 28.0,80000,1000,5e-10,0.0,0.0 0.0 0.0,1000 1000000 0,0,0.0,0,100,0,,20,,1,,,,1.0,10.0,0.1,False,{},,,False,3,mixed,250,300,True,Ar_Aubin,,False,uniform,Argon-Aubin-Test2/20Td,3.0000000000000005e+21,7.351350000000001e+23,0.0,1.6332044444444444e-13,1.6329222222222224e-13,0.0,0.0,0.0,0.0,0.0,2.2222222222222226e-19,0.0,0.0,0.0,0.0,0.0,0.0,6.666666666666668e-19,0.0,0.0,0.0,0.0,2.2222222222222226e-19,0.0,1.3333333333333336e-18,6.666666666666668e-19,8.88888888888889e-19,1.5555555555555556e-18,6.8888888888888895e-18,6.6666666666666674e-18,8.88888888888889e-18,0.0,0.0,0.0,0.0,2.2222222222222226e-19,0.0,1776.9333068621413,2682.9619291529702,2456.4866710440756,1130.5208769328544,1459.3047363076207,1236.9433739824003,-395.08667692496454,-2107.6510364425512,20162.360000000048,1.0081180000000024e+24,0.0,0.0
1.045e-05,164267.0,5.47557,3e+22,-489.677,2224.41,10025.6,3.66811,3.65435,3.62808,-0.000262929454,0.000279941743,0.266437046,0.0446244384,0.0455123388,0.0945421049,0.000510186722,4.95128941e-05,5.32002262e-05,3213.55018,235.274048,-254.138822,-322.335144,3022.62425,436.875774,778.928269,149.852366,3288.79274,20900.0,164267.165619,5.475572187,-60.00000000000001,30000 3000,1e-06,2,0.0 0.0259,0.0 0.0,-1.0 0.0,0.00054857 28.0,80000,1000,5e-10,0.0,0.0 0.0 0.0,1000 1000000 0,0,0.0,0,100,0,,20,,1,,,,1.0,10.0,0.1,False,{},,,False,3,mixed,250,300,True,Ar_Aubin,,False,uniform,Argon-Aubin-Test2/20Td,3.0000000000000005e+21,5.0128000000000006e+23,0.0,1.632182222222222e-13,1.631888888888889e-13,0.0,0.0,0.0,0.0,0.0,0.0,4.444444444444445e-19,0.0,4.444444444444445e-19,0.0,0.0,0.0,1.1111111111111113e-18,2.2222222222222226e-19,0.0,0.0,2.2222222222222226e-19,6.666666666666668e-19,4.444444444444445e-19,6.666666666666668e-19,6.666666666666668e-19,8.88888888888889e-19,8.88888888888889e-19,6.0000000000000004e-18,7.111111111111112e-18,8.666666666666667e-18,0.0,2.2222222222222226e-19,0.0,2.2222222222222226e-19,4.444444444444445e-19,0.0,2229.3560082555646,3213.4214294937537,2131.943652339749,3022.0015447874534,1155.6538920003136,617.6014916223999,-871.798105990819,657.8935659081644,18871.16000000022,9.435580000000111e+23,0.0,0.0
1.05e-05,164141.0,5.47138,3e+22,1681.78,3471.31,10837.4,3.61729,3.68088,3.64383,-0.000283282113,0.00042658962,0.267401043,0.0447697376,0.0457192583,0.0951959213,0.000541910599,6.88790209e-05,6.19400963e-05,1934.16245,-942.866735,567.991026,-860.621464,1883.19728,-1517.84175,503.468205,251.513165,4236.30784,21000.0,164141.25901,5.4713753,-60.00000000000001,30000 3000,1e-06,2,0.0 0.0259,0.0 0.0,-1.0 0.0,0.00054857 28.0,80000,1000,5e-10,0.0,0.0 0.0 0.0,1000 1000000 0,0,0.0,0,100,0,,20,,1,,,,1.0,10.0,0.1,False,{},,,False,3,mixed,250,300,True,Ar_Aubin,,False,uniform,Argon-Aubin-Test2/20Td,3.0000000000000005e+21,5.4187000000000003e+23,0.0,1.6319555555555556e-13,1.6316400000000002e-13,0.0,0.0,0.0,0.0,0.0,0.0,0.0,0.0,0.0,0.0,2.2222222222222226e-19,2.2222222222222226e-19,4.444444444444445e-19,2.2222222222222226e-19,0.0,0.0,2.2222222222222226e-19,4.444444444444445e-19,0.0,0.0,8.88888888888889e-19,6.666666666666668e-19,2.2222222222222226e-18,1.1111111111111113e-17,7.333333333333334e-18,7.111111111111112e-18,0.0,0.0,0.0,0.0,4.444444444444445e-19,0.0,1452.8808314223652,1934.6388681920012,2068.158886755836,1881.716455186198,1391.980837182616,1338.3757765918003,501.2382449858194,624.8195464748862,19279.939999999886,9.639969999999944e+23,0.0,0.0
1.055e-05,164254.0,5.47514,3e+22,7313.29,-969.956,16171.1,3.68081,3.61996,3.64771,-0.000285174528,0.000396807061,0.268473192,0.0449892752,0.0459269509,0.0958809489,0.000494087136,5.23212722e-05,4.55781012e-05,148.431425,-201.562958,731.212083,-1919.55706,3305.01056,497.927104,1419.78808,-1105.22587,6103.88416,21100.0,164254.163573,5.475138786,-60.00000000000001,30000 3000,1e-06,2,0.0 0.0259,0.0 0.0,-1.0 0.0,0.00054857 28.0,80000,1000,5e-10,0.0,0.0 0.0 0.0,1000 1000000 0,0,0.0,0,100,0,,20,,1,,,,1.0,10.0,0.1,False,{},,,False,3,mixed,250,300,True,Ar_Aubin,,False,uniform,Argon-Aubin-Test2/20Td,3.0000000000000005e+21,8.085550000000002e+23,2.222222222222222e-19,1.631391111111111e-13,1.6310844444444446e-13,0.0,0.0,0.0,0.0,2.2222222222222226e-19,0.0,2.2222222222222226e-19,0.0,0.0,0.0,0.0,0.0,4.444444444444445e-19,0.0,0.0,0.0,2.2222222222222226e-19,6.666666666666668e-19,2.2222222222222226e-19,8.88888888888889e-19,8.88888888888889e-19,2.2222222222222226e-19,1.777777777777778e-18,9.111111111111112e-18,6.6666666666666674e-18,8.88888888888889e-18,0.0,0.0,0.0,0.0,0.0,2.2222222222222226e-19,2195.365242441266,150.5169890238771,2077.171228602251,3305.3954453896595,1104.9057481897496,1762.3773248487987,-314.91930740380957,192.1894384880609,21442.980000000447,1.0721490000000225e+24,1.0363402018852677e-23,1.3741936060145704e-23
1.06e-05,164165.0,5.47218,3e+22,-2766.08,-5446.9,14174.0,3.65169,3.63883,3.65249,-0.000269504156,0.000462239905,0.269390541,0.0451512905,0.046140808,0.0964825329,0.000476734778,6.23276795e-05,6.61941521e-05,1623.54592,-341.93085,810.756545,-1898.3846,2222.6701,142.748463,287.845274,-1574.50533,4876.32104,21200.0,164165.428689,5.472180956,-60.00000000000001,30000 3000,1e-06,2,0.0 0.0259,0.0 0.0,-1.0 0.0,0.00054857 28.0,80000,1000,5e-10,0.0,0.0 0.0 0.0,1000 1000000 0,0,0.0,0,100,0,,20,,1,,,,1.0,10.0,0.1,False,{},,,False,3,mixed,250,300,True,Ar_Aubin,,False,uniform,Argon-Aubin-Test2/20Td,3.0000000000000005e+21,7.087e+23,0.0,1.630151111111111e-13,1.6298555555555558e-13,0.0,0.0,0.0,0.0,0.0,0.0,0.0,0.0,0.0,0.0,0.0,2.2222222222222226e-19,0.0,2.2222222222222226e-19,0.0,0.0,0.0,8.88888888888889e-19,0.0,2.2222222222222226e-19,4.444444444444445e-19,6.666666666666668e-19,2e-18,8.666666666666667e-18,8.88888888888889e-18,7.333333333333334e-18,0.0,0.0,0.0,0.0,0.0,0.0,1620.2399202132347,1622.8004499441715,2138.008901138855,2225.1878745385443,1081.7524239620236,1057.979511866,120.93123754669999,1847.5775585564238,18346.979999999126,9.173489999999564e+23,0.0,0.0
1.065e-05,164154.0,5.4718,3e+22,8955.15,-583.848,12938.4,3.63786,3.67455,3.62979,-0.00024641891,0.000551678986,0.270410989,0.0452855354,0.0464135159,0.0971712092,0.000465719884,0.000128546234,6.49616669e-05,2079.35124,100.534831,423.478218,-47.4174221,1630.55075,-738.197876,2282.24846,355.000976,4676.95578,21300.0,164154.079082,5.471802636,-60.00000000000001,30000 3000,1e-06,2,0.0 0.0259,0.0 0.0,-1.0 0.0,0.00054857 28.0,80000,1000,5e-10,0.0,0.0 0.0 0.0,1000 1000000 0,0,0.0,0,100,0,,20,,1,,,,1.0,10.0,0.1,False,{},,,False,3,mixed,250,300,True,Ar_Aubin,,False,uniform,Argon-Aubin-Test2/20Td,3.0000000000000005e+21,6.4692e+23,0.0,1.6330244444444445e-13,1.632708888888889e-13,0.0,0.0,0.0,0.0,0.0,0.0,2.2222222222222226e-19,0.0,0.0,0.0,0.0,0.0,4.444444444444445e-19,2.2222222222222226e-19,0.0,0.0,0.0,2.2222222222222226e-19,2.2222222222222226e-19,8.88888888888889e-19,4.444444444444445e-19,2.2222222222222226e-19,2e-18,1.1111111111111113e-17,6.6666666666666674e-18,8.88888888888889e-18,0.0,0.0,0.0,0.0,0.0,0.0,1342.568102108907,2081.5579583018866,2726.1721602618586,1630.8728466726182,1378.3690831455087,1178.2702399224004,1205.0213054962724,287.34397628179386,20408.960000000145,1.0204480000000072e+24,0.0,0.0
1.07e-05,164245.0,5.47482,3e+22,2303.99,6954.18,22701.7,3.60089,3.64741,3.69811,-0.000322692437,0.000681975901,0.271509143,0.0455740637,0.0466127233,0.0978891,0.000482469352,6.78668186e-05,0.000108511336,914.504183,1494.86651,488.436747,-27.3859264,3456.27563,-106.866216,1210.91521,2816.56966,6846.81497,21400.0,164244.633007,5.4748211,-60.00000000000001,30000 3000,1e-06,2,0.0 0.0259,0.0 0.0,-1.0 0.0,0.00054857 28.0,80000,1000,5e-10,0.0,0.0 0.0 0.0,1000 1000000 0,0,0.0,0,100,0,,20,,1,,,,1.0,10.0,0.1,False,{},,,False,3,mixed,250,300,True,Ar_Aubin,,False,uniform,Argon-Aubin-Test2/20Td,3.0000000000000005e+21,1.1350850000000001e+24,2.222222222222222e-19,1.63242e-13,1.6321000000000002e-13,0.0,0.0,0.0,0.0,0.0,0.0,0.0,0.0,0.0,0.0,0.0,2.2222222222222226e-19,4.444444444444445e-19,0.0,0.0,0.0,2.2222222222222226e-19,1.1111111111111113e-18,6.666666666666668e-19,0.0,8.88888888888889e-19,0.0,6.666666666666668e-19,1.0666666666666668e-17,7.111111111111112e-18,9.333333333333335e-18,0.0,2.2222222222222226e-19,2.2222222222222226e-19,0.0,0.0,2.2222222222222226e-19,2884.8489187030536,915.2476631479236,1990.4665857404386,3451.533046828784,1227.7903936366852,683.0958583569,-793.99699077901,1081.1232735164729,21963.08000000036,1.0981540000000179e+24,1.0117989927743221e-23,9.788792126678716e-24
1.075e-05,164335.0,5.47782,3e+22,-1267.63,-1189.31,11124.9,3.65363,3.64961,3.65169,-0.000217050065,0.000595490455,0.272591683,0.0457404647,0.0468254857,0.0986372444,0.000463544208,7.82739733e-05,9.28097791e-05,1294.96655,-284.79554,-230.883935,-464.579436,1772.85092,885.834995,-151.041661,-179.1949,4238.47299,21500.0,164334.721225,5.477824041,-60.00000000000001,30000 3000,1e-06,2,0.0 0.0259,0.0 0.0,-1.0 0.0,0.00054857 28.0,80000,1000,5e-10,0.0,0.0 0.0 0.0,1000 1000000 0,0,0.0,0,100,0,,20,,1,,,,1.0,10.0,0.1,False,{},,,False,3,mixed,250,300,True,Ar_Aubin,,False,uniform,Argon-Aubin-Test2/20Td,3.0000000000000005e+21,5.5624499999999996e+23,0.0,1.6299333333333333e-13,1.629617777777778e-13,0.0,0.0,0.0,0.0,0.0,0.0,2.2222222222222226e-19,0.0,0.0,0.0,0.0,0.0,6.666666666666668e-19,2.2222222222222226e-19,2.2222222222222226e-19,0.0,2.2222222222222226e-19,4.444444444444445e-19,4.444444444444445e-19,1.1111111111111113e-18,4.444444444444445e-19,2.2222222222222226e-19,1.3333333333333336e-18,8.222222222222223e-18,7.777777777777779e-18,9.555555555555557e-18,0.0,2.2222222222222226e-19,0.0,0.0,2.2222222222222226e-19,0.0,1664.5801967817704,1294.6914108261042,2128.728822475556,1773.5591427530362,1591.3349182197778,1205.9177757933007,-360.8149961768423,-33.965540610591574,21650.799999999304,1.0825399999999653e+24,0.0,0.0
1.08e-05,164723.0,5.49078,3e+22,4500.13,-857.441,23657.6,3.68286,3.63647,3.65892,-0.000137392268,0.000698993452,0.273625639,0.0459550074,0.0471037347,0.0993100772,0.000469617819,9.49784722e-05,0.000145654789,749.472058,593.412617,-487.792403,-306.471905,2988.97724,1074.32254,-271.103989,216.967005,8298.83602,21600.0,164723.337093,5.490777903,-60.00000000000001,30000 3000,1e-06,2,0.0 0.0259,0.0 0.0,-1.0 0.0,0.00054857 28.0,80000,1000,5e-10,0.0,0.0 0.0 0.0,1000 1000000 0,0,0.0,0,100,0,,20,,1,,,,1.0,10.0,0.1,False,{},,,False,3,mixed,250,300,True,Ar_Aubin,,False,uniform,Argon-Aubin-Test2/20Td,3.0000000000000005e+21,1.1828799999999999e+24,0.0,1.6380444444444444e-13,1.6378022222222223e-13,0.0,0.0,0.0,0.0,0.0,4.444444444444445e-19,0.0,2.2222222222222226e-19,0.0,0.0,0.0,0.0,0.0,4.444444444444445e-19,0.0,0.0,2.2222222222222226e-19,0.0,0.0,8.88888888888889e-19,4.444444444444445e-19,0.0,8.88888888888889e-19,8.222222222222223e-18,5.333333333333334e-18,6.6666666666666674e-18,0.0,2.2222222222222226e-19,0.0,0.0,2.2222222222222226e-19,0.0,2145.7093409541635,750.0903410669948,2781.150170360486,2989.5765856444764,1080.6812261417165,1825.5101027936016,-97.34992976900261,-1986.996967513633,20679.12000000005,1.0339560000000025e+24,0.0,0.0
1.085e-05,164890.0,5.49634,3e+22,2239.76,2369.3,19031.1,3.65844,3.65711,3.67501,-0.000131410755,0.00073624739,0.274711203,0.046221573,0.0473046057,0.100054654,0.000496500096,0.000114236591,0.000144402635,3475.72753,-219.851415,-10.7614512,1620.27999,1078.10918,-97.4322961,-772.557763,736.898125,7009.33155,21700.0,164890.159472,5.496338649,-60.00000000000001,30000 3000,1e-06,2,0.0 0.0259,0.0 0.0,-1.0 0.0,0.00054857 28.0,80000,1000,5e-10,0.0,0.0 0.0 0.0,1000 1000000 0,0,0.0,0,100,0,,20,,1,,,,1.0,10.0,0.1,False,{},,,False,3,mixed,250,300,True,Ar_Aubin,,False,uniform,Argon-Aubin-Test2/20Td,3.0000000000000005e+21,9.51555e+23,0.0,1.64322e-13,1.642917777777778e-13,2.2222222222222226e-19,0.0,0.0,0.0,0.0,0.0,0.0,2.2222222222222226e-19,0.0,0.0,0.0,0.0,0.0,0.0,0.0,0.0,0.0,8.88888888888889e-19,0.0,6.666666666666668e-19,1.1111111111111113e-18,4.444444444444445e-19,1.1111111111111113e-18,8.444444444444445e-18,7.555555555555556e-18,9.333333333333335e-18,0.0,0.0,0.0,2.2222222222222226e-19,0.0,0.0,2665.672078487752,3476.021858552619,2008.1753162666528,1076.364789058873,1493.2206445109066,1781.2751745867,355.2815653605805,-1396.1054870117996,21711.280000000777,1.085564000000039e+24,0.0,0.0
1.09e-05,164896.0,5.49652,3e+22,-276.07,6136.35,17701.8,3.67254,3.62933,3.68916,-4.49567277e-05,0.00075495072,0.275667562,0.0464719481,0.047527361,0.100713114,0.000521425737,0.000110199682,0.000149790768,3609.06707,-1348.38818,239.493718,189.05049,2690.28046,1125.07479,-1000.52879,1053.00004,6586.61318,21800.0,164895.541459,5.496518049,-60.00000000000001,30000 3000,1e-06,2,0.0 0.0259,0.0 0.0,-1.0 0.0,0.00054857 28.0,80000,1000,5e-10,0.0,0.0 0.0 0.0,1000 1000000 0,0,0.0,0,100,0,,20,,1,,,,1.0,10.0,0.1,False,{},,,False,3,mixed,250,300,True,Ar_Aubin,,False,uniform,Argon-Aubin-Test2/20Td,3.0000000000000005e+21,8.850900000000001e+23,0.0,1.6422e-13,1.6419111111111114e-13,0.0,0.0,0.0,0.0,0.0,0.0,0.0,0.0,0.0,0.0,0.0,0.0,0.0,0.0,0.0,0.0,0.0,4.444444444444445e-19,0.0,6.666666666666668e-19,8.88888888888889e-19,4.444444444444445e-19,6.666666666666668e-19,9.777777777777779e-18,6.8888888888888895e-18,8.666666666666667e-18,0.0,0.0,0.0,2.2222222222222226e-19,2.2222222222222226e-19,0.0,2503.9034767916637,3609.054658796184,2227.2740962964863,2685.647818149328,1321.0031468338657,1706.8011309884005,-554.8760814526283,-684.1357131562601,19127.179999999244,9.563589999999622e+23,0.0,0.0
1.095e-05,164965.0,5.49883,3e+22,277.932,3226.63,22469.3,3.63888,3.68409,3.67177,-8.08807186e-05,0.000682590265,0.276694062,0.0467031876,0.0477829032,0.101385329,0.00050251451,0.000110361909,0.000142881476,1325.8513,-433.572984,-394.578158,279.140484,3940.42956,85.4680712,-618.211695,1684.3708,7319.672,21900.0,164964.956122,5.498831871,-60.00000000000001,30000 3000,1e-06,2,0.0 0.0259,0.0 0.0,-1.0 0.0,0.00054857 28.0,80000,1000,5e-10,0.0,0.0 0.0 0.0,1000 1000000 0,0,0.0,0,100,0,,20,,1,,,,1.0,10.0,0.1,False,{},,,False,3,mixed,250,300,True,Ar_Aubin,,False,uniform,Argon-Aubin-Test2/20Td,3.0000000000000005e+21,1.123465e+24,0.0,1.64178e-13,1.6414800000000002e-13,0.0,0.0,0.0,0.0,0.0,0.0,0.0,0.0,0.0,0.0,2.2222222222222226e-19,0.0,4.444444444444445e-19,2.2222222222222226e-19,2.2222222222222226e-19,2.2222222222222226e-19,0.0,4.444444444444445e-19,0.0,4.444444444444445e-19,1.3333333333333336e-18,1.1111111111111113e-18,1.777777777777778e-18,8.444444444444445e-18,5.1111111111111114e-18,1e-17,0.0,0.0,0.0,0.0,0.0,0.0,2312.3497941672513,1325.873779339882,2556.4622111975273,3938.2270937732433,1052.157929639641,1102.5501127033995,202.96660092712204,-1087.874653909345,20530.000000000826,1.0265000000000414e+24,0.0,0.0
1.1e-05,165094.0,5.50313,3e+22,146.507,1503.46,10868.2,3.69445,3.63693,3.6742,-3.97092369e-05,0.000739069096,0.277723803,0.0468768126,0.0480106649,0.102082698,0.000490673366,9.12020642e-05,0.000150883553,1656.35631,-329.928342,-401.830257,554.635746,3420.26634,273.474473,323.82165,-314.217263,3354.9092,22000.0,165093.866698,5.50312889,-60.00000000000001,30000 3000,1e-06,2,0.0 0.0259,0.0 0.0,-1.0 0.0,0.00054857 28.0,80000,1000,5e-10,0.0,0.0 0.0 0.0,1000 1000000 0,0,0.0,0,100,0,,20,,1,,,,1.0,10.0,0.1,False,{},,,False,3,mixed,250,300,True,Ar_Aubin,,False,uniform,Argon-Aubin-Test2/20Td,3.0000000000000005e+21,5.434100000000001e+23,0.0,1.6465755555555555e-13,1.6462866666666668e-13,0.0,0.0,0.0,0.0,0.0,2.2222222222222226e-19,0.0,0.0,0.0,2.2222222222222226e-19,2.2222222222222226e-19,2.2222222222222226e-19,2.2222222222222226e-19,2.2222222222222226e-19,0.0,0.0,2.2222222222222226e-19,6.666666666666668e-19,0.0,6.666666666666668e-19,6.666666666666668e-19,2.2222222222222226e-19,1.777777777777778e-18,6.6666666666666674e-18,8e-18,7.777777777777779e-18,0.0,2.2222222222222226e-19,0.0,0.0,6.666666666666668e-19,0.0,1736.2996486713912,1656.3621276811705,2276.814063412111,3419.155179176928,1264.621932770549,336.5513642353999,-610.2171816163409,-118.26552027764446,20594.81999999946,1.029740999999973e+24,0.0,0.0
1.105e-05,164746.0,5.49153,3e+22,757.382,-5386.26,23740.8,3.67442,3.6489,3.65638,-3.1279201e-05,0.000740124188,0.278722263,0.0471173401,0.0482066876,0.102759269,0.000518928687,8.22959069e-05,0.000161282272,911.483418,-21.2143678,-1182.29274,-785.53159,-631.840877,-677.746695,492.310414,-346.847201,7812.35124,22100.0,164746.020037,5.491534001,-60.00000000000001,30000 3000,1e-06,2,0.0 0.0259,0.0 0.0,-1.0 0.0,0.00054857 28.0,80000,1000,5e-10,0.0,0.0 0.0 0.0,1000 1000000 0,0,0.0,0,100,0,,20,,1,,,,1.0,10.0,0.1,False,{},,,False,3,mixed,250,300,True,Ar_Aubin,,False,uniform,Argon-Aubin-Test2/20Td,3.0000000000000005e+21,1.18704e+24,0.0,1.6455e-13,1.6451333333333334e-13,0.0,0.0,0.0,0.0,0.0,0.0,0.0,2.2222222222222226e-19,0.0,2.2222222222222226e-19,0.0,0.0,1.1111111111111113e-18,2.2222222222222226e-19,2.2222222222222226e-19,0.0,2.2222222222222226e-19,4.444444444444445e-19,0.0,1.1111111111111113e-18,1.1111111111111113e-18,4.444444444444445e-19,8.88888888888889e-19,1.1777777777777779e-17,6.6666666666666674e-18,1.1555555555555557e-17,0.0,2.2222222222222226e-19,0.0,0.0,2.2222222222222226e-19,0.0,2405.280984350902,911.5071083038118,1960.211393150016,-627.8543756911431,1209.8186094162966,1195.2617385695994,-224.32295797088122,-900.3389577403652,19969.20000000069,9.984600000000344e+23,0.0,0.0
1.11e-05,164681.0,5.48937,3e+22,9559.86,3211.51,16783.1,3.6267,3.70278,3.64708,-2.55328183e-06,0.000646429991,0.279710755,0.0473235142,0.0483889737,0.10344567,0.000519357408,7.32011403e-05,0.000136273479,3007.66341,-330.677549,-1250.95223,118.225121,1753.30527,-552.434662,2547.99401,2292.07237,5447.37032,22200.0,164681.071732,5.489369058,-60.00000000000001,30000 3000,1e-06,2,0.0 0.0259,0.0 0.0,-1.0 0.0,0.00054857 28.0,80000,1000,5e-10,0.0,0.0 0.0 0.0,1000 1000000 0,0,0.0,0,100,0,,20,,1,,,,1.0,10.0,0.1,False,{},,,False,3,mixed,250,300,True,Ar_Aubin,,False,uniform,Argon-Aubin-Test2/20Td,3.0000000000000005e+21,8.391549999999999e+23,0.0,1.643348888888889e-13,1.643037777777778e-13,0.0,0.0,0.0,0.0,0.0,0.0,2.2222222222222226e-19,2.2222222222222226e-19,0.0,0.0,0.0,0.0,4.444444444444445e-19,4.444444444444445e-19,0.0,0.0,2.2222222222222226e-19,4.444444444444445e-19,0.0,4.444444444444445e-19,8.88888888888889e-19,4.444444444444445e-19,2e-18,9.555555555555557e-18,8.666666666666667e-18,6.444444444444445e-18,0.0,0.0,0.0,2.2222222222222226e-19,4.444444444444445e-19,0.0,2061.7507186915936,3007.6878190168354,1824.1601208039694,1751.2292536196037,1343.9442917116685,752.956747759501,-341.9759179830955,-1376.9110263100192,19769.83999999904,9.88491999999952e+23,0.0,0.0
1.115e-05,164961.0,5.4987,3e+22,-5582.84,-3234.48,19159.8,3.6673,3.67992,3.64786,1.0442357e-05,0.000614258378,0.280764706,0.0475293056,0.0485871685,0.104153648,0.000520834216,6.83836403e-05,0.000165592904,1727.48764,696.74073,-2338.87823,1365.90104,1213.96755,838.653875,-735.051857,-2259.71608,5815.58067,22300.0,164960.978192,5.498699273,-60.00000000000001,30000 3000,1e-06,2,0.0 0.0259,0.0 0.0,-1.0 0.0,0.00054857 28.0,80000,1000,5e-10,0.0,0.0 0.0 0.0,1000 1000000 0,0,0.0,0,100,0,,20,,1,,,,1.0,10.0,0.1,False,{},,,False,3,mixed,250,300,True,Ar_Aubin,,False,uniform,Argon-Aubin-Test2/20Td,3.0000000000000005e+21,9.5799e+23,0.0,1.6437977777777776e-13,1.643528888888889e-13,0.0,0.0,0.0,0.0,0.0,0.0,0.0,2.2222222222222226e-19,0.0,0.0,0.0,2.2222222222222226e-19,4.444444444444445e-19,0.0,0.0,2.2222222222222226e-19,2.2222222222222226e-19,8.88888888888889e-19,0.0,2.2222222222222226e-19,8.88888888888889e-19,4.444444444444445e-19,8.88888888888889e-19,8.666666666666667e-18,4.444444444444445e-18,8.444444444444445e-18,0.0,2.2222222222222226e-19,0.0,0.0,4.444444444444445e-19,0.0,2057.9129747643615,1727.545938008354,1982.35358378325,1215.9543564384735,1172.6432740359617,436.185055981201,-169.2705136289825,-1506.6657292266084,21079.01999999995,1.0539509999999975e+24,0.0,0.0
1.12e-05,164635.0,5.48782,3e+22,-4483.21,41.7085,17798.4,3.65924,3.68759,3.62689,2.79291091e-06,0.000723758876,0.281668457,0.0477594474,0.0488002148,0.10479331,0.00051679531,4.7908746e-05,0.00020912665,2614.26917,-1312.58626,283.940997,303.541546,2582.31157,1109.44293,-1303.83567,-18.4774521,6995.08215,22400.0,164634.508428,5.487816948,-60.00000000000001,30000 3000,1e-06,2,0.0 0.0259,0.0 0.0,-1.0 0.0,0.00054857 28.0,80000,1000,5e-10,0.0,0.0 0.0 0.0,1000 1000000 0,0,0.0,0,100,0,,20,,1,,,,1.0,10.0,0.1,False,{},,,False,3,mixed,250,300,True,Ar_Aubin,,False,uniform,Argon-Aubin-Test2/20Td,3.0000000000000005e+21,8.899200000000001e+23,0.0,1.6442444444444444e-13,1.6439133333333334e-13,0.0,0.0,0.0,0.0,0.0,0.0,0.0,0.0,0.0,2.2222222222222226e-19,2.2222222222222226e-19,0.0,4.444444444444445e-19,4.444444444444445e-19,0.0,0.0,2.2222222222222226e-19,2.2222222222222226e-19,0.0,1.1111111111111113e-18,1.1111111111111113e-18,4.444444444444445e-19,8.88888888888889e-19,1.1111111111111113e-17,7.111111111111112e-18,8.88888888888889e-18,0.0,0.0,0.0,0.0,6.666666666666668e-19,0.0,2301.4190124246575,2614.2816912061207,2128.9978644434964,2582.2813831029202,1313.6246650558014,1981.8342849312003,-366.5944782701227,242.83446076142945,18075.020000000164,9.037510000000082e+23,0.0,0.0
1.125e-05,164420.0,5.48068,3e+22,-3936.52,2438.73,24950.2,3.63747,3.66303,3.6572,-3.92307544e-05,0.000822581451,0.282735084,0.047990679,0.0490402771,0.105489868,0.000469085664,3.52385428e-05,0.000236146596,2065.33173,1219.54824,40.0268715,251.483777,1203.03802,891.349667,-2296.51721,-488.354644,7636.66185,22500.0,164420.383089,5.480679436,-60.00000000000001,30000 3000,1e-06,2,0.0 0.0259,0.0 0.0,-1.0 0.0,0.00054857 28.0,80000,1000,5e-10,0.0,0.0 0.0 0.0,1000 1000000 0,0,0.0,0,100,0,,20,,1,,,,1.0,10.0,0.1,False,{},,,False,3,mixed,250,300,True,Ar_Aubin,,False,uniform,Argon-Aubin-Test2/20Td,3.0000000000000005e+21,1.2475100000000002e+24,0.0,1.639188888888889e-13,1.6388222222222224e-13,0.0,0.0,0.0,0.0,0.0,2.2222222222222226e-19,0.0,0.0,0.0,0.0,0.0,0.0,4.444444444444445e-19,2.2222222222222226e-19,2.2222222222222226e-19,0.0,0.0,1.1111111111111113e-18,0.0,4.444444444444445e-19,8.88888888888889e-19,6.666666666666668e-19,2e-18,9.333333333333335e-18,8e-18,1.2444444444444445e-17,0.0,2.2222222222222226e-19,0.0,0.0,4.444444444444445e-19,0.0,2312.3006874825605,2065.177297350689,2399.0948666706427,1201.0319659380027,945.4994427376962,582.3649571831993,-15.83235305548919,-1142.5192104638886,21332.540000000845,1.0666270000000423e+24,0.0,0.0
1.13e-05,164425.0,5.48083,3e+22,10297.4,-4748.91,17838.7,3.6618,3.66705,3.63027,0.000115405296,0.000828076365,0.283773734,0.0481773083,0.0492238353,0.10616816,0.00047023343,8.27525586e-05,0.000242658815,628.856144,103.807203,450.679013,615.428209,1921.98009,-1503.34133,3318.01744,-2114.9394,5229.7267,22600.0,164424.820441,5.480827348,-60.00000000000001,30000 3000,1e-06,2,0.0 0.0259,0.0 0.0,-1.0 0.0,0.00054857 28.0,80000,1000,5e-10,0.0,0.0 0.0 0.0,1000 1000000 0,0,0.0,0,100,0,,20,,1,,,,1.0,10.0,0.1,False,{},,,False,3,mixed,250,300,True,Ar_Aubin,,False,uniform,Argon-Aubin-Test2/20Td,3.0000000000000005e+21,8.919350000000002e+23,0.0,1.6387933333333333e-13,1.6384755555555558e-13,0.0,0.0,0.0,0.0,0.0,0.0,2.2222222222222226e-19,0.0,0.0,0.0,0.0,0.0,0.0,2.2222222222222226e-19,0.0,2.2222222222222226e-19,0.0,2.2222222222222226e-19,0.0,4.444444444444445e-19,8.88888888888889e-19,6.666666666666668e-19,2.2222222222222226e-18,8.222222222222223e-18,8.444444444444445e-18,9.333333333333335e-18,0.0,2.2222222222222226e-19,2.2222222222222226e-19,0.0,2.2222222222222226e-19,0.0,1866.175206697504,627.6677695049696,1835.4912977725653,1925.9125501305123,898.8761618430874,167.5721912941999,73.46226780074748,844.5061240546447,20772.999999999487,1.0386499999999744e+24,0.0,0.0
1.135e-05,164365.0,5.47883,3e+22,-3449.64,-2289.86,11216.1,3.65803,3.64379,3.65503,4.83415762e-05,0.000851924388,0.284827272,0.0483073483,0.0494428966,0.106885691,0.000463146761,4.28806324e-05,0.00022314039,1467.96813,1069.3779,-2579.59163,-575.801315,1080.56347,78.7363046,-961.11097,-522.29573,3985.01922,22700.0,164364.869892,5.478828996,-60.00000000000001,30000 3000,1e-06,2,0.0 0.0259,0.0 0.0,-1.0 0.0,0.00054857 28.0,80000,1000,5e-10,0.0,0.0 0.0 0.0,1000 1000000 0,0,0.0,0,100,0,,20,,1,,,,1.0,10.0,0.1,False,{},,,False,3,mixed,250,300,True,Ar_Aubin,,False,uniform,Argon-Aubin-Test2/20Td,3.0000000000000005e+21,5.60805e+23,0.0,1.6362422222222222e-13,1.635908888888889e-13,0.0,0.0,0.0,0.0,0.0,0.0,0.0,0.0,0.0,4.444444444444445e-19,0.0,0.0,8.88888888888889e-19,2.2222222222222226e-19,0.0,2.2222222222222226e-19,2.2222222222222226e-19,4.444444444444445e-19,0.0,6.666666666666668e-19,6.666666666666668e-19,6.666666666666668e-19,1.777777777777778e-18,9.111111111111112e-18,8.444444444444445e-18,9.333333333333335e-18,0.0,2.2222222222222226e-19,0.0,0.0,0.0,0.0,1300.5098147435278,1468.1348910349225,2190.212353034016,1082.5142575791058,1184.882333407633,790.3680545207999,-417.8386740786175,-2558.6932533707363,21070.76000000041,1.0535380000000207e+24,0.0,0.0
1.14e-05,164623.0,5.48744,3e+22,-1084.37,-6499.37,14539.8,3.66964,3.66092,3.64286,-1.08715758e-05,0.000851997741,0.285841845,0.0484938054,0.0496163381,0.10761363,0.000479335925,2.42203138e-05,0.00025222801,2292.41018,980.573422,-1980.9749,712.332289,3267.18883,17.3258479,-570.203724,-2459.62148,5606.32329,22800.0,164623.169002,5.487438967,-60.00000000000001,30000 3000,1e-06,2,0.0 0.0259,0.0 0.0,-1.0 0.0,0.00054857 28.0,80000,1000,5e-10,0.0,0.0 0.0 0.0,1000 1000000 0,0,0.0,0,100,0,,20,,1,,,,1.0,10.0,0.1,False,{},,,False,3,mixed,250,300,True,Ar_Aubin,,False,uniform,Argon-Aubin-Test2/20Td,3.0000000000000005e+21,7.2699e+23,0.0,1.6400244444444443e-13,1.6397644444444447e-13,0.0,0.0,0.0,0.0,0.0,0.0,0.0,0.0,0.0,0.0,0.0,0.0,8.88888888888889e-19,0.0,0.0,0.0,4.444444444444445e-19,8.88888888888889e-19,0.0,8.88888888888889e-19,4.444444444444445e-19,6.666666666666668e-19,4.444444444444445e-19,6.444444444444445e-18,4.222222222222222e-18,1.0222222222222223e-17,0.0,0.0,0.0,0.0,4.444444444444445e-19,0.0,1864.5931871683065,2292.3983911893497,1734.4137501219825,3272.7262785579233,1489.5352195798407,1450.2400320690003,-35.67536084089034,-2241.062231999533,20291.459999999264,1.0145729999999632e+24,0.0,0.0
1.145e-05,164369.0,5.47897,3e+22,1102.65,531.105,25855.9,3.66241,3.63184,3.65987,-0.000118991922,0.000677664906,0.286865525,0.0486928882,0.0497787655,0.108324815,0.000484753404,-5.62978086e-06,0.000208231264,2290.45243,-70.776986,321.453585,-2529.55112,1829.26418,484.826591,-271.431392,127.009829,9588.91953,22900.0,164369.019686,5.478967323,-60.00000000000001,30000 3000,1e-06,2,0.0 0.0259,0.0 0.0,-1.0 0.0,0.00054857 28.0,80000,1000,5e-10,0.0,0.0 0.0 0.0,1000 1000000 0,0,0.0,0,100,0,,20,,1,,,,1.0,10.0,0.1,False,{},,,False,3,mixed,250,300,True,Ar_Aubin,,False,uniform,Argon-Aubin-Test2/20Td,3.0000000000000005e+21,1.292795e+24,0.0,1.6402155555555555e-13,1.6398555555555557e-13,0.0,0.0,0.0,0.0,0.0,0.0,0.0,0.0,0.0,0.0,2.2222222222222226e-19,0.0,2.2222222222222226e-19,0.0,0.0,0.0,2.2222222222222226e-19,6.666666666666668e-19,2.2222222222222226e-19,2e-18,6.666666666666668e-19,2.2222222222222226e-19,2e-18,1.0444444444444445e-17,7.555555555555556e-18,1.1111111111111113e-17,0.0,0.0,0.0,0.0,4.444444444444445e-19,0.0,1990.6875911365753,2290.5836364427932,1626.940704258506,1828.9042687800988,1249.1591947838554,2171.7532021524985,23.540684611193942,-263.2134349052103,20473.600000000537,1.0236800000000268e+24,0.0,0.0
1.15e-05,164435.0,5.48116,3e+22,4110.18,1545.89,21579.3,3.62811,3.65311,3.67834,-0.000193967767,0.000672148553,0.287919327,0.0488942896,0.0499733948,0.109039915,0.00046379289,-3.25947405e-05,0.000185572162,373.593754,1218.89212,-1764.93495,-85.9157848,1498.57761,-1500.86344,1532.37541,316.301202,7384.61961,23000.0,164434.717673,5.481157256,-60.00000000000001,30000 3000,1e-06,2,0.0 0.0259,0.0 0.0,-1.0 0.0,0.00054857 28.0,80000,1000,5e-10,0.0,0.0 0.0 0.0,1000 1000000 0,0,0.0,0,100,0,,20,,1,,,,1.0,10.0,0.1,False,{},,,False,3,mixed,250,300,True,Ar_Aubin,,False,uniform,Argon-Aubin-Test2/20Td,3.0000000000000005e+21,1.0789650000000001e+24,2.222222222222222e-19,1.6375822222222222e-13,1.6372755555555558e-13,0.0,0.0,0.0,0.0,0.0,0.0,0.0,2.2222222222222226e-19,0.0,0.0,2.2222222222222226e-19,0.0,4.444444444444445e-19,4.444444444444445e-19,0.0,0.0,2.2222222222222226e-19,6.666666666666668e-19,0.0,1.1111111111111113e-18,1.1111111111111113e-18,2.2222222222222226e-19,1.3333333333333336e-18,8.444444444444445e-18,6.6666666666666674e-18,8.666666666666667e-18,0.0,0.0,2.2222222222222226e-19,0.0,4.444444444444445e-19,2.2222222222222226e-19,2013.7793558287071,374.39099643656806,1946.367460475204,1497.538542273403,1093.9057339269532,1171.5220768688996,-105.05141761912493,-1411.774110814437,21076.03999999985,1.0538019999999928e+24,1.0543831868900599e-23,1.02979346977067e-23
1.155e-05,164121.0,5.4707,3e+22,7830.5,-2597.89,19955.7,3.64398,3.64735,3.64742,-0.000209803962,0.000806797286,0.288872806,0.0490968571,0.0501962665,0.109741393,0.000498801872,-3.94699461e-05,0.000201479586,1946.41538,180.908006,-1209.31302,906.18981,2721.11059,2441.49464,2290.20987,-1974.90223,5811.4316,23100.0,164120.883025,5.470696101,-60.00000000000001,30000 3000,1e-06,2,0.0 0.0259,0.0 0.0,-1.0 0.0,0.00054857 28.0,80000,1000,5e-10,0.0,0.0 0.0 0.0,1000 1000000 0,0,0.0,0,100,0,,20,,1,,,,1.0,10.0,0.1,False,{},,,False,3,mixed,250,300,True,Ar_Aubin,,False,uniform,Argon-Aubin-Test2/20Td,3.0000000000000005e+21,9.97785e+23,0.0,1.6362177777777777e-13,1.6358688888888891e-13,0.0,0.0,0.0,0.0,0.0,0.0,2.2222222222222226e-19,0.0,0.0,0.0,0.0,2.2222222222222226e-19,4.444444444444445e-19,0.0,0.0,0.0,0.0,4.444444444444445e-19,0.0,6.666666666666668e-19,1.5555555555555556e-18,8.88888888888889e-19,2.4444444444444447e-18,1.288888888888889e-17,5.777777777777778e-18,9.333333333333335e-18,0.0,0.0,0.0,0.0,0.0,0.0,2025.6110579216363,1948.0582499244408,2226.7256181660728,2723.206560601326,1515.1881381930689,46.77254530580012,-42.31230642950858,-1176.9348724585163,19069.579999999587,9.534789999999795e+23,0.0,0.0
1.16e-05,164227.0,5.47423,3e+22,-1244.49,10283.0,22972.1,3.658,3.6303,3.65654,-0.000180903413,0.00085428284,0.289881986,0.0493636262,0.0504512755,0.110416879,0.000482523574,-2.29439204e-05,0.000220898666,4521.23857,1549.7623,1629.90118,1177.31457,2568.41662,-195.743723,-914.285832,3367.51855,7794.14538,23200.0,164226.751368,5.474225046,-60.00000000000001,30000 3000,1e-06,2,0.0 0.0259,0.0 0.0,-1.0 0.0,0.00054857 28.0,80000,1000,5e-10,0.0,0.0 0.0 0.0,1000 1000000 0,0,0.0,0,100,0,,20,,1,,,,1.0,10.0,0.1,False,{},,,False,3,mixed,250,300,True,Ar_Aubin,,False,uniform,Argon-Aubin-Test2/20Td,3.0000000000000005e+21,1.148605e+24,0.0,1.6336733333333332e-13,1.633386666666667e-13,0.0,0.0,0.0,0.0,0.0,0.0,0.0,0.0,0.0,0.0,0.0,0.0,8.88888888888889e-19,2.2222222222222226e-19,0.0,2.2222222222222226e-19,2.2222222222222226e-19,1.1111111111111113e-18,0.0,6.666666666666668e-19,6.666666666666668e-19,2.2222222222222226e-19,4.444444444444445e-19,8.222222222222223e-18,8.444444444444445e-18,6.8888888888888895e-18,0.0,0.0,2.2222222222222226e-19,0.0,2.2222222222222226e-19,0.0,2667.8039165763807,4521.013437511556,2549.301226899697,2559.63202955628,914.1823900943314,1134.9474094094012,167.20014243521683,1080.5263120509173,20183.59999999997,1.0091799999999985e+24,0.0,0.0
1.165e-05,164618.0,5.48726,3e+22,2387.47,8148.61,11293.6,3.65322,3.67421,3.64594,-0.000132908589,0.000921777014,0.290966317,0.0495863504,0.0506813106,0.111175767,0.000515740624,-2.13067472e-05,0.000238018138,2322.1693,1870.72759,992.16411,-1820.63813,2372.13314,400.949481,-357.372344,2503.62259,4642.19485,23300.0,164617.719522,5.487257317,-60.00000000000001,30000 3000,1e-06,2,0.0 0.0259,0.0 0.0,-1.0 0.0,0.00054857 28.0,80000,1000,5e-10,0.0,0.0 0.0 0.0,1000 1000000 0,0,0.0,0,100,0,,20,,1,,,,1.0,10.0,0.1,False,{},,,False,3,mixed,250,300,True,Ar_Aubin,,False,uniform,Argon-Aubin-Test2/20Td,3.0000000000000005e+21,5.646800000000001e+23,0.0,1.6358066666666667e-13,1.6355466666666668e-13,0.0,0.0,0.0,0.0,0.0,0.0,0.0,0.0,0.0,0.0,2.2222222222222226e-19,0.0,2.2222222222222226e-19,6.666666666666668e-19,0.0,0.0,2.2222222222222226e-19,2.2222222222222226e-19,0.0,2.2222222222222226e-19,8.88888888888889e-19,0.0,1.5555555555555556e-18,8.666666666666667e-18,5.555555555555556e-18,7.111111111111112e-18,0.0,4.444444444444445e-19,0.0,0.0,0.0,0.0,2227.392613518009,2322.4866152689797,2299.152263071855,2364.6219386059493,1290.5617875970388,1356.1376523288,-242.63089591243016,-58.38057040725948,21686.61999999988,1.084330999999994e+24,0.0,0.0
1.17e-05,164699.0,5.48996,3e+22,-1628.65,-2156.81,15305.5,3.63118,3.66988,3.67747,-9.96254203e-06,0.000992936785,0.292071808,0.0497493735,0.0509008206,0.111943727,0.000526403717,3.10593808e-05,0.000271202453,459.543227,-35.5479352,396.293215,-225.413583,1910.15104,499.569306,-693.623999,-628.194301,4534.62046,23400.0,164698.651631,5.489955054,-60.00000000000001,30000 3000,1e-06,2,0.0 0.0259,0.0 0.0,-1.0 0.0,0.00054857 28.0,80000,1000,5e-10,0.0,0.0 0.0 0.0,1000 1000000 0,0,0.0,0,100,0,,20,,1,,,,1.0,10.0,0.1,False,{},,,False,3,mixed,250,300,True,Ar_Aubin,,False,uniform,Argon-Aubin-Test2/20Td,3.0000000000000005e+21,7.65275e+23,0.0,1.6394866666666665e-13,1.63916e-13,0.0,0.0,0.0,0.0,0.0,0.0,0.0,0.0,0.0,0.0,0.0,0.0,6.666666666666668e-19,2.2222222222222226e-19,0.0,0.0,0.0,4.444444444444445e-19,0.0,2.2222222222222226e-19,2.2222222222222226e-19,6.666666666666668e-19,1.3333333333333336e-18,1.1555555555555557e-17,8.222222222222223e-18,8.666666666666667e-18,0.0,2.2222222222222226e-19,0.0,0.0,2.2222222222222226e-19,0.0,1630.4066544078205,459.52700150592284,2193.7374940453337,1912.2926159872559,1234.1660015563473,64.31540265600051,332.07966047962765,178.50444778624012,22109.82000000028,1.105491000000014e+24,0.0,0.0
1.175e-05,164716.0,5.49054,3e+22,-4688.2,-848.737,14343.1,3.66308,3.65376,3.66294,4.67425443e-05,0.000989210901,0.293085567,0.0499430016,0.0510600459,0.112713779,0.00051176236,2.71264808e-05,0.000274465963,2285.78045,478.817523,482.764886,436.298606,3439.0809,860.633521,-2227.22696,-1490.91378,6844.47412,23500.0,164716.114848,5.490537162,-60.00000000000001,30000 3000,1e-06,2,0.0 0.0259,0.0 0.0,-1.0 0.0,0.00054857 28.0,80000,1000,5e-10,0.0,0.0 0.0 0.0,1000 1000000 0,0,0.0,0,100,0,,20,,1,,,,1.0,10.0,0.1,False,{},,,False,3,mixed,250,300,True,Ar_Aubin,,False,uniform,Argon-Aubin-Test2/20Td,3.0000000000000005e+21,7.17155e+23,0.0,1.642611111111111e-13,1.6423066666666667e-13,0.0,0.0,0.0,0.0,0.0,0.0,0.0,0.0,0.0,0.0,0.0,0.0,1.3333333333333336e-18,0.0,0.0,0.0,4.444444444444445e-19,4.444444444444445e-19,0.0,8.88888888888889e-19,6.666666666666668e-19,2.2222222222222226e-19,1.1111111111111113e-18,1.0444444444444445e-17,6.444444444444445e-18,7.777777777777779e-18,0.0,2.2222222222222226e-19,0.0,0.0,4.444444444444445e-19,0.0,1936.2601438679962,2285.9995883961874,1592.3268525235014,3439.920479892482,1768.4344467736037,2640.7185239622995,-410.8448552433241,-371.0887517777494,20275.18000000006,1.013759000000003e+24,0.0,0.0
1.18e-05,164558.0,5.48527,3e+22,451.296,8676.08,19808.2,3.64013,3.65982,3.66793,3.74040925e-05,0.00103987683,0.294060033,0.0501290974,0.0512566064,0.113403623,0.000537896576,2.86177815e-05,0.000262829509,2295.06872,-647.335536,-323.269564,402.155582,1416.10501,240.749181,796.567765,2169.32622,6094.32449,23600.0,164558.07596,5.485269199,-60.00000000000001,30000 3000,1e-06,2,0.0 0.0259,0.0 0.0,-1.0 0.0,0.00054857 28.0,80000,1000,5e-10,0.0,0.0 0.0 0.0,1000 1000000 0,0,0.0,0,100,0,,20,,1,,,,1.0,10.0,0.1,False,{},,,False,3,mixed,250,300,True,Ar_Aubin,,False,uniform,Argon-Aubin-Test2/20Td,3.0000000000000005e+21,9.904100000000002e+23,0.0,1.640251111111111e-13,1.6399266666666668e-13,0.0,0.0,0.0,0.0,0.0,0.0,0.0,0.0,0.0,0.0,0.0,0.0,6.666666666666668e-19,4.444444444444445e-19,0.0,0.0,0.0,6.666666666666668e-19,2.2222222222222226e-19,1.1111111111111113e-18,8.88888888888889e-19,8.88888888888889e-19,1.3333333333333336e-18,9.111111111111112e-18,8e-18,8.88888888888889e-18,0.0,0.0,0.0,2.2222222222222226e-19,0.0,0.0,1860.965857993155,2295.0518396826715,1964.5769438508821,1407.0829554327736,1176.9057575039544,269.52454432939976,83.83634248606124,339.84917660217354,19489.320000000145,9.744660000000074e+23,0.0,0.0
1.185e-05,164539.0,5.48463,3e+22,3433.63,252.604,16759.0,3.67695,3.65111,3.63954,0.000127342941,0.00122472432,0.295217691,0.0503138784,0.0514357182,0.114190759,0.000472811783,5.03225567e-05,0.000336920186,1483.81526,-575.805557,1301.41099,121.199762,2826.02152,-585.375541,584.22935,725.822344,6487.0634,23700.0,164539.023762,5.484634125,-60.00000000000001,30000 3000,1e-06,2,0.0 0.0259,0.0 0.0,-1.0 0.0,0.00054857 28.0,80000,1000,5e-10,0.0,0.0 0.0 0.0,1000 1000000 0,0,0.0,0,100,0,,20,,1,,,,1.0,10.0,0.1,False,{},,,False,3,mixed,250,300,True,Ar_Aubin,,False,uniform,Argon-Aubin-Test2/20Td,3.0000000000000005e+21,8.3795e+23,0.0,1.6404266666666667e-13,1.6400644444444447e-13,0.0,0.0,0.0,0.0,0.0,0.0,0.0,0.0,0.0,0.0,0.0,0.0,1.1111111111111113e-18,2.2222222222222226e-19,0.0,0.0,0.0,8.88888888888889e-19,2.2222222222222226e-19,2.2222222222222226e-19,2.2222222222222226e-19,6.666666666666668e-19,3.777777777777778e-18,1.1555555555555557e-17,7.555555555555556e-18,9.555555555555557e-18,0.0,0.0,0.0,0.0,2.2222222222222226e-19,0.0,1847.661828415087,1483.3780114574943,1786.9319416156939,2825.7121497378703,1049.5392858961284,1539.5101165309998,-97.80130264568349,869.8378793034508,23153.160000000116,1.1576580000000059e+24,0.0,0.0
1.19e-05,164629.0,5.48764,3e+22,-1765.23,6128.24,18052.3,3.6782,3.65493,3.64006,0.000121131003,0.00128650642,0.296290882,0.0504913043,0.0516315624,0.114928967,0.000476263353,6.69764909e-05,0.00038602912,293.386028,399.092378,189.580733,294.869893,1668.0242,501.883333,-1038.60433,1997.17222,6856.17375,23800.0,164629.139646,5.487637988,-60.00000000000001,30000 3000,1e-06,2,0.0 0.0259,0.0 0.0,-1.0 0.0,0.00054857 28.0,80000,1000,5e-10,0.0,0.0 0.0 0.0,1000 1000000 0,0,0.0,0,100,0,,20,,1,,,,1.0,10.0,0.1,False,{},,,False,3,mixed,250,300,True,Ar_Aubin,,False,uniform,Argon-Aubin-Test2/20Td,3.0000000000000005e+21,9.02615e+23,0.0,1.6344111111111111e-13,1.6341e-13,0.0,0.0,0.0,0.0,0.0,0.0,2.2222222222222226e-19,0.0,0.0,0.0,2.2222222222222226e-19,0.0,2.2222222222222226e-19,2.2222222222222226e-19,0.0,0.0,6.666666666666668e-19,6.666666666666668e-19,0.0,6.666666666666668e-19,1.777777777777778e-18,2.2222222222222226e-19,1.1111111111111113e-18,6.2222222222222225e-18,7.111111111111112e-18,1.1111111111111113e-17,0.0,0.0,2.2222222222222226e-19,0.0,4.444444444444445e-19,0.0,1774.2744350473379,293.5998520804257,1956.8905089129703,1660.1401798966992,1034.0632303357245,1507.4418608714004,367.1562298150917,-328.1887365725968,21463.81999999947,1.0731909999999736e+24,0.0,0.0
1.195e-05,164219.0,5.47395,3e+22,2899.05,1872.88,20588.1,3.66127,3.63254,3.65162,0.00010500628,0.00125835915,0.297183693,0.0506887258,0.0517858981,0.115596711,0.00042885194,6.0234226e-05,0.000355463699,310.734528,-2570.22218,949.451504,398.343371,-675.240005,703.47878,1155.68577,580.29528,8517.46511,23900.0,164218.595598,5.473953187,-60.00000000000001,30000 3000,1e-06,2,0.0 0.0259,0.0 0.0,-1.0 0.0,0.00054857 28.0,80000,1000,5e-10,0.0,0.0 0.0 0.0,1000 1000000 0,0,0.0,0,100,0,,20,,1,,,,1.0,10.0,0.1,False,{},,,False,3,mixed,250,300,True,Ar_Aubin,,False,uniform,Argon-Aubin-Test2/20Td,3.0000000000000005e+21,1.029405e+24,0.0,1.6334866666666666e-13,1.6331422222222224e-13,0.0,0.0,0.0,0.0,0.0,2.2222222222222226e-19,0.0,0.0,0.0,2.2222222222222226e-19,2.2222222222222226e-19,0.0,2.2222222222222226e-19,6.666666666666668e-19,2.2222222222222226e-19,2.2222222222222226e-19,2.2222222222222226e-19,6.666666666666668e-19,2.2222222222222226e-19,1.1111111111111113e-18,4.444444444444445e-19,0.0,1.3333333333333336e-18,1e-17,9.333333333333335e-18,8.88888888888889e-18,0.0,0.0,0.0,0.0,2.2222222222222226e-19,0.0,1974.2514640105207,310.430109543966,1544.0733101831222,-677.596760684852,1378.8337121964369,2399.017520146699,-41.16814524354797,1241.4250090150822,17856.22000000098,8.92811000000049e+23,0.0,0.0
1.2e-05,164363.0,5.47876,3e+22,2447.37,-612.883,14752.4,3.62272,3.67479,3.65873,0.0002037952,0.00134353431,0.298223571,0.0509207748,0.05195369,0.116373669,0.000395835457,0.000132195357,0.000322122569,1718.93347,-2134.21977,399.5714,-304.689626,1593.58782,1064.88738,1031.16812,-1135.94423,6343.84552,24000.0,164362.652766,5.478755092,-60.00000000000001,30000 3000,1e-06,2,0.0 0.0259,0.0 0.0,-1.0 0.0,0.00054857 28.0,80000,1000,5e-10,0.0,0.0 0.0 0.0,1000 1000000 0,0,0.0,0,100,0,,20,,1,,,,1.0,10.0,0.1,False,{},,,False,3,mixed,250,300,True,Ar_Aubin,,False,uniform,Argon-Aubin-Test2/20Td,3.0000000000000005e+21,7.3762e+23,2.222222222222222e-19,1.63456e-13,1.634268888888889e-13,0.0,0.0,0.0,0.0,0.0,0.0,0.0,2.2222222222222226e-19,0.0,0.0,0.0,0.0,4.444444444444445e-19,2.2222222222222226e-19,2.2222222222222226e-19,2.2222222222222226e-19,2.2222222222222226e-19,8.88888888888889e-19,2.2222222222222226e-19,0.0,4.444444444444445e-19,4.444444444444445e-19,1.3333333333333336e-18,9.111111111111112e-18,5.555555555555556e-18,9.111111111111112e-18,0.0,0.0,0.0,0.0,2.2222222222222226e-19,2.2222222222222226e-19,2320.184938352926,1718.4347077413759,1675.7028330823682,1594.4112493385157,1578.0708512620756,1944.3321111795995,847.8150556386566,697.8696307332501,20797.55999999988,1.0398779999999942e+24,1.0685014118109215e-23,1.506346236695197e-23
1.205e-05,164426.0,5.48085,3e+22,-3346.12,739.165,17797.0,3.62442,3.67482,3.6606,0.000294248617,0.00125830718,0.299189633,0.0510953827,0.0522001478,0.117093517,0.000369848375,0.000155619433,0.000317584452,2102.43303,-2828.77867,309.251825,705.085657,1281.63667,-220.181789,-1810.16126,1161.02792,5910.81073,24100.0,164425.583327,5.480852778,-60.00000000000001,30000 3000,1e-06,2,0.0 0.0259,0.0 0.0,-1.0 0.0,0.00054857 28.0,80000,1000,5e-10,0.0,0.0 0.0 0.0,1000 1000000 0,0,0.0,0,100,0,,20,,1,,,,1.0,10.0,0.1,False,{},,,False,3,mixed,250,300,True,Ar_Aubin,,False,uniform,Argon-Aubin-Test2/20Td,3.0000000000000005e+21,8.898500000000001e+23,0.0,1.634371111111111e-13,1.6340911111111112e-13,0.0,0.0,0.0,0.0,0.0,0.0,0.0,4.444444444444445e-19,0.0,0.0,0.0,0.0,0.0,2.2222222222222226e-19,0.0,0.0,0.0,2.2222222222222226e-19,0.0,8.88888888888889e-19,2.2222222222222226e-19,6.666666666666668e-19,8.88888888888889e-19,9.111111111111112e-18,6.444444444444445e-18,7.777777777777779e-18,0.0,0.0,2.2222222222222226e-19,0.0,8.88888888888889e-19,0.0,1745.6285023493417,2103.417621182316,2466.795474829128,1280.7065733732954,1427.0980531735922,586.1328314989996,-76.71054868656739,-505.02176286278916,19321.239999999798,9.660619999999899e+23,0.0,0.0
1.21e-05,164490.0,5.48299,3e+22,1719.49,317.177,27753.4,3.65841,3.65789,3.64529,0.000369234331,0.00122383007,0.300263015,0.0513176871,0.0523828538,0.117838669,0.000398853872,0.00018953233,0.000334513106,3191.54068,118.000155,749.59164,161.334827,2198.4669,496.676698,1002.78082,1262.10758,10397.5821,24200.0,164489.692066,5.482989736,-60.00000000000001,30000 3000,1e-06,2,0.0 0.0259,0.0 0.0,-1.0 0.0,0.00054857 28.0,80000,1000,5e-10,0.0,0.0 0.0 0.0,1000 1000000 0,0,0.0,0,100,0,,20,,1,,,,1.0,10.0,0.1,False,{},,,False,3,mixed,250,300,True,Ar_Aubin,,False,uniform,Argon-Aubin-Test2/20Td,3.0000000000000005e+21,1.3876700000000002e+24,2.222222222222222e-19,1.6368088888888888e-13,1.6364933333333334e-13,0.0,0.0,0.0,0.0,0.0,2.2222222222222226e-19,0.0,0.0,0.0,0.0,0.0,0.0,2.2222222222222226e-19,2.2222222222222226e-19,2.2222222222222226e-19,0.0,2.2222222222222226e-19,1.1111111111111113e-18,2.2222222222222226e-19,8.88888888888889e-19,8.88888888888889e-19,6.666666666666668e-19,1.1111111111111113e-18,7.333333333333334e-18,7.111111111111112e-18,1.0666666666666668e-17,0.0,0.0,0.0,0.0,2.2222222222222226e-19,2.2222222222222226e-19,2222.54648257425,3190.905785260189,1827.915769190003,2198.0787292498876,1017.1031778445639,2064.262539498999,221.63238526839217,1225.8257002556747,21467.640000000232,1.0733820000000117e+24,1.0351497520091627e-23,8.007026966866121e-24
1.215e-05,164566.0,5.48553,3e+22,-16.1801,-7803.47,20726.6,3.63861,3.65481,3.67485,0.000489046661,0.00112426944,0.301380001,0.0515119766,0.0526786012,0.118628862,0.000423791184,0.000216781338,0.000307683341,2429.54321,-1036.16284,2166.814,1047.99955,1700.7723,-51.0968913,-230.862836,-2681.42145,7771.84959,24300.0,164565.861903,5.48552873,-60.00000000000001,30000 3000,1e-06,2,0.0 0.0259,0.0 0.0,-1.0 0.0,0.00054857 28.0,80000,1000,5e-10,0.0,0.0 0.0 0.0,1000 1000000 0,0,0.0,0,100,0,,20,,1,,,,1.0,10.0,0.1,False,{},,,False,3,mixed,250,300,True,Ar_Aubin,,False,uniform,Argon-Aubin-Test2/20Td,3.0000000000000005e+21,1.03633e+24,0.0,1.6362911111111112e-13,1.6359600000000002e-13,0.0,0.0,0.0,0.0,0.0,0.0,0.0,0.0,0.0,0.0,0.0,0.0,2.2222222222222226e-19,6.666666666666668e-19,0.0,0.0,0.0,1.3333333333333336e-18,0.0,2.2222222222222226e-19,6.666666666666668e-19,2.2222222222222226e-19,1.3333333333333336e-18,7.777777777777779e-18,1e-17,1.0222222222222223e-17,0.0,0.0,0.0,2.2222222222222226e-19,2.2222222222222226e-19,0.0,1941.8666735455254,2429.5511228238793,2959.8117826652033,1709.5455028469569,1181.661741302409,1525.2668612733996,-185.4492342731742,1930.6912480302974,22339.719999999732,1.1169859999999867e+24,0.0,0.0
1.22e-05,164687.0,5.48955,3e+22,-3347.71,3802.4,15405.4,3.65968,3.67184,3.64608,0.000619645707,0.00101560639,0.302393176,0.0517505846,0.0528780903,0.119414264,0.000476751829,0.000267654747,0.000295714482,1349.05554,-1134.93979,225.31371,-1188.49668,1001.75916,164.866714,710.330745,2716.3045,5212.95263,24400.0,164686.557337,5.489551911,-60.00000000000001,30000 3000,1e-06,2,0.0 0.0259,0.0 0.0,-1.0 0.0,0.00054857 28.0,80000,1000,5e-10,0.0,0.0 0.0 0.0,1000 1000000 0,0,0.0,0,100,0,,20,,1,,,,1.0,10.0,0.1,False,{},,,False,3,mixed,250,300,True,Ar_Aubin,,False,uniform,Argon-Aubin-Test2/20Td,3.0000000000000005e+21,7.7027e+23,0.0,1.6377777777777778e-13,1.6374911111111112e-13,0.0,0.0,0.0,0.0,0.0,0.0,0.0,0.0,0.0,0.0,0.0,2.2222222222222226e-19,2.2222222222222226e-19,2.2222222222222226e-19,2.2222222222222226e-19,0.0,2.2222222222222226e-19,6.666666666666668e-19,0.0,2.2222222222222226e-19,8.88888888888889e-19,2.2222222222222226e-19,1.777777777777778e-18,9.111111111111112e-18,5.333333333333334e-18,8.88888888888889e-18,0.0,2.2222222222222226e-19,0.0,0.0,2.2222222222222226e-19,0.0,2384.632058344341,1351.129934129781,1997.2162543430845,997.8974182626639,1736.7411139304622,554.4647964495998,217.71317693462433,1938.4232242523422,20263.499999999545,1.0131749999999774e+24,0.0,0.0
1.225e-05,164367.0,5.47889,3e+22,-10411.6,6013.12,15276.1,3.62876,3.65451,3.67237,0.00053398793,0.00114833448,0.303327602,0.0520441989,0.0530783805,0.12010193,0.000432951062,0.000257806345,0.000361163413,2370.84743,485.263275,-645.077282,-307.227318,586.596275,2283.01131,-4148.08328,3521.20319,6028.096,24500.0,164366.707923,5.478890264,-60.00000000000001,30000 3000,1e-06,2,0.0 0.0259,0.0 0.0,-1.0 0.0,0.00054857 28.0,80000,1000,5e-10,0.0,0.0 0.0 0.0,1000 1000000 0,0,0.0,0,100,0,,20,,1,,,,1.0,10.0,0.1,False,{},,,False,3,mixed,250,300,True,Ar_Aubin,,False,uniform,Argon-Aubin-Test2/20Td,3.0000000000000005e+21,7.63805e+23,0.0,1.6388066666666665e-13,1.638466666666667e-13,0.0,0.0,0.0,0.0,0.0,2.2222222222222226e-19,0.0,0.0,0.0,0.0,0.0,0.0,6.666666666666668e-19,2.2222222222222226e-19,2.2222222222222226e-19,2.2222222222222226e-19,4.444444444444445e-19,4.444444444444445e-19,0.0,1.1111111111111113e-18,1.1111111111111113e-18,4.444444444444445e-19,8.88888888888889e-19,1.0444444444444445e-17,7.333333333333334e-18,9.777777777777779e-18,0.0,0.0,0.0,0.0,4.444444444444445e-19,0.0,2937.131176928079,2376.407098731988,2000.029842614548,579.6912019716224,1216.647562965606,1394.4332190877994,311.09906061303275,-1643.1921540342728,18688.519999999764,9.344259999999883e+23,0.0,0.0
1.23e-05,164385.0,5.4795,3e+22,4308.28,-1472.13,27495.6,3.65463,3.64973,3.65022,0.000511021251,0.00118639984,0.304290589,0.0522069365,0.0532420129,0.12082648,0.00042970015,0.000247726423,0.000415685211,3911.46445,-2403.10004,-997.02627,1201.57585,1664.34425,953.712813,2647.75828,-178.192644,9110.81465,24600.0,164384.908561,5.479496952,-60.00000000000001,30000 3000,1e-06,2,0.0 0.0259,0.0 0.0,-1.0 0.0,0.00054857 28.0,80000,1000,5e-10,0.0,0.0 0.0 0.0,1000 1000000 0,0,0.0,0,100,0,,20,,1,,,,1.0,10.0,0.1,False,{},,,False,3,mixed,250,300,True,Ar_Aubin,,False,uniform,Argon-Aubin-Test2/20Td,3.0000000000000005e+21,1.37478e+24,0.0,1.6328066666666666e-13,1.6325155555555557e-13,0.0,0.0,0.0,0.0,0.0,0.0,0.0,0.0,0.0,0.0,0.0,2.2222222222222226e-19,4.444444444444445e-19,0.0,0.0,0.0,0.0,2.2222222222222226e-19,0.0,4.444444444444445e-19,4.444444444444445e-19,4.444444444444445e-19,6.666666666666668e-19,1.1333333333333335e-17,6.0000000000000004e-18,8.88888888888889e-18,0.0,0.0,0.0,0.0,0.0,0.0,1627.6160039041533,3909.2628273647415,1635.4352749760326,1666.0907847964593,1394.215811034716,744.1623310916002,-72.11202308925982,325.7121153140847,19259.740000000525,9.629870000000264e+23,0.0,0.0
1.235e-05,163991.0,5.46635,3e+22,9901.57,8376.28,15806.1,3.62547,3.66036,3.64451,0.000590066977,0.0011883811,0.305226052,0.0524482089,0.0534117392,0.121504742,0.000447822179,0.000238535685,0.000445407392,1482.92457,-612.107707,538.457831,162.657432,1180.26265,799.994302,2519.27766,2039.02078,6070.80992,24700.0,163990.620342,5.466354011,-60.00000000000001,30000 3000,1e-06,2,0.0 0.0259,0.0 0.0,-1.0 0.0,0.00054857 28.0,80000,1000,5e-10,0.0,0.0 0.0 0.0,1000 1000000 0,0,0.0,0,100,0,,20,,1,,,,1.0,10.0,0.1,False,{},,,False,3,mixed,250,300,True,Ar_Aubin,,False,uniform,Argon-Aubin-Test2/20Td,3.0000000000000005e+21,7.903050000000001e+23,0.0,1.63294e-13,1.6325844444444447e-13,0.0,0.0,0.0,0.0,0.0,0.0,0.0,0.0,0.0,0.0,0.0,0.0,1.5555555555555556e-18,0.0,0.0,0.0,0.0,2.2222222222222226e-19,2.2222222222222226e-19,8.88888888888889e-19,2.2222222222222226e-19,6.666666666666668e-19,1.1111111111111113e-18,1.088888888888889e-17,7.333333333333334e-18,1.1555555555555557e-17,0.0,2.2222222222222226e-19,2.2222222222222226e-19,0.0,4.444444444444445e-19,0.0,2411.8536368163136,1477.081980522546,1697.2159494151736,1170.308437159692,1080.8173446019698,1246.376419482799,-675.9118869395595,26.191713653200623,18709.260000000504,9.354630000000254e+23,0.0,0.0
1.24e-05,163743.0,5.45809,3e+22,164.664,620.833,15908.8,3.64503,3.66673,3.60298,0.000750871706,0.00126245286,0.306101263,0.0526266513,0.0536592824,0.12217009,0.00042517293,0.000293307568,0.00044694238,2452.793,295.664473,242.518501,-793.544558,3529.48735,-1284.20791,-480.385015,626.652553,5767.20249,24800.0,163742.627672,5.458087589,-60.00000000000001,30000 3000,1e-06,2,0.0 0.0259,0.0 0.0,-1.0 0.0,0.00054857 28.0,80000,1000,5e-10,0.0,0.0 0.0 0.0,1000 1000000 0,0,0.0,0,100,0,,20,,1,,,,1.0,10.0,0.1,False,{},,,False,3,mixed,250,300,True,Ar_Aubin,,False,uniform,Argon-Aubin-Test2/20Td,3.0000000000000005e+21,7.9544e+23,0.0,1.6299377777777777e-13,1.629628888888889e-13,0.0,0.0,0.0,0.0,0.0,0.0,0.0,0.0,0.0,0.0,0.0,0.0,4.444444444444445e-19,0.0,0.0,2.2222222222222226e-19,0.0,2.2222222222222226e-19,0.0,8.88888888888889e-19,8.88888888888889e-19,6.666666666666668e-19,1.1111111111111113e-18,8.666666666666667e-18,7.777777777777779e-18,9.111111111111112e-18,0.0,0.0,2.2222222222222226e-19,2.2222222222222226e-19,4.444444444444445e-19,0.0,1782.2677071847177,2452.669358461403,2473.6166241511037,3528.7035776035673,1303.0760931154184,897.4987171856001,100.65838495440201,-300.2158401670448,17504.21999999974,8.75210999999987e+23,0.0,0.0
1.245e-05,163616.0,5.45386,3e+22,3382.79,142.847,9244.57,3.68918,3.60092,3.61707,0.000707931729,0.00121716808,0.307052908,0.0528356031,0.0539372595,0.122875314,0.000448997528,0.00029266962,0.000436557057,2275.9793,385.013496,702.989034,-228.178735,2045.23602,59.0974374,380.482449,384.005381,4647.15889,24900.0,163615.731115,5.453857704,-60.00000000000001,30000 3000,1e-06,2,0.0 0.0259,0.0 0.0,-1.0 0.0,0.00054857 28.0,80000,1000,5e-10,0.0,0.0 0.0 0.0,1000 1000000 0,0,0.0,0,100,0,,20,,1,,,,1.0,10.0,0.1,False,{},,,False,3,mixed,250,300,True,Ar_Aubin,,False,uniform,Argon-Aubin-Test2/20Td,3.0000000000000005e+21,4.622285e+23,0.0,1.6278822222222223e-13,1.6275711111111112e-13,0.0,0.0,0.0,0.0,0.0,0.0,0.0,0.0,0.0,0.0,2.2222222222222226e-19,0.0,0.0,4.444444444444445e-19,0.0,0.0,0.0,4.444444444444445e-19,0.0,6.666666666666668e-19,1.3333333333333336e-18,0.0,1.5555555555555556e-18,1.1333333333333335e-17,4.888888888888889e-18,9.555555555555557e-18,0.0,2.2222222222222226e-19,0.0,0.0,4.444444444444445e-19,0.0,2090.1444098594957,2273.584515626456,2780.893890887565,2045.0621511912764,1217.1889893870803,1808.5867882904395,236.64667005293455,38.23145192271818,19032.90000000002,9.516450000000012e+23,0.0,0.0
1.25e-05,163336.0,5.44452,3e+22,-3009.59,1505.06,21227.6,3.6034,3.62221,3.6608,0.00080458935,0.00120077647,0.307999627,0.053080315,0.0541636848,0.123578038,0.000426077471,0.000316737463,0.00044990381,3644.26631,2201.35792,-645.021148,-1134.39082,1904.17895,488.542468,-571.5205,183.570273,8525.46739,25000.0,163335.553421,5.444518447,-60.00000000000001,30000 3000,1e-06,2,0.0 0.0259,0.0 0.0,-1.0 0.0,0.00054857 28.0,80000,1000,5e-10,0.0,0.0 0.0 0.0,1000 1000000 0,0,0.0,0,100,0,,20,,1,,,,1.0,10.0,0.1,False,{},,,False,3,mixed,250,300,True,Ar_Aubin,,False,uniform,Argon-Aubin-Test2/20Td,3.0000000000000005e+21,1.06138e+24,0.0,1.6234755555555556e-13,1.6231355555555557e-13,0.0,0.0,0.0,0.0,0.0,0.0,0.0,0.0,0.0,0.0,0.0,0.0,2.2222222222222226e-19,2.2222222222222226e-19,0.0,0.0,0.0,6.666666666666668e-19,0.0,4.444444444444445e-19,4.444444444444445e-19,6.666666666666668e-19,1.3333333333333336e-18,1.2222222222222223e-17,8.444444444444445e-18,8.222222222222223e-18,0.0,0.0,4.444444444444445e-19,4.444444444444445e-19,2.2222222222222226e-19,0.0,2445.657033107937,3646.6877940618665,2264.649340040642,1902.3717093660619,1204.4207911734995,1987.3745078948004,-127.45761266508966,-306.6685514631299,18934.379999999695,9.467189999999847e+23,0.0,0.0
1.255e-05,163436.0,5.44788,3e+22,-8574.43,4165.02,21967.1,3.64322,3.59739,3.65189,0.000713557434,0.00122323966,0.309047967,0.0533016586,0.0543759646,0.12435824,0.000404959772,0.000288004579,0.000476556187,182.63903,-930.657243,-389.440308,-43.8823555,1147.32378,-2260.76803,-2697.1151,1181.71992,7118.25064,25100.0,163436.37686,5.447879229,-60.00000000000001,30000 3000,1e-06,2,0.0 0.0259,0.0 0.0,-1.0 0.0,0.00054857 28.0,80000,1000,5e-10,0.0,0.0 0.0 0.0,1000 1000000 0,0,0.0,0,100,0,,20,,1,,,,1.0,10.0,0.1,False,{},,,False,3,mixed,250,300,True,Ar_Aubin,,False,uniform,Argon-Aubin-Test2/20Td,3.0000000000000005e+21,1.0983550000000001e+24,0.0,1.622791111111111e-13,1.6224911111111113e-13,0.0,0.0,0.0,0.0,0.0,0.0,0.0,0.0,0.0,2.2222222222222226e-19,4.444444444444445e-19,2.2222222222222226e-19,1.1111111111111113e-18,4.444444444444445e-19,0.0,0.0,0.0,2.2222222222222226e-19,2.2222222222222226e-19,4.444444444444445e-19,2.2222222222222226e-19,8.88888888888889e-19,1.777777777777778e-18,8.444444444444445e-18,8.222222222222223e-18,6.6666666666666674e-18,0.0,0.0,0.0,0.0,4.444444444444445e-19,0.0,2214.8179981051203,188.7573782688126,2122.2534886510684,1142.2289623513068,1333.2632530604906,329.3630441143014,-28.862772545284304,-452.32003582461175,20966.79999999962,1.0483399999999811e+24,0.0,0.0
1.26e-05,163934.0,5.46448,3e+22,2920.79,3009.37,21367.9,3.65019,3.64003,3.63605,0.000619022642,0.00121107512,0.310299361,0.0535459951,0.0545836841,0.125219928,0.000368711687,0.000269564557,0.000456758028,2655.66819,-779.578497,-598.974767,-695.874938,631.047035,307.888899,898.48569,1735.79491,8513.2696,25200.0,163934.368949,5.464478965,-60.00000000000001,30000 3000,1e-06,2,0.0 0.0259,0.0 0.0,-1.0 0.0,0.00054857 28.0,80000,1000,5e-10,0.0,0.0 0.0 0.0,1000 1000000 0,0,0.0,0,100,0,,20,,1,,,,1.0,10.0,0.1,False,{},,,False,3,mixed,250,300,True,Ar_Aubin,,False,uniform,Argon-Aubin-Test2/20Td,3.0000000000000005e+21,1.0683950000000002e+24,0.0,1.6240133333333334e-13,1.623717777777778e-13,0.0,0.0,0.0,0.0,0.0,0.0,0.0,0.0,0.0,0.0,0.0,0.0,4.444444444444445e-19,4.444444444444445e-19,0.0,0.0,2.2222222222222226e-19,6.666666666666668e-19,0.0,6.666666666666668e-19,4.444444444444445e-19,1.1111111111111113e-18,1.5555555555555556e-18,8.222222222222223e-18,6.2222222222222225e-18,9.333333333333335e-18,0.0,0.0,0.0,0.0,2.2222222222222226e-19,0.0,2444.624751803057,2653.8601548574725,2077.491123195149,627.4024618661257,866.4046982476137,1882.8238840880995,200.02244116609825,-620.0355615271819,25027.880000000336,1.2513940000000168e+24,0.0,0.0
1.265e-05,164223.0,5.47411,3e+22,-69.5402,83.532,18412.4,3.66653,3.64788,3.63187,0.000716745261,0.0011175466,0.311451329,0.0537715199,0.0547688367,0.126080972,0.000383719689,0.000301471812,0.000412602532,1556.06344,248.838319,94.8289956,619.732762,2920.9619,1437.1085,1714.75361,1635.55551,7991.80133,25300.0,164223.150081,5.474105003,-60.00000000000001,30000 3000,1e-06,2,0.0 0.0259,0.0 0.0,-1.0 0.0,0.00054857 28.0,80000,1000,5e-10,0.0,0.0 0.0 0.0,1000 1000000 0,0,0.0,0,100,0,,20,,1,,,,1.0,10.0,0.1,False,{},,,False,3,mixed,250,300,True,Ar_Aubin,,False,uniform,Argon-Aubin-Test2/20Td,3.0000000000000005e+21,9.206200000000002e+23,0.0,1.632631111111111e-13,1.6323311111111113e-13,0.0,0.0,0.0,0.0,0.0,0.0,2.2222222222222226e-19,2.2222222222222226e-19,0.0,0.0,0.0,0.0,8.88888888888889e-19,4.444444444444445e-19,0.0,2.2222222222222226e-19,4.444444444444445e-19,6.666666666666668e-19,0.0,4.444444444444445e-19,1.3333333333333336e-18,0.0,6.666666666666668e-19,9.777777777777779e-18,6.0000000000000004e-18,8.666666666666667e-18,0.0,0.0,0.0,0.0,0.0,0.0,2253.9426526214934,1556.113282608799,1853.7039254310635,2920.8685490974085,1448.071011420915,2257.2348799204,15.166423284597528,1818.0439928652895,23039.360000000066,1.1519680000000034e+24,0.0,0.0
1.27e-05,163854.0,5.4618,3e+22,-1373.23,5540.13,17969.1,3.6475,3.65058,3.6235,0.000783316558,0.00115087316,0.312350625,0.0539609283,0.0550735741,0.126732205,0.000365203994,0.000340412922,0.000486322196,1740.96803,-407.292281,318.80654,-613.631518,3627.33032,-1457.54765,147.117489,1066.60893,7192.4133,25400.0,163854.018257,5.461800609,-60.00000000000001,30000 3000,1e-06,2,0.0 0.0259,0.0 0.0,-1.0 0.0,0.00054857 28.0,80000,1000,5e-10,0.0,0.0 0.0 0.0,1000 1000000 0,0,0.0,0,100,0,,20,,1,,,,1.0,10.0,0.1,False,{},,,False,3,mixed,250,300,True,Ar_Aubin,,False,uniform,Argon-Aubin-Test2/20Td,3.0000000000000005e+21,8.98455e+23,0.0,1.6300755555555555e-13,1.6297377777777778e-13,2.2222222222222226e-19,0.0,0.0,0.0,0.0,0.0,0.0,4.444444444444445e-19,0.0,0.0,0.0,0.0,4.444444444444445e-19,4.444444444444445e-19,0.0,0.0,2.2222222222222226e-19,8.88888888888889e-19,0.0,6.666666666666668e-19,1.1111111111111113e-18,2.2222222222222226e-19,1.777777777777778e-18,1.0222222222222223e-17,7.777777777777779e-18,8.444444444444445e-18,0.0,0.0,4.444444444444445e-19,2.2222222222222226e-19,2.2222222222222226e-19,0.0,1893.0853893912858,1742.0437037969423,3046.6180137277147,3620.9543330800893,902.5039797559698,1579.7536843125008,350.05915257506297,880.7777842063922,17985.91999999988,8.99295999999994e+23,0.0,0.0
1.275e-05,163491.0,5.44968,3e+22,9271.96,-4192.18,26795.2,3.68705,3.60669,3.60096,0.000854775725,0.00120445875,0.313321681,0.0541020483,0.0552948491,0.127464086,0.000391913407,0.000325178486,0.000505678329,2825.34163,-1006.34414,1832.11934,1316.68606,505.836022,939.203019,2285.13415,-1914.50953,9678.91603,25500.0,163490.526867,5.449684229,-60.00000000000001,30000 3000,1e-06,2,0.0 0.0259,0.0 0.0,-1.0 0.0,0.00054857 28.0,80000,1000,5e-10,0.0,0.0 0.0 0.0,1000 1000000 0,0,0.0,0,100,0,,20,,1,,,,1.0,10.0,0.1,False,{},,,False,3,mixed,250,300,True,Ar_Aubin,,False,uniform,Argon-Aubin-Test2/20Td,3.0000000000000005e+21,1.3397600000000003e+24,0.0,1.6275266666666665e-13,1.6271644444444446e-13,0.0,0.0,2.2222222222222226e-19,0.0,0.0,0.0,0.0,0.0,0.0,0.0,0.0,2.2222222222222226e-19,1.3333333333333336e-18,4.444444444444445e-19,0.0,0.0,0.0,6.666666666666668e-19,0.0,4.444444444444445e-19,4.444444444444445e-19,8.88888888888889e-19,1.1111111111111113e-18,1.0222222222222223e-17,9.111111111111112e-18,1.0666666666666668e-17,0.0,2.2222222222222226e-19,0.0,0.0,2.2222222222222226e-19,0.0,1410.0294328998204,2817.416183668829,2211.4878814995245,510.88532988257504,1243.1815322486161,1283.3989232688,-767.6957314169011,1189.2435101287201,19421.120000000516,9.710560000000258e+23,0.0,0.0
1.28e-05,163604.0,5.45345,3e+22,-721.87,877.94,16920.7,3.64559,3.60503,3.65465,0.000837008039,0.00130338323,0.314397448,0.054367004,0.0555550404,0.128276214,0.000392237654,0.000309865644,0.000513907255,2042.71707,227.824522,179.814152,-496.034761,2783.04564,-1197.23222,-1039.16631,1607.48464,6098.62026,25600.0,163603.618456,5.453453949,-60.00000000000001,30000 3000,1e-06,2,0.0 0.0259,0.0 0.0,-1.0 0.0,0.00054857 28.0,80000,1000,5e-10,0.0,0.0 0.0 0.0,1000 1000000 0,0,0.0,0,100,0,,20,,1,,,,1.0,10.0,0.1,False,{},,,False,3,mixed,250,300,True,Ar_Aubin,,False,uniform,Argon-Aubin-Test2/20Td,3.0000000000000005e+21,8.460350000000001e+23,0.0,1.6262777777777778e-13,1.625968888888889e-13,0.0,0.0,0.0,0.0,0.0,0.0,0.0,0.0,0.0,2.2222222222222226e-19,0.0,2.2222222222222226e-19,4.444444444444445e-19,0.0,2.2222222222222226e-19,0.0,0.0,2.2222222222222226e-19,0.0,8.88888888888889e-19,4.444444444444445e-19,4.444444444444445e-19,2.2222222222222226e-18,7.555555555555556e-18,6.6666666666666674e-18,1.0666666666666668e-17,0.0,2.2222222222222226e-19,0.0,0.0,4.444444444444445e-19,0.0,2649.8575908269486,2043.3212809931129,2599.432130362053,2781.9013477270537,1368.4847575304304,778.7953616263994,-212.92532764181416,-646.5608341377473,21515.340000000106,1.0757670000000053e+24,0.0,0.0
1.285e-05,163694.0,5.45647,3e+22,1350.86,5317.18,24058.8,3.64907,3.66014,3.60028,0.000738541585,0.00125136241,0.315420209,0.0545999911,0.055771677,0.129061885,0.00039684679,0.000275751544,0.000509876871,1185.04367,1396.01621,114.630686,-68.2911883,2133.85793,-557.257009,-1008.35366,4004.33666,9581.13385,25700.0,163694.243314,5.456474777,-60.00000000000001,30000 3000,1e-06,2,0.0 0.0259,0.0 0.0,-1.0 0.0,0.00054857 28.0,80000,1000,5e-10,0.0,0.0 0.0 0.0,1000 1000000 0,0,0.0,0,100,0,,20,,1,,,,1.0,10.0,0.1,False,{},,,False,3,mixed,250,300,True,Ar_Aubin,,False,uniform,Argon-Aubin-Test2/20Td,3.0000000000000005e+21,1.2029400000000002e+24,0.0,1.6240222222222223e-13,1.6237244444444447e-13,0.0,0.0,0.0,0.0,0.0,0.0,0.0,0.0,0.0,0.0,0.0,0.0,4.444444444444445e-19,2.2222222222222226e-19,0.0,0.0,6.666666666666668e-19,6.666666666666668e-19,0.0,6.666666666666668e-19,2.2222222222222226e-19,4.444444444444445e-19,6.666666666666668e-19,8.222222222222223e-18,8.444444444444445e-18,8.88888888888889e-18,0.0,0.0,0.0,2.2222222222222226e-19,0.0,0.0,2331.4223878458106,1184.046003714487,2167.6949996308344,2127.204210820796,1415.1806330901795,1992.5021257108,-78.23699357613552,-1337.579941814938,20455.219999999663,1.0227609999999832e+24,0.0,0.0
1.29e-05,163948.0,5.46494,3e+22,-5382.8,-5570.77,19755.3,3.6429,3.5985,3.68592,0.000853531527,0.0012324427,0.316527468,0.0548004854,0.0559954218,0.129856918,0.000381539436,0.000292461436,0.000474378727,210.814825,-1356.15685,-526.062537,1694.01403,865.618267,489.587834,-1487.8725,-2644.26559,6393.6238,25800.0,163948.275672,5.464942522,-60.00000000000001,30000 3000,1e-06,2,0.0 0.0259,0.0 0.0,-1.0 0.0,0.00054857 28.0,80000,1000,5e-10,0.0,0.0 0.0 0.0,1000 1000000 0,0,0.0,0,100,0,,20,,1,,,,1.0,10.0,0.1,False,{},,,False,3,mixed,250,300,True,Ar_Aubin,,False,uniform,Argon-Aubin-Test2/20Td,3.0000000000000005e+21,9.87765e+23,2.222222222222222e-19,1.6269155555555555e-13,1.6266244444444446e-13,0.0,0.0,0.0,0.0,0.0,2.2222222222222226e-19,0.0,0.0,0.0,0.0,0.0,0.0,4.444444444444445e-19,4.444444444444445e-19,0.0,0.0,4.444444444444445e-19,6.666666666666668e-19,0.0,8.88888888888889e-19,6.666666666666668e-19,8.88888888888889e-19,1.5555555555555556e-18,7.555555555555556e-18,5.555555555555556e-18,9.333333333333335e-18,0.0,2.2222222222222226e-19,0.0,0.0,0.0,2.2222222222222226e-19,2003.1122760519327,215.40921450353562,2237.9179287237985,872.4839218198789,953.0324711268246,140.52871141960077,-410.1068000718469,-326.99275362494313,22145.179999999433,1.1072589999999717e+24,1.0034789612106468e-23,1.1248739438136714e-23
1.295e-05,163923.0,5.46408,3e+22,1812.08,1122.08,14650.3,3.62998,3.62264,3.6743,0.000914276475,0.00113984427,0.317562237,0.0550106574,0.056176583,0.130619096,0.000353592055,0.000320056032,0.000450640758,2342.34745,-989.906416,928.759563,308.517415,3475.82277,1207.60787,1592.40431,868.450899,5196.36729,25900.0,163922.548446,5.464084948,-60.00000000000001,30000 3000,1e-06,2,0.0 0.0259,0.0 0.0,-1.0 0.0,0.00054857 28.0,80000,1000,5e-10,0.0,0.0 0.0 0.0,1000 1000000 0,0,0.0,0,100,0,,20,,1,,,,1.0,10.0,0.1,False,{},,,False,3,mixed,250,300,True,Ar_Aubin,,False,uniform,Argon-Aubin-Test2/20Td,3.0000000000000005e+21,7.32515e+23,0.0,1.6257133333333333e-13,1.6253933333333336e-13,2.2222222222222226e-19,0.0,0.0,0.0,0.0,0.0,2.2222222222222226e-19,0.0,0.0,2.2222222222222226e-19,2.2222222222222226e-19,0.0,2.2222222222222226e-19,0.0,0.0,0.0,6.666666666666668e-19,6.666666666666668e-19,0.0,4.444444444444445e-19,2.2222222222222226e-19,2.2222222222222226e-19,1.777777777777778e-18,9.111111111111112e-18,6.2222222222222225e-18,1.0444444444444445e-17,0.0,4.444444444444445e-19,2.2222222222222226e-19,0.0,4.444444444444445e-19,0.0,2100.6461459484317,2340.6907078851823,1813.8087004893057,3474.5437735415185,1060.4163004682143,543.9852492788996,148.42172924018033,1932.3212699353471,20695.38000000093,1.0347690000000466e+24,0.0,0.0
1.3e-05,163878.0,5.46262,3e+22,2256.32,2334.89,17317.6,3.63227,3.64329,3.64791,0.000918712479,0.0011499668,0.318573696,0.0552236037,0.0564150512,0.131358911,0.000328478564,0.000308452866,0.000480621276,1248.69716,1736.607,1165.76799,-92.6050003,1799.87878,-725.5687,659.838156,1634.29186,3936.70399,26000.0,163878.452433,5.462615081,-60.00000000000001,30000 3000,1e-06,2,0.0 0.0259,0.0 0.0,-1.0 0.0,0.00054857 28.0,80000,1000,5e-10,0.0,0.0 0.0 0.0,1000 1000000 0,0,0.0,0,100,0,,20,,1,,,,1.0,10.0,0.1,False,{},,,False,3,mixed,250,300,True,Ar_Aubin,,False,uniform,Argon-Aubin-Test2/20Td,3.0000000000000005e+21,8.6588e+23,0.0,1.6265955555555555e-13,1.6262800000000002e-13,0.0,0.0,0.0,0.0,0.0,0.0,2.2222222222222226e-19,0.0,0.0,0.0,2.2222222222222226e-19,2.2222222222222226e-19,2.2222222222222226e-19,4.444444444444445e-19,0.0,0.0,0.0,4.444444444444445e-19,2.2222222222222226e-19,8.88888888888889e-19,1.1111111111111113e-18,2.2222222222222226e-19,1.777777777777778e-18,9.777777777777779e-18,7.555555555555556e-18,7.777777777777779e-18,0.0,0.0,2.2222222222222226e-19,0.0,2.2222222222222226e-19,0.0,2129.3816885366996,1246.6242506593826,2384.450213187561,1797.193734018348,963.8958534376186,-1580.2278478496,-278.8222671775559,1090.8920490149494,20229.179999999847,1.0114589999999924e+24,0.0,0.0
1.305e-05,164211.0,5.4737,3e+22,-2258.0,1858.01,18369.1,3.62391,3.64704,3.67448,0.000935504241,0.00126784726,0.319633882,0.0554572054,0.0566252477,0.132100302,0.000364521628,0.000322429012,0.00051247349,338.515887,463.239133,1054.18404,271.427299,1127.90141,234.726338,-77.9469696,1254.03925,6587.34407,26100.0,164210.858886,5.473695296,-60.00000000000001,30000 3000,1e-06,2,0.0 0.0259,0.0 0.0,-1.0 0.0,0.00054857 28.0,80000,1000,5e-10,0.0,0.0 0.0 0.0,1000 1000000 0,0,0.0,0,100,0,,20,,1,,,,1.0,10.0,0.1,False,{},,,False,3,mixed,250,300,True,Ar_Aubin,,False,uniform,Argon-Aubin-Test2/20Td,3.0000000000000005e+21,9.184549999999999e+23,0.0,1.6269044444444444e-13,1.6266422222222224e-13,0.0,0.0,0.0,0.0,0.0,0.0,0.0,0.0,0.0,0.0,0.0,0.0,6.666666666666668e-19,2.2222222222222226e-19,2.2222222222222226e-19,0.0,0.0,6.666666666666668e-19,0.0,1.1111111111111113e-18,2.2222222222222226e-19,8.88888888888889e-19,6.666666666666668e-19,7.555555555555556e-18,6.8888888888888895e-18,6.6666666666666674e-18,0.0,0.0,0.0,0.0,4.444444444444445e-19,0.0,2335.705644341407,340.62825557617805,2099.1148696640485,1125.5457371124473,647.7226071052722,715.9573281538005,152.698476361177,1680.786005002647,21203.71999999926,1.060185999999963e+24,0.0,0.0
1.31e-05,164365.0,5.47884,3e+22,2621.84,-2671.21,20077.8,3.64882,3.66968,3.63681,0.000787189799,0.0012005317,0.320696002,0.0556827266,0.056757825,0.132901165,0.000382117388,0.000271510103,0.000489470795,1735.18562,-324.572532,713.0877,-685.04036,2696.595,-302.495701,848.144133,-209.510981,8186.67735,26200.0,164365.17087,5.478839029,-60.00000000000001,30000 3000,1e-06,2,0.0 0.0259,0.0 0.0,-1.0 0.0,0.00054857 28.0,80000,1000,5e-10,0.0,0.0 0.0 0.0,1000 1000000 0,0,0.0,0,100,0,,20,,1,,,,1.0,10.0,0.1,False,{},,,False,3,mixed,250,300,True,Ar_Aubin,,False,uniform,Argon-Aubin-Test2/20Td,3.0000000000000005e+21,1.00389e+24,0.0,1.6297866666666666e-13,1.6294911111111114e-13,0.0,2.2222222222222226e-19,0.0,0.0,0.0,0.0,0.0,0.0,0.0,0.0,0.0,0.0,4.444444444444445e-19,2.2222222222222226e-19,0.0,0.0,0.0,8.88888888888889e-19,0.0,1.3333333333333336e-18,4.444444444444445e-19,2.2222222222222226e-19,3.1111111111111112e-18,6.8888888888888895e-18,7.555555555555556e-18,7.555555555555556e-18,0.0,2.2222222222222226e-19,0.0,0.0,4.444444444444445e-19,0.0,2257.7670040527937,1733.1217342973898,1327.4346031198065,2699.8018722823567,1207.5582360590588,1747.8071610444003,-86.97356352380115,704.6131877699578,21242.399999999994,1.0621199999999997e+24,0.0,0.0
1.315e-05,164212.0,5.47374,3e+22,135.126,971.082,16613.8,3.64671,3.65772,3.64149,0.000778435327,0.00134252607,0.321833527,0.0558970102,0.0569971418,0.133824194,0.000387185882,0.000280092548,0.000554507691,2467.14457,293.169695,570.876299,-568.254703,3599.16206,-941.449452,-1821.1499,794.407606,6158.81882,26300.0,164212.319938,5.473743998,-60.00000000000001,30000 3000,1e-06,2,0.0 0.0259,0.0 0.0,-1.0 0.0,0.00054857 28.0,80000,1000,5e-10,0.0,0.0 0.0 0.0,1000 1000000 0,0,0.0,0,100,0,,20,,1,,,,1.0,10.0,0.1,False,{},,,False,3,mixed,250,300,True,Ar_Aubin,,False,uniform,Argon-Aubin-Test2/20Td,3.0000000000000005e+21,8.3069e+23,0.0,1.6311977777777777e-13,1.630817777777778e-13,0.0,0.0,2.2222222222222226e-19,0.0,0.0,0.0,0.0,2.2222222222222226e-19,0.0,0.0,2.2222222222222226e-19,0.0,4.444444444444445e-19,2.2222222222222226e-19,0.0,0.0,2.2222222222222226e-19,4.444444444444445e-19,0.0,1.777777777777778e-18,8.88888888888889e-19,4.444444444444445e-19,2.4444444444444447e-18,1.1111111111111113e-17,8.222222222222223e-18,1.1111111111111113e-17,0.0,0.0,0.0,0.0,0.0,0.0,2142.9730622132824,2467.0393831480037,2389.5570011407685,3597.858357098892,1921.3559752427611,811.9409691274004,210.08959049350557,-1306.6944470051144,22750.500000000564,1.1375250000000282e+24,0.0,0.0
1.32e-05,164260.0,5.47534,3e+22,-1965.82,-9478.39,15246.2,3.67127,3.65433,3.62323,0.00076319772,0.00138568964,0.322786774,0.0560943233,0.0572032451,0.134582904,0.000389615779,0.00028510321,0.00057867914,1672.82898,-1795.31894,-314.817585,-168.56337,1993.77972,-104.463197,-1331.60835,-3152.96335,6337.93144,26400.0,164260.26878,5.475342293,-60.00000000000001,30000 3000,1e-06,2,0.0 0.0259,0.0 0.0,-1.0 0.0,0.00054857 28.0,80000,1000,5e-10,0.0,0.0 0.0 0.0,1000 1000000 0,0,0.0,0,100,0,,20,,1,,,,1.0,10.0,0.1,False,{},,,False,3,mixed,250,300,True,Ar_Aubin,,False,uniform,Argon-Aubin-Test2/20Td,3.0000000000000005e+21,7.623100000000001e+23,0.0,1.6317977777777778e-13,1.63152e-13,0.0,0.0,0.0,0.0,0.0,0.0,0.0,0.0,0.0,0.0,0.0,0.0,0.0,0.0,0.0,2.2222222222222226e-19,2.2222222222222226e-19,4.444444444444445e-19,0.0,1.1111111111111113e-18,4.444444444444445e-19,1.3333333333333336e-18,2.2222222222222226e-19,8.444444444444445e-18,7.111111111111112e-18,7.333333333333334e-18,0.0,0.0,2.2222222222222226e-19,2.2222222222222226e-19,4.444444444444445e-19,0.0,1973.365907985067,1674.3292893419305,2059.855404702299,2006.9138268268796,1442.2763193265575,1416.6597262411997,183.74237733706133,-1023.521104013984,19064.93999999981,9.532469999999906e+23,0.0,0.0
1.325e-05,164148.0,5.47161,3e+22,-1635.75,-3943.99,20142.8,3.62968,3.64115,3.66998,0.000765204771,0.00130508322,0.323720026,0.0562927548,0.0574681453,0.135302417,0.000389838507,0.000262132234,0.000547051152,1758.99817,76.4427559,-436.634832,-896.056372,3324.67896,-1369.47784,-141.475582,-49.4234571,8466.05794,26500.0,164148.257058,5.471608569,-60.00000000000001,30000 3000,1e-06,2,0.0 0.0259,0.0 0.0,-1.0 0.0,0.00054857 28.0,80000,1000,5e-10,0.0,0.0 0.0 0.0,1000 1000000 0,0,0.0,0,100,0,,20,,1,,,,1.0,10.0,0.1,False,{},,,False,3,mixed,250,300,True,Ar_Aubin,,False,uniform,Argon-Aubin-Test2/20Td,3.0000000000000005e+21,1.0071400000000001e+24,0.0,1.6243422222222222e-13,1.6240422222222225e-13,2.2222222222222226e-19,0.0,0.0,0.0,0.0,2.2222222222222226e-19,0.0,0.0,0.0,0.0,0.0,0.0,6.666666666666668e-19,0.0,0.0,0.0,0.0,6.666666666666668e-19,0.0,8.88888888888889e-19,1.1111111111111113e-18,8.88888888888889e-19,8.88888888888889e-19,1.0666666666666668e-17,5.555555555555556e-18,7.333333333333334e-18,0.0,4.444444444444445e-19,0.0,0.0,4.444444444444445e-19,0.0,1984.2843241824755,1760.2498537041633,2651.1709356728115,3329.826195168848,1161.592358864122,1945.430200287201,-486.6590880097755,-63.998748131798834,18665.03999999991,9.332519999999955e+23,0.0,0.0
1.33e-05,163969.0,5.46563,3e+22,-1904.73,2046.25,27352.7,3.6212,3.66604,3.63972,0.000820812771,0.00129450011,0.324703528,0.0565004622,0.0576766839,0.136079519,0.000388107166,0.000295029917,0.000553297496,467.945689,-1156.72912,453.33915,-585.003965,-654.809768,-1214.26946,-547.943675,-1156.63428,11854.9197,26600.0,163968.901892,5.465630063,-60.00000000000001,30000 3000,1e-06,2,0.0 0.0259,0.0 0.0,-1.0 0.0,0.00054857 28.0,80000,1000,5e-10,0.0,0.0 0.0 0.0,1000 1000000 0,0,0.0,0,100,0,,20,,1,,,,1.0,10.0,0.1,False,{},,,False,3,mixed,250,300,True,Ar_Aubin,,False,uniform,Argon-Aubin-Test2/20Td,3.0000000000000005e+21,1.367635e+24,0.0,1.6275822222222223e-13,1.6272488888888891e-13,0.0,0.0,0.0,0.0,0.0,0.0,2.2222222222222226e-19,0.0,0.0,0.0,0.0,0.0,4.444444444444445e-19,4.444444444444445e-19,0.0,0.0,2.2222222222222226e-19,4.444444444444445e-19,2.2222222222222226e-19,8.88888888888889e-19,6.666666666666668e-19,0.0,2.666666666666667e-18,8.88888888888889e-18,8.222222222222223e-18,9.333333333333335e-18,0.0,2.2222222222222226e-19,2.2222222222222226e-19,0.0,2.2222222222222226e-19,0.0,2076.1920473652553,469.50911570930685,2085.6611167632823,-657.4586388500875,1393.7613779387016,2973.4015096743988,281.7797758457579,501.41658040610844,19670.0400000005,9.835020000000251e+23,0.0,0.0
1.335e-05,164135.0,5.47117,3e+22,-1968.02,4525.6,15622.8,3.65211,3.66528,3.62342,0.000900082069,0.00129776249,0.32580444,0.0567015469,0.0579203375,0.136924604,0.000380045089,0.000309348209,0.000525511149,2234.06366,-1519.37266,-298.847177,-109.851087,2122.43117,-78.2170825,-1610.10783,2110.77567,6163.64299,26700.0,164134.951718,5.471165057,-60.00000000000001,30000 3000,1e-06,2,0.0 0.0259,0.0 0.0,-1.0 0.0,0.00054857 28.0,80000,1000,5e-10,0.0,0.0 0.0 0.0,1000 1000000 0,0,0.0,0,100,0,,20,,1,,,,1.0,10.0,0.1,False,{},,,False,3,mixed,250,300,True,Ar_Aubin,,False,uniform,Argon-Aubin-Test2/20Td,3.0000000000000005e+21,7.8114e+23,0.0,1.628391111111111e-13,1.6280822222222224e-13,0.0,0.0,0.0,0.0,0.0,0.0,0.0,0.0,0.0,0.0,2.2222222222222226e-19,0.0,6.666666666666668e-19,2.2222222222222226e-19,0.0,0.0,2.2222222222222226e-19,6.666666666666668e-19,0.0,0.0,8.88888888888889e-19,2.2222222222222226e-19,8.88888888888889e-19,8.222222222222223e-18,9.777777777777779e-18,8.666666666666667e-18,0.0,2.2222222222222226e-19,0.0,0.0,0.0,0.0,2009.482858741016,2235.835039513433,2436.451430543468,2116.5580160752556,1289.3297193321275,1073.6653847680009,-248.23279746860433,-1281.8271551387734,22018.23999999908,1.1009119999999542e+24,0.0,0.0
1.34e-05,164298.0,5.47662,3e+22,287.671,7270.06,15664.0,3.65784,3.64336,3.65033,0.000942151596,0.00146164323,0.326768584,0.0569090608,0.0581546255,0.137676669,0.000359999202,0.000314571822,0.000600335646,1774.21617,2348.99007,-297.548291,-855.72371,-478.449656,-1035.33194,119.931042,2779.7135,5711.58663,26800.0,164298.46401,5.476615467,-60.00000000000001,30000 3000,1e-06,2,0.0 0.0259,0.0 0.0,-1.0 0.0,0.00054857 28.0,80000,1000,5e-10,0.0,0.0 0.0 0.0,1000 1000000 0,0,0.0,0,100,0,,20,,1,,,,1.0,10.0,0.1,False,{},,,False,3,mixed,250,300,True,Ar_Aubin,,False,uniform,Argon-Aubin-Test2/20Td,3.0000000000000005e+21,7.832000000000001e+23,0.0,1.6296888888888888e-13,1.6294266666666668e-13,0.0,0.0,0.0,0.0,0.0,0.0,0.0,0.0,0.0,0.0,0.0,0.0,0.0,0.0,2.2222222222222226e-19,0.0,4.444444444444445e-19,0.0,2.2222222222222226e-19,6.666666666666668e-19,8.88888888888889e-19,4.444444444444445e-19,4.444444444444445e-19,8e-18,7.777777777777779e-18,6.6666666666666674e-18,0.0,2.2222222222222226e-19,0.0,0.0,2.2222222222222226e-19,0.0,2074.363981010921,1773.945140308227,2338.3578654864737,-489.07588998069383,1228.9063434854643,593.0835302240002,-187.8239098734738,-286.376956927608,19282.880000000005,9.641440000000002e+23,0.0,0.0
1.345e-05,164199.0,5.4733,3e+22,-5883.02,337.121,12822.3,3.64373,3.65618,3.64555,0.000921586722,0.00150102517,0.327743925,0.0570739922,0.0583432231,0.138467291,0.000398823763,0.000303297455,0.00055420823,1301.58366,-2677.88789,-626.479644,2468.48136,1727.93751,1631.96074,-2317.44465,967.929177,4284.74186,26900.0,164198.925621,5.473297521,-60.00000000000001,30000 3000,1e-06,2,0.0 0.0259,0.0 0.0,-1.0 0.0,0.00054857 28.0,80000,1000,5e-10,0.0,0.0 0.0 0.0,1000 1000000 0,0,0.0,0,100,0,,20,,1,,,,1.0,10.0,0.1,False,{},,,False,3,mixed,250,300,True,Ar_Aubin,,False,uniform,Argon-Aubin-Test2/20Td,3.0000000000000005e+21,6.41115e+23,0.0,1.6293199999999999e-13,1.629006666666667e-13,0.0,0.0,0.0,0.0,0.0,0.0,0.0,2.2222222222222226e-19,0.0,0.0,0.0,0.0,2.2222222222222226e-19,2.2222222222222226e-19,0.0,4.444444444444445e-19,0.0,8.88888888888889e-19,0.0,2.2222222222222226e-18,4.444444444444445e-19,2.2222222222222226e-19,2e-18,8.666666666666667e-18,7.777777777777779e-18,7.333333333333334e-18,0.0,2.2222222222222226e-19,2.2222222222222226e-19,0.0,2.2222222222222226e-19,0.0,1649.69727543679,1307.0053731172604,1884.809243708277,1727.4314828936645,1522.491149594102,82.31093047250033,-109.0654711580761,-1027.6170897720003,19506.82000000037,9.753410000000186e+23,0.0,0.0
1.35e-05,163723.0,5.45744,3e+22,-10717.7,-3635.79,14182.0,3.6218,3.64933,3.64188,0.000768936487,0.00149855614,0.328579335,0.0572181916,0.0586007912,0.139123322,0.000430022252,0.000231647522,0.000545650542,2971.56033,502.816805,368.945333,-941.595786,843.501281,-243.196392,-3333.53657,-1588.9791,5462.00149,27000.0,163723.136906,5.457437897,-60.00000000000001,30000 3000,1e-06,2,0.0 0.0259,0.0 0.0,-1.0 0.0,0.00054857 28.0,80000,1000,5e-10,0.0,0.0 0.0 0.0,1000 1000000 0,0,0.0,0,100,0,,20,,1,,,,1.0,10.0,0.1,False,{},,,False,3,mixed,250,300,True,Ar_Aubin,,False,uniform,Argon-Aubin-Test2/20Td,3.0000000000000005e+21,7.091e+23,0.0,1.6319333333333332e-13,1.6315955555555558e-13,0.0,0.0,0.0,0.0,0.0,0.0,0.0,2.2222222222222226e-19,0.0,2.2222222222222226e-19,2.2222222222222226e-19,0.0,4.444444444444445e-19,2.2222222222222226e-19,0.0,2.2222222222222226e-19,2.2222222222222226e-19,8.88888888888889e-19,0.0,6.666666666666668e-19,4.444444444444445e-19,0.0,2.666666666666667e-18,1.1777777777777779e-17,7.555555555555556e-18,7.777777777777779e-18,0.0,0.0,0.0,0.0,2.2222222222222226e-19,0.0,1444.5745876513067,2979.80156058672,2575.755060562415,848.9497164282506,1077.3198536341567,802.08936103,-445.24246119064577,546.118444470866,16708.19999999962,8.354099999999809e+23,0.0,0.0
1.355e-05,163624.0,5.45415,3e+22,1553.49,1305.44,14397.5,3.60403,3.66625,3.63682,0.000702067684,0.00139871574,0.329547184,0.0574793837,0.0587975981,0.139876365,0.000400266043,0.000158850256,0.000496071809,2142.71453,-366.02579,150.731418,-2148.32973,606.151667,216.673701,614.246622,727.097222,4818.01709,27100.0,163624.414088,5.454147136,-60.00000000000001,30000 3000,1e-06,2,0.0 0.0259,0.0 0.0,-1.0 0.0,0.00054857 28.0,80000,1000,5e-10,0.0,0.0 0.0 0.0,1000 1000000 0,0,0.0,0,100,0,,20,,1,,,,1.0,10.0,0.1,False,{},,,False,3,mixed,250,300,True,Ar_Aubin,,False,uniform,Argon-Aubin-Test2/20Td,3.0000000000000005e+21,7.19875e+23,0.0,1.6270488888888888e-13,1.6267355555555558e-13,0.0,2.2222222222222226e-19,0.0,0.0,0.0,0.0,0.0,0.0,0.0,0.0,0.0,0.0,4.444444444444445e-19,0.0,0.0,0.0,6.666666666666668e-19,6.666666666666668e-19,0.0,8.88888888888889e-19,4.444444444444445e-19,2.2222222222222226e-19,6.666666666666668e-19,1.1111111111111113e-17,8e-18,8e-18,0.0,0.0,0.0,0.0,0.0,0.0,2612.904642881192,2141.623874873583,1970.9616478340993,604.3257275243744,1160.7590671235125,73.3615083600007,-1030.1010936781142,242.92176564745,19356.980000000414,9.678490000000208e+23,0.0,0.0
1.36e-05,163657.0,5.45524,3e+22,-8008.26,-390.197,15548.3,3.64988,3.63563,3.62323,0.000657122974,0.00137581657,0.330555207,0.0577342725,0.0589601537,0.140660032,0.000340107005,0.000118664933,0.000504317966,2635.98012,763.310221,2435.82219,-68.9475426,1640.82916,1006.74139,-2594.06036,-218.184568,6620.9612,27200.0,163657.13652,5.455237884,-60.00000000000001,30000 3000,1e-06,2,0.0 0.0259,0.0 0.0,-1.0 0.0,0.00054857 28.0,80000,1000,5e-10,0.0,0.0 0.0 0.0,1000 1000000 0,0,0.0,0,100,0,,20,,1,,,,1.0,10.0,0.1,False,{},,,False,3,mixed,250,300,True,Ar_Aubin,,False,uniform,Argon-Aubin-Test2/20Td,3.0000000000000005e+21,7.774149999999999e+23,0.0,1.6268066666666667e-13,1.6265044444444445e-13,0.0,0.0,0.0,0.0,0.0,0.0,2.2222222222222226e-19,0.0,0.0,0.0,0.0,0.0,8.88888888888889e-19,0.0,2.2222222222222226e-19,0.0,2.2222222222222226e-19,2.2222222222222226e-19,2.2222222222222226e-19,6.666666666666668e-19,2.2222222222222226e-19,4.444444444444445e-19,1.3333333333333336e-18,1.0222222222222223e-17,5.333333333333334e-18,9.777777777777779e-18,0.0,0.0,0.0,0.0,2.2222222222222226e-19,0.0,2549.4988842995895,2641.2425316277654,1626.1913448702842,1641.3659994981642,1182.6860751698587,1481.3896750018994,-520.7263091084756,2478.716726873176,20160.46000000049,1.0080230000000247e+24,0.0,0.0
1.365e-05,163464.0,5.4488,3e+22,-3803.36,-6846.07,16797.3,3.59854,3.66061,3.6365,0.000689184401,0.00128843693,0.331425061,0.057926339,0.0591611998,0.141402279,0.000346859587,0.000154553954,0.000513565844,1135.00292,-641.691827,-708.363075,521.541399,2098.71985,2596.83566,-974.166676,-1213.73452,7198.03979,27300.0,163464.101992,5.4488034,-60.00000000000001,30000 3000,1e-06,2,0.0 0.0259,0.0 0.0,-1.0 0.0,0.00054857 28.0,80000,1000,5e-10,0.0,0.0 0.0 0.0,1000 1000000 0,0,0.0,0,100,0,,20,,1,,,,1.0,10.0,0.1,False,{},,,False,3,mixed,250,300,True,Ar_Aubin,,False,uniform,Argon-Aubin-Test2/20Td,3.0000000000000005e+21,8.398649999999999e+23,0.0,1.6236244444444443e-13,1.623326666666667e-13,0.0,0.0,0.0,0.0,0.0,2.2222222222222226e-19,0.0,0.0,0.0,0.0,0.0,0.0,4.444444444444445e-19,2.2222222222222226e-19,2.2222222222222226e-19,2.2222222222222226e-19,0.0,8.88888888888889e-19,0.0,2.2222222222222226e-19,8.88888888888889e-19,2.2222222222222226e-19,1.3333333333333336e-18,8.444444444444445e-18,6.444444444444445e-18,9.555555555555557e-18,0.0,0.0,0.0,0.0,4.444444444444445e-19,0.0,1920.23335464378,1137.6241363833872,2012.7890151170475,2107.540579413365,1664.2081595912018,1630.9936128646996,493.82919106704264,-433.5773681339572,17397.080000000067,8.698540000000035e+23,0.0,0.0
1.37e-05,163572.0,5.45239,3e+22,-4629.65,2620.23,15170.9,3.68457,3.58219,3.63656,0.000832961045,0.0011338207,0.33247973,0.0581551988,0.059375234,0.14219235,0.000362001944,0.000227894739,0.00048537859,2959.72337,904.316747,-1120.19702,-2638.77788,2221.39367,425.972771,-2530.73993,1855.3738,7275.29921,27400.0,163571.793882,5.452393129,-60.00000000000001,30000 3000,1e-06,2,0.0 0.0259,0.0 0.0,-1.0 0.0,0.00054857 28.0,80000,1000,5e-10,0.0,0.0 0.0 0.0,1000 1000000 0,0,0.0,0,100,0,,20,,1,,,,1.0,10.0,0.1,False,{},,,False,3,mixed,250,300,True,Ar_Aubin,,False,uniform,Argon-Aubin-Test2/20Td,3.0000000000000005e+21,7.58545e+23,0.0,1.6247688888888888e-13,1.624466666666667e-13,0.0,0.0,0.0,0.0,0.0,0.0,0.0,0.0,0.0,0.0,0.0,0.0,0.0,6.666666666666668e-19,0.0,0.0,2.2222222222222226e-19,8.88888888888889e-19,0.0,2.2222222222222226e-19,8.88888888888889e-19,1.1111111111111113e-18,1.1111111111111113e-18,8.88888888888889e-18,7.777777777777779e-18,7.777777777777779e-18,0.0,0.0,0.0,0.0,6.666666666666668e-19,0.0,2286.4095103609234,2963.5796881019846,2144.087203428402,2218.422798987239,898.7119798085919,2231.2824741430004,496.2220759911128,-2124.3089367230914,21093.37999999905,1.0546689999999526e+24,0.0,0.0
1.375e-05,163360.0,5.44532,3e+22,-9290.5,-4051.59,24362.7,3.58967,3.63998,3.65703,0.000716898699,0.00110619693,0.33333749,0.0584202766,0.0595638231,0.142873971,0.000383843116,0.000176518145,0.000451883252,1161.53885,463.343093,-2291.62491,1201.78266,2519.09935,-2007.91787,-5248.96645,-1590.47484,9598.18191,27500.0,163359.56887,5.445318962,-60.00000000000001,30000 3000,1e-06,2,0.0 0.0259,0.0 0.0,-1.0 0.0,0.00054857 28.0,80000,1000,5e-10,0.0,0.0 0.0 0.0,1000 1000000 0,0,0.0,0,100,0,,20,,1,,,,1.0,10.0,0.1,False,{},,,False,3,mixed,250,300,True,Ar_Aubin,,False,uniform,Argon-Aubin-Test2/20Td,3.0000000000000005e+21,1.218135e+24,0.0,1.6224022222222221e-13,1.6221066666666667e-13,0.0,0.0,0.0,0.0,0.0,0.0,0.0,0.0,0.0,0.0,2.2222222222222226e-19,0.0,2.2222222222222226e-19,2.2222222222222226e-19,2.2222222222222226e-19,0.0,2.2222222222222226e-19,6.666666666666668e-19,0.0,8.88888888888889e-19,8.88888888888889e-19,2.2222222222222226e-19,1.1111111111111113e-18,8.666666666666667e-18,7.555555555555556e-18,8e-18,0.0,2.2222222222222226e-19,0.0,2.2222222222222226e-19,0.0,0.0,2652.576803578652,1168.1991973630595,1886.5097773181074,2523.581206419619,1105.0962137276745,1477.1806423769985,-268.0628713361532,-4461.184997089127,17155.200000000816,8.577600000000408e+23,0.0,0.0
1.38e-05,163510.0,5.45034,3e+22,4796.78,-5769.8,15389.1,3.62212,3.64273,3.63416,0.000722919687,0.00125680243,0.334451349,0.0586687516,0.059788125,0.143738134,0.000386904191,0.000162515031,0.000495021835,2603.66379,-1354.19264,-1355.78115,47.3774981,2799.30841,1257.82951,1518.62422,-2109.73084,6270.22185,27600.0,163510.068808,5.450335627,-60.00000000000001,30000 3000,1e-06,2,0.0 0.0259,0.0 0.0,-1.0 0.0,0.00054857 28.0,80000,1000,5e-10,0.0,0.0 0.0 0.0,1000 1000000 0,0,0.0,0,100,0,,20,,1,,,,1.0,10.0,0.1,False,{},,,False,3,mixed,250,300,True,Ar_Aubin,,False,uniform,Argon-Aubin-Test2/20Td,3.0000000000000005e+21,7.69455e+23,0.0,1.61932e-13,1.6190044444444445e-13,0.0,0.0,0.0,0.0,0.0,0.0,0.0,0.0,0.0,0.0,0.0,0.0,0.0,2.2222222222222226e-19,0.0,0.0,0.0,4.444444444444445e-19,0.0,1.5555555555555556e-18,8.88888888888889e-19,6.666666666666668e-19,8.88888888888889e-19,8.222222222222223e-18,8.444444444444445e-18,9.777777777777779e-18,0.0,2.2222222222222226e-19,0.0,0.0,2.2222222222222226e-19,0.0,2484.6633087077103,2600.1961033037924,2239.460192998838,2806.559908660614,1203.4039158030641,1123.3165951041,-336.3073125376451,-1452.5715552114318,22277.1799999999,1.113858999999995e+24,0.0,0.0
1.385e-05,163593.0,5.45311,3e+22,-10533.6,-4865.35,24275.9,3.62379,3.64066,3.63765,0.000801852049,0.00123013375,0.335572066,0.0588937515,0.0600391016,0.144590636,0.000368622095,0.000198953541,0.000478423046,3125.70781,-225.335651,-692.124713,1102.99289,1920.41184,-933.022532,-4442.67967,-2109.19747,8116.34212,27700.0,163593.353293,5.453111776,-60.00000000000001,30000 3000,1e-06,2,0.0 0.0259,0.0 0.0,-1.0 0.0,0.00054857 28.0,80000,1000,5e-10,0.0,0.0 0.0 0.0,1000 1000000 0,0,0.0,0,100,0,,20,,1,,,,1.0,10.0,0.1,False,{},,,False,3,mixed,250,300,True,Ar_Aubin,,False,uniform,Argon-Aubin-Test2/20Td,3.0000000000000005e+21,1.213795e+24,0.0,1.6193866666666667e-13,1.6190577777777779e-13,0.0,0.0,0.0,0.0,0.0,0.0,0.0,0.0,0.0,0.0,0.0,0.0,4.444444444444445e-19,4.444444444444445e-19,0.0,0.0,2.2222222222222226e-19,6.666666666666668e-19,2.2222222222222226e-19,6.666666666666668e-19,8.88888888888889e-19,8.88888888888889e-19,1.1111111111111113e-18,9.333333333333335e-18,8.444444444444445e-18,9.333333333333335e-18,0.0,0.0,0.0,2.2222222222222226e-19,0.0,0.0,2248.7954616536717,3134.154198743346,2510.4292330516146,1926.3968712405624,1015.9536841145012,-29.97179700940069,182.81651653089168,-1619.4881487387192,22414.339999999866,1.1207169999999934e+24,0.0,0.0
1.39e-05,163515.0,5.45051,3e+22,-3672.45,2094.23,8667.46,3.63681,3.62033,3.64335,0.000710290269,0.00120660698,0.336585502,0.059127447,0.060290734,0.145405644,0.00037496736,0.000150186379,0.000452880387,1141.68565,1696.95663,-2068.49965,-53.8828498,2890.82635,-567.461232,-1211.98103,-620.31159,6243.73105,27800.0,163515.261762,5.450508725,-60.00000000000001,30000 3000,1e-06,2,0.0 0.0259,0.0 0.0,-1.0 0.0,0.00054857 28.0,80000,1000,5e-10,0.0,0.0 0.0 0.0,1000 1000000 0,0,0.0,0,100,0,,20,,1,,,,1.0,10.0,0.1,False,{},,,False,3,mixed,250,300,True,Ar_Aubin,,False,uniform,Argon-Aubin-Test2/20Td,3.0000000000000005e+21,4.33373e+23,0.0,1.6234311111111112e-13,1.623108888888889e-13,0.0,0.0,0.0,0.0,0.0,0.0,0.0,2.2222222222222226e-19,0.0,0.0,0.0,0.0,8.88888888888889e-19,2.2222222222222226e-19,0.0,0.0,0.0,2.2222222222222226e-19,2.2222222222222226e-19,1.5555555555555556e-18,1.3333333333333336e-18,8.88888888888889e-19,2e-18,8.222222222222223e-18,8.444444444444445e-18,8e-18,0.0,0.0,0.0,0.0,0.0,0.0,2338.339544422502,1144.294155498389,2516.897286387043,2888.2994374642744,1338.1932291638143,3326.3896748350808,-375.2284009563375,-2050.543665675047,20268.719999999576,1.0134359999999788e+24,0.0,0.0
1.395e-05,163554.0,5.45181,3e+22,-7931.1,5435.52,18845.5,3.62283,3.64337,3.63488,0.000786482842,0.00118532256,0.337532481,0.0593475357,0.0605594949,0.146221276,0.000424837971,0.00019627321,0.00040852762,3673.72788,2201.88012,-329.164205,173.390221,3290.14165,-1195.96566,-3468.28737,839.416947,7897.14139,27900.0,163554.366973,5.451812232,-60.00000000000001,30000 3000,1e-06,2,0.0 0.0259,0.0 0.0,-1.0 0.0,0.00054857 28.0,80000,1000,5e-10,0.0,0.0 0.0 0.0,1000 1000000 0,0,0.0,0,100,0,,20,,1,,,,1.0,10.0,0.1,False,{},,,False,3,mixed,250,300,True,Ar_Aubin,,False,uniform,Argon-Aubin-Test2/20Td,3.0000000000000005e+21,9.422750000000001e+23,0.0,1.6216644444444445e-13,1.6213844444444447e-13,0.0,0.0,0.0,0.0,0.0,0.0,0.0,0.0,0.0,0.0,0.0,0.0,8.88888888888889e-19,4.444444444444445e-19,0.0,0.0,4.444444444444445e-19,4.444444444444445e-19,0.0,6.666666666666668e-19,4.444444444444445e-19,2.2222222222222226e-19,1.1111111111111113e-18,8.666666666666667e-18,5.555555555555556e-18,9.111111111111112e-18,0.0,0.0,0.0,0.0,0.0,0.0,2199.746570054756,3679.965554068186,2688.1181083293627,3283.698805518669,1772.5642657663577,1536.1730193144995,393.9346566577811,-1135.269377339811,18939.58000000029,9.469790000000145e+23,0.0,0.0
1.4e-05,163350.0,5.445,3e+22,-1682.72,5077.59,21751.5,3.62384,3.63947,3.62383,0.000861924422,0.00117426885,0.338379431,0.0595691936,0.0607159782,0.146940499,0.000390275459,0.000192912441,0.000408413928,1376.90491,734.247651,-789.062417,-1354.85866,1160.337,-1061.54762,-1127.16309,2670.93409,8931.16719,28000.0,163349.892978,5.444996433,-60.00000000000001,30000 3000,1e-06,2,0.0 0.0259,0.0 0.0,-1.0 0.0,0.00054857 28.0,80000,1000,5e-10,0.0,0.0 0.0 0.0,1000 1000000 0,0,0.0,0,100,0,,20,,1,,,,1.0,10.0,0.1,False,{},,,False,3,mixed,250,300,True,Ar_Aubin,,False,uniform,Argon-Aubin-Test2/20Td,3.0000000000000005e+21,1.0875750000000001e+24,0.0,1.6212733333333332e-13,1.6209822222222223e-13,0.0,0.0,0.0,0.0,0.0,0.0,0.0,0.0,0.0,0.0,0.0,0.0,2.2222222222222226e-19,0.0,0.0,0.0,2.2222222222222226e-19,1.3333333333333336e-18,0.0,4.444444444444445e-19,4.444444444444445e-19,8.88888888888889e-19,1.777777777777778e-18,8.222222222222223e-18,7.111111111111112e-18,7.555555555555556e-18,0.0,2.2222222222222226e-19,0.0,4.444444444444445e-19,2.2222222222222226e-19,0.0,2215.3354155152183,1378.3552874633879,1565.0938223917,1154.3745442299285,1467.59406131583,1570.9069966035004,-591.095191143457,-1365.5758199328131,16939.000000000262,8.469500000000131e+23,0.0,0.0
1.405e-05,163521.0,5.45069,3e+22,-1093.85,-12569.1,15398.6,3.60515,3.63665,3.65734,0.000852561297,0.00113908836,0.339475247,0.0597378983,0.060903386,0.147803359,0.000375916695,0.000193052064,0.000386397786,2151.53932,69.1813842,-227.613209,-979.984497,3239.8712,-1817.07798,-648.729558,-3774.97764,5135.17607,28100.0,163520.80508,5.450693503,-60.00000000000001,30000 3000,1e-06,2,0.0 0.0259,0.0 0.0,-1.0 0.0,0.00054857 28.0,80000,1000,5e-10,0.0,0.0 0.0 0.0,1000 1000000 0,0,0.0,0,100,0,,20,,1,,,,1.0,10.0,0.1,False,{},,,False,3,mixed,250,300,True,Ar_Aubin,,False,uniform,Argon-Aubin-Test2/20Td,3.0000000000000005e+21,7.699300000000001e+23,0.0,1.6224244444444445e-13,1.6221222222222223e-13,4.444444444444445e-19,0.0,0.0,0.0,0.0,0.0,0.0,0.0,0.0,0.0,0.0,2.2222222222222226e-19,2.2222222222222226e-19,0.0,0.0,0.0,4.444444444444445e-19,4.444444444444445e-19,2.2222222222222226e-19,6.666666666666668e-19,6.666666666666668e-19,6.666666666666668e-19,1.1111111111111113e-18,9.333333333333335e-18,8.444444444444445e-18,6.444444444444445e-18,0.0,0.0,2.2222222222222226e-19,0.0,6.666666666666668e-19,0.0,1687.207529441001,2152.4718941747233,1874.8918504019052,3254.188515505676,1200.5599817276059,-92.26746845419893,47.47323199297065,-518.1360184570342,21916.319999999436,1.0958159999999719e+24,0.0,0.0
1.41e-05,163288.0,5.44294,3e+22,-1956.06,-954.601,17681.8,3.63381,3.64296,3.60731,0.000781622312,0.00106004964,0.340513169,0.059930434,0.0610766368,0.14859882,0.000344818836,0.000132951294,0.000373593345,2647.75253,-1267.34762,949.147001,-22.0988038,1302.34453,-1261.7441,1180.09836,-631.023807,7554.46327,28200.0,163288.295019,5.442943167,-60.00000000000001,30000 3000,1e-06,2,0.0 0.0259,0.0 0.0,-1.0 0.0,0.00054857 28.0,80000,1000,5e-10,0.0,0.0 0.0 0.0,1000 1000000 0,0,0.0,0,100,0,,20,,1,,,,1.0,10.0,0.1,False,{},,,False,3,mixed,250,300,True,Ar_Aubin,,False,uniform,Argon-Aubin-Test2/20Td,3.0000000000000005e+21,8.8409e+23,0.0,1.6196622222222222e-13,1.6193044444444445e-13,0.0,0.0,0.0,0.0,0.0,0.0,0.0,0.0,0.0,0.0,0.0,0.0,4.444444444444445e-19,4.444444444444445e-19,0.0,0.0,2.2222222222222226e-19,1.1111111111111113e-18,2.2222222222222226e-19,6.666666666666668e-19,1.1111111111111113e-18,1.5555555555555556e-18,2.2222222222222226e-18,1.1555555555555557e-17,6.2222222222222225e-18,9.111111111111112e-18,0.0,2.2222222222222226e-19,2.2222222222222226e-19,2.2222222222222226e-19,2.2222222222222226e-19,0.0,1926.5162732651916,2649.281430139611,1734.2461705262963,1303.3564544463936,896.8606328843554,1533.5775183758005,-736.6000707702275,2781.4890609578188,20758.44000000049,1.0379220000000245e+24,0.0,0.0
1.415e-05,163697.0,5.45655,3e+22,5079.35,3738.09,21603.7,3.63763,3.61517,3.65743,0.000890114786,0.00111089351,0.341571352,0.0601021228,0.0612686859,0.149464738,0.000336699659,0.000199539146,0.000401090835,1575.55153,246.222885,1219.4112,-1477.8252,2392.92913,1177.43015,2668.91925,1214.71425,9567.41929,28300.0,163696.619527,5.456553984,-60.00000000000001,30000 3000,1e-06,2,0.0 0.0259,0.0 0.0,-1.0 0.0,0.00054857 28.0,80000,1000,5e-10,0.0,0.0 0.0 0.0,1000 1000000 0,0,0.0,0,100,0,,20,,1,,,,1.0,10.0,0.1,False,{},,,False,3,mixed,250,300,True,Ar_Aubin,,False,uniform,Argon-Aubin-Test2/20Td,3.0000000000000005e+21,1.080185e+24,0.0,1.623988888888889e-13,1.62374e-13,0.0,0.0,0.0,0.0,0.0,0.0,0.0,0.0,0.0,0.0,0.0,0.0,4.444444444444445e-19,0.0,0.0,0.0,2.2222222222222226e-19,0.0,0.0,4.444444444444445e-19,6.666666666666668e-19,4.444444444444445e-19,1.5555555555555556e-18,8.666666666666667e-18,4.444444444444445e-18,7.777777777777779e-18,0.0,0.0,0.0,0.0,2.2222222222222226e-19,0.0,1715.0742910636286,1571.0303254617309,1919.387208487028,2388.776510079204,1441.4775531468306,2188.2142727975997,574.0566306203206,2134.1402304164917,21163.659999999807,1.0581829999999904e+24,0.0,0.0
1.42e-05,163695.0,5.45651,3e+22,5187.08,1272.38,12647.2,3.62375,3.64719,3.64102,0.00087866136,0.00127118825,0.342554112,0.0602899904,0.0615231675,0.150203627,0.000286770054,0.000214286059,0.000445370302,1111.98761,530.918917,-284.768186,-1282.90235,3265.20081,1005.15733,1213.1742,225.494141,6697.30526,28400.0,163695.33035,5.456511012,-60.00000000000001,30000 3000,1e-06,2,0.0 0.0259,0.0 0.0,-1.0 0.0,0.00054857 28.0,80000,1000,5e-10,0.0,0.0 0.0 0.0,1000 1000000 0,0,0.0,0,100,0,,20,,1,,,,1.0,10.0,0.1,False,{},,,False,3,mixed,250,300,True,Ar_Aubin,,False,uniform,Argon-Aubin-Test2/20Td,3.0000000000000005e+21,6.323600000000001e+23,0.0,1.6207577777777777e-13,1.6204600000000001e-13,0.0,0.0,0.0,0.0,0.0,2.2222222222222226e-19,0.0,2.2222222222222226e-19,0.0,0.0,0.0,0.0,0.0,0.0,0.0,0.0,4.444444444444445e-19,1.1111111111111113e-18,0.0,6.666666666666668e-19,6.666666666666668e-19,8.88888888888889e-19,4.444444444444445e-19,1.0444444444444445e-17,6.444444444444445e-18,8e-18,0.0,2.2222222222222226e-19,0.0,0.0,0.0,0.0,1878.8785854669673,1107.4299232327712,2540.997648236218,3263.5833754944647,665.5785899933875,2364.9548947136,355.9112393139674,-859.5621752251521,19655.20000000054,9.827600000000271e+23,0.0,0.0
1.425e-05,163661.0,5.45536,3e+22,85.8689,1151.1,11694.5,3.61036,3.66301,3.63656,0.000919221506,0.00131365865,0.343627175,0.0604977643,0.0617569385,0.151090524,0.000310284703,0.000228236094,0.000505234145,2466.10447,615.222351,-429.218167,-2110.24336,30.3674066,436.312964,-788.794115,1596.64164,5967.24081,28500.0,163660.790544,5.455359685,-60.00000000000001,30000 3000,1e-06,2,0.0 0.0259,0.0 0.0,-1.0 0.0,0.00054857 28.0,80000,1000,5e-10,0.0,0.0 0.0 0.0,1000 1000000 0,0,0.0,0,100,0,,20,,1,,,,1.0,10.0,0.1,False,{},,,False,3,mixed,250,300,True,Ar_Aubin,,False,uniform,Argon-Aubin-Test2/20Td,3.0000000000000005e+21,5.84725e+23,0.0,1.6242933333333332e-13,1.62396e-13,0.0,0.0,2.2222222222222226e-19,2.2222222222222226e-19,0.0,0.0,0.0,0.0,0.0,2.2222222222222226e-19,0.0,0.0,1.1111111111111113e-18,0.0,2.2222222222222226e-19,0.0,0.0,4.444444444444445e-19,0.0,1.1111111111111113e-18,6.666666666666668e-19,2.2222222222222226e-19,1.1111111111111113e-18,1e-17,6.8888888888888895e-18,1.0666666666666668e-17,0.0,0.0,0.0,0.0,2.2222222222222226e-19,0.0,2077.0097760846456,2466.0255374604235,2336.6122051821094,28.855254127985,1505.812496279263,1948.6928119625,-18.607847650265754,-1258.2690054292748,21461.259999999704,1.0730629999999853e+24,0.0,0.0
1.43e-05,163836.0,5.4612,3e+22,5147.64,51.0799,15961.6,3.61826,3.65327,3.64927,0.000904848847,0.00129227421,0.344601738,0.0607438707,0.0619284982,0.151904549,0.000329936988,0.00025123803,0.000524251408,1329.76145,-944.573921,2049.28264,-150.902429,1943.39684,1035.18753,1653.37618,1352.47854,7732.73326,28600.0,163835.950627,5.461198354,-60.00000000000001,30000 3000,1e-06,2,0.0 0.0259,0.0 0.0,-1.0 0.0,0.00054857 28.0,80000,1000,5e-10,0.0,0.0 0.0 0.0,1000 1000000 0,0,0.0,0,100,0,,20,,1,,,,1.0,10.0,0.1,False,{},,,False,3,mixed,250,300,True,Ar_Aubin,,False,uniform,Argon-Aubin-Test2/20Td,3.0000000000000005e+21,7.9808e+23,0.0,1.6239555555555555e-13,1.6236933333333335e-13,0.0,0.0,0.0,0.0,0.0,0.0,0.0,0.0,0.0,0.0,0.0,0.0,2.2222222222222226e-19,6.666666666666668e-19,0.0,0.0,0.0,4.444444444444445e-19,4.444444444444445e-19,0.0,8.88888888888889e-19,1.1111111111111113e-18,4.444444444444445e-19,1e-17,4.222222222222222e-18,7.333333333333334e-18,0.0,2.2222222222222226e-19,2.2222222222222226e-19,0.0,0.0,0.0,2461.326167411751,1325.103613881229,1716.154264148964,1943.3308307625807,1433.0256585998181,2232.3381587391996,541.1788000505907,1914.3302940454043,19491.25999999968,9.74562999999984e+23,0.0,0.0
1.435e-05,163659.0,5.45529,3e+22,-3813.13,-1175.44,17027.9,3.6409,3.60772,3.66024,0.000958042345,0.00130624827,0.345595147,0.0609316585,0.0620874888,0.152753089,0.000361474356,0.000281418477,0.000497720364,1372.26309,1320.96537,284.664969,427.938677,3241.39245,-1792.72946,-722.733212,-126.107871,7110.70518,28700.0,163658.843402,5.45529478,-60.00000000000001,30000 3000,1e-06,2,0.0 0.0259,0.0 0.0,-1.0 0.0,0.00054857 28.0,80000,1000,5e-10,0.0,0.0 0.0 0.0,1000 1000000 0,0,0.0,0,100,0,,20,,1,,,,1.0,10.0,0.1,False,{},,,False,3,mixed,250,300,True,Ar_Aubin,,False,uniform,Argon-Aubin-Test2/20Td,3.0000000000000005e+21,8.513950000000002e+23,0.0,1.62408e-13,1.6237444444444446e-13,0.0,0.0,0.0,0.0,0.0,2.2222222222222226e-19,0.0,0.0,0.0,0.0,4.444444444444445e-19,0.0,8.88888888888889e-19,6.666666666666668e-19,0.0,0.0,0.0,6.666666666666668e-19,0.0,0.0,4.444444444444445e-19,6.666666666666668e-19,1.777777777777778e-18,1.2666666666666669e-17,6.6666666666666674e-18,8.444444444444445e-18,0.0,0.0,0.0,0.0,0.0,0.0,1876.8870630110625,1375.9162300069897,1589.5428809094976,3242.9278664664885,1628.9220266904604,1225.9455763986998,217.96294501992705,863.4175306336845,19868.180000000015,9.934090000000008e+23,0.0,0.0
1.44e-05,163688.0,5.45628,3e+22,-743.282,-5724.04,22498.1,3.63016,3.65574,3.62359,0.00101526773,0.00117405643,0.346587779,0.0611450668,0.0622832416,0.153568283,0.000378525138,0.000283915322,0.00043350094,4241.16822,928.958969,31.045167,712.13819,2325.29807,1155.78818,486.88789,-831.30818,9185.41804,28800.0,163688.353437,5.456278448,-60.00000000000001,30000 3000,1e-06,2,0.0 0.0259,0.0 0.0,-1.0 0.0,0.00054857 28.0,80000,1000,5e-10,0.0,0.0 0.0 0.0,1000 1000000 0,0,0.0,0,100,0,,20,,1,,,,1.0,10.0,0.1,False,{},,,False,3,mixed,250,300,True,Ar_Aubin,,False,uniform,Argon-Aubin-Test2/20Td,3.0000000000000005e+21,1.1249049999999999e+24,0.0,1.6222e-13,1.6219022222222223e-13,0.0,0.0,0.0,0.0,0.0,0.0,2.2222222222222226e-19,0.0,0.0,0.0,0.0,0.0,2.2222222222222226e-19,4.444444444444445e-19,0.0,0.0,0.0,4.444444444444445e-19,0.0,4.444444444444445e-19,2.2222222222222226e-19,0.0,1.5555555555555556e-18,1.0666666666666668e-17,8.666666666666667e-18,6.2222222222222225e-18,0.0,2.2222222222222226e-19,0.0,2.2222222222222226e-19,2.2222222222222226e-19,0.0,2132.953765712348,4241.92285022889,1960.8067604205,2332.018415967577,1281.1107779876763,1387.8515292801012,-365.75515157143894,752.7039196343651,19852.63999999987,9.926319999999934e+23,0.0,0.0
1.445e-05,163169.0,5.43898,3e+22,6190.18,5116.61,10669.8,3.63251,3.63388,3.61055,0.00102353391,0.00116606628,0.347483059,0.0613586124,0.0624924396,0.154301259,0.00044115669,0.000363915267,0.000472361056,2603.65109,-216.519433,-806.84726,1014.51751,4364.13826,586.736457,1911.76872,2254.59562,4069.10422,28900.0,163169.393301,5.438979777,-60.00000000000001,30000 3000,1e-06,2,0.0 0.0259,0.0 0.0,-1.0 0.0,0.00054857 28.0,80000,1000,5e-10,0.0,0.0 0.0 0.0,1000 1000000 0,0,0.0,0,100,0,,20,,1,,,,1.0,10.0,0.1,False,{},,,False,3,mixed,250,300,True,Ar_Aubin,,False,uniform,Argon-Aubin-Test2/20Td,3.0000000000000005e+21,5.3349e+23,0.0,1.6209622222222222e-13,1.6205933333333335e-13,0.0,0.0,0.0,0.0,0.0,0.0,0.0,0.0,0.0,0.0,0.0,0.0,4.444444444444445e-19,2.2222222222222226e-19,0.0,0.0,2.2222222222222226e-19,0.0,0.0,1.1111111111111113e-18,1.1111111111111113e-18,2.2222222222222226e-19,2.2222222222222226e-18,9.777777777777779e-18,1e-17,1.1111111111111113e-17,0.0,0.0,0.0,2.2222222222222226e-19,2.2222222222222226e-19,0.0,2135.2874689865853,2597.315230860996,2092.166979314747,4358.171953611089,1115.882601553514,361.52947708180045,1524.3727718808202,-1056.9821242735377,17905.599999999966,8.952799999999983e+23,0.0,0.0
1.45e-05,163135.0,5.43785,3e+22,-8241.77,-5427.95,22088.8,3.63146,3.60049,3.64042,0.000944022023,0.00126539571,0.348526904,0.0616621505,0.0627356438,0.155149909,0.000438529215,0.000344730268,0.000549814056,3135.85473,154.335816,1391.14091,-41.0712562,4388.86099,742.614049,-3137.57546,-2779.44559,8639.52959,29000.0,163135.393865,5.437846462,-60.00000000000001,30000 3000,1e-06,2,0.0 0.0259,0.0 0.0,-1.0 0.0,0.00054857 28.0,80000,1000,5e-10,0.0,0.0 0.0 0.0,1000 1000000 0,0,0.0,0,100,0,,20,,1,,,,1.0,10.0,0.1,False,{},,,False,3,mixed,250,300,True,Ar_Aubin,,False,uniform,Argon-Aubin-Test2/20Td,3.0000000000000005e+21,1.1044399999999999e+24,0.0,1.6125355555555555e-13,1.612208888888889e-13,0.0,0.0,0.0,0.0,0.0,0.0,0.0,2.2222222222222226e-19,0.0,0.0,0.0,2.2222222222222226e-19,6.666666666666668e-19,0.0,0.0,0.0,2.2222222222222226e-19,4.444444444444445e-19,4.444444444444445e-19,2.2222222222222226e-19,8.88888888888889e-19,6.666666666666668e-19,2.4444444444444447e-18,1e-17,6.2222222222222225e-18,9.777777777777779e-18,0.0,0.0,0.0,0.0,2.2222222222222226e-19,0.0,3036.945440850064,3143.6351423885008,2429.6268426647616,4395.729494644094,1221.2348017223708,940.9885129247996,149.17244106047585,1105.1917179184381,20876.900000000864,1.0438450000000433e+24,0.0,0.0
1.455e-05,163395.0,5.4465,3e+22,-3805.92,-3132.66,19730.6,3.61686,3.62367,3.65012,0.000923825939,0.00120724957,0.349574308,0.0619025488,0.0629119336,0.156007699,0.000453441789,0.000321228321,0.000506934263,4.78320575,-417.609816,-959.080397,-2616.10115,2802.12133,-1065.94249,-1620.03329,-726.399503,8218.03892,29100.0,163395.085928,5.446502864,-60.00000000000001,30000 3000,1e-06,2,0.0 0.0259,0.0 0.0,-1.0 0.0,0.00054857 28.0,80000,1000,5e-10,0.0,0.0 0.0 0.0,1000 1000000 0,0,0.0,0,100,0,,20,,1,,,,1.0,10.0,0.1,False,{},,,False,3,mixed,250,300,True,Ar_Aubin,,False,uniform,Argon-Aubin-Test2/20Td,3.0000000000000005e+21,9.8653e+23,0.0,1.6189022222222222e-13,1.618628888888889e-13,0.0,0.0,0.0,0.0,0.0,2.2222222222222226e-19,2.2222222222222226e-19,0.0,0.0,0.0,0.0,0.0,2.2222222222222226e-19,0.0,0.0,0.0,0.0,4.444444444444445e-19,0.0,4.444444444444445e-19,1.1111111111111113e-18,2.2222222222222226e-19,1.1111111111111113e-18,7.333333333333334e-18,6.2222222222222225e-18,9.777777777777779e-18,0.0,0.0,0.0,0.0,0.0,0.0,2404.3602321434378,8.29921336775888,1764.335747786172,2805.903232437956,1265.9599814637825,1320.728078575201,-348.6137470873666,-1266.8894767686734,20948.07999999948,1.0474039999999742e+24,0.0,0.0
1.46e-05,163451.0,5.44836,3e+22,128.041,4217.7,19987.1,3.63306,3.65427,3.60702,0.000915061529,0.00117820258,0.350570095,0.0620908244,0.0631167147,0.156846079,0.000394994227,0.000302897712,0.000539287972,2199.20935,2449.68404,7.22645461,608.242852,1042.08747,417.760535,1440.47139,982.550725,7249.70735,29200.0,163450.731571,5.448357719,-60.00000000000001,30000 3000,1e-06,2,0.0 0.0259,0.0 0.0,-1.0 0.0,0.00054857 28.0,80000,1000,5e-10,0.0,0.0 0.0 0.0,1000 1000000 0,0,0.0,0,100,0,,20,,1,,,,1.0,10.0,0.1,False,{},,,False,3,mixed,250,300,True,Ar_Aubin,,False,uniform,Argon-Aubin-Test2/20Td,3.0000000000000005e+21,9.99355e+23,0.0,1.6206555555555554e-13,1.6203622222222224e-13,0.0,0.0,0.0,0.0,0.0,0.0,0.0,0.0,0.0,0.0,0.0,0.0,0.0,0.0,0.0,0.0,4.444444444444445e-19,1.3333333333333336e-18,2.2222222222222226e-19,4.444444444444445e-19,6.666666666666668e-19,2.2222222222222226e-19,2.4444444444444447e-18,7.111111111111112e-18,7.555555555555556e-18,8.444444444444445e-18,0.0,0.0,0.0,0.0,4.444444444444445e-19,0.0,1882.9171676371798,2199.0921846067654,2048.503902047499,1037.1181649783339,1411.8530536981477,242.82780422549968,-323.56005628000224,1384.5210727898288,19915.740000000515,9.957870000000259e+23,0.0,0.0
1.465e-05,163384.0,5.44612,3e+22,-2535.41,2555.42,19308.9,3.60974,3.62625,3.65406,0.000879873695,0.00115706294,0.351637912,0.0623244534,0.0632412518,0.157691229,0.000404047286,0.000309747536,0.000557828793,1018.93408,454.982064,-1338.05097,936.810035,1203.81102,71.5181688,-2595.09197,-1060.6678,7049.02615,29300.0,163383.57971,5.446119324,-60.00000000000001,30000 3000,1e-06,2,0.0 0.0259,0.0 0.0,-1.0 0.0,0.00054857 28.0,80000,1000,5e-10,0.0,0.0 0.0 0.0,1000 1000000 0,0,0.0,0,100,0,,20,,1,,,,1.0,10.0,0.1,False,{},,,False,3,mixed,250,300,True,Ar_Aubin,,False,uniform,Argon-Aubin-Test2/20Td,3.0000000000000005e+21,9.654450000000001e+23,0.0,1.6177133333333332e-13,1.6173755555555558e-13,2.2222222222222226e-19,0.0,0.0,0.0,0.0,0.0,0.0,0.0,0.0,0.0,0.0,0.0,4.444444444444445e-19,0.0,0.0,2.2222222222222226e-19,2.2222222222222226e-19,8.88888888888889e-19,0.0,6.666666666666668e-19,4.444444444444445e-19,2.2222222222222226e-19,1.3333333333333336e-18,9.111111111111112e-18,8.88888888888889e-18,9.333333333333335e-18,0.0,4.444444444444445e-19,2.2222222222222226e-19,0.0,1.1111111111111113e-18,0.0,2336.92159882698,1021.1649205650399,1245.8646667239116,1200.8542382218652,953.2035258928706,259.28487098319965,364.9216443770093,-3058.586054725465,21356.339999999418,1.067816999999971e+24,0.0,0.0
1.47e-05,163454.0,5.44848,3e+22,5010.25,-3009.01,21373.2,3.67174,3.6439,3.57852,0.0010016974,0.00113566631,0.352617791,0.0625453204,0.0634515002,0.158511398,0.000458472221,0.000354845457,0.000554775048,2343.06588,-54.4204351,1166.61839,2035.26837,1050.15172,-584.255299,1264.19494,-807.622064,8840.50187,29400.0,163454.332048,5.448477735,-60.00000000000001,30000 3000,1e-06,2,0.0 0.0259,0.0 0.0,-1.0 0.0,0.00054857 28.0,80000,1000,5e-10,0.0,0.0 0.0 0.0,1000 1000000 0,0,0.0,0,100,0,,20,,1,,,,1.0,10.0,0.1,False,{},,,False,3,mixed,250,300,True,Ar_Aubin,,False,uniform,Argon-Aubin-Test2/20Td,3.0000000000000005e+21,1.0686600000000001e+24,0.0,1.623988888888889e-13,1.623706666666667e-13,0.0,0.0,0.0,0.0,0.0,0.0,0.0,0.0,0.0,0.0,0.0,0.0,4.444444444444445e-19,0.0,2.2222222222222226e-19,0.0,2.2222222222222226e-19,4.444444444444445e-19,0.0,1.1111111111111113e-18,1.777777777777778e-18,0.0,1.777777777777778e-18,8.222222222222223e-18,5.1111111111111114e-18,7.777777777777779e-18,0.0,2.2222222222222226e-19,4.444444444444445e-19,2.2222222222222226e-19,2.2222222222222226e-19,0.0,2206.3778003799525,2338.04712560165,2102.9745667944244,1053.568951283453,1300.8362600006042,1303.9312993987996,25.570909901628152,642.7005637725701,19597.580000000336,9.798790000000168e+23,0.0,0.0
1.475e-05,163419.0,5.4473,3e+22,-1516.56,441.952,5158.13,3.63753,3.67456,3.58233,0.00106204643,0.000913032283,0.353549888,0.0627877498,0.0636521724,0.159281378,0.000455139702,0.000385122464,0.000464595441,923.502967,-600.623495,1582.84692,701.867893,1246.55453,1464.01887,-1059.38414,-1079.99221,2963.37702,29500.0,163418.900281,5.447296676,-60.00000000000001,30000 3000,1e-06,2,0.0 0.0259,0.0 0.0,-1.0 0.0,0.00054857 28.0,80000,1000,5e-10,0.0,0.0 0.0 0.0,1000 1000000 0,0,0.0,0,100,0,,20,,1,,,,1.0,10.0,0.1,False,{},,,False,3,mixed,250,300,True,Ar_Aubin,,False,uniform,Argon-Aubin-Test2/20Td,3.0000000000000005e+21,2.579065e+23,0.0,1.6214622222222222e-13,1.6211733333333335e-13,0.0,0.0,0.0,0.0,0.0,0.0,0.0,0.0,0.0,0.0,0.0,0.0,4.444444444444445e-19,2.2222222222222226e-19,2.2222222222222226e-19,2.2222222222222226e-19,0.0,6.666666666666668e-19,2.2222222222222226e-19,6.666666666666668e-19,6.666666666666668e-19,6.666666666666668e-19,1.1111111111111113e-18,7.777777777777779e-18,6.0000000000000004e-18,9.777777777777779e-18,0.0,0.0,0.0,0.0,2.2222222222222226e-19,0.0,2423.048550616869,925.1136241338808,2011.2831001788124,1246.1510135564638,1117.6322490716318,1139.72073621056,160.138701222871,1054.164224593304,18641.939999999304,9.320969999999652e+23,0.0,0.0
1.48e-05,163820.0,5.46065,3e+22,2854.47,4672.21,19284.5,3.65413,3.63881,3.62609,0.00116920054,0.00082824753,0.354632096,0.0629871603,0.0638763047,0.160213664,0.000446541484,0.000421775582,0.000457331985,2260.11841,-1832.44415,-2156.59605,262.445339,3374.10158,-826.614731,925.732185,1996.64112,9266.86494,29600.0,163819.615653,5.460653855,-60.00000000000001,30000 3000,1e-06,2,0.0 0.0259,0.0 0.0,-1.0 0.0,0.00054857 28.0,80000,1000,5e-10,0.0,0.0 0.0 0.0,1000 1000000 0,0,0.0,0,100,0,,20,,1,,,,1.0,10.0,0.1,False,{},,,False,3,mixed,250,300,True,Ar_Aubin,,False,uniform,Argon-Aubin-Test2/20Td,3.0000000000000005e+21,9.642250000000001e+23,0.0,1.623388888888889e-13,1.6231311111111112e-13,0.0,0.0,0.0,0.0,0.0,0.0,2.2222222222222226e-19,0.0,0.0,0.0,0.0,0.0,4.444444444444445e-19,4.444444444444445e-19,2.2222222222222226e-19,0.0,0.0,2.2222222222222226e-19,0.0,8.88888888888889e-19,1.1111111111111113e-18,2.2222222222222226e-19,6.666666666666668e-19,6.8888888888888895e-18,7.111111111111112e-18,7.333333333333334e-18,0.0,0.0,0.0,0.0,0.0,0.0,1991.714127167338,2256.7809621345864,2242.799339788465,3370.231833607859,1658.8579145931926,2427.9622846879993,-49.930475344640065,-2265.69799188275,21644.16000000058,1.082208000000029e+24,0.0,0.0
1.485e-05,163905.0,5.4635,3e+22,3480.92,1090.31,15998.0,3.6676,3.62965,3.62822,0.00113971474,0.00075194223,0.355665979,0.0632201317,0.0640800998,0.161075064,0.000465768258,0.000396298575,0.000454274608,5372.28236,-1385.39057,-1709.31781,144.175665,1820.36031,1846.73201,850.98244,1344.06977,8368.88065,29700.0,163905.010472,5.463500349,-60.00000000000001,30000 3000,1e-06,2,0.0 0.0259,0.0 0.0,-1.0 0.0,0.00054857 28.0,80000,1000,5e-10,0.0,0.0 0.0 0.0,1000 1000000 0,0,0.0,0,100,0,,20,,1,,,,1.0,10.0,0.1,False,{},,,False,3,mixed,250,300,True,Ar_Aubin,,False,uniform,Argon-Aubin-Test2/20Td,3.0000000000000005e+21,7.999000000000001e+23,0.0,1.6259755555555556e-13,1.6256755555555558e-13,0.0,0.0,2.2222222222222226e-19,0.0,0.0,0.0,2.2222222222222226e-19,0.0,0.0,0.0,0.0,0.0,2.2222222222222226e-19,2.2222222222222226e-19,0.0,0.0,0.0,4.444444444444445e-19,0.0,8.88888888888889e-19,1.3333333333333336e-18,0.0,1.1111111111111113e-18,6.8888888888888895e-18,7.777777777777779e-18,1.0444444444444445e-17,0.0,0.0,0.0,0.0,2.2222222222222226e-19,0.0,2330.3948021416445,5368.315104167239,2039.1567685369705,1819.5404598672087,1270.3489532475687,2678.9363179579987,-323.97455276597327,-2114.6133460312003,20677.660000000265,1.0338830000000134e+24,0.0,0.0
1.49e-05,163901.0,5.46336,3e+22,-512.047,4645.75,18531.5,3.63775,3.66312,3.62378,0.00123473057,0.00070040147,0.356601784,0.0634365853,0.0643296659,0.161866498,0.000434881833,0.000411975524,0.000481419989,4014.54944,-610.096776,-1494.18827,654.484102,4855.43575,-1040.92594,-1733.03545,2373.39876,5551.67507,29800.0,163900.920197,5.463364007,-60.00000000000001,30000 3000,1e-06,2,0.0 0.0259,0.0 0.0,-1.0 0.0,0.00054857 28.0,80000,1000,5e-10,0.0,0.0 0.0 0.0,1000 1000000 0,0,0.0,0,100,0,,20,,1,,,,1.0,10.0,0.1,False,{},,,False,3,mixed,250,300,True,Ar_Aubin,,False,uniform,Argon-Aubin-Test2/20Td,3.0000000000000005e+21,9.26575e+23,0.0,1.625031111111111e-13,1.6247466666666667e-13,0.0,0.0,0.0,0.0,0.0,2.2222222222222226e-19,0.0,0.0,0.0,0.0,0.0,0.0,2.2222222222222226e-19,2.2222222222222226e-19,0.0,0.0,0.0,4.444444444444445e-19,2.2222222222222226e-19,6.666666666666668e-19,4.444444444444445e-19,4.444444444444445e-19,1.5555555555555556e-18,9.111111111111112e-18,6.8888888888888895e-18,7.555555555555556e-18,0.0,0.0,0.0,0.0,4.444444444444445e-19,0.0,2162.2799010807826,4015.1816800841766,2496.409548980727,4852.181859870747,1248.9026604581288,-1056.6908901959996,-385.4483247701262,-3067.508255866107,18716.099999999125,9.358049999999564e+23,0.0,0.0
1.495e-05,164196.0,5.47319,3e+22,3197.49,-4747.39,21012.5,3.67279,3.60377,3.66712,0.00131981043,0.000705574562,0.357764918,0.0636248394,0.0644698909,0.162781497,0.000416191593,0.000448958892,0.000486531876,1815.1629,1256.55818,-1269.16061,-28.8033443,1366.54661,920.314526,735.932074,-3417.16685,9610.63659,29900.0,164195.752157,5.473191739,-60.00000000000001,30000 3000,1e-06,2,0.0 0.0259,0.0 0.0,-1.0 0.0,0.00054857 28.0,80000,1000,5e-10,0.0,0.0 0.0 0.0,1000 1000000 0,0,0.0,0,100,0,,20,,1,,,,1.0,10.0,0.1,False,{},,,False,3,mixed,250,300,True,Ar_Aubin,,False,uniform,Argon-Aubin-Test2/20Td,3.0000000000000005e+21,1.0506250000000001e+24,0.0,1.6285977777777778e-13,1.6282955555555557e-13,2.2222222222222226e-19,0.0,0.0,0.0,0.0,0.0,0.0,0.0,0.0,0.0,0.0,2.2222222222222226e-19,1.1111111111111113e-18,2.2222222222222226e-19,0.0,0.0,2.2222222222222226e-19,1.1111111111111113e-18,2.2222222222222226e-19,2.2222222222222226e-19,4.444444444444445e-19,4.444444444444445e-19,1.3333333333333336e-18,6.0000000000000004e-18,8.88888888888889e-18,8.666666666666667e-18,0.0,2.2222222222222226e-19,2.2222222222222226e-19,0.0,4.444444444444445e-19,0.0,1880.3676000934965,1810.9428193481792,1402.1772675663901,1369.8962476198933,840.9480043591877,2093.101250525,102.17243513684234,-1704.910800316195,23262.680000000204,1.1631340000000103e+24,0.0,0.0
1.5e-05,164284.0,5.47612,3e+22,-1467.21,1625.2,11413.6,3.63071,3.65492,3.66584,0.00129513103,0.000642590835,0.358740608,0.0637637885,0.0646294515,0.163606349,0.000450932388,0.000440539118,0.000492403549,1096.30817,1181.44691,999.600207,-2015.49714,-64.7208833,-605.537954,-1635.28456,1463.47334,4996.024,30000.0,164283.506363,5.476116879,-60.00000000000001,30000 3000,1e-06,2,0.0 0.0259,0.0 0.0,-1.0 0.0,0.00054857 28.0,80000,1000,5e-10,0.0,0.0 0.0 0.0,1000 1000000 0,0,0.0,0,100,0,,20,,1,,,,1.0,10.0,0.1,False,{},,,False,3,mixed,250,300,True,Ar_Aubin,,False,uniform,Argon-Aubin-Test2/20Td,3.0000000000000005e+21,5.706800000000001e+23,0.0,1.6313733333333333e-13,1.6310933333333335e-13,0.0,0.0,0.0,0.0,0.0,0.0,2.2222222222222226e-19,0.0,0.0,0.0,0.0,2.2222222222222226e-19,2.2222222222222226e-19,0.0,0.0,2.2222222222222226e-19,0.0,8.88888888888889e-19,2.2222222222222226e-19,6.666666666666668e-19,1.1111111111111113e-18,4.444444444444445e-19,4.444444444444445e-19,9.777777777777779e-18,5.1111111111111114e-18,8.222222222222223e-18,0.0,0.0,0.0,0.0,2.2222222222222226e-19,0.0,1390.1363518627197,1098.2083991985264,1596.455124813212,-65.765221925042,1257.6472333705735,901.5021965311998,-17.07993754743089,-124.11865306032803,19513.80000000058,9.75690000000029e+23,0.0,0.0
1.505e-05,164023.0,5.46744,3e+22,-1028.16,1627.33,17923.2,3.6465,3.66699,3.61954,0.00131158392,0.000618444778,0.359600249,0.0639386353,0.0648555335,0.164357318,0.000443131356,0.000463195401,0.000473711917,922.505108,1696.57255,-508.816851,1407.44384,459.094649,-911.691057,-300.615104,-370.576809,7583.45573,30100.0,164023.057757,5.467435259,-60.00000000000001,30000 3000,1e-06,2,0.0 0.0259,0.0 0.0,-1.0 0.0,0.00054857 28.0,80000,1000,5e-10,0.0,0.0 0.0 0.0,1000 1000000 0,0,0.0,0,100,0,,20,,1,,,,1.0,10.0,0.1,False,{},,,False,3,mixed,250,300,True,Ar_Aubin,,False,uniform,Argon-Aubin-Test2/20Td,3.0000000000000005e+21,8.9616e+23,0.0,1.627471111111111e-13,1.6271666666666667e-13,0.0,0.0,0.0,0.0,0.0,2.2222222222222226e-19,0.0,0.0,0.0,0.0,0.0,0.0,4.444444444444445e-19,8.88888888888889e-19,0.0,0.0,0.0,8.88888888888889e-19,4.444444444444445e-19,1.5555555555555556e-18,6.666666666666668e-19,2.2222222222222226e-19,8.88888888888889e-19,9.111111111111112e-18,7.555555555555556e-18,7.111111111111112e-18,0.0,2.2222222222222226e-19,0.0,0.0,2.2222222222222226e-19,0.0,1748.0391200568047,923.8536261231872,2261.124490377936,458.0882352594173,1334.5374734768934,1138.2685471231998,312.5294385094039,-463.21314390310397,17192.819999999334,8.596409999999668e+23,0.0,0.0
1.51e-05,164159.0,5.47197,3e+22,5880.23,7498.78,16344.1,3.66749,3.62208,3.65234,0.00145368362,0.000667831869,0.360490218,0.0641426815,0.0650989898,0.165130244,0.000456786142,0.000511953399,0.000467280713,3532.02972,182.930079,-3497.49603,989.473431,1788.46815,521.225031,3401.53002,2304.74005,7595.20735,30200.0,164159.228985,5.471974299,-60.00000000000001,30000 3000,1e-06,2,0.0 0.0259,0.0 0.0,-1.0 0.0,0.00054857 28.0,80000,1000,5e-10,0.0,0.0 0.0 0.0,1000 1000000 0,0,0.0,0,100,0,,20,,1,,,,1.0,10.0,0.1,False,{},,,False,3,mixed,250,300,True,Ar_Aubin,,False,uniform,Argon-Aubin-Test2/20Td,3.0000000000000005e+21,8.17205e+23,0.0,1.6276133333333333e-13,1.6273711111111111e-13,0.0,0.0,0.0,0.0,0.0,0.0,0.0,0.0,0.0,0.0,0.0,0.0,6.666666666666668e-19,2.2222222222222226e-19,0.0,0.0,0.0,0.0,0.0,0.0,6.666666666666668e-19,4.444444444444445e-19,4.444444444444445e-19,6.8888888888888895e-18,6.0000000000000004e-18,8e-18,0.0,0.0,0.0,0.0,8.88888888888889e-19,0.0,2036.5325631215014,3523.481725967167,2433.9277453817867,1783.4602257373801,1320.6780717447964,1703.3191779862,-72.69645720865952,-2239.4905550437816,17799.379999999812,8.899689999999907e+23,0.0,0.0
1.515e-05,164228.0,5.47426,3e+22,-2004.28,-1039.79,17162.7,3.61797,3.65628,3.67256,0.00145235252,0.0007632904,0.361493698,0.064378814,0.0652821528,0.166010326,0.000496060633,0.000465173216,0.000504917405,823.321691,-35.640119,1374.84772,91.5781738,1609.84968,265.117075,-454.266254,-663.965569,7727.05964,30300.0,164227.701789,5.474256726,-60.00000000000001,30000 3000,1e-06,2,0.0 0.0259,0.0 0.0,-1.0 0.0,0.00054857 28.0,80000,1000,5e-10,0.0,0.0 0.0 0.0,1000 1000000 0,0,0.0,0,100,0,,20,,1,,,,1.0,10.0,0.1,False,{},,,False,3,mixed,250,300,True,Ar_Aubin,,False,uniform,Argon-Aubin-Test2/20Td,3.0000000000000005e+21,8.58135e+23,0.0,1.6277555555555555e-13,1.6274644444444446e-13,0.0,0.0,0.0,0.0,0.0,0.0,0.0,0.0,0.0,2.2222222222222226e-19,2.2222222222222226e-19,0.0,6.666666666666668e-19,4.444444444444445e-19,2.2222222222222226e-19,0.0,0.0,4.444444444444445e-19,0.0,8.88888888888889e-19,6.666666666666668e-19,1.1111111111111113e-18,1.5555555555555556e-18,8.444444444444445e-18,4.888888888888889e-18,8.88888888888889e-18,0.0,0.0,0.0,0.0,4.444444444444445e-19,0.0,2361.3636822469866,826.2326121087856,1830.2638717052068,1610.643341725016,1555.8557997233381,1522.8517493354002,-955.1548235517979,1620.1897644324358,20069.60000000002,1.0034800000000011e+24,0.0,0.0
1.52e-05,164339.0,5.47795,3e+22,-3810.57,-5401.81,17651.0,3.641,3.64911,3.66378,0.00154645737,0.000743742997,0.362483727,0.0645626154,0.0655440723,0.166833722,0.000508237945,0.000492322521,0.000532081152,2983.41597,453.745712,-262.804332,-494.379439,2299.62271,1418.3295,-1119.81778,-1911.37318,9138.84267,30400.0,164338.571959,5.477952399,-60.00000000000001,30000 3000,1e-06,2,0.0 0.0259,0.0 0.0,-1.0 0.0,0.00054857 28.0,80000,1000,5e-10,0.0,0.0 0.0 0.0,1000 1000000 0,0,0.0,0,100,0,,20,,1,,,,1.0,10.0,0.1,False,{},,,False,3,mixed,250,300,True,Ar_Aubin,,False,uniform,Argon-Aubin-Test2/20Td,3.0000000000000005e+21,8.825499999999999e+23,2.222222222222222e-19,1.6307577777777777e-13,1.63048e-13,0.0,0.0,0.0,0.0,0.0,0.0,0.0,0.0,0.0,0.0,0.0,2.2222222222222226e-19,4.444444444444445e-19,4.444444444444445e-19,0.0,0.0,2.2222222222222226e-19,4.444444444444445e-19,0.0,0.0,1.777777777777778e-18,6.666666666666668e-19,1.1111111111111113e-18,6.8888888888888895e-18,5.777777777777778e-18,8.88888888888889e-18,0.0,2.2222222222222226e-19,0.0,0.0,4.444444444444445e-19,2.2222222222222226e-19,1835.1919744510892,2989.308854060401,2619.4895858915047,2303.640268358625,1066.3735390464835,2740.6424047230003,-168.00085739598015,-28.64901544348004,19800.580000000067,9.900290000000034e+23,1.122301580166952e-23,1.2589780874863873e-23
1.525e-05,164411.0,5.48036,3e+22,-2030.63,-498.537,12159.5,3.64649,3.65692,3.65644,0.0014864705,0.000779498351,0.363529182,0.064787543,0.0657813115,0.167755058,0.00043713896,0.000494850561,0.00058131714,1575.66064,192.062238,355.44496,2535.62173,-29.9560517,90.2819017,-2399.77232,841.195395,5319.23615,30500.0,164410.806025,5.480360201,-60.00000000000001,30000 3000,1e-06,2,0.0 0.0259,0.0 0.0,-1.0 0.0,0.00054857 28.0,80000,1000,5e-10,0.0,0.0 0.0 0.0,1000 1000000 0,0,0.0,0,100,0,,20,,1,,,,1.0,10.0,0.1,False,{},,,False,3,mixed,250,300,True,Ar_Aubin,,False,uniform,Argon-Aubin-Test2/20Td,3.0000000000000005e+21,6.079750000000001e+23,0.0,1.6362533333333332e-13,1.6359488888888891e-13,0.0,0.0,0.0,0.0,0.0,0.0,0.0,0.0,0.0,0.0,0.0,0.0,6.666666666666668e-19,6.666666666666668e-19,0.0,0.0,2.2222222222222226e-19,4.444444444444445e-19,4.444444444444445e-19,0.0,1.777777777777778e-18,6.666666666666668e-19,8.88888888888889e-19,1.2222222222222223e-17,6.0000000000000004e-18,6.0000000000000004e-18,0.0,2.2222222222222226e-19,0.0,0.0,2.2222222222222226e-19,0.0,2251.095358498656,1578.679111591415,2371.847359663587,-29.567442930587514,1623.2217422140761,898.903061471,454.3653238417368,-1324.2088352000899,20909.10000000057,1.0454550000000285e+24,0.0,0.0
1.53e-05,164501.0,5.48335,3e+22,-3534.66,8376.97,17617.6,3.68176,3.62258,3.66013,0.00148338106,0.000763063565,0.364489762,0.0649944032,0.0659414768,0.16854098,0.000401654386,0.000461556183,0.00064284864,1319.13124,1474.86315,405.616119,-1374.62107,23.4212508,-1149.4118,-1019.91934,4315.82051,6058.21489,30600.0,164500.519263,5.483350642,-60.00000000000001,30000 3000,1e-06,2,0.0 0.0259,0.0 0.0,-1.0 0.0,0.00054857 28.0,80000,1000,5e-10,0.0,0.0 0.0 0.0,1000 1000000 0,0,0.0,0,100,0,,20,,1,,,,1.0,10.0,0.1,False,{},,,False,3,mixed,250,300,True,Ar_Aubin,,False,uniform,Argon-Aubin-Test2/20Td,3.0000000000000005e+21,8.8088e+23,0.0,1.6344177777777776e-13,1.6341422222222224e-13,0.0,0.0,0.0,0.0,0.0,0.0,0.0,0.0,0.0,0.0,0.0,0.0,2.2222222222222226e-19,2.2222222222222226e-19,0.0,2.2222222222222226e-19,2.2222222222222226e-19,1.1111111111111113e-18,0.0,2.2222222222222226e-19,8.88888888888889e-19,2.2222222222222226e-19,1.1111111111111113e-18,7.777777777777779e-18,6.444444444444445e-18,8.88888888888889e-18,0.0,0.0,0.0,0.0,0.0,0.0,2068.693751781925,1324.3744876975395,1601.9065167498238,17.029090207901948,866.0156277248699,-363.2199410111989,-671.923651651532,647.9105469882638,19211.599999999773,9.605799999999887e+23,0.0,0.0
1.535e-05,164578.0,5.48593,3e+22,-3410.01,-857.114,11911.6,3.62491,3.66384,3.68224,0.00162177722,0.000885234766,0.365568187,0.0652148523,0.0661017762,0.16942349,0.000421744766,0.000525718345,0.000665755506,2506.29357,4412.07224,590.797486,-77.2610311,1211.2845,-381.781367,-221.578359,-649.958026,5416.97049,30700.0,164578.008161,5.485933605,-60.00000000000001,30000 3000,1e-06,2,0.0 0.0259,0.0 0.0,-1.0 0.0,0.00054857 28.0,80000,1000,5e-10,0.0,0.0 0.0 0.0,1000 1000000 0,0,0.0,0,100,0,,20,,1,,,,1.0,10.0,0.1,False,{},,,False,3,mixed,250,300,True,Ar_Aubin,,False,uniform,Argon-Aubin-Test2/20Td,3.0000000000000005e+21,5.9558000000000006e+23,0.0,1.6425555555555556e-13,1.6422400000000002e-13,0.0,0.0,0.0,0.0,0.0,0.0,0.0,0.0,2.2222222222222226e-19,0.0,0.0,0.0,4.444444444444445e-19,0.0,4.444444444444445e-19,0.0,0.0,6.666666666666668e-19,0.0,8.88888888888889e-19,4.444444444444445e-19,4.444444444444445e-19,2e-18,9.111111111111112e-18,7.333333333333334e-18,8.88888888888889e-18,0.0,0.0,4.444444444444445e-19,0.0,2.2222222222222226e-19,0.0,2200.193580178672,2511.823846537972,1600.9802541330776,1212.0432471112254,951.972563496828,1062.4684737307998,239.38426962815296,1596.4923388181182,21568.49999999988,1.0784249999999942e+24,0.0,0.0
1.54e-05,164316.0,5.47719,3e+22,4059.75,-1237.36,10473.4,3.66755,3.6236,3.66251,0.00168062173,0.000855934014,0.366461672,0.0654339506,0.0663612668,0.170210449,0.000410185606,0.000564031701,0.000653370942,1282.37692,999.853638,-1313.35501,899.130088,2147.86529,-560.788285,2004.78893,-931.508543,4307.62935,30800.0,164315.78023,5.477192674,-60.00000000000001,30000 3000,1e-06,2,0.0 0.0259,0.0 0.0,-1.0 0.0,0.00054857 28.0,80000,1000,5e-10,0.0,0.0 0.0 0.0,1000 1000000 0,0,0.0,0,100,0,,20,,1,,,,1.0,10.0,0.1,False,{},,,False,3,mixed,250,300,True,Ar_Aubin,,False,uniform,Argon-Aubin-Test2/20Td,3.0000000000000005e+21,5.2367e+23,0.0,1.634891111111111e-13,1.6345755555555557e-13,0.0,0.0,0.0,0.0,0.0,2.2222222222222226e-19,0.0,0.0,0.0,0.0,2.2222222222222226e-19,0.0,2.2222222222222226e-19,2.2222222222222226e-19,0.0,0.0,4.444444444444445e-19,1.3333333333333336e-18,2.2222222222222226e-19,8.88888888888889e-19,8.88888888888889e-19,6.666666666666668e-19,1.1111111111111113e-18,8.222222222222223e-18,5.333333333333334e-18,1.088888888888889e-17,0.0,0.0,2.2222222222222226e-19,2.2222222222222226e-19,2.2222222222222226e-19,0.0,2189.0397195195587,1275.5540159316324,2595.4161755460673,2148.9243885115634,1329.013014313707,469.52967447519995,306.00129715935026,-813.9106765289821,17869.700000000543,8.934850000000272e+23,0.0,0.0
1.545e-05,164594.0,5.48647,3e+22,1408.05,-4514.25,13324.8,3.67425,3.66843,3.62911,0.00189365781,0.000823220385,0.367472046,0.0656040824,0.0665346508,0.171113327,0.0004283349,0.0006325613,0.000591938534,3526.93653,2131.91982,-1367.27004,817.331049,1302.06692,-755.067831,1623.88811,-752.427147,6603.76491,30900.0,164594.030072,5.486467669,-60.00000000000001,30000 3000,1e-06,2,0.0 0.0259,0.0 0.0,-1.0 0.0,0.00054857 28.0,80000,1000,5e-10,0.0,0.0 0.0 0.0,1000 1000000 0,0,0.0,0,100,0,,20,,1,,,,1.0,10.0,0.1,False,{},,,False,3,mixed,250,300,True,Ar_Aubin,,False,uniform,Argon-Aubin-Test2/20Td,3.0000000000000005e+21,6.6624e+23,0.0,1.6356377777777778e-13,1.6353822222222223e-13,0.0,0.0,0.0,0.0,0.0,0.0,0.0,0.0,0.0,2.2222222222222226e-19,0.0,0.0,4.444444444444445e-19,2.2222222222222226e-19,0.0,0.0,0.0,4.444444444444445e-19,0.0,4.444444444444445e-19,8.88888888888889e-19,6.666666666666668e-19,1.3333333333333336e-18,6.2222222222222225e-18,6.2222222222222225e-18,7.777777777777779e-18,0.0,2.2222222222222226e-19,0.0,2.2222222222222226e-19,2.2222222222222226e-19,0.0,1693.7034949797426,3524.2701651206294,1734.389312340462,1305.7831426229861,1613.3045360947062,1707.2733914592,-229.06523378493378,-286.03355595698804,20207.479999999614,1.0103739999999808e+24,0.0,0.0
1.55e-05,164444.0,5.48147,3e+22,2778.76,-1519.13,20368.4,3.66678,3.65978,3.63397,0.00182935716,0.00085852723,0.368461999,0.0657904374,0.0668194711,0.171993897,0.000408679256,0.000605429552,0.000590303043,2178.4137,-274.2879,924.208262,-832.843958,-254.489489,12.3523673,846.62964,-642.871794,8113.24681,31000.0,164444.244645,5.481474821,-60.00000000000001,30000 3000,1e-06,2,0.0 0.0259,0.0 0.0,-1.0 0.0,0.00054857 28.0,80000,1000,5e-10,0.0,0.0 0.0 0.0,1000 1000000 0,0,0.0,0,100,0,,20,,1,,,,1.0,10.0,0.1,False,{},,,False,3,mixed,250,300,True,Ar_Aubin,,False,uniform,Argon-Aubin-Test2/20Td,3.0000000000000005e+21,1.0184200000000001e+24,0.0,1.6332933333333332e-13,1.6329622222222225e-13,0.0,2.2222222222222226e-19,0.0,0.0,0.0,0.0,0.0,0.0,0.0,0.0,0.0,0.0,4.444444444444445e-19,2.2222222222222226e-19,0.0,0.0,2.2222222222222226e-19,2.2222222222222226e-19,0.0,6.666666666666668e-19,4.444444444444445e-19,4.444444444444445e-19,1.1111111111111113e-18,9.555555555555557e-18,9.555555555555557e-18,9.777777777777779e-18,0.0,0.0,0.0,0.0,2.2222222222222226e-19,0.0,1865.9439228253805,2173.3303554980785,2847.60922797625,-253.1852745290901,1520.298843501189,608.2654295683997,-106.28068387967105,709.7093592810158,19799.059999999758,9.899529999999879e+23,0.0,0.0
1.555e-05,164507.0,5.48357,3e+22,-5103.38,-2390.77,19475.9,3.66293,3.62611,3.67577,0.0018253304,0.000807770568,0.369535624,0.0659792366,0.0670715267,0.172940107,0.000387703461,0.000582064356,0.000572438143,301.468311,3059.27835,-324.146206,1070.69145,4454.97352,-2439.9934,-1794.87154,-178.338181,7480.43062,31100.0,164507.102315,5.483570077,-60.00000000000001,30000 3000,1e-06,2,0.0 0.0259,0.0 0.0,-1.0 0.0,0.00054857 28.0,80000,1000,5e-10,0.0,0.0 0.0 0.0,1000 1000000 0,0,0.0,0,100,0,,20,,1,,,,1.0,10.0,0.1,False,{},,,False,3,mixed,250,300,True,Ar_Aubin,,False,uniform,Argon-Aubin-Test2/20Td,3.0000000000000005e+21,9.737950000000001e+23,0.0,1.633391111111111e-13,1.6330755555555556e-13,0.0,0.0,0.0,0.0,0.0,0.0,0.0,0.0,0.0,0.0,0.0,2.2222222222222226e-19,4.444444444444445e-19,4.444444444444445e-19,0.0,2.2222222222222226e-19,2.2222222222222226e-19,8.88888888888889e-19,2.2222222222222226e-19,1.1111111111111113e-18,8.88888888888889e-19,4.444444444444445e-19,2.2222222222222226e-19,7.777777777777779e-18,7.111111111111112e-18,1.0222222222222223e-17,0.0,4.444444444444445e-19,2.2222222222222226e-19,0.0,4.444444444444445e-19,0.0,1888.139165496794,310.783665656752,2521.4017571412173,4456.904713640857,1538.7730200661088,283.39176053839947,-476.8241662321364,-268.68698552824003,21472.50000000045,1.0736250000000227e+24,0.0,0.0
1.56e-05,164442.0,5.48139,3e+22,3206.52,6181.47,26641.2,3.65665,3.67058,3.63124,0.00186497641,0.000815282343,0.370532041,0.0662169651,0.067330373,0.173763484,0.000444323493,0.000588860829,0.000587738948,-542.633037,888.669446,-1517.76914,-965.596002,1823.52251,-942.784592,463.458165,1838.16317,9810.45445,31200.0,164441.727577,5.481390919,-60.00000000000001,30000 3000,1e-06,2,0.0 0.0259,0.0 0.0,-1.0 0.0,0.00054857 28.0,80000,1000,5e-10,0.0,0.0 0.0 0.0,1000 1000000 0,0,0.0,0,100,0,,20,,1,,,,1.0,10.0,0.1,False,{},,,False,3,mixed,250,300,True,Ar_Aubin,,False,uniform,Argon-Aubin-Test2/20Td,3.0000000000000005e+21,1.3320600000000002e+24,0.0,1.6379844444444443e-13,1.6376711111111114e-13,0.0,4.444444444444445e-19,0.0,0.0,0.0,0.0,0.0,0.0,0.0,2.2222222222222226e-19,0.0,0.0,4.444444444444445e-19,2.2222222222222226e-19,0.0,0.0,0.0,6.666666666666668e-19,0.0,8.88888888888889e-19,6.666666666666668e-19,6.666666666666668e-19,6.666666666666668e-19,1.0666666666666668e-17,6.2222222222222225e-18,8.88888888888889e-18,0.0,2.2222222222222226e-19,0.0,0.0,4.444444444444445e-19,0.0,2375.821940592965,-548.6131211581932,2588.3410799172616,1818.4828666552157,859.60997443707,-60.96376068920108,-194.24868487966313,-2292.114584641412,19928.339999999436,9.96416999999972e+23,0.0,0.0
1.565e-05,164595.0,5.48648,3e+22,-852.596,572.257,9959.78,3.67284,3.63054,3.66902,0.0017100291,0.000907323415,0.371567564,0.0664267999,0.0675412834,0.174660318,0.000409813718,0.000519183446,0.000655787132,659.871273,140.978054,1356.99602,1166.11688,3404.49882,-539.85492,-2294.85745,541.418657,4439.68293,31300.0,164594.519156,5.486483972,-60.00000000000001,30000 3000,1e-06,2,0.0 0.0259,0.0 0.0,-1.0 0.0,0.00054857 28.0,80000,1000,5e-10,0.0,0.0 0.0 0.0,1000 1000000 0,0,0.0,0,100,0,,20,,1,,,,1.0,10.0,0.1,False,{},,,False,3,mixed,250,300,True,Ar_Aubin,,False,uniform,Argon-Aubin-Test2/20Td,3.0000000000000005e+21,4.9798900000000003e+23,0.0,1.6372533333333332e-13,1.6369666666666669e-13,0.0,0.0,0.0,0.0,0.0,2.2222222222222226e-19,0.0,0.0,0.0,0.0,0.0,0.0,2.2222222222222226e-19,2.2222222222222226e-19,4.444444444444445e-19,2.2222222222222226e-19,0.0,6.666666666666668e-19,0.0,8.88888888888889e-19,1.5555555555555556e-18,4.444444444444445e-19,1.3333333333333336e-18,7.111111111111112e-18,6.8888888888888895e-18,8e-18,0.0,0.0,0.0,2.2222222222222226e-19,2.2222222222222226e-19,0.0,2103.887374870217,661.3292369705435,2107.518495193944,3403.979597824502,1283.7279073155128,738.9517374240795,-280.7042888391931,-638.0959248334539,20710.460000000763,1.0355230000000382e+24,0.0,0.0
1.57e-05,164507.0,5.48357,3e+22,3698.12,-94.7739,14285.1,3.6673,3.6349,3.66369,0.00172487353,0.000951912655,0.372566391,0.0666171689,0.0678109642,0.175499025,0.000327349153,0.000539116492,0.000665528262,3744.56374,-1104.39448,2323.27557,-1111.14466,1503.46186,470.158185,4231.05944,-63.61117,5787.40777,31400.0,164506.973082,5.483565769,-60.00000000000001,30000 3000,1e-06,2,0.0 0.0259,0.0 0.0,-1.0 0.0,0.00054857 28.0,80000,1000,5e-10,0.0,0.0 0.0 0.0,1000 1000000 0,0,0.0,0,100,0,,20,,1,,,,1.0,10.0,0.1,False,{},,,False,3,mixed,250,300,True,Ar_Aubin,,False,uniform,Argon-Aubin-Test2/20Td,3.0000000000000005e+21,7.14255e+23,0.0,1.636711111111111e-13,1.636388888888889e-13,0.0,0.0,0.0,0.0,0.0,0.0,0.0,0.0,0.0,0.0,2.2222222222222226e-19,0.0,1.1111111111111113e-18,0.0,0.0,0.0,0.0,6.666666666666668e-19,2.2222222222222226e-19,8.88888888888889e-19,6.666666666666668e-19,2.2222222222222226e-19,1.777777777777778e-18,9.555555555555557e-18,6.444444444444445e-18,1.0444444444444445e-17,0.0,0.0,0.0,0.0,0.0,0.0,1903.18010828347,3738.1849507012366,2695.9789807666502,1503.5520764747737,954.4591412924409,465.2596179258999,253.88974105164257,5151.899797251677,19976.5399999996,9.988269999999801e+23,0.0,0.0
1.575e-05,164445.0,5.48149,3e+22,7766.02,-611.272,25444.0,3.66703,3.65486,3.63707,0.00170973176,0.00102483842,0.373519918,0.0668127149,0.0680280771,0.176324532,0.00029913671,0.000589816532,0.000710110068,4137.38344,1074.29605,2549.52493,-851.83627,2453.01271,-1666.45529,3069.17197,-968.08312,10360.0976,31500.0,164444.671292,5.481489043,-60.00000000000001,30000 3000,1e-06,2,0.0 0.0259,0.0 0.0,-1.0 0.0,0.00054857 28.0,80000,1000,5e-10,0.0,0.0 0.0 0.0,1000 1000000 0,0,0.0,0,100,0,,20,,1,,,,1.0,10.0,0.1,False,{},,,False,3,mixed,250,300,True,Ar_Aubin,,False,uniform,Argon-Aubin-Test2/20Td,3.0000000000000005e+21,1.2722e+24,0.0,1.6349088888888888e-13,1.6346111111111112e-13,0.0,0.0,0.0,0.0,0.0,0.0,2.2222222222222226e-19,0.0,0.0,2.2222222222222226e-19,0.0,0.0,6.666666666666668e-19,2.2222222222222226e-19,0.0,0.0,0.0,4.444444444444445e-19,2.2222222222222226e-19,8.88888888888889e-19,1.1111111111111113e-18,4.444444444444445e-19,2e-18,1.0222222222222223e-17,5.555555555555556e-18,6.8888888888888895e-18,0.0,0.0,2.2222222222222226e-19,2.2222222222222226e-19,2.2222222222222226e-19,0.0,1955.9800600334188,4124.105628957204,2169.687439156354,2453.63916503067,1140.9356003813655,856.2568064079987,1094.2215841266934,2674.4313315122,19070.540000000194,9.535270000000097e+23,0.0,0.0
1.58e-05,164617.0,5.48723,3e+22,-2910.58,2251.99,11009.4,3.68079,3.6145,3.6784,0.00169984732,0.00105162411,0.374607576,0.067066958,0.0682531649,0.17725456,0.000241582324,0.000614163621,0.000734051625,1076.26404,658.051449,59.3200434,1943.78712,2235.26435,1679.33779,25.5600249,1190.79649,5399.0163,31600.0,164616.812704,5.48722709,-60.00000000000001,30000 3000,1e-06,2,0.0 0.0259,0.0 0.0,-1.0 0.0,0.00054857 28.0,80000,1000,5e-10,0.0,0.0 0.0 0.0,1000 1000000 0,0,0.0,0,100,0,,20,,1,,,,1.0,10.0,0.1,False,{},,,False,3,mixed,250,300,True,Ar_Aubin,,False,uniform,Argon-Aubin-Test2/20Td,3.0000000000000005e+21,5.5047000000000004e+23,0.0,1.6357133333333332e-13,1.6354133333333335e-13,0.0,0.0,0.0,0.0,0.0,0.0,0.0,0.0,0.0,0.0,2.2222222222222226e-19,0.0,2.2222222222222226e-19,6.666666666666668e-19,2.2222222222222226e-19,0.0,2.2222222222222226e-19,8.88888888888889e-19,2.2222222222222226e-19,8.88888888888889e-19,1.3333333333333336e-18,6.666666666666668e-19,1.1111111111111113e-18,5.555555555555556e-18,8.444444444444445e-18,9.111111111111112e-18,0.0,0.0,0.0,0.0,2.2222222222222226e-19,0.0,2542.768017798347,1081.2115816126457,2250.3218051836416,2232.896103020521,1163.21146130971,1274.8116527856,523.8054336379871,1156.491087769272,21753.15999999983,1.0876579999999914e+24,0.0,0.0
1.585e-05,164616.0,5.48721,3e+22,-117.31,5059.25,8373.43,3.64741,3.64465,3.68181,0.00179585434,0.000975176702,0.375642379,0.0672857071,0.0684678068,0.178158974,0.000242858627,0.000628980479,0.000775337467,3113.98152,934.92045,-1163.80626,2308.48778,2329.86957,518.519353,-992.036784,1164.73015,4162.26176,31700.0,164616.310684,5.487210356,-60.00000000000001,30000 3000,1e-06,2,0.0 0.0259,0.0 0.0,-1.0 0.0,0.00054857 28.0,80000,1000,5e-10,0.0,0.0 0.0 0.0,1000 1000000 0,0,0.0,0,100,0,,20,,1,,,,1.0,10.0,0.1,False,{},,,False,3,mixed,250,300,True,Ar_Aubin,,False,uniform,Argon-Aubin-Test2/20Td,3.0000000000000005e+21,4.1867150000000007e+23,0.0,1.6363577777777777e-13,1.6360422222222223e-13,0.0,0.0,0.0,0.0,0.0,0.0,0.0,2.2222222222222226e-19,0.0,0.0,0.0,0.0,4.444444444444445e-19,2.2222222222222226e-19,0.0,0.0,4.444444444444445e-19,8.88888888888889e-19,2.2222222222222226e-19,6.666666666666668e-19,1.3333333333333336e-18,2.2222222222222226e-19,8.88888888888889e-19,8.88888888888889e-18,7.777777777777779e-18,8.88888888888889e-18,0.0,0.0,2.2222222222222226e-19,0.0,2.2222222222222226e-19,0.0,2184.1348810082427,3114.192191672625,2147.968436686243,2324.9359072704065,1280.5309581609415,1016.8465944100299,-460.1290899955727,-2126.8138971256967,20696.060000000572,1.0348030000000286e+24,0.0,0.0
1.59e-05,164558.0,5.48528,3e+22,-2341.31,7893.26,10845.8,3.68701,3.65154,3.63095,0.00177662439,0.000967787559,0.376712841,0.0675587845,0.0686703047,0.17903704,0.000254338435,0.000638286567,0.000759378761,3203.79055,2361.23066,1267.51272,-1043.34926,2197.96882,329.48895,-2013.58435,2215.37533,4952.65712,31800.0,164558.353326,5.485278444,-60.00000000000001,30000 3000,1e-06,2,0.0 0.0259,0.0 0.0,-1.0 0.0,0.00054857 28.0,80000,1000,5e-10,0.0,0.0 0.0 0.0,1000 1000000 0,0,0.0,0,100,0,,20,,1,,,,1.0,10.0,0.1,False,{},,,False,3,mixed,250,300,True,Ar_Aubin,,False,uniform,Argon-Aubin-Test2/20Td,3.0000000000000005e+21,5.4228999999999997e+23,0.0,1.6393688888888888e-13,1.6390311111111114e-13,0.0,2.2222222222222226e-19,0.0,0.0,0.0,0.0,2.2222222222222226e-19,2.2222222222222226e-19,0.0,0.0,0.0,0.0,2.2222222222222226e-19,0.0,0.0,0.0,0.0,1.777777777777778e-18,0.0,6.666666666666668e-19,6.666666666666668e-19,6.666666666666668e-19,1.5555555555555556e-18,9.777777777777779e-18,8.444444444444445e-18,8.666666666666667e-18,0.0,2.2222222222222226e-19,0.0,0.0,4.444444444444445e-19,0.0,2731.4609858734852,3207.950178450551,2025.122568407728,2190.3298211720476,726.9832648837405,866.9049890821998,292.5572653656567,116.66099895264779,21409.239999999885,1.0704619999999942e+24,0.0,0.0
1.595e-05,164238.0,5.47458,3e+22,-1848.64,9014.44,19995.4,3.64452,3.63769,3.6642,0.00187463911,0.000997283992,0.377634688,0.0677653674,0.0689362171,0.17986176,0.000283019072,0.000634153798,0.000744037247,3152.1826,-1120.25434,-1057.3156,383.453436,2536.09798,135.30065,-587.340379,3914.26676,10472.1716,31900.0,164237.5332,5.47458444,-60.00000000000001,30000 3000,1e-06,2,0.0 0.0259,0.0 0.0,-1.0 0.0,0.00054857 28.0,80000,1000,5e-10,0.0,0.0 0.0 0.0,1000 1000000 0,0,0.0,0,100,0,,20,,1,,,,1.0,10.0,0.1,False,{},,,False,3,mixed,250,300,True,Ar_Aubin,,False,uniform,Argon-Aubin-Test2/20Td,3.0000000000000005e+21,9.997700000000002e+23,0.0,1.6347733333333333e-13,1.634437777777778e-13,0.0,0.0,0.0,0.0,0.0,0.0,0.0,0.0,0.0,4.444444444444445e-19,0.0,0.0,1.3333333333333336e-18,4.444444444444445e-19,0.0,0.0,0.0,4.444444444444445e-19,0.0,1.3333333333333336e-18,6.666666666666668e-19,8.88888888888889e-19,2e-18,9.111111111111112e-18,5.555555555555556e-18,1.088888888888889e-17,0.0,0.0,4.444444444444445e-19,0.0,0.0,0.0,2062.250224304091,3155.6481328443106,2658.544373986549,2527.1080232911554,1293.2699343395916,2921.214959564799,-855.6860614131125,-984.029548235774,18436.939999999515,9.218469999999758e+23,0.0,0.0
1.6e-05,164320.0,5.47733,3e+22,-10143.8,-938.367,18275.2,3.6266,3.64846,3.67711,0.00194770557,0.000894651222,0.378714986,0.0679562022,0.0691684204,0.180849823,0.000250586041,0.000651507201,0.00071001593,1009.44137,-449.715704,-798.001318,2184.77028,2879.25066,-1150.70848,-4371.29842,-286.963683,8602.57921,32000.0,164319.922873,5.477330762,-60.00000000000001,30000 3000,1e-06,2,0.0 0.0259,0.0 0.0,-1.0 0.0,0.00054857 28.0,80000,1000,5e-10,0.0,0.0 0.0 0.0,1000 1000000 0,0,0.0,0,100,0,,20,,1,,,,1.0,10.0,0.1,False,{},,,False,3,mixed,250,300,True,Ar_Aubin,,False,uniform,Argon-Aubin-Test2/20Td,3.0000000000000005e+21,9.137600000000001e+23,0.0,1.6325844444444444e-13,1.632268888888889e-13,0.0,0.0,0.0,0.0,0.0,0.0,0.0,0.0,0.0,0.0,0.0,0.0,4.444444444444445e-19,2.2222222222222226e-19,0.0,0.0,0.0,1.1111111111111113e-18,0.0,1.3333333333333336e-18,2.2222222222222226e-19,2.2222222222222226e-19,1.777777777777778e-18,1.0444444444444445e-17,8e-18,7.333333333333334e-18,0.0,0.0,0.0,0.0,4.444444444444445e-19,0.0,1905.555148053323,1029.198505760966,2323.9747455167103,2880.090171183235,1709.7995987713778,1681.4870978527997,-246.86258514448457,-1363.2853718460642,21605.95999999959,1.0802979999999798e+24,0.0,0.0
1.605e-05,164293.0,5.47643,3e+22,5308.06,101.222,19017.1,3.68094,3.59755,3.67217,0.00189403913,0.00102660235,0.379730506,0.0681117236,0.0693723453,0.181774424,0.000326519573,0.000644686227,0.000777295844,4665.41994,-1844.74216,1599.81012,-721.707772,1270.42406,1181.52986,2173.68605,-713.294139,8146.4994,32100.0,164292.962179,5.476432073,-60.00000000000001,30000 3000,1e-06,2,0.0 0.0259,0.0 0.0,-1.0 0.0,0.00054857 28.0,80000,1000,5e-10,0.0,0.0 0.0 0.0,1000 1000000 0,0,0.0,0,100,0,,20,,1,,,,1.0,10.0,0.1,False,{},,,False,3,mixed,250,300,True,Ar_Aubin,,False,uniform,Argon-Aubin-Test2/20Td,3.0000000000000005e+21,9.508549999999999e+23,2.222222222222222e-19,1.635268888888889e-13,1.6349577777777778e-13,0.0,0.0,0.0,0.0,0.0,0.0,2.2222222222222226e-19,0.0,0.0,0.0,0.0,0.0,8.88888888888889e-19,2.2222222222222226e-19,4.444444444444445e-19,0.0,2.2222222222222226e-19,1.3333333333333336e-18,0.0,4.444444444444445e-19,4.444444444444445e-19,4.444444444444445e-19,1.3333333333333336e-18,8.222222222222223e-18,8e-18,7.555555555555556e-18,0.0,4.444444444444445e-19,4.444444444444445e-19,0.0,2.2222222222222226e-19,2.2222222222222226e-19,1557.275727614299,4655.366266655612,2036.7138842398992,1270.3201452569283,1543.8443396412206,925.1263943473996,231.5975291194419,1721.8447287825165,20310.40000000095,1.0155200000000475e+24,1.0941302102480099e-23,1.1685389582124627e-23
1.61e-05,164265.0,5.47549,3e+22,10765.9,815.365,15183.9,3.67404,3.66046,3.6145,0.00195360618,0.00102387151,0.380752817,0.0683598545,0.0694954765,0.182680758,0.000402559171,0.000654761276,0.000787026967,1644.25014,-1405.92278,1449.24233,392.505498,2178.40593,1049.08928,3516.24222,1618.53066,7658.68008,32200.0,164264.634262,5.475487809,-60.00000000000001,30000 3000,1e-06,2,0.0 0.0259,0.0 0.0,-1.0 0.0,0.00054857 28.0,80000,1000,5e-10,0.0,0.0 0.0 0.0,1000 1000000 0,0,0.0,0,100,0,,20,,1,,,,1.0,10.0,0.1,False,{},,,False,3,mixed,250,300,True,Ar_Aubin,,False,uniform,Argon-Aubin-Test2/20Td,3.0000000000000005e+21,7.59195e+23,0.0,1.6338266666666667e-13,1.633508888888889e-13,0.0,0.0,0.0,0.0,0.0,0.0,0.0,0.0,0.0,2.2222222222222226e-19,0.0,0.0,0.0,2.2222222222222226e-19,0.0,0.0,2.2222222222222226e-19,0.0,2.2222222222222226e-19,1.1111111111111113e-18,6.666666666666668e-19,2.2222222222222226e-19,4.444444444444445e-19,9.777777777777779e-18,6.2222222222222225e-18,1.1555555555555557e-17,0.0,0.0,2.2222222222222226e-19,0.0,6.666666666666668e-19,0.0,2479.0170711944115,1623.2178112267381,1231.3679951604652,2177.5711010062487,1288.8353358056493,1877.3673819536998,-290.8314024981833,836.6744365831973,20446.21999999996,1.0223109999999982e+24,0.0,0.0
1.615e-05,164271.0,5.47572,3e+22,6574.3,4855.87,10774.1,3.61157,3.66488,3.67394,0.00199870032,0.000996981013,0.3817844,0.0686031735,0.0696922983,0.183635843,0.000423941105,0.000674638149,0.00079593279,3172.31761,-1002.92945,752.868516,1434.14335,1676.29702,-534.514211,1846.97807,3492.95226,4726.23289,32300.0,164271.467307,5.475715577,-60.00000000000001,30000 3000,1e-06,2,0.0 0.0259,0.0 0.0,-1.0 0.0,0.00054857 28.0,80000,1000,5e-10,0.0,0.0 0.0 0.0,1000 1000000 0,0,0.0,0,100,0,,20,,1,,,,1.0,10.0,0.1,False,{},,,False,3,mixed,250,300,True,Ar_Aubin,,False,uniform,Argon-Aubin-Test2/20Td,3.0000000000000005e+21,5.387050000000001e+23,0.0,1.6330577777777776e-13,1.6327444444444446e-13,2.2222222222222226e-19,0.0,0.0,0.0,0.0,0.0,0.0,0.0,0.0,0.0,0.0,0.0,1.1111111111111113e-18,6.666666666666668e-19,0.0,0.0,0.0,4.444444444444445e-19,0.0,6.666666666666668e-19,4.444444444444445e-19,6.666666666666668e-19,4.444444444444445e-19,9.111111111111112e-18,8e-18,9.333333333333335e-18,0.0,0.0,0.0,0.0,2.2222222222222226e-19,0.0,2431.4077413736813,3159.177554486224,1968.7614172869685,1671.4558098084037,1684.6457007549388,612.8495859599998,12.906537852019028,68.34720796228703,20631.66000000005,1.0315830000000025e+24,0.0,0.0
1.62e-05,164356.0,5.47853,3e+22,1761.86,2057.51,10231.1,3.66238,3.66212,3.63193,0.0021004487,0.00107842361,0.382870345,0.0688436732,0.0698067096,0.184590905,0.000435611264,0.000667569821,0.00086502327,3948.05774,1788.33863,558.935165,115.803472,-1042.45762,1275.82847,235.884221,1440.05177,4421.51825,32400.0,164356.04116,5.478534705,-60.00000000000001,30000 3000,1e-06,2,0.0 0.0259,0.0 0.0,-1.0 0.0,0.00054857 28.0,80000,1000,5e-10,0.0,0.0 0.0 0.0,1000 1000000 0,0,0.0,0,100,0,,20,,1,,,,1.0,10.0,0.1,False,{},,,False,3,mixed,250,300,True,Ar_Aubin,,False,uniform,Argon-Aubin-Test2/20Td,3.0000000000000005e+21,5.11555e+23,0.0,1.6369155555555554e-13,1.636597777777778e-13,0.0,0.0,0.0,0.0,0.0,0.0,2.2222222222222226e-19,0.0,0.0,0.0,0.0,0.0,4.444444444444445e-19,0.0,0.0,0.0,0.0,4.444444444444445e-19,4.444444444444445e-19,8.88888888888889e-19,8.88888888888889e-19,0.0,1.3333333333333336e-18,1.0666666666666668e-17,6.8888888888888895e-18,9.111111111111112e-18,0.0,2.2222222222222226e-19,0.0,0.0,2.2222222222222226e-19,0.0,2400.826182278326,3944.357043453418,1142.4227365768036,-1044.676487361811,1246.8900294099194,504.33346327050003,-963.9048794558673,98.76553926373003,21718.899999999543,1.0859449999999772e+24,0.0,0.0
1.625e-05,164509.0,5.48362,3e+22,12655.7,2496.64,20480.5,3.66963,3.65721,3.63708,0.00221100699,0.00106979021,0.38387879,0.0690512422,0.0699738563,0.18549352,0.000418046172,0.000768479967,0.000871965722,2436.11663,-757.92083,58.339846,-657.226809,2655.22253,-400.194063,5685.7974,874.842372,9940.32993,32500.0,164508.710545,5.483623685,-60.00000000000001,30000 3000,1e-06,2,0.0 0.0259,0.0 0.0,-1.0 0.0,0.00054857 28.0,80000,1000,5e-10,0.0,0.0 0.0 0.0,1000 1000000 0,0,0.0,0,100,0,,20,,1,,,,1.0,10.0,0.1,False,{},,,False,3,mixed,250,300,True,Ar_Aubin,,False,uniform,Argon-Aubin-Test2/20Td,3.0000000000000005e+21,1.0240250000000001e+24,0.0,1.6351777777777778e-13,1.634897777777778e-13,0.0,0.0,0.0,0.0,0.0,0.0,0.0,0.0,0.0,2.2222222222222226e-19,0.0,0.0,6.666666666666668e-19,0.0,0.0,0.0,0.0,4.444444444444445e-19,0.0,6.666666666666668e-19,6.666666666666668e-19,4.444444444444445e-19,1.777777777777778e-18,9.111111111111112e-18,5.555555555555556e-18,8.222222222222223e-18,0.0,0.0,0.0,0.0,2.2222222222222226e-19,0.0,2070.9233283150443,2408.134788836657,1671.6524638919761,2652.551648970106,1293.9066855488513,2078.300371404999,1127.0195284211857,840.5999147383045,20168.90000000049,1.0084450000000244e+24,0.0,0.0
1.63e-05,164504.0,5.48347,3e+22,10732.5,-8141.01,16942.4,3.62774,3.66947,3.66707,0.00235086969,0.00110280693,0.384882305,0.0692396294,0.0702311217,0.1863919,0.000386009405,0.000817763868,0.000926338645,901.092836,-1974.15434,-3318.95037,-1364.43129,1573.86421,75.9602775,3826.12455,-3098.19272,7110.20641,32600.0,164504.24097,5.483474699,-60.00000000000001,30000 3000,1e-06,2,0.0 0.0259,0.0 0.0,-1.0 0.0,0.00054857 28.0,80000,1000,5e-10,0.0,0.0 0.0 0.0,1000 1000000 0,0,0.0,0,100,0,,20,,1,,,,1.0,10.0,0.1,False,{},,,False,3,mixed,250,300,True,Ar_Aubin,,False,uniform,Argon-Aubin-Test2/20Td,3.0000000000000005e+21,8.471200000000001e+23,0.0,1.63804e-13,1.6377355555555557e-13,0.0,0.0,0.0,0.0,0.0,0.0,0.0,4.444444444444445e-19,0.0,0.0,0.0,2.2222222222222226e-19,4.444444444444445e-19,4.444444444444445e-19,0.0,0.0,2.2222222222222226e-19,1.1111111111111113e-18,4.444444444444445e-19,8.88888888888889e-19,8.88888888888889e-19,0.0,2.2222222222222226e-18,1.0222222222222223e-17,5.555555555555556e-18,7.333333333333334e-18,0.0,0.0,0.0,0.0,0.0,0.0,1877.4916361047335,875.862127052075,2571.936679685444,1582.8421722451992,1269.1670975112368,589.3764457679999,-135.31112078186578,-3663.404533048356,20070.299999999097,1.003514999999955e+24,0.0,0.0
1.635e-05,164244.0,5.4748,3e+22,2307.12,-704.179,13276.8,3.62662,3.67743,3.64451,0.00240017845,0.0010015317,0.385916566,0.0694443346,0.0704047107,0.187306033,0.000366983909,0.000805548179,0.000890053496,1929.39291,605.885105,496.47897,-763.397844,2336.85907,-762.367351,-1210.16799,-1414.27505,8484.73419,32700.0,164243.962966,5.474798766,-60.00000000000001,30000 3000,1e-06,2,0.0 0.0259,0.0 0.0,-1.0 0.0,0.00054857 28.0,80000,1000,5e-10,0.0,0.0 0.0 0.0,1000 1000000 0,0,0.0,0,100,0,,20,,1,,,,1.0,10.0,0.1,False,{},,,False,3,mixed,250,300,True,Ar_Aubin,,False,uniform,Argon-Aubin-Test2/20Td,3.0000000000000005e+21,6.6384e+23,0.0,1.6360599999999998e-13,1.6356955555555557e-13,0.0,0.0,0.0,0.0,0.0,0.0,0.0,0.0,0.0,0.0,0.0,0.0,4.444444444444445e-19,0.0,2.2222222222222226e-19,0.0,2.2222222222222226e-19,1.1111111111111113e-18,4.444444444444445e-19,4.444444444444445e-19,8.88888888888889e-19,2.2222222222222226e-19,2.666666666666667e-18,1.1333333333333335e-17,8.444444444444445e-18,9.555555555555557e-18,0.0,2.2222222222222226e-19,0.0,0.0,2.2222222222222226e-19,0.0,2044.7093170751498,1923.855410294436,1738.0211737876018,2337.5643275909742,1169.257888806452,3360.9971265311997,-673.5233833873455,-1635.91153699488,20685.220000000725,1.0342610000000363e+24,0.0,0.0
1.64e-05,164154.0,5.47178,3e+22,7239.85,2028.61,21048.9,3.64757,3.64582,3.64734,0.00237488169,0.0010272463,0.386954324,0.0696567318,0.0707077239,0.188259684,0.000354859999,0.000808450713,0.000876134139,1699.70189,582.288341,913.912586,-690.7208,3693.72316,-1858.09541,3474.16214,315.704349,8324.4822,32800.0,164153.515289,5.471783843,-60.00000000000001,30000 3000,1e-06,2,0.0 0.0259,0.0 0.0,-1.0 0.0,0.00054857 28.0,80000,1000,5e-10,0.0,0.0 0.0 0.0,1000 1000000 0,0,0.0,0,100,0,,20,,1,,,,1.0,10.0,0.1,False,{},,,False,3,mixed,250,300,True,Ar_Aubin,,False,uniform,Argon-Aubin-Test2/20Td,3.0000000000000005e+21,1.0524450000000002e+24,0.0,1.6320777777777778e-13,1.6317444444444447e-13,2.2222222222222226e-19,0.0,0.0,0.0,0.0,0.0,0.0,2.2222222222222226e-19,0.0,0.0,0.0,0.0,2.2222222222222226e-19,2.2222222222222226e-19,2.2222222222222226e-19,2.2222222222222226e-19,0.0,4.444444444444445e-19,2.2222222222222226e-19,2.2222222222222226e-19,0.0,1.777777777777778e-18,1.5555555555555556e-18,1.0666666666666668e-17,8.444444444444445e-18,8e-18,0.0,0.0,2.2222222222222226e-19,2.2222222222222226e-19,2.2222222222222226e-19,0.0,2125.1799355033463,1682.5081027966535,3029.6103078523984,3691.639277883357,1515.9805093539758,179.5193295563995,204.00840554550288,1536.5948161839588,20755.159999999996,1.0377579999999999e+24,0.0,0.0
1.645e-05,163956.0,5.46519,3e+22,-5857.3,-1307.98,14695.7,3.62592,3.6864,3.61663,0.00245480369,0.000863728118,0.387923143,0.0698912386,0.0709101846,0.189168172,0.000364774149,0.0008344245,0.000780971381,2790.53108,8.97341921,-848.321595,-841.006745,2640.46905,-183.932186,-1936.76522,-876.376713,7154.89785,32900.0,163955.779792,5.46519266,-60.00000000000001,30000 3000,1e-06,2,0.0 0.0259,0.0 0.0,-1.0 0.0,0.00054857 28.0,80000,1000,5e-10,0.0,0.0 0.0 0.0,1000 1000000 0,0,0.0,0,100,0,,20,,1,,,,1.0,10.0,0.1,False,{},,,False,3,mixed,250,300,True,Ar_Aubin,,False,uniform,Argon-Aubin-Test2/20Td,3.0000000000000005e+21,7.347850000000001e+23,0.0,1.6287066666666666e-13,1.6283777777777778e-13,0.0,0.0,0.0,0.0,0.0,0.0,2.2222222222222226e-19,2.2222222222222226e-19,0.0,0.0,2.2222222222222226e-19,0.0,1.5555555555555556e-18,0.0,0.0,2.2222222222222226e-19,0.0,2.2222222222222226e-19,0.0,6.666666666666668e-19,6.666666666666668e-19,4.444444444444445e-19,8.88888888888889e-19,1.0666666666666668e-17,5.777777777777778e-18,1.088888888888889e-17,0.0,0.0,0.0,0.0,2.2222222222222226e-19,0.0,2341.2080188507657,2804.909601653437,2027.6990869903811,2641.5987891037817,1577.7198729849397,1454.0957174148998,-146.6127387774038,-548.9796480932328,19376.380000000194,9.688190000000096e+23,0.0,0.0
1.65e-05,163562.0,5.45206,3e+22,6475.79,840.702,22272.9,3.6749,3.64397,3.58219,0.00254548503,0.000757218922,0.388817679,0.0701485863,0.0711135782,0.189963335,0.000379862506,0.000903072033,0.000716883342,1789.88691,326.027629,-691.455764,-222.423571,1923.36492,325.107671,3018.89037,2437.92124,9084.20262,33000.0,163561.938249,5.452064608,-60.00000000000001,30000 3000,1e-06,2,0.0 0.0259,0.0 0.0,-1.0 0.0,0.00054857 28.0,80000,1000,5e-10,0.0,0.0 0.0 0.0,1000 1000000 0,0,0.0,0,100,0,,20,,1,,,,1.0,10.0,0.1,False,{},,,False,3,mixed,250,300,True,Ar_Aubin,,False,uniform,Argon-Aubin-Test2/20Td,3.0000000000000005e+21,1.113645e+24,2.222222222222222e-19,1.6249511111111111e-13,1.6246111111111113e-13,0.0,0.0,0.0,0.0,0.0,0.0,2.2222222222222226e-19,0.0,0.0,0.0,0.0,2.2222222222222226e-19,8.88888888888889e-19,2.2222222222222226e-19,0.0,0.0,0.0,1.3333333333333336e-18,4.444444444444445e-19,4.444444444444445e-19,1.1111111111111113e-18,6.666666666666668e-19,6.666666666666668e-19,1.0222222222222223e-17,6.6666666666666674e-18,1.0444444444444445e-17,0.0,0.0,0.0,0.0,2.2222222222222226e-19,2.2222222222222226e-19,2568.9426711847377,1773.4028834975763,2035.6624576599315,1922.7283245378367,1003.4037205142178,424.10533740089886,623.8622915790446,-247.16236501609774,17890.720000000027,8.945360000000014e+23,1.2421088822709309e-23,9.977246888470842e-24
1.655e-05,163542.0,5.45142,3e+22,-127.77,-2898.84,10145.9,3.64683,3.61676,3.6386,0.00253582655,0.000862621412,0.389845043,0.0703105682,0.0713501305,0.190895877,0.000410554576,0.00087025873,0.000777621905,2942.87778,316.127927,-2120.02466,-1661.0833,2582.32482,587.205777,1019.49271,-1689.50292,4827.54244,33100.0,163542.473368,5.451415779,-60.00000000000001,30000 3000,1e-06,2,0.0 0.0259,0.0 0.0,-1.0 0.0,0.00054857 28.0,80000,1000,5e-10,0.0,0.0 0.0 0.0,1000 1000000 0,0,0.0,0,100,0,,20,,1,,,,1.0,10.0,0.1,False,{},,,False,3,mixed,250,300,True,Ar_Aubin,,False,uniform,Argon-Aubin-Test2/20Td,3.0000000000000005e+21,5.07295e+23,0.0,1.6219799999999999e-13,1.6216622222222223e-13,0.0,2.2222222222222226e-19,0.0,0.0,0.0,0.0,0.0,0.0,0.0,2.2222222222222226e-19,0.0,0.0,2.2222222222222226e-19,0.0,0.0,2.2222222222222226e-19,2.2222222222222226e-19,6.666666666666668e-19,4.444444444444445e-19,4.444444444444445e-19,4.444444444444445e-19,4.444444444444445e-19,6.666666666666668e-19,9.555555555555557e-18,7.333333333333334e-18,1.0444444444444445e-17,0.0,0.0,0.0,0.0,2.2222222222222226e-19,0.0,1620.309777462803,2943.2017825582934,2363.815647953849,2584.825421453962,1325.719512751955,872.2136182263002,-633.2626426289244,-1076.449691449535,20547.279999999504,1.0273639999999752e+24,0.0,0.0
1.66e-05,163752.0,5.45839,3e+22,8985.51,-697.358,20016.5,3.63215,3.62239,3.6595,0.00248141131,0.000707199775,0.39086633,0.070581007,0.0715374614,0.191820162,0.000434313365,0.000822916943,0.000790042947,2301.57494,1862.70011,-1403.25384,-45.548491,3848.10746,-631.376473,4227.59066,-60.2719259,9988.1908,33200.0,163751.796843,5.458393228,-60.00000000000001,30000 3000,1e-06,2,0.0 0.0259,0.0 0.0,-1.0 0.0,0.00054857 28.0,80000,1000,5e-10,0.0,0.0 0.0 0.0,1000 1000000 0,0,0.0,0,100,0,,20,,1,,,,1.0,10.0,0.1,False,{},,,False,3,mixed,250,300,True,Ar_Aubin,,False,uniform,Argon-Aubin-Test2/20Td,3.0000000000000005e+21,1.0008250000000001e+24,0.0,1.6265755555555556e-13,1.6263022222222223e-13,0.0,0.0,0.0,0.0,0.0,0.0,0.0,2.2222222222222226e-19,0.0,2.2222222222222226e-19,0.0,0.0,0.0,0.0,2.2222222222222226e-19,0.0,2.2222222222222226e-19,1.1111111111111113e-18,0.0,6.666666666666668e-19,4.444444444444445e-19,6.666666666666668e-19,1.777777777777778e-18,6.6666666666666674e-18,6.6666666666666674e-18,8.444444444444445e-18,0.0,0.0,0.0,0.0,0.0,0.0,2707.1181420228186,2279.278193859882,1875.748841786845,3848.6006314206948,1269.5462400297286,2164.4149055550006,-573.2501706980108,-737.4656663649153,20425.739999999638,1.021286999999982e+24,0.0,0.0
1.665e-05,163677.0,5.45589,3e+22,389.157,-2109.64,19846.4,3.65755,3.63007,3.62189,0.00253968675,0.000574310598,0.391785665,0.0708504807,0.0716847674,0.192657705,0.000408626143,0.000859806508,0.000712609089,2825.95807,2259.88829,803.848784,181.530676,1443.22772,-553.733168,987.966885,-512.72226,8602.74493,33300.0,163676.665138,5.455888838,-60.00000000000001,30000 3000,1e-06,2,0.0 0.0259,0.0 0.0,-1.0 0.0,0.00054857 28.0,80000,1000,5e-10,0.0,0.0 0.0 0.0,1000 1000000 0,0,0.0,0,100,0,,20,,1,,,,1.0,10.0,0.1,False,{},,,False,3,mixed,250,300,True,Ar_Aubin,,False,uniform,Argon-Aubin-Test2/20Td,3.0000000000000005e+21,9.923200000000001e+23,0.0,1.6248488888888888e-13,1.6245555555555558e-13,0.0,0.0,0.0,0.0,0.0,0.0,4.444444444444445e-19,0.0,0.0,0.0,2.2222222222222226e-19,0.0,2.2222222222222226e-19,0.0,0.0,2.2222222222222226e-19,2.2222222222222226e-19,4.444444444444445e-19,4.444444444444445e-19,2.2222222222222226e-19,6.666666666666668e-19,0.0,1.3333333333333336e-18,8.666666666666667e-18,8e-18,8.222222222222223e-18,0.0,0.0,0.0,0.0,0.0,0.0,2691.8109330126285,2824.96973312343,1474.7629885879244,1444.4393086099649,1180.2362817667222,827.2099081440001,235.53669439507027,1588.9458958503951,18386.700000000423,9.193350000000211e+23,0.0,0.0
1.67e-05,163869.0,5.4623,3e+22,1113.95,-2432.53,25468.0,3.61375,3.64026,3.66687,0.00252602801,0.000624506815,0.392922466,0.0710780716,0.0718659061,0.193691193,0.000350606646,0.000843081262,0.000751250274,3512.98654,-718.032489,-2076.47565,2590.26035,-9.46958933,-1886.93197,10.9561247,-2625.61812,11311.5393,33400.0,163868.962517,5.462298751,-60.00000000000001,30000 3000,1e-06,2,0.0 0.0259,0.0 0.0,-1.0 0.0,0.00054857 28.0,80000,1000,5e-10,0.0,0.0 0.0 0.0,1000 1000000 0,0,0.0,0,100,0,,20,,1,,,,1.0,10.0,0.1,False,{},,,False,3,mixed,250,300,True,Ar_Aubin,,False,uniform,Argon-Aubin-Test2/20Td,3.0000000000000005e+21,1.2734000000000002e+24,0.0,1.6266422222222221e-13,1.6263311111111113e-13,0.0,0.0,0.0,0.0,0.0,0.0,0.0,0.0,0.0,0.0,2.2222222222222226e-19,0.0,8.88888888888889e-19,2.2222222222222226e-19,0.0,0.0,0.0,8.88888888888889e-19,4.444444444444445e-19,1.5555555555555556e-18,6.666666666666668e-19,1.3333333333333336e-18,1.1111111111111113e-18,8.444444444444445e-18,6.2222222222222225e-18,8.444444444444445e-18,0.0,2.2222222222222226e-19,0.0,0.0,4.444444444444445e-19,0.0,2276.6009128083465,3510.1726710982603,1810.7852390099322,-7.95045776730805,1414.3101197106046,1304.5899359119994,-284.9107726766802,-2567.54838765938,22736.02000000041,1.1368010000000207e+24,0.0,0.0
1.675e-05,163774.0,5.45915,3e+22,7734.68,605.038,17879.3,3.64125,3.6516,3.62329,0.00248458079,0.000708791822,0.393977999,0.0712879699,0.0720627374,0.19465816,0.000339861769,0.000828010406,0.000816039558,1609.6749,517.054832,481.748532,493.504761,1942.63616,1513.7924,3160.24927,1844.74717,7884.9755,33500.0,163774.437442,5.459147915,-60.00000000000001,30000 3000,1e-06,2,0.0 0.0259,0.0 0.0,-1.0 0.0,0.00054857 28.0,80000,1000,5e-10,0.0,0.0 0.0 0.0,1000 1000000 0,0,0.0,0,100,0,,20,,1,,,,1.0,10.0,0.1,False,{},,,False,3,mixed,250,300,True,Ar_Aubin,,False,uniform,Argon-Aubin-Test2/20Td,3.0000000000000005e+21,8.93965e+23,0.0,1.6306822222222223e-13,1.6303422222222224e-13,0.0,0.0,0.0,0.0,0.0,2.2222222222222226e-19,0.0,2.2222222222222226e-19,0.0,0.0,0.0,0.0,6.666666666666668e-19,0.0,0.0,0.0,0.0,1.1111111111111113e-18,0.0,8.88888888888889e-19,1.1111111111111113e-18,2.2222222222222226e-19,1.3333333333333336e-18,1.0222222222222223e-17,7.333333333333334e-18,1e-17,0.0,2.2222222222222226e-19,0.0,2.2222222222222226e-19,2.2222222222222226e-19,0.0,2101.0597580525814,1590.4574626552028,1967.1892291503457,1942.2073140136008,1363.675914771434,840.9246624792995,-28.15738247532963,550.2814873760326,21110.65999999995,1.0555329999999974e+24,0.0,0.0
1.68e-05,164047.0,5.46823,3e+22,1399.78,-222.325,22238.7,3.66602,3.60935,3.65826,0.00243513684,0.000729332389,0.394981047,0.0715182595,0.072253067,0.195561775,0.000366057387,0.000807784518,0.000836268715,1330.43318,69.5031252,-78.5646844,-415.819878,1952.27361,712.708317,1163.34753,-399.438263,11068.1896,33600.0,164046.81587,5.468227196,-60.00000000000001,30000 3000,1e-06,2,0.0 0.0259,0.0 0.0,-1.0 0.0,0.00054857 28.0,80000,1000,5e-10,0.0,0.0 0.0 0.0,1000 1000000 0,0,0.0,0,100,0,,20,,1,,,,1.0,10.0,0.1,False,{},,,False,3,mixed,250,300,True,Ar_Aubin,,False,uniform,Argon-Aubin-Test2/20Td,3.0000000000000005e+21,1.1119350000000002e+24,0.0,1.6288533333333332e-13,1.6286000000000002e-13,0.0,4.444444444444445e-19,0.0,0.0,0.0,0.0,0.0,0.0,0.0,0.0,0.0,0.0,0.0,2.2222222222222226e-19,0.0,0.0,4.444444444444445e-19,1.1111111111111113e-18,0.0,4.444444444444445e-19,4.444444444444445e-19,6.666666666666668e-19,1.3333333333333336e-18,7.111111111111112e-18,5.1111111111111114e-18,7.555555555555556e-18,0.0,2.2222222222222226e-19,0.0,0.0,2.2222222222222226e-19,0.0,2305.3285027251072,1327.0245241541047,1903.0006011330759,1952.4357588233843,1122.5120682781253,2284.3245900811,-63.77237306864599,477.7419979866321,20060.959999999017,1.0030479999999509e+24,0.0,0.0
1.685e-05,164074.0,5.46913,3e+22,-5752.13,2129.14,21035.1,3.65567,3.65112,3.62874,0.0023062554,0.000740325369,0.396007713,0.0717752243,0.0724903725,0.196475682,0.000438774601,0.000728529106,0.000810465506,2848.05468,633.787985,-1752.72343,2394.45268,2108.6492,2372.27788,-1873.69272,697.232127,10378.7326,33700.0,164073.858321,5.469128611,-60.00000000000001,30000 3000,1e-06,2,0.0 0.0259,0.0 0.0,-1.0 0.0,0.00054857 28.0,80000,1000,5e-10,0.0,0.0 0.0 0.0,1000 1000000 0,0,0.0,0,100,0,,20,,1,,,,1.0,10.0,0.1,False,{},,,False,3,mixed,250,300,True,Ar_Aubin,,False,uniform,Argon-Aubin-Test2/20Td,3.0000000000000005e+21,1.0517549999999999e+24,0.0,1.6310777777777776e-13,1.6307711111111112e-13,0.0,0.0,0.0,0.0,0.0,0.0,0.0,0.0,0.0,2.2222222222222226e-19,0.0,2.2222222222222226e-19,4.444444444444445e-19,2.2222222222222226e-19,0.0,0.0,0.0,4.444444444444445e-19,2.2222222222222226e-19,2.2222222222222226e-19,4.444444444444445e-19,8.88888888888889e-19,1.5555555555555556e-18,8.88888888888889e-18,6.8888888888888895e-18,8.444444444444445e-18,0.0,6.666666666666668e-19,0.0,0.0,8.88888888888889e-19,0.0,2575.7587745948995,2861.3205608740022,2372.893440816537,2107.0729436438473,1018.2573372585769,2048.670756273701,-614.3487979285703,-1397.04061678585,20533.32000000019,1.0266660000000095e+24,0.0,0.0
1.69e-05,163923.0,5.46408,3e+22,-7546.34,-5864.81,19233.3,3.63459,3.63106,3.6599,0.00221948874,0.000730383439,0.396978696,0.0719216918,0.0727197187,0.197367145,0.000481533273,0.000741003047,0.000811164275,-262.809514,719.289223,582.065595,703.626105,2827.89565,589.796007,-2466.81628,-2475.43246,7703.36934,33800.0,163922.525568,5.464084186,-60.00000000000001,30000 3000,1e-06,2,0.0 0.0259,0.0 0.0,-1.0 0.0,0.00054857 28.0,80000,1000,5e-10,0.0,0.0 0.0 0.0,1000 1000000 0,0,0.0,0,100,0,,20,,1,,,,1.0,10.0,0.1,False,{},,,False,3,mixed,250,300,True,Ar_Aubin,,False,uniform,Argon-Aubin-Test2/20Td,3.0000000000000005e+21,9.61665e+23,0.0,1.6307488888888888e-13,1.6304244444444446e-13,0.0,0.0,0.0,0.0,0.0,0.0,0.0,0.0,0.0,2.2222222222222226e-19,0.0,0.0,2.2222222222222226e-19,4.444444444444445e-19,0.0,0.0,0.0,2.2222222222222226e-19,0.0,2.2222222222222226e-19,6.666666666666668e-19,8.88888888888889e-19,4.444444444444445e-19,9.333333333333335e-18,8.666666666666667e-18,1.0666666666666668e-17,0.0,0.0,0.0,0.0,4.444444444444445e-19,0.0,1468.601837030653,-246.0604973417884,2293.6082168402427,2832.1792100968814,1214.8667762990062,68.15898622320037,893.5824351203399,1068.297434989598,19419.660000000727,9.709830000000365e+23,0.0,0.0
1.695e-05,164000.0,5.46668,3e+22,6028.49,-7177.81,15938.3,3.63438,3.63322,3.66381,0.00215805126,0.000672215338,0.397906569,0.0721157671,0.0729356496,0.198231677,0.00046548627,0.00069867013,0.000759086537,1737.94162,-449.713375,2627.3278,398.854851,478.141019,-902.15814,1744.26852,-2910.13767,7057.18475,33900.0,164000.362602,5.466678753,-60.00000000000001,30000 3000,1e-06,2,0.0 0.0259,0.0 0.0,-1.0 0.0,0.00054857 28.0,80000,1000,5e-10,0.0,0.0 0.0 0.0,1000 1000000 0,0,0.0,0,100,0,,20,,1,,,,1.0,10.0,0.1,False,{},,,False,3,mixed,250,300,True,Ar_Aubin,,False,uniform,Argon-Aubin-Test2/20Td,3.0000000000000005e+21,7.96915e+23,0.0,1.6305155555555556e-13,1.630248888888889e-13,0.0,0.0,0.0,0.0,0.0,0.0,0.0,0.0,0.0,0.0,2.2222222222222226e-19,0.0,2.2222222222222226e-19,2.2222222222222226e-19,0.0,0.0,0.0,4.444444444444445e-19,2.2222222222222226e-19,6.666666666666668e-19,0.0,6.666666666666668e-19,6.666666666666668e-19,9.555555555555557e-18,6.8888888888888895e-18,6.444444444444445e-18,0.0,0.0,0.0,4.444444444444445e-19,0.0,0.0,1943.4424502619286,1724.9318295596026,2160.124865073221,482.96605297524974,1269.794245086775,715.2304813073006,-398.91887601687694,1938.4248794519326,18557.45999999936,9.278729999999679e+23,0.0,0.0
1.7e-05,163776.0,5.45919,3e+22,-12739.5,244.768,14830.4,3.62812,3.67561,3.61248,0.00205960892,0.000676347915,0.398850133,0.0723223582,0.0731481877,0.199149628,0.000470794779,0.00067237306,0.000758600887,-491.394128,-544.579811,-1247.81347,-1540.71392,2185.91258,-11.5954168,-5280.2109,-725.958235,7726.49643,34000.0,163775.634856,5.459187829,-60.00000000000001,30000 3000,1e-06,2,0.0 0.0259,0.0 0.0,-1.0 0.0,0.00054857 28.0,80000,1000,5e-10,0.0,0.0 0.0 0.0,1000 1000000 0,0,0.0,0,100,0,,20,,1,,,,1.0,10.0,0.1,False,{},,,False,3,mixed,250,300,True,Ar_Aubin,,False,uniform,Argon-Aubin-Test2/20Td,3.0000000000000005e+21,7.4152e+23,0.0,1.6286399999999999e-13,1.6283111111111113e-13,0.0,0.0,0.0,0.0,0.0,0.0,0.0,0.0,0.0,0.0,0.0,0.0,6.666666666666668e-19,2.2222222222222226e-19,0.0,2.2222222222222226e-19,0.0,0.0,0.0,4.444444444444445e-19,4.444444444444445e-19,6.666666666666668e-19,8.88888888888889e-19,9.777777777777779e-18,8.666666666666667e-18,1.0444444444444445e-17,0.0,0.0,2.2222222222222226e-19,0.0,2.2222222222222226e-19,0.0,2070.062963374364,-465.15574016366,2125.325269585199,2185.7470316735416,1661.6005923406065,1811.3894175568003,218.60821845481058,-1477.4179247736683,18871.28000000016,9.435640000000079e+23,0.0,0.0
1.705e-05,163874.0,5.46248,3e+22,-6696.34,-2112.13,18159.3,3.64944,3.61418,3.65918,0.00200004134,0.000665721677,0.399973083,0.0724145989,0.0732625555,0.200218097,0.000444297895,0.000659714203,0.000727020031,2581.42627,276.789034,513.921014,-278.137092,1958.82776,894.627596,-2685.85257,-1244.90619,8407.94211,34100.0,163874.389303,5.462479643,-60.00000000000001,30000 3000,1e-06,2,0.0 0.0259,0.0 0.0,-1.0 0.0,0.00054857 28.0,80000,1000,5e-10,0.0,0.0 0.0 0.0,1000 1000000 0,0,0.0,0,100,0,,20,,1,,,,1.0,10.0,0.1,False,{},,,False,3,mixed,250,300,True,Ar_Aubin,,False,uniform,Argon-Aubin-Test2/20Td,3.0000000000000005e+21,9.07965e+23,0.0,1.6268555555555554e-13,1.6265266666666668e-13,0.0,0.0,2.2222222222222226e-19,0.0,0.0,0.0,0.0,0.0,0.0,0.0,0.0,2.2222222222222226e-19,2.2222222222222226e-19,2.2222222222222226e-19,0.0,0.0,0.0,6.666666666666668e-19,0.0,8.88888888888889e-19,1.1111111111111113e-18,2.2222222222222226e-19,2e-18,8.88888888888889e-18,7.555555555555556e-18,1.0444444444444445e-17,0.0,0.0,2.2222222222222226e-19,0.0,0.0,0.0,924.8252354163156,2594.8192268266957,1143.820611509,1960.233850725642,1714.3046959280928,1144.7109038781,177.0746756547012,470.10484791075805,22459.00000000023,1.1229500000000114e+24,0.0,0.0
1.71e-05,164047.0,5.46822,3e+22,6032.27,-781.148,15243.2,3.63957,3.63602,3.65931,0.0020093538,0.000562695305,0.400965741,0.0725845667,0.0733874467,0.201143995,0.000438134524,0.000671756702,0.000687685021,932.081705,-632.21917,325.630115,1047.19782,-1222.41784,-1360.74653,1583.94473,-1584.20195,7557.56263,34200.0,164046.612652,5.468220422,-60.00000000000001,30000 3000,1e-06,2,0.0 0.0259,0.0 0.0,-1.0 0.0,0.00054857 28.0,80000,1000,5e-10,0.0,0.0 0.0 0.0,1000 1000000 0,0,0.0,0,100,0,,20,,1,,,,1.0,10.0,0.1,False,{},,,False,3,mixed,250,300,True,Ar_Aubin,,False,uniform,Argon-Aubin-Test2/20Td,3.0000000000000005e+21,7.6216e+23,0.0,1.630831111111111e-13,1.6305622222222224e-13,4.444444444444445e-19,0.0,0.0,0.0,0.0,0.0,0.0,0.0,0.0,2.2222222222222226e-19,0.0,2.2222222222222226e-19,0.0,0.0,0.0,0.0,2.2222222222222226e-19,0.0,2.2222222222222226e-19,4.444444444444445e-19,2.2222222222222226e-19,6.666666666666668e-19,1.3333333333333336e-18,9.111111111111112e-18,4.888888888888889e-18,8e-18,0.0,4.444444444444445e-19,0.0,2.2222222222222226e-19,2.2222222222222226e-19,0.0,1699.304626681386,919.960740352874,1250.177593449392,-1221.9782916878899,1308.396688458058,1445.5616467888003,126.46329078171236,-539.7877473062301,19853.159999999592,9.926579999999795e+23,0.0,0.0
1.715e-05,163869.0,5.4623,3e+22,-2961.73,1787.79,21240.7,3.59565,3.68473,3.64159,0.00202667183,0.000673108774,0.401920487,0.0727376984,0.073633313,0.20204767,0.00043110931,0.000636381102,0.000756329936,1808.40062,-1896.25649,1272.95993,-223.833875,3067.41056,415.626692,-2048.8831,10.4692244,10014.1194,34300.0,163868.978148,5.462299272,-60.00000000000001,30000 3000,1e-06,2,0.0 0.0259,0.0 0.0,-1.0 0.0,0.00054857 28.0,80000,1000,5e-10,0.0,0.0 0.0 0.0,1000 1000000 0,0,0.0,0,100,0,,20,,1,,,,1.0,10.0,0.1,False,{},,,False,3,mixed,250,300,True,Ar_Aubin,,False,uniform,Argon-Aubin-Test2/20Td,3.0000000000000005e+21,1.0620350000000002e+24,0.0,1.629371111111111e-13,1.6290466666666668e-13,0.0,0.0,0.0,0.0,0.0,0.0,2.2222222222222226e-19,0.0,0.0,2.2222222222222226e-19,0.0,0.0,2.2222222222222226e-19,0.0,0.0,0.0,0.0,6.666666666666668e-19,0.0,6.666666666666668e-19,6.666666666666668e-19,2.2222222222222226e-19,1.5555555555555556e-18,8.666666666666667e-18,7.777777777777779e-18,1.1333333333333335e-17,0.0,0.0,0.0,2.2222222222222226e-19,0.0,0.0,1530.618039870535,1814.4030747590657,2457.2985058464446,3066.2071828649305,1371.2258536194288,1477.0469117791,-885.089871092309,371.4088656230289,19094.920000000126,9.547460000000063e+23,0.0,0.0
1.72e-05,163839.0,5.46131,3e+22,-341.049,-2401.56,22810.0,3.6393,3.65969,3.62063,0.00200114726,0.000801291188,0.402876095,0.0729756471,0.0738055216,0.202949156,0.000448736596,0.000660757897,0.000857125691,1631.01451,2380.32803,-907.85576,-2288.14629,1506.99706,-1529.69242,881.053086,130.18628,9680.27641,34400.0,163839.213736,5.461307125,-60.00000000000001,30000 3000,1e-06,2,0.0 0.0259,0.0 0.0,-1.0 0.0,0.00054857 28.0,80000,1000,5e-10,0.0,0.0 0.0 0.0,1000 1000000 0,0,0.0,0,100,0,,20,,1,,,,1.0,10.0,0.1,False,{},,,False,3,mixed,250,300,True,Ar_Aubin,,False,uniform,Argon-Aubin-Test2/20Td,3.0000000000000005e+21,1.1405000000000001e+24,0.0,1.6301177777777778e-13,1.6298222222222224e-13,0.0,0.0,0.0,0.0,0.0,0.0,2.2222222222222226e-19,2.2222222222222226e-19,0.0,0.0,4.444444444444445e-19,4.444444444444445e-19,0.0,0.0,0.0,0.0,0.0,2.2222222222222226e-19,2.2222222222222226e-19,8.88888888888889e-19,8.88888888888889e-19,2.2222222222222226e-19,4.444444444444445e-19,7.333333333333334e-18,5.555555555555556e-18,1.2444444444444445e-17,0.0,0.0,0.0,0.0,0.0,0.0,2380.515083503093,1631.6969992718757,1720.1960785366566,1508.9214088654533,1324.1594786811418,490.67268305000107,654.4666054806312,64.95164632305497,19112.159999999934,9.556079999999967e+23,0.0,0.0
1.725e-05,164098.0,5.46994,3e+22,-5711.89,2944.96,20561.5,3.63687,3.6624,3.63796,0.00186251891,0.000809695484,0.404036027,0.0731937269,0.0740194416,0.203958129,0.000462790928,0.000577681754,0.000859688745,1185.1613,-225.578468,-278.070758,903.460268,1315.55685,-238.495423,-1383.02455,105.521246,8651.92879,34500.0,164098.111563,5.469937052,-60.00000000000001,30000 3000,1e-06,2,0.0 0.0259,0.0 0.0,-1.0 0.0,0.00054857 28.0,80000,1000,5e-10,0.0,0.0 0.0 0.0,1000 1000000 0,0,0.0,0,100,0,,20,,1,,,,1.0,10.0,0.1,False,{},,,False,3,mixed,250,300,True,Ar_Aubin,,False,uniform,Argon-Aubin-Test2/20Td,3.0000000000000005e+21,1.028075e+24,0.0,1.6345933333333332e-13,1.6342844444444445e-13,0.0,0.0,0.0,0.0,0.0,2.2222222222222226e-19,4.444444444444445e-19,2.2222222222222226e-19,0.0,2.2222222222222226e-19,0.0,0.0,8.88888888888889e-19,0.0,0.0,0.0,0.0,2.2222222222222226e-19,2.2222222222222226e-19,4.444444444444445e-19,6.666666666666668e-19,2.2222222222222226e-19,1.5555555555555556e-18,7.333333333333334e-18,8.222222222222223e-18,9.555555555555557e-18,2.2222222222222226e-19,2.2222222222222226e-19,0.0,0.0,0.0,0.0,2186.1541366610672,1195.79980313684,2139.0646079115504,1313.1723291874393,730.098085042763,344.34202083950004,-587.7297996004183,608.4178516930654,23198.640000000603,1.1599320000000302e+24,0.0,0.0
1.73e-05,163958.0,5.46527,3e+22,3480.29,-2327.47,23231.7,3.61598,3.64351,3.66787,0.00182809221,0.000839680954,0.404970156,0.0734910641,0.0742825977,0.204833214,0.000421042354,0.000586261574,0.000871492552,3637.3912,-949.221492,-175.264535,1608.70279,2497.28569,970.43044,1826.74605,-1762.98036,11039.4052,34600.0,163957.960538,5.465265351,-60.00000000000001,30000 3000,1e-06,2,0.0 0.0259,0.0 0.0,-1.0 0.0,0.00054857 28.0,80000,1000,5e-10,0.0,0.0 0.0 0.0,1000 1000000 0,0,0.0,0,100,0,,20,,1,,,,1.0,10.0,0.1,False,{},,,False,3,mixed,250,300,True,Ar_Aubin,,False,uniform,Argon-Aubin-Test2/20Td,3.0000000000000005e+21,1.1615850000000001e+24,0.0,1.63032e-13,1.6300111111111112e-13,0.0,0.0,0.0,0.0,0.0,0.0,0.0,0.0,0.0,0.0,2.2222222222222226e-19,0.0,8.88888888888889e-19,2.2222222222222226e-19,0.0,0.0,0.0,4.444444444444445e-19,0.0,6.666666666666668e-19,2.2222222222222226e-19,0.0,1.3333333333333336e-18,1e-17,6.0000000000000004e-18,1.0444444444444445e-17,0.0,0.0,0.0,0.0,4.444444444444445e-19,0.0,2974.6425556184677,3631.028908962459,2631.0664267228944,2499.2400222300066,1193.688632804002,1631.2600268547976,415.6354628537143,199.59824097970272,18682.580000000115,9.341290000000058e+23,0.0,0.0
1.735e-05,163847.0,5.46158,3e+22,2786.7,-5683.4,26258.9,3.66314,3.63772,3.61814,0.00180749906,0.000844183416,0.406057373,0.0737595184,0.0745230545,0.205815357,0.000423223466,0.000620561459,0.000865773945,1491.34402,614.61692,141.16823,74.447158,2396.32643,817.469425,720.581644,-1035.88016,11895.8901,34700.0,163847.285686,5.46157619,-60.00000000000001,30000 3000,1e-06,2,0.0 0.0259,0.0 0.0,-1.0 0.0,0.00054857 28.0,80000,1000,5e-10,0.0,0.0 0.0 0.0,1000 1000000 0,0,0.0,0,100,0,,20,,1,,,,1.0,10.0,0.1,False,{},,,False,3,mixed,250,300,True,Ar_Aubin,,False,uniform,Argon-Aubin-Test2/20Td,3.0000000000000005e+21,1.312945e+24,0.0,1.6283288888888888e-13,1.6279755555555557e-13,0.0,0.0,0.0,0.0,0.0,2.2222222222222226e-19,0.0,0.0,0.0,2.2222222222222226e-19,0.0,0.0,4.444444444444445e-19,2.2222222222222226e-19,0.0,0.0,2.2222222222222226e-19,2.2222222222222226e-19,0.0,6.666666666666668e-19,1.3333333333333336e-18,1.3333333333333336e-18,2.4444444444444447e-18,9.555555555555557e-18,1.0222222222222223e-17,7.555555555555556e-18,0.0,0.0,0.0,2.2222222222222226e-19,4.444444444444445e-19,0.0,2685.2916827635468,1486.307062369498,2404.492184646806,2401.1242620264943,1003.8008300322643,1233.2701481302993,813.4870492503086,-317.273144405734,21744.339999999476,1.0872169999999739e+24,0.0,0.0
1.74e-05,163661.0,5.45536,3e+22,1071.58,-3107.83,20825.0,3.68567,3.62219,3.60033,0.00175067063,0.000842830596,0.407106354,0.0740334764,0.0747012233,0.206772106,0.00044657172,0.000600052464,0.000867047832,127.987681,-970.903946,61.1795363,423.905021,2435.62989,-588.572544,546.301232,18.7531045,10663.5172,34800.0,163660.799021,5.455359967,-60.00000000000001,30000 3000,1e-06,2,0.0 0.0259,0.0 0.0,-1.0 0.0,0.00054857 28.0,80000,1000,5e-10,0.0,0.0 0.0 0.0,1000 1000000 0,0,0.0,0,100,0,,20,,1,,,,1.0,10.0,0.1,False,{},,,False,3,mixed,250,300,True,Ar_Aubin,,False,uniform,Argon-Aubin-Test2/20Td,3.0000000000000005e+21,1.0412500000000001e+24,0.0,1.6305888888888888e-13,1.6302333333333336e-13,0.0,0.0,0.0,0.0,0.0,2.2222222222222226e-19,0.0,0.0,0.0,0.0,0.0,0.0,8.88888888888889e-19,4.444444444444445e-19,0.0,0.0,0.0,1.1111111111111113e-18,2.2222222222222226e-19,6.666666666666668e-19,4.444444444444445e-19,6.666666666666668e-19,1.777777777777778e-18,1e-17,8.444444444444445e-18,1.0222222222222223e-17,0.0,0.0,0.0,2.2222222222222226e-19,2.2222222222222226e-19,0.0,2741.6020519716035,126.1116973663046,1781.7108222628608,2438.249264211167,1037.5570048781758,2185.5273779500003,14.60375538772608,134.77602561093005,20979.62000000009,1.0489810000000045e+24,0.0,0.0
1.745e-05,163731.0,5.45771,3e+22,2963.38,-5493.55,11758.2,3.63154,3.65837,3.6245,0.0019209537,0.000791578859,0.408109843,0.0742436131,0.0749965857,0.20774336,0.000429488629,0.000662624808,0.000821433465,399.042272,-141.872583,80.9948199,323.562843,3325.37223,-682.127462,722.648024,-1000.59073,6863.64011,34900.0,163731.2466,5.45770822,-60.00000000000001,30000 3000,1e-06,2,0.0 0.0259,0.0 0.0,-1.0 0.0,0.00054857 28.0,80000,1000,5e-10,0.0,0.0 0.0 0.0,1000 1000000 0,0,0.0,0,100,0,,20,,1,,,,1.0,10.0,0.1,False,{},,,False,3,mixed,250,300,True,Ar_Aubin,,False,uniform,Argon-Aubin-Test2/20Td,3.0000000000000005e+21,5.879100000000001e+23,0.0,1.6284133333333334e-13,1.6281222222222225e-13,2.2222222222222226e-19,0.0,0.0,0.0,0.0,2.2222222222222226e-19,0.0,2.2222222222222226e-19,0.0,0.0,0.0,0.0,8.88888888888889e-19,0.0,0.0,0.0,2.2222222222222226e-19,8.88888888888889e-19,2.2222222222222226e-19,4.444444444444445e-19,2.2222222222222226e-19,4.444444444444445e-19,8.88888888888889e-19,9.111111111111112e-18,5.777777777777778e-18,8.88888888888889e-18,0.0,0.0,0.0,0.0,4.444444444444445e-19,0.0,2095.114845371976,393.349756224494,2954.4616632354305,3329.7208080408595,1531.9351368861535,2065.0029540374,-173.5726336617215,-428.32866044468005,20069.780000000483,1.0034890000000242e+24,0.0,0.0
1.75e-05,163764.0,5.4588,3e+22,5934.46,-2549.61,13365.5,3.60721,3.66657,3.64257,0.00184640975,0.000708983173,0.409039647,0.0744262891,0.0752838486,0.208648929,0.000421151126,0.000656568521,0.000815045175,2415.66535,-235.083941,2626.14969,683.391354,1470.73195,1493.53297,2537.62319,-1726.36373,7918.40079,35000.0,163764.112119,5.458803737,-60.00000000000001,30000 3000,1e-06,2,0.0 0.0259,0.0 0.0,-1.0 0.0,0.00054857 28.0,80000,1000,5e-10,0.0,0.0 0.0 0.0,1000 1000000 0,0,0.0,0,100,0,,20,,1,,,,1.0,10.0,0.1,False,{},,,False,3,mixed,250,300,True,Ar_Aubin,,False,uniform,Argon-Aubin-Test2/20Td,3.0000000000000005e+21,6.68275e+23,0.0,1.6218133333333332e-13,1.62154e-13,0.0,0.0,0.0,0.0,0.0,0.0,0.0,0.0,0.0,2.2222222222222226e-19,0.0,2.2222222222222226e-19,8.88888888888889e-19,0.0,0.0,0.0,2.2222222222222226e-19,4.444444444444445e-19,0.0,6.666666666666668e-19,8.88888888888889e-19,0.0,1.5555555555555556e-18,8.222222222222223e-18,6.8888888888888895e-18,6.2222222222222225e-18,0.0,6.666666666666668e-19,2.2222222222222226e-19,0.0,0.0,0.0,1829.5683415264775,2404.7079051950154,2873.868399504154,1472.5395805877126,1457.8013560009874,2451.3813880214993,452.98067119821894,2711.6652669507557,18596.079999999572,9.298039999999786e+23,0.0,0.0
1.755e-05,163645.0,5.45484,3e+22,-8559.97,2959.92,16309.9,3.63397,3.59975,3.67398,0.00180680453,0.000704466907,0.409959517,0.0746383377,0.0755028887,0.209603922,0.000418570397,0.000630047571,0.000856289819,932.587671,1706.97091,-1187.34264,-614.918687,35.6756782,-184.887825,-3681.12317,592.111496,8741.53267,35100.0,163645.108204,5.45483694,-60.00000000000001,30000 3000,1e-06,2,0.0 0.0259,0.0 0.0,-1.0 0.0,0.00054857 28.0,80000,1000,5e-10,0.0,0.0 0.0 0.0,1000 1000000 0,0,0.0,0,100,0,,20,,1,,,,1.0,10.0,0.1,False,{},,,False,3,mixed,250,300,True,Ar_Aubin,,False,uniform,Argon-Aubin-Test2/20Td,3.0000000000000005e+21,8.154950000000001e+23,0.0,1.6241088888888888e-13,1.6238111111111112e-13,0.0,0.0,0.0,0.0,0.0,0.0,0.0,0.0,2.2222222222222226e-19,0.0,0.0,4.444444444444445e-19,8.88888888888889e-19,4.444444444444445e-19,0.0,0.0,2.2222222222222226e-19,2.2222222222222226e-19,2.2222222222222226e-19,4.444444444444445e-19,1.5555555555555556e-18,4.444444444444445e-19,8.88888888888889e-19,7.111111111111112e-18,6.6666666666666674e-18,9.333333333333335e-18,0.0,2.2222222222222226e-19,0.0,4.444444444444445e-19,0.0,0.0,2121.9328635527227,948.0538635726641,2190.464835165468,33.59051251263256,2016.2023901129646,2055.1339436817007,-239.65740149707509,-1388.693444469357,18397.399999999787,9.198699999999894e+23,0.0,0.0
1.76e-05,163338.0,5.44462,3e+22,3269.94,-2643.19,19686.9,3.60462,3.62133,3.66098,0.00180104301,0.000734251128,0.410932373,0.0747685307,0.0756976861,0.210548693,0.000450342923,0.000621646789,0.000887625371,1890.95936,-537.28229,63.2379776,65.8748399,2174.23223,-1820.60887,2454.26227,-1629.27065,8697.70088,35200.0,163338.477839,5.444615928,-60.00000000000001,30000 3000,1e-06,2,0.0 0.0259,0.0 0.0,-1.0 0.0,0.00054857 28.0,80000,1000,5e-10,0.0,0.0 0.0 0.0,1000 1000000 0,0,0.0,0,100,0,,20,,1,,,,1.0,10.0,0.1,False,{},,,False,3,mixed,250,300,True,Ar_Aubin,,False,uniform,Argon-Aubin-Test2/20Td,3.0000000000000005e+21,9.843450000000002e+23,0.0,1.6240155555555556e-13,1.6236622222222225e-13,0.0,2.2222222222222226e-19,0.0,0.0,0.0,0.0,2.2222222222222226e-19,0.0,0.0,4.444444444444445e-19,0.0,2.2222222222222226e-19,6.666666666666668e-19,0.0,0.0,0.0,0.0,6.666666666666668e-19,0.0,8.88888888888889e-19,8.88888888888889e-19,8.88888888888889e-19,1.777777777777778e-18,9.333333333333335e-18,9.111111111111112e-18,1e-17,0.0,0.0,0.0,0.0,0.0,0.0,1302.1378668576224,1885.0700574198806,1947.545489040803,2176.1729952390183,1461.6139946216356,607.7163459862995,-155.81895084301573,1138.319090198811,19457.12000000044,9.728560000000219e+23,0.0,0.0
1.765e-05,163386.0,5.44621,3e+22,-11538.6,-1782.1,19427.1,3.6113,3.61745,3.66074,0.00177735675,0.000862023441,0.412005604,0.0748984339,0.0759643454,0.211523317,0.000432484895,0.000668183225,0.000937758479,1647.19157,1068.79767,103.787432,-1069.22684,1030.96753,-899.826179,-3309.55937,-866.40188,9466.30163,35300.0,163386.185688,5.44620619,-60.00000000000001,30000 3000,1e-06,2,0.0 0.0259,0.0 0.0,-1.0 0.0,0.00054857 28.0,80000,1000,5e-10,0.0,0.0 0.0 0.0,1000 1000000 0,0,0.0,0,100,0,,20,,1,,,,1.0,10.0,0.1,False,{},,,False,3,mixed,250,300,True,Ar_Aubin,,False,uniform,Argon-Aubin-Test2/20Td,3.0000000000000005e+21,9.713549999999999e+23,2.222222222222222e-19,1.62178e-13,1.62146e-13,2.2222222222222226e-19,2.2222222222222226e-19,0.0,0.0,0.0,0.0,0.0,2.2222222222222226e-19,2.2222222222222226e-19,0.0,0.0,0.0,8.88888888888889e-19,4.444444444444445e-19,0.0,0.0,2.2222222222222226e-19,4.444444444444445e-19,0.0,0.0,6.666666666666668e-19,0.0,1.777777777777778e-18,1e-17,6.6666666666666674e-18,9.333333333333335e-18,0.0,0.0,0.0,2.2222222222222226e-19,2.2222222222222226e-19,2.2222222222222226e-19,1299.8795890710458,1667.69977859555,2664.553403061293,1032.503741974206,914.2145200627394,1462.2275605316,1087.2474533427146,1513.667036996475,21464.62000000016,1.073231000000008e+24,1.0352953941053723e-23,1.143877481570704e-23
1.77e-05,163438.0,5.44792,3e+22,-3408.48,-626.707,15379.8,3.63812,3.62203,3.63428,0.00164438678,0.000888979134,0.413166104,0.0751015461,0.0761382582,0.21261833,0.000467795073,0.000617016528,0.000919281842,-225.782471,954.549824,235.779066,460.247188,1779.32959,-1432.15961,-656.895768,-1508.36279,7116.73926,35400.0,163437.62583,5.447920861,-60.00000000000001,30000 3000,1e-06,2,0.0 0.0259,0.0 0.0,-1.0 0.0,0.00054857 28.0,80000,1000,5e-10,0.0,0.0 0.0 0.0,1000 1000000 0,0,0.0,0,100,0,,20,,1,,,,1.0,10.0,0.1,False,{},,,False,3,mixed,250,300,True,Ar_Aubin,,False,uniform,Argon-Aubin-Test2/20Td,3.0000000000000005e+21,7.6899e+23,0.0,1.6229088888888887e-13,1.6225600000000002e-13,2.2222222222222226e-19,2.2222222222222226e-19,0.0,0.0,0.0,0.0,0.0,0.0,0.0,0.0,0.0,2.2222222222222226e-19,2.2222222222222226e-19,6.666666666666668e-19,0.0,0.0,0.0,4.444444444444445e-19,2.2222222222222226e-19,8.88888888888889e-19,4.444444444444445e-19,0.0,2.666666666666667e-18,1.0444444444444445e-17,7.333333333333334e-18,1.0222222222222223e-17,0.0,0.0,2.2222222222222226e-19,0.0,4.444444444444445e-19,0.0,2035.6718913451534,-220.17761154810557,1738.6560051216304,1779.8867194461318,1374.01232866069,762.3272137008007,34.18729891043913,961.861360362876,23209.999999999065,1.1604999999999532e+24,0.0,0.0
1.775e-05,163800.0,5.45999,3e+22,-3465.48,2743.17,20555.0,3.60148,3.65372,3.66226,0.00142647218,0.000811347162,0.414330046,0.0752355495,0.0764117426,0.213633534,0.000463993614,0.000531081703,0.000891912751,1724.40509,-2218.61562,-1328.60092,2221.55803,2309.14494,-941.804282,-954.853263,705.151876,8364.95425,35500.0,163799.607639,5.459986921,-60.00000000000001,30000 3000,1e-06,2,0.0 0.0259,0.0 0.0,-1.0 0.0,0.00054857 28.0,80000,1000,5e-10,0.0,0.0 0.0 0.0,1000 1000000 0,0,0.0,0,100,0,,20,,1,,,,1.0,10.0,0.1,False,{},,,False,3,mixed,250,300,True,Ar_Aubin,,False,uniform,Argon-Aubin-Test2/20Td,3.0000000000000005e+21,1.0277500000000001e+24,0.0,1.6262377777777776e-13,1.6259466666666668e-13,0.0,0.0,0.0,0.0,0.0,0.0,0.0,0.0,0.0,2.2222222222222226e-19,0.0,0.0,4.444444444444445e-19,2.2222222222222226e-19,0.0,2.2222222222222226e-19,2.2222222222222226e-19,6.666666666666668e-19,0.0,8.88888888888889e-19,8.88888888888889e-19,4.444444444444445e-19,8.88888888888889e-19,8.222222222222223e-18,5.333333333333334e-18,1.0222222222222223e-17,0.0,0.0,2.2222222222222226e-19,0.0,0.0,0.0,1346.7258500192427,1729.3485008103464,2736.163996833879,2306.9192768056164,520.4647617668146,-151.59984552999958,48.795408091695336,-876.9228308478198,23278.84000000058,1.163942000000029e+24,0.0,0.0
1.78e-05,163622.0,5.45406,3e+22,-5558.21,-941.074,17913.1,3.64213,3.67167,3.59232,0.00125655742,0.000727295442,0.415380195,0.075462258,0.0767370526,0.214645392,0.000461159945,0.000437964356,0.000861718894,4017.57343,207.401658,951.786074,-228.448907,2892.50855,292.825463,-1614.40989,-794.903201,7446.52902,35600.0,163621.80319,5.454060106,-60.00000000000001,30000 3000,1e-06,2,0.0 0.0259,0.0 0.0,-1.0 0.0,0.00054857 28.0,80000,1000,5e-10,0.0,0.0 0.0 0.0,1000 1000000 0,0,0.0,0,100,0,,20,,1,,,,1.0,10.0,0.1,False,{},,,False,3,mixed,250,300,True,Ar_Aubin,,False,uniform,Argon-Aubin-Test2/20Td,3.0000000000000005e+21,8.95655e+23,0.0,1.6251977777777778e-13,1.6248444444444445e-13,0.0,0.0,0.0,0.0,0.0,0.0,0.0,2.2222222222222226e-19,0.0,0.0,0.0,0.0,6.666666666666668e-19,0.0,0.0,2.2222222222222226e-19,4.444444444444445e-19,1.1111111111111113e-18,2.2222222222222226e-19,8.88888888888889e-19,2.2222222222222226e-19,2.2222222222222226e-19,1.5555555555555556e-18,8.88888888888889e-18,8.444444444444445e-18,1.1333333333333335e-17,0.0,0.0,0.0,6.666666666666668e-19,2.2222222222222226e-19,0.0,2271.643863305667,4024.557640017418,3254.393255573279,2893.1929888307845,1405.3862012405882,5.782048945500719,-480.7225838235319,1623.6376989307482,21002.980000000007,1.0501490000000004e+24,0.0,0.0
1.785e-05,163710.0,5.457,3e+22,1910.16,-2435.11,18194.5,3.65125,3.63188,3.62893,0.00117397985,0.000685289541,0.416408838,0.0757577646,0.0769539621,0.215611844,0.0004810075,0.000389598887,0.000832609272,3201.45326,1206.79812,1148.23455,167.443929,2005.38932,-192.419197,570.520388,-1710.37763,8522.05283,35700.0,163710.008936,5.457000298,-60.00000000000001,30000 3000,1e-06,2,0.0 0.0259,0.0 0.0,-1.0 0.0,0.00054857 28.0,80000,1000,5e-10,0.0,0.0 0.0 0.0,1000 1000000 0,0,0.0,0,100,0,,20,,1,,,,1.0,10.0,0.1,False,{},,,False,3,mixed,250,300,True,Ar_Aubin,,False,uniform,Argon-Aubin-Test2/20Td,3.0000000000000005e+21,9.09725e+23,2.222222222222222e-19,1.6250933333333333e-13,1.6247933333333336e-13,0.0,0.0,0.0,0.0,0.0,0.0,0.0,0.0,0.0,0.0,0.0,0.0,6.666666666666668e-19,2.2222222222222226e-19,0.0,0.0,0.0,2.2222222222222226e-19,0.0,2.2222222222222226e-19,6.666666666666668e-19,0.0,1.1111111111111113e-18,9.111111111111112e-18,8.666666666666667e-18,8.666666666666667e-18,0.0,0.0,0.0,0.0,2.2222222222222226e-19,2.2222222222222226e-19,2957.07307861548,3199.2107706497236,2169.6883690495993,2007.0580754141845,1108.3803372780033,945.7022270090001,-305.439760512348,901.9874556250951,20572.859999999917,1.0286429999999958e+24,1.0801717516292003e-23,1.2213703164265147e-23
1.79e-05,163580.0,5.45266,3e+22,-3881.35,-7301.92,12165.5,3.62759,3.61924,3.65725,0.00109244272,0.000756759451,0.417394802,0.0759574269,0.0771639484,0.216571614,0.000461484709,0.000338546799,0.000819046629,2058.85667,-60.7993587,130.002323,-382.204319,2255.3769,677.171124,-134.966741,-2370.70796,7178.98922,35800.0,163579.720426,5.452657348,-60.00000000000001,30000 3000,1e-06,2,0.0 0.0259,0.0 0.0,-1.0 0.0,0.00054857 28.0,80000,1000,5e-10,0.0,0.0 0.0 0.0,1000 1000000 0,0,0.0,0,100,0,,20,,1,,,,1.0,10.0,0.1,False,{},,,False,3,mixed,250,300,True,Ar_Aubin,,False,uniform,Argon-Aubin-Test2/20Td,3.0000000000000005e+21,6.08275e+23,0.0,1.6216533333333332e-13,1.6213266666666668e-13,0.0,0.0,0.0,0.0,0.0,0.0,2.2222222222222226e-19,0.0,0.0,0.0,0.0,0.0,2.2222222222222226e-19,2.2222222222222226e-19,0.0,0.0,0.0,1.1111111111111113e-18,2.2222222222222226e-19,8.88888888888889e-19,6.666666666666668e-19,0.0,1.5555555555555556e-18,9.555555555555557e-18,7.777777777777779e-18,1e-17,0.0,0.0,0.0,2.2222222222222226e-19,0.0,0.0,1998.4709759172938,2063.096822551272,2098.8323688832247,2260.902696970446,1376.6962789102388,2101.1727562690003,-363.52831273654317,1601.8007848325399,19719.28000000012,9.85964000000006e+23,0.0,0.0
1.795e-05,163629.0,5.4543,3e+22,-5074.57,-479.039,12468.0,3.66158,3.62189,3.6241,0.000999712363,0.000749165718,0.418370507,0.0761537776,0.0773251785,0.21752743,0.000465244946,0.000317755138,0.000785405191,2602.70137,-1989.65566,374.42404,-698.838763,3277.77604,2197.63275,-817.942301,-871.565004,6602.22085,35900.0,163628.933306,5.454297777,-60.00000000000001,30000 3000,1e-06,2,0.0 0.0259,0.0 0.0,-1.0 0.0,0.00054857 28.0,80000,1000,5e-10,0.0,0.0 0.0 0.0,1000 1000000 0,0,0.0,0,100,0,,20,,1,,,,1.0,10.0,0.1,False,{},,,False,3,mixed,250,300,True,Ar_Aubin,,False,uniform,Argon-Aubin-Test2/20Td,3.0000000000000005e+21,6.234000000000001e+23,0.0,1.627148888888889e-13,1.6268600000000002e-13,2.2222222222222226e-19,0.0,0.0,0.0,0.0,0.0,0.0,0.0,0.0,0.0,0.0,0.0,2.2222222222222226e-19,2.2222222222222226e-19,0.0,0.0,2.2222222222222226e-19,2.2222222222222226e-19,4.444444444444445e-19,6.666666666666668e-19,2.2222222222222226e-19,4.444444444444445e-19,8.88888888888889e-19,1.0222222222222223e-17,6.6666666666666674e-18,8.222222222222223e-18,0.0,0.0,0.0,0.0,0.0,0.0,1965.4470628774345,2607.7744803659093,1612.415355936453,3278.1349195963853,1403.5560918215783,1385.9773687239995,338.76167296526745,1667.067748965106,19514.099999999868,9.757049999999933e+23,0.0,0.0
1.8e-05,163448.0,5.44828,3e+22,9558.87,-6493.04,13005.0,3.62579,3.6626,3.60645,0.000967447885,0.00075749527,0.419307154,0.0763659201,0.0774527672,0.218455378,0.000451471206,0.00027532111,0.000809053283,3913.30509,-467.356653,417.431061,962.825511,1921.90498,-1033.73153,3848.82011,-2969.83823,6502.76058,36000.0,163448.344607,5.448278154,-60.00000000000001,30000 3000,1e-06,2,0.0 0.0259,0.0 0.0,-1.0 0.0,0.00054857 28.0,80000,1000,5e-10,0.0,0.0 0.0 0.0,1000 1000000 0,0,0.0,0,100,0,,20,,1,,,,1.0,10.0,0.1,False,{},,,False,3,mixed,250,300,True,Ar_Aubin,,False,uniform,Argon-Aubin-Test2/20Td,3.0000000000000005e+21,6.5025e+23,0.0,1.6228244444444444e-13,1.622508888888889e-13,0.0,0.0,0.0,0.0,0.0,0.0,0.0,0.0,0.0,0.0,0.0,0.0,6.666666666666668e-19,2.2222222222222226e-19,0.0,0.0,2.2222222222222226e-19,1.1111111111111113e-18,0.0,6.666666666666668e-19,1.5555555555555556e-18,0.0,4.444444444444445e-19,1.1111111111111113e-17,6.6666666666666674e-18,8.222222222222223e-18,0.0,0.0,0.0,0.0,6.666666666666668e-19,0.0,2122.0596939854063,3904.05738143551,1275.7615018896274,1926.823427087921,1433.3973185734483,1049.6710422300002,-596.833582803824,245.56693609959393,18732.940000000253,9.366470000000128e+23,0.0,0.0
1.805e-05,163325.0,5.44418,3e+22,-1515.02,3353.96,20476.1,3.62059,3.61655,3.64875,0.000937164735,0.000831151021,0.420286308,0.0765224948,0.0777113506,0.21938267,0.000488352494,0.000244041985,0.000868580879,-93.4277051,-428.320785,991.293175,-653.908218,3219.33951,-2280.52853,-697.894159,2124.51449,8587.77759,36100.0,163325.290142,5.444176338,-60.00000000000001,30000 3000,1e-06,2,0.0 0.0259,0.0 0.0,-1.0 0.0,0.00054857 28.0,80000,1000,5e-10,0.0,0.0 0.0 0.0,1000 1000000 0,0,0.0,0,100,0,,20,,1,,,,1.0,10.0,0.1,False,{},,,False,3,mixed,250,300,True,Ar_Aubin,,False,uniform,Argon-Aubin-Test2/20Td,3.0000000000000005e+21,1.023805e+24,0.0,1.620208888888889e-13,1.619888888888889e-13,0.0,0.0,0.0,0.0,0.0,0.0,2.2222222222222226e-19,2.2222222222222226e-19,0.0,2.2222222222222226e-19,0.0,0.0,4.444444444444445e-19,4.444444444444445e-19,0.0,0.0,0.0,2.2222222222222226e-19,2.2222222222222226e-19,1.1111111111111113e-18,6.666666666666668e-19,2.2222222222222226e-19,1.777777777777778e-18,1.0444444444444445e-17,7.333333333333334e-18,8.222222222222223e-18,0.0,0.0,0.0,0.0,2.2222222222222226e-19,0.0,1566.3237766966322,-92.0078817831803,2584.6638706436556,3216.5518627216065,1052.0070330885535,-18.04688123879896,-389.97624316558176,910.9516995158265,19583.07999999964,9.791539999999821e+23,0.0,0.0
1.81e-05,163404.0,5.44679,3e+22,-3554.42,5551.76,14350.7,3.59863,3.64323,3.65029,0.000892929208,0.00100452531,0.421399713,0.0767182089,0.0779770749,0.220377735,0.000448644669,0.000222572957,0.000933183099,2670.0092,-1580.06521,-349.05004,-600.558746,2272.50515,-2226.09851,-725.845182,2458.95518,6280.64727,36200.0,163403.607066,5.446786902,-60.00000000000001,30000 3000,1e-06,2,0.0 0.0259,0.0 0.0,-1.0 0.0,0.00054857 28.0,80000,1000,5e-10,0.0,0.0 0.0 0.0,1000 1000000 0,0,0.0,0,100,0,,20,,1,,,,1.0,10.0,0.1,False,{},,,False,3,mixed,250,300,True,Ar_Aubin,,False,uniform,Argon-Aubin-Test2/20Td,3.0000000000000005e+21,7.17535e+23,0.0,1.6219111111111112e-13,1.6215844444444445e-13,2.2222222222222226e-19,0.0,0.0,0.0,0.0,0.0,0.0,0.0,0.0,0.0,0.0,0.0,1.5555555555555556e-18,0.0,0.0,0.0,0.0,6.666666666666668e-19,4.444444444444445e-19,4.444444444444445e-19,4.444444444444445e-19,6.666666666666668e-19,1.1111111111111113e-18,9.111111111111112e-18,8.444444444444445e-18,8.88888888888889e-18,0.0,0.0,0.0,0.0,6.666666666666668e-19,0.0,1957.9505517003383,2673.1830454354995,2654.060409212761,2266.9282665649544,579.2757578848563,233.2664086509003,-77.4326703913787,410.1221866962144,22268.100000000235,1.1134050000000117e+24,0.0,0.0
1.815e-05,163389.0,5.44631,3e+22,14111.9,4677.14,22942.5,3.65047,3.59162,3.64628,0.000857630671,0.00112728232,0.422409154,0.0769054803,0.0781594458,0.221342749,0.000394525517,0.000217168271,0.000979056546,2492.48065,2146.191,1586.25883,-2200.88381,1442.79604,442.153929,8709.97156,2923.28359,11643.081,36300.0,163389.352254,5.446311742,-60.00000000000001,30000 3000,1e-06,2,0.0 0.0259,0.0 0.0,-1.0 0.0,0.00054857 28.0,80000,1000,5e-10,0.0,0.0 0.0 0.0,1000 1000000 0,0,0.0,0,100,0,,20,,1,,,,1.0,10.0,0.1,False,{},,,False,3,mixed,250,300,True,Ar_Aubin,,False,uniform,Argon-Aubin-Test2/20Td,3.0000000000000005e+21,1.1471250000000001e+24,2.222222222222222e-19,1.6188266666666665e-13,1.6185155555555557e-13,0.0,0.0,0.0,0.0,0.0,0.0,0.0,0.0,0.0,0.0,0.0,0.0,2.2222222222222226e-19,0.0,0.0,0.0,0.0,2.2222222222222226e-19,6.666666666666668e-19,1.777777777777778e-18,2.2222222222222226e-19,1.1111111111111113e-18,1.3333333333333336e-18,8.444444444444445e-18,8.222222222222223e-18,8.666666666666667e-18,0.0,0.0,0.0,0.0,0.0,2.2222222222222226e-19,1873.3319220265444,2480.377851733915,1821.0920566945344,1437.5235827698352,1132.387334866758,1951.9589843550002,172.08759597909966,4315.558457997983,20188.819999999996,1.0094409999999999e+24,1.1007192209461585e-23,9.686050875982225e-24
1.82e-05,163543.0,5.45143,3e+22,885.42,-4610.1,16336.7,3.63123,3.63759,3.63239,0.000926699963,0.00101100352,0.423404915,0.077208837,0.0783693768,0.222301883,0.000377111934,0.000246950842,0.000928811922,777.311939,1007.08812,-342.05583,847.726917,1153.812,1005.6386,-703.992849,-3488.87061,9269.99219,36400.0,163542.917502,5.451430583,-60.00000000000001,30000 3000,1e-06,2,0.0 0.0259,0.0 0.0,-1.0 0.0,0.00054857 28.0,80000,1000,5e-10,0.0,0.0 0.0 0.0,1000 1000000 0,0,0.0,0,100,0,,20,,1,,,,1.0,10.0,0.1,False,{},,,False,3,mixed,250,300,True,Ar_Aubin,,False,uniform,Argon-Aubin-Test2/20Td,3.0000000000000005e+21,8.168350000000001e+23,0.0,1.6233933333333332e-13,1.623117777777778e-13,0.0,0.0,0.0,0.0,0.0,0.0,0.0,2.2222222222222226e-19,0.0,0.0,2.2222222222222226e-19,0.0,4.444444444444445e-19,0.0,0.0,0.0,2.2222222222222226e-19,1.1111111111111113e-18,0.0,4.444444444444445e-19,2.2222222222222226e-19,2.2222222222222226e-19,4.444444444444445e-19,9.555555555555557e-18,5.555555555555556e-18,8.666666666666667e-18,0.0,0.0,0.0,0.0,2.2222222222222226e-19,0.0,3032.334575464174,776.4914203187606,2101.7963731152777,1158.4728273275518,1169.0533683850201,2352.9531151195006,-6.314037659116162,-1436.079078124842,19915.219999999677,9.957609999999839e+23,0.0,0.0
1.825e-05,163506.0,5.45022,3e+22,3849.11,-7216.06,14680.8,3.63902,3.61103,3.64877,0.000987624435,0.000937211687,0.424401311,0.0773968388,0.0785846,0.223278811,0.000403687873,0.000261671745,0.000902307554,2064.98309,110.752469,888.601074,-764.479403,1489.27604,1354.33654,2274.6613,-2952.39086,8890.80301,36500.0,163506.465171,5.450215506,-60.00000000000001,30000 3000,1e-06,2,0.0 0.0259,0.0 0.0,-1.0 0.0,0.00054857 28.0,80000,1000,5e-10,0.0,0.0 0.0 0.0,1000 1000000 0,0,0.0,0,100,0,,20,,1,,,,1.0,10.0,0.1,False,{},,,False,3,mixed,250,300,True,Ar_Aubin,,False,uniform,Argon-Aubin-Test2/20Td,3.0000000000000005e+21,7.3404e+23,0.0,1.6226355555555556e-13,1.6223244444444446e-13,0.0,0.0,0.0,0.0,0.0,0.0,0.0,0.0,0.0,0.0,0.0,0.0,6.666666666666668e-19,6.666666666666668e-19,0.0,0.0,2.2222222222222226e-19,8.88888888888889e-19,0.0,6.666666666666668e-19,2.2222222222222226e-19,4.444444444444445e-19,8.88888888888889e-19,1.0444444444444445e-17,6.8888888888888895e-18,8.88888888888889e-18,0.0,0.0,0.0,0.0,2.2222222222222226e-19,0.0,1878.8517079681988,2061.1816149109973,2153.6696237120514,1496.0390157660931,1321.7726763847804,2660.2522434712,-241.17765850232448,1515.1959270114423,19927.92000000021,9.963960000000107e+23,0.0,0.0
1.83e-05,163486.0,5.44953,3e+22,-7609.52,1500.71,17635.2,3.65253,3.64091,3.6035,0.000946737367,0.000871249144,0.425357791,0.0776276731,0.0788157519,0.224269203,0.000434613047,0.000300260556,0.000867131288,1036.07108,1293.94176,1757.20468,496.41995,5888.6745,1854.54386,-1226.51315,136.464299,8928.31052,36600.0,163485.841808,5.44952806,-60.00000000000001,30000 3000,1e-06,2,0.0 0.0259,0.0 0.0,-1.0 0.0,0.00054857 28.0,80000,1000,5e-10,0.0,0.0 0.0 0.0,1000 1000000 0,0,0.0,0,100,0,,20,,1,,,,1.0,10.0,0.1,False,{},,,False,3,mixed,250,300,True,Ar_Aubin,,False,uniform,Argon-Aubin-Test2/20Td,3.0000000000000005e+21,8.8176e+23,0.0,1.621151111111111e-13,1.6208533333333336e-13,0.0,0.0,0.0,0.0,0.0,0.0,0.0,0.0,0.0,2.2222222222222226e-19,0.0,0.0,4.444444444444445e-19,0.0,0.0,0.0,2.2222222222222226e-19,2.2222222222222226e-19,0.0,0.0,8.88888888888889e-19,0.0,1.3333333333333336e-18,6.6666666666666674e-18,8e-18,1.1111111111111113e-17,0.0,2.2222222222222226e-19,0.0,2.2222222222222226e-19,2.2222222222222226e-19,0.0,2309.1339038253113,1043.2752969289338,2312.71190675314,5887.3670076971075,1776.1441411906499,1427.0408041568007,1100.7160181071617,3750.7642449558016,19129.59999999964,9.56479999999982e+23,0.0,0.0
1.835e-05,163443.0,5.44808,3e+22,-225.458,2664.63,16222.8,3.61908,3.63651,3.63904,0.000889356786,0.000726335979,0.426381864,0.077824277,0.079122062,0.225291532,0.000473094933,0.000291249177,0.00077155975,2189.09283,1178.86252,-344.065833,-14.6346354,1927.78168,1982.88361,-254.103387,337.871403,8531.3236,36700.0,163442.526158,5.448084205,-60.00000000000001,30000 3000,1e-06,2,0.0 0.0259,0.0 0.0,-1.0 0.0,0.00054857 28.0,80000,1000,5e-10,0.0,0.0 0.0 0.0,1000 1000000 0,0,0.0,0,100,0,,20,,1,,,,1.0,10.0,0.1,False,{},,,False,3,mixed,250,300,True,Ar_Aubin,,False,uniform,Argon-Aubin-Test2/20Td,3.0000000000000005e+21,8.1114e+23,0.0,1.6218511111111111e-13,1.6215333333333336e-13,0.0,0.0,0.0,0.0,0.0,0.0,0.0,0.0,0.0,0.0,0.0,0.0,6.666666666666668e-19,4.444444444444445e-19,0.0,0.0,2.2222222222222226e-19,6.666666666666668e-19,0.0,4.444444444444445e-19,1.5555555555555556e-18,4.444444444444445e-19,6.666666666666668e-19,8.222222222222223e-18,8.88888888888889e-18,8.444444444444445e-18,0.0,4.444444444444445e-19,0.0,0.0,6.666666666666668e-19,0.0,1967.0925614925784,2189.2933426022582,3065.4161111655367,1925.8462633602774,1500.8541628516725,1614.2158967008,289.70263817094275,-516.4658749742088,20481.460000000287,1.0240730000000143e+24,0.0,0.0
1.84e-05,163601.0,5.45337,3e+22,-2572.49,-1317.49,20378.1,3.61629,3.63165,3.65639,0.000815738956,0.00065771558,0.4274633,0.0780366341,0.0793678087,0.226367303,0.000482904978,0.000298400751,0.000781074828,1085.30916,2149.72232,1981.32975,-442.718662,2269.97394,221.801522,47.9345155,-2020.5295,10258.2781,36800.0,163601.079695,5.453369323,-60.00000000000001,30000 3000,1e-06,2,0.0 0.0259,0.0 0.0,-1.0 0.0,0.00054857 28.0,80000,1000,5e-10,0.0,0.0 0.0 0.0,1000 1000000 0,0,0.0,0,100,0,,20,,1,,,,1.0,10.0,0.1,False,{},,,False,3,mixed,250,300,True,Ar_Aubin,,False,uniform,Argon-Aubin-Test2/20Td,3.0000000000000005e+21,1.018905e+24,0.0,1.623022222222222e-13,1.622717777777778e-13,0.0,2.2222222222222226e-19,0.0,0.0,0.0,0.0,2.2222222222222226e-19,0.0,0.0,0.0,2.2222222222222226e-19,0.0,0.0,2.2222222222222226e-19,2.2222222222222226e-19,0.0,2.2222222222222226e-19,4.444444444444445e-19,2.2222222222222226e-19,6.666666666666668e-19,4.444444444444445e-19,0.0,2e-18,1.088888888888889e-17,6.444444444444445e-18,8e-18,0.0,0.0,0.0,0.0,0.0,0.0,2124.8262544848462,1087.4076403069205,2458.4167417020244,2270.840473699494,1523.921012245022,1547.3882262700008,753.1742421082878,3112.286120097737,21628.719999999823,1.0814359999999913e+24,0.0,0.0
1.845e-05,163652.0,5.45507,3e+22,454.528,-6095.02,21603.2,3.65909,3.61827,3.6299,0.000886096096,0.000634447916,0.42847733,0.0782355561,0.0795766724,0.227337729,0.000507202232,0.000345250708,0.000765156804,3552.76474,514.447357,973.234916,-1103.30124,578.350013,1362.38856,896.075158,-1919.74569,8939.58275,36900.0,163651.953335,5.455065111,-60.00000000000001,30000 3000,1e-06,2,0.0 0.0259,0.0 0.0,-1.0 0.0,0.00054857 28.0,80000,1000,5e-10,0.0,0.0 0.0 0.0,1000 1000000 0,0,0.0,0,100,0,,20,,1,,,,1.0,10.0,0.1,False,{},,,False,3,mixed,250,300,True,Ar_Aubin,,False,uniform,Argon-Aubin-Test2/20Td,3.0000000000000005e+21,1.0801600000000001e+24,0.0,1.6244933333333333e-13,1.6241933333333336e-13,0.0,0.0,0.0,0.0,0.0,0.0,0.0,0.0,0.0,0.0,0.0,2.2222222222222226e-19,0.0,2.2222222222222226e-19,0.0,0.0,2.2222222222222226e-19,8.88888888888889e-19,0.0,4.444444444444445e-19,1.1111111111111113e-18,8.88888888888889e-19,1.3333333333333336e-18,1.088888888888889e-17,7.111111111111112e-18,6.444444444444445e-18,0.0,0.0,0.0,0.0,2.2222222222222226e-19,0.0,1988.022637529896,3552.3619845136773,2088.937656260642,582.2169857369784,1024.7652296108135,-316.89870545600024,317.5266746562218,1655.4126189686526,20280.599999999984,1.0140299999999993e+24,0.0,0.0
1.85e-05,163985.0,5.46616,3e+22,6674.86,-3665.18,15181.8,3.61652,3.65427,3.6599,0.00102839758,0.00050064157,0.42963979,0.0784347121,0.0797588058,0.228471094,0.000471823705,0.000390095838,0.000725246185,617.624181,-7.71575067,-1199.25817,183.788934,1882.76555,1823.9266,2144.88403,-2496.83847,6499.85237,37000.0,163984.942221,5.466164741,-60.00000000000001,30000 3000,1e-06,2,0.0 0.0259,0.0 0.0,-1.0 0.0,0.00054857 28.0,80000,1000,5e-10,0.0,0.0 0.0 0.0,1000 1000000 0,0,0.0,0,100,0,,20,,1,,,,1.0,10.0,0.1,False,{},,,False,3,mixed,250,300,True,Ar_Aubin,,False,uniform,Argon-Aubin-Test2/20Td,3.0000000000000005e+21,7.590899999999999e+23,0.0,1.6269155555555555e-13,1.626617777777778e-13,0.0,0.0,0.0,0.0,0.0,0.0,0.0,0.0,0.0,2.2222222222222226e-19,0.0,0.0,2.2222222222222226e-19,2.2222222222222226e-19,0.0,0.0,4.444444444444445e-19,2.2222222222222226e-19,2.2222222222222226e-19,4.444444444444445e-19,8.88888888888889e-19,6.666666666666668e-19,1.777777777777778e-18,8.88888888888889e-18,7.111111111111112e-18,8.444444444444445e-18,0.0,0.0,0.0,0.0,0.0,0.0,1988.8356470879055,610.7597711291612,1822.8528217649477,1884.6004914695327,1358.3817268481014,-22.852993822000826,-346.46601940409136,-1937.7725150594438,23249.200000000637,1.1624600000000319e+24,0.0,0.0
1.855e-05,163881.0,5.46269,3e+22,1064.22,-4388.94,14016.7,3.64002,3.66573,3.6184,0.00107981321,0.000315202817,0.430570573,0.0785980401,0.080072087,0.229381616,0.000453992555,0.000446620259,0.000636204502,3689.51697,-1022.31153,1671.74906,18.2018146,239.397107,-599.848001,628.03047,-922.997279,5091.37627,37100.0,163880.847237,5.462694908,-60.00000000000001,30000 3000,1e-06,2,0.0 0.0259,0.0 0.0,-1.0 0.0,0.00054857 28.0,80000,1000,5e-10,0.0,0.0 0.0 0.0,1000 1000000 0,0,0.0,0,100,0,,20,,1,,,,1.0,10.0,0.1,False,{},,,False,3,mixed,250,300,True,Ar_Aubin,,False,uniform,Argon-Aubin-Test2/20Td,3.0000000000000005e+21,7.008350000000001e+23,0.0,1.626962222222222e-13,1.6266600000000002e-13,0.0,0.0,0.0,0.0,0.0,0.0,2.2222222222222226e-19,2.2222222222222226e-19,0.0,0.0,0.0,0.0,0.0,4.444444444444445e-19,0.0,2.2222222222222226e-19,0.0,2.2222222222222226e-19,0.0,6.666666666666668e-19,4.444444444444445e-19,4.444444444444445e-19,8.88888888888889e-19,1.1555555555555557e-17,4e-18,1.0666666666666668e-17,0.0,0.0,0.0,0.0,2.2222222222222226e-19,0.0,1632.1960501405886,3688.367811185654,3134.3248916576586,240.78051325164398,1098.5281769576584,-943.8022805691007,668.5829749007776,1826.4222969813331,18615.659999999814,9.307829999999907e+23,0.0,0.0
1.86e-05,163746.0,5.45819,3e+22,-2722.08,-4288.81,16998.8,3.63198,3.6109,3.67172,0.00115744332,0.000359156481,0.431537596,0.0788702282,0.0802873626,0.230292357,0.000473357646,0.000431838762,0.000684001182,3368.02775,921.672786,-304.270884,-2156.26742,2040.27323,29.7053586,-1105.95555,-3389.27075,6878.32955,37200.0,163745.679255,5.458189308,-60.00000000000001,30000 3000,1e-06,2,0.0 0.0259,0.0 0.0,-1.0 0.0,0.00054857 28.0,80000,1000,5e-10,0.0,0.0 0.0 0.0,1000 1000000 0,0,0.0,0,100,0,,20,,1,,,,1.0,10.0,0.1,False,{},,,False,3,mixed,250,300,True,Ar_Aubin,,False,uniform,Argon-Aubin-Test2/20Td,3.0000000000000005e+21,8.4994e+23,0.0,1.6251355555555556e-13,1.6248177777777778e-13,0.0,0.0,0.0,0.0,0.0,0.0,0.0,0.0,0.0,0.0,0.0,2.2222222222222226e-19,0.0,6.666666666666668e-19,0.0,0.0,0.0,6.666666666666668e-19,4.444444444444445e-19,1.3333333333333336e-18,2.2222222222222226e-19,1.1111111111111113e-18,1.1111111111111113e-18,1.088888888888889e-17,5.777777777777778e-18,9.111111111111112e-18,0.0,2.2222222222222226e-19,0.0,0.0,0.0,0.0,2720.14421529479,3371.178403312506,2152.459594380041,2041.8135839072777,770.6257208911494,-457.2917368847993,-986.5202451277871,-255.2217221883359,19340.46000000023,9.670230000000114e+23,0.0,0.0
1.865e-05,163792.0,5.45972,3e+22,-3946.94,1499.44,19867.6,3.6341,3.68005,3.60296,0.00107827887,0.000379972388,0.432542918,0.0791031351,0.0804391113,0.231258337,0.000472169568,0.000420277832,0.000695659157,-1369.71139,1491.72082,-922.705081,210.163757,-327.449741,1214.14875,-2377.83399,115.502482,10058.9606,37300.0,163791.739586,5.459724653,-60.00000000000001,30000 3000,1e-06,2,0.0 0.0259,0.0 0.0,-1.0 0.0,0.00054857 28.0,80000,1000,5e-10,0.0,0.0 0.0 0.0,1000 1000000 0,0,0.0,0,100,0,,20,,1,,,,1.0,10.0,0.1,False,{},,,False,3,mixed,250,300,True,Ar_Aubin,,False,uniform,Argon-Aubin-Test2/20Td,3.0000000000000005e+21,9.9338e+23,0.0,1.6210555555555556e-13,1.620757777777778e-13,0.0,0.0,0.0,0.0,0.0,2.2222222222222226e-19,0.0,0.0,0.0,0.0,0.0,0.0,4.444444444444445e-19,0.0,0.0,0.0,2.2222222222222226e-19,2.2222222222222226e-19,0.0,8.88888888888889e-19,1.1111111111111113e-18,4.444444444444445e-19,1.5555555555555556e-18,1e-17,6.8888888888888895e-18,7.333333333333334e-18,0.0,0.0,2.2222222222222226e-19,0.0,2.2222222222222226e-19,0.0,2330.838897175169,-1365.455487996842,1517.3331436220406,-328.0194867974627,973.008495045169,1465.3709223432015,430.34977943032067,-1614.7409395066923,20106.439999999504,1.0053219999999752e+24,0.0,0.0
1.87e-05,163813.0,5.46042,3e+22,472.406,-3462.14,22648.1,3.62378,3.63879,3.65528,0.00115424129,0.000416899782,0.433542596,0.0792728588,0.0805913278,0.232261124,0.000496934621,0.000437692917,0.000722639664,122.808457,-717.413449,-1202.95009,-804.342425,2244.14719,-337.77256,662.772173,-4199.5985,12501.3448,37400.0,163812.612363,5.460420412,-60.00000000000001,30000 3000,1e-06,2,0.0 0.0259,0.0 0.0,-1.0 0.0,0.00054857 28.0,80000,1000,5e-10,0.0,0.0 0.0 0.0,1000 1000000 0,0,0.0,0,100,0,,20,,1,,,,1.0,10.0,0.1,False,{},,,False,3,mixed,250,300,True,Ar_Aubin,,False,uniform,Argon-Aubin-Test2/20Td,3.0000000000000005e+21,1.1324049999999999e+24,0.0,1.6269866666666666e-13,1.626688888888889e-13,0.0,0.0,0.0,0.0,0.0,2.2222222222222226e-19,0.0,0.0,0.0,0.0,0.0,0.0,8.88888888888889e-19,2.2222222222222226e-19,2.2222222222222226e-19,0.0,2.2222222222222226e-19,6.666666666666668e-19,2.2222222222222226e-19,8.88888888888889e-19,2.2222222222222226e-19,8.88888888888889e-19,1.5555555555555556e-18,8.666666666666667e-18,7.555555555555556e-18,6.6666666666666674e-18,0.0,0.0,0.0,0.0,6.666666666666668e-19,0.0,1695.541123659522,122.26318648915627,1521.87073587412,2245.5905554112537,1369.8036553549953,2682.428731532402,-331.9158285889224,-771.127412766025,19993.560000000078,9.99678000000004e+23,0.0,0.0
1.875e-05,163962.0,5.46539,3e+22,1561.06,8311.13,17502.2,3.63526,3.62546,3.66791,0.00120104317,0.000545839007,0.434719456,0.0794129308,0.0807823023,0.233399616,0.000453609645,0.000474418171,0.000760473759,2158.60651,2798.69046,90.0065722,-149.151999,2256.12649,1304.96061,1792.56604,2347.809,10005.3744,37500.0,163961.565745,5.465385525,-60.00000000000001,30000 3000,1e-06,2,0.0 0.0259,0.0 0.0,-1.0 0.0,0.00054857 28.0,80000,1000,5e-10,0.0,0.0 0.0 0.0,1000 1000000 0,0,0.0,0,100,0,,20,,1,,,,1.0,10.0,0.1,False,{},,,False,3,mixed,250,300,True,Ar_Aubin,,False,uniform,Argon-Aubin-Test2/20Td,3.0000000000000005e+21,8.751100000000001e+23,0.0,1.6265844444444445e-13,1.626248888888889e-13,2.2222222222222226e-19,0.0,0.0,0.0,0.0,2.2222222222222226e-19,0.0,0.0,0.0,0.0,0.0,0.0,0.0,2.2222222222222226e-19,0.0,0.0,0.0,8.88888888888889e-19,0.0,6.666666666666668e-19,1.777777777777778e-18,1.1111111111111113e-18,6.666666666666668e-19,1.0444444444444445e-17,8.666666666666667e-18,8.666666666666667e-18,0.0,0.0,0.0,0.0,0.0,0.0,1399.6176825933903,2156.73160954904,1908.5036520666288,2251.589951053752,1166.6912148328158,2396.8275371968,300.4237156414651,1182.9285604466659,23537.200000000037,1.176860000000002e+24,0.0,0.0
1.88e-05,163971.0,5.4657,3e+22,-5836.52,-1262.02,13838.8,3.60492,3.66836,3.65682,0.00111621752,0.00063032743,0.435767079,0.0794552999,0.0809164467,0.234407917,0.000458033621,0.000511926174,0.000800271947,-1202.31437,2500.35596,-2167.97336,815.418132,-455.750683,-1015.42541,-2073.56846,-1404.84255,6517.8234,37600.0,163970.948405,5.46569828,-60.00000000000001,30000 3000,1e-06,2,0.0 0.0259,0.0 0.0,-1.0 0.0,0.00054857 28.0,80000,1000,5e-10,0.0,0.0 0.0 0.0,1000 1000000 0,0,0.0,0,100,0,,20,,1,,,,1.0,10.0,0.1,False,{},,,False,3,mixed,250,300,True,Ar_Aubin,,False,uniform,Argon-Aubin-Test2/20Td,3.0000000000000005e+21,6.919399999999999e+23,0.0,1.6296355555555555e-13,1.6293155555555558e-13,0.0,0.0,0.0,0.0,0.0,0.0,2.2222222222222226e-19,2.2222222222222226e-19,0.0,0.0,4.444444444444445e-19,2.2222222222222226e-19,2.2222222222222226e-19,0.0,0.0,0.0,2.2222222222222226e-19,2.2222222222222226e-19,0.0,6.666666666666668e-19,6.666666666666668e-19,0.0,2e-18,7.333333333333334e-18,9.555555555555557e-18,9.777777777777779e-18,0.0,0.0,0.0,0.0,2.2222222222222226e-19,0.0,425.6566314424226,-1195.7995441201697,1340.4502755255676,-454.9551971767914,963.592847436634,487.32994713480093,1464.2797655178288,-1713.6256590906955,20952.459999999952,1.0476229999999976e+24,0.0,0.0
1.885e-05,163791.0,5.4597,3e+22,3439.61,3465.6,17026.5,3.63667,3.6622,3.61875,0.00109100404,0.000642924894,0.436851367,0.079669473,0.0810449335,0.235458388,0.000469647611,0.000500021868,0.000790564736,1839.68437,127.176638,247.809342,575.258185,583.076218,456.633225,2733.64755,2699.55932,8765.32234,37700.0,163791.038615,5.459701287,-60.00000000000001,30000 3000,1e-06,2,0.0 0.0259,0.0 0.0,-1.0 0.0,0.00054857 28.0,80000,1000,5e-10,0.0,0.0 0.0 0.0,1000 1000000 0,0,0.0,0,100,0,,20,,1,,,,1.0,10.0,0.1,False,{},,,False,3,mixed,250,300,True,Ar_Aubin,,False,uniform,Argon-Aubin-Test2/20Td,3.0000000000000005e+21,8.513250000000001e+23,0.0,1.6295022222222222e-13,1.6291355555555556e-13,0.0,0.0,0.0,0.0,0.0,0.0,0.0,2.2222222222222226e-19,0.0,0.0,4.444444444444445e-19,0.0,0.0,6.666666666666668e-19,0.0,0.0,0.0,6.666666666666668e-19,0.0,1.3333333333333336e-18,6.666666666666668e-19,4.444444444444445e-19,1.777777777777778e-18,8.444444444444445e-18,8e-18,1.3777777777777779e-17,0.0,0.0,0.0,0.0,2.2222222222222226e-19,0.0,2142.287517366698,1835.9317415939756,1284.707602496882,580.8480974873536,1043.0129042357516,1327.2725397745007,-42.00128114997229,1460.2825812660703,21685.759999999776,1.0842879999999889e+24,0.0,0.0
1.89e-05,163809.0,5.4603,3e+22,2911.8,-7567.7,19245.1,3.64712,3.63838,3.63263,0.00118480657,0.000626629164,0.437817845,0.0798934542,0.0812382466,0.236449984,0.000438405444,0.000544594902,0.000743947361,2156.25065,-301.774934,474.330387,55.9318401,3300.31989,-1630.44521,1140.97515,-3672.60071,10687.3213,37800.0,163809.083306,5.460302777,-60.00000000000001,30000 3000,1e-06,2,0.0 0.0259,0.0 0.0,-1.0 0.0,0.00054857 28.0,80000,1000,5e-10,0.0,0.0 0.0 0.0,1000 1000000 0,0,0.0,0,100,0,,20,,1,,,,1.0,10.0,0.1,False,{},,,False,3,mixed,250,300,True,Ar_Aubin,,False,uniform,Argon-Aubin-Test2/20Td,3.0000000000000005e+21,9.62255e+23,0.0,1.6269266666666665e-13,1.6266355555555557e-13,0.0,0.0,0.0,0.0,0.0,0.0,0.0,0.0,0.0,0.0,0.0,2.2222222222222226e-19,4.444444444444445e-19,0.0,0.0,0.0,4.444444444444445e-19,2.2222222222222226e-19,2.2222222222222226e-19,6.666666666666668e-19,2.2222222222222226e-19,4.444444444444445e-19,6.666666666666668e-19,8.222222222222223e-18,6.6666666666666674e-18,1.0444444444444445e-17,0.0,0.0,0.0,0.0,2.2222222222222226e-19,0.0,2237.6772320698014,2152.800730229474,1933.3378831014327,3305.062031524403,1462.4744932467681,2261.473091190501,49.00362114562142,317.665815008693,19329.55999999986,9.664779999999931e+23,0.0,0.0
1.895e-05,163751.0,5.45837,3e+22,-2154.93,4136.03,21930.4,3.6519,3.58239,3.6796,0.00119494427,0.000571631468,0.438769152,0.0800923694,0.0814705247,0.237371079,0.000459652397,0.000574286898,0.000697039338,3390.2819,-914.694115,-2139.31029,-1347.99929,1821.94891,-242.012502,-2213.08742,2199.05571,11715.6326,37900.0,163751.208873,5.458373629,-60.00000000000001,30000 3000,1e-06,2,0.0 0.0259,0.0 0.0,-1.0 0.0,0.00054857 28.0,80000,1000,5e-10,0.0,0.0 0.0 0.0,1000 1000000 0,0,0.0,0,100,0,,20,,1,,,,1.0,10.0,0.1,False,{},,,False,3,mixed,250,300,True,Ar_Aubin,,False,uniform,Argon-Aubin-Test2/20Td,3.0000000000000005e+21,1.0965200000000001e+24,0.0,1.627531111111111e-13,1.6272333333333335e-13,0.0,0.0,0.0,0.0,0.0,0.0,0.0,0.0,0.0,0.0,0.0,0.0,2.2222222222222226e-19,2.2222222222222226e-19,0.0,0.0,0.0,6.666666666666668e-19,2.2222222222222226e-19,6.666666666666668e-19,2e-18,6.666666666666668e-19,1.1111111111111113e-18,9.333333333333335e-18,6.444444444444445e-18,7.777777777777779e-18,0.0,2.2222222222222226e-19,2.2222222222222226e-19,0.0,0.0,0.0,1988.9107479990898,3392.856921255751,2323.440015739725,1819.584625099408,871.916536449302,2093.249588979201,482.3354236816509,-3433.0865070994478,19026.140000000247,9.513070000000125e+23,0.0,0.0
1.9e-05,163694.0,5.45645,3e+22,-1692.66,518.156,14134.3,3.6224,3.68132,3.60803,0.00117094658,0.000588325626,0.43972897,0.0803147122,0.0816049753,0.238316061,0.000445458876,0.000551891749,0.000740754639,1148.04919,-478.076428,165.177234,-1901.28591,1964.89194,1976.16606,-805.328891,1057.29508,5701.6205,38000.0,163693.571575,5.456452386,-60.00000000000001,30000 3000,1e-06,2,0.0 0.0259,0.0 0.0,-1.0 0.0,0.00054857 28.0,80000,1000,5e-10,0.0,0.0 0.0 0.0,1000 1000000 0,0,0.0,0,100,0,,20,,1,,,,1.0,10.0,0.1,False,{},,,False,3,mixed,250,300,True,Ar_Aubin,,False,uniform,Argon-Aubin-Test2/20Td,3.0000000000000005e+21,7.06715e+23,0.0,1.6292844444444443e-13,1.6289822222222224e-13,0.0,0.0,0.0,0.0,0.0,2.2222222222222226e-19,0.0,0.0,0.0,2.2222222222222226e-19,0.0,0.0,2.2222222222222226e-19,0.0,0.0,2.2222222222222226e-19,0.0,2.2222222222222226e-19,0.0,2.2222222222222226e-19,6.666666666666668e-19,6.666666666666668e-19,1.5555555555555556e-18,7.777777777777779e-18,7.777777777777779e-18,1e-17,0.0,0.0,0.0,0.0,4.444444444444445e-19,0.0,2223.995759151887,1150.0312044381028,1344.3123549299053,1964.5870955469343,1017.8368953817074,-513.6406806709992,-259.79197026527015,87.60947111450605,19196.360000000026,9.598180000000012e+23,0.0,0.0
1.905e-05,163423.0,5.44742,3e+22,7849.85,-3490.13,15351.4,3.64832,3.59454,3.65022,0.00119477959,0.000727942688,0.440607017,0.0805598247,0.0818160457,0.23925207,0.000459503398,0.00055752232,0.000819536493,131.145769,321.589548,790.511815,900.949727,2287.11079,319.47975,4499.58918,-1838.10337,7889.19851,38100.0,163422.659061,5.447421969,-60.00000000000001,30000 3000,1e-06,2,0.0 0.0259,0.0 0.0,-1.0 0.0,0.00054857 28.0,80000,1000,5e-10,0.0,0.0 0.0 0.0,1000 1000000 0,0,0.0,0,100,0,,20,,1,,,,1.0,10.0,0.1,False,{},,,False,3,mixed,250,300,True,Ar_Aubin,,False,uniform,Argon-Aubin-Test2/20Td,3.0000000000000005e+21,7.6757e+23,0.0,1.6257488888888888e-13,1.6254333333333335e-13,0.0,0.0,0.0,0.0,0.0,0.0,0.0,0.0,0.0,0.0,0.0,0.0,4.444444444444445e-19,0.0,0.0,0.0,0.0,8.88888888888889e-19,0.0,1.3333333333333336e-18,8.88888888888889e-19,2.2222222222222226e-19,6.666666666666668e-19,8.222222222222223e-18,9.777777777777779e-18,9.111111111111112e-18,0.0,0.0,0.0,0.0,0.0,0.0,2450.561176245425,121.7669284354385,2108.866264852044,2289.6514046136695,1630.3262762262793,1125.2639492262006,-117.9713314792088,1813.0604632046238,17560.93999999986,8.780469999999931e+23,0.0,0.0
1.91e-05,163486.0,5.44952,3e+22,7983.93,3082.64,24870.5,3.61655,3.61118,3.66738,0.00120029617,0.000719236452,0.441721182,0.0807466709,0.0820249277,0.240379913,0.000421858122,0.000595370074,0.000814226451,2971.53192,-836.008598,-745.063188,305.749517,1091.72943,-29.4111462,5106.55209,1522.06135,10791.934,38200.0,163485.617572,5.449520586,-60.00000000000001,30000 3000,1e-06,2,0.0 0.0259,0.0 0.0,-1.0 0.0,0.00054857 28.0,80000,1000,5e-10,0.0,0.0 0.0 0.0,1000 1000000 0,0,0.0,0,100,0,,20,,1,,,,1.0,10.0,0.1,False,{},,,False,3,mixed,250,300,True,Ar_Aubin,,False,uniform,Argon-Aubin-Test2/20Td,3.0000000000000005e+21,1.243525e+24,0.0,1.6240733333333332e-13,1.6237422222222225e-13,0.0,0.0,0.0,0.0,0.0,2.2222222222222226e-19,2.2222222222222226e-19,0.0,0.0,0.0,0.0,0.0,8.88888888888889e-19,0.0,0.0,0.0,4.444444444444445e-19,0.0,0.0,4.444444444444445e-19,8.88888888888889e-19,2.2222222222222226e-19,1.777777777777778e-18,9.555555555555557e-18,7.333333333333334e-18,1.0444444444444445e-17,0.0,0.0,2.2222222222222226e-19,0.0,4.444444444444445e-19,0.0,1868.329873729452,2961.9488393994516,2088.9459948313097,1089.5122829436068,1447.838021611525,-193.8926569310006,681.595643198204,804.9659394987552,22283.300000000007,1.1141650000000003e+24,0.0,0.0
1.915e-05,163846.0,5.46155,3e+22,-9607.85,-10450.7,14508.1,3.64204,3.63949,3.63922,0.00112847185,0.000691670264,0.442846861,0.0809022742,0.0822894905,0.24146637,0.000453494874,0.000560578289,0.000839877266,516.756077,2011.1209,-1439.70605,732.391028,2588.98276,-123.55298,-2893.13711,-3167.2093,5987.06307,38300.0,163846.412401,5.46154708,-60.00000000000001,30000 3000,1e-06,2,0.0 0.0259,0.0 0.0,-1.0 0.0,0.00054857 28.0,80000,1000,5e-10,0.0,0.0 0.0 0.0,1000 1000000 0,0,0.0,0,100,0,,20,,1,,,,1.0,10.0,0.1,False,{},,,False,3,mixed,250,300,True,Ar_Aubin,,False,uniform,Argon-Aubin-Test2/20Td,3.0000000000000005e+21,7.25405e+23,0.0,1.6267288888888888e-13,1.626448888888889e-13,2.2222222222222226e-19,0.0,0.0,0.0,0.0,0.0,0.0,0.0,0.0,0.0,0.0,2.2222222222222226e-19,2.2222222222222226e-19,2.2222222222222226e-19,0.0,0.0,0.0,0.0,0.0,4.444444444444445e-19,6.666666666666668e-19,6.666666666666668e-19,4.444444444444445e-19,9.555555555555557e-18,5.333333333333334e-18,9.555555555555557e-18,0.0,2.2222222222222226e-19,0.0,0.0,2.2222222222222226e-19,0.0,1557.7056217948304,527.5982652640225,2646.016933197798,2596.2111984279845,907.1732992382842,-437.80347407409954,-86.71517073780086,-94.40892898813581,22513.579999999813,1.1256789999999906e+24,0.0,0.0
1.92e-05,164156.0,5.47187,3e+22,1207.03,1967.28,10974.9,3.6316,3.65785,3.65359,0.0011175401,0.000655841942,0.443930506,0.08107577,0.0825179188,0.242624214,0.000420896111,0.000560951654,0.000881215332,3504.69788,-556.475693,-2281.42678,-2673.79248,1983.62507,1448.16485,128.122874,69.332218,5925.10684,38400.0,164156.236751,5.471874558,-60.00000000000001,30000 3000,1e-06,2,0.0 0.0259,0.0 0.0,-1.0 0.0,0.00054857 28.0,80000,1000,5e-10,0.0,0.0 0.0 0.0,1000 1000000 0,0,0.0,0,100,0,,20,,1,,,,1.0,10.0,0.1,False,{},,,False,3,mixed,250,300,True,Ar_Aubin,,False,uniform,Argon-Aubin-Test2/20Td,3.0000000000000005e+21,5.48745e+23,0.0,1.6305422222222222e-13,1.6302688888888892e-13,0.0,0.0,0.0,0.0,0.0,0.0,0.0,0.0,0.0,2.2222222222222226e-19,0.0,0.0,2.2222222222222226e-19,2.2222222222222226e-19,2.2222222222222226e-19,0.0,6.666666666666668e-19,6.666666666666668e-19,0.0,6.666666666666668e-19,0.0,2.2222222222222226e-19,1.3333333333333336e-18,8.666666666666667e-18,8e-18,5.555555555555556e-18,0.0,2.2222222222222226e-19,0.0,0.0,4.444444444444445e-19,0.0,1735.2035284114165,3503.348975573097,2284.7657910121666,1982.3348452643422,1968.9214013726698,1053.0139297006008,80.06878862144374,-2701.4062355006695,21672.90000000044,1.083645000000022e+24,0.0,0.0
1.925e-05,164157.0,5.47189,3e+22,2209.24,-1794.69,17236.1,3.62586,3.65874,3.65744,0.00110688254,0.000646036657,0.44495289,0.0813594009,0.0827390917,0.243699227,0.000403487525,0.000531703554,0.000866572064,1389.84823,-188.858546,2417.017,153.691033,483.735305,1258.71871,1944.75301,-2638.81731,9440.82145,38500.0,164156.552143,5.471885071,-60.00000000000001,30000 3000,1e-06,2,0.0 0.0259,0.0 0.0,-1.0 0.0,0.00054857 28.0,80000,1000,5e-10,0.0,0.0 0.0 0.0,1000 1000000 0,0,0.0,0,100,0,,20,,1,,,,1.0,10.0,0.1,False,{},,,False,3,mixed,250,300,True,Ar_Aubin,,False,uniform,Argon-Aubin-Test2/20Td,3.0000000000000005e+21,8.618049999999999e+23,0.0,1.635431111111111e-13,1.6351222222222224e-13,0.0,0.0,0.0,0.0,0.0,2.2222222222222226e-19,0.0,4.444444444444445e-19,0.0,0.0,0.0,0.0,6.666666666666668e-19,6.666666666666668e-19,0.0,0.0,2.2222222222222226e-19,4.444444444444445e-19,0.0,1.1111111111111113e-18,8.88888888888889e-19,8.88888888888889e-19,6.666666666666668e-19,8.444444444444445e-18,5.1111111111111114e-18,1.088888888888889e-17,0.0,0.0,0.0,0.0,2.2222222222222226e-19,0.0,2836.5460691774647,1387.4028608173305,2211.856652906963,484.8947405279513,1662.3283806393997,1771.5689426710005,-512.9708599049994,3359.6839491487062,20447.679999999746,1.0223839999999874e+24,0.0,0.0
1.93e-05,163951.0,5.46504,3e+22,10370.5,-1293.75,16999.7,3.64772,3.64596,3.63414,0.00113851434,0.000653365765,0.44592087,0.0815620581,0.0829228227,0.244644234,0.000442965731,0.000556772032,0.000869201081,2676.96691,1733.40264,-485.043361,1053.23971,395.014535,-996.656063,5154.91165,-1132.46901,10094.8558,38600.0,163951.293291,5.46504311,-60.00000000000001,30000 3000,1e-06,2,0.0 0.0259,0.0 0.0,-1.0 0.0,0.00054857 28.0,80000,1000,5e-10,0.0,0.0 0.0 0.0,1000 1000000 0,0,0.0,0,100,0,,20,,1,,,,1.0,10.0,0.1,False,{},,,False,3,mixed,250,300,True,Ar_Aubin,,False,uniform,Argon-Aubin-Test2/20Td,3.0000000000000005e+21,8.499850000000001e+23,0.0,1.629071111111111e-13,1.628737777777778e-13,0.0,2.2222222222222226e-19,0.0,0.0,0.0,0.0,0.0,0.0,0.0,0.0,0.0,0.0,1.1111111111111113e-18,2.2222222222222226e-19,2.2222222222222226e-19,0.0,2.2222222222222226e-19,4.444444444444445e-19,0.0,2.2222222222222226e-19,2.2222222222222226e-19,4.444444444444445e-19,2.4444444444444447e-18,9.777777777777779e-18,8.666666666666667e-18,9.111111111111112e-18,0.0,0.0,0.0,0.0,0.0,0.0,2025.861740549695,2665.15994703703,1837.2147653930583,395.8598269584688,826.5901779516694,2514.334786260999,197.83516126529534,26.09150443930139,19359.6000000007,9.67980000000035e+23,0.0,0.0
1.935e-05,163836.0,5.46121,3e+22,617.081,-2637.89,16834.3,3.62133,3.65164,3.6478,0.0011791691,0.000594457868,0.446856423,0.0816906172,0.0831604501,0.245613649,0.000472866915,0.000554991716,0.000915609516,2020.44574,67.6355314,-1205.40097,-2317.64669,2532.12277,1090.23847,-813.263762,-1210.57517,8306.34018,38700.0,163836.349246,5.461211642,-60.00000000000001,30000 3000,1e-06,2,0.0 0.0259,0.0 0.0,-1.0 0.0,0.00054857 28.0,80000,1000,5e-10,0.0,0.0 0.0 0.0,1000 1000000 0,0,0.0,0,100,0,,20,,1,,,,1.0,10.0,0.1,False,{},,,False,3,mixed,250,300,True,Ar_Aubin,,False,uniform,Argon-Aubin-Test2/20Td,3.0000000000000005e+21,8.41715e+23,0.0,1.6260133333333333e-13,1.625708888888889e-13,0.0,0.0,0.0,0.0,0.0,0.0,0.0,0.0,0.0,2.2222222222222226e-19,0.0,0.0,6.666666666666668e-19,2.2222222222222226e-19,4.444444444444445e-19,0.0,0.0,0.0,0.0,2.2222222222222226e-19,1.1111111111111113e-18,6.666666666666668e-19,4.444444444444445e-19,6.8888888888888895e-18,9.111111111111112e-18,9.777777777777779e-18,2.2222222222222226e-19,0.0,0.0,0.0,4.444444444444445e-19,0.0,1284.6487513598627,2019.7180971526027,2377.0090666605515,2533.6908844654185,1341.7452520197992,783.8250982910995,-420.2459427570687,-2314.2618267413927,18711.059999999557,9.35552999999978e+23,0.0,0.0
1.94e-05,163853.0,5.46177,3e+22,3089.21,2899.92,9012.1,3.63429,3.66409,3.62459,0.00110824913,0.000576560899,0.447893146,0.0819139163,0.0833627103,0.246599955,0.000502552482,0.000542734446,0.000935013012,1633.42383,896.601323,-2603.11029,-2753.3282,3589.91121,2466.09133,1702.4975,2260.18928,3668.30898,38800.0,163853.015789,5.461767193,-60.00000000000001,30000 3000,1e-06,2,0.0 0.0259,0.0 0.0,-1.0 0.0,0.00054857 28.0,80000,1000,5e-10,0.0,0.0 0.0 0.0,1000 1000000 0,0,0.0,0,100,0,,20,,1,,,,1.0,10.0,0.1,False,{},,,False,3,mixed,250,300,True,Ar_Aubin,,False,uniform,Argon-Aubin-Test2/20Td,3.0000000000000005e+21,4.5060500000000006e+23,0.0,1.629731111111111e-13,1.6294155555555557e-13,0.0,0.0,0.0,0.0,0.0,2.2222222222222226e-19,0.0,0.0,0.0,0.0,0.0,0.0,4.444444444444445e-19,0.0,0.0,0.0,0.0,6.666666666666668e-19,0.0,1.1111111111111113e-18,6.666666666666668e-19,0.0,6.666666666666668e-19,1.088888888888889e-17,6.2222222222222225e-18,1.0666666666666668e-17,0.0,0.0,0.0,0.0,0.0,0.0,2234.6132363225415,1630.0002157051126,2022.8115768657074,3588.239229517772,586.9854257761764,-368.14884106660065,365.6965350133244,-2294.2364275391333,20734.460000000345,1.0367230000000173e+24,0.0,0.0
1.945e-05,163861.0,5.46202,3e+22,-8524.3,-2514.85,9026.49,3.65416,3.59657,3.6724,0.00122822452,0.00053793213,0.44900691,0.082164165,0.0834965779,0.247741119,0.000492539982,0.000596233924,0.000925645539,1153.92317,970.618597,-1557.36533,-1838.89769,915.229935,2277.99566,-2826.05107,-1286.0817,5234.03205,38900.0,163860.651716,5.462021724,-60.00000000000001,30000 3000,1e-06,2,0.0 0.0259,0.0 0.0,-1.0 0.0,0.00054857 28.0,80000,1000,5e-10,0.0,0.0 0.0 0.0,1000 1000000 0,0,0.0,0,100,0,,20,,1,,,,1.0,10.0,0.1,False,{},,,False,3,mixed,250,300,True,Ar_Aubin,,False,uniform,Argon-Aubin-Test2/20Td,3.0000000000000005e+21,4.513245e+23,0.0,1.6303866666666666e-13,1.6300444444444446e-13,0.0,0.0,0.0,0.0,0.0,0.0,0.0,0.0,0.0,0.0,0.0,2.2222222222222226e-19,4.444444444444445e-19,6.666666666666668e-19,2.2222222222222226e-19,0.0,2.2222222222222226e-19,4.444444444444445e-19,0.0,6.666666666666668e-19,8.88888888888889e-19,6.666666666666668e-19,1.1111111111111113e-18,8.444444444444445e-18,9.555555555555557e-18,1.0666666666666668e-17,0.0,0.0,0.0,0.0,0.0,0.0,2499.6838066261575,1164.392924275836,1339.106514937627,916.5827536171305,1422.2900602925415,1181.0756669541001,-32.09258247940071,-567.033353434535,22275.27999999923,1.1137639999999615e+24,0.0,0.0
1.95e-05,163868.0,5.46228,3e+22,-1897.64,1511.75,16758.1,3.64533,3.6415,3.6361,0.00103157434,0.000509660144,0.449955018,0.0823688574,0.0836929709,0.248685777,0.000462942795,0.000553736665,0.000899067123,2863.18624,-698.852792,-3771.57279,994.711731,2908.49337,-512.849278,-247.784942,96.9435424,9222.99102,39000.0,163868.330265,5.462277676,-60.00000000000001,30000 3000,1e-06,2,0.0 0.0259,0.0 0.0,-1.0 0.0,0.00054857 28.0,80000,1000,5e-10,0.0,0.0 0.0 0.0,1000 1000000 0,0,0.0,0,100,0,,20,,1,,,,1.0,10.0,0.1,False,{},,,False,3,mixed,250,300,True,Ar_Aubin,,False,uniform,Argon-Aubin-Test2/20Td,3.0000000000000005e+21,8.37905e+23,0.0,1.6302155555555556e-13,1.6299311111111112e-13,0.0,0.0,0.0,0.0,0.0,0.0,0.0,2.2222222222222226e-19,0.0,0.0,0.0,0.0,2.2222222222222226e-19,6.666666666666668e-19,2.2222222222222226e-19,2.2222222222222226e-19,2.2222222222222226e-19,6.666666666666668e-19,0.0,2e-18,2.2222222222222226e-19,6.666666666666668e-19,8.88888888888889e-19,6.6666666666666674e-18,6.8888888888888895e-18,8.666666666666667e-18,0.0,0.0,0.0,0.0,0.0,0.0,2051.367898525808,2865.143796730558,1964.2261751411095,2907.722891277308,923.4500436774985,1682.5998328542,896.4397357679009,-3182.7923175896344,18962.16000000006,9.481080000000031e+23,0.0,0.0
1.955e-05,163984.0,5.46613,3e+22,1525.29,-7120.25,18850.2,3.63417,3.64853,3.64723,0.00114848978,0.000604177729,0.450924137,0.0826458077,0.0839383706,0.249686023,0.00042034571,0.0005685058,0.000892958231,1786.93898,-77.5563584,-446.024054,1023.09264,1311.20545,-1323.18605,15.1312054,-2100.29173,9354.48377,39100.0,163983.794298,5.466126477,-60.00000000000001,30000 3000,1e-06,2,0.0 0.0259,0.0 0.0,-1.0 0.0,0.00054857 28.0,80000,1000,5e-10,0.0,0.0 0.0 0.0,1000 1000000 0,0,0.0,0,100,0,,20,,1,,,,1.0,10.0,0.1,False,{},,,False,3,mixed,250,300,True,Ar_Aubin,,False,uniform,Argon-Aubin-Test2/20Td,3.0000000000000005e+21,9.425100000000001e+23,0.0,1.6299777777777778e-13,1.6297022222222223e-13,0.0,0.0,0.0,0.0,0.0,0.0,0.0,0.0,0.0,0.0,0.0,0.0,0.0,0.0,0.0,0.0,0.0,4.444444444444445e-19,0.0,4.444444444444445e-19,2.2222222222222226e-19,8.88888888888889e-19,2.2222222222222226e-19,8.222222222222223e-18,8.88888888888889e-18,8e-18,0.0,0.0,2.2222222222222226e-19,0.0,0.0,0.0,2766.9541684419155,1785.1872000234637,2452.944227341741,1315.507346474912,1271.868941855603,854.4736027226008,-779.0115435356358,-1140.332187575686,19382.380000000365,9.691190000000183e+23,0.0,0.0
1.96e-05,164069.0,5.46895,3e+22,1392.04,-5523.07,13282.9,3.61173,3.68023,3.64475,0.00134300143,0.00042181255,0.451998032,0.0828356749,0.0841780813,0.250796915,0.000429416108,0.00064358096,0.000775651824,2522.45409,550.438506,-520.415947,114.384403,3443.3387,942.4233,-129.007602,-951.916392,8396.23725,39200.0,164068.556203,5.468951873,-60.00000000000001,30000 3000,1e-06,2,0.0 0.0259,0.0 0.0,-1.0 0.0,0.00054857 28.0,80000,1000,5e-10,0.0,0.0 0.0 0.0,1000 1000000 0,0,0.0,0,100,0,,20,,1,,,,1.0,10.0,0.1,False,{},,,False,3,mixed,250,300,True,Ar_Aubin,,False,uniform,Argon-Aubin-Test2/20Td,3.0000000000000005e+21,6.64145e+23,0.0,1.6288533333333332e-13,1.6285422222222224e-13,2.2222222222222226e-19,0.0,0.0,0.0,0.0,0.0,0.0,2.2222222222222226e-19,0.0,0.0,0.0,0.0,8.88888888888889e-19,0.0,0.0,0.0,0.0,6.666666666666668e-19,0.0,1.5555555555555556e-18,1.1111111111111113e-18,6.666666666666668e-19,8.88888888888889e-19,6.6666666666666674e-18,7.555555555555556e-18,1.0222222222222223e-17,0.0,0.0,0.0,0.0,4.444444444444445e-19,0.0,1893.8257593377473,2520.584578289383,2398.97804900871,3445.668400240528,1412.4839732174155,2392.3925907472003,-281.54160866731684,-1296.461843159827,21477.89999999983,1.0738949999999916e+24,0.0,0.0
1.965e-05,164067.0,5.46891,3e+22,6280.71,633.944,15225.4,3.62306,3.65429,3.65893,0.00143574877,0.000412975205,0.45313085,0.0830638988,0.0843898428,0.252016183,0.00039056243,0.000681677161,0.000759258195,3647.52717,1922.07889,-1747.15565,-693.586675,3105.65615,840.509604,3513.56356,-443.027456,9738.37318,39300.0,164067.303715,5.468910124,-60.00000000000001,30000 3000,1e-06,2,0.0 0.0259,0.0 0.0,-1.0 0.0,0.00054857 28.0,80000,1000,5e-10,0.0,0.0 0.0 0.0,1000 1000000 0,0,0.0,0,100,0,,20,,1,,,,1.0,10.0,0.1,False,{},,,False,3,mixed,250,300,True,Ar_Aubin,,False,uniform,Argon-Aubin-Test2/20Td,3.0000000000000005e+21,7.6127e+23,0.0,1.632311111111111e-13,1.6319622222222223e-13,0.0,0.0,0.0,0.0,0.0,0.0,0.0,0.0,0.0,0.0,0.0,2.2222222222222226e-19,2.2222222222222226e-19,6.666666666666668e-19,0.0,0.0,0.0,8.88888888888889e-19,2.2222222222222226e-19,6.666666666666668e-19,8.88888888888889e-19,2.2222222222222226e-19,8.88888888888889e-19,8.444444444444445e-18,1.0222222222222223e-17,1.0666666666666668e-17,0.0,0.0,2.2222222222222226e-19,0.0,4.444444444444445e-19,0.0,2279.6617831041813,3638.5096483427733,2117.688773073945,3105.3943468466414,1939.217101505353,2839.2747364100014,-109.03712406737593,-1101.4354002262576,22656.3599999996,1.1328179999999801e+24,0.0,0.0
1.97e-05,163910.0,5.46368,3e+22,-7588.72,4491.36,10633.1,3.61673,3.63856,3.67098,0.00141702267,0.000392622746,0.454171369,0.0832662593,0.0845404725,0.253103479,0.000396782755,0.000679828362,0.000734425702,-259.944497,-349.419158,-1612.05049,828.56408,2072.33563,-176.512312,-2705.23965,1394.39161,5185.58543,39400.0,163910.253797,5.463675127,-60.00000000000001,30000 3000,1e-06,2,0.0 0.0259,0.0 0.0,-1.0 0.0,0.00054857 28.0,80000,1000,5e-10,0.0,0.0 0.0 0.0,1000 1000000 0,0,0.0,0,100,0,,20,,1,,,,1.0,10.0,0.1,False,{},,,False,3,mixed,250,300,True,Ar_Aubin,,False,uniform,Argon-Aubin-Test2/20Td,3.0000000000000005e+21,5.31655e+23,0.0,1.6306088888888888e-13,1.6302622222222224e-13,0.0,0.0,0.0,0.0,0.0,0.0,0.0,0.0,0.0,0.0,0.0,0.0,4.444444444444445e-19,6.666666666666668e-19,0.0,0.0,0.0,6.666666666666668e-19,2.2222222222222226e-19,8.88888888888889e-19,1.3333333333333336e-18,8.88888888888889e-19,1.5555555555555556e-18,1e-17,8e-18,9.555555555555557e-18,0.0,2.2222222222222226e-19,0.0,0.0,2.2222222222222226e-19,0.0,2024.139212832704,-249.1911087237176,1506.4609589926504,2070.5722199035254,1432.308023883444,356.3358462860997,103.24271197238635,-885.7781323946974,20810.38000000035,1.0405190000000176e+24,0.0,0.0
1.975e-05,163998.0,5.4666,3e+22,-979.792,208.005,25166.1,3.65294,3.62516,3.65149,0.00125368753,0.000429858866,0.455312701,0.0834475636,0.0847632304,0.254234554,0.000383801342,0.000590623805,0.000759243405,1042.85368,-2968.19213,2941.09893,236.166726,99.9200103,-180.526462,-126.170055,836.610377,12731.9759,39500.0,163998.057375,5.466601913,-60.00000000000001,30000 3000,1e-06,2,0.0 0.0259,0.0 0.0,-1.0 0.0,0.00054857 28.0,80000,1000,5e-10,0.0,0.0 0.0 0.0,1000 1000000 0,0,0.0,0,100,0,,20,,1,,,,1.0,10.0,0.1,False,{},,,False,3,mixed,250,300,True,Ar_Aubin,,False,uniform,Argon-Aubin-Test2/20Td,3.0000000000000005e+21,1.258305e+24,0.0,1.6281155555555555e-13,1.627777777777778e-13,0.0,0.0,2.2222222222222226e-19,0.0,0.0,0.0,0.0,0.0,0.0,2.2222222222222226e-19,0.0,0.0,8.88888888888889e-19,2.2222222222222226e-19,0.0,0.0,4.444444444444445e-19,2.2222222222222226e-19,0.0,0.0,6.666666666666668e-19,2.2222222222222226e-19,1.3333333333333336e-18,1.2444444444444445e-17,7.111111111111112e-18,9.555555555555557e-18,0.0,0.0,0.0,0.0,2.2222222222222226e-19,0.0,1817.4052082441106,1044.0820330123936,2227.2727397600056,99.83059750657767,930.5172741874701,1273.5309353639004,-329.0657311276653,3229.4901911894594,22826.639999999898,1.141331999999995e+24,0.0,0.0
1.98e-05,164220.0,5.474,3e+22,1068.6,268.965,24072.9,3.6468,3.6501,3.64779,0.00132670934,0.000311758282,0.456406819,0.0836902243,0.0848979739,0.255348191,0.000400877578,0.000646915051,0.000694683501,3187.5552,496.966685,-497.520221,1056.29601,923.470224,266.359761,638.046973,996.582739,12446.5269,39600.0,164219.888153,5.473996272,-60.00000000000001,30000 3000,1e-06,2,0.0 0.0259,0.0 0.0,-1.0 0.0,0.00054857 28.0,80000,1000,5e-10,0.0,0.0 0.0 0.0,1000 1000000 0,0,0.0,0,100,0,,20,,1,,,,1.0,10.0,0.1,False,{},,,False,3,mixed,250,300,True,Ar_Aubin,,False,uniform,Argon-Aubin-Test2/20Td,3.0000000000000005e+21,1.2036450000000001e+24,0.0,1.6319377777777778e-13,1.6316444444444445e-13,0.0,0.0,0.0,0.0,0.0,0.0,0.0,0.0,0.0,2.2222222222222226e-19,0.0,0.0,2.2222222222222226e-19,0.0,0.0,2.2222222222222226e-19,6.666666666666668e-19,0.0,2.2222222222222226e-19,2e-18,4.444444444444445e-19,0.0,1.1111111111111113e-18,1.0666666666666668e-17,6.2222222222222225e-18,6.6666666666666674e-18,0.0,0.0,4.444444444444445e-19,2.2222222222222226e-19,0.0,0.0,2424.722747500496,3186.137478399276,1348.3108541828549,923.3863719336819,1161.0826221661318,1459.4911868949002,431.8382377465789,-379.12731605428604,21882.360000000655,1.0941180000000328e+24,0.0,0.0
1.985e-05,164527.0,5.48422,3e+22,553.13,7214.43,17129.5,3.68793,3.63765,3.6409,0.00136789829,0.000309314703,0.457461318,0.0839377464,0.0850988264,0.256412866,0.000429582091,0.000697083506,0.000697355283,620.369229,-306.163314,-259.98337,-925.020087,932.118139,1019.65933,-1283.95917,2689.1054,9475.17722,39700.0,164526.625361,5.484220845,-60.00000000000001,30000 3000,1e-06,2,0.0 0.0259,0.0 0.0,-1.0 0.0,0.00054857 28.0,80000,1000,5e-10,0.0,0.0 0.0 0.0,1000 1000000 0,0,0.0,0,100,0,,20,,1,,,,1.0,10.0,0.1,False,{},,,False,3,mixed,250,300,True,Ar_Aubin,,False,uniform,Argon-Aubin-Test2/20Td,3.0000000000000005e+21,8.56475e+23,0.0,1.6342466666666666e-13,1.6339822222222224e-13,0.0,0.0,2.2222222222222226e-19,0.0,0.0,0.0,0.0,0.0,0.0,0.0,0.0,0.0,2.2222222222222226e-19,2.2222222222222226e-19,4.444444444444445e-19,0.0,2.2222222222222226e-19,8.88888888888889e-19,0.0,0.0,6.666666666666668e-19,1.1111111111111113e-18,8.88888888888889e-19,6.0000000000000004e-18,6.2222222222222225e-18,8.666666666666667e-18,0.0,0.0,0.0,0.0,6.666666666666668e-19,0.0,2474.1111194104274,619.6126034188524,2008.5401764088906,929.8866097272357,1010.0196340168122,1639.093573319,598.5417994728671,-1820.409532583895,21089.97999999973,1.0544989999999865e+24,0.0,0.0
1.99e-05,164695.0,5.48982,3e+22,-7245.14,-1874.99,21640.7,3.65446,3.63061,3.6916,0.0013308891,0.000275795674,0.458557396,0.0842447671,0.0852933595,0.257502057,0.000484128662,0.000636587368,0.000693182189,3799.70366,705.347473,-2489.62156,-108.817093,2711.03852,-899.793407,-4338.41849,-1200.79124,11936.4911,39800.0,164694.710429,5.489823681,-60.00000000000001,30000 3000,1e-06,2,0.0 0.0259,0.0 0.0,-1.0 0.0,0.00054857 28.0,80000,1000,5e-10,0.0,0.0 0.0 0.0,1000 1000000 0,0,0.0,0,100,0,,20,,1,,,,1.0,10.0,0.1,False,{},,,False,3,mixed,250,300,True,Ar_Aubin,,False,uniform,Argon-Aubin-Test2/20Td,3.0000000000000005e+21,1.0820350000000001e+24,0.0,1.639231111111111e-13,1.6389244444444447e-13,2.2222222222222226e-19,0.0,0.0,0.0,0.0,0.0,0.0,0.0,0.0,0.0,0.0,0.0,2.2222222222222226e-19,6.666666666666668e-19,2.2222222222222226e-19,0.0,0.0,4.444444444444445e-19,0.0,4.444444444444445e-19,2.2222222222222226e-19,2.2222222222222226e-19,1.1111111111111113e-18,1.2000000000000001e-17,4.666666666666667e-18,9.777777777777779e-18,0.0,0.0,0.0,2.2222222222222226e-19,2.2222222222222226e-19,0.0,3071.205799353022,3809.346137853974,1945.5271233170813,2711.5556341307934,851.6303999628328,2012.9880603827987,-900.492468548749,-3534.5288896909296,21921.56000000001,1.0960780000000004e+24,0.0,0.0
1.995e-05,164425.0,5.48082,3e+22,2662.08,5240.95,15917.2,3.67955,3.64179,3.63866,0.0013752417,0.000371340228,0.459485142,0.0844335349,0.0855708773,0.258485632,0.000483845667,0.000699226226,0.000685090542,1866.82205,-342.750209,87.7889138,-420.131817,2910.77427,-2076.58677,1095.23248,1415.93949,8962.44923,39900.0,164424.717242,5.480823908,-60.00000000000001,30000 3000,1e-06,2,0.0 0.0259,0.0 0.0,-1.0 0.0,0.00054857 28.0,80000,1000,5e-10,0.0,0.0 0.0 0.0,1000 1000000 0,0,0.0,0,100,0,,20,,1,,,,1.0,10.0,0.1,False,{},,,False,3,mixed,250,300,True,Ar_Aubin,,False,uniform,Argon-Aubin-Test2/20Td,3.0000000000000005e+21,7.9586e+23,0.0,1.6389377777777777e-13,1.638606666666667e-13,0.0,0.0,0.0,0.0,0.0,0.0,2.2222222222222226e-19,0.0,0.0,0.0,0.0,0.0,2.2222222222222226e-19,6.666666666666668e-19,0.0,0.0,6.666666666666668e-19,2.2222222222222226e-19,2.2222222222222226e-19,2.2222222222222226e-19,1.1111111111111113e-18,4.444444444444445e-19,2e-18,9.777777777777779e-18,6.2222222222222225e-18,1.1111111111111113e-17,0.0,0.0,0.0,0.0,0.0,0.0,1886.4777606306116,1863.161046575264,2774.559696888668,2908.828094432063,1318.6470754067425,1648.7323277575997,820.4954050392445,-62.05481020260004,18554.920000000144,9.277460000000071e+23,0.0,0.0
2e-05,164500.0,5.48334,3e+22,-193.583,3223.18,14183.8,3.69277,3.63148,3.64122,0.00127978472,0.000465783492,0.460458381,0.0847295214,0.0858438056,0.259473431,0.00050254501,0.000652454809,0.000721201769,2584.85208,11.1628468,2484.32618,1414.13863,521.463581,-293.422622,600.081424,1077.47704,6855.20004,40000.0,164500.233147,5.483341105,-60.00000000000001,30000 3000,1e-06,2,0.0 0.0259,0.0 0.0,-1.0 0.0,0.00054857 28.0,80000,1000,5e-10,0.0,0.0 0.0 0.0,1000 1000000 0,0,0.0,0,100,0,,20,,1,,,,1.0,10.0,0.1,False,{},,,False,3,mixed,250,300,True,Ar_Aubin,,False,uniform,Argon-Aubin-Test2/20Td,3.0000000000000005e+21,7.0919e+23,0.0,1.6381422222222221e-13,1.6378622222222223e-13,0.0,0.0,0.0,0.0,0.0,0.0,0.0,0.0,0.0,0.0,2.2222222222222226e-19,2.2222222222222226e-19,6.666666666666668e-19,4.444444444444445e-19,0.0,0.0,2.2222222222222226e-19,6.666666666666668e-19,2.2222222222222226e-19,2.2222222222222226e-19,2.2222222222222226e-19,2.2222222222222226e-19,1.1111111111111113e-18,9.111111111111112e-18,4e-18,1e-17,0.0,0.0,0.0,0.0,4.444444444444445e-19,0.0,2962.3994080386906,2585.099824565452,2728.4923930351315,519.9622769642555,924.7408561893767,324.15045557219946,-83.11778781833722,3155.392308257587,19464.780000000294,9.732390000000147e+23,0.0,0.0
2.005e-05,164550.0,5.485,3e+22,-2057.78,1417.24,13356.8,3.67349,3.63875,3.6567,0.00122519993,0.00045414855,0.461503859,0.0849677948,0.086054432,0.260563162,0.000493825652,0.000583088657,0.000731799582,804.981241,1253.78174,-193.167561,-509.422846,2454.03222,2119.02841,-893.910698,1000.41193,8011.39861,40100.0,164549.868228,5.484995608,-60.00000000000001,30000 3000,1e-06,2,0.0 0.0259,0.0 0.0,-1.0 0.0,0.00054857 28.0,80000,1000,5e-10,0.0,0.0 0.0 0.0,1000 1000000 0,0,0.0,0,100,0,,20,,1,,,,1.0,10.0,0.1,False,{},,,False,3,mixed,250,300,True,Ar_Aubin,,False,uniform,Argon-Aubin-Test2/20Td,3.0000000000000005e+21,6.6784e+23,0.0,1.6367266666666666e-13,1.636417777777778e-13,0.0,0.0,0.0,0.0,0.0,4.444444444444445e-19,0.0,0.0,0.0,0.0,0.0,0.0,4.444444444444445e-19,6.666666666666668e-19,2.2222222222222226e-19,0.0,2.2222222222222226e-19,2.2222222222222226e-19,2.2222222222222226e-19,4.444444444444445e-19,4.444444444444445e-19,8.88888888888889e-19,2e-18,7.777777777777779e-18,5.1111111111111114e-18,1.088888888888889e-17,0.0,0.0,2.2222222222222226e-19,2.2222222222222226e-19,4.444444444444445e-19,0.0,2384.1013406107613,807.5024329119553,2106.371033559484,2453.388582508998,1258.3976124933006,1847.1838661088004,-910.2609508358306,-153.76959845200406,20909.559999999772,1.0454779999999887e+24,0.0,0.0
2.01e-05,164306.0,5.47686,3e+22,-8494.23,-3308.29,26879.7,3.63788,3.67602,3.63524,0.00131623125,0.000386779784,0.462545564,0.0852138263,0.0862475867,0.261668912,0.000518295511,0.00063241812,0.000748192047,1798.93413,-1006.44237,-1491.94943,-328.353134,1254.5601,-362.028212,-4274.31185,-747.159499,15702.299,40200.0,164305.88576,5.476862859,-60.00000000000001,30000 3000,1e-06,2,0.0 0.0259,0.0 0.0,-1.0 0.0,0.00054857 28.0,80000,1000,5e-10,0.0,0.0 0.0 0.0,1000 1000000 0,0,0.0,0,100,0,,20,,1,,,,1.0,10.0,0.1,False,{},,,False,3,mixed,250,300,True,Ar_Aubin,,False,uniform,Argon-Aubin-Test2/20Td,3.0000000000000005e+21,1.343985e+24,0.0,1.638291111111111e-13,1.637926666666667e-13,0.0,0.0,0.0,0.0,0.0,0.0,0.0,0.0,0.0,0.0,0.0,0.0,6.666666666666668e-19,2.2222222222222226e-19,0.0,0.0,4.444444444444445e-19,6.666666666666668e-19,2.2222222222222226e-19,6.666666666666668e-19,1.3333333333333336e-18,2.2222222222222226e-19,1.777777777777778e-18,1.088888888888889e-17,8.666666666666667e-18,1.0444444444444445e-17,0.0,0.0,0.0,0.0,2.2222222222222226e-19,0.0,2458.001501650098,1810.1145009706877,1932.1135230415678,1255.8396796916093,1431.6309581374753,3269.2130033491994,118.94065711709436,-1872.6727750349041,20834.10000000008,1.041705000000004e+24,0.0,0.0
2.015e-05,164355.0,5.47849,3e+22,-5242.55,-1925.28,23798.5,3.6202,3.62543,3.70795,0.00124781391,0.0003174587,0.463636023,0.0854852888,0.086370599,0.262833548,0.000508356479,0.000606356238,0.000669419771,1787.65385,283.078443,-803.8097,-1911.58387,239.660089,-145.588982,-1593.82138,340.189299,10677.7854,40300.0,164354.681181,5.478489373,-60.00000000000001,30000 3000,1e-06,2,0.0 0.0259,0.0 0.0,-1.0 0.0,0.00054857 28.0,80000,1000,5e-10,0.0,0.0 0.0 0.0,1000 1000000 0,0,0.0,0,100,0,,20,,1,,,,1.0,10.0,0.1,False,{},,,False,3,mixed,250,300,True,Ar_Aubin,,False,uniform,Argon-Aubin-Test2/20Td,3.0000000000000005e+21,1.189925e+24,0.0,1.6370777777777778e-13,1.6367555555555557e-13,0.0,0.0,0.0,0.0,0.0,0.0,0.0,2.2222222222222226e-19,0.0,0.0,0.0,0.0,6.666666666666668e-19,4.444444444444445e-19,0.0,0.0,2.2222222222222226e-19,4.444444444444445e-19,2.2222222222222226e-19,6.666666666666668e-19,1.3333333333333336e-18,6.666666666666668e-19,1.777777777777778e-18,8.222222222222223e-18,8.222222222222223e-18,8e-18,0.0,2.2222222222222226e-19,0.0,2.2222222222222226e-19,6.666666666666668e-19,0.0,2716.3792514948996,1794.1955768138705,1230.611185751157,240.271285885936,1546.7295282156624,-356.0564933654987,84.47130418390249,3.3078530415150453,21809.179999999764,1.0904589999999882e+24,0.0,0.0
2.02e-05,164814.0,5.49382,3e+22,-27.8921,6406.82,20739.8,3.65512,3.66082,3.66901,0.00124011356,0.000189323702,0.464814689,0.0856286129,0.0865130178,0.264070072,0.000460962478,0.000630207955,0.000586312913,1592.44856,-617.928993,-108.943049,-3192.12014,1983.17346,-1512.51581,550.620856,4060.03016,9659.40392,40400.0,164814.451009,5.493815034,-60.00000000000001,30000 3000,1e-06,2,0.0 0.0259,0.0 0.0,-1.0 0.0,0.00054857 28.0,80000,1000,5e-10,0.0,0.0 0.0 0.0,1000 1000000 0,0,0.0,0,100,0,,20,,1,,,,1.0,10.0,0.1,False,{},,,False,3,mixed,250,300,True,Ar_Aubin,,False,uniform,Argon-Aubin-Test2/20Td,3.0000000000000005e+21,1.03699e+24,0.0,1.6381755555555555e-13,1.6378977777777779e-13,0.0,0.0,0.0,0.0,0.0,0.0,0.0,0.0,0.0,0.0,0.0,0.0,2.2222222222222226e-19,4.444444444444445e-19,0.0,0.0,0.0,4.444444444444445e-19,0.0,2.2222222222222226e-19,1.5555555555555556e-18,6.666666666666668e-19,1.3333333333333336e-18,1e-17,4.666666666666667e-18,7.555555555555556e-18,0.0,0.0,0.0,2.2222222222222226e-19,4.444444444444445e-19,0.0,1433.4325791227898,1592.4831493714269,1424.8373656204628,1981.9604971195524,1421.9071308982368,19.24023307780044,519.2039392079421,428.92275757536896,23573.319999999898,1.1786659999999949e+24,0.0,0.0
2.025e-05,164396.0,5.47988,3e+22,5158.66,-5824.93,22609.2,3.65291,3.63208,3.67152,0.00125837494,0.000165688844,0.465759939,0.0858261097,0.0867025464,0.265090111,0.000417498881,0.000661760395,0.000574992592,3908.74149,1331.00285,-1110.49907,179.934422,3963.45368,-74.5745914,3603.69449,-3521.22112,10288.0833,40500.0,164396.34993,5.479878331,-60.00000000000001,30000 3000,1e-06,2,0.0 0.0259,0.0 0.0,-1.0 0.0,0.00054857 28.0,80000,1000,5e-10,0.0,0.0 0.0 0.0,1000 1000000 0,0,0.0,0,100,0,,20,,1,,,,1.0,10.0,0.1,False,{},,,False,3,mixed,250,300,True,Ar_Aubin,,False,uniform,Argon-Aubin-Test2/20Td,3.0000000000000005e+21,1.1304600000000002e+24,4.444444444444444e-19,1.6378777777777777e-13,1.6375155555555557e-13,0.0,0.0,2.2222222222222226e-19,0.0,0.0,0.0,2.2222222222222226e-19,0.0,0.0,2.2222222222222226e-19,0.0,0.0,6.666666666666668e-19,0.0,0.0,0.0,0.0,4.444444444444445e-19,2.2222222222222226e-19,1.1111111111111113e-18,1.1111111111111113e-18,8.88888888888889e-19,1.1111111111111113e-18,9.111111111111112e-18,6.6666666666666674e-18,1.3555555555555557e-17,0.0,0.0,0.0,0.0,2.2222222222222226e-19,4.444444444444445e-19,1974.5117415208292,3902.2499615320194,1895.3699067111863,3964.418805918081,1404.133328830326,-242.3763128388,437.4960684510828,62.0474023848119,18905.00000000017,9.452500000000087e+23,2.3509359663815942e-23,1.9657681140617288e-23
2.03e-05,164600.0,5.48667,3e+22,-3761.84,-3844.2,23302.2,3.64733,3.661,3.66178,0.00121532358,0.000106804445,0.466900815,0.0860949022,0.086850493,0.266265999,0.000444613936,0.000690982963,0.000586476268,221.215049,296.322985,2185.13393,2096.66239,2474.32638,867.645838,-2541.60885,-1374.50968,10682.9423,40600.0,164600.23398,5.486674466,-60.00000000000001,30000 3000,1e-06,2,0.0 0.0259,0.0 0.0,-1.0 0.0,0.00054857 28.0,80000,1000,5e-10,0.0,0.0 0.0 0.0,1000 1000000 0,0,0.0,0,100,0,,20,,1,,,,1.0,10.0,0.1,False,{},,,False,3,mixed,250,300,True,Ar_Aubin,,False,uniform,Argon-Aubin-Test2/20Td,3.0000000000000005e+21,1.1651100000000001e+24,0.0,1.6373155555555556e-13,1.6370022222222224e-13,0.0,0.0,0.0,0.0,0.0,2.2222222222222226e-19,0.0,0.0,0.0,0.0,0.0,0.0,4.444444444444445e-19,4.444444444444445e-19,0.0,0.0,2.2222222222222226e-19,0.0,2.2222222222222226e-19,4.444444444444445e-19,4.444444444444445e-19,4.444444444444445e-19,1.5555555555555556e-18,9.111111111111112e-18,6.2222222222222225e-18,1.088888888888889e-17,0.0,0.0,2.2222222222222226e-19,2.2222222222222226e-19,2.2222222222222226e-19,0.0,2688.9899608552314,225.7869018561872,1479.6264560355821,2474.736957647469,1118.3772961942395,-196.87387129300078,957.752666056219,1371.611528773724,22817.52000000026,1.1408760000000131e+24,0.0,0.0
2.035e-05,164629.0,5.48765,3e+22,1426.37,-5021.67,16966.5,3.66947,3.66901,3.63503,0.00132588229,2.73816827e-05,0.467944986,0.0862330415,0.0870453956,0.267368252,0.000452886374,0.000711868238,0.000566911012,4060.38091,1181.27473,-1442.37482,1814.39502,1952.28516,-1520.85689,900.083145,-2356.18102,9085.16408,40700.0,164629.496992,5.4876499,-60.00000000000001,30000 3000,1e-06,2,0.0 0.0259,0.0 0.0,-1.0 0.0,0.00054857 28.0,80000,1000,5e-10,0.0,0.0 0.0 0.0,1000 1000000 0,0,0.0,0,100,0,,20,,1,,,,1.0,10.0,0.1,False,{},,,False,3,mixed,250,300,True,Ar_Aubin,,False,uniform,Argon-Aubin-Test2/20Td,3.0000000000000005e+21,8.483250000000001e+23,0.0,1.6359355555555554e-13,1.6356244444444446e-13,0.0,0.0,0.0,0.0,0.0,0.0,0.0,2.2222222222222226e-19,0.0,2.2222222222222226e-19,0.0,0.0,6.666666666666668e-19,2.2222222222222226e-19,2.2222222222222226e-19,0.0,2.2222222222222226e-19,1.5555555555555556e-18,2.2222222222222226e-19,4.444444444444445e-19,1.1111111111111113e-18,6.666666666666668e-19,1.5555555555555556e-18,9.777777777777779e-18,5.1111111111111114e-18,8.666666666666667e-18,0.0,0.0,0.0,0.0,2.2222222222222226e-19,0.0,1378.5834755715432,4058.4897112780127,1949.132574329271,1952.422661774564,1261.141251240605,1145.7754750310005,-642.3824928196041,-1232.249946554105,20883.419999999653,1.0441709999999826e+24,0.0,0.0
2.04e-05,164488.0,5.48293,3e+22,5355.06,2540.34,10382.7,3.65299,3.63214,3.67992,0.00136012027,-5.572002e-05,0.468941953,0.0864328818,0.0872191787,0.268477005,0.000490317078,0.000725126097,0.00051507761,2761.7162,62.6983224,378.769392,-729.429361,2282.92136,234.019181,1958.00999,-62.7556908,6622.45236,40800.0,164487.980224,5.482932674,-60.00000000000001,30000 3000,1e-06,2,0.0 0.0259,0.0 0.0,-1.0 0.0,0.00054857 28.0,80000,1000,5e-10,0.0,0.0 0.0 0.0,1000 1000000 0,0,0.0,0,100,0,,20,,1,,,,1.0,10.0,0.1,False,{},,,False,3,mixed,250,300,True,Ar_Aubin,,False,uniform,Argon-Aubin-Test2/20Td,3.0000000000000005e+21,5.1913500000000007e+23,0.0,1.6374133333333334e-13,1.6370822222222224e-13,2.2222222222222226e-19,0.0,0.0,0.0,0.0,0.0,0.0,0.0,0.0,0.0,0.0,0.0,2.2222222222222226e-19,0.0,0.0,0.0,4.444444444444445e-19,8.88888888888889e-19,2.2222222222222226e-19,2.2222222222222226e-19,1.1111111111111113e-18,0.0,1.1111111111111113e-18,1.1111111111111113e-17,8.444444444444445e-18,8.666666666666667e-18,0.0,0.0,2.2222222222222226e-19,0.0,2.2222222222222226e-19,0.0,1997.483366980718,2754.4326743469337,1737.8074503590635,2283.0629077956064,1747.0763908597476,1753.5687445868998,-82.39254193978746,-188.55463355950906,19939.340000000306,9.969670000000154e+23,0.0,0.0
2.045e-05,164615.0,5.48715,3e+22,-7374.39,2524.21,27898.3,3.65824,3.65238,3.65891,0.00131155817,-8.71622242e-05,0.470064411,0.0866274421,0.0874844733,0.269641627,0.000540995816,0.000758513291,0.000471552852,677.820099,426.197441,778.813825,555.433007,3027.00518,-1537.15419,-4827.27956,730.331032,13786.8584,40900.0,164614.585894,5.487152863,-60.00000000000001,30000 3000,1e-06,2,0.0 0.0259,0.0 0.0,-1.0 0.0,0.00054857 28.0,80000,1000,5e-10,0.0,0.0 0.0 0.0,1000 1000000 0,0,0.0,0,100,0,,20,,1,,,,1.0,10.0,0.1,False,{},,,False,3,mixed,250,300,True,Ar_Aubin,,False,uniform,Argon-Aubin-Test2/20Td,3.0000000000000005e+21,1.394915e+24,0.0,1.6371333333333333e-13,1.6368111111111112e-13,0.0,0.0,0.0,0.0,0.0,0.0,0.0,2.2222222222222226e-19,0.0,4.444444444444445e-19,0.0,0.0,4.444444444444445e-19,4.444444444444445e-19,0.0,2.2222222222222226e-19,2.2222222222222226e-19,6.666666666666668e-19,0.0,4.444444444444445e-19,6.666666666666668e-19,2.2222222222222226e-19,8.88888888888889e-19,8.666666666666667e-18,9.111111111111112e-18,9.111111111111112e-18,0.0,0.0,0.0,0.0,4.444444444444445e-19,0.0,1946.900423155651,687.4920404532663,2652.901074673142,3027.225195757948,1106.2679467729874,672.8604425986996,1093.756621107988,-618.6176864598206,22449.159999999858,1.1224579999999929e+24,0.0,0.0
2.05e-05,164571.0,5.48572,3e+22,2137.39,5760.03,23474.9,3.65214,3.67577,3.64017,0.00119183158,-0.000191802755,0.471156782,0.0868554793,0.0877803515,0.270810856,0.000581036977,0.000683086773,0.000404619952,2807.10209,994.820181,-315.515001,-1860.13665,2881.26632,1786.91315,1401.74947,3511.65441,10698.1473,41000.0,164571.46342,5.485715447,-60.00000000000001,30000 3000,1e-06,2,0.0 0.0259,0.0 0.0,-1.0 0.0,0.00054857 28.0,80000,1000,5e-10,0.0,0.0 0.0 0.0,1000 1000000 0,0,0.0,0,100,0,,20,,1,,,,1.0,10.0,0.1,False,{},,,False,3,mixed,250,300,True,Ar_Aubin,,False,uniform,Argon-Aubin-Test2/20Td,3.0000000000000005e+21,1.1737450000000002e+24,0.0,1.6361955555555556e-13,1.6358533333333335e-13,0.0,0.0,0.0,0.0,0.0,0.0,0.0,2.2222222222222226e-19,0.0,0.0,2.2222222222222226e-19,2.2222222222222226e-19,0.0,1.1111111111111113e-18,2.2222222222222226e-19,0.0,2.2222222222222226e-19,6.666666666666668e-19,2.2222222222222226e-19,4.444444444444445e-19,1.3333333333333336e-18,2.2222222222222226e-19,1.1111111111111113e-18,9.111111111111112e-18,8.444444444444445e-18,1e-17,0.0,0.0,2.2222222222222226e-19,0.0,2.2222222222222226e-19,0.0,2283.3692231821747,2804.5546810992237,2958.4900895650303,2882.3711096228826,1410.66264181422,-362.2110417717995,-408.9846249097514,51.21054756367812,21847.41999999962,1.0923709999999811e+24,0.0,0.0
2.055e-05,164759.0,5.49196,3e+22,6758.76,2422.29,15383.7,3.64158,3.65834,3.68236,0.00114200375,-0.000183629054,0.472193076,0.0870653626,0.0879794279,0.271867475,0.000552970429,0.000672968258,0.00038002827,2911.81309,-627.047531,-316.554425,472.202304,1457.14899,306.235591,1365.18039,1359.23177,7021.1504,41100.0,164758.801652,5.491960055,-60.00000000000001,30000 3000,1e-06,2,0.0 0.0259,0.0 0.0,-1.0 0.0,0.00054857 28.0,80000,1000,5e-10,0.0,0.0 0.0 0.0,1000 1000000 0,0,0.0,0,100,0,,20,,1,,,,1.0,10.0,0.1,False,{},,,False,3,mixed,250,300,True,Ar_Aubin,,False,uniform,Argon-Aubin-Test2/20Td,3.0000000000000005e+21,7.69185e+23,0.0,1.6370644444444444e-13,1.6367822222222224e-13,0.0,0.0,0.0,0.0,0.0,0.0,0.0,0.0,0.0,2.2222222222222226e-19,2.2222222222222226e-19,2.2222222222222226e-19,4.444444444444445e-19,2.2222222222222226e-19,0.0,2.2222222222222226e-19,0.0,4.444444444444445e-19,0.0,8.88888888888889e-19,2.2222222222222226e-19,4.444444444444445e-19,1.5555555555555556e-18,7.333333333333334e-18,7.555555555555556e-18,7.777777777777779e-18,0.0,0.0,0.0,2.2222222222222226e-19,2.2222222222222226e-19,0.0,2099.995899500773,2904.0945607346503,1990.7946866734583,1457.5937928212136,790.3120225377647,-242.9262232612,243.49506805480945,-2160.3819524346354,20725.879999999863,1.0362939999999932e+24,0.0,0.0
2.06e-05,164268.0,5.47561,3e+22,3532.77,-8019.74,11767.3,3.65574,3.64685,3.64741,0.00124908881,-9.18570337e-05,0.473060855,0.0872067444,0.0882207444,0.272762889,0.000627315968,0.000702240532,0.000399066116,-642.009294,2178.06252,-20.660695,500.686597,1996.29367,2104.57174,3406.661,-5665.58145,5981.9089,41200.0,164268.375989,5.475612533,-60.00000000000001,30000 3000,1e-06,2,0.0 0.0259,0.0 0.0,-1.0 0.0,0.00054857 28.0,80000,1000,5e-10,0.0,0.0 0.0 0.0,1000 1000000 0,0,0.0,0,100,0,,20,,1,,,,1.0,10.0,0.1,False,{},,,False,3,mixed,250,300,True,Ar_Aubin,,False,uniform,Argon-Aubin-Test2/20Td,3.0000000000000005e+21,5.8836500000000005e+23,0.0,1.6384799999999999e-13,1.638128888888889e-13,0.0,0.0,0.0,0.0,0.0,0.0,0.0,0.0,0.0,0.0,0.0,0.0,8.88888888888889e-19,2.2222222222222226e-19,0.0,0.0,0.0,6.666666666666668e-19,0.0,1.3333333333333336e-18,2.2222222222222226e-19,4.444444444444445e-19,1.777777777777778e-18,1.0222222222222223e-17,1.1333333333333335e-17,7.555555555555556e-18,0.0,0.0,0.0,0.0,4.444444444444445e-19,0.0,1411.257497097307,-646.4220374753037,2413.417819148306,1995.5570004725548,751.4248901072108,415.259900958501,-447.529658269951,1700.0867055277372,17355.58000000026,8.67779000000013e+23,0.0,0.0
2.065e-05,164350.0,5.47832,3e+22,-1772.58,356.522,22357.1,3.64032,3.67769,3.63577,0.00116246374,-9.03758806e-05,0.474074276,0.0873869804,0.0884271748,0.273843818,0.0006092756,0.000693156026,0.000372298856,1011.58819,-2211.59762,-1166.13362,-79.0019499,3285.06101,-156.050121,-1952.95912,21.3822102,13400.0787,41300.0,164349.703823,5.478323461,-60.00000000000001,30000 3000,1e-06,2,0.0 0.0259,0.0 0.0,-1.0 0.0,0.00054857 28.0,80000,1000,5e-10,0.0,0.0 0.0 0.0,1000 1000000 0,0,0.0,0,100,0,,20,,1,,,,1.0,10.0,0.1,False,{},,,False,3,mixed,250,300,True,Ar_Aubin,,False,uniform,Argon-Aubin-Test2/20Td,3.0000000000000005e+21,1.117855e+24,0.0,1.6310733333333333e-13,1.63078e-13,2.2222222222222226e-19,0.0,0.0,0.0,0.0,0.0,0.0,0.0,0.0,0.0,0.0,0.0,4.444444444444445e-19,8.88888888888889e-19,2.2222222222222226e-19,0.0,0.0,2.2222222222222226e-19,0.0,8.88888888888889e-19,4.444444444444445e-19,4.444444444444445e-19,1.5555555555555556e-18,9.111111111111112e-18,6.8888888888888895e-18,7.777777777777779e-18,0.0,0.0,2.2222222222222226e-19,0.0,0.0,0.0,1804.4490090846077,1013.6487499762493,2064.306699148394,3285.093230989703,1210.8236840685515,2801.1527040404,614.3271702556083,-2304.747477929474,20268.42000000029,1.0134210000000145e+24,0.0,0.0
2.07e-05,164287.0,5.47624,3e+22,358.766,-15.4153,23012.2,3.62789,3.6585,3.66309,0.00126536277,-0.000120623943,0.475019237,0.0875830999,0.0887209076,0.274892883,0.000576080187,0.000735671771,0.000381358209,1152.35878,-158.930759,-459.324475,2025.12866,311.947807,-1496.79255,1130.69249,-1001.37625,11831.9569,41400.0,164287.264275,5.476242143,-60.00000000000001,30000 3000,1e-06,2,0.0 0.0259,0.0 0.0,-1.0 0.0,0.00054857 28.0,80000,1000,5e-10,0.0,0.0 0.0 0.0,1000 1000000 0,0,0.0,0,100,0,,20,,1,,,,1.0,10.0,0.1,False,{},,,False,3,mixed,250,300,True,Ar_Aubin,,False,uniform,Argon-Aubin-Test2/20Td,3.0000000000000005e+21,1.1506100000000002e+24,0.0,1.6314355555555555e-13,1.63114e-13,0.0,0.0,0.0,0.0,0.0,0.0,0.0,2.2222222222222226e-19,0.0,2.2222222222222226e-19,2.2222222222222226e-19,2.2222222222222226e-19,6.666666666666668e-19,2.2222222222222226e-19,0.0,0.0,0.0,1.1111111111111113e-18,0.0,6.666666666666668e-19,1.1111111111111113e-18,6.666666666666668e-19,1.1111111111111113e-18,6.8888888888888895e-18,7.777777777777779e-18,8e-18,0.0,2.2222222222222226e-19,0.0,2.2222222222222226e-19,0.0,0.0,1958.6967900711572,1151.9048108604582,2937.264176641752,311.9459475457315,1522.0864486198416,900.7192143085995,-149.2351323370881,471.82848228266386,18899.219999999328,9.449609999999665e+23,0.0,0.0
2.075e-05,164461.0,5.48203,3e+22,2832.84,-133.159,26626.0,3.64098,3.67635,3.64265,0.0012605962,-0.000162074126,0.476113114,0.0877914035,0.088866282,0.276049994,0.00051337175,0.000719830381,0.000354066032,2474.39788,-155.10107,-1193.60495,498.715704,1255.02647,596.816562,2905.9333,-1736.72634,14808.2164,41500.0,164460.907745,5.482030258,-60.00000000000001,30000 3000,1e-06,2,0.0 0.0259,0.0 0.0,-1.0 0.0,0.00054857 28.0,80000,1000,5e-10,0.0,0.0 0.0 0.0,1000 1000000 0,0,0.0,0,100,0,,20,,1,,,,1.0,10.0,0.1,False,{},,,False,3,mixed,250,300,True,Ar_Aubin,,False,uniform,Argon-Aubin-Test2/20Td,3.0000000000000005e+21,1.3313e+24,0.0,1.6347822222222222e-13,1.63448e-13,0.0,0.0,0.0,0.0,0.0,0.0,0.0,2.2222222222222226e-19,0.0,2.2222222222222226e-19,0.0,0.0,1.1111111111111113e-18,4.444444444444445e-19,0.0,2.2222222222222226e-19,0.0,2.2222222222222226e-19,0.0,4.444444444444445e-19,8.88888888888889e-19,4.444444444444445e-19,1.1111111111111113e-18,8.666666666666667e-18,7.111111111111112e-18,8.666666666666667e-18,0.0,2.2222222222222226e-19,0.0,0.0,2.2222222222222226e-19,0.0,2083.1564016025873,2470.826812660792,1453.6268211332026,1255.004888371456,1166.891972852191,2131.228626635999,-299.12229489920554,330.01144171504006,21877.54000000042,1.093877000000021e+24,0.0,0.0
2.08e-05,164636.0,5.48787,3e+22,4547.27,-7037.48,20132.3,3.65096,3.62992,3.69214,0.00133261146,-0.000217139824,0.477185013,0.088061732,0.0891074697,0.277210701,0.000500611284,0.000764438854,0.000299790714,2630.53307,-1386.73936,470.552522,-1194.26452,3149.25651,-2396.17531,1955.44074,-2546.29582,9670.54215,41600.0,164635.962295,5.48786541,-60.00000000000001,30000 3000,1e-06,2,0.0 0.0259,0.0 0.0,-1.0 0.0,0.00054857 28.0,80000,1000,5e-10,0.0,0.0 0.0 0.0,1000 1000000 0,0,0.0,0,100,0,,20,,1,,,,1.0,10.0,0.1,False,{},,,False,3,mixed,250,300,True,Ar_Aubin,,False,uniform,Argon-Aubin-Test2/20Td,3.0000000000000005e+21,1.0066150000000001e+24,0.0,1.6377777777777778e-13,1.6374822222222223e-13,0.0,0.0,0.0,0.0,0.0,0.0,0.0,2.2222222222222226e-19,0.0,0.0,0.0,2.2222222222222226e-19,6.666666666666668e-19,6.666666666666668e-19,0.0,0.0,2.2222222222222226e-19,4.444444444444445e-19,0.0,0.0,4.444444444444445e-19,2.2222222222222226e-19,8.88888888888889e-19,1e-17,7.333333333333334e-18,8e-18,0.0,0.0,2.2222222222222226e-19,0.0,0.0,0.0,2701.417494761216,2624.4733258862857,2411.668183191357,3147.728392831397,1388.6769096679852,63.71031278010014,177.85276829036022,229.2756342393318,21437.979999999745,1.0718989999999872e+24,0.0,0.0
2.085e-05,164642.0,5.48806,3e+22,-4914.87,-3173.36,19760.6,3.62385,3.66227,3.68758,0.00138408571,-0.000312719651,0.478187931,0.0882300654,0.0892541615,0.278327882,0.000531562436,0.000765681482,0.000207992243,2442.69329,2887.32408,-352.290736,347.160576,737.452925,181.859565,-3816.02645,-1087.06586,11190.7627,41700.0,164641.720641,5.488057355,-60.00000000000001,30000 3000,1e-06,2,0.0 0.0259,0.0 0.0,-1.0 0.0,0.00054857 28.0,80000,1000,5e-10,0.0,0.0 0.0 0.0,1000 1000000 0,0,0.0,0,100,0,,20,,1,,,,1.0,10.0,0.1,False,{},,,False,3,mixed,250,300,True,Ar_Aubin,,False,uniform,Argon-Aubin-Test2/20Td,3.0000000000000005e+21,9.880299999999999e+23,0.0,1.63562e-13,1.6353155555555557e-13,0.0,0.0,2.2222222222222226e-19,0.0,0.0,0.0,0.0,0.0,0.0,0.0,2.2222222222222226e-19,0.0,6.666666666666668e-19,2.2222222222222226e-19,0.0,0.0,2.2222222222222226e-19,6.666666666666668e-19,0.0,6.666666666666668e-19,4.444444444444445e-19,4.444444444444445e-19,1.3333333333333336e-18,1.088888888888889e-17,6.0000000000000004e-18,8.222222222222223e-18,0.0,2.2222222222222226e-19,0.0,0.0,0.0,0.0,1681.935600506973,2449.4958913335076,1466.4115612304797,736.4605529683026,1590.2027774941653,1741.4822706813993,-494.16474255034376,-1845.4360336470563,20058.360000000386,1.0029180000000193e+24,0.0,0.0
2.09e-05,164605.0,5.48682,3e+22,-387.938,-2829.62,11931.9,3.68819,3.63865,3.64595,0.00142345134,-0.000404692425,0.4792112,0.0883563693,0.0894384828,0.279440941,0.000549175225,0.000795379464,0.000131826439,2532.69934,1498.49293,2084.44307,314.710137,-14.1450884,916.182796,506.439793,-1845.32831,6191.94988,41800.0,164604.668167,5.486822272,-60.00000000000001,30000 3000,1e-06,2,0.0 0.0259,0.0 0.0,-1.0 0.0,0.00054857 28.0,80000,1000,5e-10,0.0,0.0 0.0 0.0,1000 1000000 0,0,0.0,0,100,0,,20,,1,,,,1.0,10.0,0.1,False,{},,,False,3,mixed,250,300,True,Ar_Aubin,,False,uniform,Argon-Aubin-Test2/20Td,3.0000000000000005e+21,5.9659500000000003e+23,0.0,1.6395155555555556e-13,1.6391977777777778e-13,0.0,0.0,2.2222222222222226e-19,0.0,0.0,0.0,0.0,2.2222222222222226e-19,0.0,2.2222222222222226e-19,0.0,0.0,8.88888888888889e-19,0.0,0.0,0.0,2.2222222222222226e-19,8.88888888888889e-19,6.666666666666668e-19,2.2222222222222226e-19,1.1111111111111113e-18,8.88888888888889e-19,2.2222222222222226e-19,1e-17,7.777777777777779e-18,8.222222222222223e-18,0.0,0.0,0.0,0.0,0.0,0.0,1261.9337953527488,2533.251550865937,1842.553176212708,-15.290214179628501,1333.8214862074205,474.0497627200002,188.34478417116162,2759.802618461854,20465.379999999866,1.0232689999999935e+24,0.0,0.0
2.095e-05,164453.0,5.48176,3e+22,7490.81,-10830.4,25203.2,3.65421,3.62926,3.67545,0.00147030202,-0.00050811241,0.480151372,0.0886045752,0.0896210179,0.280509087,0.000594071084,0.000803442288,7.79265393e-05,2984.87424,-2677.06164,-1598.4521,1366.71603,3783.00568,-765.229482,3435.47573,-5355.47059,13502.0939,41900.0,164452.789893,5.481759663,-60.00000000000001,30000 3000,1e-06,2,0.0 0.0259,0.0 0.0,-1.0 0.0,0.00054857 28.0,80000,1000,5e-10,0.0,0.0 0.0 0.0,1000 1000000 0,0,0.0,0,100,0,,20,,1,,,,1.0,10.0,0.1,False,{},,,False,3,mixed,250,300,True,Ar_Aubin,,False,uniform,Argon-Aubin-Test2/20Td,3.0000000000000005e+21,1.26016e+24,0.0,1.6380977777777777e-13,1.6377844444444445e-13,0.0,4.444444444444445e-19,0.0,0.0,0.0,0.0,0.0,2.2222222222222226e-19,0.0,0.0,0.0,0.0,0.0,4.444444444444445e-19,0.0,0.0,2.2222222222222226e-19,4.444444444444445e-19,2.2222222222222226e-19,4.444444444444445e-19,4.444444444444445e-19,2.2222222222222226e-19,1.3333333333333336e-18,8.666666666666667e-18,7.333333333333334e-18,1.0444444444444445e-17,0.0,0.0,0.0,0.0,4.444444444444445e-19,0.0,2480.7032568732734,2973.8604869255637,1824.4069773766525,3777.502619354736,1661.8017195760283,1400.7428412095996,-315.4176674872718,-1796.7553847617842,18803.440000000337,9.401720000000169e+23,0.0,0.0
2.1e-05,164134.0,5.47112,3e+22,116.96,4955.45,15691.6,3.63852,3.6676,3.63458,0.00136894872,-0.000619037286,0.481122709,0.0888442915,0.089859178,0.281561306,0.000611927656,0.000715343357,3.16288977e-06,2739.46222,-1322.27097,-1352.83403,1724.44952,752.758825,401.552596,-38.2815013,2779.07989,8696.11354,42000.0,164133.510119,5.471117004,-60.00000000000001,30000 3000,1e-06,2,0.0 0.0259,0.0 0.0,-1.0 0.0,0.00054857 28.0,80000,1000,5e-10,0.0,0.0 0.0 0.0,1000 1000000 0,0,0.0,0,100,0,,20,,1,,,,1.0,10.0,0.1,False,{},,,False,3,mixed,250,300,True,Ar_Aubin,,False,uniform,Argon-Aubin-Test2/20Td,3.0000000000000005e+21,7.845800000000001e+23,0.0,1.6348133333333332e-13,1.6344600000000001e-13,0.0,0.0,0.0,0.0,0.0,0.0,0.0,0.0,0.0,0.0,0.0,2.2222222222222226e-19,4.444444444444445e-19,0.0,0.0,0.0,2.2222222222222226e-19,8.88888888888889e-19,2.2222222222222226e-19,1.3333333333333336e-18,4.444444444444445e-19,4.444444444444445e-19,1.777777777777778e-18,1.2222222222222223e-17,7.777777777777779e-18,8.444444444444445e-18,2.2222222222222226e-19,0.0,0.0,2.2222222222222226e-19,4.444444444444445e-19,0.0,2400.0406743203416,2739.3021077577087,2380.3507105972512,755.8264333189087,1184.9791798376752,1146.5284394556002,-815.2743098222178,-1468.8686390793919,19426.739999999223,9.713369999999613e+23,0.0,0.0
2.105e-05,164183.0,5.47276,3e+22,-4209.6,-5657.81,11549.0,3.64883,3.63731,3.65835,0.00138935497,-0.000608358687,0.482138807,0.089039411,0.0900669257,0.282698906,0.000588408686,0.000758829111,7.36776957e-06,2175.93203,3183.60286,-1188.34292,1086.74579,1704.5681,238.8697,-1185.46236,-2789.8999,7082.5548,42100.0,164182.873095,5.472762436,-60.00000000000001,30000 3000,1e-06,2,0.0 0.0259,0.0 0.0,-1.0 0.0,0.00054857 28.0,80000,1000,5e-10,0.0,0.0 0.0 0.0,1000 1000000 0,0,0.0,0,100,0,,20,,1,,,,1.0,10.0,0.1,False,{},,,False,3,mixed,250,300,True,Ar_Aubin,,False,uniform,Argon-Aubin-Test2/20Td,3.0000000000000005e+21,5.7745000000000006e+23,2.222222222222222e-19,1.6316844444444444e-13,1.6313844444444446e-13,2.2222222222222226e-19,0.0,0.0,0.0,0.0,0.0,0.0,0.0,0.0,0.0,0.0,0.0,4.444444444444445e-19,0.0,0.0,0.0,4.444444444444445e-19,1.777777777777778e-18,0.0,8.88888888888889e-19,8.88888888888889e-19,0.0,1.5555555555555556e-18,7.111111111111112e-18,7.777777777777779e-18,8.444444444444445e-18,0.0,0.0,2.2222222222222226e-19,0.0,0.0,2.2222222222222226e-19,1950.6321336532073,2181.780658681712,2077.608068694059,1701.1261221371044,1588.319001154248,1514.3337179569999,645.1224582632335,-360.23941860133004,20321.960000000417,1.0160980000000208e+24,1.093507822189482e-23,1.9241685186788657e-23
2.11e-05,163949.0,5.46498,3e+22,-2179.48,7899.61,12720.4,3.65055,3.65836,3.61975,0.00144577886,-0.000648654298,0.483102869,0.0892371848,0.0902363015,0.283737397,0.000559260216,0.000821439239,-5.65850623e-06,961.687676,-1065.04697,2823.61269,1173.19781,1201.14087,1533.70572,-241.11841,2931.39741,8305.28468,42200.0,163949.338184,5.464977939,-60.00000000000001,30000 3000,1e-06,2,0.0 0.0259,0.0 0.0,-1.0 0.0,0.00054857 28.0,80000,1000,5e-10,0.0,0.0 0.0 0.0,1000 1000000 0,0,0.0,0,100,0,,20,,1,,,,1.0,10.0,0.1,False,{},,,False,3,mixed,250,300,True,Ar_Aubin,,False,uniform,Argon-Aubin-Test2/20Td,3.0000000000000005e+21,6.3602e+23,0.0,1.6319333333333332e-13,1.6316e-13,0.0,0.0,0.0,0.0,0.0,0.0,0.0,0.0,0.0,0.0,0.0,0.0,1.5555555555555556e-18,0.0,0.0,0.0,4.444444444444445e-19,6.666666666666668e-19,4.444444444444445e-19,1.1111111111111113e-18,6.666666666666668e-19,1.1111111111111113e-18,2.2222222222222226e-18,1.1333333333333335e-17,6.6666666666666674e-18,6.8888888888888895e-18,0.0,0.0,0.0,0.0,2.2222222222222226e-19,0.0,1976.1383072064432,964.8387221097928,1693.2514789375075,1206.2649859790238,1079.3817935206284,2160.022945172401,680.2432105954275,3617.0164355173756,19281.239999999758,9.64061999999988e+23,0.0,0.0
2.115e-05,163968.0,5.4656,3e+22,-1145.36,-1447.88,17073.8,3.64456,3.63978,3.64518,0.00147200061,-0.000549247005,0.484198465,0.0895024673,0.0904832494,0.284935171,0.000558226772,0.00090768559,2.71910612e-05,1670.9439,297.681317,189.318796,646.182341,2464.14537,99.0093746,602.465769,-195.574898,10983.0827,42300.0,163967.96849,5.46559895,-60.00000000000001,30000 3000,1e-06,2,0.0 0.0259,0.0 0.0,-1.0 0.0,0.00054857 28.0,80000,1000,5e-10,0.0,0.0 0.0 0.0,1000 1000000 0,0,0.0,0,100,0,,20,,1,,,,1.0,10.0,0.1,False,{},,,False,3,mixed,250,300,True,Ar_Aubin,,False,uniform,Argon-Aubin-Test2/20Td,3.0000000000000005e+21,8.5369e+23,0.0,1.6298977777777778e-13,1.6295644444444446e-13,0.0,0.0,0.0,0.0,0.0,0.0,0.0,0.0,0.0,2.2222222222222226e-19,0.0,0.0,4.444444444444445e-19,4.444444444444445e-19,0.0,0.0,0.0,6.666666666666668e-19,2.2222222222222226e-19,1.1111111111111113e-18,4.444444444444445e-19,4.444444444444445e-19,2e-18,1.0222222222222223e-17,7.333333333333334e-18,9.555555555555557e-18,0.0,0.0,0.0,2.2222222222222226e-19,0.0,0.0,2652.0599071618026,1672.6298706186697,2470.669801258041,2463.3501262464006,1380.0252767490197,2715.974948283001,1439.3166072897145,1321.2334748573821,21911.920000000642,1.0955960000000323e+24,0.0,0.0
2.12e-05,164260.0,5.47534,3e+22,-372.047,3747.29,11675.7,3.64521,3.60711,3.6975,0.00150226734,-0.00048559893,0.485244037,0.0896648373,0.0907307753,0.286130841,0.00059930148,0.000947411302,7.19002403e-05,552.324184,893.291593,-856.702408,-882.480801,643.326889,37.797097,1076.51772,238.83564,5596.47561,42400.0,164260.069273,5.475335642,-60.00000000000001,30000 3000,1e-06,2,0.0 0.0259,0.0 0.0,-1.0 0.0,0.00054857 28.0,80000,1000,5e-10,0.0,0.0 0.0 0.0,1000 1000000 0,0,0.0,0,100,0,,20,,1,,,,1.0,10.0,0.1,False,{},,,False,3,mixed,250,300,True,Ar_Aubin,,False,uniform,Argon-Aubin-Test2/20Td,3.0000000000000005e+21,5.837850000000001e+23,0.0,1.6314288888888888e-13,1.6311644444444446e-13,4.444444444444445e-19,0.0,0.0,0.0,0.0,0.0,2.2222222222222226e-19,0.0,0.0,0.0,0.0,0.0,0.0,0.0,2.2222222222222226e-19,2.2222222222222226e-19,0.0,6.666666666666668e-19,0.0,4.444444444444445e-19,6.666666666666668e-19,6.666666666666668e-19,1.3333333333333336e-18,8.666666666666667e-18,5.555555555555556e-18,7.111111111111112e-18,0.0,0.0,0.0,2.2222222222222226e-19,0.0,0.0,1622.7997863500766,552.8830980570449,2475.917659516824,645.1465690143998,1820.4806429888977,-69.08819280090029,469.99758252424,382.80887745210106,20911.439999999893,1.0455719999999948e+24,0.0,0.0
2.125e-05,164081.0,5.46937,3e+22,-1983.71,-4608.14,9141.68,3.6636,3.63816,3.63637,0.00155597969,-0.000382395631,0.48619843,0.0899206777,0.090926617,0.287142608,0.00062474668,0.000951042835,0.00015941079,541.815515,894.297109,-1174.57622,369.646099,3709.47634,882.96938,-255.312785,-3322.16333,4057.41113,42500.0,164081.156504,5.469371883,-60.00000000000001,30000 3000,1e-06,2,0.0 0.0259,0.0 0.0,-1.0 0.0,0.00054857 28.0,80000,1000,5e-10,0.0,0.0 0.0 0.0,1000 1000000 0,0,0.0,0,100,0,,20,,1,,,,1.0,10.0,0.1,False,{},,,False,3,mixed,250,300,True,Ar_Aubin,,False,uniform,Argon-Aubin-Test2/20Td,3.0000000000000005e+21,4.57084e+23,0.0,1.631951111111111e-13,1.6316266666666667e-13,0.0,0.0,0.0,0.0,0.0,2.2222222222222226e-19,0.0,0.0,0.0,0.0,0.0,0.0,0.0,0.0,0.0,0.0,2.2222222222222226e-19,4.444444444444445e-19,2.2222222222222226e-19,4.444444444444445e-19,4.444444444444445e-19,0.0,1.1111111111111113e-18,9.111111111111112e-18,7.555555555555556e-18,1.1777777777777779e-17,0.0,0.0,6.666666666666668e-19,0.0,2.2222222222222226e-19,0.0,2556.7613436515426,544.9021274708499,1959.3127990220894,3707.714207396964,846.2910959247672,-387.2593335624001,-478.341613500701,-479.63658583717915,19087.859999999957,9.543929999999978e+23,0.0,0.0
2.13e-05,163894.0,5.46314,3e+22,603.893,-4647.32,13429.2,3.62234,3.62434,3.67845,0.00154837217,-0.000302377581,0.487125093,0.0900731217,0.0911958539,0.288151631,0.000633599079,0.000984365289,0.000170339287,3207.99358,-54.8340791,3128.54799,-1695.30362,1513.17065,901.08772,976.685451,-2199.56759,6590.5235,42600.0,163894.245142,5.463141505,-60.00000000000001,30000 3000,1e-06,2,0.0 0.0259,0.0 0.0,-1.0 0.0,0.00054857 28.0,80000,1000,5e-10,0.0,0.0 0.0 0.0,1000 1000000 0,0,0.0,0,100,0,,20,,1,,,,1.0,10.0,0.1,False,{},,,False,3,mixed,250,300,True,Ar_Aubin,,False,uniform,Argon-Aubin-Test2/20Td,3.0000000000000005e+21,6.7146e+23,2.222222222222222e-19,1.6279177777777778e-13,1.6276044444444446e-13,0.0,0.0,0.0,0.0,0.0,0.0,0.0,0.0,0.0,0.0,2.2222222222222226e-19,2.2222222222222226e-19,4.444444444444445e-19,0.0,0.0,2.2222222222222226e-19,2.2222222222222226e-19,6.666666666666668e-19,0.0,1.1111111111111113e-18,2.2222222222222226e-19,2.2222222222222226e-19,1.5555555555555556e-18,9.333333333333335e-18,8.88888888888889e-18,7.333333333333334e-18,0.0,0.0,0.0,0.0,4.444444444444445e-19,2.2222222222222226e-19,1524.676164188499,3207.058528885142,2692.9169421711917,1511.7654046202672,1070.8010420623636,48.82320108439944,711.7279816004976,3790.2686076675873,18533.259999999886,9.266629999999943e+23,1.1990455118107855e-23,1.6547688784307495e-23
2.135e-05,163939.0,5.46464,3e+22,6519.6,-3093.38,12835.8,3.57533,3.64942,3.7033,0.00151899361,-0.000488899053,0.488111405,0.0902973931,0.0914478696,0.289215315,0.000584320559,0.000972930722,5.50321277e-05,679.167481,870.426678,664.068732,-1748.74934,2394.93569,-1618.94934,3523.20401,-2238.39225,8283.36208,42700.0,163939.184896,5.464639497,-60.00000000000001,30000 3000,1e-06,2,0.0 0.0259,0.0 0.0,-1.0 0.0,0.00054857 28.0,80000,1000,5e-10,0.0,0.0 0.0 0.0,1000 1000000 0,0,0.0,0,100,0,,20,,1,,,,1.0,10.0,0.1,False,{},,,False,3,mixed,250,300,True,Ar_Aubin,,False,uniform,Argon-Aubin-Test2/20Td,3.0000000000000005e+21,6.417899999999999e+23,2.222222222222222e-19,1.6277866666666667e-13,1.6274933333333334e-13,0.0,0.0,0.0,0.0,0.0,0.0,0.0,0.0,0.0,2.2222222222222226e-19,2.2222222222222226e-19,0.0,4.444444444444445e-19,2.2222222222222226e-19,0.0,2.2222222222222226e-19,0.0,0.0,0.0,0.0,2.2222222222222226e-19,2.2222222222222226e-19,6.666666666666668e-19,6.444444444444445e-18,8.88888888888889e-18,1.088888888888889e-17,0.0,0.0,2.2222222222222226e-19,0.0,2.2222222222222226e-19,2.2222222222222226e-19,2243.615147896061,669.2642502602439,2518.6810991746634,2393.423339447431,1017.9653918460097,2018.061707701001,27.56530293479727,985.4841277827613,19726.239999999783,9.863119999999893e+23,1.1265310683750408e-23,1.731268968215633e-23
2.14e-05,163998.0,5.4666,3e+22,-6123.13,-495.926,19429.8,3.60422,3.69824,3.62838,0.00152194326,-0.000540193536,0.489120898,0.0905466477,0.0916249675,0.290305237,0.000611515513,0.000986671882,5.36218914e-05,762.909507,1587.92055,946.983786,2052.4569,3772.02252,-676.96516,-2810.90596,302.24189,9642.7642,42800.0,163998.051768,5.466601726,-60.00000000000001,30000 3000,1e-06,2,0.0 0.0259,0.0 0.0,-1.0 0.0,0.00054857 28.0,80000,1000,5e-10,0.0,0.0 0.0 0.0,1000 1000000 0,0,0.0,0,100,0,,20,,1,,,,1.0,10.0,0.1,False,{},,,False,3,mixed,250,300,True,Ar_Aubin,,False,uniform,Argon-Aubin-Test2/20Td,3.0000000000000005e+21,9.714899999999999e+23,0.0,1.6279066666666665e-13,1.6276111111111114e-13,0.0,0.0,0.0,0.0,0.0,0.0,0.0,0.0,0.0,0.0,2.2222222222222226e-19,2.2222222222222226e-19,6.666666666666668e-19,0.0,0.0,0.0,4.444444444444445e-19,6.666666666666668e-19,0.0,2.2222222222222226e-19,6.666666666666668e-19,2.2222222222222226e-19,1.777777777777778e-18,9.111111111111112e-18,6.6666666666666674e-18,7.777777777777779e-18,0.0,2.2222222222222226e-19,4.444444444444445e-19,0.0,2.2222222222222226e-19,0.0,2492.456303005569,772.2285634336038,1770.4511322769179,3771.7546239804656,1034.1283074760677,139.24297603959894,215.30022253749047,1101.4576170175924,20189.86000000056,1.009493000000028e+24,0.0,0.0
2.145e-05,164140.0,5.47134,3e+22,-1162.17,2515.76,11272.8,3.63645,3.65336,3.65212,0.00161422704,-0.000540707795,0.490202845,0.090718759,0.0917771706,0.291482822,0.000617607317,0.00104230512,1.18200032e-05,3014.559,326.802721,1734.99608,-387.628993,5174.67462,-216.635854,1177.49778,1074.48017,5174.1989,42900.0,164140.308408,5.471343614,-60.00000000000001,30000 3000,1e-06,2,0.0 0.0259,0.0 0.0,-1.0 0.0,0.00054857 28.0,80000,1000,5e-10,0.0,0.0 0.0 0.0,1000 1000000 0,0,0.0,0,100,0,,20,,1,,,,1.0,10.0,0.1,False,{},,,False,3,mixed,250,300,True,Ar_Aubin,,False,uniform,Argon-Aubin-Test2/20Td,3.0000000000000005e+21,5.6364e+23,2.222222222222222e-19,1.6295377777777777e-13,1.6292355555555558e-13,0.0,0.0,0.0,0.0,0.0,0.0,0.0,0.0,0.0,0.0,0.0,0.0,8.88888888888889e-19,4.444444444444445e-19,0.0,0.0,6.666666666666668e-19,8.88888888888889e-19,0.0,1.1111111111111113e-18,4.444444444444445e-19,2.2222222222222226e-19,1.1111111111111113e-18,1.0444444444444445e-17,7.777777777777779e-18,5.333333333333334e-18,0.0,2.2222222222222226e-19,0.0,0.0,4.444444444444445e-19,2.2222222222222226e-19,1718.218823500012,3016.435006239077,1522.0254413675361,5176.0349110423485,1180.0861423238996,-351.7597311159989,174.97609104637388,3463.9960417971374,21638.939999999442,1.0819469999999722e+24,1.026955212326611e-23,1.9713134467232828e-23
2.15e-05,164101.0,5.47003,3e+22,-6944.62,4244.15,13857.9,3.64776,3.64513,3.64569,0.00153962996,-0.000404139809,0.491152263,0.0909422404,0.0920049457,0.292490303,0.000627623089,0.00100225308,7.45772551e-05,2357.9653,-1489.9587,-1251.27708,-1580.09556,4087.2261,-1662.60579,-3790.02303,1948.3155,8481.89718,43000.0,164100.840429,5.470028014,-60.00000000000001,30000 3000,1e-06,2,0.0 0.0259,0.0 0.0,-1.0 0.0,0.00054857 28.0,80000,1000,5e-10,0.0,0.0 0.0 0.0,1000 1000000 0,0,0.0,0,100,0,,20,,1,,,,1.0,10.0,0.1,False,{},,,False,3,mixed,250,300,True,Ar_Aubin,,False,uniform,Argon-Aubin-Test2/20Td,3.0000000000000005e+21,6.92895e+23,0.0,1.6265777777777778e-13,1.6262822222222223e-13,0.0,0.0,0.0,0.0,0.0,0.0,0.0,0.0,0.0,0.0,0.0,0.0,6.666666666666668e-19,2.2222222222222226e-19,0.0,0.0,0.0,4.444444444444445e-19,2.2222222222222226e-19,4.444444444444445e-19,6.666666666666668e-19,8.88888888888889e-19,2e-18,7.333333333333334e-18,6.444444444444445e-18,1e-17,0.0,2.2222222222222226e-19,0.0,0.0,0.0,0.0,2237.166685229303,2368.657445012815,2279.041359343481,4088.9413299703674,757.6479607290798,1675.5582345723005,-98.92183105341714,-1651.7703193476245,18988.359999999593,9.494179999999797e+23,0.0,0.0
2.155e-05,164242.0,5.47473,3e+22,-6795.38,8203.12,14102.9,3.66348,3.66485,3.61935,0.00148494534,-0.000241120292,0.492119447,0.0910729803,0.0922413935,0.293604255,0.000627582832,0.000945669557,0.000148531645,1074.34148,-259.554838,-2372.76672,-731.696542,2553.72893,1273.15897,-4023.0112,1973.77454,8622.31413,43100.0,164241.909614,5.47473032,-60.00000000000001,30000 3000,1e-06,2,0.0 0.0259,0.0 0.0,-1.0 0.0,0.00054857 28.0,80000,1000,5e-10,0.0,0.0 0.0 0.0,1000 1000000 0,0,0.0,0,100,0,,20,,1,,,,1.0,10.0,0.1,False,{},,,False,3,mixed,250,300,True,Ar_Aubin,,False,uniform,Argon-Aubin-Test2/20Td,3.0000000000000005e+21,7.05145e+23,0.0,1.6323977777777778e-13,1.632128888888889e-13,0.0,0.0,0.0,0.0,0.0,0.0,0.0,0.0,0.0,0.0,4.444444444444445e-19,0.0,2.2222222222222226e-19,0.0,0.0,0.0,0.0,2.2222222222222226e-19,0.0,8.88888888888889e-19,4.444444444444445e-19,4.444444444444445e-19,1.3333333333333336e-18,8.222222222222223e-18,5.333333333333334e-18,8.88888888888889e-18,0.0,2.2222222222222226e-19,0.0,0.0,2.2222222222222226e-19,0.0,1309.0529775094951,1084.4322478645292,2365.5298999002152,2555.7068686897114,1629.4733443533717,1682.002780903701,-623.2252701885463,-3072.5813078806264,19343.680000000197,9.6718400000001e+23,0.0,0.0
2.16e-05,164273.0,5.47578,3e+22,1528.27,-1695.9,16256.7,3.6705,3.6241,3.65542,0.00143859756,-8.79015557e-05,0.493172037,0.0911643176,0.0924847768,0.294740443,0.000637480105,0.000889284026,0.000260609267,2129.80617,-518.806465,2150.37525,-1855.49456,2341.45659,1781.4504,387.670674,-684.524417,9819.34036,43200.0,164273.289934,5.475776331,-60.00000000000001,30000 3000,1e-06,2,0.0 0.0259,0.0 0.0,-1.0 0.0,0.00054857 28.0,80000,1000,5e-10,0.0,0.0 0.0 0.0,1000 1000000 0,0,0.0,0,100,0,,20,,1,,,,1.0,10.0,0.1,False,{},,,False,3,mixed,250,300,True,Ar_Aubin,,False,uniform,Argon-Aubin-Test2/20Td,3.0000000000000005e+21,8.128350000000002e+23,2.222222222222222e-19,1.6306288888888887e-13,1.6303133333333336e-13,0.0,0.0,0.0,0.0,0.0,0.0,0.0,0.0,0.0,0.0,0.0,0.0,2.2222222222222226e-19,4.444444444444445e-19,0.0,0.0,0.0,6.666666666666668e-19,0.0,8.88888888888889e-19,4.444444444444445e-19,1.1111111111111113e-18,1.1111111111111113e-18,9.333333333333335e-18,6.444444444444445e-18,1.0444444444444445e-17,0.0,2.2222222222222226e-19,0.0,0.0,0.0,2.2222222222222226e-19,914.7279972315793,2127.6076045069785,2434.3371231171086,2341.307517751688,990.8003685643597,1801.9905061021,-701.8228108480562,1760.9590460603579,21051.8000000004,1.05259000000002e+24,1.0555972516469756e-23,1.366957760321727e-23
2.165e-05,164211.0,5.47371,3e+22,-2255.21,-4923.47,13274.0,3.65984,3.59191,3.69449,0.00141347838,-1.00072775e-05,0.4941772,0.0914180937,0.0926616742,0.295857776,0.000595723303,0.000883069965,0.000354446368,999.091929,1142.57402,2407.2601,-249.398918,-770.880872,-567.4942,-1070.48758,-2547.27065,7436.15837,43300.0,164211.182481,5.473706083,-60.00000000000001,30000 3000,1e-06,2,0.0 0.0259,0.0 0.0,-1.0 0.0,0.00054857 28.0,80000,1000,5e-10,0.0,0.0 0.0 0.0,1000 1000000 0,0,0.0,0,100,0,,20,,1,,,,1.0,10.0,0.1,False,{},,,False,3,mixed,250,300,True,Ar_Aubin,,False,uniform,Argon-Aubin-Test2/20Td,3.0000000000000005e+21,6.637e+23,0.0,1.6346355555555555e-13,1.63432e-13,0.0,0.0,0.0,0.0,0.0,0.0,2.2222222222222226e-19,0.0,0.0,0.0,0.0,0.0,2.2222222222222226e-19,2.2222222222222226e-19,0.0,0.0,2.2222222222222226e-19,8.88888888888889e-19,0.0,1.3333333333333336e-18,6.666666666666668e-19,4.444444444444445e-19,2e-18,8.666666666666667e-18,6.6666666666666674e-18,9.111111111111112e-18,0.0,0.0,2.2222222222222226e-19,4.444444444444445e-19,2.2222222222222226e-19,0.0,2538.477418088936,1002.2796195773599,1769.0502653790186,-770.9301425305529,1248.860788894135,876.4502172000002,95.0647999898766,2432.48337119588,20103.259999999515,1.0051629999999757e+24,0.0,0.0
2.17e-05,163958.0,5.46528,3e+22,7565.62,8025.3,18986.5,3.65712,3.65491,3.61579,0.0015234904,-7.3059597e-05,0.495086618,0.0916398348,0.0927574938,0.296818241,0.000661145051,0.000991409644,0.000292510728,2621.69332,447.105294,1502.81666,-223.574005,-47.8288274,-914.902931,3985.50094,4005.52629,11613.537,43400.0,163958.381281,5.465279376,-60.00000000000001,30000 3000,1e-06,2,0.0 0.0259,0.0 0.0,-1.0 0.0,0.00054857 28.0,80000,1000,5e-10,0.0,0.0 0.0 0.0,1000 1000000 0,0,0.0,0,100,0,,20,,1,,,,1.0,10.0,0.1,False,{},,,False,3,mixed,250,300,True,Ar_Aubin,,False,uniform,Argon-Aubin-Test2/20Td,3.0000000000000005e+21,9.49325e+23,0.0,1.630522222222222e-13,1.6302000000000002e-13,0.0,0.0,0.0,0.0,0.0,2.2222222222222226e-19,2.2222222222222226e-19,0.0,0.0,0.0,0.0,2.2222222222222226e-19,2.2222222222222226e-19,2.2222222222222226e-19,0.0,0.0,4.444444444444445e-19,2.2222222222222226e-19,0.0,2.2222222222222226e-19,6.666666666666668e-19,6.666666666666668e-19,1.1111111111111113e-18,1e-17,6.8888888888888895e-18,1.0444444444444445e-17,0.0,0.0,0.0,2.2222222222222226e-19,2.2222222222222226e-19,0.0,2214.179981318426,2610.167170559952,958.1436244088248,-47.2425022161959,608.1067716204313,2213.574927343001,1051.775147949373,1713.754630647241,18188.359999999906,9.094179999999953e+23,0.0,0.0
2.175e-05,163943.0,5.46478,3e+22,-3792.61,6561.42,20319.5,3.6405,3.6634,3.62299,0.00155769076,1.20640302e-05,0.496100747,0.0918640885,0.0929767901,0.29804594,0.00067121844,0.00104604998,0.000342809007,3436.10229,749.554805,605.872907,-825.182965,4837.57859,-996.213445,-590.920477,4999.59821,11694.9721,43500.0,163943.465912,5.464782197,-60.00000000000001,30000 3000,1e-06,2,0.0 0.0259,0.0 0.0,-1.0 0.0,0.00054857 28.0,80000,1000,5e-10,0.0,0.0 0.0 0.0,1000 1000000 0,0,0.0,0,100,0,,20,,1,,,,1.0,10.0,0.1,False,{},,,False,3,mixed,250,300,True,Ar_Aubin,,False,uniform,Argon-Aubin-Test2/20Td,3.0000000000000005e+21,1.0159750000000001e+24,0.0,1.6294955555555555e-13,1.6291844444444447e-13,0.0,0.0,0.0,0.0,0.0,0.0,4.444444444444445e-19,0.0,0.0,0.0,0.0,0.0,2.2222222222222226e-19,4.444444444444445e-19,0.0,0.0,6.666666666666668e-19,2.2222222222222226e-19,2.2222222222222226e-19,4.444444444444445e-19,6.666666666666668e-19,4.444444444444445e-19,1.1111111111111113e-18,9.777777777777779e-18,7.333333333333334e-18,8.666666666666667e-18,0.0,0.0,0.0,0.0,4.444444444444445e-19,0.0,2241.483224951074,3442.0100035532832,2193.0149216388418,4837.499432830965,2225.0714871990817,1614.4529713335014,722.5699212093915,1864.8175866818501,20282.580000000606,1.0141290000000303e+24,0.0,0.0
2.18e-05,163975.0,5.46584,3e+22,501.483,-5469.61,18562.0,3.64787,3.63917,3.64251,0.00149177329,0.000104405437,0.497166765,0.0921128419,0.0931324754,0.299257479,0.000641765237,0.000988369437,0.000416886498,3691.02754,-1928.60997,-1059.46065,1462.55574,2338.31125,-980.347451,2481.65309,-728.621199,10653.0654,43600.0,163975.311617,5.465843721,-60.00000000000001,30000 3000,1e-06,2,0.0 0.0259,0.0 0.0,-1.0 0.0,0.00054857 28.0,80000,1000,5e-10,0.0,0.0 0.0 0.0,1000 1000000 0,0,0.0,0,100,0,,20,,1,,,,1.0,10.0,0.1,False,{},,,False,3,mixed,250,300,True,Ar_Aubin,,False,uniform,Argon-Aubin-Test2/20Td,3.0000000000000005e+21,9.281e+23,0.0,1.6306377777777778e-13,1.630317777777778e-13,0.0,0.0,0.0,0.0,0.0,0.0,0.0,0.0,0.0,0.0,0.0,0.0,4.444444444444445e-19,4.444444444444445e-19,0.0,0.0,0.0,6.666666666666668e-19,0.0,1.1111111111111113e-18,8.88888888888889e-19,0.0,2e-18,1.0666666666666668e-17,7.555555555555556e-18,7.111111111111112e-18,0.0,4.444444444444445e-19,0.0,2.2222222222222226e-19,4.444444444444445e-19,0.0,2489.5441295504083,3690.279441055211,1556.7454504555878,2338.8823070222697,1526.9795339276084,1424.655908069999,-531.3818814341827,1145.1814633785248,21320.36000000004,1.0660180000000021e+24,0.0,0.0
2.185e-05,163844.0,5.46148,3e+22,2692.48,874.054,10471.6,3.60912,3.6376,3.67558,0.00142939902,0.000131494404,0.498119468,0.0923960433,0.093377986,0.300342681,0.000556832735,0.000908367078,0.000412829855,145.847282,-1773.29517,-748.201053,1172.54176,-1542.18083,-808.675482,79.4671342,-975.057994,5541.78011,43700.0,163844.498113,5.46148327,-60.00000000000001,30000 3000,1e-06,2,0.0 0.0259,0.0 0.0,-1.0 0.0,0.00054857 28.0,80000,1000,5e-10,0.0,0.0 0.0 0.0,1000 1000000 0,0,0.0,0,100,0,,20,,1,,,,1.0,10.0,0.1,False,{},,,False,3,mixed,250,300,True,Ar_Aubin,,False,uniform,Argon-Aubin-Test2/20Td,3.0000000000000005e+21,5.2358e+23,0.0,1.6283755555555554e-13,1.6280622222222224e-13,0.0,0.0,0.0,0.0,0.0,0.0,0.0,0.0,0.0,0.0,0.0,0.0,4.444444444444445e-19,4.444444444444445e-19,0.0,0.0,2.2222222222222226e-19,4.444444444444445e-19,4.444444444444445e-19,6.666666666666668e-19,6.666666666666668e-19,6.666666666666668e-19,1.5555555555555556e-18,8.666666666666667e-18,7.777777777777779e-18,9.333333333333335e-18,0.0,0.0,0.0,0.0,0.0,0.0,2833.836059903672,141.9986537266304,2455.042097169874,-1542.295763209794,1369.8981996221328,325.67228889119906,-1007.0747539882905,-2024.878718778472,19054.059999999983,9.527029999999992e+23,0.0,0.0
2.19e-05,163887.0,5.46289,3e+22,-909.411,620.918,14698.3,3.62902,3.65767,3.63785,0.00142735245,0.000101971817,0.499142507,0.092501265,0.0936062655,0.30143378,0.000606541779,0.000944196202,0.000367570096,4108.91531,778.676215,1296.77484,-1278.77154,867.999648,-409.528105,681.509156,-554.899446,7980.35381,43800.0,163886.713438,5.462890448,-60.00000000000001,30000 3000,1e-06,2,0.0 0.0259,0.0 0.0,-1.0 0.0,0.00054857 28.0,80000,1000,5e-10,0.0,0.0 0.0 0.0,1000 1000000 0,0,0.0,0,100,0,,20,,1,,,,1.0,10.0,0.1,False,{},,,False,3,mixed,250,300,True,Ar_Aubin,,False,uniform,Argon-Aubin-Test2/20Td,3.0000000000000005e+21,7.34915e+23,0.0,1.6291688888888888e-13,1.6288644444444447e-13,0.0,0.0,0.0,0.0,0.0,0.0,0.0,0.0,0.0,0.0,0.0,0.0,6.666666666666668e-19,2.2222222222222226e-19,0.0,0.0,0.0,6.666666666666668e-19,4.444444444444445e-19,2.2222222222222226e-19,4.444444444444445e-19,1.1111111111111113e-18,1.777777777777778e-18,1.0666666666666668e-17,6.6666666666666674e-18,7.555555555555556e-18,0.0,0.0,0.0,0.0,0.0,0.0,1052.2754654185285,4110.213360018907,2282.8639252681082,867.9363318633319,708.6110635795562,643.8074993619002,707.7664627305834,2411.2300279175424,20460.780000000068,1.0230390000000035e+24,0.0,0.0
2.195e-05,163499.0,5.44998,3e+22,4545.34,3968.17,15818.4,3.59844,3.66156,3.63832,0.00143429871,0.000155731976,0.500101862,0.0926670181,0.0938601873,0.302523498,0.000584621336,0.000983236781,0.00038040143,1683.24131,-1932.8566,-819.186485,-580.899907,3492.53879,98.5166258,2746.02774,978.430822,8391.76927,43900.0,163499.272303,5.449975743,-60.00000000000001,30000 3000,1e-06,2,0.0 0.0259,0.0 0.0,-1.0 0.0,0.00054857 28.0,80000,1000,5e-10,0.0,0.0 0.0 0.0,1000 1000000 0,0,0.0,0,100,0,,20,,1,,,,1.0,10.0,0.1,False,{},,,False,3,mixed,250,300,True,Ar_Aubin,,False,uniform,Argon-Aubin-Test2/20Td,3.0000000000000005e+21,7.909200000000001e+23,0.0,1.6234177777777777e-13,1.6230511111111112e-13,0.0,0.0,0.0,0.0,0.0,0.0,0.0,0.0,0.0,0.0,0.0,0.0,0.0,4.444444444444445e-19,0.0,0.0,4.444444444444445e-19,2.2222222222222226e-19,0.0,4.444444444444445e-19,4.444444444444445e-19,2.2222222222222226e-19,2.2222222222222226e-19,1.1555555555555557e-17,8.222222222222223e-18,1.3555555555555557e-17,0.0,2.2222222222222226e-19,0.0,2.2222222222222226e-19,4.444444444444445e-19,0.0,1657.3322222701581,1676.7219347014886,2539.0794580311403,3491.920819044796,1310.8791837807,480.9579761392015,683.948074607886,-368.9800531373437,19187.09999999879,9.593549999999396e+23,0.0,0.0
2.2e-05,163476.0,5.44921,3e+22,-1415.36,-6295.01,20772.8,3.69022,3.57351,3.63199,0.00139217654,0.000148274502,0.501118438,0.0929668557,0.0940773065,0.303667648,0.000617741063,0.000992709134,0.000384367636,603.459363,-406.462831,1316.65573,1562.46024,1102.95961,-720.575362,-740.630018,-4524.55439,10939.4192,44000.0,163476.235001,5.449207833,-60.00000000000001,30000 3000,1e-06,2,0.0 0.0259,0.0 0.0,-1.0 0.0,0.00054857 28.0,80000,1000,5e-10,0.0,0.0 0.0 0.0,1000 1000000 0,0,0.0,0,100,0,,20,,1,,,,1.0,10.0,0.1,False,{},,,False,3,mixed,250,300,True,Ar_Aubin,,False,uniform,Argon-Aubin-Test2/20Td,3.0000000000000005e+21,1.0386399999999999e+24,0.0,1.619842222222222e-13,1.6195288888888891e-13,2.2222222222222226e-19,0.0,0.0,0.0,0.0,0.0,0.0,0.0,0.0,0.0,0.0,0.0,2.2222222222222226e-19,2.2222222222222226e-19,0.0,0.0,2.2222222222222226e-19,1.5555555555555556e-18,2.2222222222222226e-19,8.88888888888889e-19,2.2222222222222226e-19,4.444444444444445e-19,6.666666666666668e-19,7.111111111111112e-18,7.777777777777779e-18,1.088888888888889e-17,0.0,0.0,0.0,2.2222222222222226e-19,4.444444444444445e-19,0.0,2999.5665727099163,605.4297939876544,2171.214671204125,1103.892999472835,1263.3347230717186,529.7861111136008,582.4495078030653,1256.369299577568,20331.520000000935,1.0165760000000468e+24,0.0,0.0
2.205e-05,163581.0,5.45271,3e+22,-1511.27,-3684.1,19680.6,3.64878,3.63153,3.62282,0.00133560813,2.17377478e-05,0.502099731,0.0931882981,0.0943361065,0.304753471,0.000668686198,0.000924322273,0.000325887732,702.903022,1669.4959,-1091.34261,2069.71318,-729.525193,-231.100334,-1246.4942,-1697.31839,11963.4834,44100.0,163581.31419,5.452710473,-60.00000000000001,30000 3000,1e-06,2,0.0 0.0259,0.0 0.0,-1.0 0.0,0.00054857 28.0,80000,1000,5e-10,0.0,0.0 0.0 0.0,1000 1000000 0,0,0.0,0,100,0,,20,,1,,,,1.0,10.0,0.1,False,{},,,False,3,mixed,250,300,True,Ar_Aubin,,False,uniform,Argon-Aubin-Test2/20Td,3.0000000000000005e+21,9.840299999999999e+23,0.0,1.6212333333333333e-13,1.6209555555555557e-13,0.0,0.0,0.0,0.0,0.0,0.0,2.2222222222222226e-19,2.2222222222222226e-19,0.0,0.0,2.2222222222222226e-19,0.0,2.2222222222222226e-19,0.0,0.0,2.2222222222222226e-19,2.2222222222222226e-19,6.666666666666668e-19,0.0,8.88888888888889e-19,1.3333333333333336e-18,6.666666666666668e-19,1.777777777777778e-18,7.777777777777779e-18,5.555555555555556e-18,7.777777777777779e-18,0.0,0.0,0.0,0.0,0.0,0.0,2215.9670644159023,704.9214864986251,2588.215127982685,-729.44510896333,1013.7203328741684,2081.8594340813997,-827.0002129873709,-1605.3141188949076,19625.860000000994,9.812930000000498e+23,0.0,0.0
2.21e-05,163653.0,5.45509,3e+22,-4466.83,4678.14,17581.2,3.66282,3.57062,3.67474,0.00128285512,-5.83518465e-05,0.503119646,0.0933581239,0.0945283591,0.3059058,0.000696859146,0.000886912341,0.000274329832,3192.7197,-1422.57013,265.386036,2772.01221,2115.28659,61.166491,-3381.92086,2552.86076,12103.9846,44200.0,163652.57078,5.455085693,-60.00000000000001,30000 3000,1e-06,2,0.0 0.0259,0.0 0.0,-1.0 0.0,0.00054857 28.0,80000,1000,5e-10,0.0,0.0 0.0 0.0,1000 1000000 0,0,0.0,0,100,0,,20,,1,,,,1.0,10.0,0.1,False,{},,,False,3,mixed,250,300,True,Ar_Aubin,,False,uniform,Argon-Aubin-Test2/20Td,3.0000000000000005e+21,8.790600000000001e+23,0.0,1.6209044444444445e-13,1.620608888888889e-13,0.0,0.0,0.0,0.0,0.0,0.0,0.0,2.2222222222222226e-19,0.0,2.2222222222222226e-19,0.0,0.0,2.2222222222222226e-19,2.2222222222222226e-19,0.0,0.0,2.2222222222222226e-19,4.444444444444445e-19,2.2222222222222226e-19,6.666666666666668e-19,1.1111111111111113e-18,8.88888888888889e-19,1.3333333333333336e-18,7.777777777777779e-18,6.444444444444445e-18,8.666666666666667e-18,0.0,0.0,2.2222222222222226e-19,0.0,6.666666666666668e-19,0.0,1699.6393181802073,3198.4499957356697,1922.4966759169572,2115.559568107186,1270.9067910710025,3258.5374797447985,-244.62126098548973,-891.7390280935642,20398.299999999646,1.0199149999999824e+24,0.0,0.0
2.215e-05,163547.0,5.45156,3e+22,9245.19,-1403.87,23040.5,3.64503,3.62171,3.63287,0.00133224102,-3.34172877e-05,0.504071605,0.0935843734,0.094712882,0.30708654,0.000724737347,0.000934600922,0.000275579543,3514.99248,526.991994,800.122935,-352.175178,2078.31753,-1683.53716,2892.00576,-2361.4246,13765.3922,44300.0,163546.828544,5.451560951,-60.00000000000001,30000 3000,1e-06,2,0.0 0.0259,0.0 0.0,-1.0 0.0,0.00054857 28.0,80000,1000,5e-10,0.0,0.0 0.0 0.0,1000 1000000 0,0,0.0,0,100,0,,20,,1,,,,1.0,10.0,0.1,False,{},,,False,3,mixed,250,300,True,Ar_Aubin,,False,uniform,Argon-Aubin-Test2/20Td,3.0000000000000005e+21,1.152025e+24,0.0,1.618448888888889e-13,1.6181422222222225e-13,0.0,0.0,0.0,0.0,0.0,0.0,0.0,2.2222222222222226e-19,0.0,0.0,0.0,2.2222222222222226e-19,0.0,2.2222222222222226e-19,0.0,0.0,0.0,4.444444444444445e-19,2.2222222222222226e-19,6.666666666666668e-19,1.3333333333333336e-18,1.1111111111111113e-18,1.1111111111111113e-18,8e-18,6.6666666666666674e-18,9.777777777777779e-18,0.0,0.0,0.0,4.444444444444445e-19,2.2222222222222226e-19,0.0,2261.2035112354324,3502.675658644306,1845.251882228588,2078.2706164723163,2219.352238893024,2151.3303849975,431.4665129090097,-998.8045660512607,19039.180000000044,9.519590000000023e+23,0.0,0.0
2.22e-05,163604.0,5.45347,3e+22,-1216.62,7479.45,10639.1,3.64268,3.61266,3.65064,0.00135882898,-0.000124677662,0.505106664,0.0937738567,0.0948845341,0.308287314,0.000721668605,0.000999005719,0.000225438986,939.282569,-596.420846,788.467244,75.320075,2528.21139,-1686.52199,1645.52537,2850.44157,5625.88623,44400.0,163604.192173,5.453473072,-60.00000000000001,30000 3000,1e-06,2,0.0 0.0259,0.0 0.0,-1.0 0.0,0.00054857 28.0,80000,1000,5e-10,0.0,0.0 0.0 0.0,1000 1000000 0,0,0.0,0,100,0,,20,,1,,,,1.0,10.0,0.1,False,{},,,False,3,mixed,250,300,True,Ar_Aubin,,False,uniform,Argon-Aubin-Test2/20Td,3.0000000000000005e+21,5.319550000000001e+23,0.0,1.6245022222222222e-13,1.6242e-13,0.0,0.0,0.0,0.0,0.0,0.0,0.0,2.2222222222222226e-19,0.0,0.0,2.2222222222222226e-19,0.0,8.88888888888889e-19,6.666666666666668e-19,0.0,0.0,4.444444444444445e-19,4.444444444444445e-19,4.444444444444445e-19,1.3333333333333336e-18,4.444444444444445e-19,4.444444444444445e-19,6.666666666666668e-19,8.666666666666667e-18,5.1111111111111114e-18,9.555555555555557e-18,0.0,0.0,0.0,2.2222222222222226e-19,4.444444444444445e-19,0.0,1894.1174993848676,940.9357475136476,1716.3767219571803,2529.1439103390458,1562.1495006706843,252.00592103759936,991.9218632782872,3034.0587661545624,20701.1800000001,1.035059000000005e+24,0.0,0.0
2.225e-05,163383.0,5.44609,3e+22,-4663.82,-3375.39,16170.9,3.64468,3.62779,3.61802,0.00138350907,-7.59342417e-05,0.506090407,0.0939853861,0.0950475492,0.309373643,0.00074274414,0.00105485454,0.000232324538,827.728501,-2723.51374,-14.0677962,-862.10515,1661.38408,-1345.25657,-2916.39456,-1426.24629,9462.45797,44500.0,163382.588607,5.446086287,-60.00000000000001,30000 3000,1e-06,2,0.0 0.0259,0.0 0.0,-1.0 0.0,0.00054857 28.0,80000,1000,5e-10,0.0,0.0 0.0 0.0,1000 1000000 0,0,0.0,0,100,0,,20,,1,,,,1.0,10.0,0.1,False,{},,,False,3,mixed,250,300,True,Ar_Aubin,,False,uniform,Argon-Aubin-Test2/20Td,3.0000000000000005e+21,8.08545e+23,0.0,1.6216822222222223e-13,1.6213422222222224e-13,0.0,0.0,0.0,0.0,0.0,0.0,0.0,0.0,2.2222222222222226e-19,0.0,0.0,0.0,2.2222222222222226e-19,2.2222222222222226e-19,0.0,0.0,4.444444444444445e-19,4.444444444444445e-19,2.2222222222222226e-19,1.1111111111111113e-18,1.3333333333333336e-18,6.666666666666668e-19,6.666666666666668e-19,8e-18,6.8888888888888895e-18,1.3111111111111113e-17,0.0,0.0,0.0,0.0,4.444444444444445e-19,0.0,2114.617188501006,834.1809382708475,1630.2487851034552,1661.1277723199082,915.7095978329367,1278.5206074437,840.4345141966273,-592.5203810453236,19674.85999999852,9.83742999999926e+23,0.0,0.0
2.23e-05,163358.0,5.44526,3e+22,4099.23,2943.68,13212.5,3.62165,3.57578,3.69195,0.00138454851,-0.000110485983,0.507008402,0.0942270789,0.0952347483,0.310491686,0.000748023676,0.00105937918,0.000204202681,1421.17325,1328.7685,2529.93057,1626.37213,2387.39705,-30.6243291,1559.05559,-359.288893,8363.32401,44600.0,163357.775099,5.44525917,-60.00000000000001,30000 3000,1e-06,2,0.0 0.0259,0.0 0.0,-1.0 0.0,0.00054857 28.0,80000,1000,5e-10,0.0,0.0 0.0 0.0,1000 1000000 0,0,0.0,0,100,0,,20,,1,,,,1.0,10.0,0.1,False,{},,,False,3,mixed,250,300,True,Ar_Aubin,,False,uniform,Argon-Aubin-Test2/20Td,3.0000000000000005e+21,6.60625e+23,0.0,1.619591111111111e-13,1.619308888888889e-13,0.0,2.2222222222222226e-19,0.0,0.0,0.0,0.0,0.0,0.0,0.0,0.0,0.0,0.0,2.2222222222222226e-19,2.2222222222222226e-19,0.0,0.0,4.444444444444445e-19,6.666666666666668e-19,0.0,6.666666666666668e-19,2.2222222222222226e-19,4.444444444444445e-19,2.2222222222222226e-19,8.444444444444445e-18,6.8888888888888895e-18,9.333333333333335e-18,0.0,2.2222222222222226e-19,0.0,0.0,0.0,0.0,2416.899227702246,1415.4976672113528,1871.9265885662473,2387.7222853784374,1880.2335883205678,1664.4754985750005,54.55161555820935,1992.3487610811653,18359.900000000096,9.179950000000048e+23,0.0,0.0
2.235e-05,163461.0,5.44869,3e+22,-258.522,2549.58,16051.9,3.62916,3.62371,3.64301,0.00150501336,-0.000105630157,0.508020865,0.0943964681,0.095507379,0.311647643,0.000822727767,0.00111284539,0.000203241761,2130.52265,-1135.07912,483.037765,-464.467944,1985.28922,1643.35511,-84.9705655,922.582407,9739.65746,44700.0,163460.733407,5.448691114,-60.00000000000001,30000 3000,1e-06,2,0.0 0.0259,0.0 0.0,-1.0 0.0,0.00054857 28.0,80000,1000,5e-10,0.0,0.0 0.0 0.0,1000 1000000 0,0,0.0,0,100,0,,20,,1,,,,1.0,10.0,0.1,False,{},,,False,3,mixed,250,300,True,Ar_Aubin,,False,uniform,Argon-Aubin-Test2/20Td,3.0000000000000005e+21,8.02595e+23,0.0,1.61656e-13,1.6162711111111113e-13,0.0,0.0,0.0,0.0,0.0,0.0,0.0,0.0,0.0,0.0,0.0,0.0,1.1111111111111113e-18,4.444444444444445e-19,0.0,0.0,2.2222222222222226e-19,4.444444444444445e-19,4.444444444444445e-19,6.666666666666668e-19,0.0,4.444444444444445e-19,1.5555555555555556e-18,9.333333333333335e-18,5.555555555555556e-18,8.666666666666667e-18,0.0,0.0,0.0,0.0,0.0,0.0,1690.411093627775,2130.9117290638537,2726.317494223668,1985.558532535684,1282.7742324533765,1584.9573371065007,-182.68502874350773,505.243445608146,20249.26000000038,1.0124630000000191e+24,0.0,0.0
2.24e-05,163556.0,5.45186,3e+22,-4958.65,-151.231,19137.2,3.66075,3.62481,3.61594,0.00143110551,-0.000192950704,0.509074392,0.0945626461,0.095780526,0.312862107,0.000805147522,0.00102828151,0.000175662925,2132.50216,1288.83152,422.956914,-1826.61965,1949.80815,790.371729,-482.862203,-833.30437,10519.6861,44800.0,163555.876878,5.451862563,-60.00000000000001,30000 3000,1e-06,2,0.0 0.0259,0.0 0.0,-1.0 0.0,0.00054857 28.0,80000,1000,5e-10,0.0,0.0 0.0 0.0,1000 1000000 0,0,0.0,0,100,0,,20,,1,,,,1.0,10.0,0.1,False,{},,,False,3,mixed,250,300,True,Ar_Aubin,,False,uniform,Argon-Aubin-Test2/20Td,3.0000000000000005e+21,9.568600000000001e+23,0.0,1.6234222222222223e-13,1.623117777777778e-13,0.0,0.0,0.0,0.0,0.0,4.444444444444445e-19,0.0,0.0,0.0,2.2222222222222226e-19,0.0,0.0,4.444444444444445e-19,0.0,2.2222222222222226e-19,0.0,0.0,0.0,0.0,4.444444444444445e-19,6.666666666666668e-19,0.0,8.88888888888889e-19,6.2222222222222225e-18,8.666666666666667e-18,1.0666666666666668e-17,0.0,2.2222222222222226e-19,4.444444444444445e-19,2.2222222222222226e-19,6.666666666666668e-19,0.0,1663.9500223301907,2139.5985113371617,2731.209277559016,1949.7789698720835,1429.266851785682,777.4276454175997,-970.4971681468735,2437.029092524828,21070.54000000108,1.0535270000000541e+24,0.0,0.0
2.245e-05,163634.0,5.45446,3e+22,-2251.17,230.492,14993.0,3.67887,3.60024,3.62849,0.00134783125,-0.000201482233,0.510118396,0.0947969944,0.0959724642,0.314044705,0.000781575635,0.000974199256,0.000177049901,-1608.57138,1475.66838,-1530.57157,-2495.41294,3591.40215,-2968.91023,5.26524116,475.865315,9590.30579,44900.0,163633.680182,5.454456006,-60.00000000000001,30000 3000,1e-06,2,0.0 0.0259,0.0 0.0,-1.0 0.0,0.00054857 28.0,80000,1000,5e-10,0.0,0.0 0.0 0.0,1000 1000000 0,0,0.0,0,100,0,,20,,1,,,,1.0,10.0,0.1,False,{},,,False,3,mixed,250,300,True,Ar_Aubin,,False,uniform,Argon-Aubin-Test2/20Td,3.0000000000000005e+21,7.4965e+23,0.0,1.6264533333333333e-13,1.6261511111111112e-13,0.0,0.0,0.0,0.0,0.0,0.0,0.0,0.0,0.0,0.0,2.2222222222222226e-19,0.0,0.0,4.444444444444445e-19,0.0,2.2222222222222226e-19,4.444444444444445e-19,6.666666666666668e-19,0.0,2.2222222222222226e-18,8.88888888888889e-19,4.444444444444445e-19,8.88888888888889e-19,6.6666666666666674e-18,8e-18,8.666666666666667e-18,0.0,2.2222222222222226e-19,0.0,0.0,2.2222222222222226e-19,0.0,2345.7971390228317,-1605.5371827249376,1919.3483488394447,3591.4485900428485,1185.566525568893,1942.1006787720007,-261.9320387514993,-397.15113324793015,20880.079999998638,1.0440039999999319e+24,0.0,0.0
2.25e-05,163186.0,5.43955,3e+22,7131.9,970.998,15883.2,3.60265,3.62205,3.65266,0.00130587835,-0.000249371691,0.51102276,0.0949598176,0.0962508453,0.315103166,0.000795004332,0.000972131108,0.000138102555,-89.0665067,65.3341348,-345.238949,-852.034962,4922.60638,1761.77269,2689.43539,-130.756225,10308.7603,45000.0,163186.364369,5.439545479,-60.00000000000001,30000 3000,1e-06,2,0.0 0.0259,0.0 0.0,-1.0 0.0,0.00054857 28.0,80000,1000,5e-10,0.0,0.0 0.0 0.0,1000 1000000 0,0,0.0,0,100,0,,20,,1,,,,1.0,10.0,0.1,False,{},,,False,3,mixed,250,300,True,Ar_Aubin,,False,uniform,Argon-Aubin-Test2/20Td,3.0000000000000005e+21,7.941600000000001e+23,0.0,1.6186288888888889e-13,1.6182733333333334e-13,0.0,0.0,0.0,0.0,0.0,0.0,0.0,2.2222222222222226e-19,0.0,2.2222222222222226e-19,0.0,0.0,8.88888888888889e-19,2.2222222222222226e-19,0.0,0.0,2.2222222222222226e-19,6.666666666666668e-19,2.2222222222222226e-19,8.88888888888889e-19,1.1111111111111113e-18,0.0,1.777777777777778e-18,1e-17,8.222222222222223e-18,1.0444444444444445e-17,0.0,0.0,0.0,0.0,4.444444444444445e-19,0.0,1629.345308134661,-98.379900504365,2783.595088499541,4922.848519413218,1349.776995951957,2192.083598367999,363.03617374857953,-1321.1083080527196,18087.280000000927,9.043640000000465e+23,0.0,0.0
2.255e-05,163476.0,5.44921,3e+22,-1918.95,-12498.0,22239.1,3.6314,3.62331,3.63998,0.00120612005,-0.000241271648,0.512198061,0.0952634913,0.0964288376,0.316470845,0.000746364539,0.000885234554,0.000174954304,3187.67523,-449.828652,-918.683586,-437.219524,2095.70228,-1535.39562,-868.763705,-5894.02093,12425.2737,45100.0,163476.175668,5.449205856,-60.00000000000001,30000 3000,1e-06,2,0.0 0.0259,0.0 0.0,-1.0 0.0,0.00054857 28.0,80000,1000,5e-10,0.0,0.0 0.0 0.0,1000 1000000 0,0,0.0,0,100,0,,20,,1,,,,1.0,10.0,0.1,False,{},,,False,3,mixed,250,300,True,Ar_Aubin,,False,uniform,Argon-Aubin-Test2/20Td,3.0000000000000005e+21,1.111955e+24,0.0,1.6205844444444443e-13,1.6202755555555557e-13,0.0,0.0,0.0,0.0,0.0,0.0,0.0,0.0,0.0,0.0,2.2222222222222226e-19,0.0,4.444444444444445e-19,2.2222222222222226e-19,0.0,0.0,2.2222222222222226e-19,6.666666666666668e-19,0.0,8.88888888888889e-19,8.88888888888889e-19,2.2222222222222226e-19,1.1111111111111113e-18,8.666666666666667e-18,7.777777777777779e-18,8.88888888888889e-18,0.0,0.0,2.2222222222222226e-19,0.0,4.444444444444445e-19,0.0,3039.2429268999435,3189.9897140699472,1779.9627423213672,2092.686866943296,1650.865458578954,1034.449801614901,-746.70692603954,-831.3878462480051,23506.01999999924,1.175300999999962e+24,0.0,0.0
2.26e-05,163618.0,5.45393,3e+22,-1698.17,-1632.88,17658.5,3.63014,3.61643,3.65948,0.00119352998,-0.000275167341,0.513269651,0.0955630285,0.0965909833,0.317636586,0.00082343601,0.000910035083,0.000151344699,2612.41372,-1114.8972,1994.90854,368.093094,2586.47683,-2080.95787,-116.181627,-1104.40909,9620.99188,45200.0,163617.895811,5.45392986,-60.00000000000001,30000 3000,1e-06,2,0.0 0.0259,0.0 0.0,-1.0 0.0,0.00054857 28.0,80000,1000,5e-10,0.0,0.0 0.0 0.0,1000 1000000 0,0,0.0,0,100,0,,20,,1,,,,1.0,10.0,0.1,False,{},,,False,3,mixed,250,300,True,Ar_Aubin,,False,uniform,Argon-Aubin-Test2/20Td,3.0000000000000005e+21,8.82925e+23,0.0,1.624971111111111e-13,1.6246666666666667e-13,0.0,0.0,0.0,0.0,0.0,0.0,0.0,0.0,0.0,0.0,0.0,0.0,2.2222222222222226e-19,2.2222222222222226e-19,2.2222222222222226e-19,0.0,0.0,6.666666666666668e-19,2.2222222222222226e-19,2.2222222222222226e-19,2.2222222222222226e-19,4.444444444444445e-19,2.2222222222222226e-18,7.555555555555556e-18,7.555555555555556e-18,1.0222222222222223e-17,0.0,0.0,0.0,0.0,4.444444444444445e-19,0.0,2995.674117618474,2614.4405368061366,1621.2819494258736,2586.027514752228,668.6005449790811,557.4197478165006,599.4032730117193,2729.2700870868402,21431.800000000225,1.0715900000000113e+24,0.0,0.0
2.265e-05,164125.0,5.47084,3e+22,-2904.81,6298.12,11262.9,3.65253,3.65689,3.63126,0.00105015715,-0.000157940619,0.514488384,0.0957848522,0.0967609097,0.318967203,0.000834389075,0.000817688569,0.000196462328,569.777565,1671.84415,639.605043,591.493323,1525.49194,114.697638,-2109.63834,1484.86651,7015.31871,45300.0,164125.056748,5.470835225,-60.00000000000001,30000 3000,1e-06,2,0.0 0.0259,0.0 0.0,-1.0 0.0,0.00054857 28.0,80000,1000,5e-10,0.0,0.0 0.0 0.0,1000 1000000 0,0,0.0,0,100,0,,20,,1,,,,1.0,10.0,0.1,False,{},,,False,3,mixed,250,300,True,Ar_Aubin,,False,uniform,Argon-Aubin-Test2/20Td,3.0000000000000005e+21,5.6314500000000004e+23,0.0,1.6259533333333332e-13,1.6256711111111113e-13,0.0,0.0,0.0,0.0,0.0,0.0,0.0,0.0,0.0,0.0,0.0,0.0,4.444444444444445e-19,0.0,0.0,0.0,2.2222222222222226e-19,1.3333333333333336e-18,0.0,1.3333333333333336e-18,4.444444444444445e-19,2.2222222222222226e-19,4.444444444444445e-19,9.111111111111112e-18,5.777777777777778e-18,8.444444444444445e-18,0.0,0.0,2.2222222222222226e-19,0.0,2.2222222222222226e-19,0.0,2221.4538377347826,572.8280719908914,1699.7717182641593,1526.4866689713365,780.5436673036237,1220.6874898464002,-400.7490551381711,12.629890762304967,24374.65999999944,1.218732999999972e+24,0.0,0.0
2.27e-05,163838.0,5.46128,3e+22,2831.33,-1082.15,12031.4,3.65827,3.63125,3.63217,0.00105323686,-0.000109637303,0.515419597,0.0960374424,0.0969915696,0.320077447,0.000884664374,0.000805058538,0.000175143611,5105.20177,-1142.37717,-1278.83468,1867.83946,628.306632,1700.24285,1372.01505,-110.461835,8712.8874,45400.0,163838.467422,5.461282247,-60.00000000000001,30000 3000,1e-06,2,0.0 0.0259,0.0 0.0,-1.0 0.0,0.00054857 28.0,80000,1000,5e-10,0.0,0.0 0.0 0.0,1000 1000000 0,0,0.0,0,100,0,,20,,1,,,,1.0,10.0,0.1,False,{},,,False,3,mixed,250,300,True,Ar_Aubin,,False,uniform,Argon-Aubin-Test2/20Td,3.0000000000000005e+21,6.0157e+23,0.0,1.6283e-13,1.6279644444444447e-13,2.2222222222222226e-19,0.0,0.0,0.0,0.0,0.0,0.0,0.0,0.0,0.0,0.0,0.0,4.444444444444445e-19,0.0,4.444444444444445e-19,0.0,0.0,0.0,0.0,1.1111111111111113e-18,4.444444444444445e-19,8.88888888888889e-19,1.3333333333333336e-18,9.777777777777779e-18,8.666666666666667e-18,1e-17,0.0,0.0,0.0,2.2222222222222226e-19,0.0,0.0,2525.837221564326,5102.219708881176,2306.728249009127,628.1879879925585,1511.802992890665,2511.6680606542004,-303.90587754399553,-1378.814511531414,18624.259999999726,9.312129999999863e+23,0.0,0.0
2.275e-05,163800.0,5.45999,3e+22,2452.5,2729.58,16106.9,3.6203,3.66823,3.62991,0.00109329343,-0.000175896275,0.516484766,0.0962541516,0.0972015476,0.32131636,0.000873227161,0.000728675818,0.000155036253,1093.14022,950.650047,568.825151,190.441636,3163.08571,2040.52263,1430.55419,2537.33402,9893.24113,45500.0,163799.75807,5.459991936,-60.00000000000001,30000 3000,1e-06,2,0.0 0.0259,0.0 0.0,-1.0 0.0,0.00054857 28.0,80000,1000,5e-10,0.0,0.0 0.0 0.0,1000 1000000 0,0,0.0,0,100,0,,20,,1,,,,1.0,10.0,0.1,False,{},,,False,3,mixed,250,300,True,Ar_Aubin,,False,uniform,Argon-Aubin-Test2/20Td,3.0000000000000005e+21,8.053450000000001e+23,0.0,1.6276377777777778e-13,1.6273022222222225e-13,0.0,0.0,0.0,0.0,0.0,0.0,0.0,0.0,0.0,0.0,0.0,0.0,4.444444444444445e-19,2.2222222222222226e-19,2.2222222222222226e-19,0.0,0.0,2.2222222222222226e-19,0.0,2.2222222222222226e-19,4.444444444444445e-19,4.444444444444445e-19,1.3333333333333336e-18,1.3111111111111113e-17,8.222222222222223e-18,8.222222222222223e-18,0.0,0.0,0.0,0.0,4.444444444444445e-19,0.0,2166.2321735917144,1090.458917862925,2099.590808386509,3163.5658329543144,1397.6046156760624,1574.272652514599,-1963.8640687228415,715.090884437333,21303.38000000176,1.0651690000000882e+24,0.0,0.0
2.28e-05,163728.0,5.45759,3e+22,4664.61,-3980.2,13348.7,3.62196,3.62826,3.66374,0.00103778237,-8.94975395e-05,0.517460162,0.0964186782,0.097358999,0.322481824,0.000807141936,0.000728274884,0.000208146925,690.699166,1938.21711,142.470665,-2863.64584,5248.90169,95.4214303,2588.84895,-1226.42427,7724.34808,45600.0,163727.769791,5.457592326,-60.00000000000001,30000 3000,1e-06,2,0.0 0.0259,0.0 0.0,-1.0 0.0,0.00054857 28.0,80000,1000,5e-10,0.0,0.0 0.0 0.0,1000 1000000 0,0,0.0,0,100,0,,20,,1,,,,1.0,10.0,0.1,False,{},,,False,3,mixed,250,300,True,Ar_Aubin,,False,uniform,Argon-Aubin-Test2/20Td,3.0000000000000005e+21,6.674350000000001e+23,0.0,1.62726e-13,1.6269511111111113e-13,0.0,0.0,0.0,0.0,0.0,2.2222222222222226e-19,4.444444444444445e-19,0.0,0.0,0.0,0.0,2.2222222222222226e-19,4.444444444444445e-19,2.2222222222222226e-19,0.0,0.0,2.2222222222222226e-19,2.2222222222222226e-19,2.2222222222222226e-19,6.666666666666668e-19,4.444444444444445e-19,4.444444444444445e-19,1.777777777777778e-18,8e-18,6.6666666666666674e-18,1e-17,0.0,2.2222222222222226e-19,0.0,0.0,4.444444444444445e-19,0.0,1646.4489827659745,685.8583159790743,1574.7432968998833,5248.5454718932815,1569.5825300848787,816.927615510599,545.148681238871,303.71672321076085,19507.919999999234,9.753959999999618e+23,0.0,0.0
2.285e-05,163491.0,5.44968,3e+22,5121.99,-3713.94,17155.8,3.63902,3.64673,3.61172,0.00100165207,-0.000108143495,0.518386109,0.0967328453,0.0975771521,0.323555339,0.000796504585,0.000696991442,0.00021341969,2631.43734,1382.81891,-2040.28684,1619.7724,1817.2217,3099.29344,3818.07312,-2327.85491,9581.52274,45700.0,163490.51247,5.449683749,-60.00000000000001,30000 3000,1e-06,2,0.0 0.0259,0.0 0.0,-1.0 0.0,0.00054857 28.0,80000,1000,5e-10,0.0,0.0 0.0 0.0,1000 1000000 0,0,0.0,0,100,0,,20,,1,,,,1.0,10.0,0.1,False,{},,,False,3,mixed,250,300,True,Ar_Aubin,,False,uniform,Argon-Aubin-Test2/20Td,3.0000000000000005e+21,8.5779e+23,0.0,1.6219222222222222e-13,1.621597777777778e-13,0.0,0.0,0.0,0.0,0.0,0.0,0.0,0.0,0.0,0.0,0.0,0.0,8.88888888888889e-19,2.2222222222222226e-19,0.0,0.0,0.0,8.88888888888889e-19,0.0,8.88888888888889e-19,4.444444444444445e-19,2.2222222222222226e-19,1.1111111111111113e-18,9.777777777777779e-18,8.666666666666667e-18,8.88888888888889e-18,0.0,4.444444444444445e-19,0.0,0.0,0.0,0.0,3142.4078537814485,2626.3068881139807,2181.49414794061,1816.8200615481799,1143.7625290633414,688.1943312178009,-270.298556763035,-894.5663290194159,18518.940000000763,9.259470000000381e+23,0.0,0.0
2.29e-05,163560.0,5.45198,3e+22,-3090.32,-13812.6,21628.4,3.64441,3.59395,3.66181,0.00114716149,-0.000213317565,0.51934541,0.0969495222,0.09779649,0.324690042,0.000811465495,0.000788040736,0.000177379058,129.550654,1324.30925,2246.14624,-2044.29583,1366.34323,-2240.73021,-1710.8399,-6322.72038,12290.0951,45800.0,163559.50469,5.45198349,-60.00000000000001,30000 3000,1e-06,2,0.0 0.0259,0.0 0.0,-1.0 0.0,0.00054857 28.0,80000,1000,5e-10,0.0,0.0 0.0 0.0,1000 1000000 0,0,0.0,0,100,0,,20,,1,,,,1.0,10.0,0.1,False,{},,,False,3,mixed,250,300,True,Ar_Aubin,,False,uniform,Argon-Aubin-Test2/20Td,3.0000000000000005e+21,1.0814200000000001e+24,0.0,1.620728888888889e-13,1.6204511111111113e-13,0.0,0.0,0.0,0.0,0.0,0.0,0.0,0.0,0.0,0.0,0.0,2.2222222222222226e-19,4.444444444444445e-19,0.0,0.0,2.2222222222222226e-19,0.0,6.666666666666668e-19,0.0,8.88888888888889e-19,4.444444444444445e-19,6.666666666666668e-19,4.444444444444445e-19,8.444444444444445e-18,5.555555555555556e-18,9.111111111111112e-18,0.0,2.2222222222222226e-19,0.0,0.0,4.444444444444445e-19,0.0,2163.6422738520455,133.09575009577682,2193.0409063197767,1363.396759801681,1392.061160918612,1057.4848343559988,290.3751755766945,2115.438579860884,19186.01999999936,9.593009999999682e+23,0.0,0.0
2.295e-05,163716.0,5.45719,3e+22,5426.24,4652.08,16412.3,3.62497,3.61343,3.67414,0.00118918413,-0.0003550058,0.520459188,0.097223289,0.0980004028,0.325966747,0.000759630886,0.000834731559,9.96076309e-05,1682.55417,2941.26447,227.01355,-168.328247,-732.310203,1610.74534,2306.25414,1211.29272,9419.33706,45900.0,163715.574644,5.457185821,-60.00000000000001,30000 3000,1e-06,2,0.0 0.0259,0.0 0.0,-1.0 0.0,0.00054857 28.0,80000,1000,5e-10,0.0,0.0 0.0 0.0,1000 1000000 0,0,0.0,0,100,0,,20,,1,,,,1.0,10.0,0.1,False,{},,,False,3,mixed,250,300,True,Ar_Aubin,,False,uniform,Argon-Aubin-Test2/20Td,3.0000000000000005e+21,8.206150000000001e+23,0.0,1.623071111111111e-13,1.6227555555555557e-13,0.0,0.0,0.0,0.0,0.0,0.0,0.0,0.0,0.0,0.0,0.0,0.0,1.1111111111111113e-18,2.2222222222222226e-19,0.0,0.0,4.444444444444445e-19,0.0,0.0,0.0,8.88888888888889e-19,4.444444444444445e-19,1.3333333333333336e-18,1.0222222222222223e-17,8.444444444444445e-18,8.222222222222223e-18,0.0,0.0,0.0,0.0,2.2222222222222226e-19,0.0,2736.686205890987,1676.101371506429,2038.3227526550586,-730.658687617936,1185.9351444870604,877.4047287876001,470.8414135594884,-310.3860209899185,22275.560000000194,1.1137780000000099e+24,0.0,0.0
2.3e-05,163797.0,5.4599,3e+22,431.77,5969.36,19475.2,3.63356,3.65465,3.62921,0.00115155132,-0.000308322844,0.521540624,0.0974884095,0.0981737153,0.327217368,0.000711077674,0.000754542962,0.000118446608,803.275818,-282.032446,-197.840089,-348.754991,3154.29487,-2031.2207,1591.34647,907.997046,10649.6358,46000.0,163796.875159,5.459895839,-60.00000000000001,30000 3000,1e-06,2,0.0 0.0259,0.0 0.0,-1.0 0.0,0.00054857 28.0,80000,1000,5e-10,0.0,0.0 0.0 0.0,1000 1000000 0,0,0.0,0,100,0,,20,,1,,,,1.0,10.0,0.1,False,{},,,False,3,mixed,250,300,True,Ar_Aubin,,False,uniform,Argon-Aubin-Test2/20Td,3.0000000000000005e+21,9.737600000000002e+23,0.0,1.6245177777777778e-13,1.6242e-13,0.0,0.0,0.0,0.0,0.0,0.0,0.0,2.2222222222222226e-19,0.0,0.0,0.0,0.0,2.2222222222222226e-19,0.0,2.2222222222222226e-19,0.0,2.2222222222222226e-19,2.2222222222222226e-19,2.2222222222222226e-19,1.3333333333333336e-18,6.666666666666668e-19,2.2222222222222226e-19,6.666666666666668e-19,1.0222222222222223e-17,6.8888888888888895e-18,1e-17,0.0,2.2222222222222226e-19,0.0,2.2222222222222226e-19,0.0,0.0,2652.0858845244247,802.7786126865635,1733.4346614190922,3156.13536005206,1237.6489130999646,492.5278394752004,-1236.9516863707443,1145.894093508256,21628.719999999823,1.0814359999999913e+24,0.0,0.0
2.305e-05,164119.0,5.47065,3e+22,-3542.24,-6072.97,19078.7,3.64988,3.67104,3.61802,0.00105440723,-0.000427127749,0.522628546,0.0977097486,0.0983108962,0.328514675,0.000677210884,0.000720172773,4.41380892e-05,1979.07432,1892.2214,-95.4094691,-1885.97918,4674.73658,-596.725243,48.5662231,-3641.28725,10811.7521,46100.0,164119.39693,5.470646564,-60.00000000000001,30000 3000,1e-06,2,0.0 0.0259,0.0 0.0,-1.0 0.0,0.00054857 28.0,80000,1000,5e-10,0.0,0.0 0.0 0.0,1000 1000000 0,0,0.0,0,100,0,,20,,1,,,,1.0,10.0,0.1,False,{},,,False,3,mixed,250,300,True,Ar_Aubin,,False,uniform,Argon-Aubin-Test2/20Td,3.0000000000000005e+21,9.53935e+23,0.0,1.63048e-13,1.630208888888889e-13,2.2222222222222226e-19,0.0,0.0,0.0,0.0,0.0,2.2222222222222226e-19,2.2222222222222226e-19,0.0,0.0,2.2222222222222226e-19,0.0,8.88888888888889e-19,2.2222222222222226e-19,0.0,2.2222222222222226e-19,0.0,8.88888888888889e-19,0.0,2.2222222222222226e-19,8.88888888888889e-19,6.666666666666668e-19,2e-18,6.8888888888888895e-18,6.8888888888888895e-18,6.0000000000000004e-18,0.0,0.0,0.0,0.0,4.444444444444445e-19,0.0,2215.5339583590508,1982.809283466395,1370.9352486215853,4672.142645994155,1613.323882352913,840.6788594297996,302.9457498807229,1784.3157755640386,21758.43999999927,1.0879219999999635e+24,0.0,0.0
2.31e-05,164131.0,5.47103,3e+22,-3942.52,-1791.21,17005.4,3.64139,3.64425,3.65468,0.00104922411,-0.000544515964,0.523660824,0.0980171265,0.0984741024,0.329683878,0.000674466818,0.000731166526,-2.03575124e-05,4656.27253,-1617.0353,-639.327211,-1826.30514,4045.44423,2321.56173,-4288.25542,334.512783,10418.3508,46200.0,164131.021875,5.471034062,-60.00000000000001,30000 3000,1e-06,2,0.0 0.0259,0.0 0.0,-1.0 0.0,0.00054857 28.0,80000,1000,5e-10,0.0,0.0 0.0 0.0,1000 1000000 0,0,0.0,0,100,0,,20,,1,,,,1.0,10.0,0.1,False,{},,,False,3,mixed,250,300,True,Ar_Aubin,,False,uniform,Argon-Aubin-Test2/20Td,3.0000000000000005e+21,8.502700000000002e+23,0.0,1.6323488888888888e-13,1.6320355555555558e-13,2.2222222222222226e-19,0.0,0.0,0.0,0.0,0.0,0.0,0.0,0.0,0.0,0.0,0.0,4.444444444444445e-19,2.2222222222222226e-19,0.0,2.2222222222222226e-19,2.2222222222222226e-19,4.444444444444445e-19,0.0,6.666666666666668e-19,1.1111111111111113e-18,0.0,1.3333333333333336e-18,1e-17,8e-18,8.222222222222223e-18,0.0,2.2222222222222226e-19,0.0,0.0,0.0,0.0,3073.888033736788,4660.409117038157,1630.9214047890987,4044.4688875601237,891.4150171507318,1513.2890235503983,252.39017007041645,-2880.8818348437144,20645.560000001064,1.0322780000000532e+24,0.0,0.0
2.315e-05,163985.0,5.46615,3e+22,3712.7,-187.855,19656.3,3.64896,3.65315,3.62792,0.00108337209,-0.000653734076,0.524686085,0.0982587355,0.0985994621,0.330905616,0.000611373199,0.000763469283,-9.88242457e-05,4174.2576,1254.40943,1113.33892,248.00437,1539.25262,2023.96592,966.762197,-686.004381,11549.3799,46300.0,163984.644064,5.466154802,-60.00000000000001,30000 3000,1e-06,2,0.0 0.0259,0.0 0.0,-1.0 0.0,0.00054857 28.0,80000,1000,5e-10,0.0,0.0 0.0 0.0,1000 1000000 0,0,0.0,0,100,0,,20,,1,,,,1.0,10.0,0.1,False,{},,,False,3,mixed,250,300,True,Ar_Aubin,,False,uniform,Argon-Aubin-Test2/20Td,3.0000000000000005e+21,9.828150000000001e+23,0.0,1.6288177777777776e-13,1.6284755555555558e-13,0.0,0.0,0.0,0.0,0.0,0.0,0.0,0.0,0.0,0.0,2.2222222222222226e-19,0.0,6.666666666666668e-19,0.0,0.0,0.0,0.0,6.666666666666668e-19,0.0,4.444444444444445e-19,2.2222222222222226e-19,2.2222222222222226e-19,2.2222222222222226e-18,1.1555555555555557e-17,8.222222222222223e-18,9.333333333333335e-18,0.0,0.0,4.444444444444445e-19,0.0,0.0,0.0,2415.361761476248,4170.235364441457,1252.2882939292047,1539.129812785153,1469.0879973178196,1235.992807414499,266.2011700579805,110.80400240783342,20505.21999999999,1.0252609999999995e+24,0.0,0.0
2.32e-05,164139.0,5.4713,3e+22,-1586.49,8288.25,16713.6,3.67685,3.66248,3.60128,0.00111714843,-0.000717927051,0.525701275,0.0984641058,0.0988673788,0.332118677,0.000618247077,0.000806223883,-0.000149434276,886.975848,2173.12276,118.118609,-2971.77815,4061.44564,-1253.45067,-816.917801,3975.55728,11341.8394,46400.0,164139.139272,5.471304642,-60.00000000000001,30000 3000,1e-06,2,0.0 0.0259,0.0 0.0,-1.0 0.0,0.00054857 28.0,80000,1000,5e-10,0.0,0.0 0.0 0.0,1000 1000000 0,0,0.0,0,100,0,,20,,1,,,,1.0,10.0,0.1,False,{},,,False,3,mixed,250,300,True,Ar_Aubin,,False,uniform,Argon-Aubin-Test2/20Td,3.0000000000000005e+21,8.3568e+23,0.0,1.630451111111111e-13,1.6301755555555557e-13,0.0,0.0,0.0,0.0,0.0,0.0,0.0,2.2222222222222226e-19,0.0,0.0,0.0,0.0,2.2222222222222226e-19,0.0,2.2222222222222226e-19,0.0,0.0,1.1111111111111113e-18,0.0,1.5555555555555556e-18,8.88888888888889e-19,8.88888888888889e-19,8.88888888888889e-19,8.444444444444445e-18,6.444444444444445e-18,5.777777777777778e-18,0.0,2.2222222222222226e-19,0.0,2.2222222222222226e-19,4.444444444444445e-19,0.0,2052.9597447073447,888.7481928127107,2678.2864899158044,4067.395998880451,1467.1825600159893,2555.4785701600013,477.97012970239064,116.54905177510193,20303.799999998875,1.0151899999999439e+24,0.0,0.0
2.325e-05,164301.0,5.4767,3e+22,-3079.43,-1316.75,18815.7,3.6241,3.68035,3.64687,0.00114376939,-0.000653427606,0.526766324,0.098652567,0.0991259963,0.333405123,0.000613501092,0.000861065365,-0.000128921951,1440.39345,594.971474,1204.44113,-2440.92549,685.847059,-163.275824,-3450.74918,549.256044,10144.2335,46500.0,164301.05374,5.476701791,-60.00000000000001,30000 3000,1e-06,2,0.0 0.0259,0.0 0.0,-1.0 0.0,0.00054857 28.0,80000,1000,5e-10,0.0,0.0 0.0 0.0,1000 1000000 0,0,0.0,0,100,0,,20,,1,,,,1.0,10.0,0.1,False,{},,,False,3,mixed,250,300,True,Ar_Aubin,,False,uniform,Argon-Aubin-Test2/20Td,3.0000000000000005e+21,9.40785e+23,0.0,1.6310866666666665e-13,1.6307911111111113e-13,0.0,0.0,0.0,0.0,0.0,0.0,0.0,2.2222222222222226e-19,0.0,0.0,0.0,0.0,4.444444444444445e-19,2.2222222222222226e-19,0.0,0.0,0.0,6.666666666666668e-19,0.0,4.444444444444445e-19,4.444444444444445e-19,2.2222222222222226e-19,6.666666666666668e-19,1.0444444444444445e-17,6.444444444444445e-18,8.222222222222223e-18,0.0,2.2222222222222226e-19,0.0,4.444444444444445e-19,4.444444444444445e-19,0.0,1884.010121971508,1443.9156077726477,2587.0595161427145,684.9866581997994,1655.1643615270173,232.75637751320028,792.5727788245175,-645.6888505961028,21300.980000000804,1.0650490000000402e+24,0.0,0.0
2.33e-05,164381.0,5.47938,3e+22,8315.81,-4714.32,15524.3,3.64149,3.67577,3.63961,0.00124526844,-0.000778235105,0.527893783,0.0989459875,0.0993378822,0.334727391,0.000609602064,0.000977885177,-0.000246846098,2904.22418,-340.199169,1839.43532,-444.713035,438.490057,-1291.65394,3810.65825,-2650.37147,10592.0118,46600.0,164381.496021,5.479383201,-60.00000000000001,30000 3000,1e-06,2,0.0 0.0259,0.0 0.0,-1.0 0.0,0.00054857 28.0,80000,1000,5e-10,0.0,0.0 0.0 0.0,1000 1000000 0,0,0.0,0,100,0,,20,,1,,,,1.0,10.0,0.1,False,{},,,False,3,mixed,250,300,True,Ar_Aubin,,False,uniform,Argon-Aubin-Test2/20Td,3.0000000000000005e+21,7.76215e+23,0.0,1.630631111111111e-13,1.6303000000000001e-13,0.0,0.0,0.0,0.0,0.0,0.0,0.0,0.0,0.0,2.2222222222222226e-19,0.0,0.0,4.444444444444445e-19,4.444444444444445e-19,0.0,0.0,0.0,1.1111111111111113e-18,0.0,4.444444444444445e-19,1.3333333333333336e-18,4.444444444444445e-19,1.3333333333333336e-18,8.88888888888889e-18,8.222222222222223e-18,9.333333333333335e-18,0.0,0.0,4.444444444444445e-19,0.0,4.444444444444445e-19,0.0,2931.780149298402,2893.868764253964,2117.072177576368,434.8212076797964,1331.8197042183622,2396.8303445731,1238.9908286382715,1240.8972495476783,22549.179999999946,1.1274589999999974e+24,0.0,0.0
2.335e-05,164272.0,5.47573,3e+22,5479.5,-1701.61,25735.7,3.64011,3.65738,3.65,0.00127970219,-0.000786274143,0.528922825,0.0991678039,0.0995648829,0.335902971,0.000637836978,0.000995848018,-0.000319559754,2757.80185,1037.09168,-354.558322,183.432042,3995.40183,152.758547,2319.12667,-3547.44681,14720.8999,46700.0,164271.769699,5.475725657,-60.00000000000001,30000 3000,1e-06,2,0.0 0.0259,0.0 0.0,-1.0 0.0,0.00054857 28.0,80000,1000,5e-10,0.0,0.0 0.0 0.0,1000 1000000 0,0,0.0,0,100,0,,20,,1,,,,1.0,10.0,0.1,False,{},,,False,3,mixed,250,300,True,Ar_Aubin,,False,uniform,Argon-Aubin-Test2/20Td,3.0000000000000005e+21,1.286785e+24,0.0,1.6326933333333332e-13,1.63236e-13,0.0,0.0,0.0,0.0,0.0,0.0,0.0,0.0,0.0,2.2222222222222226e-19,0.0,0.0,2.2222222222222226e-19,4.444444444444445e-19,0.0,0.0,0.0,4.444444444444445e-19,4.444444444444445e-19,8.88888888888889e-19,8.88888888888889e-19,2.2222222222222226e-19,2e-18,1.0444444444444445e-17,7.111111111111112e-18,8.88888888888889e-18,0.0,2.2222222222222226e-19,0.0,2.2222222222222226e-19,6.666666666666668e-19,0.0,2217.294557925742,2750.7897218498947,2269.8812285069926,3994.0638980555295,880.7132407046004,1108.7007526475008,-30.627777027560004,-966.5983032386825,20580.8399999996,1.0290419999999801e+24,0.0,0.0
2.34e-05,164041.0,5.46802,3e+22,403.422,-2687.52,19458.4,3.66025,3.62215,3.65145,0.00122156151,-0.000800687652,0.529875231,0.0993678038,0.0997545385,0.337001866,0.000693689686,0.000928886018,-0.000312799437,4126.43313,2090.70063,578.167058,-281.847686,-70.9220713,-1817.7811,-289.802349,-1104.7052,11873.6449,46800.0,164040.56646,5.468018882,-60.00000000000001,30000 3000,1e-06,2,0.0 0.0259,0.0 0.0,-1.0 0.0,0.00054857 28.0,80000,1000,5e-10,0.0,0.0 0.0 0.0,1000 1000000 0,0,0.0,0,100,0,,20,,1,,,,1.0,10.0,0.1,False,{},,,False,3,mixed,250,300,True,Ar_Aubin,,False,uniform,Argon-Aubin-Test2/20Td,3.0000000000000005e+21,9.729200000000002e+23,0.0,1.6270977777777778e-13,1.6267644444444446e-13,0.0,0.0,0.0,0.0,0.0,0.0,0.0,0.0,0.0,0.0,0.0,0.0,2.2222222222222226e-19,0.0,0.0,0.0,2.2222222222222226e-19,1.3333333333333336e-18,2.2222222222222226e-19,6.666666666666668e-19,4.444444444444445e-19,2.2222222222222226e-19,1.3333333333333336e-18,9.333333333333335e-18,9.333333333333335e-18,9.555555555555557e-18,0.0,2.2222222222222226e-19,0.0,0.0,2.2222222222222226e-19,0.0,2001.4532517237394,4125.940325212513,1896.3272631188079,-73.07393537850304,904.8937867728313,1563.120705109599,-747.4697959694424,50.831751073334004,19048.120000000337,9.52406000000017e+23,0.0,0.0
2.345e-05,164295.0,5.47651,3e+22,2937.54,-4096.82,19605.2,3.67222,3.65093,3.62755,0.00119214078,-0.000771740329,0.531005471,0.0996261133,0.0999707297,0.338299367,0.000697077746,0.00089751869,-0.000332013204,1668.59346,3724.73326,359.006052,-2236.76272,-98.1639873,872.411358,3385.31401,-1867.5067,12091.1785,46900.0,164295.445217,5.476514841,-60.00000000000001,30000 3000,1e-06,2,0.0 0.0259,0.0 0.0,-1.0 0.0,0.00054857 28.0,80000,1000,5e-10,0.0,0.0 0.0 0.0,1000 1000000 0,0,0.0,0,100,0,,20,,1,,,,1.0,10.0,0.1,False,{},,,False,3,mixed,250,300,True,Ar_Aubin,,False,uniform,Argon-Aubin-Test2/20Td,3.0000000000000005e+21,9.802600000000002e+23,0.0,1.630648888888889e-13,1.6303466666666667e-13,2.2222222222222226e-19,2.2222222222222226e-19,0.0,0.0,0.0,2.2222222222222226e-19,0.0,0.0,0.0,0.0,0.0,0.0,6.666666666666668e-19,2.2222222222222226e-19,0.0,0.0,0.0,2.2222222222222226e-19,2.2222222222222226e-19,0.0,4.444444444444445e-19,2.2222222222222226e-19,1.1111111111111113e-18,8.88888888888889e-18,7.333333333333334e-18,9.777777777777779e-18,0.0,2.2222222222222226e-19,0.0,2.2222222222222226e-19,0.0,0.0,2583.8051288337715,1665.091498773119,2162.367175806562,-101.32566851465378,984.5119537160718,1680.7100399508,-342.50834180497026,2161.0980922986046,22604.79999999898,1.130239999999949e+24,0.0,0.0
2.35e-05,164314.0,5.47713,3e+22,1335.93,9137.46,17316.7,3.65554,3.69775,3.59878,0.00122359041,-0.000737064559,0.531977024,0.0997930851,0.100215137,0.339523452,0.000713296159,0.000923653359,-0.000328804247,2717.04162,858.969073,968.113846,-1512.34698,2421.83423,67.7427637,1557.694,4880.3551,11048.8691,47000.0,164313.925979,5.477130866,-60.00000000000001,30000 3000,1e-06,2,0.0 0.0259,0.0 0.0,-1.0 0.0,0.00054857 28.0,80000,1000,5e-10,0.0,0.0 0.0 0.0,1000 1000000 0,0,0.0,0,100,0,,20,,1,,,,1.0,10.0,0.1,False,{},,,False,3,mixed,250,300,True,Ar_Aubin,,False,uniform,Argon-Aubin-Test2/20Td,3.0000000000000005e+21,8.65835e+23,0.0,1.6321755555555556e-13,1.6318844444444445e-13,0.0,0.0,0.0,0.0,0.0,0.0,0.0,0.0,0.0,0.0,0.0,2.2222222222222226e-19,6.666666666666668e-19,6.666666666666668e-19,0.0,0.0,0.0,8.88888888888889e-19,2.2222222222222226e-19,4.444444444444445e-19,8.88888888888889e-19,4.444444444444445e-19,1.1111111111111113e-18,8.666666666666667e-18,6.8888888888888895e-18,8e-18,0.0,0.0,0.0,0.0,0.0,0.0,1668.9582614788646,2715.4069888635686,2444.596189712656,2428.56912792528,1913.411680351529,1836.7825684991985,164.9192095093486,1793.9352322748323,19431.060000001387,9.715530000000694e+23,0.0,0.0
2.355e-05,164592.0,5.48641,3e+22,5862.04,-4207.21,20019.7,3.64576,3.66455,3.65994,0.00123705318,-0.000672873176,0.53310125,0.10006697,0.100457675,0.340856173,0.000742043976,0.000912585968,-0.000274899899,-204.646719,1128.53192,-1834.23343,720.611916,2374.95749,1499.41979,2905.52734,-3140.11836,14299.4105,47100.0,164592.331645,5.486411055,-60.00000000000001,30000 3000,1e-06,2,0.0 0.0259,0.0 0.0,-1.0 0.0,0.00054857 28.0,80000,1000,5e-10,0.0,0.0 0.0 0.0,1000 1000000 0,0,0.0,0,100,0,,20,,1,,,,1.0,10.0,0.1,False,{},,,False,3,mixed,250,300,True,Ar_Aubin,,False,uniform,Argon-Aubin-Test2/20Td,3.0000000000000005e+21,1.0009850000000001e+24,0.0,1.6315044444444445e-13,1.631208888888889e-13,0.0,0.0,0.0,0.0,0.0,0.0,0.0,0.0,0.0,0.0,0.0,0.0,2.2222222222222226e-19,2.2222222222222226e-19,0.0,0.0,4.444444444444445e-19,2.2222222222222226e-19,0.0,8.88888888888889e-19,1.5555555555555556e-18,0.0,1.3333333333333336e-18,6.8888888888888895e-18,8.444444444444445e-18,9.111111111111112e-18,0.0,0.0,0.0,0.0,2.2222222222222226e-19,0.0,2738.5177292130193,-211.8983742232872,2426.2850585315964,2372.126571245201,1353.3231233409106,3626.8834053749997,-392.400053354702,-2078.532375097646,22484.51999999901,1.1242259999999507e+24,0.0,0.0
2.36e-05,164566.0,5.48555,3e+22,1721.95,-4493.87,19560.3,3.68452,3.64963,3.63463,0.00132497436,-0.000692523728,0.534087164,0.100237928,0.100712784,0.342063724,0.000761837718,0.000959405227,-0.000214911829,-143.59492,1306.37888,-1541.64945,1106.70248,719.772889,866.031227,259.929393,-356.117259,11865.7419,47200.0,164566.374691,5.485545823,-60.00000000000001,30000 3000,1e-06,2,0.0 0.0259,0.0 0.0,-1.0 0.0,0.00054857 28.0,80000,1000,5e-10,0.0,0.0 0.0 0.0,1000 1000000 0,0,0.0,0,100,0,,20,,1,,,,1.0,10.0,0.1,False,{},,,False,3,mixed,250,300,True,Ar_Aubin,,False,uniform,Argon-Aubin-Test2/20Td,3.0000000000000005e+21,9.78015e+23,0.0,1.6385244444444443e-13,1.6382200000000002e-13,0.0,0.0,0.0,0.0,0.0,2.2222222222222226e-19,0.0,0.0,0.0,0.0,0.0,0.0,6.666666666666668e-19,0.0,0.0,0.0,6.666666666666668e-19,4.444444444444445e-19,0.0,6.666666666666668e-19,1.1111111111111113e-18,6.666666666666668e-19,1.3333333333333336e-18,7.555555555555556e-18,7.333333333333334e-18,9.333333333333335e-18,0.0,0.0,0.0,0.0,4.444444444444445e-19,0.0,1707.3274351549207,-145.876459599202,2550.821691971461,716.6607773944526,1553.950019996253,1418.836746010802,-27.158854612797413,-2227.308345023708,19718.280000000643,9.859140000000322e+23,0.0,0.0
2.365e-05,164594.0,5.48645,3e+22,6898.55,-57.6958,15370.8,3.68215,3.63894,3.6502,0.00139076641,-0.000760921073,0.535137473,0.100330353,0.100919027,0.343339099,0.000791330251,0.000978850272,-0.000223950296,3230.0458,-1379.76143,-82.0390823,1425.76521,1194.50119,2308.95072,4648.7367,-170.70305,9396.00771,47300.0,164593.557664,5.486451922,-60.00000000000001,30000 3000,1e-06,2,0.0 0.0259,0.0 0.0,-1.0 0.0,0.00054857 28.0,80000,1000,5e-10,0.0,0.0 0.0 0.0,1000 1000000 0,0,0.0,0,100,0,,20,,1,,,,1.0,10.0,0.1,False,{},,,False,3,mixed,250,300,True,Ar_Aubin,,False,uniform,Argon-Aubin-Test2/20Td,3.0000000000000005e+21,7.6854e+23,0.0,1.638151111111111e-13,1.6378333333333335e-13,0.0,0.0,0.0,0.0,0.0,0.0,0.0,0.0,0.0,0.0,0.0,0.0,2.2222222222222226e-19,2.2222222222222226e-19,0.0,0.0,2.2222222222222226e-19,4.444444444444445e-19,0.0,1.1111111111111113e-18,4.444444444444445e-19,0.0,1.1111111111111113e-18,1.0444444444444445e-17,6.2222222222222225e-18,1.0666666666666668e-17,0.0,2.2222222222222226e-19,2.2222222222222226e-19,0.0,2.2222222222222226e-19,0.0,922.4632584746429,3220.4515283822943,2061.4358823449475,1194.4572880499563,1523.5874073710188,1170.5166400115995,-343.08757751134016,853.6478110010225,21006.180000000542,1.0503090000000271e+24,0.0,0.0
2.37e-05,164424.0,5.48081,3e+22,-7433.71,2228.57,30097.1,3.66131,3.66606,3.62876,0.0015687463,-0.000829566508,0.536358633,0.100558567,0.101134446,0.344732392,0.00076496858,0.00108644015,-0.000251893535,2182.93601,-1242.23438,-956.780023,-702.158003,2277.39753,-334.91696,-2509.51287,1543.9172,18742.868,47400.0,164424.3323,5.480811077,-60.00000000000001,30000 3000,1e-06,2,0.0 0.0259,0.0 0.0,-1.0 0.0,0.00054857 28.0,80000,1000,5e-10,0.0,0.0 0.0 0.0,1000 1000000 0,0,0.0,0,100,0,,20,,1,,,,1.0,10.0,0.1,False,{},,,False,3,mixed,250,300,True,Ar_Aubin,,False,uniform,Argon-Aubin-Test2/20Td,3.0000000000000005e+21,1.5048549999999998e+24,0.0,1.6342822222222221e-13,1.6338711111111112e-13,0.0,0.0,0.0,0.0,0.0,2.2222222222222226e-19,0.0,0.0,0.0,0.0,0.0,0.0,2.2222222222222226e-19,2.2222222222222226e-19,0.0,0.0,2.2222222222222226e-19,6.666666666666668e-19,2.2222222222222226e-19,1.777777777777778e-18,8.88888888888889e-19,8.88888888888889e-19,2e-18,1.3555555555555557e-17,9.111111111111112e-18,1.1111111111111113e-17,0.0,0.0,0.0,0.0,0.0,0.0,2276.872662534263,2194.597615057773,2153.098202881537,2279.246277032734,848.2481519711538,2600.0285867356997,208.6095837774797,473.6269264527,24423.19999999887,1.2211599999999434e+24,0.0,0.0
2.375e-05,164658.0,5.48859,3e+22,2289.26,-4192.65,12867.4,3.69684,3.65881,3.62046,0.001628937,-0.000905291472,0.537518553,0.100762419,0.101316159,0.346122498,0.000796971209,0.00110413722,-0.000351906985,47.7481269,-1418.19926,-546.209491,-2110.21836,1943.91964,-451.969102,-512.690029,-2998.26722,8534.26309,47500.0,164657.664725,5.488588824,-60.00000000000001,30000 3000,1e-06,2,0.0 0.0259,0.0 0.0,-1.0 0.0,0.00054857 28.0,80000,1000,5e-10,0.0,0.0 0.0 0.0,1000 1000000 0,0,0.0,0,100,0,,20,,1,,,,1.0,10.0,0.1,False,{},,,False,3,mixed,250,300,True,Ar_Aubin,,False,uniform,Argon-Aubin-Test2/20Td,3.0000000000000005e+21,6.433700000000001e+23,0.0,1.6402222222222223e-13,1.639908888888889e-13,0.0,0.0,0.0,0.0,0.0,0.0,0.0,2.2222222222222226e-19,0.0,0.0,0.0,0.0,4.444444444444445e-19,2.2222222222222226e-19,0.0,2.2222222222222226e-19,4.444444444444445e-19,6.666666666666668e-19,0.0,8.88888888888889e-19,1.1111111111111113e-18,2.2222222222222226e-19,1.1111111111111113e-18,8.88888888888889e-18,6.8888888888888895e-18,9.555555555555557e-18,0.0,0.0,0.0,0.0,4.444444444444445e-19,0.0,2036.595292038007,44.01906658338,1815.816279419208,1940.1240697099192,1444.94374414883,1617.796861127801,-329.52336352706044,-2310.37942659458,23198.39999999962,1.1599199999999811e+24,0.0,0.0
2.38e-05,164547.0,5.48491,3e+22,-7534.35,9669.62,23621.9,3.6825,3.6319,3.65139,0.00159321884,-0.000905639937,0.538661539,0.100977651,0.10165817,0.347499883,0.00074375045,0.00102506067,-0.000367828318,2784.59123,-1365.30373,-320.755765,-1563.13166,3044.00182,2713.27441,-5266.28223,5298.14363,11804.3155,47600.0,164547.168039,5.484905601,-60.00000000000001,30000 3000,1e-06,2,0.0 0.0259,0.0 0.0,-1.0 0.0,0.00054857 28.0,80000,1000,5e-10,0.0,0.0 0.0 0.0,1000 1000000 0,0,0.0,0,100,0,,20,,1,,,,1.0,10.0,0.1,False,{},,,False,3,mixed,250,300,True,Ar_Aubin,,False,uniform,Argon-Aubin-Test2/20Td,3.0000000000000005e+21,1.1810950000000002e+24,0.0,1.6355666666666667e-13,1.6351955555555556e-13,2.2222222222222226e-19,0.0,0.0,0.0,0.0,6.666666666666668e-19,0.0,0.0,0.0,0.0,0.0,2.2222222222222226e-19,4.444444444444445e-19,0.0,2.2222222222222226e-19,0.0,2.2222222222222226e-19,1.1111111111111113e-18,2.2222222222222226e-19,1.3333333333333336e-18,6.666666666666668e-19,6.666666666666668e-19,1.3333333333333336e-18,1e-17,1.0222222222222223e-17,9.111111111111112e-18,0.0,0.0,0.0,2.2222222222222226e-19,2.2222222222222226e-19,0.0,2153.4708947783256,2796.595098367154,3420.1036895378793,3052.759014047614,1473.2622136526263,-919.8935081041,-1233.9680630006774,-1566.2082847519455,22859.72000000136,1.1429860000000681e+24,0.0,0.0
2.385e-05,164476.0,5.48252,3e+22,2004.47,-1473.99,25769.5,3.64314,3.64132,3.67677,0.00147983212,-0.000996622927,0.539762788,0.10125004,0.101890714,0.348774418,0.000705322022,0.000967037063,-0.000391909856,-1697.48694,3286.16373,1413.42133,2216.20403,52.4167673,1546.99933,1651.52372,-739.800228,15781.8797,47700.0,164475.749016,5.482524967,-60.00000000000001,30000 3000,1e-06,2,0.0 0.0259,0.0 0.0,-1.0 0.0,0.00054857 28.0,80000,1000,5e-10,0.0,0.0 0.0 0.0,1000 1000000 0,0,0.0,0,100,0,,20,,1,,,,1.0,10.0,0.1,False,{},,,False,3,mixed,250,300,True,Ar_Aubin,,False,uniform,Argon-Aubin-Test2/20Td,3.0000000000000005e+21,1.288475e+24,0.0,1.6355888888888888e-13,1.6352355555555557e-13,0.0,0.0,0.0,0.0,0.0,0.0,2.2222222222222226e-19,0.0,2.2222222222222226e-19,0.0,0.0,0.0,2.2222222222222226e-19,0.0,2.2222222222222226e-19,0.0,0.0,0.0,2.2222222222222226e-19,6.666666666666668e-19,8.88888888888889e-19,4.444444444444445e-19,1.3333333333333336e-18,1.0444444444444445e-17,9.777777777777779e-18,1.0444444444444445e-17,0.0,0.0,0.0,0.0,2.2222222222222226e-19,0.0,2727.374431687468,-1700.4532190895764,2323.709264368534,50.94775507183127,869.2128831555568,1872.462534634,28.47588910088279,1944.8722005212996,22024.979999999417,1.1012489999999709e+24,0.0,0.0
2.39e-05,164590.0,5.48633,3e+22,-3195.59,79.6851,26815.5,3.66484,3.6848,3.61888,0.00140223369,-0.000927449502,0.540961948,0.101471608,0.102118043,0.350201639,0.000647699734,0.000968469374,-0.000353231215,3487.1883,222.638183,519.442642,-2051.97961,2984.76653,-477.121044,-2411.91014,-1153.02453,14835.5246,47800.0,164590.024737,5.486334158,-60.00000000000001,30000 3000,1e-06,2,0.0 0.0259,0.0 0.0,-1.0 0.0,0.00054857 28.0,80000,1000,5e-10,0.0,0.0 0.0 0.0,1000 1000000 0,0,0.0,0,100,0,,20,,1,,,,1.0,10.0,0.1,False,{},,,False,3,mixed,250,300,True,Ar_Aubin,,False,uniform,Argon-Aubin-Test2/20Td,3.0000000000000005e+21,1.340775e+24,0.0,1.63638e-13,1.636028888888889e-13,0.0,0.0,0.0,0.0,0.0,2.2222222222222226e-19,0.0,0.0,0.0,0.0,0.0,0.0,4.444444444444445e-19,6.666666666666668e-19,0.0,0.0,0.0,8.88888888888889e-19,0.0,1.3333333333333336e-18,4.444444444444445e-19,2.2222222222222226e-19,1.5555555555555556e-18,1.1777777777777779e-17,8e-18,9.555555555555557e-18,0.0,0.0,0.0,0.0,0.0,0.0,2217.9164378201276,3491.669263957427,2274.620946798728,2984.840433906312,1312.591255783202,329.35948340600225,832.7110673904534,-201.37650410487504,23983.19999999954,1.199159999999977e+24,0.0,0.0
2.395e-05,164415.0,5.48051,3e+22,-4683.82,-3272.21,17013.6,3.6571,3.6551,3.64699,0.00133659593,-0.00091417946,0.541956636,0.101611042,0.102403396,0.351400104,0.000735867211,0.000935026818,-0.000356410406,2317.18946,2395.16924,1460.12886,642.327808,6042.78607,1459.05073,-2399.07693,-2394.09281,10981.1285,47900.0,164415.332726,5.480511091,-60.00000000000001,30000 3000,1e-06,2,0.0 0.0259,0.0 0.0,-1.0 0.0,0.00054857 28.0,80000,1000,5e-10,0.0,0.0 0.0 0.0,1000 1000000 0,0,0.0,0,100,0,,20,,1,,,,1.0,10.0,0.1,False,{},,,False,3,mixed,250,300,True,Ar_Aubin,,False,uniform,Argon-Aubin-Test2/20Td,3.0000000000000005e+21,8.5068e+23,0.0,1.6380555555555554e-13,1.63772e-13,0.0,0.0,0.0,0.0,0.0,0.0,0.0,2.2222222222222226e-19,0.0,2.2222222222222226e-19,0.0,0.0,0.0,4.444444444444445e-19,2.2222222222222226e-19,0.0,6.666666666666668e-19,4.444444444444445e-19,2.2222222222222226e-19,4.444444444444445e-19,6.666666666666668e-19,6.666666666666668e-19,2.2222222222222226e-18,9.555555555555557e-18,7.111111111111112e-18,1.0444444444444445e-17,0.0,0.0,0.0,0.0,0.0,0.0,1396.1377064128367,2323.4498347488525,2853.774384936614,6039.794682829193,1212.988795181169,1760.4950777504018,14.709571590730814,1576.7389523148715,19893.760000000428,9.946880000000214e+23,0.0,0.0
2.4e-05,164542.0,5.48475,3e+22,7270.87,323.653,14955.7,3.65401,3.6461,3.66781,0.00139584389,-0.000746894698,0.542986982,0.101774458,0.102599328,0.352667263,0.000706338989,0.000906265042,-0.000246434817,-170.415211,1471.34589,-707.999228,-129.187864,3255.01934,-1253.78572,4971.31351,867.632553,10232.0787,48000.0,164542.413334,5.484747111,-60.00000000000001,30000 3000,1e-06,2,0.0 0.0259,0.0 0.0,-1.0 0.0,0.00054857 28.0,80000,1000,5e-10,0.0,0.0 0.0 0.0,1000 1000000 0,0,0.0,0,100,0,,20,,1,,,,1.0,10.0,0.1,False,{},,,False,3,mixed,250,300,True,Ar_Aubin,,False,uniform,Argon-Aubin-Test2/20Td,3.0000000000000005e+21,7.477850000000002e+23,0.0,1.634428888888889e-13,1.634137777777778e-13,0.0,0.0,0.0,0.0,0.0,2.2222222222222226e-19,0.0,0.0,0.0,0.0,0.0,0.0,2.2222222222222226e-19,0.0,0.0,2.2222222222222226e-19,0.0,6.666666666666668e-19,2.2222222222222226e-19,1.3333333333333336e-18,4.444444444444445e-19,4.444444444444445e-19,1.777777777777778e-18,7.111111111111112e-18,7.111111111111112e-18,9.111111111111112e-18,0.0,0.0,0.0,2.2222222222222226e-19,0.0,0.0,1632.5410851483757,-180.5642104644843,1962.098723952005,3255.2610747096915,1492.9168296823336,2111.3282933026003,-1246.1960652029695,294.4507017199876,20606.919999999198,1.0303459999999599e+24,0.0,0.0
2.405e-05,164557.0,5.48524,3e+22,-5212.93,-2558.04,12670.1,3.6789,3.63999,3.65048,0.00151677002,-0.00073857585,0.544051049,0.10197852,0.102770052,0.354025489,0.000727922176,0.000997490779,-0.000221060282,-579.586333,-1718.27773,66.0911185,-82.8645497,1162.63219,-339.675661,-3585.10159,-1419.83249,9793.52356,48100.0,164557.204164,5.485240139,-60.00000000000001,30000 3000,1e-06,2,0.0 0.0259,0.0 0.0,-1.0 0.0,0.00054857 28.0,80000,1000,5e-10,0.0,0.0 0.0 0.0,1000 1000000 0,0,0.0,0,100,0,,20,,1,,,,1.0,10.0,0.1,False,{},,,False,3,mixed,250,300,True,Ar_Aubin,,False,uniform,Argon-Aubin-Test2/20Td,3.0000000000000005e+21,6.33505e+23,0.0,1.6377066666666667e-13,1.6373844444444446e-13,0.0,0.0,0.0,0.0,0.0,0.0,0.0,0.0,0.0,2.2222222222222226e-19,0.0,0.0,8.88888888888889e-19,2.2222222222222226e-19,2.2222222222222226e-19,0.0,0.0,4.444444444444445e-19,0.0,8.88888888888889e-19,6.666666666666668e-19,2.2222222222222226e-19,1.1111111111111113e-18,8.88888888888889e-18,5.1111111111111114e-18,1.2222222222222223e-17,0.0,0.0,2.2222222222222226e-19,2.2222222222222226e-19,6.666666666666668e-19,0.0,2037.0978887168658,-571.6795170596414,1707.3635740369464,1160.742883432666,2015.44703467893,2900.342364065099,479.00955402977894,-702.1280644668318,21281.34000000115,1.0640670000000576e+24,0.0,0.0
2.41e-05,164181.0,5.47269,3e+22,7343.35,-2367.02,20311.1,3.68495,3.6038,3.65395,0.00155557607,-0.000751659279,0.54489234,0.102203405,0.102960021,0.355108797,0.000700381438,0.00103571368,-0.000207056988,28.9429004,-1666.27012,-2081.79014,-137.833352,2330.7243,451.971945,4253.56252,-2829.54358,11480.1562,48200.0,164180.781052,5.472692702,-60.00000000000001,30000 3000,1e-06,2,0.0 0.0259,0.0 0.0,-1.0 0.0,0.00054857 28.0,80000,1000,5e-10,0.0,0.0 0.0 0.0,1000 1000000 0,0,0.0,0,100,0,,20,,1,,,,1.0,10.0,0.1,False,{},,,False,3,mixed,250,300,True,Ar_Aubin,,False,uniform,Argon-Aubin-Test2/20Td,3.0000000000000005e+21,1.015555e+24,2.222222222222222e-19,1.6367088888888889e-13,1.636388888888889e-13,0.0,0.0,0.0,0.0,0.0,0.0,0.0,0.0,0.0,0.0,2.2222222222222226e-19,0.0,2.2222222222222226e-19,2.2222222222222226e-19,0.0,0.0,2.2222222222222226e-19,6.666666666666668e-19,0.0,8.88888888888889e-19,1.777777777777778e-18,0.0,1.5555555555555556e-18,1.0222222222222223e-17,6.2222222222222225e-18,9.111111111111112e-18,0.0,2.2222222222222226e-19,0.0,0.0,2.2222222222222226e-19,2.2222222222222226e-19,2247.6577438400313,17.5197608663655,1899.4950261448653,2328.9451074534213,1671.8972732482353,412.79339302600056,316.0347328489441,-1861.1582460543768,16825.819999999327,8.412909999999664e+23,1.3207214995895066e-23,1.0940925022387868e-23
2.415e-05,164179.0,5.47265,3e+22,-3310.68,1128.67,21408.9,3.6806,3.65163,3.61039,0.00163734956,-0.000675152012,0.545889604,0.102417544,0.103157596,0.356322199,0.000671754615,0.00107817746,-0.000176603275,1361.45507,-1886.49843,-1133.22734,-829.087778,1338.45318,2411.84318,-1270.17733,2444.74751,12742.7565,48300.0,164179.382427,5.472646081,-60.00000000000001,30000 3000,1e-06,2,0.0 0.0259,0.0 0.0,-1.0 0.0,0.00054857 28.0,80000,1000,5e-10,0.0,0.0 0.0 0.0,1000 1000000 0,0,0.0,0,100,0,,20,,1,,,,1.0,10.0,0.1,False,{},,,False,3,mixed,250,300,True,Ar_Aubin,,False,uniform,Argon-Aubin-Test2/20Td,3.0000000000000005e+21,1.0704450000000002e+24,0.0,1.6337377777777776e-13,1.6334377777777778e-13,2.2222222222222226e-19,0.0,0.0,0.0,0.0,0.0,2.2222222222222226e-19,0.0,0.0,2.2222222222222226e-19,0.0,0.0,6.666666666666668e-19,6.666666666666668e-19,0.0,0.0,2.2222222222222226e-19,8.88888888888889e-19,0.0,1.3333333333333336e-18,1.5555555555555556e-18,4.444444444444445e-19,1.777777777777778e-18,8e-18,6.2222222222222225e-18,7.555555555555556e-18,0.0,0.0,0.0,0.0,0.0,0.0,2138.7790332792756,1366.8758104413007,1976.8416143241263,1339.215203821384,1256.0443539877397,1055.8605569243991,-74.5367617534091,-631.1927288243642,19945.279999999955,9.972639999999978e+23,0.0,0.0
2.42e-05,164405.0,5.48018,3e+22,-7158.79,-6173.73,12918.1,3.69099,3.62599,3.64192,0.00163820256,-0.000841659489,0.546964242,0.102639216,0.103349436,0.357629993,0.00069584372,0.00110390316,-0.00027589858,5133.62155,-225.628632,1380.00527,-529.096337,334.015394,2673.33912,-4274.9586,-3087.42849,8505.53668,48400.0,164405.393013,5.480179767,-60.00000000000001,30000 3000,1e-06,2,0.0 0.0259,0.0 0.0,-1.0 0.0,0.00054857 28.0,80000,1000,5e-10,0.0,0.0 0.0 0.0,1000 1000000 0,0,0.0,0,100,0,,20,,1,,,,1.0,10.0,0.1,False,{},,,False,3,mixed,250,300,True,Ar_Aubin,,False,uniform,Argon-Aubin-Test2/20Td,3.0000000000000005e+21,6.459050000000001e+23,0.0,1.6362777777777777e-13,1.635988888888889e-13,0.0,0.0,0.0,0.0,0.0,0.0,0.0,0.0,0.0,2.2222222222222226e-19,0.0,0.0,0.0,0.0,2.2222222222222226e-19,0.0,2.2222222222222226e-19,4.444444444444445e-19,0.0,2.2222222222222226e-19,4.444444444444445e-19,6.666666666666668e-19,8.88888888888889e-19,8.88888888888889e-18,6.8888888888888895e-18,9.333333333333335e-18,0.0,0.0,0.0,2.2222222222222226e-19,2.2222222222222226e-19,0.0,2216.692059540532,5145.349098104502,1915.8743954388046,328.81921556297607,1333.7172864213987,1439.7979054197986,469.9916289022934,999.4863514968447,21492.760000001443,1.0746380000000722e+24,0.0,0.0
2.425e-05,164587.0,5.48622,3e+22,335.898,-3515.31,18284.4,3.65238,3.66081,3.65727,0.00164035725,-0.00100226326,0.547971549,0.102930083,0.103535548,0.358832618,0.000709415248,0.0011134905,-0.000360235009,1762.69965,926.74842,-1313.89061,1404.84817,1086.05037,-557.532334,827.193684,-3760.35224,11360.7997,48500.0,164586.510723,5.486217024,-60.00000000000001,30000 3000,1e-06,2,0.0 0.0259,0.0 0.0,-1.0 0.0,0.00054857 28.0,80000,1000,5e-10,0.0,0.0 0.0 0.0,1000 1000000 0,0,0.0,0,100,0,,20,,1,,,,1.0,10.0,0.1,False,{},,,False,3,mixed,250,300,True,Ar_Aubin,,False,uniform,Argon-Aubin-Test2/20Td,3.0000000000000005e+21,9.142200000000002e+23,0.0,1.63792e-13,1.6376466666666669e-13,0.0,0.0,0.0,0.0,0.0,0.0,0.0,0.0,0.0,0.0,0.0,0.0,2.2222222222222226e-19,2.2222222222222226e-19,0.0,0.0,2.2222222222222226e-19,8.88888888888889e-19,4.444444444444445e-19,4.444444444444445e-19,1.1111111111111113e-18,4.444444444444445e-19,1.3333333333333336e-18,7.111111111111112e-18,8.222222222222223e-18,6.6666666666666674e-18,0.0,0.0,0.0,0.0,0.0,0.0,2908.599357199643,1762.1486572804395,1858.1585905308452,1082.5271039394893,996.8851317526672,1341.4687094643996,135.12916553958627,-700.752421467902,20146.139999999148,1.0073069999999574e+24,0.0,0.0
2.43e-05,164724.0,5.49079,3e+22,-4572.39,8390.55,11636.4,3.64913,3.69876,3.63239,0.00156541811,-0.00108702185,0.549015233,0.103142843,0.103860918,0.360079307,0.000766089545,0.00114371851,-0.000401865021,-246.930104,-170.629956,818.033825,-88.2999857,2926.88388,-2240.3418,-2174.94343,4832.48416,6262.58243,48600.0,164723.606094,5.49078687,-60.00000000000001,30000 3000,1e-06,2,0.0 0.0259,0.0 0.0,-1.0 0.0,0.00054857 28.0,80000,1000,5e-10,0.0,0.0 0.0 0.0,1000 1000000 0,0,0.0,0,100,0,,20,,1,,,,1.0,10.0,0.1,False,{},,,False,3,mixed,250,300,True,Ar_Aubin,,False,uniform,Argon-Aubin-Test2/20Td,3.0000000000000005e+21,5.8182000000000004e+23,0.0,1.640591111111111e-13,1.640297777777778e-13,2.2222222222222226e-19,0.0,0.0,0.0,0.0,0.0,0.0,0.0,0.0,0.0,2.2222222222222226e-19,0.0,6.666666666666668e-19,4.444444444444445e-19,0.0,0.0,2.2222222222222226e-19,4.444444444444445e-19,6.666666666666668e-19,4.444444444444445e-19,2.2222222222222226e-19,2.2222222222222226e-19,8.88888888888889e-19,9.777777777777779e-18,7.333333333333334e-18,7.555555555555556e-18,0.0,0.0,0.0,0.0,0.0,0.0,2130.0023804850243,-239.7724018880171,3251.9291513995186,2936.0045911835173,1017.8144741512796,-125.9784272811994,1393.1744958362133,1135.1863249216665,20873.679999999786,1.0436839999999893e+24,0.0,0.0
2.435e-05,165098.0,5.50325,3e+22,424.152,5257.87,16815.3,3.67918,3.65926,3.66629,0.00155543662,-0.00120712324,0.5502223,0.103325962,0.104100941,0.361440906,0.000756487103,0.00113505652,-0.000490112599,3156.28398,-976.435263,1063.53272,1404.35084,1938.63941,-315.132098,-923.612347,3913.15283,10651.5727,48700.0,165097.544535,5.503251485,-60.00000000000001,30000 3000,1e-06,2,0.0 0.0259,0.0 0.0,-1.0 0.0,0.00054857 28.0,80000,1000,5e-10,0.0,0.0 0.0 0.0,1000 1000000 0,0,0.0,0,100,0,,20,,1,,,,1.0,10.0,0.1,False,{},,,False,3,mixed,250,300,True,Ar_Aubin,,False,uniform,Argon-Aubin-Test2/20Td,3.0000000000000005e+21,8.40765e+23,0.0,1.645591111111111e-13,1.6452866666666669e-13,0.0,0.0,0.0,0.0,0.0,0.0,0.0,2.2222222222222226e-19,0.0,0.0,0.0,0.0,2.2222222222222226e-19,2.2222222222222226e-19,0.0,0.0,4.444444444444445e-19,1.1111111111111113e-18,2.2222222222222226e-19,2.2222222222222226e-19,1.1111111111111113e-18,0.0,1.777777777777778e-18,1e-17,7.111111111111112e-18,7.555555555555556e-18,0.0,0.0,0.0,0.0,2.2222222222222226e-19,0.0,1831.501507802702,3155.624238446754,2397.474699858404,1944.9863070698989,347.45648754219707,1399.4196588100003,-101.19032313112963,-119.6126493858861,24141.340000001233,1.2070670000000617e+24,0.0,0.0
2.44e-05,165096.0,5.50319,3e+22,-2715.15,3951.53,20105.1,3.67754,3.64287,3.68355,0.00163935138,-0.00136661652,0.551288152,0.103565986,0.104300316,0.3627522,0.000771580133,0.00117628756,-0.000560225472,2287.03233,2775.77913,-55.0376437,2261.27128,4145.17136,-2699.89592,-2067.26069,3777.57703,10599.4578,48800.0,165095.826696,5.503194223,-60.00000000000001,30000 3000,1e-06,2,0.0 0.0259,0.0 0.0,-1.0 0.0,0.00054857 28.0,80000,1000,5e-10,0.0,0.0 0.0 0.0,1000 1000000 0,0,0.0,0,100,0,,20,,1,,,,1.0,10.0,0.1,False,{},,,False,3,mixed,250,300,True,Ar_Aubin,,False,uniform,Argon-Aubin-Test2/20Td,3.0000000000000005e+21,1.0052549999999999e+24,0.0,1.643651111111111e-13,1.643328888888889e-13,0.0,0.0,0.0,0.0,0.0,0.0,4.444444444444445e-19,0.0,0.0,0.0,2.2222222222222226e-19,2.2222222222222226e-19,1.1111111111111113e-18,2.2222222222222226e-19,0.0,0.0,6.666666666666668e-19,6.666666666666668e-19,2.2222222222222226e-19,1.3333333333333336e-18,1.5555555555555556e-18,6.666666666666668e-19,2.2222222222222226e-18,8.666666666666667e-18,6.444444444444445e-18,7.333333333333334e-18,0.0,0.0,2.2222222222222226e-19,0.0,0.0,0.0,2397.5591013172816,2291.483414899407,1989.6450580381143,4150.571586177276,1372.4688171490307,-484.24562477519976,-133.760763964476,-658.4276312272377,21317.039999999568,1.0658519999999785e+24,0.0,0.0
2.445e-05,164968.0,5.49893,3e+22,719.692,-3761.92,26832.0,3.61992,3.6788,3.69497,0.00161227967,-0.00136584247,0.552366733,0.103757524,0.104574942,0.36403255,0.000782124509,0.00115527901,-0.000583320099,83.9973691,813.028559,-226.023766,1047.6173,569.6572,1707.80578,-222.168263,-3612.0652,14544.3764,48900.0,164967.930182,5.498931006,-60.00000000000001,30000 3000,1e-06,2,0.0 0.0259,0.0 0.0,-1.0 0.0,0.00054857 28.0,80000,1000,5e-10,0.0,0.0 0.0 0.0,1000 1000000 0,0,0.0,0,100,0,,20,,1,,,,1.0,10.0,0.1,False,{},,,False,3,mixed,250,300,True,Ar_Aubin,,False,uniform,Argon-Aubin-Test2/20Td,3.0000000000000005e+21,1.3416e+24,0.0,1.6436377777777776e-13,1.6432822222222224e-13,0.0,0.0,0.0,0.0,0.0,0.0,0.0,0.0,0.0,2.2222222222222226e-19,0.0,2.2222222222222226e-19,6.666666666666668e-19,4.444444444444445e-19,0.0,0.0,2.2222222222222226e-19,6.666666666666668e-19,0.0,0.0,8.88888888888889e-19,2.2222222222222226e-19,1.1111111111111113e-18,1.0666666666666668e-17,8.88888888888889e-18,1.088888888888889e-17,2.2222222222222226e-19,2.2222222222222226e-19,0.0,0.0,0.0,0.0,1916.2602721282951,82.83702431973836,2746.281150598773,564.5190098952576,899.6881048178863,-276.7277798560026,-156.46422482736966,-888.9866359116761,21571.620000000457,1.078581000000023e+24,0.0,0.0
2.45e-05,165258.0,5.5086,3e+22,7422.37,6623.78,19000.4,3.66306,3.65832,3.6932,0.00162269635,-0.00130031236,0.553404354,0.104013334,0.104765615,0.36526836,0.000712924124,0.00112413118,-0.000510268567,1350.33448,586.541437,-957.28779,216.841129,2655.06686,-541.009675,5733.73316,3228.41562,11622.6588,49000.0,165257.97218,5.508599073,-60.00000000000001,30000 3000,1e-06,2,0.0 0.0259,0.0 0.0,-1.0 0.0,0.00054857 28.0,80000,1000,5e-10,0.0,0.0 0.0 0.0,1000 1000000 0,0,0.0,0,100,0,,20,,1,,,,1.0,10.0,0.1,False,{},,,False,3,mixed,250,300,True,Ar_Aubin,,False,uniform,Argon-Aubin-Test2/20Td,3.0000000000000005e+21,9.500200000000002e+23,0.0,1.6457555555555555e-13,1.6454933333333334e-13,0.0,2.2222222222222226e-19,0.0,0.0,0.0,0.0,0.0,0.0,0.0,0.0,2.2222222222222226e-19,0.0,6.666666666666668e-19,4.444444444444445e-19,0.0,0.0,0.0,4.444444444444445e-19,0.0,1.1111111111111113e-18,6.666666666666668e-19,0.0,8.88888888888889e-19,7.111111111111112e-18,7.333333333333334e-18,6.8888888888888895e-18,0.0,2.2222222222222226e-19,0.0,0.0,0.0,0.0,2557.7630228998396,1338.2902272926506,1908.4771341928986,2663.6798430039207,884.3869893604417,1107.7547122583983,-771.7080261937926,638.0416152724792,20752.419999998663,1.0376209999999332e+24,0.0,0.0
2.455e-05,165071.0,5.50237,3e+22,1180.37,3238.56,24953.0,3.69565,3.64961,3.65588,0.00164762119,-0.0012990019,0.554389602,0.104251094,0.105038165,0.366460254,0.000683944043,0.00112748422,-0.000470541289,2927.39917,-2967.51707,2371.87437,-291.509169,3266.43506,895.507782,890.342842,1041.5061,16233.0923,49100.0,165071.178365,5.502372612,-60.00000000000001,30000 3000,1e-06,2,0.0 0.0259,0.0 0.0,-1.0 0.0,0.00054857 28.0,80000,1000,5e-10,0.0,0.0 0.0 0.0,1000 1000000 0,0,0.0,0,100,0,,20,,1,,,,1.0,10.0,0.1,False,{},,,False,3,mixed,250,300,True,Ar_Aubin,,False,uniform,Argon-Aubin-Test2/20Td,3.0000000000000005e+21,1.24765e+24,0.0,1.6445e-13,1.6441666666666668e-13,0.0,0.0,0.0,0.0,0.0,0.0,0.0,0.0,0.0,0.0,4.444444444444445e-19,0.0,2.2222222222222226e-19,0.0,0.0,0.0,2.2222222222222226e-19,1.3333333333333336e-18,0.0,1.3333333333333336e-18,4.444444444444445e-19,6.666666666666668e-19,1.3333333333333336e-18,8.222222222222223e-18,9.333333333333335e-18,9.333333333333335e-18,0.0,0.0,2.2222222222222226e-19,0.0,2.2222222222222226e-19,0.0,2376.7848785856418,2925.45436737596,2725.534062973656,3270.641955593264,1004.4222043892327,2399.408561294,-241.2758092191678,2566.7192659331904,19704.959999999883,9.852479999999943e+23,0.0,0.0
2.46e-05,164857.0,5.49523,3e+22,7159.42,-1347.23,18920.3,3.6504,3.67184,3.66589,0.00158826209,-0.00140017016,0.555393449,0.10435993,0.10530071,0.367704193,0.000676142072,0.00114911114,-0.000519551475,2005.62678,-147.82012,295.007457,1893.44161,3025.74401,1382.27442,1490.52256,-1642.18151,9640.8439,49200.0,164857.04799,5.495234933,-60.00000000000001,30000 3000,1e-06,2,0.0 0.0259,0.0 0.0,-1.0 0.0,0.00054857 28.0,80000,1000,5e-10,0.0,0.0 0.0 0.0,1000 1000000 0,0,0.0,0,100,0,,20,,1,,,,1.0,10.0,0.1,False,{},,,False,3,mixed,250,300,True,Ar_Aubin,,False,uniform,Argon-Aubin-Test2/20Td,3.0000000000000005e+21,9.460150000000001e+23,0.0,1.64314e-13,1.6427955555555558e-13,0.0,0.0,0.0,0.0,0.0,0.0,0.0,0.0,0.0,0.0,0.0,2.2222222222222226e-19,4.444444444444445e-19,4.444444444444445e-19,2.2222222222222226e-19,0.0,2.2222222222222226e-19,8.88888888888889e-19,4.444444444444445e-19,8.88888888888889e-19,6.666666666666668e-19,2.2222222222222226e-19,1.3333333333333336e-18,8.666666666666667e-18,6.6666666666666674e-18,1.2222222222222223e-17,0.0,0.0,2.2222222222222226e-19,2.2222222222222226e-19,4.444444444444445e-19,0.0,1090.2807911920831,1994.2557446276123,2622.7192945925403,3023.857658755343,1298.8661360280319,-867.3667731146998,1058.812313796361,-2220.8153448610065,20076.940000000042,1.0038470000000021e+24,0.0,0.0
2.465e-05,164914.0,5.49714,3e+22,-3476.3,4550.8,28278.7,3.64908,3.66705,3.67343,0.00152303064,-0.00128143843,0.556474595,0.104461457,0.105470855,0.368983789,0.00070256044,0.00102934385,-0.00045642867,3656.25051,-385.471423,781.089955,-1303.78088,1375.64498,566.937676,-1936.13189,2865.61812,18664.8982,49300.0,164914.338248,5.497144608,-60.00000000000001,30000 3000,1e-06,2,0.0 0.0259,0.0 0.0,-1.0 0.0,0.00054857 28.0,80000,1000,5e-10,0.0,0.0 0.0 0.0,1000 1000000 0,0,0.0,0,100,0,,20,,1,,,,1.0,10.0,0.1,False,{},,,False,3,mixed,250,300,True,Ar_Aubin,,False,uniform,Argon-Aubin-Test2/20Td,3.0000000000000005e+21,1.4139350000000001e+24,0.0,1.6384244444444444e-13,1.6381066666666668e-13,0.0,0.0,0.0,0.0,0.0,0.0,4.444444444444445e-19,0.0,0.0,0.0,0.0,0.0,6.666666666666668e-19,2.2222222222222226e-19,0.0,0.0,2.2222222222222226e-19,1.3333333333333336e-18,0.0,4.444444444444445e-19,1.1111111111111113e-18,4.444444444444445e-19,1.3333333333333336e-18,8e-18,8e-18,8.88888888888889e-18,0.0,0.0,0.0,2.2222222222222226e-19,4.444444444444445e-19,0.0,1017.2995413613995,3661.545021413832,1704.633920270593,1381.476550007244,775.0431170161498,2928.520070373501,-1703.6957697108492,736.3613730391319,21622.919999999547,1.0811459999999773e+24,0.0,0.0
2.47e-05,165080.0,5.50266,3e+22,10880.9,5109.68,13576.3,3.64311,3.68474,3.6756,0.00147437646,-0.00135060502,0.557558457,0.104681056,0.105633056,0.37031852,0.000731359674,0.00098975439,-0.000471716608,753.233358,1228.39795,-47.7138925,886.581816,2401.69416,2680.16861,6840.82975,2147.6021,9877.15716,49400.0,165079.882653,5.502662755,-60.00000000000001,30000 3000,1e-06,2,0.0 0.0259,0.0 0.0,-1.0 0.0,0.00054857 28.0,80000,1000,5e-10,0.0,0.0 0.0 0.0,1000 1000000 0,0,0.0,0,100,0,,20,,1,,,,1.0,10.0,0.1,False,{},,,False,3,mixed,250,300,True,Ar_Aubin,,False,uniform,Argon-Aubin-Test2/20Td,3.0000000000000005e+21,6.78815e+23,0.0,1.6396577777777778e-13,1.639357777777778e-13,0.0,0.0,0.0,0.0,0.0,0.0,0.0,0.0,0.0,2.2222222222222226e-19,0.0,0.0,6.666666666666668e-19,2.2222222222222226e-19,0.0,0.0,2.2222222222222226e-19,2.2222222222222226e-19,4.444444444444445e-19,1.1111111111111113e-18,2.2222222222222226e-19,8.88888888888889e-19,2e-18,7.111111111111112e-18,7.333333333333334e-18,8.444444444444445e-18,0.0,4.444444444444445e-19,2.2222222222222226e-19,0.0,2.2222222222222226e-19,0.0,2197.4483638458055,737.190815176386,1620.189505298353,2408.5953194585936,1272.7290819314342,2307.576280230902,-282.2533101626279,706.3614655948031,21677.23999999982,1.0838619999999911e+24,0.0,0.0
2.475e-05,164643.0,5.4881,3e+22,-3437.84,9098.38,16354.5,3.65494,3.63975,3.67945,0.00155703696,-0.00138882524,0.558395474,0.104833719,0.105811296,0.371416157,0.000762462916,0.000974419253,-0.000483774882,1174.00117,355.439147,-939.229916,336.392216,2594.90863,-2052.03973,-2267.80093,5714.07653,11160.3961,49500.0,164643.034594,5.488101153,-60.00000000000001,30000 3000,1e-06,2,0.0 0.0259,0.0 0.0,-1.0 0.0,0.00054857 28.0,80000,1000,5e-10,0.0,0.0 0.0 0.0,1000 1000000 0,0,0.0,0,100,0,,20,,1,,,,1.0,10.0,0.1,False,{},,,False,3,mixed,250,300,True,Ar_Aubin,,False,uniform,Argon-Aubin-Test2/20Td,3.0000000000000005e+21,8.177250000000001e+23,2.222222222222222e-19,1.6398422222222223e-13,1.6395155555555556e-13,0.0,0.0,0.0,0.0,0.0,0.0,0.0,0.0,0.0,2.2222222222222226e-19,0.0,0.0,4.444444444444445e-19,4.444444444444445e-19,0.0,2.2222222222222226e-19,4.444444444444445e-19,4.444444444444445e-19,2.2222222222222226e-19,1.1111111111111113e-18,1.3333333333333336e-18,8.88888888888889e-19,1.5555555555555556e-18,1.1111111111111113e-17,6.8888888888888895e-18,6.6666666666666674e-18,0.0,0.0,0.0,2.2222222222222226e-19,2.2222222222222226e-19,2.2222222222222226e-19,1524.1242185100314,1179.3540139425663,1781.3529837279464,2607.544689787111,1635.6458853616919,2028.1173204669994,-1254.5292847999372,-1312.8211106261595,16740.34000000102,8.37017000000051e+23,1.327465405255859e-23,1.3587833453925354e-23
2.48e-05,164321.0,5.47738,3e+22,-688.281,4673.07,22396.8,3.6304,3.66412,3.65725,0.00139360696,-0.00138786346,0.559403858,0.104945667,0.106011254,0.372696821,0.000752346842,0.000883756028,-0.000483388904,-573.36701,21.9092488,263.452693,-193.681368,2643.95819,885.908224,-1332.69914,893.405601,13196.0372,49600.0,164321.302425,5.477376748,-60.00000000000001,30000 3000,1e-06,2,0.0 0.0259,0.0 0.0,-1.0 0.0,0.00054857 28.0,80000,1000,5e-10,0.0,0.0 0.0 0.0,1000 1000000 0,0,0.0,0,100,0,,20,,1,,,,1.0,10.0,0.1,False,{},,,False,3,mixed,250,300,True,Ar_Aubin,,False,uniform,Argon-Aubin-Test2/20Td,3.0000000000000005e+21,1.1198399999999999e+24,0.0,1.6354377777777777e-13,1.635066666666667e-13,0.0,0.0,0.0,0.0,0.0,0.0,2.2222222222222226e-19,2.2222222222222226e-19,0.0,0.0,0.0,0.0,0.0,0.0,0.0,0.0,0.0,6.666666666666668e-19,4.444444444444445e-19,6.666666666666668e-19,6.666666666666668e-19,2.2222222222222226e-19,1.777777777777778e-18,1.1333333333333335e-17,8e-18,1.288888888888889e-17,0.0,0.0,0.0,0.0,0.0,0.0,1124.30223735846,-572.4078168079643,1999.6067056364532,2650.443773099022,1534.9303840045404,667.1808731456003,-16.19887289865509,-715.4317365736299,20167.68000000058,1.0083840000000289e+24,0.0,0.0
2.485e-05,164293.0,5.47643,3e+22,5804.26,10622.4,18043.4,3.67417,3.64941,3.62659,0.00139691091,-0.00137071559,0.560365913,0.105129798,0.106206412,0.373875831,0.000733572449,0.000906266607,-0.00048151187,4761.28709,582.921252,-2215.69109,-283.424582,2443.95851,730.135356,3323.41497,5903.60385,10635.7165,49700.0,164292.783869,5.476426129,-60.00000000000001,30000 3000,1e-06,2,0.0 0.0259,0.0 0.0,-1.0 0.0,0.00054857 28.0,80000,1000,5e-10,0.0,0.0 0.0 0.0,1000 1000000 0,0,0.0,0,100,0,,20,,1,,,,1.0,10.0,0.1,False,{},,,False,3,mixed,250,300,True,Ar_Aubin,,False,uniform,Argon-Aubin-Test2/20Td,3.0000000000000005e+21,9.0217e+23,0.0,1.633542222222222e-13,1.6332422222222223e-13,0.0,0.0,0.0,0.0,0.0,0.0,0.0,0.0,0.0,0.0,0.0,0.0,4.444444444444445e-19,0.0,0.0,0.0,2.2222222222222226e-19,2.2222222222222226e-19,0.0,4.444444444444445e-19,2.2222222222222226e-19,4.444444444444445e-19,2.666666666666667e-18,9.333333333333335e-18,7.111111111111112e-18,8.666666666666667e-18,0.0,0.0,0.0,0.0,2.2222222222222226e-19,0.0,1841.2178026848414,4753.179055881523,1952.0530375494172,2458.518799283216,1017.2989296058921,524.810185375798,386.3686299568196,-2169.9905965028747,19241.100000000344,9.620550000000173e+23,0.0,0.0
2.49e-05,164477.0,5.48258,3e+22,-9594.24,3151.18,18762.5,3.70846,3.63431,3.61981,0.00138179867,-0.0012183894,0.561469711,0.105340338,0.106551519,0.375266935,0.000749092884,0.000840571248,-0.000416061655,2593.60959,1030.61505,1243.82964,1859.16203,786.838262,981.47084,-6213.48062,378.672009,12928.6721,49800.0,164477.418891,5.48258063,-60.00000000000001,30000 3000,1e-06,2,0.0 0.0259,0.0 0.0,-1.0 0.0,0.00054857 28.0,80000,1000,5e-10,0.0,0.0 0.0 0.0,1000 1000000 0,0,0.0,0,100,0,,20,,1,,,,1.0,10.0,0.1,False,{},,,False,3,mixed,250,300,True,Ar_Aubin,,False,uniform,Argon-Aubin-Test2/20Td,3.0000000000000005e+21,9.381250000000001e+23,0.0,1.635131111111111e-13,1.634826666666667e-13,0.0,0.0,0.0,0.0,0.0,0.0,0.0,0.0,0.0,0.0,0.0,0.0,0.0,4.444444444444445e-19,0.0,0.0,2.2222222222222226e-19,6.666666666666668e-19,0.0,4.444444444444445e-19,8.88888888888889e-19,2.2222222222222226e-19,4.444444444444445e-19,8.666666666666667e-18,6.8888888888888895e-18,1.0666666666666668e-17,0.0,0.0,4.444444444444445e-19,0.0,4.444444444444445e-19,0.0,2105.819925260627,2606.8668980716607,3455.013884986341,790.677626309492,1528.240819001492,2394.0966473624994,-1175.0440288654709,391.2981825187644,22075.959999998675,1.1037979999999337e+24,0.0,0.0
2.495e-05,164225.0,5.47418,3e+22,1686.63,-3022.65,11031.5,3.66091,3.61506,3.67164,0.00141487652,-0.00133945765,0.562503779,0.105533963,0.1066946,0.376575098,0.000751563303,0.000838530987,-0.000502473559,3637.8022,523.056755,-851.502982,-697.718139,1010.89857,-131.212152,970.858295,-2053.73536,6507.72827,49900.0,164225.483739,5.474182791,-60.00000000000001,30000 3000,1e-06,2,0.0 0.0259,0.0 0.0,-1.0 0.0,0.00054857 28.0,80000,1000,5e-10,0.0,0.0 0.0 0.0,1000 1000000 0,0,0.0,0,100,0,,20,,1,,,,1.0,10.0,0.1,False,{},,,False,3,mixed,250,300,True,Ar_Aubin,,False,uniform,Argon-Aubin-Test2/20Td,3.0000000000000005e+21,5.515750000000001e+23,0.0,1.6317444444444444e-13,1.6313822222222225e-13,0.0,0.0,0.0,0.0,0.0,0.0,0.0,0.0,0.0,2.2222222222222226e-19,0.0,0.0,1.1111111111111113e-18,0.0,0.0,0.0,4.444444444444445e-19,2.2222222222222226e-19,2.2222222222222226e-19,6.666666666666668e-19,1.3333333333333336e-18,4.444444444444445e-19,2.4444444444444447e-18,1.0222222222222223e-17,9.333333333333335e-18,9.111111111111112e-18,0.0,2.2222222222222226e-19,0.0,2.2222222222222226e-19,0.0,0.0,1935.3249199756397,3635.4158268150727,1427.7132593389088,1006.8498583342274,1458.9798114256203,302.46783196149954,-441.51100826569404,-844.9886461051501,20681.360000001092,1.0340680000000546e+24,0.0,0.0
2.5e-05,164258.0,5.47526,3e+22,2041.77,-886.234,23364.5,3.63537,3.64506,3.66696,0.00136391057,-0.00124974422,0.56357771,0.105714817,0.106879866,0.37790396,0.000677746786,0.000799880136,-0.0004245944,2379.64359,-711.475797,2874.34078,362.340316,-1145.86746,1995.71889,561.333272,-369.031251,15380.3436,50000.0,164257.789381,5.475259646,-60.00000000000001,30000 3000,1e-06,2,0.0 0.0259,0.0 0.0,-1.0 0.0,0.00054857 28.0,80000,1000,5e-10,0.0,0.0 0.0 0.0,1000 1000000 0,0,0.0,0,100,0,,20,,1,,,,1.0,10.0,0.1,False,{},,,False,3,mixed,250,300,True,Ar_Aubin,,False,uniform,Argon-Aubin-Test2/20Td,3.0000000000000005e+21,1.1682250000000001e+24,0.0,1.630751111111111e-13,1.630428888888889e-13,0.0,0.0,0.0,0.0,0.0,0.0,0.0,2.2222222222222226e-19,0.0,0.0,0.0,0.0,6.666666666666668e-19,6.666666666666668e-19,0.0,0.0,2.2222222222222226e-19,1.1111111111111113e-18,0.0,8.88888888888889e-19,4.444444444444445e-19,0.0,8.88888888888889e-19,8.88888888888889e-18,7.555555555555556e-18,1e-17,0.0,0.0,0.0,2.2222222222222226e-19,4.444444444444445e-19,0.0,1809.9562352388855,2376.858798315491,1854.9828618072418,-1146.9750258190675,1195.2818043675652,2212.632194705,-228.94114734051337,2253.110902540535,21478.61999999945,1.0739309999999725e+24,0.0,0.0
2.505e-05,164518.0,5.48395,3e+22,-6546.61,2100.67,14920.0,3.63882,3.64478,3.68276,0.0012487332,-0.00116842907,0.564648106,0.105864285,0.107049138,0.379216962,0.000679925394,0.000761808241,-0.000339594134,1706.5478,278.921989,518.520971,-3119.98821,-979.005238,-1408.56738,-3996.14964,3424.41211,9297.98391,50100.0,164518.420392,5.483947346,-60.00000000000001,30000 3000,1e-06,2,0.0 0.0259,0.0 0.0,-1.0 0.0,0.00054857 28.0,80000,1000,5e-10,0.0,0.0 0.0 0.0,1000 1000000 0,0,0.0,0,100,0,,20,,1,,,,1.0,10.0,0.1,False,{},,,False,3,mixed,250,300,True,Ar_Aubin,,False,uniform,Argon-Aubin-Test2/20Td,3.0000000000000005e+21,7.46e+23,0.0,1.6331333333333333e-13,1.6328533333333334e-13,0.0,0.0,0.0,0.0,0.0,0.0,0.0,0.0,0.0,0.0,0.0,2.2222222222222226e-19,4.444444444444445e-19,2.2222222222222226e-19,0.0,0.0,0.0,8.88888888888889e-19,0.0,2.2222222222222226e-19,4.444444444444445e-19,4.444444444444445e-19,8.88888888888889e-19,8.666666666666667e-18,7.333333333333334e-18,7.777777777777779e-18,0.0,0.0,0.0,0.0,4.444444444444445e-19,0.0,1497.6891743817555,1714.722769254452,1694.686341238011,-976.5507541055231,1053.5359945684775,873.4341684800002,510.05728812151057,200.27116887665989,21407.92000000058,1.0703960000000291e+24,0.0,0.0
2.51e-05,164836.0,5.49455,3e+22,-187.175,-2185.8,20339.0,3.65636,3.69105,3.63931,0.00107312637,-0.00107378445,0.565776667,0.106016356,0.107140066,0.380677514,0.000661658593,0.00066644649,-0.00026109714,1349.8425,-978.017444,-634.4736,-1519.80414,1515.67304,1307.38597,619.600746,-2021.61397,12610.3527,50200.0,164836.455333,5.494548511,-60.00000000000001,30000 3000,1e-06,2,0.0 0.0259,0.0 0.0,-1.0 0.0,0.00054857 28.0,80000,1000,5e-10,0.0,0.0 0.0 0.0,1000 1000000 0,0,0.0,0,100,0,,20,,1,,,,1.0,10.0,0.1,False,{},,,False,3,mixed,250,300,True,Ar_Aubin,,False,uniform,Argon-Aubin-Test2/20Td,3.0000000000000005e+21,1.01695e+24,0.0,1.6397244444444443e-13,1.639437777777778e-13,0.0,2.2222222222222226e-19,0.0,0.0,0.0,0.0,0.0,2.2222222222222226e-19,0.0,0.0,2.2222222222222226e-19,0.0,2.2222222222222226e-19,2.2222222222222226e-19,0.0,0.0,4.444444444444445e-19,4.444444444444445e-19,0.0,4.444444444444445e-19,1.1111111111111113e-18,4.444444444444445e-19,1.1111111111111113e-18,7.111111111111112e-18,4.888888888888889e-18,1.0666666666666668e-17,0.0,0.0,2.2222222222222226e-19,0.0,6.666666666666668e-19,0.0,1524.7873439880323,1350.0433624283048,911.4021344656942,1513.3259619491898,1847.9868775844734,1103.0210698869996,51.66448781820975,69.20007640629493,22571.21999999834,1.128560999999917e+24,0.0,0.0
2.515e-05,164497.0,5.48323,3e+22,-928.569,4229.31,22386.5,3.66288,3.66532,3.63531,0.00106863249,-0.0010452055,0.566714688,0.106239332,0.107393126,0.38190536,0.000677595095,0.000675714459,-0.000259264714,-203.121688,-678.713932,507.157342,319.331573,2622.2903,2170.19191,950.859283,1709.38977,16471.071,50300.0,164496.927592,5.48323092,-60.00000000000001,30000 3000,1e-06,2,0.0 0.0259,0.0 0.0,-1.0 0.0,0.00054857 28.0,80000,1000,5e-10,0.0,0.0 0.0 0.0,1000 1000000 0,0,0.0,0,100,0,,20,,1,,,,1.0,10.0,0.1,False,{},,,False,3,mixed,250,300,True,Ar_Aubin,,False,uniform,Argon-Aubin-Test2/20Td,3.0000000000000005e+21,1.119325e+24,0.0,1.6378733333333334e-13,1.6375288888888892e-13,2.2222222222222226e-19,0.0,0.0,0.0,0.0,0.0,0.0,0.0,0.0,0.0,0.0,0.0,6.666666666666668e-19,4.444444444444445e-19,0.0,0.0,2.2222222222222226e-19,1.1111111111111113e-18,0.0,1.1111111111111113e-18,4.444444444444445e-19,8.88888888888889e-19,6.666666666666668e-19,9.111111111111112e-18,8.444444444444445e-18,1.0222222222222223e-17,0.0,2.2222222222222226e-19,0.0,2.2222222222222226e-19,4.444444444444445e-19,0.0,2229.856248072981,-202.1293889973932,2531.205585078189,2626.7107980732053,1655.4532669149637,3784.312637088,216.1620346279123,1960.327374884087,18760.420000001333,9.380210000000667e+23,0.0,0.0
2.52e-05,164553.0,5.48509,3e+22,240.794,-7252.99,19475.2,3.62377,3.64611,3.69786,0.000960629671,-0.0012006748,0.567804157,0.106397272,0.107612669,0.383276333,0.000645001876,0.000630336626,-0.000387882396,2063.59483,354.344745,1019.40086,-2140.9928,3311.29314,2027.70297,-1123.55138,-4646.15235,12937.2442,50400.0,164552.816347,5.485093878,-60.00000000000001,30000 3000,1e-06,2,0.0 0.0259,0.0 0.0,-1.0 0.0,0.00054857 28.0,80000,1000,5e-10,0.0,0.0 0.0 0.0,1000 1000000 0,0,0.0,0,100,0,,20,,1,,,,1.0,10.0,0.1,False,{},,,False,3,mixed,250,300,True,Ar_Aubin,,False,uniform,Argon-Aubin-Test2/20Td,3.0000000000000005e+21,9.737600000000002e+23,0.0,1.6369044444444444e-13,1.6365800000000001e-13,2.2222222222222226e-19,0.0,0.0,0.0,0.0,0.0,0.0,0.0,0.0,0.0,0.0,0.0,2.2222222222222226e-19,4.444444444444445e-19,0.0,0.0,4.444444444444445e-19,2.2222222222222226e-19,2.2222222222222226e-19,2.2222222222222226e-19,1.3333333333333336e-18,2.2222222222222226e-19,2.4444444444444447e-18,1e-17,8.222222222222223e-18,7.777777777777779e-18,0.0,2.2222222222222226e-19,0.0,0.0,2.2222222222222226e-19,0.0,1581.5916603387216,2063.363516139001,2191.9383456187047,3302.5846576823483,1349.4988845674793,1879.1446815935997,295.64749251341465,-259.5828091493173,21789.37999999908,1.0894689999999541e+24,0.0,0.0
2.525e-05,164795.0,5.49318,3e+22,7431.78,9267.61,19707.3,3.64873,3.697,3.63763,0.00105250322,-0.00118864163,0.568816208,0.106593815,0.10775616,0.384484083,0.000670635835,0.000682022818,-0.000357530146,2258.75392,-706.284275,-390.87587,941.226884,-1889.83281,958.163177,5916.71477,5322.31458,11322.7971,50500.0,164795.497456,5.493183249,-60.00000000000001,30000 3000,1e-06,2,0.0 0.0259,0.0 0.0,-1.0 0.0,0.00054857 28.0,80000,1000,5e-10,0.0,0.0 0.0 0.0,1000 1000000 0,0,0.0,0,100,0,,20,,1,,,,1.0,10.0,0.1,False,{},,,False,3,mixed,250,300,True,Ar_Aubin,,False,uniform,Argon-Aubin-Test2/20Td,3.0000000000000005e+21,9.85365e+23,0.0,1.637611111111111e-13,1.6373466666666668e-13,0.0,0.0,0.0,0.0,0.0,0.0,0.0,0.0,0.0,0.0,2.2222222222222226e-19,0.0,2.2222222222222226e-19,4.444444444444445e-19,0.0,0.0,2.2222222222222226e-19,0.0,2.2222222222222226e-19,2.2222222222222226e-19,2.2222222222222226e-19,6.666666666666668e-19,8.88888888888889e-19,6.8888888888888895e-18,6.2222222222222225e-18,9.555555555555557e-18,0.0,0.0,0.0,2.2222222222222226e-19,2.2222222222222226e-19,0.0,1963.5804633669209,2250.9319476196683,1435.1975105079962,-1878.8169429433958,574.32222981324,112.96544408160116,-30.903559536947686,1277.7799850022539,20241.020000000277,1.012051000000014e+24,0.0,0.0
2.53e-05,164850.0,5.49502,3e+22,1753.68,11356.1,16018.4,3.66204,3.661,3.66479,0.00112839808,-0.00121098199,0.569809932,0.10684068,0.107872056,0.385753532,0.000646705041,0.000784017573,-0.000333842819,-664.499012,291.750946,-1744.93393,1245.08454,2166.75967,-477.081292,2781.47674,5617.52675,11052.6239,50600.0,164850.490549,5.495016352,-60.00000000000001,30000 3000,1e-06,2,0.0 0.0259,0.0 0.0,-1.0 0.0,0.00054857 28.0,80000,1000,5e-10,0.0,0.0 0.0 0.0,1000 1000000 0,0,0.0,0,100,0,,20,,1,,,,1.0,10.0,0.1,False,{},,,False,3,mixed,250,300,True,Ar_Aubin,,False,uniform,Argon-Aubin-Test2/20Td,3.0000000000000005e+21,8.009200000000001e+23,0.0,1.6413866666666665e-13,1.641097777777778e-13,0.0,0.0,2.2222222222222226e-19,0.0,0.0,0.0,2.2222222222222226e-19,0.0,0.0,0.0,0.0,0.0,4.444444444444445e-19,4.444444444444445e-19,2.2222222222222226e-19,0.0,2.2222222222222226e-19,6.666666666666668e-19,0.0,1.777777777777778e-18,2.2222222222222226e-19,4.444444444444445e-19,1.3333333333333336e-18,8.88888888888889e-18,6.8888888888888895e-18,6.444444444444445e-18,0.0,0.0,2.2222222222222226e-19,0.0,2.2222222222222226e-19,0.0,2466.994808011658,-666.4778611449344,1158.4239154445454,2180.511702576639,1379.68877654715,1925.1804852512014,1154.0642454891856,19.203396645568205,19874.479999999472,9.937239999999737e+23,0.0,0.0
2.535e-05,164916.0,5.4972,3e+22,1534.74,8898.59,15916.7,3.66847,3.62014,3.70388,0.00124934014,-0.0011565008,0.570809888,0.107063359,0.107960633,0.387020686,0.000677557089,0.00088435113,-0.000357653332,483.400586,-1362.28508,-2116.20172,1170.62506,2041.92671,2309.54773,1772.15636,3372.46787,11705.9598,50700.0,164915.988838,5.497199628,-60.00000000000001,30000 3000,1e-06,2,0.0 0.0259,0.0 0.0,-1.0 0.0,0.00054857 28.0,80000,1000,5e-10,0.0,0.0 0.0 0.0,1000 1000000 0,0,0.0,0,100,0,,20,,1,,,,1.0,10.0,0.1,False,{},,,False,3,mixed,250,300,True,Ar_Aubin,,False,uniform,Argon-Aubin-Test2/20Td,3.0000000000000005e+21,7.95835e+23,0.0,1.639582222222222e-13,1.6392933333333334e-13,0.0,0.0,2.2222222222222226e-19,0.0,0.0,0.0,0.0,0.0,0.0,4.444444444444445e-19,4.444444444444445e-19,2.2222222222222226e-19,2.2222222222222226e-19,4.444444444444445e-19,0.0,0.0,4.444444444444445e-19,4.444444444444445e-19,2.2222222222222226e-19,1.1111111111111113e-18,8.88888888888889e-19,4.444444444444445e-19,1.1111111111111113e-18,8e-18,5.333333333333334e-18,8.222222222222223e-18,0.0,0.0,0.0,2.2222222222222226e-19,4.444444444444445e-19,0.0,2223.9143144153763,481.48317371353636,887.0598327970214,2052.217936453872,1265.8436727203127,2620.550055670401,603.4056969285244,-1239.975499715458,19999.120000000483,9.999560000000242e+23,0.0,0.0
2.54e-05,164849.0,5.49498,3e+22,-6200.97,-1450.98,23004.4,3.67722,3.63944,3.67006,0.0012137959,-0.00113429614,0.571814303,0.10722402,0.108180665,0.388300281,0.000613806979,0.000880960816,-0.00035552541,6060.07651,-1723.09628,-227.553219,207.797498,623.025422,-3059.23062,-4579.02322,-701.785855,12238.866,50800.0,164849.433744,5.494981125,-60.00000000000001,30000 3000,1e-06,2,0.0 0.0259,0.0 0.0,-1.0 0.0,0.00054857 28.0,80000,1000,5e-10,0.0,0.0 0.0 0.0,1000 1000000 0,0,0.0,0,100,0,,20,,1,,,,1.0,10.0,0.1,False,{},,,False,3,mixed,250,300,True,Ar_Aubin,,False,uniform,Argon-Aubin-Test2/20Td,3.0000000000000005e+21,1.15022e+24,0.0,1.6434111111111111e-13,1.6430933333333336e-13,0.0,0.0,0.0,0.0,0.0,0.0,0.0,0.0,0.0,0.0,0.0,0.0,6.666666666666668e-19,4.444444444444445e-19,0.0,0.0,0.0,4.444444444444445e-19,0.0,2.2222222222222226e-19,8.88888888888889e-19,2.2222222222222226e-19,8.88888888888889e-19,1.0666666666666668e-17,7.111111111111112e-18,9.333333333333335e-18,0.0,0.0,0.0,0.0,8.88888888888889e-19,0.0,1607.4855029855896,6067.603221962023,2200.8286636718276,621.3795809867828,1319.2612319673503,-915.3789519332022,313.5906968909294,-1288.6957469280505,20088.300000000727,1.0044150000000364e+24,0.0,0.0
2.545e-05,165050.0,5.50165,3e+22,1438.69,-79.7186,21092.2,3.68353,3.63543,3.68181,0.00127542819,-0.0011005683,0.572851517,0.107411647,0.108412234,0.389566433,0.000549112493,0.000916281511,-0.000362947543,-288.823306,1520.02919,-2408.02046,-345.167072,1374.18787,465.740907,-537.253386,-2842.91754,12806.7755,50900.0,165049.605502,5.501653517,-60.00000000000001,30000 3000,1e-06,2,0.0 0.0259,0.0 0.0,-1.0 0.0,0.00054857 28.0,80000,1000,5e-10,0.0,0.0 0.0 0.0,1000 1000000 0,0,0.0,0,100,0,,20,,1,,,,1.0,10.0,0.1,False,{},,,False,3,mixed,250,300,True,Ar_Aubin,,False,uniform,Argon-Aubin-Test2/20Td,3.0000000000000005e+21,1.0546100000000001e+24,0.0,1.6385333333333332e-13,1.6382555555555558e-13,0.0,0.0,0.0,0.0,0.0,0.0,0.0,4.444444444444445e-19,0.0,0.0,0.0,0.0,2.2222222222222226e-19,0.0,0.0,0.0,6.666666666666668e-19,4.444444444444445e-19,0.0,1.5555555555555556e-18,6.666666666666668e-19,2.2222222222222226e-19,1.777777777777778e-18,6.8888888888888895e-18,6.8888888888888895e-18,7.333333333333334e-18,0.0,2.2222222222222226e-19,2.2222222222222226e-19,0.0,2.2222222222222226e-19,0.0,1874.73583419015,-290.65825178267113,2316.4437715025856,1374.1001342359195,788.885861744415,724.0767331325987,-24.888438466129546,-3796.3311814618482,20744.28000000017,1.0372140000000085e+24,0.0,0.0
2.55e-05,165039.0,5.5013,3e+22,-4254.39,-1432.54,12424.6,3.67538,3.71095,3.61527,0.00125647894,-0.00109698254,0.573928369,0.10756849,0.1085604,0.390999673,0.000526554961,0.000829258126,-0.000384893065,1887.21947,-1242.98743,-984.104563,-90.8626862,-261.506363,1539.65115,-3148.88602,-1348.63992,9696.67916,51000.0,165038.943795,5.501298126,-60.00000000000001,30000 3000,1e-06,2,0.0 0.0259,0.0 0.0,-1.0 0.0,0.00054857 28.0,80000,1000,5e-10,0.0,0.0 0.0 0.0,1000 1000000 0,0,0.0,0,100,0,,20,,1,,,,1.0,10.0,0.1,False,{},,,False,3,mixed,250,300,True,Ar_Aubin,,False,uniform,Argon-Aubin-Test2/20Td,3.0000000000000005e+21,6.2123e+23,0.0,1.6434222222222222e-13,1.6430911111111112e-13,0.0,0.0,0.0,0.0,0.0,0.0,0.0,0.0,0.0,0.0,0.0,0.0,6.666666666666668e-19,6.666666666666668e-19,0.0,0.0,0.0,8.88888888888889e-19,8.88888888888889e-19,0.0,4.444444444444445e-19,1.1111111111111113e-18,1.3333333333333336e-18,9.111111111111112e-18,7.555555555555556e-18,1e-17,0.0,2.2222222222222226e-19,0.0,0.0,2.2222222222222226e-19,0.0,1568.9097774118643,1892.5650214375466,1481.7387988989851,-263.0778343678516,1983.277862012134,2565.8487465226,-1550.4264050196937,-1706.8867174480138,21537.03999999923,1.0768519999999615e+24,0.0,0.0
2.555e-05,164715.0,5.49049,3e+22,1904.15,8105.2,19145.1,3.64061,3.64472,3.69317,0.00126380061,-0.0011774999,0.574859446,0.107757169,0.108800856,0.392199528,0.000572332704,0.000779223993,-0.000435867851,4290.87567,1498.83844,-779.939436,87.2498671,2624.16549,971.834278,1488.82451,5658.03092,11773.8094,51100.0,164714.622535,5.490487418,-60.00000000000001,30000 3000,1e-06,2,0.0 0.0259,0.0 0.0,-1.0 0.0,0.00054857 28.0,80000,1000,5e-10,0.0,0.0 0.0 0.0,1000 1000000 0,0,0.0,0,100,0,,20,,1,,,,1.0,10.0,0.1,False,{},,,False,3,mixed,250,300,True,Ar_Aubin,,False,uniform,Argon-Aubin-Test2/20Td,3.0000000000000005e+21,9.57255e+23,0.0,1.6380222222222223e-13,1.6376800000000002e-13,0.0,0.0,0.0,0.0,0.0,0.0,0.0,0.0,0.0,0.0,0.0,0.0,0.0,6.666666666666668e-19,0.0,2.2222222222222226e-19,0.0,8.88888888888889e-19,0.0,2.2222222222222226e-19,4.444444444444445e-19,6.666666666666668e-19,4.444444444444445e-19,1.288888888888889e-17,8.222222222222223e-18,8.666666666666667e-18,0.0,2.2222222222222226e-19,2.2222222222222226e-19,0.0,4.444444444444445e-19,0.0,1886.6054734481554,4288.469204068469,2402.7286467856457,2633.70936218948,1302.4508757319975,768.0678203854004,-1108.2588560402626,-409.92912915941133,18621.540000001158,9.31077000000058e+23,0.0,0.0
2.56e-05,164474.0,5.48245,3e+22,9613.89,-6551.31,19792.2,3.66897,3.66332,3.62962,0.00128473201,-0.0011359957,0.575826772,0.108008801,0.109051522,0.393440056,0.000626767298,0.000791130888,-0.00039602289,1304.59207,116.401423,621.371086,-1808.47421,1019.54695,-2042.91142,6095.79436,-4024.65239,11855.7076,51200.0,164473.539736,5.482451325,-60.00000000000001,30000 3000,1e-06,2,0.0 0.0259,0.0 0.0,-1.0 0.0,0.00054857 28.0,80000,1000,5e-10,0.0,0.0 0.0 0.0,1000 1000000 0,0,0.0,0,100,0,,20,,1,,,,1.0,10.0,0.1,False,{},,,False,3,mixed,250,300,True,Ar_Aubin,,False,uniform,Argon-Aubin-Test2/20Td,3.0000000000000005e+21,9.8961e+23,0.0,1.6383733333333332e-13,1.6380333333333336e-13,2.2222222222222226e-19,0.0,0.0,0.0,0.0,0.0,0.0,0.0,0.0,0.0,2.2222222222222226e-19,0.0,2.2222222222222226e-19,0.0,2.2222222222222226e-19,2.2222222222222226e-19,0.0,4.444444444444445e-19,2.2222222222222226e-19,1.1111111111111113e-18,6.666666666666668e-19,2.2222222222222226e-19,1.1111111111111113e-18,1e-17,7.111111111111112e-18,1.1777777777777779e-17,0.0,0.0,0.0,0.0,2.2222222222222226e-19,0.0,2515.786556443189,1292.240797776381,2507.6201978407876,1012.104690010633,1274.3930348696476,458.82896322160013,-27.369453686192525,1155.802528048598,19346.5199999987,9.673259999999352e+23,0.0,0.0
2.565e-05,164521.0,5.48404,3e+22,-5483.99,5730.76,21987.5,3.68058,3.62517,3.65923,0.00122068243,-0.00100296145,0.576885116,0.108147309,0.10922614,0.39482756,0.000668367102,0.000751505129,-0.000328073954,2097.45709,-377.824828,947.544047,-341.466569,670.726624,3351.2864,-1449.68956,3411.98829,15695.3738,51300.0,164521.16886,5.484038962,-60.00000000000001,30000 3000,1e-06,2,0.0 0.0259,0.0 0.0,-1.0 0.0,0.00054857 28.0,80000,1000,5e-10,0.0,0.0 0.0 0.0,1000 1000000 0,0,0.0,0,100,0,,20,,1,,,,1.0,10.0,0.1,False,{},,,False,3,mixed,250,300,True,Ar_Aubin,,False,uniform,Argon-Aubin-Test2/20Td,3.0000000000000005e+21,1.0993750000000002e+24,0.0,1.6376444444444444e-13,1.6373311111111112e-13,0.0,0.0,0.0,0.0,0.0,0.0,2.2222222222222226e-19,0.0,0.0,0.0,0.0,2.2222222222222226e-19,2.2222222222222226e-19,2.2222222222222226e-19,2.2222222222222226e-19,0.0,0.0,6.666666666666668e-19,0.0,1.5555555555555556e-18,6.666666666666668e-19,1.1111111111111113e-18,2e-18,9.555555555555557e-18,7.333333333333334e-18,7.333333333333334e-18,0.0,0.0,0.0,0.0,0.0,0.0,1386.6847074260613,2104.151300239296,1749.0255456023563,676.474355359202,1675.3828960652806,3011.112311949999,-80.72396052680479,2634.646939363215,21166.88000000089,1.0583440000000446e+24,0.0,0.0
2.57e-05,164546.0,5.48487,3e+22,-1614.01,373.8,19418.3,3.6474,3.64316,3.67702,0.00117592848,-0.00104212708,0.57793096,0.108329606,0.109373507,0.396175314,0.000660706291,0.000685397666,-0.000413427621,-797.748298,1190.05846,2203.03772,1543.02137,3000.28079,-550.86053,-1264.98278,-2045.02229,11632.5381,51400.0,164546.090056,5.484869669,-60.00000000000001,30000 3000,1e-06,2,0.0 0.0259,0.0 0.0,-1.0 0.0,0.00054857 28.0,80000,1000,5e-10,0.0,0.0 0.0 0.0,1000 1000000 0,0,0.0,0,100,0,,20,,1,,,,1.0,10.0,0.1,False,{},,,False,3,mixed,250,300,True,Ar_Aubin,,False,uniform,Argon-Aubin-Test2/20Td,3.0000000000000005e+21,9.709149999999999e+23,0.0,1.6357977777777778e-13,1.6354844444444446e-13,0.0,0.0,0.0,0.0,0.0,0.0,2.2222222222222226e-19,0.0,0.0,0.0,0.0,0.0,2.2222222222222226e-19,8.88888888888889e-19,0.0,0.0,4.444444444444445e-19,6.666666666666668e-19,2.2222222222222226e-19,6.666666666666668e-19,6.666666666666668e-19,6.666666666666668e-19,1.5555555555555556e-18,9.555555555555557e-18,4.666666666666667e-18,1.0222222222222223e-17,0.0,0.0,4.444444444444445e-19,0.0,2.2222222222222226e-19,0.0,1824.0425780483017,-795.8503376739952,1472.8690281931579,3000.6703371025037,1399.9653581187044,410.1013394319998,-830.3882621605771,1848.0067567464157,20916.87999999925,1.0458439999999627e+24,0.0,0.0
2.575e-05,164704.0,5.49012,3e+22,-3926.72,-3423.7,24577.0,3.66949,3.62464,3.68251,0.00122239217,-0.00115636115,0.578941356,0.108535924,0.10960457,0.397513267,0.000739144979,0.000697339908,-0.000448429661,2572.23697,-1721.18758,141.813242,71.044431,2941.4908,-1796.32613,-4395.01888,-1715.76276,15299.0726,51500.0,164703.506246,5.490116875,-60.00000000000001,30000 3000,1e-06,2,0.0 0.0259,0.0 0.0,-1.0 0.0,0.00054857 28.0,80000,1000,5e-10,0.0,0.0 0.0 0.0,1000 1000000 0,0,0.0,0,100,0,,20,,1,,,,1.0,10.0,0.1,False,{},,,False,3,mixed,250,300,True,Ar_Aubin,,False,uniform,Argon-Aubin-Test2/20Td,3.0000000000000005e+21,1.22885e+24,0.0,1.639691111111111e-13,1.6394133333333335e-13,0.0,0.0,0.0,0.0,0.0,0.0,2.2222222222222226e-19,0.0,0.0,0.0,0.0,0.0,2.2222222222222226e-19,0.0,0.0,0.0,0.0,0.0,4.444444444444445e-19,1.1111111111111113e-18,6.666666666666668e-19,8.88888888888889e-19,1.5555555555555556e-18,1.088888888888889e-17,5.777777777777778e-18,5.777777777777778e-18,0.0,0.0,0.0,0.0,2.2222222222222226e-19,0.0,2062.0656517281177,2577.0369617817823,2308.1185774163905,2937.531766330745,1690.5383940291065,1070.430893588,-322.9132625168349,-2009.9077689297696,20207.91999999938,1.0103959999999691e+24,0.0,0.0
2.58e-05,164829.0,5.49428,3e+22,-7979.01,-729.398,10019.1,3.66699,3.71687,3.60378,0.00121301994,-0.0012040304,0.58007465,0.108817927,0.109848772,0.398998647,0.000720635965,0.000686641376,-0.000526669155,1207.61141,-67.2953588,-880.531924,-67.8763031,-782.411036,-165.547098,-5034.77621,684.547474,8460.29952,51600.0,164828.50616,5.494283539,-60.00000000000001,30000 3000,1e-06,2,0.0 0.0259,0.0 0.0,-1.0 0.0,0.00054857 28.0,80000,1000,5e-10,0.0,0.0 0.0 0.0,1000 1000000 0,0,0.0,0,100,0,,20,,1,,,,1.0,10.0,0.1,False,{},,,False,3,mixed,250,300,True,Ar_Aubin,,False,uniform,Argon-Aubin-Test2/20Td,3.0000000000000005e+21,5.00955e+23,0.0,1.6415866666666666e-13,1.6412622222222223e-13,0.0,0.0,0.0,0.0,0.0,0.0,0.0,2.2222222222222226e-19,0.0,0.0,0.0,0.0,6.666666666666668e-19,0.0,0.0,0.0,2.2222222222222226e-19,1.1111111111111113e-18,0.0,6.666666666666668e-19,8.88888888888889e-19,4.444444444444445e-19,1.3333333333333336e-18,1.0222222222222223e-17,7.777777777777779e-18,8.444444444444445e-18,0.0,0.0,0.0,0.0,4.444444444444445e-19,0.0,2820.2582524243517,1217.2901082314593,2440.8948190510205,-783.2892533656992,1718.741144961511,2648.4735941850004,-132.94537349877118,-1299.0400689843536,22665.88000000125,1.1332940000000626e+24,0.0,0.0
2.585e-05,164611.0,5.48702,3e+22,469.455,4932.76,21130.7,3.65488,3.66833,3.64815,0.00132079563,-0.00120447091,0.58103542,0.109109291,0.110026613,0.400316156,0.000779835415,0.000754007816,-0.000501445779,1301.41751,1368.07526,2363.72788,139.486874,3355.92156,1683.38718,1692.48635,3573.33366,14757.7202,51700.0,164610.682698,5.487022757,-60.00000000000001,30000 3000,1e-06,2,0.0 0.0259,0.0 0.0,-1.0 0.0,0.00054857 28.0,80000,1000,5e-10,0.0,0.0 0.0 0.0,1000 1000000 0,0,0.0,0,100,0,,20,,1,,,,1.0,10.0,0.1,False,{},,,False,3,mixed,250,300,True,Ar_Aubin,,False,uniform,Argon-Aubin-Test2/20Td,3.0000000000000005e+21,1.056535e+24,0.0,1.6362866666666666e-13,1.6359555555555556e-13,0.0,0.0,0.0,0.0,0.0,0.0,2.2222222222222226e-19,2.2222222222222226e-19,0.0,0.0,0.0,0.0,2.2222222222222226e-19,2.2222222222222226e-19,0.0,0.0,0.0,4.444444444444445e-19,2.2222222222222226e-19,6.666666666666668e-19,1.1111111111111113e-18,6.666666666666668e-19,1.3333333333333336e-18,1.0222222222222223e-17,8e-18,9.333333333333335e-18,0.0,0.0,0.0,0.0,2.2222222222222226e-19,0.0,2910.909162786024,1300.7974558875183,1778.3993903108808,3361.862925926012,2019.4927804612073,2480.0350506060004,71.59027054613179,3755.5349106850585,19215.399999998885,9.607699999999443e+23,0.0,0.0
2.59e-05,164739.0,5.49129,3e+22,-46.7049,1198.19,13018.7,3.68306,3.66137,3.63718,0.00140737756,-0.00108497211,0.581961695,0.109257524,0.110283654,0.401488957,0.000856008374,0.00083718486,-0.000424413917,-80.9109025,1206.48521,-2531.61013,3013.76536,995.953747,2392.90629,-410.348209,1182.60681,7363.22069,51800.0,164738.716089,5.491290536,-60.00000000000001,30000 3000,1e-06,2,0.0 0.0259,0.0 0.0,-1.0 0.0,0.00054857 28.0,80000,1000,5e-10,0.0,0.0 0.0 0.0,1000 1000000 0,0,0.0,0,100,0,,20,,1,,,,1.0,10.0,0.1,False,{},,,False,3,mixed,250,300,True,Ar_Aubin,,False,uniform,Argon-Aubin-Test2/20Td,3.0000000000000005e+21,6.509350000000001e+23,0.0,1.6395066666666667e-13,1.6392511111111114e-13,0.0,0.0,0.0,0.0,0.0,0.0,0.0,0.0,0.0,0.0,0.0,0.0,1.1111111111111113e-18,4.444444444444445e-19,0.0,0.0,0.0,8.88888888888889e-19,0.0,0.0,4.444444444444445e-19,0.0,8.88888888888889e-19,7.555555555555556e-18,7.111111111111112e-18,6.6666666666666674e-18,0.0,2.2222222222222226e-19,0.0,0.0,2.2222222222222226e-19,0.0,1479.9678949983797,-80.84517107179796,2573.1458569355773,997.253749732481,955.4584730342431,-213.16402869649937,631.3251457730073,-2933.100102471566,18525.49999999953,9.262749999999767e+23,0.0,0.0
2.595e-05,164216.0,5.47388,3e+22,10138.0,2574.4,13709.9,3.67422,3.65307,3.61878,0.00150937718,-0.0011385067,0.582742063,0.10948457,0.110478702,0.402533387,0.000838317748,0.000886103462,-0.000464761179,538.691548,424.578287,-2587.16416,926.698453,440.575443,-110.725134,4208.53061,-245.242206,7347.33953,51900.0,164216.289257,5.473876309,-60.00000000000001,30000 3000,1e-06,2,0.0 0.0259,0.0 0.0,-1.0 0.0,0.00054857 28.0,80000,1000,5e-10,0.0,0.0 0.0 0.0,1000 1000000 0,0,0.0,0,100,0,,20,,1,,,,1.0,10.0,0.1,False,{},,,False,3,mixed,250,300,True,Ar_Aubin,,False,uniform,Argon-Aubin-Test2/20Td,3.0000000000000005e+21,6.85495e+23,0.0,1.6351066666666665e-13,1.634777777777778e-13,0.0,0.0,0.0,0.0,0.0,0.0,0.0,2.2222222222222226e-19,0.0,2.2222222222222226e-19,0.0,0.0,0.0,2.2222222222222226e-19,0.0,2.2222222222222226e-19,2.2222222222222226e-19,6.666666666666668e-19,4.444444444444445e-19,6.666666666666668e-19,8.88888888888889e-19,0.0,2.2222222222222226e-18,8.666666666666667e-18,8.88888888888889e-18,8.88888888888889e-18,0.0,0.0,0.0,2.2222222222222226e-19,2.2222222222222226e-19,0.0,2267.4849212489526,523.38948214916,1949.289669735399,443.50641464848,1355.3245777703228,-641.9958795236989,-232.38278791516427,-4307.165994894081,15607.360000000626,7.803680000000313e+23,0.0,0.0
2.6e-05,163948.0,5.46492,3e+22,6037.96,1051.41,18012.2,3.6193,3.66881,3.63967,0.00155703723,-0.00105299743,0.583667619,0.109692342,0.110564285,0.403610563,0.000837275545,0.000942674103,-0.00037458102,2152.65051,4036.24477,145.514878,-2106.00735,2398.79752,365.474722,4246.85896,816.155642,11912.7008,52000.0,163947.537071,5.464917902,-60.00000000000001,30000 3000,1e-06,2,0.0 0.0259,0.0 0.0,-1.0 0.0,0.00054857 28.0,80000,1000,5e-10,0.0,0.0 0.0 0.0,1000 1000000 0,0,0.0,0,100,0,,20,,1,,,,1.0,10.0,0.1,False,{},,,False,3,mixed,250,300,True,Ar_Aubin,,False,uniform,Argon-Aubin-Test2/20Td,3.0000000000000005e+21,9.006100000000002e+23,0.0,1.6329333333333332e-13,1.6326044444444446e-13,0.0,0.0,0.0,0.0,0.0,2.2222222222222226e-19,0.0,0.0,0.0,0.0,2.2222222222222226e-19,2.2222222222222226e-19,8.88888888888889e-19,4.444444444444445e-19,0.0,2.2222222222222226e-19,4.444444444444445e-19,1.1111111111111113e-18,0.0,6.666666666666668e-19,8.88888888888889e-19,0.0,1.5555555555555556e-18,1.088888888888889e-17,5.777777777777778e-18,9.333333333333335e-18,0.0,0.0,0.0,0.0,0.0,0.0,2076.2585453588945,2143.249181486749,857.7039391835517,2399.904652027876,-24.014796332072486,1399.5629130482012,547.1199997973404,840.1664351885543,18511.119999999883,9.255559999999941e+23,0.0,0.0
2.605e-05,163612.0,5.45372,3e+22,-3348.22,-2557.85,23758.0,3.61006,3.62385,3.67021,0.00159838198,-0.00104082254,0.584655106,0.109913317,0.110757669,0.404923449,0.00086551036,0.00100027688,-0.000436913785,3877.37344,-1232.70834,200.146849,-101.935238,-1156.92504,-1.76272422,-2074.73072,-2375.99859,15211.0882,52100.0,163611.511719,5.453717057,-60.00000000000001,30000 3000,1e-06,2,0.0 0.0259,0.0 0.0,-1.0 0.0,0.00054857 28.0,80000,1000,5e-10,0.0,0.0 0.0 0.0,1000 1000000 0,0,0.0,0,100,0,,20,,1,,,,1.0,10.0,0.1,False,{},,,False,3,mixed,250,300,True,Ar_Aubin,,False,uniform,Argon-Aubin-Test2/20Td,3.0000000000000005e+21,1.1879000000000001e+24,2.222222222222222e-19,1.6300977777777776e-13,1.6297355555555557e-13,0.0,0.0,0.0,0.0,0.0,0.0,0.0,0.0,0.0,0.0,2.2222222222222226e-19,0.0,6.666666666666668e-19,6.666666666666668e-19,0.0,0.0,2.2222222222222226e-19,2.2222222222222226e-19,2.2222222222222226e-19,6.666666666666668e-19,1.3333333333333336e-18,2.2222222222222226e-19,1.777777777777778e-18,1e-17,8.222222222222223e-18,1.1111111111111113e-17,0.0,0.0,0.0,0.0,4.444444444444445e-19,2.2222222222222226e-19,2208.4453998162667,3882.7251745130757,1934.094920278129,-1159.587307933939,1591.8249725788148,1320.8521916519985,637.8560756613067,44.9956889304799,19749.740000001293,9.874870000000648e+23,1.1251906213560668e-23,9.35357446848313e-24
2.61e-05,163889.0,5.46296,3e+22,-6797.33,-7952.19,21580.7,3.63856,3.65143,3.63267,0.00161194597,-0.00104655989,0.585724153,0.110129713,0.110889241,0.406301448,0.000882069318,0.00107074562,-0.000433528267,2984.71888,913.30194,-2869.52948,191.628917,16.9280948,-790.94148,-3746.8836,-5827.4644,13093.9768,52200.0,163888.940081,5.462964669,-60.00000000000001,30000 3000,1e-06,2,0.0 0.0259,0.0 0.0,-1.0 0.0,0.00054857 28.0,80000,1000,5e-10,0.0,0.0 0.0 0.0,1000 1000000 0,0,0.0,0,100,0,,20,,1,,,,1.0,10.0,0.1,False,{},,,False,3,mixed,250,300,True,Ar_Aubin,,False,uniform,Argon-Aubin-Test2/20Td,3.0000000000000005e+21,1.079035e+24,0.0,1.6277088888888889e-13,1.6274333333333336e-13,0.0,0.0,0.0,0.0,0.0,0.0,0.0,0.0,0.0,0.0,0.0,2.2222222222222226e-19,6.666666666666668e-19,2.2222222222222226e-19,2.2222222222222226e-19,0.0,0.0,4.444444444444445e-19,0.0,8.88888888888889e-19,6.666666666666668e-19,4.444444444444445e-19,1.1111111111111113e-18,8.666666666666667e-18,5.555555555555556e-18,8.222222222222223e-18,0.0,0.0,0.0,0.0,2.2222222222222226e-19,0.0,2163.5245514378676,2995.67580870026,1315.6002395642297,8.6056517083409,1268.0856430385968,453.6395713529,1216.3047597075301,-2669.839645483289,21380.939999999795,1.0690469999999897e+24,0.0,0.0
2.615e-05,164072.0,5.46905,3e+22,1739.03,8150.22,19016.9,3.6991,3.63305,3.60351,0.00160758872,-0.00106585111,0.58688383,0.110388219,0.11100591,0.407722948,0.000885065847,0.00103499823,-0.000497564032,862.993089,451.502806,-1801.97331,-119.202999,2299.51447,1718.28441,910.184255,4923.59994,11045.9441,52300.0,164071.572179,5.469052406,-60.00000000000001,30000 3000,1e-06,2,0.0 0.0259,0.0 0.0,-1.0 0.0,0.00054857 28.0,80000,1000,5e-10,0.0,0.0 0.0 0.0,1000 1000000 0,0,0.0,0,100,0,,20,,1,,,,1.0,10.0,0.1,False,{},,,False,3,mixed,250,300,True,Ar_Aubin,,False,uniform,Argon-Aubin-Test2/20Td,3.0000000000000005e+21,9.508450000000001e+23,0.0,1.6290177777777777e-13,1.6286911111111113e-13,0.0,0.0,0.0,0.0,0.0,0.0,0.0,2.2222222222222226e-19,0.0,0.0,0.0,0.0,0.0,2.2222222222222226e-19,0.0,0.0,0.0,4.444444444444445e-19,0.0,1.3333333333333336e-18,4.444444444444445e-19,4.444444444444445e-19,4.444444444444445e-19,8.666666666666667e-18,8.222222222222223e-18,1.1777777777777779e-17,0.0,2.2222222222222226e-19,0.0,2.2222222222222226e-19,0.0,0.0,2585.2002831752707,860.1974439882584,1166.2824901466363,2308.201391033744,616.5349209846794,-114.76700672700099,-701.1905419676817,-1942.968995814268,23193.539999999404,1.1596769999999703e+24,0.0,0.0
2.62e-05,164241.0,5.4747,3e+22,4264.76,4332.94,19680.2,3.66962,3.63453,3.64284,0.00173553546,-0.00100601492,0.588044315,0.110582103,0.111137238,0.409224121,0.000911193916,0.0011301339,-0.000413164579,-156.505328,-2318.01649,1750.1338,-1601.45928,2970.34181,1941.471,2577.08879,3919.25821,13865.7932,52400.0,164241.073146,5.474702438,-60.00000000000001,30000 3000,1e-06,2,0.0 0.0259,0.0 0.0,-1.0 0.0,0.00054857 28.0,80000,1000,5e-10,0.0,0.0 0.0 0.0,1000 1000000 0,0,0.0,0,100,0,,20,,1,,,,1.0,10.0,0.1,False,{},,,False,3,mixed,250,300,True,Ar_Aubin,,False,uniform,Argon-Aubin-Test2/20Td,3.0000000000000005e+21,9.840100000000001e+23,0.0,1.6364399999999998e-13,1.6361133333333334e-13,0.0,0.0,0.0,0.0,0.0,0.0,2.2222222222222226e-19,0.0,0.0,0.0,2.2222222222222226e-19,0.0,4.444444444444445e-19,2.2222222222222226e-19,0.0,2.2222222222222226e-19,2.2222222222222226e-19,8.88888888888889e-19,2.2222222222222226e-19,4.444444444444445e-19,0.0,4.444444444444445e-19,1.3333333333333336e-18,1.1555555555555557e-17,6.0000000000000004e-18,1e-17,0.0,0.0,0.0,2.2222222222222226e-19,0.0,0.0,1934.562581597521,-163.9069702083896,1314.5197256941854,2974.7008122874645,1376.8651164974833,2292.9634719370006,360.6346864897534,1785.1990322007073,23209.69999999978,1.160484999999989e+24,0.0,0.0
2.625e-05,164237.0,5.47457,3e+22,21.8636,9641.53,15102.9,3.67158,3.62468,3.65105,0.00151066942,-0.000955502269,0.589112691,0.110811025,0.111390221,0.410635441,0.000856686079,0.00101557757,-0.000330010796,1852.62653,-300.481248,2060.23252,-1408.10726,1127.63954,-439.528631,-1122.91002,5507.83196,10829.9476,52500.0,164237.057315,5.474568577,-60.00000000000001,30000 3000,1e-06,2,0.0 0.0259,0.0 0.0,-1.0 0.0,0.00054857 28.0,80000,1000,5e-10,0.0,0.0 0.0 0.0,1000 1000000 0,0,0.0,0,100,0,,20,,1,,,,1.0,10.0,0.1,False,{},,,False,3,mixed,250,300,True,Ar_Aubin,,False,uniform,Argon-Aubin-Test2/20Td,3.0000000000000005e+21,7.551450000000001e+23,0.0,1.635248888888889e-13,1.63492e-13,0.0,0.0,0.0,0.0,0.0,0.0,2.2222222222222226e-19,0.0,0.0,0.0,0.0,2.2222222222222226e-19,2.2222222222222226e-19,0.0,0.0,0.0,0.0,6.666666666666668e-19,0.0,8.88888888888889e-19,1.1111111111111113e-18,6.666666666666668e-19,1.3333333333333336e-18,9.555555555555557e-18,8e-18,9.777777777777779e-18,0.0,0.0,0.0,0.0,2.2222222222222226e-19,0.0,2296.5196123639344,1852.593501328069,2530.8208143320912,1136.8520437916316,1536.7370655772206,1932.6375390961002,321.2180701260168,901.6268865857344,21367.51999999964,1.0683759999999822e+24,0.0,0.0
2.63e-05,164323.0,5.47745,3e+22,5181.24,275.828,17946.9,3.66526,3.61757,3.67008,0.00159906674,-0.000937016027,0.59017032,0.110990051,0.11158664,0.4119236,0.000800464611,0.00110277118,-0.000293116931,-340.426846,-1599.03123,-1529.7888,1613.18711,1649.82439,-1593.3325,3034.08463,1289.16827,10093.1861,52600.0,164323.401631,5.477446721,-60.00000000000001,30000 3000,1e-06,2,0.0 0.0259,0.0 0.0,-1.0 0.0,0.00054857 28.0,80000,1000,5e-10,0.0,0.0 0.0 0.0,1000 1000000 0,0,0.0,0,100,0,,20,,1,,,,1.0,10.0,0.1,False,{},,,False,3,mixed,250,300,True,Ar_Aubin,,False,uniform,Argon-Aubin-Test2/20Td,3.0000000000000005e+21,8.973450000000002e+23,0.0,1.6363599999999999e-13,1.6360533333333334e-13,0.0,0.0,0.0,0.0,0.0,0.0,0.0,0.0,0.0,2.2222222222222226e-19,0.0,2.2222222222222226e-19,6.666666666666668e-19,2.2222222222222226e-19,0.0,0.0,0.0,2.2222222222222226e-19,2.2222222222222226e-19,4.444444444444445e-19,4.444444444444445e-19,8.88888888888889e-19,8.88888888888889e-19,8.666666666666667e-18,5.555555555555556e-18,1.1333333333333335e-17,0.0,0.0,4.444444444444445e-19,0.0,2.2222222222222226e-19,0.0,1787.5110765755433,-348.71199455595763,1964.539855512093,1650.0828452566952,409.1508835901703,-498.54161600800035,668.5281516090433,-1582.216529672906,21152.5800000012,1.0576290000000601e+24,0.0,0.0
2.635e-05,164268.0,5.47559,3e+22,-1380.65,-3744.07,13110.5,3.68278,3.66971,3.59761,0.00149796188,-0.00102519877,0.591204065,0.111197818,0.111839237,0.413291867,0.000810623211,0.000962251101,-0.000457816767,1588.72008,792.306345,583.662879,1117.98874,376.023884,-1267.92984,-1473.63784,-2507.38869,8496.59628,52700.0,164267.603345,5.475586778,-60.00000000000001,30000 3000,1e-06,2,0.0 0.0259,0.0 0.0,-1.0 0.0,0.00054857 28.0,80000,1000,5e-10,0.0,0.0 0.0 0.0,1000 1000000 0,0,0.0,0,100,0,,20,,1,,,,1.0,10.0,0.1,False,{},,,False,3,mixed,250,300,True,Ar_Aubin,,False,uniform,Argon-Aubin-Test2/20Td,3.0000000000000005e+21,6.55525e+23,0.0,1.6338244444444443e-13,1.6335022222222225e-13,2.2222222222222226e-19,2.2222222222222226e-19,0.0,0.0,2.2222222222222226e-19,2.2222222222222226e-19,0.0,0.0,0.0,2.2222222222222226e-19,0.0,0.0,1.5555555555555556e-18,0.0,0.0,0.0,6.666666666666668e-19,2.2222222222222226e-19,0.0,4.444444444444445e-19,6.666666666666668e-19,2.2222222222222226e-19,1.3333333333333336e-18,7.777777777777779e-18,7.111111111111112e-18,1.0444444444444445e-17,0.0,0.0,0.0,0.0,6.666666666666668e-19,0.0,2080.801246450437,1590.788241069622,2524.2396651684044,372.1854680412061,1470.271363782083,745.6153858174994,-1647.9900404777056,-93.3680978854901,20674.899999999496,1.033744999999975e+24,0.0,0.0
2.64e-05,164395.0,5.47982,3e+22,-6876.99,-3990.12,10776.5,3.66787,3.64789,3.64287,0.00148988742,-0.00109537838,0.592180301,0.111384426,0.112080119,0.414525268,0.00090214525,0.000977115167,-0.000525905559,3021.90087,1002.17741,1340.85718,527.257316,2422.68153,-407.71397,-2719.94808,-2353.5347,7187.67773,52800.0,164394.71906,5.479823969,-60.00000000000001,30000 3000,1e-06,2,0.0 0.0259,0.0 0.0,-1.0 0.0,0.00054857 28.0,80000,1000,5e-10,0.0,0.0 0.0 0.0,1000 1000000 0,0,0.0,0,100,0,,20,,1,,,,1.0,10.0,0.1,False,{},,,False,3,mixed,250,300,True,Ar_Aubin,,False,uniform,Argon-Aubin-Test2/20Td,3.0000000000000005e+21,5.3882500000000004e+23,0.0,1.6377177777777777e-13,1.6374444444444446e-13,0.0,0.0,0.0,0.0,0.0,0.0,0.0,0.0,0.0,0.0,0.0,0.0,0.0,2.2222222222222226e-19,0.0,0.0,2.2222222222222226e-19,1.1111111111111113e-18,2.2222222222222226e-19,8.88888888888889e-19,1.1111111111111113e-18,2.2222222222222226e-19,4.444444444444445e-19,7.777777777777779e-18,7.777777777777779e-18,7.333333333333334e-18,0.0,0.0,0.0,0.0,0.0,0.0,1866.321252696479,3032.1468108884656,2407.331787226408,2418.310838818394,781.3858007366115,806.0467162735004,363.6647567865762,2677.2713363923594,19524.719999999274,9.762359999999637e+23,0.0,0.0
2.645e-05,164548.0,5.48493,3e+22,4876.19,-4569.5,16532.3,3.62102,3.6738,3.67322,0.00139179765,-0.00114690498,0.59323455,0.111639427,0.112271707,0.41597094,0.000908325853,0.000939147151,-0.00055487441,2690.02028,-262.671967,1180.02146,652.851638,3525.9983,904.717098,266.989011,-3068.50183,9785.27228,52900.0,164547.803093,5.48492677,-60.00000000000001,30000 3000,1e-06,2,0.0 0.0259,0.0 0.0,-1.0 0.0,0.00054857 28.0,80000,1000,5e-10,0.0,0.0 0.0 0.0,1000 1000000 0,0,0.0,0,100,0,,20,,1,,,,1.0,10.0,0.1,False,{},,,False,3,mixed,250,300,True,Ar_Aubin,,False,uniform,Argon-Aubin-Test2/20Td,3.0000000000000005e+21,8.26615e+23,0.0,1.6383533333333333e-13,1.6380600000000002e-13,0.0,0.0,0.0,0.0,0.0,0.0,2.2222222222222226e-19,0.0,0.0,2.2222222222222226e-19,0.0,0.0,2.2222222222222226e-19,2.2222222222222226e-19,2.2222222222222226e-19,0.0,0.0,2.2222222222222226e-19,0.0,6.666666666666668e-19,6.666666666666668e-19,8.88888888888889e-19,1.3333333333333336e-18,6.8888888888888895e-18,8e-18,9.111111111111112e-18,0.0,0.0,0.0,0.0,4.444444444444445e-19,0.0,2552.836638257394,2683.2336102170466,1914.7246276221554,3520.7575176938903,1959.4957874807806,-22.259270965001633,373.0302448581185,-1468.723525653595,21084.980000001255,1.0542490000000628e+24,0.0,0.0
2.65e-05,164410.0,5.48034,3e+22,2272.11,5800.87,6609.56,3.67311,3.63121,3.65589,0.00141552304,-0.00111431264,0.594251735,0.111783979,0.112428093,0.417240327,0.000909398849,0.000990950485,-0.000560274467,1502.3116,1902.05507,2011.08716,-2272.15253,5308.78287,-977.250172,1023.15221,3765.35429,3882.37577,53000.0,164410.237477,5.480341249,-60.00000000000001,30000 3000,1e-06,2,0.0 0.0259,0.0 0.0,-1.0 0.0,0.00054857 28.0,80000,1000,5e-10,0.0,0.0 0.0 0.0,1000 1000000 0,0,0.0,0,100,0,,20,,1,,,,1.0,10.0,0.1,False,{},,,False,3,mixed,250,300,True,Ar_Aubin,,False,uniform,Argon-Aubin-Test2/20Td,3.0000000000000005e+21,3.30478e+23,0.0,1.6372555555555556e-13,1.6369200000000003e-13,0.0,0.0,0.0,0.0,0.0,4.444444444444445e-19,0.0,2.2222222222222226e-19,0.0,0.0,0.0,0.0,1.1111111111111113e-18,0.0,0.0,0.0,0.0,2.2222222222222226e-19,0.0,2.2222222222222226e-19,1.3333333333333336e-18,6.666666666666668e-19,2e-18,8.222222222222223e-18,7.333333333333334e-18,1.1333333333333335e-17,0.0,0.0,0.0,0.0,4.444444444444445e-19,0.0,1444.8539522177173,1499.0953759455856,1564.5969837349562,5315.246852763997,614.9376319236621,-45.36672758659961,725.7752827266638,1674.678075924888,20343.69999999841,1.0171849999999205e+24,0.0,0.0
2.655e-05,164314.0,5.47713,3e+22,9931.43,-5098.71,27750.9,3.67576,3.62056,3.65285,0.00141999976,-0.00103740313,0.595209678,0.112063204,0.112641717,0.418436768,0.000835729675,0.00100019087,-0.000569359061,-414.276756,-1503.75806,2601.21825,-2090.28461,1287.33897,-677.522269,7771.65919,-4313.06879,16365.638,53100.0,164313.862489,5.47712875,-60.00000000000001,30000 3000,1e-06,2,0.0 0.0259,0.0 0.0,-1.0 0.0,0.00054857 28.0,80000,1000,5e-10,0.0,0.0 0.0 0.0,1000 1000000 0,0,0.0,0,100,0,,20,,1,,,,1.0,10.0,0.1,False,{},,,False,3,mixed,250,300,True,Ar_Aubin,,False,uniform,Argon-Aubin-Test2/20Td,3.0000000000000005e+21,1.387545e+24,0.0,1.6335844444444444e-13,1.633277777777778e-13,0.0,0.0,0.0,0.0,0.0,2.2222222222222226e-19,0.0,0.0,0.0,0.0,0.0,0.0,6.666666666666668e-19,0.0,0.0,0.0,0.0,1.1111111111111113e-18,2.2222222222222226e-19,2.2222222222222226e-19,6.666666666666668e-19,8.88888888888889e-19,1.3333333333333336e-18,1.0222222222222223e-17,6.444444444444445e-18,8.222222222222223e-18,0.0,0.0,0.0,2.2222222222222226e-19,2.2222222222222226e-19,0.0,2792.123061583635,-428.3793842164568,2137.8948740552464,1282.0495522870376,570.0476564646228,-151.96625321019928,104.39615085593894,4422.187916280676,19158.860000001445,9.579430000000723e+23,0.0,0.0
2.66e-05,164590.0,5.48633,3e+22,3618.06,-6837.62,12959.7,3.65117,3.60565,3.71454,0.00146271682,-0.0010454107,0.596392282,0.112330397,0.112743321,0.419979594,0.000783729041,0.0010106093,-0.000533269647,1234.43501,-957.993077,-1524.59231,-3095.18777,-1958.47319,-252.440262,-27.7954362,-4258.114,8224.4233,53200.0,164589.842694,5.48632809,-60.00000000000001,30000 3000,1e-06,2,0.0 0.0259,0.0 0.0,-1.0 0.0,0.00054857 28.0,80000,1000,5e-10,0.0,0.0 0.0 0.0,1000 1000000 0,0,0.0,0,100,0,,20,,1,,,,1.0,10.0,0.1,False,{},,,False,3,mixed,250,300,True,Ar_Aubin,,False,uniform,Argon-Aubin-Test2/20Td,3.0000000000000005e+21,6.47985e+23,0.0,1.6373066666666667e-13,1.6369933333333335e-13,0.0,0.0,0.0,0.0,2.2222222222222226e-19,2.2222222222222226e-19,0.0,0.0,0.0,0.0,0.0,0.0,2.2222222222222226e-19,4.444444444444445e-19,0.0,0.0,8.88888888888889e-19,1.1111111111111113e-18,0.0,6.666666666666668e-19,4.444444444444445e-19,4.444444444444445e-19,8.88888888888889e-19,8.666666666666667e-18,7.777777777777779e-18,9.111111111111112e-18,0.0,0.0,0.0,0.0,2.2222222222222226e-19,0.0,2670.6985882289646,1229.1428127822307,1015.8732172245444,-1965.621311110534,1336.3275569611144,495.3582429645994,-334.73984579811787,-3729.1271771850743,23652.08000000063,1.1826040000000317e+24,0.0,0.0
2.665e-05,164332.0,5.47773,3e+22,-128.923,752.345,22869.6,3.6566,3.65912,3.63677,0.00158322643,-0.00106739759,0.597244928,0.112591459,0.113028531,0.421054737,0.000826628058,0.00106802458,-0.000552011813,1875.38511,1571.23813,2034.73029,-1865.18028,3150.99021,-1594.19674,182.287442,1921.43843,16112.8748,53300.0,164331.961168,5.477732039,-60.00000000000001,30000 3000,1e-06,2,0.0 0.0259,0.0 0.0,-1.0 0.0,0.00054857 28.0,80000,1000,5e-10,0.0,0.0 0.0 0.0,1000 1000000 0,0,0.0,0,100,0,,20,,1,,,,1.0,10.0,0.1,False,{},,,False,3,mixed,250,300,True,Ar_Aubin,,False,uniform,Argon-Aubin-Test2/20Td,3.0000000000000005e+21,1.1434799999999999e+24,0.0,1.6394977777777778e-13,1.6391955555555557e-13,0.0,0.0,0.0,0.0,0.0,0.0,0.0,0.0,0.0,0.0,0.0,0.0,2.2222222222222226e-19,2.2222222222222226e-19,0.0,0.0,2.2222222222222226e-19,1.1111111111111113e-18,0.0,4.444444444444445e-19,8.88888888888889e-19,4.444444444444445e-19,1.1111111111111113e-18,8e-18,6.0000000000000004e-18,1.088888888888889e-17,0.0,0.0,0.0,0.0,6.666666666666668e-19,0.0,2606.9493456686023,1875.5892243010348,2851.6354591653917,3151.7932612398486,573.9300744245224,2454.122194611202,-316.1130598692782,2257.808584689016,17052.91999999803,8.526459999999016e+23,0.0,0.0
2.67e-05,164720.0,5.49066,3e+22,-6560.31,-3004.93,20047.7,3.68617,3.65992,3.63266,0.0015975567,-0.00101895245,0.598348713,0.112769001,0.113276942,0.422472512,0.000873465089,0.00108803982,-0.000548763838,3075.26445,-1464.84232,-473.944449,1315.68492,3610.49996,-2844.87025,-2657.03343,-1179.60683,11431.0924,53400.0,164719.875269,5.490662509,-60.00000000000001,30000 3000,1e-06,2,0.0 0.0259,0.0 0.0,-1.0 0.0,0.00054857 28.0,80000,1000,5e-10,0.0,0.0 0.0 0.0,1000 1000000 0,0,0.0,0,100,0,,20,,1,,,,1.0,10.0,0.1,False,{},,,False,3,mixed,250,300,True,Ar_Aubin,,False,uniform,Argon-Aubin-Test2/20Td,3.0000000000000005e+21,1.0023850000000002e+24,0.0,1.6377933333333334e-13,1.6375266666666668e-13,0.0,0.0,0.0,0.0,0.0,0.0,0.0,0.0,0.0,0.0,0.0,0.0,8.88888888888889e-19,6.666666666666668e-19,0.0,0.0,4.444444444444445e-19,0.0,2.2222222222222226e-19,1.1111111111111113e-18,2.2222222222222226e-19,4.444444444444445e-19,1.3333333333333336e-18,6.6666666666666674e-18,5.777777777777778e-18,8.444444444444445e-18,0.0,0.0,0.0,0.0,4.444444444444445e-19,0.0,1774.9641851892707,3085.7449171945773,2485.120735197799,3607.4380792144216,980.9667296872826,-564.4230936101012,193.86399607040093,762.3478289264403,22075.700000001587,1.1037850000000794e+24,0.0,0.0
2.675e-05,164863.0,5.49542,3e+22,1485.05,-2319.38,13019.9,3.70493,3.64737,3.63754,0.00159287381,-0.00106279141,0.599368263,0.112904675,0.113504922,0.423807728,0.000861283494,0.0010851637,-0.000617160063,2026.44447,-1238.96225,149.796312,445.19359,2101.87615,-773.779842,404.137286,-2727.29339,7378.73175,53500.0,164862.683098,5.49542277,-60.00000000000001,30000 3000,1e-06,2,0.0 0.0259,0.0 0.0,-1.0 0.0,0.00054857 28.0,80000,1000,5e-10,0.0,0.0 0.0 0.0,1000 1000000 0,0,0.0,0,100,0,,20,,1,,,,1.0,10.0,0.1,False,{},,,False,3,mixed,250,300,True,Ar_Aubin,,False,uniform,Argon-Aubin-Test2/20Td,3.0000000000000005e+21,6.509950000000001e+23,0.0,1.6380666666666667e-13,1.6377800000000002e-13,0.0,0.0,0.0,0.0,0.0,0.0,0.0,0.0,0.0,0.0,2.2222222222222226e-19,0.0,2.2222222222222226e-19,4.444444444444445e-19,0.0,0.0,0.0,4.444444444444445e-19,4.444444444444445e-19,2.2222222222222226e-19,4.444444444444445e-19,2.2222222222222226e-19,1.3333333333333336e-18,6.8888888888888895e-18,9.555555555555557e-18,8e-18,0.0,0.0,2.2222222222222226e-19,0.0,0.0,0.0,1356.8894043512748,2024.0789727484594,2278.887385141898,2099.411132859474,1140.8365711917945,-424.9830974337001,-33.9626657673022,-356.89729868696895,20390.999999999603,1.0195499999999803e+24,0.0,0.0
2.68e-05,164554.0,5.48514,3e+22,786.189,3826.2,14181.1,3.65095,3.65066,3.66744,0.00156349933,-0.00103587264,0.600328592,0.113093337,0.113734954,0.425109984,0.000893828218,0.00101225585,-0.000593839084,4278.00288,1624.90617,-3087.81981,-1490.11793,1534.36847,2632.65676,-1490.86774,4466.11292,8720.70901,53600.0,164554.231539,5.485141051,-60.00000000000001,30000 3000,1e-06,2,0.0 0.0259,0.0 0.0,-1.0 0.0,0.00054857 28.0,80000,1000,5e-10,0.0,0.0 0.0 0.0,1000 1000000 0,0,0.0,0,100,0,,20,,1,,,,1.0,10.0,0.1,False,{},,,False,3,mixed,250,300,True,Ar_Aubin,,False,uniform,Argon-Aubin-Test2/20Td,3.0000000000000005e+21,7.09055e+23,0.0,1.63762e-13,1.6372755555555558e-13,0.0,0.0,0.0,0.0,0.0,0.0,0.0,4.444444444444445e-19,2.2222222222222226e-19,0.0,0.0,2.2222222222222226e-19,2.2222222222222226e-19,0.0,0.0,0.0,2.2222222222222226e-19,1.1111111111111113e-18,0.0,8.88888888888889e-19,2e-18,8.88888888888889e-19,1.1111111111111113e-18,9.333333333333335e-18,8.88888888888889e-18,8e-18,0.0,2.2222222222222226e-19,0.0,0.0,6.666666666666668e-19,0.0,1887.5471681968627,4276.773674025247,2300.884934548636,1538.3319258951678,1501.5231893472649,207.3892139888012,-1136.0638538790263,-5072.831425764551,19206.57999999964,9.603289999999822e+23,0.0,0.0
2.685e-05,164482.0,5.48275,3e+22,-494.698,3398.42,15019.2,3.65733,3.65385,3.65297,0.00155343374,-0.000943690638,0.60146394,0.113342698,0.114034243,0.426525128,0.00091285213,0.00100070381,-0.000580738172,4037.41024,-753.215809,1506.26335,-873.389105,3989.22205,-2811.28654,1327.87885,929.741336,8855.1478,53700.0,164482.468225,5.482748941,-60.00000000000001,30000 3000,1e-06,2,0.0 0.0259,0.0 0.0,-1.0 0.0,0.00054857 28.0,80000,1000,5e-10,0.0,0.0 0.0 0.0,1000 1000000 0,0,0.0,0,100,0,,20,,1,,,,1.0,10.0,0.1,False,{},,,False,3,mixed,250,300,True,Ar_Aubin,,False,uniform,Argon-Aubin-Test2/20Td,3.0000000000000005e+21,7.509600000000001e+23,0.0,1.6346866666666666e-13,1.6343266666666668e-13,0.0,0.0,2.2222222222222226e-19,2.2222222222222226e-19,0.0,0.0,2.2222222222222226e-19,4.444444444444445e-19,0.0,0.0,0.0,0.0,1.1111111111111113e-18,2.2222222222222226e-19,2.2222222222222226e-19,0.0,2.2222222222222226e-19,6.666666666666668e-19,4.444444444444445e-19,1.1111111111111113e-18,1.1111111111111113e-18,4.444444444444445e-19,1.3333333333333336e-18,1.088888888888889e-17,6.444444444444445e-18,1.0222222222222223e-17,0.0,0.0,2.2222222222222226e-19,0.0,2.2222222222222226e-19,0.0,2493.9237377034906,4038.178720564311,2994.7148010604774,3992.4291071379917,506.91252378831655,-178.35940764800034,-145.4613283498438,3108.353876162312,22706.96000000072,1.135348000000036e+24,0.0,0.0
2.69e-05,164477.0,5.48257,3e+22,-7696.35,3246.49,11449.7,3.6466,3.66538,3.65202,0.00159487724,-0.00103330138,0.602462751,0.113568425,0.114329773,0.427842995,0.000953729928,0.0010679565,-0.000632618156,1465.04303,1502.96675,1609.47507,534.254131,1494.16467,-1164.69094,-5608.46817,4136.39711,9139.33572,53800.0,164477.182251,5.482572742,-60.00000000000001,30000 3000,1e-06,2,0.0 0.0259,0.0 0.0,-1.0 0.0,0.00054857 28.0,80000,1000,5e-10,0.0,0.0 0.0 0.0,1000 1000000 0,0,0.0,0,100,0,,20,,1,,,,1.0,10.0,0.1,False,{},,,False,3,mixed,250,300,True,Ar_Aubin,,False,uniform,Argon-Aubin-Test2/20Td,3.0000000000000005e+21,5.7248500000000003e+23,2.222222222222222e-19,1.6351e-13,1.6347955555555557e-13,2.2222222222222226e-19,0.0,0.0,0.0,0.0,0.0,0.0,0.0,0.0,0.0,0.0,0.0,6.666666666666668e-19,4.444444444444445e-19,0.0,0.0,0.0,4.444444444444445e-19,0.0,8.88888888888889e-19,6.666666666666668e-19,6.666666666666668e-19,1.3333333333333336e-18,8.444444444444445e-18,6.8888888888888895e-18,9.333333333333335e-18,0.0,0.0,2.2222222222222226e-19,0.0,0.0,2.2222222222222226e-19,2255.965229738949,1477.317763446074,2953.5284027834564,1497.519272597156,1153.7177783560448,2241.3179598752986,814.658765432969,619.5102277240226,19976.21999999977,9.988109999999885e+23,1.112433794893252e-23,1.94085628638499e-23
2.695e-05,164149.0,5.47164,3e+22,-6607.8,15.0727,17793.2,3.64093,3.68099,3.61931,0.00147751492,-0.00107066921,0.603322991,0.113838006,0.114490964,0.428996378,0.00095599733,0.000966246448,-0.000645163381,4318.0017,341.002787,-277.82774,243.400677,2204.93514,-519.532725,-5785.52587,-2566.69229,11997.2835,53900.0,164149.158126,5.471638604,-60.00000000000001,30000 3000,1e-06,2,0.0 0.0259,0.0 0.0,-1.0 0.0,0.00054857 28.0,80000,1000,5e-10,0.0,0.0 0.0 0.0,1000 1000000 0,0,0.0,0,100,0,,20,,1,,,,1.0,10.0,0.1,False,{},,,False,3,mixed,250,300,True,Ar_Aubin,,False,uniform,Argon-Aubin-Test2/20Td,3.0000000000000005e+21,8.8966e+23,0.0,1.6295733333333333e-13,1.6292555555555557e-13,0.0,0.0,0.0,0.0,0.0,0.0,0.0,0.0,0.0,0.0,0.0,0.0,4.444444444444445e-19,4.444444444444445e-19,0.0,0.0,0.0,6.666666666666668e-19,0.0,6.666666666666668e-19,2.2222222222222226e-19,6.666666666666668e-19,8.88888888888889e-19,1.1333333333333335e-17,5.777777777777778e-18,9.777777777777779e-18,0.0,0.0,2.2222222222222226e-19,2.2222222222222226e-19,4.444444444444445e-19,0.0,2699.415830718505,4327.764823088376,1611.123791846747,2204.9512778758017,1161.1787330201296,1262.2368565387987,-645.4928652767713,-2103.0056685447444,17204.799999999133,8.602399999999567e+23,0.0,0.0
2.7e-05,164409.0,5.4803,3e+22,4397.02,-5178.15,21795.5,3.6635,3.60669,3.68744,0.00157207806,-0.00113284281,0.604401047,0.114094462,0.114730497,0.430366352,0.000957747071,0.000987286045,-0.000690710384,1306.86839,-4043.9043,1521.5887,-455.828826,6044.48379,-1169.09601,1691.70046,-1937.86258,12994.9445,54000.0,164409.049503,5.48030165,-60.00000000000001,30000 3000,1e-06,2,0.0 0.0259,0.0 0.0,-1.0 0.0,0.00054857 28.0,80000,1000,5e-10,0.0,0.0 0.0 0.0,1000 1000000 0,0,0.0,0,100,0,,20,,1,,,,1.0,10.0,0.1,False,{},,,False,3,mixed,250,300,True,Ar_Aubin,,False,uniform,Argon-Aubin-Test2/20Td,3.0000000000000005e+21,1.089775e+24,0.0,1.6319977777777776e-13,1.6317155555555556e-13,0.0,0.0,0.0,0.0,0.0,0.0,0.0,0.0,0.0,0.0,0.0,0.0,6.666666666666668e-19,0.0,0.0,2.2222222222222226e-19,2.2222222222222226e-19,2.2222222222222226e-19,2.2222222222222226e-19,8.88888888888889e-19,6.666666666666668e-19,8.88888888888889e-19,4.444444444444445e-19,6.6666666666666674e-18,6.0000000000000004e-18,1.088888888888889e-17,0.0,0.0,0.0,2.2222222222222226e-19,0.0,0.0,2561.676209120734,1299.9559313286188,2393.9599972507,6038.617760003399,679.7985448986354,-178.27851988849943,-754.1461529640584,521.4614409633305,21561.11999999988,1.078055999999994e+24,0.0,0.0
2.705e-05,164595.0,5.48649,3e+22,885.828,-1150.26,14753.9,3.68177,3.64307,3.64689,0.00158369309,-0.00105976791,0.605492767,0.114263614,0.114991573,0.431848481,0.000918395142,0.00103027808,-0.000625327162,36.5825705,-4033.21386,-1945.76828,-449.281448,3176.03353,-835.559543,371.934446,-1694.74029,11100.5086,54100.0,164594.805484,5.486493516,-60.00000000000001,30000 3000,1e-06,2,0.0 0.0259,0.0 0.0,-1.0 0.0,0.00054857 28.0,80000,1000,5e-10,0.0,0.0 0.0 0.0,1000 1000000 0,0,0.0,0,100,0,,20,,1,,,,1.0,10.0,0.1,False,{},,,False,3,mixed,250,300,True,Ar_Aubin,,False,uniform,Argon-Aubin-Test2/20Td,3.0000000000000005e+21,7.376950000000001e+23,0.0,1.635151111111111e-13,1.6348533333333336e-13,0.0,2.2222222222222226e-19,0.0,0.0,0.0,0.0,2.2222222222222226e-19,0.0,0.0,0.0,4.444444444444445e-19,0.0,8.88888888888889e-19,2.2222222222222226e-19,0.0,0.0,2.2222222222222226e-19,2.2222222222222226e-19,0.0,1.1111111111111113e-18,8.88888888888889e-19,0.0,2e-18,8.444444444444445e-18,6.2222222222222225e-18,8e-18,0.0,2.2222222222222226e-19,0.0,0.0,4.444444444444445e-19,0.0,1691.1534562343013,35.17969081747148,2612.3622480909994,3174.8145213638436,1612.6372537988987,2167.1288649587004,684.8589857369751,-2133.561930286627,21834.400000000365,1.0917200000000183e+24,0.0,0.0
2.71e-05,164646.0,5.48821,3e+22,3292.84,803.855,9356.74,3.69101,3.62303,3.66182,0.00172201888,-0.00116966418,0.606514797,0.114437432,0.115324889,0.433185678,0.000914851594,0.00111690351,-0.000669494572,2650.65775,1565.37193,-964.147418,3027.42975,3131.5639,-1759.16607,62.8603667,2594.73603,6235.22428,54200.0,164646.273806,5.488209127,-60.00000000000001,30000 3000,1e-06,2,0.0 0.0259,0.0 0.0,-1.0 0.0,0.00054857 28.0,80000,1000,5e-10,0.0,0.0 0.0 0.0,1000 1000000 0,0,0.0,0,100,0,,20,,1,,,,1.0,10.0,0.1,False,{},,,False,3,mixed,250,300,True,Ar_Aubin,,False,uniform,Argon-Aubin-Test2/20Td,3.0000000000000005e+21,4.678370000000001e+23,0.0,1.6402955555555555e-13,1.6399911111111112e-13,0.0,0.0,0.0,0.0,0.0,0.0,0.0,0.0,0.0,0.0,0.0,0.0,4.444444444444445e-19,2.2222222222222226e-19,0.0,0.0,0.0,6.666666666666668e-19,0.0,4.444444444444445e-19,6.666666666666668e-19,4.444444444444445e-19,1.1111111111111113e-18,8.444444444444445e-18,7.555555555555556e-18,1.0222222222222223e-17,0.0,0.0,2.2222222222222226e-19,0.0,0.0,0.0,1733.6073478023407,2644.9874173511807,3330.709937290899,3132.504140399414,984.8890936509092,560.223018318221,22.204194190249446,-2914.5557183887313,20440.600000000144,1.0220300000000072e+24,0.0,0.0
2.715e-05,164807.0,5.49357,3e+22,-1423.3,-369.915,15978.6,3.67662,3.66689,3.64215,0.0016942337,-0.00121573313,0.607510863,0.114614252,0.115476971,0.434488393,0.000982188072,0.00108132039,-0.000659726069,1463.98189,-2192.34688,1402.91502,-1865.49415,-411.808636,1367.26273,-1004.59109,1300.3521,9919.14976,54300.0,164806.952355,5.493565079,-60.00000000000001,30000 3000,1e-06,2,0.0 0.0259,0.0 0.0,-1.0 0.0,0.00054857 28.0,80000,1000,5e-10,0.0,0.0 0.0 0.0,1000 1000000 0,0,0.0,0,100,0,,20,,1,,,,1.0,10.0,0.1,False,{},,,False,3,mixed,250,300,True,Ar_Aubin,,False,uniform,Argon-Aubin-Test2/20Td,3.0000000000000005e+21,7.989300000000001e+23,0.0,1.6384222222222222e-13,1.638148888888889e-13,0.0,0.0,0.0,0.0,0.0,0.0,2.2222222222222226e-19,0.0,0.0,0.0,0.0,0.0,0.0,4.444444444444445e-19,0.0,0.0,0.0,1.1111111111111113e-18,0.0,6.666666666666668e-19,2.2222222222222226e-19,0.0,1.777777777777778e-18,9.555555555555557e-18,5.1111111111111114e-18,8e-18,0.0,0.0,2.2222222222222226e-19,0.0,0.0,0.0,1769.1492119285836,1466.39329282521,1519.7210725059751,-412.2583539207839,934.6531694637284,211.9766844681999,-408.37131554631503,1235.9226587090798,19921.320000000353,9.960660000000177e+23,0.0,0.0
2.72e-05,164831.0,5.49438,3e+22,-5264.41,4283.84,16673.4,3.66905,3.68578,3.63208,0.00175962498,-0.0011278885,0.608508671,0.114885621,0.115724517,0.435826537,0.00101060618,0.00111406573,-0.000605678448,2166.62233,995.285004,-2767.31113,1001.55662,2606.49758,-2131.84846,-977.176107,2317.13259,10387.2867,54400.0,164831.324484,5.494377483,-60.00000000000001,30000 3000,1e-06,2,0.0 0.0259,0.0 0.0,-1.0 0.0,0.00054857 28.0,80000,1000,5e-10,0.0,0.0 0.0 0.0,1000 1000000 0,0,0.0,0,100,0,,20,,1,,,,1.0,10.0,0.1,False,{},,,False,3,mixed,250,300,True,Ar_Aubin,,False,uniform,Argon-Aubin-Test2/20Td,3.0000000000000005e+21,8.336700000000002e+23,0.0,1.6392e-13,1.6389022222222224e-13,0.0,0.0,0.0,0.0,0.0,0.0,0.0,0.0,0.0,0.0,0.0,2.2222222222222226e-19,6.666666666666668e-19,0.0,0.0,2.2222222222222226e-19,2.2222222222222226e-19,6.666666666666668e-19,0.0,4.444444444444445e-19,8.88888888888889e-19,1.1111111111111113e-18,1.3333333333333336e-18,7.111111111111112e-18,6.2222222222222225e-18,1.0222222222222223e-17,0.0,0.0,4.444444444444445e-19,0.0,0.0,0.0,2711.431477599724,2175.885717340962,2477.518745749446,2611.32927387184,1247.8998081866255,241.3782249486012,-174.72681655036817,-570.387035442423,19956.15999999867,9.978079999999335e+23,0.0,0.0
2.725e-05,164586.0,5.4862,3e+22,6276.31,4742.76,19473.3,3.64505,3.65545,3.66938,0.00182930259,-0.00103871261,0.609548089,0.115185849,0.115906504,0.437228011,0.000986179987,0.00120428937,-0.000559195868,3126.64159,-1179.83911,1118.07301,-1040.14491,2450.03941,2378.64794,3731.34341,597.988056,11269.7148,54500.0,164585.913892,5.48619713,-60.00000000000001,30000 3000,1e-06,2,0.0 0.0259,0.0 0.0,-1.0 0.0,0.00054857 28.0,80000,1000,5e-10,0.0,0.0 0.0 0.0,1000 1000000 0,0,0.0,0,100,0,,20,,1,,,,1.0,10.0,0.1,False,{},,,False,3,mixed,250,300,True,Ar_Aubin,,False,uniform,Argon-Aubin-Test2/20Td,3.0000000000000005e+21,9.73665e+23,0.0,1.6424688888888888e-13,1.642108888888889e-13,0.0,0.0,0.0,0.0,0.0,0.0,0.0,2.2222222222222226e-19,0.0,0.0,0.0,0.0,1.1111111111111113e-18,6.666666666666668e-19,0.0,2.2222222222222226e-19,4.444444444444445e-19,6.666666666666668e-19,0.0,6.666666666666668e-19,1.1111111111111113e-18,1.1111111111111113e-18,2e-18,9.333333333333335e-18,8.222222222222223e-18,9.777777777777779e-18,0.0,2.2222222222222226e-19,2.2222222222222226e-19,0.0,0.0,0.0,2999.779321044699,3115.1603198613575,1821.802085822527,2454.9657746182033,1354.0387863425485,-600.1980015237004,918.456002019022,988.0810954025624,20788.360000001394,1.0394180000000697e+24,0.0,0.0
2.73e-05,164631.0,5.48769,3e+22,-6428.87,-2975.9,20768.9,3.64185,3.69273,3.63806,0.00165872642,-0.000941444695,0.610665091,0.115428315,0.116203234,0.438733095,0.000938550348,0.0010937299,-0.000510497652,5322.46781,-1010.33425,765.64475,-4036.63654,2708.55413,-527.780969,-3083.28907,-2229.933,12269.2774,54600.0,164630.696053,5.487689868,-60.00000000000001,30000 3000,1e-06,2,0.0 0.0259,0.0 0.0,-1.0 0.0,0.00054857 28.0,80000,1000,5e-10,0.0,0.0 0.0 0.0,1000 1000000 0,0,0.0,0,100,0,,20,,1,,,,1.0,10.0,0.1,False,{},,,False,3,mixed,250,300,True,Ar_Aubin,,False,uniform,Argon-Aubin-Test2/20Td,3.0000000000000005e+21,1.0384450000000002e+24,0.0,1.6369444444444445e-13,1.636608888888889e-13,0.0,0.0,0.0,0.0,0.0,0.0,0.0,0.0,0.0,0.0,0.0,0.0,4.444444444444445e-19,2.2222222222222226e-19,0.0,0.0,4.444444444444445e-19,6.666666666666668e-19,4.444444444444445e-19,8.88888888888889e-19,4.444444444444445e-19,6.666666666666668e-19,1.3333333333333336e-18,1.0666666666666668e-17,6.8888888888888895e-18,1.0222222222222223e-17,0.0,0.0,0.0,0.0,2.2222222222222226e-19,0.0,2430.609746293666,5333.131546519746,2969.2260577243724,2705.7524847321497,1421.0343751364096,-413.5648084699005,-168.75784552307198,1573.7922404328324,22340.03999999956,1.117001999999978e+24,0.0,0.0
2.735e-05,164756.0,5.49186,3e+22,-3459.6,-2961.55,21358.3,3.61946,3.68555,3.676,0.00156526124,-0.000993750505,0.611762852,0.115665111,0.116411652,0.440201061,0.000881714501,0.00111634516,-0.000575568005,4362.71206,-874.66883,1647.49708,-70.0896869,782.167829,1016.80331,-3940.16367,-349.265078,13305.8041,54700.0,164755.853382,5.491861779,-60.00000000000001,30000 3000,1e-06,2,0.0 0.0259,0.0 0.0,-1.0 0.0,0.00054857 28.0,80000,1000,5e-10,0.0,0.0 0.0 0.0,1000 1000000 0,0,0.0,0,100,0,,20,,1,,,,1.0,10.0,0.1,False,{},,,False,3,mixed,250,300,True,Ar_Aubin,,False,uniform,Argon-Aubin-Test2/20Td,3.0000000000000005e+21,1.0679150000000001e+24,0.0,1.6399577777777778e-13,1.6396466666666667e-13,0.0,0.0,0.0,0.0,0.0,0.0,0.0,2.2222222222222226e-19,0.0,0.0,0.0,0.0,2.2222222222222226e-19,2.2222222222222226e-19,0.0,2.2222222222222226e-19,2.2222222222222226e-19,4.444444444444445e-19,0.0,2.2222222222222226e-18,8.88888888888889e-19,8.88888888888889e-19,6.666666666666668e-19,1.1555555555555557e-17,5.555555555555556e-18,7.111111111111112e-18,0.0,2.2222222222222226e-19,0.0,0.0,4.444444444444445e-19,0.0,2370.9733058696615,4368.127237785904,2083.16778047557,779.2247871919172,1260.3227886431869,239.5895781283998,1559.457998118951,-209.643146363092,21955.22000000061,1.0977610000000304e+24,0.0,0.0
2.74e-05,164647.0,5.48823,3e+22,73.2112,1149.82,16059.2,3.61464,3.67227,3.68809,0.00135413862,-0.000913723568,0.61271675,0.115867257,0.116658198,0.441510538,0.000873197043,0.000983480729,-0.000543517926,4009.99809,-339.910036,1089.50858,2806.50082,1696.16685,1171.41246,-1627.14459,-485.91635,10622.2235,54800.0,164647.049362,5.488234979,-60.00000000000001,30000 3000,1e-06,2,0.0 0.0259,0.0 0.0,-1.0 0.0,0.00054857 28.0,80000,1000,5e-10,0.0,0.0 0.0 0.0,1000 1000000 0,0,0.0,0,100,0,,20,,1,,,,1.0,10.0,0.1,False,{},,,False,3,mixed,250,300,True,Ar_Aubin,,False,uniform,Argon-Aubin-Test2/20Td,3.0000000000000005e+21,8.029600000000001e+23,0.0,1.637011111111111e-13,1.6367044444444446e-13,0.0,2.2222222222222226e-19,0.0,0.0,0.0,2.2222222222222226e-19,0.0,2.2222222222222226e-19,0.0,0.0,0.0,0.0,6.666666666666668e-19,4.444444444444445e-19,2.2222222222222226e-19,2.2222222222222226e-19,4.444444444444445e-19,2.2222222222222226e-19,4.444444444444445e-19,6.666666666666668e-19,4.444444444444445e-19,4.444444444444445e-19,1.3333333333333336e-18,9.111111111111112e-18,7.333333333333334e-18,7.555555555555556e-18,0.0,0.0,0.0,0.0,4.444444444444445e-19,0.0,2027.6235134726596,4009.8989518866633,2466.9864930747244,1697.2174676329578,1414.4835661139555,782.4826684,-99.98329976857032,-604.2401214539042,19077.960000000174,9.538980000000088e+23,0.0,0.0
2.745e-05,164589.0,5.48631,3e+22,-4867.05,-6683.99,15077.8,3.65281,3.64316,3.67496,0.00129362294,-0.000888328231,0.613726482,0.116072985,0.116930697,0.442912499,0.000921770375,0.00092653762,-0.000551656814,5234.89592,1597.82994,1128.6159,1458.88647,39.042282,1418.94156,-4703.317,-3336.66833,11175.4982,54900.0,164589.246493,5.486308216,-60.00000000000001,30000 3000,1e-06,2,0.0 0.0259,0.0 0.0,-1.0 0.0,0.00054857 28.0,80000,1000,5e-10,0.0,0.0 0.0 0.0,1000 1000000 0,0,0.0,0,100,0,,20,,1,,,,1.0,10.0,0.1,False,{},,,False,3,mixed,250,300,True,Ar_Aubin,,False,uniform,Argon-Aubin-Test2/20Td,3.0000000000000005e+21,7.5389e+23,0.0,1.6395844444444443e-13,1.6392666666666668e-13,0.0,0.0,0.0,0.0,0.0,0.0,0.0,0.0,0.0,2.2222222222222226e-19,0.0,0.0,8.88888888888889e-19,0.0,0.0,0.0,0.0,2.2222222222222226e-19,2.2222222222222226e-19,2e-18,4.444444444444445e-19,4.444444444444445e-19,6.666666666666668e-19,9.111111111111112e-18,8e-18,9.111111111111112e-18,0.0,2.2222222222222226e-19,2.2222222222222226e-19,0.0,0.0,0.0,2058.882310912863,5241.192047530127,2725.4476371273154,33.10470498727831,1635.8202246619103,1921.8530497003994,-423.40701409624046,-607.1686137466322,20194.63999999971,1.0097319999999855e+24,0.0,0.0
2.75e-05,164286.0,5.47621,3e+22,-3406.53,-853.616,19123.3,3.64771,3.64174,3.66083,0.00120744686,-0.000866203265,0.61466378,0.116319019,0.117118752,0.444178456,0.0009096736,0.000876270795,-0.000545366877,1302.62582,-951.299081,1817.94565,2220.91371,1046.13778,2317.89933,-2838.4317,934.648122,14086.965,55000.0,164286.306662,5.476210222,-60.00000000000001,30000 3000,1e-06,2,0.0 0.0259,0.0 0.0,-1.0 0.0,0.00054857 28.0,80000,1000,5e-10,0.0,0.0 0.0 0.0,1000 1000000 0,0,0.0,0,100,0,,20,,1,,,,1.0,10.0,0.1,False,{},,,False,3,mixed,250,300,True,Ar_Aubin,,False,uniform,Argon-Aubin-Test2/20Td,3.0000000000000005e+21,9.561650000000001e+23,0.0,1.6391177777777778e-13,1.638777777777778e-13,0.0,2.2222222222222226e-19,0.0,0.0,0.0,0.0,0.0,0.0,0.0,0.0,0.0,0.0,2.2222222222222226e-19,2.2222222222222226e-19,0.0,0.0,0.0,2.2222222222222226e-19,0.0,1.1111111111111113e-18,1.1111111111111113e-18,1.3333333333333336e-18,1.777777777777778e-18,8.444444444444445e-18,7.111111111111112e-18,1.1777777777777779e-17,0.0,0.0,2.2222222222222226e-19,0.0,2.2222222222222226e-19,0.0,2462.495323911629,1306.7390239519957,1880.9381894970002,1045.3983750337438,1145.892642079316,2332.565135926001,29.79959767932623,1050.2941879455618,18745.959999999508,9.372979999999754e+23,0.0,0.0
2.755e-05,164299.0,5.47662,3e+22,-3972.25,-5354.28,24430.3,3.6788,3.63155,3.63925,0.00119530606,-0.000907240742,0.615833954,0.116463113,0.117267464,0.445764341,0.000920542547,0.000888868312,-0.000549390103,1251.74373,870.520739,-1576.22306,-126.522448,3527.95392,334.553532,-5343.28115,-3185.31814,15272.9789,55100.0,164298.725144,5.476624171,-60.00000000000001,30000 3000,1e-06,2,0.0 0.0259,0.0 0.0,-1.0 0.0,0.00054857 28.0,80000,1000,5e-10,0.0,0.0 0.0 0.0,1000 1000000 0,0,0.0,0,100,0,,20,,1,,,,1.0,10.0,0.1,False,{},,,False,3,mixed,250,300,True,Ar_Aubin,,False,uniform,Argon-Aubin-Test2/20Td,3.0000000000000005e+21,1.221515e+24,0.0,1.6336622222222222e-13,1.6333022222222224e-13,0.0,0.0,0.0,0.0,0.0,0.0,0.0,2.2222222222222226e-19,0.0,0.0,0.0,0.0,2.2222222222222226e-19,4.444444444444445e-19,0.0,0.0,0.0,8.88888888888889e-19,2.2222222222222226e-19,4.444444444444445e-19,1.1111111111111113e-18,4.444444444444445e-19,1.3333333333333336e-18,8.666666666666667e-18,9.555555555555557e-18,1.2000000000000001e-17,0.0,0.0,0.0,0.0,4.444444444444445e-19,0.0,1441.2317134264442,1256.491784496835,1486.3922233233907,3523.0962990399244,1459.8854461433941,227.97065359380213,373.22621893539275,-4502.459471861118,23403.479999999367,1.1701739999999685e+24,0.0,0.0
2.76e-05,164660.0,5.48866,3e+22,-6810.9,-2944.95,18689.9,3.63812,3.66649,3.67042,0.00126292621,-0.000815619066,0.616948007,0.116663432,0.117532103,0.447239625,0.000902973518,0.000931870577,-0.000551782124,1379.70954,135.760009,-1286.09249,-20.7711552,3353.24396,2869.49241,-4064.18606,-2247.606,12819.1072,55200.0,164659.92093,5.488664031,-60.00000000000001,30000 3000,1e-06,2,0.0 0.0259,0.0 0.0,-1.0 0.0,0.00054857 28.0,80000,1000,5e-10,0.0,0.0 0.0 0.0,1000 1000000 0,0,0.0,0,100,0,,20,,1,,,,1.0,10.0,0.1,False,{},,,False,3,mixed,250,300,True,Ar_Aubin,,False,uniform,Argon-Aubin-Test2/20Td,3.0000000000000005e+21,9.344950000000002e+23,0.0,1.6382955555555554e-13,1.63802e-13,0.0,0.0,0.0,0.0,0.0,0.0,2.2222222222222226e-19,0.0,0.0,0.0,0.0,2.2222222222222226e-19,0.0,0.0,0.0,0.0,2.2222222222222226e-19,4.444444444444445e-19,0.0,8.88888888888889e-19,6.666666666666668e-19,6.666666666666668e-19,2.4444444444444447e-18,7.777777777777779e-18,5.555555555555556e-18,8.444444444444445e-18,0.0,0.0,0.0,0.0,0.0,0.0,2001.5277396517872,1388.311204123689,2647.968513031229,3350.842002631583,1018.9955800204987,1288.4106439706993,-0.9497215520438973,-1171.91133369598,22281.060000000074,1.1140530000000038e+24,0.0,0.0
2.765e-05,164609.0,5.48696,3e+22,4256.4,1840.33,21542.6,3.68889,3.60883,3.67344,0.00116586413,-0.000867262566,0.617959997,0.116824737,0.117685659,0.448609748,0.000886825267,0.000879662559,-0.000642591916,1425.18163,-106.459608,-61.9659458,-2972.75339,341.939535,2605.71794,2440.81445,1086.59579,13873.4266,55300.0,164608.745991,5.4869582,-60.00000000000001,30000 3000,1e-06,2,0.0 0.0259,0.0 0.0,-1.0 0.0,0.00054857 28.0,80000,1000,5e-10,0.0,0.0 0.0 0.0,1000 1000000 0,0,0.0,0,100,0,,20,,1,,,,1.0,10.0,0.1,False,{},,,False,3,mixed,250,300,True,Ar_Aubin,,False,uniform,Argon-Aubin-Test2/20Td,3.0000000000000005e+21,1.0771300000000001e+24,0.0,1.636122222222222e-13,1.6358044444444445e-13,0.0,0.0,0.0,0.0,0.0,0.0,0.0,0.0,0.0,0.0,2.2222222222222226e-19,0.0,2.2222222222222226e-19,4.444444444444445e-19,2.2222222222222226e-19,0.0,0.0,4.444444444444445e-19,0.0,1.1111111111111113e-18,6.666666666666668e-19,2.2222222222222226e-19,1.3333333333333336e-18,1.2444444444444445e-17,5.1111111111111114e-18,9.111111111111112e-18,0.0,0.0,0.0,0.0,2.2222222222222226e-19,0.0,1615.4074344228166,1420.219245917068,1534.690901024427,343.53558431808676,1204.0844903193904,560.9615686278012,129.8879194071116,-276.55217163773796,20239.800000001473,1.0119900000000736e+24,0.0,0.0
2.77e-05,164553.0,5.48511,3e+22,2827.24,-2079.76,20657.3,3.68089,3.63321,3.65362,0.00123361188,-0.000779850677,0.619028107,0.117031864,0.117853144,0.449984701,0.000860032325,0.000905136128,-0.000570245642,1204.16286,-1350.77729,-970.808922,-1157.45187,595.505647,1302.56843,3931.79854,-2384.92928,14508.035,55400.0,164553.229272,5.485107642,-60.00000000000001,30000 3000,1e-06,2,0.0 0.0259,0.0 0.0,-1.0 0.0,0.00054857 28.0,80000,1000,5e-10,0.0,0.0 0.0 0.0,1000 1000000 0,0,0.0,0,100,0,,20,,1,,,,1.0,10.0,0.1,False,{},,,False,3,mixed,250,300,True,Ar_Aubin,,False,uniform,Argon-Aubin-Test2/20Td,3.0000000000000005e+21,1.032865e+24,2.222222222222222e-19,1.6371844444444445e-13,1.6368488888888892e-13,0.0,0.0,0.0,0.0,0.0,0.0,0.0,0.0,0.0,0.0,0.0,0.0,6.666666666666668e-19,6.666666666666668e-19,0.0,0.0,2.2222222222222226e-19,2.2222222222222226e-19,0.0,1.3333333333333336e-18,1.5555555555555556e-18,0.0,8.88888888888889e-19,1.1555555555555557e-17,6.8888888888888895e-18,8.88888888888889e-18,0.0,0.0,2.2222222222222226e-19,0.0,2.2222222222222226e-19,2.2222222222222226e-19,2069.6444089914057,1200.6751431483888,1676.2897727996829,593.8837447560024,537.1363623662972,1720.5856852689012,-354.18927143806775,1185.3655020765957,21362.19999999911,1.0681099999999556e+24,1.0402590661178693e-23,1.0757563777561551e-23
2.775e-05,164466.0,5.48221,3e+22,9565.57,-6350.72,14036.4,3.60966,3.68315,3.66974,0.00126349665,-0.00083621994,0.620030337,0.117308236,0.118170962,0.451354492,0.000831462232,0.000955149004,-0.000648175213,2483.7155,3874.69651,-3800.45039,768.034599,2725.76875,1113.6787,4455.38599,-6817.83472,10859.4618,55500.0,164466.313602,5.482210453,-60.00000000000001,30000 3000,1e-06,2,0.0 0.0259,0.0 0.0,-1.0 0.0,0.00054857 28.0,80000,1000,5e-10,0.0,0.0 0.0 0.0,1000 1000000 0,0,0.0,0,100,0,,20,,1,,,,1.0,10.0,0.1,False,{},,,False,3,mixed,250,300,True,Ar_Aubin,,False,uniform,Argon-Aubin-Test2/20Td,3.0000000000000005e+21,7.0182e+23,0.0,1.63648e-13,1.6361600000000003e-13,0.0,0.0,0.0,0.0,0.0,0.0,0.0,0.0,0.0,2.2222222222222226e-19,0.0,0.0,4.444444444444445e-19,0.0,0.0,0.0,0.0,1.5555555555555556e-18,2.2222222222222226e-19,1.1111111111111113e-18,4.444444444444445e-19,0.0,2.2222222222222226e-18,8.666666666666667e-18,6.8888888888888895e-18,9.111111111111112e-18,0.0,0.0,6.666666666666668e-19,2.2222222222222226e-19,2.2222222222222226e-19,0.0,2762.973744859232,2471.6294343496593,3177.2690329036345,2720.4581513026433,1279.6945566989627,2156.4679777332003,604.9409830248022,-5293.74293507515,20044.599999999857,1.002229999999993e+24,0.0,0.0
2.78e-05,164341.0,5.47802,3e+22,7911.67,-3570.13,13415.4,3.63621,3.63471,3.68368,0.00136557736,-0.000891156124,0.620846545,0.117510181,0.118282094,0.452442552,0.000912430946,0.00100407868,-0.000702862876,2868.79847,274.818994,788.031183,-391.936611,863.130264,1294.16114,4482.24335,-1274.99156,7743.74546,55600.0,164340.736051,5.478024535,-60.00000000000001,30000 3000,1e-06,2,0.0 0.0259,0.0 0.0,-1.0 0.0,0.00054857 28.0,80000,1000,5e-10,0.0,0.0 0.0 0.0,1000 1000000 0,0,0.0,0,100,0,,20,,1,,,,1.0,10.0,0.1,False,{},,,False,3,mixed,250,300,True,Ar_Aubin,,False,uniform,Argon-Aubin-Test2/20Td,3.0000000000000005e+21,6.707700000000001e+23,0.0,1.6353066666666666e-13,1.6350400000000002e-13,0.0,0.0,0.0,0.0,0.0,0.0,0.0,0.0,4.444444444444445e-19,0.0,0.0,0.0,2.2222222222222226e-19,4.444444444444445e-19,0.0,0.0,0.0,2.2222222222222226e-19,2.2222222222222226e-19,4.444444444444445e-19,4.444444444444445e-19,2.2222222222222226e-19,1.777777777777778e-18,9.111111111111112e-18,5.555555555555556e-18,7.333333333333334e-18,0.0,0.0,0.0,0.0,2.2222222222222226e-19,0.0,2016.766222584232,2857.994472568209,1110.371045507097,859.948720787024,752.4636189648604,-585.1592797930007,-309.56112376700565,340.02178180450574,16324.16000000081,8.162080000000404e+23,0.0,0.0
2.785e-05,164620.0,5.48732,3e+22,-2458.17,-5943.92,16307.6,3.68936,3.61813,3.66541,0.00132607436,-0.00098117946,0.621880099,0.117766026,0.118501925,0.453800409,0.000905205314,0.000957307245,-0.00076278206,724.25677,487.203357,2606.77156,769.120217,62.4568251,-606.634199,-2248.00777,-2520.68164,11393.0357,55700.0,164619.646049,5.487321535,-60.00000000000001,30000 3000,1e-06,2,0.0 0.0259,0.0 0.0,-1.0 0.0,0.00054857 28.0,80000,1000,5e-10,0.0,0.0 0.0 0.0,1000 1000000 0,0,0.0,0,100,0,,20,,1,,,,1.0,10.0,0.1,False,{},,,False,3,mixed,250,300,True,Ar_Aubin,,False,uniform,Argon-Aubin-Test2/20Td,3.0000000000000005e+21,8.1538e+23,0.0,1.6385733333333333e-13,1.6383133333333334e-13,0.0,0.0,0.0,0.0,0.0,0.0,0.0,0.0,0.0,4.444444444444445e-19,0.0,0.0,1.3333333333333336e-18,8.88888888888889e-19,0.0,0.0,0.0,6.666666666666668e-19,2.2222222222222226e-19,4.444444444444445e-19,2.2222222222222226e-19,8.88888888888889e-19,8.88888888888889e-19,7.333333333333334e-18,5.1111111111111114e-18,7.111111111111112e-18,0.0,0.0,2.2222222222222226e-19,0.0,2.2222222222222226e-19,0.0,2559.5132831787714,727.5164862095212,2196.624461046071,56.6247728841168,734.3190618736006,1251.6637975476006,-472.33406783880497,1865.8257027256939,20671.079999998732,1.0335539999999366e+24,0.0,0.0
2.79e-05,164660.0,5.48866,3e+22,-8.62342,-589.295,16614.1,3.60761,3.69871,3.66942,0.00118151463,-0.0010228384,0.622881576,0.11796681,0.118729605,0.455097704,0.00089660037,0.000877154774,-0.000782440849,2079.10073,-1228.66348,324.741186,-1224.52647,4279.52311,-220.688828,-521.014699,-491.508675,11083.4374,55800.0,164659.736849,5.488657895,-60.00000000000001,30000 3000,1e-06,2,0.0 0.0259,0.0 0.0,-1.0 0.0,0.00054857 28.0,80000,1000,5e-10,0.0,0.0 0.0 0.0,1000 1000000 0,0,0.0,0,100,0,,20,,1,,,,1.0,10.0,0.1,False,{},,,False,3,mixed,250,300,True,Ar_Aubin,,False,uniform,Argon-Aubin-Test2/20Td,3.0000000000000005e+21,8.307049999999999e+23,0.0,1.6372933333333333e-13,1.6370000000000002e-13,0.0,0.0,0.0,0.0,0.0,0.0,0.0,0.0,0.0,0.0,0.0,0.0,6.666666666666668e-19,6.666666666666668e-19,2.2222222222222226e-19,2.2222222222222226e-19,2.2222222222222226e-19,6.666666666666668e-19,6.666666666666668e-19,4.444444444444445e-19,2.2222222222222226e-19,6.666666666666668e-19,1.1111111111111113e-18,7.333333333333334e-18,7.333333333333334e-18,7.555555555555556e-18,0.0,4.444444444444445e-19,2.2222222222222226e-19,0.0,6.666666666666668e-19,0.0,2011.4649638736105,2079.1109186968906,2275.9651474021925,4278.920356445072,506.9481200586923,734.820608178401,171.26176953409512,-210.53194577417298,20029.540000001678,1.001477000000084e+24,0.0,0.0
2.795e-05,164366.0,5.47887,3e+22,8940.29,2311.88,21146.3,3.63674,3.67768,3.6403,0.00104981272,-0.000956752685,0.62384411,0.118199547,0.118904919,0.456393421,0.000862024131,0.000790644938,-0.000704374432,702.047236,-2074.04867,-365.573921,-1365.85984,2206.33324,297.740162,6106.09377,1755.20579,13722.7654,55900.0,164366.236155,5.478874538,-60.00000000000001,30000 3000,1e-06,2,0.0 0.0259,0.0 0.0,-1.0 0.0,0.00054857 28.0,80000,1000,5e-10,0.0,0.0 0.0 0.0,1000 1000000 0,0,0.0,0,100,0,,20,,1,,,,1.0,10.0,0.1,False,{},,,False,3,mixed,250,300,True,Ar_Aubin,,False,uniform,Argon-Aubin-Test2/20Td,3.0000000000000005e+21,1.057315e+24,2.222222222222222e-19,1.6373622222222222e-13,1.6370155555555556e-13,0.0,0.0,0.0,0.0,0.0,2.2222222222222226e-19,0.0,0.0,0.0,0.0,0.0,0.0,6.666666666666668e-19,0.0,0.0,0.0,2.2222222222222226e-19,6.666666666666668e-19,2.2222222222222226e-19,6.666666666666668e-19,1.1111111111111113e-18,6.666666666666668e-19,1.3333333333333336e-18,1.2222222222222223e-17,7.111111111111112e-18,9.111111111111112e-18,0.0,0.0,2.2222222222222226e-19,0.0,0.0,2.2222222222222226e-19,2330.308700738276,692.6616058375112,1754.4482269225837,2208.545137397398,957.0113855184027,530.7706967070026,-109.71246347244498,140.97293608716336,19250.67999999808,9.62533999999904e+23,1.1543603769957444e-23,1.0508799280357425e-23
2.8e-05,164381.0,5.47937,3e+22,-3616.19,8846.68,22105.6,3.63985,3.68924,3.62636,0.00104941266,-0.000791700903,0.624860795,0.118362202,0.119105379,0.457835339,0.000837569271,0.000771815025,-0.000608781213,-960.03699,1155.50972,2052.84751,2577.63992,862.61823,-440.863141,-1921.32911,5329.58851,12742.2262,56000.0,164381.149033,5.479371634,-60.00000000000001,30000 3000,1e-06,2,0.0 0.0259,0.0 0.0,-1.0 0.0,0.00054857 28.0,80000,1000,5e-10,0.0,0.0 0.0 0.0,1000 1000000 0,0,0.0,0,100,0,,20,,1,,,,1.0,10.0,0.1,False,{},,,False,3,mixed,250,300,True,Ar_Aubin,,False,uniform,Argon-Aubin-Test2/20Td,3.0000000000000005e+21,1.10528e+24,0.0,1.6358044444444443e-13,1.6354955555555556e-13,0.0,0.0,0.0,0.0,0.0,0.0,0.0,4.444444444444445e-19,0.0,2.2222222222222226e-19,0.0,0.0,2.2222222222222226e-19,4.444444444444445e-19,0.0,0.0,0.0,6.666666666666668e-19,0.0,4.444444444444445e-19,4.444444444444445e-19,2.2222222222222226e-19,1.1111111111111113e-18,8e-18,7.333333333333334e-18,1.1111111111111113e-17,0.0,2.2222222222222226e-19,0.0,0.0,0.0,0.0,1626.558398161032,-956.2421144330345,2007.4858538043916,869.6221545445521,1723.7845365997152,-1070.696589952,-392.94520071171075,2367.935861774154,20333.700000001456,1.0166850000000727e+24,0.0,0.0
2.805e-05,164316.0,5.47721,3e+22,-16285.3,-8796.39,12113.4,3.60972,3.66631,3.67562,0.0010061921,-0.000869241794,0.625978897,0.118493148,0.119318882,0.459320171,0.000766132802,0.000738605025,-0.000654272846,803.777072,-296.667341,614.791822,-1443.13417,177.282322,187.852841,-9809.61502,-6298.24011,8114.89026,56100.0,164316.359291,5.477211976,-60.00000000000001,30000 3000,1e-06,2,0.0 0.0259,0.0 0.0,-1.0 0.0,0.00054857 28.0,80000,1000,5e-10,0.0,0.0 0.0 0.0,1000 1000000 0,0,0.0,0,100,0,,20,,1,,,,1.0,10.0,0.1,False,{},,,False,3,mixed,250,300,True,Ar_Aubin,,False,uniform,Argon-Aubin-Test2/20Td,3.0000000000000005e+21,6.0567e+23,0.0,1.6362244444444444e-13,1.6358688888888891e-13,2.2222222222222226e-19,2.2222222222222226e-19,0.0,0.0,0.0,0.0,0.0,0.0,0.0,0.0,0.0,0.0,1.1111111111111113e-18,1.1111111111111113e-18,2.2222222222222226e-19,0.0,0.0,4.444444444444445e-19,0.0,2.2222222222222226e-19,6.666666666666668e-19,4.444444444444445e-19,6.666666666666668e-19,1.2222222222222223e-17,6.0000000000000004e-18,1.1555555555555557e-17,0.0,2.2222222222222226e-19,0.0,0.0,2.2222222222222226e-19,0.0,1310.3484438886649,820.16321220613,2133.742090233842,169.63613217567632,862.6563869545968,532.1574890802003,-146.56383834897937,987.2425259299598,22362.039999999084,1.1181019999999542e+24,0.0,0.0
2.81e-05,164263.0,5.47544,3e+22,5793.17,3005.71,21267.4,3.61194,3.65763,3.6785,0.000903954413,-0.00098037707,0.626956778,0.118671647,0.11960266,0.460661996,0.000722632324,0.00054982069,-0.000717921098,-282.42871,-509.821901,-1683.89914,-2831.83127,5320.45891,-3545.82414,1991.55034,3792.53143,14262.3358,56200.0,164263.170971,5.475439032,-60.00000000000001,30000 3000,1e-06,2,0.0 0.0259,0.0 0.0,-1.0 0.0,0.00054857 28.0,80000,1000,5e-10,0.0,0.0 0.0 0.0,1000 1000000 0,0,0.0,0,100,0,,20,,1,,,,1.0,10.0,0.1,False,{},,,False,3,mixed,250,300,True,Ar_Aubin,,False,uniform,Argon-Aubin-Test2/20Td,3.0000000000000005e+21,1.0633700000000001e+24,0.0,1.631471111111111e-13,1.6311644444444446e-13,0.0,0.0,0.0,0.0,0.0,0.0,0.0,2.2222222222222226e-19,0.0,0.0,0.0,2.2222222222222226e-19,2.2222222222222226e-19,2.2222222222222226e-19,0.0,0.0,0.0,0.0,0.0,8.88888888888889e-19,4.444444444444445e-19,0.0,1.5555555555555556e-18,8.444444444444445e-18,8.222222222222223e-18,8.88888888888889e-18,0.0,0.0,6.666666666666668e-19,0.0,6.666666666666668e-19,0.0,1786.9428896132024,-287.6654715867592,2835.7244209704927,5323.40563916307,1166.0300919524857,928.5952195627997,-2513.393206104956,-3343.6407576892966,19557.620000001385,9.778810000000694e+23,0.0,0.0
2.815e-05,164258.0,5.47528,3e+22,-14235.3,790.266,19529.6,3.64546,3.66913,3.63264,0.00091947173,-0.00103005607,0.628004961,0.118803445,0.119920185,0.462133727,0.000666657771,0.00056652084,-0.000731168925,2579.43238,107.481763,1076.09637,101.959842,3745.73784,3550.72784,-8843.76816,669.863975,10651.4083,56300.0,164258.361944,5.475278731,-60.00000000000001,30000 3000,1e-06,2,0.0 0.0259,0.0 0.0,-1.0 0.0,0.00054857 28.0,80000,1000,5e-10,0.0,0.0 0.0 0.0,1000 1000000 0,0,0.0,0,100,0,,20,,1,,,,1.0,10.0,0.1,False,{},,,False,3,mixed,250,300,True,Ar_Aubin,,False,uniform,Argon-Aubin-Test2/20Td,3.0000000000000005e+21,9.7648e+23,0.0,1.631191111111111e-13,1.6308711111111113e-13,0.0,0.0,0.0,0.0,0.0,2.2222222222222226e-19,2.2222222222222226e-19,2.2222222222222226e-19,0.0,0.0,0.0,0.0,4.444444444444445e-19,0.0,0.0,0.0,4.444444444444445e-19,4.444444444444445e-19,2.2222222222222226e-19,2.2222222222222226e-19,8.88888888888889e-19,6.666666666666668e-19,1.1111111111111113e-18,7.777777777777779e-18,7.555555555555556e-18,1.0666666666666668e-17,0.0,0.0,4.444444444444445e-19,0.0,4.444444444444445e-19,0.0,1317.6970531850186,2592.5213359180693,3174.251236920389,3746.5518582902146,1563.0143952977128,-1613.2773863456005,120.15376588217845,1154.2103162250924,20963.659999999607,1.0481829999999804e+24,0.0,0.0
2.82e-05,164676.0,5.48921,3e+22,-3169.11,355.821,16426.2,3.65371,3.65591,3.66722,0.00095917581,-0.000999017561,0.629153537,0.119062752,0.120173588,0.463765765,0.000620269496,0.000653722745,-0.000695172069,149.317355,-853.726369,605.704754,1242.55976,2441.42559,-61.869949,-1418.24609,1781.65016,12382.3692,56400.0,164676.364798,5.48921216,-60.00000000000001,30000 3000,1e-06,2,0.0 0.0259,0.0 0.0,-1.0 0.0,0.00054857 28.0,80000,1000,5e-10,0.0,0.0 0.0 0.0,1000 1000000 0,0,0.0,0,100,0,,20,,1,,,,1.0,10.0,0.1,False,{},,,False,3,mixed,250,300,True,Ar_Aubin,,False,uniform,Argon-Aubin-Test2/20Td,3.0000000000000005e+21,8.213100000000001e+23,0.0,1.6359688888888888e-13,1.6356911111111112e-13,0.0,0.0,0.0,0.0,0.0,0.0,0.0,0.0,0.0,0.0,2.2222222222222226e-19,0.0,2.2222222222222226e-19,0.0,0.0,0.0,0.0,8.88888888888889e-19,0.0,2.2222222222222226e-19,6.666666666666668e-19,2.2222222222222226e-19,1.3333333333333336e-18,5.555555555555556e-18,6.8888888888888895e-18,1.088888888888889e-17,0.0,0.0,0.0,0.0,6.666666666666668e-19,0.0,2592.3241002778764,152.3570886512291,2534.659794201505,2441.7810614275722,1880.9592100121897,2047.7673705305988,1223.3171894582501,1165.559815951848,22971.519999999135,1.1485759999999568e+24,0.0,0.0
2.825e-05,164514.0,5.48379,3e+22,1003.15,-12759.8,14967.8,3.69247,3.62678,3.64614,0.000975840093,-0.000936801892,0.630195076,0.119267533,0.120321388,0.465278008,0.000580895332,0.000632581955,-0.000677657285,208.153245,-646.653106,-2424.55878,927.141535,731.792699,278.316848,433.962332,-6139.49436,12017.5686,56500.0,164513.846889,5.483794896,-60.00000000000001,30000 3000,1e-06,2,0.0 0.0259,0.0 0.0,-1.0 0.0,0.00054857 28.0,80000,1000,5e-10,0.0,0.0 0.0 0.0,1000 1000000 0,0,0.0,0,100,0,,20,,1,,,,1.0,10.0,0.1,False,{},,,False,3,mixed,250,300,True,Ar_Aubin,,False,uniform,Argon-Aubin-Test2/20Td,3.0000000000000005e+21,7.4839e+23,0.0,1.6377244444444444e-13,1.6373755555555557e-13,0.0,0.0,0.0,0.0,0.0,0.0,0.0,0.0,0.0,0.0,0.0,2.2222222222222226e-19,2.2222222222222226e-19,4.444444444444445e-19,0.0,2.2222222222222226e-19,2.2222222222222226e-19,4.444444444444445e-19,0.0,1.5555555555555556e-18,6.666666666666668e-19,0.0,2.666666666666667e-18,1.0666666666666668e-17,8e-18,9.555555555555557e-18,0.0,0.0,0.0,0.0,0.0,0.0,2047.4875434738083,207.17433101070705,1479.204383023347,719.8392942184583,2005.8230496455833,2584.9347414472013,-652.8311621128427,-2637.382817833405,20830.780000000716,1.0415390000000358e+24,0.0,0.0
2.83e-05,164432.0,5.48106,3e+22,-764.563,5389.94,19046.1,3.64161,3.67491,3.64336,0.00097714334,-0.000907430805,0.631151527,0.119507435,0.120547281,0.466610574,0.000620472426,0.000607868741,-0.000609154916,6623.32889,-1537.00081,938.402979,586.633228,2746.57063,2732.21537,35.9541975,3425.57172,12790.4212,56600.0,164431.744599,5.481058153,-60.00000000000001,30000 3000,1e-06,2,0.0 0.0259,0.0 0.0,-1.0 0.0,0.00054857 28.0,80000,1000,5e-10,0.0,0.0 0.0 0.0,1000 1000000 0,0,0.0,0,100,0,,20,,1,,,,1.0,10.0,0.1,False,{},,,False,3,mixed,250,300,True,Ar_Aubin,,False,uniform,Argon-Aubin-Test2/20Td,3.0000000000000005e+21,9.52305e+23,0.0,1.6365977777777777e-13,1.6362911111111112e-13,0.0,0.0,0.0,0.0,0.0,0.0,0.0,0.0,0.0,0.0,0.0,2.2222222222222226e-19,4.444444444444445e-19,2.2222222222222226e-19,0.0,0.0,2.2222222222222226e-19,4.444444444444445e-19,2.2222222222222226e-19,6.666666666666668e-19,4.444444444444445e-19,2.2222222222222226e-19,8.88888888888889e-19,1.0444444444444445e-17,8.222222222222223e-18,7.777777777777779e-18,0.0,0.0,0.0,0.0,2.2222222222222226e-19,0.0,2398.9945478020136,6624.075977643461,2259.4716711900332,2751.4616275931016,1261.4978021407985,769.446101605301,-529.38207133796,1438.301511669727,19129.019999999386,9.564509999999694e+23,0.0,0.0
2.835e-05,164597.0,5.48656,3e+22,935.306,-1568.46,21086.9,3.62883,3.67832,3.66342,0.000938144271,-0.000827504604,0.632212176,0.119744702,0.120758383,0.468018059,0.000593350219,0.00056132632,-0.000535529164,-930.724939,-678.104664,-2602.31983,-1581.47838,2478.74313,1018.34303,1783.00516,-1467.60758,15557.9616,56700.0,164596.732411,5.486557747,-60.00000000000001,30000 3000,1e-06,2,0.0 0.0259,0.0 0.0,-1.0 0.0,0.00054857 28.0,80000,1000,5e-10,0.0,0.0 0.0 0.0,1000 1000000 0,0,0.0,0,100,0,,20,,1,,,,1.0,10.0,0.1,False,{},,,False,3,mixed,250,300,True,Ar_Aubin,,False,uniform,Argon-Aubin-Test2/20Td,3.0000000000000005e+21,1.0543450000000002e+24,0.0,1.6365977777777777e-13,1.6363044444444446e-13,0.0,0.0,0.0,0.0,0.0,0.0,0.0,0.0,0.0,2.2222222222222226e-19,0.0,0.0,4.444444444444445e-19,0.0,0.0,0.0,2.2222222222222226e-19,2.2222222222222226e-19,2.2222222222222226e-19,6.666666666666668e-19,6.666666666666668e-19,6.666666666666668e-19,8.88888888888889e-19,1.1111111111111113e-17,6.444444444444445e-18,6.8888888888888895e-18,0.0,0.0,2.2222222222222226e-19,0.0,4.444444444444445e-19,0.0,2373.4169443369315,-931.6023909655319,2112.406667962169,2477.44522212881,674.995517767063,2226.5666659055987,-458.46281663927203,-1430.4090659140059,21212.980000000494,1.0606490000000248e+24,0.0,0.0
2.84e-05,164665.0,5.48882,3e+22,-12062.1,4822.42,14606.2,3.64729,3.68062,3.64757,0.000919677372,-0.000740680796,0.633244895,0.119900215,0.12097911,0.469493702,0.000591566398,0.000522040708,-0.000436498774,155.991027,-3135.70799,-27.0746725,628.604544,5396.37671,3245.83977,-7660.33232,4723.09236,9627.67644,56800.0,164664.686024,5.488822867,-60.00000000000001,30000 3000,1e-06,2,0.0 0.0259,0.0 0.0,-1.0 0.0,0.00054857 28.0,80000,1000,5e-10,0.0,0.0 0.0 0.0,1000 1000000 0,0,0.0,0,100,0,,20,,1,,,,1.0,10.0,0.1,False,{},,,False,3,mixed,250,300,True,Ar_Aubin,,False,uniform,Argon-Aubin-Test2/20Td,3.0000000000000005e+21,7.3031e+23,0.0,1.63944e-13,1.6391400000000002e-13,0.0,0.0,0.0,0.0,0.0,0.0,0.0,0.0,0.0,4.444444444444445e-19,0.0,0.0,6.666666666666668e-19,0.0,0.0,0.0,0.0,4.444444444444445e-19,0.0,1.3333333333333336e-18,1.5555555555555556e-18,4.444444444444445e-19,4.444444444444445e-19,9.111111111111112e-18,7.555555555555556e-18,7.555555555555556e-18,0.0,0.0,2.2222222222222226e-19,0.0,2.2222222222222226e-19,0.0,1555.4730820464824,167.0842674288012,2208.631558280744,5399.948583884246,1687.8143909393461,378.3748546509978,-571.2076379034447,-62.576736151406294,20654.380000000307,1.0327190000000153e+24,0.0,0.0
2.845e-05,164562.0,5.48541,3e+22,-1334.11,1903.31,23058.9,3.63843,3.66411,3.66522,0.000990316037,-0.000715943416,0.634262773,0.120144345,0.121199994,0.470918121,0.000624711595,0.000537049745,-0.000385901547,4966.0441,-1680.75592,2853.27078,-385.07805,917.271722,1754.4709,-985.761163,1521.4071,13483.4854,56900.0,164562.2413,5.485408043,-60.00000000000001,30000 3000,1e-06,2,0.0 0.0259,0.0 0.0,-1.0 0.0,0.00054857 28.0,80000,1000,5e-10,0.0,0.0 0.0 0.0,1000 1000000 0,0,0.0,0,100,0,,20,,1,,,,1.0,10.0,0.1,False,{},,,False,3,mixed,250,300,True,Ar_Aubin,,False,uniform,Argon-Aubin-Test2/20Td,3.0000000000000005e+21,1.1529450000000001e+24,0.0,1.6401044444444443e-13,1.6397755555555557e-13,0.0,0.0,0.0,0.0,0.0,0.0,2.2222222222222226e-19,0.0,0.0,0.0,0.0,0.0,1.1111111111111113e-18,0.0,2.2222222222222226e-19,0.0,0.0,6.666666666666668e-19,2.2222222222222226e-19,4.444444444444445e-19,2.2222222222222226e-19,2.2222222222222226e-19,2.2222222222222226e-18,9.555555555555557e-18,4.444444444444445e-18,1.2222222222222223e-17,0.0,0.0,0.0,2.2222222222222226e-19,8.88888888888889e-19,0.0,2439.950806154279,4967.365290528122,2209.2003306665997,918.6343842631069,1342.508299115308,-1141.9164563297018,-614.6111581594935,2690.85032662145,20357.55999999944,1.017877999999972e+24,0.0,0.0
2.85e-05,164180.0,5.47265,3e+22,-3819.55,1031.12,20788.6,3.59383,3.67273,3.6762,0.000909427805,-0.000779988477,0.635231386,0.120396389,0.121424932,0.472284784,0.000542139771,0.000537699204,-0.000436459171,2452.75377,-2597.72834,1619.05574,451.531243,-252.100929,-3024.33628,-2498.55426,954.396521,15586.421,57000.0,164179.599336,5.472653311,-60.00000000000001,30000 3000,1e-06,2,0.0 0.0259,0.0 0.0,-1.0 0.0,0.00054857 28.0,80000,1000,5e-10,0.0,0.0 0.0 0.0,1000 1000000 0,0,0.0,0,100,0,,20,,1,,,,1.0,10.0,0.1,False,{},,,False,3,mixed,250,300,True,Ar_Aubin,,False,uniform,Argon-Aubin-Test2/20Td,3.0000000000000005e+21,1.0394299999999999e+24,0.0,1.634131111111111e-13,1.633766666666667e-13,0.0,0.0,0.0,0.0,0.0,0.0,0.0,4.444444444444445e-19,0.0,0.0,0.0,0.0,6.666666666666668e-19,2.2222222222222226e-19,0.0,0.0,0.0,4.444444444444445e-19,2.2222222222222226e-19,1.1111111111111113e-18,8.88888888888889e-19,2.2222222222222226e-19,1.777777777777778e-18,1.2666666666666669e-17,9.111111111111112e-18,8.444444444444445e-18,0.0,0.0,0.0,0.0,2.2222222222222226e-19,0.0,2521.976669206394,2456.2273749725878,2248.4219295064445,-251.29666728159577,1370.144541685825,2380.8498090004014,1021.4593947380592,1527.893789529277,19372.25999999903,9.686129999999516e+23,0.0,0.0
2.855e-05,164147.0,5.47157,3e+22,4569.03,4003.36,15142.5,3.65416,3.62137,3.6661,0.000941817764,-0.000773086103,0.636201927,0.120687284,0.121644003,0.473667893,0.000491162584,0.000531110884,-0.000426809326,2511.15393,1441.60191,-773.16452,-1829.34929,275.420865,919.440188,2572.27659,540.26406,11377.5309,57100.0,164147.214112,5.471573804,-60.00000000000001,30000 3000,1e-06,2,0.0 0.0259,0.0 0.0,-1.0 0.0,0.00054857 28.0,80000,1000,5e-10,0.0,0.0 0.0 0.0,1000 1000000 0,0,0.0,0,100,0,,20,,1,,,,1.0,10.0,0.1,False,{},,,False,3,mixed,250,300,True,Ar_Aubin,,False,uniform,Argon-Aubin-Test2/20Td,3.0000000000000005e+21,7.571250000000001e+23,0.0,1.6356066666666666e-13,1.6353066666666668e-13,0.0,0.0,0.0,0.0,0.0,0.0,0.0,2.2222222222222226e-19,0.0,0.0,0.0,0.0,8.88888888888889e-19,2.2222222222222226e-19,0.0,0.0,2.2222222222222226e-19,6.666666666666668e-19,0.0,8.88888888888889e-19,4.444444444444445e-19,1.1111111111111113e-18,4.444444444444445e-19,8e-18,6.0000000000000004e-18,1.0666666666666668e-17,0.0,2.2222222222222226e-19,0.0,0.0,0.0,0.0,2908.350382319208,2506.850736381751,2190.8171990160654,278.51580698130607,1491.308409676262,1743.8432204024994,-561.5502260508708,-1121.97509601218,19410.82000000094,9.705410000000468e+23,0.0,0.0
2.86e-05,163930.0,5.46433,3e+22,5163.1,-3098.17,19565.1,3.59645,3.6718,3.65802,0.000975253525,-0.000754866287,0.637041966,0.120881111,0.121830116,0.474864081,0.000486691392,0.00053516655,-0.000515342485,1942.26449,-607.113176,-745.489781,-1002.1941,1812.56676,2664.43226,3873.10767,232.237814,13526.099,57200.0,163929.883242,5.464329441,-60.00000000000001,30000 3000,1e-06,2,0.0 0.0259,0.0 0.0,-1.0 0.0,0.00054857 28.0,80000,1000,5e-10,0.0,0.0 0.0 0.0,1000 1000000 0,0,0.0,0,100,0,,20,,1,,,,1.0,10.0,0.1,False,{},,,False,3,mixed,250,300,True,Ar_Aubin,,False,uniform,Argon-Aubin-Test2/20Td,3.0000000000000005e+21,9.78255e+23,0.0,1.6316733333333333e-13,1.6313822222222225e-13,0.0,0.0,0.0,0.0,0.0,0.0,0.0,0.0,0.0,2.2222222222222226e-19,0.0,0.0,2.2222222222222226e-19,4.444444444444445e-19,0.0,0.0,2.2222222222222226e-19,4.444444444444445e-19,2.2222222222222226e-19,6.666666666666668e-19,6.666666666666668e-19,4.444444444444445e-19,8.88888888888889e-19,8.444444444444445e-18,6.0000000000000004e-18,9.777777777777779e-18,0.0,2.2222222222222226e-19,2.2222222222222226e-19,0.0,0.0,0.0,1937.629012625508,1937.2291585250725,1861.4083901140334,1810.2280559156052,1266.1347336823114,1062.3092310134016,-360.7096114959787,-180.57441839657758,16800.779999999184,8.400389999999594e+23,0.0,0.0
2.865e-05,163787.0,5.45957,3e+22,6444.35,1055.08,14658.5,3.59501,3.66225,3.6604,0.00097456087,-0.000977544541,0.638089933,0.121097929,0.122095447,0.476276588,0.000541951942,0.00049203189,-0.000675377651,3.10150915,1150.80377,-796.854734,1031.76895,-36.4322041,-867.6418,4790.12045,-138.353704,9570.18827,57300.0,163787.020957,5.459567365,-60.00000000000001,30000 3000,1e-06,2,0.0 0.0259,0.0 0.0,-1.0 0.0,0.00054857 28.0,80000,1000,5e-10,0.0,0.0 0.0 0.0,1000 1000000 0,0,0.0,0,100,0,,20,,1,,,,1.0,10.0,0.1,False,{},,,False,3,mixed,250,300,True,Ar_Aubin,,False,uniform,Argon-Aubin-Test2/20Td,3.0000000000000005e+21,7.32925e+23,0.0,1.6294955555555555e-13,1.629146666666667e-13,2.2222222222222226e-19,0.0,0.0,0.0,0.0,0.0,2.2222222222222226e-19,0.0,0.0,0.0,0.0,0.0,2.2222222222222226e-19,0.0,0.0,0.0,0.0,2.2222222222222226e-19,0.0,1.1111111111111113e-18,4.444444444444445e-19,2.2222222222222226e-19,8.88888888888889e-19,1.288888888888889e-17,7.333333333333334e-18,1.0666666666666668e-17,0.0,0.0,2.2222222222222226e-19,0.0,2.2222222222222226e-19,0.0,2168.1935054869427,-3.1789021925845002,2649.4522978161294,-35.400816405681724,762.108492005087,216.74698711949895,-874.2943465658328,-133.09474424144582,20959.34000000188,1.0479670000000942e+24,0.0,0.0
2.87e-05,163720.0,5.45735,3e+22,-3842.27,-6254.79,10215.2,3.63922,3.59128,3.6833,0.000978954924,-0.0010900206,0.639039509,0.121210051,0.122296413,0.477610678,0.000477342985,0.000529393786,-0.000797987892,5563.17538,731.057003,-408.928746,763.063548,4339.43537,582.011726,-1302.8238,-5864.66646,8038.63923,57400.0,163720.428831,5.457347628,-60.00000000000001,30000 3000,1e-06,2,0.0 0.0259,0.0 0.0,-1.0 0.0,0.00054857 28.0,80000,1000,5e-10,0.0,0.0 0.0 0.0,1000 1000000 0,0,0.0,0,100,0,,20,,1,,,,1.0,10.0,0.1,False,{},,,False,3,mixed,250,300,True,Ar_Aubin,,False,uniform,Argon-Aubin-Test2/20Td,3.0000000000000005e+21,5.107600000000001e+23,0.0,1.6260888888888887e-13,1.625788888888889e-13,0.0,0.0,0.0,0.0,0.0,0.0,0.0,0.0,0.0,0.0,0.0,0.0,2.2222222222222226e-19,0.0,0.0,0.0,2.2222222222222226e-19,2.2222222222222226e-19,0.0,4.444444444444445e-19,6.666666666666668e-19,6.666666666666668e-19,6.666666666666668e-19,8.666666666666667e-18,6.6666666666666674e-18,1.0666666666666668e-17,0.0,2.2222222222222226e-19,0.0,0.0,6.666666666666668e-19,0.0,1121.1341614611458,5566.936789135837,2007.3344842122533,4332.617520051326,1213.5853298356203,1510.7228376632002,672.5700455325886,733.6095679057851,18991.51999999793,9.495759999998967e+23,0.0,0.0
2.875e-05,163788.0,5.4596,3e+22,442.928,-51.5153,24648.1,3.65041,3.62547,3.63987,0.00110399805,-0.001113626,0.640066259,0.121474323,0.122593107,0.47900516,0.000494673239,0.00063800722,-0.000823737243,2557.10104,-1688.57234,-1166.71957,-1479.73636,2210.16513,-1491.65487,1338.24262,916.796717,17213.4731,57500.0,163788.034154,5.459601138,-60.00000000000001,30000 3000,1e-06,2,0.0 0.0259,0.0 0.0,-1.0 0.0,0.00054857 28.0,80000,1000,5e-10,0.0,0.0 0.0 0.0,1000 1000000 0,0,0.0,0,100,0,,20,,1,,,,1.0,10.0,0.1,False,{},,,False,3,mixed,250,300,True,Ar_Aubin,,False,uniform,Argon-Aubin-Test2/20Td,3.0000000000000005e+21,1.232405e+24,0.0,1.6248066666666665e-13,1.6245066666666668e-13,0.0,0.0,0.0,0.0,0.0,0.0,0.0,0.0,0.0,0.0,0.0,2.2222222222222226e-19,4.444444444444445e-19,4.444444444444445e-19,0.0,0.0,0.0,8.88888888888889e-19,0.0,6.666666666666668e-19,6.666666666666668e-19,1.3333333333333336e-18,1.1111111111111113e-18,6.8888888888888895e-18,6.6666666666666674e-18,9.777777777777779e-18,0.0,4.444444444444445e-19,2.2222222222222226e-19,0.0,2.2222222222222226e-19,0.0,2640.1154104881143,2556.6120483517097,2966.4198204054637,2210.107761222522,811.6015270587252,1437.0559415420994,551.448123185948,-139.19167230255698,20535.000000001524,1.0267500000000763e+24,0.0,0.0
2.88e-05,163655.0,5.45518,3e+22,-134.562,6482.57,18391.8,3.63263,3.65792,3.61765,0.00103795156,-0.0010338912,0.641130822,0.121664415,0.122795255,0.48045908,0.000488091242,0.000597301099,-0.000708099821,2311.97088,1948.67986,-584.317591,-1711.42561,3274.86117,-951.931421,-965.530367,6040.7019,11780.171,57600.0,163655.314023,5.455177134,-60.00000000000001,30000 3000,1e-06,2,0.0 0.0259,0.0 0.0,-1.0 0.0,0.00054857 28.0,80000,1000,5e-10,0.0,0.0 0.0 0.0,1000 1000000 0,0,0.0,0,100,0,,20,,1,,,,1.0,10.0,0.1,False,{},,,False,3,mixed,250,300,True,Ar_Aubin,,False,uniform,Argon-Aubin-Test2/20Td,3.0000000000000005e+21,9.195900000000001e+23,0.0,1.62778e-13,1.627428888888889e-13,0.0,0.0,0.0,0.0,0.0,0.0,0.0,0.0,0.0,0.0,2.2222222222222226e-19,0.0,6.666666666666668e-19,2.2222222222222226e-19,0.0,0.0,0.0,6.666666666666668e-19,0.0,4.444444444444445e-19,8.88888888888889e-19,2.2222222222222226e-19,1.1111111111111113e-18,1e-17,9.111111111111112e-18,1.088888888888889e-17,0.0,0.0,0.0,0.0,6.666666666666668e-19,0.0,1902.334682535034,2312.1105488378166,2023.192318544309,3281.563442076384,900.0499185940481,-11.378852059600831,9.26087895625075,-1482.6659098312439,21291.26000000037,1.0645630000000186e+24,0.0,0.0
2.885e-05,163840.0,5.46133,3e+22,-65.6465,1320.54,24771.1,3.62602,3.63236,3.66077,0.00103948517,-0.00101282046,0.642192381,0.12188833,0.122995987,0.481952563,0.000458091717,0.000576327909,-0.00068055234,1880.8255,-375.649148,-745.573857,-44.3329929,3998.58397,1918.20087,1652.24964,489.958414,17513.5248,57700.0,163839.753814,5.461325127,-60.00000000000001,30000 3000,1e-06,2,0.0 0.0259,0.0 0.0,-1.0 0.0,0.00054857 28.0,80000,1000,5e-10,0.0,0.0 0.0 0.0,1000 1000000 0,0,0.0,0,100,0,,20,,1,,,,1.0,10.0,0.1,False,{},,,False,3,mixed,250,300,True,Ar_Aubin,,False,uniform,Argon-Aubin-Test2/20Td,3.0000000000000005e+21,1.238555e+24,0.0,1.6236133333333332e-13,1.6233222222222224e-13,0.0,2.2222222222222226e-19,0.0,0.0,0.0,0.0,2.2222222222222226e-19,0.0,0.0,0.0,2.2222222222222226e-19,2.2222222222222226e-19,4.444444444444445e-19,6.666666666666668e-19,0.0,0.0,0.0,4.444444444444445e-19,0.0,6.666666666666668e-19,4.444444444444445e-19,6.666666666666668e-19,8.88888888888889e-19,8.222222222222223e-18,8.222222222222223e-18,7.555555555555556e-18,0.0,0.0,0.0,0.0,0.0,0.0,2239.1181402225957,1880.8937385632123,2007.7512572924672,3999.9214399302487,1311.5970394661504,1605.7131110109003,-461.19818955014546,923.0842740447296,21231.179999998683,1.0615589999999342e+24,0.0,0.0
2.89e-05,164139.0,5.47129,3e+22,5140.78,7980.88,21684.2,3.62087,3.65623,3.66228,0.00110687745,-0.000981684034,0.643325563,0.122110932,0.123260045,0.48349075,0.000506637825,0.000635175564,-0.000632148227,3224.81326,-54.0142258,-3196.77496,-434.876549,277.816697,-2009.67623,4515.20522,6233.57853,14467.2908,57800.0,164138.561625,5.471285388,-60.00000000000001,30000 3000,1e-06,2,0.0 0.0259,0.0 0.0,-1.0 0.0,0.00054857 28.0,80000,1000,5e-10,0.0,0.0 0.0 0.0,1000 1000000 0,0,0.0,0,100,0,,20,,1,,,,1.0,10.0,0.1,False,{},,,False,3,mixed,250,300,True,Ar_Aubin,,False,uniform,Argon-Aubin-Test2/20Td,3.0000000000000005e+21,1.0842100000000002e+24,0.0,1.6323555555555555e-13,1.6320644444444446e-13,0.0,0.0,0.0,0.0,0.0,0.0,0.0,2.2222222222222226e-19,0.0,2.2222222222222226e-19,0.0,0.0,4.444444444444445e-19,2.2222222222222226e-19,0.0,0.0,4.444444444444445e-19,1.5555555555555556e-18,0.0,1.3333333333333336e-18,4.444444444444445e-19,4.444444444444445e-19,2e-18,6.6666666666666674e-18,7.111111111111112e-18,7.777777777777779e-18,0.0,0.0,0.0,0.0,2.2222222222222226e-19,0.0,2224.5735172933546,3219.123046542589,2641.201017415801,285.6513994732699,814.6120518220946,517.2906267954004,286.2910528647058,-2012.76667976043,22663.640000000207,1.1331820000000104e+24,0.0,0.0
2.895e-05,164244.0,5.47481,3e+22,-3868.3,-3492.72,16774.7,3.63255,3.65089,3.66441,0.0011340839,-0.00102950672,0.644373414,0.12245961,0.123503598,0.484936945,0.000493914329,0.00063855202,-0.000688882093,2594.33484,788.485497,-30.0430784,246.313722,1723.185,-994.670302,-1540.78702,-2412.25606,12530.4392,57900.0,164244.218938,5.474807298,-60.00000000000001,30000 3000,1e-06,2,0.0 0.0259,0.0 0.0,-1.0 0.0,0.00054857 28.0,80000,1000,5e-10,0.0,0.0 0.0 0.0,1000 1000000 0,0,0.0,0,100,0,,20,,1,,,,1.0,10.0,0.1,False,{},,,False,3,mixed,250,300,True,Ar_Aubin,,False,uniform,Argon-Aubin-Test2/20Td,3.0000000000000005e+21,8.387350000000001e+23,0.0,1.6366133333333333e-13,1.6363111111111114e-13,0.0,0.0,0.0,0.0,0.0,0.0,0.0,0.0,0.0,0.0,0.0,0.0,6.666666666666668e-19,2.2222222222222226e-19,0.0,0.0,0.0,2.2222222222222226e-19,2.2222222222222226e-19,2.2222222222222226e-19,6.666666666666668e-19,4.444444444444445e-19,1.5555555555555556e-18,8e-18,6.8888888888888895e-18,1.0666666666666668e-17,0.0,0.0,2.2222222222222226e-19,0.0,2.2222222222222226e-19,0.0,3486.1703139706106,2598.72181675037,2434.5681945608935,1719.5892212889216,968.783392514827,1721.2684921742002,-306.2899942436054,902.77566177887,20957.02000000088,1.0478510000000441e+24,0.0,0.0
2.9e-05,164106.0,5.47019,3e+22,74.5348,-1179.28,16718.9,3.62354,3.64475,3.6705,0.0011809873,-0.00100980992,0.645378439,0.12272527,0.123646981,0.486354128,0.000481592099,0.000652102568,-0.000691983541,-392.285005,-292.436424,158.552707,-102.859038,244.77525,2616.27943,-706.916711,-192.238963,15004.4497,58000.0,164105.787239,5.470192908,-60.00000000000001,30000 3000,1e-06,2,0.0 0.0259,0.0 0.0,-1.0 0.0,0.00054857 28.0,80000,1000,5e-10,0.0,0.0 0.0 0.0,1000 1000000 0,0,0.0,0,100,0,,20,,1,,,,1.0,10.0,0.1,False,{},,,False,3,mixed,250,300,True,Ar_Aubin,,False,uniform,Argon-Aubin-Test2/20Td,3.0000000000000005e+21,8.35945e+23,0.0,1.6326266666666667e-13,1.6322933333333335e-13,0.0,0.0,0.0,0.0,0.0,0.0,0.0,0.0,0.0,0.0,0.0,0.0,2.2222222222222226e-19,0.0,0.0,0.0,2.2222222222222226e-19,1.3333333333333336e-18,0.0,2.2222222222222226e-19,1.5555555555555556e-18,2.2222222222222226e-19,2.666666666666667e-18,8e-18,9.333333333333335e-18,9.333333333333335e-18,0.0,0.0,2.2222222222222226e-19,0.0,0.0,0.0,2655.514152894861,-392.37302965220806,1434.2316801199684,243.5844013575424,1209.5014393864735,4214.432116202897,-357.19355494780126,-616.2119654451473,20100.499999999854,1.0050249999999928e+24,0.0,0.0
2.905e-05,164251.0,5.47503,3e+22,2693.13,8087.33,16821.0,3.63487,3.68585,3.62731,0.00125496069,-0.000924158413,0.64637942,0.122874941,0.12377213,0.487807597,0.000460906372,0.000699645682,-0.000649975345,1666.30462,3727.98029,-424.208289,-1389.89808,5314.46272,-1282.78822,1600.17858,2573.72262,13565.7504,58100.0,164250.817465,5.475027249,-60.00000000000001,30000 3000,1e-06,2,0.0 0.0259,0.0 0.0,-1.0 0.0,0.00054857 28.0,80000,1000,5e-10,0.0,0.0 0.0 0.0,1000 1000000 0,0,0.0,0,100,0,,20,,1,,,,1.0,10.0,0.1,False,{},,,False,3,mixed,250,300,True,Ar_Aubin,,False,uniform,Argon-Aubin-Test2/20Td,3.0000000000000005e+21,8.4105e+23,0.0,1.6319822222222222e-13,1.6317044444444446e-13,0.0,0.0,0.0,0.0,0.0,0.0,0.0,0.0,0.0,0.0,0.0,0.0,8.88888888888889e-19,6.666666666666668e-19,0.0,0.0,0.0,2.2222222222222226e-19,2.2222222222222226e-19,6.666666666666668e-19,4.444444444444445e-19,4.444444444444445e-19,1.777777777777778e-18,7.555555555555556e-18,6.2222222222222225e-18,8.222222222222223e-18,0.0,0.0,0.0,0.0,4.444444444444445e-19,0.0,1494.9080466931941,1662.9248477169403,1253.1464730219932,5321.936694058208,1604.4392654029905,2693.00217618,-29.07817544350053,-585.92321015109,20019.62000000024,1.000981000000012e+24,0.0,0.0
2.91e-05,164346.0,5.47822,3e+22,-3458.79,2977.83,22501.8,3.65506,3.6417,3.65667,0.00114884597,-0.000857854552,0.647379964,0.123110767,0.124026238,0.489232485,0.0004556351,0.000605956874,-0.000648386713,2294.0649,-3311.11147,-1523.11125,-1686.41914,1483.61938,2435.39472,-2228.35097,1237.50664,16314.4228,58200.0,164346.473276,5.478215776,-60.00000000000001,30000 3000,1e-06,2,0.0 0.0259,0.0 0.0,-1.0 0.0,0.00054857 28.0,80000,1000,5e-10,0.0,0.0 0.0 0.0,1000 1000000 0,0,0.0,0,100,0,,20,,1,,,,1.0,10.0,0.1,False,{},,,False,3,mixed,250,300,True,Ar_Aubin,,False,uniform,Argon-Aubin-Test2/20Td,3.0000000000000005e+21,1.1250899999999999e+24,0.0,1.634431111111111e-13,1.6341444444444445e-13,0.0,0.0,0.0,0.0,0.0,0.0,0.0,0.0,0.0,0.0,2.2222222222222226e-19,0.0,4.444444444444445e-19,0.0,0.0,0.0,0.0,6.666666666666668e-19,0.0,1.777777777777778e-18,4.444444444444445e-19,2.2222222222222226e-19,1.1111111111111113e-18,1.0222222222222223e-17,4.888888888888889e-18,8.444444444444445e-18,0.0,0.0,0.0,0.0,2.2222222222222226e-19,0.0,2360.8107927065857,2298.038516952576,2542.26154339926,1486.1739250205821,1304.248108952022,1747.2083260648014,-524.9581555029056,-1538.1619765641858,20010.87999999873,1.0005439999999367e+24,0.0,0.0
2.915e-05,164508.0,5.4836,3e+22,4203.64,6492.39,19437.8,3.6756,3.68024,3.60887,0.00103236389,-0.000867310247,0.648449243,0.123243172,0.124248811,0.490712343,0.000467861923,0.000548372026,-0.000673820335,4154.29392,49.7871704,1516.20126,-990.216441,1090.73397,-698.361516,3160.2249,4963.70656,12579.6002,58300.0,164507.995634,5.483599854,-60.00000000000001,30000 3000,1e-06,2,0.0 0.0259,0.0 0.0,-1.0 0.0,0.00054857 28.0,80000,1000,5e-10,0.0,0.0 0.0 0.0,1000 1000000 0,0,0.0,0,100,0,,20,,1,,,,1.0,10.0,0.1,False,{},,,False,3,mixed,250,300,True,Ar_Aubin,,False,uniform,Argon-Aubin-Test2/20Td,3.0000000000000005e+21,9.718900000000001e+23,0.0,1.6366466666666667e-13,1.636348888888889e-13,2.2222222222222226e-19,0.0,0.0,0.0,0.0,0.0,0.0,2.2222222222222226e-19,0.0,0.0,0.0,0.0,0.0,0.0,2.2222222222222226e-19,0.0,0.0,2.2222222222222226e-19,0.0,6.666666666666668e-19,4.444444444444445e-19,8.88888888888889e-19,1.5555555555555556e-18,9.555555555555557e-18,6.444444444444445e-18,9.111111111111112e-18,0.0,0.0,0.0,0.0,2.2222222222222226e-19,0.0,1326.5907186141292,4149.95423385744,2225.5668736784196,1096.3648863745204,942.5504136828522,-24.826495585397424,334.38863458219424,1930.5121013344383,21385.579999999572,1.0692789999999787e+24,0.0,0.0
2.92e-05,164622.0,5.48741,3e+22,-5946.35,-145.935,15045.7,3.67003,3.65678,3.64652,0.000982969607,-0.000688823293,0.649574307,0.123399896,0.124538627,0.492316223,0.000467075667,0.000479271489,-0.000571700733,-256.013301,-1564.09377,-144.579174,-3347.46214,922.114723,-151.305304,-4540.62964,439.22159,9153.52567,58400.0,164622.238323,5.487407944,-60.00000000000001,30000 3000,1e-06,2,0.0 0.0259,0.0 0.0,-1.0 0.0,0.00054857 28.0,80000,1000,5e-10,0.0,0.0 0.0 0.0,1000 1000000 0,0,0.0,0,100,0,,20,,1,,,,1.0,10.0,0.1,False,{},,,False,3,mixed,250,300,True,Ar_Aubin,,False,uniform,Argon-Aubin-Test2/20Td,3.0000000000000005e+21,7.522850000000001e+23,0.0,1.6394377777777778e-13,1.6391155555555557e-13,0.0,0.0,0.0,0.0,0.0,0.0,0.0,0.0,0.0,0.0,0.0,0.0,6.666666666666668e-19,0.0,2.2222222222222226e-19,0.0,0.0,1.1111111111111113e-18,0.0,8.88888888888889e-19,2e-18,6.666666666666668e-19,1.3333333333333336e-18,8.88888888888889e-18,6.8888888888888895e-18,9.111111111111112e-18,0.0,0.0,2.2222222222222226e-19,0.0,2.2222222222222226e-19,0.0,1568.235459530748,-250.16821967741555,2900.9374953557767,922.0141995727361,1435.2043274279415,-619.7744808298994,-763.5351059610384,-837.4020993865906,22501.28000000018,1.1250640000000092e+24,0.0,0.0
2.925e-05,164460.0,5.48201,3e+22,5512.24,-3721.55,22260.5,3.65983,3.62715,3.67398,0.000890891327,-0.000671202719,0.650606956,0.123506645,0.124669658,0.493730066,0.000479675114,0.000377505524,-0.000549824191,284.958981,1045.11362,1494.93238,-6121.59351,-1184.93585,601.829864,3059.64424,-2764.37397,13339.8235,58500.0,164460.281635,5.482009388,-60.00000000000001,30000 3000,1e-06,2,0.0 0.0259,0.0 0.0,-1.0 0.0,0.00054857 28.0,80000,1000,5e-10,0.0,0.0 0.0 0.0,1000 1000000 0,0,0.0,0,100,0,,20,,1,,,,1.0,10.0,0.1,False,{},,,False,3,mixed,250,300,True,Ar_Aubin,,False,uniform,Argon-Aubin-Test2/20Td,3.0000000000000005e+21,1.113025e+24,2.222222222222222e-19,1.6382466666666666e-13,1.6379022222222224e-13,0.0,0.0,0.0,0.0,0.0,0.0,2.2222222222222226e-19,2.2222222222222226e-19,0.0,2.2222222222222226e-19,0.0,0.0,1.3333333333333336e-18,0.0,0.0,0.0,0.0,6.666666666666668e-19,4.444444444444445e-19,4.444444444444445e-19,1.1111111111111113e-18,2.2222222222222226e-19,2.4444444444444447e-18,1.0222222222222223e-17,1e-17,6.6666666666666674e-18,0.0,0.0,0.0,0.0,0.0,2.2222222222222226e-19,1069.2154189177738,280.0481741916575,1310.5496443899247,-1187.4337644788945,712.1211894434155,-1143.012644037999,-857.4851623436675,948.443246473877,20652.979999999934,1.0326489999999969e+24,1.0759813945601213e-23,9.982804619043697e-24
2.93e-05,164287.0,5.47625,3e+22,-584.427,-379.414,18394.8,3.64524,3.66538,3.63995,0.000845681364,-0.000788125977,0.651695875,0.123715602,0.124843587,0.495262593,0.000520414541,0.000423375815,-0.000663652811,2393.4603,2019.29808,3071.93006,1917.55364,2588.33307,-702.181229,-2033.47384,-538.183536,13068.1118,58600.0,164287.434118,5.476247804,-60.00000000000001,30000 3000,1e-06,2,0.0 0.0259,0.0 0.0,-1.0 0.0,0.00054857 28.0,80000,1000,5e-10,0.0,0.0 0.0 0.0,1000 1000000 0,0,0.0,0,100,0,,20,,1,,,,1.0,10.0,0.1,False,{},,,False,3,mixed,250,300,True,Ar_Aubin,,False,uniform,Argon-Aubin-Test2/20Td,3.0000000000000005e+21,9.197399999999999e+23,0.0,1.637162222222222e-13,1.636797777777778e-13,0.0,0.0,0.0,0.0,0.0,0.0,2.2222222222222226e-19,0.0,0.0,2.2222222222222226e-19,0.0,0.0,1.1111111111111113e-18,2.2222222222222226e-19,0.0,2.2222222222222226e-19,2.2222222222222226e-19,4.444444444444445e-19,0.0,1.1111111111111113e-18,4.444444444444445e-19,4.444444444444445e-19,8.88888888888889e-19,1.1111111111111113e-17,8.222222222222223e-18,1.1111111111111113e-17,0.0,2.2222222222222226e-19,0.0,0.0,2.2222222222222226e-19,0.0,2090.3551038709,2393.9545390225185,1737.5837053436317,2588.034043970563,1144.2470357014845,1080.2965185499997,1487.2665780619413,1403.7687455841178,21778.38000000154,1.0889190000000772e+24,0.0,0.0
2.935e-05,164293.0,5.47643,3e+22,-104.095,-1989.08,14740.8,3.67153,3.61459,3.66548,0.000795938996,-0.000802670438,0.652674201,0.124006516,0.125089555,0.496654445,0.000541825162,0.000395149001,-0.000626434116,3140.09446,-1548.7677,-1428.65084,603.831462,-542.234891,1654.83707,-687.657801,1868.80093,11906.5301,58700.0,164292.917565,5.476430586,-60.00000000000001,30000 3000,1e-06,2,0.0 0.0259,0.0 0.0,-1.0 0.0,0.00054857 28.0,80000,1000,5e-10,0.0,0.0 0.0 0.0,1000 1000000 0,0,0.0,0,100,0,,20,,1,,,,1.0,10.0,0.1,False,{},,,False,3,mixed,250,300,True,Ar_Aubin,,False,uniform,Argon-Aubin-Test2/20Td,3.0000000000000005e+21,7.3704e+23,0.0,1.6339888888888889e-13,1.6336933333333334e-13,0.0,0.0,0.0,0.0,0.0,2.2222222222222226e-19,0.0,0.0,0.0,2.2222222222222226e-19,0.0,0.0,0.0,4.444444444444445e-19,0.0,0.0,0.0,4.444444444444445e-19,4.444444444444445e-19,6.666666666666668e-19,6.666666666666668e-19,6.666666666666668e-19,8.88888888888889e-19,9.111111111111112e-18,7.555555555555556e-18,8e-18,0.0,0.0,0.0,0.0,2.2222222222222226e-19,0.0,2909.956580840756,3140.1773132697886,2459.448627235711,-543.831466714817,1157.5284102738337,2285.5902378992014,68.22788448262811,-2060.1012975991416,19566.519999998367,9.783259999999184e+23,0.0,0.0
2.94e-05,163790.0,5.45967,3e+22,-4654.49,276.225,4598.84,3.64849,3.63425,3.63636,0.000829153337,-0.000757622961,0.653557196,0.124186964,0.125275501,0.497878734,0.000580520855,0.000398310906,-0.000578342138,1734.13928,398.075759,-1977.24627,-687.11168,4144.94952,-607.545991,-3287.78465,-995.219815,3967.213,58800.0,163790.091641,5.459669721,-60.00000000000001,30000 3000,1e-06,2,0.0 0.0259,0.0 0.0,-1.0 0.0,0.00054857 28.0,80000,1000,5e-10,0.0,0.0 0.0 0.0,1000 1000000 0,0,0.0,0,100,0,,20,,1,,,,1.0,10.0,0.1,False,{},,,False,3,mixed,250,300,True,Ar_Aubin,,False,uniform,Argon-Aubin-Test2/20Td,3.0000000000000005e+21,2.29942e+23,0.0,1.6298844444444443e-13,1.6295244444444445e-13,0.0,0.0,0.0,0.0,0.0,0.0,0.0,0.0,0.0,0.0,2.2222222222222226e-19,2.2222222222222226e-19,2.2222222222222226e-19,0.0,2.2222222222222226e-19,0.0,0.0,8.88888888888889e-19,4.444444444444445e-19,4.444444444444445e-19,4.444444444444445e-19,6.666666666666668e-19,2e-18,1.0666666666666668e-17,8e-18,1.088888888888889e-17,0.0,2.2222222222222226e-19,2.2222222222222226e-19,0.0,2.2222222222222226e-19,0.0,1803.9402362909907,1737.9985659155332,1860.1628728101562,4145.158794402402,708.9320760594875,961.6080247473601,-384.96753449441786,-2226.86863032229,17659.89999999995,8.829949999999975e+23,0.0,0.0
2.945e-05,163493.0,5.44978,3e+22,-2470.24,-1310.86,16257.4,3.67867,3.61458,3.60476,0.000888513387,-0.000712509695,0.654596531,0.124414032,0.125466911,0.499407168,0.000598563335,0.000447496006,-0.00052580669,954.42428,-117.222847,2961.36803,-2563.52822,944.989519,942.748504,-2914.86168,-1403.00469,11622.991,58900.0,163493.428883,5.449780963,-60.00000000000001,30000 3000,1e-06,2,0.0 0.0259,0.0 0.0,-1.0 0.0,0.00054857 28.0,80000,1000,5e-10,0.0,0.0 0.0 0.0,1000 1000000 0,0,0.0,0,100,0,,20,,1,,,,1.0,10.0,0.1,False,{},,,False,3,mixed,250,300,True,Ar_Aubin,,False,uniform,Argon-Aubin-Test2/20Td,3.0000000000000005e+21,8.128700000000001e+23,0.0,1.6252555555555555e-13,1.62488e-13,0.0,0.0,0.0,0.0,0.0,0.0,0.0,2.2222222222222226e-19,0.0,0.0,0.0,0.0,4.444444444444445e-19,6.666666666666668e-19,0.0,0.0,2.2222222222222226e-19,4.444444444444445e-19,2.2222222222222226e-19,4.444444444444445e-19,1.1111111111111113e-18,4.444444444444445e-19,1.1111111111111113e-18,9.555555555555557e-18,9.111111111111112e-18,1.3333333333333335e-17,0.0,2.2222222222222226e-19,0.0,0.0,0.0,0.0,2269.6603921737446,956.6191213091029,1914.7632248556201,944.0555185412122,1688.2404614837476,980.9533569205996,189.32898213004992,1649.0719671996262,20786.700000001714,1.0393350000000858e+24,0.0,0.0
2.95e-05,163573.0,5.45245,3e+22,121.371,-5241.32,17444.1,3.61064,3.68147,3.6109,0.000795467961,-0.000619937976,0.655701535,0.124536825,0.125724995,0.500967902,0.000639097583,0.000369552483,-0.0004500536,2353.62178,179.579832,-560.547143,-2194.35462,1234.05058,207.988031,806.865595,-2180.88512,12602.6287,59000.0,163573.423637,5.452447455,-60.00000000000001,30000 3000,1e-06,2,0.0 0.0259,0.0 0.0,-1.0 0.0,0.00054857 28.0,80000,1000,5e-10,0.0,0.0 0.0 0.0,1000 1000000 0,0,0.0,0,100,0,,20,,1,,,,1.0,10.0,0.1,False,{},,,False,3,mixed,250,300,True,Ar_Aubin,,False,uniform,Argon-Aubin-Test2/20Td,3.0000000000000005e+21,8.72205e+23,0.0,1.620302222222222e-13,1.6199800000000002e-13,0.0,0.0,0.0,0.0,0.0,0.0,2.2222222222222226e-19,0.0,0.0,0.0,2.2222222222222226e-19,0.0,2.2222222222222226e-19,0.0,0.0,0.0,0.0,8.88888888888889e-19,2.2222222222222226e-19,1.1111111111111113e-18,1.1111111111111113e-18,6.666666666666668e-19,0.0,8.88888888888889e-18,7.777777777777779e-18,9.777777777777779e-18,0.0,0.0,2.2222222222222226e-19,0.0,8.88888888888889e-19,0.0,1229.4968676190842,2353.5252332581053,2582.073469713786,1230.8012866876318,1128.4939587780098,1164.5055533065006,-358.30610387519107,152.8590783370349,22100.07999999819,1.1050039999999096e+24,0.0,0.0
2.955e-05,163897.0,5.46323,3e+22,-4410.17,234.961,19179.2,3.65994,3.64425,3.62006,0.000844533218,-0.000729475015,0.656849071,0.124760204,0.12581071,0.502627477,0.000641994621,0.000388877455,-0.000448710959,4566.01146,-2946.90526,363.738075,226.412278,263.718548,174.148111,-4156.60954,2050.68327,13792.5878,59100.0,163896.945401,5.463231513,-60.00000000000001,30000 3000,1e-06,2,0.0 0.0259,0.0 0.0,-1.0 0.0,0.00054857 28.0,80000,1000,5e-10,0.0,0.0 0.0 0.0,1000 1000000 0,0,0.0,0,100,0,,20,,1,,,,1.0,10.0,0.1,False,{},,,False,3,mixed,250,300,True,Ar_Aubin,,False,uniform,Argon-Aubin-Test2/20Td,3.0000000000000005e+21,9.589600000000001e+23,0.0,1.627088888888889e-13,1.6267955555555556e-13,2.2222222222222226e-19,0.0,0.0,0.0,0.0,0.0,0.0,0.0,0.0,0.0,0.0,0.0,2.2222222222222226e-19,2.2222222222222226e-19,2.2222222222222226e-19,0.0,2.2222222222222226e-19,8.88888888888889e-19,0.0,2.2222222222222226e-19,8.88888888888889e-19,6.666666666666668e-19,8.88888888888889e-19,9.333333333333335e-18,8.222222222222223e-18,6.444444444444445e-18,0.0,0.0,0.0,0.0,6.666666666666668e-19,0.0,2232.9853292066273,4569.735995062027,855.6718929658703,263.8899461789994,1533.7592779313127,1194.7480974767986,-276.32649201840707,-912.2528690425956,22950.7200000012,1.1475360000000603e+24,0.0,0.0
2.96e-05,163951.0,5.46504,3e+22,-1009.19,-1859.16,13196.6,3.66493,3.63922,3.62492,0.000889693497,-0.000768691317,0.657959039,0.1249758,0.126024502,0.504198004,0.000644510166,0.000428871037,-0.000434095251,3485.85679,2554.95672,-1040.31673,3329.9462,-470.696164,2636.22841,-1511.81313,-1982.68418,11519.5786,59200.0,163951.260752,5.465042025,-60.00000000000001,30000 3000,1e-06,2,0.0 0.0259,0.0 0.0,-1.0 0.0,0.00054857 28.0,80000,1000,5e-10,0.0,0.0 0.0 0.0,1000 1000000 0,0,0.0,0,100,0,,20,,1,,,,1.0,10.0,0.1,False,{},,,False,3,mixed,250,300,True,Ar_Aubin,,False,uniform,Argon-Aubin-Test2/20Td,3.0000000000000005e+21,6.5983e+23,0.0,1.6268422222222222e-13,1.6265111111111112e-13,0.0,0.0,0.0,0.0,0.0,0.0,0.0,0.0,0.0,0.0,0.0,0.0,2.2222222222222226e-19,2.2222222222222226e-19,0.0,2.2222222222222226e-19,0.0,1.3333333333333336e-18,0.0,1.3333333333333336e-18,8.88888888888889e-19,8.88888888888889e-19,2.4444444444444447e-18,8.222222222222223e-18,8e-18,8.88888888888889e-18,0.0,0.0,0.0,4.444444444444445e-19,0.0,0.0,2155.176818377097,3486.754659780237,2137.332474566878,-472.12528414891375,1111.3207175961204,2836.756345932601,186.8512676254225,-1899.8651066341004,22199.359999999226,1.1099679999999613e+24,0.0,0.0
2.965e-05,164021.0,5.46735,3e+22,2240.28,-2720.16,17918.9,3.64966,3.61714,3.66601,0.000895935823,-0.000791511816,0.658918133,0.125178041,0.126201632,0.505530242,0.000676770757,0.000453841384,-0.000441668663,2290.12673,-3878.37035,-1770.27972,-1167.31064,-1097.0237,-3273.12797,3225.14196,-2058.41102,13181.7615,59300.0,164020.525471,5.467350849,-60.00000000000001,30000 3000,1e-06,2,0.0 0.0259,0.0 0.0,-1.0 0.0,0.00054857 28.0,80000,1000,5e-10,0.0,0.0 0.0 0.0,1000 1000000 0,0,0.0,0,100,0,,20,,1,,,,1.0,10.0,0.1,False,{},,,False,3,mixed,250,300,True,Ar_Aubin,,False,uniform,Argon-Aubin-Test2/20Td,3.0000000000000005e+21,8.959450000000001e+23,0.0,1.6293977777777777e-13,1.6291200000000003e-13,0.0,2.2222222222222226e-19,0.0,0.0,0.0,0.0,0.0,0.0,0.0,0.0,0.0,0.0,4.444444444444445e-19,0.0,0.0,4.444444444444445e-19,2.2222222222222226e-19,2.2222222222222226e-19,0.0,1.1111111111111113e-18,6.666666666666668e-19,2.2222222222222226e-19,6.666666666666668e-19,6.8888888888888895e-18,6.444444444444445e-18,9.777777777777779e-18,0.0,0.0,2.2222222222222226e-19,0.0,2.2222222222222226e-19,0.0,2022.2985351964207,2288.1195828944496,1770.9439538596273,-1099.1767387814104,692.2900559769297,1374.6733665862994,400.07731023381587,-37.35305941599495,19181.880000000983,9.590940000000493e+23,0.0,0.0
2.97e-05,163950.0,5.46499,3e+22,1726.82,250.524,18151.9,3.63836,3.61665,3.67308,0.00099689943,-0.000701270022,0.659941206,0.125391722,0.126393825,0.506913169,0.00064326625,0.000456058133,-0.000431564074,1093.83436,-542.578711,-732.460785,-201.402595,3683.50416,626.247848,72.9892762,-663.770693,12802.9949,59400.0,163949.64851,5.464988284,-60.00000000000001,30000 3000,1e-06,2,0.0 0.0259,0.0 0.0,-1.0 0.0,0.00054857 28.0,80000,1000,5e-10,0.0,0.0 0.0 0.0,1000 1000000 0,0,0.0,0,100,0,,20,,1,,,,1.0,10.0,0.1,False,{},,,False,3,mixed,250,300,True,Ar_Aubin,,False,uniform,Argon-Aubin-Test2/20Td,3.0000000000000005e+21,9.07595e+23,0.0,1.6254955555555554e-13,1.625168888888889e-13,0.0,0.0,0.0,0.0,0.0,0.0,0.0,2.2222222222222226e-19,0.0,0.0,0.0,0.0,4.444444444444445e-19,0.0,0.0,0.0,2.2222222222222226e-19,2.2222222222222226e-19,0.0,4.444444444444445e-19,6.666666666666668e-19,8.88888888888889e-19,6.666666666666668e-19,1.2000000000000001e-17,8.444444444444445e-18,8.222222222222223e-18,0.0,2.2222222222222226e-19,0.0,0.0,0.0,0.0,2134.8989252542583,1092.1128941262875,1923.2771131108552,3683.6798449709913,336.37619471449386,823.8081228085994,-1306.5980663186795,-1817.1668009083369,20461.4599999986,1.02307299999993e+24,0.0,0.0
2.975e-05,163806.0,5.4602,3e+22,6663.63,-6918.51,16345.2,3.67996,3.61874,3.61967,0.000997140749,-0.000768082001,0.660872709,0.125578621,0.126549662,0.508241886,0.000665455207,0.00042549472,-0.000501765854,-408.777175,2088.6057,-547.328707,-304.094557,1922.33718,-1151.4342,3759.65079,-5018.65213,13308.298,59500.0,163806.01696,5.460200565,-60.00000000000001,30000 3000,1e-06,2,0.0 0.0259,0.0 0.0,-1.0 0.0,0.00054857 28.0,80000,1000,5e-10,0.0,0.0 0.0 0.0,1000 1000000 0,0,0.0,0,100,0,,20,,1,,,,1.0,10.0,0.1,False,{},,,False,3,mixed,250,300,True,Ar_Aubin,,False,uniform,Argon-Aubin-Test2/20Td,3.0000000000000005e+21,8.1726e+23,0.0,1.629348888888889e-13,1.62904e-13,0.0,0.0,0.0,0.0,0.0,0.0,0.0,0.0,0.0,0.0,0.0,2.2222222222222226e-19,6.666666666666668e-19,4.444444444444445e-19,0.0,0.0,4.444444444444445e-19,4.444444444444445e-19,2.2222222222222226e-19,4.444444444444445e-19,2.2222222222222226e-19,4.444444444444445e-19,1.5555555555555556e-18,9.333333333333335e-18,6.444444444444445e-18,9.555555555555557e-18,0.0,2.2222222222222226e-19,0.0,0.0,2.2222222222222226e-19,0.0,1868.9851880021592,-415.42175200925885,1557.3882968350495,1917.0231969952615,983.7487573566284,2506.201396853201,-633.0301790201289,-1207.787591844225,18630.060000000005,9.315030000000003e+23,0.0,0.0
2.98e-05,163651.0,5.45503,3e+22,669.389,485.663,15837.2,3.62006,3.65612,3.63244,0.000989126458,-0.000871929218,0.661896407,0.125703426,0.126724784,0.509753389,0.000716949795,0.000427555028,-0.000559809647,1889.36121,1570.55181,-1113.71509,-1721.28877,-2214.47756,2844.36843,2009.86446,2443.74418,12432.3426,59600.0,163650.811806,5.45502706,-60.00000000000001,30000 3000,1e-06,2,0.0 0.0259,0.0 0.0,-1.0 0.0,0.00054857 28.0,80000,1000,5e-10,0.0,0.0 0.0 0.0,1000 1000000 0,0,0.0,0,100,0,,20,,1,,,,1.0,10.0,0.1,False,{},,,False,3,mixed,250,300,True,Ar_Aubin,,False,uniform,Argon-Aubin-Test2/20Td,3.0000000000000005e+21,7.9186e+23,0.0,1.6262577777777778e-13,1.625917777777778e-13,0.0,0.0,0.0,0.0,0.0,0.0,0.0,0.0,0.0,0.0,0.0,0.0,0.0,2.2222222222222226e-19,0.0,0.0,0.0,6.666666666666668e-19,2.2222222222222226e-19,1.1111111111111113e-18,2e-18,6.666666666666668e-19,1.777777777777778e-18,9.555555555555557e-18,7.111111111111112e-18,9.777777777777779e-18,0.0,2.2222222222222226e-19,2.2222222222222226e-19,2.2222222222222226e-19,2.2222222222222226e-19,0.0,1248.2091852339395,1888.699099629406,1749.5168939907214,-2214.0540962401983,1573.8690148903167,1949.7568230596007,126.88334854165079,437.4182024740395,20473.96000000035,1.0236980000000176e+24,0.0,0.0
2.985e-05,163707.0,5.45691,3e+22,3746.06,-4483.54,23365.3,3.59924,3.63676,3.67452,0.00103829046,-0.000867545743,0.662935408,0.126015018,0.126894648,0.511266946,0.000713238162,0.000438900154,-0.000618634538,54.4612538,249.318981,-1152.40225,1070.19335,-4.78380811,-1520.511,2152.57303,-1452.80056,16654.7383,59700.0,163707.297323,5.456909911,-60.00000000000001,30000 3000,1e-06,2,0.0 0.0259,0.0 0.0,-1.0 0.0,0.00054857 28.0,80000,1000,5e-10,0.0,0.0 0.0 0.0,1000 1000000 0,0,0.0,0,100,0,,20,,1,,,,1.0,10.0,0.1,False,{},,,False,3,mixed,250,300,True,Ar_Aubin,,False,uniform,Argon-Aubin-Test2/20Td,3.0000000000000005e+21,1.1682650000000001e+24,0.0,1.6228555555555554e-13,1.6225488888888892e-13,0.0,0.0,0.0,0.0,0.0,0.0,2.2222222222222226e-19,2.2222222222222226e-19,0.0,0.0,0.0,0.0,2.2222222222222226e-19,0.0,0.0,0.0,4.444444444444445e-19,2.2222222222222226e-19,0.0,6.666666666666668e-19,1.1111111111111113e-18,2.2222222222222226e-19,8.88888888888889e-19,1.0222222222222223e-17,7.333333333333334e-18,8e-18,0.0,2.2222222222222226e-19,2.2222222222222226e-19,0.0,4.444444444444445e-19,0.0,3114.9232407060026,50.5717554394124,1698.7162494500053,-8.67348415057022,1370.5541938324739,1165.0536114576025,-445.50270207542405,-1507.4850025775181,20780.019999999677,1.039000999999984e+24,0.0,0.0
2.99e-05,163817.0,5.46055,3e+22,-6034.21,8725.26,20243.1,3.64433,3.63697,3.63683,0.00105341615,-0.000949280715,0.664049815,0.126256357,0.12698756,0.51292925,0.000700659775,0.000482915168,-0.000720599657,-5.70882777,-3082.87781,-176.207655,-1562.69877,-1569.82015,-978.821374,-4079.51428,5216.29023,13933.9635,59800.0,163816.555606,5.460551854,-60.00000000000001,30000 3000,1e-06,2,0.0 0.0259,0.0 0.0,-1.0 0.0,0.00054857 28.0,80000,1000,5e-10,0.0,0.0 0.0 0.0,1000 1000000 0,0,0.0,0,100,0,,20,,1,,,,1.0,10.0,0.1,False,{},,,False,3,mixed,250,300,True,Ar_Aubin,,False,uniform,Argon-Aubin-Test2/20Td,3.0000000000000005e+21,1.012155e+24,0.0,1.626028888888889e-13,1.6257066666666668e-13,0.0,0.0,0.0,0.0,0.0,0.0,0.0,0.0,0.0,0.0,0.0,0.0,4.444444444444445e-19,0.0,0.0,0.0,2.2222222222222226e-19,4.444444444444445e-19,0.0,6.666666666666668e-19,8.88888888888889e-19,1.5555555555555556e-18,1.1111111111111113e-18,1.0222222222222223e-17,6.6666666666666674e-18,9.555555555555557e-18,0.0,0.0,0.0,0.0,4.444444444444445e-19,0.0,2413.073614942474,0.6477064964914998,927.6350174031168,-1561.5374289486392,1835.0237859210417,491.53668997349996,656.2744839419056,-270.0303092949139,22288.1400000019,1.114407000000095e+24,0.0,0.0
2.995e-05,163806.0,5.46021,3e+22,-2709.74,-1315.97,15314.9,3.66342,3.60596,3.64965,0.00100568242,-0.000976879575,0.665016404,0.126443113,0.127138508,0.514292486,0.000739443498,0.000464653999,-0.000719337041,-259.422808,622.795466,3670.92737,-1027.25105,4597.04873,-43.4211611,-3410.75571,-1041.72883,10322.4007,59900.0,163806.228873,5.460207629,-60.00000000000001,30000 3000,1e-06,2,0.0 0.0259,0.0 0.0,-1.0 0.0,0.00054857 28.0,80000,1000,5e-10,0.0,0.0 0.0 0.0,1000 1000000 0,0,0.0,0,100,0,,20,,1,,,,1.0,10.0,0.1,False,{},,,False,3,mixed,250,300,True,Ar_Aubin,,False,uniform,Argon-Aubin-Test2/20Td,3.0000000000000005e+21,7.65745e+23,4.444444444444444e-19,1.6228333333333333e-13,1.6225422222222224e-13,2.2222222222222226e-19,0.0,0.0,0.0,0.0,2.2222222222222226e-19,0.0,0.0,0.0,0.0,0.0,0.0,6.666666666666668e-19,2.2222222222222226e-19,0.0,0.0,4.444444444444445e-19,4.444444444444445e-19,2.2222222222222226e-19,4.444444444444445e-19,6.666666666666668e-19,1.3333333333333336e-18,8.88888888888889e-19,7.333333333333334e-18,6.0000000000000004e-18,9.111111111111112e-18,0.0,0.0,0.0,2.2222222222222226e-19,2.2222222222222226e-19,4.444444444444445e-19,1868.5428845516274,-256.6976701192292,1508.9484017183354,4595.763185785688,785.7521244314381,137.7409743804019,249.2864802218942,2046.7912848809017,19331.779999998133,9.665889999999067e+23,2.29903529030688e-23,2.9020394807961163e-23
3e-05,164075.0,5.46916,3e+22,2808.93,-2288.73,21948.2,3.63989,3.66901,3.62661,0.000945489842,-0.00087515405,0.666046379,0.126670399,0.127353801,0.515765326,0.000734073719,0.000446082188,-0.000677351749,2773.19306,-2548.89609,-799.618778,-135.545838,2967.78133,-236.166949,1519.74662,-1441.12646,16918.587,60000.0,164074.703374,5.469156779,-60.00000000000001,30000 3000,1e-06,2,0.0 0.0259,0.0 0.0,-1.0 0.0,0.00054857 28.0,80000,1000,5e-10,0.0,0.0 0.0 0.0,1000 1000000 0,0,0.0,0,100,0,,20,,1,,,,1.0,10.0,0.1,False,{},,,False,3,mixed,250,300,True,Ar_Aubin,,False,uniform,Argon-Aubin-Test2/20Td,3.0000000000000005e+21,1.0974100000000001e+24,0.0,1.6259466666666665e-13,1.6256800000000001e-13,0.0,0.0,0.0,0.0,0.0,0.0,0.0,0.0,0.0,0.0,0.0,0.0,2.2222222222222226e-19,2.2222222222222226e-19,0.0,0.0,2.2222222222222226e-19,2.2222222222222226e-19,0.0,4.444444444444445e-19,8.88888888888889e-19,4.444444444444445e-19,2.2222222222222226e-18,4.888888888888889e-18,6.6666666666666674e-18,1e-17,0.0,0.0,0.0,0.0,2.2222222222222226e-19,0.0,2274.034460885699,2770.537245218111,2154.8139909280394,2965.7783386711435,1018.7861007954214,2300.0678644321997,409.6681973807096,-1171.5016135146543,20599.500000000327,1.0299750000000164e+24,0.0,0.0
3.005e-05,164158.0,5.47192,3e+22,1722.09,3453.66,20570.4,3.66689,3.61216,3.6623,0.000879355514,-0.000815027287,0.667063377,0.126951628,0.127594212,0.517247854,0.000721211559,0.000416863018,-0.000717433225,3581.78467,3670.32555,-309.005997,2985.93398,-2063.74814,-962.801074,2228.83077,2605.65715,14983.083,60100.0,164157.632782,5.471921093,-60.00000000000001,30000 3000,1e-06,2,0.0 0.0259,0.0 0.0,-1.0 0.0,0.00054857 28.0,80000,1000,5e-10,0.0,0.0 0.0 0.0,1000 1000000 0,0,0.0,0,100,0,,20,,1,,,,1.0,10.0,0.1,False,{},,,False,3,mixed,250,300,True,Ar_Aubin,,False,uniform,Argon-Aubin-Test2/20Td,3.0000000000000005e+21,1.02852e+24,0.0,1.628591111111111e-13,1.6282977777777778e-13,0.0,0.0,0.0,0.0,0.0,0.0,0.0,0.0,0.0,0.0,0.0,0.0,8.88888888888889e-19,2.2222222222222226e-19,2.2222222222222226e-19,0.0,2.2222222222222226e-19,4.444444444444445e-19,0.0,1.1111111111111113e-18,1.1111111111111113e-18,4.444444444444445e-19,6.666666666666668e-19,9.333333333333335e-18,7.555555555555556e-18,6.6666666666666674e-18,0.0,0.0,0.0,2.2222222222222226e-19,2.2222222222222226e-19,0.0,2813.4968492135595,3580.2703406628957,2405.126251326939,-2060.9333128599797,1267.5804436745875,1261.3225097592003,278.70113785942846,752.9929074368845,20339.959999999825,1.0169979999999912e+24,0.0,0.0
3.01e-05,164396.0,5.47985,3e+22,6495.64,1242.25,20062.2,3.61428,3.66411,3.67877,0.000948838376,-0.00090358826,0.668185877,0.127255554,0.127776076,0.518963816,0.000726644818,0.00049633614,-0.000733691841,2908.13536,4381.31085,-1344.55181,2367.65803,1716.79517,-2084.80786,2352.09796,2376.00263,15226.6759,60200.0,164395.641971,5.479854732,-60.00000000000001,30000 3000,1e-06,2,0.0 0.0259,0.0 0.0,-1.0 0.0,0.00054857 28.0,80000,1000,5e-10,0.0,0.0 0.0 0.0,1000 1000000 0,0,0.0,0,100,0,,20,,1,,,,1.0,10.0,0.1,False,{},,,False,3,mixed,250,300,True,Ar_Aubin,,False,uniform,Argon-Aubin-Test2/20Td,3.0000000000000005e+21,1.00311e+24,0.0,1.6297111111111112e-13,1.6294111111111112e-13,0.0,0.0,0.0,0.0,0.0,0.0,0.0,0.0,0.0,0.0,0.0,0.0,6.666666666666668e-19,1.1111111111111113e-18,0.0,0.0,2.2222222222222226e-19,2.2222222222222226e-19,0.0,1.1111111111111113e-18,6.666666666666668e-19,4.444444444444445e-19,1.5555555555555556e-18,8.666666666666667e-18,6.2222222222222225e-18,8.88888888888889e-18,0.0,0.0,0.0,0.0,2.2222222222222226e-19,0.0,3037.9897185620066,2901.9720474913197,1817.1179773493475,1717.917652515985,2171.4471238498677,1821.3971984506006,641.171567071898,-3351.784545343267,22450.000000000528,1.1225000000000266e+24,0.0,0.0
3.015e-05,164506.0,5.48354,3e+22,401.4,-686.878,18840.3,3.65831,3.64912,3.65763,0.000946668574,-0.00102253898,0.669227153,0.127488989,0.128061913,0.520559813,0.00078122973,0.000502741243,-0.000826902763,1268.66319,1262.16129,3858.84396,658.301023,3395.9667,-1022.04764,1099.23462,2329.39833,16312.1712,60300.0,164506.160917,5.483538697,-60.00000000000001,30000 3000,1e-06,2,0.0 0.0259,0.0 0.0,-1.0 0.0,0.00054857 28.0,80000,1000,5e-10,0.0,0.0 0.0 0.0,1000 1000000 0,0,0.0,0,100,0,,20,,1,,,,1.0,10.0,0.1,False,{},,,False,3,mixed,250,300,True,Ar_Aubin,,False,uniform,Argon-Aubin-Test2/20Td,3.0000000000000005e+21,9.42015e+23,0.0,1.634351111111111e-13,1.6340533333333335e-13,0.0,0.0,0.0,0.0,0.0,0.0,0.0,0.0,0.0,0.0,0.0,0.0,6.666666666666668e-19,2.2222222222222226e-19,0.0,0.0,0.0,6.666666666666668e-19,0.0,4.444444444444445e-19,4.444444444444445e-19,2.2222222222222226e-19,1.1111111111111113e-18,8.666666666666667e-18,7.555555555555556e-18,9.111111111111112e-18,0.0,0.0,2.2222222222222226e-19,0.0,4.444444444444445e-19,0.0,2334.391128747948,1268.2831972343963,2856.078857779998,3395.2643404704954,2033.8090977367608,3703.7308693341,137.38381572451922,4671.615280851068,20825.52000000071,1.0412760000000356e+24,0.0,0.0
3.02e-05,164519.0,5.48398,3e+22,-8673.35,-982.596,20551.6,3.65474,3.63441,3.67597,0.00087699418,-0.00108612038,0.67017367,0.127691837,0.128191884,0.521999789,0.000789118182,0.000520016274,-0.000867732709,1875.66504,-477.909374,547.304802,863.897033,105.98752,1746.97949,-6116.55696,-2332.42849,14169.6838,60400.0,164519.266807,5.48397556,-60.00000000000001,30000 3000,1e-06,2,0.0 0.0259,0.0 0.0,-1.0 0.0,0.00054857 28.0,80000,1000,5e-10,0.0,0.0 0.0 0.0,1000 1000000 0,0,0.0,0,100,0,,20,,1,,,,1.0,10.0,0.1,False,{},,,False,3,mixed,250,300,True,Ar_Aubin,,False,uniform,Argon-Aubin-Test2/20Td,3.0000000000000005e+21,1.02758e+24,0.0,1.6374377777777776e-13,1.6371533333333335e-13,0.0,0.0,0.0,0.0,0.0,0.0,4.444444444444445e-19,0.0,0.0,0.0,0.0,0.0,6.666666666666668e-19,2.2222222222222226e-19,0.0,2.2222222222222226e-19,2.2222222222222226e-19,2.2222222222222226e-19,8.88888888888889e-19,2.2222222222222226e-19,6.666666666666668e-19,2.2222222222222226e-19,2.2222222222222226e-18,6.6666666666666674e-18,5.333333333333334e-18,1.0222222222222223e-17,0.0,0.0,0.0,0.0,0.0,0.0,2029.7506259722709,1883.2715174711032,1298.3692848578255,104.92030245909352,1722.103512165063,396.5426036280005,1261.4587486669823,225.3750091048123,18930.340000000713,9.465170000000357e+23,0.0,0.0
3.025e-05,164414.0,5.48045,3e+22,-5324.93,-13911.5,17725.2,3.69462,3.61857,3.64467,0.000870691858,-0.00105137572,0.671233354,0.127886845,0.128420777,0.523531337,0.000752290786,0.000520264099,-0.00086238619,5096.82458,-2857.91769,-205.214629,2386.96056,-960.257137,-952.409279,-2075.88781,-8972.92638,12259.6151,60500.0,164413.548536,5.480451618,-60.00000000000001,30000 3000,1e-06,2,0.0 0.0259,0.0 0.0,-1.0 0.0,0.00054857 28.0,80000,1000,5e-10,0.0,0.0 0.0 0.0,1000 1000000 0,0,0.0,0,100,0,,20,,1,,,,1.0,10.0,0.1,False,{},,,False,3,mixed,250,300,True,Ar_Aubin,,False,uniform,Argon-Aubin-Test2/20Td,3.0000000000000005e+21,8.8626e+23,0.0,1.6368999999999998e-13,1.636557777777778e-13,0.0,0.0,0.0,0.0,2.2222222222222226e-19,0.0,0.0,4.444444444444445e-19,0.0,0.0,0.0,0.0,6.666666666666668e-19,4.444444444444445e-19,0.0,2.2222222222222226e-19,2.2222222222222226e-19,6.666666666666668e-19,2.2222222222222226e-19,1.1111111111111113e-18,4.444444444444445e-19,1.1111111111111113e-18,1.3333333333333336e-18,1.0444444444444445e-17,8.444444444444445e-18,7.777777777777779e-18,0.0,0.0,4.444444444444445e-19,0.0,0.0,0.0,1950.1901448018555,5101.46095319542,2289.6726657523072,-974.8833503287799,1100.8043917970501,361.8696536792013,70.97634066818111,1277.734997393798,21193.679999997883,1.0596839999998941e+24,0.0,0.0
3.03e-05,164602.0,5.48673,3e+22,-3484.34,3122.66,25664.5,3.66618,3.67418,3.62922,0.00081339093,-0.00106756909,0.672324919,0.128105728,0.128621105,0.525135392,0.000764798478,0.000516986248,-0.000880270409,425.888899,-541.307433,329.50019,-3811.87713,1718.48611,-1676.68298,-3953.74037,1314.65933,18967.2447,60600.0,164601.766336,5.486725545,-60.00000000000001,30000 3000,1e-06,2,0.0 0.0259,0.0 0.0,-1.0 0.0,0.00054857 28.0,80000,1000,5e-10,0.0,0.0 0.0 0.0,1000 1000000 0,0,0.0,0,100,0,,20,,1,,,,1.0,10.0,0.1,False,{},,,False,3,mixed,250,300,True,Ar_Aubin,,False,uniform,Argon-Aubin-Test2/20Td,3.0000000000000005e+21,1.283225e+24,0.0,1.6362088888888888e-13,1.6359111111111112e-13,0.0,0.0,0.0,0.0,0.0,0.0,0.0,0.0,0.0,0.0,2.2222222222222226e-19,0.0,6.666666666666668e-19,2.2222222222222226e-19,0.0,0.0,0.0,1.3333333333333336e-18,0.0,8.88888888888889e-19,6.666666666666668e-19,8.88888888888889e-19,1.777777777777778e-18,8.88888888888889e-18,4.888888888888889e-18,8.666666666666667e-18,0.0,0.0,0.0,2.2222222222222226e-19,4.444444444444445e-19,0.0,2189.7949950658303,428.72302955303616,2002.9368714269415,1721.8197652945794,1374.738137326914,1712.3618163244973,685.9314803649391,-1302.5068432545245,21831.300000001444,1.0915650000000721e+24,0.0,0.0
3.035e-05,164674.0,5.48912,3e+22,-5752.73,1791.42,18443.0,3.65128,3.63634,3.68847,0.000757418668,-0.000937286899,0.673344988,0.128299406,0.128867819,0.526633628,0.000721442499,0.000455957732,-0.000791190099,1796.83507,2055.47813,-164.656317,963.913144,5135.53038,-2212.41737,-5275.40935,764.708863,13813.9524,60700.0,164673.576328,5.489119211,-60.00000000000001,30000 3000,1e-06,2,0.0 0.0259,0.0 0.0,-1.0 0.0,0.00054857 28.0,80000,1000,5e-10,0.0,0.0 0.0 0.0,1000 1000000 0,0,0.0,0,100,0,,20,,1,,,,1.0,10.0,0.1,False,{},,,False,3,mixed,250,300,True,Ar_Aubin,,False,uniform,Argon-Aubin-Test2/20Td,3.0000000000000005e+21,9.2215e+23,2.222222222222222e-19,1.6382733333333333e-13,1.6379777777777778e-13,0.0,0.0,0.0,0.0,0.0,0.0,2.2222222222222226e-19,0.0,0.0,0.0,0.0,0.0,8.88888888888889e-19,6.666666666666668e-19,0.0,0.0,2.2222222222222226e-19,4.444444444444445e-19,0.0,6.666666666666668e-19,8.88888888888889e-19,4.444444444444445e-19,8.88888888888889e-19,9.111111111111112e-18,6.6666666666666674e-18,7.777777777777779e-18,0.0,2.2222222222222226e-19,0.0,2.2222222222222226e-19,0.0,2.2222222222222226e-19,1937.659217663701,1801.1922950939638,2469.7519703087423,5137.209454496607,1255.5984363649131,1395.4507863159997,-483.3917757570252,-1580.462826676684,20401.37999999914,1.020068999999957e+24,1.0892509341144158e-23,1.2049136378150096e-23
3.04e-05,164626.0,5.48753,3e+22,2270.83,-4947.25,12875.0,3.6434,3.65713,3.67342,0.00089181433,-0.000989552598,0.674336767,0.128440585,0.129117507,0.52805109,0.0008360134,0.000554954779,-0.000833281861,1601.36308,4656.71647,2099.21903,-429.965547,2549.99862,248.289873,3057.02698,-3672.86225,9397.5479,60800.0,164625.920153,5.487530672,-60.00000000000001,30000 3000,1e-06,2,0.0 0.0259,0.0 0.0,-1.0 0.0,0.00054857 28.0,80000,1000,5e-10,0.0,0.0 0.0 0.0,1000 1000000 0,0,0.0,0,100,0,,20,,1,,,,1.0,10.0,0.1,False,{},,,False,3,mixed,250,300,True,Ar_Aubin,,False,uniform,Argon-Aubin-Test2/20Td,3.0000000000000005e+21,6.437500000000001e+23,0.0,1.639268888888889e-13,1.6389600000000003e-13,0.0,0.0,0.0,0.0,0.0,0.0,0.0,4.444444444444445e-19,0.0,2.2222222222222226e-19,0.0,0.0,4.444444444444445e-19,4.444444444444445e-19,0.0,0.0,2.2222222222222226e-19,4.444444444444445e-19,4.444444444444445e-19,4.444444444444445e-19,8.88888888888889e-19,8.88888888888889e-19,1.1111111111111113e-18,9.777777777777779e-18,6.444444444444445e-18,8.444444444444445e-18,0.0,2.2222222222222226e-19,0.0,0.0,0.0,0.0,1409.5735023941793,1599.3379212650061,2495.872923868048,2545.1030559095443,808.5953670772251,715.4620248749998,152.35837717929692,3613.4597398946407,19835.58000000052,9.91779000000026e+23,0.0,0.0
3.045e-05,164780.0,5.49266,3e+22,-5523.71,-2984.96,24790.0,3.65814,3.68212,3.64134,0.000846274103,-0.0010958548,0.675372617,0.12862043,0.129443966,0.529563731,0.000905572949,0.000567526168,-0.000873556139,1217.17027,3430.36448,788.641188,1426.52746,4541.3623,-1987.03154,-2467.60238,-2067.79537,19831.7093,60900.0,164779.766626,5.492658888,-60.00000000000001,30000 3000,1e-06,2,0.0 0.0259,0.0 0.0,-1.0 0.0,0.00054857 28.0,80000,1000,5e-10,0.0,0.0 0.0 0.0,1000 1000000 0,0,0.0,0,100,0,,20,,1,,,,1.0,10.0,0.1,False,{},,,False,3,mixed,250,300,True,Ar_Aubin,,False,uniform,Argon-Aubin-Test2/20Td,3.0000000000000005e+21,1.2395000000000001e+24,0.0,1.6385955555555554e-13,1.638308888888889e-13,0.0,0.0,0.0,0.0,0.0,2.2222222222222226e-19,0.0,0.0,0.0,0.0,2.2222222222222226e-19,0.0,1.1111111111111113e-18,2.2222222222222226e-19,0.0,0.0,0.0,6.666666666666668e-19,4.444444444444445e-19,2.2222222222222226e-19,4.444444444444445e-19,4.444444444444445e-19,2e-18,7.111111111111112e-18,7.777777777777779e-18,6.8888888888888895e-18,0.0,0.0,0.0,0.0,8.88888888888889e-19,0.0,1799.241529417961,1221.8448427254823,3262.373166015298,4538.091217256192,1145.4453458370485,3089.2221245699984,848.084508280674,2030.6221512357001,20716.99999999899,1.0358499999999495e+24,0.0,0.0
3.05e-05,164639.0,5.48796,3e+22,9853.14,387.519,13806.4,3.62487,3.67911,3.6703,0.00101151882,-0.00114915497,0.676348883,0.128833679,0.129775404,0.53109443,0.000993445722,0.000727296048,-0.000934418778,4478.42479,-64.9623493,-428.241556,1084.46787,2182.13274,-2799.61219,7111.52396,-195.065215,13549.537,61000.0,164638.830136,5.487961005,-60.00000000000001,30000 3000,1e-06,2,0.0 0.0259,0.0 0.0,-1.0 0.0,0.00054857 28.0,80000,1000,5e-10,0.0,0.0 0.0 0.0,1000 1000000 0,0,0.0,0,100,0,,20,,1,,,,1.0,10.0,0.1,False,{},,,False,3,mixed,250,300,True,Ar_Aubin,,False,uniform,Argon-Aubin-Test2/20Td,3.0000000000000005e+21,6.9032e+23,0.0,1.6408555555555554e-13,1.6405333333333336e-13,0.0,0.0,0.0,0.0,0.0,0.0,0.0,0.0,0.0,0.0,0.0,2.2222222222222226e-19,2.2222222222222226e-19,2.2222222222222226e-19,2.2222222222222226e-19,0.0,0.0,1.1111111111111113e-18,2.2222222222222226e-19,1.1111111111111113e-18,6.666666666666668e-19,2.2222222222222226e-19,1.777777777777778e-18,8.222222222222223e-18,9.555555555555557e-18,7.777777777777779e-18,0.0,2.2222222222222226e-19,0.0,2.2222222222222226e-19,2.2222222222222226e-19,0.0,2129.420095342005,4468.458153453906,3313.1834059763055,2182.5780593848194,2110.5925808101447,4211.593781748801,943.6122320391873,5.156737520933348,19525.32000000007,9.762660000000035e+23,0.0,0.0
3.055e-05,164549.0,5.48498,3e+22,-3171.49,-5454.71,18413.5,3.63031,3.67229,3.66521,0.00112873797,-0.00130086896,0.677421162,0.12904584,0.129970892,0.532664998,0.00101698091,0.000784479057,-0.00100477033,3526.28943,3376.03353,-1834.75243,-1828.18176,1956.1177,2520.01259,-2254.02906,-4441.71419,13664.27,61100.0,164549.368458,5.484978949,-60.00000000000001,30000 3000,1e-06,2,0.0 0.0259,0.0 0.0,-1.0 0.0,0.00054857 28.0,80000,1000,5e-10,0.0,0.0 0.0 0.0,1000 1000000 0,0,0.0,0,100,0,,20,,1,,,,1.0,10.0,0.1,False,{},,,False,3,mixed,250,300,True,Ar_Aubin,,False,uniform,Argon-Aubin-Test2/20Td,3.0000000000000005e+21,9.206750000000001e+23,0.0,1.6380955555555555e-13,1.637748888888889e-13,0.0,0.0,0.0,0.0,0.0,0.0,0.0,0.0,0.0,0.0,2.2222222222222226e-19,0.0,8.88888888888889e-19,2.2222222222222226e-19,2.2222222222222226e-19,0.0,4.444444444444445e-19,8.88888888888889e-19,2.2222222222222226e-19,2.2222222222222226e-19,4.444444444444445e-19,2.2222222222222226e-19,4.444444444444445e-19,1.0222222222222223e-17,8.444444444444445e-18,1.1333333333333335e-17,0.0,0.0,0.0,0.0,2.2222222222222226e-19,0.0,2119.1012091828497,3529.8692111844753,1951.1629709398348,1949.0218370751984,1189.4880991736302,1190.5754335130005,-466.16708380886047,-1961.131065539215,21445.580000001297,1.072279000000065e+24,0.0,0.0
3.06e-05,163993.0,5.46645,3e+22,8364.17,2815.8,11215.6,3.67443,3.60511,3.65219,0.00107187743,-0.00135964434,0.678346412,0.129377881,0.130093739,0.534072163,0.000961062022,0.000788620153,-0.00103905572,2773.29543,-1151.16939,-653.740608,-1133.70705,1767.38932,-1963.24803,5805.09488,1287.73164,6758.30207,61200.0,163993.448121,5.466448271,-60.00000000000001,30000 3000,1e-06,2,0.0 0.0259,0.0 0.0,-1.0 0.0,0.00054857 28.0,80000,1000,5e-10,0.0,0.0 0.0 0.0,1000 1000000 0,0,0.0,0,100,0,,20,,1,,,,1.0,10.0,0.1,False,{},,,False,3,mixed,250,300,True,Ar_Aubin,,False,uniform,Argon-Aubin-Test2/20Td,3.0000000000000005e+21,5.6078e+23,0.0,1.638831111111111e-13,1.6384466666666667e-13,0.0,0.0,0.0,0.0,0.0,0.0,0.0,0.0,0.0,2.2222222222222226e-19,0.0,0.0,8.88888888888889e-19,0.0,0.0,0.0,0.0,2.2222222222222226e-19,0.0,0.0,8.88888888888889e-19,0.0,1.777777777777778e-18,1.1333333333333335e-17,1.0222222222222223e-17,1.1555555555555557e-17,0.0,2.2222222222222226e-19,2.2222222222222226e-19,0.0,8.88888888888889e-19,0.0,3321.6612817998925,2764.330064956317,1226.9062731981585,1771.217806532572,1527.4105215656864,-849.7599484272005,833.3574897328002,-534.4721853619485,18504.99999999977,9.252499999999886e+23,0.0,0.0
3.065e-05,164143.0,5.47145,3e+22,-756.146,4047.73,15897.6,3.63988,3.66527,3.63621,0.00105468423,-0.00117764957,0.679297432,0.129606989,0.130301974,0.535466661,0.000947247837,0.000690392763,-0.000881044998,581.029897,-521.330781,-1050.12906,953.684869,1495.56453,-788.231953,-1922.92186,2619.21739,11089.7099,61300.0,164143.419469,5.471447316,-60.00000000000001,30000 3000,1e-06,2,0.0 0.0259,0.0 0.0,-1.0 0.0,0.00054857 28.0,80000,1000,5e-10,0.0,0.0 0.0 0.0,1000 1000000 0,0,0.0,0,100,0,,20,,1,,,,1.0,10.0,0.1,False,{},,,False,3,mixed,250,300,True,Ar_Aubin,,False,uniform,Argon-Aubin-Test2/20Td,3.0000000000000005e+21,7.948800000000001e+23,0.0,1.6292422222222223e-13,1.6289844444444446e-13,0.0,0.0,0.0,0.0,0.0,0.0,2.2222222222222226e-19,2.2222222222222226e-19,0.0,0.0,0.0,2.2222222222222226e-19,2.2222222222222226e-19,0.0,0.0,0.0,2.2222222222222226e-19,6.666666666666668e-19,0.0,8.88888888888889e-19,8.88888888888889e-19,1.1111111111111113e-18,0.0,6.0000000000000004e-18,5.333333333333334e-18,9.555555555555557e-18,0.0,0.0,0.0,0.0,2.2222222222222226e-19,0.0,2291.4456239991887,581.8273922617776,2086.9677422152845,1500.3313374939762,1033.5155147900289,290.51104503679926,-1751.3494053123252,-2476.169831997776,19020.400000000493,9.510200000000247e+23,0.0,0.0
3.07e-05,164083.0,5.46942,3e+22,-2223.63,-2854.09,15291.0,3.65964,3.60685,3.67095,0.000880748101,-0.00111079072,0.680249763,0.129806739,0.130482686,0.536849679,0.000972843857,0.000604319508,-0.000880486949,841.077784,512.061762,1514.29683,1352.24664,1361.29025,-1626.93137,-103.0751,-1005.41715,10171.4502,61400.0,164082.62466,5.469420822,-60.00000000000001,30000 3000,1e-06,2,0.0 0.0259,0.0 0.0,-1.0 0.0,0.00054857 28.0,80000,1000,5e-10,0.0,0.0 0.0 0.0,1000 1000000 0,0,0.0,0,100,0,,20,,1,,,,1.0,10.0,0.1,False,{},,,False,3,mixed,250,300,True,Ar_Aubin,,False,uniform,Argon-Aubin-Test2/20Td,3.0000000000000005e+21,7.6455e+23,0.0,1.6316155555555554e-13,1.6313133333333335e-13,0.0,0.0,0.0,0.0,0.0,0.0,0.0,0.0,0.0,0.0,0.0,0.0,2.2222222222222226e-19,0.0,0.0,0.0,0.0,4.444444444444445e-19,2.2222222222222226e-19,6.666666666666668e-19,4.444444444444445e-19,6.666666666666668e-19,1.3333333333333336e-18,1.0222222222222223e-17,6.2222222222222225e-18,9.555555555555557e-18,0.0,0.0,2.2222222222222226e-19,0.0,0.0,0.0,2000.8664160761637,843.0362418998266,1808.6500248609696,1358.1199533139552,882.7906023861632,-230.24892603300032,624.8469408389454,2910.3779912872988,19046.61999999835,9.523309999999177e+23,0.0,0.0
3.075e-05,164216.0,5.47387,3e+22,3901.14,-5051.79,16137.5,3.64539,3.66824,3.63239,0.000906311139,-0.00124482522,0.681265613,0.129933559,0.130618396,0.538381258,0.000972144466,0.000617189478,-0.000951617727,908.558339,-619.949782,2242.10345,289.6959,434.255288,-1141.88535,2823.87843,-2394.51715,12179.4228,61500.0,164215.967167,5.473865572,-60.00000000000001,30000 3000,1e-06,2,0.0 0.0259,0.0 0.0,-1.0 0.0,0.00054857 28.0,80000,1000,5e-10,0.0,0.0 0.0 0.0,1000 1000000 0,0,0.0,0,100,0,,20,,1,,,,1.0,10.0,0.1,False,{},,,False,3,mixed,250,300,True,Ar_Aubin,,False,uniform,Argon-Aubin-Test2/20Td,3.0000000000000005e+21,8.06875e+23,0.0,1.6336333333333334e-13,1.633348888888889e-13,0.0,2.2222222222222226e-19,0.0,0.0,0.0,0.0,0.0,0.0,0.0,0.0,0.0,0.0,2.2222222222222226e-19,0.0,2.2222222222222226e-19,0.0,2.2222222222222226e-19,1.1111111111111113e-18,4.444444444444445e-19,2.2222222222222226e-19,6.666666666666668e-19,4.444444444444445e-19,1.1111111111111113e-18,7.777777777777779e-18,6.0000000000000004e-18,9.333333333333335e-18,0.0,0.0,2.2222222222222226e-19,0.0,2.2222222222222226e-19,0.0,1267.7431733673639,905.0226923632016,1353.9426619529893,427.9666924018562,1484.8360529035044,1185.4989702125004,-108.7991342322626,2393.643750495568,20317.000000000808,1.0158500000000404e+24,0.0,0.0
3.08e-05,164315.0,5.47718,3e+22,3067.75,-3197.3,10647.6,3.64267,3.65236,3.65857,0.00084641119,-0.0011643327,0.682363179,0.130138801,0.130869743,0.540029691,0.000981346061,0.00055898742,-0.000874483291,3963.27358,-118.673506,631.889411,1847.78067,3957.23121,-1646.10247,2859.0364,-2035.32657,8709.39392,61600.0,164315.283989,5.477176133,-60.00000000000001,30000 3000,1e-06,2,0.0 0.0259,0.0 0.0,-1.0 0.0,0.00054857 28.0,80000,1000,5e-10,0.0,0.0 0.0 0.0,1000 1000000 0,0,0.0,0,100,0,,20,,1,,,,1.0,10.0,0.1,False,{},,,False,3,mixed,250,300,True,Ar_Aubin,,False,uniform,Argon-Aubin-Test2/20Td,3.0000000000000005e+21,5.3238000000000005e+23,0.0,1.632828888888889e-13,1.632508888888889e-13,0.0,0.0,0.0,0.0,0.0,0.0,0.0,0.0,0.0,0.0,0.0,0.0,0.0,4.444444444444445e-19,0.0,0.0,2.2222222222222226e-19,0.0,0.0,6.666666666666668e-19,1.1111111111111113e-18,8.88888888888889e-19,1.5555555555555556e-18,8.222222222222223e-18,7.555555555555556e-18,1.088888888888889e-17,0.0,0.0,2.2222222222222226e-19,2.2222222222222226e-19,0.0,0.0,2053.4698797811116,3960.6770020718777,2515.4091919207813,3953.50848905829,1517.6040127967694,1443.8637352796004,-366.4654934001964,1388.593920836106,21951.319999999887,1.0975659999999945e+24,0.0,0.0
3.085e-05,163987.0,5.46624,3e+22,-13280.7,-2195.79,25048.9,3.61784,3.65576,3.65428,0.000956236257,-0.00114396931,0.683270627,0.130414123,0.131171518,0.54143811,0.00100914474,0.000607301846,-0.000820416033,2482.28346,2319.1697,-3323.57362,2566.40635,61.5578055,-4921.69597,-8937.17841,981.37381,17003.7355,61700.0,163987.170532,5.466239018,-60.00000000000001,30000 3000,1e-06,2,0.0 0.0259,0.0 0.0,-1.0 0.0,0.00054857 28.0,80000,1000,5e-10,0.0,0.0 0.0 0.0,1000 1000000 0,0,0.0,0,100,0,,20,,1,,,,1.0,10.0,0.1,False,{},,,False,3,mixed,250,300,True,Ar_Aubin,,False,uniform,Argon-Aubin-Test2/20Td,3.0000000000000005e+21,1.252445e+24,0.0,1.6299999999999999e-13,1.6296666666666667e-13,2.2222222222222226e-19,2.2222222222222226e-19,2.2222222222222226e-19,0.0,0.0,0.0,0.0,2.2222222222222226e-19,0.0,0.0,0.0,2.2222222222222226e-19,4.444444444444445e-19,4.444444444444445e-19,0.0,0.0,0.0,6.666666666666668e-19,2.2222222222222226e-19,8.88888888888889e-19,4.444444444444445e-19,2.2222222222222226e-19,1.1111111111111113e-18,1.0222222222222223e-17,6.8888888888888895e-18,1.0222222222222223e-17,0.0,2.2222222222222226e-19,0.0,0.0,2.2222222222222226e-19,0.0,2751.240241233577,2494.98294685834,3018.22004854041,59.0458891287951,1691.7733401294877,-111.44210866029971,-549.8778106190032,-3210.392480379067,18148.959999999548,9.074479999999775e+23,0.0,0.0
3.09e-05,163966.0,5.46552,3e+22,-1838.64,5289.22,19000.6,3.61128,3.64836,3.66916,0.000864942336,-0.00116784,0.684247669,0.130677339,0.131372182,0.542916178,0.0009705227,0.000506014275,-0.000879150808,2095.55753,1413.23252,3024.95989,-962.518167,-242.292932,128.723694,-1485.49568,4110.88792,15516.212,61800.0,163965.50368,5.465516789,-60.00000000000001,30000 3000,1e-06,2,0.0 0.0259,0.0 0.0,-1.0 0.0,0.00054857 28.0,80000,1000,5e-10,0.0,0.0 0.0 0.0,1000 1000000 0,0,0.0,0,100,0,,20,,1,,,,1.0,10.0,0.1,False,{},,,False,3,mixed,250,300,True,Ar_Aubin,,False,uniform,Argon-Aubin-Test2/20Td,3.0000000000000005e+21,9.500300000000001e+23,0.0,1.630651111111111e-13,1.6303488888888891e-13,0.0,0.0,0.0,0.0,0.0,0.0,0.0,0.0,0.0,0.0,0.0,0.0,2.2222222222222226e-19,2.2222222222222226e-19,0.0,0.0,0.0,4.444444444444445e-19,2.2222222222222226e-19,6.666666666666668e-19,6.666666666666668e-19,0.0,1.3333333333333336e-18,9.333333333333335e-18,7.777777777777779e-18,8.666666666666667e-18,0.0,2.2222222222222226e-19,0.0,0.0,4.444444444444445e-19,0.0,2633.822625345839,2097.147847576663,2006.0881551661748,-236.1159693152,1419.4518903953847,2515.0957403986013,-795.084026937831,2781.1149207807584,19540.840000000782,9.770420000000391e+23,0.0,0.0
3.095e-05,163642.0,5.45474,3e+22,-6803.73,3778.14,14763.1,3.62034,3.63653,3.65104,0.000892465304,-0.00116338916,0.685248633,0.130881369,0.131525778,0.544426134,0.00100503793,0.00058690194,-0.000839073366,1797.03252,752.048786,1389.3261,-1814.84376,776.567353,-1570.12322,-5444.9536,3006.04001,8333.05981,61900.0,163642.335679,5.454744523,-60.00000000000001,30000 3000,1e-06,2,0.0 0.0259,0.0 0.0,-1.0 0.0,0.00054857 28.0,80000,1000,5e-10,0.0,0.0 0.0 0.0,1000 1000000 0,0,0.0,0,100,0,,20,,1,,,,1.0,10.0,0.1,False,{},,,False,3,mixed,250,300,True,Ar_Aubin,,False,uniform,Argon-Aubin-Test2/20Td,3.0000000000000005e+21,7.381550000000001e+23,0.0,1.6299622222222222e-13,1.629597777777778e-13,0.0,0.0,0.0,0.0,0.0,0.0,0.0,0.0,0.0,0.0,2.2222222222222226e-19,0.0,6.666666666666668e-19,0.0,0.0,0.0,0.0,1.3333333333333336e-18,6.666666666666668e-19,8.88888888888889e-19,6.666666666666668e-19,2.2222222222222226e-19,4.444444444444445e-19,1.3777777777777779e-17,7.555555555555556e-18,9.555555555555557e-18,0.0,2.2222222222222226e-19,0.0,2.2222222222222226e-19,0.0,0.0,2039.8163092577581,1803.104612962784,1536.0637592801152,780.9628001209625,1391.395035647558,-1783.3342838422996,1223.236253229704,593.443627271608,20019.280000000974,1.0009640000000489e+24,0.0,0.0
3.1e-05,163627.0,5.45422,3e+22,6675.56,4106.02,20858.6,3.61802,3.64226,3.64534,0.000866625417,-0.00119463922,0.686398818,0.131040736,0.131835147,0.546163248,0.00104376334,0.000596419515,-0.000890120883,2210.17589,2431.94989,-349.783952,-1719.53201,212.567969,459.702249,3954.768,3418.02453,13437.3469,62000.0,163626.543816,5.454218127,-60.00000000000001,30000 3000,1e-06,2,0.0 0.0259,0.0 0.0,-1.0 0.0,0.00054857 28.0,80000,1000,5e-10,0.0,0.0 0.0 0.0,1000 1000000 0,0,0.0,0,100,0,,20,,1,,,,1.0,10.0,0.1,False,{},,,False,3,mixed,250,300,True,Ar_Aubin,,False,uniform,Argon-Aubin-Test2/20Td,3.0000000000000005e+21,1.04293e+24,0.0,1.6263577777777777e-13,1.625997777777778e-13,0.0,0.0,0.0,0.0,0.0,2.2222222222222226e-19,0.0,0.0,0.0,4.444444444444445e-19,0.0,0.0,0.0,0.0,0.0,0.0,2.2222222222222226e-19,6.666666666666668e-19,0.0,6.666666666666668e-19,8.88888888888889e-19,6.666666666666668e-19,1.1111111111111113e-18,1.0444444444444445e-17,9.111111111111112e-18,1.1555555555555557e-17,0.0,0.0,0.0,0.0,0.0,0.0,1594.1245470543763,2204.3906800312916,3092.9531147164125,217.4731815301044,1594.6567657171286,-879.9714851347999,524.5508537674503,-995.1890384111161,23003.699999999408,1.1501849999999704e+24,0.0,0.0
3.105e-05,163790.0,5.45968,3e+22,-833.118,-5026.18,20620.9,3.64588,3.60836,3.66257,0.000830754035,-0.00117943115,0.687574759,0.131228508,0.132075123,0.547976297,0.00104132673,0.000531449395,-0.000866157551,942.604859,-1926.18668,1798.24877,-3255.49427,2151.51048,-256.900302,-798.72684,-1734.15004,14539.5692,62100.0,163790.440912,5.459681364,-60.00000000000001,30000 3000,1e-06,2,0.0 0.0259,0.0 0.0,-1.0 0.0,0.00054857 28.0,80000,1000,5e-10,0.0,0.0 0.0 0.0,1000 1000000 0,0,0.0,0,100,0,,20,,1,,,,1.0,10.0,0.1,False,{},,,False,3,mixed,250,300,True,Ar_Aubin,,False,uniform,Argon-Aubin-Test2/20Td,3.0000000000000005e+21,1.0310450000000002e+24,0.0,1.627411111111111e-13,1.6270800000000003e-13,0.0,0.0,2.2222222222222226e-19,0.0,0.0,0.0,0.0,0.0,0.0,0.0,2.2222222222222226e-19,0.0,4.444444444444445e-19,0.0,0.0,0.0,2.2222222222222226e-19,6.666666666666668e-19,2.2222222222222226e-19,8.88888888888889e-19,8.88888888888889e-19,4.444444444444445e-19,1.5555555555555556e-18,9.777777777777779e-18,8e-18,8.666666666666667e-18,0.0,0.0,0.0,0.0,8.88888888888889e-19,0.0,1878.3288734672278,943.2969751401312,2400.121050283588,2145.5824467424927,1973.3713788899765,361.15885213689944,-826.4992705169124,1555.2219421882305,23518.819999999163,1.1759409999999582e+24,0.0,0.0
3.11e-05,163797.0,5.45991,3e+22,-2226.02,-1293.73,26294.5,3.62204,3.65493,3.63887,0.000792401744,-0.00127107358,0.688626679,0.131423779,0.132258338,0.549566156,0.000968810283,0.00049924829,-0.000914594759,-1224.78053,225.651508,-893.728214,-1766.17857,1719.51887,824.18117,2064.87099,-2845.70292,18472.4597,62200.0,163797.217602,5.459907253,-60.00000000000001,30000 3000,1e-06,2,0.0 0.0259,0.0 0.0,-1.0 0.0,0.00054857 28.0,80000,1000,5e-10,0.0,0.0 0.0 0.0,1000 1000000 0,0,0.0,0,100,0,,20,,1,,,,1.0,10.0,0.1,False,{},,,False,3,mixed,250,300,True,Ar_Aubin,,False,uniform,Argon-Aubin-Test2/20Td,3.0000000000000005e+21,1.314725e+24,2.222222222222222e-19,1.6243422222222222e-13,1.6240222222222223e-13,0.0,0.0,0.0,0.0,0.0,0.0,0.0,2.2222222222222226e-19,0.0,0.0,0.0,0.0,6.666666666666668e-19,2.2222222222222226e-19,2.2222222222222226e-19,0.0,0.0,2.2222222222222226e-19,6.666666666666668e-19,6.666666666666668e-19,8.88888888888889e-19,2.2222222222222226e-19,1.777777777777778e-18,8.444444444444445e-18,6.6666666666666674e-18,1.0666666666666668e-17,0.0,0.0,0.0,0.0,2.2222222222222226e-19,2.2222222222222226e-19,1953.3325174278527,-1223.0166278698211,1829.90429791835,1717.8744439773468,1422.0518333912803,365.36548903449875,-133.29162002251098,2683.2037283299715,21038.39999999968,1.0519199999999841e+24,1.056269593800981e-23,8.451281531203187e-24
3.115e-05,163835.0,5.46117,3e+22,5070.8,1445.44,12735.1,3.63299,3.6099,3.67837,0.000724547529,-0.00129379362,0.689689188,0.13164629,0.132421414,0.551156302,0.00103885572,0.000484515947,-0.00091738122,314.328849,-216.856304,714.669437,1178.37712,2701.87243,1025.88225,1669.4971,-446.278239,11434.3572,62300.0,163835.058517,5.461168617,-60.00000000000001,30000 3000,1e-06,2,0.0 0.0259,0.0 0.0,-1.0 0.0,0.00054857 28.0,80000,1000,5e-10,0.0,0.0 0.0 0.0,1000 1000000 0,0,0.0,0,100,0,,20,,1,,,,1.0,10.0,0.1,False,{},,,False,3,mixed,250,300,True,Ar_Aubin,,False,uniform,Argon-Aubin-Test2/20Td,3.0000000000000005e+21,6.36755e+23,0.0,1.6289755555555554e-13,1.628657777777778e-13,0.0,0.0,0.0,0.0,0.0,0.0,0.0,2.2222222222222226e-19,0.0,0.0,2.2222222222222226e-19,2.2222222222222226e-19,4.444444444444445e-19,2.2222222222222226e-19,0.0,0.0,0.0,8.88888888888889e-19,0.0,6.666666666666668e-19,8.88888888888889e-19,4.444444444444445e-19,1.3333333333333336e-18,9.111111111111112e-18,6.6666666666666674e-18,9.777777777777779e-18,0.0,0.0,2.2222222222222226e-19,0.0,4.444444444444445e-19,0.0,2226.1393140210475,310.6548133899468,1630.1772611460042,2703.7425310500926,1256.729864695938,2651.0964219012003,624.4808292222334,-1122.336582746968,21250.180000000895,1.0625090000000449e+24,0.0,0.0
3.12e-05,163964.0,5.46546,3e+22,-4802.66,-4783.38,15933.7,3.62647,3.67092,3.63183,0.000666657318,-0.001246362,0.690678912,0.131783542,0.132533334,0.552691331,0.00106978722,0.000442913431,-0.000895745541,2032.25281,-200.221493,2843.34086,287.595556,-29.4711951,1949.38434,-2082.86854,-2545.40139,13781.4262,62400.0,163963.893019,5.465463101,-60.00000000000001,30000 3000,1e-06,2,0.0 0.0259,0.0 0.0,-1.0 0.0,0.00054857 28.0,80000,1000,5e-10,0.0,0.0 0.0 0.0,1000 1000000 0,0,0.0,0,100,0,,20,,1,,,,1.0,10.0,0.1,False,{},,,False,3,mixed,250,300,True,Ar_Aubin,,False,uniform,Argon-Aubin-Test2/20Td,3.0000000000000005e+21,7.966850000000001e+23,0.0,1.62488e-13,1.6246022222222224e-13,0.0,0.0,0.0,0.0,0.0,0.0,2.2222222222222226e-19,0.0,0.0,2.2222222222222226e-19,0.0,2.2222222222222226e-19,0.0,0.0,0.0,0.0,6.666666666666668e-19,8.88888888888889e-19,0.0,2.2222222222222226e-19,4.444444444444445e-19,8.88888888888889e-19,1.3333333333333336e-18,8.88888888888889e-18,4.666666666666667e-18,8.88888888888889e-18,0.0,0.0,2.2222222222222226e-19,0.0,0.0,0.0,1373.3253714215411,2035.4545384348658,1120.4048369611864,-35.43301816356,1688.455625956653,2776.3556198656006,-46.72140259323089,4066.945985798103,19794.479999999392,9.897239999999697e+23,0.0,0.0
3.125e-05,163610.0,5.45368,3e+22,5636.17,2699.86,15286.1,3.66496,3.62006,3.62079,0.000664875465,-0.00122954515,0.691595164,0.132061668,0.132800449,0.554191652,0.00110517026,0.000450890143,-0.000893618617,3830.8395,3636.59671,-281.293919,694.943736,3143.26601,1944.57958,2134.93692,706.769737,12225.3845,62500.0,163610.464085,5.453682136,-60.00000000000001,30000 3000,1e-06,2,0.0 0.0259,0.0 0.0,-1.0 0.0,0.00054857 28.0,80000,1000,5e-10,0.0,0.0 0.0 0.0,1000 1000000 0,0,0.0,0,100,0,,20,,1,,,,1.0,10.0,0.1,False,{},,,False,3,mixed,250,300,True,Ar_Aubin,,False,uniform,Argon-Aubin-Test2/20Td,3.0000000000000005e+21,7.643050000000001e+23,2.222222222222222e-19,1.6277466666666666e-13,1.627406666666667e-13,0.0,0.0,0.0,0.0,0.0,0.0,2.2222222222222226e-19,0.0,0.0,0.0,0.0,0.0,1.3333333333333336e-18,2.2222222222222226e-19,0.0,0.0,2.2222222222222226e-19,4.444444444444445e-19,2.2222222222222226e-19,6.666666666666668e-19,4.444444444444445e-19,6.666666666666668e-19,6.666666666666668e-19,1.0444444444444445e-17,6.444444444444445e-18,1.0666666666666668e-17,0.0,4.444444444444445e-19,2.2222222222222226e-19,0.0,4.444444444444445e-19,2.2222222222222226e-19,2781.2837259566513,3827.092148850431,2671.5663695914272,3146.5856097686788,2338.096133168155,1653.5916635796002,171.96413633653617,-2054.4682673274165,18325.04000000013,9.162520000000064e+23,1.212669779832517e-23,1.4537535553360386e-23
3.13e-05,163365.0,5.4455,3e+22,3869.81,-4953.0,17683.5,3.61928,3.62694,3.64279,0.00068329231,-0.0012488273,0.692646441,0.132233237,0.133015339,0.555740575,0.00114381562,0.000500952471,-0.000908486553,2897.47157,-181.342804,-1935.8266,-165.002195,389.329805,3694.8624,1336.38691,-3020.40394,11224.5443,62600.0,163365.081842,5.445502728,-60.00000000000001,30000 3000,1e-06,2,0.0 0.0259,0.0 0.0,-1.0 0.0,0.00054857 28.0,80000,1000,5e-10,0.0,0.0 0.0 0.0,1000 1000000 0,0,0.0,0,100,0,,20,,1,,,,1.0,10.0,0.1,False,{},,,False,3,mixed,250,300,True,Ar_Aubin,,False,uniform,Argon-Aubin-Test2/20Td,3.0000000000000005e+21,8.84175e+23,0.0,1.6216266666666665e-13,1.6212622222222224e-13,0.0,0.0,0.0,0.0,0.0,2.2222222222222226e-19,0.0,0.0,0.0,0.0,0.0,0.0,2.2222222222222226e-19,2.2222222222222226e-19,0.0,2.2222222222222226e-19,2.2222222222222226e-19,6.666666666666668e-19,2.2222222222222226e-19,1.1111111111111113e-18,1.1111111111111113e-18,4.444444444444445e-19,1.5555555555555556e-18,1.1555555555555557e-17,8.222222222222223e-18,8.88888888888889e-18,0.0,2.2222222222222226e-19,0.0,6.666666666666668e-19,6.666666666666668e-19,0.0,1715.4417100306853,2894.827358585839,2148.4221165068984,383.1443633831,937.0163822042255,-1023.8690394235,732.1399514416513,-3291.932813410095,21025.539999999233,1.0512769999999617e+24,0.0,0.0
3.135e-05,163308.0,5.4436,3e+22,3209.45,2480.83,19939.1,3.61784,3.65682,3.61018,0.000671431195,-0.00123078877,0.693594585,0.132427281,0.133291044,0.557179081,0.00117300325,0.000545142013,-0.000934521026,2234.83232,3331.45525,-274.382914,-1906.9156,1252.18215,3159.16618,1547.85755,593.09501,14731.8209,62700.0,163307.970443,5.443599015,-60.00000000000001,30000 3000,1e-06,2,0.0 0.0259,0.0 0.0,-1.0 0.0,0.00054857 28.0,80000,1000,5e-10,0.0,0.0 0.0 0.0,1000 1000000 0,0,0.0,0,100,0,,20,,1,,,,1.0,10.0,0.1,False,{},,,False,3,mixed,250,300,True,Ar_Aubin,,False,uniform,Argon-Aubin-Test2/20Td,3.0000000000000005e+21,9.96955e+23,0.0,1.6194866666666666e-13,1.619188888888889e-13,0.0,2.2222222222222226e-19,0.0,0.0,0.0,0.0,0.0,0.0,0.0,0.0,2.2222222222222226e-19,0.0,6.666666666666668e-19,2.2222222222222226e-19,0.0,0.0,0.0,8.88888888888889e-19,0.0,4.444444444444445e-19,4.444444444444445e-19,4.444444444444445e-19,8.88888888888889e-19,8.444444444444445e-18,7.333333333333334e-18,9.111111111111112e-18,0.0,0.0,0.0,2.2222222222222226e-19,2.2222222222222226e-19,0.0,1940.6006853128767,2232.6773951512073,2757.497286288435,1255.235527704279,1241.498886442316,902.1691102265013,1035.369752641792,-965.9702385684745,18962.880000001904,9.481440000000951e+23,0.0,0.0
3.14e-05,163312.0,5.44375,3e+22,1377.08,6565.21,16728.9,3.59202,3.62394,3.66969,0.000573767905,-0.00115196327,0.694558702,0.13261452,0.133486346,0.558560347,0.0011815349,0.000512583753,-0.000913407109,4607.5235,1558.90733,-744.76545,-1455.26981,1112.6375,2881.76992,1379.66427,4869.17233,12473.0345,62800.0,163312.463217,5.443748774,-60.00000000000001,30000 3000,1e-06,2,0.0 0.0259,0.0 0.0,-1.0 0.0,0.00054857 28.0,80000,1000,5e-10,0.0,0.0 0.0 0.0,1000 1000000 0,0,0.0,0,100,0,,20,,1,,,,1.0,10.0,0.1,False,{},,,False,3,mixed,250,300,True,Ar_Aubin,,False,uniform,Argon-Aubin-Test2/20Td,3.0000000000000005e+21,8.364450000000001e+23,0.0,1.618611111111111e-13,1.618317777777778e-13,0.0,0.0,0.0,0.0,0.0,0.0,0.0,0.0,0.0,0.0,0.0,0.0,0.0,0.0,0.0,2.2222222222222226e-19,0.0,6.666666666666668e-19,0.0,6.666666666666668e-19,6.666666666666668e-19,4.444444444444445e-19,2e-18,7.111111111111112e-18,8e-18,9.111111111111112e-18,0.0,0.0,0.0,0.0,4.444444444444445e-19,0.0,1873.6061024082762,4606.733375693383,1954.898216209311,1120.2003807798367,429.23817397400035,853.8314301121991,692.5457941203933,-331.16258325611454,19282.33999999973,9.641169999999867e+23,0.0,0.0
3.145e-05,163182.0,5.4394,3e+22,1593.3,-633.752,12580.2,3.61647,3.61145,3.64996,0.000714894127,-0.00102392165,0.695662712,0.13282794,0.133758659,0.560240539,0.00117693839,0.000627152366,-0.000866057153,-530.155146,3625.01969,-2719.4389,-1602.85434,2219.43521,1566.14513,1941.60921,-588.141224,7827.38803,62900.0,163181.936117,5.439397871,-60.00000000000001,30000 3000,1e-06,2,0.0 0.0259,0.0 0.0,-1.0 0.0,0.00054857 28.0,80000,1000,5e-10,0.0,0.0 0.0 0.0,1000 1000000 0,0,0.0,0,100,0,,20,,1,,,,1.0,10.0,0.1,False,{},,,False,3,mixed,250,300,True,Ar_Aubin,,False,uniform,Argon-Aubin-Test2/20Td,3.0000000000000005e+21,6.290100000000001e+23,0.0,1.6179244444444444e-13,1.6175600000000002e-13,0.0,0.0,0.0,0.0,0.0,0.0,0.0,0.0,0.0,0.0,0.0,0.0,4.444444444444445e-19,2.2222222222222226e-19,0.0,0.0,4.444444444444445e-19,1.1111111111111113e-18,2.2222222222222226e-19,1.1111111111111113e-18,6.666666666666668e-19,4.444444444444445e-19,1.5555555555555556e-18,1.1555555555555557e-17,6.8888888888888895e-18,1.1111111111111113e-17,0.0,2.2222222222222226e-19,0.0,2.2222222222222226e-19,2.2222222222222226e-19,0.0,2132.3813599596897,-531.294186812549,2725.9160383008575,2218.7862976064694,1453.736567300079,-924.1880195024005,315.17834328734034,-1895.2226001260851,22080.199999998662,1.1040099999999332e+24,0.0,0.0
3.15e-05,163085.0,5.43618,3e+22,-5429.06,-24.2414,22762.2,3.60874,3.64374,3.61676,0.000678554356,-0.000902492152,0.69667703,0.133076673,0.134010558,0.561770925,0.00128432401,0.000579437652,-0.000838016393,-166.93118,476.198676,-161.220832,2426.13034,1216.22066,-4620.54387,-3960.23819,1162.27681,17745.7398,63000.0,163085.25207,5.436175069,-60.00000000000001,30000 3000,1e-06,2,0.0 0.0259,0.0 0.0,-1.0 0.0,0.00054857 28.0,80000,1000,5e-10,0.0,0.0 0.0 0.0,1000 1000000 0,0,0.0,0,100,0,,20,,1,,,,1.0,10.0,0.1,False,{},,,False,3,mixed,250,300,True,Ar_Aubin,,False,uniform,Argon-Aubin-Test2/20Td,3.0000000000000005e+21,1.13811e+24,0.0,1.6166866666666666e-13,1.616357777777778e-13,2.2222222222222226e-19,0.0,0.0,0.0,0.0,0.0,0.0,0.0,0.0,0.0,2.2222222222222226e-19,0.0,2.2222222222222226e-19,2.2222222222222226e-19,0.0,0.0,0.0,6.666666666666668e-19,0.0,4.444444444444445e-19,2.2222222222222226e-19,6.666666666666668e-19,4.444444444444445e-19,1.0222222222222223e-17,7.333333333333334e-18,1.1333333333333335e-17,0.0,0.0,2.2222222222222226e-19,0.0,4.444444444444445e-19,0.0,2487.8363759878175,-163.24726768801466,2521.3292346093485,1216.1987823267464,1181.1073757395097,1887.8379077339978,-462.4552049990066,-354.6030154703426,20286.36000000139,1.0143180000000696e+24,0.0,0.0
3.155e-05,163181.0,5.43938,3e+22,3516.12,-3822.28,11919.0,3.62852,3.64186,3.60741,0.00075274241,-0.000820467678,0.697741857,0.133349621,0.134204975,0.563375292,0.00129107344,0.000657282925,-0.000761643478,1204.51378,-2116.98182,1273.38113,628.18582,1883.18858,2488.23323,3734.63027,-5151.17602,7917.07276,63100.0,163181.314182,5.439377139,-60.00000000000001,30000 3000,1e-06,2,0.0 0.0259,0.0 0.0,-1.0 0.0,0.00054857 28.0,80000,1000,5e-10,0.0,0.0 0.0 0.0,1000 1000000 0,0,0.0,0,100,0,,20,,1,,,,1.0,10.0,0.1,False,{},,,False,3,mixed,250,300,True,Ar_Aubin,,False,uniform,Argon-Aubin-Test2/20Td,3.0000000000000005e+21,5.9595e+23,0.0,1.6179377777777778e-13,1.6176288888888892e-13,0.0,0.0,0.0,0.0,0.0,2.2222222222222226e-19,2.2222222222222226e-19,0.0,0.0,0.0,0.0,0.0,2.2222222222222226e-19,2.2222222222222226e-19,0.0,0.0,2.2222222222222226e-19,4.444444444444445e-19,0.0,4.444444444444445e-19,6.666666666666668e-19,8.88888888888889e-19,1.1111111111111113e-18,9.111111111111112e-18,7.777777777777779e-18,8.444444444444445e-18,0.0,0.0,0.0,0.0,8.88888888888889e-19,0.0,2728.418148782164,1201.8670473573509,1945.583248737781,1880.052522803734,1195.521198124605,-399.3124335830007,507.1723887117462,2545.69536498037,21296.539999999808,1.0648269999999906e+24,0.0,0.0
3.16e-05,162914.0,5.43048,3e+22,-778.279,3241.01,20510.0,3.61781,3.62726,3.61344,0.000709855189,-0.000696732101,0.69867207,0.133478836,0.134514461,0.564861366,0.00132238282,0.000661337635,-0.000719489569,699.877251,886.550659,661.351707,723.971412,-288.536877,-3022.25319,-193.24342,1058.0444,18708.4922,63200.0,162914.402753,5.430480092,-60.00000000000001,30000 3000,1e-06,2,0.0 0.0259,0.0 0.0,-1.0 0.0,0.00054857 28.0,80000,1000,5e-10,0.0,0.0 0.0 0.0,1000 1000000 0,0,0.0,0,100,0,,20,,1,,,,1.0,10.0,0.1,False,{},,,False,3,mixed,250,300,True,Ar_Aubin,,False,uniform,Argon-Aubin-Test2/20Td,3.0000000000000005e+21,1.0255000000000002e+24,0.0,1.6146622222222222e-13,1.6143311111111112e-13,0.0,0.0,0.0,0.0,0.0,2.2222222222222226e-19,0.0,0.0,0.0,0.0,0.0,0.0,1.1111111111111113e-18,0.0,0.0,0.0,0.0,2.2222222222222226e-19,0.0,1.3333333333333336e-18,6.666666666666668e-19,6.666666666666668e-19,1.3333333333333336e-18,1.1333333333333335e-17,7.555555555555556e-18,8.444444444444445e-18,0.0,0.0,0.0,0.0,2.2222222222222226e-19,0.0,1292.7772674645178,700.4297163866397,3096.737315900766,-286.278761293338,1871.1161172357827,4378.728044300002,666.3720539436844,997.31095704114,18604.25999999915,9.302129999999576e+23,0.0,0.0
3.165e-05,163096.0,5.43653,3e+22,-484.022,-1390.9,18757.3,3.63763,3.61817,3.61524,0.000702626601,-0.000640190838,0.699739522,0.133648823,0.134726375,0.566490314,0.001343899,0.00065989865,-0.00069119995,495.429438,516.047505,-135.147553,-1677.97982,1506.09172,3946.50708,2852.53858,-2756.35568,14886.9045,63300.0,163095.838731,5.436527958,-60.00000000000001,30000 3000,1e-06,2,0.0 0.0259,0.0 0.0,-1.0 0.0,0.00054857 28.0,80000,1000,5e-10,0.0,0.0 0.0 0.0,1000 1000000 0,0,0.0,0,100,0,,20,,1,,,,1.0,10.0,0.1,False,{},,,False,3,mixed,250,300,True,Ar_Aubin,,False,uniform,Argon-Aubin-Test2/20Td,3.0000000000000005e+21,9.37865e+23,2.222222222222222e-19,1.6144377777777776e-13,1.6141466666666668e-13,0.0,0.0,0.0,0.0,0.0,0.0,2.2222222222222226e-19,0.0,0.0,0.0,0.0,0.0,1.1111111111111113e-18,0.0,0.0,0.0,2.2222222222222226e-19,8.88888888888889e-19,0.0,1.3333333333333336e-18,1.5555555555555556e-18,2.2222222222222226e-19,1.1111111111111113e-18,6.8888888888888895e-18,7.777777777777779e-18,7.333333333333334e-18,0.0,0.0,0.0,0.0,2.2222222222222226e-19,2.2222222222222226e-19,1699.9721024893445,495.76952473266925,2119.895913115233,1505.2012785634256,1362.1074929642818,1761.6803639894006,57.228147412929836,3042.900971974547,21349.040000000485,1.0674520000000243e+24,1.040900303817957e-23,1.1847239326674e-23
3.17e-05,163256.0,5.44187,3e+22,8200.36,-2090.81,15231.5,3.64459,3.58647,3.65095,0.000595501586,-0.000742588201,0.700829779,0.133863631,0.13500673,0.568126744,0.00129609591,0.00055037978,-0.000820597475,-259.367532,-1439.12234,-3210.90405,-1088.95187,3111.19293,29.9904383,5239.29688,1096.7497,11142.3651,63400.0,163256.017909,5.441867264,-60.00000000000001,30000 3000,1e-06,2,0.0 0.0259,0.0 0.0,-1.0 0.0,0.00054857 28.0,80000,1000,5e-10,0.0,0.0 0.0 0.0,1000 1000000 0,0,0.0,0,100,0,,20,,1,,,,1.0,10.0,0.1,False,{},,,False,3,mixed,250,300,True,Ar_Aubin,,False,uniform,Argon-Aubin-Test2/20Td,3.0000000000000005e+21,7.61575e+23,0.0,1.61822e-13,1.6179133333333336e-13,0.0,0.0,0.0,0.0,0.0,2.2222222222222226e-19,0.0,0.0,0.0,2.2222222222222226e-19,0.0,0.0,2.2222222222222226e-19,2.2222222222222226e-19,0.0,0.0,0.0,6.666666666666668e-19,0.0,0.0,2.2222222222222226e-19,6.666666666666668e-19,6.666666666666668e-19,1.088888888888889e-17,6.8888888888888895e-18,9.333333333333335e-18,0.0,0.0,0.0,0.0,4.444444444444445e-19,0.0,2149.4706200150817,-264.2508593857709,2802.1340707276577,3109.640319163467,1094.4951559954675,467.6763211615016,-704.1702596460962,-3727.7340389275996,21805.13999999967,1.0902569999999835e+24,0.0,0.0
3.175e-05,163296.0,5.44319,3e+22,-3592.08,-3078.2,16355.0,3.62384,3.62793,3.63296,0.000645300366,-0.000546783326,0.701914977,0.134102579,0.135296378,0.569796922,0.00123728045,0.000587900397,-0.000745265885,1543.01596,1052.14637,-226.172868,1389.2752,3458.25178,-4446.36691,-4636.50616,-4999.95381,12337.0857,63500.0,163295.83825,5.443194608,-60.00000000000001,30000 3000,1e-06,2,0.0 0.0259,0.0 0.0,-1.0 0.0,0.00054857 28.0,80000,1000,5e-10,0.0,0.0 0.0 0.0,1000 1000000 0,0,0.0,0,100,0,,20,,1,,,,1.0,10.0,0.1,False,{},,,False,3,mixed,250,300,True,Ar_Aubin,,False,uniform,Argon-Aubin-Test2/20Td,3.0000000000000005e+21,8.177500000000001e+23,2.222222222222222e-19,1.6191377777777778e-13,1.6188111111111112e-13,0.0,0.0,0.0,0.0,0.0,2.2222222222222226e-19,0.0,0.0,0.0,2.2222222222222226e-19,2.2222222222222226e-19,0.0,0.0,2.2222222222222226e-19,0.0,0.0,0.0,2.2222222222222226e-19,2.2222222222222226e-19,4.444444444444445e-19,8.88888888888889e-19,2.2222222222222226e-19,2e-18,9.333333333333335e-18,7.333333333333334e-18,1.0444444444444445e-17,0.0,0.0,2.2222222222222226e-19,0.0,2.2222222222222226e-19,2.2222222222222226e-19,2388.8620957657204,1545.3339305387012,2899.0046523066917,3456.5686715659067,1479.2219627823845,857.2662511649996,38.397407030958114,-2351.8981649037696,21703.9600000013,1.0851980000000652e+24,1.02387869412867e-23,1.358741805088488e-23
3.18e-05,163430.0,5.44767,3e+22,3374.73,266.249,19043.8,3.68383,3.59743,3.61195,0.000708751637,-0.000654873522,0.702899748,0.134318801,0.135522574,0.571293993,0.00123574406,0.000645452066,-0.000830483552,1389.51987,727.854258,-1344.182,-1016.39114,2062.5012,3777.0642,1750.2796,477.101875,14632.2625,63600.0,163429.986694,5.447666223,-60.00000000000001,30000 3000,1e-06,2,0.0 0.0259,0.0 0.0,-1.0 0.0,0.00054857 28.0,80000,1000,5e-10,0.0,0.0 0.0 0.0,1000 1000000 0,0,0.0,0,100,0,,20,,1,,,,1.0,10.0,0.1,False,{},,,False,3,mixed,250,300,True,Ar_Aubin,,False,uniform,Argon-Aubin-Test2/20Td,3.0000000000000005e+21,9.521899999999999e+23,0.0,1.618411111111111e-13,1.6181355555555557e-13,0.0,0.0,0.0,0.0,0.0,2.2222222222222226e-19,0.0,0.0,0.0,2.2222222222222226e-19,0.0,0.0,2.2222222222222226e-19,4.444444444444445e-19,0.0,0.0,0.0,2.2222222222222226e-19,0.0,4.444444444444445e-19,6.666666666666668e-19,6.666666666666668e-19,1.777777777777778e-18,8.222222222222223e-18,6.444444444444445e-18,7.777777777777779e-18,0.0,0.0,2.2222222222222226e-19,0.0,0.0,0.0,2161.360836793747,1387.128024588067,2260.6611267578237,2062.675559420359,1136.5019844716828,1246.3802790376012,246.32627034188155,-1979.4965909927403,19695.419999998798,9.8477099999994e+23,0.0,0.0
3.185e-05,163406.0,5.44688,3e+22,-4063.55,-2378.66,11643.6,3.61716,3.63044,3.64527,0.00069763194,-0.000738835129,0.703908579,0.134528805,0.135753272,0.572831476,0.00125257421,0.000611933929,-0.000882400981,-964.300048,-2262.68225,163.049199,770.059255,2295.73115,1296.46108,-3159.6836,-3049.30741,5369.49042,63700.0,163406.434116,5.446881137,-60.00000000000001,30000 3000,1e-06,2,0.0 0.0259,0.0 0.0,-1.0 0.0,0.00054857 28.0,80000,1000,5e-10,0.0,0.0 0.0 0.0,1000 1000000 0,0,0.0,0,100,0,,20,,1,,,,1.0,10.0,0.1,False,{},,,False,3,mixed,250,300,True,Ar_Aubin,,False,uniform,Argon-Aubin-Test2/20Td,3.0000000000000005e+21,5.8218e+23,0.0,1.6230244444444445e-13,1.6227111111111113e-13,0.0,0.0,0.0,0.0,0.0,0.0,0.0,0.0,0.0,0.0,0.0,0.0,4.444444444444445e-19,0.0,0.0,0.0,2.2222222222222226e-19,1.3333333333333336e-18,0.0,2.2222222222222226e-19,1.3333333333333336e-18,2.2222222222222226e-19,1.1111111111111113e-18,8.666666666666667e-18,7.555555555555556e-18,1e-17,0.0,0.0,0.0,0.0,2.2222222222222226e-19,0.0,2100.1963855926674,-961.465185730213,2305.80981981976,2293.9737124320527,1182.5114866415022,-2826.5395104444015,-528.1179501705159,-144.3896420611336,20176.62000000087,1.0088310000000434e+24,0.0,0.0
3.19e-05,163616.0,5.45388,3e+22,-1859.42,4995.51,14357.3,3.61339,3.64837,3.64466,0.000583580608,-0.000746880337,0.704986186,0.134825471,0.135978452,0.574549859,0.00127047354,0.000540848971,-0.000842611623,2549.72051,-1533.28996,1530.80427,2303.99143,2382.33716,4621.17267,-2962.54555,921.845104,10875.0859,63800.0,163616.326227,5.453877541,-60.00000000000001,30000 3000,1e-06,2,0.0 0.0259,0.0 0.0,-1.0 0.0,0.00054857 28.0,80000,1000,5e-10,0.0,0.0 0.0 0.0,1000 1000000 0,0,0.0,0,100,0,,20,,1,,,,1.0,10.0,0.1,False,{},,,False,3,mixed,250,300,True,Ar_Aubin,,False,uniform,Argon-Aubin-Test2/20Td,3.0000000000000005e+21,7.17865e+23,0.0,1.6207577777777777e-13,1.6204644444444447e-13,0.0,0.0,0.0,0.0,0.0,0.0,0.0,0.0,0.0,2.2222222222222226e-19,0.0,0.0,4.444444444444445e-19,0.0,0.0,0.0,2.2222222222222226e-19,2.2222222222222226e-19,0.0,8.88888888888889e-19,1.3333333333333336e-18,0.0,1.1111111111111113e-18,7.555555555555556e-18,7.555555555555556e-18,9.555555555555557e-18,0.0,0.0,0.0,0.0,2.2222222222222226e-19,0.0,2968.1212399768065,2550.8056314541273,2251.6804711003592,2386.068208192287,2001.4813897278884,753.3877317422011,171.3576498586474,-129.25450789111824,21552.1399999985,1.077606999999925e+24,0.0,0.0
3.195e-05,163639.0,5.45465,3e+22,-1781.34,6055.44,13878.1,3.62345,3.64102,3.6435,0.000547520979,-0.000763299596,0.706064394,0.135120011,0.136230216,0.576248216,0.0012784573,0.000454889756,-0.000867208458,1179.77902,4314.07061,84.736595,1609.10421,3306.88834,1108.54479,-2115.2604,4535.97767,10464.4606,63900.0,163639.351871,5.454645062,-60.00000000000001,30000 3000,1e-06,2,0.0 0.0259,0.0 0.0,-1.0 0.0,0.00054857 28.0,80000,1000,5e-10,0.0,0.0 0.0 0.0,1000 1000000 0,0,0.0,0,100,0,,20,,1,,,,1.0,10.0,0.1,False,{},,,False,3,mixed,250,300,True,Ar_Aubin,,False,uniform,Argon-Aubin-Test2/20Td,3.0000000000000005e+21,6.93905e+23,0.0,1.6252511111111111e-13,1.6249244444444445e-13,0.0,0.0,0.0,0.0,0.0,0.0,2.2222222222222226e-19,0.0,0.0,0.0,0.0,0.0,2.2222222222222226e-19,0.0,0.0,0.0,2.2222222222222226e-19,2.2222222222222226e-19,0.0,6.666666666666668e-19,1.1111111111111113e-18,2.2222222222222226e-19,1.1111111111111113e-18,1.088888888888889e-17,8.666666666666667e-18,8e-18,0.0,2.2222222222222226e-19,4.444444444444445e-19,2.2222222222222226e-19,2.2222222222222226e-19,0.0,2945.8078710359327,1180.7543410207318,2517.3920396454055,3311.5104549056023,1769.5097623926515,665.6283336285996,-1222.5603236488157,-780.3816082906999,21564.1600000005,1.078208000000025e+24,0.0,0.0
3.2e-05,163518.0,5.4506,3e+22,-457.581,-1042.91,17793.5,3.64635,3.60013,3.65291,0.000544318579,-0.000802089457,0.706913573,0.135231479,0.136513244,0.577541922,0.0012694656,0.000483941084,-0.000899201015,1439.53289,596.893283,-467.687918,1380.29259,-709.188803,-1559.5387,409.404371,2364.74642,14661.0968,64000.0,163517.957018,5.450598567,-60.00000000000001,30000 3000,1e-06,2,0.0 0.0259,0.0 0.0,-1.0 0.0,0.00054857 28.0,80000,1000,5e-10,0.0,0.0 0.0 0.0,1000 1000000 0,0,0.0,0,100,0,,20,,1,,,,1.0,10.0,0.1,False,{},,,False,3,mixed,250,300,True,Ar_Aubin,,False,uniform,Argon-Aubin-Test2/20Td,3.0000000000000005e+21,8.89675e+23,0.0,1.6236066666666665e-13,1.6233311111111112e-13,0.0,2.2222222222222226e-19,0.0,0.0,0.0,0.0,0.0,0.0,0.0,0.0,0.0,0.0,6.666666666666668e-19,2.2222222222222226e-19,0.0,0.0,2.2222222222222226e-19,4.444444444444445e-19,0.0,2.2222222222222226e-19,2.2222222222222226e-19,4.444444444444445e-19,6.666666666666668e-19,1.0222222222222223e-17,5.555555555555556e-18,7.777777777777779e-18,0.0,0.0,0.0,0.0,6.666666666666668e-19,0.0,1114.7149650697631,1439.7819598396973,2829.6727877624717,-710.0253101155998,938.3478296087767,2082.630138824499,617.0040941749788,255.5013400114765,16983.580000000664,8.491790000000332e+23,0.0,0.0
3.205e-05,163406.0,5.44686,3e+22,4058.86,-795.242,20413.0,3.62885,3.61621,3.6462,0.000543101112,-0.000975865302,0.707858675,0.135385681,0.136731713,0.579022317,0.0012413158,0.000464187246,-0.00100028984,3658.52629,1526.82945,2451.92036,-1052.1927,3320.41553,-2173.855,4470.57488,-586.030444,15516.904,64100.0,163405.789445,5.446859648,-60.00000000000001,30000 3000,1e-06,2,0.0 0.0259,0.0 0.0,-1.0 0.0,0.00054857 28.0,80000,1000,5e-10,0.0,0.0 0.0 0.0,1000 1000000 0,0,0.0,0,100,0,,20,,1,,,,1.0,10.0,0.1,False,{},,,False,3,mixed,250,300,True,Ar_Aubin,,False,uniform,Argon-Aubin-Test2/20Td,3.0000000000000005e+21,1.0206500000000001e+24,0.0,1.62204e-13,1.6217333333333334e-13,0.0,0.0,0.0,0.0,0.0,0.0,2.2222222222222226e-19,2.2222222222222226e-19,0.0,0.0,0.0,0.0,4.444444444444445e-19,0.0,0.0,0.0,0.0,4.444444444444445e-19,0.0,8.88888888888889e-19,2.2222222222222226e-19,8.88888888888889e-19,6.666666666666668e-19,8.88888888888889e-18,9.111111111111112e-18,7.777777777777779e-18,0.0,0.0,0.0,2.2222222222222226e-19,6.666666666666668e-19,0.0,1542.033238976226,3656.3219186205474,2181.6003440938703,3319.639480925507,1432.9091887066436,1067.3848672250006,-388.129600003476,4038.3096553902446,18902.03999999951,9.451019999999756e+23,0.0,0.0
3.21e-05,163407.0,5.44689,3e+22,2024.35,-3488.54,23887.8,3.61407,3.65613,3.62024,0.000617079866,-0.000940756442,0.708878275,0.135605696,0.137019693,0.580554252,0.00125882924,0.000577308756,-0.000984296837,5249.2496,2464.75577,620.894514,480.212255,3542.45287,1382.83235,-411.423193,-2446.40984,16847.6744,64200.0,163406.616029,5.446887201,-60.00000000000001,30000 3000,1e-06,2,0.0 0.0259,0.0 0.0,-1.0 0.0,0.00054857 28.0,80000,1000,5e-10,0.0,0.0 0.0 0.0,1000 1000000 0,0,0.0,0,100,0,,20,,1,,,,1.0,10.0,0.1,False,{},,,False,3,mixed,250,300,True,Ar_Aubin,,False,uniform,Argon-Aubin-Test2/20Td,3.0000000000000005e+21,1.19439e+24,0.0,1.6221577777777776e-13,1.6218466666666668e-13,0.0,0.0,0.0,0.0,0.0,0.0,0.0,0.0,0.0,4.444444444444445e-19,0.0,0.0,8.88888888888889e-19,0.0,0.0,0.0,0.0,1.1111111111111113e-18,2.2222222222222226e-19,2.2222222222222226e-19,2.2222222222222226e-19,6.666666666666668e-19,1.3333333333333336e-18,8e-18,8.222222222222223e-18,9.333333333333335e-18,0.0,2.2222222222222226e-19,0.0,0.0,2.2222222222222226e-19,0.0,2199.291712568219,5248.000414373263,2880.47290404464,3539.1710035218252,874.3000578004256,-85.86805754499801,1202.5166516807094,-1240.287095419285,20392.00000000019,1.0196000000000096e+24,0.0,0.0
3.215e-05,163258.0,5.44194,3e+22,-9406.46,-6192.89,24927.3,3.63412,3.63028,3.61521,0.000588087441,-0.000946600452,0.709890415,0.13580496,0.13734946,0.582090036,0.00130031735,0.00063006862,-0.000951781881,-223.068829,443.095346,335.17723,-232.685435,1511.6753,304.233212,-7385.42392,-3724.33789,20249.7424,64300.0,163258.05543,5.441935181,-60.00000000000001,30000 3000,1e-06,2,0.0 0.0259,0.0 0.0,-1.0 0.0,0.00054857 28.0,80000,1000,5e-10,0.0,0.0 0.0 0.0,1000 1000000 0,0,0.0,0,100,0,,20,,1,,,,1.0,10.0,0.1,False,{},,,False,3,mixed,250,300,True,Ar_Aubin,,False,uniform,Argon-Aubin-Test2/20Td,3.0000000000000005e+21,1.246365e+24,0.0,1.6218399999999998e-13,1.6215044444444445e-13,0.0,0.0,0.0,0.0,0.0,0.0,2.2222222222222226e-19,2.2222222222222226e-19,0.0,0.0,2.2222222222222226e-19,0.0,8.88888888888889e-19,6.666666666666668e-19,2.2222222222222226e-19,0.0,0.0,4.444444444444445e-19,0.0,4.444444444444445e-19,2.2222222222222226e-19,1.1111111111111113e-18,1.3333333333333336e-18,9.777777777777779e-18,6.2222222222222225e-18,1.1333333333333335e-17,0.0,0.0,0.0,2.2222222222222226e-19,0.0,0.0,1992.989407227641,-217.53700800973112,3297.559702674369,1505.8131075268138,997.9145810334878,2554.0910581704993,1454.3347479906622,-387.3503289871396,20242.800000001007,1.0121400000000504e+24,0.0,0.0
3.22e-05,163400.0,5.44666,3e+22,-1748.72,2830.85,25008.2,3.63606,3.63536,3.61828,0.000485719385,-0.000980359165,0.711035125,0.135981517,0.137499014,0.583866124,0.00123629629,0.000524226274,-0.000996211521,948.298471,-662.024664,-336.707357,1274.89307,162.75251,690.896804,1286.39381,1959.45317,16747.7333,64400.0,163399.709326,5.446656978,-60.00000000000001,30000 3000,1e-06,2,0.0 0.0259,0.0 0.0,-1.0 0.0,0.00054857 28.0,80000,1000,5e-10,0.0,0.0 0.0 0.0,1000 1000000 0,0,0.0,0,100,0,,20,,1,,,,1.0,10.0,0.1,False,{},,,False,3,mixed,250,300,True,Ar_Aubin,,False,uniform,Argon-Aubin-Test2/20Td,3.0000000000000005e+21,1.25041e+24,0.0,1.6231466666666665e-13,1.62282e-13,2.2222222222222226e-19,0.0,0.0,0.0,0.0,0.0,2.2222222222222226e-19,0.0,0.0,0.0,0.0,0.0,4.444444444444445e-19,0.0,0.0,0.0,0.0,8.88888888888889e-19,0.0,8.88888888888889e-19,6.666666666666668e-19,8.88888888888889e-19,8.88888888888889e-19,7.555555555555556e-18,9.555555555555557e-18,1e-17,0.0,0.0,2.2222222222222226e-19,0.0,2.2222222222222226e-19,0.0,1766.6692351728243,949.1478582029372,1494.889483233397,165.52775974224025,1495.403251067229,-1033.9753130249992,-674.5650416124013,2180.9408292660432,22894.199999998757,1.144709999999938e+24,0.0,0.0
3.225e-05,163268.0,5.44226,3e+22,-5745.01,-5203.13,19482.6,3.62845,3.60635,3.64723,0.000372487231,-0.000959553663,0.712177679,0.13620705,0.137626424,0.585609287,0.00124166239,0.000468987847,-0.00100101261,573.953871,714.375301,-60.9178431,1184.9368,1665.44537,-233.825426,-4188.68407,-4441.15855,15072.4667,64500.0,163267.827121,5.442260904,-60.00000000000001,30000 3000,1e-06,2,0.0 0.0259,0.0 0.0,-1.0 0.0,0.00054857 28.0,80000,1000,5e-10,0.0,0.0 0.0 0.0,1000 1000000 0,0,0.0,0,100,0,,20,,1,,,,1.0,10.0,0.1,False,{},,,False,3,mixed,250,300,True,Ar_Aubin,,False,uniform,Argon-Aubin-Test2/20Td,3.0000000000000005e+21,9.741299999999999e+23,0.0,1.616831111111111e-13,1.6164533333333334e-13,0.0,0.0,0.0,0.0,0.0,0.0,0.0,0.0,0.0,2.2222222222222226e-19,0.0,0.0,4.444444444444445e-19,2.2222222222222226e-19,2.2222222222222226e-19,0.0,6.666666666666668e-19,1.3333333333333336e-18,0.0,8.88888888888889e-19,4.444444444444445e-19,6.666666666666668e-19,2e-18,1.2666666666666669e-17,9.111111111111112e-18,8.88888888888889e-18,0.0,0.0,0.0,0.0,0.0,0.0,2256.3017658369654,576.0938138669674,1274.50360860204,1660.4526875494348,1170.6551793866372,1197.3938511146025,496.9604999536246,-165.39104519489092,22851.07999999925,1.1425539999999625e+24,0.0,0.0
3.23e-05,163562.0,5.45207,3e+22,-3611.27,-1778.45,17839.4,3.6181,3.64664,3.63749,0.000411098222,-0.000967517076,0.713186743,0.13632403,0.137805259,0.587102304,0.00122498961,0.000518167615,-0.0010126163,2450.51693,3225.73384,-3906.48559,-726.878691,481.921058,-1087.02798,-3847.18129,181.746886,12908.7666,64600.0,163561.975472,5.452065849,-60.00000000000001,30000 3000,1e-06,2,0.0 0.0259,0.0 0.0,-1.0 0.0,0.00054857 28.0,80000,1000,5e-10,0.0,0.0 0.0 0.0,1000 1000000 0,0,0.0,0,100,0,,20,,1,,,,1.0,10.0,0.1,False,{},,,False,3,mixed,250,300,True,Ar_Aubin,,False,uniform,Argon-Aubin-Test2/20Td,3.0000000000000005e+21,8.919700000000001e+23,0.0,1.6194266666666666e-13,1.6191733333333334e-13,0.0,0.0,0.0,0.0,0.0,0.0,0.0,0.0,0.0,0.0,0.0,0.0,2.2222222222222226e-19,2.2222222222222226e-19,0.0,0.0,2.2222222222222226e-19,2.2222222222222226e-19,0.0,2.2222222222222226e-19,1.3333333333333336e-18,4.444444444444445e-19,1.3333333333333336e-18,6.8888888888888895e-18,6.0000000000000004e-18,7.777777777777779e-18,0.0,0.0,4.444444444444445e-19,0.0,0.0,0.0,1169.4974498915878,2452.001516676162,1788.1965393984347,480.20037725618783,547.3307487890988,185.9430169258012,425.3411525889173,-5185.490736227937,20181.28000000008,1.0090640000000039e+24,0.0,0.0
3.235e-05,163978.0,5.46594,3e+22,-661.769,3153.69,25547.2,3.62054,3.68876,3.61881,0.000446860511,-0.000760084692,0.71430564,0.136526901,0.138002736,0.588719492,0.0011840429,0.000527766898,-0.000829168688,5393.89396,-904.232159,-2702.72777,-2363.52942,2654.11517,-747.450703,-653.809284,3897.72232,19977.7402,64700.0,163978.142493,5.465938083,-60.00000000000001,30000 3000,1e-06,2,0.0 0.0259,0.0 0.0,-1.0 0.0,0.00054857 28.0,80000,1000,5e-10,0.0,0.0 0.0 0.0,1000 1000000 0,0,0.0,0,100,0,,20,,1,,,,1.0,10.0,0.1,False,{},,,False,3,mixed,250,300,True,Ar_Aubin,,False,uniform,Argon-Aubin-Test2/20Td,3.0000000000000005e+21,1.27736e+24,0.0,1.6264622222222222e-13,1.6261933333333335e-13,0.0,0.0,0.0,0.0,0.0,0.0,0.0,0.0,0.0,0.0,0.0,0.0,2.2222222222222226e-19,6.666666666666668e-19,0.0,0.0,0.0,6.666666666666668e-19,0.0,6.666666666666668e-19,4.444444444444445e-19,2.2222222222222226e-19,1.3333333333333336e-18,6.8888888888888895e-18,8.666666666666667e-18,7.111111111111112e-18,0.0,0.0,0.0,0.0,0.0,0.0,2028.4031743181276,5394.189678433504,1978.3536055331674,2656.5122414923135,199.71055138401363,1729.2311537919995,-328.1179659862202,-2895.247759769459,22377.94000000015,1.1188970000000077e+24,0.0,0.0
3.24e-05,164031.0,5.46771,3e+22,1231.31,5989.84,18591.7,3.62325,3.66239,3.6476,0.000528722286,-0.000726734458,0.715347733,0.136699192,0.138137828,0.590379446,0.00115714692,0.000576385729,-0.000758089854,5064.99421,2587.29716,-539.650295,-2282.9323,1230.29553,427.183993,4112.52894,683.138829,12421.8347,64800.0,164031.274282,5.467709143,-60.00000000000001,30000 3000,1e-06,2,0.0 0.0259,0.0 0.0,-1.0 0.0,0.00054857 28.0,80000,1000,5e-10,0.0,0.0 0.0 0.0,1000 1000000 0,0,0.0,0,100,0,,20,,1,,,,1.0,10.0,0.1,False,{},,,False,3,mixed,250,300,True,Ar_Aubin,,False,uniform,Argon-Aubin-Test2/20Td,3.0000000000000005e+21,9.29585e+23,0.0,1.6297155555555555e-13,1.629408888888889e-13,0.0,0.0,0.0,0.0,0.0,0.0,0.0,4.444444444444445e-19,0.0,0.0,0.0,0.0,1.1111111111111113e-18,0.0,0.0,0.0,2.2222222222222226e-19,8.88888888888889e-19,0.0,8.88888888888889e-19,1.1111111111111113e-18,6.666666666666668e-19,2.2222222222222226e-18,9.111111111111112e-18,6.0000000000000004e-18,7.777777777777779e-18,0.0,0.0,0.0,0.0,2.2222222222222226e-19,0.0,1722.1113706059054,5064.343188962025,1351.4158576657942,1234.6485531259068,1701.2222757040174,-877.6957476161006,-208.12948752191113,2682.2339817551438,20841.860000000434,1.0420930000000218e+24,0.0,0.0
3.245e-05,163767.0,5.45889,3e+22,3925.34,-4588.03,13725.2,3.65922,3.59401,3.66327,0.00050138074,-0.000720188229,0.716267071,0.136849543,0.138267155,0.591804781,0.00114732021,0.000553057916,-0.000757502169,790.108666,-357.949484,-350.367669,2078.91069,3313.24787,-1336.84293,2532.50259,-5180.86399,12430.8135,64900.0,163766.660561,5.458888685,-60.00000000000001,30000 3000,1e-06,2,0.0 0.0259,0.0 0.0,-1.0 0.0,0.00054857 28.0,80000,1000,5e-10,0.0,0.0 0.0 0.0,1000 1000000 0,0,0.0,0,100,0,,20,,1,,,,1.0,10.0,0.1,False,{},,,False,3,mixed,250,300,True,Ar_Aubin,,False,uniform,Argon-Aubin-Test2/20Td,3.0000000000000005e+21,6.862600000000001e+23,0.0,1.62844e-13,1.6281133333333336e-13,0.0,0.0,0.0,0.0,0.0,0.0,0.0,0.0,0.0,2.2222222222222226e-19,0.0,0.0,2.2222222222222226e-19,4.444444444444445e-19,0.0,0.0,2.2222222222222226e-19,1.777777777777778e-18,0.0,2.2222222222222226e-19,4.444444444444445e-19,6.666666666666668e-19,1.3333333333333336e-18,1.1111111111111113e-17,8.222222222222223e-18,7.333333333333334e-18,0.0,0.0,0.0,0.0,4.444444444444445e-19,0.0,1503.7916460924894,788.1405761260484,1293.3647188725918,3309.9436247997014,1091.9710932022488,2599.9046971108,-84.60076837869899,-636.3384144117886,18386.759999999835,9.193379999999918e+23,0.0,0.0
3.25e-05,163827.0,5.46088,3e+22,6111.57,1304.75,12266.6,3.64174,3.6463,3.63265,0.000560626226,-0.000860946145,0.717296421,0.137013618,0.138386071,0.593385551,0.00116036791,0.000636085854,-0.000877828681,2526.82671,1535.47897,-1326.19315,-383.925675,872.838017,797.884177,4002.42143,1186.83623,11946.7249,65000.0,163826.533703,5.460884457,-60.00000000000001,30000 3000,1e-06,2,0.0 0.0259,0.0 0.0,-1.0 0.0,0.00054857 28.0,80000,1000,5e-10,0.0,0.0 0.0 0.0,1000 1000000 0,0,0.0,0,100,0,,20,,1,,,,1.0,10.0,0.1,False,{},,,False,3,mixed,250,300,True,Ar_Aubin,,False,uniform,Argon-Aubin-Test2/20Td,3.0000000000000005e+21,6.1333e+23,0.0,1.630811111111111e-13,1.6305066666666667e-13,0.0,0.0,0.0,0.0,0.0,2.2222222222222226e-19,2.2222222222222226e-19,0.0,0.0,0.0,0.0,0.0,0.0,0.0,0.0,0.0,6.666666666666668e-19,1.1111111111111113e-18,2.2222222222222226e-19,6.666666666666668e-19,4.444444444444445e-19,2.2222222222222226e-19,4.444444444444445e-19,8.666666666666667e-18,7.555555555555556e-18,9.777777777777779e-18,0.0,0.0,0.0,0.0,2.2222222222222226e-19,0.0,1640.120808811818,2523.400403575965,1186.934428205888,873.9613364826888,1051.3141950974082,3147.936622161398,800.3053333415075,-1714.4559853548217,20587.0000000008,1.02935000000004e+24,0.0,0.0
3.255e-05,163634.0,5.45446,3e+22,5639.22,-6600.8,11867.4,3.6475,3.63538,3.62482,0.000611784373,-0.000888646591,0.718193938,0.137122216,0.138543832,0.594841711,0.00118210837,0.000717191226,-0.000834862443,25.3759445,1615.7868,865.897259,-2872.18081,2013.0503,746.885024,2386.99702,-5731.04059,12081.4094,65100.0,163633.882424,5.454462747,-60.00000000000001,30000 3000,1e-06,2,0.0 0.0259,0.0 0.0,-1.0 0.0,0.00054857 28.0,80000,1000,5e-10,0.0,0.0 0.0 0.0,1000 1000000 0,0,0.0,0,100,0,,20,,1,,,,1.0,10.0,0.1,False,{},,,False,3,mixed,250,300,True,Ar_Aubin,,False,uniform,Argon-Aubin-Test2/20Td,3.0000000000000005e+21,5.9337e+23,0.0,1.6282044444444444e-13,1.6279e-13,2.2222222222222226e-19,2.2222222222222226e-19,0.0,0.0,0.0,0.0,0.0,0.0,0.0,0.0,2.2222222222222226e-19,0.0,6.666666666666668e-19,2.2222222222222226e-19,0.0,0.0,4.444444444444445e-19,8.88888888888889e-19,2.2222222222222226e-19,2.2222222222222226e-19,8.88888888888889e-19,0.0,2e-18,8.88888888888889e-18,7.333333333333334e-18,7.333333333333334e-18,0.0,0.0,2.2222222222222226e-19,2.2222222222222226e-19,2.2222222222222226e-19,0.0,1085.3802164623173,21.92595782809094,1577.1253550089793,2007.1845215821272,1677.8299946151876,3558.314660178801,877.214587536126,-804.4196299165005,17950.339999999178,8.97516999999959e+23,0.0,0.0
3.26e-05,163432.0,5.44774,3e+22,6389.9,-114.57,25143.3,3.6289,3.62176,3.64099,0.000702943859,-0.000832888535,0.719145699,0.137305132,0.13871466,0.596370096,0.00114753211,0.000764036304,-0.000812769394,1872.82616,-317.816717,-514.802541,466.844844,2745.01093,-2315.77365,5193.1527,-301.760522,19454.193,65200.0,163432.058057,5.447735269,-60.00000000000001,30000 3000,1e-06,2,0.0 0.0259,0.0 0.0,-1.0 0.0,0.00054857 28.0,80000,1000,5e-10,0.0,0.0 0.0 0.0,1000 1000000 0,0,0.0,0,100,0,,20,,1,,,,1.0,10.0,0.1,False,{},,,False,3,mixed,250,300,True,Ar_Aubin,,False,uniform,Argon-Aubin-Test2/20Td,3.0000000000000005e+21,1.257165e+24,0.0,1.6250777777777777e-13,1.6247533333333335e-13,0.0,0.0,0.0,0.0,0.0,2.2222222222222226e-19,2.2222222222222226e-19,0.0,0.0,0.0,0.0,0.0,8.88888888888889e-19,0.0,0.0,0.0,0.0,8.88888888888889e-19,0.0,8.88888888888889e-19,8.88888888888889e-19,6.666666666666668e-19,1.5555555555555556e-18,9.111111111111112e-18,7.555555555555556e-18,8.666666666666667e-18,0.0,2.2222222222222226e-19,4.444444444444445e-19,2.2222222222222226e-19,0.0,0.0,1827.9615005012406,1868.334419035376,1709.2398945195432,2744.915505960545,1603.8118974914807,1372.4969463333,-385.8829357316317,65.40672862990505,19035.22000000102,9.51761000000051e+23,0.0,0.0
3.265e-05,163415.0,5.44716,3e+22,-44.1035,5339.67,20816.5,3.63322,3.60309,3.65537,0.000655664477,-0.00076372065,0.72019693,0.137532229,0.138898557,0.5980353,0.00115380713,0.000708106077,-0.000740627001,4417.93721,309.346239,-1430.6155,712.022565,1664.79336,-3361.61926,-215.142975,3080.83667,16180.6889,65300.0,163414.753084,5.447158436,-60.00000000000001,30000 3000,1e-06,2,0.0 0.0259,0.0 0.0,-1.0 0.0,0.00054857 28.0,80000,1000,5e-10,0.0,0.0 0.0 0.0,1000 1000000 0,0,0.0,0,100,0,,20,,1,,,,1.0,10.0,0.1,False,{},,,False,3,mixed,250,300,True,Ar_Aubin,,False,uniform,Argon-Aubin-Test2/20Td,3.0000000000000005e+21,1.040825e+24,0.0,1.6224577777777776e-13,1.6221333333333334e-13,0.0,0.0,0.0,0.0,0.0,0.0,0.0,0.0,0.0,0.0,2.2222222222222226e-19,0.0,4.444444444444445e-19,6.666666666666668e-19,0.0,2.2222222222222226e-19,2.2222222222222226e-19,8.88888888888889e-19,2.2222222222222226e-19,6.666666666666668e-19,4.444444444444445e-19,2.2222222222222226e-19,2.4444444444444447e-18,1.0222222222222223e-17,7.111111111111112e-18,7.777777777777779e-18,0.0,2.2222222222222226e-19,0.0,0.0,4.444444444444445e-19,0.0,2271.612341625262,4417.9661270982615,1840.0743408050757,1668.8713762431853,1521.224087738249,1188.709506655001,-452.37435214286216,-1627.6439092832154,21024.619999998606,1.0512309999999304e+24,0.0,0.0
3.27e-05,163651.0,5.45502,3e+22,-3706.86,-3064.97,19892.0,3.68568,3.61729,3.60469,0.000678866328,-0.000694817704,0.721240914,0.13776908,0.13909761,0.599669928,0.00120554817,0.000741175528,-0.000649171512,223.293377,1415.80914,-1140.55871,-3299.13453,1894.84661,492.682302,-3154.48977,-2213.30873,18011.9768,65400.0,163650.631537,5.455021051,-60.00000000000001,30000 3000,1e-06,2,0.0 0.0259,0.0 0.0,-1.0 0.0,0.00054857 28.0,80000,1000,5e-10,0.0,0.0 0.0 0.0,1000 1000000 0,0,0.0,0,100,0,,20,,1,,,,1.0,10.0,0.1,False,{},,,False,3,mixed,250,300,True,Ar_Aubin,,False,uniform,Argon-Aubin-Test2/20Td,3.0000000000000005e+21,9.946000000000001e+23,0.0,1.6243066666666667e-13,1.624028888888889e-13,0.0,0.0,0.0,0.0,0.0,0.0,0.0,0.0,0.0,0.0,0.0,0.0,4.444444444444445e-19,0.0,0.0,0.0,0.0,4.444444444444445e-19,2.2222222222222226e-19,2.2222222222222226e-19,8.88888888888889e-19,0.0,8.88888888888889e-19,9.777777777777779e-18,7.111111111111112e-18,7.555555555555556e-18,0.0,0.0,2.2222222222222226e-19,0.0,0.0,0.0,2368.2003641509186,225.80983943661008,1991.5349758944935,1892.717014581771,1297.8995386936365,3665.0525387119997,313.0164710982359,-1635.013394526536,20879.680000001066,1.0439840000000533e+24,0.0,0.0
3.275e-05,163511.0,5.45036,3e+22,-781.247,-3050.96,18741.0,3.64394,3.63212,3.62262,0.00058553657,-0.000795337785,0.722183219,0.13797652,0.139299333,0.601164783,0.00119202901,0.000683387014,-0.000750969109,1670.24312,1186.60002,2986.24308,1529.19973,2633.03762,-905.766426,-1633.18786,-2241.57475,14313.2138,65500.0,163510.944714,5.450364824,-60.00000000000001,30000 3000,1e-06,2,0.0 0.0259,0.0 0.0,-1.0 0.0,0.00054857 28.0,80000,1000,5e-10,0.0,0.0 0.0 0.0,1000 1000000 0,0,0.0,0,100,0,,20,,1,,,,1.0,10.0,0.1,False,{},,,False,3,mixed,250,300,True,Ar_Aubin,,False,uniform,Argon-Aubin-Test2/20Td,3.0000000000000005e+21,9.370500000000001e+23,0.0,1.6229088888888887e-13,1.6226e-13,0.0,0.0,0.0,0.0,0.0,0.0,0.0,6.666666666666668e-19,0.0,0.0,0.0,0.0,1.1111111111111113e-18,0.0,0.0,0.0,2.2222222222222226e-19,6.666666666666668e-19,2.2222222222222226e-19,8.88888888888889e-19,6.666666666666668e-19,8.88888888888889e-19,1.3333333333333336e-18,8.666666666666667e-18,5.777777777777778e-18,9.111111111111112e-18,0.0,0.0,0.0,0.0,6.666666666666668e-19,0.0,2075.5800641647506,1670.7005686887028,2015.732094495515,2630.6110762314765,1347.092223533686,778.7780927209988,179.45943851449695,1906.2851524357234,18846.100000000642,9.423050000000321e+23,0.0,0.0
3.28e-05,163302.0,5.44341,3e+22,3637.77,945.004,14245.2,3.62963,3.6293,3.62666,0.000645447033,-0.000759747184,0.723208846,0.138183506,0.139434918,0.602768829,0.00121821785,0.000774295641,-0.000692010813,1887.73565,459.756116,-1728.40422,1376.31315,1697.05274,116.833388,2339.21193,1209.60558,14309.5634,65600.0,163302.363342,5.443412111,-60.00000000000001,30000 3000,1e-06,2,0.0 0.0259,0.0 0.0,-1.0 0.0,0.00054857 28.0,80000,1000,5e-10,0.0,0.0 0.0 0.0,1000 1000000 0,0,0.0,0,100,0,,20,,1,,,,1.0,10.0,0.1,False,{},,,False,3,mixed,250,300,True,Ar_Aubin,,False,uniform,Argon-Aubin-Test2/20Td,3.0000000000000005e+21,7.1226e+23,0.0,1.6213355555555554e-13,1.6209822222222223e-13,0.0,0.0,0.0,0.0,0.0,2.2222222222222226e-19,0.0,0.0,0.0,0.0,0.0,0.0,6.666666666666668e-19,0.0,2.2222222222222226e-19,0.0,0.0,6.666666666666668e-19,0.0,8.88888888888889e-19,8.88888888888889e-19,4.444444444444445e-19,1.1111111111111113e-18,9.111111111111112e-18,9.555555555555557e-18,1.1111111111111113e-17,0.0,2.2222222222222226e-19,0.0,0.0,2.2222222222222226e-19,0.0,2069.122512024235,1885.3876621467637,1356.403464086442,1697.7707041278688,1216.1287255019195,4007.308746960798,939.6061614952987,-2029.2542557879115,20512.53999999947,1.0256269999999734e+24,0.0,0.0
3.285e-05,163659.0,5.45531,3e+22,1376.14,2779.68,13267.7,3.63196,3.60152,3.67609,0.000831665429,-0.000748783787,0.724345757,0.138311186,0.139588182,0.604647781,0.00124364724,0.000915029457,-0.000686925155,4052.70007,5237.83557,605.792529,789.798622,-731.776032,-2389.0569,1778.01069,2257.11638,8854.49473,65700.0,163659.329568,5.455310986,-60.00000000000001,30000 3000,1e-06,2,0.0 0.0259,0.0 0.0,-1.0 0.0,0.00054857 28.0,80000,1000,5e-10,0.0,0.0 0.0 0.0,1000 1000000 0,0,0.0,0,100,0,,20,,1,,,,1.0,10.0,0.1,False,{},,,False,3,mixed,250,300,True,Ar_Aubin,,False,uniform,Argon-Aubin-Test2/20Td,3.0000000000000005e+21,6.633850000000002e+23,0.0,1.6246511111111111e-13,1.6243688888888891e-13,0.0,0.0,0.0,0.0,0.0,0.0,2.2222222222222226e-19,0.0,0.0,0.0,0.0,0.0,0.0,2.2222222222222226e-19,2.2222222222222226e-19,0.0,6.666666666666668e-19,6.666666666666668e-19,2.2222222222222226e-19,1.1111111111111113e-18,4.444444444444445e-19,2.2222222222222226e-19,1.1111111111111113e-18,8.444444444444445e-18,5.777777777777778e-18,8e-18,0.0,4.444444444444445e-19,0.0,0.0,4.444444444444445e-19,0.0,1274.049344866246,4051.555581936536,1532.8053862392887,-729.6946526829519,2332.1124874875477,-755.9074701489008,102.26990300638266,1375.9677615496762,22738.220000000365,1.1369110000000183e+24,0.0,0.0
3.29e-05,163355.0,5.44518,3e+22,5355.48,6721.89,23434.4,3.59135,3.61557,3.6799,0.00087188904,-0.000672914833,0.725317234,0.138503701,0.139877845,0.606181409,0.00122956052,0.000940651056,-0.000685566845,1485.30167,-1428.35972,-4999.41849,-317.171791,5246.77116,-252.669125,4302.36707,5025.37978,18225.5804,65800.0,163355.334964,5.445177832,-60.00000000000001,30000 3000,1e-06,2,0.0 0.0259,0.0 0.0,-1.0 0.0,0.00054857 28.0,80000,1000,5e-10,0.0,0.0 0.0 0.0,1000 1000000 0,0,0.0,0,100,0,,20,,1,,,,1.0,10.0,0.1,False,{},,,False,3,mixed,250,300,True,Ar_Aubin,,False,uniform,Argon-Aubin-Test2/20Td,3.0000000000000005e+21,1.1717200000000001e+24,0.0,1.62172e-13,1.6213711111111112e-13,4.444444444444445e-19,0.0,2.2222222222222226e-19,0.0,0.0,0.0,2.2222222222222226e-19,0.0,0.0,0.0,0.0,2.2222222222222226e-19,6.666666666666668e-19,6.666666666666668e-19,0.0,0.0,2.2222222222222226e-19,6.666666666666668e-19,0.0,1.1111111111111113e-18,2.2222222222222226e-19,4.444444444444445e-19,2.2222222222222226e-18,1.0444444444444445e-17,7.555555555555556e-18,9.111111111111112e-18,0.0,0.0,0.0,0.0,4.444444444444445e-19,0.0,1924.4647688770879,1480.632285684061,2897.7086278719758,5251.294419486795,1253.1374649227268,1228.2062115503977,-87.22446215961169,-4601.905556861296,19429.539999999968,9.714769999999986e+23,0.0,0.0
3.295e-05,163593.0,5.4531,3e+22,-905.74,3475.62,19868.4,3.6532,3.61405,3.63664,0.00083173768,-0.000756179062,0.7263271,0.138620441,0.140117424,0.607796419,0.00123282659,0.000864066879,-0.000722437414,209.654491,-515.431742,120.562034,847.556545,1454.05816,-491.300373,59.3107037,3767.35541,15949.3211,65900.0,163593.148675,5.453104956,-60.00000000000001,30000 3000,1e-06,2,0.0 0.0259,0.0 0.0,-1.0 0.0,0.00054857 28.0,80000,1000,5e-10,0.0,0.0 0.0 0.0,1000 1000000 0,0,0.0,0,100,0,,20,,1,,,,1.0,10.0,0.1,False,{},,,False,3,mixed,250,300,True,Ar_Aubin,,False,uniform,Argon-Aubin-Test2/20Td,3.0000000000000005e+21,9.934200000000001e+23,0.0,1.62338e-13,1.623117777777778e-13,0.0,0.0,0.0,2.2222222222222226e-19,0.0,0.0,2.2222222222222226e-19,0.0,0.0,0.0,0.0,0.0,2.2222222222222226e-19,2.2222222222222226e-19,0.0,0.0,2.2222222222222226e-19,6.666666666666668e-19,2.2222222222222226e-19,1.1111111111111113e-18,6.666666666666668e-19,4.444444444444445e-19,8.88888888888889e-19,7.111111111111112e-18,5.333333333333334e-18,8.222222222222223e-18,0.0,0.0,2.2222222222222226e-19,0.0,2.2222222222222226e-19,0.0,1168.0840292974115,210.40782908628321,2394.6000759864082,1456.6863510714684,1490.437430008429,1518.363746359999,-966.0329445482533,821.210948332688,20197.31999999941,1.0098659999999705e+24,0.0,0.0
3.3e-05,163656.0,5.45519,3e+22,1773.32,-3902.92,21969.8,3.60001,3.66269,3.64484,0.000750742008,-0.000729367146,0.727328409,0.138733798,0.140254431,0.609474018,0.00121081925,0.000742193523,-0.000726101382,863.799722,1591.04672,-1218.08494,583.125206,3062.36599,-2412.75469,419.239181,-4273.74011,20558.3372,66000.0,163655.818621,5.455193954,-60.00000000000001,30000 3000,1e-06,2,0.0 0.0259,0.0 0.0,-1.0 0.0,0.00054857 28.0,80000,1000,5e-10,0.0,0.0 0.0 0.0,1000 1000000 0,0,0.0,0,100,0,,20,,1,,,,1.0,10.0,0.1,False,{},,,False,3,mixed,250,300,True,Ar_Aubin,,False,uniform,Argon-Aubin-Test2/20Td,3.0000000000000005e+21,1.0984900000000001e+24,0.0,1.6218844444444443e-13,1.6215933333333334e-13,0.0,0.0,0.0,0.0,0.0,0.0,4.444444444444445e-19,0.0,0.0,0.0,2.2222222222222226e-19,0.0,4.444444444444445e-19,0.0,0.0,0.0,2.2222222222222226e-19,6.666666666666668e-19,6.666666666666668e-19,0.0,6.666666666666668e-19,8.88888888888889e-19,1.1111111111111113e-18,1.0444444444444445e-17,4.444444444444445e-18,8.444444444444445e-18,0.0,0.0,0.0,0.0,4.444444444444445e-19,0.0,1134.8517400575076,862.4684161823734,1370.4683034018728,3059.5193283785334,2220.406559387822,4579.077519951803,-1275.9145834595433,-2105.1254250152383,20026.179999999007,1.0013089999999504e+24,0.0,0.0
3.305e-05,164024.0,5.46748,3e+22,-87.7304,-4467.32,20050.3,3.67131,3.60926,3.652,0.000796310828,-0.000707655051,0.728424856,0.138981743,0.140419061,0.611261443,0.00114977623,0.000832504905,-0.000751453976,2164.17494,-893.003486,78.276109,1485.01087,1630.97541,2976.52581,5.55132828,-4724.84956,16809.155,66100.0,164024.496677,5.467483223,-60.00000000000001,30000 3000,1e-06,2,0.0 0.0259,0.0 0.0,-1.0 0.0,0.00054857 28.0,80000,1000,5e-10,0.0,0.0 0.0 0.0,1000 1000000 0,0,0.0,0,100,0,,20,,1,,,,1.0,10.0,0.1,False,{},,,False,3,mixed,250,300,True,Ar_Aubin,,False,uniform,Argon-Aubin-Test2/20Td,3.0000000000000005e+21,1.002515e+24,0.0,1.6242044444444444e-13,1.6239355555555558e-13,0.0,2.2222222222222226e-19,0.0,0.0,0.0,0.0,0.0,0.0,0.0,0.0,0.0,0.0,0.0,2.2222222222222226e-19,0.0,0.0,0.0,8.88888888888889e-19,0.0,1.3333333333333336e-18,6.666666666666668e-19,2.2222222222222226e-19,2.4444444444444447e-18,6.8888888888888895e-18,5.777777777777778e-18,8e-18,0.0,0.0,0.0,0.0,2.2222222222222226e-19,0.0,2478.745026277818,2164.2448006674645,1646.6120076244486,1627.8140884375666,1912.6869985053308,2204.0181097431996,1125.8954406192915,131.766170272174,21928.94000000001,1.0964470000000005e+24,0.0,0.0
3.31e-05,164417.0,5.48056,3e+22,152.215,953.72,23748.5,3.6691,3.66109,3.62771,0.000790002008,-0.000745900009,0.729535637,0.139224008,0.14058325,0.613026707,0.00118349039,0.000866895719,-0.000856367683,1749.39128,-704.473695,-1558.3966,420.873017,-54.6202553,-1689.90471,267.887348,-1158.60395,19800.8288,66200.0,164416.722934,5.480557431,-60.00000000000001,30000 3000,1e-06,2,0.0 0.0259,0.0 0.0,-1.0 0.0,0.00054857 28.0,80000,1000,5e-10,0.0,0.0 0.0 0.0,1000 1000000 0,0,0.0,0,100,0,,20,,1,,,,1.0,10.0,0.1,False,{},,,False,3,mixed,250,300,True,Ar_Aubin,,False,uniform,Argon-Aubin-Test2/20Td,3.0000000000000005e+21,1.187425e+24,0.0,1.6325466666666667e-13,1.63228e-13,0.0,2.2222222222222226e-19,0.0,0.0,0.0,0.0,0.0,0.0,0.0,0.0,0.0,0.0,0.0,2.2222222222222226e-19,2.2222222222222226e-19,0.0,2.2222222222222226e-19,1.5555555555555556e-18,0.0,4.444444444444445e-19,8.88888888888889e-19,6.666666666666668e-19,8.88888888888889e-19,7.555555555555556e-18,6.6666666666666674e-18,6.6666666666666674e-18,0.0,2.2222222222222226e-19,0.0,0.0,2.2222222222222226e-19,0.0,2422.7500776216607,1749.2710298443524,1641.3340884777194,-53.908875543416514,1457.891856248006,2475.4517247054973,762.1759215916302,-1420.316881672943,22215.620000001214,1.1107810000000607e+24,0.0,0.0
3.315e-05,164089.0,5.46963,3e+22,-527.631,1421.62,14891.6,3.62949,3.65478,3.65371,0.000876985983,-0.000715206072,0.730511976,0.139396929,0.140753065,0.614669485,0.00108797926,0.000866860462,-0.000874031609,3072.29038,351.42789,-1371.44882,-3043.23244,1503.22816,2599.94886,-1983.12871,1459.95054,11274.1078,66300.0,164088.818867,5.469627296,-60.00000000000001,30000 3000,1e-06,2,0.0 0.0259,0.0 0.0,-1.0 0.0,0.00054857 28.0,80000,1000,5e-10,0.0,0.0 0.0 0.0,1000 1000000 0,0,0.0,0,100,0,,20,,1,,,,1.0,10.0,0.1,False,{},,,False,3,mixed,250,300,True,Ar_Aubin,,False,uniform,Argon-Aubin-Test2/20Td,3.0000000000000005e+21,7.4458e+23,0.0,1.6317555555555555e-13,1.6313977777777778e-13,0.0,0.0,0.0,0.0,0.0,0.0,0.0,2.2222222222222226e-19,0.0,0.0,0.0,0.0,4.444444444444445e-19,4.444444444444445e-19,0.0,0.0,4.444444444444445e-19,6.666666666666668e-19,0.0,4.444444444444445e-19,2e-18,6.666666666666668e-19,1.1111111111111113e-18,8.88888888888889e-18,7.555555555555556e-18,1.2666666666666669e-17,0.0,0.0,0.0,0.0,2.2222222222222226e-19,0.0,1727.7599875825667,3072.7531049911963,1698.598470979973,1504.2449112560764,2172.7657357129006,395.6156581983996,-1286.9880445614647,-2982.1964900555868,19526.779999998744,9.763389999999371e+23,0.0,0.0
3.32e-05,164134.0,5.47112,3e+22,-5071.38,-4387.02,21913.4,3.65893,3.6241,3.65623,0.000770055287,-0.000806314792,0.731539824,0.139645289,0.14090568,0.616337873,0.00105589098,0.000804647645,-0.000943857838,449.462311,262.131846,-2354.03192,-569.583406,683.926621,1713.38384,-3759.93406,-5537.78268,14882.9082,66400.0,164133.635921,5.471121197,-60.00000000000001,30000 3000,1e-06,2,0.0 0.0259,0.0 0.0,-1.0 0.0,0.00054857 28.0,80000,1000,5e-10,0.0,0.0 0.0 0.0,1000 1000000 0,0,0.0,0,100,0,,20,,1,,,,1.0,10.0,0.1,False,{},,,False,3,mixed,250,300,True,Ar_Aubin,,False,uniform,Argon-Aubin-Test2/20Td,3.0000000000000005e+21,1.09567e+24,0.0,1.63108e-13,1.6307755555555557e-13,0.0,0.0,0.0,0.0,0.0,0.0,0.0,0.0,0.0,0.0,0.0,0.0,8.88888888888889e-19,4.444444444444445e-19,0.0,2.2222222222222226e-19,6.666666666666668e-19,8.88888888888889e-19,0.0,4.444444444444445e-19,2.2222222222222226e-19,0.0,8.88888888888889e-19,1.0666666666666668e-17,6.8888888888888895e-18,7.777777777777779e-18,0.0,2.2222222222222226e-19,2.2222222222222226e-19,0.0,0.0,0.0,2485.3611926933804,453.36755398138604,1524.7637618162614,680.3893018812001,1656.2098147365757,-1147.6165792415995,302.1967448676587,-2420.9240768890263,20556.95999999996,1.0278479999999981e+24,0.0,0.0
3.325e-05,164212.0,5.47374,3e+22,859.749,3461.27,15304.5,3.68829,3.62116,3.63662,0.000753703854,-0.000843450997,0.732527416,0.139938926,0.141096394,0.617866041,0.00116438597,0.000729110204,-0.00102966129,2601.08175,226.273172,-1555.16991,-2212.39972,2475.15718,-844.960904,-949.477784,838.499769,13805.2458,66500.0,164212.131507,5.473737717,-60.00000000000001,30000 3000,1e-06,2,0.0 0.0259,0.0 0.0,-1.0 0.0,0.00054857 28.0,80000,1000,5e-10,0.0,0.0 0.0 0.0,1000 1000000 0,0,0.0,0,100,0,,20,,1,,,,1.0,10.0,0.1,False,{},,,False,3,mixed,250,300,True,Ar_Aubin,,False,uniform,Argon-Aubin-Test2/20Td,3.0000000000000005e+21,7.65225e+23,0.0,1.6345422222222223e-13,1.634257777777778e-13,0.0,0.0,0.0,0.0,0.0,0.0,0.0,0.0,0.0,2.2222222222222226e-19,0.0,0.0,4.444444444444445e-19,6.666666666666668e-19,2.2222222222222226e-19,0.0,0.0,4.444444444444445e-19,0.0,8.88888888888889e-19,6.666666666666668e-19,4.444444444444445e-19,1.3333333333333336e-18,8.222222222222223e-18,6.444444444444445e-18,8.222222222222223e-18,0.0,2.2222222222222226e-19,0.0,0.0,0.0,0.0,2936.619156455045,2600.433753865227,1906.5273395946215,2478.076591632386,822.6690631374379,2594.2799618280005,-1286.4013695522383,-3145.972468012127,19751.840000001852,9.875920000000926e+23,0.0,0.0
3.33e-05,164427.0,5.48091,3e+22,823.994,-2603.45,20130.0,3.66093,3.65058,3.64797,0.000866051138,-0.00103687945,0.733650167,0.140148712,0.141269747,0.619660028,0.00113906871,0.000693902388,-0.00117853401,1542.10207,-3207.45705,-155.899874,-2909.59874,2689.58072,1272.10151,2483.40458,-781.465297,17543.9594,66600.0,164427.24619,5.480908206,-60.00000000000001,30000 3000,1e-06,2,0.0 0.0259,0.0 0.0,-1.0 0.0,0.00054857 28.0,80000,1000,5e-10,0.0,0.0 0.0 0.0,1000 1000000 0,0,0.0,0,100,0,,20,,1,,,,1.0,10.0,0.1,False,{},,,False,3,mixed,250,300,True,Ar_Aubin,,False,uniform,Argon-Aubin-Test2/20Td,3.0000000000000005e+21,1.0065e+24,0.0,1.6336777777777778e-13,1.6333711111111113e-13,0.0,0.0,0.0,0.0,0.0,0.0,0.0,0.0,0.0,0.0,0.0,0.0,6.666666666666668e-19,2.2222222222222226e-19,0.0,0.0,0.0,2.2222222222222226e-19,0.0,6.666666666666668e-19,6.666666666666668e-19,0.0,2e-18,7.555555555555556e-18,8e-18,1.0222222222222223e-17,0.0,2.2222222222222226e-19,0.0,0.0,2.2222222222222226e-19,0.0,2096.0402492589683,1541.3884490585947,1729.8929059050838,2686.8812561958975,1478.346525093377,2775.58153829,-2369.552828487573,1705.547760885062,22455.01999999844,1.1227509999999222e+24,0.0,0.0
3.335e-05,164449.0,5.48165,3e+22,-2136.59,1248.91,22373.4,3.61854,3.63592,3.70594,0.000938147344,-0.000966768459,0.734664972,0.140310392,0.141427032,0.621326335,0.00110258781,0.000699173172,-0.001164228,-2023.29751,-1282.96958,-3394.75366,811.306502,423.421979,-804.208476,-1235.49628,-1715.1782,14633.7928,66700.0,164449.353385,5.481645113,-60.00000000000001,30000 3000,1e-06,2,0.0 0.0259,0.0 0.0,-1.0 0.0,0.00054857 28.0,80000,1000,5e-10,0.0,0.0 0.0 0.0,1000 1000000 0,0,0.0,0,100,0,,20,,1,,,,1.0,10.0,0.1,False,{},,,False,3,mixed,250,300,True,Ar_Aubin,,False,uniform,Argon-Aubin-Test2/20Td,3.0000000000000005e+21,1.1186700000000002e+24,0.0,1.6358288888888888e-13,1.6355244444444447e-13,2.2222222222222226e-19,0.0,0.0,0.0,0.0,0.0,0.0,0.0,0.0,2.2222222222222226e-19,0.0,0.0,8.88888888888889e-19,2.2222222222222226e-19,0.0,0.0,2.2222222222222226e-19,6.666666666666668e-19,4.444444444444445e-19,1.1111111111111113e-18,2.2222222222222226e-19,2.2222222222222226e-19,2.4444444444444447e-18,8.88888888888889e-18,5.555555555555556e-18,8.88888888888889e-18,0.0,0.0,2.2222222222222226e-19,0.0,0.0,0.0,1615.4992413458524,-2021.2930737662832,1574.254777405304,424.6293857961297,1762.5345536698146,-1803.1604845448019,-971.4929237478859,-3081.561653260769,20296.10000000126,1.014805000000063e+24,0.0,0.0
3.34e-05,164275.0,5.47583,3e+22,-10464.1,11451.2,12617.5,3.66813,3.61421,3.66705,0.000820834205,-0.000881200403,0.735641091,0.140460468,0.141546851,0.622825056,0.00108670519,0.000605216169,-0.00108887974,2329.15783,-886.544723,2538.70865,-2951.76467,4029.92807,-952.196403,-6964.85268,10398.1545,11434.5688,66800.0,164274.796878,5.475826563,-60.00000000000001,30000 3000,1e-06,2,0.0 0.0259,0.0 0.0,-1.0 0.0,0.00054857 28.0,80000,1000,5e-10,0.0,0.0 0.0 0.0,1000 1000000 0,0,0.0,0,100,0,,20,,1,,,,1.0,10.0,0.1,False,{},,,False,3,mixed,250,300,True,Ar_Aubin,,False,uniform,Argon-Aubin-Test2/20Td,3.0000000000000005e+21,6.30875e+23,0.0,1.6330288888888888e-13,1.632697777777778e-13,0.0,0.0,0.0,0.0,0.0,2.2222222222222226e-19,0.0,0.0,0.0,0.0,0.0,0.0,2.2222222222222226e-19,2.2222222222222226e-19,0.0,0.0,2.2222222222222226e-19,4.444444444444445e-19,0.0,2.2222222222222226e-19,2.2222222222222226e-19,8.88888888888889e-19,1.1111111111111113e-18,1.0444444444444445e-17,9.111111111111112e-18,9.111111111111112e-18,2.2222222222222226e-19,0.0,0.0,2.2222222222222226e-19,2.2222222222222226e-19,0.0,1502.8235164696314,2337.7471212045407,1199.7712710304365,4040.0188720548335,635.273160906058,2152.617334307499,-171.4476176936674,3261.3210347515123,19522.37999999884,9.761189999999421e+23,0.0,0.0
3.345e-05,164163.0,5.47211,3e+22,1745.05,10233.4,18783.4,3.65772,3.61781,3.66607,0.000781464836,-0.000872084976,0.736624834,0.140773644,0.141843293,0.624475109,0.00118221915,0.0005678078,-0.00103540526,-1487.94323,-1131.25543,91.0641648,3434.8624,3020.30472,76.2639902,790.780381,7902.17901,15149.9928,66900.0,164163.181057,5.472106035,-60.00000000000001,30000 3000,1e-06,2,0.0 0.0259,0.0 0.0,-1.0 0.0,0.00054857 28.0,80000,1000,5e-10,0.0,0.0 0.0 0.0,1000 1000000 0,0,0.0,0,100,0,,20,,1,,,,1.0,10.0,0.1,False,{},,,False,3,mixed,250,300,True,Ar_Aubin,,False,uniform,Argon-Aubin-Test2/20Td,3.0000000000000005e+21,9.391700000000002e+23,0.0,1.6294644444444445e-13,1.6291444444444445e-13,0.0,0.0,0.0,0.0,0.0,0.0,0.0,0.0,0.0,0.0,0.0,0.0,4.444444444444445e-19,2.2222222222222226e-19,0.0,0.0,2.2222222222222226e-19,6.666666666666668e-19,0.0,6.666666666666668e-19,2.2222222222222226e-19,2.2222222222222226e-19,2e-18,8.444444444444445e-18,7.111111111111112e-18,1.0666666666666668e-17,0.0,2.2222222222222226e-19,2.2222222222222226e-19,0.0,6.666666666666668e-19,0.0,3132.3908150218685,-1489.306925212062,2964.5798194491426,3029.2291143933985,2017.217021427209,1313.673893044399,-184.30807998039188,-418.28118737222223,19674.86000000074,9.83743000000037e+23,0.0,0.0
3.35e-05,163937.0,5.46457,3e+22,-3100.41,-7101.39,21270.2,3.6643,3.63403,3.62789,0.000956656715,-0.000849175626,0.737562251,0.140977167,0.142097032,0.625928139,0.0012174165,0.000638181017,-0.000986408299,865.101247,722.658148,-179.693908,410.215208,3050.87543,-56.6629664,-2852.07862,-5890.60363,18355.4789,67000.0,163937.140181,5.464571339,-60.00000000000001,30000 3000,1e-06,2,0.0 0.0259,0.0 0.0,-1.0 0.0,0.00054857 28.0,80000,1000,5e-10,0.0,0.0 0.0 0.0,1000 1000000 0,0,0.0,0,100,0,,20,,1,,,,1.0,10.0,0.1,False,{},,,False,3,mixed,250,300,True,Ar_Aubin,,False,uniform,Argon-Aubin-Test2/20Td,3.0000000000000005e+21,1.0635100000000002e+24,2.222222222222222e-19,1.631391111111111e-13,1.6310666666666668e-13,0.0,0.0,0.0,0.0,0.0,0.0,0.0,0.0,0.0,0.0,0.0,2.2222222222222226e-19,6.666666666666668e-19,4.444444444444445e-19,2.2222222222222226e-19,0.0,0.0,8.88888888888889e-19,2.2222222222222226e-19,8.88888888888889e-19,4.444444444444445e-19,8.88888888888889e-19,2e-18,7.555555555555556e-18,6.8888888888888895e-18,1.0444444444444445e-17,0.0,0.0,2.2222222222222226e-19,0.0,2.2222222222222226e-19,2.2222222222222226e-19,2032.1849521953707,868.0672750457531,2537.7843296156557,3044.8451027012798,711.0196534054759,2667.382308779799,-1191.4851610865637,-765.3754290364832,18748.33999999881,9.374169999999407e+23,1.1852901228708051e-23,1.0447584988491984e-23
3.355e-05,164474.0,5.48246,3e+22,-5959.04,-626.801,25375.0,3.66913,3.62888,3.66305,0.000908995782,-0.000821383044,0.738692373,0.141165267,0.142408343,0.627704887,0.00128449247,0.000569367698,-0.00101441848,4682.94869,1214.05943,-663.154796,-601.202142,1330.43136,-806.698817,-5809.17818,-1288.77361,16576.5443,67100.0,164473.887369,5.482462912,-60.00000000000001,30000 3000,1e-06,2,0.0 0.0259,0.0 0.0,-1.0 0.0,0.00054857 28.0,80000,1000,5e-10,0.0,0.0 0.0 0.0,1000 1000000 0,0,0.0,0,100,0,,20,,1,,,,1.0,10.0,0.1,False,{},,,False,3,mixed,250,300,True,Ar_Aubin,,False,uniform,Argon-Aubin-Test2/20Td,3.0000000000000005e+21,1.2687500000000001e+24,0.0,1.633231111111111e-13,1.6329844444444446e-13,0.0,0.0,0.0,0.0,0.0,2.2222222222222226e-19,0.0,0.0,0.0,0.0,0.0,0.0,4.444444444444445e-19,2.2222222222222226e-19,2.2222222222222226e-19,0.0,2.2222222222222226e-19,4.444444444444445e-19,2.2222222222222226e-19,6.666666666666668e-19,6.666666666666668e-19,6.666666666666668e-19,4.444444444444445e-19,8.444444444444445e-18,6.0000000000000004e-18,5.333333333333334e-18,0.0,0.0,2.2222222222222226e-19,0.0,2.2222222222222226e-19,0.0,1881.8891873867428,4688.365432224769,3113.5742913879217,1329.9165162866377,1084.0017181590333,-2167.774664875,-693.7538020581062,-2093.5013455663293,22602.440000001334,1.1301220000000668e+24,0.0,0.0
3.36e-05,164676.0,5.48919,3e+22,-1050.82,-2703.68,17482.6,3.64441,3.64559,3.6866,0.000987793027,-0.000955063569,0.739767808,0.141499563,0.142631071,0.629429677,0.00126159018,0.000626266454,-0.00112705975,2381.27947,-920.697731,1971.08788,887.507106,2106.92756,2161.91354,136.599763,-1138.35803,15345.3357,67200.0,164675.843066,5.489194769,-60.00000000000001,30000 3000,1e-06,2,0.0 0.0259,0.0 0.0,-1.0 0.0,0.00054857 28.0,80000,1000,5e-10,0.0,0.0 0.0 0.0,1000 1000000 0,0,0.0,0,100,0,,20,,1,,,,1.0,10.0,0.1,False,{},,,False,3,mixed,250,300,True,Ar_Aubin,,False,uniform,Argon-Aubin-Test2/20Td,3.0000000000000005e+21,8.7413e+23,0.0,1.63926e-13,1.6389688888888892e-13,0.0,0.0,0.0,2.2222222222222226e-19,0.0,0.0,0.0,2.2222222222222226e-19,0.0,0.0,0.0,0.0,4.444444444444445e-19,0.0,0.0,0.0,2.2222222222222226e-19,8.88888888888889e-19,0.0,1.3333333333333336e-18,8.88888888888889e-19,8.88888888888889e-19,2.2222222222222226e-19,8.444444444444445e-18,8e-18,6.8888888888888895e-18,0.0,0.0,0.0,2.2222222222222226e-19,2.2222222222222226e-19,0.0,3341.4653826749354,2382.3174626686323,2224.9052368414345,2104.3453737297664,1348.0217524619586,2412.2710198592013,-47.40950177808002,2867.7812606287303,21508.69999999916,1.0754349999999581e+24,0.0,0.0
3.365e-05,164402.0,5.48005,3e+22,3765.6,-11607.2,13901.5,3.63165,3.65753,3.66898,0.000872221828,-0.00113716954,0.740715474,0.141722235,0.142889319,0.630963118,0.00126239298,0.000547469551,-0.0012255346,4378.08143,-411.475936,-1911.5344,731.344864,3132.24466,-1335.91381,137.693095,-8937.89549,12694.2846,67300.0,164401.626623,5.480054221,-60.00000000000001,30000 3000,1e-06,2,0.0 0.0259,0.0 0.0,-1.0 0.0,0.00054857 28.0,80000,1000,5e-10,0.0,0.0 0.0 0.0,1000 1000000 0,0,0.0,0,100,0,,20,,1,,,,1.0,10.0,0.1,False,{},,,False,3,mixed,250,300,True,Ar_Aubin,,False,uniform,Argon-Aubin-Test2/20Td,3.0000000000000005e+21,6.95075e+23,0.0,1.6370755555555554e-13,1.63674e-13,0.0,0.0,0.0,0.0,0.0,2.2222222222222226e-19,0.0,0.0,0.0,0.0,0.0,2.2222222222222226e-19,0.0,2.2222222222222226e-19,0.0,0.0,0.0,2.2222222222222226e-19,0.0,8.88888888888889e-19,6.666666666666668e-19,1.1111111111111113e-18,2.4444444444444447e-18,1.2000000000000001e-17,6.8888888888888895e-18,7.333333333333334e-18,0.0,0.0,0.0,2.2222222222222226e-19,1.1111111111111113e-18,0.0,2228.869641469622,4374.796991484483,2578.669918581189,3119.0453057153118,1304.3733008022418,2397.2284381890004,117.44749162616655,-4575.204685636342,18953.320000001386,9.476660000000695e+23,0.0,0.0
3.37e-05,164328.0,5.4776,3e+22,-2238.89,6914.57,16950.2,3.65313,3.65795,3.64219,0.000821334947,-0.00127230146,0.741663069,0.141924471,0.143177527,0.632460989,0.00127835457,0.000493901482,-0.00128220165,-648.608959,599.557552,-46.0713229,-1375.71713,838.703967,1514.58116,-1478.88491,7369.70743,14937.2358,67400.0,164328.087648,5.477602922,-60.00000000000001,30000 3000,1e-06,2,0.0 0.0259,0.0 0.0,-1.0 0.0,0.00054857 28.0,80000,1000,5e-10,0.0,0.0 0.0 0.0,1000 1000000 0,0,0.0,0,100,0,,20,,1,,,,1.0,10.0,0.1,False,{},,,False,3,mixed,250,300,True,Ar_Aubin,,False,uniform,Argon-Aubin-Test2/20Td,3.0000000000000005e+21,8.475100000000002e+23,0.0,1.63646e-13,1.6361600000000003e-13,0.0,0.0,0.0,0.0,0.0,0.0,0.0,0.0,0.0,0.0,0.0,0.0,4.444444444444445e-19,0.0,0.0,0.0,2.2222222222222226e-19,8.88888888888889e-19,0.0,1.3333333333333336e-18,6.666666666666668e-19,8.88888888888889e-19,1.3333333333333336e-18,9.333333333333335e-18,4.222222222222222e-18,1.0222222222222223e-17,0.0,2.2222222222222226e-19,0.0,0.0,2.2222222222222226e-19,0.0,2023.221798220787,-646.7700804005112,2878.824035575933,847.5013845062722,931.7650454587767,2365.8984478362,-333.0732341761192,121.62400403477045,18951.899999999358,9.47594999999968e+23,0.0,0.0
3.375e-05,164282.0,5.47608,3e+22,473.529,6255.07,22695.4,3.65323,3.64727,3.64851,0.000906186095,-0.00126984216,0.742687269,0.142168622,0.14325656,0.634166483,0.00122073792,0.0005393745,-0.00128319004,2005.35552,-291.402074,-2704.40423,-3362.94683,205.810032,-1825.58563,1714.38897,4372.38423,19923.6785,67500.0,164282.457178,5.476081906,-60.00000000000001,30000 3000,1e-06,2,0.0 0.0259,0.0 0.0,-1.0 0.0,0.00054857 28.0,80000,1000,5e-10,0.0,0.0 0.0 0.0,1000 1000000 0,0,0.0,0,100,0,,20,,1,,,,1.0,10.0,0.1,False,{},,,False,3,mixed,250,300,True,Ar_Aubin,,False,uniform,Argon-Aubin-Test2/20Td,3.0000000000000005e+21,1.1347700000000002e+24,0.0,1.6345488888888888e-13,1.634226666666667e-13,0.0,0.0,0.0,0.0,0.0,0.0,0.0,0.0,0.0,0.0,0.0,2.2222222222222226e-19,0.0,0.0,0.0,0.0,0.0,4.444444444444445e-19,0.0,4.444444444444445e-19,1.3333333333333336e-18,1.1111111111111113e-18,1.5555555555555556e-18,1e-17,8.88888888888889e-18,7.777777777777779e-18,0.0,2.2222222222222226e-19,0.0,0.0,2.2222222222222226e-19,0.0,2440.044178563805,2004.9264146046207,790.3925189381433,213.75298359975122,1852.223838203493,3068.0938551373984,-367.72121264704464,-1362.2654757027642,20484.000000000615,1.0242000000000308e+24,0.0,0.0
3.38e-05,164394.0,5.47981,3e+22,-4118.95,-2575.39,29205.1,3.66972,3.63345,3.65148,0.000930986496,-0.00133085607,0.743782242,0.14231906,0.143419006,0.635945351,0.00125313108,0.000574944721,-0.00136221897,-1012.07419,1171.94992,-1780.97201,-2520.42134,1714.29374,2337.28195,-2055.78695,-3691.69405,20770.7822,67600.0,164394.444527,5.479814818,-60.00000000000001,30000 3000,1e-06,2,0.0 0.0259,0.0 0.0,-1.0 0.0,0.00054857 28.0,80000,1000,5e-10,0.0,0.0 0.0 0.0,1000 1000000 0,0,0.0,0,100,0,,20,,1,,,,1.0,10.0,0.1,False,{},,,False,3,mixed,250,300,True,Ar_Aubin,,False,uniform,Argon-Aubin-Test2/20Td,3.0000000000000005e+21,1.4602550000000002e+24,0.0,1.63332e-13,1.6330022222222224e-13,0.0,0.0,0.0,0.0,0.0,0.0,0.0,0.0,0.0,0.0,0.0,0.0,8.88888888888889e-19,2.2222222222222226e-19,0.0,2.2222222222222226e-19,0.0,8.88888888888889e-19,4.444444444444445e-19,6.666666666666668e-19,2.2222222222222226e-19,0.0,8.88888888888889e-19,1.0666666666666668e-17,7.111111111111112e-18,9.555555555555557e-18,0.0,0.0,0.0,0.0,0.0,0.0,1503.9243738304565,-1008.2395031723008,1622.8732123224622,1710.8662665858828,1512.2402013190151,-951.4525558341957,322.6374766944116,-800.3466480284301,21899.45999999887,1.0949729999999436e+24,0.0,0.0
3.385e-05,164097.0,5.4699,3e+22,-195.374,270.396,17612.0,3.64612,3.6471,3.64482,0.000990604418,-0.00137555737,0.744705618,0.142591231,0.143711954,0.63749062,0.00133930544,0.000592190797,-0.00139338043,5416.7084,2105.52718,1477.24359,1187.05851,2012.3042,541.769572,1900.28121,376.533722,12839.5497,67700.0,164097.118918,5.469903964,-60.00000000000001,30000 3000,1e-06,2,0.0 0.0259,0.0 0.0,-1.0 0.0,0.00054857 28.0,80000,1000,5e-10,0.0,0.0 0.0 0.0,1000 1000000 0,0,0.0,0,100,0,,20,,1,,,,1.0,10.0,0.1,False,{},,,False,3,mixed,250,300,True,Ar_Aubin,,False,uniform,Argon-Aubin-Test2/20Td,3.0000000000000005e+21,8.806000000000001e+23,0.0,1.6337044444444445e-13,1.6333688888888892e-13,0.0,0.0,0.0,0.0,0.0,2.2222222222222226e-19,0.0,0.0,0.0,0.0,0.0,0.0,4.444444444444445e-19,0.0,2.2222222222222226e-19,0.0,0.0,2.2222222222222226e-19,0.0,8.88888888888889e-19,6.666666666666668e-19,6.666666666666668e-19,2e-18,8.666666666666667e-18,9.333333333333335e-18,1e-17,0.0,0.0,0.0,0.0,2.2222222222222226e-19,0.0,2720.5643874278485,5416.9019383475625,2928.270198009064,2012.6761452106186,1708.3503378456655,-276.205644216001,-560.2275206723268,3505.574390401316,18467.520000000626,9.233760000000313e+23,0.0,0.0
3.39e-05,164077.0,5.46923,3e+22,-479.881,8327.95,16477.0,3.63794,3.6606,3.63798,0.000850144,-0.00127856151,0.745725143,0.142748456,0.143861871,0.639152013,0.00132040562,0.000531822611,-0.00133791117,2468.39295,690.70829,-202.24867,-763.191804,1914.60617,2205.46355,364.170545,5772.39268,14784.0116,67800.0,164076.814478,5.469227149,-60.00000000000001,30000 3000,1e-06,2,0.0 0.0259,0.0 0.0,-1.0 0.0,0.00054857 28.0,80000,1000,5e-10,0.0,0.0 0.0 0.0,1000 1000000 0,0,0.0,0,100,0,,20,,1,,,,1.0,10.0,0.1,False,{},,,False,3,mixed,250,300,True,Ar_Aubin,,False,uniform,Argon-Aubin-Test2/20Td,3.0000000000000005e+21,8.2385e+23,0.0,1.6336555555555555e-13,1.6333422222222225e-13,0.0,0.0,0.0,0.0,0.0,2.2222222222222226e-19,0.0,0.0,0.0,0.0,0.0,2.2222222222222226e-19,4.444444444444445e-19,0.0,2.2222222222222226e-19,0.0,0.0,6.666666666666668e-19,0.0,6.666666666666668e-19,1.1111111111111113e-18,4.444444444444445e-19,2.2222222222222226e-18,9.333333333333335e-18,7.111111111111112e-18,8e-18,0.0,0.0,2.2222222222222226e-19,0.0,4.444444444444445e-19,0.0,1574.8355229219803,2468.800917952864,1501.744385433157,1925.2539663272046,1418.6157839146674,2496.6984187889993,867.3346665925668,505.773379659983,20390.500000000422,1.0195250000000211e+24,0.0,0.0
3.395e-05,164045.0,5.46816,3e+22,-188.004,-1986.57,18282.9,3.68126,3.59062,3.66252,0.000801794339,-0.00135090292,0.746718558,0.143000586,0.144089554,0.640699739,0.00139905103,0.000544710307,-0.00141894811,2706.26068,2651.54545,-1156.69444,-151.961826,2515.06113,-1390.57333,-785.198322,-3743.74266,15004.0208,67900.0,164044.839559,5.468161319,-60.00000000000001,30000 3000,1e-06,2,0.0 0.0259,0.0 0.0,-1.0 0.0,0.00054857 28.0,80000,1000,5e-10,0.0,0.0 0.0 0.0,1000 1000000 0,0,0.0,0,100,0,,20,,1,,,,1.0,10.0,0.1,False,{},,,False,3,mixed,250,300,True,Ar_Aubin,,False,uniform,Argon-Aubin-Test2/20Td,3.0000000000000005e+21,9.14145e+23,0.0,1.6308e-13,1.6304911111111113e-13,0.0,0.0,0.0,0.0,2.2222222222222226e-19,0.0,0.0,0.0,0.0,0.0,0.0,0.0,6.666666666666668e-19,2.2222222222222226e-19,0.0,0.0,0.0,2.2222222222222226e-19,2.2222222222222226e-19,8.88888888888889e-19,6.666666666666668e-19,8.88888888888889e-19,1.5555555555555556e-18,9.555555555555557e-18,8.88888888888889e-18,6.8888888888888895e-18,0.0,0.0,0.0,0.0,0.0,0.0,2522.0987065871504,2706.411420542909,2274.9278083558643,2512.377466786216,651.1004077114358,1351.8400759418,962.934786798977,-1816.1658119422711,19868.29999999884,9.934149999999419e+23,0.0,0.0
3.4e-05,164249.0,5.47496,3e+22,-5154.77,-699.2,10710.5,3.62306,3.68103,3.64502,0.000837051213,-0.0015022089,0.747754571,0.143197633,0.144255085,0.642371882,0.00140134589,0.000605575518,-0.00157930958,1564.42413,-1353.97558,-1067.64026,-746.579811,2550.38892,1632.52765,-2945.89629,-1729.12497,9988.3097,68000.0,164248.654225,5.474955141,-60.00000000000001,30000 3000,1e-06,2,0.0 0.0259,0.0 0.0,-1.0 0.0,0.00054857 28.0,80000,1000,5e-10,0.0,0.0 0.0 0.0,1000 1000000 0,0,0.0,0,100,0,,20,,1,,,,1.0,10.0,0.1,False,{},,,False,3,mixed,250,300,True,Ar_Aubin,,False,uniform,Argon-Aubin-Test2/20Td,3.0000000000000005e+21,5.3552500000000006e+23,0.0,1.6288555555555556e-13,1.628577777777778e-13,0.0,2.2222222222222226e-19,0.0,0.0,0.0,0.0,2.2222222222222226e-19,0.0,0.0,0.0,0.0,0.0,0.0,4.444444444444445e-19,0.0,0.0,0.0,4.444444444444445e-19,0.0,6.666666666666668e-19,4.444444444444445e-19,2.2222222222222226e-19,6.666666666666668e-19,7.555555555555556e-18,8.222222222222223e-18,7.777777777777779e-18,0.0,2.2222222222222226e-19,0.0,0.0,6.666666666666668e-19,0.0,1969.8921942884474,1568.7389364812361,1650.9930712002574,2549.33857553712,1238.4941020526785,1979.4843673044998,673.4210589759708,-167.99895706316602,20720.260000000046,1.0360130000000023e+24,0.0,0.0
3.405e-05,164199.0,5.4733,3e+22,-178.339,-2508.92,19840.7,3.70334,3.60943,3.63157,0.000685446099,-0.00150207336,0.748865429,0.143376827,0.144420041,0.644157213,0.00136577175,0.000487487072,-0.00154809061,1884.64138,-2041.78215,2912.56823,236.410998,-604.878433,-653.790338,369.043668,-2174.83898,15166.4793,68100.0,164199.069175,5.473302306,-60.00000000000001,30000 3000,1e-06,2,0.0 0.0259,0.0 0.0,-1.0 0.0,0.00054857 28.0,80000,1000,5e-10,0.0,0.0 0.0 0.0,1000 1000000 0,0,0.0,0,100,0,,20,,1,,,,1.0,10.0,0.1,False,{},,,False,3,mixed,250,300,True,Ar_Aubin,,False,uniform,Argon-Aubin-Test2/20Td,3.0000000000000005e+21,9.92035e+23,0.0,1.6339377777777777e-13,1.6335866666666668e-13,0.0,0.0,0.0,0.0,0.0,0.0,0.0,0.0,0.0,0.0,0.0,0.0,6.666666666666668e-19,0.0,0.0,0.0,2.2222222222222226e-19,4.444444444444445e-19,0.0,1.5555555555555556e-18,6.666666666666668e-19,2.2222222222222226e-19,1.5555555555555556e-18,1.2000000000000001e-17,7.777777777777779e-18,9.555555555555557e-18,0.0,2.2222222222222226e-19,0.0,0.0,2.2222222222222226e-19,0.0,1794.2481837857072,1884.7636217718496,1649.5640720040617,-608.6470148943712,1227.98700040061,308.4649828397014,-109.72924604333679,3401.564079326002,22217.159999999847,1.1108579999999924e+24,0.0,0.0
3.41e-05,163958.0,5.46525,3e+22,6436.68,-4570.94,10484.5,3.61272,3.61498,3.70183,0.000759997277,-0.00150665888,0.74976603,0.143575332,0.144645681,0.645601254,0.001442932,0.000542311284,-0.00154268257,1260.67081,780.068484,89.1871249,1670.9287,-1103.51842,-564.435569,5909.14443,-2905.73178,7764.6762,68200.0,163957.577608,5.465252587,-60.00000000000001,30000 3000,1e-06,2,0.0 0.0259,0.0 0.0,-1.0 0.0,0.00054857 28.0,80000,1000,5e-10,0.0,0.0 0.0 0.0,1000 1000000 0,0,0.0,0,100,0,,20,,1,,,,1.0,10.0,0.1,False,{},,,False,3,mixed,250,300,True,Ar_Aubin,,False,uniform,Argon-Aubin-Test2/20Td,3.0000000000000005e+21,5.24225e+23,0.0,1.6274244444444445e-13,1.6271111111111113e-13,0.0,0.0,0.0,0.0,0.0,0.0,2.2222222222222226e-19,0.0,0.0,0.0,0.0,0.0,2.2222222222222226e-19,6.666666666666668e-19,4.444444444444445e-19,0.0,2.2222222222222226e-19,6.666666666666668e-19,0.0,6.666666666666668e-19,1.1111111111111113e-18,0.0,8.88888888888889e-19,7.777777777777779e-18,7.111111111111112e-18,9.777777777777779e-18,0.0,4.444444444444445e-19,6.666666666666668e-19,0.0,4.444444444444445e-19,0.0,1983.9724049355857,1255.7789507270797,2256.262033981382,-1110.4052673409474,943.7200939321766,-96.24574153499998,-33.7808440617753,1164.3593534688935,18012.02000000002,9.00601000000001e+23,0.0,0.0
3.415e-05,163663.0,5.45544,3e+22,-205.41,-3856.03,19615.6,3.63565,3.62423,3.64873,0.000882543525,-0.00152637115,0.750772337,0.143799462,0.144872866,0.647199417,0.00140380641,0.000619588135,-0.00156273068,979.467355,-1215.14166,-721.348302,1113.85653,2343.86086,23.5269579,-429.471761,-2685.45551,13262.7861,68300.0,163663.181223,5.455439374,-60.00000000000001,30000 3000,1e-06,2,0.0 0.0259,0.0 0.0,-1.0 0.0,0.00054857 28.0,80000,1000,5e-10,0.0,0.0 0.0 0.0,1000 1000000 0,0,0.0,0,100,0,,20,,1,,,,1.0,10.0,0.1,False,{},,,False,3,mixed,250,300,True,Ar_Aubin,,False,uniform,Argon-Aubin-Test2/20Td,3.0000000000000005e+21,9.8078e+23,2.222222222222222e-19,1.625791111111111e-13,1.6254311111111113e-13,2.2222222222222226e-19,0.0,0.0,0.0,0.0,0.0,0.0,2.2222222222222226e-19,0.0,4.444444444444445e-19,0.0,0.0,6.666666666666668e-19,2.2222222222222226e-19,0.0,2.2222222222222226e-19,2.2222222222222226e-19,4.444444444444445e-19,0.0,6.666666666666668e-19,6.666666666666668e-19,1.1111111111111113e-18,1.5555555555555556e-18,1.3777777777777779e-17,4.666666666666667e-18,1.0444444444444445e-17,0.0,0.0,0.0,0.0,2.2222222222222226e-19,2.2222222222222226e-19,2239.287127875356,979.6486382654703,2271.2521209311553,2337.9751270544652,881.6073751927167,-1464.0637536571994,-309.84545162735446,-1013.9155380258201,20126.140000000792,1.0063070000000396e+24,1.1041472543777071e-23,1.1328851639624699e-23
3.42e-05,164005.0,5.46684,3e+22,10585.2,403.541,17359.0,3.63535,3.6327,3.66328,0.000846656467,-0.00157599669,0.751895175,0.144104905,0.145113599,0.648965374,0.00139309276,0.00060337471,-0.00159544942,5815.86819,1334.00484,-1647.07376,195.018763,-306.152292,1231.71992,8113.8792,28.7674924,14010.7484,68400.0,164005.199706,5.46683999,-60.00000000000001,30000 3000,1e-06,2,0.0 0.0259,0.0 0.0,-1.0 0.0,0.00054857 28.0,80000,1000,5e-10,0.0,0.0 0.0 0.0,1000 1000000 0,0,0.0,0,100,0,,20,,1,,,,1.0,10.0,0.1,False,{},,,False,3,mixed,250,300,True,Ar_Aubin,,False,uniform,Argon-Aubin-Test2/20Td,3.0000000000000005e+21,8.679499999999999e+23,0.0,1.626131111111111e-13,1.625848888888889e-13,0.0,0.0,0.0,0.0,0.0,0.0,0.0,0.0,0.0,0.0,0.0,0.0,0.0,4.444444444444445e-19,0.0,0.0,0.0,2.2222222222222226e-19,0.0,8.88888888888889e-19,0.0,1.1111111111111113e-18,1.3333333333333336e-18,1.1333333333333335e-17,5.333333333333334e-18,7.333333333333334e-18,0.0,2.2222222222222226e-19,0.0,0.0,0.0,0.0,3055.050559004069,5806.906161965512,2405.7904332069893,-305.5163127197207,787.0481616079062,958.6000571749992,195.57854697242576,-1506.8524760206537,22456.7600000003,1.122838000000015e+24,0.0,0.0
3.425e-05,164345.0,5.47818,3e+22,1655.35,5853.68,12995.6,3.62609,3.67146,3.65765,0.000744654939,-0.00155467893,0.753066667,0.144371973,0.145419686,0.650861699,0.00142805376,0.000580318401,-0.00154936509,3408.82636,1224.58325,3798.82522,-911.662578,3075.63415,101.182903,831.244913,4439.48818,11397.2894,68500.0,164345.452051,5.478181735,-60.00000000000001,30000 3000,1e-06,2,0.0 0.0259,0.0 0.0,-1.0 0.0,0.00054857 28.0,80000,1000,5e-10,0.0,0.0 0.0 0.0,1000 1000000 0,0,0.0,0,100,0,,20,,1,,,,1.0,10.0,0.1,False,{},,,False,3,mixed,250,300,True,Ar_Aubin,,False,uniform,Argon-Aubin-Test2/20Td,3.0000000000000005e+21,6.4978e+23,0.0,1.6335977777777778e-13,1.6333000000000002e-13,0.0,0.0,0.0,0.0,0.0,0.0,0.0,0.0,2.2222222222222226e-19,0.0,0.0,0.0,4.444444444444445e-19,0.0,0.0,0.0,6.666666666666668e-19,4.444444444444445e-19,0.0,1.5555555555555556e-18,4.444444444444445e-19,6.666666666666668e-19,6.666666666666668e-19,1.0222222222222223e-17,6.8888888888888895e-18,7.333333333333334e-18,0.0,0.0,0.0,0.0,2.2222222222222226e-19,0.0,2672.303161949108,3407.5936954467265,3061.537389914826,3084.734742958962,1332.7424179188085,1610.736222334799,1055.3158088405687,3373.803988056282,23429.839999999924,1.1714919999999962e+24,0.0,0.0
3.43e-05,164120.0,5.47067,3e+22,-270.189,7576.65,13286.1,3.62952,3.66956,3.64092,0.000729419171,-0.00162813867,0.753993787,0.144511544,0.145677164,0.652419958,0.00129894534,0.000604628182,-0.00161862852,870.868119,1484.49165,2809.64373,-2236.99255,3647.70778,-1764.33969,1817.36779,5072.27939,14379.5044,68600.0,164119.979816,5.470665994,-60.00000000000001,30000 3000,1e-06,2,0.0 0.0259,0.0 0.0,-1.0 0.0,0.00054857 28.0,80000,1000,5e-10,0.0,0.0 0.0 0.0,1000 1000000 0,0,0.0,0,100,0,,20,,1,,,,1.0,10.0,0.1,False,{},,,False,3,mixed,250,300,True,Ar_Aubin,,False,uniform,Argon-Aubin-Test2/20Td,3.0000000000000005e+21,6.64305e+23,0.0,1.6308e-13,1.63048e-13,0.0,0.0,0.0,0.0,0.0,2.2222222222222226e-19,0.0,0.0,0.0,0.0,2.2222222222222226e-19,2.2222222222222226e-19,6.666666666666668e-19,0.0,0.0,0.0,4.444444444444445e-19,4.444444444444445e-19,4.444444444444445e-19,1.5555555555555556e-18,4.444444444444445e-19,4.444444444444445e-19,2e-18,8.88888888888889e-18,7.333333333333334e-18,8.222222222222223e-18,0.0,0.0,0.0,2.2222222222222226e-19,2.2222222222222226e-19,0.0,1395.9345865116602,871.0652000363933,2572.4419104664053,3660.0436168540555,1610.331118875319,4361.867546539301,702.1414185025537,4821.04121126792,18542.39999999896,9.27119999999948e+23,0.0,0.0
3.435e-05,164175.0,5.47249,3e+22,-5769.71,2534.71,25427.9,3.72844,3.57399,3.63865,0.000700247007,-0.00160085512,0.755065138,0.144739912,0.145948685,0.654207224,0.00133788905,0.000649100447,-0.00167587387,3458.0784,-325.037754,256.058429,-3583.87958,2259.10656,-13.6324244,-776.401625,1960.70844,20360.5892,68700.0,164174.696488,5.472489883,-60.00000000000001,30000 3000,1e-06,2,0.0 0.0259,0.0 0.0,-1.0 0.0,0.00054857 28.0,80000,1000,5e-10,0.0,0.0 0.0 0.0,1000 1000000 0,0,0.0,0,100,0,,20,,1,,,,1.0,10.0,0.1,False,{},,,False,3,mixed,250,300,True,Ar_Aubin,,False,uniform,Argon-Aubin-Test2/20Td,3.0000000000000005e+21,1.2713950000000002e+24,0.0,1.63204e-13,1.6317200000000002e-13,0.0,0.0,0.0,0.0,0.0,0.0,0.0,0.0,0.0,0.0,0.0,0.0,0.0,0.0,2.2222222222222226e-19,0.0,0.0,2.2222222222222226e-19,2.2222222222222226e-19,2.2222222222222226e-19,6.666666666666668e-19,6.666666666666668e-19,1.5555555555555556e-18,1.0666666666666668e-17,8.666666666666667e-18,8.444444444444445e-18,0.0,2.2222222222222226e-19,0.0,0.0,2.2222222222222226e-19,0.0,2284.0970645621182,3462.1186221587577,2716.090984135056,2263.1642634812156,1705.3421164225924,1160.8683774497986,1314.3537015629718,3818.357870500684,21427.019999999964,1.0713509999999982e+24,0.0,0.0
3.44e-05,164228.0,5.47428,3e+22,5511.79,10030.5,14156.8,3.65142,3.61229,3.68297,0.000779021189,-0.00158314091,0.75609551,0.14498407,0.146150092,0.655933521,0.00128361512,0.000746927367,-0.00166230578,-867.216535,-824.465047,1257.63997,1563.10564,-1653.87695,-495.399693,5533.00838,9803.79026,13157.3908,68800.0,164228.487607,5.47428292,-60.00000000000001,30000 3000,1e-06,2,0.0 0.0259,0.0 0.0,-1.0 0.0,0.00054857 28.0,80000,1000,5e-10,0.0,0.0 0.0 0.0,1000 1000000 0,0,0.0,0,100,0,,20,,1,,,,1.0,10.0,0.1,False,{},,,False,3,mixed,250,300,True,Ar_Aubin,,False,uniform,Argon-Aubin-Test2/20Td,3.0000000000000005e+21,7.078400000000001e+23,0.0,1.6321288888888888e-13,1.6318244444444447e-13,2.2222222222222226e-19,0.0,0.0,0.0,0.0,0.0,0.0,0.0,0.0,2.2222222222222226e-19,0.0,0.0,0.0,0.0,0.0,0.0,2.2222222222222226e-19,2.2222222222222226e-19,2.2222222222222226e-19,8.88888888888889e-19,4.444444444444445e-19,4.444444444444445e-19,1.3333333333333336e-18,8.88888888888889e-18,8.222222222222223e-18,8.222222222222223e-18,0.0,0.0,2.2222222222222226e-19,0.0,6.666666666666668e-19,0.0,2440.4147185791426,-871.5103361993183,2014.6340197432778,-1637.9972551022452,1692.3938079904667,2453.497884032,750.8919955356137,2612.180231768665,20607.440000000035,1.0303720000000018e+24,0.0,0.0
3.445e-05,164073.0,5.4691,3e+22,9950.39,-6469.43,22803.1,3.62882,3.65994,3.64568,0.000782593986,-0.00156400743,0.757131074,0.145173651,0.146229792,0.657628439,0.00127199129,0.000756964669,-0.00168138023,-1209.6843,510.122334,-1718.88834,-1357.81697,1500.4519,1333.11316,8145.7363,-1603.84492,18342.5257,68900.0,164072.865446,5.469095515,-60.00000000000001,30000 3000,1e-06,2,0.0 0.0259,0.0 0.0,-1.0 0.0,0.00054857 28.0,80000,1000,5e-10,0.0,0.0 0.0 0.0,1000 1000000 0,0,0.0,0,100,0,,20,,1,,,,1.0,10.0,0.1,False,{},,,False,3,mixed,250,300,True,Ar_Aubin,,False,uniform,Argon-Aubin-Test2/20Td,3.0000000000000005e+21,1.1401550000000001e+24,0.0,1.631708888888889e-13,1.6313666666666669e-13,0.0,0.0,0.0,0.0,0.0,0.0,2.2222222222222226e-19,0.0,2.2222222222222226e-19,2.2222222222222226e-19,0.0,0.0,4.444444444444445e-19,0.0,0.0,0.0,0.0,1.1111111111111113e-18,0.0,1.5555555555555556e-18,1.3333333333333336e-18,6.666666666666668e-19,1.3333333333333336e-18,9.777777777777779e-18,5.333333333333334e-18,1.1555555555555557e-17,0.0,2.2222222222222226e-19,0.0,2.2222222222222226e-19,0.0,0.0,1895.7542066597166,-1217.4714153723544,797.6021589981009,1490.3336634121351,1278.7502576649956,1077.5901064705977,130.51000143280606,-1124.7470763410174,20711.280000000887,1.0355640000000443e+24,0.0,0.0
3.45e-05,163694.0,5.45645,3e+22,-12860.7,-7185.38,13039.0,3.64417,3.65041,3.61612,0.000948411378,-0.00153886615,0.758057818,0.145412565,0.146520166,0.659111379,0.00132298722,0.000811525533,-0.00169230039,2949.78121,2833.07952,-3759.99729,100.435339,2092.34902,432.046446,-7455.19205,-6791.87569,11806.0049,69000.0,163693.558811,5.45645196,-60.00000000000001,30000 3000,1e-06,2,0.0 0.0259,0.0 0.0,-1.0 0.0,0.00054857 28.0,80000,1000,5e-10,0.0,0.0 0.0 0.0,1000 1000000 0,0,0.0,0,100,0,,20,,1,,,,1.0,10.0,0.1,False,{},,,False,3,mixed,250,300,True,Ar_Aubin,,False,uniform,Argon-Aubin-Test2/20Td,3.0000000000000005e+21,6.5195e+23,0.0,1.6247888888888888e-13,1.6244355555555557e-13,2.2222222222222226e-19,0.0,0.0,0.0,0.0,0.0,0.0,0.0,0.0,0.0,0.0,0.0,0.0,0.0,0.0,0.0,2.2222222222222226e-19,2.2222222222222226e-19,0.0,6.666666666666668e-19,4.444444444444445e-19,4.444444444444445e-19,1.3333333333333336e-18,1.0444444444444445e-17,8.444444444444445e-18,1.2000000000000001e-17,0.0,2.2222222222222226e-19,2.2222222222222226e-19,4.444444444444445e-19,0.0,0.0,2386.2696920501357,2961.9784442090445,2904.5201021349335,2081.291681943113,787.4778547234396,1921.6890110979984,-1437.2714129386438,-1478.4014960051409,18534.8800000007,9.26744000000035e+23,0.0,0.0
3.455e-05,163753.0,5.45842,3e+22,-3968.46,1146.65,21997.9,3.65014,3.64804,3.61582,0.000925308665,-0.00144967987,0.759163272,0.145621681,0.146766165,0.660967478,0.00135119876,0.000782321309,-0.00162877726,4249.0085,2918.87568,1493.91752,113.942683,1995.73066,2829.13322,-1884.21574,427.879359,17572.3006,69100.0,163752.722763,5.458424092,-60.00000000000001,30000 3000,1e-06,2,0.0 0.0259,0.0 0.0,-1.0 0.0,0.00054857 28.0,80000,1000,5e-10,0.0,0.0 0.0 0.0,1000 1000000 0,0,0.0,0,100,0,,20,,1,,,,1.0,10.0,0.1,False,{},,,False,3,mixed,250,300,True,Ar_Aubin,,False,uniform,Argon-Aubin-Test2/20Td,3.0000000000000005e+21,1.0998950000000001e+24,0.0,1.6268866666666667e-13,1.6265555555555557e-13,0.0,0.0,0.0,0.0,0.0,2.2222222222222226e-19,0.0,0.0,0.0,0.0,2.2222222222222226e-19,0.0,8.88888888888889e-19,0.0,0.0,0.0,2.2222222222222226e-19,2.2222222222222226e-19,0.0,4.444444444444445e-19,2.2222222222222226e-19,0.0,1.3333333333333336e-18,1.1777777777777779e-17,7.555555555555556e-18,1e-17,0.0,0.0,0.0,0.0,0.0,0.0,2091.5928801640284,4252.680550424706,2462.6553730214273,1997.3929354229354,1788.8087717521373,872.3028588711968,-254.27835916597402,2602.0560109193166,22109.079999999005,1.1054539999999503e+24,0.0,0.0
3.46e-05,163653.0,5.4551,3e+22,-1961.63,3208.5,17332.3,3.65902,3.66397,3.58543,0.000913531511,-0.00125785405,0.760229383,0.145759708,0.146933199,0.662764732,0.00137273261,0.000783085784,-0.00147862729,610.388327,584.405639,1754.27965,-2699.6143,1693.06606,-1833.69266,-483.692149,140.666058,15287.0953,69200.0,163653.106758,5.455103559,-60.00000000000001,30000 3000,1e-06,2,0.0 0.0259,0.0 0.0,-1.0 0.0,0.00054857 28.0,80000,1000,5e-10,0.0,0.0 0.0 0.0,1000 1000000 0,0,0.0,0,100,0,,20,,1,,,,1.0,10.0,0.1,False,{},,,False,3,mixed,250,300,True,Ar_Aubin,,False,uniform,Argon-Aubin-Test2/20Td,3.0000000000000005e+21,8.66615e+23,0.0,1.6230488888888888e-13,1.6227044444444446e-13,0.0,0.0,0.0,0.0,0.0,0.0,0.0,0.0,0.0,2.2222222222222226e-19,4.444444444444445e-19,0.0,4.444444444444445e-19,0.0,0.0,0.0,2.2222222222222226e-19,6.666666666666668e-19,0.0,1.1111111111111113e-18,2.2222222222222226e-19,2.2222222222222226e-19,1.5555555555555556e-18,8.666666666666667e-18,8.444444444444445e-18,1.1111111111111113e-17,0.0,0.0,0.0,2.2222222222222226e-19,8.88888888888889e-19,0.0,1380.486563039296,612.1803378179229,1675.5337491436428,1697.101884719425,1774.1277718530403,2110.571565029102,174.6266354552841,2746.0426633661846,21322.219999999616,1.0661109999999808e+24,0.0,0.0
3.465e-05,163506.0,5.4502,3e+22,7015.23,-4467.68,19422.6,3.60222,3.67873,3.61691,0.000893429186,-0.00129390128,0.761261986,0.145902346,0.14700555,0.664377176,0.00138503151,0.000766946987,-0.00150602995,-1158.15158,2165.53242,-865.930121,-2965.60516,847.277712,-1858.73959,5312.78321,-1867.13053,15330.2527,69300.0,163505.934662,5.450197822,-60.00000000000001,30000 3000,1e-06,2,0.0 0.0259,0.0 0.0,-1.0 0.0,0.00054857 28.0,80000,1000,5e-10,0.0,0.0 0.0 0.0,1000 1000000 0,0,0.0,0,100,0,,20,,1,,,,1.0,10.0,0.1,False,{},,,False,3,mixed,250,300,True,Ar_Aubin,,False,uniform,Argon-Aubin-Test2/20Td,3.0000000000000005e+21,9.7113e+23,0.0,1.6213133333333333e-13,1.6209688888888891e-13,0.0,0.0,0.0,0.0,0.0,0.0,0.0,0.0,0.0,0.0,0.0,0.0,4.444444444444445e-19,0.0,0.0,0.0,2.2222222222222226e-19,8.88888888888889e-19,0.0,1.1111111111111113e-18,4.444444444444445e-19,4.444444444444445e-19,2e-18,9.333333333333335e-18,7.333333333333334e-18,1.1777777777777779e-17,0.0,0.0,2.2222222222222226e-19,2.2222222222222226e-19,0.0,0.0,1426.7432411119164,-1164.4191912285028,722.5901628873933,841.4969751293695,413.4744789652256,544.5656507164003,-35.57953052271386,-910.9275507547836,20652.059999999306,1.0326029999999654e+24,0.0,0.0
3.47e-05,163714.0,5.45713,3e+22,1791.11,-4508.2,20926.1,3.6148,3.64022,3.65662,0.00094697687,-0.0014051274,0.762326743,0.146112693,0.147181664,0.666126152,0.00140509556,0.000792535223,-0.00156007459,728.52547,1769.98865,-170.656591,65.4828339,-596.381859,-342.625109,3909.73998,-2719.43168,16404.3519,69400.0,163714.014845,5.457133828,-60.00000000000001,30000 3000,1e-06,2,0.0 0.0259,0.0 0.0,-1.0 0.0,0.00054857 28.0,80000,1000,5e-10,0.0,0.0 0.0 0.0,1000 1000000 0,0,0.0,0,100,0,,20,,1,,,,1.0,10.0,0.1,False,{},,,False,3,mixed,250,300,True,Ar_Aubin,,False,uniform,Argon-Aubin-Test2/20Td,3.0000000000000005e+21,1.046305e+24,0.0,1.62286e-13,1.6225733333333334e-13,0.0,0.0,0.0,2.2222222222222226e-19,0.0,0.0,0.0,0.0,0.0,2.2222222222222226e-19,0.0,2.2222222222222226e-19,6.666666666666668e-19,0.0,0.0,0.0,4.444444444444445e-19,4.444444444444445e-19,2.2222222222222226e-19,8.88888888888889e-19,2.2222222222222226e-19,6.666666666666668e-19,8.88888888888889e-19,1e-17,5.555555555555556e-18,7.555555555555556e-18,0.0,0.0,0.0,2.2222222222222226e-19,2.2222222222222226e-19,0.0,2102.484505180635,726.8293302583744,1758.1379751213656,-602.71645434468,1267.2423567605674,451.8262433077016,-323.6776103742204,2353.8558036659633,21295.140000001655,1.0647570000000829e+24,0.0,0.0
3.475e-05,163904.0,5.46346,3e+22,2755.29,1048.83,21124.0,3.64208,3.63796,3.6443,0.000962683448,-0.00132957191,0.763450271,0.146295219,0.147434507,0.667973431,0.00141869913,0.000844972351,-0.00151684567,-1660.11448,-1984.71353,1399.99049,2653.56578,2482.97166,-297.30354,3985.54938,2261.14855,14970.2897,69500.0,163903.763645,5.463458788,-60.00000000000001,30000 3000,1e-06,2,0.0 0.0259,0.0 0.0,-1.0 0.0,0.00054857 28.0,80000,1000,5e-10,0.0,0.0 0.0 0.0,1000 1000000 0,0,0.0,0,100,0,,20,,1,,,,1.0,10.0,0.1,False,{},,,False,3,mixed,250,300,True,Ar_Aubin,,False,uniform,Argon-Aubin-Test2/20Td,3.0000000000000005e+21,1.0562e+24,0.0,1.6254155555555554e-13,1.6251066666666668e-13,0.0,0.0,0.0,0.0,0.0,0.0,0.0,0.0,0.0,0.0,0.0,0.0,2.2222222222222226e-19,2.2222222222222226e-19,0.0,0.0,6.666666666666668e-19,6.666666666666668e-19,0.0,1.5555555555555556e-18,1.1111111111111113e-18,4.444444444444445e-19,1.1111111111111113e-18,7.111111111111112e-18,8e-18,9.333333333333335e-18,0.0,2.2222222222222226e-19,2.2222222222222226e-19,0.0,0.0,0.0,1824.9600577127658,-1662.7669520774398,2530.4962154637515,2484.3661549063654,1330.258030146636,-1156.8338246040003,787.6396348124003,3261.677247660858,22470.559999998586,1.1235279999999293e+24,0.0,0.0
3.48e-05,163695.0,5.4565,3e+22,493.857,2919.65,14424.0,3.63585,3.63835,3.63756,0.00101764318,-0.00125680841,0.764345365,0.146524953,0.147599656,0.669459617,0.00144439845,0.000941271161,-0.00146327434,-564.223626,1819.89816,165.957169,1921.75351,-365.07208,-2074.82297,-217.24544,2666.48394,10609.2498,69600.0,163695.025514,5.45650085,-60.00000000000001,30000 3000,1e-06,2,0.0 0.0259,0.0 0.0,-1.0 0.0,0.00054857 28.0,80000,1000,5e-10,0.0,0.0 0.0 0.0,1000 1000000 0,0,0.0,0,100,0,,20,,1,,,,1.0,10.0,0.1,False,{},,,False,3,mixed,250,300,True,Ar_Aubin,,False,uniform,Argon-Aubin-Test2/20Td,3.0000000000000005e+21,7.212e+23,0.0,1.6248688888888887e-13,1.6245622222222223e-13,2.2222222222222226e-19,0.0,0.0,0.0,0.0,0.0,0.0,0.0,0.0,0.0,0.0,0.0,6.666666666666668e-19,0.0,0.0,0.0,2.2222222222222226e-19,1.1111111111111113e-18,0.0,6.666666666666668e-19,8.88888888888889e-19,4.444444444444445e-19,1.5555555555555556e-18,9.111111111111112e-18,6.444444444444445e-18,8.222222222222223e-18,0.0,0.0,4.444444444444445e-19,0.0,6.666666666666668e-19,0.0,2296.2516177926773,-564.7261962079452,1653.3719408440284,-361.4026393257435,1186.6529299009444,-415.66774476000137,1068.5780281190714,-443.4440651511251,17901.880000001926,8.950940000000964e+23,0.0,0.0
3.485e-05,163931.0,5.46436,3e+22,-700.082,-6442.67,12829.8,3.65278,3.64001,3.63477,0.00105904063,-0.00127012906,0.765398801,0.14666526,0.147787603,0.671156067,0.00148306314,0.000955351787,-0.00145620888,2567.0068,2748.27889,396.298513,-1297.88712,4020.9733,407.097966,-1825.01187,-6471.59551,10258.1144,69700.0,163930.874333,5.464362478,-60.00000000000001,30000 3000,1e-06,2,0.0 0.0259,0.0 0.0,-1.0 0.0,0.00054857 28.0,80000,1000,5e-10,0.0,0.0 0.0 0.0,1000 1000000 0,0,0.0,0,100,0,,20,,1,,,,1.0,10.0,0.1,False,{},,,False,3,mixed,250,300,True,Ar_Aubin,,False,uniform,Argon-Aubin-Test2/20Td,3.0000000000000005e+21,6.414899999999999e+23,0.0,1.62424e-13,1.6239622222222225e-13,0.0,0.0,2.2222222222222226e-19,0.0,0.0,0.0,0.0,2.2222222222222226e-19,0.0,0.0,2.2222222222222226e-19,2.2222222222222226e-19,6.666666666666668e-19,4.444444444444445e-19,0.0,0.0,0.0,2.2222222222222226e-19,0.0,0.0,8.88888888888889e-19,2.2222222222222226e-19,1.3333333333333336e-18,7.777777777777779e-18,7.111111111111112e-18,7.555555555555556e-18,0.0,2.2222222222222226e-19,2.2222222222222226e-19,0.0,2.2222222222222226e-19,0.0,1402.210305858076,2567.748215282332,1879.1333955039959,4012.79027760901,849.6242474564931,438.20086293019995,-373.53909110847536,-906.4587130730921,21068.719999999266,1.0534359999999634e+24,0.0,0.0
3.49e-05,164342.0,5.47805,3e+22,-7234.12,-992.923,22356.3,3.70506,3.64404,3.60386,0.00107938642,-0.00133906954,0.766529369,0.14696552,0.148121472,0.67298436,0.00145382587,0.000949346773,-0.00152566523,5412.48801,-1853.48769,-179.378435,-633.465869,2453.24119,3154.81438,-1913.9286,-286.083474,17091.2185,69800.0,164341.513933,5.478050464,-60.00000000000001,30000 3000,1e-06,2,0.0 0.0259,0.0 0.0,-1.0 0.0,0.00054857 28.0,80000,1000,5e-10,0.0,0.0 0.0 0.0,1000 1000000 0,0,0.0,0,100,0,,20,,1,,,,1.0,10.0,0.1,False,{},,,False,3,mixed,250,300,True,Ar_Aubin,,False,uniform,Argon-Aubin-Test2/20Td,3.0000000000000005e+21,1.1178150000000001e+24,0.0,1.6296777777777778e-13,1.6294066666666668e-13,0.0,0.0,0.0,0.0,0.0,0.0,0.0,0.0,0.0,0.0,0.0,0.0,4.444444444444445e-19,4.444444444444445e-19,0.0,0.0,0.0,8.88888888888889e-19,4.444444444444445e-19,2.2222222222222226e-19,1.1111111111111113e-18,0.0,1.3333333333333336e-18,9.333333333333335e-18,7.555555555555556e-18,5.1111111111111114e-18,0.0,0.0,0.0,2.2222222222222226e-19,0.0,0.0,3002.1649201228406,5420.296420888651,3336.8912059611457,2451.9115970551347,963.4403269942471,-45.54203217470058,-455.9595403496892,3427.7273172488344,22611.35999999997,1.1305679999999986e+24,0.0,0.0
3.495e-05,164445.0,5.48149,3e+22,8372.25,-4604.94,22984.8,3.63395,3.65852,3.66699,0.00115998667,-0.00130487553,0.767573792,0.147148004,0.148316519,0.674737554,0.00136305336,0.00103851082,-0.0014853383,2786.18061,-585.774099,1915.76551,1407.11924,953.490331,1288.7174,6090.81137,-2151.2243,17291.7411,69900.0,164444.724798,5.481490827,-60.00000000000001,30000 3000,1e-06,2,0.0 0.0259,0.0 0.0,-1.0 0.0,0.00054857 28.0,80000,1000,5e-10,0.0,0.0 0.0 0.0,1000 1000000 0,0,0.0,0,100,0,,20,,1,,,,1.0,10.0,0.1,False,{},,,False,3,mixed,250,300,True,Ar_Aubin,,False,uniform,Argon-Aubin-Test2/20Td,3.0000000000000005e+21,1.14924e+24,0.0,1.630282222222222e-13,1.6299822222222223e-13,0.0,0.0,0.0,0.0,0.0,0.0,0.0,0.0,0.0,2.2222222222222226e-19,0.0,0.0,4.444444444444445e-19,4.444444444444445e-19,0.0,0.0,0.0,2.2222222222222226e-19,2.2222222222222226e-19,2.2222222222222226e-19,8.88888888888889e-19,6.666666666666668e-19,2.666666666666667e-18,9.111111111111112e-18,8.666666666666667e-18,5.777777777777778e-18,0.0,2.2222222222222226e-19,0.0,0.0,2.2222222222222226e-19,0.0,1823.035059691225,2776.4689116020922,1951.3740708415608,947.4814574768818,1509.4137427906774,-350.7889943615992,523.4014293683306,1553.5951383153852,20888.45999999922,1.044422999999961e+24,0.0,0.0
3.5e-05,164434.0,5.48113,3e+22,-9196.01,-7689.12,20972.5,3.66604,3.66238,3.63053,0.00118324448,-0.00140794785,0.768652888,0.147270753,0.148481047,0.676560673,0.00134263394,0.00102750044,-0.00153341267,2326.79843,2516.01789,-1056.53216,-2748.73217,4675.67935,-1465.5019,-8022.82403,-6136.76089,16121.3439,70000.0,164434.027944,5.481134265,-60.00000000000001,30000 3000,1e-06,2,0.0 0.0259,0.0 0.0,-1.0 0.0,0.00054857 28.0,80000,1000,5e-10,0.0,0.0 0.0 0.0,1000 1000000 0,0,0.0,0,100,0,,20,,1,,,,1.0,10.0,0.1,False,{},,,False,3,mixed,250,300,True,Ar_Aubin,,False,uniform,Argon-Aubin-Test2/20Td,3.0000000000000005e+21,1.0486250000000001e+24,0.0,1.6364177777777777e-13,1.6360844444444446e-13,0.0,0.0,0.0,0.0,0.0,0.0,0.0,0.0,0.0,0.0,0.0,2.2222222222222226e-19,6.666666666666668e-19,2.2222222222222226e-19,0.0,0.0,4.444444444444445e-19,1.1111111111111113e-18,0.0,6.666666666666668e-19,6.666666666666668e-19,0.0,1.3333333333333336e-18,1.0444444444444445e-17,7.555555555555556e-18,9.555555555555557e-18,0.0,0.0,4.444444444444445e-19,0.0,0.0,0.0,1226.945015751213,2337.6795580705248,1642.483830004704,4664.853470027609,1653.8293451862087,0.7712064200004534,-602.7859960141147,-2035.6321402799203,21581.920000000035,1.0790960000000017e+24,0.0,0.0
3.505e-05,164185.0,5.47283,3e+22,-2899.03,-2097.53,20417.6,3.65862,3.62865,3.65594,0.00115344906,-0.00150336171,0.769622058,0.147441463,0.148702157,0.678182018,0.00130382718,0.00105264925,-0.00157411664,-339.168342,-590.435203,-829.403793,-1677.55032,-68.9286017,131.044776,-3597.09112,-2062.94889,16330.9,70100.0,164184.876147,5.472829205,-60.00000000000001,30000 3000,1e-06,2,0.0 0.0259,0.0 0.0,-1.0 0.0,0.00054857 28.0,80000,1000,5e-10,0.0,0.0 0.0 0.0,1000 1000000 0,0,0.0,0,100,0,,20,,1,,,,1.0,10.0,0.1,False,{},,,False,3,mixed,250,300,True,Ar_Aubin,,False,uniform,Argon-Aubin-Test2/20Td,3.0000000000000005e+21,1.02088e+24,0.0,1.6307022222222222e-13,1.6303622222222223e-13,0.0,2.2222222222222226e-19,0.0,0.0,0.0,0.0,0.0,0.0,0.0,0.0,0.0,0.0,6.666666666666668e-19,2.2222222222222226e-19,0.0,0.0,2.2222222222222226e-19,2.2222222222222226e-19,0.0,1.1111111111111113e-18,1.3333333333333336e-18,2.2222222222222226e-19,1.1111111111111113e-18,1.1333333333333335e-17,7.777777777777779e-18,9.111111111111112e-18,0.0,0.0,4.444444444444445e-19,0.0,0.0,0.0,1707.7962276543235,-335.8244585715882,2208.3222071722644,-72.0819479875763,1304.9507058515708,617.0646685791999,938.6651481338546,-2218.8881397237164,19383.400000001493,9.691700000000747e+23,0.0,0.0
3.51e-05,163993.0,5.46643,3e+22,1678.53,11771.7,22341.8,3.61212,3.64538,3.67172,0.00105454613,-0.00147142959,0.770649635,0.147687412,0.148857046,0.679929233,0.00120976296,0.000977927402,-0.00154802662,5051.36164,-268.985168,953.518179,647.083482,-988.228355,2018.52891,1548.39591,9631.75338,17045.9595,70200.0,163992.771686,5.466425723,-60.00000000000001,30000 3000,1e-06,2,0.0 0.0259,0.0 0.0,-1.0 0.0,0.00054857 28.0,80000,1000,5e-10,0.0,0.0 0.0 0.0,1000 1000000 0,0,0.0,0,100,0,,20,,1,,,,1.0,10.0,0.1,False,{},,,False,3,mixed,250,300,True,Ar_Aubin,,False,uniform,Argon-Aubin-Test2/20Td,3.0000000000000005e+21,1.1170900000000001e+24,0.0,1.62972e-13,1.629368888888889e-13,0.0,0.0,0.0,0.0,0.0,0.0,0.0,0.0,0.0,0.0,2.2222222222222226e-19,0.0,0.0,0.0,0.0,0.0,4.444444444444445e-19,1.1111111111111113e-18,0.0,4.444444444444445e-19,1.3333333333333336e-18,4.444444444444445e-19,1.5555555555555556e-18,1e-17,7.777777777777779e-18,1.1333333333333335e-17,0.0,0.0,0.0,0.0,4.444444444444445e-19,0.0,2461.673771937123,5049.591552684411,1549.839913927431,-970.907127295397,1644.672345220144,-171.74051524300012,6.248023604058309,1184.7950984362155,20551.540000000037,1.027577000000002e+24,0.0,0.0
3.515e-05,163886.0,5.46285,3e+22,-408.567,-572.782,21130.9,3.65057,3.63537,3.63723,0.00105016746,-0.00131395293,0.771704531,0.147870921,0.148985126,0.681666768,0.00121461225,0.000993599232,-0.00145593936,3561.22525,-1781.06824,1765.30107,2169.67123,3570.35417,2050.18307,-1164.32097,1407.41848,18362.0405,70300.0,163885.638867,5.462854629,-60.00000000000001,30000 3000,1e-06,2,0.0 0.0259,0.0 0.0,-1.0 0.0,0.00054857 28.0,80000,1000,5e-10,0.0,0.0 0.0 0.0,1000 1000000 0,0,0.0,0,100,0,,20,,1,,,,1.0,10.0,0.1,False,{},,,False,3,mixed,250,300,True,Ar_Aubin,,False,uniform,Argon-Aubin-Test2/20Td,3.0000000000000005e+21,1.0565450000000001e+24,0.0,1.6319133333333333e-13,1.6315711111111113e-13,0.0,0.0,0.0,0.0,0.0,0.0,0.0,0.0,0.0,2.2222222222222226e-19,2.2222222222222226e-19,2.2222222222222226e-19,4.444444444444445e-19,0.0,0.0,0.0,2.2222222222222226e-19,0.0,0.0,4.444444444444445e-19,6.666666666666668e-19,2.2222222222222226e-19,2.888888888888889e-18,1.1333333333333335e-17,8.666666666666667e-18,7.555555555555556e-18,0.0,2.2222222222222226e-19,2.2222222222222226e-19,0.0,6.666666666666668e-19,0.0,1835.1821584625118,3561.65431376863,1285.186327360799,3569.6015614128487,1105.1175970344664,2055.229225892097,358.7686596880253,894.0821215365629,21097.919999999438,1.0548959999999719e+24,0.0,0.0
3.52e-05,163856.0,5.46186,3e+22,987.649,-1585.53,14992.3,3.62844,3.62365,3.67034,0.00115987127,-0.00131581326,0.772745348,0.148086114,0.149254125,0.683387891,0.00123535075,0.00106867639,-0.00138547988,4162.20545,-1245.20212,-1355.61706,1167.22863,3901.0373,708.630941,1901.73167,-1036.70035,10540.6694,70400.0,163855.916384,5.461863879,-60.00000000000001,30000 3000,1e-06,2,0.0 0.0259,0.0 0.0,-1.0 0.0,0.00054857 28.0,80000,1000,5e-10,0.0,0.0 0.0 0.0,1000 1000000 0,0,0.0,0,100,0,,20,,1,,,,1.0,10.0,0.1,False,{},,,False,3,mixed,250,300,True,Ar_Aubin,,False,uniform,Argon-Aubin-Test2/20Td,3.0000000000000005e+21,7.49615e+23,2.222222222222222e-19,1.6259377777777776e-13,1.6256155555555558e-13,0.0,0.0,0.0,0.0,0.0,0.0,0.0,0.0,0.0,0.0,0.0,0.0,6.666666666666668e-19,0.0,0.0,0.0,0.0,4.444444444444445e-19,2.2222222222222226e-19,6.666666666666668e-19,1.1111111111111113e-18,6.666666666666668e-19,8.88888888888889e-19,9.333333333333335e-18,8.222222222222223e-18,9.111111111111112e-18,0.0,0.0,2.2222222222222226e-19,2.2222222222222226e-19,2.2222222222222226e-19,2.2222222222222226e-19,2149.505503310778,4161.059904300057,2689.941077670677,3898.9510386018724,1136.3331028868552,-1044.5606808203993,-215.77965961181542,-234.47569824807317,20816.340000000546,1.0408170000000274e+24,1.0675374356021106e-23,1.4822423658959747e-23
3.525e-05,163792.0,5.45974,3e+22,-1418.96,-15096.2,11236.9,3.63887,3.62878,3.64979,0.00109736106,-0.00144696371,0.773668983,0.148272937,0.149527198,0.684901094,0.00123590812,0.00105352679,-0.00151109687,3279.08948,250.152268,1101.41875,1430.47156,2241.0013,1352.36776,-87.5088208,-12111.967,8448.26498,70500.0,163792.055537,5.459735185,-60.00000000000001,30000 3000,1e-06,2,0.0 0.0259,0.0 0.0,-1.0 0.0,0.00054857 28.0,80000,1000,5e-10,0.0,0.0 0.0 0.0,1000 1000000 0,0,0.0,0,100,0,,20,,1,,,,1.0,10.0,0.1,False,{},,,False,3,mixed,250,300,True,Ar_Aubin,,False,uniform,Argon-Aubin-Test2/20Td,3.0000000000000005e+21,5.6184500000000004e+23,0.0,1.6269244444444444e-13,1.6266333333333335e-13,0.0,0.0,0.0,0.0,0.0,0.0,0.0,0.0,0.0,2.2222222222222226e-19,0.0,0.0,4.444444444444445e-19,0.0,0.0,0.0,0.0,2.2222222222222226e-19,0.0,6.666666666666668e-19,6.666666666666668e-19,6.666666666666668e-19,8.88888888888889e-19,1.1555555555555557e-17,4.888888888888889e-18,8.444444444444445e-18,0.0,0.0,0.0,0.0,4.444444444444445e-19,0.0,1869.641000669664,3280.6465914496976,2727.106605571461,2219.1576464410978,848.8059938693838,-245.37601507269937,642.8262579470028,2099.384332822566,18472.699999998455,9.236349999999227e+23,0.0,0.0
3.53e-05,163710.0,5.45699,3e+22,390.958,-348.839,19531.7,3.63299,3.67038,3.60845,0.000968005465,-0.00148387196,0.774732137,0.148460425,0.149774577,0.686655382,0.00124951441,0.000952499987,-0.00151128102,4258.79553,1127.56975,2324.07464,1119.41808,-785.185043,2410.86775,-2192.54375,1484.47512,15596.3842,70600.0,163709.843744,5.456994791,-60.00000000000001,30000 3000,1e-06,2,0.0 0.0259,0.0 0.0,-1.0 0.0,0.00054857 28.0,80000,1000,5e-10,0.0,0.0 0.0 0.0,1000 1000000 0,0,0.0,0,100,0,,20,,1,,,,1.0,10.0,0.1,False,{},,,False,3,mixed,250,300,True,Ar_Aubin,,False,uniform,Argon-Aubin-Test2/20Td,3.0000000000000005e+21,9.76585e+23,0.0,1.6266822222222223e-13,1.6263400000000002e-13,0.0,0.0,0.0,0.0,0.0,0.0,0.0,2.2222222222222226e-19,0.0,2.2222222222222226e-19,0.0,0.0,2.2222222222222226e-19,0.0,0.0,0.0,2.2222222222222226e-19,4.444444444444445e-19,0.0,4.444444444444445e-19,1.1111111111111113e-18,2.2222222222222226e-19,1.5555555555555556e-18,1.0444444444444445e-17,7.111111111111112e-18,1.1777777777777779e-17,0.0,0.0,0.0,0.0,2.2222222222222226e-19,0.0,1877.55166715764,4258.417080519414,2472.708279843694,-785.7026754106544,1080.9915566756256,464.5485197570997,-39.55060506253368,-190.2636291579865,21263.080000000213,1.0631540000000107e+24,0.0,0.0
3.535e-05,163939.0,5.46464,3e+22,-89.0701,-1284.85,18577.6,3.63981,3.64839,3.63911,0.000851147414,-0.00161096558,0.775890741,0.148717125,0.149971083,0.6886081,0.00127405603,0.000872094662,-0.00156260794,1224.33635,-1079.97952,288.405481,301.705249,1438.97474,3516.57154,1054.06184,-1182.75491,15706.4954,70700.0,163939.20874,5.464640291,-60.00000000000001,30000 3000,1e-06,2,0.0 0.0259,0.0 0.0,-1.0 0.0,0.00054857 28.0,80000,1000,5e-10,0.0,0.0 0.0 0.0,1000 1000000 0,0,0.0,0,100,0,,20,,1,,,,1.0,10.0,0.1,False,{},,,False,3,mixed,250,300,True,Ar_Aubin,,False,uniform,Argon-Aubin-Test2/20Td,3.0000000000000005e+21,9.2888e+23,0.0,1.629311111111111e-13,1.6289933333333334e-13,0.0,0.0,0.0,0.0,0.0,0.0,0.0,0.0,0.0,0.0,0.0,0.0,0.0,6.666666666666668e-19,0.0,0.0,2.2222222222222226e-19,1.3333333333333336e-18,0.0,2.2222222222222226e-19,0.0,2.2222222222222226e-19,1.5555555555555556e-18,7.777777777777779e-18,7.777777777777779e-18,1.1555555555555557e-17,0.0,2.2222222222222226e-19,0.0,0.0,2.2222222222222226e-19,0.0,2569.125826598906,1224.4121617852797,1961.126658937551,1436.9048908745372,1561.6013105757,1292.3075699984001,182.84439556869773,1395.763710691618,23172.08000000015,1.1586040000000077e+24,0.0,0.0
3.54e-05,163814.0,5.46047,3e+22,-1200.71,7319.23,26974.0,3.66095,3.64591,3.60963,0.000802185457,-0.00161749084,0.776844165,0.148926686,0.150163318,0.69024625,0.00131383095,0.000861997234,-0.00159467641,3671.72849,1626.5223,3038.40274,-101.398332,646.269205,-2119.30939,-709.999403,6768.56856,22091.02,70800.0,163814.224191,5.46047414,-60.00000000000001,30000 3000,1e-06,2,0.0 0.0259,0.0 0.0,-1.0 0.0,0.00054857 28.0,80000,1000,5e-10,0.0,0.0 0.0 0.0,1000 1000000 0,0,0.0,0,100,0,,20,,1,,,,1.0,10.0,0.1,False,{},,,False,3,mixed,250,300,True,Ar_Aubin,,False,uniform,Argon-Aubin-Test2/20Td,3.0000000000000005e+21,1.3487000000000001e+24,0.0,1.6275822222222223e-13,1.627268888888889e-13,0.0,0.0,0.0,0.0,0.0,0.0,2.2222222222222226e-19,0.0,0.0,0.0,0.0,0.0,8.88888888888889e-19,2.2222222222222226e-19,0.0,0.0,0.0,0.0,0.0,1.1111111111111113e-18,4.444444444444445e-19,2.2222222222222226e-19,8.88888888888889e-19,1.1111111111111113e-17,6.8888888888888895e-18,9.111111111111112e-18,0.0,0.0,0.0,0.0,2.2222222222222226e-19,0.0,2096.419504129532,3672.6916821000746,1922.1393348242689,658.1079924808532,1577.3527498197382,1136.4254932900003,542.5375646077097,3239.5297438400316,19068.47999999961,9.534239999999806e+23,0.0,0.0
3.545e-05,163986.0,5.46619,3e+22,2586.17,2083.09,17504.7,3.61714,3.66503,3.6484,0.000689359102,-0.00156155704,0.777950585,0.149184221,0.150233989,0.692096218,0.00134914963,0.000674209033,-0.00148562403,1115.68728,-2473.68615,-3853.76235,-338.422819,-2463.21922,4449.52667,1759.8691,1732.37454,15007.5603,70900.0,163985.576344,5.466185878,-60.00000000000001,30000 3000,1e-06,2,0.0 0.0259,0.0 0.0,-1.0 0.0,0.00054857 28.0,80000,1000,5e-10,0.0,0.0 0.0 0.0,1000 1000000 0,0,0.0,0,100,0,,20,,1,,,,1.0,10.0,0.1,False,{},,,False,3,mixed,250,300,True,Ar_Aubin,,False,uniform,Argon-Aubin-Test2/20Td,3.0000000000000005e+21,8.752350000000002e+23,0.0,1.6258866666666667e-13,1.6255777777777778e-13,0.0,0.0,0.0,0.0,0.0,0.0,0.0,0.0,0.0,4.444444444444445e-19,0.0,2.2222222222222226e-19,4.444444444444445e-19,6.666666666666668e-19,0.0,0.0,0.0,2.2222222222222226e-19,0.0,1.1111111111111113e-18,6.666666666666668e-19,2.2222222222222226e-19,1.3333333333333336e-18,8.88888888888889e-18,6.6666666666666674e-18,1e-17,0.0,0.0,0.0,0.0,0.0,0.0,2577.032855358985,1113.9044801711807,708.4881622834716,-2459.9663561455463,1297.119927049506,1389.768694750499,-2018.0485231533278,-4117.872738682229,22128.40000000105,1.1064200000000526e+24,0.0,0.0
3.55e-05,163670.0,5.45566,3e+22,3674.32,-543.134,21842.2,3.61482,3.65326,3.64044,0.000708468885,-0.00141334183,0.778864176,0.14938348,0.150458572,0.693623027,0.00139062423,0.000626368468,-0.00136876718,1648.67854,305.331479,-228.013542,511.571728,3268.70943,1204.18121,4885.59147,745.43309,16818.6937,71000.0,163669.69921,5.45565664,-60.00000000000001,30000 3000,1e-06,2,0.0 0.0259,0.0 0.0,-1.0 0.0,0.00054857 28.0,80000,1000,5e-10,0.0,0.0 0.0 0.0,1000 1000000 0,0,0.0,0,100,0,,20,,1,,,,1.0,10.0,0.1,False,{},,,False,3,mixed,250,300,True,Ar_Aubin,,False,uniform,Argon-Aubin-Test2/20Td,3.0000000000000005e+21,1.0921100000000001e+24,0.0,1.626371111111111e-13,1.6260355555555556e-13,0.0,0.0,0.0,0.0,0.0,0.0,0.0,0.0,0.0,0.0,0.0,0.0,2.2222222222222226e-19,2.2222222222222226e-19,0.0,0.0,2.2222222222222226e-19,6.666666666666668e-19,4.444444444444445e-19,8.88888888888889e-19,1.1111111111111113e-18,4.444444444444445e-19,1.3333333333333336e-18,9.777777777777779e-18,7.777777777777779e-18,1.0222222222222223e-17,0.0,2.2222222222222226e-19,0.0,0.0,0.0,0.0,1992.3228781051905,1646.075398606467,2250.2392526074777,3267.941795998505,1045.1704568326115,-193.4134050272005,-1267.0856532237822,1780.3071897597338,18271.81999999983,9.135909999999914e+23,0.0,0.0
3.555e-05,163766.0,5.45886,3e+22,192.557,3512.15,14809.9,3.61832,3.64705,3.65103,0.000686982987,-0.00124132309,0.779742124,0.149588619,0.150742052,0.695138222,0.00134343918,0.000609973902,-0.0012780787,3698.44035,-878.931698,235.442093,-1974.0177,-907.05448,623.251411,1202.11306,3838.77167,12983.2095,71100.0,163765.761683,5.458858723,-60.00000000000001,30000 3000,1e-06,2,0.0 0.0259,0.0 0.0,-1.0 0.0,0.00054857 28.0,80000,1000,5e-10,0.0,0.0 0.0 0.0,1000 1000000 0,0,0.0,0,100,0,,20,,1,,,,1.0,10.0,0.1,False,{},,,False,3,mixed,250,300,True,Ar_Aubin,,False,uniform,Argon-Aubin-Test2/20Td,3.0000000000000005e+21,7.40495e+23,0.0,1.623871111111111e-13,1.623626666666667e-13,0.0,0.0,0.0,0.0,0.0,0.0,2.2222222222222226e-19,0.0,0.0,0.0,2.2222222222222226e-19,0.0,4.444444444444445e-19,4.444444444444445e-19,0.0,0.0,0.0,8.88888888888889e-19,2.2222222222222226e-19,6.666666666666668e-19,4.444444444444445e-19,2.2222222222222226e-19,6.666666666666668e-19,7.333333333333334e-18,3.3333333333333337e-18,9.111111111111112e-18,0.0,0.0,0.0,0.0,2.2222222222222226e-19,0.0,2051.6898253658546,3698.308066616972,2839.366521146247,-902.6947671094565,1468.197161276219,1435.3066177724013,-5.262101961612999,1277.2361994897606,17558.959999999235,8.779479999999619e+23,0.0,0.0
3.56e-05,163639.0,5.45463,3e+22,3042.05,482.99,23386.4,3.64202,3.60159,3.66249,0.000722930111,-0.00124555322,0.780641201,0.149751982,0.150913062,0.696655243,0.00134817418,0.000637901194,-0.00126106266,1597.99699,2659.48764,-334.904358,929.27775,310.463653,1964.83072,2236.47231,-1009.35349,17915.9559,71200.0,163638.888726,5.454629624,-60.00000000000001,30000 3000,1e-06,2,0.0 0.0259,0.0 0.0,-1.0 0.0,0.00054857 28.0,80000,1000,5e-10,0.0,0.0 0.0 0.0,1000 1000000 0,0,0.0,0,100,0,,20,,1,,,,1.0,10.0,0.1,False,{},,,False,3,mixed,250,300,True,Ar_Aubin,,False,uniform,Argon-Aubin-Test2/20Td,3.0000000000000005e+21,1.1693200000000002e+24,0.0,1.6252288888888888e-13,1.6249333333333334e-13,2.2222222222222226e-19,0.0,0.0,0.0,0.0,0.0,0.0,0.0,0.0,0.0,0.0,2.2222222222222226e-19,4.444444444444445e-19,2.2222222222222226e-19,0.0,0.0,2.2222222222222226e-19,8.88888888888889e-19,0.0,4.444444444444445e-19,6.666666666666668e-19,4.444444444444445e-19,4.444444444444445e-19,7.333333333333334e-18,6.8888888888888895e-18,1.088888888888889e-17,0.0,0.0,0.0,0.0,2.2222222222222226e-19,0.0,1633.1231767902077,1595.7978004558327,1709.9948018992063,311.0652427497278,1141.1624130897026,-340.4314830664007,-15.043293097177779,-490.0883462499405,17981.540000000517,8.99077000000026e+23,0.0,0.0
3.565e-05,163408.0,5.44694,3e+22,-145.572,10780.7,18887.5,3.58636,3.65947,3.64536,0.000754197968,-0.00109854638,0.781619232,0.150001893,0.151143379,0.698239512,0.00133645579,0.000607492675,-0.00113065628,2489.62997,-2760.52542,-1018.3632,3031.91887,2354.62687,146.408009,-1572.04137,8095.75716,15525.8964,71300.0,163408.131036,5.446937701,-60.00000000000001,30000 3000,1e-06,2,0.0 0.0259,0.0 0.0,-1.0 0.0,0.00054857 28.0,80000,1000,5e-10,0.0,0.0 0.0 0.0,1000 1000000 0,0,0.0,0,100,0,,20,,1,,,,1.0,10.0,0.1,False,{},,,False,3,mixed,250,300,True,Ar_Aubin,,False,uniform,Argon-Aubin-Test2/20Td,3.0000000000000005e+21,9.443750000000001e+23,0.0,1.6259244444444444e-13,1.6255844444444445e-13,0.0,0.0,0.0,0.0,0.0,0.0,0.0,0.0,0.0,0.0,0.0,4.444444444444445e-19,4.444444444444445e-19,2.2222222222222226e-19,0.0,0.0,4.444444444444445e-19,8.88888888888889e-19,0.0,1.1111111111111113e-18,4.444444444444445e-19,4.444444444444445e-19,2e-18,8.222222222222223e-18,9.111111111111112e-18,9.555555555555557e-18,0.0,2.2222222222222226e-19,0.0,2.2222222222222226e-19,2.2222222222222226e-19,0.0,2498.648133704429,2489.7397601065977,2306.615986748528,2366.469968958866,563.2986645254246,763.0631555999989,-1111.1025086803468,-2490.8676092798955,19560.62000000092,9.780310000000461e+23,0.0,0.0
3.57e-05,163594.0,5.45314,3e+22,6506.33,-727.54,17673.4,3.66863,3.60274,3.63289,0.000746993989,-0.000977782789,0.782704705,0.150205044,0.151289341,0.700030336,0.00128518942,0.000658109994,-0.00106403493,-35.8160976,-1594.06738,-39.7617489,4271.10551,1848.10804,1947.1644,6494.46129,457.420784,15890.09,71400.0,163594.257908,5.45314193,-60.00000000000001,30000 3000,1e-06,2,0.0 0.0259,0.0 0.0,-1.0 0.0,0.00054857 28.0,80000,1000,5e-10,0.0,0.0 0.0 0.0,1000 1000000 0,0,0.0,0,100,0,,20,,1,,,,1.0,10.0,0.1,False,{},,,False,3,mixed,250,300,True,Ar_Aubin,,False,uniform,Argon-Aubin-Test2/20Td,3.0000000000000005e+21,8.836700000000001e+23,0.0,1.6234733333333332e-13,1.6231755555555556e-13,0.0,0.0,0.0,0.0,0.0,0.0,0.0,0.0,0.0,0.0,0.0,0.0,4.444444444444445e-19,2.2222222222222226e-19,0.0,0.0,6.666666666666668e-19,4.444444444444445e-19,0.0,8.88888888888889e-19,1.1111111111111113e-18,4.444444444444445e-19,8.88888888888889e-19,7.777777777777779e-18,8.222222222222223e-18,8.222222222222223e-18,0.0,2.2222222222222226e-19,0.0,0.0,2.2222222222222226e-19,0.0,2031.618145553471,-40.67628700045037,1462.1274496653957,1847.396663909691,927.9260313277416,2057.036666652999,1108.7449145420476,1348.9625142521572,21709.45999999896,1.0854729999999481e+24,0.0,0.0
3.575e-05,163856.0,5.46186,3e+22,2705.3,2588.91,17740.5,3.62698,3.63169,3.66318,0.000785978572,-0.000906870792,0.78377938,0.150399995,0.151427023,0.701858171,0.00127966197,0.000694444917,-0.000949183432,2190.89788,-2412.91941,162.675529,1376.26074,1861.85267,2002.79658,2502.01991,5192.81206,16011.2398,71500.0,163855.697813,5.461856594,-60.00000000000001,30000 3000,1e-06,2,0.0 0.0259,0.0 0.0,-1.0 0.0,0.00054857 28.0,80000,1000,5e-10,0.0,0.0 0.0 0.0,1000 1000000 0,0,0.0,0,100,0,,20,,1,,,,1.0,10.0,0.1,False,{},,,False,3,mixed,250,300,True,Ar_Aubin,,False,uniform,Argon-Aubin-Test2/20Td,3.0000000000000005e+21,8.87025e+23,0.0,1.6281422222222222e-13,1.6278600000000002e-13,0.0,0.0,0.0,0.0,0.0,0.0,0.0,0.0,0.0,0.0,2.2222222222222226e-19,0.0,8.88888888888889e-19,0.0,0.0,0.0,2.2222222222222226e-19,2.2222222222222226e-19,0.0,2.2222222222222226e-19,1.3333333333333336e-18,2.2222222222222226e-19,2e-18,6.6666666666666674e-18,6.444444444444445e-18,9.777777777777779e-18,0.0,0.0,0.0,0.0,0.0,0.0,1948.9123770397023,2188.7715721691684,1378.1564454906636,1864.2004768621166,1443.7371595266147,2106.6017091099984,99.53669883145962,530.3934294294336,21493.5000000005,1.074675000000025e+24,0.0,0.0
3.58e-05,163588.0,5.45294,3e+22,-2362.95,-6026.79,17389.1,3.61539,3.65297,3.63557,0.000901767508,-0.00101881251,0.784738144,0.150571808,0.151632677,0.70344856,0.00129931343,0.00077860633,-0.00105812925,2074.29358,1415.51623,-1837.49567,2762.66705,3351.57986,277.313537,-2174.9246,-8008.08171,11878.3523,71600.0,163588.265933,5.452942198,-60.00000000000001,30000 3000,1e-06,2,0.0 0.0259,0.0 0.0,-1.0 0.0,0.00054857 28.0,80000,1000,5e-10,0.0,0.0 0.0 0.0,1000 1000000 0,0,0.0,0,100,0,,20,,1,,,,1.0,10.0,0.1,False,{},,,False,3,mixed,250,300,True,Ar_Aubin,,False,uniform,Argon-Aubin-Test2/20Td,3.0000000000000005e+21,8.69455e+23,0.0,1.6237422222222222e-13,1.6234022222222223e-13,0.0,0.0,2.2222222222222226e-19,0.0,0.0,4.444444444444445e-19,0.0,0.0,0.0,0.0,0.0,0.0,8.88888888888889e-19,0.0,0.0,0.0,4.444444444444445e-19,1.1111111111111113e-18,2.2222222222222226e-19,2.2222222222222226e-19,6.666666666666668e-19,4.444444444444445e-19,3.555555555555556e-18,8.222222222222223e-18,8.222222222222223e-18,8.88888888888889e-18,0.0,0.0,0.0,0.0,4.444444444444445e-19,0.0,1716.1757767714114,2076.4244115330284,2054.384357028649,3345.439690952857,865.5086461972772,-1767.5377598303985,-149.12299383959635,-2173.8041980085627,19175.279999998907,9.587639999999455e+23,0.0,0.0
3.585e-05,163660.0,5.45533,3e+22,-1984.46,-9051.11,20739.5,3.65601,3.62076,3.63097,0.000961393759,-0.00113863097,0.785761541,0.150893948,0.152000434,0.705150406,0.00130572969,0.000800316167,-0.00119953737,2569.34723,-480.973722,-1780.66929,-365.833691,3814.84098,-907.322166,-377.160579,-8083.26953,16063.4468,71700.0,163659.998173,5.455333272,-60.00000000000001,30000 3000,1e-06,2,0.0 0.0259,0.0 0.0,-1.0 0.0,0.00054857 28.0,80000,1000,5e-10,0.0,0.0 0.0 0.0,1000 1000000 0,0,0.0,0,100,0,,20,,1,,,,1.0,10.0,0.1,False,{},,,False,3,mixed,250,300,True,Ar_Aubin,,False,uniform,Argon-Aubin-Test2/20Td,3.0000000000000005e+21,1.036975e+24,0.0,1.6216422222222222e-13,1.6213422222222224e-13,0.0,0.0,0.0,0.0,0.0,0.0,0.0,0.0,0.0,0.0,0.0,0.0,4.444444444444445e-19,0.0,0.0,0.0,2.2222222222222226e-19,8.88888888888889e-19,0.0,4.444444444444445e-19,2.2222222222222226e-19,6.666666666666668e-19,1.5555555555555556e-18,8.88888888888889e-18,8.222222222222223e-18,8e-18,0.0,0.0,0.0,2.2222222222222226e-19,2.2222222222222226e-19,0.0,3220.289066786508,2571.255077458985,3674.984984446961,3804.5351058411234,946.013338700702,-232.85467956950015,-521.3008806439482,-618.4563472119207,20467.93999999963,1.0233969999999816e+24,0.0,0.0
3.59e-05,163622.0,5.45406,3e+22,-420.277,146.16,12758.8,3.66694,3.5936,3.64667,0.00107806813,-0.00119547714,0.786917939,0.151157701,0.152199038,0.70707122,0.00136867119,0.000884600864,-0.00120700207,1795.14122,-1354.98204,1348.85806,-2056.25374,-68.7684358,727.82914,-3114.83259,1405.97773,11868.9406,71800.0,163621.898008,5.454063267,-60.00000000000001,30000 3000,1e-06,2,0.0 0.0259,0.0 0.0,-1.0 0.0,0.00054857 28.0,80000,1000,5e-10,0.0,0.0 0.0 0.0,1000 1000000 0,0,0.0,0,100,0,,20,,1,,,,1.0,10.0,0.1,False,{},,,False,3,mixed,250,300,True,Ar_Aubin,,False,uniform,Argon-Aubin-Test2/20Td,3.0000000000000005e+21,6.3794e+23,0.0,1.622011111111111e-13,1.6216488888888891e-13,0.0,0.0,0.0,0.0,0.0,0.0,2.2222222222222226e-19,2.2222222222222226e-19,0.0,0.0,0.0,0.0,4.444444444444445e-19,2.2222222222222226e-19,0.0,0.0,0.0,2e-18,0.0,2e-18,6.666666666666668e-19,6.666666666666668e-19,4.444444444444445e-19,9.777777777777779e-18,8.88888888888889e-18,1.0666666666666668e-17,0.0,0.0,0.0,0.0,0.0,0.0,2635.1504706692563,1795.594307239472,1984.7131489358906,-68.5937048612176,1021.7059468697887,1828.8119998868005,-172.80424763123057,-1449.0058750079409,23127.96000000006,1.1563980000000031e+24,0.0,0.0
3.595e-05,163397.0,5.44657,3e+22,895.76,-1103.61,18761.2,3.652,3.64447,3.59467,0.00104978486,-0.00117712658,0.787899777,0.151386724,0.152389252,0.70874984,0.00134824101,0.000837460162,-0.00118016662,4456.24169,380.143129,-1019.61533,1717.85039,-294.476387,-2730.39037,1473.08975,-3328.97798,15317.4874,71900.0,163397.147289,5.446571576,-60.00000000000001,30000 3000,1e-06,2,0.0 0.0259,0.0 0.0,-1.0 0.0,0.00054857 28.0,80000,1000,5e-10,0.0,0.0 0.0 0.0,1000 1000000 0,0,0.0,0,100,0,,20,,1,,,,1.0,10.0,0.1,False,{},,,False,3,mixed,250,300,True,Ar_Aubin,,False,uniform,Argon-Aubin-Test2/20Td,3.0000000000000005e+21,9.380600000000001e+23,0.0,1.62204e-13,1.6217e-13,0.0,0.0,0.0,0.0,0.0,0.0,2.2222222222222226e-19,0.0,0.0,0.0,0.0,0.0,6.666666666666668e-19,0.0,0.0,0.0,4.444444444444445e-19,6.666666666666668e-19,2.2222222222222226e-19,4.444444444444445e-19,8.88888888888889e-19,8.88888888888889e-19,2.666666666666667e-18,7.777777777777779e-18,7.777777777777779e-18,1.088888888888889e-17,0.0,0.0,2.2222222222222226e-19,0.0,2.2222222222222226e-19,0.0,2290.831826406159,4455.301334713807,1902.5753860690832,-295.7754756649538,1324.0412335779884,535.542103747599,-518.2961626158428,-271.9899079609519,19636.760000001363,9.818380000000682e+23,0.0,0.0
3.6e-05,163334.0,5.44446,3e+22,0.161337,2182.85,11299.1,3.63804,3.65288,3.59725,0.000938964542,-0.00113027753,0.788904506,0.15158067,0.152638716,0.710375459,0.00136235806,0.000719943942,-0.00115337419,5630.5039,-199.506499,-2132.80427,788.868601,2972.11719,-972.215407,1613.90256,1847.57486,10515.2645,72000.0,163333.934193,5.444464473,-60.00000000000001,30000 3000,1e-06,2,0.0 0.0259,0.0 0.0,-1.0 0.0,0.00054857 28.0,80000,1000,5e-10,0.0,0.0 0.0 0.0,1000 1000000 0,0,0.0,0,100,0,,20,,1,,,,1.0,10.0,0.1,False,{},,,False,3,mixed,250,300,True,Ar_Aubin,,False,uniform,Argon-Aubin-Test2/20Td,3.0000000000000005e+21,5.649550000000001e+23,0.0,1.6196022222222221e-13,1.6192866666666668e-13,0.0,0.0,0.0,0.0,0.0,0.0,0.0,0.0,0.0,0.0,4.444444444444445e-19,2.2222222222222226e-19,4.444444444444445e-19,4.444444444444445e-19,0.0,0.0,4.444444444444445e-19,6.666666666666668e-19,0.0,6.666666666666668e-19,8.88888888888889e-19,4.444444444444445e-19,1.777777777777778e-18,8.444444444444445e-18,7.111111111111112e-18,8.666666666666667e-18,0.0,0.0,0.0,2.2222222222222226e-19,6.666666666666668e-19,0.0,1941.6639384114976,5630.503748510278,2495.7209969053706,2974.5844163063603,413.58009545855447,1601.3535962553997,-622.8864213210007,-529.6384437427969,20094.579999998532,1.0047289999999267e+24,0.0,0.0
3.605e-05,163229.0,5.44095,3e+22,-2404.65,-1686.88,14877.1,3.61465,3.62844,3.63751,0.000932115789,-0.0011569678,0.789850756,0.151824664,0.152879319,0.71203902,0.00133213911,0.00066688573,-0.00119724578,2852.61543,-1851.63169,-721.166494,-965.773219,2408.37654,-2201.49759,-1741.52444,-2431.08318,13688.9351,72100.0,163228.586645,5.440952888,-60.00000000000001,30000 3000,1e-06,2,0.0 0.0259,0.0 0.0,-1.0 0.0,0.00054857 28.0,80000,1000,5e-10,0.0,0.0 0.0 0.0,1000 1000000 0,0,0.0,0,100,0,,20,,1,,,,1.0,10.0,0.1,False,{},,,False,3,mixed,250,300,True,Ar_Aubin,,False,uniform,Argon-Aubin-Test2/20Td,3.0000000000000005e+21,7.438550000000001e+23,0.0,1.6182022222222223e-13,1.617897777777778e-13,0.0,0.0,0.0,0.0,0.0,0.0,0.0,0.0,0.0,0.0,0.0,0.0,8.88888888888889e-19,4.444444444444445e-19,0.0,0.0,0.0,8.88888888888889e-19,0.0,1.1111111111111113e-18,2.2222222222222226e-19,8.88888888888889e-19,1.1111111111111113e-18,7.777777777777779e-18,6.444444444444445e-18,9.777777777777779e-18,0.0,2.2222222222222226e-19,0.0,0.0,6.666666666666668e-19,0.0,2440.068145670438,2854.8568422320186,2405.4195280456825,2406.424874157536,1696.638333325007,1938.2464179124,-970.7442892632041,-577.2434933891318,18925.00000000075,9.462500000000375e+23,0.0,0.0
3.61e-05,163240.0,5.44132,3e+22,350.615,6669.73,19419.2,3.60949,3.62565,3.64509,0.00103616349,-0.00120485319,0.790946771,0.152017171,0.153102167,0.713879118,0.00137096283,0.000734350286,-0.00118860783,3492.22654,2387.13027,-1660.5267,-3634.02776,730.944138,-2824.83467,475.666775,7082.14304,17347.2606,72200.0,163239.518719,5.441317291,-60.00000000000001,30000 3000,1e-06,2,0.0 0.0259,0.0 0.0,-1.0 0.0,0.00054857 28.0,80000,1000,5e-10,0.0,0.0 0.0 0.0,1000 1000000 0,0,0.0,0,100,0,,20,,1,,,,1.0,10.0,0.1,False,{},,,False,3,mixed,250,300,True,Ar_Aubin,,False,uniform,Argon-Aubin-Test2/20Td,3.0000000000000005e+21,9.709600000000001e+23,2.222222222222222e-19,1.6176022222222223e-13,1.617268888888889e-13,0.0,0.0,0.0,0.0,0.0,0.0,2.2222222222222226e-19,0.0,0.0,0.0,0.0,2.2222222222222226e-19,0.0,2.2222222222222226e-19,0.0,0.0,2.2222222222222226e-19,2.2222222222222226e-19,2.2222222222222226e-19,1.3333333333333336e-18,1.5555555555555556e-18,4.444444444444445e-19,4.444444444444445e-19,8.88888888888889e-18,6.8888888888888895e-18,1.1777777777777779e-17,0.0,0.0,0.0,0.0,4.444444444444445e-19,2.2222222222222226e-19,1923.022050661083,3491.863245537954,2227.3490328078574,738.9801834669387,1075.2019844506578,1987.7070645968015,-317.06500044808996,-1482.299193159173,21920.300000000116,1.096015000000006e+24,1.0137736354986978e-23,1.1443428268014243e-23
3.615e-05,163267.0,5.44225,3e+22,1619.69,-4651.1,19101.3,3.6568,3.58672,3.63875,0.0011220166,-0.00112958495,0.792004813,0.152312217,0.153247728,0.715631475,0.00134214325,0.000806603353,-0.0010612959,3211.47135,844.31452,-967.594723,-1103.47177,375.100051,836.150595,2737.54766,-3861.85206,16577.6948,72300.0,163267.365653,5.442245522,-60.00000000000001,30000 3000,1e-06,2,0.0 0.0259,0.0 0.0,-1.0 0.0,0.00054857 28.0,80000,1000,5e-10,0.0,0.0 0.0 0.0,1000 1000000 0,0,0.0,0,100,0,,20,,1,,,,1.0,10.0,0.1,False,{},,,False,3,mixed,250,300,True,Ar_Aubin,,False,uniform,Argon-Aubin-Test2/20Td,3.0000000000000005e+21,9.55065e+23,0.0,1.6174044444444443e-13,1.6170866666666668e-13,0.0,2.2222222222222226e-19,0.0,0.0,0.0,0.0,0.0,2.2222222222222226e-19,0.0,2.2222222222222226e-19,2.2222222222222226e-19,2.2222222222222226e-19,6.666666666666668e-19,2.2222222222222226e-19,0.0,2.2222222222222226e-19,0.0,0.0,2.2222222222222226e-19,1.1111111111111113e-18,4.444444444444445e-19,2.2222222222222226e-19,8.88888888888889e-19,1.1333333333333335e-17,7.111111111111112e-18,7.777777777777779e-18,0.0,4.444444444444445e-19,0.0,0.0,0.0,0.0,2948.6071352732847,3209.654030933146,1457.367090501871,369.846238439055,775.2774016145381,1449.3732654431005,63.21372355390332,465.7186857504498,21160.840000000735,1.0580420000000368e+24,0.0,0.0
3.62e-05,163186.0,5.43955,3e+22,4894.51,-6903.53,13280.0,3.59539,3.62576,3.65654,0.00120520487,-0.00106585215,0.793009506,0.152524941,0.153486127,0.717354282,0.00125485221,0.000806996636,-0.00106451774,-1113.75218,389.872952,-1742.42233,-40.2832361,2616.8754,-834.063605,2903.92347,-5832.53071,11832.8096,72400.0,163186.450518,5.439548351,-60.00000000000001,30000 3000,1e-06,2,0.0 0.0259,0.0 0.0,-1.0 0.0,0.00054857 28.0,80000,1000,5e-10,0.0,0.0 0.0 0.0,1000 1000000 0,0,0.0,0,100,0,,20,,1,,,,1.0,10.0,0.1,False,{},,,False,3,mixed,250,300,True,Ar_Aubin,,False,uniform,Argon-Aubin-Test2/20Td,3.0000000000000005e+21,6.64e+23,0.0,1.6170644444444444e-13,1.6167444444444445e-13,0.0,0.0,0.0,0.0,0.0,0.0,0.0,0.0,0.0,4.444444444444445e-19,0.0,2.2222222222222226e-19,2.2222222222222226e-19,0.0,0.0,0.0,0.0,8.88888888888889e-19,0.0,4.444444444444445e-19,1.3333333333333336e-18,2.2222222222222226e-19,1.777777777777778e-18,1.0444444444444445e-17,7.333333333333334e-18,7.555555555555556e-18,0.0,0.0,0.0,2.2222222222222226e-19,8.88888888888889e-19,0.0,2125.3040247198874,-1119.6510672882637,2385.389213536149,2609.51725770691,1303.542088009202,1301.6433603200003,-1334.061762431971,-2735.89693788566,20093.85999999891,1.0046929999999454e+24,0.0,0.0
3.625e-05,163742.0,5.45807,3e+22,-949.992,-2824.56,23931.8,3.64506,3.61939,3.64838,0.00128039887,-0.00114598512,0.794235389,0.152635009,0.15376158,0.719437548,0.00128361628,0.000843438108,-0.00118522056,3969.45375,-2089.43905,-1016.94847,1800.62005,-861.155906,-579.266579,822.296015,-3692.48388,20573.1427,72500.0,163742.069201,5.458068973,-60.00000000000001,30000 3000,1e-06,2,0.0 0.0259,0.0 0.0,-1.0 0.0,0.00054857 28.0,80000,1000,5e-10,0.0,0.0 0.0 0.0,1000 1000000 0,0,0.0,0,100,0,,20,,1,,,,1.0,10.0,0.1,False,{},,,False,3,mixed,250,300,True,Ar_Aubin,,False,uniform,Argon-Aubin-Test2/20Td,3.0000000000000005e+21,1.1965900000000001e+24,0.0,1.6209244444444444e-13,1.620648888888889e-13,0.0,0.0,0.0,0.0,0.0,0.0,0.0,2.2222222222222226e-19,0.0,0.0,0.0,0.0,2.2222222222222226e-19,2.2222222222222226e-19,0.0,0.0,0.0,6.666666666666668e-19,2.2222222222222226e-19,8.88888888888889e-19,4.444444444444445e-19,2.2222222222222226e-19,1.777777777777778e-18,7.777777777777779e-18,6.444444444444445e-18,7.555555555555556e-18,0.0,0.0,0.0,2.2222222222222226e-19,6.666666666666668e-19,0.0,1098.810975123654,3970.6701186833093,2752.7575891039824,-864.3928097305471,1374.8946638270088,1565.6602175297994,-495.15408004232376,529.2225609898219,24517.660000000775,1.2258830000000388e+24,0.0,0.0
3.63e-05,164135.0,5.47118,3e+22,8189.52,-347.755,15924.9,3.66781,3.61963,3.6531,0.00124674212,-0.00116570464,0.795260789,0.152941617,0.153954512,0.721183595,0.00127885492,0.000854167466,-0.0011906886,3836.55694,-2212.41842,-1347.08534,-2844.37921,260.762213,35.4993586,4779.00144,2701.62004,12077.7638,72600.0,164135.453738,5.471181791,-60.00000000000001,30000 3000,1e-06,2,0.0 0.0259,0.0 0.0,-1.0 0.0,0.00054857 28.0,80000,1000,5e-10,0.0,0.0 0.0 0.0,1000 1000000 0,0,0.0,0,100,0,,20,,1,,,,1.0,10.0,0.1,False,{},,,False,3,mixed,250,300,True,Ar_Aubin,,False,uniform,Argon-Aubin-Test2/20Td,3.0000000000000005e+21,7.96245e+23,0.0,1.625371111111111e-13,1.6251311111111113e-13,0.0,0.0,0.0,0.0,0.0,0.0,0.0,0.0,0.0,0.0,2.2222222222222226e-19,0.0,0.0,0.0,0.0,0.0,0.0,4.444444444444445e-19,0.0,1.777777777777778e-18,2.2222222222222226e-19,6.666666666666668e-19,8.88888888888889e-19,6.444444444444445e-18,5.333333333333334e-18,7.777777777777779e-18,2.2222222222222226e-19,0.0,0.0,0.0,0.0,0.0,3066.9305535252493,3826.3467204734175,1928.864145875342,260.35683338291676,1161.7761907878332,-586.6847387460984,723.646611177557,-3100.742280318068,20507.999999999083,1.0253999999999542e+24,0.0,0.0
3.635e-05,164092.0,5.46972,3e+22,2766.02,-3741.86,23666.7,3.65836,3.67145,3.60632,0.00127346859,-0.00109895895,0.796252552,0.153121693,0.15428017,0.722929935,0.00122917095,0.000811718517,-0.00108848971,863.619345,1890.15195,-1702.19551,-2452.0065,-2184.56738,3130.25881,885.967816,-3896.5998,20673.3837,72700.0,164091.531892,5.46971773,-60.00000000000001,30000 3000,1e-06,2,0.0 0.0259,0.0 0.0,-1.0 0.0,0.00054857 28.0,80000,1000,5e-10,0.0,0.0 0.0 0.0,1000 1000000 0,0,0.0,0,100,0,,20,,1,,,,1.0,10.0,0.1,False,{},,,False,3,mixed,250,300,True,Ar_Aubin,,False,uniform,Argon-Aubin-Test2/20Td,3.0000000000000005e+21,1.1833350000000002e+24,0.0,1.6307666666666666e-13,1.630457777777778e-13,0.0,0.0,0.0,0.0,0.0,0.0,2.2222222222222226e-19,0.0,0.0,2.2222222222222226e-19,0.0,2.2222222222222226e-19,1.1111111111111113e-18,2.2222222222222226e-19,0.0,0.0,0.0,2.2222222222222226e-19,0.0,4.444444444444445e-19,4.444444444444445e-19,6.666666666666668e-19,1.1111111111111113e-18,1.2444444444444445e-17,4.888888888888889e-18,8.222222222222223e-18,0.0,0.0,0.0,0.0,4.444444444444445e-19,0.0,1800.0864366407577,860.0969054106881,3258.0915653393495,-2188.679530536647,1679.359543899084,1828.7134275815988,-1299.3288329721806,-3048.8169769619926,19835.26000000069,9.917630000000344e+23,0.0,0.0
3.64e-05,164144.0,5.47148,3e+22,-1868.7,1782.89,23352.8,3.65901,3.63895,3.64186,0.0011995741,-0.00109747827,0.797310528,0.153354517,0.154455097,0.724746582,0.00119802142,0.000731914789,-0.00107651623,2801.61726,472.436791,609.955418,1044.26682,911.556177,4085.88654,-3122.40002,2457.21927,21393.9825,72800.0,164144.336778,5.471477893,-60.00000000000001,30000 3000,1e-06,2,0.0 0.0259,0.0 0.0,-1.0 0.0,0.00054857 28.0,80000,1000,5e-10,0.0,0.0 0.0 0.0,1000 1000000 0,0,0.0,0,100,0,,20,,1,,,,1.0,10.0,0.1,False,{},,,False,3,mixed,250,300,True,Ar_Aubin,,False,uniform,Argon-Aubin-Test2/20Td,3.0000000000000005e+21,1.1676399999999999e+24,0.0,1.6292977777777778e-13,1.6289822222222224e-13,0.0,0.0,0.0,0.0,0.0,0.0,0.0,0.0,0.0,0.0,0.0,0.0,4.444444444444445e-19,0.0,4.444444444444445e-19,0.0,0.0,8.88888888888889e-19,0.0,4.444444444444445e-19,6.666666666666668e-19,2.2222222222222226e-19,1.3333333333333336e-18,1.0666666666666668e-17,7.555555555555556e-18,8.666666666666667e-18,0.0,0.0,0.0,0.0,2.2222222222222226e-19,0.0,2330.0674422832567,2803.85890412067,1749.302522206786,913.5128600328004,1306.9550687383469,2774.5492017215984,-444.6834473356633,-1050.5238323688798,21159.52000000032,1.0579760000000161e+24,0.0,0.0
3.645e-05,163924.0,5.46412,3e+22,-3878.38,1456.55,14647.5,3.62133,3.6474,3.65818,0.00109890496,-0.00106567584,0.798182075,0.153457668,0.154760783,0.726273798,0.00118238527,0.000672441832,-0.00105095827,-111.574148,-1356.29222,-1213.08919,322.40422,-927.861659,-608.216467,-4506.36374,546.476129,14225.3487,72900.0,163923.507585,5.46411692,-60.00000000000001,30000 3000,1e-06,2,0.0 0.0259,0.0 0.0,-1.0 0.0,0.00054857 28.0,80000,1000,5e-10,0.0,0.0 0.0 0.0,1000 1000000 0,0,0.0,0,100,0,,20,,1,,,,1.0,10.0,0.1,False,{},,,False,3,mixed,250,300,True,Ar_Aubin,,False,uniform,Argon-Aubin-Test2/20Td,3.0000000000000005e+21,7.32375e+23,0.0,1.6310222222222222e-13,1.6307200000000002e-13,0.0,0.0,0.0,0.0,0.0,2.2222222222222226e-19,2.2222222222222226e-19,0.0,0.0,0.0,0.0,0.0,4.444444444444445e-19,4.444444444444445e-19,0.0,0.0,0.0,4.444444444444445e-19,0.0,8.88888888888889e-19,6.666666666666668e-19,6.666666666666668e-19,8.88888888888889e-19,7.111111111111112e-18,8.88888888888889e-18,9.111111111111112e-18,0.0,2.2222222222222226e-19,0.0,0.0,0.0,0.0,1033.8238591026118,-107.3121769812352,3057.547935571559,-926.309448855248,1366.6920833310671,2533.9767564374997,396.67721691065594,-2639.895744363099,17430.940000000563,8.715470000000281e+23,0.0,0.0
3.65e-05,163654.0,5.45513,3e+22,-1263.56,-3232.89,9352.31,3.64635,3.63667,3.62667,0.00114728448,-0.00100072315,0.799095557,0.153721438,0.154867112,0.727913046,0.00115425711,0.000714764309,-0.000924425843,2994.61342,2778.12796,633.007278,-722.376346,-1639.19635,284.93678,-2373.41131,-2772.38434,8108.06967,73000.0,163653.781177,5.455126039,-60.00000000000001,30000 3000,1e-06,2,0.0 0.0259,0.0 0.0,-1.0 0.0,0.00054857 28.0,80000,1000,5e-10,0.0,0.0 0.0 0.0,1000 1000000 0,0,0.0,0,100,0,,20,,1,,,,1.0,10.0,0.1,False,{},,,False,3,mixed,250,300,True,Ar_Aubin,,False,uniform,Argon-Aubin-Test2/20Td,3.0000000000000005e+21,4.676155e+23,0.0,1.6273733333333333e-13,1.627048888888889e-13,0.0,0.0,0.0,0.0,0.0,0.0,0.0,2.2222222222222226e-19,0.0,0.0,2.2222222222222226e-19,0.0,6.666666666666668e-19,0.0,0.0,0.0,0.0,6.666666666666668e-19,0.0,1.1111111111111113e-18,1.5555555555555556e-18,8.88888888888889e-19,1.3333333333333336e-18,9.555555555555557e-18,6.6666666666666674e-18,9.555555555555557e-18,0.0,0.0,0.0,0.0,0.0,0.0,2636.613304330682,2996.063082777549,1064.6321817300852,-1642.4315778644034,1801.6363416539782,634.6803013133303,53.175752350732424,-741.4286101122287,18269.639999999312,9.134819999999656e+23,0.0,0.0
3.655e-05,163710.0,5.45701,3e+22,7425.9,10259.8,17062.6,3.66349,3.61374,3.63421,0.00118621698,-0.000902825483,0.800195792,0.153893748,0.155133757,0.729751195,0.0011446582,0.000692662235,-0.00080144964,54.3708099,-611.576071,-81.3191152,733.155224,759.939824,-1176.87179,5295.26821,9513.15046,16404.6326,73100.0,163710.239221,5.457007974,-60.00000000000001,30000 3000,1e-06,2,0.0 0.0259,0.0 0.0,-1.0 0.0,0.00054857 28.0,80000,1000,5e-10,0.0,0.0 0.0 0.0,1000 1000000 0,0,0.0,0,100,0,,20,,1,,,,1.0,10.0,0.1,False,{},,,False,3,mixed,250,300,True,Ar_Aubin,,False,uniform,Argon-Aubin-Test2/20Td,3.0000000000000005e+21,8.5313e+23,0.0,1.62064e-13,1.6203111111111112e-13,0.0,0.0,0.0,0.0,0.0,0.0,0.0,0.0,0.0,0.0,0.0,0.0,4.444444444444445e-19,0.0,0.0,0.0,4.444444444444445e-19,2.2222222222222226e-19,0.0,6.666666666666668e-19,1.1111111111111113e-18,2.2222222222222226e-19,1.5555555555555556e-18,1e-17,5.333333333333334e-18,1.2444444444444445e-17,0.0,0.0,2.2222222222222226e-19,0.0,2.2222222222222226e-19,0.0,1722.1915095441686,45.562081228218,2668.313529702038,769.2026328904834,785.5268263301518,2751.211879420802,-1090.3595842378538,-748.4647828557481,22004.7000000001,1.100235000000005e+24,0.0,0.0
3.66e-05,163248.0,5.4416,3e+22,-3071.3,3560.22,12286.9,3.6176,3.61077,3.65385,0.00118067939,-0.00096786549,0.801055248,0.15419833,0.155285841,0.731232048,0.00118451539,0.000730787299,-0.000846690845,6823.45323,-388.254589,1606.05133,1494.31609,3552.7855,-2243.18052,-4074.14499,3112.5759,10977.683,73200.0,163248.148715,5.441604957,-60.00000000000001,30000 3000,1e-06,2,0.0 0.0259,0.0 0.0,-1.0 0.0,0.00054857 28.0,80000,1000,5e-10,0.0,0.0 0.0 0.0,1000 1000000 0,0,0.0,0,100,0,,20,,1,,,,1.0,10.0,0.1,False,{},,,False,3,mixed,250,300,True,Ar_Aubin,,False,uniform,Argon-Aubin-Test2/20Td,3.0000000000000005e+21,6.14345e+23,0.0,1.6234555555555554e-13,1.6231111111111112e-13,2.2222222222222226e-19,0.0,0.0,0.0,0.0,0.0,0.0,0.0,0.0,0.0,0.0,0.0,4.444444444444445e-19,0.0,0.0,0.0,2.2222222222222226e-19,8.88888888888889e-19,2.2222222222222226e-19,0.0,0.0,1.3333333333333336e-18,1.3333333333333336e-18,1.0444444444444445e-17,7.111111111111112e-18,1.2000000000000001e-17,0.0,0.0,2.2222222222222226e-19,0.0,0.0,0.0,3045.951069016728,6827.079450610507,1519.623302460027,3556.231314074808,1046.4818616573446,1135.1972733488,830.8295646001877,-22.319566414590554,17189.120000000723,8.594560000000362e+23,0.0,0.0
3.665e-05,163171.0,5.43902,3e+22,-141.811,-7537.71,17012.1,3.60468,3.63761,3.63378,0.00131001197,-0.000820103981,0.802079759,0.154448519,0.155616719,0.732934521,0.00112839202,0.000877353869,-0.000679598644,1084.82956,-1525.90847,-1255.94084,325.860928,2559.11418,4302.49266,-1573.43349,-7000.8308,13487.5063,73300.0,163170.649703,5.439021657,-60.00000000000001,30000 3000,1e-06,2,0.0 0.0259,0.0 0.0,-1.0 0.0,0.00054857 28.0,80000,1000,5e-10,0.0,0.0 0.0 0.0,1000 1000000 0,0,0.0,0,100,0,,20,,1,,,,1.0,10.0,0.1,False,{},,,False,3,mixed,250,300,True,Ar_Aubin,,False,uniform,Argon-Aubin-Test2/20Td,3.0000000000000005e+21,8.50605e+23,0.0,1.61792e-13,1.6175955555555558e-13,0.0,0.0,0.0,0.0,0.0,0.0,0.0,0.0,0.0,0.0,2.2222222222222226e-19,0.0,4.444444444444445e-19,8.88888888888889e-19,2.2222222222222226e-19,0.0,4.444444444444445e-19,2.2222222222222226e-19,2.2222222222222226e-19,6.666666666666668e-19,4.444444444444445e-19,8.88888888888889e-19,1.1111111111111113e-18,1.0666666666666668e-17,6.444444444444445e-18,8.444444444444445e-18,0.0,2.2222222222222226e-19,2.2222222222222226e-19,0.0,6.666666666666668e-19,0.0,2498.6687246042475,1085.0153341074777,3311.421930670688,2552.9324740213765,600.4355084354706,-157.55476808389903,832.4381276044704,-2737.9166519312876,20490.219999997895,1.0245109999998948e+24,0.0,0.0
3.67e-05,163258.0,5.44193,3e+22,886.753,-2290.73,12600.0,3.65298,3.61843,3.61151,0.00145018565,-0.000898431766,0.803111457,0.154750073,0.155784472,0.734762544,0.00113419726,0.000988423125,-0.000754019823,269.103185,-521.97379,4573.63919,-878.676373,1032.77316,-1645.80261,1700.1339,-323.705281,13646.2509,73400.0,163257.985569,5.441932852,-60.00000000000001,30000 3000,1e-06,2,0.0 0.0259,0.0 0.0,-1.0 0.0,0.00054857 28.0,80000,1000,5e-10,0.0,0.0 0.0 0.0,1000 1000000 0,0,0.0,0,100,0,,20,,1,,,,1.0,10.0,0.1,False,{},,,False,3,mixed,250,300,True,Ar_Aubin,,False,uniform,Argon-Aubin-Test2/20Td,3.0000000000000005e+21,6.3e+23,0.0,1.6177622222222222e-13,1.61746e-13,0.0,0.0,0.0,0.0,0.0,0.0,0.0,0.0,0.0,0.0,0.0,0.0,0.0,0.0,2.2222222222222226e-19,0.0,0.0,6.666666666666668e-19,2.2222222222222226e-19,6.666666666666668e-19,6.666666666666668e-19,2.2222222222222226e-19,1.3333333333333336e-18,9.111111111111112e-18,8e-18,9.111111111111112e-18,0.0,0.0,0.0,0.0,0.0,0.0,3011.670929420618,267.81722852430556,1676.1839090151389,1030.7150954006709,1719.504328351329,3527.0465417999985,-57.14738214554136,5543.339256980878,20633.96000000051,1.0316980000000254e+24,0.0,0.0
3.675e-05,163272.0,5.44241,3e+22,-7673.75,1584.99,29168.7,3.60734,3.61624,3.65604,0.00151580368,-0.000890977023,0.80410664,0.155029553,0.155986496,0.736483975,0.00114661405,0.00107759278,-0.00078350005,723.660523,-3121.47324,2263.95524,-857.341069,1597.95925,-2231.20483,-4893.7599,1145.28796,24392.4513,73500.0,163272.253305,5.442408444,-60.00000000000001,30000 3000,1e-06,2,0.0 0.0259,0.0 0.0,-1.0 0.0,0.00054857 28.0,80000,1000,5e-10,0.0,0.0 0.0 0.0,1000 1000000 0,0,0.0,0,100,0,,20,,1,,,,1.0,10.0,0.1,False,{},,,False,3,mixed,250,300,True,Ar_Aubin,,False,uniform,Argon-Aubin-Test2/20Td,3.0000000000000005e+21,1.458435e+24,2.222222222222222e-19,1.6225066666666666e-13,1.622206666666667e-13,0.0,0.0,0.0,0.0,0.0,0.0,0.0,0.0,0.0,2.2222222222222226e-19,0.0,0.0,4.444444444444445e-19,2.2222222222222226e-19,0.0,0.0,0.0,2.2222222222222226e-19,0.0,1.1111111111111113e-18,2.2222222222222226e-19,8.88888888888889e-19,6.666666666666668e-19,8.222222222222223e-18,8.88888888888889e-18,7.777777777777779e-18,0.0,0.0,4.444444444444445e-19,0.0,4.444444444444445e-19,2.2222222222222226e-19,2792.8537762317296,735.2924214894,2020.3733958262806,1599.3714396716848,1219.5487257327109,937.7059498320014,699.251225351142,3496.4946458991835,19903.66000000021,9.951830000000106e+23,1.1164892397791153e-23,7.618516499611645e-24
3.68e-05,163342.0,5.44474,3e+22,5810.36,-1888.59,13459.8,3.63264,3.66498,3.59063,0.00139267793,-0.000956067015,0.805261255,0.15533396,0.156204608,0.738481837,0.00120251226,0.00093851997,-0.000804793751,2393.57923,1434.49038,-327.380341,-1199.46247,2623.53146,1438.51721,4567.34176,-191.063474,12857.7744,73600.0,163342.327179,5.444744239,-60.00000000000001,30000 3000,1e-06,2,0.0 0.0259,0.0 0.0,-1.0 0.0,0.00054857 28.0,80000,1000,5e-10,0.0,0.0 0.0 0.0,1000 1000000 0,0,0.0,0,100,0,,20,,1,,,,1.0,10.0,0.1,False,{},,,False,3,mixed,250,300,True,Ar_Aubin,,False,uniform,Argon-Aubin-Test2/20Td,3.0000000000000005e+21,6.7299e+23,0.0,1.62144e-13,1.6210977777777779e-13,0.0,0.0,0.0,0.0,0.0,0.0,0.0,0.0,0.0,0.0,0.0,2.2222222222222226e-19,8.88888888888889e-19,2.2222222222222226e-19,0.0,0.0,6.666666666666668e-19,8.88888888888889e-19,0.0,1.1111111111111113e-18,6.666666666666668e-19,4.444444444444445e-19,1.1111111111111113e-18,8.444444444444445e-18,8.666666666666667e-18,1.0222222222222223e-17,0.0,2.2222222222222226e-19,2.2222222222222226e-19,0.0,2.2222222222222226e-19,0.0,3047.651089795878,2385.487269862645,2179.9177591835805,2621.7258413961413,1396.616879145718,2019.1189599509999,-833.4916739633392,-457.6415330040136,23092.300000000512,1.1546150000000257e+24,0.0,0.0
3.685e-05,163395.0,5.44651,3e+22,4103.47,-4188.95,15236.4,3.67331,3.62688,3.59131,0.00148124055,-0.000949911394,0.806292904,0.155556914,0.156414979,0.74027011,0.00114489024,0.000980153582,-0.000760760173,1108.49638,833.663033,-3674.99259,-2982.34324,2297.95418,-1029.1889,1184.25498,-2557.65414,10945.4558,73700.0,163395.270637,5.446509021,-60.00000000000001,30000 3000,1e-06,2,0.0 0.0259,0.0 0.0,-1.0 0.0,0.00054857 28.0,80000,1000,5e-10,0.0,0.0 0.0 0.0,1000 1000000 0,0,0.0,0,100,0,,20,,1,,,,1.0,10.0,0.1,False,{},,,False,3,mixed,250,300,True,Ar_Aubin,,False,uniform,Argon-Aubin-Test2/20Td,3.0000000000000005e+21,7.6182e+23,0.0,1.620082222222222e-13,1.619777777777778e-13,0.0,0.0,2.2222222222222226e-19,0.0,0.0,0.0,0.0,2.2222222222222226e-19,0.0,2.2222222222222226e-19,0.0,0.0,0.0,0.0,0.0,0.0,2.2222222222222226e-19,4.444444444444445e-19,0.0,4.444444444444445e-19,2e-18,6.666666666666668e-19,6.666666666666668e-19,8e-18,7.777777777777779e-18,9.111111111111112e-18,0.0,0.0,0.0,0.0,4.444444444444445e-19,0.0,2226.9947824973824,1102.4181538402916,2103.827324807239,2293.9750486661037,1257.1476342182475,-1339.5454025055988,-624.2110971890996,-5821.905126292901,20632.97999999936,1.031648999999968e+24,0.0,0.0
3.69e-05,163304.0,5.44347,3e+22,11623.0,-3286.75,17370.4,3.62911,3.6285,3.62679,0.00152875256,-0.000996762383,0.80730693,0.1557296,0.15664497,0.742017889,0.0011203336,0.000984537212,-0.000825474689,3085.64316,-723.291682,146.882709,-1137.69895,-1407.30045,1567.40998,8234.43771,-4106.19265,14821.2131,73800.0,163304.215326,5.443473844,-60.00000000000001,30000 3000,1e-06,2,0.0 0.0259,0.0 0.0,-1.0 0.0,0.00054857 28.0,80000,1000,5e-10,0.0,0.0 0.0 0.0,1000 1000000 0,0,0.0,0,100,0,,20,,1,,,,1.0,10.0,0.1,False,{},,,False,3,mixed,250,300,True,Ar_Aubin,,False,uniform,Argon-Aubin-Test2/20Td,3.0000000000000005e+21,8.685200000000001e+23,0.0,1.6206866666666666e-13,1.6203600000000002e-13,0.0,0.0,0.0,0.0,0.0,0.0,0.0,0.0,0.0,0.0,2.2222222222222226e-19,0.0,8.88888888888889e-19,6.666666666666668e-19,0.0,2.2222222222222226e-19,2.2222222222222226e-19,6.666666666666668e-19,0.0,6.666666666666668e-19,2.2222222222222226e-19,4.444444444444445e-19,1.5555555555555556e-18,8.88888888888889e-18,8.88888888888889e-18,8.88888888888889e-18,0.0,0.0,0.0,0.0,2.2222222222222226e-19,0.0,1725.4298917726564,3067.87446899512,2298.997964082783,-1410.5765587623252,1115.4681472835825,797.9688031280002,-709.5032272236724,-1028.5630718582252,20280.520000000026,1.0140260000000014e+24,0.0,0.0
3.695e-05,163258.0,5.44193,3e+22,-155.587,-8718.92,21705.2,3.61763,3.66425,3.59888,0.00151161595,-0.00105509424,0.80836839,0.155949155,0.156863769,0.743798129,0.00114009594,0.00105495647,-0.000844351492,748.138971,2050.41752,-418.904587,-745.54685,3911.59983,382.7383,823.533576,-7820.18538,18119.1891,73900.0,163257.958582,5.441931953,-60.00000000000001,30000 3000,1e-06,2,0.0 0.0259,0.0 0.0,-1.0 0.0,0.00054857 28.0,80000,1000,5e-10,0.0,0.0 0.0 0.0,1000 1000000 0,0,0.0,0,100,0,,20,,1,,,,1.0,10.0,0.1,False,{},,,False,3,mixed,250,300,True,Ar_Aubin,,False,uniform,Argon-Aubin-Test2/20Td,3.0000000000000005e+21,1.0852600000000002e+24,0.0,1.619111111111111e-13,1.6187755555555556e-13,0.0,0.0,0.0,0.0,0.0,0.0,0.0,0.0,0.0,0.0,0.0,0.0,4.444444444444445e-19,0.0,0.0,0.0,2.2222222222222226e-19,4.444444444444445e-19,0.0,4.444444444444445e-19,6.666666666666668e-19,2.2222222222222226e-19,1.3333333333333336e-18,1.0666666666666668e-17,8.222222222222223e-18,1e-17,0.0,0.0,2.2222222222222226e-19,2.2222222222222226e-19,4.444444444444445e-19,0.0,2196.071016094259,748.3741587908127,2186.7931139285533,3902.4005477289793,652.6527483263767,573.3915213719993,1652.9848428684058,497.5906751769901,21229.200000001394,1.0614600000000697e+24,0.0,0.0
3.7e-05,163139.0,5.43795,3e+22,-2839.11,-6118.9,17250.4,3.62488,3.60245,3.64662,0.00161122047,-0.00119409313,0.809349539,0.156147678,0.157066887,0.745525855,0.00116059586,0.00116183894,-0.000965507444,741.246871,-1762.19631,1660.83238,62.6437996,3976.83706,-1994.36626,-1716.56511,-4267.04325,12887.844,74000.0,163138.503133,5.437950104,-60.00000000000001,30000 3000,1e-06,2,0.0 0.0259,0.0 0.0,-1.0 0.0,0.00054857 28.0,80000,1000,5e-10,0.0,0.0 0.0 0.0,1000 1000000 0,0,0.0,0,100,0,,20,,1,,,,1.0,10.0,0.1,False,{},,,False,3,mixed,250,300,True,Ar_Aubin,,False,uniform,Argon-Aubin-Test2/20Td,3.0000000000000005e+21,8.625200000000001e+23,0.0,1.6203955555555555e-13,1.6200755555555558e-13,0.0,0.0,0.0,0.0,0.0,2.2222222222222226e-19,2.2222222222222226e-19,0.0,0.0,0.0,0.0,2.2222222222222226e-19,4.444444444444445e-19,0.0,2.2222222222222226e-19,0.0,0.0,1.1111111111111113e-18,0.0,4.444444444444445e-19,1.3333333333333336e-18,4.444444444444445e-19,1.3333333333333336e-18,9.777777777777779e-18,6.2222222222222225e-18,9.555555555555557e-18,0.0,0.0,0.0,4.444444444444445e-19,0.0,0.0,1982.119513773417,745.8213031485817,2028.0536545216887,3969.5305235468427,1405.036716798369,-1073.759287565601,495.68954355914445,2214.305442074602,19622.97999999807,9.811489999999036e+23,0.0,0.0
3.705e-05,163355.0,5.44517,3e+22,857.017,-909.695,22337.4,3.56557,3.62228,3.69964,0.00163564141,-0.00124979717,0.810440383,0.156304067,0.157335028,0.747440243,0.00117060212,0.00119812671,-0.000946748983,1351.42216,-535.181618,-1676.14432,-349.013611,6028.31886,1684.81089,792.350082,-553.644152,20454.819,74100.0,163355.100807,5.445170027,-60.00000000000001,30000 3000,1e-06,2,0.0 0.0259,0.0 0.0,-1.0 0.0,0.00054857 28.0,80000,1000,5e-10,0.0,0.0 0.0 0.0,1000 1000000 0,0,0.0,0,100,0,,20,,1,,,,1.0,10.0,0.1,False,{},,,False,3,mixed,250,300,True,Ar_Aubin,,False,uniform,Argon-Aubin-Test2/20Td,3.0000000000000005e+21,1.1168700000000001e+24,0.0,1.6188022222222223e-13,1.618508888888889e-13,0.0,0.0,0.0,2.2222222222222226e-19,0.0,0.0,0.0,0.0,0.0,2.2222222222222226e-19,0.0,0.0,2.2222222222222226e-19,0.0,2.2222222222222226e-19,2.2222222222222226e-19,0.0,4.444444444444445e-19,2.2222222222222226e-19,1.1111111111111113e-18,2.2222222222222226e-19,8.88888888888889e-19,1.1111111111111113e-18,7.555555555555556e-18,8.222222222222223e-18,7.777777777777779e-18,0.0,2.2222222222222226e-19,2.2222222222222226e-19,0.0,2.2222222222222226e-19,0.0,1563.0970858082628,1350.0203875057261,2680.048654369882,6027.181925763437,1474.498823257342,2351.687988775797,294.76927701606576,-1614.891400149245,21816.880000000707,1.0908440000000355e+24,0.0,0.0
3.71e-05,163503.0,5.45009,3e+22,-100.766,-4781.12,23026.4,3.66979,3.62057,3.60668,0.00156749179,-0.00132232473,0.811624438,0.156555211,0.157548823,0.749539574,0.00121403449,0.00118288409,-0.00103141772,10.6377696,-3388.25157,1299.52443,-1552.72441,-1626.11246,-1775.81922,1988.5228,-2933.03932,19433.2419,74200.0,163502.720016,5.450090667,-60.00000000000001,30000 3000,1e-06,2,0.0 0.0259,0.0 0.0,-1.0 0.0,0.00054857 28.0,80000,1000,5e-10,0.0,0.0 0.0 0.0,1000 1000000 0,0,0.0,0,100,0,,20,,1,,,,1.0,10.0,0.1,False,{},,,False,3,mixed,250,300,True,Ar_Aubin,,False,uniform,Argon-Aubin-Test2/20Td,3.0000000000000005e+21,1.1513200000000002e+24,0.0,1.6214244444444443e-13,1.6210844444444447e-13,0.0,0.0,0.0,0.0,0.0,0.0,0.0,0.0,0.0,2.2222222222222226e-19,0.0,0.0,2.2222222222222226e-19,2.2222222222222226e-19,0.0,2.2222222222222226e-19,0.0,4.444444444444445e-19,0.0,4.444444444444445e-19,1.3333333333333336e-18,4.444444444444445e-19,1.1111111111111113e-18,1.288888888888889e-17,6.6666666666666674e-18,9.777777777777779e-18,0.0,0.0,0.0,0.0,0.0,0.0,2513.622923104031,10.79571947771114,2136.0845027457167,-1632.4346532130976,1787.1703837091247,744.4529408367998,762.6517528539194,3333.737685166252,23681.099999999235,1.1840549999999618e+24,0.0,0.0
3.715e-05,163650.0,5.455,3e+22,5722.92,-795.946,17334.5,3.657,3.61265,3.63846,0.00171712801,-0.00136543083,0.812662134,0.156795807,0.157642118,0.751331674,0.00116823002,0.00135689904,-0.00100777186,2312.6718,554.502476,-1426.71954,3527.0911,1359.38651,-2300.90641,3076.94875,158.198546,16819.1488,74300.0,163650.059348,5.455001978,-60.00000000000001,30000 3000,1e-06,2,0.0 0.0259,0.0 0.0,-1.0 0.0,0.00054857 28.0,80000,1000,5e-10,0.0,0.0 0.0 0.0,1000 1000000 0,0,0.0,0,100,0,,20,,1,,,,1.0,10.0,0.1,False,{},,,False,3,mixed,250,300,True,Ar_Aubin,,False,uniform,Argon-Aubin-Test2/20Td,3.0000000000000005e+21,8.66725e+23,0.0,1.6246511111111111e-13,1.6243600000000003e-13,0.0,0.0,0.0,0.0,0.0,0.0,0.0,0.0,0.0,0.0,0.0,0.0,0.0,6.666666666666668e-19,0.0,2.2222222222222226e-19,0.0,2.2222222222222226e-19,0.0,1.3333333333333336e-18,4.444444444444445e-19,2.2222222222222226e-19,2.4444444444444447e-18,7.333333333333334e-18,5.777777777777778e-18,1e-17,0.0,2.2222222222222226e-19,2.2222222222222226e-19,0.0,0.0,0.0,2401.0450190900533,2302.8448137690107,931.7914134004957,1358.2997007925849,1065.843213817752,2732.0570381769994,1015.6936034118108,-3030.3367254006253,20753.92000000065,1.0376960000000325e+24,0.0,0.0
3.72e-05,163820.0,5.46067,3e+22,552.997,-4776.74,16783.9,3.63082,3.64719,3.6416,0.00189372233,-0.00135571888,0.813684632,0.156915273,0.157795214,0.753153665,0.00117385331,0.0015180134,-0.000991643087,4025.18724,-3839.37727,805.208215,3459.53704,-1356.30341,-3077.30915,1892.6484,-2511.89684,15228.2387,74400.0,163820.177802,5.460672593,-60.00000000000001,30000 3000,1e-06,2,0.0 0.0259,0.0 0.0,-1.0 0.0,0.00054857 28.0,80000,1000,5e-10,0.0,0.0 0.0 0.0,1000 1000000 0,0,0.0,0,100,0,,20,,1,,,,1.0,10.0,0.1,False,{},,,False,3,mixed,250,300,True,Ar_Aubin,,False,uniform,Argon-Aubin-Test2/20Td,3.0000000000000005e+21,8.391950000000001e+23,0.0,1.6222733333333334e-13,1.6219933333333336e-13,0.0,0.0,2.2222222222222226e-19,0.0,0.0,0.0,0.0,0.0,0.0,0.0,0.0,0.0,0.0,0.0,0.0,2.2222222222222226e-19,4.444444444444445e-19,4.444444444444445e-19,0.0,2.2222222222222226e-19,1.3333333333333336e-18,6.666666666666668e-19,1.5555555555555556e-18,9.111111111111112e-18,7.777777777777779e-18,5.777777777777778e-18,0.0,0.0,0.0,0.0,2.2222222222222226e-19,0.0,1188.2834433957212,4024.140017232677,1531.224276699328,-1362.7793266028511,1590.5468445864824,1571.4372049752,313.3303152308203,2216.1074083434096,20449.959999999657,1.0224979999999828e+24,0.0,0.0
3.725e-05,163385.0,5.44616,3e+22,-5372.79,-333.761,15511.5,3.63942,3.62024,3.63114,0.0018731045,-0.00134580279,0.814611236,0.157251518,0.157916246,0.754757431,0.00118769832,0.00154253992,-0.000997809224,486.27501,1162.04605,738.556063,-1602.27648,-375.981085,-2604.84555,-6512.14476,-996.345826,12867.708,74500.0,163384.894641,5.446163155,-60.00000000000001,30000 3000,1e-06,2,0.0 0.0259,0.0 0.0,-1.0 0.0,0.00054857 28.0,80000,1000,5e-10,0.0,0.0 0.0 0.0,1000 1000000 0,0,0.0,0,100,0,,20,,1,,,,1.0,10.0,0.1,False,{},,,False,3,mixed,250,300,True,Ar_Aubin,,False,uniform,Argon-Aubin-Test2/20Td,3.0000000000000005e+21,7.75575e+23,2.222222222222222e-19,1.6219555555555556e-13,1.621597777777778e-13,0.0,0.0,0.0,0.0,0.0,0.0,0.0,0.0,0.0,0.0,2.2222222222222226e-19,0.0,1.5555555555555556e-18,8.88888888888889e-19,4.444444444444445e-19,2.2222222222222226e-19,2.2222222222222226e-19,8.88888888888889e-19,0.0,1.1111111111111113e-18,1.1111111111111113e-18,2.2222222222222226e-19,6.666666666666668e-19,1.0222222222222223e-17,8e-18,9.777777777777779e-18,0.0,0.0,0.0,0.0,0.0,2.2222222222222226e-19,3363.2266379521325,496.338807126555,1210.5878853202469,-376.4302614849932,949.8053552770003,231.8658127860017,791.3461058814062,-1425.9082547833104,18532.07999999995,9.266039999999976e+23,1.1991218590801616e-23,1.4326288381021966e-23
3.73e-05,163232.0,5.44108,3e+22,3732.17,1699.65,10842.1,3.60205,3.62749,3.65185,0.00172595295,-0.0014020111,0.815492742,0.157439026,0.157992438,0.756333698,0.00118312583,0.00147239077,-0.0010256524,2774.19314,-612.788113,606.461312,2077.67399,947.179939,1916.32596,2651.40637,935.104612,9565.509,74600.0,163232.349602,5.44107832,-60.00000000000001,30000 3000,1e-06,2,0.0 0.0259,0.0 0.0,-1.0 0.0,0.00054857 28.0,80000,1000,5e-10,0.0,0.0 0.0 0.0,1000 1000000 0,0,0.0,0,100,0,,20,,1,,,,1.0,10.0,0.1,False,{},,,False,3,mixed,250,300,True,Ar_Aubin,,False,uniform,Argon-Aubin-Test2/20Td,3.0000000000000005e+21,5.421050000000001e+23,0.0,1.6233177777777778e-13,1.623026666666667e-13,0.0,0.0,0.0,0.0,0.0,0.0,4.444444444444445e-19,0.0,0.0,0.0,2.2222222222222226e-19,0.0,4.444444444444445e-19,1.1111111111111113e-18,0.0,2.2222222222222226e-19,0.0,8.88888888888889e-19,0.0,2.2222222222222226e-19,6.666666666666668e-19,4.444444444444445e-19,8.88888888888889e-19,8.666666666666667e-18,4.666666666666667e-18,1e-17,0.0,0.0,0.0,0.0,2.2222222222222226e-19,0.0,1880.376068823242,2767.7515901785982,760.375500250543,949.562867166115,1393.2056276910744,723.8551419617997,964.0143628734639,195.59718061066496,17630.12000000064,8.815060000000321e+23,0.0,0.0
3.735e-05,163219.0,5.44063,3e+22,4382.9,698.989,16945.2,3.64015,3.63231,3.60705,0.00178056469,-0.00134371123,0.816441913,0.157683506,0.15808399,0.758015649,0.00121042984,0.00160089204,-0.00101827352,3970.90449,1287.43978,-1764.28221,1516.4911,-375.29821,-464.622672,4689.77038,-1491.08336,15798.1681,74700.0,163218.792172,5.440626406,-60.00000000000001,30000 3000,1e-06,2,0.0 0.0259,0.0 0.0,-1.0 0.0,0.00054857 28.0,80000,1000,5e-10,0.0,0.0 0.0 0.0,1000 1000000 0,0,0.0,0,100,0,,20,,1,,,,1.0,10.0,0.1,False,{},,,False,3,mixed,250,300,True,Ar_Aubin,,False,uniform,Argon-Aubin-Test2/20Td,3.0000000000000005e+21,8.4726e+23,0.0,1.6173377777777778e-13,1.617048888888889e-13,0.0,0.0,0.0,0.0,0.0,0.0,4.444444444444445e-19,0.0,0.0,0.0,0.0,0.0,4.444444444444445e-19,4.444444444444445e-19,0.0,2.2222222222222226e-19,0.0,1.1111111111111113e-18,0.0,1.1111111111111113e-18,1.1111111111111113e-18,0.0,2e-18,5.333333333333334e-18,7.777777777777779e-18,8.666666666666667e-18,0.0,2.2222222222222226e-19,0.0,0.0,0.0,0.0,2442.8850297031345,3963.100453020199,917.1207525490721,-374.3589706310535,1329.6595157885615,1963.3965958324006,1645.5146406927408,-683.0671152726882,18983.42000000053,9.491710000000266e+23,0.0,0.0
3.74e-05,163333.0,5.44443,3e+22,-1622.78,-115.847,22810.8,3.60762,3.6287,3.64957,0.00181572578,-0.00137946845,0.817524413,0.157904436,0.158307306,0.759915311,0.00122390041,0.00160671918,-0.00112028368,2933.35108,1179.12644,-290.235284,-1939.8011,3103.14357,-922.896868,-1312.16511,-621.420865,19516.2004,74800.0,163333.000363,5.444433345,-60.00000000000001,30000 3000,1e-06,2,0.0 0.0259,0.0 0.0,-1.0 0.0,0.00054857 28.0,80000,1000,5e-10,0.0,0.0 0.0 0.0,1000 1000000 0,0,0.0,0,100,0,,20,,1,,,,1.0,10.0,0.1,False,{},,,False,3,mixed,250,300,True,Ar_Aubin,,False,uniform,Argon-Aubin-Test2/20Td,3.0000000000000005e+21,1.14054e+24,0.0,1.6200266666666666e-13,1.6197155555555558e-13,0.0,2.2222222222222226e-19,0.0,0.0,0.0,0.0,0.0,0.0,0.0,0.0,2.2222222222222226e-19,0.0,6.666666666666668e-19,4.444444444444445e-19,0.0,0.0,2.2222222222222226e-19,6.666666666666668e-19,2.2222222222222226e-19,6.666666666666668e-19,2.2222222222222226e-19,2.2222222222222226e-19,1.777777777777778e-18,1.0222222222222223e-17,5.333333333333334e-18,9.555555555555557e-18,0.0,0.0,4.444444444444445e-19,0.0,0.0,0.0,2208.035505071315,2936.297603481268,2232.186266650782,3102.983762718473,1308.9345210504089,867.8145199396022,-496.9074147923025,-317.1562846942836,21649.999999999727,1.0824999999999865e+24,0.0,0.0
3.745e-05,163463.0,5.44877,3e+22,-1561.56,-2807.35,25325.0,3.63617,3.6259,3.63176,0.00187156358,-0.00137798303,0.818640116,0.158022215,0.158525953,0.761790064,0.00120309301,0.00167826532,-0.00112857782,1236.69476,1017.43737,2187.83252,23.3113283,2496.96225,2889.29612,-942.366663,-556.387434,22247.0349,74900.0,163463.014115,5.448767137,-60.00000000000001,30000 3000,1e-06,2,0.0 0.0259,0.0 0.0,-1.0 0.0,0.00054857 28.0,80000,1000,5e-10,0.0,0.0 0.0 0.0,1000 1000000 0,0,0.0,0,100,0,,20,,1,,,,1.0,10.0,0.1,False,{},,,False,3,mixed,250,300,True,Ar_Aubin,,False,uniform,Argon-Aubin-Test2/20Td,3.0000000000000005e+21,1.26625e+24,0.0,1.6239022222222222e-13,1.6235844444444447e-13,0.0,2.2222222222222226e-19,0.0,0.0,0.0,0.0,0.0,2.2222222222222226e-19,0.0,0.0,2.2222222222222226e-19,0.0,0.0,2.2222222222222226e-19,0.0,0.0,4.444444444444445e-19,1.1111111111111113e-18,2.2222222222222226e-19,2.2222222222222226e-19,4.444444444444445e-19,8.88888888888889e-19,1.5555555555555556e-18,9.111111111111112e-18,6.444444444444445e-18,9.777777777777779e-18,0.0,2.2222222222222226e-19,0.0,0.0,4.444444444444445e-19,0.0,1175.7310987417502,1239.617318823985,2186.510959735488,2493.0937693407295,492.79326501228127,1514.9739622999987,476.18532461783576,2476.42416887746,22314.05999999936,1.1157029999999682e+24,0.0,0.0
3.75e-05,163355.0,5.44518,3e+22,574.456,-2585.89,18699.1,3.65069,3.61307,3.62457,0.00193614234,-0.00141640671,0.819567299,0.158154998,0.158684375,0.763522716,0.00121187909,0.00171314044,-0.00117850267,1488.48534,-826.470445,2292.35648,1623.34684,4432.54173,1102.12181,-1501.89683,-3054.29419,16834.5635,75000.0,163355.32944,5.445177648,-60.00000000000001,30000 3000,1e-06,2,0.0 0.0259,0.0 0.0,-1.0 0.0,0.00054857 28.0,80000,1000,5e-10,0.0,0.0 0.0 0.0,1000 1000000 0,0,0.0,0,100,0,,20,,1,,,,1.0,10.0,0.1,False,{},,,False,3,mixed,250,300,True,Ar_Aubin,,False,uniform,Argon-Aubin-Test2/20Td,3.0000000000000005e+21,9.349549999999999e+23,0.0,1.6196577777777776e-13,1.6193555555555557e-13,0.0,0.0,0.0,0.0,0.0,0.0,0.0,0.0,0.0,0.0,0.0,0.0,2.2222222222222226e-19,0.0,0.0,0.0,0.0,4.444444444444445e-19,0.0,1.1111111111111113e-18,4.444444444444445e-19,2.2222222222222226e-19,1.1111111111111113e-18,1.0444444444444445e-17,8.222222222222223e-18,7.777777777777779e-18,0.0,0.0,0.0,0.0,2.2222222222222226e-19,0.0,1325.3710307323252,1487.373111415933,1583.1462926282902,4428.879058052678,2137.339343379896,1509.3926192691015,-395.7360368152946,283.450178455762,18543.660000001073,9.271830000000536e+23,0.0,0.0
3.755e-05,163367.0,5.44556,3e+22,3500.21,-2420.67,12356.1,3.64692,3.61024,3.63298,0.0020009038,-0.00140488104,0.820630585,0.158316552,0.15900794,0.765430661,0.0011870637,0.00176539398,-0.00116645821,2947.08219,-1001.72964,911.302274,2789.50104,415.32357,628.364521,1205.73852,-1416.75604,11576.2337,75100.0,163366.66149,5.445555383,-60.00000000000001,30000 3000,1e-06,2,0.0 0.0259,0.0 0.0,-1.0 0.0,0.00054857 28.0,80000,1000,5e-10,0.0,0.0 0.0 0.0,1000 1000000 0,0,0.0,0,100,0,,20,,1,,,,1.0,10.0,0.1,False,{},,,False,3,mixed,250,300,True,Ar_Aubin,,False,uniform,Argon-Aubin-Test2/20Td,3.0000000000000005e+21,6.17805e+23,0.0,1.6204799999999998e-13,1.620157777777778e-13,0.0,0.0,0.0,0.0,0.0,0.0,2.2222222222222226e-19,0.0,0.0,4.444444444444445e-19,0.0,0.0,2.2222222222222226e-19,4.444444444444445e-19,0.0,2.2222222222222226e-19,2.2222222222222226e-19,6.666666666666668e-19,2.2222222222222226e-19,6.666666666666668e-19,6.666666666666668e-19,2.2222222222222226e-19,1.3333333333333336e-18,9.777777777777779e-18,7.111111111111112e-18,9.111111111111112e-18,0.0,0.0,0.0,4.444444444444445e-19,2.2222222222222226e-19,0.0,1612.9903114389665,2940.078606510202,3235.975172315997,411.9228166129032,1639.4555271326274,1436.440128681501,-59.007356987658866,-780.0619533660297,21265.719999998822,1.0632859999999413e+24,0.0,0.0
3.76e-05,163467.0,5.4489,3e+22,9.10962,-3139.92,20704.8,3.60919,3.66672,3.6194,0.00206114957,-0.00146860311,0.821627196,0.158423539,0.159015774,0.767129386,0.0012168475,0.00183081966,-0.00130463289,599.234421,709.11656,-1400.92206,2951.31671,273.441341,-3106.47922,-669.811004,181.618946,15999.4321,75200.0,163467.123624,5.448904121,-60.00000000000001,30000 3000,1e-06,2,0.0 0.0259,0.0 0.0,-1.0 0.0,0.00054857 28.0,80000,1000,5e-10,0.0,0.0 0.0 0.0,1000 1000000 0,0,0.0,0,100,0,,20,,1,,,,1.0,10.0,0.1,False,{},,,False,3,mixed,250,300,True,Ar_Aubin,,False,uniform,Argon-Aubin-Test2/20Td,3.0000000000000005e+21,1.03524e+24,0.0,1.621028888888889e-13,1.6207466666666667e-13,2.2222222222222226e-19,2.2222222222222226e-19,0.0,0.0,0.0,0.0,0.0,2.2222222222222226e-19,0.0,0.0,0.0,0.0,8.88888888888889e-19,2.2222222222222226e-19,0.0,0.0,4.444444444444445e-19,6.666666666666668e-19,2.2222222222222226e-19,6.666666666666668e-19,8.88888888888889e-19,4.444444444444445e-19,6.666666666666668e-19,8e-18,6.444444444444445e-18,7.777777777777779e-18,0.0,0.0,0.0,0.0,2.2222222222222226e-19,0.0,1067.4227846693695,599.2156447106541,76.50895641836408,268.8300447228488,620.3283061978482,-1012.1946677407996,278.6398837403446,-2120.8934651541613,19932.22000000072,9.966110000000362e+23,0.0,0.0
3.765e-05,163597.0,5.45325,3e+22,3963.44,6462.07,9110.98,3.61137,3.65282,3.64151,0.0019713173,-0.00155515101,0.822596276,0.158455945,0.15934771,0.768913296,0.00118502348,0.00172026721,-0.00131465616,3289.50383,-3221.7827,1494.0923,-991.182475,5889.96307,-406.079422,473.33361,5817.93518,7604.3454,75300.0,163597.393535,5.453246451,-60.00000000000001,30000 3000,1e-06,2,0.0 0.0259,0.0 0.0,-1.0 0.0,0.00054857 28.0,80000,1000,5e-10,0.0,0.0 0.0 0.0,1000 1000000 0,0,0.0,0,100,0,,20,,1,,,,1.0,10.0,0.1,False,{},,,False,3,mixed,250,300,True,Ar_Aubin,,False,uniform,Argon-Aubin-Test2/20Td,3.0000000000000005e+21,4.55549e+23,0.0,1.6227977777777778e-13,1.6225266666666668e-13,0.0,0.0,0.0,0.0,0.0,0.0,0.0,0.0,0.0,0.0,0.0,2.2222222222222226e-19,4.444444444444445e-19,2.2222222222222226e-19,0.0,0.0,0.0,4.444444444444445e-19,0.0,1.1111111111111113e-18,4.444444444444445e-19,4.444444444444445e-19,2.2222222222222226e-18,4.888888888888889e-18,4.666666666666667e-18,1.1777777777777779e-17,0.0,0.0,2.2222222222222226e-19,0.0,0.0,0.0,327.68245652625706,3281.690632160488,3316.7430043082313,5900.01256468719,1905.2591775425842,109.6871812895206,-773.083561173382,-1310.845706643394,19381.59999999911,9.690799999999555e+23,0.0,0.0
3.77e-05,163736.0,5.45787,3e+22,-3639.64,4818.95,21388.8,3.62946,3.64445,3.63903,0.00198951057,-0.00162561603,0.823582291,0.158637918,0.159564146,0.770672685,0.00116596481,0.00175901131,-0.00139894671,3722.51912,-1122.67613,-1787.92277,-2394.98142,1646.31736,-1139.98108,-6402.11052,2403.56934,19738.8684,75400.0,163736.17937,5.457872646,-60.00000000000001,30000 3000,1e-06,2,0.0 0.0259,0.0 0.0,-1.0 0.0,0.00054857 28.0,80000,1000,5e-10,0.0,0.0 0.0 0.0,1000 1000000 0,0,0.0,0,100,0,,20,,1,,,,1.0,10.0,0.1,False,{},,,False,3,mixed,250,300,True,Ar_Aubin,,False,uniform,Argon-Aubin-Test2/20Td,3.0000000000000005e+21,1.06944e+24,0.0,1.6259377777777776e-13,1.6256622222222224e-13,0.0,0.0,0.0,0.0,0.0,0.0,0.0,0.0,0.0,0.0,0.0,0.0,6.666666666666668e-19,0.0,0.0,0.0,2.2222222222222226e-19,2.2222222222222226e-19,0.0,6.666666666666668e-19,4.444444444444445e-19,2.2222222222222226e-19,1.777777777777778e-18,8e-18,7.555555555555556e-18,7.555555555555556e-18,0.0,0.0,0.0,0.0,2.2222222222222226e-19,0.0,1819.0093958914133,3729.760222250995,2162.1186718689955,1654.1511223677685,1362.3224025938187,2123.431494259199,436.3339317011751,-5235.043484064376,19720.300000001247,9.860150000000625e+23,0.0,0.0
3.775e-05,163610.0,5.45367,3e+22,2921.31,551.668,9661.41,3.63591,3.65427,3.61659,0.00207942599,-0.00166712008,0.824562334,0.158929878,0.1598584,0.77244736,0.00112305758,0.0017948242,-0.00142810964,219.141594,2017.33937,887.754609,772.330017,3633.6944,-1330.46337,2887.12196,1738.2489,11065.808,75500.0,163610.214036,5.453673801,-60.00000000000001,30000 3000,1e-06,2,0.0 0.0259,0.0 0.0,-1.0 0.0,0.00054857 28.0,80000,1000,5e-10,0.0,0.0 0.0 0.0,1000 1000000 0,0,0.0,0,100,0,,20,,1,,,,1.0,10.0,0.1,False,{},,,False,3,mixed,250,300,True,Ar_Aubin,,False,uniform,Argon-Aubin-Test2/20Td,3.0000000000000005e+21,4.8307050000000005e+23,0.0,1.6248044444444444e-13,1.6244866666666668e-13,0.0,0.0,0.0,0.0,0.0,0.0,0.0,2.2222222222222226e-19,0.0,0.0,0.0,0.0,1.1111111111111113e-18,0.0,0.0,0.0,4.444444444444445e-19,1.1111111111111113e-18,4.444444444444445e-19,1.5555555555555556e-18,1.1111111111111113e-18,4.444444444444445e-19,8.88888888888889e-19,9.333333333333335e-18,8e-18,6.6666666666666674e-18,0.0,2.2222222222222226e-19,2.2222222222222226e-19,0.0,0.0,0.0,2915.941398602684,213.0669460611531,2941.1733811587906,3634.6140968002933,1594.2239728117258,3099.373220669061,-805.5556897068952,1345.9841900084139,19600.85999999972,9.800429999999861e+23,0.0,0.0
3.78e-05,163889.0,5.46297,3e+22,2603.67,-2580.63,22637.4,3.62878,3.64022,3.65395,0.0020819831,-0.00165281543,0.825588055,0.159186788,0.160097646,0.774202655,0.00114141422,0.00178984104,-0.00139162678,4618.22771,1818.26598,-1530.55765,-198.599075,1749.71808,-492.007527,1806.52297,-4393.73437,21349.1511,75600.0,163889.098495,5.46296995,-60.00000000000001,30000 3000,1e-06,2,0.0 0.0259,0.0 0.0,-1.0 0.0,0.00054857 28.0,80000,1000,5e-10,0.0,0.0 0.0 0.0,1000 1000000 0,0,0.0,0,100,0,,20,,1,,,,1.0,10.0,0.1,False,{},,,False,3,mixed,250,300,True,Ar_Aubin,,False,uniform,Argon-Aubin-Test2/20Td,3.0000000000000005e+21,1.1318700000000001e+24,0.0,1.623831111111111e-13,1.623568888888889e-13,0.0,0.0,0.0,0.0,0.0,0.0,0.0,2.2222222222222226e-19,0.0,0.0,0.0,0.0,4.444444444444445e-19,4.444444444444445e-19,0.0,0.0,0.0,2.2222222222222226e-19,2.2222222222222226e-19,0.0,4.444444444444445e-19,4.444444444444445e-19,4.444444444444445e-19,8.222222222222223e-18,8.222222222222223e-18,6.444444444444445e-18,0.0,0.0,2.2222222222222226e-19,2.2222222222222226e-19,0.0,0.0,2568.9935881920146,4612.806913062023,2392.934905154909,1745.4527749168792,627.0109284445269,2659.984063742999,-184.54380754419526,-1920.7242153897898,20514.41999999959,1.0257209999999796e+24,0.0,0.0
3.785e-05,164168.0,5.47228,3e+22,6161.77,2650.96,26696.3,3.6258,3.65684,3.65761,0.00226339763,-0.00161449699,0.82676184,0.159383386,0.160277146,0.77626441,0.00107888739,0.00194181179,-0.00140185917,5155.31853,-1588.30056,2193.27565,-332.243582,2019.53038,67.4243907,5324.32659,480.239383,24274.4556,75700.0,164168.397235,5.472279908,-60.00000000000001,30000 3000,1e-06,2,0.0 0.0259,0.0 0.0,-1.0 0.0,0.00054857 28.0,80000,1000,5e-10,0.0,0.0 0.0 0.0,1000 1000000 0,0,0.0,0,100,0,,20,,1,,,,1.0,10.0,0.1,False,{},,,False,3,mixed,250,300,True,Ar_Aubin,,False,uniform,Argon-Aubin-Test2/20Td,3.0000000000000005e+21,1.334815e+24,0.0,1.62992e-13,1.6296111111111112e-13,0.0,0.0,0.0,0.0,0.0,0.0,2.2222222222222226e-19,0.0,0.0,2.2222222222222226e-19,0.0,0.0,1.3333333333333336e-18,0.0,0.0,2.2222222222222226e-19,6.666666666666668e-19,6.666666666666668e-19,0.0,4.444444444444445e-19,6.666666666666668e-19,4.444444444444445e-19,1.3333333333333336e-18,9.777777777777779e-18,6.6666666666666674e-18,7.777777777777779e-18,0.0,0.0,0.0,0.0,4.444444444444445e-19,0.0,1958.0968479718242,5141.371994385395,1796.2519831490888,2023.8103469406103,1222.5147849753705,2202.9734908080027,-9.19322317137223,2362.861594993431,23475.699999999655,1.1737849999999827e+24,0.0,0.0
3.79e-05,164220.0,5.474,3e+22,-7302.47,2094.19,15694.1,3.63493,3.67365,3.6377,0.00224126885,-0.00168082731,0.827793111,0.159553186,0.160615955,0.77819098,0.00109572357,0.00193295101,-0.00143202435,2381.14507,2219.64022,2998.60082,230.981583,4201.61937,2333.76198,-6300.34384,-486.276197,14702.6066,75800.0,164220.071292,5.474002376,-60.00000000000001,30000 3000,1e-06,2,0.0 0.0259,0.0 0.0,-1.0 0.0,0.00054857 28.0,80000,1000,5e-10,0.0,0.0 0.0 0.0,1000 1000000 0,0,0.0,0,100,0,,20,,1,,,,1.0,10.0,0.1,False,{},,,False,3,mixed,250,300,True,Ar_Aubin,,False,uniform,Argon-Aubin-Test2/20Td,3.0000000000000005e+21,7.84705e+23,0.0,1.6325577777777778e-13,1.6322511111111113e-13,0.0,0.0,0.0,0.0,0.0,0.0,0.0,0.0,0.0,0.0,0.0,0.0,6.666666666666668e-19,2.2222222222222226e-19,2.2222222222222226e-19,0.0,2.2222222222222226e-19,6.666666666666668e-19,2.2222222222222226e-19,0.0,2.2222222222222226e-19,4.444444444444445e-19,2.2222222222222226e-18,9.777777777777779e-18,6.444444444444445e-18,8.666666666666667e-18,0.0,2.2222222222222226e-19,0.0,0.0,4.444444444444445e-19,0.0,1698.996827735333,2397.5118685390594,3385.90420084689,4205.13934174433,2202.7546112723953,1711.1387366548988,142.4619060309395,2708.0166418253852,20625.420000000006,1.0312710000000004e+24,0.0,0.0
3.795e-05,164054.0,5.46845,3e+22,-1353.56,-2720.96,12699.5,3.66306,3.64335,3.62952,0.00219915318,-0.00166085299,0.828739512,0.159748433,0.160929974,0.779908915,0.00107006918,0.00186189766,-0.00140222115,6013.47183,-2812.16719,-1623.00524,1146.96538,1691.82103,983.85118,220.645892,-1869.10182,13270.4054,75900.0,164053.610676,5.468453689,-60.00000000000001,30000 3000,1e-06,2,0.0 0.0259,0.0 0.0,-1.0 0.0,0.00054857 28.0,80000,1000,5e-10,0.0,0.0 0.0 0.0,1000 1000000 0,0,0.0,0,100,0,,20,,1,,,,1.0,10.0,0.1,False,{},,,False,3,mixed,250,300,True,Ar_Aubin,,False,uniform,Argon-Aubin-Test2/20Td,3.0000000000000005e+21,6.34975e+23,0.0,1.6313088888888887e-13,1.6309933333333336e-13,2.2222222222222226e-19,0.0,0.0,0.0,0.0,0.0,0.0,2.2222222222222226e-19,0.0,0.0,0.0,2.2222222222222226e-19,2.2222222222222226e-19,2.2222222222222226e-19,0.0,0.0,2.2222222222222226e-19,8.88888888888889e-19,0.0,1.5555555555555556e-18,6.666666666666668e-19,4.444444444444445e-19,8.88888888888889e-19,8.88888888888889e-18,7.111111111111112e-18,9.111111111111112e-18,0.0,0.0,0.0,2.2222222222222226e-19,4.444444444444445e-19,0.0,1954.3401134886064,6016.448515778321,3140.857477916259,1687.3019154483297,1501.908690603182,2745.827967356001,-765.4313855511193,-308.5388399466899,18928.019999999713,9.464009999999857e+23,0.0,0.0
3.8e-05,163799.0,5.45996,3e+22,6258.67,-2220.35,17760.7,3.66548,3.61091,3.64149,0.00208714125,-0.00183456527,0.82968334,0.159943661,0.161077571,0.781660149,0.00104603526,0.00186186628,-0.0015320807,3448.23914,-1076.86165,-935.962933,151.303638,3487.1184,-2679.67365,4863.85181,-2655.89394,15665.1547,76000.0,163798.937257,5.459964575,-60.00000000000001,30000 3000,1e-06,2,0.0 0.0259,0.0 0.0,-1.0 0.0,0.00054857 28.0,80000,1000,5e-10,0.0,0.0 0.0 0.0,1000 1000000 0,0,0.0,0,100,0,,20,,1,,,,1.0,10.0,0.1,False,{},,,False,3,mixed,250,300,True,Ar_Aubin,,False,uniform,Argon-Aubin-Test2/20Td,3.0000000000000005e+21,8.880350000000002e+23,0.0,1.6273244444444443e-13,1.6269933333333336e-13,0.0,0.0,0.0,0.0,0.0,0.0,0.0,2.2222222222222226e-19,2.2222222222222226e-19,2.2222222222222226e-19,0.0,0.0,8.88888888888889e-19,0.0,2.2222222222222226e-19,0.0,2.2222222222222226e-19,8.88888888888889e-19,0.0,1.1111111111111113e-18,4.444444444444445e-19,6.666666666666668e-19,4.444444444444445e-19,8.666666666666667e-18,8.666666666666667e-18,9.555555555555557e-18,0.0,4.444444444444445e-19,0.0,0.0,2.2222222222222226e-19,0.0,1957.0811611163697,3435.1764116728627,1469.898029245187,3483.0450230027554,1859.680764424443,929.397803261998,1816.548597093461,-1301.8944421566744,18876.56000000071,9.438280000000356e+23,0.0,0.0
3.805e-05,163707.0,5.45689,3e+22,-5940.78,5929.93,17937.0,3.64455,3.60606,3.66095,0.00208219258,-0.00170162156,0.830671113,0.160197568,0.161351029,0.783382743,0.00110325665,0.00185737478,-0.00137598716,2788.42754,-1019.68156,467.275988,-2364.50447,1091.41414,1058.87725,-5155.78776,2038.6304,17136.5269,76100.0,163706.797229,5.456893241,-60.00000000000001,30000 3000,1e-06,2,0.0 0.0259,0.0 0.0,-1.0 0.0,0.00054857 28.0,80000,1000,5e-10,0.0,0.0 0.0 0.0,1000 1000000 0,0,0.0,0,100,0,,20,,1,,,,1.0,10.0,0.1,False,{},,,False,3,mixed,250,300,True,Ar_Aubin,,False,uniform,Argon-Aubin-Test2/20Td,3.0000000000000005e+21,8.968500000000001e+23,0.0,1.6293577777777778e-13,1.629037777777778e-13,0.0,2.2222222222222226e-19,0.0,0.0,0.0,0.0,0.0,2.2222222222222226e-19,0.0,0.0,0.0,0.0,0.0,2.2222222222222226e-19,0.0,0.0,0.0,4.444444444444445e-19,0.0,2.2222222222222226e-19,6.666666666666668e-19,6.666666666666668e-19,1.3333333333333336e-18,9.555555555555557e-18,8.666666666666667e-18,9.555555555555557e-18,0.0,0.0,0.0,0.0,2.2222222222222226e-19,0.0,2539.276326572748,2800.7973880354125,2739.2811379642335,1101.5046367372909,825.4070089686039,2236.779146119001,-48.8480911433253,208.97427438067916,19755.45999999939,9.877729999999696e+23,0.0,0.0
3.81e-05,163975.0,5.46583,3e+22,-77.0884,-1063.36,14829.1,3.64448,3.60496,3.68097,0.00201529421,-0.00179925068,0.831744317,0.160482055,0.16157755,0.785310777,0.00111882478,0.00178918956,-0.00146329223,-1465.70733,-541.365978,205.562876,-246.617022,1429.12783,3135.3117,132.785802,321.297751,10827.0703,76200.0,163974.978622,5.465832621,-60.00000000000001,30000 3000,1e-06,2,0.0 0.0259,0.0 0.0,-1.0 0.0,0.00054857 28.0,80000,1000,5e-10,0.0,0.0 0.0 0.0,1000 1000000 0,0,0.0,0,100,0,,20,,1,,,,1.0,10.0,0.1,False,{},,,False,3,mixed,250,300,True,Ar_Aubin,,False,uniform,Argon-Aubin-Test2/20Td,3.0000000000000005e+21,7.41455e+23,0.0,1.626931111111111e-13,1.6266555555555556e-13,0.0,2.2222222222222226e-19,0.0,0.0,0.0,0.0,4.444444444444445e-19,0.0,2.2222222222222226e-19,4.444444444444445e-19,0.0,0.0,8.88888888888889e-19,2.2222222222222226e-19,2.2222222222222226e-19,0.0,0.0,2.2222222222222226e-19,2.2222222222222226e-19,8.88888888888889e-19,4.444444444444445e-19,2.2222222222222226e-19,1.777777777777778e-18,7.333333333333334e-18,6.8888888888888895e-18,6.444444444444445e-18,0.0,0.0,0.0,0.0,4.444444444444445e-19,0.0,2847.6111518735415,-1465.5519741938217,2261.7921292397705,1427.214578796915,1439.2311086219856,-1506.9493512247009,-295.5499668312643,372.58151723711177,21464.079999999885,1.0732039999999944e+24,0.0,0.0
3.815e-05,164240.0,5.47465,3e+22,-3763.4,2689.21,17633.2,3.64428,3.61993,3.6832,0.00209286461,-0.0018581594,0.832861038,0.160624532,0.161824095,0.787246414,0.00105912945,0.00182213285,-0.00149642655,1601.57846,-175.104245,-2469.72747,-850.631403,5153.87149,-28.1796468,-4040.95421,1205.12125,16427.5774,76300.0,164239.544468,5.474651482,-60.00000000000001,30000 3000,1e-06,2,0.0 0.0259,0.0 0.0,-1.0 0.0,0.00054857 28.0,80000,1000,5e-10,0.0,0.0 0.0 0.0,1000 1000000 0,0,0.0,0,100,0,,20,,1,,,,1.0,10.0,0.1,False,{},,,False,3,mixed,250,300,True,Ar_Aubin,,False,uniform,Argon-Aubin-Test2/20Td,3.0000000000000005e+21,8.816600000000001e+23,2.222222222222222e-19,1.6298866666666665e-13,1.6295933333333335e-13,2.2222222222222226e-19,0.0,0.0,0.0,0.0,0.0,0.0,0.0,0.0,0.0,2.2222222222222226e-19,0.0,2.2222222222222226e-19,2.2222222222222226e-19,0.0,2.2222222222222226e-19,2.2222222222222226e-19,0.0,0.0,1.3333333333333336e-18,4.444444444444445e-19,4.444444444444445e-19,1.1111111111111113e-18,7.555555555555556e-18,8e-18,8.666666666666667e-18,0.0,2.2222222222222226e-19,0.0,0.0,0.0,2.2222222222222226e-19,1421.583284770267,1609.454746673274,2463.295466536841,5158.868470840074,767.3724335899302,1741.5721447383985,-678.2519045512139,-3413.1963498318514,22334.420000000857,1.1167210000000429e+24,9.949764633342334e-24,1.2602489747874589e-23
3.82e-05,164208.0,5.47362,3e+22,-318.172,-4320.57,21185.0,3.6503,3.66383,3.63044,0.00206208221,-0.00179877441,0.833957936,0.160873485,0.162000009,0.789280573,0.00106497569,0.00184395055,-0.00140296612,1621.88118,1314.60706,409.922959,-3973.61942,-302.639744,316.991986,-1946.64001,-2485.55259,17557.3532,76400.0,164208.4966,5.473616553,-60.00000000000001,30000 3000,1e-06,2,0.0 0.0259,0.0 0.0,-1.0 0.0,0.00054857 28.0,80000,1000,5e-10,0.0,0.0 0.0 0.0,1000 1000000 0,0,0.0,0,100,0,,20,,1,,,,1.0,10.0,0.1,False,{},,,False,3,mixed,250,300,True,Ar_Aubin,,False,uniform,Argon-Aubin-Test2/20Td,3.0000000000000005e+21,1.0592500000000001e+24,0.0,1.6321155555555555e-13,1.6317755555555557e-13,0.0,0.0,0.0,0.0,0.0,0.0,2.2222222222222226e-19,2.2222222222222226e-19,0.0,2.2222222222222226e-19,0.0,0.0,2.2222222222222226e-19,6.666666666666668e-19,0.0,0.0,0.0,1.1111111111111113e-18,0.0,8.88888888888889e-19,1.1111111111111113e-18,8.88888888888889e-19,2.2222222222222226e-18,9.555555555555557e-18,6.6666666666666674e-18,9.777777777777779e-18,0.0,0.0,2.2222222222222226e-19,0.0,0.0,0.0,2490.808992350324,1622.5372768209202,1761.3116697773323,-310.4114747526137,2058.2860105733403,-110.04567415999918,903.8653552829361,-1315.060198205858,21937.960000000257,1.0968980000000129e+24,0.0,0.0
3.825e-05,164331.0,5.47769,3e+22,8483.02,1979.28,14157.8,3.64449,3.68211,3.62721,0.00205731951,-0.00189566806,0.834968782,0.161144446,0.162090985,0.791103958,0.00109139179,0.00180518294,-0.00147586468,5220.97569,675.837222,839.443641,-732.310135,319.59154,191.753036,7842.82266,412.9517,12888.293,76500.0,164330.690333,5.477689678,-60.00000000000001,30000 3000,1e-06,2,0.0 0.0259,0.0 0.0,-1.0 0.0,0.00054857 28.0,80000,1000,5e-10,0.0,0.0 0.0 0.0,1000 1000000 0,0,0.0,0,100,0,,20,,1,,,,1.0,10.0,0.1,False,{},,,False,3,mixed,250,300,True,Ar_Aubin,,False,uniform,Argon-Aubin-Test2/20Td,3.0000000000000005e+21,7.078899999999999e+23,0.0,1.6339177777777778e-13,1.633628888888889e-13,0.0,0.0,0.0,0.0,0.0,0.0,0.0,0.0,0.0,0.0,0.0,0.0,2.2222222222222226e-19,2.2222222222222226e-19,0.0,0.0,0.0,0.0,0.0,4.444444444444445e-19,6.666666666666668e-19,2.2222222222222226e-19,1.5555555555555556e-18,9.111111111111112e-18,5.555555555555556e-18,1.0666666666666668e-17,0.0,0.0,0.0,0.0,2.2222222222222226e-19,0.0,2709.80619474559,5203.52340745028,906.1803198434637,323.3435978777968,1363.5710281656445,1066.9719782003995,-737.5070347123659,1570.0823057596808,20216.920000000195,1.0108460000000097e+24,0.0,0.0
3.83e-05,164334.0,5.47779,3e+22,-4037.09,-4559.57,18306.5,3.67984,3.63335,3.64027,0.00198584618,-0.00197907914,0.835941291,0.161422568,0.162247036,0.792784066,0.000997196783,0.00172319831,-0.00150758305,2934.5156,143.326221,-1623.50095,-4057.10317,732.931725,542.942853,-2288.90248,-1879.81795,16744.8916,76600.0,164333.665654,5.477788855,-60.00000000000001,30000 3000,1e-06,2,0.0 0.0259,0.0 0.0,-1.0 0.0,0.00054857 28.0,80000,1000,5e-10,0.0,0.0 0.0 0.0,1000 1000000 0,0,0.0,0,100,0,,20,,1,,,,1.0,10.0,0.1,False,{},,,False,3,mixed,250,300,True,Ar_Aubin,,False,uniform,Argon-Aubin-Test2/20Td,3.0000000000000005e+21,9.15325e+23,0.0,1.63658e-13,1.6362844444444447e-13,2.2222222222222226e-19,0.0,0.0,0.0,0.0,0.0,2.2222222222222226e-19,0.0,0.0,0.0,0.0,0.0,0.0,2.2222222222222226e-19,0.0,0.0,0.0,6.666666666666668e-19,0.0,4.444444444444445e-19,4.444444444444445e-19,8.88888888888889e-19,8.88888888888889e-19,7.333333333333334e-18,7.333333333333334e-18,1.0444444444444445e-17,0.0,2.2222222222222226e-19,0.0,2.2222222222222226e-19,0.0,0.0,2784.1097851558084,2942.5326397548165,1557.278031513454,723.9079751256302,551.3291581682456,1441.7323563084992,-484.7576797416351,-573.9870966109802,19450.180000000208,9.725090000000104e+23,0.0,0.0
3.835e-05,164251.0,5.47503,3e+22,-1730.29,2512.7,28515.6,3.65202,3.64647,3.64689,0.00191107603,-0.00201152206,0.837025592,0.161648418,0.162518135,0.794813008,0.000970464135,0.00159859488,-0.00161220777,3429.71147,1812.25349,1404.94661,-1364.67362,2880.40491,-1470.779,-3290.69837,3828.41226,27587.0049,76700.0,164250.871743,5.475029058,-60.00000000000001,30000 3000,1e-06,2,0.0 0.0259,0.0 0.0,-1.0 0.0,0.00054857 28.0,80000,1000,5e-10,0.0,0.0 0.0 0.0,1000 1000000 0,0,0.0,0,100,0,,20,,1,,,,1.0,10.0,0.1,False,{},,,False,3,mixed,250,300,True,Ar_Aubin,,False,uniform,Argon-Aubin-Test2/20Td,3.0000000000000005e+21,1.42578e+24,0.0,1.635131111111111e-13,1.6347822222222225e-13,0.0,0.0,0.0,0.0,0.0,0.0,2.2222222222222226e-19,0.0,0.0,0.0,0.0,0.0,2.2222222222222226e-19,2.2222222222222226e-19,0.0,0.0,0.0,4.444444444444445e-19,0.0,4.444444444444445e-19,4.444444444444445e-19,2.2222222222222226e-19,1.5555555555555556e-18,1.2000000000000001e-17,6.6666666666666674e-18,1.1555555555555557e-17,0.0,0.0,0.0,0.0,8.88888888888889e-19,0.0,2261.413734581941,3433.018185743949,2709.6953324451392,2885.4592614801622,2149.423357962199,3718.7179287647996,-1283.443118622824,-491.9502280593881,21686.020000000197,1.08430100000001e+24,0.0,0.0
3.84e-05,164062.0,5.46874,3e+22,-631.07,-8046.1,7881.58,3.60993,3.64427,3.68255,0.00187692517,-0.00204413733,0.837956377,0.16181266,0.162803742,0.796485298,0.000903126781,0.00154530493,-0.00168511235,1116.30478,-1576.9316,-1024.0407,1184.46837,4272.69829,383.123876,160.414497,-8427.13433,7796.98385,76800.0,164062.141004,5.468738033,-60.00000000000001,30000 3000,1e-06,2,0.0 0.0259,0.0 0.0,-1.0 0.0,0.00054857 28.0,80000,1000,5e-10,0.0,0.0 0.0 0.0,1000 1000000 0,0,0.0,0,100,0,,20,,1,,,,1.0,10.0,0.1,False,{},,,False,3,mixed,250,300,True,Ar_Aubin,,False,uniform,Argon-Aubin-Test2/20Td,3.0000000000000005e+21,3.9407899999999996e+23,0.0,1.6323355555555556e-13,1.632017777777778e-13,0.0,0.0,0.0,0.0,0.0,0.0,0.0,0.0,0.0,0.0,0.0,0.0,0.0,6.666666666666668e-19,0.0,0.0,0.0,4.444444444444445e-19,2.2222222222222226e-19,1.3333333333333336e-18,4.444444444444445e-19,4.444444444444445e-19,1.1111111111111113e-18,8.666666666666667e-18,9.111111111111112e-18,9.333333333333335e-18,0.0,0.0,0.0,0.0,0.0,0.0,1643.713634986721,1117.4892511670319,2854.7472357395854,4256.250956629087,1132.4190798434054,1192.5636281643392,-529.036399710991,-349.6102080479785,18615.699999999793,9.307849999999898e+23,0.0,0.0
3.845e-05,164106.0,5.47021,3e+22,6156.57,171.156,19475.0,3.6776,3.6338,3.62665,0.00179226664,-0.00208376236,0.838931085,0.161974175,0.163037566,0.798347994,0.000899966163,0.00151472208,-0.00168258614,1484.76435,-1080.00711,-183.555147,-779.279672,553.44897,-1648.05804,5762.94311,51.8525055,16332.0319,76900.0,164106.298443,5.470209948,-60.00000000000001,30000 3000,1e-06,2,0.0 0.0259,0.0 0.0,-1.0 0.0,0.00054857 28.0,80000,1000,5e-10,0.0,0.0 0.0 0.0,1000 1000000 0,0,0.0,0,100,0,,20,,1,,,,1.0,10.0,0.1,False,{},,,False,3,mixed,250,300,True,Ar_Aubin,,False,uniform,Argon-Aubin-Test2/20Td,3.0000000000000005e+21,9.7375e+23,0.0,1.6316088888888887e-13,1.6313200000000003e-13,0.0,0.0,0.0,0.0,0.0,0.0,2.2222222222222226e-19,4.444444444444445e-19,0.0,0.0,0.0,0.0,2.2222222222222226e-19,4.444444444444445e-19,0.0,0.0,0.0,2.2222222222222226e-19,2.2222222222222226e-19,1.1111111111111113e-18,0.0,4.444444444444445e-19,1.1111111111111113e-18,8.222222222222223e-18,5.777777777777778e-18,1.0444444444444445e-17,0.0,0.0,0.0,0.0,0.0,0.0,1618.25628384904,1473.7301349721752,2336.6043185094054,553.8056184304882,2282.203756889256,-6.150980374999563,772.2073689760915,379.5456202075502,19494.159999999818,9.74707999999991e+23,0.0,0.0
3.85e-05,164108.0,5.47028,3e+22,5886.04,-2456.74,18577.6,3.6486,3.61699,3.67279,0.00188754805,-0.00210879778,0.839930635,0.162185937,0.163253799,0.800048495,0.000911561671,0.00156072113,-0.00173033965,691.28612,-2274.86525,1883.0664,887.387219,1249.68591,-2087.59629,6054.68118,-3722.1467,16270.5632,77000.0,164108.498214,5.470283274,-60.00000000000001,30000 3000,1e-06,2,0.0 0.0259,0.0 0.0,-1.0 0.0,0.00054857 28.0,80000,1000,5e-10,0.0,0.0 0.0 0.0,1000 1000000 0,0,0.0,0,100,0,,20,,1,,,,1.0,10.0,0.1,False,{},,,False,3,mixed,250,300,True,Ar_Aubin,,False,uniform,Argon-Aubin-Test2/20Td,3.0000000000000005e+21,9.2888e+23,2.222222222222222e-19,1.632008888888889e-13,1.6317044444444446e-13,0.0,0.0,0.0,0.0,0.0,0.0,0.0,0.0,0.0,0.0,0.0,0.0,4.444444444444445e-19,4.444444444444445e-19,2.2222222222222226e-19,0.0,0.0,4.444444444444445e-19,4.444444444444445e-19,2.2222222222222226e-19,6.666666666666668e-19,0.0,1.3333333333333336e-18,9.333333333333335e-18,8.444444444444445e-18,8e-18,0.0,0.0,0.0,0.0,2.2222222222222226e-19,2.2222222222222226e-19,2114.113820678165,680.175936675778,2161.2803749604395,1244.5051421419628,223.9476777410321,666.6678352240015,-716.4437065001378,2958.81615251092,19990.999999999203,9.995499999999602e+23,1.1116113362124509e-23,1.1961836955377564e-23
3.855e-05,164150.0,5.47167,3e+22,4824.35,-816.508,11918.6,3.61942,3.65959,3.66338,0.001716576,-0.00208565405,0.840835287,0.16240502,0.163527323,0.801665648,0.00100152993,0.00145612137,-0.00170716425,164.906034,740.474155,-466.092161,1832.97929,-518.576148,1441.00327,3168.75888,1025.3746,12539.7914,77100.0,164150.070063,5.471669002,-60.00000000000001,30000 3000,1e-06,2,0.0 0.0259,0.0 0.0,-1.0 0.0,0.00054857 28.0,80000,1000,5e-10,0.0,0.0 0.0 0.0,1000 1000000 0,0,0.0,0,100,0,,20,,1,,,,1.0,10.0,0.1,False,{},,,False,3,mixed,250,300,True,Ar_Aubin,,False,uniform,Argon-Aubin-Test2/20Td,3.0000000000000005e+21,5.959300000000001e+23,0.0,1.6337066666666666e-13,1.6334400000000003e-13,0.0,0.0,0.0,0.0,0.0,0.0,0.0,0.0,0.0,0.0,0.0,0.0,0.0,0.0,2.2222222222222226e-19,0.0,0.0,8.88888888888889e-19,0.0,6.666666666666668e-19,6.666666666666668e-19,4.444444444444445e-19,1.777777777777778e-18,6.8888888888888895e-18,7.555555555555556e-18,7.555555555555556e-18,0.0,0.0,0.0,0.0,0.0,0.0,2196.992044772861,156.6246705744,2736.2107526063273,-520.2791012170574,966.4474713078075,2518.2119483618008,749.0399722439885,-1374.2761805520504,18093.040000000117,9.046520000000059e+23,0.0,0.0
3.86e-05,163831.0,5.46103,3e+22,611.872,5202.73,19035.5,3.62896,3.65682,3.63407,0.00178145396,-0.00218423011,0.841800335,0.162535367,0.163858835,0.803316062,0.00106852085,0.00146600588,-0.00181262008,1615.6443,1600.4567,-1319.72204,258.024937,4558.66232,-1110.10064,173.149397,5691.58177,18504.9108,77200.0,163830.915005,5.4610305,-60.00000000000001,30000 3000,1e-06,2,0.0 0.0259,0.0 0.0,-1.0 0.0,0.00054857 28.0,80000,1000,5e-10,0.0,0.0 0.0 0.0,1000 1000000 0,0,0.0,0,100,0,,20,,1,,,,1.0,10.0,0.1,False,{},,,False,3,mixed,250,300,True,Ar_Aubin,,False,uniform,Argon-Aubin-Test2/20Td,3.0000000000000005e+21,9.517749999999999e+23,0.0,1.6311022222222221e-13,1.630748888888889e-13,0.0,0.0,0.0,0.0,0.0,0.0,0.0,0.0,0.0,0.0,0.0,0.0,6.666666666666668e-19,0.0,0.0,0.0,0.0,1.1111111111111113e-18,0.0,4.444444444444445e-19,4.444444444444445e-19,2.2222222222222226e-19,4.444444444444445e-19,1.1333333333333335e-17,9.777777777777779e-18,1e-17,0.0,0.0,4.444444444444445e-19,2.2222222222222226e-19,2.2222222222222226e-19,0.0,1301.2005495213753,1614.5542782025868,3310.9109164286556,4570.026279520201,265.8985826031746,2480.8205231075026,-927.7271339552893,-1695.5575644327,19300.95999999937,9.650479999999685e+23,0.0,0.0
3.865e-05,164189.0,5.47297,3e+22,6158.02,-7157.77,8110.69,3.70341,3.57951,3.66213,0.00200547135,-0.00220302344,0.842973295,0.162823906,0.164130689,0.805441267,0.00109803922,0.00159454482,-0.00187492083,2373.23143,1249.67899,-967.341041,-644.640738,263.234891,-1683.46951,4366.11988,-7960.85901,6850.32258,77300.0,164189.025287,5.47296751,-60.00000000000001,30000 3000,1e-06,2,0.0 0.0259,0.0 0.0,-1.0 0.0,0.00054857 28.0,80000,1000,5e-10,0.0,0.0 0.0 0.0,1000 1000000 0,0,0.0,0,100,0,,20,,1,,,,1.0,10.0,0.1,False,{},,,False,3,mixed,250,300,True,Ar_Aubin,,False,uniform,Argon-Aubin-Test2/20Td,3.0000000000000005e+21,4.055345e+23,0.0,1.6293333333333333e-13,1.62904e-13,0.0,0.0,0.0,0.0,0.0,0.0,0.0,2.2222222222222226e-19,0.0,2.2222222222222226e-19,2.2222222222222226e-19,0.0,8.88888888888889e-19,2.2222222222222226e-19,0.0,0.0,0.0,4.444444444444445e-19,0.0,6.666666666666668e-19,8.88888888888889e-19,1.5555555555555556e-18,1.1111111111111113e-18,1.0444444444444445e-17,4.888888888888889e-18,7.555555555555556e-18,0.0,0.0,0.0,0.0,0.0,0.0,2876.906628759557,2360.881697317273,2717.7154889621024,247.4661559118712,1490.3292295509464,13.22750597645063,-1247.826232450432,-1808.5333274996315,23459.200000000015,1.1729600000000007e+24,0.0,0.0
3.87e-05,164493.0,5.48311,3e+22,-506.992,1473.28,21910.4,3.63503,3.67154,3.65692,0.00196934734,-0.00227855964,0.844044075,0.163011008,0.164331932,0.80737633,0.00103323591,0.00153318092,-0.0019281809,2579.13088,-5180.90416,1070.18871,-1352.18999,2813.24727,-556.584001,-1003.0854,813.411578,21103.4931,77400.0,164493.420229,5.483114008,-60.00000000000001,30000 3000,1e-06,2,0.0 0.0259,0.0 0.0,-1.0 0.0,0.00054857 28.0,80000,1000,5e-10,0.0,0.0 0.0 0.0,1000 1000000 0,0,0.0,0,100,0,,20,,1,,,,1.0,10.0,0.1,False,{},,,False,3,mixed,250,300,True,Ar_Aubin,,False,uniform,Argon-Aubin-Test2/20Td,3.0000000000000005e+21,1.0955200000000001e+24,0.0,1.6368377777777776e-13,1.636566666666667e-13,0.0,0.0,0.0,0.0,0.0,0.0,0.0,2.2222222222222226e-19,0.0,0.0,0.0,0.0,2.2222222222222226e-19,0.0,0.0,0.0,0.0,6.666666666666668e-19,2.2222222222222226e-19,4.444444444444445e-19,6.666666666666668e-19,6.666666666666668e-19,1.777777777777778e-18,6.8888888888888895e-18,6.6666666666666674e-18,8e-18,0.0,0.0,2.2222222222222226e-19,2.2222222222222226e-19,2.2222222222222226e-19,0.0,1872.455863901057,2580.1293233466013,2009.0447824416824,2816.604226346419,1286.3854055134018,2610.1497991199976,-660.4212401282485,451.87771571406387,21415.60000000098,1.0707800000000492e+24,0.0,0.0
3.875e-05,164410.0,5.48033,3e+22,39.8985,4411.21,11222.5,3.66262,3.64033,3.65689,0.00201908167,-0.00222815056,0.84505912,0.163199013,0.164541046,0.809316766,0.000964136149,0.00154478813,-0.00185712241,-503.456056,-525.100313,1317.68845,1367.38818,4425.69819,1801.88525,307.47278,3723.81394,11415.3662,77500.0,164410.047114,5.480334904,-60.00000000000001,30000 3000,1e-06,2,0.0 0.0259,0.0 0.0,-1.0 0.0,0.00054857 28.0,80000,1000,5e-10,0.0,0.0 0.0 0.0,1000 1000000 0,0,0.0,0,100,0,,20,,1,,,,1.0,10.0,0.1,False,{},,,False,3,mixed,250,300,True,Ar_Aubin,,False,uniform,Argon-Aubin-Test2/20Td,3.0000000000000005e+21,5.6112500000000006e+23,2.222222222222222e-19,1.6337155555555555e-13,1.6333933333333334e-13,2.2222222222222226e-19,0.0,0.0,0.0,0.0,0.0,0.0,2.2222222222222226e-19,0.0,2.2222222222222226e-19,0.0,0.0,8.88888888888889e-19,2.2222222222222226e-19,0.0,0.0,2.2222222222222226e-19,1.1111111111111113e-18,0.0,4.444444444444445e-19,6.666666666666668e-19,8.88888888888889e-19,1.777777777777778e-18,8.88888888888889e-18,6.444444444444445e-18,9.333333333333335e-18,0.0,0.0,2.2222222222222226e-19,0.0,2.2222222222222226e-19,2.2222222222222226e-19,1878.0663815542998,-503.5366143300105,2093.411791150024,4435.527030031778,2259.202474311772,1931.690225799999,-648.4043062864042,1568.785494659105,20300.900000000955,1.0150450000000478e+24,1.0946422189272977e-23,1.9801490062127175e-23
3.88e-05,164255.0,5.47516,3e+22,7260.45,-2710.49,19747.5,3.67697,3.62164,3.64916,0.00188708469,-0.00212790601,0.84598588,0.163367144,0.164677651,0.810918505,0.0010158269,0.00138624162,-0.00176096501,-379.889004,2084.93478,-831.24866,-385.608554,1435.47692,-1790.00297,5674.93292,418.358046,20047.6081,77600.0,164254.881799,5.475162727,-60.00000000000001,30000 3000,1e-06,2,0.0 0.0259,0.0 0.0,-1.0 0.0,0.00054857 28.0,80000,1000,5e-10,0.0,0.0 0.0 0.0,1000 1000000 0,0,0.0,0,100,0,,20,,1,,,,1.0,10.0,0.1,False,{},,,False,3,mixed,250,300,True,Ar_Aubin,,False,uniform,Argon-Aubin-Test2/20Td,3.0000000000000005e+21,9.87375e+23,0.0,1.6346844444444445e-13,1.6343733333333334e-13,0.0,0.0,0.0,0.0,0.0,0.0,0.0,0.0,0.0,0.0,0.0,0.0,2.2222222222222226e-19,0.0,0.0,0.0,2.2222222222222226e-19,8.88888888888889e-19,0.0,2.2222222222222226e-19,4.444444444444445e-19,2.2222222222222226e-19,2.2222222222222226e-18,1.0444444444444445e-17,9.111111111111112e-18,6.8888888888888895e-18,0.0,0.0,0.0,0.0,2.2222222222222226e-19,0.0,1686.466021628974,-393.5900880375105,1370.416709306488,1429.7092520389551,345.46135800117565,3341.5019347000016,-975.0026569169297,-1335.819127361775,18535.19999999831,9.267599999999154e+23,0.0,0.0
3.885e-05,164400.0,5.48,3e+22,-711.51,2927.55,15306.1,3.64063,3.66316,3.65482,0.00197104201,-0.00212664699,0.84700433,0.16370692,0.164870936,0.812738378,0.00106825274,0.00144262181,-0.00178437015,209.198594,-1402.23679,46.2872051,910.790072,-79.2605868,807.320104,718.128216,-1148.27628,13980.1019,77700.0,164399.953868,5.479998462,-60.00000000000001,30000 3000,1e-06,2,0.0 0.0259,0.0 0.0,-1.0 0.0,0.00054857 28.0,80000,1000,5e-10,0.0,0.0 0.0 0.0,1000 1000000 0,0,0.0,0,100,0,,20,,1,,,,1.0,10.0,0.1,False,{},,,False,3,mixed,250,300,True,Ar_Aubin,,False,uniform,Argon-Aubin-Test2/20Td,3.0000000000000005e+21,7.65305e+23,0.0,1.6343e-13,1.634017777777778e-13,0.0,0.0,0.0,0.0,0.0,0.0,0.0,0.0,0.0,0.0,0.0,0.0,0.0,4.444444444444445e-19,0.0,2.2222222222222226e-19,0.0,2.2222222222222226e-19,4.444444444444445e-19,1.5555555555555556e-18,8.88888888888889e-19,0.0,2.666666666666667e-18,8.666666666666667e-18,6.2222222222222225e-18,6.6666666666666674e-18,0.0,0.0,0.0,0.0,2.2222222222222226e-19,0.0,3394.5208202204594,210.60101010053512,1932.903565673161,-73.0347214044255,956.4712062559711,1015.7689245870006,-333.07849955451724,1336.898505829039,20369.000000000084,1.0184500000000043e+24,0.0,0.0
3.89e-05,164218.0,5.47392,3e+22,11375.0,2720.05,18469.2,3.665,3.63738,3.64275,0.00213486024,-0.00190840549,0.848026458,0.163842055,0.164985089,0.814558189,0.00103588236,0.00160769998,-0.00164821103,581.379001,950.746244,3524.91665,1803.42636,3579.06222,10.4807668,11341.8144,2569.28431,15304.4982,77800.0,164217.72694,5.473924231,-60.00000000000001,30000 3000,1e-06,2,0.0 0.0259,0.0 0.0,-1.0 0.0,0.00054857 28.0,80000,1000,5e-10,0.0,0.0 0.0 0.0,1000 1000000 0,0,0.0,0,100,0,,20,,1,,,,1.0,10.0,0.1,False,{},,,False,3,mixed,250,300,True,Ar_Aubin,,False,uniform,Argon-Aubin-Test2/20Td,3.0000000000000005e+21,9.234600000000001e+23,0.0,1.6313644444444444e-13,1.6310177777777778e-13,0.0,0.0,0.0,0.0,0.0,0.0,0.0,0.0,0.0,0.0,2.2222222222222226e-19,0.0,2.2222222222222226e-19,0.0,0.0,0.0,4.444444444444445e-19,6.666666666666668e-19,2.2222222222222226e-19,8.88888888888889e-19,2.2222222222222226e-19,6.666666666666668e-19,2.888888888888889e-18,1.0444444444444445e-17,7.555555555555556e-18,9.555555555555557e-18,0.0,0.0,2.2222222222222226e-19,0.0,4.444444444444445e-19,0.0,1344.6237836084451,557.09496577,1150.3361590581296,3584.2531783530744,872.725707230515,-357.8720580936006,482.8263885934625,5181.00092950539,20442.560000000223,1.0221280000000112e+24,0.0,0.0
3.895e-05,163976.0,5.46587,3e+22,-2483.73,-2777.3,27088.0,3.63682,3.62298,3.6677,0.00224280995,-0.00183859916,0.848912588,0.164089148,0.16523176,0.816137906,0.00113037089,0.00173562726,-0.00152948441,4020.87288,-1338.19422,962.808497,-129.293976,1180.58872,1197.07834,-2923.43632,-1771.95805,24538.2376,77900.0,163976.209358,5.465873645,-60.00000000000001,30000 3000,1e-06,2,0.0 0.0259,0.0 0.0,-1.0 0.0,0.00054857 28.0,80000,1000,5e-10,0.0,0.0 0.0 0.0,1000 1000000 0,0,0.0,0,100,0,,20,,1,,,,1.0,10.0,0.1,False,{},,,False,3,mixed,250,300,True,Ar_Aubin,,False,uniform,Argon-Aubin-Test2/20Td,3.0000000000000005e+21,1.3544000000000002e+24,0.0,1.6288844444444444e-13,1.6285711111111112e-13,2.2222222222222226e-19,0.0,0.0,0.0,0.0,2.2222222222222226e-19,0.0,0.0,0.0,0.0,0.0,0.0,2.2222222222222226e-19,0.0,0.0,0.0,0.0,4.444444444444445e-19,2.2222222222222226e-19,2.2222222222222226e-19,6.666666666666668e-19,2.2222222222222226e-19,1.1111111111111113e-18,1.1111111111111113e-17,8e-18,8.444444444444445e-18,0.0,0.0,0.0,0.0,2.2222222222222226e-19,0.0,2466.204317725096,4026.4434143571134,2469.325646431153,1175.482378552932,760.0840316790425,1542.893416256,687.9129721115924,87.08860326764011,17722.60000000081,8.861300000000406e+23,0.0,0.0
3.9e-05,163789.0,5.45965,3e+22,-4732.86,5529.55,22654.0,3.58957,3.66548,3.66103,0.00223449581,-0.00183139297,0.849954155,0.164377776,0.165454443,0.818098183,0.00107541364,0.00174895192,-0.00147262851,554.190669,-636.519637,673.630544,3494.34391,2644.74584,-3488.64415,-3405.07448,3769.24766,20232.8302,78000.0,163789.479056,5.459649302,-60.00000000000001,30000 3000,1e-06,2,0.0 0.0259,0.0 0.0,-1.0 0.0,0.00054857 28.0,80000,1000,5e-10,0.0,0.0 0.0 0.0,1000 1000000 0,0,0.0,0,100,0,,20,,1,,,,1.0,10.0,0.1,False,{},,,False,3,mixed,250,300,True,Ar_Aubin,,False,uniform,Argon-Aubin-Test2/20Td,3.0000000000000005e+21,1.1327e+24,0.0,1.6238688888888888e-13,1.6235133333333336e-13,0.0,2.2222222222222226e-19,0.0,0.0,0.0,0.0,0.0,0.0,0.0,2.2222222222222226e-19,0.0,0.0,6.666666666666668e-19,0.0,0.0,0.0,2.2222222222222226e-19,1.1111111111111113e-18,2.2222222222222226e-19,4.444444444444445e-19,6.666666666666668e-19,2.2222222222222226e-19,1.777777777777778e-18,1.0222222222222223e-17,6.6666666666666674e-18,1.2666666666666669e-17,0.0,0.0,0.0,0.0,2.2222222222222226e-19,0.0,2886.652249469435,564.7662248393166,2227.0944666058504,2654.8726189972635,1907.9346309369694,977.9687726299999,361.1052201411879,1240.6498179535597,20831.340000000422,1.0415670000000212e+24,0.0,0.0
3.905e-05,163806.0,5.4602,3e+22,1905.78,-6627.95,18412.6,3.6081,3.6181,3.69201,0.00219070798,-0.00178578545,0.850999952,0.164734335,0.165741567,0.820069793,0.00105324948,0.00179961499,-0.0014571516,4472.64133,-3717.80362,101.178503,-3141.14433,2345.67286,282.366468,2788.64618,-5566.09721,17919.5198,78100.0,163806.138603,5.46020462,-60.00000000000001,30000 3000,1e-06,2,0.0 0.0259,0.0 0.0,-1.0 0.0,0.00054857 28.0,80000,1000,5e-10,0.0,0.0 0.0 0.0,1000 1000000 0,0,0.0,0,100,0,,20,,1,,,,1.0,10.0,0.1,False,{},,,False,3,mixed,250,300,True,Ar_Aubin,,False,uniform,Argon-Aubin-Test2/20Td,3.0000000000000005e+21,9.2063e+23,0.0,1.627042222222222e-13,1.6267244444444445e-13,0.0,2.2222222222222226e-19,0.0,0.0,0.0,0.0,0.0,0.0,0.0,0.0,0.0,0.0,6.666666666666668e-19,2.2222222222222226e-19,0.0,0.0,0.0,4.444444444444445e-19,2.2222222222222226e-19,8.88888888888889e-19,6.666666666666668e-19,4.444444444444445e-19,2.2222222222222226e-18,9.555555555555557e-18,7.333333333333334e-18,8.666666666666667e-18,0.0,2.2222222222222226e-19,0.0,0.0,0.0,0.0,3567.527700712725,4468.466322545876,2872.8897053711958,2333.8367633266726,1927.5729776180308,2250.398083804799,1711.793644271478,1227.6693647248921,20915.93999999919,1.0457969999999595e+24,0.0,0.0
3.91e-05,163801.0,5.46004,3e+22,744.679,-6299.9,8825.56,3.63953,3.62616,3.65371,0.00230778,-0.0017695616,0.852048283,0.165066614,0.165875066,0.822005913,0.00100187246,0.00190269743,-0.00136945176,4876.10904,2171.82158,-547.197705,1528.40724,1260.5662,-279.538134,27.0455989,-5741.89933,8834.16554,78200.0,163801.10816,5.460036939,-60.00000000000001,30000 3000,1e-06,2,0.0 0.0259,0.0 0.0,-1.0 0.0,0.00054857 28.0,80000,1000,5e-10,0.0,0.0 0.0 0.0,1000 1000000 0,0,0.0,0,100,0,,20,,1,,,,1.0,10.0,0.1,False,{},,,False,3,mixed,250,300,True,Ar_Aubin,,False,uniform,Argon-Aubin-Test2/20Td,3.0000000000000005e+21,4.41278e+23,0.0,1.6267755555555554e-13,1.6264555555555558e-13,0.0,0.0,2.2222222222222226e-19,0.0,0.0,0.0,0.0,2.2222222222222226e-19,0.0,0.0,2.2222222222222226e-19,2.2222222222222226e-19,8.88888888888889e-19,0.0,0.0,0.0,0.0,8.88888888888889e-19,0.0,6.666666666666668e-19,1.1111111111111113e-18,8.88888888888889e-19,1.3333333333333336e-18,8.88888888888889e-18,6.444444444444445e-18,9.777777777777779e-18,0.0,0.0,2.2222222222222226e-19,0.0,0.0,0.0,3317.523529252353,4874.39048469738,1335.5668141723509,1249.41813887616,1507.6174075423498,1314.3622954865205,20.6967856855372,-1175.0220202929572,20966.62000000027,1.0483310000000135e+24,0.0,0.0
3.915e-05,163862.0,5.46205,3e+22,-8223.9,1664.74,14005.5,3.60133,3.65341,3.66785,0.00227751745,-0.00188074094,0.852982728,0.165265286,0.166047101,0.823735805,0.000944048479,0.00188952194,-0.00143383095,1443.33117,870.014492,1464.61924,-652.907503,-3262.79809,-2176.86078,-7056.09213,1213.03623,13869.3058,78300.0,163861.587789,5.462052926,-60.00000000000001,30000 3000,1e-06,2,0.0 0.0259,0.0 0.0,-1.0 0.0,0.00054857 28.0,80000,1000,5e-10,0.0,0.0 0.0 0.0,1000 1000000 0,0,0.0,0,100,0,,20,,1,,,,1.0,10.0,0.1,False,{},,,False,3,mixed,250,300,True,Ar_Aubin,,False,uniform,Argon-Aubin-Test2/20Td,3.0000000000000005e+21,7.00275e+23,0.0,1.6214244444444443e-13,1.6211533333333336e-13,0.0,0.0,0.0,0.0,0.0,0.0,0.0,0.0,0.0,0.0,0.0,0.0,0.0,2.2222222222222226e-19,0.0,2.2222222222222226e-19,2.2222222222222226e-19,4.444444444444445e-19,2.2222222222222226e-19,1.3333333333333336e-18,8.88888888888889e-19,4.444444444444445e-19,8.88888888888889e-19,8.222222222222223e-18,5.777777777777778e-18,8e-18,0.0,0.0,0.0,0.0,2.2222222222222226e-19,0.0,1988.1076279334998,1462.0612457570548,1716.2916177282384,-3259.667145327544,1366.3429692611917,1922.8562029960012,209.62897946273566,1391.473996153225,18688.89999999901,9.344449999999504e+23,0.0,0.0
3.92e-05,164036.0,5.46785,3e+22,4868.78,4254.91,12860.1,3.61983,3.6283,3.6864,0.00223658375,-0.00197198743,0.853977681,0.165452667,0.166090408,0.825547841,0.000913936293,0.00179089275,-0.00150113134,154.29059,1895.70416,-3705.44149,65.690834,1987.92462,-106.626449,4525.3807,3140.21621,9841.41547,78400.0,164035.551983,5.467851733,-60.00000000000001,30000 3000,1e-06,2,0.0 0.0259,0.0 0.0,-1.0 0.0,0.00054857 28.0,80000,1000,5e-10,0.0,0.0 0.0 0.0,1000 1000000 0,0,0.0,0,100,0,,20,,1,,,,1.0,10.0,0.1,False,{},,,False,3,mixed,250,300,True,Ar_Aubin,,False,uniform,Argon-Aubin-Test2/20Td,3.0000000000000005e+21,6.43005e+23,0.0,1.6274777777777778e-13,1.6272066666666669e-13,0.0,0.0,0.0,0.0,0.0,0.0,0.0,0.0,0.0,0.0,0.0,2.2222222222222226e-19,2.2222222222222226e-19,2.2222222222222226e-19,0.0,2.2222222222222226e-19,4.444444444444445e-19,6.666666666666668e-19,2.2222222222222226e-19,2.2222222222222226e-19,4.444444444444445e-19,4.444444444444445e-19,4.444444444444445e-19,8.444444444444445e-18,7.777777777777779e-18,6.8888888888888895e-18,0.0,0.0,0.0,0.0,2.2222222222222226e-19,0.0,1875.6577886427929,143.401155769675,429.5545205929008,1996.3152490357813,1136.906201840704,-1140.8229054281,-1318.7749323736098,-3366.652934382555,19899.060000001522,9.94953000000076e+23,0.0,0.0
3.925e-05,164179.0,5.47263,3e+22,-6949.01,180.052,12417.5,3.69938,3.61698,3.62776,0.00213194643,-0.00200461124,0.855023631,0.165647045,0.16628758,0.827454765,0.000847980713,0.00167316995,-0.00153426476,2267.25731,265.37096,-3022.93596,-1553.05802,2192.7183,-1377.16011,-4005.22153,-1729.31554,12519.5584,78500.0,164179.047927,5.472634931,-60.00000000000001,30000 3000,1e-06,2,0.0 0.0259,0.0 0.0,-1.0 0.0,0.00054857 28.0,80000,1000,5e-10,0.0,0.0 0.0 0.0,1000 1000000 0,0,0.0,0,100,0,,20,,1,,,,1.0,10.0,0.1,False,{},,,False,3,mixed,250,300,True,Ar_Aubin,,False,uniform,Argon-Aubin-Test2/20Td,3.0000000000000005e+21,6.20875e+23,0.0,1.6275044444444445e-13,1.6272111111111112e-13,0.0,0.0,0.0,0.0,0.0,0.0,0.0,0.0,0.0,2.2222222222222226e-19,0.0,0.0,1.1111111111111113e-18,0.0,0.0,2.2222222222222226e-19,0.0,6.666666666666668e-19,0.0,2.2222222222222226e-19,6.666666666666668e-19,2.2222222222222226e-19,1.1111111111111113e-18,7.555555555555556e-18,4.888888888888889e-18,1.2222222222222223e-17,0.0,0.0,2.2222222222222226e-19,0.0,0.0,0.0,1948.3511129037013,2282.0722270615342,1970.4226820055349,2193.0792342629843,1193.9407771377475,1902.3024620574997,-611.8954697760656,-1113.0631727392138,20918.999999999243,1.0459499999999623e+24,0.0,0.0
3.93e-05,164158.0,5.47194,3e+22,8362.21,-7337.55,17522.2,3.64219,3.65734,3.64191,0.00219305553,-0.00207181421,0.856050488,0.16586409,0.166496458,0.829375253,0.000850953376,0.00173143743,-0.00158462053,1948.09213,-2489.34919,2813.58869,1015.13025,1928.87762,1208.48666,5138.58604,-7261.1384,19359.1943,78600.0,164158.345767,5.471944859,-60.00000000000001,30000 3000,1e-06,2,0.0 0.0259,0.0 0.0,-1.0 0.0,0.00054857 28.0,80000,1000,5e-10,0.0,0.0 0.0 0.0,1000 1000000 0,0,0.0,0,100,0,,20,,1,,,,1.0,10.0,0.1,False,{},,,False,3,mixed,250,300,True,Ar_Aubin,,False,uniform,Argon-Aubin-Test2/20Td,3.0000000000000005e+21,8.7611e+23,0.0,1.6290066666666667e-13,1.6286933333333334e-13,0.0,2.2222222222222226e-19,0.0,0.0,0.0,0.0,0.0,0.0,0.0,0.0,0.0,2.2222222222222226e-19,4.444444444444445e-19,4.444444444444445e-19,2.2222222222222226e-19,0.0,2.2222222222222226e-19,4.444444444444445e-19,2.2222222222222226e-19,1.1111111111111113e-18,2e-18,6.666666666666668e-19,1.777777777777778e-18,8.666666666666667e-18,6.2222222222222225e-18,7.777777777777779e-18,0.0,0.0,0.0,0.0,6.666666666666668e-19,0.0,2167.8070302272313,1929.7533391164786,2086.040521027954,1913.6755796434145,1634.5956338592594,4359.3064391663975,75.3160201697736,755.2736211337542,20537.140000000953,1.0268570000000477e+24,0.0,0.0
3.935e-05,164156.0,5.47188,3e+22,1885.06,-167.623,19645.8,3.61016,3.65895,3.67245,0.00220661864,-0.00192978634,0.857003607,0.166124722,0.166652132,0.831216423,0.000804016595,0.0017970648,-0.00151484557,869.716946,-1024.49212,3167.8586,-817.797722,3458.90121,-1673.29392,4366.31428,647.662001,20131.3125,78700.0,164156.464489,5.47188215,-60.00000000000001,30000 3000,1e-06,2,0.0 0.0259,0.0 0.0,-1.0 0.0,0.00054857 28.0,80000,1000,5e-10,0.0,0.0 0.0 0.0,1000 1000000 0,0,0.0,0,100,0,,20,,1,,,,1.0,10.0,0.1,False,{},,,False,3,mixed,250,300,True,Ar_Aubin,,False,uniform,Argon-Aubin-Test2/20Td,3.0000000000000005e+21,9.8229e+23,0.0,1.6318844444444445e-13,1.6315955555555558e-13,2.2222222222222226e-19,0.0,0.0,0.0,0.0,0.0,0.0,0.0,2.2222222222222226e-19,0.0,2.2222222222222226e-19,0.0,0.0,4.444444444444445e-19,0.0,2.2222222222222226e-19,2.2222222222222226e-19,4.444444444444445e-19,6.666666666666668e-19,8.88888888888889e-19,4.444444444444445e-19,0.0,1.3333333333333336e-18,7.333333333333334e-18,7.777777777777779e-18,8e-18,0.0,0.0,0.0,0.0,4.444444444444445e-19,0.0,2605.7232673526446,865.5573374664816,1562.42338802709,3458.5777334243303,2084.2559402767247,3294.7910375993997,1038.2698582832784,5875.318872110868,19062.379999998935,9.531189999999468e+23,0.0,0.0
3.94e-05,164442.0,5.48141,3e+22,2241.37,6584.58,22621.3,3.64687,3.64809,3.66467,0.00216066049,-0.00177343403,0.858130635,0.166258365,0.166846086,0.833301667,0.000792473939,0.00174668579,-0.00147662108,837.628183,493.896073,-111.11871,-2831.79035,4741.80484,-3568.64003,3597.35761,6158.45974,21019.7569,78800.0,164442.272751,5.481409092,-60.00000000000001,30000 3000,1e-06,2,0.0 0.0259,0.0 0.0,-1.0 0.0,0.00054857 28.0,80000,1000,5e-10,0.0,0.0 0.0 0.0,1000 1000000 0,0,0.0,0,100,0,,20,,1,,,,1.0,10.0,0.1,False,{},,,False,3,mixed,250,300,True,Ar_Aubin,,False,uniform,Argon-Aubin-Test2/20Td,3.0000000000000005e+21,1.1310649999999999e+24,0.0,1.6301333333333332e-13,1.629837777777778e-13,0.0,0.0,0.0,0.0,0.0,2.2222222222222226e-19,0.0,0.0,0.0,0.0,0.0,0.0,0.0,4.444444444444445e-19,0.0,0.0,0.0,2.2222222222222226e-19,0.0,4.444444444444445e-19,6.666666666666668e-19,8.88888888888889e-19,4.444444444444445e-19,8.88888888888889e-18,9.555555555555557e-18,7.333333333333334e-18,0.0,2.2222222222222226e-19,0.0,0.0,2.2222222222222226e-19,0.0,1338.4371206934254,832.7853433975288,1945.3300705926658,4753.482158245257,1522.3968550726054,1607.7263664745005,-268.5566909935242,1513.9736894876132,22540.55999999949,1.1270279999999745e+24,0.0,0.0
3.945e-05,164651.0,5.48837,3e+22,-1418.87,-2446.8,14118.9,3.65909,3.64875,3.66773,0.00220648509,-0.00163392658,0.859191841,0.166401684,0.167011314,0.835267527,0.000788512395,0.00181973295,-0.00135120176,-263.018515,-3074.74757,-417.82713,-150.095949,2547.66734,-1498.93223,-1878.27857,-3629.32546,12310.2813,78900.0,164651.131,5.488371033,-60.00000000000001,30000 3000,1e-06,2,0.0 0.0259,0.0 0.0,-1.0 0.0,0.00054857 28.0,80000,1000,5e-10,0.0,0.0 0.0 0.0,1000 1000000 0,0,0.0,0,100,0,,20,,1,,,,1.0,10.0,0.1,False,{},,,False,3,mixed,250,300,True,Ar_Aubin,,False,uniform,Argon-Aubin-Test2/20Td,3.0000000000000005e+21,7.05945e+23,0.0,1.6379733333333333e-13,1.6376866666666667e-13,0.0,0.0,0.0,0.0,0.0,0.0,0.0,0.0,0.0,0.0,0.0,0.0,6.666666666666668e-19,2.2222222222222226e-19,0.0,0.0,2.2222222222222226e-19,4.444444444444445e-19,0.0,4.444444444444445e-19,2.2222222222222226e-19,4.444444444444445e-19,1.1111111111111113e-18,8e-18,6.444444444444445e-18,9.777777777777779e-18,0.0,0.0,2.2222222222222226e-19,2.2222222222222226e-19,2.2222222222222226e-19,0.0,1431.1887730064643,-259.88779950035166,1657.0335218993316,2543.669448444056,1434.2708453385367,179.43761610510046,627.6426337392064,-1108.1773148975312,21224.120000000734,1.0612060000000368e+24,0.0,0.0
3.95e-05,164764.0,5.49214,3e+22,-7040.05,-3932.34,22588.1,3.64561,3.68039,3.65501,0.00221896521,-0.00163178363,0.860202133,0.166557935,0.167224474,0.837152653,0.000692071751,0.00180937044,-0.00132798143,4262.27474,-391.751928,1047.37948,1046.25691,3440.19399,-3271.61303,-7417.82435,-2726.87456,18914.9689,79000.0,164764.266266,5.492142209,-60.00000000000001,30000 3000,1e-06,2,0.0 0.0259,0.0 0.0,-1.0 0.0,0.00054857 28.0,80000,1000,5e-10,0.0,0.0 0.0 0.0,1000 1000000 0,0,0.0,0,100,0,,20,,1,,,,1.0,10.0,0.1,False,{},,,False,3,mixed,250,300,True,Ar_Aubin,,False,uniform,Argon-Aubin-Test2/20Td,3.0000000000000005e+21,1.129405e+24,0.0,1.6345288888888888e-13,1.6342422222222223e-13,0.0,0.0,0.0,0.0,0.0,0.0,0.0,0.0,0.0,2.2222222222222226e-19,0.0,0.0,4.444444444444445e-19,0.0,0.0,0.0,0.0,2.2222222222222226e-19,6.666666666666668e-19,2.2222222222222226e-19,1.1111111111111113e-18,2.2222222222222226e-19,2e-18,9.111111111111112e-18,7.333333333333334e-18,6.6666666666666674e-18,0.0,0.0,0.0,2.2222222222222226e-19,2.2222222222222226e-19,0.0,1561.9576984921002,4277.89636602666,2131.6699825371657,3433.777261960406,1480.3602321955545,-515.3629004172981,-466.54260157284745,-364.7010516333503,20205.840000000477,1.0102920000000239e+24,0.0,0.0
3.955e-05,164902.0,5.49673,3e+22,-2651.73,-9524.64,13015.0,3.66206,3.69535,3.63453,0.00222406817,-0.00162173508,0.861161726,0.166768877,0.167467234,0.838910494,0.000610096435,0.00179073225,-0.0013472366,1239.36404,2121.803,1972.07643,-1174.03751,310.004042,-1824.10772,-478.515098,-8710.99621,13480.0562,79100.0,164901.799568,5.496726652,-60.00000000000001,30000 3000,1e-06,2,0.0 0.0259,0.0 0.0,-1.0 0.0,0.00054857 28.0,80000,1000,5e-10,0.0,0.0 0.0 0.0,1000 1000000 0,0,0.0,0,100,0,,20,,1,,,,1.0,10.0,0.1,False,{},,,False,3,mixed,250,300,True,Ar_Aubin,,False,uniform,Argon-Aubin-Test2/20Td,3.0000000000000005e+21,6.5075e+23,0.0,1.637622222222222e-13,1.637357777777778e-13,0.0,0.0,0.0,0.0,0.0,2.2222222222222226e-19,0.0,0.0,0.0,0.0,0.0,0.0,0.0,0.0,0.0,0.0,0.0,6.666666666666668e-19,6.666666666666668e-19,1.1111111111111113e-18,6.666666666666668e-19,4.444444444444445e-19,8.88888888888889e-19,8.444444444444445e-18,5.1111111111111114e-18,8.222222222222223e-18,0.0,0.0,0.0,0.0,0.0,0.0,2109.1932737840602,1245.261668288434,2427.926931453939,294.55759918762885,1060.322904508082,2272.036336110001,-503.23934648136355,3748.1834684534297,19191.859999998505,9.595929999999252e+23,0.0,0.0
3.96e-05,164513.0,5.48377,3e+22,-2257.98,-4768.39,20465.5,3.70717,3.64519,3.61263,0.00219023042,-0.00164710906,0.861911875,0.166908895,0.16759885,0.840384535,0.000582948383,0.00180658064,-0.001384636,1477.24492,-1804.45759,1220.24963,-702.916027,2650.20871,-2501.94832,-2083.53238,-4206.20835,18901.2618,79200.0,164513.008174,5.483766939,-60.00000000000001,30000 3000,1e-06,2,0.0 0.0259,0.0 0.0,-1.0 0.0,0.00054857 28.0,80000,1000,5e-10,0.0,0.0 0.0 0.0,1000 1000000 0,0,0.0,0,100,0,,20,,1,,,,1.0,10.0,0.1,False,{},,,False,3,mixed,250,300,True,Ar_Aubin,,False,uniform,Argon-Aubin-Test2/20Td,3.0000000000000005e+21,1.0232750000000001e+24,0.0,1.63784e-13,1.6375444444444445e-13,0.0,0.0,0.0,0.0,0.0,0.0,0.0,0.0,0.0,0.0,0.0,0.0,2.2222222222222226e-19,0.0,0.0,2.2222222222222226e-19,0.0,2.2222222222222226e-19,0.0,4.444444444444445e-19,8.88888888888889e-19,6.666666666666668e-19,1.777777777777778e-18,1.0222222222222223e-17,6.8888888888888895e-18,7.777777777777779e-18,0.0,0.0,2.2222222222222226e-19,0.0,0.0,0.0,1401.6736993210932,1482.1904164837517,1315.3305641416814,2642.3546516293864,1814.790612834072,1261.8043221875014,866.9033206924705,1038.07286485199,15002.980000000665,7.501490000000333e+23,0.0,0.0
3.965e-05,164622.0,5.48739,3e+22,-3432.04,639.418,21922.5,3.62768,3.64737,3.69694,0.0023116173,-0.001554537,0.86295993,0.167074137,0.167769816,0.84234378,0.000601987373,0.00183736117,-0.00132629283,2017.72849,-1082.11838,-2283.17525,-576.632868,3903.65387,305.69451,-1643.96123,112.671126,20040.6704,79300.0,164621.837258,5.487394575,-60.00000000000001,30000 3000,1e-06,2,0.0 0.0259,0.0 0.0,-1.0 0.0,0.00054857 28.0,80000,1000,5e-10,0.0,0.0 0.0 0.0,1000 1000000 0,0,0.0,0,100,0,,20,,1,,,,1.0,10.0,0.1,False,{},,,False,3,mixed,250,300,True,Ar_Aubin,,False,uniform,Argon-Aubin-Test2/20Td,3.0000000000000005e+21,1.096125e+24,0.0,1.635931111111111e-13,1.6356333333333335e-13,0.0,2.2222222222222226e-19,0.0,0.0,0.0,0.0,0.0,0.0,0.0,0.0,0.0,2.2222222222222226e-19,8.88888888888889e-19,4.444444444444445e-19,0.0,0.0,0.0,4.444444444444445e-19,2.2222222222222226e-19,6.666666666666668e-19,4.444444444444445e-19,2.2222222222222226e-19,1.1111111111111113e-18,8.666666666666667e-18,6.6666666666666674e-18,8.444444444444445e-18,0.0,2.2222222222222226e-19,2.2222222222222226e-19,0.0,6.666666666666668e-19,0.0,1646.9553475104149,2025.662053038292,1712.6238297116015,3904.647868939466,1514.8448041057973,1122.431334574998,-1525.3393082110276,-1016.0999121020495,20961.100000000955,1.0480550000000478e+24,0.0,0.0
3.97e-05,164426.0,5.48087,3e+22,-3218.67,-1499.89,13108.5,3.65441,3.67144,3.63485,0.00230954132,-0.00162026386,0.863920793,0.167324281,0.168031951,0.844061299,0.000604653953,0.00179402109,-0.0013569435,1144.42706,-1655.57735,716.887264,3421.42907,2825.21162,-362.666572,-3430.78875,-1413.042,15183.877,79400.0,164426.2358,5.480874527,-60.00000000000001,30000 3000,1e-06,2,0.0 0.0259,0.0 0.0,-1.0 0.0,0.00054857 28.0,80000,1000,5e-10,0.0,0.0 0.0 0.0,1000 1000000 0,0,0.0,0,100,0,,20,,1,,,,1.0,10.0,0.1,False,{},,,False,3,mixed,250,300,True,Ar_Aubin,,False,uniform,Argon-Aubin-Test2/20Td,3.0000000000000005e+21,6.55425e+23,0.0,1.6376422222222223e-13,1.6373155555555556e-13,0.0,0.0,0.0,0.0,0.0,0.0,0.0,2.2222222222222226e-19,0.0,0.0,0.0,0.0,1.3333333333333336e-18,2.2222222222222226e-19,0.0,0.0,2.2222222222222226e-19,4.444444444444445e-19,0.0,8.88888888888889e-19,2.2222222222222226e-19,4.444444444444445e-19,1.3333333333333336e-18,1.1111111111111113e-17,6.6666666666666674e-18,9.111111111111112e-18,0.0,2.2222222222222226e-19,0.0,0.0,2.2222222222222226e-19,0.0,2501.5359343286136,1151.8607113604444,2619.2633030838742,2822.7814024390245,582.2320785620061,3859.1712849595006,-875.3549049175542,36.49983041208998,19217.25999999957,9.608629999999785e+23,0.0,0.0
3.975e-05,164244.0,5.4748,3e+22,1141.53,-6203.05,13431.2,3.63639,3.63805,3.6739,0.00229490473,-0.00168814833,0.864944352,0.167520644,0.168256751,0.84596563,0.000631332577,0.00183371403,-0.00137906402,-410.980104,2748.47198,-713.148198,-1451.13165,-472.726246,-2543.22401,1157.33365,-6098.18905,11702.4709,79500.0,164243.864983,5.474795499,-60.00000000000001,30000 3000,1e-06,2,0.0 0.0259,0.0 0.0,-1.0 0.0,0.00054857 28.0,80000,1000,5e-10,0.0,0.0 0.0 0.0,1000 1000000 0,0,0.0,0,100,0,,20,,1,,,,1.0,10.0,0.1,False,{},,,False,3,mixed,250,300,True,Ar_Aubin,,False,uniform,Argon-Aubin-Test2/20Td,3.0000000000000005e+21,6.715600000000001e+23,0.0,1.6320933333333332e-13,1.631748888888889e-13,2.2222222222222226e-19,0.0,0.0,0.0,0.0,0.0,0.0,0.0,2.2222222222222226e-19,2.2222222222222226e-19,0.0,0.0,6.666666666666668e-19,4.444444444444445e-19,0.0,0.0,4.444444444444445e-19,4.444444444444445e-19,0.0,6.666666666666668e-19,6.666666666666668e-19,4.444444444444445e-19,1.3333333333333336e-18,1.0444444444444445e-17,6.6666666666666674e-18,1.0666666666666668e-17,0.0,0.0,0.0,2.2222222222222226e-19,6.666666666666668e-19,0.0,1964.3039338901326,-413.5998065964369,2245.7541019194064,-483.1979144984065,1347.355210490342,85.23031941760019,999.7764809816348,-573.9977985481358,20471.179999999036,1.0235589999999519e+24,0.0,0.0
3.98e-05,164136.0,5.47121,3e+22,11932.6,-2283.55,24130.3,3.6621,3.60852,3.66766,0.00229751398,-0.00162548622,0.865997457,0.167710465,0.168500797,0.847964087,0.000680678466,0.00187657054,-0.00135688314,5562.76618,-666.444407,2199.42865,-1070.45113,-3069.68235,94.1983481,7792.25149,-3237.18899,21639.4476,79600.0,164136.293015,5.471209767,-60.00000000000001,30000 3000,1e-06,2,0.0 0.0259,0.0 0.0,-1.0 0.0,0.00054857 28.0,80000,1000,5e-10,0.0,0.0 0.0 0.0,1000 1000000 0,0,0.0,0,100,0,,20,,1,,,,1.0,10.0,0.1,False,{},,,False,3,mixed,250,300,True,Ar_Aubin,,False,uniform,Argon-Aubin-Test2/20Td,3.0000000000000005e+21,1.2065150000000001e+24,0.0,1.6327266666666666e-13,1.6323866666666667e-13,2.2222222222222226e-19,0.0,0.0,0.0,0.0,0.0,2.2222222222222226e-19,2.2222222222222226e-19,0.0,2.2222222222222226e-19,4.444444444444445e-19,0.0,0.0,0.0,0.0,0.0,0.0,1.777777777777778e-18,2.2222222222222226e-19,1.1111111111111113e-18,6.666666666666668e-19,8.88888888888889e-19,1.777777777777778e-18,1e-17,7.777777777777779e-18,8.444444444444445e-18,0.0,0.0,0.0,0.0,0.0,0.0,1898.0901723147927,5535.350864682252,2442.5363933267,-3073.394229057681,1755.9352623308655,742.6691633529008,763.6026097927177,-397.36081698979433,21062.099999999973,1.0531049999999988e+24,0.0,0.0
3.985e-05,164250.0,5.47501,3e+22,7472.25,-2362.1,13941.0,3.62783,3.66351,3.65723,0.00229337979,-0.00171790047,0.867018797,0.168015525,0.168691545,0.849861039,0.000667919321,0.00186615043,-0.00146566483,4573.55644,795.165283,-438.699973,412.073731,1028.94466,-377.660112,6002.45412,-2370.85311,12405.6452,79700.0,164250.425322,5.475014177,-60.00000000000001,30000 3000,1e-06,2,0.0 0.0259,0.0 0.0,-1.0 0.0,0.00054857 28.0,80000,1000,5e-10,0.0,0.0 0.0 0.0,1000 1000000 0,0,0.0,0,100,0,,20,,1,,,,1.0,10.0,0.1,False,{},,,False,3,mixed,250,300,True,Ar_Aubin,,False,uniform,Argon-Aubin-Test2/20Td,3.0000000000000005e+21,6.970500000000001e+23,0.0,1.632468888888889e-13,1.632177777777778e-13,0.0,0.0,0.0,0.0,0.0,0.0,2.2222222222222226e-19,0.0,0.0,0.0,0.0,0.0,2.2222222222222226e-19,2.2222222222222226e-19,0.0,0.0,2.2222222222222226e-19,1.3333333333333336e-18,0.0,2.2222222222222226e-19,4.444444444444445e-19,2.2222222222222226e-19,1.777777777777778e-18,8e-18,7.555555555555556e-18,8.444444444444445e-18,0.0,0.0,0.0,0.0,2.2222222222222226e-19,0.0,3050.7897962711586,4556.419732864173,1904.390234265807,1024.8868072998132,1269.5317913957726,318.53615102300137,-183.64464975927,-946.7990665356392,20426.799999999635,1.0213399999999819e+24,0.0,0.0
3.99e-05,164453.0,5.48175,3e+22,-430.421,7146.23,21858.9,3.59718,3.66007,3.70324,0.00230437806,-0.0016812421,0.868048578,0.168321158,0.168858367,0.85171095,0.000696056543,0.00191880491,-0.00138137023,1972.8294,1626.97582,-913.289035,843.896189,-1843.3955,-416.828967,-886.014254,5389.18383,19521.3199,79800.0,164452.534526,5.481751151,-60.00000000000001,30000 3000,1e-06,2,0.0 0.0259,0.0 0.0,-1.0 0.0,0.00054857 28.0,80000,1000,5e-10,0.0,0.0 0.0 0.0,1000 1000000 0,0,0.0,0,100,0,,20,,1,,,,1.0,10.0,0.1,False,{},,,False,3,mixed,250,300,True,Ar_Aubin,,False,uniform,Argon-Aubin-Test2/20Td,3.0000000000000005e+21,1.0929450000000002e+24,0.0,1.6297444444444443e-13,1.629466666666667e-13,0.0,0.0,0.0,0.0,0.0,0.0,0.0,2.2222222222222226e-19,0.0,0.0,0.0,0.0,2.2222222222222226e-19,0.0,0.0,0.0,0.0,4.444444444444445e-19,2.2222222222222226e-19,2.2222222222222226e-19,0.0,6.666666666666668e-19,1.5555555555555556e-18,9.333333333333335e-18,6.0000000000000004e-18,8.666666666666667e-18,0.0,2.2222222222222226e-19,0.0,0.0,0.0,0.0,3055.8243261777366,1973.8212527089634,1669.4660702601395,-1831.3809572677171,631.7158350499508,546.7328383557979,814.9153686502764,-1476.048121584396,20595.620000001258,1.029781000000063e+24,0.0,0.0
3.995e-05,164611.0,5.48703,3e+22,-2102.73,-2584.86,23094.6,3.65137,3.63409,3.6855,0.00230164706,-0.00177021167,0.869106099,0.168446274,0.169043608,0.853672015,0.000714257605,0.00189607357,-0.0014393811,4463.15498,59.0393883,3700.85023,-327.090526,2831.35529,-1305.95728,-1435.69977,-5525.50817,22075.885,79900.0,164610.875561,5.487029185,-60.00000000000001,30000 3000,1e-06,2,0.0 0.0259,0.0 0.0,-1.0 0.0,0.00054857 28.0,80000,1000,5e-10,0.0,0.0 0.0 0.0,1000 1000000 0,0,0.0,0,100,0,,20,,1,,,,1.0,10.0,0.1,False,{},,,False,3,mixed,250,300,True,Ar_Aubin,,False,uniform,Argon-Aubin-Test2/20Td,3.0000000000000005e+21,1.15473e+24,2.222222222222222e-19,1.6334733333333334e-13,1.6331822222222223e-13,0.0,0.0,0.0,0.0,0.0,2.2222222222222226e-19,4.444444444444445e-19,0.0,0.0,0.0,0.0,0.0,4.444444444444445e-19,0.0,0.0,2.2222222222222226e-19,0.0,6.666666666666668e-19,2.2222222222222226e-19,8.88888888888889e-19,1.3333333333333336e-18,0.0,6.666666666666668e-19,1.0444444444444445e-17,6.6666666666666674e-18,6.2222222222222225e-18,0.0,0.0,0.0,0.0,4.444444444444445e-19,2.2222222222222226e-19,1251.2857905461194,4467.994722322474,1849.3392564220003,2826.7795406626838,1239.8744882435865,2004.2272860345984,-455.8947886804067,4039.490309358394,21150.420000000115,1.0575210000000058e+24,1.050675221684586e-23,9.622258979251523e-24
4e-05,164877.0,5.49591,3e+22,1884.57,-4439.33,17101.4,3.66479,3.63963,3.68561,0.00233451366,-0.00174562537,0.870222536,0.168665936,0.169315754,0.855769884,0.000623024564,0.00191146574,-0.00131192776,5841.38781,-1228.26485,1820.39389,833.19409,219.406064,-2635.09145,3516.20465,-4364.15981,13804.2314,80000.0,164877.34015,5.495911338,-60.00000000000001,30000 3000,1e-06,2,0.0 0.0259,0.0 0.0,-1.0 0.0,0.00054857 28.0,80000,1000,5e-10,0.0,0.0 0.0 0.0,1000 1000000 0,0,0.0,0,100,0,,20,,1,,,,1.0,10.0,0.1,False,{},,,False,3,mixed,250,300,True,Ar_Aubin,,False,uniform,Argon-Aubin-Test2/20Td,3.0000000000000005e+21,8.5507e+23,2.222222222222222e-19,1.6404044444444443e-13,1.6401133333333335e-13,0.0,2.2222222222222226e-19,0.0,0.0,0.0,0.0,0.0,0.0,0.0,2.2222222222222226e-19,0.0,0.0,8.88888888888889e-19,4.444444444444445e-19,0.0,2.2222222222222226e-19,4.444444444444445e-19,4.444444444444445e-19,2.2222222222222226e-19,6.666666666666668e-19,6.666666666666668e-19,4.444444444444445e-19,1.3333333333333336e-18,6.6666666666666674e-18,7.111111111111112e-18,8.666666666666667e-18,0.0,0.0,0.0,0.0,2.2222222222222226e-19,2.2222222222222226e-19,2195.0962516004147,5836.988255591774,2722.324414242139,211.65665692619788,1560.1815672650066,-1077.7922771504,-315.57459880844976,3656.679803425356,22328.739999999405,1.1164369999999704e+24,9.9522956612074e-24,1.2994387723942028e-23
