t,Ki,Mi,Ni,Vxi,Vyi,Vzi,Txi,Tyi,Tzi,Rxi,Ryi,Rzi,XX,YY,ZZ,XY,XZ,YZ,XVX,XVY,XVZ,YVX,YVY,YVZ,ZVX,ZVY,ZVZ,step,KEe,MEe,E,NP,L,SP,TP,VV,QP,MP,NS,VS,DT,ET,B,FV,EX,MEM,SE,OS,CR,LV,Ered,Bred,gas_index,duration,NN,pct_ion,Nmin,EP_0,DE,autostep,pc_scale,indeck,vdf_init,downsample,n,analytic_cs,nsamples,mix_thresh,fixed_background,eadf,ECS,egen,eesd,directory,n_gas,mobN,k_i,k_tot,k_1,k_2,k_3,k_4,k_5,k_6,k_7,k_8,k_9,k_10,k_11,k_12,k_13,k_14,k_15,k_16,k_17,k_18,k_19,k_20,k_21,k_22,k_23,k_24,k_25,k_26,k_27,k_28,k_29,k_30,k_31,k_32,k_33,D_XX_bulk,D_XX,D_YY_bulk,D_YY,D_ZZ_bulk,D_ZZ,D_H_bulk,D_H,Wz,mobN_bulk,a_n_bulk,a_n
0.0,0.0,0.0,3e+22,0.0,0.0,0.0,0.0,0.0,0.0,0.0,0.0,0.0,0.0,0.0,0.0,0.0,0.0,0.0,0.0,0.0,0.0,0.0,0.0,0.0,0.0,0.0,0.0,0.0,0.0,0.0,-150.0,30000 3000,1e-06,2,0.0 0.0259,0.0 0.0,-1.0 0.0,0.00054857 28.0,30000,1000,0,0.0,0.0 0.0 0.0,1000 1000000 0,0,0.0,0,100,0,,50,,1,,,10,1.0,10.0,0.1,True,{},,,False,3,mixed,250,300,True,Ar_Aubin,,False,uniform,Argon_Aubin_Model3-test/50Td,3.0000000000000005e+21,0.0,,,,,,,,,,,,,,,,,,,,,,,,,,,,,,,,,,,,,0.0,,0.0,,0.0,,0.0,,,,
3.55454e-08,59905.0,1.99683,3e+22,-1382.42,-3369.37,458066.0,0.794851,0.795066,1.21071,8.02352222e-06,-3.30259374e-05,0.0133125725,6.93152282e-06,6.94323104e-06,0.000192333755,-6.10299677e-08,3.76568612e-08,-2.89464606e-07,669.827352,-7.65348294,3.68525382,-12.6327416,674.198266,1.59153915,-30.8296341,-28.33337,7220.55024,100.0,59904.952883,1.996831763,-150.0,30000 3000,1e-06,2,0.0 0.0259,0.0 0.0,-1.0 0.0,0.00054857 28.0,30000,1000,0,0.0,0.0 0.0 0.0,1000 1000000 0,0,0.0,0,100,0,,50,,1,,,10,1.0,10.0,0.1,True,{},,,False,3,mixed,250,300,True,Ar_Aubin,,False,uniform,Argon_Aubin_Model3-test/50Td,3.0000000000000005e+21,9.161320000000003e+24,0.0,9.556479569477031e-15,9.556479569477033e-15,0.0,0.0,0.0,0.0,0.0,0.0,0.0,0.0,0.0,0.0,0.0,0.0,0.0,0.0,0.0,0.0,0.0,0.0,0.0,0.0,0.0,0.0,0.0,0.0,0.0,0.0,0.0,0.0,0.0,0.0,0.0,0.0,97.50148321711369,669.8384438775873,97.65174013316562,674.0869893973025,212.5333859267832,1122.5134052149997,-1.9455923989914572,-12.41611653377652,374523.07471571566,7.490461494314315e+24,0.0,0.0
7.10907e-08,94041.1,3.1347,3e+22,-889.791,-4026.33,94930.1,2.08338,2.08751,2.04719,4.2307867e-06,-9.3063686e-05,0.0209029409,0.000147109277,0.000147917335,0.000546969199,4.34736883e-07,5.55784751e-07,-1.52294634e-06,2415.36255,51.7281511,-10.9688816,29.7894793,2396.54675,13.35865,-14.509229,-84.7361507,2938.21934,200.0,94041.142864,3.134704762,-150.0,30000 3000,1e-06,2,0.0 0.0259,0.0 0.0,-1.0 0.0,0.00054857 28.0,30000,1000,0,0.0,0.0 0.0 0.0,1000 1000000 0,0,0.0,0,100,0,,50,,1,,,10,1.0,10.0,0.1,True,{},,,False,3,mixed,250,300,True,Ar_Aubin,,False,uniform,Argon_Aubin_Model3-test/50Td,3.0000000000000005e+21,1.8986020000000005e+24,0.0,5.543395832434639e-14,5.5433958324346394e-14,0.0,0.0,0.0,0.0,0.0,0.0,0.0,0.0,0.0,0.0,0.0,0.0,0.0,0.0,0.0,0.0,0.0,0.0,0.0,0.0,0.0,0.0,0.0,0.0,0.0,0.0,0.0,0.0,0.0,0.0,0.0,0.0,1971.8135209809527,2415.3663145159285,1982.9082500533016,2396.1720448891474,1335.2936286954628,953.90107006891,15.093534654512396,-7.280490918157767,213540.10364210277,4.270802072842056e+24,0.0,0.0
1.06636e-07,108525.0,3.61749,3e+22,-849.566,1137.46,81975.2,2.41482,2.39167,2.39026,-4.36248319e-05,-0.000121977196,0.0241300657,0.000319116069,0.000320499667,0.000752595413,5.70471426e-07,-1.25108086e-06,-2.60976125e-06,2300.86015,-134.205432,-79.6492594,52.8860064,2395.11951,62.7396122,35.621722,67.1126071,2651.38237,300.0,108524.611178,3.617487039,-150.0,30000 3000,1e-06,2,0.0 0.0259,0.0 0.0,-1.0 0.0,0.00054857 28.0,30000,1000,0,0.0,0.0 0.0 0.0,1000 1000000 0,0,0.0,0,100,0,,50,,1,,,10,1.0,10.0,0.1,True,{},,,False,3,mixed,250,300,True,Ar_Aubin,,False,uniform,Argon_Aubin_Model3-test/50Td,3.0000000000000005e+21,1.639504e+24,0.0,7.803572645436853e-14,7.803572645436855e-14,0.0,0.0,0.0,0.0,0.0,0.0,0.0,0.0,0.0,0.0,0.0,0.0,0.0,0.0,0.0,0.0,0.0,0.0,0.0,0.0,0.0,0.0,0.0,0.0,0.0,0.0,0.0,0.0,0.0,0.0,0.0,0.0,2419.5100740686244,2300.823087826062,2427.544976471047,2395.258254181362,848.1981013376737,673.3154082293597,-18.72984033801668,-19.951299683544928,90788.81655572877,1.815776331114576e+24,0.0,0.0
1.42181e-07,121177.0,4.03923,3e+22,-24.0878,2431.75,74363.1,2.68705,2.66108,2.69886,-3.85822112e-05,-0.00014115507,0.0269587258,0.000482057047,0.000491042896,0.000944220962,-9.30084929e-07,-3.64763956e-06,-2.80358694e-06,2256.49833,25.0367513,1.03997946,-122.335893,2181.15376,180.379818,2.10191918,95.2421738,2596.11698,400.0,121176.981917,4.039232731,-150.0,30000 3000,1e-06,2,0.0 0.0259,0.0 0.0,-1.0 0.0,0.00054857 28.0,30000,1000,0,0.0,0.0 0.0 0.0,1000 1000000 0,0,0.0,0,100,0,,50,,1,,,10,1.0,10.0,0.1,True,{},,,False,3,mixed,250,300,True,Ar_Aubin,,False,uniform,Argon_Aubin_Model3-test/50Td,3.0000000000000005e+21,1.4872620000000002e+24,0.0,9.509184810911616e-14,9.509122293054955e-14,0.0,0.0,0.0,0.0,0.0,0.0,0.0,0.0,0.0,0.0,0.0,0.0,0.0,0.0,0.0,0.0,0.0,0.0,0.0,0.0,0.0,0.0,0.0,6.251785666280932e-19,0.0,0.0,0.0,0.0,0.0,0.0,0.0,0.0,2292.0179902172613,2256.497400639413,2398.8783736089235,2181.497013841473,662.7119532588033,591.3825574620196,-67.77533822660506,6.660367865011961,79578.79500582349,1.59157590011647e+24,0.0,0.0
1.77727e-07,131760.0,4.39198,3e+22,-1822.39,-8636.92,60635.5,2.92343,2.91168,2.92752,-6.41487471e-05,-8.83318809e-05,0.0293516346,0.000642996955,0.000652978439,0.00112376636,-9.29463604e-07,-3.60718653e-06,-3.4410012e-06,1916.94927,-18.9785363,261.469259,149.869203,2158.45111,100.762212,-17.4655588,-331.914511,2357.43719,500.0,131759.548674,4.391984956,-150.0,30000 3000,1e-06,2,0.0 0.0259,0.0 0.0,-1.0 0.0,0.00054857 28.0,30000,1000,0,0.0,0.0 0.0 0.0,1000 1000000 0,0,0.0,0,100,0,,50,,1,,,10,1.0,10.0,0.1,True,{},,,False,3,mixed,250,300,True,Ar_Aubin,,False,uniform,Argon_Aubin_Model3-test/50Td,3.0000000000000005e+21,1.2127100000000003e+24,0.0,1.1028056138534568e-13,1.1027743549251256e-13,0.0,0.0,0.0,0.0,0.0,0.0,0.0,0.0,0.0,0.0,0.0,0.0,0.0,0.0,0.0,0.0,0.0,0.0,0.0,0.0,0.0,0.0,0.0,3.125892833140466e-19,2.1881249831983263e-18,6.251785666280932e-19,0.0,0.0,0.0,0.0,0.0,0.0,2263.827127072232,1916.8323659647724,2278.039707424919,2157.688194611217,630.1777595366577,577.6861502117001,24.84699461613938,301.3835169334761,67319.78821450875,1.3463957642901753e+24,0.0,0.0
2.13272e-07,141056.0,4.70187,3e+22,4765.15,-3829.51,60932.9,3.11538,3.12304,3.14401,-6.01062751e-05,-8.01467596e-05,0.0315288908,0.000794076284,0.000807564417,0.00130465192,-3.13576649e-06,-4.20043225e-06,-2.92461785e-06,1902.91367,-66.1899555,193.012152,-162.615727,2085.96998,-20.6873517,165.665612,-83.0298602,2608.00519,600.0,141056.21854,4.701873951,-150.0,30000 3000,1e-06,2,0.0 0.0259,0.0 0.0,-1.0 0.0,0.00054857 28.0,30000,1000,0,0.0,0.0 0.0 0.0,1000 1000000 0,0,0.0,0,100,0,,50,,1,,,10,1.0,10.0,0.1,True,{},,,False,3,mixed,250,300,True,Ar_Aubin,,False,uniform,Argon_Aubin_Model3-test/50Td,3.0000000000000005e+21,1.2186580000000002e+24,0.0,1.234218148558682e-13,1.2341056164166892e-13,0.0,0.0,0.0,0.0,0.0,0.0,0.0,0.0,0.0,0.0,0.0,0.0,0.0,0.0,0.0,0.0,0.0,0.0,3.125892833140466e-19,0.0,3.125892833140466e-19,3.125892833140466e-19,9.3776784994214e-19,3.1258928331404664e-18,3.1258928331404664e-18,3.1258928331404664e-18,0.0,0.0,0.0,0.0,0.0,0.0,2125.167128481435,1903.2000854167927,2174.50580128665,2085.663057182644,679.8778268579379,686.8584397726797,-16.346197283033835,212.10031965442084,61252.825963415846,1.2250565192683172e+24,0.0,0.0
2.48818e-07,149387.0,4.97956,3e+22,-1845.92,2784.94,51244.9,3.32706,3.28277,3.3343,3.63012341e-05,-0.00015696479,0.0335896066,0.00093862131,0.000951671455,0.00148534574,-7.55776393e-06,-2.57267112e-06,-8.93936325e-06,2064.61715,178.660322,-169.250851,-132.699378,1971.87199,-214.300008,-42.9922401,163.525998,2307.78434,700.0,149386.901068,4.979563369,-150.0,30000 3000,1e-06,2,0.0 0.0259,0.0 0.0,-1.0 0.0,0.00054857 28.0,30000,1000,0,0.0,0.0 0.0 0.0,1000 1000000 0,0,0.0,0,100,0,,50,,1,,,10,1.0,10.0,0.1,True,{},,,False,3,mixed,250,300,True,Ar_Aubin,,False,uniform,Argon_Aubin_Model3-test/50Td,3.0000000000000005e+21,1.0248980000000003e+24,3.1258928331404653e-19,1.362332866324944e-13,1.3621171797194577e-13,0.0,0.0,0.0,0.0,0.0,0.0,0.0,0.0,0.0,0.0,0.0,0.0,6.251785666280932e-19,0.0,0.0,0.0,0.0,6.251785666280932e-19,0.0,1.5629464165702332e-18,9.3776784994214e-19,3.125892833140466e-19,3.125892833140466e-19,5.314017816338792e-18,5.314017816338792e-18,4.6888392497107e-18,0.0,3.125892833140466e-19,0.0,3.125892833140466e-19,9.3776784994214e-19,3.125892833140466e-19,2033.2774562209072,2064.68415917405,2026.8279940269995,1972.3091275222628,654.1367312726967,586.4883087436599,-41.82446185824786,-152.0996175962591,57974.19075323393,1.1594838150646789e+24,5.391869713965944e-24,6.0999101044991115e-24
2.84363e-07,156204.0,5.2068,3e+22,-2056.18,6731.61,46383.5,3.43379,3.50839,3.45891,-5.97722752e-05,-0.000103250826,0.0354376554,0.00109025453,0.00109919219,0.00166473402,-1.17594762e-05,-3.58723532e-06,-6.12140649e-06,1836.53101,-253.2154,78.266393,14.932628,1807.53941,-6.72180975,-131.707365,345.374401,2093.57856,800.0,156204.078357,5.206802612,-150.0,30000 3000,1e-06,2,0.0 0.0259,0.0 0.0,-1.0 0.0,0.00054857 28.0,30000,1000,0,0.0,0.0 0.0 0.0,1000 1000000 0,0,0.0,0,100,0,,50,,1,,,10,1.0,10.0,0.1,True,{},,,False,3,mixed,250,300,True,Ar_Aubin,,False,uniform,Argon_Aubin_Model3-test/50Td,3.0000000000000005e+21,9.276700000000002e+23,3.1258928331404653e-19,1.4643713860771482e-13,1.4640150342941705e-13,0.0,0.0,0.0,0.0,0.0,9.3776784994214e-19,0.0,3.125892833140466e-19,0.0,3.125892833140466e-19,0.0,0.0,3.125892833140466e-19,3.125892833140466e-19,0.0,3.125892833140466e-19,6.251785666280932e-19,3.125892833140466e-19,0.0,1.5629464165702332e-18,9.3776784994214e-19,6.251785666280932e-19,3.125892833140466e-19,1.3441339182504003e-17,6.8769642329090255e-18,5.314017816338792e-18,3.125892833140466e-19,0.0,6.251785666280932e-19,6.251785666280932e-19,1.2503571332561863e-18,3.125892833140466e-19,2132.9196612601695,1836.4081074431792,2075.299647946429,1808.23445429281,728.9625562465856,449.8560707541001,65.35217675212743,22.19767360711117,51991.2224929244,1.039824449858488e+24,6.0123472448948e-24,6.739234497483945e-24
3.19908e-07,162076.0,5.40255,3e+22,-3005.91,5828.38,45499.9,3.60029,3.61622,3.57657,-4.63506679e-05,3.05931093e-05,0.0372251121,0.001236377,0.00123693575,0.00184615862,-1.55524411e-05,-2.59070485e-06,-6.79978712e-09,1789.71171,-202.816646,-143.149977,-5.83691137,1858.44928,-174.783546,-73.8435904,454.356179,2346.11602,900.0,162076.353629,5.402545121,-150.0,30000 3000,1e-06,2,0.0 0.0259,0.0 0.0,-1.0 0.0,0.00054857 28.0,30000,1000,0,0.0,0.0 0.0 0.0,1000 1000000 0,0,0.0,0,100,0,,50,,1,,,10,1.0,10.0,0.1,True,{},,,False,3,mixed,250,300,True,Ar_Aubin,,False,uniform,Argon_Aubin_Model3-test/50Td,3.0000000000000005e+21,9.099980000000002e+23,6.251785666280931e-19,1.5532530228946642e-13,1.55273099879153e-13,0.0,3.125892833140466e-19,3.125892833140466e-19,0.0,0.0,0.0,3.125892833140466e-19,0.0,0.0,9.3776784994214e-19,6.251785666280932e-19,0.0,9.3776784994214e-19,0.0,0.0,0.0,3.125892833140466e-19,6.251785666280932e-19,6.251785666280932e-19,1.2503571332561863e-18,2.1881249831983263e-18,2.1881249831983263e-18,1.87553569988428e-18,1.8130178432214703e-17,6.251785666280933e-18,1.0940624915991631e-17,0.0,0.0,0.0,0.0,3.75107139976856e-18,6.251785666280932e-19,2055.4543533124956,1789.5723840638527,1937.7090255663625,1858.2709717336181,725.0312191110896,652.3771419612099,16.9853198297334,-102.9892799331058,50286.58279271023,1.0057316558542048e+24,1.2432313589594754e-23,1.374021847582287e-23
3.55454e-07,166545.0,5.55149,3e+22,-711.716,-8025.09,48579.2,3.68988,3.70026,3.69905,-4.28600373e-05,-7.25817283e-05,0.0390225253,0.00137590926,0.00138486711,0.00204421858,-1.58818382e-05,-3.54473263e-06,-7.95150363e-06,1917.12106,-41.7990792,20.8903924,7.36729335,1850.69884,97.4140491,110.233152,-530.771165,2598.5015,1000.0,166544.646789,5.551488226,-150.0,30000 3000,1e-06,2,0.0 0.0259,0.0 0.0,-1.0 0.0,0.00054857 28.0,30000,1000,0,0.0,0.0 0.0 0.0,1000 1000000 0,0,0.0,0,100,0,,50,,1,,,10,1.0,10.0,0.1,True,{},,,False,3,mixed,250,300,True,Ar_Aubin,,False,uniform,Argon_Aubin_Model3-test/50Td,3.0000000000000005e+21,9.715840000000002e+23,1.2503571332561861e-18,1.6332696276373938e-13,1.6323818740727823e-13,0.0,3.125892833140466e-19,3.125892833140466e-19,0.0,6.251785666280932e-19,0.0,1.5629464165702332e-18,3.125892833140466e-19,0.0,3.125892833140466e-19,3.125892833140466e-19,3.125892833140466e-19,1.5629464165702332e-18,9.3776784994214e-19,3.125892833140466e-19,0.0,3.125892833140466e-19,2.1881249831983263e-18,9.3776784994214e-19,5.314017816338792e-18,1.87553569988428e-18,9.3776784994214e-19,3.4384821164545128e-18,2.469455338180968e-17,1.8130178432214703e-17,1.656723201564447e-17,0.0,9.3776784994214e-19,9.3776784994214e-19,0.0,4.3762499663966525e-18,1.2503571332561863e-18,1962.7373922028921,1917.090555825693,2080.81816256187,1850.116365098037,858.2186452878013,702.8184389462399,-28.327988954665805,160.978606340419,50566.68936064865,1.0113337872129732e+24,2.472689331782165e-23,2.5738528696565325e-23
3.90999e-07,170698.0,5.68995,3e+22,4099.3,-2980.4,46685.3,3.76175,3.80768,3.79792,-0.000150918124,-0.000169891159,0.0408226221,0.00152262327,0.0015276777,0.00225021146,-1.59995914e-05,-6.33082125e-06,-1.06964877e-05,1889.5446,210.302431,-227.597457,248.789846,1883.04787,259.166895,339.753639,-172.706994,2700.40534,1100.0,170698.392963,5.689946432,-150.0,30000 3000,1e-06,2,0.0 0.0259,0.0 0.0,-1.0 0.0,0.00054857 28.0,30000,1000,0,0.0,0.0 0.0 0.0,1000 1000000 0,0,0.0,0,100,0,,50,,1,,,10,1.0,10.0,0.1,True,{},,,False,3,mixed,250,300,True,Ar_Aubin,,False,uniform,Argon_Aubin_Model3-test/50Td,3.0000000000000005e+21,9.337060000000003e+23,2.1881249831983263e-18,1.692442778968743e-13,1.6914800039761359e-13,3.125892833140466e-19,0.0,0.0,0.0,0.0,6.251785666280932e-19,6.251785666280932e-19,3.125892833140466e-19,3.125892833140466e-19,0.0,3.125892833140466e-19,1.2503571332561863e-18,1.87553569988428e-18,1.87553569988428e-18,0.0,0.0,3.125892833140466e-19,1.87553569988428e-18,0.0,4.063660683082606e-18,3.1258928331404664e-18,2.5007142665123726e-18,3.1258928331404664e-18,2.813303549826419e-17,1.5316874882388284e-17,1.938053556547089e-17,3.125892833140466e-19,3.125892833140466e-19,9.3776784994214e-19,9.3776784994214e-19,6.251785666280933e-18,2.1881249831983263e-18,2063.4606827134567,1890.163258665713,2008.5158009387565,1882.5415263897164,875.8360529032184,794.5889804748699,47.890248363916186,-48.14233488015276,50642.18717471172,1.0128437434942345e+24,4.320755293702976e-23,4.6869678104206806e-23
4.26544e-07,173295.0,5.77651,3e+22,667.869,-802.115,38030.4,3.86297,3.84548,3.83632,-0.000147098306,-0.00018540464,0.0424844134,0.00167052898,0.00166186127,0.00245534146,-1.65250768e-05,-2.66393077e-06,-9.73356363e-06,1779.2567,37.1295524,71.2569277,254.62666,2121.49095,143.16359,338.995663,50.7164546,2578.8961,1200.0,173295.157474,5.776505249,-150.0,30000 3000,1e-06,2,0.0 0.0259,0.0 0.0,-1.0 0.0,0.00054857 28.0,30000,1000,0,0.0,0.0 0.0 0.0,1000 1000000 0,0,0.0,0,100,0,,50,,1,,,10,1.0,10.0,0.1,True,{},,,False,3,mixed,250,300,True,Ar_Aubin,,False,uniform,Argon_Aubin_Model3-test/50Td,3.0000000000000005e+21,7.606080000000001e+23,3.751071399768559e-18,1.7412379660940655e-13,1.7400470009246392e-13,3.125892833140466e-19,3.125892833140466e-19,3.125892833140466e-19,0.0,0.0,6.251785666280932e-19,0.0,6.251785666280932e-19,0.0,3.125892833140466e-19,0.0,3.125892833140466e-19,2.8133035498264193e-18,1.87553569988428e-18,6.251785666280932e-19,0.0,9.3776784994214e-19,2.8133035498264193e-18,9.3776784994214e-19,3.4384821164545128e-18,4.063660683082606e-18,3.75107139976856e-18,3.75107139976856e-18,3.7823303280999636e-17,1.6879821298958518e-17,2.0630892698727074e-17,0.0,1.2503571332561863e-18,9.3776784994214e-19,6.251785666280932e-19,9.3776784994214e-18,3.75107139976856e-18,2080.534307794027,1779.3549423985298,1887.418036164631,2121.3422341571863,938.1114458876392,963.19686463264,105.6508627966139,387.4727754234578,46751.23363360659,9.350246726721321e+23,8.023470416130675e-23,9.86334984583007e-23
4.6209e-07,175265.0,5.84216,3e+22,-976.42,-9204.52,36027.4,3.88007,3.88782,3.90857,-0.000200962677,-0.000224821434,0.0440765649,0.00181578213,0.00180461043,0.00266019763,-1.10173472e-05,-5.74251327e-06,-1.01171868e-05,2112.42926,40.4126986,-52.9325904,279.207226,2178.09351,-126.413955,-172.572078,-422.552614,2364.94202,1300.0,175264.864513,5.84216215,-150.0,30000 3000,1e-06,2,0.0 0.0259,0.0 0.0,-1.0 0.0,0.00054857 28.0,30000,1000,0,0.0,0.0 0.0 0.0,1000 1000000 0,0,0.0,0,100,0,,50,,1,,,10,1.0,10.0,0.1,True,{},,,False,3,mixed,250,300,True,Ar_Aubin,,False,uniform,Argon_Aubin_Model3-test/50Td,3.0000000000000005e+21,7.205480000000002e+23,3.4384821164545124e-18,1.7740567149492073e-13,1.7727907283517854e-13,3.125892833140466e-19,0.0,3.125892833140466e-19,0.0,3.125892833140466e-19,6.251785666280932e-19,6.251785666280932e-19,0.0,0.0,3.125892833140466e-19,6.251785666280932e-19,3.125892833140466e-19,4.063660683082606e-18,1.5629464165702332e-18,0.0,9.3776784994214e-19,3.125892833140466e-19,3.75107139976856e-18,1.5629464165702332e-18,5.001428533024745e-18,4.3762499663966525e-18,2.1881249831983263e-18,4.3762499663966525e-18,3.500999973117322e-17,2.1881249831983262e-17,2.094348198204112e-17,0.0,1.5629464165702332e-18,2.1881249831983263e-18,0.0,1.000285706604949e-17,3.4384821164545128e-18,2042.9422923090042,2112.2330360229234,2007.7561400820882,2176.0241366143186,942.9909152546804,776.97798572174,-13.228807870370352,-175.22726615099222,44792.05466811457,8.958410933622915e+23,7.676544739757633e-23,9.544075110761566e-23
4.97635e-07,177304.0,5.91013,3e+22,3131.97,-5229.03,39530.3,3.93511,3.89888,3.97719,-0.000186388618,-0.000297888582,0.0456957379,0.00196313317,0.00195074445,0.00287864747,-1.45092548e-05,-9.01802298e-06,-1.2768364e-05,1882.22225,146.42634,-18.2405336,247.238945,1737.2042,50.1310607,76.7667971,-75.3662748,2626.05859,1400.0,177303.973578,5.910132453,-150.0,30000 3000,1e-06,2,0.0 0.0259,0.0 0.0,-1.0 0.0,0.00054857 28.0,30000,1000,0,0.0,0.0 0.0 0.0,1000 1000000 0,0,0.0,0,100,0,,50,,1,,,10,1.0,10.0,0.1,True,{},,,False,3,mixed,250,300,True,Ar_Aubin,,False,uniform,Argon_Aubin_Model3-test/50Td,3.0000000000000005e+21,7.906060000000003e+23,3.1258928331404657e-18,1.7995483710034678e-13,1.7982605031562142e-13,3.125892833140466e-19,6.251785666280932e-19,6.251785666280932e-19,0.0,0.0,0.0,0.0,9.3776784994214e-19,0.0,3.125892833140466e-19,3.125892833140466e-19,0.0,3.1258928331404664e-18,1.2503571332561863e-18,0.0,0.0,1.5629464165702332e-18,3.4384821164545128e-18,1.5629464165702332e-18,3.1258928331404664e-18,4.6888392497107e-18,3.1258928331404664e-18,2.1881249831983263e-18,4.15743746807682e-17,2.125607126535517e-17,2.375678553186754e-17,0.0,1.2503571332561863e-18,1.2503571332561863e-18,9.3776784994214e-19,8.439910649479259e-18,3.1258928331404664e-18,2072.795428953211,1882.8060135599176,2055.059544552884,1735.6465316680644,1028.1632948062947,819.69236209163,-101.73155315728664,-77.22341874453758,45552.251486830966,9.110450297366195e+23,6.862213680138627e-23,7.907586922286108e-23
5.33181e-07,178305.0,5.9435,3e+22,8559.11,4497.1,35469.5,3.97753,3.92525,3.97652,-0.000211346539,-0.0003427799,0.0472668459,0.00210029589,0.00209145141,0.00309582011,-2.47552415e-05,-7.51721035e-06,-9.42685635e-06,2094.74993,-262.216804,-79.3344136,-334.661708,1811.63347,21.7693382,486.164308,170.541512,2625.91898,1500.0,178304.875859,5.943495862,-150.0,30000 3000,1e-06,2,0.0 0.0259,0.0 0.0,-1.0 0.0,0.00054857 28.0,30000,1000,0,0.0,0.0 0.0 0.0,1000 1000000 0,0,0.0,0,100,0,,50,,1,,,10,1.0,10.0,0.1,True,{},,,False,3,mixed,250,300,True,Ar_Aubin,,False,uniform,Argon_Aubin_Model3-test/50Td,3.0000000000000005e+21,7.093900000000001e+23,4.688839249710699e-18,1.8240928815292868e-13,1.8226143342192114e-13,6.251785666280932e-19,1.2503571332561863e-18,0.0,0.0,0.0,9.3776784994214e-19,1.2503571332561863e-18,1.2503571332561863e-18,3.125892833140466e-19,0.0,1.2503571332561863e-18,3.125892833140466e-19,5.626607099652839e-18,1.87553569988428e-18,3.125892833140466e-19,6.251785666280932e-19,6.251785666280932e-19,4.3762499663966525e-18,1.5629464165702332e-18,5.001428533024745e-18,4.063660683082606e-18,2.5007142665123726e-18,3.4384821164545128e-18,4.094919611414011e-17,2.125607126535517e-17,2.813303549826419e-17,0.0,1.2503571332561863e-18,1.5629464165702332e-18,0.0,1.281616061587591e-17,4.6888392497107e-18,1929.2622021045345,2096.55886827542,1978.8523908500385,1813.17498548829,1000.3879670948924,949.3875893499498,83.64884020830031,9.764117053911491,44200.0371356069,8.840007427121382e+23,1.060822468389611e-22,1.3219355360833108e-22
5.68726e-07,179556.0,5.98521,3e+22,714.293,-5889.22,41792.9,3.95534,4.00601,3.99896,-0.000236409129,-0.000407454398,0.0489122973,0.00224180018,0.00224441328,0.00332782003,-2.74962061e-05,-9.94648408e-06,-1.18829767e-05,1766.2924,-169.158341,-70.9843784,291.408366,1842.70647,388.674475,182.226711,-350.976835,2880.98572,1600.0,179556.418865,5.985213962,-150.0,30000 3000,1e-06,2,0.0 0.0259,0.0 0.0,-1.0 0.0,0.00054857 28.0,30000,1000,0,0.0,0.0 0.0 0.0,1000 1000000 0,0,0.0,0,100,0,,50,,1,,,10,1.0,10.0,0.1,True,{},,,False,3,mixed,250,300,True,Ar_Aubin,,False,uniform,Argon_Aubin_Model3-test/50Td,3.0000000000000005e+21,8.358580000000001e+23,4.688839249710699e-18,1.8384782403473993e-13,1.836977811787492e-13,1.2503571332561863e-18,6.251785666280932e-19,9.3776784994214e-19,0.0,0.0,3.125892833140466e-19,1.2503571332561863e-18,9.3776784994214e-19,0.0,0.0,9.3776784994214e-19,9.3776784994214e-19,3.75107139976856e-18,2.5007142665123726e-18,9.3776784994214e-19,3.125892833140466e-19,1.2503571332561863e-18,5.314017816338792e-18,1.5629464165702332e-18,4.3762499663966525e-18,3.1258928331404664e-18,3.4384821164545128e-18,4.6888392497107e-18,3.938624969756987e-17,2.563232123175182e-17,2.6257499798379917e-17,6.251785666280932e-19,1.87553569988428e-18,9.3776784994214e-19,3.125892833140466e-19,1.187839276593377e-17,4.6888392497107e-18,1990.314753572508,1766.4612653859808,2150.9583374134795,1840.3068814102105,1037.2905378861885,836.7989701708302,-24.07187479474948,86.1848441120752,46291.542646868445,9.25830852937369e+23,1.0128932806320923e-22,1.1219224436951488e-22
6.04271e-07,180686.0,6.02286,3e+22,7250.27,5511.89,38689.7,3.99744,4.0517,3.9876,-0.00012745121,-0.000508441763,0.0505682063,0.00237538812,0.00237962376,0.0035729268,-2.85186981e-05,-4.35554406e-06,-2.08615266e-05,1908.48294,159.617348,-91.5170856,75.8480098,1657.55071,-304.616643,489.200721,253.449118,2869.43128,1700.0,180685.695856,6.022856529,-150.0,30000 3000,1e-06,2,0.0 0.0259,0.0 0.0,-1.0 0.0,0.00054857 28.0,30000,1000,0,0.0,0.0 0.0 0.0,1000 1000000 0,0,0.0,0,100,0,,50,,1,,,10,1.0,10.0,0.1,True,{},,,False,3,mixed,250,300,True,Ar_Aubin,,False,uniform,Argon_Aubin_Model3-test/50Td,3.0000000000000005e+21,7.737940000000002e+23,4.688839249710699e-18,1.8537794857656216e-13,1.852241546491717e-13,2.1881249831983263e-18,3.125892833140466e-19,6.251785666280932e-19,0.0,0.0,1.87553569988428e-18,1.5629464165702332e-18,9.3776784994214e-19,0.0,1.2503571332561863e-18,3.125892833140466e-19,3.125892833140466e-19,3.4384821164545128e-18,6.251785666280932e-19,3.125892833140466e-19,3.125892833140466e-19,9.3776784994214e-19,4.6888392497107e-18,6.251785666280932e-19,3.4384821164545128e-18,8.752499932793305e-18,3.75107139976856e-18,2.5007142665123726e-18,3.969883898088392e-17,2.7507856931636102e-17,2.6257499798379917e-17,3.125892833140466e-19,2.1881249831983263e-18,1.87553569988428e-18,1.87553569988428e-18,1.0628035632677585e-17,4.6888392497107e-18,1879.6748027219282,1909.4069956843268,1900.6395491411972,1660.353185069062,1130.6119605381748,912.9625487148899,13.295827262671748,35.98153538883594,46585.74667889527,9.317149335779056e+23,1.0064965325187934e-22,1.2119089188364601e-22
6.39817e-07,181186.0,6.03952,3e+22,10969.0,-3846.75,45343.7,4.01084,4.04863,4.0071,-4.89193029e-05,-0.00041306344,0.052101397,0.00251226775,0.00252935634,0.00380752673,-2.30662622e-05,1.73132245e-07,-1.77262774e-05,1459.32943,90.2621993,-484.832764,-169.994846,1899.20175,-87.3201371,761.43544,-451.098189,3462.29398,1800.0,181185.54572,6.039518191,-150.0,30000 3000,1e-06,2,0.0 0.0259,0.0 0.0,-1.0 0.0,0.00054857 28.0,30000,1000,0,0.0,0.0 0.0 0.0,1000 1000000 0,0,0.0,0,100,0,,50,,1,,,10,1.0,10.0,0.1,True,{},,,False,3,mixed,250,300,True,Ar_Aubin,,False,uniform,Argon_Aubin_Model3-test/50Td,3.0000000000000005e+21,9.068740000000002e+23,5.0014285330247444e-18,1.8662768053125172e-13,1.8647232365744468e-13,6.251785666280932e-19,0.0,3.125892833140466e-19,0.0,3.125892833140466e-19,0.0,1.5629464165702332e-18,6.251785666280932e-19,9.3776784994214e-19,3.125892833140466e-19,9.3776784994214e-19,1.5629464165702332e-18,3.4384821164545128e-18,2.8133035498264193e-18,3.125892833140466e-19,6.251785666280932e-19,1.2503571332561863e-18,3.75107139976856e-18,9.3776784994214e-19,4.063660683082606e-18,5.939196382966885e-18,2.1881249831983263e-18,5.314017816338792e-18,4.251214253071034e-17,2.3131606965239447e-17,2.6882678365008006e-17,0.0,3.4384821164545128e-18,1.2503571332561863e-18,6.251785666280932e-19,1.469169631576019e-17,5.001428533024745e-18,1925.614576186149,1459.86602583351,2107.4523232387014,1897.61279821218,1085.7642486475152,1099.8238648511,17.79305468194276,-292.67936549809326,43133.3083887085,8.626661677741702e+23,1.1595281511802664e-22,1.1030040629734108e-22
6.75362e-07,181016.0,6.03388,3e+22,1596.98,-2120.92,43014.1,3.99,4.02979,4.0374,-3.0422906e-05,-0.000463638043,0.0535902779,0.00264740276,0.00266292139,0.00404640639,-2.44272454e-05,3.71144829e-06,-1.95624862e-05,2088.72425,-277.124864,288.078914,21.75,2039.02544,79.5734522,52.6299118,-235.385498,3201.19051,1900.0,181016.333315,6.033877777,-150.0,30000 3000,1e-06,2,0.0 0.0259,0.0 0.0,-1.0 0.0,0.00054857 28.0,30000,1000,0,0.0,0.0 0.0 0.0,1000 1000000 0,0,0.0,0,100,0,,50,,1,,,10,1.0,10.0,0.1,True,{},,,False,3,mixed,250,300,True,Ar_Aubin,,False,uniform,Argon_Aubin_Model3-test/50Td,3.0000000000000005e+21,8.602820000000002e+23,4.3762499663966525e-18,1.872569227585629e-13,1.8708968749198993e-13,9.3776784994214e-19,0.0,0.0,0.0,0.0,6.251785666280932e-19,1.5629464165702332e-18,9.3776784994214e-19,3.125892833140466e-19,3.125892833140466e-19,3.125892833140466e-19,3.125892833140466e-19,7.189553516223072e-18,2.8133035498264193e-18,3.125892833140466e-19,1.5629464165702332e-18,6.251785666280932e-19,2.5007142665123726e-18,1.2503571332561863e-18,4.3762499663966525e-18,6.251785666280933e-18,2.5007142665123726e-18,4.063660683082606e-18,4.126178539745415e-17,3.032116048146252e-17,2.875821406489229e-17,3.125892833140466e-19,1.5629464165702332e-18,3.1258928331404664e-18,1.5629464165702332e-18,1.7192410582272562e-17,4.3762499663966525e-18,1900.899659941747,2088.772834772424,1878.1714535572542,2038.0421008018404,1146.6651655682738,896.0529373816103,73.70641519604297,256.4348377202326,41886.73921238743,8.377347842477487e+23,1.0447817253586635e-22,1.017398938114863e-22
7.10907e-07,181112.0,6.03706,3e+22,9985.68,-13436.0,38131.4,4.01076,4.04513,4.00838,4.91859343e-05,-0.000512453707,0.055251656,0.0027900334,0.00280674474,0.00431455561,-2.60021506e-05,9.39640145e-06,-2.59098668e-05,1601.96387,322.183803,331.679325,506.434166,2224.83686,-640.789524,752.34506,-906.838623,3113.33091,2000.0,181111.919498,6.037063983,-150.0,30000 3000,1e-06,2,0.0 0.0259,0.0 0.0,-1.0 0.0,0.00054857 28.0,30000,1000,0,0.0,0.0 0.0 0.0,1000 1000000 0,0,0.0,0,100,0,,50,,1,,,10,1.0,10.0,0.1,True,{},,,False,3,mixed,250,300,True,Ar_Aubin,,False,uniform,Argon_Aubin_Model3-test/50Td,3.0000000000000005e+21,7.626280000000002e+23,3.1258928331404657e-18,1.869268284753833e-13,1.8674552669106116e-13,9.3776784994214e-19,0.0,3.125892833140466e-19,0.0,3.125892833140466e-19,3.125892833140466e-19,1.87553569988428e-18,1.5629464165702332e-18,3.125892833140466e-19,9.3776784994214e-19,9.3776784994214e-19,9.3776784994214e-19,4.3762499663966525e-18,1.5629464165702332e-18,6.251785666280932e-19,6.251785666280932e-19,3.125892833140466e-19,5.626607099652839e-18,2.1881249831983263e-18,7.814732082851166e-18,5.626607099652839e-18,3.4384821164545128e-18,5.626607099652839e-18,4.970169604693341e-17,3.032116048146252e-17,3.21966961813468e-17,0.0,1.2503571332561863e-18,1.5629464165702332e-18,9.3776784994214e-19,1.5942053449016377e-17,3.1258928331404664e-18,2006.2954179313845,1601.4727149995792,2022.4234561026003,2217.9515319927477,1228.3110424540357,1006.5079144015999,37.613217208196346,530.423500178753,46739.609063338896,9.347921812667781e+23,6.687888272459513e-23,8.197687032578048e-23
7.46453e-07,181484.0,6.04947,3e+22,5893.61,-8611.83,37171.7,4.02189,4.00757,4.06101,8.65072385e-05,-0.000562889719,0.0569281819,0.00292448887,0.00294947983,0.00458447751,-2.31757289e-05,8.03098201e-06,-2.56507408e-05,1842.45184,127.241727,-7.52357964,-173.48541,1842.32233,278.569697,435.678951,-493.868009,3114.91836,2100.0,181484.167534,6.049472251,-150.0,30000 3000,1e-06,2,0.0 0.0259,0.0 0.0,-1.0 0.0,0.00054857 28.0,30000,1000,0,0.0,0.0 0.0 0.0,1000 1000000 0,0,0.0,0,100,0,,50,,1,,,10,1.0,10.0,0.1,True,{},,,False,3,mixed,250,300,True,Ar_Aubin,,False,uniform,Argon_Aubin_Model3-test/50Td,3.0000000000000005e+21,7.434340000000001e+23,5.939196382966884e-18,1.8730662445460985e-13,1.8713094927738736e-13,6.251785666280932e-19,9.3776784994214e-19,6.251785666280932e-19,0.0,1.2503571332561863e-18,6.251785666280932e-19,1.5629464165702332e-18,9.3776784994214e-19,3.125892833140466e-19,6.251785666280932e-19,9.3776784994214e-19,6.251785666280932e-19,5.939196382966885e-18,1.5629464165702332e-18,3.125892833140466e-19,3.125892833140466e-19,1.2503571332561863e-18,3.75107139976856e-18,2.5007142665123726e-18,5.314017816338792e-18,5.626607099652839e-18,5.001428533024745e-18,3.4384821164545128e-18,5.032687461356151e-17,3.313446403128894e-17,2.7507856931636102e-17,0.0,2.5007142665123726e-18,6.251785666280932e-19,1.5629464165702332e-18,1.000285706604949e-17,5.939196382966885e-18,1891.2490189141183,1841.942000074104,2007.0227647749355,1837.4748194312242,1151.3373925015446,998.8010608677705,-100.50568925972088,89.42724811499056,47165.762658459214,9.433152531691844e+23,1.2592177139113184e-22,1.59777367808491e-22
7.81998e-07,181999.0,6.06663,3e+22,7228.49,2198.0,31661.3,4.04131,4.0484,4.03751,0.000209224484,-0.000616864074,0.0586262251,0.0030672452,0.00309174009,0.00486207487,-2.10562041e-05,5.24020081e-06,-2.94722635e-05,1450.55114,-369.221053,-32.8245552,90.0969758,1580.75736,-291.015502,519.862524,455.835929,2667.22448,2200.0,181998.797817,6.066626594,-150.0,30000 3000,1e-06,2,0.0 0.0259,0.0 0.0,-1.0 0.0,0.00054857 28.0,30000,1000,0,0.0,0.0 0.0 0.0,1000 1000000 0,0,0.0,0,100,0,,50,,1,,,10,1.0,10.0,0.1,True,{},,,False,3,mixed,250,300,True,Ar_Aubin,,False,uniform,Argon_Aubin_Model3-test/50Td,3.0000000000000005e+21,6.332260000000001e+23,5.626607099652838e-18,1.8840850167829185e-13,1.8823532721533588e-13,6.251785666280932e-19,0.0,6.251785666280932e-19,0.0,0.0,3.125892833140466e-19,1.5629464165702332e-18,1.5629464165702332e-18,0.0,1.2503571332561863e-18,1.2503571332561863e-18,9.3776784994214e-19,4.063660683082606e-18,1.5629464165702332e-18,1.2503571332561863e-18,6.251785666280932e-19,1.5629464165702332e-18,4.063660683082606e-18,1.87553569988428e-18,6.564374949594979e-18,5.939196382966885e-18,3.4384821164545128e-18,6.564374949594979e-18,4.9076517480305316e-17,2.4381964098495633e-17,2.6882678365008006e-17,0.0,3.1258928331404664e-18,2.5007142665123726e-18,1.2503571332561863e-18,1.469169631576019e-17,5.626607099652839e-18,2007.5739563714083,1449.0387629096508,2000.210766371517,1582.113227234652,1144.7470694325891,811.04197924137,-285.04737846305477,56.63456777163185,47771.109623186094,9.554221924637221e+23,1.1778263356315086e-22,1.7771244704585214e-22
8.17544e-07,181884.0,6.06279,3e+22,7562.16,-941.276,38060.0,4.04054,4.05024,4.02624,0.000180295672,-0.000711207697,0.0602305146,0.00322027835,0.00323450011,0.00513836699,-2.25538792e-05,-2.84836926e-06,-4.12164127e-05,1763.32415,139.76453,-253.330932,95.5734067,1302.72936,-32.7430719,431.182435,56.5465126,3400.18681,2300.0,181883.697224,6.062789907,-150.0,30000 3000,1e-06,2,0.0 0.0259,0.0 0.0,-1.0 0.0,0.00054857 28.0,30000,1000,0,0.0,0.0 0.0 0.0,1000 1000000 0,0,0.0,0,100,0,,50,,1,,,10,1.0,10.0,0.1,True,{},,,False,3,mixed,250,300,True,Ar_Aubin,,False,uniform,Argon_Aubin_Model3-test/50Td,3.0000000000000005e+21,7.612000000000001e+23,5.0014285330247444e-18,1.8858073837339788e-13,1.8840131212477566e-13,6.251785666280932e-19,0.0,0.0,0.0,0.0,9.3776784994214e-19,9.3776784994214e-19,9.3776784994214e-19,6.251785666280932e-19,6.251785666280932e-19,1.5629464165702332e-18,6.251785666280932e-19,4.6888392497107e-18,1.5629464165702332e-18,3.125892833140466e-19,3.125892833140466e-19,1.2503571332561863e-18,5.626607099652839e-18,1.2503571332561863e-18,5.939196382966885e-18,5.314017816338792e-18,3.75107139976856e-18,6.564374949594979e-18,4.688839249710699e-17,2.938339263152038e-17,3.250928546466085e-17,0.0,4.063660683082606e-18,2.8133035498264193e-18,9.3776784994214e-19,1.4379107032446144e-17,5.001428533024745e-18,2152.8020272013073,1761.9607252810283,2006.373889413533,1302.0599172637988,1204.255691243539,1107.8134243240002,-187.98014593442363,-284.483338563856,45133.53345299255,9.026706690598511e+23,1.1081402563426215e-22,1.3140905236533748e-22
8.53089e-07,181683.0,6.0561,3e+22,-7565.27,-3023.08,39992.3,3.99781,4.06159,4.04332,0.000151072559,-0.000718201084,0.0618673786,0.00336079554,0.00335667747,0.00542695504,-1.41336179e-05,-3.15287191e-06,-4.19181459e-05,2186.40932,45.771183,98.1343679,-74.1166882,2257.30246,-495.977515,-746.159533,-13.1086033,3539.9883,2400.0,181682.863947,6.056095465,-150.0,30000 3000,1e-06,2,0.0 0.0259,0.0 0.0,-1.0 0.0,0.00054857 28.0,30000,1000,0,0.0,0.0 0.0 0.0,1000 1000000 0,0,0.0,0,100,0,,50,,1,,,10,1.0,10.0,0.1,True,{},,,False,3,mixed,250,300,True,Ar_Aubin,,False,uniform,Argon_Aubin_Model3-test/50Td,3.0000000000000005e+21,7.998460000000002e+23,4.3762499663966525e-18,1.8820969489410412e-13,1.880240168598156e-13,9.3776784994214e-19,9.3776784994214e-19,9.3776784994214e-19,0.0,0.0,3.125892833140466e-19,3.125892833140466e-19,1.2503571332561863e-18,9.3776784994214e-19,3.125892833140466e-19,1.2503571332561863e-18,9.3776784994214e-19,6.251785666280933e-18,2.1881249831983263e-18,1.2503571332561863e-18,9.3776784994214e-19,1.5629464165702332e-18,2.8133035498264193e-18,2.5007142665123726e-18,8.127321366165212e-18,4.6888392497107e-18,4.6888392497107e-18,4.6888392497107e-18,4.6263213930478895e-17,2.875821406489229e-17,3.938624969756987e-17,3.125892833140466e-19,1.5629464165702332e-18,2.8133035498264193e-18,2.1881249831983263e-18,1.2190982049247816e-17,4.3762499663966525e-18,1976.7237618828242,2187.552224698426,1718.4693883204775,2255.131280666981,1248.1278047943617,1065.7695348152197,33.994138509876755,-186.0234809000736,46049.95301783077,9.209990603566156e+23,9.503266951656057e-23,1.094273139178455e-22
8.88634e-07,182075.0,6.06915,3e+22,5957.82,7620.7,48551.1,4.06745,4.03306,4.02386,0.000253988397,-0.000674472933,0.0636102541,0.00351658064,0.00350135973,0.00573945409,-1.40529856e-05,1.36126616e-05,-4.08609435e-05,1922.4539,-217.704356,597.420326,415.664754,1724.35645,463.154856,431.554594,372.293991,4177.27037,2500.0,182074.522535,6.069150751,-150.0,30000 3000,1e-06,2,0.0 0.0259,0.0 0.0,-1.0 0.0,0.00054857 28.0,30000,1000,0,0.0,0.0 0.0 0.0,1000 1000000 0,0,0.0,0,100,0,,50,,1,,,10,1.0,10.0,0.1,True,{},,,False,3,mixed,250,300,True,Ar_Aubin,,False,uniform,Argon_Aubin_Model3-test/50Td,3.0000000000000005e+21,9.710220000000001e+23,6.876964232909025e-18,1.881715590015398e-13,1.8798931944936775e-13,6.251785666280932e-19,3.125892833140466e-19,9.3776784994214e-19,0.0,3.125892833140466e-19,1.2503571332561863e-18,3.125892833140466e-19,1.2503571332561863e-18,6.251785666280932e-19,6.251785666280932e-19,3.125892833140466e-19,9.3776784994214e-19,3.4384821164545128e-18,2.1881249831983263e-18,3.125892833140466e-19,6.251785666280932e-19,9.3776784994214e-19,4.6888392497107e-18,6.251785666280932e-19,5.626607099652839e-18,3.75107139976856e-18,4.6888392497107e-18,5.626607099652839e-18,5.814160669641266e-17,2.6882678365008006e-17,2.969598191483443e-17,0.0,1.87553569988428e-18,2.8133035498264193e-18,9.3776784994214e-19,1.500428559907424e-17,6.8769642329090255e-18,2190.767480634232,1920.9406828485855,2036.0322159788484,1729.496405880513,1319.5400553823029,1088.9225621654905,280.08491231220245,637.6650598563515,49032.37831055489,9.806475662110979e+23,1.4025353184690747e-22,1.4164383984933453e-22
9.2418e-07,181972.0,6.06573,3e+22,1029.2,5273.38,40138.6,4.02145,4.06349,4.03719,0.000339358569,-0.000607640834,0.0653057166,0.00367170286,0.00364623677,0.00604265813,-6.37199684e-06,2.22837983e-05,-4.34909561e-05,2469.17642,-167.365947,216.293989,-66.7613458,2279.56847,-69.6548318,-186.073854,579.832628,3565.69317,2600.0,181971.778918,6.065725964,-150.0,30000 3000,1e-06,2,0.0 0.0259,0.0 0.0,-1.0 0.0,0.00054857 28.0,30000,1000,0,0.0,0.0 0.0 0.0,1000 1000000 0,0,0.0,0,100,0,,50,,1,,,10,1.0,10.0,0.1,True,{},,,False,3,mixed,250,300,True,Ar_Aubin,,False,uniform,Argon_Aubin_Model3-test/50Td,3.0000000000000005e+21,8.027720000000001e+23,9.377678499421398e-18,1.881315475732756e-13,1.8794493177113714e-13,1.5629464165702332e-18,0.0,1.87553569988428e-18,0.0,3.125892833140466e-19,1.2503571332561863e-18,1.87553569988428e-18,1.2503571332561863e-18,0.0,1.5629464165702332e-18,3.125892833140466e-19,3.125892833140466e-19,6.8769642329090255e-18,2.5007142665123726e-18,9.3776784994214e-19,3.125892833140466e-19,1.87553569988428e-18,3.4384821164545128e-18,1.5629464165702332e-18,7.50214279953712e-18,5.001428533024745e-18,3.1258928331404664e-18,4.6888392497107e-18,5.001428533024746e-17,2.500714266512373e-17,3.032116048146252e-17,0.0,1.87553569988428e-18,2.8133035498264193e-18,1.5629464165702332e-18,1.750499986558661e-17,9.3776784994214e-18,2181.3169336602873,2468.827152160785,2039.120763224014,2282.7727910211993,1190.4753642813318,944.4131336792402,74.98434786853251,-50.61388638238339,47698.5066984756,9.539701339695121e+23,1.9660318841220873e-22,2.3363242612899796e-22
9.59725e-07,182290.0,6.07632,3e+22,1286.51,6719.97,48180.6,4.05824,4.04532,4.03562,0.000380952139,-0.000559655876,0.0669875152,0.00380727507,0.00378412172,0.0063501938,-5.4861729e-06,3.03923153e-05,-3.54312143e-05,1691.62008,69.8354203,71.4622817,-156.827562,2012.36665,-146.322459,202.318549,513.523008,4360.54611,2700.0,182289.629586,6.076320986,-150.0,30000 3000,1e-06,2,0.0 0.0259,0.0 0.0,-1.0 0.0,0.00054857 28.0,30000,1000,0,0.0,0.0 0.0 0.0,1000 1000000 0,0,0.0,0,100,0,,50,,1,,,10,1.0,10.0,0.1,True,{},,,False,3,mixed,250,300,True,Ar_Aubin,,False,uniform,Argon_Aubin_Model3-test/50Td,3.0000000000000005e+21,9.636120000000002e+23,5.626607099652838e-18,1.8808278364507863e-13,1.8790460775358966e-13,3.125892833140466e-19,3.125892833140466e-19,0.0,0.0,3.125892833140466e-19,3.125892833140466e-19,6.251785666280932e-19,9.3776784994214e-19,3.125892833140466e-19,3.125892833140466e-19,6.251785666280932e-19,1.2503571332561863e-18,6.251785666280933e-18,1.5629464165702332e-18,6.251785666280932e-19,1.2503571332561863e-18,2.5007142665123726e-18,5.001428533024745e-18,1.2503571332561863e-18,7.50214279953712e-18,6.564374949594979e-18,2.8133035498264193e-18,4.063660683082606e-18,5.0639463896875546e-17,2.7507856931636102e-17,3.407223188123108e-17,0.0,1.87553569988428e-18,1.2503571332561863e-18,6.251785666280932e-19,1.187839276593377e-17,5.626607099652839e-18,1906.6074612487814,1691.129981263655,1940.3489999212636,2016.1275206970436,1196.288380061604,1133.0474351548805,133.6750840097602,169.2462198917446,47314.099714731194,9.46281994294624e+23,1.189203035369391e-22,1.167815905084793e-22
9.9527e-07,182174.0,6.07247,3e+22,-324.423,9142.05,40235.0,4.03468,4.0944,4.00617,0.000369976637,-0.000585746271,0.0685803229,0.00395708337,0.00391533872,0.006640983,-1.09528669e-05,2.98178677e-05,-4.15578852e-05,1954.61355,-323.357081,137.764289,-1.2263232,1977.78711,-76.582217,489.481683,701.309104,3770.23777,2800.0,182173.980288,6.07246601,-150.0,30000 3000,1e-06,2,0.0 0.0259,0.0 0.0,-1.0 0.0,0.00054857 28.0,30000,1000,0,0.0,0.0 0.0 0.0,1000 1000000 0,0,0.0,0,100,0,,50,,1,,,10,1.0,10.0,0.1,True,{},,,False,3,mixed,250,300,True,Ar_Aubin,,False,uniform,Argon_Aubin_Model3-test/50Td,3.0000000000000005e+21,8.047000000000002e+23,5.3140178163387916e-18,1.8850727989181908e-13,1.8832941658961342e-13,6.251785666280932e-19,6.251785666280932e-19,0.0,0.0,3.125892833140466e-19,1.87553569988428e-18,1.5629464165702332e-18,6.251785666280932e-19,0.0,1.2503571332561863e-18,9.3776784994214e-19,1.5629464165702332e-18,6.8769642329090255e-18,3.1258928331404664e-18,9.3776784994214e-19,9.3776784994214e-19,1.87553569988428e-18,4.3762499663966525e-18,6.251785666280932e-19,5.626607099652839e-18,4.6888392497107e-18,5.626607099652839e-18,6.251785666280933e-18,4.5325446080536754e-17,2.938339263152038e-17,3.032116048146252e-17,0.0,1.87553569988428e-18,1.2503571332561863e-18,1.87553569988428e-18,1.2190982049247816e-17,5.314017816338792e-18,2107.3970446286103,1954.7335789305055,1845.3458957495302,1983.1420316967956,1052.9590833408283,1010.9084781185002,-12.055783003738291,634.6089961064916,44810.51556600865,8.962103113201732e+23,1.185886336994029e-22,1.3207450767587404e-22
1.03082e-06,182782.0,6.09273,3e+22,6208.06,-7134.33,50172.7,4.05401,4.05441,4.06222,0.000464793652,-0.000667776198,0.0702509859,0.00409792982,0.00405503477,0.00695949515,-1.06551645e-05,4.1353966e-05,-4.77314339e-05,2264.69773,-424.595898,69.4598139,-243.390158,2479.74147,-493.620409,551.526095,-331.815611,4321.94931,2900.0,182781.817525,6.092727251,-150.0,30000 3000,1e-06,2,0.0 0.0259,0.0 0.0,-1.0 0.0,0.00054857 28.0,30000,1000,0,0.0,0.0 0.0 0.0,1000 1000000 0,0,0.0,0,100,0,,50,,1,,,10,1.0,10.0,0.1,True,{},,,False,3,mixed,250,300,True,Ar_Aubin,,False,uniform,Argon_Aubin_Model3-test/50Td,3.0000000000000005e+21,1.0034540000000001e+24,6.251785666280931e-18,1.8916059149394547e-13,1.8899241845952253e-13,2.1881249831983263e-18,9.3776784994214e-19,0.0,0.0,0.0,6.251785666280932e-19,1.5629464165702332e-18,2.5007142665123726e-18,0.0,9.3776784994214e-19,6.251785666280932e-19,6.251785666280932e-19,5.314017816338792e-18,1.5629464165702332e-18,3.125892833140466e-19,0.0,3.125892833140466e-19,4.063660683082606e-18,1.2503571332561863e-18,5.314017816338792e-18,6.251785666280933e-18,4.3762499663966525e-18,4.3762499663966525e-18,4.845133891367722e-17,2.7195267648322054e-17,2.657008908169396e-17,3.125892833140466e-19,1.5629464165702332e-18,1.2503571332561863e-18,9.3776784994214e-19,1.2503571332561866e-17,6.251785666280933e-18,1980.105717940805,2261.812263120765,1963.590558038113,2474.977334237323,1217.7640305956186,797.2676697350707,119.76242320678854,161.54362090994567,47000.82148463624,9.40016429692725e+23,1.3301439142557398e-22,1.2460532652779165e-22
1.06636e-06,182415.0,6.0805,3e+22,-2195.5,-5390.79,49818.4,4.06424,4.03385,4.0486,0.000433420591,-0.000719394545,0.0719385533,0.00422905977,0.00419644178,0.00728321216,-1.15300721e-05,3.82254191e-05,-5.34087094e-05,1916.84534,83.3444491,382.350845,614.610214,1396.48766,-199.940305,-221.009083,-484.549258,4675.92021,3000.0,182414.924764,6.080497492,-150.0,30000 3000,1e-06,2,0.0 0.0259,0.0 0.0,-1.0 0.0,0.00054857 28.0,30000,1000,0,0.0,0.0 0.0 0.0,1000 1000000 0,0,0.0,0,100,0,,50,,1,,,10,1.0,10.0,0.1,True,{},,,False,3,mixed,250,300,True,Ar_Aubin,,False,uniform,Argon_Aubin_Model3-test/50Td,3.0000000000000005e+21,9.963680000000003e+23,7.189553516223072e-18,1.8920935542214245e-13,1.8901492488792113e-13,9.3776784994214e-19,3.125892833140466e-19,3.125892833140466e-19,0.0,0.0,1.5629464165702332e-18,9.3776784994214e-19,1.2503571332561863e-18,3.125892833140466e-19,1.87553569988428e-18,0.0,1.2503571332561863e-18,6.8769642329090255e-18,1.87553569988428e-18,1.2503571332561863e-18,1.87553569988428e-18,1.5629464165702332e-18,6.8769642329090255e-18,1.5629464165702332e-18,5.314017816338792e-18,6.251785666280933e-18,5.939196382966885e-18,6.251785666280933e-18,5.126464246350364e-17,2.563232123175182e-17,3.7198124714371546e-17,0.0,2.8133035498264193e-18,2.1881249831983263e-18,1.87553569988428e-18,1.187839276593377e-17,7.189553516223072e-18,1844.9381597933382,1917.7969149075407,1988.097004665008,1392.6095550807595,1178.2478045690484,1092.05658627928,-46.587881804945056,297.6905353994756,47476.39356991358,9.495278713982718e+23,1.5143428082075692e-22,1.4431522321517896e-22
1.10191e-06,183355.0,6.11184,3e+22,-1155.17,4510.3,43121.1,4.08336,4.10994,4.01969,0.000434353677,-0.000742513125,0.0736346195,0.004362529,0.00433131029,0.007614764,-1.46754177e-05,3.89044565e-05,-5.07711583e-05,1426.51582,-178.332258,150.262537,-454.983023,1959.24586,-168.128748,-504.176398,262.361614,4532.73251,3100.0,183355.222472,6.111840749,-150.0,30000 3000,1e-06,2,0.0 0.0259,0.0 0.0,-1.0 0.0,0.00054857 28.0,30000,1000,0,0.0,0.0 0.0 0.0,1000 1000000 0,0,0.0,0,100,0,,50,,1,,,10,1.0,10.0,0.1,True,{},,,False,3,mixed,250,300,True,Ar_Aubin,,False,uniform,Argon_Aubin_Model3-test/50Td,3.0000000000000005e+21,8.624220000000002e+23,5.0014285330247444e-18,1.899383136308308e-13,1.8977576720350752e-13,1.5629464165702332e-18,3.125892833140466e-19,3.125892833140466e-19,0.0,0.0,6.251785666280932e-19,1.87553569988428e-18,1.87553569988428e-18,0.0,3.125892833140466e-19,9.3776784994214e-19,2.1881249831983263e-18,3.75107139976856e-18,2.5007142665123726e-18,3.125892833140466e-19,9.3776784994214e-19,1.5629464165702332e-18,3.1258928331404664e-18,1.5629464165702332e-18,5.626607099652839e-18,5.939196382966885e-18,3.4384821164545128e-18,4.6888392497107e-18,4.501285679722271e-17,2.219383911529731e-17,2.844562478157824e-17,0.0,1.2503571332561863e-18,3.1258928331404664e-18,9.3776784994214e-19,1.3128749899189958e-17,5.001428533024745e-18,1877.4359029857517,1427.01757233706,1896.6548803864778,1962.5948169476876,1190.7321620682458,1357.5267190785498,-3.5104415015698764,-287.5831659334697,47715.49061200602,9.543098122401206e+23,1.0481771158329663e-22,1.1598564352543753e-22
1.13745e-06,182408.0,6.08028,3e+22,-1849.98,-12977.4,41028.2,4.02219,4.05383,4.07398,0.000431007631,-0.000773745846,0.0751564026,0.00448664245,0.00447878914,0.00791798995,-2.17528205e-05,4.09428627e-05,-5.3881376e-05,2011.86325,-200.978313,-144.049389,57.1647162,1721.73655,-423.103924,-215.009956,-1182.44077,4064.76142,3200.0,182408.250946,6.080275032,-150.0,30000 3000,1e-06,2,0.0 0.0259,0.0 0.0,-1.0 0.0,0.00054857 28.0,30000,1000,0,0.0,0.0 0.0 0.0,1000 1000000 0,0,0.0,0,100,0,,50,,1,,,10,1.0,10.0,0.1,True,{},,,False,3,mixed,250,300,True,Ar_Aubin,,False,uniform,Argon_Aubin_Model3-test/50Td,3.0000000000000005e+21,8.20564e+23,5.0014285330247444e-18,1.8910963944076527e-13,1.8891895997794373e-13,6.251785666280932e-19,0.0,3.125892833140466e-19,0.0,3.125892833140466e-19,6.251785666280932e-19,6.251785666280932e-19,1.87553569988428e-18,3.125892833140466e-19,9.3776784994214e-19,1.2503571332561863e-18,6.251785666280932e-19,5.314017816338792e-18,3.4384821164545128e-18,6.251785666280932e-19,9.3776784994214e-19,2.8133035498264193e-18,4.063660683082606e-18,1.5629464165702332e-18,3.1258928331404664e-18,6.8769642329090255e-18,5.001428533024745e-18,5.939196382966885e-18,5.470312457995816e-17,2.813303549826419e-17,3.313446403128894e-17,6.251785666280932e-19,6.251785666280932e-19,2.5007142665123726e-18,3.125892833140466e-19,1.844276771552875e-17,5.001428533024745e-18,1745.8847774781418,2012.6606054971976,2073.8477145649586,1711.6953406581197,1080.28446910842,981.2295028466797,45.82564537781717,-237.70497060424617,42812.377972958726,8.562475594591746e+23,1.1682202133653403e-22,1.2190221684170265e-22
1.173e-06,182630.0,6.08767,3e+22,-5293.94,-10161.2,44715.4,4.0914,4.03828,4.03354,0.000467789076,-0.000858164867,0.0767876614,0.00463758246,0.00461708138,0.00825504202,-2.11464047e-05,3.82964833e-05,-6.29490605e-05,2484.67086,315.301386,196.286273,-324.248407,2199.39473,-236.567857,-705.440696,-1094.1369,4674.89357,3300.0,182630.072415,6.087669081,-150.0,30000 3000,1e-06,2,0.0 0.0259,0.0 0.0,-1.0 0.0,0.00054857 28.0,30000,1000,0,0.0,0.0 0.0 0.0,1000 1000000 0,0,0.0,0,100,0,,50,,1,,,10,1.0,10.0,0.1,True,{},,,False,3,mixed,250,300,True,Ar_Aubin,,False,uniform,Argon_Aubin_Model3-test/50Td,3.0000000000000005e+21,8.943080000000001e+23,4.0636606830826054e-18,1.8898241560245645e-13,1.8880830337165054e-13,1.5629464165702332e-18,3.125892833140466e-19,3.125892833140466e-19,0.0,3.125892833140466e-19,1.2503571332561863e-18,1.5629464165702332e-18,9.3776784994214e-19,0.0,9.3776784994214e-19,9.3776784994214e-19,1.5629464165702332e-18,5.626607099652839e-18,1.87553569988428e-18,6.251785666280932e-19,0.0,3.125892833140466e-19,4.3762499663966525e-18,1.5629464165702332e-18,5.001428533024745e-18,7.189553516223072e-18,3.4384821164545128e-18,6.251785666280933e-18,4.970169604693341e-17,2.6257499798379917e-17,2.907080334820633e-17,0.0,1.5629464165702332e-18,1.87553569988428e-18,1.5629464165702332e-18,1.4066517749132096e-17,4.063660683082606e-18,2122.735304123116,2487.1473073009997,1943.352384489252,2190.6747451534397,1254.620548541267,1241.3025754344403,-173.68845294745938,-123.5625264570545,45892.26172725566,9.178452345451133e+23,8.854784075000548e-23,9.087832565699078e-23
1.20854e-06,182633.0,6.08776,3e+22,-5883.83,5158.47,44412.6,4.05,4.04421,4.06974,0.000448198352,-0.000875846452,0.0783598143,0.0047929691,0.00476503125,0.00859369106,-1.14160405e-05,2.54282662e-05,-6.80484486e-05,1756.18126,406.463984,177.414417,303.101629,1677.3331,54.2701707,-846.84548,179.778257,4773.51112,3400.0,182632.673271,6.087755776,-150.0,30000 3000,1e-06,2,0.0 0.0259,0.0 0.0,-1.0 0.0,0.00054857 28.0,30000,1000,0,0.0,0.0 0.0 0.0,1000 1000000 0,0,0.0,0,100,0,,50,,1,,,10,1.0,10.0,0.1,True,{},,,False,3,mixed,250,300,True,Ar_Aubin,,False,uniform,Argon_Aubin_Model3-test/50Td,3.0000000000000005e+21,8.882520000000001e+23,5.939196382966884e-18,1.8904712158410245e-13,1.888761352461297e-13,1.2503571332561863e-18,9.3776784994214e-19,3.125892833140466e-19,0.0,0.0,3.125892833140466e-19,2.1881249831983263e-18,1.87553569988428e-18,0.0,1.5629464165702332e-18,9.3776784994214e-19,1.87553569988428e-18,5.939196382966885e-18,2.8133035498264193e-18,6.251785666280932e-19,1.2503571332561863e-18,1.2503571332561863e-18,3.75107139976856e-18,1.5629464165702332e-18,7.814732082851166e-18,4.6888392497107e-18,3.4384821164545128e-18,4.063660683082606e-18,4.438767823059462e-17,2.469455338180968e-17,2.782044621495015e-17,0.0,1.2503571332561863e-18,2.1881249831983263e-18,3.125892833140466e-19,1.5942053449016377e-17,5.939196382966885e-18,2186.001351185935,1758.8183829094482,2080.7081919386624,1681.8511276472484,1332.5702643740908,1293.3480314198205,-339.52431419478114,-228.28089095526616,44229.43334439895,8.845886668879791e+23,1.3428153909909863e-22,1.3372773453855177e-22
1.24409e-06,182634.0,6.08779,3e+22,-748.395,-8223.67,48976.6,4.04136,4.0659,4.0543,0.000406548433,-0.000839323784,0.0799839466,0.00495011185,0.00491590356,0.00892597309,-1.18833645e-05,2.06051584e-05,-6.22871962e-05,1608.09059,-48.9246131,612.433098,89.0949913,2139.9939,-65.6442433,-326.391787,-639.886307,5311.47595,3500.0,182633.790555,6.087793018,-150.0,30000 3000,1e-06,2,0.0 0.0259,0.0 0.0,-1.0 0.0,0.00054857 28.0,30000,1000,0,0.0,0.0 0.0 0.0,1000 1000000 0,0,0.0,0,100,0,,50,,1,,,10,1.0,10.0,0.1,True,{},,,False,3,mixed,250,300,True,Ar_Aubin,,False,uniform,Argon_Aubin_Model3-test/50Td,3.0000000000000005e+21,9.795320000000002e+23,6.5643749495949784e-18,1.8900711015583824e-13,1.8882893426434928e-13,6.251785666280932e-19,0.0,0.0,0.0,3.125892833140466e-19,0.0,1.5629464165702332e-18,1.2503571332561863e-18,0.0,9.3776784994214e-19,2.1881249831983263e-18,9.3776784994214e-19,5.626607099652839e-18,1.87553569988428e-18,1.2503571332561863e-18,9.3776784994214e-19,1.87553569988428e-18,6.251785666280933e-18,6.251785666280932e-19,6.8769642329090255e-18,5.314017816338792e-18,4.6888392497107e-18,5.314017816338792e-18,5.439053529664411e-17,2.657008908169396e-17,2.469455338180968e-17,0.0,1.5629464165702332e-18,2.5007142665123726e-18,1.5629464165702332e-18,1.187839276593377e-17,6.564374949594979e-18,2210.9520519442844,1608.394848814515,2123.1291896151433,2133.091578177233,1056.5475901077746,1394.1341909504404,-62.44735811383871,325.98953673203914,45691.771649777394,9.138354329955481e+23,1.4366645705730607e-22,1.340308422715129e-22
1.27963e-06,182472.0,6.08239,3e+22,-5093.73,3326.37,46967.4,4.0308,4.09245,4.02877,0.000403490417,-0.000901153105,0.0816386457,0.00509878602,0.00505530685,0.00928487362,-1.41271259e-05,2.67624778e-05,-6.41216379e-05,2287.69932,-705.07818,-236.741211,268.172426,1752.90697,-892.662284,-275.438305,-115.15752,4968.86259,3600.0,182471.600055,6.082386669,-150.0,30000 3000,1e-06,2,0.0 0.0259,0.0 0.0,-1.0 0.0,0.00054857 28.0,30000,1000,0,0.0,0.0 0.0 0.0,1000 1000000 0,0,0.0,0,100,0,,50,,1,,,10,1.0,10.0,0.1,True,{},,,False,3,mixed,250,300,True,Ar_Aubin,,False,uniform,Argon_Aubin_Model3-test/50Td,3.0000000000000005e+21,9.393480000000001e+23,8.439910649479257e-18,1.891040128336656e-13,1.8891958515651034e-13,1.2503571332561863e-18,9.3776784994214e-19,9.3776784994214e-19,0.0,9.3776784994214e-19,9.3776784994214e-19,3.125892833140466e-19,6.251785666280932e-19,3.125892833140466e-19,1.2503571332561863e-18,9.3776784994214e-19,1.87553569988428e-18,5.626607099652839e-18,2.1881249831983263e-18,0.0,6.251785666280932e-19,1.5629464165702332e-18,4.3762499663966525e-18,2.1881249831983263e-18,5.626607099652839e-18,5.314017816338792e-18,4.3762499663966525e-18,5.626607099652839e-18,4.595062464716485e-17,3.21966961813468e-17,2.782044621495015e-17,3.125892833140466e-19,1.2503571332561863e-18,2.5007142665123726e-18,2.8133035498264193e-18,1.5316874882388284e-17,8.439910649479259e-18,2091.3626954790752,2289.7545912417854,1959.405119871162,1755.904538653879,1286.576771980651,1134.5076619498195,161.32203769200578,-115.28519304994484,46551.70851924592,9.310341703849186e+23,1.8130184515118143e-22,1.7969720805237796e-22
1.31518e-06,182295.0,6.0765,3e+22,-4110.99,-5914.78,46566.2,4.0117,4.10177,4.02691,0.000339836745,-0.0010661663,0.0832284648,0.00524001469,0.00519662188,0.00963883958,-1.41407856e-05,3.4027375e-05,-7.7685309e-05,1613.02697,113.118456,42.3913554,-22.1750608,1781.27321,-145.425994,-224.896838,-483.339247,4913.67176,3700.0,182295.011219,6.076500374,-150.0,30000 3000,1e-06,2,0.0 0.0259,0.0 0.0,-1.0 0.0,0.00054857 28.0,30000,1000,0,0.0,0.0 0.0 0.0,1000 1000000 0,0,0.0,0,100,0,,50,,1,,,10,1.0,10.0,0.1,True,{},,,False,3,mixed,250,300,True,Ar_Aubin,,False,uniform,Argon_Aubin_Model3-test/50Td,3.0000000000000005e+21,9.313240000000001e+23,5.626607099652838e-18,1.8899085551310592e-13,1.8881330480018356e-13,2.5007142665123726e-18,9.3776784994214e-19,0.0,0.0,3.125892833140466e-19,1.2503571332561863e-18,9.3776784994214e-19,1.2503571332561863e-18,0.0,1.5629464165702332e-18,9.3776784994214e-19,1.5629464165702332e-18,3.75107139976856e-18,2.5007142665123726e-18,3.125892833140466e-19,1.5629464165702332e-18,1.5629464165702332e-18,4.6888392497107e-18,1.2503571332561863e-18,4.3762499663966525e-18,8.439910649479259e-18,4.063660683082606e-18,5.001428533024745e-18,5.001428533024746e-17,2.5319731948437773e-17,2.5319731948437773e-17,0.0,1.2503571332561863e-18,2.1881249831983263e-18,9.3776784994214e-19,1.8130178432214703e-17,5.626607099652839e-18,1987.261157609131,1614.4240354603273,1983.243912565281,1774.967070892086,1292.1092288353548,1038.0384224302406,335.38004433285823,143.82099807313298,44726.437176118445,8.945287435223691e+23,1.2580047629318324e-22,1.2083028247211149e-22
1.35072e-06,182576.0,6.08588,3e+22,-1177.51,-1776.93,40947.3,4.09095,4.01663,4.05461,0.000304786359,-0.00116504234,0.0848863041,0.00537370041,0.00533336674,0.00999511441,-9.00603567e-06,2.85816126e-05,-8.06538903e-05,1769.22596,-670.196857,-978.946327,416.520604,2224.5315,93.2888861,68.0866221,-20.2034309,4944.09024,3800.0,182576.303948,6.085876798,-150.0,30000 3000,1e-06,2,0.0 0.0259,0.0 0.0,-1.0 0.0,0.00054857 28.0,30000,1000,0,0.0,0.0 0.0 0.0,1000 1000000 0,0,0.0,0,100,0,,50,,1,,,10,1.0,10.0,0.1,True,{},,,False,3,mixed,250,300,True,Ar_Aubin,,False,uniform,Argon_Aubin_Model3-test/50Td,3.0000000000000005e+21,8.189460000000002e+23,6.251785666280931e-18,1.8931719872488578e-13,1.8914152354766331e-13,6.251785666280932e-19,6.251785666280932e-19,0.0,0.0,0.0,3.125892833140466e-19,1.87553569988428e-18,9.3776784994214e-19,0.0,6.251785666280932e-19,1.5629464165702332e-18,1.5629464165702332e-18,2.8133035498264193e-18,3.75107139976856e-18,6.251785666280932e-19,9.3776784994214e-19,2.8133035498264193e-18,4.063660683082606e-18,1.5629464165702332e-18,6.564374949594979e-18,4.3762499663966525e-18,4.6888392497107e-18,5.626607099652839e-18,4.938910676361936e-17,2.782044621495015e-17,3.032116048146252e-17,3.125892833140466e-19,1.5629464165702332e-18,1.87553569988428e-18,1.5629464165702332e-18,1.0628035632677585e-17,6.251785666280933e-18,1880.8103761473942,1769.5848489855862,1920.4207425610937,2222.4613013147837,1091.1054483444002,1468.2252801260702,-85.35167382071081,-823.3854114370897,46640.05187731761,9.328010375463523e+23,1.3404328285752517e-22,1.5267882537507798e-22
1.38627e-06,182581.0,6.08604,3e+22,-1121.5,-4349.61,37945.4,4.04189,4.0507,4.07119,0.000287786631,-0.00117878511,0.0865818472,0.00552675745,0.00547646304,0.0103671858,3.28592276e-06,1.51770069e-05,-8.01922316e-05,2173.66445,-777.308509,175.550737,113.740933,2171.74107,51.2847312,-400.539624,-16.9333921,4385.75252,3900.0,182581.14488,6.086038163,-150.0,30000 3000,1e-06,2,0.0 0.0259,0.0 0.0,-1.0 0.0,0.00054857 28.0,30000,1000,0,0.0,0.0 0.0 0.0,1000 1000000 0,0,0.0,0,100,0,,50,,1,,,10,1.0,10.0,0.1,True,{},,,False,3,mixed,250,300,True,Ar_Aubin,,False,uniform,Argon_Aubin_Model3-test/50Td,3.0000000000000005e+21,7.589080000000002e+23,6.5643749495949784e-18,1.89448798813161e-13,1.8926249560030586e-13,1.5629464165702332e-18,9.3776784994214e-19,6.251785666280932e-19,0.0,0.0,3.125892833140466e-19,3.125892833140466e-19,1.5629464165702332e-18,0.0,0.0,1.5629464165702332e-18,6.251785666280932e-19,6.564374949594979e-18,2.1881249831983263e-18,6.251785666280932e-19,0.0,1.2503571332561863e-18,4.6888392497107e-18,2.8133035498264193e-18,5.314017816338792e-18,5.939196382966885e-18,4.063660683082606e-18,5.939196382966885e-18,5.2514999596759834e-17,2.500714266512373e-17,3.500999973117322e-17,0.0,6.251785666280932e-19,9.3776784994214e-19,9.3776784994214e-19,1.7817589148900655e-17,6.564374949594979e-18,2153.1212699765747,2173.9872027066667,2012.4135516611925,2166.613814497693,1144.1670257407163,1100.3696952571195,-350.24268276173603,-138.8075241931474,47700.77422113697,9.540154844227396e+23,1.376156898243006e-22,1.7299527609657503e-22
1.42181e-06,182513.0,6.08375,3e+22,10113.9,9739.82,37790.1,4.04071,4.05103,4.06652,0.000251682906,-0.00116902982,0.0881617736,0.00567642976,0.00560800281,0.0107234074,3.27109311e-07,1.71041245e-05,-7.88098213e-05,1872.44146,-948.803151,-72.4549172,-76.8776553,1340.71477,-7.94411059,1034.10812,1383.84502,4370.21416,4000.0,182512.568308,6.083752277,-150.0,30000 3000,1e-06,2,0.0 0.0259,0.0 0.0,-1.0 0.0,0.00054857 28.0,30000,1000,0,0.0,0.0 0.0 0.0,1000 1000000 0,0,0.0,0,100,0,,50,,1,,,10,1.0,10.0,0.1,True,{},,,False,3,mixed,250,300,True,Ar_Aubin,,False,uniform,Argon_Aubin_Model3-test/50Td,3.0000000000000005e+21,7.558020000000001e+23,5.3140178163387916e-18,1.8931188470706945e-13,1.891365221191303e-13,1.2503571332561863e-18,0.0,6.251785666280932e-19,0.0,0.0,1.5629464165702332e-18,6.251785666280932e-19,1.2503571332561863e-18,6.251785666280932e-19,1.2503571332561863e-18,1.2503571332561863e-18,1.87553569988428e-18,3.75107139976856e-18,1.87553569988428e-18,0.0,9.3776784994214e-19,6.251785666280932e-19,2.1881249831983263e-18,1.2503571332561863e-18,6.564374949594979e-18,6.8769642329090255e-18,2.8133035498264193e-18,5.626607099652839e-18,4.782616034704914e-17,2.969598191483443e-17,3.063374976477657e-17,0.0,9.3776784994214e-19,1.87553569988428e-18,6.251785666280932e-19,1.5629464165702332e-17,5.314017816338792e-18,2105.642176762809,1869.8959642570067,1850.6286835358283,1352.1009100214324,1127.2842655658721,1038.5719194786402,130.97065537826853,60.482718600929616,44448.12549584477,8.889625099168955e+23,1.1955549884405298e-22,1.4061931078083393e-22
1.45736e-06,182684.0,6.08946,3e+22,-2544.54,-6391.31,51877.0,4.04753,4.07384,4.04198,0.000352456428,-0.00117706572,0.0898414451,0.00581625285,0.00574342152,0.0111099278,1.28077822e-05,2.60618899e-05,-7.79488785e-05,1733.61036,-297.049199,-56.553263,281.502992,1926.32481,276.796774,-275.165324,-297.214687,5902.43723,4100.0,182683.793856,6.089459795,-150.0,30000 3000,1e-06,2,0.0 0.0259,0.0 0.0,-1.0 0.0,0.00054857 28.0,30000,1000,0,0.0,0.0 0.0 0.0,1000 1000000 0,0,0.0,0,100,0,,50,,1,,,10,1.0,10.0,0.1,True,{},,,False,3,mixed,250,300,True,Ar_Aubin,,False,uniform,Argon_Aubin_Model3-test/50Td,3.0000000000000005e+21,1.0375400000000003e+24,8.439910649479257e-18,1.8913683470841357e-13,1.8895772104907466e-13,6.251785666280932e-19,3.125892833140466e-19,1.2503571332561863e-18,0.0,0.0,1.5629464165702332e-18,9.3776784994214e-19,3.125892833140466e-19,3.125892833140466e-19,1.2503571332561863e-18,3.125892833140466e-19,3.125892833140466e-19,8.127321366165212e-18,1.87553569988428e-18,0.0,3.125892833140466e-19,1.87553569988428e-18,2.5007142665123726e-18,2.1881249831983263e-18,4.3762499663966525e-18,6.564374949594979e-18,5.001428533024745e-18,5.314017816338792e-18,4.6575803213792946e-17,2.469455338180968e-17,3.407223188123108e-17,0.0,1.2503571332561863e-18,1.2503571332561863e-18,6.251785666280932e-19,1.6879821298958518e-17,8.439910649479259e-18,1965.9675900613604,1734.507199479303,1904.604491873068,1918.801818093107,1231.291062153545,1241.7325825473008,-14.590299969673138,-121.397818400602,47254.257934922476,9.450851586984497e+23,1.786063524921398e-22,1.626908003446471e-22
1.49291e-06,182361.0,6.07869,3e+22,6604.34,-6988.38,44481.6,4.01923,4.07467,4.05169,0.000361916939,-0.00127528594,0.0914545508,0.00597458156,0.0058776563,0.011490879,1.76126352e-05,4.19389127e-05,-8.71350828e-05,2355.6272,-361.197472,89.1576894,87.835414,2078.7329,-90.5293401,868.204774,-426.872471,5176.15264,4200.0,182360.605641,6.078686855,-150.0,30000 3000,1e-06,2,0.0 0.0259,0.0 0.0,-1.0 0.0,0.00054857 28.0,30000,1000,0,0.0,0.0 0.0 0.0,1000 1000000 0,0,0.0,0,100,0,,50,,1,,,10,1.0,10.0,0.1,True,{},,,False,3,mixed,250,300,True,Ar_Aubin,,False,uniform,Argon_Aubin_Model3-test/50Td,3.0000000000000005e+21,8.896320000000001e+23,7.814732082851165e-18,1.8884175042496513e-13,1.886576353370932e-13,9.3776784994214e-19,9.3776784994214e-19,0.0,0.0,0.0,1.5629464165702332e-18,3.1258928331404664e-18,3.125892833140466e-19,3.125892833140466e-19,1.87553569988428e-18,9.3776784994214e-19,1.5629464165702332e-18,4.6888392497107e-18,1.5629464165702332e-18,1.2503571332561863e-18,3.125892833140466e-19,1.5629464165702332e-18,3.1258928331404664e-18,1.5629464165702332e-18,6.251785666280933e-18,7.814732082851166e-18,4.3762499663966525e-18,6.251785666280933e-18,4.970169604693341e-17,2.657008908169396e-17,2.938339263152038e-17,3.125892833140466e-19,9.3776784994214e-19,3.1258928331404664e-18,1.2503571332561863e-18,1.469169631576019e-17,7.814732082851166e-18,2227.0385431434634,2353.2369774830845,1884.8277059821655,2069.820717242623,1244.9092657071235,1108.1078931347201,406.3329303692769,337.26687085570563,45381.55992055248,9.076311984110498e+23,1.7220060519144948e-22,1.7568459953893665e-22
1.52845e-06,182117.0,6.07057,3e+22,15025.6,-4243.9,42090.5,4.03707,4.03145,4.06117,0.000423032117,-0.00136320363,0.0930181879,0.00611738623,0.00602191383,0.0118664855,2.19577358e-05,3.80602146e-05,-9.46505117e-05,1926.60237,-247.440174,-306.780495,-139.573279,1867.87631,1018.36064,1546.9076,-261.987496,5258.52157,4300.0,182117.205574,6.070573519,-150.0,30000 3000,1e-06,2,0.0 0.0259,0.0 0.0,-1.0 0.0,0.00054857 28.0,30000,1000,0,0.0,0.0 0.0 0.0,1000 1000000 0,0,0.0,0,100,0,,50,,1,,,10,1.0,10.0,0.1,True,{},,,False,3,mixed,250,300,True,Ar_Aubin,,False,uniform,Argon_Aubin_Model3-test/50Td,3.0000000000000005e+21,8.418100000000002e+23,6.251785666280931e-18,1.8851446944533532e-13,1.883378565002629e-13,9.3776784994214e-19,6.251785666280932e-19,9.3776784994214e-19,0.0,3.125892833140466e-19,6.251785666280932e-19,0.0,2.1881249831983263e-18,0.0,1.5629464165702332e-18,9.3776784994214e-19,2.1881249831983263e-18,7.50214279953712e-18,3.75107139976856e-18,1.2503571332561863e-18,9.3776784994214e-19,1.2503571332561863e-18,5.314017816338792e-18,9.3776784994214e-19,7.814732082851166e-18,3.75107139976856e-18,2.5007142665123726e-18,3.1258928331404664e-18,4.5325446080536754e-17,2.7507856931636102e-17,3.000857119814848e-17,3.125892833140466e-19,1.87553569988428e-18,3.125892833140466e-19,1.5629464165702332e-18,1.500428559907424e-17,6.251785666280933e-18,2008.0896219865533,1920.2460586228049,2025.9380973616442,1862.091010114643,1226.0107050430727,1343.3395321950502,-284.97155647945385,-175.33261243082825,43989.858040702515,8.797971608140506e+23,1.4211879612105906e-22,1.4853198860267594e-22
1.564e-06,182202.0,6.07338,3e+22,-337.93,-4463.23,38871.9,3.99319,4.07406,4.07081,0.00033759526,-0.00143796138,0.094625636,0.00626671921,0.00615941686,0.0122458109,2.5082632e-05,2.90375876e-05,-0.00010424693,1861.38417,133.636541,-217.684029,-392.690416,1813.15268,217.178415,3.33398891,-208.913134,4636.96851,4400.0,182201.516969,6.073383899,-150.0,30000 3000,1e-06,2,0.0 0.0259,0.0 0.0,-1.0 0.0,0.00054857 28.0,30000,1000,0,0.0,0.0 0.0 0.0,1000 1000000 0,0,0.0,0,100,0,,50,,1,,,10,1.0,10.0,0.1,True,{},,,False,3,mixed,250,300,True,Ar_Aubin,,False,uniform,Argon_Aubin_Model3-test/50Td,3.0000000000000005e+21,7.774380000000001e+23,4.688839249710699e-18,1.8853103667735098e-13,1.8835692444654507e-13,1.5629464165702332e-18,1.2503571332561863e-18,3.125892833140466e-19,0.0,0.0,2.5007142665123726e-18,1.2503571332561863e-18,1.5629464165702332e-18,3.125892833140466e-19,0.0,1.5629464165702332e-18,0.0,3.75107139976856e-18,5.001428533024745e-18,1.5629464165702332e-18,1.2503571332561863e-18,1.87553569988428e-18,3.1258928331404664e-18,9.3776784994214e-19,7.50214279953712e-18,4.6888392497107e-18,4.3762499663966525e-18,5.939196382966885e-18,5.0639463896875546e-17,2.3131606965239447e-17,2.844562478157824e-17,0.0,1.5629464165702332e-18,6.251785666280932e-19,9.3776784994214e-19,1.3753928465818051e-17,4.6888392497107e-18,2101.5091349715976,1861.4982535662118,1931.243159543479,1806.7347276299424,1092.9359607039096,958.6902499715998,-45.52240912310956,-195.496168103714,45222.394458917486,9.044478891783498e+23,1.036840111146768e-22,1.2062284708776002e-22
1.59954e-06,181911.0,6.0637,3e+22,4282.48,6978.54,41748.2,4.00104,4.0326,4.08347,0.000314097988,-0.00147847413,0.0962353182,0.00640043369,0.00630451561,0.0126249525,3.53057549e-05,2.49163271e-05,-0.000102799657,1975.51806,9.1459594,-189.671015,-63.0892827,2080.10217,-590.851454,376.341421,852.87364,5029.04159,4500.0,181911.0913,6.063703043,-150.0,30000 3000,1e-06,2,0.0 0.0259,0.0 0.0,-1.0 0.0,0.00054857 28.0,30000,1000,0,0.0,0.0 0.0 0.0,1000 1000000 0,0,0.0,0,100,0,,50,,1,,,10,1.0,10.0,0.1,True,{},,,False,3,mixed,250,300,True,Ar_Aubin,,False,uniform,Argon_Aubin_Model3-test/50Td,3.0000000000000005e+21,8.349640000000001e+23,8.127321366165211e-18,1.8839662328552594e-13,1.8821250819765397e-13,6.251785666280932e-19,6.251785666280932e-19,0.0,0.0,0.0,0.0,6.251785666280932e-19,1.2503571332561863e-18,0.0,1.2503571332561863e-18,1.5629464165702332e-18,1.5629464165702332e-18,5.626607099652839e-18,2.1881249831983263e-18,1.5629464165702332e-18,3.125892833140466e-19,9.3776784994214e-19,3.4384821164545128e-18,1.2503571332561863e-18,5.626607099652839e-18,6.251785666280933e-18,3.75107139976856e-18,4.3762499663966525e-18,4.6575803213792946e-17,3.3759642597917035e-17,3.407223188123108e-17,3.125892833140466e-19,3.125892833140466e-19,3.125892833140466e-19,1.5629464165702332e-18,1.6254642732330425e-17,8.127321366165212e-18,1881.1125070122855,1974.17294164835,2039.3721434741524,2090.4197608551704,1011.6093692748432,1011.3902787227598,-67.61533512281257,-238.56844510775755,45285.24647352411,9.057049294704823e+23,1.7946951819985846e-22,1.946747731917834e-22
1.63509e-06,181881.0,6.06269,3e+22,8911.54,-4500.63,40400.8,4.01034,4.0502,4.055,0.000270235024,-0.00135906883,0.0978558674,0.00655307514,0.00645616904,0.0130302447,3.05212204e-05,1.68448844e-05,-8.94944613e-05,1736.62788,-441.922876,-555.290799,-567.644054,2229.19041,-794.404389,863.226462,-258.513891,4732.6394,4600.0,181880.719675,6.062690656,-150.0,30000 3000,1e-06,2,0.0 0.0259,0.0 0.0,-1.0 0.0,0.00054857 28.0,30000,1000,0,0.0,0.0 0.0 0.0,1000 1000000 0,0,0.0,0,100,0,,50,,1,,,10,1.0,10.0,0.1,True,{},,,False,3,mixed,250,300,True,Ar_Aubin,,False,uniform,Argon_Aubin_Model3-test/50Td,3.0000000000000005e+21,8.080160000000003e+23,7.189553516223072e-18,1.8819000176925532e-13,1.8801151328848305e-13,1.2503571332561863e-18,6.251785666280932e-19,6.251785666280932e-19,0.0,0.0,3.125892833140466e-19,3.4384821164545128e-18,1.2503571332561863e-18,6.251785666280932e-19,3.125892833140466e-19,9.3776784994214e-19,9.3776784994214e-19,5.001428533024745e-18,1.87553569988428e-18,3.125892833140466e-19,9.3776784994214e-19,1.5629464165702332e-18,2.1881249831983263e-18,1.5629464165702332e-18,4.6888392497107e-18,4.6888392497107e-18,4.6888392497107e-18,5.001428533024745e-18,4.8763928196991265e-17,2.969598191483443e-17,3.0946339048090613e-17,0.0,3.4384821164545128e-18,2.5007142665123726e-18,2.1881249831983263e-18,1.0940624915991631e-17,7.189553516223072e-18,2147.4941986567683,1734.2196697742231,2138.001649558051,2223.0737440516373,1276.6473924736906,779.1840723460796,-120.64023908072582,-575.0285247274153,45590.96817028368,9.118193634056738e+23,1.576968817457411e-22,1.7795572157539136e-22
1.67063e-06,181734.0,6.05779,3e+22,-5651.08,3670.57,46429.7,4.05805,4.02088,4.02414,0.000243044816,-0.00134681827,0.099488913,0.0066770101,0.00659683334,0.0134256701,2.53062656e-05,1.16027138e-05,-9.2314693e-05,2327.48691,166.34137,-247.557457,-162.59701,2045.25705,-664.71603,-1131.71327,835.349116,5856.15943,4700.0,181733.73916,6.057791305,-150.0,30000 3000,1e-06,2,0.0 0.0259,0.0 0.0,-1.0 0.0,0.00054857 28.0,30000,1000,0,0.0,0.0 0.0 0.0,1000 1000000 0,0,0.0,0,100,0,,50,,1,,,10,1.0,10.0,0.1,True,{},,,False,3,mixed,250,300,True,Ar_Aubin,,False,uniform,Argon_Aubin_Model3-test/50Td,3.0000000000000005e+21,9.285940000000001e+23,7.502142799537118e-18,1.8857761248056474e-13,1.8839474774982605e-13,1.2503571332561863e-18,3.125892833140466e-19,3.125892833140466e-19,0.0,3.125892833140466e-19,6.251785666280932e-19,1.2503571332561863e-18,6.251785666280932e-19,3.125892833140466e-19,3.125892833140466e-19,1.87553569988428e-18,6.251785666280932e-19,5.626607099652839e-18,1.5629464165702332e-18,1.2503571332561863e-18,6.251785666280932e-19,2.1881249831983263e-18,5.314017816338792e-18,1.2503571332561863e-18,9.3776784994214e-18,7.814732082851166e-18,3.75107139976856e-18,4.6888392497107e-18,5.032687461356151e-17,2.844562478157824e-17,3.000857119814848e-17,3.125892833140466e-19,9.3776784994214e-19,3.125892833140466e-19,9.3776784994214e-19,1.281616061587591e-17,7.50214279953712e-18,1743.5296295106007,2328.8603756988014,1979.1231584434604,2050.2006407373137,1028.9991768951027,1236.9190460839,-83.79009601088164,-828.3354184173953,45942.52983508397,9.188505967016796e+23,1.632940725394733e-22,1.6158068649026634e-22
1.70618e-06,181712.0,6.05707,3e+22,-6140.72,-12484.5,41303.3,4.0086,4.07198,4.02277,0.000293238568,-0.00128607466,0.101127622,0.00682608654,0.0067394302,0.0138332935,3.5093361e-05,1.78773147e-05,-8.05992401e-05,1440.42293,177.274258,336.226998,1.80319349,3074.75539,-294.06862,-912.8314,-1182.43069,5075.52642,4800.0,181712.110082,6.057070336,-150.0,30000 3000,1e-06,2,0.0 0.0259,0.0 0.0,-1.0 0.0,0.00054857 28.0,30000,1000,0,0.0,0.0 0.0 0.0,1000 1000000 0,0,0.0,0,100,0,,50,,1,,,10,1.0,10.0,0.1,True,{},,,False,3,mixed,250,300,True,Ar_Aubin,,False,uniform,Argon_Aubin_Model3-test/50Td,3.0000000000000005e+21,8.260660000000003e+23,6.876964232909025e-18,1.8736539123987288e-13,1.871850272234007e-13,2.5007142665123726e-18,3.125892833140466e-19,3.125892833140466e-19,0.0,0.0,6.251785666280932e-19,1.5629464165702332e-18,1.2503571332561863e-18,0.0,1.5629464165702332e-18,9.3776784994214e-19,3.125892833140466e-19,4.6888392497107e-18,1.5629464165702332e-18,6.251785666280932e-19,3.125892833140466e-19,3.75107139976856e-18,3.1258928331404664e-18,1.2503571332561863e-18,5.314017816338792e-18,6.564374949594979e-18,4.6888392497107e-18,6.251785666280933e-18,4.9076517480305316e-17,2.844562478157824e-17,3.000857119814848e-17,3.125892833140466e-19,1.5629464165702332e-18,2.5007142665123726e-18,9.3776784994214e-19,1.3128749899189958e-17,6.8769642329090255e-18,2096.607745655162,1442.223625939289,2008.0909403370233,3058.69939090723,1109.4442395736885,898.6219102473997,22.516173502048396,32.28028842216554,46101.858468325074,9.220371693665017e+23,1.4916891555757865e-22,1.664991473540619e-22
1.74172e-06,182371.0,6.07904,3e+22,-3743.24,-6449.6,47187.5,4.06298,4.05091,4.03121,0.000296232223,-0.00132683536,0.102781456,0.00696774619,0.00688779182,0.0142592436,2.60217548e-05,1.20344253e-05,-9.43060159e-05,2065.73159,114.204438,-543.418593,-81.6593505,2022.7491,-241.420728,-648.349727,-862.546272,6222.36106,4900.0,182371.130872,6.079037696,-150.0,30000 3000,1e-06,2,0.0 0.0259,0.0 0.0,-1.0 0.0,0.00054857 28.0,30000,1000,0,0.0,0.0 0.0 0.0,1000 1000000 0,0,0.0,0,100,0,,50,,1,,,10,1.0,10.0,0.1,True,{},,,False,3,mixed,250,300,True,Ar_Aubin,,False,uniform,Argon_Aubin_Model3-test/50Td,3.0000000000000005e+21,9.437500000000002e+23,5.3140178163387916e-18,1.8811404257341003e-13,1.8794868284253691e-13,1.5629464165702332e-18,3.125892833140466e-19,1.5629464165702332e-18,0.0,0.0,3.125892833140466e-19,6.251785666280932e-19,1.5629464165702332e-18,6.251785666280932e-19,3.125892833140466e-19,9.3776784994214e-19,6.251785666280932e-19,5.626607099652839e-18,1.87553569988428e-18,1.2503571332561863e-18,9.3776784994214e-19,1.5629464165702332e-18,2.5007142665123726e-18,1.87553569988428e-18,6.251785666280933e-18,3.4384821164545128e-18,6.8769642329090255e-18,5.001428533024745e-18,4.001142826419796e-17,2.657008908169396e-17,3.1258928331404664e-17,0.0,1.2503571332561863e-18,3.1258928331404664e-18,2.1881249831983263e-18,1.000285706604949e-17,5.314017816338792e-18,1992.6331582682817,2066.8404583064225,2085.4332200305435,2014.191542662144,1247.9580184067372,1372.3611050000009,-186.67815057732895,-821.0111206653726,46527.37063023606,9.305474126047213e+23,1.1421272563563799e-22,1.1261494710121943e-22
1.77727e-06,182257.0,6.07525,3e+22,-7071.76,757.07,34410.4,4.04632,4.09941,3.99774,0.000353860527,-0.00144794856,0.104466897,0.00712429438,0.00705422311,0.0146878918,1.74481539e-05,2.05733488e-05,-0.000112571283,1495.92129,191.306788,-109.580573,143.595701,2576.40144,-136.458601,-726.994205,187.627947,5053.20455,5000.0,182257.469704,6.07524899,-150.0,30000 3000,1e-06,2,0.0 0.0259,0.0 0.0,-1.0 0.0,0.00054857 28.0,30000,1000,0,0.0,0.0 0.0 0.0,1000 1000000 0,0,0.0,0,100,0,,50,,1,,,10,1.0,10.0,0.1,True,{},,,False,3,mixed,250,300,True,Ar_Aubin,,False,uniform,Argon_Aubin_Model3-test/50Td,3.0000000000000005e+21,6.882080000000001e+23,5.939196382966884e-18,1.8864169328364412e-13,1.884535145350891e-13,6.251785666280932e-19,3.125892833140466e-19,0.0,0.0,3.125892833140466e-19,6.251785666280932e-19,3.125892833140466e-19,6.251785666280932e-19,1.2503571332561863e-18,9.3776784994214e-19,9.3776784994214e-19,1.5629464165702332e-18,4.063660683082606e-18,2.8133035498264193e-18,9.3776784994214e-19,3.125892833140466e-19,9.3776784994214e-19,4.6888392497107e-18,3.125892833140466e-19,5.314017816338792e-18,6.251785666280933e-18,3.4384821164545128e-18,5.626607099652839e-18,5.439053529664411e-17,2.907080334820633e-17,3.2821874747974894e-17,0.0,1.5629464165702332e-18,3.1258928331404664e-18,3.1258928331404664e-18,1.5942053449016377e-17,5.939196382966885e-18,2201.5609088289184,1498.4237067204176,2336.3814592062536,2577.497638416319,1116.0843410304194,1458.4568374712003,56.81161184237525,-109.98643674956065,47416.571483230175,9.483314296646037e+23,1.2525571118247976e-22,1.725988765886733e-22
1.81281e-06,181978.0,6.06594,3e+22,1552.29,2882.67,49246.7,4.06769,4.02204,4.0283,0.000362875368,-0.00136184152,0.106078577,0.00725716562,0.00719847133,0.0151082331,1.23937893e-05,2.35395626e-05,-0.000112100453,1673.63205,399.626931,-548.345081,-92.3724788,1850.66221,-22.4341478,-372.695887,53.2949918,6035.41427,5100.0,181978.27008,6.065942336,-150.0,30000 3000,1e-06,2,0.0 0.0259,0.0 0.0,-1.0 0.0,0.00054857 28.0,30000,1000,0,0.0,0.0 0.0 0.0,1000 1000000 0,0,0.0,0,100,0,,50,,1,,,10,1.0,10.0,0.1,True,{},,,False,3,mixed,250,300,True,Ar_Aubin,,False,uniform,Argon_Aubin_Model3-test/50Td,3.0000000000000005e+21,9.849340000000002e+23,3.751071399768559e-18,1.8853041149878432e-13,1.8834567123234577e-13,1.5629464165702332e-18,3.125892833140466e-19,6.251785666280932e-19,0.0,3.125892833140466e-19,0.0,9.3776784994214e-19,6.251785666280932e-19,0.0,9.3776784994214e-19,1.2503571332561863e-18,6.251785666280932e-19,5.939196382966885e-18,1.87553569988428e-18,6.251785666280932e-19,9.3776784994214e-19,1.87553569988428e-18,3.75107139976856e-18,1.5629464165702332e-18,6.564374949594979e-18,7.50214279953712e-18,3.1258928331404664e-18,3.1258928331404664e-18,5.439053529664411e-17,2.657008908169396e-17,3.4697410447859176e-17,3.125892833140466e-19,1.5629464165702332e-18,1.5629464165702332e-18,6.251785666280932e-19,1.7192410582272562e-17,3.75107139976856e-18,1868.9447683788567,1673.0687621950071,2032.4734382903455,1854.5879496944583,1139.5197474734036,811.3944120541009,40.500946977200584,-1103.5760966766156,45341.45065184216,9.068290130368435e+23,8.272940865018747e-23,7.616898999869147e-23
1.84836e-06,182376.0,6.07921,3e+22,6786.86,4114.56,43085.6,4.09199,4.0133,4.04223,0.000368880761,-0.00139128915,0.107807019,0.00739780609,0.00733998691,0.0155687994,6.73496433e-06,2.13872421e-05,-0.000122069475,2303.91824,-33.4369669,-381.401901,186.646838,2326.67653,114.794918,747.686662,183.777728,6270.42728,5200.0,182376.398992,6.0792133,-150.0,30000 3000,1e-06,2,0.0 0.0259,0.0 0.0,-1.0 0.0,0.00054857 28.0,30000,1000,0,0.0,0.0 0.0 0.0,1000 1000000 0,0,0.0,0,100,0,,50,,1,,,10,1.0,10.0,0.1,True,{},,,False,3,mixed,250,300,True,Ar_Aubin,,False,uniform,Argon_Aubin_Model3-test/50Td,3.0000000000000005e+21,8.61712e+23,4.3762499663966525e-18,1.8851978346315166e-13,1.883397320359628e-13,9.3776784994214e-19,6.251785666280932e-19,6.251785666280932e-19,0.0,0.0,1.2503571332561863e-18,9.3776784994214e-19,1.87553569988428e-18,6.251785666280932e-19,9.3776784994214e-19,1.2503571332561863e-18,6.251785666280932e-19,6.251785666280933e-18,1.87553569988428e-18,6.251785666280932e-19,1.2503571332561863e-18,6.251785666280932e-19,2.8133035498264193e-18,2.8133035498264193e-18,6.8769642329090255e-18,5.626607099652839e-18,3.75107139976856e-18,5.001428533024745e-18,4.938910676361936e-17,3.000857119814848e-17,2.844562478157824e-17,3.125892833140466e-19,1.2503571332561863e-18,2.8133035498264193e-18,9.3776784994214e-19,1.5316874882388284e-17,4.3762499663966525e-18,1978.2598524262737,2301.4146979183997,1989.4910006173575,2332.4010726850242,1278.3293010989382,1625.4971821735999,-96.41059163970928,-381.2798328864817,48626.32014269105,9.725264028538211e+23,8.999755592351645e-23,1.0157105776400126e-22
1.8839e-06,182685.0,6.08951,3e+22,-1403.49,975.262,44741.0,4.07101,4.07119,4.02542,0.000437162216,-0.00145898377,0.109444863,0.00753677168,0.00748079431,0.0160116826,-3.57997275e-06,3.94496674e-05,-0.000123924303,1827.15291,321.849192,252.299252,-236.500196,2678.13848,-202.841816,196.266552,447.050506,5914.49218,5300.0,182685.241036,6.089508035,-150.0,30000 3000,1e-06,2,0.0 0.0259,0.0 0.0,-1.0 0.0,0.00054857 28.0,30000,1000,0,0.0,0.0 0.0 0.0,1000 1000000 0,0,0.0,0,100,0,,50,,1,,,10,1.0,10.0,0.1,True,{},,,False,3,mixed,250,300,True,Ar_Aubin,,False,uniform,Argon_Aubin_Model3-test/50Td,3.0000000000000005e+21,8.948200000000001e+23,2.1881249831983263e-18,1.8919403854726007e-13,1.890208640843041e-13,1.5629464165702332e-18,1.5629464165702332e-18,6.251785666280932e-19,0.0,0.0,9.3776784994214e-19,1.2503571332561863e-18,1.87553569988428e-18,3.125892833140466e-19,3.1258928331404664e-18,3.125892833140466e-19,1.5629464165702332e-18,4.3762499663966525e-18,2.8133035498264193e-18,6.251785666280932e-19,6.251785666280932e-19,9.3776784994214e-19,3.75107139976856e-18,3.125892833140466e-19,7.50214279953712e-18,6.564374949594979e-18,4.063660683082606e-18,4.3762499663966525e-18,4.6575803213792946e-17,3.063374976477657e-17,2.907080334820633e-17,3.125892833140466e-19,9.3776784994214e-19,2.1881249831983263e-18,9.3776784994214e-19,1.1253214199305677e-17,2.1881249831983263e-18,1953.9877482422214,1827.766462798534,1977.9556828419945,2679.5613714294977,1224.6100561196733,1017.8195645169999,280.91403306658657,582.611500065814,46077.523392619,9.215504678523802e+23,4.748790347418791e-23,4.8906483610074123e-23
1.91945e-06,182477.0,6.08256,3e+22,-3111.09,-3894.68,45746.9,4.11133,3.99593,4.04581,0.000376899627,-0.00144967527,0.111059533,0.00766458394,0.00761757804,0.016462015,4.13609709e-06,3.3069753e-05,-0.000124280826,1493.14711,-271.689624,-587.426833,297.961983,2543.352,-183.200808,163.440332,-597.905339,6578.94346,5400.0,182476.677075,6.082555903,-150.0,30000 3000,1e-06,2,0.0 0.0259,0.0 0.0,-1.0 0.0,0.00054857 28.0,30000,1000,0,0.0,0.0 0.0 0.0,1000 1000000 0,0,0.0,0,100,0,,50,,1,,,10,1.0,10.0,0.1,True,{},,,False,3,mixed,250,300,True,Ar_Aubin,,False,uniform,Argon_Aubin_Model3-test/50Td,3.0000000000000005e+21,9.149380000000002e+23,5.626607099652838e-18,1.8925718158248948e-13,1.8907462944103412e-13,1.2503571332561863e-18,6.251785666280932e-19,1.5629464165702332e-18,0.0,3.125892833140466e-19,3.125892833140466e-19,2.5007142665123726e-18,1.5629464165702332e-18,3.125892833140466e-19,1.2503571332561863e-18,2.1881249831983263e-18,1.87553569988428e-18,5.314017816338792e-18,6.251785666280932e-19,9.3776784994214e-19,6.251785666280932e-19,6.251785666280932e-19,3.75107139976856e-18,6.251785666280932e-19,5.314017816338792e-18,4.3762499663966525e-18,6.251785666280933e-18,5.939196382966885e-18,5.282758888007388e-17,2.6257499798379917e-17,3.15715176147187e-17,0.0,2.1881249831983263e-18,2.1881249831983263e-18,9.3776784994214e-19,1.281616061587591e-17,5.626607099652839e-18,1798.5634916791582,1494.3196786605636,1924.4516203597905,2537.705978719436,1326.3399330248105,1498.3141098022998,-11.05774934584458,-95.7122880254363,45425.5684279822,9.085113685596442e+23,1.2386431902494018e-22,1.229942815721467e-22
1.955e-06,182111.0,6.07035,3e+22,6216.88,-195.706,39288.2,4.03809,4.0477,4.04591,0.000425272905,-0.00146820122,0.112657822,0.00781334781,0.00775682422,0.0169211478,1.64742564e-05,3.59740977e-05,-0.000133054051,2849.10924,-89.8049631,389.205716,393.746364,1799.93786,98.844882,769.873487,-508.007423,5010.79516,5500.0,182110.504259,6.070350142,-150.0,30000 3000,1e-06,2,0.0 0.0259,0.0 0.0,-1.0 0.0,0.00054857 28.0,30000,1000,0,0.0,0.0 0.0 0.0,1000 1000000 0,0,0.0,0,100,0,,50,,1,,,10,1.0,10.0,0.1,True,{},,,False,3,mixed,250,300,True,Ar_Aubin,,False,uniform,Argon_Aubin_Model3-test/50Td,3.0000000000000005e+21,7.857640000000001e+23,7.189553516223072e-18,1.8914433685121312e-13,1.8895990917405785e-13,1.2503571332561863e-18,6.251785666280932e-19,6.251785666280932e-19,0.0,0.0,1.2503571332561863e-18,3.125892833140466e-19,6.251785666280932e-19,0.0,3.125892833140466e-19,1.2503571332561863e-18,9.3776784994214e-19,5.939196382966885e-18,3.1258928331404664e-18,0.0,3.125892833140466e-19,1.87553569988428e-18,6.251785666280933e-18,1.2503571332561863e-18,3.75107139976856e-18,7.50214279953712e-18,2.8133035498264193e-18,6.564374949594979e-18,4.751357106373508e-17,2.5319731948437773e-17,3.68855354310575e-17,3.125892833140466e-19,9.3776784994214e-19,1.2503571332561863e-18,1.2503571332561863e-18,1.7192410582272562e-17,7.189553516223072e-18,2092.0437846402856,2846.465369382364,1957.9484766810895,1799.6505242120386,1428.7054357864245,584.6721176995998,-88.55373607889402,441.99083561841894,44964.72117348525,8.992944234697052e+23,1.5989320802155002e-22,1.8299523816879044e-22
1.99054e-06,181899.0,6.0633,3e+22,-7085.52,-5427.93,41265.7,4.03827,4.0264,4.05181,0.000397753028,-0.0014601596,0.114200649,0.00794549468,0.00791118171,0.0173617892,1.9391883e-05,1.75000221e-05,-0.000133145242,1739.1327,-86.7375016,-494.242569,-59.2604577,2107.76391,-350.072531,-792.161231,-844.436655,5921.76614,5600.0,181899.127849,6.063304262,-150.0,30000 3000,1e-06,2,0.0 0.0259,0.0 0.0,-1.0 0.0,0.00054857 28.0,30000,1000,0,0.0,0.0 0.0 0.0,1000 1000000 0,0,0.0,0,100,0,,50,,1,,,10,1.0,10.0,0.1,True,{},,,False,3,mixed,250,300,True,Ar_Aubin,,False,uniform,Argon_Aubin_Model3-test/50Td,3.0000000000000005e+21,8.253140000000002e+23,5.3140178163387916e-18,1.883784931070937e-13,1.8820375569772117e-13,2.5007142665123726e-18,3.125892833140466e-19,3.125892833140466e-19,0.0,0.0,6.251785666280932e-19,9.3776784994214e-19,6.251785666280932e-19,6.251785666280932e-19,3.125892833140466e-19,9.3776784994214e-19,9.3776784994214e-19,8.439910649479259e-18,2.5007142665123726e-18,9.3776784994214e-19,6.251785666280932e-19,6.251785666280932e-19,1.5629464165702332e-18,0.0,8.439910649479259e-18,6.564374949594979e-18,3.75107139976856e-18,3.4384821164545128e-18,4.501285679722271e-17,3.250928546466085e-17,2.938339263152038e-17,3.125892833140466e-19,1.87553569988428e-18,2.1881249831983263e-18,1.87553569988428e-18,1.1253214199305677e-17,5.314017816338792e-18,1859.1648929600424,1741.9509870349548,2171.603621916435,2099.8382659023723,1274.961398134283,1209.1964185607003,-449.77438167532944,-493.6463746250596,43404.40675868035,8.68088135173607e+23,1.2243037546587485e-22,1.2877566153824586e-22
2.02609e-06,181697.0,6.05657,3e+22,2344.23,-3487.87,38798.6,4.05175,4.05409,3.99865,0.000350424834,-0.00142223828,0.115812343,0.00807710692,0.0080379669,0.0178199863,1.69971292e-05,9.20623739e-06,-0.00014792796,1194.09713,217.976692,314.103448,152.347793,1895.46472,330.863497,280.606633,-255.38441,5907.05931,5700.0,181697.164245,6.056572142,-150.0,30000 3000,1e-06,2,0.0 0.0259,0.0 0.0,-1.0 0.0,0.00054857 28.0,30000,1000,0,0.0,0.0 0.0 0.0,1000 1000000 0,0,0.0,0,100,0,,50,,1,,,10,1.0,10.0,0.1,True,{},,,False,3,mixed,250,300,True,Ar_Aubin,,False,uniform,Argon_Aubin_Model3-test/50Td,3.0000000000000005e+21,7.759720000000002e+23,2.813303549826419e-18,1.8820094239417132e-13,1.8801870284199927e-13,1.2503571332561863e-18,0.0,6.251785666280932e-19,0.0,0.0,3.125892833140466e-19,2.1881249831983263e-18,1.2503571332561863e-18,3.125892833140466e-19,1.5629464165702332e-18,3.125892833140466e-19,1.2503571332561863e-18,4.063660683082606e-18,1.5629464165702332e-18,3.125892833140466e-19,1.2503571332561863e-18,1.2503571332561863e-18,4.063660683082606e-18,9.3776784994214e-19,8.752499932793305e-18,7.814732082851166e-18,4.063660683082606e-18,6.564374949594979e-18,4.782616034704914e-17,2.469455338180968e-17,3.407223188123108e-17,0.0,1.5629464165702332e-18,2.8133035498264193e-18,2.1881249831983263e-18,1.656723201564447e-17,2.8133035498264193e-18,1851.8240040483454,1193.2756535913923,1784.9636567935097,1890.5041377703365,1230.6309799798305,1413.7025388801994,-97.16170985868474,309.62331920467756,45341.84451433932,9.068368902867864e+23,6.204651751511155e-23,7.251043980520996e-23
2.06163e-06,182126.0,6.07088,3e+22,-374.603,246.095,44568.8,4.07693,4.03846,4.01508,0.000350237832,-0.00147028788,0.117539119,0.00821520519,0.00817340124,0.0183118948,2.14992847e-05,1.41205608e-05,-0.000156116402,2084.60444,191.754232,27.4129191,303.12181,943.575249,-74.1849527,202.482132,-83.6213222,5987.72139,5800.0,182126.422957,6.070880765,-150.0,30000 3000,1e-06,2,0.0 0.0259,0.0 0.0,-1.0 0.0,0.00054857 28.0,30000,1000,0,0.0,0.0 0.0 0.0,1000 1000000 0,0,0.0,0,100,0,,50,,1,,,10,1.0,10.0,0.1,True,{},,,False,3,mixed,250,300,True,Ar_Aubin,,False,uniform,Argon_Aubin_Model3-test/50Td,3.0000000000000005e+21,8.913760000000002e+23,5.0014285330247444e-18,1.8863044006944482e-13,1.8845007605297266e-13,6.251785666280932e-19,3.125892833140466e-19,6.251785666280932e-19,0.0,6.251785666280932e-19,9.3776784994214e-19,9.3776784994214e-19,1.87553569988428e-18,0.0,9.3776784994214e-19,9.3776784994214e-19,9.3776784994214e-19,5.939196382966885e-18,1.5629464165702332e-18,0.0,3.125892833140466e-19,1.2503571332561863e-18,4.063660683082606e-18,1.5629464165702332e-18,4.3762499663966525e-18,5.939196382966885e-18,3.4384821164545128e-18,6.8769642329090255e-18,4.845133891367722e-17,2.875821406489229e-17,3.594776758111536e-17,0.0,2.5007142665123726e-18,9.3776784994214e-19,9.3776784994214e-19,1.3753928465818051e-17,5.001428533024745e-18,1942.5636091494055,2084.735640142581,1903.1345163512262,943.9370794958286,1251.3967468855144,749.1439031127993,121.84975460048416,258.3158778079154,48579.45050555063,9.715890101110128e+23,1.0295358389147048e-22,1.1221815559370556e-22
2.09718e-06,182045.0,6.06818,3e+22,-4216.21,-5048.88,46652.5,4.00658,4.04136,4.07579,0.000347679603,-0.00147107089,0.119249083,0.00835374618,0.00831842692,0.0188124754,2.50798008e-05,7.71406052e-06,-0.000153868281,1750.07265,-363.215818,527.606456,423.141281,2128.68465,-85.3839508,-804.559856,-556.348133,7464.00579,5900.0,182045.405379,6.068180179,-150.0,30000 3000,1e-06,2,0.0 0.0259,0.0 0.0,-1.0 0.0,0.00054857 28.0,30000,1000,0,0.0,0.0 0.0 0.0,1000 1000000 0,0,0.0,0,100,0,,50,,1,,,10,1.0,10.0,0.1,True,{},,,False,3,mixed,250,300,True,Ar_Aubin,,False,uniform,Argon_Aubin_Model3-test/50Td,3.0000000000000005e+21,9.330500000000002e+23,7.814732082851165e-18,1.882071941798376e-13,1.8801932802056588e-13,1.2503571332561863e-18,9.3776784994214e-19,6.251785666280932e-19,0.0,0.0,3.125892833140466e-19,2.1881249831983263e-18,2.1881249831983263e-18,0.0,1.2503571332561863e-18,6.251785666280932e-19,1.2503571332561863e-18,7.50214279953712e-18,2.8133035498264193e-18,0.0,6.251785666280932e-19,1.2503571332561863e-18,4.3762499663966525e-18,9.3776784994214e-19,5.939196382966885e-18,9.065089216107351e-18,4.3762499663966525e-18,3.1258928331404664e-18,4.8763928196991265e-17,3.000857119814848e-17,2.7195267648322054e-17,6.251785666280932e-19,2.5007142665123726e-18,2.5007142665123726e-18,1.5629464165702332e-18,1.6254642732330425e-17,7.814732082851166e-18,1948.8144096370108,1751.5385402189647,2039.9739050153996,2121.257389604897,1345.9026900143267,1900.7379453425,-188.500562711463,209.60565355647253,48106.47791275406,9.621295582550813e+23,1.6244656482696505e-22,1.6750939569907646e-22
2.13272e-06,182299.0,6.07662,3e+22,957.193,270.395,52727.7,4.03334,4.06866,4.03542,0.000337869929,-0.0014547456,0.120984191,0.00849815943,0.00846210695,0.0193013398,3.37384197e-05,6.22617202e-06,-0.000157830407,2175.03064,662.837748,-139.697912,972.76623,1934.54642,-402.084601,-598.005509,-280.371809,7303.44191,6000.0,182298.526591,6.076617553,-150.0,30000 3000,1e-06,2,0.0 0.0259,0.0 0.0,-1.0 0.0,0.00054857 28.0,30000,1000,0,0.0,0.0 0.0 0.0,1000 1000000 0,0,0.0,0,100,0,,50,,1,,,10,1.0,10.0,0.1,True,{},,,False,3,mixed,250,300,True,Ar_Aubin,,False,uniform,Argon_Aubin_Model3-test/50Td,3.0000000000000005e+21,1.054554e+24,8.439910649479257e-18,1.88498214802603e-13,1.8831597525043092e-13,6.251785666280932e-19,1.2503571332561863e-18,1.2503571332561863e-18,0.0,9.3776784994214e-19,1.2503571332561863e-18,1.5629464165702332e-18,3.125892833140466e-19,0.0,9.3776784994214e-19,9.3776784994214e-19,3.4384821164545128e-18,6.564374949594979e-18,1.2503571332561863e-18,9.3776784994214e-19,3.125892833140466e-19,9.3776784994214e-19,4.063660683082606e-18,1.5629464165702332e-18,5.001428533024745e-18,5.314017816338792e-18,4.3762499663966525e-18,4.063660683082606e-18,4.595062464716485e-17,2.7195267648322054e-17,3.032116048146252e-17,0.0,1.2503571332561863e-18,2.1881249831983263e-18,2.1881249831983263e-18,1.7817589148900655e-17,8.439910649479259e-18,2031.486141911763,2174.7072332690504,2021.7495766355873,1934.939775936512,1013.2636630395166,924.2237822092993,-25.44167987245579,-871.3237459911962,48813.85495732216,9.762770991464435e+23,1.7289990017912437e-22,1.6006597385205989e-22
2.16827e-06,182065.0,6.06885,3e+22,-1138.81,4339.87,29961.1,4.00319,4.04079,4.0885,0.000436317767,-0.00142958982,0.122579103,0.00864311588,0.00859009027,0.0197689148,4.32071599e-05,1.08095477e-05,-0.000147307277,1606.95093,-0.325212755,248.438876,107.996562,2168.54872,770.074268,-1330.39769,738.213007,4994.50842,6100.0,182065.471852,6.068849062,-150.0,30000 3000,1e-06,2,0.0 0.0259,0.0 0.0,-1.0 0.0,0.00054857 28.0,30000,1000,0,0.0,0.0 0.0 0.0,1000 1000000 0,0,0.0,0,100,0,,50,,1,,,10,1.0,10.0,0.1,True,{},,,False,3,mixed,250,300,True,Ar_Aubin,,False,uniform,Argon_Aubin_Model3-test/50Td,3.0000000000000005e+21,5.992220000000001e+23,3.4384821164545124e-18,1.8888582551391241e-13,1.8870421114030695e-13,9.3776784994214e-19,3.125892833140466e-19,9.3776784994214e-19,0.0,0.0,6.251785666280932e-19,1.2503571332561863e-18,2.1881249831983263e-18,0.0,3.125892833140466e-19,6.251785666280932e-19,9.3776784994214e-19,7.50214279953712e-18,6.251785666280932e-19,3.125892833140466e-19,3.125892833140466e-19,6.251785666280932e-19,3.4384821164545128e-18,2.1881249831983263e-18,5.939196382966885e-18,7.50214279953712e-18,2.8133035498264193e-18,3.1258928331404664e-18,5.5328303146586255e-17,2.875821406489229e-17,3.063374976477657e-17,0.0,1.5629464165702332e-18,2.1881249831983263e-18,2.1881249831983263e-18,1.500428559907424e-17,3.4384821164545128e-18,2037.9603675176197,1607.4478130362372,1801.30027665005,2174.752953972123,1112.8441322909846,1321.9036571067004,-225.715417424774,-955.4370659614339,44869.71591260726,8.973943182521454e+23,7.663258049486304e-23,1.1476488234592564e-22
2.20381e-06,182228.0,6.07428,3e+22,-5812.86,1055.37,42737.2,4.02925,4.06435,4.04438,0.000563138649,-0.001448313,0.124281812,0.00877322159,0.00873945376,0.0202815774,5.76583703e-05,2.13784979e-05,-0.000163363553,2542.64578,118.791485,536.168971,920.567227,2146.1657,627.340026,-488.774563,487.288283,6490.84767,6200.0,182228.410931,6.074280364,-150.0,30000 3000,1e-06,2,0.0 0.0259,0.0 0.0,-1.0 0.0,0.00054857 28.0,30000,1000,0,0.0,0.0 0.0 0.0,1000 1000000 0,0,0.0,0,100,0,,50,,1,,,10,1.0,10.0,0.1,True,{},,,False,3,mixed,250,300,True,Ar_Aubin,,False,uniform,Argon_Aubin_Model3-test/50Td,3.0000000000000005e+21,8.54744e+23,4.0636606830826054e-18,1.88179686322906e-13,1.8799650900288395e-13,6.251785666280932e-19,9.3776784994214e-19,6.251785666280932e-19,0.0,3.125892833140466e-19,3.125892833140466e-19,9.3776784994214e-19,2.5007142665123726e-18,6.251785666280932e-19,1.5629464165702332e-18,3.125892833140466e-19,1.2503571332561863e-18,3.4384821164545128e-18,2.8133035498264193e-18,6.251785666280932e-19,3.125892833140466e-19,1.87553569988428e-18,4.3762499663966525e-18,1.2503571332561863e-18,3.75107139976856e-18,8.439910649479259e-18,5.939196382966885e-18,5.001428533024745e-18,4.251214253071034e-17,3.344705331460299e-17,3.250928546466085e-17,6.251785666280932e-19,2.8133035498264193e-18,2.5007142665123726e-18,1.2503571332561863e-18,1.5629464165702332e-17,4.063660683082606e-18,1828.3513205056413,2545.919226127226,2100.2662300533707,2147.69420609081,1298.7657795560624,1179.3910141936003,-166.9836604210105,745.7602126322772,47902.37274021422,9.580474548042845e+23,8.483213775486214e-23,9.50848601003951e-23
2.23936e-06,182517.0,6.08389,3e+22,1716.59,-431.473,29539.8,4.08434,4.01885,4.05962,0.00064971417,-0.00139849738,0.126020044,0.00892132695,0.00888462144,0.0208162857,6.50880073e-05,3.2651485e-05,-0.000161704221,2170.35152,102.847488,-439.297039,120.000867,2627.72371,-33.5561205,-259.242248,-467.279001,4390.8129,6300.0,182516.6637,6.08388879,-150.0,30000 3000,1e-06,2,0.0 0.0259,0.0 0.0,-1.0 0.0,0.00054857 28.0,30000,1000,0,0.0,0.0 0.0 0.0,1000 1000000 0,0,0.0,0,100,0,,50,,1,,,10,1.0,10.0,0.1,True,{},,,False,3,mixed,250,300,True,Ar_Aubin,,False,uniform,Argon_Aubin_Model3-test/50Td,3.0000000000000005e+21,5.907960000000001e+23,4.3762499663966525e-18,1.8882205730011634e-13,1.88638567390811e-13,1.5629464165702332e-18,6.251785666280932e-19,3.125892833140466e-19,0.0,0.0,1.5629464165702332e-18,1.2503571332561863e-18,6.251785666280932e-19,0.0,1.87553569988428e-18,1.2503571332561863e-18,1.5629464165702332e-18,6.564374949594979e-18,4.063660683082606e-18,9.3776784994214e-19,2.1881249831983263e-18,9.3776784994214e-19,2.5007142665123726e-18,1.2503571332561863e-18,6.251785666280933e-18,6.564374949594979e-18,6.251785666280933e-18,5.001428533024745e-18,5.095205318018959e-17,2.3131606965239447e-17,3.250928546466085e-17,0.0,1.5629464165702332e-18,1.5629464165702332e-18,1.2503571332561863e-18,1.500428559907424e-17,4.3762499663966525e-18,2081.8496434883273,2169.23622715292,2043.9985993138669,2627.1202961399595,1401.3853303297708,668.2060042488001,-17.333592697549708,-934.0564609689261,48901.74256021855,9.780348512043711e+23,8.949067532731894e-23,1.4814758280004105e-22
2.2749e-06,182343.0,6.07808,3e+22,10558.4,9838.41,47947.6,4.06827,3.99488,4.07877,0.000777323474,-0.00140842902,0.127710984,0.00906768496,0.00903613233,0.021324482,6.99227422e-05,4.70949522e-05,-0.000172136906,1525.59269,31.2161441,-232.725904,264.22355,2392.35101,233.114912,1626.89029,985.055479,6850.91225,6400.0,182342.533129,6.078084438,-150.0,30000 3000,1e-06,2,0.0 0.0259,0.0 0.0,-1.0 0.0,0.00054857 28.0,30000,1000,0,0.0,0.0 0.0 0.0,1000 1000000 0,0,0.0,0,100,0,,50,,1,,,10,1.0,10.0,0.1,True,{},,,False,3,mixed,250,300,True,Ar_Aubin,,False,uniform,Argon_Aubin_Model3-test/50Td,3.0000000000000005e+21,9.589520000000002e+23,5.939196382966884e-18,1.8897616381679017e-13,1.8878610953253524e-13,6.251785666280932e-19,9.3776784994214e-19,6.251785666280932e-19,0.0,3.125892833140466e-19,1.2503571332561863e-18,1.2503571332561863e-18,6.251785666280932e-19,0.0,3.125892833140466e-19,0.0,2.1881249831983263e-18,4.6888392497107e-18,1.87553569988428e-18,3.125892833140466e-19,9.3776784994214e-19,6.251785666280932e-19,5.314017816338792e-18,9.3776784994214e-19,5.626607099652839e-18,6.251785666280933e-18,2.5007142665123726e-18,4.6888392497107e-18,5.220241031344578e-17,2.844562478157824e-17,3.5322589014487265e-17,6.251785666280932e-19,1.2503571332561863e-18,4.063660683082606e-18,2.8133035498264193e-18,1.750499986558661e-17,5.939196382966885e-18,2056.18598636486,1517.3853978321183,2130.8384856759176,2406.207712154658,1113.3980137187934,727.4770735616003,-83.05632402546988,8.469937532437598,47571.27504543491,9.514255009086984e+23,1.248483749341259e-22,1.2386848107031185e-22
2.31045e-06,182556.0,6.08519,3e+22,2390.3,784.968,46186.6,4.08685,4.01838,4.05298,0.000823973755,-0.00140287511,0.129330198,0.00921697517,0.00917893975,0.0218313315,6.99372218e-05,6.43259809e-05,-0.0001857261,2092.84769,-770.085373,862.348914,-413.790765,1387.45591,-1119.94277,440.023729,507.935966,6951.4031,6500.0,182555.583795,6.085186127,-150.0,30000 3000,1e-06,2,0.0 0.0259,0.0 0.0,-1.0 0.0,0.00054857 28.0,30000,1000,0,0.0,0.0 0.0 0.0,1000 1000000 0,0,0.0,0,100,0,,50,,1,,,10,1.0,10.0,0.1,True,{},,,False,3,mixed,250,300,True,Ar_Aubin,,False,uniform,Argon_Aubin_Model3-test/50Td,3.0000000000000005e+21,9.237320000000002e+23,7.189553516223072e-18,1.8913652211913026e-13,1.8896459801330757e-13,6.251785666280932e-19,0.0,9.3776784994214e-19,0.0,0.0,9.3776784994214e-19,9.3776784994214e-19,9.3776784994214e-19,0.0,6.251785666280932e-19,1.2503571332561863e-18,3.125892833140466e-19,4.6888392497107e-18,1.5629464165702332e-18,0.0,3.125892833140466e-19,1.2503571332561863e-18,4.063660683082606e-18,9.3776784994214e-19,3.1258928331404664e-18,7.50214279953712e-18,3.75107139976856e-18,4.3762499663966525e-18,4.188696396408224e-17,2.907080334820633e-17,3.313446403128894e-17,0.0,9.3776784994214e-19,2.8133035498264193e-18,1.5629464165702332e-18,1.7192410582272562e-17,7.189553516223072e-18,2098.9426062767893,2090.878145533424,2009.02273894962,1388.5571220693464,1275.056962772252,978.0809770532005,279.61664715785764,955.178124487917,45553.40494128657,9.110680988257315e+23,1.5782691821807023e-22,1.556631905406129e-22
2.34599e-06,182456.0,6.08185,3e+22,6052.45,-5024.47,41259.9,4.04144,4.06798,4.04427,0.000794433481,-0.00142655122,0.130941155,0.0093511309,0.00930544082,0.0223343565,5.56411205e-05,6.55437227e-05,-0.000193124164,2219.64898,-278.400368,-241.660291,-289.046589,2144.21011,-139.763175,622.523141,-830.837588,6552.3397,6600.0,182455.637,6.081854567,-150.0,30000 3000,1e-06,2,0.0 0.0259,0.0 0.0,-1.0 0.0,0.00054857 28.0,30000,1000,0,0.0,0.0 0.0 0.0,1000 1000000 0,0,0.0,0,100,0,,50,,1,,,10,1.0,10.0,0.1,True,{},,,False,3,mixed,250,300,True,Ar_Aubin,,False,uniform,Argon_Aubin_Model3-test/50Td,3.0000000000000005e+21,8.251980000000003e+23,4.688839249710699e-18,1.892134190828255e-13,1.8903461801276992e-13,2.1881249831983263e-18,3.125892833140466e-19,9.3776784994214e-19,0.0,0.0,6.251785666280932e-19,3.125892833140466e-19,1.5629464165702332e-18,3.125892833140466e-19,9.3776784994214e-19,6.251785666280932e-19,9.3776784994214e-19,5.939196382966885e-18,1.87553569988428e-18,3.125892833140466e-19,0.0,2.1881249831983263e-18,4.3762499663966525e-18,6.251785666280932e-19,7.814732082851166e-18,6.564374949594979e-18,3.4384821164545128e-18,7.189553516223072e-18,4.688839249710699e-17,2.563232123175182e-17,2.938339263152038e-17,0.0,1.87553569988428e-18,2.5007142665123726e-18,1.87553569988428e-18,1.6879821298958518e-17,4.6888392497107e-18,1887.7764519909188,2214.8407110779217,1778.487233101545,2137.0424461916464,1177.9167203798809,1149.7207388155002,105.73500672781667,-444.43018956246186,45321.11046717708,9.064222093435417e+23,1.0345817217136589e-22,1.1364155632249953e-22
2.38154e-06,182539.0,6.08464,3e+22,3336.4,7520.22,42295.4,4.04542,4.08432,4.02899,0.000787029694,-0.00145763757,0.132602366,0.00947719595,0.00944657728,0.0228497662,5.26916714e-05,7.25171063e-05,-0.000190126095,1640.36497,119.01158,182.278873,-627.910778,2360.56212,-208.816553,430.4566,1138.26844,6890.47473,6700.0,182539.328812,6.084644294,-150.0,30000 3000,1e-06,2,0.0 0.0259,0.0 0.0,-1.0 0.0,0.00054857 28.0,30000,1000,0,0.0,0.0 0.0 0.0,1000 1000000 0,0,0.0,0,100,0,,50,,1,,,10,1.0,10.0,0.1,True,{},,,False,3,mixed,250,300,True,Ar_Aubin,,False,uniform,Argon_Aubin_Model3-test/50Td,3.0000000000000005e+21,8.459080000000002e+23,5.0014285330247444e-18,1.8920279104719287e-13,1.8902180185215404e-13,3.125892833140466e-19,0.0,3.125892833140466e-19,0.0,0.0,9.3776784994214e-19,9.3776784994214e-19,1.2503571332561863e-18,6.251785666280932e-19,1.5629464165702332e-18,6.251785666280932e-19,1.5629464165702332e-18,5.314017816338792e-18,1.2503571332561863e-18,3.125892833140466e-19,9.3776784994214e-19,6.251785666280932e-19,4.6888392497107e-18,1.2503571332561863e-18,4.6888392497107e-18,7.189553516223072e-18,4.3762499663966525e-18,5.001428533024745e-18,4.813874963036317e-17,2.6882678365008006e-17,3.7198124714371546e-17,3.125892833140466e-19,1.87553569988428e-18,2.8133035498264193e-18,3.125892833140466e-19,1.469169631576019e-17,5.001428533024745e-18,1773.4609656452492,1637.7391241289386,1984.0373311006026,2371.5238752066653,1091.6785847967753,1282.0046190836001,186.67455243588648,137.03320335799242,46734.90803310684,9.34698160662137e+23,1.0701697603602323e-22,1.182499404905674e-22
2.41709e-06,183192.0,6.10639,3e+22,-6659.53,4284.67,54674.4,4.02189,4.0862,4.08734,0.000850940274,-0.0014825419,0.134333768,0.00960974765,0.00959162152,0.023391962,3.6986998e-05,8.34661474e-05,-0.000196471324,1558.32797,511.428249,-876.820291,-609.231959,863.604937,-337.08822,-100.375135,289.552459,8259.51671,6800.0,183191.721363,6.106390712,-150.0,30000 3000,1e-06,2,0.0 0.0259,0.0 0.0,-1.0 0.0,0.00054857 28.0,30000,1000,0,0.0,0.0 0.0 0.0,1000 1000000 0,0,0.0,0,100,0,,50,,1,,,10,1.0,10.0,0.1,True,{},,,False,3,mixed,250,300,True,Ar_Aubin,,False,uniform,Argon_Aubin_Model3-test/50Td,3.0000000000000005e+21,1.0934880000000003e+24,5.0014285330247444e-18,1.8908963372663315e-13,1.8891489631726062e-13,1.87553569988428e-18,3.125892833140466e-19,6.251785666280932e-19,0.0,3.125892833140466e-19,6.251785666280932e-19,9.3776784994214e-19,1.5629464165702332e-18,6.251785666280932e-19,9.3776784994214e-19,2.1881249831983263e-18,1.2503571332561863e-18,6.251785666280933e-18,4.3762499663966525e-18,3.125892833140466e-19,9.3776784994214e-19,1.2503571332561863e-18,2.5007142665123726e-18,3.125892833140466e-19,4.6888392497107e-18,5.626607099652839e-18,3.1258928331404664e-18,6.564374949594979e-18,4.595062464716485e-17,2.7195267648322054e-17,3.3759642597917035e-17,0.0,1.5629464165702332e-18,1.5629464165702332e-18,1.2503571332561863e-18,1.1253214199305677e-17,5.001428533024745e-18,1863.0683068600017,1563.9948322829114,2039.2373809300202,869.9571398026729,1125.6314983110433,914.8985448608,28.161936207880174,-129.12031690774575,48709.59392776542,9.741918785553085e+23,1.026785101194168e-22,9.147660574281098e-23
2.45263e-06,182675.0,6.08915,3e+22,-478.215,-2342.4,44330.4,4.09274,4.02715,4.04721,0.00084940298,-0.00156610805,0.136032005,0.00975698674,0.00971967824,0.0239237754,2.84607245e-05,7.4095613e-05,-0.000199369513,2688.38856,196.962834,293.224866,-582.032727,1494.90063,374.865952,-492.10797,63.582096,6726.51333,6900.0,182674.580014,6.089152667,-150.0,30000 3000,1e-06,2,0.0 0.0259,0.0 0.0,-1.0 0.0,0.00054857 28.0,30000,1000,0,0.0,0.0 0.0 0.0,1000 1000000 0,0,0.0,0,100,0,,50,,1,,,10,1.0,10.0,0.1,True,{},,,False,3,mixed,250,300,True,Ar_Aubin,,False,uniform,Argon_Aubin_Model3-test/50Td,3.0000000000000005e+21,8.866080000000002e+23,5.626607099652838e-18,1.9003771702292467e-13,1.8983797247088702e-13,1.87553569988428e-18,0.0,3.125892833140466e-19,0.0,3.125892833140466e-19,9.3776784994214e-19,9.3776784994214e-19,1.2503571332561863e-18,6.251785666280932e-19,3.125892833140466e-19,9.3776784994214e-19,9.3776784994214e-19,6.251785666280933e-18,1.87553569988428e-18,6.251785666280932e-19,9.3776784994214e-19,2.1881249831983263e-18,5.001428533024745e-18,9.3776784994214e-19,6.251785666280933e-18,4.6888392497107e-18,4.6888392497107e-18,4.6888392497107e-18,5.689124956315649e-17,2.844562478157824e-17,3.75107139976856e-17,3.125892833140466e-19,2.5007142665123726e-18,4.063660683082606e-18,3.1258928331404664e-18,1.469169631576019e-17,5.626607099652839e-18,2071.1780417083733,2688.7947572460807,1797.728483305585,1491.2321785036802,1022.1890984177569,696.1601355479988,-298.39336378272503,-171.484932593517,47776.561805466226,9.555312361093246e+23,1.177691924036502e-22,1.269243476181771e-22
2.48818e-06,182430.0,6.08099,3e+22,9494.57,6797.29,42670.2,4.03477,4.05648,4.0596,0.000881899867,-0.00157528563,0.137689559,0.00993226414,0.00987196972,0.0244743294,4.46513199e-05,8.40425637e-05,-0.000202315589,2262.8342,-351.299263,-617.762219,-392.945218,2275.71103,-59.4835431,929.416902,1421.51518,7544.73832,7000.0,182429.675034,6.080989168,-150.0,30000 3000,1e-06,2,0.0 0.0259,0.0 0.0,-1.0 0.0,0.00054857 28.0,30000,1000,0,0.0,0.0 0.0 0.0,1000 1000000 0,0,0.0,0,100,0,,50,,1,,,10,1.0,10.0,0.1,True,{},,,False,3,mixed,250,300,True,Ar_Aubin,,False,uniform,Argon_Aubin_Model3-test/50Td,3.0000000000000005e+21,8.53404e+23,7.189553516223072e-18,1.8876016462202015e-13,1.885713606948985e-13,9.3776784994214e-19,6.251785666280932e-19,6.251785666280932e-19,0.0,3.125892833140466e-19,3.125892833140466e-19,1.87553569988428e-18,9.3776784994214e-19,0.0,6.251785666280932e-19,9.3776784994214e-19,9.3776784994214e-19,4.6888392497107e-18,1.2503571332561863e-18,6.251785666280932e-19,9.3776784994214e-19,9.3776784994214e-19,3.75107139976856e-18,2.8133035498264193e-18,5.314017816338792e-18,6.251785666280933e-18,3.1258928331404664e-18,3.4384821164545128e-18,5.782901741309863e-17,3.0946339048090613e-17,3.313446403128894e-17,0.0,1.5629464165702332e-18,1.87553569988428e-18,9.3776784994214e-19,1.4066517749132096e-17,7.189553516223072e-18,2464.751248361528,2254.460939979778,2141.805263243491,2286.4187032599425,1362.2821336312372,1669.4972995582011,114.347773635583,-1033.279316899493,46632.02552228918,9.326405104457837e+23,1.5417630771338912e-22,1.6849120735836889e-22
2.52372e-06,182522.0,6.08406,3e+22,-7099.92,-818.785,48684.2,4.0435,4.09021,4.02066,0.000884148438,-0.00159163609,0.139380525,0.0100773569,0.0100096014,0.0250455353,3.85242238e-05,8.27436898e-05,-0.000200736886,2029.24846,611.073222,554.295859,204.277901,1986.90682,32.8378474,-706.6098,-273.041136,8690.25047,7100.0,182521.942859,6.084064762,-150.0,30000 3000,1e-06,2,0.0 0.0259,0.0 0.0,-1.0 0.0,0.00054857 28.0,30000,1000,0,0.0,0.0 0.0 0.0,1000 1000000 0,0,0.0,0,100,0,,50,,1,,,10,1.0,10.0,0.1,True,{},,,False,3,mixed,250,300,True,Ar_Aubin,,False,uniform,Argon_Aubin_Model3-test/50Td,3.0000000000000005e+21,9.736840000000002e+23,6.876964232909025e-18,1.8883987488926524e-13,1.8865544721210997e-13,2.1881249831983263e-18,3.125892833140466e-19,0.0,0.0,3.125892833140466e-19,3.125892833140466e-19,1.5629464165702332e-18,9.3776784994214e-19,0.0,0.0,6.251785666280932e-19,6.251785666280932e-19,3.75107139976856e-18,2.1881249831983263e-18,3.125892833140466e-19,0.0,9.3776784994214e-19,3.75107139976856e-18,1.2503571332561863e-18,6.8769642329090255e-18,6.8769642329090255e-18,4.063660683082606e-18,4.3762499663966525e-18,5.126464246350364e-17,3.313446403128894e-17,3.407223188123108e-17,0.0,6.251785666280932e-19,1.5629464165702332e-18,1.2503571332561863e-18,1.4379107032446144e-17,6.8769642329090255e-18,2040.8940244728908,2035.525843177925,1935.2700964554328,1985.6036122440494,1444.4880116534105,1904.6211147950007,-87.31210218428542,794.2325766727204,47572.00650435826,9.514401300871653e+23,1.445590534903967e-22,1.412565931638812e-22
2.55927e-06,182608.0,6.08693,3e+22,6491.5,1797.46,44952.8,4.01376,4.07171,4.07664,0.000932835295,-0.00152497294,0.141129635,0.0102031791,0.0101458192,0.0256360835,2.87722327e-05,9.66445981e-05,-0.000205588133,1287.00231,-1229.71596,-363.659912,-821.634094,1626.29779,-688.821554,2015.29728,251.344424,7409.01714,7200.0,182607.800294,6.086926676,-150.0,30000 3000,1e-06,2,0.0 0.0259,0.0 0.0,-1.0 0.0,0.00054857 28.0,30000,1000,0,0.0,0.0 0.0 0.0,1000 1000000 0,0,0.0,0,100,0,,50,,1,,,10,1.0,10.0,0.1,True,{},,,False,3,mixed,250,300,True,Ar_Aubin,,False,uniform,Argon_Aubin_Model3-test/50Td,3.0000000000000005e+21,8.990560000000002e+23,6.251785666280931e-18,1.8936252417096634e-13,1.891718447081448e-13,1.5629464165702332e-18,3.125892833140466e-19,6.251785666280932e-19,0.0,6.251785666280932e-19,1.5629464165702332e-18,1.2503571332561863e-18,2.1881249831983263e-18,0.0,6.251785666280932e-19,9.3776784994214e-19,3.125892833140466e-19,4.6888392497107e-18,3.1258928331404664e-18,1.2503571332561863e-18,0.0,1.5629464165702332e-18,5.314017816338792e-18,9.3776784994214e-19,5.626607099652839e-18,5.939196382966885e-18,4.3762499663966525e-18,5.314017816338792e-18,5.095205318018959e-17,3.1884106898032754e-17,3.4384821164545125e-17,0.0,1.87553569988428e-18,2.5007142665123726e-18,1.2503571332561863e-18,1.3441339182504003e-17,6.251785666280933e-18,1768.6358399795647,1280.9468096825076,1919.032603026822,1629.0388678607326,1405.3164972457482,1064.8448837719998,154.26122839812217,693.5607839484239,49207.77372036883,9.841554744073768e+23,1.270487403435018e-22,1.3907444400083934e-22
2.59481e-06,182553.0,6.0851,3e+22,5409.8,212.616,36563.9,4.08678,4.02425,4.0514,0.000970684912,-0.00154271411,0.142845328,0.0103521741,0.0102694791,0.0262193072,1.15044919e-05,0.000101096049,-0.000220888356,2410.46659,341.143018,11.7288816,530.523046,2172.28019,670.188511,1014.54996,-647.593186,6227.5613,7300.0,182553.111449,6.085103715,-150.0,30000 3000,1e-06,2,0.0 0.0259,0.0 0.0,-1.0 0.0,0.00054857 28.0,30000,1000,0,0.0,0.0 0.0 0.0,1000 1000000 0,0,0.0,0,100,0,,50,,1,,,10,1.0,10.0,0.1,True,{},,,False,3,mixed,250,300,True,Ar_Aubin,,False,uniform,Argon_Aubin_Model3-test/50Td,3.0000000000000005e+21,7.312780000000001e+23,5.0014285330247444e-18,1.895263209554229e-13,1.8933720443901793e-13,2.1881249831983263e-18,6.251785666280932e-19,1.5629464165702332e-18,0.0,3.125892833140466e-19,2.1881249831983263e-18,1.5629464165702332e-18,1.2503571332561863e-18,0.0,9.3776784994214e-19,1.2503571332561863e-18,1.87553569988428e-18,7.50214279953712e-18,1.2503571332561863e-18,6.251785666280932e-19,1.2503571332561863e-18,1.87553569988428e-18,5.001428533024745e-18,9.3776784994214e-19,4.063660683082606e-18,6.564374949594979e-18,3.1258928331404664e-18,7.189553516223072e-18,5.314017816338792e-17,2.6882678365008006e-17,2.782044621495015e-17,0.0,1.87553569988428e-18,3.1258928331404664e-18,2.5007142665123726e-18,1.5629464165702332e-17,5.001428533024745e-18,2094.8273544426775,2405.2153787630623,1738.6986170156772,2172.6081957032115,1350.5241719834983,1004.5790115407999,-71.8981651866009,218.02216013172335,48267.652073123114,9.653530414624624e+23,1.0361864143397377e-22,1.367859701242139e-22
2.63036e-06,181617.0,6.0539,3e+22,4088.45,1137.25,38463.0,4.00538,4.02321,4.07071,0.00097445305,-0.00145993818,0.144478203,0.0105033432,0.0104225291,0.0267798261,1.55686949e-05,0.000110226259,-0.000193513171,1613.24594,-125.572179,-56.3294588,229.330251,1804.88783,-149.888318,373.571576,106.60063,6647.57575,7400.0,181617.032348,6.053901078,-150.0,30000 3000,1e-06,2,0.0 0.0259,0.0 0.0,-1.0 0.0,0.00054857 28.0,30000,1000,0,0.0,0.0 0.0 0.0,1000 1000000 0,0,0.0,0,100,0,,50,,1,,,10,1.0,10.0,0.1,True,{},,,False,3,mixed,250,300,True,Ar_Aubin,,False,uniform,Argon_Aubin_Model3-test/50Td,3.0000000000000005e+21,7.692600000000001e+23,7.189553516223072e-18,1.8863762962296107e-13,1.8843694730307345e-13,1.5629464165702332e-18,3.125892833140466e-19,6.251785666280932e-19,0.0,3.125892833140466e-19,1.5629464165702332e-18,3.1258928331404664e-18,2.1881249831983263e-18,0.0,1.2503571332561863e-18,1.87553569988428e-18,9.3776784994214e-19,5.939196382966885e-18,1.87553569988428e-18,1.5629464165702332e-18,6.251785666280932e-19,2.5007142665123726e-18,3.75107139976856e-18,1.87553569988428e-18,8.127321366165212e-18,5.939196382966885e-18,4.6888392497107e-18,5.626607099652839e-18,4.970169604693341e-17,3.250928546466085e-17,3.000857119814848e-17,0.0,1.5629464165702332e-18,2.5007142665123726e-18,6.251785666280932e-19,2.031830341541303e-17,7.189553516223072e-18,2126.3197270494747,1609.2619374277276,2156.376737014801,1806.5481446952049,1285.0536119775738,1090.5106280110003,196.95344734964277,-310.93017951749994,45937.73033922831,9.187546067845663e+23,1.5650650267506984e-22,1.8692128841284019e-22
2.6659e-06,181091.0,6.03638,3e+22,-832.177,-5623.05,37013.2,4.00923,4.06066,3.99491,0.000988843321,-0.00141852816,0.146043289,0.0106555847,0.0105638787,0.0273159902,5.79135494e-06,0.000120166413,-0.000195502021,2430.95612,451.489823,-116.703804,-1550.01768,768.083625,506.666244,-210.010773,-1541.49629,7153.50288,7500.0,181091.488211,6.03638294,-150.0,30000 3000,1e-06,2,0.0 0.0259,0.0 0.0,-1.0 0.0,0.00054857 28.0,30000,1000,0,0.0,0.0 0.0 0.0,1000 1000000 0,0,0.0,0,100,0,,50,,1,,,10,1.0,10.0,0.1,True,{},,,False,3,mixed,250,300,True,Ar_Aubin,,False,uniform,Argon_Aubin_Model3-test/50Td,3.0000000000000005e+21,7.40264e+23,7.502142799537118e-18,1.872700515084621e-13,1.870868741884401e-13,1.87553569988428e-18,0.0,0.0,0.0,0.0,6.251785666280932e-19,1.5629464165702332e-18,1.87553569988428e-18,0.0,6.251785666280932e-19,0.0,3.125892833140466e-19,4.6888392497107e-18,3.1258928331404664e-18,1.2503571332561863e-18,3.125892833140466e-19,1.2503571332561863e-18,5.001428533024745e-18,1.2503571332561863e-18,5.626607099652839e-18,7.50214279953712e-18,4.063660683082606e-18,4.6888392497107e-18,4.5638035363850805e-17,2.6257499798379917e-17,3.1884106898032754e-17,0.0,1.87553569988428e-18,3.1258928331404664e-18,1.2503571332561863e-18,2.000571413209898e-17,7.50214279953712e-18,2141.110349485013,2431.7790126683394,1989.9733488539782,760.107170229912,1146.0411216597568,1747.973415585201,177.61647547492515,-241.78096649868422,44030.619995836125,8.806123999167227e+23,1.7038467321710615e-22,2.0268830578110293e-22
2.70145e-06,180712.0,6.02373,3e+22,4608.88,-1067.61,42122.9,4.0229,3.9737,4.04063,0.000997552656,-0.00143384987,0.147678717,0.0108135219,0.0107092796,0.027885994,5.85166355e-06,0.000124948405,-0.000200227806,2246.22078,208.018348,489.565843,-428.430645,1479.1936,-41.1270236,1034.99532,-601.07919,7318.1399,7600.0,180711.820995,6.023727367,-150.0,30000 3000,1e-06,2,0.0 0.0259,0.0 0.0,-1.0 0.0,0.00054857 28.0,30000,1000,0,0.0,0.0 0.0 0.0,1000 1000000 0,0,0.0,0,100,0,,50,,1,,,10,1.0,10.0,0.1,True,{},,,False,3,mixed,250,300,True,Ar_Aubin,,False,uniform,Argon_Aubin_Model3-test/50Td,3.0000000000000005e+21,8.424580000000002e+23,6.251785666280931e-18,1.864760747288444e-13,1.8628664562315614e-13,3.125892833140466e-19,1.5629464165702332e-18,6.251785666280932e-19,0.0,0.0,6.251785666280932e-19,1.5629464165702332e-18,9.3776784994214e-19,0.0,1.2503571332561863e-18,3.125892833140466e-19,9.3776784994214e-19,7.189553516223072e-18,2.8133035498264193e-18,0.0,6.251785666280932e-19,1.87553569988428e-18,3.4384821164545128e-18,1.5629464165702332e-18,6.251785666280933e-18,6.8769642329090255e-18,5.626607099652839e-18,6.564374949594979e-18,5.4077946013330064e-17,2.875821406489229e-17,3.063374976477657e-17,0.0,1.2503571332561863e-18,3.1258928331404664e-18,1.87553569988428e-18,1.2503571332561866e-17,6.251785666280933e-18,2221.383073646568,2241.6231795148146,2044.6695872182427,1477.6628075402894,1260.9593248554254,1097.4840716807003,52.85146675801603,801.9078670196175,46009.55397885505,9.201910795771013e+23,1.3588016239310015e-22,1.4841774109287185e-22
2.73699e-06,180722.0,6.02407,3e+22,3108.01,-1293.79,42698.8,4.00921,4.03235,3.99615,0.00109758472,-0.00143474701,0.149286889,0.0109457822,0.0108365686,0.0284505078,3.60945348e-06,0.000147638237,-0.000204139225,705.855838,694.732008,58.4453361,-281.068802,1591.85582,881.095344,36.7820488,-548.640244,7626.73831,7700.0,180722.138297,6.024071277,-150.0,30000 3000,1e-06,2,0.0 0.0259,0.0 0.0,-1.0 0.0,0.00054857 28.0,30000,1000,0,0.0,0.0 0.0 0.0,1000 1000000 0,0,0.0,0,100,0,,50,,1,,,10,1.0,10.0,0.1,True,{},,,False,3,mixed,250,300,True,Ar_Aubin,,False,uniform,Argon_Aubin_Model3-test/50Td,3.0000000000000005e+21,8.539760000000003e+23,3.1258928331404657e-18,1.8634947606910222e-13,1.861722379454632e-13,1.5629464165702332e-18,3.125892833140466e-19,6.251785666280932e-19,0.0,3.125892833140466e-19,1.2503571332561863e-18,1.2503571332561863e-18,1.5629464165702332e-18,3.125892833140466e-19,0.0,1.5629464165702332e-18,6.251785666280932e-19,8.439910649479259e-18,1.87553569988428e-18,1.2503571332561863e-18,9.3776784994214e-19,1.5629464165702332e-18,4.3762499663966525e-18,1.5629464165702332e-18,6.251785666280933e-18,4.3762499663966525e-18,3.75107139976856e-18,4.3762499663966525e-18,4.6263213930478895e-17,2.844562478157824e-17,3.3759642597917035e-17,0.0,1.2503571332561863e-18,2.8133035498264193e-18,6.251785666280932e-19,1.281616061587591e-17,3.1258928331404664e-18,1857.4937837795544,702.4445337143927,1790.4767771215988,1589.999558665932,1222.9715725208289,1252.3672939667995,173.0778135929341,-415.62330942322603,45242.75996331505,9.048551992663012e+23,6.909155930529185e-23,7.320797851790836e-23
2.77254e-06,180446.0,6.01485,3e+22,-2127.17,-1193.04,35381.6,3.98096,3.98723,4.05437,0.000993219812,-0.00140663492,0.150867966,0.0110731825,0.0109765391,0.0290066794,-1.60310535e-05,0.0001556249,-0.00021266914,1178.86047,-357.869501,567.03763,-331.240102,2004.56049,-40.2880991,-77.0289082,526.003043,6403.21696,7800.0,180445.540089,6.014851336,-150.0,30000 3000,1e-06,2,0.0 0.0259,0.0 0.0,-1.0 0.0,0.00054857 28.0,30000,1000,0,0.0,0.0 0.0 0.0,1000 1000000 0,0,0.0,0,100,0,,50,,1,,,10,1.0,10.0,0.1,True,{},,,False,3,mixed,250,300,True,Ar_Aubin,,False,uniform,Argon_Aubin_Model3-test/50Td,3.0000000000000005e+21,7.076320000000001e+23,4.0636606830826054e-18,1.8659485865650374e-13,1.8641355687218163e-13,3.125892833140466e-19,9.3776784994214e-19,3.125892833140466e-19,0.0,0.0,0.0,9.3776784994214e-19,2.1881249831983263e-18,3.125892833140466e-19,6.251785666280932e-19,6.251785666280932e-19,1.2503571332561863e-18,6.564374949594979e-18,2.1881249831983263e-18,3.125892833140466e-19,9.3776784994214e-19,3.75107139976856e-18,2.8133035498264193e-18,2.5007142665123726e-18,5.626607099652839e-18,3.4384821164545128e-18,3.75107139976856e-18,5.939196382966885e-18,4.9076517480305316e-17,2.875821406489229e-17,3.3759642597917035e-17,0.0,2.5007142665123726e-18,2.8133035498264193e-18,3.1258928331404664e-18,1.187839276593377e-17,4.063660683082606e-18,1795.1479885249391,1180.973217387492,1970.0211164389732,2002.8823182750432,1147.8793644348664,1065.2669341744004,618.8316472847027,775.7888269359607,44480.49536648867,8.896099073297736e+23,9.13582605049885e-23,1.1485237194142169e-22
2.80808e-06,180288.0,6.00961,3e+22,7856.21,1235.95,44811.2,3.96266,4.01444,4.03034,0.00107311663,-0.0014350529,0.152549457,0.0112124031,0.0111217526,0.0295919853,-1.94659486e-05,0.000175678742,-0.00019747154,1790.9859,-46.8801045,-150.137254,-229.013487,1254.88567,-120.782393,1499.7795,-158.034712,8023.23711,7900.0,180288.395453,6.009613182,-150.0,30000 3000,1e-06,2,0.0 0.0259,0.0 0.0,-1.0 0.0,0.00054857 28.0,30000,1000,0,0.0,0.0 0.0 0.0,1000 1000000 0,0,0.0,0,100,0,,50,,1,,,10,1.0,10.0,0.1,True,{},,,False,3,mixed,250,300,True,Ar_Aubin,,False,uniform,Argon_Aubin_Model3-test/50Td,3.0000000000000005e+21,8.962240000000001e+23,5.3140178163387916e-18,1.8645075499689598e-13,1.8626038812335774e-13,6.251785666280932e-19,3.125892833140466e-19,3.125892833140466e-19,0.0,0.0,3.125892833140466e-19,9.3776784994214e-19,1.2503571332561863e-18,0.0,9.3776784994214e-19,6.251785666280932e-19,1.2503571332561863e-18,5.939196382966885e-18,1.87553569988428e-18,3.125892833140466e-19,0.0,6.251785666280932e-19,6.251785666280933e-18,1.87553569988428e-18,4.6888392497107e-18,7.50214279953712e-18,4.3762499663966525e-18,5.001428533024745e-18,4.970169604693341e-17,2.969598191483443e-17,4.2824731814024383e-17,0.0,1.2503571332561863e-18,6.251785666280932e-19,9.3776784994214e-19,1.500428559907424e-17,5.314017816338792e-18,1956.0267473902022,1782.5552704002275,2041.5123331340237,1256.659323631755,1056.5675724890486,1187.3128824816004,174.2992236174727,103.09403249177399,47305.445993011956,9.461089198602392e+23,1.1233416586165973e-22,1.185868224091029e-22
2.84363e-06,180833.0,6.02777,3e+22,-905.502,2145.71,41193.1,4.03491,3.99889,4.01207,0.000979314499,-0.00143033874,0.154216519,0.0113686349,0.0112830845,0.0301875802,-1.86641407e-05,0.000163574476,-0.00019579845,1621.82737,-351.087953,-476.229788,68.7694968,2341.9617,45.3821118,192.911181,-173.134544,7006.16701,8000.0,180833.144033,6.027771468,-150.0,30000 3000,1e-06,2,0.0 0.0259,0.0 0.0,-1.0 0.0,0.00054857 28.0,30000,1000,0,0.0,0.0 0.0 0.0,1000 1000000 0,0,0.0,0,100,0,,50,,1,,,10,1.0,10.0,0.1,True,{},,,False,3,mixed,250,300,True,Ar_Aubin,,False,uniform,Argon_Aubin_Model3-test/50Td,3.0000000000000005e+21,8.23862e+23,4.688839249710699e-18,1.8638292312241684e-13,1.862125619630107e-13,1.2503571332561863e-18,0.0,0.0,0.0,9.3776784994214e-19,0.0,1.2503571332561863e-18,9.3776784994214e-19,0.0,0.0,9.3776784994214e-19,1.2503571332561863e-18,6.564374949594979e-18,3.4384821164545128e-18,3.125892833140466e-19,3.125892833140466e-19,1.5629464165702332e-18,3.75107139976856e-18,2.8133035498264193e-18,5.314017816338792e-18,3.4384821164545128e-18,3.4384821164545128e-18,5.314017816338792e-18,4.5325446080536754e-17,2.907080334820633e-17,3.1258928331404664e-17,0.0,1.2503571332561863e-18,2.5007142665123726e-18,9.3776784994214e-19,1.2503571332561866e-17,4.6888392497107e-18,2200.345507627302,1622.7141412374735,2269.568044172434,2345.0307921378053,1184.358574069958,653.5105211811006,16.109543349094878,-184.01624070121892,46899.51442380722,9.379902884761446e+23,9.997628562504992e-23,1.1382584097119905e-22
2.87918e-06,180996.0,6.0332,3e+22,1296.64,-4936.77,37962.7,4.0616,3.96995,4.0265,0.000947600705,-0.00142260776,0.155913331,0.0115220845,0.0114172574,0.0308089765,-3.37469766e-05,0.000167083744,-0.000204933194,1189.97691,384.934691,-1.2970225,709.031584,1568.92573,73.4504965,192.613367,-555.118722,6736.16938,8100.0,180995.938674,6.033197956,-150.0,30000 3000,1e-06,2,0.0 0.0259,0.0 0.0,-1.0 0.0,0.00054857 28.0,30000,1000,0,0.0,0.0 0.0 0.0,1000 1000000 0,0,0.0,0,100,0,,50,,1,,,10,1.0,10.0,0.1,True,{},,,False,3,mixed,250,300,True,Ar_Aubin,,False,uniform,Argon_Aubin_Model3-test/50Td,3.0000000000000005e+21,7.59254e+23,5.3140178163387916e-18,1.8673896231611153e-13,1.865573479425061e-13,0.0,3.125892833140466e-19,1.2503571332561863e-18,3.125892833140466e-19,0.0,3.125892833140466e-19,6.251785666280932e-19,9.3776784994214e-19,6.251785666280932e-19,2.1881249831983263e-18,1.2503571332561863e-18,9.3776784994214e-19,5.314017816338792e-18,2.5007142665123726e-18,3.125892833140466e-19,0.0,9.3776784994214e-19,5.626607099652839e-18,6.251785666280932e-19,3.75107139976856e-18,6.251785666280933e-18,6.8769642329090255e-18,4.3762499663966525e-18,5.032687461356151e-17,2.6257499798379917e-17,2.907080334820633e-17,3.125892833140466e-19,2.1881249831983263e-18,3.75107139976856e-18,9.3776784994214e-19,1.8130178432214703e-17,5.314017816338792e-18,2159.3611239686957,1188.7482130218689,1887.6557314354752,1561.9026426886646,1338.6295971040458,817.2783692463008,191.0840409029191,-46.82059829154349,47736.47222988043,9.547294445976088e+23,1.1131986860588549e-22,1.3997997551119367e-22
2.91472e-06,181155.0,6.03851,3e+22,-3951.48,1850.63,45481.4,4.00439,4.0409,4.01986,0.00094163504,-0.00144708021,0.157566678,0.0116817687,0.0115599438,0.0314106769,-3.040236e-05,0.000173895552,-0.000214183215,2982.36092,325.944645,-548.309007,586.447199,1181.05863,-251.757517,-333.679809,-745.512969,8494.63359,8200.0,181155.410264,6.038513675,-150.0,30000 3000,1e-06,2,0.0 0.0259,0.0 0.0,-1.0 0.0,0.00054857 28.0,30000,1000,0,0.0,0.0 0.0 0.0,1000 1000000 0,0,0.0,0,100,0,,50,,1,,,10,1.0,10.0,0.1,True,{},,,False,3,mixed,250,300,True,Ar_Aubin,,False,uniform,Argon_Aubin_Model3-test/50Td,3.0000000000000005e+21,9.096280000000001e+23,4.688839249710699e-18,1.8693370543961618e-13,1.8675615472669382e-13,1.5629464165702332e-18,3.125892833140466e-19,0.0,0.0,3.125892833140466e-19,6.251785666280932e-19,1.5629464165702332e-18,1.87553569988428e-18,0.0,6.251785666280932e-19,1.5629464165702332e-18,1.87553569988428e-18,4.6888392497107e-18,3.75107139976856e-18,0.0,6.251785666280932e-19,2.1881249831983263e-18,3.75107139976856e-18,2.5007142665123726e-18,6.251785666280933e-18,6.8769642329090255e-18,3.4384821164545128e-18,5.626607099652839e-18,4.5325446080536754e-17,2.5319731948437773e-17,3.3759642597917035e-17,0.0,6.251785666280932e-19,9.3776784994214e-19,6.251785666280932e-19,1.6254642732330425e-17,4.6888392497107e-18,2246.3591709132634,2986.081772027859,2006.112910596565,1183.7366400490323,1173.2765359212697,1328.2804812107997,174.0052224282533,-302.194119124816,46513.66984194859,9.302733968389721e+23,1.0080561834065488e-22,1.0309355582085641e-22
2.95027e-06,182079.0,6.0693,3e+22,3255.61,3148.8,42348.3,4.04335,4.02285,4.06208,0.000907692034,-0.00142417536,0.159272701,0.0118243674,0.0117006084,0.0320303384,-3.51823485e-05,0.000165605996,-0.000210472465,2051.20761,-541.091697,-1042.5279,744.910649,1803.67307,99.114556,608.853133,985.100235,6852.11462,8300.0,182078.865237,6.069295508,-150.0,30000 3000,1e-06,2,0.0 0.0259,0.0 0.0,-1.0 0.0,0.00054857 28.0,30000,1000,0,0.0,0.0 0.0 0.0,1000 1000000 0,0,0.0,0,100,0,,50,,1,,,10,1.0,10.0,0.1,True,{},,,False,3,mixed,250,300,True,Ar_Aubin,,False,uniform,Argon_Aubin_Model3-test/50Td,3.0000000000000005e+21,8.469660000000001e+23,4.0636606830826054e-18,1.8757451347040997e-13,1.8740946632882019e-13,0.0,3.125892833140466e-19,3.125892833140466e-19,0.0,6.251785666280932e-19,6.251785666280932e-19,9.3776784994214e-19,1.5629464165702332e-18,3.125892833140466e-19,0.0,9.3776784994214e-19,2.1881249831983263e-18,1.5629464165702332e-18,9.3776784994214e-19,0.0,6.251785666280932e-19,1.5629464165702332e-18,3.1258928331404664e-18,6.251785666280932e-19,4.6888392497107e-18,6.564374949594979e-18,5.001428533024745e-18,3.1258928331404664e-18,4.407508894728057e-17,2.657008908169396e-17,3.250928546466085e-17,3.125892833140466e-19,1.5629464165702332e-18,9.3776784994214e-19,1.87553569988428e-18,1.750499986558661e-17,4.063660683082606e-18,2006.7501240662527,2048.2525187371893,1979.586186653444,1808.157513373568,1113.0305485419156,107.1864962417003,-126.3120626063205,-990.6437796660523,47995.605619855196,9.599121123971041e+23,8.466734882498323e-23,9.595805931011647e-23
2.98581e-06,182008.0,6.06695,3e+22,-9547.2,2144.9,40300.5,4.0319,4.04329,4.04892,0.000846751611,-0.00141970455,0.160845474,0.0119642424,0.0118145213,0.0326069563,-4.44043384e-05,0.000165123032,-0.000216338525,2852.1323,-138.778679,-322.310098,13.3701523,1082.31834,392.083301,-1718.91471,-24.5988661,7374.35327,8400.0,182008.484383,6.066949479,-150.0,30000 3000,1e-06,2,0.0 0.0259,0.0 0.0,-1.0 0.0,0.00054857 28.0,30000,1000,0,0.0,0.0 0.0 0.0,1000 1000000 0,0,0.0,0,100,0,,50,,1,,,10,1.0,10.0,0.1,True,{},,,False,3,mixed,250,300,True,Ar_Aubin,,False,uniform,Argon_Aubin_Model3-test/50Td,3.0000000000000005e+21,8.060100000000002e+23,4.3762499663966525e-18,1.88378805696377e-13,1.8820375569772117e-13,6.251785666280932e-19,6.251785666280932e-19,3.125892833140466e-19,0.0,0.0,0.0,0.0,9.3776784994214e-19,3.125892833140466e-19,6.251785666280932e-19,6.251785666280932e-19,1.2503571332561863e-18,4.6888392497107e-18,2.5007142665123726e-18,3.125892833140466e-19,3.125892833140466e-19,1.5629464165702332e-18,2.8133035498264193e-18,2.5007142665123726e-18,6.251785666280933e-18,4.3762499663966525e-18,4.6888392497107e-18,5.626607099652839e-18,4.407508894728057e-17,3.0946339048090613e-17,3.250928546466085e-17,0.0,2.5007142665123726e-18,2.1881249831983263e-18,6.251785666280932e-19,1.6879821298958518e-17,4.3762499663966525e-18,1969.0581135372668,2860.2164069805394,1602.5366776958601,1085.363464289295,1028.8909050219083,892.2002450629998,222.00998440881816,-539.7254119263052,44246.87863971145,8.849375727942292e+23,9.890528102628645e-23,1.0859046330434245e-22
3.02136e-06,182641.0,6.08803,3e+22,-5727.3,-3693.04,41149.6,4.04509,4.02322,4.09785,0.000838235118,-0.00152961033,0.162587912,0.0121068152,0.0119484877,0.0332593527,-4.89171686e-05,0.000156509731,-0.000235502522,1395.68058,-651.585007,457.307772,-317.0633,2312.73519,-19.8394524,-864.326506,-703.678604,7600.59273,8500.0,182640.782368,6.088026079,-150.0,30000 3000,1e-06,2,0.0 0.0259,0.0 0.0,-1.0 0.0,0.00054857 28.0,30000,1000,0,0.0,0.0 0.0 0.0,1000 1000000 0,0,0.0,0,100,0,,50,,1,,,10,1.0,10.0,0.1,True,{},,,False,3,mixed,250,300,True,Ar_Aubin,,False,uniform,Argon_Aubin_Model3-test/50Td,3.0000000000000005e+21,8.229920000000001e+23,4.3762499663966525e-18,1.883537985537119e-13,1.881771856086395e-13,1.87553569988428e-18,6.251785666280932e-19,3.125892833140466e-19,0.0,0.0,3.125892833140466e-19,6.251785666280932e-19,9.3776784994214e-19,0.0,0.0,1.87553569988428e-18,9.3776784994214e-19,6.564374949594979e-18,3.1258928331404664e-18,1.5629464165702332e-18,3.125892833140466e-19,2.5007142665123726e-18,1.87553569988428e-18,3.125892833140466e-19,7.50214279953712e-18,5.314017816338792e-18,3.75107139976856e-18,5.939196382966885e-18,4.970169604693341e-17,2.844562478157824e-17,3.000857119814848e-17,0.0,1.87553569988428e-18,1.5629464165702332e-18,9.3776784994214e-19,1.3441339182504003e-17,4.3762499663966525e-18,2005.7046787725326,1400.4814039913213,1879.8811273420274,2307.0862778668966,1249.5819116527784,910.1651863648003,-244.8709078849868,489.67797458594725,49020.07010752482,9.804014021504966e+23,8.927465743719687e-23,1.0634975713972075e-22
3.0569e-06,182738.0,6.09125,3e+22,-3526.82,783.559,42595.8,4.02609,4.04446,4.10156,0.000838209035,-0.0015385181,0.164292099,0.012233003,0.0120698238,0.0338985184,-5.57201316e-05,0.000150807885,-0.000242990933,2351.26681,54.928764,-681.294533,-35.372042,1754.18725,273.094809,-1730.0903,-7.90490695,7563.89103,8600.0,182737.609025,6.091253634,-150.0,30000 3000,1e-06,2,0.0 0.0259,0.0 0.0,-1.0 0.0,0.00054857 28.0,30000,1000,0,0.0,0.0 0.0 0.0,1000 1000000 0,0,0.0,0,100,0,,50,,1,,,10,1.0,10.0,0.1,True,{},,,False,3,mixed,250,300,True,Ar_Aubin,,False,uniform,Argon_Aubin_Model3-test/50Td,3.0000000000000005e+21,8.519160000000003e+23,5.939196382966884e-18,1.8950506488415752e-13,1.8932157497485222e-13,9.3776784994214e-19,0.0,3.125892833140466e-19,0.0,0.0,1.5629464165702332e-18,1.5629464165702332e-18,2.1881249831983263e-18,0.0,3.125892833140466e-19,9.3776784994214e-19,6.251785666280932e-19,7.189553516223072e-18,2.5007142665123726e-18,6.251785666280932e-19,6.251785666280932e-19,1.87553569988428e-18,4.063660683082606e-18,1.5629464165702332e-18,5.939196382966885e-18,6.564374949594979e-18,4.6888392497107e-18,6.8769642329090255e-18,4.5638035363850805e-17,2.938339263152038e-17,2.7195267648322054e-17,0.0,1.5629464165702332e-18,2.5007142665123726e-18,1.2503571332561863e-18,1.9067946282156843e-17,5.939196382966885e-18,1775.0235435062273,2354.2230223888187,1706.3919637648814,1755.3927697039178,1154.8756617444628,565.7376394157991,-200.47798478061446,-1867.6603568178732,47943.953366680245,9.588790673336051e+23,1.2387790254890548e-22,1.3943150223653232e-22
3.09245e-06,182628.0,6.0876,3e+22,-5976.49,5860.0,42619.5,4.02009,4.10276,4.04163,0.000855583332,-0.00151165292,0.165955599,0.0123631876,0.0122334128,0.0345290631,-4.98693091e-05,0.000146750631,-0.000247774539,1542.40754,-157.206968,-77.1018441,831.136929,2023.83725,102.201828,-1635.48908,879.712274,8480.95759,8700.0,182628.149904,6.087604997,-150.0,30000 3000,1e-06,2,0.0 0.0259,0.0 0.0,-1.0 0.0,0.00054857 28.0,30000,1000,0,0.0,0.0 0.0 0.0,1000 1000000 0,0,0.0,0,100,0,,50,,1,,,10,1.0,10.0,0.1,True,{},,,False,3,mixed,250,300,True,Ar_Aubin,,False,uniform,Argon_Aubin_Model3-test/50Td,3.0000000000000005e+21,8.523900000000002e+23,5.939196382966884e-18,1.8898616667385623e-13,1.8880017605028437e-13,1.2503571332561863e-18,9.3776784994214e-19,0.0,0.0,0.0,9.3776784994214e-19,1.5629464165702332e-18,9.3776784994214e-19,6.251785666280932e-19,6.251785666280932e-19,6.251785666280932e-19,9.3776784994214e-19,4.6888392497107e-18,1.5629464165702332e-18,0.0,1.2503571332561863e-18,1.2503571332561863e-18,5.626607099652839e-18,1.87553569988428e-18,4.063660683082606e-18,4.3762499663966525e-18,4.6888392497107e-18,5.001428533024745e-18,5.4077946013330064e-17,2.6257499798379917e-17,3.5322589014487265e-17,3.125892833140466e-19,2.8133035498264193e-18,1.87553569988428e-18,3.125892833140466e-19,1.6254642732330425e-17,5.939196382966885e-18,1830.8300307263448,1547.5209252278646,2302.280230261617,2032.6955361112,1141.886916126915,1408.0129384194997,-234.48819244013075,-757.223480050664,46799.304551362824,9.359860910272567e+23,1.269077914704596e-22,1.3935396668114089e-22
3.12799e-06,183083.0,6.10277,3e+22,-2294.82,6487.26,48596.8,4.05642,4.04867,4.08675,0.000783494617,-0.00150832709,0.167602969,0.0124942869,0.0123935794,0.0351485666,-4.10290842e-05,0.000129786922,-0.000249627784,1841.42703,-401.465042,356.856668,417.455669,3014.8555,278.57328,-184.669918,946.180334,9107.06635,8800.0,183083.114754,6.102770492,-150.0,30000 3000,1e-06,2,0.0 0.0259,0.0 0.0,-1.0 0.0,0.00054857 28.0,30000,1000,0,0.0,0.0 0.0 0.0,1000 1000000 0,0,0.0,0,100,0,,50,,1,,,10,1.0,10.0,0.1,True,{},,,False,3,mixed,250,300,True,Ar_Aubin,,False,uniform,Argon_Aubin_Model3-test/50Td,3.0000000000000005e+21,9.719360000000003e+23,3.751071399768559e-18,1.894869347057253e-13,1.893168861356025e-13,1.5629464165702332e-18,0.0,6.251785666280932e-19,0.0,0.0,0.0,3.125892833140466e-19,9.3776784994214e-19,0.0,1.87553569988428e-18,1.5629464165702332e-18,1.2503571332561863e-18,5.939196382966885e-18,1.5629464165702332e-18,3.125892833140466e-19,6.251785666280932e-19,2.5007142665123726e-18,4.6888392497107e-18,1.2503571332561863e-18,5.939196382966885e-18,6.251785666280933e-18,4.6888392497107e-18,5.001428533024745e-18,4.094919611414011e-17,3.000857119814848e-17,3.063374976477657e-17,3.125892833140466e-19,1.87553569988428e-18,2.1881249831983263e-18,9.3776784994214e-19,1.2503571332561866e-17,3.75107139976856e-18,1845.7727163448433,1843.225009116984,2253.1276049800567,3024.6404099978736,984.7845548769242,962.098386100799,-176.98179365661818,518.7300641171544,46345.51868877496,9.269103737754993e+23,8.093708962366369e-23,7.718762140240837e-23
3.16354e-06,183294.0,6.10981,3e+22,2489.15,2482.17,37400.1,4.08957,4.02603,4.096,0.000748352377,-0.00143013007,0.169288081,0.0126239668,0.0125404578,0.0357950014,-3.13514232e-05,0.000125484883,-0.000225888758,1307.38667,-287.65273,455.196444,-358.834929,1559.01869,-479.136428,349.042879,-51.0634459,7594.95626,8900.0,183294.207748,6.109806925,-150.0,30000 3000,1e-06,2,0.0 0.0259,0.0 0.0,-1.0 0.0,0.00054857 28.0,30000,1000,0,0.0,0.0 0.0 0.0,1000 1000000 0,0,0.0,0,100,0,,50,,1,,,10,1.0,10.0,0.1,True,{},,,False,3,mixed,250,300,True,Ar_Aubin,,False,uniform,Argon_Aubin_Model3-test/50Td,3.0000000000000005e+21,7.480020000000001e+23,4.3762499663966525e-18,1.8985453970290265e-13,1.8967323791858052e-13,9.3776784994214e-19,3.125892833140466e-19,0.0,0.0,3.125892833140466e-19,2.5007142665123726e-18,6.251785666280932e-19,2.5007142665123726e-18,0.0,1.2503571332561863e-18,6.251785666280932e-19,1.2503571332561863e-18,4.6888392497107e-18,3.4384821164545128e-18,1.2503571332561863e-18,3.125892833140466e-19,6.251785666280932e-19,4.6888392497107e-18,1.87553569988428e-18,3.4384821164545128e-18,5.001428533024745e-18,4.3762499663966525e-18,6.251785666280933e-18,5.56408924299003e-17,2.7507856931636102e-17,3.15715176147187e-17,0.0,1.2503571332561863e-18,1.2503571332561863e-18,9.3776784994214e-19,1.2503571332561866e-17,4.3762499663966525e-18,1824.9018513606286,1305.5239086807906,2069.299805225293,1562.568515955852,1107.536403478301,1263.5651017919,9.195203615638405,354.86744244381225,47407.31571455143,9.481463142910288e+23,9.231170127300385e-23,1.1701171832151928e-22
3.19908e-06,183170.0,6.10567,3e+22,7536.54,123.002,50342.7,4.0585,4.07858,4.05954,0.000571077469,-0.00138367252,0.170889757,0.0127607236,0.0126869881,0.036413926,-3.8725284e-05,0.000109926727,-0.000218157245,1451.3939,703.606955,15.7157846,19.242611,1343.84658,1138.43426,1804.20397,-262.443596,9644.04924,9000.0,183170.156506,6.105671884,-150.0,30000 3000,1e-06,2,0.0 0.0259,0.0 0.0,-1.0 0.0,0.00054857 28.0,30000,1000,0,0.0,0.0 0.0 0.0,1000 1000000 0,0,0.0,0,100,0,,50,,1,,,10,1.0,10.0,0.1,True,{},,,False,3,mixed,250,300,True,Ar_Aubin,,False,uniform,Argon_Aubin_Model3-test/50Td,3.0000000000000005e+21,1.0068540000000001e+24,5.939196382966884e-18,1.8983984800658685e-13,1.8966104693653127e-13,1.5629464165702332e-18,6.251785666280932e-19,6.251785666280932e-19,0.0,0.0,6.251785666280932e-19,3.125892833140466e-19,1.5629464165702332e-18,9.3776784994214e-19,1.2503571332561863e-18,3.125892833140466e-19,1.87553569988428e-18,6.564374949594979e-18,3.1258928331404664e-18,3.125892833140466e-19,9.3776784994214e-19,9.3776784994214e-19,2.8133035498264193e-18,3.125892833140466e-19,7.814732082851166e-18,6.564374949594979e-18,4.063660683082606e-18,5.314017816338792e-18,4.3762499663966524e-17,3.313446403128894e-17,3.000857119814848e-17,3.125892833140466e-19,9.3776784994214e-19,1.2503571332561863e-18,1.5629464165702332e-18,1.3441339182504003e-17,5.939196382966885e-18,1926.982138399915,1447.0899518117828,2063.0098743369713,1344.016774487305,1041.9058604420218,1040.997470276101,380.8563670273371,503.2526836805937,45060.007764717695,9.01200155294354e+23,1.3180637726426042e-22,1.1797532478327313e-22
3.23463e-06,182728.0,6.09092,3e+22,1836.0,-833.207,31502.5,4.03898,4.01663,4.12055,0.000602661657,-0.00145656052,0.172517286,0.0129229639,0.0128322624,0.0370560489,-3.76193774e-05,0.000133898131,-0.000231815959,2008.44791,492.317539,370.809574,-270.226392,1719.39633,-352.59541,652.387533,-203.311335,6835.64513,9100.0,182727.506534,6.090916884,-150.0,30000 3000,1e-06,2,0.0 0.0259,0.0 0.0,-1.0 0.0,0.00054857 28.0,30000,1000,0,0.0,0.0 0.0 0.0,1000 1000000 0,0,0.0,0,100,0,,50,,1,,,10,1.0,10.0,0.1,True,{},,,False,3,mixed,250,300,True,Ar_Aubin,,False,uniform,Argon_Aubin_Model3-test/50Td,3.0000000000000005e+21,6.300500000000001e+23,4.3762499663966525e-18,1.8979889881047273e-13,1.8960915711550113e-13,1.5629464165702332e-18,6.251785666280932e-19,6.251785666280932e-19,0.0,0.0,1.5629464165702332e-18,2.1881249831983263e-18,9.3776784994214e-19,3.125892833140466e-19,1.5629464165702332e-18,1.5629464165702332e-18,3.125892833140466e-19,4.3762499663966525e-18,3.1258928331404664e-18,6.251785666280932e-19,6.251785666280932e-19,2.5007142665123726e-18,4.063660683082606e-18,1.5629464165702332e-18,6.564374949594979e-18,6.564374949594979e-18,4.3762499663966525e-18,6.8769642329090255e-18,5.0639463896875546e-17,2.7195267648322054e-17,3.313446403128894e-17,3.125892833140466e-19,2.5007142665123726e-18,2.5007142665123726e-18,3.125892833140466e-19,1.6254642732330425e-17,4.3762499663966525e-18,2281.6345912942666,2007.341423197748,2040.5914843296373,1718.1827135788124,1170.5871746169653,1400.919327785,494.94844519071745,687.4700210543574,45787.331131454106,9.157466226290824e+23,9.55777473430929e-23,1.3891754515980167e-22
3.27017e-06,182125.0,6.07084,3e+22,4292.53,4599.99,33395.4,4.04388,4.06545,4.02578,0.000555864898,-0.00142732151,0.174077498,0.0130312499,0.0129576303,0.0376779817,-4.29405623e-05,0.000135208282,-0.000232998064,1280.33038,-569.054444,24.2001063,40.3072246,1410.50219,-479.230483,7.00348562,1581.73542,6916.9705,9200.0,182125.265252,6.070842175,-150.0,30000 3000,1e-06,2,0.0 0.0259,0.0 0.0,-1.0 0.0,0.00054857 28.0,30000,1000,0,0.0,0.0 0.0 0.0,1000 1000000 0,0,0.0,0,100,0,,50,,1,,,10,1.0,10.0,0.1,True,{},,,False,3,mixed,250,300,True,Ar_Aubin,,False,uniform,Argon_Aubin_Model3-test/50Td,3.0000000000000005e+21,6.679080000000001e+23,5.939196382966884e-18,1.8869327051539093e-13,1.8850759248110244e-13,9.3776784994214e-19,3.125892833140466e-19,1.2503571332561863e-18,0.0,0.0,6.251785666280932e-19,1.5629464165702332e-18,1.87553569988428e-18,3.125892833140466e-19,6.251785666280932e-19,0.0,6.251785666280932e-19,5.001428533024745e-18,2.5007142665123726e-18,1.2503571332561863e-18,0.0,1.5629464165702332e-18,4.063660683082606e-18,1.5629464165702332e-18,3.4384821164545128e-18,5.314017816338792e-18,5.314017816338792e-18,5.314017816338792e-18,5.595348171321434e-17,2.3131606965239447e-17,3.250928546466085e-17,0.0,2.5007142665123726e-18,3.1258928331404664e-18,9.3776784994214e-19,1.8130178432214703e-17,5.939196382966885e-18,1523.9695612932896,1277.9443132493882,1764.675905398631,1417.0678546727847,1141.7997668585883,1103.5828232907998,239.58469371670358,-734.5926211846091,43893.499580817916,8.778699916163585e+23,1.3530924714789425e-22,1.778447445746086e-22
3.30572e-06,183086.0,6.10286,3e+22,5543.63,6554.49,36985.9,4.07621,4.08426,4.03705,0.000610945023,-0.00136596493,0.175910783,0.0131746232,0.0130810402,0.038405518,-3.13694098e-05,0.000138118881,-0.000241057483,2536.66027,408.243942,382.922377,-154.175073,1419.63021,417.940496,122.542838,1156.95341,7873.49583,9300.0,183085.76218,6.102858739,-150.0,30000 3000,1e-06,2,0.0 0.0259,0.0 0.0,-1.0 0.0,0.00054857 28.0,30000,1000,0,0.0,0.0 0.0 0.0,1000 1000000 0,0,0.0,0,100,0,,50,,1,,,10,1.0,10.0,0.1,True,{},,,False,3,mixed,250,300,True,Ar_Aubin,,False,uniform,Argon_Aubin_Model3-test/50Td,3.0000000000000005e+21,7.397180000000001e+23,5.939196382966884e-18,1.8855854453428258e-13,1.8838036864279361e-13,1.5629464165702332e-18,0.0,6.251785666280932e-19,0.0,0.0,3.125892833140466e-19,6.251785666280932e-19,9.3776784994214e-19,3.125892833140466e-19,1.2503571332561863e-18,3.125892833140466e-19,6.251785666280932e-19,5.939196382966885e-18,2.1881249831983263e-18,0.0,3.125892833140466e-19,6.251785666280932e-19,4.3762499663966525e-18,6.251785666280932e-19,7.50214279953712e-18,6.564374949594979e-18,6.251785666280933e-18,5.626607099652839e-18,5.095205318018959e-17,2.5319731948437773e-17,3.15715176147187e-17,0.0,1.5629464165702332e-18,1.5629464165702332e-18,6.251785666280932e-19,1.4066517749132096e-17,5.939196382966885e-18,2015.8590417283283,2533.273416842146,1738.358360053874,1428.5834134740358,1208.4268888086544,1367.2772010403005,-219.3714994350267,-492.31543048846567,51575.87198343499,1.0315174396687e+24,1.151545510442251e-22,1.60580015167047e-22
3.34126e-06,182639.0,6.08796,3e+22,-3391.08,-6106.14,37246.4,4.04129,4.04989,4.07657,0.000640950047,-0.00135019083,0.177518322,0.0132945901,0.0132111926,0.0390721723,-3.66600392e-05,0.00014180304,-0.000249084851,2717.39811,35.9790076,-171.042857,526.157447,1499.46602,-436.773902,-1098.53619,-1526.80039,7642.56971,9400.0,182638.67656,6.087955885,-150.0,30000 3000,1e-06,2,0.0 0.0259,0.0 0.0,-1.0 0.0,0.00054857 28.0,30000,1000,0,0.0,0.0 0.0 0.0,1000 1000000 0,0,0.0,0,100,0,,50,,1,,,10,1.0,10.0,0.1,True,{},,,False,3,mixed,250,300,True,Ar_Aubin,,False,uniform,Argon_Aubin_Model3-test/50Td,3.0000000000000005e+21,7.449280000000002e+23,8.439910649479257e-18,1.8975044747155906e-13,1.8956351908013727e-13,1.2503571332561863e-18,3.125892833140466e-19,3.125892833140466e-19,0.0,6.251785666280932e-19,3.125892833140466e-19,6.251785666280932e-19,1.2503571332561863e-18,0.0,6.251785666280932e-19,1.2503571332561863e-18,1.87553569988428e-18,4.3762499663966525e-18,3.4384821164545128e-18,6.251785666280932e-19,3.125892833140466e-19,2.8133035498264193e-18,3.75107139976856e-18,2.8133035498264193e-18,5.001428533024745e-18,4.3762499663966525e-18,4.063660683082606e-18,3.75107139976856e-18,5.2514999596759834e-17,2.844562478157824e-17,3.313446403128894e-17,0.0,3.125892833140466e-19,1.87553569988428e-18,1.87553569988428e-18,1.656723201564447e-17,8.439910649479259e-18,1686.988145560034,2719.5716228853807,1831.3937234153254,1491.221565765304,1385.5974328238613,1030.6512814591997,-73.8323513978785,-691.4732974628207,45224.95175184465,9.044990350368933e+23,1.8662066674587458e-22,2.2659668181298746e-22
3.37681e-06,182538.0,6.0846,3e+22,5008.69,-7217.88,39648.9,4.0558,4.09464,4.00939,0.000646142637,-0.00135265182,0.179147214,0.0134361791,0.0133261985,0.0397553555,-5.37099113e-05,0.000146543839,-0.000257931312,1957.49797,-693.399806,-144.133454,-290.135012,2388.24683,-1635.98592,453.213256,-1666.16302,8427.44841,9500.0,182538.100018,6.084603334,-150.0,30000 3000,1e-06,2,0.0 0.0259,0.0 0.0,-1.0 0.0,0.00054857 28.0,30000,1000,0,0.0,0.0 0.0 0.0,1000 1000000 0,0,0.0,0,100,0,,50,,1,,,10,1.0,10.0,0.1,True,{},,,False,3,mixed,250,300,True,Ar_Aubin,,False,uniform,Argon_Aubin_Model3-test/50Td,3.0000000000000005e+21,7.929780000000002e+23,6.5643749495949784e-18,1.8917872167237766e-13,1.8899804506662216e-13,6.251785666280932e-19,1.2503571332561863e-18,3.125892833140466e-19,0.0,0.0,6.251785666280932e-19,3.4384821164545128e-18,9.3776784994214e-19,6.251785666280932e-19,0.0,0.0,6.251785666280932e-19,4.3762499663966525e-18,4.3762499663966525e-18,3.125892833140466e-19,6.251785666280932e-19,6.251785666280932e-19,5.939196382966885e-18,1.87553569988428e-18,5.626607099652839e-18,5.626607099652839e-18,3.75107139976856e-18,3.75107139976856e-18,5.314017816338792e-17,2.2819017681925403e-17,3.15715176147187e-17,0.0,1.87553569988428e-18,1.87553569988428e-18,1.5629464165702332e-18,1.5942053449016377e-17,6.564374949594979e-18,1991.5701701964392,1954.2616418354844,1617.6389677886316,2378.4835514814586,1437.7888803318058,1324.4584368354008,77.83067750251251,-613.8319020898092,45825.67645883836,9.165135291767674e+23,1.4324665682766834e-22,1.655625994566048e-22
3.41236e-06,182374.0,6.07915,3e+22,2120.77,-379.264,41513.3,4.05703,4.02753,4.0639,0.000751738741,-0.00135716817,0.180820639,0.0135702148,0.0134823031,0.0404274572,-6.26081987e-05,0.000155273892,-0.000269977619,1877.14692,146.671399,-186.451379,174.515011,1722.1952,538.964592,364.684284,-1126.39446,8723.17293,9600.0,182374.371489,6.079145716,-150.0,30000 3000,1e-06,2,0.0 0.0259,0.0 0.0,-1.0 0.0,0.00054857 28.0,30000,1000,0,0.0,0.0 0.0 0.0,1000 1000000 0,0,0.0,0,100,0,,50,,1,,,10,1.0,10.0,0.1,True,{},,,False,3,mixed,250,300,True,Ar_Aubin,,False,uniform,Argon_Aubin_Model3-test/50Td,3.0000000000000005e+21,8.302660000000001e+23,4.688839249710699e-18,1.885513549807664e-13,1.8836192587507807e-13,1.5629464165702332e-18,6.251785666280932e-19,3.125892833140466e-19,0.0,3.125892833140466e-19,6.251785666280932e-19,1.87553569988428e-18,1.2503571332561863e-18,0.0,9.3776784994214e-19,1.5629464165702332e-18,6.251785666280932e-19,4.063660683082606e-18,4.063660683082606e-18,6.251785666280932e-19,9.3776784994214e-19,9.3776784994214e-19,3.4384821164545128e-18,1.5629464165702332e-18,6.564374949594979e-18,4.6888392497107e-18,3.75107139976856e-18,4.3762499663966525e-18,5.782901741309863e-17,3.21966961813468e-17,3.21966961813468e-17,0.0,1.2503571332561863e-18,1.87553569988428e-18,1.5629464165702332e-18,1.3128749899189958e-17,4.6888392497107e-18,1883.3391827441528,1875.5526550302493,2195.6759736068216,1721.6804749711732,980.7527217794315,1216.7114970013,-321.98746514351177,-236.45323744878533,47078.52492868293,9.415704985736586e+23,9.959613766178112e-23,1.129478805517918e-22
3.4479e-06,181145.0,6.03815,3e+22,-306.803,-10555.0,39408.4,4.04077,3.97632,4.04975,0.000680849111,-0.00137571375,0.182366278,0.0137012648,0.0136108798,0.0410652298,-6.98376425e-05,0.000147862815,-0.000281602844,2482.11183,-267.142513,-357.113108,240.084491,1782.21292,-1019.95276,-256.983948,-2338.63523,8162.6113,9700.0,181144.630211,6.03815434,-150.0,30000 3000,1e-06,2,0.0 0.0259,0.0 0.0,-1.0 0.0,0.00054857 28.0,30000,1000,0,0.0,0.0 0.0 0.0,1000 1000000 0,0,0.0,0,100,0,,50,,1,,,10,1.0,10.0,0.1,True,{},,,False,3,mixed,250,300,True,Ar_Aubin,,False,uniform,Argon_Aubin_Model3-test/50Td,3.0000000000000005e+21,7.881680000000002e+23,6.5643749495949784e-18,1.8823595239390252e-13,1.880355826632982e-13,1.87553569988428e-18,0.0,6.251785666280932e-19,0.0,0.0,3.125892833140466e-19,3.125892833140466e-19,1.87553569988428e-18,3.125892833140466e-19,3.125892833140466e-19,1.2503571332561863e-18,1.2503571332561863e-18,6.251785666280933e-18,2.1881249831983263e-18,9.3776784994214e-19,2.1881249831983263e-18,3.1258928331404664e-18,6.251785666280933e-18,9.3776784994214e-19,8.127321366165212e-18,6.251785666280933e-18,5.001428533024745e-18,8.127321366165212e-18,5.188982103013174e-17,2.6882678365008006e-17,3.7823303280999636e-17,0.0,2.5007142665123726e-18,2.8133035498264193e-18,1.5629464165702332e-18,1.281616061587591e-17,6.564374949594979e-18,1844.8456849939726,2482.320716549802,1807.9135010398097,1767.69226136875,1074.9173844581503,975.8480700647997,122.51611336478676,-584.9777089166985,43483.51685450122,8.696703370900246e+23,1.5096237435347788e-22,1.6657298823588316e-22
3.48345e-06,181314.0,6.0438,3e+22,-1393.34,-2400.76,40456.0,4.03553,4.01612,4.0266,0.000658819025,-0.00144003268,0.184054003,0.0138353364,0.0137596673,0.0417947077,-6.61017886e-05,0.000150438505,-0.000301577487,2225.70113,-825.668585,436.384603,-23.5838474,1896.89014,-45.5220066,308.660935,-880.127521,9361.6525,9800.0,181314.003631,6.043800121,-150.0,30000 3000,1e-06,2,0.0 0.0259,0.0 0.0,-1.0 0.0,0.00054857 28.0,30000,1000,0,0.0,0.0 0.0 0.0,1000 1000000 0,0,0.0,0,100,0,,50,,1,,,10,1.0,10.0,0.1,True,{},,,False,3,mixed,250,300,True,Ar_Aubin,,False,uniform,Argon_Aubin_Model3-test/50Td,3.0000000000000005e+21,8.0912e+23,7.814732082851165e-18,1.8795180873537003e-13,1.8777175730818117e-13,2.1881249831983263e-18,9.3776784994214e-19,0.0,0.0,0.0,3.125892833140466e-19,1.2503571332561863e-18,3.4384821164545128e-18,0.0,1.2503571332561863e-18,9.3776784994214e-19,3.125892833140466e-19,6.564374949594979e-18,3.1258928331404664e-18,0.0,9.3776784994214e-19,1.2503571332561863e-18,5.939196382966885e-18,3.125892833140466e-19,6.564374949594979e-18,6.564374949594979e-18,4.063660683082606e-18,5.626607099652839e-18,4.2824731814024383e-17,2.6257499798379917e-17,3.250928546466085e-17,0.0,1.87553569988428e-18,1.87553569988428e-18,6.251785666280932e-19,1.469169631576019e-17,7.814732082851166e-18,1886.3356862526184,2226.6190889002933,2090.3744816835906,1893.432967143163,1562.2447806084506,1915.5637546320004,154.2064359627897,974.8421600646201,47480.827336307964,9.496165467261595e+23,1.645871085501356e-22,1.9316620730796828e-22
3.51899e-06,181482.0,6.04941,3e+22,1178.02,373.455,46269.3,4.04573,3.98695,4.05396,0.000554019251,-0.00151291409,0.185663772,0.0139723874,0.0139190762,0.0424945922,-7.66479848e-05,0.000140617825,-0.0003266375,2276.89041,-632.928629,-408.374858,-1155.48774,3039.26628,216.586582,-64.4070394,43.3958816,9890.35424,9900.0,181482.374959,6.049412499,-150.0,30000 3000,1e-06,2,0.0 0.0259,0.0 0.0,-1.0 0.0,0.00054857 28.0,30000,1000,0,0.0,0.0 0.0 0.0,1000 1000000 0,0,0.0,0,100,0,,50,,1,,,10,1.0,10.0,0.1,True,{},,,False,3,mixed,250,300,True,Ar_Aubin,,False,uniform,Argon_Aubin_Model3-test/50Td,3.0000000000000005e+21,9.253860000000003e+23,4.3762499663966525e-18,1.8740602784670372e-13,1.8723347856231438e-13,9.3776784994214e-19,3.125892833140466e-19,1.2503571332561863e-18,0.0,0.0,6.251785666280932e-19,3.125892833140466e-19,2.1881249831983263e-18,0.0,3.125892833140466e-19,2.5007142665123726e-18,3.125892833140466e-19,3.75107139976856e-18,6.251785666280932e-19,6.251785666280932e-19,3.125892833140466e-19,2.8133035498264193e-18,6.8769642329090255e-18,1.87553569988428e-18,4.3762499663966525e-18,8.752499932793305e-18,3.75107139976856e-18,6.564374949594979e-18,3.876107113094178e-17,2.7507856931636102e-17,3.2821874747974894e-17,0.0,1.5629464165702332e-18,2.1881249831983263e-18,6.251785666280932e-19,1.5629464165702332e-17,4.3762499663966525e-18,1929.6182512677137,2276.237764241937,2239.300796667755,3039.8312853314806,1473.1060426386864,1299.8214742004002,241.27720893652398,-717.1316170217344,45287.68842100556,9.057537684201112e+23,9.663222211109452e-23,9.458215201865281e-23
3.55454e-06,181741.0,6.05802,3e+22,-729.626,-53.6761,37565.2,4.02625,4.04321,4.03856,0.000550512334,-0.00151587404,0.187400566,0.0141152251,0.0140744567,0.04321626,-6.71346544e-05,0.000134241617,-0.000320717587,2006.4903,-406.191777,411.000545,-96.2719539,3283.83013,-813.930757,-304.126738,153.291066,8119.90952,10000.0,181740.676918,6.058022564,-150.0,30000 3000,1e-06,2,0.0 0.0259,0.0 0.0,-1.0 0.0,0.00054857 28.0,30000,1000,0,0.0,0.0 0.0 0.0,1000 1000000 0,0,0.0,0,100,0,,50,,1,,,10,1.0,10.0,0.1,True,{},,,False,3,mixed,250,300,True,Ar_Aubin,,False,uniform,Argon_Aubin_Model3-test/50Td,3.0000000000000005e+21,7.513040000000002e+23,6.251785666280931e-18,1.8828159042926636e-13,1.8809653757354445e-13,2.1881249831983263e-18,9.3776784994214e-19,3.125892833140466e-19,0.0,0.0,3.125892833140466e-19,1.5629464165702332e-18,1.2503571332561863e-18,0.0,9.3776784994214e-19,1.2503571332561863e-18,6.251785666280932e-19,7.814732082851166e-18,3.4384821164545128e-18,1.2503571332561863e-18,6.251785666280932e-19,1.2503571332561863e-18,4.6888392497107e-18,1.5629464165702332e-18,4.063660683082606e-18,5.626607099652839e-18,4.3762499663966525e-18,6.251785666280933e-18,5.282758888007388e-17,3.1884106898032754e-17,2.813303549826419e-17,3.125892833140466e-19,6.251785666280932e-19,3.75107139976856e-18,6.251785666280932e-19,1.0315446349363537e-17,6.251785666280933e-18,2009.283528960058,2006.891968112207,2185.5364539233483,3283.7487637934414,1037.1510258377853,1080.1697780968007,-187.96319862222077,222.9260264391392,48861.28725517186,9.772257451034374e+23,1.2794967176431057e-22,1.6642492696114839e-22
3.59008e-06,181525.0,6.05084,3e+22,2853.57,-5559.1,45260.8,3.99063,4.05077,4.0484,0.00054703831,-0.00150835371,0.189023713,0.0142513618,0.0142217062,0.0439171594,-8.14482834e-05,0.000119584045,-0.000322284697,1270.27502,-1049.94783,-55.3237349,695.477524,1537.02548,1041.01329,500.759038,-931.253234,9486.74192,10100.0,181525.101724,6.050836724,-150.0,30000 3000,1e-06,2,0.0 0.0259,0.0 0.0,-1.0 0.0,0.00054857 28.0,30000,1000,0,0.0,0.0 0.0 0.0,1000 1000000 0,0,0.0,0,100,0,,50,,1,,,10,1.0,10.0,0.1,True,{},,,False,3,mixed,250,300,True,Ar_Aubin,,False,uniform,Argon_Aubin_Model3-test/50Td,3.0000000000000005e+21,9.052160000000003e+23,4.688839249710699e-18,1.878752243609581e-13,1.8769079668380285e-13,1.2503571332561863e-18,0.0,3.125892833140466e-19,0.0,3.125892833140466e-19,6.251785666280932e-19,1.87553569988428e-18,6.251785666280932e-19,3.125892833140466e-19,3.125892833140466e-19,1.2503571332561863e-18,1.2503571332561863e-18,4.6888392497107e-18,2.8133035498264193e-18,3.125892833140466e-19,9.3776784994214e-19,2.1881249831983263e-18,5.314017816338792e-18,6.251785666280932e-19,5.314017816338792e-18,6.8769642329090255e-18,5.001428533024745e-18,5.939196382966885e-18,4.970169604693341e-17,2.6882678365008006e-17,3.563517829780131e-17,3.125892833140466e-19,2.5007142665123726e-18,2.1881249831983263e-18,9.3776784994214e-19,1.3441339182504003e-17,4.6888392497107e-18,1915.0229413268623,1268.7140078897332,2071.607622796122,1528.6403908907391,1264.6848933193096,931.3774506495993,-419.026414890928,-118.7164851466581,45664.052169901566,9.132810433980315e+23,1.0268119071572982e-22,1.0359603121709512e-22
3.62563e-06,181326.0,6.04419,3e+22,-6603.4,1720.31,40906.4,4.03573,4.01829,4.02459,0.0004588645,-0.00146872715,0.190621357,0.0143721271,0.0143722427,0.0445898074,-8.14646589e-05,0.000102466913,-0.000300166798,1090.33129,571.777698,-1108.98231,-1220.31339,2316.11871,518.353095,-1647.34472,1039.0529,8270.24178,10200.0,181325.761717,6.044192057,-150.0,30000 3000,1e-06,2,0.0 0.0259,0.0 0.0,-1.0 0.0,0.00054857 28.0,30000,1000,0,0.0,0.0 0.0 0.0,1000 1000000 0,0,0.0,0,100,0,,50,,1,,,10,1.0,10.0,0.1,True,{},,,False,3,mixed,250,300,True,Ar_Aubin,,False,uniform,Argon_Aubin_Model3-test/50Td,3.0000000000000005e+21,8.181280000000002e+23,3.751071399768559e-18,1.8780114070081266e-13,1.8761921373792391e-13,1.87553569988428e-18,9.3776784994214e-19,3.125892833140466e-19,0.0,6.251785666280932e-19,3.125892833140466e-19,1.5629464165702332e-18,1.5629464165702332e-18,0.0,1.5629464165702332e-18,6.251785666280932e-19,9.3776784994214e-19,4.3762499663966525e-18,2.1881249831983263e-18,0.0,3.125892833140466e-19,9.3776784994214e-19,1.87553569988428e-18,1.87553569988428e-18,4.063660683082606e-18,3.75107139976856e-18,5.626607099652839e-18,3.4384821164545128e-18,4.3762499663966524e-17,3.5322589014487265e-17,3.969883898088392e-17,0.0,3.1258928331404664e-18,2.5007142665123726e-18,6.251785666280932e-19,1.4379107032446144e-17,3.75107139976856e-18,1699.9948556387976,1093.3613558393001,2119.1837969656267,2318.645376003417,929.9421554536887,472.6083020152,-33.28962846617168,-1516.3484559690007,44946.57536558827,8.989315073117657e+23,8.345622262114394e-23,9.169888818787668e-23
3.66117e-06,181372.0,6.04573,3e+22,-2011.44,2248.54,39651.1,4.06753,3.99794,4.01701,0.000424929131,-0.00150743491,0.192262371,0.0145287425,0.0145019975,0.0452950173,-7.60659294e-05,8.63348719e-05,-0.000319308108,1666.0491,190.390849,-238.058966,5.9084194,1442.74892,-767.873045,-182.323768,-198.187155,8330.39266,10300.0,181371.95691,6.045731897,-150.0,30000 3000,1e-06,2,0.0 0.0259,0.0 0.0,-1.0 0.0,0.00054857 28.0,30000,1000,0,0.0,0.0 0.0 0.0,1000 1000000 0,0,0.0,0,100,0,,50,,1,,,10,1.0,10.0,0.1,True,{},,,False,3,mixed,250,300,True,Ar_Aubin,,False,uniform,Argon_Aubin_Model3-test/50Td,3.0000000000000005e+21,7.930220000000001e+23,6.5643749495949784e-18,1.87471984185483e-13,1.8729349570471066e-13,1.5629464165702332e-18,6.251785666280932e-19,0.0,0.0,0.0,2.1881249831983263e-18,6.251785666280932e-19,3.125892833140466e-19,3.125892833140466e-19,0.0,6.251785666280932e-19,9.3776784994214e-19,5.626607099652839e-18,1.5629464165702332e-18,9.3776784994214e-19,9.3776784994214e-19,1.5629464165702332e-18,3.75107139976856e-18,1.2503571332561863e-18,3.4384821164545128e-18,5.314017816338792e-18,4.6888392497107e-18,5.001428533024745e-18,4.970169604693341e-17,2.782044621495015e-17,2.907080334820633e-17,0.0,2.8133035498264193e-18,2.8133035498264193e-18,1.2503571332561863e-18,1.7192410582272562e-17,6.564374949594979e-18,2203.4551849604577,1666.9038194512586,1823.5777264183384,1446.1384476925314,1081.6074932312986,706.9781612419001,-291.47371147611506,-50.507417941954145,46166.705115148405,9.233341023029682e+23,1.4218850864973357e-22,1.6555341338815263e-22
3.69672e-06,181341.0,6.04469,3e+22,829.978,11869.0,39017.0,3.98839,4.03479,4.05674,0.000487158252,-0.00145473699,0.193910696,0.0146763418,0.0146470451,0.0460110949,-7.52105648e-05,9.39170226e-05,-0.000320058294,1741.73533,603.880096,-962.395159,945.805119,2642.63959,-449.113113,603.666101,2733.75016,8439.00333,10400.0,181340.666368,6.044688879,-150.0,30000 3000,1e-06,2,0.0 0.0259,0.0 0.0,-1.0 0.0,0.00054857 28.0,30000,1000,0,0.0,0.0 0.0 0.0,1000 1000000 0,0,0.0,0,100,0,,50,,1,,,10,1.0,10.0,0.1,True,{},,,False,3,mixed,250,300,True,Ar_Aubin,,False,uniform,Argon_Aubin_Model3-test/50Td,3.0000000000000005e+21,7.803400000000001e+23,7.814732082851165e-18,1.874882388282153e-13,1.8730693704389318e-13,1.2503571332561863e-18,6.251785666280932e-19,3.125892833140466e-19,0.0,3.125892833140466e-19,6.251785666280932e-19,1.2503571332561863e-18,1.5629464165702332e-18,3.125892833140466e-19,3.125892833140466e-19,3.125892833140466e-19,6.251785666280932e-19,5.626607099652839e-18,2.5007142665123726e-18,6.251785666280932e-19,9.3776784994214e-19,6.251785666280932e-19,4.063660683082606e-18,1.87553569988428e-18,4.3762499663966525e-18,6.8769642329090255e-18,4.063660683082606e-18,5.314017816338792e-18,5.001428533024746e-17,3.000857119814848e-17,2.844562478157824e-17,0.0,6.251785666280932e-19,3.4384821164545128e-18,9.3776784994214e-19,1.5629464165702332e-17,7.814732082851166e-18,2075.409780223043,1741.3309993683215,2042.510427478841,2659.90586333431,1118.8350579431528,873.1897041679995,-145.87436839742404,-538.678123162972,46372.38573767649,9.2744771475353e+23,1.6852124294527886e-22,2.002904396250651e-22
3.73226e-06,181364.0,6.04548,3e+22,-797.18,-15.8123,34922.2,3.984,4.08621,4.01381,0.000473371864,-0.00146266434,0.195605499,0.0148079799,0.0147968805,0.046769749,-6.73461165e-05,9.05797601e-05,-0.000333132919,2599.4532,86.992992,-18.6471338,209.872812,1786.47949,-912.62993,-3.3841094,223.857682,7287.14644,10500.0,181364.340039,6.045478001,-150.0,30000 3000,1e-06,2,0.0 0.0259,0.0 0.0,-1.0 0.0,0.00054857 28.0,30000,1000,0,0.0,0.0 0.0 0.0,1000 1000000 0,0,0.0,0,100,0,,50,,1,,,10,1.0,10.0,0.1,True,{},,,False,3,mixed,250,300,True,Ar_Aubin,,False,uniform,Argon_Aubin_Model3-test/50Td,3.0000000000000005e+21,6.984440000000001e+23,5.939196382966884e-18,1.869896589213294e-13,1.8680366829775757e-13,9.3776784994214e-19,3.125892833140466e-19,0.0,0.0,3.125892833140466e-19,6.251785666280932e-19,3.125892833140466e-19,2.5007142665123726e-18,3.125892833140466e-19,9.3776784994214e-19,1.2503571332561863e-18,1.5629464165702332e-18,4.3762499663966525e-18,2.5007142665123726e-18,0.0,3.125892833140466e-19,9.3776784994214e-19,4.063660683082606e-18,1.5629464165702332e-18,6.251785666280933e-18,6.8769642329090255e-18,3.75107139976856e-18,5.314017816338792e-18,5.188982103013174e-17,2.969598191483443e-17,3.2821874747974894e-17,0.0,1.2503571332561863e-18,1.87553569988428e-18,1.87553569988428e-18,1.5629464165702332e-17,5.939196382966885e-18,1851.8759423282033,2599.8305625825433,2107.336993514871,1786.4563619126566,1385.5644354180267,456.17208282220145,-41.24883846620758,117.37036158383918,47679.9529615645,9.535990592312902e+23,1.2456380541638865e-22,1.700693651306872e-22
3.76781e-06,181469.0,6.04896,3e+22,897.132,-2312.17,38734.7,4.05371,4.03707,3.99858,0.000479186914,-0.00154783626,0.197338206,0.0149652857,0.0149382459,0.047534632,-6.60797583e-05,8.56858102e-05,-0.000337284458,2478.92636,223.875514,-137.468865,-476.972026,2017.41873,-260.899624,159.426242,-684.138274,8645.51612,10600.0,181468.779761,6.048959325,-150.0,30000 3000,1e-06,2,0.0 0.0259,0.0 0.0,-1.0 0.0,0.00054857 28.0,30000,1000,0,0.0,0.0 0.0 0.0,1000 1000000 0,0,0.0,0,100,0,,50,,1,,,10,1.0,10.0,0.1,True,{},,,False,3,mixed,250,300,True,Ar_Aubin,,False,uniform,Argon_Aubin_Model3-test/50Td,3.0000000000000005e+21,7.746940000000001e+23,9.377678499421398e-18,1.882515818580682e-13,1.880643408773631e-13,1.5629464165702332e-18,6.251785666280932e-19,0.0,0.0,3.125892833140466e-19,0.0,1.2503571332561863e-18,9.3776784994214e-19,3.125892833140466e-19,1.87553569988428e-18,3.125892833140466e-19,1.2503571332561863e-18,3.75107139976856e-18,3.1258928331404664e-18,9.3776784994214e-19,9.3776784994214e-19,9.3776784994214e-19,5.314017816338792e-18,2.1881249831983263e-18,5.314017816338792e-18,5.626607099652839e-18,5.001428533024745e-18,6.8769642329090255e-18,4.407508894728057e-17,3.1884106898032754e-17,3.313446403128894e-17,6.251785666280932e-19,6.251785666280932e-19,3.1258928331404664e-18,1.87553569988428e-18,1.4066517749132096e-17,9.3776784994214e-18,2212.6669108109522,2478.4964660854694,1984.9121107616584,2013.8398694347159,1181.962950769461,1001.6799120518017,-193.04034213023775,-173.64220378290779,48746.307539090856,9.749261507818174e+23,1.9237720707155527e-22,2.42100196966064e-22
3.80335e-06,181480.0,6.04933,3e+22,6658.81,2734.79,52977.6,3.98979,4.00357,4.08905,0.00050463507,-0.00152379193,0.199000192,0.0151096483,0.0150744257,0.0482753019,-5.22653358e-05,8.67293948e-05,-0.00035048774,2506.31917,-327.048437,340.953456,-396.699949,2055.68227,722.314618,1887.45249,442.224934,11724.1979,10700.0,181479.825057,6.049327502,-150.0,30000 3000,1e-06,2,0.0 0.0259,0.0 0.0,-1.0 0.0,0.00054857 28.0,30000,1000,0,0.0,0.0 0.0 0.0,1000 1000000 0,0,0.0,0,100,0,,50,,1,,,10,1.0,10.0,0.1,True,{},,,False,3,mixed,250,300,True,Ar_Aubin,,False,uniform,Argon_Aubin_Model3-test/50Td,3.0000000000000005e+21,1.0595520000000001e+24,4.0636606830826054e-18,1.8773174587991694e-13,1.8754919373846156e-13,1.5629464165702332e-18,1.5629464165702332e-18,0.0,0.0,6.251785666280932e-19,9.3776784994214e-19,1.2503571332561863e-18,1.87553569988428e-18,6.251785666280932e-19,6.251785666280932e-19,3.125892833140466e-19,1.2503571332561863e-18,7.189553516223072e-18,2.8133035498264193e-18,9.3776784994214e-19,3.125892833140466e-19,9.3776784994214e-19,6.564374949594979e-18,9.3776784994214e-19,4.6888392497107e-18,5.001428533024745e-18,4.063660683082606e-18,4.6888392497107e-18,5.095205318018959e-17,2.969598191483443e-17,3.000857119814848e-17,0.0,1.87553569988428e-18,2.1881249831983263e-18,9.3776784994214e-19,1.4066517749132096e-17,4.063660683082606e-18,2030.3268994676394,2502.9589009495335,1916.6144598434582,2059.8495209322446,1152.9063009780193,1181.6453283007995,-135.51698032648815,876.5671226240479,46756.71113561823,9.351342227123648e+23,8.691074680800204e-23,7.670526190470322e-23
3.8389e-06,181621.0,6.05404,3e+22,2446.34,-6125.52,36392.1,4.01525,4.05959,4.02546,0.000520057748,-0.00146953252,0.200729072,0.0152320325,0.0152117666,0.0490739359,-4.3917338e-05,0.000111324001,-0.000337457297,2106.96548,525.669995,513.825838,1105.70369,1309.76854,447.719872,-36.3063155,-1463.53056,7962.35607,10800.0,181621.240068,6.054041336,-150.0,30000 3000,1e-06,2,0.0 0.0259,0.0 0.0,-1.0 0.0,0.00054857 28.0,30000,1000,0,0.0,0.0 0.0 0.0,1000 1000000 0,0,0.0,0,100,0,,50,,1,,,10,1.0,10.0,0.1,True,{},,,False,3,mixed,250,300,True,Ar_Aubin,,False,uniform,Argon_Aubin_Model3-test/50Td,3.0000000000000005e+21,7.278420000000001e+23,5.939196382966884e-18,1.8782927373631092e-13,1.876435957020224e-13,1.87553569988428e-18,6.251785666280932e-19,9.3776784994214e-19,0.0,3.125892833140466e-19,0.0,2.8133035498264193e-18,9.3776784994214e-19,3.125892833140466e-19,6.251785666280932e-19,9.3776784994214e-19,9.3776784994214e-19,7.814732082851166e-18,3.4384821164545128e-18,3.125892833140466e-19,1.2503571332561863e-18,9.3776784994214e-19,2.8133035498264193e-18,9.3776784994214e-19,5.939196382966885e-18,6.564374949594979e-18,3.4384821164545128e-18,5.001428533024745e-18,4.9076517480305316e-17,2.844562478157824e-17,3.1258928331404664e-17,0.0,1.87553569988428e-18,2.8133035498264193e-18,1.5629464165702332e-18,1.5942053449016377e-17,5.939196382966885e-18,1721.2972211962403,2105.6932419287577,1934.1928353400701,1300.7668891580897,1512.854969358545,657.4036088687999,580.282480362679,-32.45802906747082,48638.642412239446,9.727728482447892e+23,1.2210859695936625e-22,1.6320015560978577e-22
3.87445e-06,181765.0,6.05884,3e+22,11492.3,-8021.17,51401.9,3.98338,4.0258,4.09235,0.000698366034,-0.00150599814,0.202423795,0.0153829534,0.0153460936,0.0498463742,-4.18183817e-05,0.000143943691,-0.000366505865,2578.61057,436.928623,42.4812693,211.115763,1247.02656,-692.244645,2270.52639,-1893.19579,11218.7105,10900.0,181765.107791,6.058836926,-150.0,30000 3000,1e-06,2,0.0 0.0259,0.0 0.0,-1.0 0.0,0.00054857 28.0,30000,1000,0,0.0,0.0 0.0 0.0,1000 1000000 0,0,0.0,0,100,0,,50,,1,,,10,1.0,10.0,0.1,True,{},,,False,3,mixed,250,300,True,Ar_Aubin,,False,uniform,Argon_Aubin_Model3-test/50Td,3.0000000000000005e+21,1.0280380000000001e+24,5.939196382966884e-18,1.8790992177140596e-13,1.8772705704066725e-13,1.87553569988428e-18,6.251785666280932e-19,3.125892833140466e-19,0.0,0.0,6.251785666280932e-19,9.3776784994214e-19,1.2503571332561863e-18,3.125892833140466e-19,6.251785666280932e-19,6.251785666280932e-19,9.3776784994214e-19,4.6888392497107e-18,1.87553569988428e-18,3.125892833140466e-19,3.125892833140466e-19,1.5629464165702332e-18,5.626607099652839e-18,3.4384821164545128e-18,6.251785666280933e-18,7.50214279953712e-18,5.001428533024745e-18,3.75107139976856e-18,4.688839249710699e-17,3.0946339048090613e-17,3.21966961813468e-17,3.125892833140466e-19,2.5007142665123726e-18,1.5629464165702332e-18,2.1881249831983263e-18,1.187839276593377e-17,5.939196382966885e-18,2119.875496461011,2570.5847380274618,1887.9868482230343,1234.946692899376,1254.8158661764267,813.7428317894992,-122.53354186277733,-49.204661021564334,47677.70231872426,9.535540463744854e+23,1.245696854949826e-22,1.155442966693232e-22
3.90999e-06,181732.0,6.05773,3e+22,-5861.2,-2825.06,30321.4,4.04999,4.07673,3.98328,0.000799975133,-0.00148463392,0.204050759,0.015513008,0.0154815571,0.0505741086,-5.31493651e-05,0.000160900527,-0.000368435045,1768.74818,-516.359512,-570.280427,-1798.87704,2281.78206,1049.62172,-930.771361,-365.986434,7923.55815,11000.0,181732.037951,6.057734598,-150.0,30000 3000,1e-06,2,0.0 0.0259,0.0 0.0,-1.0 0.0,0.00054857 28.0,30000,1000,0,0.0,0.0 0.0 0.0,1000 1000000 0,0,0.0,0,100,0,,50,,1,,,10,1.0,10.0,0.1,True,{},,,False,3,mixed,250,300,True,Ar_Aubin,,False,uniform,Argon_Aubin_Model3-test/50Td,3.0000000000000005e+21,6.064280000000001e+23,4.688839249710699e-18,1.8796243677100271e-13,1.8778269793309716e-13,1.5629464165702332e-18,3.125892833140466e-19,3.125892833140466e-19,0.0,3.125892833140466e-19,0.0,3.125892833140466e-19,1.5629464165702332e-18,0.0,9.3776784994214e-19,1.87553569988428e-18,6.251785666280932e-19,4.063660683082606e-18,2.8133035498264193e-18,3.125892833140466e-19,1.2503571332561863e-18,1.5629464165702332e-18,2.8133035498264193e-18,1.2503571332561863e-18,6.564374949594979e-18,7.814732082851166e-18,4.6888392497107e-18,4.6888392497107e-18,5.126464246350364e-17,2.375678553186754e-17,3.407223188123108e-17,0.0,1.2503571332561863e-18,2.1881249831983263e-18,1.2503571332561863e-18,1.5629464165702332e-17,4.6888392497107e-18,1827.2737809115595,1773.4369942495396,1906.3984723940448,2277.587880097965,934.226844063333,1736.4534660574,-138.21181273517627,-329.32584534694615,45771.435966398145,9.15428719327963e+23,1.024402916516074e-22,1.546379537129123e-22
3.94554e-06,181880.0,6.06266,3e+22,-2763.01,4734.86,38547.1,4.04157,4.05432,4.0208,0.000769533862,-0.00134732254,0.205641735,0.01564811,0.0156255682,0.0513122724,-5.89101282e-05,0.000150250934,-0.000329052885,2213.29386,468.56211,-374.540194,-153.231264,1218.39659,259.65525,-1102.03348,567.615519,8770.78442,11100.0,181879.734261,6.062657809,-150.0,30000 3000,1e-06,2,0.0 0.0259,0.0 0.0,-1.0 0.0,0.00054857 28.0,30000,1000,0,0.0,0.0 0.0 0.0,1000 1000000 0,0,0.0,0,100,0,,50,,1,,,10,1.0,10.0,0.1,True,{},,,False,3,mixed,250,300,True,Ar_Aubin,,False,uniform,Argon_Aubin_Model3-test/50Td,3.0000000000000005e+21,7.709420000000001e+23,6.251785666280931e-18,1.8766453918400442e-13,1.8749355284603167e-13,9.3776784994214e-19,0.0,1.2503571332561863e-18,0.0,0.0,6.251785666280932e-19,6.251785666280932e-19,3.75107139976856e-18,0.0,6.251785666280932e-19,2.1881249831983263e-18,3.125892833140466e-19,5.314017816338792e-18,1.5629464165702332e-18,9.3776784994214e-19,6.251785666280932e-19,3.125892833140466e-19,3.1258928331404664e-18,6.251785666280932e-19,3.75107139976856e-18,4.6888392497107e-18,6.564374949594979e-18,3.75107139976856e-18,4.9076517480305316e-17,2.594491051506587e-17,3.1258928331404664e-17,6.251785666280932e-19,3.125892833140466e-19,1.5629464165702332e-18,9.3776784994214e-19,1.3441339182504003e-17,6.251785666280933e-18,1901.086748899311,2215.420089756045,2031.204598198664,1224.7759736017445,1214.6842441757794,843.8918967815007,-159.29876870578497,-938.04680250955,44758.9842848862,8.951796856977242e+23,1.3967666528107468e-22,1.6218562917264674e-22
3.98108e-06,182891.0,6.09638,3e+22,-1878.41,-9982.27,34792.3,4.01484,4.09394,4.07651,0.0007374255,-0.00128492064,0.207329129,0.0158166251,0.0157517461,0.0520892815,-4.16789083e-05,0.000135616608,-0.000323175038,1530.86838,-703.377026,-395.887765,781.983792,2050.11389,182.206204,-1154.73853,-2425.00754,8305.42532,11200.0,182891.321164,6.096377372,-150.0,30000 3000,1e-06,2,0.0 0.0259,0.0 0.0,-1.0 0.0,0.00054857 28.0,30000,1000,0,0.0,0.0 0.0 0.0,1000 1000000 0,0,0.0,0,100,0,,50,,1,,,10,1.0,10.0,0.1,True,{},,,False,3,mixed,250,300,True,Ar_Aubin,,False,uniform,Argon_Aubin_Model3-test/50Td,3.0000000000000005e+21,6.958460000000003e+23,5.3140178163387916e-18,1.8903961944130292e-13,1.888789485496795e-13,1.2503571332561863e-18,0.0,6.251785666280932e-19,0.0,6.251785666280932e-19,9.3776784994214e-19,3.125892833140466e-19,9.3776784994214e-19,0.0,3.125892833140466e-19,0.0,1.2503571332561863e-18,4.063660683082606e-18,6.251785666280932e-19,6.251785666280932e-19,3.125892833140466e-19,9.3776784994214e-19,3.1258928331404664e-18,2.1881249831983263e-18,5.001428533024745e-18,4.3762499663966525e-18,4.063660683082606e-18,2.8133035498264193e-18,4.438767823059462e-17,2.500714266512373e-17,3.21966961813468e-17,3.125892833140466e-19,2.8133035498264193e-18,1.2503571332561863e-18,2.5007142665123726e-18,1.2503571332561866e-17,5.314017816338792e-18,2371.101267628373,1532.253567433455,1777.1941935622383,2037.2874652429473,1127.6359516503637,1091.9680650932996,-260.957369855422,-1186.83391501876,47471.515301558255,9.494303060311652e+23,1.1194118794359105e-22,1.5273545630322776e-22
4.01663e-06,182224.0,6.07413,3e+22,-3273.82,1243.75,32019.8,4.01248,4.03356,4.09633,0.00060701319,-0.0012439748,0.208925347,0.0159906739,0.0158957749,0.0528463618,-5.39904991e-05,0.000107221619,-0.000295490434,1237.17238,332.044442,353.383843,-559.320826,861.207306,-144.536519,-603.922326,820.159341,7896.3775,11300.0,182223.948015,6.074131601,-150.0,30000 3000,1e-06,2,0.0 0.0259,0.0 0.0,-1.0 0.0,0.00054857 28.0,30000,1000,0,0.0,0.0 0.0 0.0,1000 1000000 0,0,0.0,0,100,0,,50,,1,,,10,1.0,10.0,0.1,True,{},,,False,3,mixed,250,300,True,Ar_Aubin,,False,uniform,Argon_Aubin_Model3-test/50Td,3.0000000000000005e+21,6.40396e+23,5.939196382966884e-18,1.8904993488765228e-13,1.8885894283554743e-13,1.2503571332561863e-18,9.3776784994214e-19,3.125892833140466e-19,0.0,0.0,9.3776784994214e-19,1.87553569988428e-18,6.251785666280932e-19,3.125892833140466e-19,9.3776784994214e-19,1.2503571332561863e-18,2.1881249831983263e-18,5.314017816338792e-18,3.75107139976856e-18,3.125892833140466e-19,1.2503571332561863e-18,6.251785666280932e-19,4.6888392497107e-18,2.1881249831983263e-18,5.314017816338792e-18,7.189553516223072e-18,5.001428533024745e-18,5.001428533024745e-18,5.2514999596759834e-17,2.7195267648322054e-17,3.1258928331404664e-17,3.125892833140466e-19,1.87553569988428e-18,3.4384821164545128e-18,1.5629464165702332e-18,1.5629464165702332e-17,5.939196382966885e-18,2450.7268360352605,1239.1596319216858,2027.4402278221821,862.7544996575,1303.226476959385,1206.629674129399,-65.42741780757686,414.0090555743781,44906.45765696856,8.981291531393714e+23,1.3225706708676994e-22,1.8548511805092112e-22
4.05217e-06,181701.0,6.05671,3e+22,4123.28,2011.93,35397.4,4.07414,4.02443,4.00761,0.000577826777,-0.00125317901,0.210482661,0.0161575996,0.0160509627,0.0535805993,-5.50975217e-05,8.9288708e-05,-0.000305386589,1798.37011,171.732633,216.790353,-347.550946,1443.98359,1102.14066,747.69791,645.243486,8865.21687,11400.0,181701.430156,6.056714339,-150.0,30000 3000,1e-06,2,0.0 0.0259,0.0 0.0,-1.0 0.0,0.00054857 28.0,30000,1000,0,0.0,0.0 0.0 0.0,1000 1000000 0,0,0.0,0,100,0,,50,,1,,,10,1.0,10.0,0.1,True,{},,,False,3,mixed,250,300,True,Ar_Aubin,,False,uniform,Argon_Aubin_Model3-test/50Td,3.0000000000000005e+21,7.079480000000002e+23,5.939196382966884e-18,1.8825752105445118e-13,1.8807340596657924e-13,1.2503571332561863e-18,3.125892833140466e-19,3.125892833140466e-19,0.0,3.125892833140466e-19,3.125892833140466e-19,3.125892833140466e-19,2.5007142665123726e-18,9.3776784994214e-19,9.3776784994214e-19,1.5629464165702332e-18,1.5629464165702332e-18,4.6888392497107e-18,2.1881249831983263e-18,1.2503571332561863e-18,3.125892833140466e-19,1.2503571332561863e-18,4.063660683082606e-18,9.3776784994214e-19,6.8769642329090255e-18,7.50214279953712e-18,4.063660683082606e-18,5.001428533024745e-18,4.751357106373508e-17,2.7507856931636102e-17,3.594776758111536e-17,0.0,2.5007142665123726e-18,2.1881249831983263e-18,1.5629464165702332e-18,1.2503571332561866e-17,5.939196382966885e-18,2348.5497593024343,1795.9875684069316,2182.6286336900425,1446.5048984455893,1140.6192844854363,1414.6779255186002,-358.27384881550483,76.15575099574028,43811.97004394313,8.762394008788628e+23,1.355610436373874e-22,1.677862324059644e-22
4.08772e-06,181698.0,6.05661,3e+22,-4680.19,-1456.4,45840.9,3.98164,4.08363,4.03587,0.000625044887,-0.00126894089,0.212230082,0.0163227556,0.0161576479,0.0544046444,-4.12398111e-05,0.000104032093,-0.000293061791,2038.96882,-45.5517297,-952.035166,1254.45735,1469.39325,415.97865,-1256.36699,-726.590036,11166.8858,11500.0,181698.398621,6.056613287,-150.0,30000 3000,1e-06,2,0.0 0.0259,0.0 0.0,-1.0 0.0,0.00054857 28.0,30000,1000,0,0.0,0.0 0.0 0.0,1000 1000000 0,0,0.0,0,100,0,,50,,1,,,10,1.0,10.0,0.1,True,{},,,False,3,mixed,250,300,True,Ar_Aubin,,False,uniform,Argon_Aubin_Model3-test/50Td,3.0000000000000005e+21,9.168180000000001e+23,5.3140178163387916e-18,1.8829909542913193e-13,1.8810591525204386e-13,0.0,3.125892833140466e-19,6.251785666280932e-19,0.0,0.0,1.2503571332561863e-18,6.251785666280932e-19,1.2503571332561863e-18,0.0,3.125892833140466e-19,1.2503571332561863e-18,6.251785666280932e-19,5.939196382966885e-18,2.8133035498264193e-18,6.251785666280932e-19,1.87553569988428e-18,3.4384821164545128e-18,4.063660683082606e-18,1.2503571332561863e-18,6.251785666280933e-18,5.626607099652839e-18,3.75107139976856e-18,3.4384821164545128e-18,5.626607099652838e-17,3.2821874747974894e-17,3.2821874747974894e-17,3.125892833140466e-19,2.5007142665123726e-18,2.1881249831983263e-18,6.251785666280932e-19,1.500428559907424e-17,5.314017816338792e-18,2322.370864773681,2041.8941488296887,1500.1300681493221,1467.5451644878042,1201.1114787595989,1438.0678340462,104.44600421778482,-1243.7776686848986,49160.25702341228,9.832051404682458e+23,1.080958102763381e-22,1.1592306905708202e-22
4.12326e-06,182215.0,6.07383,3e+22,-9935.89,-6347.43,38167.9,4.0423,4.04152,4.05478,0.000584581458,-0.00132845081,0.213955738,0.0164918238,0.0162975329,0.0552394699,-4.11142149e-05,8.91175322e-05,-0.000306404021,1918.88335,417.056676,-50.6531326,-174.975207,2445.32224,-692.270189,-2353.73218,-1797.65739,9357.8126,11600.0,182215.04789,6.07383493,-150.0,30000 3000,1e-06,2,0.0 0.0259,0.0 0.0,-1.0 0.0,0.00054857 28.0,30000,1000,0,0.0,0.0 0.0 0.0,1000 1000000 0,0,0.0,0,100,0,,50,,1,,,10,1.0,10.0,0.1,True,{},,,False,3,mixed,250,300,True,Ar_Aubin,,False,uniform,Argon_Aubin_Model3-test/50Td,3.0000000000000005e+21,7.633580000000002e+23,5.939196382966884e-18,1.8825783364373448e-13,1.8808122069866207e-13,3.125892833140466e-19,9.3776784994214e-19,3.125892833140466e-19,0.0,0.0,3.125892833140466e-19,1.2503571332561863e-18,1.2503571332561863e-18,3.125892833140466e-19,1.87553569988428e-18,3.125892833140466e-19,9.3776784994214e-19,6.251785666280933e-18,2.5007142665123726e-18,9.3776784994214e-19,6.251785666280932e-19,1.87553569988428e-18,4.063660683082606e-18,9.3776784994214e-19,6.251785666280933e-18,3.75107139976856e-18,4.3762499663966525e-18,4.6888392497107e-18,4.9076517480305316e-17,2.4381964098495633e-17,3.313446403128894e-17,0.0,6.251785666280932e-19,2.8133035498264193e-18,1.5629464165702332e-18,1.500428559907424e-17,5.939196382966885e-18,2378.889330683111,1924.6916870627276,1965.5205656389733,2436.889991475082,1397.8655831987662,1191.571387589799,-206.3780530199487,-300.85688159397796,48547.94150579315,9.709588301158632e+23,1.223367294009401e-22,1.556071039529784e-22
4.15881e-06,182584.0,6.08613,3e+22,-7922.9,5233.22,37837.9,4.04412,4.08064,4.03885,0.000529745947,-0.00127233674,0.215587933,0.0166328405,0.0164329243,0.0560221264,-5.58606151e-05,8.76366355e-05,-0.00029221747,1515.93104,-492.948394,284.514735,-846.541659,1014.11386,-95.5329421,-2570.72286,1931.78033,9238.45708,11700.0,182583.940793,6.08613136,-150.0,30000 3000,1e-06,2,0.0 0.0259,0.0 0.0,-1.0 0.0,0.00054857 28.0,30000,1000,0,0.0,0.0 0.0 0.0,1000 1000000 0,0,0.0,0,100,0,,50,,1,,,10,1.0,10.0,0.1,True,{},,,False,3,mixed,250,300,True,Ar_Aubin,,False,uniform,Argon_Aubin_Model3-test/50Td,3.0000000000000005e+21,7.567580000000001e+23,5.3140178163387916e-18,1.885522927486163e-13,1.8838161899992686e-13,9.3776784994214e-19,3.125892833140466e-19,3.125892833140466e-19,0.0,3.125892833140466e-19,6.251785666280932e-19,1.87553569988428e-18,6.251785666280932e-19,3.125892833140466e-19,3.125892833140466e-19,3.125892833140466e-19,6.251785666280932e-19,5.626607099652839e-18,2.5007142665123726e-18,3.125892833140466e-19,1.2503571332561863e-18,1.5629464165702332e-18,1.87553569988428e-18,9.3776784994214e-19,4.6888392497107e-18,7.189553516223072e-18,3.75107139976856e-18,6.251785666280933e-18,4.5325446080536754e-17,2.2506428398611355e-17,3.657294614774345e-17,0.0,1.87553569988428e-18,3.1258928331404664e-18,1.2503571332561863e-18,1.2190982049247816e-17,5.314017816338792e-18,1984.4734439994322,1520.1281641634862,1906.5384096765304,1020.7722780745029,1147.2295699606193,1081.0624299392994,264.07993266775577,-598.1709648022913,45918.59987508941,9.183719975017883e+23,1.1572691307649425e-22,1.4044166870621233e-22
4.19435e-06,181990.0,6.06634,3e+22,-1692.39,7892.43,42241.7,4.006,4.05423,4.06194,0.000470958546,-0.00111100691,0.217184473,0.0167641178,0.0165541838,0.0567914137,-5.71138273e-05,7.67975259e-05,-0.000258270268,1969.52179,-120.56051,-1006.60244,-286.655166,1531.07165,-1345.80291,48.1122875,1482.25797,9981.84088,11800.0,181990.30326,6.066343442,-150.0,30000 3000,1e-06,2,0.0 0.0259,0.0 0.0,-1.0 0.0,0.00054857 28.0,30000,1000,0,0.0,0.0 0.0 0.0,1000 1000000 0,0,0.0,0,100,0,,50,,1,,,10,1.0,10.0,0.1,True,{},,,False,3,mixed,250,300,True,Ar_Aubin,,False,uniform,Argon_Aubin_Model3-test/50Td,3.0000000000000005e+21,8.448340000000002e+23,6.5643749495949784e-18,1.8876329051485328e-13,1.8857292364131507e-13,6.251785666280932e-19,0.0,6.251785666280932e-19,0.0,3.125892833140466e-19,6.251785666280932e-19,6.251785666280932e-19,9.3776784994214e-19,0.0,3.125892833140466e-19,1.87553569988428e-18,1.5629464165702332e-18,6.251785666280933e-18,2.5007142665123726e-18,6.251785666280932e-19,1.2503571332561863e-18,1.2503571332561863e-18,5.001428533024745e-18,2.1881249831983263e-18,7.814732082851166e-18,4.6888392497107e-18,5.626607099652839e-18,5.314017816338792e-18,4.501285679722271e-17,2.938339263152038e-17,4.032401754751201e-17,0.0,2.5007142665123726e-18,6.251785666280932e-19,0.0,1.5942053449016377e-17,6.564374949594979e-18,1847.4419870969386,1970.318835533665,1711.1075473322476,1539.8401942666915,1102.095389625248,807.5995268759016,30.463590534958332,-610.8234118520982,44915.516494398136,8.983103298879628e+23,1.4614938137054901e-22,1.5540034964490014e-22
4.2299e-06,182090.0,6.06966,3e+22,-7821.91,3980.02,35445.0,4.01501,4.0418,4.07493,0.000505965664,-0.000967461693,0.2188516,0.0169334668,0.0166915965,0.0576170392,-6.64056352e-05,9.44275822e-05,-0.000237063584,2851.36045,120.023663,-197.147657,185.567849,1301.50964,-242.879804,-1865.31162,665.396537,9599.51524,11900.0,182089.784067,6.069659469,-150.0,30000 3000,1e-06,2,0.0 0.0259,0.0 0.0,-1.0 0.0,0.00054857 28.0,30000,1000,0,0.0,0.0 0.0 0.0,1000 1000000 0,0,0.0,0,100,0,,50,,1,,,10,1.0,10.0,0.1,True,{},,,False,3,mixed,250,300,True,Ar_Aubin,,False,uniform,Argon_Aubin_Model3-test/50Td,3.0000000000000005e+21,7.089000000000002e+23,7.502142799537118e-18,1.8858949087333068e-13,1.8840975203542513e-13,1.2503571332561863e-18,0.0,0.0,0.0,9.3776784994214e-19,6.251785666280932e-19,9.3776784994214e-19,1.2503571332561863e-18,3.125892833140466e-19,6.251785666280932e-19,1.5629464165702332e-18,6.251785666280932e-19,5.314017816338792e-18,3.1258928331404664e-18,1.2503571332561863e-18,3.125892833140466e-19,1.87553569988428e-18,5.939196382966885e-18,1.2503571332561863e-18,3.4384821164545128e-18,4.3762499663966525e-18,5.314017816338792e-18,5.001428533024745e-18,4.970169604693341e-17,2.4381964098495633e-17,3.1258928331404664e-17,6.251785666280932e-19,3.125892833140466e-19,2.1881249831983263e-18,9.3776784994214e-19,1.750499986558661e-17,7.50214279953712e-18,2381.6696492219353,2855.3180678868985,1937.114988530811,1305.360156887374,1388.3370243086054,1842.3202780000001,258.3609920381781,-368.5557114044798,46901.3430711152,9.380268614223043e+23,1.5995582020245832e-22,2.1165588375051821e-22
4.26544e-06,181899.0,6.06331,3e+22,4639.02,6188.36,37565.0,4.0395,4.03599,4.04277,0.000494351203,-0.000941915658,0.220508666,0.0170823318,0.0168254788,0.0584389105,-6.53063001e-05,0.000102017311,-0.000225710568,1794.67502,602.324333,869.669095,203.901667,1689.55487,607.318606,318.251934,1960.9633,8615.92651,12000.0,181899.308352,6.063310278,-150.0,30000 3000,1e-06,2,0.0 0.0259,0.0 0.0,-1.0 0.0,0.00054857 28.0,30000,1000,0,0.0,0.0 0.0 0.0,1000 1000000 0,0,0.0,0,100,0,,50,,1,,,10,1.0,10.0,0.1,True,{},,,False,3,mixed,250,300,True,Ar_Aubin,,False,uniform,Argon_Aubin_Model3-test/50Td,3.0000000000000005e+21,7.513000000000001e+23,5.0014285330247444e-18,1.8858167614124785e-13,1.8839474774982605e-13,9.3776784994214e-19,6.251785666280932e-19,9.3776784994214e-19,0.0,3.125892833140466e-19,9.3776784994214e-19,1.2503571332561863e-18,6.251785666280932e-19,3.125892833140466e-19,6.251785666280932e-19,6.251785666280932e-19,3.125892833140466e-19,5.314017816338792e-18,2.8133035498264193e-18,6.251785666280932e-19,6.251785666280932e-19,9.3776784994214e-19,3.1258928331404664e-18,4.063660683082606e-18,3.4384821164545128e-18,6.251785666280933e-18,2.5007142665123726e-18,4.063660683082606e-18,4.595062464716485e-17,3.344705331460299e-17,3.563517829780131e-17,0.0,1.5629464165702332e-18,3.1258928331404664e-18,2.1881249831983263e-18,1.87553569988428e-17,5.001428533024745e-18,2094.1755915144963,1792.3817148822588,1883.9438720711642,1695.3837831813407,1319.7536314186573,332.5184717100001,261.98606858938695,146.40661431198498,46618.29660096623,9.323659320193248e+23,1.0728466927556258e-22,1.3314065041993196e-22
4.30099e-06,182297.0,6.07656,3e+22,-10210.4,-3928.55,41999.9,4.01992,4.07826,4.04424,0.00047233805,-0.000928671232,0.22223596,0.017253901,0.0169688349,0.0592974635,-6.20575115e-05,0.000109744187,-0.000211303841,1250.3206,287.822728,397.332677,-833.466912,1840.59004,274.825519,-2960.33807,-738.537219,9815.05031,12100.0,182296.869121,6.076562304,-150.0,30000 3000,1e-06,2,0.0 0.0259,0.0 0.0,-1.0 0.0,0.00054857 28.0,30000,1000,0,0.0,0.0 0.0 0.0,1000 1000000 0,0,0.0,0,100,0,,50,,1,,,10,1.0,10.0,0.1,True,{},,,False,3,mixed,250,300,True,Ar_Aubin,,False,uniform,Argon_Aubin_Model3-test/50Td,3.0000000000000005e+21,8.399980000000003e+23,4.688839249710699e-18,1.8855448087359953e-13,1.8837380426784403e-13,1.5629464165702332e-18,3.125892833140466e-19,1.2503571332561863e-18,0.0,3.125892833140466e-19,1.5629464165702332e-18,1.5629464165702332e-18,1.5629464165702332e-18,0.0,6.251785666280932e-19,9.3776784994214e-19,9.3776784994214e-19,4.063660683082606e-18,1.87553569988428e-18,3.125892833140466e-19,0.0,1.2503571332561863e-18,3.1258928331404664e-18,9.3776784994214e-19,5.939196382966885e-18,5.001428533024745e-18,5.626607099652839e-18,7.50214279953712e-18,5.376535673001601e-17,2.7507856931636102e-17,2.969598191483443e-17,0.0,2.8133035498264193e-18,1.5629464165702332e-18,1.2503571332561863e-18,1.3128749899189958e-17,4.6888392497107e-18,2413.680530792,1255.14336042572,2016.8696209585858,1836.9417086315264,1319.4796510651413,481.1622135960006,330.9879850204861,-313.72549788219476,48594.02341793926,9.718804683587854e+23,9.649003971915895e-23,1.1163929556286322e-22
4.33654e-06,182018.0,6.06726,3e+22,3150.17,322.264,42981.5,4.07716,4.05654,3.99025,0.000456181763,-0.000865205369,0.223788966,0.0174104636,0.0171029158,0.0600867214,-3.92841853e-05,0.000109315477,-0.000202346597,1945.75017,946.832624,127.681278,512.440265,1143.81053,757.725241,877.880361,-1073.2191,10770.9824,12200.0,182017.726143,6.067257538,-150.0,30000 3000,1e-06,2,0.0 0.0259,0.0 0.0,-1.0 0.0,0.00054857 28.0,30000,1000,0,0.0,0.0 0.0 0.0,1000 1000000 0,0,0.0,0,100,0,,50,,1,,,10,1.0,10.0,0.1,True,{},,,False,3,mixed,250,300,True,Ar_Aubin,,False,uniform,Argon_Aubin_Model3-test/50Td,3.0000000000000005e+21,8.596300000000002e+23,5.626607099652838e-18,1.8862043721237877e-13,1.8844288649945642e-13,9.3776784994214e-19,0.0,0.0,0.0,0.0,6.251785666280932e-19,9.3776784994214e-19,6.251785666280932e-19,0.0,9.3776784994214e-19,9.3776784994214e-19,9.3776784994214e-19,5.314017816338792e-18,1.87553569988428e-18,1.87553569988428e-18,0.0,3.125892833140466e-19,4.3762499663966525e-18,1.5629464165702332e-18,8.439910649479259e-18,5.939196382966885e-18,3.4384821164545128e-18,4.3762499663966525e-18,4.094919611414011e-17,3.2821874747974894e-17,3.344705331460299e-17,0.0,3.1258928331404664e-18,2.5007142665123726e-18,9.3776784994214e-19,1.469169631576019e-17,5.626607099652839e-18,2202.501609667999,1944.3131198956503,1887.6528316828224,1144.0893545430354,1358.5233781649404,1152.1969578710014,69.02004018666143,280.98097552939555,43690.772927017155,8.738154585403434e+23,1.28782503094e-22,1.3090764863145396e-22
4.37208e-06,182144.0,6.07146,3e+22,-3758.01,-871.793,38495.7,4.03133,3.99771,4.10536,0.000421556743,-0.000792387585,0.225548615,0.0175668574,0.0172633786,0.0609517251,-4.06002536e-05,0.000110101166,-0.000208975086,2350.45291,1245.79836,-953.864195,778.323622,1955.19249,-30.3578467,-417.396022,-117.878262,10325.7181,12300.0,182143.734032,6.071457801,-150.0,30000 3000,1e-06,2,0.0 0.0259,0.0 0.0,-1.0 0.0,0.00054857 28.0,30000,1000,0,0.0,0.0 0.0 0.0,1000 1000000 0,0,0.0,0,100,0,,50,,1,,,10,1.0,10.0,0.1,True,{},,,False,3,mixed,250,300,True,Ar_Aubin,,False,uniform,Argon_Aubin_Model3-test/50Td,3.0000000000000005e+21,7.699140000000001e+23,8.127321366165211e-18,1.8851759533816846e-13,1.8832691587534692e-13,3.125892833140466e-19,6.251785666280932e-19,3.125892833140466e-19,0.0,6.251785666280932e-19,6.251785666280932e-19,9.3776784994214e-19,6.251785666280932e-19,3.125892833140466e-19,6.251785666280932e-19,3.125892833140466e-19,1.2503571332561863e-18,4.6888392497107e-18,9.3776784994214e-19,1.2503571332561863e-18,6.251785666280932e-19,1.2503571332561863e-18,3.75107139976856e-18,2.5007142665123726e-18,6.8769642329090255e-18,4.6888392497107e-18,4.6888392497107e-18,3.75107139976856e-18,5.095205318018959e-17,3.21966961813468e-17,3.7198124714371546e-17,0.0,1.2503571332561863e-18,1.87553569988428e-18,1.87553569988428e-18,1.5629464165702332e-17,8.127321366165212e-18,2200.3436691291213,2352.0371244557614,2258.85068455672,1954.50169205011,1045.525932060565,1643.0662815445012,219.22933831849136,-539.8743882553549,49504.26778148514,9.90085355629703e+23,1.6417415569178205e-22,2.1112283621716742e-22
4.40763e-06,182164.0,6.07215,3e+22,3634.6,5402.29,36865.6,4.02944,4.03833,4.06856,0.000564706957,-0.000835766364,0.227224605,0.0177190195,0.0174125223,0.0617978022,-5.74045457e-05,0.000124255542,-0.000217154936,2362.61343,165.91158,-1101.01189,-362.663349,1781.86392,99.439819,232.757774,1051.65758,9009.25354,12400.0,182164.404422,6.072146814,-150.0,30000 3000,1e-06,2,0.0 0.0259,0.0 0.0,-1.0 0.0,0.00054857 28.0,30000,1000,0,0.0,0.0 0.0 0.0,1000 1000000 0,0,0.0,0,100,0,,50,,1,,,10,1.0,10.0,0.1,True,{},,,False,3,mixed,250,300,True,Ar_Aubin,,False,uniform,Argon_Aubin_Model3-test/50Td,3.0000000000000005e+21,7.373120000000002e+23,5.3140178163387916e-18,1.883587999822449e-13,1.8817437230508966e-13,2.5007142665123726e-18,3.125892833140466e-19,6.251785666280932e-19,0.0,6.251785666280932e-19,1.2503571332561863e-18,6.251785666280932e-19,3.125892833140466e-19,6.251785666280932e-19,6.251785666280932e-19,9.3776784994214e-19,1.5629464165702332e-18,4.3762499663966525e-18,3.75107139976856e-18,9.3776784994214e-19,9.3776784994214e-19,1.5629464165702332e-18,3.4384821164545128e-18,1.2503571332561863e-18,7.50214279953712e-18,2.8133035498264193e-18,3.75107139976856e-18,8.439910649479259e-18,5.001428533024746e-17,3.032116048146252e-17,3.15715176147187e-17,0.0,1.5629464165702332e-18,2.1881249831983263e-18,3.125892833140466e-19,1.4379107032446144e-17,5.314017816338792e-18,2138.404915126632,2360.5609460940877,2096.93902262555,1786.3789722705735,1227.0745442758628,632.4821419119999,-536.7614295384494,-1714.9429261269793,47150.686164735474,9.430137232947096e+23,1.1270287345920334e-22,1.4414570266966473e-22
4.44317e-06,181754.0,6.05847,3e+22,-7913.12,11885.9,35522.1,4.03632,4.04179,4.03049,0.000515076403,-0.000690192487,0.228775415,0.0178634991,0.017540458,0.0625909841,-5.95909016e-05,0.000113361528,-0.000185067754,2426.35967,404.46729,357.678809,-1368.13502,2169.9012,451.987189,-1912.94498,2955.26843,8850.99392,12500.0,181753.976778,6.058465893,-150.0,30000 3000,1e-06,2,0.0 0.0259,0.0 0.0,-1.0 0.0,0.00054857 28.0,30000,1000,0,0.0,0.0 0.0 0.0,1000 1000000 0,0,0.0,0,100,0,,50,,1,,,10,1.0,10.0,0.1,True,{},,,False,3,mixed,250,300,True,Ar_Aubin,,False,uniform,Argon_Aubin_Model3-test/50Td,3.0000000000000005e+21,7.104420000000001e+23,6.251785666280931e-18,1.881487399838579e-13,1.8796900114595235e-13,9.3776784994214e-19,6.251785666280932e-19,6.251785666280932e-19,0.0,9.3776784994214e-19,3.125892833140466e-19,1.5629464165702332e-18,6.251785666280932e-19,3.125892833140466e-19,2.1881249831983263e-18,9.3776784994214e-19,1.2503571332561863e-18,5.314017816338792e-18,3.1258928331404664e-18,1.5629464165702332e-18,6.251785666280932e-19,1.87553569988428e-18,5.314017816338792e-18,1.2503571332561863e-18,5.939196382966885e-18,6.8769642329090255e-18,4.063660683082606e-18,4.3762499663966525e-18,4.344991038065248e-17,2.657008908169396e-17,3.4384821164545125e-17,0.0,6.251785666280932e-19,1.87553569988428e-18,9.3776784994214e-19,1.500428559907424e-17,6.251785666280933e-18,2033.0786859390475,2430.435531386107,1802.73452747864,2178.104758881233,1209.8964842678524,724.4107508285006,-11.689743481724284,236.7645454497938,43628.992781063476,8.725798556212698e+23,1.4329429280325782e-22,1.7599707411107258e-22
4.47872e-06,181815.0,6.06049,3e+22,1607.69,-1167.03,46969.6,4.03357,4.02158,4.05326,0.000562796522,-0.000648724612,0.230454827,0.0180057009,0.0176737883,0.0634537533,-6.93388366e-05,0.000133682631,-0.000190964271,623.865927,426.251499,221.004569,-183.571787,1565.19162,-569.434732,1268.75583,-338.217537,12649.6122,12600.0,181814.634748,6.060487825,-150.0,30000 3000,1e-06,2,0.0 0.0259,0.0 0.0,-1.0 0.0,0.00054857 28.0,30000,1000,0,0.0,0.0 0.0 0.0,1000 1000000 0,0,0.0,0,100,0,,50,,1,,,10,1.0,10.0,0.1,True,{},,,False,3,mixed,250,300,True,Ar_Aubin,,False,uniform,Argon_Aubin_Model3-test/50Td,3.0000000000000005e+21,9.393920000000002e+23,6.5643749495949784e-18,1.8800057266356703e-13,1.8781802052211165e-13,9.3776784994214e-19,1.2503571332561863e-18,6.251785666280932e-19,0.0,0.0,6.251785666280932e-19,1.5629464165702332e-18,1.87553569988428e-18,0.0,3.125892833140466e-19,6.251785666280932e-19,1.87553569988428e-18,5.626607099652839e-18,1.87553569988428e-18,9.3776784994214e-19,9.3776784994214e-19,3.125892833140466e-19,3.75107139976856e-18,9.3776784994214e-19,5.314017816338792e-18,6.251785666280933e-18,3.1258928331404664e-18,3.1258928331404664e-18,5.314017816338792e-17,2.563232123175182e-17,3.3759642597917035e-17,0.0,1.5629464165702332e-18,9.3776784994214e-19,2.8133035498264193e-18,1.6254642732330425e-17,6.564374949594979e-18,1999.5606150972162,622.9611246595459,1876.2740333052807,1564.4345389160576,1287.5424221178964,1825.2411577408002,237.97019415509635,1092.8261506606389,47246.95741221061,9.449391482442124e+23,1.3893751701984658e-22,1.3975794874972278e-22
4.51426e-06,182020.0,6.06733,3e+22,-2856.76,-3762.12,40302.0,4.02969,4.06335,4.03226,0.00059184011,-0.000559270165,0.232089506,0.0181235391,0.0178131605,0.0643042542,-9.37668964e-05,0.000146606315,-0.000185237443,1558.88849,-1347.71209,-654.98735,194.887466,1539.31672,-260.87145,-393.585558,123.876598,10690.8556,12700.0,182019.869281,6.067328976,-150.0,30000 3000,1e-06,2,0.0 0.0259,0.0 0.0,-1.0 0.0,0.00054857 28.0,30000,1000,0,0.0,0.0 0.0 0.0,1000 1000000 0,0,0.0,0,100,0,,50,,1,,,10,1.0,10.0,0.1,True,{},,,False,3,mixed,250,300,True,Ar_Aubin,,False,uniform,Argon_Aubin_Model3-test/50Td,3.0000000000000005e+21,8.060400000000002e+23,4.688839249710699e-18,1.8836036292866149e-13,1.881865632871389e-13,2.1881249831983263e-18,3.125892833140466e-19,6.251785666280932e-19,0.0,0.0,1.5629464165702332e-18,3.125892833140466e-19,9.3776784994214e-19,0.0,1.2503571332561863e-18,1.87553569988428e-18,3.125892833140466e-19,4.3762499663966525e-18,2.5007142665123726e-18,6.251785666280932e-19,0.0,1.2503571332561863e-18,3.4384821164545128e-18,1.5629464165702332e-18,5.939196382966885e-18,5.939196382966885e-18,2.8133035498264193e-18,4.3762499663966525e-18,4.9076517480305316e-17,2.907080334820633e-17,2.5319731948437773e-17,0.0,2.1881249831983263e-18,1.2503571332561863e-18,1.5629464165702332e-18,1.844276771552875e-17,4.6888392497107e-18,1657.1014140981583,1560.5792351526436,1962.00156004374,1537.2126785268501,1327.7300617786352,1337.1843291880014,148.06361309272037,-409.40123095265994,45988.482335267014,9.197696467053403e+23,1.0195681639432981e-22,1.163425946531363e-22
4.54981e-06,182338.0,6.07793,3e+22,-5601.45,-6329.64,45413.0,4.04363,4.06146,4.03863,0.000604705935,-0.000698304475,0.233822962,0.0182583763,0.0179456347,0.0651983357,-8.89990269e-05,0.000143256107,-0.000217945229,2107.78218,-938.836913,956.736546,37.5231856,1271.03342,-902.660042,-1134.63587,-1658.68902,10995.3871,12800.0,182337.755129,6.077925171,-150.0,30000 3000,1e-06,2,0.0 0.0259,0.0 0.0,-1.0 0.0,0.00054857 28.0,30000,1000,0,0.0,0.0 0.0 0.0,1000 1000000 0,0,0.0,0,100,0,,50,,1,,,10,1.0,10.0,0.1,True,{},,,False,3,mixed,250,300,True,Ar_Aubin,,False,uniform,Argon_Aubin_Model3-test/50Td,3.0000000000000005e+21,9.082600000000001e+23,5.0014285330247444e-18,1.885626081949657e-13,1.8837911828566036e-13,2.5007142665123726e-18,0.0,0.0,0.0,3.125892833140466e-19,9.3776784994214e-19,1.2503571332561863e-18,6.251785666280932e-19,3.125892833140466e-19,9.3776784994214e-19,0.0,1.5629464165702332e-18,6.8769642329090255e-18,3.75107139976856e-18,0.0,6.251785666280932e-19,2.8133035498264193e-18,3.75107139976856e-18,2.8133035498264193e-18,5.314017816338792e-18,5.626607099652839e-18,5.626607099652839e-18,6.564374949594979e-18,4.5325446080536754e-17,3.1884106898032754e-17,3.313446403128894e-17,0.0,1.2503571332561863e-18,1.5629464165702332e-18,6.251785666280932e-19,1.2503571332561866e-17,5.001428533024745e-18,1896.4733193040852,2111.169410059606,1860.991210925347,1266.613404062861,1215.948292473827,376.7849266939993,-207.74733438908464,1104.386795868745,48767.379182678895,9.75347583653578e+23,1.0255684469509369e-22,1.1013208845539261e-22
4.58535e-06,182060.0,6.06866,3e+22,817.454,-4188.63,44353.0,4.02678,4.01517,4.08408,0.000459346589,-0.000783603636,0.23552618,0.0184021491,0.0180797828,0.0660959515,-9.24654765e-05,0.000106788956,-0.000225740078,2488.92746,-417.909651,482.713587,-1095.42056,1752.01842,-547.949615,76.546548,-508.899402,12467.9578,12900.0,182059.678014,6.068655934,-150.0,30000 3000,1e-06,2,0.0 0.0259,0.0 0.0,-1.0 0.0,0.00054857 28.0,30000,1000,0,0.0,0.0 0.0 0.0,1000 1000000 0,0,0.0,0,100,0,,50,,1,,,10,1.0,10.0,0.1,True,{},,,False,3,mixed,250,300,True,Ar_Aubin,,False,uniform,Argon_Aubin_Model3-test/50Td,3.0000000000000005e+21,8.870600000000001e+23,6.5643749495949784e-18,1.8835942516081157e-13,1.881659323944402e-13,9.3776784994214e-19,3.125892833140466e-19,3.125892833140466e-19,0.0,0.0,9.3776784994214e-19,3.125892833140466e-19,1.87553569988428e-18,3.125892833140466e-19,6.251785666280932e-19,1.2503571332561863e-18,1.2503571332561863e-18,7.50214279953712e-18,2.8133035498264193e-18,3.125892833140466e-19,1.87553569988428e-18,6.251785666280932e-19,3.4384821164545128e-18,1.2503571332561863e-18,5.626607099652839e-18,7.814732082851166e-18,4.063660683082606e-18,5.626607099652839e-18,5.2514999596759834e-17,2.938339263152038e-17,3.15715176147187e-17,0.0,2.5007142665123726e-18,3.1258928331404664e-18,1.87553569988428e-18,1.6879821298958518e-17,6.564374949594979e-18,2024.5583110472624,2488.5519652934354,1885.2185441921183,1748.7361943021415,1381.4993369190192,2021.665138460001,-91.74648597344664,346.354917792363,47916.69245528272,9.583338491056546e+23,1.3699557739134537e-22,1.480029524405334e-22
4.6209e-06,182074.0,6.06912,3e+22,-1718.18,710.535,40533.5,4.035,4.04908,4.04479,0.00051780791,-0.000824451458,0.237264733,0.0185500493,0.0182399855,0.0670326474,-8.48464775e-05,0.000121991844,-0.000234646264,2315.20266,-694.469896,361.787138,854.787853,1758.66715,-194.934691,-97.7952723,485.484228,10058.7212,13000.0,182073.538537,6.069117951,-150.0,30000 3000,1e-06,2,0.0 0.0259,0.0 0.0,-1.0 0.0,0.00054857 28.0,30000,1000,0,0.0,0.0 0.0 0.0,1000 1000000 0,0,0.0,0,100,0,,50,,1,,,10,1.0,10.0,0.1,True,{},,,False,3,mixed,250,300,True,Ar_Aubin,,False,uniform,Argon_Aubin_Model3-test/50Td,3.0000000000000005e+21,8.106700000000002e+23,5.939196382966884e-18,1.8839568551767597e-13,1.882043808762878e-13,1.5629464165702332e-18,3.125892833140466e-19,6.251785666280932e-19,0.0,0.0,9.3776784994214e-19,9.3776784994214e-19,1.2503571332561863e-18,6.251785666280932e-19,0.0,1.5629464165702332e-18,6.251785666280932e-19,5.626607099652839e-18,2.5007142665123726e-18,3.125892833140466e-19,1.87553569988428e-18,1.5629464165702332e-18,5.626607099652839e-18,9.3776784994214e-19,6.251785666280933e-18,7.50214279953712e-18,4.063660683082606e-18,5.001428533024745e-18,5.751642812978458e-17,3.032116048146252e-17,2.938339263152038e-17,0.0,1.2503571332561863e-18,1.87553569988428e-18,1.5629464165702332e-18,1.3753928465818051e-17,5.939196382966885e-18,2079.63722812466,2316.0923471948036,2252.570156078613,1759.25295161671,1613.7649292329177,441.55114494450027,15.008408732550276,650.6668177259551,48910.77326461381,9.782154652922764e+23,1.214292064211506e-22,1.465256240632288e-22
4.65644e-06,181649.0,6.05498,3e+22,-11231.1,-881.47,38591.6,4.02916,4.03778,4.03383,0.000543446653,-0.000723552647,0.238826265,0.0186825549,0.0183872188,0.0678672338,-9.08783585e-05,0.000141475343,-0.000214051722,474.238075,398.662346,-1024.09621,570.778496,2070.55982,-424.190669,-3064.90167,434.447192,9858.95574,13100.0,181649.464295,6.054982143,-150.0,30000 3000,1e-06,2,0.0 0.0259,0.0 0.0,-1.0 0.0,0.00054857 28.0,30000,1000,0,0.0,0.0 0.0 0.0,1000 1000000 0,0,0.0,0,100,0,,50,,1,,,10,1.0,10.0,0.1,True,{},,,False,3,mixed,250,300,True,Ar_Aubin,,False,uniform,Argon_Aubin_Model3-test/50Td,3.0000000000000005e+21,7.718320000000001e+23,3.4384821164545124e-18,1.8789460489652356e-13,1.8771142757650156e-13,1.2503571332561863e-18,3.125892833140466e-19,9.3776784994214e-19,0.0,3.125892833140466e-19,1.5629464165702332e-18,9.3776784994214e-19,1.2503571332561863e-18,0.0,9.3776784994214e-19,3.125892833140466e-19,9.3776784994214e-19,5.001428533024745e-18,1.87553569988428e-18,1.5629464165702332e-18,6.251785666280932e-19,9.3776784994214e-19,4.6888392497107e-18,3.1258928331404664e-18,6.8769642329090255e-18,6.251785666280933e-18,2.8133035498264193e-18,5.001428533024745e-18,5.56408924299003e-17,2.813303549826419e-17,3.063374976477657e-17,0.0,9.3776784994214e-19,1.87553569988428e-18,1.5629464165702332e-18,1.3441339182504003e-17,3.4384821164545128e-18,1863.5096351004695,480.34157870450827,2073.256902069179,2069.922030048249,1282.2344341469816,642.2680516259989,353.1179885075696,-1427.688691012415,43930.6351876756,8.786127037535121e+23,7.82707124940263e-23,8.909923704781643e-23
4.69199e-06,181362.0,6.04539,3e+22,-14682.8,4903.34,44764.6,4.00299,4.0269,4.04813,0.000444047566,-0.000627609314,0.240500787,0.0187992333,0.0185125121,0.0687498644,-9.43564606e-05,0.000118095268,-0.000192988074,2006.657,218.000427,498.870212,-227.661633,2222.9272,-940.108582,-4282.12257,1327.05558,11886.8078,13200.0,181361.581135,6.045386038,-150.0,30000 3000,1e-06,2,0.0 0.0259,0.0 0.0,-1.0 0.0,0.00054857 28.0,30000,1000,0,0.0,0.0 0.0 0.0,1000 1000000 0,0,0.0,0,100,0,,50,,1,,,10,1.0,10.0,0.1,True,{},,,False,3,mixed,250,300,True,Ar_Aubin,,False,uniform,Argon_Aubin_Model3-test/50Td,3.0000000000000005e+21,8.95292e+23,5.0014285330247444e-18,1.8757638900610988e-13,1.8738414659687175e-13,6.251785666280932e-19,1.5629464165702332e-18,3.125892833140466e-19,0.0,0.0,6.251785666280932e-19,1.2503571332561863e-18,3.1258928331404664e-18,0.0,3.125892833140466e-19,6.251785666280932e-19,9.3776784994214e-19,6.8769642329090255e-18,1.87553569988428e-18,0.0,3.125892833140466e-19,2.5007142665123726e-18,3.4384821164545128e-18,2.8133035498264193e-18,5.314017816338792e-18,5.001428533024745e-18,3.1258928331404664e-18,5.001428533024745e-18,5.845419597972672e-17,2.813303549826419e-17,3.500999973117322e-17,6.251785666280932e-19,3.1258928331404664e-18,1.5629464165702332e-18,1.2503571332561863e-18,1.3441339182504003e-17,5.001428533024745e-18,1642.6394979911395,2013.1768616020647,1764.2639410719803,2226.0045818537087,1125.1372361946312,1120.8862702598017,-10.817988423069625,-271.90501430936456,47109.38686862389,9.421877373724781e+23,1.0616628373815302e-22,1.1172731428460759e-22
4.72753e-06,181831.0,6.06103,3e+22,9591.31,-4536.01,48766.4,4.05489,4.01756,4.03545,0.000446464739,-0.000538576672,0.242168012,0.0189858525,0.0186617101,0.0696166839,-9.157316e-05,0.000120043968,-0.000187566003,3442.07331,-496.721511,137.668319,-1591.65479,3061.87624,-4.32183243,1698.5043,-965.843776,12342.8559,13300.0,181830.909579,6.061030319,-150.0,30000 3000,1e-06,2,0.0 0.0259,0.0 0.0,-1.0 0.0,0.00054857 28.0,30000,1000,0,0.0,0.0 0.0 0.0,1000 1000000 0,0,0.0,0,100,0,,50,,1,,,10,1.0,10.0,0.1,True,{},,,False,3,mixed,250,300,True,Ar_Aubin,,False,uniform,Argon_Aubin_Model3-test/50Td,3.0000000000000005e+21,9.753280000000002e+23,3.4384821164545124e-18,1.8775331454046562e-13,1.8758045266679296e-13,6.251785666280932e-19,6.251785666280932e-19,6.251785666280932e-19,0.0,3.125892833140466e-19,3.125892833140466e-19,1.2503571332561863e-18,2.1881249831983263e-18,0.0,1.2503571332561863e-18,3.125892833140466e-19,1.5629464165702332e-18,2.5007142665123726e-18,2.8133035498264193e-18,9.3776784994214e-19,3.125892833140466e-19,2.1881249831983263e-18,3.4384821164545128e-18,1.5629464165702332e-18,5.939196382966885e-18,6.564374949594979e-18,4.063660683082606e-18,4.6888392497107e-18,5.157723174681769e-17,2.500714266512373e-17,3.21966961813468e-17,0.0,1.2503571332561863e-18,1.2503571332561863e-18,1.5629464165702332e-18,1.2503571332561866e-17,3.4384821164545128e-18,2625.052010635727,3437.791128284182,2100.1568222526166,3059.4332508300413,873.5590482486137,533.1937596032003,17.527185422180487,-508.30833422368937,46904.10010859336,9.380820021718674e+23,7.330877489374417e-23,7.050924645769449e-23
4.76308e-06,182347.0,6.07823,3e+22,4002.69,-4190.13,43420.3,4.05752,4.05625,4.03179,0.000464905612,-0.000542325331,0.243839434,0.0191436116,0.0187884647,0.0705234763,-9.70155029e-05,0.000127594167,-0.000173971386,2080.91546,-91.7993653,-868.68713,83.5966083,1585.86606,-33.6158949,1483.02527,-1272.37362,12092.9869,13400.0,182347.046859,6.078234895,-150.0,30000 3000,1e-06,2,0.0 0.0259,0.0 0.0,-1.0 0.0,0.00054857 28.0,30000,1000,0,0.0,0.0 0.0 0.0,1000 1000000 0,0,0.0,0,100,0,,50,,1,,,10,1.0,10.0,0.1,True,{},,,False,3,mixed,250,300,True,Ar_Aubin,,False,uniform,Argon_Aubin_Model3-test/50Td,3.0000000000000005e+21,8.684060000000003e+23,4.688839249710699e-18,1.8847477060635445e-13,1.8830409685766498e-13,9.3776784994214e-19,6.251785666280932e-19,3.125892833140466e-19,0.0,0.0,3.125892833140466e-19,9.3776784994214e-19,6.251785666280932e-19,0.0,6.251785666280932e-19,1.87553569988428e-18,1.2503571332561863e-18,6.251785666280933e-18,1.5629464165702332e-18,3.125892833140466e-19,3.125892833140466e-19,1.5629464165702332e-18,5.314017816338792e-18,9.3776784994214e-19,3.1258928331404664e-18,7.814732082851166e-18,3.1258928331404664e-18,3.75107139976856e-18,4.970169604693341e-17,2.594491051506587e-17,2.7507856931636102e-17,3.125892833140466e-19,1.5629464165702332e-18,3.1258928331404664e-18,1.2503571332561863e-18,1.500428559907424e-17,4.6888392497107e-18,2218.88477180026,2079.0545869559037,1782.9388340963822,1583.593646360817,1328.84793238754,1505.4055238898,64.91292764254354,-381.8618652221836,47022.174458579895,9.404434891715981e+23,9.971549175891313e-23,1.0798726056039914e-22
4.79863e-06,182974.0,6.09912,3e+22,6695.5,869.034,50658.5,4.05703,4.08469,4.04167,0.000454571715,-0.000548358146,0.245527987,0.019230886,0.0189365369,0.0714132501,-0.000106822572,0.000122667472,-0.000158689491,616.820437,234.95036,-23.472144,-619.20929,2501.70305,353.280343,1957.49352,484.070385,13457.379,13500.0,182973.609013,6.0991203,-150.0,30000 3000,1e-06,2,0.0 0.0259,0.0 0.0,-1.0 0.0,0.00054857 28.0,30000,1000,0,0.0,0.0 0.0 0.0,1000 1000000 0,0,0.0,0,100,0,,50,,1,,,10,1.0,10.0,0.1,True,{},,,False,3,mixed,250,300,True,Ar_Aubin,,False,uniform,Argon_Aubin_Model3-test/50Td,3.0000000000000005e+21,1.0131700000000003e+24,3.4384821164545124e-18,1.8901054863795471e-13,1.8883924971069863e-13,1.5629464165702332e-18,6.251785666280932e-19,0.0,0.0,3.125892833140466e-19,9.3776784994214e-19,9.3776784994214e-19,6.251785666280932e-19,0.0,9.3776784994214e-19,3.125892833140466e-19,1.5629464165702332e-18,5.626607099652839e-18,2.5007142665123726e-18,3.125892833140466e-19,6.251785666280932e-19,2.8133035498264193e-18,3.1258928331404664e-18,3.125892833140466e-19,5.939196382966885e-18,6.251785666280933e-18,3.75107139976856e-18,5.001428533024745e-18,4.720098178042104e-17,3.032116048146252e-17,2.969598191483443e-17,6.251785666280932e-19,9.3776784994214e-19,2.5007142665123726e-18,9.3776784994214e-19,1.1565803482619724e-17,3.4384821164545128e-18,1227.7805536580222,613.7768520822175,2082.7676732904933,2502.179591873051,892.5342402700699,1019.2994705605015,-89.30696623428327,267.0608178171724,47504.12148970076,9.500824297940152e+23,7.238281666149747e-23,6.78757191084322e-23
4.83417e-06,182901.0,6.0967,3e+22,1754.09,7354.63,52104.3,4.02776,4.09438,4.0555,0.000356012411,-0.000592169092,0.247092659,0.0193605259,0.0190939774,0.0722649411,-0.000115078644,8.81330134e-05,-0.000173553028,2224.68918,-125.921526,410.008977,-121.86971,2314.90104,-1475.02324,517.428362,2094.03452,14133.9879,13600.0,182900.956329,6.096698544,-150.0,30000 3000,1e-06,2,0.0 0.0259,0.0 0.0,-1.0 0.0,0.00054857 28.0,30000,1000,0,0.0,0.0 0.0 0.0,1000 1000000 0,0,0.0,0,100,0,,50,,1,,,10,1.0,10.0,0.1,True,{},,,False,3,mixed,250,300,True,Ar_Aubin,,False,uniform,Argon_Aubin_Model3-test/50Td,3.0000000000000005e+21,1.0420860000000002e+24,6.5643749495949784e-18,1.895797737228696e-13,1.89405974081347e-13,1.5629464165702332e-18,3.125892833140466e-19,0.0,0.0,0.0,1.5629464165702332e-18,9.3776784994214e-19,6.251785666280932e-19,3.125892833140466e-19,6.251785666280932e-19,6.251785666280932e-19,1.2503571332561863e-18,3.1258928331404664e-18,2.1881249831983263e-18,9.3776784994214e-19,9.3776784994214e-19,1.5629464165702332e-18,2.1881249831983263e-18,6.251785666280932e-19,6.564374949594979e-18,9.065089216107351e-18,2.1881249831983263e-18,5.314017816338792e-18,4.407508894728057e-17,2.938339263152038e-17,3.2821874747974894e-17,0.0,2.1881249831983263e-18,2.8133035498264193e-18,6.251785666280932e-19,1.281616061587591e-17,6.564374949594979e-18,1824.705736991218,2224.064702189989,2213.9367178701873,2319.256224569096,1137.9991304343212,1259.3978676662991,-306.43722506718603,475.46479930822284,44018.97291913973,8.803794583827947e+23,1.491260362129155e-22,1.2598528239694187e-22
4.86972e-06,182989.0,6.09963,3e+22,-3326.6,-1833.13,43755.3,4.04491,4.0601,4.08329,0.000443990723,-0.000542681158,0.248753483,0.0195043513,0.0192823889,0.0731540134,-0.000108600309,0.000104619741,-0.00016109784,2001.0767,407.036341,-741.302289,-643.843078,1736.4463,599.757823,-820.55064,-747.325581,12042.7547,13700.0,182989.042029,6.099634734,-150.0,30000 3000,1e-06,2,0.0 0.0259,0.0 0.0,-1.0 0.0,0.00054857 28.0,30000,1000,0,0.0,0.0 0.0 0.0,1000 1000000 0,0,0.0,0,100,0,,50,,1,,,10,1.0,10.0,0.1,True,{},,,False,3,mixed,250,300,True,Ar_Aubin,,False,uniform,Argon_Aubin_Model3-test/50Td,3.0000000000000005e+21,8.751060000000002e+23,5.0014285330247444e-18,1.8924592836829018e-13,1.8906493917325138e-13,9.3776784994214e-19,9.3776784994214e-19,3.125892833140466e-19,0.0,3.125892833140466e-19,6.251785666280932e-19,1.2503571332561863e-18,1.87553569988428e-18,3.125892833140466e-19,3.125892833140466e-19,9.3776784994214e-19,0.0,4.6888392497107e-18,2.1881249831983263e-18,6.251785666280932e-19,1.2503571332561863e-18,3.125892833140466e-19,3.75107139976856e-18,6.251785666280932e-19,5.939196382966885e-18,5.001428533024745e-18,7.50214279953712e-18,6.564374949594979e-18,5.126464246350364e-17,3.063374976477657e-17,2.907080334820633e-17,0.0,1.2503571332561863e-18,2.5007142665123726e-18,1.87553569988428e-18,1.3128749899189958e-17,5.001428533024745e-18,2022.1324992076877,2002.553679539132,2651.0837041399227,1735.4514948888354,922.1886243929598,1158.4714252900994,-168.50163157391265,-753.7765397342821,46724.02054836928,9.344804109673857e+23,1.0704191279616454e-22,1.143045192930855e-22
4.90526e-06,183252.0,6.10841,3e+22,-5248.51,-497.567,36340.9,4.07958,4.05677,4.0728,0.000413520928,-0.000575121983,0.250417212,0.0196459093,0.0194438126,0.0740849682,-0.000102676298,0.000112114652,-0.000162676187,2495.53587,-155.636831,-571.999595,-626.312731,1926.61829,-43.7781084,-1681.21388,892.757158,10271.2036,13800.0,183252.206015,6.108406867,-150.0,30000 3000,1e-06,2,0.0 0.0259,0.0 0.0,-1.0 0.0,0.00054857 28.0,30000,1000,0,0.0,0.0 0.0 0.0,1000 1000000 0,0,0.0,0,100,0,,50,,1,,,10,1.0,10.0,0.1,True,{},,,False,3,mixed,250,300,True,Ar_Aubin,,False,uniform,Argon_Aubin_Model3-test/50Td,3.0000000000000005e+21,7.268180000000001e+23,6.251785666280931e-18,1.8926124524317259e-13,1.8908525747666679e-13,1.87553569988428e-18,6.251785666280932e-19,1.2503571332561863e-18,0.0,0.0,1.2503571332561863e-18,3.125892833140466e-19,9.3776784994214e-19,0.0,3.125892833140466e-19,1.2503571332561863e-18,9.3776784994214e-19,4.6888392497107e-18,3.1258928331404664e-18,9.3776784994214e-19,1.2503571332561863e-18,1.5629464165702332e-18,3.75107139976856e-18,3.125892833140466e-19,5.001428533024745e-18,6.564374949594979e-18,7.50214279953712e-18,4.6888392497107e-18,4.4700267513908664e-17,2.782044621495015e-17,3.1884106898032754e-17,0.0,3.125892833140466e-19,1.5629464165702332e-18,1.87553569988428e-18,1.3441339182504003e-17,6.251785666280933e-18,1991.5956523799812,2497.7062387258175,2270.159254698452,1926.3321282802845,1413.2635837317046,1170.8167404291999,404.73287324169854,-953.9239563382353,46805.74701649166,9.361149403298334e+23,1.3356876163258671e-22,1.7203166862353248e-22
4.94081e-06,183119.0,6.10398,3e+22,8292.03,-1574.18,37604.3,4.08464,4.02638,4.08849,0.000351874226,-0.000516850366,0.252026073,0.0197956693,0.0195673028,0.0749614611,-0.000105283443,9.48357774e-05,-0.000150081509,1358.64195,-2783.34909,1740.43443,97.6429263,1876.66213,501.463365,2566.4033,-94.4095633,10381.4857,13900.0,183119.276914,6.103975897,-150.0,30000 3000,1e-06,2,0.0 0.0259,0.0 0.0,-1.0 0.0,0.00054857 28.0,30000,1000,0,0.0,0.0 0.0 0.0,1000 1000000 0,0,0.0,0,100,0,,50,,1,,,10,1.0,10.0,0.1,True,{},,,False,3,mixed,250,300,True,Ar_Aubin,,False,uniform,Argon_Aubin_Model3-test/50Td,3.0000000000000005e+21,7.520860000000002e+23,6.876964232909025e-18,1.9004740729070739e-13,1.8986735586351853e-13,9.3776784994214e-19,9.3776784994214e-19,6.251785666280932e-19,0.0,0.0,6.251785666280932e-19,6.251785666280932e-19,1.5629464165702332e-18,9.3776784994214e-19,1.2503571332561863e-18,1.2503571332561863e-18,9.3776784994214e-19,3.1258928331404664e-18,1.5629464165702332e-18,1.2503571332561863e-18,9.3776784994214e-19,1.2503571332561863e-18,5.001428533024745e-18,9.3776784994214e-19,5.626607099652839e-18,4.063660683082606e-18,3.1258928331404664e-18,3.4384821164545128e-18,5.345276744670197e-17,2.657008908169396e-17,3.3759642597917035e-17,0.0,1.2503571332561863e-18,2.5007142665123726e-18,9.3776784994214e-19,1.469169631576019e-17,6.8769642329090255e-18,2107.2654139068586,1355.7241983617812,1737.9721566573157,1875.84851449085,958.3728703517788,904.2216430860972,-67.7329858513834,2203.797987945038,45262.1436247733,9.052428724954661e+23,1.5193633536050778e-22,1.8287707078469814e-22
4.97635e-06,183211.0,6.10705,3e+22,-9419.5,-1906.52,37698.5,4.05181,4.08089,4.07279,0.000378699854,-0.000491431859,0.253666964,0.0199203943,0.0197072752,0.0758769628,-0.000102329118,9.84308562e-05,-0.000131904397,1229.36297,-76.756847,1310.6955,249.230469,2895.39965,-941.601827,-2335.80474,-1375.89482,10506.1532,14000.0,183211.401895,6.10704673,-150.0,30000 3000,1e-06,2,0.0 0.0259,0.0 0.0,-1.0 0.0,0.00054857 28.0,30000,1000,0,0.0,0.0 0.0 0.0,1000 1000000 0,0,0.0,0,100,0,,50,,1,,,10,1.0,10.0,0.1,True,{},,,False,3,mixed,250,300,True,Ar_Aubin,,False,uniform,Argon_Aubin_Model3-test/50Td,3.0000000000000005e+21,7.5397e+23,4.688839249710699e-18,1.8985422711361932e-13,1.8967667640069696e-13,9.3776784994214e-19,0.0,6.251785666280932e-19,0.0,3.125892833140466e-19,1.87553569988428e-18,6.251785666280932e-19,1.2503571332561863e-18,3.125892833140466e-19,1.2503571332561863e-18,2.1881249831983263e-18,1.5629464165702332e-18,4.063660683082606e-18,1.5629464165702332e-18,3.125892833140466e-19,9.3776784994214e-19,1.87553569988428e-18,2.8133035498264193e-18,1.5629464165702332e-18,5.939196382966885e-18,6.251785666280933e-18,3.75107139976856e-18,4.6888392497107e-18,4.8763928196991265e-17,2.5319731948437773e-17,3.1884106898032754e-17,0.0,2.5007142665123726e-18,1.2503571332561863e-18,9.3776784994214e-19,1.750499986558661e-17,4.6888392497107e-18,1754.1707491195614,1232.930133274753,1969.284760177063,2894.462725332179,1205.7051942592432,943.2891576460006,-106.54217037165894,1350.0303109519807,46163.244751781596,9.23264895035632e+23,1.0157083356948691e-22,1.2437734259216411e-22
5.0119e-06,183233.0,6.10778,3e+22,585.851,6139.75,39001.2,4.04445,4.06102,4.10122,0.000232663401,-0.00037678068,0.255238811,0.0200433787,0.0198610391,0.0767655471,-9.52750371e-05,5.51801706e-05,-0.000118120925,-67.2954063,-395.030428,-166.73527,572.626531,2024.15933,-750.821279,677.462029,1430.723,10987.8271,14100.0,183233.254087,6.107775136,-150.0,30000 3000,1e-06,2,0.0 0.0259,0.0 0.0,-1.0 0.0,0.00054857 28.0,30000,1000,0,0.0,0.0 0.0 0.0,1000 1000000 0,0,0.0,0,100,0,,50,,1,,,10,1.0,10.0,0.1,True,{},,,False,3,mixed,250,300,True,Ar_Aubin,,False,uniform,Argon_Aubin_Model3-test/50Td,3.0000000000000005e+21,7.800240000000001e+23,5.626607099652838e-18,1.905325458584108e-13,1.9036093434187142e-13,1.2503571332561863e-18,3.125892833140466e-19,6.251785666280932e-19,0.0,0.0,9.3776784994214e-19,1.2503571332561863e-18,6.251785666280932e-19,0.0,1.2503571332561863e-18,6.251785666280932e-19,6.251785666280932e-19,5.626607099652839e-18,2.1881249831983263e-18,3.125892833140466e-19,0.0,9.3776784994214e-19,5.626607099652839e-18,0.0,4.063660683082606e-18,7.189553516223072e-18,5.314017816338792e-18,2.1881249831983263e-18,4.8763928196991265e-17,2.813303549826419e-17,2.844562478157824e-17,0.0,1.5629464165702332e-18,9.3776784994214e-19,9.3776784994214e-19,1.6254642732330425e-17,5.626607099652839e-18,1731.2181227564008,-67.43171238613925,2164.3228320854323,2026.47266918003,1247.169595553268,1033.2071844268012,-184.88392880746764,352.12069450175784,44220.8274488405,8.844165489768101e+23,1.2723884703791022e-22,1.4426753791300878e-22
5.04744e-06,182737.0,6.09125,3e+22,14753.5,1169.0,35939.6,4.08265,4.03146,4.05979,0.000268481368,-0.000479548968,0.256836299,0.020177146,0.0200128086,0.0776586037,-0.000100196534,6.56678735e-05,-0.000131029963,2926.89707,93.7133169,708.736909,866.658256,2880.86184,161.751191,4267.32779,442.351243,10934.6448,14200.0,182737.35306,6.091245102,-150.0,30000 3000,1e-06,2,0.0 0.0259,0.0 0.0,-1.0 0.0,0.00054857 28.0,30000,1000,0,0.0,0.0 0.0 0.0,1000 1000000 0,0,0.0,0,100,0,,50,,1,,,10,1.0,10.0,0.1,True,{},,,False,3,mixed,250,300,True,Ar_Aubin,,False,uniform,Argon_Aubin_Model3-test/50Td,3.0000000000000005e+21,7.187920000000001e+23,6.876964232909025e-18,1.8960321791911814e-13,1.8941628952769637e-13,1.2503571332561863e-18,1.87553569988428e-18,6.251785666280932e-19,0.0,0.0,1.2503571332561863e-18,1.87553569988428e-18,1.87553569988428e-18,3.125892833140466e-19,9.3776784994214e-19,6.251785666280932e-19,6.251785666280932e-19,5.001428533024745e-18,9.3776784994214e-19,3.125892833140466e-19,6.251785666280932e-19,2.1881249831983263e-18,4.3762499663966525e-18,1.5629464165702332e-18,7.50214279953712e-18,5.001428533024745e-18,3.75107139976856e-18,4.063660683082606e-18,4.9076517480305316e-17,3.21966961813468e-17,3.1258928331404664e-17,3.125892833140466e-19,1.87553569988428e-18,3.1258928331404664e-18,6.251785666280932e-19,1.500428559907424e-17,6.8769642329090255e-18,1881.387605895579,2922.936030137212,2133.630462283641,2881.4224327435923,1055.3089383763686,1704.0509484596005,25.788761045851007,1177.1812487301277,44942.186612050515,8.988437322410104e+23,1.5301801606299857e-22,1.9134782337335488e-22
5.08299e-06,182304.0,6.07681,3e+22,1528.9,-9167.49,41021.5,4.09518,4.02712,4.02128,0.000323001067,-0.000450344985,0.258407931,0.020350408,0.020146211,0.0785277084,-0.00010145726,9.07074494e-05,-0.000128989774,1899.19277,-465.824705,-102.776227,-772.902447,2399.16347,84.3536243,1219.79987,-1930.4396,11734.9477,14300.0,182304.421949,6.076814065,-150.0,30000 3000,1e-06,2,0.0 0.0259,0.0 0.0,-1.0 0.0,0.00054857 28.0,30000,1000,0,0.0,0.0 0.0 0.0,1000 1000000 0,0,0.0,0,100,0,,50,,1,,,10,1.0,10.0,0.1,True,{},,,False,3,mixed,250,300,True,Ar_Aubin,,False,uniform,Argon_Aubin_Model3-test/50Td,3.0000000000000005e+21,8.204300000000002e+23,4.688839249710699e-18,1.8953132238395592e-13,1.8934689470680065e-13,1.2503571332561863e-18,6.251785666280932e-19,0.0,0.0,6.251785666280932e-19,6.251785666280932e-19,1.2503571332561863e-18,9.3776784994214e-19,6.251785666280932e-19,3.125892833140466e-19,1.2503571332561863e-18,3.125892833140466e-19,4.3762499663966525e-18,1.2503571332561863e-18,9.3776784994214e-19,3.125892833140466e-19,2.5007142665123726e-18,4.063660683082606e-18,1.2503571332561863e-18,7.50214279953712e-18,6.251785666280933e-18,6.564374949594979e-18,6.8769642329090255e-18,5.188982103013174e-17,2.594491051506587e-17,3.500999973117322e-17,0.0,3.125892833140466e-19,2.8133035498264193e-18,1.2503571332561863e-18,1.281616061587591e-17,4.6888392497107e-18,2436.7393890022536,1898.6989336686638,1876.8892262739375,2395.034936853462,834.5718477869077,1134.6667584835013,296.221153041312,708.6937690241595,44214.77884620765,8.842955769241532e+23,1.06046877810243e-22,1.1430199406922464e-22
5.11853e-06,183063.0,6.10209,3e+22,-3974.37,-1786.13,35690.1,4.01623,4.06851,4.11209,0.000257099679,-0.000444291811,0.260091146,0.0205155068,0.020288581,0.0794877557,-9.67097048e-05,6.96652801e-05,-0.000126208334,1453.66826,705.881877,-983.70575,7.96296298,1617.19506,-1424.82483,-942.222348,-66.4291137,9768.06548,14400.0,183062.6369,6.102087897,-150.0,30000 3000,1e-06,2,0.0 0.0259,0.0 0.0,-1.0 0.0,0.00054857 28.0,30000,1000,0,0.0,0.0 0.0 0.0,1000 1000000 0,0,0.0,0,100,0,,50,,1,,,10,1.0,10.0,0.1,True,{},,,False,3,mixed,250,300,True,Ar_Aubin,,False,uniform,Argon_Aubin_Model3-test/50Td,3.0000000000000005e+21,7.138020000000001e+23,6.876964232909025e-18,1.8938096693868186e-13,1.8921529461852544e-13,1.87553569988428e-18,6.251785666280932e-19,9.3776784994214e-19,0.0,0.0,3.125892833140466e-19,1.2503571332561863e-18,2.5007142665123726e-18,0.0,3.125892833140466e-19,1.87553569988428e-18,1.2503571332561863e-18,5.939196382966885e-18,2.5007142665123726e-18,6.251785666280932e-19,3.125892833140466e-19,9.3776784994214e-19,3.4384821164545128e-18,9.3776784994214e-19,5.626607099652839e-18,2.8133035498264193e-18,2.1881249831983263e-18,3.4384821164545128e-18,4.094919611414011e-17,2.657008908169396e-17,3.344705331460299e-17,0.0,9.3776784994214e-19,2.1881249831983263e-18,9.3776784994214e-19,1.4066517749132096e-17,6.8769642329090255e-18,2322.9029557177864,1454.6900692512272,2002.726307654338,1616.4014970676185,1228.0333897977596,485.3864701454004,-125.0649032808679,-901.4055633254577,47353.9473462112,9.470789469242241e+23,1.4522473031932475e-22,1.9268548513198408e-22
5.15408e-06,182699.0,6.08995,3e+22,9366.52,-2077.85,41541.7,4.05128,3.99963,4.11866,0.000293822045,-0.000469013191,0.261715083,0.0206515228,0.0204374484,0.0804389954,-7.90079604e-05,9.69465653e-05,-0.000125442643,1465.23006,-829.980541,809.624511,390.196165,1455.34408,-735.524945,2166.03468,-312.437806,12003.8523,14500.0,182698.606393,6.089953546,-150.0,30000 3000,1e-06,2,0.0 0.0259,0.0 0.0,-1.0 0.0,0.00054857 28.0,30000,1000,0,0.0,0.0 0.0 0.0,1000 1000000 0,0,0.0,0,100,0,,50,,1,,,10,1.0,10.0,0.1,True,{},,,False,3,mixed,250,300,True,Ar_Aubin,,False,uniform,Argon_Aubin_Model3-test/50Td,3.0000000000000005e+21,8.30834e+23,4.3762499663966525e-18,1.9005991086203996e-13,1.8987173211348494e-13,3.125892833140466e-19,6.251785666280932e-19,3.125892833140466e-19,0.0,6.251785666280932e-19,6.251785666280932e-19,4.3762499663966525e-18,1.5629464165702332e-18,3.125892833140466e-19,3.125892833140466e-19,1.5629464165702332e-18,1.5629464165702332e-18,5.626607099652839e-18,2.8133035498264193e-18,1.5629464165702332e-18,6.251785666280932e-19,6.251785666280932e-19,3.1258928331404664e-18,0.0,3.75107139976856e-18,5.626607099652839e-18,5.939196382966885e-18,3.1258928331404664e-18,5.470312457995816e-17,3.250928546466085e-17,3.21966961813468e-17,0.0,2.1881249831983263e-18,9.3776784994214e-19,1.2503571332561863e-18,1.500428559907424e-17,4.3762499663966525e-18,1912.9868963468232,1462.4779699390667,2093.728328278583,1454.3695409410807,1460.9380946117394,1131.762836538901,485.37854273513307,512.0937645320632,45686.27726794521,9.137255453589044e+23,9.578915657168578e-23,1.0534595277508269e-22
5.18962e-06,182580.0,6.086,3e+22,3139.55,6578.3,51801.2,4.03652,4.03041,4.08952,0.000329500665,-0.000430615557,0.263320378,0.0208033105,0.020573771,0.0813562186,-7.88403548e-05,0.000107245167,-0.000109780081,2635.05698,162.094107,855.119141,-413.114143,3104.11512,-111.519408,960.239838,1433.81606,14745.7331,14600.0,182580.073196,6.08600244,-150.0,30000 3000,1e-06,2,0.0 0.0259,0.0 0.0,-1.0 0.0,0.00054857 28.0,30000,1000,0,0.0,0.0 0.0 0.0,1000 1000000 0,0,0.0,0,100,0,,50,,1,,,10,1.0,10.0,0.1,True,{},,,False,3,mixed,250,300,True,Ar_Aubin,,False,uniform,Argon_Aubin_Model3-test/50Td,3.0000000000000005e+21,1.0360240000000001e+24,4.0636606830826054e-18,1.8910213729796572e-13,1.8892177328149356e-13,9.3776784994214e-19,6.251785666280932e-19,3.125892833140466e-19,0.0,0.0,6.251785666280932e-19,6.251785666280932e-19,1.5629464165702332e-18,0.0,6.251785666280932e-19,1.2503571332561863e-18,3.125892833140466e-19,5.939196382966885e-18,4.063660683082606e-18,0.0,3.125892833140466e-19,2.5007142665123726e-18,4.6888392497107e-18,1.2503571332561863e-18,5.626607099652839e-18,3.4384821164545128e-18,3.4384821164545128e-18,5.314017816338792e-18,4.8763928196991265e-17,3.4697410447859176e-17,2.969598191483443e-17,0.0,9.3776784994214e-19,1.87553569988428e-18,1.2503571332561863e-18,1.5629464165702332e-17,4.063660683082606e-18,2134.8115467246844,2634.022496187199,1918.0701808870408,3106.947838318613,1046.3576107457247,1105.421535146399,12.154116576360451,971.5829564023021,45161.8212201862,9.032364244037241e+23,8.998000021456734e-23,7.844723062559565e-23
5.22517e-06,183033.0,6.10109,3e+22,-1110.72,-3597.58,40521.5,4.10567,4.04202,4.04506,0.000326867224,-0.000367553317,0.265060144,0.0209156379,0.0207249966,0.0823679417,-7.96909745e-05,0.000121351657,-8.79124406e-05,588.171098,83.2626045,1703.18698,669.79008,2334.04963,-459.675778,-1243.38554,-310.056984,12245.3239,14700.0,183032.617271,6.101087242,-150.0,30000 3000,1e-06,2,0.0 0.0259,0.0 0.0,-1.0 0.0,0.00054857 28.0,30000,1000,0,0.0,0.0 0.0 0.0,1000 1000000 0,0,0.0,0,100,0,,50,,1,,,10,1.0,10.0,0.1,True,{},,,False,3,mixed,250,300,True,Ar_Aubin,,False,uniform,Argon_Aubin_Model3-test/50Td,3.0000000000000005e+21,8.104300000000001e+23,6.5643749495949784e-18,1.9003896738005792e-13,1.8985954113143567e-13,1.5629464165702332e-18,3.125892833140466e-19,0.0,0.0,0.0,0.0,6.251785666280932e-19,1.5629464165702332e-18,0.0,9.3776784994214e-19,1.5629464165702332e-18,9.3776784994214e-19,5.939196382966885e-18,2.5007142665123726e-18,2.1881249831983263e-18,1.5629464165702332e-18,1.87553569988428e-18,5.314017816338792e-18,1.5629464165702332e-18,5.626607099652839e-18,3.75107139976856e-18,4.3762499663966525e-18,4.3762499663966525e-18,4.845133891367722e-17,2.5319731948437773e-17,3.21966961813468e-17,0.0,1.2503571332561863e-18,1.87553569988428e-18,1.87553569988428e-18,1.5316874882388284e-17,6.564374949594979e-18,1580.079679875685,588.5341559630413,2127.9256150879123,2332.727327537827,1300.6553979159405,1504.6892749039998,400.36843576752864,740.963892926364,48944.89863667242,9.788979727334486e+23,1.3411765337024438e-22,1.6199733350431198e-22
5.26071e-06,182735.0,6.09117,3e+22,1327.31,-1159.38,39482.5,4.02647,4.06326,4.08373,0.000297535503,-0.000400590946,0.266716687,0.021039648,0.0208726308,0.0833499145,-4.51005414e-05,0.000109183379,-0.000107189192,1755.46423,231.336212,-735.047083,1214.77234,1374.35695,-422.280007,1289.79791,-103.771522,12308.3224,14800.0,182735.068772,6.091168959,-150.0,30000 3000,1e-06,2,0.0 0.0259,0.0 0.0,-1.0 0.0,0.00054857 28.0,30000,1000,0,0.0,0.0 0.0 0.0,1000 1000000 0,0,0.0,0,100,0,,50,,1,,,10,1.0,10.0,0.1,True,{},,,False,3,mixed,250,300,True,Ar_Aubin,,False,uniform,Argon_Aubin_Model3-test/50Td,3.0000000000000005e+21,7.8965e+23,8.127321366165211e-18,1.8969636952554573e-13,1.8950756559842407e-13,1.87553569988428e-18,3.125892833140466e-19,6.251785666280932e-19,0.0,0.0,6.251785666280932e-19,0.0,1.5629464165702332e-18,3.125892833140466e-19,3.125892833140466e-19,6.251785666280932e-19,9.3776784994214e-19,5.001428533024745e-18,2.1881249831983263e-18,0.0,9.3776784994214e-19,9.3776784994214e-19,5.626607099652839e-18,2.1881249831983263e-18,1.0940624915991631e-17,4.063660683082606e-18,3.75107139976856e-18,6.251785666280933e-18,5.282758888007388e-17,2.563232123175182e-17,3.21966961813468e-17,0.0,9.3776784994214e-19,2.5007142665123726e-18,1.87553569988428e-18,1.5629464165702332e-17,8.127321366165212e-18,1744.64789827352,1755.069308151513,2076.342119301214,1373.8925128690266,1421.5849736499429,1777.6808055224992,-137.4717449436018,188.9876556808324,46603.58302340135,9.320716604680272e+23,1.7439262904065098e-22,2.0584616896511646e-22
5.29626e-06,182290.0,6.07632,3e+22,-5288.11,-7693.13,38819.5,4.01973,4.09009,4.03376,0.000358832085,-0.000397313786,0.268282566,0.0211627987,0.0210087619,0.084265188,-3.00011562e-05,0.000132479419,-0.000109284195,2211.34184,-461.450159,-574.976103,201.692752,2143.18738,-833.50343,-1288.56833,-3062.34907,11576.105,14900.0,182289.74852,6.076324951,-150.0,30000 3000,1e-06,2,0.0 0.0259,0.0 0.0,-1.0 0.0,0.00054857 28.0,30000,1000,0,0.0,0.0 0.0 0.0,1000 1000000 0,0,0.0,0,100,0,,50,,1,,,10,1.0,10.0,0.1,True,{},,,False,3,mixed,250,300,True,Ar_Aubin,,False,uniform,Argon_Aubin_Model3-test/50Td,3.0000000000000005e+21,7.763900000000001e+23,5.0014285330247444e-18,1.8903961944130292e-13,1.8885581694271426e-13,1.2503571332561863e-18,9.3776784994214e-19,1.2503571332561863e-18,0.0,0.0,1.2503571332561863e-18,1.2503571332561863e-18,3.125892833140466e-19,3.125892833140466e-19,0.0,9.3776784994214e-19,3.125892833140466e-19,4.063660683082606e-18,2.1881249831983263e-18,6.251785666280932e-19,0.0,1.87553569988428e-18,2.5007142665123726e-18,2.5007142665123726e-18,7.50214279953712e-18,7.189553516223072e-18,6.8769642329090255e-18,5.001428533024745e-18,4.813874963036317e-17,3.407223188123108e-17,3.1258928331404664e-17,0.0,2.1881249831983263e-18,1.2503571332561863e-18,2.1881249831983263e-18,1.1565803482619724e-17,5.001428533024745e-18,1731.7355678979366,2213.2393835370094,1914.9273163541864,2140.1307933935095,1090.5687474556225,1161.5099291629995,179.6387464512555,-458.76639503339766,44052.929492986215,8.810585898597244e+23,1.1353225745908761e-22,1.2883804616300428e-22
5.33181e-06,182046.0,6.06819,3e+22,356.52,2458.82,42938.2,4.05524,4.03424,4.03639,0.00040636613,-0.000384706117,0.269931433,0.0213260509,0.0211314109,0.0852584876,-1.84733264e-05,0.000133069948,-9.65767232e-05,3333.84085,379.232635,-129.457122,-50.9229573,1021.58153,-259.637956,-164.300792,502.720687,12549.2348,15000.0,182045.810039,6.068193668,-150.0,30000 3000,1e-06,2,0.0 0.0259,0.0 0.0,-1.0 0.0,0.00054857 28.0,30000,1000,0,0.0,0.0 0.0 0.0,1000 1000000 0,0,0.0,0,100,0,,50,,1,,,10,1.0,10.0,0.1,True,{},,,False,3,mixed,250,300,True,Ar_Aubin,,False,uniform,Argon_Aubin_Model3-test/50Td,3.0000000000000005e+21,8.587640000000001e+23,4.3762499663966525e-18,1.8844820051727275e-13,1.8826127212585098e-13,1.5629464165702332e-18,3.125892833140466e-19,6.251785666280932e-19,0.0,3.125892833140466e-19,6.251785666280932e-19,3.125892833140466e-19,2.1881249831983263e-18,6.251785666280932e-19,1.2503571332561863e-18,6.251785666280932e-19,3.125892833140466e-19,6.251785666280933e-18,3.1258928331404664e-18,9.3776784994214e-19,1.2503571332561863e-18,1.5629464165702332e-18,3.75107139976856e-18,2.5007142665123726e-18,5.626607099652839e-18,6.564374949594979e-18,5.939196382966885e-18,4.063660683082606e-18,5.0639463896875546e-17,2.782044621495015e-17,3.15715176147187e-17,0.0,2.1881249831983263e-18,3.4384821164545128e-18,6.251785666280932e-19,1.5942053449016377e-17,4.3762499663966525e-18,2295.8783279075915,3333.6959723473324,1725.3830235148607,1022.527453094602,1489.0294962339813,958.8649435594016,-361.00508832744003,-407.44249865632605,46387.63384291634,9.27752676858327e+23,9.43408750102681e-23,1.0191973502374699e-22
5.36735e-06,182111.0,6.07037,3e+22,-3565.85,6911.53,34604.9,4.02117,4.05571,4.05671,0.000431990039,-0.000352525318,0.271535056,0.0214899339,0.0212467544,0.0862138271,-2.80970373e-05,0.000125522598,-8.88670463e-05,2579.39206,-1292.64621,-1123.07553,1167.13903,2858.79583,-331.308034,-797.615887,1217.79278,10701.862,15100.0,182111.125461,6.070370849,-150.0,30000 3000,1e-06,2,0.0 0.0259,0.0 0.0,-1.0 0.0,0.00054857 28.0,30000,1000,0,0.0,0.0 0.0 0.0,1000 1000000 0,0,0.0,0,100,0,,50,,1,,,10,1.0,10.0,0.1,True,{},,,False,3,mixed,250,300,True,Ar_Aubin,,False,uniform,Argon_Aubin_Model3-test/50Td,3.0000000000000005e+21,6.920980000000002e+23,2.813303549826419e-18,1.8932094979628556e-13,1.8914652497619634e-13,6.251785666280932e-19,0.0,0.0,0.0,0.0,6.251785666280932e-19,1.2503571332561863e-18,9.3776784994214e-19,3.125892833140466e-19,9.3776784994214e-19,6.251785666280932e-19,1.87553569988428e-18,6.564374949594979e-18,2.8133035498264193e-18,1.2503571332561863e-18,6.251785666280932e-19,2.1881249831983263e-18,2.5007142665123726e-18,1.2503571332561863e-18,5.001428533024745e-18,6.564374949594979e-18,4.3762499663966525e-18,3.1258928331404664e-18,4.688839249710699e-17,2.7507856931636102e-17,3.063374976477657e-17,3.125892833140466e-19,2.8133035498264193e-18,2.1881249831983263e-18,3.125892833140466e-19,1.750499986558661e-17,2.8133035498264193e-18,2304.9609518787065,2580.932471680568,1622.8151138632218,2861.2323193111165,1224.2285149464547,1305.4185406255983,-426.40672598262745,-967.3871096629912,45114.782784832874,9.022956556966577e+23,6.235879630062682e-23,8.129783787343466e-23
5.4029e-06,182761.0,6.09204,3e+22,339.689,181.341,46107.5,4.06651,4.05571,4.04977,0.000421033348,-0.000337988246,0.273270181,0.0216417496,0.021363294,0.0872566711,-2.75856198e-05,0.000115762598,-7.75307758e-05,1190.9665,179.81559,207.893212,-290.28266,2098.42649,-896.39016,179.708799,-177.924957,13232.4936,15200.0,182761.25658,6.092041886,-150.0,30000 3000,1e-06,2,0.0 0.0259,0.0 0.0,-1.0 0.0,0.00054857 28.0,30000,1000,0,0.0,0.0 0.0 0.0,1000 1000000 0,0,0.0,0,100,0,,50,,1,,,10,1.0,10.0,0.1,True,{},,,False,3,mixed,250,300,True,Ar_Aubin,,False,uniform,Argon_Aubin_Model3-test/50Td,3.0000000000000005e+21,9.221500000000001e+23,5.0014285330247444e-18,1.8897835194177337e-13,1.8880236417526757e-13,9.3776784994214e-19,0.0,3.125892833140466e-19,0.0,9.3776784994214e-19,9.3776784994214e-19,6.251785666280932e-19,9.3776784994214e-19,6.251785666280932e-19,9.3776784994214e-19,6.251785666280932e-19,0.0,5.001428533024745e-18,3.1258928331404664e-18,6.251785666280932e-19,3.125892833140466e-19,9.3776784994214e-19,3.1258928331404664e-18,1.87553569988428e-18,5.314017816338792e-18,4.3762499663966525e-18,4.3762499663966525e-18,3.4384821164545128e-18,5.314017816338792e-17,2.969598191483443e-17,3.1258928331404664e-17,0.0,1.5629464165702332e-18,3.75107139976856e-18,9.3776784994214e-19,1.1253214199305677e-17,5.001428533024745e-18,2135.649708733985,1190.8234796030513,1639.4475522204675,2098.487781126518,1372.0314464090234,632.6887295425004,-211.43157155887417,275.362341393381,48814.33321892577,9.762866643785155e+23,1.0245819625547285e-22,1.0847321006397538e-22
5.43844e-06,183219.0,6.10728,3e+22,1977.85,1059.14,43754.1,4.0358,4.07484,4.09302,0.000522385917,-0.000332585502,0.275034328,0.021754841,0.0215030549,0.0883183217,-2.02531479e-05,0.000145257818,-9.4868456e-05,1410.84631,-89.7724172,266.68328,763.397335,644.144966,204.179222,-255.171996,572.362154,13423.0258,15300.0,183218.517954,6.107283932,-150.0,30000 3000,1e-06,2,0.0 0.0259,0.0 0.0,-1.0 0.0,0.00054857 28.0,30000,1000,0,0.0,0.0 0.0 0.0,1000 1000000 0,0,0.0,0,100,0,,50,,1,,,10,1.0,10.0,0.1,True,{},,,False,3,mixed,250,300,True,Ar_Aubin,,False,uniform,Argon_Aubin_Model3-test/50Td,3.0000000000000005e+21,8.750820000000002e+23,6.876964232909025e-18,1.9001521059452607e-13,1.8983234586378735e-13,1.2503571332561863e-18,9.3776784994214e-19,6.251785666280932e-19,0.0,0.0,6.251785666280932e-19,1.87553569988428e-18,1.87553569988428e-18,0.0,9.3776784994214e-19,6.251785666280932e-19,1.87553569988428e-18,4.3762499663966525e-18,2.5007142665123726e-18,6.251785666280932e-19,0.0,1.87553569988428e-18,5.001428533024745e-18,1.87553569988428e-18,6.564374949594979e-18,5.001428533024745e-18,3.4384821164545128e-18,6.564374949594979e-18,5.188982103013174e-17,2.125607126535517e-17,3.844848184762773e-17,3.125892833140466e-19,6.251785666280932e-19,2.5007142665123726e-18,3.125892833140466e-19,1.2190982049247816e-17,6.8769642329090255e-18,1589.4571735561922,1409.8131090140614,1966.0001426104425,644.4972206085882,1327.3285060960295,1389.1463092552003,24.673222870954024,-555.3218872858097,49630.810175156104,9.926162035031223e+23,1.3856240123098886e-22,1.5717302453733536e-22
5.47399e-06,182966.0,6.09888,3e+22,-6863.92,-8657.43,47858.6,4.07933,4.02613,4.07858,0.000529992878,-0.000324716129,0.276639905,0.0219060497,0.0216365204,0.0892886735,-9.23368601e-06,0.000165162443,-7.72871971e-05,1698.84699,-1332.21399,485.535983,-134.032995,1755.04011,-1127.42507,-1585.34273,-2127.26497,13963.5914,15400.0,182966.42917,6.098880972,-150.0,30000 3000,1e-06,2,0.0 0.0259,0.0 0.0,-1.0 0.0,0.00054857 28.0,30000,1000,0,0.0,0.0 0.0 0.0,1000 1000000 0,0,0.0,0,100,0,,50,,1,,,10,1.0,10.0,0.1,True,{},,,False,3,mixed,250,300,True,Ar_Aubin,,False,uniform,Argon_Aubin_Model3-test/50Td,3.0000000000000005e+21,9.571720000000001e+23,6.876964232909025e-18,1.899586319342462e-13,1.8977576720350752e-13,1.2503571332561863e-18,6.251785666280932e-19,0.0,3.125892833140466e-19,0.0,1.2503571332561863e-18,3.125892833140466e-19,1.2503571332561863e-18,3.125892833140466e-19,9.3776784994214e-19,3.125892833140466e-19,2.1881249831983263e-18,5.626607099652839e-18,1.5629464165702332e-18,9.3776784994214e-19,6.251785666280932e-19,9.3776784994214e-19,3.75107139976856e-18,1.5629464165702332e-18,8.127321366165212e-18,5.626607099652839e-18,5.314017816338792e-18,5.314017816338792e-18,4.751357106373508e-17,2.875821406489229e-17,3.5322589014487265e-17,0.0,9.3776784994214e-19,2.1881249831983263e-18,9.3776784994214e-19,1.2190982049247816e-17,6.8769642329090255e-18,2126.8672542093827,1702.4848187151617,1877.4675844372598,1752.2289028433115,1189.9759181574302,723.9928425669987,477.1786284065494,773.6627125765492,45169.75473619722,9.033950947239445e+23,1.522471014746977e-22,1.4369338494876626e-22
5.50953e-06,182058.0,6.06861,3e+22,-1753.7,2121.9,46723.9,4.03683,4.04303,4.04491,0.000443860004,-0.000331766992,0.278269648,0.0220354162,0.0217638751,0.0902719358,-1.96608844e-05,0.000160655557,-9.98534053e-05,1546.31767,995.308579,1461.46291,-473.195829,2008.35117,-752.381735,-205.767734,842.468519,14156.5163,15500.0,182058.307507,6.06861025,-150.0,30000 3000,1e-06,2,0.0 0.0259,0.0 0.0,-1.0 0.0,0.00054857 28.0,30000,1000,0,0.0,0.0 0.0 0.0,1000 1000000 0,0,0.0,0,100,0,,50,,1,,,10,1.0,10.0,0.1,True,{},,,False,3,mixed,250,300,True,Ar_Aubin,,False,uniform,Argon_Aubin_Model3-test/50Td,3.0000000000000005e+21,9.344780000000001e+23,8.439910649479257e-18,1.8922529747559147e-13,1.8902398997713723e-13,1.2503571332561863e-18,9.3776784994214e-19,0.0,0.0,3.125892833140466e-19,3.125892833140466e-19,1.87553569988428e-18,1.2503571332561863e-18,3.125892833140466e-19,0.0,6.251785666280932e-19,1.2503571332561863e-18,7.814732082851166e-18,2.5007142665123726e-18,1.5629464165702332e-18,9.3776784994214e-19,1.87553569988428e-18,3.1258928331404664e-18,1.87553569988428e-18,6.251785666280933e-18,5.314017816338792e-18,3.4384821164545128e-18,5.626607099652839e-18,5.56408924299003e-17,3.0946339048090613e-17,3.594776758111536e-17,0.0,6.251785666280932e-19,3.1258928331404664e-18,6.251785666280932e-19,1.750499986558661e-17,8.439910649479259e-18,1820.9160784177766,1547.0960672890146,1791.3720372741525,2009.0551463803247,1109.8811711943674,1154.6730938128003,523.2048688786178,1722.9577872567043,45849.61767204649,9.1699235344093e+23,1.8407810311196744e-22,1.8063369387998983e-22
5.54508e-06,182319.0,6.0773,3e+22,-3818.58,-7527.97,51506.3,4.02864,4.05516,4.05531,0.000398987865,-0.000392076298,0.279977753,0.0221799687,0.0218992746,0.0913191075,-1.46092134e-05,0.000172377306,-0.000108020515,2085.25765,1207.56531,768.977487,-572.034758,2780.36061,753.994383,-581.225465,-3282.0704,17560.446,15600.0,182319.093029,6.077303101,-150.0,30000 3000,1e-06,2,0.0 0.0259,0.0 0.0,-1.0 0.0,0.00054857 28.0,30000,1000,0,0.0,0.0 0.0 0.0,1000 1000000 0,0,0.0,0,100,0,,50,,1,,,10,1.0,10.0,0.1,True,{},,,False,3,mixed,250,300,True,Ar_Aubin,,False,uniform,Argon_Aubin_Model3-test/50Td,3.0000000000000005e+21,1.0301260000000002e+24,5.0014285330247444e-18,1.8845476489222233e-13,1.882731505186169e-13,2.5007142665123726e-18,6.251785666280932e-19,6.251785666280932e-19,0.0,0.0,0.0,1.2503571332561863e-18,9.3776784994214e-19,3.125892833140466e-19,1.2503571332561863e-18,2.5007142665123726e-18,1.2503571332561863e-18,6.564374949594979e-18,2.1881249831983263e-18,3.125892833140466e-19,9.3776784994214e-19,1.2503571332561863e-18,3.75107139976856e-18,2.1881249831983263e-18,4.063660683082606e-18,4.6888392497107e-18,5.314017816338792e-18,7.189553516223072e-18,4.751357106373508e-17,2.813303549826419e-17,3.313446403128894e-17,0.0,6.251785666280932e-19,3.1258928331404664e-18,1.5629464165702332e-18,1.281616061587591e-17,5.001428533024745e-18,2033.8823080726484,2086.781217081532,1903.9854033648646,2777.409071390945,1316.9991491850446,3139.8278606561,661.8800226581006,1236.3190813796905,48054.178599762985,9.610835719952598e+23,1.0407895169077789e-22,9.710323849751864e-23
5.58062e-06,182200.0,6.07334,3e+22,4342.98,2625.22,33834.0,4.0442,4.04234,4.05349,0.000422041346,-0.000373223432,0.281576795,0.0223392502,0.022059286,0.0923098761,-1.350702e-05,0.000178045194,-8.55971787e-05,2900.00122,-369.094071,-503.907938,-2346.4782,1219.30889,712.82861,841.385787,617.558819,10003.7261,15700.0,182200.202297,6.073340077,-150.0,30000 3000,1e-06,2,0.0 0.0259,0.0 0.0,-1.0 0.0,0.00054857 28.0,30000,1000,0,0.0,0.0 0.0 0.0,1000 1000000 0,0,0.0,0,100,0,,50,,1,,,10,1.0,10.0,0.1,True,{},,,False,3,mixed,250,300,True,Ar_Aubin,,False,uniform,Argon_Aubin_Model3-test/50Td,3.0000000000000005e+21,6.766800000000001e+23,4.0636606830826054e-18,1.8902867881638693e-13,1.8885019033561463e-13,1.2503571332561863e-18,3.125892833140466e-19,9.3776784994214e-19,0.0,3.125892833140466e-19,9.3776784994214e-19,1.2503571332561863e-18,9.3776784994214e-19,0.0,9.3776784994214e-19,1.5629464165702332e-18,1.2503571332561863e-18,5.626607099652839e-18,1.5629464165702332e-18,9.3776784994214e-19,9.3776784994214e-19,2.1881249831983263e-18,3.4384821164545128e-18,2.1881249831983263e-18,6.564374949594979e-18,7.50214279953712e-18,3.1258928331404664e-18,6.251785666280933e-18,4.813874963036317e-17,2.4381964098495633e-17,3.1884106898032754e-17,3.125892833140466e-19,1.5629464165702332e-18,3.4384821164545128e-18,6.251785666280932e-19,1.4066517749132096e-17,4.063660683082606e-18,2240.2698016998775,2898.168302875149,2251.0061511933795,1220.2886836181551,1305.6442248080366,476.8568179699996,-41.11462094107011,-899.6838870496639,44985.90534921523,8.997181069843048e+23,9.033186398133688e-23,1.2010583091217726e-22
5.61617e-06,182419.0,6.08064,3e+22,-2496.71,3892.6,41452.8,4.0257,4.09587,4.02981,0.000550045925,-0.000237383332,0.283208163,0.0224913118,0.0221926018,0.0933222605,-2.62556894e-05,0.000211108007,-5.70378844e-05,592.420678,834.701621,456.371299,401.253399,1806.88279,10.3730024,-1318.85408,248.689717,12679.3632,15800.0,182419.093108,6.080636437,-150.0,30000 3000,1e-06,2,0.0 0.0259,0.0 0.0,-1.0 0.0,0.00054857 28.0,30000,1000,0,0.0,0.0 0.0 0.0,1000 1000000 0,0,0.0,0,100,0,,50,,1,,,10,1.0,10.0,0.1,True,{},,,False,3,mixed,250,300,True,Ar_Aubin,,False,uniform,Argon_Aubin_Model3-test/50Td,3.0000000000000005e+21,8.290560000000002e+23,7.502142799537118e-18,1.8865544721210995e-13,1.8848164757058737e-13,9.3776784994214e-19,0.0,6.251785666280932e-19,0.0,0.0,3.125892833140466e-19,1.87553569988428e-18,3.125892833140466e-19,3.125892833140466e-19,3.125892833140466e-19,9.3776784994214e-19,0.0,3.75107139976856e-18,2.8133035498264193e-18,1.87553569988428e-18,0.0,9.3776784994214e-19,5.001428533024745e-18,6.251785666280932e-19,4.6888392497107e-18,5.314017816338792e-18,4.6888392497107e-18,6.8769642329090255e-18,4.938910676361936e-17,2.563232123175182e-17,3.063374976477657e-17,3.125892833140466e-19,1.5629464165702332e-18,1.2503571332561863e-18,1.87553569988428e-18,1.3441339182504003e-17,7.50214279953712e-18,2137.226875743722,593.7939831614067,1876.455812621044,1807.8068283581433,1280.2260297739983,939.5918607935982,-109.08959867436334,-178.19507207611002,45895.333854732875,9.179066770946577e+23,1.634619942690203e-22,1.8098036319710895e-22
5.65171e-06,182766.0,6.09222,3e+22,-3695.27,6527.14,46257.3,4.03043,4.10663,4.03489,0.000532734636,-0.000206173075,0.284850168,0.0226307075,0.0223342279,0.094373437,-1.70978038e-05,0.0002097024,-4.72320342e-05,2583.90071,463.868919,802.705316,1693.91242,1298.41984,-1284.65889,-657.685905,2607.66122,14594.2529,15900.0,182766.468299,6.09221561,-150.0,30000 3000,1e-06,2,0.0 0.0259,0.0 0.0,-1.0 0.0,0.00054857 28.0,30000,1000,0,0.0,0.0 0.0 0.0,1000 1000000 0,0,0.0,0,100,0,,50,,1,,,10,1.0,10.0,0.1,True,{},,,False,3,mixed,250,300,True,Ar_Aubin,,False,uniform,Argon_Aubin_Model3-test/50Td,3.0000000000000005e+21,9.251460000000001e+23,5.939196382966884e-18,1.8927312363593852e-13,1.8910213729796575e-13,2.1881249831983263e-18,1.2503571332561863e-18,3.125892833140466e-19,0.0,0.0,9.3776784994214e-19,1.2503571332561863e-18,9.3776784994214e-19,3.125892833140466e-19,9.3776784994214e-19,2.1881249831983263e-18,1.87553569988428e-18,5.001428533024745e-18,1.2503571332561863e-18,6.251785666280932e-19,0.0,3.125892833140466e-19,3.1258928331404664e-18,9.3776784994214e-19,4.3762499663966525e-18,6.8769642329090255e-18,3.4384821164545128e-18,4.3762499663966525e-18,4.688839249710699e-17,2.594491051506587e-17,2.907080334820633e-17,0.0,9.3776784994214e-19,1.87553569988428e-18,1.2503571332561863e-18,1.656723201564447e-17,5.939196382966885e-18,1961.0757556141555,2585.8693083183716,1992.3807793618446,1299.7655605247555,1665.783479808158,1417.853223773598,73.77433988271079,1172.9748254275173,46194.58495332735,9.23891699066547e+23,1.2856910369402702e-22,1.283947913727538e-22
5.68726e-06,182258.0,6.07528,3e+22,-11550.2,723.325,30266.1,4.05752,4.04042,4.04665,0.000401621225,-0.000225717795,0.286440911,0.0227852729,0.0224761832,0.0953582123,-2.19860203e-06,0.00018358865,-5.96286987e-05,2524.50577,-991.552808,-564.825364,509.748283,1911.27955,-1605.75677,-2751.84933,-530.320981,8861.98806,16000.0,182258.447285,6.075281576,-150.0,30000 3000,1e-06,2,0.0 0.0259,0.0 0.0,-1.0 0.0,0.00054857 28.0,30000,1000,0,0.0,0.0 0.0 0.0,1000 1000000 0,0,0.0,0,100,0,,50,,1,,,10,1.0,10.0,0.1,True,{},,,False,3,mixed,250,300,True,Ar_Aubin,,False,uniform,Argon_Aubin_Model3-test/50Td,3.0000000000000005e+21,6.053220000000001e+23,6.5643749495949784e-18,1.891484005118962e-13,1.8896053435262449e-13,9.3776784994214e-19,1.2503571332561863e-18,9.3776784994214e-19,0.0,0.0,3.125892833140466e-19,9.3776784994214e-19,6.251785666280932e-19,6.251785666280932e-19,6.251785666280932e-19,9.3776784994214e-19,6.251785666280932e-19,6.564374949594979e-18,1.2503571332561863e-18,6.251785666280932e-19,1.5629464165702332e-18,3.125892833140466e-19,2.8133035498264193e-18,3.1258928331404664e-18,5.626607099652839e-18,5.939196382966885e-18,3.1258928331404664e-18,4.3762499663966525e-18,5.56408924299003e-17,2.813303549826419e-17,3.500999973117322e-17,0.0,1.5629464165702332e-18,3.1258928331404664e-18,1.5629464165702332e-18,1.3128749899189958e-17,6.564374949594979e-18,2175.920183540257,2529.1445754729953,1996.6980089389149,1911.4428173240683,1069.0274285602256,192.53880358290007,298.07094583498497,-20.38039192577253,44752.42928761543,8.950485857523088e+23,1.4668198026540587e-22,2.1688869558994975e-22
5.7228e-06,181910.0,6.06366,3e+22,3503.51,2583.54,40020.9,4.03656,4.0358,4.04575,0.000474077174,-0.000251477684,0.288053625,0.0229020351,0.0226076707,0.0963631472,8.24266304e-07,0.000193662025,-7.19043692e-05,3831.33456,991.240218,793.351818,-432.922701,1995.01989,-344.09019,1049.88884,895.950213,11526.5566,16100.0,181909.776141,6.063659205,-150.0,30000 3000,1e-06,2,0.0 0.0259,0.0 0.0,-1.0 0.0,0.00054857 28.0,30000,1000,0,0.0,0.0 0.0 0.0,1000 1000000 0,0,0.0,0,100,0,,50,,1,,,10,1.0,10.0,0.1,True,{},,,False,3,mixed,250,300,True,Ar_Aubin,,False,uniform,Argon_Aubin_Model3-test/50Td,3.0000000000000005e+21,8.00418e+23,4.688839249710699e-18,1.884047506068921e-13,1.882171970369037e-13,9.3776784994214e-19,0.0,3.125892833140466e-19,0.0,0.0,9.3776784994214e-19,9.3776784994214e-19,9.3776784994214e-19,0.0,1.87553569988428e-18,1.5629464165702332e-18,1.87553569988428e-18,4.063660683082606e-18,2.5007142665123726e-18,6.251785666280932e-19,3.125892833140466e-19,1.87553569988428e-18,3.75107139976856e-18,1.87553569988428e-18,6.564374949594979e-18,6.564374949594979e-18,4.3762499663966525e-18,6.8769642329090255e-18,4.970169604693341e-17,3.1884106898032754e-17,3.75107139976856e-17,0.0,6.251785666280932e-19,1.87553569988428e-18,1.2503571332561863e-18,1.1253214199305677e-17,4.6888392497107e-18,1641.5450443863463,3829.673625880119,1849.3983398334437,1995.6695926557213,1103.3708844087012,-1.6087207625005249,-321.99733114607693,815.0689071033136,45370.540210546504,9.074108042109302e+23,1.0334545782244765e-22,1.171597652654163e-22
5.75835e-06,181423.0,6.04742,3e+22,-7249.15,-8638.17,40013.6,4.05695,3.9584,4.06966,0.000544014797,-0.000232819078,0.289672505,0.0230669607,0.0227550462,0.0973782983,1.83997961e-05,0.000243786516,-7.31092391e-05,1386.03547,801.85465,209.95164,-1472.49307,2143.94238,-354.838303,-1602.28777,-3216.42601,12767.1472,16200.0,181422.533175,6.047417772,-150.0,30000 3000,1e-06,2,0.0 0.0259,0.0 0.0,-1.0 0.0,0.00054857 28.0,30000,1000,0,0.0,0.0 0.0 0.0,1000 1000000 0,0,0.0,0,100,0,,50,,1,,,10,1.0,10.0,0.1,True,{},,,False,3,mixed,250,300,True,Ar_Aubin,,False,uniform,Argon_Aubin_Model3-test/50Td,3.0000000000000005e+21,8.002720000000002e+23,6.5643749495949784e-18,1.879639997174193e-13,1.8777425802244767e-13,2.1881249831983263e-18,0.0,6.251785666280932e-19,0.0,0.0,3.125892833140466e-19,2.1881249831983263e-18,2.1881249831983263e-18,0.0,6.251785666280932e-19,1.2503571332561863e-18,6.251785666280932e-19,5.001428533024745e-18,2.5007142665123726e-18,3.125892833140466e-19,3.125892833140466e-19,1.2503571332561863e-18,3.75107139976856e-18,3.1258928331404664e-18,4.3762499663966525e-18,5.626607099652839e-18,5.626607099652839e-18,3.75107139976856e-18,5.657866027984243e-17,2.6882678365008006e-17,3.2821874747974894e-17,3.125892833140466e-19,2.1881249831983263e-18,2.8133035498264193e-18,9.3776784994214e-19,1.500428559907424e-17,6.564374949594979e-18,2318.927302373231,1389.9791148656725,2073.1871958462716,2141.931249224993,1123.6590763583813,1176.3074539319987,818.6153622240646,685.7753191395109,45544.008507431194,9.10880170148624e+23,1.4413256901890623e-22,1.6405359551739855e-22
5.7939e-06,181664.0,6.05547,3e+22,-4809.14,3203.14,35229.9,4.02274,3.99911,4.08185,0.000527507035,-0.000292446459,0.29130745,0.0231824211,0.0228764197,0.0984085929,1.05992062e-05,0.000236879896,-0.000100098403,1580.44398,-78.922873,-1626.04414,-1035.47635,2107.87702,-154.730261,-2378.88653,1443.59565,10695.5419,16300.0,181664.15984,6.055471995,-150.0,30000 3000,1e-06,2,0.0 0.0259,0.0 0.0,-1.0 0.0,0.00054857 28.0,30000,1000,0,0.0,0.0 0.0 0.0,1000 1000000 0,0,0.0,0,100,0,,50,,1,,,10,1.0,10.0,0.1,True,{},,,False,3,mixed,250,300,True,Ar_Aubin,,False,uniform,Argon_Aubin_Model3-test/50Td,3.0000000000000005e+21,7.045980000000002e+23,6.876964232909025e-18,1.8784709132545983e-13,1.876742294517872e-13,1.2503571332561863e-18,6.251785666280932e-19,0.0,0.0,0.0,9.3776784994214e-19,1.5629464165702332e-18,1.2503571332561863e-18,0.0,0.0,0.0,1.5629464165702332e-18,6.8769642329090255e-18,1.5629464165702332e-18,9.3776784994214e-19,9.3776784994214e-19,1.87553569988428e-18,5.626607099652839e-18,1.5629464165702332e-18,6.251785666280933e-18,5.001428533024745e-18,4.3762499663966525e-18,6.564374949594979e-18,4.6263213930478895e-17,2.5319731948437773e-17,2.7507856931636102e-17,0.0,1.87553569988428e-18,1.5629464165702332e-18,9.3776784994214e-19,1.3753928465818051e-17,6.8769642329090255e-18,1624.3745804995685,1582.9808351822999,1706.861925758359,2108.8137669506814,1131.2902298541715,432.8095672449981,-84.03957245816069,-2622.5763799993465,45995.965722709516,9.199193144541904e+23,1.4951233493753285e-22,1.952024908645504e-22
5.82944e-06,181678.0,6.05595,3e+22,-6694.9,-5088.03,42038.9,3.96803,4.06277,4.07064,0.000558289094,-0.000241037708,0.292958077,0.0233365135,0.0230218661,0.0994700577,2.68910858e-05,0.000234677001,-9.09396899e-05,2519.40845,442.961895,-415.414865,694.755198,1637.02082,505.246379,-1126.19959,-1898.46198,13589.0508,16400.0,181678.393287,6.055946443,-150.0,30000 3000,1e-06,2,0.0 0.0259,0.0 0.0,-1.0 0.0,0.00054857 28.0,30000,1000,0,0.0,0.0 0.0 0.0,1000 1000000 0,0,0.0,0,100,0,,50,,1,,,10,1.0,10.0,0.1,True,{},,,False,3,mixed,250,300,True,Ar_Aubin,,False,uniform,Argon_Aubin_Model3-test/50Td,3.0000000000000005e+21,8.407780000000002e+23,3.4384821164545124e-18,1.8825720846516785e-13,1.8807621927012904e-13,1.5629464165702332e-18,9.3776784994214e-19,3.125892833140466e-19,0.0,3.125892833140466e-19,6.251785666280932e-19,1.2503571332561863e-18,1.5629464165702332e-18,3.125892833140466e-19,0.0,0.0,1.5629464165702332e-18,8.752499932793305e-18,1.87553569988428e-18,1.2503571332561863e-18,1.2503571332561863e-18,1.87553569988428e-18,3.4384821164545128e-18,1.2503571332561863e-18,6.564374949594979e-18,5.001428533024745e-18,5.939196382966885e-18,6.564374949594979e-18,5.282758888007388e-17,2.2819017681925403e-17,3.032116048146252e-17,0.0,1.5629464165702332e-18,3.1258928331404664e-18,1.5629464165702332e-18,1.3128749899189958e-17,3.4384821164545128e-18,2167.073333813911,2523.1461396554205,2046.3101520126495,1635.7944129105647,1365.3010792479508,1273.4154968047005,-340.1696187242636,396.2407153135432,46437.14798539221,9.287429597078442e+23,7.404593661816097e-23,8.179286604679267e-23
5.86499e-06,181390.0,6.04634,3e+22,-4683.0,2999.51,46347.4,4.03401,4.03959,4.00668,0.000564922202,-0.000162833008,0.294625397,0.0235069667,0.0231906812,0.100548256,4.7661518e-06,0.000228368301,-6.86568891e-05,2376.32823,-31.1607127,315.354676,-16.9633909,1320.15294,-339.450128,-1701.46765,1541.71663,14834.939,16500.0,181390.086368,6.046336212,-150.0,30000 3000,1e-06,2,0.0 0.0259,0.0 0.0,-1.0 0.0,0.00054857 28.0,30000,1000,0,0.0,0.0 0.0 0.0,1000 1000000 0,0,0.0,0,100,0,,50,,1,,,10,1.0,10.0,0.1,True,{},,,False,3,mixed,250,300,True,Ar_Aubin,,False,uniform,Argon_Aubin_Model3-test/50Td,3.0000000000000005e+21,9.269480000000002e+23,6.5643749495949784e-18,1.8775550266544882e-13,1.8756513579191058e-13,1.5629464165702332e-18,1.2503571332561863e-18,6.251785666280932e-19,0.0,3.125892833140466e-19,9.3776784994214e-19,0.0,6.251785666280932e-19,3.125892833140466e-19,9.3776784994214e-19,1.87553569988428e-18,2.1881249831983263e-18,6.564374949594979e-18,2.5007142665123726e-18,3.125892833140466e-19,3.125892833140466e-19,1.5629464165702332e-18,4.6888392497107e-18,2.1881249831983263e-18,3.75107139976856e-18,7.814732082851166e-18,5.001428533024745e-18,4.063660683082606e-18,5.188982103013174e-17,2.907080334820633e-17,3.4384821164545125e-17,3.125892833140466e-19,1.87553569988428e-18,2.8133035498264193e-18,1.5629464165702332e-18,1.2503571332561866e-17,6.564374949594979e-18,2397.5781622680347,2378.973760671966,2375.0848856418133,1320.641359235826,1385.6732816384506,1179.817875082199,-258.65030777687076,-32.56491511397485,46906.77274696663,9.381354549393326e+23,1.3994514150452792e-22,1.416341574628777e-22
5.90053e-06,182344.0,6.07815,3e+22,-8073.95,1031.75,35707.3,4.06068,4.0532,4.03479,0.000573433223,-0.00019606732,0.296397181,0.023645567,0.0233375665,0.101650111,-1.25400205e-05,0.000225619297,-7.16800547e-05,246.708863,515.193837,201.792238,-556.234548,3462.90837,49.527983,-1755.87846,-168.967668,10893.8074,16600.0,182344.488918,6.078149631,-150.0,30000 3000,1e-06,2,0.0 0.0259,0.0 0.0,-1.0 0.0,0.00054857 28.0,30000,1000,0,0.0,0.0 0.0 0.0,1000 1000000 0,0,0.0,0,100,0,,50,,1,,,10,1.0,10.0,0.1,True,{},,,False,3,mixed,250,300,True,Ar_Aubin,,False,uniform,Argon_Aubin_Model3-test/50Td,3.0000000000000005e+21,7.141460000000002e+23,5.939196382966884e-18,1.8820344310843784e-13,1.880327693597484e-13,3.125892833140466e-19,3.125892833140466e-19,0.0,0.0,6.251785666280932e-19,3.125892833140466e-19,1.87553569988428e-18,1.87553569988428e-18,3.125892833140466e-19,1.5629464165702332e-18,6.251785666280932e-19,1.2503571332561863e-18,3.75107139976856e-18,2.5007142665123726e-18,1.2503571332561863e-18,9.3776784994214e-19,1.5629464165702332e-18,5.314017816338792e-18,2.5007142665123726e-18,5.626607099652839e-18,6.564374949594979e-18,3.4384821164545128e-18,4.063660683082606e-18,4.344991038065248e-17,2.5319731948437773e-17,3.1258928331404664e-17,3.125892833140466e-19,6.251785666280932e-19,1.87553569988428e-18,1.87553569988428e-18,1.3441339182504003e-17,5.939196382966885e-18,1949.4872955863736,251.33873417084087,2065.9968968491066,3463.11066245741,769.3070363654938,310.26433887869825,-176.46634305930385,818.534045411322,49845.66216725648,9.969132433451297e+23,1.191517200240612e-22,1.6633003287750358e-22
5.93608e-06,182424.0,6.0808,3e+22,-776.799,-170.339,46030.1,4.02203,4.03461,4.0929,0.000413285444,-5.95797296e-05,0.298123239,0.0237859725,0.0234934224,0.102763434,-2.06313662e-05,0.000166881544,-2.6168927e-05,2545.84938,-48.8485785,689.732828,258.353124,1736.21266,-482.090369,-1432.08798,-1075.03731,14855.254,16700.0,182423.914434,6.080797148,-150.0,30000 3000,1e-06,2,0.0 0.0259,0.0 0.0,-1.0 0.0,0.00054857 28.0,30000,1000,0,0.0,0.0 0.0 0.0,1000 1000000 0,0,0.0,0,100,0,,50,,1,,,10,1.0,10.0,0.1,True,{},,,False,3,mixed,250,300,True,Ar_Aubin,,False,uniform,Argon_Aubin_Model3-test/50Td,3.0000000000000005e+21,9.206020000000001e+23,5.0014285330247444e-18,1.884156912318081e-13,1.8822719989396972e-13,6.251785666280932e-19,3.125892833140466e-19,3.125892833140466e-19,0.0,3.125892833140466e-19,6.251785666280932e-19,1.5629464165702332e-18,9.3776784994214e-19,0.0,9.3776784994214e-19,9.3776784994214e-19,1.2503571332561863e-18,3.1258928331404664e-18,1.87553569988428e-18,6.251785666280932e-19,9.3776784994214e-19,2.5007142665123726e-18,2.8133035498264193e-18,1.2503571332561863e-18,6.8769642329090255e-18,5.001428533024745e-18,6.251785666280933e-18,4.6888392497107e-18,5.470312457995816e-17,3.1884106898032754e-17,3.15715176147187e-17,3.125892833140466e-19,9.3776784994214e-19,1.2503571332561863e-18,1.5629464165702332e-18,1.750499986558661e-17,5.001428533024745e-18,1977.2392602561592,2546.170419719614,2192.8406017345683,1736.2025112484396,1225.844594457325,1132.6114965061024,-337.13947255871955,-529.7968883839034,48559.25098606219,9.711850197212439e+23,1.0299641018886986e-22,1.0865560867833754e-22
5.97162e-06,182575.0,6.08584,3e+22,5009.8,1034.25,43508.4,4.09212,4.03279,4.03585,0.000393963458,-9.79477103e-05,0.299722221,0.0238975616,0.0236396168,0.103827809,-1.41709094e-05,0.000146447472,-4.72166483e-05,2311.24924,-1110.9761,-152.075043,-166.229886,2178.9134,263.558183,1331.44215,817.141499,14239.7621,16800.0,182575.094196,6.085836473,-150.0,30000 3000,1e-06,2,0.0 0.0259,0.0 0.0,-1.0 0.0,0.00054857 28.0,30000,1000,0,0.0,0.0 0.0 0.0,1000 1000000 0,0,0.0,0,100,0,,50,,1,,,10,1.0,10.0,0.1,True,{},,,False,3,mixed,250,300,True,Ar_Aubin,,False,uniform,Argon_Aubin_Model3-test/50Td,3.0000000000000005e+21,8.70168e+23,5.3140178163387916e-18,1.8919497631511e-13,1.8902273962000398e-13,1.87553569988428e-18,6.251785666280932e-19,0.0,0.0,0.0,9.3776784994214e-19,1.87553569988428e-18,6.251785666280932e-19,3.125892833140466e-19,9.3776784994214e-19,0.0,6.251785666280932e-19,6.251785666280933e-18,2.1881249831983263e-18,3.125892833140466e-19,0.0,1.87553569988428e-18,3.75107139976856e-18,1.2503571332561863e-18,6.564374949594979e-18,7.814732082851166e-18,3.1258928331404664e-18,7.189553516223072e-18,4.6263213930478895e-17,2.4069374815181585e-17,3.21966961813468e-17,0.0,1.5629464165702332e-18,1.2503571332561863e-18,1.2503571332561863e-18,1.2190982049247816e-17,5.314017816338792e-18,1569.889460408134,2309.2755618681117,2056.3611042529465,2179.0147024193775,1525.2447669495673,1199.3278198435983,-430.538956595428,-339.32199548184735,44984.21736708622,8.996843473417244e+23,1.1813071622375095e-22,1.2213774389172645e-22
6.00717e-06,182962.0,6.09872,3e+22,6604.29,-5386.21,38290.7,4.04431,4.04195,4.10244,0.000417243618,-3.64171673e-05,0.301348154,0.0240635842,0.0237930785,0.104888234,-1.48971842e-05,0.000158360758,-2.97966636e-05,1807.10223,-102.109685,423.656982,-68.1494147,2117.28675,-820.367276,933.378727,-2569.10511,12929.0462,16900.0,182961.593654,6.098719788,-150.0,30000 3000,1e-06,2,0.0 0.0259,0.0 0.0,-1.0 0.0,0.00054857 28.0,30000,1000,0,0.0,0.0 0.0 0.0,1000 1000000 0,0,0.0,0,100,0,,50,,1,,,10,1.0,10.0,0.1,True,{},,,False,3,mixed,250,300,True,Ar_Aubin,,False,uniform,Argon_Aubin_Model3-test/50Td,3.0000000000000005e+21,7.65814e+23,3.4384821164545124e-18,1.8923655068979077e-13,1.8906712729823457e-13,1.87553569988428e-18,1.2503571332561863e-18,3.125892833140466e-19,0.0,0.0,6.251785666280932e-19,1.5629464165702332e-18,9.3776784994214e-19,0.0,1.2503571332561863e-18,3.125892833140466e-19,3.125892833140466e-19,5.314017816338792e-18,1.5629464165702332e-18,3.125892833140466e-19,9.3776784994214e-19,9.3776784994214e-19,2.1881249831983263e-18,9.3776784994214e-19,7.50214279953712e-18,5.626607099652839e-18,5.314017816338792e-18,4.3762499663966525e-18,4.9076517480305316e-17,3.000857119814848e-17,2.469455338180968e-17,3.125892833140466e-19,1.2503571332561863e-18,3.1258928331404664e-18,1.2503571332561863e-18,1.281616061587591e-17,3.4384821164545128e-18,2335.0942030400674,1804.3466321460787,2158.788022414689,2117.0905994893174,1169.2770648966425,1390.214439632202,119.77061932117977,-649.1314411844126,45742.4308067983,9.148486161359662e+23,7.517051577292829e-23,8.979940602951925e-23
6.04271e-06,182659.0,6.08862,3e+22,33.3761,336.924,42787.1,4.09155,4.05833,4.01695,0.000314582611,-6.49112357e-06,0.302954356,0.0241925343,0.0239526257,0.105958625,2.00304696e-06,0.000113700205,1.95540642e-06,1665.92951,201.831609,341.000703,-652.246862,2607.48549,283.036109,-540.461499,1738.56623,14353.6795,17000.0,182658.639221,6.088621307,-150.0,30000 3000,1e-06,2,0.0 0.0259,0.0 0.0,-1.0 0.0,0.00054857 28.0,30000,1000,0,0.0,0.0 0.0 0.0,1000 1000000 0,0,0.0,0,100,0,,50,,1,,,10,1.0,10.0,0.1,True,{},,,False,3,mixed,250,300,True,Ar_Aubin,,False,uniform,Argon_Aubin_Model3-test/50Td,3.0000000000000005e+21,8.55742e+23,6.251785666280931e-18,1.8941722729554629e-13,1.8923342479695765e-13,6.251785666280932e-19,9.3776784994214e-19,3.125892833140466e-19,0.0,3.125892833140466e-19,1.5629464165702332e-18,2.1881249831983263e-18,2.5007142665123726e-18,3.125892833140466e-19,9.3776784994214e-19,1.2503571332561863e-18,3.125892833140466e-19,5.314017816338792e-18,2.1881249831983263e-18,9.3776784994214e-19,9.3776784994214e-19,1.87553569988428e-18,3.1258928331404664e-18,1.87553569988428e-18,7.814732082851166e-18,4.3762499663966525e-18,3.75107139976856e-18,3.1258928331404664e-18,5.314017816338792e-17,2.594491051506587e-17,3.344705331460299e-17,3.125892833140466e-19,1.87553569988428e-18,1.87553569988428e-18,1.2503571332561863e-18,1.3128749899189958e-17,6.251785666280933e-18,1814.935688128618,1665.919010459317,2244.2915830936395,2607.487677015318,1403.2631484380543,1391.1411743924018,-400.3086551768256,-223.0323085164097,45187.33788338297,9.037467576676595e+23,1.3835259962459396e-22,1.4611379752965103e-22
6.07826e-06,183118.0,6.10394,3e+22,-1325.79,-682.391,37998.0,4.09698,4.06941,4.03328,0.000378571804,3.67139745e-05,0.304602212,0.0243092939,0.0241197384,0.107042577,-1.09000831e-05,0.00012925512,1.18071472e-05,2229.42023,-909.227776,-104.829413,433.951012,3050.6134,-190.613118,373.672895,-801.364124,12612.3593,17100.0,183118.273904,6.103942463,-150.0,30000 3000,1e-06,2,0.0 0.0259,0.0 0.0,-1.0 0.0,0.00054857 28.0,30000,1000,0,0.0,0.0 0.0 0.0,1000 1000000 0,0,0.0,0,100,0,,50,,1,,,10,1.0,10.0,0.1,True,{},,,False,3,mixed,250,300,True,Ar_Aubin,,False,uniform,Argon_Aubin_Model3-test/50Td,3.0000000000000005e+21,7.599600000000001e+23,4.3762499663966525e-18,1.8957883595501965e-13,1.894081622063302e-13,0.0,6.251785666280932e-19,3.125892833140466e-19,0.0,6.251785666280932e-19,1.87553569988428e-18,1.2503571332561863e-18,1.5629464165702332e-18,3.125892833140466e-19,1.2503571332561863e-18,9.3776784994214e-19,1.2503571332561863e-18,6.251785666280933e-18,1.2503571332561863e-18,0.0,3.125892833140466e-19,3.125892833140466e-19,2.5007142665123726e-18,3.125892833140466e-19,4.063660683082606e-18,5.939196382966885e-18,5.001428533024745e-18,5.001428533024745e-18,4.126178539745415e-17,3.1884106898032754e-17,3.4384821164545125e-17,0.0,1.5629464165702332e-18,1.5629464165702332e-18,1.2503571332561863e-18,1.3441339182504003e-17,4.3762499663966525e-18,1641.7770739443554,2229.9221367120253,2350.6753928603894,3050.6384532857733,1164.5144530907737,1038.0844484240006,-125.32484020230318,658.2970772390879,46359.19134402773,9.271838268805548e+23,9.439875544680802e-23,1.1517053440698597e-22
6.1138e-06,183114.0,6.10381,3e+22,2687.35,2911.3,48633.9,4.07317,4.02724,4.09367,0.000398597815,4.63774336e-05,0.306320363,0.024489736,0.02428598,0.108195467,-1.1039168e-05,0.000150212917,1.58794936e-05,2789.43299,675.715474,-367.054125,1301.00675,1438.22455,-449.532227,1351.45286,-304.774682,15629.9902,17200.0,183114.279425,6.103809314,-150.0,30000 3000,1e-06,2,0.0 0.0259,0.0 0.0,-1.0 0.0,0.00054857 28.0,30000,1000,0,0.0,0.0 0.0 0.0,1000 1000000 0,0,0.0,0,100,0,,50,,1,,,10,1.0,10.0,0.1,True,{},,,False,3,mixed,250,300,True,Ar_Aubin,,False,uniform,Argon_Aubin_Model3-test/50Td,3.0000000000000005e+21,9.726780000000002e+23,5.939196382966884e-18,1.8990861764891596e-13,1.8971918854322769e-13,1.87553569988428e-18,3.125892833140466e-19,6.251785666280932e-19,0.0,0.0,1.5629464165702332e-18,2.1881249831983263e-18,1.87553569988428e-18,0.0,3.125892833140466e-19,6.251785666280932e-19,9.3776784994214e-19,5.001428533024745e-18,1.5629464165702332e-18,6.251785666280932e-19,6.251785666280932e-19,1.5629464165702332e-18,4.6888392497107e-18,1.87553569988428e-18,4.6888392497107e-18,7.189553516223072e-18,3.1258928331404664e-18,5.001428533024745e-18,5.001428533024746e-17,3.1884106898032754e-17,3.6260356864429406e-17,0.0,2.5007142665123726e-18,1.87553569988428e-18,1.2503571332561863e-18,1.3441339182504003e-17,5.939196382966885e-18,2537.973076581785,2788.3618181618594,2338.4291223277437,1438.0895313775602,1452.1255470635094,732.4362978943009,398.72890774681457,141.8233412170216,48336.80307437815,9.667360614875632e+23,1.2287110452521982e-22,1.2212050407158143e-22
6.14935e-06,182999.0,6.09997,3e+22,-6792.98,-2920.56,37028.8,4.02627,4.08288,4.08268,0.000360453986,7.63740735e-06,0.307953147,0.0246476476,0.0244075562,0.109293731,-1.83145426e-05,0.000127689541,-1.31131482e-05,2715.01311,41.6839632,-357.466958,300.774616,2918.47095,-621.529118,-2196.53816,-1860.79214,11858.6174,17300.0,182999.105358,6.099970179,-150.0,30000 3000,1e-06,2,0.0 0.0259,0.0 0.0,-1.0 0.0,0.00054857 28.0,30000,1000,0,0.0,0.0 0.0 0.0,1000 1000000 0,0,0.0,0,100,0,,50,,1,,,10,1.0,10.0,0.1,True,{},,,False,3,mixed,250,300,True,Ar_Aubin,,False,uniform,Argon_Aubin_Model3-test/50Td,3.0000000000000005e+21,7.405760000000001e+23,5.0014285330247444e-18,1.9025777987837775e-13,1.9007460255835576e-13,9.3776784994214e-19,3.125892833140466e-19,6.251785666280932e-19,0.0,0.0,1.2503571332561863e-18,3.125892833140466e-19,1.2503571332561863e-18,6.251785666280932e-19,9.3776784994214e-19,6.251785666280932e-19,9.3776784994214e-19,3.75107139976856e-18,2.1881249831983263e-18,3.125892833140466e-19,6.251785666280932e-19,9.3776784994214e-19,3.4384821164545128e-18,2.8133035498264193e-18,5.001428533024745e-18,5.626607099652839e-18,3.75107139976856e-18,6.564374949594979e-18,5.5015713863272204e-17,2.938339263152038e-17,3.032116048146252e-17,3.125892833140466e-19,1.5629464165702332e-18,1.5629464165702332e-18,1.87553569988428e-18,1.5316874882388284e-17,5.001428533024745e-18,2221.6735940810954,2717.461666717818,1710.1832098718387,2918.49325550641,1340.370923497226,455.48191036639946,-321.49555091761823,-475.43272804873686,45935.17023299775,9.187034046599552e+23,1.0888015670032163e-22,1.3506860965045436e-22
6.18489e-06,182626.0,6.08753,3e+22,1855.35,1012.05,46451.6,4.07574,3.98891,4.09812,0.00028782942,9.39017582e-05,0.309562323,0.0247997168,0.0245317485,0.110358718,-2.81374325e-05,8.19706811e-05,8.22117963e-06,1868.93915,-534.960461,-471.261022,-592.264424,591.088577,-1156.77385,-103.37876,53.1150978,14278.7174,17400.0,182625.87847,6.087529282,-150.0,30000 3000,1e-06,2,0.0 0.0259,0.0 0.0,-1.0 0.0,0.00054857 28.0,30000,1000,0,0.0,0.0 0.0 0.0,1000 1000000 0,0,0.0,0,100,0,,50,,1,,,10,1.0,10.0,0.1,True,{},,,False,3,mixed,250,300,True,Ar_Aubin,,False,uniform,Argon_Aubin_Model3-test/50Td,3.0000000000000005e+21,9.290320000000001e+23,8.439910649479257e-18,1.8975263559654226e-13,1.8956758274082037e-13,2.8133035498264193e-18,0.0,6.251785666280932e-19,0.0,6.251785666280932e-19,1.5629464165702332e-18,1.2503571332561863e-18,1.2503571332561863e-18,0.0,3.125892833140466e-19,1.2503571332561863e-18,6.251785666280932e-19,5.626607099652839e-18,3.1258928331404664e-18,6.251785666280932e-19,1.2503571332561863e-18,2.1881249831983263e-18,2.5007142665123726e-18,9.3776784994214e-19,4.6888392497107e-18,4.6888392497107e-18,3.75107139976856e-18,3.75107139976856e-18,5.345276744670197e-17,2.969598191483443e-17,3.000857119814848e-17,0.0,9.3776784994214e-19,2.5007142665123726e-18,1.87553569988428e-18,1.469169631576019e-17,8.439910649479259e-18,2139.7463708525447,1868.405125685603,1746.8299806697185,590.9935437256137,1002.8854091848667,-100.94780306679786,-670.046319511068,-1162.356375064122,45271.0055309545,9.054201106190903e+23,1.8643081925159326e-22,1.8169257139644829e-22
6.22044e-06,182887.0,6.09624,3e+22,-4140.63,-3246.93,40976.1,4.06384,4.06641,4.05253,0.00032303809,0.000112746146,0.311229841,0.0248991989,0.0246870767,0.111463183,-1.76128061e-05,8.71354312e-05,-8.884422e-06,1600.47608,-1054.19374,-400.445187,-742.970879,2350.66521,151.794835,-1192.10685,-1243.80407,14229.8387,17500.0,182887.256932,6.096241898,-150.0,30000 3000,1e-06,2,0.0 0.0259,0.0 0.0,-1.0 0.0,0.00054857 28.0,30000,1000,0,0.0,0.0 0.0 0.0,1000 1000000 0,0,0.0,0,100,0,,50,,1,,,10,1.0,10.0,0.1,True,{},,,False,3,mixed,250,300,True,Ar_Aubin,,False,uniform,Argon_Aubin_Model3-test/50Td,3.0000000000000005e+21,8.195220000000001e+23,6.876964232909025e-18,1.9016181496840033e-13,1.8998551461261125e-13,9.3776784994214e-19,0.0,6.251785666280932e-19,0.0,3.125892833140466e-19,6.251785666280932e-19,2.5007142665123726e-18,2.1881249831983263e-18,3.125892833140466e-19,1.5629464165702332e-18,6.251785666280932e-19,9.3776784994214e-19,4.6888392497107e-18,1.87553569988428e-18,3.125892833140466e-19,3.125892833140466e-19,1.2503571332561863e-18,4.063660683082606e-18,1.5629464165702332e-18,5.314017816338792e-18,5.939196382966885e-18,2.5007142665123726e-18,4.3762499663966525e-18,5.345276744670197e-17,2.219383911529731e-17,3.1884106898032754e-17,0.0,1.2503571332561863e-18,4.3762499663966525e-18,9.3776784994214e-19,1.2503571332561866e-17,6.8769642329090255e-18,1399.0641850622771,1601.8136612065966,2184.8721050650643,2351.031288843832,974.5690338415773,1476.8536121999005,-176.4841415401446,-317.1012615398188,46912.343087995476,9.382468617599096e+23,1.4659178758156699e-22,1.6782866678158792e-22
6.25599e-06,182773.0,6.09244,3e+22,537.544,7353.22,40453.3,4.09286,4.03188,4.05053,0.000308699653,3.5695385e-05,0.312905485,0.0250451636,0.0248355236,0.112592653,-1.78499447e-05,6.80857021e-05,-4.66347192e-05,1533.36133,892.505048,-1402.24352,900.987484,1976.3906,-668.260752,48.6558101,2958.83216,14420.871,17600.0,182773.323909,6.09244413,-150.0,30000 3000,1e-06,2,0.0 0.0259,0.0 0.0,-1.0 0.0,0.00054857 28.0,30000,1000,0,0.0,0.0 0.0 0.0,1000 1000000 0,0,0.0,0,100,0,,50,,1,,,10,1.0,10.0,0.1,True,{},,,False,3,mixed,250,300,True,Ar_Aubin,,False,uniform,Argon_Aubin_Model3-test/50Td,3.0000000000000005e+21,8.090660000000001e+23,6.251785666280931e-18,1.896998080076622e-13,1.895125670269571e-13,3.125892833140466e-19,0.0,1.2503571332561863e-18,0.0,0.0,9.3776784994214e-19,3.125892833140466e-19,9.3776784994214e-19,0.0,9.3776784994214e-19,3.125892833140466e-19,1.2503571332561863e-18,4.063660683082606e-18,2.8133035498264193e-18,0.0,1.87553569988428e-18,9.3776784994214e-19,4.6888392497107e-18,1.5629464165702332e-18,7.189553516223072e-18,7.814732082851166e-18,3.1258928331404664e-18,4.3762499663966525e-18,5.314017816338792e-17,3.0946339048090613e-17,3.15715176147187e-17,0.0,1.5629464165702332e-18,3.1258928331404664e-18,9.3776784994214e-19,1.500428559907424e-17,6.251785666280933e-18,2053.342459668885,1533.1953903537278,2088.291839913545,1976.1281239811103,1176.543037918855,1762.811543649499,-424.9340379810888,-1534.276095601545,47140.95213445273,9.428190426890548e+23,1.3261899438199605e-22,1.5454327993713568e-22
6.29153e-06,182410.0,6.08034,3e+22,3546.23,6908.57,41262.3,4.03481,4.0019,4.11395,0.000286298682,0.000127726829,0.31447747,0.0252108672,0.0249496176,0.113651598,4.65154977e-06,6.52255592e-05,-3.01466555e-05,2655.12705,704.807881,364.520922,-43.4987881,1814.04402,-120.094744,2103.18619,1577.15087,14238.5125,17700.0,182410.342843,6.080344761,-150.0,30000 3000,1e-06,2,0.0 0.0259,0.0 0.0,-1.0 0.0,0.00054857 28.0,30000,1000,0,0.0,0.0 0.0 0.0,1000 1000000 0,0,0.0,0,100,0,,50,,1,,,10,1.0,10.0,0.1,True,{},,,False,3,mixed,250,300,True,Ar_Aubin,,False,uniform,Argon_Aubin_Model3-test/50Td,3.0000000000000005e+21,8.252460000000001e+23,5.3140178163387916e-18,1.8949818791992463e-13,1.8931594836775256e-13,3.125892833140466e-19,1.5629464165702332e-18,3.125892833140466e-19,0.0,0.0,9.3776784994214e-19,1.2503571332561863e-18,2.1881249831983263e-18,0.0,1.2503571332561863e-18,1.2503571332561863e-18,9.3776784994214e-19,5.001428533024745e-18,3.4384821164545128e-18,1.2503571332561863e-18,1.2503571332561863e-18,1.5629464165702332e-18,3.4384821164545128e-18,1.5629464165702332e-18,6.251785666280933e-18,6.564374949594979e-18,2.5007142665123726e-18,3.4384821164545128e-18,5.314017816338792e-17,3.032116048146252e-17,3.0946339048090613e-17,0.0,9.3776784994214e-19,1.5629464165702332e-18,1.2503571332561863e-18,1.2503571332561866e-17,5.314017816338792e-18,2331.060116645883,2654.111769024931,1604.6937158910316,1813.1616102609755,1022.75407625644,1262.4487896190003,104.06934685225556,1340.6843314556115,44224.70980773878,8.844941961547758e+23,1.2015947282505184e-22,1.2878627261056197e-22
6.32708e-06,181988.0,6.06626,3e+22,-6859.2,185.099,37080.8,4.0374,4.0174,4.06963,0.000381359527,0.000165772073,0.31606019,0.0253541393,0.0250866065,0.11475774,-2.21414992e-05,0.000111430777,-1.02665826e-05,1988.0795,505.075497,120.179934,230.245826,1298.15327,-1532.34998,-1719.91305,-625.904777,12194.1441,17800.0,181987.680608,6.06625602,-150.0,30000 3000,1e-06,2,0.0 0.0259,0.0 0.0,-1.0 0.0,0.00054857 28.0,30000,1000,0,0.0,0.0 0.0 0.0,1000 1000000 0,0,0.0,0,100,0,,50,,1,,,10,1.0,10.0,0.1,True,{},,,False,3,mixed,250,300,True,Ar_Aubin,,False,uniform,Argon_Aubin_Model3-test/50Td,3.0000000000000005e+21,7.416160000000002e+23,5.3140178163387916e-18,1.8845070123153925e-13,1.8826533578653406e-13,6.251785666280932e-19,0.0,9.3776784994214e-19,0.0,6.251785666280932e-19,3.125892833140466e-19,6.251785666280932e-19,1.87553569988428e-18,6.251785666280932e-19,6.251785666280932e-19,9.3776784994214e-19,2.1881249831983263e-18,3.75107139976856e-18,3.4384821164545128e-18,6.251785666280932e-19,3.125892833140466e-19,1.2503571332561863e-18,6.251785666280933e-18,1.5629464165702332e-18,4.063660683082606e-18,4.6888392497107e-18,4.3762499663966525e-18,8.439910649479259e-18,5.001428533024746e-17,3.000857119814848e-17,3.3759642597917035e-17,0.0,1.5629464165702332e-18,2.1881249831983263e-18,1.5629464165702332e-18,1.281616061587591e-17,5.314017816338792e-18,2014.446761697438,1990.6953212675985,1926.7997232083223,1298.1225857550598,1521.679806174172,474.3794066479986,441.88948268311464,554.0458228992184,44526.717943813754,8.905343588762752e+23,1.1934447589522114e-22,1.4330914695310757e-22
6.36262e-06,182428.0,6.08094,3e+22,4482.74,5122.02,45316.5,4.04314,4.02323,4.08356,0.000309739717,0.000149231154,0.317757825,0.0255094667,0.0252170427,0.115937137,-3.41267898e-05,7.45671622e-05,-1.57991044e-05,1293.9855,-244.751818,1880.79113,-25.4038677,157.681446,-1406.9864,1296.72282,2266.14286,16017.54,17900.0,182428.126496,6.08093755,-150.0,30000 3000,1e-06,2,0.0 0.0259,0.0 0.0,-1.0 0.0,0.00054857 28.0,30000,1000,0,0.0,0.0 0.0 0.0,1000 1000000 0,0,0.0,0,100,0,,50,,1,,,10,1.0,10.0,0.1,True,{},,,False,3,mixed,250,300,True,Ar_Aubin,,False,uniform,Argon_Aubin_Model3-test/50Td,3.0000000000000005e+21,9.063300000000002e+23,6.5643749495949784e-18,1.8849352596335328e-13,1.8831722560756417e-13,3.125892833140466e-19,6.251785666280932e-19,0.0,0.0,0.0,3.125892833140466e-19,2.1881249831983263e-18,6.251785666280932e-19,3.125892833140466e-19,6.251785666280932e-19,6.251785666280932e-19,1.5629464165702332e-18,5.626607099652839e-18,3.1258928331404664e-18,9.3776784994214e-19,6.251785666280932e-19,1.87553569988428e-18,2.1881249831983263e-18,6.251785666280932e-19,4.063660683082606e-18,5.626607099652839e-18,3.4384821164545128e-18,3.4384821164545128e-18,5.220241031344578e-17,2.7507856931636102e-17,3.407223188123108e-17,3.125892833140466e-19,6.251785666280932e-19,9.3776784994214e-19,2.5007142665123726e-18,1.281616061587591e-17,6.564374949594979e-18,2185.611870967122,1292.5970173810153,1834.8564152163462,156.9170810445889,1454.5532488800507,1617.867523387502,-415.0542412831302,1739.0519176740695,47759.625718095034,9.551925143619009e+23,1.3744611376022334e-22,1.4485617710094509e-22
6.39817e-06,182413.0,6.08044,3e+22,723.978,-6527.18,33223.9,4.06512,4.01919,4.07004,0.000330745413,0.000133973129,0.319418588,0.0256563608,0.025356471,0.11707874,-2.55037995e-05,0.000113210148,-3.29003516e-05,2248.09588,1419.88617,4.19321775,-81.6380611,1875.51536,-752.869134,55.0604158,-1255.18718,11320.2317,18000.0,182413.104223,6.080436807,-150.0,30000 3000,1e-06,2,0.0 0.0259,0.0 0.0,-1.0 0.0,0.00054857 28.0,30000,1000,0,0.0,0.0 0.0 0.0,1000 1000000 0,0,0.0,0,100,0,,50,,1,,,10,1.0,10.0,0.1,True,{},,,False,3,mixed,250,300,True,Ar_Aubin,,False,uniform,Argon_Aubin_Model3-test/50Td,3.0000000000000005e+21,6.644780000000002e+23,2.5007142665123722e-18,1.888104914966337e-13,1.8862606381947844e-13,1.2503571332561863e-18,9.3776784994214e-19,6.251785666280932e-19,0.0,3.125892833140466e-19,1.2503571332561863e-18,0.0,1.2503571332561863e-18,0.0,1.5629464165702332e-18,1.2503571332561863e-18,3.125892833140466e-19,2.8133035498264193e-18,2.8133035498264193e-18,3.125892833140466e-19,0.0,0.0,2.8133035498264193e-18,9.3776784994214e-19,6.251785666280933e-18,9.065089216107351e-18,3.4384821164545128e-18,6.251785666280933e-18,5.689124956315649e-17,2.4069374815181585e-17,3.594776758111536e-17,3.125892833140466e-19,1.87553569988428e-18,2.8133035498264193e-18,1.87553569988428e-18,1.469169631576019e-17,2.5007142665123726e-18,2066.099216270815,2247.8564275973868,1961.3314400460856,1876.3898267281463,1173.2036890411314,707.9004741467998,883.9110484647432,-182.98704948003467,46722.304433204,9.344460886640802e+23,5.352292222845063e-23,7.526853459444473e-23
6.43371e-06,181985.0,6.06617,3e+22,-2312.22,5113.09,40142.0,4.04534,4.04805,4.02962,0.000310067644,0.000181430716,0.320950178,0.0257900276,0.025482273,0.118161629,-2.75251638e-05,7.84707604e-05,-4.50524281e-06,1524.90168,1370.98788,859.922448,841.987192,2436.30187,-429.517513,-1077.6971,1128.45343,12890.3307,18100.0,181985.184347,6.066172812,-150.0,30000 3000,1e-06,2,0.0 0.0259,0.0 0.0,-1.0 0.0,0.00054857 28.0,30000,1000,0,0.0,0.0 0.0 0.0,1000 1000000 0,0,0.0,0,100,0,,50,,1,,,10,1.0,10.0,0.1,True,{},,,False,3,mixed,250,300,True,Ar_Aubin,,False,uniform,Argon_Aubin_Model3-test/50Td,3.0000000000000005e+21,8.028400000000001e+23,2.813303549826419e-18,1.8883362310359894e-13,1.8865325908712678e-13,1.87553569988428e-18,0.0,6.251785666280932e-19,0.0,3.125892833140466e-19,0.0,1.2503571332561863e-18,6.251785666280932e-19,0.0,6.251785666280932e-19,1.5629464165702332e-18,9.3776784994214e-19,2.8133035498264193e-18,2.1881249831983263e-18,1.5629464165702332e-18,1.5629464165702332e-18,1.5629464165702332e-18,3.75107139976856e-18,1.5629464165702332e-18,8.127321366165212e-18,6.251785666280933e-18,5.001428533024745e-18,3.1258928331404664e-18,5.282758888007388e-17,2.6257499798379917e-17,3.657294614774345e-17,0.0,2.5007142665123726e-18,2.1881249831983263e-18,1.2503571332561863e-18,1.0628035632677585e-17,2.8133035498264193e-18,1880.4128042498771,1525.6186246078096,1769.3855139425448,2435.3741984203275,1436.284324864592,6.748654724002336,-804.8698376134123,511.88603320971174,43088.27583878565,8.617655167757131e+23,6.529162504325691e-23,7.008379128659307e-23
6.46926e-06,182213.0,6.07376,3e+22,-2424.4,-5364.43,41463.6,4.0436,4.00081,4.09313,0.000224184934,0.000179894939,0.322654775,0.0259036359,0.0256163823,0.119324143,-2.15769462e-05,3.6135691e-05,-2.00028705e-05,1258.8345,-297.724964,-278.401354,-142.323173,2148.59329,-316.49963,-544.587541,-1787.00051,13884.99,18200.0,182212.748859,6.073758295,-150.0,30000 3000,1e-06,2,0.0 0.0259,0.0 0.0,-1.0 0.0,0.00054857 28.0,30000,1000,0,0.0,0.0 0.0 0.0,1000 1000000 0,0,0.0,0,100,0,,50,,1,,,10,1.0,10.0,0.1,True,{},,,False,3,mixed,250,300,True,Ar_Aubin,,False,uniform,Argon_Aubin_Model3-test/50Td,3.0000000000000005e+21,8.29272e+23,6.876964232909025e-18,1.8829503176844885e-13,1.881152929305433e-13,3.1258928331404664e-18,6.251785666280932e-19,6.251785666280932e-19,0.0,3.125892833140466e-19,3.125892833140466e-19,9.3776784994214e-19,1.5629464165702332e-18,3.125892833140466e-19,6.251785666280932e-19,2.1881249831983263e-18,3.125892833140466e-19,8.127321366165212e-18,1.5629464165702332e-18,0.0,1.2503571332561863e-18,6.251785666280932e-19,3.1258928331404664e-18,1.87553569988428e-18,5.001428533024745e-18,6.8769642329090255e-18,2.8133035498264193e-18,4.063660683082606e-18,4.251214253071034e-17,2.907080334820633e-17,3.032116048146252e-17,3.125892833140466e-19,2.1881249831983263e-18,2.1881249831983263e-18,2.5007142665123726e-18,1.750499986558661e-17,6.8769642329090255e-18,1598.7185832656028,1259.3780139539895,1886.458654504263,2149.5583238076197,920.329043013034,506.56147131000034,-426.30391849069696,-50.040172919402266,47955.48791123549,9.5910975822471e+23,1.4340307089854093e-22,1.6585545473400827e-22
6.5048e-06,181414.0,6.04714,3e+22,-2982.62,-6400.91,38469.7,4.07269,3.97023,4.04268,0.000246528048,0.000217287445,0.324190334,0.026040648,0.0257868415,0.120414331,-5.32064852e-05,2.78122719e-05,-1.88771871e-05,1849.55042,-124.370586,-1241.31123,681.520296,1679.71866,-513.453812,183.054593,-1804.87881,13621.6567,18300.0,181414.284057,6.047142802,-150.0,30000 3000,1e-06,2,0.0 0.0259,0.0 0.0,-1.0 0.0,0.00054857 28.0,30000,1000,0,0.0,0.0 0.0 0.0,1000 1000000 0,0,0.0,0,100,0,,50,,1,,,10,1.0,10.0,0.1,True,{},,,False,3,mixed,250,300,True,Ar_Aubin,,False,uniform,Argon_Aubin_Model3-test/50Td,3.0000000000000005e+21,7.69394e+23,4.688839249710699e-18,1.8821219560837064e-13,1.8802307909196565e-13,1.2503571332561863e-18,3.125892833140466e-19,9.3776784994214e-19,0.0,0.0,9.3776784994214e-19,3.125892833140466e-19,9.3776784994214e-19,3.125892833140466e-19,3.125892833140466e-19,9.3776784994214e-19,9.3776784994214e-19,4.3762499663966525e-18,1.2503571332561863e-18,9.3776784994214e-19,6.251785666280932e-19,9.3776784994214e-19,4.3762499663966525e-18,9.3776784994214e-19,5.939196382966885e-18,6.8769642329090255e-18,5.626607099652839e-18,5.626607099652839e-18,5.345276744670197e-17,3.063374976477657e-17,3.313446403128894e-17,0.0,1.2503571332561863e-18,3.4384821164545128e-18,9.3776784994214e-19,1.6879821298958518e-17,4.6888392497107e-18,1927.1351962023632,1850.2857194865257,2397.5584513793983,1681.109497379575,1363.3152428873407,1150.1518081201993,-447.6272565037444,-100.80392305306543,43199.935856679615,8.639987171335923e+23,1.0853810675243645e-22,1.2188395671686287e-22
6.54035e-06,181453.0,6.04843,3e+22,5235.91,-6786.58,34046.7,4.0154,4.0373,4.03715,0.000166321465,0.000149642017,0.325868141,0.0261880304,0.0259106415,0.121580083,-6.86569774e-05,1.39376547e-05,-3.2663602e-05,2043.90309,134.01652,399.199428,-201.545345,1311.54279,-161.466053,1324.38047,-2546.22667,11371.6641,18400.0,181452.902707,6.04843009,-150.0,30000 3000,1e-06,2,0.0 0.0259,0.0 0.0,-1.0 0.0,0.00054857 28.0,30000,1000,0,0.0,0.0 0.0 0.0,1000 1000000 0,0,0.0,0,100,0,,50,,1,,,10,1.0,10.0,0.1,True,{},,,False,3,mixed,250,300,True,Ar_Aubin,,False,uniform,Argon_Aubin_Model3-test/50Td,3.0000000000000005e+21,6.80934e+23,6.251785666280931e-18,1.8797806623516843e-13,1.877948889151464e-13,1.5629464165702332e-18,9.3776784994214e-19,6.251785666280932e-19,0.0,3.125892833140466e-19,1.2503571332561863e-18,2.1881249831983263e-18,1.2503571332561863e-18,0.0,1.2503571332561863e-18,3.125892833140466e-19,1.5629464165702332e-18,5.939196382966885e-18,9.3776784994214e-19,0.0,3.125892833140466e-19,6.251785666280932e-19,5.001428533024745e-18,1.2503571332561863e-18,4.3762499663966525e-18,5.626607099652839e-18,5.001428533024745e-18,4.3762499663966525e-18,5.001428533024746e-17,2.782044621495015e-17,3.3759642597917035e-17,3.125892833140466e-19,1.87553569988428e-18,2.8133035498264193e-18,9.3776784994214e-19,1.469169631576019e-17,6.251785666280933e-18,2073.6229336106735,2043.032245778192,1741.7840437933614,1312.5583475197318,1056.1048720186916,276.92926381530015,333.33501419428336,11.700942834274656,47201.80389023546,9.440360778047092e+23,1.324480242496458e-22,1.8362383626844692e-22
6.57589e-06,181309.0,6.04363,3e+22,-7219.79,972.085,37792.0,4.0162,4.04839,4.01424,0.000202803459,0.000181844705,0.327468416,0.0263143301,0.0260316486,0.122695853,-6.51393028e-05,3.48176774e-05,-1.64706334e-05,610.820237,1485.64292,-1372.5719,-1214.53948,1131.91589,435.756473,-2767.79755,173.204021,13184.2954,18500.0,181308.825477,6.043627516,-150.0,30000 3000,1e-06,2,0.0 0.0259,0.0 0.0,-1.0 0.0,0.00054857 28.0,30000,1000,0,0.0,0.0 0.0 0.0,1000 1000000 0,0,0.0,0,100,0,,50,,1,,,10,1.0,10.0,0.1,True,{},,,False,3,mixed,250,300,True,Ar_Aubin,,False,uniform,Argon_Aubin_Model3-test/50Td,3.0000000000000005e+21,7.558400000000001e+23,5.626607099652838e-18,1.8748417516753223e-13,1.8730474891891e-13,1.5629464165702332e-18,6.251785666280932e-19,3.125892833140466e-19,0.0,0.0,1.5629464165702332e-18,1.2503571332561863e-18,1.5629464165702332e-18,0.0,9.3776784994214e-19,1.2503571332561863e-18,3.125892833140466e-19,7.50214279953712e-18,1.87553569988428e-18,9.3776784994214e-19,0.0,1.5629464165702332e-18,4.3762499663966525e-18,2.1881249831983263e-18,5.001428533024745e-18,3.1258928331404664e-18,2.5007142665123726e-18,5.939196382966885e-18,4.782616034704914e-17,2.6882678365008006e-17,3.407223188123108e-17,0.0,1.2503571332561863e-18,2.5007142665123726e-18,1.2503571332561863e-18,1.5629464165702332e-17,5.626607099652839e-18,1776.4075462189198,612.2844353852536,1701.998363170915,1131.73912148994,988.198771807542,808.6090225280022,243.83357142965386,-1783.7806031698883,45020.59338198429,9.004118676396859e+23,1.2497851931699361e-22,1.4888354941926434e-22
6.61144e-06,181554.0,6.05181,3e+22,-604.54,3902.14,37006.5,4.03689,4.04199,4.01687,9.66882722e-05,0.000229646395,0.329145352,0.0264561665,0.0261676125,0.123884522,-4.59817169e-05,-2.27949874e-05,2.86767463e-05,272.474826,669.574821,599.805065,-683.48173,1940.44418,489.219228,-717.198155,629.017044,13463.7397,18600.0,181554.432521,6.051814417,-150.0,30000 3000,1e-06,2,0.0 0.0259,0.0 0.0,-1.0 0.0,0.00054857 28.0,30000,1000,0,0.0,0.0 0.0 0.0,1000 1000000 0,0,0.0,0,100,0,,50,,1,,,10,1.0,10.0,0.1,True,{},,,False,3,mixed,250,300,True,Ar_Aubin,,False,uniform,Argon_Aubin_Model3-test/50Td,3.0000000000000005e+21,7.401300000000001e+23,7.189553516223072e-18,1.8780707989719563e-13,1.876298417735566e-13,9.3776784994214e-19,3.125892833140466e-19,6.251785666280932e-19,0.0,3.125892833140466e-19,9.3776784994214e-19,1.5629464165702332e-18,6.251785666280932e-19,6.251785666280932e-19,1.5629464165702332e-18,9.3776784994214e-19,1.5629464165702332e-18,4.6888392497107e-18,2.1881249831983263e-18,1.2503571332561863e-18,6.251785666280932e-19,2.1881249831983263e-18,3.75107139976856e-18,9.3776784994214e-19,4.6888392497107e-18,5.314017816338792e-18,3.1258928331404664e-18,4.6888392497107e-18,4.5325446080536754e-17,2.907080334820633e-17,3.063374976477657e-17,3.125892833140466e-19,6.251785666280932e-19,2.5007142665123726e-18,9.3776784994214e-19,1.7192410582272562e-17,7.189553516223072e-18,1995.5912807423838,272.5332779280758,1912.2619246091047,1939.5480676162147,1231.8012224528322,1283.2222312119993,-647.7753157789721,78.01034655291065,47177.30001631766,9.435460003263534e+23,1.523943403657342e-22,1.9427812725394383e-22
6.64698e-06,181476.0,6.04919,3e+22,-6707.04,-2346.75,42157.7,4.01257,4.01908,4.05634,8.22586109e-05,0.000120565904,0.330755956,0.0265875052,0.0263416218,0.125023836,-3.48146507e-05,-2.65999446e-05,-1.82523619e-05,1437.44325,851.141783,604.534849,681.334469,1550.06097,-470.45432,-2453.37613,33.386656,14656.7537,18700.0,181475.791214,6.04919304,-150.0,30000 3000,1e-06,2,0.0 0.0259,0.0 0.0,-1.0 0.0,0.00054857 28.0,30000,1000,0,0.0,0.0 0.0 0.0,1000 1000000 0,0,0.0,0,100,0,,50,,1,,,10,1.0,10.0,0.1,True,{},,,False,3,mixed,250,300,True,Ar_Aubin,,False,uniform,Argon_Aubin_Model3-test/50Td,3.0000000000000005e+21,8.431540000000001e+23,5.939196382966884e-18,1.8768048123745344e-13,1.8750168016739783e-13,6.251785666280932e-19,9.3776784994214e-19,6.251785666280932e-19,0.0,3.125892833140466e-19,0.0,6.251785666280932e-19,1.87553569988428e-18,6.251785666280932e-19,9.3776784994214e-19,1.2503571332561863e-18,6.251785666280932e-19,5.626607099652839e-18,1.87553569988428e-18,6.251785666280932e-19,6.251785666280932e-19,1.2503571332561863e-18,4.063660683082606e-18,1.2503571332561863e-18,6.251785666280933e-18,6.251785666280933e-18,5.939196382966885e-18,4.063660683082606e-18,5.126464246350364e-17,2.844562478157824e-17,2.907080334820633e-17,3.125892833140466e-19,2.1881249831983263e-18,1.87553569988428e-18,1.5629464165702332e-18,1.187839276593377e-17,5.939196382966885e-18,1847.5144764570562,1437.9949617936509,2448.2422666439265,1550.343908035212,1075.7272914350624,712.8433337387996,22.84438211637216,366.0843122895012,45311.17950564674,9.062235901129349e+23,1.3107573997774067e-22,1.408804650862567e-22
6.68253e-06,182178.0,6.0726,3e+22,-6750.25,2949.35,46150.1,4.07675,4.00354,4.05249,7.64600412e-05,0.000188337434,0.332429858,0.0267099817,0.0264780452,0.12621441,-1.8208699e-05,-3.62649691e-05,-1.2771878e-06,2836.5684,162.583247,132.380982,901.313248,1038.05672,-88.575537,-2975.61865,1040.6584,16669.0048,18800.0,182177.916797,6.072597227,-150.0,30000 3000,1e-06,2,0.0 0.0259,0.0 0.0,-1.0 0.0,0.00054857 28.0,30000,1000,0,0.0,0.0 0.0 0.0,1000 1000000 0,0,0.0,0,100,0,,50,,1,,,10,1.0,10.0,0.1,True,{},,,False,3,mixed,250,300,True,Ar_Aubin,,False,uniform,Argon_Aubin_Model3-test/50Td,3.0000000000000005e+21,9.230020000000001e+23,6.876964232909025e-18,1.8824626784025185e-13,1.8807965775224551e-13,9.3776784994214e-19,0.0,6.251785666280932e-19,0.0,3.125892833140466e-19,6.251785666280932e-19,1.2503571332561863e-18,1.5629464165702332e-18,3.125892833140466e-19,0.0,1.5629464165702332e-18,6.251785666280932e-19,3.75107139976856e-18,1.5629464165702332e-18,6.251785666280932e-19,6.251785666280932e-19,1.5629464165702332e-18,3.75107139976856e-18,2.1881249831983263e-18,3.1258928331404664e-18,4.063660683082606e-18,3.75107139976856e-18,5.626607099652839e-18,4.813874963036317e-17,2.782044621495015e-17,2.6882678365008006e-17,3.125892833140466e-19,9.3776784994214e-19,1.87553569988428e-18,6.251785666280932e-19,1.469169631576019e-17,6.8769642329090255e-18,1722.830807096944,2837.0845243931103,1918.7076970320181,1037.501246989032,1131.8755672149955,1327.3336103141974,-221.55045804319658,-602.7816575828838,47091.94438661556,9.418388877323114e+23,1.4603270946832235e-22,1.4901298660044128e-22
6.71808e-06,182290.0,6.07633,3e+22,138.36,-1839.48,42817.3,4.08304,3.99304,4.06615,2.2320508e-05,0.00012244076,0.334088187,0.026826919,0.0266100608,0.127414913,-3.09922272e-06,-7.4818791e-05,-3.70909645e-05,520.279111,-704.970039,-313.767151,-1482.39396,2164.64809,-372.060312,663.681632,345.818359,15440.409,18900.0,182290.013194,6.076333773,-150.0,30000 3000,1e-06,2,0.0 0.0259,0.0 0.0,-1.0 0.0,0.00054857 28.0,30000,1000,0,0.0,0.0 0.0 0.0,1000 1000000 0,0,0.0,0,100,0,,50,,1,,,10,1.0,10.0,0.1,True,{},,,False,3,mixed,250,300,True,Ar_Aubin,,False,uniform,Argon_Aubin_Model3-test/50Td,3.0000000000000005e+21,8.563460000000002e+23,5.3140178163387916e-18,1.8888019890681275e-13,1.886998348903406e-13,6.251785666280932e-19,3.125892833140466e-19,3.125892833140466e-19,0.0,0.0,1.5629464165702332e-18,1.5629464165702332e-18,2.1881249831983263e-18,0.0,3.125892833140466e-19,9.3776784994214e-19,9.3776784994214e-19,4.3762499663966525e-18,1.2503571332561863e-18,9.3776784994214e-19,9.3776784994214e-19,1.2503571332561863e-18,3.4384821164545128e-18,1.5629464165702332e-18,5.939196382966885e-18,3.75107139976856e-18,4.3762499663966525e-18,3.75107139976856e-18,5.5328303146586255e-17,2.875821406489229e-17,3.15715176147187e-17,0.0,1.5629464165702332e-18,2.8133035498264193e-18,1.2503571332561863e-18,1.3441339182504003e-17,5.314017816338792e-18,1644.975832777572,520.276022734513,1857.2878522865803,2164.873317329205,1339.087434002958,1135.6548707649,-579.3503325844929,302.7343355594916,46653.82862479979,9.33076572495996e+23,1.1390314520755146e-22,1.2410912916832194e-22
6.75362e-06,181685.0,6.05618,3e+22,3693.48,3803.93,37086.9,4.01069,4.05183,4.04187,4.94961198e-05,0.000123276168,0.335648107,0.0269875277,0.026726801,0.128520457,-1.17420852e-05,-3.64836055e-05,-4.84136599e-05,2125.95173,194.934007,-1206.60146,752.179942,2425.27421,175.155606,946.900913,948.297136,13919.0405,19000.0,181685.398413,6.056179947,-150.0,30000 3000,1e-06,2,0.0 0.0259,0.0 0.0,-1.0 0.0,0.00054857 28.0,30000,1000,0,0.0,0.0 0.0 0.0,1000 1000000 0,0,0.0,0,100,0,,50,,1,,,10,1.0,10.0,0.1,True,{},,,False,3,mixed,250,300,True,Ar_Aubin,,False,uniform,Argon_Aubin_Model3-test/50Td,3.0000000000000005e+21,7.417380000000002e+23,3.4384821164545124e-18,1.8826564837581734e-13,1.8807809480582893e-13,9.3776784994214e-19,0.0,0.0,0.0,0.0,9.3776784994214e-19,9.3776784994214e-19,1.5629464165702332e-18,6.251785666280932e-19,6.251785666280932e-19,6.251785666280932e-19,2.5007142665123726e-18,5.001428533024745e-18,3.1258928331404664e-18,3.125892833140466e-19,1.5629464165702332e-18,9.3776784994214e-19,1.5629464165702332e-18,1.5629464165702332e-18,6.564374949594979e-18,7.189553516223072e-18,4.6888392497107e-18,5.001428533024745e-18,5.345276744670197e-17,3.5322589014487265e-17,3.032116048146252e-17,0.0,9.3776784994214e-19,1.87553569988428e-18,9.3776784994214e-19,1.500428559907424e-17,3.4384821164545128e-18,2259.1776761437523,2125.768917071441,1642.1252078484854,2424.8052760862597,855.3703188534207,1470.892720501699,820.8917225836191,-1501.2457748877705,43885.28473445206,8.777056946890414e+23,7.835159637816223e-23,9.271419602216719e-23
6.78917e-06,181377.0,6.04589,3e+22,2130.18,2511.06,39219.4,4.02847,3.9968,4.0577,9.9070815e-05,0.000153903366,0.337255142,0.0271274319,0.0268552696,0.129688336,-4.3126521e-06,-2.05214728e-05,-2.30685539e-05,3044.98891,583.886642,1329.66037,504.22625,2090.59336,1202.87235,1227.15343,631.684171,14463.0185,19100.0,181376.695691,6.045889856,-150.0,30000 3000,1e-06,2,0.0 0.0259,0.0 0.0,-1.0 0.0,0.00054857 28.0,30000,1000,0,0.0,0.0 0.0 0.0,1000 1000000 0,0,0.0,0,100,0,,50,,1,,,10,1.0,10.0,0.1,True,{},,,False,3,mixed,250,300,True,Ar_Aubin,,False,uniform,Argon_Aubin_Model3-test/50Td,3.0000000000000005e+21,7.843880000000002e+23,8.439910649479257e-18,1.8760733534515795e-13,1.87423220257286e-13,9.3776784994214e-19,1.2503571332561863e-18,0.0,0.0,0.0,3.125892833140466e-19,2.1881249831983263e-18,9.3776784994214e-19,3.125892833140466e-19,9.3776784994214e-19,3.125892833140466e-19,3.125892833140466e-19,4.063660683082606e-18,3.1258928331404664e-18,3.125892833140466e-19,0.0,1.87553569988428e-18,4.6888392497107e-18,2.1881249831983263e-18,6.251785666280933e-18,4.063660683082606e-18,3.75107139976856e-18,6.564374949594979e-18,5.126464246350364e-17,3.000857119814848e-17,3.0946339048090613e-17,0.0,9.3776784994214e-19,1.5629464165702332e-18,6.251785666280932e-19,1.5942053449016377e-17,8.439910649479259e-18,1967.8613103170828,3044.7778713313032,1806.9864281669002,2090.2068994137717,1216.7527618657307,1236.0741838451995,-23.53975946720278,1834.5141436926292,45210.77270195396,9.042154540390793e+23,1.8667919491485474e-22,2.151973423733983e-22
6.82471e-06,181225.0,6.04083,3e+22,-3818.63,-3278.73,37953.5,4.05111,4.01974,4.00248,5.27454804e-05,0.000148706737,0.338891393,0.027242433,0.0270064568,0.130884302,-1.6667217e-05,-3.24479888e-05,-3.16998615e-05,2062.89192,299.552877,1206.11356,132.193539,1790.28543,1213.13718,-1759.03275,-1109.01479,13772.6988,19200.0,181224.917857,6.040830595,-150.0,30000 3000,1e-06,2,0.0 0.0259,0.0 0.0,-1.0 0.0,0.00054857 28.0,30000,1000,0,0.0,0.0 0.0 0.0,1000 1000000 0,0,0.0,0,100,0,,50,,1,,,10,1.0,10.0,0.1,True,{},,,False,3,mixed,250,300,True,Ar_Aubin,,False,uniform,Argon_Aubin_Model3-test/50Td,3.0000000000000005e+21,7.590700000000001e+23,5.0014285330247444e-18,1.8709093784912315e-13,1.8690776052910116e-13,1.2503571332561863e-18,9.3776784994214e-19,9.3776784994214e-19,0.0,0.0,6.251785666280932e-19,1.5629464165702332e-18,2.8133035498264193e-18,3.125892833140466e-19,9.3776784994214e-19,9.3776784994214e-19,1.2503571332561863e-18,5.001428533024745e-18,1.5629464165702332e-18,9.3776784994214e-19,1.2503571332561863e-18,0.0,3.75107139976856e-18,2.1881249831983263e-18,5.001428533024745e-18,6.251785666280933e-18,5.939196382966885e-18,5.939196382966885e-18,4.751357106373508e-17,3.21966961813468e-17,2.7507856931636102e-17,0.0,2.5007142665123726e-18,2.8133035498264193e-18,1.2503571332561863e-18,1.500428559907424e-17,5.001428533024745e-18,1617.7639433046547,2063.09333547382,2126.699552578326,1790.772999239804,1260.6491410948963,910.5843157745003,101.57816352243991,739.1797744612286,46032.707467069646,9.206541493413931e+23,1.0864945401272801e-22,1.3177779474948936e-22
6.86026e-06,181281.0,6.0427,3e+22,-3102.69,3561.49,37253.3,4.01826,3.98462,4.0745,6.02053233e-05,0.000227733981,0.340499509,0.0273324229,0.0271346029,0.132071238,-1.28804346e-05,-3.76875904e-05,-5.60761914e-06,1981.91324,-699.783675,975.432666,452.585291,1936.08193,-1307.46132,-1433.71353,1186.64,12979.8981,19300.0,181280.976969,6.042699232,-150.0,30000 3000,1e-06,2,0.0 0.0259,0.0 0.0,-1.0 0.0,0.00054857 28.0,30000,1000,0,0.0,0.0 0.0 0.0,1000 1000000 0,0,0.0,0,100,0,,50,,1,,,10,1.0,10.0,0.1,True,{},,,False,3,mixed,250,300,True,Ar_Aubin,,False,uniform,Argon_Aubin_Model3-test/50Td,3.0000000000000005e+21,7.450660000000003e+23,3.4384821164545124e-18,1.8710406659902234e-13,1.8692745365394993e-13,9.3776784994214e-19,0.0,6.251785666280932e-19,0.0,0.0,3.125892833140466e-19,3.125892833140466e-19,2.1881249831983263e-18,0.0,9.3776784994214e-19,1.87553569988428e-18,1.87553569988428e-18,6.251785666280933e-18,1.5629464165702332e-18,9.3776784994214e-19,9.3776784994214e-19,2.1881249831983263e-18,2.8133035498264193e-18,9.3776784994214e-19,4.063660683082606e-18,8.752499932793305e-18,2.8133035498264193e-18,6.8769642329090255e-18,4.938910676361936e-17,2.938339263152038e-17,3.0946339048090613e-17,0.0,9.3776784994214e-19,9.3776784994214e-19,9.3776784994214e-19,1.3441339182504003e-17,3.4384821164545128e-18,1265.8326732115793,1982.1000384545498,1802.150924276104,1935.2708577040084,1327.831734055185,295.16774137030006,-221.2521253277798,595.9407106087182,45241.184513326414,9.048236902665285e+23,7.600336183597625e-23,9.230006781827414e-23
6.8958e-06,181787.0,6.05958,3e+22,-734.762,2555.14,50205.5,4.04465,4.04788,4.01226,3.33013658e-05,0.000204225888,0.342195555,0.027493173,0.0272470069,0.133287908,-1.34753447e-05,-3.80520778e-05,-9.16026993e-06,805.190311,77.5360038,-329.390263,-5.06850385,913.234839,1189.86669,-168.702754,1639.9561,17554.9965,19400.0,181787.278583,6.059575953,-150.0,30000 3000,1e-06,2,0.0 0.0259,0.0 0.0,-1.0 0.0,0.00054857 28.0,30000,1000,0,0.0,0.0 0.0 0.0,1000 1000000 0,0,0.0,0,100,0,,50,,1,,,10,1.0,10.0,0.1,True,{},,,False,3,mixed,250,300,True,Ar_Aubin,,False,uniform,Argon_Aubin_Model3-test/50Td,3.0000000000000005e+21,1.0041100000000001e+24,3.4384821164545124e-18,1.8777425802244764e-13,1.875992080237918e-13,1.87553569988428e-18,1.5629464165702332e-18,3.125892833140466e-19,0.0,0.0,1.5629464165702332e-18,0.0,6.251785666280932e-19,3.125892833140466e-19,1.2503571332561863e-18,9.3776784994214e-19,9.3776784994214e-19,3.75107139976856e-18,2.1881249831983263e-18,3.125892833140466e-19,6.251785666280932e-19,1.5629464165702332e-18,4.6888392497107e-18,3.4384821164545128e-18,5.626607099652839e-18,3.75107139976856e-18,3.4384821164545128e-18,4.6888392497107e-18,4.938910676361936e-17,2.969598191483443e-17,3.0946339048090613e-17,0.0,6.251785666280932e-19,1.87553569988428e-18,1.2503571332561863e-18,1.4379107032446144e-17,3.4384821164545128e-18,2261.2295219633356,805.2147795781378,1581.2757002702394,912.7130132645357,826.9391747322287,374.89756344750276,245.8775613904257,-248.33263833776198,47714.92232468918,9.542984464937837e+23,7.206303497795563e-23,6.848815600789779e-23
6.93135e-06,182031.0,6.06769,3e+22,285.082,-4817.33,41299.3,4.03519,4.03898,4.05139,8.96540973e-05,0.000187696102,0.343875374,0.0276309744,0.0273961265,0.1345257,-1.35146087e-05,-1.45142194e-05,-1.19011005e-05,2092.91332,-567.204577,318.728585,-303.092426,2706.5264,-41.461731,298.991854,110.644208,15586.644,19500.0,182030.833831,6.067694461,-150.0,30000 3000,1e-06,2,0.0 0.0259,0.0 0.0,-1.0 0.0,0.00054857 28.0,30000,1000,0,0.0,0.0 0.0 0.0,1000 1000000 0,0,0.0,0,100,0,,50,,1,,,10,1.0,10.0,0.1,True,{},,,False,3,mixed,250,300,True,Ar_Aubin,,False,uniform,Argon_Aubin_Model3-test/50Td,3.0000000000000005e+21,8.259860000000001e+23,7.814732082851165e-18,1.881421756089083e-13,1.8796431230670263e-13,9.3776784994214e-19,9.3776784994214e-19,6.251785666280932e-19,0.0,0.0,1.2503571332561863e-18,1.2503571332561863e-18,2.1881249831983263e-18,0.0,6.251785666280932e-19,3.125892833140466e-19,6.251785666280932e-19,3.1258928331404664e-18,1.5629464165702332e-18,0.0,1.2503571332561863e-18,9.3776784994214e-19,3.75107139976856e-18,9.3776784994214e-19,7.189553516223072e-18,7.189553516223072e-18,3.4384821164545128e-18,4.3762499663966525e-18,5.0639463896875546e-17,2.5319731948437773e-17,3.15715176147187e-17,3.125892833140466e-19,1.2503571332561863e-18,2.5007142665123726e-18,3.125892833140466e-19,1.5629464165702332e-17,7.814732082851166e-18,1938.2883737952488,2092.8877612306337,2097.6846284839457,2707.430594063048,1200.113349661553,1384.8317665617997,115.44676702243122,515.9851081687101,47258.40755765941,9.451681511531885e+23,1.6536173110184689e-22,1.8922190165090363e-22
6.96689e-06,182126.0,6.07086,3e+22,-828.896,567.516,37213.0,4.03513,4.04858,4.05013,7.60956558e-05,0.000159900076,0.345583472,0.0277697603,0.0276172905,0.135813677,-9.7847929e-06,-1.77169697e-05,-6.92761185e-06,1744.18886,-91.1717967,1013.54967,1349.8978,2465.175,511.415185,14.7537836,-61.0693907,14130.1481,19600.0,182125.701281,6.070856709,-150.0,30000 3000,1e-06,2,0.0 0.0259,0.0 0.0,-1.0 0.0,0.00054857 28.0,30000,1000,0,0.0,0.0 0.0 0.0,1000 1000000 0,0,0.0,0,100,0,,50,,1,,,10,1.0,10.0,0.1,True,{},,,False,3,mixed,250,300,True,Ar_Aubin,,False,uniform,Argon_Aubin_Model3-test/50Td,3.0000000000000005e+21,7.442600000000001e+23,3.4384821164545124e-18,1.8831441230401432e-13,1.8812904685900913e-13,9.3776784994214e-19,6.251785666280932e-19,0.0,0.0,6.251785666280932e-19,3.125892833140466e-19,1.2503571332561863e-18,1.5629464165702332e-18,0.0,1.5629464165702332e-18,1.2503571332561863e-18,9.3776784994214e-19,5.001428533024745e-18,3.1258928331404664e-18,6.251785666280932e-19,3.125892833140466e-19,9.3776784994214e-19,5.001428533024745e-18,6.251785666280932e-19,5.939196382966885e-18,5.626607099652839e-18,3.75107139976856e-18,5.314017816338792e-18,5.376535673001601e-17,3.1258928331404664e-17,2.6882678365008006e-17,0.0,1.87553569988428e-18,2.5007142665123726e-18,1.2503571332561863e-18,1.9067946282156843e-17,3.4384821164545128e-18,1952.2659374817772,1744.25193538471,3111.1432392433376,2465.084254148469,1551.729957534594,1269.950356464,37.408075424357534,1311.9244635676266,48053.98166851382,9.610796333702766e+23,7.155457252582864e-23,9.240002462726768e-23
7.00244e-06,181898.0,6.06327,3e+22,890.323,-1118.36,47132.3,4.06871,4.0403,4.0049,6.8564806e-05,0.00026129004,0.347218952,0.027907104,0.0277864495,0.137042429,1.88030926e-05,-2.33028727e-05,1.95858998e-05,2492.34875,-970.995851,-58.2669668,828.808527,1510.49085,546.940908,-490.641902,-185.454673,18246.7369,19700.0,181898.207134,6.063273571,-150.0,30000 3000,1e-06,2,0.0 0.0259,0.0 0.0,-1.0 0.0,0.00054857 28.0,30000,1000,0,0.0,0.0 0.0 0.0,1000 1000000 0,0,0.0,0,100,0,,50,,1,,,10,1.0,10.0,0.1,True,{},,,False,3,mixed,250,300,True,Ar_Aubin,,False,uniform,Argon_Aubin_Model3-test/50Td,3.0000000000000005e+21,9.426460000000003e+23,6.5643749495949784e-18,1.8833441801814644e-13,1.8814967775170784e-13,1.87553569988428e-18,1.87553569988428e-18,9.3776784994214e-19,0.0,3.125892833140466e-19,6.251785666280932e-19,6.251785666280932e-19,6.251785666280932e-19,3.125892833140466e-19,6.251785666280932e-19,1.2503571332561863e-18,2.1881249831983263e-18,6.564374949594979e-18,1.87553569988428e-18,9.3776784994214e-19,0.0,1.5629464165702332e-18,4.6888392497107e-18,9.3776784994214e-19,4.3762499663966525e-18,8.127321366165212e-18,4.3762499663966525e-18,5.001428533024745e-18,4.688839249710699e-17,2.6257499798379917e-17,3.4697410447859176e-17,0.0,2.5007142665123726e-18,3.75107139976856e-18,2.1881249831983263e-18,1.2190982049247816e-17,6.564374949594979e-18,1931.9629180738866,2492.287705176228,2378.8773730117564,1510.7830663291343,1345.9897989114634,1881.5090886503986,-87.0858718124534,-861.2775048073298,46011.01689670175,9.202203379340352e+23,1.4266963419505597e-22,1.3927550638511123e-22
7.03798e-06,181794.0,6.0598,3e+22,-5111.33,2148.75,43518.0,4.02653,4.02373,4.05839,0.000112351855,0.000248820941,0.348840361,0.0280398907,0.0279223824,0.138240685,3.38404776e-05,-1.67603043e-05,2.19644622e-05,3121.49106,436.75086,-447.728872,-626.846446,730.913989,-591.965317,-1870.22922,1111.9822,15774.5984,19800.0,181793.981916,6.059799397,-150.0,30000 3000,1e-06,2,0.0 0.0259,0.0 0.0,-1.0 0.0,0.00054857 28.0,30000,1000,0,0.0,0.0 0.0 0.0,1000 1000000 0,0,0.0,0,100,0,,50,,1,,,10,1.0,10.0,0.1,True,{},,,False,3,mixed,250,300,True,Ar_Aubin,,False,uniform,Argon_Aubin_Model3-test/50Td,3.0000000000000005e+21,8.703600000000001e+23,7.502142799537118e-18,1.8802557980623215e-13,1.8784490320047663e-13,9.3776784994214e-19,6.251785666280932e-19,0.0,0.0,3.125892833140466e-19,1.5629464165702332e-18,9.3776784994214e-19,2.8133035498264193e-18,0.0,9.3776784994214e-19,6.251785666280932e-19,1.2503571332561863e-18,6.251785666280933e-18,2.1881249831983263e-18,9.3776784994214e-19,1.5629464165702332e-18,1.5629464165702332e-18,5.626607099652839e-18,1.87553569988428e-18,5.939196382966885e-18,3.4384821164545128e-18,5.001428533024745e-18,3.75107139976856e-18,4.6263213930478895e-17,2.813303549826419e-17,3.6260356864429406e-17,6.251785666280932e-19,3.125892833140466e-19,2.1881249831983263e-18,1.5629464165702332e-18,9.690267782735446e-18,7.50214279953712e-18,1867.7350401641497,3122.065327407017,1912.1920223759237,730.3793350030263,979.8618860390447,593.7635700020019,-248.7886807805322,-539.8092176357598,45615.156954203994,9.123031390840801e+23,1.6446600867928623e-22,1.723917183587738e-22
7.07353e-06,181988.0,6.06627,3e+22,1046.33,1393.85,40597.1,4.0385,4.07927,4.00539,0.000153748477,0.000200598667,0.350518382,0.0282224049,0.0280658795,0.139486162,2.48483491e-05,-1.78554203e-05,1.13988828e-05,2829.99838,193.137988,-298.545416,42.4949598,2060.43103,-350.334785,325.813087,444.034279,15337.4569,19900.0,181988.211756,6.066273725,-150.0,30000 3000,1e-06,2,0.0 0.0259,0.0 0.0,-1.0 0.0,0.00054857 28.0,30000,1000,0,0.0,0.0 0.0 0.0,1000 1000000 0,0,0.0,0,100,0,,50,,1,,,10,1.0,10.0,0.1,True,{},,,False,3,mixed,250,300,True,Ar_Aubin,,False,uniform,Argon_Aubin_Model3-test/50Td,3.0000000000000005e+21,8.119420000000002e+23,7.502142799537118e-18,1.8843976060662325e-13,1.882597091794344e-13,3.125892833140466e-19,9.3776784994214e-19,0.0,0.0,3.125892833140466e-19,9.3776784994214e-19,1.2503571332561863e-18,1.2503571332561863e-18,0.0,3.125892833140466e-19,2.1881249831983263e-18,3.125892833140466e-19,5.626607099652839e-18,1.5629464165702332e-18,1.2503571332561863e-18,1.2503571332561863e-18,1.2503571332561863e-18,3.1258928331404664e-18,9.3776784994214e-19,4.3762499663966525e-18,6.251785666280933e-18,5.626607099652839e-18,4.063660683082606e-18,5.439053529664411e-17,2.7195267648322054e-17,3.15715176147187e-17,0.0,1.87553569988428e-18,9.3776784994214e-19,1.2503571332561863e-18,1.2190982049247816e-17,7.50214279953712e-18,2567.1842818640926,2829.8375083560604,2018.8093541707142,2060.1514255480024,1011.9219746066437,1107.4270941077993,-444.3309608496337,-345.7319699336767,47207.824359833605,9.441564871966722e+23,1.589173595960134e-22,1.8479504199898806e-22
7.10907e-06,181953.0,6.06509,3e+22,-4194.83,1143.94,43733.0,4.03275,4.04691,4.03955,0.000183270132,0.000273832199,0.352158079,0.0283876752,0.0282157817,0.140724669,1.69065029e-06,-6.45341386e-06,3.75757618e-05,3572.17312,-413.577041,-654.939601,-1030.97355,3768.79435,109.899882,-105.071677,591.335693,16630.8013,20000.0,181952.716704,6.065090557,-150.0,30000 3000,1e-06,2,0.0 0.0259,0.0 0.0,-1.0 0.0,0.00054857 28.0,30000,1000,0,0.0,0.0 0.0 0.0,1000 1000000 0,0,0.0,0,100,0,,50,,1,,,10,1.0,10.0,0.1,True,{},,,False,3,mixed,250,300,True,Ar_Aubin,,False,uniform,Argon_Aubin_Model3-test/50Td,3.0000000000000005e+21,8.746600000000002e+23,4.688839249710699e-18,1.8801620212773272e-13,1.878349003434106e-13,1.2503571332561863e-18,3.125892833140466e-19,3.125892833140466e-19,0.0,0.0,6.251785666280932e-19,1.5629464165702332e-18,1.87553569988428e-18,6.251785666280932e-19,9.3776784994214e-19,0.0,1.87553569988428e-18,5.314017816338792e-18,1.5629464165702332e-18,3.125892833140466e-19,1.2503571332561863e-18,1.2503571332561863e-18,1.87553569988428e-18,1.5629464165702332e-18,7.50214279953712e-18,5.626607099652839e-18,4.3762499663966525e-18,5.314017816338792e-18,4.6263213930478895e-17,3.1258928331404664e-17,3.2821874747974894e-17,0.0,9.3776784994214e-19,2.8133035498264193e-18,9.3776784994214e-19,1.6254642732330425e-17,4.6888392497107e-18,2324.637655686756,3572.9419070478175,2108.1132263526806,3768.481102394276,1214.3697205221108,1229.8720310929984,21.201511582589788,709.217043848814,46129.65390739717,9.225930781479436e+23,1.0164479575596415e-22,1.0721512930077285e-22
7.14462e-06,182044.0,6.06815,3e+22,-2838.72,-8881.66,45045.3,4.08847,3.99236,4.04343,0.000119893702,0.000118172217,0.353797395,0.0285435565,0.0283835275,0.141993267,-2.61999465e-05,-3.6755051e-05,7.87892944e-07,2313.51038,-180.265209,-157.872485,-225.049266,1229.21061,57.5996218,-930.234031,-3085.5739,16532.2405,20100.0,182044.446607,6.06814822,-150.0,30000 3000,1e-06,2,0.0 0.0259,0.0 0.0,-1.0 0.0,0.00054857 28.0,30000,1000,0,0.0,0.0 0.0 0.0,1000 1000000 0,0,0.0,0,100,0,,50,,1,,,10,1.0,10.0,0.1,True,{},,,False,3,mixed,250,300,True,Ar_Aubin,,False,uniform,Argon_Aubin_Model3-test/50Td,3.0000000000000005e+21,9.009060000000002e+23,5.3140178163387916e-18,1.887764192647525e-13,1.8859824337326353e-13,1.2503571332561863e-18,6.251785666280932e-19,0.0,0.0,0.0,6.251785666280932e-19,6.251785666280932e-19,2.1881249831983263e-18,0.0,9.3776784994214e-19,6.251785666280932e-19,1.2503571332561863e-18,4.6888392497107e-18,2.1881249831983263e-18,9.3776784994214e-19,0.0,1.2503571332561863e-18,2.5007142665123726e-18,6.251785666280932e-19,4.3762499663966525e-18,5.939196382966885e-18,5.001428533024745e-18,5.626607099652839e-18,4.8763928196991265e-17,2.594491051506587e-17,3.5322589014487265e-17,0.0,1.2503571332561863e-18,1.5629464165702332e-18,1.5629464165702332e-18,1.7192410582272562e-17,5.314017816338792e-18,2192.977339423738,2313.8507246497416,2360.4576035202203,1230.2601754528403,1565.79889640046,595.3307030064989,-230.11863592222528,-89.17542264030078,46118.93522087251,9.223787044174503e+23,1.1522420868757987e-22,1.1797052780953377e-22
7.18016e-06,181675.0,6.05584,3e+22,-1677.41,-12828.0,44624.8,4.05036,4.0157,4.03334,8.06337368e-05,3.62270551e-05,0.355377316,0.028688161,0.0285377623,0.143167903,-3.53802009e-05,-7.05935267e-05,-4.83534237e-05,416.611544,-256.193173,-607.458092,680.015945,1753.8341,-1097.00127,-1793.75844,-3624.84079,16556.5603,20200.0,181675.205584,6.055840186,-150.0,30000 3000,1e-06,2,0.0 0.0259,0.0 0.0,-1.0 0.0,0.00054857 28.0,30000,1000,0,0.0,0.0 0.0 0.0,1000 1000000 0,0,0.0,0,100,0,,50,,1,,,10,1.0,10.0,0.1,True,{},,,False,3,mixed,250,300,True,Ar_Aubin,,False,uniform,Argon_Aubin_Model3-test/50Td,3.0000000000000005e+21,8.924960000000001e+23,6.251785666280931e-18,1.88049336591764e-13,1.8786678445030862e-13,1.2503571332561863e-18,9.3776784994214e-19,0.0,0.0,0.0,9.3776784994214e-19,1.2503571332561863e-18,1.87553569988428e-18,3.125892833140466e-19,6.251785666280932e-19,1.2503571332561863e-18,2.1881249831983263e-18,7.189553516223072e-18,9.3776784994214e-19,0.0,9.3776784994214e-19,9.3776784994214e-19,5.314017816338792e-18,1.2503571332561863e-18,4.3762499663966525e-18,5.314017816338792e-18,4.3762499663966525e-18,5.626607099652839e-18,4.813874963036317e-17,2.782044621495015e-17,3.3759642597917035e-17,0.0,1.87553569988428e-18,2.8133035498264193e-18,1.87553569988428e-18,1.3128749899189958e-17,6.251785666280933e-18,2034.1925073323878,416.7467998364457,2169.724525161441,1754.298820662823,762.3487346066247,697.9186489631993,-564.7931158048054,-1808.7013327463924,44447.97357745261,8.889594715490524e+23,1.40654008790455e-22,1.400966652238426e-22
7.21571e-06,181948.0,6.06494,3e+22,-14243.5,-6060.05,40771.1,4.04722,4.03442,4.03742,-7.41971386e-06,-2.97586812e-05,0.357043036,0.0288515897,0.0286964815,0.144428161,-3.91877634e-05,-0.000101696945,-7.04944242e-05,1748.83089,-925.754448,-181.230409,-104.183453,2273.10885,-991.314479,-5278.04564,-2084.85313,16099.4885,20300.0,181948.072217,6.064935741,-150.0,30000 3000,1e-06,2,0.0 0.0259,0.0 0.0,-1.0 0.0,0.00054857 28.0,30000,1000,0,0.0,0.0 0.0 0.0,1000 1000000 0,0,0.0,0,100,0,,50,,1,,,10,1.0,10.0,0.1,True,{},,,False,3,mixed,250,300,True,Ar_Aubin,,False,uniform,Argon_Aubin_Model3-test/50Td,3.0000000000000005e+21,8.15422e+23,4.688839249710699e-18,1.879530590925033e-13,1.877764461474309e-13,6.251785666280932e-19,0.0,9.3776784994214e-19,0.0,0.0,0.0,6.251785666280932e-19,2.1881249831983263e-18,3.125892833140466e-19,9.3776784994214e-19,3.125892833140466e-19,9.3776784994214e-19,3.75107139976856e-18,9.3776784994214e-19,6.251785666280932e-19,1.5629464165702332e-18,1.87553569988428e-18,5.314017816338792e-18,2.1881249831983263e-18,5.626607099652839e-18,5.939196382966885e-18,4.063660683082606e-18,4.6888392497107e-18,4.6575803213792946e-17,3.15715176147187e-17,2.907080334820633e-17,0.0,2.8133035498264193e-18,2.1881249831983263e-18,3.125892833140466e-19,1.5942053449016377e-17,4.6888392497107e-18,2298.96339255371,1748.725207305635,2232.6324478050133,2272.928510903994,1034.8057873389264,1542.451174940401,5.6586738610368394,-373.4310558382422,46861.75989016811,9.372351978033625e+23,1.0005683228073657e-22,1.1500399179101617e-22
7.25126e-06,182626.0,6.08754,3e+22,8756.58,7539.86,38461.4,4.01872,4.05902,4.08816,-4.51789179e-05,-3.15725802e-05,0.358780206,0.0290143418,0.0288264252,0.145771997,-3.75138271e-05,-0.000120259306,-7.92571383e-05,976.01851,835.386129,106.560358,100.556785,413.776336,528.567596,2824.37007,3632.44059,13596.8569,20400.0,182626.139596,6.087537987,-150.0,30000 3000,1e-06,2,0.0 0.0259,0.0 0.0,-1.0 0.0,0.00054857 28.0,30000,1000,0,0.0,0.0 0.0 0.0,1000 1000000 0,0,0.0,0,100,0,,50,,1,,,10,1.0,10.0,0.1,True,{},,,False,3,mixed,250,300,True,Ar_Aubin,,False,uniform,Argon_Aubin_Model3-test/50Td,3.0000000000000005e+21,7.692280000000002e+23,6.5643749495949784e-18,1.8868576837259143e-13,1.885113435525022e-13,1.87553569988428e-18,6.251785666280932e-19,3.125892833140466e-19,0.0,0.0,1.2503571332561863e-18,1.5629464165702332e-18,1.5629464165702332e-18,6.251785666280932e-19,0.0,1.2503571332561863e-18,6.251785666280932e-19,6.8769642329090255e-18,3.4384821164545128e-18,0.0,3.125892833140466e-19,1.2503571332561863e-18,5.314017816338792e-18,0.0,2.8133035498264193e-18,5.314017816338792e-18,2.8133035498264193e-18,5.001428533024745e-18,4.688839249710699e-17,2.6257499798379917e-17,3.500999973117322e-17,0.0,9.3776784994214e-19,2.5007142665123726e-18,6.251785666280932e-19,1.281616061587591e-17,6.564374949594979e-18,2289.3273660942255,976.4141228089047,1827.8537975558618,414.01438883454676,1411.2844235099344,-202.33211504839892,-140.72753976060415,-209.0195038225611,48871.86527651989,9.77437305530398e+23,1.3431807671864697e-22,1.7067436311717665e-22
7.2868e-06,183368.0,6.11227,3e+22,-31.26,1208.62,36714.7,4.04085,4.13706,4.03897,-3.5557022e-05,0.000103330572,0.360477015,0.029152955,0.0289505596,0.147066486,-2.8243056e-05,-0.000117907666,-4.39414935e-05,2653.978,-985.052032,154.972472,-300.775273,1037.6119,-585.363632,-307.468822,758.790808,14350.1928,20500.0,183368.138368,6.112271279,-150.0,30000 3000,1e-06,2,0.0 0.0259,0.0 0.0,-1.0 0.0,0.00054857 28.0,30000,1000,0,0.0,0.0 0.0 0.0,1000 1000000 0,0,0.0,0,100,0,,50,,1,,,10,1.0,10.0,0.1,True,{},,,False,3,mixed,250,300,True,Ar_Aubin,,False,uniform,Argon_Aubin_Model3-test/50Td,3.0000000000000005e+21,7.342940000000001e+23,6.5643749495949784e-18,1.8916528033319516e-13,1.8899710729877222e-13,1.87553569988428e-18,6.251785666280932e-19,3.125892833140466e-19,0.0,0.0,3.125892833140466e-19,9.3776784994214e-19,1.2503571332561863e-18,0.0,9.3776784994214e-19,0.0,1.87553569988428e-18,3.75107139976856e-18,2.1881249831983263e-18,6.251785666280932e-19,1.2503571332561863e-18,6.251785666280932e-19,2.8133035498264193e-18,1.5629464165702332e-18,5.314017816338792e-18,5.939196382966885e-18,4.3762499663966525e-18,6.564374949594979e-18,4.4700267513908664e-17,2.7195267648322054e-17,2.969598191483443e-17,0.0,1.2503571332561863e-18,1.87553569988428e-18,6.251785666280932e-19,1.3128749899189958e-17,6.564374949594979e-18,1949.8159653965322,2653.9768884874925,1746.002571650762,1037.4870126040694,1041.5816686858152,1115.3873373795013,-29.263204751382,-139.92237311547657,47736.387830774765,9.547277566154954e+23,1.3751302199206298e-22,1.7879418733082333e-22
7.32235e-06,183443.0,6.11475,3e+22,-790.09,9334.97,47750.6,4.09092,4.04545,4.07967,-0.000124883653,0.000138940849,0.362160423,0.0293173618,0.0290936259,0.148391086,-1.68313316e-05,-0.000137757224,-4.30783414e-05,2529.69584,-139.678156,2115.29867,80.3028121,1809.01766,-370.636031,1154.99481,3386.97756,18689.1078,20600.0,183442.534751,6.114751158,-150.0,30000 3000,1e-06,2,0.0 0.0259,0.0 0.0,-1.0 0.0,0.00054857 28.0,30000,1000,0,0.0,0.0 0.0 0.0,1000 1000000 0,0,0.0,0,100,0,,50,,1,,,10,1.0,10.0,0.1,True,{},,,False,3,mixed,250,300,True,Ar_Aubin,,False,uniform,Argon_Aubin_Model3-test/50Td,3.0000000000000005e+21,9.550120000000001e+23,6.876964232909025e-18,1.9048253157308056e-13,1.9030029202090848e-13,1.5629464165702332e-18,0.0,3.125892833140466e-19,0.0,0.0,9.3776784994214e-19,1.2503571332561863e-18,2.5007142665123726e-18,0.0,1.2503571332561863e-18,1.5629464165702332e-18,9.3776784994214e-19,6.251785666280933e-18,2.1881249831983263e-18,6.251785666280932e-19,3.125892833140466e-19,6.251785666280932e-19,5.939196382966885e-18,1.5629464165702332e-18,3.75107139976856e-18,5.626607099652839e-18,5.001428533024745e-18,5.001428533024745e-18,4.751357106373508e-17,2.3444196248553495e-17,3.594776758111536e-17,0.0,9.3776784994214e-19,3.1258928331404664e-18,1.2503571332561863e-18,1.5942053449016377e-17,6.8769642329090255e-18,2312.4295742209342,2529.597170674601,2012.3232914468877,1807.7206513428105,1520.6799722509525,1395.730305496203,353.37538594068167,3562.3960779690124,47359.37702206185,9.471875404412372e+23,1.4520808053926607e-22,1.440183837042681e-22
7.35789e-06,183145.0,6.10483,3e+22,3350.16,-1692.56,42773.4,4.05421,4.03287,4.11209,-0.000137461803,6.73568176e-05,0.363838457,0.0294671706,0.0292518688,0.149692598,-1.84705317e-05,-0.000120499399,-8.71826244e-05,1570.44073,-1411.51263,-391.340451,-51.6354988,563.470982,-746.910303,2308.88325,-1252.50571,16005.9163,20700.0,183144.817933,6.104827264,-150.0,30000 3000,1e-06,2,0.0 0.0259,0.0 0.0,-1.0 0.0,0.00054857 28.0,30000,1000,0,0.0,0.0 0.0 0.0,1000 1000000 0,0,0.0,0,100,0,,50,,1,,,10,1.0,10.0,0.1,True,{},,,False,3,mixed,250,300,True,Ar_Aubin,,False,uniform,Argon_Aubin_Model3-test/50Td,3.0000000000000005e+21,8.554680000000002e+23,6.251785666280931e-18,1.899117435417491e-13,1.897198137217943e-13,1.87553569988428e-18,6.251785666280932e-19,6.251785666280932e-19,0.0,3.125892833140466e-19,9.3776784994214e-19,2.5007142665123726e-18,1.5629464165702332e-18,0.0,6.251785666280932e-19,1.5629464165702332e-18,9.3776784994214e-19,5.314017816338792e-18,1.5629464165702332e-18,6.251785666280932e-19,3.125892833140466e-19,1.87553569988428e-18,2.8133035498264193e-18,1.2503571332561863e-18,6.251785666280933e-18,5.939196382966885e-18,5.939196382966885e-18,7.50214279953712e-18,5.095205318018959e-17,2.813303549826419e-17,3.6260356864429406e-17,0.0,9.3776784994214e-19,2.1881249831983263e-18,1.2503571332561863e-18,1.500428559907424e-17,6.251785666280933e-18,2107.2417271925674,1570.9012490339385,2226.1342904938874,563.584987455197,1171.1950828811568,443.30844335619986,620.1589714475779,704.50546258132,47208.19008929411,9.441638017858824e+23,1.324301070313372e-22,1.4616059668581248e-22
7.39344e-06,182579.0,6.08595,3e+22,-470.838,3107.98,49401.5,4.03902,4.06968,4.04927,-0.000183506563,0.00013050421,0.365414269,0.0296219156,0.0293551277,0.150938322,-4.11236481e-05,-0.000130462043,-8.60966197e-05,2026.78819,-579.321543,137.015665,729.459316,1443.52845,-595.237649,-589.08395,423.494815,20207.2793,20800.0,182578.597535,6.085953251,-150.0,30000 3000,1e-06,2,0.0 0.0259,0.0 0.0,-1.0 0.0,0.00054857 28.0,30000,1000,0,0.0,0.0 0.0 0.0,1000 1000000 0,0,0.0,0,100,0,,50,,1,,,10,1.0,10.0,0.1,True,{},,,False,3,mixed,250,300,True,Ar_Aubin,,False,uniform,Argon_Aubin_Model3-test/50Td,3.0000000000000005e+21,9.880300000000001e+23,4.688839249710699e-18,1.8944098408107814e-13,1.8925343051108976e-13,1.5629464165702332e-18,6.251785666280932e-19,6.251785666280932e-19,0.0,6.251785666280932e-19,1.5629464165702332e-18,1.2503571332561863e-18,1.2503571332561863e-18,9.3776784994214e-19,6.251785666280932e-19,9.3776784994214e-19,1.5629464165702332e-18,4.063660683082606e-18,1.87553569988428e-18,6.251785666280932e-19,3.125892833140466e-19,1.5629464165702332e-18,3.1258928331404664e-18,2.1881249831983263e-18,5.001428533024745e-18,5.314017816338792e-18,3.1258928331404664e-18,6.251785666280933e-18,5.345276744670197e-17,3.0946339048090613e-17,3.21966961813468e-17,3.125892833140466e-19,1.2503571332561863e-18,1.5629464165702332e-18,6.251785666280932e-19,1.750499986558661e-17,4.6888392497107e-18,2176.5154012701837,2026.7017881368902,1452.317396794674,1443.1228455254043,1358.2461209675128,2155.266289996496,199.1645128593152,-270.95186194053343,44332.37493459097,8.866474986918194e+23,1.0576557778888957e-22,9.491289231522725e-23
7.42898e-06,182851.0,6.09502,3e+22,-4359.79,-2397.91,48922.7,4.07046,4.05317,4.05265,-0.000234690571,0.000192637706,0.367156523,0.0297372424,0.029491987,0.152316557,-4.95188657e-05,-0.000146822448,-5.76571133e-05,2672.13989,-461.597016,-981.411253,-867.381158,1518.16658,-735.219164,-1544.58926,80.6187174,19482.3565,20900.0,182850.514132,6.095017138,-150.0,30000 3000,1e-06,2,0.0 0.0259,0.0 0.0,-1.0 0.0,0.00054857 28.0,30000,1000,0,0.0,0.0 0.0 0.0,1000 1000000 0,0,0.0,0,100,0,,50,,1,,,10,1.0,10.0,0.1,True,{},,,False,3,mixed,250,300,True,Ar_Aubin,,False,uniform,Argon_Aubin_Model3-test/50Td,3.0000000000000005e+21,9.784540000000001e+23,4.0636606830826054e-18,1.888636316747971e-13,1.8867889140835852e-13,1.87553569988428e-18,6.251785666280932e-19,6.251785666280932e-19,0.0,3.125892833140466e-19,2.1881249831983263e-18,0.0,2.1881249831983263e-18,9.3776784994214e-19,0.0,6.251785666280932e-19,1.2503571332561863e-18,3.75107139976856e-18,2.8133035498264193e-18,6.251785666280932e-19,3.125892833140466e-19,1.2503571332561863e-18,6.251785666280933e-18,1.87553569988428e-18,6.564374949594979e-18,6.251785666280933e-18,5.001428533024745e-18,5.626607099652839e-18,4.6575803213792946e-17,2.782044621495015e-17,3.344705331460299e-17,3.125892833140466e-19,3.125892833140466e-19,3.4384821164545128e-18,1.2503571332561863e-18,1.656723201564447e-17,4.063660683082606e-18,1621.9453852614834,2671.1166883954597,1924.8513459273936,1518.6285078815945,1433.5273671813504,1520.068072227903,77.4179627714742,-913.7934791919679,49014.893628992744,9.802978725798552e+23,8.290665106491049e-23,8.306288661669543e-23
7.46453e-06,183005.0,6.10018,3e+22,1645.85,-9288.03,36790.8,4.06917,4.06909,4.0539,-0.000196457945,0.000242103395,0.368844496,0.0298786735,0.0296161705,0.153630391,-4.01290164e-05,-0.000152615795,-4.99029311e-05,1104.01533,462.879811,-307.609429,422.890377,2077.7412,-874.683601,-239.463703,-3385.2201,15717.9662,21000.0,183005.468261,6.100182275,-150.0,30000 3000,1e-06,2,0.0 0.0259,0.0 0.0,-1.0 0.0,0.00054857 28.0,30000,1000,0,0.0,0.0 0.0 0.0,1000 1000000 0,0,0.0,0,100,0,,50,,1,,,10,1.0,10.0,0.1,True,{},,,False,3,mixed,250,300,True,Ar_Aubin,,False,uniform,Argon_Aubin_Model3-test/50Td,3.0000000000000005e+21,7.358160000000002e+23,5.0014285330247444e-18,1.8958196184785279e-13,1.893994097063974e-13,1.5629464165702332e-18,9.3776784994214e-19,9.3776784994214e-19,0.0,3.125892833140466e-19,6.251785666280932e-19,9.3776784994214e-19,3.125892833140466e-19,3.125892833140466e-19,9.3776784994214e-19,6.251785666280932e-19,0.0,5.314017816338792e-18,1.87553569988428e-18,0.0,6.251785666280932e-19,3.1258928331404664e-18,4.063660683082606e-18,1.87553569988428e-18,5.314017816338792e-18,5.626607099652839e-18,5.314017816338792e-18,5.939196382966885e-18,5.5015713863272204e-17,2.6257499798379917e-17,3.1884106898032754e-17,0.0,1.5629464165702332e-18,6.251785666280932e-19,1.2503571332561863e-18,1.4379107032446144e-17,5.001428533024745e-18,1989.674950063373,1104.338670308778,1746.5269096971967,2079.9898635958616,1005.5330922638974,2147.882116563198,-548.5685720381235,-1146.9080007786938,47487.804329111765,9.497560865822353e+23,1.0532027335613589e-22,1.3594236964199593e-22
7.50007e-06,182498.0,6.08326,3e+22,8272.51,-2406.23,29888.5,4.09949,4.02616,4.03537,-0.000194637637,0.000237977088,0.370484788,0.0300385162,0.0297750773,0.154934004,-4.78830101e-05,-0.000163219071,-5.33032191e-05,272.941923,250.09559,-918.183572,-631.52623,1300.19744,123.113662,3523.22169,-672.504918,11525.083,21100.0,182497.688356,6.083256279,-150.0,30000 3000,1e-06,2,0.0 0.0259,0.0 0.0,-1.0 0.0,0.00054857 28.0,30000,1000,0,0.0,0.0 0.0 0.0,1000 1000000 0,0,0.0,0,100,0,,50,,1,,,10,1.0,10.0,0.1,True,{},,,False,3,mixed,250,300,True,Ar_Aubin,,False,uniform,Argon_Aubin_Model3-test/50Td,3.0000000000000005e+21,5.977700000000001e+23,6.876964232909025e-18,1.89653857383015e-13,1.8946224015234354e-13,1.5629464165702332e-18,1.2503571332561863e-18,3.125892833140466e-19,0.0,0.0,9.3776784994214e-19,6.251785666280932e-19,1.2503571332561863e-18,3.125892833140466e-19,1.5629464165702332e-18,0.0,6.251785666280932e-19,3.1258928331404664e-18,3.4384821164545128e-18,0.0,3.125892833140466e-19,1.2503571332561863e-18,4.3762499663966525e-18,1.87553569988428e-18,8.439910649479259e-18,5.001428533024745e-18,5.314017816338792e-18,7.189553516223072e-18,5.345276744670197e-17,2.657008908169396e-17,3.000857119814848e-17,3.125892833140466e-19,1.87553569988428e-18,2.5007142665123726e-18,2.1881249831983263e-18,1.9067946282156843e-17,6.8769642329090255e-18,2248.4401907759593,274.55206479845884,2235.2931878591826,1300.7700676084582,1278.6055310821341,451.8484138620006,-308.20933307698743,-453.9835685644057,46146.39306351842,9.229278612703686e+23,1.4902495680308524e-22,2.300872988911797e-22
7.53562e-06,182050.0,6.06835,3e+22,-4370.23,-579.444,49241.4,4.0029,4.07402,4.04588,-0.000316472021,0.00024854947,0.372090899,0.0301757011,0.0299274634,0.156199415,-3.39795616e-05,-0.000210624323,-2.22651383e-05,1817.52349,913.336303,-538.386714,222.605805,3290.9562,33.191472,-1310.14962,-545.247878,19165.5301,21200.0,182050.442379,6.068348079,-150.0,30000 3000,1e-06,2,0.0 0.0259,0.0 0.0,-1.0 0.0,0.00054857 28.0,30000,1000,0,0.0,0.0 0.0 0.0,1000 1000000 0,0,0.0,0,100,0,,50,,1,,,10,1.0,10.0,0.1,True,{},,,False,3,mixed,250,300,True,Ar_Aubin,,False,uniform,Argon_Aubin_Model3-test/50Td,3.0000000000000005e+21,9.848280000000002e+23,8.439910649479257e-18,1.887767318540358e-13,1.8858980346261403e-13,1.87553569988428e-18,3.125892833140466e-19,6.251785666280932e-19,0.0,0.0,1.5629464165702332e-18,6.251785666280932e-19,6.251785666280932e-19,3.125892833140466e-19,6.251785666280932e-19,6.251785666280932e-19,1.5629464165702332e-18,6.251785666280933e-18,1.5629464165702332e-18,3.125892833140466e-19,6.251785666280932e-19,9.3776784994214e-19,3.75107139976856e-18,0.0,5.626607099652839e-18,6.8769642329090255e-18,2.5007142665123726e-18,5.314017816338792e-18,5.0639463896875546e-17,2.7507856931636102e-17,3.594776758111536e-17,3.125892833140466e-19,1.87553569988428e-18,1.5629464165702332e-18,2.5007142665123726e-18,1.5629464165702332e-17,8.439910649479259e-18,1928.8378984293902,1816.1404344796651,2143.469425795941,3291.1002204990946,1023.3675915421715,843.2533059814014,-49.490985571384314,-206.82999908836086,45184.777777151634,9.036955555430328e+23,1.867865919603355e-22,1.7139867366645255e-22
7.57116e-06,182275.0,6.07582,3e+22,-101.141,-3495.22,40989.9,4.02554,4.06717,4.04931,-0.000454119574,0.000246004849,0.373825494,0.0303411975,0.0300562324,0.157565159,-1.85228188e-05,-0.000286243078,-6.07734367e-06,2674.25657,270.152653,1152.18417,-1150.52013,761.818899,512.886292,223.819302,-1318.95471,16291.5925,21300.0,182274.586758,6.075819559,-150.0,30000 3000,1e-06,2,0.0 0.0259,0.0 0.0,-1.0 0.0,0.00054857 28.0,30000,1000,0,0.0,0.0 0.0 0.0,1000 1000000 0,0,0.0,0,100,0,,50,,1,,,10,1.0,10.0,0.1,True,{},,,False,3,mixed,250,300,True,Ar_Aubin,,False,uniform,Argon_Aubin_Model3-test/50Td,3.0000000000000005e+21,8.197980000000002e+23,5.3140178163387916e-18,1.889189599779437e-13,1.8873265676508855e-13,1.2503571332561863e-18,3.125892833140466e-19,3.125892833140466e-19,0.0,0.0,9.3776784994214e-19,1.5629464165702332e-18,6.251785666280932e-19,3.125892833140466e-19,6.251785666280932e-19,1.5629464165702332e-18,6.251785666280932e-19,5.314017816338792e-18,1.87553569988428e-18,0.0,3.125892833140466e-19,1.5629464165702332e-18,3.1258928331404664e-18,1.5629464165702332e-18,8.752499932793305e-18,7.189553516223072e-18,4.6888392497107e-18,3.75107139976856e-18,5.282758888007388e-17,2.782044621495015e-17,3.7823303280999636e-17,0.0,1.2503571332561863e-18,9.3776784994214e-19,6.251785666280932e-19,1.3441339182504003e-17,5.314017816338792e-18,2326.4660118128363,2674.210639892166,1811.3491260937792,762.6787400683218,1011.1175325663045,968.5228834894006,-664.3233643908166,1432.4268722149566,48799.42271011173,9.759884542022347e+23,1.0889509590935537e-22,1.296421268736638e-22
7.60671e-06,182712.0,6.09041,3e+22,-483.65,1619.78,51383.1,4.06949,4.01316,4.08315,-0.000492964945,0.000390271542,0.375540239,0.0304996346,0.0301737117,0.158944721,-9.91602934e-06,-0.000299811459,4.74056077e-05,971.167402,646.813195,-421.179673,698.883826,1317.12961,-771.822612,-881.282353,654.171655,19735.7469,21400.0,182712.310239,6.090410341,-150.0,30000 3000,1e-06,2,0.0 0.0259,0.0 0.0,-1.0 0.0,0.00054857 28.0,30000,1000,0,0.0,0.0 0.0 0.0,1000 1000000 0,0,0.0,0,100,0,,50,,1,,,10,1.0,10.0,0.1,True,{},,,False,3,mixed,250,300,True,Ar_Aubin,,False,uniform,Argon_Aubin_Model3-test/50Td,3.0000000000000005e+21,1.0276620000000001e+24,3.4384821164545124e-18,1.8926468372528903e-13,1.8908650783380004e-13,1.87553569988428e-18,3.125892833140466e-19,0.0,0.0,0.0,1.2503571332561863e-18,1.2503571332561863e-18,2.1881249831983263e-18,0.0,3.125892833140466e-19,9.3776784994214e-19,6.251785666280932e-19,5.001428533024745e-18,1.5629464165702332e-18,3.125892833140466e-19,9.3776784994214e-19,9.3776784994214e-19,3.75107139976856e-18,1.2503571332561863e-18,3.4384821164545128e-18,7.814732082851166e-18,4.063660683082606e-18,7.814732082851166e-18,4.688839249710699e-17,2.969598191483443e-17,2.969598191483443e-17,0.0,2.1881249831983263e-18,2.5007142665123726e-18,1.87553569988428e-18,1.6254642732330425e-17,3.4384821164545128e-18,2228.140774199919,970.9289795043508,1651.2334438384983,1316.4974559616992,1330.5639571771999,439.3252454391004,50.59214914735376,-1095.5019223422203,48240.98195547152,9.648196391094306e+23,7.127719994647658e-23,6.691854163050716e-23
7.64225e-06,182264.0,6.07546,3e+22,-5471.01,9070.67,34880.2,4.04684,4.04627,4.05025,-0.000513713061,0.000413766905,0.377140174,0.0306336516,0.0303220583,0.160226177,-2.65520172e-06,-0.000315969343,5.49562117e-05,720.499343,512.171799,-978.706575,-361.88832,1134.44761,471.559486,-3458.01423,3861.9841,13674.2548,21500.0,182263.767947,6.075458932,-150.0,30000 3000,1e-06,2,0.0 0.0259,0.0 0.0,-1.0 0.0,0.00054857 28.0,30000,1000,0,0.0,0.0 0.0 0.0,1000 1000000 0,0,0.0,0,100,0,,50,,1,,,10,1.0,10.0,0.1,True,{},,,False,3,mixed,250,300,True,Ar_Aubin,,False,uniform,Argon_Aubin_Model3-test/50Td,3.0000000000000005e+21,6.976040000000001e+23,5.3140178163387916e-18,1.8933439113546808e-13,1.8914746274404628e-13,6.251785666280932e-19,3.125892833140466e-19,6.251785666280932e-19,0.0,0.0,3.125892833140466e-19,1.87553569988428e-18,1.5629464165702332e-18,6.251785666280932e-19,3.125892833140466e-19,1.87553569988428e-18,0.0,5.939196382966885e-18,3.4384821164545128e-18,0.0,3.125892833140466e-19,3.125892833140466e-19,5.626607099652839e-18,6.251785666280932e-19,3.4384821164545128e-18,5.626607099652839e-18,2.5007142665123726e-18,7.814732082851166e-18,4.407508894728057e-17,3.15715176147187e-17,3.68855354310575e-17,0.0,3.1258928331404664e-18,2.8133035498264193e-18,9.3776784994214e-19,1.844276771552875e-17,5.314017816338792e-18,1884.8587064424014,717.6888137061384,2086.4543488724553,1130.6944669478237,1086.1639400151212,519.5301028452013,-212.24192307047585,-2355.464727333968,45011.028149915226,9.002205629983046e+23,1.1806035175734595e-22,1.5235055465102815e-22
7.6778e-06,182569.0,6.08565,3e+22,5985.19,1227.9,41473.1,4.08892,4.0103,4.06208,-0.000554703822,0.00042779736,0.378827632,0.0307274707,0.0304576572,0.161560388,-2.48035909e-05,-0.000319061496,6.2787644e-05,1167.82793,329.106419,0.157770661,-9.81966039,404.660861,-187.212626,3304.78258,82.9819026,16584.0561,21600.0,182569.36566,6.085645522,-150.0,30000 3000,1e-06,2,0.0 0.0259,0.0 0.0,-1.0 0.0,0.00054857 28.0,30000,1000,0,0.0,0.0 0.0 0.0,1000 1000000 0,0,0.0,0,100,0,,50,,1,,,10,1.0,10.0,0.1,True,{},,,False,3,mixed,250,300,True,Ar_Aubin,,False,uniform,Argon_Aubin_Model3-test/50Td,3.0000000000000005e+21,8.294620000000001e+23,5.626607099652838e-18,1.8849946515973622e-13,1.883225396253805e-13,1.5629464165702332e-18,9.3776784994214e-19,3.125892833140466e-19,0.0,0.0,6.251785666280932e-19,2.1881249831983263e-18,3.125892833140466e-19,9.3776784994214e-19,1.87553569988428e-18,9.3776784994214e-19,0.0,7.814732082851166e-18,1.2503571332561863e-18,0.0,3.125892833140466e-19,1.5629464165702332e-18,3.4384821164545128e-18,1.5629464165702332e-18,5.001428533024745e-18,8.439910649479259e-18,3.4384821164545128e-18,1.87553569988428e-18,5.345276744670197e-17,1.938053556547089e-17,3.313446403128894e-17,0.0,6.251785666280932e-19,2.5007142665123726e-18,9.3776784994214e-19,1.6879821298958518e-17,5.626607099652839e-18,1319.0919891026804,1171.147937768396,1907.2382427887642,404.13556862165603,823.5535121679644,872.899835300801,374.25796693797,1060.5902829711085,47473.315815830756,9.494663163166153e+23,1.1852146838617398e-22,1.3566883352469042e-22
7.71335e-06,182230.0,6.07432,3e+22,-3907.83,4105.58,40291.4,4.04989,4.07912,4.01022,-0.000500796766,0.000389448347,0.38038404,0.0308514187,0.0305923365,0.162843113,-2.10173101e-05,-0.000283522996,4.35645728e-05,965.535845,-557.810959,-1038.88482,132.758087,1674.33768,-483.032618,-1109.63412,2404.12309,14500.4773,21700.0,182229.556855,6.074318562,-150.0,30000 3000,1e-06,2,0.0 0.0259,0.0 0.0,-1.0 0.0,0.00054857 28.0,30000,1000,0,0.0,0.0 0.0 0.0,1000 1000000 0,0,0.0,0,100,0,,50,,1,,,10,1.0,10.0,0.1,True,{},,,False,3,mixed,250,300,True,Ar_Aubin,,False,uniform,Argon_Aubin_Model3-test/50Td,3.0000000000000005e+21,8.05828e+23,4.0636606830826054e-18,1.8896397283474093e-13,1.8878454658611869e-13,1.5629464165702332e-18,9.3776784994214e-19,6.251785666280932e-19,0.0,0.0,1.2503571332561863e-18,1.87553569988428e-18,1.5629464165702332e-18,0.0,1.87553569988428e-18,6.251785666280932e-19,1.5629464165702332e-18,3.75107139976856e-18,2.5007142665123726e-18,3.125892833140466e-19,0.0,1.5629464165702332e-18,4.3762499663966525e-18,1.5629464165702332e-18,7.189553516223072e-18,6.8769642329090255e-18,6.564374949594979e-18,3.4384821164545128e-18,4.938910676361936e-17,2.875821406489229e-17,3.000857119814848e-17,0.0,1.2503571332561863e-18,3.1258928331404664e-18,1.2503571332561863e-18,1.1565803482619724e-17,4.063660683082606e-18,1744.317111768421,963.5788163739222,1894.9096165220474,1672.738768655524,1421.8700592183038,-825.7282092559999,447.2157218769553,-641.8649741491879,43786.481513781066,8.757296302756216e+23,9.280628501295853e-23,1.0085677546778234e-22
7.74889e-06,182397.0,6.0799,3e+22,-6548.09,6113.97,38297.1,4.02028,4.09448,4.03624,-0.000626308913,0.000523968075,0.382050868,0.0309935576,0.0307166292,0.164211275,-1.89255796e-05,-0.00036658242,8.71737719e-05,2120.84222,-1079.38795,1131.32609,-435.140066,1178.98702,-199.08266,-2583.60387,2821.10139,15957.9829,21800.0,182396.887941,6.079896265,-150.0,30000 3000,1e-06,2,0.0 0.0259,0.0 0.0,-1.0 0.0,0.00054857 28.0,30000,1000,0,0.0,0.0 0.0 0.0,1000 1000000 0,0,0.0,0,100,0,,50,,1,,,10,1.0,10.0,0.1,True,{},,,False,3,mixed,250,300,True,Ar_Aubin,,False,uniform,Argon_Aubin_Model3-test/50Td,3.0000000000000005e+21,7.659420000000002e+23,5.0014285330247444e-18,1.8866920114057577e-13,1.8848946230267022e-13,1.2503571332561863e-18,9.3776784994214e-19,1.5629464165702332e-18,0.0,6.251785666280932e-19,9.3776784994214e-19,9.3776784994214e-19,9.3776784994214e-19,6.251785666280932e-19,6.251785666280932e-19,1.5629464165702332e-18,1.5629464165702332e-18,4.6888392497107e-18,1.87553569988428e-18,6.251785666280932e-19,3.125892833140466e-19,1.2503571332561863e-18,6.564374949594979e-18,9.3776784994214e-19,6.251785666280933e-18,5.001428533024745e-18,3.75107139976856e-18,5.939196382966885e-18,4.751357106373508e-17,3.407223188123108e-17,2.875821406489229e-17,3.125892833140466e-19,1.2503571332561863e-18,1.87553569988428e-18,6.251785666280932e-19,1.1565803482619724e-17,5.001428533024745e-18,1997.4094333771855,2116.7410928698737,1746.6370820325924,1175.7834949084922,1368.871178382488,1326.542603117201,-964.1938822527852,1073.4115033141723,46892.93129350096,9.378586258700194e+23,1.0665634233272827e-22,1.3059548981580183e-22
7.78444e-06,181539.0,6.05129,3e+22,3359.98,-999.275,32197.9,4.02899,4.05086,4.01677,-0.000572681924,0.000588209893,0.383564895,0.0311451753,0.0308733764,0.16543861,-2.57720882e-05,-0.00035670701,0.000107684961,2802.20745,-739.479724,720.599388,290.246643,1635.01467,103.633746,761.56853,-1964.34981,13256.7667,21900.0,181538.778806,6.051292627,-150.0,30000 3000,1e-06,2,0.0 0.0259,0.0 0.0,-1.0 0.0,0.00054857 28.0,30000,1000,0,0.0,0.0 0.0 0.0,1000 1000000 0,0,0.0,0,100,0,,50,,1,,,10,1.0,10.0,0.1,True,{},,,False,3,mixed,250,300,True,Ar_Aubin,,False,uniform,Argon_Aubin_Model3-test/50Td,3.0000000000000005e+21,6.439580000000002e+23,6.5643749495949784e-18,1.885207212310016e-13,1.883331676610132e-13,1.5629464165702332e-18,0.0,3.125892833140466e-19,0.0,3.125892833140466e-19,0.0,1.2503571332561863e-18,6.251785666280932e-19,0.0,9.3776784994214e-19,0.0,6.251785666280932e-19,5.626607099652839e-18,3.75107139976856e-18,6.251785666280932e-19,9.3776784994214e-19,2.1881249831983263e-18,2.5007142665123726e-18,1.5629464165702332e-18,7.50214279953712e-18,4.3762499663966525e-18,7.50214279953712e-18,5.001428533024745e-18,5.5015713863272204e-17,2.6257499798379917e-17,3.2821874747974894e-17,0.0,2.5007142665123726e-18,1.2503571332561863e-18,1.87553569988428e-18,1.4066517749132096e-17,6.564374949594979e-18,2133.637520866701,2804.1316498110014,2203.8822416598923,1635.6024534408275,958.9435368908634,906.7825672794988,-274.17814401662395,211.8366974186597,42594.17533633125,8.518835067266253e+23,1.5411438061099893e-22,2.0387587232692126e-22
7.81998e-06,181254.0,6.04179,3e+22,6365.39,-4864.81,37377.3,4.00102,4.03123,4.04302,-0.000452521489,0.000456728939,0.385078445,0.031246114,0.0310464243,0.166694711,-4.38074337e-05,-0.000341404365,5.84131529e-05,767.840529,-4.70709046,361.719748,83.120862,1037.74597,-1335.44505,2231.30419,-1360.73695,14622.9303,22000.0,181253.625771,6.041787526,-150.0,30000 3000,1e-06,2,0.0 0.0259,0.0 0.0,-1.0 0.0,0.00054857 28.0,30000,1000,0,0.0,0.0 0.0 0.0,1000 1000000 0,0,0.0,0,100,0,,50,,1,,,10,1.0,10.0,0.1,True,{},,,False,3,mixed,250,300,True,Ar_Aubin,,False,uniform,Argon_Aubin_Model3-test/50Td,3.0000000000000005e+21,7.475460000000001e+23,5.939196382966884e-18,1.8718158874128422e-13,1.8700872686761158e-13,0.0,6.251785666280932e-19,6.251785666280932e-19,0.0,3.125892833140466e-19,9.3776784994214e-19,1.5629464165702332e-18,1.87553569988428e-18,3.125892833140466e-19,0.0,9.3776784994214e-19,1.2503571332561863e-18,5.314017816338792e-18,3.75107139976856e-18,9.3776784994214e-19,9.3776784994214e-19,9.3776784994214e-19,3.1258928331404664e-18,1.5629464165702332e-18,2.8133035498264193e-18,6.251785666280933e-18,7.189553516223072e-18,5.626607099652839e-18,4.2199553247396294e-17,2.782044621495015e-17,3.063374976477657e-17,0.0,1.2503571332561863e-18,3.4384821164545128e-18,1.5629464165702332e-18,1.3128749899189958e-17,5.939196382966885e-18,1421.5888538048077,770.7210047608656,2436.1139494069726,1039.9678695097366,1304.259802154531,229.7377377015,-846.854043962184,158.763486432249,42580.75587839705,8.516151175679411e+23,1.3948076450141365e-22,1.5889848605883475e-22
7.85553e-06,181287.0,6.0429,3e+22,-2677.86,14.1725,33790.5,4.03119,4.03426,4.01382,-0.000392753878,0.000343435192,0.386659753,0.0313749861,0.0311887835,0.167979981,-3.55075061e-05,-0.000365139051,2.21687238e-05,1993.56643,4.2074454,598.272463,-265.192809,1161.36934,536.975602,-1931.49672,950.99851,13428.5807,22100.0,181287.021243,6.042900708,-150.0,30000 3000,1e-06,2,0.0 0.0259,0.0 0.0,-1.0 0.0,0.00054857 28.0,30000,1000,0,0.0,0.0 0.0 0.0,1000 1000000 0,0,0.0,0,100,0,,50,,1,,,10,1.0,10.0,0.1,True,{},,,False,3,mixed,250,300,True,Ar_Aubin,,False,uniform,Argon_Aubin_Model3-test/50Td,3.0000000000000005e+21,6.758100000000001e+23,4.688839249710699e-18,1.8766141329117128e-13,1.87487926238932e-13,1.5629464165702332e-18,3.125892833140466e-19,1.2503571332561863e-18,0.0,0.0,3.125892833140466e-19,1.2503571332561863e-18,9.3776784994214e-19,3.125892833140466e-19,6.251785666280932e-19,3.125892833140466e-19,6.251785666280932e-19,5.939196382966885e-18,1.2503571332561863e-18,3.125892833140466e-19,9.3776784994214e-19,1.5629464165702332e-18,4.063660683082606e-18,1.87553569988428e-18,4.6888392497107e-18,5.626607099652839e-18,5.001428533024745e-18,5.939196382966885e-18,4.782616034704914e-17,2.4069374815181585e-17,3.407223188123108e-17,3.125892833140466e-19,2.5007142665123726e-18,9.3776784994214e-19,6.251785666280932e-19,1.3753928465818051e-17,4.6888392497107e-18,1813.4923237511348,1992.514690100259,2003.7733939218513,1161.3644726647412,913.1169377331588,363.1543162534999,-1297.7442891606918,-284.532220916861,44486.994097689254,8.897398819537852e+23,1.0539797855108954e-22,1.387620558947248e-22
7.89107e-06,181927.0,6.06424,3e+22,-7003.89,5092.49,37916.5,4.04884,4.05737,4.01368,-0.000365123718,0.000412392325,0.38833316,0.0314890012,0.0313371486,0.16933817,-4.85754277e-05,-0.000351464741,5.37012937e-05,303.57647,-994.934823,-161.403773,-369.085355,2275.32787,429.404868,-3345.0362,1555.86156,16078.6463,22200.0,181927.286266,6.064242876,-150.0,30000 3000,1e-06,2,0.0 0.0259,0.0 0.0,-1.0 0.0,0.00054857 28.0,30000,1000,0,0.0,0.0 0.0 0.0,1000 1000000 0,0,0.0,0,100,0,,50,,1,,,10,1.0,10.0,0.1,True,{},,,False,3,mixed,250,300,True,Ar_Aubin,,False,uniform,Argon_Aubin_Model3-test/50Td,3.0000000000000005e+21,7.583300000000002e+23,5.3140178163387916e-18,1.8748855141749862e-13,1.8731912802594243e-13,6.251785666280932e-19,0.0,9.3776784994214e-19,0.0,0.0,1.5629464165702332e-18,1.87553569988428e-18,9.3776784994214e-19,0.0,3.125892833140466e-19,6.251785666280932e-19,9.3776784994214e-19,4.6888392497107e-18,1.5629464165702332e-18,1.2503571332561863e-18,3.125892833140466e-19,9.3776784994214e-19,3.75107139976856e-18,1.2503571332561863e-18,3.75107139976856e-18,3.75107139976856e-18,5.314017816338792e-18,4.063660683082606e-18,4.501285679722271e-17,3.344705331460299e-17,3.250928546466085e-17,0.0,1.2503571332561863e-18,2.5007142665123726e-18,9.3776784994214e-19,1.000285706604949e-17,5.314017816338792e-18,1604.0899846285208,301.01918364273695,2086.247169836081,2273.227766208861,862.4243141927391,1354.4120388600004,101.3306853943633,-772.7530235540526,47078.018534044226,9.415603706808846e+23,1.1287683682982509e-22,1.4015053647722737e-22
7.92662e-06,181845.0,6.06151,3e+22,-4517.5,628.119,40444.9,4.00587,4.03302,4.0747,-0.000277195157,0.00047523218,0.389950432,0.0316353103,0.0314776931,0.170710069,-4.07902875e-05,-0.000327921864,8.13024656e-05,1985.82541,-468.869546,1589.34285,-205.611479,1801.94493,712.692622,-735.878247,1318.34194,16843.482,22300.0,181845.168478,6.061505616,-150.0,30000 3000,1e-06,2,0.0 0.0259,0.0 0.0,-1.0 0.0,0.00054857 28.0,30000,1000,0,0.0,0.0 0.0 0.0,1000 1000000 0,0,0.0,0,100,0,,50,,1,,,10,1.0,10.0,0.1,True,{},,,False,3,mixed,250,300,True,Ar_Aubin,,False,uniform,Argon_Aubin_Model3-test/50Td,3.0000000000000005e+21,8.088980000000002e+23,5.939196382966884e-18,1.8801307623489958e-13,1.8783364998627733e-13,6.251785666280932e-19,3.125892833140466e-19,3.125892833140466e-19,0.0,3.125892833140466e-19,1.5629464165702332e-18,1.2503571332561863e-18,9.3776784994214e-19,3.125892833140466e-19,3.125892833140466e-19,1.2503571332561863e-18,6.251785666280932e-19,5.939196382966885e-18,3.1258928331404664e-18,6.251785666280932e-19,1.2503571332561863e-18,1.2503571332561863e-18,5.939196382966885e-18,1.5629464165702332e-18,4.6888392497107e-18,7.189553516223072e-18,4.3762499663966525e-18,7.814732082851166e-18,4.6575803213792946e-17,2.6882678365008006e-17,2.969598191483443e-17,0.0,6.251785666280932e-19,2.8133035498264193e-18,9.3776784994214e-19,1.4379107032446144e-17,5.939196382966885e-18,2058.8540032519795,1984.5731808782525,1976.187098820262,1801.6464276383308,1592.3683317527227,1071.9757728031982,-285.67406700813893,2626.2768099653495,45498.77058634881,9.099754117269764e+23,1.3053531571134027e-22,1.4684660817474847e-22
7.96216e-06,181620.0,6.05399,3e+22,4172.29,-3012.44,33997.9,4.026,4.03423,4.04102,-0.000338628516,0.000432994444,0.391574204,0.0317846219,0.0316272177,0.172088992,-4.15691583e-05,-0.000348073035,7.30101348e-05,1397.84541,268.679258,-309.83285,154.115583,3034.35726,550.27991,1419.22864,-1665.3069,14769.6913,22400.0,181619.632619,6.053987754,-150.0,30000 3000,1e-06,2,0.0 0.0259,0.0 0.0,-1.0 0.0,0.00054857 28.0,30000,1000,0,0.0,0.0 0.0 0.0,1000 1000000 0,0,0.0,0,100,0,,50,,1,,,10,1.0,10.0,0.1,True,{},,,False,3,mixed,250,300,True,Ar_Aubin,,False,uniform,Argon_Aubin_Model3-test/50Td,3.0000000000000005e+21,6.799580000000001e+23,5.3140178163387916e-18,1.8814342596604154e-13,1.8795899828888627e-13,1.2503571332561863e-18,6.251785666280932e-19,6.251785666280932e-19,0.0,3.125892833140466e-19,1.2503571332561863e-18,1.2503571332561863e-18,3.1258928331404664e-18,3.125892833140466e-19,1.2503571332561863e-18,9.3776784994214e-19,9.3776784994214e-19,5.939196382966885e-18,3.4384821164545128e-18,9.3776784994214e-19,9.3776784994214e-19,1.2503571332561863e-18,4.063660683082606e-18,9.3776784994214e-19,6.251785666280933e-18,5.939196382966885e-18,4.063660683082606e-18,4.063660683082606e-18,4.688839249710699e-17,3.000857119814848e-17,3.657294614774345e-17,3.125892833140466e-19,1.87553569988428e-18,1.5629464165702332e-18,6.251785666280932e-19,1.1565803482619724e-17,5.314017816338792e-18,2099.7621054090505,1399.2582663710216,2103.8300516575123,3035.6616297828837,1545.9831476510833,1456.9906698284012,122.5095057009757,-512.8526871830436,45681.63531708654,9.136327063417309e+23,1.163272238275402e-22,1.5630429574587816e-22
7.99771e-06,181091.0,6.03638,3e+22,1742.57,2178.92,39974.0,4.00241,4.01049,4.05074,-0.000259024758,0.00045627138,0.393154223,0.0319261094,0.0317664113,0.17338604,-8.45270422e-05,-0.000315182009,8.4048371e-05,1924.16845,-1577.41908,450.373703,-1278.47933,729.027588,2129.98148,1090.98017,1583.30876,16829.4216,22500.0,181091.39334,6.036379778,-150.0,30000 3000,1e-06,2,0.0 0.0259,0.0 0.0,-1.0 0.0,0.00054857 28.0,30000,1000,0,0.0,0.0 0.0 0.0,1000 1000000 0,0,0.0,0,100,0,,50,,1,,,10,1.0,10.0,0.1,True,{},,,False,3,mixed,250,300,True,Ar_Aubin,,False,uniform,Argon_Aubin_Model3-test/50Td,3.0000000000000005e+21,7.994800000000001e+23,4.688839249710699e-18,1.8774706275479935e-13,1.875591965955276e-13,9.3776784994214e-19,9.3776784994214e-19,9.3776784994214e-19,0.0,0.0,6.251785666280932e-19,9.3776784994214e-19,1.5629464165702332e-18,3.125892833140466e-19,0.0,3.125892833140466e-19,0.0,6.251785666280933e-18,2.1881249831983263e-18,0.0,3.125892833140466e-19,6.251785666280932e-19,6.564374949594979e-18,2.5007142665123726e-18,5.939196382966885e-18,9.065089216107351e-18,3.4384821164545128e-18,5.314017816338792e-18,4.813874963036317e-17,3.032116048146252e-17,3.7823303280999636e-17,6.251785666280932e-19,9.3776784994214e-19,2.5007142665123726e-18,6.251785666280932e-19,1.3441339182504003e-17,4.6888392497107e-18,1990.905650894231,1924.619818772548,1957.6780767177254,728.0334091646904,804.0727562474522,1113.4746897980003,59.909632887849526,866.609374303182,44450.73061493311,8.890146122986624e+23,1.0548396358946449e-22,1.172972244386526e-22
8.03325e-06,181335.0,6.04449,3e+22,-2233.6,1169.08,42477.3,4.0772,4.02976,3.97174,-0.000412051666,0.000375353192,0.394832562,0.0320688402,0.031890055,0.174752624,-0.000104930512,-0.000365166829,5.77547546e-05,1257.45571,-309.552642,728.344686,285.566773,2339.92746,-939.686572,-972.849171,-799.779507,16972.8771,22600.0,181334.816108,6.04449387,-150.0,30000 3000,1e-06,2,0.0 0.0259,0.0 0.0,-1.0 0.0,0.00054857 28.0,30000,1000,0,0.0,0.0 0.0 0.0,1000 1000000 0,0,0.0,0,100,0,,50,,1,,,10,1.0,10.0,0.1,True,{},,,False,3,mixed,250,300,True,Ar_Aubin,,False,uniform,Argon_Aubin_Model3-test/50Td,3.0000000000000005e+21,8.495460000000002e+23,5.0014285330247444e-18,1.86909636064801e-13,1.867311475840287e-13,6.251785666280932e-19,0.0,9.3776784994214e-19,0.0,6.251785666280932e-19,1.87553569988428e-18,6.251785666280932e-19,1.2503571332561863e-18,0.0,9.3776784994214e-19,3.125892833140466e-19,3.125892833140466e-19,6.251785666280933e-18,3.4384821164545128e-18,0.0,6.251785666280932e-19,3.125892833140466e-19,3.1258928331404664e-18,1.5629464165702332e-18,6.564374949594979e-18,7.189553516223072e-18,2.5007142665123726e-18,5.939196382966885e-18,4.9076517480305316e-17,2.782044621495015e-17,2.969598191483443e-17,0.0,3.125892833140466e-19,2.5007142665123726e-18,1.87553569988428e-18,1.7192410582272562e-17,5.001428533024745e-18,2006.2808021544993,1256.5353513988223,1740.1828865826205,2339.4886420902967,619.9824344349862,201.4559141573991,305.8037747189588,654.8963677153819,47216.77066512047,9.443354133024096e+23,1.059248326933835e-22,1.1774356027866047e-22
8.0688e-06,181977.0,6.06591,3e+22,4603.23,2278.44,42468.1,4.02217,4.08418,4.01507,-0.000474188697,0.000451262931,0.396527062,0.0322134998,0.0320168461,0.176162813,-0.000100253044,-0.000386293558,6.30688513e-05,3741.45724,-782.901855,359.146921,462.354969,1773.44108,402.053549,2339.80719,1066.84062,18465.8856,22700.0,181977.281531,6.065909384,-150.0,30000 3000,1e-06,2,0.0 0.0259,0.0 0.0,-1.0 0.0,0.00054857 28.0,30000,1000,0,0.0,0.0 0.0 0.0,1000 1000000 0,0,0.0,0,100,0,,50,,1,,,10,1.0,10.0,0.1,True,{},,,False,3,mixed,250,300,True,Ar_Aubin,,False,uniform,Argon_Aubin_Model3-test/50Td,3.0000000000000005e+21,8.49362e+23,7.502142799537118e-18,1.87461043560567e-13,1.8729036981187752e-13,1.2503571332561863e-18,6.251785666280932e-19,0.0,0.0,0.0,6.251785666280932e-19,3.125892833140466e-19,1.87553569988428e-18,0.0,9.3776784994214e-19,0.0,3.125892833140466e-19,5.939196382966885e-18,3.1258928331404664e-18,3.125892833140466e-19,1.87553569988428e-18,1.87553569988428e-18,3.4384821164545128e-18,2.1881249831983263e-18,4.3762499663966525e-18,5.314017816338792e-18,5.626607099652839e-18,5.626607099652839e-18,4.344991038065248e-17,2.7507856931636102e-17,3.250928546466085e-17,0.0,9.3776784994214e-19,1.5629464165702332e-18,0.0,1.1565803482619724e-17,7.50214279953712e-18,2034.082211131321,3743.6400396356917,1782.6266097139153,1772.4129044874924,973.8266714118001,1626.1346782778019,118.45433985466147,893.7867363928058,47671.428651808325,9.534285730361666e+23,1.5737188944624883e-22,1.7665360116268725e-22
8.10434e-06,181951.0,6.06502,3e+22,229.563,2811.11,34488.1,4.02237,4.06996,4.0309,-0.000445132634,0.000479471448,0.398165677,0.0323689867,0.0321791837,0.177556163,-0.000114758013,-0.000378575468,4.30910918e-05,2660.20656,-1301.88984,-1859.05833,276.572648,600.388639,-760.401032,817.324908,1265.03357,15131.3724,22800.0,181950.633759,6.065021125,-150.0,30000 3000,1e-06,2,0.0 0.0259,0.0 0.0,-1.0 0.0,0.00054857 28.0,30000,1000,0,0.0,0.0 0.0 0.0,1000 1000000 0,0,0.0,0,100,0,,50,,1,,,10,1.0,10.0,0.1,True,{},,,False,3,mixed,250,300,True,Ar_Aubin,,False,uniform,Argon_Aubin_Model3-test/50Td,3.0000000000000005e+21,6.89762e+23,6.5643749495949784e-18,1.883384816788295e-13,1.8815843025164064e-13,2.8133035498264193e-18,9.3776784994214e-19,0.0,0.0,3.125892833140466e-19,1.5629464165702332e-18,2.8133035498264193e-18,1.2503571332561863e-18,0.0,9.3776784994214e-19,0.0,9.3776784994214e-19,4.063660683082606e-18,2.1881249831983263e-18,3.125892833140466e-19,6.251785666280932e-19,1.2503571332561863e-18,3.75107139976856e-18,1.2503571332561863e-18,4.6888392497107e-18,5.314017816338792e-18,4.063660683082606e-18,5.626607099652839e-18,5.0639463896875546e-17,2.782044621495015e-17,2.969598191483443e-17,0.0,9.3776784994214e-19,2.1881249831983263e-18,9.3776784994214e-19,1.656723201564447e-17,6.564374949594979e-18,2187.5349814392907,2660.308745982859,2283.1554204404015,599.0407920178127,1282.2272007557376,1399.3947150563017,-86.48163429346657,-1117.7857505144955,46099.213962988455,9.219842792597694e+23,1.4239667849576132e-22,1.9033739027650055e-22
8.13989e-06,181861.0,6.06202,3e+22,-1246.79,-4589.91,40105.9,4.04221,4.03447,4.03808,-0.000504017446,0.000515564883,0.399762187,0.0325127643,0.032335631,0.178902843,-0.000125156607,-0.000383031269,6.35672914e-05,2198.57239,948.749016,1950.41525,-346.912046,3415.51954,-434.64322,1022.70079,-2510.71641,17386.0769,22900.0,181860.548433,6.062018281,-150.0,30000 3000,1e-06,2,0.0 0.0259,0.0 0.0,-1.0 0.0,0.00054857 28.0,30000,1000,0,0.0,0.0 0.0 0.0,1000 1000000 0,0,0.0,0,100,0,,50,,1,,,10,1.0,10.0,0.1,True,{},,,False,3,mixed,250,300,True,Ar_Aubin,,False,uniform,Argon_Aubin_Model3-test/50Td,3.0000000000000005e+21,8.021180000000002e+23,6.876964232909025e-18,1.8785834453965913e-13,1.876811064160201e-13,9.3776784994214e-19,3.125892833140466e-19,3.125892833140466e-19,0.0,0.0,9.3776784994214e-19,1.87553569988428e-18,1.5629464165702332e-18,6.251785666280932e-19,9.3776784994214e-19,9.3776784994214e-19,9.3776784994214e-19,5.626607099652839e-18,1.87553569988428e-18,1.2503571332561863e-18,1.2503571332561863e-18,1.2503571332561863e-18,3.75107139976856e-18,6.251785666280932e-19,4.6888392497107e-18,5.001428533024745e-18,3.4384821164545128e-18,3.1258928331404664e-18,4.751357106373508e-17,2.907080334820633e-17,3.2821874747974894e-17,0.0,2.8133035498264193e-18,1.5629464165702332e-18,1.87553569988428e-18,1.3441339182504003e-17,6.8769642329090255e-18,2021.6639772794426,2197.9439860885013,2200.163533408826,3417.8859364121304,1023.7637759792989,1353.2546043966995,556.8872182535907,3491.7496104172615,44914.67250333363,8.982934500666729e+23,1.5311175278854825e-22,1.7147013863070084e-22
8.17544e-06,181983.0,6.06611,3e+22,9440.83,6653.49,42138.4,4.0384,4.01373,4.06924,-0.000530888651,0.000422711581,0.401425636,0.0326391155,0.0324969093,0.180337919,-0.000154406184,-0.000371000098,2.03342028e-05,1975.83023,-946.306986,-879.592513,861.94182,2017.53727,692.633383,3733.63298,2688.81184,17359.9842,23000.0,181983.356076,6.066111869,-150.0,30000 3000,1e-06,2,0.0 0.0259,0.0 0.0,-1.0 0.0,0.00054857 28.0,30000,1000,0,0.0,0.0 0.0 0.0,1000 1000000 0,0,0.0,0,100,0,,50,,1,,,10,1.0,10.0,0.1,True,{},,,False,3,mixed,250,300,True,Ar_Aubin,,False,uniform,Argon_Aubin_Model3-test/50Td,3.0000000000000005e+21,8.427680000000002e+23,6.5643749495949784e-18,1.8782333453992798e-13,1.8764422088058904e-13,6.251785666280932e-19,0.0,9.3776784994214e-19,0.0,0.0,6.251785666280932e-19,9.3776784994214e-19,1.5629464165702332e-18,0.0,1.2503571332561863e-18,1.87553569988428e-18,6.251785666280932e-19,5.626607099652839e-18,3.1258928331404664e-18,3.125892833140466e-19,0.0,6.251785666280932e-19,2.5007142665123726e-18,1.2503571332561863e-18,5.001428533024745e-18,6.564374949594979e-18,3.75107139976856e-18,2.5007142665123726e-18,5.032687461356151e-17,3.1884106898032754e-17,2.782044621495015e-17,0.0,1.87553569988428e-18,1.5629464165702332e-18,1.5629464165702332e-18,1.7817589148900655e-17,6.564374949594979e-18,1776.9302191861548,1980.8422595030204,2269.849573613988,2014.7247627229324,1439.5803257031182,444.5501799775993,665.5254652850329,-913.3799217865817,46797.86976655161,9.359573953310323e+23,1.402708068196474e-22,1.557813051657153e-22
8.21098e-06,182368.0,6.07893,3e+22,981.216,9360.96,36310.6,4.03577,4.00936,4.10474,-0.000515906284,0.000367755305,0.403082796,0.0327843295,0.03265069,0.181763055,-0.000144636289,-0.000365321556,-2.2531925e-05,1614.70903,79.5979281,-634.852609,482.203905,1758.3532,11.2077297,25.9862466,4457.96616,15332.7995,23100.0,182367.873556,6.078929119,-150.0,30000 3000,1e-06,2,0.0 0.0259,0.0 0.0,-1.0 0.0,0.00054857 28.0,30000,1000,0,0.0,0.0 0.0 0.0,1000 1000000 0,0,0.0,0,100,0,,50,,1,,,10,1.0,10.0,0.1,True,{},,,False,3,mixed,250,300,True,Ar_Aubin,,False,uniform,Argon_Aubin_Model3-test/50Td,3.0000000000000005e+21,7.262120000000001e+23,5.3140178163387916e-18,1.888611309605306e-13,1.8868826908685796e-13,9.3776784994214e-19,6.251785666280932e-19,6.251785666280932e-19,0.0,0.0,6.251785666280932e-19,9.3776784994214e-19,9.3776784994214e-19,0.0,0.0,6.251785666280932e-19,9.3776784994214e-19,5.939196382966885e-18,1.2503571332561863e-18,3.125892833140466e-19,3.125892833140466e-19,9.3776784994214e-19,4.6888392497107e-18,1.5629464165702332e-18,4.6888392497107e-18,6.251785666280933e-18,1.87553569988428e-18,4.6888392497107e-18,4.595062464716485e-17,2.7195267648322054e-17,3.407223188123108e-17,3.125892833140466e-19,1.2503571332561863e-18,1.5629464165702332e-18,1.2503571332561863e-18,1.7192410582272562e-17,5.314017816338792e-18,2042.875920173802,1615.2152455003613,2163.770011258257,1754.9106573001072,1293.2307250283052,696.6213275623995,14.605970275564275,-985.6447844441257,46620.941106304796,9.324188221260961e+23,1.139834951898933e-22,1.4634893987812902e-22
8.24653e-06,182013.0,6.06711,3e+22,248.224,2832.95,44201.5,3.98261,4.03806,4.1024,-0.000529409865,0.000439148837,0.404745051,0.0329230938,0.0327946268,0.183172584,-0.00013276854,-0.000388495553,1.46780337e-05,1541.14549,-627.224545,-1653.60116,-907.163075,1939.67502,-1530.58918,-109.404359,504.758773,18852.9135,23200.0,182013.392889,6.067113096,-150.0,30000 3000,1e-06,2,0.0 0.0259,0.0 0.0,-1.0 0.0,0.00054857 28.0,30000,1000,0,0.0,0.0 0.0 0.0,1000 1000000 0,0,0.0,0,100,0,,50,,1,,,10,1.0,10.0,0.1,True,{},,,False,3,mixed,250,300,True,Ar_Aubin,,False,uniform,Argon_Aubin_Model3-test/50Td,3.0000000000000005e+21,8.840300000000002e+23,3.751071399768559e-18,1.8863075265872813e-13,1.8843819766020672e-13,9.3776784994214e-19,9.3776784994214e-19,3.125892833140466e-19,0.0,0.0,1.2503571332561863e-18,9.3776784994214e-19,6.251785666280932e-19,0.0,6.251785666280932e-19,3.125892833140466e-19,1.5629464165702332e-18,5.314017816338792e-18,2.8133035498264193e-18,1.2503571332561863e-18,3.125892833140466e-19,1.2503571332561863e-18,2.1881249831983263e-18,1.87553569988428e-18,5.001428533024745e-18,5.626607099652839e-18,5.626607099652839e-18,5.001428533024745e-18,5.376535673001601e-17,3.1884106898032754e-17,3.68855354310575e-17,3.125892833140466e-19,1.2503571332561863e-18,2.5007142665123726e-18,1.2503571332561863e-18,1.7192410582272562e-17,3.75107139976856e-18,1951.7319328057781,1541.2769022343298,2023.879211702625,1938.4309333022209,938.4213173154351,962.575128223496,-474.06757609597616,-1840.0722443916263,46764.278922167185,9.352855784433439e+23,8.021232201637729e-23,8.486298880736082e-23
8.28207e-06,182473.0,6.08245,3e+22,-6500.07,-14224.6,44301.5,4.04848,4.06143,4.04243,-0.000652001197,0.00046061063,0.406435222,0.0330534068,0.0329497566,0.184604642,-0.00013728583,-0.000426460571,-1.0295592e-05,359.240985,-176.741115,334.30403,-1577.43004,2867.06052,169.040043,-4060.99195,-5006.58345,18669.8921,23300.0,182473.447485,6.08244825,-150.0,30000 3000,1e-06,2,0.0 0.0259,0.0 0.0,-1.0 0.0,0.00054857 28.0,30000,1000,0,0.0,0.0 0.0 0.0,1000 1000000 0,0,0.0,0,100,0,,50,,1,,,10,1.0,10.0,0.1,True,{},,,False,3,mixed,250,300,True,Ar_Aubin,,False,uniform,Argon_Aubin_Model3-test/50Td,3.0000000000000005e+21,8.860300000000001e+23,4.688839249710699e-18,1.8867607810480866e-13,1.8850165328471947e-13,9.3776784994214e-19,9.3776784994214e-19,6.251785666280932e-19,0.0,3.125892833140466e-19,1.5629464165702332e-18,1.2503571332561863e-18,2.5007142665123726e-18,6.251785666280932e-19,9.3776784994214e-19,1.2503571332561863e-18,1.5629464165702332e-18,6.251785666280933e-18,3.1258928331404664e-18,3.125892833140466e-19,9.3776784994214e-19,9.3776784994214e-19,2.5007142665123726e-18,1.5629464165702332e-18,3.75107139976856e-18,5.314017816338792e-18,5.314017816338792e-18,4.063660683082606e-18,4.9076517480305316e-17,2.782044621495015e-17,2.875821406489229e-17,0.0,2.1881249831983263e-18,1.5629464165702332e-18,1.5629464165702332e-18,1.2190982049247816e-17,4.6888392497107e-18,1831.0128630464756,355.0029315794162,2181.8644543115047,2873.612521967498,858.4039960635142,664.2021125669999,358.8427880297481,-1055.9458955055652,47549.640741135634,9.509928148227129e+23,9.860935175592906e-23,1.0583928873087138e-22
8.31762e-06,183036.0,6.10119,3e+22,-2060.71,8929.72,38940.3,4.04518,4.0842,4.0639,-0.000654953766,0.000450443626,0.408180502,0.0331766368,0.033126314,0.18608091,-0.000133143616,-0.000425265262,6.00801065e-06,1976.84407,-996.928159,317.691013,942.734661,2634.36837,48.758031,184.985947,4153.77056,16645.5252,23400.0,183035.694896,6.10118983,-150.0,30000 3000,1e-06,2,0.0 0.0259,0.0 0.0,-1.0 0.0,0.00054857 28.0,30000,1000,0,0.0,0.0 0.0 0.0,1000 1000000 0,0,0.0,0,100,0,,50,,1,,,10,1.0,10.0,0.1,True,{},,,False,3,mixed,250,300,True,Ar_Aubin,,False,uniform,Argon_Aubin_Model3-test/50Td,3.0000000000000005e+21,7.788060000000003e+23,6.5643749495949784e-18,1.8936127381383307e-13,1.891827853330608e-13,6.251785666280932e-19,3.125892833140466e-19,6.251785666280932e-19,3.125892833140466e-19,0.0,0.0,1.2503571332561863e-18,1.87553569988428e-18,0.0,9.3776784994214e-19,1.5629464165702332e-18,9.3776784994214e-19,5.001428533024745e-18,1.87553569988428e-18,3.125892833140466e-19,6.251785666280932e-19,9.3776784994214e-19,2.8133035498264193e-18,1.2503571332561863e-18,4.063660683082606e-18,5.626607099652839e-18,2.1881249831983263e-18,6.251785666280933e-18,5.4077946013330064e-17,2.7507856931636102e-17,3.1258928331404664e-17,0.0,1.2503571332561863e-18,2.5007142665123726e-18,6.251785666280932e-19,1.5316874882388284e-17,6.564374949594979e-18,1733.3627012960335,1975.4944002248662,2483.6780946657677,2630.3460345440353,767.1241457015934,750.8539979693996,99.54634764863414,1369.32269841059,49100.02419441097,9.820004838882196e+23,1.3369392494804916e-22,1.6857535636846604e-22
8.35316e-06,182807.0,6.09356,3e+22,6322.98,-2412.29,43415.3,4.05354,4.08266,4.03995,-0.000616141184,0.000476804003,0.409794409,0.0333353966,0.0332713309,0.187480399,-0.000123301784,-0.00043025055,1.22024557e-05,1459.06302,486.317429,1291.334,1372.75218,2099.94426,297.78011,2905.56337,-562.129328,19187.6184,23500.0,182806.796535,6.093559884,-150.0,30000 3000,1e-06,2,0.0 0.0259,0.0 0.0,-1.0 0.0,0.00054857 28.0,30000,1000,0,0.0,0.0 0.0 0.0,1000 1000000 0,0,0.0,0,100,0,,50,,1,,,10,1.0,10.0,0.1,True,{},,,False,3,mixed,250,300,True,Ar_Aubin,,False,uniform,Argon_Aubin_Model3-test/50Td,3.0000000000000005e+21,8.683060000000002e+23,7.189553516223072e-18,1.8948943541999183e-13,1.8930657068925314e-13,6.251785666280932e-19,6.251785666280932e-19,6.251785666280932e-19,0.0,3.125892833140466e-19,1.2503571332561863e-18,1.5629464165702332e-18,1.2503571332561863e-18,0.0,6.251785666280932e-19,9.3776784994214e-19,1.5629464165702332e-18,4.3762499663966525e-18,1.87553569988428e-18,1.2503571332561863e-18,9.3776784994214e-19,0.0,3.75107139976856e-18,2.5007142665123726e-18,7.50214279953712e-18,4.6888392497107e-18,3.75107139976856e-18,6.564374949594979e-18,4.845133891367722e-17,3.0946339048090613e-17,3.0946339048090613e-17,0.0,3.1258928331404664e-18,2.1881249831983263e-18,1.5629464165702332e-18,1.187839276593377e-17,7.189553516223072e-18,2233.891508844661,1462.9588683836084,2039.5389755486158,2101.094449528397,1116.2283349282543,1396.2711949422956,-557.9746643681101,1632.5254721268948,45404.102921897786,9.080820584379559e+23,1.5834589945737364e-22,1.655995355605759e-22
8.38871e-06,182904.0,6.0968,3e+22,2418.16,6600.7,40776.6,4.064,4.03589,4.08397,-0.000664121648,0.0004180777,0.411432202,0.0334907322,0.0334255113,0.188912656,-0.000135971704,-0.000464784004,-2.79863176e-05,1581.17247,-910.219562,291.737614,799.341638,1372.21676,-325.365823,1445.93359,2005.56056,19263.4547,23600.0,182904.080669,6.096802689,-150.0,30000 3000,1e-06,2,0.0 0.0259,0.0 0.0,-1.0 0.0,0.00054857 28.0,30000,1000,0,0.0,0.0 0.0 0.0,1000 1000000 0,0,0.0,0,100,0,,50,,1,,,10,1.0,10.0,0.1,True,{},,,False,3,mixed,250,300,True,Ar_Aubin,,False,uniform,Argon_Aubin_Model3-test/50Td,3.0000000000000005e+21,8.155320000000001e+23,4.0636606830826054e-18,1.8946192756306018e-13,1.8928406426085454e-13,1.2503571332561863e-18,9.3776784994214e-19,9.3776784994214e-19,0.0,3.125892833140466e-19,6.251785666280932e-19,1.2503571332561863e-18,1.5629464165702332e-18,3.125892833140466e-19,1.2503571332561863e-18,6.251785666280932e-19,2.1881249831983263e-18,5.001428533024745e-18,1.87553569988428e-18,6.251785666280932e-19,0.0,2.5007142665123726e-18,4.3762499663966525e-18,6.251785666280932e-19,7.189553516223072e-18,4.063660683082606e-18,5.001428533024745e-18,5.314017816338792e-18,5.220241031344578e-17,2.594491051506587e-17,2.969598191483443e-17,0.0,1.2503571332561863e-18,2.5007142665123726e-18,1.5629464165702332e-18,1.281616061587591e-17,4.063660683082606e-18,2184.1669019800374,1582.7784224043276,2169.520572198349,1369.4571545256101,1227.4134640558486,2486.6483719267962,-387.77547376964174,769.842933203517,46076.08860780856,9.215217721561715e+23,8.819456698401115e-23,9.965668258468351e-23
8.42425e-06,182363.0,6.07876,3e+22,365.461,100.665,41076.0,4.0339,4.05698,4.05705,-0.00067722592,0.000392929792,0.412984829,0.0336436826,0.0335345084,0.190287188,-0.000128990378,-0.00047657797,-6.55897939e-05,-25.7291461,1393.62163,-175.702007,-456.40524,2390.70188,-620.884636,927.228142,-1505.39917,17012.324,23700.0,182362.761178,6.078758706,-150.0,30000 3000,1e-06,2,0.0 0.0259,0.0 0.0,-1.0 0.0,0.00054857 28.0,30000,1000,0,0.0,0.0 0.0 0.0,1000 1000000 0,0,0.0,0,100,0,,50,,1,,,10,1.0,10.0,0.1,True,{},,,False,3,mixed,250,300,True,Ar_Aubin,,False,uniform,Argon_Aubin_Model3-test/50Td,3.0000000000000005e+21,8.215200000000001e+23,6.876964232909025e-18,1.893218875641355e-13,1.8913839765483018e-13,9.3776784994214e-19,1.87553569988428e-18,6.251785666280932e-19,0.0,0.0,3.125892833140466e-19,1.2503571332561863e-18,1.5629464165702332e-18,3.125892833140466e-19,3.125892833140466e-19,1.2503571332561863e-18,1.2503571332561863e-18,5.939196382966885e-18,3.1258928331404664e-18,3.125892833140466e-19,0.0,1.5629464165702332e-18,4.063660683082606e-18,1.5629464165702332e-18,4.6888392497107e-18,6.564374949594979e-18,2.1881249831983263e-18,7.189553516223072e-18,4.8763928196991265e-17,2.4069374815181585e-17,3.6260356864429406e-17,9.3776784994214e-19,1.2503571332561863e-18,2.1881249831983263e-18,2.1881249831983263e-18,1.4066517749132096e-17,6.8769642329090255e-18,2151.2322637615853,-25.48164643805088,1533.4965303780311,2390.6623257224883,1329.56526596343,48.55916399600028,-150.53895207090594,628.414018298751,43680.11050656268,8.736022101312539e+23,1.574392590393241e-22,1.67420494520134e-22
8.4598e-06,181853.0,6.06177,3e+22,-687.668,-9311.93,39675.6,4.03998,4.04317,4.03096,-0.000613531181,0.00040944131,0.414595938,0.0337885436,0.0336300264,0.191683084,-9.57847692e-05,-0.000442439499,-5.65831825e-05,2558.92046,-270.173286,288.602969,-624.858135,2479.9708,1687.81975,255.522783,-3395.02332,18215.019,23800.0,181853.225389,6.06177418,-150.0,30000 3000,1e-06,2,0.0 0.0259,0.0 0.0,-1.0 0.0,0.00054857 28.0,30000,1000,0,0.0,0.0 0.0 0.0,1000 1000000 0,0,0.0,0,100,0,,50,,1,,,10,1.0,10.0,0.1,True,{},,,False,3,mixed,250,300,True,Ar_Aubin,,False,uniform,Argon_Aubin_Model3-test/50Td,3.0000000000000005e+21,7.93512e+23,4.688839249710699e-18,1.8864669471217717e-13,1.8845695301720555e-13,2.1881249831983263e-18,3.125892833140466e-19,9.3776784994214e-19,0.0,0.0,6.251785666280932e-19,1.87553569988428e-18,1.87553569988428e-18,0.0,3.125892833140466e-19,1.2503571332561863e-18,1.2503571332561863e-18,4.063660683082606e-18,9.3776784994214e-19,3.125892833140466e-19,9.3776784994214e-19,9.3776784994214e-19,5.314017816338792e-18,1.2503571332561863e-18,5.001428533024745e-18,7.189553516223072e-18,7.189553516223072e-18,6.564374949594979e-18,5.157723174681769e-17,2.907080334820633e-17,3.250928546466085e-17,0.0,6.251785666280932e-19,1.87553569988428e-18,2.5007142665123726e-18,1.656723201564447e-17,4.6888392497107e-18,2038.8462984895018,2558.498554239824,1343.419284001651,2483.783488817828,880.1867197923045,1765.6764022872012,248.18895590920667,853.5723292174675,45325.38668857291,9.065077337714584e+23,1.0344841141515983e-22,1.1817941630903375e-22
8.49534e-06,181573.0,6.05244,3e+22,5535.99,6087.05,36811.8,3.99903,4.0735,4.02425,-0.000532126426,0.000362402406,0.416240601,0.0339254882,0.033724131,0.193164744,-8.58098078e-05,-0.000410031014,-5.37419121e-05,1973.62718,220.926278,964.709679,-1063.70033,2069.30302,-511.02825,3113.93082,2232.61019,16842.7422,23900.0,181573.081892,6.052436063,-150.0,30000 3000,1e-06,2,0.0 0.0259,0.0 0.0,-1.0 0.0,0.00054857 28.0,30000,1000,0,0.0,0.0 0.0 0.0,1000 1000000 0,0,0.0,0,100,0,,50,,1,,,10,1.0,10.0,0.1,True,{},,,False,3,mixed,250,300,True,Ar_Aubin,,False,uniform,Argon_Aubin_Model3-test/50Td,3.0000000000000005e+21,7.362360000000002e+23,4.688839249710699e-18,1.8804308480609773e-13,1.878545934682594e-13,1.2503571332561863e-18,3.125892833140466e-19,0.0,0.0,0.0,6.251785666280932e-19,1.87553569988428e-18,1.5629464165702332e-18,3.125892833140466e-19,9.3776784994214e-19,9.3776784994214e-19,1.2503571332561863e-18,5.314017816338792e-18,2.5007142665123726e-18,9.3776784994214e-19,0.0,1.2503571332561863e-18,3.75107139976856e-18,1.87553569988428e-18,5.939196382966885e-18,8.127321366165212e-18,3.4384821164545128e-18,6.8769642329090255e-18,5.345276744670197e-17,3.15715176147187e-17,3.063374976477657e-17,0.0,1.2503571332561863e-18,3.1258928331404664e-18,0.0,1.469169631576019e-17,4.6888392497107e-18,1927.645517799995,1976.5730265730717,1324.2347347681807,2067.0970584345573,1620.6581619372278,1520.1764441081996,-13.122010519526569,1793.9252258386368,46269.36256168142,9.253872512336286e+23,1.0133788299892904e-22,1.2737326753135404e-22
8.53089e-06,182213.0,6.07375,3e+22,-1274.99,-2685.4,38926.1,4.0635,4.06677,4.00856,-0.000431715592,0.000458029943,0.417983008,0.0340865007,0.0338700187,0.194695086,-8.81577132e-05,-0.000360907602,-1.68142658e-05,2204.30982,-617.596246,816.482328,58.4323676,2157.14952,-9.3273338,-1238.96684,-945.64534,18243.8622,24000.0,182212.513998,6.073750467,-150.0,30000 3000,1e-06,2,0.0 0.0259,0.0 0.0,-1.0 0.0,0.00054857 28.0,30000,1000,0,0.0,0.0 0.0 0.0,1000 1000000 0,0,0.0,0,100,0,,50,,1,,,10,1.0,10.0,0.1,True,{},,,False,3,mixed,250,300,True,Ar_Aubin,,False,uniform,Argon_Aubin_Model3-test/50Td,3.0000000000000005e+21,7.785220000000002e+23,4.3762499663966525e-18,1.885538556950329e-13,1.8837724274996048e-13,9.3776784994214e-19,9.3776784994214e-19,0.0,0.0,0.0,6.251785666280932e-19,1.2503571332561863e-18,6.251785666280932e-19,0.0,9.3776784994214e-19,1.87553569988428e-18,3.125892833140466e-19,5.626607099652839e-18,3.4384821164545128e-18,6.251785666280932e-19,6.251785666280932e-19,9.3776784994214e-19,5.001428533024745e-18,2.5007142665123726e-18,5.314017816338792e-18,5.314017816338792e-18,4.3762499663966525e-18,6.8769642329090255e-18,4.813874963036317e-17,2.907080334820633e-17,3.000857119814848e-17,0.0,1.87553569988428e-18,1.5629464165702332e-18,9.3776784994214e-19,1.2503571332561866e-17,4.3762499663966525e-18,2266.2465492141196,2203.759386937356,2051.028319771157,2158.379513608932,1080.0967792332824,1973.4138322912004,227.330973302838,127.24464767567116,49019.197983424056,9.803839596684813e+23,8.9276245765516e-23,1.1242456774237987e-22
8.56643e-06,181821.0,6.06071,3e+22,1587.39,-7771.27,38437.1,4.01764,4.02838,4.06664,-0.000478009128,0.000430674654,0.419540078,0.0342046577,0.0340296059,0.196080369,-0.000113174783,-0.000381473165,-4.74563732e-05,1253.68726,-1421.38653,977.188212,794.620433,1077.86584,-328.989239,17.4252461,-3459.6517,16224.2477,24100.0,181821.232124,6.060707737,-150.0,30000 3000,1e-06,2,0.0 0.0259,0.0 0.0,-1.0 0.0,0.00054857 28.0,30000,1000,0,0.0,0.0 0.0 0.0,1000 1000000 0,0,0.0,0,100,0,,50,,1,,,10,1.0,10.0,0.1,True,{},,,False,3,mixed,250,300,True,Ar_Aubin,,False,uniform,Argon_Aubin_Model3-test/50Td,3.0000000000000005e+21,7.687420000000001e+23,5.626607099652838e-18,1.8842788221385734e-13,1.8824751819738515e-13,1.5629464165702332e-18,6.251785666280932e-19,3.125892833140466e-19,0.0,3.125892833140466e-19,9.3776784994214e-19,1.5629464165702332e-18,1.87553569988428e-18,3.125892833140466e-19,9.3776784994214e-19,2.5007142665123726e-18,3.125892833140466e-19,5.314017816338792e-18,2.1881249831983263e-18,9.3776784994214e-19,9.3776784994214e-19,6.251785666280932e-19,5.314017816338792e-18,3.125892833140466e-19,6.564374949594979e-18,8.127321366165212e-18,4.063660683082606e-18,2.5007142665123726e-18,4.407508894728057e-17,2.6257499798379917e-17,3.844848184762773e-17,0.0,9.3776784994214e-19,2.1881249831983263e-18,2.1881249831983263e-18,1.2503571332561866e-17,5.626607099652839e-18,1661.4651350938414,1254.446046909696,2245.178149227411,1081.2127290183905,1142.214301738298,98.34376790620081,-13.260728500136551,347.0130183374288,43805.10558328205,8.761021116656412e+23,1.2844637684882555e-22,1.4638479749129976e-22
8.60198e-06,182487.0,6.08289,3e+22,-3283.71,3789.49,41885.6,4.06774,4.06867,4.01925,-0.000390781558,0.000460626064,0.421180543,0.0343903796,0.0341397196,0.197546756,-0.000116991819,-0.000335653004,-6.41975736e-05,3346.8904,1693.34316,-275.852421,568.699642,556.929989,612.938661,-808.829986,1866.95546,19699.9115,24200.0,182486.704247,6.082890142,-150.0,30000 3000,1e-06,2,0.0 0.0259,0.0 0.0,-1.0 0.0,0.00054857 28.0,30000,1000,0,0.0,0.0 0.0 0.0,1000 1000000 0,0,0.0,0,100,0,,50,,1,,,10,1.0,10.0,0.1,True,{},,,False,3,mixed,250,300,True,Ar_Aubin,,False,uniform,Argon_Aubin_Model3-test/50Td,3.0000000000000005e+21,8.37712e+23,3.751071399768559e-18,1.886479450693104e-13,1.884847734634205e-13,6.251785666280932e-19,6.251785666280932e-19,6.251785666280932e-19,0.0,0.0,1.2503571332561863e-18,6.251785666280932e-19,2.5007142665123726e-18,0.0,9.3776784994214e-19,3.125892833140466e-19,2.5007142665123726e-18,2.8133035498264193e-18,3.1258928331404664e-18,3.125892833140466e-19,6.251785666280932e-19,1.2503571332561863e-18,2.8133035498264193e-18,1.2503571332561863e-18,5.314017816338792e-18,5.939196382966885e-18,3.1258928331404664e-18,5.001428533024745e-18,4.8763928196991265e-17,2.3444196248553495e-17,2.469455338180968e-17,0.0,1.5629464165702332e-18,1.87553569988428e-18,1.2503571332561863e-18,1.6254642732330425e-17,3.75107139976856e-18,2613.5263986390664,3345.6071866901802,1548.5407997484938,555.1844511367326,1226.8007459640196,2058.511748119199,277.5538592052435,314.7204738802948,46151.26007866096,9.230252015732194e+23,8.127776778738374e-23,8.955515498807608e-23
8.63753e-06,182311.0,6.07704,3e+22,-373.261,-1379.31,36045.7,4.06366,4.02915,4.05386,-0.000417622693,0.000430401865,0.422788517,0.0345151165,0.0342777977,0.199016867,-0.000124149264,-0.000346359259,-9.29846024e-05,1658.28617,-532.157773,-1577.66056,-1236.29172,1493.28997,-1574.06443,489.533482,-1306.56735,16230.699,24300.0,182311.113336,6.077037111,-150.0,30000 3000,1e-06,2,0.0 0.0259,0.0 0.0,-1.0 0.0,0.00054857 28.0,30000,1000,0,0.0,0.0 0.0 0.0,1000 1000000 0,0,0.0,0,100,0,,50,,1,,,10,1.0,10.0,0.1,True,{},,,False,3,mixed,250,300,True,Ar_Aubin,,False,uniform,Argon_Aubin_Model3-test/50Td,3.0000000000000005e+21,7.20914e+23,4.0636606830826054e-18,1.8924374024330699e-13,1.8906212586970155e-13,1.5629464165702332e-18,6.251785666280932e-19,6.251785666280932e-19,0.0,3.125892833140466e-19,6.251785666280932e-19,1.2503571332561863e-18,9.3776784994214e-19,3.125892833140466e-19,9.3776784994214e-19,1.2503571332561863e-18,1.2503571332561863e-18,4.6888392497107e-18,1.2503571332561863e-18,9.3776784994214e-19,3.125892833140466e-19,6.251785666280932e-19,1.87553569988428e-18,2.1881249831983263e-18,6.564374949594979e-18,6.8769642329090255e-18,4.063660683082606e-18,5.001428533024745e-18,4.8763928196991265e-17,3.063374976477657e-17,3.344705331460299e-17,0.0,3.4384821164545128e-18,9.3776784994214e-19,6.251785666280932e-19,1.5629464165702332e-17,4.063660683082606e-18,1754.308595660293,1658.1302877359883,1942.656864255871,1493.8836275964131,1589.948273413783,990.9909527731033,35.735573272215916,-915.2631110509928,45237.18962228464,9.047437924456931e+23,8.983008708128884e-23,1.1273635088464381e-22
8.67307e-06,182175.0,6.07249,3e+22,3450.28,-3694.47,44059.0,4.01406,4.06097,4.05876,-0.000427336215,0.00039003406,0.424427321,0.0346398198,0.0344286589,0.20050025,-0.000158454599,-0.000321236593,-0.000136880285,1069.60952,-1374.6937,-223.760864,-52.4140634,2029.06932,-1744.29532,1899.89921,-1821.45668,21135.5793,24400.0,182174.731246,6.072491042,-150.0,30000 3000,1e-06,2,0.0 0.0259,0.0 0.0,-1.0 0.0,0.00054857 28.0,30000,1000,0,0.0,0.0 0.0 0.0,1000 1000000 0,0,0.0,0,100,0,,50,,1,,,10,1.0,10.0,0.1,True,{},,,False,3,mixed,250,300,True,Ar_Aubin,,False,uniform,Argon_Aubin_Model3-test/50Td,3.0000000000000005e+21,8.811800000000002e+23,5.626607099652838e-18,1.8859042864118065e-13,1.8840725132115863e-13,1.87553569988428e-18,3.125892833140466e-19,3.125892833140466e-19,0.0,3.125892833140466e-19,6.251785666280932e-19,2.1881249831983263e-18,1.5629464165702332e-18,0.0,6.251785666280932e-19,9.3776784994214e-19,9.3776784994214e-19,4.063660683082606e-18,2.8133035498264193e-18,9.3776784994214e-19,1.5629464165702332e-18,1.2503571332561863e-18,2.8133035498264193e-18,1.87553569988428e-18,4.063660683082606e-18,5.939196382966885e-18,5.001428533024745e-18,5.001428533024745e-18,5.095205318018959e-17,2.7507856931636102e-17,3.15715176147187e-17,6.251785666280932e-19,9.3776784994214e-19,2.8133035498264193e-18,2.1881249831983263e-18,1.5942053449016377e-17,5.626607099652839e-18,1754.025731501939,1071.08394959589,2122.557619233867,2030.5102891336483,1335.788819681366,2435.735964061001,842.0147715235671,230.5732551968049,46104.531106698734,9.220906221339748e+23,1.2204021957475938e-22,1.2770619168961706e-22
8.70862e-06,182303.0,6.07676,3e+22,-810.201,5407.93,38922.1,4.02328,4.04709,4.07438,-0.000370066802,0.000352465041,0.426108582,0.0347655263,0.0345763816,0.202035141,-0.000158862241,-0.000326260981,-0.000146512755,2422.85325,-858.740586,-262.648414,-970.964758,1267.65883,73.4218975,-257.834736,2484.16063,17739.9626,24500.0,182302.935326,6.076764511,-150.0,30000 3000,1e-06,2,0.0 0.0259,0.0 0.0,-1.0 0.0,0.00054857 28.0,30000,1000,0,0.0,0.0 0.0 0.0,1000 1000000 0,0,0.0,0,100,0,,50,,1,,,10,1.0,10.0,0.1,True,{},,,False,3,mixed,250,300,True,Ar_Aubin,,False,uniform,Argon_Aubin_Model3-test/50Td,3.0000000000000005e+21,7.78442e+23,5.3140178163387916e-18,1.8886206872838054e-13,1.8867951658692516e-13,1.2503571332561863e-18,3.125892833140466e-19,6.251785666280932e-19,0.0,0.0,0.0,1.2503571332561863e-18,9.3776784994214e-19,3.125892833140466e-19,9.3776784994214e-19,3.125892833140466e-19,6.251785666280932e-19,6.251785666280933e-18,2.5007142665123726e-18,0.0,3.125892833140466e-19,1.87553569988428e-18,4.3762499663966525e-18,3.1258928331404664e-18,5.314017816338792e-18,3.4384821164545128e-18,3.75107139976856e-18,4.6888392497107e-18,4.595062464716485e-17,3.000857119814848e-17,3.907366041425582e-17,6.251785666280932e-19,2.8133035498264193e-18,1.87553569988428e-18,0.0,1.469169631576019e-17,5.314017816338792e-18,1768.8950863221448,2422.553421506953,2078.33636648949,1265.752723730825,1475.8331202677268,1154.9217605377999,-807.6688587900348,-160.84577368089379,47298.97539484686,9.459795078969373e+23,1.1234953340908406e-22,1.3652957616209794e-22
8.74416e-06,182503.0,6.08344,3e+22,5918.8,-8400.64,40203.5,4.03599,4.03741,4.0837,-0.000324379338,0.000383276046,0.427792933,0.0348855443,0.0347259019,0.203548137,-0.000183116891,-0.000318375299,-9.42670091e-05,2981.70071,2132.12714,-1378.07058,284.755674,1099.10245,531.173558,2746.2913,-3251.73249,19686.8792,24600.0,182503.264321,6.083442144,-150.0,30000 3000,1e-06,2,0.0 0.0259,0.0 0.0,-1.0 0.0,0.00054857 28.0,30000,1000,0,0.0,0.0 0.0 0.0,1000 1000000 0,0,0.0,0,100,0,,50,,1,,,10,1.0,10.0,0.1,True,{},,,False,3,mixed,250,300,True,Ar_Aubin,,False,uniform,Argon_Aubin_Model3-test/50Td,3.0000000000000005e+21,8.040700000000001e+23,8.752499932793305e-18,1.8957070863365349e-13,1.8939128238503124e-13,3.125892833140466e-19,3.125892833140466e-19,9.3776784994214e-19,0.0,0.0,1.2503571332561863e-18,9.3776784994214e-19,1.5629464165702332e-18,0.0,1.2503571332561863e-18,6.251785666280932e-19,1.87553569988428e-18,4.063660683082606e-18,9.3776784994214e-19,9.3776784994214e-19,6.251785666280932e-19,3.125892833140466e-19,3.75107139976856e-18,1.87553569988428e-18,6.564374949594979e-18,5.939196382966885e-18,4.063660683082606e-18,5.001428533024745e-18,5.001428533024746e-17,2.875821406489229e-17,2.875821406489229e-17,3.125892833140466e-19,1.2503571332561863e-18,9.3776784994214e-19,6.251785666280932e-19,1.6879821298958518e-17,8.752499932793305e-18,1688.681622418404,2983.6206464257543,2102.9110810076054,1102.3222140830696,1051.1364242385193,2488.1060181344983,-310.46970459964984,-1150.758907125117,47385.90647453602,9.477181294907206e+23,1.847068165193099e-22,2.1770492451635565e-22
8.77971e-06,182379.0,6.0793,3e+22,-1086.84,1095.78,46347.4,4.04297,4.05891,4.0445,-0.000288641375,0.000409186132,0.429435719,0.0350430153,0.0348448698,0.205070906,-0.000201885085,-0.000335074568,-8.61165831e-05,2226.74753,-596.636273,-1082.69663,-875.778106,2121.0648,-872.356755,-1983.12556,1137.8269,22446.9124,24700.0,182379.126601,6.07930422,-150.0,30000 3000,1e-06,2,0.0 0.0259,0.0 0.0,-1.0 0.0,0.00054857 28.0,30000,1000,0,0.0,0.0 0.0 0.0,1000 1000000 0,0,0.0,0,100,0,,50,,1,,,10,1.0,10.0,0.1,True,{},,,False,3,mixed,250,300,True,Ar_Aubin,,False,uniform,Argon_Aubin_Model3-test/50Td,3.0000000000000005e+21,9.269480000000002e+23,5.0014285330247444e-18,1.8893615238852597e-13,1.887514121220874e-13,1.2503571332561863e-18,9.3776784994214e-19,3.125892833140466e-19,0.0,0.0,3.125892833140466e-19,1.2503571332561863e-18,1.5629464165702332e-18,0.0,3.125892833140466e-19,9.3776784994214e-19,1.5629464165702332e-18,6.251785666280933e-18,1.87553569988428e-18,6.251785666280932e-19,3.125892833140466e-19,1.5629464165702332e-18,3.4384821164545128e-18,1.2503571332561863e-18,8.439910649479259e-18,5.626607099652839e-18,5.001428533024745e-18,4.3762499663966525e-18,5.126464246350364e-17,3.4697410447859176e-17,3.15715176147187e-17,3.125892833140466e-19,6.251785666280932e-19,2.1881249831983263e-18,0.0,1.187839276593377e-17,5.001428533024745e-18,2215.376787313693,2226.433823007995,1673.175252449144,2120.6164220202772,1610.9788002880437,2543.683357219401,-886.5715676668348,-2585.716495898365,46216.55685405164,9.243311370810329e+23,1.0821724666376326e-22,1.0791173901933537e-22
8.81525e-06,181908.0,6.06359,3e+22,2387.52,1522.04,40958.6,4.04514,4.05799,4.01446,-0.000256662532,0.000472444317,0.431086091,0.0351806651,0.0349548019,0.206586437,-0.00022485391,-0.000345399853,-6.90610889e-05,1845.96383,-1440.61795,356.952092,81.3474028,3571.27454,-1591.93493,1058.10574,339.312211,18008.1924,24800.0,181907.555304,6.063585177,-150.0,30000 3000,1e-06,2,0.0 0.0259,0.0 0.0,-1.0 0.0,0.00054857 28.0,30000,1000,0,0.0,0.0 0.0 0.0,1000 1000000 0,0,0.0,0,100,0,,50,,1,,,10,1.0,10.0,0.1,True,{},,,False,3,mixed,250,300,True,Ar_Aubin,,False,uniform,Argon_Aubin_Model3-test/50Td,3.0000000000000005e+21,8.191720000000001e+23,7.189553516223072e-18,1.8845445230293902e-13,1.8826064694728434e-13,1.87553569988428e-18,3.125892833140466e-19,6.251785666280932e-19,0.0,0.0,0.0,2.1881249831983263e-18,1.5629464165702332e-18,9.3776784994214e-19,1.2503571332561863e-18,6.251785666280932e-19,9.3776784994214e-19,5.626607099652839e-18,2.5007142665123726e-18,9.3776784994214e-19,3.125892833140466e-19,1.87553569988428e-18,4.063660683082606e-18,2.1881249831983263e-18,7.189553516223072e-18,4.063660683082606e-18,3.75107139976856e-18,6.251785666280933e-18,5.439053529664411e-17,3.15715176147187e-17,3.5322589014487265e-17,3.125892833140466e-19,2.1881249831983263e-18,3.125892833140466e-19,9.3776784994214e-19,1.2503571332561866e-17,7.189553516223072e-18,1936.4986494458622,1846.5766169284007,1545.5773413431207,3570.555460851753,1341.2410521009551,351.50963316739944,-664.9117404848784,396.34370599885506,46429.97406134158,9.285994812268317e+23,1.548472438671729e-22,1.7553220852819853e-22
8.8508e-06,181968.0,6.06559,3e+22,6987.09,-3109.81,43684.2,4.05682,4.02513,4.03805,-0.000131884453,0.000395207161,0.432765896,0.035298377,0.035065649,0.208128082,-0.000223756195,-0.000281397515,-0.000100892132,1127.21144,-300.540487,-483.205033,-866.429585,317.3585,229.508189,1654.47709,-2769.44898,20482.4149,24900.0,181967.677296,6.065589243,-150.0,30000 3000,1e-06,2,0.0 0.0259,0.0 0.0,-1.0 0.0,0.00054857 28.0,30000,1000,0,0.0,0.0 0.0 0.0,1000 1000000 0,0,0.0,0,100,0,,50,,1,,,10,1.0,10.0,0.1,True,{},,,False,3,mixed,250,300,True,Ar_Aubin,,False,uniform,Argon_Aubin_Model3-test/50Td,3.0000000000000005e+21,8.736840000000002e+23,7.814732082851165e-18,1.8811873141265975e-13,1.8793586668192106e-13,1.87553569988428e-18,6.251785666280932e-19,3.125892833140466e-19,0.0,0.0,9.3776784994214e-19,1.5629464165702332e-18,3.125892833140466e-19,0.0,9.3776784994214e-19,3.125892833140466e-19,1.5629464165702332e-18,5.626607099652839e-18,3.4384821164545128e-18,1.5629464165702332e-18,3.125892833140466e-19,1.2503571332561863e-18,4.063660683082606e-18,1.5629464165702332e-18,4.6888392497107e-18,5.626607099652839e-18,3.4384821164545128e-18,5.939196382966885e-18,5.095205318018959e-17,2.469455338180968e-17,3.4384821164545125e-17,0.0,3.125892833140466e-19,2.5007142665123726e-18,3.125892833140466e-19,1.5942053449016377e-17,7.814732082851166e-18,1656.4785056067094,1128.1329285427119,1560.1753663281345,318.5875191813494,1273.6122392413608,1577.3829459568005,293.53401129182464,-1846.7409404608975,47258.013695161084,9.451602739032219e+23,1.6536310927624414e-22,1.7889150042466532e-22
8.88634e-06,181273.0,6.04244,3e+22,280.495,7084.19,43478.1,4.03984,4.03677,3.99724,-9.48828057e-05,0.000412389364,0.434421432,0.0354634362,0.0351779661,0.20964236,-0.000245868518,-0.00028011236,-9.39173543e-05,1232.23236,1036.44325,1743.30688,2077.68695,956.272227,718.972558,-172.001342,3500.06191,19602.6532,25000.0,181273.178385,6.04243928,-150.0,30000 3000,1e-06,2,0.0 0.0259,0.0 0.0,-1.0 0.0,0.00054857 28.0,30000,1000,0,0.0,0.0 0.0 0.0,1000 1000000 0,0,0.0,0,100,0,,50,,1,,,10,1.0,10.0,0.1,True,{},,,False,3,mixed,250,300,True,Ar_Aubin,,False,uniform,Argon_Aubin_Model3-test/50Td,3.0000000000000005e+21,8.695620000000002e+23,4.3762499663966525e-18,1.871681474021017e-13,1.8696777767149744e-13,3.125892833140466e-19,3.125892833140466e-19,6.251785666280932e-19,0.0,1.2503571332561863e-18,3.125892833140466e-19,1.87553569988428e-18,1.5629464165702332e-18,3.125892833140466e-19,1.5629464165702332e-18,0.0,9.3776784994214e-19,3.75107139976856e-18,2.8133035498264193e-18,6.251785666280932e-19,1.5629464165702332e-18,2.1881249831983263e-18,3.4384821164545128e-18,6.251785666280932e-19,6.251785666280933e-18,6.251785666280933e-18,7.50214279953712e-18,6.564374949594979e-18,5.939196382966886e-17,3.000857119814848e-17,3.500999973117322e-17,3.125892833140466e-19,1.2503571332561863e-18,1.2503571332561863e-18,1.5629464165702332e-18,1.656723201564447e-17,4.3762499663966525e-18,2321.9261952618995,1232.2589741525849,1579.715289637624,953.3507823914449,1105.88373955823,714.8347373608012,-409.9212316261198,1453.5778225456654,46575.25305665467,9.315050611330935e+23,9.396084141664957e-23,1.0065412164737311e-22
8.92189e-06,181142.0,6.03807,3e+22,-1291.49,1860.12,42121.1,4.01214,4.01418,4.03971,-6.78074774e-07,0.000377647364,0.436110436,0.0356065693,0.0352811917,0.211205712,-0.000202094664,-0.000243473199,-0.000107772935,2646.90806,-1060.8369,-1440.71636,1099.16009,2152.0895,314.062046,-604.652524,2479.01921,18802.7185,25100.0,181142.154569,6.038071819,-150.0,30000 3000,1e-06,2,0.0 0.0259,0.0 0.0,-1.0 0.0,0.00054857 28.0,30000,1000,0,0.0,0.0 0.0 0.0,1000 1000000 0,0,0.0,0,100,0,,50,,1,,,10,1.0,10.0,0.1,True,{},,,False,3,mixed,250,300,True,Ar_Aubin,,False,uniform,Argon_Aubin_Model3-test/50Td,3.0000000000000005e+21,8.424220000000001e+23,4.688839249710699e-18,1.8714470320585316e-13,1.8695652445729814e-13,1.2503571332561863e-18,3.125892833140466e-19,6.251785666280932e-19,0.0,6.251785666280932e-19,3.125892833140466e-19,9.3776784994214e-19,1.2503571332561863e-18,3.125892833140466e-19,1.5629464165702332e-18,1.5629464165702332e-18,1.2503571332561863e-18,5.001428533024745e-18,2.5007142665123726e-18,9.3776784994214e-19,9.3776784994214e-19,6.251785666280932e-19,4.6888392497107e-18,2.1881249831983263e-18,8.752499932793305e-18,3.75107139976856e-18,3.75107139976856e-18,4.3762499663966525e-18,4.938910676361936e-17,2.4381964098495633e-17,3.7198124714371546e-17,0.0,2.5007142665123726e-18,1.87553569988428e-18,6.251785666280932e-19,2.000571413209898e-17,4.6888392497107e-18,2013.5109224687137,2646.9071842732105,1452.4108246918308,2151.3870305852765,1308.4701933377671,433.2672142004012,-120.52889653913182,-1482.1080557549967,47516.809488710045,9.50336189774201e+23,9.867748487668902e-23,1.1131806267430573e-22
8.95743e-06,181886.0,6.06287,3e+22,-1616.54,-7350.7,46106.4,4.02911,4.04531,4.03892,-2.29646871e-05,0.000481674693,0.437896103,0.0357512732,0.0354304106,0.212857079,-0.000212775522,-0.000250283231,-3.90171027e-05,611.392464,-1987.54439,425.160168,-476.384265,1619.76878,426.563079,-1479.89223,-3321.30771,21753.5072,25200.0,181886.111022,6.062870367,-150.0,30000 3000,1e-06,2,0.0 0.0259,0.0 0.0,-1.0 0.0,0.00054857 28.0,30000,1000,0,0.0,0.0 0.0 0.0,1000 1000000 0,0,0.0,0,100,0,,50,,1,,,10,1.0,10.0,0.1,True,{},,,False,3,mixed,250,300,True,Ar_Aubin,,False,uniform,Argon_Aubin_Model3-test/50Td,3.0000000000000005e+21,9.221280000000003e+23,4.3762499663966525e-18,1.8730443632962663e-13,1.87126573027421e-13,6.251785666280932e-19,9.3776784994214e-19,3.125892833140466e-19,0.0,3.125892833140466e-19,6.251785666280932e-19,9.3776784994214e-19,1.2503571332561863e-18,3.125892833140466e-19,3.1258928331404664e-18,3.125892833140466e-19,1.5629464165702332e-18,5.939196382966885e-18,3.4384821164545128e-18,1.2503571332561863e-18,3.125892833140466e-19,3.125892833140466e-19,4.6888392497107e-18,1.5629464165702332e-18,5.626607099652839e-18,5.626607099652839e-18,3.75107139976856e-18,5.314017816338792e-18,4.938910676361936e-17,2.5319731948437773e-17,3.0946339048090613e-17,0.0,3.125892833140466e-19,2.1881249831983263e-18,9.3776784994214e-19,1.6254642732330425e-17,4.3762499663966525e-18,2035.4725658303967,611.3553406647154,2097.7328574394805,1623.3094261658352,1275.585104169723,1563.6943166408018,83.00369393436675,-345.79667660707264,50236.233099078665,1.0047246619815735e+24,8.711341787441688e-23,9.491632325223076e-23
8.99298e-06,181646.0,6.05486,3e+22,-6550.77,-2547.95,48713.2,4.02134,4.07272,4.00187,-1.53316986e-05,0.000484931438,0.439551798,0.0358661605,0.0355879529,0.214400115,-0.000196416044,-0.000226868374,-4.25841223e-05,1658.71361,629.880718,-499.51348,321.699166,1805.14727,-636.153023,-2709.81271,-1919.98541,22518.3991,25300.0,181645.721986,6.0548574,-150.0,30000 3000,1e-06,2,0.0 0.0259,0.0 0.0,-1.0 0.0,0.00054857 28.0,30000,1000,0,0.0,0.0 0.0 0.0,1000 1000000 0,0,0.0,0,100,0,,50,,1,,,10,1.0,10.0,0.1,True,{},,,False,3,mixed,250,300,True,Ar_Aubin,,False,uniform,Argon_Aubin_Model3-test/50Td,3.0000000000000005e+21,9.742640000000001e+23,5.3140178163387916e-18,1.8773299623705022e-13,1.8754513007777848e-13,2.8133035498264193e-18,6.251785666280932e-19,1.2503571332561863e-18,0.0,0.0,1.2503571332561863e-18,3.125892833140466e-19,9.3776784994214e-19,0.0,6.251785666280932e-19,1.2503571332561863e-18,1.2503571332561863e-18,6.251785666280933e-18,2.1881249831983263e-18,1.2503571332561863e-18,3.125892833140466e-19,1.5629464165702332e-18,3.4384821164545128e-18,1.87553569988428e-18,4.3762499663966525e-18,6.251785666280933e-18,5.001428533024745e-18,4.3762499663966525e-18,5.001428533024746e-17,2.938339263152038e-17,3.4384821164545125e-17,0.0,2.5007142665123726e-18,1.87553569988428e-18,6.251785666280932e-19,1.656723201564447e-17,5.314017816338792e-18,1616.0683564661538,1658.613175568762,2216.0272779362767,1806.382851057452,1269.5017857974308,1106.424453666401,565.4117184873353,-329.17660211529846,46579.72620929888,9.315945241859778e+23,1.1408435061342061e-22,1.0908784100282454e-22
9.02852e-06,181675.0,6.05584,3e+22,5481.99,-954.856,41836.2,4.01518,4.07049,4.01588,-0.000103915821,0.000540258251,0.441173249,0.0360004891,0.0357265212,0.215924659,-0.000235053949,-0.000239166737,-1.97471264e-05,1020.53779,1160.40469,1760.74267,-180.636683,2160.19171,45.2985741,2727.11595,-1928.23595,19157.5873,25400.0,181675.203418,6.055840114,-150.0,30000 3000,1e-06,2,0.0 0.0259,0.0 0.0,-1.0 0.0,0.00054857 28.0,30000,1000,0,0.0,0.0 0.0 0.0,1000 1000000 0,0,0.0,0,100,0,,50,,1,,,10,1.0,10.0,0.1,True,{},,,False,3,mixed,250,300,True,Ar_Aubin,,False,uniform,Argon_Aubin_Model3-test/50Td,3.0000000000000005e+21,8.36724e+23,4.3762499663966525e-18,1.8763234248782308e-13,1.8745479177490074e-13,1.5629464165702332e-18,9.3776784994214e-19,6.251785666280932e-19,0.0,0.0,1.2503571332561863e-18,1.2503571332561863e-18,1.2503571332561863e-18,0.0,1.2503571332561863e-18,9.3776784994214e-19,6.251785666280932e-19,6.251785666280933e-18,1.2503571332561863e-18,1.2503571332561863e-18,3.125892833140466e-19,2.1881249831983263e-18,2.5007142665123726e-18,1.2503571332561863e-18,4.6888392497107e-18,6.8769642329090255e-18,4.6888392497107e-18,2.8133035498264193e-18,4.8763928196991265e-17,2.500714266512373e-17,3.594776758111536e-17,0.0,1.2503571332561863e-18,3.1258928331404664e-18,1.87553569988428e-18,1.3441339182504003e-17,4.3762499663966525e-18,1889.3870453438258,1021.1074554915638,1948.3755918036165,2160.707578832517,1357.2992822814429,700.5750201861993,754.1747085993777,2073.6987237850103,45616.338541695855,9.123267708339173e+23,9.593601999416324e-23,1.0460438487235105e-22
9.06407e-06,181650.0,6.05501,3e+22,-2116.93,3060.48,45579.9,4.05866,4.0442,3.99528,-1.6147901e-05,0.00059539905,0.442796574,0.0361267515,0.0358544194,0.21740161,-0.00024421592,-0.000195429187,2.07321373e-05,1871.40674,-1092.66923,73.7228165,247.386046,1105.93507,715.26698,-1332.67552,2168.86404,21761.1219,25500.0,181650.399057,6.055013302,-150.0,30000 3000,1e-06,2,0.0 0.0259,0.0 0.0,-1.0 0.0,0.00054857 28.0,30000,1000,0,0.0,0.0 0.0 0.0,1000 1000000 0,0,0.0,0,100,0,,50,,1,,,10,1.0,10.0,0.1,True,{},,,False,3,mixed,250,300,True,Ar_Aubin,,False,uniform,Argon_Aubin_Model3-test/50Td,3.0000000000000005e+21,9.115980000000002e+23,4.3762499663966525e-18,1.8825189444735151e-13,1.8807184302016266e-13,1.87553569988428e-18,6.251785666280932e-19,1.2503571332561863e-18,0.0,0.0,6.251785666280932e-19,9.3776784994214e-19,0.0,0.0,6.251785666280932e-19,1.2503571332561863e-18,9.3776784994214e-19,4.6888392497107e-18,2.1881249831983263e-18,9.3776784994214e-19,9.3776784994214e-19,1.5629464165702332e-18,2.1881249831983263e-18,1.2503571332561863e-18,9.065089216107351e-18,5.314017816338792e-18,3.75107139976856e-18,7.189553516223072e-18,5.126464246350364e-17,2.7507856931636102e-17,3.21966961813468e-17,0.0,1.5629464165702332e-18,1.87553569988428e-18,9.3776784994214e-19,1.3128749899189958e-17,4.3762499663966525e-18,1776.2205199989835,1871.3725560239359,1798.2014402570708,1104.112863115456,590.5220799105119,1578.498336737397,141.87222163820823,-320.8473323893903,45669.059850219965,9.133811970043994e+23,9.582526946579074e-23,9.60127153942122e-23
9.09961e-06,181576.0,6.05254,3e+22,1314.02,-4205.14,33638.5,4.06643,3.99958,4.03252,-6.92884276e-07,0.000708601254,0.44435325,0.0362933317,0.0359653704,0.218831773,-0.000218573284,-0.000203652942,8.80104885e-05,1477.5184,644.532163,1270.08388,310.426025,1959.3979,741.380058,1090.30423,-2234.06091,15561.9843,25600.0,181576.09522,6.052536507,-150.0,30000 3000,1e-06,2,0.0 0.0259,0.0 0.0,-1.0 0.0,0.00054857 28.0,30000,1000,0,0.0,0.0 0.0 0.0,1000 1000000 0,0,0.0,0,100,0,,50,,1,,,10,1.0,10.0,0.1,True,{},,,False,3,mixed,250,300,True,Ar_Aubin,,False,uniform,Argon_Aubin_Model3-test/50Td,3.0000000000000005e+21,6.727700000000002e+23,3.751071399768559e-18,1.881315475732756e-13,1.8795899828888627e-13,3.125892833140466e-19,0.0,3.125892833140466e-19,0.0,6.251785666280932e-19,9.3776784994214e-19,1.5629464165702332e-18,1.2503571332561863e-18,3.125892833140466e-19,0.0,1.87553569988428e-18,0.0,4.3762499663966525e-18,2.5007142665123726e-18,6.251785666280932e-19,1.2503571332561863e-18,6.251785666280932e-19,2.8133035498264193e-18,9.3776784994214e-19,5.626607099652839e-18,6.8769642329090255e-18,5.939196382966885e-18,5.626607099652839e-18,4.2199553247396294e-17,2.469455338180968e-17,3.4384821164545125e-17,6.251785666280932e-19,9.3776784994214e-19,3.1258928331404664e-18,1.2503571332561863e-18,1.7192410582272562e-17,3.75107139976856e-18,2343.207001111585,1477.5193104637963,1558.6177718013769,1962.3776674772455,691.4841382431918,614.6074998750009,-423.85526285192145,1776.5223600227182,43794.02116729532,8.758804233459067e+23,8.565259137632695e-23,1.1151125644034541e-22
9.13516e-06,181617.0,6.05391,3e+22,-862.773,3557.79,46007.2,4.02305,4.03422,4.03845,-1.37644218e-05,0.00068593183,0.445974984,0.0363995443,0.0360963173,0.22035384,-0.000218780282,-0.000212284854,9.85158009e-05,2378.90667,-268.90237,-507.370502,-613.405416,845.694459,-1041.79824,-2.99025599,1768.68803,21304.9107,25700.0,181617.367468,6.053912249,-150.0,30000 3000,1e-06,2,0.0 0.0259,0.0 0.0,-1.0 0.0,0.00054857 28.0,30000,1000,0,0.0,0.0 0.0 0.0,1000 1000000 0,0,0.0,0,100,0,,50,,1,,,10,1.0,10.0,0.1,True,{},,,False,3,mixed,250,300,True,Ar_Aubin,,False,uniform,Argon_Aubin_Model3-test/50Td,3.0000000000000005e+21,9.20144e+23,6.876964232909025e-18,1.8789429230724025e-13,1.8771799195145114e-13,2.5007142665123726e-18,3.125892833140466e-19,0.0,0.0,0.0,6.251785666280932e-19,1.2503571332561863e-18,1.2503571332561863e-18,6.251785666280932e-19,9.3776784994214e-19,3.125892833140466e-19,9.3776784994214e-19,5.001428533024745e-18,3.4384821164545128e-18,3.125892833140466e-19,0.0,0.0,2.5007142665123726e-18,1.5629464165702332e-18,5.939196382966885e-18,6.251785666280933e-18,4.063660683082606e-18,4.6888392497107e-18,4.845133891367722e-17,3.1258928331404664e-17,2.6257499798379917e-17,0.0,6.251785666280932e-19,2.8133035498264193e-18,6.251785666280932e-19,1.6879821298958518e-17,6.8769642329090255e-18,1494.0387648019332,2378.89479442851,1842.411581551527,843.2540575945444,1099.8811627128516,786.8504161152014,-78.80652877419465,-124.95232061273094,45624.300190743146,9.124860038148631e+23,1.5073029513128429e-22,1.4947582623826325e-22
9.17071e-06,181924.0,6.06414,3e+22,12226.9,5663.3,36818.4,4.02479,4.04351,4.05123,5.67370241e-05,0.000693022054,0.44770066,0.0365810619,0.0362340367,0.221973823,-0.000213016188,-0.000189406335,0.000120598779,1179.06891,638.398368,-1478.18612,715.074386,102.284661,1051.98338,4084.67643,3755.92741,17236.8176,25800.0,181924.133284,6.064137776,-150.0,30000 3000,1e-06,2,0.0 0.0259,0.0 0.0,-1.0 0.0,0.00054857 28.0,30000,1000,0,0.0,0.0 0.0 0.0,1000 1000000 0,0,0.0,0,100,0,,50,,1,,,10,1.0,10.0,0.1,True,{},,,False,3,mixed,250,300,True,Ar_Aubin,,False,uniform,Argon_Aubin_Model3-test/50Td,3.0000000000000005e+21,7.363680000000002e+23,5.626607099652838e-18,1.8821625926905372e-13,1.880330819490317e-13,6.251785666280932e-19,0.0,1.2503571332561863e-18,0.0,0.0,6.251785666280932e-19,6.251785666280932e-19,3.125892833140466e-19,0.0,1.2503571332561863e-18,1.5629464165702332e-18,6.251785666280932e-19,6.8769642329090255e-18,3.1258928331404664e-18,1.5629464165702332e-18,1.5629464165702332e-18,9.3776784994214e-19,4.3762499663966525e-18,9.3776784994214e-19,6.8769642329090255e-18,6.251785666280933e-18,3.75107139976856e-18,4.6888392497107e-18,5.595348171321434e-17,2.7195267648322054e-17,3.15715176147187e-17,0.0,1.5629464165702332e-18,2.5007142665123726e-18,9.3776784994214e-19,1.000285706604949e-17,5.626607099652839e-18,2553.2779258273245,1178.3751920800316,1937.0948548626839,98.3598692015818,1094.2117596749854,753.1956198560001,-243.66787061139124,-2869.5898562021225,48548.504166501254,9.709700833300252e+23,1.1589661095130566e-22,1.528205217948862e-22
9.20625e-06,181891.0,6.06303,3e+22,1642.44,1078.84,33451.4,4.10087,4.01233,4.00647,9.2417095e-05,0.000649144506,0.449260703,0.0367230438,0.0363462801,0.223467056,-0.000203043352,-0.000180779168,9.66664304e-05,2088.46493,-1088.30358,858.383856,-1467.08425,250.642703,1599.91834,1058.56389,-603.381118,16709.5514,25900.0,181890.789168,6.063026306,-150.0,30000 3000,1e-06,2,0.0 0.0259,0.0 0.0,-1.0 0.0,0.00054857 28.0,30000,1000,0,0.0,0.0 0.0 0.0,1000 1000000 0,0,0.0,0,100,0,,50,,1,,,10,1.0,10.0,0.1,True,{},,,False,3,mixed,250,300,True,Ar_Aubin,,False,uniform,Argon_Aubin_Model3-test/50Td,3.0000000000000005e+21,6.690280000000001e+23,5.3140178163387916e-18,1.8805246248459714e-13,1.8787991320020784e-13,2.5007142665123726e-18,3.125892833140466e-19,3.125892833140466e-19,3.125892833140466e-19,0.0,2.1881249831983263e-18,1.2503571332561863e-18,1.87553569988428e-18,0.0,1.87553569988428e-18,0.0,9.3776784994214e-19,3.75107139976856e-18,1.2503571332561863e-18,3.125892833140466e-19,9.3776784994214e-19,6.251785666280932e-19,3.4384821164545128e-18,1.2503571332561863e-18,6.251785666280933e-18,5.001428533024745e-18,4.6888392497107e-18,7.189553516223072e-18,4.688839249710699e-17,2.563232123175182e-17,3.250928546466085e-17,0.0,1.87553569988428e-18,2.5007142665123726e-18,1.5629464165702332e-18,1.000285706604949e-17,5.314017816338792e-18,1997.1160567956895,2088.313140466488,1579.7021693055528,249.94237994114698,1321.3341864401093,1681.151919665801,-210.74453889706942,1175.972515752997,43888.74509781887,8.777749019563777e+23,1.2107928364082755e-22,1.5885785995022007e-22
9.2418e-06,182157.0,6.07188,3e+22,-1539.49,9063.37,34032.7,4.00171,4.02371,4.11128,0.000163311786,0.000660946768,0.450896124,0.0368819124,0.036508864,0.225038414,-0.000217699932,-0.000156309786,0.000123667976,2092.92174,-1285.70094,-1184.95711,-526.802985,4203.78526,1140.4867,50.4609497,3972.88078,16409.8792,26000.0,182156.535998,6.071884533,-150.0,30000 3000,1e-06,2,0.0 0.0259,0.0 0.0,-1.0 0.0,0.00054857 28.0,30000,1000,0,0.0,0.0 0.0 0.0,1000 1000000 0,0,0.0,0,100,0,,50,,1,,,10,1.0,10.0,0.1,True,{},,,False,3,mixed,250,300,True,Ar_Aubin,,False,uniform,Argon_Aubin_Model3-test/50Td,3.0000000000000005e+21,6.806540000000001e+23,4.3762499663966525e-18,1.8869764676535734e-13,1.885247848916847e-13,1.2503571332561863e-18,1.2503571332561863e-18,1.2503571332561863e-18,0.0,0.0,6.251785666280932e-19,9.3776784994214e-19,9.3776784994214e-19,0.0,1.87553569988428e-18,6.251785666280932e-19,1.5629464165702332e-18,6.8769642329090255e-18,2.8133035498264193e-18,1.2503571332561863e-18,3.125892833140466e-19,2.1881249831983263e-18,1.2503571332561863e-18,1.2503571332561863e-18,5.314017816338792e-18,5.939196382966885e-18,5.001428533024745e-18,4.6888392497107e-18,4.970169604693341e-17,2.375678553186754e-17,2.907080334820633e-17,0.0,1.5629464165702332e-18,1.5629464165702332e-18,1.2503571332561863e-18,1.4379107032446144e-17,4.3762499663966525e-18,2234.4729582450623,2093.1731568614296,2286.7718180065285,4197.794854891312,1395.7167710986369,1064.6666807452002,-215.1586489953596,-445.9040273826424,46009.357047607446,9.201871409521491e+23,9.511652079528949e-23,1.2858956140408058e-22
9.27734e-06,182008.0,6.06692,3e+22,513.328,2771.59,39315.8,4.0717,4.04032,4.013,1.54944568e-05,0.000863696518,0.45245639,0.0370439745,0.0366585991,0.226560333,-0.000214752369,-0.000208354616,0.000216595615,2578.1997,-249.599316,514.536897,36.0901303,2528.29413,-1850.36081,171.359487,624.638081,19672.0819,26100.0,182007.735884,6.066924529,-150.0,30000 3000,1e-06,2,0.0 0.0259,0.0 0.0,-1.0 0.0,0.00054857 28.0,30000,1000,0,0.0,0.0 0.0 0.0,1000 1000000 0,0,0.0,0,100,0,,50,,1,,,10,1.0,10.0,0.1,True,{},,,False,3,mixed,250,300,True,Ar_Aubin,,False,uniform,Argon_Aubin_Model3-test/50Td,3.0000000000000005e+21,7.863160000000003e+23,5.626607099652838e-18,1.8810122641279415e-13,1.8792586382485498e-13,1.5629464165702332e-18,9.3776784994214e-19,3.125892833140466e-19,0.0,3.125892833140466e-19,3.125892833140466e-19,9.3776784994214e-19,6.251785666280932e-19,0.0,0.0,1.87553569988428e-18,6.251785666280932e-19,6.8769642329090255e-18,4.063660683082606e-18,9.3776784994214e-19,6.251785666280932e-19,9.3776784994214e-19,3.4384821164545128e-18,1.87553569988428e-18,5.001428533024745e-18,5.314017816338792e-18,4.063660683082606e-18,4.063660683082606e-18,4.688839249710699e-17,2.6882678365008006e-17,3.4384821164545125e-17,0.0,1.87553569988428e-18,1.5629464165702332e-18,9.3776784994214e-19,1.2503571332561866e-17,5.626607099652839e-18,2280.021193477198,2578.1917462614797,2101.9031851509017,2525.9003173676765,1581.7628496415907,1883.3969620380012,410.21497358810126,453.0286732694225,43895.01876473403,8.779003752946807e+23,1.2818327131399579e-22,1.4311312753785597e-22
9.31289e-06,181533.0,6.05111,3e+22,-3546.56,-2538.14,42131.3,4.04259,4.06509,3.98434,-1.65924857e-05,0.000899051711,0.454100686,0.0371951398,0.0367488327,0.228112103,-0.000206293074,-0.000243096676,0.000198091454,2276.22167,293.025108,-642.423251,422.916439,-425.220696,-1259.74706,-1478.24502,-891.784366,19540.1428,26200.0,181533.284877,6.051109496,-150.0,30000 3000,1e-06,2,0.0 0.0259,0.0 0.0,-1.0 0.0,0.00054857 28.0,30000,1000,0,0.0,0.0 0.0 0.0,1000 1000000 0,0,0.0,0,100,0,,50,,1,,,10,1.0,10.0,0.1,True,{},,,False,3,mixed,250,300,True,Ar_Aubin,,False,uniform,Argon_Aubin_Model3-test/50Td,3.0000000000000005e+21,8.426260000000002e+23,5.939196382966884e-18,1.8778738677234686e-13,1.875948317738254e-13,2.1881249831983263e-18,9.3776784994214e-19,3.125892833140466e-19,0.0,6.251785666280932e-19,0.0,6.251785666280932e-19,1.2503571332561863e-18,3.125892833140466e-19,3.125892833140466e-19,1.87553569988428e-18,9.3776784994214e-19,4.063660683082606e-18,3.4384821164545128e-18,3.125892833140466e-19,9.3776784994214e-19,1.5629464165702332e-18,4.6888392497107e-18,6.251785666280932e-19,8.439910649479259e-18,8.127321366165212e-18,5.001428533024745e-18,7.50214279953712e-18,4.938910676361936e-17,2.4381964098495633e-17,3.907366041425582e-17,3.125892833140466e-19,9.3776784994214e-19,6.251785666280932e-19,6.251785666280932e-19,1.7192410582272562e-17,5.939196382966885e-18,2126.3688799058714,2276.1628237539157,1268.3958781747267,-422.9387768902424,859.7712525604635,408.2905679282012,-568.1982724190995,-509.47387906706786,46259.037737653525,9.251807547530708e+23,1.2838996817550637e-22,1.4096874254928957e-22
9.34843e-06,181818.0,6.06061,3e+22,-6502.32,4237.63,34598.3,4.05098,4.02463,4.03846,-8.94019163e-05,0.000933346621,0.455739952,0.0373642358,0.0369096329,0.229697375,-0.000244994277,-0.000253842861,0.00022240468,2375.21247,-1983.38037,-657.250394,93.6560545,562.277245,1697.70559,-4010.34067,1387.39438,17937.8046,26300.0,181818.299773,6.060609992,-150.0,30000 3000,1e-06,2,0.0 0.0259,0.0 0.0,-1.0 0.0,0.00054857 28.0,30000,1000,0,0.0,0.0 0.0 0.0,1000 1000000 0,0,0.0,0,100,0,,50,,1,,,10,1.0,10.0,0.1,True,{},,,False,3,mixed,250,300,True,Ar_Aubin,,False,uniform,Argon_Aubin_Model3-test/50Td,3.0000000000000005e+21,6.919660000000002e+23,5.939196382966884e-18,1.876235899878903e-13,1.8745041552493433e-13,1.5629464165702332e-18,0.0,6.251785666280932e-19,0.0,0.0,6.251785666280932e-19,0.0,6.251785666280932e-19,0.0,1.2503571332561863e-18,3.125892833140466e-19,9.3776784994214e-19,3.4384821164545128e-18,3.4384821164545128e-18,3.125892833140466e-19,6.251785666280932e-19,9.3776784994214e-19,4.6888392497107e-18,1.2503571332561863e-18,6.8769642329090255e-18,7.189553516223072e-18,4.3762499663966525e-18,4.3762499663966525e-18,4.501285679722271e-17,2.469455338180968e-17,3.5322589014487265e-17,0.0,1.87553569988428e-18,2.8133035498264193e-18,6.251785666280932e-19,1.3441339182504003e-17,5.939196382966885e-18,2378.483328474877,2374.631150131604,2261.014900157658,558.3220673584518,1319.4559170562661,2169.9770187183985,631.9574657889593,-1701.1309049906376,46117.52856909834,9.223505713819669e+23,1.287839259223991e-22,1.7166150888820791e-22
9.38398e-06,181839.0,6.0613,3e+22,-483.607,482.611,42465.5,3.999,4.05587,4.05747,-0.000174842055,0.000860107052,0.457400943,0.0375030486,0.0370376601,0.231283902,-0.000257933541,-0.000278944042,0.000203692785,1635.79157,-218.774514,132.362814,-431.016739,2438.48401,1336.91116,1215.09885,218.957614,19952.1133,26400.0,181838.874628,6.061295821,-150.0,30000 3000,1e-06,2,0.0 0.0259,0.0 0.0,-1.0 0.0,0.00054857 28.0,30000,1000,0,0.0,0.0 0.0 0.0,1000 1000000 0,0,0.0,0,100,0,,50,,1,,,10,1.0,10.0,0.1,True,{},,,False,3,mixed,250,300,True,Ar_Aubin,,False,uniform,Argon_Aubin_Model3-test/50Td,3.0000000000000005e+21,8.493100000000002e+23,5.626607099652838e-18,1.881093537341603e-13,1.879280519498382e-13,1.87553569988428e-18,9.3776784994214e-19,0.0,3.125892833140466e-19,6.251785666280932e-19,1.5629464165702332e-18,1.2503571332561863e-18,1.2503571332561863e-18,0.0,1.5629464165702332e-18,0.0,1.2503571332561863e-18,6.8769642329090255e-18,1.5629464165702332e-18,6.251785666280932e-19,6.251785666280932e-19,6.251785666280932e-19,4.063660683082606e-18,1.2503571332561863e-18,5.939196382966885e-18,7.50214279953712e-18,4.6888392497107e-18,3.1258928331404664e-18,4.9076517480305316e-17,2.782044621495015e-17,3.063374976477657e-17,0.0,1.2503571332561863e-18,1.87553569988428e-18,1.2503571332561863e-18,1.6254642732330425e-17,5.626607099652839e-18,1952.295134650941,1635.7070151583077,1802.7445432324923,2438.0689128755275,981.9581672040664,528.3535550335,397.45550169045237,1576.0887171280037,46728.71876529735,9.345743753059472e+23,1.204100443650808e-22,1.3249831273982027e-22
9.41952e-06,182470.0,6.08235,3e+22,3603.65,7276.17,40855.7,4.03218,4.0687,4.05396,-0.000221204895,0.00085054353,0.458983372,0.0376162594,0.0371559934,0.232794921,-0.00027094695,-0.000279021062,0.000211726594,-690.710187,-1700.90621,481.873221,-3.11587685,2886.14214,1334.72341,1311.88589,3331.8589,21112.4261,26500.0,182470.49426,6.082349809,-150.0,30000 3000,1e-06,2,0.0 0.0259,0.0 0.0,-1.0 0.0,0.00054857 28.0,30000,1000,0,0.0,0.0 0.0 0.0,1000 1000000 0,0,0.0,0,100,0,,50,,1,,,10,1.0,10.0,0.1,True,{},,,False,3,mixed,250,300,True,Ar_Aubin,,False,uniform,Argon_Aubin_Model3-test/50Td,3.0000000000000005e+21,8.171140000000001e+23,5.0014285330247444e-18,1.8844226132088978e-13,1.8828502891138283e-13,1.5629464165702332e-18,1.2503571332561863e-18,0.0,0.0,0.0,9.3776784994214e-19,6.251785666280932e-19,2.5007142665123726e-18,0.0,1.5629464165702332e-18,1.2503571332561863e-18,1.5629464165702332e-18,5.626607099652839e-18,2.5007142665123726e-18,6.251785666280932e-19,3.125892833140466e-19,1.87553569988428e-18,3.1258928331404664e-18,9.3776784994214e-19,5.314017816338792e-18,7.50214279953712e-18,4.3762499663966525e-18,2.8133035498264193e-18,3.969883898088392e-17,2.7195267648322054e-17,2.4381964098495633e-17,0.0,1.5629464165702332e-18,9.3776784994214e-19,9.3776784994214e-19,1.1253214199305677e-17,5.001428533024745e-18,1592.2234401444446,-689.9130419801332,1664.767590805948,2879.95344068332,856.7337095491615,2360.339148579602,604.2815041312825,148.78116332085142,44518.5312304826,8.903706246096522e+23,1.1234486841291341e-22,1.224169095872729e-22
9.45507e-06,182925.0,6.09749,3e+22,3592.45,2059.89,39553.0,4.06503,4.01166,4.10928,-0.000175073097,0.0008797012,0.460704546,0.0377432029,0.0372988225,0.234480779,-0.000297110995,-0.000247493909,0.000242411836,1309.03296,804.671362,-2043.23602,-1215.87606,2012.2153,-610.075227,3118.78507,1369.39588,19904.9096,26600.0,182924.585614,6.097486187,-150.0,30000 3000,1e-06,2,0.0 0.0259,0.0 0.0,-1.0 0.0,0.00054857 28.0,30000,1000,0,0.0,0.0 0.0 0.0,1000 1000000 0,0,0.0,0,100,0,,50,,1,,,10,1.0,10.0,0.1,True,{},,,False,3,mixed,250,300,True,Ar_Aubin,,False,uniform,Argon_Aubin_Model3-test/50Td,3.0000000000000005e+21,7.910600000000002e+23,4.688839249710699e-18,1.890324298877867e-13,1.888542539962977e-13,1.87553569988428e-18,0.0,0.0,0.0,0.0,6.251785666280932e-19,9.3776784994214e-19,1.2503571332561863e-18,0.0,3.125892833140466e-19,3.125892833140466e-19,9.3776784994214e-19,6.251785666280933e-18,2.8133035498264193e-18,1.2503571332561863e-18,3.125892833140466e-19,2.1881249831983263e-18,5.314017816338792e-18,1.2503571332561863e-18,5.626607099652839e-18,5.939196382966885e-18,3.4384821164545128e-18,3.4384821164545128e-18,4.845133891367722e-17,2.469455338180968e-17,3.594776758111536e-17,0.0,1.2503571332561863e-18,3.4384821164545128e-18,3.125892833140466e-19,1.5316874882388284e-17,4.6888392497107e-18,1785.9101461269427,1309.6619013473176,2008.3984157605134,2010.403212295132,1447.656622577005,1682.6626920620001,299.7506304667557,-572.5843300720592,48421.849240689146,9.68436984813783e+23,9.683313056475839e-23,1.1854572977298052e-22
9.49061e-06,182150.0,6.07168,3e+22,-1410.75,836.644,48814.5,4.06128,4.04299,4.02552,-0.000181440049,0.000864458117,0.462225353,0.0378932435,0.0374307738,0.236004814,-0.000258648377,-0.000248683121,0.000249000725,1585.55298,-395.737526,391.142427,342.745222,2327.32491,-68.7057364,972.091004,130.893336,22936.3725,26700.0,182150.291019,6.071676367,-150.0,30000 3000,1e-06,2,0.0 0.0259,0.0 0.0,-1.0 0.0,0.00054857 28.0,30000,1000,0,0.0,0.0 0.0 0.0,1000 1000000 0,0,0.0,0,100,0,,50,,1,,,10,1.0,10.0,0.1,True,{},,,False,3,mixed,250,300,True,Ar_Aubin,,False,uniform,Argon_Aubin_Model3-test/50Td,3.0000000000000005e+21,9.762900000000002e+23,3.1258928331404657e-18,1.8895334479910824e-13,1.887670415862531e-13,1.87553569988428e-18,3.125892833140466e-19,0.0,0.0,0.0,9.3776784994214e-19,1.5629464165702332e-18,6.251785666280932e-19,0.0,9.3776784994214e-19,1.2503571332561863e-18,1.2503571332561863e-18,5.626607099652839e-18,1.5629464165702332e-18,6.251785666280932e-19,9.3776784994214e-19,2.5007142665123726e-18,6.564374949594979e-18,1.5629464165702332e-18,4.6888392497107e-18,8.127321366165212e-18,5.626607099652839e-18,4.063660683082606e-18,5.220241031344578e-17,3.0946339048090613e-17,2.782044621495015e-17,0.0,3.125892833140466e-19,1.5629464165702332e-18,1.2503571332561863e-18,1.844276771552875e-17,3.1258928331404664e-18,2110.516833372426,1585.2970134508732,1856.4692810494412,2326.6016663031605,1694.1256687435307,373.0730059814996,56.82892940192938,2024.1747530166608,42784.917317009036,8.556983463401808e+23,7.306062578033252e-23,6.403615387109292e-23
9.52616e-06,181960.0,6.06533,3e+22,-2716.52,927.125,42470.5,4.01594,4.03132,4.0731,-7.35570485e-05,0.000945871885,0.463851027,0.0380346497,0.0375969907,0.237610021,-0.000253714876,-0.000168340012,0.00028338949,2470.9611,1048.62412,-1187.79036,-1764.62204,1796.50136,-287.608169,-1971.92528,823.255547,22271.5014,26800.0,181960.006823,6.065333561,-150.0,30000 3000,1e-06,2,0.0 0.0259,0.0 0.0,-1.0 0.0,0.00054857 28.0,30000,1000,0,0.0,0.0 0.0 0.0,1000 1000000 0,0,0.0,0,100,0,,50,,1,,,10,1.0,10.0,0.1,True,{},,,False,3,mixed,250,300,True,Ar_Aubin,,False,uniform,Argon_Aubin_Model3-test/50Td,3.0000000000000005e+21,8.494100000000002e+23,4.3762499663966525e-18,1.884469501601395e-13,1.882622098937009e-13,1.87553569988428e-18,3.125892833140466e-19,6.251785666280932e-19,0.0,9.3776784994214e-19,3.125892833140466e-19,2.8133035498264193e-18,9.3776784994214e-19,0.0,1.2503571332561863e-18,2.1881249831983263e-18,1.2503571332561863e-18,3.4384821164545128e-18,2.8133035498264193e-18,3.125892833140466e-19,3.125892833140466e-19,1.5629464165702332e-18,4.3762499663966525e-18,6.251785666280932e-19,4.3762499663966525e-18,5.001428533024745e-18,5.001428533024745e-18,4.6888392497107e-18,5.720383884647054e-17,3.032116048146252e-17,3.1884106898032754e-17,6.251785666280932e-19,2.5007142665123726e-18,1.5629464165702332e-18,6.251785666280932e-19,1.0628035632677585e-17,4.3762499663966525e-18,1989.479789958756,2470.7612808066087,2336.0197692699826,1795.6244185286193,1402.554297037918,2571.5163577964995,860.7704736042214,-1896.5310435056406,45735.14435060574,9.147028870121149e+23,9.568680778283563e-23,1.0304211079211812e-22
9.5617e-06,182219.0,6.07396,3e+22,509.389,-4635.77,44705.5,4.02328,4.0665,4.04667,-3.07505935e-05,0.000880217687,0.465563503,0.038180673,0.0377160333,0.239314541,-0.000277273349,-0.000141513399,0.00025188783,2063.25221,1526.7329,-3.28181207,-924.887801,3356.41511,-139.669767,419.804712,-1229.27797,21669.9307,26900.0,182218.922651,6.073964088,-150.0,30000 3000,1e-06,2,0.0 0.0259,0.0 0.0,-1.0 0.0,0.00054857 28.0,30000,1000,0,0.0,0.0 0.0 0.0,1000 1000000 0,0,0.0,0,100,0,,50,,1,,,10,1.0,10.0,0.1,True,{},,,False,3,mixed,250,300,True,Ar_Aubin,,False,uniform,Argon_Aubin_Model3-test/50Td,3.0000000000000005e+21,8.941100000000003e+23,6.251785666280931e-18,1.8851228132035213e-13,1.8833066694674667e-13,1.87553569988428e-18,0.0,6.251785666280932e-19,0.0,0.0,9.3776784994214e-19,1.5629464165702332e-18,2.1881249831983263e-18,3.125892833140466e-19,6.251785666280932e-19,6.251785666280932e-19,6.251785666280932e-19,6.251785666280933e-18,3.1258928331404664e-18,3.125892833140466e-19,3.125892833140466e-19,9.3776784994214e-19,5.626607099652839e-18,9.3776784994214e-19,7.814732082851166e-18,6.564374949594979e-18,3.1258928331404664e-18,5.314017816338792e-18,4.3762499663966524e-17,2.844562478157824e-17,3.4384821164545125e-17,6.251785666280932e-19,1.2503571332561863e-18,2.1881249831983263e-18,1.5629464165702332e-18,1.3441339182504003e-17,6.251785666280933e-18,2054.1021488065717,2063.2678740140723,1676.2012868940626,3360.495596746864,1588.3901056640227,856.6815166335,197.59109587668817,180.74469335804724,48177.14809792442,9.635429619584885e+23,1.2976661992473298e-22,1.398437701464234e-22
9.59725e-06,182287.0,6.07622,3e+22,1353.67,6786.71,51299.6,4.06455,4.05391,4.01874,2.2034263e-05,0.000926296693,0.467242156,0.0383135948,0.0378527052,0.240947906,-0.00027804044,-0.000104981996,0.000250698912,1097.91044,1052.17686,287.554439,-999.982943,826.178356,-1132.08248,970.272316,3019.88353,25517.1476,27000.0,182286.621788,6.076220726,-150.0,30000 3000,1e-06,2,0.0 0.0259,0.0 0.0,-1.0 0.0,0.00054857 28.0,30000,1000,0,0.0,0.0 0.0 0.0,1000 1000000 0,0,0.0,0,100,0,,50,,1,,,10,1.0,10.0,0.1,True,{},,,False,3,mixed,250,300,True,Ar_Aubin,,False,uniform,Argon_Aubin_Model3-test/50Td,3.0000000000000005e+21,1.0259920000000001e+24,7.189553516223072e-18,1.886520087299935e-13,1.8846851882068818e-13,1.5629464165702332e-18,0.0,3.125892833140466e-19,3.125892833140466e-19,3.125892833140466e-19,6.251785666280932e-19,9.3776784994214e-19,6.251785666280932e-19,0.0,6.251785666280932e-19,3.125892833140466e-19,1.5629464165702332e-18,7.189553516223072e-18,2.1881249831983263e-18,6.251785666280932e-19,0.0,1.87553569988428e-18,2.5007142665123726e-18,1.2503571332561863e-18,5.939196382966885e-18,6.251785666280933e-18,5.001428533024745e-18,4.6888392497107e-18,4.9076517480305316e-17,3.1258928331404664e-17,3.5322589014487265e-17,0.0,3.125892833140466e-19,2.5007142665123726e-18,9.3776784994214e-19,1.2190982049247816e-17,7.189553516223072e-18,1869.753330814429,1097.8806128792048,1921.3267766440572,819.89184897065,949.6022284549285,1547.8118940624008,335.33769266402817,624.2047168092852,47225.60443826852,9.445120887653707e+23,1.5223846474259483e-22,1.4014833480617924e-22
9.6328e-06,182189.0,6.07296,3e+22,-2961.44,65.8753,39973.8,4.02527,4.05596,4.05555,2.13159627e-05,0.000941741652,0.468840966,0.0384370049,0.0379969202,0.242515814,-0.000302413876,-0.000125257941,0.000237864533,284.747853,760.630731,-329.817062,-1028.12317,1574.75826,287.1961,-532.626364,194.682476,19625.1311,27100.0,182188.803564,6.072960119,-150.0,30000 3000,1e-06,2,0.0 0.0259,0.0 0.0,-1.0 0.0,0.00054857 28.0,30000,1000,0,0.0,0.0 0.0 0.0,1000 1000000 0,0,0.0,0,100,0,,50,,1,,,10,1.0,10.0,0.1,True,{},,,False,3,mixed,250,300,True,Ar_Aubin,,False,uniform,Argon_Aubin_Model3-test/50Td,3.0000000000000005e+21,7.994760000000002e+23,6.251785666280931e-18,1.886720144441256e-13,1.884954014990532e-13,1.87553569988428e-18,6.251785666280932e-19,3.125892833140466e-19,0.0,3.125892833140466e-19,1.2503571332561863e-18,9.3776784994214e-19,1.87553569988428e-18,3.125892833140466e-19,6.251785666280932e-19,1.2503571332561863e-18,2.1881249831983263e-18,5.001428533024745e-18,3.4384821164545128e-18,9.3776784994214e-19,9.3776784994214e-19,9.3776784994214e-19,5.626607099652839e-18,9.3776784994214e-19,7.189553516223072e-18,3.4384821164545128e-18,4.3762499663966525e-18,4.6888392497107e-18,4.970169604693341e-17,2.3131606965239447e-17,2.813303549826419e-17,6.251785666280932e-19,1.2503571332561863e-18,2.5007142665123726e-18,2.5007142665123726e-18,1.3441339182504003e-17,6.251785666280933e-18,1735.9508000821404,284.8109789445783,2028.1970131767682,1574.696222486152,1002.7871920862369,883.7760933091959,-561.9406447387547,525.1488843212627,44979.37848497994,8.99587569699599e+23,1.389922643855251e-22,1.563970817455666e-22
9.66834e-06,182564.0,6.08546,3e+22,-1379.36,-2681.28,38098.1,4.05415,4.03501,4.07345,-1.32745628e-05,0.000978878751,0.470514865,0.0385662699,0.0381695929,0.244187092,-0.000330919102,-0.000159303634,0.000294285339,358.490577,-1681.14526,286.138243,1982.68936,1234.13656,1800.79624,-658.957901,-1516.28163,19612.3047,27200.0,182563.686157,6.085456205,-150.0,30000 3000,1e-06,2,0.0 0.0259,0.0 0.0,-1.0 0.0,0.00054857 28.0,30000,1000,0,0.0,0.0 0.0 0.0,1000 1000000 0,0,0.0,0,100,0,,50,,1,,,10,1.0,10.0,0.1,True,{},,,False,3,mixed,250,300,True,Ar_Aubin,,False,uniform,Argon_Aubin_Model3-test/50Td,3.0000000000000005e+21,7.61962e+23,3.751071399768559e-18,1.885294737309344e-13,1.8835411114299524e-13,9.3776784994214e-19,6.251785666280932e-19,9.3776784994214e-19,0.0,3.125892833140466e-19,9.3776784994214e-19,1.2503571332561863e-18,1.5629464165702332e-18,0.0,1.2503571332561863e-18,6.251785666280932e-19,6.251785666280932e-19,4.063660683082606e-18,2.5007142665123726e-18,6.251785666280932e-19,3.125892833140466e-19,1.5629464165702332e-18,4.3762499663966525e-18,2.5007142665123726e-18,6.251785666280933e-18,3.1258928331404664e-18,3.1258928331404664e-18,5.001428533024745e-18,5.220241031344578e-17,2.875821406489229e-17,2.782044621495015e-17,6.251785666280932e-19,1.5629464165702332e-18,3.1258928331404664e-18,1.87553569988428e-18,1.3128749899189958e-17,3.75107139976856e-18,1818.3123295313108,358.4722665990562,2427.9002870969402,1236.7612080174813,1391.0550147833385,1686.5823217435027,-500.9373177045703,276.69546180741065,47091.85998750833,9.418371997501667e+23,7.965434792262559e-23,9.845822756957852e-23
9.70389e-06,182524.0,6.08413,3e+22,3751.25,4741.63,39565.8,4.08001,4.04425,4.0349,-9.77489575e-05,0.000960247811,0.472150093,0.0387039365,0.0383400381,0.245837437,-0.000353910848,-0.000209380059,0.000305121585,24.3609037,-656.191714,768.388853,-1202.685,1654.25034,-847.938013,1786.00091,2681.71637,20062.4977,27300.0,182523.993321,6.084133111,-150.0,30000 3000,1e-06,2,0.0 0.0259,0.0 0.0,-1.0 0.0,0.00054857 28.0,30000,1000,0,0.0,0.0 0.0 0.0,1000 1000000 0,0,0.0,0,100,0,,50,,1,,,10,1.0,10.0,0.1,True,{},,,False,3,mixed,250,300,True,Ar_Aubin,,False,uniform,Argon_Aubin_Model3-test/50Td,3.0000000000000005e+21,7.913160000000001e+23,5.0014285330247444e-18,1.8883393569288228e-13,1.8865263390856014e-13,1.87553569988428e-18,6.251785666280932e-19,3.125892833140466e-19,0.0,3.125892833140466e-19,6.251785666280932e-19,1.5629464165702332e-18,9.3776784994214e-19,3.125892833140466e-19,3.125892833140466e-19,6.251785666280932e-19,9.3776784994214e-19,5.939196382966885e-18,2.1881249831983263e-18,9.3776784994214e-19,9.3776784994214e-19,3.1258928331404664e-18,5.001428533024745e-18,1.5629464165702332e-18,3.75107139976856e-18,7.814732082851166e-18,5.001428533024745e-18,4.063660683082606e-18,5.345276744670197e-17,3.032116048146252e-17,2.7507856931636102e-17,3.125892833140466e-19,3.125892833140466e-19,1.5629464165702332e-18,1.2503571332561863e-18,1.281616061587591e-17,5.001428533024745e-18,1936.3577474909448,24.727584476821878,2398.0786226998753,1649.6972001719282,1531.462102825784,1381.501550380599,-286.11648059940234,787.1042423364038,46003.927371755235,9.20078547435105e+23,1.0871742520173272e-22,1.2640787076274823e-22
9.73943e-06,181947.0,6.06492,3e+22,-949.974,-922.666,46040.8,4.05447,4.0483,4.015,-0.000197456212,0.0010534868,0.473709979,0.0387951171,0.038483063,0.247428117,-0.000343747566,-0.000245146837,0.000382821927,1522.27667,-7.13992473,-6.44768767,-1702.28144,2011.26637,-802.007987,-646.288558,-765.136968,23678.5582,27400.0,181947.490278,6.064916343,-150.0,30000 3000,1e-06,2,0.0 0.0259,0.0 0.0,-1.0 0.0,0.00054857 28.0,30000,1000,0,0.0,0.0 0.0 0.0,1000 1000000 0,0,0.0,0,100,0,,50,,1,,,10,1.0,10.0,0.1,True,{},,,False,3,mixed,250,300,True,Ar_Aubin,,False,uniform,Argon_Aubin_Model3-test/50Td,3.0000000000000005e+21,9.208160000000002e+23,4.688839249710699e-18,1.886988971224906e-13,1.8851196873106882e-13,1.2503571332561863e-18,6.251785666280932e-19,6.251785666280932e-19,0.0,3.125892833140466e-19,3.125892833140466e-19,3.125892833140466e-19,3.125892833140466e-19,0.0,2.5007142665123726e-18,1.2503571332561863e-18,2.8133035498264193e-18,3.1258928331404664e-18,1.2503571332561863e-18,6.251785666280932e-19,6.251785666280932e-19,6.251785666280932e-19,4.6888392497107e-18,9.3776784994214e-19,5.001428533024745e-18,8.752499932793305e-18,3.1258928331404664e-18,5.314017816338792e-18,5.5015713863272204e-17,3.1884106898032754e-17,3.2821874747974894e-17,6.251785666280932e-19,2.1881249831983263e-18,2.1881249831983263e-18,1.2503571332561863e-18,1.187839276593377e-17,4.6888392497107e-18,1282.1794930290841,1522.0890917324614,2009.2211850302701,2012.2383864518088,1621.1115324095113,1868.5717988567994,326.8501878066237,-193.63304011400442,43884.32821124563,8.776865642249127e+23,1.0684541477176252e-22,1.0184095953395029e-22
9.77498e-06,181708.0,6.05694,3e+22,-10450.1,-4956.93,50834.6,4.01471,4.06301,4.02071,-0.000291193853,0.00105543444,0.47536635,0.0389275464,0.038613432,0.249109,-0.000354171456,-0.000304111918,0.000381761177,2330.86031,-2041.57266,-530.400863,51.6588679,2616.96915,-246.576225,-5518.26812,-1260.6607,25672.9481,27500.0,181708.231333,6.056941044,-150.0,30000 3000,1e-06,2,0.0 0.0259,0.0 0.0,-1.0 0.0,0.00054857 28.0,30000,1000,0,0.0,0.0 0.0 0.0,1000 1000000 0,0,0.0,0,100,0,,50,,1,,,10,1.0,10.0,0.1,True,{},,,False,3,mixed,250,300,True,Ar_Aubin,,False,uniform,Argon_Aubin_Model3-test/50Td,3.0000000000000005e+21,1.0166920000000002e+24,6.876964232909025e-18,1.8851040578465222e-13,1.8832160185753059e-13,1.2503571332561863e-18,6.251785666280932e-19,3.125892833140466e-19,0.0,0.0,0.0,6.251785666280932e-19,2.1881249831983263e-18,6.251785666280932e-19,3.125892833140466e-19,6.251785666280932e-19,1.2503571332561863e-18,6.8769642329090255e-18,2.5007142665123726e-18,6.251785666280932e-19,1.5629464165702332e-18,2.1881249831983263e-18,2.8133035498264193e-18,1.2503571332561863e-18,5.001428533024745e-18,5.939196382966885e-18,4.3762499663966525e-18,3.4384821164545128e-18,5.56408924299003e-17,3.1884106898032754e-17,3.3759642597917035e-17,3.125892833140466e-19,1.2503571332561863e-18,1.87553569988428e-18,2.1881249831983263e-18,1.0628035632677585e-17,6.8769642329090255e-18,1862.1747834548348,2327.8173051167646,1833.7800753493027,2622.200864638669,1531.2880408992364,1507.8898442900027,-396.0653135678047,-1066.240365825286,46598.74414129507,9.319748828259016e+23,1.475783169618678e-22,1.3528117134607187e-22
9.81052e-06,181555.0,6.05182,3e+22,-2573.55,368.346,41308.0,4.01564,4.02697,4.05129,-0.000358249649,0.000926420344,0.47701561,0.0390302132,0.0387390127,0.250762696,-0.000354060015,-0.00035629895,0.000300792392,2834.89774,737.075917,2195.27085,-1062.21536,1575.61878,-2526.85954,-1233.4132,-333.800807,19406.5359,27600.0,181554.575369,6.051819179,-150.0,30000 3000,1e-06,2,0.0 0.0259,0.0 0.0,-1.0 0.0,0.00054857 28.0,30000,1000,0,0.0,0.0 0.0 0.0,1000 1000000 0,0,0.0,0,100,0,,50,,1,,,10,1.0,10.0,0.1,True,{},,,False,3,mixed,250,300,True,Ar_Aubin,,False,uniform,Argon_Aubin_Model3-test/50Td,3.0000000000000005e+21,8.261600000000002e+23,4.688839249710699e-18,1.8830409685766496e-13,1.8811841882337644e-13,1.2503571332561863e-18,3.125892833140466e-19,9.3776784994214e-19,0.0,0.0,9.3776784994214e-19,6.251785666280932e-19,1.87553569988428e-18,6.251785666280932e-19,9.3776784994214e-19,6.251785666280932e-19,1.5629464165702332e-18,5.001428533024745e-18,2.8133035498264193e-18,3.125892833140466e-19,1.2503571332561863e-18,9.3776784994214e-19,4.3762499663966525e-18,2.8133035498264193e-18,6.251785666280933e-18,4.3762499663966525e-18,4.3762499663966525e-18,5.626607099652839e-18,5.5328303146586255e-17,2.7195267648322054e-17,3.21966961813468e-17,6.251785666280932e-19,1.2503571332561863e-18,1.2503571332561863e-18,1.5629464165702332e-18,1.3753928465818051e-17,4.6888392497107e-18,1443.5517823545529,2833.975766615816,1770.0797740826786,1575.277536771969,1167.1064139159605,-298.02491788000043,-554.7867288882857,2204.279749616392,46398.6901258668,9.279738025173362e+23,1.010554228361011e-22,1.1350922944007695e-22
9.84607e-06,181808.0,6.06026,3e+22,5027.4,1068.32,40862.1,4.04411,4.00902,4.05775,-0.000327894101,0.00092156138,0.478679703,0.0392193424,0.0389446067,0.252419262,-0.000347638567,-0.000370589916,0.000306160243,2965.60719,-483.558982,-163.166014,-50.3657918,3750.99744,563.108855,422.787421,647.862099,19236.8521,27700.0,181807.76038,6.060258679,-150.0,30000 3000,1e-06,2,0.0 0.0259,0.0 0.0,-1.0 0.0,0.00054857 28.0,30000,1000,0,0.0,0.0 0.0 0.0,1000 1000000 0,0,0.0,0,100,0,,50,,1,,,10,1.0,10.0,0.1,True,{},,,False,3,mixed,250,300,True,Ar_Aubin,,False,uniform,Argon_Aubin_Model3-test/50Td,3.0000000000000005e+21,8.172420000000001e+23,6.5643749495949784e-18,1.8795681016390305e-13,1.8778050980811394e-13,2.1881249831983263e-18,6.251785666280932e-19,3.125892833140466e-19,0.0,0.0,3.125892833140466e-19,9.3776784994214e-19,1.87553569988428e-18,3.125892833140466e-19,1.2503571332561863e-18,1.2503571332561863e-18,9.3776784994214e-19,3.75107139976856e-18,3.75107139976856e-18,9.3776784994214e-19,6.251785666280932e-19,1.2503571332561863e-18,5.314017816338792e-18,1.2503571332561863e-18,5.939196382966885e-18,5.626607099652839e-18,3.1258928331404664e-18,5.314017816338792e-18,4.2824731814024383e-17,3.0946339048090613e-17,3.032116048146252e-17,0.0,2.1881249831983263e-18,9.3776784994214e-19,2.1881249831983263e-18,1.3441339182504003e-17,6.564374949594979e-18,2660.682229902399,2967.2556448033674,2892.1179572697565,3750.0129175465186,931.2051559950372,-323.0057919563005,-794.0658979189683,-2133.494490317728,46815.98744141388,9.36319748828278e+23,1.40216522353816e-22,1.6064702865479205e-22
9.88161e-06,182242.0,6.07475,3e+22,2863.34,-2981.99,41898.8,4.05439,4.04084,4.04419,-0.000164908166,0.000861998267,0.480389592,0.0393727489,0.039093621,0.254108468,-0.000359735146,-0.000284413803,0.000283143497,2590.24781,777.266303,-784.463984,115.568209,2487.52851,-433.989992,1288.18101,-995.543171,19003.9482,27800.0,182242.415041,6.074747168,-150.0,30000 3000,1e-06,2,0.0 0.0259,0.0 0.0,-1.0 0.0,0.00054857 28.0,30000,1000,0,0.0,0.0 0.0 0.0,1000 1000000 0,0,0.0,0,100,0,,50,,1,,,10,1.0,10.0,0.1,True,{},,,False,3,mixed,250,300,True,Ar_Aubin,,False,uniform,Argon_Aubin_Model3-test/50Td,3.0000000000000005e+21,8.379760000000002e+23,4.3762499663966525e-18,1.8871984060447264e-13,1.8854166471298364e-13,9.3776784994214e-19,6.251785666280932e-19,0.0,0.0,0.0,3.125892833140466e-19,6.251785666280932e-19,1.2503571332561863e-18,0.0,1.2503571332561863e-18,1.2503571332561863e-18,9.3776784994214e-19,2.8133035498264193e-18,9.3776784994214e-19,6.251785666280932e-19,1.2503571332561863e-18,2.1881249831983263e-18,5.001428533024745e-18,1.87553569988428e-18,7.50214279953712e-18,6.564374949594979e-18,3.4384821164545128e-18,5.001428533024745e-18,4.5325446080536754e-17,3.4384821164545125e-17,3.063374976477657e-17,0.0,2.5007142665123726e-18,9.3776784994214e-19,6.251785666280932e-19,1.500428559907424e-17,4.3762499663966525e-18,2159.025075512642,2590.7199981480344,2097.6066434024942,2490.0989802122112,693.5350599766326,-1123.7992372896006,237.44362702561511,-864.8922540916792,48104.367935090464,9.620873587018094e+23,9.097406647774141e-23,1.0444809795021939e-22
9.91716e-06,182069.0,6.06897,3e+22,-4123.26,9309.14,37964.2,4.03198,4.03899,4.05819,-0.000242702572,0.000926481959,0.482064431,0.0395191283,0.0392405419,0.255791126,-0.000343141045,-0.000332350718,0.000326996246,2822.92083,2468.59793,-486.284079,701.606022,1435.35248,-276.728337,-2301.04614,4073.00965,19118.3737,27900.0,182069.058756,6.068968625,-150.0,30000 3000,1e-06,2,0.0 0.0259,0.0 0.0,-1.0 0.0,0.00054857 28.0,30000,1000,0,0.0,0.0 0.0 0.0,1000 1000000 0,0,0.0,0,100,0,,50,,1,,,10,1.0,10.0,0.1,True,{},,,False,3,mixed,250,300,True,Ar_Aubin,,False,uniform,Argon_Aubin_Model3-test/50Td,3.0000000000000005e+21,7.592840000000001e+23,6.5643749495949784e-18,1.8852697301666788e-13,1.8833910685739616e-13,1.87553569988428e-18,6.251785666280932e-19,3.125892833140466e-19,0.0,3.125892833140466e-19,3.125892833140466e-19,9.3776784994214e-19,9.3776784994214e-19,0.0,9.3776784994214e-19,9.3776784994214e-19,3.125892833140466e-19,5.939196382966885e-18,2.8133035498264193e-18,1.2503571332561863e-18,6.251785666280932e-19,1.2503571332561863e-18,5.314017816338792e-18,2.5007142665123726e-18,6.564374949594979e-18,7.189553516223072e-18,5.939196382966885e-18,3.75107139976856e-18,4.813874963036317e-17,3.1884106898032754e-17,3.032116048146252e-17,0.0,2.1881249831983263e-18,2.5007142665123726e-18,1.5629464165702332e-18,1.4066517749132096e-17,6.564374949594979e-18,2058.6023812470353,2821.9201041929755,2065.0431869096055,1426.7277297361948,994.5375009519545,817.1832286298013,-285.79800223915635,-790.4392242510175,47118.3050408784,9.423661008175681e+23,1.3931687364178164e-22,1.729096082518525e-22
9.9527e-06,182891.0,6.09637,3e+22,-3964.22,-3185.92,43499.9,4.11082,4.01265,4.05837,-0.00033106182,0.000961637348,0.48375789,0.0397086179,0.0393763792,0.25753558,-0.000331953257,-0.000395772997,0.000343144516,2955.8151,-1115.20975,-332.74976,1271.09325,1945.35116,410.754136,-2256.72505,-1039.48472,23193.0648,28000.0,182891.180947,6.096372698,-150.0,30000 3000,1e-06,2,0.0 0.0259,0.0 0.0,-1.0 0.0,0.00054857 28.0,30000,1000,0,0.0,0.0 0.0 0.0,1000 1000000 0,0,0.0,0,100,0,,50,,1,,,10,1.0,10.0,0.1,True,{},,,False,3,mixed,250,300,True,Ar_Aubin,,False,uniform,Argon_Aubin_Model3-test/50Td,3.0000000000000005e+21,8.699980000000003e+23,5.626607099652838e-18,1.8904899711980233e-13,1.888830122103626e-13,6.251785666280932e-19,9.3776784994214e-19,0.0,0.0,0.0,1.5629464165702332e-18,6.251785666280932e-19,1.87553569988428e-18,0.0,6.251785666280932e-19,0.0,6.251785666280932e-19,3.75107139976856e-18,2.1881249831983263e-18,9.3776784994214e-19,1.2503571332561863e-18,1.87553569988428e-18,6.251785666280933e-18,1.2503571332561863e-18,4.063660683082606e-18,5.939196382966885e-18,2.5007142665123726e-18,4.6888392497107e-18,4.3137321097338434e-17,2.594491051506587e-17,3.1884106898032754e-17,3.125892833140466e-19,1.2503571332561863e-18,2.5007142665123726e-18,1.5629464165702332e-18,1.2190982049247816e-17,5.626607099652839e-18,2664.7456859367535,2954.5026981119195,1909.8240901957,1948.4148596597402,1531.4709934569958,2149.644960788999,-570.1662879207089,-657.3509512403823,47642.14216185521,9.528428432371044e+23,1.1810147160338634e-22,1.293475869979664e-22
9.98825e-06,183066.0,6.1022,3e+22,-5006.29,-1178.66,36641.8,4.05752,4.07055,4.06855,-0.000238069933,0.00107492329,0.48541816,0.0398423497,0.0394870268,0.259232445,-0.000326474782,-0.00032950108,0.000416148919,3719.00388,1659.23944,-783.064054,-367.25158,1686.38669,630.666064,-3277.8078,-395.530366,18440.4317,28100.0,183066.019221,6.102200641,-150.0,30000 3000,1e-06,2,0.0 0.0259,0.0 0.0,-1.0 0.0,0.00054857 28.0,30000,1000,0,0.0,0.0 0.0 0.0,1000 1000000 0,0,0.0,0,100,0,,50,,1,,,10,1.0,10.0,0.1,True,{},,,False,3,mixed,250,300,True,Ar_Aubin,,False,uniform,Argon_Aubin_Model3-test/50Td,3.0000000000000005e+21,7.328360000000002e+23,7.189553516223072e-18,1.8942785533117897e-13,1.8925030461825662e-13,6.251785666280932e-19,0.0,6.251785666280932e-19,0.0,6.251785666280932e-19,3.125892833140466e-19,3.125892833140466e-19,1.2503571332561863e-18,3.125892833140466e-19,0.0,3.125892833140466e-19,1.2503571332561863e-18,5.939196382966885e-18,3.1258928331404664e-18,9.3776784994214e-19,6.251785666280932e-19,9.3776784994214e-19,2.8133035498264193e-18,1.87553569988428e-18,4.063660683082606e-18,5.939196382966885e-18,5.001428533024745e-18,6.564374949594979e-18,5.126464246350364e-17,2.657008908169396e-17,2.782044621495015e-17,0.0,1.2503571332561863e-18,2.5007142665123726e-18,1.2503571332561863e-18,1.6254642732330425e-17,7.189553516223072e-18,1881.8852036503854,3717.8120328751215,1553.1810910790214,1687.6536590849914,1234.6334471764412,653.8365649119987,609.9697380089534,-1622.0044629026006,46708.43484670207,9.341686969340414e+23,1.5392409400613223e-22,1.9621179953558698e-22
1.00238e-05,182257.0,6.07524,3e+22,-1233.54,-3830.48,34300.4,4.01908,4.02893,4.09569,-0.000245762181,0.000933203188,0.486984152,0.0400030153,0.0396347053,0.260808718,-0.000331830184,-0.000334053096,0.000342195733,2733.40201,-93.3977262,26.635027,-379.707019,2356.58316,-163.511318,-1116.30041,-1452.32821,16895.4128,28200.0,182257.213396,6.075240447,-150.0,30000 3000,1e-06,2,0.0 0.0259,0.0 0.0,-1.0 0.0,0.00054857 28.0,30000,1000,0,0.0,0.0 0.0 0.0,1000 1000000 0,0,0.0,0,100,0,,50,,1,,,10,1.0,10.0,0.1,True,{},,,False,3,mixed,250,300,True,Ar_Aubin,,False,uniform,Argon_Aubin_Model3-test/50Td,3.0000000000000005e+21,6.860080000000002e+23,6.251785666280931e-18,1.8959258988348545e-13,1.8940034747424735e-13,1.5629464165702332e-18,0.0,3.125892833140466e-19,0.0,0.0,9.3776784994214e-19,1.87553569988428e-18,1.5629464165702332e-18,0.0,9.3776784994214e-19,1.5629464165702332e-18,3.125892833140466e-19,4.3762499663966525e-18,1.2503571332561863e-18,6.251785666280932e-19,9.3776784994214e-19,3.125892833140466e-19,4.6888392497107e-18,1.87553569988428e-18,7.189553516223072e-18,6.564374949594979e-18,4.063660683082606e-18,4.3762499663966525e-18,5.626607099652838e-17,3.000857119814848e-17,3.344705331460299e-17,0.0,2.1881249831983263e-18,1.5629464165702332e-18,1.87553569988428e-18,1.5316874882388284e-17,6.251785666280933e-18,2259.9531619195054,2733.0988525192492,2081.325458277242,2360.1577761475705,752.541237776307,191.66159273919766,-12.187161214327432,-480.52121102874764,44056.10852599819,8.811221705199641e+23,1.4190508139391512e-22,1.8226567813439291e-22
1.00593e-05,182417.0,6.08057,3e+22,-1766.01,-4877.71,47647.4,4.04161,4.05817,4.0483,-0.000242227439,0.000888165404,0.488637491,0.0401331189,0.0398037835,0.262503715,-0.000334627253,-0.000312509586,0.000312513601,1858.88778,1556.94065,-1218.30885,835.429239,877.856975,-804.62884,-600.636771,-3158.08873,23301.0292,28300.0,182417.053632,6.080568454,-150.0,30000 3000,1e-06,2,0.0 0.0259,0.0 0.0,-1.0 0.0,0.00054857 28.0,30000,1000,0,0.0,0.0 0.0 0.0,1000 1000000 0,0,0.0,0,100,0,,50,,1,,,10,1.0,10.0,0.1,True,{},,,False,3,mixed,250,300,True,Ar_Aubin,,False,uniform,Argon_Aubin_Model3-test/50Td,3.0000000000000005e+21,9.529480000000002e+23,5.0014285330247444e-18,1.8892427399576004e-13,1.8874703587212098e-13,1.2503571332561863e-18,6.251785666280932e-19,3.125892833140466e-19,0.0,0.0,3.125892833140466e-19,9.3776784994214e-19,9.3776784994214e-19,0.0,6.251785666280932e-19,6.251785666280932e-19,1.2503571332561863e-18,4.3762499663966525e-18,2.5007142665123726e-18,1.2503571332561863e-18,6.251785666280932e-19,0.0,6.251785666280933e-18,1.5629464165702332e-18,4.6888392497107e-18,5.626607099652839e-18,4.3762499663966525e-18,5.626607099652839e-18,4.6575803213792946e-17,2.7195267648322054e-17,3.000857119814848e-17,6.251785666280932e-19,2.5007142665123726e-18,2.8133035498264193e-18,1.87553569988428e-18,1.6879821298958518e-17,5.001428533024745e-18,1830.1288622072602,1858.4600039204515,2379.4953834424587,882.1891882727449,1152.9436774387464,18.723211326599994,568.9239883743068,-944.4654178420813,46513.44477766394,9.30268895553279e+23,1.075265131819792e-22,1.0496750154310087e-22
1.00949e-05,182932.0,6.09775,3e+22,-4012.62,1610.69,41972.2,4.0619,4.06978,4.05369,-0.000226328042,0.000840092124,0.490333301,0.040289902,0.0399121941,0.264258066,-0.000346719354,-0.000297025608,0.000294850172,3174.45798,-1498.85404,51.6214815,-30.6273755,1230.80082,-1269.48581,-2242.09436,339.8558,21315.3539,28400.0,182932.414576,6.097747153,-150.0,30000 3000,1e-06,2,0.0 0.0259,0.0 0.0,-1.0 0.0,0.00054857 28.0,30000,1000,0,0.0,0.0 0.0 0.0,1000 1000000 0,0,0.0,0,100,0,,50,,1,,,10,1.0,10.0,0.1,True,{},,,False,3,mixed,250,300,True,Ar_Aubin,,False,uniform,Argon_Aubin_Model3-test/50Td,3.0000000000000005e+21,8.394440000000001e+23,2.5007142665123722e-18,1.891746580116946e-13,1.8899992060232205e-13,9.3776784994214e-19,3.125892833140466e-19,3.125892833140466e-19,0.0,0.0,1.87553569988428e-18,3.125892833140466e-19,1.87553569988428e-18,0.0,6.251785666280932e-19,1.2503571332561863e-18,1.2503571332561863e-18,8.127321366165212e-18,1.2503571332561863e-18,1.5629464165702332e-18,3.125892833140466e-19,6.251785666280932e-19,3.4384821164545128e-18,1.87553569988428e-18,6.8769642329090255e-18,6.564374949594979e-18,2.8133035498264193e-18,5.939196382966885e-18,4.782616034704914e-17,2.5319731948437773e-17,3.4384821164545125e-17,0.0,1.87553569988428e-18,1.2503571332561863e-18,1.2503571332561863e-18,1.2190982049247816e-17,2.5007142665123726e-18,2205.4970509490795,3173.5498115721102,1526.1283177015039,1229.4476920167945,1325.1017180626272,734.9865237677986,227.84230585142024,-213.45218239694782,47708.28292831196,9.541656585662393e+23,5.241677362964473e-23,5.958025232206966e-23
1.01304e-05,183147.0,6.10489,3e+22,1341.45,5134.26,41562.5,4.01639,4.06484,4.11857,-0.000254411499,0.000927300497,0.492013025,0.0404310614,0.0400144446,0.265974021,-0.000397382817,-0.000304038301,0.000352152304,1814.16712,-1113.83618,-1551.39827,-63.1646824,1523.79305,922.746267,714.17643,1471.04209,20282.7425,28500.0,183146.71641,6.104890547,-150.0,30000 3000,1e-06,2,0.0 0.0259,0.0 0.0,-1.0 0.0,0.00054857 28.0,30000,1000,0,0.0,0.0 0.0 0.0,1000 1000000 0,0,0.0,0,100,0,,50,,1,,,10,1.0,10.0,0.1,True,{},,,False,3,mixed,250,300,True,Ar_Aubin,,False,uniform,Argon_Aubin_Model3-test/50Td,3.0000000000000005e+21,8.312500000000001e+23,6.5643749495949784e-18,1.901030481831373e-13,1.8992487229164833e-13,6.251785666280932e-19,6.251785666280932e-19,6.251785666280932e-19,0.0,0.0,9.3776784994214e-19,6.251785666280932e-19,1.5629464165702332e-18,3.125892833140466e-19,1.2503571332561863e-18,1.5629464165702332e-18,6.251785666280932e-19,4.6888392497107e-18,4.6888392497107e-18,6.251785666280932e-19,9.3776784994214e-19,1.87553569988428e-18,4.6888392497107e-18,3.75107139976856e-18,4.3762499663966525e-18,6.251785666280933e-18,5.001428533024745e-18,5.314017816338792e-18,4.782616034704914e-17,2.500714266512373e-17,2.782044621495015e-17,0.0,1.5629464165702332e-18,3.4384821164545128e-18,6.251785666280932e-19,1.4379107032446144e-17,6.564374949594979e-18,1985.431295916968,1814.5084003053337,1436.140380542493,1519.0320481502729,926.7626740165706,-166.5488515625002,202.13311075547924,-1486.6587344590625,47255.73491928614,9.451146983857229e+23,1.389117100984056e-22,1.5793984841130775e-22
1.0166e-05,182994.0,6.09978,3e+22,4541.06,-1989.15,35148.2,4.0636,4.02062,4.10819,-0.000217954378,0.000842800673,0.493627817,0.0405386161,0.0401425533,0.26769551,-0.000386229253,-0.000288386957,0.000309908563,2491.09139,1517.43271,1145.79428,1989.08979,1474.27136,-117.289113,1878.462,-1807.52784,20214.199,28600.0,182993.530048,6.099784335,-150.0,30000 3000,1e-06,2,0.0 0.0259,0.0 0.0,-1.0 0.0,0.00054857 28.0,30000,1000,0,0.0,0.0 0.0 0.0,1000 1000000 0,0,0.0,0,100,0,,50,,1,,,10,1.0,10.0,0.1,True,{},,,False,3,mixed,250,300,True,Ar_Aubin,,False,uniform,Argon_Aubin_Model3-test/50Td,3.0000000000000005e+21,7.02964e+23,5.626607099652838e-18,1.8979202184623982e-13,1.8961040747263438e-13,3.125892833140466e-19,1.2503571332561863e-18,0.0,0.0,0.0,0.0,6.251785666280932e-19,9.3776784994214e-19,1.2503571332561863e-18,9.3776784994214e-19,1.2503571332561863e-18,1.2503571332561863e-18,5.314017816338792e-18,1.5629464165702332e-18,9.3776784994214e-19,1.2503571332561863e-18,6.251785666280932e-19,3.4384821164545128e-18,1.2503571332561863e-18,7.189553516223072e-18,4.6888392497107e-18,3.75107139976856e-18,4.3762499663966525e-18,5.4077946013330064e-17,2.7507856931636102e-17,3.21966961813468e-17,0.0,1.2503571332561863e-18,1.5629464165702332e-18,1.2503571332561863e-18,1.5942053449016377e-17,5.626607099652839e-18,1513.1623374604476,2492.081133907761,1804.147276965905,1475.947816958698,1827.0163433963044,2864.069762520601,-54.41163694997398,790.3234494027993,45429.00065831392,9.085800131662786e+23,1.2385496088660092e-22,1.6008236836176073e-22
1.02015e-05,182832.0,6.09439,3e+22,-1218.26,5847.13,41739.1,4.07693,4.02117,4.08058,-0.000339131178,0.00092365647,0.495230626,0.040682732,0.0402853188,0.269345784,-0.000369545812,-0.000326482632,0.000353336414,2574.52136,-194.202498,-1268.14004,-28.2385796,3358.41602,-673.076111,-815.442867,3371.14943,21198.8727,28700.0,182831.842886,6.094394763,-150.0,30000 3000,1e-06,2,0.0 0.0259,0.0 0.0,-1.0 0.0,0.00054857 28.0,30000,1000,0,0.0,0.0 0.0 0.0,1000 1000000 0,0,0.0,0,100,0,,50,,1,,,10,1.0,10.0,0.1,True,{},,,False,3,mixed,250,300,True,Ar_Aubin,,False,uniform,Argon_Aubin_Model3-test/50Td,3.0000000000000005e+21,8.347820000000001e+23,5.3140178163387916e-18,1.8942035318837942e-13,1.8924092693975718e-13,6.251785666280932e-19,6.251785666280932e-19,6.251785666280932e-19,0.0,6.251785666280932e-19,1.2503571332561863e-18,2.5007142665123726e-18,1.2503571332561863e-18,0.0,6.251785666280932e-19,1.87553569988428e-18,9.3776784994214e-19,5.314017816338792e-18,4.6888392497107e-18,9.3776784994214e-19,6.251785666280932e-19,1.87553569988428e-18,3.75107139976856e-18,1.87553569988428e-18,6.251785666280933e-18,6.8769642329090255e-18,5.939196382966885e-18,2.8133035498264193e-18,4.688839249710699e-17,2.500714266512373e-17,3.2821874747974894e-17,3.125892833140466e-19,1.2503571332561863e-18,1.87553569988428e-18,9.3776784994214e-19,1.3128749899189958e-17,5.314017816338792e-18,2026.2592931152012,2574.10821005109,2006.2043428943916,3353.015280544569,918.8641544838811,528.3920783233989,626.3574684579322,-1466.10821441758,45091.88249393685,9.01837649878737e+23,1.1784865750622246e-22,1.2731510301704617e-22
1.02371e-05,182944.0,6.09814,3e+22,10682.2,-8669.78,37455.4,4.07063,4.03959,4.07702,-0.000311305074,0.00085342277,0.496897739,0.0408398624,0.0404290988,0.271095845,-0.000367165962,-0.000313603196,0.000347217264,981.613947,85.7330531,2024.91208,471.212626,1537.4655,234.198399,4994.32837,-4587.96184,20369.8176,28800.0,182944.227886,6.09814093,-150.0,30000 3000,1e-06,2,0.0 0.0259,0.0 0.0,-1.0 0.0,0.00054857 28.0,30000,1000,0,0.0,0.0 0.0 0.0,1000 1000000 0,0,0.0,0,100,0,,50,,1,,,10,1.0,10.0,0.1,True,{},,,False,3,mixed,250,300,True,Ar_Aubin,,False,uniform,Argon_Aubin_Model3-test/50Td,3.0000000000000005e+21,7.491080000000001e+23,5.0014285330247444e-18,1.8946599122374326e-13,1.892862523858377e-13,1.5629464165702332e-18,3.125892833140466e-19,3.125892833140466e-19,0.0,3.125892833140466e-19,9.3776784994214e-19,6.251785666280932e-19,2.1881249831983263e-18,3.125892833140466e-19,3.125892833140466e-19,1.5629464165702332e-18,3.125892833140466e-19,6.251785666280933e-18,3.4384821164545128e-18,9.3776784994214e-19,3.125892833140466e-19,2.1881249831983263e-18,3.75107139976856e-18,9.3776784994214e-19,7.189553516223072e-18,6.251785666280933e-18,3.4384821164545128e-18,5.314017816338792e-18,4.782616034704914e-17,2.500714266512373e-17,3.1258928331404664e-17,3.125892833140466e-19,1.5629464165702332e-18,1.5629464165702332e-18,9.3776784994214e-19,1.750499986558661e-17,5.001428533024745e-18,2210.5321519352765,984.9393700614828,2024.2395760101244,1544.8644876628907,1351.3830909174853,1758.3140266593982,-10.744629888249008,1722.9394785228988,46900.949208617654,9.380189841723533e+23,1.0663810898108165e-22,1.3353023951218633e-22
1.02726e-05,182548.0,6.08493,3e+22,-2408.32,5194.14,42426.9,4.02607,4.06,4.07336,-0.000303132138,0.000832617495,0.498479256,0.0409893255,0.0405905494,0.27273476,-0.000360446966,-0.000303234967,0.000337288041,1510.62122,-673.490248,679.565319,1704.15135,1661.95134,357.993088,-357.08243,1657.76724,24240.249,28900.0,182547.803765,6.084926792,-150.0,30000 3000,1e-06,2,0.0 0.0259,0.0 0.0,-1.0 0.0,0.00054857 28.0,30000,1000,0,0.0,0.0 0.0 0.0,1000 1000000 0,0,0.0,0,100,0,,50,,1,,,10,1.0,10.0,0.1,True,{},,,False,3,mixed,250,300,True,Ar_Aubin,,False,uniform,Argon_Aubin_Model3-test/50Td,3.0000000000000005e+21,8.485380000000001e+23,5.3140178163387916e-18,1.8898647926313953e-13,1.8880236417526757e-13,1.5629464165702332e-18,3.125892833140466e-19,6.251785666280932e-19,0.0,0.0,3.125892833140466e-19,6.251785666280932e-19,9.3776784994214e-19,3.125892833140466e-19,9.3776784994214e-19,3.125892833140466e-19,9.3776784994214e-19,5.939196382966885e-18,1.87553569988428e-18,3.125892833140466e-19,6.251785666280932e-19,9.3776784994214e-19,5.939196382966885e-18,1.2503571332561863e-18,6.8769642329090255e-18,6.8769642329090255e-18,4.6888392497107e-18,4.3762499663966525e-18,5.157723174681769e-17,3.032116048146252e-17,3.1884106898032754e-17,0.0,1.87553569988428e-18,6.251785666280932e-19,1.5629464165702332e-18,1.4379107032446144e-17,5.314017816338792e-18,2102.4959876102243,1509.891180809412,2271.541163292196,1657.6266081645208,910.2353750220284,3091.3194536135998,190.92552651261983,1535.8414077156322,44492.87390210763,8.898574780421528e+23,1.1943525671168359e-22,1.2525114529552694e-22
1.03082e-05,182347.0,6.07823,3e+22,11512.4,-1726.22,41417.3,4.05542,4.05401,4.03651,-0.000318767116,0.000869898012,0.500131458,0.0411747668,0.0406963004,0.274473437,-0.000341596035,-0.000295103312,0.000358071572,711.852211,-373.304964,485.43576,1005.69306,1471.30905,-660.733677,6492.83818,-688.65972,22702.1427,29000.0,182346.997019,6.078233234,-150.0,30000 3000,1e-06,2,0.0 0.0259,0.0 0.0,-1.0 0.0,0.00054857 28.0,30000,1000,0,0.0,0.0 0.0 0.0,1000 1000000 0,0,0.0,0,100,0,,50,,1,,,10,1.0,10.0,0.1,True,{},,,False,3,mixed,250,300,True,Ar_Aubin,,False,uniform,Argon_Aubin_Model3-test/50Td,3.0000000000000005e+21,8.283460000000002e+23,6.876964232909025e-18,1.893215749748522e-13,1.8913558435128037e-13,1.87553569988428e-18,9.3776784994214e-19,6.251785666280932e-19,0.0,6.251785666280932e-19,6.251785666280932e-19,1.2503571332561863e-18,2.1881249831983263e-18,0.0,3.125892833140466e-19,6.251785666280932e-19,3.125892833140466e-19,5.939196382966885e-18,2.1881249831983263e-18,6.251785666280932e-19,1.2503571332561863e-18,3.4384821164545128e-18,4.6888392497107e-18,1.87553569988428e-18,7.50214279953712e-18,4.6888392497107e-18,3.1258928331404664e-18,6.8769642329090255e-18,4.6575803213792946e-17,2.375678553186754e-17,3.7823303280999636e-17,6.251785666280932e-19,1.5629464165702332e-18,1.2503571332561863e-18,1.2503571332561863e-18,1.469169631576019e-17,6.8769642329090255e-18,2608.376563758597,715.5219855462384,1486.655507346978,1472.8106853462748,1248.690141448918,1988.0480645765965,462.8456809490331,1233.763016194307,46481.457516304414,9.296291503260884e+23,1.4795070121234419e-22,1.6604086294637808e-22
1.03437e-05,182643.0,6.08809,3e+22,-1488.87,1290.89,43343.3,4.0321,4.06798,4.0654,-0.000299948643,0.000843375311,0.501830193,0.0412849193,0.040849669,0.276281217,-0.000341277569,-0.000287970417,0.000346384695,1954.95667,-53.7289476,558.167795,2162.16977,1914.00783,-1439.30633,-449.134503,735.96417,22224.2749,29100.0,182642.737527,6.088091251,-150.0,30000 3000,1e-06,2,0.0 0.0259,0.0 0.0,-1.0 0.0,0.00054857 28.0,30000,1000,0,0.0,0.0 0.0 0.0,1000 1000000 0,0,0.0,0,100,0,,50,,1,,,10,1.0,10.0,0.1,True,{},,,False,3,mixed,250,300,True,Ar_Aubin,,False,uniform,Argon_Aubin_Model3-test/50Td,3.0000000000000005e+21,8.668660000000001e+23,5.626607099652838e-18,1.8935470943888348e-13,1.8917528319026124e-13,6.251785666280932e-19,9.3776784994214e-19,1.2503571332561863e-18,0.0,3.125892833140466e-19,3.125892833140466e-19,1.5629464165702332e-18,1.2503571332561863e-18,0.0,6.251785666280932e-19,6.251785666280932e-19,6.251785666280932e-19,4.6888392497107e-18,3.4384821164545128e-18,3.125892833140466e-19,3.125892833140466e-19,0.0,3.4384821164545128e-18,1.5629464165702332e-18,5.939196382966885e-18,5.314017816338792e-18,4.6888392497107e-18,4.6888392497107e-18,5.126464246350364e-17,2.563232123175182e-17,3.313446403128894e-17,0.0,2.5007142665123726e-18,1.5629464165702332e-18,9.3776784994214e-19,1.6254642732330425e-17,5.626607099652839e-18,1549.625876847676,1954.5100854638965,2158.0013255733293,1912.9191252447831,1487.0092162219853,473.29829574310133,-49.77527558437988,869.1939754700518,47790.57205714245,9.558114411428492e+23,1.1773466726711684e-22,1.2981492179074593e-22
1.03792e-05,182590.0,6.08633,3e+22,1995.15,5260.02,41632.9,4.02832,4.0642,4.07009,-0.00022453082,0.000891210887,0.503472965,0.0413993417,0.0409928079,0.277982723,-0.000352358978,-0.000255942151,0.000357089016,1890.69913,990.534955,384.847073,582.351025,2067.58989,291.72749,-102.680833,2532.47314,22117.1402,29200.0,182589.775952,6.086325865,-150.0,30000 3000,1e-06,2,0.0 0.0259,0.0 0.0,-1.0 0.0,0.00054857 28.0,30000,1000,0,0.0,0.0 0.0 0.0,1000 1000000 0,0,0.0,0,100,0,,50,,1,,,10,1.0,10.0,0.1,True,{},,,False,3,mixed,250,300,True,Ar_Aubin,,False,uniform,Argon_Aubin_Model3-test/50Td,3.0000000000000005e+21,8.326580000000002e+23,3.1258928331404657e-18,1.8920372881504278e-13,1.890208640843041e-13,1.5629464165702332e-18,3.125892833140466e-19,3.125892833140466e-19,0.0,0.0,1.2503571332561863e-18,1.2503571332561863e-18,1.2503571332561863e-18,6.251785666280932e-19,0.0,6.251785666280932e-19,1.5629464165702332e-18,5.626607099652839e-18,9.3776784994214e-19,0.0,0.0,1.87553569988428e-18,3.75107139976856e-18,2.1881249831983263e-18,5.939196382966885e-18,5.626607099652839e-18,5.314017816338792e-18,5.626607099652839e-18,4.4700267513908664e-17,2.782044621495015e-17,4.063660683082606e-17,0.0,2.1881249831983263e-18,2.5007142665123726e-18,1.5629464165702332e-18,1.469169631576019e-17,3.1258928331404664e-18,1610.0811230047825,1891.1471026655229,2012.2987091170721,2062.9021029101623,703.6370462268745,1156.1005954514985,-153.32002811887872,-712.989976943772,46216.16299155643,9.243232598311289e+23,6.763635556918816e-23,7.508227467076437e-23
1.04148e-05,182278.0,6.07593,3e+22,3068.82,5988.46,38589.9,4.0282,4.02199,4.09295,-0.000127138549,0.000919006062,0.505131925,0.0415470109,0.0411451682,0.279733922,-0.00036322827,-0.00020041278,0.000379710357,2307.89461,1066.95885,-463.672271,-93.593379,1133.64885,-292.710121,306.513233,1409.74433,19721.4654,29300.0,182277.95981,6.075931994,-150.0,30000 3000,1e-06,2,0.0 0.0259,0.0 0.0,-1.0 0.0,0.00054857 28.0,30000,1000,0,0.0,0.0 0.0 0.0,1000 1000000 0,0,0.0,0,100,0,,50,,1,,,10,1.0,10.0,0.1,True,{},,,False,3,mixed,250,300,True,Ar_Aubin,,False,uniform,Argon_Aubin_Model3-test/50Td,3.0000000000000005e+21,7.717980000000002e+23,5.0014285330247444e-18,1.8889426542456188e-13,1.8870421114030695e-13,1.5629464165702332e-18,0.0,3.125892833140466e-19,0.0,0.0,6.251785666280932e-19,1.2503571332561863e-18,3.1258928331404664e-18,0.0,1.5629464165702332e-18,6.251785666280932e-19,1.2503571332561863e-18,4.6888392497107e-18,1.2503571332561863e-18,9.3776784994214e-19,3.125892833140466e-19,1.2503571332561863e-18,5.314017816338792e-18,2.5007142665123726e-18,5.314017816338792e-18,7.814732082851166e-18,5.939196382966885e-18,4.6888392497107e-18,5.126464246350364e-17,3.000857119814848e-17,3.2821874747974894e-17,0.0,2.1881249831983263e-18,2.8133035498264193e-18,2.1881249831983263e-18,1.3441339182504003e-17,5.001428533024745e-18,2077.6731993237895,2308.284775321942,2142.4711031963907,1128.1454189579556,1096.6796221961702,228.47492744249757,188.65769744595744,-1702.411728186445,46671.5805702,9.334316114040001e+23,1.0716218460829625e-22,1.2960459946837759e-22
1.04503e-05,182234.0,6.07446,3e+22,6479.19,-4613.4,43279.0,4.04904,4.01331,4.07556,-1.10831143e-05,0.00102020574,0.506783409,0.0416965878,0.0412798825,0.281456275,-0.000351082348,-0.000140847596,0.000431512378,1331.43939,1081.87345,167.853467,-175.045995,984.477506,-720.175704,3295.9089,-2173.0527,23156.3253,29400.0,182233.812985,6.074460433,-150.0,30000 3000,1e-06,2,0.0 0.0259,0.0 0.0,-1.0 0.0,0.00054857 28.0,30000,1000,0,0.0,0.0 0.0 0.0,1000 1000000 0,0,0.0,0,100,0,,50,,1,,,10,1.0,10.0,0.1,True,{},,,False,3,mixed,250,300,True,Ar_Aubin,,False,uniform,Argon_Aubin_Model3-test/50Td,3.0000000000000005e+21,8.655800000000001e+23,5.0014285330247444e-18,1.8896678613829074e-13,1.8878392140755205e-13,3.125892833140466e-19,6.251785666280932e-19,9.3776784994214e-19,0.0,3.125892833140466e-19,0.0,2.5007142665123726e-18,1.2503571332561863e-18,0.0,9.3776784994214e-19,6.251785666280932e-19,1.2503571332561863e-18,5.626607099652839e-18,1.2503571332561863e-18,9.3776784994214e-19,6.251785666280932e-19,1.87553569988428e-18,5.626607099652839e-18,2.1881249831983263e-18,6.8769642329090255e-18,5.001428533024745e-18,4.3762499663966525e-18,4.6888392497107e-18,5.095205318018959e-17,2.969598191483443e-17,3.032116048146252e-17,0.0,2.5007142665123726e-18,1.87553569988428e-18,9.3776784994214e-19,1.3753928465818051e-17,5.001428533024745e-18,2104.251764999379,1331.5111996033413,1892.2005715235255,989.184123160916,720.0793428176777,1223.2461418890016,27.012846928542718,180.69603734508019,46461.25799681324,9.29225159936265e+23,1.076472904235135e-22,1.1556247910129033e-22
1.04859e-05,182055.0,6.0685,3e+22,-464.272,639.9,40671.8,4.0061,4.01751,4.10397,2.96658323e-05,0.000971264199,0.508440732,0.041861104,0.0414473333,0.283234336,-0.000336118954,-0.000140977028,0.000410752739,1033.49049,318.03978,769.756835,1445.51463,995.256328,1334.35997,-536.668136,1314.62724,21448.6243,29500.0,182054.872388,6.068495746,-150.0,30000 3000,1e-06,2,0.0 0.0259,0.0 0.0,-1.0 0.0,0.00054857 28.0,30000,1000,0,0.0,0.0 0.0 0.0,1000 1000000 0,0,0.0,0,100,0,,50,,1,,,10,1.0,10.0,0.1,True,{},,,False,3,mixed,250,300,True,Ar_Aubin,,False,uniform,Argon_Aubin_Model3-test/50Td,3.0000000000000005e+21,8.134360000000001e+23,6.5643749495949784e-18,1.8884768962134808e-13,1.8866169899777625e-13,6.251785666280932e-19,0.0,3.125892833140466e-19,0.0,0.0,6.251785666280932e-19,1.2503571332561863e-18,9.3776784994214e-19,3.125892833140466e-19,3.125892833140466e-19,9.3776784994214e-19,6.251785666280932e-19,4.3762499663966525e-18,2.1881249831983263e-18,6.251785666280932e-19,1.5629464165702332e-18,1.5629464165702332e-18,4.6888392497107e-18,2.1881249831983263e-18,6.251785666280933e-18,8.439910649479259e-18,4.063660683082606e-18,6.251785666280933e-18,4.720098178042104e-17,2.969598191483443e-17,3.1884106898032754e-17,0.0,1.87553569988428e-18,3.4384821164545128e-18,9.3776784994214e-19,1.6254642732330425e-17,6.564374949594979e-18,2314.159395784287,1033.5042630152934,2356.820652006607,994.63481603906,1343.4464229615317,769.4245362424008,-585.9967235504989,467.93693172896485,46625.526791089374,9.325105358217876e+23,1.4078929293404785e-22,1.6139868286122026e-22
1.05214e-05,182149.0,6.07163,3e+22,-5217.04,-8624.03,50153.2,4.04884,4.00324,4.07631,7.31303048e-05,0.000912259791,0.510060664,0.0419957455,0.0415543864,0.284968297,-0.00034486465,-0.000118301593,0.000384201358,2317.6995,-1644.0633,-1143.14317,-439.092636,1130.33704,466.622742,-3155.5713,-6439.35306,27010.2696,29600.0,182148.952095,6.071631737,-150.0,30000 3000,1e-06,2,0.0 0.0259,0.0 0.0,-1.0 0.0,0.00054857 28.0,30000,1000,0,0.0,0.0 0.0 0.0,1000 1000000 0,0,0.0,0,100,0,,50,,1,,,10,1.0,10.0,0.1,True,{},,,False,3,mixed,250,300,True,Ar_Aubin,,False,uniform,Argon_Aubin_Model3-test/50Td,3.0000000000000005e+21,1.0030640000000002e+24,3.751071399768559e-18,1.8897678899535679e-13,1.8879986346100107e-13,6.251785666280932e-19,6.251785666280932e-19,0.0,0.0,6.251785666280932e-19,6.251785666280932e-19,1.2503571332561863e-18,1.5629464165702332e-18,0.0,6.251785666280932e-19,9.3776784994214e-19,0.0,5.314017816338792e-18,2.8133035498264193e-18,1.87553569988428e-18,9.3776784994214e-19,1.5629464165702332e-18,2.5007142665123726e-18,9.3776784994214e-19,3.75107139976856e-18,5.626607099652839e-18,5.626607099652839e-18,3.75107139976856e-18,5.001428533024746e-17,3.0946339048090613e-17,3.21966961813468e-17,0.0,1.87553569988428e-18,2.8133035498264193e-18,1.87553569988428e-18,1.187839276593377e-17,3.75107139976856e-18,1893.8742006015211,2318.081023725354,1507.427630832436,1138.2043958053775,1182.4033007765972,1429.0951062751992,12.881010347073,-1641.3753022881347,45573.604460776965,9.114720892155395e+23,8.230798165189958e-23,7.479226449695252e-23
1.0557e-05,182836.0,6.09453,3e+22,-11545.9,7623.68,46106.7,4.04719,4.04993,4.07877,-1.1753328e-05,0.000983263103,0.511798412,0.0421311836,0.0416883863,0.286827316,-0.00038343989,-0.000163023436,0.000403637193,2168.50426,-384.738988,-1088.34423,-741.594564,901.472432,-2037.80655,-6857.1296,4579.39113,24542.7895,29700.0,182835.827145,6.094527572,-150.0,30000 3000,1e-06,2,0.0 0.0259,0.0 0.0,-1.0 0.0,0.00054857 28.0,30000,1000,0,0.0,0.0 0.0 0.0,1000 1000000 0,0,0.0,0,100,0,,50,,1,,,10,1.0,10.0,0.1,True,{},,,False,3,mixed,250,300,True,Ar_Aubin,,False,uniform,Argon_Aubin_Model3-test/50Td,3.0000000000000005e+21,9.221340000000001e+23,3.1258928331404657e-18,1.8866857596200916e-13,1.8849321337406997e-13,1.2503571332561863e-18,9.3776784994214e-19,0.0,0.0,0.0,0.0,0.0,6.251785666280932e-19,0.0,6.251785666280932e-19,3.4384821164545128e-18,9.3776784994214e-19,3.4384821164545128e-18,1.87553569988428e-18,6.251785666280932e-19,0.0,3.1258928331404664e-18,4.6888392497107e-18,1.2503571332561863e-18,5.939196382966885e-18,5.626607099652839e-18,5.626607099652839e-18,5.626607099652839e-18,4.813874963036317e-17,3.344705331460299e-17,2.7507856931636102e-17,0.0,1.2503571332561863e-18,3.125892833140466e-19,6.251785666280932e-19,1.5316874882388284e-17,3.1258928331404664e-18,1905.2157227201947,2168.368557250245,1883.0187815659835,893.976348746921,1171.5360412209077,945.4536574396006,-39.54426083472049,-2035.7586377211028,48888.126171035576,9.777625234207116e+23,6.393971456800164e-23,6.77969326180461e-23
1.05925e-05,182647.0,6.08822,3e+22,404.674,9443.32,47494.5,4.02439,4.05416,4.08455,-1.2400111e-05,0.00113561737,0.513346977,0.0422314581,0.0418172296,0.288504426,-0.000394215051,-0.000175358664,0.000490978808,61.2065519,1160.4759,-1372.84222,-203.022195,2810.30859,-707.326229,324.523189,3852.84949,26099.9456,29800.0,182646.55295,6.088218432,-150.0,30000 3000,1e-06,2,0.0 0.0259,0.0 0.0,-1.0 0.0,0.00054857 28.0,30000,1000,0,0.0,0.0 0.0 0.0,1000 1000000 0,0,0.0,0,100,0,,50,,1,,,10,1.0,10.0,0.1,True,{},,,False,3,mixed,250,300,True,Ar_Aubin,,False,uniform,Argon_Aubin_Model3-test/50Td,3.0000000000000005e+21,9.498900000000001e+23,5.0014285330247444e-18,1.8901898854860418e-13,1.8884425113923166e-13,3.125892833140466e-19,3.125892833140466e-19,3.125892833140466e-19,0.0,3.125892833140466e-19,1.2503571332561863e-18,1.5629464165702332e-18,9.3776784994214e-19,0.0,1.87553569988428e-18,9.3776784994214e-19,1.87553569988428e-18,3.75107139976856e-18,2.5007142665123726e-18,6.251785666280932e-19,1.5629464165702332e-18,3.1258928331404664e-18,3.4384821164545128e-18,1.87553569988428e-18,7.814732082851166e-18,5.314017816338792e-18,5.001428533024745e-18,5.001428533024745e-18,4.5638035363850805e-17,2.7507856931636102e-17,2.969598191483443e-17,0.0,2.1881249831983263e-18,1.87553569988428e-18,1.5629464165702332e-18,1.1565803482619724e-17,5.001428533024745e-18,1410.5128142878214,61.21156990251882,1807.835606276407,2799.584591777532,1260.4406010788068,1718.7876008735002,-337.1745179348297,-1255.4682684986085,43565.83411636954,8.713166823273908e+23,1.1480162458648977e-22,1.0530542553400383e-22
1.06281e-05,182759.0,6.09195,3e+22,-1966.7,5884.55,42261.3,4.04245,4.09642,4.03467,-1.59491244e-05,0.00110319724,0.515090492,0.0423731786,0.0419669106,0.290396742,-0.000414732539,-0.000211393363,0.000462179636,2461.68045,181.560906,-445.36933,-1166.78056,1263.63151,1153.80513,-1559.03688,2958.72409,24065.4655,29900.0,182758.637556,6.091954585,-150.0,30000 3000,1e-06,2,0.0 0.0259,0.0 0.0,-1.0 0.0,0.00054857 28.0,30000,1000,0,0.0,0.0 0.0 0.0,1000 1000000 0,0,0.0,0,100,0,,50,,1,,,10,1.0,10.0,0.1,True,{},,,False,3,mixed,250,300,True,Ar_Aubin,,False,uniform,Argon_Aubin_Model3-test/50Td,3.0000000000000005e+21,8.452260000000002e+23,4.3762499663966525e-18,1.892665592609889e-13,1.8907587979816737e-13,9.3776784994214e-19,9.3776784994214e-19,0.0,0.0,0.0,0.0,1.2503571332561863e-18,9.3776784994214e-19,3.125892833140466e-19,9.3776784994214e-19,9.3776784994214e-19,9.3776784994214e-19,5.939196382966885e-18,1.87553569988428e-18,6.251785666280932e-19,6.251785666280932e-19,1.2503571332561863e-18,3.4384821164545128e-18,9.3776784994214e-19,5.626607099652839e-18,5.626607099652839e-18,4.3762499663966525e-18,4.3762499663966525e-18,5.720383884647054e-17,3.0946339048090613e-17,3.657294614774345e-17,0.0,2.1881249831983263e-18,1.5629464165702332e-18,1.5629464165702332e-18,1.4379107032446144e-17,4.3762499663966525e-18,1993.5125134079262,2461.6490828570422,2106.5114284929537,1257.139690681358,1395.677728151231,2297.071690440396,-961.7282731984793,-990.7037086525943,49050.3693867569,9.810073877351382e+23,8.921951090501258e-23,1.0355218524741672e-22
1.06636e-05,183016.0,6.10055,3e+22,2995.26,-1210.73,41989.4,4.04745,4.09243,4.05113,-3.37276294e-05,0.00114222519,0.516712757,0.0425569387,0.042042748,0.292158027,-0.000435113159,-0.000222081065,0.000486511393,2072.24396,-963.929302,-324.087886,93.6837359,1969.44073,66.5667907,1563.7878,400.884085,21748.2034,30000.0,183016.365658,6.100545522,-150.0,30000 3000,1e-06,2,0.0 0.0259,0.0 0.0,-1.0 0.0,0.00054857 28.0,30000,1000,0,0.0,0.0 0.0 0.0,1000 1000000 0,0,0.0,0,100,0,,50,,1,,,10,1.0,10.0,0.1,True,{},,,False,3,mixed,250,300,True,Ar_Aubin,,False,uniform,Argon_Aubin_Model3-test/50Td,3.0000000000000005e+21,8.397880000000002e+23,6.5643749495949784e-18,1.8960821934765116e-13,1.8943660783111178e-13,9.3776784994214e-19,0.0,3.125892833140466e-19,0.0,0.0,3.125892833140466e-19,1.5629464165702332e-18,1.2503571332561863e-18,0.0,0.0,6.251785666280932e-19,1.2503571332561863e-18,7.189553516223072e-18,2.1881249831983263e-18,3.125892833140466e-19,1.87553569988428e-18,9.3776784994214e-19,4.6888392497107e-18,1.5629464165702332e-18,5.001428533024745e-18,7.189553516223072e-18,3.4384821164545128e-18,5.001428533024745e-18,4.720098178042104e-17,2.938339263152038e-17,2.6257499798379917e-17,3.125892833140466e-19,2.1881249831983263e-18,1.5629464165702332e-18,3.125892833140466e-19,1.2190982049247816e-17,6.564374949594979e-18,2584.852284987468,2072.344983019236,1065.5354246354389,1970.8236563042888,1229.7892591036277,51.744761224199465,-41.50882982937147,-306.5729356098916,45639.23883259032,9.127847766518066e+23,1.438318236128744e-22,1.5633409740541608e-22
