0,0,0,0,0,0,0,0,0,0,0,0,0,0,0,0,0,0,0,0,0,0,0,0,0,0,0,0,0,0,0,0,0,0
100,205192,0,0,0,0,0,0,0,0,0,0,0,0,0,0,0,0,0,0,0,0,0,0,0,0,0,0,0,0,0,0,0,0
200,718587,0,0,0,0,0,0,0,0,0,0,0,0,0,0,0,0,0,0,0,0,0,0,0,0,0,0,0,0,0,0,0,0
300,1434758,0,0,0,0,0,0,0,0,0,0,0,0,0,0,0,0,0,0,0,0,0,0,0,0,0,0,0,0,0,0,0,0
400,2322912,0,0,0,0,0,0,0,0,0,0,0,0,0,0,0,0,0,0,0,0,0,0,0,0,0,0,0,0,0,0,0,0
500,3367978,0,0,0,0,0,0,0,0,0,0,0,0,0,0,0,0,0,0,0,0,0,0,0,0,0,0,0,0,0,0,0,0
600,4565772,0,0,0,0,0,0,0,0,0,0,0,0,0,0,0,0,0,0,0,0,0,0,0,0,0,0,0,0,0,0,0,0
700,5902445,0,0,0,0,0,0,0,0,0,0,0,0,0,0,0,0,0,0,0,0,0,0,0,0,0,0,0,0,0,0,0,0
800,7363276,0,0,0,0,0,0,0,0,0,0,0,0,0,0,0,0,0,0,0,0,0,0,0,0,0,0,0,0,0,0,0,0
900,8942409,0,0,0,0,0,0,0,0,0,0,0,0,0,0,0,0,0,0,0,0,0,0,0,0,0,0,0,0,0,0,0,0
1000,10632786,0,0,0,0,0,0,0,0,0,0,0,0,0,0,0,0,0,0,0,0,0,0,0,0,0,0,0,0,0,0,0,0
1100,12435016,0,0,0,0,0,0,0,0,0,0,0,0,0,0,0,0,0,0,0,0,0,0,0,0,0,0,0,0,0,0,0,0
1200,14337483,0,0,0,0,0,0,0,0,0,0,0,0,0,0,0,0,0,0,0,0,0,0,0,0,0,0,0,0,0,0,0,0
1300,16339331,0,0,0,0,0,0,0,0,0,0,0,0,0,0,0,0,0,0,0,0,0,0,0,0,0,0,0,0,0,0,0,0
1400,18434086,0,0,0,0,0,0,0,0,0,0,0,0,0,0,0,0,0,0,0,0,0,0,0,0,0,1,0,0,0,0,0,0
1500,20621996,0,0,0,0,0,0,0,0,0,0,0,0,0,0,0,0,0,0,0,0,0,0,0,0,0,2,0,0,0,0,0,0
1600,22897537,0,0,0,0,0,0,0,0,0,0,0,0,0,0,0,0,0,0,0,0,0,0,0,0,0,2,0,0,0,0,0,0
1700,25258889,0,0,0,0,0,0,0,0,0,0,0,0,0,0,0,0,0,0,0,0,0,0,0,0,0,3,0,0,0,0,0,0
1800,27699514,0,0,0,0,0,0,0,0,0,0,0,0,0,0,0,0,0,0,0,0,0,0,0,0,3,5,0,0,0,0,0,0
1900,30215600,0,0,0,0,0,0,0,0,0,0,0,0,0,0,0,0,0,0,0,0,0,0,0,0,3,6,0,0,0,0,0,0
2000,32806111,0,0,0,0,0,0,0,0,0,0,0,0,0,0,0,0,0,0,0,0,0,0,0,1,4,8,0,0,0,0,0,0
2100,35469962,0,0,0,0,0,0,0,0,0,0,0,0,0,0,0,0,0,1,0,0,0,0,0,2,5,10,0,0,0,0,0,0
2200,38194471,0,0,0,0,0,0,0,0,0,0,0,0,0,0,0,0,0,1,0,0,0,0,1,3,5,14,0,0,0,0,0,0
2300,40984451,0,0,0,0,0,0,0,0,0,0,0,0,0,0,0,0,0,1,0,0,0,0,1,4,6,20,0,0,0,0,0,0
2400,43840495,0,0,0,0,0,0,0,0,0,0,0,0,0,0,0,0,0,1,0,0,0,0,2,4,10,24,0,0,0,0,1,0
2500,46752659,0,0,0,0,0,0,0,0,0,0,0,0,0,0,0,0,0,1,0,0,0,0,3,8,12,26,0,0,0,0,1,0
2600,49724474,0,0,0,0,0,0,0,0,0,0,0,0,0,0,0,0,0,1,0,0,0,0,3,10,15,27,0,0,0,0,1,0
2700,52749093,0,0,0,0,0,0,0,0,0,0,0,0,0,0,0,0,0,1,0,0,0,0,3,14,23,35,0,0,0,0,1,0
2800,55829102,0,0,0,0,0,0,0,0,0,0,0,0,0,0,0,0,0,1,0,0,0,0,4,17,25,41,0,0,0,0,1,0
2900,58954691,0,0,0,0,0,0,0,0,0,0,0,0,0,0,0,0,0,1,0,0,0,0,5,20,30,49,0,0,0,0,1,0
3000,62118063,0,0,0,0,0,0,0,0,0,0,0,0,0,0,0,0,0,1,0,0,0,0,7,26,33,56,0,0,0,0,1,0
3100,65324049,0,0,0,0,0,0,0,0,0,0,0,0,0,0,0,0,0,1,0,0,0,0,8,31,36,65,0,0,0,0,1,0
3200,68565228,0,0,0,0,0,0,0,0,0,0,0,0,0,0,0,0,0,1,0,0,0,0,10,36,41,72,0,0,0,0,1,0
3300,71844367,0,0,0,0,0,0,0,0,0,0,0,0,0,0,0,0,0,1,0,0,0,0,13,43,49,87,0,0,0,0,1,0
3400,75154742,0,0,0,0,0,0,0,0,0,0,0,0,0,0,0,0,0,1,0,0,0,0,15,47,62,91,0,0,0,0,1,0
3500,78510593,0,0,0,0,0,0,0,0,0,0,0,0,0,0,0,0,0,1,0,0,0,0,15,50,67,104,0,0,0,0,1,0
3600,81906267,0,0,0,0,0,0,0,0,0,0,0,0,0,0,0,0,0,1,0,0,1,0,16,54,74,109,0,0,0,0,1,0
3700,85325922,0,0,0,0,0,0,0,0,0,0,0,0,0,0,0,0,0,1,0,0,1,0,18,60,81,125,0,0,0,0,1,0
3800,88770693,0,0,0,0,0,0,0,0,0,0,0,0,0,0,0,0,0,1,0,0,1,0,20,64,88,142,0,0,0,0,1,0
3900,92250966,0,0,0,0,0,0,0,0,0,0,0,0,0,0,0,0,0,1,0,0,1,0,22,74,93,148,0,0,0,0,1,0
4000,95770695,0,0,0,0,0,0,0,0,0,0,0,0,0,0,0,0,0,1,0,0,1,0,24,77,107,156,0,0,0,0,1,0
4100,99314276,0,0,0,0,0,0,0,0,0,0,0,0,0,0,0,0,0,2,0,0,1,0,25,85,116,166,0,0,0,0,1,0
4200,102881298,0,0,0,0,0,0,0,0,0,0,0,0,0,0,0,0,0,2,0,0,1,0,28,92,132,178,0,0,0,0,1,0
4300,106459938,0,0,0,0,0,0,0,0,0,0,0,0,0,0,0,0,0,2,0,0,1,0,28,103,144,199,0,0,0,0,1,0
4400,110045946,0,0,0,0,0,0,0,0,0,0,0,0,0,0,0,0,0,2,0,0,1,0,32,108,158,209,0,0,0,0,1,0
4500,113653511,0,0,0,0,0,0,0,0,0,0,0,0,0,0,0,0,0,2,0,0,1,0,34,112,171,217,0,0,0,0,1,0
4600,117279675,0,0,0,0,0,0,0,0,0,0,0,0,0,0,0,0,0,2,0,0,2,0,34,116,187,229,0,0,0,0,1,0
4700,120922324,0,0,0,0,0,0,0,0,0,0,0,0,0,0,0,0,0,2,0,0,2,0,38,122,199,245,0,0,0,0,1,0
4800,124577343,0,0,0,0,0,0,0,0,0,0,0,0,0,0,0,0,0,2,0,0,2,0,39,133,209,259,0,0,0,0,1,0
4900,128257730,0,0,0,0,0,0,1,0,0,0,0,0,0,0,0,0,0,2,0,0,2,0,42,141,222,268,0,0,0,0,1,0
5000,131949348,0,0,0,0,0,0,1,0,0,0,0,0,0,0,0,0,0,2,0,0,2,0,46,147,240,279,0,0,0,0,1,0
5100,135642467,0,0,0,0,0,0,1,0,0,0,0,0,0,0,0,0,0,2,0,0,2,0,49,158,251,301,0,0,0,0,1,0
5200,139343635,0,0,0,0,0,0,1,0,0,0,0,0,0,0,0,0,0,2,0,0,2,0,51,166,263,310,0,0,0,0,1,0
5300,143064036,0,0,0,0,0,0,1,0,0,0,0,0,0,0,0,0,0,3,0,0,2,0,54,172,271,329,0,0,0,0,1,0
5400,146793572,0,0,0,0,0,0,1,0,0,0,0,0,0,0,0,0,0,4,0,0,2,0,54,179,285,339,0,0,0,0,1,0
5500,150539070,0,0,0,0,0,0,1,0,0,0,0,0,0,0,0,0,0,4,0,0,2,0,59,186,299,354,0,0,0,0,1,0
5600,154293592,0,0,0,0,0,0,1,0,0,0,0,0,0,0,0,0,0,4,0,0,2,0,62,190,310,365,0,0,0,0,1,0
5700,158068015,0,0,0,0,0,0,1,0,0,0,0,0,0,0,0,0,0,4,0,0,2,0,65,197,322,378,0,0,0,0,1,0
5800,161859780,0,0,0,0,0,0,1,0,0,0,0,0,0,0,0,0,0,4,0,0,2,0,67,210,334,386,0,0,0,0,1,0
5900,165656659,0,0,0,0,0,0,1,0,0,0,0,0,0,0,0,0,0,4,0,0,2,0,68,224,345,399,0,0,0,0,1,0
6000,169447637,0,0,0,0,0,0,1,0,0,0,0,0,0,0,0,0,0,4,0,0,2,0,69,231,356,418,0,0,0,0,1,0
6100,173245818,0,0,0,0,0,0,1,0,0,0,0,0,0,0,0,0,0,4,0,0,2,0,70,236,366,433,0,0,0,0,1,0
6200,177056123,0,0,0,0,0,0,1,0,0,0,0,0,0,0,0,0,0,4,0,0,2,0,70,245,384,456,0,0,0,0,1,0
6300,180864207,0,0,0,0,0,0,1,0,0,0,0,0,0,0,0,0,0,4,0,0,2,0,71,252,397,475,0,0,0,0,1,0
6400,184683758,0,0,0,0,0,0,1,0,0,0,0,0,0,0,0,0,0,4,0,0,2,0,72,262,411,494,0,0,0,0,1,0
6500,188503902,0,0,0,0,0,0,1,0,0,0,0,0,0,0,0,0,0,4,0,0,2,0,75,270,428,520,0,0,0,0,1,0
6600,192324672,0,0,0,0,0,0,1,0,0,0,0,0,0,0,0,0,0,4,0,0,2,0,77,284,439,543,0,0,0,0,1,0
6700,196151923,0,1,0,0,0,0,1,0,0,0,0,0,0,0,0,0,0,4,0,1,2,0,78,291,448,560,0,0,0,0,1,0
6800,199983363,0,1,0,0,0,0,1,0,0,0,0,0,0,0,0,0,0,4,0,1,2,0,79,299,457,587,0,0,0,0,1,0
6900,203811579,0,1,0,0,0,0,1,0,0,0,0,0,0,0,0,0,0,4,0,2,2,0,80,308,471,609,0,0,0,0,1,0
7000,207659238,0,1,0,0,0,0,1,0,0,0,0,0,0,0,0,0,0,4,0,2,2,0,81,321,480,624,0,0,0,0,1,0
7100,211517926,0,1,0,0,0,0,1,0,0,0,0,0,0,0,0,0,0,4,0,2,2,0,84,335,485,637,0,0,0,0,1,0
7200,215396166,0,1,0,0,0,0,1,0,0,0,0,0,0,0,0,0,0,4,0,2,2,0,84,348,506,651,0,0,0,0,1,0
7300,219283604,0,1,0,0,0,0,1,0,0,0,0,0,0,0,0,0,0,4,0,2,2,0,84,358,516,668,0,0,0,0,1,0
7400,223174269,0,1,0,0,0,0,1,0,0,0,0,0,0,0,0,0,0,4,0,2,2,0,87,366,523,690,0,0,0,0,1,0
7500,227077216,0,1,0,0,0,0,1,0,0,0,0,0,0,0,0,0,0,4,0,2,2,0,90,379,544,706,0,0,0,0,1,0
7600,230982039,0,1,0,0,0,0,1,0,0,0,0,0,0,0,0,0,0,4,0,2,2,0,90,390,557,713,0,0,0,0,1,0
7700,234897319,0,1,0,0,0,0,1,0,0,0,0,0,1,0,0,0,0,4,0,2,2,0,93,398,569,735,0,0,0,0,1,0
7800,238813863,0,1,0,0,0,0,1,0,0,0,0,0,1,0,0,0,0,4,0,2,2,0,95,405,585,764,0,0,0,0,1,0
7900,242727296,0,1,0,0,0,0,1,0,0,0,0,0,1,0,0,0,0,4,0,2,2,0,99,418,602,777,0,0,0,0,1,0
8000,246635453,0,1,0,0,0,0,1,0,0,0,0,0,1,0,0,0,0,4,0,2,2,0,102,429,617,799,0,0,0,0,1,0
8100,250535342,0,1,0,0,0,0,1,0,0,0,0,0,1,0,0,0,0,4,0,2,2,0,105,442,631,823,0,0,0,0,1,0
8200,254436511,0,1,0,0,0,0,1,0,0,0,0,0,1,0,0,0,0,4,0,2,3,0,107,449,646,847,0,0,0,0,1,0
8300,258335084,0,1,0,0,0,0,1,0,0,0,0,0,1,0,0,0,0,5,0,2,3,0,108,459,662,867,0,0,0,0,1,0
8400,262230307,0,1,0,0,0,0,1,0,0,0,0,0,1,0,0,0,0,5,0,2,3,0,109,466,678,884,0,0,0,0,1,0
8500,266140584,0,1,0,0,0,0,1,0,0,0,0,0,1,0,0,0,0,5,0,2,3,0,111,474,692,903,0,0,0,0,1,0
8600,270056479,0,1,0,0,0,0,1,0,0,0,0,0,1,0,0,0,0,5,0,2,3,0,116,484,705,927,0,0,0,0,1,0
8700,273966493,0,1,0,0,0,0,1,0,0,0,0,0,1,0,0,0,0,5,0,2,3,0,117,492,723,949,0,0,0,0,1,0
8800,277883160,0,1,0,0,0,0,1,0,0,0,0,0,1,0,0,0,0,5,0,2,3,0,119,499,733,961,0,0,0,0,1,0
8900,281807465,0,1,0,0,0,0,1,0,0,0,0,0,1,0,0,0,0,5,0,2,3,0,124,507,742,983,0,0,0,0,1,0
9000,285731021,0,1,0,0,0,0,1,0,0,0,0,0,1,0,0,0,0,5,0,2,3,0,131,518,750,999,0,0,0,0,1,0
9100,289657489,0,1,0,0,0,0,1,0,0,0,0,0,1,0,0,0,0,5,0,2,3,0,131,529,756,1015,0,0,0,0,1,0
9200,293580804,0,1,0,0,0,0,1,0,0,0,0,0,1,0,0,0,0,5,0,2,3,0,134,534,778,1031,0,0,0,0,1,0
9300,297508228,0,1,0,0,0,0,1,0,0,0,0,0,1,0,0,0,0,5,0,2,3,0,135,547,794,1051,0,0,0,0,1,0
9400,301431428,0,1,0,0,0,0,1,0,0,0,0,0,1,0,0,0,0,6,0,2,3,0,140,556,811,1066,0,0,0,0,1,0
9500,305349864,0,1,0,0,0,0,1,0,0,0,0,0,1,0,0,0,0,6,0,2,3,0,142,566,830,1082,0,0,0,0,1,0
9600,309283681,0,1,0,0,0,0,1,0,0,0,0,0,1,0,0,0,0,7,0,2,3,0,143,577,841,1104,0,0,0,0,1,0
9700,313218258,0,1,0,0,0,0,1,0,0,0,0,0,1,0,0,0,0,7,0,2,3,0,144,588,851,1122,0,0,0,0,1,0
9800,317161206,0,1,0,0,0,0,1,0,0,0,0,0,1,0,0,0,0,7,0,2,3,0,144,606,871,1139,0,0,0,0,1,0
9900,321106046,0,1,0,0,0,0,1,0,0,0,0,0,1,0,0,0,0,7,0,2,3,0,146,615,883,1155,0,0,0,0,1,0
10000,325054228,0,1,0,0,0,0,1,0,0,0,0,0,1,0,0,0,0,7,0,2,3,0,147,629,901,1171,0,0,0,0,1,0
10100,329006637,0,1,0,0,0,0,1,0,0,0,0,0,1,0,0,0,0,7,0,2,3,0,148,640,910,1195,0,0,0,0,1,0
10200,332960711,0,1,0,0,0,0,1,0,0,0,0,0,1,0,0,0,0,7,0,2,3,0,151,647,933,1212,0,0,0,0,1,0
10300,336914872,0,1,0,0,0,0,1,0,0,0,0,0,1,0,0,0,0,8,0,2,3,0,155,654,951,1227,0,0,0,0,1,0
10400,340876301,0,1,0,0,0,0,1,0,0,0,0,0,1,0,0,0,0,8,0,2,3,0,158,664,966,1246,0,0,0,0,1,0
10500,344833532,0,1,0,0,0,0,1,0,0,0,0,0,1,0,0,0,0,8,0,2,3,0,159,678,977,1265,0,0,0,0,1,0
10600,348787141,0,1,0,0,0,0,1,0,0,0,0,0,1,0,0,0,0,8,0,2,3,0,160,686,997,1282,0,0,0,0,1,0
10700,352743469,0,1,0,0,0,0,1,0,0,0,0,0,1,0,0,0,0,8,0,2,3,0,165,700,1008,1300,0,0,0,0,1,0
10800,356696062,0,1,0,0,0,0,1,0,0,0,0,0,1,0,0,0,0,8,0,2,3,1,169,709,1019,1322,0,0,0,0,1,0
10900,360657950,0,1,0,0,0,0,1,0,0,0,0,0,1,0,0,0,0,8,0,2,3,1,171,714,1033,1340,0,0,0,0,1,0
11000,364626300,0,1,0,0,0,0,1,0,0,0,0,0,1,0,0,0,0,9,0,2,3,1,173,725,1050,1358,0,0,0,0,1,0
11100,368587588,0,1,0,0,0,0,1,0,0,0,0,0,1,0,0,0,0,9,0,2,3,1,178,739,1065,1385,0,0,0,0,1,0
11200,372545106,0,1,0,0,0,0,1,0,0,0,0,0,1,0,0,0,0,9,0,2,3,1,184,749,1086,1404,0,0,0,0,1,0
11300,376491905,0,1,0,0,0,0,1,0,0,0,0,0,1,0,0,0,0,9,0,2,3,1,187,761,1102,1427,0,0,0,0,1,0
11400,380440664,0,1,0,0,0,0,1,0,0,0,0,0,1,0,0,0,0,9,0,2,3,1,191,768,1118,1443,0,0,0,0,1,0
11500,384387768,0,1,0,0,0,0,1,0,0,0,0,0,1,0,0,0,0,9,0,2,3,1,193,781,1131,1462,0,0,0,0,1,0
11600,388331724,0,1,0,0,0,0,1,0,0,0,0,0,1,0,0,0,0,9,0,2,3,1,196,789,1146,1481,0,0,0,0,1,0
11700,392275709,0,1,0,0,0,0,1,0,0,0,0,0,1,0,0,0,0,9,0,2,3,1,197,803,1160,1502,0,0,0,0,1,0
11800,396227832,0,1,0,0,0,0,1,0,0,0,0,0,1,0,0,0,0,9,0,2,3,1,198,809,1179,1522,0,0,0,0,1,0
11900,400167171,0,1,0,0,0,0,1,0,0,0,0,0,1,0,0,0,0,9,0,2,3,1,204,820,1202,1545,0,0,0,0,1,0
12000,404098434,0,1,0,0,0,0,1,0,0,0,0,0,1,0,0,0,0,9,0,2,3,1,205,826,1217,1560,0,0,0,0,1,0
12100,408028891,0,1,0,0,0,0,1,0,0,0,0,0,1,0,0,0,1,9,0,2,3,1,208,837,1232,1577,0,0,0,0,1,0
12200,411961164,0,1,0,0,0,0,1,0,0,0,0,0,1,0,0,0,1,9,0,2,3,1,210,845,1236,1601,0,0,0,0,1,0
12300,415892342,0,1,0,0,0,0,1,0,0,0,0,0,1,0,0,0,1,9,0,2,3,1,211,859,1247,1624,0,0,0,0,1,0
12400,419837455,0,1,0,0,0,0,1,0,0,0,0,0,1,0,0,0,1,9,0,2,3,1,213,870,1263,1640,0,0,0,0,1,0
12500,423776354,0,1,0,0,0,0,1,0,0,0,0,0,1,0,0,0,1,9,0,2,3,1,216,886,1280,1662,0,0,0,0,1,0
12600,427707377,0,1,0,0,0,0,1,0,0,0,0,0,1,0,0,0,1,9,0,2,3,1,219,899,1298,1675,0,0,0,0,1,0
12700,431626817,0,1,0,0,0,0,1,0,0,0,0,0,1,0,0,0,1,9,0,2,3,1,221,912,1319,1697,0,0,0,0,1,0
12800,435535261,0,1,0,0,0,0,2,0,0,0,0,0,1,0,0,0,1,9,0,2,3,1,226,926,1333,1717,0,0,0,0,1,0
12900,439440980,0,1,0,0,0,0,2,0,0,0,0,0,1,0,0,0,1,9,0,2,3,1,226,933,1343,1738,0,0,0,0,1,0
13000,443347049,0,1,0,0,0,0,2,0,0,0,0,0,1,0,0,0,1,9,0,2,3,1,228,940,1359,1753,0,0,0,0,1,0
13100,447265482,0,1,0,0,0,0,2,0,0,0,0,0,1,0,0,0,1,9,0,2,3,1,228,951,1373,1771,0,0,0,0,1,0
13200,451178618,0,1,0,0,0,0,2,0,0,0,0,0,1,0,0,0,1,10,0,2,3,1,230,963,1394,1793,0,0,0,0,1,0
13300,455074376,0,1,0,0,0,0,2,0,0,0,0,0,1,0,0,0,1,10,0,2,4,1,232,970,1408,1815,0,0,0,0,1,0
13400,458974033,0,1,0,0,0,0,2,0,0,0,0,0,1,0,0,0,1,10,0,2,4,1,234,981,1413,1829,0,0,0,0,1,0
13500,462882194,0,1,0,0,0,0,2,0,0,0,0,0,1,0,0,0,1,10,0,2,4,1,235,987,1432,1848,0,0,0,0,1,0
13600,466784690,0,1,0,0,0,0,2,0,0,0,0,0,1,0,0,0,1,10,0,2,4,1,237,997,1450,1864,0,0,0,0,1,0
13700,470694299,0,1,0,0,0,0,2,0,0,0,0,0,1,0,0,0,1,10,0,2,4,1,240,1009,1467,1884,0,0,0,0,1,0
13800,474598271,0,1,0,0,0,0,2,0,0,0,0,0,1,0,0,0,1,10,0,2,4,1,242,1018,1476,1897,0,0,0,0,1,0
13900,478515772,0,1,0,0,0,0,2,0,0,0,0,0,1,0,0,0,1,10,0,3,5,1,244,1026,1494,1915,0,0,0,0,1,0
14000,482428398,0,1,0,0,0,0,2,0,0,0,0,0,1,0,0,0,1,10,0,3,5,1,248,1040,1510,1928,0,0,0,0,1,0
14100,486348603,0,1,0,0,0,0,2,0,0,0,0,0,1,0,0,0,1,10,0,3,5,1,250,1055,1530,1944,0,0,0,0,1,0
14200,490267736,0,1,0,0,0,0,2,0,0,0,0,0,1,0,0,0,1,10,0,3,5,1,252,1066,1547,1966,0,0,0,0,1,0
14300,494180935,0,1,0,0,0,0,2,0,0,0,0,0,1,1,0,0,1,10,0,3,5,1,253,1079,1566,1988,0,0,0,0,1,0
14400,498090415,0,1,0,0,0,0,2,0,0,0,0,0,1,1,0,0,1,11,0,3,5,1,254,1084,1579,2004,0,0,0,0,1,0
14500,501990741,0,1,0,0,0,0,2,0,0,0,0,0,1,1,0,0,1,11,0,3,5,1,258,1089,1596,2030,0,0,0,0,1,0
14600,505878066,0,1,0,0,0,0,2,0,0,0,0,0,1,1,0,0,1,11,0,3,5,1,261,1108,1606,2052,0,0,0,0,2,0
14700,509776016,0,1,0,0,0,0,2,0,0,0,0,0,1,1,0,0,1,11,0,3,5,1,261,1116,1616,2060,0,0,0,0,2,0
14800,513689618,0,1,0,0,0,0,2,0,0,0,0,0,1,1,0,0,1,13,0,3,5,1,264,1120,1628,2071,0,0,0,0,2,0
14900,517603626,0,1,0,0,0,0,2,0,0,0,0,0,1,1,0,0,1,13,0,3,5,1,267,1130,1634,2095,0,0,0,0,2,0
15000,521523858,0,1,0,0,0,0,2,0,0,0,0,0,1,1,0,0,1,13,0,3,5,1,268,1138,1646,2105,0,0,0,0,2,0
15100,525445936,0,1,0,0,0,0,2,0,0,0,0,0,1,1,0,0,1,13,0,3,5,1,270,1148,1661,2124,0,0,0,0,2,0
15200,529362560,0,1,0,0,0,0,2,0,0,0,0,0,1,1,0,0,1,13,0,3,5,1,272,1160,1677,2155,0,0,0,0,2,0
15300,533280259,0,1,0,0,0,0,2,0,0,0,0,0,1,1,0,0,1,13,0,3,5,1,274,1168,1691,2169,0,0,0,0,2,0
15400,537196936,0,1,0,0,0,0,2,0,0,0,0,0,1,1,0,0,1,13,0,3,5,1,277,1176,1703,2188,0,0,0,0,2,0
15500,541120080,0,1,0,0,0,0,2,0,0,0,0,0,1,1,0,0,1,13,0,3,5,1,278,1186,1708,2204,0,0,0,1,2,1
15600,545049695,0,1,0,0,0,0,2,0,0,0,0,0,1,1,0,0,1,13,0,3,5,1,281,1200,1719,2222,0,0,0,1,2,1
15700,548981948,0,1,0,0,0,0,2,0,0,0,0,0,1,1,0,0,1,13,0,3,5,1,286,1212,1732,2240,0,0,0,1,2,1
15800,552914970,0,1,0,0,0,0,2,0,0,0,0,0,1,1,0,0,1,13,0,3,5,1,288,1223,1746,2258,0,0,0,1,2,1
15900,556849372,0,1,0,0,0,0,2,0,0,0,0,0,1,1,0,0,1,13,0,3,5,1,289,1229,1755,2278,0,0,0,1,2,1
16000,560795856,0,1,0,0,0,0,2,0,0,0,0,0,1,1,0,0,1,13,0,3,5,1,289,1236,1765,2297,0,0,0,1,2,1
16100,564749591,0,1,0,0,0,0,2,0,0,0,0,0,1,1,0,0,1,13,0,3,5,1,290,1248,1779,2311,0,0,0,1,2,1
16200,568713507,0,1,0,0,0,0,2,0,0,0,0,0,1,1,0,0,1,13,0,3,5,1,292,1257,1792,2332,0,0,0,1,2,1
16300,572670620,0,1,0,0,0,0,2,0,0,0,0,0,1,1,0,0,1,13,0,3,5,1,296,1268,1806,2352,0,0,0,1,2,1
16400,576624785,0,1,0,0,0,0,2,0,0,0,0,0,1,1,0,0,1,13,0,4,5,1,298,1279,1817,2378,0,0,0,1,2,1
16500,580568513,0,1,0,0,0,0,2,0,0,0,0,0,1,1,0,0,1,13,0,4,5,1,302,1285,1835,2404,0,0,0,1,2,1
16600,584513558,0,1,0,0,0,0,2,0,0,0,0,0,1,1,0,0,1,13,0,4,5,1,304,1290,1855,2426,0,0,0,1,2,1
16700,588457256,0,1,0,0,0,0,2,0,0,0,0,0,1,1,0,0,1,13,0,4,5,1,305,1297,1872,2437,0,0,0,1,2,1
16800,592404924,0,1,0,0,0,0,2,0,0,0,0,0,1,1,0,0,1,13,0,4,5,1,306,1310,1893,2455,0,0,0,1,2,1
16900,596348271,0,1,0,0,0,0,2,0,0,0,0,0,1,1,0,0,1,13,0,4,5,1,312,1324,1908,2473,0,0,0,1,2,1
17000,600283229,0,1,0,0,0,0,2,0,0,0,0,0,1,1,0,0,1,13,0,4,5,1,316,1335,1917,2496,0,0,0,1,2,1
17100,604227859,0,1,0,0,0,0,2,0,0,0,0,0,1,1,0,0,1,13,0,4,5,1,318,1348,1933,2508,0,0,0,1,2,1
17200,608172518,0,1,0,0,0,0,2,0,0,0,0,0,1,1,0,0,1,13,0,4,5,1,318,1355,1949,2532,0,0,0,1,2,1
17300,612124832,0,1,0,0,0,0,2,0,0,0,0,0,1,1,0,0,1,13,0,4,5,1,322,1373,1958,2548,0,0,0,1,2,1
17400,616072280,0,1,0,0,0,0,2,0,0,0,0,0,1,1,0,0,1,13,0,4,5,1,325,1382,1977,2566,0,0,0,1,2,1
17500,620020625,0,1,0,0,0,0,2,0,0,0,0,0,1,1,0,0,1,13,0,4,5,1,327,1396,1990,2583,0,0,0,1,2,1
17600,623966897,0,1,0,0,0,0,2,0,0,0,0,0,1,1,0,0,1,13,0,4,5,1,329,1402,2011,2606,0,0,0,1,2,1
17700,627913146,0,1,0,0,0,0,2,0,0,0,0,0,1,1,0,0,1,13,0,4,5,1,330,1411,2027,2620,0,0,0,1,2,1
17800,631861161,0,1,0,0,0,0,2,0,0,0,0,0,1,1,0,0,1,13,0,4,5,1,332,1421,2038,2631,0,0,0,1,2,1
17900,635819519,0,1,0,0,0,0,2,0,0,0,0,0,1,1,0,0,1,13,0,4,5,1,334,1430,2055,2651,0,0,0,1,2,1
18000,639774764,0,1,0,0,0,0,2,0,0,0,0,0,1,1,0,0,1,13,0,4,5,1,336,1436,2067,2667,0,0,0,1,2,1
18100,643720250,0,1,0,0,0,0,2,0,0,0,0,0,1,1,0,0,1,13,0,4,5,1,338,1445,2084,2691,0,0,0,1,2,1
18200,647668307,0,1,0,0,0,0,3,0,0,0,0,0,1,1,0,0,1,13,0,4,5,1,338,1456,2097,2708,0,0,0,1,2,1
18300,651625618,0,1,0,0,0,0,3,0,0,0,0,0,1,1,0,0,1,13,0,4,5,1,338,1462,2111,2724,0,0,0,1,2,1
18400,655593170,0,1,0,0,0,0,3,0,0,0,0,0,1,1,0,0,1,13,0,4,5,1,338,1470,2123,2741,0,0,0,1,2,1
18500,659567620,0,1,0,0,0,0,3,0,0,0,0,0,1,1,0,0,1,13,0,5,5,1,341,1479,2137,2766,0,0,0,1,2,1
18600,663540779,0,1,0,0,0,0,3,0,0,0,0,0,1,1,0,0,1,13,0,5,5,2,341,1492,2145,2788,0,0,0,1,2,1
18700,667513392,0,1,0,0,0,0,3,0,0,0,0,0,1,1,0,0,1,13,0,5,5,2,349,1502,2155,2806,0,0,0,1,2,1
18800,671480147,0,1,0,0,0,0,3,0,0,0,0,0,1,1,0,0,3,13,0,5,5,2,349,1511,2173,2837,0,0,0,1,2,1
18900,675446644,0,1,0,0,0,0,3,0,0,0,0,0,1,1,0,0,3,13,0,5,5,2,349,1522,2189,2858,0,0,0,1,2,1
19000,679417023,0,1,0,0,0,0,3,0,0,0,0,0,1,1,0,0,3,13,0,6,6,2,354,1523,2205,2877,0,0,0,1,2,1
19100,683381260,0,1,0,0,0,0,3,0,0,0,0,0,1,1,0,0,3,13,0,6,6,2,358,1538,2214,2897,0,0,0,1,2,1
19200,687345430,0,1,0,0,0,0,3,0,0,0,0,0,1,1,0,0,3,13,0,6,6,2,363,1553,2229,2915,0,0,0,1,2,1
19300,691301854,0,1,0,0,0,0,3,0,0,0,0,0,1,1,0,0,3,13,0,7,6,2,365,1565,2242,2937,0,0,0,1,2,1
19400,695267410,0,1,0,0,0,0,3,0,0,0,0,0,1,1,0,0,3,13,0,7,6,2,367,1574,2256,2951,0,0,0,1,2,1
19500,699239402,0,1,0,0,0,0,3,0,0,0,0,0,1,1,0,0,3,13,0,7,6,2,371,1581,2268,2976,0,0,0,1,2,1
19600,703209970,0,1,0,0,0,0,3,0,0,0,0,0,1,1,0,0,3,13,0,7,6,2,374,1589,2287,3001,0,0,0,1,2,1
19700,707184761,0,1,0,0,0,0,3,0,0,0,0,0,1,1,0,0,3,14,0,7,6,2,380,1600,2301,3020,0,0,0,1,2,1
19800,711157591,0,1,0,0,0,0,3,0,0,0,0,0,1,1,0,0,3,14,0,7,7,2,384,1620,2313,3039,0,0,0,1,2,1
19900,715118506,0,1,0,0,0,0,3,0,0,0,0,0,1,1,0,0,3,14,0,7,7,2,387,1633,2330,3060,0,0,0,1,2,1
20000,719075814,0,1,0,0,0,0,3,0,0,0,0,0,1,1,0,0,3,14,0,7,7,2,389,1644,2348,3074,0,0,0,1,2,1
20100,723032076,0,1,0,0,0,0,3,0,0,0,0,0,1,1,0,0,3,15,0,7,7,2,394,1653,2366,3090,0,0,0,1,2,1
20200,726986950,0,1,0,0,0,0,3,0,0,0,0,0,1,1,0,0,3,15,0,7,7,2,397,1663,2382,3108,0,0,0,1,2,1
20300,730938519,0,1,0,0,0,0,3,0,0,0,0,0,1,1,0,0,3,15,0,7,7,2,399,1675,2390,3128,0,0,0,1,2,1
20400,734891546,0,1,0,0,0,0,3,0,0,0,0,0,1,1,0,0,3,15,0,7,7,2,402,1684,2410,3142,0,0,0,1,2,1
20500,738840842,0,1,0,0,0,0,3,0,0,0,0,0,1,1,0,0,3,15,0,7,7,2,404,1690,2428,3162,0,0,0,1,2,1
20600,742783289,0,1,0,0,0,0,3,0,0,0,0,0,1,1,0,0,3,15,0,7,7,2,409,1702,2442,3179,0,0,0,1,2,1
20700,746733301,0,1,0,0,0,0,3,0,0,0,0,0,1,1,0,0,3,15,0,7,7,2,409,1713,2450,3195,0,0,0,1,2,1
20800,750692545,0,1,0,0,0,0,3,0,0,0,0,0,1,1,0,0,3,15,0,7,7,2,412,1723,2459,3218,0,0,0,1,2,1
20900,754655879,0,1,0,0,0,0,3,0,0,0,0,0,1,1,0,0,3,15,0,8,7,2,417,1731,2473,3232,0,0,0,1,2,1
21000,758613399,0,1,0,0,0,0,3,0,0,0,0,0,1,1,0,0,3,15,0,8,7,2,419,1746,2490,3256,0,0,0,1,2,1
21100,762566187,0,1,0,0,0,0,3,0,0,0,0,0,1,1,0,0,3,15,0,8,7,2,420,1758,2512,3271,0,0,0,1,2,1
21200,766520956,0,1,0,0,0,0,3,0,0,0,0,0,1,1,0,0,3,15,0,8,7,2,421,1766,2526,3291,0,0,0,1,2,1
21300,770484440,0,1,0,0,0,0,3,0,0,0,0,0,1,1,0,0,3,15,0,8,7,2,424,1771,2541,3306,0,0,0,1,2,1
21400,774444203,0,1,0,0,0,0,3,0,0,0,0,0,1,1,0,0,3,15,0,8,7,2,429,1779,2557,3324,0,0,0,1,2,1
21500,778410021,0,1,0,0,0,0,3,0,0,0,0,0,1,2,0,0,3,15,0,8,7,2,430,1785,2569,3344,0,0,0,1,2,1
21600,782373204,0,1,0,0,0,0,3,0,0,0,0,0,1,2,0,0,3,15,0,8,7,3,433,1798,2585,3367,0,0,0,1,2,1
21700,786336498,0,1,0,0,0,0,3,0,0,0,0,0,1,2,0,0,3,15,0,8,7,3,435,1810,2587,3380,0,0,0,1,2,1
21800,790301301,0,1,0,0,0,0,3,0,0,0,0,0,1,2,0,0,3,15,0,8,8,3,437,1824,2603,3402,0,0,0,1,2,1
21900,794262444,0,1,0,0,0,0,3,0,0,0,0,0,1,2,0,0,3,15,0,8,8,4,437,1832,2619,3418,0,0,0,1,2,1
22000,798228157,0,1,0,0,0,0,3,0,0,0,0,0,1,2,0,0,3,15,0,8,8,4,440,1850,2634,3431,0,0,0,1,2,1
22100,802195095,0,1,0,0,0,0,3,0,0,0,0,0,1,2,0,0,3,15,0,8,8,5,441,1857,2649,3445,0,0,0,1,2,1
22200,806163062,0,1,0,0,0,0,3,0,0,0,0,0,1,2,0,0,3,15,0,8,8,5,441,1865,2663,3465,0,0,0,1,2,1
22300,810123996,0,1,0,0,0,0,3,0,0,0,0,0,1,2,0,0,3,15,0,8,8,5,444,1876,2680,3483,0,0,0,1,2,1
22400,814080857,0,1,0,0,0,0,3,0,0,0,0,0,1,2,0,0,3,15,1,8,8,5,449,1883,2694,3496,0,0,0,1,2,1
22500,818036319,0,1,0,0,0,0,3,0,0,0,0,0,1,2,0,0,3,15,1,8,8,5,450,1896,2708,3509,0,0,0,1,2,1
22600,821990818,0,1,0,0,0,0,3,0,0,0,0,0,1,2,0,0,3,15,1,8,8,5,452,1900,2729,3532,0,0,0,1,2,1
22700,825949665,0,1,0,0,0,0,3,0,0,0,0,0,1,2,0,0,3,15,1,8,9,5,457,1910,2746,3549,0,0,0,1,2,1
22800,829910329,0,1,0,0,0,0,3,0,0,0,0,0,1,2,0,0,3,16,1,8,9,5,458,1917,2766,3564,0,0,0,1,2,1
22900,833868159,0,1,0,0,0,0,3,0,0,0,0,0,1,2,0,0,3,16,1,8,9,5,460,1928,2781,3584,0,0,0,1,2,1
23000,837828867,0,1,0,0,0,0,3,0,0,0,0,0,1,2,0,0,3,16,1,8,9,5,464,1934,2800,3604,0,0,0,1,2,1
23100,841780900,0,1,0,0,0,0,3,0,0,0,0,0,1,2,0,0,3,16,1,8,9,5,470,1943,2826,3621,0,0,0,1,2,1
23200,845718567,0,1,0,0,0,0,3,0,0,0,0,0,1,2,0,0,3,16,1,8,9,5,473,1957,2842,3646,0,0,0,1,2,1
23300,849653102,0,1,0,0,0,0,3,0,0,0,0,0,1,2,0,0,3,16,1,8,9,5,475,1965,2854,3662,0,0,0,1,2,1
23400,853580949,0,1,0,0,0,0,3,0,0,0,0,0,1,2,0,0,3,16,1,8,9,5,475,1976,2872,3690,0,0,0,1,2,1
23500,857513755,0,1,0,0,0,0,3,0,0,0,0,0,1,2,0,0,3,16,1,8,9,5,479,1986,2880,3699,0,0,0,1,2,1
23600,861458476,0,1,0,0,0,0,3,0,0,0,0,0,1,2,0,0,3,16,1,8,9,5,486,2000,2896,3719,0,0,0,1,2,1
23700,865399075,0,1,0,0,0,0,3,0,0,0,0,0,1,2,0,0,3,16,1,8,9,5,492,2015,2912,3733,0,0,0,1,2,1
23800,869337067,0,1,0,0,0,0,3,0,0,0,0,0,1,2,0,0,3,16,1,8,9,5,497,2024,2927,3751,0,0,0,1,2,1
23900,873280299,0,1,0,0,0,0,3,0,0,0,0,0,1,2,1,0,3,16,1,8,9,5,497,2034,2939,3763,0,0,0,1,2,1
24000,877222955,0,1,0,0,0,0,3,0,0,0,0,0,1,2,1,0,3,16,1,8,9,5,499,2048,2962,3783,0,0,0,1,2,1
24100,881161602,0,1,0,0,0,0,3,0,0,0,0,0,1,2,1,0,3,16,1,8,9,5,502,2055,2977,3800,0,0,0,1,2,1
24200,885110119,0,1,0,0,0,0,3,0,0,0,0,0,1,2,1,0,3,16,1,8,9,5,505,2066,2988,3820,0,0,0,1,2,1
24300,889063669,0,1,0,0,0,0,3,0,0,0,0,0,1,2,1,0,3,16,1,8,9,5,511,2080,3002,3840,0,0,0,1,2,1
24400,893003465,0,1,0,0,0,0,3,0,0,0,0,0,1,2,1,0,3,16,1,8,9,5,512,2093,3019,3861,0,0,0,1,2,1
24500,896934605,0,1,0,0,0,0,3,0,0,0,0,0,1,2,1,0,3,16,1,8,9,5,514,2104,3035,3875,0,0,0,1,2,1
24600,900869380,0,1,0,0,0,0,3,0,0,0,0,0,1,2,1,0,3,17,1,8,9,5,517,2108,3047,3896,0,0,0,1,2,1
24700,904817643,0,1,0,0,0,0,3,0,0,0,0,0,2,2,1,0,3,17,1,8,9,5,521,2116,3059,3913,0,0,0,1,2,1
24800,908770952,0,1,0,0,0,0,3,0,0,0,0,0,2,2,1,0,3,17,1,8,9,5,525,2131,3072,3927,0,0,0,1,2,1
24900,912721596,0,1,0,0,0,0,3,0,0,0,0,0,2,2,1,0,3,17,1,8,9,5,528,2142,3087,3948,0,0,0,1,2,1
25000,916668175,0,1,0,0,0,0,3,0,0,0,0,0,2,2,1,0,3,17,1,8,9,5,533,2147,3100,3975,0,0,0,1,2,1
25100,920608670,0,1,0,0,0,0,3,0,0,0,0,0,2,2,1,0,3,17,1,8,9,5,535,2159,3105,3992,0,0,0,1,2,1
25200,924557601,0,1,0,0,0,0,3,0,0,0,0,0,2,2,1,0,3,17,1,8,9,5,538,2170,3115,4010,0,0,0,1,2,1
25300,928515317,0,1,0,0,0,0,3,0,0,0,0,0,2,2,1,0,3,17,1,8,9,6,541,2177,3125,4032,0,0,0,1,2,1
25400,932476583,0,1,0,0,0,0,3,0,0,0,0,0,2,2,1,0,3,17,1,8,9,6,545,2185,3138,4047,0,0,0,1,2,1
25500,936438667,0,1,0,0,0,0,3,0,0,0,0,0,2,2,1,0,3,17,1,8,9,6,547,2193,3154,4065,0,0,0,1,2,1
25600,940399814,0,1,0,0,0,0,3,0,0,0,0,0,2,2,1,0,3,17,1,8,9,6,550,2198,3171,4081,0,0,0,1,2,1
25700,944364250,0,1,0,0,0,0,3,0,0,0,0,0,2,2,1,0,3,18,1,8,9,6,551,2210,3183,4098,0,0,0,1,2,1
25800,948313332,0,1,0,0,0,0,3,0,0,0,0,0,2,2,1,0,3,18,1,8,9,7,554,2223,3204,4122,0,0,0,1,2,1
25900,952269062,0,1,0,0,0,0,3,0,0,0,0,0,2,2,1,0,3,18,1,8,9,7,557,2229,3213,4139,0,0,0,1,2,1
26000,956221375,0,1,0,0,0,0,3,0,0,0,0,0,2,2,1,0,3,18,1,8,9,7,559,2236,3229,4160,0,0,0,1,2,1
26100,960172155,0,1,0,0,0,0,3,0,0,0,0,0,2,2,1,0,3,18,1,8,9,7,564,2244,3243,4178,0,0,0,1,2,1
26200,964121245,0,1,0,0,0,0,3,0,0,0,0,0,2,2,1,0,3,18,1,8,9,7,566,2249,3259,4200,0,0,0,1,2,1
26300,968069475,0,1,0,0,0,0,3,0,0,0,0,0,2,2,1,0,3,18,1,8,9,7,569,2257,3271,4216,0,0,0,1,2,1
26400,972019556,0,1,0,0,0,0,3,0,0,0,0,0,2,2,1,0,3,18,1,8,9,7,571,2265,3288,4240,0,0,0,1,2,1
26500,975963170,0,1,0,0,0,0,3,0,0,0,0,0,2,2,1,0,3,18,1,8,9,7,575,2277,3306,4263,0,0,0,1,2,1
26600,979892766,0,1,0,0,0,0,3,0,0,0,0,0,2,2,1,0,3,19,1,8,9,7,578,2287,3326,4280,0,0,0,1,2,1
26700,983811815,0,1,0,0,0,0,3,0,0,0,0,0,2,2,1,0,3,19,1,8,9,7,582,2303,3343,4295,0,0,0,1,2,1
26800,987735330,0,1,0,0,0,0,3,0,0,0,0,0,2,2,1,0,3,19,2,8,9,7,582,2312,3354,4316,0,0,0,1,2,1
26900,991662264,0,1,0,0,0,0,3,0,0,0,0,0,2,2,1,0,3,19,2,8,9,7,588,2319,3368,4334,0,0,0,1,2,1
27000,995595313,0,1,0,0,0,0,3,0,0,0,0,0,3,2,1,0,3,19,2,8,9,7,590,2325,3381,4344,0,0,0,1,2,1
27100,999526292,0,1,0,0,0,0,3,0,0,1,0,0,3,2,1,0,3,19,2,8,9,7,590,2333,3392,4361,0,0,0,1,2,1
27200,1003448986,0,1,0,0,0,0,3,0,0,1,0,0,3,2,1,0,3,19,2,8,9,7,592,2340,3403,4381,0,0,0,1,2,1
27300,1007374706,0,1,0,0,0,0,3,0,0,1,0,0,3,2,1,0,3,19,2,8,9,7,596,2345,3408,4394,0,0,0,1,2,1
27400,1011307519,0,1,0,0,0,0,3,0,0,1,0,0,3,2,1,0,3,19,2,8,10,7,599,2351,3425,4415,0,0,0,1,2,1
27500,1015245025,0,1,0,0,0,0,3,0,0,1,0,0,4,2,1,0,3,19,2,8,10,7,601,2361,3436,4435,0,0,0,1,2,1
27600,1019196570,0,1,0,0,0,0,3,0,0,1,0,0,4,2,1,0,3,19,2,8,10,7,603,2366,3449,4455,0,0,0,1,2,1
27700,1023148650,0,1,0,0,0,0,3,0,0,1,0,0,4,2,1,0,3,19,2,8,10,7,608,2380,3459,4477,0,0,0,1,2,1
27800,1027097924,0,1,0,0,0,0,3,0,0,1,0,0,4,2,1,0,3,19,2,8,10,7,610,2391,3480,4496,0,0,0,1,2,1
27900,1031034067,0,1,0,0,0,0,3,0,0,1,0,0,4,2,1,0,3,19,2,8,10,7,611,2398,3511,4520,0,0,0,1,2,1
28000,1034970845,0,1,0,0,0,0,3,0,0,1,0,0,4,2,1,0,3,20,2,8,10,7,614,2407,3525,4535,0,0,0,1,2,1
28100,1038916587,0,1,0,0,0,0,3,0,0,1,0,0,4,2,1,0,3,20,2,8,10,7,618,2416,3537,4555,0,0,0,1,2,1
28200,1042862572,0,1,0,0,0,0,3,0,0,1,0,0,4,2,1,0,3,20,2,8,10,7,621,2428,3550,4572,0,0,0,1,2,1
28300,1046820843,0,1,0,0,0,0,3,0,0,1,0,0,4,2,1,0,3,20,2,8,10,7,622,2439,3562,4590,0,0,0,1,2,1
28400,1050772166,0,1,0,0,0,0,3,0,0,1,0,0,4,2,1,0,3,20,2,8,10,7,624,2452,3578,4607,0,0,0,1,2,1
28500,1054733188,0,1,0,0,0,0,3,0,0,1,0,0,4,2,1,0,3,20,2,8,10,7,625,2460,3593,4624,0,0,0,1,2,1
28600,1058695992,0,1,0,0,0,0,3,0,0,1,0,0,4,2,1,0,3,20,2,8,10,7,627,2472,3607,4643,0,0,0,1,2,1
28700,1062657384,0,1,0,0,0,0,3,0,0,1,0,0,4,2,1,0,3,20,2,8,10,7,631,2489,3627,4662,0,0,0,1,2,1
28800,1066613424,0,1,0,0,0,0,3,0,0,1,0,0,4,2,1,0,3,21,2,8,10,7,635,2499,3637,4682,0,0,0,1,2,1
28900,1070563829,0,1,0,0,0,0,3,0,0,1,0,0,4,2,1,0,3,21,2,8,10,7,638,2510,3657,4702,0,0,0,1,2,1
29000,1074504452,0,1,0,0,0,0,3,0,0,1,0,0,4,2,1,0,3,21,2,8,10,7,641,2520,3672,4725,0,0,0,1,2,1
29100,1078447067,0,1,0,0,0,0,3,0,0,1,0,0,4,2,1,0,3,21,2,8,10,8,643,2531,3683,4741,0,0,0,1,2,1
29200,1082386812,0,1,0,0,0,0,3,0,0,1,0,0,4,2,1,0,3,21,2,8,10,8,646,2535,3701,4757,0,0,0,1,2,1
29300,1086331166,0,1,0,0,0,0,3,0,0,1,0,0,4,2,1,0,3,21,2,8,10,8,649,2542,3711,4780,0,0,0,1,2,1
29400,1090285575,0,1,0,0,0,0,3,0,0,1,0,0,4,2,1,0,3,22,2,8,10,8,653,2550,3722,4795,0,0,0,1,2,1
29500,1094244066,0,1,0,0,0,0,3,0,0,1,0,0,4,3,1,0,3,22,2,8,10,8,656,2556,3737,4812,0,0,0,1,2,1
29600,1098207304,0,1,0,0,0,0,3,0,0,1,0,0,4,3,1,0,3,22,2,8,10,8,657,2564,3758,4834,0,0,0,1,2,1
29700,1102149864,0,1,0,0,0,0,3,0,0,1,0,0,4,3,1,0,3,22,2,8,10,8,661,2573,3780,4852,0,0,0,1,2,1
29800,1106091069,0,1,0,0,0,0,3,0,0,1,0,0,4,3,1,0,3,22,2,8,10,8,664,2583,3795,4870,0,0,0,1,2,1
29900,1110028328,0,1,0,0,0,0,3,0,0,1,0,0,4,3,1,0,3,22,2,8,10,8,667,2597,3812,4882,0,0,0,1,2,1
30000,1113955853,0,1,0,0,0,0,3,0,0,1,0,0,4,3,1,0,3,22,2,8,10,8,670,2611,3828,4898,0,0,0,1,2,1
30100,1117879854,0,1,0,0,0,0,3,0,0,1,0,0,4,3,1,0,3,22,2,8,11,8,672,2624,3845,4912,0,0,0,1,2,1
30200,1121798423,0,1,0,0,0,0,3,0,0,1,0,0,4,3,1,0,3,23,2,8,11,8,676,2630,3857,4928,0,0,0,1,2,1
30300,1125711677,0,1,0,0,0,0,3,0,0,1,0,0,4,4,1,0,3,23,2,8,11,8,678,2642,3869,4950,0,0,0,1,2,1
30400,1129625219,0,1,0,0,0,0,3,0,0,1,0,0,4,4,1,0,4,23,2,8,11,8,681,2652,3879,4970,0,0,0,1,2,1
30500,1133529801,0,1,0,0,0,0,3,0,0,1,0,0,4,4,1,0,4,23,2,8,11,8,682,2667,3897,4998,0,0,0,1,2,1
30600,1137434953,0,1,0,0,0,0,3,0,0,1,0,0,4,4,1,0,4,23,2,8,11,8,683,2676,3912,5014,0,0,0,1,2,1
30700,1141345754,0,1,0,0,0,0,3,0,0,1,0,0,4,4,1,0,4,23,2,8,11,8,686,2685,3927,5034,0,0,0,1,2,1
30800,1145271970,0,1,0,0,0,0,3,0,0,1,0,0,4,4,1,0,4,23,2,8,11,8,687,2697,3935,5053,0,0,0,1,2,1
30900,1149200545,0,1,0,0,0,0,3,0,0,1,0,0,4,4,1,0,4,23,2,8,11,8,688,2703,3955,5076,0,0,0,1,2,1
31000,1153122982,0,1,0,0,0,0,3,0,0,1,0,0,4,4,1,0,4,23,2,8,11,8,691,2714,3965,5093,0,0,0,1,2,1
31100,1157045043,0,1,0,0,0,0,3,0,0,1,0,0,4,4,1,0,4,23,2,9,11,8,693,2723,3973,5112,0,0,0,1,2,1
31200,1160969320,0,1,0,0,0,0,3,0,0,1,0,0,4,4,1,0,4,23,2,9,11,8,697,2732,3987,5127,0,0,0,1,2,1
31300,1164900559,0,1,0,0,0,0,3,0,0,1,0,0,4,4,1,0,4,23,2,9,12,8,697,2742,3998,5146,0,0,0,1,2,1
31400,1168834129,0,1,0,0,0,0,3,0,0,1,0,0,4,4,1,0,4,23,2,9,12,8,702,2756,4014,5175,0,0,0,1,2,1
31500,1172752470,0,1,0,0,0,0,3,0,0,1,0,0,4,4,1,0,4,23,2,9,12,8,704,2764,4034,5200,0,0,0,1,2,1
31600,1176668473,0,1,0,0,0,0,3,0,0,1,0,0,4,4,1,0,4,23,2,9,12,8,707,2769,4049,5221,0,0,0,1,2,1
31700,1180590968,0,1,0,0,0,0,3,0,0,1,0,0,4,4,1,0,4,24,2,9,12,8,709,2775,4063,5237,0,0,0,1,2,1
31800,1184517230,0,1,0,0,0,0,3,0,0,1,0,0,4,4,1,0,4,24,2,9,12,8,715,2781,4077,5256,0,0,0,1,2,1
31900,1188440618,0,1,0,0,0,0,3,0,0,1,0,0,4,4,1,0,4,24,2,9,12,8,720,2789,4092,5277,0,0,0,1,2,1
32000,1192361774,0,1,0,0,0,0,3,0,0,1,0,0,4,4,1,0,4,24,2,9,12,8,722,2796,4107,5294,0,0,0,1,2,1
32100,1196293127,0,1,0,0,0,0,3,0,0,1,0,0,4,4,1,0,4,24,2,9,12,8,723,2805,4123,5307,0,0,0,1,2,1
32200,1200234238,0,1,0,0,0,0,3,0,0,1,0,0,4,4,1,0,4,24,2,9,12,8,728,2814,4134,5320,0,0,0,1,2,1
32300,1204175021,0,1,0,0,0,0,3,0,0,1,0,0,4,4,1,0,4,24,2,9,12,8,729,2827,4149,5338,0,0,0,1,2,1
32400,1208124926,0,1,0,0,0,0,3,0,0,1,0,0,4,4,1,0,4,24,2,9,12,9,729,2837,4167,5357,0,0,0,1,2,1
32500,1212081950,0,1,0,0,0,0,3,0,0,1,0,0,4,4,1,0,4,24,2,9,12,9,732,2844,4176,5373,0,0,0,1,2,1
32600,1216050635,0,1,0,0,0,0,3,0,0,1,0,0,4,4,1,0,4,24,2,9,12,9,733,2854,4183,5387,0,0,0,1,2,1
32700,1220024320,0,1,0,0,0,0,3,0,0,1,0,0,4,4,1,0,4,24,2,9,12,9,737,2866,4196,5407,0,0,0,1,2,1
32800,1223993025,0,1,0,0,0,0,3,0,0,1,0,0,4,4,1,0,4,24,2,9,12,9,739,2881,4209,5423,0,0,0,1,2,1
32900,1227956178,0,1,0,0,0,0,3,0,0,1,0,0,4,4,1,0,4,24,2,9,12,9,744,2895,4224,5444,0,0,0,1,2,1
33000,1231913248,0,1,0,0,0,0,3,0,0,1,0,0,4,4,1,0,4,24,2,9,12,9,745,2903,4242,5464,0,0,0,1,2,1
33100,1235870110,0,1,0,0,0,0,3,0,0,1,0,0,4,4,1,0,4,24,2,9,12,9,748,2908,4256,5490,0,0,0,1,2,1
33200,1239829231,0,1,0,0,0,0,3,0,0,1,0,0,4,4,1,0,4,24,2,9,12,9,749,2917,4270,5501,0,0,0,1,2,1
33300,1243796589,0,1,0,0,0,0,3,0,0,1,0,0,4,4,1,0,4,24,2,9,12,9,751,2921,4287,5515,0,0,0,1,2,1
33400,1247763526,0,1,0,0,0,0,3,0,0,1,0,0,4,4,1,0,4,24,2,9,12,9,755,2931,4306,5531,0,0,0,1,2,1
33500,1251725868,0,1,0,0,0,0,3,0,0,1,0,0,4,4,1,0,4,24,2,9,12,9,758,2940,4322,5542,0,0,0,1,2,1
33600,1255683800,0,1,0,0,0,0,3,0,0,1,0,0,4,4,1,0,4,24,2,9,12,9,761,2954,4338,5559,0,0,0,1,2,1
33700,1259639416,0,1,0,0,0,0,3,0,0,1,0,0,4,4,1,0,4,24,2,9,12,9,762,2968,4350,5577,0,0,0,1,2,1
33800,1263603184,0,1,0,0,0,0,3,0,0,1,0,0,4,4,1,0,4,24,2,9,12,9,762,2982,4372,5590,0,0,0,1,2,1
33900,1267563937,0,1,0,0,0,0,3,0,0,1,0,0,4,4,1,0,4,24,2,9,12,9,764,2989,4392,5612,0,0,0,1,2,1
34000,1271526721,0,1,0,0,0,0,3,0,0,1,0,0,4,4,1,0,4,24,2,9,12,9,769,2998,4406,5625,0,0,0,1,2,1
34100,1275490620,0,1,0,0,0,0,3,0,0,1,0,0,4,4,1,0,4,24,2,9,12,9,771,3008,4415,5635,0,0,0,1,2,1
34200,1279461467,0,1,0,0,0,0,3,0,0,1,0,0,4,4,1,0,4,24,2,9,12,9,773,3022,4429,5662,0,0,0,1,2,1
34300,1283416918,0,1,0,0,0,0,3,0,0,1,0,0,4,4,1,0,4,24,2,9,12,9,776,3035,4445,5681,0,0,0,1,2,1
34400,1287377791,0,1,0,0,0,0,3,0,0,1,0,0,4,4,1,0,4,24,2,9,12,9,778,3046,4455,5699,0,0,0,1,2,1
34500,1291343443,0,1,0,0,0,0,3,0,0,1,0,0,4,4,1,0,4,24,2,9,12,9,781,3062,4468,5718,0,0,0,1,2,1
34600,1295304075,0,1,0,0,0,0,3,0,0,1,0,0,4,4,1,0,4,25,2,9,12,9,782,3076,4484,5736,0,0,0,1,2,1
34700,1299271887,0,1,0,0,0,0,3,0,0,1,0,0,4,4,1,0,4,25,2,9,12,9,785,3084,4501,5753,0,0,0,1,2,1
34800,1303238760,0,1,0,0,0,0,3,0,0,1,0,0,4,4,1,0,4,25,2,10,12,9,788,3096,4515,5767,0,0,0,1,2,1
34900,1307210463,0,1,0,0,0,0,3,0,0,1,0,0,4,4,1,0,4,25,2,10,13,10,789,3104,4527,5785,0,0,0,1,2,1
35000,1311180126,0,1,0,0,0,0,3,0,0,1,0,0,4,4,1,0,4,25,2,10,13,10,791,3108,4545,5801,0,0,0,1,2,1
35100,1315151574,0,1,0,0,0,0,3,0,0,1,0,0,4,4,1,0,4,25,2,10,13,10,796,3115,4560,5821,0,0,0,1,2,1
35200,1319127935,0,1,0,0,0,0,3,0,0,1,0,0,4,4,1,0,4,25,2,10,13,10,797,3123,4572,5837,0,0,0,1,2,1
35300,1323109783,0,1,0,0,0,0,3,0,0,1,0,0,4,4,1,0,4,25,2,10,13,10,799,3131,4585,5856,0,0,0,1,2,1
35400,1327096980,0,1,0,0,0,0,3,0,0,1,0,0,4,4,1,0,4,26,2,10,13,10,801,3141,4599,5876,0,0,0,1,2,1
35500,1331096236,0,1,0,0,0,0,3,0,0,1,0,0,4,4,1,0,4,26,2,10,13,10,802,3148,4609,5889,0,0,0,1,2,1
35600,1335088041,0,1,0,0,0,0,3,0,0,1,0,0,4,4,1,0,4,26,2,10,13,10,806,3160,4625,5909,0,0,0,1,2,1
35700,1339066092,0,1,0,0,0,0,3,0,0,1,0,0,4,4,1,0,4,26,2,11,13,10,807,3173,4641,5932,0,0,0,1,2,1
35800,1343043717,0,1,0,0,0,0,3,0,0,1,0,0,4,4,1,0,4,26,2,11,13,10,810,3181,4655,5953,0,0,0,1,2,1
35900,1347012416,0,1,0,0,0,0,3,0,0,1,0,0,4,4,1,0,4,27,2,11,13,10,812,3197,4671,5977,0,0,0,1,2,1
36000,1350979114,0,1,0,0,0,0,3,0,0,1,0,0,4,4,1,0,4,27,2,11,13,10,814,3206,4689,5999,0,0,0,1,2,1
36100,1354944487,0,1,0,0,0,0,3,0,0,1,0,0,4,4,1,0,4,27,2,11,13,10,817,3220,4704,6016,0,0,0,1,2,1
36200,1358895380,0,1,0,0,0,0,3,0,0,1,0,0,4,4,1,0,4,28,2,11,13,10,819,3232,4720,6031,0,0,0,1,2,1
36300,1362850570,0,1,0,0,0,0,3,0,0,1,0,0,4,4,1,0,4,28,2,11,13,10,820,3238,4735,6049,0,0,0,1,2,1
36400,1366813342,0,1,0,0,0,0,3,0,0,1,0,0,4,4,1,0,4,28,2,11,13,10,826,3249,4750,6070,0,0,0,1,2,1
36500,1370783903,0,1,0,0,0,0,3,0,0,1,0,0,4,4,1,0,4,28,2,11,13,10,828,3254,4766,6091,0,0,0,1,2,1
36600,1374764666,0,1,0,0,0,0,3,0,0,1,0,0,4,4,1,0,4,28,2,11,13,10,829,3259,4775,6111,0,0,0,1,2,1
36700,1378743426,0,1,0,0,0,0,3,0,0,1,0,0,4,4,1,0,4,28,2,11,13,10,830,3266,4795,6129,0,0,0,1,2,1
36800,1382716692,0,1,0,0,0,0,3,0,0,1,0,0,4,4,1,0,4,28,2,11,13,10,831,3281,4815,6151,0,0,0,1,2,1
36900,1386677344,0,1,0,0,0,0,3,0,0,1,0,0,4,4,1,0,4,28,2,11,13,10,832,3291,4827,6177,0,0,0,1,2,1
37000,1390628371,0,1,0,0,0,0,3,0,0,1,0,0,4,4,1,0,4,28,2,11,13,10,836,3303,4845,6194,0,0,0,1,2,1
37100,1394578034,0,1,0,0,0,0,3,0,0,1,0,0,4,4,1,0,4,28,2,11,13,11,839,3313,4867,6209,0,0,0,1,2,1
37200,1398525019,0,1,0,0,0,0,3,0,0,1,0,0,4,4,1,0,4,28,2,11,13,11,840,3328,4889,6232,0,0,0,1,2,1
37300,1402467437,0,1,0,0,0,0,3,0,0,1,0,0,4,4,1,0,4,28,2,11,13,11,842,3333,4901,6250,0,0,0,1,2,1
37400,1406410459,0,1,0,0,0,0,3,0,0,1,0,0,4,4,1,0,4,28,2,11,13,11,845,3344,4922,6275,0,0,0,1,2,1
37500,1410352699,0,1,0,0,0,0,3,0,0,1,0,0,4,4,1,0,4,28,2,11,13,11,847,3353,4934,6288,0,0,0,1,2,1
37600,1414302325,0,1,0,0,0,0,3,0,0,1,0,0,4,4,1,0,4,28,2,11,13,11,850,3366,4947,6300,0,0,0,1,2,1
37700,1418249595,0,1,0,0,0,0,3,0,0,1,0,0,4,4,1,0,4,28,2,11,13,11,850,3377,4967,6321,0,0,0,1,2,1
37800,1422184853,0,1,0,0,0,0,3,0,0,1,0,0,4,4,1,0,4,28,2,11,13,11,852,3386,4982,6350,0,0,0,1,2,1
37900,1426124295,0,1,0,0,0,0,3,0,0,1,0,0,4,4,1,0,4,28,2,11,13,11,858,3394,4997,6368,0,0,0,1,2,1
38000,1430066050,0,1,0,0,0,0,3,0,0,1,0,0,4,4,1,0,4,28,2,11,13,11,859,3401,5005,6384,0,0,0,1,2,1
38100,1434014089,0,1,0,0,0,0,3,0,0,1,0,0,4,4,1,0,4,28,2,11,13,11,862,3415,5017,6399,0,0,0,1,2,1
38200,1437960788,0,1,0,0,0,0,3,0,0,1,0,0,4,4,1,0,4,28,2,11,13,11,866,3433,5030,6419,0,0,0,1,2,1
38300,1441897047,0,1,0,0,0,0,3,0,0,1,0,0,4,4,1,0,4,28,2,11,13,11,867,3444,5044,6437,0,0,0,1,2,1
38400,1445836893,0,1,0,0,0,0,3,0,0,1,0,0,4,4,1,0,4,28,2,11,13,11,871,3457,5058,6455,0,0,0,1,2,1
38500,1449774290,0,1,0,0,0,0,3,0,0,1,0,0,4,4,1,0,4,28,2,11,13,11,873,3467,5078,6472,0,0,0,1,2,1
38600,1453722211,0,1,0,0,0,0,3,0,0,1,0,0,4,4,1,0,4,28,2,11,13,11,876,3478,5088,6492,0,0,0,1,2,1
38700,1457673651,0,1,0,0,0,0,3,0,0,1,0,0,4,4,1,0,4,28,2,11,13,11,879,3492,5106,6506,0,0,0,1,2,1
38800,1461620662,0,1,0,0,0,0,3,0,0,1,0,0,4,4,1,0,4,28,2,11,13,11,880,3502,5123,6522,0,0,0,1,2,1
38900,1465560874,0,1,0,0,0,0,3,0,0,1,0,0,4,4,1,0,4,28,2,11,13,11,881,3506,5137,6535,0,0,0,1,2,1
39000,1469501202,0,1,0,0,0,0,3,0,0,1,0,0,4,4,1,0,4,28,2,11,14,12,884,3521,5154,6556,0,0,0,1,2,1
39100,1473448175,0,1,0,0,0,0,3,0,0,1,0,0,4,4,1,0,4,28,2,11,14,12,887,3526,5166,6571,0,0,0,1,2,1
39200,1477404662,0,1,0,0,0,0,3,0,0,1,0,0,4,4,1,0,4,28,2,11,14,12,887,3537,5182,6585,0,0,0,1,2,1
39300,1481356027,0,1,0,0,0,0,3,0,0,1,0,0,4,4,1,0,4,28,2,11,14,12,889,3547,5197,6598,0,0,0,1,2,1
39400,1485302751,0,1,0,0,0,0,3,0,0,1,0,0,4,4,1,0,4,28,2,11,14,12,891,3560,5213,6623,0,0,0,1,2,1
39500,1489238348,0,1,0,0,0,0,3,0,0,1,0,0,4,4,1,0,4,28,2,11,14,12,893,3575,5227,6638,0,0,0,1,2,1
39600,1493174652,0,1,0,0,0,0,3,0,0,1,0,0,4,4,1,0,4,28,2,11,14,12,895,3587,5242,6668,0,0,0,1,2,1
39700,1497111934,0,1,0,0,0,0,3,0,0,1,0,0,4,4,1,0,4,28,2,11,14,12,899,3599,5257,6696,0,0,0,1,2,1
39800,1501043982,0,1,0,0,0,0,3,0,0,1,0,0,4,4,1,0,4,28,2,11,14,13,902,3612,5272,6719,0,0,0,1,2,1
39900,1504970774,0,1,0,0,0,0,3,0,0,1,0,0,4,4,1,0,4,28,2,11,14,13,904,3622,5283,6736,0,0,0,1,2,1
40000,1508897857,0,1,0,0,0,0,3,0,0,1,0,0,4,4,1,0,4,28,2,11,14,13,906,3626,5299,6759,0,0,0,1,2,1
40100,1512830578,0,1,0,0,0,0,3,0,0,1,0,0,4,4,1,0,4,28,2,11,14,13,907,3635,5317,6782,0,0,0,1,2,1
40200,1516767832,0,1,0,0,0,0,3,0,0,1,0,0,4,4,1,0,4,28,2,11,14,13,908,3645,5327,6793,0,0,0,1,2,1
40300,1520706024,0,1,0,0,0,0,3,0,0,1,0,0,4,4,1,0,4,28,2,11,14,13,911,3652,5339,6808,0,0,0,1,2,1
40400,1524650681,0,1,0,0,0,0,3,0,0,1,0,0,4,4,1,0,4,28,2,11,15,13,911,3657,5352,6823,0,0,0,1,2,1
40500,1528596871,0,1,0,0,0,0,3,0,0,1,0,0,4,4,1,0,4,28,2,11,15,13,914,3669,5363,6849,0,0,0,1,2,1
40600,1532540809,0,1,0,0,0,0,3,0,0,1,0,0,4,4,1,0,4,28,2,11,15,13,916,3678,5371,6862,0,0,0,1,2,1
40700,1536481109,0,1,0,0,0,0,3,0,0,1,0,0,4,4,1,0,4,28,2,11,15,13,918,3687,5389,6880,0,0,0,1,2,1
40800,1540421061,0,1,0,0,0,0,3,0,0,1,0,0,5,4,1,0,4,28,2,11,15,13,924,3695,5406,6899,0,0,0,1,2,1
40900,1544356052,0,1,0,0,0,0,3,0,0,1,0,0,5,4,1,0,4,29,2,11,15,13,926,3704,5420,6919,0,0,0,1,2,1
41000,1548287946,0,1,0,0,0,0,3,0,0,1,0,0,5,4,1,0,4,30,2,11,15,13,928,3712,5434,6942,0,0,0,1,2,1
41100,1552225828,0,1,0,0,0,0,3,0,0,1,0,0,5,4,1,0,4,30,2,11,15,13,932,3723,5444,6969,0,0,0,1,2,1
41200,1556156480,0,1,0,0,0,0,3,0,0,1,0,0,5,4,1,0,4,30,2,11,15,13,938,3734,5456,6985,0,0,0,1,2,1
41300,1560085318,0,1,0,0,0,0,3,0,0,1,0,0,5,4,1,0,4,30,2,11,15,13,939,3746,5474,7011,0,0,0,1,2,1
41400,1564018698,0,1,0,0,0,0,3,0,0,1,0,0,5,4,1,0,4,30,2,11,15,13,940,3755,5488,7027,0,0,0,1,2,1
41500,1567959123,0,1,0,0,0,0,3,0,0,1,0,0,5,4,1,0,4,30,2,11,15,13,943,3769,5499,7039,0,0,0,1,2,1
41600,1571903906,0,1,0,0,0,0,3,0,0,1,0,0,5,4,1,0,4,30,2,11,15,14,949,3773,5512,7055,0,0,0,1,2,1
41700,1575848110,0,1,0,0,0,0,3,0,0,1,0,0,5,4,1,0,4,30,2,11,15,14,952,3787,5527,7077,0,0,0,1,2,1
41800,1579781520,0,1,0,0,0,0,3,0,0,1,0,0,5,4,1,0,4,30,2,11,15,14,954,3799,5537,7103,0,0,0,1,3,1
41900,1583720716,0,1,0,0,0,0,3,0,0,1,0,0,5,4,1,0,4,31,2,11,15,14,958,3805,5544,7118,0,0,0,1,3,1
42000,1587663088,0,1,0,0,0,0,3,0,0,1,0,0,5,4,1,0,4,31,2,11,15,14,961,3813,5558,7145,0,0,0,1,3,1
42100,1591601082,0,1,0,0,0,0,3,0,0,1,0,0,5,4,1,0,4,32,2,11,15,14,967,3814,5576,7156,0,0,0,1,3,1
42200,1595533059,0,1,0,0,0,0,3,0,0,1,0,0,5,4,1,0,4,32,2,11,15,14,969,3822,5588,7168,0,0,0,1,4,1
42300,1599460414,0,1,0,0,0,0,3,0,0,1,0,0,5,4,1,0,4,32,2,11,15,14,969,3839,5606,7185,0,0,0,1,4,1
42400,1603389867,0,1,0,0,0,0,3,0,0,1,0,0,5,4,1,0,4,32,2,11,15,14,969,3848,5622,7204,0,0,0,1,4,1
42500,1607325504,0,1,0,0,0,0,3,0,0,1,0,0,5,4,1,0,4,33,2,11,15,14,971,3855,5637,7224,0,0,0,1,4,1
42600,1611256503,0,1,0,0,0,0,3,0,0,1,0,0,5,4,1,0,4,33,2,11,15,14,974,3867,5653,7241,0,0,0,1,4,1
42700,1615185374,0,1,0,0,0,0,3,0,0,1,0,0,5,5,1,0,4,33,2,11,15,14,977,3869,5671,7261,0,0,0,1,4,1
42800,1619108957,0,1,0,0,0,0,3,0,0,1,0,0,5,5,1,0,4,33,2,11,15,14,982,3883,5692,7284,0,0,0,1,4,1
42900,1623038261,0,1,0,0,0,0,3,0,0,1,0,0,5,5,1,0,4,33,2,11,15,14,985,3895,5706,7298,0,0,0,1,4,1
43000,1626961766,0,1,0,0,0,0,3,0,0,1,0,0,5,5,1,0,4,33,2,11,15,14,990,3904,5718,7315,0,0,0,1,4,1
43100,1630898692,0,1,0,0,0,0,3,0,0,1,0,0,5,5,1,0,4,34,2,11,15,14,993,3923,5729,7335,0,0,0,1,4,1
43200,1634833207,0,1,0,0,0,0,3,0,0,1,0,0,5,5,1,0,4,34,2,11,15,14,1000,3932,5744,7362,0,0,0,1,4,1
43300,1638765016,0,1,0,0,0,0,3,0,0,1,0,0,5,5,1,0,4,34,2,11,15,14,1001,3936,5755,7384,0,0,0,1,4,1
43400,1642700920,0,1,0,0,0,0,3,0,0,1,0,0,5,5,1,0,4,34,2,11,15,14,1003,3947,5769,7402,0,0,0,1,4,1
43500,1646645287,0,1,0,0,0,0,3,0,0,1,0,0,5,5,1,0,4,34,2,11,15,14,1005,3958,5787,7421,0,0,0,1,4,1
43600,1650588843,0,1,0,0,0,0,3,0,0,1,0,0,5,5,1,0,4,34,2,11,15,14,1005,3970,5803,7431,0,0,0,1,4,1
43700,1654539602,0,1,0,0,0,0,3,0,0,1,0,0,5,5,1,0,4,34,2,11,15,14,1008,3980,5814,7453,0,0,0,1,4,1
43800,1658490561,0,1,0,0,0,0,3,0,0,1,0,0,5,6,1,0,4,34,2,11,15,14,1008,3987,5829,7471,0,0,0,1,4,1
43900,1662440945,0,1,0,0,0,0,3,0,0,1,0,0,5,6,1,0,4,34,2,11,15,14,1011,3995,5845,7489,0,0,0,1,4,1
44000,1666386000,0,1,0,0,0,0,3,0,0,1,0,0,5,6,1,0,4,35,2,11,15,14,1013,4009,5860,7512,0,0,0,1,4,1
44100,1670325316,0,1,0,0,0,0,3,0,0,1,0,0,5,6,1,0,4,35,2,12,15,14,1015,4016,5877,7540,0,0,0,1,4,1
44200,1674268794,0,1,0,0,0,0,3,0,0,1,0,0,5,6,1,0,4,35,2,12,15,14,1019,4029,5886,7559,0,0,0,1,4,1
44300,1678202930,0,1,0,0,0,0,3,0,0,1,0,0,5,6,1,0,4,35,2,12,15,14,1019,4041,5904,7579,0,0,0,1,4,1
44400,1682130677,0,1,0,0,0,0,3,0,0,1,0,0,5,6,1,0,4,35,2,12,15,14,1023,4051,5927,7593,0,0,0,1,4,1
44500,1686061792,0,1,0,0,0,0,3,0,0,1,0,0,5,6,1,0,5,35,2,12,15,14,1025,4055,5941,7616,0,0,0,1,4,1
44600,1690000529,0,1,0,0,0,0,3,0,0,1,0,0,5,6,1,0,5,35,2,12,15,14,1026,4061,5956,7635,0,0,0,1,4,1
44700,1693948454,0,1,0,0,0,0,3,0,0,1,0,0,5,6,1,0,5,35,2,12,15,14,1027,4069,5966,7656,0,0,0,1,4,1
44800,1697895862,0,1,0,0,0,0,3,0,0,1,0,0,5,6,1,0,5,35,2,12,15,14,1027,4078,5981,7672,0,0,0,1,4,1
44900,1701846523,0,1,0,0,0,0,3,0,0,1,0,0,5,6,1,0,5,35,2,12,15,14,1029,4089,5993,7687,0,0,0,1,4,1
45000,1705804666,0,1,0,0,0,0,3,0,0,1,0,0,5,6,1,0,5,35,2,12,15,14,1030,4097,6002,7705,0,0,0,1,4,1
45100,1709763346,0,1,0,0,0,0,3,0,0,1,0,0,5,6,1,0,5,35,2,12,15,14,1034,4107,6016,7717,0,0,0,1,4,1
45200,1713721835,0,1,0,0,0,0,3,0,0,1,0,0,5,6,1,0,5,35,2,12,15,14,1035,4122,6028,7741,0,0,0,1,4,1
45300,1717669605,0,1,0,0,0,0,3,0,0,1,0,0,5,6,1,0,5,35,2,12,15,14,1038,4129,6047,7768,0,0,0,1,4,1
45400,1721614232,0,1,0,0,0,0,3,0,0,1,0,0,5,6,1,0,5,35,2,12,15,14,1041,4134,6059,7787,0,0,0,1,4,1
45500,1725565309,0,1,0,0,0,0,3,0,0,1,0,0,5,6,1,0,5,35,2,12,15,14,1043,4144,6080,7804,0,0,0,1,4,1
45600,1729524837,0,1,0,0,0,0,3,0,0,1,0,0,5,6,1,0,5,35,2,12,16,14,1047,4151,6088,7824,0,0,0,1,4,1
45700,1733479224,0,1,0,0,0,0,3,0,0,1,0,0,5,6,1,0,5,35,2,12,17,14,1048,4159,6111,7853,0,0,0,1,4,1
45800,1737430294,0,1,0,0,0,0,3,0,0,1,0,0,5,6,1,0,5,36,2,12,17,14,1052,4167,6130,7873,0,0,0,1,4,1
45900,1741388451,0,1,0,0,0,0,3,0,0,1,0,0,5,6,1,0,5,36,2,12,18,14,1056,4179,6142,7891,0,0,0,1,4,1
46000,1745348076,0,1,0,0,0,0,3,0,0,1,0,0,5,6,1,0,5,36,2,12,18,14,1059,4190,6155,7914,0,0,0,1,4,1
46100,1749304545,0,1,0,0,0,0,3,0,0,1,0,0,5,6,1,0,5,36,2,12,18,14,1060,4196,6163,7930,0,0,0,1,4,1
46200,1753253554,0,1,0,0,0,0,3,0,0,1,0,0,5,6,1,0,5,36,2,12,18,14,1061,4207,6182,7951,0,0,0,1,4,1
46300,1757194748,0,1,0,0,0,0,3,0,0,1,0,0,5,6,1,0,5,37,2,12,18,14,1064,4214,6196,7967,0,0,0,1,4,1
46400,1761131936,0,1,0,0,0,0,3,0,0,1,0,0,5,6,1,0,5,37,2,12,18,14,1069,4224,6208,7987,0,0,0,1,4,1
46500,1765064675,0,1,0,0,0,0,3,0,0,1,0,0,5,6,1,0,5,37,2,12,19,14,1073,4234,6223,8011,0,0,0,1,4,1
46600,1768992661,0,1,0,0,0,0,3,0,0,1,0,0,6,6,1,0,5,37,2,13,19,14,1075,4251,6242,8027,0,0,0,1,4,1
46700,1772930007,0,1,0,0,0,0,3,0,0,1,0,0,6,6,1,0,5,37,2,13,19,14,1076,4263,6248,8041,0,0,0,1,4,1
46800,1776871825,0,1,0,0,0,0,3,0,0,1,0,0,6,6,1,0,5,37,2,13,19,14,1082,4277,6263,8065,0,0,0,1,4,1
46900,1780806820,0,1,0,0,0,0,3,0,0,1,0,0,6,6,1,0,5,37,2,13,19,14,1084,4282,6280,8083,0,0,0,1,4,1
47000,1784753769,0,1,0,0,0,0,3,0,0,1,0,0,6,6,1,0,5,37,2,13,20,14,1087,4289,6295,8094,0,0,0,1,4,1
47100,1788694284,0,1,0,0,0,0,3,0,0,1,0,0,6,6,1,0,5,37,2,13,20,14,1088,4302,6310,8110,0,0,0,1,4,1
47200,1792629111,0,1,0,0,0,0,3,0,0,1,0,0,6,6,1,0,5,38,2,13,20,14,1090,4307,6328,8127,0,0,0,1,4,1
47300,1796562522,0,1,0,0,0,0,3,0,0,1,0,0,6,6,1,0,5,38,2,13,20,14,1092,4321,6348,8148,0,0,0,1,4,1
47400,1800488279,0,1,0,0,0,0,3,0,0,1,0,0,6,6,1,0,5,38,2,13,20,14,1096,4331,6366,8165,0,0,0,1,4,1
47500,1804413777,0,1,0,0,0,0,3,0,0,1,0,0,6,6,1,0,5,38,2,13,20,14,1098,4340,6375,8183,0,0,0,1,4,1
47600,1808347242,0,1,0,0,0,0,3,0,0,1,0,0,6,7,1,0,5,38,2,13,20,14,1101,4347,6392,8204,0,0,0,1,4,1
47700,1812282522,0,1,0,0,0,0,3,0,0,1,0,0,6,7,1,0,5,38,2,13,20,14,1106,4355,6406,8222,0,0,0,1,4,1
47800,1816218536,0,1,0,0,0,0,3,0,0,1,0,0,6,7,1,0,5,38,2,13,20,14,1110,4367,6413,8247,0,0,0,1,4,1
47900,1820154321,0,1,0,0,0,0,3,0,0,1,0,0,6,7,1,0,5,38,2,13,20,14,1115,4374,6428,8274,0,0,0,1,4,1
48000,1824092509,0,1,0,0,0,0,3,0,0,1,0,0,6,7,1,0,5,38,2,13,20,14,1117,4385,6441,8293,0,0,0,1,4,1
48100,1828032748,0,1,0,0,0,0,3,0,0,1,0,0,6,7,1,0,5,38,2,13,21,14,1119,4390,6452,8306,0,0,0,1,4,1
48200,1831968319,0,1,0,0,0,0,3,0,0,1,0,0,6,7,1,0,5,38,2,13,21,14,1122,4394,6466,8324,0,0,0,1,4,1
48300,1835905672,0,1,0,0,0,0,3,0,0,1,0,0,6,7,1,0,5,38,2,13,21,14,1124,4403,6478,8340,0,0,0,1,4,1
48400,1839850958,0,1,0,0,0,0,3,0,0,1,0,0,6,7,1,0,5,38,2,13,21,14,1125,4405,6493,8357,0,0,0,1,4,1
48500,1843812193,0,1,0,0,0,0,3,0,0,1,0,0,6,7,1,0,5,38,2,13,21,14,1128,4413,6498,8372,0,0,0,1,4,1
48600,1847790064,0,1,0,0,0,0,3,0,0,1,0,0,6,7,1,0,5,38,2,13,21,14,1134,4426,6518,8386,0,0,0,1,4,1
48700,1851760495,0,1,0,0,0,0,3,0,0,1,0,0,6,7,1,0,5,38,2,13,21,14,1135,4436,6537,8406,0,0,0,1,4,1
48800,1855737312,0,1,0,0,0,0,3,0,0,1,0,0,6,7,1,0,5,38,2,13,21,14,1135,4445,6542,8421,0,0,0,1,4,1
48900,1859722833,0,1,0,0,0,0,3,0,0,1,0,0,6,7,1,0,5,38,2,13,21,14,1138,4458,6558,8440,0,0,0,1,4,1
49000,1863709029,0,1,0,0,0,0,3,0,0,1,0,0,6,7,1,0,5,38,2,13,21,14,1142,4467,6576,8456,0,0,0,1,4,1
49100,1867696278,0,1,0,0,0,0,3,0,0,1,0,0,6,7,1,0,5,38,2,13,21,14,1142,4480,6590,8469,0,0,0,1,4,1
49200,1871680277,0,1,0,0,0,0,3,0,0,1,0,0,6,7,1,0,5,38,2,13,21,14,1146,4492,6606,8488,0,0,0,1,4,1
49300,1875656917,0,1,0,0,0,0,3,0,0,1,0,0,6,7,1,0,5,38,2,13,22,14,1147,4498,6617,8500,0,0,0,1,4,1
49400,1879635044,0,1,0,0,0,0,3,0,0,1,0,0,6,7,1,0,5,38,2,13,22,14,1151,4508,6636,8517,0,0,0,1,4,1
49500,1883614430,0,1,0,0,0,0,3,0,0,1,0,0,6,7,1,0,5,38,2,13,22,15,1152,4517,6658,8539,0,0,0,1,4,1
49600,1887588568,0,1,0,0,0,0,3,0,0,1,0,0,6,7,1,0,5,38,2,13,22,15,1154,4523,6674,8561,0,0,0,1,4,1
49700,1891563885,0,1,0,0,0,0,3,0,0,1,0,0,6,7,1,0,5,38,2,13,22,15,1156,4533,6689,8582,0,0,0,1,4,1
49800,1895540224,0,1,0,0,0,0,3,0,0,1,0,0,6,7,1,0,5,38,2,13,22,15,1158,4546,6701,8602,0,0,0,1,4,1
49900,1899528562,0,1,0,0,0,0,3,0,0,1,0,0,6,7,1,0,5,38,2,13,22,15,1164,4558,6714,8617,0,0,0,1,4,1
50000,1903510794,0,1,0,0,0,0,3,0,0,1,0,0,6,7,1,0,5,38,2,14,22,15,1165,4569,6735,8635,0,0,0,1,4,1
50100,1907502639,0,1,0,0,0,0,3,0,0,1,0,0,6,7,1,0,5,38,2,14,22,15,1168,4578,6755,8645,0,0,0,1,4,1
50200,1911492973,0,1,0,0,0,0,3,0,0,1,0,0,6,7,1,0,5,38,2,14,22,15,1171,4592,6775,8665,0,0,0,1,4,1
50300,1915473619,0,1,0,0,0,0,3,0,0,1,0,0,6,7,1,0,5,38,2,14,22,15,1175,4606,6788,8686,0,0,0,1,4,1
50400,1919446570,0,1,0,0,0,0,3,0,0,1,0,0,6,7,1,0,5,38,2,14,22,15,1179,4615,6805,8697,0,0,0,1,4,1
50500,1923417646,0,1,0,0,0,0,3,0,0,1,0,0,6,7,1,0,5,38,2,14,23,15,1187,4630,6817,8717,0,0,0,1,4,1
50600,1927384072,0,1,0,0,0,0,3,0,0,1,0,0,6,7,1,0,5,38,2,14,23,15,1188,4637,6835,8746,0,0,0,1,4,1
50700,1931355826,0,1,0,0,0,0,3,0,0,1,0,0,6,7,1,0,5,38,2,14,23,15,1192,4644,6848,8762,0,0,0,1,4,1
50800,1935328793,0,1,0,0,0,0,3,0,0,1,0,0,6,7,1,0,5,39,2,15,23,15,1195,4654,6857,8775,0,0,0,1,4,1
50900,1939309314,0,1,0,0,0,0,3,0,0,1,0,0,6,7,1,0,5,39,2,15,23,16,1199,4664,6873,8794,0,0,0,1,4,1
51000,1943288161,0,1,0,0,0,0,3,0,0,1,0,0,6,7,1,1,5,39,2,15,23,16,1201,4677,6883,8812,0,0,0,1,4,1
51100,1947270398,0,1,0,0,0,0,3,0,0,1,0,0,6,7,1,1,5,39,2,15,23,16,1204,4688,6892,8829,0,0,0,1,4,1
51200,1951247974,0,1,0,0,0,0,3,0,0,1,0,0,6,7,1,1,5,39,2,15,23,16,1205,4696,6903,8862,0,0,0,1,4,1
51300,1955215836,0,1,0,0,0,0,3,0,0,1,0,0,6,7,1,1,5,39,2,15,23,16,1206,4709,6917,8880,0,0,0,1,4,1
51400,1959171240,0,1,0,0,0,0,3,0,0,1,0,0,6,7,1,1,5,39,2,15,23,16,1212,4719,6935,8905,1,0,0,1,4,1
51500,1963113565,0,1,0,0,0,0,3,0,0,1,0,0,6,7,1,1,5,39,2,15,23,16,1213,4727,6956,8926,1,0,0,1,4,1
51600,1967049496,0,1,0,0,0,0,3,0,0,1,0,0,6,7,1,1,5,39,2,15,23,16,1219,4734,6971,8954,1,0,0,1,4,1
51700,1970990756,0,1,0,0,0,0,3,0,0,1,0,0,6,7,1,1,5,39,2,15,23,16,1223,4742,6979,8973,1,0,0,1,4,1
51800,1974927344,0,1,0,0,0,0,3,0,0,1,0,0,6,7,1,1,5,39,2,15,23,16,1225,4756,7000,8991,1,0,0,1,4,1
51900,1978847871,0,1,0,0,0,0,3,0,0,1,0,0,6,7,1,1,5,39,2,15,23,17,1228,4770,7012,9011,1,0,0,1,4,1
52000,1982756346,0,1,0,0,0,0,3,0,0,1,0,0,6,7,1,1,5,40,2,15,23,17,1229,4780,7026,9030,1,0,0,1,4,1
52100,1986655348,0,1,0,0,0,0,3,0,0,1,0,0,6,7,1,1,5,40,2,15,23,17,1232,4793,7045,9052,1,0,0,1,4,1
52200,1990558615,0,1,0,0,0,0,3,0,0,1,0,0,6,7,1,1,5,40,2,15,23,17,1234,4799,7062,9068,1,0,0,1,4,1
52300,1994468455,0,1,0,0,0,0,3,0,0,1,0,0,6,7,1,1,5,40,2,15,23,17,1236,4805,7074,9089,1,0,0,1,4,1
52400,1998376651,0,1,0,0,0,0,3,0,0,1,0,0,6,7,1,1,5,40,2,15,23,17,1237,4814,7090,9109,1,0,0,1,4,1
52500,2002284415,0,1,0,0,0,0,3,0,0,1,0,0,6,7,1,1,5,40,2,15,23,17,1240,4825,7108,9130,1,0,0,1,4,1
52600,2006192690,0,1,0,0,0,0,3,0,0,1,0,0,6,7,1,1,5,40,2,15,23,17,1243,4834,7126,9143,1,0,0,1,4,1
52700,2010100925,0,1,0,0,0,0,3,0,0,1,0,0,6,7,1,1,5,40,2,15,23,17,1244,4847,7135,9166,1,0,0,1,4,1
52800,2014016719,0,1,0,0,0,0,3,0,0,1,0,0,6,7,1,1,5,40,2,15,23,17,1248,4855,7147,9185,1,0,0,1,4,1
52900,2017935042,0,1,0,0,0,0,3,0,0,1,0,0,6,7,1,1,5,40,2,15,23,17,1250,4866,7156,9198,1,0,0,1,4,1
53000,2021873866,0,1,0,0,0,0,3,0,0,1,0,0,6,7,1,1,5,40,2,15,23,17,1251,4872,7165,9215,1,0,0,1,4,1
53100,2025820377,0,1,0,0,0,0,3,0,0,1,0,0,6,7,1,1,5,40,2,15,23,17,1255,4877,7178,9236,1,0,0,1,4,1
53200,2029766535,0,1,0,0,0,0,3,0,0,1,0,0,6,7,1,1,5,40,2,15,23,17,1258,4885,7193,9248,1,0,0,1,4,1
53300,2033720919,0,1,0,0,0,0,3,0,0,1,0,0,6,7,1,1,5,40,2,15,23,17,1262,4898,7203,9269,1,0,0,1,4,1
53400,2037670003,0,1,0,0,0,0,3,0,0,1,0,0,6,7,1,1,5,40,2,15,24,17,1266,4906,7220,9294,1,0,0,1,4,1
53500,2041623898,0,1,0,0,0,0,3,0,0,1,0,0,6,7,1,1,5,40,2,15,24,17,1268,4916,7237,9316,1,0,0,1,4,1
53600,2045576375,0,1,0,0,0,0,3,0,0,1,0,0,6,7,1,1,5,40,2,15,24,17,1271,4929,7246,9333,1,0,0,1,4,1
53700,2049530883,0,1,0,0,0,0,3,0,0,1,0,0,6,7,1,1,5,40,2,15,24,17,1272,4941,7263,9352,1,0,0,1,4,1
53800,2053488665,0,1,0,0,0,0,3,0,0,1,0,0,6,7,1,1,5,40,2,15,25,17,1275,4949,7271,9370,1,0,0,1,4,1
53900,2057449669,0,1,0,0,0,0,3,0,0,1,0,0,6,7,1,1,5,40,2,15,25,17,1276,4962,7280,9393,1,0,0,1,4,1
54000,2061405636,0,1,0,0,0,0,3,0,0,1,0,0,6,7,1,1,5,40,2,15,25,17,1278,4974,7293,9414,1,0,0,1,4,1
54100,2065353780,0,1,0,0,0,0,3,0,0,1,0,0,6,7,1,1,5,40,2,15,25,17,1280,4986,7308,9443,1,0,0,1,4,1
54200,2069305440,0,1,0,0,0,0,3,0,0,1,0,0,6,7,1,1,5,40,2,15,25,17,1282,4995,7329,9465,1,0,0,1,4,1
54300,2073252267,0,1,0,0,0,0,3,0,0,1,0,0,6,7,1,1,5,40,2,15,25,17,1284,5000,7348,9484,1,0,0,1,4,1
54400,2077205274,0,1,0,0,0,0,3,0,0,1,0,0,6,7,1,1,5,40,2,15,25,17,1287,5005,7362,9509,1,0,0,1,4,1
54500,2081164049,0,1,0,0,0,0,3,0,0,1,0,0,6,7,1,1,5,40,2,15,25,18,1291,5011,7375,9537,1,0,0,1,4,1
54600,2085128493,0,1,0,0,0,0,3,0,0,1,0,0,6,7,1,1,5,40,2,15,25,18,1293,5025,7388,9546,1,0,0,1,4,1
54700,2089095423,0,1,0,0,0,0,3,0,0,1,0,0,6,7,1,1,5,40,2,16,25,18,1296,5035,7402,9560,1,0,0,1,4,1
54800,2093075048,0,1,0,0,0,0,3,0,0,1,0,0,7,7,1,1,5,41,2,16,25,18,1298,5044,7421,9580,1,0,0,1,4,1
54900,2097059678,0,1,0,0,0,0,3,0,0,1,0,0,7,7,1,1,5,41,2,16,25,18,1302,5055,7436,9607,1,0,0,1,4,1
55000,2101031947,0,1,0,0,0,0,3,0,0,1,0,0,7,7,1,1,5,41,2,16,25,18,1305,5072,7459,9630,1,0,0,1,4,1
55100,2104998814,0,1,0,0,0,0,3,0,0,1,0,0,7,7,1,1,5,41,2,16,25,18,1307,5079,7470,9650,1,0,0,1,4,1
55200,2108963973,0,1,0,0,0,0,3,0,0,1,0,0,7,7,1,1,5,41,2,16,25,18,1309,5083,7488,9670,1,0,0,1,4,1
55300,2112939381,0,1,0,0,0,0,3,0,0,1,0,0,7,7,1,1,5,41,2,16,25,18,1311,5090,7497,9686,1,0,0,1,4,1
55400,2116912370,0,1,0,0,0,0,3,0,0,1,0,0,7,7,1,1,5,41,2,16,25,18,1312,5099,7512,9699,1,0,0,1,4,1
55500,2120874376,0,1,0,0,0,0,3,0,0,2,0,0,7,7,1,1,5,41,2,16,25,18,1315,5110,7527,9723,1,0,0,1,4,1
55600,2124837964,0,1,0,0,0,0,3,0,0,2,0,0,7,7,1,1,5,41,2,16,25,18,1317,5121,7545,9739,1,0,0,1,4,1
55700,2128808618,0,1,0,0,0,0,3,0,0,2,0,0,7,7,1,1,5,41,2,16,25,18,1319,5126,7559,9754,1,0,0,1,4,1
55800,2132778353,0,1,0,0,0,0,3,0,0,2,0,0,7,7,1,1,5,41,2,16,25,18,1325,5136,7572,9771,1,0,0,1,4,1
55900,2136748920,0,1,0,0,0,0,3,0,0,2,0,0,7,7,1,1,5,41,2,16,25,18,1326,5150,7591,9792,1,0,0,1,4,1
56000,2140710047,0,1,0,0,0,0,3,0,0,2,0,0,7,7,1,1,5,41,2,16,25,18,1328,5161,7605,9814,1,0,0,1,4,1
56100,2144678457,0,1,0,0,0,0,3,1,0,2,0,0,7,7,1,1,5,41,2,16,25,18,1334,5175,7616,9839,1,0,0,1,4,1
56200,2148643250,0,1,0,0,0,0,3,1,0,2,0,0,7,7,1,1,5,41,2,16,25,18,1335,5190,7629,9853,1,0,0,1,4,1
56300,2152618160,0,1,0,0,0,0,3,1,0,2,0,0,7,7,1,1,5,41,2,16,25,18,1338,5200,7645,9873,1,0,0,1,4,1
56400,2156593090,0,1,0,0,0,0,3,1,0,2,0,0,7,7,1,1,5,41,2,16,25,18,1341,5209,7661,9890,1,0,0,1,4,1
56500,2160558774,0,1,0,0,0,0,3,1,0,2,0,0,7,7,1,1,5,41,2,16,25,18,1344,5224,7673,9914,1,0,0,1,4,1
56600,2164517167,0,1,0,0,0,0,3,2,0,2,0,0,7,7,1,1,5,41,2,16,25,18,1347,5235,7691,9939,1,0,0,1,4,1
56700,2168463243,0,1,0,0,0,0,3,2,0,2,0,0,7,7,1,1,5,41,2,16,25,18,1349,5252,7701,9963,1,0,0,1,4,1
56800,2172410001,0,1,0,0,0,0,3,2,0,2,0,0,7,7,1,1,5,41,2,16,25,18,1352,5257,7718,9978,1,0,0,1,4,1
56900,2176354980,0,1,0,0,0,0,3,2,0,2,0,0,7,7,1,1,5,42,2,16,25,18,1353,5272,7733,10000,1,0,0,1,4,1
57000,2180305699,0,1,0,0,0,0,3,2,0,2,0,0,7,7,1,1,5,42,2,16,25,18,1354,5284,7745,10007,1,0,0,1,4,1
57100,2184262213,0,1,0,0,0,0,3,2,0,2,0,0,7,7,1,1,5,42,2,16,25,18,1357,5289,7759,10022,1,0,0,1,4,1
57200,2188222891,0,1,0,0,0,0,3,2,0,2,0,0,7,7,1,1,5,42,2,16,25,18,1359,5298,7778,10032,1,0,0,1,4,1
57300,2192191693,0,1,0,0,0,0,3,2,0,2,0,0,7,7,1,1,5,42,2,16,25,18,1363,5303,7793,10045,1,0,0,1,4,1
57400,2196170305,0,1,0,0,0,0,3,2,0,2,0,0,7,7,1,1,5,42,2,16,25,18,1365,5316,7813,10062,1,0,0,1,4,1
57500,2200151763,0,1,0,0,0,0,3,2,0,2,0,0,7,7,1,1,5,42,2,16,25,18,1367,5325,7827,10080,1,0,0,1,4,1
57600,2204139143,0,1,0,0,0,0,3,2,0,2,0,0,7,7,1,1,5,42,2,16,25,18,1368,5339,7839,10099,1,0,0,1,4,1
57700,2208128902,0,1,0,0,0,0,3,2,0,2,0,0,7,7,1,1,5,42,2,16,25,18,1369,5344,7854,10113,1,0,0,1,4,1
57800,2212127413,0,1,0,0,0,0,3,2,0,2,0,0,7,7,1,1,5,42,2,16,25,18,1370,5351,7866,10136,1,0,0,1,4,1
57900,2216126564,0,1,0,0,0,0,3,2,0,2,0,0,7,7,1,1,5,42,2,16,25,18,1372,5367,7878,10163,1,0,0,1,4,1
58000,2220126553,0,1,0,0,0,0,3,2,0,2,0,0,7,7,1,1,5,42,2,16,25,18,1376,5378,7891,10181,1,0,0,1,4,1
58100,2224117690,0,1,0,0,0,0,3,2,0,2,0,0,7,7,1,1,5,42,2,16,25,18,1380,5390,7905,10200,1,0,0,1,4,1
58200,2228109922,0,1,0,0,0,0,3,2,0,2,0,0,7,7,1,1,5,42,2,16,25,19,1380,5398,7919,10220,1,0,0,1,4,1
58300,2232094470,0,1,0,0,0,0,3,2,0,2,0,0,7,7,1,1,5,42,2,16,25,19,1381,5407,7932,10240,1,0,0,1,4,1
58400,2236089657,0,1,0,0,0,0,3,2,0,2,0,0,7,7,1,1,5,43,2,16,25,19,1381,5418,7946,10263,1,0,0,1,4,1
58500,2240088307,0,1,0,0,0,0,3,2,0,2,0,0,7,7,1,1,5,43,2,16,25,19,1384,5426,7962,10292,1,0,0,1,4,1
58600,2244080501,0,1,0,0,0,0,3,2,0,2,0,0,7,7,1,1,5,43,2,16,25,19,1386,5436,7978,10313,1,0,0,1,4,1
58700,2248061611,0,1,0,0,0,0,3,2,0,2,0,0,7,7,1,1,5,43,2,16,25,19,1390,5448,7991,10330,1,0,0,1,4,1
58800,2252050706,0,1,0,0,0,0,3,2,0,2,1,0,7,7,1,1,5,43,2,16,25,19,1391,5459,8000,10348,1,0,0,1,4,1
58900,2256043518,0,1,0,0,0,0,3,2,0,2,1,0,7,7,1,1,5,43,2,16,25,19,1393,5461,8014,10378,1,0,0,1,4,1
59000,2260043145,0,1,0,0,0,0,3,2,0,2,1,0,7,7,1,1,5,44,2,16,25,19,1395,5472,8021,10392,1,0,0,1,4,1
59100,2264038962,0,1,0,0,0,0,3,2,0,2,1,0,7,7,1,1,5,44,2,16,25,19,1399,5482,8033,10414,1,0,0,1,4,1
59200,2268030931,0,1,0,0,0,0,3,2,0,2,1,0,7,7,1,1,5,44,2,16,25,19,1401,5494,8051,10438,1,0,0,1,4,1
59300,2272016735,0,1,0,0,0,0,3,2,0,2,1,0,7,7,1,1,5,44,2,16,25,19,1403,5509,8062,10467,1,0,0,1,4,1
59400,2275992305,0,1,0,0,0,0,3,2,0,2,1,0,7,7,1,1,5,44,2,16,25,19,1405,5519,8072,10480,1,0,0,1,4,1
59500,2279966887,0,1,0,0,0,0,3,2,0,2,1,0,7,7,1,1,5,44,2,16,25,19,1407,5531,8092,10501,1,0,0,1,4,1
59600,2283925378,0,1,0,0,0,0,3,2,0,2,1,0,7,7,1,1,5,44,2,16,26,19,1408,5542,8113,10520,1,0,0,1,4,1
59700,2287879749,0,1,0,0,0,0,3,2,0,2,1,0,7,7,1,1,5,44,2,16,26,19,1410,5550,8133,10532,1,0,0,1,4,1
59800,2291849123,0,1,0,0,0,0,3,2,0,2,1,0,7,7,1,1,5,44,2,16,26,20,1413,5555,8152,10547,1,0,0,1,4,1
59900,2295819470,0,1,0,0,0,0,3,2,0,2,1,0,7,7,1,1,5,44,2,16,26,20,1417,5567,8169,10560,1,0,0,1,4,1
60000,2299789384,0,1,0,0,0,0,3,2,0,2,1,0,7,7,1,1,5,44,2,16,26,20,1419,5580,8184,10580,1,0,0,1,4,1
60100,2303746176,0,1,0,0,0,0,3,2,0,2,1,0,7,7,1,1,5,44,2,16,26,20,1421,5587,8204,10609,1,0,0,1,4,1
60200,2307699381,0,1,0,0,0,0,3,2,0,2,1,0,7,7,1,1,5,44,2,16,26,20,1424,5592,8226,10622,1,0,0,1,4,1
60300,2311660570,0,1,0,0,0,0,3,2,0,2,1,0,7,7,1,1,5,44,2,16,26,20,1427,5597,8240,10643,1,0,0,1,4,1
60400,2315625908,0,1,0,0,0,0,3,2,0,2,1,0,7,7,1,1,5,44,2,16,26,20,1432,5609,8256,10660,1,0,0,1,4,1
60500,2319583157,0,1,0,0,0,0,3,2,0,2,1,0,7,7,1,1,5,44,2,16,26,20,1433,5623,8270,10677,1,0,0,1,4,1
60600,2323541027,0,1,0,0,0,0,3,2,0,2,1,0,7,7,1,1,5,44,2,16,26,20,1437,5629,8279,10693,1,0,0,1,4,1
60700,2327502209,0,1,0,0,0,0,3,2,0,2,1,0,7,7,1,1,5,44,2,16,26,22,1440,5637,8290,10714,1,0,0,1,4,1
60800,2331465204,0,1,0,0,0,0,3,2,0,2,1,0,7,7,1,1,5,44,2,16,26,22,1442,5646,8304,10734,1,0,0,1,4,1
60900,2335426553,0,1,0,0,0,0,3,2,0,2,1,0,7,7,1,1,5,44,2,16,26,22,1444,5652,8322,10758,1,0,0,1,4,1
61000,2339383898,0,1,0,0,0,0,3,2,0,2,1,0,7,7,1,1,5,44,2,16,26,22,1448,5659,8342,10780,1,0,0,1,4,1
61100,2343343470,0,1,0,0,0,0,3,2,0,2,1,0,7,7,1,1,5,44,2,16,26,22,1451,5670,8359,10798,1,0,0,1,4,1
61200,2347294467,0,1,0,0,0,0,3,2,0,2,1,0,7,7,1,1,5,44,2,16,26,22,1451,5683,8377,10813,1,0,0,1,4,1
61300,2351260490,0,1,0,0,0,0,3,2,0,2,1,0,7,7,1,1,5,44,2,16,27,22,1454,5695,8387,10842,1,0,0,1,4,1
61400,2355216706,0,1,0,0,0,0,3,2,0,2,1,0,7,7,1,1,5,45,2,16,27,22,1457,5703,8402,10861,1,0,0,1,4,1
61500,2359170699,0,1,0,0,0,0,3,2,0,2,1,0,7,7,1,1,5,45,2,16,27,22,1460,5711,8421,10875,1,0,0,1,4,1
61600,2363127936,0,1,0,0,0,0,3,2,0,2,1,0,7,7,1,1,5,45,2,16,27,22,1464,5722,8435,10893,1,0,0,1,4,1
61700,2367072407,0,1,0,0,0,0,3,2,0,2,1,0,7,7,1,1,5,45,2,16,27,22,1467,5733,8451,10911,1,0,0,1,4,1
61800,2371013030,0,1,0,0,0,0,3,2,0,2,1,0,7,7,1,1,5,45,2,16,27,22,1469,5746,8471,10936,1,0,0,1,4,1
61900,2374940886,0,1,0,0,0,0,3,2,0,2,1,0,7,7,1,1,5,45,2,16,27,22,1470,5753,8483,10959,1,0,0,1,4,1
62000,2378868270,0,1,0,0,0,0,3,2,0,2,1,0,7,7,1,1,5,46,2,16,27,22,1471,5757,8499,10984,1,0,0,1,4,1
62100,2382787730,0,1,0,0,0,0,3,2,0,2,1,0,7,7,1,1,5,47,2,16,27,22,1473,5769,8512,11008,1,0,0,1,4,1
62200,2386712416,0,1,0,0,0,0,3,2,0,2,1,0,7,7,1,1,5,47,2,16,27,22,1475,5774,8526,11017,1,0,0,1,4,1
62300,2390647187,0,1,0,0,0,0,3,2,0,2,1,0,7,7,1,1,5,47,2,16,27,22,1478,5785,8544,11031,1,0,0,1,4,1
62400,2394584482,0,1,0,0,0,0,3,2,0,2,1,0,7,7,1,1,5,47,2,16,27,22,1481,5793,8565,11051,1,0,0,1,4,1
62500,2398521529,0,1,0,0,0,0,3,2,0,2,1,0,7,7,1,1,5,47,2,16,27,22,1484,5809,8583,11065,1,0,0,1,4,1
62600,2402465882,0,1,0,0,0,0,3,2,0,2,1,0,7,7,1,1,5,47,2,16,27,22,1487,5823,8602,11081,1,0,0,1,4,1
62700,2406407028,0,1,0,0,0,0,3,2,0,2,1,0,7,7,1,1,5,47,2,16,27,22,1488,5834,8625,11101,1,0,0,1,4,1
62800,2410339485,0,1,0,0,0,0,3,2,0,2,1,0,7,7,1,1,5,47,2,16,27,22,1495,5842,8640,11113,1,0,0,1,4,1
62900,2414265988,0,1,0,0,0,0,3,2,0,2,1,0,8,7,1,1,5,47,2,16,27,22,1497,5854,8657,11133,1,0,0,1,4,1
63000,2418190005,0,1,0,0,0,0,3,2,0,2,1,0,8,7,1,1,5,47,2,16,27,22,1498,5866,8676,11153,1,0,0,1,4,1
63100,2422103956,0,1,0,0,0,0,3,2,0,2,1,0,8,7,1,1,5,47,2,16,27,22,1500,5871,8692,11170,1,0,0,1,4,1
63200,2426026206,0,1,0,0,0,0,3,2,0,2,1,0,8,7,1,1,5,47,2,16,28,22,1503,5882,8704,11189,1,0,0,1,4,1
63300,2429959378,0,1,0,0,0,0,3,2,0,2,1,0,8,7,1,1,5,47,2,16,28,22,1506,5889,8718,11209,1,0,0,1,4,1
63400,2433889918,0,1,0,0,0,0,3,2,0,2,1,0,8,7,1,1,5,47,2,16,28,22,1507,5897,8735,11230,1,0,0,1,4,1
63500,2437812871,0,1,0,0,0,0,3,2,0,2,1,0,8,7,1,1,5,47,2,16,28,22,1509,5917,8752,11248,1,0,0,1,4,1
63600,2441733253,0,1,0,0,0,0,3,2,0,2,1,0,8,7,1,1,5,47,2,16,28,22,1514,5926,8769,11275,1,0,0,1,4,1
63700,2445647938,0,1,0,0,0,0,3,2,0,2,1,0,8,7,1,1,5,47,2,16,28,22,1515,5938,8785,11298,1,0,0,1,4,1
63800,2449563960,0,1,0,0,0,0,3,2,0,2,1,0,8,7,1,1,5,47,2,16,28,22,1517,5948,8803,11316,1,0,0,1,4,1
63900,2453481246,0,1,0,0,0,0,3,2,0,2,1,0,8,7,1,1,5,47,2,16,28,22,1518,5962,8813,11334,1,0,0,1,4,1
64000,2457395847,0,1,0,0,0,0,3,2,0,2,1,0,8,7,1,1,5,47,2,16,28,22,1519,5969,8833,11350,1,0,0,1,4,1
64100,2461306959,0,1,0,0,0,0,3,2,0,2,1,0,8,7,1,1,5,47,2,16,28,22,1520,5979,8846,11367,1,0,0,1,4,1
64200,2465226138,0,1,0,0,0,0,3,2,0,2,1,0,8,7,1,1,5,47,2,16,28,22,1523,5993,8857,11385,1,0,0,1,4,1
64300,2469147893,0,1,0,0,0,0,3,2,0,2,1,0,8,7,1,1,5,47,2,16,28,22,1526,6003,8871,11402,1,0,0,1,4,1
64400,2473063946,0,1,0,0,0,0,3,2,0,2,1,0,8,7,1,1,5,47,2,16,28,22,1528,6014,8883,11421,1,0,0,1,4,1
64500,2476975563,0,1,0,0,0,0,3,2,0,2,1,0,8,7,1,1,5,47,2,16,28,22,1533,6029,8900,11437,1,0,0,1,4,1
64600,2480885585,0,1,0,0,0,0,3,2,0,2,1,0,8,7,1,1,5,47,2,16,28,22,1534,6036,8915,11461,1,0,0,1,4,1
64700,2484791232,0,1,0,0,0,0,3,2,0,2,1,0,8,7,1,1,5,47,2,16,29,22,1538,6047,8926,11481,1,0,0,1,4,1
64800,2488697901,0,1,0,0,0,0,3,2,0,2,1,0,8,7,1,1,5,47,2,16,29,22,1538,6058,8937,11500,1,0,0,1,4,1
64900,2492616033,0,1,0,0,0,0,3,2,0,2,1,0,8,7,1,1,5,47,2,16,29,22,1540,6072,8950,11518,1,0,0,1,4,1
65000,2496539120,0,1,0,0,0,0,3,2,0,2,1,0,8,7,1,1,5,47,2,16,29,23,1542,6087,8959,11533,1,0,0,1,4,1
65100,2500475295,0,1,0,0,0,0,3,2,0,2,1,0,8,7,1,1,5,47,2,16,29,23,1543,6098,8964,11545,1,0,0,1,4,1
65200,2504414059,0,1,0,0,0,0,3,2,0,2,1,0,8,7,1,1,5,47,2,16,29,23,1545,6106,8975,11574,1,0,0,1,4,1
65300,2508343491,0,1,0,0,0,0,3,2,0,2,1,0,8,7,1,1,5,47,2,16,29,23,1547,6113,8988,11592,1,0,0,1,4,1
65400,2512267193,0,1,0,0,0,0,3,2,0,2,1,0,8,7,1,1,5,47,2,16,29,23,1549,6126,9002,11616,1,0,0,1,4,1
65500,2516185140,0,1,0,0,0,0,3,2,0,2,1,0,8,7,1,1,5,47,2,16,29,23,1550,6133,9017,11641,1,0,0,1,4,1
65600,2520104276,0,1,0,0,0,0,3,2,0,2,1,0,8,7,1,1,5,47,2,16,29,23,1554,6140,9024,11658,1,0,0,1,4,1
65700,2524024256,0,1,0,0,0,0,3,2,0,2,1,0,8,7,1,1,5,48,2,16,29,23,1559,6147,9041,11672,1,0,0,1,4,1
65800,2527945215,0,1,0,0,0,0,3,2,0,2,1,0,8,7,1,1,5,48,2,16,29,23,1563,6158,9049,11690,1,0,0,1,4,1
65900,2531875499,0,1,0,0,0,0,3,2,0,2,1,0,8,7,1,1,5,48,2,16,29,23,1567,6167,9061,11708,1,0,0,1,4,1
66000,2535810125,0,1,0,0,0,0,3,2,0,2,1,0,8,7,1,1,5,48,2,16,29,23,1575,6175,9077,11720,1,0,0,1,4,1
66100,2539755286,0,1,0,0,0,0,3,2,0,2,1,0,8,7,1,1,5,48,2,16,29,24,1578,6183,9088,11738,1,0,0,1,4,2
66200,2543702413,0,1,0,0,0,0,3,2,0,2,1,0,8,7,1,1,5,48,2,16,29,24,1579,6196,9096,11766,1,0,0,1,4,2
66300,2547661872,0,1,0,0,0,0,3,2,0,2,1,0,8,7,1,1,5,48,2,16,29,24,1584,6213,9110,11784,1,0,0,1,4,2
66400,2551623476,0,1,0,0,0,0,3,2,0,2,1,0,8,7,1,1,5,48,2,16,29,24,1586,6224,9118,11804,1,0,0,1,4,2
66500,2555585954,0,1,0,0,0,0,3,2,0,2,1,0,8,7,1,1,5,48,2,16,29,24,1590,6232,9132,11825,1,0,0,1,4,2
66600,2559543521,0,1,0,0,0,0,3,2,0,2,1,0,8,7,1,1,5,48,2,16,29,24,1595,6242,9147,11837,1,0,0,1,4,2
66700,2563501537,0,1,0,0,0,0,3,2,0,2,1,0,8,7,1,1,5,48,2,16,29,24,1599,6252,9159,11852,1,0,0,1,4,2
66800,2567464829,0,1,0,0,0,0,3,2,0,2,1,0,8,7,1,1,5,48,2,16,29,24,1604,6261,9172,11876,1,0,0,1,4,2
66900,2571424023,0,1,0,0,0,0,3,2,0,2,1,0,8,7,1,1,5,48,2,16,29,25,1608,6271,9180,11899,1,0,0,1,4,2
67000,2575380767,0,1,0,0,0,0,3,2,0,2,1,0,8,7,1,1,5,49,2,16,29,25,1614,6276,9193,11918,1,0,0,1,4,2
67100,2579332038,0,1,0,0,0,0,3,2,0,2,1,0,8,7,1,1,5,49,2,17,29,25,1616,6283,9209,11935,1,0,0,1,4,2
67200,2583279902,0,1,0,0,0,0,3,2,0,2,1,0,8,7,1,1,5,49,2,17,29,25,1618,6289,9219,11961,1,0,0,1,4,2
67300,2587236667,0,1,0,0,0,0,3,2,0,2,1,0,8,7,1,1,5,49,2,17,29,25,1620,6306,9236,11984,1,0,0,1,4,2
67400,2591184314,0,1,0,0,0,0,3,2,0,2,1,0,8,7,1,1,5,49,2,17,29,25,1621,6316,9246,11996,1,0,0,1,4,2
67500,2595136746,0,1,0,0,0,0,3,2,0,2,1,0,8,7,1,1,5,49,2,17,29,25,1624,6325,9262,12014,1,0,0,1,4,2
67600,2599086699,0,1,0,0,0,0,3,2,0,2,1,0,8,7,1,1,5,49,2,17,29,25,1628,6332,9275,12030,1,0,0,1,4,2
67700,2603033978,0,1,0,0,0,0,3,2,0,2,1,0,8,7,1,1,5,49,2,17,29,25,1631,6338,9285,12049,1,0,0,1,4,2
67800,2606973609,0,1,0,0,0,0,3,2,0,2,1,0,8,7,1,1,5,50,2,17,29,25,1632,6351,9307,12069,1,0,0,1,4,2
67900,2610907798,0,1,0,0,0,0,3,2,0,2,1,0,8,7,1,1,5,50,2,17,29,25,1639,6363,9328,12100,1,0,0,1,4,2
68000,2614832351,0,1,0,0,0,0,3,2,0,2,1,0,8,7,1,1,5,50,2,17,29,25,1640,6370,9341,12116,1,0,0,1,4,2
68100,2618756309,0,1,0,0,0,0,3,2,0,2,1,0,8,7,1,1,5,50,2,17,29,25,1643,6377,9359,12140,1,0,0,1,4,2
68200,2622685019,0,1,0,0,0,0,3,2,0,2,1,0,8,7,1,1,5,50,2,17,29,25,1644,6394,9373,12157,1,0,0,1,4,2
68300,2626615246,0,1,0,0,0,0,3,2,0,2,1,0,8,7,1,1,5,50,2,17,29,25,1648,6405,9386,12175,1,0,0,1,4,2
68400,2630542799,0,1,0,0,0,0,3,2,0,2,1,0,8,7,1,1,5,50,2,17,29,25,1651,6419,9402,12198,1,0,0,1,4,2
68500,2634461966,0,1,0,0,0,0,3,2,0,2,1,0,8,7,1,1,5,50,2,17,29,25,1656,6431,9415,12217,1,0,0,1,4,2
68600,2638377772,0,1,0,0,0,0,3,2,0,2,1,0,8,7,1,1,5,50,2,17,29,25,1658,6440,9430,12240,1,0,0,1,4,2
68700,2642298939,0,1,0,0,0,0,3,2,0,2,1,0,8,7,1,1,5,50,2,17,29,25,1665,6445,9444,12255,1,0,0,1,4,2
68800,2646220123,0,1,0,0,0,0,3,2,0,2,1,0,8,7,1,1,5,50,2,17,29,25,1668,6450,9461,12269,1,0,0,1,4,2
68900,2650140638,0,1,0,0,0,0,3,2,0,2,1,0,8,7,1,1,5,50,2,17,29,25,1671,6459,9475,12299,1,0,0,1,4,2
69000,2654061552,0,1,0,0,0,0,3,2,0,2,1,0,8,7,1,1,5,50,2,17,29,25,1672,6469,9493,12323,1,0,0,1,4,2
69100,2657978893,0,1,0,0,0,0,3,2,0,2,1,0,8,7,1,1,5,50,2,17,29,25,1672,6477,9514,12339,1,0,0,1,4,2
69200,2661894355,0,1,0,0,0,0,3,2,0,2,1,0,8,7,1,1,5,50,2,17,30,25,1676,6488,9526,12352,1,0,0,1,4,2
69300,2665805805,0,1,0,0,0,0,3,2,0,2,1,0,8,7,1,1,5,50,2,17,30,25,1679,6499,9548,12378,1,0,0,1,4,2
69400,2669725132,0,1,0,0,0,0,3,2,0,2,1,0,8,7,1,1,5,50,2,17,30,25,1683,6507,9569,12390,1,0,0,1,4,2
69500,2673640986,0,1,0,0,0,0,3,2,0,2,1,0,8,7,1,1,5,50,2,17,30,25,1688,6516,9581,12418,1,0,0,1,4,2
69600,2677553709,0,1,0,0,0,0,3,2,0,2,1,0,8,7,1,1,5,50,2,17,30,25,1691,6524,9592,12439,1,0,0,1,4,2
69700,2681467709,0,1,0,0,0,0,3,2,0,2,1,0,8,7,1,1,5,50,2,17,30,25,1693,6534,9602,12459,1,0,0,1,4,2
69800,2685383676,0,1,0,0,0,0,3,2,0,2,1,0,8,7,1,1,5,51,2,17,30,25,1698,6545,9619,12471,1,0,0,1,4,2
69900,2689297082,0,1,0,0,0,0,3,3,0,2,1,0,8,7,1,1,5,51,2,17,30,25,1700,6556,9634,12494,1,0,0,1,4,2
70000,2693215884,0,1,0,0,0,0,3,3,0,2,1,0,8,7,1,1,5,51,2,17,30,25,1704,6559,9654,12516,1,0,0,1,4,2
70100,2697138747,0,1,0,0,0,0,3,3,0,2,1,0,8,7,1,1,5,51,2,17,30,25,1705,6569,9667,12537,1,0,0,1,4,2
70200,2701066297,0,1,0,0,0,0,3,3,0,2,1,0,8,7,1,1,5,51,2,17,30,25,1708,6580,9680,12552,1,0,0,1,4,2
70300,2704994795,0,1,0,0,0,0,3,3,0,2,1,0,8,7,1,1,5,51,3,17,30,25,1710,6592,9695,12570,1,0,0,1,4,2
70400,2708926744,0,1,0,0,0,0,3,3,0,2,1,0,8,7,1,1,5,51,3,17,30,25,1712,6604,9709,12589,1,0,0,1,4,2
70500,2712858932,0,1,0,0,0,0,3,3,0,2,1,0,8,7,1,1,5,51,3,17,30,25,1712,6613,9724,12606,1,0,0,1,4,2
70600,2716798090,0,1,0,0,0,0,3,3,0,2,1,0,8,7,1,1,5,51,3,17,30,26,1712,6628,9742,12622,1,0,0,1,4,2
70700,2720725725,0,1,0,0,0,0,3,3,0,2,1,0,8,7,1,1,5,51,3,17,30,26,1714,6637,9756,12644,1,0,0,1,4,2
70800,2724649106,0,1,0,0,0,0,3,3,0,2,1,0,8,7,1,1,5,51,3,17,30,26,1715,6654,9776,12662,1,0,0,1,4,2
70900,2728572632,0,1,0,0,0,0,3,3,0,2,1,0,8,7,1,1,5,51,3,17,30,26,1719,6660,9793,12683,1,0,0,1,4,2
71000,2732497611,0,1,0,0,0,0,3,3,0,2,1,0,8,7,1,1,5,51,3,17,30,26,1721,6664,9806,12705,1,0,0,1,4,2
71100,2736429900,0,1,0,0,0,0,3,3,0,2,1,0,8,7,1,1,5,51,3,17,30,26,1722,6680,9819,12714,1,0,0,1,4,2
71200,2740357454,0,1,0,0,0,0,3,3,0,2,1,0,8,7,1,1,5,51,3,17,30,26,1725,6691,9832,12730,1,0,0,1,4,2
71300,2744287944,0,1,0,0,0,0,3,3,0,2,1,0,8,7,1,1,5,51,3,17,30,26,1729,6703,9840,12750,1,0,0,1,4,2
71400,2748218865,0,1,0,0,0,0,3,3,0,2,1,0,8,7,1,1,5,51,3,17,30,26,1730,6715,9852,12769,1,0,0,1,4,2
71500,2752155094,0,1,0,0,0,0,3,3,0,2,1,0,8,7,1,1,5,51,3,17,30,26,1732,6723,9863,12785,1,0,0,1,4,2
71600,2756092942,0,1,0,0,0,0,3,3,0,2,1,0,8,7,1,1,5,51,3,17,30,26,1732,6735,9874,12802,1,0,0,1,4,2
71700,2760030937,0,1,0,0,0,0,3,3,0,2,1,0,8,8,1,1,5,51,3,18,30,26,1734,6744,9889,12821,1,0,0,1,4,2
71800,2763967750,0,1,0,0,0,0,3,3,0,2,1,0,8,8,1,1,5,52,3,18,30,26,1736,6758,9906,12836,1,0,0,1,4,2
71900,2767896340,0,1,0,0,0,0,3,3,0,2,1,0,8,8,1,1,5,52,3,18,30,26,1739,6769,9921,12859,1,0,0,1,4,2
72000,2771828677,0,1,0,0,0,0,3,3,0,2,1,0,8,8,1,1,5,52,3,18,30,27,1742,6781,9931,12884,1,0,0,1,4,2
72100,2775753075,0,1,0,0,0,0,3,3,0,2,1,0,8,8,1,1,5,53,3,18,30,28,1746,6788,9950,12901,1,0,0,1,4,2
72200,2779672209,0,1,0,0,0,0,3,3,0,2,1,0,8,8,1,1,5,53,3,18,30,28,1747,6801,9963,12920,1,0,0,1,4,2
72300,2783599400,0,1,0,0,0,0,3,3,0,2,1,0,8,8,1,1,5,53,3,18,30,28,1748,6807,9979,12938,1,0,0,1,4,2
72400,2787526869,0,1,0,0,0,0,3,3,0,2,1,0,8,8,1,1,5,54,3,18,30,28,1749,6815,9992,12954,1,0,0,1,4,2
72500,2791448435,0,1,0,0,0,0,3,3,0,2,1,0,8,8,1,1,5,54,3,18,30,28,1750,6825,10008,12979,1,0,0,1,4,2
72600,2795372801,0,1,0,0,0,0,3,3,0,2,1,0,8,8,1,1,5,54,3,18,30,28,1753,6833,10022,12997,1,0,0,1,4,2
72700,2799301383,0,1,0,0,0,0,3,3,0,2,1,0,8,8,1,1,5,55,3,18,30,28,1753,6843,10038,13014,1,0,0,1,4,2
72800,2803227231,0,1,0,0,0,0,3,3,0,2,1,0,8,8,1,1,5,55,3,18,30,28,1753,6853,10047,13028,1,0,0,1,4,2
72900,2807146682,0,1,0,0,0,0,3,3,0,2,1,0,8,8,1,1,5,55,3,18,30,28,1755,6863,10063,13048,1,0,0,1,4,2
73000,2811068289,0,1,0,0,0,0,3,3,0,2,1,0,8,8,1,1,5,55,3,18,30,28,1758,6872,10076,13074,1,0,0,1,4,2
73100,2814977135,0,1,0,0,0,0,3,3,0,2,1,0,8,8,1,1,5,55,3,18,30,28,1760,6880,10093,13090,1,0,0,1,4,2
73200,2818887469,0,1,0,0,0,0,3,3,0,2,1,0,8,8,1,1,5,55,3,18,30,28,1761,6893,10115,13104,1,0,0,1,4,2
73300,2822799638,0,1,0,0,0,0,3,3,0,2,1,0,8,8,1,1,5,55,3,18,30,28,1762,6907,10126,13118,1,0,0,1,4,2
73400,2826714755,0,1,0,0,0,0,3,3,0,2,1,0,8,8,1,1,5,55,3,18,30,28,1767,6917,10139,13130,1,0,0,1,4,2
73500,2830637340,0,1,0,0,0,0,3,3,0,2,1,0,8,8,1,1,5,55,3,18,30,28,1768,6923,10151,13144,1,0,0,1,4,2
73600,2834554413,0,1,0,0,0,0,3,3,0,2,1,0,8,8,1,1,5,55,3,19,30,28,1771,6932,10161,13176,1,0,0,1,4,2
73700,2838468910,0,1,0,0,0,0,3,3,0,2,1,0,8,8,1,1,5,57,3,20,30,28,1771,6946,10178,13193,1,0,0,1,4,2
73800,2842380069,0,1,0,0,0,0,3,3,0,2,1,0,8,8,1,1,5,57,3,20,30,28,1774,6951,10197,13210,1,0,0,1,4,2
73900,2846291929,0,1,0,0,0,0,3,3,0,2,1,0,8,8,1,1,5,57,3,20,30,28,1778,6960,10214,13228,1,0,0,1,4,2
74000,2850202287,0,1,0,0,0,0,3,3,0,2,1,0,8,8,1,1,5,57,3,20,30,28,1783,6973,10230,13250,1,0,0,1,4,2
74100,2854118131,0,1,0,0,0,0,3,3,0,2,1,0,8,8,1,1,5,57,3,20,30,28,1785,6977,10241,13269,1,0,0,1,4,2
74200,2858040938,0,1,0,0,0,0,3,3,0,2,1,0,8,8,1,1,5,57,3,20,30,28,1787,6985,10253,13291,1,0,0,1,4,2
74300,2861967437,0,1,0,0,0,0,3,3,0,2,1,0,8,8,1,1,5,57,3,20,30,28,1790,6995,10270,13318,1,0,0,1,4,2
74400,2865890745,0,1,0,0,0,0,3,3,0,2,1,0,8,8,1,1,5,57,3,20,30,28,1791,6997,10284,13335,1,0,0,1,4,2
74500,2869817862,0,1,0,0,0,0,3,3,0,2,1,0,8,8,1,1,5,57,3,20,30,28,1794,7008,10294,13353,1,0,0,1,4,2
74600,2873746702,0,1,0,0,0,0,3,3,0,2,1,0,8,8,1,1,5,57,3,20,30,28,1797,7017,10309,13368,1,0,0,1,4,2
74700,2877670687,0,1,0,0,0,0,3,3,0,2,1,0,8,8,1,1,5,57,3,20,30,28,1798,7020,10330,13390,1,0,0,1,4,2
74800,2881599884,0,1,0,0,0,0,3,3,0,2,1,0,8,8,1,1,5,57,3,20,30,28,1799,7034,10337,13411,1,0,0,1,4,2
74900,2885524947,0,1,0,0,0,0,3,3,0,2,1,0,8,8,1,1,5,57,3,20,30,28,1801,7047,10349,13431,1,0,0,1,4,2
75000,2889454093,0,1,0,0,0,0,3,3,0,2,1,0,8,8,1,1,5,57,3,20,30,28,1803,7054,10364,13456,1,0,0,1,4,2
75100,2893380758,0,1,0,0,0,0,3,3,0,2,1,0,8,8,1,1,5,57,3,20,30,28,1803,7058,10377,13473,1,0,0,1,4,2
75200,2897316566,0,1,0,0,0,0,3,3,0,2,1,0,8,9,1,1,5,57,3,20,30,28,1806,7067,10390,13493,1,0,0,1,4,2
75300,2901252374,0,1,0,0,0,0,3,3,0,2,1,0,8,9,1,1,5,57,3,20,30,28,1807,7077,10407,13514,1,0,0,1,4,2
75400,2905183615,0,1,0,0,0,0,3,3,0,2,1,0,8,9,1,1,5,57,3,20,30,28,1807,7090,10422,13524,1,0,0,1,4,2
75500,2909121447,0,1,0,0,0,0,3,3,0,2,1,0,8,9,1,1,5,57,3,20,30,28,1810,7101,10432,13539,1,0,0,1,4,2
75600,2913070038,0,1,0,0,0,0,3,3,0,2,1,0,8,9,1,1,5,57,3,20,30,28,1810,7116,10449,13557,1,0,0,1,4,2
75700,2917026348,0,1,0,0,0,0,3,3,0,2,1,0,8,9,1,1,5,57,3,20,31,28,1812,7127,10461,13576,1,0,0,1,4,2
75800,2920994117,0,1,0,0,0,0,3,3,0,2,1,0,8,9,1,1,5,57,3,20,31,28,1815,7138,10474,13590,1,0,0,1,4,2
75900,2924958109,0,1,0,0,0,0,3,3,0,2,1,0,8,9,1,1,5,57,3,20,31,28,1817,7149,10493,13614,1,0,0,1,4,2
76000,2928930718,0,1,0,0,0,0,3,3,0,2,1,0,8,9,1,1,5,57,3,20,31,28,1818,7156,10508,13636,1,0,0,1,4,2
76100,2932907585,0,1,0,0,0,0,3,3,0,2,1,0,8,9,1,1,5,57,3,20,31,28,1818,7166,10530,13655,1,0,0,1,4,2
76200,2936880950,0,1,0,0,0,0,3,3,0,2,1,0,8,9,1,1,5,57,3,20,31,28,1821,7181,10551,13670,1,0,0,1,4,2
76300,2940849609,0,1,0,0,0,0,3,3,0,2,1,0,8,9,1,1,5,57,3,20,31,28,1823,7193,10563,13694,1,0,0,1,4,2
76400,2944818483,0,1,0,0,0,0,3,3,0,2,1,0,8,9,1,1,5,57,3,20,32,28,1828,7196,10583,13710,1,0,0,1,4,2
76500,2948787863,0,1,0,0,0,0,3,3,0,2,1,0,8,9,1,1,5,57,3,20,32,29,1833,7205,10596,13728,1,0,0,1,4,2
76600,2952761494,0,1,0,0,0,0,3,3,0,2,1,0,8,9,1,1,5,58,3,20,32,29,1835,7212,10612,13762,1,0,0,1,4,2
76700,2956731277,0,1,0,0,0,0,3,3,0,2,1,0,8,9,1,1,5,58,3,20,32,29,1837,7222,10622,13780,1,0,0,1,4,2
76800,2960701830,0,1,0,0,0,0,3,3,0,2,1,0,8,9,1,1,5,58,3,20,32,29,1844,7233,10636,13804,1,0,0,1,4,2
76900,2964673425,0,1,0,0,0,0,3,3,0,2,1,0,8,9,1,1,5,58,3,20,32,29,1846,7239,10655,13817,1,0,0,1,4,2
77000,2968640390,0,1,0,0,0,0,3,3,0,2,1,0,8,9,1,1,5,58,3,20,32,29,1847,7248,10671,13835,1,0,0,1,4,2
77100,2972616167,0,1,0,0,0,0,3,3,0,2,1,0,8,9,1,1,5,59,3,20,32,29,1852,7256,10681,13854,1,0,0,1,4,2
77200,2976596694,0,1,0,0,0,0,3,3,0,2,1,0,8,9,1,1,5,59,3,20,32,29,1856,7270,10698,13877,1,0,0,1,4,2
77300,2980570338,0,1,0,0,0,0,3,3,0,2,1,0,8,9,1,1,5,59,3,20,32,29,1860,7281,10716,13896,1,0,0,1,4,2
77400,2984531938,0,1,0,0,0,0,3,3,0,2,1,0,8,9,1,1,5,59,3,20,32,29,1862,7296,10730,13912,1,0,0,1,4,2
77500,2988494768,0,1,0,0,0,0,3,3,0,2,1,0,8,9,1,1,6,59,3,21,32,29,1864,7310,10748,13929,1,0,0,1,4,2
77600,2992460159,0,1,0,0,0,0,3,3,0,2,1,0,8,9,1,1,6,59,3,21,32,29,1865,7314,10766,13947,1,0,0,1,4,2
77700,2996426473,0,1,0,0,0,0,3,3,0,2,1,0,8,9,1,1,6,59,3,21,32,30,1869,7323,10782,13960,1,0,0,1,4,2
77800,3000399946,0,1,0,0,0,0,3,3,0,2,1,0,8,9,1,1,6,59,3,21,32,30,1874,7331,10796,13974,1,0,0,1,4,2
77900,3004373056,0,1,0,0,0,0,3,3,0,2,1,0,8,9,1,1,6,59,3,21,32,30,1875,7341,10813,13990,1,0,0,1,4,2
78000,3008344010,0,1,0,0,0,0,3,3,0,2,1,0,8,9,1,1,6,59,4,21,32,30,1875,7349,10831,14000,1,0,0,1,4,2
78100,3012304041,0,1,0,0,0,0,3,3,0,2,1,0,8,9,1,1,6,59,4,21,32,30,1878,7361,10851,14019,1,0,0,1,4,2
78200,3016264541,0,1,0,0,0,0,3,3,0,2,1,0,8,9,1,1,6,59,4,21,32,30,1880,7376,10867,14032,1,0,0,1,4,2
78300,3020221777,0,1,0,0,0,0,3,3,0,2,1,0,8,9,1,1,6,59,4,21,33,30,1885,7394,10881,14047,1,0,0,1,4,2
78400,3024173401,0,1,0,0,0,0,3,3,0,2,1,0,8,9,1,1,6,59,4,21,33,30,1889,7403,10900,14064,1,0,0,1,4,2
78500,3028124195,0,1,0,0,0,0,3,3,0,2,1,0,8,9,1,1,6,59,4,21,33,30,1896,7414,10914,14089,1,0,0,1,4,2
78600,3032067258,0,1,0,0,0,0,3,3,0,2,1,0,8,9,1,1,6,60,4,21,33,31,1900,7421,10930,14108,1,0,0,1,4,2
78700,3036018656,0,1,0,0,0,0,3,3,0,2,1,0,8,9,1,1,6,61,4,21,33,31,1902,7429,10947,14120,1,0,0,1,4,2
78800,3039967481,0,1,0,0,0,0,3,3,0,2,1,0,8,9,1,1,6,61,4,21,33,31,1907,7442,10960,14139,1,0,0,1,4,2
78900,3043913429,0,1,0,0,0,0,3,3,0,2,1,0,8,9,1,1,6,61,4,21,33,31,1909,7445,10974,14160,1,0,0,1,4,2
79000,3047861910,0,1,0,0,0,0,3,3,0,2,1,0,8,9,1,1,6,62,4,21,33,31,1915,7452,10987,14181,1,0,0,1,4,2
79100,3051817849,0,1,0,0,0,0,3,3,0,2,1,0,8,9,1,1,6,62,4,21,33,31,1917,7466,10995,14202,1,0,0,1,4,2
79200,3055775055,0,1,0,0,0,0,3,3,0,2,1,0,8,9,1,1,6,62,4,22,33,31,1920,7473,11014,14217,1,0,0,1,4,2
79300,3059728904,0,1,0,0,0,0,3,3,0,2,1,0,8,9,1,1,6,62,4,22,33,31,1922,7477,11028,14239,1,0,0,1,4,2
79400,3063685080,0,1,0,0,0,0,3,3,0,2,1,0,8,9,1,1,6,62,4,22,33,31,1923,7489,11036,14258,1,0,0,1,4,2
79500,3067642231,0,1,0,0,0,0,3,3,0,2,1,0,8,9,1,1,6,62,4,22,34,31,1927,7501,11052,14283,1,0,0,1,4,2
79600,3071596264,0,1,0,0,0,0,3,3,0,2,1,0,8,9,1,1,6,63,4,22,34,31,1928,7513,11068,14298,1,0,0,1,4,2
79700,3075551650,0,1,0,0,0,0,3,3,0,2,1,0,8,9,1,1,6,63,4,22,34,31,1933,7526,11082,14317,1,0,0,1,4,2
79800,3079508436,0,1,0,0,0,0,3,3,0,2,1,0,8,9,1,1,6,63,4,22,34,31,1935,7534,11096,14337,1,0,0,1,4,2
79900,3083459862,0,1,0,0,0,0,3,3,0,2,1,0,9,9,1,1,6,63,4,22,34,31,1938,7544,11111,14368,1,0,0,1,4,2
80000,3087403374,0,1,0,0,0,0,3,3,0,2,1,0,9,9,1,1,6,63,4,22,34,31,1940,7555,11121,14387,1,0,0,1,4,2
80100,3091349658,0,1,0,0,0,0,3,3,0,2,1,0,9,9,1,1,6,63,4,22,34,31,1941,7564,11140,14408,1,0,0,1,4,2
80200,3095290677,0,1,0,0,0,0,3,3,0,2,1,0,9,9,1,1,6,63,4,22,34,31,1945,7574,11157,14427,1,0,0,1,4,2
80300,3099226067,0,1,0,0,0,0,3,3,0,2,1,0,9,9,1,1,6,63,4,22,34,31,1950,7587,11178,14451,1,0,0,1,4,2
80400,3103164741,0,1,0,0,0,0,3,3,0,2,1,0,9,9,1,1,6,63,4,22,34,31,1950,7595,11196,14474,1,0,0,1,4,2
80500,3107099760,0,1,0,0,0,0,3,3,0,2,1,0,9,9,1,1,6,64,4,22,34,31,1956,7608,11214,14494,1,0,0,1,4,2
80600,3111036322,0,1,0,0,0,0,3,3,0,2,1,0,9,9,1,1,6,64,4,22,34,31,1957,7619,11228,14507,1,0,0,1,4,2
80700,3114972244,0,1,0,0,0,0,3,3,0,2,1,0,9,9,1,1,6,64,4,22,34,31,1963,7623,11240,14524,1,0,0,1,4,2
80800,3118908793,0,1,0,0,0,0,3,3,0,2,1,0,9,9,1,1,6,64,4,22,34,31,1966,7633,11256,14543,1,0,0,1,4,2
80900,3122848289,0,1,0,0,0,0,3,3,0,2,1,0,9,9,1,1,6,64,4,22,34,31,1967,7645,11270,14563,1,0,0,1,4,2
81000,3126787786,0,1,0,0,0,0,3,3,0,2,1,0,9,9,1,1,6,64,4,23,34,31,1971,7659,11284,14575,1,0,0,1,4,2
81100,3130723990,0,1,0,0,0,0,3,3,0,2,1,0,9,9,1,1,6,64,4,24,34,31,1974,7665,11291,14588,1,0,0,2,4,2
81200,3134662388,0,1,0,0,0,0,3,3,0,2,1,0,9,9,1,1,6,64,4,24,34,31,1977,7681,11311,14614,1,0,0,2,4,2
81300,3138600444,0,1,0,0,0,0,3,3,0,2,1,0,9,9,1,1,6,64,4,24,34,31,1981,7690,11325,14628,1,0,0,2,4,2
81400,3142538473,0,1,0,0,0,0,3,3,0,2,1,0,9,9,1,1,6,64,4,24,34,31,1981,7696,11334,14655,1,0,0,2,4,2
81500,3146465770,0,1,0,0,0,0,3,3,0,2,1,0,9,9,1,1,7,64,4,24,34,31,1986,7706,11344,14674,1,0,0,2,4,2
81600,3150395122,0,1,0,0,0,0,3,3,0,2,1,0,9,9,1,1,7,64,4,24,34,31,1986,7714,11356,14697,1,0,0,2,4,2
81700,3154322662,0,1,0,0,0,0,3,3,0,2,1,0,9,9,1,1,7,64,4,24,34,31,1988,7721,11368,14721,1,0,0,2,4,2
81800,3158261175,0,1,0,0,0,0,3,3,0,2,1,0,9,9,1,1,7,64,4,24,34,31,1992,7733,11381,14734,1,0,0,2,4,2
81900,3162208023,0,1,0,0,0,0,3,3,0,2,1,0,9,9,1,1,7,65,4,24,34,31,1993,7741,11392,14745,1,0,0,2,4,2
82000,3166160088,0,1,0,0,0,0,3,3,0,2,1,0,9,9,1,1,7,65,4,24,34,31,1996,7752,11412,14763,1,0,0,2,4,2
82100,3170110053,0,1,0,0,0,0,3,3,0,2,1,0,9,9,1,1,7,65,4,24,34,31,1998,7761,11429,14780,1,0,0,2,4,2
82200,3174056963,0,1,0,0,0,0,3,3,0,2,1,0,9,9,1,1,7,65,4,24,34,31,2000,7776,11442,14801,1,0,0,2,4,2
82300,3178004460,0,1,0,0,0,0,3,3,0,2,1,0,9,9,1,1,7,66,4,24,34,31,2001,7786,11454,14814,1,0,0,2,4,2
82400,3181962053,0,1,0,0,0,0,3,3,0,2,1,0,9,9,1,1,7,67,4,24,34,31,2001,7794,11465,14828,1,0,0,2,4,2
82500,3185924751,0,1,0,0,0,0,3,3,0,2,1,0,9,9,1,1,7,67,4,24,34,31,2007,7805,11489,14848,1,0,0,2,4,2
82600,3189880827,0,1,0,0,0,0,3,3,0,2,1,0,9,9,1,1,7,67,4,24,34,31,2008,7813,11503,14867,1,0,0,2,4,2
82700,3193838674,0,1,0,0,0,0,3,3,0,2,1,0,9,9,1,1,7,67,4,24,34,31,2011,7821,11514,14887,1,0,0,2,4,2
82800,3197793305,0,1,0,0,0,0,3,3,0,2,1,0,9,9,1,1,7,68,4,24,34,32,2014,7833,11531,14910,1,0,0,2,4,2
82900,3201747138,0,1,0,0,0,0,3,3,0,2,1,0,9,9,1,1,7,68,4,24,34,32,2016,7846,11543,14929,1,0,0,2,4,2
83000,3205703245,0,1,0,0,0,0,3,3,0,2,1,0,9,9,1,1,7,68,4,24,34,32,2019,7860,11560,14955,1,0,0,2,4,2
83100,3209637059,0,1,0,0,0,0,3,3,0,2,1,0,9,9,1,1,7,68,4,24,34,33,2022,7872,11573,14979,1,0,0,2,4,2
83200,3213574249,0,1,0,0,0,0,3,3,0,2,1,0,9,9,1,1,7,68,4,24,34,33,2025,7883,11584,14996,1,0,0,2,4,2
83300,3217523657,0,1,0,0,0,0,3,3,0,2,1,0,9,9,1,1,7,68,4,24,34,33,2026,7893,11593,15013,1,0,0,2,4,2
83400,3221478083,0,1,0,0,0,0,3,3,0,2,1,0,9,9,1,1,7,68,4,24,34,33,2026,7906,11610,15032,1,0,0,2,4,2
83500,3225432123,0,1,0,0,0,0,3,3,0,2,1,0,9,9,1,1,7,68,4,24,35,33,2028,7917,11633,15054,1,0,0,2,4,2
83600,3229380312,0,1,0,0,0,0,3,3,0,2,1,0,9,9,1,1,7,68,4,24,35,33,2029,7931,11654,15073,1,0,0,2,4,2
83700,3233323467,0,1,0,0,0,0,3,3,0,2,1,0,9,9,1,1,7,68,4,24,35,33,2031,7948,11665,15093,1,0,0,2,4,2
83800,3237260599,0,1,0,0,0,0,3,3,0,2,1,0,9,9,1,1,7,68,4,24,36,33,2034,7967,11676,15109,1,0,0,2,4,2
83900,3241204707,0,1,0,0,0,0,3,3,0,2,1,0,9,9,1,1,7,68,4,24,36,33,2038,7976,11693,15127,1,0,0,2,4,2
84000,3245150773,0,1,0,0,0,0,3,3,0,2,1,0,9,9,1,1,7,68,4,24,36,33,2039,7985,11712,15142,1,0,0,2,4,2
84100,3249107135,0,1,0,0,0,0,3,3,0,2,1,0,9,9,1,1,7,68,4,24,36,33,2041,7999,11727,15153,1,0,0,2,4,2
84200,3253064386,0,1,0,0,0,0,3,3,0,2,1,0,9,9,1,1,7,68,4,24,36,33,2045,8004,11743,15165,1,0,0,2,4,2
84300,3257013964,0,1,0,0,0,0,3,3,0,2,1,0,9,9,1,1,7,68,4,24,36,33,2048,8013,11758,15186,1,0,0,2,4,2
84400,3260956890,0,1,0,0,0,0,3,3,0,2,1,0,9,9,1,1,7,68,4,24,36,33,2050,8021,11774,15205,1,0,0,2,4,2
84500,3264892316,0,1,0,0,0,0,3,3,0,2,1,0,9,9,1,1,7,68,4,25,36,34,2053,8040,11790,15222,1,0,0,2,4,2
84600,3268815048,0,1,0,0,0,0,3,3,0,2,1,0,9,9,1,1,7,68,4,25,36,34,2054,8054,11807,15238,1,0,0,2,4,2
84700,3272737276,0,1,0,0,0,0,3,3,0,2,1,0,9,9,1,1,7,68,4,25,36,34,2056,8067,11821,15256,1,0,0,2,4,2
84800,3276660446,0,1,0,0,0,0,3,3,0,2,1,0,9,9,1,1,7,68,4,25,36,34,2059,8080,11838,15270,1,0,0,2,4,2
84900,3280594101,0,1,0,0,0,0,3,3,0,2,1,0,9,9,1,1,7,68,4,25,36,34,2059,8093,11854,15284,1,0,0,2,4,2
85000,3284526113,0,1,0,0,0,0,3,3,0,2,1,0,9,9,1,1,7,68,4,25,36,34,2062,8101,11868,15310,1,0,0,2,4,2
85100,3288460373,0,1,0,0,0,0,3,3,0,2,1,0,9,9,1,1,7,68,4,25,36,34,2064,8109,11885,15326,1,0,0,2,4,2
85200,3292397685,0,1,0,0,0,0,3,3,0,2,1,0,9,9,1,1,7,68,4,25,36,34,2067,8119,11899,15346,1,0,0,2,4,2
85300,3296336784,0,1,0,0,0,0,3,3,0,2,1,0,9,9,1,1,7,68,4,25,36,34,2069,8129,11915,15357,1,0,0,2,4,2
85400,3300279505,0,1,0,0,0,0,3,3,0,2,1,0,9,9,1,1,7,68,4,26,37,34,2071,8147,11941,15375,1,0,0,2,4,2
85500,3304222711,0,1,0,0,0,0,3,3,0,2,1,0,9,9,1,1,7,68,4,26,37,34,2074,8154,11949,15388,1,0,0,2,4,2
85600,3308172647,0,1,0,0,0,0,3,3,0,2,1,0,9,9,1,1,7,68,4,26,37,34,2076,8163,11964,15401,1,0,0,2,4,2
85700,3312118123,0,1,0,0,0,0,3,3,0,2,1,0,9,9,1,1,7,68,4,26,37,34,2079,8168,11979,15412,1,0,0,2,4,2
85800,3316076042,0,1,0,0,0,0,3,3,0,2,1,0,9,9,1,1,7,68,4,26,37,34,2081,8177,11993,15428,1,0,0,2,4,2
85900,3320042496,0,1,0,0,0,0,3,3,0,2,1,0,9,9,1,1,7,69,4,26,37,34,2083,8182,12016,15449,1,0,0,2,4,2
86000,3324008910,0,1,0,0,0,0,3,3,0,2,1,0,9,9,1,1,7,69,4,26,37,34,2083,8188,12028,15469,1,0,0,2,4,2
86100,3327979976,0,1,0,0,0,0,3,3,0,2,1,0,9,9,1,1,7,69,4,26,37,34,2084,8193,12040,15488,1,0,0,2,4,2
86200,3331956866,0,1,0,0,0,0,3,3,0,2,1,0,9,9,1,1,7,69,4,26,37,34,2087,8204,12056,15504,1,0,0,2,4,2
86300,3335937968,0,1,0,0,0,0,3,3,0,2,1,0,9,9,1,1,7,70,4,26,37,34,2091,8213,12069,15523,1,0,0,2,4,2
86400,3339918978,0,1,0,0,0,0,3,3,0,2,1,0,9,9,1,1,7,70,4,26,37,34,2094,8219,12093,15551,1,0,0,2,4,2
86500,3343895913,0,1,0,0,0,0,3,3,0,2,1,0,9,9,1,1,7,70,4,26,37,34,2096,8233,12105,15566,1,0,0,2,4,2
86600,3347868303,0,1,0,0,0,0,3,3,0,2,1,0,9,9,1,1,7,70,4,26,37,34,2099,8242,12124,15586,1,0,0,2,4,2
86700,3351841381,0,1,0,0,0,0,3,3,0,2,1,0,9,9,1,1,7,70,4,26,38,34,2101,8250,12133,15607,1,0,0,2,4,2
86800,3355817632,0,1,0,0,0,0,3,3,0,2,1,0,9,9,1,1,7,70,4,26,38,34,2104,8258,12147,15621,1,0,0,2,4,2
86900,3359796987,0,1,0,0,0,0,3,3,0,2,1,0,9,9,1,1,7,70,4,26,38,34,2104,8269,12158,15643,1,0,0,2,4,2
87000,3363771309,0,1,0,0,0,0,3,3,0,2,1,0,9,9,1,1,7,70,4,26,38,34,2105,8281,12171,15663,1,0,0,2,4,2
87100,3367747186,0,1,0,0,0,0,3,3,0,2,1,0,9,9,1,1,7,70,4,26,38,34,2110,8289,12191,15689,1,0,0,2,4,2
87200,3371713692,0,1,0,0,0,0,3,3,0,2,1,0,9,9,1,1,7,70,4,26,38,34,2116,8297,12200,15710,1,0,0,2,4,2
87300,3375688686,0,1,0,0,0,0,3,3,0,2,1,0,9,9,1,1,7,70,4,26,38,34,2119,8300,12212,15726,1,0,0,2,4,2
87400,3379658785,0,1,0,0,0,0,3,3,0,2,1,0,9,9,1,1,7,70,4,27,38,34,2122,8314,12224,15755,1,0,0,2,4,2
87500,3383621216,0,1,0,0,0,0,3,3,0,2,1,0,9,9,1,1,7,70,4,27,38,34,2125,8325,12236,15775,1,0,0,2,4,2
87600,3387579755,0,1,0,0,0,0,3,3,0,2,1,0,9,9,1,1,7,70,4,27,38,34,2126,8337,12255,15790,1,0,0,2,4,2
87700,3391538905,0,1,0,0,0,0,3,3,0,2,1,0,9,9,1,1,7,70,4,27,38,34,2130,8344,12273,15815,1,0,0,2,4,2
87800,3395487666,0,1,0,0,0,0,3,3,0,2,1,0,9,9,1,1,7,70,4,27,38,34,2132,8353,12293,15838,1,0,0,2,4,2
87900,3399424991,0,1,0,0,0,0,3,3,0,2,1,0,9,9,1,1,7,70,4,27,38,34,2134,8366,12307,15859,1,0,0,2,4,2
88000,3403363080,0,1,0,0,0,0,3,3,0,2,1,0,9,9,1,1,7,70,4,27,38,34,2137,8382,12325,15882,1,0,0,2,4,2
88100,3407306946,0,1,0,0,0,0,3,3,0,2,1,0,9,9,1,1,7,70,4,27,38,34,2139,8388,12340,15906,1,0,0,2,4,2
88200,3411244268,0,1,0,0,0,0,3,3,0,2,1,0,9,9,1,1,7,70,4,27,38,35,2143,8400,12355,15921,1,0,0,2,4,2
88300,3415183303,0,1,0,0,0,0,3,3,0,2,1,0,9,9,1,1,7,70,4,27,38,35,2145,8409,12372,15938,1,0,0,2,4,2
88400,3419125648,0,1,0,0,0,0,3,3,0,2,1,0,9,9,1,1,7,70,4,27,38,35,2147,8418,12388,15957,1,0,0,2,4,2
88500,3423060110,0,1,0,0,0,0,3,3,0,2,1,0,9,9,1,1,7,70,4,27,39,35,2150,8426,12402,15970,1,0,0,2,4,2
88600,3426994476,0,1,0,0,0,0,3,3,0,2,1,0,9,9,1,1,7,70,4,27,39,35,2154,8439,12416,15989,1,0,0,2,4,2
88700,3430935083,0,1,0,0,0,0,3,3,0,2,1,0,9,9,1,1,7,71,4,27,40,35,2156,8448,12425,16007,1,0,0,2,4,2
88800,3434874244,0,1,0,0,0,0,3,3,0,2,1,0,9,9,1,1,7,71,4,27,40,35,2161,8453,12438,16030,1,0,0,2,4,2
88900,3438810801,0,1,0,0,0,0,3,3,0,2,1,0,9,9,1,1,7,71,4,27,41,35,2162,8463,12453,16052,1,0,0,2,4,2
89000,3442748605,0,1,0,0,0,0,3,3,0,2,1,0,9,9,1,1,7,71,4,27,41,35,2167,8475,12466,16072,1,0,0,2,4,2
89100,3446677410,0,1,0,0,0,0,3,3,0,2,1,0,9,9,1,1,7,71,4,27,41,35,2169,8485,12479,16090,1,0,0,2,4,2
89200,3450610385,0,1,0,0,0,0,3,3,0,2,1,0,9,9,1,1,7,71,4,27,42,35,2172,8499,12488,16114,1,0,0,2,4,2
89300,3454540104,0,1,0,0,0,0,3,3,0,2,1,0,9,9,1,1,7,71,4,27,42,35,2175,8513,12506,16139,1,0,0,2,4,2
89400,3458465072,0,1,0,0,0,0,3,3,0,2,1,0,9,9,1,1,7,73,4,27,42,35,2179,8518,12516,16147,1,0,0,2,4,2
89500,3462391965,0,1,0,0,0,0,3,3,0,2,1,0,9,9,1,1,7,73,4,27,43,35,2182,8526,12536,16171,1,0,0,2,4,2
89600,3466326026,0,1,0,0,0,0,3,3,0,2,1,0,9,9,1,1,7,73,4,27,43,35,2184,8531,12551,16190,1,0,0,2,4,2
89700,3470264939,0,1,0,0,0,0,3,3,0,2,1,0,9,9,1,1,7,73,4,27,43,36,2189,8538,12568,16208,1,0,0,2,4,2
89800,3474207827,0,1,0,0,0,0,3,3,0,2,1,0,9,9,1,1,7,73,4,27,43,36,2191,8546,12582,16230,1,0,0,2,4,2
89900,3478144347,0,1,0,0,0,0,3,3,0,2,1,0,9,9,1,1,7,73,4,27,43,36,2196,8561,12595,16248,1,0,0,2,4,2
90000,3482073404,0,1,0,0,0,0,3,3,0,2,1,0,9,9,1,1,7,73,4,27,43,36,2198,8568,12602,16262,1,0,0,2,4,2
90100,3486007479,0,1,0,0,0,0,3,3,0,2,1,0,9,9,1,1,7,73,4,27,43,36,2201,8573,12614,16283,1,0,0,2,4,2
90200,3489943623,0,1,0,0,0,0,3,3,0,2,1,0,9,9,1,1,7,73,4,27,43,36,2203,8578,12627,16295,1,0,0,2,4,2
90300,3493880759,0,1,0,0,0,0,3,3,0,2,1,0,9,9,1,1,7,73,4,27,43,36,2205,8594,12649,16313,1,0,0,2,4,2
90400,3497818605,0,1,0,0,0,0,3,3,0,2,1,0,9,9,1,1,7,73,4,27,43,36,2207,8603,12663,16334,1,0,0,2,4,2
90500,3501753289,0,1,0,0,0,0,3,3,0,2,1,0,9,9,1,1,7,73,4,27,43,36,2211,8614,12677,16350,1,0,0,2,4,2
90600,3505700815,0,1,0,0,0,0,3,3,0,2,1,0,9,9,1,1,7,73,4,27,43,36,2212,8625,12691,16369,1,0,0,2,4,2
90700,3509643198,0,1,0,0,0,0,3,3,0,2,1,0,9,9,1,1,7,73,4,27,43,36,2213,8638,12702,16391,1,0,0,2,4,2
90800,3513581430,0,1,0,0,0,0,3,3,0,2,1,0,9,9,1,1,7,73,4,27,43,36,2216,8646,12716,16409,1,0,0,2,4,2
90900,3517517725,0,1,0,0,0,0,3,3,0,2,1,0,9,9,1,1,7,73,4,27,43,36,2216,8657,12729,16427,1,0,0,2,4,2
91000,3521449497,0,1,0,0,0,0,3,3,0,2,1,0,9,9,1,1,7,73,4,27,43,36,2218,8666,12747,16448,1,0,0,2,4,2
91100,3525377554,0,1,0,0,0,0,3,3,0,2,1,0,9,9,1,1,7,73,4,27,43,37,2220,8675,12775,16460,1,0,0,2,4,2
91200,3529312254,0,1,0,0,0,0,3,3,0,2,1,1,9,9,1,1,7,73,4,27,43,37,2222,8687,12787,16478,1,0,0,2,4,2
91300,3533232837,0,1,0,0,0,0,3,3,0,2,1,1,9,9,1,1,7,73,4,27,43,37,2224,8695,12808,16497,1,0,0,2,4,2
91400,3537149492,0,1,0,0,0,0,3,3,0,2,1,1,9,10,1,1,7,73,4,27,43,37,2226,8709,12820,16519,1,0,0,2,4,2
91500,3541062231,0,1,0,0,0,0,3,3,0,2,1,1,9,10,1,1,7,73,4,27,43,37,2229,8724,12832,16540,1,0,0,2,4,2
91600,3544980116,0,1,0,0,0,0,3,3,0,2,1,1,9,10,1,1,7,73,4,27,43,37,2231,8734,12843,16552,1,0,0,2,4,2
91700,3548895190,0,1,0,0,0,0,3,3,0,2,1,1,9,10,1,1,7,73,4,27,43,37,2232,8743,12863,16575,1,0,0,2,4,2
91800,3552814405,0,1,0,0,0,0,3,3,0,2,1,1,9,10,1,1,7,73,4,27,43,37,2234,8747,12876,16586,1,0,0,2,4,2
91900,3556745988,0,1,0,0,0,0,3,3,0,2,1,1,9,10,1,1,7,73,4,27,43,37,2238,8760,12892,16600,1,0,0,2,4,2
92000,3560688622,0,1,0,0,0,0,3,3,0,2,1,1,9,10,1,1,7,73,4,27,43,37,2243,8771,12906,16612,1,0,0,2,4,2
92100,3564632736,0,1,0,0,0,0,3,3,0,2,1,1,9,10,1,1,7,73,4,27,43,37,2248,8778,12928,16641,1,0,0,2,4,2
92200,3568569454,0,1,0,0,0,0,3,3,0,2,1,1,9,10,1,1,7,73,4,27,43,37,2251,8788,12938,16669,1,0,0,2,4,2
92300,3572501946,0,1,0,0,0,0,3,3,0,2,1,1,9,10,1,1,7,73,4,27,43,37,2252,8795,12953,16685,1,0,0,2,4,2
92400,3576434480,0,1,0,0,0,0,3,3,0,2,1,1,9,10,1,1,7,73,4,27,43,37,2255,8813,12968,16711,1,0,0,2,4,2
92500,3580359235,0,1,0,0,0,0,3,3,0,2,1,1,9,10,1,1,7,73,4,27,43,37,2255,8822,12974,16730,1,0,0,2,4,2
92600,3584285231,0,1,0,0,0,0,3,3,0,2,1,1,9,10,1,1,7,73,4,27,43,37,2256,8837,12987,16744,1,0,0,2,4,2
92700,3588222153,0,1,0,0,0,0,3,3,0,2,1,1,9,10,1,1,7,74,4,27,43,37,2259,8852,12999,16755,1,0,0,2,4,2
92800,3592167751,0,1,0,0,0,0,3,3,0,2,1,1,9,10,1,1,7,74,4,27,44,37,2260,8866,13013,16773,1,0,0,2,4,2
92900,3596110900,0,1,0,0,0,0,3,3,0,2,1,1,9,10,1,1,7,75,4,27,45,37,2260,8871,13025,16794,1,0,0,2,4,2
93000,3600054767,0,1,0,0,0,0,3,3,0,2,1,1,9,10,1,1,7,75,4,27,45,37,2263,8881,13037,16813,1,0,0,2,4,2
93100,3603994930,0,1,0,0,0,0,3,3,0,2,1,1,9,10,1,1,7,75,4,27,45,37,2268,8890,13052,16833,1,0,0,2,4,2
93200,3607938013,0,1,0,0,0,0,3,3,0,2,1,1,9,10,1,1,7,75,4,27,45,37,2270,8903,13071,16852,1,0,0,2,4,2
93300,3611879813,0,1,0,0,0,0,3,3,0,2,1,1,9,10,1,1,7,75,4,27,45,37,2270,8914,13086,16869,1,0,0,2,4,2
93400,3615814266,0,1,0,0,0,0,3,3,0,2,1,1,9,10,1,1,7,75,4,27,45,37,2270,8925,13099,16891,1,0,0,2,4,2
93500,3619749424,0,1,0,0,0,0,3,3,0,2,1,1,9,10,1,1,7,75,4,27,45,37,2275,8933,13115,16913,1,0,0,2,4,2
93600,3623686011,0,1,0,0,0,0,3,3,0,2,1,1,9,10,1,1,7,75,4,28,45,37,2277,8942,13124,16936,1,0,0,2,4,2
93700,3627624826,0,1,0,0,0,0,3,3,0,2,1,1,9,10,1,1,8,75,4,28,45,37,2279,8949,13139,16953,1,0,0,2,4,2
93800,3631568214,0,1,0,0,0,0,3,3,0,2,1,1,9,10,1,1,8,75,4,28,45,37,2281,8959,13157,16981,1,0,0,2,4,2
93900,3635504610,0,1,0,0,0,0,3,3,0,2,1,1,9,10,1,1,8,75,4,28,45,37,2282,8968,13178,16992,1,0,0,2,4,2
94000,3639440496,0,1,0,0,0,0,3,3,0,2,1,1,9,10,1,1,8,75,4,28,45,37,2285,8982,13192,17004,1,0,0,2,4,2
94100,3643380671,0,1,0,0,0,0,3,3,0,2,1,1,9,10,1,1,8,75,4,28,45,37,2287,8990,13206,17019,1,0,0,2,4,2
94200,3647312958,0,1,0,0,0,0,3,3,0,2,1,1,9,10,1,1,8,75,4,28,45,37,2294,8999,13228,17040,1,0,0,2,4,2
94300,3651244553,0,1,0,0,0,0,3,3,0,2,1,1,9,10,1,1,8,75,4,28,45,37,2299,9009,13250,17067,1,0,0,2,4,2
94400,3655165775,0,1,0,0,0,0,3,3,0,2,1,1,9,10,1,1,8,75,4,28,45,37,2300,9023,13268,17095,1,0,0,2,4,2
94500,3659089849,0,1,0,0,0,0,3,3,0,2,1,1,9,10,1,1,8,75,4,28,45,37,2300,9030,13283,17122,1,0,0,2,4,2
94600,3663010889,0,1,0,0,0,0,3,3,0,2,1,1,9,10,1,1,8,75,4,28,45,37,2303,9040,13302,17144,1,0,0,2,4,2
94700,3666935339,0,1,0,0,0,0,3,3,0,2,1,1,9,10,1,1,8,76,4,28,45,37,2304,9051,13314,17161,1,0,0,2,4,2
94800,3670864917,0,1,0,0,0,0,3,3,0,2,1,1,9,10,1,1,8,76,4,28,46,37,2306,9066,13326,17179,1,0,0,2,4,2
94900,3674793201,0,1,0,0,0,0,3,3,0,2,1,1,9,10,1,1,8,76,4,28,46,37,2307,9077,13344,17194,1,0,0,2,4,2
95000,3678727647,0,1,0,0,0,0,3,3,0,2,1,1,9,10,1,1,8,76,4,28,46,37,2307,9093,13361,17214,1,0,0,2,4,2
95100,3682662238,0,1,0,0,0,0,3,3,0,2,1,1,9,10,1,1,8,76,4,28,46,37,2307,9101,13375,17231,1,0,0,3,4,2
95200,3686605658,0,1,0,0,0,0,3,3,0,2,1,1,9,10,1,1,8,76,4,28,46,37,2307,9113,13391,17247,1,0,0,3,4,2
95300,3690546068,0,1,0,0,0,0,3,3,0,2,1,1,9,10,1,1,8,77,4,28,47,37,2308,9118,13407,17260,1,0,0,3,4,2
95400,3694495209,0,1,0,0,0,0,3,3,0,2,1,1,9,10,1,1,8,78,4,28,47,37,2312,9128,13414,17283,1,0,0,3,4,2
95500,3698448251,0,1,0,0,0,0,3,3,0,2,1,1,9,10,1,1,8,78,5,28,47,37,2316,9134,13427,17300,1,0,0,3,4,2
95600,3702405183,0,1,0,0,0,0,3,3,0,2,1,1,9,10,1,1,8,78,5,28,47,37,2318,9139,13439,17321,1,0,0,3,4,2
95700,3706362014,0,1,0,0,0,0,3,3,0,2,1,1,9,10,1,1,8,78,5,28,47,37,2319,9146,13453,17339,1,0,0,3,4,2
95800,3710325421,0,1,0,0,0,0,3,3,0,2,1,1,9,10,1,1,8,78,5,28,47,37,2322,9157,13466,17353,1,0,0,3,4,2
95900,3714288418,0,1,0,0,0,0,3,3,0,2,1,1,9,10,1,1,8,78,5,28,47,37,2326,9166,13480,17376,1,0,0,3,4,2
96000,3718247657,0,1,0,0,0,0,3,3,0,2,1,1,9,10,1,1,8,78,5,28,47,37,2328,9180,13489,17389,1,0,0,3,4,2
96100,3722202063,0,1,0,0,0,0,3,3,0,2,1,1,9,10,1,1,8,78,5,28,47,37,2329,9193,13506,17403,1,0,0,3,4,2
96200,3726166739,0,1,0,0,0,0,3,3,0,2,1,1,9,10,1,1,8,78,5,28,47,37,2333,9198,13518,17417,1,0,0,3,4,2
96300,3730135217,0,1,0,0,0,0,3,3,0,2,1,1,9,11,1,1,8,78,5,28,47,37,2334,9209,13532,17431,1,0,0,3,4,2
96400,3734105449,0,1,0,0,0,0,3,3,0,2,1,1,9,11,1,1,8,78,5,28,47,37,2335,9212,13548,17458,1,0,0,3,4,2
96500,3738075666,0,1,0,0,0,0,3,3,0,2,1,1,9,11,1,1,8,78,5,28,47,37,2338,9217,13560,17479,1,0,0,3,4,2
96600,3742053831,0,1,0,0,0,0,3,3,0,2,1,1,9,11,1,1,8,78,5,28,47,37,2340,9226,13580,17493,1,0,0,3,4,2
96700,3746036546,0,1,0,0,0,0,3,3,0,2,1,1,9,11,1,1,8,78,5,28,47,37,2340,9235,13590,17511,1,0,0,3,4,2
96800,3750015943,0,1,0,0,0,0,3,3,0,2,1,1,9,11,1,1,8,79,5,29,47,37,2342,9246,13610,17535,1,0,0,3,4,2
96900,3753991564,0,1,0,0,0,0,3,3,0,2,1,1,9,11,1,1,8,80,5,29,47,37,2346,9257,13628,17557,1,0,0,3,4,2
97000,3757962864,0,1,0,0,0,0,3,3,0,2,1,1,9,11,1,1,8,80,5,29,47,37,2351,9268,13645,17577,1,0,0,3,4,2
97100,3761933751,0,1,0,0,0,0,3,3,0,2,1,1,9,11,1,1,8,80,5,29,47,37,2352,9281,13662,17598,1,0,0,3,4,2
97200,3765892282,0,1,0,0,0,0,3,3,0,2,1,1,10,11,1,1,8,80,5,29,47,37,2353,9291,13677,17609,1,0,0,3,4,2
97300,3769860546,0,1,0,0,0,0,3,3,0,2,1,1,10,11,1,1,8,80,5,29,47,37,2355,9300,13685,17622,1,0,0,3,4,2
97400,3773835596,0,1,0,0,0,0,3,3,0,2,1,1,10,11,1,1,8,80,5,29,47,37,2357,9306,13701,17640,1,0,0,3,4,2
97500,3777812125,0,1,0,0,0,0,3,3,0,2,1,1,10,11,1,1,8,80,5,29,47,37,2360,9318,13707,17655,1,0,0,3,4,2
97600,3781785003,0,1,0,0,0,0,3,3,0,2,1,1,10,11,1,1,8,80,5,29,47,37,2364,9337,13723,17668,1,0,0,3,4,2
97700,3785752806,0,1,0,0,0,0,3,3,0,2,1,1,10,11,1,1,8,80,5,29,47,37,2366,9355,13740,17682,1,0,0,3,4,2
97800,3789723319,0,1,0,0,0,0,3,3,0,2,1,1,10,11,1,1,8,81,5,29,47,37,2367,9368,13751,17703,1,0,0,3,4,2
97900,3793687349,0,1,0,0,0,0,3,3,0,2,1,1,10,11,1,1,8,81,5,29,47,37,2372,9375,13762,17726,1,0,0,3,4,2
98000,3797641315,0,1,0,0,0,0,3,3,0,2,1,1,10,11,1,1,8,81,5,29,47,37,2373,9381,13779,17752,1,0,0,3,4,2
98100,3801593666,0,1,0,0,0,0,3,3,0,2,1,1,10,11,1,1,8,81,5,29,47,37,2378,9383,13795,17769,1,0,0,3,4,2
98200,3805551287,0,1,0,0,0,0,3,3,0,2,1,1,10,11,1,1,8,81,5,29,47,37,2381,9394,13804,17789,1,0,0,3,4,2
98300,3809520037,0,1,0,0,0,0,3,3,0,2,1,1,10,11,1,1,8,81,5,29,47,37,2383,9404,13820,17804,1,0,0,3,4,2
98400,3813488846,0,1,0,0,0,0,3,3,0,2,1,1,10,11,1,1,8,81,5,29,47,37,2384,9416,13838,17828,1,0,0,3,4,2
98500,3817457294,0,1,0,0,0,0,3,3,0,2,1,1,10,11,1,1,8,81,5,29,47,37,2389,9430,13852,17843,1,0,0,3,4,2
98600,3821430211,0,1,0,0,0,0,3,3,0,2,1,1,10,11,1,1,8,81,5,29,47,37,2391,9446,13862,17859,1,0,0,3,4,2
98700,3825392603,0,1,0,0,0,0,3,3,0,2,1,1,10,11,1,1,8,81,5,29,47,37,2396,9453,13882,17875,1,0,0,3,4,2
98800,3829350752,0,1,0,0,0,0,3,3,0,2,1,1,10,11,1,1,8,81,5,29,47,37,2396,9467,13898,17889,1,0,0,3,4,2
98900,3833305721,0,1,0,0,0,0,3,3,0,2,1,1,10,11,1,1,8,81,5,29,48,37,2399,9476,13913,17905,1,0,0,3,4,2
99000,3837267575,0,1,0,0,0,0,3,3,0,2,1,1,10,11,1,1,8,81,5,29,48,37,2402,9486,13930,17930,1,0,0,3,4,2
99100,3841229990,0,1,0,0,0,0,3,3,0,2,1,1,10,11,1,1,8,81,5,29,48,37,2403,9492,13943,17953,1,0,0,3,4,2
99200,3845195479,0,1,0,0,0,0,3,3,0,2,1,1,10,11,1,1,8,81,5,29,48,37,2406,9506,13960,17979,1,0,0,3,4,2
99300,3849160931,0,1,0,0,0,0,3,3,0,2,1,1,10,11,1,1,8,81,5,29,48,37,2407,9516,13974,17996,1,0,0,3,4,2
99400,3853119476,0,1,0,0,0,0,3,3,0,2,1,1,10,11,1,1,8,81,5,29,48,37,2410,9529,13999,18020,1,0,0,3,4,2
99500,3857068608,0,1,0,0,0,0,3,3,0,2,1,1,10,11,1,1,8,81,5,29,48,37,2410,9539,14012,18037,1,0,0,3,4,2
99600,3861021323,0,1,0,0,0,0,3,3,0,2,1,1,10,11,1,1,8,81,5,29,48,37,2411,9556,14025,18053,1,0,0,3,4,2
99700,3864977437,0,1,0,0,0,0,3,3,0,2,1,1,10,11,1,1,8,81,5,29,48,37,2413,9569,14047,18073,1,0,0,3,4,2
99800,3868927352,0,1,0,0,0,0,3,3,0,2,1,1,10,11,1,1,8,81,5,29,48,37,2413,9580,14055,18086,1,0,0,3,4,2
99900,3872875971,0,1,0,0,0,0,3,3,0,2,1,1,10,11,1,1,8,81,5,29,48,37,2416,9594,14072,18108,1,0,0,3,4,2
100000,3876811825,0,1,0,0,0,0,3,3,0,2,1,1,10,11,1,1,8,81,5,29,48,37,2422,9608,14087,18124,1,0,0,3,4,2
100100,3880760304,0,1,0,0,0,0,3,3,0,2,1,1,10,11,1,1,8,81,5,29,48,37,2424,9617,14100,18135,1,0,0,3,4,2
100200,3884713706,0,1,0,0,0,0,3,3,0,2,1,1,10,11,1,1,8,81,5,29,48,37,2426,9626,14112,18147,1,0,0,3,4,2
100300,3888684814,0,1,0,0,0,0,3,3,0,2,1,1,10,11,1,1,8,81,5,29,48,37,2426,9639,14129,18166,1,0,0,3,4,2
100400,3892651565,0,1,0,0,0,0,3,3,0,2,1,1,10,11,1,1,8,81,5,29,48,37,2430,9647,14153,18183,1,0,0,3,4,2
100500,3896615985,0,1,0,0,0,0,3,3,0,2,1,1,10,11,1,1,8,81,5,29,48,37,2431,9655,14166,18201,1,0,0,3,4,2
100600,3900587441,0,1,0,0,0,0,3,3,0,2,1,1,10,11,1,1,8,81,5,29,48,37,2434,9664,14176,18209,1,0,0,3,4,2
100700,3904566453,0,1,0,0,0,0,3,3,0,2,1,1,10,11,1,1,8,81,5,29,48,37,2436,9676,14188,18230,1,0,0,3,4,2
100800,3908545482,0,1,0,0,0,0,3,3,0,2,1,1,10,11,1,1,8,81,5,29,48,37,2439,9687,14205,18249,1,0,0,3,4,2
100900,3912511215,0,1,0,0,0,0,3,3,0,2,1,1,10,12,1,1,8,81,5,29,48,37,2441,9697,14221,18270,1,1,0,3,4,2
101000,3916468599,0,1,0,0,0,0,3,3,0,2,1,1,10,12,1,1,8,81,5,29,48,37,2448,9709,14236,18290,1,1,0,3,4,2
101100,3920428910,0,1,0,0,0,0,4,3,0,2,1,1,10,12,1,1,8,81,5,29,48,37,2452,9721,14250,18306,1,1,0,3,4,2
101200,3924384967,0,1,0,0,0,0,4,3,0,2,1,1,10,12,1,1,8,81,5,29,48,37,2455,9730,14268,18335,1,1,0,3,4,2
101300,3928328612,0,1,0,0,0,0,4,3,0,2,1,1,10,12,1,1,8,81,6,29,48,37,2457,9743,14282,18360,1,1,0,3,4,2
101400,3932274777,0,1,0,0,0,0,4,3,0,2,1,1,10,12,1,1,8,82,6,29,48,37,2460,9751,14294,18374,1,1,0,3,4,2
101500,3936220758,0,1,0,0,0,0,4,3,0,2,1,1,10,12,1,1,8,83,6,29,48,37,2462,9764,14311,18392,1,1,0,3,4,2
101600,3940160272,0,1,0,0,0,0,4,3,0,2,1,1,10,12,1,1,8,83,6,29,48,37,2469,9778,14327,18411,1,1,0,3,4,2
101700,3944097060,0,1,0,0,0,0,4,3,0,2,1,1,10,12,1,1,8,83,6,29,48,37,2470,9795,14338,18424,1,1,0,3,4,2
101800,3948029715,0,1,0,0,0,0,4,3,0,2,1,1,10,12,1,1,8,83,6,29,48,37,2471,9804,14349,18440,1,1,0,3,4,2
101900,3951962464,0,1,0,0,0,0,4,3,0,2,1,1,10,12,1,1,8,83,6,29,48,37,2471,9807,14366,18460,1,1,0,3,4,2
102000,3955895220,0,1,0,0,0,0,4,3,0,2,1,1,10,12,1,1,8,83,6,29,48,37,2474,9814,14382,18473,1,1,0,3,4,2
102100,3959837467,0,1,0,0,0,0,4,3,0,2,1,1,10,12,1,1,8,83,6,29,48,37,2478,9826,14395,18497,1,1,0,3,4,2
102200,3963776119,0,1,0,0,0,0,4,3,0,2,1,1,10,12,1,1,8,83,6,29,48,37,2482,9847,14408,18510,1,1,0,3,4,2
102300,3967726424,0,1,0,0,0,0,4,3,0,2,1,1,11,12,1,1,8,83,6,29,48,37,2482,9852,14418,18525,1,1,0,3,4,2
102400,3971677597,0,1,0,0,0,0,4,3,0,2,1,1,11,12,1,1,8,83,6,29,48,37,2486,9862,14432,18545,1,1,0,3,4,2
102500,3975624970,0,1,0,0,0,0,4,3,0,2,1,1,11,12,1,1,9,83,6,29,48,37,2489,9873,14446,18565,1,1,0,3,4,2
102600,3979573199,0,1,0,0,0,0,4,3,0,2,1,1,11,12,1,1,9,84,6,29,48,37,2490,9883,14462,18583,1,1,0,3,4,2
102700,3983515797,0,1,0,0,0,0,4,3,0,2,1,1,11,12,1,1,9,84,6,29,48,37,2495,9900,14482,18605,1,1,0,3,4,2
102800,3987449781,0,1,0,0,0,0,4,3,0,2,1,1,11,12,1,1,9,84,6,30,48,38,2496,9914,14501,18621,1,1,0,3,4,2
102900,3991383782,0,1,0,0,0,0,4,3,0,2,1,1,11,12,1,1,9,84,6,30,48,38,2499,9926,14514,18638,1,1,0,3,4,2
103000,3995321814,0,1,0,0,0,0,4,3,0,2,1,1,11,12,1,1,9,84,6,30,48,38,2500,9936,14530,18654,1,1,0,3,4,2
103100,3999271757,0,1,0,0,0,0,4,3,0,2,1,1,11,12,1,1,9,84,6,30,49,39,2501,9941,14544,18672,1,1,0,3,4,2
103200,4003214837,0,1,0,0,0,0,4,3,0,2,1,1,11,12,1,1,9,84,6,30,49,39,2506,9948,14556,18689,1,1,0,3,4,2
103300,4007151891,0,1,0,0,0,0,4,3,0,2,1,1,11,12,1,1,9,84,6,30,50,39,2508,9957,14569,18715,1,1,0,3,4,2
103400,4011074158,0,1,0,0,0,0,4,3,0,2,1,1,11,12,1,1,9,85,6,30,50,39,2514,9963,14586,18744,1,1,0,3,4,2
103500,4014994684,0,1,0,0,0,0,4,3,0,2,1,1,11,12,1,1,9,85,6,30,50,40,2515,9969,14607,18758,1,1,0,3,4,2
103600,4018924455,0,1,0,0,0,0,4,3,0,2,1,1,11,12,1,1,9,85,6,30,50,40,2517,9978,14620,18773,1,1,0,3,4,2
103700,4022866025,0,1,0,0,0,0,4,3,0,2,1,1,11,12,1,1,9,85,6,30,50,40,2517,9986,14638,18791,1,1,1,3,4,2
103800,4026820851,0,1,0,0,0,0,4,3,0,2,1,1,11,12,1,1,9,85,6,30,51,40,2520,9992,14650,18814,1,1,1,3,4,2
103900,4030776514,0,1,0,0,0,0,4,3,0,2,1,1,11,12,1,1,9,85,6,30,51,40,2524,10003,14670,18825,1,1,1,3,4,2
104000,4034739197,0,1,0,0,0,0,4,3,0,2,1,1,11,12,1,1,9,85,6,30,51,40,2525,10009,14685,18841,1,1,1,3,4,2
104100,4038703337,0,1,0,0,0,0,4,3,0,2,1,1,11,12,1,1,9,85,6,30,51,40,2527,10014,14699,18856,1,1,1,3,4,2
104200,4042668346,0,1,0,0,0,0,4,3,0,2,1,1,11,12,1,1,9,85,6,30,51,40,2529,10030,14717,18875,1,1,1,3,4,2
104300,4046621002,0,1,0,0,0,0,4,3,0,2,1,1,11,12,1,1,9,85,6,30,51,40,2532,10038,14732,18899,1,1,1,3,4,2
104400,4050567126,0,1,0,0,0,0,4,3,0,2,1,1,11,12,2,1,9,85,6,30,51,40,2535,10049,14752,18921,1,1,1,3,4,2
104500,4054503795,0,1,0,0,0,0,4,4,0,2,1,1,11,12,2,1,9,85,6,30,51,40,2538,10060,14765,18941,1,1,1,3,4,2
104600,4058441299,0,1,0,0,0,0,4,4,0,2,1,1,11,12,2,1,9,85,6,30,51,40,2540,10073,14776,18954,1,1,1,3,4,2
104700,4062380275,0,1,0,0,0,0,4,4,0,2,1,1,11,12,2,1,9,85,6,30,51,40,2543,10086,14793,18969,1,1,1,3,4,2
104800,4066325315,0,1,0,0,0,0,4,4,0,2,1,1,11,12,2,1,9,85,6,30,51,40,2544,10095,14814,18991,1,1,1,3,4,2
104900,4070271329,0,1,0,0,0,0,4,4,0,2,1,1,12,12,2,1,9,85,6,30,52,40,2546,10104,14832,19016,1,1,1,3,4,2
105000,4074208323,0,1,0,0,0,0,4,4,0,2,1,1,12,12,2,1,9,85,6,30,52,40,2546,10111,14845,19035,1,1,1,3,4,2
105100,4078144213,0,1,0,0,0,0,4,4,0,2,1,1,12,12,2,1,9,85,6,30,52,40,2550,10118,14864,19060,1,1,1,3,4,2
105200,4082077565,0,1,0,0,0,0,4,4,0,2,1,1,12,13,2,1,9,85,6,30,52,40,2552,10125,14874,19081,1,1,1,3,4,2
105300,4086006865,0,1,0,0,0,0,4,4,0,2,1,1,12,13,2,1,9,85,6,30,52,40,2553,10135,14891,19103,1,1,1,3,4,2
105400,4089927777,0,1,0,0,0,0,4,4,0,2,1,1,12,13,2,1,9,85,6,30,52,40,2553,10141,14904,19127,1,1,1,3,4,2
105500,4093855972,0,1,0,0,0,0,4,4,0,2,1,1,12,13,2,1,9,85,6,30,52,40,2556,10156,14922,19143,1,1,1,3,4,2
105600,4097786548,0,1,0,0,0,0,4,4,0,2,1,1,12,13,2,1,9,86,6,30,52,40,2559,10163,14933,19160,1,1,1,3,4,2
105700,4101720872,0,1,0,0,0,0,4,4,0,2,1,1,12,13,2,1,9,86,6,30,52,40,2559,10177,14948,19176,1,1,1,3,4,2
105800,4105657015,0,1,0,0,0,0,4,4,0,2,1,1,12,13,2,1,9,86,6,30,52,40,2561,10185,14963,19192,1,1,1,3,4,2
105900,4109584649,0,1,0,0,0,0,4,4,0,2,1,1,12,13,2,1,9,86,6,30,52,40,2563,10195,14981,19220,1,1,1,3,4,2
106000,4113508621,0,1,0,0,0,0,4,4,0,2,1,1,12,13,2,1,9,86,6,30,52,40,2565,10200,14986,19237,1,1,1,3,4,2
106100,4117441554,0,1,0,0,0,0,4,4,0,2,1,1,12,13,2,1,9,86,6,30,52,40,2567,10210,14995,19259,1,1,1,3,4,2
106200,4121365833,0,1,0,0,0,0,4,4,0,2,1,1,12,13,2,1,9,86,6,30,52,40,2571,10226,15015,19277,1,1,1,3,4,2
106300,4125284665,0,1,0,0,0,0,4,4,0,2,1,1,12,13,2,1,9,86,6,31,52,40,2572,10240,15025,19299,1,1,1,3,4,2
106400,4129201063,0,1,0,0,0,0,4,4,0,2,1,1,12,13,2,1,9,86,6,31,52,40,2574,10249,15043,19316,1,1,1,3,4,2
106500,4133116590,0,1,0,0,0,0,4,4,0,2,1,1,12,13,2,1,9,86,6,31,52,40,2575,10260,15056,19331,1,1,1,3,4,2
106600,4137031279,0,1,0,0,0,0,4,4,0,2,1,1,12,13,2,1,9,86,6,31,52,40,2577,10280,15070,19355,1,1,1,3,4,2
106700,4140943813,0,1,0,0,0,0,4,4,0,2,1,1,12,13,2,1,9,86,6,31,52,40,2579,10290,15087,19367,1,1,1,3,4,2
106800,4144874575,0,1,0,0,0,0,4,4,0,2,1,1,12,13,2,1,9,86,6,31,52,40,2582,10299,15099,19382,1,1,1,3,4,2
106900,4148813613,0,1,0,0,0,0,5,4,0,2,1,1,12,13,2,1,9,86,6,31,52,40,2583,10312,15118,19401,1,1,1,3,4,2
107000,4152737345,0,1,0,0,0,0,5,4,0,2,1,1,12,13,2,1,9,86,6,31,52,42,2585,10328,15134,19423,1,1,1,3,4,2
107100,4156641041,0,1,0,0,0,0,5,4,0,2,1,1,12,13,2,1,9,86,6,31,52,42,2588,10339,15155,19447,1,1,1,3,4,2
107200,4160534754,0,1,0,0,0,0,5,4,0,2,1,1,12,13,2,1,9,86,6,31,52,42,2590,10346,15176,19468,1,1,1,3,4,2
107300,4164433066,0,1,0,0,0,0,5,4,0,2,1,1,12,13,2,1,9,86,6,31,52,42,2590,10362,15187,19488,1,1,1,3,4,2
107400,4168331326,0,1,0,0,0,0,5,4,0,2,1,1,12,13,2,1,9,86,6,31,52,43,2593,10370,15206,19501,1,1,1,3,4,2
107500,4172239442,0,1,0,0,0,0,5,4,0,2,1,1,12,13,2,1,9,86,6,31,52,43,2595,10377,15225,19519,1,1,1,3,4,2
107600,4176149123,0,1,0,0,0,0,5,4,0,2,1,1,12,13,2,1,9,86,6,31,52,43,2597,10385,15234,19539,1,1,1,3,4,2
107700,4180062027,0,1,0,0,0,0,5,4,0,2,1,1,12,13,2,1,9,86,6,31,52,43,2603,10400,15251,19552,1,1,1,3,4,2
107800,4183981281,0,1,0,0,0,0,5,4,0,2,1,1,12,13,2,1,9,86,6,31,52,43,2604,10405,15270,19570,1,1,1,3,4,2
107900,4187900319,0,1,0,0,0,0,5,4,0,2,1,1,12,13,2,1,9,86,6,31,52,43,2606,10414,15285,19592,1,1,1,3,4,2
108000,4191819745,0,1,0,0,0,0,5,4,0,2,1,1,12,13,2,1,9,86,6,31,53,43,2607,10423,15299,19607,1,1,1,3,4,2
108100,4195741134,0,1,0,0,0,0,5,4,0,2,1,1,12,13,2,1,9,86,6,31,53,43,2613,10428,15310,19629,1,1,1,3,4,2
108200,4199654216,0,1,0,0,0,0,5,4,0,2,1,1,12,13,2,1,9,86,6,31,53,43,2616,10432,15322,19644,1,1,1,3,4,2
108300,4203575629,0,1,0,0,0,0,5,4,0,2,1,1,12,13,2,1,9,86,6,31,53,43,2618,10447,15335,19658,1,1,1,3,4,2
108400,4207494941,0,1,0,0,0,0,5,4,0,2,1,1,12,13,2,1,9,86,6,31,53,43,2619,10455,15352,19678,1,1,1,3,4,2
108500,4211414371,0,1,0,0,0,0,5,4,0,2,1,1,12,13,2,1,9,86,6,31,53,43,2624,10470,15367,19691,1,1,1,3,4,2
108600,4215340949,0,1,0,0,0,0,5,4,0,2,1,1,12,13,2,1,9,86,6,31,53,43,2626,10482,15381,19710,1,1,1,3,4,2
108700,4219261046,0,1,0,0,0,0,5,4,0,2,1,1,12,13,2,1,9,86,6,31,53,43,2628,10498,15392,19729,1,1,1,3,4,2
108800,4223185856,0,1,0,0,0,0,5,4,0,2,1,1,12,13,2,1,9,86,6,31,53,43,2631,10503,15407,19759,1,1,1,3,4,2
108900,4227108926,0,1,0,0,0,0,5,4,0,2,1,1,12,13,2,1,9,86,6,31,53,43,2635,10509,15428,19785,1,1,1,3,4,2
109000,4231030802,0,1,0,0,0,0,5,4,0,2,1,1,12,13,2,1,9,86,6,31,53,43,2637,10519,15443,19797,1,1,1,3,4,2
109100,4234959420,0,1,0,0,0,0,5,4,0,2,1,1,12,13,2,1,9,86,6,31,53,43,2642,10529,15458,19810,1,1,1,3,4,2
109200,4238886677,0,1,0,0,0,0,5,4,0,2,1,1,12,13,2,1,9,87,6,31,53,43,2643,10538,15476,19825,1,1,1,3,4,2
109300,4242803036,0,1,0,0,0,0,5,4,0,2,1,1,12,13,2,1,9,87,6,31,53,43,2645,10547,15488,19847,1,1,1,3,4,2
109400,4246703744,0,1,0,0,0,0,5,4,0,2,1,1,12,13,2,1,9,87,6,31,53,43,2646,10556,15503,19873,1,1,1,3,4,2
109500,4250607280,0,1,0,0,0,0,5,4,0,2,1,1,12,13,2,1,9,87,6,31,53,43,2647,10566,15515,19890,1,1,1,3,4,2
109600,4254508252,0,1,0,0,0,0,5,4,0,2,1,1,12,13,2,1,9,87,6,31,54,44,2649,10577,15524,19905,1,1,1,3,4,2
109700,4258403675,0,1,0,0,0,0,5,4,0,2,1,1,12,13,2,1,9,87,6,31,54,45,2651,10594,15537,19926,1,1,1,3,4,2
109800,4262300359,0,1,0,0,0,0,5,4,0,2,1,1,12,13,2,1,9,87,6,31,54,45,2655,10607,15554,19947,1,1,1,3,4,2
109900,4266195265,0,1,0,0,0,0,5,4,0,2,1,1,12,13,2,1,9,87,6,31,54,45,2660,10612,15571,19966,1,1,1,3,4,2
110000,4270084490,0,1,0,0,0,0,5,4,0,2,1,1,12,13,2,1,9,87,6,31,54,45,2662,10620,15587,19984,1,1,1,3,4,2
110100,4273965452,0,1,0,0,0,0,5,4,0,2,1,1,12,13,2,1,9,87,6,31,54,45,2662,10633,15605,20001,1,1,1,3,4,2
110200,4277843689,0,1,0,0,0,0,5,4,0,2,1,1,12,13,2,1,9,87,6,31,54,45,2664,10642,15625,20027,1,1,1,3,4,2
110300,4281720821,0,1,0,0,0,0,5,4,0,2,1,1,12,13,2,1,9,87,6,31,54,45,2665,10653,15637,20047,1,1,1,3,4,2
110400,4285597463,0,1,0,0,0,0,5,4,0,2,1,1,12,13,2,1,9,87,6,31,54,45,2670,10663,15654,20065,1,1,1,3,4,2
110500,4289473633,0,1,0,0,0,0,5,4,0,2,1,1,12,13,2,1,9,87,6,31,54,45,2672,10669,15667,20081,1,1,1,3,4,2
110600,4293341755,0,1,0,0,0,0,5,4,0,2,1,1,12,13,2,1,9,87,6,31,54,45,2673,10682,15682,20106,1,1,1,3,4,2
110700,4297219088,0,1,0,0,0,0,5,4,0,2,1,1,12,13,2,1,9,87,6,31,54,45,2673,10690,15688,20116,1,1,1,3,4,2
110800,4301103011,0,1,0,0,0,0,5,4,0,2,1,1,12,13,2,1,9,87,6,31,54,45,2676,10701,15699,20125,1,1,1,3,4,2
110900,4304992175,0,1,0,0,0,0,5,4,0,2,1,1,12,13,2,1,9,87,6,31,54,45,2677,10709,15718,20136,1,1,1,3,4,2
111000,4308896492,0,1,0,0,0,0,5,4,0,2,1,1,12,13,2,1,9,87,6,31,54,45,2683,10723,15731,20152,1,1,1,3,4,2
111100,4312808650,0,1,0,0,0,0,5,4,0,2,1,1,13,13,2,1,9,87,6,31,54,45,2689,10736,15742,20167,1,1,1,3,4,2
111200,4316716788,0,1,0,0,0,0,5,4,0,2,1,1,13,13,2,1,9,87,6,31,54,45,2690,10752,15757,20190,1,1,1,3,4,2
111300,4320636162,0,1,0,0,0,0,5,4,0,2,1,1,13,13,2,1,10,87,6,32,54,45,2692,10761,15769,20202,1,1,2,3,4,2
111400,4324560140,0,1,0,0,0,0,5,4,0,2,1,1,13,13,2,1,10,87,6,32,54,45,2695,10768,15787,20215,1,1,2,3,4,2
111500,4328472956,0,1,0,0,0,0,5,4,0,2,1,1,13,13,2,1,10,87,6,32,54,46,2699,10776,15815,20239,1,1,2,3,4,2
111600,4332394248,0,1,0,0,0,0,5,4,0,2,1,1,13,13,2,1,10,87,6,32,54,46,2701,10787,15829,20260,1,1,2,3,4,2
111700,4336310409,0,1,0,0,0,0,5,4,0,2,1,1,13,13,2,1,10,87,6,32,55,46,2707,10798,15847,20286,1,1,2,3,4,2
111800,4340221115,0,1,0,0,0,0,5,4,0,2,1,1,13,13,2,1,10,87,6,32,55,46,2710,10805,15861,20303,1,1,2,3,4,2
111900,4344133286,0,1,0,0,0,0,5,4,0,2,1,1,13,13,2,1,10,87,6,32,55,46,2713,10817,15874,20319,1,1,2,3,4,2
112000,4348048620,0,1,0,0,0,0,5,4,0,2,1,1,13,13,2,1,10,88,6,32,55,46,2715,10828,15890,20328,1,1,2,3,4,2
112100,4351968600,0,1,0,0,0,0,5,4,0,2,1,1,13,13,2,1,10,88,6,33,55,46,2716,10838,15901,20344,1,1,2,3,4,2
112200,4355897714,0,1,0,0,0,0,5,4,0,2,1,1,13,13,2,1,10,88,6,33,55,46,2721,10850,15914,20362,1,1,2,3,4,2
112300,4359832363,0,1,0,0,0,0,5,4,0,2,1,1,13,13,2,1,10,88,6,33,55,46,2723,10867,15935,20379,1,1,2,3,4,2
112400,4363768483,0,1,0,0,0,0,5,4,0,2,1,1,13,13,2,1,10,88,6,33,55,46,2728,10874,15949,20397,1,1,2,3,4,2
112500,4367703919,0,1,0,0,0,0,5,4,0,2,1,1,13,13,2,1,10,88,6,33,55,46,2733,10884,15960,20418,1,1,2,3,4,2
112600,4371632564,0,1,0,0,0,0,5,4,0,2,1,1,13,13,2,1,10,88,6,33,55,46,2736,10896,15973,20444,1,1,2,3,4,2
112700,4375560956,0,1,0,0,0,0,5,4,0,2,1,1,13,13,2,1,10,88,6,33,55,46,2738,10916,15990,20463,1,1,2,3,4,2
112800,4379474611,0,1,0,0,0,0,5,4,0,2,1,1,13,13,2,1,10,88,6,33,55,47,2742,10924,16012,20492,1,1,2,3,4,2
112900,4383383353,0,1,0,0,0,0,5,4,0,2,1,1,13,13,2,1,10,89,6,33,55,48,2742,10931,16027,20508,1,1,2,3,4,2
113000,4387309186,0,1,0,0,0,0,5,4,0,2,1,1,13,14,2,1,10,89,6,33,56,48,2746,10938,16038,20522,1,1,2,3,4,2
113100,4391245027,0,1,0,0,0,0,5,4,0,2,1,1,13,14,2,1,10,89,6,33,56,48,2748,10946,16052,20541,1,1,2,3,4,2
113200,4395187410,0,1,0,0,0,0,5,4,0,2,1,1,13,14,2,1,10,89,6,33,56,48,2751,10953,16068,20560,1,1,2,3,4,2
113300,4399133522,0,1,0,0,0,0,5,4,0,2,1,1,13,14,2,1,10,89,6,33,56,48,2754,10961,16080,20583,1,1,2,3,4,2
113400,4403086517,0,1,0,0,0,0,5,4,0,2,1,1,13,14,2,1,10,89,6,33,56,48,2757,10971,16094,20603,1,1,2,3,4,2
113500,4407038950,0,1,0,0,0,0,5,4,0,2,1,1,13,14,2,1,10,89,6,33,56,48,2759,10979,16104,20621,1,1,2,3,4,2
113600,4410999167,0,1,0,0,0,0,5,4,0,2,1,1,13,14,2,1,10,89,6,33,56,48,2761,10990,16122,20636,1,1,2,3,4,2
113700,4414967567,0,1,0,0,0,0,5,4,0,2,1,1,13,14,2,1,10,89,6,33,56,49,2764,10996,16132,20659,1,1,2,3,4,2
113800,4418931433,0,1,0,0,0,0,5,4,0,2,1,1,13,14,2,1,10,89,6,33,57,49,2771,11007,16150,20673,1,1,2,3,4,2
113900,4422896627,0,1,0,0,0,0,5,4,0,2,1,1,13,14,2,1,10,89,6,33,57,49,2775,11013,16165,20690,1,1,2,3,4,2
114000,4426859934,0,1,0,0,0,0,5,4,0,2,1,1,13,14,2,1,10,89,6,33,57,49,2778,11020,16176,20711,1,1,2,3,4,2
114100,4430820867,0,1,0,0,0,0,5,4,0,2,1,1,13,14,2,1,10,89,6,33,57,49,2779,11030,16198,20724,1,1,2,3,4,2
114200,4434778519,0,1,0,0,0,0,5,4,0,2,1,1,13,14,2,1,10,89,6,33,57,49,2782,11037,16214,20744,1,1,2,3,4,2
114300,4438733178,0,1,0,0,0,0,5,4,0,2,1,1,13,14,2,1,10,89,6,33,57,49,2785,11049,16226,20767,1,1,2,3,4,2
114400,4442667655,0,1,0,0,0,0,5,4,0,2,1,1,13,14,2,1,10,89,6,33,57,49,2788,11062,16251,20791,1,1,2,3,4,2
114500,4446588001,0,1,0,0,0,0,5,4,0,2,1,1,13,14,2,1,10,89,6,33,57,49,2788,11074,16263,20814,1,1,2,3,4,2
114600,4450516239,0,1,0,0,0,0,5,4,0,2,1,1,13,14,2,1,10,89,6,33,57,49,2789,11082,16271,20830,1,1,2,3,4,2
114700,4454456074,0,1,0,0,0,0,5,4,0,2,1,1,13,14,2,1,10,89,6,34,57,49,2793,11089,16284,20846,1,1,2,3,4,2
114800,4458395176,0,1,0,0,0,0,5,4,0,2,1,1,13,14,2,1,10,89,6,34,57,49,2795,11095,16296,20856,1,1,2,3,4,2
114900,4462332821,0,1,0,0,0,0,5,4,0,2,1,1,13,14,2,1,10,89,6,34,57,49,2801,11108,16311,20875,1,1,2,4,4,2
115000,4466278192,0,1,0,0,0,0,5,4,0,2,1,1,13,14,2,1,11,89,6,34,57,49,2806,11119,16319,20899,1,1,2,4,4,2
115100,4470232340,0,1,0,0,0,0,5,4,0,2,1,1,13,14,2,1,11,89,6,34,57,49,2808,11131,16337,20916,1,1,2,4,4,2
115200,4474192836,0,1,0,0,0,0,5,4,0,2,1,1,13,14,2,1,11,89,7,34,57,49,2810,11140,16352,20933,1,1,2,4,4,2
115300,4478148218,0,1,0,0,0,0,5,4,0,2,1,1,13,14,2,1,11,89,7,34,57,49,2814,11158,16368,20952,1,1,2,4,4,2
115400,4482094695,0,1,0,0,0,0,5,4,0,2,1,1,13,14,2,1,12,89,7,34,57,49,2817,11175,16385,20966,1,1,2,4,4,2
115500,4486032028,0,1,0,0,0,0,5,4,0,2,1,1,13,14,2,1,12,89,7,35,57,49,2820,11194,16406,20982,1,1,2,4,4,2
115600,4489972994,0,1,0,0,0,0,5,4,0,2,1,1,13,14,2,1,12,89,7,35,57,49,2820,11204,16420,21002,1,1,2,4,4,2
115700,4493914570,0,1,0,0,0,0,5,4,0,2,1,1,13,14,2,1,12,89,7,35,57,49,2826,11211,16441,21016,1,1,2,4,4,2
115800,4497860698,0,1,0,0,0,0,5,4,0,2,1,1,13,14,2,1,12,89,7,35,57,49,2829,11223,16453,21034,1,1,2,4,4,2
115900,4501806911,0,1,0,0,0,0,5,4,0,2,1,1,13,14,2,1,12,89,7,35,57,49,2832,11236,16459,21052,1,1,2,4,4,2
116000,4505749952,0,1,0,0,0,0,5,4,0,2,1,1,13,14,2,1,12,89,7,35,57,49,2832,11244,16479,21072,1,1,2,4,4,2
116100,4509683172,0,1,0,0,0,0,5,4,0,2,1,1,13,14,2,1,12,89,7,35,57,49,2834,11255,16490,21090,1,1,2,4,4,2
116200,4513622236,0,1,0,0,0,0,5,4,0,2,1,1,13,14,2,1,12,89,7,35,57,49,2835,11263,16509,21116,1,1,2,4,4,2
116300,4517557548,0,1,0,0,0,0,5,4,0,2,1,1,13,14,2,1,12,89,7,35,57,49,2837,11268,16522,21125,1,1,2,4,4,2
116400,4521489656,0,1,0,0,0,0,5,4,0,2,1,1,13,14,2,1,12,89,7,35,57,49,2838,11279,16539,21135,1,1,2,4,4,2
116500,4525431932,0,1,0,0,0,0,5,4,0,2,1,1,13,14,2,1,12,89,7,35,57,49,2839,11287,16561,21145,1,1,2,4,4,2
116600,4529377112,0,1,0,0,0,0,5,4,0,2,1,1,13,14,2,1,12,89,7,35,57,49,2842,11293,16574,21164,1,1,2,4,4,2
116700,4533319492,0,1,0,0,0,0,5,4,0,2,1,1,13,14,2,1,12,89,7,35,57,49,2847,11300,16585,21186,1,1,2,4,4,2
116800,4537272518,0,1,0,0,0,0,5,4,0,2,1,1,13,15,2,1,12,89,7,35,57,49,2852,11314,16600,21197,1,1,2,4,4,2
116900,4541226843,0,1,0,0,0,0,5,4,0,2,1,1,13,15,2,1,12,89,7,35,58,49,2854,11329,16613,21216,1,1,2,4,4,2
117000,4545176449,0,1,0,0,0,0,5,4,0,2,1,1,13,15,2,1,12,89,7,36,58,49,2856,11337,16625,21234,1,1,2,4,4,2
117100,4549142344,0,1,0,0,0,0,5,4,0,2,1,1,13,15,2,1,12,89,7,36,58,49,2858,11348,16640,21253,1,1,2,4,4,2
117200,4553110594,0,1,0,0,0,0,5,4,0,2,1,1,13,15,2,1,12,89,7,36,58,49,2860,11357,16660,21267,1,1,2,4,4,2
117300,4557078644,0,1,0,0,0,0,5,4,0,2,1,1,13,15,2,1,12,89,7,37,58,49,2866,11364,16673,21284,1,1,2,4,4,2
117400,4561044967,0,1,0,0,0,0,5,4,0,2,1,1,13,15,2,1,12,89,7,37,58,49,2869,11375,16686,21312,1,1,2,4,4,2
117500,4565005959,0,1,0,0,0,0,5,4,0,2,1,1,13,15,2,1,12,89,7,37,58,49,2871,11383,16713,21332,1,1,2,4,4,2
117600,4568962984,0,1,0,0,0,0,5,4,0,2,1,1,13,15,2,1,12,89,7,37,58,49,2873,11392,16732,21346,1,1,2,4,4,2
117700,4572912199,0,1,0,0,0,0,5,4,0,2,1,1,13,15,2,1,12,89,7,37,58,49,2876,11400,16745,21369,1,1,2,4,4,2
117800,4576854521,0,1,0,0,0,0,5,4,0,2,1,1,13,15,2,1,12,89,7,37,58,49,2879,11410,16758,21387,1,1,2,4,4,2
117900,4580800679,0,1,0,0,0,0,5,4,0,2,1,1,13,15,2,1,12,89,7,37,58,49,2881,11419,16772,21411,1,1,2,5,4,2
118000,4584759324,0,1,0,0,0,0,5,4,0,2,1,1,13,15,2,1,12,89,7,37,58,49,2883,11430,16781,21429,1,1,2,5,4,2
118100,4588724454,0,1,0,0,0,0,5,4,0,2,1,1,13,15,2,1,12,89,7,37,58,49,2887,11438,16792,21449,1,1,2,5,4,2
118200,4592697338,0,1,0,0,0,0,5,4,0,2,1,1,13,15,2,1,12,89,7,37,58,49,2891,11445,16812,21462,1,1,2,5,4,2
118300,4596666724,0,1,0,0,0,0,5,4,0,2,1,1,13,15,2,1,12,89,7,37,58,49,2894,11461,16822,21483,1,1,2,5,4,2
118400,4600639991,0,1,0,0,0,0,5,4,0,2,1,1,13,15,2,1,12,89,7,37,58,49,2897,11479,16838,21501,1,1,2,5,4,2
118500,4604597858,0,1,0,0,0,0,5,4,0,2,1,1,13,15,2,1,13,90,7,37,58,49,2902,11489,16848,21524,1,1,2,5,4,2
118600,4608549968,0,1,0,0,0,0,5,4,0,2,1,1,13,15,2,1,13,90,7,37,58,49,2903,11497,16862,21535,1,1,2,5,4,2
118700,4612508704,0,1,0,0,0,0,5,4,0,2,1,1,13,15,2,1,13,90,7,37,58,49,2905,11508,16878,21552,1,1,2,5,4,2
118800,4616467401,0,1,0,0,0,0,5,4,0,2,1,1,13,15,2,1,13,90,7,37,58,49,2911,11516,16897,21571,1,1,2,5,4,2
118900,4620423130,0,1,0,0,0,0,5,4,0,2,1,1,13,15,2,1,13,90,7,38,58,49,2913,11527,16914,21588,1,1,2,5,4,2
119000,4624375460,0,1,0,0,0,0,5,4,0,2,1,1,13,15,2,1,13,90,7,38,58,49,2915,11535,16923,21605,1,1,2,5,4,2
119100,4628336061,0,1,0,0,0,0,5,4,0,2,1,1,14,15,2,1,13,90,7,38,58,49,2915,11543,16938,21621,1,1,2,5,4,2
119200,4632304599,0,1,0,0,0,0,5,4,0,2,1,1,14,15,2,1,13,90,7,38,58,49,2917,11552,16959,21640,1,1,2,5,4,2
119300,4636260816,0,1,0,0,0,0,5,4,0,2,1,1,14,15,2,1,13,90,7,38,58,49,2918,11563,16980,21657,1,1,2,5,4,2
119400,4640218689,0,1,0,0,0,0,5,4,0,2,1,1,14,15,2,1,13,90,7,38,58,49,2922,11573,16990,21675,1,1,2,5,4,2
119500,4644189591,0,1,0,0,0,0,5,4,0,2,1,1,14,15,2,1,13,90,7,38,58,49,2922,11584,17004,21690,1,1,2,5,4,2
119600,4648161229,0,1,0,0,0,0,5,4,0,2,1,1,14,15,2,1,13,90,7,38,58,49,2926,11598,17018,21711,1,1,2,5,4,2
119700,4652124945,0,1,0,0,0,0,5,4,0,2,1,1,14,15,2,1,13,90,7,38,58,49,2927,11614,17032,21735,1,1,2,5,4,2
119800,4656081130,0,1,0,0,0,0,5,4,0,2,1,1,14,15,2,1,13,90,7,38,58,49,2929,11622,17044,21759,1,1,2,5,4,2
119900,4660038243,0,1,0,0,0,0,5,4,0,2,1,1,14,15,2,1,13,90,7,38,58,49,2929,11631,17064,21781,1,1,2,5,4,2
120000,4663996356,0,1,0,0,0,0,5,4,0,2,1,1,14,15,2,1,13,91,7,38,59,49,2934,11642,17083,21799,1,1,2,5,4,2
120100,4667950781,0,1,0,0,0,0,5,4,0,2,1,1,14,15,2,1,13,91,7,38,59,49,2938,11646,17097,21827,1,1,2,5,4,2
120200,4671903801,0,1,0,0,0,0,5,4,0,2,1,1,14,15,2,1,13,91,7,38,59,49,2941,11659,17113,21850,1,1,2,5,4,2
120300,4675862856,0,1,0,0,0,0,5,4,0,2,1,1,14,15,2,1,13,91,7,38,59,49,2945,11672,17125,21872,1,1,2,5,4,2
120400,4679824136,0,1,0,0,0,0,5,4,0,2,1,1,14,15,2,1,13,91,7,38,59,49,2946,11679,17138,21887,1,1,2,5,4,2
120500,4683782485,0,1,0,0,0,0,5,4,0,2,1,1,14,15,2,1,13,91,7,38,59,49,2947,11691,17150,21906,1,1,2,5,4,2
120600,4687734089,0,1,0,0,0,0,5,4,0,2,1,1,14,15,2,1,13,91,7,38,59,49,2948,11697,17166,21925,1,1,2,5,4,2
120700,4691688769,0,1,0,0,0,0,5,4,0,2,1,1,14,15,2,1,13,91,7,38,59,49,2950,11704,17177,21940,1,1,2,5,4,2
120800,4695647985,0,1,0,0,0,0,5,4,0,2,1,1,14,15,2,1,13,91,7,38,59,49,2951,11712,17185,21964,1,1,2,5,4,2
120900,4699616170,0,1,0,0,0,0,5,4,0,2,1,1,14,15,2,1,13,91,7,38,59,49,2952,11722,17194,21984,1,1,2,5,4,2
121000,4703586207,0,1,0,0,0,0,5,4,0,2,1,1,14,15,2,1,13,91,7,38,59,49,2957,11733,17209,22000,1,1,2,5,4,2
121100,4707546306,0,1,0,0,0,0,5,4,0,2,1,1,14,15,2,1,13,92,7,38,59,49,2962,11747,17227,22016,1,1,2,5,4,2
121200,4711504475,0,1,0,0,0,0,5,4,0,2,1,1,14,15,2,1,13,92,7,38,59,49,2966,11757,17241,22038,1,1,2,5,4,2
121300,4715461714,0,1,0,0,0,0,5,4,0,2,1,1,14,15,2,1,13,93,7,38,59,49,2971,11772,17257,22060,1,1,2,5,4,2
121400,4719404947,0,1,0,0,0,0,5,4,0,2,1,1,14,15,2,1,13,93,7,38,59,49,2975,11782,17275,22084,1,1,2,5,4,2
121500,4723350619,0,1,0,0,0,0,5,4,0,2,1,1,14,15,2,1,13,93,7,38,59,49,2975,11794,17284,22107,1,1,2,5,4,2
121600,4727312631,0,1,0,0,0,0,5,4,0,2,1,1,14,15,2,1,13,93,7,38,59,49,2978,11799,17293,22126,1,1,2,5,4,2
121700,4731283473,0,1,0,0,0,0,5,4,0,2,1,1,14,15,2,1,13,93,7,38,59,49,2982,11807,17314,22145,1,1,2,5,4,2
121800,4735243202,0,1,0,0,0,0,5,4,0,2,1,1,14,15,2,1,13,93,7,38,60,49,2984,11822,17330,22165,1,1,2,5,4,2
121900,4739194280,0,1,0,0,0,0,5,4,0,2,1,1,14,15,2,1,13,93,7,38,60,49,2989,11833,17345,22190,1,1,2,5,4,2
122000,4743143974,0,1,0,0,0,0,5,4,0,2,1,1,15,15,2,1,13,93,7,38,60,49,2995,11848,17355,22204,1,1,2,5,4,2
122100,4747096478,0,1,0,0,0,0,5,4,0,2,1,1,15,15,2,1,13,93,7,38,60,49,2997,11854,17368,22221,1,1,2,5,4,2
122200,4751053764,0,1,0,0,0,0,5,4,0,2,1,1,15,15,2,1,13,93,7,38,61,49,2999,11866,17389,22241,1,1,2,5,4,2
122300,4754999241,0,1,0,0,0,0,5,4,0,2,1,1,15,15,2,1,13,93,7,38,61,49,3003,11872,17407,22268,1,1,2,5,4,2
122400,4758934316,0,1,0,0,0,0,5,4,0,2,1,1,15,15,2,1,13,93,7,38,61,49,3003,11882,17423,22289,1,1,2,5,4,2
122500,4762865935,0,1,0,0,0,0,5,4,0,2,1,1,15,15,2,1,13,93,7,38,62,49,3003,11899,17441,22305,1,1,2,5,4,2
122600,4766808744,0,1,0,0,0,0,5,4,0,2,1,1,15,15,2,1,13,93,7,38,62,49,3005,11907,17454,22329,1,1,2,5,4,2
122700,4770750216,0,1,0,0,0,0,5,4,0,2,1,1,15,15,2,1,13,93,7,38,63,49,3007,11919,17463,22353,1,1,2,5,4,2
122800,4774690852,0,1,0,0,0,0,5,4,0,2,1,1,15,15,2,1,13,93,7,38,63,49,3012,11932,17478,22380,1,1,2,5,4,2
122900,4778626105,0,1,0,0,0,0,5,4,0,2,1,1,15,15,2,1,13,93,7,38,63,49,3012,11941,17492,22402,1,1,2,5,4,2
123000,4782565978,0,1,0,0,0,0,5,4,0,2,1,1,15,15,2,1,13,93,7,38,63,49,3014,11957,17508,22423,1,1,2,5,4,2
123100,4786487217,0,1,0,0,0,0,5,4,0,2,1,1,15,15,2,1,13,94,7,38,63,49,3017,11969,17528,22447,1,1,2,5,4,2
123200,4790410383,0,1,0,0,0,0,5,4,0,2,1,1,16,15,2,1,13,94,7,38,63,49,3022,11980,17539,22471,1,1,2,5,4,2
123300,4794337369,0,1,0,0,0,0,5,4,0,2,1,1,16,15,2,1,13,94,7,38,63,49,3022,11990,17556,22494,1,1,2,5,4,2
123400,4798266210,0,1,0,0,0,0,5,4,0,2,1,1,16,15,2,1,13,94,7,39,63,49,3026,11994,17565,22514,1,1,2,5,4,2
123500,4802190297,0,1,0,0,0,0,5,4,0,2,1,1,16,15,2,1,13,94,7,39,63,49,3027,12005,17579,22542,1,1,2,5,4,2
123600,4806108116,0,1,0,0,0,0,5,4,0,2,1,1,16,15,2,1,13,94,7,39,63,49,3028,12017,17596,22563,1,1,2,5,4,2
123700,4810013237,0,1,0,0,0,0,5,4,0,2,1,1,16,15,2,1,13,94,7,39,63,49,3032,12026,17615,22583,1,1,2,5,4,2
123800,4813910124,0,1,0,0,0,0,5,4,0,2,1,1,16,15,2,1,13,94,7,39,64,49,3036,12039,17628,22607,1,1,2,5,4,2
123900,4817803826,0,1,0,0,0,0,5,4,0,2,1,1,16,15,2,1,13,94,7,39,64,49,3040,12049,17643,22625,1,1,2,5,4,2
124000,4821696481,0,1,0,0,0,0,5,4,0,2,1,1,16,15,2,1,13,94,7,39,64,49,3041,12057,17661,22646,1,1,2,5,4,2
124100,4825583088,0,1,0,0,0,0,5,4,0,2,1,1,16,15,2,1,13,94,7,39,64,49,3043,12072,17677,22665,1,1,2,5,4,2
124200,4829469051,0,1,0,0,0,0,5,4,0,2,1,1,16,15,2,1,13,94,7,39,64,49,3045,12083,17692,22679,1,1,2,5,4,2
124300,4833360002,0,1,0,0,0,0,5,4,0,2,1,1,16,15,2,1,13,94,7,39,64,49,3048,12091,17705,22699,1,1,2,5,4,2
124400,4837260286,0,1,0,0,0,0,5,4,0,2,1,1,16,15,2,1,13,94,7,39,65,49,3051,12105,17717,22720,1,1,2,5,4,2
124500,4841169951,0,1,0,0,0,0,5,4,0,2,1,1,16,15,2,1,13,94,7,39,65,49,3054,12116,17734,22747,1,1,2,5,4,2
124600,4845065613,0,1,0,0,0,0,5,4,0,2,1,1,16,16,2,1,13,94,7,39,65,49,3056,12125,17749,22761,1,1,2,5,4,2
124700,4848953987,0,1,0,0,0,0,5,4,0,2,1,1,16,16,2,1,13,95,7,40,65,49,3058,12138,17759,22782,1,1,2,5,4,2
124800,4852854265,0,1,0,0,0,0,5,4,0,2,1,1,16,16,2,1,13,95,7,40,65,49,3060,12144,17772,22799,1,1,2,5,4,2
124900,4856755186,0,1,0,0,0,0,5,4,0,2,1,1,16,16,2,1,13,95,7,40,65,49,3065,12157,17789,22824,1,1,2,5,4,2
125000,4860650045,0,1,0,0,0,0,5,4,0,2,1,1,16,16,2,1,13,95,7,40,65,49,3067,12168,17803,22842,1,1,2,5,4,2
125100,4864547097,0,1,0,0,0,0,5,4,0,2,1,1,16,16,2,1,13,95,7,40,65,49,3071,12176,17821,22857,1,1,2,5,4,2
125200,4868448149,0,1,0,0,0,0,5,4,0,2,1,1,16,16,2,1,13,95,7,40,65,49,3076,12187,17831,22874,1,1,2,5,4,2
125300,4872357036,0,1,0,0,0,0,5,4,0,2,1,1,16,16,2,1,13,95,7,40,65,49,3080,12200,17847,22886,1,1,2,5,4,2
125400,4876273175,0,1,0,0,0,0,5,4,0,2,1,1,16,16,2,1,13,95,7,40,65,49,3083,12210,17859,22910,1,1,2,5,4,2
125500,4880190986,0,1,0,0,0,0,5,4,0,2,1,1,16,16,2,1,13,95,7,40,65,49,3084,12221,17873,22920,1,1,2,5,4,2
125600,4884113377,0,1,0,0,0,0,5,4,0,2,1,1,16,16,2,1,13,95,7,40,65,49,3086,12227,17884,22945,1,1,2,5,4,2
125700,4888046533,0,1,0,0,0,0,5,4,0,2,1,1,16,16,2,1,13,95,7,40,65,49,3088,12234,17895,22965,1,1,2,5,4,2
125800,4891989613,0,1,0,0,0,0,5,4,0,2,1,1,16,16,2,1,13,95,7,40,65,49,3089,12242,17910,22985,1,1,2,5,4,2
125900,4895927235,0,1,0,0,0,0,5,4,0,2,1,1,16,16,2,1,13,95,7,40,65,49,3091,12251,17929,22996,1,1,2,5,4,2
126000,4899862634,0,1,0,0,0,0,5,4,0,2,1,1,16,16,2,1,13,95,7,41,65,49,3092,12266,17940,23018,1,2,2,5,4,2
126100,4903794715,0,1,0,0,0,0,5,4,0,2,1,1,16,16,2,1,13,95,7,41,65,49,3097,12277,17960,23037,1,2,2,5,4,2
126200,4907723686,0,1,0,0,0,0,5,4,0,2,1,1,16,16,2,1,13,95,7,41,65,49,3101,12290,17976,23055,1,2,2,5,4,2
126300,4911660964,0,1,0,0,0,0,5,4,0,2,1,1,16,16,2,1,13,95,7,41,65,49,3106,12298,17995,23075,1,2,2,5,4,2
126400,4915603966,0,1,0,0,0,0,5,4,0,2,1,1,16,16,2,1,13,95,7,41,65,49,3108,12308,18011,23096,1,2,2,5,4,2
126500,4919551801,0,1,0,0,0,0,5,4,0,2,1,1,16,16,2,1,13,95,7,41,65,49,3111,12320,18025,23120,1,2,2,5,4,2
126600,4923497019,0,1,0,0,0,0,5,4,0,2,1,1,16,16,2,1,13,95,7,41,65,49,3115,12326,18054,23134,1,2,2,5,4,2
126700,4927427397,0,1,0,0,0,0,5,4,0,2,1,1,16,16,2,1,13,95,7,41,65,49,3116,12338,18062,23159,1,2,2,5,4,2
126800,4931352334,0,1,0,0,0,0,5,4,0,2,1,1,16,16,2,1,13,96,7,41,65,49,3121,12346,18077,23179,1,2,2,5,4,2
126900,4935275693,0,1,0,0,0,0,5,4,0,2,1,1,16,16,2,1,13,96,7,41,66,49,3124,12358,18089,23192,1,2,2,5,4,2
127000,4939195440,0,1,0,0,0,0,5,4,0,2,1,1,16,16,2,1,13,96,7,41,66,49,3126,12367,18105,23211,1,2,2,5,4,2
127100,4943115791,0,1,0,0,0,0,5,4,0,2,1,1,16,16,2,1,13,96,7,41,66,49,3127,12375,18118,23226,1,2,2,5,4,2
127200,4947033309,0,1,0,0,0,0,5,4,0,2,1,1,16,16,2,1,13,96,7,41,66,49,3128,12386,18134,23249,1,2,2,5,4,2
127300,4950943668,0,1,0,0,0,0,5,4,0,2,1,1,16,16,2,1,13,96,7,41,66,49,3128,12396,18147,23273,1,2,2,5,4,2
127400,4954851888,0,1,0,0,0,0,5,4,0,2,1,1,16,16,2,1,13,96,7,41,66,49,3129,12408,18160,23290,1,2,2,5,4,2
127500,4958763102,0,1,0,0,0,0,5,4,0,2,1,1,16,16,2,1,13,96,7,41,66,49,3130,12422,18174,23308,1,2,2,5,4,2
127600,4962671833,0,1,0,0,0,0,5,4,0,2,1,1,16,16,2,1,13,96,7,41,66,49,3134,12433,18188,23328,1,2,2,5,4,2
127700,4966594422,0,1,0,0,0,0,5,4,0,2,1,1,16,16,2,1,13,96,7,41,66,49,3138,12442,18200,23342,1,2,2,5,4,2
127800,4970527292,0,1,0,0,0,0,5,4,0,2,1,1,16,16,2,1,13,96,7,41,66,49,3140,12452,18216,23362,1,2,2,5,4,2
127900,4974464003,0,1,0,0,0,0,5,4,0,2,1,1,16,16,2,1,13,96,7,41,66,49,3141,12462,18223,23376,1,2,2,5,4,2
128000,4978405239,0,1,0,0,0,0,5,4,0,2,1,1,16,16,2,1,13,96,7,41,66,49,3144,12475,18238,23399,1,2,2,5,4,2
128100,4982344268,0,1,0,0,0,0,5,4,0,2,1,1,16,16,2,1,13,96,7,41,67,49,3144,12487,18249,23418,1,2,2,5,4,2
128200,4986287685,0,1,0,0,0,0,5,4,0,2,1,1,16,16,2,1,13,96,7,41,67,49,3145,12494,18263,23431,1,2,2,5,4,2
128300,4990236186,0,1,0,0,0,0,5,4,0,2,1,1,16,16,2,1,13,96,7,41,68,49,3148,12508,18276,23447,1,2,2,5,4,2
128400,4994179731,0,1,0,0,0,0,5,4,0,2,1,1,16,16,2,1,13,96,7,41,68,49,3151,12524,18289,23463,1,2,2,5,4,2
128500,4998108203,0,1,0,0,0,0,5,4,0,2,1,1,16,16,2,1,13,96,7,41,69,49,3153,12532,18305,23488,1,2,2,5,4,2
128600,5002033486,0,1,0,0,0,0,5,4,0,2,1,1,17,16,2,1,13,96,7,41,69,49,3157,12541,18320,23508,1,2,2,5,4,2
128700,5005966776,0,1,0,0,0,0,5,4,0,2,1,1,17,16,2,1,13,96,7,41,70,49,3161,12552,18330,23527,1,2,2,5,4,2
128800,5009896678,0,1,0,0,0,0,5,4,0,2,1,1,17,16,2,1,13,96,7,41,71,49,3162,12558,18348,23547,1,2,2,5,4,2
128900,5013830405,0,1,0,0,0,0,5,4,0,2,1,1,17,16,2,1,13,96,7,41,71,49,3162,12566,18365,23566,1,2,2,5,4,2
129000,5017776646,0,1,0,0,0,0,5,4,0,2,1,1,17,16,2,1,13,96,7,41,71,49,3165,12575,18380,23586,1,2,2,5,4,2
129100,5021732735,0,1,0,0,0,0,5,4,0,2,1,1,17,16,2,1,13,96,7,41,71,49,3168,12590,18393,23607,1,2,2,5,4,2
129200,5025687238,0,1,0,0,0,0,5,4,0,2,1,1,17,16,2,1,13,96,7,41,71,49,3170,12599,18408,23620,1,2,2,5,4,2
129300,5029656792,0,1,0,0,0,0,5,4,0,2,1,1,17,16,2,1,13,96,7,41,71,49,3171,12607,18428,23638,1,2,2,5,4,2
129400,5033612853,0,1,0,0,0,0,5,4,0,2,1,1,17,16,2,1,13,97,7,41,71,50,3173,12622,18443,23658,1,2,2,5,4,2
129500,5037562870,0,1,0,0,0,0,5,4,0,2,1,1,17,16,2,1,13,97,7,41,71,50,3175,12640,18450,23678,1,2,2,5,4,2
129600,5041519733,0,1,0,0,0,0,5,4,0,2,1,1,17,16,2,1,13,97,7,41,71,50,3176,12646,18461,23696,1,2,2,5,4,2
129700,5045476488,0,1,0,0,0,0,5,4,0,2,1,1,17,16,2,1,13,97,7,41,71,50,3177,12655,18478,23719,1,2,2,5,4,2
129800,5049437030,0,1,0,0,0,0,5,4,0,2,1,1,17,16,2,1,13,97,7,41,71,50,3180,12668,18492,23739,1,2,2,5,4,2
129900,5053398362,0,1,0,0,0,0,5,4,0,2,1,1,17,16,2,1,13,97,7,41,71,50,3181,12679,18512,23751,1,2,2,5,4,2
130000,5057369045,0,1,0,0,0,0,5,4,0,2,1,1,17,16,2,1,13,97,7,41,71,50,3181,12686,18528,23769,1,2,2,5,4,2
130100,5061342246,0,1,0,0,0,0,5,4,0,2,1,1,17,16,2,1,13,97,7,41,71,50,3185,12697,18537,23791,1,2,2,5,4,2
130200,5065309159,0,1,0,0,0,0,5,4,0,2,1,1,17,16,2,1,13,97,7,41,71,50,3185,12704,18545,23807,1,2,2,5,4,2
130300,5069279094,0,1,0,0,0,0,5,4,0,2,1,1,17,16,2,1,13,97,7,41,71,50,3185,12712,18557,23824,1,2,2,5,4,2
130400,5073250174,0,1,0,0,0,0,5,4,0,2,1,1,17,16,2,1,13,97,7,41,72,50,3186,12718,18574,23842,1,2,2,5,4,2
130500,5077219600,0,1,0,0,0,0,5,4,0,2,1,1,17,16,2,1,13,97,7,41,72,50,3190,12723,18588,23863,1,2,2,5,4,2
130600,5081196601,0,1,0,0,0,0,5,4,0,2,1,1,17,16,2,1,13,97,7,41,72,50,3191,12729,18602,23888,1,2,2,5,4,2
130700,5085173096,0,1,0,0,0,0,5,4,0,2,1,1,17,16,2,1,13,97,7,41,72,50,3192,12738,18609,23910,1,2,2,5,4,2
130800,5089156554,0,1,0,0,0,0,5,4,0,2,1,1,17,16,2,1,13,97,7,41,72,50,3197,12753,18624,23928,1,2,2,5,4,2
130900,5093131542,0,1,0,0,0,0,5,4,0,2,1,1,17,16,2,1,13,97,7,41,72,51,3200,12763,18644,23951,1,2,2,5,4,2
131000,5097099711,0,1,0,0,0,0,5,4,0,2,1,1,17,16,2,1,13,97,7,41,72,51,3201,12775,18666,23974,1,2,2,5,4,2
131100,5101055463,0,1,0,0,0,0,5,4,0,2,1,1,17,16,2,1,13,97,7,41,72,51,3204,12779,18683,23991,1,2,2,5,4,2
131200,5105020288,0,1,0,0,0,0,5,4,0,2,1,1,17,16,2,1,13,97,7,41,72,51,3208,12788,18691,24005,1,2,2,5,4,2
131300,5108987366,0,1,0,0,0,0,5,4,0,2,1,1,17,16,2,1,13,97,7,41,72,51,3209,12799,18702,24024,1,2,2,5,4,2
131400,5112953702,0,1,0,0,0,0,5,4,0,2,1,1,17,16,2,1,13,97,7,41,72,51,3209,12806,18723,24040,1,2,2,5,4,2
131500,5116911348,0,1,0,0,0,0,5,4,0,2,1,1,17,16,2,1,13,97,7,41,72,51,3214,12815,18739,24059,1,2,2,5,4,2
131600,5120874082,0,1,0,0,0,0,5,4,0,2,1,1,17,16,2,1,13,98,7,41,72,52,3217,12826,18751,24079,1,2,2,5,4,2
131700,5124834364,0,1,0,0,0,0,5,4,0,2,1,1,17,16,2,1,13,98,7,41,72,52,3220,12839,18769,24103,1,2,2,5,4,2
131800,5128792614,0,1,0,0,0,0,5,4,0,2,1,1,17,16,2,1,13,98,7,41,72,52,3221,12851,18793,24122,1,2,2,5,4,2
131900,5132746707,0,1,0,0,0,0,5,4,0,2,1,1,17,16,2,1,13,98,7,41,72,52,3226,12857,18804,24143,1,2,2,5,4,2
132000,5136691880,0,1,0,0,0,0,5,4,0,2,1,1,17,16,2,1,13,99,7,42,72,52,3230,12863,18817,24165,1,2,2,5,4,2
132100,5140626463,0,1,0,0,0,0,5,4,0,2,1,1,17,16,2,1,13,100,7,42,72,52,3235,12878,18828,24181,1,2,2,5,4,2
132200,5144566730,0,1,0,0,0,0,5,4,0,2,1,1,17,16,2,1,13,100,7,42,72,52,3239,12887,18842,24198,1,2,2,5,4,2
132300,5148512852,0,1,0,0,0,0,5,4,0,2,1,1,17,16,2,1,13,100,7,42,72,52,3244,12896,18858,24218,1,2,2,5,4,2
132400,5152444461,0,1,0,0,0,0,5,4,0,2,1,1,17,16,2,1,13,100,7,42,72,52,3248,12905,18873,24242,1,2,2,5,4,2
132500,5156365865,0,1,0,0,0,0,5,4,0,2,1,1,17,16,2,1,13,100,7,42,72,54,3250,12919,18884,24255,1,2,2,5,4,2
132600,5160283653,0,1,0,0,0,0,5,4,0,2,1,1,17,16,2,1,13,100,7,42,72,54,3252,12928,18896,24279,1,2,2,5,4,2
132700,5164209687,0,1,0,0,0,0,5,4,0,2,1,1,17,16,2,1,13,100,7,42,72,54,3253,12935,18918,24298,1,2,2,5,4,2
132800,5168135024,0,1,0,0,0,0,5,4,0,2,1,1,17,16,2,1,13,100,7,42,72,54,3258,12945,18933,24318,1,2,2,5,4,2
132900,5172053048,0,1,0,0,0,0,5,4,0,2,1,1,17,16,2,1,13,100,7,42,72,54,3260,12955,18957,24332,1,2,2,5,4,2
133000,5175967633,0,1,0,0,0,0,5,4,0,2,1,1,17,16,2,1,13,100,7,42,72,54,3265,12969,18971,24354,1,2,2,5,4,2
133100,5179883022,0,1,0,0,0,0,5,4,0,2,1,1,17,16,2,1,13,100,7,42,72,54,3269,12983,18984,24379,1,2,2,5,4,2
133200,5183793533,0,1,0,0,0,0,5,4,0,2,1,1,17,16,2,1,13,100,7,42,72,54,3272,12995,18997,24401,1,2,2,5,4,2
133300,5187712611,0,1,0,0,0,0,5,4,0,2,1,1,17,16,2,1,13,100,7,42,72,54,3274,13007,19006,24413,1,2,2,5,4,2
133400,5191632353,0,1,0,0,0,0,5,4,0,2,1,1,17,16,2,1,13,100,7,42,72,54,3277,13018,19022,24427,1,2,2,5,4,2
133500,5195544429,0,1,0,0,0,0,5,4,0,2,1,1,17,16,2,1,13,100,7,42,72,54,3277,13028,19046,24447,1,2,2,5,4,2
133600,5199450497,0,1,0,0,0,0,5,4,0,2,1,1,17,16,2,1,13,101,7,42,72,54,3279,13038,19062,24464,1,2,2,5,4,2
133700,5203357292,0,1,0,0,0,0,5,4,0,2,1,1,17,16,2,1,13,101,7,42,72,54,3282,13047,19074,24481,1,2,2,5,4,2
133800,5207271528,0,1,0,0,0,0,5,4,0,2,1,1,17,16,2,1,13,101,7,42,72,54,3284,13059,19089,24500,1,2,2,5,4,2
133900,5211183200,0,1,0,0,0,0,5,4,0,2,1,1,17,16,2,1,13,101,7,42,73,54,3285,13065,19107,24521,1,2,2,5,4,2
134000,5215105191,0,1,0,0,0,0,5,4,0,2,1,1,17,16,2,1,13,101,7,42,73,54,3288,13068,19120,24537,1,2,2,5,4,2
134100,5219027368,0,1,0,0,0,0,5,4,0,2,1,1,17,16,2,1,13,101,7,42,73,54,3292,13074,19133,24556,1,2,2,5,4,2
134200,5222952017,0,1,0,0,0,0,5,4,0,2,1,1,17,16,2,1,13,101,7,42,73,54,3292,13081,19149,24575,1,2,2,5,4,2
134300,5226874447,0,1,0,0,0,0,5,4,0,2,1,1,17,16,2,1,13,101,7,42,73,54,3296,13094,19161,24590,1,2,2,5,4,2
134400,5230798762,0,1,0,0,0,0,5,4,0,2,1,1,17,16,2,1,13,101,7,42,73,54,3299,13101,19173,24616,1,2,2,5,4,2
134500,5234721877,0,1,0,0,0,0,5,4,0,2,1,1,17,16,2,1,13,101,7,42,73,54,3301,13108,19185,24638,1,2,2,5,4,2
134600,5238647187,0,1,0,0,0,0,5,4,0,2,1,1,17,16,2,1,13,101,7,42,73,54,3303,13120,19206,24659,1,2,2,5,4,2
134700,5242583673,0,1,0,0,0,0,5,4,0,2,1,1,17,16,2,1,13,101,7,42,73,54,3304,13127,19226,24677,1,2,2,5,4,2
134800,5246529057,0,1,0,0,0,0,5,4,0,2,1,1,17,16,2,1,13,101,7,42,73,54,3306,13139,19242,24693,1,2,2,5,4,2
134900,5250466700,0,1,0,0,0,0,5,4,0,2,1,1,17,16,2,1,13,102,7,42,73,55,3307,13154,19258,24732,1,2,2,5,4,2
135000,5254398285,0,1,0,0,0,0,5,4,0,2,1,1,17,16,2,1,13,102,7,42,74,55,3312,13159,19279,24752,1,2,2,5,4,2
135100,5258329214,0,1,0,0,0,0,5,4,0,2,2,1,17,16,2,1,13,102,7,42,74,55,3315,13178,19292,24774,1,2,2,5,4,2
135200,5262255344,0,1,0,0,0,0,5,4,0,2,2,1,17,16,2,1,13,102,7,42,74,55,3316,13193,19303,24793,1,2,2,5,4,2
135300,5266186410,0,1,0,0,0,0,5,4,0,2,2,1,17,16,2,1,13,102,7,42,74,55,3319,13201,19317,24807,1,2,2,5,4,2
135400,5270132102,0,1,0,0,0,0,5,4,0,2,2,1,17,16,2,1,13,102,7,42,74,55,3321,13209,19329,24829,1,2,2,5,4,2
135500,5274077467,0,1,0,0,0,0,5,4,0,2,2,1,17,16,2,1,13,102,7,42,74,55,3323,13225,19347,24854,1,2,2,5,4,2
135600,5278020703,0,1,0,0,0,0,5,4,0,2,2,1,17,16,2,1,13,102,7,42,74,55,3326,13239,19367,24875,1,2,2,5,4,2
135700,5281950370,0,1,0,0,0,0,5,4,0,2,2,1,17,16,2,1,13,102,7,42,74,56,3327,13254,19386,24887,1,2,2,5,4,2
135800,5285886237,0,1,0,0,0,0,5,4,0,2,2,1,17,16,2,1,13,102,7,42,74,56,3330,13263,19397,24897,1,2,2,5,4,2
135900,5289840085,0,1,0,0,0,0,5,4,0,2,2,1,17,16,2,1,13,102,7,42,74,56,3330,13271,19408,24916,1,2,2,5,4,2
136000,5293796165,0,1,0,0,0,0,5,4,0,2,2,1,17,17,2,1,13,102,7,42,74,56,3333,13281,19425,24933,1,2,2,5,4,2
136100,5297746609,0,1,0,0,0,0,5,4,0,2,2,1,17,17,2,1,13,103,7,42,74,56,3338,13297,19436,24948,1,2,2,5,4,2
136200,5301690005,0,1,0,0,0,0,5,4,0,2,2,1,17,17,2,1,13,103,7,42,74,56,3341,13308,19459,24969,1,2,2,5,4,2
136300,5305629559,0,1,0,0,0,0,5,4,0,2,2,1,17,17,2,1,13,103,7,42,74,56,3345,13319,19473,24991,1,2,2,5,4,2
136400,5309563839,0,1,0,0,0,0,5,4,0,2,2,1,17,17,2,1,13,103,7,42,74,56,3346,13328,19488,25016,1,2,2,5,4,2
136500,5313496042,0,1,0,0,0,0,5,4,0,2,2,1,17,17,2,1,13,103,7,42,74,56,3348,13337,19500,25033,1,2,2,5,4,2
136600,5317428643,0,1,0,0,0,0,5,4,0,2,2,1,17,17,2,1,13,103,7,42,74,56,3350,13348,19508,25051,1,2,2,5,4,2
136700,5321351592,0,1,0,0,0,0,5,4,0,2,2,1,17,17,2,1,13,103,7,42,74,56,3352,13361,19521,25074,1,2,2,5,4,2
136800,5325268484,0,1,0,0,0,0,5,4,0,2,2,1,17,17,2,1,13,103,7,42,74,56,3352,13376,19536,25092,1,2,2,5,4,2
136900,5329184768,0,1,0,0,0,0,5,4,0,2,2,1,17,17,2,1,13,103,7,42,74,57,3353,13386,19553,25116,1,2,2,5,4,2
137000,5333092670,0,1,0,0,0,0,5,4,0,2,2,1,17,17,2,1,13,103,7,42,74,57,3356,13395,19565,25129,1,2,2,5,4,2
137100,5336993465,0,1,0,0,0,0,5,4,0,2,2,1,17,17,2,1,13,103,7,42,74,57,3360,13412,19582,25147,1,2,2,5,4,2
137200,5340904371,0,1,0,0,0,0,5,4,0,2,2,1,17,17,2,1,13,103,7,42,74,57,3363,13421,19591,25168,1,2,2,5,4,2
137300,5344821803,0,1,0,0,0,0,5,4,0,2,2,1,17,17,2,1,13,103,7,42,74,57,3365,13433,19605,25186,1,2,2,5,4,2
137400,5348738196,0,1,0,0,0,0,5,4,0,2,2,1,17,17,2,1,13,103,7,43,75,57,3368,13442,19621,25202,1,2,2,5,4,2
137500,5352650156,0,1,0,0,0,0,5,4,0,2,2,1,18,17,2,1,13,103,7,43,75,57,3369,13452,19636,25221,1,2,2,5,4,2
137600,5356560965,0,1,0,0,0,0,5,4,0,2,2,1,18,17,2,1,13,103,7,43,75,57,3371,13462,19657,25235,1,2,2,5,4,2
137700,5360463849,0,1,0,0,0,0,5,4,0,2,2,1,18,17,2,1,13,103,7,43,75,57,3376,13470,19668,25246,1,2,2,5,4,2
137800,5364371392,0,1,0,0,0,0,5,4,0,2,2,1,18,17,2,1,13,103,7,43,75,57,3377,13481,19678,25266,1,2,2,5,4,2
137900,5368275494,0,1,0,0,0,0,5,4,0,2,2,1,18,17,2,1,13,103,7,43,75,57,3379,13492,19693,25286,1,2,2,5,4,2
138000,5372185287,0,1,0,0,0,0,5,4,0,2,2,1,18,17,2,1,13,103,7,43,75,57,3379,13506,19711,25295,1,2,2,5,4,2
138100,5376085270,0,1,0,0,0,0,5,4,0,2,2,1,18,17,2,1,13,103,7,44,75,57,3381,13517,19717,25312,1,2,2,5,4,2
138200,5379986626,0,1,0,0,0,0,5,4,0,2,2,1,18,17,2,1,13,103,7,44,75,57,3386,13525,19730,25330,1,2,2,5,4,2
138300,5383888087,0,1,0,0,0,0,5,4,0,2,2,1,18,17,2,1,13,103,7,44,75,57,3388,13538,19744,25338,1,2,2,5,4,2
138400,5387798158,0,1,0,0,0,0,5,4,0,2,2,1,18,17,2,1,13,103,7,44,75,57,3393,13550,19761,25350,1,2,2,5,4,2
138500,5391704232,0,1,0,0,0,0,5,4,0,2,2,1,18,17,2,1,13,103,7,44,75,57,3396,13557,19779,25372,1,2,2,5,4,2
138600,5395598528,0,1,0,0,0,0,5,4,0,2,2,1,18,17,2,1,13,103,7,44,75,57,3402,13562,19790,25391,1,2,2,5,4,2
138700,5399495998,0,1,0,0,0,0,5,4,0,2,2,1,18,17,2,1,13,103,7,44,76,57,3404,13574,19804,25410,1,2,2,5,4,2
138800,5403392756,0,1,0,0,0,0,5,4,0,2,2,1,18,17,2,1,13,103,7,44,76,57,3407,13590,19812,25433,1,2,2,5,4,2
138900,5407293671,0,1,0,0,0,0,5,4,0,2,2,1,18,17,2,1,13,104,7,44,77,57,3411,13598,19821,25452,1,2,2,5,4,2
139000,5411200166,0,1,0,0,0,0,5,4,0,2,2,1,18,17,2,1,13,104,7,44,77,57,3413,13605,19834,25466,1,2,2,5,4,2
139100,5415114922,0,1,0,0,0,0,5,4,0,2,2,1,18,17,2,1,13,104,7,44,77,57,3413,13616,19843,25487,1,2,2,5,4,2
139200,5419019994,0,1,0,0,0,0,5,4,0,2,2,1,18,17,2,1,13,104,7,44,77,57,3414,13629,19856,25498,1,2,2,5,4,2
139300,5422928711,0,1,0,0,0,0,5,4,0,2,2,1,18,17,2,1,13,104,7,44,77,57,3421,13643,19871,25517,1,2,2,5,4,2
139400,5426838795,0,1,0,0,0,0,5,4,0,2,2,1,18,17,2,1,13,104,7,44,77,57,3423,13647,19892,25537,1,2,2,5,4,2
139500,5430755535,0,1,0,0,0,0,5,4,0,2,2,1,18,17,2,1,13,104,7,44,77,57,3424,13653,19913,25561,1,2,2,5,4,2
139600,5434657829,0,1,0,0,0,0,5,4,0,2,2,1,18,17,2,1,13,104,7,44,77,57,3425,13663,19935,25582,1,2,2,5,4,2
139700,5438556460,1,1,0,0,0,0,5,4,0,2,2,1,18,17,2,1,13,105,7,44,77,57,3425,13669,19947,25599,1,2,2,5,4,2
139800,5442467650,1,1,0,0,0,0,5,4,0,2,2,1,18,17,2,1,13,105,7,44,77,57,3426,13671,19966,25612,1,2,2,5,4,2
139900,5446385781,1,1,0,0,0,0,5,4,0,2,2,1,18,17,2,1,13,105,7,44,77,57,3427,13681,19984,25630,1,2,2,5,4,2
140000,5450312522,1,1,0,0,0,0,5,4,0,2,2,1,18,17,2,1,13,105,7,44,77,57,3430,13687,20001,25652,1,2,2,5,4,2
140100,5454240384,1,1,0,0,0,0,5,4,0,2,2,1,18,17,2,1,13,105,7,44,77,57,3435,13696,20020,25665,1,2,2,5,4,2
140200,5458155113,1,1,0,0,0,0,5,4,0,2,2,1,18,17,2,1,13,105,7,44,77,57,3437,13704,20036,25686,1,2,2,5,4,2
140300,5462065036,1,1,0,0,0,0,5,4,0,2,2,1,18,17,2,1,13,105,7,44,77,57,3439,13707,20057,25706,1,2,2,5,4,2
140400,5465979402,1,1,0,0,0,0,5,4,0,2,2,1,18,17,2,1,13,105,7,44,77,57,3442,13716,20063,25723,1,2,2,5,4,2
140500,5469896511,1,1,0,0,0,0,5,4,0,2,2,1,18,17,2,1,13,105,7,44,77,57,3443,13723,20075,25742,1,2,2,5,4,2
140600,5473819039,1,1,0,0,0,0,5,4,0,2,2,1,18,17,2,1,13,105,7,44,77,57,3444,13730,20091,25755,1,2,2,5,4,2
140700,5477755189,1,1,0,0,0,0,5,4,0,2,2,1,18,17,2,1,13,105,7,44,77,57,3448,13735,20101,25771,1,2,2,5,4,2
140800,5481693909,1,1,0,0,0,0,5,4,0,2,2,1,18,17,2,1,13,105,7,44,77,57,3453,13740,20111,25787,1,2,2,5,4,2
140900,5485633342,1,1,0,0,0,0,5,4,0,2,2,1,18,17,2,1,13,105,7,44,77,57,3455,13755,20123,25803,1,2,2,5,4,2
141000,5489578358,1,1,0,0,0,0,5,4,0,2,2,1,18,17,2,1,13,105,7,44,77,57,3459,13761,20137,25824,1,2,2,5,4,2
141100,5493529994,1,1,0,0,0,0,5,4,0,2,2,1,18,17,2,1,13,105,7,44,77,57,3460,13772,20147,25840,1,2,2,5,4,2
141200,5497489314,1,1,0,0,0,0,5,4,0,2,2,1,18,17,2,1,13,105,7,44,78,57,3463,13782,20164,25860,1,2,2,5,4,2
141300,5501445385,1,1,0,0,0,0,5,4,0,2,2,1,18,17,2,1,13,106,7,44,78,57,3465,13791,20188,25875,1,2,2,5,4,2
141400,5505400817,1,1,0,0,0,0,5,4,0,2,2,1,18,17,2,1,13,106,7,44,78,58,3470,13802,20206,25892,1,2,2,5,4,2
141500,5509349342,1,1,0,0,0,0,5,4,0,2,2,1,18,17,2,1,13,106,7,44,78,58,3472,13808,20222,25911,1,2,2,5,4,2
141600,5513306578,1,1,0,0,0,0,5,4,0,2,2,1,18,17,2,1,13,106,7,44,78,58,3474,13812,20239,25927,1,2,2,5,4,2
141700,5517270733,1,1,0,0,0,0,5,4,0,2,2,1,18,17,2,1,13,106,7,44,78,58,3476,13825,20250,25943,1,2,2,5,4,2
141800,5521221555,1,1,0,0,0,0,5,4,0,2,2,1,18,17,2,1,13,106,7,44,78,58,3479,13836,20268,25968,1,2,2,5,4,2
141900,5525176744,1,1,0,0,0,0,5,4,0,2,2,1,18,17,2,1,13,106,7,44,78,58,3480,13848,20283,25988,1,2,2,5,4,2
142000,5529135076,1,1,0,0,0,0,5,4,0,2,2,1,18,17,2,1,13,106,7,44,78,58,3482,13860,20296,26012,1,2,2,5,4,2
142100,5533090614,1,1,0,0,0,0,5,4,0,2,2,1,18,17,2,1,13,106,7,44,78,58,3485,13874,20307,26034,1,2,2,5,4,2
142200,5537057483,1,1,0,0,0,0,5,4,0,2,2,1,18,17,2,1,13,106,7,44,78,58,3486,13879,20319,26059,1,2,2,5,4,2
142300,5541032528,1,1,0,0,0,0,5,4,0,2,2,1,18,17,2,1,13,106,7,44,78,58,3488,13895,20331,26077,1,2,2,5,4,2
142400,5545006327,1,1,0,0,0,0,5,4,0,2,2,1,18,17,2,1,13,106,7,44,78,58,3490,13911,20343,26090,1,2,2,5,4,2
142500,5548981238,1,1,0,0,0,0,5,4,0,2,2,1,18,17,2,1,13,106,7,44,78,59,3491,13926,20362,26107,1,2,2,5,4,2
142600,5552957287,1,1,0,0,0,0,5,4,0,2,2,1,18,18,2,1,13,106,7,44,78,60,3494,13933,20371,26122,1,2,2,5,4,2
142700,5556930284,1,1,0,0,0,0,5,4,0,2,2,1,18,18,2,1,13,106,7,44,78,60,3498,13946,20382,26138,1,2,2,5,4,2
142800,5560910117,1,1,0,0,0,0,5,4,0,2,2,1,18,18,2,1,13,106,7,44,78,60,3502,13958,20394,26153,1,2,2,5,4,2
142900,5564888110,1,1,0,0,0,0,5,4,0,2,2,1,18,18,2,1,13,107,7,45,78,60,3503,13967,20409,26174,1,2,2,5,4,2
143000,5568864419,1,1,0,0,0,0,5,4,0,2,2,1,18,18,2,1,13,107,7,45,78,60,3506,13978,20423,26188,1,2,2,5,4,2
143100,5572835504,1,1,0,0,0,0,5,4,0,2,2,1,18,18,2,1,13,107,7,45,78,60,3508,13986,20439,26210,1,2,2,5,4,2
143200,5576800739,1,1,0,0,0,0,5,4,0,2,2,1,18,18,2,1,13,107,7,45,78,60,3509,13992,20451,26229,1,2,2,5,4,2
143300,5580767449,1,1,0,0,0,0,5,4,0,2,2,1,18,18,2,1,13,107,7,45,78,60,3511,14004,20460,26250,1,2,2,5,4,2
143400,5584741539,1,1,0,0,0,0,5,4,0,2,2,1,18,18,2,1,13,107,7,45,78,60,3512,14017,20466,26270,1,2,2,5,4,2
143500,5588721670,1,1,0,0,0,0,5,4,0,2,2,1,18,18,2,1,13,108,7,45,78,60,3515,14029,20484,26289,1,2,2,5,4,2
143600,5592702911,1,1,0,0,0,0,5,4,0,2,2,1,18,18,2,1,13,108,7,45,78,60,3517,14035,20497,26313,1,2,2,5,4,2
143700,5596694454,1,1,0,0,0,0,5,4,0,2,2,1,18,18,2,1,13,108,7,45,78,60,3517,14051,20512,26327,1,2,2,5,4,2
143800,5600685627,1,1,0,0,0,0,5,4,0,2,2,1,18,18,2,1,13,108,7,45,78,60,3521,14064,20526,26352,1,2,2,5,4,2
143900,5604676871,1,1,0,0,0,0,5,4,0,2,2,1,18,18,2,1,13,108,7,45,78,60,3524,14077,20538,26377,1,2,2,5,4,2
144000,5608663192,1,1,0,0,0,0,5,4,0,2,2,1,18,18,2,1,14,108,7,45,78,60,3528,14090,20554,26392,1,2,2,5,4,2
144100,5612631423,1,1,0,0,0,0,5,4,0,2,2,1,18,18,2,1,14,108,7,45,78,60,3531,14102,20575,26413,1,2,2,5,4,2
144200,5616600582,1,1,0,0,0,0,5,4,0,2,2,1,18,18,2,1,14,108,7,45,78,60,3535,14106,20589,26431,1,2,2,5,4,2
144300,5620577444,1,1,0,0,0,0,5,4,0,2,2,1,18,18,2,1,14,109,7,45,78,60,3535,14116,20601,26453,1,2,2,5,4,2
144400,5624553776,1,1,0,0,0,0,5,4,0,2,2,1,18,18,2,1,14,109,7,45,78,60,3537,14129,20619,26466,1,2,2,5,4,2
144500,5628523321,1,1,0,0,0,0,5,4,0,2,2,1,18,18,2,1,14,109,7,45,78,60,3538,14141,20635,26486,1,2,2,5,4,2
144600,5632503446,1,1,0,0,0,0,5,4,0,2,2,1,18,18,2,1,14,109,7,45,78,60,3542,14152,20650,26504,1,2,2,5,4,2
144700,5636479117,1,1,0,0,0,0,5,4,0,2,2,1,18,18,2,1,14,109,7,45,78,60,3547,14164,20664,26522,1,2,2,5,4,2
144800,5640445754,1,1,0,0,0,0,5,4,0,2,2,1,18,18,2,1,14,109,7,45,78,60,3551,14175,20682,26543,1,2,2,5,4,2
144900,5644403323,1,1,0,0,0,0,5,4,0,2,2,1,18,18,2,1,14,109,7,45,78,60,3559,14186,20697,26561,1,2,2,5,4,2
145000,5648355430,1,1,0,0,0,0,5,4,0,2,2,1,18,18,2,1,14,109,7,45,78,60,3563,14191,20722,26584,1,2,2,5,4,2
145100,5652313299,1,1,0,0,0,0,5,4,0,2,2,1,18,18,2,1,14,109,7,45,78,60,3566,14206,20731,26604,1,2,2,5,4,2
145200,5656269105,1,1,0,0,0,0,5,4,0,2,2,1,18,18,2,1,14,109,7,45,78,60,3567,14217,20742,26619,1,2,2,5,4,2
145300,5660226057,1,1,0,0,0,0,5,4,0,2,2,1,18,18,2,1,14,109,7,45,79,60,3572,14232,20760,26636,1,2,2,5,4,2
145400,5664182572,1,1,0,0,0,0,5,4,0,2,2,1,18,18,2,1,14,109,7,45,79,60,3576,14239,20772,26651,1,2,2,5,4,2
145500,5668148248,1,1,0,0,0,0,5,4,0,2,2,1,18,18,2,1,14,110,7,45,79,60,3577,14248,20787,26661,1,2,2,5,4,2
145600,5672118159,1,1,0,0,0,0,5,4,0,2,2,1,18,18,2,1,14,110,7,45,79,60,3579,14258,20808,26675,1,2,2,5,4,2
145700,5676098124,1,1,0,0,0,0,5,4,0,2,2,1,18,18,2,1,14,110,7,46,79,60,3581,14268,20824,26693,1,2,2,5,4,2
145800,5680070498,1,1,0,0,0,0,5,4,0,2,2,1,18,18,2,1,14,110,7,46,79,60,3582,14280,20842,26712,1,2,2,5,4,2
145900,5684043142,1,1,0,0,0,0,5,4,0,2,2,1,18,18,2,1,14,110,7,46,79,60,3585,14290,20862,26734,1,2,2,5,4,2
146000,5688020677,1,1,0,0,0,0,5,4,0,2,2,1,18,18,2,1,14,110,7,46,79,60,3586,14299,20881,26751,1,2,2,5,4,2
146100,5692001149,1,1,0,0,0,0,5,4,0,2,2,1,18,18,2,1,14,110,7,46,79,60,3590,14309,20895,26773,1,2,2,5,4,2
146200,5695974498,1,1,0,0,0,0,5,4,0,2,2,1,18,18,2,1,14,111,7,46,79,60,3597,14315,20912,26795,1,2,2,5,4,2
146300,5699948139,1,1,0,0,0,0,5,4,0,2,2,1,18,18,2,1,14,112,7,47,79,60,3602,14327,20926,26819,1,2,2,5,4,2
146400,5703915136,1,1,0,0,0,0,5,4,0,2,2,1,18,18,2,1,14,112,7,47,80,60,3606,14336,20945,26836,1,2,2,5,4,2
146500,5707879191,1,1,0,0,0,0,5,4,0,2,2,1,18,18,2,1,15,112,7,47,80,60,3607,14346,20960,26852,1,2,2,5,4,2
146600,5711838273,1,1,0,0,0,0,5,4,0,2,2,1,18,18,2,1,15,112,7,47,80,60,3608,14357,20975,26866,1,2,2,5,4,2
146700,5715796558,1,1,0,0,0,0,5,4,0,2,2,1,18,18,2,1,15,112,7,47,80,60,3610,14374,20990,26886,1,2,2,5,4,2
146800,5719747323,1,1,0,0,0,0,5,4,0,2,2,1,18,18,2,1,15,112,7,47,80,60,3614,14386,21002,26905,1,2,2,5,4,2
146900,5723697426,1,1,0,0,0,0,5,4,0,2,2,1,18,19,2,1,15,112,7,47,80,60,3615,14398,21022,26917,1,2,2,5,4,2
147000,5727647004,1,1,0,0,0,0,5,4,0,2,2,1,18,19,2,1,15,112,7,47,81,60,3615,14407,21033,26936,1,2,2,5,4,2
147100,5731598225,1,1,0,0,0,0,5,4,0,2,2,1,18,19,2,1,16,112,7,47,81,60,3618,14413,21049,26954,1,2,2,5,4,2
147200,5735551207,1,1,0,0,0,0,5,4,0,2,2,1,18,19,2,1,16,112,7,47,81,60,3619,14421,21071,26968,1,2,2,5,4,2
147300,5739514727,1,1,0,0,0,0,5,4,0,2,2,1,18,19,2,1,16,112,8,47,81,60,3620,14429,21083,26986,1,2,2,5,4,2
147400,5743486254,1,1,0,0,0,0,5,4,0,2,2,1,18,19,2,2,16,112,8,47,81,60,3625,14436,21093,27000,1,2,2,5,4,2
147500,5747459272,1,1,0,0,0,0,5,4,0,2,2,1,18,19,2,2,16,112,8,47,81,60,3627,14447,21104,27023,1,2,2,5,4,2
147600,5751428217,1,1,0,0,0,0,5,4,0,2,2,1,18,19,2,2,16,112,8,47,81,60,3632,14459,21121,27047,1,2,2,5,4,2
147700,5755394216,1,1,0,0,0,0,5,4,0,2,2,1,18,19,2,2,16,112,8,47,81,60,3633,14465,21138,27062,1,2,2,5,4,2
147800,5759372642,1,1,0,0,0,0,5,4,0,2,2,1,18,19,2,2,16,112,8,47,81,60,3636,14477,21146,27077,1,2,2,5,4,2
147900,5763354674,1,1,0,0,0,0,5,4,0,2,2,1,18,19,2,2,16,113,8,48,81,60,3640,14485,21162,27095,1,2,2,5,4,2
148000,5767329346,1,1,0,0,0,0,5,4,0,2,2,1,18,19,2,2,16,114,8,48,81,60,3643,14496,21178,27118,1,2,2,5,4,2
148100,5771302615,1,1,0,0,0,0,5,4,0,2,2,1,18,19,2,2,16,114,8,48,81,60,3648,14507,21196,27137,1,2,2,5,4,2
148200,5775277997,1,1,0,0,0,0,5,4,0,2,2,1,18,19,2,2,16,114,8,48,81,60,3652,14516,21215,27153,1,2,2,5,4,2
148300,5779247944,1,1,0,0,0,0,5,4,0,2,2,1,18,19,2,2,16,114,8,48,82,60,3654,14529,21231,27170,1,2,2,5,4,2
148400,5783206422,1,1,0,0,0,0,5,4,0,2,2,1,18,19,2,2,16,115,10,48,83,60,3656,14543,21242,27189,1,2,2,5,4,2
148500,5787165833,1,1,0,0,0,0,5,4,0,2,2,1,18,19,2,2,16,115,10,48,83,60,3657,14552,21259,27207,1,2,2,5,4,2
148600,5791129682,1,1,0,0,0,0,5,4,0,2,2,1,18,19,2,2,16,115,10,48,83,60,3662,14562,21275,27227,1,2,2,5,4,2
148700,5795088481,1,1,0,0,0,0,5,4,0,2,2,1,18,19,2,2,16,115,10,48,84,60,3662,14574,21294,27252,1,2,2,5,4,2
148800,5799047154,1,1,0,0,0,0,5,4,0,2,2,1,18,20,2,2,16,115,10,48,84,60,3664,14582,21305,27271,1,2,2,5,4,2
148900,5802995224,1,1,0,0,0,0,5,4,0,2,2,1,18,20,2,2,16,115,10,48,84,60,3668,14591,21319,27287,1,2,2,5,4,2
149000,5806936929,1,1,0,0,0,0,5,4,0,2,2,1,18,20,2,2,16,115,10,48,84,60,3669,14602,21333,27308,1,2,2,5,4,2
149100,5810882192,1,1,0,0,0,0,5,4,0,2,2,1,18,20,2,2,16,115,10,48,84,60,3672,14606,21345,27323,1,2,2,5,4,2
149200,5814843051,1,1,0,0,0,0,5,4,0,2,2,1,18,20,2,2,16,115,10,48,84,60,3675,14619,21363,27340,1,2,2,5,4,2
149300,5818805171,1,1,0,0,0,0,5,4,0,2,2,1,18,20,2,2,16,116,10,48,85,60,3677,14626,21374,27355,1,2,2,5,4,2
149400,5822769316,1,1,0,0,0,0,5,4,0,2,2,1,18,20,2,2,16,116,10,48,85,60,3679,14636,21390,27372,1,2,2,5,4,2
149500,5826742810,1,1,0,0,0,0,5,4,0,2,2,1,18,20,2,2,16,116,10,48,86,60,3680,14645,21404,27390,1,2,2,5,4,2
149600,5830719095,1,1,0,0,0,0,5,4,0,2,2,1,18,20,2,2,16,116,10,48,86,60,3684,14654,21416,27409,1,2,2,5,4,2
149700,5834709773,1,1,0,0,0,0,5,4,0,2,2,1,18,20,2,2,16,116,10,48,87,60,3686,14662,21421,27422,1,2,2,5,4,2
149800,5838702217,1,1,0,0,0,0,5,4,0,2,2,1,18,20,2,2,16,116,10,48,87,60,3693,14669,21435,27439,1,2,2,5,4,2
149900,5842696162,1,1,0,0,0,0,5,4,0,2,2,1,18,20,2,2,16,116,10,48,87,60,3693,14678,21448,27459,1,2,2,5,4,2
150000,5846687304,1,1,0,0,0,0,5,4,0,2,2,1,18,20,2,2,16,116,10,48,87,60,3698,14689,21470,27474,1,2,2,5,4,2
150100,5850672186,1,1,0,0,0,0,5,4,0,2,2,1,18,20,2,2,16,116,10,48,87,60,3702,14703,21485,27493,1,2,2,5,4,2
150200,5854652155,1,1,0,0,0,0,5,4,0,2,2,1,18,20,2,2,16,116,10,48,88,60,3703,14715,21499,27508,1,2,2,5,4,2
150300,5858635864,1,1,0,0,0,0,5,4,0,2,2,1,18,20,2,2,16,116,10,48,88,60,3706,14725,21517,27528,1,2,2,5,4,2
150400,5862613002,1,1,0,0,0,0,5,4,0,2,2,1,18,20,2,2,16,116,10,49,88,60,3710,14740,21533,27551,1,2,2,5,4,2
150500,5866587849,1,1,0,0,0,0,5,4,0,2,2,1,18,20,2,2,16,116,10,49,88,60,3713,14750,21543,27574,1,2,2,5,4,2
150600,5870557241,1,1,0,0,0,0,5,4,0,2,2,1,18,20,2,2,16,116,10,49,88,60,3713,14764,21559,27592,1,2,2,5,4,2
150700,5874521524,1,1,0,0,0,0,5,4,0,2,2,1,18,20,2,2,16,116,10,49,88,60,3718,14770,21577,27615,1,2,2,5,4,2
150800,5878462124,1,1,0,0,0,0,5,4,0,2,2,1,18,20,2,2,16,116,10,49,88,60,3722,14781,21591,27632,1,2,2,5,4,2
150900,5882396549,1,1,0,0,0,0,5,4,0,2,2,1,18,20,2,2,16,116,10,49,88,60,3723,14793,21608,27647,1,2,2,5,4,2
151000,5886329630,1,1,0,0,0,0,5,4,0,2,2,1,18,20,2,2,16,116,10,49,88,60,3724,14803,21628,27656,1,2,2,5,4,2
151100,5890263520,1,1,0,0,0,0,5,4,0,2,2,1,18,20,2,2,16,117,10,49,88,60,3728,14810,21652,27674,1,2,2,5,4,2
151200,5894187780,1,1,0,0,0,0,5,4,0,2,2,1,18,20,2,2,16,117,10,49,88,60,3730,14824,21666,27695,1,2,2,5,4,2
151300,5898118722,1,1,0,0,0,0,5,4,0,2,2,1,18,20,2,2,16,117,10,49,88,60,3730,14833,21680,27713,1,2,2,5,4,2
151400,5902050757,1,1,0,0,0,0,5,4,0,2,2,1,18,20,2,2,16,117,10,49,88,60,3733,14840,21693,27729,1,2,2,5,4,2
151500,5905985102,1,1,0,0,0,0,5,4,0,2,2,1,18,20,2,2,16,117,10,49,88,60,3736,14850,21705,27751,1,2,2,5,4,2
151600,5909922762,1,1,0,0,0,0,5,4,0,2,2,1,18,20,2,2,16,118,10,49,88,60,3738,14858,21714,27763,1,2,2,5,4,2
151700,5913871442,1,1,0,0,0,0,5,4,0,2,2,1,18,20,2,2,16,118,10,49,88,60,3739,14867,21723,27785,1,2,2,5,4,2
151800,5917811054,1,1,0,0,0,0,5,4,0,2,2,1,18,20,2,2,16,118,10,49,88,60,3740,14888,21736,27792,1,2,2,5,4,2
151900,5921759155,1,1,0,0,0,0,5,4,0,2,2,1,18,20,2,2,16,118,10,49,88,60,3742,14897,21741,27810,1,2,2,5,4,2
152000,5925718830,1,1,0,0,0,0,5,4,0,2,2,1,18,20,2,2,16,118,10,49,88,60,3744,14912,21748,27831,1,2,2,5,4,2
152100,5929679544,1,1,0,0,0,0,5,4,0,2,2,1,18,20,2,2,16,118,10,49,88,60,3745,14920,21755,27856,1,2,2,5,4,2
152200,5933632431,1,1,0,0,0,0,5,4,0,2,2,1,18,20,2,2,16,118,10,49,88,60,3747,14931,21769,27876,1,2,2,5,4,2
152300,5937598328,1,1,0,0,0,0,5,4,0,2,2,1,18,20,2,2,16,118,10,49,88,60,3748,14943,21781,27897,1,2,2,5,4,2
152400,5941558114,1,1,0,0,0,0,5,4,0,2,2,1,18,20,2,2,16,118,10,49,88,60,3749,14954,21798,27909,1,2,2,5,4,2
152500,5945523626,1,1,0,0,0,0,5,4,0,2,2,1,19,20,2,2,16,118,10,49,88,60,3753,14964,21813,27931,1,2,2,5,4,2
152600,5949484746,1,1,0,0,0,0,5,4,0,2,2,1,19,20,2,2,16,118,10,49,88,61,3755,14971,21833,27947,1,2,2,5,4,2
152700,5953448341,1,1,0,0,0,0,5,4,0,2,2,1,19,20,2,2,16,118,10,49,88,62,3756,14978,21846,27969,1,2,2,5,5,2
152800,5957411201,1,1,0,0,0,0,5,4,0,2,2,1,19,20,2,2,16,118,10,49,88,62,3758,14992,21871,27996,1,2,2,5,5,2
152900,5961363213,1,1,0,0,0,0,5,4,0,2,2,1,19,20,2,2,16,118,10,49,88,62,3761,15001,21885,28014,1,2,2,5,5,2
153000,5965314614,1,1,0,0,0,0,5,4,0,2,2,1,19,20,2,2,16,118,10,49,88,62,3764,15013,21903,28041,1,2,2,5,5,2
153100,5969252530,1,1,0,0,0,0,5,4,0,2,2,1,19,20,2,2,16,118,10,49,88,62,3767,15018,21920,28056,1,2,2,5,5,2
153200,5973199199,1,1,0,0,0,0,5,4,0,2,2,1,19,20,2,2,16,118,10,49,88,62,3768,15028,21936,28079,1,2,2,5,5,2
153300,5977150914,1,1,0,0,0,0,5,4,0,2,2,1,19,20,2,2,16,118,10,49,88,62,3774,15039,21949,28097,1,2,2,5,5,2
153400,5981105968,1,1,0,0,0,0,5,4,0,2,2,1,19,20,2,2,16,118,10,49,88,63,3777,15046,21970,28114,1,2,2,5,5,2
153500,5985060670,1,1,0,0,0,0,5,4,0,2,2,1,19,20,2,2,16,118,10,49,88,63,3777,15056,21987,28126,1,2,2,5,5,2
153600,5989008251,1,1,0,0,0,0,5,4,0,2,2,1,19,20,2,2,16,118,10,49,88,63,3779,15064,22003,28155,1,2,2,5,5,2
153700,5992951607,1,1,0,0,0,0,5,4,0,2,2,1,19,20,2,2,16,118,10,49,88,63,3782,15075,22017,28176,1,2,2,5,5,2
153800,5996892786,1,1,0,0,0,0,5,4,0,2,2,1,19,20,2,2,16,118,10,49,88,63,3785,15089,22032,28192,1,2,2,5,5,2
153900,6000834215,1,1,0,0,0,0,5,4,0,2,2,1,19,20,2,2,16,118,10,49,88,63,3786,15102,22043,28217,1,2,2,5,5,2
154000,6004765643,1,1,0,0,0,0,5,4,0,2,2,1,19,20,2,2,16,118,10,49,88,63,3789,15112,22061,28244,1,2,2,5,5,2
154100,6008700816,1,1,0,0,0,0,5,4,0,2,2,1,19,20,2,2,16,118,10,49,88,63,3792,15119,22071,28256,1,2,2,5,5,2
154200,6012644117,1,1,0,0,0,0,5,4,0,2,2,1,19,20,2,2,16,118,10,49,88,63,3797,15132,22086,28273,1,2,2,5,5,2
154300,6016577446,1,1,0,0,0,0,5,4,0,2,2,1,19,21,2,2,16,119,10,49,88,63,3799,15139,22098,28290,1,2,2,5,5,2
154400,6020510704,1,1,0,0,0,0,5,4,0,2,2,1,19,21,2,2,16,119,10,49,88,63,3803,15150,22112,28310,1,2,2,5,5,2
154500,6024448884,1,1,0,0,0,0,5,4,0,2,2,1,19,21,2,2,16,119,10,49,88,63,3805,15160,22120,28334,1,2,2,5,5,2
154600,6028382863,1,1,0,0,0,0,5,4,0,2,2,1,19,21,2,2,16,119,10,49,88,63,3807,15175,22143,28358,1,2,2,5,5,2
154700,6032315746,1,1,0,0,0,0,5,4,0,2,2,1,19,21,2,2,16,119,10,49,88,63,3810,15182,22160,28376,1,2,2,5,5,2
154800,6036243988,1,1,0,0,0,0,5,4,0,2,2,1,19,21,2,2,16,119,10,49,88,64,3812,15192,22176,28393,1,2,2,5,5,2
154900,6040162598,1,1,0,0,0,0,5,4,0,2,2,1,19,21,2,2,16,119,10,49,88,64,3814,15207,22193,28412,1,2,2,5,5,2
155000,6044086378,1,1,0,0,0,0,5,4,0,2,2,1,19,21,2,2,16,119,10,49,88,64,3814,15216,22206,28439,1,2,2,5,5,2
155100,6048005096,1,1,0,0,0,0,5,4,0,2,2,1,19,21,2,2,16,120,10,49,88,64,3816,15237,22224,28461,1,2,2,5,5,2
155200,6051920576,1,1,0,0,0,0,5,4,0,2,2,1,19,21,2,2,16,120,10,49,88,64,3820,15255,22239,28478,1,2,2,5,5,2
155300,6055832935,1,1,0,0,0,0,5,4,0,2,2,1,19,21,2,2,16,120,10,49,88,64,3823,15264,22256,28496,1,2,2,5,5,2
155400,6059743921,1,1,0,0,0,0,5,4,0,2,2,1,19,21,2,2,16,120,10,49,88,64,3828,15274,22272,28510,1,2,2,5,5,2
155500,6063659028,1,1,0,0,0,0,5,4,0,2,2,1,19,21,2,2,16,120,10,49,88,64,3832,15281,22283,28526,1,2,2,5,5,2
155600,6067578898,1,1,0,0,0,0,5,4,0,2,2,1,19,21,2,2,16,120,10,49,88,64,3834,15296,22300,28545,1,2,2,5,5,2
155700,6071504387,1,1,0,0,0,0,5,4,0,2,2,1,19,21,2,2,16,121,10,49,88,64,3835,15300,22314,28559,1,2,2,5,5,2
155800,6075430666,1,1,0,0,0,0,5,4,0,2,2,1,19,21,2,2,16,121,10,49,88,64,3836,15314,22330,28578,1,2,2,5,5,2
155900,6079367674,1,1,0,0,0,0,5,4,0,2,2,1,19,21,2,2,16,121,10,49,88,64,3841,15321,22344,28596,1,2,2,5,5,2
156000,6083303399,1,1,0,0,0,0,5,4,0,2,2,1,19,21,2,2,16,121,10,49,88,64,3843,15337,22359,28613,1,2,2,5,5,2
156100,6087232408,1,1,0,0,0,0,5,4,0,2,2,1,19,21,2,2,16,121,10,49,88,64,3846,15345,22371,28632,1,2,2,5,5,2
156200,6091153920,1,1,0,0,0,0,5,4,0,2,2,1,19,21,2,2,16,121,10,49,88,64,3856,15354,22383,28659,1,2,2,5,5,2
156300,6095064406,1,1,0,0,0,0,5,4,0,2,2,1,19,21,2,2,16,121,10,49,89,64,3862,15370,22401,28675,1,2,2,5,5,2
156400,6098965595,1,1,0,0,0,0,5,4,0,2,2,1,19,21,2,2,16,121,10,49,89,64,3866,15380,22420,28691,1,2,2,5,5,2
156500,6102866061,1,1,0,0,0,0,5,4,0,2,2,1,19,21,2,2,16,121,10,49,89,64,3868,15389,22433,28716,1,2,2,5,5,2
156600,6106778430,1,1,0,0,0,0,5,4,0,2,2,1,19,21,2,2,16,121,10,49,90,64,3869,15396,22449,28732,1,2,2,5,5,2
156700,6110687387,1,1,0,0,0,0,5,4,0,2,2,1,19,21,2,2,16,121,10,49,90,64,3873,15407,22458,28755,1,2,2,5,5,2
156800,6114605305,1,1,0,0,0,0,5,4,0,2,2,1,19,21,2,2,16,121,10,49,90,64,3875,15419,22475,28766,1,2,2,5,5,2
156900,6118513381,1,1,0,0,0,0,5,4,0,2,2,1,19,21,2,2,16,123,10,49,90,64,3880,15431,22492,28782,1,2,2,5,5,2
157000,6122422455,1,1,0,0,0,0,5,4,0,2,2,1,19,21,2,2,16,123,10,49,90,64,3882,15439,22510,28799,1,2,2,5,5,2
157100,6126328307,1,1,0,0,0,0,5,4,0,2,2,1,19,21,2,2,16,123,10,49,91,64,3883,15448,22527,28816,1,2,2,5,5,2
157200,6130229059,1,1,0,0,0,0,5,4,0,2,2,1,19,22,2,2,16,123,10,49,91,64,3887,15458,22539,28839,1,2,2,5,5,2
157300,6134118790,1,1,0,0,0,0,5,4,0,2,2,1,19,22,2,2,16,123,10,49,91,64,3891,15468,22558,28858,1,2,2,5,5,2
157400,6138016639,1,1,0,0,0,0,5,4,0,2,2,1,19,22,2,2,16,123,10,49,92,64,3895,15474,22573,28871,1,2,2,5,5,2
157500,6141917998,1,1,0,0,0,0,5,4,0,2,2,1,19,22,2,2,16,123,10,49,92,64,3898,15481,22592,28890,1,2,2,5,5,2
157600,6145824809,1,1,0,0,0,0,5,4,0,2,2,1,19,22,2,2,16,123,10,49,92,64,3899,15490,22603,28909,1,2,2,5,5,2
157700,6149734167,1,1,0,0,0,0,5,4,0,2,2,1,19,22,2,2,16,123,10,49,92,64,3900,15499,22622,28935,1,2,2,5,5,2
157800,6153640431,1,1,0,0,0,0,5,4,0,2,2,1,19,22,2,2,16,123,10,49,92,65,3901,15509,22637,28956,1,2,2,5,5,2
157900,6157557174,1,1,0,0,0,0,5,4,0,2,2,1,19,22,2,2,16,123,10,49,92,65,3903,15522,22653,28984,1,2,2,5,5,2
158000,6161472524,1,1,0,0,0,0,5,4,0,2,2,1,19,22,2,2,16,123,10,49,92,65,3905,15536,22670,29002,1,2,2,5,5,2
158100,6165397256,1,1,0,0,0,0,5,4,0,2,2,1,19,22,2,2,16,123,10,49,92,65,3910,15544,22681,29016,1,2,2,5,5,2
158200,6169319454,1,1,0,0,0,0,5,4,0,2,2,1,19,22,2,2,16,123,10,49,92,65,3913,15548,22700,29038,1,2,2,5,5,2
158300,6173236434,1,1,0,0,0,0,5,4,0,2,2,1,19,22,2,2,16,123,10,49,92,65,3915,15557,22714,29062,1,2,2,5,5,2
158400,6177152291,1,1,0,0,0,0,5,4,0,2,2,1,19,22,2,2,16,123,10,49,92,65,3916,15567,22729,29086,1,2,2,5,5,2
158500,6181067659,1,1,0,0,0,0,5,4,0,2,2,1,19,22,2,2,16,123,10,49,92,65,3917,15578,22746,29101,1,2,2,5,5,2
158600,6184980784,1,1,0,0,0,0,5,4,0,2,2,1,19,22,2,2,16,123,10,49,92,65,3922,15590,22757,29124,1,2,2,5,5,2
158700,6188891173,1,1,0,0,0,0,5,4,0,2,2,1,19,22,2,2,16,123,10,49,92,65,3924,15599,22771,29141,1,2,2,5,5,2
158800,6192814877,1,1,0,0,0,0,5,4,0,2,2,1,19,22,2,2,16,123,10,49,92,65,3926,15608,22784,29154,1,2,2,5,5,2
158900,6196745605,1,1,0,0,0,0,5,4,0,2,2,1,19,22,2,2,16,123,10,49,92,65,3927,15620,22797,29175,1,2,2,5,5,2
159000,6200682457,1,1,0,0,0,0,5,4,0,2,2,1,19,22,2,2,16,123,10,49,92,65,3930,15627,22815,29188,1,2,2,5,5,2
159100,6204620008,1,1,0,0,0,0,5,4,0,2,2,1,19,22,2,2,16,123,10,49,92,65,3936,15633,22828,29206,1,2,2,5,5,2
159200,6208556374,1,1,0,0,0,0,5,4,0,2,2,1,19,22,2,2,16,123,10,49,93,65,3939,15645,22833,29224,1,2,2,5,5,2
159300,6212495002,1,1,0,0,0,0,5,4,0,2,2,1,19,22,2,2,16,123,10,49,93,65,3942,15653,22847,29242,1,2,2,5,5,2
159400,6216432846,1,1,0,0,0,0,5,4,0,2,2,1,19,22,2,2,16,123,10,49,93,65,3947,15665,22864,29257,1,2,2,5,5,2
159500,6220368031,1,1,0,0,0,0,5,4,0,2,2,1,19,22,2,2,16,123,10,49,93,65,3951,15676,22879,29271,1,2,2,5,5,2
159600,6224299142,1,1,0,0,0,0,5,4,0,2,2,1,19,22,2,2,16,123,10,49,93,65,3955,15689,22892,29287,1,2,2,5,5,2
159700,6228242546,1,1,0,0,0,0,5,4,0,2,2,1,19,22,2,2,16,123,10,49,94,65,3956,15694,22904,29308,1,2,2,5,5,2
159800,6232179990,1,1,0,0,0,0,5,4,0,2,2,1,19,22,2,2,16,123,10,49,94,65,3957,15704,22925,29327,1,2,2,5,5,2
159900,6236119242,1,1,0,0,0,0,5,4,0,2,2,1,19,22,2,2,16,123,10,49,94,65,3959,15708,22937,29349,1,2,2,5,5,2
160000,6240063137,1,1,0,0,0,0,5,4,0,2,2,1,19,22,2,2,16,123,10,49,94,65,3961,15718,22952,29361,1,2,2,5,5,2
160100,6243996849,1,1,0,0,0,0,5,4,0,2,2,1,19,23,2,2,16,124,10,49,94,65,3962,15730,22967,29393,1,2,2,5,5,2
160200,6247918977,1,1,0,0,0,0,5,4,0,2,2,1,19,23,2,2,16,124,10,49,95,66,3966,15740,22982,29411,1,2,2,5,5,2
160300,6251835162,1,1,0,0,0,0,5,4,0,2,2,1,19,23,2,2,16,124,11,51,95,66,3969,15745,22996,29428,1,2,2,5,5,2
160400,6255746247,1,1,0,0,0,0,5,4,0,2,2,1,19,23,2,2,16,124,11,51,95,66,3971,15753,23010,29451,1,2,2,5,5,2
160500,6259662470,1,1,0,0,0,0,5,4,0,2,2,1,19,23,2,2,16,124,11,51,95,66,3973,15763,23024,29469,1,2,2,5,5,2
160600,6263579908,1,1,0,0,0,0,5,4,0,2,2,1,19,23,2,2,16,124,11,51,95,66,3976,15770,23036,29490,1,2,2,5,5,2
160700,6267486946,1,1,0,0,0,0,5,4,0,2,2,1,19,23,2,2,16,124,11,51,95,67,3978,15776,23056,29506,1,2,2,5,5,2
160800,6271395124,1,1,0,0,0,0,5,4,0,2,2,1,19,23,2,2,16,124,11,51,95,67,3980,15791,23071,29525,1,2,2,5,5,2
160900,6275311735,1,1,0,0,0,0,5,4,0,2,2,1,19,23,2,2,16,124,11,51,95,67,3984,15796,23086,29545,1,2,2,5,5,2
161000,6279232184,1,1,0,0,0,0,5,4,0,2,2,1,19,23,2,2,16,124,11,51,95,67,3984,15808,23100,29573,1,2,2,5,5,2
161100,6283148151,1,1,0,0,0,0,5,4,0,2,2,1,19,23,2,2,16,124,11,51,95,67,3987,15814,23119,29591,1,2,2,5,5,2
161200,6287062759,1,1,0,0,0,0,5,4,0,2,2,1,19,23,2,2,16,124,11,52,95,68,3991,15831,23129,29611,1,2,2,5,5,2
161300,6290980247,1,1,0,0,0,0,5,4,0,2,2,1,19,23,2,2,16,124,11,52,95,68,3991,15840,23148,29627,1,2,2,5,5,2
161400,6294896229,1,1,0,0,0,0,5,4,0,2,2,1,19,23,2,2,16,124,11,52,95,68,3994,15848,23163,29633,1,2,2,5,5,2
161500,6298807312,1,1,0,0,0,0,5,4,0,2,2,1,19,23,2,2,16,124,11,52,95,68,3997,15863,23176,29651,1,2,2,5,5,2
161600,6302708675,1,1,0,0,0,0,5,4,0,2,2,1,19,23,2,2,16,124,11,53,95,68,4000,15871,23192,29667,1,2,2,5,5,2
161700,6306610836,1,1,0,0,0,0,5,4,0,2,2,1,19,23,2,2,16,124,11,53,95,68,4003,15881,23203,29685,1,2,2,5,5,2
161800,6310508658,1,1,0,0,0,0,5,4,0,2,2,1,19,23,2,2,16,124,11,53,95,68,4007,15886,23227,29700,1,2,2,5,5,2
161900,6314405178,1,1,0,0,0,0,5,4,0,2,2,1,19,23,2,2,16,125,11,53,95,68,4007,15891,23235,29722,1,2,2,5,5,2
162000,6318302116,1,1,0,0,0,0,5,4,0,2,2,1,19,23,2,2,16,126,11,53,95,68,4008,15901,23253,29737,1,2,2,5,5,2
162100,6322200914,1,1,0,0,0,0,5,4,0,2,2,1,19,23,2,2,16,126,11,53,95,68,4013,15913,23264,29757,1,2,2,5,5,2
162200,6326099246,1,1,0,0,0,0,5,4,0,2,2,1,19,23,2,2,16,127,11,53,95,68,4015,15928,23274,29777,1,2,2,5,5,2
162300,6329992007,1,1,0,0,0,0,5,4,0,3,2,1,19,23,2,2,16,127,11,53,96,68,4017,15938,23289,29797,1,2,2,5,5,2
162400,6333888284,1,1,0,0,0,0,5,4,0,3,2,1,19,23,2,2,16,127,11,53,96,68,4018,15945,23302,29815,1,2,2,5,5,2
162500,6337799437,1,1,0,0,0,0,5,4,0,3,2,1,19,23,2,2,16,127,11,53,96,68,4021,15955,23315,29831,1,2,2,5,5,2
162600,6341715427,1,1,0,0,0,0,5,4,0,3,2,1,19,23,2,2,16,127,11,53,96,68,4022,15967,23331,29841,1,2,2,5,5,2
162700,6345632284,1,1,0,0,0,0,5,4,0,3,2,1,19,23,2,2,16,128,11,53,96,68,4025,15982,23339,29865,1,2,2,5,5,2
162800,6349548893,1,1,0,0,0,0,5,4,0,3,2,1,19,23,2,2,16,128,11,53,96,68,4025,15992,23349,29888,1,2,2,5,5,2
162900,6353461807,1,1,0,0,0,0,5,4,0,3,2,1,19,23,2,2,16,128,11,53,96,68,4027,16006,23365,29915,1,2,2,5,5,2
163000,6357376578,1,1,0,0,0,0,5,4,0,3,2,1,19,23,2,2,16,128,11,53,96,68,4029,16010,23379,29930,1,2,2,5,5,2
163100,6361290664,1,1,0,0,0,0,5,4,0,3,2,1,19,23,2,2,16,128,11,53,96,68,4034,16025,23399,29947,1,2,2,5,5,2
163200,6365204597,1,1,0,0,0,0,5,4,0,3,2,1,19,23,2,2,16,128,11,53,96,68,4034,16031,23409,29965,1,2,2,5,5,2
163300,6369135480,1,1,0,0,0,0,5,4,0,3,2,1,19,23,2,2,16,128,11,53,96,68,4037,16038,23422,29985,1,2,2,5,5,2
163400,6373070586,1,1,0,0,0,0,5,4,0,3,2,1,19,23,2,2,16,128,11,53,96,68,4040,16046,23435,30004,1,2,2,5,5,2
163500,6377007257,1,1,0,0,0,0,5,4,0,3,2,1,19,23,2,2,16,128,11,53,96,68,4044,16054,23448,30024,1,2,2,5,5,2
163600,6380935418,1,1,0,0,0,0,5,4,0,3,2,1,19,23,2,2,16,128,11,53,96,68,4050,16062,23468,30041,1,2,2,5,5,2
163700,6384856792,1,1,0,0,0,0,5,4,0,3,2,1,19,23,2,2,16,128,11,53,97,68,4053,16070,23481,30054,1,2,2,5,5,2
163800,6388784198,1,1,0,0,0,0,5,4,0,3,2,1,19,23,2,2,16,128,11,53,97,68,4056,16080,23489,30070,1,2,2,5,5,2
163900,6392712713,1,1,0,0,0,0,5,4,0,3,2,1,19,23,2,2,16,128,11,53,98,68,4057,16093,23501,30091,1,2,2,5,5,2
164000,6396641883,1,1,0,0,0,0,5,4,0,3,2,1,19,23,2,2,16,128,11,53,98,68,4062,16101,23514,30105,1,2,2,5,5,2
164100,6400574215,1,1,0,0,0,0,5,4,0,3,2,1,19,23,2,2,16,128,11,53,98,68,4066,16116,23527,30119,1,2,2,5,5,2
164200,6404509051,1,1,0,0,0,0,5,4,0,3,2,1,19,23,2,2,16,128,11,53,98,68,4068,16125,23538,30146,1,2,2,5,5,2
164300,6408433308,1,1,0,0,0,0,5,4,0,3,2,1,19,23,2,2,16,128,11,53,98,68,4070,16139,23558,30164,1,2,2,5,5,2
164400,6412351330,1,1,0,0,0,0,5,4,0,3,2,1,19,23,2,2,16,128,11,53,98,68,4072,16147,23577,30178,1,2,2,5,5,2
164500,6416277058,1,1,0,0,0,0,5,4,0,3,2,1,19,23,2,2,16,128,11,53,98,69,4074,16160,23591,30193,1,2,2,5,5,2
164600,6420217463,1,1,0,0,0,0,5,4,0,3,2,1,19,23,2,2,16,128,11,53,98,69,4075,16164,23609,30205,1,2,2,5,5,2
164700,6424172110,1,1,0,0,0,0,5,4,0,3,2,1,19,23,2,2,16,128,11,53,98,69,4078,16172,23624,30222,1,2,2,5,5,2
164800,6428119471,1,1,0,0,0,0,5,4,0,3,2,1,19,23,2,2,16,128,11,53,99,69,4081,16190,23643,30233,1,2,2,5,5,2
164900,6432061220,1,1,0,0,0,0,5,4,0,3,2,1,19,23,2,2,16,128,11,53,99,70,4083,16204,23656,30257,1,2,2,5,5,2
165000,6436006766,1,1,0,0,0,0,5,4,0,3,2,1,19,23,2,2,16,128,11,53,99,70,4088,16208,23673,30277,1,2,2,5,5,2
165100,6439957135,1,1,0,0,0,0,5,4,0,3,2,1,19,23,2,2,16,128,11,53,99,70,4089,16216,23687,30296,1,2,2,5,5,2
165200,6443916155,1,1,0,0,0,0,5,4,0,3,2,1,19,23,2,2,16,129,11,53,100,70,4092,16224,23701,30308,1,2,2,5,5,2
165300,6447886665,1,1,0,0,0,0,5,4,0,3,2,1,19,24,2,2,16,129,11,53,100,70,4093,16237,23711,30323,1,2,2,5,5,2
165400,6451867703,1,1,0,0,0,0,5,4,0,3,2,1,19,24,2,2,16,129,11,53,100,70,4094,16248,23723,30339,1,2,2,5,5,2
165500,6455834750,1,1,0,0,0,0,5,4,0,3,2,1,19,24,2,2,16,129,11,53,100,70,4094,16261,23743,30363,1,2,2,5,5,2
165600,6459801395,1,1,0,0,0,0,5,4,0,3,2,1,19,24,2,2,16,129,11,53,100,70,4095,16270,23759,30382,1,2,2,5,5,2
165700,6463764573,1,1,0,0,0,0,5,4,0,3,2,1,19,24,2,2,16,129,11,54,100,70,4098,16280,23775,30409,1,2,2,5,5,2
165800,6467720437,1,1,0,0,0,0,5,4,0,3,2,1,19,24,2,2,16,129,11,54,100,70,4101,16296,23790,30423,1,2,2,5,5,2
165900,6471665993,1,1,0,0,0,0,5,4,0,3,2,1,19,24,2,2,16,129,11,54,100,70,4101,16310,23816,30445,1,2,2,5,5,2
166000,6475615389,1,1,0,0,0,0,5,4,0,3,2,1,19,24,2,2,16,129,11,54,100,70,4103,16315,23826,30459,1,2,2,5,5,2
166100,6479558728,1,1,0,0,0,0,5,4,0,3,2,1,19,24,2,2,16,129,11,54,100,70,4107,16323,23843,30479,1,2,2,5,5,2
166200,6483505578,1,1,0,0,0,0,5,4,0,3,2,1,19,24,2,2,16,130,11,54,100,70,4109,16331,23870,30497,1,2,2,5,5,2
166300,6487444948,1,1,0,0,0,0,5,4,0,3,2,1,19,24,2,2,16,131,11,54,100,70,4111,16343,23882,30514,1,2,2,5,5,2
166400,6491389433,1,1,0,0,0,0,5,4,0,3,2,1,19,24,2,2,16,131,11,54,100,70,4111,16353,23898,30534,1,2,2,5,5,2
166500,6495332870,1,1,0,0,0,0,5,4,0,3,2,1,19,24,2,2,16,131,11,54,100,70,4113,16365,23911,30549,1,2,2,5,5,2
166600,6499264010,1,1,0,0,0,0,5,4,0,3,2,1,19,24,2,2,16,131,11,54,100,70,4116,16377,23926,30570,1,2,2,5,5,2
166700,6503191348,1,1,0,0,0,0,5,4,0,3,2,1,19,24,2,2,16,132,11,54,100,70,4117,16391,23936,30592,1,2,2,5,5,2
166800,6507119504,1,1,0,0,0,0,5,4,0,3,2,1,19,24,2,2,16,132,11,54,100,71,4118,16409,23950,30608,1,2,2,5,5,2
166900,6511029280,1,1,0,0,0,0,5,4,0,3,2,1,19,24,2,2,16,132,11,54,100,71,4120,16419,23976,30628,1,2,2,5,5,2
167000,6514938405,1,1,0,0,0,0,5,4,0,3,2,1,19,24,2,2,16,132,11,54,101,71,4122,16427,23992,30646,1,2,2,5,5,2
167100,6518837961,1,1,0,0,0,0,5,4,0,3,2,1,19,24,2,2,16,132,11,54,101,71,4123,16434,24006,30677,1,2,2,5,5,2
167200,6522740709,1,1,0,0,0,0,5,4,0,3,2,1,19,24,2,2,16,132,11,54,101,71,4126,16440,24024,30700,1,2,2,5,5,2
167300,6526642167,1,1,0,0,0,0,5,4,0,3,2,1,19,24,2,2,16,132,11,54,101,71,4128,16451,24039,30721,1,2,2,5,5,2
167400,6530545235,1,1,0,0,0,0,5,4,0,3,2,1,19,24,2,2,16,132,11,54,101,71,4130,16463,24054,30738,1,2,2,5,5,2
167500,6534454063,1,1,0,0,0,0,5,4,0,3,2,1,19,24,2,2,16,132,11,54,101,71,4132,16470,24069,30751,1,2,2,5,5,2
167600,6538367470,1,1,0,0,0,0,5,4,0,3,2,1,19,24,2,2,16,132,11,54,101,71,4132,16481,24079,30767,1,2,2,5,5,2
167700,6542281862,1,1,0,0,0,0,5,4,0,3,2,1,19,24,2,2,16,132,11,54,101,71,4133,16492,24092,30785,1,2,2,5,5,2
167800,6546197147,1,1,0,0,0,0,5,4,0,3,2,1,20,24,2,2,16,132,11,54,101,71,4135,16509,24102,30799,1,2,2,5,5,2
167900,6550115265,1,1,0,0,0,0,5,4,0,3,2,1,20,24,2,2,16,132,11,54,102,71,4137,16521,24116,30816,1,2,2,5,5,2
168000,6554043473,1,1,0,0,0,0,5,4,0,3,2,1,20,24,2,2,16,132,11,54,102,71,4141,16530,24127,30830,1,2,2,5,5,2
168100,6557972310,1,1,0,0,0,0,5,4,0,3,2,1,20,24,2,2,16,132,11,54,102,71,4143,16540,24143,30849,1,2,2,5,5,2
168200,6561905979,1,1,0,0,0,0,5,4,0,3,2,1,20,24,2,2,16,132,11,54,102,71,4144,16548,24154,30874,1,2,2,5,5,2
168300,6565840822,1,1,0,0,0,0,5,4,0,3,2,1,20,24,2,2,16,132,11,54,102,71,4144,16560,24163,30898,1,2,2,5,6,2
168400,6569773367,1,1,0,0,0,0,5,4,0,3,2,1,20,24,2,2,16,132,11,54,102,71,4146,16565,24175,30922,1,2,2,5,6,2
168500,6573698510,1,1,0,0,0,0,5,4,0,3,2,1,20,24,2,2,16,132,11,54,102,71,4152,16574,24184,30948,1,2,2,5,6,2
168600,6577632812,1,1,0,0,0,0,5,4,0,3,2,1,20,24,2,2,16,132,11,54,102,71,4153,16585,24202,30965,1,2,2,5,6,2
168700,6581570499,1,1,0,0,0,0,5,4,0,3,2,1,20,24,2,2,16,132,11,54,102,71,4161,16591,24218,30987,1,2,2,6,6,2
168800,6585511843,1,1,0,0,0,0,5,4,0,3,2,1,20,24,2,2,16,132,11,54,102,71,4162,16609,24228,30996,1,2,2,6,6,2
168900,6589461520,1,1,0,0,0,0,5,4,0,3,2,1,20,24,2,2,16,132,11,54,102,71,4165,16620,24239,31017,1,2,2,6,6,2
169000,6593413783,1,1,0,0,0,0,5,4,0,3,2,1,20,24,2,2,16,132,11,54,102,71,4167,16626,24256,31039,1,2,2,6,6,2
169100,6597367056,1,1,0,0,0,0,5,4,0,3,2,1,20,24,2,2,16,132,11,54,103,71,4168,16637,24269,31049,1,2,2,6,6,2
169200,6601319564,1,1,0,0,0,0,5,4,0,3,2,1,20,24,2,2,16,132,11,54,103,71,4173,16642,24285,31075,1,2,2,6,6,2
169300,6605255854,1,1,0,0,0,0,5,4,0,3,2,1,20,24,2,2,16,132,11,54,103,71,4174,16658,24295,31107,1,2,2,6,6,2
169400,6609187870,1,1,0,0,0,0,5,4,0,3,2,1,20,24,2,2,16,132,11,54,103,71,4177,16663,24310,31132,1,2,2,6,6,2
169500,6613115958,1,1,0,0,0,0,5,4,0,3,2,1,20,24,2,2,16,132,11,54,103,71,4181,16674,24323,31147,1,2,2,6,6,2
169600,6617053136,1,1,0,0,0,0,5,4,0,3,2,1,20,24,2,2,16,132,11,54,103,71,4183,16682,24341,31165,1,2,2,6,6,2
169700,6620997660,1,1,0,0,0,0,5,4,0,3,2,1,20,24,2,2,16,132,11,54,103,71,4187,16693,24352,31188,1,2,2,6,6,2
169800,6624949894,1,1,0,0,0,0,5,4,0,3,2,1,20,24,2,2,16,132,11,54,103,71,4191,16705,24364,31208,1,2,2,6,6,2
169900,6628895959,1,1,0,0,0,0,5,4,0,3,2,1,20,24,2,2,16,132,11,54,103,71,4195,16717,24382,31240,1,2,2,6,6,2
170000,6632843475,1,1,0,0,0,0,5,4,0,3,2,1,20,24,2,2,16,132,11,54,103,71,4197,16727,24394,31262,1,2,2,6,6,2
170100,6636784063,1,1,0,0,0,0,5,4,0,3,2,1,20,24,2,2,16,132,11,56,103,71,4201,16733,24406,31291,1,2,2,6,6,2
170200,6640716015,1,1,0,0,0,0,5,4,0,3,2,1,20,24,2,2,16,132,11,56,103,71,4202,16747,24419,31310,1,2,2,6,6,2
170300,6644654585,1,1,0,0,0,0,5,4,0,3,2,1,20,24,2,2,16,132,11,57,103,71,4208,16755,24439,31333,1,2,2,6,6,2
170400,6648593869,1,1,0,0,0,0,5,4,0,3,2,1,20,24,2,2,16,132,11,57,103,71,4212,16766,24449,31353,1,2,2,6,6,2
170500,6652533424,1,1,0,0,0,0,5,4,0,3,2,1,20,24,2,2,16,132,11,57,103,71,4217,16784,24461,31375,1,2,2,6,6,2
170600,6656459311,1,1,0,0,0,0,5,4,0,3,2,1,20,24,2,2,16,132,11,57,103,71,4221,16795,24472,31403,1,2,2,6,6,2
170700,6660384995,1,1,0,0,0,0,5,4,0,3,2,1,20,24,2,2,16,132,11,57,103,71,4225,16800,24484,31422,1,2,2,6,6,2
170800,6664309376,1,1,0,0,0,0,5,4,0,3,2,1,20,24,2,2,16,132,11,57,103,71,4226,16810,24505,31436,1,2,2,6,6,2
170900,6668227601,1,1,0,0,0,0,5,4,0,3,2,1,20,24,2,2,16,132,11,57,103,71,4228,16817,24521,31455,1,2,2,6,6,2
171000,6672152556,1,1,0,0,0,0,5,4,0,3,2,1,20,24,2,2,16,132,11,57,103,71,4229,16829,24544,31464,1,2,2,6,6,2
171100,6676082014,1,1,0,0,0,0,5,4,0,3,2,1,20,24,2,2,16,132,11,57,103,71,4232,16837,24555,31486,1,2,2,6,6,2
171200,6680016244,1,1,0,0,0,0,5,4,0,3,2,1,20,24,2,2,16,132,11,57,103,71,4235,16853,24574,31497,1,2,2,6,6,2
171300,6683952816,1,1,0,0,0,0,5,4,0,3,2,1,20,24,2,2,16,132,11,57,103,71,4239,16864,24592,31519,1,2,2,6,6,2
171400,6687890263,1,1,0,0,0,0,5,4,0,3,2,1,20,24,2,2,16,133,11,58,103,71,4239,16869,24602,31540,1,2,2,6,6,2
171500,6691836669,1,1,0,0,0,0,5,4,0,3,2,1,20,24,2,2,16,133,11,58,103,71,4244,16878,24616,31555,1,2,2,6,6,2
171600,6695788929,1,1,0,0,0,0,5,4,0,3,2,1,20,24,2,2,16,133,12,58,103,71,4248,16886,24627,31576,1,2,2,6,6,2
171700,6699735681,1,1,0,0,0,0,5,4,0,3,2,1,20,24,2,2,16,133,12,58,103,71,4252,16894,24643,31602,1,2,2,6,6,2
171800,6703683170,1,1,0,0,0,0,5,4,0,3,2,1,20,24,2,2,16,133,12,58,103,71,4253,16904,24650,31621,1,2,2,6,6,2
171900,6707630917,1,1,0,0,0,0,5,4,0,3,2,1,20,24,2,2,16,133,12,58,103,71,4256,16913,24669,31642,1,2,2,6,6,2
172000,6711566699,1,1,0,0,0,0,5,4,0,3,2,1,20,24,2,2,16,133,12,58,103,71,4261,16925,24688,31661,1,2,2,6,6,2
172100,6715505967,1,1,0,0,0,0,5,4,0,3,2,1,20,24,2,2,16,133,12,58,103,71,4262,16937,24697,31676,1,2,2,6,6,2
172200,6719443917,1,1,0,0,0,0,5,4,0,3,2,1,20,24,2,2,16,133,12,58,103,71,4265,16945,24712,31689,1,2,2,6,6,2
172300,6723373611,1,1,0,0,0,0,5,4,0,3,2,1,20,24,2,2,16,133,13,58,103,71,4267,16955,24723,31706,1,2,2,6,6,2
172400,6727319661,1,1,0,0,0,0,5,4,0,3,2,1,21,24,2,2,16,133,13,58,103,71,4268,16967,24739,31720,1,2,2,6,6,2
172500,6731280888,1,1,0,0,0,0,5,4,0,3,2,1,21,24,2,2,16,133,13,58,103,71,4270,16976,24748,31731,1,2,2,6,6,2
172600,6735251095,1,1,0,0,0,0,5,4,0,3,2,1,21,24,2,2,16,133,13,58,103,71,4271,16982,24762,31743,1,2,2,6,6,2
172700,6739229933,1,1,0,0,0,0,5,4,0,3,2,1,21,24,2,2,16,133,13,58,103,71,4273,16987,24773,31759,1,2,2,6,6,2
172800,6743210172,1,1,0,0,0,0,5,4,0,3,2,1,21,24,2,2,16,133,13,58,103,71,4277,17001,24790,31776,1,2,2,6,6,2
172900,6747201791,1,1,0,0,0,0,5,4,0,3,2,1,21,24,2,2,16,133,13,58,103,71,4279,17013,24800,31794,1,2,2,6,6,2
173000,6751184469,1,1,0,0,0,0,5,4,0,3,2,1,21,24,2,2,16,133,13,58,103,71,4285,17031,24814,31816,1,2,2,6,6,2
173100,6755162297,1,1,0,0,0,0,5,4,0,3,2,1,21,24,2,2,16,135,13,58,103,71,4286,17040,24829,31832,1,2,2,6,6,2
173200,6759129990,1,1,0,0,0,0,5,4,0,3,2,1,21,24,2,2,16,135,13,58,103,71,4290,17050,24847,31847,1,2,2,6,6,2
173300,6763092578,1,1,0,0,0,0,5,4,0,3,2,1,21,24,2,2,16,136,13,58,103,71,4292,17063,24861,31867,1,2,2,6,6,2
173400,6767055954,1,1,0,0,0,0,5,4,0,3,2,1,21,24,2,2,16,136,13,58,103,71,4294,17067,24874,31897,1,2,2,6,6,2
173500,6771012071,1,1,0,0,0,0,5,4,0,3,2,1,21,24,2,2,16,136,13,58,103,71,4297,17073,24891,31920,1,2,2,6,6,2
173600,6774962823,1,1,0,0,0,0,5,4,0,3,2,1,21,24,2,2,16,136,13,58,103,71,4299,17083,24905,31938,1,2,2,6,6,2
173700,6778910722,1,1,0,0,0,0,5,4,0,3,2,1,21,24,2,2,16,137,13,58,103,71,4300,17093,24912,31955,1,2,2,6,6,2
173800,6782874624,1,1,0,0,0,0,5,4,0,3,2,1,21,24,2,2,16,137,13,58,103,71,4302,17097,24920,31966,1,2,2,6,6,2
173900,6786848594,1,1,0,0,0,0,5,4,0,3,2,1,21,24,2,2,16,137,13,58,103,71,4304,17109,24934,31984,1,2,2,6,6,2
174000,6790818363,1,1,0,0,0,0,5,4,0,3,2,1,21,24,2,2,16,137,13,58,103,71,4307,17125,24943,32007,1,2,2,6,6,2
174100,6794777695,1,1,0,0,0,0,5,4,0,3,2,1,21,24,2,2,16,137,13,58,104,71,4310,17134,24958,32025,1,2,2,6,6,2
174200,6798745593,1,1,0,0,0,0,5,4,0,3,2,1,21,24,2,2,16,137,13,58,105,71,4313,17141,24979,32039,1,2,2,6,6,2
174300,6802706944,1,1,0,0,0,0,5,4,0,3,2,1,21,24,2,2,16,137,13,58,106,71,4314,17150,24986,32061,1,2,2,6,6,2
174400,6806676217,1,1,0,0,0,0,5,4,0,3,2,1,21,24,2,2,16,137,13,58,106,71,4315,17157,25003,32080,1,2,2,6,6,2
174500,6810647320,1,1,0,0,0,0,5,4,0,3,2,1,21,24,2,2,16,138,13,59,106,71,4318,17167,25017,32095,1,2,2,6,6,2
174600,6814620343,1,1,0,0,0,0,5,4,0,3,2,1,21,24,2,2,16,138,13,59,106,71,4319,17176,25022,32115,1,2,2,6,6,2
174700,6818591123,1,1,0,0,0,0,5,4,0,3,2,1,21,24,2,2,16,138,13,59,106,71,4321,17190,25038,32135,1,2,2,6,6,2
174800,6822557045,1,1,0,0,0,0,5,4,0,3,2,1,21,24,2,2,16,138,13,59,106,71,4324,17200,25052,32155,1,2,2,6,6,2
174900,6826516837,1,1,0,0,0,0,5,4,0,3,2,1,21,24,2,2,16,138,13,59,106,71,4326,17209,25070,32172,1,2,2,6,6,2
175000,6830470650,1,1,0,0,0,0,5,4,0,3,2,1,21,24,2,2,16,138,13,59,106,71,4329,17220,25082,32195,1,2,2,6,6,2
175100,6834424763,1,1,0,0,0,0,5,4,0,3,2,1,21,24,2,2,16,138,13,59,106,71,4329,17234,25093,32210,1,2,2,6,6,2
175200,6838380417,1,1,0,0,0,0,5,4,0,3,2,1,21,24,2,2,16,138,13,59,106,71,4330,17243,25109,32227,1,2,2,6,6,2
175300,6842334966,1,1,0,0,0,0,5,4,0,3,2,1,21,24,2,2,16,138,13,59,106,71,4332,17255,25136,32241,1,2,2,6,6,2
175400,6846285787,1,1,0,0,0,0,5,4,0,3,2,1,21,24,2,2,16,138,13,59,106,71,4333,17268,25156,32258,1,2,2,6,6,2
175500,6850240562,1,1,0,0,0,0,5,4,0,3,2,1,21,24,2,2,17,138,13,59,106,71,4334,17277,25166,32278,1,2,2,6,6,2
175600,6854187992,1,1,0,0,0,0,5,4,0,3,2,1,21,24,2,2,17,138,13,59,106,71,4339,17293,25186,32295,1,2,2,6,6,2
175700,6858125476,1,2,0,0,0,0,5,4,0,3,2,1,21,24,2,2,17,138,13,59,106,71,4342,17300,25205,32304,1,2,2,6,6,2
175800,6862066702,1,2,0,0,0,0,5,4,0,3,2,1,21,24,2,2,17,138,13,59,106,71,4347,17309,25214,32321,1,2,2,6,6,2
175900,6866014662,1,2,0,0,0,0,5,4,0,3,2,1,21,24,2,2,18,138,13,59,106,71,4349,17317,25229,32345,1,2,2,6,6,2
176000,6869965227,1,2,0,0,0,0,5,4,0,3,2,1,21,24,2,2,18,138,13,59,106,71,4351,17319,25248,32365,1,2,2,6,6,2
176100,6873918752,1,2,0,0,0,0,5,4,0,3,2,1,21,24,2,2,18,138,13,59,106,71,4356,17328,25259,32382,1,2,2,6,6,2
176200,6877876991,1,2,0,0,0,0,5,4,0,3,2,1,21,24,2,2,18,138,13,59,106,71,4360,17333,25277,32403,1,2,2,6,6,2
176300,6881826358,1,2,0,0,0,0,5,4,0,3,2,1,21,24,2,2,18,139,13,59,106,71,4364,17346,25297,32426,1,2,2,6,6,2
176400,6885767419,1,2,0,0,0,0,5,4,0,3,2,1,21,24,2,2,18,139,13,59,106,71,4366,17361,25310,32451,1,2,2,6,6,2
176500,6889709950,1,2,0,0,0,0,5,4,0,3,2,1,21,24,2,2,18,139,13,59,106,71,4369,17378,25328,32473,1,2,2,6,6,2
176600,6893643553,1,2,0,0,0,0,5,4,0,3,2,1,21,24,2,2,18,139,13,59,106,71,4371,17386,25342,32489,1,2,2,6,6,2
176700,6897579398,1,2,0,0,0,0,5,4,0,3,2,1,21,24,2,2,19,139,13,59,106,71,4374,17403,25353,32506,1,2,2,6,6,2
176800,6901516429,1,2,0,0,0,0,5,4,0,3,2,1,21,24,2,2,19,140,13,59,106,71,4377,17413,25368,32534,1,2,2,6,6,2
176900,6905444577,1,2,0,0,0,0,5,4,0,3,2,1,21,24,2,2,19,140,13,59,106,71,4381,17427,25385,32547,1,2,2,6,6,2
177000,6909379137,1,2,0,0,0,0,5,4,0,3,2,1,21,24,2,2,19,140,13,59,106,71,4381,17433,25398,32568,1,2,2,6,6,2
177100,6913319862,1,2,0,0,0,0,5,4,0,3,2,1,21,24,2,2,19,140,13,59,106,71,4383,17441,25410,32585,1,2,2,6,6,2
177200,6917269394,1,2,0,0,0,0,5,4,0,3,2,1,21,24,2,2,19,140,13,59,106,71,4386,17449,25427,32597,1,2,2,6,6,2
177300,6921212209,1,2,0,0,0,0,5,4,0,3,2,1,21,24,2,2,19,140,13,59,106,71,4389,17452,25442,32617,1,2,2,6,6,2
177400,6925150991,1,2,0,0,0,0,5,4,0,3,2,1,21,24,2,2,19,140,13,59,106,71,4391,17463,25459,32636,1,2,2,6,6,2
177500,6929087089,1,2,0,0,0,0,5,4,0,3,2,1,21,24,2,2,19,140,13,59,106,71,4394,17470,25472,32654,1,2,2,6,6,2
177600,6933025993,1,2,0,0,0,0,5,4,0,3,2,1,21,24,2,2,19,140,13,59,106,71,4395,17478,25490,32672,1,2,2,6,6,2
177700,6936972126,1,2,0,0,0,0,5,4,0,3,2,1,21,24,2,2,19,140,13,59,106,71,4397,17487,25506,32695,1,2,2,6,6,2
177800,6940917927,1,2,0,0,0,0,5,4,0,3,2,1,21,24,2,2,19,140,13,59,106,71,4402,17503,25522,32713,1,2,2,6,6,2
177900,6944869693,1,2,0,0,0,0,5,4,0,3,2,1,21,24,2,2,19,140,13,59,106,71,4408,17512,25540,32734,1,2,2,6,6,2
178000,6948829750,1,2,0,0,0,0,5,4,0,3,2,1,21,24,2,2,19,140,13,60,106,71,4411,17525,25562,32762,1,2,2,6,6,2
178100,6952802679,1,2,0,0,0,0,5,4,0,3,2,1,21,24,2,2,19,140,13,60,106,71,4413,17538,25575,32782,1,2,2,6,6,2
178200,6956776649,1,2,0,0,0,0,5,4,0,3,2,1,21,24,2,2,19,140,13,60,106,71,4416,17545,25597,32802,1,2,2,6,6,2
178300,6960737877,1,2,0,0,0,0,5,4,0,3,2,1,22,24,2,2,19,141,13,60,106,71,4419,17555,25608,32829,1,2,2,6,6,2
178400,6964691692,1,2,0,0,0,0,5,4,0,3,2,1,22,24,2,2,19,141,13,60,106,71,4421,17565,25623,32848,1,2,2,6,6,2
178500,6968637573,1,2,0,0,0,0,5,4,0,3,2,1,22,24,2,2,19,141,13,60,106,71,4424,17576,25643,32869,1,2,2,6,6,2
178600,6972581063,1,2,0,0,0,0,5,4,0,3,2,1,22,24,2,2,19,141,13,60,106,71,4425,17584,25654,32890,1,2,2,6,6,2
178700,6976527015,1,2,0,0,0,0,5,4,0,3,2,1,22,24,2,2,19,141,13,60,106,71,4426,17591,25668,32907,1,2,2,6,6,2
178800,6980467361,1,2,0,0,0,0,5,4,0,3,2,1,22,24,2,2,19,141,13,60,106,71,4427,17607,25685,32922,1,2,2,6,6,2
178900,6984415237,1,2,0,0,0,0,5,4,0,3,2,1,22,24,2,2,19,141,13,60,106,72,4429,17620,25697,32938,1,2,2,6,6,2
179000,6988360950,1,2,0,0,0,0,5,4,0,3,2,1,22,24,2,2,19,141,13,60,107,72,4431,17630,25710,32952,1,2,2,6,6,2
179100,6992315981,1,2,0,0,0,0,5,4,0,3,2,1,22,24,2,2,19,141,13,60,107,72,4432,17642,25732,32968,1,2,2,6,6,2
179200,6996271290,1,2,0,0,0,0,5,4,0,3,2,1,22,25,2,2,19,141,13,60,107,73,4433,17654,25747,32984,1,2,2,6,6,2
179300,7000219044,1,2,0,0,0,0,5,4,0,3,2,1,22,25,2,2,19,141,13,60,107,73,4435,17666,25766,33002,1,2,2,6,6,2
179400,7004153447,1,2,0,0,0,0,5,4,0,3,2,1,23,25,2,2,19,141,13,60,107,73,4437,17678,25779,33028,1,2,2,6,6,2
179500,7008083920,1,2,0,0,0,0,5,4,0,3,2,1,23,25,2,2,19,141,13,60,107,74,4437,17686,25789,33046,1,2,2,6,6,2
179600,7012010333,1,2,0,0,0,0,5,4,0,3,2,1,23,25,2,2,19,141,13,60,107,74,4440,17692,25806,33065,1,2,2,6,6,2
179700,7015941073,1,2,0,0,0,0,5,4,0,3,2,1,23,25,2,2,19,141,13,60,107,74,4442,17702,25826,33086,1,2,2,6,6,2
179800,7019873646,1,2,0,0,0,0,5,4,0,3,2,1,23,25,2,2,19,141,13,60,107,74,4447,17707,25845,33098,1,2,2,6,6,2
179900,7023803428,1,2,0,0,0,0,5,4,0,3,2,1,23,25,2,2,19,141,13,60,107,74,4450,17718,25861,33126,1,2,2,6,6,2
180000,7027728256,1,2,0,0,0,0,5,4,0,3,2,1,23,25,2,2,19,141,13,60,108,74,4454,17735,25870,33139,1,2,2,6,6,2
180100,7031649053,1,2,0,0,0,0,5,4,0,3,2,1,23,25,2,2,19,141,13,60,108,74,4457,17744,25887,33157,1,2,2,6,6,2
180200,7035572958,1,2,0,0,0,0,5,4,0,3,2,1,23,25,2,2,19,141,13,60,108,74,4457,17753,25902,33182,1,2,2,6,6,2
180300,7039493506,1,2,0,0,0,0,5,4,0,3,2,1,23,25,3,2,19,141,13,60,108,74,4460,17770,25911,33203,1,2,2,6,6,2
180400,7043418916,1,2,0,0,0,0,5,4,0,3,2,1,23,25,3,2,19,141,13,60,108,74,4462,17780,25924,33224,1,2,2,6,6,2
180500,7047347763,1,2,0,0,0,0,5,4,0,3,2,1,23,25,3,2,19,141,13,60,109,74,4463,17790,25937,33242,1,2,2,6,6,2
180600,7051282196,1,2,0,0,0,0,5,4,0,3,2,1,23,25,3,2,19,142,13,60,109,74,4466,17796,25952,33265,1,2,2,6,6,2
180700,7055216820,1,2,0,0,0,0,5,4,0,3,2,1,23,25,3,2,19,142,13,60,109,74,4468,17806,25968,33283,1,2,2,6,6,2
180800,7059144138,1,2,0,0,0,0,5,4,0,3,2,1,23,25,3,2,19,142,13,60,109,74,4470,17815,25986,33305,1,2,2,6,6,2
180900,7063068607,1,2,0,0,0,0,5,4,0,3,2,1,23,25,3,2,19,142,13,60,109,74,4473,17834,25999,33327,1,2,2,6,6,2
181000,7066982671,1,2,0,0,0,0,5,4,0,3,2,1,23,25,3,2,19,142,13,60,109,74,4479,17847,26010,33353,1,2,2,6,6,2
181100,7070894784,1,2,0,0,0,0,5,4,0,3,2,1,23,26,3,2,19,142,13,60,109,74,4481,17853,26023,33367,1,2,2,6,6,2
181200,7074811113,1,2,0,0,0,0,5,4,0,3,2,1,23,26,3,2,19,142,13,60,109,74,4481,17863,26034,33385,1,2,2,6,6,2
181300,7078742496,1,2,0,0,0,0,5,4,0,3,2,1,23,26,3,2,19,143,13,60,109,74,4482,17872,26046,33401,1,2,2,6,6,2
181400,7082676161,1,2,0,0,0,0,5,4,0,3,2,1,23,26,3,2,19,143,13,60,109,74,4486,17879,26062,33419,1,2,2,6,6,2
181500,7086622425,1,2,0,0,0,0,5,4,0,3,2,1,23,26,3,2,19,143,13,60,110,74,4489,17888,26079,33433,1,2,2,6,6,2
181600,7090564477,1,2,0,0,0,0,5,4,0,3,2,1,23,26,3,2,19,143,13,60,111,74,4492,17899,26095,33457,1,2,2,6,6,2
181700,7094508780,1,2,0,0,0,0,5,4,0,3,2,1,23,26,3,2,19,143,13,60,111,74,4495,17908,26104,33473,1,2,2,6,6,2
181800,7098458870,1,2,0,0,0,0,5,4,0,3,2,1,23,26,3,2,19,143,13,60,111,74,4495,17921,26122,33495,1,2,2,6,6,2
181900,7102397653,1,2,0,0,0,0,5,4,0,3,2,1,23,26,3,2,19,144,13,60,111,74,4497,17926,26138,33515,1,2,2,6,6,2
182000,7106346217,1,2,0,0,0,0,5,4,0,3,2,1,23,26,3,2,19,144,13,60,111,74,4499,17936,26155,33529,1,2,2,6,6,2
182100,7110294776,1,2,0,0,0,0,5,4,0,3,2,1,23,26,3,2,19,144,13,60,111,74,4500,17948,26168,33556,1,2,2,6,6,2
182200,7114242216,1,2,0,0,0,0,5,4,0,3,2,1,23,26,3,2,19,144,13,60,111,74,4503,17961,26181,33574,1,2,2,6,6,2
182300,7118196032,1,2,0,0,0,0,5,4,0,3,2,1,23,26,3,2,19,144,13,60,111,74,4506,17973,26188,33587,1,2,2,6,6,2
182400,7122149941,1,2,0,0,0,0,5,4,0,3,2,1,23,26,3,2,19,144,13,60,111,74,4508,17986,26204,33606,1,2,2,6,6,2
182500,7126104120,1,2,0,0,0,0,5,4,0,3,2,1,23,26,3,2,19,144,13,60,111,74,4509,18000,26211,33623,1,2,2,6,6,2
182600,7130063123,1,2,0,0,0,0,5,4,0,3,2,1,23,26,3,2,19,144,13,60,111,74,4515,18010,26224,33636,1,2,2,6,6,2
182700,7134020397,1,2,0,0,0,0,5,4,0,3,2,1,23,26,3,2,19,144,13,60,111,74,4518,18016,26242,33656,1,2,2,6,6,2
182800,7137979989,1,2,0,0,0,0,5,4,0,3,2,1,23,26,3,2,19,144,13,60,111,74,4521,18029,26257,33674,1,2,2,6,6,2
182900,7141938824,1,2,0,0,0,0,5,4,0,3,2,1,23,26,3,2,19,144,13,60,111,74,4522,18042,26268,33695,1,2,2,6,6,2
183000,7145900507,1,2,0,0,0,0,5,4,0,3,2,1,23,26,3,2,19,144,13,61,111,74,4522,18057,26274,33710,1,2,2,6,6,2
183100,7149860997,1,2,0,0,0,0,5,4,0,3,2,1,23,26,3,2,19,144,13,61,111,74,4526,18066,26290,33727,1,2,2,6,6,2
183200,7153817146,1,2,0,0,0,0,5,4,0,3,2,1,23,26,3,2,19,144,13,61,111,74,4528,18072,26308,33741,1,2,2,6,6,2
183300,7157781057,1,2,0,0,0,0,5,4,0,3,2,1,23,26,3,2,19,144,13,61,111,74,4530,18083,26328,33761,1,2,2,6,6,2
183400,7161748486,1,2,0,0,0,0,5,4,0,3,2,1,23,26,3,2,19,144,13,61,111,74,4531,18092,26346,33778,1,2,2,6,6,2
183500,7165712368,1,2,0,0,0,0,5,4,0,3,2,1,23,26,3,2,19,144,13,61,111,76,4534,18101,26356,33800,1,2,2,6,6,2
183600,7169676286,1,2,0,0,0,0,5,4,0,3,2,1,23,26,3,2,19,144,13,61,111,76,4538,18111,26368,33821,1,2,2,6,6,2
183700,7173643414,1,2,0,0,0,0,5,4,0,3,2,1,23,26,3,2,19,144,13,61,111,76,4543,18121,26380,33844,1,2,2,6,6,2
183800,7177610017,1,2,0,0,0,0,5,4,0,3,2,1,23,26,3,2,19,144,13,61,112,76,4546,18127,26395,33866,1,2,2,6,6,2
183900,7181582517,1,2,0,0,0,0,5,4,0,3,2,1,23,26,3,2,19,144,13,61,112,76,4547,18133,26410,33886,1,2,2,6,6,2
184000,7185563761,1,2,0,0,0,0,5,4,0,3,2,1,23,26,3,2,19,144,13,62,112,76,4549,18144,26429,33902,1,2,2,6,6,2
184100,7189545400,1,2,0,0,0,0,5,4,0,3,2,1,23,26,3,2,19,144,13,62,112,76,4550,18154,26451,33917,1,2,2,6,6,2
184200,7193517468,1,2,0,0,0,0,5,4,0,3,2,1,23,26,3,2,19,144,13,62,112,76,4553,18164,26467,33947,1,2,2,6,6,2
184300,7197480707,1,2,0,0,0,0,5,4,0,3,2,1,23,26,3,2,19,144,13,62,112,76,4556,18178,26483,33966,1,2,2,6,6,2
184400,7201436413,1,2,0,0,0,0,5,4,0,3,2,1,23,26,3,2,19,144,13,62,112,76,4557,18191,26499,33989,1,2,2,6,6,2
184500,7205403153,1,2,0,0,0,0,5,4,0,3,2,1,23,26,3,2,19,144,13,62,112,76,4558,18198,26516,34012,1,2,2,6,7,2
184600,7209368365,1,2,0,0,0,0,5,4,0,3,2,1,23,26,3,2,19,144,13,62,113,76,4559,18209,26537,34026,1,2,2,6,7,2
184700,7213327604,1,2,0,0,0,0,5,4,0,3,2,1,23,26,3,2,19,144,13,62,113,76,4560,18215,26549,34050,1,2,2,6,7,2
184800,7217289597,1,2,0,0,0,0,5,4,0,3,2,1,23,26,3,2,19,144,13,62,113,76,4561,18225,26567,34066,1,2,2,6,7,2
184900,7221259989,1,2,0,0,0,0,5,4,0,3,2,1,23,26,3,2,19,144,13,62,113,76,4564,18233,26585,34084,1,2,2,6,7,2
185000,7225223118,1,2,0,0,0,0,5,4,0,3,2,1,23,26,3,2,19,145,13,63,113,76,4565,18239,26606,34109,1,2,2,6,7,2
185100,7229183634,1,2,0,0,0,0,5,4,0,3,2,1,23,26,3,2,19,145,13,63,113,76,4571,18253,26620,34130,1,2,2,6,7,2
185200,7233143169,1,2,0,0,0,0,5,4,0,3,2,1,23,26,3,2,19,145,13,63,113,76,4572,18265,26635,34147,1,2,2,6,7,2
185300,7237107240,1,2,0,0,0,0,5,4,0,3,2,1,23,26,3,2,19,145,13,63,113,76,4574,18271,26647,34166,1,2,2,6,7,2
185400,7241059598,1,2,0,0,0,0,5,4,0,3,2,1,23,26,3,2,19,146,13,63,113,76,4579,18286,26661,34184,1,2,2,6,7,2
185500,7245002024,1,2,0,0,0,0,5,4,0,3,2,1,23,26,3,2,19,146,13,64,113,76,4581,18301,26682,34213,1,2,2,6,7,2
185600,7248944582,1,2,0,0,0,0,5,4,0,3,2,1,23,26,3,2,19,147,13,64,113,76,4582,18313,26690,34225,1,2,2,6,7,2
185700,7252891426,1,2,0,0,0,0,5,4,0,3,2,1,23,26,3,2,19,147,13,64,113,76,4585,18324,26707,34241,1,2,2,6,7,2
185800,7256830606,1,2,0,0,0,0,5,4,0,3,2,1,23,26,3,2,19,147,13,64,113,76,4588,18334,26726,34254,1,2,2,6,7,2
185900,7260764839,1,2,0,0,0,0,5,4,0,3,2,1,23,26,3,2,19,147,13,64,113,76,4591,18343,26743,34269,1,2,2,6,7,2
186000,7264685083,1,2,0,0,0,0,5,4,0,3,2,1,23,26,3,2,19,147,13,64,113,76,4594,18349,26761,34287,1,2,2,6,7,2
186100,7268603998,1,2,0,0,0,0,5,4,0,3,2,1,23,26,3,2,19,147,13,64,113,76,4596,18355,26781,34312,1,2,2,6,7,2
186200,7272537672,1,2,0,0,0,0,5,4,0,3,2,1,23,27,3,2,19,147,13,64,113,76,4596,18361,26792,34323,1,2,2,6,7,2
186300,7276477202,1,2,0,0,0,0,5,4,0,3,2,1,23,27,3,2,19,147,13,64,113,76,4598,18370,26808,34341,1,2,2,6,7,2
186400,7280410667,1,2,0,0,0,0,5,4,0,3,2,1,23,27,3,2,19,147,13,64,113,76,4600,18385,26821,34365,1,2,2,6,7,2
186500,7284336002,1,2,0,0,0,0,5,4,0,3,2,1,23,27,3,2,19,147,13,64,113,77,4603,18394,26839,34381,1,2,2,6,7,2
186600,7288264197,1,2,0,0,0,0,5,4,0,3,2,1,23,27,3,2,19,147,13,64,113,77,4604,18405,26851,34399,1,2,2,6,7,2
186700,7292200846,1,2,0,0,0,0,5,4,0,3,2,1,23,27,3,2,19,147,13,64,113,77,4605,18415,26866,34417,1,2,2,6,7,2
186800,7296136873,1,2,0,0,0,0,5,4,0,3,2,1,23,27,3,2,19,147,14,64,113,77,4608,18426,26874,34432,1,2,2,6,7,2
186900,7300085031,1,2,0,0,0,0,5,4,0,3,2,1,23,27,3,2,19,147,14,65,113,77,4611,18432,26892,34446,1,2,2,6,7,2
187000,7304020600,1,2,0,0,0,0,5,4,0,3,2,1,23,27,3,2,19,147,14,65,113,77,4615,18441,26913,34463,1,2,2,6,7,2
187100,7307964454,1,2,0,0,0,0,5,4,0,3,2,1,23,27,3,2,19,147,14,65,113,77,4617,18453,26933,34478,1,2,2,6,7,2
187200,7311915948,1,2,0,0,0,0,5,4,0,3,2,1,23,27,3,2,19,147,14,65,113,77,4621,18464,26951,34495,1,2,2,6,7,2
187300,7315873306,1,2,0,0,0,0,5,4,0,3,2,1,23,27,3,2,19,148,15,65,113,77,4626,18469,26968,34519,1,2,2,6,7,2
187400,7319824620,1,2,0,0,0,0,5,4,0,3,2,1,23,27,3,2,19,148,15,65,113,77,4629,18482,26988,34536,1,2,2,6,7,2
187500,7323778160,1,2,0,0,0,0,5,4,0,3,2,1,23,27,3,2,19,148,15,65,113,77,4631,18496,27004,34557,1,2,2,6,7,2
187600,7327719045,1,2,0,0,0,0,5,4,0,3,2,1,23,27,3,2,19,148,15,65,113,77,4637,18510,27015,34579,1,2,2,6,7,2
187700,7331643804,1,2,0,0,0,0,5,4,0,3,2,1,23,27,3,2,19,149,15,65,113,77,4639,18517,27030,34605,1,2,2,6,7,2
187800,7335555499,1,2,0,0,0,0,5,4,0,3,2,1,23,27,3,2,19,149,15,65,113,78,4641,18527,27039,34620,1,2,2,6,7,2
187900,7339467348,1,2,0,0,0,0,5,4,0,3,2,1,23,27,3,2,19,149,15,65,113,78,4644,18536,27053,34634,1,2,2,6,7,2
188000,7343370409,1,2,0,0,0,0,5,4,0,3,2,1,23,27,3,2,19,149,15,65,113,78,4649,18542,27072,34653,1,2,2,6,7,2
188100,7347267247,1,2,0,0,0,0,5,4,0,3,2,1,23,27,3,2,19,149,15,65,113,78,4649,18553,27087,34673,1,2,2,6,7,2
188200,7351159923,1,2,0,0,0,0,5,4,0,3,2,1,23,27,3,2,19,150,15,65,113,78,4651,18567,27098,34698,1,2,2,6,7,2
188300,7355048105,1,2,0,0,0,0,5,4,0,3,2,1,23,27,3,2,19,150,15,65,113,78,4654,18582,27112,34719,1,2,2,6,7,2
188400,7358933818,1,2,0,0,0,0,5,4,0,3,2,1,23,27,3,2,19,150,15,65,113,78,4655,18591,27122,34735,1,2,2,6,7,2
188500,7362820179,1,2,0,0,0,0,5,4,0,3,2,1,23,27,3,2,19,150,15,65,113,78,4657,18602,27135,34752,1,2,2,6,7,2
188600,7366712068,1,2,0,0,0,0,5,4,0,3,2,1,23,27,3,2,19,150,15,65,113,78,4660,18609,27142,34764,1,2,2,6,7,2
188700,7370608043,1,2,0,0,0,0,5,4,0,3,2,1,23,27,3,2,19,150,15,65,113,78,4662,18622,27159,34783,1,2,2,6,7,2
188800,7374492125,1,2,0,0,0,0,5,4,0,3,2,1,23,27,3,2,19,150,15,65,113,78,4666,18633,27178,34800,1,2,2,6,7,2
188900,7378375213,1,2,0,0,0,0,5,4,0,3,2,1,23,27,3,2,19,151,15,65,113,78,4667,18640,27195,34813,1,2,2,6,7,2
189000,7382260058,1,2,0,0,0,0,5,4,0,3,2,1,23,27,3,2,19,151,15,65,114,78,4669,18644,27215,34830,1,2,2,6,7,2
189100,7386148884,1,2,0,0,0,0,5,4,0,3,2,1,23,27,3,2,19,151,15,65,114,78,4672,18653,27228,34845,1,2,2,6,7,2
189200,7390038906,1,2,0,0,0,0,5,4,0,3,2,1,23,27,3,2,19,151,15,65,114,78,4674,18660,27239,34863,1,2,2,6,7,2
189300,7393936294,1,2,0,0,0,0,5,4,0,3,2,1,23,27,3,2,19,152,15,65,114,78,4675,18667,27254,34883,1,2,2,6,7,2
189400,7397830285,1,2,0,0,0,0,5,4,0,3,2,1,23,27,3,2,20,152,15,65,115,78,4678,18679,27269,34905,1,2,2,6,7,2
189500,7401719767,1,2,0,0,0,0,5,4,0,3,2,1,23,27,3,2,20,152,15,65,115,78,4680,18693,27288,34923,1,2,2,6,7,2
189600,7405609794,1,2,0,0,0,0,5,4,0,3,2,1,23,27,3,2,20,152,15,65,115,78,4682,18704,27296,34945,1,2,2,6,7,2
189700,7409521277,1,2,0,0,0,0,5,4,0,3,2,1,23,27,3,2,20,152,15,65,115,78,4684,18713,27308,34959,1,2,2,6,7,2
189800,7413437531,1,2,0,0,0,0,5,4,0,3,2,1,23,27,3,2,20,152,15,65,115,78,4687,18724,27323,34976,1,2,2,6,7,2
189900,7417356313,1,2,0,0,0,0,5,4,0,3,2,1,23,27,3,2,20,152,15,65,115,78,4691,18731,27341,35001,1,2,2,6,7,2
190000,7421280135,1,2,0,0,0,0,5,4,0,3,2,1,23,27,3,2,20,152,15,65,115,78,4694,18743,27358,35027,1,2,2,6,7,2
190100,7425191168,1,2,0,0,0,0,5,4,0,3,2,1,23,27,3,2,20,153,15,65,115,78,4698,18754,27367,35055,1,2,2,6,7,2
190200,7429097190,1,2,0,0,0,0,5,4,0,3,2,1,23,27,3,2,20,153,15,65,115,78,4701,18762,27385,35076,1,2,2,6,7,2
190300,7433007189,1,2,0,0,0,0,5,4,0,3,2,1,23,27,3,2,20,153,15,65,115,78,4703,18770,27400,35091,1,2,2,6,7,2
190400,7436919862,1,2,0,0,0,0,5,4,0,3,2,1,23,27,3,2,20,153,15,65,115,78,4709,18781,27421,35117,1,2,2,6,7,2
190500,7440826972,1,2,0,0,0,0,5,4,0,3,2,1,23,27,3,2,20,153,15,65,115,78,4712,18799,27434,35131,1,2,2,6,7,2
190600,7444739589,1,2,0,0,0,0,5,4,0,3,2,1,23,27,3,2,20,153,15,65,115,79,4713,18807,27443,35147,1,2,2,6,7,2
190700,7448651254,1,2,0,0,0,0,5,4,0,3,2,1,23,27,3,2,20,154,15,65,115,79,4720,18818,27453,35171,1,2,2,6,7,2
190800,7452556906,1,2,0,0,0,0,5,4,0,3,2,1,23,27,3,2,20,154,15,65,115,79,4721,18828,27463,35190,1,2,2,6,7,2
190900,7456462473,1,2,0,0,0,0,5,4,0,3,2,1,23,27,3,2,20,154,15,65,115,79,4722,18839,27479,35210,1,2,2,6,7,2
191000,7460365004,1,2,0,0,0,0,5,4,0,3,2,1,23,27,3,2,20,155,15,65,116,79,4724,18851,27495,35233,1,2,2,6,7,2
191100,7464268080,1,2,0,0,0,0,5,4,0,3,2,1,23,27,3,2,20,155,15,65,116,79,4727,18863,27511,35253,1,2,2,6,7,2
191200,7468171543,1,2,0,0,0,0,5,4,0,3,2,1,23,27,3,2,20,155,15,65,116,79,4729,18872,27523,35280,1,2,2,6,7,2
191300,7472073494,1,2,0,0,0,0,5,4,0,3,2,1,23,27,3,2,20,155,15,65,116,79,4729,18883,27534,35294,1,2,2,6,7,2
191400,7475984195,1,2,0,0,0,0,5,4,0,3,2,1,23,27,3,2,20,155,15,65,116,79,4731,18896,27544,35316,1,2,2,6,7,2
191500,7479889425,1,2,0,0,0,0,5,4,0,3,2,1,23,27,3,2,20,155,15,65,116,79,4734,18909,27562,35334,1,2,2,6,7,2
191600,7483795139,1,2,0,0,0,0,5,4,0,3,2,1,23,27,3,2,20,155,15,65,116,79,4738,18919,27576,35355,1,2,2,6,7,2
191700,7487694484,1,2,0,0,0,0,5,4,0,3,2,1,23,27,3,2,20,155,15,65,116,79,4739,18931,27591,35372,1,2,2,6,7,2
191800,7491598174,1,2,0,0,0,0,5,4,0,3,2,1,23,27,3,2,20,155,15,65,116,79,4739,18937,27602,35388,1,2,2,6,7,2
191900,7495505623,1,2,0,0,0,0,5,4,0,3,2,1,23,27,3,2,20,155,15,65,116,79,4742,18951,27614,35404,1,2,2,6,7,2
192000,7499404742,1,2,0,0,0,0,5,4,0,3,2,1,23,27,3,2,20,155,15,65,116,79,4743,18961,27634,35425,1,2,2,6,7,2
192100,7503290902,1,2,0,0,0,0,5,4,0,3,2,1,23,27,3,2,20,155,15,65,116,79,4747,18971,27645,35445,1,2,2,6,7,2
192200,7507187514,1,2,0,0,0,0,5,4,0,3,2,1,23,27,3,2,20,156,15,65,116,79,4749,18976,27658,35462,1,2,2,6,7,2
192300,7511095147,1,2,0,0,0,0,5,4,0,3,2,1,23,27,3,2,20,156,15,65,116,79,4751,18982,27670,35477,1,2,2,6,7,2
192400,7515006336,1,2,0,0,0,0,5,4,0,3,2,1,23,27,3,2,20,156,15,65,116,79,4751,18995,27686,35498,1,2,2,6,7,2
192500,7518923887,1,2,0,0,0,0,5,4,0,3,2,1,23,27,3,2,20,156,15,66,116,79,4751,19001,27703,35518,1,2,2,6,7,2
192600,7522839710,1,2,0,0,0,0,5,4,0,3,2,1,23,28,3,2,20,156,15,66,116,79,4753,19014,27716,35540,1,2,2,6,7,2
192700,7526753941,1,2,0,0,0,0,5,4,0,3,2,1,23,28,3,2,20,156,15,66,116,79,4754,19022,27734,35562,1,2,2,6,7,2
192800,7530668852,1,2,0,0,0,0,5,4,0,3,2,1,23,28,3,2,20,156,15,66,116,79,4758,19032,27750,35584,1,2,2,6,7,2
192900,7534583865,1,2,0,0,0,0,5,4,0,3,2,1,23,28,3,2,20,156,15,66,116,79,4761,19039,27770,35601,1,2,2,6,7,2
193000,7538498094,1,2,0,0,0,0,5,4,0,3,2,1,23,28,3,2,20,156,15,66,116,79,4764,19049,27793,35618,1,2,2,6,7,2
193100,7542418697,1,2,0,0,0,0,5,4,0,3,2,1,23,28,3,2,20,157,15,66,116,79,4764,19058,27808,35640,1,2,2,6,7,2
193200,7546331778,1,2,0,0,0,0,5,4,0,3,2,1,23,28,3,2,21,157,15,66,116,79,4765,19069,27824,35659,1,2,2,6,7,2
193300,7550249314,1,2,0,0,0,0,5,4,0,3,2,1,23,28,3,2,21,157,15,66,116,79,4767,19079,27838,35675,1,2,2,6,7,2
193400,7554158130,1,2,0,0,0,0,5,4,0,3,2,1,23,28,3,2,21,158,15,66,116,79,4769,19093,27852,35691,1,2,2,6,7,2
193500,7558068064,1,2,0,0,0,0,5,4,0,3,2,1,23,28,3,2,21,158,15,66,116,79,4772,19102,27861,35716,1,2,2,6,7,2
193600,7561982311,1,2,0,0,0,0,5,4,0,3,2,1,24,28,3,2,21,158,15,66,116,79,4773,19114,27878,35734,1,2,2,6,7,2
193700,7565907079,1,2,0,0,0,0,5,4,0,3,2,1,24,28,3,2,21,158,15,66,116,79,4776,19130,27890,35750,1,2,2,6,7,2
193800,7569825030,1,2,0,0,0,0,5,4,0,3,2,1,24,28,3,2,21,158,15,66,116,79,4777,19139,27905,35763,1,2,2,6,7,2
193900,7573749379,1,2,0,0,0,0,5,5,0,3,2,1,24,28,3,2,21,158,15,66,116,79,4777,19148,27911,35779,1,2,2,6,7,2
194000,7577687647,1,3,0,0,0,0,5,5,0,3,2,1,24,28,3,2,21,158,15,66,116,79,4779,19156,27919,35805,1,2,2,6,7,2
194100,7581618865,1,3,0,0,0,0,5,5,0,3,2,1,24,28,3,2,21,158,15,67,116,79,4783,19166,27935,35835,1,2,2,6,7,2
194200,7585543039,1,3,0,0,0,0,5,5,0,3,2,1,24,28,3,2,21,158,15,67,116,79,4785,19172,27951,35851,1,2,2,6,7,2
194300,7589469533,1,3,0,0,0,0,5,5,0,3,2,1,24,28,3,2,21,158,15,67,116,79,4790,19185,27966,35869,1,2,2,6,7,2
194400,7593399859,1,3,0,0,0,0,5,5,0,3,2,1,24,28,3,2,21,158,15,67,116,79,4792,19192,27976,35880,1,2,2,6,7,2
194500,7597334137,1,3,0,0,0,0,5,5,0,3,2,1,24,28,3,2,21,158,15,67,116,79,4793,19201,27989,35892,1,2,2,6,7,2
194600,7601269751,1,3,0,0,0,0,5,5,0,3,2,1,24,28,3,2,21,158,15,67,116,79,4795,19211,28007,35914,1,2,2,6,7,2
194700,7605209385,1,3,0,0,0,0,5,5,0,3,2,1,24,28,3,2,21,158,15,67,117,79,4798,19226,28017,35935,1,2,2,6,7,2
194800,7609143431,1,3,0,0,0,0,5,5,0,3,2,1,24,28,3,2,21,158,15,67,117,79,4801,19243,28037,35951,1,2,2,6,7,2
194900,7613079561,1,3,0,0,0,0,5,5,0,3,2,1,24,28,3,2,21,158,15,67,117,79,4801,19256,28048,35967,1,2,2,6,7,2
195000,7617007038,1,3,0,0,0,0,5,5,0,3,2,1,24,28,3,2,21,158,15,67,117,79,4801,19273,28073,35988,1,2,2,6,7,2
195100,7620928972,1,3,0,0,0,0,5,5,0,3,2,1,25,28,3,2,21,159,15,67,117,79,4805,19279,28090,36009,1,2,2,6,7,2
195200,7624852743,1,3,0,0,0,0,5,5,0,3,2,1,25,28,3,2,21,159,15,67,117,79,4808,19284,28097,36026,1,2,2,6,7,2
195300,7628788908,1,3,0,0,0,0,5,5,0,3,2,1,25,28,3,2,21,159,15,67,117,80,4808,19297,28107,36046,1,2,2,6,7,2
195400,7632725208,1,3,0,0,0,0,5,5,0,3,2,1,25,28,3,2,21,159,15,68,117,80,4813,19305,28126,36061,1,2,2,6,7,2
195500,7636673897,1,3,0,0,0,0,5,5,0,3,2,1,25,28,3,2,21,159,15,68,117,80,4815,19314,28134,36082,1,2,2,6,7,2
195600,7640634592,1,3,0,0,0,0,5,5,0,3,2,1,25,28,3,2,21,159,15,68,117,80,4819,19328,28146,36098,1,2,2,6,7,2
195700,7644589946,1,3,0,0,0,0,5,5,0,3,2,1,25,28,3,2,21,160,15,68,117,80,4822,19342,28164,36114,1,2,2,6,7,2
195800,7648535881,1,3,0,0,0,0,5,5,0,3,2,1,25,28,3,2,21,160,15,68,117,80,4825,19355,28177,36138,1,2,2,6,7,2
195900,7652485217,1,3,0,0,0,0,5,5,0,3,2,1,25,28,3,2,21,160,15,68,117,80,4826,19368,28194,36161,1,2,2,6,7,2
196000,7656436883,1,3,0,0,0,0,5,5,0,3,2,1,26,28,3,2,21,160,15,68,117,80,4827,19374,28204,36185,1,2,2,6,7,2
196100,7660399370,1,3,0,0,0,0,5,5,0,3,2,1,26,28,3,2,21,160,15,68,117,80,4829,19386,28220,36201,1,2,2,6,7,2
196200,7664358993,1,3,0,0,0,0,5,5,0,3,2,1,26,28,3,2,21,160,15,68,117,80,4831,19395,28246,36221,1,2,2,6,7,2
196300,7668320621,1,3,0,0,0,0,5,5,0,3,2,1,26,28,3,2,21,160,15,68,117,80,4833,19407,28258,36230,1,2,2,6,7,2
196400,7672274816,1,3,0,0,0,0,5,5,0,3,2,1,26,28,3,2,21,160,15,68,117,80,4835,19417,28268,36253,1,2,2,6,7,2
196500,7676234861,1,3,0,0,0,0,5,5,0,3,2,1,26,28,3,2,21,160,15,69,117,80,4838,19424,28281,36272,1,2,2,6,7,2
196600,7680192818,1,3,0,0,0,0,5,5,0,3,2,1,26,28,3,2,21,160,15,69,117,80,4842,19434,28293,36287,1,2,2,6,7,2
196700,7684150938,1,3,0,0,0,0,5,5,0,3,2,1,26,28,3,2,21,160,15,69,119,80,4843,19440,28307,36312,1,2,2,6,7,2
196800,7688104918,1,3,0,0,0,0,5,5,0,3,2,1,26,28,3,2,21,160,15,69,119,80,4847,19454,28320,36333,1,2,2,6,7,2
196900,7692054552,1,3,0,0,0,0,5,5,0,3,2,1,26,28,3,2,21,160,15,69,119,80,4852,19463,28340,36349,1,2,2,6,7,2
197000,7696005781,1,3,0,0,0,0,5,5,0,3,2,1,26,28,3,2,21,160,15,69,119,80,4853,19472,28358,36365,1,2,2,6,7,2
197100,7699941696,1,3,0,0,0,0,5,5,0,3,2,1,26,28,3,2,21,160,15,69,119,80,4858,19482,28372,36381,1,2,2,6,7,2
197200,7703877204,1,3,0,0,0,0,5,5,0,3,2,1,26,28,3,2,21,160,15,69,119,80,4859,19491,28394,36399,1,2,2,6,7,2
197300,7707810670,1,3,0,0,0,0,5,5,0,3,2,1,26,28,3,2,21,160,15,69,119,80,4862,19498,28415,36418,1,2,2,6,7,2
197400,7711746761,1,3,0,0,0,0,5,5,0,3,2,1,26,28,3,2,21,160,15,69,119,80,4867,19506,28431,36435,1,2,2,6,7,2
197500,7715685810,1,3,0,0,0,0,5,5,0,3,2,1,26,28,3,2,21,160,15,69,119,80,4870,19513,28446,36449,1,2,2,6,7,2
197600,7719630998,1,3,0,0,0,0,5,5,0,3,2,1,26,28,3,2,21,160,15,69,119,80,4873,19522,28460,36460,1,2,2,6,7,2
197700,7723568843,1,3,0,0,0,0,5,5,0,3,2,1,26,28,3,2,21,160,15,69,119,80,4878,19535,28472,36477,1,2,2,6,7,2
197800,7727504095,1,3,0,0,0,0,5,5,0,3,2,1,26,28,3,2,21,160,15,69,119,80,4879,19545,28497,36499,1,3,2,6,7,2
197900,7731433471,1,3,0,0,0,0,5,5,0,3,2,1,26,28,3,2,21,160,15,69,119,80,4881,19550,28508,36515,1,3,2,6,7,2
198000,7735368194,1,3,0,0,0,0,5,5,0,3,2,1,26,28,3,2,21,160,15,69,119,80,4881,19556,28518,36535,1,3,2,6,7,2
198100,7739306777,1,3,0,0,0,0,5,5,0,3,2,1,26,28,3,2,21,160,15,69,119,80,4884,19560,28535,36552,1,3,2,6,7,2
198200,7743247354,1,3,0,0,0,0,5,5,0,3,2,1,26,28,3,2,21,160,15,69,119,80,4889,19569,28551,36564,1,3,2,6,7,2
198300,7747175977,1,3,0,0,0,0,5,5,0,3,2,1,26,28,3,2,21,160,15,69,119,80,4891,19579,28561,36585,1,3,2,6,7,2
198400,7751107564,1,3,0,0,0,0,5,5,0,3,2,1,26,28,3,2,21,160,15,69,119,80,4891,19589,28577,36604,1,3,2,6,7,2
198500,7755034200,1,3,0,0,0,0,5,5,0,3,2,1,26,28,3,2,21,160,15,69,119,80,4893,19599,28589,36631,1,3,2,6,7,2
198600,7758974719,1,3,0,0,0,0,5,5,0,3,2,1,26,28,3,2,21,160,15,69,119,80,4895,19606,28602,36649,1,3,2,6,7,2
198700,7762914354,1,3,0,0,0,0,5,5,0,3,2,1,26,28,3,2,21,160,15,69,119,80,4896,19619,28619,36668,1,3,2,6,7,2
198800,7766855167,1,3,0,0,0,0,5,5,0,3,2,1,26,28,3,2,21,160,15,69,119,80,4899,19629,28632,36686,1,3,2,6,7,2
198900,7770794900,1,3,0,0,0,0,5,5,0,3,2,1,26,28,3,2,21,160,15,69,119,80,4899,19640,28648,36705,1,3,2,6,7,2
199000,7774741489,1,3,0,0,0,0,5,5,0,3,2,1,26,28,3,2,21,160,15,69,119,80,4899,19647,28668,36720,1,3,2,6,7,2
199100,7778695391,1,3,0,0,0,0,5,5,0,3,2,1,26,28,3,2,21,160,15,69,119,80,4907,19658,28676,36747,1,3,2,6,7,2
199200,7782639472,1,3,0,0,0,0,5,5,0,3,2,1,26,28,3,2,21,160,15,69,119,80,4909,19662,28688,36767,1,3,2,6,7,2
199300,7786577797,1,3,0,0,0,0,5,5,0,3,2,1,26,28,3,2,21,160,15,69,119,80,4912,19672,28707,36792,1,3,2,6,7,2
199400,7790515826,1,3,0,0,0,0,5,5,0,3,2,1,26,28,3,2,21,160,15,69,119,80,4914,19686,28720,36812,1,3,2,6,7,2
199500,7794453427,1,3,0,0,0,0,5,5,0,3,2,1,26,28,3,2,21,160,15,69,119,80,4915,19701,28740,36835,1,3,2,6,7,2
199600,7798390492,1,3,0,0,0,0,5,5,0,3,2,1,26,28,3,2,21,160,15,70,119,80,4919,19706,28751,36850,1,3,2,6,7,2
199700,7802325694,1,3,0,0,0,0,5,5,0,3,2,1,26,28,3,2,21,160,15,70,119,80,4925,19714,28770,36872,1,3,2,6,7,2
199800,7806251243,1,3,0,0,0,0,5,5,0,3,2,1,26,28,3,2,21,160,15,70,119,80,4928,19720,28783,36898,1,3,2,6,7,2
199900,7810179028,1,3,0,0,0,0,5,5,0,3,2,1,26,28,3,2,21,160,15,70,119,80,4932,19724,28801,36916,1,3,2,6,7,2
200000,7814105351,1,3,0,0,0,0,5,5,0,3,2,1,26,28,3,2,21,160,15,70,119,80,4936,19736,28813,36937,1,3,2,6,7,2
200100,7818044693,1,3,0,0,0,0,5,5,0,3,2,1,26,28,3,2,21,160,15,70,119,80,4940,19741,28825,36955,1,3,2,6,7,2
200200,7821994408,1,3,0,0,0,0,5,5,0,3,2,1,26,28,3,2,21,160,15,70,119,80,4942,19751,28836,36971,1,3,2,6,7,2
200300,7825949091,1,3,0,0,0,0,5,5,0,3,2,1,26,28,3,2,21,160,15,70,119,81,4944,19763,28846,36986,1,3,2,6,7,2
200400,7829912965,1,3,0,0,0,0,5,5,0,3,3,1,26,28,3,2,21,160,15,70,119,81,4945,19769,28862,37006,1,3,2,6,7,2
200500,7833870103,1,3,0,0,0,0,5,5,0,3,3,1,26,28,3,2,21,160,15,70,119,81,4949,19781,28873,37026,1,3,2,6,7,2
200600,7837826729,1,3,0,0,0,0,5,5,0,3,3,1,26,28,3,2,21,160,15,70,119,81,4953,19796,28890,37048,1,3,2,6,7,2
200700,7841774487,1,3,0,0,0,0,5,5,0,3,3,1,26,29,3,2,21,160,15,70,119,81,4955,19805,28904,37074,1,3,2,6,7,2
200800,7845717380,1,3,0,0,0,0,5,5,0,3,3,1,26,29,3,2,21,160,15,70,119,81,4956,19808,28917,37092,1,3,2,6,7,2
200900,7849654185,1,3,0,0,0,0,5,5,0,3,3,1,26,29,3,2,21,160,15,70,119,81,4958,19820,28936,37112,1,3,2,6,7,2
201000,7853579869,1,3,0,0,0,0,5,5,0,3,3,1,26,30,3,2,21,160,15,70,119,81,4959,19826,28955,37137,1,3,2,6,7,2
201100,7857504889,1,3,0,0,0,0,5,5,0,3,3,1,26,30,3,2,21,160,15,70,119,81,4963,19829,28968,37155,1,3,2,6,7,2
201200,7861429798,1,3,0,0,0,0,5,5,0,3,3,1,26,30,3,2,21,160,15,70,119,81,4967,19837,28985,37171,1,3,2,6,7,2
201300,7865361768,1,3,0,0,0,0,5,5,0,3,3,1,26,30,3,2,21,160,15,70,119,81,4970,19847,28998,37191,1,3,2,6,7,2
201400,7869296452,1,3,0,0,0,0,5,5,0,3,3,1,26,30,3,2,21,160,15,70,119,81,4971,19860,29017,37207,1,3,2,6,7,2
201500,7873218001,1,3,0,0,0,0,5,5,0,3,3,1,26,30,3,2,21,160,15,70,119,81,4972,19870,29036,37225,1,3,2,6,7,2
201600,7877130566,1,3,0,0,0,0,5,5,0,3,3,1,26,30,3,2,21,161,15,70,119,81,4976,19880,29050,37244,1,3,2,6,7,2
201700,7881040260,1,3,0,0,0,0,5,5,0,3,3,1,26,30,3,2,21,161,15,70,119,81,4979,19890,29057,37264,1,3,2,6,7,2
201800,7884961095,1,3,0,0,0,0,5,5,0,3,3,1,26,30,3,2,21,161,15,70,119,81,4981,19901,29064,37274,1,3,2,6,7,2
201900,7888887433,1,3,0,0,0,0,5,5,0,3,3,1,26,30,3,2,21,161,15,70,119,81,4983,19906,29083,37300,1,3,2,6,7,2
202000,7892818008,1,3,0,0,0,0,5,5,0,3,3,1,26,30,3,2,21,161,15,70,119,81,4984,19913,29097,37327,1,3,2,6,7,2
202100,7896747766,1,3,0,0,0,0,5,5,0,3,3,1,26,30,3,2,21,161,15,70,119,81,4985,19921,29116,37340,1,3,2,6,7,2
202200,7900696170,1,3,0,0,0,0,5,5,0,3,3,1,26,30,3,2,21,161,15,70,119,81,4989,19927,29121,37356,1,3,2,6,7,2
202300,7904657516,1,3,0,0,0,0,5,5,0,3,3,1,26,30,3,2,21,161,15,70,119,81,4993,19941,29134,37378,1,3,2,6,7,2
202400,7908606970,1,3,0,0,0,0,5,5,0,3,3,1,26,30,3,2,21,161,15,70,120,81,4999,19947,29147,37405,1,3,2,6,7,2
202500,7912557051,1,3,0,0,0,0,5,5,0,3,3,1,26,30,3,2,21,161,15,70,120,82,5002,19958,29161,37426,1,3,2,6,7,2
202600,7916504698,1,3,0,0,0,0,5,5,0,3,3,1,26,30,3,2,21,161,15,70,120,82,5004,19964,29175,37446,1,3,2,6,7,2
202700,7920458303,1,3,0,0,0,0,5,5,0,3,3,1,26,30,3,2,21,161,15,70,120,82,5004,19971,29192,37460,1,3,2,6,7,2
202800,7924402061,1,3,0,0,0,0,5,5,0,3,3,1,26,30,3,2,21,161,15,71,120,83,5006,19982,29215,37478,1,3,2,6,7,2
202900,7928344810,1,3,0,0,0,0,5,5,1,3,3,1,26,30,3,2,21,161,15,71,120,83,5008,19990,29230,37496,1,3,2,6,7,2
203000,7932291795,1,3,0,0,0,0,5,5,1,3,3,1,26,30,3,2,21,161,15,71,120,83,5009,19996,29253,37512,1,3,2,6,7,2
203100,7936233988,1,3,0,0,0,0,5,5,1,3,4,1,26,30,3,2,21,161,15,71,120,83,5010,20007,29268,37536,1,3,2,6,7,2
203200,7940180185,1,3,0,0,0,0,5,5,1,3,4,1,26,30,3,2,21,161,15,71,120,83,5012,20016,29286,37554,1,3,2,6,7,2
203300,7944128662,1,3,0,0,0,0,5,5,1,3,4,1,26,30,3,2,21,161,15,71,120,83,5015,20026,29299,37572,1,3,2,6,7,2
203400,7948080656,1,3,0,0,0,0,5,5,1,3,4,1,26,30,3,2,21,161,15,71,120,83,5016,20031,29316,37589,1,3,2,6,7,2
203500,7952029275,1,3,0,0,0,0,5,5,1,3,4,1,26,30,3,2,21,161,15,71,120,83,5018,20041,29336,37608,1,3,2,6,7,2
203600,7955977732,1,3,0,0,0,0,5,5,1,3,4,1,26,30,3,2,21,161,15,71,120,83,5021,20047,29350,37625,1,3,2,6,7,2
203700,7959935122,1,3,0,0,0,0,5,5,1,3,4,1,26,30,3,2,21,161,15,71,120,83,5021,20051,29363,37641,1,3,2,6,7,2
203800,7963902877,1,3,0,0,0,0,5,5,1,3,4,1,26,30,3,2,21,161,15,71,120,83,5023,20060,29385,37653,1,3,2,6,7,2
203900,7967872560,1,3,0,0,0,0,5,5,1,3,4,1,26,30,3,2,21,161,15,71,120,83,5023,20068,29398,37676,1,3,2,6,7,2
204000,7971843964,1,3,0,0,0,0,5,5,1,3,4,1,26,30,3,2,21,161,15,71,120,83,5024,20082,29414,37685,1,3,2,6,7,2
204100,7975823457,1,3,0,0,0,0,5,5,1,3,4,1,27,30,3,2,21,161,15,71,120,83,5025,20090,29424,37704,1,3,2,6,7,2
204200,7979805015,1,3,0,0,0,0,5,5,1,3,4,1,27,30,3,2,21,161,15,71,120,83,5025,20100,29438,37722,1,3,2,6,7,2
204300,7983792526,1,3,0,0,0,0,5,5,1,3,4,1,27,30,3,2,21,162,15,71,120,83,5029,20105,29454,37743,1,3,2,6,7,2
204400,7987788067,1,3,0,0,0,0,5,5,1,3,4,1,27,30,3,2,21,162,15,71,121,83,5031,20117,29472,37762,1,3,2,6,7,2
204500,7991791028,1,3,0,0,0,0,5,5,1,3,4,1,27,30,3,2,21,162,15,71,121,83,5031,20128,29483,37785,1,3,2,6,7,2
204600,7995790253,1,3,0,0,0,0,5,5,1,3,4,1,27,30,3,2,21,162,15,71,121,83,5032,20142,29500,37809,1,3,2,6,7,2
204700,7999778954,1,3,0,0,0,0,5,5,1,3,4,1,27,30,3,2,21,162,15,71,121,83,5037,20152,29515,37835,1,3,2,6,7,2
204800,8003747214,1,3,0,0,0,0,5,5,1,3,4,1,27,30,3,2,21,162,15,71,121,83,5042,20157,29531,37859,1,3,2,6,7,2
204900,8007717410,1,3,0,0,0,0,5,5,1,3,4,1,27,30,3,2,21,162,15,71,121,83,5043,20168,29546,37877,1,3,2,6,7,2
205000,8011686926,1,3,0,0,0,0,5,5,1,3,4,1,27,30,3,2,21,162,15,71,121,83,5043,20180,29568,37897,1,3,2,6,7,2
205100,8015651530,1,3,0,0,0,0,5,5,1,3,4,1,27,30,3,2,21,162,15,71,121,83,5047,20188,29579,37917,1,3,2,6,7,2
205200,8019618397,1,3,0,0,0,0,5,5,1,3,4,1,27,30,3,2,21,163,15,71,121,83,5051,20194,29591,37941,1,3,2,6,7,2
205300,8023584852,1,3,0,0,0,0,5,5,1,3,4,1,27,30,3,2,21,163,15,71,121,83,5054,20209,29612,37953,1,3,2,6,7,2
205400,8027544504,1,3,0,0,0,0,5,5,1,3,4,1,27,30,3,2,21,163,15,71,121,83,5057,20217,29629,37978,1,3,2,6,7,2
205500,8031507801,1,3,0,0,0,0,5,5,1,3,4,1,27,30,3,2,21,163,15,71,121,83,5057,20229,29644,38005,1,3,2,6,7,2
205600,8035466808,1,3,0,0,0,0,5,5,1,3,4,1,27,30,3,2,21,163,15,71,121,83,5062,20237,29662,38021,1,3,2,6,7,2
205700,8039417951,1,3,0,0,0,0,5,5,1,3,4,1,27,30,3,2,21,163,15,71,121,83,5065,20249,29674,38042,1,3,2,6,7,2
205800,8043358986,1,3,0,0,0,0,5,5,1,3,4,1,27,30,3,2,21,163,15,71,121,83,5068,20261,29687,38072,1,3,2,6,7,2
205900,8047295180,1,3,0,0,0,0,5,5,1,3,4,1,27,30,3,2,21,163,15,71,121,83,5070,20273,29704,38090,1,3,2,6,7,2
206000,8051232778,1,3,0,0,0,0,5,5,1,3,4,1,27,30,3,2,21,163,15,71,121,83,5073,20280,29717,38112,1,3,2,6,7,2
206100,8055171349,1,3,0,0,0,0,5,5,1,3,4,1,27,30,3,2,21,163,15,71,121,83,5074,20287,29736,38128,1,3,2,6,7,2
206200,8059110595,1,3,0,0,0,0,5,5,1,3,4,1,27,30,3,2,21,163,15,71,121,83,5081,20303,29750,38150,1,3,2,6,7,2
206300,8063041544,1,3,0,0,0,0,5,5,1,3,4,1,27,30,3,2,21,163,15,71,121,83,5082,20314,29757,38169,1,3,2,6,7,2
206400,8066968473,1,3,0,0,0,0,5,5,1,3,4,1,27,30,3,2,21,163,15,71,121,83,5082,20323,29776,38186,1,3,2,6,7,2
206500,8070902031,1,3,0,0,0,0,5,5,1,3,4,1,27,30,3,2,21,163,15,71,121,83,5084,20334,29784,38203,1,3,2,6,7,2
206600,8074838312,1,3,0,0,0,0,5,5,1,3,4,1,27,30,3,2,21,163,15,71,121,83,5087,20347,29792,38218,1,3,2,6,7,2
206700,8078779833,1,3,0,0,0,0,5,5,1,3,4,1,27,30,3,2,21,163,15,71,121,83,5093,20354,29811,38232,1,3,2,6,7,2
206800,8082709323,1,3,0,0,0,0,5,5,1,3,4,1,27,30,3,2,21,163,15,72,121,83,5098,20376,29828,38253,1,3,2,6,7,2
206900,8086630732,1,3,0,0,0,0,5,5,1,3,4,1,27,30,3,2,21,163,15,72,121,83,5099,20385,29842,38266,1,3,2,6,7,2
207000,8090552308,1,3,0,0,0,0,5,5,1,3,4,1,27,30,3,2,21,163,15,72,121,83,5102,20400,29859,38281,1,3,2,6,7,2
207100,8094466086,1,3,0,0,0,0,5,5,1,3,4,1,27,30,3,2,21,163,15,72,121,83,5102,20412,29868,38295,1,3,2,6,7,2
207200,8098384026,1,3,0,0,0,0,5,5,1,3,4,1,27,30,3,2,21,163,15,72,121,83,5105,20428,29880,38310,1,3,2,6,7,2
207300,8102301754,1,3,0,0,0,0,5,5,1,3,4,1,27,30,3,2,21,163,15,72,121,83,5106,20434,29901,38324,1,3,2,6,7,2
207400,8106230323,1,3,0,0,0,0,5,5,1,3,4,1,27,30,3,2,21,164,15,72,121,83,5110,20445,29913,38342,1,3,2,6,7,2
207500,8110155576,1,3,0,0,0,0,5,5,1,3,4,1,27,30,3,2,21,164,15,72,121,83,5110,20454,29935,38365,1,3,2,6,7,2
207600,8114082957,1,3,0,0,0,0,5,5,1,3,4,1,27,30,3,2,21,164,15,72,121,83,5112,20463,29943,38386,1,3,2,6,7,2
207700,8118010257,1,3,0,0,0,0,5,5,1,3,4,1,27,30,3,2,21,164,15,72,122,83,5113,20475,29962,38405,1,3,2,6,7,2
207800,8121944474,1,3,0,0,0,0,5,5,1,3,4,1,27,30,3,2,21,164,15,72,122,83,5117,20482,29973,38428,1,3,2,6,7,2
207900,8125881632,1,3,0,0,0,0,5,5,1,3,4,1,27,30,3,2,22,164,15,72,123,83,5118,20491,29984,38452,1,3,2,6,7,2
208000,8129814421,1,3,0,0,0,0,5,5,1,3,4,1,27,30,3,2,22,164,15,72,123,83,5120,20503,30001,38468,1,3,2,6,7,2
208100,8133753994,1,3,0,0,0,0,5,5,1,3,4,1,27,30,3,2,22,164,15,72,123,83,5125,20511,30017,38488,1,3,2,6,7,2
208200,8137688820,1,3,0,0,0,0,5,5,1,3,4,1,27,30,3,2,22,164,15,72,123,83,5129,20520,30028,38508,1,3,2,6,7,2
208300,8141628558,1,3,0,0,0,0,5,5,1,3,4,1,27,30,3,2,22,164,15,72,123,83,5133,20527,30039,38520,1,3,2,6,7,2
208400,8145587749,1,3,0,0,0,0,5,5,1,3,4,1,27,30,3,2,22,165,15,72,123,83,5133,20534,30053,38537,1,3,2,6,7,2
208500,8149553695,1,3,0,0,0,0,5,5,1,3,4,1,27,30,3,2,22,165,15,72,123,83,5134,20541,30067,38562,1,3,2,6,7,2
208600,8153522786,1,3,0,0,0,0,5,5,1,3,4,1,27,30,3,2,22,165,15,72,123,83,5137,20549,30086,38583,1,3,2,6,7,2
208700,8157505574,1,3,0,0,0,0,5,5,1,3,4,1,27,30,3,2,22,165,15,72,123,83,5140,20554,30090,38598,1,3,2,6,7,2
208800,8161498105,1,3,0,0,0,0,5,5,1,3,4,1,27,30,3,2,22,165,15,72,124,83,5141,20566,30105,38616,1,3,2,6,7,2
208900,8165483141,1,3,0,0,0,0,5,5,1,3,4,1,27,30,3,2,22,165,15,72,124,83,5145,20579,30119,38633,1,3,2,6,7,2
209000,8169469568,1,3,0,0,0,0,5,5,1,3,4,1,27,30,3,2,22,166,15,72,124,83,5146,20596,30136,38651,1,3,2,6,7,2
209100,8173444875,1,3,0,0,0,0,5,5,1,3,4,1,27,30,3,2,22,166,15,72,124,83,5148,20611,30159,38678,1,3,2,6,7,2
209200,8177416105,1,3,0,0,0,0,5,5,1,3,4,1,27,30,3,2,22,166,15,72,125,83,5149,20623,30180,38696,1,3,2,6,7,2
209300,8181387982,1,3,0,0,0,0,5,5,1,3,4,1,27,30,3,2,22,166,15,72,125,83,5152,20637,30200,38725,1,3,2,6,7,2
209400,8185349576,1,3,0,0,0,0,5,5,1,3,4,1,27,30,3,2,22,167,15,72,125,83,5154,20649,30207,38739,1,3,2,6,7,2
209500,8189317723,1,3,0,0,0,0,5,5,1,3,4,1,27,30,3,2,22,167,15,72,125,83,5157,20660,30223,38761,1,3,2,6,7,2
209600,8193275319,1,3,0,0,0,0,5,5,1,3,4,1,27,30,3,2,22,167,15,72,126,83,5161,20671,30238,38787,1,3,2,6,7,2
209700,8197237375,1,3,0,0,0,0,5,5,1,3,4,1,27,30,3,2,22,167,15,72,126,83,5164,20676,30247,38808,1,3,2,6,7,2
209800,8201206147,1,3,0,0,0,0,5,5,1,3,4,1,27,30,3,2,22,167,15,72,126,83,5165,20685,30263,38821,1,3,2,6,7,2
209900,8205171608,1,3,0,0,0,0,5,5,1,3,4,1,27,30,3,2,22,167,15,72,126,84,5167,20697,30278,38842,1,3,2,6,7,2
210000,8209118236,1,3,0,0,0,0,5,5,1,3,4,1,27,30,3,2,22,167,15,72,126,84,5172,20711,30295,38861,1,3,2,6,7,2
210100,8213052838,1,3,0,0,0,0,5,5,1,3,4,1,27,30,3,2,22,167,15,72,126,84,5178,20719,30311,38883,1,3,2,6,7,2
210200,8216991755,1,3,0,0,0,0,5,5,1,3,4,1,27,30,3,2,22,167,15,72,126,84,5182,20729,30327,38909,1,3,2,6,7,2
210300,8220931381,1,3,0,0,0,0,5,5,1,3,4,1,27,30,3,2,22,167,15,72,126,84,5183,20736,30333,38929,1,3,2,6,7,2
210400,8224872660,1,3,0,0,0,0,5,5,1,3,4,1,27,30,3,2,22,167,15,72,126,84,5190,20744,30351,38945,1,3,2,6,7,2
210500,8228811203,1,3,0,0,0,0,5,5,1,3,4,1,27,30,3,2,22,167,15,72,126,84,5192,20746,30359,38972,1,3,2,6,7,2
210600,8232753283,1,3,0,0,0,0,5,5,1,3,4,1,27,30,3,2,22,167,15,72,126,84,5194,20754,30371,38994,1,3,2,6,7,2
210700,8236696875,1,3,0,0,0,0,5,5,1,3,4,1,28,30,3,2,22,167,15,72,126,84,5195,20762,30383,39018,1,3,2,6,7,2
210800,8240637916,1,3,0,0,0,0,5,5,1,3,4,1,28,30,3,2,22,167,15,72,126,84,5198,20771,30402,39030,1,3,2,6,7,2
210900,8244579274,1,3,0,0,0,0,5,5,1,3,4,1,28,30,3,2,22,167,15,72,126,85,5203,20781,30419,39048,1,3,2,6,7,2
211000,8248526988,1,3,0,0,0,0,5,5,1,3,4,1,28,30,3,2,22,167,15,72,126,85,5206,20789,30436,39065,1,3,2,6,7,2
211100,8252475002,1,3,0,0,0,0,5,5,1,3,4,1,28,31,3,2,22,167,15,72,126,85,5210,20800,30452,39080,1,3,2,6,7,2
211200,8256426781,1,3,0,0,0,0,5,5,1,3,4,1,29,31,3,2,22,167,15,72,126,85,5214,20808,30464,39104,1,3,2,6,7,2
211300,8260376729,1,3,0,0,0,0,5,5,1,3,4,1,29,31,3,2,22,167,15,72,126,85,5215,20819,30483,39128,1,3,2,6,7,2
211400,8264328834,1,3,0,0,0,0,5,5,1,3,4,1,29,31,3,2,22,167,15,72,126,85,5218,20830,30497,39146,1,3,2,6,7,2
211500,8268288545,1,3,0,0,0,0,5,5,1,3,4,1,29,31,3,2,22,167,15,72,127,85,5222,20839,30515,39169,1,3,2,6,7,2
211600,8272248744,1,3,0,0,0,0,5,5,1,3,4,1,29,32,3,2,22,167,15,72,127,85,5223,20852,30528,39186,1,3,2,6,7,2
211700,8276210920,1,3,0,0,0,0,5,5,1,3,4,1,29,32,3,2,22,167,15,72,127,85,5225,20863,30541,39208,1,3,2,6,7,2
211800,8280174228,1,3,0,0,0,0,5,5,1,3,4,1,29,32,3,2,22,167,15,72,127,85,5226,20874,30555,39236,1,3,2,6,7,2
211900,8284133138,1,3,0,0,0,0,5,5,1,3,4,1,29,32,3,2,22,167,15,72,127,85,5230,20877,30573,39252,1,3,2,6,7,2
212000,8288081101,1,3,0,0,0,0,5,5,1,3,4,1,29,32,3,2,22,167,15,72,127,86,5232,20886,30584,39274,1,3,2,6,7,2
212100,8292022420,1,3,0,0,0,0,5,5,1,3,4,1,29,32,3,2,22,167,15,72,127,86,5239,20896,30596,39289,1,3,2,6,7,2
212200,8295962851,1,3,0,0,0,0,5,5,1,3,4,1,29,32,3,2,22,167,15,72,127,86,5240,20904,30615,39311,1,3,2,6,7,2
212300,8299916761,1,3,0,0,0,0,5,5,1,3,4,1,29,32,3,2,22,167,15,72,127,86,5244,20909,30627,39324,1,3,2,6,7,2
212400,8303877424,1,3,0,0,0,0,5,5,1,3,4,1,29,32,3,2,22,167,15,72,127,86,5246,20914,30637,39342,1,3,2,6,7,2
212500,8307843333,1,3,0,0,0,0,5,6,1,3,4,1,29,32,3,2,22,168,15,73,127,86,5247,20922,30656,39358,1,3,2,6,7,2
212600,8311801429,1,3,0,0,0,0,5,6,1,3,4,1,29,32,3,2,22,168,15,73,127,86,5248,20931,30668,39376,1,3,2,6,7,2
212700,8315763868,1,3,0,0,0,0,5,6,1,3,4,1,29,32,3,2,22,168,15,73,127,86,5249,20938,30687,39395,1,3,2,6,7,2
212800,8319729379,1,3,0,0,0,0,5,6,1,3,4,1,29,32,3,2,22,168,15,73,127,86,5252,20946,30702,39411,1,3,2,6,7,2
212900,8323693928,1,3,0,0,0,0,5,6,1,3,4,1,29,32,3,2,22,168,15,73,127,86,5252,20953,30716,39431,1,3,2,6,7,2
213000,8327657627,1,3,0,0,0,0,5,6,1,3,4,1,29,32,3,2,22,168,15,73,127,86,5255,20963,30735,39445,1,3,2,6,7,2
213100,8331611288,1,3,0,0,0,0,5,6,1,3,4,1,29,32,3,2,22,168,15,73,127,86,5258,20968,30754,39468,1,3,2,6,7,2
213200,8335553678,1,3,0,0,0,0,5,6,1,3,4,1,29,32,3,2,22,168,15,73,127,86,5260,20984,30768,39493,1,3,2,6,7,2
213300,8339484938,1,3,0,0,0,0,5,6,1,3,4,1,29,32,3,2,22,168,15,73,127,86,5262,20993,30789,39512,1,3,2,6,7,2
213400,8343415308,1,3,0,0,0,0,5,6,1,3,4,1,29,32,3,2,22,168,15,74,127,86,5268,20997,30801,39529,1,3,2,6,7,2
213500,8347346932,1,3,0,0,0,0,5,6,1,3,4,1,29,32,3,2,22,168,15,74,127,86,5269,21001,30819,39542,1,3,2,6,8,2
213600,8351279396,1,3,0,0,0,0,5,6,1,3,4,1,29,32,3,2,22,168,15,74,127,86,5273,21009,30829,39559,1,3,2,6,8,2
213700,8355221350,1,3,0,0,0,0,5,6,1,3,4,1,29,32,3,2,22,168,15,74,127,86,5274,21015,30846,39573,1,3,2,6,8,2
213800,8359155511,1,3,0,0,0,0,5,6,1,3,4,1,30,32,3,2,22,168,15,74,127,86,5275,21024,30859,39597,1,3,2,6,8,2
213900,8363083067,1,3,0,0,0,0,5,6,1,3,4,1,30,32,3,2,22,168,15,74,127,86,5276,21035,30870,39618,1,3,2,6,8,2
214000,8367007013,1,3,0,0,0,0,5,6,1,3,4,1,30,32,3,2,22,168,15,74,127,86,5278,21048,30882,39643,1,3,2,6,8,2
214100,8370931003,1,3,0,0,0,0,5,6,1,3,4,1,30,32,3,2,22,168,15,74,127,86,5280,21065,30898,39660,1,3,2,6,8,2
214200,8374856827,1,3,0,0,0,0,5,6,1,3,4,1,30,32,3,2,22,168,15,75,127,86,5283,21076,30915,39679,1,3,2,6,8,2
214300,8378782742,1,3,0,0,0,0,5,6,1,3,4,1,30,32,3,2,22,168,15,75,127,86,5285,21085,30925,39695,1,3,2,6,8,2
214400,8382708408,1,3,0,0,0,0,5,6,1,3,4,1,30,32,3,2,22,168,15,75,127,86,5285,21096,30939,39716,1,3,2,6,8,2
214500,8386633860,1,3,0,0,0,0,5,6,1,3,4,1,30,32,3,2,22,168,15,75,127,86,5288,21102,30951,39735,1,3,2,6,8,2
214600,8390555366,1,3,0,0,0,0,5,6,1,3,4,1,30,32,3,2,22,168,15,75,127,86,5290,21114,30964,39751,1,3,2,6,8,2
214700,8394482547,1,3,0,0,0,0,5,6,1,3,4,1,30,32,3,2,22,168,15,75,128,86,5293,21116,30977,39774,1,3,2,6,8,2
214800,8398412197,1,3,0,0,0,0,5,6,1,3,4,1,30,32,3,2,22,168,15,75,128,86,5295,21121,30994,39799,1,3,2,6,8,2
214900,8402343757,1,3,0,0,0,0,5,6,1,3,4,1,30,32,3,2,22,169,15,75,128,86,5296,21127,31008,39812,1,3,2,6,8,2
215000,8406283309,1,3,0,0,0,0,5,6,1,3,4,1,30,32,3,2,22,169,15,75,128,86,5297,21137,31022,39836,1,3,2,6,8,2
215100,8410216506,1,3,0,0,0,0,5,6,1,3,4,1,30,32,3,2,22,169,15,75,128,86,5297,21142,31036,39858,1,3,2,6,8,2
215200,8414142481,1,3,0,0,0,0,5,6,1,3,4,1,30,32,3,2,22,169,15,75,128,86,5298,21151,31059,39872,1,3,2,6,8,2
215300,8418068971,1,3,0,0,0,0,5,6,1,3,4,1,30,32,3,2,22,169,15,75,128,86,5306,21163,31078,39890,1,3,2,6,8,2
215400,8421997085,1,3,0,0,0,0,5,6,1,3,4,1,30,32,3,2,22,169,15,75,128,86,5308,21173,31095,39907,1,3,2,6,8,2
215500,8425928022,1,3,0,0,0,0,5,6,1,3,4,1,30,32,3,2,22,169,15,75,128,86,5311,21180,31111,39928,1,3,2,6,8,2
215600,8429856797,1,3,0,0,0,0,5,6,1,3,4,1,30,32,3,2,22,169,15,75,128,86,5314,21192,31124,39950,1,3,2,6,8,2
215700,8433788979,1,3,0,0,0,0,5,6,1,3,4,1,30,32,3,2,22,169,15,75,128,86,5315,21203,31133,39966,1,3,2,6,8,2
215800,8437713583,1,3,0,0,0,0,5,6,1,3,4,1,30,32,3,2,22,169,15,75,128,86,5316,21212,31154,39986,1,3,2,6,8,2
215900,8441647015,1,3,0,0,0,0,5,6,1,3,4,1,30,32,3,2,22,169,15,75,128,86,5318,21224,31164,39998,1,3,2,6,8,2
216000,8445580929,1,3,0,0,0,0,5,6,1,3,4,1,30,32,3,2,22,169,15,75,128,86,5320,21231,31179,40022,1,3,2,6,8,2
216100,8449519509,1,3,0,0,0,0,5,6,1,3,4,1,30,32,3,2,22,169,15,75,128,86,5323,21241,31190,40033,1,3,2,6,8,2
216200,8453452087,1,3,0,0,0,0,5,6,1,3,4,1,30,32,3,2,22,169,15,75,128,86,5327,21264,31210,40056,1,3,2,6,8,2
216300,8457375881,1,3,0,0,0,0,5,6,1,3,4,1,30,32,3,2,22,169,15,75,128,86,5331,21280,31222,40071,1,3,2,6,8,2
216400,8461309089,1,3,0,0,0,0,5,6,1,3,4,1,30,32,3,2,22,169,15,75,128,86,5335,21285,31235,40087,1,3,2,6,8,2
216500,8465242793,1,3,0,0,0,0,5,6,1,3,4,1,30,32,3,2,22,169,15,75,128,86,5335,21295,31258,40108,1,3,2,6,8,2
216600,8469184233,1,3,0,0,0,0,5,6,1,3,4,1,30,32,3,2,22,169,15,75,128,86,5336,21310,31274,40127,1,3,2,6,8,2
216700,8473126856,1,3,0,0,0,0,5,6,1,3,4,1,30,32,3,2,22,169,15,75,128,86,5338,21320,31294,40147,1,3,2,6,8,2
216800,8477062710,1,3,0,0,0,0,5,6,1,3,4,1,30,32,3,2,22,169,15,75,128,86,5339,21331,31307,40170,1,3,2,6,8,2
216900,8481002584,1,3,0,0,0,0,5,6,1,3,4,1,30,32,3,2,22,169,15,75,128,86,5341,21345,31315,40186,1,3,2,6,8,2
217000,8484948978,1,3,0,0,0,0,5,6,1,3,4,1,30,32,3,2,22,169,15,75,128,86,5344,21359,31330,40200,1,3,2,6,8,2
217100,8488905917,1,3,0,0,0,0,5,6,1,3,4,1,30,32,3,2,22,169,15,75,128,86,5347,21371,31350,40220,1,3,2,6,8,2
217200,8492874006,1,3,0,0,0,0,5,6,1,3,4,1,30,32,3,2,22,169,15,75,128,86,5348,21381,31358,40243,1,3,2,6,8,2
217300,8496839487,1,3,0,0,0,0,5,6,1,3,4,1,30,32,3,2,22,169,15,75,128,86,5351,21396,31375,40265,1,3,2,6,8,2
217400,8500803753,1,3,0,0,0,0,5,6,1,3,4,1,30,32,3,2,22,169,15,75,128,86,5355,21408,31390,40291,1,3,2,6,8,2
217500,8504754090,1,3,0,0,0,0,5,6,1,3,4,1,30,32,3,2,22,169,15,75,128,86,5357,21424,31413,40313,1,3,2,6,8,2
217600,8508699626,1,3,0,0,0,0,5,6,1,3,4,1,30,32,3,2,22,169,15,75,128,86,5357,21433,31433,40328,1,3,2,6,8,2
217700,8512641984,1,3,0,0,0,0,5,6,1,3,4,1,30,32,3,2,22,169,15,75,128,86,5359,21447,31446,40347,1,3,2,6,8,2
217800,8516586627,1,3,0,0,0,0,5,6,1,3,4,1,30,32,3,2,22,169,15,75,128,86,5359,21451,31461,40365,1,3,2,6,8,2
217900,8520537116,1,3,0,0,0,0,5,6,1,3,4,1,30,32,3,2,22,169,15,75,128,86,5360,21459,31475,40382,1,3,2,6,8,2
218000,8524480520,1,3,0,0,0,0,5,6,1,3,4,1,30,32,3,2,22,169,15,75,128,86,5362,21474,31490,40395,1,3,2,6,8,2
218100,8528423104,1,3,0,0,0,0,5,6,1,3,4,1,30,32,3,2,22,170,15,76,128,86,5363,21482,31500,40413,1,3,2,6,8,2
218200,8532370156,1,3,0,0,0,0,5,6,1,3,4,1,31,32,3,2,22,170,15,76,128,86,5365,21488,31516,40428,1,3,2,6,8,2
218300,8536320386,1,3,0,0,0,0,5,6,1,3,4,1,31,32,3,2,22,170,15,76,128,87,5365,21498,31533,40443,1,3,2,6,8,2
218400,8540262487,1,3,0,0,0,0,5,6,1,3,4,1,31,32,3,2,22,171,15,76,128,87,5367,21509,31542,40460,1,3,2,6,8,2
218500,8544206753,1,3,0,0,0,0,5,6,1,3,4,1,31,32,3,2,22,171,15,76,128,87,5371,21516,31557,40476,1,3,2,6,8,2
218600,8548148324,1,3,0,0,0,0,5,6,1,3,4,1,31,32,3,2,22,171,15,76,128,87,5374,21523,31577,40495,1,3,2,6,8,2
218700,8552081154,1,3,0,0,0,0,5,6,1,3,4,1,31,32,3,2,22,171,15,76,128,87,5375,21533,31586,40510,1,3,2,6,8,2
218800,8556023556,1,3,0,0,0,0,5,6,1,3,4,1,31,32,3,2,22,171,15,76,128,87,5378,21549,31596,40533,1,3,2,6,8,2
218900,8559971770,1,3,0,0,0,0,5,6,1,3,4,1,31,32,3,2,22,171,15,76,128,88,5378,21559,31610,40549,1,3,2,6,8,2
219000,8563915999,1,3,0,0,0,0,5,6,1,3,4,1,31,32,3,2,22,171,15,76,128,88,5383,21568,31631,40564,1,3,2,6,8,2
219100,8567858613,1,3,0,0,0,0,5,6,1,3,4,1,31,32,3,2,22,171,15,76,128,88,5385,21579,31649,40583,1,3,2,6,8,2
219200,8571795796,1,3,0,0,0,0,5,6,1,3,4,1,31,32,3,2,22,171,15,76,128,88,5387,21592,31671,40609,1,3,2,6,8,2
219300,8575733765,1,3,0,0,0,0,5,6,1,3,4,1,31,32,3,2,22,171,15,76,129,88,5388,21600,31691,40637,1,3,2,6,8,2
219400,8579658035,1,3,0,0,0,0,5,6,1,3,4,1,31,32,3,2,22,171,15,76,129,88,5391,21615,31705,40655,1,3,2,6,8,2
219500,8583577557,1,3,0,0,0,0,5,6,1,3,4,1,31,32,3,2,22,171,15,76,129,88,5394,21622,31724,40675,1,3,2,6,8,2
219600,8587494014,1,3,0,0,0,0,5,6,1,3,4,1,31,32,3,2,22,171,15,77,129,88,5398,21631,31744,40685,1,3,2,6,8,2
219700,8591409468,1,3,0,0,0,0,5,6,1,3,4,1,31,32,3,2,22,172,15,77,129,88,5400,21651,31762,40703,1,3,2,6,8,2
219800,8595319463,1,3,0,0,0,0,5,6,1,3,4,1,31,32,3,2,22,172,15,77,129,88,5404,21660,31775,40719,1,3,2,6,8,2
219900,8599231875,1,3,0,0,0,0,5,6,1,3,4,1,31,32,3,2,22,172,15,77,129,88,5406,21665,31785,40735,1,3,2,6,8,2
220000,8603169173,1,3,0,0,0,0,5,6,1,3,4,1,31,32,3,2,22,172,15,77,129,88,5412,21673,31792,40752,1,3,2,6,8,2
220100,8607112267,1,3,0,0,0,0,5,6,1,3,4,1,31,32,3,2,22,172,15,77,129,88,5413,21681,31808,40770,1,3,2,6,8,2
220200,8611042907,1,3,0,0,0,0,5,6,1,3,4,1,31,32,3,2,22,172,15,77,129,88,5413,21691,31827,40784,1,3,2,6,8,2
220300,8614983476,1,3,0,0,0,0,5,6,1,3,4,1,31,32,3,2,22,172,15,77,129,88,5415,21701,31838,40804,1,3,2,6,8,2
220400,8618921602,1,3,0,0,0,0,5,6,1,3,4,1,31,32,3,2,22,172,15,77,129,88,5421,21705,31850,40820,1,3,2,6,8,2
220500,8622859473,1,3,0,0,0,0,5,6,1,3,4,1,31,32,3,2,22,172,15,77,129,88,5426,21717,31867,40832,1,3,2,6,8,2
220600,8626806929,1,3,0,0,0,0,5,6,1,3,4,1,31,32,3,2,22,172,15,77,129,88,5429,21723,31880,40848,1,3,2,6,8,2
220700,8630752456,1,3,0,0,0,0,5,6,1,3,4,1,31,32,3,2,22,172,15,77,129,88,5434,21737,31893,40868,1,3,2,6,8,2
220800,8634705413,1,3,0,0,0,0,5,6,1,3,4,1,31,32,3,2,22,172,15,77,129,88,5439,21743,31914,40884,1,3,2,6,8,2
220900,8638656626,1,3,0,0,0,0,5,6,1,3,4,1,31,32,3,2,22,172,15,77,129,88,5441,21756,31930,40901,1,3,2,6,8,2
221000,8642602514,1,3,0,0,0,0,5,6,1,3,4,1,31,32,3,2,22,172,15,77,129,88,5443,21769,31940,40911,1,3,2,6,8,2
221100,8646553151,1,3,0,0,0,0,5,6,1,3,4,1,31,32,3,2,22,172,15,77,129,88,5446,21782,31955,40938,1,3,2,6,8,2
221200,8650495251,1,3,0,0,0,0,5,6,1,3,4,1,31,32,3,2,22,172,15,77,129,88,5447,21788,31975,40959,1,3,2,6,8,2
221300,8654434322,1,3,0,0,0,0,5,6,1,3,4,1,31,32,3,2,22,172,15,77,129,88,5450,21796,31991,40980,1,3,2,6,8,2
221400,8658360858,1,3,0,0,0,0,5,6,1,3,4,1,31,32,3,2,22,172,15,78,130,88,5454,21810,32004,40997,1,3,2,6,8,2
221500,8662290988,1,3,0,0,0,0,5,6,1,3,4,1,31,32,3,2,22,172,15,78,130,88,5455,21818,32020,41017,1,3,2,6,8,2
221600,8666212238,1,3,0,0,0,0,5,6,1,3,4,1,31,32,3,2,22,173,15,78,130,88,5459,21827,32041,41039,1,3,2,6,8,2
221700,8670135618,1,3,0,0,0,0,5,6,1,3,4,1,31,32,3,2,22,173,15,78,130,88,5461,21836,32053,41058,1,3,2,6,8,2
221800,8674072089,1,3,0,0,0,0,5,6,1,3,4,1,31,33,3,2,22,173,15,78,130,88,5462,21849,32064,41070,1,3,2,6,8,2
221900,8678010210,1,3,0,0,0,0,5,6,1,3,4,1,31,33,3,2,22,173,15,78,130,88,5464,21859,32073,41090,1,3,2,6,8,2
222000,8681939669,1,3,0,0,0,0,5,6,1,3,4,1,31,33,3,2,22,173,15,78,130,88,5467,21872,32091,41115,1,3,2,6,8,2
222100,8685858013,1,3,0,0,0,0,5,6,1,3,4,1,31,33,3,2,22,173,15,78,130,89,5470,21883,32104,41130,1,3,2,6,8,2
222200,8689772748,1,3,0,0,0,0,5,6,1,3,4,1,31,33,3,2,22,173,15,78,130,89,5473,21898,32121,41148,1,3,2,6,8,2
222300,8693695165,1,3,0,0,0,0,5,6,1,3,4,1,31,33,3,2,22,173,15,78,130,89,5477,21906,32135,41161,1,3,2,6,8,2
222400,8697623628,1,3,0,0,0,0,5,6,1,3,4,1,31,33,3,2,22,173,15,78,130,89,5479,21917,32147,41176,1,3,2,6,8,2
222500,8701560854,1,3,0,0,0,0,5,6,1,3,4,1,31,33,3,2,22,173,15,78,130,89,5479,21931,32160,41191,1,3,2,6,8,2
222600,8705502432,1,3,0,0,0,0,5,6,1,3,4,1,31,33,3,2,22,173,15,78,130,89,5481,21935,32176,41212,1,3,2,6,8,2
222700,8709441029,1,3,0,0,0,0,5,6,1,3,4,1,31,33,3,2,22,173,15,78,130,89,5482,21956,32190,41239,1,3,2,6,8,2
222800,8713379340,1,3,0,0,0,0,5,6,1,3,4,1,31,33,3,2,22,173,15,78,130,89,5487,21962,32206,41263,1,3,2,6,8,2
222900,8717319468,1,3,0,0,0,0,5,6,1,3,4,1,31,33,3,2,22,173,15,78,130,89,5488,21974,32221,41278,1,3,2,6,8,2
223000,8721260855,1,3,0,0,0,0,5,6,1,3,4,1,31,33,3,2,23,173,15,78,130,89,5489,21981,32239,41292,1,3,2,6,8,2
223100,8725206011,1,3,0,0,0,0,5,6,1,3,4,1,31,33,3,2,23,173,15,78,130,89,5490,21989,32246,41308,1,3,2,6,8,2
223200,8729168361,1,3,0,0,0,0,5,6,1,3,4,1,31,33,3,2,23,173,15,78,130,89,5493,21997,32258,41330,1,3,2,6,8,2
223300,8733134707,1,3,0,0,0,0,5,6,1,3,4,1,31,33,3,2,23,173,15,78,130,89,5493,22008,32274,41352,1,3,2,6,8,2
223400,8737093280,1,3,0,0,0,0,5,6,1,3,4,1,31,33,3,2,23,173,15,78,130,89,5497,22019,32287,41371,1,3,2,6,8,2
223500,8741050271,1,3,0,0,0,0,5,6,1,3,4,1,31,33,3,2,23,173,15,78,130,89,5501,22027,32304,41395,1,3,2,6,8,2
223600,8745006876,1,3,0,0,0,0,5,6,1,3,4,1,31,33,3,2,23,173,15,78,130,89,5504,22042,32317,41418,1,3,2,6,8,2
223700,8748954994,1,3,0,0,0,0,5,6,1,3,4,1,31,33,3,2,23,173,15,78,130,89,5506,22054,32333,41439,1,3,2,6,8,2
223800,8752901573,1,3,0,0,0,0,5,6,1,3,4,1,31,33,3,2,23,174,15,78,130,89,5509,22068,32351,41457,1,3,2,6,8,2
223900,8756847502,1,3,0,0,0,0,5,6,1,3,4,1,31,33,3,2,23,174,15,78,130,89,5515,22078,32364,41479,1,3,2,6,8,2
224000,8760791400,1,3,0,0,0,1,5,6,1,3,4,1,31,33,3,2,23,174,15,78,130,89,5516,22088,32375,41488,1,3,2,6,8,2
224100,8764748575,1,3,0,0,0,1,5,6,1,3,4,1,31,33,3,2,23,174,15,78,130,89,5519,22098,32384,41502,1,3,2,6,8,2
224200,8768710124,1,3,0,0,0,1,5,6,1,3,4,1,31,33,3,2,23,174,15,78,130,89,5522,22106,32401,41528,1,3,2,6,8,2
224300,8772659424,1,3,0,0,0,1,5,6,1,3,4,1,32,33,3,2,23,174,15,78,130,90,5525,22114,32416,41551,1,3,2,6,8,2
224400,8776602120,1,3,0,0,0,1,5,6,1,3,4,1,32,33,3,2,23,175,15,78,130,90,5530,22132,32428,41574,1,3,2,6,8,2
224500,8780535875,1,3,0,0,0,1,5,6,1,3,4,1,32,33,3,2,23,175,15,79,130,90,5533,22143,32446,41590,1,3,2,6,8,2
224600,8784477006,1,3,0,0,0,1,5,6,1,3,4,1,32,33,3,2,23,176,15,79,130,90,5535,22156,32456,41612,1,3,2,6,8,2
224700,8788407997,1,3,0,0,0,1,5,6,1,3,4,1,32,33,3,2,23,176,15,79,130,90,5538,22168,32474,41631,1,3,2,6,8,2
224800,8792334421,1,3,0,0,0,1,5,6,1,3,4,1,32,33,3,2,23,176,15,79,130,90,5544,22177,32484,41647,1,3,2,6,8,2
224900,8796266085,1,3,0,0,0,1,5,6,1,3,4,1,32,33,3,2,23,176,15,79,130,90,5547,22183,32489,41676,1,3,2,6,9,2
225000,8800194388,1,3,0,0,0,1,5,6,1,3,4,1,32,33,3,2,23,176,15,79,130,90,5547,22190,32500,41700,1,3,2,6,9,2
225100,8804118624,1,3,0,0,0,1,5,6,1,3,4,1,32,33,3,2,23,176,15,79,130,90,5549,22199,32518,41722,1,3,2,6,9,2
225200,8808040057,1,3,0,0,0,1,5,6,1,3,4,1,32,33,3,2,23,176,15,79,130,90,5549,22213,32532,41744,1,3,2,6,9,2
225300,8811956893,1,3,0,0,0,1,5,6,1,3,4,1,32,33,3,2,23,176,15,79,130,90,5552,22225,32550,41760,1,3,2,6,9,2
225400,8815879981,1,3,0,0,0,1,5,6,1,3,4,1,32,33,3,2,23,176,15,79,130,90,5554,22235,32565,41778,1,3,2,6,9,2
225500,8819783112,1,3,0,0,0,1,5,6,1,3,4,1,32,33,3,2,23,176,15,79,130,90,5556,22244,32588,41797,1,3,2,6,9,2
225600,8823691853,1,3,0,0,0,1,5,6,1,3,4,1,32,33,3,2,23,176,15,79,130,90,5556,22249,32598,41820,1,3,2,6,9,2
225700,8827592236,1,3,0,0,0,1,5,6,1,3,4,1,32,33,3,2,23,176,15,79,130,90,5556,22259,32616,41842,1,3,2,6,9,2
225800,8831504301,1,3,0,0,0,1,5,6,1,3,4,1,32,33,3,2,23,177,15,79,130,91,5556,22267,32626,41854,1,3,2,6,9,2
225900,8835423181,1,3,0,0,0,1,5,6,1,3,4,1,32,33,3,2,23,177,15,79,130,91,5557,22280,32640,41871,1,3,2,6,9,2
226000,8839339582,1,3,0,0,0,1,5,6,1,3,4,1,32,33,3,2,23,177,15,79,130,91,5557,22292,32655,41884,1,3,2,6,9,2
226100,8843249409,1,3,0,0,0,1,5,6,1,3,4,1,32,33,3,2,23,177,15,79,130,91,5561,22302,32666,41906,1,3,2,6,9,2
226200,8847152762,1,3,0,0,0,1,5,6,1,3,4,1,32,33,3,2,23,177,15,79,130,91,5564,22314,32680,41919,1,3,2,6,9,2
226300,8851063639,1,3,0,0,0,1,5,6,1,3,4,1,32,33,3,2,23,177,15,79,130,92,5566,22321,32692,41944,1,3,2,6,9,2
226400,8854971875,1,3,0,0,0,1,5,6,1,3,4,1,32,33,3,2,23,177,15,79,130,93,5567,22328,32700,41966,1,3,2,6,10,2
226500,8858884525,1,3,0,0,0,1,5,6,1,3,4,1,32,33,3,2,23,177,15,79,130,93,5572,22338,32716,41995,1,3,2,6,10,2
226600,8862792286,1,3,0,0,0,1,5,6,1,3,4,1,32,33,3,2,23,177,15,79,130,93,5574,22351,32734,42011,1,3,2,6,10,2
226700,8866705602,1,3,0,0,0,1,5,6,1,3,4,1,32,33,3,2,23,177,15,79,130,93,5575,22358,32750,42032,1,3,2,6,10,2
226800,8870619094,1,3,0,0,0,1,5,6,1,3,4,1,33,33,3,2,23,177,15,79,130,93,5576,22368,32766,42045,1,3,2,6,10,2
226900,8874542788,1,3,0,0,0,1,5,6,1,3,4,1,33,33,3,2,23,177,15,79,130,93,5578,22379,32787,42060,1,3,2,6,10,2
227000,8878457779,1,3,0,0,0,1,5,6,1,3,4,1,33,33,3,2,23,177,15,79,130,93,5578,22388,32797,42075,1,3,2,6,10,2
227100,8882383111,1,3,0,0,0,1,5,6,1,3,4,1,33,33,3,2,23,177,15,79,130,93,5581,22397,32816,42093,1,3,2,6,10,2
227200,8886317767,1,3,0,0,0,1,5,6,1,3,4,1,33,33,3,2,23,177,15,79,130,93,5581,22410,32831,42105,1,3,2,6,10,2
227300,8890251264,1,3,0,0,0,1,5,6,1,3,4,1,33,33,3,2,23,177,15,79,130,94,5584,22418,32846,42129,1,3,2,6,10,2
227400,8894189260,1,3,0,0,0,1,5,6,1,3,4,1,33,33,3,2,23,177,15,79,130,94,5585,22422,32857,42149,1,3,2,6,10,2
227500,8898131857,1,3,0,0,0,1,5,6,1,3,4,1,33,33,3,2,23,177,15,79,130,94,5587,22434,32876,42172,1,3,2,6,10,2
227600,8902069791,1,3,0,0,0,1,5,6,1,3,4,1,33,33,3,2,23,177,15,79,130,94,5587,22446,32886,42191,1,3,2,6,10,2
227700,8906013153,1,3,0,0,0,1,5,6,1,3,4,1,33,33,3,2,23,177,15,79,130,94,5589,22452,32901,42202,1,3,2,6,10,2
227800,8909948672,1,3,0,0,0,1,5,6,1,3,4,1,33,33,3,2,23,177,15,79,130,94,5591,22468,32919,42222,1,3,2,6,10,2
227900,8913872939,1,3,0,0,0,1,5,6,1,3,4,1,33,33,3,2,23,177,15,79,131,94,5595,22479,32927,42245,1,3,2,6,10,2
228000,8917795077,2,3,0,0,0,1,5,6,1,3,4,1,33,33,3,2,23,177,15,79,132,94,5597,22490,32940,42267,1,3,2,6,10,2
228100,8921703099,2,3,0,0,0,1,5,6,1,3,4,1,33,33,3,2,23,177,15,79,132,94,5599,22500,32957,42288,1,3,2,6,10,2
228200,8925616955,2,3,0,0,0,1,5,6,1,3,4,1,33,33,3,2,23,177,15,79,132,94,5604,22508,32971,42301,1,3,2,6,10,2
228300,8929536719,2,3,0,0,0,1,5,6,1,3,4,1,33,33,3,2,23,177,15,79,132,94,5608,22515,32979,42322,1,3,2,6,10,2
228400,8933449216,2,3,0,0,0,1,5,6,1,3,4,1,33,33,3,2,23,177,15,79,132,94,5608,22524,32999,42351,1,3,2,6,10,2
228500,8937367109,2,3,0,0,0,1,5,6,1,3,4,1,33,33,3,2,23,177,15,79,132,94,5612,22536,33009,42365,1,3,2,6,10,2
228600,8941284517,2,3,0,0,0,1,5,6,1,3,4,1,33,33,3,2,23,178,15,79,132,94,5614,22538,33023,42379,1,3,2,6,10,2
228700,8945209011,2,3,0,0,0,1,5,6,1,3,4,1,33,33,3,2,23,178,15,79,132,94,5616,22547,33039,42396,1,3,2,6,10,2
228800,8949132608,2,3,0,0,0,1,5,6,1,3,4,1,33,33,3,2,24,178,15,79,132,94,5618,22557,33056,42414,1,3,2,6,10,2
228900,8953052882,2,3,0,0,0,1,5,6,1,3,4,1,33,33,3,2,24,178,15,79,132,94,5620,22563,33066,42437,1,3,2,6,10,2
229000,8956982476,2,3,0,0,0,1,5,6,1,3,4,1,33,33,3,2,24,178,15,79,132,94,5624,22570,33079,42453,1,3,2,6,10,2
229100,8960910412,2,3,0,0,0,1,5,6,1,3,4,1,33,33,3,2,24,178,15,79,133,95,5625,22576,33093,42478,1,3,2,6,10,2
229200,8964835880,2,3,0,0,0,1,5,6,1,3,4,1,33,33,3,2,24,178,15,79,133,95,5628,22586,33097,42494,1,3,2,6,10,2
229300,8968776066,2,3,0,0,0,1,5,6,1,4,4,1,33,33,3,2,24,178,15,79,133,95,5630,22592,33111,42505,1,3,2,6,10,2
229400,8972721678,2,3,0,0,0,1,5,6,1,4,4,1,33,33,3,2,24,178,15,79,133,95,5636,22605,33124,42529,1,3,2,6,10,2
229500,8976661163,2,3,0,0,0,1,5,6,1,4,4,1,33,33,3,3,24,178,15,79,133,95,5638,22613,33139,42551,1,3,2,6,10,2
229600,8980610294,2,3,0,0,0,1,5,6,1,4,4,1,33,33,3,3,24,178,15,79,133,95,5641,22625,33151,42567,1,3,2,6,10,2
229700,8984565096,2,3,0,0,0,1,5,6,1,4,4,1,33,33,3,3,24,178,15,79,133,95,5641,22633,33164,42582,1,3,2,6,10,2
229800,8988531003,2,3,0,0,0,1,5,6,1,4,4,1,33,33,3,3,24,178,15,79,133,95,5642,22639,33177,42599,1,3,2,6,10,2
229900,8992505664,2,3,0,0,0,1,5,6,1,4,4,1,33,33,3,3,24,178,15,79,133,95,5644,22645,33191,42611,1,3,2,6,10,2
230000,8996468315,2,3,0,0,0,1,5,6,1,4,4,1,33,33,3,3,24,178,15,79,133,95,5647,22657,33208,42630,1,3,2,6,10,2
230100,9000418261,2,3,0,0,0,1,5,6,1,4,4,1,33,33,3,3,24,178,15,79,133,96,5650,22665,33226,42647,1,3,2,6,10,2
230200,9004371302,2,3,0,0,0,1,5,6,1,4,4,1,33,33,3,3,24,178,15,79,133,96,5652,22679,33241,42667,1,3,2,6,10,2
230300,9008321124,2,3,0,0,0,1,5,6,1,4,4,1,33,33,3,3,24,178,15,79,133,96,5653,22689,33257,42687,1,3,2,6,10,2
230400,9012271434,2,3,0,0,0,1,5,6,1,4,4,1,33,33,3,3,24,178,15,79,133,96,5654,22702,33272,42708,1,3,2,6,10,2
230500,9016218042,2,3,0,0,0,1,5,6,1,4,4,1,33,33,3,4,24,178,15,79,133,96,5655,22709,33285,42735,1,3,2,6,10,2
230600,9020161415,2,3,0,0,0,1,5,6,1,4,4,1,33,33,3,4,24,178,15,79,133,96,5660,22719,33296,42753,1,3,2,6,10,2
230700,9024111138,2,3,0,0,0,1,5,6,1,4,4,1,33,33,3,4,24,178,15,79,133,96,5664,22724,33317,42773,1,3,2,6,10,2
230800,9028061663,2,3,0,0,0,1,5,6,1,4,4,1,33,33,3,4,24,178,15,79,133,96,5667,22735,33333,42792,1,3,2,6,10,2
230900,9032013387,2,3,0,0,0,1,5,6,1,4,4,1,33,33,3,4,24,178,15,79,133,96,5673,22743,33345,42811,1,3,2,6,10,2
231000,9035959791,2,3,0,0,0,1,5,6,1,4,4,1,33,33,3,4,24,178,15,79,133,96,5677,22757,33368,42841,1,3,2,6,10,2
231100,9039892508,2,3,0,0,0,1,5,6,1,4,4,1,33,33,3,4,24,179,15,79,133,96,5678,22771,33383,42860,1,3,2,6,10,2
231200,9043827863,2,3,0,0,0,1,5,6,1,4,4,1,33,33,3,4,24,179,15,79,133,96,5680,22784,33397,42882,1,3,2,6,10,2
231300,9047769541,2,3,0,0,0,1,5,6,1,4,4,1,33,33,3,4,24,179,15,79,133,96,5683,22788,33413,42898,1,3,2,6,10,2
231400,9051707806,2,3,0,0,0,1,5,6,1,4,4,1,33,33,3,4,24,179,15,79,133,96,5686,22802,33425,42925,1,3,2,6,10,2
231500,9055645163,2,3,0,0,0,1,5,6,1,4,4,1,33,33,3,4,24,179,15,79,133,96,5690,22819,33436,42948,1,3,2,6,10,2
231600,9059578924,2,3,0,0,0,1,5,6,1,4,4,1,33,33,3,4,24,179,15,79,133,96,5690,22832,33450,42968,1,3,2,6,10,2
231700,9063514634,2,3,0,0,0,1,5,6,1,4,4,1,33,33,3,4,24,179,15,79,133,96,5694,22838,33470,42988,1,3,2,6,10,2
231800,9067450180,2,3,0,0,0,1,5,6,1,4,4,1,33,33,3,4,24,179,15,79,133,96,5695,22843,33485,43007,1,3,2,6,10,2
231900,9071397462,2,3,0,0,0,1,5,6,1,4,4,1,33,33,3,4,24,179,15,79,133,96,5697,22856,33503,43019,1,3,2,6,10,2
232000,9075342682,2,3,0,0,0,1,5,6,1,4,4,1,33,33,3,4,24,179,15,79,133,96,5700,22868,33513,43035,1,3,3,6,10,2
232100,9079294252,2,3,0,0,0,1,5,6,1,4,4,1,34,33,3,4,24,179,15,79,133,96,5700,22876,33527,43047,1,3,3,6,10,2
232200,9083249488,2,3,0,0,0,1,5,6,1,4,4,1,34,33,3,4,24,179,15,79,133,96,5703,22890,33541,43066,1,3,3,6,10,2
232300,9087199793,2,3,0,0,0,1,5,6,1,4,4,1,34,33,3,4,24,179,15,79,133,96,5706,22902,33559,43089,1,3,3,6,10,2
232400,9091128600,2,3,0,0,0,1,5,6,1,4,4,1,34,33,3,4,24,179,15,79,133,96,5712,22914,33573,43114,1,3,3,6,10,2
232500,9095056198,2,3,0,0,0,1,5,6,1,4,4,1,34,33,3,4,24,179,15,79,133,96,5718,22927,33588,43123,1,3,3,6,10,2
232600,9098991348,2,3,0,0,0,1,5,6,1,4,4,1,34,33,3,4,24,179,15,79,133,96,5719,22933,33607,43148,1,3,3,6,10,2
232700,9102932769,2,3,0,0,0,1,5,6,1,4,4,1,34,33,3,4,24,180,15,79,133,96,5722,22937,33630,43165,1,3,3,6,10,2
232800,9106871993,2,3,0,0,0,1,5,6,1,4,4,1,34,33,3,4,24,180,15,79,133,96,5724,22951,33646,43189,1,3,3,6,10,2
232900,9110810310,2,3,0,0,0,1,5,6,1,4,4,1,34,33,3,4,24,180,15,79,133,96,5725,22961,33662,43201,1,3,3,6,10,2
233000,9114745255,2,3,0,0,0,1,5,6,1,4,4,1,34,33,3,4,24,180,15,79,133,96,5728,22977,33678,43229,1,3,3,6,10,2
233100,9118676604,2,3,0,0,0,1,5,6,1,4,4,1,34,33,3,4,24,180,15,79,133,96,5734,22988,33689,43254,1,3,3,6,10,2
233200,9122602376,2,3,0,0,0,1,5,6,1,4,4,1,34,33,3,4,24,180,15,79,133,96,5735,22992,33706,43278,1,3,3,6,10,2
233300,9126525553,2,3,0,0,0,1,5,6,1,4,4,1,34,33,3,4,24,180,15,79,133,96,5736,23004,33722,43291,1,3,3,6,10,2
233400,9130453611,2,3,0,0,0,1,5,6,1,4,4,1,34,33,3,4,24,180,15,79,133,96,5738,23010,33735,43306,1,3,3,6,10,2
233500,9134385490,2,3,0,0,0,1,5,6,1,4,4,1,34,33,3,4,24,180,15,79,133,96,5738,23017,33750,43330,1,3,3,6,10,2
233600,9138311764,2,3,0,0,0,1,5,6,1,4,4,1,34,33,3,4,24,181,15,79,133,96,5738,23019,33768,43348,1,3,3,6,10,2
233700,9142237680,2,3,0,0,0,1,5,6,1,4,4,1,34,33,3,4,24,181,15,79,133,97,5739,23028,33780,43372,1,3,3,6,10,2
233800,9146169329,2,3,0,0,0,1,5,6,1,4,4,1,34,33,3,4,24,181,15,79,133,97,5740,23036,33795,43386,1,3,3,6,10,2
233900,9150105312,2,3,0,0,0,1,5,6,1,4,4,1,34,33,3,4,24,181,15,79,133,97,5741,23043,33813,43406,1,3,3,6,10,2
234000,9154032953,2,3,0,0,0,1,5,6,1,4,4,1,34,33,3,4,24,181,15,79,133,97,5744,23057,33827,43426,1,3,3,6,10,2
234100,9157959942,2,3,0,0,0,1,5,6,1,4,4,1,34,33,3,4,24,181,15,80,133,97,5745,23063,33844,43439,1,3,3,6,10,2
234200,9161896727,2,3,0,0,0,1,5,6,1,4,4,1,34,33,3,4,24,182,15,80,133,98,5746,23071,33862,43459,1,3,3,6,10,2
234300,9165828177,2,3,0,0,0,1,5,6,1,4,4,1,34,34,3,4,24,182,15,80,133,98,5747,23079,33875,43474,1,3,3,6,10,2
234400,9169761949,2,3,0,0,0,1,5,6,1,4,4,1,34,34,3,4,24,182,15,80,133,98,5747,23090,33882,43493,1,3,3,6,10,2
234500,9173702102,2,3,0,0,0,1,5,6,1,4,4,1,34,34,3,4,24,182,15,80,133,98,5754,23099,33900,43517,1,3,3,6,10,2
234600,9177646461,2,3,0,0,0,1,5,6,1,4,4,1,34,34,3,4,24,182,15,80,133,98,5755,23109,33916,43541,1,3,3,6,10,2
234700,9181588244,2,3,0,0,0,1,5,6,1,4,4,1,34,34,3,4,24,182,15,80,133,99,5757,23114,33934,43558,1,3,3,6,10,2
234800,9185537680,2,3,0,0,0,1,5,6,1,4,4,1,34,34,3,4,24,182,15,80,133,99,5758,23125,33950,43577,1,3,3,6,10,2
234900,9189500002,2,3,0,0,0,1,5,6,1,4,4,1,34,34,3,4,24,182,15,80,133,99,5763,23136,33968,43601,1,3,3,6,10,2
235000,9193462765,2,3,0,0,0,1,5,6,1,4,4,1,34,34,3,4,24,182,15,80,133,99,5763,23142,33980,43632,1,3,3,6,10,2
235100,9197409685,2,3,0,0,0,1,5,6,1,4,4,1,34,34,3,4,24,182,15,80,133,99,5767,23153,33996,43658,1,3,3,6,10,2
235200,9201345885,2,3,0,0,0,1,5,6,1,4,4,1,34,34,3,4,24,182,15,80,133,99,5772,23161,34016,43677,1,3,3,6,10,2
235300,9205274933,2,3,0,0,0,1,5,6,1,4,4,1,34,34,3,4,24,182,15,80,133,99,5774,23176,34038,43698,1,3,3,6,10,2
235400,9209204337,2,3,0,0,0,1,5,6,1,4,4,1,34,34,3,4,24,182,15,80,133,99,5778,23181,34050,43710,1,3,3,6,10,2
235500,9213137000,2,3,0,0,0,1,5,6,1,4,4,1,34,34,3,4,24,182,15,80,133,99,5779,23191,34065,43735,1,3,3,6,10,2
235600,9217072801,2,3,0,0,0,1,5,6,1,4,4,1,34,34,3,4,24,182,15,80,133,99,5786,23197,34082,43754,1,3,3,6,10,2
235700,9221015535,2,3,0,0,0,1,5,6,1,4,4,1,34,34,3,4,24,182,15,80,133,100,5788,23209,34096,43765,1,3,3,6,10,2
235800,9224967391,2,3,0,0,0,1,5,6,1,4,4,1,34,34,3,4,24,182,15,80,133,100,5791,23220,34110,43781,1,3,3,6,10,2
235900,9228918924,2,3,0,0,0,1,5,6,1,4,4,1,34,34,3,4,24,182,15,80,133,100,5792,23229,34126,43803,1,3,3,6,10,2
236000,9232863484,2,3,0,0,0,1,5,6,1,4,4,1,34,34,3,4,24,182,15,80,133,100,5797,23236,34138,43820,1,3,3,6,10,2
236100,9236812640,2,3,0,0,0,1,5,6,1,4,4,1,34,34,3,4,24,182,15,80,133,100,5801,23252,34159,43840,1,3,3,6,10,2
236200,9240748064,2,3,0,0,0,1,5,6,1,4,4,1,34,34,3,4,24,182,15,80,133,100,5806,23264,34172,43862,1,3,3,6,10,2
236300,9244682847,2,3,0,0,0,1,5,6,1,4,4,1,34,34,3,4,24,182,15,80,133,100,5806,23277,34180,43881,1,3,3,6,10,2
236400,9248619073,2,3,0,0,0,1,5,6,1,4,4,1,34,34,3,4,24,182,15,80,133,100,5809,23286,34196,43896,1,3,3,6,10,2
236500,9252556344,2,3,0,0,0,1,5,6,1,4,4,1,34,34,3,4,24,182,15,80,133,100,5815,23295,34216,43914,1,3,3,6,10,2
236600,9256501982,2,3,0,0,0,1,5,6,1,4,4,1,34,34,3,4,24,183,15,80,133,100,5816,23308,34230,43936,1,3,3,6,10,2
236700,9260444315,2,3,0,0,0,1,5,6,1,4,4,1,34,34,3,4,24,183,15,80,133,100,5821,23312,34243,43953,1,3,3,6,10,2
236800,9264386937,2,3,0,0,0,1,5,6,1,4,4,1,34,34,3,4,24,183,15,80,133,100,5824,23326,34260,43970,1,3,3,6,10,2
236900,9268320045,2,3,0,0,0,1,5,6,1,4,4,1,34,34,3,4,24,183,15,80,133,100,5826,23339,34277,43989,1,3,3,6,10,2
237000,9272258678,2,3,0,0,0,1,5,6,1,4,4,1,34,34,3,4,24,183,15,80,133,100,5826,23352,34292,44009,1,3,3,6,10,2
237100,9276197691,2,3,0,0,0,1,5,6,1,4,4,1,34,34,3,4,24,183,15,80,133,100,5828,23361,34308,44025,1,3,3,6,10,2
237200,9280135677,2,3,0,0,0,1,5,6,1,4,4,1,34,34,3,4,24,183,15,80,133,100,5832,23373,34326,44040,1,3,3,6,10,2
237300,9284078932,2,3,0,0,0,1,5,6,1,4,4,1,34,34,3,4,24,183,15,80,133,100,5833,23389,34339,44056,1,3,3,6,10,2
237400,9288018001,2,3,0,0,0,1,5,6,1,4,4,1,34,34,3,4,24,184,15,80,133,100,5836,23398,34348,44070,1,3,3,6,10,2
237500,9291952331,2,3,0,0,0,1,5,6,1,4,4,1,34,34,3,4,24,184,15,80,133,100,5839,23405,34363,44089,1,3,3,6,10,2
237600,9295879145,2,3,0,0,0,1,5,6,1,4,4,1,34,34,3,4,24,184,15,81,133,100,5841,23415,34377,44104,1,3,3,6,10,2
237700,9299803101,2,3,0,0,0,1,5,6,1,4,4,1,34,34,3,4,24,184,15,81,133,100,5843,23422,34390,44127,1,3,3,6,10,2
237800,9303734163,2,3,0,0,0,1,5,6,1,4,4,1,34,34,3,4,24,184,15,81,133,100,5847,23430,34412,44142,1,3,3,6,10,2
237900,9307662690,2,3,0,0,0,1,5,6,1,4,4,1,34,34,3,4,24,185,15,81,133,100,5852,23440,34424,44159,1,3,3,6,10,2
238000,9311573940,2,3,0,0,0,1,5,6,1,4,4,1,34,35,3,4,24,185,15,81,133,100,5853,23450,34433,44185,1,3,3,6,10,2
238100,9315496590,2,3,0,0,0,1,5,6,1,4,4,1,34,35,3,4,24,185,15,81,133,100,5854,23458,34452,44196,1,3,3,6,10,2
238200,9319413951,2,3,0,0,0,1,5,6,1,4,4,1,34,35,3,4,24,185,15,81,133,100,5856,23467,34461,44225,1,3,3,6,10,2
238300,9323330347,2,3,0,0,0,1,5,6,1,4,4,1,34,35,3,4,24,185,15,81,133,100,5860,23475,34478,44243,1,3,3,6,10,2
238400,9327254211,2,3,0,0,0,1,5,6,1,4,4,1,34,35,3,4,24,185,15,81,133,100,5860,23483,34488,44267,1,3,3,6,10,2
238500,9331186515,2,3,0,0,0,1,5,6,1,4,4,1,34,35,3,4,24,185,15,82,133,100,5863,23491,34504,44282,1,3,3,6,10,2
238600,9335122980,2,3,0,0,0,1,5,6,1,4,4,1,34,35,3,4,24,185,15,82,133,100,5866,23503,34515,44301,1,3,3,6,10,2
238700,9339067855,2,3,0,0,0,1,5,6,1,4,4,1,34,35,3,4,24,185,15,82,133,101,5869,23516,34534,44320,1,3,3,6,10,2
238800,9343010651,2,3,0,0,0,1,5,6,1,4,4,1,34,35,3,4,24,185,15,82,133,101,5872,23527,34554,44337,1,3,3,6,10,2
238900,9346948856,2,3,0,0,0,1,5,6,1,4,4,1,34,35,3,4,24,186,15,82,134,101,5873,23539,34580,44356,1,3,3,6,10,2
239000,9350875070,2,3,0,0,0,1,5,6,1,4,4,1,34,35,3,4,24,186,15,82,134,101,5873,23547,34597,44381,1,3,3,6,10,2
239100,9354798118,2,3,0,0,0,1,5,6,1,4,4,1,34,35,3,4,24,186,15,82,134,101,5876,23557,34617,44397,1,3,3,6,10,2
239200,9358726996,2,3,0,0,0,1,5,6,1,4,4,1,34,35,3,4,24,186,15,82,134,101,5878,23571,34628,44412,1,3,3,6,10,2
239300,9362662664,2,3,0,0,0,1,5,6,1,4,4,1,34,35,3,4,24,186,15,82,134,101,5883,23581,34647,44438,1,3,3,6,10,2
239400,9366597547,2,3,0,0,0,1,5,6,1,4,4,1,34,35,3,4,24,186,15,82,134,101,5887,23594,34658,44454,1,3,3,6,10,2
239500,9370529622,2,3,0,0,0,1,5,6,1,4,4,1,34,35,3,4,24,186,15,82,134,101,5889,23607,34674,44479,1,3,3,6,10,2
239600,9374457536,2,3,0,0,0,1,5,6,1,4,4,1,34,35,3,4,24,186,15,82,134,101,5893,23617,34693,44492,1,4,3,6,10,2
239700,9378387053,2,3,0,0,0,1,5,6,1,4,4,1,34,35,3,4,24,186,15,82,134,101,5895,23626,34712,44505,1,4,3,6,10,2
239800,9382320379,2,3,0,0,0,1,5,6,1,4,4,1,34,35,3,4,24,186,15,82,134,101,5896,23635,34724,44519,1,4,3,6,10,2
239900,9386244758,2,3,0,0,0,1,5,6,1,4,4,1,34,35,3,4,24,186,15,82,134,101,5899,23644,34739,44538,1,4,3,6,10,2
240000,9390175655,2,3,0,0,0,1,5,6,1,4,4,1,34,35,3,4,24,186,15,82,134,101,5901,23656,34755,44563,1,4,3,6,10,2
240100,9394103868,2,3,0,0,0,1,5,6,1,4,4,1,34,35,3,4,24,186,15,82,134,101,5902,23663,34770,44577,1,4,3,6,10,2
240200,9398033799,2,3,0,0,0,1,5,6,1,4,4,1,34,35,3,4,24,186,15,82,134,101,5903,23674,34783,44600,1,4,3,6,10,2
240300,9401971177,2,3,0,0,0,1,5,6,1,4,4,1,34,35,3,4,24,186,15,82,134,101,5909,23679,34795,44614,1,4,3,6,10,2
240400,9405903329,2,3,0,0,0,1,5,6,1,4,4,1,34,35,3,4,24,186,15,82,134,101,5910,23688,34814,44633,1,4,3,6,10,2
240500,9409840106,2,3,0,0,0,1,5,6,1,4,4,1,34,35,3,4,24,186,15,82,134,101,5914,23700,34828,44649,1,4,3,6,10,2
240600,9413769842,2,3,0,0,0,1,5,6,1,4,4,1,34,35,3,4,24,186,15,82,134,101,5914,23710,34846,44668,1,4,3,6,10,2
240700,9417704268,2,3,0,0,0,1,5,6,1,4,4,1,34,35,3,4,24,186,15,82,134,101,5918,23717,34864,44686,1,4,3,6,10,2
240800,9421640155,2,3,0,0,0,1,5,6,1,4,4,1,34,35,3,4,24,186,15,82,134,101,5920,23725,34881,44705,1,4,3,6,10,2
240900,9425583525,2,3,0,0,0,1,5,6,1,4,4,1,34,35,3,4,24,186,15,82,134,101,5923,23731,34894,44722,1,4,3,6,10,2
241000,9429518766,2,3,0,0,0,1,5,6,1,4,4,1,34,35,3,4,24,186,15,82,134,101,5926,23744,34913,44732,1,4,3,6,10,2
241100,9433451603,2,3,0,0,0,1,5,6,1,4,4,1,34,36,3,4,24,186,15,82,134,101,5928,23749,34934,44756,1,4,3,6,10,2
241200,9437375635,2,3,0,0,0,1,5,6,1,4,4,1,34,36,3,4,24,186,15,83,134,101,5929,23754,34947,44770,1,4,3,6,10,2
241300,9441299907,2,3,0,0,0,1,5,6,1,4,4,1,34,36,3,4,24,186,15,83,134,101,5932,23768,34960,44792,1,4,3,6,10,2
241400,9445220905,2,3,0,0,0,1,5,6,1,4,4,1,34,36,3,4,24,186,15,83,134,101,5937,23783,34975,44815,1,4,3,6,10,2
241500,9449132434,2,3,0,0,0,1,5,6,1,4,4,1,34,36,3,4,24,186,15,83,134,101,5938,23796,34992,44826,1,4,3,6,10,2
241600,9453041651,2,3,0,0,0,1,5,6,1,4,4,1,34,36,3,4,24,186,15,83,134,101,5938,23805,35003,44847,1,4,3,6,10,2
241700,9456952881,2,3,0,0,0,1,5,6,1,4,4,1,34,36,3,4,24,186,15,83,134,101,5939,23817,35021,44862,1,4,3,6,10,2
241800,9460867026,2,3,0,0,0,1,5,6,1,4,4,1,34,36,3,4,24,186,15,83,135,101,5939,23830,35039,44877,1,4,3,6,10,2
241900,9464790854,2,3,0,0,0,1,5,6,1,4,4,1,34,36,3,4,24,186,15,83,135,101,5941,23840,35053,44900,1,4,3,6,10,2
242000,9468721935,2,3,0,0,0,1,5,6,1,4,4,1,34,36,3,4,24,186,15,84,135,101,5942,23848,35064,44920,1,4,3,6,10,2
242100,9472657698,2,3,0,0,0,1,5,6,1,4,4,1,34,36,3,4,24,186,15,84,135,101,5943,23857,35075,44937,1,4,3,6,10,2
242200,9476597933,2,3,0,0,0,1,5,6,1,4,4,1,34,36,3,4,24,186,15,84,135,101,5946,23864,35082,44962,1,4,3,6,10,2
242300,9480549050,2,3,0,0,0,1,5,6,1,4,4,1,34,36,3,4,24,186,15,84,135,101,5952,23879,35092,44979,1,4,3,6,10,2
242400,9484493027,2,3,0,0,0,1,5,6,1,4,4,1,34,36,3,4,24,186,15,84,135,101,5952,23892,35111,45003,1,4,3,6,10,2
242500,9488440967,2,3,0,0,0,1,5,6,1,4,4,1,34,36,3,4,24,186,15,84,135,101,5953,23896,35128,45022,1,4,3,6,10,2
242600,9492390357,2,3,0,0,0,1,5,6,1,4,4,1,34,36,3,4,24,186,15,84,135,101,5954,23905,35138,45040,1,4,3,6,10,2
242700,9496344337,2,3,0,0,0,1,5,6,1,4,4,1,35,36,3,4,24,186,15,84,135,101,5954,23911,35159,45056,1,4,3,6,10,2
242800,9500303773,2,3,0,0,0,1,5,6,1,4,4,1,35,36,3,4,25,186,15,84,135,101,5955,23917,35174,45074,1,4,3,6,10,2
242900,9504267007,2,3,0,0,0,1,5,6,1,4,4,1,35,36,3,4,25,186,15,84,135,101,5957,23928,35194,45094,1,4,3,6,10,2
243000,9508222086,2,3,0,0,0,1,5,6,1,4,4,1,35,36,3,4,25,186,15,84,135,101,5960,23939,35205,45110,1,4,3,6,10,2
243100,9512175171,2,3,0,0,0,1,5,6,1,4,4,1,35,37,3,4,26,186,15,84,135,101,5967,23948,35216,45128,1,4,3,6,10,2
243200,9516126147,2,3,0,0,0,1,5,6,1,4,4,1,35,37,3,4,26,186,15,84,135,101,5972,23957,35236,45145,1,4,3,6,10,2
243300,9520072287,2,3,0,0,0,1,5,6,1,4,4,1,35,37,3,4,26,186,15,84,135,101,5975,23964,35249,45169,1,4,3,6,10,2
243400,9524017644,2,3,0,0,0,1,5,6,1,4,4,1,35,37,3,4,26,186,15,84,135,101,5976,23973,35258,45183,1,4,3,6,10,2
243500,9527971792,2,3,0,0,0,1,5,6,1,4,4,1,35,37,3,4,26,186,15,85,135,101,5978,23984,35274,45203,1,4,3,6,10,2
243600,9531923538,2,3,0,0,0,1,5,6,1,4,4,1,35,37,3,4,26,186,15,85,135,101,5979,23995,35291,45219,1,4,3,6,10,2
243700,9535875919,2,3,0,0,0,1,5,6,1,4,4,1,35,37,3,4,26,187,15,85,135,101,5979,24001,35310,45241,1,4,3,6,10,2
243800,9539827134,2,3,0,0,0,1,5,6,1,4,4,1,35,37,3,4,26,187,15,85,135,101,5982,24013,35326,45265,1,4,3,6,10,2
243900,9543776290,2,3,0,0,0,1,5,6,1,4,4,1,35,37,3,4,26,187,15,85,135,101,5987,24020,35342,45283,1,4,3,6,10,2
244000,9547731146,2,3,0,0,0,1,5,6,1,4,4,1,35,37,3,4,26,187,15,85,135,101,5991,24024,35354,45297,1,4,3,6,10,2
244100,9551680541,2,3,0,0,0,1,5,6,1,4,4,1,35,37,3,4,26,187,15,85,135,101,5994,24037,35373,45320,1,4,3,6,10,2
244200,9555624719,2,3,0,0,0,1,5,6,1,4,4,1,35,37,3,4,26,187,15,85,135,101,5996,24049,35384,45338,1,4,3,6,10,2
244300,9559574313,2,3,0,0,0,1,5,6,1,4,4,1,35,37,3,4,26,187,15,85,135,101,5996,24056,35396,45357,1,4,3,6,10,2
244400,9563528192,2,3,0,0,0,1,5,6,1,4,4,1,35,37,3,4,26,187,15,85,135,101,6000,24066,35413,45381,1,4,3,6,10,2
244500,9567476211,2,3,0,0,0,1,5,6,1,4,4,1,35,37,3,4,26,187,15,85,135,101,6003,24070,35426,45404,1,4,3,6,10,2
244600,9571416755,2,3,0,0,0,1,5,6,1,4,4,1,35,37,3,4,26,187,15,85,135,101,6006,24080,35442,45425,1,4,3,6,10,2
244700,9575361636,2,3,0,0,0,1,5,6,1,4,4,1,35,37,3,4,26,187,15,85,135,101,6007,24091,35464,45448,1,4,3,6,10,2
244800,9579293148,2,3,0,0,0,1,5,6,1,4,4,1,35,37,3,4,26,187,15,86,135,101,6009,24095,35479,45477,1,4,3,6,11,2
244900,9583221272,2,3,0,0,0,1,5,6,1,4,4,1,35,37,3,4,26,187,15,86,136,101,6010,24104,35490,45494,1,4,3,6,11,2
245000,9587156216,2,3,0,0,0,1,5,6,1,4,4,1,35,37,3,4,26,187,15,86,136,101,6012,24121,35501,45511,1,4,3,6,11,2
245100,9591085430,2,3,0,0,0,1,5,6,1,4,4,1,35,37,3,4,26,187,15,86,136,101,6014,24129,35513,45539,1,4,3,6,11,2
245200,9595012757,2,3,0,0,0,1,5,6,1,4,4,1,35,37,3,4,26,187,15,86,136,101,6016,24135,35526,45558,1,4,3,6,11,2
245300,9598940528,2,3,0,0,0,1,5,6,1,4,4,1,35,37,3,4,26,187,15,86,136,101,6020,24148,35537,45579,1,4,3,6,11,2
245400,9602861338,2,3,0,0,0,1,5,6,1,4,4,1,35,37,3,4,26,187,15,86,136,101,6022,24150,35550,45593,1,4,3,6,11,2
245500,9606792270,2,3,0,0,0,1,5,6,1,4,4,1,35,37,3,4,26,187,15,86,136,101,6024,24163,35561,45611,1,4,3,6,11,2
245600,9610714158,2,3,0,0,0,1,5,6,1,4,4,1,35,37,3,4,26,187,15,86,136,101,6027,24170,35579,45633,1,4,3,6,11,2
245700,9614622730,2,3,0,0,0,1,5,6,1,4,4,1,35,37,3,4,26,187,15,86,136,101,6030,24180,35591,45655,1,4,3,6,11,2
245800,9618525118,2,3,0,0,0,1,5,6,1,4,4,1,35,38,3,4,26,187,15,86,137,101,6033,24195,35604,45665,1,4,3,6,12,2
245900,9622430065,2,3,0,0,0,1,5,6,1,4,4,1,35,38,3,4,26,187,15,86,137,101,6033,24201,35619,45678,1,4,3,6,12,2
246000,9626341928,2,3,0,0,0,1,5,6,1,4,4,1,35,38,3,4,26,187,15,86,137,101,6035,24211,35631,45694,1,4,3,6,12,2
246100,9630247449,2,3,0,0,0,1,5,6,1,4,4,1,35,38,3,4,26,187,15,86,137,101,6039,24218,35644,45712,1,4,3,6,12,2
246200,9634163903,2,3,0,0,0,1,5,6,1,4,4,1,35,38,3,4,27,187,15,86,137,101,6042,24225,35656,45733,1,4,3,6,12,2
246300,9638074276,2,3,0,0,0,1,5,6,1,4,4,1,35,38,3,4,27,187,15,86,137,101,6044,24239,35670,45749,1,4,3,6,12,2
246400,9641986627,2,3,0,0,0,1,5,6,1,4,4,1,35,38,3,4,27,188,15,86,137,101,6046,24253,35682,45773,1,4,3,6,12,2
246500,9645888618,2,3,0,0,0,1,5,6,1,4,4,1,35,38,3,4,27,188,15,86,137,101,6049,24261,35700,45795,1,4,3,6,12,2
246600,9649796202,2,3,0,0,0,1,5,6,1,4,4,1,35,38,3,4,27,188,15,86,137,101,6051,24269,35709,45812,1,4,3,6,12,2
246700,9653692824,2,3,0,0,0,1,5,6,1,4,4,1,35,38,3,4,27,188,15,87,137,101,6053,24281,35723,45831,1,4,3,6,12,2
246800,9657588842,2,3,0,0,0,1,5,6,1,4,4,1,35,38,3,4,27,188,15,88,137,101,6057,24288,35739,45856,1,4,3,6,12,2
246900,9661470361,2,3,0,0,0,1,5,6,1,4,4,1,35,38,3,4,27,188,15,88,137,101,6063,24298,35753,45887,1,4,3,6,13,2
247000,9665355953,2,3,0,0,0,1,5,6,1,4,4,1,35,38,3,4,27,188,15,88,137,101,6064,24314,35766,45901,1,4,3,6,13,2
247100,9669248013,2,3,0,0,0,1,5,6,1,4,4,1,35,38,3,4,27,188,15,88,137,101,6065,24327,35782,45910,1,4,3,6,13,2
247200,9673142145,2,3,0,0,0,1,5,6,1,4,4,1,35,38,3,4,27,188,15,88,138,101,6066,24336,35788,45932,1,4,3,6,13,2
247300,9677043099,2,3,0,0,0,1,5,6,1,4,4,1,35,38,3,4,27,188,15,88,138,101,6068,24346,35804,45942,1,4,3,6,13,2
247400,9680930515,2,3,0,0,0,1,5,6,1,4,4,1,35,38,3,4,27,188,15,88,138,102,6072,24363,35814,45965,1,4,3,6,13,2
247500,9684817497,2,3,0,0,0,1,5,6,1,4,4,1,35,38,3,4,27,188,15,89,138,102,6072,24372,35826,45977,1,4,3,6,13,2
247600,9688708106,2,3,0,0,0,1,5,6,1,4,4,1,35,38,3,4,27,189,15,89,138,102,6076,24378,35833,45997,1,4,3,6,13,2
247700,9692606027,2,3,0,0,0,1,5,6,1,4,4,1,35,38,3,4,27,189,15,89,138,102,6080,24382,35849,46016,1,4,3,6,13,2
247800,9696499718,2,3,0,0,0,1,5,6,1,4,4,1,35,38,3,4,27,189,15,89,138,102,6081,24395,35862,46038,1,4,3,6,13,2
247900,9700395214,2,3,0,0,0,1,5,6,1,4,4,1,35,38,3,4,27,189,15,89,138,102,6082,24406,35876,46050,1,4,3,6,13,2
248000,9704300164,2,3,0,0,0,1,5,6,1,4,4,1,35,38,3,4,27,189,15,89,138,102,6084,24417,35883,46066,1,4,3,6,13,2
248100,9708217258,2,3,0,0,0,1,5,6,1,4,4,1,35,38,3,4,27,189,15,90,138,102,6086,24431,35899,46084,1,4,3,6,13,2
248200,9712133893,2,3,0,0,0,1,5,6,1,4,4,1,35,38,3,4,27,189,15,90,138,102,6088,24444,35918,46104,1,4,3,6,13,2
248300,9716043788,2,3,0,0,0,1,5,6,1,4,4,1,35,38,3,4,27,189,15,90,138,102,6093,24456,35930,46119,1,4,3,6,13,2
248400,9719958655,2,3,0,0,0,1,5,6,1,4,4,1,35,38,3,4,27,189,15,90,138,102,6094,24465,35948,46143,1,4,3,6,13,2
248500,9723877724,2,3,0,0,0,1,5,6,1,4,4,1,35,38,3,4,27,189,15,90,138,102,6095,24477,35963,46159,1,4,3,6,13,2
248600,9727797515,2,3,0,0,0,1,5,6,1,4,4,1,35,38,3,4,27,189,15,90,138,102,6098,24485,35980,46176,1,4,3,6,13,2
248700,9731722280,2,3,0,0,0,1,5,6,1,4,4,1,35,38,3,4,27,189,15,90,138,102,6099,24495,35996,46200,1,4,3,6,13,2
248800,9735651348,2,3,0,0,0,1,5,6,1,4,4,1,35,38,3,4,27,189,15,90,138,102,6105,24506,36010,46221,1,4,3,6,13,2
248900,9739585802,2,3,0,0,0,1,5,6,1,4,4,1,35,38,3,4,27,189,15,90,138,102,6108,24518,36023,46238,1,4,3,6,13,2
249000,9743528014,2,3,0,0,0,1,5,6,1,4,4,1,35,38,3,4,27,189,15,90,139,102,6111,24527,36035,46254,1,4,3,6,13,2
249100,9747476862,2,3,0,0,0,1,5,6,1,4,4,1,36,38,3,4,27,189,15,90,139,102,6115,24539,36052,46276,1,4,3,6,13,2
249200,9751411449,2,3,0,0,0,1,5,6,1,4,4,1,36,38,3,4,27,189,15,90,139,102,6117,24550,36070,46303,1,4,3,6,13,2
249300,9755347145,2,3,0,0,0,1,5,6,1,4,4,1,36,38,3,4,27,189,16,90,140,102,6118,24555,36082,46329,1,4,3,6,13,2
249400,9759291790,2,3,0,0,0,1,5,6,1,4,4,1,36,38,3,4,27,189,16,90,140,102,6123,24564,36096,46340,1,4,3,6,13,2
249500,9763241683,2,3,0,0,0,1,5,6,1,4,4,1,36,38,3,4,27,189,16,90,140,102,6125,24573,36108,46363,1,4,3,6,13,2
249600,9767180298,2,3,0,0,0,1,5,6,1,4,4,1,36,38,3,4,27,189,16,90,140,102,6130,24587,36117,46383,1,4,3,6,13,2
249700,9771124128,2,3,0,0,0,1,5,6,1,4,4,1,36,38,3,4,27,189,16,90,140,102,6135,24598,36134,46406,1,4,3,6,13,2
249800,9775060714,2,3,0,0,0,1,5,6,1,4,4,1,36,38,3,4,27,189,16,90,140,102,6141,24611,36147,46429,1,4,3,6,13,2
249900,9778996479,2,3,0,0,0,1,5,6,1,4,4,1,36,38,3,4,27,189,16,90,140,102,6143,24621,36159,46441,1,4,3,6,13,2
250000,9782933871,2,3,0,0,0,1,5,6,1,4,4,1,36,38,3,4,27,189,16,90,140,102,6145,24631,36176,46469,1,4,3,6,13,2
250100,9786872276,2,3,0,0,0,1,5,6,1,4,4,1,36,38,3,4,27,189,16,90,140,102,6146,24639,36190,46482,1,4,3,6,13,2
250200,9790809735,2,3,0,0,0,1,5,6,1,4,4,1,36,39,3,4,27,189,16,90,140,102,6147,24650,36204,46500,1,4,3,6,13,2
250300,9794743160,2,3,0,0,0,1,5,6,1,4,4,1,36,39,3,4,27,189,16,91,140,102,6150,24659,36218,46517,1,4,3,6,13,2
250400,9798678699,2,3,0,0,0,1,5,6,1,4,4,1,36,39,3,4,27,189,16,91,140,102,6153,24673,36237,46534,1,4,3,6,13,2
250500,9802616215,2,3,0,0,0,1,5,6,1,4,4,1,36,39,3,4,28,189,16,91,140,102,6155,24682,36255,46554,1,4,3,6,13,2
250600,9806549381,2,3,0,0,0,1,5,6,1,4,4,1,36,39,3,4,28,189,16,91,140,102,6159,24693,36268,46572,1,4,3,6,13,2
250700,9810483595,2,3,0,0,0,1,5,6,1,5,4,1,36,39,3,4,28,189,16,91,140,102,6159,24703,36280,46590,1,4,3,6,13,2
250800,9814407148,2,3,0,0,0,1,5,6,1,5,4,1,36,39,3,4,28,190,16,91,140,102,6161,24712,36298,46608,1,4,3,6,13,2
250900,9818327315,2,3,0,0,0,1,5,6,1,5,4,1,36,39,3,4,28,190,16,91,140,102,6165,24724,36317,46626,1,4,3,6,13,2
251000,9822254035,2,3,0,0,0,2,5,6,1,5,4,1,36,39,3,4,28,190,16,91,140,102,6166,24735,36320,46646,1,4,3,6,13,2
251100,9826192577,2,3,0,0,0,2,5,6,1,5,4,1,37,39,3,4,28,190,16,91,140,102,6169,24743,36334,46665,1,4,3,6,13,2
251200,9830134535,2,3,0,0,0,2,5,6,1,5,4,1,37,39,3,4,28,191,16,91,140,102,6175,24753,36346,46685,1,4,3,6,13,2
251300,9834078697,2,3,0,0,0,2,5,6,1,5,4,1,37,39,3,4,28,191,16,91,140,102,6178,24764,36364,46708,1,4,3,6,13,2
251400,9838026986,2,3,0,0,0,2,5,6,1,5,4,1,37,39,3,4,28,191,16,91,140,102,6181,24777,36379,46728,1,4,3,6,13,2
251500,9841966884,2,3,0,0,0,2,5,6,1,5,4,1,37,39,3,4,28,191,16,91,140,102,6188,24782,36398,46749,1,4,3,6,13,2
251600,9845909427,2,3,0,0,0,2,5,6,1,5,4,1,37,39,3,4,28,191,16,91,140,102,6189,24794,36421,46770,1,4,3,6,13,2
251700,9849836856,2,3,0,0,0,2,5,6,1,5,4,1,37,39,3,4,28,191,16,91,140,102,6191,24800,36437,46793,1,4,3,6,13,2
251800,9853762496,2,3,0,0,0,2,5,6,1,5,4,1,37,39,3,4,28,191,16,91,140,102,6195,24810,36452,46816,1,4,3,6,13,2
251900,9857689042,2,3,0,0,0,2,5,6,1,5,4,1,37,39,3,4,28,191,16,91,140,102,6198,24817,36462,46839,1,4,3,6,13,2
252000,9861616326,2,3,0,0,0,2,5,6,1,5,4,1,37,39,3,4,28,191,16,91,140,102,6199,24824,36480,46853,1,4,3,6,13,2
252100,9865543425,2,3,0,0,0,2,5,6,1,5,4,1,37,39,3,4,28,192,16,91,141,102,6204,24829,36499,46874,1,4,3,6,13,2
252200,9869469411,2,3,0,0,0,2,5,6,1,5,4,1,37,39,3,4,28,192,16,91,141,102,6205,24842,36515,46896,1,4,3,6,13,2
252300,9873410224,2,3,0,0,0,2,5,6,1,5,4,1,37,39,3,4,28,192,16,91,141,102,6206,24854,36533,46913,1,4,3,6,13,2
252400,9877356976,2,3,0,0,0,2,5,6,1,5,4,1,37,39,3,4,28,192,16,91,141,102,6212,24862,36547,46929,1,4,3,6,13,2
252500,9881291229,2,3,0,0,0,2,5,6,1,5,4,1,37,39,3,4,28,192,16,91,141,102,6214,24874,36564,46950,1,4,3,6,13,2
252600,9885215769,2,3,0,0,0,2,5,6,1,5,4,1,37,39,3,4,28,192,16,91,141,102,6218,24886,36580,46965,1,4,3,6,13,2
252700,9889134975,2,3,0,0,0,2,5,6,1,5,4,1,37,39,3,4,28,192,16,91,141,102,6220,24898,36600,46982,1,4,3,6,13,2
252800,9893040640,2,3,0,0,0,2,5,6,1,5,4,1,37,39,3,4,28,192,16,91,141,102,6223,24909,36610,46997,1,4,3,6,13,2
252900,9896959990,2,3,0,0,0,2,5,6,1,5,4,1,37,39,3,4,28,192,16,91,141,102,6226,24915,36624,47019,1,4,3,6,13,2
253000,9900873572,2,3,0,0,0,2,5,6,1,5,4,1,37,39,3,4,28,192,16,91,141,102,6226,24920,36640,47038,1,4,3,6,13,2
253100,9904795004,2,3,0,0,0,2,5,6,1,5,4,1,37,39,3,4,28,193,16,91,141,102,6229,24929,36653,47057,1,4,3,6,13,2
253200,9908716055,2,3,0,0,0,2,5,6,1,5,4,1,37,39,3,4,28,193,16,91,141,102,6232,24934,36665,47074,1,4,3,6,13,2
253300,9912632297,2,3,0,0,0,2,5,6,1,5,4,1,37,39,3,4,28,193,16,91,141,102,6237,24940,36684,47093,1,4,3,6,13,2
253400,9916554277,2,3,0,0,0,2,5,6,1,5,4,1,37,39,3,4,28,193,16,91,141,102,6238,24950,36696,47107,1,4,3,6,13,2
253500,9920472221,2,3,0,0,0,2,5,6,1,5,4,1,37,39,3,4,28,193,16,91,141,102,6239,24963,36709,47124,1,4,3,6,13,2
253600,9924387464,2,3,0,0,0,2,5,6,1,5,4,1,37,39,3,4,28,193,16,91,141,102,6240,24980,36722,47138,1,4,3,6,13,2
253700,9928310009,2,3,0,0,0,2,5,6,1,5,4,1,37,39,3,4,28,193,16,91,141,102,6243,24990,36734,47152,1,4,3,6,13,2
253800,9932233127,2,3,0,0,0,2,5,6,1,5,4,1,37,39,3,4,28,193,16,91,141,102,6244,25002,36747,47170,1,4,3,6,13,2
253900,9936150239,2,3,0,0,0,2,5,6,1,5,4,1,37,39,3,4,28,193,16,91,141,102,6248,25016,36763,47179,1,4,3,6,13,2
254000,9940066423,2,3,0,0,0,2,5,6,1,5,4,1,37,39,3,4,28,193,16,91,141,102,6250,25021,36776,47196,1,4,3,6,13,2
254100,9943990939,2,3,0,0,0,2,5,6,1,5,4,1,37,39,3,4,28,193,16,91,141,102,6258,25034,36794,47206,1,4,3,6,13,2
254200,9947935786,2,3,0,0,0,2,5,6,1,5,4,1,37,39,3,4,28,193,16,91,141,102,6262,25041,36803,47220,1,4,3,6,13,2
254300,9951879348,2,3,0,0,0,2,5,6,1,5,4,1,37,39,3,4,28,193,16,91,141,102,6264,25050,36815,47239,1,4,3,6,13,2
254400,9955825875,2,3,0,0,0,2,5,6,1,5,4,1,37,39,3,4,28,193,16,91,141,102,6265,25060,36834,47260,1,4,3,6,13,2
254500,9959761949,2,3,0,0,0,2,5,6,1,5,4,1,37,39,3,4,28,194,16,91,141,102,6269,25068,36854,47277,1,4,3,6,13,2
254600,9963702214,2,3,0,0,0,2,5,6,1,5,4,1,37,39,3,4,28,194,16,91,141,102,6271,25077,36864,47294,1,4,3,6,13,2
254700,9967645743,2,3,0,0,0,2,5,6,1,5,4,1,37,39,3,4,28,194,16,91,141,102,6275,25092,36879,47317,1,4,3,6,13,2
254800,9971582353,2,3,0,0,0,2,5,6,1,5,4,1,37,39,3,4,28,194,16,91,141,102,6276,25101,36892,47343,1,4,3,6,13,2
254900,9975512182,2,3,0,0,0,2,5,6,1,5,4,1,37,39,3,4,28,194,16,91,141,102,6276,25112,36906,47357,1,4,3,6,13,2
255000,9979443720,2,3,0,0,0,2,5,6,1,5,4,1,37,39,3,4,28,194,16,91,141,102,6276,25130,36924,47370,1,4,3,6,13,2
255100,9983370033,2,3,0,0,0,2,5,6,1,5,4,1,37,39,3,4,28,194,16,91,141,103,6279,25136,36940,47391,1,4,3,6,13,2
255200,9987287249,2,3,0,0,0,2,5,6,1,5,4,1,37,39,3,4,28,194,16,91,141,103,6281,25146,36955,47408,1,4,3,6,13,2
255300,9991210176,2,3,0,0,0,2,5,6,1,5,4,1,37,39,3,4,28,194,16,91,141,103,6281,25156,36968,47433,1,4,3,6,13,2
255400,9995140835,2,3,0,0,0,2,5,6,1,5,4,1,37,39,3,4,28,194,16,91,141,103,6288,25165,36981,47449,1,4,3,6,13,2
255500,9999077481,2,3,0,0,0,2,5,6,1,5,4,1,37,39,3,4,28,194,17,91,141,103,6290,25174,36993,47470,1,4,3,6,13,2
255600,10003018342,2,3,0,0,0,2,5,6,1,5,4,1,37,39,3,4,28,194,17,91,141,103,6291,25182,37006,47492,1,4,3,6,13,2
255700,10006958686,2,3,0,0,0,2,5,6,1,5,4,1,37,39,3,4,28,194,17,91,141,103,6292,25185,37022,47507,1,4,3,6,13,2
255800,10010905296,2,3,0,0,0,2,5,6,1,5,4,1,37,39,3,4,28,194,17,91,141,103,6294,25191,37035,47529,1,4,3,6,13,2
255900,10014857157,2,3,0,0,0,2,5,6,1,5,4,1,37,39,3,4,28,194,17,91,141,103,6294,25202,37048,47543,1,4,3,6,13,2
256000,10018805998,2,3,0,0,0,2,5,6,1,5,4,1,37,39,3,4,28,194,17,91,141,103,6301,25208,37062,47567,1,4,3,6,13,2
256100,10022748509,2,3,0,0,0,2,5,6,1,5,4,1,37,39,3,4,28,194,17,91,141,103,6305,25218,37077,47581,1,4,3,6,13,2
256200,10026681671,2,3,0,0,0,2,5,6,1,5,4,1,37,39,3,4,28,194,17,91,141,103,6309,25226,37094,47598,1,4,3,6,13,2
256300,10030619904,2,3,0,0,0,2,5,6,1,5,4,1,37,39,3,4,28,194,17,91,142,103,6311,25235,37113,47619,1,4,3,6,13,2
256400,10034556089,2,3,0,0,0,2,5,6,1,5,4,1,37,39,3,4,28,194,17,91,142,103,6314,25245,37122,47640,1,4,3,6,13,2
256500,10038485589,2,3,0,0,0,2,5,6,1,5,4,1,37,39,3,4,28,194,17,91,143,103,6314,25252,37136,47660,1,4,3,6,13,2
256600,10042416566,2,3,0,0,0,2,5,6,1,5,4,2,37,39,3,4,28,194,17,91,143,103,6316,25260,37150,47677,1,4,3,6,13,2
256700,10046348392,2,3,0,0,0,2,5,6,1,5,4,2,37,39,3,4,28,194,17,91,143,103,6319,25272,37170,47697,1,4,3,6,13,2
256800,10050272847,2,3,0,0,0,2,5,6,1,5,4,2,37,39,3,4,28,194,17,91,143,103,6323,25284,37189,47719,1,4,3,6,13,2
256900,10054195542,2,3,0,0,0,2,5,6,1,5,4,2,37,39,3,4,28,194,17,91,143,103,6324,25290,37205,47746,1,4,3,6,13,2
257000,10058117018,2,3,0,0,0,2,5,6,1,5,4,2,37,39,3,4,28,194,17,91,143,103,6327,25299,37211,47762,1,4,3,6,13,2
257100,10062045323,2,3,0,0,0,2,5,6,1,5,4,2,37,39,3,4,28,194,17,91,143,103,6328,25312,37224,47780,1,4,3,6,13,2
257200,10065982278,2,3,0,0,0,2,5,6,1,5,4,2,37,39,3,4,28,194,17,91,143,103,6329,25320,37235,47792,1,4,3,6,13,2
257300,10069920134,2,3,0,0,0,2,5,6,1,5,4,2,37,39,3,4,28,194,17,91,143,103,6331,25330,37249,47812,1,4,3,6,13,2
257400,10073860045,2,3,0,0,0,2,5,6,1,5,4,2,37,39,3,4,28,194,17,91,143,103,6331,25340,37265,47832,1,4,3,6,13,2
257500,10077799164,2,3,0,0,0,2,5,6,1,5,4,2,37,39,3,4,28,194,17,91,143,103,6333,25346,37285,47849,1,4,3,6,13,2
257600,10081736481,2,3,0,0,0,2,5,6,1,5,4,2,37,39,3,4,28,194,17,91,143,103,6335,25355,37297,47864,1,4,3,6,13,2
257700,10085671449,2,3,0,0,0,2,5,6,1,5,4,2,37,39,3,4,28,195,17,91,143,103,6338,25366,37309,47884,1,4,3,6,13,2
257800,10089608123,2,3,0,0,0,2,5,6,1,5,4,2,37,39,3,4,28,195,17,91,143,103,6342,25379,37319,47900,1,4,3,6,13,2
257900,10093544136,2,3,0,0,0,2,5,6,1,5,4,2,37,39,3,4,28,195,17,91,143,103,6344,25392,37332,47918,1,4,3,6,13,2
258000,10097483313,2,3,0,0,0,2,5,6,1,5,4,2,37,39,3,4,28,195,17,91,144,103,6346,25403,37342,47933,1,4,3,6,13,2
258100,10101423203,2,3,0,0,0,2,5,6,1,5,4,2,37,39,3,4,28,195,17,91,144,103,6349,25411,37359,47952,1,4,3,6,13,2
258200,10105360250,2,3,0,0,0,2,5,6,1,5,4,2,37,39,3,4,28,195,17,91,144,103,6351,25423,37374,47976,1,4,3,6,13,2
258300,10109295416,2,3,0,0,0,2,5,6,1,5,4,2,37,39,3,4,28,195,17,91,144,103,6354,25431,37387,48002,1,4,3,6,13,2
258400,10113227821,2,3,0,0,0,2,5,6,1,5,4,2,37,39,3,4,28,195,17,91,144,103,6361,25442,37394,48023,1,4,3,6,13,2
258500,10117149732,2,3,0,0,0,2,5,6,1,5,4,2,37,39,3,4,28,195,17,91,144,103,6364,25452,37411,48051,1,4,3,6,13,2
258600,10121083391,2,3,0,0,0,2,5,6,1,5,4,2,37,39,3,4,28,195,17,91,144,103,6366,25459,37432,48066,1,4,3,6,13,2
258700,10125026597,2,3,0,0,0,2,5,6,1,5,4,2,37,39,3,4,28,195,17,91,145,103,6366,25466,37449,48080,1,4,3,6,13,2
258800,10128959457,2,3,0,0,0,2,5,6,1,5,4,2,37,39,3,4,28,197,17,91,146,103,6369,25470,37463,48096,1,4,3,6,13,2
258900,10132895210,2,3,0,0,0,2,5,6,1,5,4,2,37,39,3,4,28,197,17,91,146,103,6371,25487,37479,48115,1,4,3,6,13,2
259000,10136844900,2,3,0,0,0,2,5,6,1,5,4,2,37,39,3,4,28,197,17,91,146,103,6376,25498,37490,48133,1,4,3,6,13,2
259100,10140797818,2,3,0,0,0,2,5,6,1,5,4,2,37,39,3,4,28,197,17,91,146,103,6379,25506,37504,48150,1,4,3,6,13,2
259200,10144744741,2,3,0,0,0,2,5,6,1,5,4,2,38,39,3,4,28,197,17,91,146,103,6381,25516,37519,48165,1,4,3,6,13,2
259300,10148680782,2,3,0,0,0,2,5,6,1,5,4,2,38,39,3,4,28,197,17,91,146,103,6383,25524,37528,48195,1,4,3,6,13,2
259400,10152617441,2,3,0,0,0,2,5,6,1,5,4,2,38,39,3,4,28,197,17,91,146,103,6384,25533,37539,48212,1,4,3,6,13,2
259500,10156556750,2,3,0,0,0,2,5,6,1,5,4,2,38,39,3,4,28,197,17,91,146,103,6386,25543,37560,48232,1,4,3,6,13,2
259600,10160496211,2,3,0,0,0,2,5,6,1,5,4,2,38,39,3,4,28,197,17,91,146,103,6389,25550,37570,48252,1,4,3,6,13,2
259700,10164428265,2,3,0,0,0,2,5,6,1,5,4,2,39,39,3,4,28,197,17,92,146,103,6390,25565,37588,48272,1,4,3,6,13,2
259800,10168354000,2,3,0,0,0,2,5,6,1,5,4,2,39,39,3,4,28,197,17,92,146,103,6392,25569,37596,48290,1,4,3,6,13,2
259900,10172293828,2,3,0,0,0,2,5,6,1,5,4,2,39,39,3,4,28,197,17,92,146,103,6393,25575,37608,48310,1,4,3,6,13,2
260000,10176233210,2,3,0,0,0,3,5,6,1,5,4,2,39,39,3,4,28,197,17,92,146,103,6394,25593,37623,48330,1,4,3,6,13,2
260100,10180166964,2,3,0,0,0,3,5,6,1,5,4,2,39,39,3,4,28,197,17,93,146,104,6395,25605,37632,48352,1,4,3,6,13,2
260200,10184109793,2,3,0,0,0,3,5,6,1,5,4,2,39,39,3,4,28,197,17,93,146,104,6398,25616,37645,48369,1,4,3,6,13,2
260300,10188043401,2,3,0,0,0,3,5,6,1,5,4,2,39,39,3,4,28,197,17,93,146,104,6401,25626,37655,48389,1,4,3,6,13,2
260400,10191975181,2,3,0,0,0,3,5,6,1,5,4,2,39,39,3,4,28,197,17,93,146,104,6405,25639,37672,48411,1,4,3,6,13,2
260500,10195909948,2,3,0,0,0,3,5,6,1,5,4,2,39,39,3,4,28,197,17,93,146,104,6406,25647,37686,48430,1,4,3,6,13,2
260600,10199845501,2,3,0,0,0,3,5,6,1,5,4,2,39,39,3,4,28,197,17,93,146,104,6407,25655,37703,48446,1,4,3,6,13,2
260700,10203776091,2,3,0,0,0,3,5,6,1,5,4,2,39,39,3,4,28,197,17,93,146,104,6409,25661,37711,48469,1,4,3,6,13,2
260800,10207708908,2,3,0,0,0,3,5,6,1,5,4,2,39,39,3,4,28,197,17,93,147,104,6414,25670,37725,48484,1,4,3,6,13,2
260900,10211642435,2,3,0,0,0,3,5,6,1,5,4,2,39,39,3,4,28,197,17,93,147,104,6421,25684,37747,48504,1,4,3,6,13,2
261000,10215572441,2,3,0,0,0,3,5,6,1,5,4,2,39,39,3,4,28,197,17,93,147,104,6424,25692,37761,48519,1,4,3,6,13,2
261100,10219492082,2,3,0,0,0,3,5,6,1,5,4,2,39,39,3,4,28,197,17,93,147,104,6425,25701,37780,48539,1,4,3,6,13,2
261200,10223408694,2,3,0,0,0,3,5,6,1,5,4,2,39,39,3,4,28,197,17,93,147,104,6425,25713,37794,48561,1,4,3,6,13,2
261300,10227325828,2,3,0,0,0,3,5,6,1,5,4,2,40,39,3,4,28,197,18,93,147,104,6425,25721,37810,48580,1,4,3,6,13,2
261400,10231254041,2,3,0,0,0,3,5,6,1,5,4,2,40,39,3,4,28,197,18,93,147,104,6426,25729,37823,48597,1,4,3,6,13,2
261500,10235188355,2,3,0,0,0,3,5,6,1,5,4,2,40,39,3,4,28,198,18,93,148,104,6426,25733,37841,48612,1,4,3,6,13,2
261600,10239123741,2,3,0,0,0,3,5,6,1,5,4,2,40,39,3,4,28,198,18,93,148,104,6426,25751,37853,48633,1,4,3,6,13,2
261700,10243053599,2,3,0,0,0,3,5,6,1,5,4,2,40,39,3,4,28,198,18,93,148,104,6429,25765,37871,48653,1,4,3,6,13,2
261800,10246985401,2,3,0,0,0,3,5,6,1,5,4,2,40,39,3,4,28,198,18,93,148,104,6430,25771,37893,48666,1,4,3,6,13,2
261900,10250919125,2,3,0,0,0,3,5,6,1,5,4,2,40,39,3,4,28,198,18,93,148,104,6430,25787,37910,48690,1,4,3,6,13,2
262000,10254833225,2,3,0,0,0,3,5,6,1,5,4,2,40,39,3,4,28,198,18,93,148,104,6431,25796,37929,48713,1,4,3,6,13,2
262100,10258743701,2,3,0,0,0,3,5,6,1,5,4,2,40,39,3,4,28,198,18,93,148,104,6433,25804,37947,48731,1,4,3,6,13,2
262200,10262657401,2,3,0,0,0,3,5,6,1,5,4,2,40,39,3,4,28,198,18,93,148,104,6435,25811,37957,48754,1,4,3,6,13,2
262300,10266565390,2,3,0,0,0,3,5,6,1,5,4,2,40,39,3,4,28,198,18,93,148,104,6441,25824,37968,48770,1,4,3,6,13,2
262400,10270486706,2,3,0,0,0,3,5,6,1,5,4,2,40,39,3,4,28,198,18,93,148,104,6442,25837,37982,48787,1,4,3,6,13,2
262500,10274405155,2,3,0,0,0,3,5,6,1,5,4,2,40,39,3,4,28,198,18,93,149,104,6444,25844,37999,48794,1,4,3,6,13,2
262600,10278321332,2,3,0,0,0,3,5,6,1,5,4,2,40,39,3,4,28,198,18,93,149,104,6448,25854,38013,48813,1,4,3,6,13,2
262700,10282246106,2,3,0,0,0,3,5,6,1,5,4,2,40,39,3,4,28,198,18,93,149,104,6450,25865,38022,48828,1,4,3,6,13,2
262800,10286171768,2,3,0,0,0,3,5,6,1,5,4,2,40,39,3,4,28,198,18,93,149,104,6452,25874,38037,48843,1,4,3,6,13,2
262900,10290106500,2,3,0,0,0,3,5,6,1,5,4,2,40,39,3,4,28,198,18,93,149,104,6454,25880,38060,48863,1,4,3,6,13,2
263000,10294044961,2,3,0,0,0,3,5,6,1,5,4,2,40,39,3,4,28,198,18,93,149,104,6457,25893,38071,48879,1,4,3,6,13,2
263100,10297982384,2,3,0,0,0,3,5,6,1,5,4,2,40,39,3,4,28,198,18,93,149,104,6460,25903,38081,48907,1,4,3,6,13,2
263200,10301921674,2,3,0,0,0,3,5,6,1,5,4,2,40,39,3,4,28,198,18,93,150,104,6460,25913,38097,48924,1,4,3,6,13,2
263300,10305863801,2,3,0,0,0,3,5,6,1,5,4,2,40,39,3,4,28,198,18,93,150,104,6464,25924,38120,48942,1,4,3,6,13,2
263400,10309800646,2,3,0,0,0,3,5,6,1,5,4,2,40,39,3,4,28,198,18,93,150,104,6465,25933,38132,48960,1,4,3,6,13,2
263500,10313736461,2,3,0,0,0,3,5,6,1,5,4,2,40,39,3,4,28,198,18,93,150,104,6468,25944,38148,48989,1,4,3,6,13,2
263600,10317661137,2,3,0,0,0,3,5,6,1,5,4,2,40,39,3,4,28,198,18,93,150,104,6474,25950,38157,49013,1,4,3,6,13,2
263700,10321586904,2,3,0,0,0,3,5,6,1,5,4,2,40,39,3,4,28,198,18,93,150,104,6476,25963,38174,49033,1,4,3,6,13,2
263800,10325511975,2,3,0,0,0,3,5,6,1,5,4,2,40,39,3,4,28,198,18,93,150,104,6479,25971,38194,49052,1,4,3,6,13,2
263900,10329429105,2,3,0,0,0,3,5,6,1,5,4,2,40,39,3,4,28,198,18,93,150,104,6481,25977,38212,49067,1,4,3,6,13,2
264000,10333355807,2,3,0,0,0,3,5,6,1,5,4,2,40,39,3,4,28,198,18,93,150,104,6483,25988,38214,49088,1,4,3,6,13,2
264100,10337292596,2,3,0,0,0,3,5,6,1,5,4,2,40,39,3,4,28,198,18,93,150,104,6483,25996,38231,49110,1,4,3,6,13,2
264200,10341229735,2,3,0,0,0,3,5,6,1,5,4,2,40,39,3,4,28,198,18,93,150,104,6486,26008,38244,49128,1,4,3,6,13,2
264300,10345172115,2,3,0,0,0,3,5,6,1,5,4,2,40,39,3,4,28,198,18,93,150,104,6492,26016,38258,49152,1,4,3,6,13,2
264400,10349116538,2,3,0,0,0,3,5,6,1,5,4,2,40,39,3,4,28,198,18,93,150,104,6494,26021,38272,49167,1,4,3,6,13,2
264500,10353063394,2,3,0,0,0,3,5,6,1,5,4,2,40,39,3,4,28,198,18,93,150,104,6497,26027,38289,49191,1,4,3,6,13,2
264600,10357015097,2,3,0,0,0,3,5,6,1,5,4,2,40,39,3,4,28,198,18,93,150,104,6499,26034,38305,49210,1,4,3,6,13,2
264700,10360970568,2,3,0,0,0,3,5,6,1,5,4,2,40,39,4,4,28,198,18,93,150,104,6501,26047,38316,49221,1,4,3,6,13,2
264800,10364934653,2,3,0,0,0,3,5,6,1,5,4,2,40,39,4,4,28,198,18,93,150,104,6501,26060,38336,49238,1,4,3,6,13,2
264900,10368905773,2,3,0,0,0,3,5,6,1,5,4,2,40,39,4,4,28,198,18,93,150,104,6503,26068,38346,49252,1,4,3,6,13,2
265000,10372877614,2,3,0,0,0,3,5,6,1,5,4,2,40,39,4,4,28,198,18,93,150,104,6504,26086,38359,49282,1,4,3,6,13,2
265100,10376840160,2,3,0,0,0,3,5,6,1,5,4,2,40,39,4,4,28,198,18,93,150,104,6507,26096,38377,49305,1,4,3,6,13,2
265200,10380803485,2,3,0,0,0,3,5,6,1,5,4,2,40,39,4,4,28,198,18,93,150,104,6510,26108,38392,49327,1,4,3,6,13,2
265300,10384755426,2,3,0,0,0,3,5,6,1,5,4,2,40,39,4,4,28,198,18,93,151,104,6514,26115,38406,49353,1,4,3,6,13,2
265400,10388709666,2,3,0,0,0,3,5,6,1,5,4,2,40,39,4,4,28,198,18,93,151,104,6516,26119,38425,49371,1,4,3,6,13,2
265500,10392665150,2,3,0,0,0,3,5,6,1,5,4,2,40,39,4,4,28,198,18,93,151,104,6517,26126,38445,49388,1,4,3,6,13,2
265600,10396620125,2,3,0,0,0,3,5,6,1,5,4,2,40,39,4,4,28,198,18,93,151,104,6519,26137,38464,49408,1,4,3,6,13,2
265700,10400579862,2,3,0,0,0,3,5,6,1,5,4,2,40,39,4,4,28,198,18,93,151,104,6520,26146,38477,49422,1,4,3,6,13,2
265800,10404535790,2,3,0,0,0,3,5,6,1,5,4,2,40,40,4,4,28,198,18,93,151,104,6522,26158,38489,49439,1,4,3,6,13,2
265900,10408491005,2,3,0,0,0,3,5,6,1,5,4,2,40,40,4,4,28,198,18,93,151,104,6525,26170,38508,49455,1,4,3,6,13,2
266000,10412441757,2,3,0,0,0,3,5,6,1,5,4,2,40,40,4,4,28,198,18,93,151,104,6526,26179,38517,49474,1,4,3,6,13,2
266100,10416399426,2,3,0,0,0,3,5,6,1,5,4,2,40,40,4,4,28,198,18,93,151,104,6528,26183,38525,49496,1,4,3,6,13,2
266200,10420363998,2,3,0,0,0,3,5,6,1,5,4,2,40,40,4,4,28,198,18,93,151,104,6530,26193,38542,49511,1,4,3,6,13,2
266300,10424333988,2,3,0,0,0,3,5,6,1,5,4,2,41,40,4,4,28,198,18,93,151,104,6532,26200,38553,49530,1,4,3,6,13,2
266400,10428311689,2,3,0,0,0,3,5,6,1,5,4,2,41,40,4,4,28,198,18,93,151,104,6534,26211,38566,49554,1,4,3,6,13,2
266500,10432289295,2,3,0,0,0,3,5,6,1,5,4,2,41,40,4,4,28,199,18,93,152,104,6535,26220,38581,49570,1,4,3,6,13,2
266600,10436271725,2,3,0,0,0,3,5,6,1,5,4,2,41,40,4,4,28,199,18,93,152,104,6537,26229,38591,49585,1,4,3,6,13,2
266700,10440252819,2,3,0,0,0,3,5,6,1,5,4,2,41,40,4,4,28,199,18,93,152,104,6540,26239,38604,49601,1,4,3,6,13,2
266800,10444240208,2,3,0,0,0,3,5,6,1,5,4,2,41,40,4,4,28,199,19,93,152,104,6540,26246,38622,49622,1,4,3,6,13,2
266900,10448218872,2,3,0,0,0,3,5,6,1,5,4,2,41,40,4,4,28,199,19,93,152,104,6546,26253,38639,49641,1,4,3,6,13,2
267000,10452196299,2,3,0,0,0,3,5,6,1,5,4,2,41,40,4,4,28,199,19,93,152,104,6550,26258,38654,49652,1,4,3,6,13,2
267100,10456182596,2,3,0,0,0,3,5,6,1,5,4,2,42,40,4,4,28,200,19,93,152,104,6550,26268,38668,49670,1,4,3,6,13,2
267200,10460167512,2,3,0,0,0,3,5,6,1,5,4,2,42,40,4,4,28,200,19,93,152,104,6553,26277,38684,49683,1,4,3,6,13,2
267300,10464151403,2,3,0,0,0,3,5,6,1,5,4,2,42,40,4,4,28,200,19,93,153,104,6556,26289,38704,49711,1,4,3,6,13,2
267400,10468136082,2,3,0,0,0,3,5,6,1,5,4,2,42,40,4,4,28,200,19,93,154,104,6560,26300,38717,49729,1,4,3,6,13,2
267500,10472131810,2,3,0,0,0,3,5,6,1,5,4,2,42,40,4,4,28,200,19,93,155,104,6562,26309,38729,49749,1,4,3,6,13,2
267600,10476127466,2,3,0,0,0,3,5,6,1,5,4,2,42,40,4,4,28,201,19,93,155,104,6566,26316,38746,49771,1,4,3,6,13,2
267700,10480116547,2,3,0,0,0,3,5,6,1,5,4,2,42,40,4,4,28,201,19,93,155,104,6571,26323,38760,49787,1,4,3,6,13,2
267800,10484105515,2,3,0,0,0,3,5,6,1,5,4,2,42,40,4,4,28,201,19,93,155,104,6573,26333,38779,49815,1,4,3,6,13,2
267900,10488088454,2,3,0,0,0,3,5,6,1,5,4,2,42,40,4,4,28,201,19,93,155,104,6576,26351,38791,49838,1,4,3,6,13,2
268000,10492058742,2,3,0,0,0,3,5,6,1,5,4,2,42,40,4,4,28,201,19,93,155,104,6576,26356,38811,49861,1,4,3,6,13,2
268100,10496033010,2,3,0,0,0,3,5,6,1,5,4,2,42,40,4,4,28,201,19,93,155,105,6576,26364,38828,49878,1,4,3,6,13,2
268200,10500008258,2,3,0,0,0,3,5,6,1,5,4,2,42,40,4,4,28,201,19,93,155,105,6581,26371,38842,49892,1,4,3,6,13,2
268300,10503996045,2,3,0,0,0,3,5,6,1,5,4,2,42,40,4,4,28,201,19,93,155,105,6583,26382,38854,49909,1,4,3,6,13,2
268400,10507973255,2,3,0,0,0,3,5,6,1,5,4,2,42,40,4,4,28,201,19,93,155,105,6586,26394,38875,49932,1,4,3,6,13,2
268500,10511952820,2,3,0,0,0,3,5,6,1,5,4,2,42,40,4,4,28,201,19,93,155,105,6590,26400,38895,49950,1,4,3,6,13,2
268600,10515930118,2,3,0,0,0,3,5,6,1,5,4,2,42,40,4,4,28,201,19,93,155,105,6591,26409,38912,49975,1,4,3,6,13,2
268700,10519903167,2,3,0,0,0,3,5,6,1,5,4,2,42,40,4,4,28,201,19,93,155,105,6593,26425,38923,49989,1,4,3,6,13,2
268800,10523883642,2,3,0,0,0,3,5,6,1,5,4,2,42,40,4,4,28,201,19,93,155,105,6596,26433,38934,50003,1,4,3,6,13,2
268900,10527882390,2,3,0,0,0,3,5,6,1,5,4,2,42,40,4,4,28,201,19,93,155,105,6597,26446,38948,50021,1,4,3,6,13,2
269000,10531875910,2,3,0,0,0,3,5,6,1,5,4,2,42,40,4,4,28,201,19,94,155,106,6599,26459,38963,50048,1,4,3,6,13,2
269100,10535856451,2,3,0,0,0,3,5,6,1,5,4,2,42,41,4,4,28,202,19,94,155,106,6601,26470,38985,50070,1,4,3,6,13,2
269200,10539828058,2,3,0,0,0,3,5,6,1,5,4,2,42,41,4,4,28,202,19,94,155,106,6603,26473,39004,50087,1,4,3,6,13,2
269300,10543796862,2,3,0,0,0,3,5,6,1,5,4,2,42,41,4,4,28,202,19,94,155,106,6604,26484,39016,50105,1,4,3,6,13,2
269400,10547768212,2,3,0,0,0,3,5,6,1,5,4,2,42,41,4,4,28,202,19,94,155,106,6606,26491,39033,50121,1,4,3,6,13,2
269500,10551741217,2,3,0,0,0,3,5,6,1,5,4,2,42,41,4,4,28,202,19,94,155,106,6608,26504,39049,50139,1,4,3,6,13,2
269600,10555713670,2,3,0,0,0,3,5,6,1,5,4,2,42,41,4,4,28,202,19,94,155,106,6609,26514,39059,50158,1,4,3,6,13,2
269700,10559671181,2,3,0,0,0,3,6,6,1,5,4,2,42,41,4,4,28,202,19,94,155,106,6611,26527,39078,50180,1,4,3,6,13,2
269800,10563620833,2,3,0,0,0,3,6,6,1,5,4,2,42,41,4,4,28,202,19,94,155,106,6613,26540,39095,50198,1,4,3,6,13,2
269900,10567578817,2,3,0,0,0,3,6,6,1,5,4,2,42,41,4,4,28,202,19,94,155,106,6615,26548,39113,50209,1,4,3,6,13,2
270000,10571537428,2,3,0,0,0,3,6,6,1,5,4,2,43,41,4,4,28,202,19,94,155,106,6620,26555,39128,50220,1,4,3,6,13,2
270100,10575500037,2,3,0,0,0,3,6,6,1,5,4,2,43,41,4,4,28,202,19,94,155,106,6624,26565,39144,50234,1,4,3,6,13,2
270200,10579460682,2,3,0,0,0,3,6,6,1,5,4,2,43,41,4,4,28,202,19,94,155,106,6625,26575,39165,50258,1,4,3,6,13,2
270300,10583400912,2,3,0,0,0,3,6,6,1,5,4,2,43,42,4,4,28,202,19,94,155,106,6627,26587,39184,50275,1,4,3,6,13,2
270400,10587342201,2,3,0,0,0,3,6,6,1,5,4,2,43,42,4,4,28,202,19,94,155,106,6627,26594,39198,50289,1,4,3,6,13,2
270500,10591290515,2,3,0,0,0,3,6,6,1,5,4,2,43,42,4,4,28,202,19,94,155,106,6630,26601,39210,50312,1,4,3,6,13,2
270600,10595235647,2,3,0,0,0,3,6,6,1,5,4,2,43,42,4,4,28,202,19,95,155,106,6636,26613,39228,50332,1,4,3,6,13,2
270700,10599177340,2,3,0,0,0,3,6,6,1,5,4,2,43,42,4,4,28,202,19,95,155,106,6642,26625,39243,50360,1,4,3,6,13,2
270800,10603102287,2,3,0,0,0,3,6,6,1,5,4,2,43,42,4,4,28,203,19,95,155,106,6647,26635,39256,50373,1,4,3,6,13,2
270900,10607027862,2,3,0,0,0,3,6,6,1,5,4,2,43,42,4,4,28,204,19,95,155,106,6650,26645,39271,50392,1,4,3,6,13,2
271000,10610947713,2,3,0,0,0,3,6,6,1,5,4,2,43,42,4,4,28,204,19,95,155,106,6655,26650,39285,50414,1,4,3,6,13,2
271100,10614871479,2,3,0,0,0,3,6,6,1,5,4,2,43,42,4,4,28,204,19,95,155,106,6658,26660,39301,50429,1,4,3,6,13,2
271200,10618790934,2,3,0,0,0,3,6,6,1,5,4,2,43,42,4,4,28,204,19,95,155,106,6660,26675,39317,50442,1,4,3,6,13,2
271300,10622703669,2,3,0,0,0,3,6,6,1,5,4,2,43,42,4,4,28,204,19,95,155,106,6663,26685,39334,50468,1,4,3,6,13,2
271400,10626627588,2,3,0,0,0,3,6,6,1,5,4,2,43,42,4,4,28,204,19,95,155,106,6666,26694,39341,50485,1,4,3,6,13,2
271500,10630560397,2,3,0,0,0,3,6,6,1,5,4,2,43,42,4,4,28,204,19,95,156,106,6666,26704,39356,50505,1,4,3,6,13,2
271600,10634501348,2,3,0,0,0,3,6,6,1,5,4,2,43,42,4,4,28,204,19,95,157,106,6671,26714,39364,50523,1,4,3,6,13,2
271700,10638449015,2,3,0,0,0,3,6,6,1,5,4,2,43,42,4,4,28,204,19,95,157,106,6675,26724,39379,50545,1,4,3,6,13,2
271800,10642390134,2,3,0,0,0,3,6,6,1,5,4,2,43,42,4,4,28,204,19,95,157,106,6680,26735,39390,50577,1,4,3,6,13,2
271900,10646323356,2,3,0,0,0,3,6,6,1,5,4,2,43,42,4,4,28,204,19,95,157,106,6686,26745,39407,50599,1,4,3,6,13,2
272000,10650264436,2,3,0,0,0,3,6,6,1,5,4,2,43,42,4,4,28,204,19,95,157,106,6689,26751,39424,50621,1,4,3,6,13,2
272100,10654211094,2,3,0,0,0,3,6,6,1,5,4,2,43,42,4,4,28,204,19,95,157,106,6692,26760,39437,50639,1,4,4,6,13,2
272200,10658167886,2,3,0,0,0,3,6,6,1,5,4,2,43,42,4,4,28,204,19,95,157,106,6697,26770,39447,50661,1,4,4,6,13,2
272300,10662121994,2,3,0,0,0,3,6,6,1,5,4,2,43,42,4,4,28,204,19,95,157,106,6702,26786,39458,50684,1,4,4,6,13,2
272400,10666083575,2,3,0,0,0,3,6,6,1,5,4,2,43,42,4,4,28,204,19,95,157,106,6704,26803,39479,50703,1,4,4,6,13,2
272500,10670044863,2,3,0,0,0,3,6,6,1,5,4,2,43,42,4,4,28,204,19,95,157,106,6708,26817,39494,50713,1,4,4,6,13,2
272600,10674006435,2,3,0,0,0,3,6,6,1,5,4,2,43,42,4,4,28,204,19,95,157,106,6711,26831,39507,50731,1,4,4,6,13,2
272700,10677954582,2,3,0,0,0,3,6,6,1,5,4,2,43,42,4,4,28,204,19,95,157,106,6711,26835,39527,50745,1,4,4,6,13,2
272800,10681895805,2,3,0,0,0,3,6,6,1,5,4,2,43,42,4,4,28,205,19,95,157,106,6717,26841,39536,50766,1,4,4,6,13,2
272900,10685837583,2,3,0,0,0,3,6,6,1,5,4,2,43,42,4,4,28,205,19,95,157,106,6718,26852,39552,50786,1,4,4,6,13,2
273000,10689774542,2,3,0,0,0,3,6,6,1,5,4,2,43,42,4,4,28,205,19,95,157,106,6721,26862,39569,50811,1,4,4,6,13,2
273100,10693708872,2,3,0,0,0,3,6,6,1,5,4,2,43,43,4,4,28,205,19,95,157,106,6723,26873,39581,50826,1,4,4,6,13,2
273200,10697641629,2,3,0,0,0,3,6,6,1,5,4,2,43,43,4,4,28,205,19,95,157,106,6726,26878,39589,50842,1,4,4,6,13,2
273300,10701567103,2,3,0,0,0,3,6,6,1,5,4,2,43,43,4,4,28,205,19,95,157,106,6731,26884,39607,50863,1,4,4,6,13,2
273400,10705497866,2,3,0,0,0,3,6,6,1,5,4,2,43,44,4,4,28,205,19,95,157,106,6733,26892,39624,50868,1,4,4,6,13,2
273500,10709428569,2,3,0,0,0,3,6,6,1,5,4,2,43,44,4,4,28,205,19,95,157,106,6736,26899,39641,50893,1,4,4,6,13,2
273600,10713363377,2,3,0,0,0,3,6,6,1,5,4,2,43,44,4,4,28,205,19,95,157,106,6738,26905,39657,50913,1,4,4,6,13,2
273700,10717307093,2,3,0,0,0,3,6,6,1,5,4,2,43,44,4,4,28,205,19,96,157,106,6738,26908,39668,50928,1,4,4,6,13,2
273800,10721262868,2,3,0,0,0,3,6,6,1,5,4,2,43,44,4,4,28,205,19,97,158,106,6741,26918,39683,50950,1,4,4,6,13,2
273900,10725218793,2,3,0,0,0,3,6,6,1,5,4,2,43,44,4,4,28,205,19,97,158,106,6741,26929,39697,50972,1,4,4,6,13,2
274000,10729176334,2,3,0,0,0,3,6,6,1,5,4,2,43,44,4,4,28,205,19,97,158,106,6747,26941,39711,50991,1,4,4,6,13,2
274100,10733127237,2,3,0,0,0,3,6,6,1,5,4,2,43,44,4,4,28,205,19,97,158,106,6752,26947,39730,51007,1,4,4,6,13,2
274200,10737077450,2,3,0,0,0,3,6,6,1,5,4,2,43,44,4,4,28,205,19,97,158,106,6755,26959,39743,51023,1,4,4,6,13,2
274300,10741021719,2,3,0,0,0,3,6,6,1,5,4,2,43,44,4,4,28,205,19,97,158,106,6758,26969,39757,51048,1,4,4,6,13,2
274400,10744961185,2,3,0,0,0,3,6,6,1,5,4,2,43,44,4,4,28,205,19,97,159,106,6760,26978,39776,51065,1,4,4,6,13,2
274500,10748902486,2,3,0,0,0,3,6,6,1,5,4,2,43,44,4,4,28,205,19,97,159,106,6762,26987,39794,51092,1,4,4,6,13,2
274600,10752836332,2,3,0,0,0,3,6,6,1,5,4,2,43,44,4,4,28,205,19,97,159,106,6764,26997,39811,51113,1,4,4,6,13,2
274700,10756773290,2,3,0,0,0,3,6,6,1,5,4,2,43,44,4,4,28,205,19,97,159,106,6766,27005,39823,51128,1,4,4,6,13,2
274800,10760704635,2,3,0,0,0,3,6,6,1,5,4,2,43,44,4,4,28,205,19,97,159,106,6770,27017,39835,51145,1,4,4,6,13,2
274900,10764639522,2,3,0,0,0,3,6,6,1,5,4,2,43,44,4,4,28,205,19,97,159,106,6771,27030,39847,51169,1,4,4,6,13,2
275000,10768569728,2,3,0,0,0,3,6,6,1,5,4,2,43,44,4,4,28,205,19,97,159,106,6773,27037,39865,51193,1,4,4,6,13,2
275100,10772511383,2,3,0,0,0,3,6,6,1,5,4,2,43,44,4,4,28,205,19,97,159,106,6776,27047,39883,51214,1,4,4,6,13,2
275200,10776446755,2,3,0,0,0,3,6,6,1,5,4,2,43,44,4,4,28,205,19,98,159,106,6779,27062,39900,51238,1,4,4,6,13,2
275300,10780383042,2,3,0,0,0,3,6,6,1,5,4,2,43,44,4,4,28,205,19,98,159,106,6780,27072,39918,51254,1,4,4,6,13,2
275400,10784318788,2,3,0,0,0,3,6,6,1,5,4,2,43,44,4,4,28,205,19,99,159,106,6782,27080,39939,51265,1,4,4,6,13,2
275500,10788248127,2,3,0,0,0,3,6,6,1,5,4,2,43,44,4,4,28,205,19,99,159,106,6788,27094,39948,51285,1,4,4,6,13,2
275600,10792183297,2,3,0,0,0,3,6,6,1,5,4,2,43,44,4,4,28,205,19,99,159,106,6792,27105,39963,51300,1,4,4,6,13,2
275700,10796123926,2,3,0,0,0,3,6,6,1,5,4,2,43,44,4,4,28,205,19,99,159,106,6793,27112,39976,51327,1,4,4,6,13,2
275800,10800062414,2,3,0,0,0,3,6,6,1,5,4,2,43,44,4,4,28,205,19,99,160,106,6795,27122,39989,51351,1,4,4,6,13,2
275900,10804003956,2,3,0,0,0,3,6,6,1,5,4,2,43,44,4,4,28,205,19,99,160,106,6795,27137,40003,51366,1,4,4,6,13,2
276000,10807942326,2,3,0,0,0,3,6,6,1,5,4,2,43,44,4,4,28,205,19,99,160,107,6799,27142,40017,51388,1,4,4,6,13,2
276100,10811884992,2,3,0,0,0,3,6,6,1,5,4,2,43,44,4,4,28,205,19,99,160,107,6800,27154,40027,51403,1,4,4,6,13,2
276200,10815832447,2,3,0,0,0,3,6,6,1,5,4,2,43,44,4,4,28,205,19,99,160,107,6802,27162,40040,51416,1,4,4,6,13,2
276300,10819785906,2,3,0,0,0,3,6,6,1,5,4,2,43,44,4,4,28,205,19,99,160,107,6807,27175,40052,51440,1,4,4,6,13,2
276400,10823728932,2,3,0,0,0,3,6,6,1,5,4,2,43,44,4,4,28,206,19,99,160,107,6809,27184,40068,51461,1,4,4,6,13,2
276500,10827662193,2,3,0,0,0,3,6,6,1,5,4,2,43,44,4,4,28,206,19,99,160,107,6809,27190,40083,51489,1,4,4,6,13,2
276600,10831595333,2,3,0,0,0,3,6,6,1,5,4,2,43,44,4,4,28,206,19,99,160,107,6810,27197,40105,51512,1,4,4,6,13,2
276700,10835537175,2,3,0,0,0,3,6,6,1,5,4,2,43,44,4,4,29,206,19,99,160,107,6811,27211,40118,51529,1,4,4,6,13,2
276800,10839471520,2,3,0,0,0,3,6,6,1,5,4,2,43,44,4,4,29,206,19,99,160,107,6812,27221,40140,51552,1,4,4,6,13,2
276900,10843404291,2,3,0,0,0,3,6,6,1,5,4,2,43,44,4,4,29,207,19,100,160,107,6814,27226,40161,51575,1,4,4,6,13,2
277000,10847333905,2,3,0,0,0,3,6,6,1,5,4,2,43,44,4,4,29,207,19,101,160,107,6818,27239,40178,51592,1,4,4,6,13,2
277100,10851272003,2,3,0,0,0,3,6,6,1,5,4,2,43,45,4,4,29,207,19,101,160,107,6820,27245,40193,51607,1,4,4,6,13,2
277200,10855215638,2,3,0,0,0,3,6,6,1,5,4,2,43,45,4,4,29,207,19,101,160,107,6825,27257,40212,51624,1,4,4,6,13,2
277300,10859161845,2,3,0,0,0,3,6,6,1,5,4,2,43,45,4,4,29,207,19,101,160,107,6830,27267,40225,51650,1,4,4,6,13,2
277400,10863103570,2,3,0,0,0,3,6,6,1,5,4,2,43,45,4,4,29,207,19,101,160,107,6835,27277,40239,51670,1,4,4,6,13,2
277500,10867040814,2,3,0,0,0,3,6,6,1,5,4,2,43,45,4,4,29,207,19,101,160,107,6835,27288,40256,51682,1,4,4,6,13,2
277600,10870979472,2,3,0,0,0,3,6,6,1,5,4,2,43,45,4,4,29,207,19,101,160,107,6840,27297,40270,51707,1,4,4,6,13,2
277700,10874923596,2,3,0,0,0,3,6,6,1,5,4,2,43,45,4,4,29,207,19,101,160,107,6840,27303,40279,51719,1,4,4,6,13,2
277800,10878882427,2,3,0,0,0,3,6,6,1,5,4,2,43,45,4,4,29,207,19,101,160,107,6840,27308,40294,51739,1,4,4,6,13,2
277900,10882837052,2,3,0,0,0,3,6,6,1,5,4,2,43,45,4,4,29,207,19,101,160,107,6843,27316,40308,51757,1,4,4,6,13,2
278000,10886789832,2,3,0,0,0,3,6,6,1,5,4,2,43,45,4,4,29,207,19,101,160,107,6844,27332,40318,51779,1,4,4,6,13,2
278100,10890739862,2,3,0,0,0,3,6,6,1,5,4,2,43,45,4,4,29,207,19,101,160,107,6849,27346,40337,51794,1,4,4,6,13,2
278200,10894684380,2,3,0,0,0,3,6,6,1,5,4,2,43,45,4,4,29,207,19,101,161,107,6852,27354,40358,51814,1,4,4,6,13,2
278300,10898621182,2,3,0,0,0,3,6,6,1,5,4,2,43,45,4,4,29,207,19,101,161,107,6855,27365,40370,51835,1,4,4,6,13,2
278400,10902563063,2,3,0,0,0,3,6,6,1,5,4,2,43,45,4,4,29,207,19,101,161,107,6858,27375,40382,51849,1,4,4,6,13,2
278500,10906507325,2,3,0,0,0,3,6,6,1,5,4,2,43,45,4,4,29,207,19,101,161,107,6859,27389,40392,51863,1,4,4,6,13,2
278600,10910449059,2,3,0,0,0,3,6,6,1,5,4,2,43,45,4,4,29,207,19,101,161,107,6863,27399,40407,51882,1,4,4,6,13,2
278700,10914372997,2,3,0,0,0,3,6,6,1,5,4,2,43,45,4,4,29,207,19,101,161,107,6865,27419,40424,51898,1,4,4,6,13,2
278800,10918297579,2,3,0,0,0,3,6,6,1,5,4,2,43,45,4,4,29,207,19,101,161,107,6867,27426,40437,51912,1,4,4,6,13,2
278900,10922227601,2,3,0,0,0,3,6,6,1,5,4,2,43,45,4,4,29,207,19,101,161,107,6869,27432,40456,51927,1,4,4,6,13,2
279000,10926155388,2,3,0,0,0,3,6,6,1,5,4,2,43,45,4,4,29,207,19,101,161,107,6871,27442,40478,51941,1,4,4,6,13,2
279100,10930074408,2,3,0,0,0,3,6,6,1,5,4,2,43,45,4,4,29,207,19,101,161,107,6875,27456,40499,51962,1,4,4,6,13,2
279200,10933995786,2,3,0,0,0,3,6,6,1,5,4,2,43,45,5,4,29,207,19,101,161,107,6878,27461,40512,51985,1,4,4,6,13,2
279300,10937917866,2,3,0,0,0,3,6,6,1,5,4,2,43,45,5,4,29,207,19,101,161,107,6883,27470,40529,52010,1,4,4,6,13,2
279400,10941846213,2,3,0,0,0,3,6,6,1,5,4,2,43,45,5,4,29,207,19,101,161,107,6885,27481,40540,52027,1,4,4,6,13,2
279500,10945774206,2,3,0,0,0,3,6,6,1,5,4,2,43,45,5,4,29,207,19,101,161,108,6887,27493,40557,52041,1,4,4,6,13,2
279600,10949706935,2,3,0,0,0,3,6,6,1,5,4,2,43,45,5,4,29,207,19,101,161,108,6888,27501,40569,52060,1,4,4,6,13,2
279700,10953640205,2,3,0,0,0,3,6,6,1,5,4,2,43,45,5,4,29,207,19,101,161,108,6891,27509,40583,52083,1,4,4,6,13,2
279800,10957574239,2,3,0,0,0,3,6,6,1,5,4,2,43,45,5,4,29,207,19,101,161,108,6893,27517,40594,52101,1,4,4,6,13,2
279900,10961525743,2,3,0,0,0,3,6,6,1,5,4,2,43,45,5,4,29,207,19,101,161,108,6895,27523,40598,52120,1,4,4,6,13,2
280000,10965484419,2,3,0,0,0,3,6,6,1,5,4,2,43,45,5,4,29,207,19,101,161,108,6896,27533,40616,52144,1,4,4,6,13,2
280100,10969434994,2,3,0,0,0,3,6,6,1,5,4,2,43,45,5,4,29,207,19,101,161,108,6900,27542,40632,52163,1,4,4,6,13,2
280200,10973384580,2,3,0,0,0,3,6,6,1,5,4,2,43,45,5,4,29,207,19,101,161,108,6905,27554,40651,52181,1,4,4,6,13,2
280300,10977337217,2,3,0,0,0,3,6,6,1,5,4,2,43,45,5,4,29,207,19,101,161,108,6907,27563,40668,52200,1,4,4,6,13,2
280400,10981286662,2,3,0,0,0,3,6,6,1,5,4,2,43,45,5,4,29,207,19,101,161,108,6908,27579,40681,52220,1,4,4,6,13,2
280500,10985235877,2,3,0,0,0,3,6,6,1,5,4,2,43,45,5,4,29,207,19,101,161,108,6909,27589,40699,52240,1,4,4,6,13,2
280600,10989185040,2,3,0,0,0,3,6,6,1,5,4,2,43,45,5,4,29,207,19,101,162,108,6914,27600,40716,52263,1,4,4,6,13,2
280700,10993130883,2,3,0,0,0,3,6,6,1,5,4,2,43,45,5,4,29,207,19,101,162,108,6916,27611,40723,52281,1,4,4,6,13,2
280800,10997077650,2,3,0,0,0,3,6,6,1,5,4,2,43,46,5,4,29,207,19,101,162,108,6920,27618,40738,52300,1,4,4,6,13,2
280900,11001027590,2,3,0,0,0,3,6,6,1,5,4,2,43,46,5,4,29,207,19,101,162,108,6921,27625,40753,52314,1,4,4,6,13,2
281000,11004982348,2,3,0,0,0,3,6,6,1,5,4,2,43,46,5,4,29,207,19,101,162,108,6925,27633,40773,52334,1,4,4,6,13,2
281100,11008925587,2,3,0,0,0,3,6,6,1,5,4,2,43,46,5,4,29,207,19,101,162,108,6929,27643,40786,52348,1,4,4,6,13,2
281200,11012873067,2,3,0,0,0,3,6,6,1,5,4,2,43,46,5,4,29,207,19,101,162,108,6933,27651,40799,52366,1,4,4,6,13,2
281300,11016813559,2,3,0,0,0,3,6,6,1,5,4,2,43,46,5,4,29,207,19,101,163,108,6936,27663,40820,52387,1,4,4,6,13,2
281400,11020751531,2,3,0,0,0,3,6,6,1,5,4,2,43,46,5,4,29,209,19,101,163,108,6938,27671,40831,52411,1,4,4,6,13,2
281500,11024685779,2,3,0,0,0,3,6,6,1,5,4,2,43,46,5,4,29,209,19,101,163,108,6941,27682,40846,52436,1,4,4,6,13,2
281600,11028617098,2,3,0,0,0,3,6,6,1,5,4,2,43,46,5,4,29,209,19,101,164,108,6942,27692,40861,52460,1,4,4,6,13,2
281700,11032542083,2,3,0,0,0,3,6,6,1,5,4,2,43,46,5,4,29,209,19,101,165,108,6943,27704,40876,52480,1,4,4,6,13,2
281800,11036473640,2,3,0,0,0,3,6,6,1,5,4,2,43,46,5,4,29,209,19,101,165,108,6946,27709,40893,52492,1,4,4,6,13,2
281900,11040410245,2,3,0,0,0,3,6,6,1,5,4,2,43,46,5,4,29,209,19,101,165,108,6947,27718,40904,52505,1,4,4,6,13,2
282000,11044355735,2,3,0,0,0,3,6,6,1,5,4,2,43,46,5,4,29,209,19,101,165,108,6949,27730,40918,52519,1,4,4,6,13,2
282100,11048304656,2,3,0,0,0,3,6,6,1,5,4,2,43,46,5,4,29,209,19,101,165,108,6952,27742,40931,52542,1,4,4,6,13,2
282200,11052243365,2,3,0,0,0,3,6,6,1,5,4,2,43,46,5,4,29,209,19,101,165,109,6953,27754,40946,52564,1,4,4,6,13,2
282300,11056192449,2,3,0,0,0,3,6,6,1,5,4,2,43,46,5,4,29,209,19,101,165,109,6954,27759,40963,52585,1,4,4,6,13,2
282400,11060150309,2,3,0,0,0,3,6,6,1,5,4,2,43,46,5,4,29,209,19,101,165,109,6957,27775,40975,52602,1,4,4,6,13,2
282500,11064104534,2,3,0,0,0,3,6,6,1,5,4,2,43,46,5,4,29,210,19,101,165,109,6959,27787,40988,52623,1,4,4,6,13,2
282600,11068054602,2,3,0,0,0,3,6,6,1,5,4,2,43,46,5,4,29,210,19,101,165,109,6960,27792,41003,52642,1,4,4,6,13,2
282700,11072005637,2,3,0,0,0,3,6,6,1,5,4,2,43,46,5,4,29,210,19,101,165,109,6962,27808,41018,52665,1,4,4,6,13,2
282800,11075944318,2,3,0,0,0,3,6,6,1,5,4,2,43,46,5,4,29,210,19,101,165,109,6965,27816,41033,52686,1,4,4,6,13,2
282900,11079882518,2,3,0,0,0,3,6,6,1,5,4,2,43,46,5,4,29,210,19,101,165,109,6966,27830,41051,52699,1,4,4,6,13,2
283000,11083817639,2,3,0,0,0,3,6,6,1,5,4,2,43,46,5,4,29,210,19,101,165,109,6972,27838,41065,52722,1,4,4,6,13,2
283100,11087754243,2,3,0,0,0,3,6,6,1,5,4,2,43,46,5,4,29,210,19,101,165,109,6977,27849,41085,52743,1,4,4,6,13,2
283200,11091687333,2,3,0,0,0,3,6,6,1,5,4,2,43,46,5,4,29,210,19,101,165,109,6981,27861,41101,52753,1,4,4,6,13,2
283300,11095627432,2,3,0,0,0,3,6,6,1,5,4,2,43,46,5,4,29,210,19,101,165,109,6985,27871,41113,52771,1,4,4,6,13,2
283400,11099565879,2,3,0,0,0,3,6,6,1,5,4,2,43,46,5,4,29,210,19,101,165,109,6989,27878,41128,52797,1,4,4,6,13,2
283500,11103509043,2,3,0,0,0,3,6,6,1,5,4,2,43,46,5,4,29,210,19,101,165,110,6990,27888,41139,52807,1,4,4,6,13,2
283600,11107454581,2,3,0,0,0,3,6,6,1,5,4,2,43,46,5,4,29,210,19,101,166,110,6992,27902,41154,52824,1,4,4,6,13,2
283700,11111392460,2,3,0,0,0,3,6,6,1,5,4,2,43,46,5,4,29,211,19,101,166,110,6993,27912,41168,52847,1,4,4,6,13,2
283800,11115338961,2,3,0,0,0,3,6,6,1,5,4,2,43,46,5,4,29,211,19,101,166,110,6998,27920,41184,52872,1,4,4,6,13,2
283900,11119284989,2,3,0,0,0,3,6,6,1,5,4,2,43,46,5,5,29,211,19,101,166,110,7005,27925,41198,52886,1,4,4,6,13,2
284000,11123240303,2,3,0,0,0,3,6,6,1,5,4,2,43,46,5,5,29,211,19,101,166,110,7007,27933,41212,52898,1,4,4,6,13,2
284100,11127200657,2,3,0,0,0,3,6,6,1,5,4,2,43,46,5,5,29,211,20,101,166,110,7009,27944,41223,52918,1,4,4,6,13,2
284200,11131169140,2,3,0,0,0,3,6,6,1,5,4,2,43,46,5,5,29,211,20,101,166,110,7012,27953,41238,52939,1,4,4,6,13,2
284300,11135130990,2,3,0,0,0,3,6,6,1,5,4,2,44,46,5,5,29,211,20,101,166,110,7017,27965,41248,52962,1,4,4,6,13,2
284400,11139080423,2,3,0,0,0,3,6,6,1,5,4,2,44,46,5,5,29,211,20,101,166,110,7024,27976,41258,52977,1,4,4,6,13,3
284500,11143028059,2,3,0,0,0,3,6,6,1,5,4,2,44,46,5,5,29,211,20,101,166,110,7026,27983,41269,52996,1,4,4,6,13,3
284600,11146983516,2,3,0,0,0,3,6,6,1,5,4,2,44,46,5,5,29,211,20,101,166,110,7029,27995,41286,53010,1,4,4,6,13,3
284700,11150937161,2,3,0,0,0,3,6,6,1,5,4,2,44,46,5,5,29,211,20,101,166,110,7031,28006,41297,53022,1,4,4,6,13,3
284800,11154892983,2,3,0,0,0,3,6,6,1,5,4,2,44,46,5,5,29,211,20,101,166,110,7034,28014,41314,53044,1,4,4,6,13,3
284900,11158837742,2,3,0,0,0,3,6,6,1,5,4,2,44,46,5,5,29,211,20,101,167,110,7034,28026,41323,53058,1,4,4,6,13,3
285000,11162789257,2,3,0,0,0,3,6,7,1,5,4,2,44,46,5,5,29,211,20,101,167,110,7039,28036,41345,53075,1,4,4,6,13,3
285100,11166738213,2,3,0,0,0,3,6,7,1,5,4,2,44,46,5,5,29,211,20,101,167,110,7041,28046,41364,53094,1,4,4,6,13,3
285200,11170691981,2,3,0,0,0,3,6,7,1,5,4,2,44,46,5,5,29,211,20,101,167,110,7043,28054,41381,53109,1,4,4,6,13,3
285300,11174652561,2,3,0,0,0,3,6,7,1,5,4,2,44,46,5,5,29,211,20,101,167,110,7045,28065,41393,53136,1,4,4,6,13,3
285400,11178614920,2,3,0,0,0,3,6,7,1,5,4,2,44,46,5,5,29,211,20,101,167,110,7046,28078,41408,53156,1,4,4,6,13,3
285500,11182576246,2,3,0,0,0,3,6,7,1,5,4,2,44,46,5,5,29,211,20,101,167,110,7047,28090,41431,53175,1,4,4,6,13,3
285600,11186540487,2,3,0,0,0,3,6,7,1,5,4,2,44,46,5,5,29,211,20,101,167,110,7050,28105,41449,53200,1,4,4,6,13,3
285700,11190504280,2,3,0,0,0,3,6,7,1,5,4,2,44,46,5,5,29,211,20,101,167,110,7051,28113,41463,53217,1,4,4,6,13,3
285800,11194467302,2,3,0,0,0,3,6,7,1,5,4,2,44,46,5,5,29,211,20,102,167,110,7054,28127,41480,53242,1,4,4,6,13,3
285900,11198425932,2,3,0,0,0,3,6,7,1,5,4,2,45,46,5,5,29,211,20,102,167,110,7060,28136,41501,53262,1,4,4,6,13,3
286000,11202388336,2,3,0,0,0,3,6,7,1,5,4,2,45,46,5,5,29,211,20,102,167,110,7061,28146,41523,53275,1,4,4,6,13,3
286100,11206357013,2,3,0,0,0,3,6,7,1,5,4,2,45,46,5,5,29,211,20,102,167,110,7062,28152,41535,53294,1,4,4,6,13,3
286200,11210336637,2,3,0,0,0,3,6,7,1,5,4,2,45,46,5,5,29,211,20,103,167,111,7066,28166,41547,53313,1,4,4,6,13,3
286300,11214306935,2,3,0,0,0,3,6,7,1,5,4,2,45,46,5,5,29,213,20,103,167,112,7067,28177,41562,53328,1,4,4,6,13,3
286400,11218276241,2,3,0,0,0,3,6,7,1,5,4,2,45,46,5,5,29,213,20,103,167,112,7069,28186,41577,53340,1,4,4,6,13,3
286500,11222254069,2,3,0,0,0,3,6,7,1,5,4,2,45,46,5,5,29,213,20,103,167,112,7070,28201,41586,53359,1,4,4,6,13,3
286600,11226231142,2,3,0,0,0,3,6,7,1,5,4,2,45,46,5,5,29,213,20,103,167,112,7074,28209,41599,53385,1,4,4,6,13,3
286700,11230210026,2,3,0,0,0,3,6,7,1,5,4,2,45,46,5,5,29,213,20,103,167,112,7075,28210,41610,53399,1,4,4,6,13,3
286800,11234185639,2,3,0,0,0,3,6,7,1,5,4,2,45,46,5,5,29,213,20,103,167,112,7079,28223,41622,53420,1,4,4,6,13,3
286900,11238161186,2,3,0,0,0,3,6,7,1,5,4,2,45,46,5,5,29,214,20,104,167,113,7084,28231,41629,53441,1,4,4,6,13,3
287000,11242139134,2,3,0,0,0,3,6,7,1,5,4,2,45,46,5,5,29,215,20,104,167,113,7088,28238,41650,53465,1,4,4,6,13,3
287100,11246117312,2,3,0,0,0,3,6,7,1,5,4,2,45,46,5,5,29,215,20,104,167,113,7090,28249,41664,53478,1,4,4,6,13,3
287200,11250104056,2,3,0,0,0,3,6,7,1,5,4,2,45,46,5,5,29,215,20,104,167,113,7093,28256,41678,53496,1,4,4,6,13,3
287300,11254086041,2,3,0,0,0,3,6,7,1,5,4,2,45,46,5,5,29,215,20,104,167,114,7094,28274,41700,53506,1,4,4,6,13,3
287400,11258066903,2,3,0,0,0,3,6,7,1,5,4,2,45,47,5,5,29,215,20,104,167,114,7098,28285,41716,53529,1,4,4,6,13,3
287500,11262048042,2,3,0,0,0,3,6,7,1,5,4,2,45,47,5,5,29,215,20,104,167,114,7101,28303,41723,53548,1,4,4,6,13,3
287600,11266026233,2,3,0,0,0,3,6,7,1,5,4,2,45,47,5,5,29,216,20,104,167,114,7105,28310,41735,53567,1,4,4,6,13,3
287700,11270003966,2,3,0,0,0,3,6,7,1,5,4,2,45,47,5,5,29,216,20,104,167,114,7107,28318,41749,53588,1,4,4,6,13,3
287800,11273991697,2,3,0,0,0,3,6,7,1,5,4,2,45,47,5,5,29,216,20,104,167,114,7110,28327,41764,53612,1,4,4,6,13,3
287900,11277975512,2,3,0,0,0,3,6,7,1,5,4,2,45,47,5,5,29,216,20,104,167,114,7112,28334,41788,53634,1,4,4,6,13,3
288000,11281963341,2,3,0,0,0,3,6,7,1,5,4,2,45,47,5,5,29,216,20,104,167,114,7113,28347,41800,53658,1,4,4,6,13,3
288100,11285936035,2,3,0,0,0,3,6,7,1,5,4,2,45,47,5,5,29,216,20,104,167,114,7118,28363,41820,53678,1,4,4,6,13,3
288200,11289908963,2,3,0,0,0,3,6,7,1,5,4,2,45,47,5,5,29,216,20,104,167,114,7118,28377,41831,53697,1,4,4,6,13,3
288300,11293879226,2,3,0,0,0,3,6,7,1,5,4,2,45,47,5,5,29,216,20,104,167,114,7121,28392,41846,53723,1,4,4,6,13,3
288400,11297847213,2,3,0,0,0,3,6,7,1,5,4,2,45,47,5,5,29,217,20,104,167,114,7126,28398,41860,53748,1,4,4,6,13,3
288500,11301815643,2,3,0,0,0,3,6,7,1,5,4,2,45,47,5,5,29,217,20,104,167,114,7127,28409,41871,53767,1,4,4,6,13,3
288600,11305785670,2,3,0,0,0,3,6,7,1,5,4,2,45,47,5,5,29,217,20,104,167,114,7130,28420,41883,53781,1,4,4,6,13,3
288700,11309760407,2,3,0,0,0,3,6,7,1,5,4,2,45,47,5,5,29,218,20,104,167,114,7133,28434,41904,53801,1,4,4,6,13,3
288800,11313736660,2,3,0,0,0,3,6,7,1,5,4,2,45,47,5,5,29,218,20,104,167,114,7134,28445,41914,53823,1,4,4,6,13,3
288900,11317712529,2,3,0,0,0,3,6,7,1,5,4,2,45,47,5,5,29,218,20,104,167,114,7139,28458,41922,53840,1,4,4,6,13,3
289000,11321692432,2,3,0,0,0,3,6,7,1,5,4,2,45,47,5,5,29,218,20,104,168,115,7143,28467,41934,53859,1,4,4,6,13,3
289100,11325667655,2,3,0,0,0,3,6,7,1,5,4,2,45,47,5,5,29,219,20,104,168,115,7145,28478,41951,53877,1,4,4,6,13,3
289200,11329640559,2,3,0,0,0,3,6,7,1,5,4,2,45,47,5,5,29,219,20,104,168,115,7146,28489,41974,53891,1,4,4,6,13,3
289300,11333610203,2,3,0,0,0,3,6,7,1,5,4,2,45,47,5,5,29,219,20,104,169,115,7149,28497,41987,53903,1,4,4,6,13,3
289400,11337577639,2,3,0,0,0,3,6,7,1,5,4,2,45,47,5,5,29,219,20,104,169,115,7152,28510,42002,53925,1,4,4,6,13,3
289500,11341536972,2,3,0,0,0,3,6,7,1,5,4,2,45,47,5,5,29,219,20,105,169,115,7155,28522,42021,53944,1,4,4,6,13,3
289600,11345482117,2,3,0,0,0,3,6,7,1,5,4,2,45,47,5,5,29,220,20,105,170,115,7157,28530,42046,53961,1,4,4,6,13,3
289700,11349427191,2,3,0,0,0,3,6,7,1,5,4,2,45,47,5,5,29,220,20,105,170,115,7160,28536,42061,53973,1,4,4,6,13,3
289800,11353387110,2,3,0,0,0,3,6,7,1,5,4,2,45,47,5,5,29,220,20,105,170,115,7162,28545,42073,53996,1,4,4,6,13,3
289900,11357349702,2,3,0,0,0,3,6,7,1,5,4,2,45,47,5,5,29,220,20,105,170,115,7164,28559,42084,54008,1,4,4,6,13,3
290000,11361314889,2,3,0,0,0,3,6,7,1,5,4,2,45,47,5,5,29,220,20,105,170,115,7170,28568,42101,54022,1,4,4,6,13,3
290100,11365276582,2,3,0,0,0,3,6,7,1,5,4,2,45,47,5,5,29,220,20,105,170,115,7170,28580,42116,54037,1,4,4,6,13,3
290200,11369239078,2,3,0,0,0,3,6,7,1,5,4,2,45,47,5,5,29,220,20,105,170,115,7171,28593,42131,54062,1,4,4,6,13,3
290300,11373194541,2,3,0,0,0,3,6,7,1,5,4,2,45,47,5,5,29,220,20,105,170,115,7178,28605,42148,54087,1,4,4,6,13,3
290400,11377146793,2,3,0,0,0,3,6,7,1,5,4,2,45,47,5,5,29,220,20,105,171,115,7179,28612,42168,54109,1,4,4,6,13,3
290500,11381099144,2,3,0,0,0,3,6,7,1,5,4,2,45,47,5,5,29,220,20,105,171,115,7180,28619,42196,54138,1,4,4,6,13,3
290600,11385040947,2,3,0,0,0,3,6,7,1,5,4,2,45,47,5,5,29,220,20,105,172,115,7182,28629,42213,54158,1,4,4,6,13,3
290700,11388989538,2,3,0,0,0,3,6,7,1,5,4,2,45,47,5,5,29,220,20,105,172,115,7183,28639,42228,54183,1,4,4,6,13,3
290800,11392930595,2,3,0,0,0,3,6,7,1,5,4,2,45,47,5,5,29,220,20,105,172,115,7187,28653,42245,54199,1,4,4,6,13,3
290900,11396876113,2,3,0,0,0,3,6,7,1,5,4,2,45,47,5,5,29,220,20,105,172,115,7189,28665,42260,54221,1,4,4,6,13,3
291000,11400825927,2,3,0,0,0,3,6,7,1,5,4,2,45,48,5,5,29,221,20,105,172,116,7194,28671,42274,54239,1,4,4,6,13,3
291100,11404769271,2,3,0,0,0,3,6,7,1,5,4,2,45,48,5,5,29,221,20,105,172,116,7195,28678,42296,54252,1,4,4,6,13,3
291200,11408715544,2,3,0,0,0,3,6,7,1,5,4,2,45,48,5,5,29,221,20,105,172,116,7196,28687,42314,54267,1,4,4,6,13,3
291300,11412661976,2,3,0,0,0,3,6,7,1,5,4,2,45,48,5,5,29,221,20,106,172,116,7200,28697,42321,54285,1,4,4,6,13,3
291400,11416613891,2,3,0,0,0,3,6,7,1,5,4,2,45,48,5,5,29,221,20,106,172,116,7203,28707,42336,54307,1,4,4,6,13,3
291500,11420571600,2,3,0,0,0,3,6,7,1,5,4,2,45,48,5,5,29,222,20,106,172,116,7205,28717,42350,54332,1,4,4,6,13,3
291600,11424531660,2,3,0,0,0,3,6,7,1,5,4,2,45,48,5,5,29,222,20,106,172,116,7207,28719,42363,54347,1,4,4,6,13,3
291700,11428496316,2,3,0,0,0,3,6,7,1,5,4,2,45,48,5,5,29,222,20,106,172,116,7210,28724,42372,54368,1,4,4,6,13,3
291800,11432461862,2,3,0,0,0,3,6,7,1,5,4,2,45,48,5,5,29,222,20,106,172,116,7212,28733,42399,54389,1,4,4,6,13,3
291900,11436421994,2,3,0,0,0,3,6,7,1,5,4,2,45,48,5,5,29,222,20,106,172,116,7215,28739,42422,54405,1,4,4,6,13,3
292000,11440382370,2,3,0,0,0,3,6,7,1,5,4,2,45,48,5,5,29,222,20,106,172,116,7216,28744,42444,54424,1,4,4,6,13,3
292100,11444331342,2,3,0,0,0,3,6,7,1,5,4,2,45,48,5,5,29,222,20,106,172,116,7225,28749,42460,54444,1,4,4,6,13,3
292200,11448297817,2,3,0,0,0,3,6,7,1,5,4,2,45,48,5,5,29,222,20,106,172,116,7226,28759,42473,54461,1,4,4,6,13,3
292300,11452258639,2,3,0,0,0,3,6,7,1,5,4,2,45,48,5,5,29,222,20,106,172,116,7229,28764,42489,54482,1,4,4,6,13,3
292400,11456209648,2,3,0,0,0,3,6,7,1,5,4,2,45,48,5,5,29,222,20,107,172,116,7231,28781,42504,54497,1,4,4,6,13,3
292500,11460152726,2,3,0,0,0,3,6,7,1,5,4,2,45,48,5,5,29,222,20,107,172,116,7233,28794,42523,54526,1,4,4,6,13,3
292600,11464092496,2,3,0,0,0,3,6,7,1,5,4,2,45,48,5,5,29,222,20,107,172,116,7235,28807,42534,54556,1,4,4,6,13,3
292700,11468023911,2,3,0,0,0,3,6,7,1,5,4,2,45,48,5,5,29,222,20,107,172,116,7239,28817,42546,54570,1,4,4,6,13,3
292800,11471946277,2,3,0,0,0,3,6,7,1,5,4,2,45,48,5,5,29,222,20,107,172,116,7242,28825,42569,54588,1,4,4,6,13,3
292900,11475863610,2,3,0,0,0,3,6,7,1,5,4,2,45,48,5,5,29,222,20,107,173,116,7246,28832,42584,54605,1,4,4,6,13,3
293000,11479777518,2,3,0,0,0,3,6,7,1,5,4,2,45,48,5,5,29,222,20,107,173,116,7247,28835,42596,54623,1,4,4,6,13,3
293100,11483701360,2,3,0,0,0,3,6,7,1,5,4,2,45,48,5,5,29,222,20,107,174,116,7248,28846,42605,54641,1,4,4,6,13,3
293200,11487634339,2,3,0,0,0,3,6,7,1,5,4,2,45,48,5,5,29,222,20,107,174,116,7249,28851,42618,54662,1,4,4,6,13,3
293300,11491566310,2,3,0,0,0,3,6,7,1,5,4,2,45,48,5,5,29,222,20,107,174,116,7253,28863,42632,54687,1,4,4,6,13,3
293400,11495501137,2,3,0,0,0,3,6,7,1,5,4,2,45,48,5,5,29,222,20,108,174,116,7254,28878,42644,54701,1,4,4,6,13,3
293500,11499426368,2,3,0,0,0,3,6,7,1,5,4,2,45,48,5,5,29,222,20,108,174,116,7256,28891,42657,54722,1,4,4,6,13,3
293600,11503350583,2,3,0,0,0,3,6,7,1,5,4,2,45,48,5,5,29,222,20,108,174,116,7260,28906,42675,54733,1,4,4,6,13,3
293700,11507265379,2,3,0,0,0,3,6,7,1,5,4,2,45,48,5,5,29,222,20,108,174,116,7262,28921,42692,54749,1,4,4,6,13,3
293800,11511170835,2,3,0,0,0,3,6,7,1,5,4,2,45,48,5,5,29,222,20,108,174,116,7266,28930,42712,54766,1,4,4,6,13,3
293900,11515079554,2,3,0,0,0,3,6,7,1,5,4,2,45,48,5,5,29,223,20,108,174,116,7268,28937,42721,54785,1,4,4,6,13,3
294000,11518991901,2,3,0,0,0,3,6,7,1,5,4,2,45,48,5,5,29,223,20,108,174,116,7270,28941,42733,54801,1,4,4,6,13,3
294100,11522918495,2,3,0,0,0,3,6,7,1,5,4,2,45,48,5,5,29,223,20,108,174,116,7271,28952,42744,54818,1,4,4,6,13,3
294200,11526850040,2,3,0,0,0,3,6,7,1,5,4,2,45,48,5,5,29,223,20,109,174,116,7275,28957,42759,54836,1,4,4,6,13,3
294300,11530790162,2,3,0,0,0,3,6,7,1,5,4,2,45,48,5,5,29,223,20,109,174,116,7277,28968,42772,54857,1,4,4,6,13,3
294400,11534729664,2,3,0,0,0,3,6,7,1,5,4,2,45,48,5,5,29,223,20,109,174,116,7282,28984,42786,54873,1,4,4,6,13,3
294500,11538663442,2,3,0,0,0,3,6,7,1,5,4,2,45,48,5,5,29,223,20,109,174,116,7285,28999,42800,54893,1,4,4,6,13,3
294600,11542596432,2,3,0,0,0,3,6,7,1,5,4,2,45,48,5,5,29,223,20,109,174,116,7285,29015,42820,54912,1,4,4,6,13,3
294700,11546514152,2,3,0,0,0,3,6,7,1,5,4,2,45,48,5,5,29,223,20,109,175,116,7286,29027,42841,54938,1,4,4,6,13,3
294800,11550435931,2,3,0,0,0,3,6,7,1,5,4,2,45,48,5,5,29,223,20,109,175,116,7291,29036,42859,54948,1,4,4,6,13,3
294900,11554368170,2,3,0,0,0,3,6,7,1,5,4,2,45,48,5,5,29,223,20,109,176,116,7294,29042,42869,54965,1,4,4,6,13,3
295000,11558300976,2,3,0,0,0,3,6,7,1,5,4,2,45,48,5,5,29,223,20,109,176,116,7295,29054,42882,54983,1,4,4,6,13,3
295100,11562234030,2,3,0,0,0,3,6,7,1,5,4,2,45,48,5,5,29,223,20,109,176,116,7300,29062,42894,55005,1,4,4,6,13,3
295200,11566171624,2,3,0,0,0,3,6,7,1,5,4,2,45,48,5,5,29,223,20,109,176,116,7300,29073,42912,55016,1,4,4,6,13,3
295300,11570112330,2,3,0,0,0,3,6,7,1,5,4,2,45,48,5,5,29,223,20,109,176,116,7301,29089,42924,55031,1,4,4,6,13,3
295400,11574056419,2,3,0,0,0,3,6,7,1,5,4,2,45,48,5,5,29,223,20,109,176,116,7304,29096,42947,55048,1,4,4,6,13,3
295500,11578009876,2,3,0,0,0,3,6,7,1,5,4,2,45,48,5,5,29,223,20,109,176,116,7307,29109,42963,55077,1,4,4,6,13,3
295600,11581956941,2,3,0,0,0,3,6,7,1,5,4,2,45,48,5,5,29,223,20,109,176,116,7309,29119,42978,55103,1,4,4,6,13,3
295700,11585893806,2,3,0,0,0,3,6,7,1,5,4,2,45,48,5,5,29,223,20,109,176,116,7312,29131,42998,55123,1,4,4,6,13,3
295800,11589813698,2,3,0,0,0,3,6,7,1,5,4,2,45,48,5,5,29,223,20,109,176,116,7315,29146,43006,55142,1,4,4,6,13,3
295900,11593733195,2,3,0,0,0,3,6,7,1,5,4,2,45,48,5,5,29,223,20,109,176,116,7319,29160,43016,55160,1,4,4,6,13,3
296000,11597647338,2,3,0,0,0,3,6,7,1,5,4,2,45,48,5,5,29,223,20,109,176,116,7322,29164,43028,55177,1,4,4,6,13,3
296100,11601566046,2,3,0,0,0,3,6,7,1,5,4,2,45,48,5,5,29,223,20,109,176,116,7323,29173,43039,55189,1,4,4,6,13,3
296200,11605483483,2,3,0,0,0,3,6,7,1,5,4,2,45,48,5,5,29,223,20,109,176,116,7325,29187,43062,55208,1,4,4,6,13,3
296300,11609400010,2,3,0,0,0,3,6,7,1,5,4,2,45,48,5,5,29,223,20,110,176,116,7327,29195,43077,55230,1,4,4,6,13,3
296400,11613323301,2,3,0,0,0,3,6,7,1,5,4,2,45,48,5,5,29,223,20,110,176,116,7331,29203,43088,55253,1,4,4,6,13,3
296500,11617258020,2,3,0,0,0,3,6,7,1,5,4,2,45,48,5,5,29,223,20,110,176,116,7333,29214,43102,55279,1,4,4,6,13,3
296600,11621179586,2,3,0,0,0,3,6,7,1,5,4,2,45,48,5,5,29,223,20,110,176,116,7336,29225,43115,55295,1,4,4,6,13,3
296700,11625095282,2,3,0,0,0,3,6,7,1,5,4,2,45,48,5,5,29,223,20,110,176,116,7338,29240,43128,55313,1,4,4,6,13,3
296800,11629005665,2,3,0,0,0,3,6,7,1,5,4,2,45,48,5,5,29,223,20,110,176,116,7340,29248,43146,55339,1,4,4,6,13,3
296900,11632911005,2,3,0,0,0,3,6,7,1,5,4,2,45,48,5,5,29,223,20,110,176,116,7341,29255,43162,55357,1,4,4,6,13,3
297000,11636818996,2,3,0,0,0,3,6,7,1,5,4,2,45,48,5,5,29,223,20,110,176,116,7344,29264,43179,55375,1,4,4,6,13,3
297100,11640719954,2,3,0,0,0,3,6,7,1,5,4,2,45,48,5,5,29,223,20,110,176,116,7350,29270,43203,55392,1,4,4,6,13,3
297200,11644622353,2,3,0,0,0,3,6,7,1,5,4,2,45,48,5,5,29,223,20,110,176,116,7351,29277,43222,55414,1,4,4,6,13,3
297300,11648526482,2,3,0,0,0,3,6,7,1,5,4,2,45,48,5,5,29,223,20,110,176,116,7357,29289,43240,55427,1,4,4,6,13,3
297400,11652431020,2,3,0,0,0,3,6,7,1,5,4,2,45,48,5,5,29,223,20,110,176,116,7363,29297,43252,55448,1,4,4,6,13,3
297500,11656338222,2,3,0,0,0,3,6,7,1,5,4,2,45,48,5,5,30,223,20,110,176,116,7369,29310,43272,55467,1,4,4,6,13,3
297600,11660250929,2,3,0,0,0,3,6,7,1,5,4,2,45,48,5,5,30,223,20,110,176,116,7373,29318,43280,55485,1,4,4,6,13,3
297700,11664167339,2,3,0,0,0,3,6,7,1,5,4,2,45,48,5,5,30,223,20,110,176,116,7375,29326,43290,55504,1,4,4,6,13,3
297800,11668092174,2,3,0,0,0,3,6,7,1,5,4,2,45,48,5,5,30,223,20,110,176,116,7377,29335,43299,55527,1,4,4,6,13,3
297900,11672027254,2,3,0,0,0,3,6,7,1,5,4,2,45,48,5,5,30,223,20,110,176,116,7379,29346,43308,55546,1,4,4,6,13,3
298000,11675970205,2,3,0,0,0,3,6,7,1,5,4,2,45,48,5,5,30,223,20,110,176,116,7385,29352,43315,55564,1,4,4,6,13,3
298100,11679913600,2,3,0,0,0,3,6,7,1,5,4,2,45,48,5,5,30,223,20,110,177,116,7388,29360,43325,55584,1,4,4,6,13,3
298200,11683866946,2,3,0,0,0,3,6,7,1,5,4,2,45,48,5,5,30,223,20,110,177,116,7390,29370,43338,55597,1,4,4,6,13,3
298300,11687817305,2,3,0,0,0,3,6,7,1,5,4,2,45,48,5,5,30,223,20,110,177,116,7394,29376,43359,55613,1,4,4,6,13,3
298400,11691764907,2,3,0,0,0,3,6,7,1,5,4,2,45,48,5,5,30,223,20,110,177,116,7396,29384,43379,55633,1,4,4,6,13,3
298500,11695700921,2,3,0,0,0,3,6,7,1,5,4,2,45,48,5,5,30,223,20,110,177,116,7398,29394,43394,55652,1,4,4,6,13,3
298600,11699640599,2,3,0,0,0,3,6,7,1,5,4,2,45,48,5,5,30,223,20,110,177,116,7400,29401,43402,55668,1,4,4,6,13,3
298700,11703575675,2,3,0,0,0,3,6,7,1,5,4,2,45,48,5,5,30,223,20,110,177,116,7403,29411,43415,55686,1,4,4,6,13,3
298800,11707513740,2,3,0,0,0,3,6,7,1,5,4,2,45,48,5,5,30,223,20,110,177,116,7403,29426,43430,55705,1,4,4,6,13,3
298900,11711465530,2,3,0,0,0,3,6,7,1,5,4,2,45,48,5,5,30,223,20,110,177,116,7407,29433,43441,55730,1,4,4,6,13,3
299000,11715407522,2,3,0,0,0,3,6,7,1,5,4,2,45,48,5,5,30,223,20,110,177,116,7412,29445,43450,55746,1,4,4,6,13,3
299100,11719354466,2,3,0,0,0,3,6,7,1,5,4,2,45,48,5,5,30,223,20,110,177,116,7414,29455,43465,55761,1,4,4,6,13,3
299200,11723304687,2,3,0,0,0,3,6,7,1,5,4,2,45,48,5,5,30,223,20,110,177,116,7417,29459,43477,55780,1,4,4,6,13,3
299300,11727246552,2,3,0,0,0,3,6,7,1,5,4,2,45,48,5,5,30,223,20,110,177,116,7421,29469,43489,55806,1,4,4,6,13,3
299400,11731197896,2,3,0,0,0,3,6,7,1,5,4,2,46,48,5,5,30,224,20,110,177,116,7424,29477,43501,55827,1,4,4,6,13,3
299500,11735148686,2,3,0,0,0,3,6,7,1,5,4,2,46,48,5,5,30,225,20,110,177,116,7425,29487,43523,55849,1,4,4,6,13,3
299600,11739087572,2,3,0,0,0,3,6,7,1,5,4,2,46,48,5,5,30,225,20,110,177,116,7427,29500,43541,55872,1,4,4,6,13,3
299700,11743022886,2,3,0,0,0,3,6,7,1,5,4,2,46,48,5,5,30,225,20,110,177,116,7428,29507,43557,55893,1,4,4,6,13,3
299800,11746965618,2,3,0,0,0,3,6,7,1,5,4,2,46,48,5,5,30,225,20,110,177,116,7429,29513,43570,55907,1,4,4,6,13,3
299900,11750907787,2,3,0,0,0,3,6,7,1,5,4,2,46,48,5,5,30,225,20,110,177,116,7434,29518,43582,55925,1,4,4,6,13,3
300000,11754854758,2,3,0,0,0,3,6,7,1,5,4,2,46,48,5,5,30,225,20,110,177,116,7436,29535,43598,55942,1,4,4,6,13,3
300100,11758797917,2,3,0,0,0,3,6,7,1,5,4,2,46,48,5,5,30,225,20,110,177,116,7437,29546,43613,55968,1,5,4,6,13,3
300200,11762735255,2,3,0,0,0,3,6,7,1,5,4,2,46,48,5,5,30,225,20,110,177,116,7440,29556,43627,55994,1,5,4,6,13,3
300300,11766659074,2,3,0,0,0,3,6,7,1,5,4,2,46,48,5,5,30,225,20,110,177,116,7441,29564,43646,56009,1,5,4,6,13,3
300400,11770581184,2,3,0,0,0,3,6,7,1,5,4,2,46,48,5,5,30,225,20,110,177,116,7443,29574,43662,56033,1,5,4,6,13,3
300500,11774493385,2,3,0,0,0,3,6,7,1,5,4,2,46,48,5,5,30,225,20,110,177,116,7446,29585,43676,56049,1,5,4,6,13,3
300600,11778406081,2,3,0,0,0,3,6,7,1,5,4,2,46,48,5,5,30,225,20,110,177,116,7450,29595,43694,56067,1,5,4,6,13,3
300700,11782318478,2,3,0,0,0,3,6,7,1,5,4,2,46,48,5,5,30,225,20,110,177,116,7450,29606,43704,56081,1,5,4,6,13,3
300800,11786231117,2,3,0,0,0,3,6,7,1,5,4,2,46,48,5,5,30,225,20,110,177,116,7450,29617,43723,56100,1,5,4,6,13,3
300900,11790147101,2,3,0,0,0,3,6,7,1,5,4,2,46,48,5,5,30,225,20,110,177,116,7450,29629,43736,56126,1,5,4,6,13,3
301000,11794070126,2,3,0,0,0,3,6,7,1,5,4,2,46,48,5,5,30,225,20,110,177,117,7450,29637,43754,56137,1,5,4,6,13,3
301100,11798004714,2,3,0,0,0,3,6,7,1,5,4,2,46,48,5,5,30,225,20,111,177,117,7458,29646,43770,56149,1,5,4,6,13,3
301200,11801928408,2,3,0,0,0,3,6,7,1,5,4,2,46,48,5,5,30,225,20,111,177,117,7459,29655,43781,56177,1,5,4,6,13,3
301300,11805850547,2,3,0,0,0,3,6,7,1,5,4,2,46,48,5,5,30,225,20,111,177,117,7463,29666,43800,56197,1,5,4,6,13,3
301400,11809779074,2,3,0,0,0,3,6,7,1,5,4,2,46,48,5,5,30,225,20,111,177,117,7466,29672,43812,56213,1,5,4,6,13,3
301500,11813718273,2,3,0,0,0,3,6,7,1,5,4,2,46,48,5,5,30,225,20,111,177,117,7468,29686,43828,56227,1,5,4,6,13,3
301600,11817654143,2,3,0,0,0,3,6,7,1,5,4,2,46,48,5,5,30,225,20,111,177,117,7472,29692,43840,56249,1,5,4,6,13,3
301700,11821589662,2,3,0,0,0,3,6,7,1,5,4,2,47,48,5,5,30,225,20,111,177,117,7475,29703,43854,56268,1,5,4,6,13,3
301800,11825529400,2,3,0,0,0,3,6,7,1,5,4,2,47,48,5,5,30,225,20,111,177,117,7477,29711,43860,56289,1,5,4,6,13,3
301900,11829476922,2,3,0,0,0,3,6,7,1,5,4,2,47,48,5,5,30,225,20,111,177,117,7479,29726,43868,56306,1,5,4,6,13,3
302000,11833420426,2,3,0,0,0,3,6,7,1,5,4,2,47,48,5,5,30,225,20,111,177,117,7482,29738,43885,56319,1,5,4,6,13,3
302100,11837362696,2,3,0,0,0,3,6,7,1,5,4,2,47,48,5,5,30,225,20,111,177,117,7487,29745,43906,56342,1,5,4,6,13,3
302200,11841308249,2,3,0,0,0,3,6,7,1,5,4,2,47,48,5,5,30,225,20,111,177,117,7487,29755,43920,56366,1,5,4,6,13,3
302300,11845253176,2,3,0,0,0,3,6,7,1,5,4,2,47,48,5,5,30,225,20,111,177,117,7490,29769,43936,56386,1,5,4,6,13,3
302400,11849201029,2,3,0,0,0,3,6,7,1,5,4,2,47,48,5,5,30,225,20,111,177,117,7493,29778,43953,56402,1,5,4,6,13,3
302500,11853157099,2,3,0,0,0,3,6,7,1,5,4,2,47,48,5,5,30,225,20,111,177,117,7495,29785,43966,56415,1,5,4,6,13,3
302600,11857117223,2,3,0,0,0,3,6,7,1,5,4,2,47,48,5,5,30,225,20,111,177,117,7497,29795,43986,56428,1,5,4,6,13,3
302700,11861073078,2,3,0,0,0,3,6,7,1,5,4,2,47,48,5,5,30,225,20,111,177,117,7501,29806,44000,56446,1,5,5,6,13,3
302800,11865026299,2,3,0,0,0,3,6,7,1,5,4,2,47,48,5,5,30,225,20,111,177,117,7506,29815,44018,56459,1,5,5,6,13,3
302900,11868979337,2,3,0,0,0,3,6,7,1,5,4,2,47,48,5,5,30,225,20,111,177,117,7509,29826,44028,56481,1,5,5,6,13,3
303000,11872941223,2,3,0,0,0,3,6,7,1,5,4,2,47,48,5,5,30,225,20,111,177,117,7511,29836,44040,56492,1,5,5,6,13,3
303100,11876895308,2,3,0,0,0,3,6,7,1,5,4,2,47,48,5,5,30,225,20,111,177,117,7512,29852,44054,56517,1,5,5,6,13,3
303200,11880844376,2,3,0,0,0,3,6,7,1,5,4,2,47,48,5,5,30,225,20,111,177,117,7516,29865,44067,56544,1,5,5,6,13,3
303300,11884787335,2,3,0,0,0,3,6,7,1,5,4,2,47,48,5,5,30,225,20,111,177,117,7521,29873,44086,56564,1,5,5,6,13,3
303400,11888723397,2,3,0,0,0,3,6,7,1,5,4,2,47,48,5,5,30,225,20,111,177,117,7526,29881,44102,56588,1,5,5,6,13,3
303500,11892659282,2,3,0,0,0,3,6,7,1,5,4,2,47,48,5,5,30,225,20,111,177,117,7527,29895,44119,56608,1,5,5,6,13,3
303600,11896597231,2,3,0,0,0,3,6,7,1,5,4,2,47,48,5,5,30,225,20,111,177,117,7529,29906,44135,56628,1,5,5,6,13,3
303700,11900534392,2,3,0,0,0,3,6,7,1,5,4,2,47,48,5,5,30,225,20,111,177,117,7531,29920,44149,56650,1,5,5,6,13,3
303800,11904473101,2,3,0,0,0,3,6,7,1,5,4,2,47,48,5,5,30,225,20,111,177,117,7534,29927,44156,56669,1,5,5,6,13,3
303900,11908426237,2,3,0,0,0,3,6,7,1,5,4,2,47,48,5,5,30,225,20,111,177,117,7538,29936,44169,56688,1,5,5,6,13,3
304000,11912375740,2,3,0,0,0,3,6,7,1,5,4,2,47,48,5,5,30,225,20,111,177,118,7541,29947,44180,56700,1,5,5,6,13,3
304100,11916333024,2,3,0,0,0,3,6,7,1,5,4,2,47,48,5,5,30,225,20,111,177,118,7542,29961,44202,56716,1,5,5,6,13,3
304200,11920299577,2,3,0,0,0,3,6,7,1,5,4,2,47,48,5,5,30,225,20,111,177,118,7545,29969,44216,56735,1,5,5,6,13,3
304300,11924263100,2,3,0,0,0,3,6,7,1,5,4,2,47,48,5,5,30,225,20,111,177,118,7547,29986,44230,56747,1,5,5,6,13,3
304400,11928221401,2,3,0,0,0,3,6,7,1,5,4,2,47,48,5,5,30,225,20,111,177,118,7551,29997,44246,56773,1,5,5,6,13,3
304500,11932171200,3,3,0,0,0,3,6,7,1,5,4,2,47,48,5,5,30,225,20,111,177,118,7556,30011,44262,56786,1,5,5,6,13,3
304600,11936114817,3,3,0,0,0,3,6,7,1,5,4,2,47,48,5,5,30,225,20,111,177,118,7560,30023,44279,56803,1,5,5,6,13,3
304700,11940056103,3,3,0,0,0,3,6,7,1,5,4,2,47,48,5,5,30,226,20,111,177,118,7560,30038,44293,56824,1,5,5,6,13,3
304800,11943993432,3,3,0,0,0,3,6,7,1,5,4,2,47,48,5,5,30,226,20,111,177,118,7564,30047,44310,56840,1,5,5,6,13,3
304900,11947934232,3,3,0,0,0,3,6,7,1,5,4,2,47,48,5,5,30,226,20,111,177,118,7566,30056,44322,56862,1,5,5,6,13,3
305000,11951873140,3,3,0,0,0,3,6,7,1,5,4,2,47,48,5,5,30,226,20,111,177,118,7567,30063,44338,56874,1,5,5,6,13,3
305100,11955812171,3,3,0,0,0,3,6,7,1,5,4,2,47,48,5,5,30,227,20,111,177,118,7570,30074,44355,56893,1,5,5,6,13,3
305200,11959743492,3,3,0,0,0,3,6,7,1,5,4,2,47,48,5,5,30,227,20,111,178,118,7571,30078,44366,56915,1,5,5,6,13,3
305300,11963672407,3,3,0,0,0,3,6,7,1,5,4,2,47,48,5,5,30,228,20,111,178,118,7573,30088,44383,56931,1,5,5,6,13,3
305400,11967602898,3,3,0,0,0,3,6,7,1,5,4,2,47,48,5,5,30,228,20,111,178,118,7574,30098,44400,56939,1,5,5,6,13,3
305500,11971531523,3,3,0,0,0,3,6,7,1,5,4,2,47,48,5,5,30,228,20,111,178,118,7577,30111,44412,56961,1,5,5,6,13,3
305600,11975468465,3,3,0,0,0,3,6,7,1,5,4,2,47,48,5,5,30,228,20,111,178,118,7578,30121,44420,56982,1,5,5,6,13,3
305700,11979409598,3,3,0,0,0,3,6,7,1,5,4,2,47,48,5,5,30,228,20,111,178,118,7579,30136,44434,57003,1,5,5,6,13,3
305800,11983349892,3,3,0,0,0,3,6,7,1,5,4,2,47,48,5,5,30,228,20,111,178,118,7580,30144,44447,57020,1,5,5,6,13,3
305900,11987283343,3,3,0,0,0,3,6,7,1,5,4,2,47,48,5,5,30,228,20,111,178,118,7583,30152,44465,57040,1,5,5,6,13,3
306000,11991208519,3,3,0,0,0,3,6,7,1,5,4,2,47,48,5,5,30,229,20,111,178,118,7584,30163,44479,57060,1,5,5,6,13,3
306100,11995132864,3,3,0,0,0,3,6,7,1,5,4,2,47,48,5,5,30,229,20,111,178,118,7587,30180,44494,57088,1,5,5,6,13,3
306200,11999041391,3,3,0,0,0,3,6,7,1,5,4,2,47,48,5,5,30,229,20,111,178,118,7589,30193,44510,57106,1,5,5,6,13,3
306300,12002940348,3,3,0,0,0,3,6,7,1,5,4,2,47,48,5,5,30,230,20,111,178,118,7589,30209,44522,57131,1,5,5,6,13,3
306400,12006842414,3,3,0,0,0,3,6,7,1,5,4,2,47,48,5,5,30,230,20,111,178,118,7591,30216,44533,57145,1,5,5,6,13,3
306500,12010748479,3,3,0,0,0,3,6,7,1,5,4,2,47,48,5,5,30,230,20,111,178,118,7594,30223,44550,57166,1,5,5,6,13,3
306600,12014653131,3,3,0,0,0,3,6,7,1,5,4,2,47,48,5,5,30,230,20,111,178,118,7597,30232,44565,57189,1,5,5,6,13,3
306700,12018558573,3,3,0,0,0,3,6,7,1,5,4,2,47,48,5,5,30,230,20,111,178,118,7601,30239,44582,57205,1,5,5,6,13,3
306800,12022463024,3,3,0,0,0,3,6,7,1,5,4,2,47,48,5,5,30,230,20,111,178,118,7605,30251,44597,57225,1,5,5,6,13,3
306900,12026374162,3,3,0,0,0,3,6,7,1,5,4,2,47,48,5,5,30,230,20,111,178,118,7606,30265,44605,57246,1,5,5,6,13,3
307000,12030296771,3,3,0,0,0,3,6,7,1,5,4,2,47,48,5,5,30,230,20,111,178,118,7607,30272,44621,57260,1,5,5,6,13,3
307100,12034226811,3,3,0,0,0,3,6,7,1,5,4,2,48,48,5,5,30,230,20,111,178,118,7608,30283,44631,57281,1,5,5,6,13,3
307200,12038167719,3,3,0,0,0,3,6,7,1,5,4,2,48,48,5,5,30,230,20,111,178,118,7610,30287,44642,57303,1,5,5,6,13,3
307300,12042117194,3,3,0,0,0,3,6,7,1,5,4,2,48,48,5,5,30,230,20,112,178,118,7614,30296,44658,57321,1,5,5,6,13,3
307400,12046080295,3,3,0,0,0,3,6,7,1,5,4,2,48,48,5,5,30,230,20,112,178,118,7615,30303,44671,57332,1,5,5,6,13,3
307500,12050050394,3,3,0,0,0,3,6,7,1,5,4,2,48,48,5,5,30,230,20,112,178,118,7618,30317,44687,57354,1,5,5,6,13,3
307600,12054013683,3,3,0,0,0,3,6,7,1,5,4,2,48,48,5,5,30,230,20,112,178,118,7620,30332,44700,57375,1,5,5,6,13,3
307700,12057977557,3,3,0,0,0,3,6,7,1,5,4,2,48,48,5,5,30,230,20,112,178,118,7624,30344,44710,57390,1,5,5,6,13,3
307800,12061932366,3,3,0,0,0,3,6,7,1,5,4,2,48,48,5,5,30,230,20,112,178,118,7626,30353,44736,57399,1,5,5,6,13,3
307900,12065890307,3,3,0,0,0,3,6,7,1,5,4,2,48,48,5,5,30,230,20,112,178,118,7628,30357,44751,57413,1,5,5,6,13,3
308000,12069856888,3,3,0,0,0,3,6,7,1,5,4,2,48,48,5,5,30,230,20,112,178,119,7630,30368,44766,57432,1,5,5,6,13,3
308100,12073811618,3,3,0,0,0,3,6,7,1,5,4,2,48,48,5,5,30,230,20,112,178,120,7631,30376,44785,57440,1,5,5,6,13,3
308200,12077767383,3,3,0,0,0,3,6,7,1,5,4,2,48,48,5,5,30,230,20,112,178,120,7633,30385,44802,57462,1,5,5,6,13,3
308300,12081718432,3,3,0,0,0,3,6,7,1,5,4,2,48,48,5,5,30,230,20,112,178,120,7638,30399,44816,57483,1,5,5,6,13,3
308400,12085670516,3,3,0,0,0,3,6,7,1,5,4,2,48,49,5,5,30,230,20,112,178,120,7639,30405,44829,57507,1,5,5,6,13,3
308500,12089611575,3,3,0,0,0,3,6,7,1,5,4,2,48,49,5,5,30,230,20,112,178,120,7641,30413,44845,57533,1,5,5,6,13,3
308600,12093550528,3,3,0,0,0,3,6,7,1,5,4,2,48,49,5,5,30,230,20,112,178,120,7644,30425,44859,57549,1,5,5,6,13,3
308700,12097485375,3,3,0,0,0,3,6,7,1,5,4,2,48,49,5,5,30,230,20,112,178,120,7647,30430,44873,57575,1,5,5,6,13,3
308800,12101419504,3,3,0,0,0,3,6,7,1,5,4,2,48,49,5,5,30,230,20,112,178,120,7653,30437,44883,57599,1,5,5,6,13,3
308900,12105348813,3,3,0,0,0,3,7,7,1,5,4,2,48,49,5,5,30,230,20,112,178,120,7657,30446,44896,57621,1,5,5,6,13,3
309000,12109269211,3,3,0,0,0,3,7,7,1,5,4,2,48,49,5,5,30,230,20,112,178,120,7661,30456,44915,57641,1,5,5,6,13,3
309100,12113197903,3,3,0,0,0,3,7,7,1,5,4,2,48,49,5,5,30,230,20,112,178,120,7662,30464,44925,57662,1,5,5,6,13,3
309200,12117121118,3,3,0,0,0,3,7,7,1,5,4,2,49,49,5,5,30,230,20,112,178,120,7665,30482,44941,57681,1,5,5,6,13,3
309300,12121043140,3,3,0,0,0,3,7,7,1,5,4,2,49,49,5,5,30,230,20,112,178,120,7668,30492,44959,57696,1,5,5,6,13,3
309400,12124972676,3,3,0,0,0,3,7,7,1,5,4,2,49,49,5,5,30,230,20,112,178,120,7672,30506,44974,57713,1,5,5,6,13,3
309500,12128904634,3,3,0,0,0,3,7,7,1,5,4,2,49,49,5,5,30,230,20,112,178,120,7676,30518,45000,57739,1,5,5,6,13,3
309600,12132835839,3,3,0,0,0,3,7,7,1,5,4,2,49,49,5,5,30,230,20,112,178,120,7678,30527,45013,57756,1,5,5,6,13,3
309700,12136770875,3,3,0,0,0,3,7,7,1,5,4,2,49,49,5,5,30,230,20,112,178,120,7680,30537,45031,57774,1,5,5,6,13,3
309800,12140718350,3,3,0,0,0,3,7,7,1,5,4,2,49,49,5,5,30,230,20,112,178,120,7683,30548,45051,57796,1,5,5,6,13,3
309900,12144649560,3,3,0,0,0,3,7,7,1,5,4,2,49,49,5,5,30,230,20,112,178,121,7686,30560,45088,57814,1,5,5,6,13,3
310000,12148583293,3,3,0,0,0,3,7,7,1,5,4,2,49,49,5,5,30,230,20,112,178,121,7687,30566,45100,57836,1,5,5,6,13,3
310100,12152518642,3,3,0,0,0,3,7,7,1,5,4,2,49,49,5,5,30,230,20,112,178,121,7688,30575,45113,57852,1,5,5,6,13,3
310200,12156455138,3,3,0,0,0,3,7,7,1,5,4,2,49,49,5,5,30,230,20,112,178,121,7689,30585,45126,57875,1,5,5,6,13,3
310300,12160388669,3,3,0,0,0,3,7,7,1,5,4,2,49,49,5,5,30,230,20,112,178,121,7692,30597,45141,57896,1,5,5,6,13,3
310400,12164329518,3,3,0,0,0,3,7,7,1,5,4,2,49,49,5,5,31,230,20,112,178,121,7694,30604,45156,57916,1,5,5,6,13,3
310500,12168281711,3,3,0,0,0,3,7,7,1,5,4,2,49,49,5,5,31,230,20,112,178,121,7697,30613,45171,57927,1,5,5,6,13,3
310600,12172242623,3,3,0,0,0,3,7,7,1,5,4,2,49,49,5,5,31,230,20,112,178,121,7700,30619,45182,57946,1,5,5,6,13,3
310700,12176209688,3,3,0,0,0,3,7,7,1,5,4,2,49,49,5,5,31,230,20,112,178,122,7700,30628,45201,57963,1,5,5,6,13,3
310800,12180185937,3,3,0,0,0,3,7,7,1,5,4,2,49,50,5,5,31,230,20,112,178,122,7704,30639,45216,57991,1,5,5,6,13,3
310900,12184147074,3,3,0,0,0,3,7,7,1,5,4,2,49,50,5,5,31,230,20,112,178,122,7708,30646,45233,58009,1,5,5,6,13,3
311000,12188107615,3,3,0,0,0,3,7,7,1,5,4,2,49,50,5,5,31,230,20,112,178,122,7710,30654,45243,58029,1,5,5,6,13,3
311100,12192068273,3,3,0,0,0,3,7,7,1,5,4,2,49,50,5,5,31,230,20,112,178,122,7714,30663,45262,58045,1,5,5,6,13,3
311200,12196028765,3,3,0,0,0,3,7,7,1,5,4,2,49,50,5,5,31,230,20,112,178,122,7718,30679,45271,58066,1,5,5,6,13,3
311300,12199981536,3,3,0,0,0,3,7,7,1,5,4,2,49,50,5,5,31,230,20,112,178,122,7719,30686,45290,58082,1,5,5,6,13,3
311400,12203932620,3,3,0,0,0,3,7,7,1,5,4,2,49,50,5,5,31,231,20,112,178,122,7720,30692,45309,58098,1,5,5,6,13,3
311500,12207880163,3,3,0,0,0,3,7,7,1,5,4,2,49,50,5,5,31,231,20,112,178,122,7723,30700,45328,58114,1,5,5,6,13,3
311600,12211828915,3,3,0,0,0,3,7,7,1,5,4,2,49,50,5,5,31,231,20,112,178,123,7725,30706,45343,58139,1,5,5,6,13,3
311700,12215780257,3,3,0,0,0,3,7,7,1,5,4,2,49,50,5,5,31,231,20,112,178,123,7726,30713,45362,58155,1,5,5,6,13,3
311800,12219738071,3,3,0,0,0,3,7,7,1,5,4,2,49,50,5,5,31,231,20,112,179,123,7728,30723,45378,58172,1,5,5,6,13,3
311900,12223691302,3,3,0,0,0,3,7,7,1,5,4,2,49,50,5,5,31,231,20,112,179,123,7730,30735,45389,58187,1,5,5,6,13,3
312000,12227648084,3,3,0,0,0,3,7,7,1,5,4,2,49,50,5,5,31,231,20,112,179,123,7734,30743,45405,58208,1,5,5,6,13,3
312100,12231605101,3,3,0,0,0,3,7,7,1,5,4,2,49,50,5,5,31,231,20,112,179,123,7734,30752,45413,58237,1,5,5,6,13,3
312200,12235569068,3,3,0,0,0,3,7,7,1,5,4,2,49,50,5,5,31,231,20,112,179,123,7737,30764,45428,58254,1,5,5,6,13,3
312300,12239526923,3,3,0,0,0,3,7,7,1,5,4,2,49,50,5,5,31,231,20,113,179,123,7739,30774,45444,58277,1,5,5,6,13,3
312400,12243471500,3,3,0,0,0,3,7,7,1,5,4,2,49,50,5,5,31,231,20,113,179,123,7745,30788,45459,58305,1,5,5,6,13,3
312500,12247408833,3,3,0,0,0,3,7,7,1,5,4,2,49,50,5,5,31,231,20,113,179,123,7746,30798,45473,58323,1,5,5,6,13,3
312600,12251343845,3,3,0,0,0,3,7,7,1,5,4,2,49,50,5,5,31,231,20,113,179,123,7751,30809,45494,58338,1,5,5,6,13,3
312700,12255275020,3,3,0,0,0,3,7,7,1,5,4,2,49,51,5,5,31,231,20,113,179,123,7751,30817,45512,58357,1,5,5,6,13,3
312800,12259197564,3,3,0,0,0,3,7,7,1,5,4,2,49,51,5,5,31,231,20,113,179,123,7753,30825,45524,58381,1,5,5,6,13,3
312900,12263121231,3,3,0,0,0,3,7,7,1,5,4,2,49,51,5,5,31,231,20,113,179,123,7756,30839,45533,58399,1,5,5,6,13,3
313000,12267056320,3,3,0,0,0,3,7,7,1,5,4,2,49,51,5,5,31,231,20,113,179,123,7760,30849,45543,58415,1,5,5,6,13,3
313100,12271003348,3,3,0,0,0,3,7,7,1,5,4,2,49,51,5,5,31,231,20,113,179,123,7763,30856,45552,58432,1,5,5,6,13,3
313200,12274949166,3,3,0,0,0,3,7,7,1,5,4,2,49,51,5,5,31,231,20,113,179,123,7767,30863,45569,58460,1,5,5,6,13,3
313300,12278893165,3,3,0,0,0,3,7,7,1,5,4,2,49,51,5,5,31,231,20,113,179,123,7768,30875,45585,58479,1,5,5,6,13,3
313400,12282828203,3,3,0,0,0,3,7,7,1,5,4,2,49,51,5,5,31,231,20,113,179,123,7773,30888,45605,58494,1,5,5,6,13,3
313500,12286748864,3,3,0,0,0,3,7,7,1,5,4,2,49,51,5,5,31,231,20,113,180,123,7775,30902,45619,58516,1,5,5,6,13,3
313600,12290672276,3,3,0,0,0,3,7,7,1,5,4,2,49,51,5,5,32,231,20,113,180,124,7776,30913,45631,58534,1,5,5,6,13,3
313700,12294592027,3,3,0,0,0,3,7,7,1,5,4,2,49,51,5,5,32,231,20,114,181,124,7780,30923,45647,58554,1,5,5,6,13,3
313800,12298505666,3,3,0,0,0,3,7,7,1,5,4,2,49,51,5,5,32,231,20,114,181,124,7782,30928,45660,58579,1,5,5,6,13,3
313900,12302418321,3,3,0,0,0,3,7,7,1,5,4,2,49,51,5,5,32,231,20,114,181,124,7783,30937,45673,58591,1,5,5,6,13,3
314000,12306329608,3,3,0,0,0,3,7,7,1,5,4,2,49,51,5,5,32,231,20,114,181,124,7787,30951,45683,58613,1,5,5,6,13,3
314100,12310241898,3,3,0,0,0,3,7,7,1,5,4,2,49,51,5,5,32,232,20,114,181,124,7790,30959,45697,58636,1,5,5,6,13,3
314200,12314152119,3,3,0,0,0,3,7,7,1,5,4,2,49,51,5,5,32,232,20,114,181,124,7791,30967,45703,58650,1,5,5,6,13,3
314300,12318078010,3,3,0,0,0,3,7,7,1,5,4,2,49,51,5,5,32,232,20,114,181,124,7793,30972,45720,58666,1,5,5,6,13,3
314400,12322001192,3,3,0,0,0,3,7,7,1,5,4,2,49,51,5,5,32,233,20,114,181,124,7794,30982,45742,58696,1,5,5,6,13,3
314500,12325907095,3,3,0,0,0,3,7,7,1,5,4,2,49,51,5,5,32,233,20,114,181,124,7797,30996,45754,58713,1,5,5,6,13,3
314600,12329807913,3,3,0,0,0,3,7,7,1,5,4,2,49,51,5,5,32,233,20,114,181,124,7806,31008,45761,58727,1,5,5,6,13,3
314700,12333715978,3,3,0,0,0,3,7,7,1,5,4,2,49,51,5,5,32,233,20,114,181,124,7810,31020,45775,58749,1,5,5,6,13,3
314800,12337628437,3,3,0,0,0,3,7,7,1,5,4,2,49,51,5,5,32,233,20,114,181,124,7813,31026,45786,58774,1,5,5,6,13,3
314900,12341543399,3,3,0,0,0,3,7,7,1,5,4,2,49,51,5,5,32,233,20,114,181,124,7814,31031,45797,58790,1,5,5,6,13,3
315000,12345466044,3,3,0,0,0,3,7,7,1,5,4,2,49,51,5,5,32,233,20,114,181,124,7819,31044,45817,58803,1,5,5,6,13,3
315100,12349387760,3,3,0,0,0,3,7,7,1,5,4,2,49,51,5,5,32,233,20,115,181,124,7824,31053,45830,58825,1,5,5,6,13,3
315200,12353312416,3,3,0,0,0,3,7,7,1,5,4,2,49,51,5,5,32,233,20,115,181,124,7825,31058,45844,58838,1,5,5,6,13,3
315300,12357242942,3,3,0,0,0,3,7,7,1,5,4,2,49,51,5,5,32,233,20,116,181,124,7827,31072,45858,58850,1,5,5,6,13,3
315400,12361180365,3,3,0,0,0,3,7,7,1,5,4,2,49,51,5,5,32,233,20,116,181,124,7828,31081,45879,58867,1,5,5,6,13,3
315500,12365112527,3,3,0,0,0,3,7,7,1,5,4,2,49,51,5,5,32,233,20,116,181,124,7829,31095,45893,58883,1,5,5,6,13,3
315600,12369053803,3,3,0,0,0,3,7,7,1,5,4,2,49,51,5,5,32,233,20,116,181,124,7831,31112,45906,58904,1,5,5,6,13,3
315700,12372985300,3,3,0,0,0,3,7,7,1,5,4,2,49,51,5,5,32,233,20,116,181,124,7833,31118,45925,58923,1,5,5,6,13,3
315800,12376918808,3,3,0,0,0,3,7,7,1,5,4,2,49,51,5,5,32,233,20,116,181,124,7834,31127,45937,58941,1,5,5,6,13,3
315900,12380853834,3,3,0,0,0,3,7,7,1,5,4,2,49,53,5,5,32,233,20,116,181,124,7836,31144,45955,58958,1,5,5,6,13,3
316000,12384800931,3,3,0,0,0,3,7,7,1,5,4,2,49,53,5,5,32,233,20,116,181,124,7839,31150,45965,58975,1,5,5,6,13,3
316100,12388759890,3,3,0,0,0,3,7,7,1,5,4,2,49,53,5,5,32,233,20,116,181,125,7842,31161,45977,58990,1,5,5,6,13,3
316200,12392716260,3,3,0,0,0,3,7,7,1,5,4,2,49,53,5,5,32,233,20,116,181,125,7844,31172,45993,59005,1,5,5,6,13,3
316300,12396666869,3,3,0,0,0,3,7,7,1,5,4,2,49,53,5,5,32,233,20,116,182,125,7848,31184,46003,59031,1,5,5,6,13,3
316400,12400615963,3,3,0,0,0,3,7,7,1,5,4,2,49,53,5,5,32,234,20,116,183,125,7852,31192,46022,59048,1,5,5,6,13,3
316500,12404568465,3,3,0,0,0,3,7,7,1,5,4,2,49,53,5,5,32,234,20,116,183,125,7854,31199,46037,59067,1,5,5,6,13,3
316600,12408521281,3,3,0,0,0,3,7,7,1,5,4,2,49,53,5,5,32,234,20,117,183,125,7855,31206,46055,59084,1,5,5,6,13,3
316700,12412464450,3,3,0,0,0,3,7,7,1,5,4,2,49,53,5,5,32,234,20,117,183,125,7859,31220,46074,59104,1,5,5,6,13,3
316800,12416402586,3,3,0,0,0,3,7,7,1,5,4,2,49,53,5,5,32,234,20,117,183,125,7861,31232,46089,59122,1,5,5,6,13,3
316900,12420339704,3,3,0,0,0,3,7,7,1,5,4,2,49,53,5,5,32,234,20,117,183,125,7865,31245,46102,59140,1,5,5,6,13,3
317000,12424282883,3,3,0,0,0,3,7,7,1,5,4,2,49,53,5,5,32,234,20,117,183,125,7869,31254,46116,59158,1,5,5,6,13,3
317100,12428226326,3,3,0,0,0,3,7,7,1,5,4,2,49,53,5,5,32,234,20,117,183,125,7874,31267,46130,59172,1,5,5,6,13,3
317200,12432183845,3,3,0,0,0,3,7,7,1,5,4,2,49,53,5,5,32,234,20,117,183,125,7878,31274,46148,59191,1,5,5,6,13,3
317300,12436137889,3,3,0,0,0,3,7,7,1,5,4,2,49,53,5,5,32,234,20,117,183,125,7884,31283,46160,59210,1,5,5,6,13,3
317400,12440090687,3,3,0,0,0,3,7,7,1,5,4,2,49,53,5,5,32,234,20,117,183,125,7887,31294,46177,59227,1,5,5,6,13,3
317500,12444047397,3,3,0,0,0,3,7,7,1,5,4,2,49,53,5,5,32,235,20,117,183,125,7888,31305,46193,59247,1,5,5,6,13,3
317600,12448003559,3,3,0,0,0,3,7,7,1,5,4,2,49,53,5,5,32,235,20,117,183,125,7891,31319,46207,59265,1,5,5,6,13,3
317700,12451962618,3,3,0,0,0,3,7,7,1,5,4,2,49,53,5,5,32,235,20,117,183,125,7894,31329,46217,59283,1,5,5,6,13,3
317800,12455927171,3,3,0,0,0,3,7,7,1,5,4,2,49,53,5,5,32,235,20,117,183,125,7898,31340,46233,59301,1,5,5,6,13,3
317900,12459891695,3,3,0,0,0,3,7,7,1,5,4,2,49,53,5,5,32,235,20,117,183,125,7900,31357,46251,59316,1,5,5,6,13,3
318000,12463858530,3,3,0,0,0,3,7,7,1,5,4,2,49,53,5,5,32,236,20,117,183,125,7901,31368,46268,59335,1,5,5,6,13,3
318100,12467827862,3,3,0,0,0,3,7,7,1,5,4,2,49,53,5,5,32,236,20,117,183,125,7907,31375,46285,59356,1,5,5,6,13,3
318200,12471792761,3,3,0,0,0,3,7,7,1,5,4,2,49,53,5,5,32,236,20,117,183,125,7910,31382,46298,59375,1,5,5,6,13,3
318300,12475757724,3,3,0,0,0,3,7,7,1,5,4,2,49,53,5,5,32,236,20,117,183,125,7912,31386,46314,59402,1,5,5,6,13,3
318400,12479719553,3,3,0,0,0,3,7,7,1,5,4,2,49,53,5,5,32,236,20,117,183,125,7914,31406,46334,59419,1,5,5,6,13,3
318500,12483665435,3,3,0,0,0,3,7,7,1,5,4,2,49,53,5,5,32,236,20,117,183,125,7915,31417,46357,59442,1,5,5,6,13,3
318600,12487601303,3,3,0,0,0,3,7,7,1,5,4,2,49,53,5,5,32,236,20,117,183,125,7917,31430,46368,59459,1,5,5,6,13,3
318700,12491534774,3,3,0,0,0,3,7,7,1,5,4,2,49,53,5,5,32,236,20,117,183,125,7920,31441,46391,59475,1,5,5,6,13,3
318800,12495464127,3,3,0,0,0,3,7,7,1,5,4,2,49,53,5,5,32,236,20,117,183,125,7920,31450,46405,59494,1,5,5,6,13,3
318900,12499398313,3,3,0,0,0,3,7,7,1,5,4,2,49,53,5,5,32,236,20,117,183,125,7921,31465,46423,59513,1,5,5,6,13,3
319000,12503333090,3,3,0,0,0,3,7,7,1,5,4,2,49,53,5,5,32,236,20,117,183,125,7923,31474,46436,59532,1,5,5,6,13,3
319100,12507268573,3,3,0,0,0,3,7,7,1,5,4,2,49,53,5,5,32,236,20,117,183,125,7924,31481,46452,59562,1,5,5,6,13,3
319200,12511205283,3,3,0,0,0,3,7,7,1,5,4,2,49,53,5,5,32,236,20,117,183,125,7928,31492,46471,59581,1,5,5,6,13,3
319300,12515131480,3,3,0,0,0,3,7,7,1,5,4,2,49,53,5,5,32,236,20,117,183,125,7933,31501,46485,59594,1,5,5,6,13,3
319400,12519068938,3,3,0,0,0,3,7,7,1,5,4,2,49,53,5,5,32,236,20,117,183,125,7934,31520,46498,59614,1,5,5,6,13,3
319500,12523004842,3,3,0,0,0,3,7,7,1,5,4,2,49,53,5,5,32,236,20,117,183,125,7939,31529,46513,59640,1,6,5,6,13,3
319600,12526943444,3,3,0,0,0,3,7,7,1,5,4,2,49,53,5,5,32,236,20,117,183,125,7944,31540,46529,59656,1,6,5,6,13,3
319700,12530888915,3,3,0,0,0,3,7,7,1,5,4,2,49,53,5,5,32,236,21,117,183,125,7946,31550,46550,59673,1,6,5,6,13,3
319800,12534837261,3,3,0,0,0,3,7,7,1,5,4,2,49,53,5,5,32,236,21,117,183,125,7952,31563,46568,59689,1,6,5,6,13,3
319900,12538787329,3,3,0,0,0,3,7,7,1,5,4,2,49,53,5,5,32,236,21,117,183,125,7954,31578,46582,59715,1,6,5,6,13,3
320000,12542723319,3,3,0,0,0,3,7,7,1,5,4,2,49,53,5,5,32,236,21,117,183,125,7956,31588,46604,59727,1,6,5,6,13,3
320100,12546660804,3,3,0,0,0,3,7,7,1,5,4,2,49,53,5,5,32,236,21,117,183,125,7962,31599,46618,59745,1,6,5,6,13,3
320200,12550601706,3,3,0,0,0,3,7,7,1,5,4,2,49,53,5,5,32,236,21,117,183,125,7964,31609,46630,59762,1,6,5,6,13,3
320300,12554548375,3,3,0,0,0,3,7,7,1,5,4,2,49,53,5,5,32,236,21,117,183,125,7966,31619,46640,59784,1,6,5,6,13,3
320400,12558501773,3,3,0,0,0,3,7,7,1,5,4,2,49,53,5,5,32,236,21,117,183,125,7966,31632,46649,59799,1,6,5,6,13,3
320500,12562458400,3,3,0,0,0,3,7,7,1,5,4,2,49,53,5,5,32,236,21,117,183,125,7970,31640,46664,59817,1,6,5,6,13,3
320600,12566414335,3,3,0,0,0,3,7,7,1,5,4,2,49,53,5,5,32,236,21,117,183,125,7974,31654,46671,59839,1,6,5,6,13,3
320700,12570372127,3,3,0,0,0,3,7,7,1,5,4,2,50,53,5,5,32,236,21,117,183,125,7977,31664,46688,59858,1,6,5,6,13,3
320800,12574325691,3,3,0,0,0,3,7,7,1,5,4,2,50,53,5,5,32,236,21,117,183,125,7981,31672,46703,59883,1,6,5,6,13,3
320900,12578281289,3,3,0,0,0,3,7,7,1,5,4,2,50,53,5,5,32,236,21,117,183,125,7981,31680,46723,59897,1,6,5,6,13,3
321000,12582240294,3,3,0,0,0,3,7,7,1,5,4,2,50,53,5,5,32,236,21,117,183,125,7985,31687,46739,59915,1,6,5,6,13,3
321100,12586193465,3,3,0,0,0,3,7,7,1,5,4,2,50,53,5,5,32,236,21,117,183,125,7987,31692,46756,59935,1,6,5,6,13,3
321200,12590156103,3,3,0,0,0,3,7,7,1,5,4,2,50,53,5,5,32,236,21,117,183,125,7989,31702,46770,59952,1,6,5,6,13,4
321300,12594117049,3,3,0,0,0,3,7,7,1,5,4,2,51,53,5,5,32,236,21,117,183,125,7992,31706,46785,59970,1,6,5,6,13,4
321400,12598081628,3,3,0,0,0,3,7,7,1,5,4,2,51,53,5,5,32,236,21,117,183,125,7993,31713,46792,59983,1,6,5,6,13,4
321500,12602056618,3,3,0,0,0,3,7,7,1,5,4,2,51,53,5,5,32,236,21,117,183,125,7995,31726,46801,60009,1,6,5,6,13,4
321600,12606029531,3,3,0,0,0,3,7,7,1,5,4,2,51,53,5,5,32,236,21,117,183,125,7999,31737,46810,60032,1,6,5,6,13,4
321700,12609990609,3,3,0,0,0,3,7,7,1,5,4,2,51,53,5,5,32,236,21,117,183,125,8001,31747,46827,60056,1,6,5,6,13,4
321800,12613947289,3,3,0,0,0,3,7,7,1,5,4,2,51,53,5,5,32,236,21,117,183,125,8006,31758,46842,60069,1,6,5,6,13,4
321900,12617899912,3,3,0,0,0,3,7,7,1,5,4,2,51,53,5,5,32,236,21,118,183,125,8007,31765,46853,60087,1,6,5,6,13,4
322000,12621858417,3,3,0,0,0,3,7,7,1,5,4,2,51,53,5,5,32,236,21,118,183,125,8012,31777,46860,60104,1,6,5,6,13,4
322100,12625808315,3,3,0,0,0,3,7,7,1,5,4,2,51,53,5,5,32,236,21,118,183,125,8013,31785,46873,60130,1,6,5,6,13,4
322200,12629761094,3,3,0,0,0,3,7,7,1,5,4,2,51,53,5,5,32,236,21,118,183,125,8014,31793,46886,60145,1,6,5,6,13,4
322300,12633724548,3,3,0,0,0,3,7,7,1,5,4,2,51,53,5,5,32,236,21,118,183,125,8019,31805,46903,60162,1,6,5,6,13,4
322400,12637691027,3,3,0,0,0,3,7,7,1,5,4,2,51,53,5,5,32,236,22,118,183,125,8025,31818,46914,60184,1,6,5,6,13,4
322500,12641650733,3,3,0,0,0,3,7,7,1,5,4,2,51,53,5,5,32,236,22,118,183,125,8027,31826,46927,60206,1,6,5,6,13,4
322600,12645607518,3,3,0,0,0,3,7,7,1,5,4,2,51,53,5,5,32,236,22,118,183,125,8030,31840,46943,60223,1,6,5,6,13,4
322700,12649555447,3,3,0,0,0,3,7,7,1,5,4,2,51,53,5,5,32,236,22,118,183,125,8034,31855,46957,60248,1,6,5,6,13,4
322800,12653488814,3,3,0,0,0,3,7,7,1,5,4,2,51,53,5,5,32,236,22,118,183,125,8042,31865,46985,60270,1,6,5,6,13,4
322900,12657416832,3,3,0,0,0,3,7,7,1,5,4,2,51,53,5,5,32,236,22,118,183,125,8044,31878,46999,60286,1,6,5,6,13,4
323000,12661344174,3,3,0,0,0,3,7,7,1,5,4,2,51,53,5,5,32,237,22,118,184,125,8045,31889,47016,60295,1,6,5,6,13,4
323100,12665268382,3,3,0,0,0,3,7,7,1,5,4,2,51,53,5,5,32,237,22,118,184,126,8046,31897,47035,60311,1,6,5,6,13,4
323200,12669191047,3,3,0,0,0,3,7,7,1,5,4,2,51,53,5,5,32,237,22,118,185,126,8048,31909,47046,60328,1,6,5,6,13,4
323300,12673121769,3,3,0,0,0,3,7,7,1,5,4,2,51,53,5,5,32,237,22,118,185,126,8050,31916,47060,60345,1,6,5,6,13,4
323400,12677051674,3,3,0,0,0,3,7,7,1,5,4,2,51,53,5,5,32,237,22,118,185,126,8054,31929,47075,60366,1,6,5,6,13,4
323500,12680974370,3,3,0,0,0,3,7,7,1,5,4,2,51,53,5,5,32,237,22,118,185,126,8056,31944,47084,60385,1,6,5,6,13,4
323600,12684905655,3,3,0,0,0,3,7,7,1,5,4,2,51,53,5,5,32,237,22,118,185,126,8057,31955,47101,60404,1,6,5,6,13,4
323700,12688827524,3,3,0,0,0,3,7,7,1,5,4,2,51,53,5,5,32,237,22,118,185,126,8061,31967,47120,60422,1,6,5,6,13,4
323800,12692740024,3,3,0,0,0,3,7,7,1,5,4,2,51,53,5,5,32,238,22,118,185,126,8063,31976,47132,60438,1,6,5,6,13,4
323900,12696652330,3,3,0,0,0,3,7,7,1,5,4,2,51,53,5,5,32,238,22,118,185,126,8067,31987,47149,60455,1,6,5,6,13,4
324000,12700563662,3,3,0,0,0,3,7,7,1,5,4,2,51,53,5,5,32,238,22,118,185,126,8070,32000,47166,60476,1,6,5,6,13,4
324100,12704476361,3,3,0,0,0,3,7,7,1,5,4,2,51,53,5,5,32,238,22,118,185,126,8072,32008,47177,60494,1,6,5,6,13,4
324200,12708390448,3,3,0,0,0,3,7,7,1,5,4,2,51,53,5,5,32,238,22,118,185,126,8074,32015,47193,60511,1,6,5,6,13,4
324300,12712300211,3,3,0,0,0,3,7,7,1,5,4,2,51,53,5,5,32,238,22,118,185,126,8079,32031,47211,60528,1,6,5,6,13,4
324400,12716206354,3,3,0,0,0,3,7,7,1,5,4,2,51,53,5,5,32,238,22,118,185,126,8079,32037,47227,60543,1,6,5,6,13,4
324500,12720124345,3,3,0,0,0,3,7,7,1,5,4,2,51,53,5,5,32,238,22,118,185,126,8082,32049,47235,60570,1,6,5,6,13,4
324600,12724047815,3,3,0,0,0,3,7,7,1,5,4,2,51,53,5,5,32,238,22,118,185,126,8083,32063,47253,60582,1,6,5,6,13,4
324700,12727964186,3,3,0,0,0,3,7,7,1,5,4,2,51,53,5,5,32,238,22,118,185,126,8084,32077,47270,60602,1,6,5,6,13,4
324800,12731881516,3,3,0,0,0,3,7,7,1,5,4,2,51,53,5,5,32,238,22,118,185,126,8087,32084,47286,60629,1,6,5,6,13,4
324900,12735797309,3,3,0,0,0,3,7,7,1,5,4,2,51,53,5,5,32,238,22,118,185,126,8091,32093,47299,60649,1,6,5,6,13,4
325000,12739710465,3,3,0,0,0,3,7,7,1,5,4,2,51,53,5,5,32,239,22,118,185,126,8093,32103,47311,60677,1,6,5,6,13,4
325100,12743629806,3,3,0,0,0,3,7,7,1,5,4,2,51,53,5,5,32,239,22,118,185,126,8093,32117,47325,60697,1,6,5,6,13,4
325200,12747558690,3,3,0,0,0,3,7,7,1,5,4,2,52,53,5,5,32,240,22,118,185,126,8094,32124,47344,60715,1,6,5,6,13,4
325300,12751487323,3,3,0,0,0,3,7,7,1,5,4,2,53,53,5,5,32,240,22,118,185,126,8097,32132,47356,60736,1,6,5,6,13,4
325400,12755412432,3,3,0,0,0,3,7,7,1,5,4,2,53,53,5,5,32,242,23,118,185,126,8101,32141,47376,60749,1,6,5,6,13,4
325500,12759331173,3,3,0,0,0,3,7,7,1,5,4,2,53,53,5,5,32,242,23,118,185,126,8103,32154,47391,60768,1,6,5,6,13,4
325600,12763233038,3,3,0,0,0,3,7,7,1,5,4,2,53,53,5,5,32,242,23,118,186,126,8103,32163,47405,60796,1,6,5,6,13,4
325700,12767131277,3,3,0,0,0,3,7,7,1,5,4,2,53,53,5,5,32,242,23,118,186,126,8105,32177,47417,60809,1,6,5,6,13,4
325800,12771030186,3,3,0,0,0,3,7,7,1,5,4,2,53,53,5,5,32,242,23,118,186,126,8108,32183,47432,60832,1,6,5,6,13,4
325900,12774944316,3,3,0,0,0,3,7,7,1,5,4,2,53,53,5,5,32,242,23,118,186,128,8110,32191,47447,60849,1,6,5,6,13,4
326000,12778863418,3,3,0,0,0,3,7,7,1,5,4,2,53,53,5,5,32,242,23,118,187,129,8113,32193,47468,60866,1,6,5,6,13,4
326100,12782784720,3,3,0,0,0,3,7,7,1,5,4,2,53,53,5,5,32,242,23,118,187,129,8114,32200,47476,60885,1,6,5,6,13,4
326200,12786705027,3,3,0,0,0,3,7,7,1,5,4,2,53,53,5,5,32,242,23,118,187,129,8117,32207,47492,60899,1,6,5,6,13,4
326300,12790628286,3,3,0,0,0,3,7,7,1,5,4,2,53,53,5,5,32,242,23,118,187,129,8117,32219,47505,60915,1,6,5,6,13,4
326400,12794552936,3,3,0,0,0,3,7,7,1,5,4,2,53,53,5,5,32,242,23,118,187,129,8119,32227,47519,60936,1,6,5,6,13,4
326500,12798481137,3,3,0,0,0,3,7,7,1,5,4,2,53,53,5,5,32,242,23,118,187,129,8121,32235,47529,60954,1,6,5,6,13,4
326600,12802417163,3,3,0,0,0,3,7,7,1,5,4,2,53,53,5,5,32,242,23,118,187,129,8122,32241,47540,60972,1,6,5,6,13,4
326700,12806347994,3,3,0,0,0,3,7,7,1,5,4,2,53,53,5,5,32,242,23,118,187,129,8127,32248,47554,60989,1,6,5,6,13,4
326800,12810294957,3,3,0,0,0,3,7,7,1,5,4,2,53,53,5,5,32,242,23,118,187,129,8128,32258,47565,61000,1,6,5,6,13,4
326900,12814256619,3,3,0,0,0,3,7,7,1,5,4,2,53,53,5,5,32,242,23,118,187,129,8129,32264,47575,61024,1,6,5,6,13,4
327000,12818216513,3,3,0,0,0,3,7,7,1,5,4,2,53,53,5,5,32,242,23,118,187,129,8132,32279,47592,61040,1,6,5,6,13,4
327100,12822164176,3,3,0,0,0,3,7,7,1,5,4,2,53,53,5,5,32,243,23,118,187,129,8132,32294,47603,61060,1,6,5,6,13,4
327200,12826114720,3,3,0,0,0,3,7,7,1,5,4,2,53,53,5,5,32,243,23,118,187,129,8134,32309,47619,61074,1,6,5,6,13,4
327300,12830069081,3,3,0,0,0,3,7,7,1,5,4,2,53,53,5,5,32,243,23,118,187,129,8135,32319,47629,61092,1,6,5,6,13,4
327400,12834019544,3,3,0,0,0,3,7,7,1,5,4,2,53,53,5,5,32,243,23,118,187,129,8136,32338,47653,61108,1,6,5,6,13,4
327500,12837966411,3,3,0,0,0,3,7,7,1,5,4,2,53,53,5,5,32,243,23,118,188,129,8137,32350,47671,61124,1,6,5,6,13,4
327600,12841925392,3,3,0,0,0,3,7,7,1,5,4,2,53,53,5,5,32,243,23,118,188,129,8140,32358,47682,61135,1,6,5,6,13,4
327700,12845892804,3,3,0,0,0,3,7,7,1,5,4,2,53,53,5,5,32,243,23,118,188,129,8142,32371,47700,61154,1,6,5,6,13,4
327800,12849859328,3,3,0,0,0,3,7,7,1,5,4,2,53,54,5,5,32,243,23,118,188,129,8143,32381,47716,61177,1,6,5,6,13,4
327900,12853821451,3,3,0,0,0,3,7,7,1,5,4,2,53,54,5,5,32,243,23,118,188,129,8146,32391,47729,61193,1,6,5,6,13,4
328000,12857784300,3,3,0,0,0,3,7,7,1,5,4,2,53,54,5,5,32,243,23,118,188,129,8147,32406,47748,61212,1,6,5,6,13,4
328100,12861744627,3,3,0,0,0,3,7,7,1,5,4,2,53,54,5,5,32,243,23,118,188,129,8148,32415,47764,61228,1,6,5,6,13,4
328200,12865711280,3,3,0,0,0,3,7,7,1,5,4,2,53,54,5,5,32,243,23,118,188,129,8150,32426,47777,61251,1,6,5,6,13,4
328300,12869673976,3,3,0,0,0,3,7,7,1,5,4,2,53,54,5,5,32,243,23,118,188,129,8151,32438,47794,61268,1,6,5,6,13,4
328400,12873644039,3,3,0,0,0,3,7,7,1,5,4,2,53,54,5,5,32,243,23,118,188,129,8154,32450,47805,61293,1,6,5,6,13,4
328500,12877611196,3,3,0,0,0,3,7,7,1,5,4,2,53,54,5,5,32,243,23,118,188,129,8156,32458,47825,61314,1,6,5,6,13,4
328600,12881573866,3,3,0,0,0,3,7,7,1,5,4,2,53,54,5,5,32,243,23,118,188,129,8158,32465,47840,61333,1,6,5,6,13,4
328700,12885545509,3,3,0,0,0,3,7,7,1,5,4,2,53,54,5,5,32,243,23,118,188,129,8158,32474,47854,61355,1,6,5,6,13,4
328800,12889512392,3,3,0,0,0,3,7,7,1,5,4,2,53,54,5,5,32,243,23,118,188,129,8161,32485,47867,61376,1,6,5,6,13,4
328900,12893478447,3,3,0,0,0,3,7,7,1,5,4,2,53,54,5,5,32,244,23,118,188,129,8163,32498,47880,61396,1,6,5,6,13,4
329000,12897448899,3,3,0,0,0,3,7,7,1,5,4,2,53,54,5,5,32,244,23,118,188,129,8167,32508,47898,61418,1,6,5,6,13,4
329100,12901409939,3,3,0,0,0,3,7,7,1,5,4,2,53,54,5,5,32,244,23,118,188,129,8170,32514,47915,61442,1,6,5,6,13,4
329200,12905373720,3,3,0,0,0,3,7,7,1,5,4,2,53,54,5,5,32,244,23,118,188,129,8170,32528,47930,61465,1,6,5,6,13,4
329300,12909335897,3,3,0,0,0,3,7,7,1,5,4,2,53,54,5,5,32,244,23,119,189,129,8174,32534,47942,61487,1,6,5,6,13,4
329400,12913304941,3,3,0,0,0,3,7,7,1,5,4,2,53,54,5,5,32,244,23,119,189,129,8176,32541,47955,61506,1,6,5,6,13,4
329500,12917268801,3,3,0,0,0,3,7,7,1,5,4,2,53,54,5,5,32,244,23,120,189,129,8178,32551,47963,61525,1,6,5,6,13,4
329600,12921242550,3,3,0,0,0,3,7,7,1,5,4,2,53,54,5,5,32,244,23,120,189,129,8180,32557,47985,61542,1,6,5,6,13,4
329700,12925210540,3,3,0,0,0,3,7,7,1,5,4,2,53,54,5,5,32,244,23,120,189,129,8183,32571,48000,61561,1,6,5,6,13,4
329800,12929178566,3,3,0,0,0,3,7,7,1,5,4,2,53,54,5,5,32,244,23,120,189,129,8186,32583,48022,61582,1,6,5,6,13,4
329900,12933142721,3,3,0,0,0,3,7,7,1,5,4,2,53,54,5,5,32,244,23,120,189,129,8186,32597,48043,61608,1,6,5,6,13,4
330000,12937089296,3,3,0,0,0,3,7,7,1,5,4,2,53,54,5,5,32,244,23,120,189,129,8188,32612,48062,61632,1,6,5,6,13,4
330100,12941042130,3,3,0,0,0,3,7,7,1,5,4,2,53,54,5,5,32,244,23,120,189,129,8195,32616,48070,61649,1,6,5,6,13,4
330200,12944993986,3,3,0,0,0,3,7,7,1,5,4,2,53,54,5,5,32,244,23,120,189,129,8197,32620,48086,61667,1,6,5,6,13,4
330300,12948944510,3,3,0,0,0,3,7,7,1,5,4,2,53,54,5,5,32,244,23,120,189,129,8198,32631,48100,61689,1,6,5,6,13,4
330400,12952894690,3,3,0,0,0,3,7,7,1,5,4,2,53,54,5,5,32,244,23,120,189,129,8201,32642,48119,61709,1,6,5,6,13,4
330500,12956846721,3,3,0,0,0,3,7,7,1,5,4,2,53,54,5,5,32,244,23,120,189,129,8205,32649,48133,61723,1,6,5,6,13,4
330600,12960806110,3,3,0,0,0,3,7,7,1,5,4,2,53,54,5,5,32,244,23,120,189,129,8206,32656,48144,61739,1,6,5,6,13,4
330700,12964764769,3,3,0,0,0,3,7,7,1,5,4,2,53,54,5,5,32,244,23,120,189,129,8209,32668,48156,61753,1,6,5,6,13,4
330800,12968730642,3,3,0,0,0,3,7,7,1,5,4,2,53,54,5,5,32,244,23,120,189,129,8214,32681,48172,61768,1,6,5,6,13,4
330900,12972701096,3,3,0,0,0,3,7,7,1,5,4,2,53,54,5,5,32,244,23,120,189,129,8216,32692,48181,61786,1,6,5,6,13,4
331000,12976672302,3,3,0,0,0,3,7,7,1,5,4,2,53,54,5,5,32,244,23,120,189,130,8217,32703,48201,61800,1,6,5,6,13,4
331100,12980643362,3,3,0,0,0,3,7,7,1,5,4,2,53,54,5,5,32,244,23,120,189,130,8219,32720,48220,61821,1,6,5,6,13,4
331200,12984611522,3,3,0,0,0,3,7,7,1,5,4,2,53,54,5,5,32,244,23,120,189,130,8220,32730,48229,61842,1,6,5,6,13,4
331300,12988580305,3,3,0,0,0,3,7,7,1,5,4,2,53,54,5,5,32,244,23,120,189,130,8222,32741,48244,61859,1,6,5,6,13,4
331400,12992538741,3,3,0,0,0,3,7,7,1,5,4,2,53,54,5,5,32,244,23,120,189,130,8225,32754,48269,61879,1,6,5,6,13,4
331500,12996508921,3,3,0,0,0,3,7,7,1,5,4,2,53,54,5,5,32,244,23,120,189,130,8228,32763,48283,61906,1,6,5,6,13,4
331600,13000479245,3,3,0,0,0,3,7,7,1,5,4,2,53,55,6,5,32,244,23,120,189,130,8231,32784,48301,61925,1,6,5,6,13,4
331700,13004438846,3,3,0,0,0,3,7,7,1,5,4,2,53,55,6,5,32,244,23,120,189,130,8234,32794,48314,61943,1,6,5,6,13,4
331800,13008402149,3,3,0,0,0,3,7,7,1,5,4,2,53,55,6,5,32,245,23,120,189,130,8236,32804,48325,61956,1,6,5,6,13,4
331900,13012373397,3,3,0,0,0,3,7,7,1,5,4,2,53,55,6,5,32,245,23,120,189,130,8241,32813,48336,61974,1,6,5,6,13,4
332000,13016351126,3,3,0,0,0,3,7,7,1,5,4,2,53,55,6,5,32,245,23,120,189,130,8243,32828,48349,61995,1,6,5,6,13,4
332100,13020326706,3,3,0,0,0,3,7,7,1,5,4,2,53,55,6,5,32,245,23,120,189,130,8248,32836,48362,62016,1,6,5,6,13,4
332200,13024310425,3,3,0,0,0,3,7,7,1,5,4,2,53,55,6,5,32,245,23,120,189,130,8251,32848,48377,62033,1,6,5,6,13,4
332300,13028282802,3,3,0,0,0,3,7,7,1,5,4,2,53,55,6,5,32,245,23,120,189,130,8258,32858,48387,62064,1,6,5,6,13,4
332400,13032243795,3,3,0,0,0,3,7,7,1,5,4,2,53,55,6,5,32,245,23,120,189,130,8264,32865,48400,62084,1,6,5,6,13,4
332500,13036204857,3,3,0,0,0,3,7,7,1,5,4,2,53,55,6,5,32,245,24,120,189,130,8268,32877,48416,62099,1,6,5,6,13,4
332600,13040167812,3,3,0,0,0,3,7,7,1,5,4,2,53,55,6,5,32,245,24,120,189,130,8269,32887,48429,62121,1,6,5,6,13,4
332700,13044119229,3,3,0,0,0,3,7,7,1,5,4,2,53,55,6,5,32,245,24,120,189,130,8269,32905,48441,62150,1,6,5,6,13,4
332800,13048070478,3,3,0,0,0,3,7,7,1,5,4,2,53,55,6,5,32,245,24,120,189,130,8273,32917,48455,62170,1,6,5,6,13,4
332900,13052021107,3,3,0,0,0,3,7,7,1,5,4,2,53,55,6,5,32,245,24,120,189,130,8277,32926,48467,62191,1,6,5,6,13,4
333000,13055970003,3,3,0,0,0,3,7,7,1,5,4,2,53,55,6,5,32,245,24,120,189,130,8280,32937,48483,62210,1,6,5,6,13,4
333100,13059923288,3,3,0,0,0,3,7,7,1,5,4,2,53,55,6,5,32,245,24,120,189,130,8286,32948,48492,62223,1,6,5,6,13,4
333200,13063880120,3,3,0,0,0,3,7,7,1,5,4,2,53,55,6,5,32,245,24,120,189,130,8287,32957,48505,62240,1,6,5,6,13,4
333300,13067842894,3,3,0,0,0,3,7,7,1,5,4,2,53,55,6,5,32,245,24,120,189,130,8289,32965,48519,62254,1,6,5,6,13,4
333400,13071803651,3,3,0,0,0,3,7,7,1,5,4,2,53,55,6,5,32,245,24,120,189,130,8292,32978,48530,62266,1,6,5,6,13,4
333500,13075757062,3,3,0,0,0,3,7,7,1,5,4,2,53,55,6,5,32,246,24,120,189,130,8294,32992,48547,62285,1,6,5,6,13,4
333600,13079692655,3,3,0,0,0,3,7,7,1,5,4,2,53,55,6,5,32,246,24,120,189,130,8302,33004,48560,62312,1,6,5,6,13,4
333700,13083626252,3,3,0,0,0,3,7,7,1,5,4,2,53,55,6,5,32,246,24,120,189,130,8304,33014,48575,62329,1,6,5,6,13,4
333800,13087560494,3,3,0,0,0,3,7,7,1,5,4,2,53,55,6,5,32,246,24,121,189,130,8307,33021,48591,62343,1,6,5,6,13,4
333900,13091499882,3,3,0,0,0,3,7,7,1,5,4,2,53,55,6,5,32,247,24,121,189,130,8309,33033,48602,62361,1,6,5,6,13,4
334000,13095445743,3,3,0,0,0,3,7,7,1,5,4,2,53,55,6,5,32,247,24,121,190,130,8313,33040,48610,62384,1,6,5,6,13,4
334100,13099394648,3,3,0,0,0,3,7,7,1,5,4,2,53,55,6,5,32,247,24,121,190,130,8316,33049,48626,62403,1,6,5,6,13,4
334200,13103334680,3,3,0,0,0,3,7,7,1,5,4,2,53,55,6,5,32,247,24,121,190,130,8320,33066,48644,62419,1,6,5,6,13,4
334300,13107282338,3,3,0,0,0,3,7,7,1,5,4,2,53,55,6,5,32,248,24,121,191,130,8322,33075,48659,62437,1,6,5,6,13,4
334400,13111233292,3,3,0,0,0,3,7,7,1,5,4,2,53,55,6,5,32,248,24,121,191,130,8323,33084,48675,62457,1,6,5,6,13,4
334500,13115178641,3,3,0,0,0,3,7,7,1,5,4,2,53,55,6,5,32,248,24,121,191,130,8329,33097,48691,62476,1,6,5,6,13,4
334600,13119128532,3,3,0,0,0,3,7,7,1,5,4,2,53,55,6,5,32,248,24,121,191,130,8331,33111,48710,62494,1,6,5,6,13,4
334700,13123078375,3,3,0,0,0,3,7,7,1,5,4,2,53,55,6,5,32,248,24,121,191,130,8332,33124,48725,62510,1,6,5,6,13,4
334800,13127037677,3,3,0,0,0,3,7,7,1,5,4,2,53,55,6,5,32,248,24,121,191,130,8334,33134,48736,62529,1,6,5,6,13,4
334900,13130988248,3,3,0,0,0,3,7,7,1,5,4,2,53,55,6,5,32,249,24,121,191,130,8334,33144,48755,62552,1,6,5,6,13,4
335000,13134935971,3,3,0,0,0,3,7,7,1,5,4,2,53,55,6,5,32,249,24,121,191,130,8338,33154,48766,62573,1,6,5,6,13,4
335100,13138887211,3,3,0,0,0,3,7,7,1,5,4,2,53,55,6,5,32,249,24,121,191,130,8339,33163,48781,62598,1,6,5,6,13,4
335200,13142837828,3,3,0,0,0,3,7,7,1,5,4,2,53,55,6,5,32,249,24,121,191,130,8340,33178,48798,62615,1,6,5,6,13,4
335300,13146783088,3,3,0,0,0,3,7,7,1,5,4,2,53,55,6,5,32,249,24,121,191,130,8343,33191,48814,62639,1,6,5,6,13,4
335400,13150713612,3,3,0,0,0,3,7,7,1,5,4,2,53,55,6,5,32,249,24,121,191,130,8349,33202,48833,62658,1,6,5,6,13,4
335500,13154645480,3,3,0,0,0,3,7,7,1,5,4,2,53,55,6,5,32,249,24,121,191,130,8351,33212,48849,62678,1,6,5,6,13,4
335600,13158574377,3,3,0,0,0,3,7,7,1,5,4,2,53,55,6,5,32,249,24,121,191,130,8354,33218,48861,62700,1,6,5,6,13,4
335700,13162512117,3,3,0,0,0,3,7,7,1,5,4,2,53,55,6,5,32,249,24,121,191,130,8356,33226,48881,62715,1,6,5,6,13,4
335800,13166446300,3,3,0,0,0,3,7,7,1,5,4,2,53,55,6,5,32,250,24,121,191,130,8358,33234,48893,62728,1,6,5,6,13,4
335900,13170381274,3,3,0,0,0,3,7,7,1,5,4,2,53,55,6,5,32,250,24,121,191,130,8362,33242,48902,62744,1,6,5,6,13,4
336000,13174323547,3,3,0,0,0,3,7,7,1,5,4,2,53,55,6,5,32,250,24,121,191,130,8363,33253,48918,62763,1,6,5,6,13,4
336100,13178269244,3,3,0,0,0,3,7,7,1,5,4,2,53,55,6,5,32,250,24,121,191,130,8364,33260,48935,62784,1,6,5,6,13,4
336200,13182222004,3,3,0,0,0,3,7,7,1,5,4,2,53,55,6,5,32,250,24,122,191,130,8367,33271,48947,62800,1,6,5,6,13,4
336300,13186171950,3,3,0,1,0,3,7,7,1,5,4,2,53,55,6,5,32,250,24,122,191,130,8369,33285,48969,62820,1,6,5,6,13,4
336400,13190118821,3,3,0,1,0,3,7,7,1,5,4,2,53,55,6,5,32,250,24,122,191,130,8370,33297,48985,62836,1,6,5,6,13,4
336500,13194070174,3,3,0,1,0,3,7,7,1,5,4,2,53,55,6,5,32,250,24,122,191,130,8374,33302,48997,62857,1,6,5,6,13,4
336600,13198028519,3,3,0,1,0,3,7,7,1,5,4,2,53,55,6,5,32,250,24,122,191,130,8378,33316,49005,62883,1,6,5,6,13,4
336700,13201983515,3,3,0,1,0,3,7,7,1,5,4,2,53,55,6,5,32,250,24,122,191,130,8379,33322,49023,62902,1,6,5,6,13,4
336800,13205938799,3,3,0,1,0,3,7,7,1,5,4,2,53,55,6,5,32,250,24,122,191,130,8383,33338,49039,62920,1,6,5,6,13,4
336900,13209888282,3,3,0,1,0,3,7,7,1,5,4,2,53,55,6,5,32,250,24,122,191,130,8389,33342,49049,62941,1,6,5,6,13,4
337000,13213838772,3,3,0,1,0,3,7,7,1,5,4,2,53,55,6,5,32,250,24,122,192,130,8393,33353,49070,62952,1,6,5,6,13,4
337100,13217794679,3,3,0,1,0,3,7,7,1,5,4,2,53,55,6,5,32,250,24,122,192,130,8395,33364,49084,62966,1,6,5,6,13,4
337200,13221743251,3,3,0,1,0,3,7,7,1,5,4,2,53,55,6,5,32,250,24,122,192,130,8398,33377,49097,62995,1,6,5,6,13,4
337300,13225687236,3,3,0,1,0,3,7,7,1,5,4,2,53,55,6,5,32,250,24,122,192,130,8400,33390,49115,63017,1,6,5,6,13,4
337400,13229627512,3,3,0,1,0,3,7,7,1,5,4,2,54,55,6,5,32,250,24,122,192,130,8401,33405,49130,63037,1,6,5,6,13,4
337500,13233563046,3,3,0,1,0,3,7,7,1,5,4,2,54,55,6,5,32,250,24,122,192,130,8405,33412,49145,63065,1,6,5,6,13,4
337600,13237497896,3,3,0,1,0,3,7,7,1,5,4,2,54,55,6,5,32,250,24,122,192,130,8405,33423,49161,63078,1,6,5,6,13,4
337700,13241434651,3,3,0,1,0,3,7,7,1,5,4,2,54,55,6,5,32,251,24,122,192,130,8406,33433,49178,63103,1,6,5,6,13,4
337800,13245370777,3,3,0,1,0,3,7,7,1,5,4,2,54,55,6,5,32,251,24,122,192,130,8407,33443,49192,63119,1,6,5,6,13,4
337900,13249304268,3,3,0,1,0,3,7,7,1,5,4,2,54,55,6,5,32,251,24,122,192,130,8410,33451,49201,63141,1,6,5,6,13,4
338000,13253238958,3,3,0,1,0,3,7,7,1,5,4,2,54,55,6,5,32,252,24,122,192,130,8411,33457,49216,63164,1,6,5,6,14,4
338100,13257174399,3,3,0,1,0,3,7,7,1,5,4,2,54,55,6,5,33,252,24,122,192,130,8412,33466,49237,63187,1,6,5,6,14,4
338200,13261097065,3,3,0,1,0,3,7,7,1,5,4,2,54,56,6,5,33,252,24,123,192,130,8416,33476,49253,63203,1,6,5,6,14,4
338300,13265032254,3,3,0,1,0,3,7,7,1,5,4,2,54,56,6,5,33,252,24,123,192,130,8418,33486,49261,63219,1,6,5,6,14,4
338400,13268972045,3,3,0,1,0,3,7,7,1,5,4,2,54,56,6,5,33,252,24,123,192,130,8420,33494,49271,63243,1,6,5,6,14,4
338500,13272912694,3,3,0,1,0,3,7,7,1,5,4,2,54,56,6,5,33,252,24,123,192,130,8422,33508,49285,63267,1,6,5,6,14,4
338600,13276841606,3,3,0,1,0,3,7,7,1,5,4,2,54,56,6,5,33,252,24,123,192,130,8426,33521,49301,63287,1,6,5,6,14,4
338700,13280761893,3,3,0,1,0,3,7,7,1,5,4,2,55,56,6,5,33,252,24,123,192,130,8428,33525,49317,63306,1,6,5,6,14,4
338800,13284687132,3,3,0,1,0,3,7,7,1,5,4,2,55,56,6,5,33,252,24,123,192,130,8431,33536,49329,63322,1,6,5,6,14,4
338900,13288624897,3,3,0,1,0,3,7,7,1,5,4,2,55,56,6,5,33,252,24,123,192,130,8434,33542,49352,63342,1,6,5,6,14,4
339000,13292565825,3,3,0,1,0,3,7,7,1,5,4,2,55,56,6,5,33,252,24,123,192,130,8435,33554,49366,63355,1,6,5,6,14,4
339100,13296509437,3,3,0,1,0,3,7,7,1,5,4,2,56,56,6,5,33,252,24,123,192,130,8437,33568,49380,63378,1,6,5,6,14,4
339200,13300457799,3,3,0,1,0,3,7,7,1,5,4,2,56,56,6,5,33,252,24,123,193,130,8439,33579,49398,63400,1,6,5,6,14,4
339300,13304403391,3,3,0,1,0,3,7,7,1,5,4,2,56,56,6,5,33,252,25,123,193,130,8441,33592,49413,63427,1,6,5,6,14,4
339400,13308339377,3,3,0,1,0,3,7,7,1,5,4,2,56,56,6,5,33,252,25,123,193,130,8441,33602,49430,63443,1,6,5,6,14,4
339500,13312282063,3,3,0,1,0,3,7,7,1,5,4,2,56,56,6,5,33,252,25,123,193,130,8446,33610,49440,63461,1,6,5,6,14,4
339600,13316223147,3,3,0,1,0,3,7,7,1,5,4,2,56,56,6,5,33,252,25,123,193,130,8450,33619,49457,63475,1,6,5,6,14,4
339700,13320162428,3,3,0,1,0,3,7,7,1,5,4,2,56,56,6,5,33,252,25,123,194,130,8452,33632,49469,63498,1,6,5,6,14,4
339800,13324098864,3,3,0,1,0,3,7,7,1,5,4,2,56,56,6,5,33,252,25,123,194,130,8455,33639,49483,63517,1,6,5,6,14,4
339900,13328035046,3,3,0,1,0,3,7,7,1,5,4,2,56,56,6,5,33,252,25,123,194,130,8457,33652,49502,63538,1,6,5,6,14,4
340000,13331980829,3,3,0,1,0,3,7,7,1,5,4,2,56,56,6,5,33,252,25,123,194,130,8458,33664,49526,63554,1,6,5,6,14,4
340100,13335929058,3,3,0,1,0,3,7,7,1,5,4,2,56,56,6,5,33,252,25,123,194,130,8460,33676,49546,63581,1,6,5,6,14,4
340200,13339860987,3,3,0,1,0,3,7,7,1,5,4,2,56,56,6,5,33,252,25,123,194,130,8462,33690,49556,63600,1,6,5,6,14,4
340300,13343795088,3,3,0,1,0,3,7,7,1,5,4,2,56,56,6,5,33,252,25,123,194,130,8464,33703,49577,63611,1,6,5,6,14,4
340400,13347741122,3,3,0,1,0,3,7,7,1,5,4,2,56,56,6,5,33,252,25,123,194,130,8467,33710,49586,63633,1,6,5,6,14,4
340500,13351694285,3,3,0,1,0,3,7,7,1,5,4,2,56,56,6,5,33,252,25,124,194,130,8470,33717,49598,63653,1,6,5,6,14,4
340600,13355660633,3,3,0,1,0,3,7,7,1,5,4,2,56,56,6,5,33,253,25,124,194,130,8476,33727,49612,63674,1,6,5,6,14,4
340700,13359626595,3,3,0,1,0,3,7,7,1,5,4,2,56,56,6,5,33,254,25,124,195,130,8483,33742,49623,63695,1,6,5,6,14,4
340800,13363582673,3,3,0,1,0,3,7,7,1,5,4,2,56,56,6,5,33,254,25,124,195,130,8489,33749,49648,63712,1,6,5,6,14,4
340900,13367535358,3,3,0,1,0,3,7,7,1,5,4,2,56,56,6,5,33,254,25,124,195,130,8490,33759,49662,63721,1,6,5,6,14,4
341000,13371496108,3,3,0,1,0,3,7,7,1,5,4,2,56,56,6,5,33,254,25,124,195,130,8492,33763,49678,63744,1,6,5,6,14,4
341100,13375449469,3,3,0,1,0,3,7,7,1,5,4,2,56,56,6,5,33,254,25,124,195,130,8493,33775,49688,63765,1,6,5,6,14,4
341200,13379397385,3,3,0,1,0,3,7,7,1,5,4,2,56,56,6,5,33,254,25,124,195,130,8493,33785,49700,63783,1,6,5,6,14,4
341300,13383351080,3,3,0,1,0,3,7,7,1,5,4,2,56,56,6,5,33,254,25,124,196,130,8495,33795,49716,63806,1,6,5,6,14,4
341400,13387309546,3,3,0,1,0,3,7,7,1,5,4,2,56,56,6,5,33,254,25,124,196,130,8499,33802,49725,63821,1,6,5,6,14,4
341500,13391275641,3,3,0,1,0,3,7,7,1,5,4,2,56,56,6,5,33,254,25,124,196,130,8500,33813,49740,63837,1,6,5,6,14,4
341600,13395242229,3,3,0,1,0,3,7,7,1,5,4,2,56,56,6,5,33,254,25,124,196,130,8501,33824,49749,63857,1,6,5,6,14,4
341700,13399217663,3,3,0,1,0,3,7,7,1,5,4,2,56,56,6,5,33,254,25,124,196,130,8505,33834,49768,63870,1,6,5,6,14,4
341800,13403195816,3,3,0,1,0,3,7,7,1,5,4,2,56,56,6,5,33,254,25,124,196,130,8505,33846,49779,63890,1,6,5,6,14,4
341900,13407179903,3,3,0,1,0,3,7,7,1,5,4,2,56,56,6,5,33,254,25,124,196,130,8505,33855,49800,63910,1,6,5,6,14,4
342000,13411158886,3,3,0,1,0,3,7,7,1,5,4,2,56,56,6,5,33,254,25,124,196,130,8510,33872,49813,63927,1,6,5,6,14,4
342100,13415131735,3,3,0,1,0,3,7,7,1,5,4,2,56,56,6,5,33,255,25,124,196,130,8512,33880,49827,63943,1,6,5,6,14,4
342200,13419105554,3,3,0,1,0,3,7,7,1,5,4,2,56,56,6,5,33,255,25,124,196,130,8514,33892,49847,63969,1,6,5,6,14,4
342300,13423069437,3,3,0,1,0,3,7,7,1,5,4,2,56,56,6,5,33,255,25,124,196,130,8518,33903,49861,63986,1,6,5,6,14,4
342400,13427036824,3,3,0,1,0,3,7,7,1,5,4,2,56,56,6,5,33,255,25,124,196,130,8519,33911,49873,63999,1,6,5,6,14,4
342500,13431018567,3,3,0,1,0,3,7,7,1,5,4,2,56,56,6,5,33,255,25,124,196,130,8522,33916,49887,64013,1,6,5,6,14,4
342600,13435009347,3,3,0,1,0,3,7,7,1,5,4,2,56,56,6,5,33,256,25,124,197,130,8524,33928,49897,64031,1,6,5,6,14,4
342700,13439004099,3,3,0,1,0,3,7,7,1,5,4,2,56,56,6,5,33,256,25,124,198,130,8526,33937,49907,64047,1,6,5,6,14,4
342800,13442999942,3,3,0,1,0,3,7,7,1,5,4,2,56,56,6,5,33,256,25,124,198,130,8527,33947,49919,64072,1,6,5,6,14,4
342900,13446991015,3,3,0,1,0,3,7,7,1,5,4,2,56,56,6,5,33,256,25,124,198,130,8529,33959,49932,64088,1,6,5,6,14,4
343000,13450972080,3,3,0,1,0,3,7,7,1,5,4,2,56,56,6,5,33,256,25,124,198,130,8533,33965,49940,64107,1,6,5,6,14,4
343100,13454963507,3,3,0,1,0,3,7,7,1,5,4,2,57,56,6,5,33,257,25,124,198,130,8533,33974,49952,64129,1,6,5,6,14,4
343200,13458949271,3,3,0,1,0,3,7,7,1,5,4,2,57,56,6,5,33,257,25,124,198,130,8535,33989,49971,64152,1,6,5,6,14,4
343300,13462928550,3,3,0,1,0,3,7,7,1,5,4,2,57,56,6,5,33,257,25,124,198,130,8535,33999,49987,64172,1,6,5,6,14,4
343400,13466908264,3,3,0,1,0,3,7,7,1,5,4,2,57,56,6,5,33,257,25,124,198,130,8538,34004,50003,64194,1,6,5,6,14,4
343500,13470886524,3,3,0,1,0,3,7,7,1,5,4,2,57,56,6,5,33,258,25,124,198,130,8544,34016,50017,64222,1,6,5,6,14,4
343600,13474863974,3,3,0,1,0,3,7,7,1,5,4,2,57,56,6,5,33,258,25,124,198,130,8548,34023,50028,64237,1,6,5,6,14,4
343700,13478836855,3,3,0,1,0,3,7,7,1,5,4,2,57,56,6,5,33,258,25,124,198,130,8550,34035,50037,64259,1,6,5,6,14,4
343800,13482811763,3,3,0,1,0,3,7,7,1,5,4,2,57,56,6,5,33,258,25,124,198,130,8556,34044,50055,64273,1,6,5,6,14,4
343900,13486778916,3,3,0,1,0,3,7,7,1,5,4,2,57,56,6,5,33,258,25,124,198,130,8559,34054,50074,64294,1,6,5,6,14,4
344000,13490738729,3,3,0,1,0,3,7,7,1,5,4,2,57,56,6,5,33,258,25,124,198,130,8560,34062,50089,64317,1,6,5,6,14,4
344100,13494698978,3,3,0,1,0,3,7,7,1,5,4,2,57,56,6,5,33,258,25,124,198,130,8562,34073,50108,64338,1,6,5,6,14,4
344200,13498670258,3,3,0,1,0,3,7,7,1,5,4,2,57,56,6,5,33,258,25,124,198,130,8564,34082,50116,64356,1,6,5,6,14,4
344300,13502644132,3,3,0,1,0,3,7,7,1,5,4,2,57,56,6,5,33,258,25,124,198,130,8569,34094,50130,64377,1,6,5,6,14,4
344400,13506609921,3,3,0,1,0,3,7,7,1,5,4,2,57,56,6,5,33,258,25,124,198,130,8571,34102,50140,64396,1,6,5,6,14,4
344500,13510569035,3,3,0,1,0,3,7,7,1,5,4,2,57,56,6,5,33,258,25,124,198,130,8575,34112,50156,64418,1,6,5,6,14,4
344600,13514529656,3,3,0,1,0,3,7,7,1,5,4,2,57,56,6,5,33,258,25,124,198,130,8575,34116,50168,64435,1,6,5,6,14,4
344700,13518489005,3,3,0,1,0,3,7,7,1,5,4,2,57,56,6,5,33,258,25,124,198,130,8579,34132,50182,64455,1,6,5,6,14,4
344800,13522447323,3,3,0,1,0,3,7,7,1,5,4,2,57,56,6,5,33,258,25,124,198,130,8580,34144,50200,64475,1,6,5,6,14,4
344900,13526391687,3,3,0,1,0,3,7,7,1,5,4,2,57,56,6,5,33,258,25,124,198,130,8583,34155,50210,64507,1,6,5,6,14,4
345000,13530338169,3,3,0,1,0,3,7,7,1,5,4,2,57,56,6,5,33,258,25,124,198,130,8587,34165,50222,64525,1,6,5,6,14,4
345100,13534287782,3,3,0,1,0,3,7,7,1,5,4,2,57,56,6,5,33,258,25,125,198,130,8589,34182,50235,64542,1,6,5,6,14,4
345200,13538235610,3,3,0,1,0,3,7,7,1,5,4,2,57,56,6,5,33,258,25,125,198,130,8594,34200,50250,64563,1,6,5,6,14,4
345300,13542187860,3,3,0,1,0,3,7,7,1,5,4,2,57,56,6,5,33,258,25,125,198,130,8597,34207,50261,64583,1,6,5,6,14,4
345400,13546137874,3,3,0,1,0,3,7,7,1,5,4,2,57,56,6,5,33,259,25,125,198,130,8599,34216,50276,64594,1,6,5,6,14,4
345500,13550092934,3,3,0,1,0,3,7,7,1,5,4,2,57,56,6,5,33,259,25,125,198,130,8604,34219,50297,64613,1,6,5,6,14,4
345600,13554039644,3,3,0,1,0,3,7,7,1,5,4,2,57,56,6,5,33,259,25,125,198,130,8606,34231,50312,64638,1,6,5,6,14,4
345700,13557995761,3,3,0,1,0,3,7,7,1,5,4,2,57,56,6,5,33,259,25,125,198,130,8611,34237,50330,64656,1,6,5,6,14,4
345800,13561960369,3,3,0,1,0,3,7,7,1,5,4,2,57,56,6,5,33,259,25,125,198,130,8612,34254,50343,64675,1,6,5,6,14,4
345900,13565919542,3,3,0,1,0,3,7,7,1,5,4,2,57,56,6,5,33,259,25,125,198,130,8617,34265,50361,64697,1,6,5,6,14,4
346000,13569876334,3,3,0,1,0,3,7,7,1,5,4,2,57,56,6,5,33,259,25,125,198,130,8621,34275,50373,64714,1,6,5,6,14,4
346100,13573842559,3,3,0,1,0,3,7,7,1,5,4,2,57,56,6,5,33,259,25,125,198,130,8623,34282,50385,64730,1,6,5,6,14,4
346200,13577802163,3,3,0,1,0,3,7,7,1,5,4,2,57,56,6,5,33,259,25,125,198,130,8628,34293,50398,64753,1,6,5,6,14,4
346300,13581751351,3,3,0,1,0,3,7,7,1,5,4,2,57,56,6,5,33,259,25,125,199,130,8630,34302,50417,64776,1,6,5,6,14,4
346400,13585691078,3,3,0,1,0,3,7,7,1,5,4,2,57,56,6,5,33,259,25,126,199,130,8632,34316,50434,64796,1,6,5,6,14,4
346500,13589619641,3,3,0,1,0,3,7,7,1,5,4,2,57,56,6,5,33,259,25,126,199,130,8636,34332,50448,64824,1,6,5,6,14,4
346600,13593548320,3,3,0,1,0,3,7,7,1,5,4,2,57,56,6,5,33,259,25,126,199,130,8637,34338,50458,64834,1,6,5,6,14,4
346700,13597486284,3,3,0,1,0,3,7,7,1,5,4,2,57,56,6,5,33,259,25,126,199,130,8638,34345,50469,64856,1,6,5,6,14,4
346800,13601427011,3,3,0,1,0,3,7,7,1,5,4,2,57,56,6,5,33,259,25,126,199,130,8640,34354,50487,64881,1,6,5,6,14,4
346900,13605365335,3,3,0,1,0,3,7,7,1,5,4,2,57,56,6,5,33,259,25,126,201,130,8645,34364,50506,64895,1,6,5,6,14,4
347000,13609304235,3,3,0,1,0,3,7,7,1,5,4,2,57,56,6,5,33,259,25,126,201,130,8645,34374,50520,64912,1,6,5,6,14,4
347100,13613249868,3,3,0,1,0,3,7,7,1,5,4,2,57,56,6,5,33,259,25,126,201,130,8646,34389,50535,64935,1,6,5,6,14,4
347200,13617196045,3,3,0,1,0,3,7,7,1,5,4,2,57,56,6,5,33,259,25,126,201,130,8646,34400,50548,64960,1,6,5,6,14,4
347300,13621141651,3,3,0,1,0,3,7,7,1,5,4,2,57,56,6,5,33,259,25,126,201,130,8649,34408,50562,64988,1,6,5,6,14,4
347400,13625078544,3,3,0,1,0,3,7,7,1,5,4,2,57,56,6,5,33,259,25,126,201,130,8651,34419,50576,65009,1,6,5,6,14,4
347500,13629015774,3,3,0,1,0,3,7,7,1,5,4,2,57,56,6,5,33,259,25,126,201,130,8654,34435,50598,65029,1,6,5,6,14,4
347600,13632942401,3,3,0,1,0,3,7,7,1,5,4,2,57,56,6,5,33,260,25,126,201,130,8658,34445,50611,65042,1,6,5,6,14,4
347700,13636874306,3,3,0,1,0,3,7,7,1,5,4,2,57,56,6,5,33,260,25,126,202,130,8659,34453,50629,65062,1,6,5,6,14,4
347800,13640797689,3,3,0,1,0,3,7,7,1,5,4,2,57,56,6,5,33,260,25,127,202,130,8663,34460,50641,65083,1,6,5,6,14,4
347900,13644716774,3,3,0,1,0,3,7,7,1,5,4,2,57,56,6,5,33,260,25,127,202,130,8664,34467,50657,65097,1,6,5,6,14,4
348000,13648645047,3,3,0,1,0,3,7,7,1,5,4,2,57,56,6,5,33,260,25,127,202,130,8668,34472,50672,65108,1,6,5,6,14,4
348100,13652575604,3,3,0,1,0,3,7,7,1,5,4,2,57,56,6,5,33,260,25,127,202,130,8670,34484,50683,65127,1,6,5,6,14,4
348200,13656510978,3,3,0,1,0,3,7,7,1,5,4,2,57,56,6,5,33,260,25,127,202,130,8671,34494,50689,65160,1,6,5,6,14,4
348300,13660443277,3,3,0,1,0,3,7,7,1,5,4,2,57,56,6,5,33,260,25,127,202,130,8677,34509,50705,65173,1,6,5,6,14,4
348400,13664378311,3,3,0,1,0,3,7,7,1,5,4,2,57,56,6,5,33,260,25,127,202,130,8682,34514,50717,65197,1,6,5,6,14,4
348500,13668317539,3,3,0,1,0,3,7,7,1,5,4,2,57,56,6,5,33,260,25,127,202,130,8685,34520,50726,65218,1,6,5,6,14,4
348600,13672268625,3,3,0,1,0,3,7,7,1,5,4,2,57,56,6,5,33,260,25,127,202,130,8690,34527,50737,65231,1,6,5,6,14,4
348700,13676226595,3,3,0,1,0,3,7,7,1,5,4,2,57,56,6,5,33,260,25,127,202,130,8692,34534,50749,65247,1,6,5,6,14,4
348800,13680185197,3,3,0,1,0,3,7,7,1,5,4,2,57,56,6,5,33,260,25,127,202,130,8695,34547,50766,65268,1,6,5,6,14,4
348900,13684136314,3,3,0,1,0,3,7,7,1,5,4,2,57,56,6,5,33,260,25,127,202,130,8699,34552,50784,65287,1,6,5,6,14,4
349000,13688086471,3,3,0,1,0,3,7,7,1,5,4,2,57,56,6,5,33,261,25,127,202,130,8703,34559,50797,65303,1,6,5,6,14,4
349100,13692042940,3,3,0,1,0,3,7,7,1,5,4,2,57,56,6,5,33,261,25,127,202,130,8705,34568,50814,65319,1,6,5,6,14,4
349200,13696010222,3,3,0,1,0,3,7,7,1,5,4,2,57,56,6,5,33,262,25,127,202,130,8705,34581,50827,65334,1,6,5,6,14,4
349300,13699992260,3,3,0,1,0,3,7,7,1,5,4,2,57,56,6,5,33,262,25,127,202,130,8705,34591,50845,65354,1,6,5,6,14,4
349400,13703966010,3,3,0,1,0,3,7,7,1,5,4,2,57,56,6,5,33,262,25,127,202,130,8709,34601,50862,65369,1,6,5,6,14,4
349500,13707941384,3,3,0,1,0,3,7,7,1,5,4,2,57,57,6,5,33,262,25,127,202,130,8711,34614,50877,65393,1,6,5,6,14,4
349600,13711907809,3,3,0,1,0,3,7,7,1,5,4,2,57,57,6,5,33,262,25,127,202,130,8713,34626,50896,65411,1,6,5,6,14,4
349700,13715869350,3,3,0,1,0,3,7,7,1,5,4,2,57,57,6,5,33,262,25,127,202,130,8716,34636,50916,65426,1,6,5,6,14,4
349800,13719834548,3,3,0,1,0,3,7,7,1,5,4,2,57,57,6,5,33,262,25,127,202,130,8718,34646,50937,65450,1,6,5,6,14,4
349900,13723804511,3,3,0,1,0,3,7,7,1,5,4,2,57,57,6,5,33,262,25,127,202,130,8719,34656,50955,65468,1,6,5,6,14,4
350000,13727776453,3,3,0,1,0,3,7,7,1,5,4,2,57,57,6,5,33,262,25,127,202,130,8721,34665,50974,65491,1,6,5,6,14,4
350100,13731744127,3,3,0,1,0,3,7,7,1,5,4,2,57,57,6,5,33,262,25,127,202,130,8727,34674,50988,65510,1,6,5,6,14,4
350200,13735717015,3,3,0,1,0,3,7,7,1,5,4,2,57,57,6,5,33,262,25,127,202,130,8734,34685,51002,65526,1,6,5,6,14,4
350300,13739683369,3,3,0,1,0,3,7,7,1,5,4,2,57,57,6,5,33,262,25,127,202,130,8736,34696,51020,65541,1,6,5,6,14,4
350400,13743652177,3,3,0,1,0,3,7,7,1,5,4,2,57,57,6,5,33,262,25,127,202,130,8738,34705,51035,65560,1,6,5,6,14,4
350500,13747630645,3,3,0,1,0,3,7,7,1,5,4,2,57,57,6,5,33,262,25,127,202,130,8740,34712,51054,65572,1,6,5,6,14,4
350600,13751612320,3,3,0,1,0,3,7,7,1,5,4,2,57,57,6,5,33,262,25,127,202,130,8743,34722,51072,65586,1,6,5,6,14,4
350700,13755596879,3,3,0,1,0,3,7,7,1,5,4,2,57,57,6,5,33,262,25,127,202,130,8746,34733,51087,65608,1,6,5,6,14,4
350800,13759579078,3,3,0,1,0,3,7,7,1,5,4,2,57,57,6,5,33,262,25,127,202,130,8750,34741,51103,65628,1,6,5,6,14,4
350900,13763564172,3,3,0,1,0,3,7,7,1,5,4,2,57,57,6,5,33,262,25,127,202,130,8753,34755,51121,65647,1,6,5,6,14,4
351000,13767554317,3,3,0,1,0,3,7,7,1,5,4,2,57,57,6,5,33,262,25,127,202,130,8755,34771,51129,65665,1,6,5,6,14,4
351100,13771552639,3,3,0,1,0,3,7,7,1,5,4,2,57,57,6,5,33,262,25,127,202,130,8755,34781,51139,65691,1,6,5,6,14,4
351200,13775552100,3,3,0,1,0,3,7,7,1,5,4,2,57,57,6,5,33,262,25,127,202,130,8757,34792,51151,65716,1,6,5,6,14,4
351300,13779548842,3,3,0,1,0,3,7,7,1,5,4,2,57,58,6,5,33,262,25,127,202,130,8760,34808,51166,65734,1,6,5,6,14,4
351400,13783543827,3,3,0,1,0,3,7,7,1,5,4,2,57,58,6,5,33,262,25,127,202,130,8765,34814,51185,65748,1,6,5,6,14,4
351500,13787535684,3,3,0,1,0,3,7,7,1,5,4,2,57,58,6,5,33,262,25,128,202,130,8767,34821,51204,65777,1,6,5,6,14,4
351600,13791522662,3,3,0,1,0,3,7,7,1,5,4,2,57,58,6,5,33,262,25,128,202,130,8768,34835,51218,65791,1,6,5,6,14,4
351700,13795501029,3,3,0,1,0,3,7,7,1,5,4,2,57,58,6,5,33,262,25,128,202,130,8773,34849,51230,65807,1,6,5,6,14,4
351800,13799485921,3,3,0,1,0,3,7,7,1,5,4,2,57,58,6,5,33,263,25,128,202,130,8775,34860,51248,65823,1,6,5,6,14,4
351900,13803460160,3,3,0,1,0,3,7,7,1,5,4,2,57,59,6,5,33,263,25,129,202,130,8781,34873,51261,65845,1,6,5,6,14,4
352000,13807432696,3,3,0,1,0,3,7,7,1,5,4,2,57,59,6,5,33,263,25,129,202,130,8782,34882,51277,65863,1,6,5,6,14,4
352100,13811413201,3,3,0,1,0,3,7,7,1,5,4,2,57,59,6,5,33,263,25,129,202,130,8785,34895,51294,65882,1,6,5,6,14,4
352200,13815384614,3,3,0,1,0,3,7,7,1,5,4,2,57,59,6,5,33,263,25,129,202,130,8788,34908,51314,65901,1,6,5,6,14,4
352300,13819337699,3,3,0,1,0,3,7,7,1,5,4,2,57,59,6,5,33,263,25,129,202,130,8789,34918,51332,65920,1,6,5,6,14,4
352400,13823289879,3,3,0,1,0,3,7,7,1,5,4,2,57,59,6,5,33,263,25,129,202,130,8791,34927,51343,65947,1,6,5,6,14,4
352500,13827241865,3,3,0,1,0,3,7,7,1,5,4,2,57,59,6,5,33,263,25,129,202,130,8795,34934,51349,65971,1,6,5,6,14,4
352600,13831191534,3,3,0,1,0,3,7,7,1,5,4,2,57,59,6,5,33,263,25,129,202,130,8800,34945,51361,65990,1,6,5,6,14,4
352700,13835147038,3,3,0,1,0,3,7,7,1,5,4,2,57,59,6,5,33,263,25,129,203,130,8804,34955,51372,66003,1,6,5,6,14,4
352800,13839097906,3,3,0,1,0,3,7,7,1,5,4,2,57,59,6,5,33,263,25,129,204,130,8809,34966,51391,66024,1,6,5,6,14,4
352900,13843054315,3,3,0,1,0,3,7,7,1,5,4,2,57,59,6,5,33,263,25,129,204,130,8813,34976,51405,66041,1,6,5,6,14,4
353000,13847018418,3,3,0,1,0,3,7,7,1,5,4,2,57,59,6,5,33,263,25,129,205,130,8816,34986,51421,66056,1,6,5,6,14,4
353100,13850983864,3,3,0,1,0,3,7,7,1,5,4,2,57,60,6,5,33,263,25,129,205,130,8818,34994,51439,66075,1,6,5,6,14,4
353200,13854947720,3,3,0,1,0,3,7,7,1,5,4,2,57,60,6,5,33,263,25,129,205,130,8819,34999,51461,66098,1,6,5,6,14,4
353300,13858905361,3,3,0,1,0,3,7,7,1,5,4,2,57,60,6,5,33,263,25,129,205,130,8822,35014,51475,66116,1,7,5,6,14,4
353400,13862868664,3,3,0,1,0,3,7,7,1,5,4,2,57,60,6,5,33,263,25,129,205,130,8824,35021,51486,66132,1,7,5,6,14,4
353500,13866835062,3,3,0,1,0,3,7,7,1,5,4,2,57,60,6,5,33,263,25,129,205,131,8826,35033,51501,66150,1,7,5,6,14,4
353600,13870802916,3,3,0,1,0,3,7,7,1,5,4,2,57,60,6,5,33,263,25,129,205,131,8827,35048,51515,66166,1,7,5,6,14,4
353700,13874770050,3,3,0,1,0,3,7,7,1,5,4,2,57,60,6,5,33,263,25,129,205,131,8830,35064,51529,66187,1,7,5,6,14,4
353800,13878734746,3,3,0,1,0,3,7,7,1,5,4,2,57,60,6,5,33,263,25,129,205,131,8836,35071,51542,66205,1,7,5,6,14,4
353900,13882688929,3,3,0,1,0,3,7,7,1,5,4,2,57,60,6,5,33,263,25,129,205,131,8837,35085,51561,66223,1,7,5,6,14,4
354000,13886645188,3,3,0,1,0,3,7,7,1,5,4,2,57,60,6,5,33,263,25,129,205,131,8840,35088,51572,66246,1,7,5,6,14,4
354100,13890603308,3,3,0,1,0,3,7,7,1,5,4,2,59,60,6,5,33,263,25,129,206,131,8841,35093,51595,66263,1,7,5,6,14,4
354200,13894564636,3,3,0,1,0,3,7,7,1,5,4,2,59,60,6,5,33,263,25,129,206,131,8843,35102,51607,66280,1,7,5,6,14,4
354300,13898537902,3,3,0,1,0,3,7,7,1,5,4,2,59,60,6,5,33,263,25,129,206,131,8847,35109,51619,66294,1,7,5,6,14,4
354400,13902514280,3,3,0,1,0,3,7,7,1,5,4,2,59,60,6,5,33,263,25,129,206,132,8849,35120,51638,66309,1,7,5,6,14,4
354500,13906484208,3,3,0,1,0,3,7,7,1,5,4,2,59,60,6,5,33,263,25,129,206,132,8854,35129,51653,66324,1,7,5,6,14,4
354600,13910445633,3,3,0,1,0,3,7,7,1,5,4,2,59,60,6,5,33,263,25,129,206,132,8857,35138,51666,66344,1,7,5,6,14,4
354700,13914404790,3,3,0,1,0,3,7,7,1,5,4,2,59,60,6,5,33,263,25,129,206,132,8859,35150,51674,66366,1,7,5,6,14,4
354800,13918370778,3,3,0,1,0,3,7,7,1,5,4,2,59,60,6,5,33,263,25,129,206,132,8862,35156,51688,66379,1,7,5,6,14,4
354900,13922342004,3,3,0,1,0,3,7,7,1,5,4,2,59,60,6,5,33,263,25,129,206,132,8865,35169,51703,66400,1,7,5,6,14,4
355000,13926308328,3,3,0,1,0,3,7,7,1,5,4,2,59,60,6,5,33,263,25,129,206,132,8866,35176,51716,66420,1,7,5,6,14,4
355100,13930272312,3,3,0,1,0,3,7,7,1,5,4,2,59,60,6,5,33,263,25,129,206,133,8868,35186,51729,66436,1,7,5,6,14,4
355200,13934233570,3,3,0,1,0,3,7,7,1,5,4,2,59,60,6,5,33,263,25,129,207,133,8870,35198,51749,66455,1,7,5,6,14,4
355300,13938192562,3,3,0,1,0,3,7,7,1,5,4,2,59,60,6,5,33,263,25,129,207,133,8871,35211,51770,66474,1,7,5,6,14,4
355400,13942156893,3,3,0,1,0,3,7,7,1,5,4,2,59,60,6,5,33,263,26,129,207,133,8872,35217,51779,66493,1,7,5,6,14,4
355500,13946124953,3,3,0,1,0,3,7,7,1,5,4,2,59,60,6,5,33,263,26,129,207,133,8874,35222,51791,66508,1,7,5,6,14,4
355600,13950095421,3,3,0,1,0,3,7,7,1,5,4,2,59,60,6,5,33,263,26,129,207,133,8878,35231,51798,66525,1,7,5,6,14,4
355700,13954057898,3,3,0,1,0,3,7,7,1,5,4,2,59,60,6,5,33,263,26,129,207,134,8880,35247,51814,66545,1,7,5,6,14,4
355800,13958024038,3,3,0,1,0,3,7,7,1,5,4,2,59,60,6,5,33,263,26,129,207,134,8882,35255,51829,66559,1,7,5,6,14,4
355900,13961995632,3,3,0,1,0,3,7,7,1,5,4,2,59,60,6,5,33,263,26,129,207,134,8882,35264,51844,66576,1,7,5,6,14,4
356000,13965975245,3,3,0,1,0,3,7,7,1,5,4,2,59,60,6,5,33,263,26,129,207,134,8884,35275,51858,66597,1,7,5,6,14,4
356100,13969958354,3,3,0,1,0,3,7,7,1,5,4,2,59,60,6,5,33,263,26,129,207,134,8885,35285,51877,66623,1,7,5,6,14,4
356200,13973930790,3,3,0,1,0,3,7,7,1,5,4,2,59,60,6,5,33,263,26,129,207,134,8887,35292,51891,66639,1,7,5,6,14,4
356300,13977893168,3,3,0,1,0,3,7,7,1,5,4,2,59,60,6,5,33,263,26,129,207,135,8890,35315,51910,66660,1,7,5,6,14,4
356400,13981852244,3,3,0,1,0,3,7,7,1,5,4,2,59,60,6,5,33,263,26,129,207,135,8891,35329,51922,66678,1,7,5,6,14,4
356500,13985805931,3,3,0,1,0,3,7,7,1,5,4,2,59,60,6,5,33,264,26,129,207,136,8897,35338,51937,66696,1,7,5,6,14,4
356600,13989757682,3,3,0,1,0,3,7,7,1,5,4,2,59,60,6,5,33,264,26,129,207,136,8900,35349,51950,66717,1,7,5,6,14,4
356700,13993713694,3,3,0,1,0,3,7,7,1,5,4,2,59,60,6,5,33,264,26,129,207,136,8901,35357,51961,66746,1,7,5,6,14,4
356800,13997669994,3,3,0,1,0,3,7,7,1,5,4,2,59,60,6,5,33,264,26,129,207,136,8903,35366,51984,66769,1,7,5,6,14,4
356900,14001619219,3,3,0,1,0,3,7,7,1,5,4,2,59,60,6,5,33,264,26,129,208,136,8903,35370,51995,66786,1,7,5,6,14,4
357000,14005571130,3,3,0,1,0,3,7,7,1,5,4,2,59,60,6,5,33,264,26,129,208,136,8906,35371,52009,66804,1,7,5,6,14,4
357100,14009525876,3,3,0,1,0,3,7,7,1,5,4,2,59,60,6,5,33,264,26,129,208,136,8909,35380,52017,66821,1,7,5,6,14,4
357200,14013489603,3,3,0,1,0,3,7,7,1,5,4,2,59,60,6,5,33,264,26,129,208,136,8912,35388,52030,66826,1,7,5,6,14,4
357300,14017462953,3,3,0,1,0,3,7,7,1,5,4,2,59,60,6,5,33,264,26,129,208,136,8915,35399,52052,66841,1,7,5,6,14,4
357400,14021439083,3,3,0,1,0,3,7,7,1,5,4,2,59,60,6,5,33,264,26,129,209,136,8916,35405,52065,66854,1,7,5,6,14,4
357500,14025421677,3,3,0,1,0,3,7,7,1,5,4,2,59,60,6,5,33,264,26,129,209,136,8916,35421,52077,66870,1,7,5,6,14,4
357600,14029405605,3,3,0,1,0,3,7,7,1,5,4,2,59,60,6,5,33,264,26,130,209,136,8917,35433,52098,66884,1,7,5,6,14,4
357700,14033391277,3,3,0,1,0,3,7,7,1,5,4,2,59,60,6,5,33,264,26,130,209,136,8919,35444,52112,66908,1,7,5,6,14,4
357800,14037359668,3,3,0,1,0,3,7,7,1,5,4,2,59,60,6,5,33,264,26,130,209,136,8924,35454,52126,66934,1,7,5,6,14,4
357900,14041322139,3,3,0,1,0,3,7,7,1,5,4,2,59,60,6,5,33,264,26,130,209,136,8924,35460,52137,66957,1,7,5,6,14,4
358000,14045291084,3,3,0,1,0,3,7,7,1,5,4,2,59,60,6,5,33,264,26,130,209,136,8924,35469,52150,66975,1,7,5,6,14,4
358100,14049257117,3,3,0,1,0,3,7,7,1,5,4,2,59,60,6,5,33,264,26,130,209,136,8924,35486,52172,66990,1,7,5,6,14,4
358200,14053219459,3,3,0,1,0,3,7,7,1,5,4,2,59,60,6,5,33,264,26,130,209,136,8927,35495,52190,67006,1,7,5,6,14,4
358300,14057171749,3,3,0,1,0,3,7,7,1,5,4,2,59,60,6,5,33,264,26,130,209,136,8929,35503,52207,67032,1,7,5,6,14,4
358400,14061124262,3,3,0,1,0,3,7,7,1,5,4,2,59,60,6,5,33,264,26,130,209,136,8932,35514,52227,67049,1,7,5,6,14,4
358500,14065077663,3,3,0,1,0,3,7,7,1,5,4,2,59,60,6,5,33,264,26,130,209,136,8933,35533,52246,67063,1,7,5,6,14,4
358600,14069034104,3,3,0,1,0,3,7,7,1,5,4,2,59,60,6,5,33,264,26,131,209,136,8934,35542,52256,67083,1,7,5,6,14,4
358700,14072999866,3,3,0,1,0,3,7,7,1,5,4,2,59,60,6,5,33,264,26,131,209,136,8939,35553,52268,67096,1,7,5,6,14,4
358800,14076965446,3,3,0,1,0,3,7,7,1,5,4,2,59,60,6,5,33,264,26,131,209,136,8940,35559,52288,67110,1,7,5,6,14,4
358900,14080930831,3,3,0,1,0,3,7,7,1,5,4,2,59,60,6,5,33,264,26,131,209,136,8942,35572,52309,67129,1,7,5,6,14,4
359000,14084898272,3,3,0,1,0,3,7,7,1,5,4,2,59,60,6,5,33,264,26,131,209,136,8942,35578,52325,67144,1,7,5,6,14,4
359100,14088858721,3,3,0,1,0,3,7,7,1,5,4,2,59,60,6,5,33,264,26,131,209,136,8942,35582,52340,67169,1,7,5,6,14,4
359200,14092821361,3,3,0,1,0,3,7,7,1,5,4,2,59,60,6,5,33,264,26,131,209,136,8947,35585,52358,67183,1,7,5,6,14,4
359300,14096779487,3,3,0,1,0,3,7,7,1,5,4,2,59,60,6,5,33,264,26,131,209,136,8948,35597,52375,67201,1,7,5,6,14,4
359400,14100727247,3,3,0,1,0,3,7,7,1,5,4,2,59,60,6,5,33,265,26,131,209,136,8950,35612,52392,67215,1,7,5,6,14,4
359500,14104677075,3,3,0,1,0,3,7,7,1,5,4,2,59,60,6,5,33,265,27,131,209,136,8953,35618,52403,67231,1,7,5,6,14,4
359600,14108626071,3,3,0,1,0,3,7,7,1,5,4,2,59,60,6,5,33,265,27,132,209,136,8955,35631,52412,67251,1,7,5,6,14,4
359700,14112584525,3,3,0,1,0,3,7,7,1,5,4,2,59,60,6,5,33,265,27,132,209,137,8956,35641,52418,67266,1,7,5,6,14,4
359800,14116560154,3,3,0,1,0,3,7,7,1,5,4,2,59,60,6,5,33,265,27,132,209,137,8960,35649,52429,67286,1,7,5,6,14,4
359900,14120539529,3,3,0,1,0,3,7,7,1,5,4,2,59,60,6,5,33,265,27,132,209,137,8966,35660,52444,67302,1,7,5,6,14,4
360000,14124505570,3,3,0,1,0,3,7,7,1,5,4,2,59,60,6,5,33,265,27,132,209,137,8969,35665,52462,67329,1,7,5,6,14,4
360100,14128464211,3,3,0,1,0,3,7,7,1,5,4,2,59,60,6,5,33,265,27,132,209,137,8973,35676,52476,67358,1,7,5,6,14,4
360200,14132418098,3,3,0,1,0,3,7,7,1,5,4,2,59,60,6,5,33,265,27,132,209,137,8975,35689,52492,67381,1,7,5,6,14,4
360300,14136370192,3,3,0,1,0,3,7,7,1,5,4,2,59,60,6,5,33,265,27,132,209,137,8979,35697,52505,67394,1,7,5,6,14,4
360400,14140317061,3,3,0,1,0,3,7,7,1,5,4,2,59,60,6,5,33,265,27,132,209,137,8982,35711,52522,67410,1,7,5,6,14,4
360500,14144265923,3,3,0,1,0,3,7,7,1,5,4,2,59,60,6,5,33,265,27,133,209,137,8986,35720,52533,67426,1,7,5,6,14,4
360600,14148219027,3,3,0,1,0,3,7,7,1,5,4,2,59,60,6,5,33,265,27,133,209,137,8987,35736,52545,67443,1,7,5,6,14,4
360700,14152183730,3,3,0,1,0,3,7,7,1,5,4,2,59,60,6,5,33,265,27,133,209,137,8988,35746,52560,67462,1,7,5,6,14,4
360800,14156157594,3,3,0,1,0,3,7,7,1,5,4,2,59,60,6,5,33,265,27,133,209,137,8988,35754,52569,67485,1,7,5,6,14,4
360900,14160131435,3,3,0,1,0,3,7,7,1,5,4,2,59,60,6,5,33,265,27,133,209,137,8991,35762,52590,67502,1,7,5,6,14,4
361000,14164091579,3,3,0,1,0,3,7,7,1,5,4,2,59,60,6,5,33,265,27,133,209,137,8993,35770,52605,67524,1,7,5,6,14,4
361100,14168055281,3,3,0,1,0,3,7,7,1,5,4,2,59,60,6,5,33,265,27,133,209,138,8994,35783,52620,67533,1,7,5,6,14,4
361200,14172023026,3,3,0,1,0,3,7,7,1,5,4,2,59,60,6,5,33,265,27,133,209,139,8997,35796,52635,67550,1,7,5,6,14,4
361300,14175975505,3,3,0,1,0,3,7,7,1,5,4,2,59,60,6,5,33,265,27,133,209,139,9004,35803,52652,67576,1,7,5,6,14,4
361400,14179931708,3,3,0,1,0,3,7,7,1,5,4,2,59,60,6,5,33,265,27,133,209,139,9007,35815,52671,67590,1,7,5,6,14,4
361500,14183891370,3,3,0,1,0,3,7,7,1,5,4,2,59,60,6,5,33,265,27,133,209,139,9009,35824,52683,67605,1,7,5,6,14,4
361600,14187862866,3,3,0,1,0,3,7,7,1,5,4,2,59,60,6,5,33,265,27,133,209,139,9009,35835,52697,67619,1,7,5,6,14,4
361700,14191835783,3,3,0,1,0,3,7,7,1,5,4,2,59,60,6,5,33,265,27,133,209,139,9012,35841,52711,67639,1,7,5,6,14,4
361800,14195817586,3,3,0,1,0,3,7,7,1,5,4,2,59,60,6,5,33,265,27,133,209,139,9016,35850,52727,67656,1,7,5,6,14,4
361900,14199808978,3,3,0,1,0,3,7,7,1,5,4,2,59,60,6,5,33,265,27,133,209,139,9021,35860,52738,67672,1,7,5,6,14,4
362000,14203797731,3,3,0,1,0,3,7,7,1,5,4,2,59,60,6,5,34,265,27,133,209,139,9026,35866,52760,67697,1,7,5,6,14,4
362100,14207782566,3,3,0,1,0,3,7,7,1,5,4,2,59,60,6,5,34,265,27,133,209,140,9027,35882,52769,67725,1,7,5,6,14,4
362200,14211760817,3,3,0,1,0,3,7,7,1,5,4,2,59,60,6,5,34,265,27,133,209,140,9028,35899,52792,67748,1,7,5,6,14,4
362300,14215733613,3,3,0,1,0,3,7,7,1,5,4,2,59,60,6,5,34,265,27,133,209,140,9033,35910,52806,67761,1,7,5,6,14,4
362400,14219697111,3,3,0,1,0,3,7,8,1,5,4,2,59,60,6,5,34,265,27,133,209,140,9035,35924,52819,67784,1,7,5,6,14,4
362500,14223656921,3,3,0,1,0,3,7,8,1,5,4,2,59,60,6,5,34,265,27,134,209,140,9036,35931,52834,67805,1,7,5,6,14,4
362600,14227616869,3,3,0,1,0,3,7,8,1,5,4,2,59,60,6,5,34,265,27,134,209,140,9036,35938,52843,67825,1,7,5,6,14,4
362700,14231578280,3,3,0,1,0,3,7,8,1,5,4,2,59,60,6,5,34,265,27,134,209,140,9041,35948,52860,67845,1,7,5,6,14,4
362800,14235539090,3,3,0,1,0,3,7,8,1,5,4,2,59,60,6,5,34,265,27,134,209,140,9041,35958,52876,67870,1,7,5,6,14,4
362900,14239494732,3,3,0,1,0,3,7,8,1,5,4,2,59,60,6,5,34,266,27,134,209,140,9043,35971,52889,67889,1,7,5,6,14,4
363000,14243441423,3,3,0,1,0,3,7,8,1,5,4,2,59,60,6,5,34,266,27,134,210,140,9047,35988,52903,67909,1,7,5,6,14,4
363100,14247380813,3,3,0,1,0,3,7,8,1,5,4,2,59,60,6,5,34,266,27,134,210,140,9051,36003,52918,67928,1,7,5,6,14,4
363200,14251319365,3,3,0,1,0,3,7,8,1,5,4,2,59,60,6,5,34,267,27,134,210,140,9052,36017,52939,67942,1,7,5,6,14,4
363300,14255248187,3,3,0,1,0,3,7,8,1,5,4,2,59,60,6,5,34,267,27,134,210,140,9057,36025,52956,67960,1,7,5,6,14,4
363400,14259176802,3,3,0,1,0,3,7,8,1,5,4,2,59,60,6,5,34,267,27,134,210,140,9059,36034,52975,67974,1,7,5,6,14,4
363500,14263097304,3,3,0,1,0,3,7,8,1,5,4,2,59,60,6,5,34,267,27,134,210,140,9062,36043,52994,67995,1,7,5,6,14,4
363600,14267025063,3,3,0,1,0,3,7,8,1,5,4,2,59,60,6,5,34,267,27,134,210,140,9065,36050,53006,68014,1,7,5,6,14,4
363700,14270957030,3,3,0,1,0,3,7,8,1,5,4,2,59,60,6,5,34,267,27,135,210,140,9069,36057,53019,68031,1,7,5,6,14,4
363800,14274893949,3,3,0,1,0,3,7,8,1,5,4,2,59,60,6,5,34,267,27,135,210,140,9072,36066,53030,68050,1,7,5,6,14,4
363900,14278828424,3,3,0,1,0,3,7,8,1,5,4,2,59,60,6,5,34,267,27,135,210,140,9074,36077,53045,68073,1,7,5,6,14,4
364000,14282769352,3,3,0,1,0,3,7,8,1,5,4,2,59,60,6,5,34,267,27,136,210,140,9077,36089,53057,68091,1,7,5,6,14,4
364100,14286712361,3,3,0,1,0,3,7,8,1,5,4,2,59,60,6,5,34,267,27,136,210,140,9077,36098,53075,68104,1,7,5,6,14,4
364200,14290657344,3,3,0,1,0,3,7,8,1,5,4,2,59,60,6,5,34,267,27,136,210,140,9079,36105,53086,68129,1,7,5,6,14,4
364300,14294602249,3,3,0,1,0,3,7,8,1,5,4,2,59,60,6,5,34,267,27,136,211,140,9082,36116,53093,68149,1,7,5,6,14,4
364400,14298553901,3,3,0,1,0,3,7,8,1,5,4,2,59,60,6,5,34,267,27,136,211,140,9085,36128,53106,68176,1,7,5,6,14,4
364500,14302494095,3,3,0,1,0,3,7,8,1,5,4,2,59,60,6,5,34,267,27,136,211,140,9088,36140,53115,68200,1,7,5,6,14,4
364600,14306439070,3,3,0,1,0,3,7,8,1,5,4,2,59,60,6,5,34,267,27,136,211,140,9089,36147,53130,68211,1,7,5,6,14,4
364700,14310401491,3,3,0,1,0,3,7,8,1,5,4,2,59,60,6,5,34,267,27,136,211,140,9091,36157,53145,68231,1,7,5,6,14,4
364800,14314365728,3,3,0,1,0,3,7,8,1,5,4,2,59,60,6,5,34,268,27,136,211,140,9095,36172,53156,68251,1,7,5,6,14,4
364900,14318330977,3,3,0,1,0,3,7,8,1,5,4,2,59,60,6,5,34,268,27,136,211,140,9099,36181,53174,68275,1,7,5,6,14,4
365000,14322280876,3,3,0,1,0,3,7,8,1,5,4,2,59,60,6,5,34,268,27,136,211,140,9100,36190,53193,68291,1,7,5,6,14,4
365100,14326230347,3,3,0,1,0,3,7,8,1,5,4,2,59,60,6,5,34,268,27,136,211,140,9102,36199,53214,68316,1,7,5,6,14,4
365200,14330173622,3,3,0,1,0,3,7,8,1,5,4,2,59,60,6,5,34,268,27,136,211,140,9105,36211,53236,68328,1,7,5,6,14,4
365300,14334112894,3,3,0,1,0,3,7,8,1,5,4,2,59,60,6,5,34,268,27,136,211,140,9108,36218,53250,68344,1,7,5,6,14,4
365400,14338055778,3,3,0,1,0,3,7,8,1,5,4,2,59,60,6,5,34,268,27,136,211,140,9110,36235,53263,68357,1,7,5,6,14,4
365500,14341997035,3,3,0,1,0,3,7,8,1,5,4,2,59,60,6,5,34,268,27,136,212,140,9112,36243,53276,68375,1,7,5,6,14,4
365600,14345933572,3,3,0,1,0,3,7,8,1,5,4,2,59,60,6,5,34,268,27,136,212,140,9114,36254,53292,68390,1,7,5,6,14,4
365700,14349869880,3,3,0,1,0,3,7,8,1,5,4,2,59,60,6,5,34,268,27,136,212,140,9116,36269,53307,68410,1,7,5,6,14,4
365800,14353809900,3,3,0,1,0,3,7,8,1,5,4,2,59,60,6,5,34,268,27,136,212,140,9120,36275,53320,68430,1,7,5,6,14,4
365900,14357754048,3,3,0,1,0,3,7,8,1,5,4,2,59,60,6,5,34,268,27,136,212,140,9120,36284,53340,68446,1,7,5,6,14,4
366000,14361693321,3,3,0,1,0,3,7,8,1,5,4,2,59,60,6,5,34,269,27,136,212,141,9120,36297,53349,68468,1,7,5,6,14,4
366100,14365626039,3,3,0,1,0,3,7,8,1,5,4,2,59,60,6,5,34,269,27,136,212,141,9122,36306,53363,68488,1,7,5,6,14,4
366200,14369568972,3,3,0,1,0,3,7,8,1,5,4,2,59,60,6,5,34,269,27,136,212,141,9127,36315,53374,68506,1,7,5,6,14,4
366300,14373514709,3,3,0,1,0,3,7,8,1,5,4,2,59,60,6,5,34,270,27,136,212,141,9131,36321,53398,68520,1,7,5,6,14,4
366400,14377455706,3,3,0,1,0,3,7,8,1,5,4,2,59,60,6,5,34,271,27,136,212,141,9133,36329,53416,68541,1,7,5,6,14,4
366500,14381396548,3,3,0,1,0,3,7,8,1,5,4,2,59,60,6,5,34,271,27,136,212,141,9135,36343,53426,68560,1,7,5,6,14,4
366600,14385340561,3,3,0,1,0,3,7,8,1,5,4,2,59,60,6,5,34,271,27,136,212,141,9140,36359,53446,68578,1,7,5,6,14,4
366700,14389291164,3,3,0,1,0,3,7,8,1,5,4,2,59,60,6,5,34,271,27,136,212,141,9144,36368,53460,68590,1,7,5,6,14,4
366800,14393251898,3,3,0,1,0,3,7,8,1,5,4,2,59,60,6,5,34,271,27,136,212,141,9146,36383,53464,68608,1,7,5,6,14,4
366900,14397214396,3,3,0,1,0,3,7,8,1,5,4,2,59,60,6,5,34,271,27,137,212,141,9152,36397,53484,68624,1,7,5,6,14,4
367000,14401178026,3,3,0,1,0,3,7,8,1,5,4,2,59,60,6,5,34,271,27,137,213,141,9153,36413,53499,68640,1,7,5,6,14,4
367100,14405145348,3,3,0,1,0,3,7,8,1,5,4,2,59,60,6,5,34,271,27,138,213,141,9157,36426,53517,68660,1,7,5,6,14,4
367200,14409114936,3,3,0,1,0,3,7,8,1,5,4,2,59,60,6,5,34,271,27,138,213,141,9162,36437,53533,68677,1,7,5,6,15,4
367300,14413087574,3,3,0,1,0,3,7,8,1,5,4,2,59,60,6,5,34,271,27,138,213,142,9164,36446,53542,68687,1,7,5,6,15,4
367400,14417051070,3,3,0,1,0,3,7,8,1,5,4,2,59,60,6,5,34,271,27,138,213,142,9169,36455,53563,68700,1,7,5,6,15,4
367500,14421006030,3,3,0,1,0,3,7,8,1,5,4,2,59,60,6,5,34,271,27,138,214,142,9172,36467,53576,68724,1,7,5,6,15,4
367600,14424966006,3,3,0,1,0,3,7,8,1,5,4,2,59,60,6,5,34,271,27,138,214,142,9174,36477,53586,68742,1,7,5,6,15,4
367700,14428926572,3,3,0,1,0,3,7,8,1,5,4,2,59,60,6,5,34,271,27,138,214,143,9179,36485,53606,68761,1,7,5,6,15,4
367800,14432876749,3,3,0,1,0,3,7,8,1,5,4,2,59,60,6,5,34,271,27,138,214,143,9181,36503,53623,68773,1,7,5,6,15,4
367900,14436818423,3,3,0,1,0,3,7,8,1,5,4,2,59,60,6,5,34,271,27,138,214,143,9182,36509,53637,68790,1,7,5,6,15,4
368000,14440766814,3,3,0,1,0,3,7,8,1,5,4,2,59,60,6,5,34,271,27,138,214,143,9186,36523,53650,68809,1,7,5,6,15,4
368100,14444731837,3,3,0,1,0,3,7,8,1,5,4,2,59,60,6,5,34,272,27,138,214,143,9190,36530,53657,68819,1,7,5,6,15,4
368200,14448707855,3,3,0,1,0,3,7,8,1,5,4,2,59,60,6,5,34,272,27,138,214,143,9191,36542,53672,68836,1,7,5,6,15,4
368300,14452686655,3,3,0,1,0,3,7,8,1,5,4,2,59,60,6,5,34,272,27,138,214,143,9194,36549,53684,68847,1,7,5,6,15,4
368400,14456663238,3,3,0,1,0,3,7,8,1,5,4,2,59,60,6,5,34,272,27,138,214,143,9198,36560,53697,68864,1,7,5,6,15,4
368500,14460645772,3,3,0,1,0,3,7,8,1,5,4,2,59,60,6,5,34,272,27,138,214,143,9198,36575,53716,68875,1,7,5,6,15,4
368600,14464614108,3,3,0,1,0,3,7,8,1,5,4,2,59,60,6,5,34,272,27,138,214,143,9201,36590,53732,68896,1,7,5,6,15,4
368700,14468582303,3,3,0,1,0,3,7,8,1,5,4,2,59,60,6,5,34,272,27,138,214,143,9202,36596,53742,68912,1,7,5,6,15,4
368800,14472548842,3,3,0,1,0,3,7,8,1,5,4,2,59,60,6,5,34,272,27,138,214,143,9204,36612,53758,68934,1,7,5,6,15,4
368900,14476505233,3,3,0,1,0,3,7,8,1,5,4,2,59,60,6,5,34,273,27,138,214,143,9206,36622,53772,68949,1,7,5,6,15,4
369000,14480456558,3,3,0,1,0,3,7,8,1,5,4,2,59,60,6,5,34,273,27,138,214,143,9209,36633,53787,68979,1,7,5,6,15,4
369100,14484400769,3,3,0,1,0,3,7,8,1,5,4,2,59,60,6,5,34,273,27,138,214,143,9213,36642,53802,68998,1,7,5,6,15,4
369200,14488352824,3,3,0,1,0,3,7,8,1,5,4,2,59,60,6,5,34,273,27,138,214,143,9214,36658,53817,69015,1,7,5,6,15,4
369300,14492292284,3,3,0,1,0,3,7,8,1,5,4,2,59,60,6,5,34,273,27,138,214,143,9216,36666,53830,69034,1,7,5,6,15,4
369400,14496222049,3,3,0,1,0,3,7,8,1,5,4,2,59,60,6,5,34,273,27,138,214,143,9218,36684,53850,69050,1,7,5,6,15,4
369500,14500153444,3,3,0,1,0,3,7,8,1,5,4,2,59,61,6,5,34,273,27,138,214,143,9220,36696,53862,69070,1,7,5,6,15,4
369600,14504090627,3,3,0,1,0,3,7,8,1,5,4,2,59,61,6,5,34,273,27,138,214,143,9227,36701,53876,69081,1,7,5,6,15,4
369700,14508026382,3,3,0,1,0,3,7,8,1,5,4,2,59,61,6,5,34,273,27,138,214,144,9229,36712,53891,69100,1,7,5,6,15,4
369800,14511967117,3,3,0,1,0,3,7,8,1,5,4,2,59,61,6,5,34,274,27,138,214,144,9231,36728,53907,69117,1,7,5,6,15,4
369900,14515907215,3,3,0,1,0,3,7,8,1,5,4,2,59,61,6,5,34,274,27,138,214,145,9233,36735,53914,69130,1,7,5,6,15,4
370000,14519848737,3,3,0,1,0,3,7,8,1,5,4,2,59,61,6,5,34,274,27,138,214,145,9236,36741,53936,69148,1,7,5,6,15,4
370100,14523794098,3,3,0,1,0,3,7,8,1,5,4,2,59,61,6,5,34,274,27,138,214,145,9237,36748,53947,69166,1,7,5,6,16,4
370200,14527741104,3,3,0,1,0,3,7,8,1,5,4,2,59,61,6,5,34,274,27,138,214,145,9238,36762,53962,69188,1,7,5,6,16,4
370300,14531689402,3,3,0,1,0,3,7,8,1,5,4,2,59,61,6,5,34,274,27,138,214,145,9240,36770,53976,69207,1,7,5,6,16,4
370400,14535642217,3,3,0,1,0,3,7,8,1,5,4,2,59,61,6,5,34,274,27,138,214,145,9244,36779,54000,69224,1,7,5,6,16,4
370500,14539593877,3,3,0,1,0,3,7,8,1,5,4,2,59,61,6,5,34,274,27,138,214,145,9249,36794,54011,69246,1,7,5,6,16,4
370600,14543534556,3,3,0,1,0,3,7,8,1,5,4,2,59,61,6,5,34,274,27,138,214,145,9251,36805,54031,69261,1,7,5,6,16,4
370700,14547478117,3,3,0,1,0,3,7,8,1,5,4,2,59,61,6,5,34,274,27,138,214,146,9252,36815,54042,69274,1,7,5,6,16,4
370800,14551412654,3,3,0,1,0,3,7,8,1,5,4,2,59,61,6,5,34,274,27,138,214,146,9255,36823,54057,69293,1,7,5,6,16,4
370900,14555359234,3,3,0,1,0,3,7,8,1,5,4,2,59,61,6,5,34,274,27,138,214,146,9258,36825,54063,69308,1,7,5,6,16,4
371000,14559312685,3,3,0,1,0,3,7,8,1,5,4,2,59,61,6,5,34,274,27,138,214,146,9259,36832,54076,69333,1,7,5,6,16,4
371100,14563262935,3,3,0,1,0,3,7,8,1,5,4,2,59,61,6,5,34,274,27,138,214,146,9261,36843,54090,69358,1,7,5,6,16,4
371200,14567217750,3,3,0,1,0,3,7,8,1,5,4,2,59,61,6,5,34,274,27,138,214,146,9264,36849,54106,69372,1,7,5,6,16,4
371300,14571175486,3,3,0,1,0,3,7,8,1,5,4,2,59,61,6,5,34,274,27,138,214,146,9267,36855,54123,69390,1,7,5,6,16,4
371400,14575131744,3,3,0,1,0,3,7,8,1,5,4,2,59,61,6,5,34,274,27,138,214,146,9269,36863,54143,69411,1,7,5,6,16,4
371500,14579078902,3,3,0,1,0,3,7,8,1,5,4,2,59,61,6,5,34,274,27,138,214,146,9275,36874,54159,69429,1,7,5,6,16,4
371600,14583033042,3,3,0,1,0,3,7,8,1,5,4,2,59,61,6,5,34,274,27,138,214,146,9279,36884,54176,69451,1,7,5,6,16,4
371700,14586994855,3,3,0,1,0,3,7,8,1,5,4,2,59,62,6,5,34,274,27,138,214,146,9282,36892,54187,69468,1,7,5,6,16,4
371800,14590956017,3,3,0,1,0,3,7,8,1,5,4,2,59,62,6,5,34,274,27,138,214,146,9284,36906,54205,69491,1,7,5,6,16,4
371900,14594910023,3,3,0,1,0,3,7,8,1,5,4,2,59,62,6,5,34,276,27,138,215,146,9287,36916,54225,69509,1,7,5,6,16,4
372000,14598857463,3,3,0,1,0,3,7,8,1,5,4,2,59,62,6,5,34,276,27,138,215,146,9288,36931,54241,69525,1,7,5,6,16,4
372100,14602805539,3,3,0,1,0,3,7,8,1,5,4,2,59,62,6,5,34,276,27,138,215,146,9292,36940,54263,69552,1,7,5,6,16,4
372200,14606760541,3,3,0,1,0,3,7,8,1,5,4,2,59,62,6,5,34,276,27,138,215,146,9293,36952,54275,69577,1,7,5,6,16,4
372300,14610707948,3,3,0,1,0,3,7,8,1,5,4,2,59,62,6,5,34,276,27,138,215,146,9296,36964,54291,69592,1,7,5,6,16,4
372400,14614647342,3,3,0,1,0,3,7,8,1,5,4,2,59,62,6,5,34,277,27,138,215,146,9297,36978,54314,69602,1,7,5,6,16,4
372500,14618584663,3,3,0,1,0,3,7,8,1,5,4,2,59,62,6,5,34,277,27,138,215,146,9298,36988,54327,69623,1,7,5,6,16,4
372600,14622523028,3,3,0,1,0,3,7,8,1,5,4,2,59,62,6,5,34,277,27,138,215,146,9305,36996,54343,69638,1,7,5,6,16,4
372700,14626463748,3,3,0,1,0,3,7,8,1,5,4,2,59,62,6,5,34,277,27,138,215,146,9305,37005,54356,69655,1,7,5,6,16,4
372800,14630401307,3,3,0,1,0,3,7,8,1,5,4,2,59,62,6,5,34,277,27,138,215,146,9308,37012,54376,69685,1,7,5,6,16,4
372900,14634318669,3,3,0,1,0,3,7,8,1,5,4,2,59,62,6,5,34,277,27,138,215,146,9315,37023,54391,69706,1,7,5,6,16,4
373000,14638239206,3,3,0,1,0,3,7,8,1,5,4,2,59,62,6,5,34,277,27,138,215,146,9316,37033,54410,69732,1,7,5,6,16,4
373100,14642164961,3,3,0,1,0,3,7,8,1,5,4,2,59,62,6,5,34,277,27,138,215,146,9320,37040,54421,69756,1,7,5,6,16,4
373200,14646093988,3,3,0,1,0,3,7,8,1,5,4,2,59,62,6,5,34,277,27,138,215,146,9321,37052,54438,69772,1,7,5,6,16,4
373300,14650025940,3,3,0,1,0,3,7,8,1,5,4,2,59,62,6,5,34,277,27,138,215,146,9322,37061,54448,69788,1,7,5,6,16,4
373400,14653958238,3,3,0,1,0,3,7,8,1,5,4,2,59,62,6,5,34,277,27,138,215,146,9325,37071,54459,69804,1,7,5,6,16,4
373500,14657892416,3,3,0,1,0,3,7,8,1,5,4,2,59,62,6,5,34,277,27,138,215,146,9328,37078,54471,69819,1,7,5,6,16,4
373600,14661842246,3,3,0,1,0,3,7,8,1,5,4,2,59,62,6,5,34,278,27,138,215,146,9329,37085,54484,69836,1,7,5,6,16,4
373700,14665797920,3,3,0,1,0,3,7,8,1,5,4,2,59,62,6,5,34,278,27,138,215,146,9331,37097,54501,69848,1,7,5,6,16,4
373800,14669755873,3,3,0,1,0,3,7,8,1,5,4,2,59,62,6,5,34,278,27,138,215,146,9333,37104,54518,69875,1,7,5,6,16,4
373900,14673715625,3,3,0,1,0,3,7,8,1,5,4,2,59,62,6,5,34,278,27,138,215,146,9341,37116,54532,69899,1,7,5,6,16,4
374000,14677658419,3,3,0,1,0,3,7,8,1,5,4,2,59,62,6,5,34,278,27,138,215,146,9343,37122,54555,69915,1,7,5,6,16,4
374100,14681594124,3,3,0,1,0,3,7,8,1,5,4,2,59,62,6,5,34,278,27,138,215,146,9346,37135,54571,69927,1,7,5,6,16,4
374200,14685527383,3,3,0,1,0,3,7,8,1,5,4,2,59,62,6,5,34,278,27,138,215,146,9349,37147,54594,69943,1,7,5,6,16,4
374300,14689455850,3,3,0,1,0,3,7,8,1,5,4,2,59,62,6,5,34,278,27,138,215,146,9350,37156,54609,69962,1,7,5,6,16,4
374400,14693389554,3,3,0,1,0,3,7,8,1,5,4,2,59,62,6,5,34,278,27,138,215,146,9354,37169,54622,69981,1,7,5,6,16,4
374500,14697330391,3,3,0,1,0,3,7,8,1,5,4,2,59,62,6,5,34,278,27,138,215,146,9355,37173,54640,69999,1,7,5,6,16,4
374600,14701274051,3,3,0,1,0,3,7,8,1,5,4,2,59,62,6,5,34,278,27,138,215,146,9359,37181,54649,70019,1,7,5,6,16,4
374700,14705217162,3,3,0,1,0,3,7,8,1,5,4,2,59,62,6,5,34,278,27,138,215,146,9360,37190,54664,70032,1,7,5,6,16,4
374800,14709157598,3,3,0,1,0,3,7,8,1,5,4,2,59,62,6,5,34,278,27,138,216,146,9363,37204,54676,70056,1,7,5,6,16,4
374900,14713101485,3,3,0,1,0,3,7,8,1,5,4,2,59,62,6,5,34,278,27,138,216,146,9364,37214,54682,70067,1,7,5,6,16,4
375000,14717039840,3,3,0,1,0,3,7,8,1,5,4,2,59,62,6,5,34,278,27,138,216,146,9367,37223,54699,70100,1,7,5,6,16,4
375100,14720965728,3,3,0,1,0,3,7,8,1,5,4,2,59,62,6,5,34,278,27,138,216,146,9376,37229,54711,70119,1,7,5,6,16,4
375200,14724895424,3,3,0,1,0,3,7,8,1,5,4,2,59,62,6,5,34,278,27,138,216,146,9378,37238,54724,70145,1,7,5,6,16,4
375300,14728823642,3,3,0,1,0,3,7,8,1,5,4,2,59,62,6,5,34,278,27,138,216,146,9383,37248,54733,70164,1,7,5,6,16,4
375400,14732755897,3,3,0,1,0,3,7,8,1,5,4,2,59,62,6,5,34,278,27,138,216,146,9383,37254,54744,70191,1,7,5,6,16,4
375500,14736685946,3,3,0,1,0,3,7,8,1,5,4,2,59,62,6,5,34,278,27,138,216,146,9385,37268,54757,70212,1,7,5,6,16,4
375600,14740618637,3,3,0,1,0,3,7,8,1,5,4,2,59,62,6,5,34,278,27,138,216,146,9385,37278,54773,70231,1,7,5,6,16,4
375700,14744547327,3,3,0,1,0,4,7,8,1,5,4,2,59,62,6,5,34,278,27,138,216,146,9385,37291,54782,70244,1,7,5,6,16,4
375800,14748480022,3,3,0,1,0,4,7,8,1,5,4,2,59,62,6,5,34,278,27,138,216,146,9389,37301,54800,70262,1,7,5,6,16,4
375900,14752417919,3,3,0,1,0,4,7,8,1,5,4,2,59,62,6,5,34,278,27,138,216,146,9395,37309,54808,70275,1,7,5,6,16,4
376000,14756357480,3,3,0,1,0,4,7,8,1,5,4,2,59,62,6,5,34,278,27,138,217,146,9395,37318,54823,70303,1,7,5,6,16,4
376100,14760292129,3,3,0,1,0,4,7,8,1,5,4,2,59,62,6,5,34,278,27,138,217,146,9395,37325,54839,70315,1,7,5,6,16,4
376200,14764226628,3,3,0,1,0,4,7,8,1,5,4,2,60,62,6,5,34,278,27,138,217,146,9397,37338,54857,70326,1,7,5,6,16,4
376300,14768164254,3,3,0,1,0,4,7,8,1,5,4,2,60,62,6,5,34,278,27,138,217,146,9399,37348,54871,70346,1,7,5,6,16,4
376400,14772103547,3,3,0,1,0,4,7,8,1,5,4,2,60,62,6,5,34,278,27,138,217,146,9401,37359,54889,70361,1,7,5,6,16,4
376500,14776041193,3,3,0,1,0,4,7,8,1,5,4,2,60,62,6,5,34,278,27,138,217,147,9404,37369,54901,70373,1,7,5,6,16,4
376600,14779990280,3,3,0,1,0,4,7,8,1,5,4,2,60,62,6,5,34,278,27,138,217,147,9406,37377,54918,70399,1,7,5,6,16,4
376700,14783929729,3,3,0,1,0,4,7,8,1,5,4,2,60,62,6,5,34,278,27,138,217,147,9407,37389,54931,70423,1,7,5,6,16,4
376800,14787877753,3,3,0,1,0,4,7,8,1,5,4,2,60,62,6,5,35,278,27,138,217,147,9409,37397,54946,70449,1,7,5,6,16,4
376900,14791810610,3,3,0,1,0,4,7,8,1,6,4,2,60,62,6,5,35,278,27,138,217,147,9410,37404,54965,70474,1,7,5,6,16,4
377000,14795738064,3,3,0,1,0,4,7,8,1,6,4,2,60,62,6,5,35,278,27,138,217,147,9410,37414,54980,70503,1,7,5,6,16,4
377100,14799672857,3,3,0,1,0,4,7,8,1,6,4,2,60,62,6,5,35,278,27,138,218,147,9411,37424,54988,70518,1,7,5,6,16,4
377200,14803615374,3,3,0,1,0,4,7,8,1,6,4,2,60,62,6,5,35,278,27,138,218,147,9413,37434,55003,70534,1,7,5,6,16,4
377300,14807564701,3,3,0,1,0,4,7,8,1,6,4,2,60,62,6,5,35,278,27,138,218,147,9416,37441,55017,70557,1,7,5,6,16,4
377400,14811505178,3,3,0,1,0,4,7,8,1,6,4,2,60,62,6,5,35,278,27,138,219,147,9417,37455,55026,70576,1,7,5,6,16,4
377500,14815441803,3,3,0,1,0,4,7,8,1,6,4,2,60,62,6,5,35,278,27,138,219,147,9418,37462,55040,70594,1,7,5,6,16,4
377600,14819384979,3,3,0,1,0,4,7,8,1,6,4,2,60,62,6,5,35,278,27,138,219,147,9421,37473,55049,70605,1,7,5,6,16,4
377700,14823336189,3,3,0,1,0,4,7,8,1,6,4,2,60,62,6,5,35,278,27,138,219,147,9423,37477,55066,70628,1,7,5,6,16,4
377800,14827282519,3,3,0,1,0,4,7,8,1,6,4,2,60,62,6,5,35,278,27,138,219,147,9426,37486,55078,70647,1,7,5,6,16,4
377900,14831239883,3,3,0,1,0,4,7,8,1,6,4,2,60,62,6,5,36,278,27,138,220,147,9427,37494,55089,70663,1,7,5,6,16,4
378000,14835198805,3,3,0,1,0,4,7,8,1,6,4,2,60,62,6,5,36,278,27,138,220,147,9430,37511,55106,70680,1,7,5,6,16,4
378100,14839146117,3,3,0,1,0,4,7,8,1,6,4,2,60,62,6,5,36,279,27,138,220,147,9438,37524,55121,70696,1,7,5,6,16,4
378200,14843101245,3,3,0,1,0,4,7,8,1,6,4,2,60,62,6,5,36,279,27,138,220,147,9439,37530,55133,70709,1,7,5,6,16,4
378300,14847063742,3,3,0,1,0,4,7,8,1,6,4,2,60,62,6,5,36,279,27,138,220,147,9441,37541,55151,70728,1,7,5,6,16,4
378400,14851021816,3,3,0,1,0,4,7,8,1,6,4,2,60,62,6,5,36,279,27,138,220,147,9442,37548,55164,70751,1,7,5,6,16,4
378500,14854974974,3,3,0,1,0,4,7,8,1,6,4,2,60,62,6,5,36,279,27,138,220,147,9447,37558,55178,70770,1,7,5,6,16,4
378600,14858924772,3,3,0,1,0,4,7,8,1,6,4,2,60,62,6,5,36,279,27,138,220,147,9450,37566,55195,70794,1,7,5,6,16,4
378700,14862868303,3,3,0,1,0,4,7,8,1,6,4,2,60,62,6,5,36,279,27,138,220,147,9453,37580,55206,70811,1,7,5,6,16,4
378800,14866814511,3,3,0,1,0,4,7,8,1,6,4,2,60,62,6,5,36,279,27,138,220,147,9456,37590,55221,70830,1,7,5,6,16,4
378900,14870760344,3,3,0,1,0,4,7,8,1,6,4,2,60,62,6,5,36,279,27,138,220,147,9458,37597,55234,70843,1,7,5,6,16,4
379000,14874698018,3,3,0,1,0,4,7,8,1,6,4,2,60,62,6,5,36,279,27,138,220,147,9461,37610,55243,70859,1,7,5,6,16,4
379100,14878637915,3,3,0,1,0,4,7,8,1,6,4,2,60,62,6,5,36,279,27,138,220,147,9462,37617,55256,70877,1,7,5,6,16,4
379200,14882581585,3,3,0,1,0,4,7,8,1,6,4,2,60,62,6,5,36,279,27,138,220,147,9463,37623,55271,70890,1,7,5,6,16,4
379300,14886527836,3,3,0,1,0,4,7,8,1,6,4,2,60,62,6,5,36,279,27,138,220,147,9463,37636,55289,70906,1,7,5,6,16,4
379400,14890471137,3,3,0,1,0,4,7,8,1,6,4,2,60,62,6,5,36,279,27,138,220,147,9465,37645,55306,70924,1,7,5,6,16,4
379500,14894428456,3,3,0,1,0,4,7,8,1,6,4,2,60,62,6,5,36,279,27,139,220,147,9467,37651,55320,70944,1,7,5,6,16,4
379600,14898386159,3,3,0,1,0,4,7,8,1,6,4,2,60,62,6,5,36,279,27,139,220,147,9472,37662,55335,70961,1,7,5,6,16,4
379700,14902349164,3,3,0,1,0,4,7,8,1,6,4,2,60,62,6,5,36,279,27,139,220,147,9474,37674,55351,70984,1,7,5,6,16,4
379800,14906304778,3,3,0,1,0,4,7,8,1,6,4,2,60,62,6,5,36,279,27,139,220,147,9479,37685,55371,70998,1,7,5,6,16,4
379900,14910246248,3,3,0,1,0,4,7,8,1,6,4,2,60,62,6,5,36,279,27,139,220,147,9484,37692,55388,71016,1,7,5,6,16,4
380000,14914190131,3,3,0,1,0,4,7,8,1,6,4,2,60,62,6,5,36,279,27,141,220,147,9486,37702,55407,71032,1,7,5,6,16,4
380100,14918129354,3,3,0,1,0,4,7,8,1,6,4,2,60,62,6,5,36,279,27,141,220,147,9488,37708,55420,71053,1,7,5,6,16,4
380200,14922070475,3,3,0,1,0,4,7,8,1,6,4,2,60,62,6,5,36,279,27,141,220,147,9491,37714,55435,71080,1,7,5,6,16,4
380300,14926011793,3,3,0,1,0,4,7,8,1,6,4,2,60,62,6,5,36,279,27,141,220,148,9492,37727,55451,71096,1,7,5,6,16,4
380400,14929948122,3,3,0,1,0,4,7,8,1,6,4,2,60,62,6,5,36,279,27,141,220,148,9492,37744,55467,71116,1,7,5,6,16,4
380500,14933878537,3,3,0,1,0,4,7,8,1,6,4,2,60,62,6,5,36,279,27,141,220,148,9495,37756,55478,71128,1,7,5,6,16,4
380600,14937815002,3,3,0,1,0,4,7,8,1,6,4,2,60,62,6,5,36,279,27,141,221,148,9497,37766,55492,71146,1,7,5,6,16,4
380700,14941751656,3,3,0,1,0,4,7,8,1,6,4,2,60,62,6,5,36,279,27,141,221,148,9499,37774,55503,71158,1,7,5,6,16,4
380800,14945698510,3,3,0,1,0,4,7,8,1,6,4,2,60,62,6,5,36,279,27,141,221,148,9502,37779,55519,71170,1,7,5,6,16,4
380900,14949649393,3,3,0,1,0,4,7,8,1,6,4,2,60,62,6,5,36,279,27,141,221,148,9504,37790,55537,71191,1,7,5,6,16,4
381000,14953594984,3,3,0,1,0,4,7,8,1,6,4,2,60,62,6,5,36,279,27,142,221,148,9508,37800,55559,71211,1,7,5,6,16,4
381100,14957537760,3,3,0,1,0,4,7,8,1,6,4,2,60,62,6,5,36,279,27,142,221,148,9510,37806,55570,71235,1,7,5,6,16,4
381200,14961484830,3,3,0,1,0,4,7,8,1,6,4,2,60,62,6,5,36,279,27,142,221,148,9514,37814,55584,71256,1,7,5,6,16,4
381300,14965432989,3,3,0,1,0,4,7,8,1,6,4,2,60,62,6,5,36,279,27,142,221,148,9516,37826,55598,71276,1,7,5,6,16,4
381400,14969375924,3,3,0,1,0,4,7,8,1,6,4,2,60,62,6,5,36,279,27,142,221,148,9519,37838,55615,71295,1,7,5,6,16,4
381500,14973304176,3,3,0,1,0,4,7,8,1,6,4,2,60,62,6,5,36,280,27,142,221,148,9521,37843,55635,71314,1,7,5,6,16,4
381600,14977232070,3,3,0,1,0,4,7,8,1,6,4,2,60,62,6,5,36,280,27,142,221,148,9522,37852,55652,71334,1,7,5,6,16,4
381700,14981160221,3,3,0,1,0,4,7,8,1,6,4,2,60,62,6,5,36,282,27,142,221,148,9528,37864,55663,71348,1,7,5,6,16,4
381800,14985073296,3,3,0,1,0,4,7,8,1,6,4,2,60,62,6,5,36,282,27,142,221,148,9530,37879,55679,71365,1,7,5,6,16,4
381900,14988977969,3,3,0,1,0,4,7,8,1,6,4,2,60,62,6,5,36,282,27,143,221,148,9533,37885,55694,71381,1,7,5,6,16,4
382000,14992890950,3,3,0,1,0,4,7,8,1,6,4,2,60,62,6,5,36,282,27,143,221,148,9534,37895,55709,71397,1,7,5,6,16,4
382100,14996804997,3,3,0,1,0,4,7,8,1,6,4,2,60,62,6,5,36,282,27,143,221,148,9535,37910,55727,71412,1,7,5,6,16,4
382200,15000718388,3,3,0,1,0,4,7,8,1,6,4,2,60,62,6,5,36,282,27,144,221,148,9538,37921,55745,71431,1,7,5,6,16,4
382300,15004631024,3,3,0,1,0,4,7,8,1,6,4,2,60,62,6,5,36,282,27,144,221,148,9542,37930,55759,71450,1,7,5,6,16,4
382400,15008550275,3,3,0,1,0,4,7,8,1,6,4,2,60,62,6,5,36,282,27,145,221,148,9545,37938,55766,71471,1,7,5,6,16,4
382500,15012473526,3,3,0,1,0,4,7,8,1,6,4,2,60,62,6,5,36,282,27,145,221,148,9546,37951,55781,71489,1,7,5,6,16,4
382600,15016392413,3,3,0,1,0,4,7,8,1,6,4,2,60,62,6,5,36,282,27,145,221,148,9550,37964,55792,71514,1,7,5,6,16,4
382700,15020309513,3,3,0,1,0,4,7,8,1,6,4,2,60,62,6,5,36,282,27,145,221,148,9553,37972,55810,71534,1,7,5,6,16,4
382800,15024232819,3,3,0,1,0,4,7,8,1,6,4,2,60,62,6,5,36,282,27,145,222,148,9554,37977,55820,71550,1,7,5,6,16,4
382900,15028165831,3,3,0,1,0,4,7,8,1,6,4,2,60,62,6,5,36,283,27,145,222,148,9556,37982,55832,71567,1,7,5,6,16,4
383000,15032103716,3,3,0,1,0,4,7,8,1,6,4,2,60,62,6,5,36,283,27,145,222,148,9557,37994,55845,71579,1,7,5,6,16,4
383100,15036048034,3,3,0,1,0,4,7,8,1,6,4,2,60,62,6,5,36,283,27,145,222,148,9558,38002,55863,71600,1,7,5,6,16,4
383200,15039995851,3,3,0,1,0,4,7,8,1,6,4,2,60,62,6,5,36,283,27,145,222,148,9560,38010,55881,71637,1,7,5,6,16,4
383300,15043938778,3,3,0,1,0,4,7,8,1,6,4,2,60,62,6,5,36,283,27,145,222,148,9564,38017,55898,71656,1,7,5,6,16,4
383400,15047883875,3,3,0,1,0,4,7,8,1,6,4,2,60,62,6,5,36,283,27,145,222,148,9564,38025,55912,71677,1,7,5,6,16,4
383500,15051830411,3,3,0,1,0,4,7,8,1,6,4,2,60,62,6,5,36,283,27,145,222,148,9564,38033,55925,71697,1,7,5,6,16,4
383600,15055783404,3,3,0,1,0,4,7,8,1,6,4,2,60,62,6,5,36,283,27,145,222,148,9565,38046,55936,71716,1,7,5,6,16,4
383700,15059720940,3,3,0,1,0,4,7,8,1,6,4,2,60,62,6,5,36,284,27,145,222,148,9571,38054,55949,71734,1,7,5,6,16,4
383800,15063662401,3,3,0,1,0,4,7,8,1,6,4,2,60,62,6,5,36,284,27,145,222,148,9572,38061,55962,71745,1,7,5,6,16,4
383900,15067606019,3,3,0,1,0,4,7,8,1,6,4,2,60,62,6,5,36,284,27,145,222,148,9573,38071,55975,71766,1,7,5,6,16,4
384000,15071537792,3,3,0,1,0,4,7,8,1,6,4,2,60,62,6,5,36,284,27,145,222,148,9576,38082,55992,71785,1,7,5,6,16,4
384100,15075464271,3,3,0,1,0,4,7,8,1,6,4,2,60,62,6,5,36,284,27,146,222,148,9580,38094,56006,71801,1,7,5,6,16,4
384200,15079396312,3,3,0,1,0,4,7,8,1,6,4,2,60,62,6,5,36,284,27,146,222,148,9581,38106,56016,71819,1,7,5,6,16,4
384300,15083338707,3,3,0,1,0,4,7,8,1,6,4,2,60,62,6,5,36,284,27,146,222,148,9584,38111,56030,71838,1,7,5,6,16,4
384400,15087283703,3,3,0,1,0,4,7,8,1,6,4,2,61,62,6,5,36,285,27,146,222,148,9585,38123,56048,71861,1,7,5,6,16,4
384500,15091225367,3,3,0,1,0,4,7,8,1,6,4,2,61,62,6,5,36,285,27,146,222,148,9589,38132,56063,71877,1,7,5,6,16,4
384600,15095161381,3,3,0,1,0,4,7,8,1,6,4,2,61,62,6,5,36,285,27,146,222,148,9589,38143,56074,71901,1,7,5,6,16,4
384700,15099095692,3,3,0,1,0,4,7,8,1,6,4,2,61,62,6,5,36,285,27,146,222,148,9591,38155,56093,71929,1,7,5,6,16,4
384800,15103034105,3,3,0,1,0,4,7,8,1,6,4,2,61,62,6,5,36,285,27,146,222,148,9595,38161,56105,71938,1,7,5,6,16,4
384900,15106975329,3,3,0,1,0,4,7,8,1,6,4,2,61,62,6,5,36,285,27,146,222,148,9597,38169,56122,71959,1,7,5,6,16,4
385000,15110895229,3,3,0,1,0,4,7,8,1,6,4,2,61,62,6,5,36,285,27,146,222,148,9601,38183,56137,71977,1,7,5,6,16,4
385100,15114807588,3,3,0,1,0,4,7,8,1,6,4,2,61,62,6,5,36,285,27,146,222,148,9604,38193,56153,71995,1,7,5,6,16,4
385200,15118724339,3,3,0,1,0,4,7,8,1,6,4,2,61,62,6,5,36,285,27,146,222,148,9607,38202,56167,72016,1,7,5,6,16,4
385300,15122638270,3,3,0,1,0,4,7,8,1,6,4,2,61,62,6,5,36,285,27,146,222,148,9610,38214,56184,72028,1,7,5,6,16,4
385400,15126549728,3,3,0,1,0,4,7,8,1,6,4,2,61,62,6,5,36,285,27,146,222,148,9613,38224,56197,72054,1,7,5,6,16,4
385500,15130482810,3,3,0,1,0,4,7,8,1,6,4,2,61,62,6,5,36,285,27,146,222,148,9617,38230,56212,72071,1,7,5,6,16,4
385600,15134414615,3,3,0,1,0,4,7,8,1,6,4,2,61,62,6,5,36,285,27,146,222,148,9620,38237,56230,72091,1,7,5,6,16,4
385700,15138341764,3,3,0,1,0,4,7,8,1,6,4,2,61,62,6,5,36,285,27,146,222,148,9622,38251,56240,72111,1,7,5,6,16,4
385800,15142261300,3,3,0,1,0,4,7,8,1,6,4,2,61,62,6,5,36,285,27,146,222,148,9624,38260,56258,72123,1,7,5,6,16,4
385900,15146191482,3,3,0,1,0,4,7,8,1,6,4,2,61,62,6,5,36,285,27,146,222,148,9626,38265,56271,72141,1,7,5,6,16,4
386000,15150123127,3,3,0,1,0,4,7,8,1,6,4,2,61,62,6,5,36,285,27,146,222,148,9629,38274,56281,72169,1,7,5,6,16,4
386100,15154062492,3,3,0,1,0,4,7,8,1,6,4,2,61,62,6,5,36,285,27,146,222,148,9629,38281,56292,72189,1,7,5,6,16,4
386200,15158008088,3,3,0,1,0,4,7,8,1,6,4,2,61,62,6,5,36,285,28,146,222,148,9631,38291,56308,72205,1,7,5,6,16,4
386300,15161952775,3,3,0,1,0,4,7,8,1,6,4,2,61,62,6,5,36,285,28,146,222,148,9632,38298,56317,72216,1,7,5,6,16,4
386400,15165899400,3,3,0,1,0,4,7,8,1,6,4,2,61,62,6,5,36,286,28,146,223,149,9637,38307,56332,72238,1,7,5,6,16,4
386500,15169836422,3,3,0,1,0,4,7,8,1,6,4,2,61,62,6,5,36,286,28,146,223,149,9641,38319,56351,72253,1,7,5,6,16,4
386600,15173776530,3,3,0,1,0,4,7,8,1,6,4,2,61,62,6,5,36,286,28,146,223,149,9643,38332,56370,72268,1,7,5,6,16,4
386700,15177728543,3,3,0,1,0,4,7,8,1,6,4,2,61,62,6,5,36,287,28,146,223,149,9645,38341,56380,72282,1,7,5,6,16,4
386800,15181686711,3,3,0,1,0,4,7,8,1,6,4,2,61,62,6,5,36,287,28,146,223,149,9649,38361,56395,72294,1,7,5,6,16,4
386900,15185650407,3,3,0,1,0,4,7,8,1,6,4,2,61,62,6,5,36,288,28,146,223,149,9654,38372,56403,72318,1,7,5,6,16,4
387000,15189602448,3,3,0,1,0,4,7,8,1,6,4,2,61,62,6,5,36,288,28,146,223,149,9656,38389,56417,72334,1,7,5,6,16,4
387100,15193549575,3,3,0,1,0,4,7,8,1,6,4,2,61,62,6,5,36,288,28,146,223,149,9658,38400,56436,72359,1,7,5,6,16,4
387200,15197501593,3,3,0,1,0,4,7,8,1,6,4,2,61,62,6,5,36,288,28,146,223,149,9660,38410,56453,72373,1,7,5,6,16,4
387300,15201440051,3,3,0,1,0,4,7,8,1,6,4,2,61,62,6,5,36,288,28,146,223,149,9662,38421,56467,72394,1,7,5,6,16,4
387400,15205380350,3,3,0,1,0,4,7,8,1,6,4,2,61,62,6,5,36,288,28,146,223,149,9665,38435,56479,72410,1,7,5,6,16,4
387500,15209311084,3,3,0,1,0,4,7,8,1,6,4,2,61,62,6,5,36,288,28,146,223,149,9668,38445,56487,72434,1,7,5,6,16,4
387600,15213243701,3,3,0,1,0,4,7,8,1,6,4,2,61,62,6,5,36,289,28,146,223,149,9668,38454,56503,72449,1,7,5,6,16,4
387700,15217174150,3,3,0,1,0,4,7,8,1,6,4,2,61,62,6,5,36,289,28,146,223,149,9674,38460,56518,72470,1,7,5,6,16,4
387800,15221110447,3,3,0,1,0,4,7,8,1,6,4,2,61,62,6,5,36,289,28,146,223,149,9674,38469,56530,72494,1,7,5,6,16,4
387900,15225065481,3,3,0,1,0,4,7,8,1,6,4,2,61,62,6,5,36,289,28,146,223,149,9677,38481,56543,72510,1,7,5,6,16,4
388000,15229024159,3,3,0,1,0,4,7,8,1,6,4,2,62,62,6,5,36,289,28,146,223,149,9678,38491,56552,72534,1,7,5,6,16,4
388100,15232981213,3,3,0,1,0,4,7,8,1,6,4,2,63,62,6,5,36,289,28,146,223,149,9680,38503,56571,72548,1,7,5,6,16,4
388200,15236947060,3,3,0,1,0,4,7,8,1,6,4,2,63,62,6,5,36,289,28,146,223,149,9683,38513,56584,72565,1,7,5,6,16,4
388300,15240914323,3,3,0,1,0,4,7,8,1,6,4,2,63,62,6,5,36,289,28,146,223,149,9684,38523,56596,72589,1,7,5,6,16,4
388400,15244866550,3,3,0,1,0,4,7,8,1,6,4,2,63,62,6,5,36,289,28,146,223,149,9689,38537,56607,72605,1,7,5,6,16,4
388500,15248817922,3,3,0,1,0,4,7,8,1,6,4,2,63,62,6,5,36,289,28,146,223,149,9694,38544,56616,72636,1,7,5,6,16,4
388600,15252761389,3,3,0,1,0,4,7,8,1,6,4,2,63,62,6,5,36,289,28,146,224,149,9699,38551,56633,72660,1,7,5,6,16,4
388700,15256706071,3,3,0,1,0,4,7,8,1,6,4,2,63,62,6,5,36,289,28,146,224,150,9700,38569,56655,72675,1,7,5,6,16,4
388800,15260649427,3,3,0,1,0,4,7,8,1,6,4,2,64,62,6,5,36,289,28,146,224,150,9700,38578,56668,72692,1,7,5,6,16,4
388900,15264599517,3,3,0,1,0,4,7,8,1,6,4,2,64,62,6,5,36,289,28,146,224,150,9705,38590,56680,72713,1,7,5,6,16,4
389000,15268547530,3,3,0,1,0,4,7,8,1,6,4,2,64,62,6,5,36,289,28,146,224,150,9713,38598,56698,72732,1,7,5,6,16,4
389100,15272496460,3,3,0,1,0,4,7,8,1,6,4,2,64,62,6,5,36,289,28,146,224,150,9715,38602,56715,72749,1,7,5,6,16,4
389200,15276460916,3,3,0,1,0,4,7,8,1,6,4,2,64,62,6,5,36,289,28,147,224,150,9716,38606,56729,72764,1,7,5,6,16,4
389300,15280431005,3,3,0,1,0,4,7,8,1,6,4,2,64,62,6,5,36,290,28,147,224,150,9717,38615,56743,72781,1,7,5,6,16,4
389400,15284410189,3,3,0,1,0,4,7,8,1,6,4,2,64,62,6,5,36,290,28,147,224,150,9722,38622,56753,72798,1,7,5,6,16,4
389500,15288388626,3,3,0,1,0,4,7,8,1,6,4,2,64,62,6,5,36,290,28,147,224,150,9723,38637,56770,72824,1,7,5,6,16,4
389600,15292347745,3,3,0,1,0,4,7,8,1,6,4,2,64,62,6,5,36,290,28,147,224,150,9725,38649,56779,72848,1,7,5,6,16,4
389700,15296304093,3,3,0,1,0,4,7,8,1,6,4,2,64,62,6,5,36,290,28,147,224,150,9728,38658,56799,72873,1,7,5,6,16,4
389800,15300252506,3,3,0,1,0,4,7,8,1,6,4,2,64,62,6,5,36,290,28,147,224,150,9728,38667,56820,72898,1,7,5,6,16,4
389900,15304205905,3,3,0,1,0,4,7,8,1,6,4,2,64,62,6,5,36,290,28,147,224,150,9728,38682,56832,72913,1,7,5,6,16,4
390000,15308155480,3,3,0,1,0,4,7,8,1,6,4,2,64,62,6,5,36,290,28,147,224,150,9732,38692,56851,72933,1,7,5,6,16,4
390100,15312091774,3,3,0,1,0,4,7,8,1,6,4,2,64,62,6,5,36,290,28,147,224,150,9734,38702,56868,72957,1,7,5,6,16,4
390200,15316029868,3,3,0,1,0,4,7,8,1,6,4,2,64,62,6,5,36,290,28,147,224,150,9735,38707,56881,72970,1,7,5,6,16,4
390300,15319976561,3,3,0,1,0,4,7,8,1,6,4,2,64,62,6,5,36,290,28,147,224,150,9737,38716,56898,72984,1,7,5,6,16,4
390400,15323927284,3,3,0,1,0,4,7,8,1,6,4,2,64,62,6,5,36,290,28,147,225,150,9739,38725,56913,73001,1,7,5,6,16,4
390500,15327878593,3,3,0,1,0,4,7,8,1,6,4,2,64,62,6,5,36,290,28,147,225,150,9742,38736,56928,73012,1,7,5,6,16,4
390600,15331819902,3,3,0,1,0,4,7,8,1,6,4,2,64,62,6,5,36,290,28,147,225,150,9743,38744,56951,73042,1,7,5,6,16,4
390700,15335759800,3,3,0,1,0,4,7,8,1,6,4,2,64,62,6,5,36,290,28,147,225,150,9743,38751,56962,73059,1,7,5,6,16,4
390800,15339695766,3,3,0,1,0,4,7,8,1,6,4,2,64,62,6,5,36,290,28,147,225,150,9748,38765,56982,73073,1,7,5,6,16,4
390900,15343630354,3,3,0,1,0,4,7,8,1,6,4,2,64,62,6,5,36,290,28,147,225,150,9749,38773,56997,73094,1,7,5,6,16,4
391000,15347567247,3,3,0,1,0,4,7,8,1,6,4,2,64,62,6,5,36,290,28,147,225,150,9753,38783,57010,73109,1,7,5,6,16,4
391100,15351515048,3,3,0,1,0,4,7,8,1,6,4,2,64,62,6,5,36,290,28,147,225,150,9755,38796,57019,73126,1,7,5,6,16,4
391200,15355459578,3,3,0,1,0,4,7,8,1,6,4,2,64,62,6,5,36,291,28,147,226,150,9757,38809,57034,73150,1,7,5,6,16,4
391300,15359399335,3,3,0,1,0,4,7,8,1,6,4,2,64,62,6,5,36,291,28,147,226,150,9762,38818,57054,73175,1,7,5,6,16,4
391400,15363337816,3,3,0,1,0,4,7,8,1,6,4,2,64,62,6,5,36,291,28,147,226,150,9764,38829,57068,73190,1,7,5,6,16,4
391500,15367286577,3,3,0,1,0,4,7,8,1,6,4,2,64,62,6,5,37,291,28,147,226,150,9764,38837,57082,73212,1,7,5,6,16,4
391600,15371238563,3,3,0,1,0,4,7,8,1,6,4,2,64,62,6,5,37,291,28,147,226,150,9765,38849,57101,73233,1,7,5,6,16,4
391700,15375184155,3,3,0,1,0,4,7,8,1,6,4,2,64,62,6,5,37,291,28,147,226,150,9765,38864,57117,73252,1,7,5,6,16,4
391800,15379122399,3,3,0,1,0,4,7,8,1,6,4,2,64,62,6,5,37,291,28,147,226,150,9766,38871,57133,73272,1,7,5,6,16,4
391900,15383055583,3,3,0,1,0,4,7,8,1,6,4,2,64,62,6,5,37,291,28,147,226,150,9768,38881,57149,73296,1,7,5,6,16,4
392000,15386987201,3,3,0,1,0,4,7,8,1,6,4,2,64,62,6,5,37,291,28,147,226,150,9771,38893,57157,73316,1,7,5,6,16,4
392100,15390926263,3,3,0,1,0,4,7,8,1,6,4,2,64,62,6,5,37,292,28,147,226,150,9772,38910,57166,73337,1,7,5,6,16,4
392200,15394871705,3,3,0,1,0,4,7,8,1,6,4,2,64,62,6,5,37,293,28,147,226,150,9773,38919,57180,73354,1,7,5,6,16,4
392300,15398813241,3,3,0,1,0,4,7,8,1,6,4,2,64,62,6,5,37,293,28,147,226,150,9773,38930,57198,73371,1,7,5,6,16,4
392400,15402758033,3,3,0,1,0,4,7,8,1,6,4,2,64,62,6,5,37,293,28,147,226,150,9774,38940,57215,73398,1,7,5,6,16,4
392500,15406703470,3,3,0,1,0,4,7,8,1,6,4,2,64,62,6,5,37,293,28,147,226,150,9777,38949,57226,73415,1,7,5,6,16,4
392600,15410653285,3,3,0,1,0,4,7,8,1,6,4,2,64,62,6,5,37,293,28,147,226,150,9779,38960,57246,73432,1,7,5,6,16,4
392700,15414598575,3,3,0,1,0,4,7,8,1,6,4,2,64,62,6,5,37,293,28,147,226,150,9779,38971,57253,73461,1,7,5,6,16,4
392800,15418534959,3,3,0,1,0,4,7,8,1,6,4,2,64,62,6,5,37,293,28,147,226,150,9781,38983,57267,73477,1,7,5,6,16,4
392900,15422469881,3,3,0,1,0,4,7,8,1,6,4,2,64,62,6,5,37,293,28,147,226,150,9785,38991,57280,73489,1,7,5,6,16,4
393000,15426407636,3,3,0,1,0,4,7,8,1,6,4,2,64,62,6,5,37,293,28,148,226,150,9788,39001,57293,73504,1,7,5,6,16,4
393100,15430343421,3,3,0,1,0,4,7,8,1,6,4,2,64,62,6,5,37,293,28,148,226,150,9789,39013,57316,73518,1,7,5,6,16,4
393200,15434286697,3,3,0,1,0,4,7,8,1,6,4,2,64,62,6,5,37,293,28,148,226,150,9791,39018,57326,73534,1,7,5,6,16,4
393300,15438229199,3,3,0,1,0,4,7,8,1,6,4,2,64,62,6,5,37,293,28,148,227,150,9794,39031,57344,73549,1,7,5,6,16,4
393400,15442176204,3,3,0,1,0,4,7,8,1,6,4,2,64,62,6,5,37,293,28,148,227,150,9797,39046,57358,73566,1,7,5,6,16,4
393500,15446122746,3,3,0,1,0,4,7,8,1,6,4,2,64,62,6,5,37,293,28,148,227,150,9798,39057,57373,73579,1,7,5,6,16,4
393600,15450076730,3,3,0,1,0,4,7,8,1,6,4,2,64,62,6,5,37,293,28,148,227,150,9799,39068,57388,73597,1,7,5,6,16,4
393700,15454036334,3,3,0,1,0,4,7,8,1,6,4,2,64,62,6,5,37,293,28,148,227,150,9800,39076,57403,73617,1,7,5,6,16,4
393800,15457991221,3,3,0,1,0,4,7,8,1,6,4,2,64,62,6,5,37,293,28,148,227,150,9802,39088,57417,73634,1,7,5,6,16,4
393900,15461942407,3,3,0,1,0,4,7,8,1,6,4,2,64,62,6,5,37,293,28,148,227,150,9808,39102,57428,73646,1,7,5,6,16,4
394000,15465905820,3,3,0,1,0,4,7,8,1,6,4,2,64,62,6,5,37,293,28,148,227,150,9811,39110,57440,73662,1,7,5,6,16,4
394100,15469871715,3,3,0,1,0,4,7,8,1,6,4,2,64,62,6,5,37,293,28,148,228,150,9814,39122,57455,73677,1,7,5,6,16,4
394200,15473836433,3,3,0,1,0,4,7,8,1,6,4,2,64,62,6,5,37,293,28,148,228,150,9820,39129,57464,73699,1,7,5,6,16,4
394300,15477812097,3,3,0,1,0,4,7,8,1,6,4,2,64,62,6,5,37,293,28,148,228,150,9822,39140,57472,73716,1,7,5,6,16,4
394400,15481788185,3,3,0,1,0,4,7,8,1,6,4,2,64,62,6,5,37,293,28,148,228,150,9825,39145,57485,73741,1,7,5,6,16,4
394500,15485760004,3,3,0,1,0,4,7,8,1,6,4,2,64,62,6,5,37,293,28,148,228,150,9827,39154,57500,73757,1,7,5,6,16,4
394600,15489741186,3,3,0,1,0,4,7,8,1,6,4,2,64,62,6,5,37,293,28,148,228,150,9829,39170,57513,73777,1,7,5,6,16,4
394700,15493716865,3,3,0,1,0,4,7,8,1,6,4,2,64,62,6,5,37,293,28,148,228,150,9829,39187,57526,73793,1,8,5,6,16,4
394800,15497687195,3,3,0,1,0,4,7,8,1,6,4,2,64,62,6,5,37,293,28,148,228,150,9832,39196,57542,73811,1,8,5,6,16,4
394900,15501662155,3,3,0,1,0,4,7,8,1,6,4,2,64,62,6,5,37,293,28,148,228,150,9833,39205,57558,73826,1,8,5,6,16,4
395000,15505637245,3,3,0,1,0,4,7,8,1,6,4,2,64,62,6,5,37,293,28,148,228,150,9837,39218,57573,73849,1,8,5,6,16,4
395100,15509613032,3,3,0,1,0,4,7,8,1,6,4,2,64,62,6,5,37,293,28,148,228,150,9841,39228,57583,73869,1,8,5,6,16,4
395200,15513587402,3,3,0,1,0,4,7,8,1,6,4,2,64,62,6,5,37,293,28,148,228,150,9843,39235,57600,73886,1,8,5,6,16,4
395300,15517563891,3,3,0,1,0,4,7,8,1,6,4,2,64,62,6,5,37,293,28,148,228,150,9844,39246,57611,73905,1,8,5,6,16,4
395400,15521547956,3,3,0,1,0,4,7,8,1,6,4,2,64,62,6,5,37,293,28,148,228,150,9848,39262,57630,73919,1,8,5,6,16,4
395500,15525526664,3,3,0,1,0,4,7,8,1,6,4,2,64,62,6,5,37,293,28,148,228,150,9851,39269,57641,73936,1,8,5,6,16,4
395600,15529513918,3,3,0,1,0,4,7,8,1,6,4,2,64,62,6,5,37,293,28,148,228,150,9852,39280,57654,73955,1,8,5,7,16,4
395700,15533492109,3,3,0,1,0,4,7,8,1,6,4,2,64,62,6,5,37,293,28,148,228,150,9855,39285,57672,73981,1,8,5,7,16,4
395800,15537464515,3,3,0,1,0,4,7,8,1,6,4,2,64,62,6,5,37,293,28,148,228,150,9855,39295,57678,73996,1,8,5,7,16,4
395900,15541439535,3,3,0,1,0,4,7,8,1,6,4,2,64,62,6,5,37,293,28,148,228,150,9857,39306,57700,74012,1,8,5,7,16,4
396000,15545410161,3,3,0,1,0,4,7,8,1,6,4,2,64,62,6,5,37,293,28,148,228,150,9858,39320,57710,74034,1,8,5,7,16,4
396100,15549381446,3,3,0,1,0,4,7,8,1,6,4,2,64,62,6,5,37,293,28,148,228,150,9859,39338,57728,74049,1,8,5,7,16,4
396200,15553343415,3,3,0,1,0,4,7,8,1,6,4,2,64,62,6,5,37,293,28,148,228,150,9862,39347,57743,74067,1,8,5,7,16,4
396300,15557315345,3,3,0,1,0,4,7,8,1,6,4,2,64,62,6,5,37,293,28,148,228,150,9865,39356,57751,74084,1,8,5,7,16,4
396400,15561278543,3,3,0,1,0,4,7,8,1,6,4,2,64,62,6,5,37,293,28,148,229,150,9868,39368,57767,74108,1,8,5,7,16,4
396500,15565243470,3,3,0,1,0,4,7,8,1,6,4,2,64,62,6,5,37,293,28,148,229,150,9874,39376,57778,74128,1,8,5,7,16,4
396600,15569202224,3,3,0,1,0,4,7,8,1,6,4,2,64,62,6,5,37,293,28,148,229,150,9880,39387,57793,74146,1,8,5,7,16,4
396700,15573166116,3,3,0,1,0,4,7,8,1,6,4,2,64,63,6,5,37,293,28,148,229,150,9880,39399,57809,74161,1,8,5,7,16,4
396800,15577144136,3,3,0,1,0,4,7,8,1,6,4,2,64,63,6,5,37,293,28,148,229,150,9882,39409,57824,74176,1,8,5,7,16,4
396900,15581129114,3,3,0,1,0,4,7,8,1,6,4,2,64,63,6,5,37,293,28,148,229,150,9887,39418,57842,74191,1,8,5,7,16,4
397000,15585109517,3,3,0,1,0,4,7,8,1,6,4,2,64,63,6,5,37,293,28,148,229,151,9891,39425,57860,74208,1,8,5,7,16,4
397100,15589086920,3,3,0,1,0,4,7,8,1,6,4,2,64,63,6,5,37,293,28,148,229,151,9894,39433,57876,74230,1,8,5,7,16,4
397200,15593063829,3,3,0,1,0,4,7,8,1,6,4,2,64,63,6,5,37,293,28,148,229,152,9897,39446,57895,74249,1,8,5,7,16,4
397300,15597032259,3,3,0,1,0,4,7,8,1,6,4,2,64,63,6,5,37,293,28,148,229,152,9899,39455,57912,74268,1,8,5,7,16,4
397400,15600993360,3,3,0,1,0,4,7,8,1,6,4,2,64,63,6,5,37,293,28,148,229,152,9903,39467,57931,74293,1,8,5,7,16,4
397500,15604956454,3,3,0,1,0,4,7,8,1,6,4,2,64,63,6,5,37,294,28,148,229,152,9906,39483,57939,74309,1,8,5,7,16,4
397600,15608925506,3,3,0,1,0,4,7,8,1,6,4,2,64,63,6,5,37,294,28,148,229,152,9909,39490,57952,74329,1,8,5,7,16,4
397700,15612895112,3,3,0,1,0,4,7,8,1,6,4,2,64,63,6,5,37,295,28,148,229,152,9911,39498,57966,74348,1,8,5,7,16,4
397800,15616863366,3,3,0,1,0,4,7,8,1,6,4,2,64,63,6,5,37,296,28,148,229,152,9912,39506,57977,74373,1,8,5,7,16,4
397900,15620830338,3,3,0,1,0,4,7,8,1,6,4,2,64,63,6,5,37,296,28,148,229,152,9914,39526,57990,74387,1,8,5,7,16,4
398000,15624786338,3,3,0,1,0,4,7,8,1,6,4,2,64,63,6,5,37,296,28,148,229,152,9919,39533,58007,74404,1,8,5,7,16,4
398100,15628745557,3,3,0,1,0,4,7,8,1,6,4,2,64,63,6,5,37,296,28,148,229,152,9922,39545,58017,74420,1,8,5,7,16,4
398200,15632695574,3,3,0,1,0,4,7,8,1,6,4,2,64,63,6,5,37,296,28,148,229,152,9925,39555,58028,74450,1,8,5,7,16,4
398300,15636644935,3,3,0,1,0,4,7,8,1,6,4,2,64,63,6,5,37,296,28,148,229,152,9929,39565,58044,74467,1,8,5,7,16,4
398400,15640604666,3,3,0,1,0,4,7,8,1,6,4,2,64,63,6,5,37,296,28,148,230,152,9932,39572,58057,74482,1,8,5,7,16,4
398500,15644570166,3,3,0,1,0,4,7,8,1,6,4,2,64,63,6,5,37,296,28,148,230,152,9934,39584,58069,74507,1,8,5,7,16,4
398600,15648529634,3,3,0,1,0,4,7,8,1,6,4,2,64,63,6,5,37,296,28,148,230,152,9936,39592,58085,74523,1,8,5,7,16,4
398700,15652493842,3,3,0,1,0,4,7,8,1,6,4,2,64,63,6,5,37,296,28,148,230,152,9936,39602,58105,74545,1,8,5,7,16,4
398800,15656455455,3,3,0,1,0,4,7,8,1,6,4,2,64,63,6,5,37,296,28,149,230,152,9941,39607,58121,74563,1,8,5,7,16,4
398900,15660416426,3,3,0,1,0,4,7,8,1,6,4,2,64,63,6,5,37,297,28,149,230,152,9944,39617,58132,74587,1,8,5,7,16,4
399000,15664378978,3,3,0,1,0,4,7,8,1,6,4,2,64,63,6,5,37,297,28,149,230,152,9947,39629,58147,74600,1,8,5,7,16,4
399100,15668334313,3,3,0,1,0,4,7,8,1,6,4,2,64,63,6,5,37,297,28,149,230,152,9948,39637,58162,74623,1,8,5,7,16,4
399200,15672291833,3,3,0,1,0,4,7,8,1,6,4,2,64,63,6,5,37,297,28,149,230,152,9949,39649,58174,74657,1,8,5,7,16,4
399300,15676252000,3,3,0,1,0,4,7,8,1,6,4,2,64,63,6,5,37,297,28,149,230,152,9951,39657,58188,74681,1,8,5,7,16,4
399400,15680213458,3,3,0,1,0,4,7,8,1,6,4,2,64,63,6,5,37,297,28,149,230,152,9953,39670,58198,74694,1,8,5,7,16,4
399500,15684186733,3,3,0,1,0,4,7,8,1,6,4,2,64,63,6,5,37,298,28,149,230,152,9954,39684,58210,74715,1,8,5,7,16,4
399600,15688155954,3,3,0,1,0,4,7,8,1,6,4,2,64,63,6,5,37,299,28,149,230,152,9956,39690,58224,74738,1,8,5,7,16,4
399700,15692127691,3,3,0,1,0,4,7,8,1,6,4,2,64,63,6,5,37,299,28,149,230,152,9958,39705,58234,74754,1,8,5,7,16,4
399800,15696094141,3,3,0,1,0,4,7,8,1,6,4,2,64,63,6,5,37,299,28,149,230,152,9960,39714,58246,74773,1,8,5,7,16,4
399900,15700063424,3,3,0,1,0,4,7,8,1,6,4,2,64,63,6,5,37,299,28,150,230,152,9962,39723,58263,74793,1,8,5,7,16,4
400000,15704033915,3,3,0,1,0,4,7,8,1,6,4,2,64,63,6,5,37,299,28,150,230,152,9964,39742,58280,74806,1,8,5,7,16,4
400100,15708005479,3,3,0,1,0,4,7,8,1,6,4,2,64,63,6,5,37,299,28,150,230,152,9964,39757,58292,74822,1,8,5,7,16,4
400200,15711990763,3,3,0,1,0,4,7,8,1,6,4,2,64,63,6,5,37,299,28,150,230,152,9966,39769,58304,74838,1,8,5,7,16,4
400300,15715978525,3,3,0,1,0,4,7,8,1,6,4,2,64,63,6,5,37,299,28,150,230,152,9967,39783,58320,74859,1,8,5,7,16,4
400400,15719966369,3,3,0,1,0,4,7,8,1,6,4,2,65,63,6,5,37,299,28,150,230,152,9969,39792,58338,74883,1,8,5,7,16,4
400500,15723943200,3,3,0,1,0,4,7,8,1,6,4,2,65,63,6,5,37,299,28,150,230,152,9973,39803,58360,74909,1,8,5,7,16,4
400600,15727899292,3,3,0,1,0,4,7,8,1,6,4,2,65,63,6,5,37,299,28,150,230,152,9975,39821,58374,74930,1,8,5,7,16,4
400700,15731847473,3,3,0,1,0,4,7,8,1,6,4,2,65,63,6,5,37,299,28,150,230,152,9978,39835,58386,74953,1,8,5,7,16,4
400800,15735789811,3,3,0,1,0,4,7,8,1,6,4,2,65,63,6,5,37,299,28,150,230,152,9980,39849,58398,74971,1,8,5,7,16,4
400900,15739736352,3,3,0,1,0,4,7,8,1,6,4,2,65,63,6,5,37,299,28,150,230,152,9983,39857,58413,74984,1,8,5,7,16,4
401000,15743683165,3,3,0,1,0,4,7,8,1,6,4,2,65,63,6,5,37,299,28,150,230,152,9985,39865,58430,75005,1,8,5,7,16,4
401100,15747633783,3,3,0,1,0,4,7,8,1,6,4,2,65,63,6,5,37,299,28,150,230,152,9986,39872,58448,75026,1,8,5,7,16,4
401200,15751583390,3,3,0,1,0,4,7,8,1,6,4,2,65,63,6,5,37,299,28,150,230,152,9991,39880,58458,75047,1,8,5,7,16,4
401300,15755537845,3,3,0,1,0,4,7,8,1,6,4,2,65,63,6,5,37,299,28,150,230,152,9993,39889,58475,75064,1,8,5,7,16,4
401400,15759492094,3,3,0,1,0,4,7,8,1,6,4,2,65,63,6,5,37,299,28,150,230,152,9996,39898,58484,75087,1,8,5,7,16,4
401500,15763448833,3,3,0,1,0,4,7,8,1,6,4,2,65,63,6,5,37,301,28,150,230,152,9998,39908,58500,75105,1,8,5,7,16,4
401600,15767400563,3,3,0,1,0,4,7,8,1,6,4,2,65,63,6,5,37,303,28,150,231,152,10000,39915,58517,75129,1,8,5,7,16,4
401700,15771346449,3,3,0,1,0,4,7,8,1,6,4,2,65,63,6,5,37,303,28,150,231,152,10001,39924,58531,75145,1,8,5,7,16,4
401800,15775300068,3,3,0,1,0,4,7,8,1,6,4,2,65,63,6,5,37,303,28,150,231,152,10004,39936,58543,75156,1,8,5,7,16,4
401900,15779247500,3,3,0,1,0,4,7,8,1,6,4,2,65,63,6,5,37,303,28,150,231,152,10006,39946,58562,75172,1,8,5,7,16,4
402000,15783180695,3,3,0,1,0,4,7,8,1,6,4,2,65,63,6,5,37,304,28,151,231,152,10009,39956,58584,75185,1,8,5,7,16,4
402100,15787103577,3,3,0,1,0,4,7,8,1,6,4,2,65,63,6,5,37,304,28,151,231,152,10011,39966,58602,75204,1,8,5,7,16,4
402200,15791035651,3,3,0,1,0,4,7,8,1,6,4,2,65,63,6,5,37,304,28,151,231,152,10014,39980,58611,75219,1,8,5,7,16,4
402300,15794976603,3,3,0,1,0,4,7,8,1,6,4,2,65,63,6,5,37,304,28,151,231,152,10016,39986,58622,75233,1,8,5,7,16,4
402400,15798920825,3,3,0,1,0,4,7,8,1,6,4,2,65,63,6,5,37,304,28,151,231,152,10018,40000,58636,75250,1,8,5,7,16,4
402500,15802860407,3,3,0,1,0,4,7,8,1,6,4,2,65,63,6,5,37,304,28,151,231,152,10020,40006,58646,75272,1,8,5,7,16,4
402600,15806793920,3,3,0,1,0,4,7,8,1,6,4,2,65,63,6,5,37,304,28,151,231,152,10025,40013,58660,75295,1,8,5,7,16,4
402700,15810725107,3,3,0,1,0,4,7,8,1,6,4,2,65,63,6,5,37,304,28,151,231,152,10028,40018,58670,75309,1,8,5,7,16,4
402800,15814662702,3,3,0,1,0,4,7,8,1,6,4,2,65,63,6,5,37,304,28,151,232,152,10029,40023,58684,75327,1,8,5,7,16,4
402900,15818610614,3,3,0,1,0,4,7,8,1,6,4,2,65,63,6,5,37,304,28,151,232,152,10034,40033,58699,75341,1,8,5,7,16,4
403000,15822553056,3,3,0,1,0,4,7,8,1,6,4,2,66,63,6,5,37,304,28,151,232,152,10035,40039,58709,75363,1,8,5,7,16,4
403100,15826501411,3,3,0,1,0,4,7,8,1,6,4,2,66,63,6,5,37,304,28,151,232,152,10035,40046,58730,75380,1,8,5,7,16,4
403200,15830449393,3,3,0,1,0,4,7,8,1,6,4,2,66,63,6,5,37,304,28,151,232,152,10036,40058,58745,75391,1,8,5,7,16,4
403300,15834398735,3,3,0,1,0,4,7,8,1,6,4,2,66,63,6,5,37,304,28,151,232,152,10038,40070,58758,75415,1,8,5,7,16,4
403400,15838347605,3,3,0,1,0,4,7,8,1,6,4,2,66,63,6,5,37,304,28,151,232,152,10039,40078,58770,75433,1,8,5,7,16,4
403500,15842304859,3,3,0,1,0,4,7,8,1,6,4,2,66,63,6,5,37,304,28,151,232,152,10040,40084,58790,75451,1,8,5,7,16,4
403600,15846265478,3,3,0,1,0,4,7,8,1,6,4,2,66,63,6,5,37,304,28,151,232,152,10041,40094,58810,75470,1,8,5,7,16,4
403700,15850236777,3,3,0,1,0,4,7,8,1,6,4,2,66,63,6,5,37,304,28,151,233,152,10047,40105,58822,75485,1,8,5,7,16,4
403800,15854210306,3,3,0,1,0,4,7,8,1,6,4,2,66,63,6,5,37,304,28,151,233,152,10050,40114,58832,75506,1,8,5,7,16,4
403900,15858181144,3,3,0,1,0,4,7,8,1,6,4,2,66,63,6,5,37,305,28,151,233,152,10050,40124,58846,75526,1,8,5,7,16,4
404000,15862150858,3,3,0,1,0,4,7,8,1,6,4,2,66,63,6,5,37,305,28,151,234,152,10052,40134,58856,75545,1,8,5,7,16,4
404100,15866116404,3,3,0,1,0,4,7,8,1,6,4,2,66,63,6,5,37,305,28,151,234,152,10054,40145,58872,75566,1,8,5,7,16,4
404200,15870077454,3,3,0,1,0,4,7,8,1,6,4,2,66,63,6,5,37,305,28,151,234,152,10058,40148,58893,75587,1,8,5,7,16,4
404300,15874042559,3,3,0,1,0,4,7,8,1,6,4,2,66,63,6,5,37,306,28,152,234,152,10061,40158,58906,75603,1,8,5,7,16,4
404400,15878008293,3,3,0,1,0,4,7,8,1,6,4,2,66,63,6,5,37,306,28,152,234,153,10064,40165,58917,75615,1,8,5,7,16,4
404500,15881993243,3,3,0,1,0,4,7,8,1,6,4,2,66,63,6,5,37,306,28,152,234,153,10066,40173,58925,75635,1,8,5,7,16,4
404600,15885978941,3,3,0,1,0,4,7,8,1,6,4,2,66,63,6,5,37,306,28,152,234,153,10067,40186,58937,75663,1,8,5,7,16,4
404700,15889967796,3,3,0,1,0,4,7,8,1,6,4,2,66,63,6,5,37,306,28,152,234,153,10070,40194,58956,75676,1,8,5,7,16,4
404800,15893962992,3,3,0,1,0,4,7,8,1,6,4,2,66,63,6,5,37,306,28,152,234,154,10074,40203,58972,75690,1,8,5,7,16,4
404900,15897956541,3,3,0,1,0,4,7,8,1,6,4,2,66,63,6,5,37,306,28,152,235,154,10076,40212,58989,75713,1,8,5,7,16,4
405000,15901942813,3,3,0,1,0,4,7,8,1,6,4,2,66,63,6,5,37,306,28,152,235,154,10078,40226,58998,75734,1,8,5,7,16,4
405100,15905921133,3,3,0,1,0,4,7,8,1,6,4,2,66,63,6,5,37,306,28,152,235,154,10082,40231,59013,75755,1,8,5,7,16,4
405200,15909893522,3,3,0,1,0,4,7,8,1,6,4,2,66,63,6,5,37,306,28,152,235,154,10083,40241,59028,75774,1,8,5,7,16,4
405300,15913861496,3,3,0,1,0,4,7,8,1,6,4,2,66,63,6,5,37,306,28,152,235,154,10083,40252,59040,75790,1,8,5,7,16,4
405400,15917831422,3,3,0,1,0,4,7,8,1,6,4,2,66,63,6,5,37,306,28,152,235,155,10085,40263,59058,75810,1,8,5,7,16,4
405500,15921798283,3,3,0,1,0,4,7,8,1,6,4,2,66,63,6,5,37,306,28,152,235,155,10086,40275,59078,75830,1,8,5,7,16,4
405600,15925761211,3,3,0,1,0,4,7,8,1,6,4,2,66,63,6,5,37,306,28,152,235,155,10091,40284,59096,75846,1,8,5,7,16,4
405700,15929709358,3,3,0,1,0,4,7,8,1,6,4,2,66,63,6,5,37,306,28,152,235,155,10093,40299,59105,75859,1,8,5,7,16,4
405800,15933651748,3,3,0,1,0,4,7,8,1,6,4,2,66,64,6,5,37,306,28,152,235,155,10098,40313,59118,75866,1,8,5,7,16,4
405900,15937597832,3,3,0,1,0,4,7,8,1,6,4,2,66,64,6,5,37,306,28,152,235,155,10101,40323,59130,75878,1,8,5,7,16,4
406000,15941548286,3,3,0,1,0,4,7,8,1,6,4,2,66,64,6,5,37,306,28,152,235,155,10103,40338,59144,75898,1,8,5,7,16,4
406100,15945500540,3,3,0,1,0,4,7,8,1,6,4,2,66,64,6,5,37,306,28,152,235,155,10106,40349,59159,75923,1,8,5,7,16,4
406200,15949440710,3,3,0,1,0,4,7,8,1,6,4,2,66,64,6,5,37,306,28,152,235,155,10109,40356,59173,75941,1,8,5,7,16,4
406300,15953383723,3,3,0,1,0,4,7,8,1,6,4,2,66,64,6,5,37,306,28,152,235,155,10112,40373,59191,75962,1,8,5,7,16,4
406400,15957326102,3,3,0,1,0,4,7,8,1,6,4,2,66,64,6,5,37,306,28,152,235,155,10115,40384,59205,75976,1,8,5,7,16,4
406500,15961277588,3,3,0,1,0,4,7,8,1,6,4,2,66,64,6,5,37,306,28,152,235,155,10118,40393,59215,75989,1,8,5,7,16,4
406600,15965228675,3,3,0,1,0,4,7,8,1,6,4,2,66,64,6,5,37,306,28,152,235,155,10120,40405,59227,76009,1,8,5,7,16,4
406700,15969180534,3,3,0,1,0,4,7,8,1,6,4,2,66,64,6,5,37,306,28,152,235,155,10121,40415,59239,76027,1,8,5,7,16,4
406800,15973135638,3,3,0,1,0,4,7,8,1,6,4,2,66,64,6,5,37,306,28,152,235,156,10126,40425,59251,76054,1,8,5,7,16,4
406900,15977088933,3,3,0,1,0,4,7,8,1,6,4,2,66,64,6,5,37,306,28,152,235,156,10130,40433,59268,76070,1,8,5,7,16,4
407000,15981048059,3,3,0,1,0,4,7,8,1,6,4,2,66,64,6,5,37,307,28,152,235,156,10131,40443,59282,76089,1,8,5,7,16,4
407100,15985003778,3,3,0,1,0,4,7,8,1,6,4,2,66,65,6,5,37,307,28,152,235,156,10131,40449,59298,76109,1,8,5,7,16,4
407200,15988957237,3,3,0,1,0,4,7,8,1,6,4,2,66,65,6,5,37,307,28,152,235,156,10132,40462,59316,76123,1,8,5,7,16,4
407300,15992913767,3,3,0,1,0,4,7,8,1,6,4,2,66,65,6,5,37,307,28,152,235,156,10135,40476,59328,76143,1,8,5,7,16,4
407400,15996873002,3,3,0,1,0,4,7,8,1,6,4,2,66,65,6,5,37,307,28,152,235,156,10138,40487,59342,76162,1,8,5,7,16,4
407500,16000830280,3,3,0,1,0,4,7,8,1,6,4,2,66,65,6,5,37,307,28,152,235,156,10139,40497,59358,76180,1,8,5,7,16,4
407600,16004782833,3,3,0,1,0,4,7,8,1,6,4,2,66,65,6,5,37,307,28,152,235,156,10139,40502,59376,76198,1,9,5,7,16,4
407700,16008732641,3,3,0,1,0,4,7,8,1,6,4,2,66,65,6,5,37,308,28,152,235,156,10145,40512,59382,76217,1,9,5,7,16,4
407800,16012693888,3,3,0,1,0,4,7,8,1,6,4,2,66,65,6,5,37,308,28,152,235,156,10148,40517,59401,76233,1,9,5,7,16,4
407900,16016660254,3,3,0,1,0,4,7,8,1,6,4,2,66,65,6,5,37,309,28,152,236,156,10149,40526,59419,76252,1,9,5,7,16,4
408000,16020624595,3,3,0,1,0,4,7,8,1,6,4,2,66,65,6,5,37,310,28,152,236,156,10154,40545,59434,76273,1,9,5,7,16,4
408100,16024575712,3,3,0,1,0,4,7,8,1,6,4,2,66,65,6,5,37,311,28,153,236,156,10154,40558,59444,76293,1,9,5,7,16,4
408200,16028529800,3,3,0,1,0,4,7,8,1,6,4,2,66,65,6,5,37,311,28,153,236,156,10156,40563,59456,76303,1,9,5,7,16,4
408300,16032485649,3,3,0,1,0,4,7,8,1,6,4,2,66,65,6,5,37,311,28,153,236,156,10158,40572,59471,76327,1,9,5,7,16,4
408400,16036437706,3,3,0,1,0,4,7,8,1,6,4,2,66,65,6,5,37,311,28,153,236,156,10160,40583,59492,76358,1,9,5,7,16,4
408500,16040389009,3,3,0,1,0,4,7,8,1,6,4,2,66,65,6,5,37,311,28,153,236,156,10161,40589,59504,76377,1,9,5,7,16,4
408600,16044341227,3,3,0,1,0,4,7,8,1,6,4,2,66,65,6,5,37,311,28,154,236,156,10164,40610,59518,76397,1,9,5,7,16,4
408700,16048279279,3,3,0,1,0,4,7,8,1,6,4,2,66,65,6,5,37,311,28,154,236,156,10167,40624,59528,76416,1,9,5,7,16,4
408800,16052218932,3,3,0,1,0,4,7,8,1,6,4,2,66,65,6,5,37,311,28,154,236,156,10170,40631,59545,76433,1,9,5,7,16,4
408900,16056155938,3,3,0,1,0,4,7,8,1,6,4,2,66,65,6,5,37,312,28,154,236,156,10175,40644,59564,76449,1,9,5,7,16,4
409000,16060095529,3,3,0,1,0,4,7,8,1,6,4,2,66,65,6,5,37,312,28,154,237,156,10179,40654,59579,76464,1,9,5,7,16,4
409100,16064038170,3,3,0,1,0,4,7,8,1,6,4,2,66,65,6,5,37,312,28,154,237,156,10179,40667,59592,76485,1,9,5,7,16,4
409200,16067974330,3,3,0,1,0,4,7,8,1,6,4,2,66,66,6,5,37,312,28,154,237,156,10186,40678,59609,76500,1,9,5,7,16,4
409300,16071908475,3,3,0,1,0,4,7,8,1,6,4,2,66,66,6,5,37,312,28,154,237,156,10188,40687,59624,76517,1,9,5,7,16,4
409400,16075839100,3,3,0,1,0,4,7,8,1,6,4,2,66,66,6,5,37,312,28,154,237,156,10192,40701,59631,76532,1,9,5,7,16,4
409500,16079775182,3,3,0,1,0,4,7,8,1,6,4,2,66,66,6,5,37,312,28,154,237,156,10193,40704,59652,76546,1,9,5,7,16,4
409600,16083725998,3,3,0,1,0,4,7,8,1,6,4,2,66,66,6,5,37,312,28,154,237,156,10197,40714,59674,76563,1,9,5,7,16,4
409700,16087685352,3,3,0,1,0,4,7,8,1,6,4,2,66,66,6,5,37,312,28,154,237,156,10199,40724,59690,76585,1,9,5,7,16,4
409800,16091644683,3,3,0,1,0,4,7,8,1,6,4,2,66,66,6,5,37,313,28,154,237,156,10202,40734,59703,76598,1,9,5,7,16,4
409900,16095606540,3,3,0,1,0,4,7,8,1,6,4,2,66,66,6,5,37,313,28,154,237,156,10202,40739,59724,76619,1,9,5,7,16,4
410000,16099562885,3,3,0,1,0,4,7,8,1,6,4,2,66,66,6,5,37,313,28,154,237,156,10205,40747,59739,76632,1,9,5,7,16,4
410100,16103523739,3,3,0,1,0,4,7,8,1,6,4,2,66,66,6,5,37,313,28,154,237,156,10207,40757,59767,76652,1,9,5,7,16,4
410200,16107474788,3,3,0,1,0,4,7,8,1,6,4,2,66,66,6,5,37,313,28,154,237,156,10210,40765,59781,76670,1,9,5,7,16,4
410300,16111421397,3,3,0,1,0,4,7,8,1,6,4,2,66,66,6,5,37,313,28,154,237,157,10211,40776,59790,76685,1,9,5,7,16,4
410400,16115371141,3,3,0,1,0,4,7,8,1,6,4,2,66,66,6,5,37,313,28,155,237,158,10215,40791,59802,76703,1,9,5,7,16,4
410500,16119320263,3,3,0,1,0,4,7,8,1,6,4,2,66,66,6,5,37,314,28,155,237,158,10219,40805,59813,76721,1,9,5,7,16,4
410600,16123279038,3,3,0,1,0,4,7,8,1,6,4,2,66,66,6,5,37,314,28,155,237,158,10224,40811,59828,76733,1,9,5,7,16,4
410700,16127228519,3,3,0,1,0,4,7,8,1,6,4,2,66,66,6,5,37,314,28,155,237,158,10226,40820,59848,76757,1,9,5,7,16,4
410800,16131166206,3,3,0,1,0,4,7,8,1,6,4,2,67,66,6,5,37,314,28,155,237,158,10228,40829,59868,76785,1,9,5,7,16,4
410900,16135096271,3,3,0,1,0,4,7,8,1,6,4,2,67,66,6,5,37,314,28,155,237,158,10232,40838,59885,76812,1,9,5,7,16,4
411000,16139021244,3,3,0,1,0,4,7,8,1,6,4,2,67,66,6,5,37,314,28,155,237,158,10236,40846,59909,76826,1,9,5,7,16,4
411100,16142950999,3,3,0,1,0,4,7,8,1,6,4,2,67,66,6,5,38,314,28,155,237,158,10237,40857,59922,76854,1,9,5,7,16,4
411200,16146873549,3,3,0,1,0,4,7,8,1,6,4,2,67,66,6,5,38,314,28,155,237,158,10238,40870,59938,76873,1,9,5,7,16,4
411300,16150797532,3,3,0,1,0,4,7,8,1,6,4,2,67,66,6,5,38,314,28,155,237,158,10240,40879,59947,76901,1,9,5,7,16,4
411400,16154728923,3,3,0,1,0,4,7,8,1,6,4,2,67,66,6,5,38,314,28,155,237,158,10244,40890,59962,76915,1,9,5,7,16,4
411500,16158669595,3,3,0,1,0,4,7,8,1,6,4,2,68,66,6,5,38,314,28,155,237,158,10249,40903,59975,76932,1,9,5,7,16,4
411600,16162609220,3,3,0,1,0,4,7,8,1,6,4,2,68,66,6,5,38,314,28,155,237,158,10253,40911,59989,76960,1,9,5,7,16,4
411700,16166543013,3,3,0,1,0,4,7,8,1,6,4,2,68,66,6,5,38,315,28,155,238,158,10256,40917,60009,76971,1,9,5,7,16,4
411800,16170474634,3,3,0,1,0,4,7,8,1,6,4,2,68,66,6,5,38,315,28,155,238,158,10258,40930,60024,76992,1,9,5,7,16,4
411900,16174410827,3,3,0,1,0,4,7,8,1,6,4,2,68,66,6,5,38,315,28,155,238,158,10259,40942,60046,77017,1,9,5,7,16,4
412000,16178338204,3,3,0,1,0,4,7,8,1,6,4,2,68,66,6,5,38,315,28,155,238,158,10261,40956,60059,77043,1,9,5,7,16,4
412100,16182260153,3,3,0,1,0,4,7,8,1,6,4,2,68,66,6,5,38,315,28,155,238,158,10265,40966,60068,77058,1,9,5,7,16,4
412200,16186183475,3,3,0,1,0,4,7,8,1,6,4,2,68,66,6,5,38,316,28,155,238,158,10266,40973,60080,77075,1,9,5,7,16,4
412300,16190103024,3,3,0,1,0,4,7,8,1,6,4,2,68,66,6,5,38,316,28,155,238,159,10266,40987,60096,77092,1,9,5,7,16,4
412400,16194019002,3,3,0,1,0,4,7,8,1,6,4,2,68,66,6,5,38,316,28,155,238,159,10270,41001,60109,77117,1,9,5,7,16,4
412500,16197934889,3,3,0,1,0,4,7,8,1,6,4,2,68,66,6,5,38,316,28,155,238,159,10274,41012,60123,77130,1,9,5,7,16,4
412600,16201873604,3,3,0,1,0,4,7,8,1,6,4,2,68,66,6,5,38,316,28,155,238,159,10277,41021,60128,77152,1,9,5,7,16,4
412700,16205811518,3,3,0,1,0,4,7,8,1,6,4,2,68,66,6,5,38,316,28,155,238,159,10279,41032,60147,77171,1,9,5,7,16,4
412800,16209761686,3,3,0,1,0,4,7,8,1,6,4,2,68,67,6,5,38,316,28,155,238,159,10281,41039,60162,77192,1,9,5,7,16,4
412900,16213711908,3,3,0,1,0,4,7,8,1,6,4,2,68,67,6,5,38,316,28,155,238,159,10284,41049,60178,77208,1,9,5,7,16,4
413000,16217654760,3,3,0,1,0,4,7,8,1,6,4,2,68,67,6,5,38,316,28,155,238,159,10290,41060,60193,77230,1,9,5,7,16,4
413100,16221594816,3,3,0,1,0,4,7,8,1,6,4,2,68,67,6,5,38,316,28,155,238,159,10290,41070,60209,77248,1,9,5,7,16,4
413200,16225532431,3,3,0,1,0,4,7,8,1,6,4,2,68,67,6,5,38,317,28,155,238,159,10293,41082,60224,77271,1,9,5,8,16,4
413300,16229464474,3,3,0,1,0,4,7,8,1,6,4,2,68,67,6,5,38,317,28,155,239,159,10296,41090,60238,77288,1,9,5,8,16,4
413400,16233408470,3,3,0,1,0,4,7,8,1,6,4,2,68,67,6,5,38,317,28,155,239,159,10299,41102,60254,77308,1,9,5,8,16,4
413500,16237357980,3,3,0,1,0,4,7,8,1,6,4,2,68,67,6,5,38,317,28,155,239,159,10303,41110,60272,77334,1,9,5,8,16,4
413600,16241307199,3,3,0,1,0,4,7,8,1,6,4,2,68,67,6,5,38,317,28,155,239,159,10306,41122,60284,77350,1,9,5,8,16,4
413700,16245254749,3,3,0,1,0,4,7,8,1,6,4,2,68,67,6,5,38,317,28,155,239,159,10309,41135,60302,77371,1,9,5,8,16,4
413800,16249200203,3,3,0,1,0,4,7,8,1,6,4,2,68,67,6,5,38,317,28,155,239,159,10310,41144,60320,77380,1,9,5,8,16,4
413900,16253150368,3,3,0,1,0,4,7,8,1,6,4,2,68,67,6,5,38,317,28,155,239,159,10312,41153,60337,77398,1,9,5,8,16,4
414000,16257099158,3,3,0,1,0,4,7,8,1,6,4,2,68,67,6,5,38,317,28,155,239,159,10314,41168,60351,77420,1,9,5,8,16,4
414100,16261044196,3,3,0,1,0,4,7,8,1,6,4,2,68,67,6,5,38,317,28,155,239,159,10318,41177,60371,77444,1,9,5,8,16,4
414200,16264986207,3,3,0,1,0,4,7,8,1,6,4,2,68,67,6,5,38,317,28,155,239,159,10319,41182,60383,77464,1,9,5,8,16,4
414300,16268925685,3,3,0,1,0,4,7,8,1,6,4,2,68,67,6,5,38,317,28,155,239,159,10320,41192,60400,77482,1,9,5,8,16,4
414400,16272867147,3,3,0,1,0,4,7,8,1,6,4,2,68,67,6,5,38,317,28,155,239,160,10321,41199,60413,77497,1,9,5,8,16,4
414500,16276816450,3,3,0,1,0,4,7,8,1,6,4,2,68,67,6,5,38,317,28,155,239,160,10321,41202,60429,77518,1,9,5,8,17,4
414600,16280755522,3,3,0,1,0,4,7,8,1,6,4,2,68,67,6,5,38,317,28,155,240,160,10323,41213,60446,77543,1,9,5,8,17,4
414700,16284696559,3,3,0,1,0,4,7,8,1,6,4,2,68,67,6,5,38,317,28,156,240,160,10325,41222,60460,77557,1,9,5,8,17,4
414800,16288642000,3,3,0,1,0,4,7,8,1,6,4,2,68,67,6,5,38,317,28,156,240,161,10328,41231,60477,77572,1,9,5,8,17,4
414900,16292590043,3,3,0,1,0,4,7,8,1,6,4,2,68,67,6,5,38,317,28,156,240,161,10329,41236,60491,77593,1,9,5,8,17,4
415000,16296535082,3,3,0,1,0,4,7,8,1,6,4,2,68,67,6,5,38,317,28,156,240,162,10330,41244,60510,77613,1,9,5,8,17,4
415100,16300484399,3,3,0,1,0,4,7,8,1,6,4,2,68,67,6,5,38,317,28,156,240,162,10334,41256,60535,77626,1,9,5,8,17,4
415200,16304426822,3,3,0,1,0,4,7,8,1,6,4,2,68,67,6,5,38,317,28,156,240,162,10336,41267,60552,77639,1,9,5,8,17,4
415300,16308368870,3,3,0,1,0,4,7,8,1,6,4,2,68,67,6,5,38,317,28,156,240,162,10339,41279,60565,77661,1,9,5,8,17,4
415400,16312315061,3,3,0,1,0,4,7,8,1,6,4,2,68,67,6,5,38,318,28,156,240,162,10342,41286,60581,77677,1,9,5,8,17,4
415500,16316259353,3,3,0,1,0,4,7,8,1,6,4,2,68,67,6,5,38,319,28,156,240,162,10345,41299,60586,77693,1,9,5,8,17,4
415600,16320208385,3,3,0,1,0,4,7,8,1,6,4,2,68,67,6,5,38,319,28,156,240,162,10349,41306,60600,77714,1,9,5,8,17,4
415700,16324162895,3,3,0,1,0,4,7,8,1,6,4,2,68,67,6,5,38,319,28,156,241,162,10352,41319,60611,77733,1,9,5,8,17,4
415800,16328119100,3,3,0,1,0,4,7,8,1,6,4,2,68,67,6,5,38,319,28,156,241,162,10353,41330,60632,77757,1,9,5,8,17,4
415900,16332066649,3,3,0,1,0,4,7,8,1,6,4,2,68,67,6,5,38,319,28,156,241,162,10356,41341,60644,77772,1,9,5,8,17,4
416000,16336017053,3,3,0,1,0,4,7,8,1,6,4,2,68,67,6,5,38,319,28,156,241,162,10358,41352,60659,77789,1,9,5,8,17,4
416100,16339967663,3,3,0,1,0,4,7,8,1,6,4,2,68,67,6,5,38,319,28,156,241,162,10359,41360,60675,77810,1,9,5,8,17,4
416200,16343909678,3,3,0,1,0,4,7,8,1,6,4,2,68,67,6,5,38,319,28,156,241,162,10360,41372,60692,77832,1,9,5,8,17,4
416300,16347852356,3,3,0,1,0,4,7,8,1,6,4,2,68,67,6,5,38,319,28,156,241,162,10363,41382,60703,77855,1,9,5,8,17,4
416400,16351806477,3,3,0,1,0,4,7,8,1,6,4,2,68,67,6,5,38,319,28,156,241,162,10367,41386,60714,77870,1,9,5,8,17,4
416500,16355763213,3,3,0,1,0,4,7,8,1,6,4,2,68,67,6,5,38,319,28,156,241,162,10372,41398,60728,77889,1,9,5,8,17,4
416600,16359720934,3,3,0,1,0,4,7,8,1,6,4,2,68,67,6,5,38,319,28,156,241,162,10375,41403,60744,77911,1,9,5,8,17,4
416700,16363675403,3,3,0,1,0,4,7,8,1,6,4,2,68,67,6,5,38,319,28,156,241,162,10381,41411,60760,77939,1,9,5,8,17,4
416800,16367625831,3,3,0,1,0,4,7,8,1,6,4,2,68,67,6,5,38,319,28,156,241,162,10382,41415,60776,77953,1,9,5,8,17,4
416900,16371584226,3,3,0,1,0,4,7,8,1,6,4,2,68,67,6,5,38,319,28,156,241,162,10385,41425,60796,77975,1,9,5,8,17,4
417000,16375529546,3,3,0,1,0,4,7,8,1,6,4,2,68,67,6,5,38,319,28,156,241,162,10387,41436,60806,77998,1,9,5,8,17,4
417100,16379477339,3,3,0,1,0,4,7,8,1,6,4,2,68,67,6,5,38,319,28,156,241,162,10388,41446,60817,78020,1,9,5,8,17,4
417200,16383429980,3,3,0,1,0,4,7,8,1,6,4,2,68,67,6,5,38,319,28,156,241,162,10392,41462,60832,78043,1,9,5,8,17,4
417300,16387364544,3,3,0,1,0,4,7,8,1,6,4,2,68,68,6,5,38,319,28,156,241,162,10395,41476,60839,78063,1,9,5,8,17,4
417400,16391297922,3,3,0,1,0,4,7,8,1,6,4,2,68,68,6,5,38,319,28,156,241,162,10398,41485,60855,78078,1,9,5,8,17,4
417500,16395229246,3,3,0,1,0,4,7,8,1,6,4,2,68,68,6,5,38,319,28,156,241,163,10405,41496,60868,78095,1,9,5,8,17,4
417600,16399158619,3,3,0,1,0,4,7,8,1,6,4,2,68,68,6,5,38,319,28,156,241,163,10407,41500,60887,78117,1,9,5,8,17,4
417700,16403080180,3,3,0,1,0,4,7,8,1,6,4,2,68,68,6,5,38,319,28,156,241,163,10409,41512,60902,78137,1,9,5,8,17,4
417800,16406998025,3,3,0,1,0,4,7,8,1,6,4,2,68,68,6,5,38,319,28,156,241,163,10414,41521,60922,78159,1,9,5,8,17,4
417900,16410907842,3,3,0,1,0,4,7,8,1,6,4,2,68,68,6,5,38,319,28,156,241,163,10414,41533,60930,78170,1,9,5,8,17,4
418000,16414813636,3,3,0,1,0,4,7,8,1,6,4,2,68,68,6,5,38,319,28,156,241,163,10419,41541,60943,78189,1,9,5,8,17,4
418100,16418721056,3,3,0,1,0,4,7,8,1,6,4,2,69,68,6,5,38,319,28,156,242,163,10420,41546,60963,78206,1,9,5,8,17,4
418200,16422633413,3,3,0,1,0,4,7,8,1,6,4,2,69,68,6,5,38,319,28,156,242,163,10423,41551,60972,78224,1,9,5,8,17,4
418300,16426546902,3,3,0,1,0,4,7,8,1,6,4,2,69,68,6,5,38,319,28,156,242,163,10427,41562,60985,78244,1,9,5,8,17,4
418400,16430464228,3,3,0,1,0,4,7,8,1,6,4,2,69,68,6,5,38,319,28,156,242,163,10427,41571,60999,78262,1,9,5,8,17,4
418500,16434385715,3,3,0,1,0,4,7,8,1,6,4,2,69,68,6,5,38,319,28,156,242,163,10432,41584,61014,78277,1,9,5,8,17,4
418600,16438308998,3,3,0,1,0,4,7,8,1,6,4,2,69,68,6,5,38,319,28,156,242,163,10433,41590,61039,78295,1,9,5,8,17,4
418700,16442223906,3,3,0,1,0,4,7,8,1,6,4,2,70,68,6,5,38,319,28,156,242,163,10438,41597,61051,78307,1,9,5,8,17,4
418800,16446143697,3,3,0,1,0,4,7,8,1,6,4,2,70,68,6,5,38,319,28,156,242,163,10439,41606,61068,78328,1,9,5,8,17,4
418900,16450066447,3,3,0,1,0,4,7,8,1,6,4,2,70,68,6,5,38,319,28,156,242,163,10442,41618,61077,78346,1,9,5,8,17,4
419000,16453993919,3,3,0,1,0,4,7,8,1,6,4,2,70,68,6,5,38,319,28,156,242,163,10443,41627,61085,78361,1,9,5,8,17,4
419100,16457929926,3,3,0,1,0,4,7,8,1,6,4,2,70,68,6,5,38,319,28,156,242,163,10444,41640,61100,78377,1,9,5,8,17,4
419200,16461861628,3,3,0,1,0,4,7,8,1,6,4,2,70,68,6,5,38,319,28,156,242,163,10444,41647,61125,78394,1,9,5,8,17,4
419300,16465797091,3,3,0,1,0,4,7,8,1,6,4,2,70,68,6,5,38,319,28,156,242,163,10445,41658,61146,78414,1,9,5,8,17,4
419400,16469724021,3,3,0,1,0,4,7,8,1,6,4,2,70,68,6,5,38,319,28,157,242,163,10450,41672,61156,78427,1,9,5,8,17,4
419500,16473644959,3,3,0,1,0,4,7,8,1,6,4,2,70,68,6,5,38,319,28,157,242,163,10454,41679,61172,78444,1,9,5,8,17,4
419600,16477563896,3,3,0,1,0,4,7,8,1,6,4,2,70,68,6,5,38,319,28,157,242,163,10455,41689,61187,78465,1,9,5,8,17,4
419700,16481486176,3,3,0,1,0,4,7,8,1,6,4,2,70,68,6,5,38,319,28,157,242,163,10459,41703,61206,78485,1,9,5,8,17,4
419800,16485410284,3,3,0,1,0,4,7,8,1,6,4,2,70,68,6,5,38,319,28,157,242,163,10459,41708,61221,78505,1,9,5,8,17,4
419900,16489341582,3,3,0,1,0,4,7,8,1,6,4,2,70,68,6,5,38,319,28,157,242,163,10463,41716,61236,78525,1,9,5,8,17,4
420000,16493274964,3,3,0,1,0,4,7,8,1,6,4,2,70,68,6,5,39,319,28,157,242,163,10464,41723,61250,78541,1,9,5,8,17,4
420100,16497214052,3,3,0,1,0,4,7,8,1,6,4,2,70,68,6,5,39,319,28,157,242,163,10465,41732,61266,78562,1,9,5,8,17,4
420200,16501145555,3,3,0,1,0,4,7,8,1,6,4,2,70,68,6,5,39,319,28,157,242,163,10467,41745,61280,78588,1,9,5,8,17,4
420300,16505072573,3,3,0,1,0,4,7,8,1,6,4,2,70,68,6,5,39,319,28,157,242,163,10469,41755,61298,78604,1,9,5,8,17,4
420400,16509011071,3,3,0,1,0,4,7,8,1,6,4,2,70,68,6,5,39,319,28,157,242,163,10471,41765,61309,78620,1,9,5,8,17,4
420500,16512953680,3,3,0,1,0,4,7,8,1,6,4,2,70,68,6,5,39,319,28,157,242,164,10471,41778,61313,78643,1,9,5,8,17,4
420600,16516905959,3,3,0,1,0,4,7,8,1,6,4,2,70,68,6,5,39,320,28,157,242,164,10473,41786,61326,78658,1,9,5,8,17,4
420700,16520864048,3,3,0,1,0,4,7,8,1,6,4,2,70,68,6,5,39,320,28,157,242,164,10477,41792,61342,78675,1,9,5,8,17,4
420800,16524811422,3,3,0,1,0,4,7,8,1,6,4,2,70,68,6,5,39,320,28,157,242,164,10481,41797,61355,78695,1,9,5,8,17,4
420900,16528763860,3,3,0,1,0,4,7,8,1,6,4,2,70,68,6,5,39,320,28,157,242,164,10484,41805,61368,78715,1,9,5,8,17,4
421000,16532715097,3,3,0,1,0,4,7,8,1,6,4,2,70,68,6,5,39,320,28,157,242,164,10486,41820,61382,78735,1,9,5,8,17,4
421100,16536664900,3,3,0,1,0,4,7,8,1,6,4,2,70,68,6,5,39,320,28,157,242,164,10487,41827,61409,78755,1,9,5,8,17,4
421200,16540620264,3,3,0,1,0,4,7,8,1,6,4,2,70,68,6,5,39,320,28,157,242,164,10490,41835,61419,78766,1,9,5,8,17,4
421300,16544578285,3,3,0,1,0,4,7,8,1,6,4,2,70,68,6,5,39,320,28,157,242,165,10490,41847,61434,78791,1,9,5,8,17,4
421400,16548533241,3,3,0,1,0,4,7,8,1,6,4,2,70,68,6,5,39,320,28,157,242,165,10490,41856,61458,78816,1,9,5,8,17,4
421500,16552473245,3,3,0,1,0,4,7,8,1,6,4,2,70,68,6,5,39,320,28,157,243,165,10493,41874,61468,78839,1,9,5,8,17,4
421600,16556415398,3,3,0,1,0,4,7,8,1,6,4,2,70,68,6,5,39,321,28,157,243,165,10493,41880,61483,78859,1,9,5,8,17,4
421700,16560350121,3,3,0,1,0,4,7,8,1,6,4,2,70,68,6,5,39,321,28,157,243,165,10496,41895,61494,78878,1,9,5,8,17,4
421800,16564279186,3,3,0,1,0,4,7,8,1,6,4,2,70,68,6,5,39,321,28,157,243,165,10499,41905,61505,78894,1,9,5,8,17,4
421900,16568213732,3,3,0,1,0,4,7,8,1,6,4,2,70,68,6,5,39,321,28,157,243,165,10502,41920,61521,78920,1,9,5,8,17,4
422000,16572146265,3,3,0,1,0,4,7,8,1,6,4,2,70,68,6,5,39,321,28,158,243,165,10502,41933,61529,78939,1,9,5,8,17,4
422100,16576079576,3,3,0,1,0,4,7,8,1,6,4,2,70,68,6,5,39,321,28,158,243,165,10502,41938,61547,78961,1,9,5,8,17,4
422200,16580017326,3,3,0,1,0,4,7,8,1,6,4,2,70,68,6,5,39,321,28,158,243,165,10503,41944,61557,78974,1,9,5,8,17,4
422300,16583957531,3,3,0,1,0,4,7,8,1,6,4,2,70,68,6,5,39,321,28,158,243,165,10506,41951,61567,78994,1,9,5,8,17,4
422400,16587902442,3,3,0,1,0,4,7,8,1,6,4,2,70,68,6,5,39,321,28,158,243,165,10510,41957,61586,79012,1,9,5,8,17,4
422500,16591845237,3,3,0,1,0,4,7,8,1,6,4,2,70,68,6,5,39,321,28,158,243,165,10510,41966,61599,79037,1,9,5,8,17,4
422600,16595793767,3,3,0,1,0,4,7,8,1,6,4,2,70,68,6,5,39,321,28,158,243,165,10515,41976,61609,79062,1,9,5,8,17,4
422700,16599736556,3,3,0,1,0,4,7,8,1,6,4,2,70,68,6,5,39,322,28,158,243,165,10518,41982,61632,79084,1,9,5,8,17,4
422800,16603671474,3,3,0,1,0,4,7,8,1,6,4,2,70,68,6,5,39,322,28,158,243,165,10519,41994,61647,79108,1,9,5,8,17,4
422900,16607593469,3,3,0,1,0,4,7,8,1,6,4,2,70,68,6,5,39,322,28,158,243,165,10523,42003,61665,79135,1,9,5,8,17,4
423000,16611519108,3,3,0,1,0,4,7,8,1,6,4,2,70,68,6,5,39,323,28,158,243,165,10523,42007,61679,79147,1,9,5,8,17,4
423100,16615452801,3,3,0,1,0,4,7,8,1,6,4,2,70,68,6,5,39,323,28,158,243,165,10529,42012,61687,79169,1,9,5,8,17,4
423200,16619390366,3,3,0,1,0,4,7,8,1,6,4,2,70,68,6,5,39,323,28,158,243,166,10530,42023,61698,79186,1,9,5,8,17,4
423300,16623320673,3,3,0,1,0,4,7,8,1,6,4,2,70,68,6,5,39,323,28,158,243,166,10533,42044,61715,79199,1,9,5,8,17,4
423400,16627254697,3,3,0,1,0,4,7,8,1,6,4,2,70,68,6,5,40,323,28,158,243,166,10536,42059,61731,79216,1,9,5,8,17,4
423500,16631190945,3,3,0,1,0,4,7,8,1,6,4,2,70,68,6,5,40,323,28,158,243,166,10537,42070,61742,79235,1,9,5,8,17,4
423600,16635137647,3,3,0,1,0,4,7,8,1,6,4,2,70,68,6,5,40,323,28,158,243,166,10537,42075,61757,79253,1,9,5,8,17,4
423700,16639084434,3,3,0,1,0,4,7,8,1,6,4,2,70,68,6,5,40,323,28,158,243,166,10539,42082,61779,79273,1,9,5,8,17,4
423800,16643029875,3,3,0,1,0,4,7,8,1,6,4,2,70,68,6,5,40,323,28,158,243,166,10542,42091,61791,79290,1,9,5,8,17,4
423900,16646975660,3,3,0,1,0,4,7,8,1,6,4,2,70,68,6,5,40,323,28,158,244,166,10542,42098,61802,79305,1,9,5,8,17,4
424000,16650930908,3,3,0,1,0,4,7,8,1,6,4,2,70,68,6,5,40,323,28,158,244,166,10544,42103,61821,79322,1,9,5,8,17,4
424100,16654887177,3,3,0,1,0,4,7,8,1,6,4,2,70,69,6,5,40,323,28,158,244,166,10546,42110,61840,79337,1,9,5,8,17,4
424200,16658842003,3,3,0,1,0,4,7,8,1,6,4,2,70,69,6,5,40,323,28,158,244,166,10548,42118,61859,79354,1,9,5,8,17,4
424300,16662790187,3,3,0,1,0,4,7,8,1,6,4,2,70,69,6,5,40,325,28,158,244,166,10549,42124,61872,79377,1,9,5,8,17,4
424400,16666732091,3,3,0,1,0,4,7,8,1,6,4,2,70,69,6,5,40,325,28,158,244,166,10549,42136,61886,79394,1,9,5,8,17,4
424500,16670673288,3,3,0,1,0,4,7,8,1,6,4,2,70,69,6,5,40,326,28,158,244,167,10550,42147,61904,79410,1,9,5,8,17,4
424600,16674605875,3,3,0,1,0,4,7,8,1,6,4,2,70,69,6,5,40,326,28,158,244,167,10554,42153,61919,79431,1,9,5,8,17,4
424700,16678546099,3,3,0,1,0,4,7,8,1,6,4,2,70,69,6,5,40,326,28,158,244,167,10558,42159,61929,79453,1,9,5,8,17,4
424800,16682493011,3,3,0,1,0,4,7,8,1,6,4,2,70,69,6,5,40,326,28,158,244,167,10561,42170,61940,79467,1,9,5,8,17,4
424900,16686454709,3,3,0,1,0,4,7,8,1,6,4,2,70,69,6,5,40,326,28,158,244,167,10565,42187,61956,79487,1,9,5,8,17,4
425000,16690412758,3,3,0,1,0,4,7,8,1,6,4,2,70,69,6,5,40,326,28,158,244,167,10567,42194,61971,79509,1,9,5,8,17,4
425100,16694370203,3,3,0,1,0,4,7,8,1,6,4,2,70,69,6,5,40,326,28,158,244,167,10569,42206,61986,79526,1,9,5,8,17,4
425200,16698332908,3,3,0,1,0,4,7,8,1,6,4,2,70,69,6,5,40,326,28,158,245,167,10572,42215,61996,79549,1,9,5,8,17,4
425300,16702292242,3,3,0,1,0,4,7,8,1,6,4,2,70,69,6,5,40,326,28,158,245,167,10575,42217,62010,79570,1,9,5,8,17,4
425400,16706248710,3,3,0,1,0,4,7,8,1,6,4,2,70,69,6,5,40,326,28,158,245,167,10576,42228,62025,79582,1,9,5,8,17,4
425500,16710210896,3,3,0,1,0,4,7,8,1,6,4,2,70,69,6,5,40,326,28,158,245,167,10578,42239,62038,79607,1,9,5,8,17,4
425600,16714174427,3,3,0,1,0,4,7,8,1,6,4,2,70,69,6,5,40,326,28,158,245,167,10580,42245,62058,79632,1,9,5,8,17,4
425700,16718145251,3,3,0,1,0,4,7,8,1,6,4,2,70,69,6,5,40,326,28,159,245,167,10581,42250,62069,79650,1,9,5,8,17,4
425800,16722120979,3,3,0,1,0,4,7,8,1,6,4,2,70,69,6,5,40,326,28,159,245,168,10582,42265,62082,79667,1,9,5,8,17,4
425900,16726100103,3,3,0,1,0,4,7,8,1,6,4,2,70,69,6,5,40,326,28,159,245,168,10584,42277,62099,79686,1,9,5,8,17,4
426000,16730071673,3,3,0,1,0,4,7,8,1,6,4,2,71,69,6,5,40,326,28,159,245,168,10586,42293,62116,79705,1,9,5,8,17,4
426100,16734040074,3,3,0,1,0,4,7,8,1,6,4,2,71,69,6,5,40,326,28,159,246,168,10587,42308,62130,79720,1,9,5,8,17,4
426200,16738010577,3,3,0,1,0,4,7,8,1,6,4,2,71,69,6,5,40,326,28,159,246,168,10588,42325,62141,79739,1,9,5,8,17,4
426300,16741976612,3,3,0,1,0,4,7,8,1,6,4,2,71,69,6,5,40,326,28,160,246,168,10590,42334,62156,79753,1,9,5,8,17,4
426400,16745947085,3,3,0,1,0,4,7,8,1,6,4,2,71,69,6,5,40,326,28,160,246,168,10590,42351,62169,79770,1,9,5,8,17,4
426500,16749920102,3,3,0,1,0,4,7,8,1,6,4,2,71,69,6,5,40,326,28,160,246,168,10591,42363,62186,79783,1,9,5,8,17,4
426600,16753894301,3,3,0,1,0,4,7,8,1,6,4,2,71,69,6,5,40,326,28,160,246,168,10597,42373,62207,79798,1,9,5,8,17,4
426700,16757871514,3,3,0,1,0,4,7,8,1,6,4,2,71,69,6,5,40,326,28,160,246,168,10602,42380,62218,79821,1,9,5,8,17,4
426800,16761842863,3,3,0,1,0,4,7,8,1,6,4,2,71,69,6,5,40,326,29,160,246,168,10608,42389,62235,79840,1,9,5,8,17,4
426900,16765809642,3,3,0,1,0,4,7,8,1,6,4,2,71,69,6,5,40,327,29,160,246,168,10610,42400,62248,79858,1,9,5,8,17,4
427000,16769777219,3,3,0,1,0,4,7,8,1,6,4,2,71,69,6,5,40,327,29,160,246,168,10611,42407,62266,79881,1,9,5,8,17,4
427100,16773756041,3,3,0,1,0,4,7,8,1,6,4,2,71,69,6,5,40,327,29,160,246,168,10612,42417,62279,79892,1,9,5,8,17,4
427200,16777738968,3,3,0,1,0,4,7,8,1,6,4,2,71,69,6,5,40,327,29,160,246,168,10613,42430,62293,79913,1,9,5,8,17,4
427300,16781706449,3,3,0,1,0,4,7,8,1,6,4,2,71,69,6,5,40,327,29,160,246,168,10616,42444,62304,79939,1,9,5,8,17,4
427400,16785661399,3,3,0,1,0,4,7,8,1,6,4,2,71,69,6,5,40,327,29,160,246,169,10620,42449,62321,79956,1,9,5,8,17,4
427500,16789615138,3,3,0,1,0,4,7,8,1,6,4,2,71,69,6,5,40,327,29,160,246,169,10620,42470,62333,79979,1,9,5,8,17,4
427600,16793568981,3,3,0,1,0,4,7,8,1,6,4,2,71,69,6,5,40,327,29,160,246,169,10624,42476,62345,79991,1,9,5,8,17,4
427700,16797530051,3,3,0,1,0,4,7,8,1,6,4,2,71,69,6,5,40,327,29,160,246,169,10625,42487,62357,80007,1,9,5,8,17,4
427800,16801497438,3,3,0,1,0,4,7,8,1,6,4,2,71,69,6,5,40,327,29,160,246,169,10629,42503,62376,80026,1,9,5,8,17,4
427900,16805451329,3,3,0,1,0,4,7,8,1,6,4,2,71,69,6,5,40,327,29,160,246,169,10631,42517,62391,80047,1,9,5,8,17,4
428000,16809405407,3,3,0,1,0,4,7,8,1,6,4,2,71,69,6,5,40,327,29,160,246,169,10635,42528,62402,80060,1,9,5,8,17,4
428100,16813348891,3,3,0,1,0,4,7,8,1,6,4,2,71,69,6,5,40,327,29,160,247,169,10636,42535,62422,80070,1,9,5,8,17,4
428200,16817294574,3,3,0,1,0,4,7,8,1,6,4,2,71,69,6,6,40,327,29,160,247,169,10641,42547,62439,80094,1,9,5,8,17,4
428300,16821237511,3,3,0,1,0,4,7,8,1,6,4,2,71,69,6,6,40,327,29,160,247,170,10646,42553,62452,80119,1,9,5,8,17,4
428400,16825187053,3,3,0,1,0,4,7,8,1,6,4,2,71,69,6,6,40,327,29,160,247,170,10648,42560,62476,80142,1,9,5,8,17,4
428500,16829141263,3,3,0,1,0,5,7,8,1,6,4,2,71,69,6,6,40,327,29,160,247,170,10650,42570,62489,80156,1,9,5,8,17,4
428600,16833098442,3,3,0,1,0,5,7,8,1,6,4,2,71,69,6,6,40,327,29,160,247,170,10651,42577,62501,80177,1,9,5,8,17,4
428700,16837058030,3,3,0,1,0,5,7,8,1,6,4,2,71,69,6,6,40,327,29,160,247,171,10653,42589,62513,80204,1,9,5,8,17,4
428800,16841019398,3,3,0,1,0,5,7,8,1,6,4,2,71,69,6,6,40,327,29,161,247,171,10654,42597,62526,80224,1,9,5,8,17,4
428900,16844973693,3,3,0,1,0,5,7,8,1,6,4,2,71,69,6,6,40,327,29,161,247,171,10655,42619,62545,80249,1,9,5,8,17,4
429000,16848920260,3,3,0,1,0,5,7,8,1,6,4,2,71,69,6,6,40,327,29,161,247,171,10658,42625,62558,80269,1,9,5,8,17,4
429100,16852863083,3,3,0,1,0,5,7,8,1,6,4,2,71,69,6,6,40,327,29,161,247,171,10661,42636,62574,80288,1,9,5,8,17,4
429200,16856816815,3,3,0,1,0,5,7,8,1,6,4,2,71,69,6,6,40,327,29,161,247,171,10665,42645,62592,80303,1,9,5,8,17,4
429300,16860766145,3,3,0,1,0,5,7,8,1,6,4,2,71,69,6,6,40,327,29,161,247,171,10672,42653,62606,80326,1,9,5,8,17,4
429400,16864714881,3,3,0,1,0,5,7,8,1,6,4,2,71,69,6,6,40,327,29,161,247,171,10676,42666,62615,80332,1,9,5,8,17,4
429500,16868671695,3,3,0,1,0,5,7,8,1,6,4,2,71,69,6,6,40,328,29,161,247,171,10680,42679,62632,80351,1,9,5,8,17,4
429600,16872620009,3,3,0,1,0,5,7,8,1,6,4,2,71,69,6,6,40,329,29,161,248,171,10684,42692,62652,80372,1,9,5,8,17,4
429700,16876570411,3,3,0,1,0,5,7,8,1,6,4,2,71,69,6,6,40,329,29,162,248,171,10686,42702,62666,80388,1,9,5,8,17,4
429800,16880517900,3,3,0,1,0,5,7,8,1,6,4,2,71,69,6,6,40,329,29,162,248,171,10690,42711,62681,80411,1,9,5,8,17,4
429900,16884462884,3,3,0,1,0,5,7,8,1,6,4,2,71,69,6,6,40,329,29,162,248,171,10691,42720,62693,80425,1,9,5,8,17,4
430000,16888423377,3,3,0,1,0,5,7,8,1,6,4,2,71,69,6,6,40,329,29,163,248,171,10691,42731,62706,80440,1,9,5,8,17,4
430100,16892383658,3,3,0,1,0,5,7,8,1,6,4,2,71,69,6,6,40,329,29,163,248,171,10695,42746,62725,80463,1,9,5,8,17,4
430200,16896340135,3,3,0,1,0,5,7,8,1,6,4,2,71,69,6,6,40,329,29,163,248,171,10697,42754,62745,80476,1,9,5,8,17,4
430300,16900298988,3,3,0,1,0,5,7,8,1,6,4,2,71,69,6,6,40,329,29,163,248,171,10699,42771,62759,80497,1,9,5,8,17,4
430400,16904263059,3,3,0,1,0,5,7,8,1,6,4,2,71,69,6,6,40,329,29,163,248,171,10699,42784,62771,80509,1,9,5,8,17,4
430500,16908233915,3,3,0,1,0,5,7,8,1,6,4,2,71,69,6,6,40,329,29,163,248,171,10704,42791,62789,80536,1,9,5,8,17,4
430600,16912202975,3,3,0,1,0,5,7,8,1,6,4,2,71,69,6,6,40,329,29,163,248,171,10706,42802,62803,80558,1,9,5,8,17,4
430700,16916164369,3,3,0,1,0,5,7,8,1,6,4,2,71,69,6,6,40,329,29,163,248,171,10708,42809,62819,80578,1,9,5,8,17,4
430800,16920132674,3,3,0,1,0,5,7,8,1,6,4,2,71,69,6,6,40,329,29,163,248,171,10709,42819,62837,80600,1,9,5,8,17,4
430900,16924091376,3,3,0,1,0,5,7,8,1,6,4,2,71,69,6,6,40,329,29,163,248,171,10715,42833,62855,80618,1,9,5,8,17,4
431000,16928046162,3,3,0,1,0,5,7,8,1,6,4,2,71,69,6,6,40,330,29,163,248,171,10716,42850,62867,80635,1,9,5,8,17,4
431100,16932005945,3,3,0,1,0,5,7,8,1,6,4,2,71,69,6,6,40,330,29,163,248,171,10718,42857,62879,80653,1,9,5,8,17,4
431200,16935972572,3,3,0,1,0,5,7,8,1,6,4,2,71,69,6,6,40,330,29,163,248,171,10721,42870,62894,80675,1,9,5,8,17,4
431300,16939935441,3,3,0,1,0,5,7,8,1,6,4,2,71,69,6,6,40,330,29,163,248,171,10725,42887,62921,80693,1,9,5,8,17,4
431400,16943895282,3,3,0,1,0,5,7,8,1,6,4,2,71,69,6,6,40,330,29,163,248,171,10726,42900,62929,80712,1,9,5,8,17,4
431500,16947848685,3,3,0,1,0,5,7,8,1,6,4,2,71,69,6,6,40,330,29,163,248,171,10730,42915,62946,80739,1,9,5,8,17,4
431600,16951799634,3,3,0,1,0,5,7,8,1,6,4,2,71,69,6,6,40,330,29,163,248,171,10732,42922,62962,80758,1,9,5,8,17,4
431700,16955756212,3,3,0,1,0,5,7,8,1,6,4,2,71,69,6,6,40,330,29,163,248,171,10734,42927,62972,80778,1,9,5,8,17,4
431800,16959710802,3,3,0,1,0,5,7,8,1,6,4,2,71,69,6,6,40,330,29,164,249,172,10739,42937,62989,80788,1,9,5,8,17,4
431900,16963666672,3,3,0,1,0,5,7,8,1,6,4,2,71,69,6,6,40,330,29,164,249,172,10741,42942,62996,80812,1,9,5,8,17,4
432000,16967627829,3,3,0,1,0,5,7,8,1,6,4,2,71,69,6,6,40,330,29,164,249,172,10741,42953,63013,80836,1,9,5,8,17,4
432100,16971580453,3,3,0,1,0,5,7,8,1,6,4,2,71,69,6,6,40,330,29,164,249,172,10742,42962,63023,80855,1,9,5,8,17,4
432200,16975534495,3,3,0,1,0,5,7,8,1,6,4,2,71,69,6,6,40,330,29,164,249,172,10744,42976,63039,80878,1,9,5,8,17,4
432300,16979477746,3,3,0,1,0,5,7,8,1,6,4,2,71,69,6,6,40,330,29,164,249,172,10745,42984,63049,80895,1,9,5,8,17,4
432400,16983428521,3,3,0,1,0,5,7,8,1,6,4,2,71,69,6,6,40,330,29,164,249,172,10745,42989,63056,80913,1,9,5,8,17,4
432500,16987383968,3,3,0,1,0,5,7,8,1,6,4,2,71,69,6,6,40,330,29,164,249,172,10749,43001,63064,80927,1,9,5,8,17,4
432600,16991343268,3,3,0,1,0,5,7,8,1,6,4,2,71,69,6,6,40,330,29,164,249,172,10751,43006,63080,80942,1,9,5,8,17,4
432700,16995305534,3,3,0,1,0,5,7,8,1,6,4,2,71,69,6,6,40,330,29,164,249,172,10753,43017,63097,80961,1,9,5,8,17,4
432800,16999271366,3,3,0,1,0,5,7,8,1,6,4,2,71,69,6,6,40,330,29,164,249,172,10755,43024,63115,80983,1,9,5,8,17,4
432900,17003231986,3,3,0,1,0,5,7,8,1,6,4,2,71,69,6,6,40,330,29,164,249,173,10758,43033,63123,81004,1,9,5,8,17,4
433000,17007194816,3,3,0,1,0,5,7,8,1,6,4,2,71,69,6,6,40,330,29,164,249,173,10761,43044,63136,81019,1,9,5,8,17,4
433100,17011166093,3,3,0,1,0,5,7,8,1,6,4,2,71,69,6,6,40,330,29,164,249,173,10764,43051,63157,81040,1,9,5,8,17,4
433200,17015148034,3,3,0,1,0,5,7,8,1,6,4,2,71,69,6,6,40,330,29,164,249,173,10770,43062,63171,81059,1,9,5,8,17,4
433300,17019121726,3,3,0,1,0,5,7,8,1,6,4,2,71,69,6,6,40,331,29,164,249,173,10777,43074,63185,81089,1,9,5,8,17,4
433400,17023093096,3,3,0,1,0,5,7,8,1,6,4,2,71,69,6,6,40,331,29,164,249,173,10779,43085,63195,81115,1,9,5,8,17,4
433500,17027074360,3,3,0,1,0,5,7,8,1,6,4,2,71,69,6,6,40,331,29,164,249,173,10783,43090,63211,81136,1,9,5,8,17,4
433600,17031055551,3,3,0,1,0,5,7,8,1,6,4,2,71,69,6,6,41,331,29,164,249,173,10785,43100,63222,81162,1,9,5,8,17,4
433700,17035041024,3,3,0,1,0,5,7,8,1,6,4,2,71,69,6,6,41,331,29,164,249,173,10787,43109,63235,81179,1,9,5,8,17,4
433800,17039037885,3,3,0,1,0,5,7,8,1,6,4,2,71,69,6,6,41,331,29,164,249,173,10790,43118,63248,81197,1,9,5,8,17,4
433900,17043031813,3,3,0,1,0,5,7,8,1,6,4,2,71,69,6,6,41,331,29,164,249,173,10794,43130,63263,81214,1,9,5,8,17,4
434000,17047021852,3,3,0,1,0,5,7,8,1,6,4,2,71,69,6,6,41,331,29,164,249,173,10795,43149,63287,81233,1,9,5,8,17,4
434100,17050998883,3,3,0,1,0,6,7,8,1,6,4,2,71,69,6,6,41,331,29,164,249,173,10797,43166,63309,81250,1,9,5,8,17,4
434200,17054966161,3,3,0,1,0,6,7,8,1,6,4,2,71,69,6,6,41,332,29,164,249,173,10800,43175,63317,81263,1,9,5,8,17,4
434300,17058926058,3,3,0,1,0,6,7,8,1,6,4,2,71,69,6,6,41,332,29,164,249,173,10801,43181,63331,81272,1,9,5,8,17,4
434400,17062890776,3,3,0,1,0,6,7,8,1,6,4,2,71,69,6,6,41,333,29,164,249,173,10803,43191,63345,81289,1,9,5,8,17,4
434500,17066856840,3,3,0,1,0,6,7,8,1,6,4,2,71,69,6,6,41,333,29,164,249,173,10804,43196,63357,81315,1,9,5,8,17,4
434600,17070828158,3,3,0,1,0,6,7,8,1,6,4,2,71,69,6,6,41,333,30,164,249,173,10807,43209,63368,81336,1,9,5,8,17,4
434700,17074799653,3,3,0,1,0,6,7,8,1,6,4,2,72,69,6,6,41,333,30,164,249,173,10808,43224,63387,81359,1,9,5,8,17,4
434800,17078766704,3,3,0,1,0,6,7,8,1,6,4,2,72,69,6,6,41,333,30,164,249,173,10810,43232,63396,81384,1,9,5,8,17,4
434900,17082738313,3,3,0,1,0,6,7,8,1,6,4,2,72,69,6,6,41,333,30,164,249,173,10814,43244,63409,81400,1,9,5,8,17,4
435000,17086699906,3,3,0,1,0,6,7,8,1,6,4,2,72,69,6,6,41,333,30,164,249,173,10815,43254,63429,81421,1,9,5,8,17,4
435100,17090655472,3,3,0,1,0,6,7,8,1,6,4,2,73,69,6,6,41,333,30,164,249,173,10819,43264,63444,81441,1,9,5,8,17,4
435200,17094607499,3,3,0,1,0,6,7,8,1,6,4,2,73,69,6,6,41,333,30,164,249,173,10822,43273,63453,81458,1,9,5,8,17,4
435300,17098562354,3,3,0,1,0,6,7,8,1,6,4,2,73,69,6,6,41,333,30,164,249,173,10824,43281,63469,81476,1,9,5,8,17,4
435400,17102519131,3,3,0,1,0,6,7,8,1,6,4,2,73,69,6,6,41,333,30,164,249,173,10826,43290,63482,81497,1,9,5,8,17,4
435500,17106476374,3,3,0,1,0,6,7,8,1,6,4,2,73,69,6,6,41,333,30,164,249,173,10829,43296,63496,81510,1,9,5,8,17,4
435600,17110439830,3,3,0,1,0,6,7,8,1,6,4,2,73,69,6,6,41,333,30,164,249,173,10832,43307,63502,81532,1,9,5,8,17,4
435700,17114399995,3,3,0,1,0,6,7,8,1,6,4,2,73,69,6,6,41,333,30,164,249,173,10835,43314,63515,81551,1,9,5,8,17,4
435800,17118364049,3,3,0,1,0,6,7,8,1,6,4,2,73,69,6,6,41,333,30,164,249,173,10839,43325,63530,81569,1,9,5,8,17,4
435900,17122323477,3,3,0,1,0,6,7,8,1,6,4,2,73,69,6,6,41,333,30,164,249,173,10842,43334,63547,81595,1,9,5,8,17,4
436000,17126284951,3,3,0,1,0,6,7,8,1,6,4,2,73,69,6,6,41,334,30,164,249,173,10844,43337,63562,81614,1,9,5,8,17,4
436100,17130245850,3,3,0,1,0,6,7,8,1,6,4,2,73,69,6,6,42,334,30,164,249,173,10846,43347,63584,81633,1,9,5,8,17,4
436200,17134217094,3,3,0,1,0,6,7,8,1,6,4,2,73,69,6,6,42,334,30,164,249,173,10851,43358,63598,81647,1,9,5,8,17,4
436300,17138194075,3,3,0,1,0,6,7,8,1,6,4,2,73,69,6,6,42,334,30,164,249,173,10852,43367,63613,81675,1,9,5,8,17,4
436400,17142182334,3,3,0,1,0,6,7,8,1,6,4,2,73,69,6,6,42,334,30,164,249,173,10856,43374,63631,81694,1,9,5,8,17,4
436500,17146157985,3,3,0,1,0,6,7,8,1,6,4,2,73,69,6,6,42,334,30,164,249,173,10860,43387,63648,81719,1,9,5,8,17,4
436600,17150125771,3,3,0,1,0,6,7,8,1,6,4,2,73,69,6,6,42,334,30,164,249,173,10862,43398,63663,81742,1,9,5,8,17,4
436700,17154087751,3,3,0,1,0,6,7,8,1,6,4,2,73,69,6,6,42,334,30,164,249,173,10865,43411,63679,81764,1,9,5,8,17,4
436800,17158041294,3,3,0,1,0,6,7,8,1,6,4,2,73,69,6,6,42,334,30,164,250,173,10868,43420,63697,81783,1,9,5,8,17,4
436900,17161994029,3,3,0,1,0,6,7,8,1,6,4,2,73,69,6,6,42,334,30,164,250,173,10871,43429,63710,81801,1,9,5,8,17,4
437000,17165956125,3,3,0,1,0,6,7,8,1,6,4,2,73,69,6,6,42,334,30,164,250,173,10872,43439,63722,81822,1,9,5,8,17,4
437100,17169920433,3,3,0,1,0,6,7,8,1,6,4,2,73,69,6,6,43,334,30,164,250,173,10874,43448,63738,81838,1,9,5,8,17,4
437200,17173884269,3,3,0,1,0,6,7,8,1,6,4,2,73,69,6,6,43,334,30,164,250,173,10876,43463,63750,81850,1,9,5,8,17,4
437300,17177842653,3,3,0,1,0,6,7,8,1,6,4,2,73,69,6,6,43,334,30,164,250,173,10879,43469,63766,81867,1,9,5,8,17,4
437400,17181802775,3,3,0,1,0,6,7,8,1,6,4,2,73,69,6,6,43,334,30,164,250,173,10879,43478,63777,81892,1,9,5,8,17,4
437500,17185765692,3,3,0,1,0,6,7,8,1,6,4,2,73,69,6,6,43,334,30,164,250,173,10882,43486,63797,81909,1,9,5,8,17,4
437600,17189720761,3,3,0,1,0,6,7,8,1,6,4,2,73,69,6,6,43,334,30,164,250,173,10886,43502,63821,81923,1,9,5,8,17,4
437700,17193668965,3,3,0,1,0,6,7,8,1,6,4,2,73,69,6,6,43,334,30,164,250,173,10886,43507,63835,81947,1,9,5,8,17,4
437800,17197619462,3,3,0,1,0,6,7,8,1,6,4,2,73,69,6,6,43,334,30,164,250,173,10889,43518,63843,81965,1,9,5,8,17,4
437900,17201571929,3,3,0,1,0,6,7,8,1,6,4,2,73,69,6,6,43,334,30,164,250,173,10891,43520,63857,81987,1,9,5,8,17,4
438000,17205527916,3,3,0,1,0,6,7,8,1,6,4,2,73,69,6,6,43,334,30,164,250,173,10893,43526,63870,82005,1,9,5,8,17,4
438100,17209475660,3,3,0,1,0,6,7,8,1,6,4,2,73,69,6,6,43,334,30,164,250,173,10894,43542,63885,82020,1,9,5,8,17,4
438200,17213411982,3,3,0,1,0,6,7,8,1,6,4,2,73,69,6,6,43,334,30,164,250,173,10895,43553,63901,82041,1,9,5,8,17,4
438300,17217347944,3,3,0,1,0,6,7,8,1,6,4,2,73,69,6,6,43,334,30,164,251,173,10899,43564,63916,82060,1,9,5,8,17,4
438400,17221285443,3,3,0,1,0,6,7,8,1,6,4,2,73,69,6,6,43,334,30,164,251,173,10903,43574,63926,82085,1,9,5,8,17,4
438500,17225221401,3,3,0,1,0,6,7,8,1,6,4,2,73,69,6,6,43,334,30,164,251,173,10906,43588,63942,82107,1,9,5,8,17,4
438600,17229153885,3,3,0,1,0,6,7,8,1,6,4,2,73,69,6,6,43,334,30,164,252,173,10908,43598,63952,82124,1,9,5,8,17,4
438700,17233081045,3,3,0,1,0,6,7,8,1,6,4,2,73,69,6,6,43,334,30,164,252,173,10911,43613,63970,82149,1,9,5,8,17,4
438800,17237004559,3,3,0,1,0,6,7,8,1,6,4,2,73,69,6,6,43,334,30,164,252,173,10919,43620,63987,82164,1,9,5,8,17,4
438900,17240935687,3,3,0,1,0,6,7,8,1,6,4,2,73,69,6,6,43,334,30,164,252,173,10921,43623,64003,82181,1,9,5,8,17,4
439000,17244869697,3,3,0,1,0,6,7,8,1,6,4,2,73,69,6,6,43,334,30,164,252,173,10924,43634,64015,82198,1,9,5,8,17,4
439100,17248802115,3,3,0,1,0,6,7,8,1,6,4,2,73,69,6,6,43,334,30,164,252,173,10929,43641,64028,82212,1,9,5,8,17,4
439200,17252737433,3,3,0,1,0,6,7,8,1,6,4,2,73,69,6,6,43,334,30,165,252,173,10931,43654,64047,82228,1,9,5,8,17,4
439300,17256680690,3,3,0,1,0,6,7,8,1,6,4,2,73,69,6,6,43,334,30,165,252,173,10932,43664,64058,82252,1,9,5,8,17,4
439400,17260623821,3,3,0,1,0,6,7,8,1,6,4,2,73,69,6,6,43,334,30,165,252,174,10933,43678,64074,82278,1,9,5,8,17,4
439500,17264552685,3,3,0,1,0,6,7,8,1,6,4,2,73,69,7,6,43,334,30,165,252,174,10936,43686,64087,82296,1,9,5,8,17,4
439600,17268477761,3,3,0,1,0,6,7,8,1,6,4,2,73,69,7,6,43,334,30,165,252,174,10939,43693,64105,82323,1,9,5,8,17,4
439700,17272399771,3,3,0,1,0,6,7,8,1,6,4,2,73,69,7,6,43,334,30,165,252,174,10941,43706,64117,82341,1,9,5,8,17,4
439800,17276330919,3,3,0,1,0,6,7,8,1,6,4,2,73,69,7,6,43,334,30,165,252,174,10944,43709,64125,82359,1,9,5,8,17,4
439900,17280265009,3,3,0,1,0,6,7,8,1,6,4,2,73,69,7,6,43,334,30,165,252,174,10949,43724,64138,82382,1,9,5,8,17,4
440000,17284196796,3,3,0,1,0,6,7,8,1,6,4,2,73,69,7,6,43,334,30,165,252,174,10950,43729,64150,82397,1,9,5,8,17,4
440100,17288134576,3,3,0,1,0,6,7,8,1,6,4,2,73,69,7,6,43,334,30,165,252,174,10952,43735,64161,82421,1,9,5,8,17,4
440200,17292072248,3,3,0,1,0,6,7,8,1,6,4,2,73,69,7,6,43,334,30,165,252,174,10953,43739,64173,82441,1,9,5,8,17,4
440300,17296022310,3,3,0,1,0,6,7,8,1,6,4,2,73,69,7,6,43,334,30,165,252,174,10955,43748,64185,82462,1,9,5,8,17,4
440400,17299968023,3,3,0,1,0,6,7,8,1,6,4,2,73,69,7,6,43,334,30,165,253,174,10957,43756,64200,82488,1,9,5,8,17,4
440500,17303918064,3,3,0,1,0,6,7,8,1,6,4,2,73,69,7,6,43,334,30,165,253,174,10957,43763,64218,82502,1,9,5,8,17,4
440600,17307881344,3,3,0,1,0,6,7,8,1,6,4,2,73,69,7,6,43,334,30,165,253,174,10958,43773,64229,82519,1,9,5,8,17,4
440700,17311846485,3,3,0,1,0,6,7,8,1,6,4,2,73,69,7,6,43,334,30,165,253,174,10961,43782,64245,82534,1,9,5,8,17,4
440800,17315808690,3,3,0,1,0,6,7,8,1,6,4,2,73,69,7,6,43,335,30,165,253,174,10961,43792,64259,82563,1,9,5,8,17,4
440900,17319755509,3,3,0,1,0,6,7,8,1,6,4,2,73,69,7,6,43,335,30,165,253,174,10963,43800,64274,82594,1,9,5,8,17,4
441000,17323701133,3,3,0,1,0,6,7,8,1,6,4,2,73,69,7,6,43,335,30,165,254,174,10967,43811,64287,82614,1,9,5,8,17,4
441100,17327651531,3,3,0,1,0,6,7,8,1,6,4,2,73,69,7,6,43,335,30,165,254,174,10969,43822,64298,82632,1,9,5,8,17,4
441200,17331597012,3,3,0,1,0,6,7,8,1,6,4,2,74,69,7,6,43,337,30,165,254,174,10971,43829,64312,82649,1,9,5,8,17,4
441300,17335546599,3,3,0,1,0,6,7,8,1,6,4,2,74,69,7,6,43,337,30,165,254,174,10972,43834,64332,82665,1,9,5,8,17,4
441400,17339507151,3,3,0,1,0,6,7,8,1,6,4,2,74,69,7,6,43,337,30,165,254,174,10977,43848,64349,82678,1,9,5,8,17,4
441500,17343457981,3,3,0,1,0,6,7,8,1,6,4,2,74,69,7,6,43,337,30,165,254,174,10978,43856,64370,82707,1,9,5,8,17,4
441600,17347397750,3,3,0,1,0,6,7,8,1,6,4,2,74,69,7,6,43,337,30,165,254,174,10982,43868,64388,82726,1,9,5,8,17,4
441700,17351334568,3,3,0,1,0,6,7,8,1,6,4,2,74,69,7,6,43,337,30,165,254,174,10984,43880,64407,82752,1,9,5,8,17,4
441800,17355271974,3,3,0,1,0,6,7,8,1,6,4,2,74,69,7,6,43,337,30,165,254,174,10989,43885,64426,82769,1,9,5,8,17,4
441900,17359216698,3,3,0,1,0,6,7,8,1,6,4,2,74,69,7,6,43,337,30,165,254,174,10992,43896,64433,82792,1,9,5,8,17,4
442000,17363157464,3,3,0,1,0,6,7,8,1,6,4,2,74,69,7,6,43,337,30,165,254,174,10994,43914,64451,82807,1,9,5,8,17,4
442100,17367090690,3,3,0,1,0,6,7,8,1,6,4,2,74,69,7,6,43,337,30,165,254,174,10997,43923,64471,82829,1,9,5,8,17,4
442200,17371022356,3,3,0,1,0,6,7,8,1,6,4,2,74,69,7,6,43,337,30,166,254,174,11000,43935,64487,82852,1,9,5,8,17,4
442300,17374949533,3,3,0,1,0,6,7,8,1,6,4,2,74,69,7,6,43,337,30,166,254,174,11001,43948,64502,82868,1,9,5,8,17,4
442400,17378876719,3,3,0,1,0,6,7,8,1,6,4,2,74,69,7,6,43,337,30,166,254,174,11005,43960,64516,82886,1,9,5,8,17,4
442500,17382807238,3,3,0,1,0,6,7,8,1,6,4,2,74,69,7,6,43,337,30,166,254,174,11009,43972,64532,82906,1,9,5,8,17,4
442600,17386743322,3,3,0,1,0,6,7,8,1,6,4,2,74,69,7,6,43,337,30,166,254,174,11011,43983,64551,82922,1,9,5,8,17,4
442700,17390679245,3,3,0,1,0,6,7,8,1,6,4,2,74,69,7,6,43,337,30,166,254,174,11012,43989,64563,82939,1,9,5,8,17,4
442800,17394629511,3,3,0,1,0,6,7,8,1,6,4,2,74,69,7,6,43,337,30,166,254,174,11012,43999,64573,82955,1,9,5,8,17,4
442900,17398581469,3,3,0,1,0,6,7,8,1,6,4,2,74,69,7,6,43,337,30,166,254,174,11014,44010,64586,82975,1,9,5,8,17,4
443000,17402529185,3,3,0,1,0,6,7,8,1,6,4,2,74,69,7,6,43,337,30,166,254,174,11018,44019,64610,83004,1,9,5,8,17,4
443100,17406465716,3,3,0,1,0,7,7,8,1,6,4,2,74,69,7,6,43,337,30,166,254,174,11019,44029,64624,83022,1,9,5,8,17,4
443200,17410405458,3,3,0,1,0,7,7,8,1,6,4,2,74,69,7,6,43,337,30,166,254,174,11022,44043,64636,83035,1,9,5,8,17,4
443300,17414346413,3,3,0,1,0,7,7,8,1,6,4,2,74,69,7,6,43,337,30,166,254,174,11025,44053,64651,83057,1,9,5,8,17,4
443400,17418297382,3,3,0,1,0,7,7,8,1,6,4,2,74,69,7,6,43,337,30,166,254,174,11026,44062,64665,83074,1,9,5,8,17,4
443500,17422243808,3,3,0,1,0,7,7,8,1,6,4,2,74,69,7,6,43,337,30,166,254,175,11029,44079,64679,83097,1,9,5,8,17,4
443600,17426184880,3,3,0,1,0,7,7,8,1,6,4,2,74,69,7,6,43,337,30,166,254,175,11034,44082,64697,83121,1,9,5,8,17,4
443700,17430126834,3,3,0,1,0,7,7,8,1,6,4,2,74,69,7,6,43,337,30,166,254,176,11037,44092,64714,83136,1,9,5,8,17,4
443800,17434065887,3,3,0,1,0,7,7,8,1,6,4,2,74,69,7,6,43,337,30,166,254,176,11038,44101,64723,83153,1,9,5,8,17,4
443900,17438001060,3,3,0,1,0,7,7,8,1,6,4,2,74,69,7,6,43,337,30,166,254,176,11041,44111,64742,83172,1,9,5,8,17,4
444000,17441937565,3,3,0,1,0,7,7,8,1,6,4,2,74,69,7,6,43,337,30,166,254,176,11042,44118,64756,83188,1,9,5,8,17,4
444100,17445871733,3,3,0,1,0,7,7,8,1,6,4,2,74,69,7,6,43,337,30,166,255,176,11044,44127,64769,83204,1,9,5,8,17,4
444200,17449817822,3,3,0,1,0,7,7,8,1,6,4,2,74,69,7,6,43,337,30,166,255,176,11045,44134,64785,83216,1,9,5,8,17,4
444300,17453762779,3,3,0,1,0,7,7,8,1,6,4,2,74,69,7,6,43,337,30,166,255,176,11046,44142,64801,83239,1,9,5,8,17,4
444400,17457720042,3,3,0,1,0,7,7,8,1,6,4,2,74,69,7,6,43,337,30,166,255,176,11046,44149,64816,83259,1,9,5,8,17,4
444500,17461682020,3,3,0,1,0,7,7,8,1,6,4,2,74,69,7,6,43,337,30,166,255,176,11050,44161,64836,83275,1,9,5,8,17,4
444600,17465630930,3,3,0,1,0,7,7,8,1,6,4,2,74,69,7,6,43,337,30,166,255,176,11052,44174,64858,83290,1,9,5,8,17,4
444700,17469574144,3,3,0,1,0,7,7,8,1,6,4,2,74,69,7,6,43,337,30,166,255,176,11053,44183,64874,83307,1,9,5,8,17,4
444800,17473518662,3,3,0,1,0,7,7,8,1,6,4,2,74,69,7,6,43,337,30,166,255,176,11056,44190,64895,83325,1,9,5,8,17,4
444900,17477459123,3,3,0,1,0,7,7,8,1,6,4,2,74,69,7,6,43,337,30,166,255,176,11057,44196,64909,83345,1,9,5,8,17,4
445000,17481407803,3,3,0,1,0,7,7,8,1,6,4,2,74,69,7,6,43,337,30,166,255,176,11058,44198,64927,83364,1,9,5,8,17,4
445100,17485359651,3,3,0,1,0,7,7,8,1,6,4,2,74,69,7,6,43,337,30,166,255,176,11061,44205,64944,83383,1,9,5,8,17,4
445200,17489308568,3,3,0,1,0,7,7,8,1,6,4,2,74,69,7,6,43,337,30,166,255,176,11062,44217,64960,83397,1,9,5,8,17,4
445300,17493256900,3,3,0,1,0,7,7,8,1,6,4,2,74,69,7,6,43,337,30,166,255,176,11062,44230,64981,83418,1,9,5,8,17,4
445400,17497207668,3,3,0,1,0,7,7,8,1,6,4,2,74,69,7,6,43,337,30,166,255,176,11063,44237,64992,83437,1,9,5,8,17,4
445500,17501147895,3,3,0,1,0,7,7,8,1,6,4,2,74,69,7,6,43,337,30,167,255,176,11064,44245,65013,83456,1,9,5,8,17,4
445600,17505092514,3,3,0,1,0,7,7,8,1,6,4,2,74,69,7,6,43,337,30,167,255,176,11068,44257,65023,83477,1,9,5,8,17,4
445700,17509031807,3,3,0,1,0,7,7,8,1,6,4,2,74,69,7,6,43,337,30,167,255,176,11072,44266,65035,83494,1,9,5,8,17,4
445800,17512971996,3,3,0,1,0,7,7,8,1,6,4,2,74,69,7,6,43,337,30,167,255,176,11073,44274,65046,83517,1,9,5,8,17,4
445900,17516917638,3,3,0,1,0,7,7,8,1,6,4,2,74,69,7,6,43,338,30,167,255,176,11076,44282,65061,83532,1,9,5,8,17,4
446000,17520868282,3,3,0,1,0,7,7,8,1,6,4,2,74,69,7,6,43,338,30,167,255,176,11078,44293,65075,83555,1,9,5,8,17,4
446100,17524799243,3,3,0,1,0,7,7,8,1,6,4,2,74,69,7,6,43,338,30,167,255,176,11084,44309,65097,83581,1,9,5,8,17,4
446200,17528729620,3,3,0,1,0,7,7,8,1,6,4,2,74,69,7,6,43,339,30,167,255,176,11084,44324,65114,83600,1,9,5,8,17,4
446300,17532655663,3,3,0,1,0,7,7,8,1,6,4,2,74,69,7,6,43,339,30,167,255,176,11089,44339,65126,83620,1,9,5,8,17,4
446400,17536580936,3,3,0,1,0,7,7,8,1,6,4,2,74,69,7,6,43,339,30,167,255,176,11090,44349,65142,83641,1,9,5,8,17,4
446500,17540510003,3,3,0,1,0,7,7,8,1,6,4,2,74,69,7,6,43,339,30,167,255,176,11093,44353,65159,83662,1,9,5,8,17,4
446600,17544439002,3,3,0,1,0,7,7,8,1,6,4,2,74,69,7,6,43,339,30,167,255,176,11096,44366,65173,83676,1,9,5,8,17,4
446700,17548380393,3,3,0,1,0,7,7,8,1,6,4,2,74,69,7,6,43,339,30,167,255,176,11098,44378,65188,83691,1,9,5,8,17,4
446800,17552335524,3,3,0,1,0,7,7,8,1,6,4,2,74,69,7,6,43,339,30,167,255,176,11103,44385,65197,83705,1,9,5,8,17,4
446900,17556294420,3,3,0,1,0,7,7,8,1,6,4,2,74,69,7,6,43,339,30,168,255,176,11103,44400,65211,83724,1,9,5,8,17,4
447000,17560249713,3,3,0,1,0,7,7,8,1,6,4,2,74,69,7,6,43,339,30,168,255,176,11104,44415,65234,83744,1,9,5,8,17,4
447100,17564199747,3,3,0,1,0,7,7,8,1,6,4,2,74,69,7,6,43,340,30,169,255,176,11107,44431,65249,83759,1,9,5,8,17,4
447200,17568157211,3,3,0,1,0,7,7,8,1,6,4,2,74,69,7,6,43,340,30,169,255,176,11109,44443,65263,83786,1,9,5,8,17,4
447300,17572117755,3,3,0,1,0,7,7,8,1,6,4,2,74,69,7,6,43,340,30,169,255,176,11112,44456,65277,83810,1,9,5,8,17,4
447400,17576072793,3,3,0,1,0,7,7,8,1,6,4,2,74,69,7,6,43,340,30,169,255,176,11113,44472,65294,83831,1,9,5,8,17,4
447500,17580031823,3,3,0,1,0,7,7,8,1,6,4,2,74,69,7,6,43,340,31,169,255,176,11113,44482,65311,83843,1,9,5,8,17,4
447600,17583993650,3,3,0,1,0,7,7,8,1,6,4,2,74,69,7,6,43,340,31,169,255,176,11116,44490,65330,83864,1,9,5,8,17,4
447700,17587946296,3,3,0,1,0,7,7,8,1,6,4,2,74,69,7,6,43,340,31,169,255,176,11120,44502,65348,83890,1,9,5,8,17,4
447800,17591900750,3,3,0,1,0,7,7,8,1,6,4,2,74,69,7,6,43,340,31,169,255,176,11120,44513,65364,83902,1,9,5,8,17,4
447900,17595845832,3,3,0,1,0,7,7,8,1,6,4,2,74,69,7,6,43,341,31,169,255,176,11123,44526,65385,83921,1,9,5,8,17,4
448000,17599799883,3,3,0,1,0,7,7,8,1,6,4,2,74,69,7,6,43,341,31,171,255,176,11128,44539,65399,83938,1,9,5,8,17,4
448100,17603747456,3,3,0,1,0,7,7,8,1,6,4,2,74,69,7,6,44,341,31,171,255,176,11130,44549,65418,83953,1,9,5,8,17,4
448200,17607685364,3,3,0,1,0,7,7,8,1,6,4,2,74,69,7,6,44,341,31,171,255,176,11132,44558,65440,83982,1,9,5,8,17,4
448300,17611619803,3,3,0,1,0,7,7,8,1,6,4,2,74,69,7,6,44,341,31,171,255,176,11133,44568,65451,84005,1,9,5,8,17,4
448400,17615553614,3,3,0,1,0,7,7,8,1,6,4,2,74,69,7,6,44,342,31,171,255,176,11134,44575,65462,84027,1,9,5,8,17,4
448500,17619488923,3,3,0,1,0,7,7,8,1,6,4,2,74,69,7,6,44,342,31,171,255,176,11138,44585,65480,84036,1,9,5,8,17,4
448600,17623432785,3,3,0,1,0,7,7,8,1,6,4,2,74,69,7,6,44,342,31,171,255,176,11138,44597,65496,84054,1,9,5,8,17,4
448700,17627370043,3,3,0,1,0,7,7,8,1,6,4,2,74,69,7,6,44,342,31,171,255,176,11142,44599,65518,84079,1,9,5,8,17,4
448800,17631305036,3,3,0,1,0,7,7,8,1,6,4,2,74,69,7,6,44,342,31,171,255,177,11143,44606,65532,84101,1,9,5,8,17,4
448900,17635223554,3,3,0,1,0,7,7,8,1,6,4,2,74,69,7,6,44,342,31,171,255,177,11145,44619,65552,84118,1,9,5,8,17,4
449000,17639142804,3,3,0,1,0,7,7,8,1,6,4,2,74,69,7,6,44,342,31,171,255,177,11146,44627,65567,84132,1,9,5,8,17,4
449100,17643068370,3,3,0,1,0,7,7,8,1,6,4,2,74,69,7,6,44,342,31,171,255,177,11149,44636,65575,84144,1,9,5,8,17,4
449200,17647001221,3,3,0,1,0,7,7,8,1,6,4,2,74,69,7,6,44,343,31,171,255,177,11150,44644,65591,84158,1,9,5,8,17,4
449300,17650934449,3,3,0,1,0,7,7,8,1,6,4,2,74,69,7,6,44,343,31,171,255,177,11150,44657,65607,84175,1,9,5,8,17,4
449400,17654866585,3,3,0,1,0,7,7,8,1,6,4,2,74,69,7,6,44,343,31,171,255,177,11151,44668,65626,84194,1,9,5,8,17,4
449500,17658802501,3,3,0,1,0,7,7,8,1,6,4,2,74,69,7,6,44,343,31,171,255,177,11154,44673,65636,84219,1,9,5,8,17,4
449600,17662728327,3,3,0,1,0,7,7,8,1,6,4,2,74,69,7,6,44,343,31,171,255,177,11155,44688,65653,84244,1,9,5,8,17,4
449700,17666661039,3,3,0,1,0,7,7,8,1,6,4,2,74,69,7,6,44,343,31,171,255,177,11156,44698,65663,84266,1,9,5,8,17,4
449800,17670585090,3,3,0,1,0,7,7,8,1,6,4,2,74,69,7,6,44,344,31,171,255,177,11158,44709,65684,84283,1,9,5,8,17,4
449900,17674520413,3,3,0,1,0,7,7,8,1,6,4,2,74,69,7,6,44,344,31,171,256,177,11162,44717,65702,84302,1,9,5,8,17,4
450000,17678461088,3,3,0,1,0,7,7,8,1,6,4,2,74,69,7,6,44,344,31,171,256,177,11166,44729,65720,84317,1,9,5,8,17,4
450100,17682417403,3,3,0,1,0,7,7,8,1,6,4,2,74,69,7,6,44,344,31,171,256,177,11167,44739,65737,84337,1,9,5,8,17,4
450200,17686373053,3,3,0,1,0,7,7,8,1,6,4,2,74,69,7,6,44,344,31,171,256,177,11170,44746,65751,84353,1,9,5,8,17,4
450300,17690328787,3,3,0,1,0,7,7,8,1,6,4,2,74,69,7,6,44,344,31,172,256,177,11173,44749,65767,84371,1,9,5,8,17,4
450400,17694272294,3,3,0,1,0,7,7,8,1,6,4,2,74,69,7,6,44,344,31,172,256,177,11173,44762,65785,84395,1,9,5,8,17,4
450500,17698208559,3,3,0,1,0,7,7,8,1,6,4,2,74,69,7,6,44,344,31,172,256,177,11174,44774,65800,84409,1,9,5,8,17,4
450600,17702134138,3,3,0,1,0,7,7,8,1,6,4,2,74,69,7,6,44,344,31,172,256,177,11177,44786,65819,84423,1,9,5,8,17,4
450700,17706060077,3,3,0,1,0,7,7,8,1,6,4,2,74,69,7,6,44,344,31,172,256,177,11183,44795,65830,84443,1,9,5,8,17,4
450800,17709982922,3,3,0,1,0,7,7,8,1,6,4,2,74,69,7,6,44,344,31,172,256,177,11186,44806,65841,84465,1,9,5,8,17,4
450900,17713901911,3,3,0,1,0,7,7,8,1,6,4,2,74,69,7,6,44,344,31,172,256,177,11187,44821,65855,84487,1,9,5,8,17,4
451000,17717821866,3,3,0,1,0,7,7,8,1,6,4,2,75,69,7,6,44,344,31,172,256,177,11191,44831,65869,84504,1,9,5,8,17,4
451100,17721739118,3,3,0,1,0,7,7,8,1,6,4,2,75,69,7,6,44,344,31,172,256,177,11193,44841,65883,84534,1,9,5,8,17,4
451200,17725646678,3,3,0,1,0,7,7,8,1,6,4,2,75,69,7,6,44,344,31,172,256,177,11194,44858,65892,84549,1,9,5,8,17,4
451300,17729555810,3,3,0,1,0,7,7,8,1,6,4,2,75,69,7,6,44,344,31,172,256,177,11196,44867,65904,84570,1,9,5,8,17,4
451400,17733466892,3,3,0,1,0,7,7,8,1,6,4,2,75,69,7,6,44,344,31,172,257,177,11197,44874,65921,84591,1,9,5,8,17,4
451500,17737375778,3,3,0,1,0,7,7,8,1,6,4,2,75,69,7,6,44,344,31,172,257,177,11197,44885,65930,84613,1,9,5,8,17,4
451600,17741290887,3,3,0,1,0,7,7,8,1,6,4,2,75,69,7,6,44,344,31,172,257,177,11198,44891,65944,84629,1,9,5,8,17,4
451700,17745209859,3,3,0,1,0,7,7,8,1,6,4,2,75,69,7,6,44,344,31,172,257,177,11201,44908,65959,84649,1,9,5,8,17,4
451800,17749118133,3,3,0,1,0,7,7,8,1,6,4,2,75,69,7,6,44,344,31,172,257,177,11203,44916,65968,84667,1,9,5,8,17,4
451900,17753017378,3,3,0,1,0,7,7,8,1,6,4,2,76,69,7,6,44,344,31,172,257,178,11204,44922,65989,84692,1,9,5,8,17,4
452000,17756917847,3,3,0,1,0,7,7,8,1,6,4,2,76,69,7,6,44,344,31,172,257,178,11206,44932,66002,84709,1,9,5,8,17,4
452100,17760831055,3,3,0,1,0,7,7,8,1,6,4,2,76,69,7,6,44,344,31,172,257,178,11210,44942,66013,84722,1,9,5,8,17,4
452200,17764747718,3,3,0,1,0,7,7,8,1,6,4,2,76,69,7,6,44,344,31,172,257,178,11212,44956,66026,84744,1,9,5,8,17,4
452300,17768657449,3,3,0,1,0,7,7,8,1,6,4,2,76,69,7,6,44,345,31,172,257,178,11215,44966,66043,84762,1,9,5,8,17,4
452400,17772563961,3,3,0,1,0,7,7,8,1,6,4,2,76,69,7,6,44,345,31,172,257,178,11216,44984,66059,84774,1,9,5,8,17,4
452500,17776465997,3,3,0,1,0,7,7,8,1,6,4,2,76,69,7,6,44,345,32,172,257,178,11216,44995,66075,84797,1,9,5,8,17,4
452600,17780361655,3,3,0,1,0,7,7,8,1,6,4,2,76,70,7,6,44,345,32,172,257,178,11218,45005,66090,84818,1,9,5,8,17,4
452700,17784257354,3,3,0,1,0,7,7,8,1,6,4,2,76,70,7,6,44,345,32,172,257,178,11221,45016,66108,84830,1,9,5,8,17,4
452800,17788142622,3,3,0,1,0,7,7,8,1,6,4,2,76,70,7,6,44,345,32,172,257,178,11222,45032,66119,84857,1,9,5,8,17,4
452900,17792029435,3,3,0,1,0,7,7,8,1,6,4,2,76,70,7,6,44,345,32,172,257,178,11222,45040,66130,84887,1,9,5,8,17,4
453000,17795915964,3,3,0,1,0,7,7,8,1,6,4,2,76,70,7,6,44,345,32,172,257,178,11229,45048,66144,84906,1,9,5,8,17,4
453100,17799814520,3,3,0,1,0,7,7,8,1,6,4,2,76,70,7,6,44,345,32,172,257,178,11233,45056,66155,84921,1,9,5,8,17,4
453200,17803710562,3,3,0,1,0,7,7,8,1,6,4,2,76,70,7,6,44,345,32,172,257,178,11236,45062,66180,84936,1,9,5,8,17,4
453300,17807611914,3,3,0,1,0,7,7,8,1,6,4,2,76,70,7,6,44,345,32,172,257,178,11238,45069,66192,84955,1,9,5,8,17,4
453400,17811516432,3,3,0,1,0,7,7,8,1,6,4,2,76,70,7,6,44,345,32,172,257,178,11240,45083,66203,84980,1,9,5,8,17,4
453500,17815420042,3,3,0,1,0,7,7,8,1,6,4,2,76,70,7,6,44,345,33,172,257,178,11242,45088,66217,85003,1,9,5,8,17,4
453600,17819322318,3,3,0,1,0,7,7,8,1,6,4,2,76,70,7,6,44,345,33,172,257,178,11244,45101,66235,85031,1,9,5,8,17,4
453700,17823220876,3,3,0,1,0,7,7,8,1,6,4,2,76,70,7,6,44,345,33,172,257,178,11245,45109,66247,85049,1,9,5,8,17,4
453800,17827116221,3,3,0,1,0,7,7,8,1,6,4,2,76,70,7,6,44,345,33,172,257,178,11249,45118,66264,85061,1,9,5,8,17,4
453900,17831005984,3,3,0,1,0,7,7,8,1,6,4,2,76,70,7,6,44,345,33,172,257,178,11251,45127,66278,85079,1,9,5,8,17,4
454000,17834899808,3,3,0,1,0,7,7,8,1,6,4,2,76,70,7,6,44,345,33,172,257,178,11252,45129,66297,85093,1,9,5,8,17,4
454100,17838807699,3,3,0,1,0,7,7,8,1,6,4,2,76,70,7,6,44,345,33,172,257,178,11253,45137,66311,85108,1,9,5,8,17,4
454200,17842721861,3,3,0,1,0,7,7,8,1,6,4,2,76,70,7,6,44,345,33,172,257,178,11254,45149,66327,85124,1,9,5,8,17,4
454300,17846642252,3,3,0,1,0,7,7,8,1,6,4,2,76,70,7,6,44,345,33,172,257,178,11257,45159,66341,85136,1,9,5,8,17,4
454400,17850559234,3,3,0,1,0,7,7,8,1,6,4,2,76,70,7,6,44,345,33,172,257,178,11259,45172,66354,85161,1,9,5,8,17,4
454500,17854474542,3,3,0,1,0,7,7,8,1,6,4,2,76,70,7,6,44,345,33,172,257,178,11261,45190,66367,85178,1,9,5,8,17,4
454600,17858405013,3,3,0,1,0,7,7,8,1,6,4,2,76,70,7,6,44,345,33,172,257,178,11265,45198,66379,85192,1,9,5,8,17,4
454700,17862334113,3,3,0,1,0,7,7,8,1,6,4,2,76,70,7,6,44,345,33,172,257,178,11267,45214,66397,85214,1,9,5,8,17,4
454800,17866260818,3,3,0,1,0,7,7,8,1,6,4,2,76,70,7,6,44,345,33,172,257,178,11267,45220,66417,85230,1,9,5,8,17,4
454900,17870193606,3,3,0,1,0,7,7,8,1,6,4,2,76,70,7,6,44,345,33,172,257,178,11272,45233,66429,85249,1,9,5,8,17,4
455000,17874123068,3,3,0,1,0,7,7,8,1,6,4,2,76,70,7,6,44,345,33,172,257,178,11272,45239,66443,85271,1,9,5,8,17,4
455100,17878055550,3,3,0,1,0,7,7,8,1,6,4,2,76,70,7,6,44,345,33,173,257,178,11275,45247,66458,85290,1,9,5,8,17,4
455200,17882000506,3,3,0,1,0,7,7,8,1,6,4,2,76,70,7,6,44,345,33,173,257,178,11277,45262,66471,85315,1,9,5,8,17,4
455300,17885939011,3,3,0,1,0,7,7,8,1,6,4,2,76,70,7,6,44,345,33,174,257,178,11280,45275,66489,85334,1,9,5,8,17,4
455400,17889880050,3,3,0,1,0,7,7,8,1,6,4,2,77,70,7,6,44,345,33,174,257,178,11281,45290,66502,85350,1,9,5,8,17,4
455500,17893821839,3,3,0,1,0,7,7,8,1,6,4,2,77,70,7,6,44,345,33,174,257,178,11282,45304,66518,85371,1,9,5,8,17,4
455600,17897765427,3,3,0,1,0,7,7,8,1,6,4,2,77,70,7,6,44,345,33,174,257,178,11286,45308,66537,85395,1,9,5,8,17,4
455700,17901720144,3,3,0,1,0,7,7,8,1,6,4,2,77,70,7,6,44,345,33,174,257,178,11288,45317,66550,85412,1,9,5,8,17,4
455800,17905680607,3,3,0,1,0,7,7,8,1,6,4,2,77,70,7,6,44,345,33,174,257,178,11293,45326,66564,85423,1,9,5,8,17,4
455900,17909642027,3,3,0,1,0,7,7,8,1,6,4,2,77,70,7,6,44,345,33,174,257,178,11294,45331,66581,85436,1,9,5,8,17,4
456000,17913590090,3,3,0,1,0,7,7,8,1,6,4,2,77,70,7,6,44,345,33,174,257,178,11298,45342,66590,85457,1,9,5,8,17,4
456100,17917526765,3,3,0,1,0,7,7,8,1,6,4,2,77,70,7,6,44,345,33,174,257,178,11299,45353,66601,85470,1,9,5,8,17,4
456200,17921457461,3,3,0,1,0,7,7,8,1,6,4,2,77,70,7,6,44,346,33,174,257,178,11301,45362,66612,85487,1,9,5,8,17,4
456300,17925393577,3,3,0,1,0,7,7,8,1,6,4,2,77,70,7,6,44,346,33,174,257,178,11304,45368,66626,85502,1,9,5,8,17,4
456400,17929331666,3,3,0,1,0,7,7,8,1,6,4,2,77,70,7,6,44,346,33,174,257,178,11308,45382,66632,85523,1,9,5,8,17,4
456500,17933261688,3,3,0,1,0,7,7,8,1,6,4,2,77,70,7,6,44,346,33,174,257,178,11312,45391,66646,85544,1,9,5,8,17,4
456600,17937190461,3,3,0,1,0,7,7,8,1,6,4,2,77,70,7,6,44,346,33,175,257,178,11314,45398,66661,85568,1,9,5,8,17,4
456700,17941119011,3,3,0,1,0,7,7,8,1,6,4,2,77,70,7,6,44,346,33,175,257,178,11315,45408,66686,85593,1,9,5,8,17,4
456800,17945039473,3,3,0,1,0,7,7,8,1,6,4,2,77,70,7,6,44,346,33,175,257,178,11317,45413,66699,85615,1,9,5,8,17,4
456900,17948965711,3,3,0,1,0,7,7,8,1,6,4,2,77,70,7,6,44,346,33,175,257,178,11318,45425,66716,85639,1,9,5,8,17,4
457000,17952882341,3,3,0,1,0,7,7,8,1,6,4,2,77,70,7,6,44,346,33,175,257,178,11319,45434,66730,85660,1,9,5,8,17,4
457100,17956806481,3,3,0,1,0,7,7,8,1,6,4,2,77,70,7,6,44,346,33,175,257,178,11320,45443,66746,85684,1,9,5,8,17,4
457200,17960731720,3,3,0,1,0,7,7,8,1,6,4,2,77,70,7,6,44,346,33,175,257,178,11322,45454,66758,85710,1,9,5,8,17,4
457300,17964659614,3,3,0,1,0,7,7,8,1,6,4,2,77,70,7,6,44,346,33,175,257,178,11325,45470,66772,85731,1,9,5,8,17,4
457400,17968585572,3,3,0,1,0,7,7,8,1,6,4,2,77,70,7,6,44,347,33,175,257,178,11327,45476,66790,85758,1,9,5,8,17,4
457500,17972510715,3,3,0,1,0,7,7,8,1,6,4,2,77,70,7,6,44,347,33,175,257,178,11329,45484,66805,85777,1,9,5,8,17,4
457600,17976441414,3,3,0,1,0,7,7,8,1,6,4,2,77,70,7,6,44,348,33,175,257,178,11329,45487,66820,85791,1,9,5,8,17,4
457700,17980385905,3,3,0,1,0,7,7,8,1,6,4,2,77,70,7,6,44,348,34,175,257,178,11330,45496,66834,85799,1,9,5,8,17,4
457800,17984337378,3,3,0,1,0,7,7,8,1,6,4,2,77,70,7,6,44,348,34,175,257,178,11332,45508,66849,85816,1,9,5,8,17,4
457900,17988279724,3,3,0,1,0,7,7,8,1,6,4,2,77,70,7,6,44,348,34,175,257,178,11334,45525,66863,85835,1,9,5,8,17,4
458000,17992217548,3,3,0,1,0,7,7,8,1,6,4,2,77,70,7,6,44,348,34,175,257,178,11336,45535,66885,85850,1,9,5,8,17,4
458100,17996163665,3,3,0,1,0,7,7,8,1,6,4,2,77,70,7,6,44,348,34,175,257,178,11339,45541,66901,85874,1,9,5,8,17,4
458200,18000111969,3,3,0,1,0,7,7,8,1,6,4,2,77,70,7,6,44,348,34,175,257,178,11340,45546,66911,85901,1,9,5,8,17,4
458300,18004059173,3,3,0,1,0,7,7,8,1,6,4,2,77,70,7,6,44,348,34,175,257,178,11344,45558,66922,85922,1,9,5,8,17,4
458400,18008009943,3,3,0,1,0,7,7,8,1,6,4,2,77,70,7,6,44,348,34,175,257,178,11346,45571,66942,85945,1,9,5,8,17,4
458500,18011946681,3,3,0,1,0,7,7,8,1,6,4,2,77,70,7,6,44,348,34,175,258,178,11350,45580,66962,85967,1,9,5,8,17,4
458600,18015876186,3,3,0,1,0,7,7,8,1,6,4,2,77,70,7,6,44,348,34,175,259,178,11353,45586,66973,85987,1,9,5,8,17,4
458700,18019813861,3,3,0,1,0,7,7,8,1,6,4,2,77,70,7,6,44,348,34,175,259,178,11355,45595,66985,86007,1,9,5,8,17,4
458800,18023756306,3,3,0,1,0,7,7,8,1,6,4,2,77,70,7,6,44,348,34,175,259,178,11355,45599,66999,86030,1,9,5,8,17,4
458900,18027681669,3,3,0,1,0,7,7,8,1,6,4,2,77,70,7,6,44,348,34,175,259,178,11358,45611,67011,86060,1,9,5,8,17,4
459000,18031600648,3,3,0,1,0,7,7,8,1,6,4,2,77,70,7,6,44,348,34,175,259,178,11360,45620,67028,86078,1,9,5,8,17,4
459100,18035526711,3,3,0,1,0,7,7,8,1,6,4,2,77,70,7,6,44,348,34,175,259,178,11362,45629,67047,86093,1,9,5,8,17,4
459200,18039462391,3,3,0,1,0,7,7,8,1,6,4,2,77,70,7,6,44,348,34,175,259,178,11365,45640,67062,86107,1,9,5,8,17,4
459300,18043395745,3,3,0,1,0,7,7,8,1,6,4,2,77,70,7,6,44,348,34,175,259,178,11371,45653,67079,86133,1,9,5,8,17,4
459400,18047322607,3,3,0,1,0,7,7,8,1,6,4,2,77,70,7,6,44,348,34,175,259,178,11372,45668,67094,86145,1,9,5,8,17,4
459500,18051258946,3,3,0,1,0,7,7,8,1,6,4,2,77,70,7,6,44,348,34,175,259,178,11374,45681,67105,86159,1,9,5,8,17,4
459600,18055194892,3,3,0,1,0,7,7,8,1,6,4,2,77,70,7,6,44,348,34,175,259,178,11378,45688,67118,86180,1,9,5,8,17,4
459700,18059133151,3,3,0,1,0,7,7,8,1,6,4,2,77,70,7,6,44,348,34,175,259,178,11379,45692,67130,86193,1,9,5,8,17,4
459800,18063087936,3,3,0,1,0,7,7,8,1,6,4,2,77,70,7,6,44,348,34,175,259,178,11382,45700,67139,86211,1,9,5,8,17,4
459900,18067042615,3,3,0,1,0,7,7,8,1,6,4,2,77,70,7,6,44,348,34,175,259,178,11384,45710,67149,86230,1,9,5,8,17,4
460000,18070991346,3,3,0,1,0,7,7,8,1,6,4,2,77,70,7,6,44,348,34,175,259,178,11384,45724,67162,86245,1,9,5,8,17,4
460100,18074938601,3,3,0,1,0,7,7,8,1,6,4,2,77,70,7,6,44,348,34,175,259,178,11386,45733,67185,86264,1,9,5,8,17,4
460200,18078872187,3,3,0,1,0,7,7,8,1,6,4,2,77,70,7,6,44,348,34,175,259,178,11391,45744,67202,86288,1,9,5,8,17,4
460300,18082810174,3,3,0,1,0,7,7,8,1,6,4,2,77,70,7,6,44,348,34,175,259,178,11392,45757,67216,86298,1,9,5,8,17,4
460400,18086748581,3,3,0,1,0,7,7,8,1,6,4,2,77,70,7,6,44,348,34,175,259,178,11393,45765,67234,86321,1,9,5,8,17,4
460500,18090685263,3,3,0,1,0,7,7,8,1,6,4,2,77,70,7,6,44,348,34,175,259,178,11397,45777,67246,86339,1,9,5,8,17,4
460600,18094627150,3,3,0,1,0,7,7,8,1,6,4,2,77,70,7,6,44,348,34,175,259,178,11399,45790,67264,86352,1,9,5,8,17,4
460700,18098571183,3,3,0,1,0,7,7,8,1,6,4,2,77,70,7,6,44,348,34,176,259,178,11401,45801,67282,86370,1,9,5,8,17,4
460800,18102517987,3,3,0,1,0,7,7,8,1,6,4,2,77,70,7,6,44,348,34,176,259,178,11406,45809,67293,86385,1,9,5,8,17,4
460900,18106467352,3,3,0,1,0,7,7,8,1,6,4,2,77,70,7,6,44,348,34,176,259,178,11410,45817,67309,86405,1,9,5,8,17,4
461000,18110411635,3,3,0,1,0,7,7,8,1,6,4,2,77,70,7,6,44,348,34,176,259,178,11412,45827,67324,86432,1,9,5,8,17,4
461100,18114358324,3,3,0,1,0,7,7,8,1,6,4,2,77,70,7,6,44,348,34,176,259,178,11414,45837,67343,86446,1,9,5,8,18,4
461200,18118307891,3,3,0,1,0,7,7,8,1,6,4,2,77,70,7,6,44,348,34,176,259,178,11415,45852,67360,86467,1,9,5,8,18,4
461300,18122252828,3,3,0,1,0,7,7,8,1,6,4,2,77,71,7,6,44,348,34,177,259,178,11416,45861,67375,86493,1,9,5,8,18,4
461400,18126191487,3,3,0,1,0,7,7,8,1,6,4,2,77,71,7,6,44,348,34,177,259,178,11418,45868,67396,86514,1,9,5,8,18,4
461500,18130125590,3,3,0,1,0,7,7,8,1,6,4,2,77,71,7,6,44,348,34,177,259,178,11423,45883,67412,86533,1,9,5,8,18,4
461600,18134052830,3,3,0,1,0,7,7,8,1,6,4,2,77,71,7,6,44,349,34,177,259,178,11427,45896,67426,86548,1,9,5,8,18,4
461700,18137968802,3,3,0,1,0,7,7,8,1,6,4,2,78,71,7,6,44,349,34,177,259,178,11432,45903,67441,86570,1,9,5,8,18,4
461800,18141879766,3,3,0,1,0,7,7,8,1,6,4,2,78,71,7,6,44,349,34,177,259,178,11435,45913,67449,86593,1,9,5,8,18,4
461900,18145797768,3,3,0,1,0,7,7,8,1,6,4,2,78,71,7,6,44,349,34,177,259,178,11437,45928,67460,86607,1,9,5,8,18,4
462000,18149721611,3,3,0,1,0,7,7,8,1,6,4,2,78,71,7,6,44,349,34,177,259,178,11440,45935,67470,86627,1,9,5,8,18,4
462100,18153659373,3,3,0,1,0,7,7,8,1,6,4,2,78,71,7,6,44,349,34,177,259,178,11441,45942,67477,86641,1,9,5,8,18,4
462200,18157606343,3,3,0,1,0,7,7,8,1,6,4,2,78,71,7,6,44,349,34,177,259,178,11442,45951,67488,86662,1,9,5,8,18,4
462300,18161555563,3,3,0,1,0,7,7,8,1,6,4,2,78,71,7,6,44,349,34,177,259,178,11444,45957,67503,86678,1,9,5,8,18,4
462400,18165504326,3,3,0,1,0,7,7,8,1,6,4,2,78,71,7,6,44,349,34,177,259,178,11447,45968,67521,86700,1,9,5,8,18,4
462500,18169445994,3,3,0,1,0,7,7,8,1,6,4,2,78,71,7,6,44,349,34,177,259,178,11448,45984,67528,86718,1,9,5,8,18,4
462600,18173401982,3,3,0,1,0,7,7,8,1,6,4,2,78,71,7,6,44,349,34,177,259,178,11449,45995,67548,86732,1,9,5,8,18,4
462700,18177365120,3,3,0,1,0,7,7,8,1,6,4,2,78,71,7,6,44,349,34,177,259,178,11450,46008,67559,86755,1,9,5,8,18,4
462800,18181335479,3,3,0,1,0,7,7,8,1,6,4,2,78,71,7,6,44,349,34,177,259,178,11452,46022,67574,86775,1,9,5,8,18,4
462900,18185310807,3,3,0,1,0,7,7,8,1,6,4,2,78,71,7,6,44,349,34,177,259,178,11453,46034,67584,86794,1,9,5,8,18,4
463000,18189288863,3,3,0,1,0,7,7,8,1,6,4,2,78,71,7,6,44,349,34,177,259,178,11454,46043,67603,86815,1,9,5,8,18,4
463100,18193265241,3,3,0,1,0,7,7,8,1,6,4,2,78,71,7,6,44,350,34,177,259,179,11457,46054,67619,86840,1,9,5,8,18,4
463200,18197231164,3,3,0,1,0,7,7,8,1,6,4,2,78,71,7,6,44,350,34,177,259,179,11460,46063,67636,86859,1,9,5,8,18,4
463300,18201194825,3,3,0,1,0,7,7,8,1,6,4,2,78,71,7,6,44,350,34,177,259,179,11463,46069,67653,86874,1,9,5,8,18,4
463400,18205154812,3,3,0,1,0,7,7,8,1,6,4,2,78,71,7,6,44,350,34,177,259,179,11465,46078,67680,86896,1,9,5,8,18,4
463500,18209117479,3,3,0,1,0,7,7,8,1,6,4,2,78,71,7,6,44,350,34,177,259,179,11466,46091,67687,86917,1,9,5,8,18,4
463600,18213075890,3,3,0,1,0,7,7,8,1,6,4,2,78,71,7,6,44,350,34,177,260,179,11467,46103,67705,86937,1,9,5,8,18,4
463700,18217038238,3,3,0,1,0,7,7,8,1,6,4,2,78,71,7,6,44,351,35,178,261,179,11471,46115,67720,86958,1,9,5,8,18,4
463800,18220993051,3,3,0,1,0,7,7,8,1,6,4,2,78,71,7,6,44,351,35,178,261,180,11473,46126,67739,86983,1,9,5,8,18,4
463900,18224952469,3,3,0,1,0,7,7,8,1,6,4,2,78,71,7,6,44,351,35,178,261,180,11474,46142,67753,87000,1,9,5,8,18,4
464000,18228913915,3,3,0,1,0,7,7,8,1,6,4,2,78,71,7,6,44,351,35,178,261,180,11476,46148,67765,87031,1,9,5,8,18,4
464100,18232878296,3,3,0,1,0,7,7,8,1,6,4,2,78,71,7,6,44,351,35,178,261,180,11478,46161,67783,87050,1,9,5,8,18,4
464200,18236834427,3,3,0,1,0,7,7,8,1,6,4,2,78,71,7,6,44,351,35,178,261,180,11481,46176,67798,87071,1,9,5,8,18,4
464300,18240796897,3,3,0,1,0,7,7,8,1,6,4,2,78,71,7,6,44,351,35,178,261,180,11482,46184,67812,87087,1,9,5,8,18,4
464400,18244753523,3,3,0,1,0,7,7,8,1,6,4,2,78,71,7,6,44,351,35,178,261,180,11484,46196,67826,87103,1,9,5,8,18,4
464500,18248716626,3,3,0,1,0,7,7,8,1,6,4,2,78,71,7,6,44,351,35,178,261,180,11488,46209,67838,87125,1,9,5,8,18,4
464600,18252670568,3,3,0,1,0,7,7,8,1,6,4,2,78,71,7,6,44,351,35,178,261,180,11493,46224,67855,87146,1,9,5,8,18,4
464700,18256623721,3,3,0,1,0,7,7,8,1,6,4,2,78,71,7,6,44,351,35,178,261,180,11494,46229,67863,87168,1,9,5,8,18,4
464800,18260590954,3,3,0,1,0,7,7,8,1,6,4,2,78,71,7,6,44,351,35,178,261,180,11499,46237,67872,87189,1,9,5,8,18,4
464900,18264552812,3,3,0,1,0,7,7,8,1,6,4,2,78,71,7,6,44,351,35,178,261,180,11504,46254,67887,87203,1,9,5,8,18,4
465000,18268522748,3,3,0,1,0,7,7,8,1,6,4,2,78,71,7,6,44,351,35,178,261,180,11507,46266,67897,87223,1,9,5,8,18,4
465100,18272495583,3,3,0,1,0,7,7,8,1,6,4,2,78,71,7,6,44,351,35,178,261,180,11511,46282,67903,87237,1,9,5,8,18,4
465200,18276457457,3,3,0,1,0,7,7,8,1,6,4,2,78,71,7,6,44,351,35,178,261,180,11515,46300,67923,87256,1,9,5,8,18,4
465300,18280411749,3,3,0,1,0,7,7,8,1,6,4,2,78,71,7,6,44,351,35,178,261,180,11517,46308,67942,87273,1,9,5,8,18,4
465400,18284376371,3,3,0,1,0,7,7,8,1,6,4,2,78,71,7,6,44,351,35,178,261,180,11519,46319,67956,87288,1,9,5,8,18,4
465500,18288328200,3,3,0,1,0,7,7,8,1,6,4,2,78,71,7,6,44,351,35,178,261,180,11524,46328,67974,87308,1,9,5,8,18,4
465600,18292280167,3,3,0,1,0,7,7,8,1,6,4,2,78,71,7,6,44,351,35,178,261,180,11526,46335,67988,87330,1,9,5,8,18,4
465700,18296235129,3,3,0,1,0,7,7,8,1,6,4,2,78,71,7,6,44,351,35,178,261,180,11529,46346,67994,87349,1,9,5,8,18,4
465800,18300188807,3,3,0,1,0,7,7,8,1,6,4,2,78,71,7,6,44,351,35,178,261,180,11533,46362,68009,87366,1,9,5,8,18,4
465900,18304133749,3,3,0,1,0,7,7,8,1,6,4,2,78,71,7,6,44,351,35,178,261,180,11536,46373,68023,87381,1,9,5,8,18,4
466000,18308082481,3,3,0,1,0,7,7,8,1,6,4,2,78,71,7,6,44,351,35,178,261,180,11539,46379,68036,87400,1,9,5,8,18,4
466100,18312031968,3,3,0,1,0,7,7,8,1,6,4,2,78,71,7,6,44,351,35,178,261,181,11540,46389,68048,87426,1,9,5,8,18,4
466200,18315977123,3,3,0,1,0,7,7,8,1,6,4,2,78,71,7,6,44,351,35,178,261,181,11542,46394,68066,87443,1,9,5,8,18,4
466300,18319923598,3,3,0,1,0,7,7,8,1,6,4,2,78,71,7,6,44,351,35,179,261,181,11545,46404,68081,87460,1,9,5,8,18,4
466400,18323864993,3,3,0,1,0,7,7,8,1,6,4,2,78,71,7,6,44,351,35,179,261,181,11547,46416,68101,87475,1,9,5,8,18,4
466500,18327805582,3,3,0,1,0,7,7,8,1,6,4,2,78,71,7,6,44,351,35,179,261,181,11553,46428,68117,87493,1,9,5,8,18,4
466600,18331741766,3,3,0,1,0,7,7,8,1,6,4,2,78,71,7,6,44,352,35,179,261,181,11556,46435,68134,87512,1,9,5,8,18,4
466700,18335683266,3,3,0,1,0,7,7,8,1,6,4,2,78,71,7,6,44,352,35,179,261,181,11560,46440,68145,87525,1,9,5,8,18,4
466800,18339634257,3,3,0,1,0,7,7,8,1,6,4,2,78,71,7,6,44,352,35,179,261,181,11561,46452,68156,87542,1,9,5,8,18,4
466900,18343588558,3,3,0,1,0,7,7,8,1,6,4,2,78,71,7,6,44,352,35,179,261,181,11563,46463,68169,87561,1,9,5,8,18,4
467000,18347547801,3,3,0,1,0,7,7,8,1,6,4,2,78,71,7,6,44,352,35,179,261,181,11567,46476,68186,87583,1,9,5,8,18,4
467100,18351505361,3,3,0,1,0,7,7,8,1,6,4,2,78,71,7,6,44,353,35,179,261,181,11568,46485,68199,87601,1,9,5,8,18,4
467200,18355477544,3,3,0,1,0,7,7,8,1,6,4,2,78,71,7,6,44,353,35,179,261,181,11570,46494,68204,87620,1,9,5,8,18,4
467300,18359452531,3,3,0,1,0,7,7,8,1,6,4,2,78,71,7,6,44,353,35,179,261,181,11574,46497,68223,87640,1,9,5,8,18,4
467400,18363420665,3,3,0,1,0,7,7,8,1,6,4,2,78,71,7,6,44,353,35,179,261,181,11578,46505,68238,87660,1,9,5,8,18,4
467500,18367385114,3,3,0,1,0,7,7,8,1,6,4,2,78,71,7,6,44,353,35,179,261,181,11579,46514,68256,87682,1,9,5,8,18,4
467600,18371352535,3,3,0,1,0,7,7,8,1,6,4,2,78,71,7,6,44,353,35,179,261,181,11584,46522,68275,87705,1,9,5,8,18,4
467700,18375316283,3,3,0,1,0,7,7,8,1,6,4,2,78,71,8,6,44,353,35,179,261,182,11587,46525,68287,87724,1,9,5,8,18,4
467800,18379272286,3,3,0,1,0,7,7,8,1,6,4,2,78,71,8,6,44,353,35,179,261,182,11587,46536,68305,87743,1,9,5,8,18,4
467900,18383221322,3,3,0,1,0,7,7,8,1,6,4,2,78,71,8,6,44,354,35,179,261,182,11587,46548,68319,87762,1,9,5,8,18,4
468000,18387171411,3,3,0,1,0,7,7,8,1,6,4,2,79,71,8,6,44,354,35,179,261,182,11589,46560,68335,87778,1,9,5,8,18,4
468100,18391133383,3,3,0,1,0,7,7,8,1,6,4,2,79,71,8,6,44,354,35,179,261,182,11590,46564,68358,87797,1,9,5,8,18,4
468200,18395089695,3,3,0,1,0,7,7,8,1,6,4,2,79,71,8,6,44,354,35,179,261,182,11591,46579,68372,87825,1,9,5,8,18,4
468300,18399050854,3,3,0,1,0,7,7,8,1,6,4,2,79,71,8,6,44,354,35,179,261,182,11592,46590,68380,87836,1,9,5,8,18,4
468400,18403014766,3,3,0,1,0,7,7,8,1,6,4,2,79,71,8,6,44,354,35,179,261,182,11594,46598,68390,87849,1,9,5,8,18,4
468500,18406990758,3,3,0,1,0,7,7,8,1,6,4,2,79,71,8,6,44,354,35,179,261,182,11595,46607,68397,87862,1,9,5,8,18,4
468600,18410983877,3,3,0,1,0,7,7,8,1,6,4,2,79,71,8,6,44,354,35,179,261,182,11599,46619,68417,87885,1,9,5,8,18,4
468700,18414978024,3,3,0,1,0,7,7,8,1,6,4,2,79,71,8,6,44,354,35,179,261,182,11603,46627,68427,87893,1,9,5,8,18,4
468800,18418977963,3,3,0,1,0,7,7,8,1,6,4,2,80,71,8,6,44,354,35,179,261,182,11607,46647,68449,87912,1,9,5,8,18,4
468900,18422965838,3,3,0,1,0,7,7,8,1,6,4,2,80,71,8,6,44,354,35,179,261,182,11610,46656,68469,87931,1,9,5,8,18,4
469000,18426962903,3,3,0,1,0,7,7,8,1,6,4,2,80,71,8,6,44,355,35,179,262,182,11615,46663,68484,87946,1,9,5,8,18,4
469100,18430969432,3,3,0,1,0,7,7,8,1,6,4,2,80,71,8,6,44,356,35,179,262,182,11619,46675,68499,87964,1,9,5,8,18,4
469200,18434967264,3,3,0,1,0,7,7,8,1,6,4,2,80,71,8,6,44,356,35,179,262,182,11622,46686,68518,87984,1,9,5,8,18,4
469300,18438965462,3,3,0,1,0,7,7,8,1,6,4,2,80,71,8,6,44,357,35,179,262,182,11623,46697,68534,87996,1,9,5,8,18,4
469400,18442964019,3,3,0,1,0,7,7,8,1,6,4,2,80,71,8,6,44,357,35,179,262,182,11625,46709,68544,88015,1,9,5,8,18,4
469500,18446957437,3,3,0,1,0,7,7,8,1,6,4,2,80,71,8,6,44,357,35,179,262,182,11628,46720,68556,88033,1,9,5,8,18,4
469600,18450945422,3,3,0,1,0,7,7,8,1,6,4,2,80,71,8,6,44,358,35,179,262,182,11630,46730,68568,88061,1,9,5,8,18,4
469700,18454929368,3,3,0,1,0,7,7,8,1,6,4,2,80,71,8,6,44,359,35,179,262,182,11633,46737,68590,88076,1,9,5,8,18,4
469800,18458917744,3,3,0,1,0,7,7,8,1,6,4,2,80,71,8,6,44,359,35,179,263,182,11636,46751,68597,88092,1,9,5,8,18,4
469900,18462902970,3,3,0,1,0,7,7,8,1,6,4,2,80,71,8,6,44,359,35,179,263,182,11641,46760,68612,88115,1,9,5,8,18,4
470000,18466887797,3,3,0,1,0,7,7,8,1,6,4,2,80,71,8,6,44,359,35,179,263,182,11643,46770,68626,88127,1,9,5,8,18,4
470100,18470872574,3,3,0,1,0,7,7,8,1,6,4,2,80,71,8,6,44,359,35,179,263,183,11644,46782,68637,88152,1,9,5,8,18,4
470200,18474865539,3,3,0,1,0,7,7,8,1,6,4,2,80,71,8,6,44,359,35,179,263,183,11645,46791,68648,88170,1,9,5,8,18,4
470300,18478864592,3,3,0,1,0,7,7,8,1,6,4,2,80,71,8,6,44,359,35,179,263,183,11649,46810,68668,88182,1,9,5,8,18,4
470400,18482846272,3,3,0,1,0,7,7,8,1,6,4,2,80,71,8,6,44,359,35,179,263,183,11650,46825,68687,88197,1,9,5,8,18,4
470500,18486832836,3,3,0,1,0,7,7,8,1,6,4,2,80,71,8,6,44,359,35,179,263,183,11654,46835,68703,88217,1,9,5,8,18,4
470600,18490824053,3,3,0,1,0,7,7,8,1,6,4,2,80,71,8,6,44,359,35,179,263,183,11655,46845,68717,88242,1,9,5,8,18,4
470700,18494811866,3,3,0,1,0,7,7,8,1,6,4,2,80,71,8,6,44,359,35,179,264,183,11661,46853,68731,88256,1,9,5,8,18,4
470800,18498805687,3,3,0,1,0,7,7,8,1,6,4,2,80,71,8,6,45,359,35,179,264,183,11662,46863,68749,88277,1,9,5,8,18,4
470900,18502803026,3,3,0,1,0,7,7,8,1,6,4,2,80,71,8,6,45,359,35,179,264,183,11668,46880,68765,88297,1,9,5,8,18,4
471000,18506799304,3,3,0,1,0,7,7,8,1,6,4,2,80,71,8,6,45,359,35,179,264,183,11669,46890,68780,88317,1,9,5,8,18,4
471100,18510797143,3,3,0,1,0,7,7,8,1,6,4,2,80,71,8,6,45,359,35,179,264,183,11671,46905,68796,88330,1,9,5,8,18,4
471200,18514786222,3,3,0,1,0,7,7,8,1,6,4,2,80,71,8,6,45,359,35,179,264,183,11673,46917,68811,88355,1,9,5,8,18,4
471300,18518768403,3,3,0,1,0,7,7,8,1,6,4,2,80,71,8,6,45,359,35,179,264,183,11674,46934,68828,88371,1,9,5,8,18,4
471400,18522749238,3,3,0,1,0,7,7,8,1,6,4,2,80,71,8,6,45,359,35,179,264,183,11682,46946,68842,88393,1,9,5,8,18,4
471500,18526727541,3,3,0,1,0,7,7,8,1,6,4,2,80,71,8,6,45,359,35,179,264,183,11682,46957,68855,88412,1,9,5,8,18,4
471600,18530697847,3,3,0,1,0,7,7,8,1,6,4,2,80,71,8,6,45,359,35,180,264,183,11688,46970,68870,88430,1,9,5,8,18,4
471700,18534659215,3,3,0,1,0,7,7,8,1,6,4,2,80,71,8,6,46,359,35,180,264,183,11691,46979,68882,88453,1,9,5,8,18,4
471800,18538620743,3,3,0,1,0,7,7,8,1,6,4,2,80,71,8,6,46,359,35,180,264,183,11693,46983,68902,88472,1,9,5,8,18,4
471900,18542568499,3,3,0,1,0,7,7,8,1,6,4,2,80,71,8,6,46,359,35,180,264,183,11697,46997,68913,88491,1,9,5,8,18,4
472000,18546517268,3,3,0,1,0,7,7,8,1,6,4,2,80,71,8,6,46,359,35,180,264,183,11698,47007,68929,88513,1,9,5,8,18,4
472100,18550466520,3,3,0,1,0,7,7,8,1,6,4,2,80,71,8,6,46,360,35,180,264,183,11701,47014,68945,88530,1,9,5,8,18,4
472200,18554420002,3,3,0,1,0,7,7,8,1,6,4,2,80,71,8,6,46,360,35,180,264,183,11702,47023,68954,88549,1,9,5,8,18,4
472300,18558390244,3,3,0,1,0,7,7,8,1,6,4,2,80,71,8,6,46,360,35,180,264,183,11704,47030,68966,88563,1,9,5,8,18,4
472400,18562362880,3,3,0,1,0,7,7,8,1,6,4,2,80,71,8,6,46,360,35,180,264,183,11706,47045,68983,88580,1,9,5,8,18,4
472500,18566341014,3,3,0,1,0,7,7,8,1,6,4,2,80,71,8,6,46,360,35,180,264,183,11709,47055,69000,88594,1,9,5,8,18,4
472600,18570325467,3,3,0,1,0,7,7,8,1,6,4,2,80,71,8,6,46,360,35,180,264,183,11712,47065,69014,88619,1,9,5,8,18,4
472700,18574303404,3,3,0,1,0,7,7,8,1,6,4,2,80,71,8,6,46,360,35,180,265,183,11714,47075,69028,88635,1,9,5,8,18,4
472800,18578280028,3,3,0,1,0,7,7,8,1,6,4,2,80,71,8,6,46,360,35,181,265,183,11716,47088,69036,88659,1,10,5,8,18,4
472900,18582267886,3,3,0,1,0,7,7,8,1,6,4,2,80,71,8,6,46,360,35,181,265,183,11718,47099,69047,88680,1,10,5,8,18,4
473000,18586265014,3,3,0,1,0,7,7,8,1,6,4,2,80,71,8,6,46,360,35,181,265,183,11722,47109,69063,88701,1,10,5,8,18,4
473100,18590252335,3,3,0,1,0,7,7,8,1,6,4,2,80,71,8,6,46,360,35,181,265,183,11723,47115,69083,88715,1,10,5,8,18,4
473200,18594249401,3,3,0,1,0,7,7,8,1,6,4,2,80,71,8,6,46,361,35,181,265,183,11728,47122,69098,88732,1,10,5,8,18,4
473300,18598251995,3,3,0,1,0,7,7,8,1,6,4,2,80,71,8,6,46,361,35,181,265,183,11729,47136,69114,88745,1,10,5,8,18,4
473400,18602250227,3,3,0,1,0,7,7,8,1,6,4,2,80,71,8,6,46,361,35,181,266,183,11732,47148,69130,88766,1,10,5,8,18,4
473500,18606252830,3,3,0,1,0,7,7,8,1,6,4,2,80,71,8,6,46,361,35,181,266,184,11738,47158,69141,88786,1,10,5,8,18,4
473600,18610252194,3,3,0,1,0,7,7,8,1,6,4,2,81,71,8,6,46,361,35,181,266,184,11738,47165,69152,88802,1,10,5,8,18,4
473700,18614252585,3,3,0,1,0,7,7,8,1,6,4,2,81,71,8,6,46,361,35,181,266,184,11739,47180,69165,88826,1,10,5,8,18,4
473800,18618249992,3,3,0,1,0,7,7,8,1,6,4,2,81,71,8,6,46,361,35,181,266,184,11740,47187,69182,88857,1,10,5,8,18,4
473900,18622230239,3,3,0,1,0,7,7,8,1,6,4,2,81,71,8,6,46,361,35,181,266,184,11743,47196,69202,88880,1,10,5,8,18,4
474000,18626207139,3,3,0,1,0,7,7,8,1,6,4,2,81,71,8,6,46,361,35,181,266,184,11743,47200,69217,88900,1,10,5,8,18,4
474100,18630179751,3,3,0,1,0,7,7,8,1,6,4,2,81,71,8,6,46,361,35,181,266,184,11746,47207,69240,88912,1,10,5,8,18,4
474200,18634154028,3,3,0,1,0,7,7,8,1,6,4,2,81,71,8,6,46,361,35,182,266,184,11749,47215,69250,88936,1,10,5,8,18,4
474300,18638123373,3,3,0,1,0,7,7,8,1,6,4,2,82,71,8,6,46,361,35,182,266,184,11753,47224,69263,88952,1,10,5,8,18,4
474400,18642091704,3,3,0,1,0,7,7,8,1,6,4,2,82,71,8,6,46,361,35,182,266,184,11757,47234,69277,88972,1,10,5,8,18,4
474500,18646058023,3,3,0,1,0,7,7,8,1,6,4,2,82,71,8,6,46,361,35,182,266,184,11761,47248,69293,88993,1,10,5,8,18,4
474600,18650010553,3,3,0,1,0,7,7,8,1,6,4,2,82,71,8,6,46,361,35,182,266,184,11763,47262,69306,89023,1,10,5,8,18,4
474700,18653957357,3,3,0,1,0,7,7,8,1,6,4,2,82,71,8,6,46,361,35,182,266,184,11765,47275,69314,89039,1,10,5,8,18,4
474800,18657908589,3,3,0,1,0,7,7,8,1,6,4,2,82,71,8,6,46,361,35,183,266,184,11769,47282,69332,89059,1,10,5,8,18,4
474900,18661861240,3,3,0,1,0,7,7,8,1,6,4,2,82,71,8,6,46,362,35,183,266,184,11772,47291,69345,89078,1,10,5,8,18,4
475000,18665805948,3,3,0,1,0,7,7,8,1,6,4,2,83,71,8,6,46,362,35,183,266,184,11773,47299,69365,89098,1,10,5,8,18,4
475100,18669743437,3,3,0,1,0,7,7,8,1,6,4,2,83,71,8,6,46,362,35,183,266,184,11774,47311,69379,89119,1,10,5,8,18,4
475200,18673673270,3,3,0,1,0,7,7,8,1,6,4,2,83,71,8,6,46,363,35,183,267,184,11776,47321,69391,89132,1,10,5,8,18,4
475300,18677610691,3,3,0,1,0,7,7,8,1,6,4,2,83,71,8,6,46,363,35,183,267,184,11776,47329,69409,89147,1,10,5,8,18,4
475400,18681557878,3,3,0,1,0,7,7,8,1,6,4,2,83,72,8,6,46,363,35,183,267,184,11778,47337,69421,89165,1,10,5,8,18,4
475500,18685500738,3,3,0,1,0,7,7,8,1,6,4,2,83,72,8,6,46,363,35,183,267,184,11781,47349,69435,89179,1,10,5,8,18,4
475600,18689443811,3,3,0,1,0,7,7,8,1,6,4,2,83,72,8,6,47,363,35,183,267,184,11782,47358,69449,89201,1,10,5,8,18,4
475700,18693386718,3,3,0,1,0,7,7,8,1,6,4,2,83,72,8,6,47,363,35,184,268,184,11783,47376,69457,89215,1,10,5,8,18,4
475800,18697329093,3,3,0,1,0,7,7,8,1,6,4,2,83,72,8,6,47,363,35,184,268,184,11786,47392,69470,89233,1,10,5,8,18,4
475900,18701279344,3,3,0,1,0,7,7,8,1,6,4,2,83,72,8,6,47,363,35,184,268,184,11787,47401,69484,89249,1,10,5,8,18,4
476000,18705248422,3,3,0,1,0,7,7,8,1,6,4,2,83,72,8,6,47,363,35,184,268,184,11790,47407,69497,89273,1,10,5,8,18,4
476100,18709220980,3,3,0,1,0,7,7,8,1,6,4,2,83,72,8,6,47,363,35,184,268,184,11790,47412,69509,89291,1,10,5,8,18,4
476200,18713195516,3,3,0,1,0,7,7,8,1,6,4,2,83,72,8,6,47,364,35,184,268,184,11790,47422,69523,89313,1,10,5,8,18,4
476300,18717170704,3,3,0,1,0,7,7,8,1,6,4,2,83,72,8,6,47,364,35,184,268,184,11790,47428,69531,89328,1,10,5,8,18,4
476400,18721142585,3,3,0,1,0,7,7,8,1,6,4,2,83,72,8,6,47,364,35,184,268,184,11792,47440,69544,89356,1,10,5,8,18,4
476500,18725116243,3,3,0,1,0,7,7,8,1,6,4,2,83,72,8,6,47,364,35,184,268,184,11793,47454,69560,89381,1,10,5,8,18,4
476600,18729086233,3,3,0,1,0,7,7,8,1,6,4,2,83,72,8,6,47,364,35,184,268,184,11795,47462,69576,89403,1,10,5,8,18,4
476700,18733058368,3,3,0,1,0,7,7,8,1,6,4,2,83,72,8,6,47,364,35,184,268,184,11797,47474,69585,89424,1,10,5,8,18,4
476800,18737027430,3,3,0,1,0,7,7,8,1,6,4,2,83,72,8,6,47,364,35,184,268,184,11799,47481,69601,89448,1,10,5,8,18,4
476900,18740995286,3,3,0,1,0,7,7,8,1,6,4,2,83,72,8,6,47,364,35,184,268,184,11803,47486,69612,89473,1,10,5,8,18,4
477000,18744957596,3,3,0,1,0,7,7,8,1,6,4,2,83,72,8,6,47,364,35,184,268,184,11803,47501,69629,89489,1,10,5,8,18,4
477100,18748919834,3,3,0,1,0,7,7,8,1,6,4,2,83,72,8,6,47,364,35,184,268,184,11804,47506,69645,89506,1,10,5,8,18,4
477200,18752887714,3,3,0,1,0,7,7,8,1,6,4,2,83,72,8,6,48,364,35,184,268,184,11809,47510,69664,89522,1,10,5,8,18,4
477300,18756844181,3,3,0,1,0,7,7,8,1,6,4,2,83,72,8,6,48,364,35,184,268,184,11811,47514,69674,89541,1,10,5,8,18,4
477400,18760795326,3,3,0,1,0,7,7,8,1,6,4,2,83,72,8,6,48,364,35,184,268,184,11813,47528,69691,89567,1,10,5,8,18,4
477500,18764740583,3,3,0,1,0,7,7,8,1,6,4,2,83,72,8,6,48,364,35,184,268,184,11817,47531,69701,89582,1,10,5,8,18,4
477600,18768700650,3,3,0,1,0,7,7,8,1,6,4,2,83,72,8,6,48,364,35,184,268,184,11818,47549,69722,89602,1,10,5,8,18,4
477700,18772665256,3,3,0,1,0,7,7,8,1,6,4,2,83,72,8,6,48,364,35,184,268,184,11821,47556,69732,89621,1,10,5,8,18,4
477800,18776630185,3,3,0,1,0,7,7,8,1,6,4,2,83,72,8,6,48,364,35,184,268,184,11825,47577,69742,89640,1,10,5,8,18,4
477900,18780581982,3,3,0,1,0,7,7,8,1,6,4,2,83,72,8,6,48,364,35,184,268,184,11827,47588,69767,89660,1,10,5,8,18,4
478000,18784529791,3,3,0,1,0,7,7,8,1,6,4,2,83,72,8,6,48,364,35,184,268,184,11828,47595,69779,89677,1,10,5,8,18,4
478100,18788484014,3,3,0,1,0,7,7,8,1,6,4,2,83,72,8,6,48,364,35,184,268,184,11830,47603,69792,89696,1,10,5,8,18,4
478200,18792453408,3,3,0,1,0,7,7,8,1,6,4,2,83,72,8,6,48,364,35,184,268,184,11833,47611,69798,89713,1,10,5,8,18,4
478300,18796433432,3,3,0,1,0,7,7,8,1,6,4,2,83,73,8,6,48,365,35,184,268,184,11835,47622,69812,89729,1,10,5,8,18,4
478400,18800408478,3,3,0,1,0,7,7,8,1,6,4,2,83,73,8,6,48,365,35,184,268,184,11836,47636,69826,89751,1,10,5,8,18,4
478500,18804372457,3,3,0,1,0,7,7,8,1,6,4,2,83,73,8,6,48,365,35,184,268,184,11840,47647,69838,89774,1,10,5,8,18,4
478600,18808334278,3,3,0,1,0,7,7,8,1,6,4,2,83,73,8,6,48,365,35,184,268,184,11843,47657,69851,89790,1,10,5,8,18,4
478700,18812292083,3,3,0,1,0,7,7,8,1,6,4,2,83,73,8,6,48,365,35,184,268,184,11845,47673,69869,89805,1,10,5,8,18,4
478800,18816252222,3,3,0,1,0,7,7,8,1,6,4,2,83,73,8,6,48,365,35,184,268,184,11852,47680,69883,89818,1,10,5,8,18,4
478900,18820217168,3,3,0,1,0,7,7,8,1,6,4,2,83,73,8,6,48,365,35,184,268,184,11854,47688,69893,89835,1,10,5,9,18,4
479000,18824175593,3,3,0,1,0,7,7,8,1,6,4,2,83,73,8,6,48,365,35,184,268,184,11858,47699,69910,89853,1,10,5,9,18,4
479100,18828129478,3,3,0,1,0,7,7,8,1,6,4,2,83,73,9,6,48,365,35,184,268,184,11859,47710,69921,89866,1,10,5,9,18,4
479200,18832082523,3,3,0,1,0,7,7,8,1,6,4,2,84,73,9,6,48,365,35,184,268,184,11860,47721,69937,89880,1,10,5,9,19,4
479300,18836035310,3,3,0,1,0,7,7,8,1,6,4,2,84,73,9,6,48,365,35,184,268,184,11864,47729,69953,89906,1,10,5,9,19,4
479400,18839985270,3,3,0,1,0,7,7,8,1,6,4,2,84,73,9,6,48,365,35,185,268,184,11865,47739,69969,89926,1,10,5,9,19,4
479500,18843934925,3,3,0,1,0,7,7,8,1,6,4,2,84,73,9,6,48,365,35,185,268,184,11867,47748,69984,89949,1,10,5,9,19,4
479600,18847883960,3,3,0,1,0,7,7,8,1,6,4,2,84,73,9,6,48,366,35,185,268,184,11868,47754,70001,89971,1,10,5,9,19,4
479700,18851835644,3,3,0,1,0,7,7,8,1,6,4,2,84,73,9,6,48,366,35,185,268,184,11871,47764,70008,89982,1,10,5,9,19,4
479800,18855782565,3,3,0,1,0,7,7,8,1,6,4,2,84,73,9,6,48,366,35,185,268,184,11872,47777,70024,90001,1,10,5,9,19,4
479900,18859729640,3,3,0,1,0,7,7,8,1,6,4,2,84,73,9,6,48,366,35,185,268,184,11875,47791,70032,90019,1,10,5,9,19,4
480000,18863680300,3,3,0,1,0,7,7,8,1,6,4,2,84,73,9,6,48,366,35,185,268,184,11878,47803,70044,90036,1,10,5,9,19,4
480100,18867626382,3,3,0,1,0,7,7,8,1,6,4,2,84,73,9,6,48,366,35,185,268,184,11879,47812,70061,90058,1,10,5,9,19,4
480200,18871575693,3,3,0,1,0,7,7,8,1,6,4,2,84,73,9,6,48,366,35,185,268,184,11881,47823,70073,90082,1,10,5,9,19,4
480300,18875515213,3,3,0,1,0,7,7,8,1,6,4,2,84,73,9,6,48,366,35,185,269,184,11886,47836,70084,90104,1,10,5,9,19,4
480400,18879450211,3,3,0,1,0,7,7,8,1,6,4,2,84,74,9,6,48,366,35,185,269,184,11887,47843,70100,90119,1,10,5,9,19,4
480500,18883390362,3,3,0,1,0,7,7,8,1,6,4,2,84,74,9,6,48,366,35,185,269,184,11887,47851,70118,90138,1,10,5,9,19,4
480600,18887320287,3,3,0,1,0,7,7,8,1,6,4,2,84,74,9,6,48,367,35,185,270,184,11888,47865,70139,90160,1,10,5,9,19,4
480700,18891243067,3,3,0,1,0,7,7,8,1,6,4,2,84,74,9,6,48,367,35,185,270,184,11889,47881,70155,90180,1,10,5,9,19,4
480800,18895156981,3,3,0,1,0,7,7,8,1,6,4,2,84,74,9,6,48,367,35,185,270,184,11890,47892,70166,90211,1,10,5,9,19,4
480900,18899076294,3,3,0,1,0,7,7,8,1,6,4,2,84,74,9,6,48,367,35,185,270,184,11892,47900,70178,90222,1,10,5,9,19,4
481000,18902990045,3,3,0,1,0,7,7,8,1,6,4,2,84,74,9,6,48,367,35,185,270,184,11896,47906,70196,90238,1,10,5,9,19,4
481100,18906898758,3,3,0,1,0,7,7,8,1,6,4,2,84,74,9,6,48,367,35,185,270,184,11897,47920,70210,90252,1,10,5,9,19,4
481200,18910807688,3,3,0,1,0,7,7,8,1,6,4,2,84,74,9,6,48,367,35,185,270,184,11902,47936,70229,90264,1,10,5,9,19,4
481300,18914724517,3,3,0,1,0,7,7,8,1,6,4,2,84,74,9,6,48,367,35,185,270,184,11904,47951,70243,90280,1,10,5,9,19,4
481400,18918639105,3,3,0,1,0,7,7,8,1,6,4,2,84,74,9,6,48,368,35,185,270,184,11906,47961,70265,90290,1,10,5,9,19,4
481500,18922553123,3,3,0,1,0,7,7,8,1,6,4,2,84,74,9,6,48,368,35,185,270,184,11908,47969,70279,90306,1,10,5,9,19,4
481600,18926472558,3,3,0,1,0,7,7,8,1,6,4,2,84,74,9,6,48,368,35,185,270,184,11908,47979,70297,90323,1,10,5,9,19,4
481700,18930397504,3,3,0,1,0,7,7,8,1,6,4,2,84,74,9,6,48,368,35,185,270,184,11911,47993,70309,90343,1,10,5,9,19,4
481800,18934331957,3,3,0,1,0,7,7,8,1,6,4,2,84,74,9,6,48,368,35,185,270,184,11911,48000,70315,90361,1,10,5,9,19,4
481900,18938268610,3,3,0,1,0,7,7,8,1,6,4,2,84,74,9,6,48,368,35,185,270,184,11915,48005,70330,90384,1,10,5,9,19,4
482000,18942212418,3,3,0,1,0,7,7,8,1,6,4,2,84,74,9,6,48,368,35,185,270,184,11918,48014,70347,90409,1,10,5,9,19,4
482100,18946153905,3,3,0,1,0,7,7,8,1,6,4,2,84,74,9,6,48,368,35,186,270,184,11919,48019,70358,90434,1,10,5,9,19,4
482200,18950092122,3,3,0,1,0,7,7,8,1,6,4,2,84,74,9,6,48,368,35,186,270,184,11921,48030,70367,90449,1,10,5,9,19,4
482300,18954023250,3,3,0,1,0,7,7,8,1,6,4,2,85,74,9,6,48,368,35,186,270,184,11923,48045,70384,90466,1,10,5,9,19,4
482400,18957957392,3,3,0,1,0,7,7,8,1,6,4,2,85,74,9,6,48,368,35,186,270,184,11923,48053,70399,90485,1,10,5,9,19,4
482500,18961899179,3,3,0,1,0,7,7,8,1,6,4,2,85,74,9,6,48,368,35,186,270,184,11926,48062,70414,90504,1,10,5,9,19,4
482600,18965844674,3,3,0,1,0,7,7,8,1,6,4,2,85,74,9,6,48,368,35,186,270,184,11929,48075,70425,90526,1,10,5,9,19,4
482700,18969791579,3,3,0,1,0,7,7,8,1,6,4,2,85,74,9,6,48,368,35,186,270,184,11931,48098,70441,90544,1,10,5,9,19,4
482800,18973740139,3,3,0,1,0,7,7,8,1,6,4,2,85,74,9,6,48,368,35,186,270,184,11936,48107,70455,90562,1,10,5,9,19,4
482900,18977687455,3,3,0,1,0,7,7,8,1,6,4,2,85,74,9,6,48,368,35,186,270,184,11938,48115,70467,90584,1,10,5,9,19,4
483000,18981627779,3,3,0,1,0,7,7,8,1,6,4,2,85,74,9,6,48,368,35,186,270,184,11938,48137,70479,90607,1,10,5,9,19,4
483100,18985554802,3,3,0,1,0,7,7,8,1,6,4,2,85,74,9,6,48,368,35,186,270,184,11939,48158,70493,90619,1,10,5,9,19,4
483200,18989483126,3,3,0,1,0,7,7,8,1,6,4,2,85,74,9,6,48,368,35,186,270,184,11941,48164,70505,90642,1,10,5,9,19,4
483300,18993411516,3,3,0,1,0,7,7,8,1,6,4,2,85,74,9,6,48,368,35,186,270,184,11944,48170,70524,90658,1,10,5,9,19,4
483400,18997339474,3,3,0,1,0,7,7,8,1,6,4,2,85,74,9,6,48,368,35,186,270,184,11946,48184,70540,90681,1,10,5,9,19,4
483500,19001275304,3,3,0,1,0,7,7,8,1,6,4,2,85,74,9,6,48,368,35,186,270,184,11949,48198,70555,90696,1,10,5,9,19,4
483600,19005205742,3,3,0,1,0,7,7,8,1,6,4,2,85,74,9,6,48,368,35,186,270,184,11952,48209,70571,90714,1,10,5,9,19,4
483700,19009132564,3,3,0,1,0,7,7,8,1,6,4,2,85,74,9,6,48,368,35,186,270,184,11953,48217,70591,90732,1,10,5,9,19,4
483800,19013052638,3,3,0,1,0,7,7,8,1,6,4,2,85,74,9,6,48,368,35,186,270,184,11957,48229,70596,90754,1,10,5,9,19,4
483900,19016971709,3,3,0,1,0,7,7,8,1,6,4,2,85,74,9,6,48,368,35,186,270,184,11959,48247,70615,90774,1,10,5,9,19,4
484000,19020885352,3,3,0,1,0,7,7,8,1,6,4,2,85,74,9,6,48,368,35,186,270,184,11961,48257,70627,90787,1,10,5,9,19,4
484100,19024800813,3,3,0,1,0,7,7,8,1,6,4,2,85,74,9,6,48,368,35,186,270,184,11964,48266,70641,90810,1,10,5,9,19,4
484200,19028722528,3,3,0,1,0,7,7,8,1,6,4,2,85,74,9,6,48,368,35,186,270,184,11965,48278,70656,90825,1,10,5,9,19,4
484300,19032656039,3,3,0,1,0,7,7,8,1,6,4,2,85,74,9,6,48,368,35,186,270,184,11967,48284,70670,90841,1,10,5,9,19,4
484400,19036584756,3,3,0,1,0,7,7,8,1,6,4,2,85,74,9,6,48,368,35,186,270,184,11969,48293,70685,90864,1,10,5,9,19,4
484500,19040506154,3,3,0,1,0,7,7,8,1,6,4,2,85,74,9,6,48,368,35,186,270,184,11974,48301,70697,90884,1,10,5,9,19,4
484600,19044424514,3,3,0,1,0,7,7,8,1,6,4,2,85,75,9,6,48,368,35,186,270,184,11976,48306,70707,90907,1,10,5,9,19,4
484700,19048337573,3,3,0,1,0,7,7,8,1,6,4,2,85,75,9,6,48,368,35,186,270,184,11977,48311,70726,90925,1,10,5,9,19,4
484800,19052256918,3,3,0,1,0,7,7,8,1,6,4,2,85,75,9,6,48,368,35,186,270,184,11980,48319,70732,90937,1,10,5,9,19,4
484900,19056192342,3,3,0,1,0,7,7,8,1,6,4,2,85,75,9,6,48,368,35,186,270,184,11983,48330,70746,90951,1,10,5,9,19,4
485000,19060130746,3,3,0,1,0,7,7,8,1,6,4,2,85,75,9,6,48,368,35,186,270,184,11986,48339,70758,90966,1,10,5,9,19,4
485100,19064075335,3,3,0,1,0,7,7,8,1,6,4,2,85,75,9,6,48,368,35,186,270,184,11988,48349,70775,90978,1,10,5,9,19,4
485200,19068033761,3,3,0,1,0,7,7,8,1,6,4,2,85,75,9,6,48,368,35,186,270,184,11989,48354,70785,90990,1,10,5,9,19,4
485300,19072000548,3,3,0,1,0,7,7,8,1,6,4,2,85,75,9,6,48,368,35,186,270,184,11991,48364,70801,91011,1,10,5,9,19,4
485400,19075956927,3,3,0,1,0,7,7,8,1,6,4,2,85,75,9,6,48,368,35,186,270,184,11992,48370,70812,91032,1,10,5,9,19,4
485500,19079911898,3,3,0,1,0,7,7,8,1,6,4,2,85,75,9,6,48,368,35,186,270,184,11992,48383,70827,91057,1,10,5,9,20,4
485600,19083867628,3,3,0,1,0,7,7,8,1,6,4,2,85,75,9,6,48,368,35,186,270,185,11994,48392,70841,91070,1,10,5,9,20,4
485700,19087829060,3,3,0,1,0,7,7,8,1,6,4,2,85,75,9,6,48,368,35,186,270,185,11994,48403,70860,91089,1,10,5,9,20,4
485800,19091791912,3,3,0,1,0,7,7,8,1,6,4,2,85,75,9,6,48,368,35,187,270,185,11995,48412,70879,91107,1,10,5,9,20,4
485900,19095759952,3,3,0,1,0,7,7,8,1,6,4,2,85,75,9,6,48,368,35,187,270,185,11997,48421,70893,91131,1,10,5,9,20,4
486000,19099714573,3,3,0,1,0,7,7,8,1,6,4,2,85,75,9,6,48,368,35,187,270,185,12001,48435,70905,91143,1,10,5,9,20,4
486100,19103676098,3,3,0,1,0,7,7,8,1,6,4,2,85,75,9,6,48,368,35,187,270,185,12003,48451,70919,91167,1,10,5,9,20,4
486200,19107629533,3,3,0,1,0,7,7,8,1,6,4,2,85,75,9,6,48,369,35,187,270,185,12005,48463,70932,91187,1,10,5,9,20,4
486300,19111575927,3,3,0,1,0,7,7,8,1,6,4,2,85,75,9,6,48,369,35,187,270,185,12006,48471,70939,91207,1,10,5,9,20,4
486400,19115528371,3,3,0,1,0,7,7,8,1,6,4,2,85,75,9,6,48,369,35,187,270,185,12007,48483,70952,91225,1,10,5,9,20,4
486500,19119478994,3,3,0,1,0,7,7,8,1,6,4,2,85,75,9,6,48,369,35,187,270,185,12009,48496,70965,91248,1,10,5,9,20,4
486600,19123426910,3,3,0,1,0,7,7,8,1,6,4,2,85,75,9,6,48,369,35,187,270,185,12011,48506,70980,91267,1,10,5,9,20,4
486700,19127370692,3,3,0,1,0,7,7,8,1,6,4,2,85,75,9,6,48,369,35,187,270,185,12014,48513,70998,91289,1,10,5,9,20,4
486800,19131313365,3,3,0,1,0,7,7,8,1,6,4,2,85,75,9,6,48,369,35,187,270,185,12017,48520,71012,91311,1,10,5,9,20,4
486900,19135248462,3,3,0,1,0,7,7,8,1,6,4,2,85,75,9,6,48,369,35,187,270,185,12020,48527,71024,91333,1,10,5,9,20,4
487000,19139183207,3,3,0,1,0,7,7,8,1,6,4,2,85,75,9,6,48,369,35,187,270,185,12022,48536,71037,91355,1,10,5,9,20,4
487100,19143130905,3,3,0,1,0,7,7,8,1,6,4,2,85,75,9,6,48,369,35,187,270,185,12027,48548,71044,91372,1,10,5,9,20,4
487200,19147080533,3,3,0,1,0,7,7,8,1,6,4,2,85,75,9,6,48,369,35,187,270,185,12030,48562,71060,91392,1,10,5,9,20,4
487300,19151016516,3,3,0,1,0,7,7,8,1,6,4,2,85,75,9,6,48,369,35,187,270,185,12036,48570,71081,91415,1,10,5,9,20,4
487400,19154946778,3,3,0,1,0,7,7,8,1,6,4,2,85,75,9,6,48,369,35,187,270,185,12041,48577,71095,91440,1,10,5,9,20,4
487500,19158877306,3,3,0,1,0,7,7,8,1,6,4,2,85,75,9,6,48,370,35,187,270,185,12045,48584,71106,91450,1,10,5,9,20,4
487600,19162823533,3,3,0,1,0,7,7,8,1,6,4,2,85,75,9,6,48,370,35,187,270,185,12046,48595,71119,91467,1,10,5,9,20,4
487700,19166774296,3,3,0,1,0,7,7,8,1,6,4,2,85,75,9,6,48,370,35,187,270,185,12047,48601,71136,91485,1,10,5,9,20,4
487800,19170727669,3,3,0,1,0,7,7,8,1,6,4,2,85,75,9,6,48,370,35,187,270,185,12049,48603,71151,91501,1,10,5,9,20,4
487900,19174686522,3,3,0,1,0,7,7,8,1,6,4,2,85,76,9,6,48,370,35,187,270,185,12053,48610,71162,91520,1,10,5,9,20,4
488000,19178646610,3,3,0,1,0,7,7,8,1,6,4,2,85,76,9,6,48,370,35,187,270,185,12055,48628,71183,91534,1,10,5,9,20,4
488100,19182601152,3,3,0,1,0,7,7,8,1,6,4,2,85,76,9,6,48,370,35,187,270,185,12055,48641,71193,91551,1,10,5,9,20,4
488200,19186562632,3,3,0,1,0,7,8,8,1,6,4,2,85,76,9,6,48,370,35,187,270,185,12058,48646,71209,91567,1,10,5,9,20,4
488300,19190539362,3,3,0,1,0,7,8,8,1,6,4,2,85,76,9,7,48,370,36,187,270,185,12060,48652,71223,91584,1,10,5,9,20,4
488400,19194521294,3,3,0,1,0,7,8,8,1,6,4,2,85,76,9,7,48,370,36,187,270,185,12062,48659,71242,91609,1,10,5,9,20,4
488500,19198490823,3,3,0,1,0,7,8,8,1,6,4,2,85,76,9,7,48,370,36,187,271,185,12065,48674,71256,91620,1,10,5,9,20,4
488600,19202460791,3,3,0,1,0,7,8,8,1,6,4,2,85,76,9,7,48,371,36,187,271,185,12067,48677,71279,91634,1,10,5,9,20,4
488700,19206435762,3,3,0,1,0,7,8,8,1,6,4,2,85,76,9,7,48,371,36,187,272,185,12070,48689,71292,91654,1,10,5,9,20,4
488800,19210418663,3,3,0,1,0,7,8,8,1,6,4,2,85,76,9,7,48,371,36,187,272,185,12071,48698,71307,91666,1,10,5,9,20,4
488900,19214405979,3,3,0,1,0,7,8,8,1,6,4,2,85,76,9,7,48,371,36,187,272,185,12074,48708,71316,91678,1,10,5,9,20,4
489000,19218397771,3,3,0,1,0,7,8,8,1,6,4,2,85,76,9,7,48,371,36,187,272,185,12077,48712,71325,91696,1,10,5,9,20,4
489100,19222389366,3,3,0,1,0,7,8,8,1,6,4,2,85,76,9,7,48,371,36,187,272,185,12079,48722,71339,91721,1,10,5,9,20,4
489200,19226381002,3,3,0,1,0,7,8,8,1,6,4,2,85,76,9,7,48,371,36,187,272,185,12080,48733,71352,91738,1,10,5,9,20,4
489300,19230372672,3,3,0,1,0,7,8,8,1,6,4,2,85,76,9,7,48,371,36,187,272,185,12085,48738,71366,91759,1,10,5,9,20,4
489400,19234358306,3,3,0,1,0,7,8,8,1,6,4,2,85,76,9,7,48,371,36,187,272,185,12086,48747,71378,91788,1,10,5,9,20,4
489500,19238331394,3,3,0,1,0,7,8,8,1,6,4,2,85,77,9,7,48,371,36,187,272,185,12087,48764,71392,91804,1,10,5,9,20,4
489600,19242297118,3,3,0,1,0,7,8,8,1,6,4,2,85,77,9,7,48,371,36,187,272,185,12093,48774,71410,91819,1,10,5,9,20,4
489700,19246264143,3,3,0,1,0,7,8,8,1,6,4,2,85,77,9,7,48,371,36,187,272,185,12094,48784,71422,91838,1,10,5,9,20,4
489800,19250227349,3,3,0,1,0,7,8,8,1,6,4,2,85,77,9,7,48,371,36,187,272,185,12096,48796,71441,91858,1,10,5,9,20,4
489900,19254196508,3,3,0,1,0,7,8,8,1,6,4,2,85,77,9,7,48,371,36,187,272,185,12100,48807,71452,91876,1,10,5,9,20,4
490000,19258158061,3,3,0,1,0,7,8,8,1,6,4,2,85,77,9,7,48,371,36,187,272,185,12105,48814,71463,91896,1,10,5,9,20,4
490100,19262123019,3,3,0,1,0,7,8,8,1,6,4,2,85,77,9,7,48,371,36,187,272,185,12105,48822,71476,91918,1,10,5,9,20,4
490200,19266086223,3,3,0,1,0,7,8,8,1,6,4,2,85,77,9,7,48,371,36,187,272,185,12106,48836,71493,91937,1,10,5,9,20,4
490300,19270052000,3,3,0,1,0,7,8,8,1,6,4,2,85,77,9,7,48,371,36,187,272,185,12107,48843,71508,91956,1,10,5,9,20,4
490400,19274028694,3,3,0,1,0,7,8,8,1,6,4,2,85,77,9,7,48,371,36,187,272,185,12108,48856,71518,91973,1,10,5,9,20,4
490500,19278000987,3,3,0,1,0,7,8,8,1,6,4,2,85,77,9,7,48,371,36,187,272,185,12111,48864,71534,91997,1,10,5,9,20,4
490600,19281974005,3,3,0,1,0,7,8,8,1,6,4,2,85,77,9,7,49,371,36,188,272,185,12112,48868,71546,92017,1,10,5,9,20,4
490700,19285949443,3,3,0,1,0,7,8,8,1,6,4,2,85,77,9,7,49,371,36,188,272,185,12115,48883,71561,92040,1,10,5,9,20,4
490800,19289912978,3,3,0,1,0,7,8,8,1,6,4,2,85,77,9,7,49,371,36,188,272,185,12119,48898,71578,92064,1,10,5,9,20,4
490900,19293875616,3,3,0,1,0,7,8,8,1,6,4,2,85,77,9,7,49,371,36,188,272,185,12120,48911,71593,92085,1,10,5,9,20,4
491000,19297843312,3,3,0,1,0,7,8,8,1,6,4,2,85,77,9,7,49,371,36,188,272,185,12122,48917,71611,92099,1,10,5,9,20,4
491100,19301818387,3,3,0,1,0,7,8,8,1,6,4,2,85,77,9,7,49,371,36,188,272,185,12127,48928,71631,92117,1,10,5,9,20,4
491200,19305785989,3,3,0,1,0,7,8,8,1,6,4,2,85,77,9,7,49,371,36,188,272,185,12127,48934,71654,92137,1,10,5,9,20,4
491300,19309753174,3,3,0,1,0,7,8,8,1,6,4,2,85,77,9,7,49,371,36,188,272,185,12130,48941,71662,92157,1,10,5,9,20,4
491400,19313722239,3,3,0,1,0,7,8,8,1,6,4,2,85,78,9,7,49,371,36,189,272,185,12133,48953,71672,92169,1,10,5,9,20,4
491500,19317690371,3,3,0,1,0,7,8,8,1,6,4,2,85,78,9,7,49,371,36,189,272,185,12135,48966,71690,92190,1,10,5,9,20,4
491600,19321659267,3,3,0,1,0,7,8,8,1,6,4,2,85,79,9,7,49,372,36,189,272,185,12136,48975,71704,92210,1,10,5,9,20,4
491700,19325619607,3,3,0,1,0,7,8,8,1,6,4,2,85,79,9,7,49,372,36,189,272,185,12139,48984,71722,92232,1,10,5,9,20,4
491800,19329578310,3,3,0,1,0,7,8,8,1,6,4,2,85,79,9,7,49,372,36,189,272,185,12140,48995,71744,92256,1,10,5,9,20,4
491900,19333527782,3,3,0,1,0,7,8,8,1,6,4,2,85,79,9,7,49,372,36,189,272,185,12144,49005,71760,92270,1,10,5,9,20,4
492000,19337470962,3,3,0,1,0,7,8,8,1,6,4,2,85,79,9,7,49,372,36,189,272,185,12147,49017,71770,92292,1,10,5,9,20,4
492100,19341422917,3,3,0,1,0,7,8,8,1,6,4,2,85,79,9,7,49,372,36,189,272,185,12150,49022,71793,92301,1,10,5,9,20,4
492200,19345383951,3,3,0,1,0,7,8,8,1,6,4,2,85,79,9,7,49,372,36,189,272,185,12154,49029,71807,92313,1,10,5,9,20,4
492300,19349339472,3,3,0,1,0,7,8,8,1,6,4,2,85,80,9,7,49,372,36,189,272,185,12158,49042,71821,92343,1,10,5,9,20,4
492400,19353293462,3,3,0,1,0,7,8,8,1,6,4,2,85,80,9,7,49,372,36,189,272,185,12163,49048,71837,92367,1,10,5,9,20,4
492500,19357237230,3,3,0,1,0,7,8,8,1,6,4,2,85,80,9,7,49,372,36,189,272,185,12167,49059,71855,92383,1,10,5,9,20,4
492600,19361183878,3,3,0,1,0,7,8,8,1,6,4,2,85,80,9,7,49,372,36,189,272,185,12170,49071,71868,92400,1,10,5,9,20,4
492700,19365135588,3,3,0,1,0,7,8,8,1,6,4,2,85,80,9,7,49,372,36,189,272,185,12172,49079,71886,92412,1,10,5,9,20,4
492800,19369095781,3,3,0,1,0,7,8,8,1,6,4,2,85,80,9,7,49,372,36,190,272,185,12175,49087,71906,92437,1,10,5,9,20,4
492900,19373046992,3,3,0,1,0,7,8,8,1,6,4,2,85,80,9,7,49,372,36,190,272,185,12184,49098,71925,92458,1,10,5,9,20,4
493000,19376994136,3,3,0,1,0,7,8,8,1,6,4,2,85,80,9,7,49,372,36,190,272,185,12190,49109,71939,92484,1,10,5,9,20,4
493100,19380929171,3,3,0,1,0,7,8,8,1,6,4,2,85,80,9,7,49,372,36,190,272,185,12192,49119,71957,92500,1,10,5,9,20,4
493200,19384858784,3,3,0,1,0,7,8,8,1,6,4,2,85,80,9,7,49,372,36,191,273,186,12196,49131,71977,92524,1,10,5,9,20,4
493300,19388789090,3,3,0,1,0,7,8,8,1,6,4,2,85,80,9,7,49,372,36,191,273,186,12197,49145,71991,92541,1,10,5,9,20,4
493400,19392723191,3,3,0,1,0,7,8,8,1,6,4,2,85,80,9,7,49,372,36,191,273,186,12200,49158,72006,92558,1,10,5,9,20,4
493500,19396657073,3,3,0,1,0,7,8,8,1,6,4,2,85,80,9,7,49,372,36,191,273,186,12202,49170,72025,92586,1,10,5,9,20,4
493600,19400577289,3,3,0,1,0,7,8,8,1,6,4,2,85,80,9,7,49,372,36,191,273,186,12203,49185,72043,92608,1,10,5,9,20,4
493700,19404492468,3,3,0,1,0,7,8,8,1,6,4,2,85,80,9,7,49,372,36,191,273,186,12205,49192,72053,92622,1,10,5,9,20,4
493800,19408410069,3,3,0,1,0,7,8,8,1,6,4,2,85,80,9,7,49,372,36,191,273,186,12208,49205,72069,92637,1,10,5,9,20,4
493900,19412332641,3,3,0,1,0,7,8,8,1,6,4,2,85,80,9,7,49,372,36,191,273,186,12211,49219,72081,92654,1,10,5,9,20,4
494000,19416252801,3,3,0,1,0,7,8,8,1,6,4,2,85,80,9,7,49,372,36,191,273,186,12213,49232,72101,92680,1,10,5,9,20,4
494100,19420180377,3,3,0,1,0,7,8,8,1,6,4,2,85,80,9,7,49,372,36,191,273,186,12214,49237,72114,92698,1,10,5,9,20,4
494200,19424119367,3,3,0,1,0,7,8,8,1,6,4,2,85,80,9,7,49,372,36,192,273,186,12217,49245,72127,92709,1,10,5,9,20,4
494300,19428065992,3,3,0,1,0,7,8,8,1,6,4,2,85,80,9,7,49,372,36,192,273,186,12220,49252,72144,92728,1,10,5,9,20,4
494400,19432014930,3,3,0,1,0,7,8,8,1,6,4,2,85,80,9,7,49,372,36,192,273,186,12220,49261,72159,92745,1,10,5,9,20,4
494500,19435964890,3,3,0,1,0,7,8,8,1,6,4,2,85,80,9,7,49,373,36,192,273,186,12224,49273,72174,92755,1,10,5,9,20,4
494600,19439909053,3,3,0,1,0,7,8,8,1,6,4,2,85,80,9,7,49,373,36,192,273,186,12225,49284,72185,92776,1,10,5,9,20,4
494700,19443850076,3,3,0,1,0,7,8,8,1,7,4,2,85,80,9,7,49,373,36,192,273,186,12229,49293,72203,92803,1,10,5,9,20,4
494800,19447796445,3,3,0,1,0,7,8,8,1,7,4,2,85,80,9,7,49,373,36,192,273,186,12232,49301,72216,92824,1,10,5,9,20,4
494900,19451744343,3,3,0,1,0,7,8,8,1,7,4,2,85,80,9,7,49,373,36,192,273,186,12232,49318,72231,92844,1,10,5,9,20,4
495000,19455698410,3,3,0,1,0,7,8,8,1,7,4,3,85,80,9,7,49,373,36,192,273,186,12235,49332,72243,92863,1,10,5,9,20,4
495100,19459653227,3,3,0,1,0,7,8,8,1,7,4,3,85,80,9,7,49,373,36,192,273,186,12239,49342,72256,92876,1,10,5,9,20,4
495200,19463616137,3,3,0,1,0,7,8,8,1,7,4,3,85,80,9,7,49,373,36,192,273,186,12240,49351,72267,92901,1,10,5,9,20,4
495300,19467579594,3,3,0,1,0,7,8,8,1,7,4,3,85,80,9,7,49,373,36,192,273,186,12240,49360,72278,92916,1,10,5,9,20,4
495400,19471546888,3,3,0,1,0,7,8,8,1,7,4,3,85,80,9,7,49,373,36,192,273,186,12242,49366,72288,92928,1,10,5,9,20,4
495500,19475516698,3,3,0,1,0,7,8,8,1,7,4,3,85,80,9,7,49,373,36,192,273,186,12243,49375,72301,92944,1,10,5,9,20,4
495600,19479484914,3,3,0,1,0,7,8,8,1,7,4,3,86,80,9,7,49,373,36,192,273,186,12245,49384,72319,92964,1,10,5,9,20,4
495700,19483454837,3,3,0,1,0,7,8,8,1,7,4,3,86,80,9,7,49,373,36,192,273,186,12249,49389,72332,92981,1,10,5,9,20,4
495800,19487421752,3,3,0,1,0,7,8,8,1,7,4,3,86,80,9,7,49,373,36,192,273,186,12253,49400,72345,92998,1,10,5,9,20,4
495900,19491392986,3,3,0,1,0,7,8,8,1,7,4,3,86,80,9,7,49,373,36,192,273,186,12256,49409,72362,93021,1,10,5,9,20,4
496000,19495357371,3,3,0,1,0,7,8,8,1,7,4,3,86,80,9,7,49,374,36,192,273,186,12257,49421,72372,93043,1,10,5,9,20,4
496100,19499318514,3,3,0,1,0,7,8,8,1,7,4,3,86,80,9,7,49,374,36,192,273,186,12259,49428,72385,93062,1,10,5,9,20,4
496200,19503272340,3,3,0,1,0,7,8,8,1,7,4,3,86,80,9,7,49,374,36,192,273,186,12262,49442,72399,93081,1,10,5,9,20,4
496300,19507225953,3,3,0,1,0,7,8,8,1,7,4,3,86,80,9,7,49,374,36,192,273,186,12265,49454,72419,93094,1,10,5,9,20,4
496400,19511166253,3,3,0,1,0,7,8,8,1,7,4,3,86,80,9,7,49,374,36,192,273,186,12265,49462,72436,93130,1,10,5,9,20,4
496500,19515089005,3,3,0,1,0,7,8,8,1,7,4,3,86,80,9,7,49,375,36,192,273,186,12269,49475,72453,93143,1,10,5,9,20,4
496600,19519017565,3,3,0,1,0,7,8,8,1,7,4,3,86,80,9,7,49,375,36,192,273,186,12270,49488,72462,93163,1,10,5,9,20,4
496700,19522939553,3,3,0,1,0,7,8,8,1,7,4,3,86,80,9,7,49,375,36,192,274,186,12270,49496,72484,93187,1,10,5,9,20,4
496800,19526852544,3,3,0,1,0,7,8,8,1,7,4,3,86,80,9,7,49,375,36,192,274,186,12272,49512,72499,93204,1,10,5,9,20,4
496900,19530781093,3,3,0,1,0,7,8,8,1,7,4,3,86,80,9,7,49,376,36,192,274,186,12274,49517,72512,93218,1,10,5,9,20,4
497000,19534713892,3,3,0,1,0,7,8,8,1,7,4,3,86,80,9,7,49,376,36,192,274,186,12278,49526,72529,93235,1,10,5,9,20,4
497100,19538649807,3,3,0,1,0,7,8,8,1,7,4,3,86,80,9,7,49,376,36,192,274,186,12280,49537,72544,93256,1,10,5,9,20,4
497200,19542580346,3,3,0,1,0,7,8,8,1,7,4,3,86,80,9,7,49,376,36,192,274,186,12284,49549,72560,93275,1,10,5,9,20,4
497300,19546519476,3,3,0,1,0,7,8,8,1,7,4,3,86,81,9,7,49,376,36,192,274,186,12287,49556,72573,93287,1,10,5,9,20,4
497400,19550469181,3,3,0,1,0,7,8,8,1,7,4,3,86,81,9,7,49,376,36,192,274,186,12290,49569,72584,93311,1,10,5,9,20,4
497500,19554416479,3,3,0,1,0,7,8,8,1,7,4,3,86,81,9,7,49,376,36,192,274,186,12291,49576,72600,93336,1,10,5,9,20,4
497600,19558362475,3,3,0,1,0,7,8,8,1,7,4,3,86,81,9,7,49,376,36,192,274,187,12293,49584,72618,93361,1,10,5,9,20,4
497700,19562309077,3,3,0,1,0,7,8,8,1,7,4,3,86,81,9,7,49,376,36,192,274,187,12298,49594,72628,93380,1,10,5,9,20,4
497800,19566253079,3,3,0,1,0,7,8,8,1,7,4,3,86,81,9,7,49,376,36,193,274,187,12302,49602,72646,93401,1,10,5,9,20,4
497900,19570187723,3,3,0,1,0,7,8,8,1,7,4,3,86,81,9,7,49,376,36,193,274,187,12306,49611,72665,93415,1,10,5,9,20,4
498000,19574112062,3,3,0,1,0,7,8,8,1,7,4,3,86,81,9,7,49,376,36,193,274,187,12307,49622,72681,93438,1,10,5,9,20,4
498100,19578030411,3,3,0,1,0,7,8,8,1,7,4,3,86,81,9,7,49,376,36,193,275,187,12310,49638,72701,93452,1,10,5,9,20,4
498200,19581957474,3,3,0,1,0,7,8,8,1,7,4,3,86,81,9,7,49,376,36,193,275,188,12313,49644,72712,93466,1,10,5,9,20,4
498300,19585886940,3,3,0,1,0,7,8,8,1,7,4,3,86,81,9,7,49,376,36,193,275,188,12314,49657,72729,93494,1,10,5,9,20,4
498400,19589812288,3,3,0,1,0,7,8,8,1,7,4,3,86,81,9,7,49,376,36,193,275,188,12319,49662,72749,93510,1,10,5,9,20,4
498500,19593743466,3,3,0,1,0,7,8,8,1,7,4,3,86,81,9,7,49,376,36,193,275,188,12324,49669,72763,93529,1,10,5,9,20,4
498600,19597674606,3,3,0,1,0,7,8,8,1,7,4,3,86,81,9,7,49,376,36,193,275,188,12328,49683,72789,93545,1,10,5,9,20,4
498700,19601607180,3,3,0,1,0,7,8,8,1,7,4,3,87,81,9,7,49,376,36,193,275,188,12328,49699,72803,93565,1,10,5,9,20,4
498800,19605538972,3,3,0,1,0,7,8,8,1,7,4,3,87,81,9,7,49,376,36,193,275,188,12329,49712,72816,93581,1,10,5,9,20,4
498900,19609466574,3,3,0,1,0,7,8,8,1,7,4,3,87,81,9,7,49,377,36,193,275,188,12330,49721,72832,93603,1,10,5,9,20,4
499000,19613387247,3,3,0,1,0,7,8,8,1,7,4,3,87,81,9,7,49,377,36,193,275,188,12330,49730,72842,93616,1,10,5,9,20,4
499100,19617318121,3,3,0,1,0,7,8,8,1,7,4,3,87,81,9,7,49,377,36,193,276,188,12332,49738,72859,93633,1,10,5,9,20,4
499200,19621252611,3,3,0,1,0,7,8,8,1,7,4,3,87,81,9,7,49,377,36,193,276,188,12335,49751,72871,93653,1,10,5,9,20,4
499300,19625188218,3,3,0,1,0,7,8,8,1,7,4,3,87,81,9,7,49,377,36,193,276,188,12337,49757,72883,93677,1,10,5,9,20,4
499400,19629128492,3,3,0,1,0,7,8,8,1,7,4,3,87,81,9,7,49,377,36,193,276,188,12340,49761,72907,93695,1,10,5,9,20,4
499500,19633071151,3,3,0,1,0,7,8,8,1,7,4,3,87,81,9,7,49,377,36,193,276,188,12340,49770,72921,93710,1,10,5,9,20,4
499600,19637010876,3,3,0,1,0,7,8,8,1,7,4,3,87,81,9,7,49,377,36,193,276,188,12341,49777,72931,93734,1,10,5,9,20,4
499700,19640956478,3,3,0,1,0,7,8,8,1,7,4,3,87,81,9,7,49,377,36,193,276,188,12341,49783,72943,93752,1,10,5,9,20,4
499800,19644909848,3,3,0,1,0,7,8,8,1,7,4,3,87,81,9,7,49,377,36,193,276,188,12344,49790,72952,93773,1,10,5,9,20,4
499900,19648864990,3,3,0,1,0,7,8,8,1,7,4,3,87,81,9,7,49,377,36,193,276,189,12345,49798,72968,93792,1,10,5,9,20,4
500000,19652821964,3,3,0,1,0,7,8,8,1,7,4,3,87,81,9,7,49,378,36,193,276,190,12346,49803,72984,93817,1,10,5,9,20,4
