RandMax 2147483647
reading box length: 1.000000e-06 (m)
reading number of particle types: 2
reading number of particles of type 0: 20000
reading number of particles of type 1: 100000
reading temperature of particle type 0: 0.000000 (eV)
reading temperature of particle type 1: 0.025900 (eV)
reading flow velocity of particle type 0: 0.000000 (eV)
reading flow velocity of particle type 1: 0.000000 (eV)
reading charge of particle type 0: -1.000000 (elementary charge)
reading charge of particle type 1: 0.000000 (elementary charge)
reading mass of particle type 0: 0.000549 (amu)
reading mass of particle type 1: 28.000000 (amu)
reading number of time steps: 500000
reading vsigma max samples: 1000
reading time step dt: 1.536601e-10
reading electric field: -5.000000e+02 (V/m)
reading electric frequency: 0.000000e+00 (Hz)
reading magnetic field: 0.000000e+00 0.000000e+00 0.000000e+00 (Tesla)
reading vdf dump spec: 1000 1000000 0
reading extrapolation option: 0
reading memory allocation: 0.000000e+00 (GB)
reading auto dump spec: 0
reading output stride spec: 100
reading carry remainder spec: 0
found cross_sections/Ar.dat file for particle 0 with 1 in indeck, differential model found: Aubin
found cross_sections/Ar->Ar(3d'[3/2]1).dat file for particle 0 with 1 in indeck
found cross_sections/Ar->Ar(3d'[3/2]2).dat file for particle 0 with 1 in indeck
found cross_sections/Ar->Ar(3d'[5/2]2).dat file for particle 0 with 1 in indeck
found cross_sections/Ar->Ar(3d'[5/2]3).dat file for particle 0 with 1 in indeck
found cross_sections/Ar->Ar(3d[1/2]0).dat file for particle 0 with 1 in indeck
found cross_sections/Ar->Ar(3d[1/2]1).dat file for particle 0 with 1 in indeck
found cross_sections/Ar->Ar(3d[3/2]1).dat file for particle 0 with 1 in indeck
found cross_sections/Ar->Ar(3d[3/2]2).dat file for particle 0 with 1 in indeck
found cross_sections/Ar->Ar(3d[5/2]2).dat file for particle 0 with 1 in indeck
found cross_sections/Ar->Ar(3d[5/2]3).dat file for particle 0 with 1 in indeck
found cross_sections/Ar->Ar(3d[7/2]3).dat file for particle 0 with 1 in indeck
found cross_sections/Ar->Ar(3d[7/2]4).dat file for particle 0 with 1 in indeck
found cross_sections/Ar->Ar(4p'[1/2]0).dat file for particle 0 with 1 in indeck
found cross_sections/Ar->Ar(4p'[1/2]1).dat file for particle 0 with 1 in indeck
found cross_sections/Ar->Ar(4p'[3/2]1).dat file for particle 0 with 1 in indeck
found cross_sections/Ar->Ar(4p'[3/2]2).dat file for particle 0 with 1 in indeck
found cross_sections/Ar->Ar(4p[1/2]0).dat file for particle 0 with 1 in indeck
found cross_sections/Ar->Ar(4p[1/2]1).dat file for particle 0 with 1 in indeck
found cross_sections/Ar->Ar(4p[3/2]1).dat file for particle 0 with 1 in indeck
found cross_sections/Ar->Ar(4p[3/2]2).dat file for particle 0 with 1 in indeck
found cross_sections/Ar->Ar(4p[5/2]2).dat file for particle 0 with 1 in indeck
found cross_sections/Ar->Ar(4p[5/2]3).dat file for particle 0 with 1 in indeck
found cross_sections/Ar->Ar(4s'[1/2]0).dat file for particle 0 with 1 in indeck
found cross_sections/Ar->Ar(4s'[1/2]1).dat file for particle 0 with 1 in indeck
found cross_sections/Ar->Ar(4s[3/2]1).dat file for particle 0 with 1 in indeck
found cross_sections/Ar->Ar(4s[3/2]2).dat file for particle 0 with 1 in indeck
found cross_sections/Ar->Ar(5s'[1/2]0).dat file for particle 0 with 1 in indeck
found cross_sections/Ar->Ar(5s'[1/2]1).dat file for particle 0 with 1 in indeck
found cross_sections/Ar->Ar(5s[3/2]1).dat file for particle 0 with 1 in indeck
found cross_sections/Ar->Ar(5s[3/2]2).dat file for particle 0 with 1 in indeck
found cross_sections/Ar->Ar(Rydberg).dat file for particle 0 with 1 in indeck
found cross_sections/Ar->Ar^+.dat file for particle 0 with 1 in indeck, differential model found: Uniform
reading cross_sections/Ar.dat
reading cross_sections/Ar->Ar(3d'[3/2]1).dat
reading cross_sections/Ar->Ar(3d'[3/2]2).dat
reading cross_sections/Ar->Ar(3d'[5/2]2).dat
reading cross_sections/Ar->Ar(3d'[5/2]3).dat
reading cross_sections/Ar->Ar(3d[1/2]0).dat
reading cross_sections/Ar->Ar(3d[1/2]1).dat
reading cross_sections/Ar->Ar(3d[3/2]1).dat
reading cross_sections/Ar->Ar(3d[3/2]2).dat
reading cross_sections/Ar->Ar(3d[5/2]2).dat
reading cross_sections/Ar->Ar(3d[5/2]3).dat
reading cross_sections/Ar->Ar(3d[7/2]3).dat
reading cross_sections/Ar->Ar(3d[7/2]4).dat
reading cross_sections/Ar->Ar(4p'[1/2]0).dat
reading cross_sections/Ar->Ar(4p'[1/2]1).dat
reading cross_sections/Ar->Ar(4p'[3/2]1).dat
reading cross_sections/Ar->Ar(4p'[3/2]2).dat
reading cross_sections/Ar->Ar(4p[1/2]0).dat
reading cross_sections/Ar->Ar(4p[1/2]1).dat
reading cross_sections/Ar->Ar(4p[3/2]1).dat
reading cross_sections/Ar->Ar(4p[3/2]2).dat
reading cross_sections/Ar->Ar(4p[5/2]2).dat
reading cross_sections/Ar->Ar(4p[5/2]3).dat
reading cross_sections/Ar->Ar(4s'[1/2]0).dat
reading cross_sections/Ar->Ar(4s'[1/2]1).dat
reading cross_sections/Ar->Ar(4s[3/2]1).dat
reading cross_sections/Ar->Ar(4s[3/2]2).dat
reading cross_sections/Ar->Ar(5s'[1/2]0).dat
reading cross_sections/Ar->Ar(5s'[1/2]1).dat
reading cross_sections/Ar->Ar(5s[3/2]1).dat
reading cross_sections/Ar->Ar(5s[3/2]2).dat
reading cross_sections/Ar->Ar(Rydberg).dat
reading cross_sections/Ar->Ar^+.dat
Memory per particle: 72 bytes
Memory for all initial particles: 8.047e-03 GB
Allocating space for 480000 particles
------------------------------------
0, t, 0.000000e+00, KEe, 0.000000, MEe, 0.000000000e+00, E, -500.000000, NP, 20000 100000
100, t, 1.536601e-08, KEe, 21171.556434, MEe, 1.058577822e+00, E, -500.000000, NP, 20000 100000
200, t, 3.073202e-08, KEe, 27929.025524, MEe, 1.396451276e+00, E, -500.000000, NP, 20000 100000
300, t, 4.609802e-08, KEe, 32816.805096, MEe, 1.640840255e+00, E, -500.000000, NP, 20000 100000
400, t, 6.146403e-08, KEe, 36813.701597, MEe, 1.840685080e+00, E, -500.000000, NP, 20000 100000
500, t, 7.683004e-08, KEe, 40666.109837, MEe, 2.033305492e+00, E, -500.000000, NP, 20000 100000
600, t, 9.219605e-08, KEe, 43941.304539, MEe, 2.197065227e+00, E, -500.000000, NP, 20000 100000
700, t, 1.075621e-07, KEe, 46929.612934, MEe, 2.346480647e+00, E, -500.000000, NP, 20000 100000
800, t, 1.229281e-07, KEe, 49520.167234, MEe, 2.476008362e+00, E, -500.000000, NP, 20000 100000
900, t, 1.382941e-07, KEe, 52038.173638, MEe, 2.601908682e+00, E, -500.000000, NP, 20000 100000
1000, t, 1.536601e-07, KEe, 54339.349292, MEe, 2.716967465e+00, E, -500.000000, NP, 20000 100000
1100, t, 1.690261e-07, KEe, 56379.255093, MEe, 2.818962755e+00, E, -500.000000, NP, 20000 100000
1200, t, 1.843921e-07, KEe, 58523.176951, MEe, 2.926158848e+00, E, -500.000000, NP, 20000 100000
1300, t, 1.997581e-07, KEe, 60303.171362, MEe, 3.015158568e+00, E, -500.000000, NP, 20000 100000
1400, t, 2.151241e-07, KEe, 62094.405904, MEe, 3.104720295e+00, E, -500.000000, NP, 20000 100000
1500, t, 2.304901e-07, KEe, 63790.469128, MEe, 3.189523456e+00, E, -500.000000, NP, 20000 100000
1600, t, 2.458561e-07, KEe, 65421.383508, MEe, 3.271069175e+00, E, -500.000000, NP, 20000 100000
1700, t, 2.612221e-07, KEe, 66870.067928, MEe, 3.343503396e+00, E, -500.000000, NP, 20000 100000
1800, t, 2.765881e-07, KEe, 68400.296442, MEe, 3.420014822e+00, E, -500.000000, NP, 20000 100000
1900, t, 2.919542e-07, KEe, 69731.087409, MEe, 3.486554370e+00, E, -500.000000, NP, 20000 100000
2000, t, 3.073202e-07, KEe, 70985.380464, MEe, 3.549269023e+00, E, -500.000000, NP, 20000 100000
2100, t, 3.226862e-07, KEe, 72304.883679, MEe, 3.615244184e+00, E, -500.000000, NP, 20000 100000
2200, t, 3.380522e-07, KEe, 73374.514377, MEe, 3.668725719e+00, E, -500.000000, NP, 20000 100000
2300, t, 3.534182e-07, KEe, 74571.891520, MEe, 3.728594576e+00, E, -500.000000, NP, 20000 100000
2400, t, 3.687842e-07, KEe, 75644.093992, MEe, 3.782204700e+00, E, -500.000000, NP, 20000 100000
2500, t, 3.841502e-07, KEe, 76661.208270, MEe, 3.833060413e+00, E, -500.000000, NP, 20000 100000
2600, t, 3.995162e-07, KEe, 77483.308438, MEe, 3.874165422e+00, E, -500.000000, NP, 20000 100000
2700, t, 4.148822e-07, KEe, 78421.075413, MEe, 3.921053771e+00, E, -500.000000, NP, 20000 100000
2800, t, 4.302482e-07, KEe, 79389.968152, MEe, 3.969498408e+00, E, -500.000000, NP, 20000 100000
2900, t, 4.456142e-07, KEe, 80125.745657, MEe, 4.006287283e+00, E, -500.000000, NP, 20000 100000
3000, t, 4.609802e-07, KEe, 80890.123272, MEe, 4.044506164e+00, E, -500.000000, NP, 20000 100000
3100, t, 4.763463e-07, KEe, 81471.389769, MEe, 4.073569488e+00, E, -500.000000, NP, 20000 100000
3200, t, 4.917123e-07, KEe, 82065.880144, MEe, 4.103294007e+00, E, -500.000000, NP, 20000 100000
3300, t, 5.070783e-07, KEe, 82567.642930, MEe, 4.128382147e+00, E, -500.000000, NP, 20000 100000
3400, t, 5.224443e-07, KEe, 83303.384107, MEe, 4.165169205e+00, E, -500.000000, NP, 20000 100000
3500, t, 5.378103e-07, KEe, 84080.890593, MEe, 4.204044530e+00, E, -500.000000, NP, 20000 100000
3600, t, 5.531763e-07, KEe, 84540.682470, MEe, 4.227034123e+00, E, -500.000000, NP, 20000 100000
3700, t, 5.685423e-07, KEe, 84857.018457, MEe, 4.242850923e+00, E, -500.000000, NP, 20000 100000
3800, t, 5.839083e-07, KEe, 85475.920734, MEe, 4.273796037e+00, E, -500.000000, NP, 20000 100000
3900, t, 5.992743e-07, KEe, 86091.572450, MEe, 4.304578623e+00, E, -500.000000, NP, 20000 100000
4000, t, 6.146403e-07, KEe, 86639.605505, MEe, 4.331980275e+00, E, -500.000000, NP, 20000 100000
4100, t, 6.300063e-07, KEe, 87059.571320, MEe, 4.352978566e+00, E, -500.000000, NP, 20000 100000
4200, t, 6.453723e-07, KEe, 87426.102568, MEe, 4.371305128e+00, E, -500.000000, NP, 20000 100000
4300, t, 6.607384e-07, KEe, 87343.116745, MEe, 4.367155837e+00, E, -500.000000, NP, 20000 100000
4400, t, 6.761044e-07, KEe, 87713.791110, MEe, 4.385689556e+00, E, -500.000000, NP, 20000 100000
4500, t, 6.914704e-07, KEe, 88073.664547, MEe, 4.403683227e+00, E, -500.000000, NP, 20000 100000
4600, t, 7.068364e-07, KEe, 88305.838836, MEe, 4.415291942e+00, E, -500.000000, NP, 20000 100000
4700, t, 7.222024e-07, KEe, 88562.008962, MEe, 4.428100448e+00, E, -500.000000, NP, 20000 100000
4800, t, 7.375684e-07, KEe, 88926.741751, MEe, 4.446337088e+00, E, -500.000000, NP, 20000 100000
4900, t, 7.529344e-07, KEe, 89157.378263, MEe, 4.457868913e+00, E, -500.000000, NP, 20000 100000
5000, t, 7.683004e-07, KEe, 89255.320019, MEe, 4.462766001e+00, E, -500.000000, NP, 20000 100000
5100, t, 7.836664e-07, KEe, 89359.068156, MEe, 4.467953408e+00, E, -500.000000, NP, 20000 100000
5200, t, 7.990324e-07, KEe, 89546.469914, MEe, 4.477323496e+00, E, -500.000000, NP, 20000 100000
5300, t, 8.143984e-07, KEe, 89782.076917, MEe, 4.489103846e+00, E, -500.000000, NP, 20000 100000
5400, t, 8.297644e-07, KEe, 90149.504191, MEe, 4.507475210e+00, E, -500.000000, NP, 20000 100000
5500, t, 8.451305e-07, KEe, 90116.022877, MEe, 4.505801144e+00, E, -500.000000, NP, 20000 100000
5600, t, 8.604965e-07, KEe, 90540.073297, MEe, 4.527003665e+00, E, -500.000000, NP, 20000 100000
5700, t, 8.758625e-07, KEe, 90969.754730, MEe, 4.548487737e+00, E, -500.000000, NP, 20000 100000
5800, t, 8.912285e-07, KEe, 90965.922176, MEe, 4.548296109e+00, E, -500.000000, NP, 20000 100000
5900, t, 9.065945e-07, KEe, 90909.770310, MEe, 4.545488516e+00, E, -500.000000, NP, 20000 100000
6000, t, 9.219605e-07, KEe, 90938.932587, MEe, 4.546946629e+00, E, -500.000000, NP, 20000 100000
6100, t, 9.373265e-07, KEe, 91100.759912, MEe, 4.555037996e+00, E, -500.000000, NP, 20000 100000
6200, t, 9.526925e-07, KEe, 91010.949727, MEe, 4.550547486e+00, E, -500.000000, NP, 20000 100000
6300, t, 9.680585e-07, KEe, 91309.418848, MEe, 4.565470942e+00, E, -500.000000, NP, 20000 100000
6400, t, 9.834245e-07, KEe, 91390.327139, MEe, 4.569516357e+00, E, -500.000000, NP, 20000 100000
6500, t, 9.987905e-07, KEe, 91453.029515, MEe, 4.572651476e+00, E, -500.000000, NP, 20000 100000
6600, t, 1.014157e-06, KEe, 91421.595661, MEe, 4.571079783e+00, E, -500.000000, NP, 20000 100000
6700, t, 1.029523e-06, KEe, 91595.581251, MEe, 4.579779063e+00, E, -500.000000, NP, 20000 100000
6800, t, 1.044889e-06, KEe, 91567.650465, MEe, 4.578382523e+00, E, -500.000000, NP, 20000 100000
6900, t, 1.060255e-06, KEe, 91693.831666, MEe, 4.584691583e+00, E, -500.000000, NP, 20000 100000
7000, t, 1.075621e-06, KEe, 91934.417493, MEe, 4.596720875e+00, E, -500.000000, NP, 20000 100000
7100, t, 1.090987e-06, KEe, 92200.153913, MEe, 4.610007696e+00, E, -500.000000, NP, 20000 100000
7200, t, 1.106353e-06, KEe, 92526.926529, MEe, 4.626346326e+00, E, -500.000000, NP, 20000 100000
7300, t, 1.121719e-06, KEe, 92481.537629, MEe, 4.624076881e+00, E, -500.000000, NP, 20000 100000
7400, t, 1.137085e-06, KEe, 92746.803213, MEe, 4.637340161e+00, E, -500.000000, NP, 20000 100000
7500, t, 1.152451e-06, KEe, 92791.226207, MEe, 4.639561310e+00, E, -500.000000, NP, 20000 100000
7600, t, 1.167817e-06, KEe, 92832.387165, MEe, 4.641619358e+00, E, -500.000000, NP, 20000 100000
7700, t, 1.183183e-06, KEe, 92890.632564, MEe, 4.644531628e+00, E, -500.000000, NP, 20000 100000
7800, t, 1.198549e-06, KEe, 92904.471940, MEe, 4.645223597e+00, E, -500.000000, NP, 20000 100000
7900, t, 1.213915e-06, KEe, 92773.581274, MEe, 4.638679064e+00, E, -500.000000, NP, 20000 100000
8000, t, 1.229281e-06, KEe, 92765.349671, MEe, 4.638267484e+00, E, -500.000000, NP, 20000 100000
8100, t, 1.244647e-06, KEe, 92722.984668, MEe, 4.636149233e+00, E, -500.000000, NP, 20000 100000
8200, t, 1.260013e-06, KEe, 92531.367520, MEe, 4.626568376e+00, E, -500.000000, NP, 20000 100000
8300, t, 1.275379e-06, KEe, 92533.633546, MEe, 4.626681677e+00, E, -500.000000, NP, 20000 100000
8400, t, 1.290745e-06, KEe, 92652.520066, MEe, 4.632626003e+00, E, -500.000000, NP, 20000 100000
8500, t, 1.306111e-06, KEe, 92815.410391, MEe, 4.640770520e+00, E, -500.000000, NP, 20000 100000
8600, t, 1.321477e-06, KEe, 92879.363967, MEe, 4.643968198e+00, E, -500.000000, NP, 20000 100000
8700, t, 1.336843e-06, KEe, 92816.895214, MEe, 4.640844761e+00, E, -500.000000, NP, 20000 100000
8800, t, 1.352209e-06, KEe, 92947.449317, MEe, 4.647372466e+00, E, -500.000000, NP, 20000 100000
8900, t, 1.367575e-06, KEe, 93008.451452, MEe, 4.650422573e+00, E, -500.000000, NP, 20000 100000
9000, t, 1.382941e-06, KEe, 93056.564947, MEe, 4.652828247e+00, E, -500.000000, NP, 20000 100000
9100, t, 1.398307e-06, KEe, 93104.721229, MEe, 4.655236061e+00, E, -500.000000, NP, 20000 100000
9200, t, 1.413673e-06, KEe, 93096.586338, MEe, 4.654829317e+00, E, -500.000000, NP, 20000 100000
9300, t, 1.429039e-06, KEe, 93027.347138, MEe, 4.651367357e+00, E, -500.000000, NP, 20000 100000
9400, t, 1.444405e-06, KEe, 92934.545963, MEe, 4.646727298e+00, E, -500.000000, NP, 20000 100000
9500, t, 1.459771e-06, KEe, 93041.666482, MEe, 4.652083324e+00, E, -500.000000, NP, 20000 100000
9600, t, 1.475137e-06, KEe, 93212.143012, MEe, 4.660607151e+00, E, -500.000000, NP, 20000 100000
9700, t, 1.490503e-06, KEe, 93328.569897, MEe, 4.666428495e+00, E, -500.000000, NP, 20000 100000
9800, t, 1.505869e-06, KEe, 93230.650202, MEe, 4.661532510e+00, E, -500.000000, NP, 20000 100000
9900, t, 1.521235e-06, KEe, 93374.281871, MEe, 4.668714094e+00, E, -500.000000, NP, 20000 100000
10000, t, 1.536601e-06, KEe, 93491.233237, MEe, 4.674561662e+00, E, -500.000000, NP, 20000 100000
10100, t, 1.551967e-06, KEe, 93556.770716, MEe, 4.677838536e+00, E, -500.000000, NP, 20000 100000
10200, t, 1.567333e-06, KEe, 93523.760016, MEe, 4.676188001e+00, E, -500.000000, NP, 20000 100000
10300, t, 1.582699e-06, KEe, 93576.677524, MEe, 4.678833876e+00, E, -500.000000, NP, 20000 100000
10400, t, 1.598065e-06, KEe, 93570.948640, MEe, 4.678547432e+00, E, -500.000000, NP, 20000 100000
10500, t, 1.613431e-06, KEe, 93476.771839, MEe, 4.673838592e+00, E, -500.000000, NP, 20000 100000
10600, t, 1.628797e-06, KEe, 93339.382250, MEe, 4.666969113e+00, E, -500.000000, NP, 20000 100000
10700, t, 1.644163e-06, KEe, 93460.522025, MEe, 4.673026101e+00, E, -500.000000, NP, 20000 100000
10800, t, 1.659529e-06, KEe, 93532.580710, MEe, 4.676629035e+00, E, -500.000000, NP, 20000 100000
10900, t, 1.674895e-06, KEe, 93605.484615, MEe, 4.680274231e+00, E, -500.000000, NP, 20000 100000
11000, t, 1.690261e-06, KEe, 93607.786278, MEe, 4.680389314e+00, E, -500.000000, NP, 20000 100000
11100, t, 1.705627e-06, KEe, 93415.453027, MEe, 4.670772651e+00, E, -500.000000, NP, 20000 100000
11200, t, 1.720993e-06, KEe, 93449.770272, MEe, 4.672488514e+00, E, -500.000000, NP, 20000 100000
11300, t, 1.736359e-06, KEe, 93417.459789, MEe, 4.670872989e+00, E, -500.000000, NP, 20000 100000
11400, t, 1.751725e-06, KEe, 93354.773607, MEe, 4.667738680e+00, E, -500.000000, NP, 20000 100000
11500, t, 1.767091e-06, KEe, 93361.262747, MEe, 4.668063137e+00, E, -500.000000, NP, 20000 100000
11600, t, 1.782457e-06, KEe, 93332.951900, MEe, 4.666647595e+00, E, -500.000000, NP, 20000 100000
11700, t, 1.797823e-06, KEe, 93481.148137, MEe, 4.674057407e+00, E, -500.000000, NP, 20000 100000
11800, t, 1.813189e-06, KEe, 93478.873869, MEe, 4.673943693e+00, E, -500.000000, NP, 20000 100000
11900, t, 1.828555e-06, KEe, 93180.119229, MEe, 4.659005961e+00, E, -500.000000, NP, 20000 100000
12000, t, 1.843921e-06, KEe, 93155.681781, MEe, 4.657784089e+00, E, -500.000000, NP, 20000 100000
12100, t, 1.859287e-06, KEe, 93093.920889, MEe, 4.654696044e+00, E, -500.000000, NP, 20000 100000
12200, t, 1.874653e-06, KEe, 93146.050979, MEe, 4.657302549e+00, E, -500.000000, NP, 20000 100000
12300, t, 1.890019e-06, KEe, 93214.604292, MEe, 4.660730215e+00, E, -500.000000, NP, 20000 100000
12400, t, 1.905385e-06, KEe, 93364.317310, MEe, 4.668215866e+00, E, -500.000000, NP, 20000 100000
12500, t, 1.920751e-06, KEe, 93032.391935, MEe, 4.651619597e+00, E, -500.000000, NP, 20000 100000
12600, t, 1.936117e-06, KEe, 93032.465663, MEe, 4.651623283e+00, E, -500.000000, NP, 20000 100000
12700, t, 1.951483e-06, KEe, 92796.277513, MEe, 4.639813876e+00, E, -500.000000, NP, 20000 100000
12800, t, 1.966849e-06, KEe, 92703.496587, MEe, 4.635174829e+00, E, -500.000000, NP, 20000 100000
12900, t, 1.982215e-06, KEe, 92724.491975, MEe, 4.636224599e+00, E, -500.000000, NP, 20000 100000
13000, t, 1.997581e-06, KEe, 92916.628144, MEe, 4.645831407e+00, E, -500.000000, NP, 20000 100000
13100, t, 2.012947e-06, KEe, 93042.524238, MEe, 4.652126212e+00, E, -500.000000, NP, 20000 100000
13200, t, 2.028313e-06, KEe, 92742.653265, MEe, 4.637132663e+00, E, -500.000000, NP, 20000 100000
13300, t, 2.043679e-06, KEe, 92563.008382, MEe, 4.628150419e+00, E, -500.000000, NP, 20000 100000
13400, t, 2.059045e-06, KEe, 92707.291681, MEe, 4.635364584e+00, E, -500.000000, NP, 20000 100000
13500, t, 2.074411e-06, KEe, 92664.116594, MEe, 4.633205830e+00, E, -500.000000, NP, 20000 100000
13600, t, 2.089777e-06, KEe, 92744.618486, MEe, 4.637230924e+00, E, -500.000000, NP, 20000 100000
13700, t, 2.105143e-06, KEe, 92588.875096, MEe, 4.629443755e+00, E, -500.000000, NP, 20000 100000
13800, t, 2.120509e-06, KEe, 92758.484394, MEe, 4.637924220e+00, E, -500.000000, NP, 20000 100000
13900, t, 2.135875e-06, KEe, 92892.606052, MEe, 4.644630303e+00, E, -500.000000, NP, 20000 100000
14000, t, 2.151241e-06, KEe, 92803.513219, MEe, 4.640175661e+00, E, -500.000000, NP, 20000 100000
14100, t, 2.166607e-06, KEe, 92878.047699, MEe, 4.643902385e+00, E, -500.000000, NP, 20000 100000
14200, t, 2.181973e-06, KEe, 92818.122733, MEe, 4.640906137e+00, E, -500.000000, NP, 20000 100000
14300, t, 2.197339e-06, KEe, 92776.996969, MEe, 4.638849848e+00, E, -500.000000, NP, 20000 100000
14400, t, 2.212705e-06, KEe, 92826.544378, MEe, 4.641327219e+00, E, -500.000000, NP, 20000 100000
14500, t, 2.228071e-06, KEe, 92706.143648, MEe, 4.635307182e+00, E, -500.000000, NP, 20000 100000
14600, t, 2.243437e-06, KEe, 92468.028805, MEe, 4.623401440e+00, E, -500.000000, NP, 20000 100000
14700, t, 2.258803e-06, KEe, 92857.294172, MEe, 4.642864709e+00, E, -500.000000, NP, 20000 100000
14800, t, 2.274169e-06, KEe, 92968.020826, MEe, 4.648401041e+00, E, -500.000000, NP, 20000 100000
14900, t, 2.289535e-06, KEe, 92998.572988, MEe, 4.649928649e+00, E, -500.000000, NP, 20000 100000
15000, t, 2.304901e-06, KEe, 93153.452600, MEe, 4.657672630e+00, E, -500.000000, NP, 20000 100000
15100, t, 2.320267e-06, KEe, 93025.504539, MEe, 4.651275227e+00, E, -500.000000, NP, 20000 100000
15200, t, 2.335633e-06, KEe, 92840.419013, MEe, 4.642020951e+00, E, -500.000000, NP, 20000 100000
15300, t, 2.350999e-06, KEe, 92914.287337, MEe, 4.645714367e+00, E, -500.000000, NP, 20000 100000
15400, t, 2.366365e-06, KEe, 92974.521545, MEe, 4.648726077e+00, E, -500.000000, NP, 20000 100000
15500, t, 2.381731e-06, KEe, 93102.489198, MEe, 4.655124460e+00, E, -500.000000, NP, 20000 100000
15600, t, 2.397097e-06, KEe, 93255.454317, MEe, 4.662772716e+00, E, -500.000000, NP, 20000 100000
15700, t, 2.412463e-06, KEe, 93185.091583, MEe, 4.659254579e+00, E, -500.000000, NP, 20000 100000
15800, t, 2.427829e-06, KEe, 93100.948737, MEe, 4.655047437e+00, E, -500.000000, NP, 20000 100000
15900, t, 2.443195e-06, KEe, 93501.530882, MEe, 4.675076544e+00, E, -500.000000, NP, 20000 100000
16000, t, 2.458561e-06, KEe, 93429.821731, MEe, 4.671491087e+00, E, -500.000000, NP, 20000 100000
16100, t, 2.473927e-06, KEe, 93719.763516, MEe, 4.685988176e+00, E, -500.000000, NP, 20000 100000
16200, t, 2.489293e-06, KEe, 93734.691759, MEe, 4.686734588e+00, E, -500.000000, NP, 20000 100000
16300, t, 2.504659e-06, KEe, 93624.244851, MEe, 4.681212243e+00, E, -500.000000, NP, 20000 100000
16400, t, 2.520025e-06, KEe, 93502.922054, MEe, 4.675146103e+00, E, -500.000000, NP, 20000 100000
16500, t, 2.535391e-06, KEe, 93471.259332, MEe, 4.673562967e+00, E, -500.000000, NP, 20000 100000
16600, t, 2.550757e-06, KEe, 93313.541705, MEe, 4.665677085e+00, E, -500.000000, NP, 20000 100000
16700, t, 2.566123e-06, KEe, 93420.400650, MEe, 4.671020033e+00, E, -500.000000, NP, 20000 100000
16800, t, 2.581489e-06, KEe, 93363.953984, MEe, 4.668197699e+00, E, -500.000000, NP, 20000 100000
16900, t, 2.596855e-06, KEe, 93440.239136, MEe, 4.672011957e+00, E, -500.000000, NP, 20000 100000
17000, t, 2.612221e-06, KEe, 93388.891007, MEe, 4.669444550e+00, E, -500.000000, NP, 20000 100000
17100, t, 2.627587e-06, KEe, 93403.534178, MEe, 4.670176709e+00, E, -500.000000, NP, 20000 100000
17200, t, 2.642953e-06, KEe, 93531.011399, MEe, 4.676550570e+00, E, -500.000000, NP, 20000 100000
17300, t, 2.658319e-06, KEe, 93538.783955, MEe, 4.676939198e+00, E, -500.000000, NP, 20000 100000
17400, t, 2.673685e-06, KEe, 93350.512741, MEe, 4.667525637e+00, E, -500.000000, NP, 20000 100000
17500, t, 2.689051e-06, KEe, 93463.106862, MEe, 4.673155343e+00, E, -500.000000, NP, 20000 100000
17600, t, 2.704417e-06, KEe, 93326.666877, MEe, 4.666333344e+00, E, -500.000000, NP, 20000 100000
17700, t, 2.719783e-06, KEe, 93457.347602, MEe, 4.672867380e+00, E, -500.000000, NP, 20000 100000
17800, t, 2.735149e-06, KEe, 93662.986797, MEe, 4.683149340e+00, E, -500.000000, NP, 20000 100000
17900, t, 2.750515e-06, KEe, 93570.876959, MEe, 4.678543848e+00, E, -500.000000, NP, 20000 100000
18000, t, 2.765881e-06, KEe, 93485.963067, MEe, 4.674298153e+00, E, -500.000000, NP, 20000 100000
18100, t, 2.781247e-06, KEe, 93413.211853, MEe, 4.670660593e+00, E, -500.000000, NP, 20000 100000
18200, t, 2.796613e-06, KEe, 93336.251089, MEe, 4.666812554e+00, E, -500.000000, NP, 20000 100000
18300, t, 2.811979e-06, KEe, 93745.006290, MEe, 4.687250314e+00, E, -500.000000, NP, 20000 100000
18400, t, 2.827346e-06, KEe, 93856.315272, MEe, 4.692815764e+00, E, -500.000000, NP, 20000 100000
18500, t, 2.842712e-06, KEe, 93960.242753, MEe, 4.698012138e+00, E, -500.000000, NP, 20000 100000
18600, t, 2.858078e-06, KEe, 93908.083890, MEe, 4.695404194e+00, E, -500.000000, NP, 20000 100000
18700, t, 2.873444e-06, KEe, 93823.071608, MEe, 4.691153580e+00, E, -500.000000, NP, 20000 100000
18800, t, 2.888810e-06, KEe, 93644.212464, MEe, 4.682210623e+00, E, -500.000000, NP, 20000 100000
18900, t, 2.904176e-06, KEe, 93747.567314, MEe, 4.687378366e+00, E, -500.000000, NP, 20000 100000
19000, t, 2.919542e-06, KEe, 93828.273956, MEe, 4.691413698e+00, E, -500.000000, NP, 20000 100000
19100, t, 2.934908e-06, KEe, 93732.661070, MEe, 4.686633053e+00, E, -500.000000, NP, 20000 100000
19200, t, 2.950274e-06, KEe, 93646.623359, MEe, 4.682331168e+00, E, -500.000000, NP, 20000 100000
19300, t, 2.965640e-06, KEe, 93706.936233, MEe, 4.685346812e+00, E, -500.000000, NP, 20000 100000
19400, t, 2.981006e-06, KEe, 93930.133860, MEe, 4.696506693e+00, E, -500.000000, NP, 20000 100000
19500, t, 2.996372e-06, KEe, 93806.523774, MEe, 4.690326189e+00, E, -500.000000, NP, 20000 100000
19600, t, 3.011738e-06, KEe, 93798.034885, MEe, 4.689901744e+00, E, -500.000000, NP, 20000 100000
19700, t, 3.027104e-06, KEe, 93767.815939, MEe, 4.688390797e+00, E, -500.000000, NP, 20000 100000
19800, t, 3.042470e-06, KEe, 93798.861647, MEe, 4.689943082e+00, E, -500.000000, NP, 20000 100000
19900, t, 3.057836e-06, KEe, 93523.433108, MEe, 4.676171655e+00, E, -500.000000, NP, 20000 100000
20000, t, 3.073202e-06, KEe, 93656.330753, MEe, 4.682816538e+00, E, -500.000000, NP, 20000 100000
20100, t, 3.088568e-06, KEe, 93542.465082, MEe, 4.677123254e+00, E, -500.000000, NP, 20000 100000
20200, t, 3.103934e-06, KEe, 93547.940375, MEe, 4.677397019e+00, E, -500.000000, NP, 20000 100000
20300, t, 3.119300e-06, KEe, 93520.343652, MEe, 4.676017183e+00, E, -500.000000, NP, 20000 100000
20400, t, 3.134666e-06, KEe, 93479.893028, MEe, 4.673994651e+00, E, -500.000000, NP, 20000 100000
20500, t, 3.150032e-06, KEe, 93321.997926, MEe, 4.666099896e+00, E, -500.000000, NP, 20000 100000
20600, t, 3.165398e-06, KEe, 93442.402430, MEe, 4.672120122e+00, E, -500.000000, NP, 20000 100000
20700, t, 3.180764e-06, KEe, 93541.383574, MEe, 4.677069179e+00, E, -500.000000, NP, 20000 100000
20800, t, 3.196130e-06, KEe, 93756.146306, MEe, 4.687807315e+00, E, -500.000000, NP, 20000 100000
20900, t, 3.211496e-06, KEe, 93607.550601, MEe, 4.680377530e+00, E, -500.000000, NP, 20000 100000
21000, t, 3.226862e-06, KEe, 93483.719371, MEe, 4.674185969e+00, E, -500.000000, NP, 20000 100000
21100, t, 3.242228e-06, KEe, 93406.315410, MEe, 4.670315770e+00, E, -500.000000, NP, 20000 100000
21200, t, 3.257594e-06, KEe, 93454.797153, MEe, 4.672739858e+00, E, -500.000000, NP, 20000 100000
21300, t, 3.272960e-06, KEe, 93683.087543, MEe, 4.684154377e+00, E, -500.000000, NP, 20000 100000
21400, t, 3.288326e-06, KEe, 93612.030857, MEe, 4.680601543e+00, E, -500.000000, NP, 20000 100000
21500, t, 3.303692e-06, KEe, 93828.271083, MEe, 4.691413554e+00, E, -500.000000, NP, 20000 100000
21600, t, 3.319058e-06, KEe, 93562.782617, MEe, 4.678139131e+00, E, -500.000000, NP, 20000 100000
21700, t, 3.334424e-06, KEe, 93790.094881, MEe, 4.689504744e+00, E, -500.000000, NP, 20000 100000
21800, t, 3.349790e-06, KEe, 93598.651889, MEe, 4.679932594e+00, E, -500.000000, NP, 20000 100000
21900, t, 3.365156e-06, KEe, 93607.829354, MEe, 4.680391468e+00, E, -500.000000, NP, 20000 100000
22000, t, 3.380522e-06, KEe, 93627.464391, MEe, 4.681373220e+00, E, -500.000000, NP, 20000 100000
22100, t, 3.395888e-06, KEe, 93789.494418, MEe, 4.689474721e+00, E, -500.000000, NP, 20000 100000
22200, t, 3.411254e-06, KEe, 93621.712152, MEe, 4.681085608e+00, E, -500.000000, NP, 20000 100000
22300, t, 3.426620e-06, KEe, 93534.862428, MEe, 4.676743121e+00, E, -500.000000, NP, 20000 100000
22400, t, 3.441986e-06, KEe, 93453.975827, MEe, 4.672698791e+00, E, -500.000000, NP, 20000 100000
22500, t, 3.457352e-06, KEe, 93488.453906, MEe, 4.674422695e+00, E, -500.000000, NP, 20000 100000
22600, t, 3.472718e-06, KEe, 93402.512048, MEe, 4.670125602e+00, E, -500.000000, NP, 20000 100000
22700, t, 3.488084e-06, KEe, 93597.349645, MEe, 4.679867482e+00, E, -500.000000, NP, 20000 100000
22800, t, 3.503450e-06, KEe, 93666.518045, MEe, 4.683325902e+00, E, -500.000000, NP, 20000 100000
22900, t, 3.518816e-06, KEe, 93615.120268, MEe, 4.680756013e+00, E, -500.000000, NP, 20000 100000
23000, t, 3.534182e-06, KEe, 93595.927809, MEe, 4.679796390e+00, E, -500.000000, NP, 20000 100000
23100, t, 3.549548e-06, KEe, 93367.864780, MEe, 4.668393239e+00, E, -500.000000, NP, 20000 100000
23200, t, 3.564914e-06, KEe, 93133.034263, MEe, 4.656651713e+00, E, -500.000000, NP, 20000 100000
23300, t, 3.580280e-06, KEe, 93186.281157, MEe, 4.659314058e+00, E, -500.000000, NP, 20000 100000
23400, t, 3.595646e-06, KEe, 93066.561922, MEe, 4.653328096e+00, E, -500.000000, NP, 20000 100000
23500, t, 3.611012e-06, KEe, 93448.208078, MEe, 4.672410404e+00, E, -500.000000, NP, 20000 100000
23600, t, 3.626378e-06, KEe, 93335.904279, MEe, 4.666795214e+00, E, -500.000000, NP, 20000 100000
23700, t, 3.641744e-06, KEe, 93229.623796, MEe, 4.661481190e+00, E, -500.000000, NP, 20000 100000
23800, t, 3.657110e-06, KEe, 93267.449705, MEe, 4.663372485e+00, E, -500.000000, NP, 20000 100000
23900, t, 3.672476e-06, KEe, 93328.635471, MEe, 4.666431774e+00, E, -500.000000, NP, 20000 100000
24000, t, 3.687842e-06, KEe, 93318.023316, MEe, 4.665901166e+00, E, -500.000000, NP, 20000 100000
24100, t, 3.703208e-06, KEe, 93394.029066, MEe, 4.669701453e+00, E, -500.000000, NP, 20000 100000
24200, t, 3.718574e-06, KEe, 93547.907364, MEe, 4.677395368e+00, E, -500.000000, NP, 20000 100000
24300, t, 3.733940e-06, KEe, 93421.704023, MEe, 4.671085201e+00, E, -500.000000, NP, 20000 100000
24400, t, 3.749306e-06, KEe, 93246.809652, MEe, 4.662340483e+00, E, -500.000000, NP, 20000 100000
24500, t, 3.764672e-06, KEe, 93241.537374, MEe, 4.662076869e+00, E, -500.000000, NP, 20000 100000
24600, t, 3.780038e-06, KEe, 93392.086908, MEe, 4.669604345e+00, E, -500.000000, NP, 20000 100000
24700, t, 3.795404e-06, KEe, 93637.994158, MEe, 4.681899708e+00, E, -500.000000, NP, 20000 100000
24800, t, 3.810770e-06, KEe, 93603.424884, MEe, 4.680171244e+00, E, -500.000000, NP, 20000 100000
24900, t, 3.826136e-06, KEe, 93472.188853, MEe, 4.673609443e+00, E, -500.000000, NP, 20000 100000
25000, t, 3.841502e-06, KEe, 93386.622914, MEe, 4.669331146e+00, E, -500.000000, NP, 20000 100000
25100, t, 3.856868e-06, KEe, 93522.805141, MEe, 4.676140257e+00, E, -500.000000, NP, 20000 100000
25200, t, 3.872234e-06, KEe, 93575.509295, MEe, 4.678775465e+00, E, -500.000000, NP, 20000 100000
25300, t, 3.887600e-06, KEe, 93587.475758, MEe, 4.679373788e+00, E, -500.000000, NP, 20000 100000
25400, t, 3.902966e-06, KEe, 93739.938224, MEe, 4.686996911e+00, E, -500.000000, NP, 20000 100000
25500, t, 3.918332e-06, KEe, 93789.115624, MEe, 4.689455781e+00, E, -500.000000, NP, 20000 100000
25600, t, 3.933698e-06, KEe, 93734.831644, MEe, 4.686741582e+00, E, -500.000000, NP, 20000 100000
25700, t, 3.949064e-06, KEe, 93631.995843, MEe, 4.681599792e+00, E, -500.000000, NP, 20000 100000
25800, t, 3.964430e-06, KEe, 93568.238140, MEe, 4.678411907e+00, E, -500.000000, NP, 20000 100000
25900, t, 3.979796e-06, KEe, 93609.761412, MEe, 4.680488071e+00, E, -500.000000, NP, 20000 100000
26000, t, 3.995162e-06, KEe, 93582.043617, MEe, 4.679102181e+00, E, -500.000000, NP, 20000 100000
26100, t, 4.010528e-06, KEe, 93519.578800, MEe, 4.675978940e+00, E, -500.000000, NP, 20000 100000
26200, t, 4.025894e-06, KEe, 93550.302697, MEe, 4.677515135e+00, E, -500.000000, NP, 20000 100000
26300, t, 4.041260e-06, KEe, 93490.237282, MEe, 4.674511864e+00, E, -500.000000, NP, 20000 100000
26400, t, 4.056626e-06, KEe, 93383.096257, MEe, 4.669154813e+00, E, -500.000000, NP, 20000 100000
26500, t, 4.071992e-06, KEe, 93317.114114, MEe, 4.665855706e+00, E, -500.000000, NP, 20000 100000
26600, t, 4.087358e-06, KEe, 93099.797122, MEe, 4.654989856e+00, E, -500.000000, NP, 20000 100000
26700, t, 4.102724e-06, KEe, 92981.596002, MEe, 4.649079800e+00, E, -500.000000, NP, 20000 100000
26800, t, 4.118090e-06, KEe, 93080.662645, MEe, 4.654033132e+00, E, -500.000000, NP, 20000 100000
26900, t, 4.133456e-06, KEe, 93135.896859, MEe, 4.656794843e+00, E, -500.000000, NP, 20000 100000
27000, t, 4.148822e-06, KEe, 93258.002198, MEe, 4.662900110e+00, E, -500.000000, NP, 20000 100000
27100, t, 4.164188e-06, KEe, 93139.688911, MEe, 4.656984446e+00, E, -500.000000, NP, 20000 100000
27200, t, 4.179554e-06, KEe, 93017.280879, MEe, 4.650864044e+00, E, -500.000000, NP, 20000 100000
27300, t, 4.194920e-06, KEe, 93231.413253, MEe, 4.661570663e+00, E, -500.000000, NP, 20000 100000
27400, t, 4.210286e-06, KEe, 93207.615999, MEe, 4.660380800e+00, E, -500.000000, NP, 20000 100000
27500, t, 4.225652e-06, KEe, 93478.855601, MEe, 4.673942780e+00, E, -500.000000, NP, 20000 100000
27600, t, 4.241018e-06, KEe, 93582.768181, MEe, 4.679138409e+00, E, -500.000000, NP, 20000 100000
27700, t, 4.256384e-06, KEe, 93401.455581, MEe, 4.670072779e+00, E, -500.000000, NP, 20000 100000
27800, t, 4.271750e-06, KEe, 93353.311824, MEe, 4.667665591e+00, E, -500.000000, NP, 20000 100000
27900, t, 4.287116e-06, KEe, 93224.698196, MEe, 4.661234910e+00, E, -500.000000, NP, 20000 100000
28000, t, 4.302482e-06, KEe, 93257.687095, MEe, 4.662884355e+00, E, -500.000000, NP, 20000 100000
28100, t, 4.317848e-06, KEe, 93272.901421, MEe, 4.663645071e+00, E, -500.000000, NP, 20000 100000
28200, t, 4.333214e-06, KEe, 93344.869740, MEe, 4.667243487e+00, E, -500.000000, NP, 20000 100000
28300, t, 4.348580e-06, KEe, 93514.231788, MEe, 4.675711589e+00, E, -500.000000, NP, 20000 100000
28400, t, 4.363946e-06, KEe, 93474.649605, MEe, 4.673732480e+00, E, -500.000000, NP, 20000 100000
28500, t, 4.379312e-06, KEe, 93631.347589, MEe, 4.681567379e+00, E, -500.000000, NP, 20000 100000
28600, t, 4.394678e-06, KEe, 93720.056874, MEe, 4.686002844e+00, E, -500.000000, NP, 20000 100000
28700, t, 4.410044e-06, KEe, 93511.156760, MEe, 4.675557838e+00, E, -500.000000, NP, 20000 100000
28800, t, 4.425410e-06, KEe, 93513.793173, MEe, 4.675689659e+00, E, -500.000000, NP, 20000 100000
28900, t, 4.440776e-06, KEe, 93372.282489, MEe, 4.668614124e+00, E, -500.000000, NP, 20000 100000
29000, t, 4.456142e-06, KEe, 93291.303783, MEe, 4.664565189e+00, E, -500.000000, NP, 20000 100000
29100, t, 4.471508e-06, KEe, 93321.395462, MEe, 4.666069773e+00, E, -500.000000, NP, 20000 100000
29200, t, 4.486874e-06, KEe, 93362.349679, MEe, 4.668117484e+00, E, -500.000000, NP, 20000 100000
29300, t, 4.502240e-06, KEe, 93369.349318, MEe, 4.668467466e+00, E, -500.000000, NP, 20000 100000
29400, t, 4.517606e-06, KEe, 93603.994250, MEe, 4.680199712e+00, E, -500.000000, NP, 20000 100000
29500, t, 4.532972e-06, KEe, 93758.660894, MEe, 4.687933045e+00, E, -500.000000, NP, 20000 100000
29600, t, 4.548338e-06, KEe, 93429.307082, MEe, 4.671465354e+00, E, -500.000000, NP, 20000 100000
29700, t, 4.563704e-06, KEe, 93279.280250, MEe, 4.663964012e+00, E, -500.000000, NP, 20000 100000
29800, t, 4.579070e-06, KEe, 93365.498871, MEe, 4.668274944e+00, E, -500.000000, NP, 20000 100000
29900, t, 4.594436e-06, KEe, 93192.504946, MEe, 4.659625247e+00, E, -500.000000, NP, 20000 100000
30000, t, 4.609802e-06, KEe, 92974.480650, MEe, 4.648724032e+00, E, -500.000000, NP, 20000 100000
30100, t, 4.625168e-06, KEe, 92853.641371, MEe, 4.642682069e+00, E, -500.000000, NP, 20000 100000
30200, t, 4.640534e-06, KEe, 92899.440764, MEe, 4.644972038e+00, E, -500.000000, NP, 20000 100000
30300, t, 4.655900e-06, KEe, 92774.111054, MEe, 4.638705553e+00, E, -500.000000, NP, 20000 100000
30400, t, 4.671266e-06, KEe, 92840.585477, MEe, 4.642029274e+00, E, -500.000000, NP, 20000 100000
30500, t, 4.686632e-06, KEe, 92731.946573, MEe, 4.636597329e+00, E, -500.000000, NP, 20000 100000
30600, t, 4.701999e-06, KEe, 92872.062049, MEe, 4.643603102e+00, E, -500.000000, NP, 20000 100000
30700, t, 4.717365e-06, KEe, 92899.322487, MEe, 4.644966124e+00, E, -500.000000, NP, 20000 100000
30800, t, 4.732731e-06, KEe, 93319.048146, MEe, 4.665952407e+00, E, -500.000000, NP, 20000 100000
30900, t, 4.748097e-06, KEe, 92967.998729, MEe, 4.648399936e+00, E, -500.000000, NP, 20000 100000
31000, t, 4.763463e-06, KEe, 93094.533473, MEe, 4.654726674e+00, E, -500.000000, NP, 20000 100000
31100, t, 4.778829e-06, KEe, 93080.051144, MEe, 4.654002557e+00, E, -500.000000, NP, 20000 100000
31200, t, 4.794195e-06, KEe, 93183.395533, MEe, 4.659169777e+00, E, -500.000000, NP, 20000 100000
31300, t, 4.809561e-06, KEe, 93187.326713, MEe, 4.659366336e+00, E, -500.000000, NP, 20000 100000
31400, t, 4.824927e-06, KEe, 92962.153656, MEe, 4.648107683e+00, E, -500.000000, NP, 20000 100000
31500, t, 4.840293e-06, KEe, 92948.803812, MEe, 4.647440191e+00, E, -500.000000, NP, 20000 100000
31600, t, 4.855659e-06, KEe, 92881.188241, MEe, 4.644059412e+00, E, -500.000000, NP, 20000 100000
31700, t, 4.871025e-06, KEe, 92998.481185, MEe, 4.649924059e+00, E, -500.000000, NP, 20000 100000
31800, t, 4.886391e-06, KEe, 92999.374452, MEe, 4.649968723e+00, E, -500.000000, NP, 20000 100000
31900, t, 4.901757e-06, KEe, 93021.644851, MEe, 4.651082243e+00, E, -500.000000, NP, 20000 100000
32000, t, 4.917123e-06, KEe, 93012.054306, MEe, 4.650602715e+00, E, -500.000000, NP, 20000 100000
32100, t, 4.932489e-06, KEe, 93258.088496, MEe, 4.662904425e+00, E, -500.000000, NP, 20000 100000
32200, t, 4.947855e-06, KEe, 93302.396663, MEe, 4.665119833e+00, E, -500.000000, NP, 20000 100000
32300, t, 4.963221e-06, KEe, 93396.854160, MEe, 4.669842708e+00, E, -500.000000, NP, 20000 100000
32400, t, 4.978587e-06, KEe, 93431.066561, MEe, 4.671553328e+00, E, -500.000000, NP, 20000 100000
32500, t, 4.993953e-06, KEe, 93677.195933, MEe, 4.683859797e+00, E, -500.000000, NP, 20000 100000
32600, t, 5.009319e-06, KEe, 93898.573003, MEe, 4.694928650e+00, E, -500.000000, NP, 20000 100000
32700, t, 5.024685e-06, KEe, 93795.421891, MEe, 4.689771095e+00, E, -500.000000, NP, 20000 100000
32800, t, 5.040051e-06, KEe, 93677.478792, MEe, 4.683873940e+00, E, -500.000000, NP, 20000 100000
32900, t, 5.055417e-06, KEe, 93585.466431, MEe, 4.679273322e+00, E, -500.000000, NP, 20000 100000
33000, t, 5.070783e-06, KEe, 93597.052955, MEe, 4.679852648e+00, E, -500.000000, NP, 20000 100000
33100, t, 5.086149e-06, KEe, 93635.932029, MEe, 4.681796601e+00, E, -500.000000, NP, 20000 100000
33200, t, 5.101515e-06, KEe, 93682.346328, MEe, 4.684117316e+00, E, -500.000000, NP, 20000 100000
33300, t, 5.116881e-06, KEe, 93801.382192, MEe, 4.690069110e+00, E, -500.000000, NP, 20000 100000
33400, t, 5.132247e-06, KEe, 93696.246099, MEe, 4.684812305e+00, E, -500.000000, NP, 20000 100000
33500, t, 5.147613e-06, KEe, 93673.344495, MEe, 4.683667225e+00, E, -500.000000, NP, 20000 100000
33600, t, 5.162979e-06, KEe, 93700.287142, MEe, 4.685014357e+00, E, -500.000000, NP, 20000 100000
33700, t, 5.178345e-06, KEe, 93708.232152, MEe, 4.685411608e+00, E, -500.000000, NP, 20000 100000
33800, t, 5.193711e-06, KEe, 93655.091643, MEe, 4.682754582e+00, E, -500.000000, NP, 20000 100000
33900, t, 5.209077e-06, KEe, 93701.671388, MEe, 4.685083569e+00, E, -500.000000, NP, 20000 100000
34000, t, 5.224443e-06, KEe, 93684.737036, MEe, 4.684236852e+00, E, -500.000000, NP, 20000 100000
34100, t, 5.239809e-06, KEe, 93881.285043, MEe, 4.694064252e+00, E, -500.000000, NP, 20000 100000
34200, t, 5.255175e-06, KEe, 93753.936167, MEe, 4.687696808e+00, E, -500.000000, NP, 20000 100000
34300, t, 5.270541e-06, KEe, 93627.683342, MEe, 4.681384167e+00, E, -500.000000, NP, 20000 100000
34400, t, 5.285907e-06, KEe, 93775.638178, MEe, 4.688781909e+00, E, -500.000000, NP, 20000 100000
34500, t, 5.301273e-06, KEe, 93665.971387, MEe, 4.683298569e+00, E, -500.000000, NP, 20000 100000
34600, t, 5.316639e-06, KEe, 93775.090166, MEe, 4.688754508e+00, E, -500.000000, NP, 20000 100000
34700, t, 5.332005e-06, KEe, 93789.365141, MEe, 4.689468257e+00, E, -500.000000, NP, 20000 100000
34800, t, 5.347371e-06, KEe, 93951.337381, MEe, 4.697566869e+00, E, -500.000000, NP, 20000 100000
34900, t, 5.362737e-06, KEe, 93955.656317, MEe, 4.697782816e+00, E, -500.000000, NP, 20000 100000
35000, t, 5.378103e-06, KEe, 93870.654689, MEe, 4.693532734e+00, E, -500.000000, NP, 20000 100000
35100, t, 5.393469e-06, KEe, 93908.207755, MEe, 4.695410388e+00, E, -500.000000, NP, 20000 100000
35200, t, 5.408835e-06, KEe, 93976.135222, MEe, 4.698806761e+00, E, -500.000000, NP, 20000 100000
35300, t, 5.424201e-06, KEe, 94110.060061, MEe, 4.705503003e+00, E, -500.000000, NP, 20000 100000
35400, t, 5.439567e-06, KEe, 94194.885421, MEe, 4.709744271e+00, E, -500.000000, NP, 20000 100000
35500, t, 5.454933e-06, KEe, 94361.323519, MEe, 4.718066176e+00, E, -500.000000, NP, 20000 100000
35600, t, 5.470299e-06, KEe, 94067.630504, MEe, 4.703381525e+00, E, -500.000000, NP, 20000 100000
35700, t, 5.485665e-06, KEe, 93993.826091, MEe, 4.699691305e+00, E, -500.000000, NP, 20000 100000
35800, t, 5.501031e-06, KEe, 94112.108695, MEe, 4.705605435e+00, E, -500.000000, NP, 20000 100000
35900, t, 5.516397e-06, KEe, 93779.539713, MEe, 4.688976986e+00, E, -500.000000, NP, 20000 100000
36000, t, 5.531763e-06, KEe, 93869.065973, MEe, 4.693453299e+00, E, -500.000000, NP, 20000 100000
36100, t, 5.547129e-06, KEe, 93625.346201, MEe, 4.681267310e+00, E, -500.000000, NP, 20000 100000
36200, t, 5.562495e-06, KEe, 93494.168921, MEe, 4.674708446e+00, E, -500.000000, NP, 20000 100000
36300, t, 5.577861e-06, KEe, 93712.874421, MEe, 4.685643721e+00, E, -500.000000, NP, 20000 100000
36400, t, 5.593227e-06, KEe, 93713.902300, MEe, 4.685695115e+00, E, -500.000000, NP, 20000 100000
36500, t, 5.608593e-06, KEe, 93851.728818, MEe, 4.692586441e+00, E, -500.000000, NP, 20000 100000
36600, t, 5.623959e-06, KEe, 94069.980422, MEe, 4.703499021e+00, E, -500.000000, NP, 20000 100000
36700, t, 5.639325e-06, KEe, 93937.789173, MEe, 4.696889459e+00, E, -500.000000, NP, 20000 100000
36800, t, 5.654691e-06, KEe, 93729.855408, MEe, 4.686492770e+00, E, -500.000000, NP, 20000 100000
36900, t, 5.670057e-06, KEe, 93567.573201, MEe, 4.678378660e+00, E, -500.000000, NP, 20000 100000
37000, t, 5.685423e-06, KEe, 93507.066010, MEe, 4.675353301e+00, E, -500.000000, NP, 20000 100000
37100, t, 5.700789e-06, KEe, 93633.284706, MEe, 4.681664235e+00, E, -500.000000, NP, 20000 100000
37200, t, 5.716155e-06, KEe, 93413.680590, MEe, 4.670684030e+00, E, -500.000000, NP, 20000 100000
37300, t, 5.731521e-06, KEe, 93450.108920, MEe, 4.672505446e+00, E, -500.000000, NP, 20000 100000
37400, t, 5.746887e-06, KEe, 93360.717803, MEe, 4.668035890e+00, E, -500.000000, NP, 20000 100000
37500, t, 5.762253e-06, KEe, 93520.603464, MEe, 4.676030173e+00, E, -500.000000, NP, 20000 100000
37600, t, 5.777619e-06, KEe, 93516.593525, MEe, 4.675829676e+00, E, -500.000000, NP, 20000 100000
37700, t, 5.792985e-06, KEe, 93470.734532, MEe, 4.673536727e+00, E, -500.000000, NP, 20000 100000
37800, t, 5.808351e-06, KEe, 93282.494521, MEe, 4.664124726e+00, E, -500.000000, NP, 20000 100000
37900, t, 5.823717e-06, KEe, 93269.767039, MEe, 4.663488352e+00, E, -500.000000, NP, 20000 100000
38000, t, 5.839083e-06, KEe, 93437.967161, MEe, 4.671898358e+00, E, -500.000000, NP, 20000 100000
38100, t, 5.854449e-06, KEe, 93502.955562, MEe, 4.675147778e+00, E, -500.000000, NP, 20000 100000
38200, t, 5.869815e-06, KEe, 93380.743328, MEe, 4.669037166e+00, E, -500.000000, NP, 20000 100000
38300, t, 5.885181e-06, KEe, 93307.873421, MEe, 4.665393671e+00, E, -500.000000, NP, 20000 100000
38400, t, 5.900547e-06, KEe, 93307.973759, MEe, 4.665398688e+00, E, -500.000000, NP, 20000 100000
38500, t, 5.915913e-06, KEe, 93385.900244, MEe, 4.669295012e+00, E, -500.000000, NP, 20000 100000
38600, t, 5.931279e-06, KEe, 93550.401557, MEe, 4.677520078e+00, E, -500.000000, NP, 20000 100000
38700, t, 5.946645e-06, KEe, 93477.321942, MEe, 4.673866097e+00, E, -500.000000, NP, 20000 100000
38800, t, 5.962011e-06, KEe, 93384.758391, MEe, 4.669237920e+00, E, -500.000000, NP, 20000 100000
38900, t, 5.977377e-06, KEe, 93417.286965, MEe, 4.670864348e+00, E, -500.000000, NP, 20000 100000
39000, t, 5.992743e-06, KEe, 93186.513992, MEe, 4.659325700e+00, E, -500.000000, NP, 20000 100000
39100, t, 6.008109e-06, KEe, 93540.633393, MEe, 4.677031670e+00, E, -500.000000, NP, 20000 100000
39200, t, 6.023475e-06, KEe, 93357.827562, MEe, 4.667891378e+00, E, -500.000000, NP, 20000 100000
39300, t, 6.038841e-06, KEe, 93450.385201, MEe, 4.672519260e+00, E, -500.000000, NP, 20000 100000
39400, t, 6.054207e-06, KEe, 93137.022571, MEe, 4.656851129e+00, E, -500.000000, NP, 20000 100000
39500, t, 6.069573e-06, KEe, 93223.353089, MEe, 4.661167654e+00, E, -500.000000, NP, 20000 100000
39600, t, 6.084939e-06, KEe, 93221.041255, MEe, 4.661052063e+00, E, -500.000000, NP, 20000 100000
39700, t, 6.100305e-06, KEe, 93231.422648, MEe, 4.661571132e+00, E, -500.000000, NP, 20000 100000
39800, t, 6.115671e-06, KEe, 93135.244980, MEe, 4.656762249e+00, E, -500.000000, NP, 20000 100000
39900, t, 6.131037e-06, KEe, 93188.923179, MEe, 4.659446159e+00, E, -500.000000, NP, 20000 100000
40000, t, 6.146403e-06, KEe, 93241.520146, MEe, 4.662076007e+00, E, -500.000000, NP, 20000 100000
40100, t, 6.161769e-06, KEe, 93259.610111, MEe, 4.662980506e+00, E, -500.000000, NP, 20000 100000
40200, t, 6.177135e-06, KEe, 93304.515560, MEe, 4.665225778e+00, E, -500.000000, NP, 20000 100000
40300, t, 6.192501e-06, KEe, 93189.975107, MEe, 4.659498755e+00, E, -500.000000, NP, 20000 100000
40400, t, 6.207867e-06, KEe, 93394.367500, MEe, 4.669718375e+00, E, -500.000000, NP, 20000 100000
40500, t, 6.223233e-06, KEe, 93354.124876, MEe, 4.667706244e+00, E, -500.000000, NP, 20000 100000
40600, t, 6.238599e-06, KEe, 93385.471780, MEe, 4.669273589e+00, E, -500.000000, NP, 20000 100000
40700, t, 6.253965e-06, KEe, 93306.299334, MEe, 4.665314967e+00, E, -500.000000, NP, 20000 100000
40800, t, 6.269331e-06, KEe, 93238.717428, MEe, 4.661935871e+00, E, -500.000000, NP, 20000 100000
40900, t, 6.284697e-06, KEe, 93176.990055, MEe, 4.658849503e+00, E, -500.000000, NP, 20000 100000
41000, t, 6.300063e-06, KEe, 93214.239366, MEe, 4.660711968e+00, E, -500.000000, NP, 20000 100000
41100, t, 6.315429e-06, KEe, 93262.513675, MEe, 4.663125684e+00, E, -500.000000, NP, 20000 100000
41200, t, 6.330795e-06, KEe, 93054.229866, MEe, 4.652711493e+00, E, -500.000000, NP, 20000 100000
41300, t, 6.346161e-06, KEe, 93100.532948, MEe, 4.655026647e+00, E, -500.000000, NP, 20000 100000
41400, t, 6.361527e-06, KEe, 93128.397617, MEe, 4.656419881e+00, E, -500.000000, NP, 20000 100000
41500, t, 6.376893e-06, KEe, 93254.635559, MEe, 4.662731778e+00, E, -500.000000, NP, 20000 100000
41600, t, 6.392259e-06, KEe, 93402.300484, MEe, 4.670115024e+00, E, -500.000000, NP, 20000 100000
41700, t, 6.407625e-06, KEe, 93310.272939, MEe, 4.665513647e+00, E, -500.000000, NP, 20000 100000
41800, t, 6.422991e-06, KEe, 93233.643685, MEe, 4.661682184e+00, E, -500.000000, NP, 20000 100000
41900, t, 6.438357e-06, KEe, 93413.995027, MEe, 4.670699751e+00, E, -500.000000, NP, 20000 100000
42000, t, 6.453723e-06, KEe, 93288.095718, MEe, 4.664404786e+00, E, -500.000000, NP, 20000 100000
42100, t, 6.469089e-06, KEe, 93205.544653, MEe, 4.660277233e+00, E, -500.000000, NP, 20000 100000
42200, t, 6.484455e-06, KEe, 93238.659343, MEe, 4.661932967e+00, E, -500.000000, NP, 20000 100000
42300, t, 6.499821e-06, KEe, 93056.592736, MEe, 4.652829637e+00, E, -500.000000, NP, 20000 100000
42400, t, 6.515187e-06, KEe, 93054.258651, MEe, 4.652712933e+00, E, -500.000000, NP, 20000 100000
42500, t, 6.530553e-06, KEe, 93122.234097, MEe, 4.656111705e+00, E, -500.000000, NP, 20000 100000
42600, t, 6.545919e-06, KEe, 93037.924454, MEe, 4.651896223e+00, E, -500.000000, NP, 20000 100000
42700, t, 6.561285e-06, KEe, 93054.676871, MEe, 4.652733844e+00, E, -500.000000, NP, 20000 100000
42800, t, 6.576652e-06, KEe, 92944.598531, MEe, 4.647229927e+00, E, -500.000000, NP, 20000 100000
42900, t, 6.592018e-06, KEe, 93020.855780, MEe, 4.651042789e+00, E, -500.000000, NP, 20000 100000
43000, t, 6.607384e-06, KEe, 93243.768972, MEe, 4.662188449e+00, E, -500.000000, NP, 20000 100000
43100, t, 6.622750e-06, KEe, 93190.395422, MEe, 4.659519771e+00, E, -500.000000, NP, 20000 100000
43200, t, 6.638116e-06, KEe, 93114.697805, MEe, 4.655734890e+00, E, -500.000000, NP, 20000 100000
43300, t, 6.653482e-06, KEe, 93127.168376, MEe, 4.656358419e+00, E, -500.000000, NP, 20000 100000
43400, t, 6.668848e-06, KEe, 93381.526124, MEe, 4.669076306e+00, E, -500.000000, NP, 20000 100000
43500, t, 6.684214e-06, KEe, 93397.603549, MEe, 4.669880177e+00, E, -500.000000, NP, 20000 100000
43600, t, 6.699580e-06, KEe, 93584.426564, MEe, 4.679221328e+00, E, -500.000000, NP, 20000 100000
43700, t, 6.714946e-06, KEe, 93394.527773, MEe, 4.669726389e+00, E, -500.000000, NP, 20000 100000
43800, t, 6.730312e-06, KEe, 93649.307075, MEe, 4.682465354e+00, E, -500.000000, NP, 20000 100000
43900, t, 6.745678e-06, KEe, 93596.832899, MEe, 4.679841645e+00, E, -500.000000, NP, 20000 100000
44000, t, 6.761044e-06, KEe, 93355.976579, MEe, 4.667798829e+00, E, -500.000000, NP, 20000 100000
44100, t, 6.776410e-06, KEe, 93313.683661, MEe, 4.665684183e+00, E, -500.000000, NP, 20000 100000
44200, t, 6.791776e-06, KEe, 93304.806694, MEe, 4.665240335e+00, E, -500.000000, NP, 20000 100000
44300, t, 6.807142e-06, KEe, 93235.421771, MEe, 4.661771089e+00, E, -500.000000, NP, 20000 100000
44400, t, 6.822508e-06, KEe, 93089.976818, MEe, 4.654498841e+00, E, -500.000000, NP, 20000 100000
44500, t, 6.837874e-06, KEe, 93327.532019, MEe, 4.666376601e+00, E, -500.000000, NP, 20000 100000
44600, t, 6.853240e-06, KEe, 93387.646927, MEe, 4.669382346e+00, E, -500.000000, NP, 20000 100000
44700, t, 6.868606e-06, KEe, 93418.123407, MEe, 4.670906170e+00, E, -500.000000, NP, 20000 100000
44800, t, 6.883972e-06, KEe, 93539.233376, MEe, 4.676961669e+00, E, -500.000000, NP, 20000 100000
44900, t, 6.899338e-06, KEe, 93645.354955, MEe, 4.682267748e+00, E, -500.000000, NP, 20000 100000
45000, t, 6.914704e-06, KEe, 93549.671195, MEe, 4.677483560e+00, E, -500.000000, NP, 20000 100000
45100, t, 6.930070e-06, KEe, 93558.583574, MEe, 4.677929179e+00, E, -500.000000, NP, 20000 100000
45200, t, 6.945436e-06, KEe, 93560.591478, MEe, 4.678029574e+00, E, -500.000000, NP, 20000 100000
45300, t, 6.960802e-06, KEe, 93391.313356, MEe, 4.669565668e+00, E, -500.000000, NP, 20000 100000
45400, t, 6.976168e-06, KEe, 93480.776718, MEe, 4.674038836e+00, E, -500.000000, NP, 20000 100000
45500, t, 6.991534e-06, KEe, 93597.164054, MEe, 4.679858203e+00, E, -500.000000, NP, 20000 100000
45600, t, 7.006900e-06, KEe, 93687.385862, MEe, 4.684369293e+00, E, -500.000000, NP, 20000 100000
45700, t, 7.022266e-06, KEe, 93581.097173, MEe, 4.679054859e+00, E, -500.000000, NP, 20000 100000
45800, t, 7.037632e-06, KEe, 93553.274168, MEe, 4.677663708e+00, E, -500.000000, NP, 20000 100000
45900, t, 7.052998e-06, KEe, 93567.696746, MEe, 4.678384837e+00, E, -500.000000, NP, 20000 100000
46000, t, 7.068364e-06, KEe, 93700.948669, MEe, 4.685047433e+00, E, -500.000000, NP, 20000 100000
46100, t, 7.083730e-06, KEe, 93686.008655, MEe, 4.684300433e+00, E, -500.000000, NP, 20000 100000
46200, t, 7.099096e-06, KEe, 93389.224136, MEe, 4.669461207e+00, E, -500.000000, NP, 20000 100000
46300, t, 7.114462e-06, KEe, 93188.380096, MEe, 4.659419005e+00, E, -500.000000, NP, 20000 100000
46400, t, 7.129828e-06, KEe, 93234.112736, MEe, 4.661705637e+00, E, -500.000000, NP, 20000 100000
46500, t, 7.145194e-06, KEe, 93103.175650, MEe, 4.655158783e+00, E, -500.000000, NP, 20000 100000
46600, t, 7.160560e-06, KEe, 93219.879693, MEe, 4.660993985e+00, E, -500.000000, NP, 20000 100000
46700, t, 7.175926e-06, KEe, 93392.368109, MEe, 4.669618405e+00, E, -500.000000, NP, 20000 100000
46800, t, 7.191292e-06, KEe, 93226.945687, MEe, 4.661347284e+00, E, -500.000000, NP, 20000 100000
46900, t, 7.206658e-06, KEe, 93285.532699, MEe, 4.664276635e+00, E, -500.000000, NP, 20000 100000
47000, t, 7.222024e-06, KEe, 93414.989236, MEe, 4.670749462e+00, E, -500.000000, NP, 20000 100000
47100, t, 7.237390e-06, KEe, 93227.366200, MEe, 4.661368310e+00, E, -500.000000, NP, 20000 100000
47200, t, 7.252756e-06, KEe, 93223.077122, MEe, 4.661153856e+00, E, -500.000000, NP, 20000 100000
47300, t, 7.268122e-06, KEe, 93172.958439, MEe, 4.658647922e+00, E, -500.000000, NP, 20000 100000
47400, t, 7.283488e-06, KEe, 93078.246603, MEe, 4.653912330e+00, E, -500.000000, NP, 20000 100000
47500, t, 7.298854e-06, KEe, 93108.573899, MEe, 4.655428695e+00, E, -500.000000, NP, 20000 100000
47600, t, 7.314220e-06, KEe, 93198.378963, MEe, 4.659918948e+00, E, -500.000000, NP, 20000 100000
47700, t, 7.329586e-06, KEe, 93250.479667, MEe, 4.662523983e+00, E, -500.000000, NP, 20000 100000
47800, t, 7.344952e-06, KEe, 93285.283225, MEe, 4.664264161e+00, E, -500.000000, NP, 20000 100000
47900, t, 7.360318e-06, KEe, 93294.849898, MEe, 4.664742495e+00, E, -500.000000, NP, 20000 100000
48000, t, 7.375684e-06, KEe, 93381.570190, MEe, 4.669078510e+00, E, -500.000000, NP, 20000 100000
48100, t, 7.391050e-06, KEe, 93372.844034, MEe, 4.668642202e+00, E, -500.000000, NP, 20000 100000
48200, t, 7.406416e-06, KEe, 93260.361516, MEe, 4.663018076e+00, E, -500.000000, NP, 20000 100000
48300, t, 7.421782e-06, KEe, 93322.630261, MEe, 4.666131513e+00, E, -500.000000, NP, 20000 100000
48400, t, 7.437148e-06, KEe, 93627.144709, MEe, 4.681357235e+00, E, -500.000000, NP, 20000 100000
48500, t, 7.452514e-06, KEe, 94043.531008, MEe, 4.702176550e+00, E, -500.000000, NP, 20000 100000
48600, t, 7.467880e-06, KEe, 93900.372668, MEe, 4.695018633e+00, E, -500.000000, NP, 20000 100000
48700, t, 7.483246e-06, KEe, 93838.065712, MEe, 4.691903286e+00, E, -500.000000, NP, 20000 100000
48800, t, 7.498612e-06, KEe, 94190.687003, MEe, 4.709534350e+00, E, -500.000000, NP, 20000 100000
48900, t, 7.513978e-06, KEe, 94124.793919, MEe, 4.706239696e+00, E, -500.000000, NP, 20000 100000
49000, t, 7.529344e-06, KEe, 94173.620575, MEe, 4.708681029e+00, E, -500.000000, NP, 20000 100000
49100, t, 7.544710e-06, KEe, 94239.260940, MEe, 4.711963047e+00, E, -500.000000, NP, 20000 100000
49200, t, 7.560076e-06, KEe, 93835.609109, MEe, 4.691780455e+00, E, -500.000000, NP, 20000 100000
49300, t, 7.575442e-06, KEe, 93982.930579, MEe, 4.699146529e+00, E, -500.000000, NP, 20000 100000
49400, t, 7.590808e-06, KEe, 93936.213675, MEe, 4.696810684e+00, E, -500.000000, NP, 20000 100000
49500, t, 7.606174e-06, KEe, 94032.398015, MEe, 4.701619901e+00, E, -500.000000, NP, 20000 100000
49600, t, 7.621540e-06, KEe, 93858.535050, MEe, 4.692926753e+00, E, -500.000000, NP, 20000 100000
49700, t, 7.636906e-06, KEe, 94010.310331, MEe, 4.700515517e+00, E, -500.000000, NP, 20000 100000
49800, t, 7.652272e-06, KEe, 94038.936622, MEe, 4.701946831e+00, E, -500.000000, NP, 20000 100000
49900, t, 7.667638e-06, KEe, 94082.919997, MEe, 4.704146000e+00, E, -500.000000, NP, 20000 100000
50000, t, 7.683004e-06, KEe, 94069.091472, MEe, 4.703454574e+00, E, -500.000000, NP, 20000 100000
50100, t, 7.698370e-06, KEe, 94141.452383, MEe, 4.707072619e+00, E, -500.000000, NP, 20000 100000
50200, t, 7.713736e-06, KEe, 93953.177213, MEe, 4.697658861e+00, E, -500.000000, NP, 20000 100000
50300, t, 7.729102e-06, KEe, 93891.112427, MEe, 4.694555621e+00, E, -500.000000, NP, 20000 100000
50400, t, 7.744468e-06, KEe, 93742.614058, MEe, 4.687130703e+00, E, -500.000000, NP, 20000 100000
50500, t, 7.759834e-06, KEe, 93804.697751, MEe, 4.690234888e+00, E, -500.000000, NP, 20000 100000
50600, t, 7.775200e-06, KEe, 93734.520697, MEe, 4.686726035e+00, E, -500.000000, NP, 20000 100000
50700, t, 7.790566e-06, KEe, 93794.570901, MEe, 4.689728545e+00, E, -500.000000, NP, 20000 100000
50800, t, 7.805932e-06, KEe, 93924.401679, MEe, 4.696220084e+00, E, -500.000000, NP, 20000 100000
50900, t, 7.821298e-06, KEe, 94005.198552, MEe, 4.700259928e+00, E, -500.000000, NP, 20000 100000
51000, t, 7.836664e-06, KEe, 93910.414846, MEe, 4.695520742e+00, E, -500.000000, NP, 20000 100000
51100, t, 7.852030e-06, KEe, 93987.804289, MEe, 4.699390214e+00, E, -500.000000, NP, 20000 100000
51200, t, 7.867396e-06, KEe, 93903.846179, MEe, 4.695192309e+00, E, -500.000000, NP, 20000 100000
51300, t, 7.882762e-06, KEe, 93733.616701, MEe, 4.686680835e+00, E, -500.000000, NP, 20000 100000
51400, t, 7.898128e-06, KEe, 93524.203818, MEe, 4.676210191e+00, E, -500.000000, NP, 20000 100000
51500, t, 7.913494e-06, KEe, 93264.144537, MEe, 4.663207227e+00, E, -500.000000, NP, 20000 100000
51600, t, 7.928860e-06, KEe, 93141.311112, MEe, 4.657065556e+00, E, -500.000000, NP, 20000 100000
51700, t, 7.944226e-06, KEe, 93348.028126, MEe, 4.667401406e+00, E, -500.000000, NP, 20000 100000
51800, t, 7.959592e-06, KEe, 93171.969638, MEe, 4.658598482e+00, E, -500.000000, NP, 20000 100000
51900, t, 7.974958e-06, KEe, 92911.108887, MEe, 4.645555444e+00, E, -500.000000, NP, 20000 100000
52000, t, 7.990324e-06, KEe, 92684.647124, MEe, 4.634232356e+00, E, -500.000000, NP, 20000 100000
52100, t, 8.005690e-06, KEe, 92653.806413, MEe, 4.632690321e+00, E, -500.000000, NP, 20000 100000
52200, t, 8.021056e-06, KEe, 92828.129278, MEe, 4.641406464e+00, E, -500.000000, NP, 20000 100000
52300, t, 8.036422e-06, KEe, 92880.075009, MEe, 4.644003750e+00, E, -500.000000, NP, 20000 100000
52400, t, 8.051788e-06, KEe, 92887.361713, MEe, 4.644368086e+00, E, -500.000000, NP, 20000 100000
52500, t, 8.067154e-06, KEe, 92807.957634, MEe, 4.640397882e+00, E, -500.000000, NP, 20000 100000
52600, t, 8.082520e-06, KEe, 92839.020160, MEe, 4.641951008e+00, E, -500.000000, NP, 20000 100000
52700, t, 8.097886e-06, KEe, 92850.436516, MEe, 4.642521826e+00, E, -500.000000, NP, 20000 100000
52800, t, 8.113252e-06, KEe, 92856.874779, MEe, 4.642843739e+00, E, -500.000000, NP, 20000 100000
52900, t, 8.128618e-06, KEe, 93127.082642, MEe, 4.656354132e+00, E, -500.000000, NP, 20000 100000
53000, t, 8.143984e-06, KEe, 93476.795756, MEe, 4.673839788e+00, E, -500.000000, NP, 20000 100000
53100, t, 8.159350e-06, KEe, 93518.563339, MEe, 4.675928167e+00, E, -500.000000, NP, 20000 100000
53200, t, 8.174716e-06, KEe, 93557.758230, MEe, 4.677887912e+00, E, -500.000000, NP, 20000 100000
53300, t, 8.190082e-06, KEe, 93505.592371, MEe, 4.675279619e+00, E, -500.000000, NP, 20000 100000
53400, t, 8.205448e-06, KEe, 93560.771633, MEe, 4.678038582e+00, E, -500.000000, NP, 20000 100000
53500, t, 8.220814e-06, KEe, 93580.064899, MEe, 4.679003245e+00, E, -500.000000, NP, 20000 100000
53600, t, 8.236180e-06, KEe, 93565.759643, MEe, 4.678287982e+00, E, -500.000000, NP, 20000 100000
53700, t, 8.251546e-06, KEe, 93587.693865, MEe, 4.679384693e+00, E, -500.000000, NP, 20000 100000
53800, t, 8.266912e-06, KEe, 93798.249706, MEe, 4.689912485e+00, E, -500.000000, NP, 20000 100000
53900, t, 8.282278e-06, KEe, 93668.333392, MEe, 4.683416670e+00, E, -500.000000, NP, 20000 100000
54000, t, 8.297644e-06, KEe, 93577.220578, MEe, 4.678861029e+00, E, -500.000000, NP, 20000 100000
54100, t, 8.313010e-06, KEe, 93549.500093, MEe, 4.677475005e+00, E, -500.000000, NP, 20000 100000
54200, t, 8.328376e-06, KEe, 93544.717959, MEe, 4.677235898e+00, E, -500.000000, NP, 20000 100000
54300, t, 8.343742e-06, KEe, 93462.981195, MEe, 4.673149060e+00, E, -500.000000, NP, 20000 100000
54400, t, 8.359108e-06, KEe, 93646.338914, MEe, 4.682316946e+00, E, -500.000000, NP, 20000 100000
54500, t, 8.374474e-06, KEe, 93646.931648, MEe, 4.682346582e+00, E, -500.000000, NP, 20000 100000
54600, t, 8.389840e-06, KEe, 93660.552014, MEe, 4.683027601e+00, E, -500.000000, NP, 20000 100000
54700, t, 8.405206e-06, KEe, 93932.433210, MEe, 4.696621660e+00, E, -500.000000, NP, 20000 100000
54800, t, 8.420572e-06, KEe, 93958.676958, MEe, 4.697933848e+00, E, -500.000000, NP, 20000 100000
54900, t, 8.435938e-06, KEe, 94019.138275, MEe, 4.700956914e+00, E, -500.000000, NP, 20000 100000
55000, t, 8.451305e-06, KEe, 93623.857499, MEe, 4.681192875e+00, E, -500.000000, NP, 20000 100000
55100, t, 8.466671e-06, KEe, 93848.748734, MEe, 4.692437437e+00, E, -500.000000, NP, 20000 100000
55200, t, 8.482037e-06, KEe, 93787.620386, MEe, 4.689381019e+00, E, -500.000000, NP, 20000 100000
55300, t, 8.497403e-06, KEe, 93774.132785, MEe, 4.688706639e+00, E, -500.000000, NP, 20000 100000
55400, t, 8.512769e-06, KEe, 93868.312957, MEe, 4.693415648e+00, E, -500.000000, NP, 20000 100000
55500, t, 8.528135e-06, KEe, 93747.149152, MEe, 4.687357458e+00, E, -500.000000, NP, 20000 100000
55600, t, 8.543501e-06, KEe, 93806.967275, MEe, 4.690348364e+00, E, -500.000000, NP, 20000 100000
55700, t, 8.558867e-06, KEe, 93713.149350, MEe, 4.685657468e+00, E, -500.000000, NP, 20000 100000
55800, t, 8.574233e-06, KEe, 93730.649928, MEe, 4.686532496e+00, E, -500.000000, NP, 20000 100000
55900, t, 8.589599e-06, KEe, 93643.373652, MEe, 4.682168683e+00, E, -500.000000, NP, 20000 100000
56000, t, 8.604965e-06, KEe, 93654.926663, MEe, 4.682746333e+00, E, -500.000000, NP, 20000 100000
56100, t, 8.620331e-06, KEe, 93617.898686, MEe, 4.680894934e+00, E, -500.000000, NP, 20000 100000
56200, t, 8.635697e-06, KEe, 93785.673771, MEe, 4.689283689e+00, E, -500.000000, NP, 20000 100000
56300, t, 8.651063e-06, KEe, 93842.490245, MEe, 4.692124512e+00, E, -500.000000, NP, 20000 100000
56400, t, 8.666429e-06, KEe, 93859.556912, MEe, 4.692977846e+00, E, -500.000000, NP, 20000 100000
56500, t, 8.681795e-06, KEe, 93666.851303, MEe, 4.683342565e+00, E, -500.000000, NP, 20000 100000
56600, t, 8.697161e-06, KEe, 93472.204804, MEe, 4.673610240e+00, E, -500.000000, NP, 20000 100000
56700, t, 8.712527e-06, KEe, 93406.656754, MEe, 4.670332838e+00, E, -500.000000, NP, 20000 100000
56800, t, 8.727893e-06, KEe, 93491.855043, MEe, 4.674592752e+00, E, -500.000000, NP, 20000 100000
56900, t, 8.743259e-06, KEe, 93299.895621, MEe, 4.664994781e+00, E, -500.000000, NP, 20000 100000
57000, t, 8.758625e-06, KEe, 93473.519160, MEe, 4.673675958e+00, E, -500.000000, NP, 20000 100000
57100, t, 8.773991e-06, KEe, 93570.140845, MEe, 4.678507042e+00, E, -500.000000, NP, 20000 100000
57200, t, 8.789357e-06, KEe, 93607.388910, MEe, 4.680369445e+00, E, -500.000000, NP, 20000 100000
57300, t, 8.804723e-06, KEe, 93840.524794, MEe, 4.692026240e+00, E, -500.000000, NP, 20000 100000
57400, t, 8.820089e-06, KEe, 93928.972283, MEe, 4.696448614e+00, E, -500.000000, NP, 20000 100000
57500, t, 8.835455e-06, KEe, 94015.624707, MEe, 4.700781235e+00, E, -500.000000, NP, 20000 100000
57600, t, 8.850821e-06, KEe, 94067.335850, MEe, 4.703366792e+00, E, -500.000000, NP, 20000 100000
57700, t, 8.866187e-06, KEe, 94165.710016, MEe, 4.708285501e+00, E, -500.000000, NP, 20000 100000
57800, t, 8.881553e-06, KEe, 94288.134446, MEe, 4.714406722e+00, E, -500.000000, NP, 20000 100000
57900, t, 8.896919e-06, KEe, 94331.811683, MEe, 4.716590584e+00, E, -500.000000, NP, 20000 100000
58000, t, 8.912285e-06, KEe, 94146.643879, MEe, 4.707332194e+00, E, -500.000000, NP, 20000 100000
58100, t, 8.927651e-06, KEe, 94127.274594, MEe, 4.706363730e+00, E, -500.000000, NP, 20000 100000
58200, t, 8.943017e-06, KEe, 94039.515763, MEe, 4.701975788e+00, E, -500.000000, NP, 20000 100000
58300, t, 8.958383e-06, KEe, 94129.845345, MEe, 4.706492267e+00, E, -500.000000, NP, 20000 100000
58400, t, 8.973749e-06, KEe, 94199.665385, MEe, 4.709983269e+00, E, -500.000000, NP, 20000 100000
58500, t, 8.989115e-06, KEe, 94158.683839, MEe, 4.707934192e+00, E, -500.000000, NP, 20000 100000
58600, t, 9.004481e-06, KEe, 94013.437351, MEe, 4.700671868e+00, E, -500.000000, NP, 20000 100000
58700, t, 9.019847e-06, KEe, 94047.513113, MEe, 4.702375656e+00, E, -500.000000, NP, 20000 100000
58800, t, 9.035213e-06, KEe, 94089.597003, MEe, 4.704479850e+00, E, -500.000000, NP, 20000 100000
58900, t, 9.050579e-06, KEe, 94207.793897, MEe, 4.710389695e+00, E, -500.000000, NP, 20000 100000
59000, t, 9.065945e-06, KEe, 94398.086042, MEe, 4.719904302e+00, E, -500.000000, NP, 20000 100000
59100, t, 9.081311e-06, KEe, 94270.663349, MEe, 4.713533167e+00, E, -500.000000, NP, 20000 100000
59200, t, 9.096677e-06, KEe, 94037.989537, MEe, 4.701899477e+00, E, -500.000000, NP, 20000 100000
59300, t, 9.112043e-06, KEe, 93870.767347, MEe, 4.693538367e+00, E, -500.000000, NP, 20000 100000
59400, t, 9.127409e-06, KEe, 93964.659803, MEe, 4.698232990e+00, E, -500.000000, NP, 20000 100000
59500, t, 9.142775e-06, KEe, 93749.118076, MEe, 4.687455904e+00, E, -500.000000, NP, 20000 100000
59600, t, 9.158141e-06, KEe, 93493.218755, MEe, 4.674660938e+00, E, -500.000000, NP, 20000 100000
59700, t, 9.173507e-06, KEe, 93667.748615, MEe, 4.683387431e+00, E, -500.000000, NP, 20000 100000
59800, t, 9.188873e-06, KEe, 93714.270171, MEe, 4.685713509e+00, E, -500.000000, NP, 20000 100000
59900, t, 9.204239e-06, KEe, 93693.620813, MEe, 4.684681041e+00, E, -500.000000, NP, 20000 100000
60000, t, 9.219605e-06, KEe, 93748.293538, MEe, 4.687414677e+00, E, -500.000000, NP, 20000 100000
60100, t, 9.234971e-06, KEe, 93572.101958, MEe, 4.678605098e+00, E, -500.000000, NP, 20000 100000
60200, t, 9.250337e-06, KEe, 93669.329249, MEe, 4.683466462e+00, E, -500.000000, NP, 20000 100000
60300, t, 9.265703e-06, KEe, 93621.061309, MEe, 4.681053065e+00, E, -500.000000, NP, 20000 100000
60400, t, 9.281069e-06, KEe, 93657.183157, MEe, 4.682859158e+00, E, -500.000000, NP, 20000 100000
60500, t, 9.296435e-06, KEe, 93580.336377, MEe, 4.679016819e+00, E, -500.000000, NP, 20000 100000
60600, t, 9.311801e-06, KEe, 93743.250637, MEe, 4.687162532e+00, E, -500.000000, NP, 20000 100000
60700, t, 9.327167e-06, KEe, 93687.269932, MEe, 4.684363497e+00, E, -500.000000, NP, 20000 100000
60800, t, 9.342533e-06, KEe, 93729.438317, MEe, 4.686471916e+00, E, -500.000000, NP, 20000 100000
60900, t, 9.357899e-06, KEe, 93607.592145, MEe, 4.680379607e+00, E, -500.000000, NP, 20000 100000
61000, t, 9.373265e-06, KEe, 93569.434808, MEe, 4.678471740e+00, E, -500.000000, NP, 20000 100000
61100, t, 9.388631e-06, KEe, 93453.608160, MEe, 4.672680408e+00, E, -500.000000, NP, 20000 100000
61200, t, 9.403997e-06, KEe, 93624.858425, MEe, 4.681242921e+00, E, -500.000000, NP, 20000 100000
61300, t, 9.419363e-06, KEe, 93554.586193, MEe, 4.677729310e+00, E, -500.000000, NP, 20000 100000
61400, t, 9.434729e-06, KEe, 93577.267635, MEe, 4.678863382e+00, E, -500.000000, NP, 20000 100000
61500, t, 9.450095e-06, KEe, 93520.209780, MEe, 4.676010489e+00, E, -500.000000, NP, 20000 100000
61600, t, 9.465461e-06, KEe, 93423.244373, MEe, 4.671162219e+00, E, -500.000000, NP, 20000 100000
61700, t, 9.480827e-06, KEe, 93422.153512, MEe, 4.671107676e+00, E, -500.000000, NP, 20000 100000
61800, t, 9.496193e-06, KEe, 93125.115278, MEe, 4.656255764e+00, E, -500.000000, NP, 20000 100000
61900, t, 9.511559e-06, KEe, 93102.167288, MEe, 4.655108364e+00, E, -500.000000, NP, 20000 100000
62000, t, 9.526925e-06, KEe, 93111.439113, MEe, 4.655571956e+00, E, -500.000000, NP, 20000 100000
62100, t, 9.542291e-06, KEe, 92835.615782, MEe, 4.641780789e+00, E, -500.000000, NP, 20000 100000
62200, t, 9.557657e-06, KEe, 93208.084594, MEe, 4.660404230e+00, E, -500.000000, NP, 20000 100000
62300, t, 9.573023e-06, KEe, 93046.090471, MEe, 4.652304524e+00, E, -500.000000, NP, 20000 100000
62400, t, 9.588389e-06, KEe, 93048.673819, MEe, 4.652433691e+00, E, -500.000000, NP, 20000 100000
62500, t, 9.603755e-06, KEe, 93111.191524, MEe, 4.655559576e+00, E, -500.000000, NP, 20000 100000
62600, t, 9.619121e-06, KEe, 93276.659440, MEe, 4.663832972e+00, E, -500.000000, NP, 20000 100000
62700, t, 9.634487e-06, KEe, 93162.511591, MEe, 4.658125580e+00, E, -500.000000, NP, 20000 100000
62800, t, 9.649853e-06, KEe, 93134.198267, MEe, 4.656709913e+00, E, -500.000000, NP, 20000 100000
62900, t, 9.665219e-06, KEe, 93112.361662, MEe, 4.655618083e+00, E, -500.000000, NP, 20000 100000
63000, t, 9.680585e-06, KEe, 92874.982950, MEe, 4.643749148e+00, E, -500.000000, NP, 20000 100000
63100, t, 9.695951e-06, KEe, 92827.825932, MEe, 4.641391297e+00, E, -500.000000, NP, 20000 100000
63200, t, 9.711317e-06, KEe, 92983.435093, MEe, 4.649171755e+00, E, -500.000000, NP, 20000 100000
63300, t, 9.726683e-06, KEe, 93113.357429, MEe, 4.655667871e+00, E, -500.000000, NP, 20000 100000
63400, t, 9.742049e-06, KEe, 93097.677532, MEe, 4.654883877e+00, E, -500.000000, NP, 20000 100000
63500, t, 9.757415e-06, KEe, 92909.690626, MEe, 4.645484531e+00, E, -500.000000, NP, 20000 100000
63600, t, 9.772781e-06, KEe, 93008.708774, MEe, 4.650435439e+00, E, -500.000000, NP, 20000 100000
63700, t, 9.788147e-06, KEe, 92991.622027, MEe, 4.649581101e+00, E, -500.000000, NP, 20000 100000
63800, t, 9.803513e-06, KEe, 92921.992652, MEe, 4.646099633e+00, E, -500.000000, NP, 20000 100000
63900, t, 9.818879e-06, KEe, 92882.235117, MEe, 4.644111756e+00, E, -500.000000, NP, 20000 100000
64000, t, 9.834245e-06, KEe, 92847.332914, MEe, 4.642366646e+00, E, -500.000000, NP, 20000 100000
64100, t, 9.849611e-06, KEe, 92817.609359, MEe, 4.640880468e+00, E, -500.000000, NP, 20000 100000
64200, t, 9.864977e-06, KEe, 92996.242265, MEe, 4.649812113e+00, E, -500.000000, NP, 20000 100000
64300, t, 9.880343e-06, KEe, 92954.290109, MEe, 4.647714505e+00, E, -500.000000, NP, 20000 100000
64400, t, 9.895709e-06, KEe, 92768.988874, MEe, 4.638449444e+00, E, -500.000000, NP, 20000 100000
64500, t, 9.911075e-06, KEe, 92766.144349, MEe, 4.638307217e+00, E, -500.000000, NP, 20000 100000
64600, t, 9.926441e-06, KEe, 92612.599285, MEe, 4.630629964e+00, E, -500.000000, NP, 20000 100000
64700, t, 9.941807e-06, KEe, 92513.359147, MEe, 4.625667957e+00, E, -500.000000, NP, 20000 100000
64800, t, 9.957173e-06, KEe, 92689.505094, MEe, 4.634475255e+00, E, -500.000000, NP, 20000 100000
64900, t, 9.972539e-06, KEe, 92898.055669, MEe, 4.644902783e+00, E, -500.000000, NP, 20000 100000
65000, t, 9.987905e-06, KEe, 93040.731720, MEe, 4.652036586e+00, E, -500.000000, NP, 20000 100000
65100, t, 1.000327e-05, KEe, 93281.848902, MEe, 4.664092445e+00, E, -500.000000, NP, 20000 100000
65200, t, 1.001864e-05, KEe, 93081.014916, MEe, 4.654050746e+00, E, -500.000000, NP, 20000 100000
65300, t, 1.003400e-05, KEe, 93089.859733, MEe, 4.654492987e+00, E, -500.000000, NP, 20000 100000
65400, t, 1.004937e-05, KEe, 93097.766772, MEe, 4.654888339e+00, E, -500.000000, NP, 20000 100000
65500, t, 1.006474e-05, KEe, 93040.848665, MEe, 4.652042433e+00, E, -500.000000, NP, 20000 100000
65600, t, 1.008010e-05, KEe, 92953.159085, MEe, 4.647657954e+00, E, -500.000000, NP, 20000 100000
65700, t, 1.009547e-05, KEe, 92949.658774, MEe, 4.647482939e+00, E, -500.000000, NP, 20000 100000
65800, t, 1.011083e-05, KEe, 93156.304938, MEe, 4.657815247e+00, E, -500.000000, NP, 20000 100000
65900, t, 1.012620e-05, KEe, 93085.683487, MEe, 4.654284174e+00, E, -500.000000, NP, 20000 100000
66000, t, 1.014157e-05, KEe, 93265.067983, MEe, 4.663253399e+00, E, -500.000000, NP, 20000 100000
66100, t, 1.015693e-05, KEe, 93405.254726, MEe, 4.670262736e+00, E, -500.000000, NP, 20000 100000
66200, t, 1.017230e-05, KEe, 93473.894905, MEe, 4.673694745e+00, E, -500.000000, NP, 20000 100000
66300, t, 1.018766e-05, KEe, 93654.891257, MEe, 4.682744563e+00, E, -500.000000, NP, 20000 100000
66400, t, 1.020303e-05, KEe, 93619.675397, MEe, 4.680983770e+00, E, -500.000000, NP, 20000 100000
66500, t, 1.021840e-05, KEe, 93608.219744, MEe, 4.680410987e+00, E, -500.000000, NP, 20000 100000
66600, t, 1.023376e-05, KEe, 93645.433893, MEe, 4.682271695e+00, E, -500.000000, NP, 20000 100000
66700, t, 1.024913e-05, KEe, 93670.869177, MEe, 4.683543459e+00, E, -500.000000, NP, 20000 100000
66800, t, 1.026449e-05, KEe, 93642.907035, MEe, 4.682145352e+00, E, -500.000000, NP, 20000 100000
66900, t, 1.027986e-05, KEe, 93660.144183, MEe, 4.683007209e+00, E, -500.000000, NP, 20000 100000
67000, t, 1.029523e-05, KEe, 93470.834701, MEe, 4.673541735e+00, E, -500.000000, NP, 20000 100000
67100, t, 1.031059e-05, KEe, 93477.362997, MEe, 4.673868150e+00, E, -500.000000, NP, 20000 100000
67200, t, 1.032596e-05, KEe, 93529.516364, MEe, 4.676475818e+00, E, -500.000000, NP, 20000 100000
67300, t, 1.034132e-05, KEe, 93479.226506, MEe, 4.673961325e+00, E, -500.000000, NP, 20000 100000
67400, t, 1.035669e-05, KEe, 93478.083251, MEe, 4.673904163e+00, E, -500.000000, NP, 20000 100000
67500, t, 1.037206e-05, KEe, 93365.304196, MEe, 4.668265210e+00, E, -500.000000, NP, 20000 100000
67600, t, 1.038742e-05, KEe, 93479.095115, MEe, 4.673954756e+00, E, -500.000000, NP, 20000 100000
67700, t, 1.040279e-05, KEe, 93466.883828, MEe, 4.673344191e+00, E, -500.000000, NP, 20000 100000
67800, t, 1.041815e-05, KEe, 93273.867906, MEe, 4.663693395e+00, E, -500.000000, NP, 20000 100000
67900, t, 1.043352e-05, KEe, 93079.865375, MEe, 4.653993269e+00, E, -500.000000, NP, 20000 100000
68000, t, 1.044889e-05, KEe, 93075.058016, MEe, 4.653752901e+00, E, -500.000000, NP, 20000 100000
68100, t, 1.046425e-05, KEe, 93146.748653, MEe, 4.657337433e+00, E, -500.000000, NP, 20000 100000
68200, t, 1.047962e-05, KEe, 93091.284969, MEe, 4.654564248e+00, E, -500.000000, NP, 20000 100000
68300, t, 1.049498e-05, KEe, 93079.078232, MEe, 4.653953912e+00, E, -500.000000, NP, 20000 100000
68400, t, 1.051035e-05, KEe, 92973.975763, MEe, 4.648698788e+00, E, -500.000000, NP, 20000 100000
68500, t, 1.052572e-05, KEe, 92863.729398, MEe, 4.643186470e+00, E, -500.000000, NP, 20000 100000
68600, t, 1.054108e-05, KEe, 92776.453063, MEe, 4.638822653e+00, E, -500.000000, NP, 20000 100000
68700, t, 1.055645e-05, KEe, 92958.119393, MEe, 4.647905970e+00, E, -500.000000, NP, 20000 100000
68800, t, 1.057181e-05, KEe, 93078.266349, MEe, 4.653913317e+00, E, -500.000000, NP, 20000 100000
68900, t, 1.058718e-05, KEe, 92986.502894, MEe, 4.649325145e+00, E, -500.000000, NP, 20000 100000
69000, t, 1.060255e-05, KEe, 93036.582158, MEe, 4.651829108e+00, E, -500.000000, NP, 20000 100000
69100, t, 1.061791e-05, KEe, 92882.443901, MEe, 4.644122195e+00, E, -500.000000, NP, 20000 100000
69200, t, 1.063328e-05, KEe, 92872.193952, MEe, 4.643609698e+00, E, -500.000000, NP, 20000 100000
69300, t, 1.064864e-05, KEe, 92917.114194, MEe, 4.645855710e+00, E, -500.000000, NP, 20000 100000
69400, t, 1.066401e-05, KEe, 92970.529410, MEe, 4.648526470e+00, E, -500.000000, NP, 20000 100000
69500, t, 1.067938e-05, KEe, 92764.000781, MEe, 4.638200039e+00, E, -500.000000, NP, 20000 100000
69600, t, 1.069474e-05, KEe, 92820.231125, MEe, 4.641011556e+00, E, -500.000000, NP, 20000 100000
69700, t, 1.071011e-05, KEe, 92850.143088, MEe, 4.642507154e+00, E, -500.000000, NP, 20000 100000
69800, t, 1.072547e-05, KEe, 93029.054408, MEe, 4.651452720e+00, E, -500.000000, NP, 20000 100000
69900, t, 1.074084e-05, KEe, 92857.873173, MEe, 4.642893659e+00, E, -500.000000, NP, 20000 100000
70000, t, 1.075621e-05, KEe, 92925.597529, MEe, 4.646279876e+00, E, -500.000000, NP, 20000 100000
70100, t, 1.077157e-05, KEe, 93080.135321, MEe, 4.654006766e+00, E, -500.000000, NP, 20000 100000
70200, t, 1.078694e-05, KEe, 93193.717476, MEe, 4.659685874e+00, E, -500.000000, NP, 20000 100000
70300, t, 1.080230e-05, KEe, 93165.230927, MEe, 4.658261546e+00, E, -500.000000, NP, 20000 100000
70400, t, 1.081767e-05, KEe, 93197.893270, MEe, 4.659894664e+00, E, -500.000000, NP, 20000 100000
70500, t, 1.083304e-05, KEe, 93371.360721, MEe, 4.668568036e+00, E, -500.000000, NP, 20000 100000
70600, t, 1.084840e-05, KEe, 93132.637856, MEe, 4.656631893e+00, E, -500.000000, NP, 20000 100000
70700, t, 1.086377e-05, KEe, 93140.245492, MEe, 4.657012275e+00, E, -500.000000, NP, 20000 100000
70800, t, 1.087913e-05, KEe, 93043.439896, MEe, 4.652171995e+00, E, -500.000000, NP, 20000 100000
70900, t, 1.089450e-05, KEe, 92966.578528, MEe, 4.648328926e+00, E, -500.000000, NP, 20000 100000
71000, t, 1.090987e-05, KEe, 93139.630080, MEe, 4.656981504e+00, E, -500.000000, NP, 20000 100000
71100, t, 1.092523e-05, KEe, 93165.180886, MEe, 4.658259044e+00, E, -500.000000, NP, 20000 100000
71200, t, 1.094060e-05, KEe, 93243.530570, MEe, 4.662176529e+00, E, -500.000000, NP, 20000 100000
71300, t, 1.095596e-05, KEe, 93138.647132, MEe, 4.656932357e+00, E, -500.000000, NP, 20000 100000
71400, t, 1.097133e-05, KEe, 93229.221892, MEe, 4.661461095e+00, E, -500.000000, NP, 20000 100000
71500, t, 1.098670e-05, KEe, 93235.944510, MEe, 4.661797226e+00, E, -500.000000, NP, 20000 100000
71600, t, 1.100206e-05, KEe, 93269.121940, MEe, 4.663456097e+00, E, -500.000000, NP, 20000 100000
71700, t, 1.101743e-05, KEe, 93259.290200, MEe, 4.662964510e+00, E, -500.000000, NP, 20000 100000
71800, t, 1.103279e-05, KEe, 93221.586311, MEe, 4.661079316e+00, E, -500.000000, NP, 20000 100000
71900, t, 1.104816e-05, KEe, 93242.752674, MEe, 4.662137634e+00, E, -500.000000, NP, 20000 100000
72000, t, 1.106353e-05, KEe, 93086.594118, MEe, 4.654329706e+00, E, -500.000000, NP, 20000 100000
72100, t, 1.107889e-05, KEe, 92997.140038, MEe, 4.649857002e+00, E, -500.000000, NP, 20000 100000
72200, t, 1.109426e-05, KEe, 93139.695374, MEe, 4.656984769e+00, E, -500.000000, NP, 20000 100000
72300, t, 1.110962e-05, KEe, 93242.483837, MEe, 4.662124192e+00, E, -500.000000, NP, 20000 100000
72400, t, 1.112499e-05, KEe, 93315.570266, MEe, 4.665778513e+00, E, -500.000000, NP, 20000 100000
72500, t, 1.114036e-05, KEe, 93136.883503, MEe, 4.656844175e+00, E, -500.000000, NP, 20000 100000
72600, t, 1.115572e-05, KEe, 93274.464907, MEe, 4.663723245e+00, E, -500.000000, NP, 20000 100000
72700, t, 1.117109e-05, KEe, 93218.732823, MEe, 4.660936641e+00, E, -500.000000, NP, 20000 100000
72800, t, 1.118645e-05, KEe, 93217.325836, MEe, 4.660866292e+00, E, -500.000000, NP, 20000 100000
72900, t, 1.120182e-05, KEe, 93106.750466, MEe, 4.655337523e+00, E, -500.000000, NP, 20000 100000
73000, t, 1.121719e-05, KEe, 92977.565411, MEe, 4.648878271e+00, E, -500.000000, NP, 20000 100000
73100, t, 1.123255e-05, KEe, 92927.445874, MEe, 4.646372294e+00, E, -500.000000, NP, 20000 100000
73200, t, 1.124792e-05, KEe, 92846.270719, MEe, 4.642313536e+00, E, -500.000000, NP, 20000 100000
73300, t, 1.126328e-05, KEe, 93046.685861, MEe, 4.652334293e+00, E, -500.000000, NP, 20000 100000
73400, t, 1.127865e-05, KEe, 93028.601073, MEe, 4.651430054e+00, E, -500.000000, NP, 20000 100000
73500, t, 1.129402e-05, KEe, 93187.366875, MEe, 4.659368344e+00, E, -500.000000, NP, 20000 100000
73600, t, 1.130938e-05, KEe, 92894.326679, MEe, 4.644716334e+00, E, -500.000000, NP, 20000 100000
73700, t, 1.132475e-05, KEe, 92882.014932, MEe, 4.644100747e+00, E, -500.000000, NP, 20000 100000
73800, t, 1.134011e-05, KEe, 92867.411051, MEe, 4.643370553e+00, E, -500.000000, NP, 20000 100000
73900, t, 1.135548e-05, KEe, 92876.331820, MEe, 4.643816591e+00, E, -500.000000, NP, 20000 100000
74000, t, 1.137085e-05, KEe, 92894.912074, MEe, 4.644745604e+00, E, -500.000000, NP, 20000 100000
74100, t, 1.138621e-05, KEe, 93045.093810, MEe, 4.652254690e+00, E, -500.000000, NP, 20000 100000
74200, t, 1.140158e-05, KEe, 93098.761567, MEe, 4.654938078e+00, E, -500.000000, NP, 20000 100000
74300, t, 1.141694e-05, KEe, 93018.421335, MEe, 4.650921067e+00, E, -500.000000, NP, 20000 100000
74400, t, 1.143231e-05, KEe, 93084.210777, MEe, 4.654210539e+00, E, -500.000000, NP, 20000 100000
74500, t, 1.144768e-05, KEe, 93231.963008, MEe, 4.661598150e+00, E, -500.000000, NP, 20000 100000
74600, t, 1.146304e-05, KEe, 93192.846511, MEe, 4.659642326e+00, E, -500.000000, NP, 20000 100000
74700, t, 1.147841e-05, KEe, 93151.116177, MEe, 4.657555809e+00, E, -500.000000, NP, 20000 100000
74800, t, 1.149377e-05, KEe, 93160.815064, MEe, 4.658040753e+00, E, -500.000000, NP, 20000 100000
74900, t, 1.150914e-05, KEe, 93220.894997, MEe, 4.661044750e+00, E, -500.000000, NP, 20000 100000
75000, t, 1.152451e-05, KEe, 93207.095195, MEe, 4.660354760e+00, E, -500.000000, NP, 20000 100000
75100, t, 1.153987e-05, KEe, 93296.476838, MEe, 4.664823842e+00, E, -500.000000, NP, 20000 100000
75200, t, 1.155524e-05, KEe, 93291.994560, MEe, 4.664599728e+00, E, -500.000000, NP, 20000 100000
75300, t, 1.157060e-05, KEe, 93115.080642, MEe, 4.655754032e+00, E, -500.000000, NP, 20000 100000
75400, t, 1.158597e-05, KEe, 93235.322680, MEe, 4.661766134e+00, E, -500.000000, NP, 20000 100000
75500, t, 1.160134e-05, KEe, 93440.616237, MEe, 4.672030812e+00, E, -500.000000, NP, 20000 100000
75600, t, 1.161670e-05, KEe, 93628.607316, MEe, 4.681430366e+00, E, -500.000000, NP, 20000 100000
75700, t, 1.163207e-05, KEe, 93604.324169, MEe, 4.680216208e+00, E, -500.000000, NP, 20000 100000
75800, t, 1.164743e-05, KEe, 93754.269328, MEe, 4.687713466e+00, E, -500.000000, NP, 20000 100000
75900, t, 1.166280e-05, KEe, 93674.659407, MEe, 4.683732970e+00, E, -500.000000, NP, 20000 100000
76000, t, 1.167817e-05, KEe, 93844.609458, MEe, 4.692230473e+00, E, -500.000000, NP, 20000 100000
76100, t, 1.169353e-05, KEe, 93946.254948, MEe, 4.697312747e+00, E, -500.000000, NP, 20000 100000
76200, t, 1.170890e-05, KEe, 93848.355721, MEe, 4.692417786e+00, E, -500.000000, NP, 20000 100000
76300, t, 1.172426e-05, KEe, 93733.101288, MEe, 4.686655064e+00, E, -500.000000, NP, 20000 100000
76400, t, 1.173963e-05, KEe, 93801.092674, MEe, 4.690054634e+00, E, -500.000000, NP, 20000 100000
76500, t, 1.175500e-05, KEe, 93833.551250, MEe, 4.691677562e+00, E, -500.000000, NP, 20000 100000
76600, t, 1.177036e-05, KEe, 93735.326890, MEe, 4.686766344e+00, E, -500.000000, NP, 20000 100000
76700, t, 1.178573e-05, KEe, 93756.372782, MEe, 4.687818639e+00, E, -500.000000, NP, 20000 100000
76800, t, 1.180109e-05, KEe, 93689.590580, MEe, 4.684479529e+00, E, -500.000000, NP, 20000 100000
76900, t, 1.181646e-05, KEe, 93746.509040, MEe, 4.687325452e+00, E, -500.000000, NP, 20000 100000
77000, t, 1.183183e-05, KEe, 93689.092433, MEe, 4.684454622e+00, E, -500.000000, NP, 20000 100000
77100, t, 1.184719e-05, KEe, 93963.435247, MEe, 4.698171762e+00, E, -500.000000, NP, 20000 100000
77200, t, 1.186256e-05, KEe, 93844.192864, MEe, 4.692209643e+00, E, -500.000000, NP, 20000 100000
77300, t, 1.187792e-05, KEe, 93617.391902, MEe, 4.680869595e+00, E, -500.000000, NP, 20000 100000
77400, t, 1.189329e-05, KEe, 93684.513768, MEe, 4.684225688e+00, E, -500.000000, NP, 20000 100000
77500, t, 1.190866e-05, KEe, 93667.216922, MEe, 4.683360846e+00, E, -500.000000, NP, 20000 100000
77600, t, 1.192402e-05, KEe, 93741.880919, MEe, 4.687094046e+00, E, -500.000000, NP, 20000 100000
77700, t, 1.193939e-05, KEe, 93838.707180, MEe, 4.691935359e+00, E, -500.000000, NP, 20000 100000
77800, t, 1.195475e-05, KEe, 93952.811529, MEe, 4.697640576e+00, E, -500.000000, NP, 20000 100000
77900, t, 1.197012e-05, KEe, 93866.701658, MEe, 4.693335083e+00, E, -500.000000, NP, 20000 100000
78000, t, 1.198549e-05, KEe, 93822.558191, MEe, 4.691127910e+00, E, -500.000000, NP, 20000 100000
78100, t, 1.200085e-05, KEe, 93639.664347, MEe, 4.681983217e+00, E, -500.000000, NP, 20000 100000
78200, t, 1.201622e-05, KEe, 93706.232502, MEe, 4.685311625e+00, E, -500.000000, NP, 20000 100000
78300, t, 1.203158e-05, KEe, 93467.488086, MEe, 4.673374404e+00, E, -500.000000, NP, 20000 100000
78400, t, 1.204695e-05, KEe, 93538.747299, MEe, 4.676937365e+00, E, -500.000000, NP, 20000 100000
78500, t, 1.206232e-05, KEe, 93412.520928, MEe, 4.670626046e+00, E, -500.000000, NP, 20000 100000
78600, t, 1.207768e-05, KEe, 93404.944148, MEe, 4.670247207e+00, E, -500.000000, NP, 20000 100000
78700, t, 1.209305e-05, KEe, 93536.652861, MEe, 4.676832643e+00, E, -500.000000, NP, 20000 100000
78800, t, 1.210841e-05, KEe, 93488.241564, MEe, 4.674412078e+00, E, -500.000000, NP, 20000 100000
78900, t, 1.212378e-05, KEe, 93495.281564, MEe, 4.674764078e+00, E, -500.000000, NP, 20000 100000
79000, t, 1.213915e-05, KEe, 93637.757288, MEe, 4.681887864e+00, E, -500.000000, NP, 20000 100000
79100, t, 1.215451e-05, KEe, 93752.814707, MEe, 4.687640735e+00, E, -500.000000, NP, 20000 100000
79200, t, 1.216988e-05, KEe, 93621.906215, MEe, 4.681095311e+00, E, -500.000000, NP, 20000 100000
79300, t, 1.218524e-05, KEe, 93628.185545, MEe, 4.681409277e+00, E, -500.000000, NP, 20000 100000
79400, t, 1.220061e-05, KEe, 93598.505972, MEe, 4.679925299e+00, E, -500.000000, NP, 20000 100000
79500, t, 1.221598e-05, KEe, 93503.127854, MEe, 4.675156393e+00, E, -500.000000, NP, 20000 100000
79600, t, 1.223134e-05, KEe, 93560.314433, MEe, 4.678015722e+00, E, -500.000000, NP, 20000 100000
79700, t, 1.224671e-05, KEe, 93467.058480, MEe, 4.673352924e+00, E, -500.000000, NP, 20000 100000
79800, t, 1.226207e-05, KEe, 93583.133002, MEe, 4.679156650e+00, E, -500.000000, NP, 20000 100000
79900, t, 1.227744e-05, KEe, 93352.781351, MEe, 4.667639068e+00, E, -500.000000, NP, 20000 100000
80000, t, 1.229281e-05, KEe, 93305.904619, MEe, 4.665295231e+00, E, -500.000000, NP, 20000 100000
80100, t, 1.230817e-05, KEe, 93308.933442, MEe, 4.665446672e+00, E, -500.000000, NP, 20000 100000
80200, t, 1.232354e-05, KEe, 93262.776107, MEe, 4.663138805e+00, E, -500.000000, NP, 20000 100000
80300, t, 1.233890e-05, KEe, 93263.428924, MEe, 4.663171446e+00, E, -500.000000, NP, 20000 100000
80400, t, 1.235427e-05, KEe, 93272.110854, MEe, 4.663605543e+00, E, -500.000000, NP, 20000 100000
80500, t, 1.236964e-05, KEe, 93177.766195, MEe, 4.658888310e+00, E, -500.000000, NP, 20000 100000
80600, t, 1.238500e-05, KEe, 93237.520461, MEe, 4.661876023e+00, E, -500.000000, NP, 20000 100000
80700, t, 1.240037e-05, KEe, 93179.589141, MEe, 4.658979457e+00, E, -500.000000, NP, 20000 100000
80800, t, 1.241573e-05, KEe, 93269.068524, MEe, 4.663453426e+00, E, -500.000000, NP, 20000 100000
80900, t, 1.243110e-05, KEe, 93310.284644, MEe, 4.665514232e+00, E, -500.000000, NP, 20000 100000
81000, t, 1.244647e-05, KEe, 93199.950024, MEe, 4.659997501e+00, E, -500.000000, NP, 20000 100000
81100, t, 1.246183e-05, KEe, 93345.767691, MEe, 4.667288385e+00, E, -500.000000, NP, 20000 100000
81200, t, 1.247720e-05, KEe, 93198.013317, MEe, 4.659900666e+00, E, -500.000000, NP, 20000 100000
81300, t, 1.249256e-05, KEe, 93139.166744, MEe, 4.656958337e+00, E, -500.000000, NP, 20000 100000
81400, t, 1.250793e-05, KEe, 93164.808260, MEe, 4.658240413e+00, E, -500.000000, NP, 20000 100000
81500, t, 1.252330e-05, KEe, 93107.395015, MEe, 4.655369751e+00, E, -500.000000, NP, 20000 100000
81600, t, 1.253866e-05, KEe, 93129.257286, MEe, 4.656462864e+00, E, -500.000000, NP, 20000 100000
81700, t, 1.255403e-05, KEe, 93210.800543, MEe, 4.660540027e+00, E, -500.000000, NP, 20000 100000
81800, t, 1.256939e-05, KEe, 93277.886205, MEe, 4.663894310e+00, E, -500.000000, NP, 20000 100000
81900, t, 1.258476e-05, KEe, 93646.916298, MEe, 4.682345815e+00, E, -500.000000, NP, 20000 100000
82000, t, 1.260013e-05, KEe, 93612.261651, MEe, 4.680613083e+00, E, -500.000000, NP, 20000 100000
82100, t, 1.261549e-05, KEe, 93500.423307, MEe, 4.675021165e+00, E, -500.000000, NP, 20000 100000
82200, t, 1.263086e-05, KEe, 93500.411651, MEe, 4.675020583e+00, E, -500.000000, NP, 20000 100000
82300, t, 1.264622e-05, KEe, 93551.419864, MEe, 4.677570993e+00, E, -500.000000, NP, 20000 100000
82400, t, 1.266159e-05, KEe, 93735.668616, MEe, 4.686783431e+00, E, -500.000000, NP, 20000 100000
82500, t, 1.267696e-05, KEe, 93614.316521, MEe, 4.680715826e+00, E, -500.000000, NP, 20000 100000
82600, t, 1.269232e-05, KEe, 93562.492326, MEe, 4.678124616e+00, E, -500.000000, NP, 20000 100000
82700, t, 1.270769e-05, KEe, 93676.368562, MEe, 4.683818428e+00, E, -500.000000, NP, 20000 100000
82800, t, 1.272305e-05, KEe, 93438.590360, MEe, 4.671929518e+00, E, -500.000000, NP, 20000 100000
82900, t, 1.273842e-05, KEe, 93541.962315, MEe, 4.677098116e+00, E, -500.000000, NP, 20000 100000
83000, t, 1.275379e-05, KEe, 93447.528963, MEe, 4.672376448e+00, E, -500.000000, NP, 20000 100000
83100, t, 1.276915e-05, KEe, 93147.669889, MEe, 4.657383494e+00, E, -500.000000, NP, 20000 100000
83200, t, 1.278452e-05, KEe, 93433.494162, MEe, 4.671674708e+00, E, -500.000000, NP, 20000 100000
83300, t, 1.279988e-05, KEe, 93535.503659, MEe, 4.676775183e+00, E, -500.000000, NP, 20000 100000
83400, t, 1.281525e-05, KEe, 93645.736100, MEe, 4.682286805e+00, E, -500.000000, NP, 20000 100000
83500, t, 1.283062e-05, KEe, 93510.690934, MEe, 4.675534547e+00, E, -500.000000, NP, 20000 100000
83600, t, 1.284598e-05, KEe, 93439.826935, MEe, 4.671991347e+00, E, -500.000000, NP, 20000 100000
83700, t, 1.286135e-05, KEe, 93301.774222, MEe, 4.665088711e+00, E, -500.000000, NP, 20000 100000
83800, t, 1.287671e-05, KEe, 93269.769786, MEe, 4.663488489e+00, E, -500.000000, NP, 20000 100000
83900, t, 1.289208e-05, KEe, 93418.122988, MEe, 4.670906149e+00, E, -500.000000, NP, 20000 100000
84000, t, 1.290745e-05, KEe, 93452.875239, MEe, 4.672643762e+00, E, -500.000000, NP, 20000 100000
84100, t, 1.292281e-05, KEe, 93551.007139, MEe, 4.677550357e+00, E, -500.000000, NP, 20000 100000
84200, t, 1.293818e-05, KEe, 93569.302527, MEe, 4.678465126e+00, E, -500.000000, NP, 20000 100000
84300, t, 1.295354e-05, KEe, 93429.865308, MEe, 4.671493265e+00, E, -500.000000, NP, 20000 100000
84400, t, 1.296891e-05, KEe, 93229.565994, MEe, 4.661478300e+00, E, -500.000000, NP, 20000 100000
84500, t, 1.298428e-05, KEe, 93090.843808, MEe, 4.654542190e+00, E, -500.000000, NP, 20000 100000
84600, t, 1.299964e-05, KEe, 93088.477198, MEe, 4.654423860e+00, E, -500.000000, NP, 20000 100000
84700, t, 1.301501e-05, KEe, 93052.279070, MEe, 4.652613953e+00, E, -500.000000, NP, 20000 100000
84800, t, 1.303037e-05, KEe, 93038.275067, MEe, 4.651913753e+00, E, -500.000000, NP, 20000 100000
84900, t, 1.304574e-05, KEe, 93296.425468, MEe, 4.664821273e+00, E, -500.000000, NP, 20000 100000
85000, t, 1.306111e-05, KEe, 93211.064230, MEe, 4.660553212e+00, E, -500.000000, NP, 20000 100000
85100, t, 1.307647e-05, KEe, 93332.932728, MEe, 4.666646636e+00, E, -500.000000, NP, 20000 100000
85200, t, 1.309184e-05, KEe, 93350.124941, MEe, 4.667506247e+00, E, -500.000000, NP, 20000 100000
85300, t, 1.310720e-05, KEe, 93505.842889, MEe, 4.675292144e+00, E, -500.000000, NP, 20000 100000
85400, t, 1.312257e-05, KEe, 93387.078810, MEe, 4.669353941e+00, E, -500.000000, NP, 20000 100000
85500, t, 1.313794e-05, KEe, 93548.316384, MEe, 4.677415819e+00, E, -500.000000, NP, 20000 100000
85600, t, 1.315330e-05, KEe, 93484.408308, MEe, 4.674220415e+00, E, -500.000000, NP, 20000 100000
85700, t, 1.316867e-05, KEe, 93533.548499, MEe, 4.676677425e+00, E, -500.000000, NP, 20000 100000
85800, t, 1.318404e-05, KEe, 93728.274366, MEe, 4.686413718e+00, E, -500.000000, NP, 20000 100000
85900, t, 1.319940e-05, KEe, 93773.033616, MEe, 4.688651681e+00, E, -500.000000, NP, 20000 100000
86000, t, 1.321477e-05, KEe, 93799.421090, MEe, 4.689971055e+00, E, -500.000000, NP, 20000 100000
86100, t, 1.323013e-05, KEe, 93875.331290, MEe, 4.693766565e+00, E, -500.000000, NP, 20000 100000
86200, t, 1.324550e-05, KEe, 93979.149511, MEe, 4.698957476e+00, E, -500.000000, NP, 20000 100000
86300, t, 1.326087e-05, KEe, 94073.184083, MEe, 4.703659204e+00, E, -500.000000, NP, 20000 100000
86400, t, 1.327623e-05, KEe, 94048.790107, MEe, 4.702439505e+00, E, -500.000000, NP, 20000 100000
86500, t, 1.329160e-05, KEe, 94029.691913, MEe, 4.701484596e+00, E, -500.000000, NP, 20000 100000
86600, t, 1.330696e-05, KEe, 93820.386422, MEe, 4.691019321e+00, E, -500.000000, NP, 20000 100000
86700, t, 1.332233e-05, KEe, 93913.094084, MEe, 4.695654704e+00, E, -500.000000, NP, 20000 100000
86800, t, 1.333770e-05, KEe, 94075.334899, MEe, 4.703766745e+00, E, -500.000000, NP, 20000 100000
86900, t, 1.335306e-05, KEe, 94049.162302, MEe, 4.702458115e+00, E, -500.000000, NP, 20000 100000
87000, t, 1.336843e-05, KEe, 94003.494868, MEe, 4.700174743e+00, E, -500.000000, NP, 20000 100000
87100, t, 1.338379e-05, KEe, 93871.814671, MEe, 4.693590734e+00, E, -500.000000, NP, 20000 100000
87200, t, 1.339916e-05, KEe, 93989.956690, MEe, 4.699497835e+00, E, -500.000000, NP, 20000 100000
87300, t, 1.341453e-05, KEe, 94078.978812, MEe, 4.703948941e+00, E, -500.000000, NP, 20000 100000
87400, t, 1.342989e-05, KEe, 93782.803408, MEe, 4.689140170e+00, E, -500.000000, NP, 20000 100000
87500, t, 1.344526e-05, KEe, 93745.430051, MEe, 4.687271503e+00, E, -500.000000, NP, 20000 100000
87600, t, 1.346062e-05, KEe, 93640.017121, MEe, 4.682000856e+00, E, -500.000000, NP, 20000 100000
87700, t, 1.347599e-05, KEe, 93609.435237, MEe, 4.680471762e+00, E, -500.000000, NP, 20000 100000
87800, t, 1.349136e-05, KEe, 93330.649592, MEe, 4.666532480e+00, E, -500.000000, NP, 20000 100000
87900, t, 1.350672e-05, KEe, 93278.279475, MEe, 4.663913974e+00, E, -500.000000, NP, 20000 100000
88000, t, 1.352209e-05, KEe, 93261.519772, MEe, 4.663075989e+00, E, -500.000000, NP, 20000 100000
88100, t, 1.353745e-05, KEe, 93249.240091, MEe, 4.662462005e+00, E, -500.000000, NP, 20000 100000
88200, t, 1.355282e-05, KEe, 93229.726114, MEe, 4.661486306e+00, E, -500.000000, NP, 20000 100000
88300, t, 1.356819e-05, KEe, 93230.592401, MEe, 4.661529620e+00, E, -500.000000, NP, 20000 100000
88400, t, 1.358355e-05, KEe, 93368.780191, MEe, 4.668439010e+00, E, -500.000000, NP, 20000 100000
88500, t, 1.359892e-05, KEe, 93212.123868, MEe, 4.660606193e+00, E, -500.000000, NP, 20000 100000
88600, t, 1.361428e-05, KEe, 93282.697767, MEe, 4.664134888e+00, E, -500.000000, NP, 20000 100000
88700, t, 1.362965e-05, KEe, 93284.978051, MEe, 4.664248903e+00, E, -500.000000, NP, 20000 100000
88800, t, 1.364502e-05, KEe, 93298.491769, MEe, 4.664924588e+00, E, -500.000000, NP, 20000 100000
88900, t, 1.366038e-05, KEe, 93362.223430, MEe, 4.668111172e+00, E, -500.000000, NP, 20000 100000
89000, t, 1.367575e-05, KEe, 93245.973452, MEe, 4.662298673e+00, E, -500.000000, NP, 20000 100000
89100, t, 1.369111e-05, KEe, 93154.340708, MEe, 4.657717035e+00, E, -500.000000, NP, 20000 100000
89200, t, 1.370648e-05, KEe, 93205.879891, MEe, 4.660293995e+00, E, -500.000000, NP, 20000 100000
89300, t, 1.372185e-05, KEe, 93078.139016, MEe, 4.653906951e+00, E, -500.000000, NP, 20000 100000
89400, t, 1.373721e-05, KEe, 93146.427817, MEe, 4.657321391e+00, E, -500.000000, NP, 20000 100000
89500, t, 1.375258e-05, KEe, 93022.977210, MEe, 4.651148861e+00, E, -500.000000, NP, 20000 100000
89600, t, 1.376794e-05, KEe, 93267.532731, MEe, 4.663376637e+00, E, -500.000000, NP, 20000 100000
89700, t, 1.378331e-05, KEe, 93244.395285, MEe, 4.662219764e+00, E, -500.000000, NP, 20000 100000
89800, t, 1.379868e-05, KEe, 93383.424666, MEe, 4.669171233e+00, E, -500.000000, NP, 20000 100000
89900, t, 1.381404e-05, KEe, 93077.666613, MEe, 4.653883331e+00, E, -500.000000, NP, 20000 100000
90000, t, 1.382941e-05, KEe, 93297.700177, MEe, 4.664885009e+00, E, -500.000000, NP, 20000 100000
90100, t, 1.384477e-05, KEe, 93313.053180, MEe, 4.665652659e+00, E, -500.000000, NP, 20000 100000
90200, t, 1.386014e-05, KEe, 93418.402829, MEe, 4.670920141e+00, E, -500.000000, NP, 20000 100000
90300, t, 1.387551e-05, KEe, 93123.029182, MEe, 4.656151459e+00, E, -500.000000, NP, 20000 100000
90400, t, 1.389087e-05, KEe, 93292.579853, MEe, 4.664628993e+00, E, -500.000000, NP, 20000 100000
90500, t, 1.390624e-05, KEe, 93344.988031, MEe, 4.667249402e+00, E, -500.000000, NP, 20000 100000
90600, t, 1.392160e-05, KEe, 93316.515733, MEe, 4.665825787e+00, E, -500.000000, NP, 20000 100000
90700, t, 1.393697e-05, KEe, 93257.412995, MEe, 4.662870650e+00, E, -500.000000, NP, 20000 100000
90800, t, 1.395234e-05, KEe, 93315.148355, MEe, 4.665757418e+00, E, -500.000000, NP, 20000 100000
90900, t, 1.396770e-05, KEe, 93289.811057, MEe, 4.664490553e+00, E, -500.000000, NP, 20000 100000
91000, t, 1.398307e-05, KEe, 93127.653459, MEe, 4.656382673e+00, E, -500.000000, NP, 20000 100000
91100, t, 1.399843e-05, KEe, 93042.441338, MEe, 4.652122067e+00, E, -500.000000, NP, 20000 100000
91200, t, 1.401380e-05, KEe, 93111.479180, MEe, 4.655573959e+00, E, -500.000000, NP, 20000 100000
91300, t, 1.402917e-05, KEe, 92926.574541, MEe, 4.646328727e+00, E, -500.000000, NP, 20000 100000
91400, t, 1.404453e-05, KEe, 92915.889227, MEe, 4.645794461e+00, E, -500.000000, NP, 20000 100000
91500, t, 1.405990e-05, KEe, 92811.806524, MEe, 4.640590326e+00, E, -500.000000, NP, 20000 100000
91600, t, 1.407526e-05, KEe, 92865.207121, MEe, 4.643260356e+00, E, -500.000000, NP, 20000 100000
91700, t, 1.409063e-05, KEe, 92786.931468, MEe, 4.639346573e+00, E, -500.000000, NP, 20000 100000
91800, t, 1.410600e-05, KEe, 93090.120993, MEe, 4.654506050e+00, E, -500.000000, NP, 20000 100000
91900, t, 1.412136e-05, KEe, 93108.732336, MEe, 4.655436617e+00, E, -500.000000, NP, 20000 100000
92000, t, 1.413673e-05, KEe, 93339.489195, MEe, 4.666974460e+00, E, -500.000000, NP, 20000 100000
92100, t, 1.415209e-05, KEe, 93280.736481, MEe, 4.664036824e+00, E, -500.000000, NP, 20000 100000
92200, t, 1.416746e-05, KEe, 93029.379462, MEe, 4.651468973e+00, E, -500.000000, NP, 20000 100000
92300, t, 1.418283e-05, KEe, 93239.287312, MEe, 4.661964366e+00, E, -500.000000, NP, 20000 100000
92400, t, 1.419819e-05, KEe, 92920.316960, MEe, 4.646015848e+00, E, -500.000000, NP, 20000 100000
92500, t, 1.421356e-05, KEe, 92900.128673, MEe, 4.645006434e+00, E, -500.000000, NP, 20000 100000
92600, t, 1.422892e-05, KEe, 93028.604687, MEe, 4.651430234e+00, E, -500.000000, NP, 20000 100000
92700, t, 1.424429e-05, KEe, 93202.445540, MEe, 4.660122277e+00, E, -500.000000, NP, 20000 100000
92800, t, 1.425966e-05, KEe, 93367.315924, MEe, 4.668365796e+00, E, -500.000000, NP, 20000 100000
92900, t, 1.427502e-05, KEe, 93433.585486, MEe, 4.671679274e+00, E, -500.000000, NP, 20000 100000
93000, t, 1.429039e-05, KEe, 93258.562581, MEe, 4.662928129e+00, E, -500.000000, NP, 20000 100000
93100, t, 1.430575e-05, KEe, 93230.377228, MEe, 4.661518861e+00, E, -500.000000, NP, 20000 100000
93200, t, 1.432112e-05, KEe, 93240.675892, MEe, 4.662033795e+00, E, -500.000000, NP, 20000 100000
93300, t, 1.433649e-05, KEe, 93365.028717, MEe, 4.668251436e+00, E, -500.000000, NP, 20000 100000
93400, t, 1.435185e-05, KEe, 93049.544799, MEe, 4.652477240e+00, E, -500.000000, NP, 20000 100000
93500, t, 1.436722e-05, KEe, 93101.767644, MEe, 4.655088382e+00, E, -500.000000, NP, 20000 100000
93600, t, 1.438258e-05, KEe, 93171.234260, MEe, 4.658561713e+00, E, -500.000000, NP, 20000 100000
93700, t, 1.439795e-05, KEe, 93342.837159, MEe, 4.667141858e+00, E, -500.000000, NP, 20000 100000
93800, t, 1.441332e-05, KEe, 93215.911064, MEe, 4.660795553e+00, E, -500.000000, NP, 20000 100000
93900, t, 1.442868e-05, KEe, 93205.947898, MEe, 4.660297395e+00, E, -500.000000, NP, 20000 100000
94000, t, 1.444405e-05, KEe, 93182.660886, MEe, 4.659133044e+00, E, -500.000000, NP, 20000 100000
94100, t, 1.445941e-05, KEe, 93221.949170, MEe, 4.661097458e+00, E, -500.000000, NP, 20000 100000
94200, t, 1.447478e-05, KEe, 92946.690935, MEe, 4.647334547e+00, E, -500.000000, NP, 20000 100000
94300, t, 1.449015e-05, KEe, 92920.644752, MEe, 4.646032238e+00, E, -500.000000, NP, 20000 100000
94400, t, 1.450551e-05, KEe, 92994.739782, MEe, 4.649736989e+00, E, -500.000000, NP, 20000 100000
94500, t, 1.452088e-05, KEe, 92933.110732, MEe, 4.646655537e+00, E, -500.000000, NP, 20000 100000
94600, t, 1.453624e-05, KEe, 92931.945789, MEe, 4.646597289e+00, E, -500.000000, NP, 20000 100000
94700, t, 1.455161e-05, KEe, 93076.370584, MEe, 4.653818529e+00, E, -500.000000, NP, 20000 100000
94800, t, 1.456698e-05, KEe, 93084.652070, MEe, 4.654232603e+00, E, -500.000000, NP, 20000 100000
94900, t, 1.458234e-05, KEe, 93253.278854, MEe, 4.662663943e+00, E, -500.000000, NP, 20000 100000
95000, t, 1.459771e-05, KEe, 93280.996703, MEe, 4.664049835e+00, E, -500.000000, NP, 20000 100000
95100, t, 1.461307e-05, KEe, 93287.192954, MEe, 4.664359648e+00, E, -500.000000, NP, 20000 100000
95200, t, 1.462844e-05, KEe, 93349.208687, MEe, 4.667460434e+00, E, -500.000000, NP, 20000 100000
95300, t, 1.464381e-05, KEe, 93447.239708, MEe, 4.672361985e+00, E, -500.000000, NP, 20000 100000
95400, t, 1.465917e-05, KEe, 93501.917747, MEe, 4.675095887e+00, E, -500.000000, NP, 20000 100000
95500, t, 1.467454e-05, KEe, 93585.029846, MEe, 4.679251492e+00, E, -500.000000, NP, 20000 100000
95600, t, 1.468990e-05, KEe, 93464.293035, MEe, 4.673214652e+00, E, -500.000000, NP, 20000 100000
95700, t, 1.470527e-05, KEe, 93699.286834, MEe, 4.684964342e+00, E, -500.000000, NP, 20000 100000
95800, t, 1.472064e-05, KEe, 93613.626826, MEe, 4.680681341e+00, E, -500.000000, NP, 20000 100000
95900, t, 1.473600e-05, KEe, 93662.946244, MEe, 4.683147312e+00, E, -500.000000, NP, 20000 100000
96000, t, 1.475137e-05, KEe, 93616.770137, MEe, 4.680838507e+00, E, -500.000000, NP, 20000 100000
96100, t, 1.476673e-05, KEe, 93582.000415, MEe, 4.679100021e+00, E, -500.000000, NP, 20000 100000
96200, t, 1.478210e-05, KEe, 93682.866251, MEe, 4.684143313e+00, E, -500.000000, NP, 20000 100000
96300, t, 1.479747e-05, KEe, 93762.029070, MEe, 4.688101454e+00, E, -500.000000, NP, 20000 100000
96400, t, 1.481283e-05, KEe, 93702.501868, MEe, 4.685125093e+00, E, -500.000000, NP, 20000 100000
96500, t, 1.482820e-05, KEe, 93899.808723, MEe, 4.694990436e+00, E, -500.000000, NP, 20000 100000
96600, t, 1.484356e-05, KEe, 93847.702526, MEe, 4.692385126e+00, E, -500.000000, NP, 20000 100000
96700, t, 1.485893e-05, KEe, 93893.076647, MEe, 4.694653832e+00, E, -500.000000, NP, 20000 100000
96800, t, 1.487430e-05, KEe, 93685.504314, MEe, 4.684275216e+00, E, -500.000000, NP, 20000 100000
96900, t, 1.488966e-05, KEe, 93779.535362, MEe, 4.688976768e+00, E, -500.000000, NP, 20000 100000
97000, t, 1.490503e-05, KEe, 93744.734700, MEe, 4.687236735e+00, E, -500.000000, NP, 20000 100000
97100, t, 1.492039e-05, KEe, 93668.797248, MEe, 4.683439862e+00, E, -500.000000, NP, 20000 100000
97200, t, 1.493576e-05, KEe, 93651.598844, MEe, 4.682579942e+00, E, -500.000000, NP, 20000 100000
97300, t, 1.495113e-05, KEe, 93828.825494, MEe, 4.691441275e+00, E, -500.000000, NP, 20000 100000
97400, t, 1.496649e-05, KEe, 93882.446153, MEe, 4.694122308e+00, E, -500.000000, NP, 20000 100000
97500, t, 1.498186e-05, KEe, 93843.111580, MEe, 4.692155579e+00, E, -500.000000, NP, 20000 100000
97600, t, 1.499722e-05, KEe, 93653.216539, MEe, 4.682660827e+00, E, -500.000000, NP, 20000 100000
97700, t, 1.501259e-05, KEe, 93730.150264, MEe, 4.686507513e+00, E, -500.000000, NP, 20000 100000
97800, t, 1.502796e-05, KEe, 93723.003364, MEe, 4.686150168e+00, E, -500.000000, NP, 20000 100000
97900, t, 1.504332e-05, KEe, 93542.832976, MEe, 4.677141649e+00, E, -500.000000, NP, 20000 100000
98000, t, 1.505869e-05, KEe, 93430.843345, MEe, 4.671542167e+00, E, -500.000000, NP, 20000 100000
98100, t, 1.507405e-05, KEe, 93548.364480, MEe, 4.677418224e+00, E, -500.000000, NP, 20000 100000
98200, t, 1.508942e-05, KEe, 93613.875101, MEe, 4.680693755e+00, E, -500.000000, NP, 20000 100000
98300, t, 1.510479e-05, KEe, 93744.627253, MEe, 4.687231363e+00, E, -500.000000, NP, 20000 100000
98400, t, 1.512015e-05, KEe, 93678.236818, MEe, 4.683911841e+00, E, -500.000000, NP, 20000 100000
98500, t, 1.513552e-05, KEe, 93906.663870, MEe, 4.695333193e+00, E, -500.000000, NP, 20000 100000
98600, t, 1.515088e-05, KEe, 93671.926732, MEe, 4.683596337e+00, E, -500.000000, NP, 20000 100000
98700, t, 1.516625e-05, KEe, 93573.700069, MEe, 4.678685003e+00, E, -500.000000, NP, 20000 100000
98800, t, 1.518162e-05, KEe, 93558.548697, MEe, 4.677927435e+00, E, -500.000000, NP, 20000 100000
98900, t, 1.519698e-05, KEe, 93640.191468, MEe, 4.682009573e+00, E, -500.000000, NP, 20000 100000
99000, t, 1.521235e-05, KEe, 93600.829732, MEe, 4.680041487e+00, E, -500.000000, NP, 20000 100000
99100, t, 1.522771e-05, KEe, 93597.172724, MEe, 4.679858636e+00, E, -500.000000, NP, 20000 100000
99200, t, 1.524308e-05, KEe, 93608.338470, MEe, 4.680416923e+00, E, -500.000000, NP, 20000 100000
99300, t, 1.525845e-05, KEe, 93786.751339, MEe, 4.689337567e+00, E, -500.000000, NP, 20000 100000
99400, t, 1.527381e-05, KEe, 93485.372146, MEe, 4.674268607e+00, E, -500.000000, NP, 20000 100000
99500, t, 1.528918e-05, KEe, 93578.515610, MEe, 4.678925781e+00, E, -500.000000, NP, 20000 100000
99600, t, 1.530454e-05, KEe, 93715.601306, MEe, 4.685780065e+00, E, -500.000000, NP, 20000 100000
99700, t, 1.531991e-05, KEe, 93575.547823, MEe, 4.678777391e+00, E, -500.000000, NP, 20000 100000
99800, t, 1.533528e-05, KEe, 93589.099357, MEe, 4.679454968e+00, E, -500.000000, NP, 20000 100000
99900, t, 1.535064e-05, KEe, 93365.823476, MEe, 4.668291174e+00, E, -500.000000, NP, 20000 100000
100000, t, 1.536601e-05, KEe, 93182.646240, MEe, 4.659132312e+00, E, -500.000000, NP, 20000 100000
100100, t, 1.538137e-05, KEe, 93488.603663, MEe, 4.674430183e+00, E, -500.000000, NP, 20000 100000
100200, t, 1.539674e-05, KEe, 93671.685226, MEe, 4.683584261e+00, E, -500.000000, NP, 20000 100000
100300, t, 1.541211e-05, KEe, 93814.791649, MEe, 4.690739582e+00, E, -500.000000, NP, 20000 100000
100400, t, 1.542747e-05, KEe, 93621.862741, MEe, 4.681093137e+00, E, -500.000000, NP, 20000 100000
100500, t, 1.544284e-05, KEe, 93723.717548, MEe, 4.686185877e+00, E, -500.000000, NP, 20000 100000
100600, t, 1.545820e-05, KEe, 93805.327345, MEe, 4.690266367e+00, E, -500.000000, NP, 20000 100000
100700, t, 1.547357e-05, KEe, 93957.469739, MEe, 4.697873487e+00, E, -500.000000, NP, 20000 100000
100800, t, 1.548894e-05, KEe, 93820.143890, MEe, 4.691007195e+00, E, -500.000000, NP, 20000 100000
100900, t, 1.550430e-05, KEe, 93655.472477, MEe, 4.682773624e+00, E, -500.000000, NP, 20000 100000
101000, t, 1.551967e-05, KEe, 93541.294214, MEe, 4.677064711e+00, E, -500.000000, NP, 20000 100000
101100, t, 1.553503e-05, KEe, 93573.933140, MEe, 4.678696657e+00, E, -500.000000, NP, 20000 100000
101200, t, 1.555040e-05, KEe, 93444.610628, MEe, 4.672230531e+00, E, -500.000000, NP, 20000 100000
101300, t, 1.556577e-05, KEe, 93311.852217, MEe, 4.665592611e+00, E, -500.000000, NP, 20000 100000
101400, t, 1.558113e-05, KEe, 93389.163548, MEe, 4.669458177e+00, E, -500.000000, NP, 20000 100000
101500, t, 1.559650e-05, KEe, 93306.553934, MEe, 4.665327697e+00, E, -500.000000, NP, 20000 100000
101600, t, 1.561186e-05, KEe, 93194.387430, MEe, 4.659719372e+00, E, -500.000000, NP, 20000 100000
101700, t, 1.562723e-05, KEe, 93248.316796, MEe, 4.662415840e+00, E, -500.000000, NP, 20000 100000
101800, t, 1.564260e-05, KEe, 93164.733070, MEe, 4.658236654e+00, E, -500.000000, NP, 20000 100000
101900, t, 1.565796e-05, KEe, 93063.493762, MEe, 4.653174688e+00, E, -500.000000, NP, 20000 100000
102000, t, 1.567333e-05, KEe, 93229.111793, MEe, 4.661455590e+00, E, -500.000000, NP, 20000 100000
102100, t, 1.568869e-05, KEe, 93314.494644, MEe, 4.665724732e+00, E, -500.000000, NP, 20000 100000
102200, t, 1.570406e-05, KEe, 93299.680541, MEe, 4.664984027e+00, E, -500.000000, NP, 20000 100000
102300, t, 1.571943e-05, KEe, 93590.262925, MEe, 4.679513146e+00, E, -500.000000, NP, 20000 100000
102400, t, 1.573479e-05, KEe, 93486.404154, MEe, 4.674320208e+00, E, -500.000000, NP, 20000 100000
102500, t, 1.575016e-05, KEe, 93375.611573, MEe, 4.668780579e+00, E, -500.000000, NP, 20000 100000
102600, t, 1.576552e-05, KEe, 93474.181664, MEe, 4.673709083e+00, E, -500.000000, NP, 20000 100000
102700, t, 1.578089e-05, KEe, 93199.049528, MEe, 4.659952476e+00, E, -500.000000, NP, 20000 100000
102800, t, 1.579626e-05, KEe, 93234.286333, MEe, 4.661714317e+00, E, -500.000000, NP, 20000 100000
102900, t, 1.581162e-05, KEe, 93226.487345, MEe, 4.661324367e+00, E, -500.000000, NP, 20000 100000
103000, t, 1.582699e-05, KEe, 93337.031138, MEe, 4.666851557e+00, E, -500.000000, NP, 20000 100000
103100, t, 1.584235e-05, KEe, 93324.193116, MEe, 4.666209656e+00, E, -500.000000, NP, 20000 100000
103200, t, 1.585772e-05, KEe, 93344.647310, MEe, 4.667232365e+00, E, -500.000000, NP, 20000 100000
103300, t, 1.587309e-05, KEe, 93235.539051, MEe, 4.661776953e+00, E, -500.000000, NP, 20000 100000
103400, t, 1.588845e-05, KEe, 92834.298110, MEe, 4.641714906e+00, E, -500.000000, NP, 20000 100000
103500, t, 1.590382e-05, KEe, 93045.097985, MEe, 4.652254899e+00, E, -500.000000, NP, 20000 100000
103600, t, 1.591918e-05, KEe, 93202.444351, MEe, 4.660122218e+00, E, -500.000000, NP, 20000 100000
103700, t, 1.593455e-05, KEe, 93439.062018, MEe, 4.671953101e+00, E, -500.000000, NP, 20000 100000
103800, t, 1.594992e-05, KEe, 93523.597130, MEe, 4.676179857e+00, E, -500.000000, NP, 20000 100000
103900, t, 1.596528e-05, KEe, 93678.093912, MEe, 4.683904696e+00, E, -500.000000, NP, 20000 100000
104000, t, 1.598065e-05, KEe, 93724.143126, MEe, 4.686207156e+00, E, -500.000000, NP, 20000 100000
104100, t, 1.599601e-05, KEe, 93841.488007, MEe, 4.692074400e+00, E, -500.000000, NP, 20000 100000
104200, t, 1.601138e-05, KEe, 93729.835288, MEe, 4.686491764e+00, E, -500.000000, NP, 20000 100000
104300, t, 1.602675e-05, KEe, 93578.182749, MEe, 4.678909137e+00, E, -500.000000, NP, 20000 100000
104400, t, 1.604211e-05, KEe, 93469.622698, MEe, 4.673481135e+00, E, -500.000000, NP, 20000 100000
104500, t, 1.605748e-05, KEe, 93321.373440, MEe, 4.666068672e+00, E, -500.000000, NP, 20000 100000
104600, t, 1.607284e-05, KEe, 93278.844477, MEe, 4.663942224e+00, E, -500.000000, NP, 20000 100000
104700, t, 1.608821e-05, KEe, 93414.598105, MEe, 4.670729905e+00, E, -500.000000, NP, 20000 100000
104800, t, 1.610358e-05, KEe, 93463.604722, MEe, 4.673180236e+00, E, -500.000000, NP, 20000 100000
104900, t, 1.611894e-05, KEe, 93284.944904, MEe, 4.664247245e+00, E, -500.000000, NP, 20000 100000
105000, t, 1.613431e-05, KEe, 93261.596143, MEe, 4.663079807e+00, E, -500.000000, NP, 20000 100000
105100, t, 1.614967e-05, KEe, 93165.255668, MEe, 4.658262783e+00, E, -500.000000, NP, 20000 100000
105200, t, 1.616504e-05, KEe, 93251.732339, MEe, 4.662586617e+00, E, -500.000000, NP, 20000 100000
105300, t, 1.618041e-05, KEe, 93012.307745, MEe, 4.650615387e+00, E, -500.000000, NP, 20000 100000
105400, t, 1.619577e-05, KEe, 93154.386931, MEe, 4.657719347e+00, E, -500.000000, NP, 20000 100000
105500, t, 1.621114e-05, KEe, 93180.413449, MEe, 4.659020672e+00, E, -500.000000, NP, 20000 100000
105600, t, 1.622650e-05, KEe, 93272.472098, MEe, 4.663623605e+00, E, -500.000000, NP, 20000 100000
105700, t, 1.624187e-05, KEe, 93289.732436, MEe, 4.664486622e+00, E, -500.000000, NP, 20000 100000
105800, t, 1.625724e-05, KEe, 93233.411955, MEe, 4.661670598e+00, E, -500.000000, NP, 20000 100000
105900, t, 1.627260e-05, KEe, 92952.255554, MEe, 4.647612778e+00, E, -500.000000, NP, 20000 100000
106000, t, 1.628797e-05, KEe, 93219.859077, MEe, 4.660992954e+00, E, -500.000000, NP, 20000 100000
106100, t, 1.630333e-05, KEe, 93140.195057, MEe, 4.657009753e+00, E, -500.000000, NP, 20000 100000
106200, t, 1.631870e-05, KEe, 92968.497086, MEe, 4.648424854e+00, E, -500.000000, NP, 20000 100000
106300, t, 1.633407e-05, KEe, 92929.040969, MEe, 4.646452048e+00, E, -500.000000, NP, 20000 100000
106400, t, 1.634943e-05, KEe, 92845.217562, MEe, 4.642260878e+00, E, -500.000000, NP, 20000 100000
106500, t, 1.636480e-05, KEe, 92933.403926, MEe, 4.646670196e+00, E, -500.000000, NP, 20000 100000
106600, t, 1.638016e-05, KEe, 92741.578394, MEe, 4.637078920e+00, E, -500.000000, NP, 20000 100000
106700, t, 1.639553e-05, KEe, 93002.826085, MEe, 4.650141304e+00, E, -500.000000, NP, 20000 100000
106800, t, 1.641090e-05, KEe, 93160.264064, MEe, 4.658013203e+00, E, -500.000000, NP, 20000 100000
106900, t, 1.642626e-05, KEe, 93123.664184, MEe, 4.656183209e+00, E, -500.000000, NP, 20000 100000
107000, t, 1.644163e-05, KEe, 92961.632574, MEe, 4.648081629e+00, E, -500.000000, NP, 20000 100000
107100, t, 1.645699e-05, KEe, 92526.019418, MEe, 4.626300971e+00, E, -500.000000, NP, 20000 100000
107200, t, 1.647236e-05, KEe, 92561.404804, MEe, 4.628070240e+00, E, -500.000000, NP, 20000 100000
107300, t, 1.648773e-05, KEe, 92632.181070, MEe, 4.631609053e+00, E, -500.000000, NP, 20000 100000
107400, t, 1.650309e-05, KEe, 92690.355250, MEe, 4.634517762e+00, E, -500.000000, NP, 20000 100000
107500, t, 1.651846e-05, KEe, 92703.286097, MEe, 4.635164305e+00, E, -500.000000, NP, 20000 100000
107600, t, 1.653382e-05, KEe, 92873.778613, MEe, 4.643688931e+00, E, -500.000000, NP, 20000 100000
107700, t, 1.654919e-05, KEe, 92845.089605, MEe, 4.642254480e+00, E, -500.000000, NP, 20000 100000
107800, t, 1.656456e-05, KEe, 93009.480086, MEe, 4.650474004e+00, E, -500.000000, NP, 20000 100000
107900, t, 1.657992e-05, KEe, 92853.142960, MEe, 4.642657148e+00, E, -500.000000, NP, 20000 100000
108000, t, 1.659529e-05, KEe, 93123.930772, MEe, 4.656196539e+00, E, -500.000000, NP, 20000 100000
108100, t, 1.661065e-05, KEe, 92922.223442, MEe, 4.646111172e+00, E, -500.000000, NP, 20000 100000
108200, t, 1.662602e-05, KEe, 92994.885401, MEe, 4.649744270e+00, E, -500.000000, NP, 20000 100000
108300, t, 1.664139e-05, KEe, 93024.670536, MEe, 4.651233527e+00, E, -500.000000, NP, 20000 100000
108400, t, 1.665675e-05, KEe, 92934.351680, MEe, 4.646717584e+00, E, -500.000000, NP, 20000 100000
108500, t, 1.667212e-05, KEe, 93044.854594, MEe, 4.652242730e+00, E, -500.000000, NP, 20000 100000
108600, t, 1.668748e-05, KEe, 93003.644756, MEe, 4.650182238e+00, E, -500.000000, NP, 20000 100000
108700, t, 1.670285e-05, KEe, 93019.340792, MEe, 4.650967040e+00, E, -500.000000, NP, 20000 100000
108800, t, 1.671822e-05, KEe, 93014.804702, MEe, 4.650740235e+00, E, -500.000000, NP, 20000 100000
108900, t, 1.673358e-05, KEe, 92933.473963, MEe, 4.646673698e+00, E, -500.000000, NP, 20000 100000
109000, t, 1.674895e-05, KEe, 93068.263432, MEe, 4.653413172e+00, E, -500.000000, NP, 20000 100000
109100, t, 1.676431e-05, KEe, 93139.720923, MEe, 4.656986046e+00, E, -500.000000, NP, 20000 100000
109200, t, 1.677968e-05, KEe, 93017.637733, MEe, 4.650881887e+00, E, -500.000000, NP, 20000 100000
109300, t, 1.679505e-05, KEe, 92843.516211, MEe, 4.642175811e+00, E, -500.000000, NP, 20000 100000
109400, t, 1.681041e-05, KEe, 92586.450524, MEe, 4.629322526e+00, E, -500.000000, NP, 20000 100000
109500, t, 1.682578e-05, KEe, 92564.084640, MEe, 4.628204232e+00, E, -500.000000, NP, 20000 100000
109600, t, 1.684114e-05, KEe, 92499.471909, MEe, 4.624973595e+00, E, -500.000000, NP, 20000 100000
109700, t, 1.685651e-05, KEe, 92528.838898, MEe, 4.626441945e+00, E, -500.000000, NP, 20000 100000
109800, t, 1.687188e-05, KEe, 92378.392577, MEe, 4.618919629e+00, E, -500.000000, NP, 20000 100000
109900, t, 1.688724e-05, KEe, 92461.127731, MEe, 4.623056387e+00, E, -500.000000, NP, 20000 100000
110000, t, 1.690261e-05, KEe, 92320.311603, MEe, 4.616015580e+00, E, -500.000000, NP, 20000 100000
110100, t, 1.691798e-05, KEe, 92227.757193, MEe, 4.611387860e+00, E, -500.000000, NP, 20000 100000
110200, t, 1.693334e-05, KEe, 92115.031212, MEe, 4.605751561e+00, E, -500.000000, NP, 20000 100000
110300, t, 1.694871e-05, KEe, 92247.887863, MEe, 4.612394393e+00, E, -500.000000, NP, 20000 100000
110400, t, 1.696407e-05, KEe, 92206.501993, MEe, 4.610325100e+00, E, -500.000000, NP, 20000 100000
110500, t, 1.697944e-05, KEe, 92239.456636, MEe, 4.611972832e+00, E, -500.000000, NP, 20000 100000
110600, t, 1.699481e-05, KEe, 92158.779131, MEe, 4.607938957e+00, E, -500.000000, NP, 20000 100000
110700, t, 1.701017e-05, KEe, 92356.788122, MEe, 4.617839406e+00, E, -500.000000, NP, 20000 100000
110800, t, 1.702554e-05, KEe, 92366.404642, MEe, 4.618320232e+00, E, -500.000000, NP, 20000 100000
110900, t, 1.704090e-05, KEe, 92657.300074, MEe, 4.632865004e+00, E, -500.000000, NP, 20000 100000
111000, t, 1.705627e-05, KEe, 92793.480912, MEe, 4.639674046e+00, E, -500.000000, NP, 20000 100000
111100, t, 1.707164e-05, KEe, 92817.570085, MEe, 4.640878504e+00, E, -500.000000, NP, 20000 100000
111200, t, 1.708700e-05, KEe, 92850.462931, MEe, 4.642523147e+00, E, -500.000000, NP, 20000 100000
111300, t, 1.710237e-05, KEe, 92960.102764, MEe, 4.648005138e+00, E, -500.000000, NP, 20000 100000
111400, t, 1.711773e-05, KEe, 92944.912530, MEe, 4.647245626e+00, E, -500.000000, NP, 20000 100000
111500, t, 1.713310e-05, KEe, 92825.807532, MEe, 4.641290377e+00, E, -500.000000, NP, 20000 100000
111600, t, 1.714847e-05, KEe, 92969.907812, MEe, 4.648495391e+00, E, -500.000000, NP, 20000 100000
111700, t, 1.716383e-05, KEe, 92816.003934, MEe, 4.640800197e+00, E, -500.000000, NP, 20000 100000
111800, t, 1.717920e-05, KEe, 92695.190968, MEe, 4.634759548e+00, E, -500.000000, NP, 20000 100000
111900, t, 1.719456e-05, KEe, 92863.242471, MEe, 4.643162124e+00, E, -500.000000, NP, 20000 100000
112000, t, 1.720993e-05, KEe, 92955.444310, MEe, 4.647772215e+00, E, -500.000000, NP, 20000 100000
112100, t, 1.722530e-05, KEe, 93040.216373, MEe, 4.652010819e+00, E, -500.000000, NP, 20000 100000
112200, t, 1.724066e-05, KEe, 93180.176005, MEe, 4.659008800e+00, E, -500.000000, NP, 20000 100000
112300, t, 1.725603e-05, KEe, 93318.234310, MEe, 4.665911715e+00, E, -500.000000, NP, 20000 100000
112400, t, 1.727139e-05, KEe, 93321.471294, MEe, 4.666073565e+00, E, -500.000000, NP, 20000 100000
112500, t, 1.728676e-05, KEe, 93343.045145, MEe, 4.667152257e+00, E, -500.000000, NP, 20000 100000
112600, t, 1.730213e-05, KEe, 93184.012789, MEe, 4.659200639e+00, E, -500.000000, NP, 20000 100000
112700, t, 1.731749e-05, KEe, 93079.896572, MEe, 4.653994829e+00, E, -500.000000, NP, 20000 100000
112800, t, 1.733286e-05, KEe, 92852.419232, MEe, 4.642620962e+00, E, -500.000000, NP, 20000 100000
112900, t, 1.734822e-05, KEe, 93087.309789, MEe, 4.654365489e+00, E, -500.000000, NP, 20000 100000
113000, t, 1.736359e-05, KEe, 93232.396541, MEe, 4.661619827e+00, E, -500.000000, NP, 20000 100000
113100, t, 1.737896e-05, KEe, 93365.689129, MEe, 4.668284456e+00, E, -500.000000, NP, 20000 100000
113200, t, 1.739432e-05, KEe, 93412.378782, MEe, 4.670618939e+00, E, -500.000000, NP, 20000 100000
113300, t, 1.740969e-05, KEe, 93475.847834, MEe, 4.673792392e+00, E, -500.000000, NP, 20000 100000
113400, t, 1.742505e-05, KEe, 93572.575934, MEe, 4.678628797e+00, E, -500.000000, NP, 20000 100000
113500, t, 1.744042e-05, KEe, 93585.547614, MEe, 4.679277381e+00, E, -500.000000, NP, 20000 100000
113600, t, 1.745579e-05, KEe, 93784.007149, MEe, 4.689200357e+00, E, -500.000000, NP, 20000 100000
113700, t, 1.747115e-05, KEe, 93835.508862, MEe, 4.691775443e+00, E, -500.000000, NP, 20000 100000
113800, t, 1.748652e-05, KEe, 93704.399637, MEe, 4.685219982e+00, E, -500.000000, NP, 20000 100000
113900, t, 1.750188e-05, KEe, 93645.100799, MEe, 4.682255040e+00, E, -500.000000, NP, 20000 100000
114000, t, 1.751725e-05, KEe, 93662.291038, MEe, 4.683114552e+00, E, -500.000000, NP, 20000 100000
114100, t, 1.753262e-05, KEe, 93567.464823, MEe, 4.678373241e+00, E, -500.000000, NP, 20000 100000
114200, t, 1.754798e-05, KEe, 93661.601191, MEe, 4.683080060e+00, E, -500.000000, NP, 20000 100000
114300, t, 1.756335e-05, KEe, 93446.590919, MEe, 4.672329546e+00, E, -500.000000, NP, 20000 100000
114400, t, 1.757871e-05, KEe, 93032.090706, MEe, 4.651604535e+00, E, -500.000000, NP, 20000 100000
114500, t, 1.759408e-05, KEe, 92997.819674, MEe, 4.649890984e+00, E, -500.000000, NP, 20000 100000
114600, t, 1.760945e-05, KEe, 93260.260002, MEe, 4.663013000e+00, E, -500.000000, NP, 20000 100000
114700, t, 1.762481e-05, KEe, 93370.091573, MEe, 4.668504579e+00, E, -500.000000, NP, 20000 100000
114800, t, 1.764018e-05, KEe, 93253.859908, MEe, 4.662692995e+00, E, -500.000000, NP, 20000 100000
114900, t, 1.765554e-05, KEe, 93231.196548, MEe, 4.661559827e+00, E, -500.000000, NP, 20000 100000
115000, t, 1.767091e-05, KEe, 93745.051395, MEe, 4.687252570e+00, E, -500.000000, NP, 20000 100000
115100, t, 1.768628e-05, KEe, 93627.031552, MEe, 4.681351578e+00, E, -500.000000, NP, 20000 100000
115200, t, 1.770164e-05, KEe, 93699.971701, MEe, 4.684998585e+00, E, -500.000000, NP, 20000 100000
115300, t, 1.771701e-05, KEe, 93647.502819, MEe, 4.682375141e+00, E, -500.000000, NP, 20000 100000
115400, t, 1.773237e-05, KEe, 93494.740975, MEe, 4.674737049e+00, E, -500.000000, NP, 20000 100000
115500, t, 1.774774e-05, KEe, 93317.901095, MEe, 4.665895055e+00, E, -500.000000, NP, 20000 100000
115600, t, 1.776311e-05, KEe, 93348.584539, MEe, 4.667429227e+00, E, -500.000000, NP, 20000 100000
115700, t, 1.777847e-05, KEe, 93365.942479, MEe, 4.668297124e+00, E, -500.000000, NP, 20000 100000
115800, t, 1.779384e-05, KEe, 93440.601107, MEe, 4.672030055e+00, E, -500.000000, NP, 20000 100000
115900, t, 1.780920e-05, KEe, 93452.146395, MEe, 4.672607320e+00, E, -500.000000, NP, 20000 100000
116000, t, 1.782457e-05, KEe, 93345.338298, MEe, 4.667266915e+00, E, -500.000000, NP, 20000 100000
116100, t, 1.783994e-05, KEe, 93320.409718, MEe, 4.666020486e+00, E, -500.000000, NP, 20000 100000
116200, t, 1.785530e-05, KEe, 93320.395822, MEe, 4.666019791e+00, E, -500.000000, NP, 20000 100000
116300, t, 1.787067e-05, KEe, 93353.577718, MEe, 4.667678886e+00, E, -500.000000, NP, 20000 100000
116400, t, 1.788603e-05, KEe, 93392.533017, MEe, 4.669626651e+00, E, -500.000000, NP, 20000 100000
116500, t, 1.790140e-05, KEe, 93398.531597, MEe, 4.669926580e+00, E, -500.000000, NP, 20000 100000
116600, t, 1.791677e-05, KEe, 93478.399413, MEe, 4.673919971e+00, E, -500.000000, NP, 20000 100000
116700, t, 1.793213e-05, KEe, 93531.943265, MEe, 4.676597163e+00, E, -500.000000, NP, 20000 100000
116800, t, 1.794750e-05, KEe, 93681.300524, MEe, 4.684065026e+00, E, -500.000000, NP, 20000 100000
116900, t, 1.796286e-05, KEe, 93553.632866, MEe, 4.677681643e+00, E, -500.000000, NP, 20000 100000
117000, t, 1.797823e-05, KEe, 93516.779991, MEe, 4.675839000e+00, E, -500.000000, NP, 20000 100000
117100, t, 1.799360e-05, KEe, 93844.972393, MEe, 4.692248620e+00, E, -500.000000, NP, 20000 100000
117200, t, 1.800896e-05, KEe, 93835.373087, MEe, 4.691768654e+00, E, -500.000000, NP, 20000 100000
117300, t, 1.802433e-05, KEe, 93728.588385, MEe, 4.686429419e+00, E, -500.000000, NP, 20000 100000
117400, t, 1.803969e-05, KEe, 93840.979578, MEe, 4.692048979e+00, E, -500.000000, NP, 20000 100000
117500, t, 1.805506e-05, KEe, 93751.140040, MEe, 4.687557002e+00, E, -500.000000, NP, 20000 100000
117600, t, 1.807043e-05, KEe, 93492.703648, MEe, 4.674635182e+00, E, -500.000000, NP, 20000 100000
117700, t, 1.808579e-05, KEe, 93458.071189, MEe, 4.672903559e+00, E, -500.000000, NP, 20000 100000
117800, t, 1.810116e-05, KEe, 93454.416057, MEe, 4.672720803e+00, E, -500.000000, NP, 20000 100000
117900, t, 1.811652e-05, KEe, 93544.423569, MEe, 4.677221178e+00, E, -500.000000, NP, 20000 100000
118000, t, 1.813189e-05, KEe, 93853.901098, MEe, 4.692695055e+00, E, -500.000000, NP, 20000 100000
118100, t, 1.814726e-05, KEe, 93834.493772, MEe, 4.691724689e+00, E, -500.000000, NP, 20000 100000
118200, t, 1.816262e-05, KEe, 93910.407534, MEe, 4.695520377e+00, E, -500.000000, NP, 20000 100000
118300, t, 1.817799e-05, KEe, 93810.024435, MEe, 4.690501222e+00, E, -500.000000, NP, 20000 100000
118400, t, 1.819335e-05, KEe, 93727.384031, MEe, 4.686369202e+00, E, -500.000000, NP, 20000 100000
118500, t, 1.820872e-05, KEe, 93494.711525, MEe, 4.674735576e+00, E, -500.000000, NP, 20000 100000
118600, t, 1.822409e-05, KEe, 93500.970779, MEe, 4.675048539e+00, E, -500.000000, NP, 20000 100000
118700, t, 1.823945e-05, KEe, 93699.592964, MEe, 4.684979648e+00, E, -500.000000, NP, 20000 100000
118800, t, 1.825482e-05, KEe, 93487.390674, MEe, 4.674369534e+00, E, -500.000000, NP, 20000 100000
118900, t, 1.827018e-05, KEe, 93617.234942, MEe, 4.680861747e+00, E, -500.000000, NP, 20000 100000
119000, t, 1.828555e-05, KEe, 93645.101771, MEe, 4.682255089e+00, E, -500.000000, NP, 20000 100000
119100, t, 1.830092e-05, KEe, 93691.095158, MEe, 4.684554758e+00, E, -500.000000, NP, 20000 100000
119200, t, 1.831628e-05, KEe, 93572.829721, MEe, 4.678641486e+00, E, -500.000000, NP, 20000 100000
119300, t, 1.833165e-05, KEe, 93501.602727, MEe, 4.675080136e+00, E, -500.000000, NP, 20000 100000
119400, t, 1.834701e-05, KEe, 93618.238586, MEe, 4.680911929e+00, E, -500.000000, NP, 20000 100000
119500, t, 1.836238e-05, KEe, 93770.915130, MEe, 4.688545756e+00, E, -500.000000, NP, 20000 100000
119600, t, 1.837775e-05, KEe, 93762.316332, MEe, 4.688115817e+00, E, -500.000000, NP, 20000 100000
119700, t, 1.839311e-05, KEe, 93544.440671, MEe, 4.677222034e+00, E, -500.000000, NP, 20000 100000
119800, t, 1.840848e-05, KEe, 93457.105221, MEe, 4.672855261e+00, E, -500.000000, NP, 20000 100000
119900, t, 1.842384e-05, KEe, 93470.122147, MEe, 4.673506107e+00, E, -500.000000, NP, 20000 100000
120000, t, 1.843921e-05, KEe, 93478.014901, MEe, 4.673900745e+00, E, -500.000000, NP, 20000 100000
120100, t, 1.845458e-05, KEe, 93402.412181, MEe, 4.670120609e+00, E, -500.000000, NP, 20000 100000
120200, t, 1.846994e-05, KEe, 93516.063142, MEe, 4.675803157e+00, E, -500.000000, NP, 20000 100000
120300, t, 1.848531e-05, KEe, 93660.751940, MEe, 4.683037597e+00, E, -500.000000, NP, 20000 100000
120400, t, 1.850067e-05, KEe, 93621.691971, MEe, 4.681084599e+00, E, -500.000000, NP, 20000 100000
120500, t, 1.851604e-05, KEe, 93494.752564, MEe, 4.674737628e+00, E, -500.000000, NP, 20000 100000
120600, t, 1.853141e-05, KEe, 93358.253344, MEe, 4.667912667e+00, E, -500.000000, NP, 20000 100000
120700, t, 1.854677e-05, KEe, 93557.344080, MEe, 4.677867204e+00, E, -500.000000, NP, 20000 100000
120800, t, 1.856214e-05, KEe, 93559.795297, MEe, 4.677989765e+00, E, -500.000000, NP, 20000 100000
120900, t, 1.857750e-05, KEe, 93728.984553, MEe, 4.686449228e+00, E, -500.000000, NP, 20000 100000
121000, t, 1.859287e-05, KEe, 93725.796739, MEe, 4.686289837e+00, E, -500.000000, NP, 20000 100000
121100, t, 1.860824e-05, KEe, 93458.296858, MEe, 4.672914843e+00, E, -500.000000, NP, 20000 100000
121200, t, 1.862360e-05, KEe, 93544.003561, MEe, 4.677200178e+00, E, -500.000000, NP, 20000 100000
121300, t, 1.863897e-05, KEe, 93527.890891, MEe, 4.676394545e+00, E, -500.000000, NP, 20000 100000
121400, t, 1.865433e-05, KEe, 93350.484148, MEe, 4.667524207e+00, E, -500.000000, NP, 20000 100000
121500, t, 1.866970e-05, KEe, 93457.774128, MEe, 4.672888706e+00, E, -500.000000, NP, 20000 100000
121600, t, 1.868507e-05, KEe, 93803.898008, MEe, 4.690194900e+00, E, -500.000000, NP, 20000 100000
121700, t, 1.870043e-05, KEe, 93684.183409, MEe, 4.684209170e+00, E, -500.000000, NP, 20000 100000
121800, t, 1.871580e-05, KEe, 93497.070642, MEe, 4.674853532e+00, E, -500.000000, NP, 20000 100000
121900, t, 1.873116e-05, KEe, 93458.023336, MEe, 4.672901167e+00, E, -500.000000, NP, 20000 100000
122000, t, 1.874653e-05, KEe, 93356.049809, MEe, 4.667802490e+00, E, -500.000000, NP, 20000 100000
122100, t, 1.876190e-05, KEe, 93497.408783, MEe, 4.674870439e+00, E, -500.000000, NP, 20000 100000
122200, t, 1.877726e-05, KEe, 93256.837378, MEe, 4.662841869e+00, E, -500.000000, NP, 20000 100000
122300, t, 1.879263e-05, KEe, 93115.210018, MEe, 4.655760501e+00, E, -500.000000, NP, 20000 100000
122400, t, 1.880799e-05, KEe, 93103.876563, MEe, 4.655193828e+00, E, -500.000000, NP, 20000 100000
122500, t, 1.882336e-05, KEe, 93102.908379, MEe, 4.655145419e+00, E, -500.000000, NP, 20000 100000
122600, t, 1.883873e-05, KEe, 93344.398111, MEe, 4.667219906e+00, E, -500.000000, NP, 20000 100000
122700, t, 1.885409e-05, KEe, 93261.968088, MEe, 4.663098404e+00, E, -500.000000, NP, 20000 100000
122800, t, 1.886946e-05, KEe, 93170.761388, MEe, 4.658538069e+00, E, -500.000000, NP, 20000 100000
122900, t, 1.888482e-05, KEe, 93241.026531, MEe, 4.662051327e+00, E, -500.000000, NP, 20000 100000
123000, t, 1.890019e-05, KEe, 93112.122684, MEe, 4.655606134e+00, E, -500.000000, NP, 20000 100000
123100, t, 1.891556e-05, KEe, 92996.685671, MEe, 4.649834284e+00, E, -500.000000, NP, 20000 100000
123200, t, 1.893092e-05, KEe, 92948.877269, MEe, 4.647443863e+00, E, -500.000000, NP, 20000 100000
123300, t, 1.894629e-05, KEe, 92964.181590, MEe, 4.648209080e+00, E, -500.000000, NP, 20000 100000
123400, t, 1.896165e-05, KEe, 93075.318126, MEe, 4.653765906e+00, E, -500.000000, NP, 20000 100000
123500, t, 1.897702e-05, KEe, 92769.324458, MEe, 4.638466223e+00, E, -500.000000, NP, 20000 100000
123600, t, 1.899239e-05, KEe, 92713.136335, MEe, 4.635656817e+00, E, -500.000000, NP, 20000 100000
123700, t, 1.900775e-05, KEe, 92496.126418, MEe, 4.624806321e+00, E, -500.000000, NP, 20000 100000
123800, t, 1.902312e-05, KEe, 92574.130343, MEe, 4.628706517e+00, E, -500.000000, NP, 20000 100000
123900, t, 1.903848e-05, KEe, 92528.477388, MEe, 4.626423869e+00, E, -500.000000, NP, 20000 100000
124000, t, 1.905385e-05, KEe, 92422.960291, MEe, 4.621148015e+00, E, -500.000000, NP, 20000 100000
124100, t, 1.906922e-05, KEe, 92276.240327, MEe, 4.613812016e+00, E, -500.000000, NP, 20000 100000
124200, t, 1.908458e-05, KEe, 92365.552650, MEe, 4.618277633e+00, E, -500.000000, NP, 20000 100000
124300, t, 1.909995e-05, KEe, 92462.849984, MEe, 4.623142499e+00, E, -500.000000, NP, 20000 100000
124400, t, 1.911531e-05, KEe, 92634.697563, MEe, 4.631734878e+00, E, -500.000000, NP, 20000 100000
124500, t, 1.913068e-05, KEe, 92527.451461, MEe, 4.626372573e+00, E, -500.000000, NP, 20000 100000
124600, t, 1.914605e-05, KEe, 92339.572942, MEe, 4.616978647e+00, E, -500.000000, NP, 20000 100000
124700, t, 1.916141e-05, KEe, 92458.096638, MEe, 4.622904832e+00, E, -500.000000, NP, 20000 100000
124800, t, 1.917678e-05, KEe, 92623.298852, MEe, 4.631164943e+00, E, -500.000000, NP, 20000 100000
124900, t, 1.919214e-05, KEe, 92419.404693, MEe, 4.620970235e+00, E, -500.000000, NP, 20000 100000
125000, t, 1.920751e-05, KEe, 92582.853793, MEe, 4.629142690e+00, E, -500.000000, NP, 20000 100000
125100, t, 1.922288e-05, KEe, 92615.516429, MEe, 4.630775821e+00, E, -500.000000, NP, 20000 100000
125200, t, 1.923824e-05, KEe, 92759.838738, MEe, 4.637991937e+00, E, -500.000000, NP, 20000 100000
125300, t, 1.925361e-05, KEe, 92840.523736, MEe, 4.642026187e+00, E, -500.000000, NP, 20000 100000
125400, t, 1.926897e-05, KEe, 92924.160512, MEe, 4.646208026e+00, E, -500.000000, NP, 20000 100000
125500, t, 1.928434e-05, KEe, 92901.970852, MEe, 4.645098543e+00, E, -500.000000, NP, 20000 100000
125600, t, 1.929971e-05, KEe, 93058.369758, MEe, 4.652918488e+00, E, -500.000000, NP, 20000 100000
125700, t, 1.931507e-05, KEe, 93244.141194, MEe, 4.662207060e+00, E, -500.000000, NP, 20000 100000
125800, t, 1.933044e-05, KEe, 93343.829535, MEe, 4.667191477e+00, E, -500.000000, NP, 20000 100000
125900, t, 1.934580e-05, KEe, 93216.751501, MEe, 4.660837575e+00, E, -500.000000, NP, 20000 100000
126000, t, 1.936117e-05, KEe, 93116.360583, MEe, 4.655818029e+00, E, -500.000000, NP, 20000 100000
126100, t, 1.937654e-05, KEe, 93073.839580, MEe, 4.653691979e+00, E, -500.000000, NP, 20000 100000
126200, t, 1.939190e-05, KEe, 93130.668259, MEe, 4.656533413e+00, E, -500.000000, NP, 20000 100000
126300, t, 1.940727e-05, KEe, 93263.424712, MEe, 4.663171236e+00, E, -500.000000, NP, 20000 100000
126400, t, 1.942263e-05, KEe, 93485.768375, MEe, 4.674288419e+00, E, -500.000000, NP, 20000 100000
126500, t, 1.943800e-05, KEe, 93444.275939, MEe, 4.672213797e+00, E, -500.000000, NP, 20000 100000
126600, t, 1.945337e-05, KEe, 93263.428842, MEe, 4.663171442e+00, E, -500.000000, NP, 20000 100000
126700, t, 1.946873e-05, KEe, 93096.681572, MEe, 4.654834079e+00, E, -500.000000, NP, 20000 100000
126800, t, 1.948410e-05, KEe, 93084.775594, MEe, 4.654238780e+00, E, -500.000000, NP, 20000 100000
126900, t, 1.949946e-05, KEe, 93120.223208, MEe, 4.656011160e+00, E, -500.000000, NP, 20000 100000
127000, t, 1.951483e-05, KEe, 93004.622883, MEe, 4.650231144e+00, E, -500.000000, NP, 20000 100000
127100, t, 1.953020e-05, KEe, 93062.920793, MEe, 4.653146040e+00, E, -500.000000, NP, 20000 100000
127200, t, 1.954556e-05, KEe, 92891.540852, MEe, 4.644577043e+00, E, -500.000000, NP, 20000 100000
127300, t, 1.956093e-05, KEe, 92886.258754, MEe, 4.644312938e+00, E, -500.000000, NP, 20000 100000
127400, t, 1.957629e-05, KEe, 92842.471215, MEe, 4.642123561e+00, E, -500.000000, NP, 20000 100000
127500, t, 1.959166e-05, KEe, 92844.163898, MEe, 4.642208195e+00, E, -500.000000, NP, 20000 100000
127600, t, 1.960703e-05, KEe, 92840.661725, MEe, 4.642033086e+00, E, -500.000000, NP, 20000 100000
127700, t, 1.962239e-05, KEe, 93149.013050, MEe, 4.657450653e+00, E, -500.000000, NP, 20000 100000
127800, t, 1.963776e-05, KEe, 93162.281858, MEe, 4.658114093e+00, E, -500.000000, NP, 20000 100000
127900, t, 1.965312e-05, KEe, 93436.303366, MEe, 4.671815168e+00, E, -500.000000, NP, 20000 100000
128000, t, 1.966849e-05, KEe, 93355.289467, MEe, 4.667764473e+00, E, -500.000000, NP, 20000 100000
128100, t, 1.968386e-05, KEe, 93395.364747, MEe, 4.669768237e+00, E, -500.000000, NP, 20000 100000
128200, t, 1.969922e-05, KEe, 93404.676947, MEe, 4.670233847e+00, E, -500.000000, NP, 20000 100000
128300, t, 1.971459e-05, KEe, 93366.017049, MEe, 4.668300852e+00, E, -500.000000, NP, 20000 100000
128400, t, 1.972995e-05, KEe, 93323.263470, MEe, 4.666163173e+00, E, -500.000000, NP, 20000 100000
128500, t, 1.974532e-05, KEe, 93041.656673, MEe, 4.652082834e+00, E, -500.000000, NP, 20000 100000
128600, t, 1.976069e-05, KEe, 93091.483087, MEe, 4.654574154e+00, E, -500.000000, NP, 20000 100000
128700, t, 1.977605e-05, KEe, 93243.250937, MEe, 4.662162547e+00, E, -500.000000, NP, 20000 100000
128800, t, 1.979142e-05, KEe, 93156.725633, MEe, 4.657836282e+00, E, -500.000000, NP, 20000 100000
128900, t, 1.980678e-05, KEe, 93354.077104, MEe, 4.667703855e+00, E, -500.000000, NP, 20000 100000
129000, t, 1.982215e-05, KEe, 93492.016707, MEe, 4.674600835e+00, E, -500.000000, NP, 20000 100000
129100, t, 1.983752e-05, KEe, 93553.868791, MEe, 4.677693440e+00, E, -500.000000, NP, 20000 100000
129200, t, 1.985288e-05, KEe, 93708.576815, MEe, 4.685428841e+00, E, -500.000000, NP, 20000 100000
129300, t, 1.986825e-05, KEe, 93762.434732, MEe, 4.688121737e+00, E, -500.000000, NP, 20000 100000
129400, t, 1.988361e-05, KEe, 93431.723573, MEe, 4.671586179e+00, E, -500.000000, NP, 20000 100000
129500, t, 1.989898e-05, KEe, 93525.902038, MEe, 4.676295102e+00, E, -500.000000, NP, 20000 100000
129600, t, 1.991435e-05, KEe, 93665.300501, MEe, 4.683265025e+00, E, -500.000000, NP, 20000 100000
129700, t, 1.992971e-05, KEe, 93586.639417, MEe, 4.679331971e+00, E, -500.000000, NP, 20000 100000
129800, t, 1.994508e-05, KEe, 93642.110107, MEe, 4.682105505e+00, E, -500.000000, NP, 20000 100000
129900, t, 1.996044e-05, KEe, 93822.145139, MEe, 4.691107257e+00, E, -500.000000, NP, 20000 100000
130000, t, 1.997581e-05, KEe, 93865.984851, MEe, 4.693299243e+00, E, -500.000000, NP, 20000 100000
130100, t, 1.999118e-05, KEe, 93751.726188, MEe, 4.687586309e+00, E, -500.000000, NP, 20000 100000
130200, t, 2.000654e-05, KEe, 93925.249921, MEe, 4.696262496e+00, E, -500.000000, NP, 20000 100000
130300, t, 2.002191e-05, KEe, 93906.370928, MEe, 4.695318546e+00, E, -500.000000, NP, 20000 100000
130400, t, 2.003727e-05, KEe, 93876.225944, MEe, 4.693811297e+00, E, -500.000000, NP, 20000 100000
130500, t, 2.005264e-05, KEe, 93960.773480, MEe, 4.698038674e+00, E, -500.000000, NP, 20000 100000
130600, t, 2.006801e-05, KEe, 93870.084139, MEe, 4.693504207e+00, E, -500.000000, NP, 20000 100000
130700, t, 2.008337e-05, KEe, 93954.273858, MEe, 4.697713693e+00, E, -500.000000, NP, 20000 100000
130800, t, 2.009874e-05, KEe, 93858.302724, MEe, 4.692915136e+00, E, -500.000000, NP, 20000 100000
130900, t, 2.011410e-05, KEe, 93830.598134, MEe, 4.691529907e+00, E, -500.000000, NP, 20000 100000
131000, t, 2.012947e-05, KEe, 93692.409610, MEe, 4.684620480e+00, E, -500.000000, NP, 20000 100000
131100, t, 2.014484e-05, KEe, 93690.141969, MEe, 4.684507098e+00, E, -500.000000, NP, 20000 100000
131200, t, 2.016020e-05, KEe, 93756.696438, MEe, 4.687834822e+00, E, -500.000000, NP, 20000 100000
131300, t, 2.017557e-05, KEe, 93725.267408, MEe, 4.686263370e+00, E, -500.000000, NP, 20000 100000
131400, t, 2.019093e-05, KEe, 93686.466096, MEe, 4.684323305e+00, E, -500.000000, NP, 20000 100000
131500, t, 2.020630e-05, KEe, 93659.130229, MEe, 4.682956511e+00, E, -500.000000, NP, 20000 100000
131600, t, 2.022167e-05, KEe, 93774.710675, MEe, 4.688735534e+00, E, -500.000000, NP, 20000 100000
131700, t, 2.023703e-05, KEe, 93699.216667, MEe, 4.684960833e+00, E, -500.000000, NP, 20000 100000
131800, t, 2.025240e-05, KEe, 93536.944204, MEe, 4.676847210e+00, E, -500.000000, NP, 20000 100000
131900, t, 2.026776e-05, KEe, 93506.689427, MEe, 4.675334471e+00, E, -500.000000, NP, 20000 100000
132000, t, 2.028313e-05, KEe, 93258.096617, MEe, 4.662904831e+00, E, -500.000000, NP, 20000 100000
132100, t, 2.029850e-05, KEe, 93156.145216, MEe, 4.657807261e+00, E, -500.000000, NP, 20000 100000
132200, t, 2.031386e-05, KEe, 93269.743573, MEe, 4.663487179e+00, E, -500.000000, NP, 20000 100000
132300, t, 2.032923e-05, KEe, 93293.080400, MEe, 4.664654020e+00, E, -500.000000, NP, 20000 100000
132400, t, 2.034459e-05, KEe, 92975.412315, MEe, 4.648770616e+00, E, -500.000000, NP, 20000 100000
132500, t, 2.035996e-05, KEe, 92820.912266, MEe, 4.641045613e+00, E, -500.000000, NP, 20000 100000
132600, t, 2.037533e-05, KEe, 92993.780883, MEe, 4.649689044e+00, E, -500.000000, NP, 20000 100000
132700, t, 2.039069e-05, KEe, 93021.028285, MEe, 4.651051414e+00, E, -500.000000, NP, 20000 100000
132800, t, 2.040606e-05, KEe, 92966.317839, MEe, 4.648315892e+00, E, -500.000000, NP, 20000 100000
132900, t, 2.042142e-05, KEe, 92868.049800, MEe, 4.643402490e+00, E, -500.000000, NP, 20000 100000
133000, t, 2.043679e-05, KEe, 92895.845021, MEe, 4.644792251e+00, E, -500.000000, NP, 20000 100000
133100, t, 2.045216e-05, KEe, 92831.124880, MEe, 4.641556244e+00, E, -500.000000, NP, 20000 100000
133200, t, 2.046752e-05, KEe, 92820.070386, MEe, 4.641003519e+00, E, -500.000000, NP, 20000 100000
133300, t, 2.048289e-05, KEe, 92949.462881, MEe, 4.647473144e+00, E, -500.000000, NP, 20000 100000
133400, t, 2.049825e-05, KEe, 92845.726785, MEe, 4.642286339e+00, E, -500.000000, NP, 20000 100000
133500, t, 2.051362e-05, KEe, 92702.337522, MEe, 4.635116876e+00, E, -500.000000, NP, 20000 100000
133600, t, 2.052899e-05, KEe, 92621.009492, MEe, 4.631050475e+00, E, -500.000000, NP, 20000 100000
133700, t, 2.054435e-05, KEe, 92687.034142, MEe, 4.634351707e+00, E, -500.000000, NP, 20000 100000
133800, t, 2.055972e-05, KEe, 92718.701967, MEe, 4.635935098e+00, E, -500.000000, NP, 20000 100000
133900, t, 2.057508e-05, KEe, 92884.492662, MEe, 4.644224633e+00, E, -500.000000, NP, 20000 100000
134000, t, 2.059045e-05, KEe, 92962.564041, MEe, 4.648128202e+00, E, -500.000000, NP, 20000 100000
134100, t, 2.060582e-05, KEe, 92996.430593, MEe, 4.649821530e+00, E, -500.000000, NP, 20000 100000
134200, t, 2.062118e-05, KEe, 92905.731782, MEe, 4.645286589e+00, E, -500.000000, NP, 20000 100000
134300, t, 2.063655e-05, KEe, 92971.843071, MEe, 4.648592154e+00, E, -500.000000, NP, 20000 100000
134400, t, 2.065191e-05, KEe, 93094.246339, MEe, 4.654712317e+00, E, -500.000000, NP, 20000 100000
134500, t, 2.066728e-05, KEe, 92970.886008, MEe, 4.648544300e+00, E, -500.000000, NP, 20000 100000
134600, t, 2.068265e-05, KEe, 93163.424663, MEe, 4.658171233e+00, E, -500.000000, NP, 20000 100000
134700, t, 2.069801e-05, KEe, 93337.222865, MEe, 4.666861143e+00, E, -500.000000, NP, 20000 100000
134800, t, 2.071338e-05, KEe, 93418.322656, MEe, 4.670916133e+00, E, -500.000000, NP, 20000 100000
134900, t, 2.072875e-05, KEe, 93091.772417, MEe, 4.654588621e+00, E, -500.000000, NP, 20000 100000
135000, t, 2.074411e-05, KEe, 93106.993727, MEe, 4.655349686e+00, E, -500.000000, NP, 20000 100000
135100, t, 2.075948e-05, KEe, 93049.410443, MEe, 4.652470522e+00, E, -500.000000, NP, 20000 100000
135200, t, 2.077484e-05, KEe, 93042.367915, MEe, 4.652118396e+00, E, -500.000000, NP, 20000 100000
135300, t, 2.079021e-05, KEe, 93279.564255, MEe, 4.663978213e+00, E, -500.000000, NP, 20000 100000
135400, t, 2.080558e-05, KEe, 93463.871470, MEe, 4.673193574e+00, E, -500.000000, NP, 20000 100000
135500, t, 2.082094e-05, KEe, 93284.952123, MEe, 4.664247606e+00, E, -500.000000, NP, 20000 100000
135600, t, 2.083631e-05, KEe, 93241.086166, MEe, 4.662054308e+00, E, -500.000000, NP, 20000 100000
135700, t, 2.085167e-05, KEe, 93153.327136, MEe, 4.657666357e+00, E, -500.000000, NP, 20000 100000
135800, t, 2.086704e-05, KEe, 93403.284267, MEe, 4.670164213e+00, E, -500.000000, NP, 20000 100000
135900, t, 2.088241e-05, KEe, 93515.423210, MEe, 4.675771161e+00, E, -500.000000, NP, 20000 100000
136000, t, 2.089777e-05, KEe, 93457.553488, MEe, 4.672877674e+00, E, -500.000000, NP, 20000 100000
136100, t, 2.091314e-05, KEe, 93459.595695, MEe, 4.672979785e+00, E, -500.000000, NP, 20000 100000
136200, t, 2.092850e-05, KEe, 93316.675632, MEe, 4.665833782e+00, E, -500.000000, NP, 20000 100000
136300, t, 2.094387e-05, KEe, 93196.764992, MEe, 4.659838250e+00, E, -500.000000, NP, 20000 100000
136400, t, 2.095924e-05, KEe, 93272.817063, MEe, 4.663640853e+00, E, -500.000000, NP, 20000 100000
136500, t, 2.097460e-05, KEe, 93269.461455, MEe, 4.663473073e+00, E, -500.000000, NP, 20000 100000
136600, t, 2.098997e-05, KEe, 93109.726274, MEe, 4.655486314e+00, E, -500.000000, NP, 20000 100000
136700, t, 2.100533e-05, KEe, 93040.621906, MEe, 4.652031095e+00, E, -500.000000, NP, 20000 100000
136800, t, 2.102070e-05, KEe, 92964.885772, MEe, 4.648244289e+00, E, -500.000000, NP, 20000 100000
136900, t, 2.103607e-05, KEe, 92796.614508, MEe, 4.639830725e+00, E, -500.000000, NP, 20000 100000
137000, t, 2.105143e-05, KEe, 92813.071640, MEe, 4.640653582e+00, E, -500.000000, NP, 20000 100000
137100, t, 2.106680e-05, KEe, 92652.402560, MEe, 4.632620128e+00, E, -500.000000, NP, 20000 100000
137200, t, 2.108216e-05, KEe, 92835.650677, MEe, 4.641782534e+00, E, -500.000000, NP, 20000 100000
137300, t, 2.109753e-05, KEe, 92991.949335, MEe, 4.649597467e+00, E, -500.000000, NP, 20000 100000
137400, t, 2.111290e-05, KEe, 92965.899894, MEe, 4.648294995e+00, E, -500.000000, NP, 20000 100000
137500, t, 2.112826e-05, KEe, 92857.280999, MEe, 4.642864050e+00, E, -500.000000, NP, 20000 100000
137600, t, 2.114363e-05, KEe, 92764.715825, MEe, 4.638235791e+00, E, -500.000000, NP, 20000 100000
137700, t, 2.115899e-05, KEe, 92653.188348, MEe, 4.632659417e+00, E, -500.000000, NP, 20000 100000
137800, t, 2.117436e-05, KEe, 92757.374221, MEe, 4.637868711e+00, E, -500.000000, NP, 20000 100000
137900, t, 2.118973e-05, KEe, 92759.039305, MEe, 4.637951965e+00, E, -500.000000, NP, 20000 100000
138000, t, 2.120509e-05, KEe, 92727.213459, MEe, 4.636360673e+00, E, -500.000000, NP, 20000 100000
138100, t, 2.122046e-05, KEe, 92561.840627, MEe, 4.628092031e+00, E, -500.000000, NP, 20000 100000
138200, t, 2.123582e-05, KEe, 92593.582421, MEe, 4.629679121e+00, E, -500.000000, NP, 20000 100000
138300, t, 2.125119e-05, KEe, 92806.632282, MEe, 4.640331614e+00, E, -500.000000, NP, 20000 100000
138400, t, 2.126656e-05, KEe, 92772.401118, MEe, 4.638620056e+00, E, -500.000000, NP, 20000 100000
138500, t, 2.128192e-05, KEe, 92544.740709, MEe, 4.627237035e+00, E, -500.000000, NP, 20000 100000
138600, t, 2.129729e-05, KEe, 92509.152801, MEe, 4.625457640e+00, E, -500.000000, NP, 20000 100000
138700, t, 2.131265e-05, KEe, 92655.659966, MEe, 4.632782998e+00, E, -500.000000, NP, 20000 100000
138800, t, 2.132802e-05, KEe, 92544.874762, MEe, 4.627243738e+00, E, -500.000000, NP, 20000 100000
138900, t, 2.134339e-05, KEe, 92679.823647, MEe, 4.633991182e+00, E, -500.000000, NP, 20000 100000
139000, t, 2.135875e-05, KEe, 92834.575589, MEe, 4.641728779e+00, E, -500.000000, NP, 20000 100000
139100, t, 2.137412e-05, KEe, 92840.559285, MEe, 4.642027964e+00, E, -500.000000, NP, 20000 100000
139200, t, 2.138948e-05, KEe, 92682.010822, MEe, 4.634100541e+00, E, -500.000000, NP, 20000 100000
139300, t, 2.140485e-05, KEe, 92779.784147, MEe, 4.638989207e+00, E, -500.000000, NP, 20000 100000
139400, t, 2.142022e-05, KEe, 92896.657685, MEe, 4.644832884e+00, E, -500.000000, NP, 20000 100000
139500, t, 2.143558e-05, KEe, 92836.423635, MEe, 4.641821182e+00, E, -500.000000, NP, 20000 100000
139600, t, 2.145095e-05, KEe, 92640.514165, MEe, 4.632025708e+00, E, -500.000000, NP, 20000 100000
139700, t, 2.146631e-05, KEe, 92773.866043, MEe, 4.638693302e+00, E, -500.000000, NP, 20000 100000
139800, t, 2.148168e-05, KEe, 92784.811218, MEe, 4.639240561e+00, E, -500.000000, NP, 20000 100000
139900, t, 2.149705e-05, KEe, 93001.462066, MEe, 4.650073103e+00, E, -500.000000, NP, 20000 100000
140000, t, 2.151241e-05, KEe, 93123.507496, MEe, 4.656175375e+00, E, -500.000000, NP, 20000 100000
140100, t, 2.152778e-05, KEe, 92989.622075, MEe, 4.649481104e+00, E, -500.000000, NP, 20000 100000
140200, t, 2.154314e-05, KEe, 92820.671890, MEe, 4.641033594e+00, E, -500.000000, NP, 20000 100000
140300, t, 2.155851e-05, KEe, 92892.994054, MEe, 4.644649703e+00, E, -500.000000, NP, 20000 100000
140400, t, 2.157388e-05, KEe, 92952.588728, MEe, 4.647629436e+00, E, -500.000000, NP, 20000 100000
140500, t, 2.158924e-05, KEe, 92948.884004, MEe, 4.647444200e+00, E, -500.000000, NP, 20000 100000
140600, t, 2.160461e-05, KEe, 93210.175502, MEe, 4.660508775e+00, E, -500.000000, NP, 20000 100000
140700, t, 2.161997e-05, KEe, 93243.886815, MEe, 4.662194341e+00, E, -500.000000, NP, 20000 100000
140800, t, 2.163534e-05, KEe, 93364.653446, MEe, 4.668232672e+00, E, -500.000000, NP, 20000 100000
140900, t, 2.165071e-05, KEe, 93319.228227, MEe, 4.665961411e+00, E, -500.000000, NP, 20000 100000
141000, t, 2.166607e-05, KEe, 93514.973511, MEe, 4.675748676e+00, E, -500.000000, NP, 20000 100000
141100, t, 2.168144e-05, KEe, 93484.882392, MEe, 4.674244120e+00, E, -500.000000, NP, 20000 100000
141200, t, 2.169680e-05, KEe, 93548.047618, MEe, 4.677402381e+00, E, -500.000000, NP, 20000 100000
141300, t, 2.171217e-05, KEe, 93569.243863, MEe, 4.678462193e+00, E, -500.000000, NP, 20000 100000
141400, t, 2.172754e-05, KEe, 93474.976430, MEe, 4.673748822e+00, E, -500.000000, NP, 20000 100000
141500, t, 2.174290e-05, KEe, 93499.467892, MEe, 4.674973395e+00, E, -500.000000, NP, 20000 100000
141600, t, 2.175827e-05, KEe, 93571.622979, MEe, 4.678581149e+00, E, -500.000000, NP, 20000 100000
141700, t, 2.177363e-05, KEe, 93556.658312, MEe, 4.677832916e+00, E, -500.000000, NP, 20000 100000
141800, t, 2.178900e-05, KEe, 93290.856396, MEe, 4.664542820e+00, E, -500.000000, NP, 20000 100000
141900, t, 2.180437e-05, KEe, 93506.050385, MEe, 4.675302519e+00, E, -500.000000, NP, 20000 100000
142000, t, 2.181973e-05, KEe, 93467.654486, MEe, 4.673382724e+00, E, -500.000000, NP, 20000 100000
142100, t, 2.183510e-05, KEe, 93514.742087, MEe, 4.675737104e+00, E, -500.000000, NP, 20000 100000
142200, t, 2.185046e-05, KEe, 93738.748930, MEe, 4.686937446e+00, E, -500.000000, NP, 20000 100000
142300, t, 2.186583e-05, KEe, 93772.262724, MEe, 4.688613136e+00, E, -500.000000, NP, 20000 100000
142400, t, 2.188120e-05, KEe, 93867.052838, MEe, 4.693352642e+00, E, -500.000000, NP, 20000 100000
142500, t, 2.189656e-05, KEe, 93787.473040, MEe, 4.689373652e+00, E, -500.000000, NP, 20000 100000
142600, t, 2.191193e-05, KEe, 93868.820006, MEe, 4.693441000e+00, E, -500.000000, NP, 20000 100000
142700, t, 2.192729e-05, KEe, 93887.215231, MEe, 4.694360762e+00, E, -500.000000, NP, 20000 100000
142800, t, 2.194266e-05, KEe, 93875.662313, MEe, 4.693783116e+00, E, -500.000000, NP, 20000 100000
142900, t, 2.195803e-05, KEe, 93949.348880, MEe, 4.697467444e+00, E, -500.000000, NP, 20000 100000
143000, t, 2.197339e-05, KEe, 93864.840791, MEe, 4.693242040e+00, E, -500.000000, NP, 20000 100000
143100, t, 2.198876e-05, KEe, 93717.058085, MEe, 4.685852904e+00, E, -500.000000, NP, 20000 100000
143200, t, 2.200412e-05, KEe, 93840.852391, MEe, 4.692042620e+00, E, -500.000000, NP, 20000 100000
143300, t, 2.201949e-05, KEe, 93774.985837, MEe, 4.688749292e+00, E, -500.000000, NP, 20000 100000
143400, t, 2.203486e-05, KEe, 93830.807221, MEe, 4.691540361e+00, E, -500.000000, NP, 20000 100000
143500, t, 2.205022e-05, KEe, 93894.931778, MEe, 4.694746589e+00, E, -500.000000, NP, 20000 100000
143600, t, 2.206559e-05, KEe, 94042.933516, MEe, 4.702146676e+00, E, -500.000000, NP, 20000 100000
143700, t, 2.208095e-05, KEe, 94120.810784, MEe, 4.706040539e+00, E, -500.000000, NP, 20000 100000
143800, t, 2.209632e-05, KEe, 94118.837890, MEe, 4.705941894e+00, E, -500.000000, NP, 20000 100000
143900, t, 2.211169e-05, KEe, 94080.210648, MEe, 4.704010532e+00, E, -500.000000, NP, 20000 100000
144000, t, 2.212705e-05, KEe, 93888.418697, MEe, 4.694420935e+00, E, -500.000000, NP, 20000 100000
144100, t, 2.214242e-05, KEe, 93689.931509, MEe, 4.684496575e+00, E, -500.000000, NP, 20000 100000
144200, t, 2.215778e-05, KEe, 93814.411394, MEe, 4.690720570e+00, E, -500.000000, NP, 20000 100000
144300, t, 2.217315e-05, KEe, 93934.354054, MEe, 4.696717703e+00, E, -500.000000, NP, 20000 100000
144400, t, 2.218852e-05, KEe, 93904.629897, MEe, 4.695231495e+00, E, -500.000000, NP, 20000 100000
144500, t, 2.220388e-05, KEe, 93852.139271, MEe, 4.692606964e+00, E, -500.000000, NP, 20000 100000
144600, t, 2.221925e-05, KEe, 93864.361277, MEe, 4.693218064e+00, E, -500.000000, NP, 20000 100000
144700, t, 2.223461e-05, KEe, 93763.126446, MEe, 4.688156322e+00, E, -500.000000, NP, 20000 100000
144800, t, 2.224998e-05, KEe, 93670.460945, MEe, 4.683523047e+00, E, -500.000000, NP, 20000 100000
144900, t, 2.226535e-05, KEe, 93576.408693, MEe, 4.678820435e+00, E, -500.000000, NP, 20000 100000
145000, t, 2.228071e-05, KEe, 93449.104823, MEe, 4.672455241e+00, E, -500.000000, NP, 20000 100000
145100, t, 2.229608e-05, KEe, 93420.353455, MEe, 4.671017673e+00, E, -500.000000, NP, 20000 100000
145200, t, 2.231144e-05, KEe, 93537.938393, MEe, 4.676896920e+00, E, -500.000000, NP, 20000 100000
145300, t, 2.232681e-05, KEe, 93569.643247, MEe, 4.678482162e+00, E, -500.000000, NP, 20000 100000
145400, t, 2.234218e-05, KEe, 93737.082341, MEe, 4.686854117e+00, E, -500.000000, NP, 20000 100000
145500, t, 2.235754e-05, KEe, 93827.494757, MEe, 4.691374738e+00, E, -500.000000, NP, 20000 100000
145600, t, 2.237291e-05, KEe, 93976.299123, MEe, 4.698814956e+00, E, -500.000000, NP, 20000 100000
145700, t, 2.238827e-05, KEe, 93992.279789, MEe, 4.699613989e+00, E, -500.000000, NP, 20000 100000
145800, t, 2.240364e-05, KEe, 93869.780830, MEe, 4.693489041e+00, E, -500.000000, NP, 20000 100000
145900, t, 2.241901e-05, KEe, 93814.535586, MEe, 4.690726779e+00, E, -500.000000, NP, 20000 100000
146000, t, 2.243437e-05, KEe, 93856.642244, MEe, 4.692832112e+00, E, -500.000000, NP, 20000 100000
146100, t, 2.244974e-05, KEe, 93936.454374, MEe, 4.696822719e+00, E, -500.000000, NP, 20000 100000
146200, t, 2.246510e-05, KEe, 93903.021197, MEe, 4.695151060e+00, E, -500.000000, NP, 20000 100000
146300, t, 2.248047e-05, KEe, 93751.382467, MEe, 4.687569123e+00, E, -500.000000, NP, 20000 100000
146400, t, 2.249584e-05, KEe, 93765.728385, MEe, 4.688286419e+00, E, -500.000000, NP, 20000 100000
146500, t, 2.251120e-05, KEe, 93659.723528, MEe, 4.682986176e+00, E, -500.000000, NP, 20000 100000
146600, t, 2.252657e-05, KEe, 93605.883390, MEe, 4.680294169e+00, E, -500.000000, NP, 20000 100000
146700, t, 2.254193e-05, KEe, 93436.899665, MEe, 4.671844983e+00, E, -500.000000, NP, 20000 100000
146800, t, 2.255730e-05, KEe, 93527.792929, MEe, 4.676389646e+00, E, -500.000000, NP, 20000 100000
146900, t, 2.257267e-05, KEe, 93415.212877, MEe, 4.670760644e+00, E, -500.000000, NP, 20000 100000
147000, t, 2.258803e-05, KEe, 93473.065043, MEe, 4.673653252e+00, E, -500.000000, NP, 20000 100000
147100, t, 2.260340e-05, KEe, 93548.928169, MEe, 4.677446408e+00, E, -500.000000, NP, 20000 100000
147200, t, 2.261876e-05, KEe, 93553.767374, MEe, 4.677688369e+00, E, -500.000000, NP, 20000 100000
147300, t, 2.263413e-05, KEe, 93837.413073, MEe, 4.691870654e+00, E, -500.000000, NP, 20000 100000
147400, t, 2.264950e-05, KEe, 93932.128657, MEe, 4.696606433e+00, E, -500.000000, NP, 20000 100000
147500, t, 2.266486e-05, KEe, 93832.162359, MEe, 4.691608118e+00, E, -500.000000, NP, 20000 100000
147600, t, 2.268023e-05, KEe, 93697.993502, MEe, 4.684899675e+00, E, -500.000000, NP, 20000 100000
147700, t, 2.269559e-05, KEe, 93853.939627, MEe, 4.692696981e+00, E, -500.000000, NP, 20000 100000
147800, t, 2.271096e-05, KEe, 94084.348817, MEe, 4.704217441e+00, E, -500.000000, NP, 20000 100000
147900, t, 2.272633e-05, KEe, 93999.335969, MEe, 4.699966798e+00, E, -500.000000, NP, 20000 100000
148000, t, 2.274169e-05, KEe, 93931.569962, MEe, 4.696578498e+00, E, -500.000000, NP, 20000 100000
148100, t, 2.275706e-05, KEe, 93936.033933, MEe, 4.696801697e+00, E, -500.000000, NP, 20000 100000
148200, t, 2.277242e-05, KEe, 93981.234610, MEe, 4.699061730e+00, E, -500.000000, NP, 20000 100000
148300, t, 2.278779e-05, KEe, 93685.384161, MEe, 4.684269208e+00, E, -500.000000, NP, 20000 100000
148400, t, 2.280316e-05, KEe, 93625.595397, MEe, 4.681279770e+00, E, -500.000000, NP, 20000 100000
148500, t, 2.281852e-05, KEe, 93705.469291, MEe, 4.685273465e+00, E, -500.000000, NP, 20000 100000
148600, t, 2.283389e-05, KEe, 93830.411695, MEe, 4.691520585e+00, E, -500.000000, NP, 20000 100000
148700, t, 2.284925e-05, KEe, 93683.227254, MEe, 4.684161363e+00, E, -500.000000, NP, 20000 100000
148800, t, 2.286462e-05, KEe, 93668.039849, MEe, 4.683401992e+00, E, -500.000000, NP, 20000 100000
148900, t, 2.287999e-05, KEe, 93510.257913, MEe, 4.675512896e+00, E, -500.000000, NP, 20000 100000
149000, t, 2.289535e-05, KEe, 93393.109811, MEe, 4.669655491e+00, E, -500.000000, NP, 20000 100000
149100, t, 2.291072e-05, KEe, 93692.518004, MEe, 4.684625900e+00, E, -500.000000, NP, 20000 100000
149200, t, 2.292608e-05, KEe, 93759.670288, MEe, 4.687983514e+00, E, -500.000000, NP, 20000 100000
149300, t, 2.294145e-05, KEe, 93724.202763, MEe, 4.686210138e+00, E, -500.000000, NP, 20000 100000
149400, t, 2.295682e-05, KEe, 93888.894437, MEe, 4.694444722e+00, E, -500.000000, NP, 20000 100000
149500, t, 2.297218e-05, KEe, 93929.374834, MEe, 4.696468742e+00, E, -500.000000, NP, 20000 100000
149600, t, 2.298755e-05, KEe, 94252.127794, MEe, 4.712606390e+00, E, -500.000000, NP, 20000 100000
149700, t, 2.300291e-05, KEe, 94390.421177, MEe, 4.719521059e+00, E, -500.000000, NP, 20000 100000
149800, t, 2.301828e-05, KEe, 94393.035033, MEe, 4.719651752e+00, E, -500.000000, NP, 20000 100000
149900, t, 2.303365e-05, KEe, 94360.090951, MEe, 4.718004548e+00, E, -500.000000, NP, 20000 100000
150000, t, 2.304901e-05, KEe, 94199.661111, MEe, 4.709983056e+00, E, -500.000000, NP, 20000 100000
150100, t, 2.306438e-05, KEe, 94100.645242, MEe, 4.705032262e+00, E, -500.000000, NP, 20000 100000
150200, t, 2.307974e-05, KEe, 94028.795344, MEe, 4.701439767e+00, E, -500.000000, NP, 20000 100000
150300, t, 2.309511e-05, KEe, 94107.241645, MEe, 4.705362082e+00, E, -500.000000, NP, 20000 100000
150400, t, 2.311048e-05, KEe, 93907.132219, MEe, 4.695356611e+00, E, -500.000000, NP, 20000 100000
150500, t, 2.312584e-05, KEe, 93982.513628, MEe, 4.699125681e+00, E, -500.000000, NP, 20000 100000
150600, t, 2.314121e-05, KEe, 93886.264684, MEe, 4.694313234e+00, E, -500.000000, NP, 20000 100000
150700, t, 2.315657e-05, KEe, 93646.706634, MEe, 4.682335332e+00, E, -500.000000, NP, 20000 100000
150800, t, 2.317194e-05, KEe, 93281.276038, MEe, 4.664063802e+00, E, -500.000000, NP, 20000 100000
150900, t, 2.318731e-05, KEe, 93299.821050, MEe, 4.664991052e+00, E, -500.000000, NP, 20000 100000
151000, t, 2.320267e-05, KEe, 93408.513362, MEe, 4.670425668e+00, E, -500.000000, NP, 20000 100000
151100, t, 2.321804e-05, KEe, 93190.126928, MEe, 4.659506346e+00, E, -500.000000, NP, 20000 100000
151200, t, 2.323340e-05, KEe, 93149.540325, MEe, 4.657477016e+00, E, -500.000000, NP, 20000 100000
151300, t, 2.324877e-05, KEe, 93236.813290, MEe, 4.661840664e+00, E, -500.000000, NP, 20000 100000
151400, t, 2.326414e-05, KEe, 93342.119475, MEe, 4.667105974e+00, E, -500.000000, NP, 20000 100000
151500, t, 2.327950e-05, KEe, 93165.701076, MEe, 4.658285054e+00, E, -500.000000, NP, 20000 100000
151600, t, 2.329487e-05, KEe, 93390.321054, MEe, 4.669516053e+00, E, -500.000000, NP, 20000 100000
151700, t, 2.331023e-05, KEe, 93390.523796, MEe, 4.669526190e+00, E, -500.000000, NP, 20000 100000
151800, t, 2.332560e-05, KEe, 93295.038802, MEe, 4.664751940e+00, E, -500.000000, NP, 20000 100000
151900, t, 2.334097e-05, KEe, 93377.154991, MEe, 4.668857750e+00, E, -500.000000, NP, 20000 100000
152000, t, 2.335633e-05, KEe, 93605.688269, MEe, 4.680284413e+00, E, -500.000000, NP, 20000 100000
152100, t, 2.337170e-05, KEe, 93502.626719, MEe, 4.675131336e+00, E, -500.000000, NP, 20000 100000
152200, t, 2.338706e-05, KEe, 93693.740413, MEe, 4.684687021e+00, E, -500.000000, NP, 20000 100000
152300, t, 2.340243e-05, KEe, 93626.336521, MEe, 4.681316826e+00, E, -500.000000, NP, 20000 100000
152400, t, 2.341780e-05, KEe, 93682.381044, MEe, 4.684119052e+00, E, -500.000000, NP, 20000 100000
152500, t, 2.343316e-05, KEe, 93564.097731, MEe, 4.678204887e+00, E, -500.000000, NP, 20000 100000
152600, t, 2.344853e-05, KEe, 93645.421400, MEe, 4.682271070e+00, E, -500.000000, NP, 20000 100000
152700, t, 2.346389e-05, KEe, 93697.765981, MEe, 4.684888299e+00, E, -500.000000, NP, 20000 100000
152800, t, 2.347926e-05, KEe, 93544.845995, MEe, 4.677242300e+00, E, -500.000000, NP, 20000 100000
152900, t, 2.349463e-05, KEe, 93426.578794, MEe, 4.671328940e+00, E, -500.000000, NP, 20000 100000
153000, t, 2.350999e-05, KEe, 93247.129940, MEe, 4.662356497e+00, E, -500.000000, NP, 20000 100000
153100, t, 2.352536e-05, KEe, 93340.825055, MEe, 4.667041253e+00, E, -500.000000, NP, 20000 100000
153200, t, 2.354072e-05, KEe, 93251.593290, MEe, 4.662579664e+00, E, -500.000000, NP, 20000 100000
153300, t, 2.355609e-05, KEe, 93447.937821, MEe, 4.672396891e+00, E, -500.000000, NP, 20000 100000
153400, t, 2.357146e-05, KEe, 93447.620987, MEe, 4.672381049e+00, E, -500.000000, NP, 20000 100000
153500, t, 2.358682e-05, KEe, 93475.865729, MEe, 4.673793286e+00, E, -500.000000, NP, 20000 100000
153600, t, 2.360219e-05, KEe, 93380.480918, MEe, 4.669024046e+00, E, -500.000000, NP, 20000 100000
153700, t, 2.361755e-05, KEe, 93216.764346, MEe, 4.660838217e+00, E, -500.000000, NP, 20000 100000
153800, t, 2.363292e-05, KEe, 93329.303590, MEe, 4.666465180e+00, E, -500.000000, NP, 20000 100000
153900, t, 2.364829e-05, KEe, 93319.188991, MEe, 4.665959450e+00, E, -500.000000, NP, 20000 100000
154000, t, 2.366365e-05, KEe, 93119.698252, MEe, 4.655984913e+00, E, -500.000000, NP, 20000 100000
154100, t, 2.367902e-05, KEe, 93141.112997, MEe, 4.657055650e+00, E, -500.000000, NP, 20000 100000
154200, t, 2.369438e-05, KEe, 93270.809948, MEe, 4.663540497e+00, E, -500.000000, NP, 20000 100000
154300, t, 2.370975e-05, KEe, 93161.146406, MEe, 4.658057320e+00, E, -500.000000, NP, 20000 100000
154400, t, 2.372512e-05, KEe, 93191.716609, MEe, 4.659585830e+00, E, -500.000000, NP, 20000 100000
154500, t, 2.374048e-05, KEe, 93392.877654, MEe, 4.669643883e+00, E, -500.000000, NP, 20000 100000
154600, t, 2.375585e-05, KEe, 93084.033498, MEe, 4.654201675e+00, E, -500.000000, NP, 20000 100000
154700, t, 2.377121e-05, KEe, 93169.720367, MEe, 4.658486018e+00, E, -500.000000, NP, 20000 100000
154800, t, 2.378658e-05, KEe, 93000.875181, MEe, 4.650043759e+00, E, -500.000000, NP, 20000 100000
154900, t, 2.380195e-05, KEe, 92877.410936, MEe, 4.643870547e+00, E, -500.000000, NP, 20000 100000
155000, t, 2.381731e-05, KEe, 92839.519265, MEe, 4.641975963e+00, E, -500.000000, NP, 20000 100000
155100, t, 2.383268e-05, KEe, 92818.657071, MEe, 4.640932854e+00, E, -500.000000, NP, 20000 100000
155200, t, 2.384804e-05, KEe, 92712.709698, MEe, 4.635635485e+00, E, -500.000000, NP, 20000 100000
155300, t, 2.386341e-05, KEe, 92869.358459, MEe, 4.643467923e+00, E, -500.000000, NP, 20000 100000
155400, t, 2.387878e-05, KEe, 92738.158944, MEe, 4.636907947e+00, E, -500.000000, NP, 20000 100000
155500, t, 2.389414e-05, KEe, 92848.734114, MEe, 4.642436706e+00, E, -500.000000, NP, 20000 100000
155600, t, 2.390951e-05, KEe, 92834.179869, MEe, 4.641708993e+00, E, -500.000000, NP, 20000 100000
155700, t, 2.392487e-05, KEe, 92957.355953, MEe, 4.647867798e+00, E, -500.000000, NP, 20000 100000
155800, t, 2.394024e-05, KEe, 93128.484288, MEe, 4.656424214e+00, E, -500.000000, NP, 20000 100000
155900, t, 2.395561e-05, KEe, 93163.455844, MEe, 4.658172792e+00, E, -500.000000, NP, 20000 100000
156000, t, 2.397097e-05, KEe, 93022.931202, MEe, 4.651146560e+00, E, -500.000000, NP, 20000 100000
156100, t, 2.398634e-05, KEe, 92953.320667, MEe, 4.647666033e+00, E, -500.000000, NP, 20000 100000
156200, t, 2.400170e-05, KEe, 92838.504364, MEe, 4.641925218e+00, E, -500.000000, NP, 20000 100000
156300, t, 2.401707e-05, KEe, 92722.095534, MEe, 4.636104777e+00, E, -500.000000, NP, 20000 100000
156400, t, 2.403244e-05, KEe, 92639.716090, MEe, 4.631985804e+00, E, -500.000000, NP, 20000 100000
156500, t, 2.404780e-05, KEe, 92637.288803, MEe, 4.631864440e+00, E, -500.000000, NP, 20000 100000
156600, t, 2.406317e-05, KEe, 92758.431272, MEe, 4.637921564e+00, E, -500.000000, NP, 20000 100000
156700, t, 2.407853e-05, KEe, 92748.637371, MEe, 4.637431869e+00, E, -500.000000, NP, 20000 100000
156800, t, 2.409390e-05, KEe, 92768.143711, MEe, 4.638407186e+00, E, -500.000000, NP, 20000 100000
156900, t, 2.410927e-05, KEe, 92641.838459, MEe, 4.632091923e+00, E, -500.000000, NP, 20000 100000
157000, t, 2.412463e-05, KEe, 92674.880127, MEe, 4.633744006e+00, E, -500.000000, NP, 20000 100000
157100, t, 2.414000e-05, KEe, 92656.285801, MEe, 4.632814290e+00, E, -500.000000, NP, 20000 100000
157200, t, 2.415536e-05, KEe, 92445.102770, MEe, 4.622255138e+00, E, -500.000000, NP, 20000 100000
157300, t, 2.417073e-05, KEe, 92484.204322, MEe, 4.624210216e+00, E, -500.000000, NP, 20000 100000
157400, t, 2.418610e-05, KEe, 92520.932634, MEe, 4.626046632e+00, E, -500.000000, NP, 20000 100000
157500, t, 2.420146e-05, KEe, 92650.950959, MEe, 4.632547548e+00, E, -500.000000, NP, 20000 100000
157600, t, 2.421683e-05, KEe, 92763.624511, MEe, 4.638181226e+00, E, -500.000000, NP, 20000 100000
157700, t, 2.423219e-05, KEe, 92647.448067, MEe, 4.632372403e+00, E, -500.000000, NP, 20000 100000
157800, t, 2.424756e-05, KEe, 92939.871224, MEe, 4.646993561e+00, E, -500.000000, NP, 20000 100000
157900, t, 2.426293e-05, KEe, 92841.956406, MEe, 4.642097820e+00, E, -500.000000, NP, 20000 100000
158000, t, 2.427829e-05, KEe, 92980.822863, MEe, 4.649041143e+00, E, -500.000000, NP, 20000 100000
158100, t, 2.429366e-05, KEe, 92970.060590, MEe, 4.648503030e+00, E, -500.000000, NP, 20000 100000
158200, t, 2.430902e-05, KEe, 92957.135690, MEe, 4.647856784e+00, E, -500.000000, NP, 20000 100000
158300, t, 2.432439e-05, KEe, 92869.503988, MEe, 4.643475199e+00, E, -500.000000, NP, 20000 100000
158400, t, 2.433976e-05, KEe, 92917.453782, MEe, 4.645872689e+00, E, -500.000000, NP, 20000 100000
158500, t, 2.435512e-05, KEe, 92882.992884, MEe, 4.644149644e+00, E, -500.000000, NP, 20000 100000
158600, t, 2.437049e-05, KEe, 92881.515856, MEe, 4.644075793e+00, E, -500.000000, NP, 20000 100000
158700, t, 2.438585e-05, KEe, 92883.975980, MEe, 4.644198799e+00, E, -500.000000, NP, 20000 100000
158800, t, 2.440122e-05, KEe, 93044.612666, MEe, 4.652230633e+00, E, -500.000000, NP, 20000 100000
158900, t, 2.441659e-05, KEe, 93223.762959, MEe, 4.661188148e+00, E, -500.000000, NP, 20000 100000
159000, t, 2.443195e-05, KEe, 93137.781004, MEe, 4.656889050e+00, E, -500.000000, NP, 20000 100000
159100, t, 2.444732e-05, KEe, 93172.433237, MEe, 4.658621662e+00, E, -500.000000, NP, 20000 100000
159200, t, 2.446269e-05, KEe, 93139.265133, MEe, 4.656963257e+00, E, -500.000000, NP, 20000 100000
159300, t, 2.447805e-05, KEe, 93230.806700, MEe, 4.661540335e+00, E, -500.000000, NP, 20000 100000
159400, t, 2.449342e-05, KEe, 93264.574413, MEe, 4.663228721e+00, E, -500.000000, NP, 20000 100000
159500, t, 2.450878e-05, KEe, 93294.213557, MEe, 4.664710678e+00, E, -500.000000, NP, 20000 100000
159600, t, 2.452415e-05, KEe, 93318.520820, MEe, 4.665926041e+00, E, -500.000000, NP, 20000 100000
159700, t, 2.453952e-05, KEe, 93435.264054, MEe, 4.671763203e+00, E, -500.000000, NP, 20000 100000
159800, t, 2.455488e-05, KEe, 93250.600368, MEe, 4.662530018e+00, E, -500.000000, NP, 20000 100000
159900, t, 2.457025e-05, KEe, 93347.181538, MEe, 4.667359077e+00, E, -500.000000, NP, 20000 100000
160000, t, 2.458561e-05, KEe, 93381.913102, MEe, 4.669095655e+00, E, -500.000000, NP, 20000 100000
160100, t, 2.460098e-05, KEe, 92976.520311, MEe, 4.648826016e+00, E, -500.000000, NP, 20000 100000
160200, t, 2.461635e-05, KEe, 92988.227637, MEe, 4.649411382e+00, E, -500.000000, NP, 20000 100000
160300, t, 2.463171e-05, KEe, 92774.777393, MEe, 4.638738870e+00, E, -500.000000, NP, 20000 100000
160400, t, 2.464708e-05, KEe, 92791.547558, MEe, 4.639577378e+00, E, -500.000000, NP, 20000 100000
160500, t, 2.466244e-05, KEe, 92842.373839, MEe, 4.642118692e+00, E, -500.000000, NP, 20000 100000
160600, t, 2.467781e-05, KEe, 92803.088785, MEe, 4.640154439e+00, E, -500.000000, NP, 20000 100000
160700, t, 2.469318e-05, KEe, 92610.690178, MEe, 4.630534509e+00, E, -500.000000, NP, 20000 100000
160800, t, 2.470854e-05, KEe, 92755.688617, MEe, 4.637784431e+00, E, -500.000000, NP, 20000 100000
160900, t, 2.472391e-05, KEe, 92861.730511, MEe, 4.643086526e+00, E, -500.000000, NP, 20000 100000
161000, t, 2.473927e-05, KEe, 92861.063807, MEe, 4.643053190e+00, E, -500.000000, NP, 20000 100000
161100, t, 2.475464e-05, KEe, 92857.440248, MEe, 4.642872012e+00, E, -500.000000, NP, 20000 100000
161200, t, 2.477001e-05, KEe, 92796.944439, MEe, 4.639847222e+00, E, -500.000000, NP, 20000 100000
161300, t, 2.478537e-05, KEe, 92975.440994, MEe, 4.648772050e+00, E, -500.000000, NP, 20000 100000
161400, t, 2.480074e-05, KEe, 92811.785971, MEe, 4.640589299e+00, E, -500.000000, NP, 20000 100000
161500, t, 2.481610e-05, KEe, 92563.439586, MEe, 4.628171979e+00, E, -500.000000, NP, 20000 100000
161600, t, 2.483147e-05, KEe, 92654.399915, MEe, 4.632719996e+00, E, -500.000000, NP, 20000 100000
161700, t, 2.484684e-05, KEe, 92730.191232, MEe, 4.636509562e+00, E, -500.000000, NP, 20000 100000
161800, t, 2.486220e-05, KEe, 92623.496666, MEe, 4.631174833e+00, E, -500.000000, NP, 20000 100000
161900, t, 2.487757e-05, KEe, 92589.732558, MEe, 4.629486628e+00, E, -500.000000, NP, 20000 100000
162000, t, 2.489293e-05, KEe, 92640.788556, MEe, 4.632039428e+00, E, -500.000000, NP, 20000 100000
162100, t, 2.490830e-05, KEe, 92574.615439, MEe, 4.628730772e+00, E, -500.000000, NP, 20000 100000
162200, t, 2.492367e-05, KEe, 92586.896279, MEe, 4.629344814e+00, E, -500.000000, NP, 20000 100000
162300, t, 2.493903e-05, KEe, 92448.317394, MEe, 4.622415870e+00, E, -500.000000, NP, 20000 100000
162400, t, 2.495440e-05, KEe, 92788.439312, MEe, 4.639421966e+00, E, -500.000000, NP, 20000 100000
162500, t, 2.496976e-05, KEe, 92718.597194, MEe, 4.635929860e+00, E, -500.000000, NP, 20000 100000
162600, t, 2.498513e-05, KEe, 92957.685046, MEe, 4.647884252e+00, E, -500.000000, NP, 20000 100000
162700, t, 2.500050e-05, KEe, 92894.275204, MEe, 4.644713760e+00, E, -500.000000, NP, 20000 100000
162800, t, 2.501586e-05, KEe, 92991.315617, MEe, 4.649565781e+00, E, -500.000000, NP, 20000 100000
162900, t, 2.503123e-05, KEe, 92768.790371, MEe, 4.638439519e+00, E, -500.000000, NP, 20000 100000
163000, t, 2.504659e-05, KEe, 93067.555302, MEe, 4.653377765e+00, E, -500.000000, NP, 20000 100000
163100, t, 2.506196e-05, KEe, 92832.308793, MEe, 4.641615440e+00, E, -500.000000, NP, 20000 100000
163200, t, 2.507733e-05, KEe, 92977.946723, MEe, 4.648897336e+00, E, -500.000000, NP, 20000 100000
163300, t, 2.509269e-05, KEe, 93132.977618, MEe, 4.656648881e+00, E, -500.000000, NP, 20000 100000
163400, t, 2.510806e-05, KEe, 93137.426477, MEe, 4.656871324e+00, E, -500.000000, NP, 20000 100000
163500, t, 2.512342e-05, KEe, 93259.205879, MEe, 4.662960294e+00, E, -500.000000, NP, 20000 100000
163600, t, 2.513879e-05, KEe, 93047.216984, MEe, 4.652360849e+00, E, -500.000000, NP, 20000 100000
163700, t, 2.515416e-05, KEe, 93057.629736, MEe, 4.652881487e+00, E, -500.000000, NP, 20000 100000
163800, t, 2.516952e-05, KEe, 93139.994985, MEe, 4.656999749e+00, E, -500.000000, NP, 20000 100000
163900, t, 2.518489e-05, KEe, 93066.722334, MEe, 4.653336117e+00, E, -500.000000, NP, 20000 100000
164000, t, 2.520025e-05, KEe, 93210.624491, MEe, 4.660531225e+00, E, -500.000000, NP, 20000 100000
164100, t, 2.521562e-05, KEe, 93190.011034, MEe, 4.659500552e+00, E, -500.000000, NP, 20000 100000
164200, t, 2.523099e-05, KEe, 93122.983129, MEe, 4.656149156e+00, E, -500.000000, NP, 20000 100000
164300, t, 2.524635e-05, KEe, 92887.640485, MEe, 4.644382024e+00, E, -500.000000, NP, 20000 100000
164400, t, 2.526172e-05, KEe, 93044.850482, MEe, 4.652242524e+00, E, -500.000000, NP, 20000 100000
164500, t, 2.527708e-05, KEe, 93109.852278, MEe, 4.655492614e+00, E, -500.000000, NP, 20000 100000
164600, t, 2.529245e-05, KEe, 93474.228999, MEe, 4.673711450e+00, E, -500.000000, NP, 20000 100000
164700, t, 2.530782e-05, KEe, 93540.723772, MEe, 4.677036189e+00, E, -500.000000, NP, 20000 100000
164800, t, 2.532318e-05, KEe, 93472.965379, MEe, 4.673648269e+00, E, -500.000000, NP, 20000 100000
164900, t, 2.533855e-05, KEe, 93324.585883, MEe, 4.666229294e+00, E, -500.000000, NP, 20000 100000
165000, t, 2.535391e-05, KEe, 93409.749114, MEe, 4.670487456e+00, E, -500.000000, NP, 20000 100000
165100, t, 2.536928e-05, KEe, 93517.922175, MEe, 4.675896109e+00, E, -500.000000, NP, 20000 100000
165200, t, 2.538465e-05, KEe, 93691.976242, MEe, 4.684598812e+00, E, -500.000000, NP, 20000 100000
165300, t, 2.540001e-05, KEe, 93877.670943, MEe, 4.693883547e+00, E, -500.000000, NP, 20000 100000
165400, t, 2.541538e-05, KEe, 93935.718703, MEe, 4.696785935e+00, E, -500.000000, NP, 20000 100000
165500, t, 2.543074e-05, KEe, 93705.173606, MEe, 4.685258680e+00, E, -500.000000, NP, 20000 100000
165600, t, 2.544611e-05, KEe, 93799.810182, MEe, 4.689990509e+00, E, -500.000000, NP, 20000 100000
165700, t, 2.546148e-05, KEe, 93631.863185, MEe, 4.681593159e+00, E, -500.000000, NP, 20000 100000
165800, t, 2.547684e-05, KEe, 93505.637110, MEe, 4.675281856e+00, E, -500.000000, NP, 20000 100000
165900, t, 2.549221e-05, KEe, 93366.467964, MEe, 4.668323398e+00, E, -500.000000, NP, 20000 100000
166000, t, 2.550757e-05, KEe, 93372.831338, MEe, 4.668641567e+00, E, -500.000000, NP, 20000 100000
166100, t, 2.552294e-05, KEe, 93301.340232, MEe, 4.665067012e+00, E, -500.000000, NP, 20000 100000
166200, t, 2.553831e-05, KEe, 93253.369065, MEe, 4.662668453e+00, E, -500.000000, NP, 20000 100000
166300, t, 2.555367e-05, KEe, 93202.269633, MEe, 4.660113482e+00, E, -500.000000, NP, 20000 100000
166400, t, 2.556904e-05, KEe, 93212.735600, MEe, 4.660636780e+00, E, -500.000000, NP, 20000 100000
166500, t, 2.558440e-05, KEe, 93337.682024, MEe, 4.666884101e+00, E, -500.000000, NP, 20000 100000
166600, t, 2.559977e-05, KEe, 92946.930873, MEe, 4.647346544e+00, E, -500.000000, NP, 20000 100000
166700, t, 2.561514e-05, KEe, 93084.625954, MEe, 4.654231298e+00, E, -500.000000, NP, 20000 100000
166800, t, 2.563050e-05, KEe, 92946.485157, MEe, 4.647324258e+00, E, -500.000000, NP, 20000 100000
166900, t, 2.564587e-05, KEe, 92728.255987, MEe, 4.636412799e+00, E, -500.000000, NP, 20000 100000
167000, t, 2.566123e-05, KEe, 92616.652221, MEe, 4.630832611e+00, E, -500.000000, NP, 20000 100000
167100, t, 2.567660e-05, KEe, 92569.075397, MEe, 4.628453770e+00, E, -500.000000, NP, 20000 100000
167200, t, 2.569197e-05, KEe, 92645.658703, MEe, 4.632282935e+00, E, -500.000000, NP, 20000 100000
167300, t, 2.570733e-05, KEe, 92681.589397, MEe, 4.634079470e+00, E, -500.000000, NP, 20000 100000
167400, t, 2.572270e-05, KEe, 92638.299989, MEe, 4.631914999e+00, E, -500.000000, NP, 20000 100000
167500, t, 2.573806e-05, KEe, 92804.813402, MEe, 4.640240670e+00, E, -500.000000, NP, 20000 100000
167600, t, 2.575343e-05, KEe, 92845.412683, MEe, 4.642270634e+00, E, -500.000000, NP, 20000 100000
167700, t, 2.576880e-05, KEe, 92836.531815, MEe, 4.641826591e+00, E, -500.000000, NP, 20000 100000
167800, t, 2.578416e-05, KEe, 92953.387081, MEe, 4.647669354e+00, E, -500.000000, NP, 20000 100000
167900, t, 2.579953e-05, KEe, 92977.350085, MEe, 4.648867504e+00, E, -500.000000, NP, 20000 100000
168000, t, 2.581489e-05, KEe, 93128.752479, MEe, 4.656437624e+00, E, -500.000000, NP, 20000 100000
168100, t, 2.583026e-05, KEe, 93086.765408, MEe, 4.654338270e+00, E, -500.000000, NP, 20000 100000
168200, t, 2.584563e-05, KEe, 93228.806404, MEe, 4.661440320e+00, E, -500.000000, NP, 20000 100000
168300, t, 2.586099e-05, KEe, 93155.397594, MEe, 4.657769880e+00, E, -500.000000, NP, 20000 100000
168400, t, 2.587636e-05, KEe, 93229.725945, MEe, 4.661486297e+00, E, -500.000000, NP, 20000 100000
168500, t, 2.589172e-05, KEe, 93083.834901, MEe, 4.654191745e+00, E, -500.000000, NP, 20000 100000
168600, t, 2.590709e-05, KEe, 93265.348427, MEe, 4.663267421e+00, E, -500.000000, NP, 20000 100000
168700, t, 2.592246e-05, KEe, 93293.521544, MEe, 4.664676077e+00, E, -500.000000, NP, 20000 100000
168800, t, 2.593782e-05, KEe, 93432.938446, MEe, 4.671646922e+00, E, -500.000000, NP, 20000 100000
168900, t, 2.595319e-05, KEe, 93506.883061, MEe, 4.675344153e+00, E, -500.000000, NP, 20000 100000
169000, t, 2.596855e-05, KEe, 93481.901744, MEe, 4.674095087e+00, E, -500.000000, NP, 20000 100000
169100, t, 2.598392e-05, KEe, 93488.397578, MEe, 4.674419879e+00, E, -500.000000, NP, 20000 100000
169200, t, 2.599929e-05, KEe, 93344.518722, MEe, 4.667225936e+00, E, -500.000000, NP, 20000 100000
169300, t, 2.601465e-05, KEe, 93111.820710, MEe, 4.655591036e+00, E, -500.000000, NP, 20000 100000
169400, t, 2.603002e-05, KEe, 93164.547683, MEe, 4.658227384e+00, E, -500.000000, NP, 20000 100000
169500, t, 2.604538e-05, KEe, 93136.097210, MEe, 4.656804860e+00, E, -500.000000, NP, 20000 100000
169600, t, 2.606075e-05, KEe, 93331.442464, MEe, 4.666572123e+00, E, -500.000000, NP, 20000 100000
169700, t, 2.607612e-05, KEe, 93387.133041, MEe, 4.669356652e+00, E, -500.000000, NP, 20000 100000
169800, t, 2.609148e-05, KEe, 93456.591605, MEe, 4.672829580e+00, E, -500.000000, NP, 20000 100000
169900, t, 2.610685e-05, KEe, 93297.084820, MEe, 4.664854241e+00, E, -500.000000, NP, 20000 100000
170000, t, 2.612221e-05, KEe, 93322.265484, MEe, 4.666113274e+00, E, -500.000000, NP, 20000 100000
170100, t, 2.613758e-05, KEe, 93202.319136, MEe, 4.660115957e+00, E, -500.000000, NP, 20000 100000
170200, t, 2.615295e-05, KEe, 93309.756716, MEe, 4.665487836e+00, E, -500.000000, NP, 20000 100000
170300, t, 2.616831e-05, KEe, 93101.309365, MEe, 4.655065468e+00, E, -500.000000, NP, 20000 100000
170400, t, 2.618368e-05, KEe, 93354.125412, MEe, 4.667706271e+00, E, -500.000000, NP, 20000 100000
170500, t, 2.619904e-05, KEe, 93117.486361, MEe, 4.655874318e+00, E, -500.000000, NP, 20000 100000
170600, t, 2.621441e-05, KEe, 92959.876028, MEe, 4.647993801e+00, E, -500.000000, NP, 20000 100000
170700, t, 2.622978e-05, KEe, 93184.932072, MEe, 4.659246604e+00, E, -500.000000, NP, 20000 100000
170800, t, 2.624514e-05, KEe, 92966.833969, MEe, 4.648341698e+00, E, -500.000000, NP, 20000 100000
170900, t, 2.626051e-05, KEe, 92993.761950, MEe, 4.649688097e+00, E, -500.000000, NP, 20000 100000
171000, t, 2.627587e-05, KEe, 93109.041253, MEe, 4.655452063e+00, E, -500.000000, NP, 20000 100000
171100, t, 2.629124e-05, KEe, 93284.641637, MEe, 4.664232082e+00, E, -500.000000, NP, 20000 100000
171200, t, 2.630661e-05, KEe, 93276.243035, MEe, 4.663812152e+00, E, -500.000000, NP, 20000 100000
171300, t, 2.632197e-05, KEe, 93170.032254, MEe, 4.658501613e+00, E, -500.000000, NP, 20000 100000
171400, t, 2.633734e-05, KEe, 93389.340207, MEe, 4.669467010e+00, E, -500.000000, NP, 20000 100000
171500, t, 2.635270e-05, KEe, 93458.646237, MEe, 4.672932312e+00, E, -500.000000, NP, 20000 100000
171600, t, 2.636807e-05, KEe, 93504.017704, MEe, 4.675200885e+00, E, -500.000000, NP, 20000 100000
171700, t, 2.638344e-05, KEe, 93348.027135, MEe, 4.667401357e+00, E, -500.000000, NP, 20000 100000
171800, t, 2.639880e-05, KEe, 93579.309116, MEe, 4.678965456e+00, E, -500.000000, NP, 20000 100000
171900, t, 2.641417e-05, KEe, 93461.559441, MEe, 4.673077972e+00, E, -500.000000, NP, 20000 100000
172000, t, 2.642953e-05, KEe, 93288.775592, MEe, 4.664438780e+00, E, -500.000000, NP, 20000 100000
172100, t, 2.644490e-05, KEe, 93299.849152, MEe, 4.664992458e+00, E, -500.000000, NP, 20000 100000
172200, t, 2.646027e-05, KEe, 93121.837880, MEe, 4.656091894e+00, E, -500.000000, NP, 20000 100000
172300, t, 2.647563e-05, KEe, 93347.866553, MEe, 4.667393328e+00, E, -500.000000, NP, 20000 100000
172400, t, 2.649100e-05, KEe, 93559.054756, MEe, 4.677952738e+00, E, -500.000000, NP, 20000 100000
172500, t, 2.650636e-05, KEe, 93797.284558, MEe, 4.689864228e+00, E, -500.000000, NP, 20000 100000
172600, t, 2.652173e-05, KEe, 93978.698210, MEe, 4.698934910e+00, E, -500.000000, NP, 20000 100000
172700, t, 2.653710e-05, KEe, 94009.421311, MEe, 4.700471066e+00, E, -500.000000, NP, 20000 100000
172800, t, 2.655246e-05, KEe, 93946.792497, MEe, 4.697339625e+00, E, -500.000000, NP, 20000 100000
172900, t, 2.656783e-05, KEe, 94203.356935, MEe, 4.710167847e+00, E, -500.000000, NP, 20000 100000
173000, t, 2.658319e-05, KEe, 93913.821577, MEe, 4.695691079e+00, E, -500.000000, NP, 20000 100000
173100, t, 2.659856e-05, KEe, 93736.660994, MEe, 4.686833050e+00, E, -500.000000, NP, 20000 100000
173200, t, 2.661393e-05, KEe, 93838.099790, MEe, 4.691904990e+00, E, -500.000000, NP, 20000 100000
173300, t, 2.662929e-05, KEe, 93723.960515, MEe, 4.686198026e+00, E, -500.000000, NP, 20000 100000
173400, t, 2.664466e-05, KEe, 93719.155877, MEe, 4.685957794e+00, E, -500.000000, NP, 20000 100000
173500, t, 2.666002e-05, KEe, 93504.638743, MEe, 4.675231937e+00, E, -500.000000, NP, 20000 100000
173600, t, 2.667539e-05, KEe, 93485.102402, MEe, 4.674255120e+00, E, -500.000000, NP, 20000 100000
173700, t, 2.669076e-05, KEe, 93494.142565, MEe, 4.674707128e+00, E, -500.000000, NP, 20000 100000
173800, t, 2.670612e-05, KEe, 93788.501105, MEe, 4.689425055e+00, E, -500.000000, NP, 20000 100000
173900, t, 2.672149e-05, KEe, 93877.858099, MEe, 4.693892905e+00, E, -500.000000, NP, 20000 100000
174000, t, 2.673685e-05, KEe, 93767.331457, MEe, 4.688366573e+00, E, -500.000000, NP, 20000 100000
174100, t, 2.675222e-05, KEe, 93845.196847, MEe, 4.692259842e+00, E, -500.000000, NP, 20000 100000
174200, t, 2.676759e-05, KEe, 93771.319565, MEe, 4.688565978e+00, E, -500.000000, NP, 20000 100000
174300, t, 2.678295e-05, KEe, 93835.708457, MEe, 4.691785423e+00, E, -500.000000, NP, 20000 100000
174400, t, 2.679832e-05, KEe, 93779.957761, MEe, 4.688997888e+00, E, -500.000000, NP, 20000 100000
174500, t, 2.681368e-05, KEe, 93861.642393, MEe, 4.693082120e+00, E, -500.000000, NP, 20000 100000
174600, t, 2.682905e-05, KEe, 94023.285081, MEe, 4.701164254e+00, E, -500.000000, NP, 20000 100000
174700, t, 2.684442e-05, KEe, 93843.413871, MEe, 4.692170694e+00, E, -500.000000, NP, 20000 100000
174800, t, 2.685978e-05, KEe, 93715.176689, MEe, 4.685758834e+00, E, -500.000000, NP, 20000 100000
174900, t, 2.687515e-05, KEe, 93652.102029, MEe, 4.682605101e+00, E, -500.000000, NP, 20000 100000
175000, t, 2.689051e-05, KEe, 93532.983465, MEe, 4.676649173e+00, E, -500.000000, NP, 20000 100000
175100, t, 2.690588e-05, KEe, 93530.682506, MEe, 4.676534125e+00, E, -500.000000, NP, 20000 100000
175200, t, 2.692125e-05, KEe, 93620.024218, MEe, 4.681001211e+00, E, -500.000000, NP, 20000 100000
175300, t, 2.693661e-05, KEe, 93515.103166, MEe, 4.675755158e+00, E, -500.000000, NP, 20000 100000
175400, t, 2.695198e-05, KEe, 93734.676250, MEe, 4.686733813e+00, E, -500.000000, NP, 20000 100000
175500, t, 2.696734e-05, KEe, 93593.293960, MEe, 4.679664698e+00, E, -500.000000, NP, 20000 100000
175600, t, 2.698271e-05, KEe, 93350.967509, MEe, 4.667548375e+00, E, -500.000000, NP, 20000 100000
175700, t, 2.699808e-05, KEe, 93404.305395, MEe, 4.670215270e+00, E, -500.000000, NP, 20000 100000
175800, t, 2.701344e-05, KEe, 93531.812809, MEe, 4.676590640e+00, E, -500.000000, NP, 20000 100000
175900, t, 2.702881e-05, KEe, 93479.491081, MEe, 4.673974554e+00, E, -500.000000, NP, 20000 100000
176000, t, 2.704417e-05, KEe, 93468.095388, MEe, 4.673404769e+00, E, -500.000000, NP, 20000 100000
176100, t, 2.705954e-05, KEe, 93548.096031, MEe, 4.677404802e+00, E, -500.000000, NP, 20000 100000
176200, t, 2.707491e-05, KEe, 93611.824501, MEe, 4.680591225e+00, E, -500.000000, NP, 20000 100000
176300, t, 2.709027e-05, KEe, 93472.341526, MEe, 4.673617076e+00, E, -500.000000, NP, 20000 100000
176400, t, 2.710564e-05, KEe, 93462.617097, MEe, 4.673130855e+00, E, -500.000000, NP, 20000 100000
176500, t, 2.712100e-05, KEe, 93261.285709, MEe, 4.663064285e+00, E, -500.000000, NP, 20000 100000
176600, t, 2.713637e-05, KEe, 93355.477442, MEe, 4.667773872e+00, E, -500.000000, NP, 20000 100000
176700, t, 2.715174e-05, KEe, 93278.125512, MEe, 4.663906276e+00, E, -500.000000, NP, 20000 100000
176800, t, 2.716710e-05, KEe, 93102.688357, MEe, 4.655134418e+00, E, -500.000000, NP, 20000 100000
176900, t, 2.718247e-05, KEe, 93107.355315, MEe, 4.655367766e+00, E, -500.000000, NP, 20000 100000
177000, t, 2.719783e-05, KEe, 93338.800914, MEe, 4.666940046e+00, E, -500.000000, NP, 20000 100000
177100, t, 2.721320e-05, KEe, 93315.499541, MEe, 4.665774977e+00, E, -500.000000, NP, 20000 100000
177200, t, 2.722857e-05, KEe, 93395.550320, MEe, 4.669777516e+00, E, -500.000000, NP, 20000 100000
177300, t, 2.724393e-05, KEe, 93214.963771, MEe, 4.660748189e+00, E, -500.000000, NP, 20000 100000
177400, t, 2.725930e-05, KEe, 93242.869994, MEe, 4.662143500e+00, E, -500.000000, NP, 20000 100000
177500, t, 2.727466e-05, KEe, 93201.191121, MEe, 4.660059556e+00, E, -500.000000, NP, 20000 100000
177600, t, 2.729003e-05, KEe, 93216.758180, MEe, 4.660837909e+00, E, -500.000000, NP, 20000 100000
177700, t, 2.730540e-05, KEe, 93479.310324, MEe, 4.673965516e+00, E, -500.000000, NP, 20000 100000
177800, t, 2.732076e-05, KEe, 93407.352989, MEe, 4.670367649e+00, E, -500.000000, NP, 20000 100000
177900, t, 2.733613e-05, KEe, 93551.711873, MEe, 4.677585594e+00, E, -500.000000, NP, 20000 100000
178000, t, 2.735149e-05, KEe, 93641.724881, MEe, 4.682086244e+00, E, -500.000000, NP, 20000 100000
178100, t, 2.736686e-05, KEe, 93916.519877, MEe, 4.695825994e+00, E, -500.000000, NP, 20000 100000
178200, t, 2.738223e-05, KEe, 93720.725271, MEe, 4.686036264e+00, E, -500.000000, NP, 20000 100000
178300, t, 2.739759e-05, KEe, 93597.693466, MEe, 4.679884673e+00, E, -500.000000, NP, 20000 100000
178400, t, 2.741296e-05, KEe, 93378.278590, MEe, 4.668913929e+00, E, -500.000000, NP, 20000 100000
178500, t, 2.742832e-05, KEe, 93269.896670, MEe, 4.663494834e+00, E, -500.000000, NP, 20000 100000
178600, t, 2.744369e-05, KEe, 93362.110564, MEe, 4.668105528e+00, E, -500.000000, NP, 20000 100000
178700, t, 2.745906e-05, KEe, 93375.219599, MEe, 4.668760980e+00, E, -500.000000, NP, 20000 100000
178800, t, 2.747442e-05, KEe, 93300.765982, MEe, 4.665038299e+00, E, -500.000000, NP, 20000 100000
178900, t, 2.748979e-05, KEe, 93375.947625, MEe, 4.668797381e+00, E, -500.000000, NP, 20000 100000
179000, t, 2.750515e-05, KEe, 93393.546710, MEe, 4.669677335e+00, E, -500.000000, NP, 20000 100000
179100, t, 2.752052e-05, KEe, 93553.371684, MEe, 4.677668584e+00, E, -500.000000, NP, 20000 100000
179200, t, 2.753589e-05, KEe, 93517.168750, MEe, 4.675858437e+00, E, -500.000000, NP, 20000 100000
179300, t, 2.755125e-05, KEe, 93306.360213, MEe, 4.665318011e+00, E, -500.000000, NP, 20000 100000
179400, t, 2.756662e-05, KEe, 93076.232882, MEe, 4.653811644e+00, E, -500.000000, NP, 20000 100000
179500, t, 2.758198e-05, KEe, 93100.677829, MEe, 4.655033891e+00, E, -500.000000, NP, 20000 100000
179600, t, 2.759735e-05, KEe, 93132.944112, MEe, 4.656647206e+00, E, -500.000000, NP, 20000 100000
179700, t, 2.761272e-05, KEe, 93092.567292, MEe, 4.654628365e+00, E, -500.000000, NP, 20000 100000
179800, t, 2.762808e-05, KEe, 93244.035475, MEe, 4.662201774e+00, E, -500.000000, NP, 20000 100000
179900, t, 2.764345e-05, KEe, 93082.240385, MEe, 4.654112019e+00, E, -500.000000, NP, 20000 100000
180000, t, 2.765881e-05, KEe, 93149.839996, MEe, 4.657492000e+00, E, -500.000000, NP, 20000 100000
180100, t, 2.767418e-05, KEe, 93083.245521, MEe, 4.654162276e+00, E, -500.000000, NP, 20000 100000
180200, t, 2.768955e-05, KEe, 93047.586294, MEe, 4.652379315e+00, E, -500.000000, NP, 20000 100000
180300, t, 2.770491e-05, KEe, 92960.299420, MEe, 4.648014971e+00, E, -500.000000, NP, 20000 100000
180400, t, 2.772028e-05, KEe, 93069.277488, MEe, 4.653463874e+00, E, -500.000000, NP, 20000 100000
180500, t, 2.773564e-05, KEe, 93232.154723, MEe, 4.661607736e+00, E, -500.000000, NP, 20000 100000
180600, t, 2.775101e-05, KEe, 93246.774964, MEe, 4.662338748e+00, E, -500.000000, NP, 20000 100000
180700, t, 2.776638e-05, KEe, 93218.161338, MEe, 4.660908067e+00, E, -500.000000, NP, 20000 100000
180800, t, 2.778174e-05, KEe, 93107.491455, MEe, 4.655374573e+00, E, -500.000000, NP, 20000 100000
180900, t, 2.779711e-05, KEe, 93142.674717, MEe, 4.657133736e+00, E, -500.000000, NP, 20000 100000
181000, t, 2.781247e-05, KEe, 92929.207705, MEe, 4.646460385e+00, E, -500.000000, NP, 20000 100000
181100, t, 2.782784e-05, KEe, 92968.254018, MEe, 4.648412701e+00, E, -500.000000, NP, 20000 100000
181200, t, 2.784321e-05, KEe, 93080.935268, MEe, 4.654046763e+00, E, -500.000000, NP, 20000 100000
181300, t, 2.785857e-05, KEe, 93253.763611, MEe, 4.662688181e+00, E, -500.000000, NP, 20000 100000
181400, t, 2.787394e-05, KEe, 93364.778430, MEe, 4.668238921e+00, E, -500.000000, NP, 20000 100000
181500, t, 2.788930e-05, KEe, 93503.390198, MEe, 4.675169510e+00, E, -500.000000, NP, 20000 100000
181600, t, 2.790467e-05, KEe, 93463.091252, MEe, 4.673154563e+00, E, -500.000000, NP, 20000 100000
181700, t, 2.792004e-05, KEe, 93517.452164, MEe, 4.675872608e+00, E, -500.000000, NP, 20000 100000
181800, t, 2.793540e-05, KEe, 93438.875388, MEe, 4.671943769e+00, E, -500.000000, NP, 20000 100000
181900, t, 2.795077e-05, KEe, 93407.255149, MEe, 4.670362757e+00, E, -500.000000, NP, 20000 100000
182000, t, 2.796613e-05, KEe, 93617.322789, MEe, 4.680866139e+00, E, -500.000000, NP, 20000 100000
182100, t, 2.798150e-05, KEe, 93472.396998, MEe, 4.673619850e+00, E, -500.000000, NP, 20000 100000
182200, t, 2.799687e-05, KEe, 93513.318595, MEe, 4.675665930e+00, E, -500.000000, NP, 20000 100000
182300, t, 2.801223e-05, KEe, 93510.376744, MEe, 4.675518837e+00, E, -500.000000, NP, 20000 100000
182400, t, 2.802760e-05, KEe, 93506.637156, MEe, 4.675331858e+00, E, -500.000000, NP, 20000 100000
182500, t, 2.804296e-05, KEe, 93540.498297, MEe, 4.677024915e+00, E, -500.000000, NP, 20000 100000
182600, t, 2.805833e-05, KEe, 93643.016496, MEe, 4.682150825e+00, E, -500.000000, NP, 20000 100000
182700, t, 2.807370e-05, KEe, 93550.957040, MEe, 4.677547852e+00, E, -500.000000, NP, 20000 100000
182800, t, 2.808906e-05, KEe, 93796.142539, MEe, 4.689807127e+00, E, -500.000000, NP, 20000 100000
182900, t, 2.810443e-05, KEe, 93609.433057, MEe, 4.680471653e+00, E, -500.000000, NP, 20000 100000
183000, t, 2.811979e-05, KEe, 93658.192257, MEe, 4.682909613e+00, E, -500.000000, NP, 20000 100000
183100, t, 2.813516e-05, KEe, 93624.782765, MEe, 4.681239138e+00, E, -500.000000, NP, 20000 100000
183200, t, 2.815053e-05, KEe, 93784.657957, MEe, 4.689232898e+00, E, -500.000000, NP, 20000 100000
183300, t, 2.816589e-05, KEe, 93741.398654, MEe, 4.687069933e+00, E, -500.000000, NP, 20000 100000
183400, t, 2.818126e-05, KEe, 93769.728848, MEe, 4.688486442e+00, E, -500.000000, NP, 20000 100000
183500, t, 2.819663e-05, KEe, 93795.939819, MEe, 4.689796991e+00, E, -500.000000, NP, 20000 100000
183600, t, 2.821199e-05, KEe, 93680.756188, MEe, 4.684037809e+00, E, -500.000000, NP, 20000 100000
183700, t, 2.822736e-05, KEe, 93748.266245, MEe, 4.687413312e+00, E, -500.000000, NP, 20000 100000
183800, t, 2.824272e-05, KEe, 93846.235214, MEe, 4.692311761e+00, E, -500.000000, NP, 20000 100000
183900, t, 2.825809e-05, KEe, 93840.935328, MEe, 4.692046766e+00, E, -500.000000, NP, 20000 100000
184000, t, 2.827346e-05, KEe, 93922.558094, MEe, 4.696127905e+00, E, -500.000000, NP, 20000 100000
184100, t, 2.828882e-05, KEe, 94002.375943, MEe, 4.700118797e+00, E, -500.000000, NP, 20000 100000
184200, t, 2.830419e-05, KEe, 93739.866413, MEe, 4.686993321e+00, E, -500.000000, NP, 20000 100000
184300, t, 2.831955e-05, KEe, 93582.908929, MEe, 4.679145446e+00, E, -500.000000, NP, 20000 100000
184400, t, 2.833492e-05, KEe, 93631.226814, MEe, 4.681561341e+00, E, -500.000000, NP, 20000 100000
184500, t, 2.835029e-05, KEe, 93651.935360, MEe, 4.682596768e+00, E, -500.000000, NP, 20000 100000
184600, t, 2.836565e-05, KEe, 93598.713956, MEe, 4.679935698e+00, E, -500.000000, NP, 20000 100000
184700, t, 2.838102e-05, KEe, 93637.239908, MEe, 4.681861995e+00, E, -500.000000, NP, 20000 100000
184800, t, 2.839638e-05, KEe, 93728.369910, MEe, 4.686418496e+00, E, -500.000000, NP, 20000 100000
184900, t, 2.841175e-05, KEe, 93756.305801, MEe, 4.687815290e+00, E, -500.000000, NP, 20000 100000
185000, t, 2.842712e-05, KEe, 93654.602035, MEe, 4.682730102e+00, E, -500.000000, NP, 20000 100000
185100, t, 2.844248e-05, KEe, 93519.611291, MEe, 4.675980565e+00, E, -500.000000, NP, 20000 100000
185200, t, 2.845785e-05, KEe, 93618.648620, MEe, 4.680932431e+00, E, -500.000000, NP, 20000 100000
185300, t, 2.847321e-05, KEe, 93579.447737, MEe, 4.678972387e+00, E, -500.000000, NP, 20000 100000
185400, t, 2.848858e-05, KEe, 93495.977289, MEe, 4.674798864e+00, E, -500.000000, NP, 20000 100000
185500, t, 2.850395e-05, KEe, 93189.996784, MEe, 4.659499839e+00, E, -500.000000, NP, 20000 100000
185600, t, 2.851931e-05, KEe, 93361.443754, MEe, 4.668072188e+00, E, -500.000000, NP, 20000 100000
185700, t, 2.853468e-05, KEe, 93322.465860, MEe, 4.666123293e+00, E, -500.000000, NP, 20000 100000
185800, t, 2.855004e-05, KEe, 93195.653086, MEe, 4.659782654e+00, E, -500.000000, NP, 20000 100000
185900, t, 2.856541e-05, KEe, 93089.355709, MEe, 4.654467785e+00, E, -500.000000, NP, 20000 100000
186000, t, 2.858078e-05, KEe, 92999.775838, MEe, 4.649988792e+00, E, -500.000000, NP, 20000 100000
186100, t, 2.859614e-05, KEe, 93059.832623, MEe, 4.652991631e+00, E, -500.000000, NP, 20000 100000
186200, t, 2.861151e-05, KEe, 93351.767989, MEe, 4.667588399e+00, E, -500.000000, NP, 20000 100000
186300, t, 2.862687e-05, KEe, 93233.072429, MEe, 4.661653621e+00, E, -500.000000, NP, 20000 100000
186400, t, 2.864224e-05, KEe, 93090.235370, MEe, 4.654511769e+00, E, -500.000000, NP, 20000 100000
186500, t, 2.865761e-05, KEe, 92912.972768, MEe, 4.645648638e+00, E, -500.000000, NP, 20000 100000
186600, t, 2.867297e-05, KEe, 93146.587632, MEe, 4.657329382e+00, E, -500.000000, NP, 20000 100000
186700, t, 2.868834e-05, KEe, 93186.912812, MEe, 4.659345641e+00, E, -500.000000, NP, 20000 100000
186800, t, 2.870370e-05, KEe, 93272.137098, MEe, 4.663606855e+00, E, -500.000000, NP, 20000 100000
186900, t, 2.871907e-05, KEe, 93416.904668, MEe, 4.670845233e+00, E, -500.000000, NP, 20000 100000
187000, t, 2.873444e-05, KEe, 93122.655720, MEe, 4.656132786e+00, E, -500.000000, NP, 20000 100000
187100, t, 2.874980e-05, KEe, 93362.183500, MEe, 4.668109175e+00, E, -500.000000, NP, 20000 100000
187200, t, 2.876517e-05, KEe, 93521.008028, MEe, 4.676050401e+00, E, -500.000000, NP, 20000 100000
187300, t, 2.878053e-05, KEe, 93541.922332, MEe, 4.677096117e+00, E, -500.000000, NP, 20000 100000
187400, t, 2.879590e-05, KEe, 93426.658619, MEe, 4.671332931e+00, E, -500.000000, NP, 20000 100000
187500, t, 2.881127e-05, KEe, 93450.744495, MEe, 4.672537225e+00, E, -500.000000, NP, 20000 100000
187600, t, 2.882663e-05, KEe, 93134.772589, MEe, 4.656738629e+00, E, -500.000000, NP, 20000 100000
187700, t, 2.884200e-05, KEe, 92957.567521, MEe, 4.647878376e+00, E, -500.000000, NP, 20000 100000
187800, t, 2.885736e-05, KEe, 92775.382550, MEe, 4.638769127e+00, E, -500.000000, NP, 20000 100000
187900, t, 2.887273e-05, KEe, 92780.934944, MEe, 4.639046747e+00, E, -500.000000, NP, 20000 100000
188000, t, 2.888810e-05, KEe, 92609.709273, MEe, 4.630485464e+00, E, -500.000000, NP, 20000 100000
188100, t, 2.890346e-05, KEe, 92575.474884, MEe, 4.628773744e+00, E, -500.000000, NP, 20000 100000
188200, t, 2.891883e-05, KEe, 92454.157410, MEe, 4.622707870e+00, E, -500.000000, NP, 20000 100000
188300, t, 2.893419e-05, KEe, 92190.734855, MEe, 4.609536743e+00, E, -500.000000, NP, 20000 100000
188400, t, 2.894956e-05, KEe, 92493.250734, MEe, 4.624662537e+00, E, -500.000000, NP, 20000 100000
188500, t, 2.896493e-05, KEe, 92428.240278, MEe, 4.621412014e+00, E, -500.000000, NP, 20000 100000
188600, t, 2.898029e-05, KEe, 92540.109111, MEe, 4.627005456e+00, E, -500.000000, NP, 20000 100000
188700, t, 2.899566e-05, KEe, 92454.278228, MEe, 4.622713911e+00, E, -500.000000, NP, 20000 100000
188800, t, 2.901102e-05, KEe, 92339.780569, MEe, 4.616989028e+00, E, -500.000000, NP, 20000 100000
188900, t, 2.902639e-05, KEe, 92361.362177, MEe, 4.618068109e+00, E, -500.000000, NP, 20000 100000
189000, t, 2.904176e-05, KEe, 92390.834624, MEe, 4.619541731e+00, E, -500.000000, NP, 20000 100000
189100, t, 2.905712e-05, KEe, 92453.962107, MEe, 4.622698105e+00, E, -500.000000, NP, 20000 100000
189200, t, 2.907249e-05, KEe, 92398.954962, MEe, 4.619947748e+00, E, -500.000000, NP, 20000 100000
189300, t, 2.908785e-05, KEe, 92456.031658, MEe, 4.622801583e+00, E, -500.000000, NP, 20000 100000
189400, t, 2.910322e-05, KEe, 92393.237041, MEe, 4.619661852e+00, E, -500.000000, NP, 20000 100000
189500, t, 2.911859e-05, KEe, 92285.184442, MEe, 4.614259222e+00, E, -500.000000, NP, 20000 100000
189600, t, 2.913395e-05, KEe, 92516.546067, MEe, 4.625827303e+00, E, -500.000000, NP, 20000 100000
189700, t, 2.914932e-05, KEe, 92801.722536, MEe, 4.640086127e+00, E, -500.000000, NP, 20000 100000
189800, t, 2.916468e-05, KEe, 92902.889991, MEe, 4.645144500e+00, E, -500.000000, NP, 20000 100000
189900, t, 2.918005e-05, KEe, 92956.616830, MEe, 4.647830842e+00, E, -500.000000, NP, 20000 100000
190000, t, 2.919542e-05, KEe, 92837.110167, MEe, 4.641855508e+00, E, -500.000000, NP, 20000 100000
190100, t, 2.921078e-05, KEe, 92667.593426, MEe, 4.633379671e+00, E, -500.000000, NP, 20000 100000
190200, t, 2.922615e-05, KEe, 92750.876224, MEe, 4.637543811e+00, E, -500.000000, NP, 20000 100000
190300, t, 2.924151e-05, KEe, 92831.687624, MEe, 4.641584381e+00, E, -500.000000, NP, 20000 100000
190400, t, 2.925688e-05, KEe, 92784.569938, MEe, 4.639228497e+00, E, -500.000000, NP, 20000 100000
190500, t, 2.927225e-05, KEe, 92690.373482, MEe, 4.634518674e+00, E, -500.000000, NP, 20000 100000
190600, t, 2.928761e-05, KEe, 92999.673717, MEe, 4.649983686e+00, E, -500.000000, NP, 20000 100000
190700, t, 2.930298e-05, KEe, 92594.116732, MEe, 4.629705837e+00, E, -500.000000, NP, 20000 100000
190800, t, 2.931834e-05, KEe, 92682.678690, MEe, 4.634133934e+00, E, -500.000000, NP, 20000 100000
190900, t, 2.933371e-05, KEe, 92693.445186, MEe, 4.634672259e+00, E, -500.000000, NP, 20000 100000
191000, t, 2.934908e-05, KEe, 92536.222293, MEe, 4.626811115e+00, E, -500.000000, NP, 20000 100000
191100, t, 2.936444e-05, KEe, 92558.854631, MEe, 4.627942732e+00, E, -500.000000, NP, 20000 100000
191200, t, 2.937981e-05, KEe, 92590.289136, MEe, 4.629514457e+00, E, -500.000000, NP, 20000 100000
191300, t, 2.939517e-05, KEe, 92607.409945, MEe, 4.630370497e+00, E, -500.000000, NP, 20000 100000
191400, t, 2.941054e-05, KEe, 92758.466652, MEe, 4.637923333e+00, E, -500.000000, NP, 20000 100000
191500, t, 2.942591e-05, KEe, 92705.545807, MEe, 4.635277290e+00, E, -500.000000, NP, 20000 100000
191600, t, 2.944127e-05, KEe, 92703.829960, MEe, 4.635191498e+00, E, -500.000000, NP, 20000 100000
191700, t, 2.945664e-05, KEe, 92566.276574, MEe, 4.628313829e+00, E, -500.000000, NP, 20000 100000
191800, t, 2.947200e-05, KEe, 92710.923304, MEe, 4.635546165e+00, E, -500.000000, NP, 20000 100000
191900, t, 2.948737e-05, KEe, 92652.397704, MEe, 4.632619885e+00, E, -500.000000, NP, 20000 100000
192000, t, 2.950274e-05, KEe, 92499.317114, MEe, 4.624965856e+00, E, -500.000000, NP, 20000 100000
192100, t, 2.951810e-05, KEe, 92496.419723, MEe, 4.624820986e+00, E, -500.000000, NP, 20000 100000
192200, t, 2.953347e-05, KEe, 92666.434365, MEe, 4.633321718e+00, E, -500.000000, NP, 20000 100000
192300, t, 2.954883e-05, KEe, 92878.737025, MEe, 4.643936851e+00, E, -500.000000, NP, 20000 100000
192400, t, 2.956420e-05, KEe, 92874.476842, MEe, 4.643723842e+00, E, -500.000000, NP, 20000 100000
192500, t, 2.957957e-05, KEe, 92999.753655, MEe, 4.649987683e+00, E, -500.000000, NP, 20000 100000
192600, t, 2.959493e-05, KEe, 92931.818097, MEe, 4.646590905e+00, E, -500.000000, NP, 20000 100000
192700, t, 2.961030e-05, KEe, 92940.487377, MEe, 4.647024369e+00, E, -500.000000, NP, 20000 100000
192800, t, 2.962566e-05, KEe, 92849.120597, MEe, 4.642456030e+00, E, -500.000000, NP, 20000 100000
192900, t, 2.964103e-05, KEe, 92846.204044, MEe, 4.642310202e+00, E, -500.000000, NP, 20000 100000
193000, t, 2.965640e-05, KEe, 92977.173293, MEe, 4.648858665e+00, E, -500.000000, NP, 20000 100000
193100, t, 2.967176e-05, KEe, 92786.280412, MEe, 4.639314021e+00, E, -500.000000, NP, 20000 100000
193200, t, 2.968713e-05, KEe, 92838.253843, MEe, 4.641912692e+00, E, -500.000000, NP, 20000 100000
193300, t, 2.970249e-05, KEe, 92896.334005, MEe, 4.644816700e+00, E, -500.000000, NP, 20000 100000
193400, t, 2.971786e-05, KEe, 92807.362826, MEe, 4.640368141e+00, E, -500.000000, NP, 20000 100000
193500, t, 2.973323e-05, KEe, 92936.140604, MEe, 4.646807030e+00, E, -500.000000, NP, 20000 100000
193600, t, 2.974859e-05, KEe, 92977.123434, MEe, 4.648856172e+00, E, -500.000000, NP, 20000 100000
193700, t, 2.976396e-05, KEe, 93087.306213, MEe, 4.654365311e+00, E, -500.000000, NP, 20000 100000
193800, t, 2.977932e-05, KEe, 92948.589098, MEe, 4.647429455e+00, E, -500.000000, NP, 20000 100000
193900, t, 2.979469e-05, KEe, 93221.751171, MEe, 4.661087559e+00, E, -500.000000, NP, 20000 100000
194000, t, 2.981006e-05, KEe, 93199.819989, MEe, 4.659990999e+00, E, -500.000000, NP, 20000 100000
194100, t, 2.982542e-05, KEe, 92929.790120, MEe, 4.646489506e+00, E, -500.000000, NP, 20000 100000
194200, t, 2.984079e-05, KEe, 93148.127001, MEe, 4.657406350e+00, E, -500.000000, NP, 20000 100000
194300, t, 2.985615e-05, KEe, 93069.316646, MEe, 4.653465832e+00, E, -500.000000, NP, 20000 100000
194400, t, 2.987152e-05, KEe, 93197.021808, MEe, 4.659851090e+00, E, -500.000000, NP, 20000 100000
194500, t, 2.988689e-05, KEe, 93204.920581, MEe, 4.660246029e+00, E, -500.000000, NP, 20000 100000
194600, t, 2.990225e-05, KEe, 93157.768066, MEe, 4.657888403e+00, E, -500.000000, NP, 20000 100000
194700, t, 2.991762e-05, KEe, 93273.794404, MEe, 4.663689720e+00, E, -500.000000, NP, 20000 100000
194800, t, 2.993298e-05, KEe, 93183.556148, MEe, 4.659177807e+00, E, -500.000000, NP, 20000 100000
194900, t, 2.994835e-05, KEe, 93235.112111, MEe, 4.661755606e+00, E, -500.000000, NP, 20000 100000
195000, t, 2.996372e-05, KEe, 93018.641114, MEe, 4.650932056e+00, E, -500.000000, NP, 20000 100000
195100, t, 2.997908e-05, KEe, 92965.330499, MEe, 4.648266525e+00, E, -500.000000, NP, 20000 100000
195200, t, 2.999445e-05, KEe, 93130.324023, MEe, 4.656516201e+00, E, -500.000000, NP, 20000 100000
195300, t, 3.000981e-05, KEe, 93299.482590, MEe, 4.664974130e+00, E, -500.000000, NP, 20000 100000
195400, t, 3.002518e-05, KEe, 93283.278298, MEe, 4.664163915e+00, E, -500.000000, NP, 20000 100000
195500, t, 3.004055e-05, KEe, 93620.453150, MEe, 4.681022658e+00, E, -500.000000, NP, 20000 100000
195600, t, 3.005591e-05, KEe, 93660.871574, MEe, 4.683043579e+00, E, -500.000000, NP, 20000 100000
195700, t, 3.007128e-05, KEe, 93502.851383, MEe, 4.675142569e+00, E, -500.000000, NP, 20000 100000
195800, t, 3.008664e-05, KEe, 93491.183752, MEe, 4.674559188e+00, E, -500.000000, NP, 20000 100000
195900, t, 3.010201e-05, KEe, 93517.158307, MEe, 4.675857915e+00, E, -500.000000, NP, 20000 100000
196000, t, 3.011738e-05, KEe, 93723.895296, MEe, 4.686194765e+00, E, -500.000000, NP, 20000 100000
196100, t, 3.013274e-05, KEe, 93777.309377, MEe, 4.688865469e+00, E, -500.000000, NP, 20000 100000
196200, t, 3.014811e-05, KEe, 93650.104656, MEe, 4.682505233e+00, E, -500.000000, NP, 20000 100000
196300, t, 3.016347e-05, KEe, 93552.685798, MEe, 4.677634290e+00, E, -500.000000, NP, 20000 100000
196400, t, 3.017884e-05, KEe, 93710.484071, MEe, 4.685524204e+00, E, -500.000000, NP, 20000 100000
196500, t, 3.019421e-05, KEe, 93689.108625, MEe, 4.684455431e+00, E, -500.000000, NP, 20000 100000
196600, t, 3.020957e-05, KEe, 93677.177571, MEe, 4.683858879e+00, E, -500.000000, NP, 20000 100000
196700, t, 3.022494e-05, KEe, 93559.959336, MEe, 4.677997967e+00, E, -500.000000, NP, 20000 100000
196800, t, 3.024030e-05, KEe, 93631.728784, MEe, 4.681586439e+00, E, -500.000000, NP, 20000 100000
196900, t, 3.025567e-05, KEe, 93501.638674, MEe, 4.675081934e+00, E, -500.000000, NP, 20000 100000
197000, t, 3.027104e-05, KEe, 93410.849559, MEe, 4.670542478e+00, E, -500.000000, NP, 20000 100000
197100, t, 3.028640e-05, KEe, 93361.485767, MEe, 4.668074288e+00, E, -500.000000, NP, 20000 100000
197200, t, 3.030177e-05, KEe, 93259.662708, MEe, 4.662983135e+00, E, -500.000000, NP, 20000 100000
197300, t, 3.031713e-05, KEe, 93356.455475, MEe, 4.667822774e+00, E, -500.000000, NP, 20000 100000
197400, t, 3.033250e-05, KEe, 93361.128503, MEe, 4.668056425e+00, E, -500.000000, NP, 20000 100000
197500, t, 3.034787e-05, KEe, 93407.563025, MEe, 4.670378151e+00, E, -500.000000, NP, 20000 100000
197600, t, 3.036323e-05, KEe, 93333.034125, MEe, 4.666651706e+00, E, -500.000000, NP, 20000 100000
197700, t, 3.037860e-05, KEe, 93348.159729, MEe, 4.667407986e+00, E, -500.000000, NP, 20000 100000
197800, t, 3.039396e-05, KEe, 93177.055346, MEe, 4.658852767e+00, E, -500.000000, NP, 20000 100000
197900, t, 3.040933e-05, KEe, 93156.976872, MEe, 4.657848844e+00, E, -500.000000, NP, 20000 100000
198000, t, 3.042470e-05, KEe, 93261.298851, MEe, 4.663064943e+00, E, -500.000000, NP, 20000 100000
198100, t, 3.044006e-05, KEe, 93422.224765, MEe, 4.671111238e+00, E, -500.000000, NP, 20000 100000
198200, t, 3.045543e-05, KEe, 93258.782139, MEe, 4.662939107e+00, E, -500.000000, NP, 20000 100000
198300, t, 3.047079e-05, KEe, 93214.122704, MEe, 4.660706135e+00, E, -500.000000, NP, 20000 100000
198400, t, 3.048616e-05, KEe, 93170.317879, MEe, 4.658515894e+00, E, -500.000000, NP, 20000 100000
198500, t, 3.050153e-05, KEe, 93220.619053, MEe, 4.661030953e+00, E, -500.000000, NP, 20000 100000
198600, t, 3.051689e-05, KEe, 93424.048748, MEe, 4.671202437e+00, E, -500.000000, NP, 20000 100000
198700, t, 3.053226e-05, KEe, 93394.020283, MEe, 4.669701014e+00, E, -500.000000, NP, 20000 100000
198800, t, 3.054762e-05, KEe, 93455.848513, MEe, 4.672792426e+00, E, -500.000000, NP, 20000 100000
198900, t, 3.056299e-05, KEe, 93407.551026, MEe, 4.670377551e+00, E, -500.000000, NP, 20000 100000
199000, t, 3.057836e-05, KEe, 93569.282761, MEe, 4.678464138e+00, E, -500.000000, NP, 20000 100000
199100, t, 3.059372e-05, KEe, 93347.832972, MEe, 4.667391649e+00, E, -500.000000, NP, 20000 100000
199200, t, 3.060909e-05, KEe, 93474.005388, MEe, 4.673700269e+00, E, -500.000000, NP, 20000 100000
199300, t, 3.062445e-05, KEe, 93226.547624, MEe, 4.661327381e+00, E, -500.000000, NP, 20000 100000
199400, t, 3.063982e-05, KEe, 93286.725347, MEe, 4.664336267e+00, E, -500.000000, NP, 20000 100000
199500, t, 3.065519e-05, KEe, 93190.411445, MEe, 4.659520572e+00, E, -500.000000, NP, 20000 100000
199600, t, 3.067055e-05, KEe, 93212.169486, MEe, 4.660608474e+00, E, -500.000000, NP, 20000 100000
199700, t, 3.068592e-05, KEe, 93089.069074, MEe, 4.654453454e+00, E, -500.000000, NP, 20000 100000
199800, t, 3.070128e-05, KEe, 93017.491887, MEe, 4.650874594e+00, E, -500.000000, NP, 20000 100000
199900, t, 3.071665e-05, KEe, 93098.769482, MEe, 4.654938474e+00, E, -500.000000, NP, 20000 100000
200000, t, 3.073202e-05, KEe, 93135.318370, MEe, 4.656765919e+00, E, -500.000000, NP, 20000 100000
200100, t, 3.074738e-05, KEe, 93302.038465, MEe, 4.665101923e+00, E, -500.000000, NP, 20000 100000
200200, t, 3.076275e-05, KEe, 93523.454482, MEe, 4.676172724e+00, E, -500.000000, NP, 20000 100000
200300, t, 3.077811e-05, KEe, 93641.911913, MEe, 4.682095596e+00, E, -500.000000, NP, 20000 100000
200400, t, 3.079348e-05, KEe, 93649.273756, MEe, 4.682463688e+00, E, -500.000000, NP, 20000 100000
200500, t, 3.080885e-05, KEe, 93567.184951, MEe, 4.678359248e+00, E, -500.000000, NP, 20000 100000
200600, t, 3.082421e-05, KEe, 93428.148896, MEe, 4.671407445e+00, E, -500.000000, NP, 20000 100000
200700, t, 3.083958e-05, KEe, 93454.590645, MEe, 4.672729532e+00, E, -500.000000, NP, 20000 100000
200800, t, 3.085494e-05, KEe, 93376.141183, MEe, 4.668807059e+00, E, -500.000000, NP, 20000 100000
200900, t, 3.087031e-05, KEe, 93233.038052, MEe, 4.661651903e+00, E, -500.000000, NP, 20000 100000
201000, t, 3.088568e-05, KEe, 93035.855646, MEe, 4.651792782e+00, E, -500.000000, NP, 20000 100000
201100, t, 3.090104e-05, KEe, 93122.207490, MEe, 4.656110375e+00, E, -500.000000, NP, 20000 100000
201200, t, 3.091641e-05, KEe, 93175.686522, MEe, 4.658784326e+00, E, -500.000000, NP, 20000 100000
201300, t, 3.093177e-05, KEe, 93222.734294, MEe, 4.661136715e+00, E, -500.000000, NP, 20000 100000
201400, t, 3.094714e-05, KEe, 93097.968454, MEe, 4.654898423e+00, E, -500.000000, NP, 20000 100000
201500, t, 3.096251e-05, KEe, 92848.083378, MEe, 4.642404169e+00, E, -500.000000, NP, 20000 100000
201600, t, 3.097787e-05, KEe, 92812.163245, MEe, 4.640608162e+00, E, -500.000000, NP, 20000 100000
201700, t, 3.099324e-05, KEe, 92830.937373, MEe, 4.641546869e+00, E, -500.000000, NP, 20000 100000
201800, t, 3.100860e-05, KEe, 93043.147506, MEe, 4.652157375e+00, E, -500.000000, NP, 20000 100000
201900, t, 3.102397e-05, KEe, 93029.349426, MEe, 4.651467471e+00, E, -500.000000, NP, 20000 100000
202000, t, 3.103934e-05, KEe, 93053.076126, MEe, 4.652653806e+00, E, -500.000000, NP, 20000 100000
202100, t, 3.105470e-05, KEe, 93083.235764, MEe, 4.654161788e+00, E, -500.000000, NP, 20000 100000
202200, t, 3.107007e-05, KEe, 93418.598370, MEe, 4.670929919e+00, E, -500.000000, NP, 20000 100000
202300, t, 3.108543e-05, KEe, 93405.437519, MEe, 4.670271876e+00, E, -500.000000, NP, 20000 100000
202400, t, 3.110080e-05, KEe, 93453.302711, MEe, 4.672665136e+00, E, -500.000000, NP, 20000 100000
202500, t, 3.111617e-05, KEe, 93462.828197, MEe, 4.673141410e+00, E, -500.000000, NP, 20000 100000
202600, t, 3.113153e-05, KEe, 93488.994945, MEe, 4.674449747e+00, E, -500.000000, NP, 20000 100000
202700, t, 3.114690e-05, KEe, 93547.663401, MEe, 4.677383170e+00, E, -500.000000, NP, 20000 100000
202800, t, 3.116226e-05, KEe, 93291.789288, MEe, 4.664589464e+00, E, -500.000000, NP, 20000 100000
202900, t, 3.117763e-05, KEe, 93464.832425, MEe, 4.673241621e+00, E, -500.000000, NP, 20000 100000
203000, t, 3.119300e-05, KEe, 93349.728766, MEe, 4.667486438e+00, E, -500.000000, NP, 20000 100000
203100, t, 3.120836e-05, KEe, 93312.337397, MEe, 4.665616870e+00, E, -500.000000, NP, 20000 100000
203200, t, 3.122373e-05, KEe, 93457.158610, MEe, 4.672857930e+00, E, -500.000000, NP, 20000 100000
203300, t, 3.123909e-05, KEe, 93387.994934, MEe, 4.669399747e+00, E, -500.000000, NP, 20000 100000
203400, t, 3.125446e-05, KEe, 93556.298383, MEe, 4.677814919e+00, E, -500.000000, NP, 20000 100000
203500, t, 3.126983e-05, KEe, 93509.685083, MEe, 4.675484254e+00, E, -500.000000, NP, 20000 100000
203600, t, 3.128519e-05, KEe, 93619.789682, MEe, 4.680989484e+00, E, -500.000000, NP, 20000 100000
203700, t, 3.130056e-05, KEe, 93780.186414, MEe, 4.689009321e+00, E, -500.000000, NP, 20000 100000
203800, t, 3.131592e-05, KEe, 93684.159503, MEe, 4.684207975e+00, E, -500.000000, NP, 20000 100000
203900, t, 3.133129e-05, KEe, 93801.152193, MEe, 4.690057610e+00, E, -500.000000, NP, 20000 100000
204000, t, 3.134666e-05, KEe, 93895.182650, MEe, 4.694759132e+00, E, -500.000000, NP, 20000 100000
204100, t, 3.136202e-05, KEe, 93982.042593, MEe, 4.699102130e+00, E, -500.000000, NP, 20000 100000
204200, t, 3.137739e-05, KEe, 94057.322938, MEe, 4.702866147e+00, E, -500.000000, NP, 20000 100000
204300, t, 3.139275e-05, KEe, 94200.819191, MEe, 4.710040960e+00, E, -500.000000, NP, 20000 100000
204400, t, 3.140812e-05, KEe, 94334.215432, MEe, 4.716710772e+00, E, -500.000000, NP, 20000 100000
204500, t, 3.142349e-05, KEe, 94257.614559, MEe, 4.712880728e+00, E, -500.000000, NP, 20000 100000
204600, t, 3.143885e-05, KEe, 94156.194106, MEe, 4.707809705e+00, E, -500.000000, NP, 20000 100000
204700, t, 3.145422e-05, KEe, 93862.933757, MEe, 4.693146688e+00, E, -500.000000, NP, 20000 100000
204800, t, 3.146958e-05, KEe, 93835.322449, MEe, 4.691766122e+00, E, -500.000000, NP, 20000 100000
204900, t, 3.148495e-05, KEe, 93838.693639, MEe, 4.691934682e+00, E, -500.000000, NP, 20000 100000
205000, t, 3.150032e-05, KEe, 93683.294417, MEe, 4.684164721e+00, E, -500.000000, NP, 20000 100000
205100, t, 3.151568e-05, KEe, 93754.429573, MEe, 4.687721479e+00, E, -500.000000, NP, 20000 100000
205200, t, 3.153105e-05, KEe, 93803.551311, MEe, 4.690177566e+00, E, -500.000000, NP, 20000 100000
205300, t, 3.154641e-05, KEe, 93749.638577, MEe, 4.687481929e+00, E, -500.000000, NP, 20000 100000
205400, t, 3.156178e-05, KEe, 93755.667439, MEe, 4.687783372e+00, E, -500.000000, NP, 20000 100000
205500, t, 3.157715e-05, KEe, 93664.400568, MEe, 4.683220028e+00, E, -500.000000, NP, 20000 100000
205600, t, 3.159251e-05, KEe, 93563.559077, MEe, 4.678177954e+00, E, -500.000000, NP, 20000 100000
205700, t, 3.160788e-05, KEe, 93402.332862, MEe, 4.670116643e+00, E, -500.000000, NP, 20000 100000
205800, t, 3.162324e-05, KEe, 93182.413468, MEe, 4.659120673e+00, E, -500.000000, NP, 20000 100000
205900, t, 3.163861e-05, KEe, 93174.373393, MEe, 4.658718670e+00, E, -500.000000, NP, 20000 100000
206000, t, 3.165398e-05, KEe, 93251.359019, MEe, 4.662567951e+00, E, -500.000000, NP, 20000 100000
206100, t, 3.166934e-05, KEe, 93325.368268, MEe, 4.666268413e+00, E, -500.000000, NP, 20000 100000
206200, t, 3.168471e-05, KEe, 93271.001902, MEe, 4.663550095e+00, E, -500.000000, NP, 20000 100000
206300, t, 3.170007e-05, KEe, 93179.971751, MEe, 4.658998588e+00, E, -500.000000, NP, 20000 100000
206400, t, 3.171544e-05, KEe, 93096.854652, MEe, 4.654842733e+00, E, -500.000000, NP, 20000 100000
206500, t, 3.173081e-05, KEe, 93261.535302, MEe, 4.663076765e+00, E, -500.000000, NP, 20000 100000
206600, t, 3.174617e-05, KEe, 93290.193881, MEe, 4.664509694e+00, E, -500.000000, NP, 20000 100000
206700, t, 3.176154e-05, KEe, 93205.226564, MEe, 4.660261328e+00, E, -500.000000, NP, 20000 100000
206800, t, 3.177690e-05, KEe, 92896.084988, MEe, 4.644804249e+00, E, -500.000000, NP, 20000 100000
206900, t, 3.179227e-05, KEe, 92919.268327, MEe, 4.645963416e+00, E, -500.000000, NP, 20000 100000
207000, t, 3.180764e-05, KEe, 92801.468628, MEe, 4.640073431e+00, E, -500.000000, NP, 20000 100000
207100, t, 3.182300e-05, KEe, 92908.941918, MEe, 4.645447096e+00, E, -500.000000, NP, 20000 100000
207200, t, 3.183837e-05, KEe, 92871.868781, MEe, 4.643593439e+00, E, -500.000000, NP, 20000 100000
207300, t, 3.185373e-05, KEe, 93067.093099, MEe, 4.653354655e+00, E, -500.000000, NP, 20000 100000
207400, t, 3.186910e-05, KEe, 93001.661865, MEe, 4.650083093e+00, E, -500.000000, NP, 20000 100000
207500, t, 3.188447e-05, KEe, 93111.146534, MEe, 4.655557327e+00, E, -500.000000, NP, 20000 100000
207600, t, 3.189983e-05, KEe, 93102.002881, MEe, 4.655100144e+00, E, -500.000000, NP, 20000 100000
207700, t, 3.191520e-05, KEe, 93129.579307, MEe, 4.656478965e+00, E, -500.000000, NP, 20000 100000
207800, t, 3.193057e-05, KEe, 93302.255749, MEe, 4.665112787e+00, E, -500.000000, NP, 20000 100000
207900, t, 3.194593e-05, KEe, 93221.969894, MEe, 4.661098495e+00, E, -500.000000, NP, 20000 100000
208000, t, 3.196130e-05, KEe, 93334.959376, MEe, 4.666747969e+00, E, -500.000000, NP, 20000 100000
208100, t, 3.197666e-05, KEe, 93348.597604, MEe, 4.667429880e+00, E, -500.000000, NP, 20000 100000
208200, t, 3.199203e-05, KEe, 93322.610410, MEe, 4.666130520e+00, E, -500.000000, NP, 20000 100000
208300, t, 3.200740e-05, KEe, 93477.302326, MEe, 4.673865116e+00, E, -500.000000, NP, 20000 100000
208400, t, 3.202276e-05, KEe, 93690.682563, MEe, 4.684534128e+00, E, -500.000000, NP, 20000 100000
208500, t, 3.203813e-05, KEe, 93757.892633, MEe, 4.687894632e+00, E, -500.000000, NP, 20000 100000
208600, t, 3.205349e-05, KEe, 93924.979925, MEe, 4.696248996e+00, E, -500.000000, NP, 20000 100000
208700, t, 3.206886e-05, KEe, 94137.652044, MEe, 4.706882602e+00, E, -500.000000, NP, 20000 100000
208800, t, 3.208423e-05, KEe, 94141.289855, MEe, 4.707064493e+00, E, -500.000000, NP, 20000 100000
208900, t, 3.209959e-05, KEe, 94215.508955, MEe, 4.710775448e+00, E, -500.000000, NP, 20000 100000
209000, t, 3.211496e-05, KEe, 93836.251568, MEe, 4.691812578e+00, E, -500.000000, NP, 20000 100000
209100, t, 3.213032e-05, KEe, 93803.456596, MEe, 4.690172830e+00, E, -500.000000, NP, 20000 100000
209200, t, 3.214569e-05, KEe, 93900.590324, MEe, 4.695029516e+00, E, -500.000000, NP, 20000 100000
209300, t, 3.216106e-05, KEe, 93649.172620, MEe, 4.682458631e+00, E, -500.000000, NP, 20000 100000
209400, t, 3.217642e-05, KEe, 93810.746054, MEe, 4.690537303e+00, E, -500.000000, NP, 20000 100000
209500, t, 3.219179e-05, KEe, 93806.688145, MEe, 4.690334407e+00, E, -500.000000, NP, 20000 100000
209600, t, 3.220715e-05, KEe, 93713.190500, MEe, 4.685659525e+00, E, -500.000000, NP, 20000 100000
209700, t, 3.222252e-05, KEe, 93873.436418, MEe, 4.693671821e+00, E, -500.000000, NP, 20000 100000
209800, t, 3.223789e-05, KEe, 93875.305818, MEe, 4.693765291e+00, E, -500.000000, NP, 20000 100000
209900, t, 3.225325e-05, KEe, 93551.450939, MEe, 4.677572547e+00, E, -500.000000, NP, 20000 100000
210000, t, 3.226862e-05, KEe, 93360.406417, MEe, 4.668020321e+00, E, -500.000000, NP, 20000 100000
210100, t, 3.228398e-05, KEe, 93274.214931, MEe, 4.663710747e+00, E, -500.000000, NP, 20000 100000
210200, t, 3.229935e-05, KEe, 93258.581436, MEe, 4.662929072e+00, E, -500.000000, NP, 20000 100000
210300, t, 3.231472e-05, KEe, 93326.473348, MEe, 4.666323667e+00, E, -500.000000, NP, 20000 100000
210400, t, 3.233008e-05, KEe, 93215.924566, MEe, 4.660796228e+00, E, -500.000000, NP, 20000 100000
210500, t, 3.234545e-05, KEe, 93352.813463, MEe, 4.667640673e+00, E, -500.000000, NP, 20000 100000
210600, t, 3.236081e-05, KEe, 93336.238790, MEe, 4.666811940e+00, E, -500.000000, NP, 20000 100000
210700, t, 3.237618e-05, KEe, 93378.884800, MEe, 4.668944240e+00, E, -500.000000, NP, 20000 100000
210800, t, 3.239155e-05, KEe, 93379.596475, MEe, 4.668979824e+00, E, -500.000000, NP, 20000 100000
210900, t, 3.240691e-05, KEe, 93327.443404, MEe, 4.666372170e+00, E, -500.000000, NP, 20000 100000
211000, t, 3.242228e-05, KEe, 93424.896614, MEe, 4.671244831e+00, E, -500.000000, NP, 20000 100000
211100, t, 3.243764e-05, KEe, 93604.291600, MEe, 4.680214580e+00, E, -500.000000, NP, 20000 100000
211200, t, 3.245301e-05, KEe, 93505.111818, MEe, 4.675255591e+00, E, -500.000000, NP, 20000 100000
211300, t, 3.246838e-05, KEe, 93485.978152, MEe, 4.674298908e+00, E, -500.000000, NP, 20000 100000
211400, t, 3.248374e-05, KEe, 93714.151407, MEe, 4.685707570e+00, E, -500.000000, NP, 20000 100000
211500, t, 3.249911e-05, KEe, 93729.153730, MEe, 4.686457686e+00, E, -500.000000, NP, 20000 100000
211600, t, 3.251447e-05, KEe, 93721.222977, MEe, 4.686061149e+00, E, -500.000000, NP, 20000 100000
211700, t, 3.252984e-05, KEe, 93750.190997, MEe, 4.687509550e+00, E, -500.000000, NP, 20000 100000
211800, t, 3.254521e-05, KEe, 93782.735391, MEe, 4.689136770e+00, E, -500.000000, NP, 20000 100000
211900, t, 3.256057e-05, KEe, 93613.937788, MEe, 4.680696889e+00, E, -500.000000, NP, 20000 100000
212000, t, 3.257594e-05, KEe, 93485.904324, MEe, 4.674295216e+00, E, -500.000000, NP, 20000 100000
212100, t, 3.259130e-05, KEe, 93464.733480, MEe, 4.673236674e+00, E, -500.000000, NP, 20000 100000
212200, t, 3.260667e-05, KEe, 93457.096266, MEe, 4.672854813e+00, E, -500.000000, NP, 20000 100000
212300, t, 3.262204e-05, KEe, 93688.943117, MEe, 4.684447156e+00, E, -500.000000, NP, 20000 100000
212400, t, 3.263740e-05, KEe, 93782.145333, MEe, 4.689107267e+00, E, -500.000000, NP, 20000 100000
212500, t, 3.265277e-05, KEe, 93650.304512, MEe, 4.682515226e+00, E, -500.000000, NP, 20000 100000
212600, t, 3.266813e-05, KEe, 93632.046891, MEe, 4.681602345e+00, E, -500.000000, NP, 20000 100000
212700, t, 3.268350e-05, KEe, 93679.004126, MEe, 4.683950206e+00, E, -500.000000, NP, 20000 100000
212800, t, 3.269887e-05, KEe, 93871.905345, MEe, 4.693595267e+00, E, -500.000000, NP, 20000 100000
212900, t, 3.271423e-05, KEe, 93772.851994, MEe, 4.688642600e+00, E, -500.000000, NP, 20000 100000
213000, t, 3.272960e-05, KEe, 93606.675072, MEe, 4.680333754e+00, E, -500.000000, NP, 20000 100000
213100, t, 3.274496e-05, KEe, 93519.609197, MEe, 4.675980460e+00, E, -500.000000, NP, 20000 100000
213200, t, 3.276033e-05, KEe, 93376.337045, MEe, 4.668816852e+00, E, -500.000000, NP, 20000 100000
213300, t, 3.277570e-05, KEe, 93118.080797, MEe, 4.655904040e+00, E, -500.000000, NP, 20000 100000
213400, t, 3.279106e-05, KEe, 93176.791840, MEe, 4.658839592e+00, E, -500.000000, NP, 20000 100000
213500, t, 3.280643e-05, KEe, 93237.334496, MEe, 4.661866725e+00, E, -500.000000, NP, 20000 100000
213600, t, 3.282179e-05, KEe, 93360.416646, MEe, 4.668020832e+00, E, -500.000000, NP, 20000 100000
213700, t, 3.283716e-05, KEe, 93293.258091, MEe, 4.664662905e+00, E, -500.000000, NP, 20000 100000
213800, t, 3.285253e-05, KEe, 93191.589122, MEe, 4.659579456e+00, E, -500.000000, NP, 20000 100000
213900, t, 3.286789e-05, KEe, 93030.305048, MEe, 4.651515252e+00, E, -500.000000, NP, 20000 100000
214000, t, 3.288326e-05, KEe, 92984.145784, MEe, 4.649207289e+00, E, -500.000000, NP, 20000 100000
214100, t, 3.289862e-05, KEe, 92984.870155, MEe, 4.649243508e+00, E, -500.000000, NP, 20000 100000
214200, t, 3.291399e-05, KEe, 92953.647542, MEe, 4.647682377e+00, E, -500.000000, NP, 20000 100000
214300, t, 3.292936e-05, KEe, 93102.961256, MEe, 4.655148063e+00, E, -500.000000, NP, 20000 100000
214400, t, 3.294472e-05, KEe, 92969.941383, MEe, 4.648497069e+00, E, -500.000000, NP, 20000 100000
214500, t, 3.296009e-05, KEe, 93025.086389, MEe, 4.651254319e+00, E, -500.000000, NP, 20000 100000
214600, t, 3.297545e-05, KEe, 92983.259810, MEe, 4.649162990e+00, E, -500.000000, NP, 20000 100000
214700, t, 3.299082e-05, KEe, 93031.463389, MEe, 4.651573169e+00, E, -500.000000, NP, 20000 100000
214800, t, 3.300619e-05, KEe, 93083.186400, MEe, 4.654159320e+00, E, -500.000000, NP, 20000 100000
214900, t, 3.302155e-05, KEe, 93213.015155, MEe, 4.660650758e+00, E, -500.000000, NP, 20000 100000
215000, t, 3.303692e-05, KEe, 93073.173016, MEe, 4.653658651e+00, E, -500.000000, NP, 20000 100000
215100, t, 3.305228e-05, KEe, 93088.007453, MEe, 4.654400373e+00, E, -500.000000, NP, 20000 100000
215200, t, 3.306765e-05, KEe, 93081.223412, MEe, 4.654061171e+00, E, -500.000000, NP, 20000 100000
215300, t, 3.308302e-05, KEe, 93049.658016, MEe, 4.652482901e+00, E, -500.000000, NP, 20000 100000
215400, t, 3.309838e-05, KEe, 93140.155785, MEe, 4.657007789e+00, E, -500.000000, NP, 20000 100000
215500, t, 3.311375e-05, KEe, 93145.531362, MEe, 4.657276568e+00, E, -500.000000, NP, 20000 100000
215600, t, 3.312911e-05, KEe, 93021.119325, MEe, 4.651055966e+00, E, -500.000000, NP, 20000 100000
215700, t, 3.314448e-05, KEe, 93178.635983, MEe, 4.658931799e+00, E, -500.000000, NP, 20000 100000
215800, t, 3.315985e-05, KEe, 93131.812432, MEe, 4.656590622e+00, E, -500.000000, NP, 20000 100000
215900, t, 3.317521e-05, KEe, 93317.912722, MEe, 4.665895636e+00, E, -500.000000, NP, 20000 100000
216000, t, 3.319058e-05, KEe, 93255.699187, MEe, 4.662784959e+00, E, -500.000000, NP, 20000 100000
216100, t, 3.320594e-05, KEe, 93356.137164, MEe, 4.667806858e+00, E, -500.000000, NP, 20000 100000
216200, t, 3.322131e-05, KEe, 92975.144105, MEe, 4.648757205e+00, E, -500.000000, NP, 20000 100000
216300, t, 3.323668e-05, KEe, 93123.061586, MEe, 4.656153079e+00, E, -500.000000, NP, 20000 100000
216400, t, 3.325204e-05, KEe, 93324.691506, MEe, 4.666234575e+00, E, -500.000000, NP, 20000 100000
216500, t, 3.326741e-05, KEe, 93268.082668, MEe, 4.663404133e+00, E, -500.000000, NP, 20000 100000
216600, t, 3.328277e-05, KEe, 93389.244970, MEe, 4.669462248e+00, E, -500.000000, NP, 20000 100000
216700, t, 3.329814e-05, KEe, 93219.132441, MEe, 4.660956622e+00, E, -500.000000, NP, 20000 100000
216800, t, 3.331351e-05, KEe, 93184.192356, MEe, 4.659209618e+00, E, -500.000000, NP, 20000 100000
216900, t, 3.332887e-05, KEe, 93446.692976, MEe, 4.672334649e+00, E, -500.000000, NP, 20000 100000
217000, t, 3.334424e-05, KEe, 93611.315165, MEe, 4.680565758e+00, E, -500.000000, NP, 20000 100000
217100, t, 3.335960e-05, KEe, 93657.857117, MEe, 4.682892856e+00, E, -500.000000, NP, 20000 100000
217200, t, 3.337497e-05, KEe, 93931.984222, MEe, 4.696599211e+00, E, -500.000000, NP, 20000 100000
217300, t, 3.339034e-05, KEe, 93733.324306, MEe, 4.686666215e+00, E, -500.000000, NP, 20000 100000
217400, t, 3.340570e-05, KEe, 93712.991632, MEe, 4.685649582e+00, E, -500.000000, NP, 20000 100000
217500, t, 3.342107e-05, KEe, 93385.730354, MEe, 4.669286518e+00, E, -500.000000, NP, 20000 100000
217600, t, 3.343643e-05, KEe, 93380.997757, MEe, 4.669049888e+00, E, -500.000000, NP, 20000 100000
217700, t, 3.345180e-05, KEe, 93335.799856, MEe, 4.666789993e+00, E, -500.000000, NP, 20000 100000
217800, t, 3.346717e-05, KEe, 93415.455695, MEe, 4.670772785e+00, E, -500.000000, NP, 20000 100000
217900, t, 3.348253e-05, KEe, 93442.892568, MEe, 4.672144628e+00, E, -500.000000, NP, 20000 100000
218000, t, 3.349790e-05, KEe, 93426.706901, MEe, 4.671335345e+00, E, -500.000000, NP, 20000 100000
218100, t, 3.351326e-05, KEe, 93462.213593, MEe, 4.673110680e+00, E, -500.000000, NP, 20000 100000
218200, t, 3.352863e-05, KEe, 93576.939315, MEe, 4.678846966e+00, E, -500.000000, NP, 20000 100000
218300, t, 3.354400e-05, KEe, 93450.015016, MEe, 4.672500751e+00, E, -500.000000, NP, 20000 100000
218400, t, 3.355936e-05, KEe, 93504.843809, MEe, 4.675242190e+00, E, -500.000000, NP, 20000 100000
218500, t, 3.357473e-05, KEe, 93430.831829, MEe, 4.671541591e+00, E, -500.000000, NP, 20000 100000
218600, t, 3.359009e-05, KEe, 93221.490877, MEe, 4.661074544e+00, E, -500.000000, NP, 20000 100000
218700, t, 3.360546e-05, KEe, 93170.741943, MEe, 4.658537097e+00, E, -500.000000, NP, 20000 100000
218800, t, 3.362083e-05, KEe, 93347.466718, MEe, 4.667373336e+00, E, -500.000000, NP, 20000 100000
218900, t, 3.363619e-05, KEe, 93314.780114, MEe, 4.665739006e+00, E, -500.000000, NP, 20000 100000
219000, t, 3.365156e-05, KEe, 93317.788411, MEe, 4.665889421e+00, E, -500.000000, NP, 20000 100000
219100, t, 3.366692e-05, KEe, 93324.214172, MEe, 4.666210709e+00, E, -500.000000, NP, 20000 100000
219200, t, 3.368229e-05, KEe, 93171.562776, MEe, 4.658578139e+00, E, -500.000000, NP, 20000 100000
219300, t, 3.369766e-05, KEe, 93073.179346, MEe, 4.653658967e+00, E, -500.000000, NP, 20000 100000
219400, t, 3.371302e-05, KEe, 92900.859043, MEe, 4.645042952e+00, E, -500.000000, NP, 20000 100000
219500, t, 3.372839e-05, KEe, 92784.017321, MEe, 4.639200866e+00, E, -500.000000, NP, 20000 100000
219600, t, 3.374375e-05, KEe, 92909.690935, MEe, 4.645484547e+00, E, -500.000000, NP, 20000 100000
219700, t, 3.375912e-05, KEe, 92775.269545, MEe, 4.638763477e+00, E, -500.000000, NP, 20000 100000
219800, t, 3.377449e-05, KEe, 92864.375399, MEe, 4.643218770e+00, E, -500.000000, NP, 20000 100000
219900, t, 3.378985e-05, KEe, 92993.868166, MEe, 4.649693408e+00, E, -500.000000, NP, 20000 100000
220000, t, 3.380522e-05, KEe, 93427.279649, MEe, 4.671363982e+00, E, -500.000000, NP, 20000 100000
220100, t, 3.382058e-05, KEe, 93267.115742, MEe, 4.663355787e+00, E, -500.000000, NP, 20000 100000
220200, t, 3.383595e-05, KEe, 93289.620045, MEe, 4.664481002e+00, E, -500.000000, NP, 20000 100000
220300, t, 3.385132e-05, KEe, 93308.673903, MEe, 4.665433695e+00, E, -500.000000, NP, 20000 100000
220400, t, 3.386668e-05, KEe, 93319.634466, MEe, 4.665981723e+00, E, -500.000000, NP, 20000 100000
220500, t, 3.388205e-05, KEe, 93313.617828, MEe, 4.665680891e+00, E, -500.000000, NP, 20000 100000
220600, t, 3.389741e-05, KEe, 93354.564387, MEe, 4.667728219e+00, E, -500.000000, NP, 20000 100000
220700, t, 3.391278e-05, KEe, 93472.820158, MEe, 4.673641008e+00, E, -500.000000, NP, 20000 100000
220800, t, 3.392815e-05, KEe, 93601.119575, MEe, 4.680055979e+00, E, -500.000000, NP, 20000 100000
220900, t, 3.394351e-05, KEe, 93378.445868, MEe, 4.668922293e+00, E, -500.000000, NP, 20000 100000
221000, t, 3.395888e-05, KEe, 93517.311126, MEe, 4.675865556e+00, E, -500.000000, NP, 20000 100000
221100, t, 3.397424e-05, KEe, 93466.772140, MEe, 4.673338607e+00, E, -500.000000, NP, 20000 100000
221200, t, 3.398961e-05, KEe, 93342.836534, MEe, 4.667141827e+00, E, -500.000000, NP, 20000 100000
221300, t, 3.400498e-05, KEe, 93204.659201, MEe, 4.660232960e+00, E, -500.000000, NP, 20000 100000
221400, t, 3.402034e-05, KEe, 93042.562938, MEe, 4.652128147e+00, E, -500.000000, NP, 20000 100000
221500, t, 3.403571e-05, KEe, 93193.381368, MEe, 4.659669068e+00, E, -500.000000, NP, 20000 100000
221600, t, 3.405107e-05, KEe, 93041.794848, MEe, 4.652089742e+00, E, -500.000000, NP, 20000 100000
221700, t, 3.406644e-05, KEe, 93121.578057, MEe, 4.656078903e+00, E, -500.000000, NP, 20000 100000
221800, t, 3.408181e-05, KEe, 93225.782681, MEe, 4.661289134e+00, E, -500.000000, NP, 20000 100000
221900, t, 3.409717e-05, KEe, 93171.610802, MEe, 4.658580540e+00, E, -500.000000, NP, 20000 100000
222000, t, 3.411254e-05, KEe, 92931.799641, MEe, 4.646589982e+00, E, -500.000000, NP, 20000 100000
222100, t, 3.412790e-05, KEe, 92971.667904, MEe, 4.648583395e+00, E, -500.000000, NP, 20000 100000
222200, t, 3.414327e-05, KEe, 92812.168213, MEe, 4.640608411e+00, E, -500.000000, NP, 20000 100000
222300, t, 3.415864e-05, KEe, 93017.813952, MEe, 4.650890698e+00, E, -500.000000, NP, 20000 100000
222400, t, 3.417400e-05, KEe, 93178.939429, MEe, 4.658946971e+00, E, -500.000000, NP, 20000 100000
222500, t, 3.418937e-05, KEe, 93269.972045, MEe, 4.663498602e+00, E, -500.000000, NP, 20000 100000
222600, t, 3.420473e-05, KEe, 93301.033001, MEe, 4.665051650e+00, E, -500.000000, NP, 20000 100000
222700, t, 3.422010e-05, KEe, 93163.506044, MEe, 4.658175302e+00, E, -500.000000, NP, 20000 100000
222800, t, 3.423547e-05, KEe, 93300.860673, MEe, 4.665043034e+00, E, -500.000000, NP, 20000 100000
222900, t, 3.425083e-05, KEe, 93414.485434, MEe, 4.670724272e+00, E, -500.000000, NP, 20000 100000
223000, t, 3.426620e-05, KEe, 93283.237142, MEe, 4.664161857e+00, E, -500.000000, NP, 20000 100000
223100, t, 3.428156e-05, KEe, 93592.604442, MEe, 4.679630222e+00, E, -500.000000, NP, 20000 100000
223200, t, 3.429693e-05, KEe, 93587.384004, MEe, 4.679369200e+00, E, -500.000000, NP, 20000 100000
223300, t, 3.431230e-05, KEe, 93737.888942, MEe, 4.686894447e+00, E, -500.000000, NP, 20000 100000
223400, t, 3.432766e-05, KEe, 93664.563246, MEe, 4.683228162e+00, E, -500.000000, NP, 20000 100000
223500, t, 3.434303e-05, KEe, 93599.554159, MEe, 4.679977708e+00, E, -500.000000, NP, 20000 100000
223600, t, 3.435839e-05, KEe, 93465.738316, MEe, 4.673286916e+00, E, -500.000000, NP, 20000 100000
223700, t, 3.437376e-05, KEe, 93365.164925, MEe, 4.668258246e+00, E, -500.000000, NP, 20000 100000
223800, t, 3.438913e-05, KEe, 93306.981649, MEe, 4.665349082e+00, E, -500.000000, NP, 20000 100000
223900, t, 3.440449e-05, KEe, 93397.069075, MEe, 4.669853454e+00, E, -500.000000, NP, 20000 100000
224000, t, 3.441986e-05, KEe, 93465.330322, MEe, 4.673266516e+00, E, -500.000000, NP, 20000 100000
224100, t, 3.443522e-05, KEe, 93597.280998, MEe, 4.679864050e+00, E, -500.000000, NP, 20000 100000
224200, t, 3.445059e-05, KEe, 93531.641415, MEe, 4.676582071e+00, E, -500.000000, NP, 20000 100000
224300, t, 3.446596e-05, KEe, 93378.962085, MEe, 4.668948104e+00, E, -500.000000, NP, 20000 100000
224400, t, 3.448132e-05, KEe, 93262.184332, MEe, 4.663109217e+00, E, -500.000000, NP, 20000 100000
224500, t, 3.449669e-05, KEe, 93178.702885, MEe, 4.658935144e+00, E, -500.000000, NP, 20000 100000
224600, t, 3.451205e-05, KEe, 93294.274989, MEe, 4.664713749e+00, E, -500.000000, NP, 20000 100000
224700, t, 3.452742e-05, KEe, 93099.723580, MEe, 4.654986179e+00, E, -500.000000, NP, 20000 100000
224800, t, 3.454279e-05, KEe, 93050.526995, MEe, 4.652526350e+00, E, -500.000000, NP, 20000 100000
224900, t, 3.455815e-05, KEe, 93095.648232, MEe, 4.654782412e+00, E, -500.000000, NP, 20000 100000
225000, t, 3.457352e-05, KEe, 93027.479356, MEe, 4.651373968e+00, E, -500.000000, NP, 20000 100000
225100, t, 3.458888e-05, KEe, 93036.778028, MEe, 4.651838901e+00, E, -500.000000, NP, 20000 100000
225200, t, 3.460425e-05, KEe, 92791.136467, MEe, 4.639556823e+00, E, -500.000000, NP, 20000 100000
225300, t, 3.461962e-05, KEe, 92867.215701, MEe, 4.643360785e+00, E, -500.000000, NP, 20000 100000
225400, t, 3.463498e-05, KEe, 92874.650396, MEe, 4.643732520e+00, E, -500.000000, NP, 20000 100000
225500, t, 3.465035e-05, KEe, 92587.959526, MEe, 4.629397976e+00, E, -500.000000, NP, 20000 100000
225600, t, 3.466571e-05, KEe, 92733.339455, MEe, 4.636666973e+00, E, -500.000000, NP, 20000 100000
225700, t, 3.468108e-05, KEe, 92547.483674, MEe, 4.627374184e+00, E, -500.000000, NP, 20000 100000
225800, t, 3.469645e-05, KEe, 92946.378012, MEe, 4.647318901e+00, E, -500.000000, NP, 20000 100000
225900, t, 3.471181e-05, KEe, 92893.872499, MEe, 4.644693625e+00, E, -500.000000, NP, 20000 100000
226000, t, 3.472718e-05, KEe, 92840.361613, MEe, 4.642018081e+00, E, -500.000000, NP, 20000 100000
226100, t, 3.474254e-05, KEe, 92723.523382, MEe, 4.636176169e+00, E, -500.000000, NP, 20000 100000
226200, t, 3.475791e-05, KEe, 92831.990444, MEe, 4.641599522e+00, E, -500.000000, NP, 20000 100000
226300, t, 3.477328e-05, KEe, 92749.723384, MEe, 4.637486169e+00, E, -500.000000, NP, 20000 100000
226400, t, 3.478864e-05, KEe, 92825.591492, MEe, 4.641279575e+00, E, -500.000000, NP, 20000 100000
226500, t, 3.480401e-05, KEe, 92816.160050, MEe, 4.640808003e+00, E, -500.000000, NP, 20000 100000
226600, t, 3.481937e-05, KEe, 92740.931233, MEe, 4.637046562e+00, E, -500.000000, NP, 20000 100000
226700, t, 3.483474e-05, KEe, 92791.787283, MEe, 4.639589364e+00, E, -500.000000, NP, 20000 100000
226800, t, 3.485011e-05, KEe, 92991.020162, MEe, 4.649551008e+00, E, -500.000000, NP, 20000 100000
226900, t, 3.486547e-05, KEe, 92983.846928, MEe, 4.649192346e+00, E, -500.000000, NP, 20000 100000
227000, t, 3.488084e-05, KEe, 93116.039837, MEe, 4.655801992e+00, E, -500.000000, NP, 20000 100000
227100, t, 3.489620e-05, KEe, 93107.895659, MEe, 4.655394783e+00, E, -500.000000, NP, 20000 100000
227200, t, 3.491157e-05, KEe, 93267.389413, MEe, 4.663369471e+00, E, -500.000000, NP, 20000 100000
227300, t, 3.492694e-05, KEe, 93185.419810, MEe, 4.659270990e+00, E, -500.000000, NP, 20000 100000
227400, t, 3.494230e-05, KEe, 93433.823059, MEe, 4.671691153e+00, E, -500.000000, NP, 20000 100000
227500, t, 3.495767e-05, KEe, 93169.460864, MEe, 4.658473043e+00, E, -500.000000, NP, 20000 100000
227600, t, 3.497303e-05, KEe, 93279.619140, MEe, 4.663980957e+00, E, -500.000000, NP, 20000 100000
227700, t, 3.498840e-05, KEe, 93441.378419, MEe, 4.672068921e+00, E, -500.000000, NP, 20000 100000
227800, t, 3.500377e-05, KEe, 93250.559700, MEe, 4.662527985e+00, E, -500.000000, NP, 20000 100000
227900, t, 3.501913e-05, KEe, 93006.164917, MEe, 4.650308246e+00, E, -500.000000, NP, 20000 100000
228000, t, 3.503450e-05, KEe, 92874.787758, MEe, 4.643739388e+00, E, -500.000000, NP, 20000 100000
228100, t, 3.504986e-05, KEe, 92808.988035, MEe, 4.640449402e+00, E, -500.000000, NP, 20000 100000
228200, t, 3.506523e-05, KEe, 93033.354920, MEe, 4.651667746e+00, E, -500.000000, NP, 20000 100000
228300, t, 3.508060e-05, KEe, 92961.736679, MEe, 4.648086834e+00, E, -500.000000, NP, 20000 100000
228400, t, 3.509596e-05, KEe, 92823.497802, MEe, 4.641174890e+00, E, -500.000000, NP, 20000 100000
228500, t, 3.511133e-05, KEe, 92967.383208, MEe, 4.648369160e+00, E, -500.000000, NP, 20000 100000
228600, t, 3.512669e-05, KEe, 93106.322890, MEe, 4.655316145e+00, E, -500.000000, NP, 20000 100000
228700, t, 3.514206e-05, KEe, 93033.700686, MEe, 4.651685034e+00, E, -500.000000, NP, 20000 100000
228800, t, 3.515743e-05, KEe, 93015.469447, MEe, 4.650773472e+00, E, -500.000000, NP, 20000 100000
228900, t, 3.517279e-05, KEe, 93175.595905, MEe, 4.658779795e+00, E, -500.000000, NP, 20000 100000
229000, t, 3.518816e-05, KEe, 93189.330134, MEe, 4.659466507e+00, E, -500.000000, NP, 20000 100000
229100, t, 3.520352e-05, KEe, 93050.060429, MEe, 4.652503021e+00, E, -500.000000, NP, 20000 100000
229200, t, 3.521889e-05, KEe, 93251.799644, MEe, 4.662589982e+00, E, -500.000000, NP, 20000 100000
229300, t, 3.523426e-05, KEe, 93377.078811, MEe, 4.668853941e+00, E, -500.000000, NP, 20000 100000
229400, t, 3.524962e-05, KEe, 93346.547743, MEe, 4.667327387e+00, E, -500.000000, NP, 20000 100000
229500, t, 3.526499e-05, KEe, 93454.687269, MEe, 4.672734363e+00, E, -500.000000, NP, 20000 100000
229600, t, 3.528035e-05, KEe, 93550.110408, MEe, 4.677505520e+00, E, -500.000000, NP, 20000 100000
229700, t, 3.529572e-05, KEe, 93709.694142, MEe, 4.685484707e+00, E, -500.000000, NP, 20000 100000
229800, t, 3.531109e-05, KEe, 93880.192364, MEe, 4.694009618e+00, E, -500.000000, NP, 20000 100000
229900, t, 3.532645e-05, KEe, 93844.653003, MEe, 4.692232650e+00, E, -500.000000, NP, 20000 100000
230000, t, 3.534182e-05, KEe, 93610.159437, MEe, 4.680507972e+00, E, -500.000000, NP, 20000 100000
230100, t, 3.535718e-05, KEe, 93506.990862, MEe, 4.675349543e+00, E, -500.000000, NP, 20000 100000
230200, t, 3.537255e-05, KEe, 93442.623307, MEe, 4.672131165e+00, E, -500.000000, NP, 20000 100000
230300, t, 3.538792e-05, KEe, 93506.406588, MEe, 4.675320329e+00, E, -500.000000, NP, 20000 100000
230400, t, 3.540328e-05, KEe, 93502.463954, MEe, 4.675123198e+00, E, -500.000000, NP, 20000 100000
230500, t, 3.541865e-05, KEe, 93400.538500, MEe, 4.670026925e+00, E, -500.000000, NP, 20000 100000
230600, t, 3.543401e-05, KEe, 93481.612077, MEe, 4.674080604e+00, E, -500.000000, NP, 20000 100000
230700, t, 3.544938e-05, KEe, 93367.673733, MEe, 4.668383687e+00, E, -500.000000, NP, 20000 100000
230800, t, 3.546475e-05, KEe, 93497.627439, MEe, 4.674881372e+00, E, -500.000000, NP, 20000 100000
230900, t, 3.548011e-05, KEe, 93604.428704, MEe, 4.680221435e+00, E, -500.000000, NP, 20000 100000
231000, t, 3.549548e-05, KEe, 93298.247621, MEe, 4.664912381e+00, E, -500.000000, NP, 20000 100000
231100, t, 3.551084e-05, KEe, 93155.363759, MEe, 4.657768188e+00, E, -500.000000, NP, 20000 100000
231200, t, 3.552621e-05, KEe, 93263.311497, MEe, 4.663165575e+00, E, -500.000000, NP, 20000 100000
231300, t, 3.554158e-05, KEe, 93308.262288, MEe, 4.665413114e+00, E, -500.000000, NP, 20000 100000
231400, t, 3.555694e-05, KEe, 93213.168296, MEe, 4.660658415e+00, E, -500.000000, NP, 20000 100000
231500, t, 3.557231e-05, KEe, 93161.925002, MEe, 4.658096250e+00, E, -500.000000, NP, 20000 100000
231600, t, 3.558767e-05, KEe, 93291.077736, MEe, 4.664553887e+00, E, -500.000000, NP, 20000 100000
231700, t, 3.560304e-05, KEe, 93221.651657, MEe, 4.661082583e+00, E, -500.000000, NP, 20000 100000
231800, t, 3.561841e-05, KEe, 93441.486378, MEe, 4.672074319e+00, E, -500.000000, NP, 20000 100000
231900, t, 3.563377e-05, KEe, 93445.111956, MEe, 4.672255598e+00, E, -500.000000, NP, 20000 100000
232000, t, 3.564914e-05, KEe, 93454.429546, MEe, 4.672721477e+00, E, -500.000000, NP, 20000 100000
232100, t, 3.566450e-05, KEe, 93470.572410, MEe, 4.673528620e+00, E, -500.000000, NP, 20000 100000
232200, t, 3.567987e-05, KEe, 93561.306957, MEe, 4.678065348e+00, E, -500.000000, NP, 20000 100000
232300, t, 3.569524e-05, KEe, 93205.336621, MEe, 4.660266831e+00, E, -500.000000, NP, 20000 100000
232400, t, 3.571060e-05, KEe, 93159.063813, MEe, 4.657953191e+00, E, -500.000000, NP, 20000 100000
232500, t, 3.572597e-05, KEe, 93140.569179, MEe, 4.657028459e+00, E, -500.000000, NP, 20000 100000
232600, t, 3.574134e-05, KEe, 93313.345159, MEe, 4.665667258e+00, E, -500.000000, NP, 20000 100000
232700, t, 3.575670e-05, KEe, 93330.461370, MEe, 4.666523069e+00, E, -500.000000, NP, 20000 100000
232800, t, 3.577207e-05, KEe, 93379.635585, MEe, 4.668981779e+00, E, -500.000000, NP, 20000 100000
232900, t, 3.578743e-05, KEe, 93479.573818, MEe, 4.673978691e+00, E, -500.000000, NP, 20000 100000
233000, t, 3.580280e-05, KEe, 93100.305174, MEe, 4.655015259e+00, E, -500.000000, NP, 20000 100000
233100, t, 3.581817e-05, KEe, 93098.911449, MEe, 4.654945572e+00, E, -500.000000, NP, 20000 100000
233200, t, 3.583353e-05, KEe, 93026.283305, MEe, 4.651314165e+00, E, -500.000000, NP, 20000 100000
233300, t, 3.584890e-05, KEe, 93076.651493, MEe, 4.653832575e+00, E, -500.000000, NP, 20000 100000
233400, t, 3.586426e-05, KEe, 93318.508845, MEe, 4.665925442e+00, E, -500.000000, NP, 20000 100000
233500, t, 3.587963e-05, KEe, 93147.067369, MEe, 4.657353368e+00, E, -500.000000, NP, 20000 100000
233600, t, 3.589500e-05, KEe, 93115.245249, MEe, 4.655762262e+00, E, -500.000000, NP, 20000 100000
233700, t, 3.591036e-05, KEe, 93085.072149, MEe, 4.654253607e+00, E, -500.000000, NP, 20000 100000
233800, t, 3.592573e-05, KEe, 93231.312564, MEe, 4.661565628e+00, E, -500.000000, NP, 20000 100000
233900, t, 3.594109e-05, KEe, 93114.083637, MEe, 4.655704182e+00, E, -500.000000, NP, 20000 100000
234000, t, 3.595646e-05, KEe, 93067.693216, MEe, 4.653384661e+00, E, -500.000000, NP, 20000 100000
234100, t, 3.597183e-05, KEe, 93211.029544, MEe, 4.660551477e+00, E, -500.000000, NP, 20000 100000
234200, t, 3.598719e-05, KEe, 93228.996849, MEe, 4.661449842e+00, E, -500.000000, NP, 20000 100000
234300, t, 3.600256e-05, KEe, 93170.533556, MEe, 4.658526678e+00, E, -500.000000, NP, 20000 100000
234400, t, 3.601792e-05, KEe, 93252.874364, MEe, 4.662643718e+00, E, -500.000000, NP, 20000 100000
234500, t, 3.603329e-05, KEe, 93192.185190, MEe, 4.659609260e+00, E, -500.000000, NP, 20000 100000
234600, t, 3.604866e-05, KEe, 93262.325778, MEe, 4.663116289e+00, E, -500.000000, NP, 20000 100000
234700, t, 3.606402e-05, KEe, 93301.151381, MEe, 4.665057569e+00, E, -500.000000, NP, 20000 100000
234800, t, 3.607939e-05, KEe, 93539.773985, MEe, 4.676988699e+00, E, -500.000000, NP, 20000 100000
234900, t, 3.609475e-05, KEe, 93594.620011, MEe, 4.679731001e+00, E, -500.000000, NP, 20000 100000
235000, t, 3.611012e-05, KEe, 93433.496139, MEe, 4.671674807e+00, E, -500.000000, NP, 20000 100000
235100, t, 3.612549e-05, KEe, 93351.727822, MEe, 4.667586391e+00, E, -500.000000, NP, 20000 100000
235200, t, 3.614085e-05, KEe, 93235.580568, MEe, 4.661779028e+00, E, -500.000000, NP, 20000 100000
235300, t, 3.615622e-05, KEe, 93042.784170, MEe, 4.652139208e+00, E, -500.000000, NP, 20000 100000
235400, t, 3.617158e-05, KEe, 93249.648344, MEe, 4.662482417e+00, E, -500.000000, NP, 20000 100000
235500, t, 3.618695e-05, KEe, 93227.716451, MEe, 4.661385823e+00, E, -500.000000, NP, 20000 100000
235600, t, 3.620232e-05, KEe, 93257.962218, MEe, 4.662898111e+00, E, -500.000000, NP, 20000 100000
235700, t, 3.621768e-05, KEe, 93324.314459, MEe, 4.666215723e+00, E, -500.000000, NP, 20000 100000
235800, t, 3.623305e-05, KEe, 93499.015573, MEe, 4.674950779e+00, E, -500.000000, NP, 20000 100000
235900, t, 3.624841e-05, KEe, 93422.521350, MEe, 4.671126068e+00, E, -500.000000, NP, 20000 100000
236000, t, 3.626378e-05, KEe, 93374.270442, MEe, 4.668713522e+00, E, -500.000000, NP, 20000 100000
236100, t, 3.627915e-05, KEe, 93331.871979, MEe, 4.666593599e+00, E, -500.000000, NP, 20000 100000
236200, t, 3.629451e-05, KEe, 93104.604999, MEe, 4.655230250e+00, E, -500.000000, NP, 20000 100000
236300, t, 3.630988e-05, KEe, 93087.257509, MEe, 4.654362875e+00, E, -500.000000, NP, 20000 100000
236400, t, 3.632524e-05, KEe, 93234.316716, MEe, 4.661715836e+00, E, -500.000000, NP, 20000 100000
236500, t, 3.634061e-05, KEe, 93289.977286, MEe, 4.664498864e+00, E, -500.000000, NP, 20000 100000
236600, t, 3.635598e-05, KEe, 93389.341529, MEe, 4.669467076e+00, E, -500.000000, NP, 20000 100000
236700, t, 3.637134e-05, KEe, 93442.570617, MEe, 4.672128531e+00, E, -500.000000, NP, 20000 100000
236800, t, 3.638671e-05, KEe, 93349.172880, MEe, 4.667458644e+00, E, -500.000000, NP, 20000 100000
236900, t, 3.640207e-05, KEe, 93286.397947, MEe, 4.664319897e+00, E, -500.000000, NP, 20000 100000
237000, t, 3.641744e-05, KEe, 93297.414397, MEe, 4.664870720e+00, E, -500.000000, NP, 20000 100000
237100, t, 3.643281e-05, KEe, 93308.308178, MEe, 4.665415409e+00, E, -500.000000, NP, 20000 100000
237200, t, 3.644817e-05, KEe, 93212.041064, MEe, 4.660602053e+00, E, -500.000000, NP, 20000 100000
237300, t, 3.646354e-05, KEe, 93373.016378, MEe, 4.668650819e+00, E, -500.000000, NP, 20000 100000
237400, t, 3.647890e-05, KEe, 93216.128279, MEe, 4.660806414e+00, E, -500.000000, NP, 20000 100000
237500, t, 3.649427e-05, KEe, 93151.112828, MEe, 4.657555641e+00, E, -500.000000, NP, 20000 100000
237600, t, 3.650964e-05, KEe, 92837.180314, MEe, 4.641859016e+00, E, -500.000000, NP, 20000 100000
237700, t, 3.652500e-05, KEe, 93102.004848, MEe, 4.655100242e+00, E, -500.000000, NP, 20000 100000
237800, t, 3.654037e-05, KEe, 93008.056410, MEe, 4.650402821e+00, E, -500.000000, NP, 20000 100000
237900, t, 3.655573e-05, KEe, 92815.755496, MEe, 4.640787775e+00, E, -500.000000, NP, 20000 100000
238000, t, 3.657110e-05, KEe, 92843.420829, MEe, 4.642171041e+00, E, -500.000000, NP, 20000 100000
238100, t, 3.658647e-05, KEe, 92846.503657, MEe, 4.642325183e+00, E, -500.000000, NP, 20000 100000
238200, t, 3.660183e-05, KEe, 92759.028238, MEe, 4.637951412e+00, E, -500.000000, NP, 20000 100000
238300, t, 3.661720e-05, KEe, 92804.121447, MEe, 4.640206072e+00, E, -500.000000, NP, 20000 100000
238400, t, 3.663256e-05, KEe, 93127.664628, MEe, 4.656383231e+00, E, -500.000000, NP, 20000 100000
238500, t, 3.664793e-05, KEe, 93251.467446, MEe, 4.662573372e+00, E, -500.000000, NP, 20000 100000
238600, t, 3.666330e-05, KEe, 93377.094692, MEe, 4.668854735e+00, E, -500.000000, NP, 20000 100000
238700, t, 3.667866e-05, KEe, 93323.890712, MEe, 4.666194536e+00, E, -500.000000, NP, 20000 100000
238800, t, 3.669403e-05, KEe, 93273.242333, MEe, 4.663662117e+00, E, -500.000000, NP, 20000 100000
238900, t, 3.670939e-05, KEe, 93109.433394, MEe, 4.655471670e+00, E, -500.000000, NP, 20000 100000
239000, t, 3.672476e-05, KEe, 92893.316516, MEe, 4.644665826e+00, E, -500.000000, NP, 20000 100000
239100, t, 3.674013e-05, KEe, 92998.496540, MEe, 4.649924827e+00, E, -500.000000, NP, 20000 100000
239200, t, 3.675549e-05, KEe, 93224.675529, MEe, 4.661233776e+00, E, -500.000000, NP, 20000 100000
239300, t, 3.677086e-05, KEe, 93202.968711, MEe, 4.660148436e+00, E, -500.000000, NP, 20000 100000
239400, t, 3.678622e-05, KEe, 93261.210875, MEe, 4.663060544e+00, E, -500.000000, NP, 20000 100000
239500, t, 3.680159e-05, KEe, 93167.152237, MEe, 4.658357612e+00, E, -500.000000, NP, 20000 100000
239600, t, 3.681696e-05, KEe, 93225.320097, MEe, 4.661266005e+00, E, -500.000000, NP, 20000 100000
239700, t, 3.683232e-05, KEe, 93173.287272, MEe, 4.658664364e+00, E, -500.000000, NP, 20000 100000
239800, t, 3.684769e-05, KEe, 93227.222703, MEe, 4.661361135e+00, E, -500.000000, NP, 20000 100000
239900, t, 3.686305e-05, KEe, 93122.623930, MEe, 4.656131197e+00, E, -500.000000, NP, 20000 100000
240000, t, 3.687842e-05, KEe, 93165.239383, MEe, 4.658261969e+00, E, -500.000000, NP, 20000 100000
240100, t, 3.689379e-05, KEe, 93240.334631, MEe, 4.662016732e+00, E, -500.000000, NP, 20000 100000
240200, t, 3.690915e-05, KEe, 93285.678112, MEe, 4.664283906e+00, E, -500.000000, NP, 20000 100000
240300, t, 3.692452e-05, KEe, 93332.803811, MEe, 4.666640191e+00, E, -500.000000, NP, 20000 100000
240400, t, 3.693988e-05, KEe, 93219.690755, MEe, 4.660984538e+00, E, -500.000000, NP, 20000 100000
240500, t, 3.695525e-05, KEe, 93278.025552, MEe, 4.663901278e+00, E, -500.000000, NP, 20000 100000
240600, t, 3.697062e-05, KEe, 93236.851046, MEe, 4.661842552e+00, E, -500.000000, NP, 20000 100000
240700, t, 3.698598e-05, KEe, 93269.260447, MEe, 4.663463022e+00, E, -500.000000, NP, 20000 100000
240800, t, 3.700135e-05, KEe, 93368.885483, MEe, 4.668444274e+00, E, -500.000000, NP, 20000 100000
240900, t, 3.701671e-05, KEe, 93347.958219, MEe, 4.667397911e+00, E, -500.000000, NP, 20000 100000
241000, t, 3.703208e-05, KEe, 93293.625900, MEe, 4.664681295e+00, E, -500.000000, NP, 20000 100000
241100, t, 3.704745e-05, KEe, 93086.046220, MEe, 4.654302311e+00, E, -500.000000, NP, 20000 100000
241200, t, 3.706281e-05, KEe, 93128.820304, MEe, 4.656441015e+00, E, -500.000000, NP, 20000 100000
241300, t, 3.707818e-05, KEe, 93009.956317, MEe, 4.650497816e+00, E, -500.000000, NP, 20000 100000
241400, t, 3.709354e-05, KEe, 92959.600682, MEe, 4.647980034e+00, E, -500.000000, NP, 20000 100000
241500, t, 3.710891e-05, KEe, 92998.606671, MEe, 4.649930334e+00, E, -500.000000, NP, 20000 100000
241600, t, 3.712428e-05, KEe, 92871.165924, MEe, 4.643558296e+00, E, -500.000000, NP, 20000 100000
241700, t, 3.713964e-05, KEe, 92923.202809, MEe, 4.646160140e+00, E, -500.000000, NP, 20000 100000
241800, t, 3.715501e-05, KEe, 93018.472148, MEe, 4.650923607e+00, E, -500.000000, NP, 20000 100000
241900, t, 3.717037e-05, KEe, 93083.524226, MEe, 4.654176211e+00, E, -500.000000, NP, 20000 100000
242000, t, 3.718574e-05, KEe, 93204.869569, MEe, 4.660243478e+00, E, -500.000000, NP, 20000 100000
242100, t, 3.720111e-05, KEe, 93161.722180, MEe, 4.658086109e+00, E, -500.000000, NP, 20000 100000
242200, t, 3.721647e-05, KEe, 93364.766944, MEe, 4.668238347e+00, E, -500.000000, NP, 20000 100000
242300, t, 3.723184e-05, KEe, 93352.535455, MEe, 4.667626773e+00, E, -500.000000, NP, 20000 100000
242400, t, 3.724720e-05, KEe, 93316.038805, MEe, 4.665801940e+00, E, -500.000000, NP, 20000 100000
242500, t, 3.726257e-05, KEe, 93347.396203, MEe, 4.667369810e+00, E, -500.000000, NP, 20000 100000
242600, t, 3.727794e-05, KEe, 93532.715544, MEe, 4.676635777e+00, E, -500.000000, NP, 20000 100000
242700, t, 3.729330e-05, KEe, 93647.889502, MEe, 4.682394475e+00, E, -500.000000, NP, 20000 100000
242800, t, 3.730867e-05, KEe, 93696.968989, MEe, 4.684848449e+00, E, -500.000000, NP, 20000 100000
242900, t, 3.732403e-05, KEe, 93542.696535, MEe, 4.677134827e+00, E, -500.000000, NP, 20000 100000
243000, t, 3.733940e-05, KEe, 93482.837974, MEe, 4.674141899e+00, E, -500.000000, NP, 20000 100000
243100, t, 3.735477e-05, KEe, 93449.118861, MEe, 4.672455943e+00, E, -500.000000, NP, 20000 100000
243200, t, 3.737013e-05, KEe, 93427.226121, MEe, 4.671361306e+00, E, -500.000000, NP, 20000 100000
243300, t, 3.738550e-05, KEe, 93212.717717, MEe, 4.660635886e+00, E, -500.000000, NP, 20000 100000
243400, t, 3.740086e-05, KEe, 93539.314339, MEe, 4.676965717e+00, E, -500.000000, NP, 20000 100000
243500, t, 3.741623e-05, KEe, 93576.304344, MEe, 4.678815217e+00, E, -500.000000, NP, 20000 100000
243600, t, 3.743160e-05, KEe, 93422.740509, MEe, 4.671137025e+00, E, -500.000000, NP, 20000 100000
243700, t, 3.744696e-05, KEe, 93459.810568, MEe, 4.672990528e+00, E, -500.000000, NP, 20000 100000
243800, t, 3.746233e-05, KEe, 93340.472517, MEe, 4.667023626e+00, E, -500.000000, NP, 20000 100000
243900, t, 3.747769e-05, KEe, 93431.170738, MEe, 4.671558537e+00, E, -500.000000, NP, 20000 100000
244000, t, 3.749306e-05, KEe, 93526.648966, MEe, 4.676332448e+00, E, -500.000000, NP, 20000 100000
244100, t, 3.750843e-05, KEe, 93339.464455, MEe, 4.666973223e+00, E, -500.000000, NP, 20000 100000
244200, t, 3.752379e-05, KEe, 93331.030016, MEe, 4.666551501e+00, E, -500.000000, NP, 20000 100000
244300, t, 3.753916e-05, KEe, 93439.309842, MEe, 4.671965492e+00, E, -500.000000, NP, 20000 100000
244400, t, 3.755452e-05, KEe, 93385.511745, MEe, 4.669275587e+00, E, -500.000000, NP, 20000 100000
244500, t, 3.756989e-05, KEe, 93317.805018, MEe, 4.665890251e+00, E, -500.000000, NP, 20000 100000
244600, t, 3.758526e-05, KEe, 93366.010413, MEe, 4.668300521e+00, E, -500.000000, NP, 20000 100000
244700, t, 3.760062e-05, KEe, 93242.724900, MEe, 4.662136245e+00, E, -500.000000, NP, 20000 100000
244800, t, 3.761599e-05, KEe, 93239.236564, MEe, 4.661961828e+00, E, -500.000000, NP, 20000 100000
244900, t, 3.763135e-05, KEe, 93297.799227, MEe, 4.664889961e+00, E, -500.000000, NP, 20000 100000
245000, t, 3.764672e-05, KEe, 93239.306650, MEe, 4.661965332e+00, E, -500.000000, NP, 20000 100000
245100, t, 3.766209e-05, KEe, 93091.457906, MEe, 4.654572895e+00, E, -500.000000, NP, 20000 100000
245200, t, 3.767745e-05, KEe, 93274.077692, MEe, 4.663703885e+00, E, -500.000000, NP, 20000 100000
245300, t, 3.769282e-05, KEe, 92944.330803, MEe, 4.647216540e+00, E, -500.000000, NP, 20000 100000
245400, t, 3.770818e-05, KEe, 93175.493123, MEe, 4.658774656e+00, E, -500.000000, NP, 20000 100000
245500, t, 3.772355e-05, KEe, 93035.924447, MEe, 4.651796222e+00, E, -500.000000, NP, 20000 100000
245600, t, 3.773892e-05, KEe, 92916.216879, MEe, 4.645810844e+00, E, -500.000000, NP, 20000 100000
245700, t, 3.775428e-05, KEe, 92701.702117, MEe, 4.635085106e+00, E, -500.000000, NP, 20000 100000
245800, t, 3.776965e-05, KEe, 92707.558914, MEe, 4.635377946e+00, E, -500.000000, NP, 20000 100000
245900, t, 3.778501e-05, KEe, 92759.104923, MEe, 4.637955246e+00, E, -500.000000, NP, 20000 100000
246000, t, 3.780038e-05, KEe, 92785.750338, MEe, 4.639287517e+00, E, -500.000000, NP, 20000 100000
246100, t, 3.781575e-05, KEe, 92855.308047, MEe, 4.642765402e+00, E, -500.000000, NP, 20000 100000
246200, t, 3.783111e-05, KEe, 92887.503979, MEe, 4.644375199e+00, E, -500.000000, NP, 20000 100000
246300, t, 3.784648e-05, KEe, 92805.001943, MEe, 4.640250097e+00, E, -500.000000, NP, 20000 100000
246400, t, 3.786184e-05, KEe, 92664.327036, MEe, 4.633216352e+00, E, -500.000000, NP, 20000 100000
246500, t, 3.787721e-05, KEe, 92706.366826, MEe, 4.635318341e+00, E, -500.000000, NP, 20000 100000
246600, t, 3.789258e-05, KEe, 92713.000835, MEe, 4.635650042e+00, E, -500.000000, NP, 20000 100000
246700, t, 3.790794e-05, KEe, 92465.319385, MEe, 4.623265969e+00, E, -500.000000, NP, 20000 100000
246800, t, 3.792331e-05, KEe, 92385.535443, MEe, 4.619276772e+00, E, -500.000000, NP, 20000 100000
246900, t, 3.793867e-05, KEe, 92294.643688, MEe, 4.614732184e+00, E, -500.000000, NP, 20000 100000
247000, t, 3.795404e-05, KEe, 92455.593335, MEe, 4.622779667e+00, E, -500.000000, NP, 20000 100000
247100, t, 3.796941e-05, KEe, 92526.321477, MEe, 4.626316074e+00, E, -500.000000, NP, 20000 100000
247200, t, 3.798477e-05, KEe, 92502.044005, MEe, 4.625102200e+00, E, -500.000000, NP, 20000 100000
247300, t, 3.800014e-05, KEe, 92624.194959, MEe, 4.631209748e+00, E, -500.000000, NP, 20000 100000
247400, t, 3.801550e-05, KEe, 92316.154140, MEe, 4.615807707e+00, E, -500.000000, NP, 20000 100000
247500, t, 3.803087e-05, KEe, 92372.700159, MEe, 4.618635008e+00, E, -500.000000, NP, 20000 100000
247600, t, 3.804624e-05, KEe, 92574.880725, MEe, 4.628744036e+00, E, -500.000000, NP, 20000 100000
247700, t, 3.806160e-05, KEe, 92567.931053, MEe, 4.628396553e+00, E, -500.000000, NP, 20000 100000
247800, t, 3.807697e-05, KEe, 92457.095980, MEe, 4.622854799e+00, E, -500.000000, NP, 20000 100000
247900, t, 3.809233e-05, KEe, 92531.892601, MEe, 4.626594630e+00, E, -500.000000, NP, 20000 100000
248000, t, 3.810770e-05, KEe, 92786.012343, MEe, 4.639300617e+00, E, -500.000000, NP, 20000 100000
248100, t, 3.812307e-05, KEe, 92917.174527, MEe, 4.645858726e+00, E, -500.000000, NP, 20000 100000
248200, t, 3.813843e-05, KEe, 92860.247012, MEe, 4.643012351e+00, E, -500.000000, NP, 20000 100000
248300, t, 3.815380e-05, KEe, 92834.783581, MEe, 4.641739179e+00, E, -500.000000, NP, 20000 100000
248400, t, 3.816916e-05, KEe, 92851.530259, MEe, 4.642576513e+00, E, -500.000000, NP, 20000 100000
248500, t, 3.818453e-05, KEe, 92908.059168, MEe, 4.645402958e+00, E, -500.000000, NP, 20000 100000
248600, t, 3.819990e-05, KEe, 93042.474828, MEe, 4.652123741e+00, E, -500.000000, NP, 20000 100000
248700, t, 3.821526e-05, KEe, 93030.068726, MEe, 4.651503436e+00, E, -500.000000, NP, 20000 100000
248800, t, 3.823063e-05, KEe, 93228.851889, MEe, 4.661442594e+00, E, -500.000000, NP, 20000 100000
248900, t, 3.824599e-05, KEe, 93304.471522, MEe, 4.665223576e+00, E, -500.000000, NP, 20000 100000
249000, t, 3.826136e-05, KEe, 93460.260893, MEe, 4.673013045e+00, E, -500.000000, NP, 20000 100000
249100, t, 3.827673e-05, KEe, 93387.190398, MEe, 4.669359520e+00, E, -500.000000, NP, 20000 100000
249200, t, 3.829209e-05, KEe, 93206.253004, MEe, 4.660312650e+00, E, -500.000000, NP, 20000 100000
249300, t, 3.830746e-05, KEe, 93436.523353, MEe, 4.671826168e+00, E, -500.000000, NP, 20000 100000
249400, t, 3.832282e-05, KEe, 93465.389755, MEe, 4.673269488e+00, E, -500.000000, NP, 20000 100000
249500, t, 3.833819e-05, KEe, 93369.745527, MEe, 4.668487276e+00, E, -500.000000, NP, 20000 100000
249600, t, 3.835356e-05, KEe, 93305.478568, MEe, 4.665273928e+00, E, -500.000000, NP, 20000 100000
249700, t, 3.836892e-05, KEe, 93313.378435, MEe, 4.665668922e+00, E, -500.000000, NP, 20000 100000
249800, t, 3.838429e-05, KEe, 93140.577090, MEe, 4.657028855e+00, E, -500.000000, NP, 20000 100000
249900, t, 3.839965e-05, KEe, 93306.251227, MEe, 4.665312561e+00, E, -500.000000, NP, 20000 100000
250000, t, 3.841502e-05, KEe, 93282.981800, MEe, 4.664149090e+00, E, -500.000000, NP, 20000 100000
250100, t, 3.843039e-05, KEe, 93419.276887, MEe, 4.670963844e+00, E, -500.000000, NP, 20000 100000
250200, t, 3.844575e-05, KEe, 93076.971314, MEe, 4.653848566e+00, E, -500.000000, NP, 20000 100000
250300, t, 3.846112e-05, KEe, 93181.427970, MEe, 4.659071399e+00, E, -500.000000, NP, 20000 100000
250400, t, 3.847648e-05, KEe, 93309.152523, MEe, 4.665457626e+00, E, -500.000000, NP, 20000 100000
250500, t, 3.849185e-05, KEe, 93279.750480, MEe, 4.663987524e+00, E, -500.000000, NP, 20000 100000
250600, t, 3.850722e-05, KEe, 93121.953293, MEe, 4.656097665e+00, E, -500.000000, NP, 20000 100000
250700, t, 3.852258e-05, KEe, 93167.649282, MEe, 4.658382464e+00, E, -500.000000, NP, 20000 100000
250800, t, 3.853795e-05, KEe, 93055.607398, MEe, 4.652780370e+00, E, -500.000000, NP, 20000 100000
250900, t, 3.855331e-05, KEe, 93003.533156, MEe, 4.650176658e+00, E, -500.000000, NP, 20000 100000
251000, t, 3.856868e-05, KEe, 93186.491910, MEe, 4.659324596e+00, E, -500.000000, NP, 20000 100000
251100, t, 3.858405e-05, KEe, 93306.441009, MEe, 4.665322050e+00, E, -500.000000, NP, 20000 100000
251200, t, 3.859941e-05, KEe, 93297.059563, MEe, 4.664852978e+00, E, -500.000000, NP, 20000 100000
251300, t, 3.861478e-05, KEe, 93412.771317, MEe, 4.670638566e+00, E, -500.000000, NP, 20000 100000
251400, t, 3.863014e-05, KEe, 93417.447883, MEe, 4.670872394e+00, E, -500.000000, NP, 20000 100000
251500, t, 3.864551e-05, KEe, 93376.753574, MEe, 4.668837679e+00, E, -500.000000, NP, 20000 100000
251600, t, 3.866088e-05, KEe, 93230.055514, MEe, 4.661502776e+00, E, -500.000000, NP, 20000 100000
251700, t, 3.867624e-05, KEe, 93202.911989, MEe, 4.660145599e+00, E, -500.000000, NP, 20000 100000
251800, t, 3.869161e-05, KEe, 93066.332933, MEe, 4.653316647e+00, E, -500.000000, NP, 20000 100000
251900, t, 3.870697e-05, KEe, 93056.572777, MEe, 4.652828639e+00, E, -500.000000, NP, 20000 100000
252000, t, 3.872234e-05, KEe, 93230.641198, MEe, 4.661532060e+00, E, -500.000000, NP, 20000 100000
252100, t, 3.873771e-05, KEe, 93113.936858, MEe, 4.655696843e+00, E, -500.000000, NP, 20000 100000
252200, t, 3.875307e-05, KEe, 93301.649116, MEe, 4.665082456e+00, E, -500.000000, NP, 20000 100000
252300, t, 3.876844e-05, KEe, 93498.315714, MEe, 4.674915786e+00, E, -500.000000, NP, 20000 100000
252400, t, 3.878380e-05, KEe, 93234.964491, MEe, 4.661748225e+00, E, -500.000000, NP, 20000 100000
252500, t, 3.879917e-05, KEe, 93110.877555, MEe, 4.655543878e+00, E, -500.000000, NP, 20000 100000
252600, t, 3.881454e-05, KEe, 93115.035892, MEe, 4.655751795e+00, E, -500.000000, NP, 20000 100000
252700, t, 3.882990e-05, KEe, 92832.743192, MEe, 4.641637160e+00, E, -500.000000, NP, 20000 100000
252800, t, 3.884527e-05, KEe, 92951.339239, MEe, 4.647566962e+00, E, -500.000000, NP, 20000 100000
252900, t, 3.886063e-05, KEe, 92998.606936, MEe, 4.649930347e+00, E, -500.000000, NP, 20000 100000
253000, t, 3.887600e-05, KEe, 93081.233023, MEe, 4.654061651e+00, E, -500.000000, NP, 20000 100000
253100, t, 3.889137e-05, KEe, 92980.845908, MEe, 4.649042295e+00, E, -500.000000, NP, 20000 100000
253200, t, 3.890673e-05, KEe, 93072.847912, MEe, 4.653642396e+00, E, -500.000000, NP, 20000 100000
253300, t, 3.892210e-05, KEe, 92937.240099, MEe, 4.646862005e+00, E, -500.000000, NP, 20000 100000
253400, t, 3.893746e-05, KEe, 93093.438489, MEe, 4.654671924e+00, E, -500.000000, NP, 20000 100000
253500, t, 3.895283e-05, KEe, 92984.582419, MEe, 4.649229121e+00, E, -500.000000, NP, 20000 100000
253600, t, 3.896820e-05, KEe, 92975.157054, MEe, 4.648757853e+00, E, -500.000000, NP, 20000 100000
253700, t, 3.898356e-05, KEe, 93060.015684, MEe, 4.653000784e+00, E, -500.000000, NP, 20000 100000
253800, t, 3.899893e-05, KEe, 93066.974093, MEe, 4.653348705e+00, E, -500.000000, NP, 20000 100000
253900, t, 3.901429e-05, KEe, 92944.707723, MEe, 4.647235386e+00, E, -500.000000, NP, 20000 100000
254000, t, 3.902966e-05, KEe, 92974.731607, MEe, 4.648736580e+00, E, -500.000000, NP, 20000 100000
254100, t, 3.904503e-05, KEe, 93122.645006, MEe, 4.656132250e+00, E, -500.000000, NP, 20000 100000
254200, t, 3.906039e-05, KEe, 93425.039552, MEe, 4.671251978e+00, E, -500.000000, NP, 20000 100000
254300, t, 3.907576e-05, KEe, 93308.133149, MEe, 4.665406657e+00, E, -500.000000, NP, 20000 100000
254400, t, 3.909112e-05, KEe, 93316.770823, MEe, 4.665838541e+00, E, -500.000000, NP, 20000 100000
254500, t, 3.910649e-05, KEe, 93138.811584, MEe, 4.656940579e+00, E, -500.000000, NP, 20000 100000
254600, t, 3.912186e-05, KEe, 93396.936484, MEe, 4.669846824e+00, E, -500.000000, NP, 20000 100000
254700, t, 3.913722e-05, KEe, 93279.474003, MEe, 4.663973700e+00, E, -500.000000, NP, 20000 100000
254800, t, 3.915259e-05, KEe, 93263.878189, MEe, 4.663193909e+00, E, -500.000000, NP, 20000 100000
254900, t, 3.916795e-05, KEe, 93267.148769, MEe, 4.663357438e+00, E, -500.000000, NP, 20000 100000
255000, t, 3.918332e-05, KEe, 93113.215522, MEe, 4.655660776e+00, E, -500.000000, NP, 20000 100000
255100, t, 3.919869e-05, KEe, 93165.714407, MEe, 4.658285720e+00, E, -500.000000, NP, 20000 100000
255200, t, 3.921405e-05, KEe, 93047.342033, MEe, 4.652367102e+00, E, -500.000000, NP, 20000 100000
255300, t, 3.922942e-05, KEe, 93126.412081, MEe, 4.656320604e+00, E, -500.000000, NP, 20000 100000
255400, t, 3.924478e-05, KEe, 93232.503457, MEe, 4.661625173e+00, E, -500.000000, NP, 20000 100000
255500, t, 3.926015e-05, KEe, 93275.508380, MEe, 4.663775419e+00, E, -500.000000, NP, 20000 100000
255600, t, 3.927552e-05, KEe, 93411.412209, MEe, 4.670570610e+00, E, -500.000000, NP, 20000 100000
255700, t, 3.929088e-05, KEe, 93509.082294, MEe, 4.675454115e+00, E, -500.000000, NP, 20000 100000
255800, t, 3.930625e-05, KEe, 93589.641581, MEe, 4.679482079e+00, E, -500.000000, NP, 20000 100000
255900, t, 3.932161e-05, KEe, 93573.731620, MEe, 4.678686581e+00, E, -500.000000, NP, 20000 100000
256000, t, 3.933698e-05, KEe, 93357.374402, MEe, 4.667868720e+00, E, -500.000000, NP, 20000 100000
256100, t, 3.935235e-05, KEe, 93375.220141, MEe, 4.668761007e+00, E, -500.000000, NP, 20000 100000
256200, t, 3.936771e-05, KEe, 93252.132531, MEe, 4.662606627e+00, E, -500.000000, NP, 20000 100000
256300, t, 3.938308e-05, KEe, 93350.790008, MEe, 4.667539500e+00, E, -500.000000, NP, 20000 100000
256400, t, 3.939844e-05, KEe, 93214.893264, MEe, 4.660744663e+00, E, -500.000000, NP, 20000 100000
256500, t, 3.941381e-05, KEe, 93163.863774, MEe, 4.658193189e+00, E, -500.000000, NP, 20000 100000
256600, t, 3.942918e-05, KEe, 93305.673040, MEe, 4.665283652e+00, E, -500.000000, NP, 20000 100000
256700, t, 3.944454e-05, KEe, 93005.551362, MEe, 4.650277568e+00, E, -500.000000, NP, 20000 100000
256800, t, 3.945991e-05, KEe, 93041.077570, MEe, 4.652053879e+00, E, -500.000000, NP, 20000 100000
256900, t, 3.947528e-05, KEe, 92960.856668, MEe, 4.648042833e+00, E, -500.000000, NP, 20000 100000
257000, t, 3.949064e-05, KEe, 92960.304651, MEe, 4.648015233e+00, E, -500.000000, NP, 20000 100000
257100, t, 3.950601e-05, KEe, 92961.116953, MEe, 4.648055848e+00, E, -500.000000, NP, 20000 100000
257200, t, 3.952137e-05, KEe, 93245.732863, MEe, 4.662286643e+00, E, -500.000000, NP, 20000 100000
257300, t, 3.953674e-05, KEe, 93294.781678, MEe, 4.664739084e+00, E, -500.000000, NP, 20000 100000
257400, t, 3.955211e-05, KEe, 93285.271828, MEe, 4.664263591e+00, E, -500.000000, NP, 20000 100000
257500, t, 3.956747e-05, KEe, 93170.754690, MEe, 4.658537734e+00, E, -500.000000, NP, 20000 100000
257600, t, 3.958284e-05, KEe, 93182.853945, MEe, 4.659142697e+00, E, -500.000000, NP, 20000 100000
257700, t, 3.959820e-05, KEe, 93198.205567, MEe, 4.659910278e+00, E, -500.000000, NP, 20000 100000
257800, t, 3.961357e-05, KEe, 93182.697030, MEe, 4.659134851e+00, E, -500.000000, NP, 20000 100000
257900, t, 3.962894e-05, KEe, 93290.860403, MEe, 4.664543020e+00, E, -500.000000, NP, 20000 100000
258000, t, 3.964430e-05, KEe, 93294.812433, MEe, 4.664740622e+00, E, -500.000000, NP, 20000 100000
258100, t, 3.965967e-05, KEe, 93290.501590, MEe, 4.664525079e+00, E, -500.000000, NP, 20000 100000
258200, t, 3.967503e-05, KEe, 93274.960331, MEe, 4.663748017e+00, E, -500.000000, NP, 20000 100000
258300, t, 3.969040e-05, KEe, 93130.239844, MEe, 4.656511992e+00, E, -500.000000, NP, 20000 100000
258400, t, 3.970577e-05, KEe, 93012.760552, MEe, 4.650638028e+00, E, -500.000000, NP, 20000 100000
258500, t, 3.972113e-05, KEe, 92999.033505, MEe, 4.649951675e+00, E, -500.000000, NP, 20000 100000
258600, t, 3.973650e-05, KEe, 93208.677540, MEe, 4.660433877e+00, E, -500.000000, NP, 20000 100000
258700, t, 3.975186e-05, KEe, 93261.075481, MEe, 4.663053774e+00, E, -500.000000, NP, 20000 100000
258800, t, 3.976723e-05, KEe, 93199.973592, MEe, 4.659998680e+00, E, -500.000000, NP, 20000 100000
258900, t, 3.978260e-05, KEe, 93235.918510, MEe, 4.661795925e+00, E, -500.000000, NP, 20000 100000
259000, t, 3.979796e-05, KEe, 93430.039630, MEe, 4.671501981e+00, E, -500.000000, NP, 20000 100000
259100, t, 3.981333e-05, KEe, 93353.086101, MEe, 4.667654305e+00, E, -500.000000, NP, 20000 100000
259200, t, 3.982869e-05, KEe, 93346.234037, MEe, 4.667311702e+00, E, -500.000000, NP, 20000 100000
259300, t, 3.984406e-05, KEe, 93243.421560, MEe, 4.662171078e+00, E, -500.000000, NP, 20000 100000
259400, t, 3.985943e-05, KEe, 93314.506825, MEe, 4.665725341e+00, E, -500.000000, NP, 20000 100000
259500, t, 3.987479e-05, KEe, 93186.425250, MEe, 4.659321263e+00, E, -500.000000, NP, 20000 100000
259600, t, 3.989016e-05, KEe, 93237.044178, MEe, 4.661852209e+00, E, -500.000000, NP, 20000 100000
259700, t, 3.990552e-05, KEe, 93026.495078, MEe, 4.651324754e+00, E, -500.000000, NP, 20000 100000
259800, t, 3.992089e-05, KEe, 93139.352785, MEe, 4.656967639e+00, E, -500.000000, NP, 20000 100000
259900, t, 3.993626e-05, KEe, 93382.251993, MEe, 4.669112600e+00, E, -500.000000, NP, 20000 100000
260000, t, 3.995162e-05, KEe, 93320.050138, MEe, 4.666002507e+00, E, -500.000000, NP, 20000 100000
260100, t, 3.996699e-05, KEe, 93243.162411, MEe, 4.662158121e+00, E, -500.000000, NP, 20000 100000
260200, t, 3.998235e-05, KEe, 93343.006044, MEe, 4.667150302e+00, E, -500.000000, NP, 20000 100000
260300, t, 3.999772e-05, KEe, 93215.594713, MEe, 4.660779736e+00, E, -500.000000, NP, 20000 100000
260400, t, 4.001309e-05, KEe, 93167.267427, MEe, 4.658363371e+00, E, -500.000000, NP, 20000 100000
260500, t, 4.002845e-05, KEe, 93316.932533, MEe, 4.665846627e+00, E, -500.000000, NP, 20000 100000
260600, t, 4.004382e-05, KEe, 93340.511608, MEe, 4.667025580e+00, E, -500.000000, NP, 20000 100000
260700, t, 4.005918e-05, KEe, 93224.151714, MEe, 4.661207586e+00, E, -500.000000, NP, 20000 100000
260800, t, 4.007455e-05, KEe, 93235.728814, MEe, 4.661786441e+00, E, -500.000000, NP, 20000 100000
260900, t, 4.008992e-05, KEe, 93082.426890, MEe, 4.654121344e+00, E, -500.000000, NP, 20000 100000
261000, t, 4.010528e-05, KEe, 93121.195385, MEe, 4.656059769e+00, E, -500.000000, NP, 20000 100000
261100, t, 4.012065e-05, KEe, 92827.330970, MEe, 4.641366549e+00, E, -500.000000, NP, 20000 100000
261200, t, 4.013601e-05, KEe, 92872.262270, MEe, 4.643613113e+00, E, -500.000000, NP, 20000 100000
261300, t, 4.015138e-05, KEe, 92993.711667, MEe, 4.649685583e+00, E, -500.000000, NP, 20000 100000
261400, t, 4.016675e-05, KEe, 93134.114691, MEe, 4.656705735e+00, E, -500.000000, NP, 20000 100000
261500, t, 4.018211e-05, KEe, 93197.891173, MEe, 4.659894559e+00, E, -500.000000, NP, 20000 100000
261600, t, 4.019748e-05, KEe, 93055.257389, MEe, 4.652762869e+00, E, -500.000000, NP, 20000 100000
261700, t, 4.021284e-05, KEe, 93131.274529, MEe, 4.656563726e+00, E, -500.000000, NP, 20000 100000
261800, t, 4.022821e-05, KEe, 93203.696743, MEe, 4.660184837e+00, E, -500.000000, NP, 20000 100000
261900, t, 4.024358e-05, KEe, 92991.737180, MEe, 4.649586859e+00, E, -500.000000, NP, 20000 100000
262000, t, 4.025894e-05, KEe, 92845.021545, MEe, 4.642251077e+00, E, -500.000000, NP, 20000 100000
262100, t, 4.027431e-05, KEe, 92792.757934, MEe, 4.639637897e+00, E, -500.000000, NP, 20000 100000
262200, t, 4.028967e-05, KEe, 92809.524869, MEe, 4.640476243e+00, E, -500.000000, NP, 20000 100000
262300, t, 4.030504e-05, KEe, 92903.510861, MEe, 4.645175543e+00, E, -500.000000, NP, 20000 100000
262400, t, 4.032041e-05, KEe, 92989.753600, MEe, 4.649487680e+00, E, -500.000000, NP, 20000 100000
262500, t, 4.033577e-05, KEe, 92996.106206, MEe, 4.649805310e+00, E, -500.000000, NP, 20000 100000
262600, t, 4.035114e-05, KEe, 93077.024332, MEe, 4.653851217e+00, E, -500.000000, NP, 20000 100000
262700, t, 4.036650e-05, KEe, 93159.572482, MEe, 4.657978624e+00, E, -500.000000, NP, 20000 100000
262800, t, 4.038187e-05, KEe, 93256.294973, MEe, 4.662814749e+00, E, -500.000000, NP, 20000 100000
262900, t, 4.039724e-05, KEe, 93180.148993, MEe, 4.659007450e+00, E, -500.000000, NP, 20000 100000
263000, t, 4.041260e-05, KEe, 93211.635851, MEe, 4.660581793e+00, E, -500.000000, NP, 20000 100000
263100, t, 4.042797e-05, KEe, 93118.573442, MEe, 4.655928672e+00, E, -500.000000, NP, 20000 100000
263200, t, 4.044333e-05, KEe, 93139.290615, MEe, 4.656964531e+00, E, -500.000000, NP, 20000 100000
263300, t, 4.045870e-05, KEe, 93151.814781, MEe, 4.657590739e+00, E, -500.000000, NP, 20000 100000
263400, t, 4.047407e-05, KEe, 93242.575553, MEe, 4.662128778e+00, E, -500.000000, NP, 20000 100000
263500, t, 4.048943e-05, KEe, 93129.751608, MEe, 4.656487580e+00, E, -500.000000, NP, 20000 100000
263600, t, 4.050480e-05, KEe, 93025.657975, MEe, 4.651282899e+00, E, -500.000000, NP, 20000 100000
263700, t, 4.052016e-05, KEe, 93009.222457, MEe, 4.650461123e+00, E, -500.000000, NP, 20000 100000
263800, t, 4.053553e-05, KEe, 93006.607359, MEe, 4.650330368e+00, E, -500.000000, NP, 20000 100000
263900, t, 4.055090e-05, KEe, 92883.107804, MEe, 4.644155390e+00, E, -500.000000, NP, 20000 100000
264000, t, 4.056626e-05, KEe, 93118.509688, MEe, 4.655925484e+00, E, -500.000000, NP, 20000 100000
264100, t, 4.058163e-05, KEe, 93315.048928, MEe, 4.665752446e+00, E, -500.000000, NP, 20000 100000
264200, t, 4.059699e-05, KEe, 93184.351864, MEe, 4.659217593e+00, E, -500.000000, NP, 20000 100000
264300, t, 4.061236e-05, KEe, 93243.152484, MEe, 4.662157624e+00, E, -500.000000, NP, 20000 100000
264400, t, 4.062773e-05, KEe, 93407.895545, MEe, 4.670394777e+00, E, -500.000000, NP, 20000 100000
264500, t, 4.064309e-05, KEe, 93502.767989, MEe, 4.675138399e+00, E, -500.000000, NP, 20000 100000
264600, t, 4.065846e-05, KEe, 93532.294576, MEe, 4.676614729e+00, E, -500.000000, NP, 20000 100000
264700, t, 4.067382e-05, KEe, 93699.475845, MEe, 4.684973792e+00, E, -500.000000, NP, 20000 100000
264800, t, 4.068919e-05, KEe, 93677.802952, MEe, 4.683890148e+00, E, -500.000000, NP, 20000 100000
264900, t, 4.070456e-05, KEe, 93963.622386, MEe, 4.698181119e+00, E, -500.000000, NP, 20000 100000
265000, t, 4.071992e-05, KEe, 93788.093125, MEe, 4.689404656e+00, E, -500.000000, NP, 20000 100000
265100, t, 4.073529e-05, KEe, 93579.721482, MEe, 4.678986074e+00, E, -500.000000, NP, 20000 100000
265200, t, 4.075065e-05, KEe, 93567.345225, MEe, 4.678367261e+00, E, -500.000000, NP, 20000 100000
265300, t, 4.076602e-05, KEe, 93535.509631, MEe, 4.676775482e+00, E, -500.000000, NP, 20000 100000
265400, t, 4.078139e-05, KEe, 93615.700179, MEe, 4.680785009e+00, E, -500.000000, NP, 20000 100000
265500, t, 4.079675e-05, KEe, 93637.084982, MEe, 4.681854249e+00, E, -500.000000, NP, 20000 100000
265600, t, 4.081212e-05, KEe, 93661.486701, MEe, 4.683074335e+00, E, -500.000000, NP, 20000 100000
265700, t, 4.082748e-05, KEe, 93725.575437, MEe, 4.686278772e+00, E, -500.000000, NP, 20000 100000
265800, t, 4.084285e-05, KEe, 93647.938824, MEe, 4.682396941e+00, E, -500.000000, NP, 20000 100000
265900, t, 4.085822e-05, KEe, 93569.413060, MEe, 4.678470653e+00, E, -500.000000, NP, 20000 100000
266000, t, 4.087358e-05, KEe, 93624.868087, MEe, 4.681243404e+00, E, -500.000000, NP, 20000 100000
266100, t, 4.088895e-05, KEe, 93750.806822, MEe, 4.687540341e+00, E, -500.000000, NP, 20000 100000
266200, t, 4.090431e-05, KEe, 93843.426027, MEe, 4.692171301e+00, E, -500.000000, NP, 20000 100000
266300, t, 4.091968e-05, KEe, 94033.446011, MEe, 4.701672301e+00, E, -500.000000, NP, 20000 100000
266400, t, 4.093505e-05, KEe, 94026.554713, MEe, 4.701327736e+00, E, -500.000000, NP, 20000 100000
266500, t, 4.095041e-05, KEe, 94026.781782, MEe, 4.701339089e+00, E, -500.000000, NP, 20000 100000
266600, t, 4.096578e-05, KEe, 94020.610038, MEe, 4.701030502e+00, E, -500.000000, NP, 20000 100000
266700, t, 4.098114e-05, KEe, 94034.936397, MEe, 4.701746820e+00, E, -500.000000, NP, 20000 100000
266800, t, 4.099651e-05, KEe, 94131.310928, MEe, 4.706565546e+00, E, -500.000000, NP, 20000 100000
266900, t, 4.101188e-05, KEe, 94046.151464, MEe, 4.702307573e+00, E, -500.000000, NP, 20000 100000
267000, t, 4.102724e-05, KEe, 94070.525204, MEe, 4.703526260e+00, E, -500.000000, NP, 20000 100000
267100, t, 4.104261e-05, KEe, 94180.556370, MEe, 4.709027819e+00, E, -500.000000, NP, 20000 100000
267200, t, 4.105797e-05, KEe, 94140.346419, MEe, 4.707017321e+00, E, -500.000000, NP, 20000 100000
267300, t, 4.107334e-05, KEe, 93974.578570, MEe, 4.698728928e+00, E, -500.000000, NP, 20000 100000
267400, t, 4.108871e-05, KEe, 94181.967810, MEe, 4.709098390e+00, E, -500.000000, NP, 20000 100000
267500, t, 4.110407e-05, KEe, 94146.832556, MEe, 4.707341628e+00, E, -500.000000, NP, 20000 100000
267600, t, 4.111944e-05, KEe, 94176.871159, MEe, 4.708843558e+00, E, -500.000000, NP, 20000 100000
267700, t, 4.113480e-05, KEe, 94030.607711, MEe, 4.701530386e+00, E, -500.000000, NP, 20000 100000
267800, t, 4.115017e-05, KEe, 93953.178601, MEe, 4.697658930e+00, E, -500.000000, NP, 20000 100000
267900, t, 4.116554e-05, KEe, 93816.165259, MEe, 4.690808263e+00, E, -500.000000, NP, 20000 100000
268000, t, 4.118090e-05, KEe, 93820.611925, MEe, 4.691030596e+00, E, -500.000000, NP, 20000 100000
268100, t, 4.119627e-05, KEe, 93927.533149, MEe, 4.696376657e+00, E, -500.000000, NP, 20000 100000
268200, t, 4.121163e-05, KEe, 93886.315208, MEe, 4.694315760e+00, E, -500.000000, NP, 20000 100000
268300, t, 4.122700e-05, KEe, 93966.359702, MEe, 4.698317985e+00, E, -500.000000, NP, 20000 100000
268400, t, 4.124237e-05, KEe, 93900.998681, MEe, 4.695049934e+00, E, -500.000000, NP, 20000 100000
268500, t, 4.125773e-05, KEe, 93882.579601, MEe, 4.694128980e+00, E, -500.000000, NP, 20000 100000
268600, t, 4.127310e-05, KEe, 93870.741267, MEe, 4.693537063e+00, E, -500.000000, NP, 20000 100000
268700, t, 4.128846e-05, KEe, 93928.167664, MEe, 4.696408383e+00, E, -500.000000, NP, 20000 100000
268800, t, 4.130383e-05, KEe, 94181.427091, MEe, 4.709071355e+00, E, -500.000000, NP, 20000 100000
268900, t, 4.131920e-05, KEe, 94248.537816, MEe, 4.712426891e+00, E, -500.000000, NP, 20000 100000
269000, t, 4.133456e-05, KEe, 94033.743587, MEe, 4.701687179e+00, E, -500.000000, NP, 20000 100000
269100, t, 4.134993e-05, KEe, 93919.440863, MEe, 4.695972043e+00, E, -500.000000, NP, 20000 100000
269200, t, 4.136529e-05, KEe, 93851.283536, MEe, 4.692564177e+00, E, -500.000000, NP, 20000 100000
269300, t, 4.138066e-05, KEe, 93747.459160, MEe, 4.687372958e+00, E, -500.000000, NP, 20000 100000
269400, t, 4.139603e-05, KEe, 93928.338090, MEe, 4.696416904e+00, E, -500.000000, NP, 20000 100000
269500, t, 4.141139e-05, KEe, 93874.947583, MEe, 4.693747379e+00, E, -500.000000, NP, 20000 100000
269600, t, 4.142676e-05, KEe, 93789.018276, MEe, 4.689450914e+00, E, -500.000000, NP, 20000 100000
269700, t, 4.144212e-05, KEe, 93550.854968, MEe, 4.677542748e+00, E, -500.000000, NP, 20000 100000
269800, t, 4.145749e-05, KEe, 93399.386491, MEe, 4.669969325e+00, E, -500.000000, NP, 20000 100000
269900, t, 4.147286e-05, KEe, 93633.708838, MEe, 4.681685442e+00, E, -500.000000, NP, 20000 100000
270000, t, 4.148822e-05, KEe, 93665.187591, MEe, 4.683259380e+00, E, -500.000000, NP, 20000 100000
270100, t, 4.150359e-05, KEe, 93679.247586, MEe, 4.683962379e+00, E, -500.000000, NP, 20000 100000
270200, t, 4.151895e-05, KEe, 93463.241540, MEe, 4.673162077e+00, E, -500.000000, NP, 20000 100000
270300, t, 4.153432e-05, KEe, 93317.606587, MEe, 4.665880329e+00, E, -500.000000, NP, 20000 100000
270400, t, 4.154969e-05, KEe, 93423.560282, MEe, 4.671178014e+00, E, -500.000000, NP, 20000 100000
270500, t, 4.156505e-05, KEe, 93446.584206, MEe, 4.672329210e+00, E, -500.000000, NP, 20000 100000
270600, t, 4.158042e-05, KEe, 93399.984798, MEe, 4.669999240e+00, E, -500.000000, NP, 20000 100000
270700, t, 4.159578e-05, KEe, 93109.437247, MEe, 4.655471862e+00, E, -500.000000, NP, 20000 100000
270800, t, 4.161115e-05, KEe, 93015.673251, MEe, 4.650783663e+00, E, -500.000000, NP, 20000 100000
270900, t, 4.162652e-05, KEe, 93000.275058, MEe, 4.650013753e+00, E, -500.000000, NP, 20000 100000
271000, t, 4.164188e-05, KEe, 93024.311082, MEe, 4.651215554e+00, E, -500.000000, NP, 20000 100000
271100, t, 4.165725e-05, KEe, 92996.778746, MEe, 4.649838937e+00, E, -500.000000, NP, 20000 100000
271200, t, 4.167261e-05, KEe, 92918.022737, MEe, 4.645901137e+00, E, -500.000000, NP, 20000 100000
271300, t, 4.168798e-05, KEe, 92753.771258, MEe, 4.637688563e+00, E, -500.000000, NP, 20000 100000
271400, t, 4.170335e-05, KEe, 93243.468680, MEe, 4.662173434e+00, E, -500.000000, NP, 20000 100000
271500, t, 4.171871e-05, KEe, 93225.922534, MEe, 4.661296127e+00, E, -500.000000, NP, 20000 100000
271600, t, 4.173408e-05, KEe, 93393.964666, MEe, 4.669698233e+00, E, -500.000000, NP, 20000 100000
271700, t, 4.174944e-05, KEe, 93359.229353, MEe, 4.667961468e+00, E, -500.000000, NP, 20000 100000
271800, t, 4.176481e-05, KEe, 93295.239985, MEe, 4.664761999e+00, E, -500.000000, NP, 20000 100000
271900, t, 4.178018e-05, KEe, 93200.811906, MEe, 4.660040595e+00, E, -500.000000, NP, 20000 100000
272000, t, 4.179554e-05, KEe, 93376.398159, MEe, 4.668819908e+00, E, -500.000000, NP, 20000 100000
272100, t, 4.181091e-05, KEe, 93527.123170, MEe, 4.676356158e+00, E, -500.000000, NP, 20000 100000
272200, t, 4.182627e-05, KEe, 93676.303082, MEe, 4.683815154e+00, E, -500.000000, NP, 20000 100000
272300, t, 4.184164e-05, KEe, 93540.640476, MEe, 4.677032024e+00, E, -500.000000, NP, 20000 100000
272400, t, 4.185701e-05, KEe, 93675.017195, MEe, 4.683750860e+00, E, -500.000000, NP, 20000 100000
272500, t, 4.187237e-05, KEe, 93654.191462, MEe, 4.682709573e+00, E, -500.000000, NP, 20000 100000
272600, t, 4.188774e-05, KEe, 93587.119150, MEe, 4.679355958e+00, E, -500.000000, NP, 20000 100000
272700, t, 4.190310e-05, KEe, 93468.860979, MEe, 4.673443049e+00, E, -500.000000, NP, 20000 100000
272800, t, 4.191847e-05, KEe, 93495.988661, MEe, 4.674799433e+00, E, -500.000000, NP, 20000 100000
272900, t, 4.193384e-05, KEe, 93333.449599, MEe, 4.666672480e+00, E, -500.000000, NP, 20000 100000
273000, t, 4.194920e-05, KEe, 93380.996139, MEe, 4.669049807e+00, E, -500.000000, NP, 20000 100000
273100, t, 4.196457e-05, KEe, 93293.906331, MEe, 4.664695317e+00, E, -500.000000, NP, 20000 100000
273200, t, 4.197993e-05, KEe, 93264.604400, MEe, 4.663230220e+00, E, -500.000000, NP, 20000 100000
273300, t, 4.199530e-05, KEe, 93156.961297, MEe, 4.657848065e+00, E, -500.000000, NP, 20000 100000
273400, t, 4.201067e-05, KEe, 93366.383089, MEe, 4.668319154e+00, E, -500.000000, NP, 20000 100000
273500, t, 4.202603e-05, KEe, 93262.475567, MEe, 4.663123778e+00, E, -500.000000, NP, 20000 100000
273600, t, 4.204140e-05, KEe, 93306.549866, MEe, 4.665327493e+00, E, -500.000000, NP, 20000 100000
273700, t, 4.205676e-05, KEe, 93551.222694, MEe, 4.677561135e+00, E, -500.000000, NP, 20000 100000
273800, t, 4.207213e-05, KEe, 93661.134346, MEe, 4.683056717e+00, E, -500.000000, NP, 20000 100000
273900, t, 4.208750e-05, KEe, 93688.743141, MEe, 4.684437157e+00, E, -500.000000, NP, 20000 100000
274000, t, 4.210286e-05, KEe, 93676.676146, MEe, 4.683833807e+00, E, -500.000000, NP, 20000 100000
274100, t, 4.211823e-05, KEe, 93597.387426, MEe, 4.679869371e+00, E, -500.000000, NP, 20000 100000
274200, t, 4.213359e-05, KEe, 93492.617552, MEe, 4.674630878e+00, E, -500.000000, NP, 20000 100000
274300, t, 4.214896e-05, KEe, 93434.685670, MEe, 4.671734284e+00, E, -500.000000, NP, 20000 100000
274400, t, 4.216433e-05, KEe, 93414.978782, MEe, 4.670748939e+00, E, -500.000000, NP, 20000 100000
274500, t, 4.217969e-05, KEe, 93391.121818, MEe, 4.669556091e+00, E, -500.000000, NP, 20000 100000
274600, t, 4.219506e-05, KEe, 93228.905731, MEe, 4.661445287e+00, E, -500.000000, NP, 20000 100000
274700, t, 4.221042e-05, KEe, 93371.082485, MEe, 4.668554124e+00, E, -500.000000, NP, 20000 100000
274800, t, 4.222579e-05, KEe, 93262.762750, MEe, 4.663138137e+00, E, -500.000000, NP, 20000 100000
274900, t, 4.224116e-05, KEe, 93092.836208, MEe, 4.654641810e+00, E, -500.000000, NP, 20000 100000
275000, t, 4.225652e-05, KEe, 93209.294516, MEe, 4.660464726e+00, E, -500.000000, NP, 20000 100000
275100, t, 4.227189e-05, KEe, 93243.697056, MEe, 4.662184853e+00, E, -500.000000, NP, 20000 100000
275200, t, 4.228725e-05, KEe, 93157.353747, MEe, 4.657867687e+00, E, -500.000000, NP, 20000 100000
275300, t, 4.230262e-05, KEe, 93183.664396, MEe, 4.659183220e+00, E, -500.000000, NP, 20000 100000
275400, t, 4.231799e-05, KEe, 93074.821897, MEe, 4.653741095e+00, E, -500.000000, NP, 20000 100000
275500, t, 4.233335e-05, KEe, 93214.151459, MEe, 4.660707573e+00, E, -500.000000, NP, 20000 100000
275600, t, 4.234872e-05, KEe, 93319.944175, MEe, 4.665997209e+00, E, -500.000000, NP, 20000 100000
275700, t, 4.236408e-05, KEe, 93212.732316, MEe, 4.660636616e+00, E, -500.000000, NP, 20000 100000
275800, t, 4.237945e-05, KEe, 93250.355234, MEe, 4.662517762e+00, E, -500.000000, NP, 20000 100000
275900, t, 4.239482e-05, KEe, 93248.220306, MEe, 4.662411015e+00, E, -500.000000, NP, 20000 100000
276000, t, 4.241018e-05, KEe, 93244.321998, MEe, 4.662216100e+00, E, -500.000000, NP, 20000 100000
276100, t, 4.242555e-05, KEe, 93274.144555, MEe, 4.663707228e+00, E, -500.000000, NP, 20000 100000
276200, t, 4.244091e-05, KEe, 93567.000080, MEe, 4.678350004e+00, E, -500.000000, NP, 20000 100000
276300, t, 4.245628e-05, KEe, 93567.581792, MEe, 4.678379090e+00, E, -500.000000, NP, 20000 100000
276400, t, 4.247165e-05, KEe, 93223.145938, MEe, 4.661157297e+00, E, -500.000000, NP, 20000 100000
276500, t, 4.248701e-05, KEe, 93210.527076, MEe, 4.660526354e+00, E, -500.000000, NP, 20000 100000
276600, t, 4.250238e-05, KEe, 93346.071369, MEe, 4.667303568e+00, E, -500.000000, NP, 20000 100000
276700, t, 4.251774e-05, KEe, 93294.798813, MEe, 4.664739941e+00, E, -500.000000, NP, 20000 100000
276800, t, 4.253311e-05, KEe, 93099.523347, MEe, 4.654976167e+00, E, -500.000000, NP, 20000 100000
276900, t, 4.254848e-05, KEe, 93177.628201, MEe, 4.658881410e+00, E, -500.000000, NP, 20000 100000
277000, t, 4.256384e-05, KEe, 93151.624212, MEe, 4.657581211e+00, E, -500.000000, NP, 20000 100000
277100, t, 4.257921e-05, KEe, 93354.541987, MEe, 4.667727099e+00, E, -500.000000, NP, 20000 100000
277200, t, 4.259457e-05, KEe, 93389.189815, MEe, 4.669459491e+00, E, -500.000000, NP, 20000 100000
277300, t, 4.260994e-05, KEe, 93305.898891, MEe, 4.665294945e+00, E, -500.000000, NP, 20000 100000
277400, t, 4.262531e-05, KEe, 93293.011731, MEe, 4.664650587e+00, E, -500.000000, NP, 20000 100000
277500, t, 4.264067e-05, KEe, 93266.320300, MEe, 4.663316015e+00, E, -500.000000, NP, 20000 100000
277600, t, 4.265604e-05, KEe, 93168.205196, MEe, 4.658410260e+00, E, -500.000000, NP, 20000 100000
277700, t, 4.267140e-05, KEe, 93564.341266, MEe, 4.678217063e+00, E, -500.000000, NP, 20000 100000
277800, t, 4.268677e-05, KEe, 93511.466550, MEe, 4.675573327e+00, E, -500.000000, NP, 20000 100000
277900, t, 4.270214e-05, KEe, 93495.619895, MEe, 4.674780995e+00, E, -500.000000, NP, 20000 100000
278000, t, 4.271750e-05, KEe, 93434.182767, MEe, 4.671709138e+00, E, -500.000000, NP, 20000 100000
278100, t, 4.273287e-05, KEe, 93470.950283, MEe, 4.673547514e+00, E, -500.000000, NP, 20000 100000
278200, t, 4.274823e-05, KEe, 93284.454993, MEe, 4.664222750e+00, E, -500.000000, NP, 20000 100000
278300, t, 4.276360e-05, KEe, 93250.688913, MEe, 4.662534446e+00, E, -500.000000, NP, 20000 100000
278400, t, 4.277897e-05, KEe, 93375.480420, MEe, 4.668774021e+00, E, -500.000000, NP, 20000 100000
278500, t, 4.279433e-05, KEe, 93338.812947, MEe, 4.666940647e+00, E, -500.000000, NP, 20000 100000
278600, t, 4.280970e-05, KEe, 93205.858271, MEe, 4.660292914e+00, E, -500.000000, NP, 20000 100000
278700, t, 4.282506e-05, KEe, 92977.074171, MEe, 4.648853709e+00, E, -500.000000, NP, 20000 100000
278800, t, 4.284043e-05, KEe, 93007.121916, MEe, 4.650356096e+00, E, -500.000000, NP, 20000 100000
278900, t, 4.285580e-05, KEe, 93236.156356, MEe, 4.661807818e+00, E, -500.000000, NP, 20000 100000
279000, t, 4.287116e-05, KEe, 93138.354940, MEe, 4.656917747e+00, E, -500.000000, NP, 20000 100000
279100, t, 4.288653e-05, KEe, 92919.884344, MEe, 4.645994217e+00, E, -500.000000, NP, 20000 100000
279200, t, 4.290189e-05, KEe, 92998.136840, MEe, 4.649906842e+00, E, -500.000000, NP, 20000 100000
279300, t, 4.291726e-05, KEe, 93011.314554, MEe, 4.650565728e+00, E, -500.000000, NP, 20000 100000
279400, t, 4.293263e-05, KEe, 93127.067713, MEe, 4.656353386e+00, E, -500.000000, NP, 20000 100000
279500, t, 4.294799e-05, KEe, 93160.233716, MEe, 4.658011686e+00, E, -500.000000, NP, 20000 100000
279600, t, 4.296336e-05, KEe, 93321.611149, MEe, 4.666080557e+00, E, -500.000000, NP, 20000 100000
279700, t, 4.297872e-05, KEe, 93160.171142, MEe, 4.658008557e+00, E, -500.000000, NP, 20000 100000
279800, t, 4.299409e-05, KEe, 93399.927103, MEe, 4.669996355e+00, E, -500.000000, NP, 20000 100000
279900, t, 4.300946e-05, KEe, 93604.286474, MEe, 4.680214324e+00, E, -500.000000, NP, 20000 100000
280000, t, 4.302482e-05, KEe, 93510.485314, MEe, 4.675524266e+00, E, -500.000000, NP, 20000 100000
280100, t, 4.304019e-05, KEe, 93441.283960, MEe, 4.672064198e+00, E, -500.000000, NP, 20000 100000
280200, t, 4.305555e-05, KEe, 93461.502340, MEe, 4.673075117e+00, E, -500.000000, NP, 20000 100000
280300, t, 4.307092e-05, KEe, 93628.214120, MEe, 4.681410706e+00, E, -500.000000, NP, 20000 100000
280400, t, 4.308629e-05, KEe, 93465.600467, MEe, 4.673280023e+00, E, -500.000000, NP, 20000 100000
280500, t, 4.310165e-05, KEe, 93523.798250, MEe, 4.676189913e+00, E, -500.000000, NP, 20000 100000
280600, t, 4.311702e-05, KEe, 93391.984482, MEe, 4.669599224e+00, E, -500.000000, NP, 20000 100000
280700, t, 4.313238e-05, KEe, 93498.703809, MEe, 4.674935190e+00, E, -500.000000, NP, 20000 100000
280800, t, 4.314775e-05, KEe, 93557.536001, MEe, 4.677876800e+00, E, -500.000000, NP, 20000 100000
280900, t, 4.316312e-05, KEe, 93499.443197, MEe, 4.674972160e+00, E, -500.000000, NP, 20000 100000
281000, t, 4.317848e-05, KEe, 93397.738412, MEe, 4.669886921e+00, E, -500.000000, NP, 20000 100000
281100, t, 4.319385e-05, KEe, 93289.763174, MEe, 4.664488159e+00, E, -500.000000, NP, 20000 100000
281200, t, 4.320922e-05, KEe, 93410.039659, MEe, 4.670501983e+00, E, -500.000000, NP, 20000 100000
281300, t, 4.322458e-05, KEe, 93261.583180, MEe, 4.663079159e+00, E, -500.000000, NP, 20000 100000
281400, t, 4.323995e-05, KEe, 93212.739203, MEe, 4.660636960e+00, E, -500.000000, NP, 20000 100000
281500, t, 4.325531e-05, KEe, 93105.418467, MEe, 4.655270923e+00, E, -500.000000, NP, 20000 100000
281600, t, 4.327068e-05, KEe, 93078.062314, MEe, 4.653903116e+00, E, -500.000000, NP, 20000 100000
281700, t, 4.328605e-05, KEe, 93090.892318, MEe, 4.654544616e+00, E, -500.000000, NP, 20000 100000
281800, t, 4.330141e-05, KEe, 93201.485745, MEe, 4.660074287e+00, E, -500.000000, NP, 20000 100000
281900, t, 4.331678e-05, KEe, 93263.623425, MEe, 4.663181171e+00, E, -500.000000, NP, 20000 100000
282000, t, 4.333214e-05, KEe, 93253.050676, MEe, 4.662652534e+00, E, -500.000000, NP, 20000 100000
282100, t, 4.334751e-05, KEe, 93262.723285, MEe, 4.663136164e+00, E, -500.000000, NP, 20000 100000
282200, t, 4.336288e-05, KEe, 93336.144965, MEe, 4.666807248e+00, E, -500.000000, NP, 20000 100000
282300, t, 4.337824e-05, KEe, 93478.287241, MEe, 4.673914362e+00, E, -500.000000, NP, 20000 100000
282400, t, 4.339361e-05, KEe, 93467.948807, MEe, 4.673397440e+00, E, -500.000000, NP, 20000 100000
282500, t, 4.340897e-05, KEe, 93492.768943, MEe, 4.674638447e+00, E, -500.000000, NP, 20000 100000
282600, t, 4.342434e-05, KEe, 93521.044319, MEe, 4.676052216e+00, E, -500.000000, NP, 20000 100000
282700, t, 4.343971e-05, KEe, 93304.206982, MEe, 4.665210349e+00, E, -500.000000, NP, 20000 100000
282800, t, 4.345507e-05, KEe, 93236.168304, MEe, 4.661808415e+00, E, -500.000000, NP, 20000 100000
282900, t, 4.347044e-05, KEe, 93301.131686, MEe, 4.665056584e+00, E, -500.000000, NP, 20000 100000
283000, t, 4.348580e-05, KEe, 93224.297844, MEe, 4.661214892e+00, E, -500.000000, NP, 20000 100000
283100, t, 4.350117e-05, KEe, 93217.329885, MEe, 4.660866494e+00, E, -500.000000, NP, 20000 100000
283200, t, 4.351654e-05, KEe, 93256.379845, MEe, 4.662818992e+00, E, -500.000000, NP, 20000 100000
283300, t, 4.353190e-05, KEe, 93340.298165, MEe, 4.667014908e+00, E, -500.000000, NP, 20000 100000
283400, t, 4.354727e-05, KEe, 93301.588829, MEe, 4.665079441e+00, E, -500.000000, NP, 20000 100000
283500, t, 4.356263e-05, KEe, 93433.507452, MEe, 4.671675373e+00, E, -500.000000, NP, 20000 100000
283600, t, 4.357800e-05, KEe, 93403.228481, MEe, 4.670161424e+00, E, -500.000000, NP, 20000 100000
283700, t, 4.359337e-05, KEe, 93376.831332, MEe, 4.668841567e+00, E, -500.000000, NP, 20000 100000
283800, t, 4.360873e-05, KEe, 93332.646133, MEe, 4.666632307e+00, E, -500.000000, NP, 20000 100000
283900, t, 4.362410e-05, KEe, 93503.155935, MEe, 4.675157797e+00, E, -500.000000, NP, 20000 100000
284000, t, 4.363946e-05, KEe, 93561.259730, MEe, 4.678062986e+00, E, -500.000000, NP, 20000 100000
284100, t, 4.365483e-05, KEe, 93576.918053, MEe, 4.678845903e+00, E, -500.000000, NP, 20000 100000
284200, t, 4.367020e-05, KEe, 93566.516895, MEe, 4.678325845e+00, E, -500.000000, NP, 20000 100000
284300, t, 4.368556e-05, KEe, 93502.635668, MEe, 4.675131783e+00, E, -500.000000, NP, 20000 100000
284400, t, 4.370093e-05, KEe, 93399.566024, MEe, 4.669978301e+00, E, -500.000000, NP, 20000 100000
284500, t, 4.371629e-05, KEe, 93490.218519, MEe, 4.674510926e+00, E, -500.000000, NP, 20000 100000
284600, t, 4.373166e-05, KEe, 93551.284724, MEe, 4.677564236e+00, E, -500.000000, NP, 20000 100000
284700, t, 4.374703e-05, KEe, 93434.189090, MEe, 4.671709454e+00, E, -500.000000, NP, 20000 100000
284800, t, 4.376239e-05, KEe, 93444.384249, MEe, 4.672219212e+00, E, -500.000000, NP, 20000 100000
284900, t, 4.377776e-05, KEe, 93436.699472, MEe, 4.671834974e+00, E, -500.000000, NP, 20000 100000
285000, t, 4.379312e-05, KEe, 93332.010970, MEe, 4.666600548e+00, E, -500.000000, NP, 20000 100000
285100, t, 4.380849e-05, KEe, 93362.505046, MEe, 4.668125252e+00, E, -500.000000, NP, 20000 100000
285200, t, 4.382386e-05, KEe, 93580.486045, MEe, 4.679024302e+00, E, -500.000000, NP, 20000 100000
285300, t, 4.383922e-05, KEe, 93491.037929, MEe, 4.674551896e+00, E, -500.000000, NP, 20000 100000
285400, t, 4.385459e-05, KEe, 93528.786114, MEe, 4.676439306e+00, E, -500.000000, NP, 20000 100000
285500, t, 4.386995e-05, KEe, 93569.495647, MEe, 4.678474782e+00, E, -500.000000, NP, 20000 100000
285600, t, 4.388532e-05, KEe, 93621.938839, MEe, 4.681096942e+00, E, -500.000000, NP, 20000 100000
285700, t, 4.390069e-05, KEe, 93675.353888, MEe, 4.683767694e+00, E, -500.000000, NP, 20000 100000
285800, t, 4.391605e-05, KEe, 93600.533896, MEe, 4.680026695e+00, E, -500.000000, NP, 20000 100000
285900, t, 4.393142e-05, KEe, 93503.374494, MEe, 4.675168725e+00, E, -500.000000, NP, 20000 100000
286000, t, 4.394678e-05, KEe, 93624.736606, MEe, 4.681236830e+00, E, -500.000000, NP, 20000 100000
286100, t, 4.396215e-05, KEe, 93721.333687, MEe, 4.686066684e+00, E, -500.000000, NP, 20000 100000
286200, t, 4.397752e-05, KEe, 93893.294133, MEe, 4.694664707e+00, E, -500.000000, NP, 20000 100000
286300, t, 4.399288e-05, KEe, 93630.237810, MEe, 4.681511891e+00, E, -500.000000, NP, 20000 100000
286400, t, 4.400825e-05, KEe, 93834.166072, MEe, 4.691708304e+00, E, -500.000000, NP, 20000 100000
286500, t, 4.402361e-05, KEe, 93963.998712, MEe, 4.698199936e+00, E, -500.000000, NP, 20000 100000
286600, t, 4.403898e-05, KEe, 93717.025833, MEe, 4.685851292e+00, E, -500.000000, NP, 20000 100000
286700, t, 4.405435e-05, KEe, 93836.686486, MEe, 4.691834324e+00, E, -500.000000, NP, 20000 100000
286800, t, 4.406971e-05, KEe, 93748.690998, MEe, 4.687434550e+00, E, -500.000000, NP, 20000 100000
286900, t, 4.408508e-05, KEe, 93784.743054, MEe, 4.689237153e+00, E, -500.000000, NP, 20000 100000
287000, t, 4.410044e-05, KEe, 93833.991094, MEe, 4.691699555e+00, E, -500.000000, NP, 20000 100000
287100, t, 4.411581e-05, KEe, 93929.456949, MEe, 4.696472847e+00, E, -500.000000, NP, 20000 100000
287200, t, 4.413118e-05, KEe, 94074.306435, MEe, 4.703715322e+00, E, -500.000000, NP, 20000 100000
287300, t, 4.414654e-05, KEe, 94022.887407, MEe, 4.701144370e+00, E, -500.000000, NP, 20000 100000
287400, t, 4.416191e-05, KEe, 94014.269556, MEe, 4.700713478e+00, E, -500.000000, NP, 20000 100000
287500, t, 4.417727e-05, KEe, 94027.880383, MEe, 4.701394019e+00, E, -500.000000, NP, 20000 100000
287600, t, 4.419264e-05, KEe, 93856.609811, MEe, 4.692830491e+00, E, -500.000000, NP, 20000 100000
287700, t, 4.420801e-05, KEe, 94025.933309, MEe, 4.701296665e+00, E, -500.000000, NP, 20000 100000
287800, t, 4.422337e-05, KEe, 94121.878421, MEe, 4.706093921e+00, E, -500.000000, NP, 20000 100000
287900, t, 4.423874e-05, KEe, 94028.189406, MEe, 4.701409470e+00, E, -500.000000, NP, 20000 100000
288000, t, 4.425410e-05, KEe, 93898.854512, MEe, 4.694942726e+00, E, -500.000000, NP, 20000 100000
288100, t, 4.426947e-05, KEe, 93785.190446, MEe, 4.689259522e+00, E, -500.000000, NP, 20000 100000
288200, t, 4.428484e-05, KEe, 93791.080323, MEe, 4.689554016e+00, E, -500.000000, NP, 20000 100000
288300, t, 4.430020e-05, KEe, 93678.998353, MEe, 4.683949918e+00, E, -500.000000, NP, 20000 100000
288400, t, 4.431557e-05, KEe, 93734.145992, MEe, 4.686707300e+00, E, -500.000000, NP, 20000 100000
288500, t, 4.433093e-05, KEe, 93773.944821, MEe, 4.688697241e+00, E, -500.000000, NP, 20000 100000
288600, t, 4.434630e-05, KEe, 93867.646714, MEe, 4.693382336e+00, E, -500.000000, NP, 20000 100000
288700, t, 4.436167e-05, KEe, 93942.891356, MEe, 4.697144568e+00, E, -500.000000, NP, 20000 100000
288800, t, 4.437703e-05, KEe, 93889.194813, MEe, 4.694459741e+00, E, -500.000000, NP, 20000 100000
288900, t, 4.439240e-05, KEe, 93937.573468, MEe, 4.696878673e+00, E, -500.000000, NP, 20000 100000
289000, t, 4.440776e-05, KEe, 93841.363806, MEe, 4.692068190e+00, E, -500.000000, NP, 20000 100000
289100, t, 4.442313e-05, KEe, 93896.400705, MEe, 4.694820035e+00, E, -500.000000, NP, 20000 100000
289200, t, 4.443850e-05, KEe, 93873.376202, MEe, 4.693668810e+00, E, -500.000000, NP, 20000 100000
289300, t, 4.445386e-05, KEe, 93790.272674, MEe, 4.689513634e+00, E, -500.000000, NP, 20000 100000
289400, t, 4.446923e-05, KEe, 93694.130047, MEe, 4.684706502e+00, E, -500.000000, NP, 20000 100000
289500, t, 4.448459e-05, KEe, 93485.569102, MEe, 4.674278455e+00, E, -500.000000, NP, 20000 100000
289600, t, 4.449996e-05, KEe, 93424.906850, MEe, 4.671245343e+00, E, -500.000000, NP, 20000 100000
289700, t, 4.451533e-05, KEe, 93619.360294, MEe, 4.680968015e+00, E, -500.000000, NP, 20000 100000
289800, t, 4.453069e-05, KEe, 93615.078597, MEe, 4.680753930e+00, E, -500.000000, NP, 20000 100000
289900, t, 4.454606e-05, KEe, 93767.458584, MEe, 4.688372929e+00, E, -500.000000, NP, 20000 100000
290000, t, 4.456142e-05, KEe, 93801.734024, MEe, 4.690086701e+00, E, -500.000000, NP, 20000 100000
290100, t, 4.457679e-05, KEe, 93703.618049, MEe, 4.685180902e+00, E, -500.000000, NP, 20000 100000
290200, t, 4.459216e-05, KEe, 93695.218894, MEe, 4.684760945e+00, E, -500.000000, NP, 20000 100000
290300, t, 4.460752e-05, KEe, 93526.009272, MEe, 4.676300464e+00, E, -500.000000, NP, 20000 100000
290400, t, 4.462289e-05, KEe, 93533.745585, MEe, 4.676687279e+00, E, -500.000000, NP, 20000 100000
290500, t, 4.463825e-05, KEe, 93384.899407, MEe, 4.669244970e+00, E, -500.000000, NP, 20000 100000
290600, t, 4.465362e-05, KEe, 93454.175316, MEe, 4.672708766e+00, E, -500.000000, NP, 20000 100000
290700, t, 4.466899e-05, KEe, 93461.155945, MEe, 4.673057797e+00, E, -500.000000, NP, 20000 100000
290800, t, 4.468435e-05, KEe, 93357.615675, MEe, 4.667880784e+00, E, -500.000000, NP, 20000 100000
290900, t, 4.469972e-05, KEe, 93535.082970, MEe, 4.676754148e+00, E, -500.000000, NP, 20000 100000
291000, t, 4.471508e-05, KEe, 93358.361638, MEe, 4.667918082e+00, E, -500.000000, NP, 20000 100000
291100, t, 4.473045e-05, KEe, 93421.655598, MEe, 4.671082780e+00, E, -500.000000, NP, 20000 100000
291200, t, 4.474582e-05, KEe, 93523.004371, MEe, 4.676150219e+00, E, -500.000000, NP, 20000 100000
291300, t, 4.476118e-05, KEe, 93540.541555, MEe, 4.677027078e+00, E, -500.000000, NP, 20000 100000
291400, t, 4.477655e-05, KEe, 93575.699422, MEe, 4.678784971e+00, E, -500.000000, NP, 20000 100000
291500, t, 4.479191e-05, KEe, 93494.730339, MEe, 4.674736517e+00, E, -500.000000, NP, 20000 100000
291600, t, 4.480728e-05, KEe, 93805.199529, MEe, 4.690259976e+00, E, -500.000000, NP, 20000 100000
291700, t, 4.482265e-05, KEe, 93792.968637, MEe, 4.689648432e+00, E, -500.000000, NP, 20000 100000
291800, t, 4.483801e-05, KEe, 93673.871574, MEe, 4.683693579e+00, E, -500.000000, NP, 20000 100000
291900, t, 4.485338e-05, KEe, 93791.407925, MEe, 4.689570396e+00, E, -500.000000, NP, 20000 100000
292000, t, 4.486874e-05, KEe, 93551.445498, MEe, 4.677572275e+00, E, -500.000000, NP, 20000 100000
292100, t, 4.488411e-05, KEe, 93630.146176, MEe, 4.681507309e+00, E, -500.000000, NP, 20000 100000
292200, t, 4.489948e-05, KEe, 93773.367057, MEe, 4.688668353e+00, E, -500.000000, NP, 20000 100000
292300, t, 4.491484e-05, KEe, 93611.785469, MEe, 4.680589273e+00, E, -500.000000, NP, 20000 100000
292400, t, 4.493021e-05, KEe, 93490.185463, MEe, 4.674509273e+00, E, -500.000000, NP, 20000 100000
292500, t, 4.494557e-05, KEe, 93390.053718, MEe, 4.669502686e+00, E, -500.000000, NP, 20000 100000
292600, t, 4.496094e-05, KEe, 93276.497602, MEe, 4.663824880e+00, E, -500.000000, NP, 20000 100000
292700, t, 4.497631e-05, KEe, 93254.160310, MEe, 4.662708016e+00, E, -500.000000, NP, 20000 100000
292800, t, 4.499167e-05, KEe, 93004.531773, MEe, 4.650226589e+00, E, -500.000000, NP, 20000 100000
292900, t, 4.500704e-05, KEe, 92974.493074, MEe, 4.648724654e+00, E, -500.000000, NP, 20000 100000
293000, t, 4.502240e-05, KEe, 92996.478426, MEe, 4.649823921e+00, E, -500.000000, NP, 20000 100000
293100, t, 4.503777e-05, KEe, 93178.954616, MEe, 4.658947731e+00, E, -500.000000, NP, 20000 100000
293200, t, 4.505314e-05, KEe, 93327.403025, MEe, 4.666370151e+00, E, -500.000000, NP, 20000 100000
293300, t, 4.506850e-05, KEe, 93262.085343, MEe, 4.663104267e+00, E, -500.000000, NP, 20000 100000
293400, t, 4.508387e-05, KEe, 93272.128424, MEe, 4.663606421e+00, E, -500.000000, NP, 20000 100000
293500, t, 4.509923e-05, KEe, 93163.075832, MEe, 4.658153792e+00, E, -500.000000, NP, 20000 100000
293600, t, 4.511460e-05, KEe, 93057.592190, MEe, 4.652879609e+00, E, -500.000000, NP, 20000 100000
293700, t, 4.512997e-05, KEe, 92839.114035, MEe, 4.641955702e+00, E, -500.000000, NP, 20000 100000
293800, t, 4.514533e-05, KEe, 92781.731520, MEe, 4.639086576e+00, E, -500.000000, NP, 20000 100000
293900, t, 4.516070e-05, KEe, 92826.065456, MEe, 4.641303273e+00, E, -500.000000, NP, 20000 100000
294000, t, 4.517606e-05, KEe, 93053.670517, MEe, 4.652683526e+00, E, -500.000000, NP, 20000 100000
294100, t, 4.519143e-05, KEe, 93155.568089, MEe, 4.657778404e+00, E, -500.000000, NP, 20000 100000
294200, t, 4.520680e-05, KEe, 93372.651501, MEe, 4.668632575e+00, E, -500.000000, NP, 20000 100000
294300, t, 4.522216e-05, KEe, 93437.133746, MEe, 4.671856687e+00, E, -500.000000, NP, 20000 100000
294400, t, 4.523753e-05, KEe, 93280.156816, MEe, 4.664007841e+00, E, -500.000000, NP, 20000 100000
294500, t, 4.525289e-05, KEe, 93144.036575, MEe, 4.657201829e+00, E, -500.000000, NP, 20000 100000
294600, t, 4.526826e-05, KEe, 93138.602716, MEe, 4.656930136e+00, E, -500.000000, NP, 20000 100000
294700, t, 4.528363e-05, KEe, 92989.857647, MEe, 4.649492882e+00, E, -500.000000, NP, 20000 100000
294800, t, 4.529899e-05, KEe, 93171.569924, MEe, 4.658578496e+00, E, -500.000000, NP, 20000 100000
294900, t, 4.531436e-05, KEe, 93233.806271, MEe, 4.661690314e+00, E, -500.000000, NP, 20000 100000
295000, t, 4.532972e-05, KEe, 93353.839956, MEe, 4.667691998e+00, E, -500.000000, NP, 20000 100000
295100, t, 4.534509e-05, KEe, 93267.241113, MEe, 4.663362056e+00, E, -500.000000, NP, 20000 100000
295200, t, 4.536046e-05, KEe, 93321.820201, MEe, 4.666091010e+00, E, -500.000000, NP, 20000 100000
295300, t, 4.537582e-05, KEe, 93360.772378, MEe, 4.668038619e+00, E, -500.000000, NP, 20000 100000
295400, t, 4.539119e-05, KEe, 93494.698316, MEe, 4.674734916e+00, E, -500.000000, NP, 20000 100000
295500, t, 4.540655e-05, KEe, 93380.405813, MEe, 4.669020291e+00, E, -500.000000, NP, 20000 100000
295600, t, 4.542192e-05, KEe, 93353.979881, MEe, 4.667698994e+00, E, -500.000000, NP, 20000 100000
295700, t, 4.543729e-05, KEe, 93061.884372, MEe, 4.653094219e+00, E, -500.000000, NP, 20000 100000
295800, t, 4.545265e-05, KEe, 93025.722992, MEe, 4.651286150e+00, E, -500.000000, NP, 20000 100000
295900, t, 4.546802e-05, KEe, 92863.490649, MEe, 4.643174532e+00, E, -500.000000, NP, 20000 100000
296000, t, 4.548338e-05, KEe, 92869.547247, MEe, 4.643477362e+00, E, -500.000000, NP, 20000 100000
296100, t, 4.549875e-05, KEe, 92964.977814, MEe, 4.648248891e+00, E, -500.000000, NP, 20000 100000
296200, t, 4.551412e-05, KEe, 92868.250450, MEe, 4.643412522e+00, E, -500.000000, NP, 20000 100000
296300, t, 4.552948e-05, KEe, 92919.209604, MEe, 4.645960480e+00, E, -500.000000, NP, 20000 100000
296400, t, 4.554485e-05, KEe, 93165.006555, MEe, 4.658250328e+00, E, -500.000000, NP, 20000 100000
296500, t, 4.556021e-05, KEe, 93015.674970, MEe, 4.650783748e+00, E, -500.000000, NP, 20000 100000
296600, t, 4.557558e-05, KEe, 92985.626538, MEe, 4.649281327e+00, E, -500.000000, NP, 20000 100000
296700, t, 4.559095e-05, KEe, 92855.570461, MEe, 4.642778523e+00, E, -500.000000, NP, 20000 100000
296800, t, 4.560631e-05, KEe, 92705.329479, MEe, 4.635266474e+00, E, -500.000000, NP, 20000 100000
296900, t, 4.562168e-05, KEe, 92653.518894, MEe, 4.632675945e+00, E, -500.000000, NP, 20000 100000
297000, t, 4.563704e-05, KEe, 92723.660887, MEe, 4.636183044e+00, E, -500.000000, NP, 20000 100000
297100, t, 4.565241e-05, KEe, 92681.734603, MEe, 4.634086730e+00, E, -500.000000, NP, 20000 100000
297200, t, 4.566778e-05, KEe, 92799.853556, MEe, 4.639992678e+00, E, -500.000000, NP, 20000 100000
297300, t, 4.568314e-05, KEe, 92632.113336, MEe, 4.631605667e+00, E, -500.000000, NP, 20000 100000
297400, t, 4.569851e-05, KEe, 92802.338344, MEe, 4.640116917e+00, E, -500.000000, NP, 20000 100000
297500, t, 4.571387e-05, KEe, 92711.116300, MEe, 4.635555815e+00, E, -500.000000, NP, 20000 100000
297600, t, 4.572924e-05, KEe, 92918.235514, MEe, 4.645911776e+00, E, -500.000000, NP, 20000 100000
297700, t, 4.574461e-05, KEe, 92960.758833, MEe, 4.648037942e+00, E, -500.000000, NP, 20000 100000
297800, t, 4.575997e-05, KEe, 93105.680304, MEe, 4.655284015e+00, E, -500.000000, NP, 20000 100000
297900, t, 4.577534e-05, KEe, 93259.114066, MEe, 4.662955703e+00, E, -500.000000, NP, 20000 100000
298000, t, 4.579070e-05, KEe, 93417.401727, MEe, 4.670870086e+00, E, -500.000000, NP, 20000 100000
298100, t, 4.580607e-05, KEe, 93480.471608, MEe, 4.674023580e+00, E, -500.000000, NP, 20000 100000
298200, t, 4.582144e-05, KEe, 93609.054106, MEe, 4.680452705e+00, E, -500.000000, NP, 20000 100000
298300, t, 4.583680e-05, KEe, 93445.925672, MEe, 4.672296284e+00, E, -500.000000, NP, 20000 100000
298400, t, 4.585217e-05, KEe, 93264.235631, MEe, 4.663211782e+00, E, -500.000000, NP, 20000 100000
298500, t, 4.586753e-05, KEe, 93234.125047, MEe, 4.661706252e+00, E, -500.000000, NP, 20000 100000
298600, t, 4.588290e-05, KEe, 93290.865113, MEe, 4.664543256e+00, E, -500.000000, NP, 20000 100000
298700, t, 4.589827e-05, KEe, 93161.770357, MEe, 4.658088518e+00, E, -500.000000, NP, 20000 100000
298800, t, 4.591363e-05, KEe, 93389.136686, MEe, 4.669456834e+00, E, -500.000000, NP, 20000 100000
298900, t, 4.592900e-05, KEe, 93413.527289, MEe, 4.670676364e+00, E, -500.000000, NP, 20000 100000
299000, t, 4.594436e-05, KEe, 93411.568327, MEe, 4.670578416e+00, E, -500.000000, NP, 20000 100000
299100, t, 4.595973e-05, KEe, 93482.539061, MEe, 4.674126953e+00, E, -500.000000, NP, 20000 100000
299200, t, 4.597510e-05, KEe, 93324.778840, MEe, 4.666238942e+00, E, -500.000000, NP, 20000 100000
299300, t, 4.599046e-05, KEe, 93329.314773, MEe, 4.666465739e+00, E, -500.000000, NP, 20000 100000
299400, t, 4.600583e-05, KEe, 93471.264513, MEe, 4.673563226e+00, E, -500.000000, NP, 20000 100000
299500, t, 4.602119e-05, KEe, 93445.636530, MEe, 4.672281826e+00, E, -500.000000, NP, 20000 100000
299600, t, 4.603656e-05, KEe, 93226.285463, MEe, 4.661314273e+00, E, -500.000000, NP, 20000 100000
299700, t, 4.605193e-05, KEe, 93336.150273, MEe, 4.666807514e+00, E, -500.000000, NP, 20000 100000
299800, t, 4.606729e-05, KEe, 93348.964139, MEe, 4.667448207e+00, E, -500.000000, NP, 20000 100000
299900, t, 4.608266e-05, KEe, 93423.148211, MEe, 4.671157411e+00, E, -500.000000, NP, 20000 100000
300000, t, 4.609802e-05, KEe, 93395.501862, MEe, 4.669775093e+00, E, -500.000000, NP, 20000 100000
300100, t, 4.611339e-05, KEe, 93370.691967, MEe, 4.668534598e+00, E, -500.000000, NP, 20000 100000
300200, t, 4.612876e-05, KEe, 93092.697693, MEe, 4.654634885e+00, E, -500.000000, NP, 20000 100000
300300, t, 4.614412e-05, KEe, 93058.803249, MEe, 4.652940162e+00, E, -500.000000, NP, 20000 100000
300400, t, 4.615949e-05, KEe, 92903.277032, MEe, 4.645163852e+00, E, -500.000000, NP, 20000 100000
300500, t, 4.617485e-05, KEe, 92900.723929, MEe, 4.645036196e+00, E, -500.000000, NP, 20000 100000
300600, t, 4.619022e-05, KEe, 92821.422532, MEe, 4.641071127e+00, E, -500.000000, NP, 20000 100000
300700, t, 4.620559e-05, KEe, 92860.206803, MEe, 4.643010340e+00, E, -500.000000, NP, 20000 100000
300800, t, 4.622095e-05, KEe, 92989.990316, MEe, 4.649499516e+00, E, -500.000000, NP, 20000 100000
300900, t, 4.623632e-05, KEe, 93047.906150, MEe, 4.652395307e+00, E, -500.000000, NP, 20000 100000
301000, t, 4.625168e-05, KEe, 93119.623154, MEe, 4.655981158e+00, E, -500.000000, NP, 20000 100000
301100, t, 4.626705e-05, KEe, 93289.673752, MEe, 4.664483688e+00, E, -500.000000, NP, 20000 100000
301200, t, 4.628242e-05, KEe, 93145.701986, MEe, 4.657285099e+00, E, -500.000000, NP, 20000 100000
301300, t, 4.629778e-05, KEe, 93076.843794, MEe, 4.653842190e+00, E, -500.000000, NP, 20000 100000
301400, t, 4.631315e-05, KEe, 93275.293758, MEe, 4.663764688e+00, E, -500.000000, NP, 20000 100000
301500, t, 4.632851e-05, KEe, 93413.986519, MEe, 4.670699326e+00, E, -500.000000, NP, 20000 100000
301600, t, 4.634388e-05, KEe, 93295.309124, MEe, 4.664765456e+00, E, -500.000000, NP, 20000 100000
301700, t, 4.635925e-05, KEe, 93233.819288, MEe, 4.661690964e+00, E, -500.000000, NP, 20000 100000
301800, t, 4.637461e-05, KEe, 93416.634666, MEe, 4.670831733e+00, E, -500.000000, NP, 20000 100000
301900, t, 4.638998e-05, KEe, 93369.177177, MEe, 4.668458859e+00, E, -500.000000, NP, 20000 100000
302000, t, 4.640534e-05, KEe, 93385.267851, MEe, 4.669263393e+00, E, -500.000000, NP, 20000 100000
302100, t, 4.642071e-05, KEe, 93361.996525, MEe, 4.668099826e+00, E, -500.000000, NP, 20000 100000
302200, t, 4.643608e-05, KEe, 93486.110540, MEe, 4.674305527e+00, E, -500.000000, NP, 20000 100000
302300, t, 4.645144e-05, KEe, 93398.709934, MEe, 4.669935497e+00, E, -500.000000, NP, 20000 100000
302400, t, 4.646681e-05, KEe, 93602.387833, MEe, 4.680119392e+00, E, -500.000000, NP, 20000 100000
302500, t, 4.648217e-05, KEe, 93661.235753, MEe, 4.683061788e+00, E, -500.000000, NP, 20000 100000
302600, t, 4.649754e-05, KEe, 93571.819881, MEe, 4.678590994e+00, E, -500.000000, NP, 20000 100000
302700, t, 4.651291e-05, KEe, 93623.629127, MEe, 4.681181456e+00, E, -500.000000, NP, 20000 100000
302800, t, 4.652827e-05, KEe, 93494.565411, MEe, 4.674728271e+00, E, -500.000000, NP, 20000 100000
302900, t, 4.654364e-05, KEe, 93499.447909, MEe, 4.674972395e+00, E, -500.000000, NP, 20000 100000
303000, t, 4.655900e-05, KEe, 93660.102637, MEe, 4.683005132e+00, E, -500.000000, NP, 20000 100000
303100, t, 4.657437e-05, KEe, 93375.638690, MEe, 4.668781935e+00, E, -500.000000, NP, 20000 100000
303200, t, 4.658974e-05, KEe, 93302.010237, MEe, 4.665100512e+00, E, -500.000000, NP, 20000 100000
303300, t, 4.660510e-05, KEe, 93208.232798, MEe, 4.660411640e+00, E, -500.000000, NP, 20000 100000
303400, t, 4.662047e-05, KEe, 93154.828602, MEe, 4.657741430e+00, E, -500.000000, NP, 20000 100000
303500, t, 4.663583e-05, KEe, 93253.922068, MEe, 4.662696103e+00, E, -500.000000, NP, 20000 100000
303600, t, 4.665120e-05, KEe, 93271.600486, MEe, 4.663580024e+00, E, -500.000000, NP, 20000 100000
303700, t, 4.666657e-05, KEe, 93239.815086, MEe, 4.661990754e+00, E, -500.000000, NP, 20000 100000
303800, t, 4.668193e-05, KEe, 93328.920685, MEe, 4.666446034e+00, E, -500.000000, NP, 20000 100000
303900, t, 4.669730e-05, KEe, 93450.841945, MEe, 4.672542097e+00, E, -500.000000, NP, 20000 100000
304000, t, 4.671266e-05, KEe, 93564.977935, MEe, 4.678248897e+00, E, -500.000000, NP, 20000 100000
304100, t, 4.672803e-05, KEe, 93691.273327, MEe, 4.684563666e+00, E, -500.000000, NP, 20000 100000
304200, t, 4.674340e-05, KEe, 93755.349037, MEe, 4.687767452e+00, E, -500.000000, NP, 20000 100000
304300, t, 4.675876e-05, KEe, 93662.378342, MEe, 4.683118917e+00, E, -500.000000, NP, 20000 100000
304400, t, 4.677413e-05, KEe, 93554.861854, MEe, 4.677743093e+00, E, -500.000000, NP, 20000 100000
304500, t, 4.678949e-05, KEe, 93399.963401, MEe, 4.669998170e+00, E, -500.000000, NP, 20000 100000
304600, t, 4.680486e-05, KEe, 93302.808293, MEe, 4.665140415e+00, E, -500.000000, NP, 20000 100000
304700, t, 4.682023e-05, KEe, 93319.456815, MEe, 4.665972841e+00, E, -500.000000, NP, 20000 100000
304800, t, 4.683559e-05, KEe, 93328.046108, MEe, 4.666402305e+00, E, -500.000000, NP, 20000 100000
304900, t, 4.685096e-05, KEe, 93315.135246, MEe, 4.665756762e+00, E, -500.000000, NP, 20000 100000
305000, t, 4.686632e-05, KEe, 93423.802008, MEe, 4.671190100e+00, E, -500.000000, NP, 20000 100000
305100, t, 4.688169e-05, KEe, 93236.238854, MEe, 4.661811943e+00, E, -500.000000, NP, 20000 100000
305200, t, 4.689706e-05, KEe, 93117.535285, MEe, 4.655876764e+00, E, -500.000000, NP, 20000 100000
305300, t, 4.691242e-05, KEe, 93099.511807, MEe, 4.654975590e+00, E, -500.000000, NP, 20000 100000
305400, t, 4.692779e-05, KEe, 93205.785110, MEe, 4.660289255e+00, E, -500.000000, NP, 20000 100000
305500, t, 4.694316e-05, KEe, 93138.260138, MEe, 4.656913007e+00, E, -500.000000, NP, 20000 100000
305600, t, 4.695852e-05, KEe, 93330.105634, MEe, 4.666505282e+00, E, -500.000000, NP, 20000 100000
305700, t, 4.697389e-05, KEe, 93276.830330, MEe, 4.663841517e+00, E, -500.000000, NP, 20000 100000
305800, t, 4.698925e-05, KEe, 93177.246343, MEe, 4.658862317e+00, E, -500.000000, NP, 20000 100000
305900, t, 4.700462e-05, KEe, 93097.607522, MEe, 4.654880376e+00, E, -500.000000, NP, 20000 100000
306000, t, 4.701999e-05, KEe, 93078.051251, MEe, 4.653902563e+00, E, -500.000000, NP, 20000 100000
306100, t, 4.703535e-05, KEe, 92833.765698, MEe, 4.641688285e+00, E, -500.000000, NP, 20000 100000
306200, t, 4.705072e-05, KEe, 92798.295552, MEe, 4.639914778e+00, E, -500.000000, NP, 20000 100000
306300, t, 4.706608e-05, KEe, 92635.765160, MEe, 4.631788258e+00, E, -500.000000, NP, 20000 100000
306400, t, 4.708145e-05, KEe, 92845.871466, MEe, 4.642293573e+00, E, -500.000000, NP, 20000 100000
306500, t, 4.709682e-05, KEe, 92725.355167, MEe, 4.636267758e+00, E, -500.000000, NP, 20000 100000
306600, t, 4.711218e-05, KEe, 92700.972212, MEe, 4.635048611e+00, E, -500.000000, NP, 20000 100000
306700, t, 4.712755e-05, KEe, 92790.051777, MEe, 4.639502589e+00, E, -500.000000, NP, 20000 100000
306800, t, 4.714291e-05, KEe, 92718.786684, MEe, 4.635939334e+00, E, -500.000000, NP, 20000 100000
306900, t, 4.715828e-05, KEe, 92846.225828, MEe, 4.642311291e+00, E, -500.000000, NP, 20000 100000
307000, t, 4.717365e-05, KEe, 93116.257643, MEe, 4.655812882e+00, E, -500.000000, NP, 20000 100000
307100, t, 4.718901e-05, KEe, 93300.392955, MEe, 4.665019648e+00, E, -500.000000, NP, 20000 100000
307200, t, 4.720438e-05, KEe, 93413.327291, MEe, 4.670666365e+00, E, -500.000000, NP, 20000 100000
307300, t, 4.721974e-05, KEe, 93567.833868, MEe, 4.678391693e+00, E, -500.000000, NP, 20000 100000
307400, t, 4.723511e-05, KEe, 93898.550225, MEe, 4.694927511e+00, E, -500.000000, NP, 20000 100000
307500, t, 4.725048e-05, KEe, 93717.966249, MEe, 4.685898312e+00, E, -500.000000, NP, 20000 100000
307600, t, 4.726584e-05, KEe, 93657.927974, MEe, 4.682896399e+00, E, -500.000000, NP, 20000 100000
307700, t, 4.728121e-05, KEe, 93524.701346, MEe, 4.676235067e+00, E, -500.000000, NP, 20000 100000
307800, t, 4.729657e-05, KEe, 93452.685656, MEe, 4.672634283e+00, E, -500.000000, NP, 20000 100000
307900, t, 4.731194e-05, KEe, 93562.407069, MEe, 4.678120353e+00, E, -500.000000, NP, 20000 100000
308000, t, 4.732731e-05, KEe, 93455.696959, MEe, 4.672784848e+00, E, -500.000000, NP, 20000 100000
308100, t, 4.734267e-05, KEe, 93489.871936, MEe, 4.674493597e+00, E, -500.000000, NP, 20000 100000
308200, t, 4.735804e-05, KEe, 93409.472661, MEe, 4.670473633e+00, E, -500.000000, NP, 20000 100000
308300, t, 4.737340e-05, KEe, 93454.438064, MEe, 4.672721903e+00, E, -500.000000, NP, 20000 100000
308400, t, 4.738877e-05, KEe, 93328.465440, MEe, 4.666423272e+00, E, -500.000000, NP, 20000 100000
308500, t, 4.740414e-05, KEe, 93313.580862, MEe, 4.665679043e+00, E, -500.000000, NP, 20000 100000
308600, t, 4.741950e-05, KEe, 93202.523838, MEe, 4.660126192e+00, E, -500.000000, NP, 20000 100000
308700, t, 4.743487e-05, KEe, 93245.933491, MEe, 4.662296675e+00, E, -500.000000, NP, 20000 100000
308800, t, 4.745023e-05, KEe, 93202.834874, MEe, 4.660141744e+00, E, -500.000000, NP, 20000 100000
308900, t, 4.746560e-05, KEe, 93053.619600, MEe, 4.652680980e+00, E, -500.000000, NP, 20000 100000
309000, t, 4.748097e-05, KEe, 93085.904994, MEe, 4.654295250e+00, E, -500.000000, NP, 20000 100000
309100, t, 4.749633e-05, KEe, 93118.922413, MEe, 4.655946121e+00, E, -500.000000, NP, 20000 100000
309200, t, 4.751170e-05, KEe, 92999.347784, MEe, 4.649967389e+00, E, -500.000000, NP, 20000 100000
309300, t, 4.752706e-05, KEe, 93037.094848, MEe, 4.651854742e+00, E, -500.000000, NP, 20000 100000
309400, t, 4.754243e-05, KEe, 93139.147909, MEe, 4.656957395e+00, E, -500.000000, NP, 20000 100000
309500, t, 4.755780e-05, KEe, 93020.720685, MEe, 4.651036034e+00, E, -500.000000, NP, 20000 100000
309600, t, 4.757316e-05, KEe, 93187.735003, MEe, 4.659386750e+00, E, -500.000000, NP, 20000 100000
309700, t, 4.758853e-05, KEe, 93305.969132, MEe, 4.665298457e+00, E, -500.000000, NP, 20000 100000
309800, t, 4.760389e-05, KEe, 93316.186189, MEe, 4.665809309e+00, E, -500.000000, NP, 20000 100000
309900, t, 4.761926e-05, KEe, 93220.767272, MEe, 4.661038364e+00, E, -500.000000, NP, 20000 100000
310000, t, 4.763463e-05, KEe, 93248.874865, MEe, 4.662443743e+00, E, -500.000000, NP, 20000 100000
310100, t, 4.764999e-05, KEe, 93377.617693, MEe, 4.668880885e+00, E, -500.000000, NP, 20000 100000
310200, t, 4.766536e-05, KEe, 93227.003428, MEe, 4.661350171e+00, E, -500.000000, NP, 20000 100000
310300, t, 4.768072e-05, KEe, 93270.152168, MEe, 4.663507608e+00, E, -500.000000, NP, 20000 100000
310400, t, 4.769609e-05, KEe, 93309.698281, MEe, 4.665484914e+00, E, -500.000000, NP, 20000 100000
310500, t, 4.771146e-05, KEe, 93605.936881, MEe, 4.680296844e+00, E, -500.000000, NP, 20000 100000
310600, t, 4.772682e-05, KEe, 93776.629740, MEe, 4.688831487e+00, E, -500.000000, NP, 20000 100000
310700, t, 4.774219e-05, KEe, 93977.751940, MEe, 4.698887597e+00, E, -500.000000, NP, 20000 100000
310800, t, 4.775755e-05, KEe, 93743.360328, MEe, 4.687168016e+00, E, -500.000000, NP, 20000 100000
310900, t, 4.777292e-05, KEe, 93738.820951, MEe, 4.686941048e+00, E, -500.000000, NP, 20000 100000
311000, t, 4.778829e-05, KEe, 93726.663426, MEe, 4.686333171e+00, E, -500.000000, NP, 20000 100000
311100, t, 4.780365e-05, KEe, 93787.363686, MEe, 4.689368184e+00, E, -500.000000, NP, 20000 100000
311200, t, 4.781902e-05, KEe, 93677.543261, MEe, 4.683877163e+00, E, -500.000000, NP, 20000 100000
311300, t, 4.783438e-05, KEe, 93525.438489, MEe, 4.676271924e+00, E, -500.000000, NP, 20000 100000
311400, t, 4.784975e-05, KEe, 93460.186094, MEe, 4.673009305e+00, E, -500.000000, NP, 20000 100000
311500, t, 4.786512e-05, KEe, 93522.476731, MEe, 4.676123837e+00, E, -500.000000, NP, 20000 100000
311600, t, 4.788048e-05, KEe, 93495.174942, MEe, 4.674758747e+00, E, -500.000000, NP, 20000 100000
311700, t, 4.789585e-05, KEe, 93535.878741, MEe, 4.676793937e+00, E, -500.000000, NP, 20000 100000
311800, t, 4.791121e-05, KEe, 93621.321049, MEe, 4.681066052e+00, E, -500.000000, NP, 20000 100000
311900, t, 4.792658e-05, KEe, 93599.577500, MEe, 4.679978875e+00, E, -500.000000, NP, 20000 100000
312000, t, 4.794195e-05, KEe, 93625.883218, MEe, 4.681294161e+00, E, -500.000000, NP, 20000 100000
312100, t, 4.795731e-05, KEe, 93709.397267, MEe, 4.685469863e+00, E, -500.000000, NP, 20000 100000
312200, t, 4.797268e-05, KEe, 93579.607552, MEe, 4.678980378e+00, E, -500.000000, NP, 20000 100000
312300, t, 4.798804e-05, KEe, 93545.789923, MEe, 4.677289496e+00, E, -500.000000, NP, 20000 100000
312400, t, 4.800341e-05, KEe, 93239.865733, MEe, 4.661993287e+00, E, -500.000000, NP, 20000 100000
312500, t, 4.801878e-05, KEe, 93209.180124, MEe, 4.660459006e+00, E, -500.000000, NP, 20000 100000
312600, t, 4.803414e-05, KEe, 93163.319803, MEe, 4.658165990e+00, E, -500.000000, NP, 20000 100000
312700, t, 4.804951e-05, KEe, 93198.084449, MEe, 4.659904222e+00, E, -500.000000, NP, 20000 100000
312800, t, 4.806487e-05, KEe, 93065.046353, MEe, 4.653252318e+00, E, -500.000000, NP, 20000 100000
312900, t, 4.808024e-05, KEe, 93126.174617, MEe, 4.656308731e+00, E, -500.000000, NP, 20000 100000
313000, t, 4.809561e-05, KEe, 93528.599879, MEe, 4.676429994e+00, E, -500.000000, NP, 20000 100000
313100, t, 4.811097e-05, KEe, 93574.464106, MEe, 4.678723205e+00, E, -500.000000, NP, 20000 100000
313200, t, 4.812634e-05, KEe, 93422.704628, MEe, 4.671135231e+00, E, -500.000000, NP, 20000 100000
313300, t, 4.814170e-05, KEe, 93406.799793, MEe, 4.670339990e+00, E, -500.000000, NP, 20000 100000
313400, t, 4.815707e-05, KEe, 93199.374310, MEe, 4.659968715e+00, E, -500.000000, NP, 20000 100000
313500, t, 4.817244e-05, KEe, 93055.581417, MEe, 4.652779071e+00, E, -500.000000, NP, 20000 100000
313600, t, 4.818780e-05, KEe, 93037.933657, MEe, 4.651896683e+00, E, -500.000000, NP, 20000 100000
313700, t, 4.820317e-05, KEe, 92869.771478, MEe, 4.643488574e+00, E, -500.000000, NP, 20000 100000
313800, t, 4.821853e-05, KEe, 92908.410719, MEe, 4.645420536e+00, E, -500.000000, NP, 20000 100000
313900, t, 4.823390e-05, KEe, 92960.176620, MEe, 4.648008831e+00, E, -500.000000, NP, 20000 100000
314000, t, 4.824927e-05, KEe, 92831.093096, MEe, 4.641554655e+00, E, -500.000000, NP, 20000 100000
314100, t, 4.826463e-05, KEe, 92813.450296, MEe, 4.640672515e+00, E, -500.000000, NP, 20000 100000
314200, t, 4.828000e-05, KEe, 92946.573746, MEe, 4.647328687e+00, E, -500.000000, NP, 20000 100000
314300, t, 4.829536e-05, KEe, 93258.673440, MEe, 4.662933672e+00, E, -500.000000, NP, 20000 100000
314400, t, 4.831073e-05, KEe, 93006.184749, MEe, 4.650309237e+00, E, -500.000000, NP, 20000 100000
314500, t, 4.832610e-05, KEe, 92773.426318, MEe, 4.638671316e+00, E, -500.000000, NP, 20000 100000
314600, t, 4.834146e-05, KEe, 92870.320251, MEe, 4.643516013e+00, E, -500.000000, NP, 20000 100000
314700, t, 4.835683e-05, KEe, 92886.833419, MEe, 4.644341671e+00, E, -500.000000, NP, 20000 100000
314800, t, 4.837219e-05, KEe, 92829.591231, MEe, 4.641479562e+00, E, -500.000000, NP, 20000 100000
314900, t, 4.838756e-05, KEe, 93110.628007, MEe, 4.655531400e+00, E, -500.000000, NP, 20000 100000
315000, t, 4.840293e-05, KEe, 93087.208256, MEe, 4.654360413e+00, E, -500.000000, NP, 20000 100000
315100, t, 4.841829e-05, KEe, 93080.364331, MEe, 4.654018217e+00, E, -500.000000, NP, 20000 100000
315200, t, 4.843366e-05, KEe, 93236.121800, MEe, 4.661806090e+00, E, -500.000000, NP, 20000 100000
315300, t, 4.844902e-05, KEe, 93240.694528, MEe, 4.662034726e+00, E, -500.000000, NP, 20000 100000
315400, t, 4.846439e-05, KEe, 93245.847628, MEe, 4.662292381e+00, E, -500.000000, NP, 20000 100000
315500, t, 4.847976e-05, KEe, 93356.799406, MEe, 4.667839970e+00, E, -500.000000, NP, 20000 100000
315600, t, 4.849512e-05, KEe, 93291.265909, MEe, 4.664563295e+00, E, -500.000000, NP, 20000 100000
315700, t, 4.851049e-05, KEe, 93245.373205, MEe, 4.662268660e+00, E, -500.000000, NP, 20000 100000
315800, t, 4.852585e-05, KEe, 93391.589708, MEe, 4.669579485e+00, E, -500.000000, NP, 20000 100000
315900, t, 4.854122e-05, KEe, 93264.159980, MEe, 4.663207999e+00, E, -500.000000, NP, 20000 100000
316000, t, 4.855659e-05, KEe, 93615.226406, MEe, 4.680761320e+00, E, -500.000000, NP, 20000 100000
316100, t, 4.857195e-05, KEe, 93667.126762, MEe, 4.683356338e+00, E, -500.000000, NP, 20000 100000
316200, t, 4.858732e-05, KEe, 93694.189488, MEe, 4.684709474e+00, E, -500.000000, NP, 20000 100000
316300, t, 4.860268e-05, KEe, 93449.732885, MEe, 4.672486644e+00, E, -500.000000, NP, 20000 100000
316400, t, 4.861805e-05, KEe, 93427.385633, MEe, 4.671369282e+00, E, -500.000000, NP, 20000 100000
316500, t, 4.863342e-05, KEe, 93550.457228, MEe, 4.677522861e+00, E, -500.000000, NP, 20000 100000
316600, t, 4.864878e-05, KEe, 93510.873013, MEe, 4.675543651e+00, E, -500.000000, NP, 20000 100000
316700, t, 4.866415e-05, KEe, 93301.918922, MEe, 4.665095946e+00, E, -500.000000, NP, 20000 100000
316800, t, 4.867951e-05, KEe, 93276.209719, MEe, 4.663810486e+00, E, -500.000000, NP, 20000 100000
316900, t, 4.869488e-05, KEe, 93341.336525, MEe, 4.667066826e+00, E, -500.000000, NP, 20000 100000
317000, t, 4.871025e-05, KEe, 93360.381434, MEe, 4.668019072e+00, E, -500.000000, NP, 20000 100000
317100, t, 4.872561e-05, KEe, 93548.929090, MEe, 4.677446455e+00, E, -500.000000, NP, 20000 100000
317200, t, 4.874098e-05, KEe, 93613.879000, MEe, 4.680693950e+00, E, -500.000000, NP, 20000 100000
317300, t, 4.875634e-05, KEe, 93656.286768, MEe, 4.682814338e+00, E, -500.000000, NP, 20000 100000
317400, t, 4.877171e-05, KEe, 93542.441505, MEe, 4.677122075e+00, E, -500.000000, NP, 20000 100000
317500, t, 4.878708e-05, KEe, 93445.412568, MEe, 4.672270628e+00, E, -500.000000, NP, 20000 100000
317600, t, 4.880244e-05, KEe, 93511.343213, MEe, 4.675567161e+00, E, -500.000000, NP, 20000 100000
317700, t, 4.881781e-05, KEe, 93612.295550, MEe, 4.680614777e+00, E, -500.000000, NP, 20000 100000
317800, t, 4.883317e-05, KEe, 93750.562075, MEe, 4.687528104e+00, E, -500.000000, NP, 20000 100000
317900, t, 4.884854e-05, KEe, 93720.264989, MEe, 4.686013249e+00, E, -500.000000, NP, 20000 100000
318000, t, 4.886391e-05, KEe, 93790.174937, MEe, 4.689508747e+00, E, -500.000000, NP, 20000 100000
318100, t, 4.887927e-05, KEe, 93804.370261, MEe, 4.690218513e+00, E, -500.000000, NP, 20000 100000
318200, t, 4.889464e-05, KEe, 93672.878256, MEe, 4.683643913e+00, E, -500.000000, NP, 20000 100000
318300, t, 4.891000e-05, KEe, 93688.078440, MEe, 4.684403922e+00, E, -500.000000, NP, 20000 100000
318400, t, 4.892537e-05, KEe, 93504.254996, MEe, 4.675212750e+00, E, -500.000000, NP, 20000 100000
318500, t, 4.894074e-05, KEe, 93178.289461, MEe, 4.658914473e+00, E, -500.000000, NP, 20000 100000
318600, t, 4.895610e-05, KEe, 93255.866253, MEe, 4.662793313e+00, E, -500.000000, NP, 20000 100000
318700, t, 4.897147e-05, KEe, 93127.314553, MEe, 4.656365728e+00, E, -500.000000, NP, 20000 100000
318800, t, 4.898683e-05, KEe, 93206.516523, MEe, 4.660325826e+00, E, -500.000000, NP, 20000 100000
318900, t, 4.900220e-05, KEe, 93244.508959, MEe, 4.662225448e+00, E, -500.000000, NP, 20000 100000
319000, t, 4.901757e-05, KEe, 93201.384851, MEe, 4.660069243e+00, E, -500.000000, NP, 20000 100000
319100, t, 4.903293e-05, KEe, 93243.266074, MEe, 4.662163304e+00, E, -500.000000, NP, 20000 100000
319200, t, 4.904830e-05, KEe, 93095.829003, MEe, 4.654791450e+00, E, -500.000000, NP, 20000 100000
319300, t, 4.906366e-05, KEe, 93220.196216, MEe, 4.661009811e+00, E, -500.000000, NP, 20000 100000
319400, t, 4.907903e-05, KEe, 93273.947082, MEe, 4.663697354e+00, E, -500.000000, NP, 20000 100000
319500, t, 4.909440e-05, KEe, 93304.092657, MEe, 4.665204633e+00, E, -500.000000, NP, 20000 100000
319600, t, 4.910976e-05, KEe, 93485.744812, MEe, 4.674287241e+00, E, -500.000000, NP, 20000 100000
319700, t, 4.912513e-05, KEe, 93493.627576, MEe, 4.674681379e+00, E, -500.000000, NP, 20000 100000
319800, t, 4.914049e-05, KEe, 93570.438671, MEe, 4.678521934e+00, E, -500.000000, NP, 20000 100000
319900, t, 4.915586e-05, KEe, 93296.801981, MEe, 4.664840099e+00, E, -500.000000, NP, 20000 100000
320000, t, 4.917123e-05, KEe, 93183.958358, MEe, 4.659197918e+00, E, -500.000000, NP, 20000 100000
320100, t, 4.918659e-05, KEe, 93132.248835, MEe, 4.656612442e+00, E, -500.000000, NP, 20000 100000
320200, t, 4.920196e-05, KEe, 93462.025298, MEe, 4.673101265e+00, E, -500.000000, NP, 20000 100000
320300, t, 4.921732e-05, KEe, 93478.572989, MEe, 4.673928649e+00, E, -500.000000, NP, 20000 100000
320400, t, 4.923269e-05, KEe, 93511.630628, MEe, 4.675581531e+00, E, -500.000000, NP, 20000 100000
320500, t, 4.924806e-05, KEe, 93585.652290, MEe, 4.679282614e+00, E, -500.000000, NP, 20000 100000
320600, t, 4.926342e-05, KEe, 93572.043787, MEe, 4.678602189e+00, E, -500.000000, NP, 20000 100000
320700, t, 4.927879e-05, KEe, 93519.703082, MEe, 4.675985154e+00, E, -500.000000, NP, 20000 100000
320800, t, 4.929415e-05, KEe, 93547.752230, MEe, 4.677387611e+00, E, -500.000000, NP, 20000 100000
320900, t, 4.930952e-05, KEe, 93577.449782, MEe, 4.678872489e+00, E, -500.000000, NP, 20000 100000
321000, t, 4.932489e-05, KEe, 93603.389565, MEe, 4.680169478e+00, E, -500.000000, NP, 20000 100000
321100, t, 4.934025e-05, KEe, 93610.926928, MEe, 4.680546346e+00, E, -500.000000, NP, 20000 100000
321200, t, 4.935562e-05, KEe, 93642.926453, MEe, 4.682146323e+00, E, -500.000000, NP, 20000 100000
321300, t, 4.937098e-05, KEe, 93521.283864, MEe, 4.676064193e+00, E, -500.000000, NP, 20000 100000
321400, t, 4.938635e-05, KEe, 93883.356150, MEe, 4.694167807e+00, E, -500.000000, NP, 20000 100000
321500, t, 4.940172e-05, KEe, 93757.329342, MEe, 4.687866467e+00, E, -500.000000, NP, 20000 100000
321600, t, 4.941708e-05, KEe, 93757.049733, MEe, 4.687852487e+00, E, -500.000000, NP, 20000 100000
321700, t, 4.943245e-05, KEe, 93563.617702, MEe, 4.678180885e+00, E, -500.000000, NP, 20000 100000
321800, t, 4.944781e-05, KEe, 93527.574045, MEe, 4.676378702e+00, E, -500.000000, NP, 20000 100000
321900, t, 4.946318e-05, KEe, 93610.870806, MEe, 4.680543540e+00, E, -500.000000, NP, 20000 100000
322000, t, 4.947855e-05, KEe, 93509.444410, MEe, 4.675472220e+00, E, -500.000000, NP, 20000 100000
322100, t, 4.949391e-05, KEe, 93467.609203, MEe, 4.673380460e+00, E, -500.000000, NP, 20000 100000
322200, t, 4.950928e-05, KEe, 93688.825114, MEe, 4.684441256e+00, E, -500.000000, NP, 20000 100000
322300, t, 4.952464e-05, KEe, 93756.787927, MEe, 4.687839396e+00, E, -500.000000, NP, 20000 100000
322400, t, 4.954001e-05, KEe, 93751.551675, MEe, 4.687577584e+00, E, -500.000000, NP, 20000 100000
322500, t, 4.955538e-05, KEe, 93571.359622, MEe, 4.678567981e+00, E, -500.000000, NP, 20000 100000
322600, t, 4.957074e-05, KEe, 93516.636410, MEe, 4.675831820e+00, E, -500.000000, NP, 20000 100000
322700, t, 4.958611e-05, KEe, 93442.985550, MEe, 4.672149278e+00, E, -500.000000, NP, 20000 100000
322800, t, 4.960147e-05, KEe, 93020.430640, MEe, 4.651021532e+00, E, -500.000000, NP, 20000 100000
322900, t, 4.961684e-05, KEe, 93072.761910, MEe, 4.653638096e+00, E, -500.000000, NP, 20000 100000
323000, t, 4.963221e-05, KEe, 93167.183258, MEe, 4.658359163e+00, E, -500.000000, NP, 20000 100000
323100, t, 4.964757e-05, KEe, 93094.234089, MEe, 4.654711704e+00, E, -500.000000, NP, 20000 100000
323200, t, 4.966294e-05, KEe, 93157.191314, MEe, 4.657859566e+00, E, -500.000000, NP, 20000 100000
323300, t, 4.967830e-05, KEe, 93211.277994, MEe, 4.660563900e+00, E, -500.000000, NP, 20000 100000
323400, t, 4.969367e-05, KEe, 93062.494209, MEe, 4.653124710e+00, E, -500.000000, NP, 20000 100000
323500, t, 4.970904e-05, KEe, 92959.456654, MEe, 4.647972833e+00, E, -500.000000, NP, 20000 100000
323600, t, 4.972440e-05, KEe, 93126.226263, MEe, 4.656311313e+00, E, -500.000000, NP, 20000 100000
323700, t, 4.973977e-05, KEe, 92962.340602, MEe, 4.648117030e+00, E, -500.000000, NP, 20000 100000
323800, t, 4.975513e-05, KEe, 92723.969809, MEe, 4.636198490e+00, E, -500.000000, NP, 20000 100000
323900, t, 4.977050e-05, KEe, 92841.740998, MEe, 4.642087050e+00, E, -500.000000, NP, 20000 100000
324000, t, 4.978587e-05, KEe, 92818.958031, MEe, 4.640947902e+00, E, -500.000000, NP, 20000 100000
324100, t, 4.980123e-05, KEe, 92931.252114, MEe, 4.646562606e+00, E, -500.000000, NP, 20000 100000
324200, t, 4.981660e-05, KEe, 92789.107023, MEe, 4.639455351e+00, E, -500.000000, NP, 20000 100000
324300, t, 4.983196e-05, KEe, 92742.167154, MEe, 4.637108358e+00, E, -500.000000, NP, 20000 100000
324400, t, 4.984733e-05, KEe, 92809.441649, MEe, 4.640472082e+00, E, -500.000000, NP, 20000 100000
324500, t, 4.986270e-05, KEe, 92939.562551, MEe, 4.646978128e+00, E, -500.000000, NP, 20000 100000
324600, t, 4.987806e-05, KEe, 93036.805490, MEe, 4.651840274e+00, E, -500.000000, NP, 20000 100000
324700, t, 4.989343e-05, KEe, 93085.231453, MEe, 4.654261573e+00, E, -500.000000, NP, 20000 100000
324800, t, 4.990879e-05, KEe, 93026.576010, MEe, 4.651328801e+00, E, -500.000000, NP, 20000 100000
324900, t, 4.992416e-05, KEe, 92928.615202, MEe, 4.646430760e+00, E, -500.000000, NP, 20000 100000
325000, t, 4.993953e-05, KEe, 92909.561995, MEe, 4.645478100e+00, E, -500.000000, NP, 20000 100000
325100, t, 4.995489e-05, KEe, 93112.240428, MEe, 4.655612021e+00, E, -500.000000, NP, 20000 100000
325200, t, 4.997026e-05, KEe, 93180.806884, MEe, 4.659040344e+00, E, -500.000000, NP, 20000 100000
325300, t, 4.998562e-05, KEe, 93136.666561, MEe, 4.656833328e+00, E, -500.000000, NP, 20000 100000
325400, t, 5.000099e-05, KEe, 93161.905094, MEe, 4.658095255e+00, E, -500.000000, NP, 20000 100000
325500, t, 5.001636e-05, KEe, 92864.617168, MEe, 4.643230858e+00, E, -500.000000, NP, 20000 100000
325600, t, 5.003172e-05, KEe, 92710.510353, MEe, 4.635525518e+00, E, -500.000000, NP, 20000 100000
325700, t, 5.004709e-05, KEe, 92684.750886, MEe, 4.634237544e+00, E, -500.000000, NP, 20000 100000
325800, t, 5.006245e-05, KEe, 92802.090386, MEe, 4.640104519e+00, E, -500.000000, NP, 20000 100000
325900, t, 5.007782e-05, KEe, 92969.268471, MEe, 4.648463424e+00, E, -500.000000, NP, 20000 100000
326000, t, 5.009319e-05, KEe, 93018.633798, MEe, 4.650931690e+00, E, -500.000000, NP, 20000 100000
326100, t, 5.010855e-05, KEe, 93095.649338, MEe, 4.654782467e+00, E, -500.000000, NP, 20000 100000
326200, t, 5.012392e-05, KEe, 93108.273829, MEe, 4.655413691e+00, E, -500.000000, NP, 20000 100000
326300, t, 5.013928e-05, KEe, 93067.809645, MEe, 4.653390482e+00, E, -500.000000, NP, 20000 100000
326400, t, 5.015465e-05, KEe, 93020.051718, MEe, 4.651002586e+00, E, -500.000000, NP, 20000 100000
326500, t, 5.017002e-05, KEe, 93195.927495, MEe, 4.659796375e+00, E, -500.000000, NP, 20000 100000
326600, t, 5.018538e-05, KEe, 93337.856435, MEe, 4.666892822e+00, E, -500.000000, NP, 20000 100000
326700, t, 5.020075e-05, KEe, 93263.735008, MEe, 4.663186750e+00, E, -500.000000, NP, 20000 100000
326800, t, 5.021611e-05, KEe, 93447.890745, MEe, 4.672394537e+00, E, -500.000000, NP, 20000 100000
326900, t, 5.023148e-05, KEe, 93644.692022, MEe, 4.682234601e+00, E, -500.000000, NP, 20000 100000
327000, t, 5.024685e-05, KEe, 93525.849645, MEe, 4.676292482e+00, E, -500.000000, NP, 20000 100000
327100, t, 5.026221e-05, KEe, 93497.252904, MEe, 4.674862645e+00, E, -500.000000, NP, 20000 100000
327200, t, 5.027758e-05, KEe, 93453.191173, MEe, 4.672659559e+00, E, -500.000000, NP, 20000 100000
327300, t, 5.029294e-05, KEe, 93400.763096, MEe, 4.670038155e+00, E, -500.000000, NP, 20000 100000
327400, t, 5.030831e-05, KEe, 93336.792513, MEe, 4.666839626e+00, E, -500.000000, NP, 20000 100000
327500, t, 5.032368e-05, KEe, 93308.714418, MEe, 4.665435721e+00, E, -500.000000, NP, 20000 100000
327600, t, 5.033904e-05, KEe, 93717.179945, MEe, 4.685858997e+00, E, -500.000000, NP, 20000 100000
327700, t, 5.035441e-05, KEe, 93684.829422, MEe, 4.684241471e+00, E, -500.000000, NP, 20000 100000
327800, t, 5.036977e-05, KEe, 93543.759798, MEe, 4.677187990e+00, E, -500.000000, NP, 20000 100000
327900, t, 5.038514e-05, KEe, 93561.629361, MEe, 4.678081468e+00, E, -500.000000, NP, 20000 100000
328000, t, 5.040051e-05, KEe, 93532.610824, MEe, 4.676630541e+00, E, -500.000000, NP, 20000 100000
328100, t, 5.041587e-05, KEe, 93596.427923, MEe, 4.679821396e+00, E, -500.000000, NP, 20000 100000
328200, t, 5.043124e-05, KEe, 93645.866666, MEe, 4.682293333e+00, E, -500.000000, NP, 20000 100000
328300, t, 5.044660e-05, KEe, 93677.702075, MEe, 4.683885104e+00, E, -500.000000, NP, 20000 100000
328400, t, 5.046197e-05, KEe, 93878.267490, MEe, 4.693913374e+00, E, -500.000000, NP, 20000 100000
328500, t, 5.047734e-05, KEe, 93752.175030, MEe, 4.687608752e+00, E, -500.000000, NP, 20000 100000
328600, t, 5.049270e-05, KEe, 93776.012062, MEe, 4.688800603e+00, E, -500.000000, NP, 20000 100000
328700, t, 5.050807e-05, KEe, 93818.264106, MEe, 4.690913205e+00, E, -500.000000, NP, 20000 100000
328800, t, 5.052343e-05, KEe, 93908.245380, MEe, 4.695412269e+00, E, -500.000000, NP, 20000 100000
328900, t, 5.053880e-05, KEe, 93744.646600, MEe, 4.687232330e+00, E, -500.000000, NP, 20000 100000
329000, t, 5.055417e-05, KEe, 93769.819983, MEe, 4.688490999e+00, E, -500.000000, NP, 20000 100000
329100, t, 5.056953e-05, KEe, 93532.140410, MEe, 4.676607020e+00, E, -500.000000, NP, 20000 100000
329200, t, 5.058490e-05, KEe, 93551.401506, MEe, 4.677570075e+00, E, -500.000000, NP, 20000 100000
329300, t, 5.060026e-05, KEe, 93709.520154, MEe, 4.685476008e+00, E, -500.000000, NP, 20000 100000
329400, t, 5.061563e-05, KEe, 93769.619973, MEe, 4.688480999e+00, E, -500.000000, NP, 20000 100000
329500, t, 5.063100e-05, KEe, 93886.540606, MEe, 4.694327030e+00, E, -500.000000, NP, 20000 100000
329600, t, 5.064636e-05, KEe, 93883.231653, MEe, 4.694161583e+00, E, -500.000000, NP, 20000 100000
329700, t, 5.066173e-05, KEe, 93893.322511, MEe, 4.694666126e+00, E, -500.000000, NP, 20000 100000
329800, t, 5.067709e-05, KEe, 93768.409902, MEe, 4.688420495e+00, E, -500.000000, NP, 20000 100000
329900, t, 5.069246e-05, KEe, 93503.820038, MEe, 4.675191002e+00, E, -500.000000, NP, 20000 100000
330000, t, 5.070783e-05, KEe, 93301.400727, MEe, 4.665070036e+00, E, -500.000000, NP, 20000 100000
330100, t, 5.072319e-05, KEe, 93547.239955, MEe, 4.677361998e+00, E, -500.000000, NP, 20000 100000
330200, t, 5.073856e-05, KEe, 93443.913267, MEe, 4.672195663e+00, E, -500.000000, NP, 20000 100000
330300, t, 5.075393e-05, KEe, 93508.452183, MEe, 4.675422609e+00, E, -500.000000, NP, 20000 100000
330400, t, 5.076929e-05, KEe, 93562.279564, MEe, 4.678113978e+00, E, -500.000000, NP, 20000 100000
330500, t, 5.078466e-05, KEe, 93671.399608, MEe, 4.683569980e+00, E, -500.000000, NP, 20000 100000
330600, t, 5.080002e-05, KEe, 93820.154257, MEe, 4.691007713e+00, E, -500.000000, NP, 20000 100000
330700, t, 5.081539e-05, KEe, 93695.948217, MEe, 4.684797411e+00, E, -500.000000, NP, 20000 100000
330800, t, 5.083076e-05, KEe, 93832.116818, MEe, 4.691605841e+00, E, -500.000000, NP, 20000 100000
330900, t, 5.084612e-05, KEe, 93932.016616, MEe, 4.696600831e+00, E, -500.000000, NP, 20000 100000
331000, t, 5.086149e-05, KEe, 93905.787072, MEe, 4.695289354e+00, E, -500.000000, NP, 20000 100000
331100, t, 5.087685e-05, KEe, 93751.984019, MEe, 4.687599201e+00, E, -500.000000, NP, 20000 100000
331200, t, 5.089222e-05, KEe, 93917.180163, MEe, 4.695859008e+00, E, -500.000000, NP, 20000 100000
331300, t, 5.090759e-05, KEe, 93685.889093, MEe, 4.684294455e+00, E, -500.000000, NP, 20000 100000
331400, t, 5.092295e-05, KEe, 93658.894914, MEe, 4.682944746e+00, E, -500.000000, NP, 20000 100000
331500, t, 5.093832e-05, KEe, 93909.366633, MEe, 4.695468332e+00, E, -500.000000, NP, 20000 100000
331600, t, 5.095368e-05, KEe, 93714.407725, MEe, 4.685720386e+00, E, -500.000000, NP, 20000 100000
331700, t, 5.096905e-05, KEe, 93629.430934, MEe, 4.681471547e+00, E, -500.000000, NP, 20000 100000
331800, t, 5.098442e-05, KEe, 93813.299841, MEe, 4.690664992e+00, E, -500.000000, NP, 20000 100000
331900, t, 5.099978e-05, KEe, 93864.349436, MEe, 4.693217472e+00, E, -500.000000, NP, 20000 100000
332000, t, 5.101515e-05, KEe, 93891.159275, MEe, 4.694557964e+00, E, -500.000000, NP, 20000 100000
332100, t, 5.103051e-05, KEe, 93949.398497, MEe, 4.697469925e+00, E, -500.000000, NP, 20000 100000
332200, t, 5.104588e-05, KEe, 94039.220056, MEe, 4.701961003e+00, E, -500.000000, NP, 20000 100000
332300, t, 5.106125e-05, KEe, 93775.441368, MEe, 4.688772068e+00, E, -500.000000, NP, 20000 100000
332400, t, 5.107661e-05, KEe, 93612.256850, MEe, 4.680612843e+00, E, -500.000000, NP, 20000 100000
332500, t, 5.109198e-05, KEe, 93805.367964, MEe, 4.690268398e+00, E, -500.000000, NP, 20000 100000
332600, t, 5.110734e-05, KEe, 93584.843945, MEe, 4.679242197e+00, E, -500.000000, NP, 20000 100000
332700, t, 5.112271e-05, KEe, 93495.194015, MEe, 4.674759701e+00, E, -500.000000, NP, 20000 100000
332800, t, 5.113808e-05, KEe, 93464.214024, MEe, 4.673210701e+00, E, -500.000000, NP, 20000 100000
332900, t, 5.115344e-05, KEe, 93304.969294, MEe, 4.665248465e+00, E, -500.000000, NP, 20000 100000
333000, t, 5.116881e-05, KEe, 93351.453546, MEe, 4.667572677e+00, E, -500.000000, NP, 20000 100000
333100, t, 5.118417e-05, KEe, 93501.905638, MEe, 4.675095282e+00, E, -500.000000, NP, 20000 100000
333200, t, 5.119954e-05, KEe, 93560.997897, MEe, 4.678049895e+00, E, -500.000000, NP, 20000 100000
333300, t, 5.121491e-05, KEe, 93611.743709, MEe, 4.680587185e+00, E, -500.000000, NP, 20000 100000
333400, t, 5.123027e-05, KEe, 93496.264638, MEe, 4.674813232e+00, E, -500.000000, NP, 20000 100000
333500, t, 5.124564e-05, KEe, 93311.137719, MEe, 4.665556886e+00, E, -500.000000, NP, 20000 100000
333600, t, 5.126100e-05, KEe, 93128.256927, MEe, 4.656412846e+00, E, -500.000000, NP, 20000 100000
333700, t, 5.127637e-05, KEe, 93207.162146, MEe, 4.660358107e+00, E, -500.000000, NP, 20000 100000
333800, t, 5.129174e-05, KEe, 93270.224884, MEe, 4.663511244e+00, E, -500.000000, NP, 20000 100000
333900, t, 5.130710e-05, KEe, 93298.273824, MEe, 4.664913691e+00, E, -500.000000, NP, 20000 100000
334000, t, 5.132247e-05, KEe, 93344.644240, MEe, 4.667232212e+00, E, -500.000000, NP, 20000 100000
334100, t, 5.133783e-05, KEe, 93290.543638, MEe, 4.664527182e+00, E, -500.000000, NP, 20000 100000
334200, t, 5.135320e-05, KEe, 93308.646549, MEe, 4.665432327e+00, E, -500.000000, NP, 20000 100000
334300, t, 5.136857e-05, KEe, 93342.603575, MEe, 4.667130179e+00, E, -500.000000, NP, 20000 100000
334400, t, 5.138393e-05, KEe, 93447.596158, MEe, 4.672379808e+00, E, -500.000000, NP, 20000 100000
334500, t, 5.139930e-05, KEe, 93428.843381, MEe, 4.671442169e+00, E, -500.000000, NP, 20000 100000
334600, t, 5.141466e-05, KEe, 93333.738648, MEe, 4.666686932e+00, E, -500.000000, NP, 20000 100000
334700, t, 5.143003e-05, KEe, 93458.459146, MEe, 4.672922957e+00, E, -500.000000, NP, 20000 100000
334800, t, 5.144540e-05, KEe, 93482.781684, MEe, 4.674139084e+00, E, -500.000000, NP, 20000 100000
334900, t, 5.146076e-05, KEe, 93331.409962, MEe, 4.666570498e+00, E, -500.000000, NP, 20000 100000
335000, t, 5.147613e-05, KEe, 93364.491134, MEe, 4.668224557e+00, E, -500.000000, NP, 20000 100000
335100, t, 5.149149e-05, KEe, 93485.187123, MEe, 4.674259356e+00, E, -500.000000, NP, 20000 100000
335200, t, 5.150686e-05, KEe, 93395.189948, MEe, 4.669759497e+00, E, -500.000000, NP, 20000 100000
335300, t, 5.152223e-05, KEe, 93251.157053, MEe, 4.662557853e+00, E, -500.000000, NP, 20000 100000
335400, t, 5.153759e-05, KEe, 93054.845192, MEe, 4.652742260e+00, E, -500.000000, NP, 20000 100000
335500, t, 5.155296e-05, KEe, 93149.527725, MEe, 4.657476386e+00, E, -500.000000, NP, 20000 100000
335600, t, 5.156832e-05, KEe, 93250.436232, MEe, 4.662521812e+00, E, -500.000000, NP, 20000 100000
335700, t, 5.158369e-05, KEe, 93267.821893, MEe, 4.663391095e+00, E, -500.000000, NP, 20000 100000
335800, t, 5.159906e-05, KEe, 93272.006415, MEe, 4.663600321e+00, E, -500.000000, NP, 20000 100000
335900, t, 5.161442e-05, KEe, 93366.787046, MEe, 4.668339352e+00, E, -500.000000, NP, 20000 100000
336000, t, 5.162979e-05, KEe, 93449.512880, MEe, 4.672475644e+00, E, -500.000000, NP, 20000 100000
336100, t, 5.164515e-05, KEe, 93511.968768, MEe, 4.675598438e+00, E, -500.000000, NP, 20000 100000
336200, t, 5.166052e-05, KEe, 93554.314452, MEe, 4.677715723e+00, E, -500.000000, NP, 20000 100000
336300, t, 5.167589e-05, KEe, 93363.263237, MEe, 4.668163162e+00, E, -500.000000, NP, 20000 100000
336400, t, 5.169125e-05, KEe, 93523.579204, MEe, 4.676178960e+00, E, -500.000000, NP, 20000 100000
336500, t, 5.170662e-05, KEe, 93650.780420, MEe, 4.682539021e+00, E, -500.000000, NP, 20000 100000
336600, t, 5.172198e-05, KEe, 93565.630461, MEe, 4.678281523e+00, E, -500.000000, NP, 20000 100000
336700, t, 5.173735e-05, KEe, 93617.589991, MEe, 4.680879500e+00, E, -500.000000, NP, 20000 100000
336800, t, 5.175272e-05, KEe, 93536.989772, MEe, 4.676849489e+00, E, -500.000000, NP, 20000 100000
336900, t, 5.176808e-05, KEe, 93490.078912, MEe, 4.674503946e+00, E, -500.000000, NP, 20000 100000
337000, t, 5.178345e-05, KEe, 93419.784191, MEe, 4.670989210e+00, E, -500.000000, NP, 20000 100000
337100, t, 5.179881e-05, KEe, 93481.080667, MEe, 4.674054033e+00, E, -500.000000, NP, 20000 100000
337200, t, 5.181418e-05, KEe, 93300.359197, MEe, 4.665017960e+00, E, -500.000000, NP, 20000 100000
337300, t, 5.182955e-05, KEe, 93254.751242, MEe, 4.662737562e+00, E, -500.000000, NP, 20000 100000
337400, t, 5.184491e-05, KEe, 93135.655209, MEe, 4.656782760e+00, E, -500.000000, NP, 20000 100000
337500, t, 5.186028e-05, KEe, 93114.083870, MEe, 4.655704193e+00, E, -500.000000, NP, 20000 100000
337600, t, 5.187564e-05, KEe, 93189.926483, MEe, 4.659496324e+00, E, -500.000000, NP, 20000 100000
337700, t, 5.189101e-05, KEe, 93065.413005, MEe, 4.653270650e+00, E, -500.000000, NP, 20000 100000
337800, t, 5.190638e-05, KEe, 93201.815097, MEe, 4.660090755e+00, E, -500.000000, NP, 20000 100000
337900, t, 5.192174e-05, KEe, 93074.962546, MEe, 4.653748127e+00, E, -500.000000, NP, 20000 100000
338000, t, 5.193711e-05, KEe, 93207.639172, MEe, 4.660381959e+00, E, -500.000000, NP, 20000 100000
338100, t, 5.195247e-05, KEe, 93070.222577, MEe, 4.653511129e+00, E, -500.000000, NP, 20000 100000
338200, t, 5.196784e-05, KEe, 93069.397516, MEe, 4.653469876e+00, E, -500.000000, NP, 20000 100000
338300, t, 5.198321e-05, KEe, 93315.000359, MEe, 4.665750018e+00, E, -500.000000, NP, 20000 100000
338400, t, 5.199857e-05, KEe, 93313.326808, MEe, 4.665666340e+00, E, -500.000000, NP, 20000 100000
338500, t, 5.201394e-05, KEe, 93050.719071, MEe, 4.652535954e+00, E, -500.000000, NP, 20000 100000
338600, t, 5.202930e-05, KEe, 92874.105432, MEe, 4.643705272e+00, E, -500.000000, NP, 20000 100000
338700, t, 5.204467e-05, KEe, 92984.706222, MEe, 4.649235311e+00, E, -500.000000, NP, 20000 100000
338800, t, 5.206004e-05, KEe, 93156.706805, MEe, 4.657835340e+00, E, -500.000000, NP, 20000 100000
338900, t, 5.207540e-05, KEe, 93257.373374, MEe, 4.662868669e+00, E, -500.000000, NP, 20000 100000
339000, t, 5.209077e-05, KEe, 93384.434965, MEe, 4.669221748e+00, E, -500.000000, NP, 20000 100000
339100, t, 5.210613e-05, KEe, 93321.674362, MEe, 4.666083718e+00, E, -500.000000, NP, 20000 100000
339200, t, 5.212150e-05, KEe, 93411.900735, MEe, 4.670595037e+00, E, -500.000000, NP, 20000 100000
339300, t, 5.213687e-05, KEe, 93279.377964, MEe, 4.663968898e+00, E, -500.000000, NP, 20000 100000
339400, t, 5.215223e-05, KEe, 93342.213711, MEe, 4.667110686e+00, E, -500.000000, NP, 20000 100000
339500, t, 5.216760e-05, KEe, 93262.190142, MEe, 4.663109507e+00, E, -500.000000, NP, 20000 100000
339600, t, 5.218296e-05, KEe, 93271.691079, MEe, 4.663584554e+00, E, -500.000000, NP, 20000 100000
339700, t, 5.219833e-05, KEe, 93256.393655, MEe, 4.662819683e+00, E, -500.000000, NP, 20000 100000
339800, t, 5.221370e-05, KEe, 93306.042039, MEe, 4.665302102e+00, E, -500.000000, NP, 20000 100000
339900, t, 5.222906e-05, KEe, 93309.897278, MEe, 4.665494864e+00, E, -500.000000, NP, 20000 100000
340000, t, 5.224443e-05, KEe, 93338.908504, MEe, 4.666945425e+00, E, -500.000000, NP, 20000 100000
340100, t, 5.225979e-05, KEe, 93220.335903, MEe, 4.661016795e+00, E, -500.000000, NP, 20000 100000
340200, t, 5.227516e-05, KEe, 93200.070767, MEe, 4.660003538e+00, E, -500.000000, NP, 20000 100000
340300, t, 5.229053e-05, KEe, 93290.878100, MEe, 4.664543905e+00, E, -500.000000, NP, 20000 100000
340400, t, 5.230589e-05, KEe, 93532.512370, MEe, 4.676625618e+00, E, -500.000000, NP, 20000 100000
340500, t, 5.232126e-05, KEe, 93564.910153, MEe, 4.678245508e+00, E, -500.000000, NP, 20000 100000
340600, t, 5.233662e-05, KEe, 93917.396214, MEe, 4.695869811e+00, E, -500.000000, NP, 20000 100000
340700, t, 5.235199e-05, KEe, 93515.209601, MEe, 4.675760480e+00, E, -500.000000, NP, 20000 100000
340800, t, 5.236736e-05, KEe, 93438.384978, MEe, 4.671919249e+00, E, -500.000000, NP, 20000 100000
340900, t, 5.238272e-05, KEe, 93563.413808, MEe, 4.678170690e+00, E, -500.000000, NP, 20000 100000
341000, t, 5.239809e-05, KEe, 93599.402321, MEe, 4.679970116e+00, E, -500.000000, NP, 20000 100000
341100, t, 5.241345e-05, KEe, 93533.784675, MEe, 4.676689234e+00, E, -500.000000, NP, 20000 100000
341200, t, 5.242882e-05, KEe, 93434.146107, MEe, 4.671707305e+00, E, -500.000000, NP, 20000 100000
341300, t, 5.244419e-05, KEe, 93597.722536, MEe, 4.679886127e+00, E, -500.000000, NP, 20000 100000
341400, t, 5.245955e-05, KEe, 93831.965688, MEe, 4.691598284e+00, E, -500.000000, NP, 20000 100000
341500, t, 5.247492e-05, KEe, 93795.629160, MEe, 4.689781458e+00, E, -500.000000, NP, 20000 100000
341600, t, 5.249028e-05, KEe, 93835.625202, MEe, 4.691781260e+00, E, -500.000000, NP, 20000 100000
341700, t, 5.250565e-05, KEe, 93871.395148, MEe, 4.693569757e+00, E, -500.000000, NP, 20000 100000
341800, t, 5.252102e-05, KEe, 94024.956613, MEe, 4.701247831e+00, E, -500.000000, NP, 20000 100000
341900, t, 5.253638e-05, KEe, 93973.900661, MEe, 4.698695033e+00, E, -500.000000, NP, 20000 100000
342000, t, 5.255175e-05, KEe, 93864.280924, MEe, 4.693214046e+00, E, -500.000000, NP, 20000 100000
342100, t, 5.256711e-05, KEe, 93881.154826, MEe, 4.694057741e+00, E, -500.000000, NP, 20000 100000
342200, t, 5.258248e-05, KEe, 93719.898135, MEe, 4.685994907e+00, E, -500.000000, NP, 20000 100000
342300, t, 5.259785e-05, KEe, 93624.205510, MEe, 4.681210276e+00, E, -500.000000, NP, 20000 100000
342400, t, 5.261321e-05, KEe, 93863.148585, MEe, 4.693157429e+00, E, -500.000000, NP, 20000 100000
342500, t, 5.262858e-05, KEe, 94144.266866, MEe, 4.707213343e+00, E, -500.000000, NP, 20000 100000
342600, t, 5.264394e-05, KEe, 94177.407292, MEe, 4.708870365e+00, E, -500.000000, NP, 20000 100000
342700, t, 5.265931e-05, KEe, 94312.527918, MEe, 4.715626396e+00, E, -500.000000, NP, 20000 100000
342800, t, 5.267468e-05, KEe, 94129.593508, MEe, 4.706479675e+00, E, -500.000000, NP, 20000 100000
342900, t, 5.269004e-05, KEe, 93961.461480, MEe, 4.698073074e+00, E, -500.000000, NP, 20000 100000
343000, t, 5.270541e-05, KEe, 94010.590587, MEe, 4.700529529e+00, E, -500.000000, NP, 20000 100000
343100, t, 5.272077e-05, KEe, 94081.547463, MEe, 4.704077373e+00, E, -500.000000, NP, 20000 100000
343200, t, 5.273614e-05, KEe, 93960.074932, MEe, 4.698003747e+00, E, -500.000000, NP, 20000 100000
343300, t, 5.275151e-05, KEe, 93932.947023, MEe, 4.696647351e+00, E, -500.000000, NP, 20000 100000
343400, t, 5.276687e-05, KEe, 93877.783385, MEe, 4.693889169e+00, E, -500.000000, NP, 20000 100000
343500, t, 5.278224e-05, KEe, 93725.674206, MEe, 4.686283710e+00, E, -500.000000, NP, 20000 100000
343600, t, 5.279760e-05, KEe, 93867.847886, MEe, 4.693392394e+00, E, -500.000000, NP, 20000 100000
343700, t, 5.281297e-05, KEe, 93798.015235, MEe, 4.689900762e+00, E, -500.000000, NP, 20000 100000
343800, t, 5.282834e-05, KEe, 93802.205816, MEe, 4.690110291e+00, E, -500.000000, NP, 20000 100000
343900, t, 5.284370e-05, KEe, 93713.259770, MEe, 4.685662988e+00, E, -500.000000, NP, 20000 100000
344000, t, 5.285907e-05, KEe, 93748.909997, MEe, 4.687445500e+00, E, -500.000000, NP, 20000 100000
344100, t, 5.287443e-05, KEe, 93702.233559, MEe, 4.685111678e+00, E, -500.000000, NP, 20000 100000
344200, t, 5.288980e-05, KEe, 93914.595997, MEe, 4.695729800e+00, E, -500.000000, NP, 20000 100000
344300, t, 5.290517e-05, KEe, 93825.104171, MEe, 4.691255209e+00, E, -500.000000, NP, 20000 100000
344400, t, 5.292053e-05, KEe, 93704.315129, MEe, 4.685215756e+00, E, -500.000000, NP, 20000 100000
344500, t, 5.293590e-05, KEe, 93621.176519, MEe, 4.681058826e+00, E, -500.000000, NP, 20000 100000
344600, t, 5.295126e-05, KEe, 93691.674669, MEe, 4.684583733e+00, E, -500.000000, NP, 20000 100000
344700, t, 5.296663e-05, KEe, 93698.028838, MEe, 4.684901442e+00, E, -500.000000, NP, 20000 100000
344800, t, 5.298200e-05, KEe, 93537.091898, MEe, 4.676854595e+00, E, -500.000000, NP, 20000 100000
344900, t, 5.299736e-05, KEe, 93402.992021, MEe, 4.670149601e+00, E, -500.000000, NP, 20000 100000
345000, t, 5.301273e-05, KEe, 93401.797189, MEe, 4.670089859e+00, E, -500.000000, NP, 20000 100000
345100, t, 5.302809e-05, KEe, 93589.190270, MEe, 4.679459514e+00, E, -500.000000, NP, 20000 100000
345200, t, 5.304346e-05, KEe, 93494.254812, MEe, 4.674712741e+00, E, -500.000000, NP, 20000 100000
345300, t, 5.305883e-05, KEe, 93419.964173, MEe, 4.670998209e+00, E, -500.000000, NP, 20000 100000
345400, t, 5.307419e-05, KEe, 93589.129067, MEe, 4.679456453e+00, E, -500.000000, NP, 20000 100000
345500, t, 5.308956e-05, KEe, 93502.791186, MEe, 4.675139559e+00, E, -500.000000, NP, 20000 100000
345600, t, 5.310492e-05, KEe, 93437.104649, MEe, 4.671855232e+00, E, -500.000000, NP, 20000 100000
345700, t, 5.312029e-05, KEe, 93701.710956, MEe, 4.685085548e+00, E, -500.000000, NP, 20000 100000
345800, t, 5.313566e-05, KEe, 93705.759622, MEe, 4.685287981e+00, E, -500.000000, NP, 20000 100000
345900, t, 5.315102e-05, KEe, 93478.810712, MEe, 4.673940536e+00, E, -500.000000, NP, 20000 100000
346000, t, 5.316639e-05, KEe, 93591.477979, MEe, 4.679573899e+00, E, -500.000000, NP, 20000 100000
346100, t, 5.318175e-05, KEe, 93662.767775, MEe, 4.683138389e+00, E, -500.000000, NP, 20000 100000
346200, t, 5.319712e-05, KEe, 93577.207718, MEe, 4.678860386e+00, E, -500.000000, NP, 20000 100000
346300, t, 5.321249e-05, KEe, 93321.345688, MEe, 4.666067284e+00, E, -500.000000, NP, 20000 100000
346400, t, 5.322785e-05, KEe, 93154.791169, MEe, 4.657739558e+00, E, -500.000000, NP, 20000 100000
346500, t, 5.324322e-05, KEe, 92970.660148, MEe, 4.648533007e+00, E, -500.000000, NP, 20000 100000
346600, t, 5.325858e-05, KEe, 93077.452342, MEe, 4.653872617e+00, E, -500.000000, NP, 20000 100000
346700, t, 5.327395e-05, KEe, 93301.192623, MEe, 4.665059631e+00, E, -500.000000, NP, 20000 100000
346800, t, 5.328932e-05, KEe, 93262.638307, MEe, 4.663131915e+00, E, -500.000000, NP, 20000 100000
346900, t, 5.330468e-05, KEe, 93253.331784, MEe, 4.662666589e+00, E, -500.000000, NP, 20000 100000
347000, t, 5.332005e-05, KEe, 93361.295165, MEe, 4.668064758e+00, E, -500.000000, NP, 20000 100000
347100, t, 5.333541e-05, KEe, 93285.500944, MEe, 4.664275047e+00, E, -500.000000, NP, 20000 100000
347200, t, 5.335078e-05, KEe, 93422.072515, MEe, 4.671103626e+00, E, -500.000000, NP, 20000 100000
347300, t, 5.336615e-05, KEe, 93270.088076, MEe, 4.663504404e+00, E, -500.000000, NP, 20000 100000
347400, t, 5.338151e-05, KEe, 93357.756736, MEe, 4.667887837e+00, E, -500.000000, NP, 20000 100000
347500, t, 5.339688e-05, KEe, 93217.137486, MEe, 4.660856874e+00, E, -500.000000, NP, 20000 100000
347600, t, 5.341224e-05, KEe, 93220.512542, MEe, 4.661025627e+00, E, -500.000000, NP, 20000 100000
347700, t, 5.342761e-05, KEe, 93158.742094, MEe, 4.657937105e+00, E, -500.000000, NP, 20000 100000
347800, t, 5.344298e-05, KEe, 93071.299773, MEe, 4.653564989e+00, E, -500.000000, NP, 20000 100000
347900, t, 5.345834e-05, KEe, 93123.162120, MEe, 4.656158106e+00, E, -500.000000, NP, 20000 100000
348000, t, 5.347371e-05, KEe, 93189.397576, MEe, 4.659469879e+00, E, -500.000000, NP, 20000 100000
348100, t, 5.348907e-05, KEe, 93265.739248, MEe, 4.663286962e+00, E, -500.000000, NP, 20000 100000
348200, t, 5.350444e-05, KEe, 93260.002379, MEe, 4.663000119e+00, E, -500.000000, NP, 20000 100000
348300, t, 5.351981e-05, KEe, 93344.161823, MEe, 4.667208091e+00, E, -500.000000, NP, 20000 100000
348400, t, 5.353517e-05, KEe, 93363.884448, MEe, 4.668194222e+00, E, -500.000000, NP, 20000 100000
348500, t, 5.355054e-05, KEe, 93564.761010, MEe, 4.678238051e+00, E, -500.000000, NP, 20000 100000
348600, t, 5.356590e-05, KEe, 93723.420977, MEe, 4.686171049e+00, E, -500.000000, NP, 20000 100000
348700, t, 5.358127e-05, KEe, 93853.601217, MEe, 4.692680061e+00, E, -500.000000, NP, 20000 100000
348800, t, 5.359664e-05, KEe, 93693.389742, MEe, 4.684669487e+00, E, -500.000000, NP, 20000 100000
348900, t, 5.361200e-05, KEe, 93599.719976, MEe, 4.679985999e+00, E, -500.000000, NP, 20000 100000
349000, t, 5.362737e-05, KEe, 93626.478234, MEe, 4.681323912e+00, E, -500.000000, NP, 20000 100000
349100, t, 5.364273e-05, KEe, 93749.790235, MEe, 4.687489512e+00, E, -500.000000, NP, 20000 100000
349200, t, 5.365810e-05, KEe, 94039.883073, MEe, 4.701994154e+00, E, -500.000000, NP, 20000 100000
349300, t, 5.367347e-05, KEe, 93961.428199, MEe, 4.698071410e+00, E, -500.000000, NP, 20000 100000
349400, t, 5.368883e-05, KEe, 93993.492905, MEe, 4.699674645e+00, E, -500.000000, NP, 20000 100000
349500, t, 5.370420e-05, KEe, 93765.809467, MEe, 4.688290473e+00, E, -500.000000, NP, 20000 100000
349600, t, 5.371956e-05, KEe, 93668.380172, MEe, 4.683419009e+00, E, -500.000000, NP, 20000 100000
349700, t, 5.373493e-05, KEe, 93726.935519, MEe, 4.686346776e+00, E, -500.000000, NP, 20000 100000
349800, t, 5.375030e-05, KEe, 93676.905423, MEe, 4.683845271e+00, E, -500.000000, NP, 20000 100000
349900, t, 5.376566e-05, KEe, 93770.844371, MEe, 4.688542219e+00, E, -500.000000, NP, 20000 100000
350000, t, 5.378103e-05, KEe, 93754.821219, MEe, 4.687741061e+00, E, -500.000000, NP, 20000 100000
350100, t, 5.379639e-05, KEe, 93744.816087, MEe, 4.687240804e+00, E, -500.000000, NP, 20000 100000
350200, t, 5.381176e-05, KEe, 93793.606546, MEe, 4.689680327e+00, E, -500.000000, NP, 20000 100000
350300, t, 5.382713e-05, KEe, 93723.228154, MEe, 4.686161408e+00, E, -500.000000, NP, 20000 100000
350400, t, 5.384249e-05, KEe, 93815.034957, MEe, 4.690751748e+00, E, -500.000000, NP, 20000 100000
350500, t, 5.385786e-05, KEe, 93981.785358, MEe, 4.699089268e+00, E, -500.000000, NP, 20000 100000
350600, t, 5.387322e-05, KEe, 93967.413172, MEe, 4.698370659e+00, E, -500.000000, NP, 20000 100000
350700, t, 5.388859e-05, KEe, 93940.619076, MEe, 4.697030954e+00, E, -500.000000, NP, 20000 100000
350800, t, 5.390396e-05, KEe, 94012.569100, MEe, 4.700628455e+00, E, -500.000000, NP, 20000 100000
350900, t, 5.391932e-05, KEe, 94134.200214, MEe, 4.706710011e+00, E, -500.000000, NP, 20000 100000
351000, t, 5.393469e-05, KEe, 94088.808228, MEe, 4.704440411e+00, E, -500.000000, NP, 20000 100000
351100, t, 5.395005e-05, KEe, 94209.356235, MEe, 4.710467812e+00, E, -500.000000, NP, 20000 100000
351200, t, 5.396542e-05, KEe, 94319.334685, MEe, 4.715966734e+00, E, -500.000000, NP, 20000 100000
351300, t, 5.398079e-05, KEe, 94208.242843, MEe, 4.710412142e+00, E, -500.000000, NP, 20000 100000
351400, t, 5.399615e-05, KEe, 94218.794229, MEe, 4.710939711e+00, E, -500.000000, NP, 20000 100000
351500, t, 5.401152e-05, KEe, 94056.188398, MEe, 4.702809420e+00, E, -500.000000, NP, 20000 100000
351600, t, 5.402688e-05, KEe, 93980.090484, MEe, 4.699004524e+00, E, -500.000000, NP, 20000 100000
351700, t, 5.404225e-05, KEe, 93912.779025, MEe, 4.695638951e+00, E, -500.000000, NP, 20000 100000
351800, t, 5.405762e-05, KEe, 93989.163882, MEe, 4.699458194e+00, E, -500.000000, NP, 20000 100000
351900, t, 5.407298e-05, KEe, 93730.076059, MEe, 4.686503803e+00, E, -500.000000, NP, 20000 100000
352000, t, 5.408835e-05, KEe, 93865.779723, MEe, 4.693288986e+00, E, -500.000000, NP, 20000 100000
352100, t, 5.410371e-05, KEe, 93864.500100, MEe, 4.693225005e+00, E, -500.000000, NP, 20000 100000
352200, t, 5.411908e-05, KEe, 93618.715634, MEe, 4.680935782e+00, E, -500.000000, NP, 20000 100000
352300, t, 5.413445e-05, KEe, 93505.658648, MEe, 4.675282932e+00, E, -500.000000, NP, 20000 100000
352400, t, 5.414981e-05, KEe, 93498.387611, MEe, 4.674919381e+00, E, -500.000000, NP, 20000 100000
352500, t, 5.416518e-05, KEe, 93530.593573, MEe, 4.676529679e+00, E, -500.000000, NP, 20000 100000
352600, t, 5.418054e-05, KEe, 93481.131860, MEe, 4.674056593e+00, E, -500.000000, NP, 20000 100000
352700, t, 5.419591e-05, KEe, 93535.140405, MEe, 4.676757020e+00, E, -500.000000, NP, 20000 100000
352800, t, 5.421128e-05, KEe, 93438.736570, MEe, 4.671936828e+00, E, -500.000000, NP, 20000 100000
352900, t, 5.422664e-05, KEe, 93675.565483, MEe, 4.683778274e+00, E, -500.000000, NP, 20000 100000
353000, t, 5.424201e-05, KEe, 93744.625800, MEe, 4.687231290e+00, E, -500.000000, NP, 20000 100000
353100, t, 5.425737e-05, KEe, 93824.908712, MEe, 4.691245436e+00, E, -500.000000, NP, 20000 100000
353200, t, 5.427274e-05, KEe, 93734.791046, MEe, 4.686739552e+00, E, -500.000000, NP, 20000 100000
353300, t, 5.428811e-05, KEe, 93675.274897, MEe, 4.683763745e+00, E, -500.000000, NP, 20000 100000
353400, t, 5.430347e-05, KEe, 93757.018231, MEe, 4.687850912e+00, E, -500.000000, NP, 20000 100000
353500, t, 5.431884e-05, KEe, 93805.865205, MEe, 4.690293260e+00, E, -500.000000, NP, 20000 100000
353600, t, 5.433420e-05, KEe, 93745.840487, MEe, 4.687292024e+00, E, -500.000000, NP, 20000 100000
353700, t, 5.434957e-05, KEe, 93698.093524, MEe, 4.684904676e+00, E, -500.000000, NP, 20000 100000
353800, t, 5.436494e-05, KEe, 93533.091331, MEe, 4.676654567e+00, E, -500.000000, NP, 20000 100000
353900, t, 5.438030e-05, KEe, 93586.373500, MEe, 4.679318675e+00, E, -500.000000, NP, 20000 100000
354000, t, 5.439567e-05, KEe, 93704.779646, MEe, 4.685238982e+00, E, -500.000000, NP, 20000 100000
354100, t, 5.441103e-05, KEe, 93622.892965, MEe, 4.681144648e+00, E, -500.000000, NP, 20000 100000
354200, t, 5.442640e-05, KEe, 93799.144512, MEe, 4.689957226e+00, E, -500.000000, NP, 20000 100000
354300, t, 5.444177e-05, KEe, 93971.454996, MEe, 4.698572750e+00, E, -500.000000, NP, 20000 100000
354400, t, 5.445713e-05, KEe, 93798.414342, MEe, 4.689920717e+00, E, -500.000000, NP, 20000 100000
354500, t, 5.447250e-05, KEe, 93731.745985, MEe, 4.686587299e+00, E, -500.000000, NP, 20000 100000
354600, t, 5.448787e-05, KEe, 93723.388023, MEe, 4.686169401e+00, E, -500.000000, NP, 20000 100000
354700, t, 5.450323e-05, KEe, 93513.582619, MEe, 4.675679131e+00, E, -500.000000, NP, 20000 100000
354800, t, 5.451860e-05, KEe, 93740.200385, MEe, 4.687010019e+00, E, -500.000000, NP, 20000 100000
354900, t, 5.453396e-05, KEe, 93798.998799, MEe, 4.689949940e+00, E, -500.000000, NP, 20000 100000
355000, t, 5.454933e-05, KEe, 93565.427281, MEe, 4.678271364e+00, E, -500.000000, NP, 20000 100000
355100, t, 5.456470e-05, KEe, 93629.912887, MEe, 4.681495644e+00, E, -500.000000, NP, 20000 100000
355200, t, 5.458006e-05, KEe, 93549.047485, MEe, 4.677452374e+00, E, -500.000000, NP, 20000 100000
355300, t, 5.459543e-05, KEe, 93577.937398, MEe, 4.678896870e+00, E, -500.000000, NP, 20000 100000
355400, t, 5.461079e-05, KEe, 93718.886043, MEe, 4.685944302e+00, E, -500.000000, NP, 20000 100000
355500, t, 5.462616e-05, KEe, 93779.147856, MEe, 4.688957393e+00, E, -500.000000, NP, 20000 100000
355600, t, 5.464153e-05, KEe, 93904.957250, MEe, 4.695247862e+00, E, -500.000000, NP, 20000 100000
355700, t, 5.465689e-05, KEe, 93709.426246, MEe, 4.685471312e+00, E, -500.000000, NP, 20000 100000
355800, t, 5.467226e-05, KEe, 93818.528834, MEe, 4.690926442e+00, E, -500.000000, NP, 20000 100000
355900, t, 5.468762e-05, KEe, 93949.489401, MEe, 4.697474470e+00, E, -500.000000, NP, 20000 100000
356000, t, 5.470299e-05, KEe, 94225.020106, MEe, 4.711251005e+00, E, -500.000000, NP, 20000 100000
356100, t, 5.471836e-05, KEe, 93966.116684, MEe, 4.698305834e+00, E, -500.000000, NP, 20000 100000
356200, t, 5.473372e-05, KEe, 93885.751490, MEe, 4.694287574e+00, E, -500.000000, NP, 20000 100000
356300, t, 5.474909e-05, KEe, 93606.820589, MEe, 4.680341029e+00, E, -500.000000, NP, 20000 100000
356400, t, 5.476445e-05, KEe, 93751.837466, MEe, 4.687591873e+00, E, -500.000000, NP, 20000 100000
356500, t, 5.477982e-05, KEe, 93570.003913, MEe, 4.678500196e+00, E, -500.000000, NP, 20000 100000
356600, t, 5.479519e-05, KEe, 93662.537839, MEe, 4.683126892e+00, E, -500.000000, NP, 20000 100000
356700, t, 5.481055e-05, KEe, 93634.144074, MEe, 4.681707204e+00, E, -500.000000, NP, 20000 100000
356800, t, 5.482592e-05, KEe, 93444.431520, MEe, 4.672221576e+00, E, -500.000000, NP, 20000 100000
356900, t, 5.484128e-05, KEe, 93560.110968, MEe, 4.678005548e+00, E, -500.000000, NP, 20000 100000
357000, t, 5.485665e-05, KEe, 93607.988465, MEe, 4.680399423e+00, E, -500.000000, NP, 20000 100000
357100, t, 5.487202e-05, KEe, 93617.123540, MEe, 4.680856177e+00, E, -500.000000, NP, 20000 100000
357200, t, 5.488738e-05, KEe, 93977.577154, MEe, 4.698878858e+00, E, -500.000000, NP, 20000 100000
357300, t, 5.490275e-05, KEe, 93938.656963, MEe, 4.696932848e+00, E, -500.000000, NP, 20000 100000
357400, t, 5.491811e-05, KEe, 94058.047143, MEe, 4.702902357e+00, E, -500.000000, NP, 20000 100000
357500, t, 5.493348e-05, KEe, 94040.837809, MEe, 4.702041890e+00, E, -500.000000, NP, 20000 100000
357600, t, 5.494885e-05, KEe, 94110.684718, MEe, 4.705534236e+00, E, -500.000000, NP, 20000 100000
357700, t, 5.496421e-05, KEe, 93895.137853, MEe, 4.694756893e+00, E, -500.000000, NP, 20000 100000
357800, t, 5.497958e-05, KEe, 93735.443291, MEe, 4.686772165e+00, E, -500.000000, NP, 20000 100000
357900, t, 5.499494e-05, KEe, 93774.010162, MEe, 4.688700508e+00, E, -500.000000, NP, 20000 100000
358000, t, 5.501031e-05, KEe, 93804.906085, MEe, 4.690245304e+00, E, -500.000000, NP, 20000 100000
358100, t, 5.502568e-05, KEe, 93702.566774, MEe, 4.685128339e+00, E, -500.000000, NP, 20000 100000
358200, t, 5.504104e-05, KEe, 93706.534184, MEe, 4.685326709e+00, E, -500.000000, NP, 20000 100000
358300, t, 5.505641e-05, KEe, 93627.958240, MEe, 4.681397912e+00, E, -500.000000, NP, 20000 100000
358400, t, 5.507177e-05, KEe, 93531.603680, MEe, 4.676580184e+00, E, -500.000000, NP, 20000 100000
358500, t, 5.508714e-05, KEe, 93425.863104, MEe, 4.671293155e+00, E, -500.000000, NP, 20000 100000
358600, t, 5.510251e-05, KEe, 93768.041407, MEe, 4.688402070e+00, E, -500.000000, NP, 20000 100000
358700, t, 5.511787e-05, KEe, 93789.028877, MEe, 4.689451444e+00, E, -500.000000, NP, 20000 100000
358800, t, 5.513324e-05, KEe, 93821.981266, MEe, 4.691099063e+00, E, -500.000000, NP, 20000 100000
358900, t, 5.514860e-05, KEe, 93713.941999, MEe, 4.685697100e+00, E, -500.000000, NP, 20000 100000
359000, t, 5.516397e-05, KEe, 93707.071993, MEe, 4.685353600e+00, E, -500.000000, NP, 20000 100000
359100, t, 5.517934e-05, KEe, 93713.575268, MEe, 4.685678763e+00, E, -500.000000, NP, 20000 100000
359200, t, 5.519470e-05, KEe, 93638.454989, MEe, 4.681922749e+00, E, -500.000000, NP, 20000 100000
359300, t, 5.521007e-05, KEe, 93706.974200, MEe, 4.685348710e+00, E, -500.000000, NP, 20000 100000
359400, t, 5.522543e-05, KEe, 93550.004394, MEe, 4.677500220e+00, E, -500.000000, NP, 20000 100000
359500, t, 5.524080e-05, KEe, 93480.404268, MEe, 4.674020213e+00, E, -500.000000, NP, 20000 100000
359600, t, 5.525617e-05, KEe, 93518.729692, MEe, 4.675936485e+00, E, -500.000000, NP, 20000 100000
359700, t, 5.527153e-05, KEe, 93838.297310, MEe, 4.691914866e+00, E, -500.000000, NP, 20000 100000
359800, t, 5.528690e-05, KEe, 94090.717237, MEe, 4.704535862e+00, E, -500.000000, NP, 20000 100000
359900, t, 5.530226e-05, KEe, 93964.401784, MEe, 4.698220089e+00, E, -500.000000, NP, 20000 100000
360000, t, 5.531763e-05, KEe, 93866.527477, MEe, 4.693326374e+00, E, -500.000000, NP, 20000 100000
360100, t, 5.533300e-05, KEe, 93683.375760, MEe, 4.684168788e+00, E, -500.000000, NP, 20000 100000
360200, t, 5.534836e-05, KEe, 93545.788894, MEe, 4.677289445e+00, E, -500.000000, NP, 20000 100000
360300, t, 5.536373e-05, KEe, 93520.384595, MEe, 4.676019230e+00, E, -500.000000, NP, 20000 100000
360400, t, 5.537909e-05, KEe, 93430.278601, MEe, 4.671513930e+00, E, -500.000000, NP, 20000 100000
360500, t, 5.539446e-05, KEe, 93572.814904, MEe, 4.678640745e+00, E, -500.000000, NP, 20000 100000
360600, t, 5.540983e-05, KEe, 93655.961197, MEe, 4.682798060e+00, E, -500.000000, NP, 20000 100000
360700, t, 5.542519e-05, KEe, 93718.343676, MEe, 4.685917184e+00, E, -500.000000, NP, 20000 100000
360800, t, 5.544056e-05, KEe, 93870.781020, MEe, 4.693539051e+00, E, -500.000000, NP, 20000 100000
360900, t, 5.545592e-05, KEe, 93841.874677, MEe, 4.692093734e+00, E, -500.000000, NP, 20000 100000
361000, t, 5.547129e-05, KEe, 93685.793775, MEe, 4.684289689e+00, E, -500.000000, NP, 20000 100000
361100, t, 5.548666e-05, KEe, 93833.292888, MEe, 4.691664644e+00, E, -500.000000, NP, 20000 100000
361200, t, 5.550202e-05, KEe, 93686.823916, MEe, 4.684341196e+00, E, -500.000000, NP, 20000 100000
361300, t, 5.551739e-05, KEe, 93594.612126, MEe, 4.679730606e+00, E, -500.000000, NP, 20000 100000
361400, t, 5.553275e-05, KEe, 93596.109617, MEe, 4.679805481e+00, E, -500.000000, NP, 20000 100000
361500, t, 5.554812e-05, KEe, 93753.794041, MEe, 4.687689702e+00, E, -500.000000, NP, 20000 100000
361600, t, 5.556349e-05, KEe, 93863.395988, MEe, 4.693169799e+00, E, -500.000000, NP, 20000 100000
361700, t, 5.557885e-05, KEe, 93955.488600, MEe, 4.697774430e+00, E, -500.000000, NP, 20000 100000
361800, t, 5.559422e-05, KEe, 94036.320302, MEe, 4.701816015e+00, E, -500.000000, NP, 20000 100000
361900, t, 5.560958e-05, KEe, 94126.961686, MEe, 4.706348084e+00, E, -500.000000, NP, 20000 100000
362000, t, 5.562495e-05, KEe, 94034.530320, MEe, 4.701726516e+00, E, -500.000000, NP, 20000 100000
362100, t, 5.564032e-05, KEe, 93922.765221, MEe, 4.696138261e+00, E, -500.000000, NP, 20000 100000
362200, t, 5.565568e-05, KEe, 93730.171469, MEe, 4.686508573e+00, E, -500.000000, NP, 20000 100000
362300, t, 5.567105e-05, KEe, 93775.345783, MEe, 4.688767289e+00, E, -500.000000, NP, 20000 100000
362400, t, 5.568641e-05, KEe, 93663.110869, MEe, 4.683155543e+00, E, -500.000000, NP, 20000 100000
362500, t, 5.570178e-05, KEe, 93561.411340, MEe, 4.678070567e+00, E, -500.000000, NP, 20000 100000
362600, t, 5.571715e-05, KEe, 93636.011204, MEe, 4.681800560e+00, E, -500.000000, NP, 20000 100000
362700, t, 5.573251e-05, KEe, 93667.318774, MEe, 4.683365939e+00, E, -500.000000, NP, 20000 100000
362800, t, 5.574788e-05, KEe, 93632.962461, MEe, 4.681648123e+00, E, -500.000000, NP, 20000 100000
362900, t, 5.576324e-05, KEe, 93434.235348, MEe, 4.671711767e+00, E, -500.000000, NP, 20000 100000
363000, t, 5.577861e-05, KEe, 93188.393886, MEe, 4.659419694e+00, E, -500.000000, NP, 20000 100000
363100, t, 5.579398e-05, KEe, 93305.441345, MEe, 4.665272067e+00, E, -500.000000, NP, 20000 100000
363200, t, 5.580934e-05, KEe, 93168.915578, MEe, 4.658445779e+00, E, -500.000000, NP, 20000 100000
363300, t, 5.582471e-05, KEe, 93091.103011, MEe, 4.654555151e+00, E, -500.000000, NP, 20000 100000
363400, t, 5.584007e-05, KEe, 92943.763787, MEe, 4.647188189e+00, E, -500.000000, NP, 20000 100000
363500, t, 5.585544e-05, KEe, 93001.719765, MEe, 4.650085988e+00, E, -500.000000, NP, 20000 100000
363600, t, 5.587081e-05, KEe, 93049.340369, MEe, 4.652467018e+00, E, -500.000000, NP, 20000 100000
363700, t, 5.588617e-05, KEe, 93127.241824, MEe, 4.656362091e+00, E, -500.000000, NP, 20000 100000
363800, t, 5.590154e-05, KEe, 93205.419835, MEe, 4.660270992e+00, E, -500.000000, NP, 20000 100000
363900, t, 5.591690e-05, KEe, 93243.955530, MEe, 4.662197777e+00, E, -500.000000, NP, 20000 100000
364000, t, 5.593227e-05, KEe, 93290.404955, MEe, 4.664520248e+00, E, -500.000000, NP, 20000 100000
364100, t, 5.594764e-05, KEe, 93435.078281, MEe, 4.671753914e+00, E, -500.000000, NP, 20000 100000
364200, t, 5.596300e-05, KEe, 93397.513775, MEe, 4.669875689e+00, E, -500.000000, NP, 20000 100000
364300, t, 5.597837e-05, KEe, 93470.065129, MEe, 4.673503256e+00, E, -500.000000, NP, 20000 100000
364400, t, 5.599373e-05, KEe, 93288.646700, MEe, 4.664432335e+00, E, -500.000000, NP, 20000 100000
364500, t, 5.600910e-05, KEe, 93223.420255, MEe, 4.661171013e+00, E, -500.000000, NP, 20000 100000
364600, t, 5.602447e-05, KEe, 93456.294056, MEe, 4.672814703e+00, E, -500.000000, NP, 20000 100000
364700, t, 5.603983e-05, KEe, 93594.585223, MEe, 4.679729261e+00, E, -500.000000, NP, 20000 100000
364800, t, 5.605520e-05, KEe, 93690.057260, MEe, 4.684502863e+00, E, -500.000000, NP, 20000 100000
364900, t, 5.607056e-05, KEe, 93574.385510, MEe, 4.678719275e+00, E, -500.000000, NP, 20000 100000
365000, t, 5.608593e-05, KEe, 93446.085220, MEe, 4.672304261e+00, E, -500.000000, NP, 20000 100000
365100, t, 5.610130e-05, KEe, 93297.125945, MEe, 4.664856297e+00, E, -500.000000, NP, 20000 100000
365200, t, 5.611666e-05, KEe, 93207.574022, MEe, 4.660378701e+00, E, -500.000000, NP, 20000 100000
365300, t, 5.613203e-05, KEe, 93254.804488, MEe, 4.662740224e+00, E, -500.000000, NP, 20000 100000
365400, t, 5.614739e-05, KEe, 93283.713508, MEe, 4.664185675e+00, E, -500.000000, NP, 20000 100000
365500, t, 5.616276e-05, KEe, 93298.747578, MEe, 4.664937379e+00, E, -500.000000, NP, 20000 100000
365600, t, 5.617813e-05, KEe, 93197.630154, MEe, 4.659881508e+00, E, -500.000000, NP, 20000 100000
365700, t, 5.619349e-05, KEe, 93230.344879, MEe, 4.661517244e+00, E, -500.000000, NP, 20000 100000
365800, t, 5.620886e-05, KEe, 93397.400781, MEe, 4.669870039e+00, E, -500.000000, NP, 20000 100000
365900, t, 5.622422e-05, KEe, 93405.321785, MEe, 4.670266089e+00, E, -500.000000, NP, 20000 100000
366000, t, 5.623959e-05, KEe, 93136.078659, MEe, 4.656803933e+00, E, -500.000000, NP, 20000 100000
366100, t, 5.625496e-05, KEe, 93295.566630, MEe, 4.664778331e+00, E, -500.000000, NP, 20000 100000
366200, t, 5.627032e-05, KEe, 93405.729220, MEe, 4.670286461e+00, E, -500.000000, NP, 20000 100000
366300, t, 5.628569e-05, KEe, 93339.550580, MEe, 4.666977529e+00, E, -500.000000, NP, 20000 100000
366400, t, 5.630105e-05, KEe, 93295.318074, MEe, 4.664765904e+00, E, -500.000000, NP, 20000 100000
366500, t, 5.631642e-05, KEe, 93448.143989, MEe, 4.672407199e+00, E, -500.000000, NP, 20000 100000
366600, t, 5.633179e-05, KEe, 93392.603690, MEe, 4.669630185e+00, E, -500.000000, NP, 20000 100000
366700, t, 5.634715e-05, KEe, 93664.939403, MEe, 4.683246970e+00, E, -500.000000, NP, 20000 100000
366800, t, 5.636252e-05, KEe, 93811.923706, MEe, 4.690596185e+00, E, -500.000000, NP, 20000 100000
366900, t, 5.637788e-05, KEe, 93736.830714, MEe, 4.686841536e+00, E, -500.000000, NP, 20000 100000
367000, t, 5.639325e-05, KEe, 93756.738335, MEe, 4.687836917e+00, E, -500.000000, NP, 20000 100000
367100, t, 5.640862e-05, KEe, 93793.937097, MEe, 4.689696855e+00, E, -500.000000, NP, 20000 100000
367200, t, 5.642398e-05, KEe, 93780.509289, MEe, 4.689025464e+00, E, -500.000000, NP, 20000 100000
367300, t, 5.643935e-05, KEe, 93926.243034, MEe, 4.696312152e+00, E, -500.000000, NP, 20000 100000
367400, t, 5.645471e-05, KEe, 93782.392787, MEe, 4.689119639e+00, E, -500.000000, NP, 20000 100000
367500, t, 5.647008e-05, KEe, 93629.790808, MEe, 4.681489540e+00, E, -500.000000, NP, 20000 100000
367600, t, 5.648545e-05, KEe, 93742.177535, MEe, 4.687108877e+00, E, -500.000000, NP, 20000 100000
367700, t, 5.650081e-05, KEe, 93631.254017, MEe, 4.681562701e+00, E, -500.000000, NP, 20000 100000
367800, t, 5.651618e-05, KEe, 93416.350754, MEe, 4.670817538e+00, E, -500.000000, NP, 20000 100000
367900, t, 5.653154e-05, KEe, 93451.704360, MEe, 4.672585218e+00, E, -500.000000, NP, 20000 100000
368000, t, 5.654691e-05, KEe, 93532.767587, MEe, 4.676638379e+00, E, -500.000000, NP, 20000 100000
368100, t, 5.656228e-05, KEe, 94055.780251, MEe, 4.702789013e+00, E, -500.000000, NP, 20000 100000
368200, t, 5.657764e-05, KEe, 93925.559062, MEe, 4.696277953e+00, E, -500.000000, NP, 20000 100000
368300, t, 5.659301e-05, KEe, 93976.332997, MEe, 4.698816650e+00, E, -500.000000, NP, 20000 100000
368400, t, 5.660837e-05, KEe, 93973.274825, MEe, 4.698663741e+00, E, -500.000000, NP, 20000 100000
368500, t, 5.662374e-05, KEe, 93914.389327, MEe, 4.695719466e+00, E, -500.000000, NP, 20000 100000
368600, t, 5.663911e-05, KEe, 93701.694971, MEe, 4.685084749e+00, E, -500.000000, NP, 20000 100000
368700, t, 5.665447e-05, KEe, 93821.632916, MEe, 4.691081646e+00, E, -500.000000, NP, 20000 100000
368800, t, 5.666984e-05, KEe, 93617.723623, MEe, 4.680886181e+00, E, -500.000000, NP, 20000 100000
368900, t, 5.668520e-05, KEe, 93554.755525, MEe, 4.677737776e+00, E, -500.000000, NP, 20000 100000
369000, t, 5.670057e-05, KEe, 93427.877491, MEe, 4.671393875e+00, E, -500.000000, NP, 20000 100000
369100, t, 5.671594e-05, KEe, 93422.154650, MEe, 4.671107733e+00, E, -500.000000, NP, 20000 100000
369200, t, 5.673130e-05, KEe, 93371.286770, MEe, 4.668564338e+00, E, -500.000000, NP, 20000 100000
369300, t, 5.674667e-05, KEe, 93255.955083, MEe, 4.662797754e+00, E, -500.000000, NP, 20000 100000
369400, t, 5.676203e-05, KEe, 93105.689442, MEe, 4.655284472e+00, E, -500.000000, NP, 20000 100000
369500, t, 5.677740e-05, KEe, 93158.292326, MEe, 4.657914616e+00, E, -500.000000, NP, 20000 100000
369600, t, 5.679277e-05, KEe, 93440.894608, MEe, 4.672044730e+00, E, -500.000000, NP, 20000 100000
369700, t, 5.680813e-05, KEe, 93336.513810, MEe, 4.666825690e+00, E, -500.000000, NP, 20000 100000
369800, t, 5.682350e-05, KEe, 93378.894939, MEe, 4.668944747e+00, E, -500.000000, NP, 20000 100000
369900, t, 5.683886e-05, KEe, 93485.137706, MEe, 4.674256885e+00, E, -500.000000, NP, 20000 100000
370000, t, 5.685423e-05, KEe, 93437.247527, MEe, 4.671862376e+00, E, -500.000000, NP, 20000 100000
370100, t, 5.686960e-05, KEe, 93614.040336, MEe, 4.680702017e+00, E, -500.000000, NP, 20000 100000
370200, t, 5.688496e-05, KEe, 93416.945314, MEe, 4.670847266e+00, E, -500.000000, NP, 20000 100000
370300, t, 5.690033e-05, KEe, 93580.034397, MEe, 4.679001720e+00, E, -500.000000, NP, 20000 100000
370400, t, 5.691569e-05, KEe, 93570.515962, MEe, 4.678525798e+00, E, -500.000000, NP, 20000 100000
370500, t, 5.693106e-05, KEe, 93486.592669, MEe, 4.674329633e+00, E, -500.000000, NP, 20000 100000
370600, t, 5.694643e-05, KEe, 93369.810239, MEe, 4.668490512e+00, E, -500.000000, NP, 20000 100000
370700, t, 5.696179e-05, KEe, 93485.922856, MEe, 4.674296143e+00, E, -500.000000, NP, 20000 100000
370800, t, 5.697716e-05, KEe, 93440.204225, MEe, 4.672010211e+00, E, -500.000000, NP, 20000 100000
370900, t, 5.699252e-05, KEe, 93480.092790, MEe, 4.674004639e+00, E, -500.000000, NP, 20000 100000
371000, t, 5.700789e-05, KEe, 93584.559845, MEe, 4.679227992e+00, E, -500.000000, NP, 20000 100000
371100, t, 5.702326e-05, KEe, 93494.475776, MEe, 4.674723789e+00, E, -500.000000, NP, 20000 100000
371200, t, 5.703862e-05, KEe, 93617.004653, MEe, 4.680850233e+00, E, -500.000000, NP, 20000 100000
371300, t, 5.705399e-05, KEe, 93646.463640, MEe, 4.682323182e+00, E, -500.000000, NP, 20000 100000
371400, t, 5.706935e-05, KEe, 93468.930330, MEe, 4.673446517e+00, E, -500.000000, NP, 20000 100000
371500, t, 5.708472e-05, KEe, 93417.468142, MEe, 4.670873407e+00, E, -500.000000, NP, 20000 100000
371600, t, 5.710009e-05, KEe, 93609.344895, MEe, 4.680467245e+00, E, -500.000000, NP, 20000 100000
371700, t, 5.711545e-05, KEe, 93651.989382, MEe, 4.682599469e+00, E, -500.000000, NP, 20000 100000
371800, t, 5.713082e-05, KEe, 93560.157730, MEe, 4.678007887e+00, E, -500.000000, NP, 20000 100000
371900, t, 5.714618e-05, KEe, 93325.063671, MEe, 4.666253184e+00, E, -500.000000, NP, 20000 100000
372000, t, 5.716155e-05, KEe, 93523.157818, MEe, 4.676157891e+00, E, -500.000000, NP, 20000 100000
372100, t, 5.717692e-05, KEe, 93487.831072, MEe, 4.674391554e+00, E, -500.000000, NP, 20000 100000
372200, t, 5.719228e-05, KEe, 93548.757539, MEe, 4.677437877e+00, E, -500.000000, NP, 20000 100000
372300, t, 5.720765e-05, KEe, 93347.398769, MEe, 4.667369938e+00, E, -500.000000, NP, 20000 100000
372400, t, 5.722301e-05, KEe, 93264.507806, MEe, 4.663225390e+00, E, -500.000000, NP, 20000 100000
372500, t, 5.723838e-05, KEe, 93288.416278, MEe, 4.664420814e+00, E, -500.000000, NP, 20000 100000
372600, t, 5.725375e-05, KEe, 93188.692382, MEe, 4.659434619e+00, E, -500.000000, NP, 20000 100000
372700, t, 5.726911e-05, KEe, 93321.546299, MEe, 4.666077315e+00, E, -500.000000, NP, 20000 100000
372800, t, 5.728448e-05, KEe, 93109.935573, MEe, 4.655496779e+00, E, -500.000000, NP, 20000 100000
372900, t, 5.729984e-05, KEe, 92951.577273, MEe, 4.647578864e+00, E, -500.000000, NP, 20000 100000
373000, t, 5.731521e-05, KEe, 92991.757115, MEe, 4.649587856e+00, E, -500.000000, NP, 20000 100000
373100, t, 5.733058e-05, KEe, 93185.265573, MEe, 4.659263279e+00, E, -500.000000, NP, 20000 100000
373200, t, 5.734594e-05, KEe, 93047.610228, MEe, 4.652380511e+00, E, -500.000000, NP, 20000 100000
373300, t, 5.736131e-05, KEe, 93165.791176, MEe, 4.658289559e+00, E, -500.000000, NP, 20000 100000
373400, t, 5.737667e-05, KEe, 93208.391321, MEe, 4.660419566e+00, E, -500.000000, NP, 20000 100000
373500, t, 5.739204e-05, KEe, 93463.095964, MEe, 4.673154798e+00, E, -500.000000, NP, 20000 100000
373600, t, 5.740741e-05, KEe, 93456.128439, MEe, 4.672806422e+00, E, -500.000000, NP, 20000 100000
373700, t, 5.742277e-05, KEe, 93611.831788, MEe, 4.680591589e+00, E, -500.000000, NP, 20000 100000
373800, t, 5.743814e-05, KEe, 93703.897904, MEe, 4.685194895e+00, E, -500.000000, NP, 20000 100000
373900, t, 5.745350e-05, KEe, 93497.030868, MEe, 4.674851543e+00, E, -500.000000, NP, 20000 100000
374000, t, 5.746887e-05, KEe, 93350.720270, MEe, 4.667536013e+00, E, -500.000000, NP, 20000 100000
374100, t, 5.748424e-05, KEe, 93336.820614, MEe, 4.666841031e+00, E, -500.000000, NP, 20000 100000
374200, t, 5.749960e-05, KEe, 93263.515530, MEe, 4.663175776e+00, E, -500.000000, NP, 20000 100000
374300, t, 5.751497e-05, KEe, 93172.742627, MEe, 4.658637131e+00, E, -500.000000, NP, 20000 100000
374400, t, 5.753033e-05, KEe, 93240.539000, MEe, 4.662026950e+00, E, -500.000000, NP, 20000 100000
374500, t, 5.754570e-05, KEe, 93532.846769, MEe, 4.676642338e+00, E, -500.000000, NP, 20000 100000
374600, t, 5.756107e-05, KEe, 93332.406769, MEe, 4.666620338e+00, E, -500.000000, NP, 20000 100000
374700, t, 5.757643e-05, KEe, 93452.365324, MEe, 4.672618266e+00, E, -500.000000, NP, 20000 100000
374800, t, 5.759180e-05, KEe, 93319.707670, MEe, 4.665985383e+00, E, -500.000000, NP, 20000 100000
374900, t, 5.760716e-05, KEe, 93486.024188, MEe, 4.674301209e+00, E, -500.000000, NP, 20000 100000
375000, t, 5.762253e-05, KEe, 93166.372592, MEe, 4.658318630e+00, E, -500.000000, NP, 20000 100000
375100, t, 5.763790e-05, KEe, 93207.183210, MEe, 4.660359161e+00, E, -500.000000, NP, 20000 100000
375200, t, 5.765326e-05, KEe, 93202.706342, MEe, 4.660135317e+00, E, -500.000000, NP, 20000 100000
375300, t, 5.766863e-05, KEe, 93221.461279, MEe, 4.661073064e+00, E, -500.000000, NP, 20000 100000
375400, t, 5.768399e-05, KEe, 93118.747324, MEe, 4.655937366e+00, E, -500.000000, NP, 20000 100000
375500, t, 5.769936e-05, KEe, 92975.645169, MEe, 4.648782258e+00, E, -500.000000, NP, 20000 100000
375600, t, 5.771473e-05, KEe, 93061.208827, MEe, 4.653060441e+00, E, -500.000000, NP, 20000 100000
375700, t, 5.773009e-05, KEe, 93150.896610, MEe, 4.657544831e+00, E, -500.000000, NP, 20000 100000
375800, t, 5.774546e-05, KEe, 93297.516262, MEe, 4.664875813e+00, E, -500.000000, NP, 20000 100000
375900, t, 5.776082e-05, KEe, 93249.322958, MEe, 4.662466148e+00, E, -500.000000, NP, 20000 100000
376000, t, 5.777619e-05, KEe, 93082.590718, MEe, 4.654129536e+00, E, -500.000000, NP, 20000 100000
376100, t, 5.779156e-05, KEe, 93272.326210, MEe, 4.663616311e+00, E, -500.000000, NP, 20000 100000
376200, t, 5.780692e-05, KEe, 93147.400201, MEe, 4.657370010e+00, E, -500.000000, NP, 20000 100000
376300, t, 5.782229e-05, KEe, 93226.678861, MEe, 4.661333943e+00, E, -500.000000, NP, 20000 100000
376400, t, 5.783765e-05, KEe, 93220.965943, MEe, 4.661048297e+00, E, -500.000000, NP, 20000 100000
376500, t, 5.785302e-05, KEe, 93350.689168, MEe, 4.667534458e+00, E, -500.000000, NP, 20000 100000
376600, t, 5.786839e-05, KEe, 93277.883443, MEe, 4.663894172e+00, E, -500.000000, NP, 20000 100000
376700, t, 5.788375e-05, KEe, 93343.360020, MEe, 4.667168001e+00, E, -500.000000, NP, 20000 100000
376800, t, 5.789912e-05, KEe, 93413.508392, MEe, 4.670675420e+00, E, -500.000000, NP, 20000 100000
376900, t, 5.791448e-05, KEe, 93120.655813, MEe, 4.656032791e+00, E, -500.000000, NP, 20000 100000
377000, t, 5.792985e-05, KEe, 93190.602286, MEe, 4.659530114e+00, E, -500.000000, NP, 20000 100000
377100, t, 5.794522e-05, KEe, 93346.148619, MEe, 4.667307431e+00, E, -500.000000, NP, 20000 100000
377200, t, 5.796058e-05, KEe, 93383.742503, MEe, 4.669187125e+00, E, -500.000000, NP, 20000 100000
377300, t, 5.797595e-05, KEe, 93429.463795, MEe, 4.671473190e+00, E, -500.000000, NP, 20000 100000
377400, t, 5.799131e-05, KEe, 93318.971318, MEe, 4.665948566e+00, E, -500.000000, NP, 20000 100000
377500, t, 5.800668e-05, KEe, 93422.693607, MEe, 4.671134680e+00, E, -500.000000, NP, 20000 100000
377600, t, 5.802205e-05, KEe, 93627.658898, MEe, 4.681382945e+00, E, -500.000000, NP, 20000 100000
377700, t, 5.803741e-05, KEe, 93619.172166, MEe, 4.680958608e+00, E, -500.000000, NP, 20000 100000
377800, t, 5.805278e-05, KEe, 93539.364354, MEe, 4.676968218e+00, E, -500.000000, NP, 20000 100000
377900, t, 5.806814e-05, KEe, 93793.169793, MEe, 4.689658490e+00, E, -500.000000, NP, 20000 100000
378000, t, 5.808351e-05, KEe, 93517.985337, MEe, 4.675899267e+00, E, -500.000000, NP, 20000 100000
378100, t, 5.809888e-05, KEe, 93465.220399, MEe, 4.673261020e+00, E, -500.000000, NP, 20000 100000
378200, t, 5.811424e-05, KEe, 93829.264880, MEe, 4.691463244e+00, E, -500.000000, NP, 20000 100000
378300, t, 5.812961e-05, KEe, 93704.455913, MEe, 4.685222796e+00, E, -500.000000, NP, 20000 100000
378400, t, 5.814497e-05, KEe, 93570.760506, MEe, 4.678538025e+00, E, -500.000000, NP, 20000 100000
378500, t, 5.816034e-05, KEe, 93522.862207, MEe, 4.676143110e+00, E, -500.000000, NP, 20000 100000
378600, t, 5.817571e-05, KEe, 93373.579882, MEe, 4.668678994e+00, E, -500.000000, NP, 20000 100000
378700, t, 5.819107e-05, KEe, 93450.557647, MEe, 4.672527882e+00, E, -500.000000, NP, 20000 100000
378800, t, 5.820644e-05, KEe, 93404.845101, MEe, 4.670242255e+00, E, -500.000000, NP, 20000 100000
378900, t, 5.822181e-05, KEe, 93461.960928, MEe, 4.673098046e+00, E, -500.000000, NP, 20000 100000
379000, t, 5.823717e-05, KEe, 93271.305544, MEe, 4.663565277e+00, E, -500.000000, NP, 20000 100000
379100, t, 5.825254e-05, KEe, 93319.722501, MEe, 4.665986125e+00, E, -500.000000, NP, 20000 100000
379200, t, 5.826790e-05, KEe, 93436.843088, MEe, 4.671842154e+00, E, -500.000000, NP, 20000 100000
379300, t, 5.828327e-05, KEe, 93454.383644, MEe, 4.672719182e+00, E, -500.000000, NP, 20000 100000
379400, t, 5.829864e-05, KEe, 93465.110361, MEe, 4.673255518e+00, E, -500.000000, NP, 20000 100000
379500, t, 5.831400e-05, KEe, 93687.971788, MEe, 4.684398589e+00, E, -500.000000, NP, 20000 100000
379600, t, 5.832937e-05, KEe, 93632.114152, MEe, 4.681605708e+00, E, -500.000000, NP, 20000 100000
379700, t, 5.834473e-05, KEe, 93638.103142, MEe, 4.681905157e+00, E, -500.000000, NP, 20000 100000
379800, t, 5.836010e-05, KEe, 93273.971737, MEe, 4.663698587e+00, E, -500.000000, NP, 20000 100000
379900, t, 5.837547e-05, KEe, 93293.842372, MEe, 4.664692119e+00, E, -500.000000, NP, 20000 100000
380000, t, 5.839083e-05, KEe, 93150.777753, MEe, 4.657538888e+00, E, -500.000000, NP, 20000 100000
380100, t, 5.840620e-05, KEe, 93206.059144, MEe, 4.660302957e+00, E, -500.000000, NP, 20000 100000
380200, t, 5.842156e-05, KEe, 93264.830649, MEe, 4.663241532e+00, E, -500.000000, NP, 20000 100000
380300, t, 5.843693e-05, KEe, 93225.207515, MEe, 4.661260376e+00, E, -500.000000, NP, 20000 100000
380400, t, 5.845230e-05, KEe, 93122.892103, MEe, 4.656144605e+00, E, -500.000000, NP, 20000 100000
380500, t, 5.846766e-05, KEe, 93196.551355, MEe, 4.659827568e+00, E, -500.000000, NP, 20000 100000
380600, t, 5.848303e-05, KEe, 93211.951573, MEe, 4.660597579e+00, E, -500.000000, NP, 20000 100000
380700, t, 5.849839e-05, KEe, 93223.856215, MEe, 4.661192811e+00, E, -500.000000, NP, 20000 100000
380800, t, 5.851376e-05, KEe, 93551.068037, MEe, 4.677553402e+00, E, -500.000000, NP, 20000 100000
380900, t, 5.852913e-05, KEe, 93519.188963, MEe, 4.675959448e+00, E, -500.000000, NP, 20000 100000
381000, t, 5.854449e-05, KEe, 93358.327437, MEe, 4.667916372e+00, E, -500.000000, NP, 20000 100000
381100, t, 5.855986e-05, KEe, 93358.012909, MEe, 4.667900645e+00, E, -500.000000, NP, 20000 100000
381200, t, 5.857522e-05, KEe, 93445.369388, MEe, 4.672268469e+00, E, -500.000000, NP, 20000 100000
381300, t, 5.859059e-05, KEe, 93548.691262, MEe, 4.677434563e+00, E, -500.000000, NP, 20000 100000
381400, t, 5.860596e-05, KEe, 93228.628488, MEe, 4.661431424e+00, E, -500.000000, NP, 20000 100000
381500, t, 5.862132e-05, KEe, 93083.468497, MEe, 4.654173425e+00, E, -500.000000, NP, 20000 100000
381600, t, 5.863669e-05, KEe, 93175.574304, MEe, 4.658778715e+00, E, -500.000000, NP, 20000 100000
381700, t, 5.865205e-05, KEe, 93075.362421, MEe, 4.653768121e+00, E, -500.000000, NP, 20000 100000
381800, t, 5.866742e-05, KEe, 92752.521546, MEe, 4.637626077e+00, E, -500.000000, NP, 20000 100000
381900, t, 5.868279e-05, KEe, 92756.180123, MEe, 4.637809006e+00, E, -500.000000, NP, 20000 100000
382000, t, 5.869815e-05, KEe, 92854.220782, MEe, 4.642711039e+00, E, -500.000000, NP, 20000 100000
382100, t, 5.871352e-05, KEe, 92948.428138, MEe, 4.647421407e+00, E, -500.000000, NP, 20000 100000
382200, t, 5.872888e-05, KEe, 92889.250452, MEe, 4.644462523e+00, E, -500.000000, NP, 20000 100000
382300, t, 5.874425e-05, KEe, 92923.432181, MEe, 4.646171609e+00, E, -500.000000, NP, 20000 100000
382400, t, 5.875962e-05, KEe, 93019.577316, MEe, 4.650978866e+00, E, -500.000000, NP, 20000 100000
382500, t, 5.877498e-05, KEe, 93028.104640, MEe, 4.651405232e+00, E, -500.000000, NP, 20000 100000
382600, t, 5.879035e-05, KEe, 92983.009237, MEe, 4.649150462e+00, E, -500.000000, NP, 20000 100000
382700, t, 5.880571e-05, KEe, 92919.938127, MEe, 4.645996906e+00, E, -500.000000, NP, 20000 100000
382800, t, 5.882108e-05, KEe, 93090.461170, MEe, 4.654523059e+00, E, -500.000000, NP, 20000 100000
382900, t, 5.883645e-05, KEe, 93244.571928, MEe, 4.662228596e+00, E, -500.000000, NP, 20000 100000
383000, t, 5.885181e-05, KEe, 93387.473222, MEe, 4.669373661e+00, E, -500.000000, NP, 20000 100000
383100, t, 5.886718e-05, KEe, 93482.633859, MEe, 4.674131693e+00, E, -500.000000, NP, 20000 100000
383200, t, 5.888254e-05, KEe, 93469.680588, MEe, 4.673484029e+00, E, -500.000000, NP, 20000 100000
383300, t, 5.889791e-05, KEe, 93356.653775, MEe, 4.667832689e+00, E, -500.000000, NP, 20000 100000
383400, t, 5.891328e-05, KEe, 93541.019163, MEe, 4.677050958e+00, E, -500.000000, NP, 20000 100000
383500, t, 5.892864e-05, KEe, 93524.909999, MEe, 4.676245500e+00, E, -500.000000, NP, 20000 100000
383600, t, 5.894401e-05, KEe, 93428.138481, MEe, 4.671406924e+00, E, -500.000000, NP, 20000 100000
383700, t, 5.895937e-05, KEe, 93250.231287, MEe, 4.662511564e+00, E, -500.000000, NP, 20000 100000
383800, t, 5.897474e-05, KEe, 93395.788039, MEe, 4.669789402e+00, E, -500.000000, NP, 20000 100000
383900, t, 5.899011e-05, KEe, 93220.322695, MEe, 4.661016135e+00, E, -500.000000, NP, 20000 100000
384000, t, 5.900547e-05, KEe, 93084.109009, MEe, 4.654205450e+00, E, -500.000000, NP, 20000 100000
384100, t, 5.902084e-05, KEe, 93103.881775, MEe, 4.655194089e+00, E, -500.000000, NP, 20000 100000
384200, t, 5.903620e-05, KEe, 93167.222314, MEe, 4.658361116e+00, E, -500.000000, NP, 20000 100000
384300, t, 5.905157e-05, KEe, 93378.935135, MEe, 4.668946757e+00, E, -500.000000, NP, 20000 100000
384400, t, 5.906694e-05, KEe, 93321.506926, MEe, 4.666075346e+00, E, -500.000000, NP, 20000 100000
384500, t, 5.908230e-05, KEe, 93270.927480, MEe, 4.663546374e+00, E, -500.000000, NP, 20000 100000
384600, t, 5.909767e-05, KEe, 93269.972436, MEe, 4.663498622e+00, E, -500.000000, NP, 20000 100000
384700, t, 5.911303e-05, KEe, 93267.868793, MEe, 4.663393440e+00, E, -500.000000, NP, 20000 100000
384800, t, 5.912840e-05, KEe, 93535.302994, MEe, 4.676765150e+00, E, -500.000000, NP, 20000 100000
384900, t, 5.914377e-05, KEe, 93164.200657, MEe, 4.658210033e+00, E, -500.000000, NP, 20000 100000
385000, t, 5.915913e-05, KEe, 92877.984122, MEe, 4.643899206e+00, E, -500.000000, NP, 20000 100000
385100, t, 5.917450e-05, KEe, 92805.076264, MEe, 4.640253813e+00, E, -500.000000, NP, 20000 100000
385200, t, 5.918986e-05, KEe, 92909.305336, MEe, 4.645465267e+00, E, -500.000000, NP, 20000 100000
385300, t, 5.920523e-05, KEe, 92853.920795, MEe, 4.642696040e+00, E, -500.000000, NP, 20000 100000
385400, t, 5.922060e-05, KEe, 93052.276195, MEe, 4.652613810e+00, E, -500.000000, NP, 20000 100000
385500, t, 5.923596e-05, KEe, 93297.456832, MEe, 4.664872842e+00, E, -500.000000, NP, 20000 100000
385600, t, 5.925133e-05, KEe, 93181.799692, MEe, 4.659089985e+00, E, -500.000000, NP, 20000 100000
385700, t, 5.926669e-05, KEe, 93039.213311, MEe, 4.651960666e+00, E, -500.000000, NP, 20000 100000
385800, t, 5.928206e-05, KEe, 93178.917389, MEe, 4.658945869e+00, E, -500.000000, NP, 20000 100000
385900, t, 5.929743e-05, KEe, 93371.344171, MEe, 4.668567209e+00, E, -500.000000, NP, 20000 100000
386000, t, 5.931279e-05, KEe, 93373.861806, MEe, 4.668693090e+00, E, -500.000000, NP, 20000 100000
386100, t, 5.932816e-05, KEe, 93464.052783, MEe, 4.673202639e+00, E, -500.000000, NP, 20000 100000
386200, t, 5.934352e-05, KEe, 93490.248717, MEe, 4.674512436e+00, E, -500.000000, NP, 20000 100000
386300, t, 5.935889e-05, KEe, 93577.105424, MEe, 4.678855271e+00, E, -500.000000, NP, 20000 100000
386400, t, 5.937426e-05, KEe, 93326.894934, MEe, 4.666344747e+00, E, -500.000000, NP, 20000 100000
386500, t, 5.938962e-05, KEe, 93341.419842, MEe, 4.667070992e+00, E, -500.000000, NP, 20000 100000
386600, t, 5.940499e-05, KEe, 93548.226072, MEe, 4.677411304e+00, E, -500.000000, NP, 20000 100000
386700, t, 5.942035e-05, KEe, 93685.395207, MEe, 4.684269760e+00, E, -500.000000, NP, 20000 100000
386800, t, 5.943572e-05, KEe, 93737.600719, MEe, 4.686880036e+00, E, -500.000000, NP, 20000 100000
386900, t, 5.945109e-05, KEe, 93692.018940, MEe, 4.684600947e+00, E, -500.000000, NP, 20000 100000
387000, t, 5.946645e-05, KEe, 93512.194365, MEe, 4.675609718e+00, E, -500.000000, NP, 20000 100000
387100, t, 5.948182e-05, KEe, 93521.831379, MEe, 4.676091569e+00, E, -500.000000, NP, 20000 100000
387200, t, 5.949718e-05, KEe, 93447.697533, MEe, 4.672384877e+00, E, -500.000000, NP, 20000 100000
387300, t, 5.951255e-05, KEe, 93327.292703, MEe, 4.666364635e+00, E, -500.000000, NP, 20000 100000
387400, t, 5.952792e-05, KEe, 93292.344108, MEe, 4.664617205e+00, E, -500.000000, NP, 20000 100000
387500, t, 5.954328e-05, KEe, 93333.996374, MEe, 4.666699819e+00, E, -500.000000, NP, 20000 100000
387600, t, 5.955865e-05, KEe, 93283.862356, MEe, 4.664193118e+00, E, -500.000000, NP, 20000 100000
387700, t, 5.957401e-05, KEe, 93334.600249, MEe, 4.666730012e+00, E, -500.000000, NP, 20000 100000
387800, t, 5.958938e-05, KEe, 93490.165158, MEe, 4.674508258e+00, E, -500.000000, NP, 20000 100000
387900, t, 5.960475e-05, KEe, 93649.971096, MEe, 4.682498555e+00, E, -500.000000, NP, 20000 100000
388000, t, 5.962011e-05, KEe, 93663.304789, MEe, 4.683165239e+00, E, -500.000000, NP, 20000 100000
388100, t, 5.963548e-05, KEe, 93745.803521, MEe, 4.687290176e+00, E, -500.000000, NP, 20000 100000
388200, t, 5.965084e-05, KEe, 93892.085918, MEe, 4.694604296e+00, E, -500.000000, NP, 20000 100000
388300, t, 5.966621e-05, KEe, 93730.709732, MEe, 4.686535487e+00, E, -500.000000, NP, 20000 100000
388400, t, 5.968158e-05, KEe, 93506.762370, MEe, 4.675338119e+00, E, -500.000000, NP, 20000 100000
388500, t, 5.969694e-05, KEe, 93339.428753, MEe, 4.666971438e+00, E, -500.000000, NP, 20000 100000
388600, t, 5.971231e-05, KEe, 93413.555876, MEe, 4.670677794e+00, E, -500.000000, NP, 20000 100000
388700, t, 5.972767e-05, KEe, 93330.533835, MEe, 4.666526692e+00, E, -500.000000, NP, 20000 100000
388800, t, 5.974304e-05, KEe, 93445.237614, MEe, 4.672261881e+00, E, -500.000000, NP, 20000 100000
388900, t, 5.975841e-05, KEe, 93575.640863, MEe, 4.678782043e+00, E, -500.000000, NP, 20000 100000
389000, t, 5.977377e-05, KEe, 93412.179459, MEe, 4.670608973e+00, E, -500.000000, NP, 20000 100000
389100, t, 5.978914e-05, KEe, 93576.080343, MEe, 4.678804017e+00, E, -500.000000, NP, 20000 100000
389200, t, 5.980450e-05, KEe, 93890.037603, MEe, 4.694501880e+00, E, -500.000000, NP, 20000 100000
389300, t, 5.981987e-05, KEe, 94008.924927, MEe, 4.700446246e+00, E, -500.000000, NP, 20000 100000
389400, t, 5.983524e-05, KEe, 93975.402757, MEe, 4.698770138e+00, E, -500.000000, NP, 20000 100000
389500, t, 5.985060e-05, KEe, 93801.096437, MEe, 4.690054822e+00, E, -500.000000, NP, 20000 100000
389600, t, 5.986597e-05, KEe, 93626.139230, MEe, 4.681306962e+00, E, -500.000000, NP, 20000 100000
389700, t, 5.988133e-05, KEe, 93606.038124, MEe, 4.680301906e+00, E, -500.000000, NP, 20000 100000
389800, t, 5.989670e-05, KEe, 93509.158113, MEe, 4.675457906e+00, E, -500.000000, NP, 20000 100000
389900, t, 5.991207e-05, KEe, 93528.571548, MEe, 4.676428577e+00, E, -500.000000, NP, 20000 100000
390000, t, 5.992743e-05, KEe, 93328.003900, MEe, 4.666400195e+00, E, -500.000000, NP, 20000 100000
390100, t, 5.994280e-05, KEe, 93173.165834, MEe, 4.658658292e+00, E, -500.000000, NP, 20000 100000
390200, t, 5.995816e-05, KEe, 93371.792468, MEe, 4.668589623e+00, E, -500.000000, NP, 20000 100000
390300, t, 5.997353e-05, KEe, 93463.433441, MEe, 4.673171672e+00, E, -500.000000, NP, 20000 100000
390400, t, 5.998890e-05, KEe, 93494.436701, MEe, 4.674721835e+00, E, -500.000000, NP, 20000 100000
390500, t, 6.000426e-05, KEe, 93502.178844, MEe, 4.675108942e+00, E, -500.000000, NP, 20000 100000
390600, t, 6.001963e-05, KEe, 93368.932355, MEe, 4.668446618e+00, E, -500.000000, NP, 20000 100000
390700, t, 6.003499e-05, KEe, 93352.323142, MEe, 4.667616157e+00, E, -500.000000, NP, 20000 100000
390800, t, 6.005036e-05, KEe, 93306.951299, MEe, 4.665347565e+00, E, -500.000000, NP, 20000 100000
390900, t, 6.006573e-05, KEe, 93299.958470, MEe, 4.664997924e+00, E, -500.000000, NP, 20000 100000
391000, t, 6.008109e-05, KEe, 93456.158976, MEe, 4.672807949e+00, E, -500.000000, NP, 20000 100000
391100, t, 6.009646e-05, KEe, 93545.318596, MEe, 4.677265930e+00, E, -500.000000, NP, 20000 100000
391200, t, 6.011182e-05, KEe, 93426.276584, MEe, 4.671313829e+00, E, -500.000000, NP, 20000 100000
391300, t, 6.012719e-05, KEe, 93179.117994, MEe, 4.658955900e+00, E, -500.000000, NP, 20000 100000
391400, t, 6.014256e-05, KEe, 93289.501039, MEe, 4.664475052e+00, E, -500.000000, NP, 20000 100000
391500, t, 6.015792e-05, KEe, 93481.424566, MEe, 4.674071228e+00, E, -500.000000, NP, 20000 100000
391600, t, 6.017329e-05, KEe, 93343.013660, MEe, 4.667150683e+00, E, -500.000000, NP, 20000 100000
391700, t, 6.018865e-05, KEe, 93318.212537, MEe, 4.665910627e+00, E, -500.000000, NP, 20000 100000
391800, t, 6.020402e-05, KEe, 93199.747417, MEe, 4.659987371e+00, E, -500.000000, NP, 20000 100000
391900, t, 6.021939e-05, KEe, 93127.341804, MEe, 4.656367090e+00, E, -500.000000, NP, 20000 100000
392000, t, 6.023475e-05, KEe, 93218.961008, MEe, 4.660948050e+00, E, -500.000000, NP, 20000 100000
392100, t, 6.025012e-05, KEe, 93311.472662, MEe, 4.665573633e+00, E, -500.000000, NP, 20000 100000
392200, t, 6.026548e-05, KEe, 93268.226779, MEe, 4.663411339e+00, E, -500.000000, NP, 20000 100000
392300, t, 6.028085e-05, KEe, 93264.135618, MEe, 4.663206781e+00, E, -500.000000, NP, 20000 100000
392400, t, 6.029622e-05, KEe, 93300.241373, MEe, 4.665012069e+00, E, -500.000000, NP, 20000 100000
392500, t, 6.031158e-05, KEe, 93331.370933, MEe, 4.666568547e+00, E, -500.000000, NP, 20000 100000
392600, t, 6.032695e-05, KEe, 93350.475526, MEe, 4.667523776e+00, E, -500.000000, NP, 20000 100000
392700, t, 6.034231e-05, KEe, 93252.942442, MEe, 4.662647122e+00, E, -500.000000, NP, 20000 100000
392800, t, 6.035768e-05, KEe, 93183.550203, MEe, 4.659177510e+00, E, -500.000000, NP, 20000 100000
392900, t, 6.037305e-05, KEe, 93296.519048, MEe, 4.664825952e+00, E, -500.000000, NP, 20000 100000
393000, t, 6.038841e-05, KEe, 93295.000099, MEe, 4.664750005e+00, E, -500.000000, NP, 20000 100000
393100, t, 6.040378e-05, KEe, 93182.124309, MEe, 4.659106215e+00, E, -500.000000, NP, 20000 100000
393200, t, 6.041914e-05, KEe, 93353.659695, MEe, 4.667682985e+00, E, -500.000000, NP, 20000 100000
393300, t, 6.043451e-05, KEe, 93359.920347, MEe, 4.667996017e+00, E, -500.000000, NP, 20000 100000
393400, t, 6.044988e-05, KEe, 93488.817774, MEe, 4.674440889e+00, E, -500.000000, NP, 20000 100000
393500, t, 6.046524e-05, KEe, 93558.099871, MEe, 4.677904994e+00, E, -500.000000, NP, 20000 100000
393600, t, 6.048061e-05, KEe, 93648.110143, MEe, 4.682405507e+00, E, -500.000000, NP, 20000 100000
393700, t, 6.049597e-05, KEe, 93619.512486, MEe, 4.680975624e+00, E, -500.000000, NP, 20000 100000
393800, t, 6.051134e-05, KEe, 93482.307431, MEe, 4.674115372e+00, E, -500.000000, NP, 20000 100000
393900, t, 6.052671e-05, KEe, 93674.746871, MEe, 4.683737344e+00, E, -500.000000, NP, 20000 100000
394000, t, 6.054207e-05, KEe, 93780.790940, MEe, 4.689039547e+00, E, -500.000000, NP, 20000 100000
394100, t, 6.055744e-05, KEe, 93778.851780, MEe, 4.688942589e+00, E, -500.000000, NP, 20000 100000
394200, t, 6.057280e-05, KEe, 93938.903158, MEe, 4.696945158e+00, E, -500.000000, NP, 20000 100000
394300, t, 6.058817e-05, KEe, 94044.124702, MEe, 4.702206235e+00, E, -500.000000, NP, 20000 100000
394400, t, 6.060354e-05, KEe, 93958.117527, MEe, 4.697905876e+00, E, -500.000000, NP, 20000 100000
394500, t, 6.061890e-05, KEe, 93989.450262, MEe, 4.699472513e+00, E, -500.000000, NP, 20000 100000
394600, t, 6.063427e-05, KEe, 94039.049521, MEe, 4.701952476e+00, E, -500.000000, NP, 20000 100000
394700, t, 6.064963e-05, KEe, 93928.865811, MEe, 4.696443291e+00, E, -500.000000, NP, 20000 100000
394800, t, 6.066500e-05, KEe, 93900.168374, MEe, 4.695008419e+00, E, -500.000000, NP, 20000 100000
394900, t, 6.068037e-05, KEe, 93969.634800, MEe, 4.698481740e+00, E, -500.000000, NP, 20000 100000
395000, t, 6.069573e-05, KEe, 93880.182960, MEe, 4.694009148e+00, E, -500.000000, NP, 20000 100000
395100, t, 6.071110e-05, KEe, 93973.781297, MEe, 4.698689065e+00, E, -500.000000, NP, 20000 100000
395200, t, 6.072646e-05, KEe, 93933.972896, MEe, 4.696698645e+00, E, -500.000000, NP, 20000 100000
395300, t, 6.074183e-05, KEe, 94102.464218, MEe, 4.705123211e+00, E, -500.000000, NP, 20000 100000
395400, t, 6.075720e-05, KEe, 94060.148097, MEe, 4.703007405e+00, E, -500.000000, NP, 20000 100000
395500, t, 6.077256e-05, KEe, 94085.744543, MEe, 4.704287227e+00, E, -500.000000, NP, 20000 100000
395600, t, 6.078793e-05, KEe, 94009.731301, MEe, 4.700486565e+00, E, -500.000000, NP, 20000 100000
395700, t, 6.080329e-05, KEe, 93910.965970, MEe, 4.695548298e+00, E, -500.000000, NP, 20000 100000
395800, t, 6.081866e-05, KEe, 93968.401403, MEe, 4.698420070e+00, E, -500.000000, NP, 20000 100000
395900, t, 6.083403e-05, KEe, 93920.501167, MEe, 4.696025058e+00, E, -500.000000, NP, 20000 100000
396000, t, 6.084939e-05, KEe, 93881.394453, MEe, 4.694069723e+00, E, -500.000000, NP, 20000 100000
396100, t, 6.086476e-05, KEe, 93794.562578, MEe, 4.689728129e+00, E, -500.000000, NP, 20000 100000
396200, t, 6.088012e-05, KEe, 93755.941680, MEe, 4.687797084e+00, E, -500.000000, NP, 20000 100000
396300, t, 6.089549e-05, KEe, 93817.526490, MEe, 4.690876325e+00, E, -500.000000, NP, 20000 100000
396400, t, 6.091086e-05, KEe, 93850.879695, MEe, 4.692543985e+00, E, -500.000000, NP, 20000 100000
396500, t, 6.092622e-05, KEe, 93738.677531, MEe, 4.686933877e+00, E, -500.000000, NP, 20000 100000
396600, t, 6.094159e-05, KEe, 93526.773283, MEe, 4.676338664e+00, E, -500.000000, NP, 20000 100000
396700, t, 6.095695e-05, KEe, 93688.848833, MEe, 4.684442442e+00, E, -500.000000, NP, 20000 100000
396800, t, 6.097232e-05, KEe, 93856.689155, MEe, 4.692834458e+00, E, -500.000000, NP, 20000 100000
396900, t, 6.098769e-05, KEe, 93962.394392, MEe, 4.698119720e+00, E, -500.000000, NP, 20000 100000
397000, t, 6.100305e-05, KEe, 93899.145236, MEe, 4.694957262e+00, E, -500.000000, NP, 20000 100000
397100, t, 6.101842e-05, KEe, 93860.887100, MEe, 4.693044355e+00, E, -500.000000, NP, 20000 100000
397200, t, 6.103378e-05, KEe, 93775.672565, MEe, 4.688783628e+00, E, -500.000000, NP, 20000 100000
397300, t, 6.104915e-05, KEe, 93624.078356, MEe, 4.681203918e+00, E, -500.000000, NP, 20000 100000
397400, t, 6.106452e-05, KEe, 93537.828204, MEe, 4.676891410e+00, E, -500.000000, NP, 20000 100000
397500, t, 6.107988e-05, KEe, 93689.894756, MEe, 4.684494738e+00, E, -500.000000, NP, 20000 100000
397600, t, 6.109525e-05, KEe, 93755.170043, MEe, 4.687758502e+00, E, -500.000000, NP, 20000 100000
397700, t, 6.111061e-05, KEe, 93832.192538, MEe, 4.691609627e+00, E, -500.000000, NP, 20000 100000
397800, t, 6.112598e-05, KEe, 93827.261697, MEe, 4.691363085e+00, E, -500.000000, NP, 20000 100000
397900, t, 6.114135e-05, KEe, 93655.914764, MEe, 4.682795738e+00, E, -500.000000, NP, 20000 100000
398000, t, 6.115671e-05, KEe, 93566.761016, MEe, 4.678338051e+00, E, -500.000000, NP, 20000 100000
398100, t, 6.117208e-05, KEe, 93677.131967, MEe, 4.683856598e+00, E, -500.000000, NP, 20000 100000
398200, t, 6.118744e-05, KEe, 93402.799738, MEe, 4.670139987e+00, E, -500.000000, NP, 20000 100000
398300, t, 6.120281e-05, KEe, 93559.429137, MEe, 4.677971457e+00, E, -500.000000, NP, 20000 100000
398400, t, 6.121818e-05, KEe, 93799.205469, MEe, 4.689960273e+00, E, -500.000000, NP, 20000 100000
398500, t, 6.123354e-05, KEe, 93644.196870, MEe, 4.682209843e+00, E, -500.000000, NP, 20000 100000
398600, t, 6.124891e-05, KEe, 93715.549856, MEe, 4.685777493e+00, E, -500.000000, NP, 20000 100000
398700, t, 6.126427e-05, KEe, 93627.253151, MEe, 4.681362658e+00, E, -500.000000, NP, 20000 100000
398800, t, 6.127964e-05, KEe, 93760.558885, MEe, 4.688027944e+00, E, -500.000000, NP, 20000 100000
398900, t, 6.129501e-05, KEe, 93645.499728, MEe, 4.682274986e+00, E, -500.000000, NP, 20000 100000
399000, t, 6.131037e-05, KEe, 93740.523345, MEe, 4.687026167e+00, E, -500.000000, NP, 20000 100000
399100, t, 6.132574e-05, KEe, 93574.489199, MEe, 4.678724460e+00, E, -500.000000, NP, 20000 100000
399200, t, 6.134110e-05, KEe, 93676.364004, MEe, 4.683818200e+00, E, -500.000000, NP, 20000 100000
399300, t, 6.135647e-05, KEe, 93531.299478, MEe, 4.676564974e+00, E, -500.000000, NP, 20000 100000
399400, t, 6.137184e-05, KEe, 93778.133609, MEe, 4.688906680e+00, E, -500.000000, NP, 20000 100000
399500, t, 6.138720e-05, KEe, 93751.227604, MEe, 4.687561380e+00, E, -500.000000, NP, 20000 100000
399600, t, 6.140257e-05, KEe, 93708.675961, MEe, 4.685433798e+00, E, -500.000000, NP, 20000 100000
399700, t, 6.141793e-05, KEe, 93701.134770, MEe, 4.685056739e+00, E, -500.000000, NP, 20000 100000
399800, t, 6.143330e-05, KEe, 93665.344467, MEe, 4.683267223e+00, E, -500.000000, NP, 20000 100000
399900, t, 6.144867e-05, KEe, 93694.188491, MEe, 4.684709425e+00, E, -500.000000, NP, 20000 100000
400000, t, 6.146403e-05, KEe, 93628.796474, MEe, 4.681439824e+00, E, -500.000000, NP, 20000 100000
400100, t, 6.147940e-05, KEe, 93840.490229, MEe, 4.692024511e+00, E, -500.000000, NP, 20000 100000
400200, t, 6.149476e-05, KEe, 94132.858488, MEe, 4.706642924e+00, E, -500.000000, NP, 20000 100000
400300, t, 6.151013e-05, KEe, 94098.323836, MEe, 4.704916192e+00, E, -500.000000, NP, 20000 100000
400400, t, 6.152550e-05, KEe, 93940.555968, MEe, 4.697027798e+00, E, -500.000000, NP, 20000 100000
400500, t, 6.154086e-05, KEe, 93709.643814, MEe, 4.685482191e+00, E, -500.000000, NP, 20000 100000
400600, t, 6.155623e-05, KEe, 93590.637691, MEe, 4.679531885e+00, E, -500.000000, NP, 20000 100000
400700, t, 6.157159e-05, KEe, 93376.215542, MEe, 4.668810777e+00, E, -500.000000, NP, 20000 100000
400800, t, 6.158696e-05, KEe, 93362.515767, MEe, 4.668125788e+00, E, -500.000000, NP, 20000 100000
400900, t, 6.160233e-05, KEe, 93515.808292, MEe, 4.675790415e+00, E, -500.000000, NP, 20000 100000
401000, t, 6.161769e-05, KEe, 93487.555272, MEe, 4.674377764e+00, E, -500.000000, NP, 20000 100000
401100, t, 6.163306e-05, KEe, 93583.568791, MEe, 4.679178440e+00, E, -500.000000, NP, 20000 100000
401200, t, 6.164842e-05, KEe, 93465.731011, MEe, 4.673286551e+00, E, -500.000000, NP, 20000 100000
401300, t, 6.166379e-05, KEe, 93489.864371, MEe, 4.674493219e+00, E, -500.000000, NP, 20000 100000
401400, t, 6.167916e-05, KEe, 93586.022504, MEe, 4.679301125e+00, E, -500.000000, NP, 20000 100000
401500, t, 6.169452e-05, KEe, 93527.948897, MEe, 4.676397445e+00, E, -500.000000, NP, 20000 100000
401600, t, 6.170989e-05, KEe, 93379.352138, MEe, 4.668967607e+00, E, -500.000000, NP, 20000 100000
401700, t, 6.172525e-05, KEe, 93441.396538, MEe, 4.672069827e+00, E, -500.000000, NP, 20000 100000
401800, t, 6.174062e-05, KEe, 93451.072889, MEe, 4.672553644e+00, E, -500.000000, NP, 20000 100000
401900, t, 6.175599e-05, KEe, 93196.918062, MEe, 4.659845903e+00, E, -500.000000, NP, 20000 100000
402000, t, 6.177135e-05, KEe, 93006.195090, MEe, 4.650309754e+00, E, -500.000000, NP, 20000 100000
402100, t, 6.178672e-05, KEe, 93025.006819, MEe, 4.651250341e+00, E, -500.000000, NP, 20000 100000
402200, t, 6.180208e-05, KEe, 93204.695967, MEe, 4.660234798e+00, E, -500.000000, NP, 20000 100000
402300, t, 6.181745e-05, KEe, 93420.919914, MEe, 4.671045996e+00, E, -500.000000, NP, 20000 100000
402400, t, 6.183282e-05, KEe, 93320.395019, MEe, 4.666019751e+00, E, -500.000000, NP, 20000 100000
402500, t, 6.184818e-05, KEe, 93305.217016, MEe, 4.665260851e+00, E, -500.000000, NP, 20000 100000
402600, t, 6.186355e-05, KEe, 93173.784699, MEe, 4.658689235e+00, E, -500.000000, NP, 20000 100000
402700, t, 6.187891e-05, KEe, 93224.664979, MEe, 4.661233249e+00, E, -500.000000, NP, 20000 100000
402800, t, 6.189428e-05, KEe, 93485.819600, MEe, 4.674290980e+00, E, -500.000000, NP, 20000 100000
402900, t, 6.190965e-05, KEe, 93379.861864, MEe, 4.668993093e+00, E, -500.000000, NP, 20000 100000
403000, t, 6.192501e-05, KEe, 93447.677140, MEe, 4.672383857e+00, E, -500.000000, NP, 20000 100000
403100, t, 6.194038e-05, KEe, 93351.028287, MEe, 4.667551414e+00, E, -500.000000, NP, 20000 100000
403200, t, 6.195574e-05, KEe, 93498.766425, MEe, 4.674938321e+00, E, -500.000000, NP, 20000 100000
403300, t, 6.197111e-05, KEe, 93413.328414, MEe, 4.670666421e+00, E, -500.000000, NP, 20000 100000
403400, t, 6.198648e-05, KEe, 93516.844592, MEe, 4.675842230e+00, E, -500.000000, NP, 20000 100000
403500, t, 6.200184e-05, KEe, 93607.972706, MEe, 4.680398635e+00, E, -500.000000, NP, 20000 100000
403600, t, 6.201721e-05, KEe, 93700.659205, MEe, 4.685032960e+00, E, -500.000000, NP, 20000 100000
403700, t, 6.203258e-05, KEe, 93780.443570, MEe, 4.689022179e+00, E, -500.000000, NP, 20000 100000
403800, t, 6.204794e-05, KEe, 93870.776272, MEe, 4.693538814e+00, E, -500.000000, NP, 20000 100000
403900, t, 6.206331e-05, KEe, 93882.652273, MEe, 4.694132614e+00, E, -500.000000, NP, 20000 100000
404000, t, 6.207867e-05, KEe, 93734.755501, MEe, 4.686737775e+00, E, -500.000000, NP, 20000 100000
404100, t, 6.209404e-05, KEe, 93630.761775, MEe, 4.681538089e+00, E, -500.000000, NP, 20000 100000
404200, t, 6.210941e-05, KEe, 93700.537231, MEe, 4.685026862e+00, E, -500.000000, NP, 20000 100000
404300, t, 6.212477e-05, KEe, 93783.146255, MEe, 4.689157313e+00, E, -500.000000, NP, 20000 100000
404400, t, 6.214014e-05, KEe, 93923.449753, MEe, 4.696172488e+00, E, -500.000000, NP, 20000 100000
404500, t, 6.215550e-05, KEe, 94168.217735, MEe, 4.708410887e+00, E, -500.000000, NP, 20000 100000
404600, t, 6.217087e-05, KEe, 94102.668490, MEe, 4.705133425e+00, E, -500.000000, NP, 20000 100000
404700, t, 6.218624e-05, KEe, 94147.238085, MEe, 4.707361904e+00, E, -500.000000, NP, 20000 100000
404800, t, 6.220160e-05, KEe, 94232.253142, MEe, 4.711612657e+00, E, -500.000000, NP, 20000 100000
404900, t, 6.221697e-05, KEe, 94093.247272, MEe, 4.704662364e+00, E, -500.000000, NP, 20000 100000
405000, t, 6.223233e-05, KEe, 94016.314401, MEe, 4.700815720e+00, E, -500.000000, NP, 20000 100000
405100, t, 6.224770e-05, KEe, 93932.692080, MEe, 4.696634604e+00, E, -500.000000, NP, 20000 100000
405200, t, 6.226307e-05, KEe, 93788.579053, MEe, 4.689428953e+00, E, -500.000000, NP, 20000 100000
405300, t, 6.227843e-05, KEe, 93757.238941, MEe, 4.687861947e+00, E, -500.000000, NP, 20000 100000
405400, t, 6.229380e-05, KEe, 93753.711745, MEe, 4.687685587e+00, E, -500.000000, NP, 20000 100000
405500, t, 6.230916e-05, KEe, 93744.405726, MEe, 4.687220286e+00, E, -500.000000, NP, 20000 100000
405600, t, 6.232453e-05, KEe, 93586.409389, MEe, 4.679320469e+00, E, -500.000000, NP, 20000 100000
405700, t, 6.233990e-05, KEe, 93270.512973, MEe, 4.663525649e+00, E, -500.000000, NP, 20000 100000
405800, t, 6.235526e-05, KEe, 93440.365938, MEe, 4.672018297e+00, E, -500.000000, NP, 20000 100000
405900, t, 6.237063e-05, KEe, 93523.626633, MEe, 4.676181332e+00, E, -500.000000, NP, 20000 100000
406000, t, 6.238599e-05, KEe, 93460.809519, MEe, 4.673040476e+00, E, -500.000000, NP, 20000 100000
406100, t, 6.240136e-05, KEe, 93402.391027, MEe, 4.670119551e+00, E, -500.000000, NP, 20000 100000
406200, t, 6.241673e-05, KEe, 93290.792925, MEe, 4.664539646e+00, E, -500.000000, NP, 20000 100000
406300, t, 6.243209e-05, KEe, 93370.360906, MEe, 4.668518045e+00, E, -500.000000, NP, 20000 100000
406400, t, 6.244746e-05, KEe, 93499.328975, MEe, 4.674966449e+00, E, -500.000000, NP, 20000 100000
406500, t, 6.246282e-05, KEe, 93603.738742, MEe, 4.680186937e+00, E, -500.000000, NP, 20000 100000
406600, t, 6.247819e-05, KEe, 93489.087570, MEe, 4.674454378e+00, E, -500.000000, NP, 20000 100000
406700, t, 6.249356e-05, KEe, 93609.303685, MEe, 4.680465184e+00, E, -500.000000, NP, 20000 100000
406800, t, 6.250892e-05, KEe, 93618.239511, MEe, 4.680911976e+00, E, -500.000000, NP, 20000 100000
406900, t, 6.252429e-05, KEe, 93619.271551, MEe, 4.680963578e+00, E, -500.000000, NP, 20000 100000
407000, t, 6.253965e-05, KEe, 93645.858737, MEe, 4.682292937e+00, E, -500.000000, NP, 20000 100000
407100, t, 6.255502e-05, KEe, 93613.442068, MEe, 4.680672103e+00, E, -500.000000, NP, 20000 100000
407200, t, 6.257039e-05, KEe, 93682.280784, MEe, 4.684114039e+00, E, -500.000000, NP, 20000 100000
407300, t, 6.258575e-05, KEe, 93639.508017, MEe, 4.681975401e+00, E, -500.000000, NP, 20000 100000
407400, t, 6.260112e-05, KEe, 93674.260918, MEe, 4.683713046e+00, E, -500.000000, NP, 20000 100000
407500, t, 6.261648e-05, KEe, 93556.187586, MEe, 4.677809379e+00, E, -500.000000, NP, 20000 100000
407600, t, 6.263185e-05, KEe, 93340.387855, MEe, 4.667019393e+00, E, -500.000000, NP, 20000 100000
407700, t, 6.264722e-05, KEe, 93658.785465, MEe, 4.682939273e+00, E, -500.000000, NP, 20000 100000
407800, t, 6.266258e-05, KEe, 93698.655104, MEe, 4.684932755e+00, E, -500.000000, NP, 20000 100000
407900, t, 6.267795e-05, KEe, 93787.777054, MEe, 4.689388853e+00, E, -500.000000, NP, 20000 100000
408000, t, 6.269331e-05, KEe, 93640.579693, MEe, 4.682028985e+00, E, -500.000000, NP, 20000 100000
408100, t, 6.270868e-05, KEe, 93462.121896, MEe, 4.673106095e+00, E, -500.000000, NP, 20000 100000
408200, t, 6.272405e-05, KEe, 93589.049729, MEe, 4.679452486e+00, E, -500.000000, NP, 20000 100000
408300, t, 6.273941e-05, KEe, 93578.596374, MEe, 4.678929819e+00, E, -500.000000, NP, 20000 100000
408400, t, 6.275478e-05, KEe, 93413.554761, MEe, 4.670677738e+00, E, -500.000000, NP, 20000 100000
408500, t, 6.277014e-05, KEe, 93574.749250, MEe, 4.678737462e+00, E, -500.000000, NP, 20000 100000
408600, t, 6.278551e-05, KEe, 93405.390880, MEe, 4.670269544e+00, E, -500.000000, NP, 20000 100000
408700, t, 6.280088e-05, KEe, 93397.354210, MEe, 4.669867710e+00, E, -500.000000, NP, 20000 100000
408800, t, 6.281624e-05, KEe, 93325.305419, MEe, 4.666265271e+00, E, -500.000000, NP, 20000 100000
408900, t, 6.283161e-05, KEe, 93274.603447, MEe, 4.663730172e+00, E, -500.000000, NP, 20000 100000
409000, t, 6.284697e-05, KEe, 93499.516228, MEe, 4.674975811e+00, E, -500.000000, NP, 20000 100000
409100, t, 6.286234e-05, KEe, 93272.366058, MEe, 4.663618303e+00, E, -500.000000, NP, 20000 100000
409200, t, 6.287771e-05, KEe, 93060.281946, MEe, 4.653014097e+00, E, -500.000000, NP, 20000 100000
409300, t, 6.289307e-05, KEe, 93133.203448, MEe, 4.656660172e+00, E, -500.000000, NP, 20000 100000
409400, t, 6.290844e-05, KEe, 93145.764194, MEe, 4.657288210e+00, E, -500.000000, NP, 20000 100000
409500, t, 6.292380e-05, KEe, 93382.752926, MEe, 4.669137646e+00, E, -500.000000, NP, 20000 100000
409600, t, 6.293917e-05, KEe, 93543.924932, MEe, 4.677196247e+00, E, -500.000000, NP, 20000 100000
409700, t, 6.295454e-05, KEe, 93626.817378, MEe, 4.681340869e+00, E, -500.000000, NP, 20000 100000
409800, t, 6.296990e-05, KEe, 93678.410392, MEe, 4.683920520e+00, E, -500.000000, NP, 20000 100000
409900, t, 6.298527e-05, KEe, 93553.511651, MEe, 4.677675583e+00, E, -500.000000, NP, 20000 100000
410000, t, 6.300063e-05, KEe, 93596.504288, MEe, 4.679825214e+00, E, -500.000000, NP, 20000 100000
410100, t, 6.301600e-05, KEe, 93520.331169, MEe, 4.676016558e+00, E, -500.000000, NP, 20000 100000
410200, t, 6.303137e-05, KEe, 93405.408519, MEe, 4.670270426e+00, E, -500.000000, NP, 20000 100000
410300, t, 6.304673e-05, KEe, 93288.383035, MEe, 4.664419152e+00, E, -500.000000, NP, 20000 100000
410400, t, 6.306210e-05, KEe, 93509.191414, MEe, 4.675459571e+00, E, -500.000000, NP, 20000 100000
410500, t, 6.307746e-05, KEe, 93411.622804, MEe, 4.670581140e+00, E, -500.000000, NP, 20000 100000
410600, t, 6.309283e-05, KEe, 93547.954683, MEe, 4.677397734e+00, E, -500.000000, NP, 20000 100000
410700, t, 6.310820e-05, KEe, 93377.955846, MEe, 4.668897792e+00, E, -500.000000, NP, 20000 100000
410800, t, 6.312356e-05, KEe, 93079.520929, MEe, 4.653976046e+00, E, -500.000000, NP, 20000 100000
410900, t, 6.313893e-05, KEe, 93004.180053, MEe, 4.650209003e+00, E, -500.000000, NP, 20000 100000
411000, t, 6.315429e-05, KEe, 92912.827806, MEe, 4.645641390e+00, E, -500.000000, NP, 20000 100000
411100, t, 6.316966e-05, KEe, 92952.060872, MEe, 4.647603044e+00, E, -500.000000, NP, 20000 100000
411200, t, 6.318503e-05, KEe, 92955.396204, MEe, 4.647769810e+00, E, -500.000000, NP, 20000 100000
411300, t, 6.320039e-05, KEe, 93029.224012, MEe, 4.651461201e+00, E, -500.000000, NP, 20000 100000
411400, t, 6.321576e-05, KEe, 93092.719284, MEe, 4.654635964e+00, E, -500.000000, NP, 20000 100000
411500, t, 6.323112e-05, KEe, 93210.465828, MEe, 4.660523291e+00, E, -500.000000, NP, 20000 100000
411600, t, 6.324649e-05, KEe, 93156.035608, MEe, 4.657801780e+00, E, -500.000000, NP, 20000 100000
411700, t, 6.326186e-05, KEe, 93222.553765, MEe, 4.661127688e+00, E, -500.000000, NP, 20000 100000
411800, t, 6.327722e-05, KEe, 93248.562632, MEe, 4.662428132e+00, E, -500.000000, NP, 20000 100000
411900, t, 6.329259e-05, KEe, 93111.925008, MEe, 4.655596250e+00, E, -500.000000, NP, 20000 100000
412000, t, 6.330795e-05, KEe, 92879.826219, MEe, 4.643991311e+00, E, -500.000000, NP, 20000 100000
412100, t, 6.332332e-05, KEe, 93047.069278, MEe, 4.652353464e+00, E, -500.000000, NP, 20000 100000
412200, t, 6.333869e-05, KEe, 93027.504095, MEe, 4.651375205e+00, E, -500.000000, NP, 20000 100000
412300, t, 6.335405e-05, KEe, 93061.298437, MEe, 4.653064922e+00, E, -500.000000, NP, 20000 100000
412400, t, 6.336942e-05, KEe, 92949.120088, MEe, 4.647456004e+00, E, -500.000000, NP, 20000 100000
412500, t, 6.338478e-05, KEe, 93166.804408, MEe, 4.658340220e+00, E, -500.000000, NP, 20000 100000
412600, t, 6.340015e-05, KEe, 93364.589119, MEe, 4.668229456e+00, E, -500.000000, NP, 20000 100000
412700, t, 6.341552e-05, KEe, 93375.265158, MEe, 4.668763258e+00, E, -500.000000, NP, 20000 100000
412800, t, 6.343088e-05, KEe, 93507.647373, MEe, 4.675382369e+00, E, -500.000000, NP, 20000 100000
412900, t, 6.344625e-05, KEe, 93409.457861, MEe, 4.670472893e+00, E, -500.000000, NP, 20000 100000
413000, t, 6.346161e-05, KEe, 93362.655135, MEe, 4.668132757e+00, E, -500.000000, NP, 20000 100000
413100, t, 6.347698e-05, KEe, 93329.358780, MEe, 4.666467939e+00, E, -500.000000, NP, 20000 100000
413200, t, 6.349235e-05, KEe, 93089.894562, MEe, 4.654494728e+00, E, -500.000000, NP, 20000 100000
413300, t, 6.350771e-05, KEe, 93250.189442, MEe, 4.662509472e+00, E, -500.000000, NP, 20000 100000
413400, t, 6.352308e-05, KEe, 93349.475549, MEe, 4.667473777e+00, E, -500.000000, NP, 20000 100000
413500, t, 6.353844e-05, KEe, 93395.295571, MEe, 4.669764779e+00, E, -500.000000, NP, 20000 100000
413600, t, 6.355381e-05, KEe, 93485.624797, MEe, 4.674281240e+00, E, -500.000000, NP, 20000 100000
413700, t, 6.356918e-05, KEe, 93416.264207, MEe, 4.670813210e+00, E, -500.000000, NP, 20000 100000
413800, t, 6.358454e-05, KEe, 93430.027500, MEe, 4.671501375e+00, E, -500.000000, NP, 20000 100000
413900, t, 6.359991e-05, KEe, 93456.602285, MEe, 4.672830114e+00, E, -500.000000, NP, 20000 100000
414000, t, 6.361527e-05, KEe, 93455.085965, MEe, 4.672754298e+00, E, -500.000000, NP, 20000 100000
414100, t, 6.363064e-05, KEe, 93232.990495, MEe, 4.661649525e+00, E, -500.000000, NP, 20000 100000
414200, t, 6.364601e-05, KEe, 93270.620439, MEe, 4.663531022e+00, E, -500.000000, NP, 20000 100000
414300, t, 6.366137e-05, KEe, 93341.164107, MEe, 4.667058205e+00, E, -500.000000, NP, 20000 100000
414400, t, 6.367674e-05, KEe, 93409.725882, MEe, 4.670486294e+00, E, -500.000000, NP, 20000 100000
414500, t, 6.369210e-05, KEe, 93470.380054, MEe, 4.673519003e+00, E, -500.000000, NP, 20000 100000
414600, t, 6.370747e-05, KEe, 93362.598625, MEe, 4.668129931e+00, E, -500.000000, NP, 20000 100000
414700, t, 6.372284e-05, KEe, 93484.044018, MEe, 4.674202201e+00, E, -500.000000, NP, 20000 100000
414800, t, 6.373820e-05, KEe, 93530.395189, MEe, 4.676519759e+00, E, -500.000000, NP, 20000 100000
414900, t, 6.375357e-05, KEe, 93603.520488, MEe, 4.680176024e+00, E, -500.000000, NP, 20000 100000
415000, t, 6.376893e-05, KEe, 93597.969277, MEe, 4.679898464e+00, E, -500.000000, NP, 20000 100000
415100, t, 6.378430e-05, KEe, 93467.349767, MEe, 4.673367488e+00, E, -500.000000, NP, 20000 100000
415200, t, 6.379967e-05, KEe, 93453.367950, MEe, 4.672668398e+00, E, -500.000000, NP, 20000 100000
415300, t, 6.381503e-05, KEe, 93430.976548, MEe, 4.671548827e+00, E, -500.000000, NP, 20000 100000
415400, t, 6.383040e-05, KEe, 93376.862310, MEe, 4.668843115e+00, E, -500.000000, NP, 20000 100000
415500, t, 6.384576e-05, KEe, 93393.374578, MEe, 4.669668729e+00, E, -500.000000, NP, 20000 100000
415600, t, 6.386113e-05, KEe, 93502.341400, MEe, 4.675117070e+00, E, -500.000000, NP, 20000 100000
415700, t, 6.387650e-05, KEe, 93606.330992, MEe, 4.680316550e+00, E, -500.000000, NP, 20000 100000
415800, t, 6.389186e-05, KEe, 93507.787985, MEe, 4.675389399e+00, E, -500.000000, NP, 20000 100000
415900, t, 6.390723e-05, KEe, 93429.658428, MEe, 4.671482921e+00, E, -500.000000, NP, 20000 100000
416000, t, 6.392259e-05, KEe, 93483.017509, MEe, 4.674150875e+00, E, -500.000000, NP, 20000 100000
416100, t, 6.393796e-05, KEe, 93236.894018, MEe, 4.661844701e+00, E, -500.000000, NP, 20000 100000
416200, t, 6.395333e-05, KEe, 93217.450299, MEe, 4.660872515e+00, E, -500.000000, NP, 20000 100000
416300, t, 6.396869e-05, KEe, 93417.778069, MEe, 4.670888903e+00, E, -500.000000, NP, 20000 100000
416400, t, 6.398406e-05, KEe, 93534.061925, MEe, 4.676703096e+00, E, -500.000000, NP, 20000 100000
416500, t, 6.399942e-05, KEe, 93630.778829, MEe, 4.681538941e+00, E, -500.000000, NP, 20000 100000
416600, t, 6.401479e-05, KEe, 93598.739088, MEe, 4.679936954e+00, E, -500.000000, NP, 20000 100000
416700, t, 6.403016e-05, KEe, 93406.148972, MEe, 4.670307449e+00, E, -500.000000, NP, 20000 100000
416800, t, 6.404552e-05, KEe, 93555.622792, MEe, 4.677781140e+00, E, -500.000000, NP, 20000 100000
416900, t, 6.406089e-05, KEe, 93461.499929, MEe, 4.673074996e+00, E, -500.000000, NP, 20000 100000
417000, t, 6.407625e-05, KEe, 93305.679682, MEe, 4.665283984e+00, E, -500.000000, NP, 20000 100000
417100, t, 6.409162e-05, KEe, 93481.730361, MEe, 4.674086518e+00, E, -500.000000, NP, 20000 100000
417200, t, 6.410699e-05, KEe, 93237.579619, MEe, 4.661878981e+00, E, -500.000000, NP, 20000 100000
417300, t, 6.412235e-05, KEe, 93147.151634, MEe, 4.657357582e+00, E, -500.000000, NP, 20000 100000
417400, t, 6.413772e-05, KEe, 93141.953282, MEe, 4.657097664e+00, E, -500.000000, NP, 20000 100000
417500, t, 6.415308e-05, KEe, 93177.254168, MEe, 4.658862708e+00, E, -500.000000, NP, 20000 100000
417600, t, 6.416845e-05, KEe, 93112.940533, MEe, 4.655647027e+00, E, -500.000000, NP, 20000 100000
417700, t, 6.418382e-05, KEe, 93032.865834, MEe, 4.651643292e+00, E, -500.000000, NP, 20000 100000
417800, t, 6.419918e-05, KEe, 92840.104910, MEe, 4.642005245e+00, E, -500.000000, NP, 20000 100000
417900, t, 6.421455e-05, KEe, 92844.365385, MEe, 4.642218269e+00, E, -500.000000, NP, 20000 100000
418000, t, 6.422991e-05, KEe, 92808.809283, MEe, 4.640440464e+00, E, -500.000000, NP, 20000 100000
418100, t, 6.424528e-05, KEe, 92887.970932, MEe, 4.644398547e+00, E, -500.000000, NP, 20000 100000
418200, t, 6.426065e-05, KEe, 93018.034850, MEe, 4.650901743e+00, E, -500.000000, NP, 20000 100000
418300, t, 6.427601e-05, KEe, 92964.955096, MEe, 4.648247755e+00, E, -500.000000, NP, 20000 100000
418400, t, 6.429138e-05, KEe, 93014.008488, MEe, 4.650700424e+00, E, -500.000000, NP, 20000 100000
418500, t, 6.430674e-05, KEe, 93057.405396, MEe, 4.652870270e+00, E, -500.000000, NP, 20000 100000
418600, t, 6.432211e-05, KEe, 92888.081332, MEe, 4.644404067e+00, E, -500.000000, NP, 20000 100000
418700, t, 6.433748e-05, KEe, 92992.093083, MEe, 4.649604654e+00, E, -500.000000, NP, 20000 100000
418800, t, 6.435284e-05, KEe, 92991.203511, MEe, 4.649560176e+00, E, -500.000000, NP, 20000 100000
418900, t, 6.436821e-05, KEe, 92985.820797, MEe, 4.649291040e+00, E, -500.000000, NP, 20000 100000
419000, t, 6.438357e-05, KEe, 93243.318856, MEe, 4.662165943e+00, E, -500.000000, NP, 20000 100000
419100, t, 6.439894e-05, KEe, 93227.849289, MEe, 4.661392464e+00, E, -500.000000, NP, 20000 100000
419200, t, 6.441431e-05, KEe, 93152.838463, MEe, 4.657641923e+00, E, -500.000000, NP, 20000 100000
419300, t, 6.442967e-05, KEe, 93078.868186, MEe, 4.653943409e+00, E, -500.000000, NP, 20000 100000
419400, t, 6.444504e-05, KEe, 93062.617751, MEe, 4.653130888e+00, E, -500.000000, NP, 20000 100000
419500, t, 6.446040e-05, KEe, 92964.702992, MEe, 4.648235150e+00, E, -500.000000, NP, 20000 100000
419600, t, 6.447577e-05, KEe, 92974.879558, MEe, 4.648743978e+00, E, -500.000000, NP, 20000 100000
419700, t, 6.449114e-05, KEe, 92914.136925, MEe, 4.645706846e+00, E, -500.000000, NP, 20000 100000
419800, t, 6.450650e-05, KEe, 93098.589110, MEe, 4.654929456e+00, E, -500.000000, NP, 20000 100000
419900, t, 6.452187e-05, KEe, 93180.810048, MEe, 4.659040502e+00, E, -500.000000, NP, 20000 100000
420000, t, 6.453723e-05, KEe, 93241.571070, MEe, 4.662078554e+00, E, -500.000000, NP, 20000 100000
420100, t, 6.455260e-05, KEe, 93429.437369, MEe, 4.671471868e+00, E, -500.000000, NP, 20000 100000
420200, t, 6.456797e-05, KEe, 93260.211960, MEe, 4.663010598e+00, E, -500.000000, NP, 20000 100000
420300, t, 6.458333e-05, KEe, 93092.262864, MEe, 4.654613143e+00, E, -500.000000, NP, 20000 100000
420400, t, 6.459870e-05, KEe, 93412.120003, MEe, 4.670606000e+00, E, -500.000000, NP, 20000 100000
420500, t, 6.461406e-05, KEe, 93294.185203, MEe, 4.664709260e+00, E, -500.000000, NP, 20000 100000
420600, t, 6.462943e-05, KEe, 93529.768913, MEe, 4.676488446e+00, E, -500.000000, NP, 20000 100000
420700, t, 6.464480e-05, KEe, 93513.964907, MEe, 4.675698245e+00, E, -500.000000, NP, 20000 100000
420800, t, 6.466016e-05, KEe, 93459.122413, MEe, 4.672956121e+00, E, -500.000000, NP, 20000 100000
420900, t, 6.467553e-05, KEe, 93515.725127, MEe, 4.675786256e+00, E, -500.000000, NP, 20000 100000
421000, t, 6.469089e-05, KEe, 93320.503217, MEe, 4.666025161e+00, E, -500.000000, NP, 20000 100000
421100, t, 6.470626e-05, KEe, 93359.540145, MEe, 4.667977007e+00, E, -500.000000, NP, 20000 100000
421200, t, 6.472163e-05, KEe, 93582.567009, MEe, 4.679128350e+00, E, -500.000000, NP, 20000 100000
421300, t, 6.473699e-05, KEe, 93533.126448, MEe, 4.676656322e+00, E, -500.000000, NP, 20000 100000
421400, t, 6.475236e-05, KEe, 93404.507063, MEe, 4.670225353e+00, E, -500.000000, NP, 20000 100000
421500, t, 6.476772e-05, KEe, 93154.933208, MEe, 4.657746660e+00, E, -500.000000, NP, 20000 100000
421600, t, 6.478309e-05, KEe, 93323.614389, MEe, 4.666180719e+00, E, -500.000000, NP, 20000 100000
421700, t, 6.479846e-05, KEe, 93199.975793, MEe, 4.659998790e+00, E, -500.000000, NP, 20000 100000
421800, t, 6.481382e-05, KEe, 93194.809686, MEe, 4.659740484e+00, E, -500.000000, NP, 20000 100000
421900, t, 6.482919e-05, KEe, 93151.876896, MEe, 4.657593845e+00, E, -500.000000, NP, 20000 100000
422000, t, 6.484455e-05, KEe, 93174.167677, MEe, 4.658708384e+00, E, -500.000000, NP, 20000 100000
422100, t, 6.485992e-05, KEe, 93238.014446, MEe, 4.661900722e+00, E, -500.000000, NP, 20000 100000
422200, t, 6.487529e-05, KEe, 93302.838277, MEe, 4.665141914e+00, E, -500.000000, NP, 20000 100000
422300, t, 6.489065e-05, KEe, 93374.980078, MEe, 4.668749004e+00, E, -500.000000, NP, 20000 100000
422400, t, 6.490602e-05, KEe, 93483.674881, MEe, 4.674183744e+00, E, -500.000000, NP, 20000 100000
422500, t, 6.492138e-05, KEe, 93340.579929, MEe, 4.667028996e+00, E, -500.000000, NP, 20000 100000
422600, t, 6.493675e-05, KEe, 93446.244720, MEe, 4.672312236e+00, E, -500.000000, NP, 20000 100000
422700, t, 6.495212e-05, KEe, 93297.234303, MEe, 4.664861715e+00, E, -500.000000, NP, 20000 100000
422800, t, 6.496748e-05, KEe, 93197.443053, MEe, 4.659872153e+00, E, -500.000000, NP, 20000 100000
422900, t, 6.498285e-05, KEe, 93018.837161, MEe, 4.650941858e+00, E, -500.000000, NP, 20000 100000
423000, t, 6.499821e-05, KEe, 93218.895021, MEe, 4.660944751e+00, E, -500.000000, NP, 20000 100000
423100, t, 6.501358e-05, KEe, 93263.880901, MEe, 4.663194045e+00, E, -500.000000, NP, 20000 100000
423200, t, 6.502895e-05, KEe, 93128.180616, MEe, 4.656409031e+00, E, -500.000000, NP, 20000 100000
423300, t, 6.504431e-05, KEe, 93079.251259, MEe, 4.653962563e+00, E, -500.000000, NP, 20000 100000
423400, t, 6.505968e-05, KEe, 93145.387141, MEe, 4.657269357e+00, E, -500.000000, NP, 20000 100000
423500, t, 6.507504e-05, KEe, 93230.838046, MEe, 4.661541902e+00, E, -500.000000, NP, 20000 100000
423600, t, 6.509041e-05, KEe, 93467.935592, MEe, 4.673396780e+00, E, -500.000000, NP, 20000 100000
423700, t, 6.510578e-05, KEe, 93334.877029, MEe, 4.666743851e+00, E, -500.000000, NP, 20000 100000
423800, t, 6.512114e-05, KEe, 93343.077859, MEe, 4.667153893e+00, E, -500.000000, NP, 20000 100000
423900, t, 6.513651e-05, KEe, 93408.792193, MEe, 4.670439610e+00, E, -500.000000, NP, 20000 100000
424000, t, 6.515187e-05, KEe, 93583.287225, MEe, 4.679164361e+00, E, -500.000000, NP, 20000 100000
424100, t, 6.516724e-05, KEe, 93575.946839, MEe, 4.678797342e+00, E, -500.000000, NP, 20000 100000
424200, t, 6.518261e-05, KEe, 93551.058831, MEe, 4.677552942e+00, E, -500.000000, NP, 20000 100000
424300, t, 6.519797e-05, KEe, 93250.257064, MEe, 4.662512853e+00, E, -500.000000, NP, 20000 100000
424400, t, 6.521334e-05, KEe, 93341.028732, MEe, 4.667051437e+00, E, -500.000000, NP, 20000 100000
424500, t, 6.522870e-05, KEe, 93153.792772, MEe, 4.657689639e+00, E, -500.000000, NP, 20000 100000
424600, t, 6.524407e-05, KEe, 93330.382484, MEe, 4.666519124e+00, E, -500.000000, NP, 20000 100000
424700, t, 6.525944e-05, KEe, 93364.061629, MEe, 4.668203081e+00, E, -500.000000, NP, 20000 100000
424800, t, 6.527480e-05, KEe, 93547.533996, MEe, 4.677376700e+00, E, -500.000000, NP, 20000 100000
424900, t, 6.529017e-05, KEe, 93652.669023, MEe, 4.682633451e+00, E, -500.000000, NP, 20000 100000
425000, t, 6.530553e-05, KEe, 93569.726625, MEe, 4.678486331e+00, E, -500.000000, NP, 20000 100000
425100, t, 6.532090e-05, KEe, 93660.758075, MEe, 4.683037904e+00, E, -500.000000, NP, 20000 100000
425200, t, 6.533627e-05, KEe, 93717.242512, MEe, 4.685862126e+00, E, -500.000000, NP, 20000 100000
425300, t, 6.535163e-05, KEe, 93606.669303, MEe, 4.680333465e+00, E, -500.000000, NP, 20000 100000
425400, t, 6.536700e-05, KEe, 93786.902244, MEe, 4.689345112e+00, E, -500.000000, NP, 20000 100000
425500, t, 6.538236e-05, KEe, 93790.413239, MEe, 4.689520662e+00, E, -500.000000, NP, 20000 100000
425600, t, 6.539773e-05, KEe, 93819.850587, MEe, 4.690992529e+00, E, -500.000000, NP, 20000 100000
425700, t, 6.541310e-05, KEe, 93872.836375, MEe, 4.693641819e+00, E, -500.000000, NP, 20000 100000
425800, t, 6.542846e-05, KEe, 94035.852328, MEe, 4.701792616e+00, E, -500.000000, NP, 20000 100000
425900, t, 6.544383e-05, KEe, 93967.301188, MEe, 4.698365059e+00, E, -500.000000, NP, 20000 100000
426000, t, 6.545919e-05, KEe, 93726.816287, MEe, 4.686340814e+00, E, -500.000000, NP, 20000 100000
426100, t, 6.547456e-05, KEe, 93882.126060, MEe, 4.694106303e+00, E, -500.000000, NP, 20000 100000
426200, t, 6.548993e-05, KEe, 93780.698833, MEe, 4.689034942e+00, E, -500.000000, NP, 20000 100000
426300, t, 6.550529e-05, KEe, 93732.705969, MEe, 4.686635298e+00, E, -500.000000, NP, 20000 100000
426400, t, 6.552066e-05, KEe, 93903.555648, MEe, 4.695177782e+00, E, -500.000000, NP, 20000 100000
426500, t, 6.553602e-05, KEe, 93815.205803, MEe, 4.690760290e+00, E, -500.000000, NP, 20000 100000
426600, t, 6.555139e-05, KEe, 93925.219695, MEe, 4.696260985e+00, E, -500.000000, NP, 20000 100000
426700, t, 6.556676e-05, KEe, 93831.138588, MEe, 4.691556929e+00, E, -500.000000, NP, 20000 100000
426800, t, 6.558212e-05, KEe, 93673.303611, MEe, 4.683665181e+00, E, -500.000000, NP, 20000 100000
426900, t, 6.559749e-05, KEe, 93824.100666, MEe, 4.691205033e+00, E, -500.000000, NP, 20000 100000
427000, t, 6.561285e-05, KEe, 93834.629673, MEe, 4.691731484e+00, E, -500.000000, NP, 20000 100000
427100, t, 6.562822e-05, KEe, 94028.127960, MEe, 4.701406398e+00, E, -500.000000, NP, 20000 100000
427200, t, 6.564359e-05, KEe, 93878.982697, MEe, 4.693949135e+00, E, -500.000000, NP, 20000 100000
427300, t, 6.565895e-05, KEe, 93667.542014, MEe, 4.683377101e+00, E, -500.000000, NP, 20000 100000
427400, t, 6.567432e-05, KEe, 93536.688261, MEe, 4.676834413e+00, E, -500.000000, NP, 20000 100000
427500, t, 6.568968e-05, KEe, 93473.026833, MEe, 4.673651342e+00, E, -500.000000, NP, 20000 100000
427600, t, 6.570505e-05, KEe, 93544.535447, MEe, 4.677226772e+00, E, -500.000000, NP, 20000 100000
427700, t, 6.572042e-05, KEe, 93819.077105, MEe, 4.690953855e+00, E, -500.000000, NP, 20000 100000
427800, t, 6.573578e-05, KEe, 93648.881122, MEe, 4.682444056e+00, E, -500.000000, NP, 20000 100000
427900, t, 6.575115e-05, KEe, 93468.565773, MEe, 4.673428289e+00, E, -500.000000, NP, 20000 100000
428000, t, 6.576652e-05, KEe, 93461.434131, MEe, 4.673071707e+00, E, -500.000000, NP, 20000 100000
428100, t, 6.578188e-05, KEe, 93487.801863, MEe, 4.674390093e+00, E, -500.000000, NP, 20000 100000
428200, t, 6.579725e-05, KEe, 93437.833686, MEe, 4.671891684e+00, E, -500.000000, NP, 20000 100000
428300, t, 6.581261e-05, KEe, 93442.649138, MEe, 4.672132457e+00, E, -500.000000, NP, 20000 100000
428400, t, 6.582798e-05, KEe, 93569.860326, MEe, 4.678493016e+00, E, -500.000000, NP, 20000 100000
428500, t, 6.584335e-05, KEe, 93621.008176, MEe, 4.681050409e+00, E, -500.000000, NP, 20000 100000
428600, t, 6.585871e-05, KEe, 93749.613336, MEe, 4.687480667e+00, E, -500.000000, NP, 20000 100000
428700, t, 6.587408e-05, KEe, 93703.950899, MEe, 4.685197545e+00, E, -500.000000, NP, 20000 100000
428800, t, 6.588944e-05, KEe, 93792.716360, MEe, 4.689635818e+00, E, -500.000000, NP, 20000 100000
428900, t, 6.590481e-05, KEe, 93459.432445, MEe, 4.672971622e+00, E, -500.000000, NP, 20000 100000
429000, t, 6.592018e-05, KEe, 93520.639745, MEe, 4.676031987e+00, E, -500.000000, NP, 20000 100000
429100, t, 6.593554e-05, KEe, 93438.407634, MEe, 4.671920382e+00, E, -500.000000, NP, 20000 100000
429200, t, 6.595091e-05, KEe, 93651.464392, MEe, 4.682573220e+00, E, -500.000000, NP, 20000 100000
429300, t, 6.596627e-05, KEe, 93393.742499, MEe, 4.669687125e+00, E, -500.000000, NP, 20000 100000
429400, t, 6.598164e-05, KEe, 93645.903129, MEe, 4.682295156e+00, E, -500.000000, NP, 20000 100000
429500, t, 6.599701e-05, KEe, 93604.936623, MEe, 4.680246831e+00, E, -500.000000, NP, 20000 100000
429600, t, 6.601237e-05, KEe, 93473.925167, MEe, 4.673696258e+00, E, -500.000000, NP, 20000 100000
429700, t, 6.602774e-05, KEe, 93439.153016, MEe, 4.671957651e+00, E, -500.000000, NP, 20000 100000
429800, t, 6.604310e-05, KEe, 93456.073731, MEe, 4.672803687e+00, E, -500.000000, NP, 20000 100000
429900, t, 6.605847e-05, KEe, 93566.623098, MEe, 4.678331155e+00, E, -500.000000, NP, 20000 100000
430000, t, 6.607384e-05, KEe, 93687.617254, MEe, 4.684380863e+00, E, -500.000000, NP, 20000 100000
430100, t, 6.608920e-05, KEe, 93556.048612, MEe, 4.677802431e+00, E, -500.000000, NP, 20000 100000
430200, t, 6.610457e-05, KEe, 93696.035715, MEe, 4.684801786e+00, E, -500.000000, NP, 20000 100000
430300, t, 6.611993e-05, KEe, 93618.691433, MEe, 4.680934572e+00, E, -500.000000, NP, 20000 100000
430400, t, 6.613530e-05, KEe, 93815.240012, MEe, 4.690762001e+00, E, -500.000000, NP, 20000 100000
430500, t, 6.615067e-05, KEe, 93850.361866, MEe, 4.692518093e+00, E, -500.000000, NP, 20000 100000
430600, t, 6.616603e-05, KEe, 93651.192584, MEe, 4.682559629e+00, E, -500.000000, NP, 20000 100000
430700, t, 6.618140e-05, KEe, 93694.382183, MEe, 4.684719109e+00, E, -500.000000, NP, 20000 100000
430800, t, 6.619676e-05, KEe, 93749.608221, MEe, 4.687480411e+00, E, -500.000000, NP, 20000 100000
430900, t, 6.621213e-05, KEe, 93578.291559, MEe, 4.678914578e+00, E, -500.000000, NP, 20000 100000
431000, t, 6.622750e-05, KEe, 93500.949150, MEe, 4.675047458e+00, E, -500.000000, NP, 20000 100000
431100, t, 6.624286e-05, KEe, 93772.205723, MEe, 4.688610286e+00, E, -500.000000, NP, 20000 100000
431200, t, 6.625823e-05, KEe, 93786.637918, MEe, 4.689331896e+00, E, -500.000000, NP, 20000 100000
431300, t, 6.627359e-05, KEe, 93681.026737, MEe, 4.684051337e+00, E, -500.000000, NP, 20000 100000
431400, t, 6.628896e-05, KEe, 93572.889224, MEe, 4.678644461e+00, E, -500.000000, NP, 20000 100000
431500, t, 6.630433e-05, KEe, 93437.222653, MEe, 4.671861133e+00, E, -500.000000, NP, 20000 100000
431600, t, 6.631969e-05, KEe, 93455.257679, MEe, 4.672762884e+00, E, -500.000000, NP, 20000 100000
431700, t, 6.633506e-05, KEe, 93503.341775, MEe, 4.675167089e+00, E, -500.000000, NP, 20000 100000
431800, t, 6.635042e-05, KEe, 93488.475728, MEe, 4.674423786e+00, E, -500.000000, NP, 20000 100000
431900, t, 6.636579e-05, KEe, 93542.653205, MEe, 4.677132660e+00, E, -500.000000, NP, 20000 100000
432000, t, 6.638116e-05, KEe, 93592.432218, MEe, 4.679621611e+00, E, -500.000000, NP, 20000 100000
432100, t, 6.639652e-05, KEe, 93618.159293, MEe, 4.680907965e+00, E, -500.000000, NP, 20000 100000
432200, t, 6.641189e-05, KEe, 93387.975064, MEe, 4.669398753e+00, E, -500.000000, NP, 20000 100000
432300, t, 6.642725e-05, KEe, 93418.230348, MEe, 4.670911517e+00, E, -500.000000, NP, 20000 100000
432400, t, 6.644262e-05, KEe, 93548.855631, MEe, 4.677442782e+00, E, -500.000000, NP, 20000 100000
432500, t, 6.645799e-05, KEe, 93629.440268, MEe, 4.681472013e+00, E, -500.000000, NP, 20000 100000
432600, t, 6.647335e-05, KEe, 93700.571798, MEe, 4.685028590e+00, E, -500.000000, NP, 20000 100000
432700, t, 6.648872e-05, KEe, 93682.604699, MEe, 4.684130235e+00, E, -500.000000, NP, 20000 100000
432800, t, 6.650408e-05, KEe, 93646.949519, MEe, 4.682347476e+00, E, -500.000000, NP, 20000 100000
432900, t, 6.651945e-05, KEe, 93498.663231, MEe, 4.674933162e+00, E, -500.000000, NP, 20000 100000
433000, t, 6.653482e-05, KEe, 93743.025588, MEe, 4.687151279e+00, E, -500.000000, NP, 20000 100000
433100, t, 6.655018e-05, KEe, 93873.934332, MEe, 4.693696717e+00, E, -500.000000, NP, 20000 100000
433200, t, 6.656555e-05, KEe, 93829.392441, MEe, 4.691469622e+00, E, -500.000000, NP, 20000 100000
433300, t, 6.658091e-05, KEe, 93698.044524, MEe, 4.684902226e+00, E, -500.000000, NP, 20000 100000
433400, t, 6.659628e-05, KEe, 93839.251114, MEe, 4.691962556e+00, E, -500.000000, NP, 20000 100000
433500, t, 6.661165e-05, KEe, 93920.242351, MEe, 4.696012118e+00, E, -500.000000, NP, 20000 100000
433600, t, 6.662701e-05, KEe, 93923.127618, MEe, 4.696156381e+00, E, -500.000000, NP, 20000 100000
433700, t, 6.664238e-05, KEe, 93968.445912, MEe, 4.698422296e+00, E, -500.000000, NP, 20000 100000
433800, t, 6.665774e-05, KEe, 94194.455128, MEe, 4.709722756e+00, E, -500.000000, NP, 20000 100000
433900, t, 6.667311e-05, KEe, 94180.881549, MEe, 4.709044077e+00, E, -500.000000, NP, 20000 100000
434000, t, 6.668848e-05, KEe, 93994.253624, MEe, 4.699712681e+00, E, -500.000000, NP, 20000 100000
434100, t, 6.670384e-05, KEe, 93702.739077, MEe, 4.685136954e+00, E, -500.000000, NP, 20000 100000
434200, t, 6.671921e-05, KEe, 93534.264839, MEe, 4.676713242e+00, E, -500.000000, NP, 20000 100000
434300, t, 6.673457e-05, KEe, 93660.491044, MEe, 4.683024552e+00, E, -500.000000, NP, 20000 100000
434400, t, 6.674994e-05, KEe, 93598.508907, MEe, 4.679925445e+00, E, -500.000000, NP, 20000 100000
434500, t, 6.676531e-05, KEe, 93773.224032, MEe, 4.688661202e+00, E, -500.000000, NP, 20000 100000
434600, t, 6.678067e-05, KEe, 93887.391335, MEe, 4.694369567e+00, E, -500.000000, NP, 20000 100000
434700, t, 6.679604e-05, KEe, 93676.005081, MEe, 4.683800254e+00, E, -500.000000, NP, 20000 100000
434800, t, 6.681140e-05, KEe, 93674.942195, MEe, 4.683747110e+00, E, -500.000000, NP, 20000 100000
434900, t, 6.682677e-05, KEe, 93679.711879, MEe, 4.683985594e+00, E, -500.000000, NP, 20000 100000
435000, t, 6.684214e-05, KEe, 93382.640706, MEe, 4.669132035e+00, E, -500.000000, NP, 20000 100000
435100, t, 6.685750e-05, KEe, 93386.800674, MEe, 4.669340034e+00, E, -500.000000, NP, 20000 100000
435200, t, 6.687287e-05, KEe, 93411.677722, MEe, 4.670583886e+00, E, -500.000000, NP, 20000 100000
435300, t, 6.688823e-05, KEe, 93407.657983, MEe, 4.670382899e+00, E, -500.000000, NP, 20000 100000
435400, t, 6.690360e-05, KEe, 93436.659388, MEe, 4.671832969e+00, E, -500.000000, NP, 20000 100000
435500, t, 6.691897e-05, KEe, 93487.326084, MEe, 4.674366304e+00, E, -500.000000, NP, 20000 100000
435600, t, 6.693433e-05, KEe, 93526.860641, MEe, 4.676343032e+00, E, -500.000000, NP, 20000 100000
435700, t, 6.694970e-05, KEe, 93630.783578, MEe, 4.681539179e+00, E, -500.000000, NP, 20000 100000
435800, t, 6.696506e-05, KEe, 93742.846159, MEe, 4.687142308e+00, E, -500.000000, NP, 20000 100000
435900, t, 6.698043e-05, KEe, 93697.881491, MEe, 4.684894075e+00, E, -500.000000, NP, 20000 100000
436000, t, 6.699580e-05, KEe, 93788.207928, MEe, 4.689410396e+00, E, -500.000000, NP, 20000 100000
436100, t, 6.701116e-05, KEe, 93793.982913, MEe, 4.689699146e+00, E, -500.000000, NP, 20000 100000
436200, t, 6.702653e-05, KEe, 93859.856708, MEe, 4.692992835e+00, E, -500.000000, NP, 20000 100000
436300, t, 6.704189e-05, KEe, 94007.601035, MEe, 4.700380052e+00, E, -500.000000, NP, 20000 100000
436400, t, 6.705726e-05, KEe, 94112.727050, MEe, 4.705636353e+00, E, -500.000000, NP, 20000 100000
436500, t, 6.707263e-05, KEe, 93781.609112, MEe, 4.689080456e+00, E, -500.000000, NP, 20000 100000
436600, t, 6.708799e-05, KEe, 93740.964119, MEe, 4.687048206e+00, E, -500.000000, NP, 20000 100000
436700, t, 6.710336e-05, KEe, 93618.488093, MEe, 4.680924405e+00, E, -500.000000, NP, 20000 100000
436800, t, 6.711872e-05, KEe, 93575.243862, MEe, 4.678762193e+00, E, -500.000000, NP, 20000 100000
436900, t, 6.713409e-05, KEe, 93646.389486, MEe, 4.682319474e+00, E, -500.000000, NP, 20000 100000
437000, t, 6.714946e-05, KEe, 93751.355140, MEe, 4.687567757e+00, E, -500.000000, NP, 20000 100000
437100, t, 6.716482e-05, KEe, 93672.451507, MEe, 4.683622575e+00, E, -500.000000, NP, 20000 100000
437200, t, 6.718019e-05, KEe, 93575.477434, MEe, 4.678773872e+00, E, -500.000000, NP, 20000 100000
437300, t, 6.719555e-05, KEe, 93651.847387, MEe, 4.682592369e+00, E, -500.000000, NP, 20000 100000
437400, t, 6.721092e-05, KEe, 93598.879509, MEe, 4.679943975e+00, E, -500.000000, NP, 20000 100000
437500, t, 6.722629e-05, KEe, 93631.685353, MEe, 4.681584268e+00, E, -500.000000, NP, 20000 100000
437600, t, 6.724165e-05, KEe, 93385.392307, MEe, 4.669269615e+00, E, -500.000000, NP, 20000 100000
437700, t, 6.725702e-05, KEe, 93503.505071, MEe, 4.675175254e+00, E, -500.000000, NP, 20000 100000
437800, t, 6.727238e-05, KEe, 93375.434455, MEe, 4.668771723e+00, E, -500.000000, NP, 20000 100000
437900, t, 6.728775e-05, KEe, 93492.496914, MEe, 4.674624846e+00, E, -500.000000, NP, 20000 100000
438000, t, 6.730312e-05, KEe, 93490.513599, MEe, 4.674525680e+00, E, -500.000000, NP, 20000 100000
438100, t, 6.731848e-05, KEe, 93391.594440, MEe, 4.669579722e+00, E, -500.000000, NP, 20000 100000
438200, t, 6.733385e-05, KEe, 93230.105089, MEe, 4.661505254e+00, E, -500.000000, NP, 20000 100000
438300, t, 6.734921e-05, KEe, 93213.871551, MEe, 4.660693578e+00, E, -500.000000, NP, 20000 100000
438400, t, 6.736458e-05, KEe, 93285.473371, MEe, 4.664273669e+00, E, -500.000000, NP, 20000 100000
438500, t, 6.737995e-05, KEe, 93123.317767, MEe, 4.656165888e+00, E, -500.000000, NP, 20000 100000
438600, t, 6.739531e-05, KEe, 93107.018988, MEe, 4.655350949e+00, E, -500.000000, NP, 20000 100000
438700, t, 6.741068e-05, KEe, 93032.044432, MEe, 4.651602222e+00, E, -500.000000, NP, 20000 100000
438800, t, 6.742604e-05, KEe, 93019.834686, MEe, 4.650991734e+00, E, -500.000000, NP, 20000 100000
438900, t, 6.744141e-05, KEe, 93215.606229, MEe, 4.660780311e+00, E, -500.000000, NP, 20000 100000
439000, t, 6.745678e-05, KEe, 93197.484236, MEe, 4.659874212e+00, E, -500.000000, NP, 20000 100000
439100, t, 6.747214e-05, KEe, 93201.539126, MEe, 4.660076956e+00, E, -500.000000, NP, 20000 100000
439200, t, 6.748751e-05, KEe, 93344.718736, MEe, 4.667235937e+00, E, -500.000000, NP, 20000 100000
439300, t, 6.750287e-05, KEe, 93514.485408, MEe, 4.675724270e+00, E, -500.000000, NP, 20000 100000
439400, t, 6.751824e-05, KEe, 93256.250172, MEe, 4.662812509e+00, E, -500.000000, NP, 20000 100000
439500, t, 6.753361e-05, KEe, 93030.509794, MEe, 4.651525490e+00, E, -500.000000, NP, 20000 100000
439600, t, 6.754897e-05, KEe, 93096.902413, MEe, 4.654845121e+00, E, -500.000000, NP, 20000 100000
439700, t, 6.756434e-05, KEe, 93043.622946, MEe, 4.652181147e+00, E, -500.000000, NP, 20000 100000
439800, t, 6.757970e-05, KEe, 93307.901545, MEe, 4.665395077e+00, E, -500.000000, NP, 20000 100000
439900, t, 6.759507e-05, KEe, 93244.535098, MEe, 4.662226755e+00, E, -500.000000, NP, 20000 100000
440000, t, 6.761044e-05, KEe, 93256.953055, MEe, 4.662847653e+00, E, -500.000000, NP, 20000 100000
440100, t, 6.762580e-05, KEe, 93238.173893, MEe, 4.661908695e+00, E, -500.000000, NP, 20000 100000
440200, t, 6.764117e-05, KEe, 93313.489473, MEe, 4.665674474e+00, E, -500.000000, NP, 20000 100000
440300, t, 6.765653e-05, KEe, 93438.483975, MEe, 4.671924199e+00, E, -500.000000, NP, 20000 100000
440400, t, 6.767190e-05, KEe, 93457.251301, MEe, 4.672862565e+00, E, -500.000000, NP, 20000 100000
440500, t, 6.768727e-05, KEe, 93532.635815, MEe, 4.676631791e+00, E, -500.000000, NP, 20000 100000
440600, t, 6.770263e-05, KEe, 93634.658995, MEe, 4.681732950e+00, E, -500.000000, NP, 20000 100000
440700, t, 6.771800e-05, KEe, 93721.586449, MEe, 4.686079322e+00, E, -500.000000, NP, 20000 100000
440800, t, 6.773336e-05, KEe, 93471.241449, MEe, 4.673562072e+00, E, -500.000000, NP, 20000 100000
440900, t, 6.774873e-05, KEe, 93330.437885, MEe, 4.666521894e+00, E, -500.000000, NP, 20000 100000
441000, t, 6.776410e-05, KEe, 93328.555135, MEe, 4.666427757e+00, E, -500.000000, NP, 20000 100000
441100, t, 6.777946e-05, KEe, 93419.123692, MEe, 4.670956185e+00, E, -500.000000, NP, 20000 100000
441200, t, 6.779483e-05, KEe, 93261.795823, MEe, 4.663089791e+00, E, -500.000000, NP, 20000 100000
441300, t, 6.781019e-05, KEe, 93439.075324, MEe, 4.671953766e+00, E, -500.000000, NP, 20000 100000
441400, t, 6.782556e-05, KEe, 93458.680170, MEe, 4.672934009e+00, E, -500.000000, NP, 20000 100000
441500, t, 6.784093e-05, KEe, 93385.277891, MEe, 4.669263895e+00, E, -500.000000, NP, 20000 100000
441600, t, 6.785629e-05, KEe, 93231.786095, MEe, 4.661589305e+00, E, -500.000000, NP, 20000 100000
441700, t, 6.787166e-05, KEe, 93202.376848, MEe, 4.660118842e+00, E, -500.000000, NP, 20000 100000
441800, t, 6.788702e-05, KEe, 93319.199869, MEe, 4.665959993e+00, E, -500.000000, NP, 20000 100000
441900, t, 6.790239e-05, KEe, 93350.649484, MEe, 4.667532474e+00, E, -500.000000, NP, 20000 100000
442000, t, 6.791776e-05, KEe, 93150.257156, MEe, 4.657512858e+00, E, -500.000000, NP, 20000 100000
442100, t, 6.793312e-05, KEe, 93145.592214, MEe, 4.657279611e+00, E, -500.000000, NP, 20000 100000
442200, t, 6.794849e-05, KEe, 93083.442584, MEe, 4.654172129e+00, E, -500.000000, NP, 20000 100000
442300, t, 6.796385e-05, KEe, 92970.414123, MEe, 4.648520706e+00, E, -500.000000, NP, 20000 100000
442400, t, 6.797922e-05, KEe, 93077.396984, MEe, 4.653869849e+00, E, -500.000000, NP, 20000 100000
442500, t, 6.799459e-05, KEe, 93089.213316, MEe, 4.654460666e+00, E, -500.000000, NP, 20000 100000
442600, t, 6.800995e-05, KEe, 93143.837189, MEe, 4.657191859e+00, E, -500.000000, NP, 20000 100000
442700, t, 6.802532e-05, KEe, 93154.803523, MEe, 4.657740176e+00, E, -500.000000, NP, 20000 100000
442800, t, 6.804068e-05, KEe, 93439.995440, MEe, 4.671999772e+00, E, -500.000000, NP, 20000 100000
442900, t, 6.805605e-05, KEe, 93336.509688, MEe, 4.666825484e+00, E, -500.000000, NP, 20000 100000
443000, t, 6.807142e-05, KEe, 93109.181316, MEe, 4.655459066e+00, E, -500.000000, NP, 20000 100000
443100, t, 6.808678e-05, KEe, 93238.477612, MEe, 4.661923881e+00, E, -500.000000, NP, 20000 100000
443200, t, 6.810215e-05, KEe, 93241.046971, MEe, 4.662052349e+00, E, -500.000000, NP, 20000 100000
443300, t, 6.811751e-05, KEe, 93433.404942, MEe, 4.671670247e+00, E, -500.000000, NP, 20000 100000
443400, t, 6.813288e-05, KEe, 93523.523727, MEe, 4.676176186e+00, E, -500.000000, NP, 20000 100000
443500, t, 6.814825e-05, KEe, 93365.275472, MEe, 4.668263774e+00, E, -500.000000, NP, 20000 100000
443600, t, 6.816361e-05, KEe, 93412.407936, MEe, 4.670620397e+00, E, -500.000000, NP, 20000 100000
443700, t, 6.817898e-05, KEe, 93203.151380, MEe, 4.660157569e+00, E, -500.000000, NP, 20000 100000
443800, t, 6.819434e-05, KEe, 93261.351724, MEe, 4.663067586e+00, E, -500.000000, NP, 20000 100000
443900, t, 6.820971e-05, KEe, 93194.533416, MEe, 4.659726671e+00, E, -500.000000, NP, 20000 100000
444000, t, 6.822508e-05, KEe, 93182.070168, MEe, 4.659103508e+00, E, -500.000000, NP, 20000 100000
444100, t, 6.824044e-05, KEe, 93292.088279, MEe, 4.664604414e+00, E, -500.000000, NP, 20000 100000
444200, t, 6.825581e-05, KEe, 93420.643994, MEe, 4.671032200e+00, E, -500.000000, NP, 20000 100000
444300, t, 6.827117e-05, KEe, 93389.684743, MEe, 4.669484237e+00, E, -500.000000, NP, 20000 100000
444400, t, 6.828654e-05, KEe, 93562.622947, MEe, 4.678131147e+00, E, -500.000000, NP, 20000 100000
444500, t, 6.830191e-05, KEe, 93441.611738, MEe, 4.672080587e+00, E, -500.000000, NP, 20000 100000
444600, t, 6.831727e-05, KEe, 93293.016961, MEe, 4.664650848e+00, E, -500.000000, NP, 20000 100000
444700, t, 6.833264e-05, KEe, 93424.085094, MEe, 4.671204255e+00, E, -500.000000, NP, 20000 100000
444800, t, 6.834800e-05, KEe, 93287.375667, MEe, 4.664368783e+00, E, -500.000000, NP, 20000 100000
444900, t, 6.836337e-05, KEe, 93394.665779, MEe, 4.669733289e+00, E, -500.000000, NP, 20000 100000
445000, t, 6.837874e-05, KEe, 93422.845673, MEe, 4.671142284e+00, E, -500.000000, NP, 20000 100000
445100, t, 6.839410e-05, KEe, 93433.356834, MEe, 4.671667842e+00, E, -500.000000, NP, 20000 100000
445200, t, 6.840947e-05, KEe, 93410.082158, MEe, 4.670504108e+00, E, -500.000000, NP, 20000 100000
445300, t, 6.842483e-05, KEe, 93520.707750, MEe, 4.676035387e+00, E, -500.000000, NP, 20000 100000
445400, t, 6.844020e-05, KEe, 93441.602420, MEe, 4.672080121e+00, E, -500.000000, NP, 20000 100000
445500, t, 6.845557e-05, KEe, 93221.646509, MEe, 4.661082325e+00, E, -500.000000, NP, 20000 100000
445600, t, 6.847093e-05, KEe, 93370.934019, MEe, 4.668546701e+00, E, -500.000000, NP, 20000 100000
445700, t, 6.848630e-05, KEe, 93291.432202, MEe, 4.664571610e+00, E, -500.000000, NP, 20000 100000
445800, t, 6.850166e-05, KEe, 93398.519267, MEe, 4.669925963e+00, E, -500.000000, NP, 20000 100000
445900, t, 6.851703e-05, KEe, 93459.328478, MEe, 4.672966424e+00, E, -500.000000, NP, 20000 100000
446000, t, 6.853240e-05, KEe, 93459.601415, MEe, 4.672980071e+00, E, -500.000000, NP, 20000 100000
446100, t, 6.854776e-05, KEe, 93089.466735, MEe, 4.654473337e+00, E, -500.000000, NP, 20000 100000
446200, t, 6.856313e-05, KEe, 93145.694504, MEe, 4.657284725e+00, E, -500.000000, NP, 20000 100000
446300, t, 6.857849e-05, KEe, 93108.224269, MEe, 4.655411213e+00, E, -500.000000, NP, 20000 100000
446400, t, 6.859386e-05, KEe, 92993.666161, MEe, 4.649683308e+00, E, -500.000000, NP, 20000 100000
446500, t, 6.860923e-05, KEe, 93165.120550, MEe, 4.658256028e+00, E, -500.000000, NP, 20000 100000
446600, t, 6.862459e-05, KEe, 93178.864181, MEe, 4.658943209e+00, E, -500.000000, NP, 20000 100000
446700, t, 6.863996e-05, KEe, 93402.709072, MEe, 4.670135454e+00, E, -500.000000, NP, 20000 100000
446800, t, 6.865532e-05, KEe, 93580.636381, MEe, 4.679031819e+00, E, -500.000000, NP, 20000 100000
446900, t, 6.867069e-05, KEe, 93574.213797, MEe, 4.678710690e+00, E, -500.000000, NP, 20000 100000
447000, t, 6.868606e-05, KEe, 93587.395577, MEe, 4.679369779e+00, E, -500.000000, NP, 20000 100000
447100, t, 6.870142e-05, KEe, 93587.354294, MEe, 4.679367715e+00, E, -500.000000, NP, 20000 100000
447200, t, 6.871679e-05, KEe, 93575.211888, MEe, 4.678760594e+00, E, -500.000000, NP, 20000 100000
447300, t, 6.873215e-05, KEe, 93562.590470, MEe, 4.678129523e+00, E, -500.000000, NP, 20000 100000
447400, t, 6.874752e-05, KEe, 93427.123628, MEe, 4.671356181e+00, E, -500.000000, NP, 20000 100000
447500, t, 6.876289e-05, KEe, 93680.968112, MEe, 4.684048406e+00, E, -500.000000, NP, 20000 100000
447600, t, 6.877825e-05, KEe, 93500.484136, MEe, 4.675024207e+00, E, -500.000000, NP, 20000 100000
447700, t, 6.879362e-05, KEe, 93372.742266, MEe, 4.668637113e+00, E, -500.000000, NP, 20000 100000
447800, t, 6.880898e-05, KEe, 93479.090920, MEe, 4.673954546e+00, E, -500.000000, NP, 20000 100000
447900, t, 6.882435e-05, KEe, 93429.839416, MEe, 4.671491971e+00, E, -500.000000, NP, 20000 100000
448000, t, 6.883972e-05, KEe, 93505.727798, MEe, 4.675286390e+00, E, -500.000000, NP, 20000 100000
448100, t, 6.885508e-05, KEe, 93460.718083, MEe, 4.673035904e+00, E, -500.000000, NP, 20000 100000
448200, t, 6.887045e-05, KEe, 93269.823599, MEe, 4.663491180e+00, E, -500.000000, NP, 20000 100000
448300, t, 6.888581e-05, KEe, 93309.991055, MEe, 4.665499553e+00, E, -500.000000, NP, 20000 100000
448400, t, 6.890118e-05, KEe, 93236.517712, MEe, 4.661825886e+00, E, -500.000000, NP, 20000 100000
448500, t, 6.891655e-05, KEe, 93337.300041, MEe, 4.666865002e+00, E, -500.000000, NP, 20000 100000
448600, t, 6.893191e-05, KEe, 93377.501406, MEe, 4.668875070e+00, E, -500.000000, NP, 20000 100000
448700, t, 6.894728e-05, KEe, 93252.543401, MEe, 4.662627170e+00, E, -500.000000, NP, 20000 100000
448800, t, 6.896264e-05, KEe, 93153.288316, MEe, 4.657664416e+00, E, -500.000000, NP, 20000 100000
448900, t, 6.897801e-05, KEe, 92916.316690, MEe, 4.645815834e+00, E, -500.000000, NP, 20000 100000
449000, t, 6.899338e-05, KEe, 93049.790458, MEe, 4.652489523e+00, E, -500.000000, NP, 20000 100000
449100, t, 6.900874e-05, KEe, 93217.041056, MEe, 4.660852053e+00, E, -500.000000, NP, 20000 100000
449200, t, 6.902411e-05, KEe, 93285.346628, MEe, 4.664267331e+00, E, -500.000000, NP, 20000 100000
449300, t, 6.903947e-05, KEe, 93201.622679, MEe, 4.660081134e+00, E, -500.000000, NP, 20000 100000
449400, t, 6.905484e-05, KEe, 93318.794776, MEe, 4.665939739e+00, E, -500.000000, NP, 20000 100000
449500, t, 6.907021e-05, KEe, 93382.168089, MEe, 4.669108404e+00, E, -500.000000, NP, 20000 100000
449600, t, 6.908557e-05, KEe, 93106.862021, MEe, 4.655343101e+00, E, -500.000000, NP, 20000 100000
449700, t, 6.910094e-05, KEe, 93079.983568, MEe, 4.653999178e+00, E, -500.000000, NP, 20000 100000
449800, t, 6.911630e-05, KEe, 93083.333586, MEe, 4.654166679e+00, E, -500.000000, NP, 20000 100000
449900, t, 6.913167e-05, KEe, 93421.928103, MEe, 4.671096405e+00, E, -500.000000, NP, 20000 100000
450000, t, 6.914704e-05, KEe, 93410.712132, MEe, 4.670535607e+00, E, -500.000000, NP, 20000 100000
450100, t, 6.916240e-05, KEe, 93581.570341, MEe, 4.679078517e+00, E, -500.000000, NP, 20000 100000
450200, t, 6.917777e-05, KEe, 93541.220543, MEe, 4.677061027e+00, E, -500.000000, NP, 20000 100000
450300, t, 6.919313e-05, KEe, 93435.671765, MEe, 4.671783588e+00, E, -500.000000, NP, 20000 100000
450400, t, 6.920850e-05, KEe, 93263.107838, MEe, 4.663155392e+00, E, -500.000000, NP, 20000 100000
450500, t, 6.922387e-05, KEe, 93242.067793, MEe, 4.662103390e+00, E, -500.000000, NP, 20000 100000
450600, t, 6.923923e-05, KEe, 93068.357828, MEe, 4.653417891e+00, E, -500.000000, NP, 20000 100000
450700, t, 6.925460e-05, KEe, 93093.488329, MEe, 4.654674416e+00, E, -500.000000, NP, 20000 100000
450800, t, 6.926996e-05, KEe, 93052.297066, MEe, 4.652614853e+00, E, -500.000000, NP, 20000 100000
450900, t, 6.928533e-05, KEe, 93060.148616, MEe, 4.653007431e+00, E, -500.000000, NP, 20000 100000
451000, t, 6.930070e-05, KEe, 93068.994813, MEe, 4.653449741e+00, E, -500.000000, NP, 20000 100000
451100, t, 6.931606e-05, KEe, 92924.253915, MEe, 4.646212696e+00, E, -500.000000, NP, 20000 100000
451200, t, 6.933143e-05, KEe, 92765.942827, MEe, 4.638297141e+00, E, -500.000000, NP, 20000 100000
451300, t, 6.934679e-05, KEe, 92902.261901, MEe, 4.645113095e+00, E, -500.000000, NP, 20000 100000
451400, t, 6.936216e-05, KEe, 92833.131615, MEe, 4.641656581e+00, E, -500.000000, NP, 20000 100000
451500, t, 6.937753e-05, KEe, 92855.531267, MEe, 4.642776563e+00, E, -500.000000, NP, 20000 100000
451600, t, 6.939289e-05, KEe, 93069.198402, MEe, 4.653459920e+00, E, -500.000000, NP, 20000 100000
451700, t, 6.940826e-05, KEe, 92861.093935, MEe, 4.643054697e+00, E, -500.000000, NP, 20000 100000
451800, t, 6.942362e-05, KEe, 92851.314696, MEe, 4.642565735e+00, E, -500.000000, NP, 20000 100000
451900, t, 6.943899e-05, KEe, 92674.542151, MEe, 4.633727108e+00, E, -500.000000, NP, 20000 100000
452000, t, 6.945436e-05, KEe, 92628.322262, MEe, 4.631416113e+00, E, -500.000000, NP, 20000 100000
452100, t, 6.946972e-05, KEe, 93065.599511, MEe, 4.653279976e+00, E, -500.000000, NP, 20000 100000
452200, t, 6.948509e-05, KEe, 92908.782365, MEe, 4.645439118e+00, E, -500.000000, NP, 20000 100000
452300, t, 6.950046e-05, KEe, 92777.953444, MEe, 4.638897672e+00, E, -500.000000, NP, 20000 100000
452400, t, 6.951582e-05, KEe, 92611.405521, MEe, 4.630570276e+00, E, -500.000000, NP, 20000 100000
452500, t, 6.953119e-05, KEe, 92674.250415, MEe, 4.633712521e+00, E, -500.000000, NP, 20000 100000
452600, t, 6.954655e-05, KEe, 92579.392867, MEe, 4.628969643e+00, E, -500.000000, NP, 20000 100000
452700, t, 6.956192e-05, KEe, 92639.233585, MEe, 4.631961679e+00, E, -500.000000, NP, 20000 100000
452800, t, 6.957729e-05, KEe, 92494.183151, MEe, 4.624709158e+00, E, -500.000000, NP, 20000 100000
452900, t, 6.959265e-05, KEe, 92360.604227, MEe, 4.618030211e+00, E, -500.000000, NP, 20000 100000
453000, t, 6.960802e-05, KEe, 92473.774224, MEe, 4.623688711e+00, E, -500.000000, NP, 20000 100000
453100, t, 6.962338e-05, KEe, 92643.777706, MEe, 4.632188885e+00, E, -500.000000, NP, 20000 100000
453200, t, 6.963875e-05, KEe, 92652.339813, MEe, 4.632616991e+00, E, -500.000000, NP, 20000 100000
453300, t, 6.965412e-05, KEe, 92696.611349, MEe, 4.634830567e+00, E, -500.000000, NP, 20000 100000
453400, t, 6.966948e-05, KEe, 92659.820592, MEe, 4.632991030e+00, E, -500.000000, NP, 20000 100000
453500, t, 6.968485e-05, KEe, 92577.588532, MEe, 4.628879427e+00, E, -500.000000, NP, 20000 100000
453600, t, 6.970021e-05, KEe, 92595.553351, MEe, 4.629777668e+00, E, -500.000000, NP, 20000 100000
453700, t, 6.971558e-05, KEe, 92626.250042, MEe, 4.631312502e+00, E, -500.000000, NP, 20000 100000
453800, t, 6.973095e-05, KEe, 92420.109311, MEe, 4.621005466e+00, E, -500.000000, NP, 20000 100000
453900, t, 6.974631e-05, KEe, 92427.980074, MEe, 4.621399004e+00, E, -500.000000, NP, 20000 100000
454000, t, 6.976168e-05, KEe, 92460.313035, MEe, 4.623015652e+00, E, -500.000000, NP, 20000 100000
454100, t, 6.977704e-05, KEe, 92667.165468, MEe, 4.633358273e+00, E, -500.000000, NP, 20000 100000
454200, t, 6.979241e-05, KEe, 92859.424475, MEe, 4.642971224e+00, E, -500.000000, NP, 20000 100000
454300, t, 6.980778e-05, KEe, 92960.995239, MEe, 4.648049762e+00, E, -500.000000, NP, 20000 100000
454400, t, 6.982314e-05, KEe, 92905.761968, MEe, 4.645288098e+00, E, -500.000000, NP, 20000 100000
454500, t, 6.983851e-05, KEe, 92899.454837, MEe, 4.644972742e+00, E, -500.000000, NP, 20000 100000
454600, t, 6.985387e-05, KEe, 93099.800665, MEe, 4.654990033e+00, E, -500.000000, NP, 20000 100000
454700, t, 6.986924e-05, KEe, 93018.524190, MEe, 4.650926210e+00, E, -500.000000, NP, 20000 100000
454800, t, 6.988461e-05, KEe, 92990.787458, MEe, 4.649539373e+00, E, -500.000000, NP, 20000 100000
454900, t, 6.989997e-05, KEe, 93137.303980, MEe, 4.656865199e+00, E, -500.000000, NP, 20000 100000
455000, t, 6.991534e-05, KEe, 93094.307760, MEe, 4.654715388e+00, E, -500.000000, NP, 20000 100000
455100, t, 6.993070e-05, KEe, 93305.913402, MEe, 4.665295670e+00, E, -500.000000, NP, 20000 100000
455200, t, 6.994607e-05, KEe, 93288.417300, MEe, 4.664420865e+00, E, -500.000000, NP, 20000 100000
455300, t, 6.996144e-05, KEe, 93311.599435, MEe, 4.665579972e+00, E, -500.000000, NP, 20000 100000
455400, t, 6.997680e-05, KEe, 93330.274782, MEe, 4.666513739e+00, E, -500.000000, NP, 20000 100000
455500, t, 6.999217e-05, KEe, 93296.767791, MEe, 4.664838390e+00, E, -500.000000, NP, 20000 100000
455600, t, 7.000753e-05, KEe, 93382.638403, MEe, 4.669131920e+00, E, -500.000000, NP, 20000 100000
455700, t, 7.002290e-05, KEe, 93572.700957, MEe, 4.678635048e+00, E, -500.000000, NP, 20000 100000
455800, t, 7.003827e-05, KEe, 93606.420560, MEe, 4.680321028e+00, E, -500.000000, NP, 20000 100000
455900, t, 7.005363e-05, KEe, 93600.960451, MEe, 4.680048023e+00, E, -500.000000, NP, 20000 100000
456000, t, 7.006900e-05, KEe, 93353.349757, MEe, 4.667667488e+00, E, -500.000000, NP, 20000 100000
456100, t, 7.008436e-05, KEe, 93200.235131, MEe, 4.660011757e+00, E, -500.000000, NP, 20000 100000
456200, t, 7.009973e-05, KEe, 93164.996508, MEe, 4.658249825e+00, E, -500.000000, NP, 20000 100000
456300, t, 7.011510e-05, KEe, 93262.162128, MEe, 4.663108106e+00, E, -500.000000, NP, 20000 100000
456400, t, 7.013046e-05, KEe, 93157.728932, MEe, 4.657886447e+00, E, -500.000000, NP, 20000 100000
456500, t, 7.014583e-05, KEe, 93096.976074, MEe, 4.654848804e+00, E, -500.000000, NP, 20000 100000
456600, t, 7.016119e-05, KEe, 93139.252016, MEe, 4.656962601e+00, E, -500.000000, NP, 20000 100000
456700, t, 7.017656e-05, KEe, 92948.650349, MEe, 4.647432517e+00, E, -500.000000, NP, 20000 100000
456800, t, 7.019193e-05, KEe, 93107.964828, MEe, 4.655398241e+00, E, -500.000000, NP, 20000 100000
456900, t, 7.020729e-05, KEe, 92946.822244, MEe, 4.647341112e+00, E, -500.000000, NP, 20000 100000
457000, t, 7.022266e-05, KEe, 93061.648357, MEe, 4.653082418e+00, E, -500.000000, NP, 20000 100000
457100, t, 7.023802e-05, KEe, 93091.702750, MEe, 4.654585137e+00, E, -500.000000, NP, 20000 100000
457200, t, 7.025339e-05, KEe, 93075.256256, MEe, 4.653762813e+00, E, -500.000000, NP, 20000 100000
457300, t, 7.026876e-05, KEe, 93197.392259, MEe, 4.659869613e+00, E, -500.000000, NP, 20000 100000
457400, t, 7.028412e-05, KEe, 93154.492367, MEe, 4.657724618e+00, E, -500.000000, NP, 20000 100000
457500, t, 7.029949e-05, KEe, 93216.143852, MEe, 4.660807193e+00, E, -500.000000, NP, 20000 100000
457600, t, 7.031485e-05, KEe, 93331.621625, MEe, 4.666581081e+00, E, -500.000000, NP, 20000 100000
457700, t, 7.033022e-05, KEe, 93603.947331, MEe, 4.680197367e+00, E, -500.000000, NP, 20000 100000
457800, t, 7.034559e-05, KEe, 93468.788462, MEe, 4.673439423e+00, E, -500.000000, NP, 20000 100000
457900, t, 7.036095e-05, KEe, 93357.261119, MEe, 4.667863056e+00, E, -500.000000, NP, 20000 100000
458000, t, 7.037632e-05, KEe, 93305.367195, MEe, 4.665268360e+00, E, -500.000000, NP, 20000 100000
458100, t, 7.039168e-05, KEe, 93432.377771, MEe, 4.671618889e+00, E, -500.000000, NP, 20000 100000
458200, t, 7.040705e-05, KEe, 93463.301919, MEe, 4.673165096e+00, E, -500.000000, NP, 20000 100000
458300, t, 7.042242e-05, KEe, 93476.305928, MEe, 4.673815296e+00, E, -500.000000, NP, 20000 100000
458400, t, 7.043778e-05, KEe, 93362.113119, MEe, 4.668105656e+00, E, -500.000000, NP, 20000 100000
458500, t, 7.045315e-05, KEe, 93246.564550, MEe, 4.662328227e+00, E, -500.000000, NP, 20000 100000
458600, t, 7.046851e-05, KEe, 93192.282955, MEe, 4.659614148e+00, E, -500.000000, NP, 20000 100000
458700, t, 7.048388e-05, KEe, 93300.915307, MEe, 4.665045765e+00, E, -500.000000, NP, 20000 100000
458800, t, 7.049925e-05, KEe, 93266.874007, MEe, 4.663343700e+00, E, -500.000000, NP, 20000 100000
458900, t, 7.051461e-05, KEe, 93040.755098, MEe, 4.652037755e+00, E, -500.000000, NP, 20000 100000
459000, t, 7.052998e-05, KEe, 92991.177190, MEe, 4.649558860e+00, E, -500.000000, NP, 20000 100000
459100, t, 7.054534e-05, KEe, 93037.830448, MEe, 4.651891522e+00, E, -500.000000, NP, 20000 100000
459200, t, 7.056071e-05, KEe, 93304.568163, MEe, 4.665228408e+00, E, -500.000000, NP, 20000 100000
459300, t, 7.057608e-05, KEe, 93070.742995, MEe, 4.653537150e+00, E, -500.000000, NP, 20000 100000
459400, t, 7.059144e-05, KEe, 93049.895487, MEe, 4.652494774e+00, E, -500.000000, NP, 20000 100000
459500, t, 7.060681e-05, KEe, 93136.051395, MEe, 4.656802570e+00, E, -500.000000, NP, 20000 100000
459600, t, 7.062217e-05, KEe, 93235.604023, MEe, 4.661780201e+00, E, -500.000000, NP, 20000 100000
459700, t, 7.063754e-05, KEe, 93400.180368, MEe, 4.670009018e+00, E, -500.000000, NP, 20000 100000
459800, t, 7.065291e-05, KEe, 93581.595121, MEe, 4.679079756e+00, E, -500.000000, NP, 20000 100000
459900, t, 7.066827e-05, KEe, 93456.500719, MEe, 4.672825036e+00, E, -500.000000, NP, 20000 100000
460000, t, 7.068364e-05, KEe, 93385.771510, MEe, 4.669288575e+00, E, -500.000000, NP, 20000 100000
460100, t, 7.069900e-05, KEe, 93255.632205, MEe, 4.662781610e+00, E, -500.000000, NP, 20000 100000
460200, t, 7.071437e-05, KEe, 93175.410666, MEe, 4.658770533e+00, E, -500.000000, NP, 20000 100000
460300, t, 7.072974e-05, KEe, 93405.302006, MEe, 4.670265100e+00, E, -500.000000, NP, 20000 100000
460400, t, 7.074510e-05, KEe, 93237.714234, MEe, 4.661885712e+00, E, -500.000000, NP, 20000 100000
460500, t, 7.076047e-05, KEe, 93195.775576, MEe, 4.659788779e+00, E, -500.000000, NP, 20000 100000
460600, t, 7.077583e-05, KEe, 93440.424220, MEe, 4.672021211e+00, E, -500.000000, NP, 20000 100000
460700, t, 7.079120e-05, KEe, 93250.737898, MEe, 4.662536895e+00, E, -500.000000, NP, 20000 100000
460800, t, 7.080657e-05, KEe, 93392.709236, MEe, 4.669635462e+00, E, -500.000000, NP, 20000 100000
460900, t, 7.082193e-05, KEe, 93357.625358, MEe, 4.667881268e+00, E, -500.000000, NP, 20000 100000
461000, t, 7.083730e-05, KEe, 93423.499315, MEe, 4.671174966e+00, E, -500.000000, NP, 20000 100000
461100, t, 7.085266e-05, KEe, 93438.995419, MEe, 4.671949771e+00, E, -500.000000, NP, 20000 100000
461200, t, 7.086803e-05, KEe, 93405.373973, MEe, 4.670268699e+00, E, -500.000000, NP, 20000 100000
461300, t, 7.088340e-05, KEe, 93197.228992, MEe, 4.659861450e+00, E, -500.000000, NP, 20000 100000
461400, t, 7.089876e-05, KEe, 93260.090272, MEe, 4.663004514e+00, E, -500.000000, NP, 20000 100000
461500, t, 7.091413e-05, KEe, 93026.122592, MEe, 4.651306130e+00, E, -500.000000, NP, 20000 100000
461600, t, 7.092949e-05, KEe, 93085.568006, MEe, 4.654278400e+00, E, -500.000000, NP, 20000 100000
461700, t, 7.094486e-05, KEe, 92788.245563, MEe, 4.639412278e+00, E, -500.000000, NP, 20000 100000
461800, t, 7.096023e-05, KEe, 92904.736081, MEe, 4.645236804e+00, E, -500.000000, NP, 20000 100000
461900, t, 7.097559e-05, KEe, 92940.730772, MEe, 4.647036539e+00, E, -500.000000, NP, 20000 100000
462000, t, 7.099096e-05, KEe, 93170.944853, MEe, 4.658547243e+00, E, -500.000000, NP, 20000 100000
462100, t, 7.100632e-05, KEe, 93445.605635, MEe, 4.672280282e+00, E, -500.000000, NP, 20000 100000
462200, t, 7.102169e-05, KEe, 93374.588608, MEe, 4.668729430e+00, E, -500.000000, NP, 20000 100000
462300, t, 7.103706e-05, KEe, 93529.424722, MEe, 4.676471236e+00, E, -500.000000, NP, 20000 100000
462400, t, 7.105242e-05, KEe, 93299.999212, MEe, 4.664999961e+00, E, -500.000000, NP, 20000 100000
462500, t, 7.106779e-05, KEe, 93407.965101, MEe, 4.670398255e+00, E, -500.000000, NP, 20000 100000
462600, t, 7.108315e-05, KEe, 93565.969298, MEe, 4.678298465e+00, E, -500.000000, NP, 20000 100000
462700, t, 7.109852e-05, KEe, 93727.728130, MEe, 4.686386406e+00, E, -500.000000, NP, 20000 100000
462800, t, 7.111389e-05, KEe, 93820.584483, MEe, 4.691029224e+00, E, -500.000000, NP, 20000 100000
462900, t, 7.112925e-05, KEe, 93860.133178, MEe, 4.693006659e+00, E, -500.000000, NP, 20000 100000
463000, t, 7.114462e-05, KEe, 93832.644768, MEe, 4.691632238e+00, E, -500.000000, NP, 20000 100000
463100, t, 7.115998e-05, KEe, 93601.200152, MEe, 4.680060008e+00, E, -500.000000, NP, 20000 100000
463200, t, 7.117535e-05, KEe, 93614.575493, MEe, 4.680728775e+00, E, -500.000000, NP, 20000 100000
463300, t, 7.119072e-05, KEe, 93702.049658, MEe, 4.685102483e+00, E, -500.000000, NP, 20000 100000
463400, t, 7.120608e-05, KEe, 93581.674166, MEe, 4.679083708e+00, E, -500.000000, NP, 20000 100000
463500, t, 7.122145e-05, KEe, 93600.100179, MEe, 4.680005009e+00, E, -500.000000, NP, 20000 100000
463600, t, 7.123681e-05, KEe, 93535.540457, MEe, 4.676777023e+00, E, -500.000000, NP, 20000 100000
463700, t, 7.125218e-05, KEe, 93581.323895, MEe, 4.679066195e+00, E, -500.000000, NP, 20000 100000
463800, t, 7.126755e-05, KEe, 93421.787769, MEe, 4.671089388e+00, E, -500.000000, NP, 20000 100000
463900, t, 7.128291e-05, KEe, 93526.530988, MEe, 4.676326549e+00, E, -500.000000, NP, 20000 100000
464000, t, 7.129828e-05, KEe, 93656.425466, MEe, 4.682821273e+00, E, -500.000000, NP, 20000 100000
464100, t, 7.131364e-05, KEe, 93574.896655, MEe, 4.678744833e+00, E, -500.000000, NP, 20000 100000
464200, t, 7.132901e-05, KEe, 93488.633329, MEe, 4.674431666e+00, E, -500.000000, NP, 20000 100000
464300, t, 7.134438e-05, KEe, 93594.632847, MEe, 4.679731642e+00, E, -500.000000, NP, 20000 100000
464400, t, 7.135974e-05, KEe, 93531.512685, MEe, 4.676575634e+00, E, -500.000000, NP, 20000 100000
464500, t, 7.137511e-05, KEe, 93508.966056, MEe, 4.675448303e+00, E, -500.000000, NP, 20000 100000
464600, t, 7.139047e-05, KEe, 93517.050901, MEe, 4.675852545e+00, E, -500.000000, NP, 20000 100000
464700, t, 7.140584e-05, KEe, 93658.509144, MEe, 4.682925457e+00, E, -500.000000, NP, 20000 100000
464800, t, 7.142121e-05, KEe, 93685.671910, MEe, 4.684283595e+00, E, -500.000000, NP, 20000 100000
464900, t, 7.143657e-05, KEe, 93665.915397, MEe, 4.683295770e+00, E, -500.000000, NP, 20000 100000
465000, t, 7.145194e-05, KEe, 93758.193261, MEe, 4.687909663e+00, E, -500.000000, NP, 20000 100000
465100, t, 7.146730e-05, KEe, 93759.321926, MEe, 4.687966096e+00, E, -500.000000, NP, 20000 100000
465200, t, 7.148267e-05, KEe, 93560.901101, MEe, 4.678045055e+00, E, -500.000000, NP, 20000 100000
465300, t, 7.149804e-05, KEe, 93597.315574, MEe, 4.679865779e+00, E, -500.000000, NP, 20000 100000
465400, t, 7.151340e-05, KEe, 93654.410253, MEe, 4.682720513e+00, E, -500.000000, NP, 20000 100000
465500, t, 7.152877e-05, KEe, 93497.204797, MEe, 4.674860240e+00, E, -500.000000, NP, 20000 100000
465600, t, 7.154413e-05, KEe, 93561.960990, MEe, 4.678098049e+00, E, -500.000000, NP, 20000 100000
465700, t, 7.155950e-05, KEe, 93579.865427, MEe, 4.678993271e+00, E, -500.000000, NP, 20000 100000
465800, t, 7.157487e-05, KEe, 93472.999095, MEe, 4.673649955e+00, E, -500.000000, NP, 20000 100000
465900, t, 7.159023e-05, KEe, 93392.424517, MEe, 4.669621226e+00, E, -500.000000, NP, 20000 100000
466000, t, 7.160560e-05, KEe, 93391.965896, MEe, 4.669598295e+00, E, -500.000000, NP, 20000 100000
466100, t, 7.162096e-05, KEe, 93427.261733, MEe, 4.671363087e+00, E, -500.000000, NP, 20000 100000
466200, t, 7.163633e-05, KEe, 93292.666146, MEe, 4.664633307e+00, E, -500.000000, NP, 20000 100000
466300, t, 7.165170e-05, KEe, 93219.023229, MEe, 4.660951161e+00, E, -500.000000, NP, 20000 100000
466400, t, 7.166706e-05, KEe, 93307.729426, MEe, 4.665386471e+00, E, -500.000000, NP, 20000 100000
466500, t, 7.168243e-05, KEe, 93234.057076, MEe, 4.661702854e+00, E, -500.000000, NP, 20000 100000
466600, t, 7.169779e-05, KEe, 93222.557619, MEe, 4.661127881e+00, E, -500.000000, NP, 20000 100000
466700, t, 7.171316e-05, KEe, 93378.199837, MEe, 4.668909992e+00, E, -500.000000, NP, 20000 100000
466800, t, 7.172853e-05, KEe, 93525.471579, MEe, 4.676273579e+00, E, -500.000000, NP, 20000 100000
466900, t, 7.174389e-05, KEe, 93532.122299, MEe, 4.676606115e+00, E, -500.000000, NP, 20000 100000
467000, t, 7.175926e-05, KEe, 93472.914095, MEe, 4.673645705e+00, E, -500.000000, NP, 20000 100000
467100, t, 7.177462e-05, KEe, 93703.269217, MEe, 4.685163461e+00, E, -500.000000, NP, 20000 100000
467200, t, 7.178999e-05, KEe, 93903.400514, MEe, 4.695170026e+00, E, -500.000000, NP, 20000 100000
467300, t, 7.180536e-05, KEe, 93920.515869, MEe, 4.696025793e+00, E, -500.000000, NP, 20000 100000
467400, t, 7.182072e-05, KEe, 93741.310799, MEe, 4.687065540e+00, E, -500.000000, NP, 20000 100000
467500, t, 7.183609e-05, KEe, 93701.712994, MEe, 4.685085650e+00, E, -500.000000, NP, 20000 100000
467600, t, 7.185145e-05, KEe, 93671.632743, MEe, 4.683581637e+00, E, -500.000000, NP, 20000 100000
467700, t, 7.186682e-05, KEe, 93669.732017, MEe, 4.683486601e+00, E, -500.000000, NP, 20000 100000
467800, t, 7.188219e-05, KEe, 93412.006248, MEe, 4.670600312e+00, E, -500.000000, NP, 20000 100000
467900, t, 7.189755e-05, KEe, 93546.104844, MEe, 4.677305242e+00, E, -500.000000, NP, 20000 100000
468000, t, 7.191292e-05, KEe, 93518.681539, MEe, 4.675934077e+00, E, -500.000000, NP, 20000 100000
468100, t, 7.192828e-05, KEe, 93717.503385, MEe, 4.685875169e+00, E, -500.000000, NP, 20000 100000
468200, t, 7.194365e-05, KEe, 93652.402004, MEe, 4.682620100e+00, E, -500.000000, NP, 20000 100000
468300, t, 7.195902e-05, KEe, 93773.003361, MEe, 4.688650168e+00, E, -500.000000, NP, 20000 100000
468400, t, 7.197438e-05, KEe, 93892.391209, MEe, 4.694619560e+00, E, -500.000000, NP, 20000 100000
468500, t, 7.198975e-05, KEe, 94221.513517, MEe, 4.711075676e+00, E, -500.000000, NP, 20000 100000
468600, t, 7.200511e-05, KEe, 94164.792828, MEe, 4.708239641e+00, E, -500.000000, NP, 20000 100000
468700, t, 7.202048e-05, KEe, 94477.941657, MEe, 4.723897083e+00, E, -500.000000, NP, 20000 100000
468800, t, 7.203585e-05, KEe, 94213.608138, MEe, 4.710680407e+00, E, -500.000000, NP, 20000 100000
468900, t, 7.205121e-05, KEe, 94333.590293, MEe, 4.716679515e+00, E, -500.000000, NP, 20000 100000
469000, t, 7.206658e-05, KEe, 94445.503977, MEe, 4.722275199e+00, E, -500.000000, NP, 20000 100000
469100, t, 7.208194e-05, KEe, 94501.427054, MEe, 4.725071353e+00, E, -500.000000, NP, 20000 100000
469200, t, 7.209731e-05, KEe, 94314.312313, MEe, 4.715715616e+00, E, -500.000000, NP, 20000 100000
469300, t, 7.211268e-05, KEe, 94373.441086, MEe, 4.718672054e+00, E, -500.000000, NP, 20000 100000
469400, t, 7.212804e-05, KEe, 94389.511566, MEe, 4.719475578e+00, E, -500.000000, NP, 20000 100000
469500, t, 7.214341e-05, KEe, 94283.148239, MEe, 4.714157412e+00, E, -500.000000, NP, 20000 100000
469600, t, 7.215877e-05, KEe, 94184.634597, MEe, 4.709231730e+00, E, -500.000000, NP, 20000 100000
469700, t, 7.217414e-05, KEe, 94235.033463, MEe, 4.711751673e+00, E, -500.000000, NP, 20000 100000
469800, t, 7.218951e-05, KEe, 94141.725099, MEe, 4.707086255e+00, E, -500.000000, NP, 20000 100000
469900, t, 7.220487e-05, KEe, 94048.637601, MEe, 4.702431880e+00, E, -500.000000, NP, 20000 100000
470000, t, 7.222024e-05, KEe, 94143.022634, MEe, 4.707151132e+00, E, -500.000000, NP, 20000 100000
470100, t, 7.223560e-05, KEe, 94205.197874, MEe, 4.710259894e+00, E, -500.000000, NP, 20000 100000
470200, t, 7.225097e-05, KEe, 94284.093816, MEe, 4.714204691e+00, E, -500.000000, NP, 20000 100000
470300, t, 7.226634e-05, KEe, 94218.187884, MEe, 4.710909394e+00, E, -500.000000, NP, 20000 100000
470400, t, 7.228170e-05, KEe, 94046.127620, MEe, 4.702306381e+00, E, -500.000000, NP, 20000 100000
470500, t, 7.229707e-05, KEe, 94115.649280, MEe, 4.705782464e+00, E, -500.000000, NP, 20000 100000
470600, t, 7.231243e-05, KEe, 94071.124020, MEe, 4.703556201e+00, E, -500.000000, NP, 20000 100000
470700, t, 7.232780e-05, KEe, 94174.302903, MEe, 4.708715145e+00, E, -500.000000, NP, 20000 100000
470800, t, 7.234317e-05, KEe, 94227.826907, MEe, 4.711391345e+00, E, -500.000000, NP, 20000 100000
470900, t, 7.235853e-05, KEe, 94222.645881, MEe, 4.711132294e+00, E, -500.000000, NP, 20000 100000
471000, t, 7.237390e-05, KEe, 94299.615845, MEe, 4.714980792e+00, E, -500.000000, NP, 20000 100000
471100, t, 7.238926e-05, KEe, 94182.015511, MEe, 4.709100776e+00, E, -500.000000, NP, 20000 100000
471200, t, 7.240463e-05, KEe, 94019.915733, MEe, 4.700995787e+00, E, -500.000000, NP, 20000 100000
471300, t, 7.242000e-05, KEe, 94015.152962, MEe, 4.700757648e+00, E, -500.000000, NP, 20000 100000
471400, t, 7.243536e-05, KEe, 93947.621187, MEe, 4.697381059e+00, E, -500.000000, NP, 20000 100000
471500, t, 7.245073e-05, KEe, 93952.608094, MEe, 4.697630405e+00, E, -500.000000, NP, 20000 100000
471600, t, 7.246609e-05, KEe, 93783.089926, MEe, 4.689154496e+00, E, -500.000000, NP, 20000 100000
471700, t, 7.248146e-05, KEe, 93805.301698, MEe, 4.690265085e+00, E, -500.000000, NP, 20000 100000
471800, t, 7.249683e-05, KEe, 93590.696333, MEe, 4.679534817e+00, E, -500.000000, NP, 20000 100000
471900, t, 7.251219e-05, KEe, 93520.717066, MEe, 4.676035853e+00, E, -500.000000, NP, 20000 100000
472000, t, 7.252756e-05, KEe, 93548.724255, MEe, 4.677436213e+00, E, -500.000000, NP, 20000 100000
472100, t, 7.254292e-05, KEe, 93610.648089, MEe, 4.680532404e+00, E, -500.000000, NP, 20000 100000
472200, t, 7.255829e-05, KEe, 93843.173863, MEe, 4.692158693e+00, E, -500.000000, NP, 20000 100000
472300, t, 7.257366e-05, KEe, 93997.508110, MEe, 4.699875405e+00, E, -500.000000, NP, 20000 100000
472400, t, 7.258902e-05, KEe, 93897.646314, MEe, 4.694882316e+00, E, -500.000000, NP, 20000 100000
472500, t, 7.260439e-05, KEe, 94077.380427, MEe, 4.703869021e+00, E, -500.000000, NP, 20000 100000
472600, t, 7.261975e-05, KEe, 94108.835623, MEe, 4.705441781e+00, E, -500.000000, NP, 20000 100000
472700, t, 7.263512e-05, KEe, 94122.889789, MEe, 4.706144489e+00, E, -500.000000, NP, 20000 100000
472800, t, 7.265049e-05, KEe, 94055.389878, MEe, 4.702769494e+00, E, -500.000000, NP, 20000 100000
472900, t, 7.266585e-05, KEe, 94252.986323, MEe, 4.712649316e+00, E, -500.000000, NP, 20000 100000
473000, t, 7.268122e-05, KEe, 94247.089329, MEe, 4.712354466e+00, E, -500.000000, NP, 20000 100000
473100, t, 7.269658e-05, KEe, 94164.256368, MEe, 4.708212818e+00, E, -500.000000, NP, 20000 100000
473200, t, 7.271195e-05, KEe, 94274.489735, MEe, 4.713724487e+00, E, -500.000000, NP, 20000 100000
473300, t, 7.272732e-05, KEe, 94219.695338, MEe, 4.710984767e+00, E, -500.000000, NP, 20000 100000
473400, t, 7.274268e-05, KEe, 94323.930472, MEe, 4.716196524e+00, E, -500.000000, NP, 20000 100000
473500, t, 7.275805e-05, KEe, 94197.960521, MEe, 4.709898026e+00, E, -500.000000, NP, 20000 100000
473600, t, 7.277341e-05, KEe, 94293.051973, MEe, 4.714652599e+00, E, -500.000000, NP, 20000 100000
473700, t, 7.278878e-05, KEe, 94299.809157, MEe, 4.714990458e+00, E, -500.000000, NP, 20000 100000
473800, t, 7.280415e-05, KEe, 94152.914225, MEe, 4.707645711e+00, E, -500.000000, NP, 20000 100000
473900, t, 7.281951e-05, KEe, 93819.365113, MEe, 4.690968256e+00, E, -500.000000, NP, 20000 100000
474000, t, 7.283488e-05, KEe, 93907.958785, MEe, 4.695397939e+00, E, -500.000000, NP, 20000 100000
474100, t, 7.285024e-05, KEe, 93843.493588, MEe, 4.692174679e+00, E, -500.000000, NP, 20000 100000
474200, t, 7.286561e-05, KEe, 93828.826812, MEe, 4.691441341e+00, E, -500.000000, NP, 20000 100000
474300, t, 7.288098e-05, KEe, 93799.746649, MEe, 4.689987332e+00, E, -500.000000, NP, 20000 100000
474400, t, 7.289634e-05, KEe, 93755.328085, MEe, 4.687766404e+00, E, -500.000000, NP, 20000 100000
474500, t, 7.291171e-05, KEe, 93657.446041, MEe, 4.682872302e+00, E, -500.000000, NP, 20000 100000
474600, t, 7.292707e-05, KEe, 93479.147442, MEe, 4.673957372e+00, E, -500.000000, NP, 20000 100000
474700, t, 7.294244e-05, KEe, 93521.775901, MEe, 4.676088795e+00, E, -500.000000, NP, 20000 100000
474800, t, 7.295781e-05, KEe, 93649.233187, MEe, 4.682461659e+00, E, -500.000000, NP, 20000 100000
474900, t, 7.297317e-05, KEe, 93601.630126, MEe, 4.680081506e+00, E, -500.000000, NP, 20000 100000
475000, t, 7.298854e-05, KEe, 93314.787305, MEe, 4.665739365e+00, E, -500.000000, NP, 20000 100000
475100, t, 7.300390e-05, KEe, 93240.090098, MEe, 4.662004505e+00, E, -500.000000, NP, 20000 100000
475200, t, 7.301927e-05, KEe, 93205.542947, MEe, 4.660277147e+00, E, -500.000000, NP, 20000 100000
475300, t, 7.303464e-05, KEe, 93418.667931, MEe, 4.670933397e+00, E, -500.000000, NP, 20000 100000
475400, t, 7.305000e-05, KEe, 93281.006443, MEe, 4.664050322e+00, E, -500.000000, NP, 20000 100000
475500, t, 7.306537e-05, KEe, 93293.504826, MEe, 4.664675241e+00, E, -500.000000, NP, 20000 100000
475600, t, 7.308073e-05, KEe, 93325.960710, MEe, 4.666298036e+00, E, -500.000000, NP, 20000 100000
475700, t, 7.309610e-05, KEe, 93390.731099, MEe, 4.669536555e+00, E, -500.000000, NP, 20000 100000
475800, t, 7.311147e-05, KEe, 93372.571000, MEe, 4.668628550e+00, E, -500.000000, NP, 20000 100000
475900, t, 7.312683e-05, KEe, 93635.676026, MEe, 4.681783801e+00, E, -500.000000, NP, 20000 100000
476000, t, 7.314220e-05, KEe, 93864.120922, MEe, 4.693206046e+00, E, -500.000000, NP, 20000 100000
476100, t, 7.315756e-05, KEe, 93921.637205, MEe, 4.696081860e+00, E, -500.000000, NP, 20000 100000
476200, t, 7.317293e-05, KEe, 93827.859690, MEe, 4.691392984e+00, E, -500.000000, NP, 20000 100000
476300, t, 7.318830e-05, KEe, 93835.540606, MEe, 4.691777030e+00, E, -500.000000, NP, 20000 100000
476400, t, 7.320366e-05, KEe, 93896.092785, MEe, 4.694804639e+00, E, -500.000000, NP, 20000 100000
476500, t, 7.321903e-05, KEe, 93915.471640, MEe, 4.695773582e+00, E, -500.000000, NP, 20000 100000
476600, t, 7.323440e-05, KEe, 93860.717630, MEe, 4.693035882e+00, E, -500.000000, NP, 20000 100000
476700, t, 7.324976e-05, KEe, 93859.930108, MEe, 4.692996505e+00, E, -500.000000, NP, 20000 100000
476800, t, 7.326513e-05, KEe, 93770.555669, MEe, 4.688527783e+00, E, -500.000000, NP, 20000 100000
476900, t, 7.328049e-05, KEe, 93783.707189, MEe, 4.689185359e+00, E, -500.000000, NP, 20000 100000
477000, t, 7.329586e-05, KEe, 93639.517130, MEe, 4.681975857e+00, E, -500.000000, NP, 20000 100000
477100, t, 7.331123e-05, KEe, 93711.528953, MEe, 4.685576448e+00, E, -500.000000, NP, 20000 100000
477200, t, 7.332659e-05, KEe, 93715.713104, MEe, 4.685785655e+00, E, -500.000000, NP, 20000 100000
477300, t, 7.334196e-05, KEe, 93604.420618, MEe, 4.680221031e+00, E, -500.000000, NP, 20000 100000
477400, t, 7.335732e-05, KEe, 93389.752805, MEe, 4.669487640e+00, E, -500.000000, NP, 20000 100000
477500, t, 7.337269e-05, KEe, 93616.173045, MEe, 4.680808652e+00, E, -500.000000, NP, 20000 100000
477600, t, 7.338806e-05, KEe, 93585.936150, MEe, 4.679296808e+00, E, -500.000000, NP, 20000 100000
477700, t, 7.340342e-05, KEe, 93664.682374, MEe, 4.683234119e+00, E, -500.000000, NP, 20000 100000
477800, t, 7.341879e-05, KEe, 93618.673508, MEe, 4.680933675e+00, E, -500.000000, NP, 20000 100000
477900, t, 7.343415e-05, KEe, 93366.978783, MEe, 4.668348939e+00, E, -500.000000, NP, 20000 100000
478000, t, 7.344952e-05, KEe, 93500.358121, MEe, 4.675017906e+00, E, -500.000000, NP, 20000 100000
478100, t, 7.346489e-05, KEe, 93615.704241, MEe, 4.680785212e+00, E, -500.000000, NP, 20000 100000
478200, t, 7.348025e-05, KEe, 93941.547387, MEe, 4.697077369e+00, E, -500.000000, NP, 20000 100000
478300, t, 7.349562e-05, KEe, 93914.994846, MEe, 4.695749742e+00, E, -500.000000, NP, 20000 100000
478400, t, 7.351098e-05, KEe, 93810.780049, MEe, 4.690539002e+00, E, -500.000000, NP, 20000 100000
478500, t, 7.352635e-05, KEe, 93579.073853, MEe, 4.678953693e+00, E, -500.000000, NP, 20000 100000
478600, t, 7.354172e-05, KEe, 93693.394155, MEe, 4.684669708e+00, E, -500.000000, NP, 20000 100000
478700, t, 7.355708e-05, KEe, 93586.464533, MEe, 4.679323227e+00, E, -500.000000, NP, 20000 100000
478800, t, 7.357245e-05, KEe, 93616.418315, MEe, 4.680820916e+00, E, -500.000000, NP, 20000 100000
478900, t, 7.358781e-05, KEe, 93727.344933, MEe, 4.686367247e+00, E, -500.000000, NP, 20000 100000
479000, t, 7.360318e-05, KEe, 93668.071540, MEe, 4.683403577e+00, E, -500.000000, NP, 20000 100000
479100, t, 7.361855e-05, KEe, 93624.847981, MEe, 4.681242399e+00, E, -500.000000, NP, 20000 100000
479200, t, 7.363391e-05, KEe, 93522.403551, MEe, 4.676120178e+00, E, -500.000000, NP, 20000 100000
479300, t, 7.364928e-05, KEe, 93431.436509, MEe, 4.671571825e+00, E, -500.000000, NP, 20000 100000
479400, t, 7.366464e-05, KEe, 93475.695361, MEe, 4.673784768e+00, E, -500.000000, NP, 20000 100000
479500, t, 7.368001e-05, KEe, 93501.993633, MEe, 4.675099682e+00, E, -500.000000, NP, 20000 100000
479600, t, 7.369538e-05, KEe, 93434.494993, MEe, 4.671724750e+00, E, -500.000000, NP, 20000 100000
479700, t, 7.371074e-05, KEe, 93473.263064, MEe, 4.673663153e+00, E, -500.000000, NP, 20000 100000
479800, t, 7.372611e-05, KEe, 93304.961056, MEe, 4.665248053e+00, E, -500.000000, NP, 20000 100000
479900, t, 7.374147e-05, KEe, 93435.424825, MEe, 4.671771241e+00, E, -500.000000, NP, 20000 100000
480000, t, 7.375684e-05, KEe, 93519.295810, MEe, 4.675964790e+00, E, -500.000000, NP, 20000 100000
480100, t, 7.377221e-05, KEe, 93492.737164, MEe, 4.674636858e+00, E, -500.000000, NP, 20000 100000
480200, t, 7.378757e-05, KEe, 93322.895308, MEe, 4.666144765e+00, E, -500.000000, NP, 20000 100000
480300, t, 7.380294e-05, KEe, 93197.612448, MEe, 4.659880622e+00, E, -500.000000, NP, 20000 100000
480400, t, 7.381830e-05, KEe, 93286.343076, MEe, 4.664317154e+00, E, -500.000000, NP, 20000 100000
480500, t, 7.383367e-05, KEe, 93190.644095, MEe, 4.659532205e+00, E, -500.000000, NP, 20000 100000
480600, t, 7.384904e-05, KEe, 93125.915266, MEe, 4.656295763e+00, E, -500.000000, NP, 20000 100000
480700, t, 7.386440e-05, KEe, 92976.058300, MEe, 4.648802915e+00, E, -500.000000, NP, 20000 100000
480800, t, 7.387977e-05, KEe, 92829.089381, MEe, 4.641454469e+00, E, -500.000000, NP, 20000 100000
480900, t, 7.389513e-05, KEe, 92981.240352, MEe, 4.649062018e+00, E, -500.000000, NP, 20000 100000
481000, t, 7.391050e-05, KEe, 92834.794456, MEe, 4.641739723e+00, E, -500.000000, NP, 20000 100000
481100, t, 7.392587e-05, KEe, 92829.182950, MEe, 4.641459148e+00, E, -500.000000, NP, 20000 100000
481200, t, 7.394123e-05, KEe, 92993.853766, MEe, 4.649692688e+00, E, -500.000000, NP, 20000 100000
481300, t, 7.395660e-05, KEe, 93000.290112, MEe, 4.650014506e+00, E, -500.000000, NP, 20000 100000
481400, t, 7.397196e-05, KEe, 93037.452980, MEe, 4.651872649e+00, E, -500.000000, NP, 20000 100000
481500, t, 7.398733e-05, KEe, 93058.274796, MEe, 4.652913740e+00, E, -500.000000, NP, 20000 100000
481600, t, 7.400270e-05, KEe, 93168.046944, MEe, 4.658402347e+00, E, -500.000000, NP, 20000 100000
481700, t, 7.401806e-05, KEe, 93163.308598, MEe, 4.658165430e+00, E, -500.000000, NP, 20000 100000
481800, t, 7.403343e-05, KEe, 93371.018525, MEe, 4.668550926e+00, E, -500.000000, NP, 20000 100000
481900, t, 7.404879e-05, KEe, 93432.896584, MEe, 4.671644829e+00, E, -500.000000, NP, 20000 100000
482000, t, 7.406416e-05, KEe, 93458.673477, MEe, 4.672933674e+00, E, -500.000000, NP, 20000 100000
482100, t, 7.407953e-05, KEe, 93411.131911, MEe, 4.670556596e+00, E, -500.000000, NP, 20000 100000
482200, t, 7.409489e-05, KEe, 93353.744117, MEe, 4.667687206e+00, E, -500.000000, NP, 20000 100000
482300, t, 7.411026e-05, KEe, 93207.550000, MEe, 4.660377500e+00, E, -500.000000, NP, 20000 100000
482400, t, 7.412562e-05, KEe, 93245.082375, MEe, 4.662254119e+00, E, -500.000000, NP, 20000 100000
482500, t, 7.414099e-05, KEe, 93314.003588, MEe, 4.665700179e+00, E, -500.000000, NP, 20000 100000
482600, t, 7.415636e-05, KEe, 93440.049324, MEe, 4.672002466e+00, E, -500.000000, NP, 20000 100000
482700, t, 7.417172e-05, KEe, 93340.156656, MEe, 4.667007833e+00, E, -500.000000, NP, 20000 100000
482800, t, 7.418709e-05, KEe, 93365.213990, MEe, 4.668260699e+00, E, -500.000000, NP, 20000 100000
482900, t, 7.420245e-05, KEe, 93372.717377, MEe, 4.668635869e+00, E, -500.000000, NP, 20000 100000
483000, t, 7.421782e-05, KEe, 93152.616195, MEe, 4.657630810e+00, E, -500.000000, NP, 20000 100000
483100, t, 7.423319e-05, KEe, 93070.868289, MEe, 4.653543414e+00, E, -500.000000, NP, 20000 100000
483200, t, 7.424855e-05, KEe, 93159.680010, MEe, 4.657984000e+00, E, -500.000000, NP, 20000 100000
483300, t, 7.426392e-05, KEe, 93210.162924, MEe, 4.660508146e+00, E, -500.000000, NP, 20000 100000
483400, t, 7.427928e-05, KEe, 93181.024700, MEe, 4.659051235e+00, E, -500.000000, NP, 20000 100000
483500, t, 7.429465e-05, KEe, 93253.963801, MEe, 4.662698190e+00, E, -500.000000, NP, 20000 100000
483600, t, 7.431002e-05, KEe, 93210.824504, MEe, 4.660541225e+00, E, -500.000000, NP, 20000 100000
483700, t, 7.432538e-05, KEe, 93227.616313, MEe, 4.661380816e+00, E, -500.000000, NP, 20000 100000
483800, t, 7.434075e-05, KEe, 93164.060463, MEe, 4.658203023e+00, E, -500.000000, NP, 20000 100000
483900, t, 7.435611e-05, KEe, 92887.245774, MEe, 4.644362289e+00, E, -500.000000, NP, 20000 100000
484000, t, 7.437148e-05, KEe, 92920.071023, MEe, 4.646003551e+00, E, -500.000000, NP, 20000 100000
484100, t, 7.438685e-05, KEe, 92868.170276, MEe, 4.643408514e+00, E, -500.000000, NP, 20000 100000
484200, t, 7.440221e-05, KEe, 93161.549729, MEe, 4.658077486e+00, E, -500.000000, NP, 20000 100000
484300, t, 7.441758e-05, KEe, 93285.234979, MEe, 4.664261749e+00, E, -500.000000, NP, 20000 100000
484400, t, 7.443294e-05, KEe, 93121.125921, MEe, 4.656056296e+00, E, -500.000000, NP, 20000 100000
484500, t, 7.444831e-05, KEe, 93052.611779, MEe, 4.652630589e+00, E, -500.000000, NP, 20000 100000
484600, t, 7.446368e-05, KEe, 92917.630888, MEe, 4.645881544e+00, E, -500.000000, NP, 20000 100000
484700, t, 7.447904e-05, KEe, 92893.471332, MEe, 4.644673567e+00, E, -500.000000, NP, 20000 100000
484800, t, 7.449441e-05, KEe, 93255.970439, MEe, 4.662798522e+00, E, -500.000000, NP, 20000 100000
484900, t, 7.450977e-05, KEe, 93393.965143, MEe, 4.669698257e+00, E, -500.000000, NP, 20000 100000
485000, t, 7.452514e-05, KEe, 93418.660840, MEe, 4.670933042e+00, E, -500.000000, NP, 20000 100000
485100, t, 7.454051e-05, KEe, 93550.249507, MEe, 4.677512475e+00, E, -500.000000, NP, 20000 100000
485200, t, 7.455587e-05, KEe, 93797.571202, MEe, 4.689878560e+00, E, -500.000000, NP, 20000 100000
485300, t, 7.457124e-05, KEe, 93757.587842, MEe, 4.687879392e+00, E, -500.000000, NP, 20000 100000
485400, t, 7.458660e-05, KEe, 93706.938451, MEe, 4.685346923e+00, E, -500.000000, NP, 20000 100000
485500, t, 7.460197e-05, KEe, 93622.605935, MEe, 4.681130297e+00, E, -500.000000, NP, 20000 100000
485600, t, 7.461734e-05, KEe, 93638.528271, MEe, 4.681926414e+00, E, -500.000000, NP, 20000 100000
485700, t, 7.463270e-05, KEe, 93704.870883, MEe, 4.685243544e+00, E, -500.000000, NP, 20000 100000
485800, t, 7.464807e-05, KEe, 93779.025369, MEe, 4.688951268e+00, E, -500.000000, NP, 20000 100000
485900, t, 7.466343e-05, KEe, 93558.627404, MEe, 4.677931370e+00, E, -500.000000, NP, 20000 100000
486000, t, 7.467880e-05, KEe, 93525.197865, MEe, 4.676259893e+00, E, -500.000000, NP, 20000 100000
486100, t, 7.469417e-05, KEe, 93595.871922, MEe, 4.679793596e+00, E, -500.000000, NP, 20000 100000
486200, t, 7.470953e-05, KEe, 93342.699491, MEe, 4.667134975e+00, E, -500.000000, NP, 20000 100000
486300, t, 7.472490e-05, KEe, 93442.093585, MEe, 4.672104679e+00, E, -500.000000, NP, 20000 100000
486400, t, 7.474026e-05, KEe, 93499.687699, MEe, 4.674984385e+00, E, -500.000000, NP, 20000 100000
486500, t, 7.475563e-05, KEe, 93372.123030, MEe, 4.668606152e+00, E, -500.000000, NP, 20000 100000
486600, t, 7.477100e-05, KEe, 93562.013084, MEe, 4.678100654e+00, E, -500.000000, NP, 20000 100000
486700, t, 7.478636e-05, KEe, 93449.902417, MEe, 4.672495121e+00, E, -500.000000, NP, 20000 100000
486800, t, 7.480173e-05, KEe, 93418.469803, MEe, 4.670923490e+00, E, -500.000000, NP, 20000 100000
486900, t, 7.481709e-05, KEe, 93187.734388, MEe, 4.659386719e+00, E, -500.000000, NP, 20000 100000
487000, t, 7.483246e-05, KEe, 93368.994264, MEe, 4.668449713e+00, E, -500.000000, NP, 20000 100000
487100, t, 7.484783e-05, KEe, 93495.966980, MEe, 4.674798349e+00, E, -500.000000, NP, 20000 100000
487200, t, 7.486319e-05, KEe, 93346.581842, MEe, 4.667329092e+00, E, -500.000000, NP, 20000 100000
487300, t, 7.487856e-05, KEe, 93242.383055, MEe, 4.662119153e+00, E, -500.000000, NP, 20000 100000
487400, t, 7.489392e-05, KEe, 93201.358048, MEe, 4.660067902e+00, E, -500.000000, NP, 20000 100000
487500, t, 7.490929e-05, KEe, 93368.516605, MEe, 4.668425830e+00, E, -500.000000, NP, 20000 100000
487600, t, 7.492466e-05, KEe, 93441.303556, MEe, 4.672065178e+00, E, -500.000000, NP, 20000 100000
487700, t, 7.494002e-05, KEe, 93497.293099, MEe, 4.674864655e+00, E, -500.000000, NP, 20000 100000
487800, t, 7.495539e-05, KEe, 93632.090613, MEe, 4.681604531e+00, E, -500.000000, NP, 20000 100000
487900, t, 7.497075e-05, KEe, 93610.017332, MEe, 4.680500867e+00, E, -500.000000, NP, 20000 100000
488000, t, 7.498612e-05, KEe, 93506.547805, MEe, 4.675327390e+00, E, -500.000000, NP, 20000 100000
488100, t, 7.500149e-05, KEe, 93732.580961, MEe, 4.686629048e+00, E, -500.000000, NP, 20000 100000
488200, t, 7.501685e-05, KEe, 93839.852337, MEe, 4.691992617e+00, E, -500.000000, NP, 20000 100000
488300, t, 7.503222e-05, KEe, 94050.337025, MEe, 4.702516851e+00, E, -500.000000, NP, 20000 100000
488400, t, 7.504758e-05, KEe, 93921.817998, MEe, 4.696090900e+00, E, -500.000000, NP, 20000 100000
488500, t, 7.506295e-05, KEe, 93833.608278, MEe, 4.691680414e+00, E, -500.000000, NP, 20000 100000
488600, t, 7.507832e-05, KEe, 93908.893544, MEe, 4.695444677e+00, E, -500.000000, NP, 20000 100000
488700, t, 7.509368e-05, KEe, 93932.447208, MEe, 4.696622360e+00, E, -500.000000, NP, 20000 100000
488800, t, 7.510905e-05, KEe, 94174.126405, MEe, 4.708706320e+00, E, -500.000000, NP, 20000 100000
488900, t, 7.512441e-05, KEe, 94089.838291, MEe, 4.704491915e+00, E, -500.000000, NP, 20000 100000
489000, t, 7.513978e-05, KEe, 94254.708195, MEe, 4.712735410e+00, E, -500.000000, NP, 20000 100000
489100, t, 7.515515e-05, KEe, 94159.084734, MEe, 4.707954237e+00, E, -500.000000, NP, 20000 100000
489200, t, 7.517051e-05, KEe, 94248.905831, MEe, 4.712445292e+00, E, -500.000000, NP, 20000 100000
489300, t, 7.518588e-05, KEe, 94234.067603, MEe, 4.711703380e+00, E, -500.000000, NP, 20000 100000
489400, t, 7.520124e-05, KEe, 94052.982808, MEe, 4.702649140e+00, E, -500.000000, NP, 20000 100000
489500, t, 7.521661e-05, KEe, 93768.647938, MEe, 4.688432397e+00, E, -500.000000, NP, 20000 100000
489600, t, 7.523198e-05, KEe, 93817.959083, MEe, 4.690897954e+00, E, -500.000000, NP, 20000 100000
489700, t, 7.524734e-05, KEe, 93840.034163, MEe, 4.692001708e+00, E, -500.000000, NP, 20000 100000
489800, t, 7.526271e-05, KEe, 93668.663938, MEe, 4.683433197e+00, E, -500.000000, NP, 20000 100000
489900, t, 7.527807e-05, KEe, 93931.641559, MEe, 4.696582078e+00, E, -500.000000, NP, 20000 100000
490000, t, 7.529344e-05, KEe, 93761.576490, MEe, 4.688078824e+00, E, -500.000000, NP, 20000 100000
490100, t, 7.530881e-05, KEe, 93782.558493, MEe, 4.689127925e+00, E, -500.000000, NP, 20000 100000
490200, t, 7.532417e-05, KEe, 93811.220560, MEe, 4.690561028e+00, E, -500.000000, NP, 20000 100000
490300, t, 7.533954e-05, KEe, 93868.591909, MEe, 4.693429595e+00, E, -500.000000, NP, 20000 100000
490400, t, 7.535490e-05, KEe, 93901.041927, MEe, 4.695052096e+00, E, -500.000000, NP, 20000 100000
490500, t, 7.537027e-05, KEe, 93855.320683, MEe, 4.692766034e+00, E, -500.000000, NP, 20000 100000
490600, t, 7.538564e-05, KEe, 93919.031288, MEe, 4.695951564e+00, E, -500.000000, NP, 20000 100000
490700, t, 7.540100e-05, KEe, 93753.880318, MEe, 4.687694016e+00, E, -500.000000, NP, 20000 100000
490800, t, 7.541637e-05, KEe, 93545.593386, MEe, 4.677279669e+00, E, -500.000000, NP, 20000 100000
490900, t, 7.543173e-05, KEe, 93701.612538, MEe, 4.685080627e+00, E, -500.000000, NP, 20000 100000
491000, t, 7.544710e-05, KEe, 93825.694305, MEe, 4.691284715e+00, E, -500.000000, NP, 20000 100000
491100, t, 7.546247e-05, KEe, 93745.872345, MEe, 4.687293617e+00, E, -500.000000, NP, 20000 100000
491200, t, 7.547783e-05, KEe, 93709.727079, MEe, 4.685486354e+00, E, -500.000000, NP, 20000 100000
491300, t, 7.549320e-05, KEe, 93716.704178, MEe, 4.685835209e+00, E, -500.000000, NP, 20000 100000
491400, t, 7.550856e-05, KEe, 93824.910572, MEe, 4.691245529e+00, E, -500.000000, NP, 20000 100000
491500, t, 7.552393e-05, KEe, 93698.509732, MEe, 4.684925487e+00, E, -500.000000, NP, 20000 100000
491600, t, 7.553930e-05, KEe, 93740.095832, MEe, 4.687004792e+00, E, -500.000000, NP, 20000 100000
491700, t, 7.555466e-05, KEe, 93536.029690, MEe, 4.676801484e+00, E, -500.000000, NP, 20000 100000
491800, t, 7.557003e-05, KEe, 93435.623273, MEe, 4.671781164e+00, E, -500.000000, NP, 20000 100000
491900, t, 7.558539e-05, KEe, 93448.836488, MEe, 4.672441824e+00, E, -500.000000, NP, 20000 100000
492000, t, 7.560076e-05, KEe, 93339.829897, MEe, 4.666991495e+00, E, -500.000000, NP, 20000 100000
492100, t, 7.561613e-05, KEe, 93647.027903, MEe, 4.682351395e+00, E, -500.000000, NP, 20000 100000
492200, t, 7.563149e-05, KEe, 93755.130321, MEe, 4.687756516e+00, E, -500.000000, NP, 20000 100000
492300, t, 7.564686e-05, KEe, 93559.663527, MEe, 4.677983176e+00, E, -500.000000, NP, 20000 100000
492400, t, 7.566222e-05, KEe, 93435.266234, MEe, 4.671763312e+00, E, -500.000000, NP, 20000 100000
492500, t, 7.567759e-05, KEe, 93340.242992, MEe, 4.667012150e+00, E, -500.000000, NP, 20000 100000
492600, t, 7.569296e-05, KEe, 93446.248162, MEe, 4.672312408e+00, E, -500.000000, NP, 20000 100000
492700, t, 7.570832e-05, KEe, 93552.774686, MEe, 4.677638734e+00, E, -500.000000, NP, 20000 100000
492800, t, 7.572369e-05, KEe, 93548.164122, MEe, 4.677408206e+00, E, -500.000000, NP, 20000 100000
492900, t, 7.573905e-05, KEe, 93376.326080, MEe, 4.668816304e+00, E, -500.000000, NP, 20000 100000
493000, t, 7.575442e-05, KEe, 93173.917058, MEe, 4.658695853e+00, E, -500.000000, NP, 20000 100000
493100, t, 7.576979e-05, KEe, 93194.288926, MEe, 4.659714446e+00, E, -500.000000, NP, 20000 100000
493200, t, 7.578515e-05, KEe, 93092.365793, MEe, 4.654618290e+00, E, -500.000000, NP, 20000 100000
493300, t, 7.580052e-05, KEe, 93142.157941, MEe, 4.657107897e+00, E, -500.000000, NP, 20000 100000
493400, t, 7.581588e-05, KEe, 93310.272398, MEe, 4.665513620e+00, E, -500.000000, NP, 20000 100000
493500, t, 7.583125e-05, KEe, 93112.860491, MEe, 4.655643025e+00, E, -500.000000, NP, 20000 100000
493600, t, 7.584662e-05, KEe, 92958.279514, MEe, 4.647913976e+00, E, -500.000000, NP, 20000 100000
493700, t, 7.586198e-05, KEe, 93069.215805, MEe, 4.653460790e+00, E, -500.000000, NP, 20000 100000
493800, t, 7.587735e-05, KEe, 93136.022473, MEe, 4.656801124e+00, E, -500.000000, NP, 20000 100000
493900, t, 7.589271e-05, KEe, 93180.802094, MEe, 4.659040105e+00, E, -500.000000, NP, 20000 100000
494000, t, 7.590808e-05, KEe, 93105.301917, MEe, 4.655265096e+00, E, -500.000000, NP, 20000 100000
494100, t, 7.592345e-05, KEe, 93329.962527, MEe, 4.666498126e+00, E, -500.000000, NP, 20000 100000
494200, t, 7.593881e-05, KEe, 93426.858761, MEe, 4.671342938e+00, E, -500.000000, NP, 20000 100000
494300, t, 7.595418e-05, KEe, 93492.216413, MEe, 4.674610821e+00, E, -500.000000, NP, 20000 100000
494400, t, 7.596954e-05, KEe, 93389.120422, MEe, 4.669456021e+00, E, -500.000000, NP, 20000 100000
494500, t, 7.598491e-05, KEe, 93458.987463, MEe, 4.672949373e+00, E, -500.000000, NP, 20000 100000
494600, t, 7.600028e-05, KEe, 93431.699861, MEe, 4.671584993e+00, E, -500.000000, NP, 20000 100000
494700, t, 7.601564e-05, KEe, 93367.117236, MEe, 4.668355862e+00, E, -500.000000, NP, 20000 100000
494800, t, 7.603101e-05, KEe, 93490.061644, MEe, 4.674503082e+00, E, -500.000000, NP, 20000 100000
494900, t, 7.604637e-05, KEe, 93576.815787, MEe, 4.678840789e+00, E, -500.000000, NP, 20000 100000
495000, t, 7.606174e-05, KEe, 93541.107368, MEe, 4.677055368e+00, E, -500.000000, NP, 20000 100000
495100, t, 7.607711e-05, KEe, 93757.415862, MEe, 4.687870793e+00, E, -500.000000, NP, 20000 100000
495200, t, 7.609247e-05, KEe, 93714.331980, MEe, 4.685716599e+00, E, -500.000000, NP, 20000 100000
495300, t, 7.610784e-05, KEe, 93782.637367, MEe, 4.689131868e+00, E, -500.000000, NP, 20000 100000
495400, t, 7.612320e-05, KEe, 93841.905543, MEe, 4.692095277e+00, E, -500.000000, NP, 20000 100000
495500, t, 7.613857e-05, KEe, 93811.311999, MEe, 4.690565600e+00, E, -500.000000, NP, 20000 100000
495600, t, 7.615394e-05, KEe, 93771.126292, MEe, 4.688556315e+00, E, -500.000000, NP, 20000 100000
495700, t, 7.616930e-05, KEe, 93826.356786, MEe, 4.691317839e+00, E, -500.000000, NP, 20000 100000
495800, t, 7.618467e-05, KEe, 93907.973218, MEe, 4.695398661e+00, E, -500.000000, NP, 20000 100000
495900, t, 7.620003e-05, KEe, 93740.931598, MEe, 4.687046580e+00, E, -500.000000, NP, 20000 100000
496000, t, 7.621540e-05, KEe, 93624.388174, MEe, 4.681219409e+00, E, -500.000000, NP, 20000 100000
496100, t, 7.623077e-05, KEe, 93530.517406, MEe, 4.676525870e+00, E, -500.000000, NP, 20000 100000
496200, t, 7.624613e-05, KEe, 93618.945386, MEe, 4.680947269e+00, E, -500.000000, NP, 20000 100000
496300, t, 7.626150e-05, KEe, 93484.418238, MEe, 4.674220912e+00, E, -500.000000, NP, 20000 100000
496400, t, 7.627686e-05, KEe, 93228.899508, MEe, 4.661444975e+00, E, -500.000000, NP, 20000 100000
496500, t, 7.629223e-05, KEe, 93056.666974, MEe, 4.652833349e+00, E, -500.000000, NP, 20000 100000
496600, t, 7.630760e-05, KEe, 93107.130534, MEe, 4.655356527e+00, E, -500.000000, NP, 20000 100000
496700, t, 7.632296e-05, KEe, 92886.727712, MEe, 4.644336386e+00, E, -500.000000, NP, 20000 100000
496800, t, 7.633833e-05, KEe, 93008.294149, MEe, 4.650414707e+00, E, -500.000000, NP, 20000 100000
496900, t, 7.635369e-05, KEe, 93242.824410, MEe, 4.662141220e+00, E, -500.000000, NP, 20000 100000
497000, t, 7.636906e-05, KEe, 93105.059206, MEe, 4.655252960e+00, E, -500.000000, NP, 20000 100000
497100, t, 7.638443e-05, KEe, 93073.026363, MEe, 4.653651318e+00, E, -500.000000, NP, 20000 100000
497200, t, 7.639979e-05, KEe, 93161.837028, MEe, 4.658091851e+00, E, -500.000000, NP, 20000 100000
497300, t, 7.641516e-05, KEe, 93436.624266, MEe, 4.671831213e+00, E, -500.000000, NP, 20000 100000
497400, t, 7.643052e-05, KEe, 93486.442504, MEe, 4.674322125e+00, E, -500.000000, NP, 20000 100000
497500, t, 7.644589e-05, KEe, 93434.698377, MEe, 4.671734919e+00, E, -500.000000, NP, 20000 100000
497600, t, 7.646126e-05, KEe, 93352.767277, MEe, 4.667638364e+00, E, -500.000000, NP, 20000 100000
497700, t, 7.647662e-05, KEe, 93213.220685, MEe, 4.660661034e+00, E, -500.000000, NP, 20000 100000
497800, t, 7.649199e-05, KEe, 93149.969007, MEe, 4.657498450e+00, E, -500.000000, NP, 20000 100000
497900, t, 7.650735e-05, KEe, 93052.631540, MEe, 4.652631577e+00, E, -500.000000, NP, 20000 100000
498000, t, 7.652272e-05, KEe, 93013.712854, MEe, 4.650685643e+00, E, -500.000000, NP, 20000 100000
498100, t, 7.653809e-05, KEe, 92954.143575, MEe, 4.647707179e+00, E, -500.000000, NP, 20000 100000
498200, t, 7.655345e-05, KEe, 93197.487801, MEe, 4.659874390e+00, E, -500.000000, NP, 20000 100000
498300, t, 7.656882e-05, KEe, 92942.526053, MEe, 4.647126303e+00, E, -500.000000, NP, 20000 100000
498400, t, 7.658418e-05, KEe, 92980.756374, MEe, 4.649037819e+00, E, -500.000000, NP, 20000 100000
498500, t, 7.659955e-05, KEe, 93193.265581, MEe, 4.659663279e+00, E, -500.000000, NP, 20000 100000
498600, t, 7.661492e-05, KEe, 93166.867059, MEe, 4.658343353e+00, E, -500.000000, NP, 20000 100000
498700, t, 7.663028e-05, KEe, 93169.547029, MEe, 4.658477351e+00, E, -500.000000, NP, 20000 100000
498800, t, 7.664565e-05, KEe, 93185.843262, MEe, 4.659292163e+00, E, -500.000000, NP, 20000 100000
498900, t, 7.666101e-05, KEe, 92983.238297, MEe, 4.649161915e+00, E, -500.000000, NP, 20000 100000
499000, t, 7.667638e-05, KEe, 93127.421444, MEe, 4.656371072e+00, E, -500.000000, NP, 20000 100000
499100, t, 7.669175e-05, KEe, 93236.524946, MEe, 4.661826247e+00, E, -500.000000, NP, 20000 100000
499200, t, 7.670711e-05, KEe, 93264.645736, MEe, 4.663232287e+00, E, -500.000000, NP, 20000 100000
499300, t, 7.672248e-05, KEe, 93283.059606, MEe, 4.664152980e+00, E, -500.000000, NP, 20000 100000
499400, t, 7.673784e-05, KEe, 93378.412621, MEe, 4.668920631e+00, E, -500.000000, NP, 20000 100000
499500, t, 7.675321e-05, KEe, 93347.868895, MEe, 4.667393445e+00, E, -500.000000, NP, 20000 100000
499600, t, 7.676858e-05, KEe, 93356.219438, MEe, 4.667810972e+00, E, -500.000000, NP, 20000 100000
499700, t, 7.678394e-05, KEe, 93518.126337, MEe, 4.675906317e+00, E, -500.000000, NP, 20000 100000
499800, t, 7.679931e-05, KEe, 93434.857307, MEe, 4.671742865e+00, E, -500.000000, NP, 20000 100000
499900, t, 7.681467e-05, KEe, 93608.651008, MEe, 4.680432550e+00, E, -500.000000, NP, 20000 100000
500000, t, 7.683004e-05, KEe, 93684.579692, MEe, 4.684228985e+00, E, -500.000000, NP, 20000 100000
