t,Ki,Mi,Ni,Vxi,Vyi,Vzi,Txi,Tyi,Tzi,Rxi,Ryi,Rzi,XX,YY,ZZ,XY,XZ,YZ,XVX,XVY,XVZ,YVX,YVY,YVZ,ZVX,ZVY,ZVZ,step,KEe,MEe,E,NP,L,SP,TP,VV,QP,MP,NS,VS,DT,ET,B,FV,EX,MEM,SE,OS,CR,LV,Ered,Bred,gas_index,duration,NN,pct_ion,Nmin,EP_0,DE,autostep,pc_scale,indeck,vdf_init,downsample,n,analytic_cs,nsamples,mix_thresh,fixed_background,eadf,ECS,egen,eesd,directory,n_gas,mobN,k_i,k_tot,k_1,k_2,k_3,k_4,k_5,k_6,k_7,k_8,k_9,k_10,k_11,k_12,k_13,k_14,k_15,k_16,k_17,k_18,k_19,k_20,k_21,k_22,k_23,k_24,k_25,k_26,k_27,k_28,k_29,k_30,k_31,k_32,k_33,D_XX_bulk,D_XX,D_YY_bulk,D_YY,D_ZZ_bulk,D_ZZ,D_H_bulk,D_H,Wz,mobN_bulk,a_n_bulk,a_n
0.0,0.0,0.0,3e+22,0.0,0.0,0.0,0.0,0.0,0.0,0.0,0.0,0.0,0.0,0.0,0.0,0.0,0.0,0.0,0.0,0.0,0.0,0.0,0.0,0.0,0.0,0.0,0.0,0.0,0.0,0.0,-240.0,30000 3000,1e-06,2,0.0 0.0259,0.0 0.0,-1.0 0.0,0.00054857 28.0,30000,1000,0,0.0,0.0 0.0 0.0,1000 1000000 0,0,0.0,0,100,0,,80,,1,,,10,1.0,10.0,0.1,True,{},,,False,3,mixed,250,300,True,Ar_Aubin,,False,uniform,Argon_Aubin_Model3-test/80Td,3.0000000000000005e+21,0.0,,,,,,,,,,,,,,,,,,,,,,,,,,,,,,,,,,,,,0.0,,0.0,,0.0,,0.0,,,,
2.22159e-08,64794.2,2.15981,3e+22,-82.2365,2404.6,593752.0,0.624517,0.609997,1.08068,-4.02159733e-06,2.31331421e-06,0.00899937469,1.94850371e-06,1.91527153e-06,8.55993348e-05,-2.04130334e-09,-3.3772171e-08,-2.55715743e-09,329.46377,-2.14469351,-1.26909987,-4.00484066,321.798024,-2.33336004,2.68625935,18.0147415,5976.93767,100.0,64794.176569,2.159805886,-240.0,30000 3000,1e-06,2,0.0 0.0259,0.0 0.0,-1.0 0.0,0.00054857 28.0,30000,1000,0,0.0,0.0 0.0 0.0,1000 1000000 0,0,0.0,0,100,0,,80,,1,,,10,1.0,10.0,0.1,True,{},,,False,3,mixed,250,300,True,Ar_Aubin,,False,uniform,Argon_Aubin_Model3-test/80Td,3.0000000000000005e+21,7.421900000000001e+24,0.0,1.0071365303428825e-14,1.0071365303428827e-14,0.0,0.0,0.0,0.0,0.0,0.0,0.0,0.0,0.0,0.0,0.0,0.0,0.0,0.0,0.0,0.0,0.0,0.0,0.0,0.0,0.0,0.0,0.0,0.0,0.0,0.0,0.0,0.0,0.0,0.0,0.0,0.0,43.85344588233912,329.46343927791116,43.105752604606735,321.7924614046506,103.76779669037472,633.54094906312,0.1089170470236895,4.545068014576344,405087.1083323206,5.063588854154007e+24,0.0,0.0
4.44317e-08,113833.0,3.79444,3e+22,6519.55,-175.285,112465.0,2.49877,2.50989,2.50806,5.37143972e-05,-3.78515653e-05,0.0158129276,6.86477421e-05,6.81617951e-05,0.000306023374,-4.51665013e-07,7.53664951e-07,-7.88600195e-07,2039.07507,-43.0162266,6.55652446,-23.6819196,2031.44497,1.11435912,130.466655,-16.1205515,2735.18272,200.0,113833.130052,3.794437668,-240.0,30000 3000,1e-06,2,0.0 0.0259,0.0 0.0,-1.0 0.0,0.00054857 28.0,30000,1000,0,0.0,0.0 0.0 0.0,1000 1000000 0,0,0.0,0,100,0,,80,,1,,,10,1.0,10.0,0.1,True,{},,,False,3,mixed,250,300,True,Ar_Aubin,,False,uniform,Argon_Aubin_Model3-test/80Td,3.0000000000000005e+21,1.4058125000000004e+24,0.0,7.057157761383113e-14,7.057157761383113e-14,0.0,0.0,0.0,0.0,0.0,0.0,0.0,0.0,0.0,0.0,0.0,0.0,0.0,0.0,0.0,0.0,0.0,0.0,0.0,0.0,0.0,0.0,0.0,0.0,0.0,0.0,0.0,0.0,0.0,0.0,0.0,0.0,1501.0953714857044,2038.7248763017349,1490.9388361584943,2031.4383351883764,1156.021244427885,956.7818174659999,-4.417404346716368,27.889017644321996,306697.13628527307,3.833714203565914e+24,0.0,0.0
6.66476e-08,129702.0,4.3234,3e+22,822.139,-1135.79,93770.9,2.87567,2.84259,2.87854,2.85490267e-05,-4.20385804e-05,0.0180219388,0.000161038097,0.000161933442,0.000417981704,-4.13334192e-07,7.4694592e-08,1.18170073e-07,2030.99475,-36.3896547,12.2963717,26.8286755,2099.05142,-27.094494,36.7284454,-2.94925818,2322.26867,300.0,129701.987996,4.3233996,-240.0,30000 3000,1e-06,2,0.0 0.0259,0.0 0.0,-1.0 0.0,0.00054857 28.0,30000,1000,0,0.0,0.0 0.0 0.0,1000 1000000 0,0,0.0,0,100,0,,80,,1,,,10,1.0,10.0,0.1,True,{},,,False,3,mixed,250,300,True,Ar_Aubin,,False,uniform,Argon_Aubin_Model3-test/80Td,3.0000000000000005e+21,1.1721362500000001e+24,0.0,1.0310033204446664e-13,1.0310033204446665e-13,0.0,0.0,0.0,0.0,0.0,0.0,0.0,0.0,0.0,0.0,0.0,0.0,0.0,0.0,0.0,0.0,0.0,0.0,0.0,0.0,0.0,0.0,0.0,0.0,0.0,0.0,0.0,0.0,0.0,0.0,0.0,0.0,2079.4211598346465,2030.971278731738,2110.4549534062003,2099.0036730007673,837.6147527648263,632.33524897908,-15.488784923668337,31.53121042912377,99433.79291408419,1.2429224114260525e+24,0.0,0.0
8.88634e-08,144827.0,4.82756,3e+22,-1831.22,-9333.63,83814.4,3.22495,3.19158,3.19812,2.62819627e-05,-6.72148211e-05,0.0201470426,0.000251580067,0.000252897728,0.000528859234,-5.41588313e-07,3.5482378e-07,1.36677077e-07,1834.68484,-2.33991097,-19.3820463,57.1766966,2085.70321,-56.9372288,-79.3899691,-167.085906,2239.10985,400.0,144826.65764,4.827555255,-240.0,30000 3000,1e-06,2,0.0 0.0259,0.0 0.0,-1.0 0.0,0.00054857 28.0,30000,1000,0,0.0,0.0 0.0 0.0,1000 1000000 0,0,0.0,0,100,0,,80,,1,,,10,1.0,10.0,0.1,True,{},,,False,3,mixed,250,300,True,Ar_Aubin,,False,uniform,Argon_Aubin_Model3-test/80Td,3.0000000000000005e+21,1.0476800000000001e+24,0.0,1.2490903662091867e-13,1.2490403519801385e-13,0.0,0.0,0.0,0.0,0.0,0.0,0.0,0.0,0.0,0.0,0.0,0.0,5.001422904816421e-19,0.0,0.0,0.0,0.0,0.0,0.0,0.0,5.001422904816421e-19,0.0,0.0,1.0002845809632842e-18,5.001422904816421e-19,2.0005691619265684e-18,0.0,0.0,0.0,0.0,5.001422904816421e-19,0.0,2037.7768693899905,1834.7329680557355,2047.2169799572944,2085.0758517293366,669.891442271768,550.4975627065598,11.934433349918523,-64.08115498455088,95656.88538389171,1.1957110672986466e+24,0.0,0.0
1.11079e-07,157623.0,5.2541,3e+22,2555.21,932.373,80496.1,3.48468,3.47384,3.5128,5.35159176e-05,-6.21333967e-05,0.0220616855,0.000339639899,0.000342618158,0.000639097156,1.31956872e-06,5.80191414e-09,1.0824272e-06,1958.98235,32.0412313,-85.81878,148.101936,1911.64542,34.7484478,38.8398826,69.8757537,2499.15837,500.0,157623.099558,5.254103319,-240.0,30000 3000,1e-06,2,0.0 0.0259,0.0 0.0,-1.0 0.0,0.00054857 28.0,30000,1000,0,0.0,0.0 0.0 0.0,1000 1000000 0,0,0.0,0,100,0,,80,,1,,,10,1.0,10.0,0.1,True,{},,,False,3,mixed,250,300,True,Ar_Aubin,,False,uniform,Argon_Aubin_Model3-test/80Td,3.0000000000000005e+21,1.0062012500000001e+24,0.0,1.4431205678015395e-13,1.4427504625065833e-13,0.0,0.0,0.0,0.0,0.0,0.0,5.001422904816421e-19,5.001422904816421e-19,0.0,0.0,0.0,0.0,1.5004268714449262e-18,5.001422904816421e-19,0.0,0.0,1.0002845809632842e-18,1.0002845809632842e-18,5.001422904816421e-19,1.5004268714449262e-18,5.001422904816421e-19,1.0002845809632842e-18,0.0,1.3503841843004337e-17,4.501280614334778e-18,5.501565195298063e-18,0.0,1.0002845809632842e-18,5.001422904816421e-19,0.0,3.5009960333714946e-18,0.0,1981.8611622335086,1958.8456055921893,2019.2989541992458,1911.7033515014814,662.2122089427942,723.27872782345,-45.02043073054002,-107.65895946117637,86183.44969143718,1.077293121142965e+24,0.0,0.0
1.33295e-07,167729.0,5.59097,3e+22,7976.2,1029.39,62372.4,3.74436,3.69958,3.71551,7.68540258e-05,-3.66947646e-05,0.0237857696,0.000425697393,0.000430787037,0.000750762518,5.88609958e-07,1.97274164e-06,1.117383e-06,1874.57766,1.57288183,128.339657,55.3063154,1860.89995,-114.967443,226.151331,31.4911584,2111.748,600.0,167729.132403,5.59097108,-240.0,30000 3000,1e-06,2,0.0 0.0259,0.0 0.0,-1.0 0.0,0.00054857 28.0,30000,1000,0,0.0,0.0 0.0 0.0,1000 1000000 0,0,0.0,0,100,0,,80,,1,,,10,1.0,10.0,0.1,True,{},,,False,3,mixed,250,300,True,Ar_Aubin,,False,uniform,Argon_Aubin_Model3-test/80Td,3.0000000000000005e+21,7.796550000000001e+23,2.5007114524082102e-18,1.6053567239879745e-13,1.6044664707109176e-13,1.0002845809632842e-18,0.0,0.0,0.0,0.0,5.001422904816421e-19,1.0002845809632842e-18,0.0,5.001422904816421e-19,0.0,5.001422904816421e-19,5.001422904816421e-19,1.0002845809632842e-18,1.5004268714449262e-18,5.001422904816421e-19,0.0,5.001422904816421e-19,3.0008537428898524e-18,5.001422904816421e-19,4.501280614334778e-18,1.5004268714449262e-18,2.0005691619265684e-18,2.5007114524082102e-18,2.200626078119225e-17,1.8005122457339113e-17,1.4003984133485978e-17,0.0,1.5004268714449262e-18,2.0005691619265684e-18,5.001422904816421e-19,7.001992066742989e-18,2.5007114524082102e-18,1936.7761695937336,1873.964656919414,1984.4209114471269,1860.9377232237316,734.1699781828808,628.1724642009601,59.39704980144219,159.97736247767213,77605.86336812816,9.700732921016021e+23,3.2223228295856106e-23,4.0093237592400005e-23
1.55511e-07,175879.0,5.86265,3e+22,2809.94,-2908.71,69274.6,3.89171,3.89925,3.90696,5.0388005e-05,-4.22348946e-05,0.0254269473,0.000510990709,0.000516602027,0.000866025701,8.46181405e-07,1.37729071e-06,1.15230638e-06,1838.25991,-3.83044946,-107.696668,153.099293,1975.00117,11.6683154,102.318713,-7.17031233,2539.48218,700.0,175879.357432,5.862645248,-240.0,30000 3000,1e-06,2,0.0 0.0259,0.0 0.0,-1.0 0.0,0.00054857 28.0,30000,1000,0,0.0,0.0 0.0 0.0,1000 1000000 0,0,0.0,0,100,0,,80,,1,,,10,1.0,10.0,0.1,True,{},,,False,3,mixed,250,300,True,Ar_Aubin,,False,uniform,Argon_Aubin_Model3-test/80Td,3.0000000000000005e+21,8.659325000000003e+23,4.5012806143347775e-18,1.733198094857987e-13,1.7317826921759243e-13,1.5004268714449262e-18,0.0,0.0,0.0,0.0,5.001422904816421e-19,5.001422904816421e-19,1.0002845809632842e-18,5.001422904816421e-19,0.0,0.0,1.5004268714449262e-18,2.5007114524082102e-18,2.0005691619265684e-18,0.0,5.001422904816421e-19,5.001422904816421e-19,3.5009960333714946e-18,2.0005691619265684e-18,4.001138323853137e-18,7.001992066742989e-18,5.0014229048164204e-18,2.5007114524082102e-18,3.551010262419659e-17,2.150611849071061e-17,2.3006545362155536e-17,0.0,2.0005691619265684e-18,1.5004268714449262e-18,5.001422904816421e-19,1.8005122457339113e-17,4.501280614334778e-18,1919.721541558834,1838.1183227292304,1931.3769129188368,1974.878320939728,776.389195740595,778.0405765714199,-2.1890595103453396,-80.31676018733499,73874.01365688536,9.234251707110672e+23,6.093185399728501e-23,6.497735987410649e-23
1.77727e-07,181985.0,6.06616,3e+22,-2132.12,3762.0,61541.3,4.03908,4.01635,4.05525,2.40735023e-05,-7.13457517e-06,0.0270354874,0.000598083064,0.000600087063,0.000990001214,-6.31408847e-07,-1.5169624e-06,2.26552118e-06,1938.90634,64.7889826,121.446751,-26.2536829,1793.96774,148.885601,-37.282479,187.571339,2401.28849,800.0,181984.925889,6.066164196,-240.0,30000 3000,1e-06,2,0.0 0.0259,0.0 0.0,-1.0 0.0,0.00054857 28.0,30000,1000,0,0.0,0.0 0.0 0.0,1000 1000000 0,0,0.0,0,100,0,,80,,1,,,10,1.0,10.0,0.1,True,{},,,False,3,mixed,250,300,True,Ar_Aubin,,False,uniform,Argon_Aubin_Model3-test/80Td,3.0000000000000005e+21,7.6926625e+23,9.002561228669555e-18,1.8380979388636066e-13,1.8359823369748696e-13,0.0,1.0002845809632842e-18,5.001422904816421e-19,0.0,5.001422904816421e-19,2.0005691619265684e-18,0.0,5.001422904816421e-19,0.0,2.5007114524082102e-18,1.0002845809632842e-18,2.5007114524082102e-18,9.002561228669556e-18,5.001422904816421e-19,0.0,5.001422904816421e-19,1.0002845809632842e-18,5.0014229048164204e-18,3.0008537428898524e-18,6.501849776261348e-18,5.501565195298063e-18,4.001138323853137e-18,4.001138323853137e-18,5.401536737201735e-17,3.000853742889852e-17,3.500996033371494e-17,0.0,3.5009960333714946e-18,4.501280614334778e-18,1.5004268714449262e-18,2.450697223360046e-17,9.002561228669556e-18,1960.179745532139,1938.957667595724,1878.9868716585631,1793.9945802717896,890.9741005635248,737.48944927038,-101.90353892565165,140.32566076819302,72404.90369510125,9.050612961887659e+23,1.2433634697698862e-22,1.4628487257613269e-22
1.99943e-07,186355.0,6.21183,3e+22,-264.97,-2960.3,63110.4,4.1243,4.15842,4.11826,1.90777607e-05,-3.34358709e-05,0.0286004177,0.000681959215,0.000683483675,0.00112061643,-2.92572516e-06,-1.48241455e-06,2.31803807e-06,1716.42167,-3.25772764,-3.1231496,22.1470687,1957.51149,63.6047725,-124.043536,-210.461106,2586.50568,900.0,186355.016952,6.211833898,-240.0,30000 3000,1e-06,2,0.0 0.0259,0.0 0.0,-1.0 0.0,0.00054857 28.0,30000,1000,0,0.0,0.0 0.0 0.0,1000 1000000 0,0,0.0,0,100,0,,80,,1,,,10,1.0,10.0,0.1,True,{},,,False,3,mixed,250,300,True,Ar_Aubin,,False,uniform,Argon_Aubin_Model3-test/80Td,3.0000000000000005e+21,7.8888e+23,2.6007399105045388e-17,1.9039416714055148e-13,1.9013209258033911e-13,1.5004268714449262e-18,0.0,5.001422904816421e-19,0.0,5.001422904816421e-19,1.0002845809632842e-18,2.0005691619265684e-18,2.0005691619265684e-18,5.001422904816421e-19,5.001422904816421e-19,5.001422904816421e-19,1.5004268714449262e-18,7.50213435722463e-18,3.0008537428898524e-18,2.0005691619265684e-18,0.0,3.0008537428898524e-18,5.0014229048164204e-18,2.5007114524082102e-18,8.502418938187915e-18,6.501849776261348e-18,7.50213435722463e-18,5.501565195298063e-18,6.451835547213183e-17,3.100882200986181e-17,3.7010529495641515e-17,0.0,3.5009960333714946e-18,3.0008537428898524e-18,1.0002845809632842e-18,3.4509818043233305e-17,2.600739910504539e-17,1887.7553142695035,1716.4267250342527,1876.9337489073175,1957.4125097913748,980.1291494174367,781.5218787859203,6.290755418636046,-120.79243803091228,70441.90422175107,8.805238027718886e+23,3.6920352157394995e-22,4.120937136358728e-22
2.22159e-07,190070.0,6.33567,3e+22,-7435.99,8369.83,69421.3,4.17302,4.25986,4.21034,2.52832856e-05,3.3312657e-05,0.0301703959,0.000764822298,0.000773186388,0.00125426182,-1.89903819e-06,-4.49401413e-07,4.37454506e-06,1821.78251,91.8079482,101.075325,-87.0218182,2152.92499,112.38654,-287.18074,319.160677,3007.59641,1000.0,190070.125047,6.335670835,-240.0,30000 3000,1e-06,2,0.0 0.0259,0.0 0.0,-1.0 0.0,0.00054857 28.0,30000,1000,0,0.0,0.0 0.0 0.0,1000 1000000 0,0,0.0,0,100,0,,80,,1,,,10,1.0,10.0,0.1,True,{},,,False,3,mixed,250,300,True,Ar_Aubin,,False,uniform,Argon_Aubin_Model3-test/80Td,3.0000000000000005e+21,8.677662500000003e+23,1.6004553295412544e-17,1.9640787804130272e-13,1.9611629508595198e-13,3.0008537428898524e-18,1.0002845809632842e-18,5.001422904816421e-19,0.0,5.001422904816421e-19,1.5004268714449262e-18,2.0005691619265684e-18,2.5007114524082102e-18,5.001422904816421e-19,2.0005691619265684e-18,2.0005691619265684e-18,2.5007114524082102e-18,1.0502988100114484e-17,2.5007114524082102e-18,1.5004268714449262e-18,1.0002845809632842e-18,2.5007114524082102e-18,5.501565195298063e-18,1.0002845809632842e-18,8.002276647706274e-18,1.0502988100114484e-17,3.5009960333714946e-18,4.501280614334778e-18,7.302077441031975e-17,3.901109865756808e-17,4.551294843382943e-17,0.0,5.0014229048164204e-18,5.0014229048164204e-18,2.5007114524082102e-18,3.6510387205159877e-17,1.6004553295412547e-17,1864.9437501164157,1821.9705162588887,2018.8856005011367,2152.6461687240617,931.2360483198133,913.1283051073301,36.723172394360596,36.48614865381771,70669.1243658822,8.833640545735278e+23,2.264716513614998e-22,2.305424026258878e-22
2.44374e-07,192442.0,6.41472,3e+22,-10023.1,1532.07,65598.0,4.30924,4.2163,4.27885,-4.58293827e-05,0.000115882401,0.0316980664,0.000846507176,0.000860976758,0.00139561236,-2.74877397e-06,-3.65593401e-06,7.82538078e-06,1925.98621,7.20549301,-50.0771377,-144.37085,1991.45136,53.0947119,-476.760364,42.1174672,3042.80594,1100.0,192441.709788,6.41472366,-240.0,30000 3000,1e-06,2,0.0 0.0259,0.0 0.0,-1.0 0.0,0.00054857 28.0,30000,1000,0,0.0,0.0 0.0 0.0,1000 1000000 0,0,0.0,0,100,0,,80,,1,,,10,1.0,10.0,0.1,True,{},,,False,3,mixed,250,300,True,Ar_Aubin,,False,uniform,Argon_Aubin_Model3-test/80Td,3.0000000000000005e+21,8.199750000000001e+23,2.650754139552703e-17,2.0029748463437848e-13,1.9996789086495112e-13,4.501280614334778e-18,3.0008537428898524e-18,5.001422904816421e-19,0.0,5.001422904816421e-19,1.0002845809632842e-18,3.5009960333714946e-18,2.0005691619265684e-18,5.001422904816421e-19,0.0,5.001422904816421e-19,1.5004268714449262e-18,1.3503841843004337e-17,4.501280614334778e-18,5.001422904816421e-19,1.0002845809632842e-18,4.001138323853137e-18,4.001138323853137e-18,3.0008537428898524e-18,1.1503272681077768e-17,1.0002845809632841e-17,1.0502988100114484e-17,4.501280614334778e-18,8.002276647706273e-17,4.251209469093958e-17,4.601309072431107e-17,0.0,4.001138323853137e-18,4.501280614334778e-18,2.5007114524082102e-18,3.901109865756808e-17,2.6507541395527033e-17,1838.3999052978281,1925.5268575142597,1975.5681967026944,1991.2738200499,1054.1079871607192,963.4761802928001,-44.608728203656824,-206.1182965198053,68764.73606741124,8.595592008426408e+23,3.8548161327255345e-22,4.0409069477006966e-22
2.6659e-07,194036.0,6.46786,3e+22,-4192.04,2089.83,67770.0,4.30793,4.2799,4.32165,-0.000134341741,0.000118423387,0.0332295058,0.000935803997,0.00095133579,0.00154384435,-2.66855326e-06,-5.74393089e-06,8.19393221e-06,1770.95669,-99.750034,-203.218822,-55.7371728,2036.92425,108.956121,-117.010205,47.0745482,3243.37312,1200.0,194035.650411,6.467855014,-240.0,30000 3000,1e-06,2,0.0 0.0259,0.0 0.0,-1.0 0.0,0.00054857 28.0,30000,1000,0,0.0,0.0 0.0 0.0,1000 1000000 0,0,0.0,0,100,0,,80,,1,,,10,1.0,10.0,0.1,True,{},,,False,3,mixed,250,300,True,Ar_Aubin,,False,uniform,Argon_Aubin_Model3-test/80Td,3.0000000000000005e+21,8.471250000000001e+23,3.551010262419658e-17,2.030867781883946e-13,2.0272967659299072e-13,4.001138323853137e-18,2.0005691619265684e-18,5.001422904816421e-19,0.0,5.001422904816421e-19,3.5009960333714946e-18,2.5007114524082102e-18,4.501280614334778e-18,2.5007114524082102e-18,5.001422904816421e-19,3.0008537428898524e-18,2.5007114524082102e-18,1.0502988100114484e-17,4.501280614334778e-18,1.0002845809632842e-18,2.0005691619265684e-18,5.0014229048164204e-18,1.1503272681077768e-17,1.0002845809632842e-18,6.501849776261348e-18,9.5027035191512e-18,9.5027035191512e-18,1.200341497155941e-17,8.302362021995258e-17,3.901109865756808e-17,4.651323301479271e-17,0.0,7.50213435722463e-18,4.001138323853137e-18,2.5007114524082102e-18,4.0011383238531363e-17,3.551010262419659e-17,2009.3913284841888,1770.3935240480585,2033.6433957722397,2036.6767652531457,1098.2977909194617,991.409511934,41.56527378346078,-171.82526971859798,68934.38483248488,8.616798104060613e+23,5.151290275598815e-22,5.239796757296234e-22
2.88806e-07,195427.0,6.51424,3e+22,1418.77,-5692.57,60229.1,4.32204,4.32068,4.36493,-0.000176108719,0.000158032371,0.0348251032,0.00102596315,0.00103686951,0.00170365289,-7.09918113e-06,-7.55522999e-06,6.95338281e-06,1944.7247,-242.285794,-28.4988735,-411.715712,1673.42627,-62.1437081,0.832119456,-172.378013,3086.49135,1300.0,195427.060457,6.514235349,-240.0,30000 3000,1e-06,2,0.0 0.0259,0.0 0.0,-1.0 0.0,0.00054857 28.0,30000,1000,0,0.0,0.0 0.0 0.0,1000 1000000 0,0,0.0,0,100,0,,80,,1,,,10,1.0,10.0,0.1,True,{},,,False,3,mixed,250,300,True,Ar_Aubin,,False,uniform,Argon_Aubin_Model3-test/80Td,3.0000000000000005e+21,7.5286375e+23,2.7507825976490312e-17,2.0551796986242586e-13,2.05133860583336e-13,5.501565195298063e-18,1.0002845809632842e-18,1.0002845809632842e-18,0.0,1.0002845809632842e-18,4.001138323853137e-18,4.001138323853137e-18,3.5009960333714946e-18,1.5004268714449262e-18,5.001422904816421e-19,2.5007114524082102e-18,2.0005691619265684e-18,1.200341497155941e-17,2.0005691619265684e-18,2.0005691619265684e-18,5.001422904816421e-19,3.0008537428898524e-18,8.002276647706274e-18,2.5007114524082102e-18,1.3503841843004337e-17,1.6004553295412547e-17,9.002561228669556e-18,4.501280614334778e-18,8.452404709139752e-17,4.251209469093958e-17,5.901679027683377e-17,0.0,4.501280614334778e-18,8.502418938187915e-18,4.001138323853137e-18,5.401536737201735e-17,2.7507825976490315e-17,2028.8664069983015,1944.9745577672556,1924.8099304620753,1674.3258803341835,1152.7955838292362,989.00672685688,-6.410023818382209,-66.4686960635411,71822.31644902955,8.977789556128695e+23,3.8299831217518457e-22,4.567198576184986e-22
3.11022e-07,196621.0,6.55405,3e+22,-3506.81,-2469.35,62223.7,4.34629,4.32924,4.41044,-0.000175533744,6.33210244e-05,0.0363579705,0.00110812193,0.00111952246,0.00186184522,-1.52100869e-05,-9.59658726e-06,3.81908655e-06,1815.57553,94.1627918,66.218071,-115.112117,1856.00122,-115.953132,-133.398676,-7.30463804,3171.3355,1400.0,196621.368387,6.554045613,-240.0,30000 3000,1e-06,2,0.0 0.0259,0.0 0.0,-1.0 0.0,0.00054857 28.0,30000,1000,0,0.0,0.0 0.0 0.0,1000 1000000 0,0,0.0,0,100,0,,80,,1,,,10,1.0,10.0,0.1,True,{},,,False,3,mixed,250,300,True,Ar_Aubin,,False,uniform,Argon_Aubin_Model3-test/80Td,3.0000000000000005e+21,7.777962500000001e+23,2.800796826697195e-17,2.066587944270145e-13,2.0628268742457232e-13,2.5007114524082102e-18,5.001422904816421e-19,0.0,0.0,1.0002845809632842e-18,3.0008537428898524e-18,4.501280614334778e-18,4.001138323853137e-18,1.0002845809632842e-18,1.5004268714449262e-18,1.5004268714449262e-18,2.5007114524082102e-18,1.1503272681077768e-17,3.0008537428898524e-18,1.5004268714449262e-18,3.5009960333714946e-18,4.501280614334778e-18,1.0002845809632841e-17,4.001138323853137e-18,9.5027035191512e-18,7.50213435722463e-18,8.002276647706274e-18,4.001138323853137e-18,8.652461625332408e-17,5.401536737201735e-17,5.3515225081535703e-17,0.0,2.0005691619265684e-18,1.0502988100114484e-17,2.5007114524082102e-18,5.0014229048164204e-17,2.8007968266971957e-17,1849.1031690281577,1814.9599665112034,1860.6924472596831,1856.1575817716023,1104.5720410107065,909.0080509991499,-80.6769429772482,71.24224855563781,68998.65861837711,8.624832327297139e+23,4.0592047480053917e-22,4.5011737114591305e-22
3.33238e-07,197086.0,6.56953,3e+22,4687.56,-2178.22,64563.0,4.37888,4.37001,4.36632,-0.000126524882,-1.9343885e-05,0.0379249111,0.00118748728,0.00119917679,0.00202894831,-1.91756785e-05,-9.65925661e-06,3.41867258e-07,1683.18048,-310.449035,-256.497342,65.7692461,1464.35289,197.771215,216.101525,-280.853148,3615.00058,1500.0,197085.812885,6.569527096,-240.0,30000 3000,1e-06,2,0.0 0.0259,0.0 0.0,-1.0 0.0,0.00054857 28.0,30000,1000,0,0.0,0.0 0.0 0.0,1000 1000000 0,0,0.0,0,100,0,,80,,1,,,10,1.0,10.0,0.1,True,{},,,False,3,mixed,250,300,True,Ar_Aubin,,False,uniform,Argon_Aubin_Model3-test/80Td,3.0000000000000005e+21,8.070375000000001e+23,3.7510671786123153e-17,2.0761656691328684e-13,2.0720544995051096e-13,3.5009960333714946e-18,1.0002845809632842e-18,2.0005691619265684e-18,0.0,0.0,1.0002845809632842e-18,3.5009960333714946e-18,2.0005691619265684e-18,5.001422904816421e-19,3.0008537428898524e-18,2.5007114524082102e-18,2.0005691619265684e-18,1.1503272681077768e-17,4.501280614334778e-18,3.0008537428898524e-18,2.5007114524082102e-18,3.0008537428898524e-18,7.50213435722463e-18,4.501280614334778e-18,1.1503272681077768e-17,1.1503272681077768e-17,9.002561228669556e-18,5.501565195298063e-18,9.452689290103034e-17,5.751636340538883e-17,5.251494050057242e-17,0.0,5.0014229048164204e-18,9.5027035191512e-18,5.0014229048164204e-18,5.4515509662498986e-17,3.751067178612316e-17,1786.5617316768057,1683.7735729758679,1792.8142764021286,1464.3107547628151,1141.2147816646498,1166.4545446507,-74.10346347969526,-210.00228731935002,70532.39346594093,8.816549183242617e+23,5.3182190399134145e-22,5.809933210371754e-22
3.55454e-07,197371.0,6.57903,3e+22,1485.49,1829.33,53877.3,4.40244,4.32592,4.41316,-8.16505798e-05,-4.88087238e-06,0.0394522247,0.00126376055,0.00127502941,0.00219787415,-1.8534484e-05,-1.07660886e-05,1.67923445e-06,1778.94769,-95.1287404,-266.715661,157.488071,1577.90863,-252.482623,120.911968,127.485547,3197.6406,1600.0,197370.793007,6.579026434,-240.0,30000 3000,1e-06,2,0.0 0.0259,0.0 0.0,-1.0 0.0,0.00054857 28.0,30000,1000,0,0.0,0.0 0.0 0.0,1000 1000000 0,0,0.0,0,100,0,,80,,1,,,10,1.0,10.0,0.1,True,{},,,False,3,mixed,250,300,True,Ar_Aubin,,False,uniform,Argon_Aubin_Model3-test/80Td,3.0000000000000005e+21,6.734662500000001e+23,3.200910659082509e-17,2.0815071887952123e-13,2.0774060220132628e-13,5.501565195298063e-18,5.001422904816421e-19,1.5004268714449262e-18,0.0,1.0002845809632842e-18,3.5009960333714946e-18,4.001138323853137e-18,3.5009960333714946e-18,5.001422904816421e-19,2.0005691619265684e-18,2.0005691619265684e-18,3.5009960333714946e-18,9.5027035191512e-18,3.0008537428898524e-18,2.5007114524082102e-18,1.0002845809632842e-18,4.501280614334778e-18,1.1003130390596125e-17,5.0014229048164204e-18,1.450412642396762e-17,1.0002845809632841e-17,5.0014229048164204e-18,8.502418938187915e-18,1.0252916954873662e-16,4.601309072431107e-17,6.30179286006869e-17,0.0,6.501849776261348e-18,9.002561228669556e-18,3.5009960333714946e-18,4.551294843382943e-17,3.2009106590825094e-17,1716.8472069234956,1779.0689811197872,1707.1775251727768,1577.9175587262707,1142.1254183628134,1072.06125417069,-120.81346560945583,-200.0104654865445,68748.67099689877,8.593583874612348e+23,4.655960053725112e-22,5.941111858022783e-22
3.7767e-07,198281.0,6.60938,3e+22,-1101.38,8331.94,62540.1,4.41019,4.4151,4.37082,-1.6162261e-05,-7.98888375e-05,0.0410010927,0.00134899587,0.00135796253,0.00237495993,-1.87571504e-05,-8.66782863e-06,-2.56958737e-06,1593.57156,72.9204882,178.513146,-81.9465084,1835.73608,98.8833072,-25.0804285,148.512887,3559.48951,1700.0,198281.347869,6.609378262,-240.0,30000 3000,1e-06,2,0.0 0.0259,0.0 0.0,-1.0 0.0,0.00054857 28.0,30000,1000,0,0.0,0.0 0.0 0.0,1000 1000000 0,0,0.0,0,100,0,,80,,1,,,10,1.0,10.0,0.1,True,{},,,False,3,mixed,250,300,True,Ar_Aubin,,False,uniform,Argon_Aubin_Model3-test/80Td,3.0000000000000005e+21,7.817512500000002e+23,3.250924888130673e-17,2.0908648510501237e-13,2.086978745453082e-13,6.501849776261348e-18,2.5007114524082102e-18,2.5007114524082102e-18,0.0,5.001422904816421e-19,4.001138323853137e-18,5.501565195298063e-18,4.001138323853137e-18,0.0,2.5007114524082102e-18,2.5007114524082102e-18,2.0005691619265684e-18,1.1003130390596125e-17,4.501280614334778e-18,1.5004268714449262e-18,3.5009960333714946e-18,4.501280614334778e-18,6.001707485779705e-18,2.5007114524082102e-18,1.2503557262041051e-17,9.002561228669556e-18,6.501849776261348e-18,9.5027035191512e-18,9.15260391581405e-17,4.301223698142122e-17,5.151465591960914e-17,0.0,5.501565195298063e-18,5.0014229048164204e-18,3.5009960333714946e-18,5.251494050057242e-17,3.250924888130674e-17,1918.4846348448857,1593.55375920898,1866.3831219207425,1836.4017090007196,1181.0057478044366,995.2770724327302,-20.72239655617303,199.6012903970921,69718.89502563457,8.714861878204322e+23,4.662903631698922e-22,5.198144691375091e-22
3.99885e-07,197941.0,6.59802,3e+22,-4295.52,2214.18,56650.4,4.37741,4.37978,4.42047,2.54661769e-05,-1.8850296e-06,0.0424407788,0.00143717267,0.00143975891,0.00254483049,-2.06838393e-05,-1.02806767e-05,-2.24119079e-06,2092.41535,285.463881,-78.5995282,159.590288,1815.47092,247.265361,-409.392194,62.831346,3520.88445,1800.0,197940.557265,6.598018575,-240.0,30000 3000,1e-06,2,0.0 0.0259,0.0 0.0,-1.0 0.0,0.00054857 28.0,30000,1000,0,0.0,0.0 0.0 0.0,1000 1000000 0,0,0.0,0,100,0,,80,,1,,,10,1.0,10.0,0.1,True,{},,,False,3,mixed,250,300,True,Ar_Aubin,,False,uniform,Argon_Aubin_Model3-test/80Td,3.0000000000000005e+21,7.081300000000002e+23,4.1011667819494646e-17,2.1029832987484938e-13,2.0989171419268783e-13,4.501280614334778e-18,5.001422904816421e-19,5.001422904816421e-19,0.0,1.0002845809632842e-18,2.5007114524082102e-18,1.5004268714449262e-18,5.0014229048164204e-18,1.0002845809632842e-18,4.501280614334778e-18,2.5007114524082102e-18,1.0002845809632842e-18,1.1003130390596125e-17,2.5007114524082102e-18,2.0005691619265684e-18,2.0005691619265684e-18,3.5009960333714946e-18,8.502418938187915e-18,2.5007114524082102e-18,1.0002845809632841e-17,1.3503841843004337e-17,1.0502988100114484e-17,6.501849776261348e-18,9.652746206295692e-17,5.501565195298063e-17,5.251494050057242e-17,0.0,4.501280614334778e-18,7.001992066742989e-18,5.0014229048164204e-18,4.801365988623764e-17,4.1011667819494646e-17,1984.533885471996,2092.5247404721977,1841.0858590698647,1815.4750937948397,1119.4787841920258,1116.59735466848,-151.07750809992692,-307.12917715687973,64804.311326572584,8.100538915821574e+23,6.328540027656784e-22,7.2394312872450405e-22
4.22101e-07,197182.0,6.57274,3e+22,7592.64,-1065.82,62175.0,4.37353,4.38137,4.36827,5.25468776e-05,4.97439117e-05,0.0439286696,0.00152724134,0.00152420336,0.00272439167,-2.16813149e-05,-1.19733432e-05,3.96944653e-06,2008.22571,-71.4030338,-183.459752,146.783968,1779.02304,460.746234,114.044136,-219.797264,3608.78023,1900.0,197182.25863,6.572741954,-240.0,30000 3000,1e-06,2,0.0 0.0259,0.0 0.0,-1.0 0.0,0.00054857 28.0,30000,1000,0,0.0,0.0 0.0 0.0,1000 1000000 0,0,0.0,0,100,0,,80,,1,,,10,1.0,10.0,0.1,True,{},,,False,3,mixed,250,300,True,Ar_Aubin,,False,uniform,Argon_Aubin_Model3-test/80Td,3.0000000000000005e+21,7.771875000000002e+23,3.300939117178837e-17,2.0910999179266502e-13,2.0867336757307454e-13,4.001138323853137e-18,1.0002845809632842e-18,5.001422904816421e-19,0.0,5.001422904816421e-19,4.001138323853137e-18,4.501280614334778e-18,5.501565195298063e-18,3.0008537428898524e-18,2.0005691619265684e-18,3.0008537428898524e-18,5.0014229048164204e-18,1.450412642396762e-17,4.001138323853137e-18,1.5004268714449262e-18,2.5007114524082102e-18,5.0014229048164204e-18,1.200341497155941e-17,5.0014229048164204e-18,1.0502988100114484e-17,1.2503557262041051e-17,1.1503272681077768e-17,4.501280614334778e-18,1.0152888496777334e-16,5.3015082791054065e-17,5.751636340538883e-17,0.0,2.0005691619265684e-18,9.002561228669556e-18,5.501565195298063e-18,5.851664798635212e-17,3.300939117178838e-17,2027.0742430381054,2007.8267404752592,1900.485217717614,1779.0760580559681,1149.0165225033845,877.51519762,-131.4453406752583,-406.217292066524,66974.14014287044,8.371767517858806e+23,4.9286771134906915e-22,5.3091099592743665e-22
4.44317e-07,196944.0,6.5648,3e+22,-1642.31,-397.729,69158.1,4.37809,4.33468,4.38963,7.23250576e-05,0.000131317796,0.045416096,0.0016137105,0.00160884631,0.00290984196,-1.96110706e-05,-1.05009076e-05,7.2005005e-06,1647.31895,95.1638171,347.50448,222.726675,2298.94364,-116.103781,-205.916776,-111.714389,4352.45817,2000.0,196944.110063,6.564803669,-240.0,30000 3000,1e-06,2,0.0 0.0259,0.0 0.0,-1.0 0.0,0.00054857 28.0,30000,1000,0,0.0,0.0 0.0 0.0,1000 1000000 0,0,0.0,0,100,0,,80,,1,,,10,1.0,10.0,0.1,True,{},,,False,3,mixed,250,300,True,Ar_Aubin,,False,uniform,Argon_Aubin_Model3-test/80Td,3.0000000000000005e+21,8.644762500000002e+23,3.701052949564151e-17,2.080531911328773e-13,2.0763907331635854e-13,4.501280614334778e-18,1.0002845809632842e-18,1.5004268714449262e-18,0.0,0.0,2.5007114524082102e-18,3.5009960333714946e-18,9.5027035191512e-18,1.0002845809632842e-18,2.0005691619265684e-18,4.501280614334778e-18,4.001138323853137e-18,1.6004553295412547e-17,3.5009960333714946e-18,5.001422904816421e-19,1.5004268714449262e-18,4.001138323853137e-18,6.001707485779705e-18,4.501280614334778e-18,1.0502988100114484e-17,1.3503841843004337e-17,7.50213435722463e-18,6.501849776261348e-18,9.802788893440184e-17,5.3015082791054065e-17,4.4512663852866145e-17,0.0,7.50213435722463e-18,4.001138323853137e-18,2.0005691619265684e-18,6.001707485779705e-17,3.7010529495641515e-17,1946.0541832738863,1647.4377301653471,1904.6759323998779,2298.9958688956854,1182.85837946578,1211.5672612223993,22.327624153642713,211.17314905575344,66953.23619569791,8.369154524462241e+23,5.527817861927281e-22,5.351582749618845e-22
4.66533e-07,197302.0,6.57674,3e+22,997.857,-1575.57,59382.0,4.36306,4.34226,4.42809,0.000170668771,9.63028715e-05,0.0469390578,0.00169469483,0.00169947502,0.00310478515,-1.88662085e-05,-5.77142418e-06,1.1596137e-06,1662.97757,35.9037216,-294.928678,-27.2835389,1821.01602,-81.6332605,-232.264411,-103.232242,3942.78814,2100.0,197302.275897,6.57674253,-240.0,30000 3000,1e-06,2,0.0 0.0259,0.0 0.0,-1.0 0.0,0.00054857 28.0,30000,1000,0,0.0,0.0 0.0 0.0,1000 1000000 0,0,0.0,0,100,0,,80,,1,,,10,1.0,10.0,0.1,True,{},,,False,3,mixed,250,300,True,Ar_Aubin,,False,uniform,Argon_Aubin_Model3-test/80Td,3.0000000000000005e+21,7.422750000000002e+23,2.4506972233600458e-17,2.0880390471089023e-13,2.0839828931330965e-13,3.0008537428898524e-18,1.5004268714449262e-18,0.0,0.0,1.0002845809632842e-18,4.501280614334778e-18,6.501849776261348e-18,4.501280614334778e-18,0.0,1.5004268714449262e-18,2.0005691619265684e-18,3.5009960333714946e-18,1.3503841843004337e-17,5.0014229048164204e-18,2.5007114524082102e-18,2.0005691619265684e-18,2.5007114524082102e-18,8.502418938187915e-18,1.5004268714449262e-18,1.200341497155941e-17,1.3003699552522696e-17,1.0502988100114484e-17,6.001707485779705e-18,1.02029027258255e-16,5.3515225081535703e-17,4.7013375305274356e-17,0.0,4.001138323853137e-18,7.50213435722463e-18,6.001707485779705e-18,5.601593653394391e-17,2.450697223360046e-17,1822.128139858441,1662.8072669721762,2039.9056558700552,1821.1677519152493,1221.8685430136788,1155.4530097204001,0.14286490950919337,-584.1662093586566,68552.78426712399,8.569098033390501e+23,3.574905453599982e-22,4.127003508403297e-22
4.88749e-07,197413.0,6.58042,3e+22,8715.07,6109.68,56267.7,4.36515,4.39267,4.38436,0.000274097805,6.0922663e-05,0.048491488,0.00178045985,0.00177834629,0.00330602494,-1.97686817e-05,-1.26494114e-06,-5.63628859e-06,1873.24239,-164.497655,234.115852,-147.003734,2073.04316,293.089738,422.732945,139.719348,3847.54628,2200.0,197412.521329,6.580417378,-240.0,30000 3000,1e-06,2,0.0 0.0259,0.0 0.0,-1.0 0.0,0.00054857 28.0,30000,1000,0,0.0,0.0 0.0 0.0,1000 1000000 0,0,0.0,0,100,0,,80,,1,,,10,1.0,10.0,0.1,True,{},,,False,3,mixed,250,300,True,Ar_Aubin,,False,uniform,Argon_Aubin_Model3-test/80Td,3.0000000000000005e+21,7.033462500000001e+23,3.150896430034345e-17,2.0927803960226683e-13,2.0885541936680987e-13,5.0014229048164204e-18,5.001422904816421e-19,2.0005691619265684e-18,0.0,1.5004268714449262e-18,5.001422904816421e-19,3.5009960333714946e-18,3.5009960333714946e-18,1.0002845809632842e-18,2.5007114524082102e-18,3.0008537428898524e-18,1.5004268714449262e-18,1.8505264747820757e-17,2.5007114524082102e-18,2.0005691619265684e-18,2.0005691619265684e-18,1.0002845809632842e-18,1.2503557262041051e-17,4.001138323853137e-18,7.50213435722463e-18,1.6004553295412547e-17,1.0502988100114484e-17,3.5009960333714946e-18,9.902817351536512e-17,5.801650569587048e-17,5.801650569587048e-17,0.0,7.001992066742989e-18,4.001138323853137e-18,2.0005691619265684e-18,5.851664798635212e-17,3.150896430034345e-17,1929.2267750279914,1870.8536084425784,1775.2337891373325,2072.6709420243224,1194.8768381563973,1119.0417806624,-34.835234015271695,218.8192316134415,69879.23964367846,8.734904955459809e+23,4.509059408919008e-22,5.599831573059402e-22
5.10965e-07,198066.0,6.60221,3e+22,2949.25,8147.52,66293.6,4.41498,4.36552,4.3985,0.000249507809,7.47511038e-05,0.0500540368,0.00186442025,0.00186610358,0.00350868461,-1.57908002e-05,-2.43729304e-06,-1.79809126e-06,1753.34531,17.6464496,179.870355,304.658747,2051.79285,237.302614,-70.1191238,540.39842,4249.87395,2300.0,198066.286475,6.602209549,-240.0,30000 3000,1e-06,2,0.0 0.0259,0.0 0.0,-1.0 0.0,0.00054857 28.0,30000,1000,0,0.0,0.0 0.0 0.0,1000 1000000 0,0,0.0,0,100,0,,80,,1,,,10,1.0,10.0,0.1,True,{},,,False,3,mixed,250,300,True,Ar_Aubin,,False,uniform,Argon_Aubin_Model3-test/80Td,3.0000000000000005e+21,8.286700000000002e+23,3.250924888130673e-17,2.09423581008797e-13,2.0901946603808786e-13,4.001138323853137e-18,2.0005691619265684e-18,1.5004268714449262e-18,0.0,0.0,2.5007114524082102e-18,2.5007114524082102e-18,4.001138323853137e-18,1.0002845809632842e-18,3.5009960333714946e-18,2.5007114524082102e-18,5.001422904816421e-19,1.0502988100114484e-17,4.501280614334778e-18,1.5004268714449262e-18,2.0005691619265684e-18,6.501849776261348e-18,7.001992066742989e-18,2.5007114524082102e-18,9.002561228669556e-18,1.1503272681077768e-17,1.1503272681077768e-17,9.002561228669556e-18,9.902817351536512e-17,4.801365988623764e-17,5.401536737201735e-17,0.0,2.5007114524082102e-18,6.501849776261348e-18,4.501280614334778e-18,5.751636340538883e-17,3.250924888130674e-17,1889.936384750424,1752.6094490943067,1975.058715679935,2051.1838138867674,1095.5549511473605,931.6116559955199,-16.646389819432574,-54.411407719122394,70334.70622392073,8.791838277990093e+23,4.622077865486326e-22,4.903829160176356e-22
5.33181e-07,197529.0,6.58429,3e+22,-491.819,-2068.2,75663.2,4.37155,4.34077,4.42369,0.000331853946,6.41217923e-05,0.0515795249,0.00194766056,0.00195063539,0.00371806784,-1.55693447e-05,1.02232281e-06,-2.17001372e-06,1913.24395,-90.6535281,114.002489,281.677947,2253.72148,68.3279992,3.318744,-28.5070235,5002.18073,2400.0,197528.718213,6.584290607,-240.0,30000 3000,1e-06,2,0.0 0.0259,0.0 0.0,-1.0 0.0,0.00054857 28.0,30000,1000,0,0.0,0.0 0.0 0.0,1000 1000000 0,0,0.0,0,100,0,,80,,1,,,10,1.0,10.0,0.1,True,{},,,False,3,mixed,250,300,True,Ar_Aubin,,False,uniform,Argon_Aubin_Model3-test/80Td,3.0000000000000005e+21,9.457900000000001e+23,3.951124094804972e-17,2.0860984950218338e-13,2.0817272514030245e-13,9.002561228669556e-18,2.0005691619265684e-18,1.0002845809632842e-18,0.0,0.0,2.5007114524082102e-18,5.0014229048164204e-18,1.5004268714449262e-18,1.0002845809632842e-18,1.0002845809632842e-18,5.501565195298063e-18,3.0008537428898524e-18,1.1503272681077768e-17,6.501849776261348e-18,2.5007114524082102e-18,1.5004268714449262e-18,1.0002845809632842e-18,8.502418938187915e-18,5.0014229048164204e-18,1.2503557262041051e-17,1.200341497155941e-17,9.5027035191512e-18,9.5027035191512e-18,1.1203187306788783e-16,4.7513517595756e-17,5.201479821009078e-17,0.0,3.0008537428898524e-18,6.501849776261348e-18,6.001707485779705e-18,5.901679027683377e-17,3.9511240948049725e-17,1872.362522006225,1913.4071620758677,1902.5402104634852,2253.854096690835,1223.0528825308581,1099.5088215863202,-52.59206096970573,117.57989186980589,68666.50011928393,8.583312514910494e+23,5.754078171948886e-22,5.221989150346499e-22
5.55396e-07,197027.0,6.56757,3e+22,917.68,2382.71,61604.3,4.38435,4.35988,4.3693,0.000325038273,3.7711021e-05,0.0531201562,0.00203487176,0.00203684886,0.00393150903,-1.56417194e-05,3.11091419e-06,-2.31780638e-06,1594.01273,58.8528126,9.71270313,168.454759,1947.26767,100.557898,130.369465,-124.812267,4436.48734,2500.0,197027.183191,6.567572773,-240.0,30000 3000,1e-06,2,0.0 0.0259,0.0 0.0,-1.0 0.0,0.00054857 28.0,30000,1000,0,0.0,0.0 0.0 0.0,1000 1000000 0,0,0.0,0,100,0,,80,,1,,,10,1.0,10.0,0.1,True,{},,,False,3,mixed,250,300,True,Ar_Aubin,,False,uniform,Argon_Aubin_Model3-test/80Td,3.0000000000000005e+21,7.700537500000002e+23,3.7510671786123153e-17,2.083147655507992e-13,2.078766409043373e-13,4.001138323853137e-18,0.0,2.5007114524082102e-18,0.0,5.001422904816421e-19,1.5004268714449262e-18,5.0014229048164204e-18,4.501280614334778e-18,1.5004268714449262e-18,3.0008537428898524e-18,3.0008537428898524e-18,4.501280614334778e-18,1.3003699552522696e-17,5.501565195298063e-18,2.5007114524082102e-18,3.0008537428898524e-18,6.001707485779705e-18,8.002276647706274e-18,5.0014229048164204e-18,1.750498016685747e-17,1.8005122457339113e-17,1.0502988100114484e-17,4.501280614334778e-18,9.802788893440184e-17,5.651607882442556e-17,4.40125215623845e-17,0.0,5.501565195298063e-18,5.501565195298063e-18,4.001138323853137e-18,6.351807089116854e-17,3.751067178612316e-17,1962.9111843895844,1593.7144488776332,1940.4156366193336,1947.177815573153,1173.4294851282514,1164.0573014083398,87.2967747483566,71.3111079070101,69348.13804527378,8.668517255659225e+23,5.409038056888332e-22,6.088969728756458e-22
5.77612e-07,197203.0,6.57343,3e+22,-1717.87,-894.669,70419.5,4.34007,4.36494,4.41364,0.000389959628,-1.47074207e-05,0.0545765315,0.00211863092,0.0021161247,0.00414041278,-1.24194945e-05,9.82556398e-06,-1.14753431e-05,1981.1885,-75.9757379,70.1069869,245.986503,1774.47327,-64.0836982,19.5556349,-159.049246,5051.07751,2600.0,197203.030732,6.573434358,-240.0,30000 3000,1e-06,2,0.0 0.0259,0.0 0.0,-1.0 0.0,0.00054857 28.0,30000,1000,0,0.0,0.0 0.0 0.0,1000 1000000 0,0,0.0,0,100,0,,80,,1,,,10,1.0,10.0,0.1,True,{},,,False,3,mixed,250,300,True,Ar_Aubin,,False,uniform,Argon_Aubin_Model3-test/80Td,3.0000000000000005e+21,8.802437500000001e+23,3.150896430034345e-17,2.0815171916410215e-13,2.0775860732378365e-13,3.5009960333714946e-18,1.0002845809632842e-18,1.0002845809632842e-18,0.0,0.0,4.001138323853137e-18,4.501280614334778e-18,4.501280614334778e-18,5.001422904816421e-19,2.0005691619265684e-18,4.001138323853137e-18,1.5004268714449262e-18,1.3503841843004337e-17,6.001707485779705e-18,3.5009960333714946e-18,2.0005691619265684e-18,1.5004268714449262e-18,8.502418938187915e-18,3.0008537428898524e-18,1.200341497155941e-17,1.1003130390596125e-17,9.002561228669556e-18,1.200341497155941e-17,8.152319334850766e-17,5.0014229048164204e-17,6.051721714827869e-17,0.0,4.501280614334778e-18,7.001992066742989e-18,1.5004268714449262e-18,4.801365988623764e-17,3.150896430034345e-17,1884.0726994505055,1981.8583999461523,1784.2411473962627,1774.4601117266297,1171.6147926013919,1207.8254500357502,121.44858868954047,155.95724594395898,65555.53905085997,8.194442381357498e+23,4.806453391512477e-22,4.474465780123893e-22
5.99828e-07,196899.0,6.5633,3e+22,4671.8,-6396.97,65010.5,4.39544,4.3554,4.35136,0.000480458,-5.29814437e-05,0.0561460843,0.00220559671,0.00220044826,0.00436386235,-1.17355223e-05,1.7557361e-05,-1.2654548e-05,2135.59726,-9.98982145,84.3986216,-21.1480357,1872.64907,317.290721,146.627831,-664.494768,4800.29385,2700.0,196898.887931,6.563296264,-240.0,30000 3000,1e-06,2,0.0 0.0259,0.0 0.0,-1.0 0.0,0.00054857 28.0,30000,1000,0,0.0,0.0 0.0 0.0,1000 1000000 0,0,0.0,0,100,0,,80,,1,,,10,1.0,10.0,0.1,True,{},,,False,3,mixed,250,300,True,Ar_Aubin,,False,uniform,Argon_Aubin_Model3-test/80Td,3.0000000000000005e+21,8.126312500000002e+23,3.601024491467822e-17,2.08183728270693e-13,2.077431029127787e-13,8.002276647706274e-18,3.5009960333714946e-18,2.0005691619265684e-18,0.0,1.0002845809632842e-18,4.001138323853137e-18,3.5009960333714946e-18,4.001138323853137e-18,1.0002845809632842e-18,3.5009960333714946e-18,1.0002845809632842e-18,3.5009960333714946e-18,1.6004553295412547e-17,3.5009960333714946e-18,1.5004268714449262e-18,2.5007114524082102e-18,1.0002845809632842e-18,9.002561228669556e-18,5.501565195298063e-18,1.2503557262041051e-17,1.4003984133485978e-17,6.501849776261348e-18,9.5027035191512e-18,1.0252916954873662e-16,5.0014229048164204e-17,5.801650569587048e-17,0.0,6.001707485779705e-18,9.5027035191512e-18,4.001138323853137e-18,5.801650569587048e-17,3.6010244914678226e-17,1955.5142627961425,2133.3526563156,1897.76172189394,1872.3101492940943,1117.7710186799786,1150.20883661485,91.76335735490686,-62.51163884174008,70649.97591814896,8.831246989768622e+23,5.096993232722066e-22,5.539142894559835e-22
6.22044e-07,197149.0,6.57164,3e+22,502.939,6018.53,58082.3,4.33034,4.38414,4.4094,0.00044990703,-4.47139951e-05,0.0576445051,0.00229003549,0.00228827691,0.00458246711,-1.63056568e-05,1.53561495e-05,-1.29463542e-05,1920.90191,260.148534,-123.885712,-10.5965162,1564.82561,65.2220316,-112.358874,149.31317,4707.93214,2800.0,197149.086789,6.571636226,-240.0,30000 3000,1e-06,2,0.0 0.0259,0.0 0.0,-1.0 0.0,0.00054857 28.0,30000,1000,0,0.0,0.0 0.0 0.0,1000 1000000 0,0,0.0,0,100,0,,80,,1,,,10,1.0,10.0,0.1,True,{},,,False,3,mixed,250,300,True,Ar_Aubin,,False,uniform,Argon_Aubin_Model3-test/80Td,3.0000000000000005e+21,7.260287500000002e+23,3.701052949564151e-17,2.0831026427018484e-13,2.0791015043779958e-13,6.501849776261348e-18,1.5004268714449262e-18,3.0008537428898524e-18,0.0,5.001422904816421e-19,3.0008537428898524e-18,5.0014229048164204e-18,4.001138323853137e-18,5.001422904816421e-19,1.0002845809632842e-18,2.0005691619265684e-18,1.5004268714449262e-18,1.2503557262041051e-17,3.0008537428898524e-18,2.0005691619265684e-18,1.5004268714449262e-18,3.0008537428898524e-18,9.002561228669556e-18,3.5009960333714946e-18,1.200341497155941e-17,1.2503557262041051e-17,1.3503841843004337e-17,5.501565195298063e-18,9.302646602958542e-17,5.0014229048164204e-17,5.251494050057242e-17,0.0,5.0014229048164204e-18,5.0014229048164204e-18,1.5004268714449262e-18,4.951408675768256e-17,3.7010529495641515e-17,1901.052929526163,1920.6756342082388,1976.7251763830996,1565.0947225209293,1082.5258935893014,1359.8067014302696,-52.216845356319155,-291.36789083905785,67448.12499155998,8.431015623944997e+23,5.487258467195755e-22,6.372084007630811e-22
6.4426e-07,197244.0,6.57479,3e+22,95.1514,-3722.95,64999.8,4.36478,4.3721,4.38861,0.000423080768,-1.85749063e-05,0.0591511493,0.00237045215,0.00236478249,0.00481596228,-1.15467897e-05,1.51344822e-05,-1.25165786e-05,1623.93916,13.2780428,4.31132985,368.224456,1555.84842,258.716648,-148.098618,-552.26322,4951.7024,2900.0,197243.764962,6.574792165,-240.0,30000 3000,1e-06,2,0.0 0.0259,0.0 0.0,-1.0 0.0,0.00054857 28.0,30000,1000,0,0.0,0.0 0.0 0.0,1000 1000000 0,0,0.0,0,100,0,,80,,1,,,10,1.0,10.0,0.1,True,{},,,False,3,mixed,250,300,True,Ar_Aubin,,False,uniform,Argon_Aubin_Model3-test/80Td,3.0000000000000005e+21,8.124975000000003e+23,3.200910659082509e-17,2.0850381933660126e-13,2.0809370265840636e-13,6.001707485779705e-18,1.5004268714449262e-18,0.0,0.0,1.0002845809632842e-18,5.001422904816421e-19,4.001138323853137e-18,3.5009960333714946e-18,1.0002845809632842e-18,3.5009960333714946e-18,1.5004268714449262e-18,3.0008537428898524e-18,1.3003699552522696e-17,3.5009960333714946e-18,5.001422904816421e-19,2.0005691619265684e-18,1.0002845809632842e-18,8.002276647706274e-18,6.501849776261348e-18,1.1503272681077768e-17,1.200341497155941e-17,9.002561228669556e-18,8.502418938187915e-18,9.752774664392021e-17,5.501565195298063e-17,5.3015082791054065e-17,0.0,5.0014229048164204e-18,8.502418938187915e-18,6.001707485779705e-18,5.201479821009078e-17,3.2009106590825094e-17,1810.4168410776133,1623.8989032726117,1721.9026533746962,1555.7792665525903,1294.6960220615667,1106.88952572986,30.93672151180872,-176.91576812135042,67818.28330159918,8.477285412699898e+23,4.719834391630834e-22,4.924493089336442e-22
6.66476e-07,197108.0,6.57028,3e+22,-516.974,-449.088,59185.7,4.33705,4.39114,4.39244,0.000491028194,-4.06394681e-05,0.0606302578,0.00245511407,0.0024481601,0.00504751818,-1.07604978e-05,2.07686045e-05,-1.45960368e-05,1550.30246,91.7904471,283.782559,-108.638235,1873.93182,33.6314714,-250.547306,-47.7279693,4304.26737,3000.0,197108.250608,6.57027502,-240.0,30000 3000,1e-06,2,0.0 0.0259,0.0 0.0,-1.0 0.0,0.00054857 28.0,30000,1000,0,0.0,0.0 0.0 0.0,1000 1000000 0,0,0.0,0,100,0,,80,,1,,,10,1.0,10.0,0.1,True,{},,,False,3,mixed,250,300,True,Ar_Aubin,,False,uniform,Argon_Aubin_Model3-test/80Td,3.0000000000000005e+21,7.3982125e+23,3.4009675752751654e-17,2.087338847902228e-13,2.0832226768515643e-13,4.501280614334778e-18,1.5004268714449262e-18,1.0002845809632842e-18,0.0,5.001422904816421e-19,1.5004268714449262e-18,3.0008537428898524e-18,3.5009960333714946e-18,5.001422904816421e-19,2.5007114524082102e-18,2.5007114524082102e-18,3.0008537428898524e-18,1.3003699552522696e-17,4.501280614334778e-18,1.5004268714449262e-18,0.0,1.0002845809632842e-18,6.501849776261348e-18,4.001138323853137e-18,9.5027035191512e-18,1.8505264747820757e-17,1.1503272681077768e-17,4.501280614334778e-18,9.902817351536512e-17,5.4515509662498986e-17,5.801650569587048e-17,0.0,4.001138323853137e-18,6.501849776261348e-18,4.001138323853137e-18,5.3015082791054065e-17,3.400967575275166e-17,1904.037393239717,1550.556308809565,1876.5006923144347,1873.9135693025498,1224.0377976231025,715.82312092654,40.001529743933375,35.5176725142714,66578.8241754779,8.322353021934739e+23,5.108182094522178e-22,5.746265694712009e-22
6.88692e-07,197944.0,6.59812,3e+22,-713.676,1669.0,66144.2,4.39046,4.36687,4.41402,0.000430141968,-2.41345712e-05,0.0622283635,0.00255118285,0.00252970723,0.00529252328,-6.57571636e-06,2.18821096e-05,-9.33765395e-06,1866.78288,-472.901963,64.6401114,589.762365,1784.286,-743.83493,-227.85238,-118.009657,5205.96237,3100.0,197943.702805,6.598123427,-240.0,30000 3000,1e-06,2,0.0 0.0259,0.0 0.0,-1.0 0.0,0.00054857 28.0,30000,1000,0,0.0,0.0 0.0 0.0,1000 1000000 0,0,0.0,0,100,0,,80,,1,,,10,1.0,10.0,0.1,True,{},,,False,3,mixed,250,300,True,Ar_Aubin,,False,uniform,Argon_Aubin_Model3-test/80Td,3.0000000000000005e+21,8.268025000000001e+23,4.0011383238531363e-17,2.0874838891664679e-13,2.0834327366135666e-13,4.501280614334778e-18,1.0002845809632842e-18,5.001422904816421e-19,0.0,2.5007114524082102e-18,4.001138323853137e-18,3.5009960333714946e-18,3.0008537428898524e-18,0.0,2.0005691619265684e-18,3.0008537428898524e-18,3.5009960333714946e-18,1.1503272681077768e-17,2.5007114524082102e-18,2.0005691619265684e-18,2.5007114524082102e-18,3.0008537428898524e-18,7.50213435722463e-18,2.5007114524082102e-18,1.450412642396762e-17,1.2503557262041051e-17,9.5027035191512e-18,5.501565195298063e-18,1.0002845809632841e-16,5.201479821009078e-17,5.0014229048164204e-17,0.0,2.0005691619265684e-18,5.501565195298063e-18,4.501280614334778e-18,5.0014229048164204e-17,4.0011383238531363e-17,2163.424992340348,1867.0898619991544,1835.35663846255,1784.326280599333,1095.2524319592733,1089.9170489833004,185.34654675160778,-147.25277541055962,71935.22207067933,8.991902758834917e+23,5.562140782608348e-22,6.049114395295637e-22
7.10907e-07,198999.0,6.63331,3e+22,6965.82,443.387,61012.6,4.40854,4.43205,4.40459,0.000466305042,-2.80966189e-05,0.06386813,0.00262830947,0.00261350487,0.00554903837,-3.35082546e-06,2.14756581e-05,-1.43184466e-05,1851.78613,-26.9341724,-227.149843,-207.732913,2051.19791,-330.803235,493.503899,130.525368,5012.09424,3200.0,198999.337607,6.633311254,-240.0,30000 3000,1e-06,2,0.0 0.0259,0.0 0.0,-1.0 0.0,0.00054857 28.0,30000,1000,0,0.0,0.0 0.0 0.0,1000 1000000 0,0,0.0,0,100,0,,80,,1,,,10,1.0,10.0,0.1,True,{},,,False,3,mixed,250,300,True,Ar_Aubin,,False,uniform,Argon_Aubin_Model3-test/80Td,3.0000000000000005e+21,7.626575000000001e+23,3.0008537428898516e-17,2.0997473781290777e-13,2.0956512127700332e-13,4.001138323853137e-18,2.5007114524082102e-18,1.5004268714449262e-18,0.0,1.0002845809632842e-18,2.5007114524082102e-18,6.501849776261348e-18,4.001138323853137e-18,1.0002845809632842e-18,2.5007114524082102e-18,2.5007114524082102e-18,4.001138323853137e-18,1.450412642396762e-17,8.002276647706274e-18,2.5007114524082102e-18,3.0008537428898524e-18,4.001138323853137e-18,7.50213435722463e-18,2.5007114524082102e-18,1.1503272681077768e-17,9.5027035191512e-18,8.502418938187915e-18,9.5027035191512e-18,9.802788893440184e-17,4.651323301479271e-17,5.3515225081535703e-17,0.0,4.001138323853137e-18,7.50213435722463e-18,2.0005691619265684e-18,5.501565195298063e-17,3.000853742889852e-17,1735.1131784091583,1848.5379330123355,1885.9788047644581,2051.210367675564,1119.6099233259451,1115.3335715620005,-154.00914663831261,-206.99032432212917,73810.49158485561,9.226311448106953e+23,4.0656195053787787e-22,4.918416430196142e-22
7.33123e-07,198698.0,6.62328,3e+22,-4743.79,3083.98,71999.0,4.41099,4.37061,4.4353,0.000511539446,1.10281982e-05,0.0654019598,0.00272037611,0.00269786315,0.00580062272,1.93540404e-06,2.12518942e-05,-7.9902441e-06,1663.42733,45.3321117,-157.668705,57.3104693,1286.05598,485.253988,-348.87762,186.048929,5705.38428,3300.0,198698.376107,6.623279204,-240.0,30000 3000,1e-06,2,0.0 0.0259,0.0 0.0,-1.0 0.0,0.00054857 28.0,30000,1000,0,0.0,0.0 0.0 0.0,1000 1000000 0,0,0.0,0,100,0,,80,,1,,,10,1.0,10.0,0.1,True,{},,,False,3,mixed,250,300,True,Ar_Aubin,,False,uniform,Argon_Aubin_Model3-test/80Td,3.0000000000000005e+21,8.999875000000002e+23,4.0011383238531363e-17,2.105764089883572e-13,2.1014778704541443e-13,3.5009960333714946e-18,2.5007114524082102e-18,1.0002845809632842e-18,0.0,1.0002845809632842e-18,5.0014229048164204e-18,2.5007114524082102e-18,6.501849776261348e-18,5.001422904816421e-19,2.0005691619265684e-18,2.5007114524082102e-18,7.001992066742989e-18,1.3503841843004337e-17,9.002561228669556e-18,3.0008537428898524e-18,1.5004268714449262e-18,3.5009960333714946e-18,9.002561228669556e-18,1.0002845809632842e-18,1.4003984133485978e-17,1.3503841843004337e-17,1.1003130390596125e-17,9.002561228669556e-18,9.452689290103034e-17,5.251494050057242e-17,4.901394446720092e-17,0.0,3.0008537428898524e-18,4.501280614334778e-18,1.5004268714449262e-18,6.151750172924198e-17,4.0011383238531363e-17,2071.0934012887365,1665.8539657085403,1898.6164818629495,1286.0219692573153,1199.7270877183005,996.5085763597999,-175.43359221525205,-233.12349069291196,69041.9834442904,8.6302479305363e+23,5.795225056188649e-22,5.557213744431362e-22
7.55339e-07,197877.0,6.5959,3e+22,5844.93,5678.1,71353.5,4.38872,4.42339,4.35037,0.000476247825,0.000133788596,0.0668514411,0.00280175715,0.00278472407,0.00604147903,3.83891672e-06,1.66442213e-05,2.75847984e-07,2203.11885,73.830395,230.133844,183.20372,1550.48181,230.816102,206.15722,455.938623,5815.82198,3400.0,197877.030937,6.595901031,-240.0,30000 3000,1e-06,2,0.0 0.0259,0.0 0.0,-1.0 0.0,0.00054857 28.0,30000,1000,0,0.0,0.0 0.0 0.0,1000 1000000 0,0,0.0,0,100,0,,80,,1,,,10,1.0,10.0,0.1,True,{},,,False,3,mixed,250,300,True,Ar_Aubin,,False,uniform,Argon_Aubin_Model3-test/80Td,3.0000000000000005e+21,8.9191875e+23,4.1011667819494646e-17,2.1029132788278263e-13,2.0986370622442086e-13,7.001992066742989e-18,1.5004268714449262e-18,1.0002845809632842e-18,0.0,5.001422904816421e-19,2.0005691619265684e-18,4.501280614334778e-18,4.001138323853137e-18,1.0002845809632842e-18,2.0005691619265684e-18,2.5007114524082102e-18,4.001138323853137e-18,1.2503557262041051e-17,5.0014229048164204e-18,5.001422904816421e-19,2.0005691619265684e-18,2.5007114524082102e-18,8.002276647706274e-18,3.5009960333714946e-18,9.002561228669556e-18,1.450412642396762e-17,1.0002845809632841e-17,1.0502988100114484e-17,9.602731977247528e-17,5.401536737201735e-17,5.801650569587048e-17,0.0,6.501849776261348e-18,9.5027035191512e-18,2.5007114524082102e-18,5.201479821009078e-17,4.1011667819494646e-17,1832.3790756619499,2200.3352148002227,1954.5267631006543,1549.7221449730523,1106.3580258743943,1045.7376774711493,-134.58127010764045,11.567121190239448,65245.22076530771,8.155652595663465e+23,6.285773477112891e-22,5.747674300418991e-22
7.77555e-07,198312.0,6.61039,3e+22,-5169.41,6706.23,73919.8,4.39309,4.35737,4.43884,0.000494400007,0.000179268593,0.0683720588,0.00289038097,0.00287401209,0.00630055812,1.10698514e-06,1.7761248e-05,8.01179568e-07,1438.36114,233.306806,-115.208796,-109.370936,2035.87599,-608.856263,-391.019384,715.112647,5967.75057,3500.0,198311.681843,6.610389395,-240.0,30000 3000,1e-06,2,0.0 0.0259,0.0 0.0,-1.0 0.0,0.00054857 28.0,30000,1000,0,0.0,0.0 0.0 0.0,1000 1000000 0,0,0.0,0,100,0,,80,,1,,,10,1.0,10.0,0.1,True,{},,,False,3,mixed,250,300,True,Ar_Aubin,,False,uniform,Argon_Aubin_Model3-test/80Td,3.0000000000000005e+21,9.239975000000002e+23,3.200910659082509e-17,2.099522314098361e-13,2.0955061715057937e-13,4.001138323853137e-18,5.001422904816421e-19,2.5007114524082102e-18,0.0,0.0,2.5007114524082102e-18,4.001138323853137e-18,3.0008537428898524e-18,0.0,1.0002845809632842e-18,2.5007114524082102e-18,2.0005691619265684e-18,1.1503272681077768e-17,4.001138323853137e-18,1.5004268714449262e-18,2.0005691619265684e-18,3.0008537428898524e-18,6.001707485779705e-18,6.501849776261348e-18,1.0002845809632841e-17,1.450412642396762e-17,9.002561228669556e-18,7.001992066742989e-18,1.0352945412969991e-16,5.3515225081535703e-17,5.10145136291275e-17,0.0,5.501565195298063e-18,6.001707485779705e-18,4.001138323853137e-18,4.901394446720092e-17,3.2009106590825094e-17,1994.2068658909998,1440.9168963401858,2009.2317250254068,2034.6737735835657,1203.0987400040858,913.7016579157598,-38.1828432489252,-189.3309251561306,68447.26974824295,8.55590871853037e+23,4.676462145029059e-22,4.330247997265291e-22
7.99771e-07,197704.0,6.59014,3e+22,4981.17,-1439.5,61879.8,4.38803,4.35183,4.41849,0.000454043718,0.000138249056,0.0698838041,0.002972747,0.00296167189,0.00656316522,2.21190505e-07,1.26411766e-05,3.60236687e-06,1825.0423,-216.953918,-20.3144005,350.855722,1931.03714,-30.4210559,283.964598,-383.882627,5464.07991,3600.0,197704.177813,6.59013926,-240.0,30000 3000,1e-06,2,0.0 0.0259,0.0 0.0,-1.0 0.0,0.00054857 28.0,30000,1000,0,0.0,0.0 0.0 0.0,1000 1000000 0,0,0.0,0,100,0,,80,,1,,,10,1.0,10.0,0.1,True,{},,,False,3,mixed,250,300,True,Ar_Aubin,,False,uniform,Argon_Aubin_Model3-test/80Td,3.0000000000000005e+21,7.734975000000003e+23,3.701052949564151e-17,2.1005676114854674e-13,2.09614635363761e-13,4.001138323853137e-18,2.0005691619265684e-18,1.0002845809632842e-18,0.0,5.001422904816421e-19,1.5004268714449262e-18,5.0014229048164204e-18,5.501565195298063e-18,5.001422904816421e-19,2.5007114524082102e-18,3.0008537428898524e-18,2.0005691619265684e-18,1.450412642396762e-17,3.5009960333714946e-18,2.5007114524082102e-18,2.5007114524082102e-18,2.5007114524082102e-18,9.002561228669556e-18,4.001138323853137e-18,1.1003130390596125e-17,1.1003130390596125e-17,1.200341497155941e-17,8.002276647706274e-18,1.1503272681077767e-16,6.151750172924198e-17,6.051721714827869e-17,0.0,5.0014229048164204e-18,5.0014229048164204e-18,5.0014229048164204e-18,4.5012806143347784e-17,3.7010529495641515e-17,1854.624518229429,1822.78063105321,1973.19992498506,1931.236149516112,1206.330805042346,1139.6840890528201,-137.16425137956315,-112.54904542989337,68047.8981270174,8.505987265877176e+23,5.438893854819453e-22,5.981035733089232e-22
8.21987e-07,197161.0,6.57202,3e+22,-4115.37,1240.41,67242.6,4.39129,4.34523,4.38172,0.000503847894,0.000273122742,0.0713650347,0.00305708576,0.00304832483,0.00682339271,3.97303886e-06,1.35590322e-05,1.4618909e-05,1845.35751,4.81389332,-112.544561,95.584123,1754.70472,127.86734,-491.035381,-242.759821,6215.90637,3700.0,197160.723971,6.572024132,-240.0,30000 3000,1e-06,2,0.0 0.0259,0.0 0.0,-1.0 0.0,0.00054857 28.0,30000,1000,0,0.0,0.0 0.0 0.0,1000 1000000 0,0,0.0,0,100,0,,80,,1,,,10,1.0,10.0,0.1,True,{},,,False,3,mixed,250,300,True,Ar_Aubin,,False,uniform,Argon_Aubin_Model3-test/80Td,3.0000000000000005e+21,8.405325000000002e+23,3.551010262419658e-17,2.0892944042580111e-13,2.085038193366013e-13,6.501849776261348e-18,5.001422904816421e-19,1.0002845809632842e-18,0.0,1.0002845809632842e-18,4.001138323853137e-18,2.5007114524082102e-18,3.0008537428898524e-18,2.5007114524082102e-18,3.0008537428898524e-18,4.001138323853137e-18,1.5004268714449262e-18,1.200341497155941e-17,4.001138323853137e-18,1.0002845809632842e-18,5.0014229048164204e-18,5.0014229048164204e-18,6.501849776261348e-18,2.0005691619265684e-18,1.2503557262041051e-17,1.5504411004930906e-17,1.0502988100114484e-17,8.002276647706274e-18,1.0352945412969991e-16,4.901394446720092e-17,5.401536737201735e-17,0.0,5.0014229048164204e-18,7.001992066742989e-18,3.0008537428898524e-18,5.701622111490719e-17,3.551010262419659e-17,1897.0884140990702,1847.4310305075307,1948.9972670314328,1754.3659358195957,1147.9478156404398,1417.1358876817794,-148.94578195275784,-343.7664615437453,66674.34585139446,8.334293231424309e+23,5.325901914859792e-22,5.280893752501625e-22
8.44203e-07,197779.0,6.59265,3e+22,-3770.83,-3735.82,57181.4,4.38465,4.34754,4.43436,0.000545952566,0.000264681716,0.0729301571,0.00314868357,0.00313435822,0.0070992866,-2.28207236e-07,1.98487302e-05,9.29919916e-06,1616.81201,-28.3717006,177.864993,143.013005,2189.86719,-376.503873,-901.359003,-176.514346,4485.29987,3800.0,197779.45693,6.592648564,-240.0,30000 3000,1e-06,2,0.0 0.0259,0.0 0.0,-1.0 0.0,0.00054857 28.0,30000,1000,0,0.0,0.0 0.0 0.0,1000 1000000 0,0,0.0,0,100,0,,80,,1,,,10,1.0,10.0,0.1,True,{},,,False,3,mixed,250,300,True,Ar_Aubin,,False,uniform,Argon_Aubin_Model3-test/80Td,3.0000000000000005e+21,7.147675000000001e+23,3.801081407660479e-17,2.089844560777541e-13,2.08579340822464e-13,3.0008537428898524e-18,5.001422904816421e-19,5.001422904816421e-19,0.0,5.001422904816421e-19,3.0008537428898524e-18,2.0005691619265684e-18,5.0014229048164204e-18,0.0,3.5009960333714946e-18,1.5004268714449262e-18,5.501565195298063e-18,1.0002845809632841e-17,3.5009960333714946e-18,3.0008537428898524e-18,2.0005691619265684e-18,3.0008537428898524e-18,8.502418938187915e-18,3.5009960333714946e-18,1.5504411004930906e-17,1.2503557262041051e-17,1.0002845809632841e-17,5.501565195298063e-18,9.552717748199364e-17,5.251494050057242e-17,5.3515225081535703e-17,0.0,5.0014229048164204e-18,7.50213435722463e-18,4.001138323853137e-18,4.7013375305274356e-17,3.80108140766048e-17,2060.5424154764414,1618.8707043144498,1936.4043235118222,2190.855993248267,1126.541195754463,315.05138480205915,109.39975563915009,-479.70511776007936,70450.55118181156,8.806318897726447e+23,5.395389168568799e-22,6.64740878617956e-22
8.66418e-07,198229.0,6.60764,3e+22,10302.0,7025.82,71074.9,4.42445,4.41665,4.34457,0.000564429863,0.000268580346,0.0744458977,0.00323939874,0.00322800354,0.00736994661,-3.62968308e-06,1.89832024e-05,4.82761316e-06,2020.44638,-313.69531,-264.817219,-601.316251,2788.18866,225.636459,668.440884,836.189965,6269.67513,3900.0,198229.206318,6.607640211,-240.0,30000 3000,1e-06,2,0.0 0.0259,0.0 0.0,-1.0 0.0,0.00054857 28.0,30000,1000,0,0.0,0.0 0.0 0.0,1000 1000000 0,0,0.0,0,100,0,,80,,1,,,10,1.0,10.0,0.1,True,{},,,False,3,mixed,250,300,True,Ar_Aubin,,False,uniform,Argon_Aubin_Model3-test/80Td,3.0000000000000005e+21,8.884362500000001e+23,3.5009960333714937e-17,2.097181648178907e-13,2.0932255226611972e-13,5.0014229048164204e-18,1.5004268714449262e-18,5.001422904816421e-19,0.0,5.001422904816421e-19,2.0005691619265684e-18,6.001707485779705e-18,6.501849776261348e-18,0.0,2.5007114524082102e-18,1.0002845809632842e-18,3.0008537428898524e-18,1.0502988100114484e-17,5.501565195298063e-18,2.5007114524082102e-18,2.0005691619265684e-18,3.5009960333714946e-18,6.001707485779705e-18,3.5009960333714946e-18,1.500426871444926e-17,8.502418938187915e-18,7.50213435722463e-18,7.001992066742989e-18,9.15260391581405e-17,4.551294843382943e-17,4.901394446720092e-17,0.0,3.0008537428898524e-18,7.001992066742989e-18,5.0014229048164204e-18,5.95169325673154e-17,3.500996033371494e-17,2041.2104198811664,2014.631623551374,2107.5725270758294,2786.3016628334663,1064.0158686304765,978.4403955622702,-138.12671249847617,-403.43476917513874,68227.73779140147,8.528467223925185e+23,5.13133828953173e-22,4.925783973486412e-22
8.88634e-07,198229.0,6.60765,3e+22,-1045.98,6908.79,56830.8,4.41805,4.39605,4.38255,0.000610020504,0.00033208577,0.0760036855,0.0033276429,0.00331848067,0.00764949265,-7.26701475e-06,2.34363597e-05,1.58166404e-05,1706.68012,220.445982,-57.1789469,-108.844627,1645.93919,-152.048939,-404.784317,745.380032,5252.42846,4000.0,198229.435974,6.607647866,-240.0,30000 3000,1e-06,2,0.0 0.0259,0.0 0.0,-1.0 0.0,0.00054857 28.0,30000,1000,0,0.0,0.0 0.0 0.0,1000 1000000 0,0,0.0,0,100,0,,80,,1,,,10,1.0,10.0,0.1,True,{},,,False,3,mixed,250,300,True,Ar_Aubin,,False,uniform,Argon_Aubin_Model3-test/80Td,3.0000000000000005e+21,7.103850000000002e+23,3.4009675752751654e-17,2.1012578078463323e-13,2.0969615855710953e-13,7.50213435722463e-18,1.5004268714449262e-18,0.0,0.0,5.001422904816421e-19,2.0005691619265684e-18,5.501565195298063e-18,5.0014229048164204e-18,1.5004268714449262e-18,2.5007114524082102e-18,3.5009960333714946e-18,2.0005691619265684e-18,1.200341497155941e-17,3.5009960333714946e-18,2.0005691619265684e-18,1.0002845809632842e-18,2.0005691619265684e-18,9.002561228669556e-18,2.5007114524082102e-18,1.1003130390596125e-17,1.450412642396762e-17,9.5027035191512e-18,1.0002845809632841e-17,1.1603301139174096e-16,5.0514371338645855e-17,5.551579424346227e-17,0.0,4.001138323853137e-18,5.501565195298063e-18,4.501280614334778e-18,5.10145136291275e-17,3.400967575275166e-17,1984.8535520718378,1707.318189246774,2035.4562372809742,1643.6448791530818,1016.7833573241443,933.0782100865999,4.89913103477788,-417.1328821994332,70120.4002538723,8.765050031734038e+23,4.850182775571581e-22,5.984373922723533e-22
9.1085e-07,197994.0,6.5998,3e+22,3768.91,3888.09,74458.2,4.39404,4.39146,4.3824,0.000645554451,0.00039078636,0.0775269275,0.00340303546,0.00340591947,0.00793531241,-3.22844553e-06,2.86143743e-05,1.89145791e-05,1690.52395,141.343501,77.5929443,37.0718379,1996.64967,-559.085539,-74.7485535,428.655624,6932.89647,4100.0,197993.908523,6.599796951,-240.0,30000 3000,1e-06,2,0.0 0.0259,0.0 0.0,-1.0 0.0,0.00054857 28.0,30000,1000,0,0.0,0.0 0.0 0.0,1000 1000000 0,0,0.0,0,100,0,,80,,1,,,10,1.0,10.0,0.1,True,{},,,False,3,mixed,250,300,True,Ar_Aubin,,False,uniform,Argon_Aubin_Model3-test/80Td,3.0000000000000005e+21,9.307275000000002e+23,3.5009960333714937e-17,2.0992022230324525e-13,2.0949310078717398e-13,4.501280614334778e-18,2.0005691619265684e-18,5.001422904816421e-19,0.0,1.0002845809632842e-18,5.0014229048164204e-18,2.0005691619265684e-18,4.001138323853137e-18,2.0005691619265684e-18,1.5004268714449262e-18,2.5007114524082102e-18,1.5004268714449262e-18,1.3503841843004337e-17,5.501565195298063e-18,2.5007114524082102e-18,3.0008537428898524e-18,4.501280614334778e-18,1.0502988100114484e-17,3.5009960333714946e-18,1.3003699552522696e-17,1.500426871444926e-17,9.002561228669556e-18,8.002276647706274e-18,1.0853087703451633e-16,4.651323301479271e-17,5.4515509662498986e-17,0.0,3.0008537428898524e-18,5.0014229048164204e-18,2.5007114524082102e-18,5.751636340538883e-17,3.500996033371494e-17,1695.8112087760267,1688.0909133740815,1966.9778622399856,1995.1302574615477,1169.331019509754,1160.3809968195,67.2476926250205,-337.41444394747316,68565.3968554051,8.570674606925639e+23,5.106068358000769e-22,4.701961682355327e-22
9.33066e-07,197904.0,6.59681,3e+22,5917.73,-6271.54,60798.6,4.4021,4.36282,4.40727,0.000708666995,0.000521045045,0.0790738513,0.00348386129,0.00349679525,0.0082300478,4.35096997e-06,4.01825586e-05,3.14421739e-05,1174.18423,166.35719,283.747786,-191.200824,1717.21431,493.815173,425.016722,-659.871818,5618.52443,4200.0,197904.423939,6.596814131,-240.0,30000 3000,1e-06,2,0.0 0.0259,0.0 0.0,-1.0 0.0,0.00054857 28.0,30000,1000,0,0.0,0.0 0.0 0.0,1000 1000000 0,0,0.0,0,100,0,,80,,1,,,10,1.0,10.0,0.1,True,{},,,False,3,mixed,250,300,True,Ar_Aubin,,False,uniform,Argon_Aubin_Model3-test/80Td,3.0000000000000005e+21,7.599825000000001e+23,4.701337530527435e-17,2.0927203789478108e-13,2.0884741709016217e-13,6.001707485779705e-18,5.001422904816421e-19,5.001422904816421e-19,0.0,0.0,3.5009960333714946e-18,3.0008537428898524e-18,5.0014229048164204e-18,0.0,2.0005691619265684e-18,1.0002845809632842e-18,2.0005691619265684e-18,1.0502988100114484e-17,3.5009960333714946e-18,3.0008537428898524e-18,3.0008537428898524e-18,2.5007114524082102e-18,6.001707485779705e-18,1.5004268714449262e-18,1.2503557262041051e-17,1.450412642396762e-17,1.0002845809632841e-17,7.50213435722463e-18,1.02029027258255e-16,4.901394446720092e-17,5.751636340538883e-17,0.0,6.501849776261348e-18,4.001138323853137e-18,5.0014229048164204e-18,5.551579424346227e-17,4.7013375305274356e-17,1817.175123209131,1169.9905300636788,2042.6137595200478,1720.4820648415193,1181.2692300501965,810.9449743518207,251.1268432128098,197.74084478424402,69631.381127931,8.703922640991376e+23,6.751751084600565e-22,7.732641097866456e-22
9.55282e-07,198611.0,6.62036,3e+22,6333.54,-2276.82,62811.5,4.38423,4.39334,4.44048,0.000829976434,0.000464969082,0.0806706431,0.00356098859,0.00357670825,0.0085330483,5.14559242e-06,5.46577112e-05,2.42839688e-05,1933.02189,-111.102691,200.022939,33.9921587,1813.17397,-153.119345,471.206381,-222.473352,5909.20332,4300.0,198610.934361,6.620364479,-240.0,30000 3000,1e-06,2,0.0 0.0259,0.0 0.0,-1.0 0.0,0.00054857 28.0,30000,1000,0,0.0,0.0 0.0 0.0,1000 1000000 0,0,0.0,0,100,0,,80,,1,,,10,1.0,10.0,0.1,True,{},,,False,3,mixed,250,300,True,Ar_Aubin,,False,uniform,Argon_Aubin_Model3-test/80Td,3.0000000000000005e+21,7.851437500000002e+23,3.551010262419658e-17,2.097891850231391e-13,2.0937806806036321e-13,6.501849776261348e-18,3.0008537428898524e-18,3.0008537428898524e-18,0.0,0.0,2.5007114524082102e-18,5.501565195298063e-18,3.5009960333714946e-18,0.0,2.0005691619265684e-18,2.5007114524082102e-18,3.5009960333714946e-18,1.450412642396762e-17,2.5007114524082102e-18,1.0002845809632842e-18,2.5007114524082102e-18,1.5004268714449262e-18,9.5027035191512e-18,3.0008537428898524e-18,1.2503557262041051e-17,1.5504411004930906e-17,1.1003130390596125e-17,7.001992066742989e-18,1.0002845809632841e-16,5.0514371338645855e-17,5.3015082791054065e-17,0.0,2.0005691619265684e-18,9.002561228669556e-18,4.001138323853137e-18,4.4512663852866145e-17,3.551010262419659e-17,1731.6572371321215,1927.7652010562035,1799.7986057666592,1814.2326209052792,1078.5473747841913,842.1592209243499,160.13073948042367,108.16651031623508,71876.07974468723,8.984509968085906e+23,4.940461799020325e-22,5.653439676523659e-22
9.77498e-07,197775.0,6.59251,3e+22,-7413.53,-737.634,69164.2,4.38063,4.4082,4.36868,0.00082499541,0.000427039399,0.0821224751,0.00364315564,0.00366008233,0.00881407431,4.17950693e-06,5.67090939e-05,1.66469726e-05,2144.74424,-70.8050837,-63.8474524,-142.482199,1525.9504,85.430733,-773.390133,-485.034365,6639.34605,4400.0,197775.397281,6.592513243,-240.0,30000 3000,1e-06,2,0.0 0.0259,0.0 0.0,-1.0 0.0,0.00054857 28.0,30000,1000,0,0.0,0.0 0.0 0.0,1000 1000000 0,0,0.0,0,100,0,,80,,1,,,10,1.0,10.0,0.1,True,{},,,False,3,mixed,250,300,True,Ar_Aubin,,False,uniform,Argon_Aubin_Model3-test/80Td,3.0000000000000005e+21,8.645525000000001e+23,3.951124094804972e-17,2.0964414375889938e-13,2.0921202081992328e-13,3.5009960333714946e-18,1.0002845809632842e-18,1.5004268714449262e-18,0.0,5.001422904816421e-19,3.5009960333714946e-18,1.5004268714449262e-18,5.0014229048164204e-18,1.0002845809632842e-18,2.0005691619265684e-18,2.0005691619265684e-18,4.001138323853137e-18,1.0002845809632841e-17,2.0005691619265684e-18,4.001138323853137e-18,2.5007114524082102e-18,2.5007114524082102e-18,1.0502988100114484e-17,5.501565195298063e-18,1.0002845809632841e-17,1.450412642396762e-17,9.5027035191512e-18,7.001992066742989e-18,1.0703045016307141e-16,5.851664798635212e-17,6.351807089116854e-17,0.0,4.501280614334778e-18,6.001707485779705e-18,2.5007114524082102e-18,4.7013375305274356e-17,3.9511240948049725e-17,1849.4702770194801,2150.8603682218973,1877.21212282459,1526.265398780042,1005.5354862386073,959.4107576885808,56.51134427528988,-285.480300108219,65351.032368708904,8.168879046088614e+23,6.046001037157038e-22,5.712672299838604e-22
9.99714e-07,198286.0,6.60953,3e+22,-5068.04,2318.58,67123.0,4.42839,4.38009,4.38477,0.000780270471,0.000448388826,0.0837048506,0.00373124364,0.00374514571,0.00912944178,1.10331611e-05,5.2421396e-05,2.46126623e-05,1510.08473,61.6820187,207.641727,-192.578016,2472.46086,621.799797,15.3524474,312.598599,6748.93411,4500.0,198285.794959,6.609526499,-240.0,30000 3000,1e-06,2,0.0 0.0259,0.0 0.0,-1.0 0.0,0.00054857 28.0,30000,1000,0,0.0,0.0 0.0 0.0,1000 1000000 0,0,0.0,0,100,0,,80,,1,,,10,1.0,10.0,0.1,True,{},,,False,3,mixed,250,300,True,Ar_Aubin,,False,uniform,Argon_Aubin_Model3-test/80Td,3.0000000000000005e+21,8.390375000000002e+23,2.9008252847935234e-17,2.0930204643220997e-13,2.0888442761965782e-13,4.001138323853137e-18,1.5004268714449262e-18,2.5007114524082102e-18,0.0,5.001422904816421e-19,1.0002845809632842e-18,4.001138323853137e-18,2.5007114524082102e-18,0.0,2.0005691619265684e-18,2.0005691619265684e-18,1.5004268714449262e-18,1.200341497155941e-17,4.001138323853137e-18,1.0002845809632842e-18,2.5007114524082102e-18,3.5009960333714946e-18,6.501849776261348e-18,4.501280614334778e-18,1.3003699552522696e-17,1.3003699552522696e-17,9.002561228669556e-18,8.502418938187915e-18,1.095311616154796e-16,5.851664798635212e-17,5.0014229048164204e-17,0.0,4.501280614334778e-18,9.002561228669556e-18,4.501280614334778e-18,5.3515225081535703e-17,2.900825284793524e-17,1984.1598904074747,1514.039171957847,1914.0500746991263,2471.421234635813,1192.082530570414,1130.4134231762,-83.24920832860015,594.839610609891,71227.1616274835,8.903395203435439e+23,4.072639170945455e-22,4.321656190565862e-22
1.02193e-06,198162.0,6.60538,3e+22,-1091.19,-2288.67,60166.0,4.37193,4.41562,4.40261,0.000737534781,0.000425477103,0.0852197595,0.00381884678,0.00383329485,0.009438991,4.86452777e-06,4.81317437e-05,2.88172392e-05,1964.9598,-280.564722,377.607615,-13.8184742,1571.16819,14.4730851,-38.3942605,-38.3017715,6104.56268,4600.0,198161.512262,6.605383742,-240.0,30000 3000,1e-06,2,0.0 0.0259,0.0 0.0,-1.0 0.0,0.00054857 28.0,30000,1000,0,0.0,0.0 0.0 0.0,1000 1000000 0,0,0.0,0,100,0,,80,,1,,,10,1.0,10.0,0.1,True,{},,,False,3,mixed,250,300,True,Ar_Aubin,,False,uniform,Argon_Aubin_Model3-test/80Td,3.0000000000000005e+21,7.520750000000001e+23,3.601024491467822e-17,2.1004775858731809e-13,2.096286393478945e-13,3.5009960333714946e-18,2.0005691619265684e-18,1.0002845809632842e-18,0.0,5.001422904816421e-19,5.0014229048164204e-18,3.5009960333714946e-18,5.0014229048164204e-18,1.0002845809632842e-18,1.5004268714449262e-18,3.5009960333714946e-18,5.0014229048164204e-18,1.2503557262041051e-17,1.0502988100114484e-17,1.5004268714449262e-18,1.5004268714449262e-18,4.001138323853137e-18,6.001707485779705e-18,3.0008537428898524e-18,1.0502988100114484e-17,1.3503841843004337e-17,1.3003699552522696e-17,1.0002845809632841e-17,9.902817351536512e-17,4.1011667819494646e-17,5.801650569587048e-17,0.0,4.501280614334778e-18,6.501849776261348e-18,4.501280614334778e-18,5.201479821009078e-17,3.6010244914678226e-17,1973.0914447474445,1965.7645905776794,1984.3706933796166,1572.141966681323,1207.3295416904307,977.2306299229995,-82.36289131021225,387.829786235159,68190.30064053225,8.523787580066533e+23,5.280845600682653e-22,5.98514857472297e-22
1.04415e-06,197740.0,6.59134,3e+22,-4675.74,1124.26,66108.1,4.34959,4.42369,4.38443,0.000745428173,0.000437186682,0.0866842834,0.00390834135,0.00392705805,0.00974585985,3.65784851e-06,4.75381048e-05,3.60576982e-05,1500.84755,91.3233518,25.0322428,110.533591,1872.87294,75.9714377,-725.515586,-45.8427082,6694.81476,4700.0,197740.255367,6.591341846,-240.0,30000 3000,1e-06,2,0.0 0.0259,0.0 0.0,-1.0 0.0,0.00054857 28.0,30000,1000,0,0.0,0.0 0.0 0.0,1000 1000000 0,0,0.0,0,100,0,,80,,1,,,10,1.0,10.0,0.1,True,{},,,False,3,mixed,250,300,True,Ar_Aubin,,False,uniform,Argon_Aubin_Model3-test/80Td,3.0000000000000005e+21,8.263512500000002e+23,3.551010262419658e-17,2.0987120835877808e-13,2.0945258926164493e-13,4.001138323853137e-18,3.0008537428898524e-18,2.0005691619265684e-18,0.0,5.001422904816421e-19,5.001422904816421e-19,3.5009960333714946e-18,3.0008537428898524e-18,1.5004268714449262e-18,4.001138323853137e-18,2.0005691619265684e-18,2.5007114524082102e-18,1.3003699552522696e-17,1.5004268714449262e-18,1.5004268714449262e-18,2.0005691619265684e-18,4.001138323853137e-18,9.002561228669556e-18,4.001138323853137e-18,1.1003130390596125e-17,1.3503841843004337e-17,1.2503557262041051e-17,5.501565195298063e-18,9.402675061054871e-17,5.10145136291275e-17,6.801935150550332e-17,0.0,4.501280614334778e-18,7.50213435722463e-18,5.0014229048164204e-18,4.901394446720092e-17,3.551010262419659e-17,2013.937414016169,1504.332978325623,2110.045025640631,1872.3814285008946,1240.3564714083968,964.2814845644589,-106.14061293807829,-344.44901213878535,65922.33040299968,8.240291300374962e+23,5.386657663209788e-22,5.371520679643883e-22
1.06636e-06,197822.0,6.59408,3e+22,-6848.74,5262.61,61366.0,4.33761,4.38513,4.4436,0.000690459829,0.000516454544,0.0882715519,0.00398694422,0.0040175877,0.010075469,6.33866606e-06,4.29803817e-05,3.73867252e-05,1250.18348,504.514474,542.175273,86.4065651,1982.95967,100.766527,-766.407999,496.759739,6356.67609,4800.0,197822.440045,6.594081335,-240.0,30000 3000,1e-06,2,0.0 0.0259,0.0 0.0,-1.0 0.0,0.00054857 28.0,30000,1000,0,0.0,0.0 0.0 0.0,1000 1000000 0,0,0.0,0,100,0,,80,,1,,,10,1.0,10.0,0.1,True,{},,,False,3,mixed,250,300,True,Ar_Aubin,,False,uniform,Argon_Aubin_Model3-test/80Td,3.0000000000000005e+21,7.670750000000001e+23,4.0511525529013e-17,2.0926603618729525e-13,2.0883291296373823e-13,5.501565195298063e-18,1.5004268714449262e-18,2.0005691619265684e-18,0.0,5.001422904816421e-19,2.5007114524082102e-18,1.5004268714449262e-18,3.5009960333714946e-18,1.5004268714449262e-18,1.5004268714449262e-18,2.0005691619265684e-18,5.501565195298063e-18,1.3003699552522696e-17,3.0008537428898524e-18,1.5004268714449262e-18,2.5007114524082102e-18,3.5009960333714946e-18,1.0502988100114484e-17,1.0002845809632842e-18,1.450412642396762e-17,1.200341497155941e-17,1.3503841843004337e-17,7.001992066742989e-18,1.0903101932499797e-16,5.3015082791054065e-17,6.151750172924198e-17,0.0,3.5009960333714946e-18,6.001707485779705e-18,4.501280614334778e-18,4.551294843382943e-17,4.051152552901301e-17,1770.8442688713617,1254.9122598492654,2035.7954640347652,1980.2417711522,1168.245800015386,939.8040361046005,-40.00633455148724,337.9454244931918,71447.4092879419,8.93092616099274e+23,5.670118193613787e-22,6.60162394958332e-22
1.08858e-06,197746.0,6.59152,3e+22,-1616.15,-5903.68,66647.8,4.41692,4.34702,4.39364,0.000679901644,0.000539978103,0.0897651758,0.00406453039,0.00410186636,0.0103964886,5.9487272e-06,4.39759351e-05,3.8264953e-05,2465.50545,-228.955366,39.5451906,57.7009887,1859.3905,48.3859363,-522.687256,-832.326253,7125.57212,4900.0,197745.670505,6.59152235,-240.0,30000 3000,1e-06,2,0.0 0.0259,0.0 0.0,-1.0 0.0,0.00054857 28.0,30000,1000,0,0.0,0.0 0.0 0.0,1000 1000000 0,0,0.0,0,100,0,,80,,1,,,10,1.0,10.0,0.1,True,{},,,False,3,mixed,250,300,True,Ar_Aubin,,False,uniform,Argon_Aubin_Model3-test/80Td,3.0000000000000005e+21,8.330975000000001e+23,3.9011098657568074e-17,2.096791537192331e-13,2.0926553604500483e-13,4.001138323853137e-18,1.0002845809632842e-18,2.0005691619265684e-18,0.0,1.0002845809632842e-18,3.5009960333714946e-18,2.5007114524082102e-18,3.5009960333714946e-18,5.001422904816421e-19,3.5009960333714946e-18,2.5007114524082102e-18,1.5004268714449262e-18,1.4003984133485978e-17,3.0008537428898524e-18,1.5004268714449262e-18,1.0002845809632842e-18,1.5004268714449262e-18,6.501849776261348e-18,4.001138323853137e-18,1.3503841843004337e-17,1.3503841843004337e-17,1.0502988100114484e-17,7.50213435722463e-18,1.1653315368222262e-16,4.5012806143347784e-17,5.201479821009078e-17,0.0,5.0014229048164204e-18,5.0014229048164204e-18,2.0005691619265684e-18,4.7013375305274356e-17,3.901109865756808e-17,1746.5112493743022,2466.604273041951,1896.2501844241958,1862.578357927119,1240.0957969176877,1142.9206363167596,41.05273385591394,-383.38202531981324,67232.20306177127,8.40402538272141e+23,5.802442413158118e-22,5.853321288559873e-22
1.11079e-06,197315.0,6.57718,3e+22,8818.1,-1331.97,67967.6,4.38034,4.36178,4.38552,0.000732783608,0.000598134034,0.0912291445,0.0041592379,0.00417994578,0.0107097987,4.62499766e-06,4.73153769e-05,4.51665389e-05,1381.5752,21.0060489,113.006428,-169.291272,2160.20194,401.499701,867.645678,-283.370533,7374.55254,5000.0,197315.369877,6.577178996,-240.0,30000 3000,1e-06,2,0.0 0.0259,0.0 0.0,-1.0 0.0,0.00054857 28.0,30000,1000,0,0.0,0.0 0.0 0.0,1000 1000000 0,0,0.0,0,100,0,,80,,1,,,10,1.0,10.0,0.1,True,{},,,False,3,mixed,250,300,True,Ar_Aubin,,False,uniform,Argon_Aubin_Model3-test/80Td,3.0000000000000005e+21,8.495950000000003e+23,3.45098180432333e-17,2.0890543359585802e-13,2.0848531407185344e-13,6.501849776261348e-18,1.5004268714449262e-18,1.0002845809632842e-18,0.0,5.001422904816421e-19,5.001422904816421e-19,3.0008537428898524e-18,4.501280614334778e-18,5.001422904816421e-19,3.0008537428898524e-18,3.0008537428898524e-18,3.5009960333714946e-18,1.0502988100114484e-17,3.5009960333714946e-18,2.0005691619265684e-18,4.001138323853137e-18,1.5004268714449262e-18,5.0014229048164204e-18,5.0014229048164204e-18,1.3003699552522696e-17,1.0502988100114484e-17,5.501565195298063e-18,7.001992066742989e-18,1.0753059245355304e-16,5.3515225081535703e-17,6.151750172924198e-17,0.0,3.0008537428898524e-18,8.502418938187915e-18,4.001138323853137e-18,5.251494050057242e-17,3.4509818043233305e-17,2129.844040290078,1375.1134408662952,1755.7972449707288,2160.998636589267,1087.961329566339,1173.9265382817994,-111.64477968906664,126.37884372944916,65897.3392930288,8.237167411628601e+23,5.236906135128896e-22,5.077392469828756e-22
1.13301e-06,197270.0,6.57565,3e+22,3937.13,-4526.16,59333.2,4.35704,4.38449,4.38955,0.000684061139,0.000567825746,0.0927731464,0.00423831209,0.00425478541,0.0110476771,2.90032033e-06,4.83586358e-05,4.11783367e-05,1873.00673,-210.059636,841.181548,-97.3918405,1383.33794,147.547949,640.525702,-462.760908,6419.56176,5100.0,197269.554859,6.575651829,-240.0,30000 3000,1e-06,2,0.0 0.0259,0.0 0.0,-1.0 0.0,0.00054857 28.0,30000,1000,0,0.0,0.0 0.0 0.0,1000 1000000 0,0,0.0,0,100,0,,80,,1,,,10,1.0,10.0,0.1,True,{},,,False,3,mixed,250,300,True,Ar_Aubin,,False,uniform,Argon_Aubin_Model3-test/80Td,3.0000000000000005e+21,7.416650000000001e+23,3.701052949564151e-17,2.0832976981951366e-13,2.0790414873031378e-13,3.0008537428898524e-18,1.5004268714449262e-18,3.5009960333714946e-18,0.0,1.0002845809632842e-18,2.0005691619265684e-18,2.5007114524082102e-18,5.501565195298063e-18,5.001422904816421e-19,1.0002845809632842e-18,2.0005691619265684e-18,3.5009960333714946e-18,9.5027035191512e-18,6.501849776261348e-18,3.5009960333714946e-18,2.0005691619265684e-18,3.0008537428898524e-18,5.501565195298063e-18,5.0014229048164204e-18,1.3503841843004337e-17,1.3503841843004337e-17,1.0002845809632841e-17,8.502418938187915e-18,1.0502988100114484e-16,4.951408675768256e-17,5.851664798635212e-17,0.0,4.001138323853137e-18,6.501849776261348e-18,3.0008537428898524e-18,5.551579424346227e-17,3.7010529495641515e-17,1781.2292586449967,1870.313492367809,1685.1662152964332,1385.9080101785153,1210.360895710853,915.0341100195192,199.4956930156144,1075.8597757416533,69499.85820966102,8.687482276207629e+23,5.325266906875035e-22,6.23774370767825e-22
1.15522e-06,196938.0,6.56459,3e+22,1461.69,-7787.84,58178.1,4.37759,4.3111,4.42088,0.000665867795,0.000488217248,0.0942352541,0.00433821197,0.00434139807,0.0113737497,-2.4120313e-06,4.59328242e-05,4.13028108e-05,1944.68522,-394.774978,-646.208938,-113.049215,1522.36293,55.860801,-166.348051,-752.081716,6545.30054,5200.0,196937.587214,6.56458624,-240.0,30000 3000,1e-06,2,0.0 0.0259,0.0 0.0,-1.0 0.0,0.00054857 28.0,30000,1000,0,0.0,0.0 0.0 0.0,1000 1000000 0,0,0.0,0,100,0,,80,,1,,,10,1.0,10.0,0.1,True,{},,,False,3,mixed,250,300,True,Ar_Aubin,,False,uniform,Argon_Aubin_Model3-test/80Td,3.0000000000000005e+21,7.272262500000001e+23,3.8510956367086436e-17,2.0841229329744312e-13,2.0799917576550532e-13,5.501565195298063e-18,5.001422904816421e-19,5.001422904816421e-19,0.0,1.5004268714449262e-18,5.501565195298063e-18,3.5009960333714946e-18,4.001138323853137e-18,5.001422904816421e-19,2.5007114524082102e-18,1.5004268714449262e-18,3.5009960333714946e-18,1.2503557262041051e-17,2.0005691619265684e-18,1.5004268714449262e-18,2.5007114524082102e-18,4.001138323853137e-18,9.5027035191512e-18,3.0008537428898524e-18,9.5027035191512e-18,1.500426871444926e-17,8.002276647706274e-18,5.501565195298063e-18,1.0002845809632841e-16,4.351237927190286e-17,6.451835547213183e-17,0.0,8.002276647706274e-18,5.0014229048164204e-18,3.5009960333714946e-18,4.801365988623764e-17,3.851095636708644e-17,2248.9397170826364,1943.7119277027266,1951.2315502990207,1526.1650878126643,1184.8760946949465,1062.8725034447907,-77.04068994881773,-989.0386407297185,65813.57046079577,8.226696307599472e+23,5.851522124912957e-22,6.619493652609219e-22
1.17744e-06,197357.0,6.57857,3e+22,3606.74,1133.35,67841.9,4.43243,4.33992,4.35854,0.000682533845,0.000417426324,0.0957572209,0.00441435884,0.00442147843,0.0117132446,-9.5032078e-08,4.60614475e-05,3.82197953e-05,2174.68486,-234.562912,94.4766876,488.374626,1980.71554,48.3595887,504.145553,674.068656,7753.07899,5300.0,197357.019998,6.578567333,-240.0,30000 3000,1e-06,2,0.0 0.0259,0.0 0.0,-1.0 0.0,0.00054857 28.0,30000,1000,0,0.0,0.0 0.0 0.0,1000 1000000 0,0,0.0,0,100,0,,80,,1,,,10,1.0,10.0,0.1,True,{},,,False,3,mixed,250,300,True,Ar_Aubin,,False,uniform,Argon_Aubin_Model3-test/80Td,3.0000000000000005e+21,8.480237500000001e+23,3.300939117178837e-17,2.0841229329744312e-13,2.080101788958959e-13,4.001138323853137e-18,2.5007114524082102e-18,1.0002845809632842e-18,0.0,0.0,4.501280614334778e-18,4.501280614334778e-18,5.0014229048164204e-18,5.001422904816421e-19,2.5007114524082102e-18,0.0,6.501849776261348e-18,1.0002845809632841e-17,5.0014229048164204e-18,3.0008537428898524e-18,2.0005691619265684e-18,2.5007114524082102e-18,5.501565195298063e-18,4.001138323853137e-18,1.4003984133485978e-17,1.3503841843004337e-17,8.002276647706274e-18,1.0002845809632841e-17,1.0052860038681005e-16,4.251209469093958e-17,5.651607882442556e-17,0.0,4.501280614334778e-18,3.0008537428898524e-18,3.5009960333714946e-18,5.0014229048164204e-17,3.300939117178838e-17,1713.2863730672034,2172.2231378798847,1803.7637760630207,1980.2424498756945,1132.807151638504,1256.7271854242908,-111.66326858509682,206.94644883202858,68507.9965250112,8.5634995656264e+23,4.818326742300391e-22,4.865634832130051e-22
1.19966e-06,197346.0,6.57821,3e+22,1573.08,-1582.31,73260.6,4.3409,4.39965,4.38533,0.000748166655,0.000383312664,0.0973175745,0.00448696584,0.00450727966,0.01205664,2.82371797e-06,5.49471347e-05,3.13760465e-05,1379.84869,124.632008,-149.961452,-186.420621,1653.47838,28.9393306,278.666499,-193.579884,8467.8335,5400.0,197346.316304,6.578210543,-240.0,30000 3000,1e-06,2,0.0 0.0259,0.0 0.0,-1.0 0.0,0.00054857 28.0,30000,1000,0,0.0,0.0 0.0 0.0,1000 1000000 0,0,0.0,0,100,0,,80,,1,,,10,1.0,10.0,0.1,True,{},,,False,3,mixed,250,300,True,Ar_Aubin,,False,uniform,Argon_Aubin_Model3-test/80Td,3.0000000000000005e+21,9.157575000000002e+23,3.0008537428898516e-17,2.080121794650578e-13,2.0758105681066264e-13,5.501565195298063e-18,1.0002845809632842e-18,1.5004268714449262e-18,0.0,5.001422904816421e-19,2.5007114524082102e-18,5.0014229048164204e-18,3.5009960333714946e-18,1.5004268714449262e-18,2.5007114524082102e-18,1.5004268714449262e-18,2.0005691619265684e-18,1.1003130390596125e-17,3.5009960333714946e-18,1.5004268714449262e-18,5.001422904816421e-19,2.5007114524082102e-18,1.1003130390596125e-17,3.5009960333714946e-18,1.0002845809632841e-17,1.5504411004930906e-17,1.500426871444926e-17,1.3003699552522696e-17,1.080307347440347e-16,5.551579424346227e-17,5.3015082791054065e-17,0.0,4.501280614334778e-18,7.50213435722463e-18,5.501565195298063e-18,5.3015082791054065e-17,3.000853742889852e-17,1632.009036453999,1378.6717639983526,1931.6918544282535,1654.0848994613739,948.204842665502,1338.2896015853003,64.52438033179227,-79.19442113975302,70235.89411187521,8.779486763984404e+23,4.272535832048985e-22,4.09613590782747e-22
1.22187e-06,197788.0,6.59292,3e+22,-2790.66,-5456.9,72227.7,4.40302,4.35836,4.39459,0.000761512347,0.000361454582,0.09890704,0.00456609146,0.00458838835,0.0124239665,-2.70136404e-06,5.87561744e-05,2.44792191e-05,2488.54927,139.047315,-375.23348,-571.128723,2177.76296,-224.52739,-109.306377,-1013.19419,8139.53096,5500.0,197787.643119,6.592921437,-240.0,30000 3000,1e-06,2,0.0 0.0259,0.0 0.0,-1.0 0.0,0.00054857 28.0,30000,1000,0,0.0,0.0 0.0 0.0,1000 1000000 0,0,0.0,0,100,0,,80,,1,,,10,1.0,10.0,0.1,True,{},,,False,3,mixed,250,300,True,Ar_Aubin,,False,uniform,Argon_Aubin_Model3-test/80Td,3.0000000000000005e+21,9.0284625e+23,3.5009960333714937e-17,2.090584771367454e-13,2.0864035818190275e-13,7.50213435722463e-18,2.0005691619265684e-18,3.0008537428898524e-18,0.0,5.001422904816421e-19,5.0014229048164204e-18,2.0005691619265684e-18,4.001138323853137e-18,1.0002845809632842e-18,2.0005691619265684e-18,1.0002845809632842e-18,2.0005691619265684e-18,1.200341497155941e-17,6.001707485779705e-18,1.5004268714449262e-18,2.0005691619265684e-18,2.0005691619265684e-18,4.501280614334778e-18,3.5009960333714946e-18,1.2503557262041051e-17,1.700483787637583e-17,1.1003130390596125e-17,6.001707485779705e-18,1.0903101932499797e-16,4.251209469093958e-17,5.401536737201735e-17,0.0,3.0008537428898524e-18,5.501565195298063e-18,4.001138323853137e-18,5.701622111490719e-17,3.500996033371494e-17,1780.3796445118296,2490.674392046279,1825.8312556217372,2179.7353815085157,1247.6254619765512,995.7029469919999,58.510873795588125,-263.5262220990119,71546.30242303926,8.943287802879909e+23,4.893329095710342e-22,4.847165330436237e-22
1.24409e-06,197614.0,6.58714,3e+22,5655.06,-6027.75,63642.3,4.35854,4.37257,4.41975,0.000773294955,0.000370600904,0.100432693,0.00463902838,0.00468115342,0.0127769187,-4.59134523e-06,6.3874055e-05,2.24616939e-05,2027.94326,282.001105,590.500191,-23.9038995,2020.17036,-116.940436,776.766072,-606.433929,7627.95589,5600.0,197614.33183,6.587144394,-240.0,30000 3000,1e-06,2,0.0 0.0259,0.0 0.0,-1.0 0.0,0.00054857 28.0,30000,1000,0,0.0,0.0 0.0 0.0,1000 1000000 0,0,0.0,0,100,0,,80,,1,,,10,1.0,10.0,0.1,True,{},,,False,3,mixed,250,300,True,Ar_Aubin,,False,uniform,Argon_Aubin_Model3-test/80Td,3.0000000000000005e+21,7.955287500000003e+23,3.7510671786123153e-17,2.094860987951072e-13,2.090619781327788e-13,6.001707485779705e-18,1.5004268714449262e-18,2.0005691619265684e-18,0.0,1.0002845809632842e-18,1.0002845809632842e-18,4.501280614334778e-18,3.5009960333714946e-18,1.0002845809632842e-18,4.501280614334778e-18,2.5007114524082102e-18,5.501565195298063e-18,1.3003699552522696e-17,3.0008537428898524e-18,2.0005691619265684e-18,5.0014229048164204e-18,1.5004268714449262e-18,8.502418938187915e-18,5.0014229048164204e-18,1.200341497155941e-17,1.450412642396762e-17,1.3503841843004337e-17,8.502418938187915e-18,8.902532770573229e-17,5.801650569587048e-17,5.501565195298063e-17,0.0,3.0008537428898524e-18,6.501849776261348e-18,5.501565195298063e-18,5.0014229048164204e-17,3.751067178612316e-17,1641.14071379519,2023.5702306317778,2087.6573621776015,2022.4042495990861,1098.9637676023137,1236.1883122861,124.80781563020503,750.0990886088234,68673.92273101705,8.584240341377134e+23,5.462142003019903e-22,5.893984313282699e-22
1.2663e-06,198176.0,6.60586,3e+22,-511.005,-8735.68,60679.6,4.3937,4.39629,4.40036,0.000782211597,0.000361171342,0.101952413,0.00473339695,0.00476720137,0.0131443183,-1.09784178e-06,7.2359239e-05,2.35102258e-05,2114.00476,1.22861263,437.796974,-806.408359,1524.36969,-475.030348,168.395109,-521.335046,7273.43343,5700.0,198175.661069,6.605855369,-240.0,30000 3000,1e-06,2,0.0 0.0259,0.0 0.0,-1.0 0.0,0.00054857 28.0,30000,1000,0,0.0,0.0 0.0 0.0,1000 1000000 0,0,0.0,0,100,0,,80,,1,,,10,1.0,10.0,0.1,True,{},,,False,3,mixed,250,300,True,Ar_Aubin,,False,uniform,Argon_Aubin_Model3-test/80Td,3.0000000000000005e+21,7.584950000000001e+23,3.951124094804972e-17,2.0934055738857704e-13,2.0894994625971091e-13,5.0014229048164204e-18,0.0,1.5004268714449262e-18,0.0,1.0002845809632842e-18,1.5004268714449262e-18,3.5009960333714946e-18,5.0014229048164204e-18,1.0002845809632842e-18,1.5004268714449262e-18,2.0005691619265684e-18,2.0005691619265684e-18,1.3003699552522696e-17,2.5007114524082102e-18,4.001138323853137e-18,2.5007114524082102e-18,5.0014229048164204e-18,9.5027035191512e-18,6.501849776261348e-18,1.0002845809632841e-17,1.500426871444926e-17,8.502418938187915e-18,8.002276647706274e-18,7.452120128176467e-17,5.0014229048164204e-17,4.901394446720092e-17,0.0,4.501280614334778e-18,6.501849776261348e-18,4.001138323853137e-18,5.401536737201735e-17,3.9511240948049725e-17,2123.5849122688223,2114.4044740371246,1936.785146938984,1527.5247672688824,1346.5785025517728,1087.0017901251995,288.12332713193007,610.8259889837437,68406.8617521686,8.550857719021076e+23,5.775917786024902e-22,6.511453758437716e-22
1.28852e-06,197829.0,6.59431,3e+22,-10561.4,2786.59,63833.0,4.40013,4.3539,4.41073,0.000792231378,0.000321822903,0.103457977,0.00481541842,0.00483843859,0.0135120147,-6.1807795e-06,7.76149058e-05,2.19933052e-05,1377.38824,97.3877083,483.542691,-149.830354,2355.49922,454.362661,-1551.40697,236.614996,8087.97466,5800.0,197829.151121,6.594305037,-240.0,30000 3000,1e-06,2,0.0 0.0259,0.0 0.0,-1.0 0.0,0.00054857 28.0,30000,1000,0,0.0,0.0 0.0 0.0,1000 1000000 0,0,0.0,0,100,0,,80,,1,,,10,1.0,10.0,0.1,True,{},,,False,3,mixed,250,300,True,Ar_Aubin,,False,uniform,Argon_Aubin_Model3-test/80Td,3.0000000000000005e+21,7.979125000000003e+23,3.3509533462270016e-17,2.1024031336915352e-13,2.0981419213766316e-13,5.501565195298063e-18,2.0005691619265684e-18,1.5004268714449262e-18,0.0,1.0002845809632842e-18,2.5007114524082102e-18,4.001138323853137e-18,3.0008537428898524e-18,5.001422904816421e-19,2.5007114524082102e-18,5.001422904816421e-19,4.001138323853137e-18,1.0002845809632841e-17,6.001707485779705e-18,3.0008537428898524e-18,5.001422904816421e-19,3.5009960333714946e-18,1.1003130390596125e-17,5.501565195298063e-18,1.0502988100114484e-17,1.6004553295412547e-17,8.502418938187915e-18,8.502418938187915e-18,9.402675061054871e-17,5.0014229048164204e-17,6.551864005309511e-17,0.0,6.001707485779705e-18,7.001992066742989e-18,4.001138323853137e-18,5.601593653394391e-17,3.350953346227002e-17,1845.6532129284449,1385.7553124756091,1603.8984411477036,2354.602431516729,1315.2271929122285,1483.941614158999,136.90063904371436,-25.77370626407378,67769.66046840331,8.471207558550416e+23,4.944621712822861e-22,5.249562681100687e-22
1.31074e-06,197880.0,6.596,3e+22,-3667.24,-14523.8,55250.7,4.39767,4.38881,4.3869,0.000747720449,0.000283799604,0.104928022,0.00489071059,0.00492274315,0.0138658261,-7.28887229e-06,7.05509646e-05,2.01869511e-05,2041.70204,262.037254,-39.3134992,710.804833,1494.73702,394.509432,-640.155745,-1656.39647,6221.07516,5900.0,197880.127215,6.596004241,-240.0,30000 3000,1e-06,2,0.0 0.0259,0.0 0.0,-1.0 0.0,0.00054857 28.0,30000,1000,0,0.0,0.0 0.0 0.0,1000 1000000 0,0,0.0,0,100,0,,80,,1,,,10,1.0,10.0,0.1,True,{},,,False,3,mixed,250,300,True,Ar_Aubin,,False,uniform,Argon_Aubin_Model3-test/80Td,3.0000000000000005e+21,6.9063375e+23,3.1008822009861805e-17,2.0907698240149322e-13,2.0867486799994602e-13,3.5009960333714946e-18,2.0005691619265684e-18,1.0002845809632842e-18,0.0,5.001422904816421e-19,1.5004268714449262e-18,4.001138323853137e-18,5.501565195298063e-18,5.001422904816421e-19,2.5007114524082102e-18,3.5009960333714946e-18,4.001138323853137e-18,1.1003130390596125e-17,2.0005691619265684e-18,1.0002845809632842e-18,1.5004268714449262e-18,2.0005691619265684e-18,8.002276647706274e-18,4.001138323853137e-18,1.1003130390596125e-17,1.6004553295412547e-17,1.5504411004930906e-17,4.001138323853137e-18,9.652746206295692e-17,5.151465591960914e-17,5.601593653394391e-17,0.0,4.501280614334778e-18,6.001707485779705e-18,3.0008537428898524e-18,4.901394446720092e-17,3.100882200986181e-17,1696.0986205023214,2044.4441103393906,1897.910680316004,1498.8588686885753,1068.4825755438276,423.7284948846009,-160.1606614505634,-335.9850830122844,66170.8506069972,8.271356325874651e+23,4.68617551768071e-22,5.612385365228279e-22
1.33295e-06,197920.0,6.59733,3e+22,2458.89,3573.02,67269.2,4.38898,4.39738,4.38247,0.000735465409,0.000297200554,0.106409452,0.00498170037,0.00499294678,0.014227007,-3.26333824e-06,7.53017843e-05,2.41054849e-05,1471.81217,193.011675,701.687703,28.7344213,1012.34549,542.33563,513.311413,199.843941,8558.14388,6000.0,197919.857037,6.597328568,-240.0,30000 3000,1e-06,2,0.0 0.0259,0.0 0.0,-1.0 0.0,0.00054857 28.0,30000,1000,0,0.0,0.0 0.0 0.0,1000 1000000 0,0,0.0,0,100,0,,80,,1,,,10,1.0,10.0,0.1,True,{},,,False,3,mixed,250,300,True,Ar_Aubin,,False,uniform,Argon_Aubin_Model3-test/80Td,3.0000000000000005e+21,8.40865e+23,2.700768368600867e-17,2.097416715055433e-13,2.093345556810913e-13,7.50213435722463e-18,1.0002845809632842e-18,5.001422904816421e-19,0.0,1.0002845809632842e-18,4.501280614334778e-18,2.0005691619265684e-18,5.501565195298063e-18,0.0,0.0,0.0,4.501280614334778e-18,1.650469558589419e-17,4.001138323853137e-18,1.0002845809632842e-18,1.5004268714449262e-18,4.501280614334778e-18,1.0002845809632841e-17,5.0014229048164204e-18,1.0502988100114484e-17,1.200341497155941e-17,8.002276647706274e-18,7.001992066742989e-18,9.452689290103034e-17,5.601593653394391e-17,5.701622111490719e-17,0.0,3.5009960333714946e-18,7.001992066742989e-18,4.001138323853137e-18,5.151465591960914e-17,2.7007683686008674e-17,2048.261751763761,1470.003741460464,1579.8559600541346,1011.2835864765469,1082.540565364881,1400.0651715216,222.6862871131042,903.8758088806171,66683.32140493997,8.335415175617499e+23,4.050140742390782e-22,4.0148661922556937e-22
1.35517e-06,198531.0,6.61771,3e+22,-1012.44,-5651.23,54799.7,4.40486,4.43018,4.38313,0.000717829661,0.000252580961,0.107947656,0.00506483736,0.00508380962,0.0146148016,-6.8554545e-06,7.47422105e-05,2.82807318e-05,1673.06017,33.6695387,304.180449,-174.420889,2151.70052,-155.609585,248.962318,-642.181116,7202.54082,6100.0,198531.433291,6.617714443,-240.0,30000 3000,1e-06,2,0.0 0.0259,0.0 0.0,-1.0 0.0,0.00054857 28.0,30000,1000,0,0.0,0.0 0.0 0.0,1000 1000000 0,0,0.0,0,100,0,,80,,1,,,10,1.0,10.0,0.1,True,{},,,False,3,mixed,250,300,True,Ar_Aubin,,False,uniform,Argon_Aubin_Model3-test/80Td,3.0000000000000005e+21,6.8499625e+23,3.250924888130673e-17,2.1013728405731433e-13,2.0973917079409095e-13,5.501565195298063e-18,1.0002845809632842e-18,1.5004268714449262e-18,0.0,1.0002845809632842e-18,2.5007114524082102e-18,3.5009960333714946e-18,3.5009960333714946e-18,0.0,1.5004268714449262e-18,3.5009960333714946e-18,1.5004268714449262e-18,1.0002845809632841e-17,2.0005691619265684e-18,1.5004268714449262e-18,2.5007114524082102e-18,3.0008537428898524e-18,8.502418938187915e-18,4.001138323853137e-18,7.50213435722463e-18,1.450412642396762e-17,1.1003130390596125e-17,9.5027035191512e-18,9.052575457717721e-17,5.4515509662498986e-17,5.251494050057242e-17,0.0,7.001992066742989e-18,6.501849776261348e-18,4.001138323853137e-18,5.151465591960914e-17,3.250924888130674e-17,1871.691444992656,1673.7869294619827,2045.5478064683036,2153.127913104232,1306.9387025951305,1287.0416554968006,9.581787117391261,623.0964417667384,69238.87846092219,8.654859807615274e+23,4.695230426017756e-22,5.932377162887157e-22
1.37738e-06,198010.0,6.60035,3e+22,-2099.5,-7337.52,61020.4,4.39584,4.43581,4.34755,0.000771858106,0.000228033237,0.109392149,0.00514612904,0.00516736573,0.0149859911,-1.25282027e-06,8.74142614e-05,2.03649638e-05,1496.82301,602.923607,290.07889,35.6944763,1353.37772,119.307924,102.283907,-1021.59342,7986.47116,6200.0,198010.461725,6.600348724,-240.0,30000 3000,1e-06,2,0.0 0.0259,0.0 0.0,-1.0 0.0,0.00054857 28.0,30000,1000,0,0.0,0.0 0.0 0.0,1000 1000000 0,0,0.0,0,100,0,,80,,1,,,10,1.0,10.0,0.1,True,{},,,False,3,mixed,250,300,True,Ar_Aubin,,False,uniform,Argon_Aubin_Model3-test/80Td,3.0000000000000005e+21,7.62755e+23,2.4506972233600458e-17,2.0986370622442083e-13,2.0944558726957823e-13,3.0008537428898524e-18,1.5004268714449262e-18,2.0005691619265684e-18,0.0,5.001422904816421e-19,2.5007114524082102e-18,4.001138323853137e-18,5.501565195298063e-18,5.001422904816421e-19,2.5007114524082102e-18,4.001138323853137e-18,4.501280614334778e-18,1.4003984133485978e-17,3.5009960333714946e-18,1.5004268714449262e-18,1.0002845809632842e-18,2.0005691619265684e-18,9.5027035191512e-18,5.501565195298063e-18,1.750498016685747e-17,1.2503557262041051e-17,1.0502988100114484e-17,4.501280614334778e-18,9.852803122488349e-17,4.951408675768256e-17,6.251778631020527e-17,0.0,3.0008537428898524e-18,7.001992066742989e-18,6.501849776261348e-18,5.401536737201735e-17,2.450697223360046e-17,1827.77187704332,1498.443526093547,1880.8130209598255,1355.0509184371522,1288.3491791045399,1311.3184711604,257.6921607413985,574.9325234541376,65020.68338442247,8.12758542305281e+23,3.7691040693478457e-22,4.0161933113516884e-22
1.3996e-06,197805.0,6.5935,3e+22,244.1,1817.42,59405.9,4.37179,4.42229,4.37284,0.000783753799,0.000309938386,0.110903733,0.00522647735,0.00524884546,0.0153763787,4.77383059e-07,9.13486122e-05,2.89143789e-05,1239.42795,-28.6199482,36.6669849,-443.47472,1455.22781,-389.733523,187.840698,423.771873,7255.66775,6300.0,197804.988038,6.593499601,-240.0,30000 3000,1e-06,2,0.0 0.0259,0.0 0.0,-1.0 0.0,0.00054857 28.0,30000,1000,0,0.0,0.0 0.0 0.0,1000 1000000 0,0,0.0,0,100,0,,80,,1,,,10,1.0,10.0,0.1,True,{},,,False,3,mixed,250,300,True,Ar_Aubin,,False,uniform,Argon_Aubin_Model3-test/80Td,3.0000000000000005e+21,7.425737500000002e+23,4.2512094690939574e-17,2.0926303533355238e-13,2.0884191552496685e-13,6.001707485779705e-18,2.0005691619265684e-18,0.0,0.0,0.0,2.5007114524082102e-18,2.0005691619265684e-18,4.001138323853137e-18,3.0008537428898524e-18,2.5007114524082102e-18,2.0005691619265684e-18,4.501280614334778e-18,1.3503841843004337e-17,4.501280614334778e-18,2.0005691619265684e-18,1.0002845809632842e-18,3.0008537428898524e-18,4.501280614334778e-18,5.501565195298063e-18,1.3503841843004337e-17,1.1503272681077768e-17,7.50213435722463e-18,9.002561228669556e-18,1.02029027258255e-16,5.251494050057242e-17,5.651607882442556e-17,0.0,4.001138323853137e-18,7.001992066742989e-18,3.0008537428898524e-18,4.951408675768256e-17,4.251209469093958e-17,1807.934968161325,1239.236635697664,1832.8239538812381,1454.664521778516,1291.684548069424,667.3316777752989,65.19410315936378,150.87648186668594,68040.63756138667,8.505079695173335e+23,6.248044729531658e-22,7.1562074963832835e-22
1.42181e-06,197559.0,6.58531,3e+22,-3715.62,388.423,60971.5,4.37701,4.37396,4.39843,0.000812041904,0.000259939564,0.112430841,0.00530485723,0.00533343846,0.0157682691,6.01937572e-06,9.03869683e-05,2.27477436e-05,1607.4969,181.741543,-181.176232,40.9434604,1745.78724,-52.2752523,-963.403933,331.876051,7928.06368,6400.0,197559.293959,6.585309799,-240.0,30000 3000,1e-06,2,0.0 0.0259,0.0 0.0,-1.0 0.0,0.00054857 28.0,30000,1000,0,0.0,0.0 0.0 0.0,1000 1000000 0,0,0.0,0,100,0,,80,,1,,,10,1.0,10.0,0.1,True,{},,,False,3,mixed,250,300,True,Ar_Aubin,,False,uniform,Argon_Aubin_Model3-test/80Td,3.0000000000000005e+21,7.621437500000002e+23,3.651038720515987e-17,2.095161073325361e-13,2.0908898581646482e-13,4.501280614334778e-18,1.0002845809632842e-18,1.5004268714449262e-18,0.0,1.0002845809632842e-18,3.5009960333714946e-18,4.501280614334778e-18,7.50213435722463e-18,1.0002845809632842e-18,1.0002845809632842e-18,1.5004268714449262e-18,7.001992066742989e-18,9.5027035191512e-18,4.001138323853137e-18,1.5004268714449262e-18,2.5007114524082102e-18,3.0008537428898524e-18,1.200341497155941e-17,2.0005691619265684e-18,1.200341497155941e-17,1.450412642396762e-17,5.0014229048164204e-18,7.50213435722463e-18,9.652746206295692e-17,5.3015082791054065e-17,5.801650569587048e-17,0.0,6.001707485779705e-18,6.001707485779705e-18,3.5009960333714946e-18,6.001707485779705e-17,3.6510387205159877e-17,1763.033187122623,1610.5141391393406,1904.5254350754158,1745.6862734947326,1144.099166993149,1072.9866579685004,-240.3222931292268,-776.3412965133161,68739.41636395552,8.592427045494441e+23,5.311419435371378e-22,5.988107100064763e-22
1.44403e-06,197365.0,6.57884,3e+22,-3112.98,-10294.3,62079.0,4.33974,4.38855,4.40681,0.000853394385,0.000224674712,0.113926412,0.00537911793,0.0054128701,0.0161408874,8.0782241e-06,9.06254127e-05,2.62479458e-05,1426.08129,552.44998,-300.9512,137.817835,1692.2322,62.9841687,-392.943562,-1267.22315,7719.69027,6500.0,197365.107985,6.578836933,-240.0,30000 3000,1e-06,2,0.0 0.0259,0.0 0.0,-1.0 0.0,0.00054857 28.0,30000,1000,0,0.0,0.0 0.0 0.0,1000 1000000 0,0,0.0,0,100,0,,80,,1,,,10,1.0,10.0,0.1,True,{},,,False,3,mixed,250,300,True,Ar_Aubin,,False,uniform,Argon_Aubin_Model3-test/80Td,3.0000000000000005e+21,7.759875000000003e+23,4.0011383238531363e-17,2.0855783470397326e-13,2.0813921560684016e-13,1.0002845809632842e-18,2.0005691619265684e-18,1.5004268714449262e-18,0.0,0.0,1.0002845809632842e-18,3.0008537428898524e-18,2.5007114524082102e-18,1.0002845809632842e-18,3.5009960333714946e-18,4.501280614334778e-18,2.5007114524082102e-18,1.1003130390596125e-17,4.501280614334778e-18,0.0,1.0002845809632842e-18,2.5007114524082102e-18,7.50213435722463e-18,2.0005691619265684e-18,1.3003699552522696e-17,1.3003699552522696e-17,9.5027035191512e-18,6.501849776261348e-18,1.0502988100114484e-16,5.0514371338645855e-17,6.351807089116854e-17,0.0,3.5009960333714946e-18,8.502418938187915e-18,3.0008537428898524e-18,5.151465591960914e-17,4.0011383238531363e-17,1669.7912323494154,1428.7378896526175,1788.1051375528334,1694.5450688877415,767.1297758258514,647.2525394519998,-255.99510755969217,-392.22198999865486,67319.84749661284,8.414980937076607e+23,5.943475026520895e-22,6.445236430762635e-22
1.46625e-06,197991.0,6.59969,3e+22,-1469.42,-4501.28,66976.9,4.39199,4.38948,4.39227,0.000835928357,0.000180326827,0.11541635,0.00547025248,0.00548674595,0.0165383717,1.49842415e-05,9.26018635e-05,1.65115655e-05,1778.02993,298.005696,19.6053046,-639.773952,1436.57224,-219.550824,125.353009,-459.858274,8973.20985,6600.0,197990.639869,6.599687996,-240.0,30000 3000,1e-06,2,0.0 0.0259,0.0 0.0,-1.0 0.0,0.00054857 28.0,30000,1000,0,0.0,0.0 0.0 0.0,1000 1000000 0,0,0.0,0,100,0,,80,,1,,,10,1.0,10.0,0.1,True,{},,,False,3,mixed,250,300,True,Ar_Aubin,,False,uniform,Argon_Aubin_Model3-test/80Td,3.0000000000000005e+21,8.372112500000001e+23,2.9008252847935234e-17,2.0889843160379127e-13,2.0851232175553946e-13,6.501849776261348e-18,0.0,1.0002845809632842e-18,0.0,0.0,1.5004268714449262e-18,4.501280614334778e-18,4.001138323853137e-18,1.0002845809632842e-18,0.0,5.001422904816421e-19,4.501280614334778e-18,1.3503841843004337e-17,3.5009960333714946e-18,2.5007114524082102e-18,1.5004268714449262e-18,3.0008537428898524e-18,9.002561228669556e-18,5.501565195298063e-18,1.0502988100114484e-17,1.3003699552522696e-17,7.50213435722463e-18,8.002276647706274e-18,8.8025043124769e-17,4.801365988623764e-17,5.901679027683377e-17,0.0,4.001138323853137e-18,3.5009960333714946e-18,2.0005691619265684e-18,5.151465591960914e-17,2.900825284793524e-17,2051.7749845451513,1779.2582598463428,1663.083894005566,1437.3839415398386,1255.357736378946,1242.9805176849995,122.47135058942855,258.56551664304675,67066.29035960714,8.383286294950894e+23,4.325310478989367e-22,4.33108323137309e-22
1.48846e-06,196866.0,6.5622,3e+22,-961.529,4493.4,57648.3,4.30974,4.43873,4.35691,0.000795240773,0.000188654498,0.11684006,0.00555039608,0.00558115072,0.016922884,1.71577293e-05,8.43843374e-05,1.88725217e-05,1753.02361,543.178757,137.311583,-0.146878132,2411.1787,-337.17563,-170.871716,274.745935,7753.93834,6700.0,196865.890566,6.562196352,-240.0,30000 3000,1e-06,2,0.0 0.0259,0.0 0.0,-1.0 0.0,0.00054857 28.0,30000,1000,0,0.0,0.0 0.0 0.0,1000 1000000 0,0,0.0,0,100,0,,80,,1,,,10,1.0,10.0,0.1,True,{},,,False,3,mixed,250,300,True,Ar_Aubin,,False,uniform,Argon_Aubin_Model3-test/80Td,3.0000000000000005e+21,7.206037500000001e+23,3.3509533462270016e-17,2.0877789731178518e-13,2.0834427394593766e-13,6.001707485779705e-18,2.0005691619265684e-18,1.5004268714449262e-18,0.0,0.0,3.5009960333714946e-18,3.5009960333714946e-18,4.501280614334778e-18,0.0,1.5004268714449262e-18,1.5004268714449262e-18,2.5007114524082102e-18,1.1503272681077768e-17,5.501565195298063e-18,2.5007114524082102e-18,5.001422904816421e-19,4.001138323853137e-18,9.5027035191512e-18,4.001138323853137e-18,1.4003984133485978e-17,1.2503557262041051e-17,1.1003130390596125e-17,1.0502988100114484e-17,1.0152888496777334e-16,5.4515509662498986e-17,5.751636340538883e-17,0.0,6.001707485779705e-18,1.0502988100114484e-17,3.5009960333714946e-18,5.4515509662498986e-17,3.350953346227002e-17,1805.2378776235655,1753.7882570652218,2124.642648844292,2410.3309998786867,1211.8916298440056,1018.307509102,-209.4763617647463,32.940694397604105,64085.18223434543,8.01064777929318e+23,5.228905075081634e-22,5.812753101525979e-22
1.51068e-06,197276.0,6.57588,3e+22,-4986.65,-1184.45,62701.5,4.39019,4.37524,4.36382,0.00079011769,0.000134362052,0.118417606,0.00564107028,0.00567070406,0.0173539774,2.10029019e-05,7.93417804e-05,2.45897765e-06,2000.05124,445.486515,-189.531929,459.935405,1787.52463,-602.493888,-849.802544,-330.989635,8461.70723,6800.0,197276.362872,6.575878762,-240.0,30000 3000,1e-06,2,0.0 0.0259,0.0 0.0,-1.0 0.0,0.00054857 28.0,30000,1000,0,0.0,0.0 0.0 0.0,1000 1000000 0,0,0.0,0,100,0,,80,,1,,,10,1.0,10.0,0.1,True,{},,,False,3,mixed,250,300,True,Ar_Aubin,,False,uniform,Argon_Aubin_Model3-test/80Td,3.0000000000000005e+21,7.837687500000002e+23,3.551010262419658e-17,2.0793715812148553e-13,2.0752204002038583e-13,6.001707485779705e-18,2.0005691619265684e-18,1.0002845809632842e-18,0.0,5.001422904816421e-19,2.0005691619265684e-18,5.0014229048164204e-18,4.001138323853137e-18,5.001422904816421e-19,3.5009960333714946e-18,2.0005691619265684e-18,2.0005691619265684e-18,1.4003984133485978e-17,2.5007114524082102e-18,5.001422904816421e-19,3.0008537428898524e-18,5.501565195298063e-18,6.501849776261348e-18,5.0014229048164204e-18,1.0002845809632841e-17,1.500426871444926e-17,1.0002845809632841e-17,6.001707485779705e-18,8.55243316723608e-17,5.751636340538883e-17,5.501565195298063e-17,0.0,6.501849776261348e-18,8.002276647706274e-18,1.5004268714449262e-18,5.901679027683377e-17,3.551010262419659e-17,2040.9328886741205,2003.9912803788386,2015.9182693160917,1787.6837751324913,1349.5651770211048,1036.745707391,-256.1418928012708,-498.3688823796349,71009.77228021369,8.876221535026712e+23,5.000734614958227e-22,5.663357754471038e-22
1.53289e-06,196959.0,6.56531,3e+22,4270.41,8939.04,60707.2,4.40573,4.33108,4.3723,0.000745016256,0.000185815519,0.119961375,0.00572880636,0.00575537398,0.0177731901,2.28614836e-05,7.72411945e-05,7.14574367e-06,1463.59055,586.454434,322.092014,116.036972,1281.96374,-457.744268,203.0922,984.703364,8418.29724,6900.0,196959.323679,6.565310789,-240.0,30000 3000,1e-06,2,0.0 0.0259,0.0 0.0,-1.0 0.0,0.00054857 28.0,30000,1000,0,0.0,0.0 0.0 0.0,1000 1000000 0,0,0.0,0,100,0,,80,,1,,,10,1.0,10.0,0.1,True,{},,,False,3,mixed,250,300,True,Ar_Aubin,,False,uniform,Argon_Aubin_Model3-test/80Td,3.0000000000000005e+21,7.588400000000002e+23,3.45098180432333e-17,2.0884691694787165e-13,2.0840979258599072e-13,5.501565195298063e-18,1.0002845809632842e-18,2.5007114524082102e-18,0.0,5.001422904816421e-19,5.001422904816421e-19,4.501280614334778e-18,5.0014229048164204e-18,5.001422904816421e-19,2.5007114524082102e-18,6.001707485779705e-18,6.001707485779705e-18,1.3503841843004337e-17,7.50213435722463e-18,2.0005691619265684e-18,1.0002845809632842e-18,3.0008537428898524e-18,8.002276647706274e-18,3.5009960333714946e-18,1.750498016685747e-17,1.2503557262041051e-17,7.001992066742989e-18,1.2503557262041051e-17,1.1403244222981438e-16,5.3515225081535703e-17,5.0014229048164204e-17,0.0,2.5007114524082102e-18,7.001992066742989e-18,2.5007114524082102e-18,5.0514371338645855e-17,3.4509818043233305e-17,1976.1818504392481,1460.409025130215,1905.2445715437154,1280.3027276430382,1152.5668300768295,1135.7780556000007,94.08058826957848,-32.327892269993185,69489.37472710988,8.686171840888737e+23,4.966200685897089e-22,5.684633460814088e-22
1.55511e-06,196962.0,6.56539,3e+22,-7426.62,-4809.25,65921.9,4.39556,4.3381,4.37196,0.000727518384,0.000230258394,0.121458831,0.00581440095,0.00583534748,0.0181860195,2.70651997e-05,7.59318221e-05,1.6550183e-05,1364.29137,-713.127309,221.540247,54.2063611,2725.86402,138.028311,-834.354799,-408.85136,8879.81517,7000.0,196961.550104,6.565385003,-240.0,30000 3000,1e-06,2,0.0 0.0259,0.0 0.0,-1.0 0.0,0.00054857 28.0,30000,1000,0,0.0,0.0 0.0 0.0,1000 1000000 0,0,0.0,0,100,0,,80,,1,,,10,1.0,10.0,0.1,True,{},,,False,3,mixed,250,300,True,Ar_Aubin,,False,uniform,Argon_Aubin_Model3-test/80Td,3.0000000000000005e+21,8.240237500000001e+23,4.451266385286614e-17,2.080831996703062e-13,2.076745834189827e-13,3.0008537428898524e-18,1.5004268714449262e-18,0.0,0.0,5.001422904816421e-19,2.0005691619265684e-18,2.0005691619265684e-18,5.0014229048164204e-18,1.0002845809632842e-18,2.0005691619265684e-18,4.501280614334778e-18,1.5004268714449262e-18,1.200341497155941e-17,4.501280614334778e-18,2.0005691619265684e-18,2.5007114524082102e-18,3.0008537428898524e-18,9.002561228669556e-18,2.0005691619265684e-18,1.200341497155941e-17,1.1003130390596125e-17,1.1003130390596125e-17,1.0002845809632841e-17,1.0352945412969991e-16,4.8513802176719277e-17,5.0014229048164204e-17,0.0,3.0008537428898524e-18,5.501565195298063e-18,2.0005691619265684e-18,4.951408675768256e-17,4.4512663852866145e-17,1927.006248287168,1369.694372580982,1799.4996484295882,2726.9713901813443,1154.8770025986828,873.0182587011004,-13.491705694439728,241.25463732301046,67404.69663619336,8.425587079524172e+23,6.603792624884361e-22,6.752333269045059e-22
1.57733e-06,197174.0,6.57248,3e+22,5534.73,1991.71,65409.2,4.36784,4.3274,4.4252,0.000800860124,0.000195413133,0.123016041,0.00588741317,0.00592210776,0.0186215991,2.85229234e-05,8.98219278e-05,1.64008373e-05,2193.64042,-170.961145,28.4429219,629.629727,1658.53711,51.3483186,866.495539,862.98063,9238.81019,7100.0,197174.287768,6.572476259,-240.0,30000 3000,1e-06,2,0.0 0.0259,0.0 0.0,-1.0 0.0,0.00054857 28.0,30000,1000,0,0.0,0.0 0.0 0.0,1000 1000000 0,0,0.0,0,100,0,,80,,1,,,10,1.0,10.0,0.1,True,{},,,False,3,mixed,250,300,True,Ar_Aubin,,False,uniform,Argon_Aubin_Model3-test/80Td,3.0000000000000005e+21,8.17615e+23,3.7510671786123153e-17,2.085238250282205e-13,2.0810670635795888e-13,7.001992066742989e-18,1.0002845809632842e-18,1.0002845809632842e-18,0.0,5.001422904816421e-19,3.5009960333714946e-18,2.5007114524082102e-18,4.001138323853137e-18,1.0002845809632842e-18,0.0,2.0005691619265684e-18,2.0005691619265684e-18,1.0502988100114484e-17,5.0014229048164204e-18,2.5007114524082102e-18,3.5009960333714946e-18,2.0005691619265684e-18,5.0014229048164204e-18,3.5009960333714946e-18,1.4003984133485978e-17,1.500426871444926e-17,1.0502988100114484e-17,9.5027035191512e-18,8.702475854380573e-17,5.3515225081535703e-17,5.551579424346227e-17,0.0,3.0008537428898524e-18,1.1003130390596125e-17,4.001138323853137e-18,6.001707485779705e-17,3.751067178612316e-17,1640.7196211012308,2189.2078754458935,1952.9956615635226,1658.1479037088725,1235.1713091272172,1192.4293610227996,168.1226645060525,161.69426827332916,70094.39185448275,8.761798981810345e+23,5.351451206538178e-22,5.734769999651907e-22
1.59954e-06,197442.0,6.5814,3e+22,4390.98,-4924.33,70160.2,4.35507,4.35917,4.42033,0.000840491248,0.000186322084,0.124545461,0.00596650451,0.00601410504,0.0190537236,2.66967469e-05,9.36573868e-05,1.46699864e-05,1683.91246,67.8015189,-774.047726,139.565821,2450.24088,-166.684698,1016.85638,-470.900615,9849.22566,7200.0,197442.051308,6.58140171,-240.0,30000 3000,1e-06,2,0.0 0.0259,0.0 0.0,-1.0 0.0,0.00054857 28.0,30000,1000,0,0.0,0.0 0.0 0.0,1000 1000000 0,0,0.0,0,100,0,,80,,1,,,10,1.0,10.0,0.1,True,{},,,False,3,mixed,250,300,True,Ar_Aubin,,False,uniform,Argon_Aubin_Model3-test/80Td,3.0000000000000005e+21,8.770025e+23,3.250924888130673e-17,2.0898545636233506e-13,2.0857583982643066e-13,3.5009960333714946e-18,1.5004268714449262e-18,1.0002845809632842e-18,0.0,5.001422904816421e-19,3.0008537428898524e-18,3.5009960333714946e-18,5.0014229048164204e-18,5.001422904816421e-19,2.5007114524082102e-18,1.0002845809632842e-18,3.5009960333714946e-18,1.200341497155941e-17,5.501565195298063e-18,2.0005691619265684e-18,2.5007114524082102e-18,2.5007114524082102e-18,5.0014229048164204e-18,3.0008537428898524e-18,1.650469558589419e-17,1.1503272681077768e-17,8.502418938187915e-18,6.001707485779705e-18,1.0302931183921828e-16,4.601309072431107e-17,6.051721714827869e-17,0.0,6.501849776261348e-18,5.0014229048164204e-18,3.0008537428898524e-18,5.251494050057242e-17,3.250924888130674e-17,1778.5975675135364,1680.221879739857,2070.605970803877,2451.1583914279036,1204.0697791033008,1111.0912071478015,-104.66688720133934,-363.0370083997096,68843.4859717585,8.605435746469815e+23,4.722196795008742e-22,4.63357414621206e-22
1.62176e-06,198190.0,6.60632,3e+22,1478.84,727.684,68669.8,4.37721,4.43052,4.37809,0.000768535496,0.000157867302,0.126182642,0.00604478234,0.00610113012,0.0195116652,1.69471742e-05,9.66016234e-05,1.56936075e-05,1983.35211,-276.705026,-161.992613,-93.7087338,1520.11151,60.0226612,602.896523,-323.099138,9436.98123,7300.0,198189.723689,6.606324123,-240.0,30000 3000,1e-06,2,0.0 0.0259,0.0 0.0,-1.0 0.0,0.00054857 28.0,30000,1000,0,0.0,0.0 0.0 0.0,1000 1000000 0,0,0.0,0,100,0,,80,,1,,,10,1.0,10.0,0.1,True,{},,,False,3,mixed,250,300,True,Ar_Aubin,,False,uniform,Argon_Aubin_Model3-test/80Td,3.0000000000000005e+21,8.583725000000002e+23,4.6513233014792705e-17,2.0933405553880077e-13,2.0891943757999152e-13,2.5007114524082102e-18,2.5007114524082102e-18,3.0008537428898524e-18,0.0,5.001422904816421e-19,2.0005691619265684e-18,7.50213435722463e-18,3.5009960333714946e-18,1.0002845809632842e-18,2.5007114524082102e-18,1.5004268714449262e-18,4.001138323853137e-18,1.5504411004930906e-17,1.5004268714449262e-18,1.5004268714449262e-18,2.0005691619265684e-18,4.501280614334778e-18,1.3003699552522696e-17,4.001138323853137e-18,1.2503557262041051e-17,1.3003699552522696e-17,1.1503272681077768e-17,9.5027035191512e-18,8.952546999621394e-17,4.1011667819494646e-17,5.201479821009078e-17,0.0,5.0014229048164204e-18,3.5009960333714946e-18,3.5009960333714946e-18,5.4515509662498986e-17,4.651323301479271e-17,1764.3581563059092,1982.2155689670954,1958.84195179905,1519.9966324902114,1068.025909424174,772.0444403883976,479.28588049842216,201.52479290149918,73694.11097457296,9.211763871821623e+23,6.311662139576036e-22,6.773462717933168e-22
1.64397e-06,198837.0,6.62789,3e+22,1637.66,-7765.0,71922.4,4.49347,4.37152,4.36102,0.000813846516,0.000117464999,0.127728585,0.00612523909,0.00618836412,0.0199517879,1.39885547e-05,9.44780595e-05,5.31964308e-06,1262.57282,267.3028,-860.808005,-14.6330878,1515.72398,487.561638,222.336773,-1163.05554,9975.53581,7400.0,198836.69067,6.627889689,-240.0,30000 3000,1e-06,2,0.0 0.0259,0.0 0.0,-1.0 0.0,0.00054857 28.0,30000,1000,0,0.0,0.0 0.0 0.0,1000 1000000 0,0,0.0,0,100,0,,80,,1,,,10,1.0,10.0,0.1,True,{},,,False,3,mixed,250,300,True,Ar_Aubin,,False,uniform,Argon_Aubin_Model3-test/80Td,3.0000000000000005e+21,8.9903e+23,3.951124094804972e-17,2.1004725844502759e-13,2.0965114575096616e-13,2.5007114524082102e-18,5.001422904816421e-19,1.0002845809632842e-18,0.0,5.001422904816421e-19,3.0008537428898524e-18,4.501280614334778e-18,4.001138323853137e-18,5.001422904816421e-19,1.0002845809632842e-18,3.0008537428898524e-18,5.0014229048164204e-18,2.0005691619265682e-17,5.0014229048164204e-18,2.0005691619265684e-18,1.5004268714449262e-18,1.5004268714449262e-18,9.002561228669556e-18,3.5009960333714946e-18,1.0502988100114484e-17,8.502418938187915e-18,1.1003130390596125e-17,4.501280614334778e-18,9.702760435343855e-17,4.301223698142122e-17,5.201479821009078e-17,0.0,1.5004268714449262e-18,7.50213435722463e-18,2.5007114524082102e-18,5.0514371338645855e-17,3.9511240948049725e-17,1809.1783510235214,1261.2400161146074,1963.573928111193,1516.636095717235,1071.0890847982996,788.9894281960005,-409.5800053024833,-906.1810211734585,69587.23256766524,8.698404070958157e+23,5.677943997791516e-22,5.49359322659557e-22
1.66619e-06,199166.0,6.63888,3e+22,2172.24,-507.974,64511.2,4.40471,4.3994,4.44995,0.000896941095,8.86066588e-05,0.129254133,0.00620151844,0.00627864835,0.0203947274,1.68462494e-05,9.77774109e-05,8.43065056e-06,1402.04866,352.557085,221.867218,-157.615309,1218.57673,190.762368,236.008346,169.503771,9349.55049,7500.0,199166.253723,6.638875124,-240.0,30000 3000,1e-06,2,0.0 0.0259,0.0 0.0,-1.0 0.0,0.00054857 28.0,30000,1000,0,0.0,0.0 0.0 0.0,1000 1000000 0,0,0.0,0,100,0,,80,,1,,,10,1.0,10.0,0.1,True,{},,,False,3,mixed,250,300,True,Ar_Aubin,,False,uniform,Argon_Aubin_Model3-test/80Td,3.0000000000000005e+21,8.063900000000002e+23,3.551010262419658e-17,2.1071544854511106e-13,2.1030983314753048e-13,3.0008537428898524e-18,2.5007114524082102e-18,1.5004268714449262e-18,0.0,5.001422904816421e-19,2.5007114524082102e-18,3.0008537428898524e-18,2.0005691619265684e-18,0.0,1.5004268714449262e-18,1.5004268714449262e-18,1.5004268714449262e-18,1.500426871444926e-17,2.5007114524082102e-18,2.0005691619265684e-18,2.5007114524082102e-18,5.0014229048164204e-18,8.502418938187915e-18,3.5009960333714946e-18,1.0502988100114484e-17,1.1003130390596125e-17,8.002276647706274e-18,9.002561228669556e-18,9.852803122488349e-17,4.901394446720092e-17,5.4515509662498986e-17,0.0,4.501280614334778e-18,9.002561228669556e-18,5.0014229048164204e-18,5.251494050057242e-17,3.551010262419659e-17,1713.5743504360694,1400.1002886757972,2032.1071144091768,1218.6217398788972,1145.5765582429624,1011.2112652104006,-390.824962771518,119.24181976431606,68669.19638637138,8.583649548296424e+23,5.171183659176212e-22,5.504486449515214e-22
1.68841e-06,198387.0,6.6129,3e+22,3061.51,1018.11,55473.2,4.35587,4.3994,4.45297,0.000914431808,0.00011513321,0.130663023,0.00628429179,0.00635414596,0.0208114839,1.67643285e-05,0.000102020636,2.1025999e-05,1893.8366,-6.23715199,170.643746,-8.77273423,1874.52295,79.5096416,501.101158,-201.177283,8654.32974,7600.0,198386.970275,6.612899009,-240.0,30000 3000,1e-06,2,0.0 0.0259,0.0 0.0,-1.0 0.0,0.00054857 28.0,30000,1000,0,0.0,0.0 0.0 0.0,1000 1000000 0,0,0.0,0,100,0,,80,,1,,,10,1.0,10.0,0.1,True,{},,,False,3,mixed,250,300,True,Ar_Aubin,,False,uniform,Argon_Aubin_Model3-test/80Td,3.0000000000000005e+21,6.934150000000001e+23,3.551010262419658e-17,2.1042986729724604e-13,2.1001424905385584e-13,5.501565195298063e-18,0.0,1.0002845809632842e-18,0.0,5.001422904816421e-19,2.0005691619265684e-18,3.0008537428898524e-18,2.5007114524082102e-18,1.5004268714449262e-18,3.0008537428898524e-18,3.0008537428898524e-18,3.0008537428898524e-18,1.700483787637583e-17,5.501565195298063e-18,2.0005691619265684e-18,3.0008537428898524e-18,4.001138323853137e-18,1.0502988100114484e-17,3.5009960333714946e-18,1.2503557262041051e-17,1.3503841843004337e-17,8.502418938187915e-18,1.0502988100114484e-17,8.902532770573229e-17,5.0014229048164204e-17,6.151750172924198e-17,0.0,3.5009960333714946e-18,7.001992066742989e-18,1.5004268714449262e-18,5.201479821009078e-17,3.551010262419659e-17,1862.2173262487202,1891.03705787549,1699.0580053911572,1874.405731727567,1137.9646578162778,1406.0337325164,31.24538396644097,220.99229388372447,63418.092447301075,7.927261555912634e+23,5.599364669270781e-22,6.401307770995108e-22
1.71062e-06,198151.0,6.60503,3e+22,5576.64,2604.63,65152.1,4.42086,4.39867,4.36618,0.000966942969,7.14995379e-05,0.132154757,0.00636942629,0.0064385019,0.021256791,1.22126599e-05,0.000103398493,1.37035172e-05,2163.68395,-95.9527709,-603.55982,137.285201,1630.24288,182.316951,642.907843,638.818513,9501.41255,7700.0,198150.754691,6.605025156,-240.0,30000 3000,1e-06,2,0.0 0.0259,0.0 0.0,-1.0 0.0,0.00054857 28.0,30000,1000,0,0.0,0.0 0.0 0.0,1000 1000000 0,0,0.0,0,100,0,,80,,1,,,10,1.0,10.0,0.1,True,{},,,False,3,mixed,250,300,True,Ar_Aubin,,False,uniform,Argon_Aubin_Model3-test/80Td,3.0000000000000005e+21,8.144012500000002e+23,3.200910659082509e-17,2.0999474350452704e-13,2.0957462398052247e-13,2.5007114524082102e-18,1.5004268714449262e-18,2.5007114524082102e-18,0.0,5.001422904816421e-19,4.001138323853137e-18,1.5004268714449262e-18,2.0005691619265684e-18,5.001422904816421e-19,2.5007114524082102e-18,3.5009960333714946e-18,6.501849776261348e-18,1.0502988100114484e-17,5.501565195298063e-18,2.0005691619265684e-18,1.0002845809632842e-18,4.501280614334778e-18,6.501849776261348e-18,1.5004268714449262e-18,1.650469558589419e-17,1.1003130390596125e-17,9.5027035191512e-18,9.002561228669556e-18,1.0903101932499797e-16,5.901679027683377e-17,4.951408675768256e-17,0.0,4.501280614334778e-18,6.001707485779705e-18,5.501565195298063e-18,4.951408675768256e-17,3.2009106590825094e-17,1913.8478933147728,2158.291657161356,1898.7320673959869,1630.0566501585995,1198.5308218319665,891.2526064602989,-311.7511215128792,-760.629846087065,67147.13335944177,8.393391669930222e+23,4.767010144644423e-22,4.912981560199148e-22
1.73284e-06,198614.0,6.62048,3e+22,-2838.49,-5898.27,60985.0,4.37783,4.41511,4.42664,0.000983255016,0.000128663189,0.133708373,0.00644977414,0.00652317397,0.0217133184,1.35503116e-05,0.000111847586,1.78927176e-05,1999.55173,-424.54012,209.770967,543.397928,2192.98674,-543.729288,-25.4939298,-713.384664,9167.33908,7800.0,198614.404511,6.62048015,-240.0,30000 3000,1e-06,2,0.0 0.0259,0.0 0.0,-1.0 0.0,0.00054857 28.0,30000,1000,0,0.0,0.0 0.0 0.0,1000 1000000 0,0,0.0,0,100,0,,80,,1,,,10,1.0,10.0,0.1,True,{},,,False,3,mixed,250,300,True,Ar_Aubin,,False,uniform,Argon_Aubin_Model3-test/80Td,3.0000000000000005e+21,7.623125000000002e+23,3.45098180432333e-17,2.0998223994726502e-13,2.0957312355365102e-13,3.5009960333714946e-18,1.5004268714449262e-18,1.0002845809632842e-18,0.0,5.001422904816421e-19,1.5004268714449262e-18,5.0014229048164204e-18,3.0008537428898524e-18,5.001422904816421e-19,2.0005691619265684e-18,3.5009960333714946e-18,1.5004268714449262e-18,1.450412642396762e-17,6.001707485779705e-18,1.5004268714449262e-18,0.0,3.5009960333714946e-18,4.501280614334778e-18,3.5009960333714946e-18,1.3503841843004337e-17,1.0002845809632841e-17,1.1003130390596125e-17,6.501849776261348e-18,9.852803122488349e-17,4.7013375305274356e-17,6.351807089116854e-17,0.0,5.0014229048164204e-18,8.002276647706274e-18,2.5007114524082102e-18,5.201479821009078e-17,3.4509818043233305e-17,1807.6251306228728,2002.3426895303658,1905.4062173424509,2193.745630227783,978.5376109436208,1013.1339525950007,214.52102627418083,503.84310972600997,69932.6158292025,8.741576978650314e+23,4.934724324843954e-22,5.658738713328408e-22
1.75505e-06,197998.0,6.59995,3e+22,9886.24,-664.733,58754.5,4.3901,4.38001,4.4096,0.000985512338,4.14629191e-05,0.13522454,0.00654223244,0.00661278353,0.0221750567,3.21384296e-06,0.000108052216,2.62058544e-07,2562.91606,-760.916073,31.7400057,-601.505402,1461.69585,291.398119,686.354809,-217.498742,8838.30457,7900.0,197998.461794,6.599948726,-240.0,30000 3000,1e-06,2,0.0 0.0259,0.0 0.0,-1.0 0.0,0.00054857 28.0,30000,1000,0,0.0,0.0 0.0 0.0,1000 1000000 0,0,0.0,0,100,0,,80,,1,,,10,1.0,10.0,0.1,True,{},,,False,3,mixed,250,300,True,Ar_Aubin,,False,uniform,Argon_Aubin_Model3-test/80Td,3.0000000000000005e+21,7.344312500000001e+23,3.951124094804972e-17,2.0998223994726502e-13,2.095436151585126e-13,4.001138323853137e-18,1.0002845809632842e-18,1.5004268714449262e-18,0.0,0.0,2.5007114524082102e-18,4.001138323853137e-18,7.50213435722463e-18,1.0002845809632842e-18,5.001422904816421e-19,4.001138323853137e-18,4.001138323853137e-18,1.3003699552522696e-17,4.501280614334778e-18,1.5004268714449262e-18,1.5004268714449262e-18,2.0005691619265684e-18,8.502418938187915e-18,3.5009960333714946e-18,1.3503841843004337e-17,1.4003984133485978e-17,8.502418938187915e-18,7.50213435722463e-18,1.0352945412969991e-16,5.801650569587048e-17,5.901679027683377e-17,0.0,3.5009960333714946e-18,6.001707485779705e-18,2.5007114524082102e-18,5.851664798635212e-17,3.9511240948049725e-17,2080.8037454737114,2553.173048503571,2017.1227598824214,1461.723411770602,1215.145280981761,893.2543345699996,-251.68434035648062,-676.6707262926211,68246.93125194174,8.53086640649272e+23,5.789453126059138e-22,6.72480251692206e-22
1.77727e-06,197751.0,6.59171,3e+22,3415.44,2901.64,60631.9,4.39779,4.39543,4.36919,0.000957345201,5.55836486e-05,0.136699321,0.00663666935,0.00669541159,0.0226301341,1.15759778e-07,0.000101049953,4.34021021e-06,2707.25429,300.115964,58.4311169,750.606066,1537.55095,5.38160981,402.557915,135.259427,9537.38291,8000.0,197751.32511,6.591710837,-240.0,30000 3000,1e-06,2,0.0 0.0259,0.0 0.0,-1.0 0.0,0.00054857 28.0,30000,1000,0,0.0,0.0 0.0 0.0,1000 1000000 0,0,0.0,0,100,0,,80,,1,,,10,1.0,10.0,0.1,True,{},,,False,3,mixed,250,300,True,Ar_Aubin,,False,uniform,Argon_Aubin_Model3-test/80Td,3.0000000000000005e+21,7.578987500000001e+23,3.551010262419658e-17,2.0969415798794755e-13,2.0928204074059073e-13,2.5007114524082102e-18,2.0005691619265684e-18,2.0005691619265684e-18,0.0,0.0,1.5004268714449262e-18,6.501849776261348e-18,3.5009960333714946e-18,5.001422904816421e-19,2.0005691619265684e-18,2.0005691619265684e-18,3.5009960333714946e-18,1.0002845809632841e-17,4.501280614334778e-18,3.5009960333714946e-18,3.0008537428898524e-18,1.5004268714449262e-18,6.001707485779705e-18,3.5009960333714946e-18,1.3003699552522696e-17,1.3003699552522696e-17,1.0502988100114484e-17,5.501565195298063e-18,9.652746206295692e-17,4.7513517595756e-17,5.501565195298063e-17,0.0,6.001707485779705e-18,7.50213435722463e-18,2.0005691619265684e-18,6.201764401972362e-17,3.551010262419659e-17,2126.6668182354265,2703.9845349066964,1859.629581328425,1537.3896662618763,1216.4543491499173,1249.043349060099,-207.29519708560167,-63.944955508751946,66384.03125689297,8.298003907111622e+23,5.349193465937548e-22,5.856669941762765e-22
1.79948e-06,197634.0,6.5878,3e+22,3995.32,3735.84,57659.7,4.35922,4.38178,4.41553,0.000990172549,8.29675677e-05,0.138143636,0.00671780745,0.00678245148,0.0230815567,4.48769807e-06,0.000103184544,7.44757526e-06,1401.95752,159.138933,274.54939,-203.304,2639.54053,-7.24694554,195.073264,717.769269,9329.81034,8100.0,197633.940393,6.587798013,-240.0,30000 3000,1e-06,2,0.0 0.0259,0.0 0.0,-1.0 0.0,0.00054857 28.0,30000,1000,0,0.0,0.0 0.0 0.0,1000 1000000 0,0,0.0,0,100,0,,80,,1,,,10,1.0,10.0,0.1,True,{},,,False,3,mixed,250,300,True,Ar_Aubin,,False,uniform,Argon_Aubin_Model3-test/80Td,3.0000000000000005e+21,7.207462500000002e+23,3.200910659082509e-17,2.0948809936426913e-13,2.090864851050124e-13,5.0014229048164204e-18,2.0005691619265684e-18,1.0002845809632842e-18,0.0,1.5004268714449262e-18,2.0005691619265684e-18,3.0008537428898524e-18,6.001707485779705e-18,5.001422904816421e-19,3.5009960333714946e-18,1.5004268714449262e-18,3.5009960333714946e-18,1.1003130390596125e-17,4.001138323853137e-18,1.0002845809632842e-18,5.001422904816421e-19,4.001138323853137e-18,7.001992066742989e-18,2.0005691619265684e-18,1.3003699552522696e-17,1.3503841843004337e-17,1.1003130390596125e-17,6.501849776261348e-18,9.802788893440184e-17,4.951408675768256e-17,5.901679027683377e-17,0.0,2.5007114524082102e-18,3.5009960333714946e-18,2.5007114524082102e-18,5.151465591960914e-17,3.2009106590825094e-17,1824.6879072440047,1398.0014638115292,1958.869456666211,2639.230576441884,1225.7616067894498,1364.489731330801,-170.28372683256703,-139.39842990709525,65012.67110492817,8.126583888116024e+23,4.923518146049331e-22,5.551382783959176e-22
1.8217e-06,197672.0,6.58907,3e+22,-7736.21,-2809.26,71432.3,4.36845,4.40032,4.37997,0.000962626127,6.00953195e-05,0.139615095,0.00680441536,0.00688351931,0.0235466837,1.87231314e-06,0.000104988913,1.48200557e-06,1927.67866,369.214127,-239.545374,-454.705908,1971.12692,27.6898679,-1524.57676,-605.695392,11171.3449,8200.0,197672.104481,6.589070149,-240.0,30000 3000,1e-06,2,0.0 0.0259,0.0 0.0,-1.0 0.0,0.00054857 28.0,30000,1000,0,0.0,0.0 0.0 0.0,1000 1000000 0,0,0.0,0,100,0,,80,,1,,,10,1.0,10.0,0.1,True,{},,,False,3,mixed,250,300,True,Ar_Aubin,,False,uniform,Argon_Aubin_Model3-test/80Td,3.0000000000000005e+21,8.929037500000002e+23,2.8508110557453595e-17,2.0832376811202786e-13,2.0792065342589968e-13,2.5007114524082102e-18,2.0005691619265684e-18,1.5004268714449262e-18,0.0,0.0,1.0002845809632842e-18,6.001707485779705e-18,3.5009960333714946e-18,5.001422904816421e-19,4.001138323853137e-18,5.001422904816421e-19,4.001138323853137e-18,1.2503557262041051e-17,4.001138323853137e-18,2.5007114524082102e-18,2.5007114524082102e-18,1.5004268714449262e-18,7.50213435722463e-18,3.0008537428898524e-18,1.450412642396762e-17,9.5027035191512e-18,9.5027035191512e-18,7.50213435722463e-18,1.0002845809632841e-16,4.7513517595756e-17,5.601593653394391e-17,0.0,3.0008537428898524e-18,6.501849776261348e-18,6.501849776261348e-18,5.501565195298063e-17,2.8508110557453595e-17,1950.4432099624682,1935.1257378699588,2274.746964333294,1971.2957433772585,1269.7305857847982,1198.3175494315,188.75071528324787,-752.7930382017521,66234.49871488476,8.279312339360597e+23,4.3041181122500165e-22,3.990927151646187e-22
1.84392e-06,198335.0,6.61116,3e+22,2398.69,-5656.34,65584.6,4.37281,4.40169,4.42315,0.00091226374,0.000139986176,0.141221046,0.00688332163,0.00697114154,0.0240522009,-1.26804711e-06,9.94694363e-05,3.42327499e-06,2047.51348,-57.1096693,68.7696024,299.56054,1336.67914,-118.478787,165.758996,-1254.39819,10282.0082,8300.0,198334.822381,6.611160746,-240.0,30000 3000,1e-06,2,0.0 0.0259,0.0 0.0,-1.0 0.0,0.00054857 28.0,30000,1000,0,0.0,0.0 0.0 0.0,1000 1000000 0,0,0.0,0,100,0,,80,,1,,,10,1.0,10.0,0.1,True,{},,,False,3,mixed,250,300,True,Ar_Aubin,,False,uniform,Argon_Aubin_Model3-test/80Td,3.0000000000000005e+21,8.198075000000002e+23,3.300939117178837e-17,2.1024081351144402e-13,2.0982419498347281e-13,5.0014229048164204e-18,1.0002845809632842e-18,5.001422904816421e-19,0.0,5.001422904816421e-19,3.5009960333714946e-18,5.501565195298063e-18,4.001138323853137e-18,1.5004268714449262e-18,1.0002845809632842e-18,0.0,3.0008537428898524e-18,1.200341497155941e-17,4.501280614334778e-18,2.5007114524082102e-18,3.0008537428898524e-18,6.001707485779705e-18,9.002561228669556e-18,2.0005691619265684e-18,1.1503272681077768e-17,1.2503557262041051e-17,1.200341497155941e-17,8.002276647706274e-18,1.080307347440347e-16,4.7513517595756e-17,5.3015082791054065e-17,0.0,5.501565195298063e-18,6.501849776261348e-18,4.001138323853137e-18,5.0514371338645855e-17,3.300939117178838e-17,1778.021460509446,2045.3252420894994,1971.7014687218345,1337.4709494067558,1226.781686200207,1020.0823865084003,2.107584203881086,-164.04736491214402,72288.36103871526,9.036045129839408e+23,4.566349367654031e-22,5.0331009370779675e-22
1.86613e-06,198384.0,6.6128,3e+22,2959.44,1689.99,66383.3,4.38587,4.42135,4.39325,0.00100226679,9.45457451e-05,0.142773635,0.00694983863,0.00706064211,0.0245354703,-5.61964641e-06,0.00011360683,-4.6782661e-06,1219.67224,-313.650118,627.592536,-534.260843,1897.95922,363.422267,523.223519,786.306355,10605.8921,8400.0,198383.993582,6.612799786,-240.0,30000 3000,1e-06,2,0.0 0.0259,0.0 0.0,-1.0 0.0,0.00054857 28.0,30000,1000,0,0.0,0.0 0.0 0.0,1000 1000000 0,0,0.0,0,100,0,,80,,1,,,10,1.0,10.0,0.1,True,{},,,False,3,mixed,250,300,True,Ar_Aubin,,False,uniform,Argon_Aubin_Model3-test/80Td,3.0000000000000005e+21,8.297912500000002e+23,3.9011098657568074e-17,2.0998073952039352e-13,2.0955861942722707e-13,5.501565195298063e-18,1.0002845809632842e-18,1.5004268714449262e-18,0.0,0.0,3.0008537428898524e-18,3.0008537428898524e-18,2.0005691619265684e-18,1.0002845809632842e-18,1.0002845809632842e-18,3.5009960333714946e-18,1.0002845809632842e-18,1.1003130390596125e-17,6.501849776261348e-18,1.0002845809632842e-18,5.001422904816421e-19,6.001707485779705e-18,7.50213435722463e-18,4.501280614334778e-18,1.500426871444926e-17,1.200341497155941e-17,9.5027035191512e-18,9.5027035191512e-18,9.552717748199364e-17,4.901394446720092e-17,5.851664798635212e-17,0.0,5.501565195298063e-18,4.501280614334778e-18,5.0014229048164204e-18,5.95169325673154e-17,3.901109865756808e-17,1493.180254074386,1216.7060915710024,2014.5757595135738,1897.7994386362384,952.9747212780977,1128.1070557044986,-5.808432582501985,661.752271634993,69886.38767729513,8.735798459661894e+23,5.582073985237915e-22,5.876643471711721e-22
1.88835e-06,198079.0,6.60264,3e+22,3114.08,801.494,62772.6,4.36016,4.3726,4.45006,0.00112776292,0.00014710975,0.144263681,0.00703786265,0.00713396632,0.0250191384,-1.32557305e-06,0.00012164852,7.45279826e-06,1884.28082,78.6459828,-142.249011,-277.803498,1512.96233,-288.004982,-4.3980105,-265.116955,10214.1165,8500.0,198079.130243,6.602637675,-240.0,30000 3000,1e-06,2,0.0 0.0259,0.0 0.0,-1.0 0.0,0.00054857 28.0,30000,1000,0,0.0,0.0 0.0 0.0,1000 1000000 0,0,0.0,0,100,0,,80,,1,,,10,1.0,10.0,0.1,True,{},,,False,3,mixed,250,300,True,Ar_Aubin,,False,uniform,Argon_Aubin_Model3-test/80Td,3.0000000000000005e+21,7.846575000000002e+23,4.0511525529013e-17,2.1033984168495938e-13,2.0992022230324528e-13,6.501849776261348e-18,5.001422904816421e-19,5.001422904816421e-19,0.0,0.0,3.0008537428898524e-18,3.0008537428898524e-18,4.501280614334778e-18,5.001422904816421e-19,2.5007114524082102e-18,5.0014229048164204e-18,5.501565195298063e-18,1.4003984133485978e-17,3.0008537428898524e-18,1.0002845809632842e-18,2.0005691619265684e-18,3.5009960333714946e-18,9.5027035191512e-18,3.5009960333714946e-18,1.2503557262041051e-17,9.5027035191512e-18,1.0002845809632841e-17,7.50213435722463e-18,1.0002845809632841e-16,5.551579424346227e-17,5.501565195298063e-17,0.0,4.001138323853137e-18,7.50213435722463e-18,4.001138323853137e-18,4.551294843382943e-17,4.051152552901301e-17,1975.0878765796087,1880.7688760460865,1649.9783402736448,1512.8444224180337,1259.6675228882864,1158.3101580593993,-520.1800191046452,-666.688275900472,67071.15174267055,8.383893967833821e+23,6.040081984046151e-22,6.453695645713736e-22
1.91056e-06,198298.0,6.60994,3e+22,-1460.42,2518.69,67161.8,4.36849,4.41461,4.4111,0.0011177185,0.000189929179,0.14587559,0.00710978766,0.00721861587,0.0255399077,2.30349897e-06,0.000125437393,1.01635975e-05,1441.76709,17.5577434,-688.770889,21.5221276,1217.34344,-47.4440744,-4.03642088,23.9719415,11166.1972,8600.0,198298.342824,6.609944761,-240.0,30000 3000,1e-06,2,0.0 0.0259,0.0 0.0,-1.0 0.0,0.00054857 28.0,30000,1000,0,0.0,0.0 0.0 0.0,1000 1000000 0,0,0.0,0,100,0,,80,,1,,,10,1.0,10.0,0.1,True,{},,,False,3,mixed,250,300,True,Ar_Aubin,,False,uniform,Argon_Aubin_Model3-test/80Td,3.0000000000000005e+21,8.395225000000002e+23,3.8510956367086436e-17,2.0942158043963506e-13,2.0898895735836846e-13,3.5009960333714946e-18,3.0008537428898524e-18,2.0005691619265684e-18,0.0,0.0,2.5007114524082102e-18,4.001138323853137e-18,4.501280614334778e-18,1.0002845809632842e-18,1.0002845809632842e-18,5.501565195298063e-18,2.0005691619265684e-18,8.502418938187915e-18,6.501849776261348e-18,3.0008537428898524e-18,1.0002845809632842e-18,3.0008537428898524e-18,1.2503557262041051e-17,4.001138323853137e-18,1.4003984133485978e-17,1.3003699552522696e-17,1.3003699552522696e-17,6.001707485779705e-18,1.0603016558210813e-16,5.4515509662498986e-17,4.801365988623764e-17,0.0,3.0008537428898524e-18,8.502418938187915e-18,5.0014229048164204e-18,5.551579424346227e-17,3.851095636708644e-17,1619.2808879785466,1443.39942845177,1904.8320839018547,1216.8650672761446,1194.8918977322548,1368.9299995380006,154.67559239524684,-554.8356670855001,72556.54733771735,9.06956841721467e+23,5.307716226881036e-22,5.7340566165716875e-22
1.93278e-06,199039.0,6.63462,3e+22,807.079,4907.75,67808.2,4.38154,4.48022,4.3812,0.0011745451,0.000131510257,0.147457087,0.00719267909,0.00730384227,0.0260663442,6.09000741e-06,0.000132160281,-3.1719362e-07,1862.42523,122.487563,263.58631,-317.064177,1726.47393,154.955732,155.518482,181.631759,11398.5867,8700.0,199038.643202,6.63462144,-240.0,30000 3000,1e-06,2,0.0 0.0259,0.0 0.0,-1.0 0.0,0.00054857 28.0,30000,1000,0,0.0,0.0 0.0 0.0,1000 1000000 0,0,0.0,0,100,0,,80,,1,,,10,1.0,10.0,0.1,True,{},,,False,3,mixed,250,300,True,Ar_Aubin,,False,uniform,Argon_Aubin_Model3-test/80Td,3.0000000000000005e+21,8.476025e+23,4.5012806143347784e-17,2.1005075944106096e-13,2.0964764475493278e-13,1.0002845809632842e-18,1.5004268714449262e-18,1.0002845809632842e-18,0.0,5.001422904816421e-19,2.5007114524082102e-18,7.50213435722463e-18,6.001707485779705e-18,5.001422904816421e-19,2.0005691619265684e-18,2.0005691619265684e-18,4.001138323853137e-18,9.5027035191512e-18,5.0014229048164204e-18,5.001422904816421e-19,2.0005691619265684e-18,4.501280614334778e-18,9.002561228669556e-18,4.001138323853137e-18,1.4003984133485978e-17,7.001992066742989e-18,7.50213435722463e-18,7.001992066742989e-18,1.0653030787258976e-16,4.8513802176719277e-17,4.601309072431107e-17,0.0,1.0002845809632842e-18,3.5009960333714946e-18,4.001138323853137e-18,5.0014229048164204e-17,4.5012806143347784e-17,1862.6562158928598,1861.4772793152372,1918.5623392556467,1725.8285105362083,1407.364800042684,1399.7870532866018,-154.13579259488438,220.45148463130707,71187.61787728552,8.898452234660692e+23,6.323122965140041e-22,6.6382540966059835e-22
1.955e-06,198676.0,6.62252,3e+22,2443.13,-3405.91,57769.4,4.37342,4.43056,4.42198,0.00116070866,0.000156323151,0.148945685,0.00728767172,0.00739927999,0.0265572297,6.25878864e-06,0.000117688322,5.1838503e-06,2241.34859,-621.321625,-1008.12287,-35.2903679,2879.4622,-172.234576,529.118397,-764.928904,9589.10134,8800.0,198675.676252,6.622522542,-240.0,30000 3000,1e-06,2,0.0 0.0259,0.0 0.0,-1.0 0.0,0.00054857 28.0,30000,1000,0,0.0,0.0 0.0 0.0,1000 1000000 0,0,0.0,0,100,0,,80,,1,,,10,1.0,10.0,0.1,True,{},,,False,3,mixed,250,300,True,Ar_Aubin,,False,uniform,Argon_Aubin_Model3-test/80Td,3.0000000000000005e+21,7.221175000000002e+23,3.45098180432333e-17,2.1065843232399617e-13,2.1023581208853922e-13,3.5009960333714946e-18,3.0008537428898524e-18,0.0,0.0,5.001422904816421e-19,2.0005691619265684e-18,3.5009960333714946e-18,6.501849776261348e-18,1.0002845809632842e-18,0.0,2.0005691619265684e-18,3.0008537428898524e-18,1.450412642396762e-17,4.501280614334778e-18,1.0002845809632842e-18,2.0005691619265684e-18,2.5007114524082102e-18,8.002276647706274e-18,3.5009960333714946e-18,1.2503557262041051e-17,1.500426871444926e-17,1.3003699552522696e-17,6.001707485779705e-18,9.852803122488349e-17,5.401536737201735e-17,6.101735943876033e-17,0.0,6.001707485779705e-18,6.001707485779705e-18,4.501280614334778e-18,5.0514371338645855e-17,3.4509818043233305e-17,2138.6696374788858,2238.5128278514944,2147.799054284486,2879.9946225832223,1117.688826613833,984.5984849609995,-637.3591190547506,-909.951587257054,67005.97319937557,8.375746649921948e+23,5.150259953773031e-22,5.973719312167566e-22
1.97721e-06,197540.0,6.58465,3e+22,7349.71,-314.27,59970.5,4.36547,4.39048,4.3926,0.00114325289,0.000184350769,0.150428294,0.00736887734,0.00747678537,0.0270423702,-1.43253063e-07,0.000111462726,1.03701487e-05,2121.02951,303.036112,772.448985,-758.583945,1931.45469,593.916958,1472.92883,382.469621,9778.84186,8900.0,197539.516374,6.584650546,-240.0,30000 3000,1e-06,2,0.0 0.0259,0.0 0.0,-1.0 0.0,0.00054857 28.0,30000,1000,0,0.0,0.0 0.0 0.0,1000 1000000 0,0,0.0,0,100,0,,80,,1,,,10,1.0,10.0,0.1,True,{},,,False,3,mixed,250,300,True,Ar_Aubin,,False,uniform,Argon_Aubin_Model3-test/80Td,3.0000000000000005e+21,7.496312500000001e+23,4.1511810109976285e-17,2.0975567548967682e-13,2.0930504728595287e-13,5.0014229048164204e-18,2.5007114524082102e-18,1.0002845809632842e-18,0.0,5.001422904816421e-19,3.5009960333714946e-18,3.0008537428898524e-18,4.001138323853137e-18,5.001422904816421e-19,1.0002845809632842e-18,1.5004268714449262e-18,2.0005691619265684e-18,1.4003984133485978e-17,6.001707485779705e-18,5.001422904816421e-19,2.0005691619265684e-18,4.501280614334778e-18,6.001707485779705e-18,7.001992066742989e-18,1.450412642396762e-17,1.200341497155941e-17,1.1003130390596125e-17,7.001992066742989e-18,1.1003130390596126e-16,5.901679027683377e-17,6.001707485779705e-17,0.0,6.001707485779705e-18,6.501849776261348e-18,5.0014229048164204e-18,5.3515225081535703e-17,4.151181010997629e-17,1828.551564935608,2112.626932801838,1744.1524250988507,1931.5126259161736,929.1981051586156,757.5818546730006,-239.49654995465116,1071.212030865515,66736.39150338253,8.342048937922817e+23,6.22026591112171e-22,6.922038353853359e-22
1.99943e-06,197467.0,6.58225,3e+22,610.689,-5050.12,61158.1,4.37915,4.35981,4.40412,0.00117880503,0.00013826816,0.151933694,0.00745170809,0.00754770029,0.0275483534,-2.12507204e-06,0.000131966624,5.50244685e-06,1946.11186,-22.481816,-53.6639127,180.11516,2087.87331,-1.71386345,-380.887114,-379.903015,10919.9997,9000.0,197467.48817,6.582249606,-240.0,30000 3000,1e-06,2,0.0 0.0259,0.0 0.0,-1.0 0.0,0.00054857 28.0,30000,1000,0,0.0,0.0 0.0 0.0,1000 1000000 0,0,0.0,0,100,0,,80,,1,,,10,1.0,10.0,0.1,True,{},,,False,3,mixed,250,300,True,Ar_Aubin,,False,uniform,Argon_Aubin_Model3-test/80Td,3.0000000000000005e+21,7.6447625e+23,3.3509533462270016e-17,2.0933455568109127e-13,2.0891743701082962e-13,3.0008537428898524e-18,1.0002845809632842e-18,2.5007114524082102e-18,0.0,1.0002845809632842e-18,3.0008537428898524e-18,5.501565195298063e-18,3.0008537428898524e-18,0.0,3.0008537428898524e-18,3.5009960333714946e-18,4.001138323853137e-18,1.650469558589419e-17,7.001992066742989e-18,3.5009960333714946e-18,2.5007114524082102e-18,3.5009960333714946e-18,7.001992066742989e-18,4.501280614334778e-18,1.3503841843004337e-17,1.3003699552522696e-17,1.0002845809632841e-17,7.001992066742989e-18,1.1103158848692454e-16,4.951408675768256e-17,5.0014229048164204e-17,0.0,2.0005691619265684e-18,4.501280614334778e-18,4.001138323853137e-18,4.5012806143347784e-17,3.350953346227002e-17,1862.3642497432104,1945.3919767350344,1596.3743787548854,2088.571580800179,1143.493247286808,1628.0236489786002,602.3288338347213,-599.428738260409,67762.27836819655,8.470284796024572e+23,4.945160385574835e-22,5.47916522296638e-22
2.02164e-06,197514.0,6.58381,3e+22,-6621.99,-2358.83,69686.7,4.39672,4.36052,4.38249,0.00113470325,0.000106273473,0.153473434,0.00753972546,0.00763065977,0.0280747373,-8.90919005e-07,0.000122708794,1.16644981e-06,1378.31578,-488.32593,1577.65722,39.0063696,1658.70587,305.486702,-1255.38353,138.096117,11073.6461,9100.0,197514.333884,6.583811129,-240.0,30000 3000,1e-06,2,0.0 0.0259,0.0 0.0,-1.0 0.0,0.00054857 28.0,30000,1000,0,0.0,0.0 0.0 0.0,1000 1000000 0,0,0.0,0,100,0,,80,,1,,,10,1.0,10.0,0.1,True,{},,,False,3,mixed,250,300,True,Ar_Aubin,,False,uniform,Argon_Aubin_Model3-test/80Td,3.0000000000000005e+21,8.7108375e+23,3.200910659082509e-17,2.08674867999946e-13,2.082527479067795e-13,3.0008537428898524e-18,2.5007114524082102e-18,5.001422904816421e-19,0.0,5.001422904816421e-19,2.5007114524082102e-18,3.5009960333714946e-18,5.501565195298063e-18,0.0,5.001422904816421e-19,1.0002845809632842e-18,2.5007114524082102e-18,1.3503841843004337e-17,5.0014229048164204e-18,2.5007114524082102e-18,1.5004268714449262e-18,2.0005691619265684e-18,9.002561228669556e-18,3.5009960333714946e-18,1.1003130390596125e-17,2.0505833909747323e-17,9.5027035191512e-18,1.0502988100114484e-17,1.0002845809632841e-16,5.10145136291275e-17,5.901679027683377e-17,0.0,6.001707485779705e-18,8.502418938187915e-18,2.0005691619265684e-18,5.3015082791054065e-17,3.2009106590825094e-17,1983.250731079811,1385.8297735744675,1867.2955863369673,1658.9565510563166,1263.426841435232,378.58894687220163,-193.75454673363015,1259.499510241885,69308.01813115759,8.663502266394701e+23,4.618384344831715e-22,4.59328775660565e-22
2.04386e-06,198476.0,6.61585,3e+22,-8659.56,-61.0232,68763.1,4.33743,4.44804,4.41893,0.00106921486,7.69410257e-05,0.155062727,0.00761124955,0.0077124144,0.0286129898,-4.67043799e-07,0.000118155307,-1.95883658e-06,1018.6743,534.800754,-990.763137,-276.215541,1771.64487,714.972221,-1166.17818,118.791173,12025.6776,9200.0,198475.55276,6.615851759,-240.0,30000 3000,1e-06,2,0.0 0.0259,0.0 0.0,-1.0 0.0,0.00054857 28.0,30000,1000,0,0.0,0.0 0.0 0.0,1000 1000000 0,0,0.0,0,100,0,,80,,1,,,10,1.0,10.0,0.1,True,{},,,False,3,mixed,250,300,True,Ar_Aubin,,False,uniform,Argon_Aubin_Model3-test/80Td,3.0000000000000005e+21,8.595387500000003e+23,3.701052949564151e-17,2.0929104330181935e-13,2.0889393032317697e-13,5.0014229048164204e-18,5.001422904816421e-19,1.0002845809632842e-18,0.0,5.001422904816421e-19,3.5009960333714946e-18,4.001138323853137e-18,2.5007114524082102e-18,0.0,1.0002845809632842e-18,4.001138323853137e-18,3.5009960333714946e-18,1.450412642396762e-17,4.501280614334778e-18,4.001138323853137e-18,1.0002845809632842e-18,3.0008537428898524e-18,8.002276647706274e-18,4.001138323853137e-18,8.002276647706274e-18,1.450412642396762e-17,8.002276647706274e-18,9.5027035191512e-18,9.952831580584678e-17,4.4512663852866145e-17,4.5012806143347784e-17,0.0,6.001707485779705e-18,9.002561228669556e-18,4.501280614334778e-18,4.7013375305274356e-17,3.7010529495641515e-17,1612.9983716328459,1027.9332302330615,1840.1236080831154,1771.6495651875996,1078.0148244235297,1363.0837970263,170.95618039049828,-887.6888571195464,71538.5377139805,8.942317214247564e+23,5.173509366883338e-22,5.382324167415591e-22
2.06607e-06,198211.0,6.60704,3e+22,-6355.03,3470.77,63546.5,4.42286,4.37898,4.38898,0.00103032248,9.91537467e-05,0.156641306,0.00768885185,0.00779875217,0.0291618357,-5.14597579e-06,0.000104341505,4.30986182e-06,2175.64111,169.933194,-334.280578,-651.585961,1642.91911,330.230003,-1248.46395,1118.77033,11047.6343,9300.0,198211.128234,6.607037608,-240.0,30000 3000,1e-06,2,0.0 0.0259,0.0 0.0,-1.0 0.0,0.00054857 28.0,30000,1000,0,0.0,0.0 0.0 0.0,1000 1000000 0,0,0.0,0,100,0,,80,,1,,,10,1.0,10.0,0.1,True,{},,,False,3,mixed,250,300,True,Ar_Aubin,,False,uniform,Argon_Aubin_Model3-test/80Td,3.0000000000000005e+21,7.943312500000002e+23,4.0511525529013e-17,2.1001424905385582e-13,2.0957362369594152e-13,4.001138323853137e-18,1.0002845809632842e-18,1.0002845809632842e-18,0.0,5.001422904816421e-19,2.5007114524082102e-18,2.0005691619265684e-18,3.5009960333714946e-18,5.001422904816421e-19,1.5004268714449262e-18,4.501280614334778e-18,2.0005691619265684e-18,1.8505264747820757e-17,4.501280614334778e-18,2.5007114524082102e-18,1.0002845809632842e-18,3.0008537428898524e-18,9.002561228669556e-18,3.0008537428898524e-18,1.3003699552522696e-17,1.3003699552522696e-17,1.1003130390596125e-17,8.002276647706274e-18,1.0052860038681005e-16,5.501565195298063e-17,5.501565195298063e-17,0.0,7.001992066742989e-18,5.501565195298063e-18,4.501280614334778e-18,6.30179286006869e-17,4.051152552901301e-17,1748.386426029361,2182.1888402700743,1943.0646171424826,1642.574970150566,1278.2840058447964,1093.627548270999,-423.5475010166431,-652.7577166061401,71056.27050895964,8.882033813619956e+23,5.701330120317082e-22,6.375099419954365e-22
2.08829e-06,197223.0,6.57409,3e+22,-89.4838,4765.32,56339.0,4.35582,4.37158,4.40261,0.00104501589,9.69167084e-05,0.158115314,0.00776743298,0.00790642904,0.0296836459,-1.18449271e-05,0.000111930937,1.32333638e-06,1834.76561,-247.619541,7.14623196,-401.044036,1605.07379,-414.29638,-30.3680862,643.049959,9701.12441,9400.0,197222.699228,6.574089974,-240.0,30000 3000,1e-06,2,0.0 0.0259,0.0 0.0,-1.0 0.0,0.00054857 28.0,30000,1000,0,0.0,0.0 0.0 0.0,1000 1000000 0,0,0.0,0,100,0,,80,,1,,,10,1.0,10.0,0.1,True,{},,,False,3,mixed,250,300,True,Ar_Aubin,,False,uniform,Argon_Aubin_Model3-test/80Td,3.0000000000000005e+21,7.042375000000001e+23,4.6513233014792705e-17,2.0920451868556606e-13,2.087653937545232e-13,3.0008537428898524e-18,2.0005691619265684e-18,2.0005691619265684e-18,0.0,2.0005691619265684e-18,3.0008537428898524e-18,3.5009960333714946e-18,4.001138323853137e-18,2.0005691619265684e-18,1.5004268714449262e-18,3.5009960333714946e-18,1.0002845809632842e-18,1.6004553295412547e-17,2.0005691619265684e-18,2.0005691619265684e-18,3.0008537428898524e-18,2.5007114524082102e-18,1.1003130390596125e-17,4.501280614334778e-18,1.700483787637583e-17,1.3003699552522696e-17,1.0002845809632841e-17,5.501565195298063e-18,1.1303215764885112e-16,4.951408675768256e-17,5.0514371338645855e-17,0.0,2.0005691619265684e-18,5.0014229048164204e-18,4.001138323853137e-18,5.4515509662498986e-17,4.651323301479271e-17,1767.8922799085499,1834.8591219928976,2423.428909409853,1604.6119508711272,1302.1400003385052,793.0657345540003,168.68437857657895,-67.94824533179678,66349.23635774372,8.293654544717967e+23,7.010364484679419e-22,8.255956444877031e-22
2.11051e-06,197476.0,6.58254,3e+22,-629.715,9072.82,59953.9,4.37073,4.37502,4.39842,0.00104685386,0.000146446419,0.159650604,0.00783707179,0.007992555,0.0302239157,-5.41984249e-06,0.000108655072,5.92623233e-06,1161.82893,-27.7530231,935.775118,-554.368256,2108.75166,-8.74641717,-234.68579,1326.01024,10916.6124,9500.0,197476.149587,6.58253832,-240.0,30000 3000,1e-06,2,0.0 0.0259,0.0 0.0,-1.0 0.0,0.00054857 28.0,30000,1000,0,0.0,0.0 0.0 0.0,1000 1000000 0,0,0.0,0,100,0,,80,,1,,,10,1.0,10.0,0.1,True,{},,,False,3,mixed,250,300,True,Ar_Aubin,,False,uniform,Argon_Aubin_Model3-test/80Td,3.0000000000000005e+21,7.494237500000002e+23,3.45098180432333e-17,2.0843830069654817e-13,2.0802768387606277e-13,3.0008537428898524e-18,1.5004268714449262e-18,1.5004268714449262e-18,0.0,1.0002845809632842e-18,1.5004268714449262e-18,4.501280614334778e-18,4.001138323853137e-18,5.001422904816421e-19,2.5007114524082102e-18,1.5004268714449262e-18,3.0008537428898524e-18,8.502418938187915e-18,3.0008537428898524e-18,1.0002845809632842e-18,1.0002845809632842e-18,4.001138323853137e-18,1.0502988100114484e-17,3.5009960333714946e-18,1.3003699552522696e-17,1.3003699552522696e-17,9.5027035191512e-18,5.501565195298063e-18,9.5027035191512e-17,4.801365988623764e-17,6.101735943876033e-17,0.0,8.002276647706274e-18,6.501849776261348e-18,4.501280614334778e-18,5.601593653394391e-17,3.4509818043233305e-17,1567.2325948117375,1162.4881495784498,1938.1142851455656,2107.422978000768,1179.4922500052442,1344.9360528443995,-232.88277613744995,738.860736460806,69107.71114382018,8.638463892977524e+23,4.993627696830366e-22,5.756058912469964e-22
2.13272e-06,197252.0,6.57507,3e+22,791.662,-1801.25,67000.7,4.39855,4.38037,4.34568,0.00118584599,0.000190602646,0.161156704,0.00791673497,0.00806388086,0.030764342,-9.87728305e-06,0.00013118294,1.67291376e-05,2056.63819,-374.984653,-307.330318,-818.811016,1386.86057,396.067631,-470.267742,104.621323,12203.6514,9600.0,197252.192246,6.575073075,-240.0,30000 3000,1e-06,2,0.0 0.0259,0.0 0.0,-1.0 0.0,0.00054857 28.0,30000,1000,0,0.0,0.0 0.0 0.0,1000 1000000 0,0,0.0,0,100,0,,80,,1,,,10,1.0,10.0,0.1,True,{},,,False,3,mixed,250,300,True,Ar_Aubin,,False,uniform,Argon_Aubin_Model3-test/80Td,3.0000000000000005e+21,8.375087500000001e+23,3.5009960333714937e-17,2.0852032403218714e-13,2.0809870408131119e-13,3.5009960333714946e-18,4.001138323853137e-18,1.0002845809632842e-18,0.0,1.5004268714449262e-18,2.5007114524082102e-18,1.5004268714449262e-18,4.501280614334778e-18,1.0002845809632842e-18,4.001138323853137e-18,1.5004268714449262e-18,3.0008537428898524e-18,1.3003699552522696e-17,1.5004268714449262e-18,4.501280614334778e-18,1.5004268714449262e-18,3.5009960333714946e-18,8.502418938187915e-18,2.0005691619265684e-18,1.5504411004930906e-17,1.750498016685747e-17,1.0502988100114484e-17,5.0014229048164204e-18,1.0603016558210813e-16,4.601309072431107e-17,5.601593653394391e-17,0.0,4.501280614334778e-18,6.001707485779705e-18,6.501849776261348e-18,5.0514371338645855e-17,3.500996033371494e-17,1785.9472785752134,2055.6994007918647,1604.9535959599898,1387.2038930161075,1288.680931702015,1406.0394223071999,-65.19259410087145,-984.632210024241,67793.78733249656,8.474223416562071e+23,5.164184169562262e-22,5.225312621168874e-22
2.15494e-06,197620.0,6.58733,3e+22,-366.736,-6693.27,60163.5,4.31881,4.41147,4.42353,0.00120029972,0.000163672254,0.162692754,0.00801330072,0.00814934842,0.0313055109,-8.29067193e-06,0.000136913284,1.54592565e-05,2144.76223,-117.525045,599.419369,283.176502,1103.97388,-480.180088,-46.4015877,-1271.46546,10364.8109,9700.0,197619.770279,6.587325676,-240.0,30000 3000,1e-06,2,0.0 0.0259,0.0 0.0,-1.0 0.0,0.00054857 28.0,30000,1000,0,0.0,0.0 0.0 0.0,1000 1000000 0,0,0.0,0,100,0,,80,,1,,,10,1.0,10.0,0.1,True,{},,,False,3,mixed,250,300,True,Ar_Aubin,,False,uniform,Argon_Aubin_Model3-test/80Td,3.0000000000000005e+21,7.520437500000001e+23,4.301223698142121e-17,2.0936806521455354e-13,2.0896244981697294e-13,4.501280614334778e-18,1.0002845809632842e-18,2.0005691619265684e-18,0.0,2.5007114524082102e-18,3.0008537428898524e-18,2.0005691619265684e-18,2.0005691619265684e-18,1.5004268714449262e-18,2.0005691619265684e-18,2.5007114524082102e-18,5.501565195298063e-18,7.50213435722463e-18,6.001707485779705e-18,1.5004268714449262e-18,4.001138323853137e-18,4.001138323853137e-18,1.1503272681077768e-17,2.5007114524082102e-18,1.2503557262041051e-17,1.0502988100114484e-17,1.0502988100114484e-17,5.0014229048164204e-18,1.0603016558210813e-16,4.7513517595756e-17,4.7513517595756e-17,0.0,1.5004268714449262e-18,4.501280614334778e-18,1.5004268714449262e-18,5.0014229048164204e-17,4.301223698142122e-17,2172.5714757035616,2145.2024231181135,1923.78208314617,1105.0693825875305,983.9785927894708,576.6453947210011,70.09880886158598,540.4688389267238,69141.92087648861,8.642740109561077e+23,6.220862312786471e-22,7.149224526734849e-22
2.17715e-06,198138.0,6.60461,3e+22,2555.59,-13452.7,69125.9,4.38378,4.38734,4.40987,0.00117621534,0.000177364832,0.16419819,0.00809686374,0.0082305739,0.0318339551,-7.05715543e-07,0.000134426269,2.24984038e-05,2093.61566,-115.342228,336.686897,-116.518785,1559.25658,-10.1952249,332.539854,-1838.02936,12328.5992,9800.0,198138.33712,6.604611237,-240.0,30000 3000,1e-06,2,0.0 0.0259,0.0 0.0,-1.0 0.0,0.00054857 28.0,30000,1000,0,0.0,0.0 0.0 0.0,1000 1000000 0,0,0.0,0,100,0,,80,,1,,,10,1.0,10.0,0.1,True,{},,,False,3,mixed,250,300,True,Ar_Aubin,,False,uniform,Argon_Aubin_Model3-test/80Td,3.0000000000000005e+21,8.6407375e+23,3.8510956367086436e-17,2.0887342448926717e-13,2.0848131293352962e-13,3.0008537428898524e-18,1.5004268714449262e-18,5.001422904816421e-19,0.0,5.001422904816421e-19,1.5004268714449262e-18,2.5007114524082102e-18,4.001138323853137e-18,0.0,3.0008537428898524e-18,3.5009960333714946e-18,1.5004268714449262e-18,1.0502988100114484e-17,4.501280614334778e-18,3.0008537428898524e-18,2.0005691619265684e-18,2.5007114524082102e-18,6.001707485779705e-18,3.5009960333714946e-18,1.3003699552522696e-17,1.1003130390596125e-17,1.2503557262041051e-17,7.50213435722463e-18,9.802788893440184e-17,5.3015082791054065e-17,4.5012806143347784e-17,0.0,5.0014229048164204e-18,7.001992066742989e-18,4.001138323853137e-18,4.40125215623845e-17,3.851095636708644e-17,1881.991206563355,2090.6097358392494,1827.9882949395865,1561.6426158754464,817.6757373866645,978.2515378790013,-15.276347391090006,168.29655464659396,67763.89882921687,8.470487353652111e+23,5.683108119877273e-22,5.571132725517706e-22
2.19937e-06,199292.0,6.64307,3e+22,-11127.9,3364.02,72987.7,4.41154,4.41798,4.42556,0.00116200203,0.000151129131,0.165794116,0.00818103262,0.00830647376,0.0324170449,-3.54347089e-06,0.000142080298,2.19587825e-05,581.327437,-279.78043,97.2642397,-335.430856,2115.07365,813.74678,-1357.65383,206.048002,12883.3113,9900.0,199292.080888,6.643069363,-240.0,30000 3000,1e-06,2,0.0 0.0259,0.0 0.0,-1.0 0.0,0.00054857 28.0,30000,1000,0,0.0,0.0 0.0 0.0,1000 1000000 0,0,0.0,0,100,0,,80,,1,,,10,1.0,10.0,0.1,True,{},,,False,3,mixed,250,300,True,Ar_Aubin,,False,uniform,Argon_Aubin_Model3-test/80Td,3.0000000000000005e+21,9.123462500000001e+23,3.200910659082509e-17,2.1062942407114825e-13,2.1023581208853922e-13,3.5009960333714946e-18,1.5004268714449262e-18,1.5004268714449262e-18,0.0,5.001422904816421e-19,2.0005691619265684e-18,2.0005691619265684e-18,4.501280614334778e-18,1.0002845809632842e-18,1.5004268714449262e-18,2.0005691619265684e-18,3.5009960333714946e-18,9.002561228669556e-18,5.0014229048164204e-18,1.0002845809632842e-18,1.5004268714449262e-18,1.0002845809632842e-18,6.501849776261348e-18,2.5007114524082102e-18,1.1003130390596125e-17,1.1503272681077768e-17,7.50213435722463e-18,5.0014229048164204e-18,9.952831580584678e-17,4.651323301479271e-17,5.651607882442556e-17,0.0,5.0014229048164204e-18,9.5027035191512e-18,3.5009960333714946e-18,5.601593653394391e-17,3.2009106590825094e-17,1895.0867128571786,594.258079389637,1708.4268084883824,2114.565248580733,1270.407659708655,782.3800996268001,366.10533555602655,499.73889757136885,71837.10765712835,8.979638457141045e+23,4.455789999731267e-22,4.3855480568404115e-22
2.22159e-06,199082.0,6.63606,3e+22,15895.1,-6448.87,56471.7,4.38145,4.4215,4.44936,0.00124039107,0.000175231866,0.167312254,0.00825954422,0.00840199776,0.0329769878,-6.333926e-06,0.00016660914,2.36298115e-05,1783.64406,-26.1493966,334.740951,659.340444,1951.88884,-66.9020897,2510.79759,-1331.81322,10931.9814,10000.0,199081.854152,6.636061805,-240.0,30000 3000,1e-06,2,0.0 0.0259,0.0 0.0,-1.0 0.0,0.00054857 28.0,30000,1000,0,0.0,0.0 0.0 0.0,1000 1000000 0,0,0.0,0,100,0,,80,,1,,,10,1.0,10.0,0.1,True,{},,,False,3,mixed,250,300,True,Ar_Aubin,,False,uniform,Argon_Aubin_Model3-test/80Td,3.0000000000000005e+21,7.0589625e+23,3.250924888130673e-17,2.1133212398927494e-13,2.1090550261549411e-13,6.001707485779705e-18,0.0,2.0005691619265684e-18,0.0,1.5004268714449262e-18,1.0002845809632842e-18,2.5007114524082102e-18,3.5009960333714946e-18,5.001422904816421e-19,2.0005691619265684e-18,3.5009960333714946e-18,4.001138323853137e-18,1.650469558589419e-17,3.0008537428898524e-18,2.0005691619265684e-18,2.0005691619265684e-18,3.5009960333714946e-18,7.001992066742989e-18,5.501565195298063e-18,1.3503841843004337e-17,1.2503557262041051e-17,9.5027035191512e-18,5.0014229048164204e-18,1.1553286910125933e-16,4.8513802176719277e-17,5.851664798635212e-17,0.0,4.001138323853137e-18,7.001992066742989e-18,4.501280614334778e-18,4.951408675768256e-17,3.250924888130674e-17,1762.7752805690461,1763.927919903243,2149.724607316725,1953.0188875236915,1220.7801993379876,1483.5739857882018,434.3427721084312,116.04654005688099,68335.65149284982,8.541956436606229e+23,4.757289668147568e-22,5.756732820387332e-22
2.2438e-06,198958.0,6.63193,3e+22,6816.19,1063.62,72259.7,4.42884,4.43641,4.36866,0.00135111426,0.000160220357,0.168867471,0.00833756509,0.00849532326,0.0335552948,8.66874801e-07,0.000180084704,1.63359018e-05,1555.6914,422.168669,540.338574,520.04711,1515.96096,-126.425396,1301.98008,204.139178,13311.6814,10100.0,198958.035618,6.631934521,-240.0,30000 3000,1e-06,2,0.0 0.0259,0.0 0.0,-1.0 0.0,0.00054857 28.0,30000,1000,0,0.0,0.0 0.0 0.0,1000 1000000 0,0,0.0,0,100,0,,80,,1,,,10,1.0,10.0,0.1,True,{},,,False,3,mixed,250,300,True,Ar_Aubin,,False,uniform,Argon_Aubin_Model3-test/80Td,3.0000000000000005e+21,9.032462500000002e+23,3.701052949564151e-17,2.10513891202047e-13,2.1008426897452328e-13,4.501280614334778e-18,2.0005691619265684e-18,5.001422904816421e-19,0.0,0.0,1.5004268714449262e-18,3.5009960333714946e-18,5.0014229048164204e-18,1.0002845809632842e-18,3.5009960333714946e-18,2.0005691619265684e-18,6.001707485779705e-18,1.4003984133485978e-17,4.501280614334778e-18,3.5009960333714946e-18,2.5007114524082102e-18,4.001138323853137e-18,1.2503557262041051e-17,5.0014229048164204e-18,1.3503841843004337e-17,1.1503272681077768e-17,1.0502988100114484e-17,6.501849776261348e-18,9.702760435343855e-17,5.0514371338645855e-17,5.651607882442556e-17,0.0,8.002276647706274e-18,5.0014229048164204e-18,3.0008537428898524e-18,5.501565195298063e-17,3.7010529495641515e-17,1749.5111668435757,1546.4819484921306,2100.5346541005465,1515.7905464238875,1248.5331817453916,1109.368605781301,-321.8892034562938,593.6547757511883,70004.6813318388,8.750585166479852e+23,5.286864934103881e-22,5.121876993073803e-22
2.26602e-06,199034.0,6.63446,3e+22,-1882.96,-2365.62,71899.9,4.41169,4.43259,4.39521,0.00135493585,0.000125111146,0.170439106,0.00840536954,0.00857054464,0.034136335,4.33613077e-06,0.000192233616,5.87436246e-06,1968.9828,359.861179,754.812652,225.329434,1799.08327,158.307452,-62.7732469,-281.983077,13781.384,10200.0,199033.939727,6.634464658,-240.0,30000 3000,1e-06,2,0.0 0.0259,0.0 0.0,-1.0 0.0,0.00054857 28.0,30000,1000,0,0.0,0.0 0.0 0.0,1000 1000000 0,0,0.0,0,100,0,,80,,1,,,10,1.0,10.0,0.1,True,{},,,False,3,mixed,250,300,True,Ar_Aubin,,False,uniform,Argon_Aubin_Model3-test/80Td,3.0000000000000005e+21,8.9874875e+23,3.7510671786123153e-17,2.1079997259220248e-13,2.1037135064925975e-13,4.501280614334778e-18,1.0002845809632842e-18,1.5004268714449262e-18,0.0,0.0,1.5004268714449262e-18,6.501849776261348e-18,5.0014229048164204e-18,1.0002845809632842e-18,1.0002845809632842e-18,4.001138323853137e-18,2.0005691619265684e-18,1.4003984133485978e-17,4.501280614334778e-18,1.0002845809632842e-18,1.5004268714449262e-18,2.5007114524082102e-18,1.0002845809632841e-17,5.501565195298063e-18,1.3503841843004337e-17,9.002561228669556e-18,1.0002845809632841e-17,1.0502988100114484e-17,1.1353229993933277e-16,4.8513802176719277e-17,5.401536737201735e-17,0.0,7.001992066742989e-18,6.001707485779705e-18,2.5007114524082102e-18,4.951408675768256e-17,3.751067178612316e-17,1525.8015337204636,1971.534090008116,1693.1881617207398,1799.3792354292007,1075.223327810085,1526.8293225106008,421.9547781942822,915.549672012345,70743.7015831011,8.842962697887638e+23,5.302333769185117e-22,5.217068700529925e-22
2.28823e-06,198829.0,6.62765,3e+22,-3751.17,-2402.15,60552.9,4.41074,4.40343,4.42018,0.00135434584,0.000115903021,0.171957029,0.00849169683,0.00865595475,0.034705641,-9.44481752e-08,0.000195441313,4.6426996e-06,2428.15509,-249.657623,-819.622479,447.007276,2434.32534,-538.816967,-1079.47275,-923.663108,11641.9156,10300.0,198829.483913,6.627649464,-240.0,30000 3000,1e-06,2,0.0 0.0259,0.0 0.0,-1.0 0.0,0.00054857 28.0,30000,1000,0,0.0,0.0 0.0 0.0,1000 1000000 0,0,0.0,0,100,0,,80,,1,,,10,1.0,10.0,0.1,True,{},,,False,3,mixed,250,300,True,Ar_Aubin,,False,uniform,Argon_Aubin_Model3-test/80Td,3.0000000000000005e+21,7.569112500000001e+23,3.701052949564151e-17,2.1065343090109137e-13,2.1022981038105344e-13,3.5009960333714946e-18,5.001422904816421e-19,1.5004268714449262e-18,0.0,5.001422904816421e-19,3.0008537428898524e-18,5.0014229048164204e-18,4.001138323853137e-18,0.0,4.501280614334778e-18,1.5004268714449262e-18,3.5009960333714946e-18,1.500426871444926e-17,2.5007114524082102e-18,2.5007114524082102e-18,1.0002845809632842e-18,3.0008537428898524e-18,7.001992066742989e-18,5.0014229048164204e-18,1.1003130390596125e-17,1.2503557262041051e-17,1.0002845809632841e-17,9.002561228669556e-18,1.0653030787258976e-16,4.7013375305274356e-17,5.501565195298063e-17,0.0,2.5007114524082102e-18,8.002276647706274e-18,4.501280614334778e-18,5.701622111490719e-17,3.7010529495641515e-17,1942.952761384603,2433.235471484633,1922.324310259258,2434.603756441895,1115.7556428594062,1229.4188186658994,56.37696768713931,-1336.064748741006,68325.97373952909,8.540746717441137e+23,5.416758440462526e-22,6.112098594062631e-22
2.31045e-06,198653.0,6.62175,3e+22,1005.27,3665.48,56644.4,4.37533,4.43748,4.41237,0.00136282788,0.000132896168,0.173508004,0.00857405659,0.00874722295,0.0352915199,6.50533335e-08,0.000202869943,5.58174217e-06,1983.92778,548.045823,441.698884,405.746973,2181.9999,174.475089,609.27396,582.447144,10532.1539,10400.0,198652.575492,6.621752516,-240.0,30000 3000,1e-06,2,0.0 0.0259,0.0 0.0,-1.0 0.0,0.00054857 28.0,30000,1000,0,0.0,0.0 0.0 0.0,1000 1000000 0,0,0.0,0,100,0,,80,,1,,,10,1.0,10.0,0.1,True,{},,,False,3,mixed,250,300,True,Ar_Aubin,,False,uniform,Argon_Aubin_Model3-test/80Td,3.0000000000000005e+21,7.080550000000001e+23,4.40125215623845e-17,2.110370400378908e-13,2.1060591738349565e-13,4.001138323853137e-18,1.5004268714449262e-18,5.001422904816421e-19,0.0,0.0,5.001422904816421e-19,5.0014229048164204e-18,4.501280614334778e-18,1.0002845809632842e-18,1.0002845809632842e-18,2.5007114524082102e-18,4.501280614334778e-18,1.4003984133485978e-17,3.5009960333714946e-18,2.0005691619265684e-18,2.0005691619265684e-18,3.0008537428898524e-18,7.50213435722463e-18,2.5007114524082102e-18,1.0502988100114484e-17,1.1503272681077768e-17,1.1003130390596125e-17,8.002276647706274e-18,1.1153173077740617e-16,4.951408675768256e-17,5.701622111490719e-17,0.0,5.0014229048164204e-18,5.501565195298063e-18,5.0014229048164204e-18,5.3015082791054065e-17,4.40125215623845e-17,1853.1032464095842,1982.5577700170725,2054.0237424278725,2181.512771754119,1126.9241948970468,703.8971182223995,173.58610862300733,799.3538852530479,69813.73700817802,8.726717126022254e+23,6.30427813328899e-22,7.769968710478794e-22
2.33266e-06,198595.0,6.61984,3e+22,735.855,-662.799,57402.7,4.43743,4.39089,4.39262,0.00130094063,0.000142989915,0.174996876,0.00865829406,0.00882844888,0.0358755564,-3.81165574e-07,0.00018653354,1.04067125e-05,1551.41959,-192.392195,178.948278,-54.8414212,2109.19408,451.283687,-315.867754,756.962777,11087.7326,10500.0,198595.128652,6.619837622,-240.0,30000 3000,1e-06,2,0.0 0.0259,0.0 0.0,-1.0 0.0,0.00054857 28.0,30000,1000,0,0.0,0.0 0.0 0.0,1000 1000000 0,0,0.0,0,100,0,,80,,1,,,10,1.0,10.0,0.1,True,{},,,False,3,mixed,250,300,True,Ar_Aubin,,False,uniform,Argon_Aubin_Model3-test/80Td,3.0000000000000005e+21,7.1753375e+23,3.45098180432333e-17,2.1032133642021153e-13,2.099087190305642e-13,4.001138323853137e-18,1.0002845809632842e-18,1.5004268714449262e-18,0.0,5.001422904816421e-19,2.5007114524082102e-18,6.501849776261348e-18,1.5004268714449262e-18,0.0,5.001422904816421e-19,3.5009960333714946e-18,3.5009960333714946e-18,8.502418938187915e-18,3.0008537428898524e-18,1.5004268714449262e-18,2.0005691619265684e-18,4.501280614334778e-18,4.501280614334778e-18,4.001138323853137e-18,1.1503272681077768e-17,1.2503557262041051e-17,1.2503557262041051e-17,8.502418938187915e-18,1.0603016558210813e-16,5.0014229048164204e-17,6.051721714827869e-17,0.0,3.5009960333714946e-18,3.5009960333714946e-18,4.001138323853137e-18,5.251494050057242e-17,3.4509818043233305e-17,1899.5927085492806,1550.4622863327113,1828.0408463235499,2109.2888535726725,1466.4574089873172,1042.4394260348,-339.1896730323949,-340.369306890681,67018.3067082586,8.377288338532327e+23,5.149312141451149e-22,6.0118806333558e-22
2.35488e-06,198040.0,6.60134,3e+22,2308.68,4085.51,69236.2,4.40666,4.36497,4.40367,0.0013302392,0.000110885539,0.17655511,0.00874568067,0.00891455015,0.0364745499,-7.15924723e-06,0.000192148282,8.95121731e-06,1816.90473,282.190258,550.073668,-884.516801,1741.25592,375.799059,569.928001,-218.001317,13404.9959,10600.0,198040.260837,6.601342028,-240.0,30000 3000,1e-06,2,0.0 0.0259,0.0 0.0,-1.0 0.0,0.00054857 28.0,30000,1000,0,0.0,0.0 0.0 0.0,1000 1000000 0,0,0.0,0,100,0,,80,,1,,,10,1.0,10.0,0.1,True,{},,,False,3,mixed,250,300,True,Ar_Aubin,,False,uniform,Argon_Aubin_Model3-test/80Td,3.0000000000000005e+21,8.654525000000002e+23,4.301223698142121e-17,2.0958312639946062e-13,2.0913799976093202e-13,6.501849776261348e-18,2.0005691619265684e-18,2.0005691619265684e-18,0.0,1.0002845809632842e-18,2.5007114524082102e-18,5.501565195298063e-18,5.501565195298063e-18,0.0,2.5007114524082102e-18,1.5004268714449262e-18,6.001707485779705e-18,8.002276647706274e-18,5.501565195298063e-18,4.501280614334778e-18,1.0002845809632842e-18,4.001138323853137e-18,1.0002845809632841e-17,4.501280614334778e-18,1.200341497155941e-17,1.0002845809632841e-17,9.5027035191512e-18,7.50213435722463e-18,1.0603016558210813e-16,4.5012806143347784e-17,5.95169325673154e-17,0.0,3.0008537428898524e-18,9.002561228669556e-18,4.501280614334778e-18,6.351807089116854e-17,4.301223698142122e-17,1965.0232534709255,1813.833633363744,1938.0133263345515,1740.8028960215602,1152.175753565661,1180.990993018002,-71.35610850067432,620.29171034616,70140.48496797301,8.767560620996629e+23,6.13229820139697e-22,6.212391347506249e-22
2.3771e-06,197916.0,6.59721,3e+22,-522.701,345.23,60625.3,4.37249,4.40574,4.3953,0.00133034677,0.000159030096,0.17805097,0.00884855415,0.00899672013,0.0370642122,-2.8805912e-06,0.000192763084,1.57152844e-05,1686.49606,285.657573,97.5486133,12.9408345,1749.74338,312.024388,-40.0443918,-835.23662,12130.7646,10700.0,197916.356217,6.597211874,-240.0,30000 3000,1e-06,2,0.0 0.0259,0.0 0.0,-1.0 0.0,0.00054857 28.0,30000,1000,0,0.0,0.0 0.0 0.0,1000 1000000 0,0,0.0,0,100,0,,80,,1,,,10,1.0,10.0,0.1,True,{},,,False,3,mixed,250,300,True,Ar_Aubin,,False,uniform,Argon_Aubin_Model3-test/80Td,3.0000000000000005e+21,7.578162500000001e+23,3.551010262419658e-17,2.0981969370285846e-13,2.0940507574404919e-13,6.001707485779705e-18,5.001422904816421e-19,5.001422904816421e-19,0.0,5.001422904816421e-19,3.0008537428898524e-18,4.001138323853137e-18,3.0008537428898524e-18,1.0002845809632842e-18,4.001138323853137e-18,1.5004268714449262e-18,3.0008537428898524e-18,1.3003699552522696e-17,6.501849776261348e-18,1.5004268714449262e-18,5.001422904816421e-19,3.5009960333714946e-18,6.001707485779705e-18,4.501280614334778e-18,1.3003699552522696e-17,1.5504411004930906e-17,9.002561228669556e-18,5.501565195298063e-18,9.402675061054871e-17,5.4515509662498986e-17,5.651607882442556e-17,0.0,3.5009960333714946e-18,7.50213435722463e-18,4.001138323853137e-18,5.3515225081535703e-17,3.551010262419659e-17,2315.305564950446,1687.1914335870258,1849.0582202684902,1749.6884780399578,1332.857304254887,1336.371128458999,-62.75696922271356,69.91896953468901,67332.85619758892,8.416607024698616e+23,5.273814988627816e-22,5.857307530716809e-22
2.39931e-06,198541.0,6.61805,3e+22,848.37,-8299.2,67149.8,4.3853,4.42742,4.39734,0.00135871225,0.00016593563,0.179664651,0.00893507946,0.00905901739,0.0377015981,-6.11987895e-06,0.000206480325,1.3611161e-06,2494.95671,80.0676811,783.299304,-279.221719,1739.47098,147.506741,257.764283,-1564.14581,13275.1484,10800.0,198541.388428,6.618046281,-240.0,30000 3000,1e-06,2,0.0 0.0259,0.0 0.0,-1.0 0.0,0.00054857 28.0,30000,1000,0,0.0,0.0 0.0 0.0,1000 1000000 0,0,0.0,0,100,0,,80,,1,,,10,1.0,10.0,0.1,True,{},,,False,3,mixed,250,300,True,Ar_Aubin,,False,uniform,Argon_Aubin_Model3-test/80Td,3.0000000000000005e+21,8.393725000000001e+23,4.1011667819494646e-17,2.1020030198591497e-13,2.0978418360023432e-13,3.0008537428898524e-18,2.0005691619265684e-18,5.001422904816421e-19,0.0,5.001422904816421e-19,3.0008537428898524e-18,3.5009960333714946e-18,4.501280614334778e-18,1.5004268714449262e-18,5.001422904816421e-19,2.0005691619265684e-18,3.5009960333714946e-18,1.3503841843004337e-17,7.001992066742989e-18,1.5004268714449262e-18,2.5007114524082102e-18,6.001707485779705e-18,9.002561228669556e-18,3.5009960333714946e-18,1.4003984133485978e-17,1.1503272681077768e-17,1.200341497155941e-17,3.0008537428898524e-18,9.802788893440184e-17,4.7013375305274356e-17,5.4515509662498986e-17,0.0,5.0014229048164204e-18,4.001138323853137e-18,2.5007114524082102e-18,5.601593653394391e-17,4.1011667819494646e-17,1945.65679423636,2493.8040192884673,1402.0367380598962,1740.8481129804961,1353.6926028001749,1210.703018280199,291.42243299583225,797.4042311860801,72636.31003020385,9.079538753775482e+23,5.646166194626496e-22,6.107489198701209e-22
2.42153e-06,198524.0,6.61746,3e+22,-2516.97,4977.58,65398.2,4.40079,4.42255,4.38708,0.00137062831,0.000139311389,0.181248934,0.0090239985,0.00914558903,0.0383310631,-4.13016535e-06,0.000214340215,-5.77598094e-06,1083.25012,199.799094,656.090975,-46.7260112,2368.58217,-110.628683,-1035.2108,1105.73753,12821.5257,10900.0,198523.68172,6.617456057,-240.0,30000 3000,1e-06,2,0.0 0.0259,0.0 0.0,-1.0 0.0,0.00054857 28.0,30000,1000,0,0.0,0.0 0.0 0.0,1000 1000000 0,0,0.0,0,100,0,,80,,1,,,10,1.0,10.0,0.1,True,{},,,False,3,mixed,250,300,True,Ar_Aubin,,False,uniform,Argon_Aubin_Model3-test/80Td,3.0000000000000005e+21,8.174775000000002e+23,3.0008537428898516e-17,2.1009427182033288e-13,2.096586478853234e-13,5.0014229048164204e-18,3.0008537428898524e-18,1.5004268714449262e-18,0.0,1.5004268714449262e-18,5.501565195298063e-18,4.501280614334778e-18,4.001138323853137e-18,1.0002845809632842e-18,2.0005691619265684e-18,1.5004268714449262e-18,3.5009960333714946e-18,1.3503841843004337e-17,6.001707485779705e-18,2.5007114524082102e-18,1.5004268714449262e-18,2.0005691619265684e-18,1.1003130390596125e-17,1.5004268714449262e-18,1.3503841843004337e-17,1.700483787637583e-17,1.2503557262041051e-17,7.001992066742989e-18,9.952831580584678e-17,5.4515509662498986e-17,5.851664798635212e-17,0.0,7.001992066742989e-18,5.0014229048164204e-18,2.0005691619265684e-18,5.801650569587048e-17,3.000853742889852e-17,2000.5157795571142,1086.6999503374207,1948.599133282896,2367.8887364163415,1298.073515262675,968.1716644812004,159.68437506260042,-12.558319933062137,71313.02355520109,8.914127944400137e+23,4.20800240024459e-22,4.588587671969338e-22
2.44374e-06,198319.0,6.61064,3e+22,11953.4,-8119.71,64841.1,4.38374,4.34025,4.47219,0.00136874321,0.000148387252,0.182717611,0.00910699565,0.0092300292,0.0389068807,-8.24926229e-06,0.000219380824,-1.75406204e-05,3055.03478,-114.431909,-542.620658,151.493652,1771.49517,148.373214,1858.85135,-1196.32432,12953.0669,11000.0,198319.050972,6.610635032,-240.0,30000 3000,1e-06,2,0.0 0.0259,0.0 0.0,-1.0 0.0,0.00054857 28.0,30000,1000,0,0.0,0.0 0.0 0.0,1000 1000000 0,0,0.0,0,100,0,,80,,1,,,10,1.0,10.0,0.1,True,{},,,False,3,mixed,250,300,True,Ar_Aubin,,False,uniform,Argon_Aubin_Model3-test/80Td,3.0000000000000005e+21,8.105137500000001e+23,3.9011098657568074e-17,2.1029933015943033e-13,2.0989121405039738e-13,3.5009960333714946e-18,2.5007114524082102e-18,1.5004268714449262e-18,0.0,0.0,2.0005691619265684e-18,3.0008537428898524e-18,2.5007114524082102e-18,1.5004268714449262e-18,2.0005691619265684e-18,1.0002845809632842e-18,3.5009960333714946e-18,1.0502988100114484e-17,6.001707485779705e-18,1.5004268714449262e-18,1.5004268714449262e-18,4.001138323853137e-18,7.001992066742989e-18,3.5009960333714946e-18,1.1503272681077768e-17,1.4003984133485978e-17,9.5027035191512e-18,8.002276647706274e-18,9.552717748199364e-17,5.0514371338645855e-17,4.8513802176719277e-17,0.0,1.5004268714449262e-18,8.002276647706274e-18,3.0008537428898524e-18,6.201764401972362e-17,3.901109865756808e-17,1868.0835345237351,3038.673644913586,1900.385734688885,1772.7000314539368,928.8011421782589,1105.4560133879004,151.7849690559581,-956.6168146813313,66109.27308819366,8.263659136024208e+23,5.901002512238332e-22,6.01641530719992e-22
2.46596e-06,198393.0,6.61311,3e+22,-4950.0,-3806.95,61043.1,4.42519,4.38524,4.39439,0.00139290419,0.000146742183,0.184222016,0.00919238987,0.00932266029,0.0395088638,-1.38831696e-05,0.000214922089,-1.92742824e-05,2519.30023,219.39295,287.191381,-435.582053,1070.66505,-6.2898468,-577.643647,-557.438283,11947.2774,11100.0,198393.405548,6.613113518,-240.0,30000 3000,1e-06,2,0.0 0.0259,0.0 0.0,-1.0 0.0,0.00054857 28.0,30000,1000,0,0.0,0.0 0.0 0.0,1000 1000000 0,0,0.0,0,100,0,,80,,1,,,10,1.0,10.0,0.1,True,{},,,False,3,mixed,250,300,True,Ar_Aubin,,False,uniform,Argon_Aubin_Model3-test/80Td,3.0000000000000005e+21,7.630387500000002e+23,3.7510671786123153e-17,2.1033884140037843e-13,2.0992922486447398e-13,3.5009960333714946e-18,1.0002845809632842e-18,3.0008537428898524e-18,0.0,5.001422904816421e-19,2.5007114524082102e-18,5.501565195298063e-18,4.501280614334778e-18,5.001422904816421e-19,5.001422904816421e-19,5.001422904816421e-19,2.5007114524082102e-18,1.0502988100114484e-17,3.0008537428898524e-18,1.5004268714449262e-18,1.5004268714449262e-18,4.501280614334778e-18,9.002561228669556e-18,3.0008537428898524e-18,1.750498016685747e-17,1.750498016685747e-17,8.502418938187915e-18,5.501565195298063e-18,9.452689290103034e-17,4.601309072431107e-17,6.151750172924198e-17,0.0,3.0008537428898524e-18,8.502418938187915e-18,5.0014229048164204e-18,4.7013375305274356e-17,3.751067178612316e-17,1920.4150156509847,2526.1951057405,2084.803575553644,1071.2236901535719,1124.3589150803857,701.794455110401,-493.7393296231841,536.419523439411,67717.49062608251,8.464686328260314e+23,5.539288511626463e-22,6.144948697907405e-22
2.48818e-06,197930.0,6.59767,3e+22,13036.6,-2533.06,64281.8,4.40599,4.34309,4.42177,0.00141899976,0.0001392918,0.185709278,0.00927403892,0.00939674956,0.0401114323,-5.64657762e-06,0.000228582076,-2.4397186e-05,1870.20663,8.91927226,154.496859,373.418395,1536.29863,-11.7578105,2531.05613,-896.469467,13348.6824,11200.0,197930.165522,6.597672184,-240.0,30000 3000,1e-06,2,0.0 0.0259,0.0 0.0,-1.0 0.0,0.00054857 28.0,30000,1000,0,0.0,0.0 0.0 0.0,1000 1000000 0,0,0.0,0,100,0,,80,,1,,,10,1.0,10.0,0.1,True,{},,,False,3,mixed,250,300,True,Ar_Aubin,,False,uniform,Argon_Aubin_Model3-test/80Td,3.0000000000000005e+21,8.035225000000002e+23,3.300939117178837e-17,2.0921552181595663e-13,2.087889004421758e-13,2.5007114524082102e-18,5.001422904816421e-19,1.0002845809632842e-18,0.0,1.0002845809632842e-18,4.001138323853137e-18,4.001138323853137e-18,4.001138323853137e-18,1.0002845809632842e-18,2.5007114524082102e-18,2.5007114524082102e-18,2.0005691619265684e-18,9.5027035191512e-18,4.001138323853137e-18,2.0005691619265684e-18,2.0005691619265684e-18,3.5009960333714946e-18,9.5027035191512e-18,4.001138323853137e-18,9.002561228669556e-18,1.1003130390596125e-17,1.6004553295412547e-17,1.0002845809632841e-17,1.0252916954873662e-16,5.401536737201735e-17,5.601593653394391e-17,0.0,4.001138323853137e-18,7.001992066742989e-18,2.0005691619265684e-18,6.251778631020527e-17,3.300939117178838e-17,1835.9749495550464,1851.7076977287838,1667.5309364627312,1536.651464486908,1178.9696528829493,1410.9557334595993,303.48462429492986,173.31955665283158,66945.83609036848,8.368229511296061e+23,4.930760910541147e-22,5.135106853228809e-22
2.51039e-06,198130.0,6.60434,3e+22,-2931.61,-8570.54,68101.3,4.37613,4.34934,4.45637,0.00149027188,0.00017828197,0.187309217,0.00936242714,0.00947924954,0.0407609047,-4.1544191e-07,0.000238861054,-2.17060703e-05,2290.29784,-548.516835,752.278225,835.955822,2099.50844,401.21441,-308.094488,-2205.04993,14054.6192,11300.0,198130.148512,6.604338284,-240.0,30000 3000,1e-06,2,0.0 0.0259,0.0 0.0,-1.0 0.0,0.00054857 28.0,30000,1000,0,0.0,0.0 0.0 0.0,1000 1000000 0,0,0.0,0,100,0,,80,,1,,,10,1.0,10.0,0.1,True,{},,,False,3,mixed,250,300,True,Ar_Aubin,,False,uniform,Argon_Aubin_Model3-test/80Td,3.0000000000000005e+21,8.512662500000002e+23,4.0511525529013e-17,2.092410290727712e-13,2.0880990641837605e-13,2.5007114524082102e-18,1.5004268714449262e-18,0.0,0.0,0.0,3.0008537428898524e-18,3.5009960333714946e-18,5.0014229048164204e-18,1.0002845809632842e-18,2.5007114524082102e-18,5.001422904816421e-19,3.5009960333714946e-18,1.750498016685747e-17,6.501849776261348e-18,2.0005691619265684e-18,1.5004268714449262e-18,5.501565195298063e-18,8.002276647706274e-18,2.0005691619265684e-18,1.5504411004930906e-17,1.200341497155941e-17,8.002276647706274e-18,8.502418938187915e-18,1.0502988100114484e-16,5.3515225081535703e-17,5.751636340538883e-17,0.0,3.5009960333714946e-18,4.001138323853137e-18,3.5009960333714946e-18,5.3515225081535703e-17,4.051152552901301e-17,1984.634204388805,2294.666735946127,1856.4991232567481,2101.036412755164,1185.3123692535191,1298.6180203178992,-240.425103108345,891.811858267926,72017.74404818147,9.002218006022685e+23,5.625214461301356e-22,5.94871544728412e-22
2.53261e-06,197692.0,6.58974,3e+22,-6825.29,4855.84,71815.6,4.43251,4.34581,4.37143,0.00133384034,0.000124214374,0.188826863,0.009457371,0.0095684924,0.041386992,-3.27215072e-06,0.000204379111,-2.9229027e-05,1168.42045,-195.340106,552.616453,260.420555,2673.70378,-543.049426,-1097.05741,343.831899,14723.3247,11400.0,197692.139322,6.589737977,-240.0,30000 3000,1e-06,2,0.0 0.0259,0.0 0.0,-1.0 0.0,0.00054857 28.0,30000,1000,0,0.0,0.0 0.0 0.0,1000 1000000 0,0,0.0,0,100,0,,80,,1,,,10,1.0,10.0,0.1,True,{},,,False,3,mixed,250,300,True,Ar_Aubin,,False,uniform,Argon_Aubin_Model3-test/80Td,3.0000000000000005e+21,8.976950000000001e+23,4.1011667819494646e-17,2.0995123112525512e-13,2.0952110875544095e-13,3.5009960333714946e-18,2.0005691619265684e-18,1.5004268714449262e-18,0.0,1.0002845809632842e-18,3.0008537428898524e-18,4.001138323853137e-18,4.001138323853137e-18,1.0002845809632842e-18,3.0008537428898524e-18,4.001138323853137e-18,4.001138323853137e-18,9.002561228669556e-18,7.50213435722463e-18,2.5007114524082102e-18,2.5007114524082102e-18,5.0014229048164204e-18,7.001992066742989e-18,3.0008537428898524e-18,1.3503841843004337e-17,1.5504411004930906e-17,9.002561228669556e-18,6.501849776261348e-18,1.0252916954873662e-16,4.7513517595756e-17,5.801650569587048e-17,0.0,4.501280614334778e-18,6.001707485779705e-18,5.001422904816421e-19,5.801650569587048e-17,4.1011667819494646e-17,2146.7876661243877,1177.5242971341986,2008.9038762804867,2673.100614874156,1243.3861048238703,1162.6102375371975,-324.3249737861382,648.5665984439662,68313.5051922277,8.539188149028464e+23,6.003449494223977e-22,5.710690688303745e-22
2.55482e-06,198285.0,6.6095,3e+22,4822.85,-665.849,66933.2,4.40289,4.38237,4.40813,0.00126905088,0.000163511914,0.190393142,0.00953475761,0.00965741888,0.0420286251,1.78865965e-08,0.000191499786,-3.18998947e-05,1883.37354,277.036969,-120.318087,247.994025,2489.16583,-667.742995,467.258433,-231.82751,14025.6928,11500.0,198284.918724,6.609497291,-240.0,30000 3000,1e-06,2,0.0 0.0259,0.0 0.0,-1.0 0.0,0.00054857 28.0,30000,1000,0,0.0,0.0 0.0 0.0,1000 1000000 0,0,0.0,0,100,0,,80,,1,,,10,1.0,10.0,0.1,True,{},,,False,3,mixed,250,300,True,Ar_Aubin,,False,uniform,Argon_Aubin_Model3-test/80Td,3.0000000000000005e+21,8.36665e+23,3.601024491467822e-17,2.097611770548721e-13,2.0935456137271057e-13,2.5007114524082102e-18,0.0,1.5004268714449262e-18,0.0,1.0002845809632842e-18,1.5004268714449262e-18,1.5004268714449262e-18,2.0005691619265684e-18,2.0005691619265684e-18,2.5007114524082102e-18,2.5007114524082102e-18,2.0005691619265684e-18,1.3503841843004337e-17,5.0014229048164204e-18,2.5007114524082102e-18,2.5007114524082102e-18,1.0002845809632842e-18,9.5027035191512e-18,2.0005691619265684e-18,1.5504411004930906e-17,1.1003130390596125e-17,8.502418938187915e-18,6.001707485779705e-18,9.752774664392021e-17,5.251494050057242e-17,5.4515509662498986e-17,0.0,4.501280614334778e-18,3.5009960333714946e-18,6.001707485779705e-18,5.601593653394391e-17,3.6010244914678226e-17,1745.4897149470412,1877.253097963392,2001.160724181504,2489.274704244425,1072.8525467934116,1282.0705478856016,-118.51972038096713,-656.238855255916,70502.61299339554,8.812826624174443e+23,5.107646849635424e-22,5.380027387705686e-22
2.57704e-06,198266.0,6.60886,3e+22,-6301.5,-4527.17,67795.7,4.36184,4.39398,4.43543,0.00127884271,0.000136623144,0.191882385,0.00963298165,0.00974211811,0.0426535049,1.08485101e-06,0.000203884562,-4.207749e-05,2369.2886,16.7423843,-164.329908,0.425202821,2014.65705,-765.275896,-1299.23092,-505.00093,14447.788,11600.0,198265.863968,6.608862132,-240.0,30000 3000,1e-06,2,0.0 0.0259,0.0 0.0,-1.0 0.0,0.00054857 28.0,30000,1000,0,0.0,0.0 0.0 0.0,1000 1000000 0,0,0.0,0,100,0,,80,,1,,,10,1.0,10.0,0.1,True,{},,,False,3,mixed,250,300,True,Ar_Aubin,,False,uniform,Argon_Aubin_Model3-test/80Td,3.0000000000000005e+21,8.474462500000002e+23,3.300939117178837e-17,2.1006276285603254e-13,2.0965514688929003e-13,2.0005691619265684e-18,1.5004268714449262e-18,2.5007114524082102e-18,0.0,5.001422904816421e-19,4.001138323853137e-18,2.0005691619265684e-18,5.501565195298063e-18,0.0,3.0008537428898524e-18,3.5009960333714946e-18,3.5009960333714946e-18,1.3003699552522696e-17,7.50213435722463e-18,1.5004268714449262e-18,4.501280614334778e-18,6.001707485779705e-18,9.002561228669556e-18,2.0005691619265684e-18,1.200341497155941e-17,1.1003130390596125e-17,1.1003130390596125e-17,7.001992066742989e-18,9.552717748199364e-17,4.051152552901301e-17,5.651607882442556e-17,0.0,4.001138323853137e-18,8.002276647706274e-18,5.0014229048164204e-18,5.251494050057242e-17,3.300939117178838e-17,2210.1083336508505,2377.347227337065,1906.4566428221192,2015.2755661988226,1250.8754393011966,1438.9873912555013,387.82903984990907,-341.11401563684717,67035.00645933773,8.379375807417218e+23,4.924201982707541e-22,4.8689505635001e-22
2.59926e-06,198169.0,6.60563,3e+22,-1427.6,-3249.13,70364.9,4.38399,4.36949,4.42956,0.00124758794,7.86531405e-05,0.193424774,0.00972097997,0.00982297702,0.0433052204,-4.63957387e-06,0.000203080285,-4.74227138e-05,2034.41481,-484.161564,269.418922,-269.727119,2299.55919,58.6935893,-521.360308,-464.109553,13938.332,11700.0,198168.983288,6.605632776,-240.0,30000 3000,1e-06,2,0.0 0.0259,0.0 0.0,-1.0 0.0,0.00054857 28.0,30000,1000,0,0.0,0.0 0.0 0.0,1000 1000000 0,0,0.0,0,100,0,,80,,1,,,10,1.0,10.0,0.1,True,{},,,False,3,mixed,250,300,True,Ar_Aubin,,False,uniform,Argon_Aubin_Model3-test/80Td,3.0000000000000005e+21,8.795612500000001e+23,3.3509533462270016e-17,2.0955961971180802e-13,2.0913199805344624e-13,4.001138323853137e-18,1.0002845809632842e-18,5.001422904816421e-19,0.0,5.001422904816421e-19,3.0008537428898524e-18,3.5009960333714946e-18,4.001138323853137e-18,1.0002845809632842e-18,2.0005691619265684e-18,2.0005691619265684e-18,5.0014229048164204e-18,1.2503557262041051e-17,5.501565195298063e-18,2.0005691619265684e-18,3.0008537428898524e-18,4.501280614334778e-18,1.3003699552522696e-17,2.0005691619265684e-18,1.2503557262041051e-17,1.3503841843004337e-17,5.501565195298063e-18,7.50213435722463e-18,9.702760435343855e-17,5.10145136291275e-17,6.701906692454004e-17,0.0,7.50213435722463e-18,5.0014229048164204e-18,1.5004268714449262e-18,5.701622111490719e-17,3.350953346227002e-17,1982.302832855884,2036.195866543144,1820.1240905604818,2299.814744278393,1292.36214461575,328.0171199674023,147.13321967769846,-63.594579276906074,69427.25705463227,8.678407131829035e+23,4.826567386336664e-22,4.762251273329461e-22
2.62147e-06,197978.0,6.59927,3e+22,-1065.91,-11098.9,68717.6,4.38752,4.40918,4.37429,0.00124039301,0.000112358099,0.195034333,0.00980868406,0.00990989755,0.0439819762,-3.65615968e-06,0.000196680062,-4.25949579e-05,2417.93509,350.84207,139.666091,-86.1024755,1177.97734,-786.760991,-325.323838,-2647.88208,14947.2686,11800.0,197978.122311,6.599270744,-240.0,30000 3000,1e-06,2,0.0 0.0259,0.0 0.0,-1.0 0.0,0.00054857 28.0,30000,1000,0,0.0,0.0 0.0 0.0,1000 1000000 0,0,0.0,0,100,0,,80,,1,,,10,1.0,10.0,0.1,True,{},,,False,3,mixed,250,300,True,Ar_Aubin,,False,uniform,Argon_Aubin_Model3-test/80Td,3.0000000000000005e+21,8.589700000000003e+23,3.300939117178837e-17,2.0930304671679092e-13,2.0885491922451937e-13,3.0008537428898524e-18,1.5004268714449262e-18,1.0002845809632842e-18,0.0,5.001422904816421e-19,4.001138323853137e-18,6.001707485779705e-18,6.001707485779705e-18,0.0,5.001422904816421e-19,4.001138323853137e-18,3.5009960333714946e-18,1.500426871444926e-17,4.501280614334778e-18,4.001138323853137e-18,4.001138323853137e-18,1.5004268714449262e-18,4.001138323853137e-18,5.0014229048164204e-18,1.200341497155941e-17,1.700483787637583e-17,8.002276647706274e-18,5.501565195298063e-18,1.0302931183921828e-16,5.4515509662498986e-17,6.101735943876033e-17,0.0,6.501849776261348e-18,9.002561228669556e-18,4.001138323853137e-18,6.65189246340584e-17,3.300939117178838e-17,1974.306484292263,2419.257237313289,1956.1235865776068,1179.224391304991,1159.2586434982936,1544.9773186391976,-315.31610349284887,-63.00553181594603,72450.76724328118,9.056345905410148e+23,4.556113403319347e-22,4.80362980834435e-22
2.64369e-06,198378.0,6.61261,3e+22,-3305.98,-3030.27,62649.9,4.40281,4.42736,4.37262,0.00121753688,4.96735719e-05,0.196604315,0.00989281787,0.0100008579,0.0446392418,-5.43797181e-08,0.000196510918,-5.61943033e-05,2537.96599,-583.857622,964.784239,323.022154,1887.70046,1030.44918,-866.662455,-463.871266,12859.0385,11900.0,198378.414719,6.612613824,-240.0,30000 3000,1e-06,2,0.0 0.0259,0.0 0.0,-1.0 0.0,0.00054857 28.0,30000,1000,0,0.0,0.0 0.0 0.0,1000 1000000 0,0,0.0,0,100,0,,80,,1,,,10,1.0,10.0,0.1,True,{},,,False,3,mixed,250,300,True,Ar_Aubin,,False,uniform,Argon_Aubin_Model3-test/80Td,3.0000000000000005e+21,7.831237500000002e+23,3.250924888130673e-17,2.099987446428509e-13,2.0958362654175114e-13,5.0014229048164204e-18,1.0002845809632842e-18,5.001422904816421e-19,0.0,5.001422904816421e-19,2.5007114524082102e-18,3.0008537428898524e-18,4.501280614334778e-18,1.5004268714449262e-18,2.5007114524082102e-18,4.501280614334778e-18,6.001707485779705e-18,1.0002845809632841e-17,2.5007114524082102e-18,1.5004268714449262e-18,4.501280614334778e-18,2.5007114524082102e-18,9.5027035191512e-18,5.0014229048164204e-18,1.500426871444926e-17,1.2503557262041051e-17,8.002276647706274e-18,7.001992066742989e-18,1.0252916954873662e-16,4.901394446720092e-17,5.251494050057242e-17,0.0,3.5009960333714946e-18,1.1503272681077768e-17,3.5009960333714946e-18,5.0514371338645855e-17,3.250924888130674e-17,1894.8138217469857,2541.9911425745427,2047.4188954457563,1887.8509843347215,954.2708631131103,541.7978256815004,106.99881992515037,671.813153525388,70669.29541454533,8.833661926818168e+23,4.600194283897671e-22,5.189034440806247e-22
2.6659e-06,199157.0,6.63856,3e+22,1874.36,227.169,60125.8,4.47358,4.3802,4.40277,0.00128148921,2.83438574e-05,0.198189685,0.00997552638,0.0100653158,0.0453138013,8.84355902e-06,0.000216971005,-5.64492417e-05,1681.30374,1641.72632,993.860487,-518.135542,1296.95467,476.874105,651.823377,431.313542,12970.0152,12000.0,199156.907356,6.638563579,-240.0,30000 3000,1e-06,2,0.0 0.0259,0.0 0.0,-1.0 0.0,0.00054857 28.0,30000,1000,0,0.0,0.0 0.0 0.0,1000 1000000 0,0,0.0,0,100,0,,80,,1,,,10,1.0,10.0,0.1,True,{},,,False,3,mixed,250,300,True,Ar_Aubin,,False,uniform,Argon_Aubin_Model3-test/80Td,3.0000000000000005e+21,7.515725000000002e+23,3.45098180432333e-17,2.1083648297940762e-13,2.1043186786640802e-13,6.001707485779705e-18,1.5004268714449262e-18,0.0,0.0,0.0,3.5009960333714946e-18,5.0014229048164204e-18,3.5009960333714946e-18,1.0002845809632842e-18,2.0005691619265684e-18,1.0002845809632842e-18,3.5009960333714946e-18,1.1003130390596125e-17,2.0005691619265684e-18,2.0005691619265684e-18,1.5004268714449262e-18,4.001138323853137e-18,8.002276647706274e-18,4.501280614334778e-18,1.450412642396762e-17,1.4003984133485978e-17,1.0002845809632841e-17,9.002561228669556e-18,9.452689290103034e-17,4.5012806143347784e-17,5.701622111490719e-17,0.0,3.5009960333714946e-18,6.001707485779705e-18,3.5009960333714946e-18,5.3015082791054065e-17,3.4509818043233305e-17,1857.8741230113076,1678.9017678843445,1450.7529312225302,1296.9482311542583,1095.2726700244923,1053.701837626999,263.55666071769826,1197.1544820807821,71361.9524754794,8.920244059434926e+23,4.8358847881987505e-22,5.739602307700404e-22
2.68812e-06,198350.0,6.61166,3e+22,619.875,1047.12,65588.4,4.43025,4.36797,4.40065,0.00127243842,2.05936335e-05,0.199633968,0.0100575515,0.0101519677,0.0459403007,8.13822207e-06,0.000222866422,-5.67401904e-05,2227.95165,-356.926525,-204.902155,-488.073999,903.549492,677.025847,177.58101,100.198526,13976.0795,12100.0,198349.913222,6.611663774,-240.0,30000 3000,1e-06,2,0.0 0.0259,0.0 0.0,-1.0 0.0,0.00054857 28.0,30000,1000,0,0.0,0.0 0.0 0.0,1000 1000000 0,0,0.0,0,100,0,,80,,1,,,10,1.0,10.0,0.1,True,{},,,False,3,mixed,250,300,True,Ar_Aubin,,False,uniform,Argon_Aubin_Model3-test/80Td,3.0000000000000005e+21,8.19855e+23,4.3512379271902856e-17,2.1104904345286232e-13,2.1062542293282442e-13,4.001138323853137e-18,1.0002845809632842e-18,0.0,0.0,0.0,3.0008537428898524e-18,3.5009960333714946e-18,4.501280614334778e-18,5.001422904816421e-19,4.001138323853137e-18,2.5007114524082102e-18,3.5009960333714946e-18,1.1503272681077768e-17,7.001992066742989e-18,2.5007114524082102e-18,5.001422904816421e-19,3.0008537428898524e-18,7.001992066742989e-18,2.0005691619265684e-18,1.200341497155941e-17,1.3003699552522696e-17,1.2503557262041051e-17,7.50213435722463e-18,9.702760435343855e-17,4.4512663852866145e-17,5.851664798635212e-17,0.0,4.501280614334778e-18,9.5027035191512e-18,6.501849776261348e-18,5.4515509662498986e-17,4.351237927190286e-17,1846.6106496395118,2227.1628972344024,1950.2311244764155,903.5279279944895,1168.745379980159,882.4069532288013,263.389241063759,-234.52645098032798,65011.23069513235,8.126403836891546e+23,6.693055770002644e-22,6.6341577583692945e-22
2.71033e-06,199196.0,6.63987,3e+22,6585.67,576.775,58722.8,4.3823,4.46007,4.41752,0.00127268012,-2.85717932e-05,0.201231137,0.0101519676,0.0102033217,0.046639932,6.30717152e-06,0.000218961342,-6.29360285e-05,2290.35062,-227.436847,-337.999674,536.861209,1070.0576,-110.368412,1519.61913,640.119064,13495.2841,12200.0,199195.985496,6.639866183,-240.0,30000 3000,1e-06,2,0.0 0.0259,0.0 0.0,-1.0 0.0,0.00054857 28.0,30000,1000,0,0.0,0.0 0.0 0.0,1000 1000000 0,0,0.0,0,100,0,,80,,1,,,10,1.0,10.0,0.1,True,{},,,False,3,mixed,250,300,True,Ar_Aubin,,False,uniform,Argon_Aubin_Model3-test/80Td,3.0000000000000005e+21,7.340350000000001e+23,3.3509533462270016e-17,2.1079046988868333e-13,2.1038435434881225e-13,2.5007114524082102e-18,1.5004268714449262e-18,1.5004268714449262e-18,0.0,1.0002845809632842e-18,3.0008537428898524e-18,2.5007114524082102e-18,3.5009960333714946e-18,2.0005691619265684e-18,1.5004268714449262e-18,1.5004268714449262e-18,1.0002845809632842e-18,7.001992066742989e-18,4.501280614334778e-18,2.5007114524082102e-18,2.5007114524082102e-18,5.001422904816421e-19,1.0002845809632841e-17,2.5007114524082102e-18,1.6004553295412547e-17,1.2503557262041051e-17,9.002561228669556e-18,9.002561228669556e-18,1.0102874267729171e-16,5.0014229048164204e-17,5.251494050057242e-17,0.0,4.001138323853137e-18,8.002276647706274e-18,3.5009960333714946e-18,5.601593653394391e-17,3.350953346227002e-17,2124.952958125723,2281.96916871412,1155.7849952145725,1070.074079496023,1336.4748021070072,1678.4282881763993,-269.4474121978351,-218.3577461575262,71893.05857516505,8.986632321895634e+23,4.661024878672452e-22,5.706392314785741e-22
2.73255e-06,198163.0,6.60545,3e+22,430.035,-3634.53,71294.8,4.35367,4.39489,4.43335,0.00122688784,-2.17284526e-05,0.202712233,0.0102409053,0.0102845438,0.047289958,5.12221945e-06,0.000219163177,-6.14235467e-05,2378.80003,581.45989,862.081591,-141.655423,1558.99578,-737.478046,147.330964,-809.73221,15633.1446,12300.0,198163.3888,6.605446293,-240.0,30000 3000,1e-06,2,0.0 0.0259,0.0 0.0,-1.0 0.0,0.00054857 28.0,30000,1000,0,0.0,0.0 0.0 0.0,1000 1000000 0,0,0.0,0,100,0,,80,,1,,,10,1.0,10.0,0.1,True,{},,,False,3,mixed,250,300,True,Ar_Aubin,,False,uniform,Argon_Aubin_Model3-test/80Td,3.0000000000000005e+21,8.911850000000002e+23,4.6513233014792705e-17,2.1058291083813345e-13,2.1013978476876673e-13,4.001138323853137e-18,1.0002845809632842e-18,5.001422904816421e-19,0.0,2.0005691619265684e-18,2.0005691619265684e-18,3.0008537428898524e-18,3.5009960333714946e-18,1.0002845809632842e-18,2.5007114524082102e-18,4.001138323853137e-18,3.0008537428898524e-18,1.750498016685747e-17,2.5007114524082102e-18,1.5004268714449262e-18,2.5007114524082102e-18,3.5009960333714946e-18,5.501565195298063e-18,3.0008537428898524e-18,1.650469558589419e-17,1.0502988100114484e-17,8.002276647706274e-18,9.002561228669556e-18,1.0102874267729171e-16,5.551579424346227e-17,5.901679027683377e-17,0.0,7.001992066742989e-18,6.001707485779705e-18,3.5009960333714946e-18,5.801650569587048e-17,4.651323301479271e-17,2004.243827976878,2378.2724252877256,1828.0250681204411,1558.9168072871717,1164.6408758249577,1180.8164907115988,342.076121064179,834.768476706613,66668.28712768726,8.33353589096091e+23,6.976815367358645e-22,6.52407090205635e-22
2.75477e-06,197288.0,6.57626,3e+22,-2795.68,10970.3,60119.5,4.37386,4.34523,4.41214,0.00122301105,1.72002234e-05,0.204273816,0.0103265517,0.0103649942,0.0479845762,5.00199505e-06,0.000227921861,-4.60243495e-05,1275.78023,-215.967426,-745.399552,783.704264,1439.4079,301.124295,372.78746,2926.86941,13499.4171,12400.0,197287.660282,6.576255343,-240.0,30000 3000,1e-06,2,0.0 0.0259,0.0 0.0,-1.0 0.0,0.00054857 28.0,30000,1000,0,0.0,0.0 0.0 0.0,1000 1000000 0,0,0.0,0,100,0,,80,,1,,,10,1.0,10.0,0.1,True,{},,,False,3,mixed,250,300,True,Ar_Aubin,,False,uniform,Argon_Aubin_Model3-test/80Td,3.0000000000000005e+21,7.514937500000001e+23,4.3512379271902856e-17,2.0923902850360928e-13,2.087778973117852e-13,6.001707485779705e-18,1.0002845809632842e-18,2.0005691619265684e-18,0.0,0.0,1.5004268714449262e-18,3.5009960333714946e-18,4.001138323853137e-18,1.0002845809632842e-18,2.5007114524082102e-18,3.5009960333714946e-18,2.0005691619265684e-18,1.200341497155941e-17,5.0014229048164204e-18,4.001138323853137e-18,4.501280614334778e-18,3.5009960333714946e-18,8.502418938187915e-18,5.501565195298063e-18,1.200341497155941e-17,1.0502988100114484e-17,1.0502988100114484e-17,7.50213435722463e-18,1.080307347440347e-16,5.901679027683377e-17,6.501849776261348e-17,0.0,7.50213435722463e-18,4.501280614334778e-18,4.501280614334778e-18,5.851664798635212e-17,4.351237927190286e-17,1927.8061600816786,1279.1993775322642,1810.6530970603785,1439.2192083892348,1329.5816204707394,1218.5774189880012,343.66032856107216,124.94531709440503,70291.2328557477,8.786404106968465e+23,6.190299629713332e-22,7.237648229260532e-22
2.77698e-06,197310.0,6.57699,3e+22,3181.49,6826.57,67142.0,4.39892,4.33171,4.39739,0.00121253539,4.99713458e-05,0.205813418,0.0103944926,0.0104684445,0.0486712024,3.73720437e-06,0.000226437076,-4.67490863e-05,1901.10949,-730.516884,1023.38265,316.659466,2203.28573,-199.546223,434.145655,506.701912,14376.4242,12500.0,197309.558653,6.576985288,-240.0,30000 3000,1e-06,2,0.0 0.0259,0.0 0.0,-1.0 0.0,0.00054857 28.0,30000,1000,0,0.0,0.0 0.0 0.0,1000 1000000 0,0,0.0,0,100,0,,80,,1,,,10,1.0,10.0,0.1,True,{},,,False,3,mixed,250,300,True,Ar_Aubin,,False,uniform,Argon_Aubin_Model3-test/80Td,3.0000000000000005e+21,8.392750000000002e+23,3.050867971938016e-17,2.0823624321119357e-13,2.0781262269115567e-13,4.001138323853137e-18,2.0005691619265684e-18,2.0005691619265684e-18,0.0,5.001422904816421e-19,3.5009960333714946e-18,5.0014229048164204e-18,3.5009960333714946e-18,5.001422904816421e-19,1.0002845809632842e-18,1.5004268714449262e-18,1.0002845809632842e-18,1.4003984133485978e-17,1.5004268714449262e-18,1.0002845809632842e-18,3.0008537428898524e-18,3.0008537428898524e-18,1.4003984133485978e-17,5.0014229048164204e-18,1.5504411004930906e-17,1.4003984133485978e-17,1.4003984133485978e-17,6.001707485779705e-18,1.0653030787258976e-16,4.7513517595756e-17,5.901679027683377e-17,0.0,4.501280614334778e-18,6.001707485779705e-18,4.001138323853137e-18,5.0014229048164204e-17,3.050867971938017e-17,1529.6795078394,1897.251820782069,2328.2446066169705,2202.944597109902,1243.5929752819832,557.6996886439993,-54.54219132226093,721.3229226118002,69301.80636391058,8.662725795488825e+23,4.402292136394843e-22,4.543903922936487e-22
2.7992e-06,197761.0,6.59202,3e+22,-5267.08,4584.14,55085.1,4.38459,4.39421,4.38772,0.00121360667,7.02481964e-05,0.207411222,0.01047922,0.0105619685,0.049375395,2.36519979e-06,0.000223324109,-4.82336838e-05,2200.24085,-1381.6621,743.464297,-608.64402,1170.88486,1666.39822,-1281.463,615.530932,12072.5373,12600.0,197760.626385,6.592020879,-240.0,30000 3000,1e-06,2,0.0 0.0259,0.0 0.0,-1.0 0.0,0.00054857 28.0,30000,1000,0,0.0,0.0 0.0 0.0,1000 1000000 0,0,0.0,0,100,0,,80,,1,,,10,1.0,10.0,0.1,True,{},,,False,3,mixed,250,300,True,Ar_Aubin,,False,uniform,Argon_Aubin_Model3-test/80Td,3.0000000000000005e+21,6.8856375e+23,4.2512094690939574e-17,2.0898045493943023e-13,2.085633362691686e-13,5.0014229048164204e-18,5.001422904816421e-19,2.0005691619265684e-18,0.0,5.001422904816421e-19,2.5007114524082102e-18,7.001992066742989e-18,5.0014229048164204e-18,0.0,3.5009960333714946e-18,5.001422904816421e-19,3.0008537428898524e-18,1.500426871444926e-17,3.5009960333714946e-18,2.5007114524082102e-18,3.0008537428898524e-18,2.0005691619265684e-18,7.001992066742989e-18,5.0014229048164204e-18,1.3503841843004337e-17,1.3503841843004337e-17,7.001992066742989e-18,8.502418938187915e-18,8.952546999621394e-17,4.7013375305274356e-17,5.401536737201735e-17,0.0,4.501280614334778e-18,9.5027035191512e-18,4.001138323853137e-18,5.601593653394391e-17,4.251209469093958e-17,1906.8505197298884,2206.6330134194236,2104.8339776084417,1170.5628324329548,988.9452443844034,647.2693950077992,-237.33255867139124,487.6011513941429,71921.64170706602,8.990205213383255e+23,5.910890474954624e-22,7.717530637312009e-22
2.82141e-06,197471.0,6.58238,3e+22,4646.19,-2375.46,71760.8,4.35584,4.38893,4.39056,0.00114626669,4.18198395e-05,0.20893546,0.0105521233,0.0106507082,0.0500487669,-7.37874672e-06,0.000205189493,-5.69623584e-05,1096.03754,-486.262536,63.4080573,309.329452,1803.30613,214.07932,1134.50121,-119.108164,16062.5536,12700.0,197471.303446,6.582376782,-240.0,30000 3000,1e-06,2,0.0 0.0259,0.0 0.0,-1.0 0.0,0.00054857 28.0,30000,1000,0,0.0,0.0 0.0 0.0,1000 1000000 0,0,0.0,0,100,0,,80,,1,,,10,1.0,10.0,0.1,True,{},,,False,3,mixed,250,300,True,Ar_Aubin,,False,uniform,Argon_Aubin_Model3-test/80Td,3.0000000000000005e+21,8.970100000000001e+23,4.5012806143347784e-17,2.090344703068023e-13,2.0860734879073098e-13,5.0014229048164204e-18,3.0008537428898524e-18,5.001422904816421e-19,0.0,5.001422904816421e-19,1.5004268714449262e-18,3.5009960333714946e-18,4.001138323853137e-18,5.001422904816421e-19,3.5009960333714946e-18,2.0005691619265684e-18,3.0008537428898524e-18,1.450412642396762e-17,4.001138323853137e-18,2.0005691619265684e-18,2.0005691619265684e-18,2.5007114524082102e-18,1.0502988100114484e-17,4.001138323853137e-18,1.2503557262041051e-17,1.200341497155941e-17,7.001992066742989e-18,1.1003130390596125e-17,1.02029027258255e-16,4.8513802176719277e-17,5.95169325673154e-17,0.0,5.501565195298063e-18,4.001138323853137e-18,4.001138323853137e-18,4.951408675768256e-17,4.5012806143347784e-17,1644.367633651265,1090.711767167589,1997.2831600367829,1803.4054713559385,872.3586737806853,1069.1778420319988,-266.2386716620361,144.8984077148482,68610.22961032338,8.576278701290424e+23,6.56065522575878e-22,6.272617660804755e-22
2.84363e-06,197601.0,6.5867,3e+22,-5937.24,-4345.33,75757.3,4.39558,4.36416,4.38071,0.00115931491,5.31075217e-05,0.210455249,0.0106400777,0.0107442967,0.0507363367,-1.04542168e-05,0.000210738617,-4.7429732e-05,2463.46031,147.802617,1456.66388,-128.104077,2131.71299,30.8753328,-1015.08981,-973.083022,17249.409,12800.0,197600.872026,6.586695734,-240.0,30000 3000,1e-06,2,0.0 0.0259,0.0 0.0,-1.0 0.0,0.00054857 28.0,30000,1000,0,0.0,0.0 0.0 0.0,1000 1000000 0,0,0.0,0,100,0,,80,,1,,,10,1.0,10.0,0.1,True,{},,,False,3,mixed,250,300,True,Ar_Aubin,,False,uniform,Argon_Aubin_Model3-test/80Td,3.0000000000000005e+21,9.469662500000001e+23,3.601024491467822e-17,2.0898595650462556e-13,2.0857433939955918e-13,4.001138323853137e-18,1.0002845809632842e-18,5.001422904816421e-19,0.0,2.0005691619265684e-18,7.001992066742989e-18,5.501565195298063e-18,5.501565195298063e-18,5.001422904816421e-19,4.001138323853137e-18,1.0002845809632842e-18,2.5007114524082102e-18,9.002561228669556e-18,6.001707485779705e-18,1.0002845809632842e-18,1.0002845809632842e-18,4.001138323853137e-18,7.50213435722463e-18,4.501280614334778e-18,1.3503841843004337e-17,1.0502988100114484e-17,7.001992066742989e-18,5.501565195298063e-18,1.0402959642018156e-16,5.251494050057242e-17,5.3015082791054065e-17,0.0,3.5009960333714946e-18,3.5009960333714946e-18,2.0005691619265684e-18,5.401536737201735e-17,3.6010244914678226e-17,1978.8601016401433,2470.3434408562484,2106.316388039964,2131.943759707269,1129.4706439890083,1305.8875649322981,47.757421682883134,1603.270825141417,68409.96763579335,8.55124595447417e+23,5.263888605589253e-22,4.753369631002982e-22
2.86585e-06,198218.0,6.60726,3e+22,-2111.67,-3934.46,58834.4,4.3967,4.42604,4.37199,0.00112463801,-2.2739517e-05,0.212049138,0.0107442259,0.0108250365,0.0514585547,-3.10233766e-05,0.000212009499,-6.68017178e-05,2376.78998,683.980551,259.858697,-934.271396,1051.45694,-304.322291,-7.10208806,-1276.52171,12870.8502,12900.0,198217.874464,6.607262482,-240.0,30000 3000,1e-06,2,0.0 0.0259,0.0 0.0,-1.0 0.0,0.00054857 28.0,30000,1000,0,0.0,0.0 0.0 0.0,1000 1000000 0,0,0.0,0,100,0,,80,,1,,,10,1.0,10.0,0.1,True,{},,,False,3,mixed,250,300,True,Ar_Aubin,,False,uniform,Argon_Aubin_Model3-test/80Td,3.0000000000000005e+21,7.354300000000001e+23,3.5009960333714937e-17,2.0912449591908897e-13,2.0870987796027972e-13,4.501280614334778e-18,5.001422904816421e-19,5.001422904816421e-19,0.0,5.001422904816421e-19,2.0005691619265684e-18,2.0005691619265684e-18,5.0014229048164204e-18,1.5004268714449262e-18,0.0,2.0005691619265684e-18,1.5004268714449262e-18,1.1003130390596125e-17,3.0008537428898524e-18,5.001422904816421e-19,3.5009960333714946e-18,3.5009960333714946e-18,6.501849776261348e-18,3.5009960333714946e-18,1.3003699552522696e-17,1.0502988100114484e-17,1.1003130390596125e-17,1.0002845809632841e-17,9.952831580584678e-17,5.3015082791054065e-17,5.801650569587048e-17,0.0,5.0014229048164204e-18,4.001138323853137e-18,3.5009960333714946e-18,6.051721714827869e-17,3.500996033371494e-17,2345.7838846729483,2379.1648443465765,1817.2143222473187,1051.3674722799442,1098.1527894201652,395.06639525280116,305.0189040699336,634.367009644916,71745.41657101388,8.968177071376736e+23,4.879748701307204e-22,5.950593587036655e-22
2.88806e-06,197885.0,6.59616,3e+22,-3847.88,8.71618,63594.2,4.41215,4.3608,4.39628,0.00106958655,4.17088941e-05,0.213539494,0.0108226749,0.010919968,0.0521362281,-3.54630756e-05,0.00019959246,-5.28572897e-05,2361.8575,-40.037073,306.342312,-268.662389,2011.21205,33.1429237,-582.592832,25.3338547,13817.3743,13000.0,197884.670199,6.596155673,-240.0,30000 3000,1e-06,2,0.0 0.0259,0.0 0.0,-1.0 0.0,0.00054857 28.0,30000,1000,0,0.0,0.0 0.0 0.0,1000 1000000 0,0,0.0,0,100,0,,80,,1,,,10,1.0,10.0,0.1,True,{},,,False,3,mixed,250,300,True,Ar_Aubin,,False,uniform,Argon_Aubin_Model3-test/80Td,3.0000000000000005e+21,7.949275000000001e+23,3.7510671786123153e-17,2.0930204643220997e-13,2.088824270504959e-13,5.0014229048164204e-18,3.0008537428898524e-18,1.5004268714449262e-18,0.0,0.0,2.0005691619265684e-18,4.001138323853137e-18,2.5007114524082102e-18,0.0,2.0005691619265684e-18,5.501565195298063e-18,1.0002845809632842e-18,1.650469558589419e-17,4.001138323853137e-18,1.5004268714449262e-18,2.5007114524082102e-18,3.5009960333714946e-18,9.5027035191512e-18,2.5007114524082102e-18,1.200341497155941e-17,1.4003984133485978e-17,8.502418938187915e-18,8.502418938187915e-18,1.0152888496777334e-16,4.7013375305274356e-17,5.251494050057242e-17,0.0,6.001707485779705e-18,9.002561228669556e-18,5.501565195298063e-18,5.10145136291275e-17,3.751067178612316e-17,1768.3234815064209,2365.973140694014,2136.5390880807754,2011.2116864577715,976.6615074567203,237.50101066520074,-105.21694343557137,477.40432719470994,67085.10571257515,8.385638214071896e+23,5.591505206362334e-22,5.898442277145267e-22
2.91028e-06,196684.0,6.55614,3e+22,5824.12,-3239.26,59485.0,4.31536,4.4066,4.36995,0.00106563747,0.00010520927,0.214991244,0.0109165609,0.0109955139,0.0528053975,-3.24568947e-05,0.000201438156,-3.88139731e-05,2297.35312,-824.229616,140.060735,281.822109,1713.61732,-441.16395,851.689791,-347.353907,13734.7401,13100.0,196684.267494,6.55614225,-240.0,30000 3000,1e-06,2,0.0 0.0259,0.0 0.0,-1.0 0.0,0.00054857 28.0,30000,1000,0,0.0,0.0 0.0 0.0,1000 1000000 0,0,0.0,0,100,0,,80,,1,,,10,1.0,10.0,0.1,True,{},,,False,3,mixed,250,300,True,Ar_Aubin,,False,uniform,Argon_Aubin_Model3-test/80Td,3.0000000000000005e+21,7.435625000000001e+23,4.40125215623845e-17,2.0790965029550906e-13,2.0746952507988526e-13,3.5009960333714946e-18,1.5004268714449262e-18,1.0002845809632842e-18,0.0,0.0,3.5009960333714946e-18,4.001138323853137e-18,5.501565195298063e-18,1.0002845809632842e-18,3.5009960333714946e-18,3.0008537428898524e-18,6.001707485779705e-18,1.0002845809632841e-17,6.001707485779705e-18,2.5007114524082102e-18,2.0005691619265684e-18,3.5009960333714946e-18,8.502418938187915e-18,2.0005691619265684e-18,1.0502988100114484e-17,1.500426871444926e-17,1.200341497155941e-17,6.001707485779705e-18,9.252632373910378e-17,5.201479821009078e-17,6.251778631020527e-17,0.0,3.0008537428898524e-18,7.50213435722463e-18,4.001138323853137e-18,6.401821318165019e-17,4.40125215623845e-17,2113.2259366145845,2291.146719498224,1700.0565055062573,1713.9581201799404,1058.924038830157,945.9859506600005,51.40198451978187,-323.77372290822984,65347.34131860522,8.168417664825654e+23,6.735166370089731e-22,7.398927723356225e-22
2.93249e-06,197018.0,6.56725,3e+22,-361.723,-3719.95,73920.6,4.39515,4.37441,4.33379,0.00118728554,8.90127935e-05,0.216484828,0.0109960317,0.0110756335,0.0535095214,-3.74996777e-05,0.000227450293,-3.8710041e-05,2107.60006,-727.805253,-131.869974,-1095.31092,1763.77178,215.341608,-197.807056,46.7020295,16953.525,13200.0,197017.523615,6.567250787,-240.0,30000 3000,1e-06,2,0.0 0.0259,0.0 0.0,-1.0 0.0,0.00054857 28.0,30000,1000,0,0.0,0.0 0.0 0.0,1000 1000000 0,0,0.0,0,100,0,,80,,1,,,10,1.0,10.0,0.1,True,{},,,False,3,mixed,250,300,True,Ar_Aubin,,False,uniform,Argon_Aubin_Model3-test/80Td,3.0000000000000005e+21,9.240075000000001e+23,4.201195240045793e-17,2.0819323097421215e-13,2.077981185647317e-13,2.0005691619265684e-18,2.0005691619265684e-18,5.001422904816421e-19,0.0,0.0,1.5004268714449262e-18,5.0014229048164204e-18,2.5007114524082102e-18,1.5004268714449262e-18,3.0008537428898524e-18,4.001138323853137e-18,3.5009960333714946e-18,1.1003130390596125e-17,3.0008537428898524e-18,0.0,2.0005691619265684e-18,4.001138323853137e-18,5.0014229048164204e-18,3.0008537428898524e-18,1.1003130390596125e-17,1.500426871444926e-17,7.50213435722463e-18,6.001707485779705e-18,1.0002845809632841e-16,4.601309072431107e-17,5.401536737201735e-17,0.0,3.5009960333714946e-18,4.501280614334778e-18,3.5009960333714946e-18,4.8513802176719277e-17,4.2011952400457935e-17,1782.43366831808,2108.0295284873855,1803.2748102279272,1764.1029031411804,1343.1403291777622,950.8366233432007,-86.17447798533689,-339.13434804947997,67230.4070508056,8.403800881350701e+23,6.248951068927748e-22,5.6833889877054465e-22
2.95471e-06,197580.0,6.58601,3e+22,2230.43,6963.51,67007.3,4.37186,4.37361,4.40072,0.00124807061,-8.63398031e-06,0.218052122,0.01108451,0.011183904,0.054243728,-4.06244569e-05,0.000233320292,-6.16167545e-05,1449.57225,342.47249,484.79321,-120.573628,1914.65117,-550.103605,963.008511,1214.07997,15971.1763,13300.0,197580.335961,6.586011199,-240.0,30000 3000,1e-06,2,0.0 0.0259,0.0 0.0,-1.0 0.0,0.00054857 28.0,30000,1000,0,0.0,0.0 0.0 0.0,1000 1000000 0,0,0.0,0,100,0,,80,,1,,,10,1.0,10.0,0.1,True,{},,,False,3,mixed,250,300,True,Ar_Aubin,,False,uniform,Argon_Aubin_Model3-test/80Td,3.0000000000000005e+21,8.375912500000002e+23,3.951124094804972e-17,2.0882190983334755e-13,2.0841429386660505e-13,8.002276647706274e-18,5.001422904816421e-19,2.5007114524082102e-18,0.0,0.0,3.0008537428898524e-18,4.001138323853137e-18,4.501280614334778e-18,5.001422904816421e-19,1.5004268714449262e-18,5.001422904816421e-19,2.0005691619265684e-18,7.001992066742989e-18,5.0014229048164204e-18,1.5004268714449262e-18,2.5007114524082102e-18,3.5009960333714946e-18,7.001992066742989e-18,2.0005691619265684e-18,1.500426871444926e-17,1.200341497155941e-17,7.001992066742989e-18,1.1003130390596125e-17,9.5027035191512e-17,4.601309072431107e-17,6.051721714827869e-17,0.0,7.50213435722463e-18,7.001992066742989e-18,2.0005691619265684e-18,4.951408675768256e-17,3.9511240948049725e-17,1987.9965859125289,1446.7885158693377,2436.9561604929704,1914.7112928082286,1196.4279071901929,1360.0923455093998,-416.1496947027702,877.8218847420871,70548.30099163197,8.818537623953999e+23,5.600594258497637e-22,5.896557680737728e-22
2.97692e-06,197853.0,6.59509,3e+22,-2537.88,3564.37,62060.7,4.35423,4.40174,4.41221,0.00124861652,-3.33371493e-05,0.219582266,0.0111891746,0.0112713382,0.0549600098,-3.2607938e-05,0.000239843139,-6.21405794e-05,1761.25868,-152.042796,435.007385,-823.436353,2214.30838,39.259382,-511.253828,1255.78262,14342.4318,13400.0,197852.811651,6.595093722,-240.0,30000 3000,1e-06,2,0.0 0.0259,0.0 0.0,-1.0 0.0,0.00054857 28.0,30000,1000,0,0.0,0.0 0.0 0.0,1000 1000000 0,0,0.0,0,100,0,,80,,1,,,10,1.0,10.0,0.1,True,{},,,False,3,mixed,250,300,True,Ar_Aubin,,False,uniform,Argon_Aubin_Model3-test/80Td,3.0000000000000005e+21,7.757587500000002e+23,3.1008822009861805e-17,2.0973516965576705e-13,2.0932305240841022e-13,5.501565195298063e-18,2.0005691619265684e-18,3.5009960333714946e-18,0.0,5.001422904816421e-19,4.501280614334778e-18,3.0008537428898524e-18,3.0008537428898524e-18,5.001422904816421e-19,1.0002845809632842e-18,2.5007114524082102e-18,2.5007114524082102e-18,1.1503272681077768e-17,4.001138323853137e-18,1.5004268714449262e-18,1.0002845809632842e-18,2.5007114524082102e-18,6.501849776261348e-18,2.0005691619265684e-18,1.4003984133485978e-17,1.3003699552522696e-17,1.200341497155941e-17,1.0002845809632841e-17,1.045297387106632e-16,5.151465591960914e-17,5.851664798635212e-17,0.0,1.5004268714449262e-18,5.0014229048164204e-18,2.5007114524082102e-18,5.10145136291275e-17,3.100882200986181e-17,2355.592999462724,1764.4275188937775,1967.8060123625942,2214.4272059348505,1049.6573852090432,715.0026644538011,202.25366020282974,403.53698297331596,68876.07524340725,8.609509405425909e+23,4.502118028688044e-22,4.996531139652277e-22
2.99914e-06,197929.0,6.59762,3e+22,-2517.26,6004.83,59581.9,4.43535,4.34308,4.39638,0.00117894845,-8.00700744e-05,0.221157155,0.0112751512,0.0113698894,0.0557058742,-3.49340968e-05,0.00022488745,-7.50273547e-05,2773.94974,-666.222405,-845.611024,-114.98338,2961.60311,296.051627,-796.468253,733.490908,13887.2677,13500.0,197928.527969,6.597617599,-240.0,30000 3000,1e-06,2,0.0 0.0259,0.0 0.0,-1.0 0.0,0.00054857 28.0,30000,1000,0,0.0,0.0 0.0 0.0,1000 1000000 0,0,0.0,0,100,0,,80,,1,,,10,1.0,10.0,0.1,True,{},,,False,3,mixed,250,300,True,Ar_Aubin,,False,uniform,Argon_Aubin_Model3-test/80Td,3.0000000000000005e+21,7.447737500000001e+23,3.150896430034345e-17,2.09955232263579e-13,2.0952510989376477e-13,3.5009960333714946e-18,2.0005691619265684e-18,5.001422904816421e-19,0.0,1.0002845809632842e-18,2.0005691619265684e-18,4.001138323853137e-18,2.0005691619265684e-18,1.0002845809632842e-18,2.5007114524082102e-18,2.0005691619265684e-18,3.5009960333714946e-18,1.3503841843004337e-17,4.001138323853137e-18,2.0005691619265684e-18,1.0002845809632842e-18,2.0005691619265684e-18,1.0502988100114484e-17,4.001138323853137e-18,1.450412642396762e-17,9.002561228669556e-18,1.0002845809632841e-17,7.50213435722463e-18,1.0152888496777334e-16,5.201479821009078e-17,6.451835547213183e-17,0.0,5.501565195298063e-18,8.002276647706274e-18,4.501280614334778e-18,6.051721714827869e-17,3.150896430034345e-17,1938.830381984519,2776.917459775247,2217.913749807779,2962.0839171848593,1164.6778658691646,710.3042065054997,-68.1732122950398,-1155.6132056577549,70890.17325429067,8.861271656786335e+23,4.444757694034321e-22,5.288345000804514e-22
3.02136e-06,198269.0,6.60896,3e+22,2668.25,549.984,58065.0,4.42092,4.40339,4.37439,0.00110863144,-7.17378265e-05,0.222701775,0.0113585906,0.0114603813,0.056437206,-2.57645682e-05,0.000203682116,-8.01392488e-05,2139.42932,618.095776,1173.31294,231.974686,1850.98235,849.154708,775.358064,-24.2265206,14506.2786,13600.0,198268.699323,6.608956644,-240.0,30000 3000,1e-06,2,0.0 0.0259,0.0 0.0,-1.0 0.0,0.00054857 28.0,30000,1000,0,0.0,0.0 0.0 0.0,1000 1000000 0,0,0.0,0,100,0,,80,,1,,,10,1.0,10.0,0.1,True,{},,,False,3,mixed,250,300,True,Ar_Aubin,,False,uniform,Argon_Aubin_Model3-test/80Td,3.0000000000000005e+21,7.258125000000001e+23,3.3509533462270016e-17,2.1043486872015087e-13,2.1002325161508452e-13,3.5009960333714946e-18,5.001422904816421e-19,0.0,0.0,5.001422904816421e-19,2.5007114524082102e-18,4.001138323853137e-18,4.501280614334778e-18,1.0002845809632842e-18,1.0002845809632842e-18,1.0002845809632842e-18,4.001138323853137e-18,1.2503557262041051e-17,3.5009960333714946e-18,1.0002845809632842e-18,2.5007114524082102e-18,2.0005691619265684e-18,8.002276647706274e-18,1.5004268714449262e-18,1.200341497155941e-17,1.450412642396762e-17,1.200341497155941e-17,9.5027035191512e-18,9.602731977247528e-17,4.651323301479271e-17,6.401821318165019e-17,0.0,1.5004268714449262e-18,6.001707485779705e-18,4.001138323853137e-18,5.851664798635212e-17,3.350953346227002e-17,1881.5410534346825,2136.4712141602204,2036.6756444947944,1851.0218046567697,1029.407306105166,1575.1000346250003,-331.5930669091176,1290.0743082926501,69527.6806251377,8.690960078142214e+23,4.819596045917094e-22,5.7710382265168375e-22
3.04357e-06,198902.0,6.63006,3e+22,-5688.02,-1803.22,62279.3,4.38971,4.40418,4.44399,0.00107345686,2.93249556e-05,0.224285874,0.0114356442,0.0115501873,0.0571908625,-3.15103425e-05,0.000197986849,-5.23114014e-05,1625.66349,-433.175712,478.114238,153.779998,1138.4813,-197.177918,-2010.1365,263.088115,14062.4325,13700.0,198901.947153,6.630064905,-240.0,30000 3000,1e-06,2,0.0 0.0259,0.0 0.0,-1.0 0.0,0.00054857 28.0,30000,1000,0,0.0,0.0 0.0 0.0,1000 1000000 0,0,0.0,0,100,0,,80,,1,,,10,1.0,10.0,0.1,True,{},,,False,3,mixed,250,300,True,Ar_Aubin,,False,uniform,Argon_Aubin_Model3-test/80Td,3.0000000000000005e+21,7.784912500000003e+23,3.651038720515987e-17,2.105754087037762e-13,2.1016529202558132e-13,3.5009960333714946e-18,2.0005691619265684e-18,1.5004268714449262e-18,0.0,0.0,1.5004268714449262e-18,4.501280614334778e-18,2.0005691619265684e-18,1.0002845809632842e-18,5.0014229048164204e-18,1.0002845809632842e-18,1.5004268714449262e-18,1.3003699552522696e-17,6.501849776261348e-18,1.0002845809632842e-18,3.5009960333714946e-18,3.0008537428898524e-18,6.501849776261348e-18,1.0002845809632842e-18,1.3503841843004337e-17,1.2503557262041051e-17,1.0002845809632841e-17,7.001992066742989e-18,1.0302931183921828e-16,4.901394446720092e-17,5.3015082791054065e-17,0.0,5.501565195298063e-18,6.001707485779705e-18,2.5007114524082102e-18,5.3515225081535703e-17,3.6510387205159877e-17,1735.9268370733678,1631.769334088817,2021.3065048620883,1138.534179346437,1025.9276510685618,94.06526739180117,19.702666217004637,-323.1338667915179,71304.74119887133,8.913092649858918e+23,5.120330933300938e-22,5.8623631295084995e-22
3.06579e-06,199523.0,6.65076,3e+22,2858.38,-2341.61,62249.7,4.43176,4.4181,4.42955,0.00105614555,3.32164763e-05,0.225873981,0.0115289396,0.0116223078,0.057972247,-2.97448266e-05,0.000182918092,-5.28663336e-05,1977.54481,-54.0019595,223.496834,377.261271,1733.23821,553.020302,809.16273,-37.7268825,15359.2297,13800.0,199522.671353,6.650755712,-240.0,30000 3000,1e-06,2,0.0 0.0259,0.0 0.0,-1.0 0.0,0.00054857 28.0,30000,1000,0,0.0,0.0 0.0 0.0,1000 1000000 0,0,0.0,0,100,0,,80,,1,,,10,1.0,10.0,0.1,True,{},,,False,3,mixed,250,300,True,Ar_Aubin,,False,uniform,Argon_Aubin_Model3-test/80Td,3.0000000000000005e+21,7.781212500000001e+23,3.601024491467822e-17,2.114426554354714e-13,2.11032038614986e-13,5.501565195298063e-18,1.5004268714449262e-18,1.5004268714449262e-18,0.0,0.0,1.0002845809632842e-18,2.5007114524082102e-18,3.5009960333714946e-18,5.001422904816421e-19,2.0005691619265684e-18,1.5004268714449262e-18,4.501280614334778e-18,1.3003699552522696e-17,4.001138323853137e-18,4.001138323853137e-18,1.5004268714449262e-18,5.501565195298063e-18,8.002276647706274e-18,3.0008537428898524e-18,1.1003130390596125e-17,1.500426871444926e-17,1.200341497155941e-17,7.001992066742989e-18,8.602447396284244e-17,5.10145136291275e-17,6.101735943876033e-17,0.0,6.001707485779705e-18,7.50213435722463e-18,3.5009960333714946e-18,5.151465591960914e-17,3.6010244914678226e-17,2100.5736028586916,1974.525944682791,1623.167565093536,1733.3159900330688,1496.2815631036399,1298.6421449443005,-579.0153380029132,321.281150545385,71485.15252589385,8.935644065736733e+23,5.037443950565026e-22,5.784806178130693e-22
3.088e-06,198760.0,6.62533,3e+22,2203.07,826.927,63870.4,4.44841,4.4162,4.36284,0.00113354403,4.46493077e-05,0.227380161,0.0116059336,0.0116901877,0.058720734,-3.71050904e-05,0.000196751869,-5.24314899e-05,1708.22202,403.259536,-253.75684,680.035802,869.743478,-409.399748,703.382695,611.611312,15082.3138,13900.0,198760.022951,6.625334098,-240.0,30000 3000,1e-06,2,0.0 0.0259,0.0 0.0,-1.0 0.0,0.00054857 28.0,30000,1000,0,0.0,0.0 0.0 0.0,1000 1000000 0,0,0.0,0,100,0,,80,,1,,,10,1.0,10.0,0.1,True,{},,,False,3,mixed,250,300,True,Ar_Aubin,,False,uniform,Argon_Aubin_Model3-test/80Td,3.0000000000000005e+21,7.983800000000001e+23,3.1008822009861805e-17,2.120958412668404e-13,2.1165171491289273e-13,5.501565195298063e-18,5.001422904816421e-19,1.0002845809632842e-18,0.0,5.001422904816421e-19,2.0005691619265684e-18,2.0005691619265684e-18,3.0008537428898524e-18,2.0005691619265684e-18,1.5004268714449262e-18,1.0002845809632842e-18,2.0005691619265684e-18,1.1503272681077768e-17,6.001707485779705e-18,3.0008537428898524e-18,1.5004268714449262e-18,4.001138323853137e-18,1.0002845809632841e-17,4.001138323853137e-18,1.200341497155941e-17,1.2503557262041051e-17,1.0502988100114484e-17,1.1003130390596125e-17,1.0502988100114484e-16,5.651607882442556e-17,6.201764401972362e-17,0.0,5.0014229048164204e-18,9.002561228669556e-18,7.001992066742989e-18,6.151750172924198e-17,3.100882200986181e-17,1729.0436434003502,1705.7247431538278,1527.7123540711668,869.7065562819315,1481.0265711144639,559.4519648656005,-241.08170940876943,-123.70846690798203,67797.38835698737,8.474673544623423e+23,4.573748747751868e-22,4.854959732499218e-22
3.11022e-06,198820.0,6.62734,3e+22,2424.23,-3417.62,60806.5,4.40237,4.44123,4.38995,0.00118334225,0.000107988716,0.228849119,0.0116908897,0.0117643371,0.0594376694,-3.43892932e-05,0.0002192072,-2.6763489e-05,1880.14565,368.712811,-208.248625,76.6009984,2261.8542,228.359138,401.926513,-625.165287,15192.5208,14000.0,198820.145814,6.627338194,-240.0,30000 3000,1e-06,2,0.0 0.0259,0.0 0.0,-1.0 0.0,0.00054857 28.0,30000,1000,0,0.0,0.0 0.0 0.0,1000 1000000 0,0,0.0,0,100,0,,80,,1,,,10,1.0,10.0,0.1,True,{},,,False,3,mixed,250,300,True,Ar_Aubin,,False,uniform,Argon_Aubin_Model3-test/80Td,3.0000000000000005e+21,7.600812500000002e+23,3.801081407660479e-17,2.104043600404315e-13,2.1000624677720814e-13,3.0008537428898524e-18,5.001422904816421e-19,1.0002845809632842e-18,0.0,0.0,1.0002845809632842e-18,0.0,5.0014229048164204e-18,1.5004268714449262e-18,1.0002845809632842e-18,3.0008537428898524e-18,4.501280614334778e-18,1.650469558589419e-17,3.0008537428898524e-18,1.5004268714449262e-18,5.001422904816421e-19,4.001138323853137e-18,6.001707485779705e-18,4.001138323853137e-18,1.4003984133485978e-17,1.5504411004930906e-17,1.0002845809632841e-17,6.501849776261348e-18,9.802788893440184e-17,4.051152552901301e-17,5.10145136291275e-17,0.0,3.0008537428898524e-18,8.002276647706274e-18,5.0014229048164204e-18,5.251494050057242e-17,3.80108140766048e-17,1909.4595129459774,1877.2769562172825,1668.618691970474,2262.2232643955763,1052.258727077535,1277.006845526501,422.84686436341156,-433.05991227799495,66121.92168671954,8.265240210839943e+23,5.7485948845674875e-22,6.251110337974524e-22
3.13244e-06,199078.0,6.63592,3e+22,-2045.35,-3236.83,74763.0,4.43258,4.38891,4.41849,0.0011690765,0.00012951905,0.230391047,0.0117760369,0.0118482713,0.0602046006,-4.24765768e-05,0.0002202349,-1.77781824e-05,2254.98121,-209.963744,-787.692153,-807.775137,1377.64484,791.75336,-514.423407,-811.953937,18127.8547,14100.0,199077.707001,6.635923567,-240.0,30000 3000,1e-06,2,0.0 0.0259,0.0 0.0,-1.0 0.0,0.00054857 28.0,30000,1000,0,0.0,0.0 0.0 0.0,1000 1000000 0,0,0.0,0,100,0,,80,,1,,,10,1.0,10.0,0.1,True,{},,,False,3,mixed,250,300,True,Ar_Aubin,,False,uniform,Argon_Aubin_Model3-test/80Td,3.0000000000000005e+21,9.345375000000001e+23,2.9008252847935234e-17,2.1126460478005992e-13,2.1085098710583162e-13,6.001707485779705e-18,1.5004268714449262e-18,2.5007114524082102e-18,0.0,5.001422904816421e-19,2.0005691619265684e-18,4.501280614334778e-18,4.501280614334778e-18,1.0002845809632842e-18,1.5004268714449262e-18,1.5004268714449262e-18,6.001707485779705e-18,1.200341497155941e-17,5.501565195298063e-18,1.0002845809632842e-18,3.5009960333714946e-18,2.5007114524082102e-18,6.001707485779705e-18,5.0014229048164204e-18,9.002561228669556e-18,1.2503557262041051e-17,9.002561228669556e-18,6.501849776261348e-18,1.0553002329162647e-16,5.251494050057242e-17,5.0514371338645855e-17,0.0,7.50213435722463e-18,4.001138323853137e-18,5.0014229048164204e-18,5.551579424346227e-17,2.900825284793524e-17,1917.1124964053522,2257.3723806192747,1888.9418474711872,1378.0640711466115,1323.7350123099022,903.1288531390019,112.07164822862173,-918.2888983880499,69406.50615099986,8.675813268874984e+23,4.1794717032471375e-22,3.8800279346649054e-22
3.15465e-06,198554.0,6.61848,3e+22,5361.64,-6250.77,67241.4,4.45432,4.39645,4.3601,0.00116449625,0.00019040701,0.231940324,0.0118538785,0.0119312137,0.0609681421,-4.1511914e-05,0.000223718719,-7.08604391e-06,1554.36323,-64.8977586,327.578424,249.743718,1571.26557,3.63059486,1138.29016,-1377.27898,16532.0429,14200.0,198554.391114,6.618479704,-240.0,30000 3000,1e-06,2,0.0 0.0259,0.0 0.0,-1.0 0.0,0.00054857 28.0,30000,1000,0,0.0,0.0 0.0 0.0,1000 1000000 0,0,0.0,0,100,0,,80,,1,,,10,1.0,10.0,0.1,True,{},,,False,3,mixed,250,300,True,Ar_Aubin,,False,uniform,Argon_Aubin_Model3-test/80Td,3.0000000000000005e+21,8.405175e+23,4.801365988623763e-17,2.1026882147971096e-13,2.0982419498347281e-13,4.501280614334778e-18,1.5004268714449262e-18,0.0,0.0,0.0,5.001422904816421e-19,4.001138323853137e-18,3.5009960333714946e-18,0.0,2.0005691619265684e-18,3.5009960333714946e-18,4.001138323853137e-18,1.4003984133485978e-17,5.0014229048164204e-18,0.0,1.5004268714449262e-18,4.001138323853137e-18,1.1003130390596125e-17,5.501565195298063e-18,1.3003699552522696e-17,1.5504411004930906e-17,1.2503557262041051e-17,1.0002845809632841e-17,1.1103158848692454e-16,5.0514371338645855e-17,6.151750172924198e-17,0.0,3.0008537428898524e-18,4.001138323853137e-18,4.001138323853137e-18,4.7013375305274356e-17,4.801365988623764e-17,1752.174981580483,1548.11962032615,1866.2966693867334,1572.4557604258978,1063.700784825842,936.0507977864017,123.10733917196711,143.9857070838898,69737.30526334813,8.717163157918516e+23,6.8849319177052e-22,7.1404908116484245e-22
3.17687e-06,198436.0,6.61454,3e+22,6600.86,7675.11,67402.9,4.39116,4.4174,4.39411,0.00117252593,0.000176897571,0.233495122,0.0119365725,0.0120061139,0.0617359856,-5.67728042e-05,0.000228543781,-1.48471025e-05,1901.08594,-633.424111,-235.008932,-279.76322,2020.25023,-275.13428,1110.95014,2030.71333,16396.6909,14300.0,198436.292828,6.614543094,-240.0,30000 3000,1e-06,2,0.0 0.0259,0.0 0.0,-1.0 0.0,0.00054857 28.0,30000,1000,0,0.0,0.0 0.0 0.0,1000 1000000 0,0,0.0,0,100,0,,80,,1,,,10,1.0,10.0,0.1,True,{},,,False,3,mixed,250,300,True,Ar_Aubin,,False,uniform,Argon_Aubin_Model3-test/80Td,3.0000000000000005e+21,8.425362500000002e+23,3.601024491467822e-17,2.1074545708253996e-13,2.1031333414356386e-13,3.5009960333714946e-18,3.0008537428898524e-18,1.5004268714449262e-18,0.0,5.001422904816421e-19,2.5007114524082102e-18,3.5009960333714946e-18,6.001707485779705e-18,1.5004268714449262e-18,3.0008537428898524e-18,1.5004268714449262e-18,3.0008537428898524e-18,1.500426871444926e-17,6.001707485779705e-18,2.0005691619265684e-18,2.5007114524082102e-18,4.501280614334778e-18,7.50213435722463e-18,6.001707485779705e-18,1.2503557262041051e-17,9.002561228669556e-18,5.501565195298063e-18,1.0502988100114484e-17,1.0753059245355304e-16,5.3515225081535703e-17,5.95169325673154e-17,0.0,7.001992066742989e-18,5.0014229048164204e-18,3.0008537428898524e-18,5.0014229048164204e-17,3.6010244914678226e-17,1860.7221507961044,1893.3462604897002,1685.8457698952411,2018.8925216838422,994.454409456791,658.4425413462031,51.29724423820553,-744.3590510121169,69985.82096606467,8.748227620758085e+23,5.145362934606308e-22,5.342536436069995e-22
3.19908e-06,198490.0,6.61634,3e+22,-3891.33,942.565,60116.9,4.4077,4.37819,4.42614,0.00118227935,0.000138935138,0.235105075,0.012019917,0.0120993555,0.0625453423,-6.5566489e-05,0.000235516806,-1.51570777e-05,1455.75291,-457.149213,-377.723652,398.784621,1856.13631,-243.984664,-1341.64731,694.940768,15869.6353,14400.0,198490.136907,6.616337897,-240.0,30000 3000,1e-06,2,0.0 0.0259,0.0 0.0,-1.0 0.0,0.00054857 28.0,30000,1000,0,0.0,0.0 0.0 0.0,1000 1000000 0,0,0.0,0,100,0,,80,,1,,,10,1.0,10.0,0.1,True,{},,,False,3,mixed,250,300,True,Ar_Aubin,,False,uniform,Argon_Aubin_Model3-test/80Td,3.0000000000000005e+21,7.514612500000001e+23,3.9011098657568074e-17,2.1039835833294575e-13,2.0995673269045045e-13,4.001138323853137e-18,2.0005691619265684e-18,5.001422904816421e-19,0.0,0.0,3.0008537428898524e-18,5.0014229048164204e-18,2.0005691619265684e-18,1.0002845809632842e-18,2.0005691619265684e-18,3.5009960333714946e-18,3.0008537428898524e-18,1.1003130390596125e-17,5.501565195298063e-18,1.5004268714449262e-18,3.0008537428898524e-18,3.5009960333714946e-18,6.501849776261348e-18,2.5007114524082102e-18,1.0502988100114484e-17,1.4003984133485978e-17,9.002561228669556e-18,9.5027035191512e-18,1.0853087703451633e-16,5.701622111490719e-17,6.701906692454004e-17,0.0,4.001138323853137e-18,5.0014229048164204e-18,2.5007114524082102e-18,5.601593653394391e-17,3.901109865756808e-17,1875.2679971346004,1460.3535491030354,2098.8028794254174,1856.005354601651,1236.3308945227755,1735.8470167324995,125.68632469592401,-875.574499956265,72468.50228890107,9.058562786112636e+23,5.383179923057804e-22,6.489206638660355e-22
3.2213e-06,198557.0,6.61858,3e+22,754.004,-894.296,68756.7,4.40877,4.39848,4.40302,0.00118933889,0.000135310262,0.236595197,0.0121093573,0.0121803667,0.0633060381,-7.14352521e-05,0.00024118599,-2.75787933e-05,1767.78108,-446.228814,51.3662468,359.921124,2619.23556,-651.638888,-305.451044,210.593856,17649.0805,14500.0,198557.275289,6.618575843,-240.0,30000 3000,1e-06,2,0.0 0.0259,0.0 0.0,-1.0 0.0,0.00054857 28.0,30000,1000,0,0.0,0.0 0.0 0.0,1000 1000000 0,0,0.0,0,100,0,,80,,1,,,10,1.0,10.0,0.1,True,{},,,False,3,mixed,250,300,True,Ar_Aubin,,False,uniform,Argon_Aubin_Model3-test/80Td,3.0000000000000005e+21,8.594587500000001e+23,4.801365988623763e-17,2.103823537796503e-13,2.099797392358126e-13,5.0014229048164204e-18,1.0002845809632842e-18,5.001422904816421e-19,0.0,5.001422904816421e-19,3.0008537428898524e-18,6.001707485779705e-18,1.5004268714449262e-18,0.0,1.5004268714449262e-18,3.5009960333714946e-18,2.0005691619265684e-18,9.5027035191512e-18,4.001138323853137e-18,4.501280614334778e-18,2.0005691619265684e-18,2.0005691619265684e-18,5.501565195298063e-18,3.5009960333714946e-18,1.0502988100114484e-17,1.450412642396762e-17,1.450412642396762e-17,6.001707485779705e-18,9.5027035191512e-17,5.151465591960914e-17,4.901394446720092e-17,0.0,3.0008537428898524e-18,6.001707485779705e-18,2.0005691619265684e-18,4.7013375305274356e-17,4.801365988623764e-17,2012.6026284366237,1766.8843137195845,1823.293094260609,2619.356567426066,1300.9791925335398,1381.5755184300997,100.70221208188332,-514.253539376851,67074.57271593815,8.38432158949227e+23,7.158250577245751e-22,6.983124537134219e-22
3.24352e-06,198833.0,6.62776,3e+22,-104.611,-1473.79,73829.2,4.36011,4.41792,4.44648,0.00117584654,0.00012235313,0.238224087,0.0121805626,0.0122781145,0.0641291441,-5.67180677e-05,0.00024073251,-1.45465645e-05,882.233561,215.851691,-609.16593,119.28868,1542.607,1031.12055,227.271974,70.4829049,18437.8803,14600.0,198832.741299,6.627758043,-240.0,30000 3000,1e-06,2,0.0 0.0259,0.0 0.0,-1.0 0.0,0.00054857 28.0,30000,1000,0,0.0,0.0 0.0 0.0,1000 1000000 0,0,0.0,0,100,0,,80,,1,,,10,1.0,10.0,0.1,True,{},,,False,3,mixed,250,300,True,Ar_Aubin,,False,uniform,Argon_Aubin_Model3-test/80Td,3.0000000000000005e+21,9.228650000000002e+23,3.801081407660479e-17,2.1015028775686683e-13,2.0971416367956685e-13,5.501565195298063e-18,1.5004268714449262e-18,2.0005691619265684e-18,0.0,5.001422904816421e-19,2.5007114524082102e-18,2.5007114524082102e-18,2.5007114524082102e-18,1.0002845809632842e-18,1.0002845809632842e-18,2.0005691619265684e-18,4.001138323853137e-18,1.8005122457339113e-17,7.50213435722463e-18,1.5004268714449262e-18,1.0002845809632842e-18,2.5007114524082102e-18,1.200341497155941e-17,6.001707485779705e-18,1.450412642396762e-17,1.700483787637583e-17,9.5027035191512e-18,5.501565195298063e-18,1.045297387106632e-16,5.601593653394391e-17,5.551579424346227e-17,0.0,3.0008537428898524e-18,3.5009960333714946e-18,4.501280614334778e-18,5.10145136291275e-17,3.80108140766048e-17,1603.293404940548,882.3565674823959,2200.0265255645954,1542.7873228194626,1118.0644602567493,849.9865360596013,37.064468948022515,-443.784905405811,73320.9097988375,9.165113724854689e+23,5.184171088559985e-22,5.148479744681615e-22
3.26573e-06,198100.0,6.60334,3e+22,-3225.47,-3594.35,61437.9,4.39843,4.42926,4.35739,0.00125401915,2.64911009e-05,0.239729103,0.0122398859,0.0123724152,0.0649018899,-5.73180606e-05,0.000264655328,-4.19620104e-05,2016.57724,-403.362393,219.210324,-434.238819,1888.46683,-551.166372,-629.365815,-1671.20561,16380.1498,14700.0,198100.066377,6.603335546,-240.0,30000 3000,1e-06,2,0.0 0.0259,0.0 0.0,-1.0 0.0,0.00054857 28.0,30000,1000,0,0.0,0.0 0.0 0.0,1000 1000000 0,0,0.0,0,100,0,,80,,1,,,10,1.0,10.0,0.1,True,{},,,False,3,mixed,250,300,True,Ar_Aubin,,False,uniform,Argon_Aubin_Model3-test/80Td,3.0000000000000005e+21,7.679737500000002e+23,3.1008822009861805e-17,2.105123907751755e-13,2.1006826442122783e-13,6.001707485779705e-18,2.0005691619265684e-18,0.0,0.0,0.0,2.5007114524082102e-18,6.501849776261348e-18,4.501280614334778e-18,0.0,1.0002845809632842e-18,5.001422904816421e-19,2.5007114524082102e-18,1.0502988100114484e-17,4.501280614334778e-18,3.0008537428898524e-18,2.5007114524082102e-18,2.0005691619265684e-18,1.0002845809632841e-17,5.0014229048164204e-18,1.2503557262041051e-17,1.750498016685747e-17,9.5027035191512e-18,1.1503272681077768e-17,1.1453258452029604e-16,5.751636340538883e-17,5.551579424346227e-17,0.0,5.0014229048164204e-18,8.002276647706274e-18,5.0014229048164204e-18,5.3515225081535703e-17,3.100882200986181e-17,1330.879033869054,2020.6220411477507,2122.6906969781617,1888.56204828852,1202.2605836127357,1651.697142796298,153.62422721053684,286.039235717625,67744.99345063661,8.468124181329578e+23,4.577286147714641e-22,5.047181301747261e-22
3.28795e-06,198230.0,6.60768,3e+22,2283.4,-1565.01,64077.9,4.38769,4.38853,4.41575,0.00129372958,-8.73775608e-05,0.241282483,0.0123221247,0.0124409176,0.0657124659,-4.98481846e-05,0.000288738764,-8.2848934e-05,1875.69134,1465.02589,828.925371,-279.428775,1134.6602,215.265343,380.797474,-453.611073,17452.1905,14800.0,198230.404916,6.607680164,-240.0,30000 3000,1e-06,2,0.0 0.0259,0.0 0.0,-1.0 0.0,0.00054857 28.0,30000,1000,0,0.0,0.0 0.0 0.0,1000 1000000 0,0,0.0,0,100,0,,80,,1,,,10,1.0,10.0,0.1,True,{},,,False,3,mixed,250,300,True,Ar_Aubin,,False,uniform,Argon_Aubin_Model3-test/80Td,3.0000000000000005e+21,8.009737500000001e+23,3.551010262419658e-17,2.0962663877873254e-13,2.0920651925472798e-13,5.0014229048164204e-18,2.0005691619265684e-18,2.0005691619265684e-18,0.0,0.0,2.0005691619265684e-18,2.5007114524082102e-18,4.501280614334778e-18,2.5007114524082102e-18,0.0,1.5004268714449262e-18,2.5007114524082102e-18,1.650469558589419e-17,7.50213435722463e-18,2.5007114524082102e-18,1.5004268714449262e-18,3.5009960333714946e-18,1.0002845809632841e-17,4.001138323853137e-18,7.001992066742989e-18,1.0502988100114484e-17,1.2503557262041051e-17,6.001707485779705e-18,9.952831580584678e-17,5.401536737201735e-17,5.151465591960914e-17,0.0,4.501280614334778e-18,4.501280614334778e-18,2.5007114524082102e-18,6.201764401972362e-17,3.551010262419659e-17,1848.6225586718995,1872.737237877028,1541.5865875408035,1134.5234532435725,1426.5058480486489,1991.3156825743008,565.0924149539411,575.8789486635181,69921.99280695326,8.74024910086916e+23,5.078531260148144e-22,5.541708237035949e-22
3.31016e-06,197733.0,6.59112,3e+22,2548.42,1622.25,67966.1,4.39393,4.41189,4.3501,0.0012437476,-5.21972669e-05,0.242837641,0.012402609,0.0125175143,0.0665205229,-4.58320946e-05,0.00028010298,-8.07506671e-05,1655.24031,-440.161176,-688.268432,-351.00611,474.288431,-571.637241,1042.01827,242.846859,17864.1043,14900.0,197733.49947,6.591116649,-240.0,30000 3000,1e-06,2,0.0 0.0259,0.0 0.0,-1.0 0.0,0.00054857 28.0,30000,1000,0,0.0,0.0 0.0 0.0,1000 1000000 0,0,0.0,0,100,0,,80,,1,,,10,1.0,10.0,0.1,True,{},,,False,3,mixed,250,300,True,Ar_Aubin,,False,uniform,Argon_Aubin_Model3-test/80Td,3.0000000000000005e+21,8.495762500000002e+23,3.3509533462270016e-17,2.0968065414610455e-13,2.0923652779215688e-13,8.002276647706274e-18,1.5004268714449262e-18,2.5007114524082102e-18,0.0,5.001422904816421e-19,1.5004268714449262e-18,5.501565195298063e-18,1.5004268714449262e-18,1.5004268714449262e-18,4.001138323853137e-18,3.0008537428898524e-18,1.5004268714449262e-18,1.3503841843004337e-17,6.501849776261348e-18,4.001138323853137e-18,4.501280614334778e-18,5.0014229048164204e-18,6.501849776261348e-18,6.001707485779705e-18,1.200341497155941e-17,1.450412642396762e-17,1.1503272681077768e-17,5.0014229048164204e-18,1.0052860038681005e-16,5.551579424346227e-17,5.601593653394391e-17,0.0,6.501849776261348e-18,8.002276647706274e-18,5.501565195298063e-18,5.851664798635212e-17,3.350953346227002e-17,1814.266541838569,1652.0707187412079,1724.026716978791,474.3731080162285,1241.7618957685738,1359.376908029899,67.05864761434653,-349.6351368335799,70002.02557627649,8.750253197034563e+23,4.786937690218255e-22,4.930330482736248e-22
3.33238e-06,198958.0,6.63194,3e+22,9334.84,-1498.16,72527.3,4.39441,4.39679,4.44227,0.00127237647,-6.82976945e-05,0.244445411,0.012485149,0.0126001542,0.0673594635,-4.25343771e-05,0.000287803899,-9.0345447e-05,2067.9429,-418.416263,-85.5322546,63.6166833,2441.69408,-351.016541,2040.85875,-490.227117,18907.069,15000.0,198958.267629,6.631942254,-240.0,30000 3000,1e-06,2,0.0 0.0259,0.0 0.0,-1.0 0.0,0.00054857 28.0,30000,1000,0,0.0,0.0 0.0 0.0,1000 1000000 0,0,0.0,0,100,0,,80,,1,,,10,1.0,10.0,0.1,True,{},,,False,3,mixed,250,300,True,Ar_Aubin,,False,uniform,Argon_Aubin_Model3-test/80Td,3.0000000000000005e+21,9.065912500000002e+23,3.951124094804972e-17,2.0999974492743184e-13,2.0960863365627524e-13,3.5009960333714946e-18,0.0,1.0002845809632842e-18,0.0,1.0002845809632842e-18,2.0005691619265684e-18,3.5009960333714946e-18,3.0008537428898524e-18,5.001422904816421e-19,2.5007114524082102e-18,2.5007114524082102e-18,1.5004268714449262e-18,1.4003984133485978e-17,3.5009960333714946e-18,1.0002845809632842e-18,1.0002845809632842e-18,3.0008537428898524e-18,1.3503841843004337e-17,3.5009960333714946e-18,1.1003130390596125e-17,1.1503272681077768e-17,7.001992066742989e-18,7.001992066742989e-18,9.252632373910378e-17,4.5012806143347784e-17,4.801365988623764e-17,0.0,4.001138323853137e-18,7.001992066742989e-18,3.0008537428898524e-18,5.501565195298063e-17,3.9511240948049725e-17,1856.057288048082,2056.0654692327853,1859.8832363217173,2441.591759126008,1249.1397486922267,1178.1033427796974,-58.37877252182566,-418.8143349718712,72370.23933309063,9.046279916636332e+23,5.459597938621652e-22,5.4477749686048865e-22
3.35459e-06,198546.0,6.61821,3e+22,7544.85,5365.64,58378.7,4.39708,4.4392,4.38029,0.00130126766,-5.88121546e-05,0.245914898,0.0125817536,0.0126955435,0.0681289961,-5.43735409e-05,0.00029341225,-9.57322241e-05,972.158732,359.425397,-488.199694,200.731754,2222.79021,-100.206036,1839.767,861.014521,14954.4351,15100.0,198546.375402,6.618212513,-240.0,30000 3000,1e-06,2,0.0 0.0259,0.0 0.0,-1.0 0.0,0.00054857 28.0,30000,1000,0,0.0,0.0 0.0 0.0,1000 1000000 0,0,0.0,0,100,0,,80,,1,,,10,1.0,10.0,0.1,True,{},,,False,3,mixed,250,300,True,Ar_Aubin,,False,uniform,Argon_Aubin_Model3-test/80Td,3.0000000000000005e+21,7.2973375e+23,2.9008252847935234e-17,2.1020030198591497e-13,2.097791821773295e-13,5.0014229048164204e-18,1.5004268714449262e-18,2.5007114524082102e-18,0.0,1.0002845809632842e-18,2.0005691619265684e-18,5.0014229048164204e-18,3.0008537428898524e-18,5.001422904816421e-19,2.0005691619265684e-18,4.001138323853137e-18,3.0008537428898524e-18,1.6004553295412547e-17,2.5007114524082102e-18,1.5004268714449262e-18,3.5009960333714946e-18,2.0005691619265684e-18,6.501849776261348e-18,4.501280614334778e-18,1.8005122457339113e-17,1.4003984133485978e-17,6.501849776261348e-18,7.50213435722463e-18,1.0102874267729171e-16,5.3015082791054065e-17,6.151750172924198e-17,0.0,6.001707485779705e-18,5.501565195298063e-18,3.5009960333714946e-18,4.951408675768256e-17,2.900825284793524e-17,2172.548588138435,962.340862695449,2146.897170619785,2223.105774849208,1101.7897228682525,598.2430441274009,-151.5204751425537,-579.7900265181422,66145.73346116932,8.268216682646167e+23,4.38550626473353e-22,4.968978899484784e-22
3.37681e-06,197997.0,6.59992,3e+22,11458.9,4185.07,62655.7,4.35193,4.38506,4.43968,0.0013386407,-6.33419206e-05,0.247402821,0.0126624063,0.0127841644,0.0689137012,-5.57885199e-05,0.000284283388,-8.89161335e-05,1952.67996,-507.000813,279.478522,-37.5810772,2630.97218,-1045.8026,3176.32992,1151.9738,16655.163,15200.0,197997.473382,6.599915779,-240.0,30000 3000,1e-06,2,0.0 0.0259,0.0 0.0,-1.0 0.0,0.00054857 28.0,30000,1000,0,0.0,0.0 0.0 0.0,1000 1000000 0,0,0.0,0,100,0,,80,,1,,,10,1.0,10.0,0.1,True,{},,,False,3,mixed,250,300,True,Ar_Aubin,,False,uniform,Argon_Aubin_Model3-test/80Td,3.0000000000000005e+21,7.8319625e+23,2.7507825976490312e-17,2.1019830141675307e-13,2.0976767890464842e-13,3.5009960333714946e-18,1.5004268714449262e-18,5.001422904816421e-19,0.0,5.001422904816421e-19,4.001138323853137e-18,5.0014229048164204e-18,5.0014229048164204e-18,5.001422904816421e-19,1.0002845809632842e-18,3.5009960333714946e-18,3.5009960333714946e-18,1.6004553295412547e-17,7.001992066742989e-18,5.001422904816421e-19,1.0002845809632842e-18,4.501280614334778e-18,1.1503272681077768e-17,2.5007114524082102e-18,1.500426871444926e-17,1.3503841843004337e-17,8.002276647706274e-18,1.200341497155941e-17,1.0553002329162647e-16,5.0014229048164204e-17,5.3515225081535703e-17,0.0,5.501565195298063e-18,4.001138323853137e-18,3.5009960333714946e-18,6.101735943876033e-17,2.7507825976490315e-17,1812.9816617662227,1937.34061008277,1994.5252425205722,2631.2372703716455,1140.7667389651951,1153.9660682703015,-914.266070958907,536.9707863361105,66975.58955522855,8.37194869440357e+23,4.1071420437153694e-22,4.390315003501727e-22
3.39903e-06,198062.0,6.60208,3e+22,5832.26,425.113,69215.4,4.38884,4.39889,4.38901,0.00142093341,-7.91700005e-05,0.248882079,0.0127451587,0.01286148,0.0697032381,-5.72344812e-05,0.000312897095,-0.000102828153,1791.18756,-255.120543,408.263044,-76.3999464,1132.45445,1263.8585,1331.9221,-71.0577312,18078.9561,15300.0,198062.439651,6.602081322,-240.0,30000 3000,1e-06,2,0.0 0.0259,0.0 0.0,-1.0 0.0,0.00054857 28.0,30000,1000,0,0.0,0.0 0.0 0.0,1000 1000000 0,0,0.0,0,100,0,,80,,1,,,10,1.0,10.0,0.1,True,{},,,False,3,mixed,250,300,True,Ar_Aubin,,False,uniform,Argon_Aubin_Model3-test/80Td,3.0000000000000005e+21,8.651925000000001e+23,3.150896430034345e-17,2.0930854828198622e-13,2.0890393316898662e-13,6.501849776261348e-18,2.0005691619265684e-18,1.5004268714449262e-18,0.0,5.001422904816421e-19,2.5007114524082102e-18,2.0005691619265684e-18,5.501565195298063e-18,5.001422904816421e-19,3.0008537428898524e-18,2.0005691619265684e-18,1.5004268714449262e-18,1.2503557262041051e-17,6.501849776261348e-18,1.5004268714449262e-18,1.5004268714449262e-18,5.501565195298063e-18,8.502418938187915e-18,3.5009960333714946e-18,1.2503557262041051e-17,1.500426871444926e-17,9.5027035191512e-18,7.001992066742989e-18,1.0603016558210813e-16,5.151465591960914e-17,4.601309072431107e-17,0.0,4.501280614334778e-18,3.5009960333714946e-18,5.501565195298063e-18,4.5012806143347784e-17,3.150896430034345e-17,1857.3478267376677,1782.9003069101934,1740.0452898582782,1132.4881061964225,1246.9333089316133,852.4834491834008,276.9336954188352,190.28967558494605,66585.55358999685,8.323194198749608e+23,4.73210217555014e-22,4.552305455193996e-22
3.42124e-06,198442.0,6.61474,3e+22,-1047.69,4656.88,61781.2,4.38828,4.40655,4.41282,0.00142128719,-8.44575326e-05,0.2504436,0.0128171079,0.0129350764,0.0705294226,-5.98859097e-05,0.000313887618,-0.000107118703,1758.33118,-598.632823,1119.00529,1188.40876,1403.65026,504.874652,-68.6737178,2177.13341,16424.3122,15400.0,198442.172921,6.614739097,-240.0,30000 3000,1e-06,2,0.0 0.0259,0.0 0.0,-1.0 0.0,0.00054857 28.0,30000,1000,0,0.0,0.0 0.0 0.0,1000 1000000 0,0,0.0,0,100,0,,80,,1,,,10,1.0,10.0,0.1,True,{},,,False,3,mixed,250,300,True,Ar_Aubin,,False,uniform,Argon_Aubin_Model3-test/80Td,3.0000000000000005e+21,7.722650000000001e+23,3.9011098657568074e-17,2.1008176826307083e-13,2.09669651015714e-13,6.501849776261348e-18,1.0002845809632842e-18,1.5004268714449262e-18,0.0,1.0002845809632842e-18,1.0002845809632842e-18,4.501280614334778e-18,4.001138323853137e-18,1.0002845809632842e-18,1.5004268714449262e-18,2.5007114524082102e-18,2.0005691619265684e-18,1.3003699552522696e-17,5.501565195298063e-18,2.5007114524082102e-18,4.001138323853137e-18,3.5009960333714946e-18,8.502418938187915e-18,3.0008537428898524e-18,1.500426871444926e-17,9.002561228669556e-18,1.1003130390596125e-17,9.002561228669556e-18,9.602731977247528e-17,5.0014229048164204e-17,5.0514371338645855e-17,0.0,5.501565195298063e-18,1.0502988100114484e-17,5.0014229048164204e-18,4.5012806143347784e-17,3.901109865756808e-17,1619.2950652279537,1759.820248376091,1656.3707708030313,1404.0435685944142,1046.0293393979189,951.6060596800016,-59.27719768834806,1224.909999341172,70288.44206176577,8.786055257720724e+23,5.5501441649947485e-22,6.314396395273656e-22
3.44346e-06,198556.0,6.61853,3e+22,782.142,-2943.57,68588.1,4.36592,4.39508,4.44925,0.00130894703,-5.12577338e-05,0.2520241,0.0128914852,0.0130108827,0.071382252,-6.90945529e-05,0.000299832337,-9.95418673e-05,940.927054,-513.703205,-517.148758,-17.3301148,2384.73664,324.098595,1053.00021,-470.287102,18102.8722,15500.0,198555.837366,6.618527912,-240.0,30000 3000,1e-06,2,0.0 0.0259,0.0 0.0,-1.0 0.0,0.00054857 28.0,30000,1000,0,0.0,0.0 0.0 0.0,1000 1000000 0,0,0.0,0,100,0,,80,,1,,,10,1.0,10.0,0.1,True,{},,,False,3,mixed,250,300,True,Ar_Aubin,,False,uniform,Argon_Aubin_Model3-test/80Td,3.0000000000000005e+21,8.573512500000001e+23,3.651038720515987e-17,2.107694639124831e-13,2.1034234239641178e-13,2.5007114524082102e-18,5.001422904816421e-19,2.5007114524082102e-18,0.0,5.001422904816421e-19,2.5007114524082102e-18,5.0014229048164204e-18,6.001707485779705e-18,0.0,3.0008537428898524e-18,4.501280614334778e-18,3.0008537428898524e-18,1.3003699552522696e-17,7.001992066742989e-18,1.0002845809632842e-18,2.5007114524082102e-18,4.001138323853137e-18,8.502418938187915e-18,3.0008537428898524e-18,1.1503272681077768e-17,1.200341497155941e-17,9.002561228669556e-18,9.5027035191512e-18,9.752774664392021e-17,4.951408675768256e-17,5.551579424346227e-17,0.0,6.001707485779705e-18,6.001707485779705e-18,7.50213435722463e-18,5.751636340538883e-17,3.6510387205159877e-17,1680.8685434556633,939.9032715520617,1706.2285507123,2384.5857592725183,1320.657730499321,817.0180267900032,540.639916188899,248.9546285894569,71142.74010956049,8.892842513695062e+23,5.1319905796337805e-22,5.323137279668028e-22
3.46567e-06,198412.0,6.61372,3e+22,-1416.27,2831.02,67474.8,4.41965,4.39422,4.38764,0.00131698377,5.60469545e-05,0.253539911,0.012968369,0.0131085306,0.0722038288,-5.65820311e-05,0.000307172201,-6.33968797e-05,460.326953,1326.50504,-964.613526,-169.962589,2599.8533,-1067.88296,251.707921,1236.11217,18240.325,15600.0,198411.749644,6.613724988,-240.0,30000 3000,1e-06,2,0.0 0.0259,0.0 0.0,-1.0 0.0,0.00054857 28.0,30000,1000,0,0.0,0.0 0.0 0.0,1000 1000000 0,0,0.0,0,100,0,,80,,1,,,10,1.0,10.0,0.1,True,{},,,False,3,mixed,250,300,True,Ar_Aubin,,False,uniform,Argon_Aubin_Model3-test/80Td,3.0000000000000005e+21,8.434350000000003e+23,3.1008822009861805e-17,2.1031283400127333e-13,2.098932146195593e-13,3.0008537428898524e-18,1.0002845809632842e-18,1.5004268714449262e-18,0.0,1.0002845809632842e-18,4.001138323853137e-18,5.0014229048164204e-18,4.501280614334778e-18,1.0002845809632842e-18,1.0002845809632842e-18,3.5009960333714946e-18,8.002276647706274e-18,1.650469558589419e-17,7.50213435722463e-18,2.0005691619265684e-18,5.001422904816421e-19,3.5009960333714946e-18,6.001707485779705e-18,3.0008537428898524e-18,1.500426871444926e-17,1.2503557262041051e-17,8.002276647706274e-18,8.002276647706274e-18,9.702760435343855e-17,5.0514371338645855e-17,4.7513517595756e-17,0.0,1.0002845809632841e-17,7.001992066742989e-18,4.501280614334778e-18,5.601593653394391e-17,3.100882200986181e-17,1729.9028190823503,462.1921576039379,2197.6914303306335,2599.694629950872,1243.1931842073811,1132.7702132572012,149.35759294822373,-442.6878517320259,68230.90669295566,8.528863336619459e+23,4.544688545530239e-22,4.595615253377824e-22
3.48789e-06,197941.0,6.59804,3e+22,8128.87,1848.58,66874.6,4.41192,4.3405,4.41784,0.00134405308,0.000132194749,0.2550642,0.0130582472,0.0132120563,0.0730273058,-5.69878585e-05,0.000325066248,-3.66830635e-05,2108.08513,-1042.1281,1017.34665,-205.641826,1158.02668,-160.490583,1234.21111,26.807584,17470.0668,15700.0,197941.143404,6.598038113,-240.0,30000 3000,1e-06,2,0.0 0.0259,0.0 0.0,-1.0 0.0,0.00054857 28.0,30000,1000,0,0.0,0.0 0.0 0.0,1000 1000000 0,0,0.0,0,100,0,,80,,1,,,10,1.0,10.0,0.1,True,{},,,False,3,mixed,250,300,True,Ar_Aubin,,False,uniform,Argon_Aubin_Model3-test/80Td,3.0000000000000005e+21,8.359325000000003e+23,3.7510671786123153e-17,2.1002475204195594e-13,2.0958712753778452e-13,8.502418938187915e-18,1.0002845809632842e-18,0.0,0.0,2.5007114524082102e-18,2.0005691619265684e-18,3.0008537428898524e-18,5.501565195298063e-18,5.001422904816421e-19,2.0005691619265684e-18,4.501280614334778e-18,3.0008537428898524e-18,1.2503557262041051e-17,4.501280614334778e-18,1.5004268714449262e-18,1.0002845809632842e-18,4.001138323853137e-18,1.2503557262041051e-17,3.5009960333714946e-18,1.4003984133485978e-17,1.200341497155941e-17,1.1003130390596125e-17,4.001138323853137e-18,1.1103158848692454e-16,5.3015082791054065e-17,6.30179286006869e-17,0.0,7.001992066742989e-18,5.0014229048164204e-18,3.5009960333714946e-18,4.4512663852866145e-17,3.751067178612316e-17,2021.2138056208296,2097.1594972395806,2329.668521406871,1157.7823074308935,1085.1990747149516,412.750450679996,404.3127321651832,88.29102444223145,68612.52526343799,8.57656565792975e+23,5.467029764915491e-22,5.609105966409242e-22
3.51011e-06,198556.0,6.61853,3e+22,3112.4,-784.605,66992.8,4.40006,4.37002,4.4414,0.00138861182,8.2942697e-05,0.256703926,0.0131303868,0.013285452,0.0739138138,-4.50697642e-05,0.000346238871,-4.81460456e-05,579.709427,812.180307,299.587766,462.050991,1771.74069,366.084382,757.062876,-783.416191,18575.9313,15800.0,198555.877006,6.618529234,-240.0,30000 3000,1e-06,2,0.0 0.0259,0.0 0.0,-1.0 0.0,0.00054857 28.0,30000,1000,0,0.0,0.0 0.0 0.0,1000 1000000 0,0,0.0,0,100,0,,80,,1,,,10,1.0,10.0,0.1,True,{},,,False,3,mixed,250,300,True,Ar_Aubin,,False,uniform,Argon_Aubin_Model3-test/80Td,3.0000000000000005e+21,8.374100000000001e+23,3.200910659082509e-17,2.102698217642919e-13,2.0984320039051114e-13,5.501565195298063e-18,3.0008537428898524e-18,2.0005691619265684e-18,0.0,5.001422904816421e-19,3.5009960333714946e-18,4.001138323853137e-18,4.001138323853137e-18,1.0002845809632842e-18,2.0005691619265684e-18,2.0005691619265684e-18,2.5007114524082102e-18,7.50213435722463e-18,3.0008537428898524e-18,3.5009960333714946e-18,2.0005691619265684e-18,3.5009960333714946e-18,6.501849776261348e-18,1.5004268714449262e-18,1.1503272681077768e-17,1.200341497155941e-17,1.0502988100114484e-17,1.1003130390596125e-17,9.5027035191512e-17,5.801650569587048e-17,5.901679027683377e-17,0.0,7.50213435722463e-18,5.501565195298063e-18,4.001138323853137e-18,6.30179286006869e-17,3.2009106590825094e-17,1620.8624430073678,575.387511571432,1652.1116848895983,1771.8057672547798,1065.6443769219059,1378.6165262671966,338.9617671906448,164.6583487827039,73808.66856620745,9.226083570775932e+23,4.336767918000371e-22,4.777992051507787e-22
3.53232e-06,198411.0,6.61371,3e+22,1821.73,-8374.42,64863.3,4.41871,4.4033,4.38108,0.00150560895,6.47045182e-05,0.258289522,0.0132179064,0.0133898669,0.0747772706,-4.30526755e-05,0.000371091951,-5.68278265e-05,2471.26248,665.609141,-100.592452,-738.27498,1509.33713,1151.16986,467.4421,-2652.98436,17657.6369,15900.0,198411.387549,6.613712918,-240.0,30000 3000,1e-06,2,0.0 0.0259,0.0 0.0,-1.0 0.0,0.00054857 28.0,30000,1000,0,0.0,0.0 0.0 0.0,1000 1000000 0,0,0.0,0,100,0,,80,,1,,,10,1.0,10.0,0.1,True,{},,,False,3,mixed,250,300,True,Ar_Aubin,,False,uniform,Argon_Aubin_Model3-test/80Td,3.0000000000000005e+21,8.107912500000002e+23,4.0511525529013e-17,2.1047738081484184e-13,2.1004075659525136e-13,5.501565195298063e-18,1.5004268714449262e-18,0.0,0.0,5.001422904816421e-19,3.5009960333714946e-18,5.501565195298063e-18,3.5009960333714946e-18,1.5004268714449262e-18,4.501280614334778e-18,5.501565195298063e-18,4.001138323853137e-18,1.500426871444926e-17,5.0014229048164204e-18,1.5004268714449262e-18,0.0,3.0008537428898524e-18,1.500426871444926e-17,2.5007114524082102e-18,1.90054070383024e-17,1.1503272681077768e-17,7.001992066742989e-18,7.001992066742989e-18,1.0603016558210813e-16,4.151181010997629e-17,5.151465591960914e-17,0.0,3.5009960333714946e-18,9.5027035191512e-18,4.001138323853137e-18,5.801650569587048e-17,4.051152552901301e-17,1962.1303768094995,2468.5196670075165,2350.0644316978082,1509.8789928113044,1055.2183081714597,904.1261476574,-340.64927058622635,-201.342887919595,71372.12536966619,8.921515671208274e+23,5.676099081985693e-22,6.2456775293599e-22
3.55454e-06,198639.0,6.6213,3e+22,660.423,4813.27,73556.2,4.38638,4.38936,4.43596,0.00151931566,2.83975175e-05,0.259908847,0.0133060352,0.0134654314,0.0756700564,-4.4169451e-05,0.000374831763,-5.32577853e-05,1597.85473,-295.588544,192.879811,345.414771,2178.95245,-749.965021,-198.968872,1563.70905,20604.9881,16000.0,198638.998042,6.621299935,-240.0,30000 3000,1e-06,2,0.0 0.0259,0.0 0.0,-1.0 0.0,0.00054857 28.0,30000,1000,0,0.0,0.0 0.0 0.0,1000 1000000 0,0,0.0,0,100,0,,80,,1,,,10,1.0,10.0,0.1,True,{},,,False,3,mixed,250,300,True,Ar_Aubin,,False,uniform,Argon_Aubin_Model3-test/80Td,3.0000000000000005e+21,9.194525000000003e+23,3.7510671786123153e-17,2.0978968516542954e-13,2.0935506151500107e-13,5.501565195298063e-18,2.5007114524082102e-18,1.0002845809632842e-18,0.0,5.001422904816421e-19,3.0008537428898524e-18,4.501280614334778e-18,7.50213435722463e-18,5.001422904816421e-19,2.5007114524082102e-18,3.0008537428898524e-18,3.0008537428898524e-18,1.200341497155941e-17,7.001992066742989e-18,1.5004268714449262e-18,1.5004268714449262e-18,4.001138323853137e-18,7.50213435722463e-18,4.001138323853137e-18,1.2503557262041051e-17,1.450412642396762e-17,9.5027035191512e-18,7.001992066742989e-18,9.752774664392021e-17,5.701622111490719e-17,5.751636340538883e-17,0.0,3.5009960333714946e-18,7.50213435722463e-18,4.001138323853137e-18,5.551579424346227e-17,3.751067178612316e-17,1982.529139841242,1596.8513389938757,1700.7611723061918,2178.815765080943,1207.5636395344802,1487.0809682986,-101.76285476717463,-289.493928012373,72890.36230807686,9.11129528850961e+23,5.146177162294975e-22,5.099593479016474e-22
3.57675e-06,198737.0,6.62458,3e+22,11716.2,9355.52,66439.5,4.39832,4.428,4.39646,0.00157720571,9.21173494e-05,0.261471893,0.0133762622,0.0135602284,0.0765370751,-4.33877639e-05,0.000393057224,-4.02281393e-05,2068.45105,-1331.68817,373.579842,-52.0021521,2484.83105,-126.057078,2918.48577,2314.04872,18089.1152,16100.0,198737.437748,6.624581258,-240.0,30000 3000,1e-06,2,0.0 0.0259,0.0 0.0,-1.0 0.0,0.00054857 28.0,30000,1000,0,0.0,0.0 0.0 0.0,1000 1000000 0,0,0.0,0,100,0,,80,,1,,,10,1.0,10.0,0.1,True,{},,,False,3,mixed,250,300,True,Ar_Aubin,,False,uniform,Argon_Aubin_Model3-test/80Td,3.0000000000000005e+21,8.304937500000002e+23,3.701052949564151e-17,2.1040185932897907e-13,2.099747378129078e-13,5.501565195298063e-18,1.5004268714449262e-18,2.5007114524082102e-18,0.0,1.0002845809632842e-18,1.5004268714449262e-18,3.0008537428898524e-18,4.001138323853137e-18,1.0002845809632842e-18,2.0005691619265684e-18,2.0005691619265684e-18,5.0014229048164204e-18,1.0002845809632841e-17,5.0014229048164204e-18,1.5004268714449262e-18,1.5004268714449262e-18,3.0008537428898524e-18,8.502418938187915e-18,1.5004268714449262e-18,1.8005122457339113e-17,1.650469558589419e-17,9.5027035191512e-18,9.002561228669556e-18,1.095311616154796e-16,5.751636340538883e-17,5.3515225081535703e-17,0.0,3.0008537428898524e-18,3.5009960333714946e-18,3.0008537428898524e-18,4.7013375305274356e-17,3.7010529495641515e-17,1576.5227207330372,2049.9721924604983,2133.366661106276,2483.969244295341,1172.0573973136861,717.0533650264988,32.14273450704199,123.81986046385464,70357.08659113574,8.794635823891969e+23,5.26038403362547e-22,5.570561111333094e-22
3.59897e-06,198193.0,6.60643,3e+22,-502.456,-5687.86,58806.3,4.39152,4.35867,4.44281,0.00166162406,5.13727754e-05,0.262891364,0.0134684802,0.0136403217,0.0773398322,-3.54158241e-05,0.000420020269,-4.51613819e-05,2101.01458,238.157757,-569.15509,24.5328178,1809.14387,182.2819,277.34171,-1154.52513,16923.5765,16200.0,198192.764396,6.60642548,-240.0,30000 3000,1e-06,2,0.0 0.0259,0.0 0.0,-1.0 0.0,0.00054857 28.0,30000,1000,0,0.0,0.0 0.0 0.0,1000 1000000 0,0,0.0,0,100,0,,80,,1,,,10,1.0,10.0,0.1,True,{},,,False,3,mixed,250,300,True,Ar_Aubin,,False,uniform,Argon_Aubin_Model3-test/80Td,3.0000000000000005e+21,7.350787500000001e+23,3.45098180432333e-17,2.0994823027151222e-13,2.0954161458935067e-13,7.50213435722463e-18,2.0005691619265684e-18,0.0,0.0,0.0,5.0014229048164204e-18,5.0014229048164204e-18,1.5004268714449262e-18,5.001422904816421e-19,4.501280614334778e-18,4.501280614334778e-18,6.501849776261348e-18,1.6004553295412547e-17,4.501280614334778e-18,1.0002845809632842e-18,4.501280614334778e-18,7.001992066742989e-18,8.502418938187915e-18,3.5009960333714946e-18,8.502418938187915e-18,8.002276647706274e-18,1.1003130390596125e-17,7.001992066742989e-18,9.15260391581405e-17,4.40125215623845e-17,5.0014229048164204e-17,0.0,4.001138323853137e-18,6.001707485779705e-18,5.501565195298063e-18,5.4515509662498986e-17,3.4509818043233305e-17,2069.3418527920467,2101.849472978691,1802.7436755658418,1809.4360711542868,1315.2441094653555,1463.9080812067969,113.94505986663427,-257.435999769594,63894.37294910427,7.986796618638035e+23,5.401073122780696e-22,5.868387918170892e-22
3.62118e-06,199010.0,6.63367,3e+22,5428.28,-928.914,64513.2,4.43068,4.37559,4.43724,0.0016900177,0.000106143553,0.264417876,0.0135659996,0.0137174538,0.0782035344,-3.04735962e-05,0.000419912186,-2.37160934e-05,2217.76567,-184.838917,719.035271,1073.91057,2423.23478,993.244256,934.566726,-303.156497,18388.3818,16300.0,199010.214855,6.633673828,-240.0,30000 3000,1e-06,2,0.0 0.0259,0.0 0.0,-1.0 0.0,0.00054857 28.0,30000,1000,0,0.0,0.0 0.0 0.0,1000 1000000 0,0,0.0,0,100,0,,80,,1,,,10,1.0,10.0,0.1,True,{},,,False,3,mixed,250,300,True,Ar_Aubin,,False,uniform,Argon_Aubin_Model3-test/80Td,3.0000000000000005e+21,8.064150000000002e+23,3.701052949564151e-17,2.105784095575191e-13,2.1019129942468635e-13,2.5007114524082102e-18,2.0005691619265684e-18,1.5004268714449262e-18,0.0,0.0,2.5007114524082102e-18,3.5009960333714946e-18,3.0008537428898524e-18,0.0,2.0005691619265684e-18,5.0014229048164204e-18,2.0005691619265684e-18,9.5027035191512e-18,2.5007114524082102e-18,5.001422904816421e-19,4.001138323853137e-18,4.501280614334778e-18,7.50213435722463e-18,4.001138323853137e-18,1.500426871444926e-17,1.1503272681077768e-17,6.001707485779705e-18,5.501565195298063e-18,9.5027035191512e-17,4.7013375305274356e-17,5.501565195298063e-17,0.0,3.0008537428898524e-18,7.50213435722463e-18,5.0014229048164204e-18,4.301223698142122e-17,3.7010529495641515e-17,2192.6690948927744,2208.5917807194437,1735.771963058204,2423.333378232391,1322.438375873375,1329.9384820367995,-456.9861247029093,109.23927918308004,68712.5887314932,8.589073591436653e+23,5.386280764397745e-22,5.736892526745148e-22
3.6434e-06,199020.0,6.63399,3e+22,-1668.87,2367.5,64979.9,4.42442,4.42405,4.39545,0.00166870732,0.000154077971,0.265955438,0.0136469252,0.0137981011,0.0790769715,-3.11229548e-05,0.00041528488,-1.61704757e-05,2085.26547,-949.555641,-583.65124,-696.376823,452.961783,-257.137766,-913.76645,611.630907,18505.1571,16400.0,199019.578505,6.63398595,-240.0,30000 3000,1e-06,2,0.0 0.0259,0.0 0.0,-1.0 0.0,0.00054857 28.0,30000,1000,0,0.0,0.0 0.0 0.0,1000 1000000 0,0,0.0,0,100,0,,80,,1,,,10,1.0,10.0,0.1,True,{},,,False,3,mixed,250,300,True,Ar_Aubin,,False,uniform,Argon_Aubin_Model3-test/80Td,3.0000000000000005e+21,8.122487500000002e+23,4.0011383238531363e-17,2.1082347927985512e-13,2.1040486018272202e-13,3.5009960333714946e-18,1.0002845809632842e-18,5.001422904816421e-19,0.0,5.001422904816421e-19,5.0014229048164204e-18,7.001992066742989e-18,4.001138323853137e-18,5.001422904816421e-19,1.5004268714449262e-18,3.5009960333714946e-18,3.5009960333714946e-18,1.750498016685747e-17,5.0014229048164204e-18,1.5004268714449262e-18,1.5004268714449262e-18,3.0008537428898524e-18,6.501849776261348e-18,5.501565195298063e-18,1.3003699552522696e-17,1.0502988100114484e-17,8.002276647706274e-18,8.002276647706274e-18,1.0002845809632841e-16,4.901394446720092e-17,4.951408675768256e-17,0.0,4.001138323853137e-18,5.501565195298063e-18,5.501565195298063e-18,5.4515509662498986e-17,4.0011383238531363e-17,1822.9550841174641,2088.050325585128,1814.7999053087237,452.59700340365754,1304.364139637219,1223.3993343038019,-70.13902421242979,-1162.0050729678082,69209.98023937776,8.651247529922222e+23,5.781158020872611e-22,6.157501510241069e-22
3.66562e-06,199254.0,6.64181,3e+22,-3754.22,-4274.46,67342.9,4.37926,4.42976,4.44864,0.00173742824,0.000145142672,0.267522716,0.0137347011,0.0138735177,0.0799539831,-3.36556563e-05,0.000440061654,-1.10606772e-05,1137.38301,312.581724,92.9962814,350.005367,2475.89068,-791.852062,-415.992601,-1246.98639,19413.2291,16500.0,199254.34941,6.641811647,-240.0,30000 3000,1e-06,2,0.0 0.0259,0.0 0.0,-1.0 0.0,0.00054857 28.0,30000,1000,0,0.0,0.0 0.0 0.0,1000 1000000 0,0,0.0,0,100,0,,80,,1,,,10,1.0,10.0,0.1,True,{},,,False,3,mixed,250,300,True,Ar_Aubin,,False,uniform,Argon_Aubin_Model3-test/80Td,3.0000000000000005e+21,8.417862500000002e+23,3.551010262419658e-17,2.1053989860115203e-13,2.10119278934857e-13,4.001138323853137e-18,1.5004268714449262e-18,1.0002845809632842e-18,0.0,0.0,2.0005691619265684e-18,3.5009960333714946e-18,5.0014229048164204e-18,0.0,1.5004268714449262e-18,3.0008537428898524e-18,3.5009960333714946e-18,1.3503841843004337e-17,6.001707485779705e-18,2.0005691619265684e-18,3.0008537428898524e-18,4.001138323853137e-18,6.001707485779705e-18,4.501280614334778e-18,1.450412642396762e-17,1.450412642396762e-17,9.5027035191512e-18,7.50213435722463e-18,1.0903101932499797e-16,5.201479821009078e-17,4.5012806143347784e-17,0.0,5.501565195298063e-18,6.001707485779705e-18,1.5004268714449262e-18,5.601593653394391e-17,3.551010262419659e-17,1970.2516492843608,1143.9056978471729,1697.4165715976405,2476.5110865457573,920.5799844972421,1397.4735886836024,170.01510470007062,564.339355038024,70547.58078673406,8.818447598341759e+23,5.033496858176317e-22,5.273028429752295e-22
3.68783e-06,198263.0,6.60876,3e+22,6928.47,1139.48,68555.4,4.37723,4.42999,4.3833,0.00172377414,0.000116201014,0.269009308,0.0138030159,0.0139704963,0.0808134082,-3.59060128e-05,0.000431848127,-1.55650566e-05,1682.74232,-1059.53343,372.732631,-1185.11641,2440.93026,-479.42201,1409.52963,729.987586,19586.0984,16600.0,198262.827933,6.608760931,-240.0,30000 3000,1e-06,2,0.0 0.0259,0.0 0.0,-1.0 0.0,0.00054857 28.0,30000,1000,0,0.0,0.0 0.0 0.0,1000 1000000 0,0,0.0,0,100,0,,80,,1,,,10,1.0,10.0,0.1,True,{},,,False,3,mixed,250,300,True,Ar_Aubin,,False,uniform,Argon_Aubin_Model3-test/80Td,3.0000000000000005e+21,8.569425e+23,3.951124094804972e-17,2.1136713394960866e-13,2.1092050688420856e-13,4.501280614334778e-18,2.0005691619265684e-18,3.5009960333714946e-18,0.0,0.0,1.0002845809632842e-18,5.0014229048164204e-18,3.5009960333714946e-18,1.0002845809632842e-18,2.0005691619265684e-18,1.5004268714449262e-18,2.0005691619265684e-18,1.1003130390596125e-17,7.001992066742989e-18,3.5009960333714946e-18,1.5004268714449262e-18,4.001138323853137e-18,9.5027035191512e-18,7.001992066742989e-18,9.5027035191512e-18,1.950554932878404e-17,1.1003130390596125e-17,9.5027035191512e-18,1.080307347440347e-16,5.551579424346227e-17,5.901679027683377e-17,0.0,4.501280614334778e-18,6.501849776261348e-18,2.0005691619265684e-18,5.251494050057242e-17,3.9511240948049725e-17,1538.5840682442886,1670.7992025842343,2182.809693048219,2440.7978512685672,1391.3657645602714,1144.0576863368005,-320.63944876396266,-199.73468487611603,66915.67751025206,8.364459688781509e+23,5.90463138357917e-22,5.76340316708089e-22
3.71005e-06,198511.0,6.61703,3e+22,-1435.77,1936.7,67156.6,4.40633,4.39773,4.40431,0.00173456719,0.000121262512,0.270567968,0.0138800976,0.0140747486,0.0817080416,-4.13901856e-05,0.00043404895,-2.27183568e-05,2295.42639,388.525117,-922.07895,86.3384794,2103.66042,235.403198,-310.454259,-305.843996,19038.18,16700.0,198510.799948,6.617026665,-240.0,30000 3000,1e-06,2,0.0 0.0259,0.0 0.0,-1.0 0.0,0.00054857 28.0,30000,1000,0,0.0,0.0 0.0 0.0,1000 1000000 0,0,0.0,0,100,0,,80,,1,,,10,1.0,10.0,0.1,True,{},,,False,3,mixed,250,300,True,Ar_Aubin,,False,uniform,Argon_Aubin_Model3-test/80Td,3.0000000000000005e+21,8.394575000000003e+23,3.4009675752751654e-17,2.1020380298194834e-13,2.0978768459626764e-13,6.501849776261348e-18,2.0005691619265684e-18,0.0,0.0,5.001422904816421e-19,2.5007114524082102e-18,6.001707485779705e-18,6.501849776261348e-18,2.0005691619265684e-18,4.001138323853137e-18,4.001138323853137e-18,2.5007114524082102e-18,1.200341497155941e-17,4.001138323853137e-18,2.0005691619265684e-18,1.5004268714449262e-18,7.001992066742989e-18,7.50213435722463e-18,5.0014229048164204e-18,1.3503841843004337e-17,1.500426871444926e-17,8.002276647706274e-18,5.501565195298063e-18,1.0703045016307141e-16,4.4512663852866145e-17,4.5012806143347784e-17,0.0,5.501565195298063e-18,7.50213435722463e-18,3.5009960333714946e-18,5.151465591960914e-17,3.400967575275166e-17,1733.991734503432,2297.9168295343866,2346.317234026977,2103.4255708930095,1206.7006736130627,867.7552002111988,-153.3229987565111,-960.5474725365941,70159.66042338999,8.76995755292375e+23,4.847468694619485e-22,5.064234305005264e-22
3.73226e-06,198283.0,6.60943,3e+22,-4659.33,11038.5,68428.0,4.37345,4.45313,4.36484,0.00175491347,0.000151646939,0.272108864,0.0139450533,0.0141432956,0.0825991315,-4.89471579e-05,0.000448071701,-1.13794777e-05,784.88255,621.664486,-809.454878,-757.458724,970.798366,626.493337,-650.03109,3492.51655,19640.8289,16800.0,198282.909698,6.609430323,-240.0,30000 3000,1e-06,2,0.0 0.0259,0.0 0.0,-1.0 0.0,0.00054857 28.0,30000,1000,0,0.0,0.0 0.0 0.0,1000 1000000 0,0,0.0,0,100,0,,80,,1,,,10,1.0,10.0,0.1,True,{},,,False,3,mixed,250,300,True,Ar_Aubin,,False,uniform,Argon_Aubin_Model3-test/80Td,3.0000000000000005e+21,8.553500000000002e+23,4.1011667819494646e-17,2.1022080781982474e-13,2.0979218587688202e-13,7.001992066742989e-18,2.5007114524082102e-18,1.0002845809632842e-18,0.0,1.0002845809632842e-18,1.5004268714449262e-18,4.001138323853137e-18,5.501565195298063e-18,1.0002845809632842e-18,3.0008537428898524e-18,2.0005691619265684e-18,2.5007114524082102e-18,1.2503557262041051e-17,3.5009960333714946e-18,2.0005691619265684e-18,3.0008537428898524e-18,3.5009960333714946e-18,1.0002845809632841e-17,3.5009960333714946e-18,1.450412642396762e-17,1.2503557262041051e-17,8.502418938187915e-18,6.501849776261348e-18,9.052575457717721e-17,6.151750172924198e-17,5.3015082791054065e-17,0.0,6.001707485779705e-18,7.001992066742989e-18,2.5007114524082102e-18,5.601593653394391e-17,4.1011667819494646e-17,1460.3212575100576,793.0592709781752,1542.5597838194042,969.1244112638485,1235.1815654223822,1020.9635542079996,261.68465908524183,-311.72619362404,69360.05293506065,8.670006616882582e+23,5.9128657035328985e-22,5.993404427938073e-22
3.75448e-06,198267.0,6.60889,3e+22,-3626.31,1903.08,70023.0,4.39379,4.39531,4.40072,0.00170852081,0.000119539753,0.273682508,0.0140198925,0.0142274228,0.083518085,-5.53692725e-05,0.000440214515,-2.69366915e-05,2130.9922,-744.389675,711.380596,-704.266243,2356.98784,-178.573871,-1308.51359,129.230291,21131.3382,16900.0,198266.80434,6.608893478,-240.0,30000 3000,1e-06,2,0.0 0.0259,0.0 0.0,-1.0 0.0,0.00054857 28.0,30000,1000,0,0.0,0.0 0.0 0.0,1000 1000000 0,0,0.0,0,100,0,,80,,1,,,10,1.0,10.0,0.1,True,{},,,False,3,mixed,250,300,True,Ar_Aubin,,False,uniform,Argon_Aubin_Model3-test/80Td,3.0000000000000005e+21,8.752875000000001e+23,3.4009675752751654e-17,2.1029432873652556e-13,2.098602052283875e-13,5.501565195298063e-18,3.5009960333714946e-18,5.001422904816421e-19,0.0,0.0,3.0008537428898524e-18,6.501849776261348e-18,3.0008537428898524e-18,1.0002845809632842e-18,1.0002845809632842e-18,3.5009960333714946e-18,3.0008537428898524e-18,1.200341497155941e-17,9.002561228669556e-18,1.5004268714449262e-18,3.5009960333714946e-18,5.0014229048164204e-18,1.0502988100114484e-17,3.0008537428898524e-18,7.50213435722463e-18,1.3503841843004337e-17,6.501849776261348e-18,1.0002845809632841e-17,1.1403244222981438e-16,5.151465591960914e-17,5.601593653394391e-17,0.0,4.501280614334778e-18,6.501849776261348e-18,2.0005691619265684e-18,5.3015082791054065e-17,3.400967575275166e-17,1687.9774829960897,2137.1878260985113,1893.5966366782513,2356.7603462868606,1352.0087459979034,1967.2679423160007,93.53951399703216,275.68886890684996,70834.13231064171,8.854266538830216e+23,4.801311831364417e-22,4.856929259350735e-22
3.7767e-06,198339.0,6.61129,3e+22,-483.486,-7319.12,59311.9,4.40312,4.39636,4.40279,0.0016662005,0.000120221379,0.275223424,0.0141234925,0.014313689,0.0844340432,-6.41676305e-05,0.00041535273,-1.59384731e-05,2409.65936,535.478543,-1600.9944,509.386999,595.257036,-390.48544,-20.7195044,-1958.75689,17966.0206,17000.0,198338.702251,6.611290075,-240.0,30000 3000,1e-06,2,0.0 0.0259,0.0 0.0,-1.0 0.0,0.00054857 28.0,30000,1000,0,0.0,0.0 0.0 0.0,1000 1000000 0,0,0.0,0,100,0,,80,,1,,,10,1.0,10.0,0.1,True,{},,,False,3,mixed,250,300,True,Ar_Aubin,,False,uniform,Argon_Aubin_Model3-test/80Td,3.0000000000000005e+21,7.413987500000001e+23,3.701052949564151e-17,2.09955232263579e-13,2.095361130241554e-13,5.0014229048164204e-18,1.0002845809632842e-18,2.5007114524082102e-18,0.0,0.0,2.0005691619265684e-18,3.5009960333714946e-18,3.0008537428898524e-18,1.5004268714449262e-18,4.001138323853137e-18,2.5007114524082102e-18,4.501280614334778e-18,1.3003699552522696e-17,5.0014229048164204e-18,5.001422904816421e-19,1.5004268714449262e-18,4.001138323853137e-18,7.001992066742989e-18,2.5007114524082102e-18,9.002561228669556e-18,1.1503272681077768e-17,1.1503272681077768e-17,5.0014229048164204e-18,1.0553002329162647e-16,5.10145136291275e-17,5.501565195298063e-17,0.0,6.501849776261348e-18,5.0014229048164204e-18,6.001707485779705e-18,5.3015082791054065e-17,3.7010529495641515e-17,2334.8777058773608,2410.4649446149433,1941.5381904982034,596.1369506994664,1578.6051180975599,1641.9963980543998,-713.3148524039365,-1587.472749459886,69360.95319118304,8.670119148897883e+23,5.335931499330401e-22,6.239983796783025e-22
3.79891e-06,197899.0,6.59662,3e+22,-947.25,-3365.0,64954.7,4.42627,4.31169,4.43122,0.00163900834,8.3345014e-05,0.276660055,0.01422304,0.0143989262,0.0852728269,-5.66000068e-05,0.000411366923,-2.04441537e-05,2695.37698,-65.3856342,873.193787,1145.1753,1609.09013,-1471.76772,-128.599104,-827.008397,19717.5287,17100.0,197898.691603,6.596623053,-240.0,30000 3000,1e-06,2,0.0 0.0259,0.0 0.0,-1.0 0.0,0.00054857 28.0,30000,1000,0,0.0,0.0 0.0 0.0,1000 1000000 0,0,0.0,0,100,0,,80,,1,,,10,1.0,10.0,0.1,True,{},,,False,3,mixed,250,300,True,Ar_Aubin,,False,uniform,Argon_Aubin_Model3-test/80Td,3.0000000000000005e+21,8.119337500000002e+23,4.0011383238531363e-17,2.097661784777769e-13,2.093585625110344e-13,3.0008537428898524e-18,0.0,1.5004268714449262e-18,0.0,1.5004268714449262e-18,2.0005691619265684e-18,5.0014229048164204e-18,5.501565195298063e-18,5.001422904816421e-19,4.001138323853137e-18,2.0005691619265684e-18,2.0005691619265684e-18,1.1503272681077768e-17,7.50213435722463e-18,1.5004268714449262e-18,3.5009960333714946e-18,3.5009960333714946e-18,7.50213435722463e-18,5.0014229048164204e-18,1.2503557262041051e-17,1.6004553295412547e-17,1.0002845809632841e-17,5.501565195298063e-18,9.002561228669557e-17,5.0514371338645855e-17,5.10145136291275e-17,0.0,3.5009960333714946e-18,8.002276647706274e-18,4.501280614334778e-18,4.901394446720092e-17,4.0011383238531363e-17,2242.4789400296886,2696.929530650065,1918.5517307111563,1609.3705859721101,1033.736775929453,1747.1578254915003,51.4704419201255,900.1996250765521,64666.792702524835,8.083349087815606e+23,6.1873152457999e-22,6.159890391077376e-22
3.82113e-06,197462.0,6.58207,3e+22,2995.72,572.774,69836.9,4.37704,4.35343,4.40588,0.001698585,2.75203298e-05,0.278154796,0.0143060238,0.0144901928,0.0861459428,-5.51993096e-05,0.000439399025,-4.80650623e-05,1215.29921,-712.383295,327.335731,-7.85695267,1634.75221,249.126631,416.838457,725.828814,20161.5681,17200.0,197461.99168,6.582066389,-240.0,30000 3000,1e-06,2,0.0 0.0259,0.0 0.0,-1.0 0.0,0.00054857 28.0,30000,1000,0,0.0,0.0 0.0 0.0,1000 1000000 0,0,0.0,0,100,0,,80,,1,,,10,1.0,10.0,0.1,True,{},,,False,3,mixed,250,300,True,Ar_Aubin,,False,uniform,Argon_Aubin_Model3-test/80Td,3.0000000000000005e+21,8.729612500000001e+23,3.150896430034345e-17,2.0949210050259295e-13,2.0906397870194073e-13,5.0014229048164204e-18,2.0005691619265684e-18,2.0005691619265684e-18,0.0,1.0002845809632842e-18,3.0008537428898524e-18,3.0008537428898524e-18,3.5009960333714946e-18,1.0002845809632842e-18,2.0005691619265684e-18,1.5004268714449262e-18,4.501280614334778e-18,1.450412642396762e-17,4.001138323853137e-18,2.0005691619265684e-18,6.001707485779705e-18,4.501280614334778e-18,6.501849776261348e-18,1.5004268714449262e-18,1.500426871444926e-17,1.750498016685747e-17,1.1003130390596125e-17,7.50213435722463e-18,1.095311616154796e-16,4.151181010997629e-17,6.151750172924198e-17,0.0,5.0014229048164204e-18,3.0008537428898524e-18,2.0005691619265684e-18,5.551579424346227e-17,3.150896430034345e-17,1863.1916180835267,1210.2107249438,2054.2221792231085,1634.7364470706193,986.0369105329627,736.0994272276039,405.5957816788297,-207.72360825961994,67282.48686751229,8.410310858439037e+23,4.683085564656458e-22,4.511793092239698e-22
3.84334e-06,197483.0,6.58276,3e+22,-1758.84,3216.85,63332.7,4.34863,4.36036,4.43366,0.00180572831,0.000134287464,0.279697617,0.014406861,0.0145614475,0.0870628693,-6.14985224e-05,0.000473043899,-2.11570416e-05,1501.29174,30.7902679,-307.56927,108.295397,1300.94659,-864.748443,-546.529757,-154.867015,18804.2845,17300.0,197482.938316,6.582764611,-240.0,30000 3000,1e-06,2,0.0 0.0259,0.0 0.0,-1.0 0.0,0.00054857 28.0,30000,1000,0,0.0,0.0 0.0 0.0,1000 1000000 0,0,0.0,0,100,0,,80,,1,,,10,1.0,10.0,0.1,True,{},,,False,3,mixed,250,300,True,Ar_Aubin,,False,uniform,Argon_Aubin_Model3-test/80Td,3.0000000000000005e+21,7.9165875e+23,3.150896430034345e-17,2.0896194967468246e-13,2.0853982958151596e-13,5.501565195298063e-18,1.5004268714449262e-18,2.0005691619265684e-18,0.0,0.0,2.5007114524082102e-18,6.001707485779705e-18,5.501565195298063e-18,1.5004268714449262e-18,3.0008537428898524e-18,4.001138323853137e-18,5.0014229048164204e-18,1.1503272681077768e-17,7.50213435722463e-18,1.0002845809632842e-18,1.5004268714449262e-18,2.0005691619265684e-18,1.1003130390596125e-17,3.5009960333714946e-18,1.0002845809632841e-17,1.3003699552522696e-17,1.1503272681077768e-17,6.501849776261348e-18,1.0402959642018156e-16,5.401536737201735e-17,4.951408675768256e-17,0.0,4.001138323853137e-18,5.501565195298063e-18,7.50213435722463e-18,5.0514371338645855e-17,3.150896430034345e-17,2261.0323298333624,1504.4677271807602,1603.2981838584992,1300.5146073714316,1266.2120896050756,1090.2792318241009,47.55751093688679,-476.517319654457,69446.70258688722,8.680837823360903e+23,4.537143323820375e-22,4.975149377863797e-22
3.86556e-06,197655.0,6.58849,3e+22,9528.96,4375.43,66443.0,4.41934,4.32693,4.40499,0.00175777933,0.000215855358,0.281296807,0.0144998027,0.0146360406,0.0880074332,-5.4859343e-05,0.000457222999,5.17981012e-06,1122.26535,683.737467,-326.364272,747.143916,2468.54872,-790.366338,3618.00544,836.843587,20029.0007,17400.0,197654.689571,6.588489652,-240.0,30000 3000,1e-06,2,0.0 0.0259,0.0 0.0,-1.0 0.0,0.00054857 28.0,30000,1000,0,0.0,0.0 0.0 0.0,1000 1000000 0,0,0.0,0,100,0,,80,,1,,,10,1.0,10.0,0.1,True,{},,,False,3,mixed,250,300,True,Ar_Aubin,,False,uniform,Argon_Aubin_Model3-test/80Td,3.0000000000000005e+21,8.305375000000003e+23,3.8510956367086436e-17,2.0885491922451935e-13,2.0842379657012425e-13,2.0005691619265684e-18,2.0005691619265684e-18,2.0005691619265684e-18,0.0,1.5004268714449262e-18,5.001422904816421e-19,4.501280614334778e-18,5.0014229048164204e-18,5.001422904816421e-19,5.001422904816421e-19,1.0002845809632842e-18,2.5007114524082102e-18,1.90054070383024e-17,4.501280614334778e-18,1.0002845809632842e-18,4.001138323853137e-18,4.501280614334778e-18,9.002561228669556e-18,4.501280614334778e-18,1.200341497155941e-17,1.5504411004930906e-17,1.0002845809632841e-17,6.501849776261348e-18,1.0352945412969991e-16,4.7513517595756e-17,5.751636340538883e-17,0.0,6.501849776261348e-18,1.1503272681077768e-17,4.001138323853137e-18,4.951408675768256e-17,3.851095636708644e-17,2095.628953959995,1105.515541075603,1678.179582808082,2467.604259990946,1067.4162893119776,1338.7969524990003,-234.99870287326098,494.3830139460906,71984.02945637911,8.99800368204739e+23,5.349930624601018e-22,5.796089334781156e-22
3.88777e-06,197976.0,6.59919,3e+22,1755.01,-4121.66,62234.7,4.39288,4.36348,4.41989,0.00177631934,0.00021540671,0.28286749,0.0145674663,0.0147356304,0.0889486316,-4.61965404e-05,0.000470526403,5.8772723e-06,1072.7881,-525.579364,-586.024281,138.43115,2052.92244,-155.578185,690.133486,-939.05441,18107.3646,17500.0,197975.653139,6.599188438,-240.0,30000 3000,1e-06,2,0.0 0.0259,0.0 0.0,-1.0 0.0,0.00054857 28.0,30000,1000,0,0.0,0.0 0.0 0.0,1000 1000000 0,0,0.0,0,100,0,,80,,1,,,10,1.0,10.0,0.1,True,{},,,False,3,mixed,250,300,True,Ar_Aubin,,False,uniform,Argon_Aubin_Model3-test/80Td,3.0000000000000005e+21,7.7793375e+23,3.551010262419658e-17,2.096631491659377e-13,2.0924402992651413e-13,4.501280614334778e-18,2.5007114524082102e-18,1.5004268714449262e-18,0.0,0.0,2.0005691619265684e-18,6.001707485779705e-18,3.0008537428898524e-18,5.001422904816421e-19,3.5009960333714946e-18,1.5004268714449262e-18,2.5007114524082102e-18,1.0502988100114484e-17,3.5009960333714946e-18,1.5004268714449262e-18,3.5009960333714946e-18,3.5009960333714946e-18,8.002276647706274e-18,4.001138323853137e-18,1.500426871444926e-17,1.4003984133485978e-17,1.1003130390596125e-17,5.501565195298063e-18,1.0352945412969991e-16,5.10145136291275e-17,5.601593653394391e-17,0.0,5.501565195298063e-18,7.001992066742989e-18,4.501280614334778e-18,4.8513802176719277e-17,3.551010262419659e-17,1521.389585281662,1069.6706417951066,2241.412535275697,2053.8102732203383,1239.5430636422223,503.19122009700004,238.4834193232153,-502.87476985399803,70700.8493916527,8.837606173956587e+23,5.022585008489174e-22,5.705836554879607e-22
3.90999e-06,198163.0,6.60542,3e+22,-3158.78,-492.004,61112.2,4.43435,4.36623,4.38897,0.00175496878,0.000208711204,0.284378695,0.0146315358,0.0148156111,0.0898543811,-5.71066519e-05,0.000464240467,2.55216227e-06,939.325466,92.8859003,-464.561958,-1444.09133,1498.89177,70.353544,-1182.44466,-581.733022,19064.0633,17600.0,198162.544705,6.605418157,-240.0,30000 3000,1e-06,2,0.0 0.0259,0.0 0.0,-1.0 0.0,0.00054857 28.0,30000,1000,0,0.0,0.0 0.0 0.0,1000 1000000 0,0,0.0,0,100,0,,80,,1,,,10,1.0,10.0,0.1,True,{},,,False,3,mixed,250,300,True,Ar_Aubin,,False,uniform,Argon_Aubin_Model3-test/80Td,3.0000000000000005e+21,7.639025e+23,3.300939117178837e-17,2.096881562804618e-13,2.0928204074059073e-13,3.0008537428898524e-18,1.5004268714449262e-18,1.5004268714449262e-18,0.0,5.001422904816421e-19,4.001138323853137e-18,2.0005691619265684e-18,6.001707485779705e-18,5.001422904816421e-19,2.0005691619265684e-18,1.5004268714449262e-18,2.0005691619265684e-18,1.3003699552522696e-17,5.0014229048164204e-18,2.0005691619265684e-18,5.001422904816421e-19,3.5009960333714946e-18,9.002561228669556e-18,3.5009960333714946e-18,1.3503841843004337e-17,1.3503841843004337e-17,9.5027035191512e-18,8.002276647706274e-18,8.8025043124769e-17,5.3015082791054065e-17,5.151465591960914e-17,0.0,4.501280614334778e-18,6.501849776261348e-18,3.5009960333714946e-18,6.051721714827869e-17,3.300939117178838e-17,1443.670861384932,944.8690262828884,1800.1417832282118,1498.9944567472128,1092.1058565504757,1685.0556154210026,-130.47746334316457,-855.9668868850159,68023.57770785858,8.502947213482323e+23,4.852639670549831e-22,5.401440493352943e-22
3.93221e-06,197373.0,6.57909,3e+22,785.653,1021.76,65529.0,4.38052,4.36884,4.38439,0.0017206756,0.000182921446,0.285825199,0.0147226714,0.0148965343,0.0907451367,-6.77147172e-05,0.000448649846,-9.84834047e-07,2206.44306,-853.796286,-266.951343,567.987796,1483.71486,971.859637,1479.69306,395.797691,19964.4787,17700.0,197372.567328,6.579085578,-240.0,30000 3000,1e-06,2,0.0 0.0259,0.0 0.0,-1.0 0.0,0.00054857 28.0,30000,1000,0,0.0,0.0 0.0 0.0,1000 1000000 0,0,0.0,0,100,0,,80,,1,,,10,1.0,10.0,0.1,True,{},,,False,3,mixed,250,300,True,Ar_Aubin,,False,uniform,Argon_Aubin_Model3-test/80Td,3.0000000000000005e+21,8.191125000000002e+23,3.601024491467822e-17,2.091139929309889e-13,2.0868737155720804e-13,4.001138323853137e-18,5.001422904816421e-19,0.0,0.0,0.0,1.5004268714449262e-18,6.501849776261348e-18,7.50213435722463e-18,5.001422904816421e-19,3.0008537428898524e-18,2.5007114524082102e-18,3.0008537428898524e-18,1.4003984133485978e-17,5.501565195298063e-18,3.0008537428898524e-18,2.0005691619265684e-18,2.5007114524082102e-18,6.001707485779705e-18,2.5007114524082102e-18,1.4003984133485978e-17,1.650469558589419e-17,1.1503272681077768e-17,6.501849776261348e-18,1.1453258452029604e-16,4.2011952400457935e-17,5.501565195298063e-17,0.0,4.501280614334778e-18,6.501849776261348e-18,3.5009960333714946e-18,5.151465591960914e-17,3.6010244914678226e-17,2053.8171061793705,2205.091206052833,1821.5174742249353,1483.5279581833352,1484.3735008136903,1234.639234729002,-374.8367323539584,875.4281405376531,65111.204137575325,8.138900517196916e+23,5.530575788245467e-22,5.495314275309897e-22
3.95442e-06,197050.0,6.56834,3e+22,-7701.18,3608.82,63322.1,4.36151,4.3617,4.39027,0.00173917619,0.000204975823,0.287354241,0.0148281697,0.0149770107,0.091678363,-7.8150916e-05,0.00046314411,1.49305611e-06,1490.70591,-767.167818,857.900282,-170.98105,1251.34186,251.497449,-1551.33566,1256.2762,19450.0251,17800.0,197050.269828,6.568342328,-240.0,30000 3000,1e-06,2,0.0 0.0259,0.0 0.0,-1.0 0.0,0.00054857 28.0,30000,1000,0,0.0,0.0 0.0 0.0,1000 1000000 0,0,0.0,0,100,0,,80,,1,,,10,1.0,10.0,0.1,True,{},,,False,3,mixed,250,300,True,Ar_Aubin,,False,uniform,Argon_Aubin_Model3-test/80Td,3.0000000000000005e+21,7.915262500000001e+23,5.00142290481642e-17,2.0864886060084092e-13,2.0821923837331725e-13,3.5009960333714946e-18,5.001422904816421e-19,1.5004268714449262e-18,0.0,5.001422904816421e-19,3.0008537428898524e-18,3.0008537428898524e-18,2.0005691619265684e-18,5.001422904816421e-19,4.001138323853137e-18,1.0002845809632842e-18,5.0014229048164204e-18,8.002276647706274e-18,3.5009960333714946e-18,1.5004268714449262e-18,1.5004268714449262e-18,5.0014229048164204e-18,6.501849776261348e-18,2.5007114524082102e-18,1.1003130390596125e-17,1.5504411004930906e-17,8.002276647706274e-18,1.0002845809632841e-17,1.0052860038681005e-16,5.401536737201735e-17,6.101735943876033e-17,0.0,7.001992066742989e-18,5.501565195298063e-18,4.001138323853137e-18,5.0014229048164204e-17,5.0014229048164204e-17,2372.946644083089,1504.0996188909041,1811.0417576463628,1250.6021391504412,1278.6081748541012,1254.1511159738984,294.7013509118527,1409.4030670835812,68826.4711310384,8.603308891379802e+23,7.266714132843211e-22,7.898384457900828e-22
3.97664e-06,197023.0,6.56743,3e+22,-9043.55,8441.98,65749.2,4.37659,4.35465,4.37816,0.00172573789,0.000257764479,0.288900827,0.014895599,0.0150724641,0.0926204476,-8.30782e-05,0.000460885293,1.17052953e-05,2008.76158,384.112433,898.322013,830.062249,1007.0265,-76.6761377,-3408.4418,2527.43831,20108.7226,17900.0,197022.765334,6.567425511,-240.0,30000 3000,1e-06,2,0.0 0.0259,0.0 0.0,-1.0 0.0,0.00054857 28.0,30000,1000,0,0.0,0.0 0.0 0.0,1000 1000000 0,0,0.0,0,100,0,,80,,1,,,10,1.0,10.0,0.1,True,{},,,False,3,mixed,250,300,True,Ar_Aubin,,False,uniform,Argon_Aubin_Model3-test/80Td,3.0000000000000005e+21,8.218650000000001e+23,3.551010262419658e-17,2.0853032687799679e-13,2.0810420564650643e-13,3.5009960333714946e-18,2.5007114524082102e-18,2.0005691619265684e-18,0.0,5.001422904816421e-19,3.0008537428898524e-18,3.0008537428898524e-18,4.501280614334778e-18,1.5004268714449262e-18,2.0005691619265684e-18,4.001138323853137e-18,2.5007114524082102e-18,1.200341497155941e-17,6.001707485779705e-18,4.001138323853137e-18,1.0002845809632842e-18,4.001138323853137e-18,6.501849776261348e-18,6.001707485779705e-18,9.5027035191512e-18,1.200341497155941e-17,8.502418938187915e-18,7.50213435722463e-18,1.045297387106632e-16,5.10145136291275e-17,6.351807089116854e-17,0.0,5.501565195298063e-18,4.001138323853137e-18,3.5009960333714946e-18,5.251494050057242e-17,3.551010262419659e-17,1518.638960269054,2024.3683768951096,2147.7629211821704,1004.8504574235716,1144.598674871447,1113.7243454115996,-47.99565012056117,-10.896598661337975,69616.17580201641,8.702021975252053e+23,5.100840747872284e-22,5.4008417781808115e-22
3.99885e-06,197495.0,6.58316,3e+22,8735.39,-6840.74,62616.6,4.34816,4.39902,4.39615,0.00176599568,0.000263297725,0.290445855,0.0149790498,0.0151776293,0.0935633811,-7.45116959e-05,0.000474319591,9.46809378e-06,2327.55867,666.482742,94.6486215,251.721454,2705.41803,-459.779478,2018.21776,-2761.45199,18884.5385,18000.0,197494.848191,6.583161606,-240.0,30000 3000,1e-06,2,0.0 0.0259,0.0 0.0,-1.0 0.0,0.00054857 28.0,30000,1000,0,0.0,0.0 0.0 0.0,1000 1000000 0,0,0.0,0,100,0,,80,,1,,,10,1.0,10.0,0.1,True,{},,,False,3,mixed,250,300,True,Ar_Aubin,,False,uniform,Argon_Aubin_Model3-test/80Td,3.0000000000000005e+21,7.827075000000001e+23,3.5009960333714937e-17,2.0841629443576697e-13,2.0801367989192927e-13,5.501565195298063e-18,2.5007114524082102e-18,1.5004268714449262e-18,0.0,5.001422904816421e-19,2.5007114524082102e-18,3.5009960333714946e-18,2.5007114524082102e-18,1.0002845809632842e-18,2.5007114524082102e-18,3.5009960333714946e-18,2.0005691619265684e-18,1.1503272681077768e-17,5.501565195298063e-18,1.5004268714449262e-18,2.0005691619265684e-18,2.5007114524082102e-18,7.001992066742989e-18,4.501280614334778e-18,1.200341497155941e-17,1.450412642396762e-17,9.002561228669556e-18,7.001992066742989e-18,8.852518541525065e-17,4.551294843382943e-17,5.0514371338645855e-17,0.0,8.002276647706274e-18,7.001992066742989e-18,5.501565195298063e-18,5.801650569587048e-17,3.500996033371494e-17,1875.0136281492669,2312.132008996885,2366.8254906315415,2707.219181279316,1076.4059660632302,697.8065758070006,-41.62440403815143,-534.8720809047375,69546.045850042,8.693255731255253e+23,5.0340691416453535e-22,5.591162780111813e-22
4.02107e-06,197316.0,6.57719,3e+22,302.618,-5746.34,60111.1,4.38667,4.38645,4.36053,0.00179395853,0.000156146051,0.291965403,0.0150513298,0.0152736276,0.0944832259,-6.20709541e-05,0.000476983654,-1.98297643e-05,2888.73206,-752.082021,535.256267,288.564468,2147.00091,-83.8870584,19.7619823,-1588.55764,18403.5571,18100.0,197315.688807,6.577189627,-240.0,30000 3000,1e-06,2,0.0 0.0259,0.0 0.0,-1.0 0.0,0.00054857 28.0,30000,1000,0,0.0,0.0 0.0 0.0,1000 1000000 0,0,0.0,0,100,0,,80,,1,,,10,1.0,10.0,0.1,True,{},,,False,3,mixed,250,300,True,Ar_Aubin,,False,uniform,Argon_Aubin_Model3-test/80Td,3.0000000000000005e+21,7.513887500000001e+23,3.8510956367086436e-17,2.0882691125625238e-13,2.0840329073621448e-13,5.0014229048164204e-18,1.5004268714449262e-18,2.5007114524082102e-18,0.0,0.0,1.5004268714449262e-18,3.5009960333714946e-18,5.501565195298063e-18,0.0,1.5004268714449262e-18,2.5007114524082102e-18,1.0002845809632842e-18,1.0502988100114484e-17,4.001138323853137e-18,3.0008537428898524e-18,3.0008537428898524e-18,4.001138323853137e-18,1.0002845809632841e-17,3.5009960333714946e-18,1.6004553295412547e-17,1.0002845809632841e-17,7.001992066742989e-18,8.502418938187915e-18,9.902817351536512e-17,5.3515225081535703e-17,6.101735943876033e-17,0.0,4.501280614334778e-18,8.002276647706274e-18,1.5004268714449262e-18,5.3515225081535703e-17,3.851095636708644e-17,1624.5223811418828,2888.1891758575684,2161.587964087634,2147.8981782987034,784.189200720711,853.195563726702,-368.3684646055909,358.827442382263,68399.11954951352,8.549889943689191e+23,5.630329252880031e-22,6.406629785029128e-22
4.04329e-06,197149.0,6.57164,3e+22,-3279.93,1360.01,72382.3,4.33994,4.38374,4.38973,0.00184264849,0.000172307561,0.293447731,0.0151448992,0.0153722947,0.0954021329,-6.66802863e-05,0.000504546544,-1.1434537e-05,1958.2479,300.697154,1166.8814,-1012.81831,2040.64574,242.648425,-1730.08529,-858.082843,21826.5456,18200.0,197149.108857,6.571636962,-240.0,30000 3000,1e-06,2,0.0 0.0259,0.0 0.0,-1.0 0.0,0.00054857 28.0,30000,1000,0,0.0,0.0 0.0 0.0,1000 1000000 0,0,0.0,0,100,0,,80,,1,,,10,1.0,10.0,0.1,True,{},,,False,3,mixed,250,300,True,Ar_Aubin,,False,uniform,Argon_Aubin_Model3-test/80Td,3.0000000000000005e+21,9.047787500000001e+23,3.1008822009861805e-17,2.0849831777140594e-13,2.0808470009717766e-13,4.501280614334778e-18,2.5007114524082102e-18,5.001422904816421e-19,0.0,1.0002845809632842e-18,2.5007114524082102e-18,5.0014229048164204e-18,5.501565195298063e-18,1.0002845809632842e-18,3.5009960333714946e-18,1.0002845809632842e-18,3.0008537428898524e-18,1.3003699552522696e-17,7.001992066742989e-18,2.0005691619265684e-18,2.5007114524082102e-18,5.0014229048164204e-18,1.0502988100114484e-17,3.0008537428898524e-18,1.2503557262041051e-17,9.002561228669556e-18,1.1003130390596125e-17,8.502418938187915e-18,9.602731977247528e-17,4.801365988623764e-17,6.001707485779705e-17,0.0,3.0008537428898524e-18,5.0014229048164204e-18,2.0005691619265684e-18,5.4515509662498986e-17,3.100882200986181e-17,2101.925507174164,1964.2916580618057,2220.522051631121,2040.4113999939643,1150.8136043121413,586.1239004387025,477.84230013915834,265.90899054110287,66723.7429048554,8.340467863106927e+23,4.647344507348572e-22,4.284033805206771e-22
4.0655e-06,198099.0,6.60331,3e+22,-6311.47,-2392.71,67824.6,4.3552,4.4339,4.39111,0.00187968338,0.000181993557,0.294990618,0.015234228,0.0154654368,0.0963607147,-7.35709235e-05,0.000514978669,-1.87376794e-05,1850.88629,-1082.25207,-901.244886,-233.276894,1331.39952,-231.984055,-2169.04522,-1619.82356,21248.4643,18300.0,198099.313111,6.603310437,-240.0,30000 3000,1e-06,2,0.0 0.0259,0.0 0.0,-1.0 0.0,0.00054857 28.0,30000,1000,0,0.0,0.0 0.0 0.0,1000 1000000 0,0,0.0,0,100,0,,80,,1,,,10,1.0,10.0,0.1,True,{},,,False,3,mixed,250,300,True,Ar_Aubin,,False,uniform,Argon_Aubin_Model3-test/80Td,3.0000000000000005e+21,8.478075000000002e+23,3.651038720515987e-17,2.0874938920122774e-13,2.08361278783814e-13,1.0002845809632842e-18,2.5007114524082102e-18,5.001422904816421e-19,0.0,0.0,1.5004268714449262e-18,1.5004268714449262e-18,4.501280614334778e-18,1.0002845809632842e-18,1.5004268714449262e-18,2.0005691619265684e-18,3.0008537428898524e-18,1.1503272681077768e-17,4.001138323853137e-18,1.5004268714449262e-18,1.5004268714449262e-18,2.0005691619265684e-18,3.5009960333714946e-18,2.5007114524082102e-18,9.002561228669556e-18,1.3503841843004337e-17,6.501849776261348e-18,9.5027035191512e-18,9.452689290103034e-17,4.801365988623764e-17,5.95169325673154e-17,0.0,6.001707485779705e-18,7.001992066742989e-18,5.501565195298063e-18,4.7013375305274356e-17,3.6510387205159877e-17,2007.3673326007429,1862.7498552623686,2096.216408986101,1331.8349778037693,1140.8027814863062,1240.8436303971976,-150.15455099512877,-1335.9544435866878,69449.6734320911,8.681209179011389e+23,5.257099911471903e-22,5.3830597165571e-22
4.08772e-06,198327.0,6.61089,3e+22,4595.14,-10447.3,60750.2,4.42465,4.39503,4.38037,0.00191831747,0.000185981755,0.296617104,0.01532301,0.0155363377,0.0973792143,-8.03480323e-05,0.000509504886,-2.05357263e-05,1792.26306,545.360297,-734.436748,366.252465,2213.82229,71.5060239,639.412898,-3538.40193,18864.7425,18400.0,198326.633137,6.610887771,-240.0,30000 3000,1e-06,2,0.0 0.0259,0.0 0.0,-1.0 0.0,0.00054857 28.0,30000,1000,0,0.0,0.0 0.0 0.0,1000 1000000 0,0,0.0,0,100,0,,80,,1,,,10,1.0,10.0,0.1,True,{},,,False,3,mixed,250,300,True,Ar_Aubin,,False,uniform,Argon_Aubin_Model3-test/80Td,3.0000000000000005e+21,7.593775000000001e+23,3.7510671786123153e-17,2.100232516150845e-13,2.0958712753778452e-13,5.0014229048164204e-18,2.0005691619265684e-18,2.5007114524082102e-18,0.0,0.0,1.5004268714449262e-18,5.0014229048164204e-18,4.001138323853137e-18,1.0002845809632842e-18,1.5004268714449262e-18,2.5007114524082102e-18,4.501280614334778e-18,1.700483787637583e-17,5.0014229048164204e-18,2.5007114524082102e-18,1.5004268714449262e-18,3.0008537428898524e-18,7.001992066742989e-18,5.501565195298063e-18,1.450412642396762e-17,1.3503841843004337e-17,6.001707485779705e-18,9.5027035191512e-18,1.0502988100114484e-16,4.551294843382943e-17,5.801650569587048e-17,0.0,6.001707485779705e-18,8.002276647706274e-18,4.501280614334778e-18,5.701622111490719e-17,3.751067178612316e-17,1994.86106107206,1783.4481226609041,1595.6912040834648,2215.7652971890116,1266.1634837003955,845.1941085791987,-899.8327141136792,-1574.559139240554,73212.69901287087,9.15158737660886e+23,5.123519866345692e-22,6.174575850963973e-22
4.10993e-06,198267.0,6.60891,3e+22,1290.1,-6280.01,70726.2,4.3913,4.41166,4.3862,0.001972566,8.19388519e-05,0.298174515,0.0154132162,0.0156070628,0.098351024,-6.56890056e-05,0.000517573199,-5.06502849e-05,2592.14682,75.0143092,640.29006,848.678379,3040.10034,-54.9337461,147.614311,-1436.01753,22663.1646,18500.0,198267.424031,6.608914134,-240.0,30000 3000,1e-06,2,0.0 0.0259,0.0 0.0,-1.0 0.0,0.00054857 28.0,30000,1000,0,0.0,0.0 0.0 0.0,1000 1000000 0,0,0.0,0,100,0,,80,,1,,,10,1.0,10.0,0.1,True,{},,,False,3,mixed,250,300,True,Ar_Aubin,,False,uniform,Argon_Aubin_Model3-test/80Td,3.0000000000000005e+21,8.840775000000002e+23,4.0511525529013e-17,2.1045687498093207e-13,2.1002825303798934e-13,1.5004268714449262e-18,1.0002845809632842e-18,1.5004268714449262e-18,0.0,1.5004268714449262e-18,4.001138323853137e-18,5.501565195298063e-18,3.0008537428898524e-18,5.001422904816421e-19,1.0002845809632842e-18,3.0008537428898524e-18,2.5007114524082102e-18,1.0002845809632841e-17,6.501849776261348e-18,1.0002845809632842e-18,2.0005691619265684e-18,2.5007114524082102e-18,6.501849776261348e-18,1.0002845809632842e-18,1.3003699552522696e-17,1.200341497155941e-17,8.502418938187915e-18,8.502418938187915e-18,1.0352945412969991e-16,5.3015082791054065e-17,5.901679027683377e-17,0.0,5.501565195298063e-18,5.501565195298063e-18,4.501280614334778e-18,6.051721714827869e-17,4.051152552901301e-17,2025.466564292937,2589.6020126034,1592.3949792208127,3040.6149168093207,1023.471699584891,1574.4142172070024,-499.4092002342029,263.71733176930024,70103.4394285153,8.762929928564413e+23,5.778821390114923e-22,5.727937529375677e-22
4.13215e-06,198076.0,6.60254,3e+22,27.4119,-7912.95,61240.0,4.40324,4.43246,4.34769,0.0019930349,0.000131950702,0.299695542,0.015494847,0.0157174462,0.0993067923,-7.55554341e-05,0.000527441683,-3.54701427e-05,1372.57069,-54.3605311,-52.959085,-465.949675,1984.53445,1454.99435,-326.253835,-1753.75193,18475.2606,18600.0,198076.056015,6.602535201,-240.0,30000 3000,1e-06,2,0.0 0.0259,0.0 0.0,-1.0 0.0,0.00054857 28.0,30000,1000,0,0.0,0.0 0.0 0.0,1000 1000000 0,0,0.0,0,100,0,,80,,1,,,10,1.0,10.0,0.1,True,{},,,False,3,mixed,250,300,True,Ar_Aubin,,False,uniform,Argon_Aubin_Model3-test/80Td,3.0000000000000005e+21,7.655000000000001e+23,2.200626078119225e-17,2.0978518388481522e-13,2.0935706208416297e-13,7.001992066742989e-18,2.5007114524082102e-18,5.001422904816421e-19,0.0,1.0002845809632842e-18,2.5007114524082102e-18,2.5007114524082102e-18,5.0014229048164204e-18,5.001422904816421e-19,1.5004268714449262e-18,3.0008537428898524e-18,5.0014229048164204e-18,1.200341497155941e-17,6.501849776261348e-18,5.001422904816421e-19,1.5004268714449262e-18,2.5007114524082102e-18,7.50213435722463e-18,4.501280614334778e-18,1.1503272681077768e-17,1.700483787637583e-17,7.001992066742989e-18,9.5027035191512e-18,1.0152888496777334e-16,5.4515509662498986e-17,6.151750172924198e-17,0.0,5.501565195298063e-18,7.001992066742989e-18,5.0014229048164204e-18,6.001707485779705e-17,2.200626078119225e-17,1835.388809630476,1372.5160571266247,2484.092541551093,1985.578569307391,1044.1125682836514,121.90560792000178,33.026785998952036,-509.4816015037498,68465.69348979821,8.558211686224778e+23,3.214202567665704e-22,3.5934455880457626e-22
4.15437e-06,198855.0,6.6285,3e+22,-14190.8,2807.42,66810.7,4.38899,4.40133,4.44012,0.00190150257,7.92610562e-05,0.301281776,0.0155728415,0.0158165496,0.100297198,-8.31816153e-05,0.000491872259,-4.55193157e-05,2553.20208,632.982956,-151.642776,160.449114,683.358723,151.400818,-3537.1793,1531.1138,21725.1626,18700.0,198854.999673,6.628499989,-240.0,30000 3000,1e-06,2,0.0 0.0259,0.0 0.0,-1.0 0.0,0.00054857 28.0,30000,1000,0,0.0,0.0 0.0 0.0,1000 1000000 0,0,0.0,0,100,0,,80,,1,,,10,1.0,10.0,0.1,True,{},,,False,3,mixed,250,300,True,Ar_Aubin,,False,uniform,Argon_Aubin_Model3-test/80Td,3.0000000000000005e+21,8.3513375e+23,4.1011667819494646e-17,2.1052539447472808e-13,2.101217796463094e-13,4.001138323853137e-18,1.0002845809632842e-18,1.0002845809632842e-18,0.0,1.0002845809632842e-18,3.0008537428898524e-18,6.501849776261348e-18,3.0008537428898524e-18,5.001422904816421e-19,1.5004268714449262e-18,3.5009960333714946e-18,4.501280614334778e-18,1.6004553295412547e-17,7.001992066742989e-18,2.0005691619265684e-18,4.501280614334778e-18,3.0008537428898524e-18,4.001138323853137e-18,3.5009960333714946e-18,7.001992066742989e-18,1.1503272681077768e-17,9.5027035191512e-18,8.002276647706274e-18,9.052575457717721e-17,4.7513517595756e-17,5.95169325673154e-17,0.0,4.001138323853137e-18,4.001138323853137e-18,3.0008537428898524e-18,4.8513802176719277e-17,4.1011667819494646e-17,1763.3986489158729,2580.185922670356,2230.7115325674727,683.136203925603,835.3261618833376,1596.3162481967993,-502.0647724264364,459.5666331073012,71400.84353998801,8.925105442498504e+23,5.74386320751604e-22,6.138487969665734e-22
4.17658e-06,198816.0,6.62719,3e+22,524.348,-455.96,60500.5,4.38343,4.43779,4.41235,0.00185639192,0.000116627391,0.302783369,0.0156605632,0.0158915189,0.1012485,-8.34658548e-05,0.000486338475,-3.74242194e-05,2057.31241,-411.995972,1176.30793,-834.897254,1756.95055,-1067.41952,-77.7486375,-507.570118,19016.1258,18800.0,198815.685722,6.627189524,-240.0,30000 3000,1e-06,2,0.0 0.0259,0.0 0.0,-1.0 0.0,0.00054857 28.0,30000,1000,0,0.0,0.0 0.0 0.0,1000 1000000 0,0,0.0,0,100,0,,80,,1,,,10,1.0,10.0,0.1,True,{},,,False,3,mixed,250,300,True,Ar_Aubin,,False,uniform,Argon_Aubin_Model3-test/80Td,3.0000000000000005e+21,7.562562500000002e+23,3.9011098657568074e-17,2.104123623170792e-13,2.099992447851414e-13,6.501849776261348e-18,1.5004268714449262e-18,5.001422904816421e-19,0.0,5.001422904816421e-19,2.5007114524082102e-18,3.5009960333714946e-18,3.5009960333714946e-18,0.0,3.0008537428898524e-18,2.0005691619265684e-18,3.5009960333714946e-18,8.002276647706274e-18,4.001138323853137e-18,2.0005691619265684e-18,1.0002845809632842e-18,3.0008537428898524e-18,1.0002845809632841e-17,4.501280614334778e-18,1.2503557262041051e-17,7.50213435722463e-18,7.50213435722463e-18,7.001992066742989e-18,1.0252916954873662e-16,5.901679027683377e-17,5.3015082791054065e-17,0.0,3.0008537428898524e-18,8.502418938187915e-18,3.0008537428898524e-18,5.10145136291275e-17,3.901109865756808e-17,1978.1152477072103,2056.3390146095317,1687.1245451837633,1757.0037274252004,995.7284360302785,697.5805838154993,237.20342800362826,827.4827991756279,67590.91461520907,8.448864326901136e+23,5.771648287296579e-22,6.448062190819592e-22
4.1988e-06,199007.0,6.63356,3e+22,4690.11,-8681.64,67004.8,4.45197,4.39829,4.39077,0.00184752505,0.000126129146,0.30435217,0.015742424,0.0159572379,0.102254725,-8.58904329e-05,0.000487663378,-3.12900057e-05,1946.84437,-63.3906278,616.773484,211.411223,464.273213,1366.26424,1182.87389,-2773.15431,21054.4398,18900.0,199006.737315,6.63355791,-240.0,30000 3000,1e-06,2,0.0 0.0259,0.0 0.0,-1.0 0.0,0.00054857 28.0,30000,1000,0,0.0,0.0 0.0 0.0,1000 1000000 0,0,0.0,0,100,0,,80,,1,,,10,1.0,10.0,0.1,True,{},,,False,3,mixed,250,300,True,Ar_Aubin,,False,uniform,Argon_Aubin_Model3-test/80Td,3.0000000000000005e+21,8.375600000000002e+23,2.9008252847935234e-17,2.105514018738331e-13,2.1012528064234278e-13,3.0008537428898524e-18,2.5007114524082102e-18,0.0,0.0,1.0002845809632842e-18,2.0005691619265684e-18,3.5009960333714946e-18,2.5007114524082102e-18,5.001422904816421e-19,2.0005691619265684e-18,2.0005691619265684e-18,4.501280614334778e-18,1.6004553295412547e-17,7.001992066742989e-18,1.5004268714449262e-18,5.001422904816421e-19,2.0005691619265684e-18,1.1003130390596125e-17,4.501280614334778e-18,1.0502988100114484e-17,9.5027035191512e-18,1.2503557262041051e-17,5.501565195298063e-18,1.0252916954873662e-16,5.901679027683377e-17,6.201764401972362e-17,0.0,2.5007114524082102e-18,9.002561228669556e-18,4.001138323853137e-18,5.401536737201735e-17,2.900825284793524e-17,1843.131319241243,1938.1792742877444,1479.0463899023268,465.3682208390794,1209.7227499513365,661.3835195840002,50.020238888363856,248.4091714910603,70616.13529048803,8.827016911311006e+23,4.1078788478874227e-22,4.329279819943531e-22
4.22101e-06,198283.0,6.60944,3e+22,3872.96,-2863.38,55339.9,4.43887,4.37538,4.38709,0.00191650861,0.00011125985,0.305826554,0.0158185799,0.016029351,0.103198512,-9.21708294e-05,0.000522339262,-3.38002769e-05,2511.64655,-549.386701,3.16920642,99.1948274,1429.84329,-947.591489,1361.04006,-1021.95129,17422.0927,19000.0,198283.274398,6.60944248,-240.0,30000 3000,1e-06,2,0.0 0.0259,0.0 0.0,-1.0 0.0,0.00054857 28.0,30000,1000,0,0.0,0.0 0.0 0.0,1000 1000000 0,0,0.0,0,100,0,,80,,1,,,10,1.0,10.0,0.1,True,{},,,False,3,mixed,250,300,True,Ar_Aubin,,False,uniform,Argon_Aubin_Model3-test/80Td,3.0000000000000005e+21,6.917487500000001e+23,3.300939117178837e-17,2.108424846868934e-13,2.1041236231707922e-13,5.501565195298063e-18,2.0005691619265684e-18,1.0002845809632842e-18,0.0,0.0,3.0008537428898524e-18,5.501565195298063e-18,3.0008537428898524e-18,5.001422904816421e-19,5.001422904816421e-19,3.0008537428898524e-18,3.0008537428898524e-18,1.3503841843004337e-17,3.5009960333714946e-18,2.0005691619265684e-18,4.001138323853137e-18,3.0008537428898524e-18,9.5027035191512e-18,4.501280614334778e-18,1.500426871444926e-17,1.3503841843004337e-17,1.0502988100114484e-17,8.502418938187915e-18,9.402675061054871e-17,5.151465591960914e-17,5.651607882442556e-17,0.0,7.001992066742989e-18,9.002561228669556e-18,4.501280614334778e-18,6.001707485779705e-17,3.300939117178838e-17,1708.1514491461642,2504.2239888138142,1623.0859386126278,1430.161869229293,993.6408651907249,497.6817842954006,488.61032815364257,73.69586101362097,66366.16117285346,8.295770146606684e+23,4.973828618143819e-22,5.964844745254034e-22
4.24323e-06,198023.0,6.60075,3e+22,7523.54,4565.44,67712.7,4.39401,4.35959,4.4214,0.00197178425,0.00011183783,0.307388715,0.015903308,0.016104121,0.104205497,-9.77712178e-05,0.000554248924,-3.78607726e-05,1898.12979,-59.1406085,1273.13124,-470.463938,2287.50593,135.912382,3091.05648,1351.18328,22176.3731,19100.0,198022.599103,6.600753303,-240.0,30000 3000,1e-06,2,0.0 0.0259,0.0 0.0,-1.0 0.0,0.00054857 28.0,30000,1000,0,0.0,0.0 0.0 0.0,1000 1000000 0,0,0.0,0,100,0,,80,,1,,,10,1.0,10.0,0.1,True,{},,,False,3,mixed,250,300,True,Ar_Aubin,,False,uniform,Argon_Aubin_Model3-test/80Td,3.0000000000000005e+21,8.4640875e+23,4.5012806143347784e-17,2.0968065414610455e-13,2.0924352978422363e-13,4.001138323853137e-18,0.0,2.5007114524082102e-18,0.0,5.001422904816421e-19,1.5004268714449262e-18,6.001707485779705e-18,2.5007114524082102e-18,1.5004268714449262e-18,3.0008537428898524e-18,2.5007114524082102e-18,6.001707485779705e-18,1.500426871444926e-17,5.501565195298063e-18,2.0005691619265684e-18,4.001138323853137e-18,4.001138323853137e-18,9.5027035191512e-18,2.5007114524082102e-18,1.5504411004930906e-17,1.3003699552522696e-17,1.0002845809632841e-17,8.502418938187915e-18,1.0653030787258976e-16,4.7013375305274356e-17,6.051721714827869e-17,0.0,3.5009960333714946e-18,5.0014229048164204e-18,5.501565195298063e-18,4.4512663852866145e-17,4.5012806143347784e-17,1902.0875166807768,1883.294992323755,1682.800855558453,2286.9953410974044,1103.804531072017,1362.2532578195023,536.7623658231801,1918.0215917639248,70317.2502576986,8.789656282212326e+23,6.401388845323855e-22,6.647616494889111e-22
4.26544e-06,197531.0,6.58435,3e+22,3482.29,-4165.17,70099.9,4.38046,4.35258,4.40756,0.00200400242,0.000124964851,0.308912031,0.0159885314,0.0161806938,0.105189587,-9.91094056e-05,0.000573615845,-3.48897981e-05,2098.49874,-797.956133,-1583.78142,-56.3251994,225.271832,1118.3907,549.403079,-219.905449,22020.1596,19200.0,197530.524744,6.584350825,-240.0,30000 3000,1e-06,2,0.0 0.0259,0.0 0.0,-1.0 0.0,0.00054857 28.0,30000,1000,0,0.0,0.0 0.0 0.0,1000 1000000 0,0,0.0,0,100,0,,80,,1,,,10,1.0,10.0,0.1,True,{},,,False,3,mixed,250,300,True,Ar_Aubin,,False,uniform,Argon_Aubin_Model3-test/80Td,3.0000000000000005e+21,8.7624875e+23,3.45098180432333e-17,2.0921702224282808e-13,2.0878039802323766e-13,6.001707485779705e-18,1.5004268714449262e-18,1.0002845809632842e-18,0.0,5.001422904816421e-19,4.001138323853137e-18,4.501280614334778e-18,8.002276647706274e-18,2.0005691619265684e-18,1.5004268714449262e-18,2.0005691619265684e-18,5.501565195298063e-18,1.3003699552522696e-17,2.0005691619265684e-18,5.001422904816421e-19,1.5004268714449262e-18,3.0008537428898524e-18,1.0502988100114484e-17,1.0002845809632842e-18,1.3503841843004337e-17,8.002276647706274e-18,8.502418938187915e-18,6.501849776261348e-18,1.02029027258255e-16,5.851664798635212e-17,6.001707485779705e-17,0.0,4.001138323853137e-18,6.001707485779705e-18,5.0014229048164204e-18,6.201764401972362e-17,3.4509818043233305e-17,1915.189288509123,2091.5202224128584,1723.308339662919,225.79233184843966,1018.8471501553654,365.4571181031024,288.5631540303905,-2250.579986672748,68568.72780305982,8.57109097538248e+23,5.032880024017789e-22,4.922948255736927e-22
4.28766e-06,197764.0,6.59214,3e+22,-10444.1,1180.27,57703.7,4.36587,4.43032,4.36852,0.00206919854,0.000141381736,0.310452078,0.0160855489,0.0162639306,0.106202647,-0.000101204837,0.00060334129,-3.19915188e-05,1747.75609,-506.545691,-185.86942,1234.33914,1991.69048,930.167916,-3819.56619,592.434754,18837.9242,19300.0,197764.063077,6.592135436,-240.0,30000 3000,1e-06,2,0.0 0.0259,0.0 0.0,-1.0 0.0,0.00054857 28.0,30000,1000,0,0.0,0.0 0.0 0.0,1000 1000000 0,0,0.0,0,100,0,,80,,1,,,10,1.0,10.0,0.1,True,{},,,False,3,mixed,250,300,True,Ar_Aubin,,False,uniform,Argon_Aubin_Model3-test/80Td,3.0000000000000005e+21,7.2129625e+23,3.551010262419658e-17,2.0873288450564184e-13,2.0831876668912306e-13,4.001138323853137e-18,1.5004268714449262e-18,1.0002845809632842e-18,0.0,5.001422904816421e-19,2.5007114524082102e-18,3.0008537428898524e-18,3.0008537428898524e-18,5.001422904816421e-19,1.0002845809632842e-18,2.5007114524082102e-18,2.5007114524082102e-18,1.0502988100114484e-17,3.5009960333714946e-18,1.5004268714449262e-18,3.0008537428898524e-18,2.5007114524082102e-18,8.502418938187915e-18,4.001138323853137e-18,1.1503272681077768e-17,1.0502988100114484e-17,1.1503272681077768e-17,9.002561228669556e-18,1.045297387106632e-16,5.401536737201735e-17,5.3015082791054065e-17,0.0,3.0008537428898524e-18,6.501849776261348e-18,6.001707485779705e-18,5.3515225081535703e-17,3.551010262419659e-17,2177.5382294084275,1769.367006471614,1873.2625601193422,1991.5236113784513,1332.607772515189,923.6906267114027,288.0331723472321,-882.4434739527978,69321.83706264631,8.665229632830791e+23,5.122498786653045e-22,6.153869270808732e-22
4.30988e-06,197423.0,6.58077,3e+22,-686.894,-6716.62,68865.6,4.34145,4.38214,4.41073,0.00209748944,9.89087174e-05,0.311995897,0.0161610747,0.0163456613,0.107209448,-8.54241355e-05,0.000626403891,-5.51015453e-05,2171.28895,672.233689,533.425884,369.542482,1434.99224,1111.13013,147.368185,-1906.35508,22713.5287,19400.0,197423.017611,6.580767254,-240.0,30000 3000,1e-06,2,0.0 0.0259,0.0 0.0,-1.0 0.0,0.00054857 28.0,30000,1000,0,0.0,0.0 0.0 0.0,1000 1000000 0,0,0.0,0,100,0,,80,,1,,,10,1.0,10.0,0.1,True,{},,,False,3,mixed,250,300,True,Ar_Aubin,,False,uniform,Argon_Aubin_Model3-test/80Td,3.0000000000000005e+21,8.608200000000002e+23,4.451266385286614e-17,2.0865686287748862e-13,2.0822223922706012e-13,2.0005691619265684e-18,3.0008537428898524e-18,1.5004268714449262e-18,0.0,0.0,4.001138323853137e-18,3.0008537428898524e-18,2.5007114524082102e-18,1.0002845809632842e-18,2.5007114524082102e-18,2.5007114524082102e-18,4.001138323853137e-18,1.1503272681077768e-17,5.501565195298063e-18,4.001138323853137e-18,1.5004268714449262e-18,3.0008537428898524e-18,1.1003130390596125e-17,4.501280614334778e-18,1.1003130390596125e-17,1.3003699552522696e-17,7.50213435722463e-18,7.001992066742989e-18,1.0753059245355304e-16,4.7513517595756e-17,6.351807089116854e-17,0.0,3.0008537428898524e-18,7.001992066742989e-18,1.5004268714449262e-18,5.4515509662498986e-17,4.4512663852866145e-17,1697.1610568787878,2172.7297029113993,1839.6937747490986,1435.6565722694631,1032.0083742606093,1227.7440555567955,497.00837043461496,750.6573098946541,69491.62536741712,8.686453170927141e+23,6.405471683460869e-22,6.463700868483849e-22
4.33209e-06,197739.0,6.59129,3e+22,-3835.55,1407.34,57403.9,4.38463,4.40066,4.37846,0.00206920615,9.52593014e-05,0.313481488,0.0162307516,0.0164335159,0.108180186,-9.47094858e-05,0.000620371029,-4.32836092e-05,-699.523006,65.3253727,-825.317542,-240.496035,1315.4039,1290.00902,-1735.26925,264.065325,19654.2105,19500.0,197738.847204,6.591294907,-240.0,30000 3000,1e-06,2,0.0 0.0259,0.0 0.0,-1.0 0.0,0.00054857 28.0,30000,1000,0,0.0,0.0 0.0 0.0,1000 1000000 0,0,0.0,0,100,0,,80,,1,,,10,1.0,10.0,0.1,True,{},,,False,3,mixed,250,300,True,Ar_Aubin,,False,uniform,Argon_Aubin_Model3-test/80Td,3.0000000000000005e+21,7.175487500000002e+23,3.300939117178837e-17,2.0888942904256262e-13,2.0849381649079164e-13,3.0008537428898524e-18,0.0,1.5004268714449262e-18,0.0,5.001422904816421e-19,4.001138323853137e-18,4.001138323853137e-18,4.001138323853137e-18,1.5004268714449262e-18,5.001422904816421e-19,3.5009960333714946e-18,3.0008537428898524e-18,9.5027035191512e-18,6.501849776261348e-18,2.0005691619265684e-18,3.0008537428898524e-18,4.001138323853137e-18,7.50213435722463e-18,1.5004268714449262e-18,1.200341497155941e-17,1.4003984133485978e-17,1.1503272681077768e-17,8.502418938187915e-18,1.0102874267729171e-16,5.0014229048164204e-17,4.651323301479271e-17,0.0,4.501280614334778e-18,5.0014229048164204e-18,3.5009960333714946e-18,4.651323301479271e-17,3.300939117178838e-17,1570.828727616553,-691.5864623513675,1977.3069873351087,1315.2698377747677,934.7905360686207,1659.150510996802,-12.719970828252084,-1476.9933736155851,66870.61969130005,8.358827461412508e+23,4.93630705445413e-22,5.750374307632125e-22
4.35431e-06,197963.0,6.59877,3e+22,-3460.16,6443.18,65835.3,4.39263,4.38978,4.39019,0.00207077418,0.000142703116,0.314960279,0.0162913934,0.0165106423,0.109156594,-9.6225438e-05,0.000628750099,-2.79358419e-05,2049.02728,-404.183518,377.697551,734.146176,610.14946,-619.913845,-1387.55273,2509.11066,22324.7423,19600.0,197963.124161,6.598770805,-240.0,30000 3000,1e-06,2,0.0 0.0259,0.0 0.0,-1.0 0.0,0.00054857 28.0,30000,1000,0,0.0,0.0 0.0 0.0,1000 1000000 0,0,0.0,0,100,0,,80,,1,,,10,1.0,10.0,0.1,True,{},,,False,3,mixed,250,300,True,Ar_Aubin,,False,uniform,Argon_Aubin_Model3-test/80Td,3.0000000000000005e+21,8.229412500000002e+23,3.8510956367086436e-17,2.0879340172279013e-13,2.0839778917101915e-13,6.501849776261348e-18,2.0005691619265684e-18,1.0002845809632842e-18,0.0,0.0,1.5004268714449262e-18,4.001138323853137e-18,5.0014229048164204e-18,5.001422904816421e-19,2.0005691619265684e-18,1.0002845809632842e-18,3.0008537428898524e-18,1.4003984133485978e-17,5.0014229048164204e-18,2.0005691619265684e-18,1.0002845809632842e-18,3.0008537428898524e-18,6.501849776261348e-18,4.501280614334778e-18,1.0502988100114484e-17,1.500426871444926e-17,8.502418938187915e-18,7.50213435722463e-18,9.402675061054871e-17,5.10145136291275e-17,4.951408675768256e-17,0.0,6.001707485779705e-18,2.5007114524082102e-18,3.5009960333714946e-18,4.651323301479271e-17,3.851095636708644e-17,1364.6826909250237,2056.1924899866685,1735.5837520691528,609.2299981370511,1059.465764076279,1589.2378439513013,217.19936630768424,-56.37225938791403,66564.53260952898,8.320566576191124e+23,5.785506914469559e-22,5.849590776845618e-22
4.37652e-06,198157.0,6.60522,3e+22,8652.83,6462.73,64992.0,4.37789,4.39754,4.41034,0.00217298304,0.000157258657,0.316537035,0.0163861789,0.0165967947,0.11020144,-9.63180702e-05,0.000664169693,-3.91275701e-05,1797.79284,-373.787028,951.606715,-341.404966,2280.99769,-433.158652,2788.83362,1887.61915,21569.6337,19700.0,198156.693541,6.605223118,-240.0,30000 3000,1e-06,2,0.0 0.0259,0.0 0.0,-1.0 0.0,0.00054857 28.0,30000,1000,0,0.0,0.0 0.0 0.0,1000 1000000 0,0,0.0,0,100,0,,80,,1,,,10,1.0,10.0,0.1,True,{},,,False,3,mixed,250,300,True,Ar_Aubin,,False,uniform,Argon_Aubin_Model3-test/80Td,3.0000000000000005e+21,8.124000000000001e+23,3.801081407660479e-17,2.0948309794136433e-13,2.0905647656758348e-13,4.501280614334778e-18,2.5007114524082102e-18,1.0002845809632842e-18,0.0,0.0,1.5004268714449262e-18,3.0008537428898524e-18,4.501280614334778e-18,1.5004268714449262e-18,1.0002845809632842e-18,1.5004268714449262e-18,3.0008537428898524e-18,1.3503841843004337e-17,5.0014229048164204e-18,1.0002845809632842e-18,2.5007114524082102e-18,4.501280614334778e-18,8.002276647706274e-18,1.5004268714449262e-18,1.3503841843004337e-17,1.450412642396762e-17,6.001707485779705e-18,5.0014229048164204e-18,1.0853087703451633e-16,6.401821318165019e-17,5.3015082791054065e-17,0.0,6.001707485779705e-18,1.1003130390596125e-17,4.001138323853137e-18,4.301223698142122e-17,3.80108140766048e-17,2123.5185253000354,1778.990387161997,1938.8823746531623,2279.9813697596464,1105.7130516117386,997.2587212799954,-8.930590617088818,860.2726687052696,70974.21216336104,8.87177652042013e+23,5.355580980471536e-22,5.848537370230919e-22
4.39874e-06,198246.0,6.60819,3e+22,2625.36,-3706.14,69296.3,4.41281,4.35234,4.4238,0.00224728481,0.00020794634,0.318049227,0.0164639852,0.0166889666,0.111224764,-0.000104546589,0.000683785269,-2.57389922e-05,381.742393,441.089476,-267.732222,-36.9762582,2439.51856,41.7044532,549.981786,-1449.76484,24413.5741,19800.0,198245.645708,6.60818819,-240.0,30000 3000,1e-06,2,0.0 0.0259,0.0 0.0,-1.0 0.0,0.00054857 28.0,30000,1000,0,0.0,0.0 0.0 0.0,1000 1000000 0,0,0.0,0,100,0,,80,,1,,,10,1.0,10.0,0.1,True,{},,,False,3,mixed,250,300,True,Ar_Aubin,,False,uniform,Argon_Aubin_Model3-test/80Td,3.0000000000000005e+21,8.662037500000001e+23,3.551010262419658e-17,2.09859705086097e-13,2.0944958840790206e-13,5.501565195298063e-18,1.5004268714449262e-18,2.5007114524082102e-18,0.0,5.001422904816421e-19,0.0,4.501280614334778e-18,5.501565195298063e-18,1.5004268714449262e-18,2.0005691619265684e-18,2.0005691619265684e-18,4.001138323853137e-18,1.2503557262041051e-17,5.0014229048164204e-18,1.0002845809632842e-18,2.5007114524082102e-18,3.0008537428898524e-18,7.50213435722463e-18,5.0014229048164204e-18,1.5504411004930906e-17,1.4003984133485978e-17,1.0502988100114484e-17,9.002561228669556e-18,9.5027035191512e-17,4.901394446720092e-17,5.151465591960914e-17,0.0,2.0005691619265684e-18,6.001707485779705e-18,6.001707485779705e-18,5.0014229048164204e-17,3.551010262419659e-17,1743.7480875154886,375.8424613512184,2074.041308362074,2440.2892382485275,1433.8318792785817,2373.9394510398997,-328.68405432394405,-708.4726769759229,68068.00534751992,8.508500668439993e+23,5.216856648421004e-22,5.124386529179275e-22
4.42096e-06,198161.0,6.60537,3e+22,2472.96,-5744.55,58607.7,4.38708,4.46121,4.34269,0.00229696754,0.000148599561,0.319559988,0.016545831,0.016778661,0.112231914,-0.000112023979,0.00068866254,-3.59750353e-05,3409.60417,841.660768,-746.437852,-590.14242,2192.26358,399.35408,1654.86583,-373.379115,19423.7797,19900.0,198161.050038,6.605368335,-240.0,30000 3000,1e-06,2,0.0 0.0259,0.0 0.0,-1.0 0.0,0.00054857 28.0,30000,1000,0,0.0,0.0 0.0 0.0,1000 1000000 0,0,0.0,0,100,0,,80,,1,,,10,1.0,10.0,0.1,True,{},,,False,3,mixed,250,300,True,Ar_Aubin,,False,uniform,Argon_Aubin_Model3-test/80Td,3.0000000000000005e+21,7.325962500000001e+23,3.801081407660479e-17,2.098156925645346e-13,2.0939857389427294e-13,6.501849776261348e-18,5.001422904816421e-19,2.0005691619265684e-18,0.0,2.0005691619265684e-18,2.0005691619265684e-18,4.001138323853137e-18,3.5009960333714946e-18,0.0,2.5007114524082102e-18,2.5007114524082102e-18,3.5009960333714946e-18,1.0502988100114484e-17,5.501565195298063e-18,2.5007114524082102e-18,1.0002845809632842e-18,4.001138323853137e-18,8.502418938187915e-18,2.0005691619265684e-18,1.1003130390596125e-17,2.0005691619265682e-17,8.002276647706274e-18,5.0014229048164204e-18,1.0002845809632841e-16,5.0014229048164204e-17,5.801650569587048e-17,0.0,4.001138323853137e-18,7.001992066742989e-18,4.001138323853137e-18,4.901394446720092e-17,3.80108140766048e-17,1836.9732744890698,3403.9238611522815,2019.1745518027933,2193.1172176081423,987.4653904942935,695.1037912924003,-647.934670638946,-16.451074418538155,68003.59202193146,8.500449002741434e+23,5.589530338977702e-22,6.4856348357988445e-22
4.44317e-06,198397.0,6.61322,3e+22,-554.845,-2438.69,58288.4,4.37971,4.39819,4.42919,0.00227985162,0.000164203438,0.321070664,0.0166225884,0.0168720892,0.113251968,-0.000116136782,0.000678692906,-2.10890947e-05,691.531725,-726.287612,-1149.45754,42.5243005,2082.92034,544.303918,841.464593,276.25962,19672.0464,20000.0,198396.676957,6.613222565,-240.0,30000 3000,1e-06,2,0.0 0.0259,0.0 0.0,-1.0 0.0,0.00054857 28.0,30000,1000,0,0.0,0.0 0.0 0.0,1000 1000000 0,0,0.0,0,100,0,,80,,1,,,10,1.0,10.0,0.1,True,{},,,False,3,mixed,250,300,True,Ar_Aubin,,False,uniform,Argon_Aubin_Model3-test/80Td,3.0000000000000005e+21,7.286050000000002e+23,3.4009675752751654e-17,2.1011727836569505e-13,2.0971316339498593e-13,3.5009960333714946e-18,2.5007114524082102e-18,5.001422904816421e-19,0.0,5.001422904816421e-19,1.0002845809632842e-18,2.5007114524082102e-18,7.001992066742989e-18,0.0,4.501280614334778e-18,1.0002845809632842e-18,4.001138323853137e-18,1.0002845809632841e-17,6.001707485779705e-18,2.5007114524082102e-18,5.001422904816421e-19,4.501280614334778e-18,6.501849776261348e-18,4.001138323853137e-18,1.1003130390596125e-17,1.1503272681077768e-17,7.001992066742989e-18,4.001138323853137e-18,1.0252916954873662e-16,5.10145136291275e-17,5.0514371338645855e-17,0.0,6.001707485779705e-18,8.002276647706274e-18,3.0008537428898524e-18,5.4515509662498986e-17,3.400967575275166e-17,1729.2960553161722,692.796689272099,2102.6228750686373,2083.3207812822166,1176.3792859899518,957.3511085024002,-357.5901915333678,-262.7373976001281,67999.76593340754,8.499970741675944e+23,5.0014401205523965e-22,5.834724533998472e-22
4.46539e-06,198387.0,6.6129,3e+22,-12371.5,-2731.15,60415.2,4.36912,4.40678,4.42824,0.00226251614,0.00017569947,0.322571329,0.0166803477,0.0169550462,0.114261585,-0.000116148858,0.000665094031,-5.49511418e-06,2289.1041,-718.272252,-240.987949,535.457692,2990.04514,-170.958199,-4831.13288,-854.382827,19895.2397,20100.0,198387.148338,6.612904945,-240.0,30000 3000,1e-06,2,0.0 0.0259,0.0 0.0,-1.0 0.0,0.00054857 28.0,30000,1000,0,0.0,0.0 0.0 0.0,1000 1000000 0,0,0.0,0,100,0,,80,,1,,,10,1.0,10.0,0.1,True,{},,,False,3,mixed,250,300,True,Ar_Aubin,,False,uniform,Argon_Aubin_Model3-test/80Td,3.0000000000000005e+21,7.551900000000002e+23,3.45098180432333e-17,2.0941307802069686e-13,2.0900396162708293e-13,5.0014229048164204e-18,1.5004268714449262e-18,1.5004268714449262e-18,0.0,0.0,2.5007114524082102e-18,6.001707485779705e-18,3.5009960333714946e-18,0.0,0.0,1.5004268714449262e-18,2.5007114524082102e-18,1.3503841843004337e-17,4.501280614334778e-18,3.0008537428898524e-18,5.001422904816421e-19,4.001138323853137e-18,1.1003130390596125e-17,1.5004268714449262e-18,1.3003699552522696e-17,8.502418938187915e-18,9.5027035191512e-18,2.5007114524082102e-18,1.0502988100114484e-16,4.151181010997629e-17,5.0514371338645855e-17,0.0,5.501565195298063e-18,8.002276647706274e-18,5.501565195298063e-18,6.30179286006869e-17,3.4509818043233305e-17,1301.7263339648132,2317.09481842601,1866.975735065787,2990.5250016074906,984.1147235684163,407.02834419919964,-514.4171385752751,-1218.1199973778284,67549.14273110755,8.443642841388445e+23,5.1088461893004795e-22,5.712108549377193e-22
4.4876e-06,197470.0,6.58234,3e+22,-5636.92,3773.66,55018.7,4.39446,4.34955,4.4032,0.00229299682,0.000138573128,0.324027069,0.0167844341,0.0170407963,0.115244311,-0.000111828824,0.000680305141,-2.11070761e-05,2511.24544,627.780732,-605.145902,391.162189,1160.5567,154.004014,-1870.52953,1891.50703,18415.2842,20200.0,197470.175657,6.582339189,-240.0,30000 3000,1e-06,2,0.0 0.0259,0.0 0.0,-1.0 0.0,0.00054857 28.0,30000,1000,0,0.0,0.0 0.0 0.0,1000 1000000 0,0,0.0,0,100,0,,80,,1,,,10,1.0,10.0,0.1,True,{},,,False,3,mixed,250,300,True,Ar_Aubin,,False,uniform,Argon_Aubin_Model3-test/80Td,3.0000000000000005e+21,6.8773375e+23,3.551010262419658e-17,2.088134074144094e-13,2.0837878376398088e-13,4.501280614334778e-18,1.5004268714449262e-18,2.0005691619265684e-18,0.0,5.001422904816421e-19,3.5009960333714946e-18,2.0005691619265684e-18,2.5007114524082102e-18,1.5004268714449262e-18,2.0005691619265684e-18,2.5007114524082102e-18,3.0008537428898524e-18,1.4003984133485978e-17,4.501280614334778e-18,2.0005691619265684e-18,1.5004268714449262e-18,3.5009960333714946e-18,1.1003130390596125e-17,3.0008537428898524e-18,1.750498016685747e-17,1.3503841843004337e-17,1.0002845809632841e-17,5.501565195298063e-18,1.095311616154796e-16,5.201479821009078e-17,5.701622111490719e-17,0.0,4.501280614334778e-18,4.001138323853137e-18,1.5004268714449262e-18,5.901679027683377e-17,3.551010262419659e-17,2339.485343092735,2524.1708796345947,1930.1889140650433,1160.0337721297917,932.8194692876981,587.7360988096989,91.86705705505973,-775.318470353054,65526.94241511634,8.190867801889544e+23,5.419160625447525e-22,6.454187871432183e-22
4.50982e-06,197555.0,6.58516,3e+22,-862.384,-7550.4,63808.4,4.37969,4.37568,4.39148,0.00225566355,0.000152066548,0.325504946,0.0168619966,0.0171501043,0.116250714,-0.000104184002,0.00066712,-1.47321576e-05,565.151272,-417.208137,649.262216,395.117153,1835.27179,499.731385,-798.489046,-1935.22565,21396.723,20300.0,197554.927125,6.585164238,-240.0,30000 3000,1e-06,2,0.0 0.0259,0.0 0.0,-1.0 0.0,0.00054857 28.0,30000,1000,0,0.0,0.0 0.0 0.0,1000 1000000 0,0,0.0,0,100,0,,80,,1,,,10,1.0,10.0,0.1,True,{},,,False,3,mixed,250,300,True,Ar_Aubin,,False,uniform,Argon_Aubin_Model3-test/80Td,3.0000000000000005e+21,7.976050000000001e+23,3.7510671786123153e-17,2.087919012959187e-13,2.0838978689437145e-13,4.501280614334778e-18,1.5004268714449262e-18,1.5004268714449262e-18,0.0,1.5004268714449262e-18,2.0005691619265684e-18,2.5007114524082102e-18,4.501280614334778e-18,5.001422904816421e-19,3.5009960333714946e-18,3.0008537428898524e-18,2.0005691619265684e-18,1.1003130390596125e-17,2.5007114524082102e-18,2.5007114524082102e-18,5.001422904816421e-19,2.5007114524082102e-18,7.50213435722463e-18,6.001707485779705e-18,1.1003130390596125e-17,1.2503557262041051e-17,8.002276647706274e-18,5.501565195298063e-18,9.452689290103034e-17,5.0514371338645855e-17,6.251778631020527e-17,0.0,4.501280614334778e-18,6.001707485779705e-18,4.501280614334778e-18,4.551294843382943e-17,3.751067178612316e-17,1749.4748438221316,567.0965201549031,2460.0416430750483,1836.4199532640191,1045.9755010562799,626.7732036535999,-199.0351156603055,-12.446854712556046,66523.39090471313,8.315423863089143e+23,5.638719144646842e-22,5.878641650021494e-22
4.53203e-06,197951.0,6.59837,3e+22,-4586.17,6454.79,70433.4,4.36768,4.41509,4.3854,0.00225868715,0.000157945612,0.327038597,0.0169314416,0.0172461914,0.117287279,-9.57168117e-05,0.000676322957,-1.51323206e-05,1587.96441,984.994824,-98.0817544,676.584941,1657.09503,-803.178315,-1436.31839,2641.97943,23136.9397,20400.0,197950.973979,6.598365799,-240.0,30000 3000,1e-06,2,0.0 0.0259,0.0 0.0,-1.0 0.0,0.00054857 28.0,30000,1000,0,0.0,0.0 0.0 0.0,1000 1000000 0,0,0.0,0,100,0,,80,,1,,,10,1.0,10.0,0.1,True,{},,,False,3,mixed,250,300,True,Ar_Aubin,,False,uniform,Argon_Aubin_Model3-test/80Td,3.0000000000000005e+21,8.804175000000001e+23,3.801081407660479e-17,2.0911449307327934e-13,2.087103781025702e-13,3.5009960333714946e-18,1.5004268714449262e-18,1.5004268714449262e-18,0.0,5.001422904816421e-19,1.0002845809632842e-18,3.5009960333714946e-18,2.0005691619265684e-18,1.5004268714449262e-18,2.5007114524082102e-18,3.5009960333714946e-18,6.001707485779705e-18,1.2503557262041051e-17,4.001138323853137e-18,1.5004268714449262e-18,2.5007114524082102e-18,3.0008537428898524e-18,9.002561228669556e-18,4.501280614334778e-18,1.1003130390596125e-17,8.502418938187915e-18,1.1503272681077768e-17,9.002561228669556e-18,1.045297387106632e-16,3.851095636708644e-17,5.4515509662498986e-17,0.0,5.0014229048164204e-18,5.0014229048164204e-18,2.0005691619265684e-18,5.251494050057242e-17,3.80108140766048e-17,1562.6499581205521,1598.3231332467155,2162.5339828382057,1656.0755242431185,805.5253834983776,102.49938206020306,214.02339941167625,-193.63255750731992,69033.93515455008,8.629241894318761e+23,5.506105655357454e-22,5.396702995539729e-22
4.55425e-06,197506.0,6.58352,3e+22,-8033.51,-7402.83,60752.3,4.36956,4.37386,4.40196,0.00230889642,0.00022314981,0.32852745,0.016996286,0.0173345317,0.11830673,-0.000103330227,0.000692969019,9.0611048e-06,854.342386,-1708.02485,272.842867,-411.693574,1620.52645,307.936001,-1412.07938,-2559.58879,20841.6391,20500.0,197505.672683,6.583522423,-240.0,30000 3000,1e-06,2,0.0 0.0259,0.0 0.0,-1.0 0.0,0.00054857 28.0,30000,1000,0,0.0,0.0 0.0 0.0,1000 1000000 0,0,0.0,0,100,0,,80,,1,,,10,1.0,10.0,0.1,True,{},,,False,3,mixed,250,300,True,Ar_Aubin,,False,uniform,Argon_Aubin_Model3-test/80Td,3.0000000000000005e+21,7.594037500000002e+23,3.5009960333714937e-17,2.0954211473164115e-13,2.0911549335786034e-13,6.001707485779705e-18,1.5004268714449262e-18,1.5004268714449262e-18,0.0,5.001422904816421e-19,5.001422904816421e-19,2.0005691619265684e-18,5.0014229048164204e-18,1.5004268714449262e-18,1.0002845809632842e-18,2.5007114524082102e-18,2.5007114524082102e-18,1.3003699552522696e-17,6.501849776261348e-18,2.0005691619265684e-18,1.0002845809632842e-18,3.0008537428898524e-18,1.0002845809632841e-17,3.0008537428898524e-18,1.2503557262041051e-17,1.700483787637583e-17,1.0002845809632841e-17,7.001992066742989e-18,1.0102874267729171e-16,5.801650569587048e-17,5.851664798635212e-17,0.0,5.0014229048164204e-18,7.001992066742989e-18,4.001138323853137e-18,4.8513802176719277e-17,3.500996033371494e-17,1454.2526965660913,872.8909284790342,1987.663137182048,1622.1783901079623,976.9922493778541,882.840899365001,-144.57728828453597,1359.7212738727344,67017.45146494232,8.377181433117792e+23,5.224006518963063e-22,5.762738255788659e-22
4.57647e-06,197450.0,6.58166,3e+22,-12309.8,4230.1,65599.4,4.36344,4.35429,4.42015,0.00224108653,0.000197720618,0.330053621,0.0170704423,0.0174282163,0.11937916,-0.000117092453,0.000672310021,-3.55776941e-06,1377.9104,228.8999,-274.645,-168.490162,1756.68057,277.322226,-4251.14401,1210.32307,23187.4587,20600.0,197449.68601,6.5816562,-240.0,30000 3000,1e-06,2,0.0 0.0259,0.0 0.0,-1.0 0.0,0.00054857 28.0,30000,1000,0,0.0,0.0 0.0 0.0,1000 1000000 0,0,0.0,0,100,0,,80,,1,,,10,1.0,10.0,0.1,True,{},,,False,3,mixed,250,300,True,Ar_Aubin,,False,uniform,Argon_Aubin_Model3-test/80Td,3.0000000000000005e+21,8.199925000000001e+23,4.0511525529013e-17,2.0858684295682123e-13,2.0816772371739763e-13,8.002276647706274e-18,1.0002845809632842e-18,2.5007114524082102e-18,0.0,0.0,2.0005691619265684e-18,2.0005691619265684e-18,5.0014229048164204e-18,0.0,3.0008537428898524e-18,3.5009960333714946e-18,3.0008537428898524e-18,1.650469558589419e-17,3.5009960333714946e-18,1.5004268714449262e-18,3.5009960333714946e-18,3.0008537428898524e-18,9.5027035191512e-18,4.501280614334778e-18,1.4003984133485978e-17,9.5027035191512e-18,1.1503272681077768e-17,5.501565195298063e-18,1.0252916954873662e-16,5.0514371338645855e-17,5.10145136291275e-17,0.0,3.5009960333714946e-18,5.501565195298063e-18,3.5009960333714946e-18,4.951408675768256e-17,4.051152552901301e-17,1675.9355651434644,1405.497726966994,2108.7442416225063,1755.8441920137982,1515.191108414421,1536.139194572599,-81.10718107734212,-609.9088779302824,68697.23936460016,8.587154920575021e+23,5.89711113630116e-22,6.175593912293864e-22
4.59868e-06,197639.0,6.58798,3e+22,-4987.55,-1510.78,60961.3,4.37892,4.38057,4.39518,0.0021730223,0.000209951871,0.331606013,0.0171614557,0.0175341922,0.120457071,-0.000110821846,0.00065233018,2.22458635e-08,1119.68724,-646.961584,198.552043,-1117.414,2989.02415,889.877487,-1796.72255,-181.015911,21175.6525,20700.0,197639.356917,6.587978564,-240.0,30000 3000,1e-06,2,0.0 0.0259,0.0 0.0,-1.0 0.0,0.00054857 28.0,30000,1000,0,0.0,0.0 0.0 0.0,1000 1000000 0,0,0.0,0,100,0,,80,,1,,,10,1.0,10.0,0.1,True,{},,,False,3,mixed,250,300,True,Ar_Aubin,,False,uniform,Argon_Aubin_Model3-test/80Td,3.0000000000000005e+21,7.620162500000003e+23,2.950839513841688e-17,2.0944208627354483e-13,2.0902196674954025e-13,5.501565195298063e-18,2.0005691619265684e-18,1.5004268714449262e-18,0.0,1.5004268714449262e-18,4.001138323853137e-18,4.001138323853137e-18,4.001138323853137e-18,1.5004268714449262e-18,2.0005691619265684e-18,2.5007114524082102e-18,6.001707485779705e-18,1.5504411004930906e-17,3.5009960333714946e-18,4.001138323853137e-18,2.0005691619265684e-18,3.0008537428898524e-18,1.3503841843004337e-17,1.5004268714449262e-18,1.0502988100114484e-17,1.4003984133485978e-17,1.0502988100114484e-17,1.1003130390596125e-17,1.0002845809632841e-16,4.801365988623764e-17,5.751636340538883e-17,0.0,2.0005691619265684e-18,8.502418938187915e-18,1.0002845809632842e-18,5.0014229048164204e-17,2.9508395138416884e-17,2055.1461547507447,1130.525297372365,2385.0240965849994,2989.3413410876697,1142.3322362698946,960.518859703101,-39.98838049616238,-76.73920119883996,69877.52015448206,8.734690019310259e+23,4.2228738331270277e-22,4.840512774238226e-22
4.6209e-06,197853.0,6.59509,3e+22,-3420.27,4763.51,49615.4,4.41186,4.35796,4.40616,0.00218491296,0.000236329666,0.333153379,0.0172499889,0.0175893826,0.12154405,-0.00011760262,0.000668107525,1.94882758e-05,1435.91022,-322.787869,76.3239465,136.898301,2099.11554,-513.272573,-870.367276,877.424194,18223.3334,20800.0,197852.645366,6.595088179,-240.0,30000 3000,1e-06,2,0.0 0.0259,0.0 0.0,-1.0 0.0,0.00054857 28.0,30000,1000,0,0.0,0.0 0.0 0.0,1000 1000000 0,0,0.0,0,100,0,,80,,1,,,10,1.0,10.0,0.1,True,{},,,False,3,mixed,250,300,True,Ar_Aubin,,False,uniform,Argon_Aubin_Model3-test/80Td,3.0000000000000005e+21,6.201925000000001e+23,4.1511810109976285e-17,2.0925003163399985e-13,2.088364139597716e-13,6.501849776261348e-18,0.0,5.001422904816421e-19,0.0,0.0,2.5007114524082102e-18,5.0014229048164204e-18,4.001138323853137e-18,2.5007114524082102e-18,2.5007114524082102e-18,4.001138323853137e-18,2.0005691619265684e-18,1.3503841843004337e-17,6.501849776261348e-18,1.0002845809632842e-18,2.5007114524082102e-18,3.0008537428898524e-18,7.50213435722463e-18,2.5007114524082102e-18,1.3503841843004337e-17,1.1503272681077768e-17,6.501849776261348e-18,8.002276647706274e-18,9.552717748199364e-17,5.0014229048164204e-17,5.501565195298063e-17,0.0,6.501849776261348e-18,6.001707485779705e-18,3.5009960333714946e-18,5.0014229048164204e-17,4.151181010997629e-17,1991.3976312802452,1443.3832122496992,1241.8724444453558,2097.989781272712,1313.3143072865882,1693.7952395633984,380.51443417542856,237.0258476167462,69651.28579080974,8.706410723851218e+23,5.959948856457957e-22,8.366718823183181e-22
4.64311e-06,197099.0,6.56996,3e+22,12039.6,12083.4,75563.4,4.3357,4.37574,4.39436,0.0022864135,0.000362755258,0.334584469,0.0173318711,0.0176722958,0.122544395,-9.34861324e-05,0.000712201195,5.1708453e-05,3007.35096,-146.97197,746.524011,466.58516,2444.54357,186.548621,3908.15545,3987.71628,26583.4963,20900.0,197098.829803,6.569960993,-240.0,30000 3000,1e-06,2,0.0 0.0259,0.0 0.0,-1.0 0.0,0.00054857 28.0,30000,1000,0,0.0,0.0 0.0 0.0,1000 1000000 0,0,0.0,0,100,0,,80,,1,,,10,1.0,10.0,0.1,True,{},,,False,3,mixed,250,300,True,Ar_Aubin,,False,uniform,Argon_Aubin_Model3-test/80Td,3.0000000000000005e+21,9.445425e+23,3.45098180432333e-17,2.0849331634850117e-13,2.0807219653991564e-13,3.0008537428898524e-18,5.001422904816421e-19,1.5004268714449262e-18,0.0,1.0002845809632842e-18,2.0005691619265684e-18,2.5007114524082102e-18,3.0008537428898524e-18,5.001422904816421e-19,3.5009960333714946e-18,1.5004268714449262e-18,2.5007114524082102e-18,1.3503841843004337e-17,5.501565195298063e-18,3.0008537428898524e-18,2.0005691619265684e-18,2.5007114524082102e-18,1.1003130390596125e-17,3.5009960333714946e-18,9.5027035191512e-18,1.3503841843004337e-17,1.1503272681077768e-17,5.501565195298063e-18,1.0252916954873662e-16,5.401536737201735e-17,5.3515225081535703e-17,0.0,3.5009960333714946e-18,4.001138323853137e-18,4.001138323853137e-18,6.251778631020527e-17,3.4509818043233305e-17,1832.6594454825774,2979.8234560254,1864.3732717067944,2440.1602531154826,1007.2075204176895,1301.156235165403,315.3758629162176,453.64711016169986,64417.37674368215,8.05217209296027e+23,5.357221884484439e-22,4.567001755245701e-22
4.66533e-06,197391.0,6.57969,3e+22,3260.97,946.231,69788.9,4.41234,4.38809,4.33119,0.00234740559,0.000387855285,0.336199686,0.0174306942,0.0177486314,0.123669199,-9.93313629e-05,0.000745706226,5.1681178e-05,2483.17567,-777.395122,283.673244,484.621983,1656.96691,-1543.84762,1926.43281,917.09213,24050.6167,21000.0,197390.580752,6.579686025,-240.0,30000 3000,1e-06,2,0.0 0.0259,0.0 0.0,-1.0 0.0,0.00054857 28.0,30000,1000,0,0.0,0.0 0.0 0.0,1000 1000000 0,0,0.0,0,100,0,,80,,1,,,10,1.0,10.0,0.1,True,{},,,False,3,mixed,250,300,True,Ar_Aubin,,False,uniform,Argon_Aubin_Model3-test/80Td,3.0000000000000005e+21,8.723612500000002e+23,3.4009675752751654e-17,2.0881740855273323e-13,2.0838628589833808e-13,4.501280614334778e-18,2.0005691619265684e-18,2.5007114524082102e-18,0.0,0.0,5.001422904816421e-19,4.001138323853137e-18,4.001138323853137e-18,1.0002845809632842e-18,3.5009960333714946e-18,3.0008537428898524e-18,3.5009960333714946e-18,1.650469558589419e-17,6.001707485779705e-18,5.001422904816421e-19,2.5007114524082102e-18,2.5007114524082102e-18,9.5027035191512e-18,4.001138323853137e-18,1.0502988100114484e-17,1.6004553295412547e-17,8.502418938187915e-18,6.001707485779705e-18,9.852803122488349e-17,5.651607882442556e-17,5.901679027683377e-17,0.0,3.5009960333714946e-18,5.501565195298063e-18,5.0014229048164204e-18,5.801650569587048e-17,3.400967575275166e-17,2217.7916197187533,2475.520850793178,1717.615753921799,1656.5999093058192,930.4603800288024,587.6104337146026,418.9096790715965,949.9461099646289,72705.44970043987,9.088181212554986e+23,4.677734047843445e-22,4.873221350780949e-22
4.68755e-06,198030.0,6.60101,3e+22,936.038,8201.27,66155.3,4.36704,4.3652,4.44451,0.00229393786,0.000364824073,0.337810797,0.0175083506,0.0178540271,0.124803322,-8.87198982e-05,0.000732802006,4.88045233e-05,1659.37216,958.827844,221.581121,904.820577,2152.07961,881.232929,475.390554,2461.93214,22682.1651,21100.0,198030.411587,6.60101372,-240.0,30000 3000,1e-06,2,0.0 0.0259,0.0 0.0,-1.0 0.0,0.00054857 28.0,30000,1000,0,0.0,0.0 0.0 0.0,1000 1000000 0,0,0.0,0,100,0,,80,,1,,,10,1.0,10.0,0.1,True,{},,,False,3,mixed,250,300,True,Ar_Aubin,,False,uniform,Argon_Aubin_Model3-test/80Td,3.0000000000000005e+21,8.269412500000002e+23,3.300939117178837e-17,2.0910799122350307e-13,2.0868937212637e-13,4.501280614334778e-18,1.0002845809632842e-18,2.5007114524082102e-18,0.0,1.0002845809632842e-18,4.001138323853137e-18,3.5009960333714946e-18,5.0014229048164204e-18,5.001422904816421e-19,1.5004268714449262e-18,2.5007114524082102e-18,2.0005691619265684e-18,1.1003130390596125e-17,4.001138323853137e-18,1.5004268714449262e-18,3.5009960333714946e-18,4.501280614334778e-18,1.0502988100114484e-17,3.5009960333714946e-18,1.1503272681077768e-17,1.450412642396762e-17,1.0002845809632841e-17,5.501565195298063e-18,1.1003130390596126e-16,4.7013375305274356e-17,5.651607882442556e-17,0.0,4.001138323853137e-18,6.501849776261348e-18,2.5007114524082102e-18,5.10145136291275e-17,3.300939117178838e-17,1753.3514757093687,1657.2249469934013,2372.4682573711198,2149.087589274827,1085.197915083007,334.1904812258981,61.929767309472055,229.011784888056,72520.62711841511,9.06507838980189e+23,4.55172445184307e-22,4.989682031793125e-22
4.70976e-06,197824.0,6.59415,3e+22,-946.435,2408.51,62719.2,4.36171,4.42729,4.37689,0.00235997012,0.000350775512,0.339313104,0.0175913915,0.0179288283,0.125879722,-8.50503362e-05,0.000756350452,3.6514629e-05,2395.95661,-122.349822,-402.127884,-938.125119,751.664075,538.237081,161.257816,1564.25126,23028.1541,21200.0,197824.480141,6.594149338,-240.0,30000 3000,1e-06,2,0.0 0.0259,0.0 0.0,-1.0 0.0,0.00054857 28.0,30000,1000,0,0.0,0.0 0.0 0.0,1000 1000000 0,0,0.0,0,100,0,,80,,1,,,10,1.0,10.0,0.1,True,{},,,False,3,mixed,250,300,True,Ar_Aubin,,False,uniform,Argon_Aubin_Model3-test/80Td,3.0000000000000005e+21,7.839900000000001e+23,4.5012806143347784e-17,2.0960713322940376e-13,2.0919051470143256e-13,3.5009960333714946e-18,1.5004268714449262e-18,1.5004268714449262e-18,0.0,5.001422904816421e-19,2.5007114524082102e-18,5.501565195298063e-18,4.001138323853137e-18,2.0005691619265684e-18,2.5007114524082102e-18,3.0008537428898524e-18,4.001138323853137e-18,1.3003699552522696e-17,6.001707485779705e-18,1.0002845809632842e-18,1.0002845809632842e-18,3.0008537428898524e-18,9.002561228669556e-18,3.5009960333714946e-18,9.5027035191512e-18,1.4003984133485978e-17,9.5027035191512e-18,7.001992066742989e-18,9.352660832006707e-17,4.801365988623764e-17,6.001707485779705e-17,0.0,4.001138323853137e-18,7.50213435722463e-18,3.0008537428898524e-18,4.8513802176719277e-17,4.5012806143347784e-17,1862.0355677296423,2398.1901683205224,1683.7322175654174,750.8192286715929,1331.299287006462,1746.7076676032011,-103.68087763170233,-67.74770836606405,67623.0537587935,8.452881719849188e+23,6.656429078743646e-22,7.176878235587793e-22
4.73198e-06,197361.0,6.5787,3e+22,5662.99,-9228.31,63121.8,4.38407,4.41906,4.33096,0.00230335231,0.000377946279,0.340808749,0.017682315,0.0180105895,0.126965521,-7.20752453e-05,0.000735717691,5.34938589e-05,1900.70631,24.5129376,-124.365715,1722.99235,737.16667,829.173711,2581.48694,-2976.0879,22866.8002,21300.0,197361.12223,6.578704074,-240.0,30000 3000,1e-06,2,0.0 0.0259,0.0 0.0,-1.0 0.0,0.00054857 28.0,30000,1000,0,0.0,0.0 0.0 0.0,1000 1000000 0,0,0.0,0,100,0,,80,,1,,,10,1.0,10.0,0.1,True,{},,,False,3,mixed,250,300,True,Ar_Aubin,,False,uniform,Argon_Aubin_Model3-test/80Td,3.0000000000000005e+21,7.890225000000001e+23,3.551010262419658e-17,2.093800686295251e-13,2.0895394739803474e-13,3.5009960333714946e-18,2.0005691619265684e-18,1.0002845809632842e-18,0.0,1.0002845809632842e-18,3.5009960333714946e-18,6.001707485779705e-18,4.001138323853137e-18,0.0,2.0005691619265684e-18,3.5009960333714946e-18,1.0002845809632842e-18,1.3503841843004337e-17,5.0014229048164204e-18,1.5004268714449262e-18,1.0002845809632842e-18,3.0008537428898524e-18,9.002561228669556e-18,3.5009960333714946e-18,1.1003130390596125e-17,1.8505264747820757e-17,8.502418938187915e-18,5.501565195298063e-18,1.0002845809632841e-16,5.701622111490719e-17,4.901394446720092e-17,0.0,5.501565195298063e-18,8.002276647706274e-18,5.0014229048164204e-18,5.851664798635212e-17,3.551010262419659e-17,2052.303240096247,1887.6624489019932,1839.7048976185554,740.6544754259585,1543.4475121373594,1354.3385073717982,-219.0590303749895,381.7329436591317,67323.17844426943,8.415397305533681e+23,5.274573103168633e-22,5.625647973314541e-22
4.75419e-06,197519.0,6.58398,3e+22,4548.18,-3298.02,62850.8,4.36677,4.38957,4.38899,0.00236479188,0.000361008335,0.342424201,0.017771151,0.0181014005,0.128128889,-6.45054781e-05,0.000758434404,5.12715931e-05,1618.21363,83.0040431,-104.545207,-190.443843,2076.69957,187.223542,2045.15118,-860.236732,22326.9749,21400.0,197519.442888,6.58398143,-240.0,30000 3000,1e-06,2,0.0 0.0259,0.0 0.0,-1.0 0.0,0.00054857 28.0,30000,1000,0,0.0,0.0 0.0 0.0,1000 1000000 0,0,0.0,0,100,0,,80,,1,,,10,1.0,10.0,0.1,True,{},,,False,3,mixed,250,300,True,Ar_Aubin,,False,uniform,Argon_Aubin_Model3-test/80Td,3.0000000000000005e+21,7.856350000000002e+23,3.5009960333714937e-17,2.086583633043601e-13,2.082202386578982e-13,5.0014229048164204e-18,3.5009960333714946e-18,2.5007114524082102e-18,0.0,0.0,3.0008537428898524e-18,4.501280614334778e-18,5.0014229048164204e-18,5.001422904816421e-19,2.5007114524082102e-18,2.0005691619265684e-18,3.0008537428898524e-18,1.8005122457339113e-17,2.5007114524082102e-18,1.5004268714449262e-18,2.5007114524082102e-18,2.5007114524082102e-18,1.0502988100114484e-17,4.001138323853137e-18,1.6004553295412547e-17,1.4003984133485978e-17,1.1503272681077768e-17,8.002276647706274e-18,1.02029027258255e-16,5.3515225081535703e-17,6.151750172924198e-17,0.0,4.501280614334778e-18,3.5009960333714946e-18,2.5007114524082102e-18,5.3015082791054065e-17,3.500996033371494e-17,1992.9237894540877,1607.4581308672216,2044.1106678521382,2077.890182708997,1342.2360664350072,805.3399277892022,-91.94485764374643,234.57000900431626,72716.02770988173,9.089503463735217e+23,4.814613976631903e-22,5.570328513513739e-22
4.77641e-06,197090.0,6.56966,3e+22,-9234.17,-502.127,59174.2,4.36282,4.41637,4.33972,0.00232593694,0.000278819596,0.343863279,0.0178555262,0.0181978246,0.129169777,-5.04556364e-05,0.00074996987,3.15870583e-05,1946.34854,1401.56215,-48.2439389,-255.809812,1862.61218,115.42478,-2619.3517,382.33794,22117.1756,21500.0,197089.735798,6.56965786,-240.0,30000 3000,1e-06,2,0.0 0.0259,0.0 0.0,-1.0 0.0,0.00054857 28.0,30000,1000,0,0.0,0.0 0.0 0.0,1000 1000000 0,0,0.0,0,100,0,,80,,1,,,10,1.0,10.0,0.1,True,{},,,False,3,mixed,250,300,True,Ar_Aubin,,False,uniform,Argon_Aubin_Model3-test/80Td,3.0000000000000005e+21,7.396775e+23,3.7510671786123153e-17,2.0884791723245265e-13,2.0843680026967675e-13,2.5007114524082102e-18,1.0002845809632842e-18,2.0005691619265684e-18,0.0,0.0,2.0005691619265684e-18,4.501280614334778e-18,2.5007114524082102e-18,0.0,1.5004268714449262e-18,3.0008537428898524e-18,2.5007114524082102e-18,1.500426871444926e-17,5.0014229048164204e-18,2.0005691619265684e-18,1.0002845809632842e-18,3.0008537428898524e-18,5.501565195298063e-18,4.501280614334778e-18,1.500426871444926e-17,1.0502988100114484e-17,8.502418938187915e-18,5.501565195298063e-18,1.0903101932499797e-16,4.651323301479271e-17,5.601593653394391e-17,0.0,2.5007114524082102e-18,8.502418938187915e-18,3.0008537428898524e-18,5.10145136291275e-17,3.751067178612316e-17,1903.0842321683847,1967.8266371132397,2171.3431967830384,1862.7521828472807,1198.8437528198895,1769.3411557982,67.21011098634295,370.06087846848186,64776.93903915835,8.097117379894796e+23,5.7907447221992925e-22,6.33902474154668e-22
4.79863e-06,197538.0,6.5846,3e+22,-8020.8,-537.909,69324.6,4.37208,4.40665,4.36277,0.00226305272,0.000244615681,0.345425618,0.0179522828,0.0182858458,0.130300211,-4.80348654e-05,0.000753496143,2.70472093e-05,1363.5843,1154.58617,663.282357,96.6467569,3027.63441,-1100.02126,-2817.34003,411.2267,24651.5269,21600.0,197537.937983,6.584597933,-240.0,30000 3000,1e-06,2,0.0 0.0259,0.0 0.0,-1.0 0.0,0.00054857 28.0,30000,1000,0,0.0,0.0 0.0 0.0,1000 1000000 0,0,0.0,0,100,0,,80,,1,,,10,1.0,10.0,0.1,True,{},,,False,3,mixed,250,300,True,Ar_Aubin,,False,uniform,Argon_Aubin_Model3-test/80Td,3.0000000000000005e+21,8.665575000000002e+23,3.8510956367086436e-17,2.0903697101825468e-13,2.0862885490922167e-13,4.501280614334778e-18,2.0005691619265684e-18,1.5004268714449262e-18,5.001422904816421e-19,5.001422904816421e-19,2.0005691619265684e-18,5.501565195298063e-18,4.001138323853137e-18,0.0,3.0008537428898524e-18,1.0002845809632842e-18,3.0008537428898524e-18,1.1003130390596125e-17,6.001707485779705e-18,1.5004268714449262e-18,3.0008537428898524e-18,5.501565195298063e-18,7.001992066742989e-18,1.5004268714449262e-18,1.450412642396762e-17,1.200341497155941e-17,1.1503272681077768e-17,5.0014229048164204e-18,8.502418938187916e-17,4.951408675768256e-17,5.701622111490719e-17,0.0,5.501565195298063e-18,8.002276647706274e-18,3.5009960333714946e-18,5.501565195298063e-17,3.851095636708644e-17,2184.137825506916,1381.735793256576,1981.4435502437389,3027.765990976351,1204.7919271765957,705.0341023971996,972.915414772549,459.6468992614882,70325.2625371904,8.790657817148802e+23,5.476119814941399e-22,5.555164597716602e-22
4.82084e-06,197896.0,6.59652,3e+22,10124.5,-1192.29,57717.6,4.39907,4.36119,4.41325,0.00223132562,0.000222890402,0.347051656,0.0180407614,0.0183797759,0.131475758,-4.11227942e-05,0.000746472383,1.63769429e-05,1314.23462,383.474894,-537.053134,-606.801553,2968.92921,-225.179417,3431.02614,-477.239541,21687.6764,21700.0,197895.574964,6.596519165,-240.0,30000 3000,1e-06,2,0.0 0.0259,0.0 0.0,-1.0 0.0,0.00054857 28.0,30000,1000,0,0.0,0.0 0.0 0.0,1000 1000000 0,0,0.0,0,100,0,,80,,1,,,10,1.0,10.0,0.1,True,{},,,False,3,mixed,250,300,True,Ar_Aubin,,False,uniform,Argon_Aubin_Model3-test/80Td,3.0000000000000005e+21,7.214700000000001e+23,3.701052949564151e-17,2.0906147799048827e-13,2.0862885490922167e-13,3.0008537428898524e-18,3.5009960333714946e-18,1.0002845809632842e-18,0.0,5.001422904816421e-19,1.0002845809632842e-18,4.001138323853137e-18,1.5004268714449262e-18,1.5004268714449262e-18,1.5004268714449262e-18,1.5004268714449262e-18,3.5009960333714946e-18,1.500426871444926e-17,2.0005691619265684e-18,5.0014229048164204e-18,2.5007114524082102e-18,4.501280614334778e-18,9.002561228669556e-18,6.501849776261348e-18,1.3503841843004337e-17,1.3003699552522696e-17,7.001992066742989e-18,6.501849776261348e-18,1.095311616154796e-16,5.251494050057242e-17,5.501565195298063e-17,0.0,4.001138323853137e-18,6.501849776261348e-18,4.001138323853137e-18,5.701622111490719e-17,3.7010529495641515e-17,1994.5443036526233,1291.64356376031,2114.257281948716,2969.1949599974005,1115.2516517358688,1656.6877396544005,13.835715697055061,-748.5382447769116,73192.53327571678,9.1490666594646e+23,5.056599059937247e-22,6.41234727286677e-22
4.84306e-06,197130.0,6.57099,3e+22,-2014.68,-502.6,70305.3,4.35318,4.39855,4.36213,0.00228898537,0.000237398727,0.348481348,0.018120849,0.0184926146,0.132526349,-4.74816884e-05,0.000772317334,2.97477735e-05,1679.51785,-1195.07175,69.7488828,-219.414478,1897.73988,-105.767693,-374.181719,626.494548,25749.9452,21800.0,197129.743922,6.570991464,-240.0,30000 3000,1e-06,2,0.0 0.0259,0.0 0.0,-1.0 0.0,0.00054857 28.0,30000,1000,0,0.0,0.0 0.0 0.0,1000 1000000 0,0,0.0,0,100,0,,80,,1,,,10,1.0,10.0,0.1,True,{},,,False,3,mixed,250,300,True,Ar_Aubin,,False,uniform,Argon_Aubin_Model3-test/80Td,3.0000000000000005e+21,8.788162500000002e+23,3.4009675752751654e-17,2.089539473980347e-13,2.0853182730486826e-13,4.501280614334778e-18,1.5004268714449262e-18,1.0002845809632842e-18,0.0,5.001422904816421e-19,3.0008537428898524e-18,5.0014229048164204e-18,4.501280614334778e-18,1.0002845809632842e-18,2.5007114524082102e-18,3.5009960333714946e-18,3.0008537428898524e-18,1.2503557262041051e-17,6.001707485779705e-18,2.0005691619265684e-18,3.5009960333714946e-18,3.0008537428898524e-18,5.501565195298063e-18,5.0014229048164204e-18,1.6004553295412547e-17,1.200341497155941e-17,1.200341497155941e-17,6.001707485779705e-18,9.452689290103034e-17,5.851664798635212e-17,5.851664798635212e-17,0.0,5.501565195298063e-18,5.501565195298063e-18,3.0008537428898524e-18,4.901394446720092e-17,3.400967575275166e-17,1796.617737710263,1684.1294230452315,2539.4429659776,1897.8591966001902,1264.7029480054082,1249.8594844555955,115.30008716044887,236.7177628551791,64354.44884069689,8.044306105087113e+23,5.284743536059063e-22,4.837427015139919e-22
4.86527e-06,197248.0,6.57493,3e+22,-6920.35,15.0205,62865.1,4.35902,4.41296,4.35514,0.00230503562,0.000249485658,0.34999732,0.018201105,0.018568585,0.13363737,-4.74279463e-05,0.000782039734,2.50317039e-05,1258.99507,133.008005,538.78484,753.205978,1861.37085,-418.592788,-2442.6704,101.795937,23211.4517,21900.0,197247.860848,6.574928695,-240.0,30000 3000,1e-06,2,0.0 0.0259,0.0 0.0,-1.0 0.0,0.00054857 28.0,30000,1000,0,0.0,0.0 0.0 0.0,1000 1000000 0,0,0.0,0,100,0,,80,,1,,,10,1.0,10.0,0.1,True,{},,,False,3,mixed,250,300,True,Ar_Aubin,,False,uniform,Argon_Aubin_Model3-test/80Td,3.0000000000000005e+21,7.8581375e+23,2.7507825976490312e-17,2.0847181023001044e-13,2.080596929826536e-13,6.501849776261348e-18,5.001422904816421e-19,1.0002845809632842e-18,0.0,2.0005691619265684e-18,1.5004268714449262e-18,4.501280614334778e-18,3.0008537428898524e-18,1.0002845809632842e-18,2.0005691619265684e-18,1.5004268714449262e-18,3.5009960333714946e-18,1.3503841843004337e-17,6.001707485779705e-18,3.0008537428898524e-18,2.0005691619265684e-18,1.5004268714449262e-18,7.50213435722463e-18,4.501280614334778e-18,1.0002845809632841e-17,1.3503841843004337e-17,1.1003130390596125e-17,6.501849776261348e-18,1.0903101932499797e-16,4.7013375305274356e-17,4.8513802176719277e-17,0.0,5.0014229048164204e-18,7.001992066742989e-18,6.501849776261348e-18,5.551579424346227e-17,2.7507825976490315e-17,1804.614371117136,1274.9467232528668,1709.6879951303458,1861.3671026006741,1173.6390763987315,1208.8351784680017,28.574929907878143,373.3120987071379,68238.15375474218,8.529769219342774e+23,4.031150384777031e-22,4.375691118997713e-22
4.88749e-06,197224.0,6.57412,3e+22,4443.7,-1186.11,61720.5,4.35448,4.40139,4.3706,0.00229530128,0.000232658643,0.351520869,0.0182919979,0.0186390375,0.134764549,-4.74015508e-05,0.000782078595,8.63727938e-06,1715.64835,-624.505434,267.816574,-101.766793,897.004775,169.869278,2134.79951,-1518.06857,23305.1009,22000.0,197223.675384,6.574122513,-240.0,30000 3000,1e-06,2,0.0 0.0259,0.0 0.0,-1.0 0.0,0.00054857 28.0,30000,1000,0,0.0,0.0 0.0 0.0,1000 1000000 0,0,0.0,0,100,0,,80,,1,,,10,1.0,10.0,0.1,True,{},,,False,3,mixed,250,300,True,Ar_Aubin,,False,uniform,Argon_Aubin_Model3-test/80Td,3.0000000000000005e+21,7.715062500000001e+23,4.301223698142121e-17,2.085643365537495e-13,2.0814771802577835e-13,3.0008537428898524e-18,2.5007114524082102e-18,5.001422904816421e-19,0.0,1.0002845809632842e-18,2.5007114524082102e-18,6.001707485779705e-18,2.0005691619265684e-18,5.001422904816421e-19,2.0005691619265684e-18,3.5009960333714946e-18,4.501280614334778e-18,1.1003130390596125e-17,5.501565195298063e-18,1.5004268714449262e-18,2.0005691619265684e-18,4.001138323853137e-18,7.001992066742989e-18,3.5009960333714946e-18,1.5504411004930906e-17,8.002276647706274e-18,9.5027035191512e-18,5.501565195298063e-18,9.952831580584678e-17,5.151465591960914e-17,5.651607882442556e-17,0.0,6.001707485779705e-18,8.502418938187915e-18,3.0008537428898524e-18,4.7513517595756e-17,4.301223698142122e-17,2046.6801084695733,1705.448719702064,1585.8149579667472,897.2807337430487,1313.9612769963862,1609.0571048855018,-2.3024076393055535,698.89565577246,68579.21578689195,8.572401973361494e+23,6.2719056331995065e-22,6.9688737099377375e-22
4.9097e-06,196670.0,6.55567,3e+22,-1427.46,-1446.34,70943.0,4.35608,4.38437,4.34226,0.00236050484,0.000272438658,0.352958722,0.0183912116,0.0187221462,0.135831537,-5.12907757e-05,0.000819877867,2.21798786e-05,1889.53352,-270.403159,-853.005736,-429.460394,2066.77302,-109.390567,-767.382586,199.333583,26896.9799,22100.0,196670.229685,6.555674323,-240.0,30000 3000,1e-06,2,0.0 0.0259,0.0 0.0,-1.0 0.0,0.00054857 28.0,30000,1000,0,0.0,0.0 0.0 0.0,1000 1000000 0,0,0.0,0,100,0,,80,,1,,,10,1.0,10.0,0.1,True,{},,,False,3,mixed,250,300,True,Ar_Aubin,,False,uniform,Argon_Aubin_Model3-test/80Td,3.0000000000000005e+21,8.867875000000002e+23,4.0511525529013e-17,2.0707541295498568e-13,2.0666329570762885e-13,6.501849776261348e-18,0.0,5.001422904816421e-19,0.0,0.0,3.0008537428898524e-18,3.5009960333714946e-18,3.0008537428898524e-18,5.001422904816421e-19,3.0008537428898524e-18,4.501280614334778e-18,3.0008537428898524e-18,1.200341497155941e-17,6.001707485779705e-18,2.0005691619265684e-18,3.5009960333714946e-18,4.001138323853137e-18,7.50213435722463e-18,3.5009960333714946e-18,1.6004553295412547e-17,1.1503272681077768e-17,9.5027035191512e-18,1.0002845809632841e-17,8.452404709139752e-17,4.801365988623764e-17,5.801650569587048e-17,0.0,5.501565195298063e-18,4.501280614334778e-18,3.5009960333714946e-18,5.4515509662498986e-17,4.051152552901301e-17,2226.1111381106653,1892.9030462389064,1870.0256847975716,2067.167058928612,1216.4689848683408,1857.0292851539998,516.9631192613424,-1284.0151595579996,64721.79835163054,8.090224793953819e+23,6.259332490873593e-22,5.710433098263818e-22
4.93192e-06,197724.0,6.59079,3e+22,4471.82,-7575.15,62034.3,4.38375,4.40529,4.37021,0.00236160238,0.000260858088,0.354515151,0.0184858029,0.0188037365,0.13697804,-5.40314705e-05,0.000815471591,2.69740266e-05,1685.71865,-1022.64398,-162.760291,-37.4278819,1646.34787,962.421327,1681.19043,-2331.60766,22912.8195,22200.0,197723.685033,6.590789501,-240.0,30000 3000,1e-06,2,0.0 0.0259,0.0 0.0,-1.0 0.0,0.00054857 28.0,30000,1000,0,0.0,0.0 0.0 0.0,1000 1000000 0,0,0.0,0,100,0,,80,,1,,,10,1.0,10.0,0.1,True,{},,,False,3,mixed,250,300,True,Ar_Aubin,,False,uniform,Argon_Aubin_Model3-test/80Td,3.0000000000000005e+21,7.754287500000001e+23,3.3509533462270016e-17,2.0827425402527016e-13,2.078901447461803e-13,5.501565195298063e-18,2.5007114524082102e-18,1.5004268714449262e-18,0.0,1.0002845809632842e-18,2.5007114524082102e-18,3.5009960333714946e-18,2.5007114524082102e-18,1.0002845809632842e-18,1.0002845809632842e-18,3.0008537428898524e-18,2.5007114524082102e-18,1.2503557262041051e-17,4.001138323853137e-18,2.0005691619265684e-18,1.0002845809632842e-18,2.5007114524082102e-18,6.501849776261348e-18,4.001138323853137e-18,9.5027035191512e-18,1.0002845809632841e-17,9.002561228669556e-18,8.002276647706274e-18,8.252347792947094e-17,5.3015082791054065e-17,4.651323301479271e-17,0.0,4.501280614334778e-18,8.002276647706274e-18,2.5007114524082102e-18,5.801650569587048e-17,3.350953346227002e-17,2128.7932809033723,1675.1579892450684,1836.4431753901529,1648.3239091453133,1021.1188230162193,920.7202683207033,-381.228253028006,-213.3981540664538,70059.2368528833,8.757404606610415e+23,4.783028615146972e-22,5.401775060292454e-22
4.95414e-06,197884.0,6.59614,3e+22,3685.05,2884.46,63353.3,4.4182,4.35297,4.39816,0.00242981206,0.000246438511,0.356029093,0.0185681045,0.0189073381,0.138095632,-4.65910021e-05,0.000844898519,3.63260205e-05,2291.09769,-437.492306,177.413622,-72.545517,1326.25159,-268.071882,1511.48456,438.202176,23512.6254,22300.0,197884.063724,6.596135457,-240.0,30000 3000,1e-06,2,0.0 0.0259,0.0 0.0,-1.0 0.0,0.00054857 28.0,30000,1000,0,0.0,0.0 0.0 0.0,1000 1000000 0,0,0.0,0,100,0,,80,,1,,,10,1.0,10.0,0.1,True,{},,,False,3,mixed,250,300,True,Ar_Aubin,,False,uniform,Argon_Aubin_Model3-test/80Td,3.0000000000000005e+21,7.9191625e+23,3.951124094804972e-17,2.09097488235403e-13,2.0869187283782237e-13,3.0008537428898524e-18,1.0002845809632842e-18,2.0005691619265684e-18,0.0,5.001422904816421e-19,1.0002845809632842e-18,4.001138323853137e-18,3.0008537428898524e-18,1.0002845809632842e-18,1.0002845809632842e-18,2.5007114524082102e-18,5.501565195298063e-18,1.1503272681077768e-17,3.5009960333714946e-18,1.0002845809632842e-18,3.5009960333714946e-18,2.0005691619265684e-18,6.501849776261348e-18,6.001707485779705e-18,1.4003984133485978e-17,1.3503841843004337e-17,9.5027035191512e-18,5.501565195298063e-18,8.502418938187916e-17,4.801365988623764e-17,5.651607882442556e-17,0.0,7.001992066742989e-18,8.502418938187915e-18,5.0014229048164204e-18,5.501565195298063e-17,3.9511240948049725e-17,1844.9574213581743,2282.143711068297,2331.864002862152,1325.5407479725611,942.3256800338122,957.0074624430999,70.53364776567908,222.97656045955205,68146.7777582743,8.518347219784289e+23,5.79796173022316e-22,6.236650805569673e-22
4.97635e-06,197896.0,6.59654,3e+22,1197.01,-1745.31,67376.2,4.3572,4.41789,4.39215,0.00244941995,0.000297711452,0.357571102,0.0186499928,0.0189855045,0.1392394,-4.72748859e-05,0.000867778982,6.87846221e-05,1723.24077,-1576.94757,1169.14359,-1280.32855,1920.18185,980.785534,531.325871,119.024175,24835.8633,22400.0,197896.168839,6.596538961,-240.0,30000 3000,1e-06,2,0.0 0.0259,0.0 0.0,-1.0 0.0,0.00054857 28.0,30000,1000,0,0.0,0.0 0.0 0.0,1000 1000000 0,0,0.0,0,100,0,,80,,1,,,10,1.0,10.0,0.1,True,{},,,False,3,mixed,250,300,True,Ar_Aubin,,False,uniform,Argon_Aubin_Model3-test/80Td,3.0000000000000005e+21,8.422025000000002e+23,4.2512094690939574e-17,2.0966414945051866e-13,2.092465306379665e-13,4.001138323853137e-18,1.0002845809632842e-18,5.001422904816421e-19,0.0,5.001422904816421e-19,4.501280614334778e-18,6.501849776261348e-18,4.501280614334778e-18,1.5004268714449262e-18,2.5007114524082102e-18,4.001138323853137e-18,2.5007114524082102e-18,1.0002845809632841e-17,4.501280614334778e-18,5.501565195298063e-18,1.5004268714449262e-18,4.501280614334778e-18,8.002276647706274e-18,2.5007114524082102e-18,1.4003984133485978e-17,1.5504411004930906e-17,6.501849776261348e-18,5.0014229048164204e-18,9.052575457717721e-17,5.0014229048164204e-17,5.0514371338645855e-17,0.0,3.0008537428898524e-18,6.001707485779705e-18,4.001138323853137e-18,6.151750172924198e-17,4.251209469093958e-17,1840.8578665609275,1720.3087898256506,1758.6165726135332,1920.7014487742902,976.5545602088944,744.0812174276034,545.6657664095062,1107.42066775979,69410.15218829556,8.676269023536946e+23,6.124766096984336e-22,6.309660487076976e-22
4.99857e-06,198432.0,6.61441,3e+22,3498.94,559.42,61726.3,4.39325,4.36502,4.44882,0.00241544655,0.000334401897,0.359079018,0.0187211758,0.0190817407,0.14037168,-3.89866194e-05,0.000854255485,7.14558102e-05,1068.08631,-342.275129,42.3839606,-57.5852555,2007.8354,887.087118,1052.58815,-521.889636,23023.5224,22500.0,198432.353746,6.614411792,-240.0,30000 3000,1e-06,2,0.0 0.0259,0.0 0.0,-1.0 0.0,0.00054857 28.0,30000,1000,0,0.0,0.0 0.0 0.0,1000 1000000 0,0,0.0,0,100,0,,80,,1,,,10,1.0,10.0,0.1,True,{},,,False,3,mixed,250,300,True,Ar_Aubin,,False,uniform,Argon_Aubin_Model3-test/80Td,3.0000000000000005e+21,7.715787500000002e+23,3.701052949564151e-17,2.0965564703158046e-13,2.0926453576042385e-13,4.001138323853137e-18,1.5004268714449262e-18,1.0002845809632842e-18,0.0,0.0,3.0008537428898524e-18,5.501565195298063e-18,4.001138323853137e-18,1.0002845809632842e-18,3.0008537428898524e-18,0.0,1.5004268714449262e-18,1.0002845809632841e-17,6.001707485779705e-18,1.5004268714449262e-18,3.5009960333714946e-18,1.0002845809632842e-18,7.50213435722463e-18,1.5004268714449262e-18,1.1503272681077768e-17,1.1003130390596125e-17,8.002276647706274e-18,8.002276647706274e-18,7.85223396056178e-17,5.501565195298063e-17,5.801650569587048e-17,0.0,4.501280614334778e-18,3.5009960333714946e-18,4.501280614334778e-18,5.601593653394391e-17,3.7010529495641515e-17,1605.7930593753185,1059.6348074483428,2165.408727081383,2007.6483288907802,1162.0464993546839,858.9032112265995,-225.86892375294957,-310.5204070201852,67875.53058845483,8.484441323556855e+23,5.45270573574518e-22,5.995909279454868e-22
5.02078e-06,198197.0,6.60656,3e+22,-3530.37,6870.3,58473.5,4.41625,4.36988,4.40722,0.00241028947,0.000388786445,0.36060733,0.0187904053,0.0191617075,0.1415227,-3.48968338e-05,0.000856141531,9.88359484e-05,1686.06855,590.326158,-456.658601,23.7844589,1723.00632,-358.857485,-1937.70433,1752.9474,21922.5216,22600.0,198196.907832,6.606563594,-240.0,30000 3000,1e-06,2,0.0 0.0259,0.0 0.0,-1.0 0.0,0.00054857 28.0,30000,1000,0,0.0,0.0 0.0 0.0,1000 1000000 0,0,0.0,0,100,0,,80,,1,,,10,1.0,10.0,0.1,True,{},,,False,3,mixed,250,300,True,Ar_Aubin,,False,uniform,Argon_Aubin_Model3-test/80Td,3.0000000000000005e+21,7.309187500000001e+23,4.7513517595755994e-17,2.0973266894431467e-13,2.0930904842427672e-13,5.0014229048164204e-18,2.0005691619265684e-18,1.0002845809632842e-18,0.0,0.0,1.5004268714449262e-18,5.0014229048164204e-18,3.5009960333714946e-18,5.001422904816421e-19,2.5007114524082102e-18,1.0002845809632842e-18,3.0008537428898524e-18,1.4003984133485978e-17,4.501280614334778e-18,2.0005691619265684e-18,1.5004268714449262e-18,3.0008537428898524e-18,9.002561228669556e-18,1.5004268714449262e-18,1.1003130390596125e-17,1.0502988100114484e-17,8.002276647706274e-18,7.50213435722463e-18,9.702760435343855e-17,4.8513802176719277e-17,5.95169325673154e-17,0.0,3.5009960333714946e-18,5.501565195298063e-18,5.001422904816421e-19,6.401821318165019e-17,4.7513517595756e-17,1558.6671417028574,1694.5777636362038,1798.8798502176837,1720.3352404869165,1150.4084488012413,836.5488892450012,2.4383842956075483,-1262.2236927119452,68793.61178255106,8.599201472818885e+23,6.906675832916133e-22,8.125649669637698e-22
5.043e-06,198112.0,6.60372,3e+22,-2685.59,-3340.42,65784.0,4.38453,4.36176,4.43644,0.00244841646,0.00042479358,0.362144216,0.0188799578,0.0192469681,0.142687477,-4.20439501e-05,0.00087474837,0.000105539625,2952.10646,-622.993125,217.016691,485.16912,2535.57015,224.718984,-1684.77145,-263.538702,24935.3034,22700.0,198111.501267,6.603716709,-240.0,30000 3000,1e-06,2,0.0 0.0259,0.0 0.0,-1.0 0.0,0.00054857 28.0,30000,1000,0,0.0,0.0 0.0 0.0,1000 1000000 0,0,0.0,0,100,0,,80,,1,,,10,1.0,10.0,0.1,True,{},,,False,3,mixed,250,300,True,Ar_Aubin,,False,uniform,Argon_Aubin_Model3-test/80Td,3.0000000000000005e+21,8.223000000000002e+23,3.651038720515987e-17,2.0993122543363585e-13,2.0950810505588842e-13,4.001138323853137e-18,2.0005691619265684e-18,2.5007114524082102e-18,0.0,5.001422904816421e-19,4.001138323853137e-18,5.0014229048164204e-18,3.5009960333714946e-18,5.001422904816421e-19,2.0005691619265684e-18,3.0008537428898524e-18,5.001422904816421e-19,1.500426871444926e-17,3.0008537428898524e-18,2.0005691619265684e-18,5.0014229048164204e-18,2.0005691619265684e-18,1.200341497155941e-17,3.5009960333714946e-18,1.500426871444926e-17,1.2503557262041051e-17,1.0002845809632841e-17,7.001992066742989e-18,9.802788893440184e-17,4.901394446720092e-17,5.501565195298063e-17,0.0,6.001707485779705e-18,5.501565195298063e-18,1.0002845809632842e-18,5.751636340538883e-17,3.6510387205159877e-17,2011.335398691754,2958.681902760811,1918.2501117264226,2536.9891389705035,1215.1267217227517,1112.0082946559996,49.29037111347284,-656.2505023571997,69179.55158242588,8.647443947803236e+23,5.277627040073911e-22,5.550040618563765e-22
5.06522e-06,198394.0,6.61312,3e+22,6583.7,4283.05,68540.0,4.39074,4.41409,4.39434,0.00241652193,0.000457059105,0.363694122,0.0189775873,0.0193351275,0.143886848,-5.03084868e-05,0.000857091359,0.000114262496,1997.87472,-536.746492,-692.388062,-504.414993,1463.93587,-764.102595,2401.3986,1975.88495,26311.3416,22800.0,198393.520196,6.61311734,-240.0,30000 3000,1e-06,2,0.0 0.0259,0.0 0.0,-1.0 0.0,0.00054857 28.0,30000,1000,0,0.0,0.0 0.0 0.0,1000 1000000 0,0,0.0,0,100,0,,80,,1,,,10,1.0,10.0,0.1,True,{},,,False,3,mixed,250,300,True,Ar_Aubin,,False,uniform,Argon_Aubin_Model3-test/80Td,3.0000000000000005e+21,8.5675e+23,2.650754139552703e-17,2.0957612440739392e-13,2.0915900573713221e-13,4.001138323853137e-18,2.0005691619265684e-18,1.0002845809632842e-18,0.0,1.5004268714449262e-18,1.5004268714449262e-18,4.501280614334778e-18,2.5007114524082102e-18,0.0,2.5007114524082102e-18,3.0008537428898524e-18,3.0008537428898524e-18,1.0002845809632841e-17,3.5009960333714946e-18,1.5004268714449262e-18,3.5009960333714946e-18,4.501280614334778e-18,8.502418938187915e-18,4.001138323853137e-18,1.3503841843004337e-17,1.3003699552522696e-17,6.001707485779705e-18,5.0014229048164204e-18,1.080307347440347e-16,5.201479821009078e-17,5.901679027683377e-17,0.0,3.5009960333714946e-18,6.501849776261348e-18,4.501280614334778e-18,5.851664798635212e-17,2.6507541395527033e-17,2200.78108299534,1981.965064569459,1983.5106063707751,1461.9782630003297,1674.246933587893,1383.7464781199997,-443.46496324254264,-851.0708660936002,69765.61831841113,8.720702289801393e+23,3.7995135762355447e-22,3.867455704045379e-22
5.08743e-06,197569.0,6.58562,3e+22,4944.79,1321.24,62506.5,4.34334,4.39009,4.41545,0.00241872466,0.000407519393,0.365175183,0.0190515359,0.0194029851,0.145021239,-5.56124417e-05,0.000855676813,9.27084588e-05,2481.43633,603.638193,117.540415,-346.918622,1100.67299,-557.310804,2020.81647,777.119891,23287.5263,22900.0,197568.586952,6.585619565,-240.0,30000 3000,1e-06,2,0.0 0.0259,0.0 0.0,-1.0 0.0,0.00054857 28.0,30000,1000,0,0.0,0.0 0.0 0.0,1000 1000000 0,0,0.0,0,100,0,,80,,1,,,10,1.0,10.0,0.1,True,{},,,False,3,mixed,250,300,True,Ar_Aubin,,False,uniform,Argon_Aubin_Model3-test/80Td,3.0000000000000005e+21,7.813312500000002e+23,3.9011098657568074e-17,2.0918401285165629e-13,2.087478887743563e-13,8.502418938187915e-18,5.001422904816421e-19,1.5004268714449262e-18,0.0,5.001422904816421e-19,1.5004268714449262e-18,5.501565195298063e-18,4.501280614334778e-18,0.0,2.5007114524082102e-18,3.0008537428898524e-18,3.5009960333714946e-18,1.1503272681077768e-17,6.501849776261348e-18,2.0005691619265684e-18,2.0005691619265684e-18,7.001992066742989e-18,1.0002845809632841e-17,4.501280614334778e-18,1.3503841843004337e-17,1.2503557262041051e-17,1.1003130390596125e-17,6.001707485779705e-18,1.0402959642018156e-16,5.3515225081535703e-17,5.3515225081535703e-17,0.0,6.001707485779705e-18,7.001992066742989e-18,4.001138323853137e-18,5.10145136291275e-17,3.901109865756808e-17,1664.0772882772376,2469.4762444884786,1528.194468146548,1100.1345590771928,1235.4011826522405,461.7037238105004,-260.9817615769557,181.45627889314005,66666.71167947307,8.333338959934136e+23,5.851660847640058e-22,6.241126708033256e-22
5.10965e-06,197021.0,6.56736,3e+22,5042.22,6871.65,64930.7,4.34165,4.37053,4.39816,0.00251442526,0.00049962095,0.366595306,0.0191235362,0.0194926511,0.146102152,-1.70293022e-05,0.000894005463,0.000112694784,1310.99031,2166.43421,458.347907,-27.1570571,2079.24632,-482.672946,2248.99563,2124.59105,24602.1593,23000.0,197020.896013,6.5673632,-240.0,30000 3000,1e-06,2,0.0 0.0259,0.0 0.0,-1.0 0.0,0.00054857 28.0,30000,1000,0,0.0,0.0 0.0 0.0,1000 1000000 0,0,0.0,0,100,0,,80,,1,,,10,1.0,10.0,0.1,True,{},,,False,3,mixed,250,300,True,Ar_Aubin,,False,uniform,Argon_Aubin_Model3-test/80Td,3.0000000000000005e+21,8.116337500000001e+23,2.7507825976490312e-17,2.0880190414172833e-13,2.0838828646750003e-13,5.501565195298063e-18,5.001422904816421e-19,1.0002845809632842e-18,0.0,5.001422904816421e-19,2.5007114524082102e-18,4.001138323853137e-18,4.001138323853137e-18,5.001422904816421e-19,1.5004268714449262e-18,1.0002845809632842e-18,3.0008537428898524e-18,8.502418938187915e-18,5.0014229048164204e-18,1.0002845809632842e-18,3.0008537428898524e-18,2.0005691619265684e-18,7.50213435722463e-18,1.5004268714449262e-18,8.502418938187915e-18,1.4003984133485978e-17,1.3503841843004337e-17,4.501280614334778e-18,9.402675061054871e-17,6.451835547213183e-17,6.451835547213183e-17,0.0,2.5007114524082102e-18,7.50213435722463e-18,5.501565195298063e-18,5.4515509662498986e-17,2.7507825976490315e-17,1609.842378493934,1298.3120246655228,2016.1787494991129,2075.8130996989325,938.7172666846535,798.8694647058,-8.535655171146946,695.6259609511974,63923.72129870927,7.99046516233866e+23,4.303226629743432e-22,4.236489977235778e-22
5.13186e-06,197096.0,6.56988,3e+22,976.118,-5643.0,67640.8,4.37317,4.37231,4.36806,0.00257724904,0.000488130198,0.368117176,0.0192089124,0.0196029048,0.147269661,-6.18265242e-06,0.00092634502,9.41811534e-05,3556.79478,623.3514,228.998147,511.717608,2360.37634,-31.9547484,-100.055412,-2560.41648,24928.4437,23100.0,197096.257287,6.569875243,-240.0,30000 3000,1e-06,2,0.0 0.0259,0.0 0.0,-1.0 0.0,0.00054857 28.0,30000,1000,0,0.0,0.0 0.0 0.0,1000 1000000 0,0,0.0,0,100,0,,80,,1,,,10,1.0,10.0,0.1,True,{},,,False,3,mixed,250,300,True,Ar_Aubin,,False,uniform,Argon_Aubin_Model3-test/80Td,3.0000000000000005e+21,8.455100000000003e+23,3.801081407660479e-17,2.082977607129228e-13,2.0788564346556598e-13,4.501280614334778e-18,1.0002845809632842e-18,2.5007114524082102e-18,0.0,5.001422904816421e-19,4.001138323853137e-18,4.001138323853137e-18,4.501280614334778e-18,1.0002845809632842e-18,3.0008537428898524e-18,3.0008537428898524e-18,4.001138323853137e-18,1.1503272681077768e-17,5.0014229048164204e-18,1.5004268714449262e-18,1.5004268714449262e-18,2.0005691619265684e-18,8.502418938187915e-18,2.5007114524082102e-18,1.500426871444926e-17,1.0502988100114484e-17,1.1003130390596125e-17,7.001992066742989e-18,9.452689290103034e-17,4.951408675768256e-17,5.401536737201735e-17,0.0,4.501280614334778e-18,1.200341497155941e-17,2.0005691619265684e-18,4.951408675768256e-17,3.80108140766048e-17,1914.3118616383833,3554.2790808215736,2481.6696600965706,2363.130858707314,1111.188721110854,28.703421619200526,242.45770598168622,-404.71025346760007,68503.63928537583,8.56295491067198e+23,5.548729158498788e-22,5.619509833799244e-22
5.15408e-06,198686.0,6.62286,3e+22,-2094.23,-5522.59,70164.3,4.41174,4.42499,4.38079,0.00262824691,0.000494230721,0.369776827,0.0193145345,0.0196796623,0.148543652,-8.02444352e-06,0.000938334331,9.92093315e-05,2240.7697,-337.023401,-527.403104,38.5242223,741.733403,289.838206,-1685.24875,-2072.29035,26885.4786,23200.0,198685.723837,6.622857461,-240.0,30000 3000,1e-06,2,0.0 0.0259,0.0 0.0,-1.0 0.0,0.00054857 28.0,30000,1000,0,0.0,0.0 0.0 0.0,1000 1000000 0,0,0.0,0,100,0,,80,,1,,,10,1.0,10.0,0.1,True,{},,,False,3,mixed,250,300,True,Ar_Aubin,,False,uniform,Argon_Aubin_Model3-test/80Td,3.0000000000000005e+21,8.770537500000001e+23,3.5009960333714937e-17,2.0935156051896767e-13,2.089584486786491e-13,2.5007114524082102e-18,2.0005691619265684e-18,1.0002845809632842e-18,0.0,1.5004268714449262e-18,4.001138323853137e-18,4.501280614334778e-18,4.501280614334778e-18,2.0005691619265684e-18,1.0002845809632842e-18,2.0005691619265684e-18,5.0014229048164204e-18,1.500426871444926e-17,3.5009960333714946e-18,2.5007114524082102e-18,1.5004268714449262e-18,3.0008537428898524e-18,6.001707485779705e-18,5.0014229048164204e-18,1.1503272681077768e-17,1.0002845809632841e-17,1.2503557262041051e-17,5.501565195298063e-18,9.752774664392021e-17,4.40125215623845e-17,4.951408675768256e-17,0.0,5.501565195298063e-18,5.0014229048164204e-18,3.0008537428898524e-18,4.7513517595756e-17,3.500996033371494e-17,2371.1987989291,2246.2738535263293,1727.4003548048302,744.4628366374874,1110.5667568510078,940.3463773238982,-501.70614284560145,-1622.6632342591029,74705.54872861259,9.338193591076574e+23,4.686393571767709e-22,4.989711339486738e-22
5.17629e-06,198155.0,6.60516,3e+22,3186.47,11570.7,66347.4,4.36938,4.38554,4.42955,0.00263265906,0.000547078018,0.371323641,0.0194014472,0.0197616679,0.149739419,-1.43889759e-05,0.000957289866,0.000109049498,1764.12772,-201.888562,973.208318,-692.98747,1921.24363,-181.343043,589.605872,4105.21399,25914.965,23300.0,198154.764433,6.605158814,-240.0,30000 3000,1e-06,2,0.0 0.0259,0.0 0.0,-1.0 0.0,0.00054857 28.0,30000,1000,0,0.0,0.0 0.0 0.0,1000 1000000 0,0,0.0,0,100,0,,80,,1,,,10,1.0,10.0,0.1,True,{},,,False,3,mixed,250,300,True,Ar_Aubin,,False,uniform,Argon_Aubin_Model3-test/80Td,3.0000000000000005e+21,8.293425000000001e+23,3.3509533462270016e-17,2.107469575094114e-13,2.1030333129775423e-13,3.0008537428898524e-18,2.0005691619265684e-18,5.001422904816421e-19,0.0,2.0005691619265684e-18,2.5007114524082102e-18,5.0014229048164204e-18,4.001138323853137e-18,1.5004268714449262e-18,2.5007114524082102e-18,3.0008537428898524e-18,1.5004268714449262e-18,1.700483787637583e-17,5.501565195298063e-18,2.0005691619265684e-18,2.5007114524082102e-18,4.001138323853137e-18,8.002276647706274e-18,1.5004268714449262e-18,1.3003699552522696e-17,1.3003699552522696e-17,6.001707485779705e-18,5.501565195298063e-18,9.802788893440184e-17,5.851664798635212e-17,6.101735943876033e-17,0.0,5.0014229048164204e-18,1.1003130390596125e-17,5.501565195298063e-18,6.551864005309511e-17,3.350953346227002e-17,1955.5698417287815,1755.7388308850818,1844.4125524467145,1914.9135543771274,1112.3209208508035,1278.6068611166047,596.5002669942357,204.93246394528614,69626.4387218167,8.703304840227088e+23,4.812759933931558e-22,5.0506174261945485e-22
5.19851e-06,198472.0,6.61573,3e+22,-4059.73,-6100.49,58938.7,4.39075,4.3974,4.42325,0.00257600384,0.000565964857,0.372884896,0.0194785842,0.0198332595,0.150949036,-1.29020701e-05,0.000938509336,0.000114717676,2257.54298,1812.2977,-365.487513,-84.3882023,1518.21053,-70.8774407,-1545.84013,-3560.44455,22046.3475,23400.0,198471.819588,6.61572732,-240.0,30000 3000,1e-06,2,0.0 0.0259,0.0 0.0,-1.0 0.0,0.00054857 28.0,30000,1000,0,0.0,0.0 0.0 0.0,1000 1000000 0,0,0.0,0,100,0,,80,,1,,,10,1.0,10.0,0.1,True,{},,,False,3,mixed,250,300,True,Ar_Aubin,,False,uniform,Argon_Aubin_Model3-test/80Td,3.0000000000000005e+21,7.367337500000001e+23,3.7510671786123153e-17,2.0978168288878184e-13,2.0936406407622972e-13,5.501565195298063e-18,1.5004268714449262e-18,1.0002845809632842e-18,0.0,0.0,3.5009960333714946e-18,3.0008537428898524e-18,4.001138323853137e-18,1.5004268714449262e-18,2.0005691619265684e-18,2.5007114524082102e-18,3.0008537428898524e-18,1.3003699552522696e-17,5.0014229048164204e-18,2.0005691619265684e-18,1.5004268714449262e-18,3.0008537428898524e-18,9.002561228669556e-18,3.0008537428898524e-18,1.1503272681077768e-17,1.1003130390596125e-17,1.0002845809632841e-17,8.002276647706274e-18,1.02029027258255e-16,5.3515225081535703e-17,6.051721714827869e-17,0.0,3.5009960333714946e-18,7.001992066742989e-18,4.001138323853137e-18,4.5012806143347784e-17,3.751067178612316e-17,1742.718006979317,2268.000860069363,1610.7962796559907,1521.66319295048,1073.9538025923896,68.99648012479884,-79.44338528546163,-549.3419616865278,70276.4686553342,8.784558581916777e+23,5.337586322114661e-22,6.364353436048497e-22
5.22073e-06,197716.0,6.59052,3e+22,-7127.48,-12978.4,66738.3,4.41795,4.32277,4.41375,0.00253728104,0.000586678327,0.374395895,0.0195539512,0.0199151881,0.152110493,3.95697736e-06,0.000918847291,0.000114513999,1056.61755,-691.158242,1376.55231,-331.230514,302.752075,-44.4483708,-2780.42914,-4838.55239,26438.4804,23500.0,197715.588334,6.590519611,-240.0,30000 3000,1e-06,2,0.0 0.0259,0.0 0.0,-1.0 0.0,0.00054857 28.0,30000,1000,0,0.0,0.0 0.0 0.0,1000 1000000 0,0,0.0,0,100,0,,80,,1,,,10,1.0,10.0,0.1,True,{},,,False,3,mixed,250,300,True,Ar_Aubin,,False,uniform,Argon_Aubin_Model3-test/80Td,3.0000000000000005e+21,8.342287500000001e+23,3.1008822009861805e-17,2.0979568687291537e-13,2.093505602343867e-13,6.001707485779705e-18,2.0005691619265684e-18,1.5004268714449262e-18,0.0,5.001422904816421e-19,2.0005691619265684e-18,6.001707485779705e-18,2.5007114524082102e-18,0.0,2.0005691619265684e-18,3.0008537428898524e-18,2.0005691619265684e-18,1.450412642396762e-17,2.5007114524082102e-18,1.5004268714449262e-18,1.5004268714449262e-18,3.5009960333714946e-18,1.3003699552522696e-17,3.5009960333714946e-18,1.0002845809632841e-17,2.3006545362155536e-17,7.001992066742989e-18,6.001707485779705e-18,1.0402959642018156e-16,6.201764401972362e-17,6.051721714827869e-17,0.0,6.001707485779705e-18,5.0014229048164204e-18,3.5009960333714946e-18,5.95169325673154e-17,3.100882200986181e-17,1700.6963640399329,1074.7019698669792,1843.3807489228172,310.3662209991368,727.3275464830174,1451.9348407215002,-407.6686905923265,1095.2886004627676,68014.30506979044,8.501788133723807e+23,4.559161778987996e-22,4.64633081901424e-22
5.24294e-06,197905.0,6.59683,3e+22,-5290.73,1225.27,70877.3,4.40666,4.33647,4.4218,0.00253866591,0.000567789752,0.375945435,0.0196561026,0.0199933283,0.153324267,5.03081786e-06,0.000923221748,9.49316722e-05,1992.19651,-788.502251,723.659543,-83.7052855,1140.69955,-18.1044305,-1730.44659,-354.322602,27847.3141,23600.0,197904.918165,6.596830606,-240.0,30000 3000,1e-06,2,0.0 0.0259,0.0 0.0,-1.0 0.0,0.00054857 28.0,30000,1000,0,0.0,0.0 0.0 0.0,1000 1000000 0,0,0.0,0,100,0,,80,,1,,,10,1.0,10.0,0.1,True,{},,,False,3,mixed,250,300,True,Ar_Aubin,,False,uniform,Argon_Aubin_Model3-test/80Td,3.0000000000000005e+21,8.859662500000002e+23,3.4009675752751654e-17,2.0883691410206203e-13,2.0841929528950987e-13,3.0008537428898524e-18,1.5004268714449262e-18,1.5004268714449262e-18,0.0,1.0002845809632842e-18,2.0005691619265684e-18,3.0008537428898524e-18,3.5009960333714946e-18,1.5004268714449262e-18,4.001138323853137e-18,1.5004268714449262e-18,2.5007114524082102e-18,1.4003984133485978e-17,5.501565195298063e-18,3.0008537428898524e-18,2.5007114524082102e-18,2.5007114524082102e-18,9.002561228669556e-18,4.001138323853137e-18,1.2503557262041051e-17,1.8505264747820757e-17,6.001707485779705e-18,5.501565195298063e-18,1.0502988100114484e-16,5.201479821009078e-17,5.0514371338645855e-17,0.0,4.501280614334778e-18,8.002276647706274e-18,4.001138323853137e-18,5.151465591960914e-17,3.400967575275166e-17,2298.902373375564,2005.6279058900143,1759.1456177084308,1140.003854250567,1149.8542825581858,1201.3167198744995,-3.5018620578088937,802.3049590147068,69749.14363136384,8.718642953920482e+23,4.875999042009549e-22,4.79838760121388e-22
5.26516e-06,197658.0,6.58859,3e+22,14265.1,-6277.52,64438.0,4.37922,4.37907,4.3939,0.00255120379,0.000530887367,0.377479189,0.0197506848,0.0200792905,0.154551919,2.55356751e-05,0.000933641083,7.64453661e-05,2101.90874,658.028052,250.058643,-724.756471,2235.8649,-1233.08537,5421.26986,-2151.9294,25802.8783,23700.0,197657.76139,6.588592046,-240.0,30000 3000,1e-06,2,0.0 0.0259,0.0 0.0,-1.0 0.0,0.00054857 28.0,30000,1000,0,0.0,0.0 0.0 0.0,1000 1000000 0,0,0.0,0,100,0,,80,,1,,,10,1.0,10.0,0.1,True,{},,,False,3,mixed,250,300,True,Ar_Aubin,,False,uniform,Argon_Aubin_Model3-test/80Td,3.0000000000000005e+21,8.054750000000002e+23,3.45098180432333e-17,2.0888192690820537e-13,2.0845180453839122e-13,6.001707485779705e-18,1.5004268714449262e-18,0.0,0.0,1.0002845809632842e-18,2.0005691619265684e-18,4.001138323853137e-18,6.501849776261348e-18,5.001422904816421e-19,2.5007114524082102e-18,4.001138323853137e-18,3.5009960333714946e-18,1.5504411004930906e-17,6.501849776261348e-18,3.5009960333714946e-18,1.0002845809632842e-18,3.0008537428898524e-18,9.002561228669556e-18,3.0008537428898524e-18,1.500426871444926e-17,1.1003130390596125e-17,8.002276647706274e-18,7.50213435722463e-18,1.1503272681077767e-16,4.601309072431107e-17,5.3015082791054065e-17,0.0,5.0014229048164204e-18,3.0008537428898524e-18,5.0014229048164204e-18,5.401536737201735e-17,3.4509818043233305e-17,2127.2688440371053,2065.5155628152706,1935.612417368469,2239.19755606409,1622.3508667558133,1478.874319218001,80.7015350129641,122.15565417608013,69038.57147358416,8.629821434198021e+23,4.998628637100001e-22,5.355507316060911e-22
5.28737e-06,197566.0,6.58552,3e+22,-4752.19,1474.11,71709.8,4.38255,4.37132,4.3878,0.00249313188,0.000534189341,0.379014422,0.0198241301,0.020151852,0.155753168,1.95956151e-05,0.000924748339,6.94099487e-05,2192.17381,-60.921527,242.936834,133.030946,1012.19728,14.8471629,-422.654028,894.400584,28545.7849,23800.0,197565.677956,6.585522599,-240.0,30000 3000,1e-06,2,0.0 0.0259,0.0 0.0,-1.0 0.0,0.00054857 28.0,30000,1000,0,0.0,0.0 0.0 0.0,1000 1000000 0,0,0.0,0,100,0,,80,,1,,,10,1.0,10.0,0.1,True,{},,,False,3,mixed,250,300,True,Ar_Aubin,,False,uniform,Argon_Aubin_Model3-test/80Td,3.0000000000000005e+21,8.963725000000003e+23,3.200910659082509e-17,2.09423581008797e-13,2.0899996048875908e-13,6.001707485779705e-18,2.0005691619265684e-18,3.0008537428898524e-18,0.0,0.0,2.5007114524082102e-18,6.501849776261348e-18,3.0008537428898524e-18,1.0002845809632842e-18,3.0008537428898524e-18,3.5009960333714946e-18,2.5007114524082102e-18,1.3003699552522696e-17,6.001707485779705e-18,1.0002845809632842e-18,1.0002845809632842e-18,3.0008537428898524e-18,8.502418938187915e-18,4.001138323853137e-18,1.500426871444926e-17,1.2503557262041051e-17,8.002276647706274e-18,5.501565195298063e-18,9.552717748199364e-17,5.501565195298063e-17,5.501565195298063e-17,0.0,4.501280614334778e-18,5.501565195298063e-18,3.0008537428898524e-18,6.251778631020527e-17,3.2009106590825094e-17,1659.5824208570434,2204.021646388817,1633.0192147156667,1011.4098261505385,896.9936870352981,1366.7365012643968,414.14730688169163,1442.649363595756,69105.14541387136,8.638143176733921e+23,4.631942585334601e-22,4.4637004413378765e-22
5.30959e-06,197439.0,6.58129,3e+22,4116.66,-3083.05,62106.9,4.33854,4.37235,4.42961,0.00243543748,0.000608939961,0.380545187,0.0199169402,0.0202443114,0.156952407,1.65288487e-05,0.000921424078,9.75782696e-05,2440.54416,259.228968,1464.74033,-385.55889,1092.87789,449.377828,1336.25876,-1664.96204,24842.4667,23900.0,197438.775756,6.581292525,-240.0,30000 3000,1e-06,2,0.0 0.0259,0.0 0.0,-1.0 0.0,0.00054857 28.0,30000,1000,0,0.0,0.0 0.0 0.0,1000 1000000 0,0,0.0,0,100,0,,80,,1,,,10,1.0,10.0,0.1,True,{},,,False,3,mixed,250,300,True,Ar_Aubin,,False,uniform,Argon_Aubin_Model3-test/80Td,3.0000000000000005e+21,7.763362500000001e+23,3.551010262419658e-17,2.0915300402964644e-13,2.0872888336731804e-13,3.0008537428898524e-18,1.5004268714449262e-18,0.0,0.0,0.0,3.5009960333714946e-18,5.0014229048164204e-18,3.5009960333714946e-18,0.0,2.5007114524082102e-18,1.5004268714449262e-18,4.001138323853137e-18,1.2503557262041051e-17,5.0014229048164204e-18,3.5009960333714946e-18,2.0005691619265684e-18,3.0008537428898524e-18,1.0002845809632841e-17,4.001138323853137e-18,1.0502988100114484e-17,1.4003984133485978e-17,1.0002845809632841e-17,1.0502988100114484e-17,9.602731977247528e-17,5.251494050057242e-17,5.801650569587048e-17,0.0,5.501565195298063e-18,5.501565195298063e-18,5.0014229048164204e-18,5.651607882442556e-17,3.551010262419659e-17,2095.221234613121,2430.5182919435833,2079.0053604835716,1094.755282346761,822.1979557232161,1207.9848255096986,666.8496983945938,1083.1664684579682,68904.0281960213,8.613003524502663e+23,5.153559748811177e-22,5.717577696551684e-22
5.33181e-06,197138.0,6.57125,3e+22,-7702.88,2239.88,55932.5,4.40638,4.33242,4.38555,0.0024023067,0.000647203646,0.382033278,0.019993969,0.0203174136,0.158134236,2.94754947e-06,0.000909847476,0.000113790252,2430.75815,-691.71317,-138.99325,328.537702,1753.69999,-722.528985,-3170.8647,94.0065433,22186.9893,24000.0,197137.555636,6.571251855,-240.0,30000 3000,1e-06,2,0.0 0.0259,0.0 0.0,-1.0 0.0,0.00054857 28.0,30000,1000,0,0.0,0.0 0.0 0.0,1000 1000000 0,0,0.0,0,100,0,,80,,1,,,10,1.0,10.0,0.1,True,{},,,False,3,mixed,250,300,True,Ar_Aubin,,False,uniform,Argon_Aubin_Model3-test/80Td,3.0000000000000005e+21,6.991562500000001e+23,3.300939117178837e-17,2.0868737155720802e-13,2.082692526023654e-13,4.501280614334778e-18,3.5009960333714946e-18,2.5007114524082102e-18,0.0,0.0,3.5009960333714946e-18,6.001707485779705e-18,4.501280614334778e-18,1.0002845809632842e-18,5.0014229048164204e-18,5.001422904816421e-19,3.5009960333714946e-18,1.0002845809632841e-17,3.5009960333714946e-18,2.0005691619265684e-18,2.0005691619265684e-18,2.0005691619265684e-18,1.0502988100114484e-17,3.5009960333714946e-18,1.500426871444926e-17,1.700483787637583e-17,1.0002845809632841e-17,6.501849776261348e-18,9.802788893440184e-17,4.8513802176719277e-17,5.251494050057242e-17,0.0,2.0005691619265684e-18,3.0008537428898524e-18,4.501280614334778e-18,6.001707485779705e-17,3.300939117178838e-17,1737.248507558238,2449.262830233296,1644.185815490453,1752.2503314973976,1058.7653311308097,818.9129782650016,-114.49880981430974,-501.46847305711026,66983.15170665916,8.372893963332397e+23,4.9280140349840725e-22,5.901647731066619e-22
5.35402e-06,197663.0,6.58875,3e+22,5934.81,1400.83,60102.4,4.35987,4.36732,4.42956,0.00241590474,0.000590659192,0.383566037,0.0200701591,0.0204246487,0.159352942,1.34846341e-05,0.000912581598,7.95468485e-05,1010.20914,781.655401,89.2730438,441.103741,1244.63627,294.053261,3046.52211,1758.60155,23534.9668,24100.0,197662.564391,6.588752146,-240.0,30000 3000,1e-06,2,0.0 0.0259,0.0 0.0,-1.0 0.0,0.00054857 28.0,30000,1000,0,0.0,0.0 0.0 0.0,1000 1000000 0,0,0.0,0,100,0,,80,,1,,,10,1.0,10.0,0.1,True,{},,,False,3,mixed,250,300,True,Ar_Aubin,,False,uniform,Argon_Aubin_Model3-test/80Td,3.0000000000000005e+21,7.512800000000002e+23,3.951124094804972e-17,2.083547769340377e-13,2.0795866423997628e-13,5.0014229048164204e-18,0.0,0.0,0.0,1.5004268714449262e-18,3.0008537428898524e-18,3.0008537428898524e-18,4.501280614334778e-18,1.5004268714449262e-18,3.0008537428898524e-18,3.5009960333714946e-18,3.5009960333714946e-18,1.200341497155941e-17,8.002276647706274e-18,1.5004268714449262e-18,1.5004268714449262e-18,4.001138323853137e-18,6.001707485779705e-18,1.0002845809632842e-18,1.4003984133485978e-17,7.50213435722463e-18,1.650469558589419e-17,1.0502988100114484e-17,8.152319334850766e-17,4.551294843382943e-17,5.201479821009078e-17,0.0,7.50213435722463e-18,4.001138323853137e-18,4.001138323853137e-18,5.10145136291275e-17,3.9511240948049725e-17,1713.2905209355965,995.8712043900007,2415.0517034713644,1243.8088568840706,1017.891679829694,481.72741781119475,-277.44910307270396,714.2019287066532,68993.78373147386,8.624222966434234e+23,5.726782734779238e-22,6.573987219819794e-22
5.37624e-06,197428.0,6.58095,3e+22,1362.38,9998.12,56584.4,4.35377,4.37702,4.41232,0.00239422982,0.000590642558,0.385019128,0.0201265995,0.0205091269,0.160525949,1.95741324e-05,0.000922540641,9.26578189e-05,467.195526,-271.793765,450.280163,-1159.19648,2246.63776,455.179421,400.190676,5076.14223,22357.46,24200.0,197428.367322,6.580945577,-240.0,30000 3000,1e-06,2,0.0 0.0259,0.0 0.0,-1.0 0.0,0.00054857 28.0,30000,1000,0,0.0,0.0 0.0 0.0,1000 1000000 0,0,0.0,0,100,0,,80,,1,,,10,1.0,10.0,0.1,True,{},,,False,3,mixed,250,300,True,Ar_Aubin,,False,uniform,Argon_Aubin_Model3-test/80Td,3.0000000000000005e+21,7.073050000000001e+23,3.250924888130673e-17,2.0854983242732556e-13,2.081407160337116e-13,3.0008537428898524e-18,2.0005691619265684e-18,1.0002845809632842e-18,0.0,1.5004268714449262e-18,2.0005691619265684e-18,3.0008537428898524e-18,4.501280614334778e-18,1.0002845809632842e-18,2.0005691619265684e-18,1.5004268714449262e-18,4.501280614334778e-18,1.0002845809632841e-17,4.001138323853137e-18,2.5007114524082102e-18,5.001422904816421e-19,2.0005691619265684e-18,8.502418938187915e-18,4.001138323853137e-18,1.4003984133485978e-17,1.90054070383024e-17,8.002276647706274e-18,7.001992066742989e-18,1.0002845809632841e-16,5.3515225081535703e-17,5.551579424346227e-17,0.0,5.501565195298063e-18,3.5009960333714946e-18,6.001707485779705e-18,4.7013375305274356e-17,3.250924888130674e-17,1272.6168933462204,463.9336751778284,1901.300862215271,2240.732444828009,1264.4730576978202,571.3836535968003,665.9092075188723,190.45242156855193,65407.70349164166,8.175962936455208e+23,4.970247714852278e-22,5.745267049099528e-22
5.39845e-06,197171.0,6.57236,3e+22,2240.45,6513.05,54768.0,4.38961,4.33702,4.40078,0.00233184459,0.000637879456,0.386513457,0.0202075822,0.020593027,0.161727404,3.42017423e-06,0.00090075291,0.000124960834,1065.71275,-965.979178,671.174284,-789.141947,1464.34884,-48.8382681,967.963647,2822.88001,22133.0791,24300.0,197170.886032,6.572362868,-240.0,30000 3000,1e-06,2,0.0 0.0259,0.0 0.0,-1.0 0.0,0.00054857 28.0,30000,1000,0,0.0,0.0 0.0 0.0,1000 1000000 0,0,0.0,0,100,0,,80,,1,,,10,1.0,10.0,0.1,True,{},,,False,3,mixed,250,300,True,Ar_Aubin,,False,uniform,Argon_Aubin_Model3-test/80Td,3.0000000000000005e+21,6.846e+23,3.551010262419658e-17,2.0814721788348783e-13,2.0772509779032138e-13,6.001707485779705e-18,2.0005691619265684e-18,1.0002845809632842e-18,0.0,0.0,1.0002845809632842e-18,4.001138323853137e-18,5.501565195298063e-18,1.0002845809632842e-18,5.501565195298063e-18,2.0005691619265684e-18,4.501280614334778e-18,1.1003130390596125e-17,3.0008537428898524e-18,1.5004268714449262e-18,1.0002845809632842e-18,3.0008537428898524e-18,8.502418938187915e-18,3.0008537428898524e-18,1.500426871444926e-17,1.3503841843004337e-17,8.502418938187915e-18,9.002561228669556e-18,1.0502988100114484e-16,5.601593653394391e-17,5.851664798635212e-17,0.0,3.0008537428898524e-18,5.501565195298063e-18,4.001138323853137e-18,4.5012806143347784e-17,3.551010262419659e-17,1829.2650137753453,1060.4883687883344,1886.9833864694137,1460.1942992090992,1092.2691358334969,964.5100870239985,-56.39056439984932,645.4633917592301,67263.9415913835,8.407992698922939e+23,5.279218223623312e-22,6.483731855133761e-22
5.42067e-06,198052.0,6.60174,3e+22,-34.3256,2529.26,69046.2,4.38638,4.3997,4.39027,0.00244325169,0.000758324374,0.388101383,0.0202883049,0.0206546462,0.163003517,-1.16301722e-05,0.000952375752,0.000181219692,327.769367,249.624814,1519.50432,-798.004481,624.935582,827.660965,-661.905554,261.498419,28141.1207,24400.0,198052.333808,6.60174446,-240.0,30000 3000,1e-06,2,0.0 0.0259,0.0 0.0,-1.0 0.0,0.00054857 28.0,30000,1000,0,0.0,0.0 0.0 0.0,1000 1000000 0,0,0.0,0,100,0,,80,,1,,,10,1.0,10.0,0.1,True,{},,,False,3,mixed,250,300,True,Ar_Aubin,,False,uniform,Argon_Aubin_Model3-test/80Td,3.0000000000000005e+21,8.630775000000001e+23,3.551010262419658e-17,2.087969027188235e-13,2.0839678888643823e-13,6.501849776261348e-18,1.0002845809632842e-18,1.0002845809632842e-18,0.0,0.0,3.0008537428898524e-18,5.501565195298063e-18,5.0014229048164204e-18,1.0002845809632842e-18,3.0008537428898524e-18,3.5009960333714946e-18,2.5007114524082102e-18,1.1003130390596125e-17,4.001138323853137e-18,2.5007114524082102e-18,2.5007114524082102e-18,3.5009960333714946e-18,5.501565195298063e-18,5.501565195298063e-18,1.700483787637583e-17,1.450412642396762e-17,9.5027035191512e-18,8.002276647706274e-18,9.552717748199364e-17,4.1011667819494646e-17,5.3015082791054065e-17,0.0,5.501565195298063e-18,6.001707485779705e-18,2.5007114524082102e-18,4.551294843382943e-17,3.551010262419659e-17,1804.804675282687,327.85323308021026,1383.0417481215657,623.0175824938167,1037.1390665727645,1344.1949891053991,210.78577782400768,702.2233339942268,71477.00520798245,8.934625650997809e+23,4.968045670194204e-22,5.142948145473115e-22
5.44288e-06,198095.0,6.60317,3e+22,7335.23,5520.17,63796.7,4.40775,4.33418,4.44078,0.00247950148,0.000777795321,0.389678593,0.020362398,0.0207430007,0.164278999,5.44808652e-06,0.00097806352,0.000189748036,2753.80139,912.533259,614.924561,632.935442,2004.591,-744.091695,3065.2541,1989.76456,25684.1919,24500.0,198094.956407,6.603165214,-240.0,30000 3000,1e-06,2,0.0 0.0259,0.0 0.0,-1.0 0.0,0.00054857 28.0,30000,1000,0,0.0,0.0 0.0 0.0,1000 1000000 0,0,0.0,0,100,0,,80,,1,,,10,1.0,10.0,0.1,True,{},,,False,3,mixed,250,300,True,Ar_Aubin,,False,uniform,Argon_Aubin_Model3-test/80Td,3.0000000000000005e+21,7.9745875e+23,4.0011383238531363e-17,2.0980168858040112e-13,2.0937206635287741e-13,5.0014229048164204e-18,2.0005691619265684e-18,5.001422904816421e-19,0.0,5.001422904816421e-19,2.5007114524082102e-18,7.001992066742989e-18,4.501280614334778e-18,1.0002845809632842e-18,2.5007114524082102e-18,3.0008537428898524e-18,2.0005691619265684e-18,1.650469558589419e-17,5.501565195298063e-18,1.5004268714449262e-18,1.5004268714449262e-18,2.0005691619265684e-18,1.2503557262041051e-17,3.5009960333714946e-18,1.450412642396762e-17,1.2503557262041051e-17,1.0502988100114484e-17,7.001992066742989e-18,1.1153173077740617e-16,4.7513517595756e-17,4.8513802176719277e-17,0.0,2.5007114524082102e-18,8.002276647706274e-18,4.001138323853137e-18,4.951408675768256e-17,4.0011383238531363e-17,1663.552933515304,2735.6136763588597,1987.868830315925,2000.2974376028753,1097.4042026897448,823.9836059569025,346.9803086199312,663.6125431994942,70994.64797734936,8.874330997168673e+23,5.635830922254433e-22,6.271701081487188e-22
5.4651e-06,198038.0,6.60125,3e+22,-3671.43,-6304.69,65774.1,4.39223,4.38737,4.398,0.00244254266,0.00081967196,0.391187641,0.0204628448,0.0208487752,0.165495992,1.00782742e-06,0.00097300692,0.000217416856,2036.7802,231.749336,-513.966177,148.746187,2573.22915,1253.06073,-1324.75126,-2272.91141,26887.2173,24600.0,198037.53976,6.601251325,-240.0,30000 3000,1e-06,2,0.0 0.0259,0.0 0.0,-1.0 0.0,0.00054857 28.0,30000,1000,0,0.0,0.0 0.0 0.0,1000 1000000 0,0,0.0,0,100,0,,80,,1,,,10,1.0,10.0,0.1,True,{},,,False,3,mixed,250,300,True,Ar_Aubin,,False,uniform,Argon_Aubin_Model3-test/80Td,3.0000000000000005e+21,8.221762500000002e+23,3.200910659082509e-17,2.0908648510501237e-13,2.0866936643475072e-13,5.0014229048164204e-18,1.0002845809632842e-18,1.5004268714449262e-18,0.0,1.0002845809632842e-18,2.5007114524082102e-18,4.001138323853137e-18,3.5009960333714946e-18,0.0,3.0008537428898524e-18,2.5007114524082102e-18,4.501280614334778e-18,1.6004553295412547e-17,3.5009960333714946e-18,2.0005691619265684e-18,1.5004268714449262e-18,2.0005691619265684e-18,1.2503557262041051e-17,4.501280614334778e-18,1.200341497155941e-17,1.2503557262041051e-17,1.0502988100114484e-17,6.501849776261348e-18,9.952831580584678e-17,5.801650569587048e-17,5.0514371338645855e-17,0.0,5.0014229048164204e-18,4.001138323853137e-18,4.501280614334778e-18,5.151465591960914e-17,3.2009106590825094e-17,2264.790374088021,2045.7478243982036,2379.097930746842,2578.3969276094926,869.3856948131122,1157.2022821018982,254.7520856932463,-563.1554413764763,67926.48508500477,8.490810635625597e+23,4.712316050325312e-22,4.866521410528625e-22
5.48732e-06,198665.0,6.62218,3e+22,-1538.21,-7487.23,70301.5,4.38961,4.3846,4.44172,0.0024661843,0.000743194469,0.392815902,0.0205585341,0.0209516587,0.166811214,2.56121059e-05,0.000987600319,0.000185609264,4014.90556,-140.650703,879.291067,-39.2049599,1582.79152,-567.715287,-885.563956,-2634.28022,28948.5151,24700.0,198665.376586,6.62217922,-240.0,30000 3000,1e-06,2,0.0 0.0259,0.0 0.0,-1.0 0.0,0.00054857 28.0,30000,1000,0,0.0,0.0 0.0 0.0,1000 1000000 0,0,0.0,0,100,0,,80,,1,,,10,1.0,10.0,0.1,True,{},,,False,3,mixed,250,300,True,Ar_Aubin,,False,uniform,Argon_Aubin_Model3-test/80Td,3.0000000000000005e+21,8.787687500000001e+23,3.4009675752751654e-17,2.0973616994034805e-13,2.0931204927801965e-13,3.5009960333714946e-18,3.5009960333714946e-18,2.5007114524082102e-18,0.0,0.0,3.0008537428898524e-18,3.5009960333714946e-18,5.0014229048164204e-18,5.001422904816421e-19,1.5004268714449262e-18,2.0005691619265684e-18,2.5007114524082102e-18,1.1003130390596125e-17,5.0014229048164204e-18,2.0005691619265684e-18,2.0005691619265684e-18,2.5007114524082102e-18,1.3003699552522696e-17,4.501280614334778e-18,1.6004553295412547e-17,1.1503272681077768e-17,7.001992066742989e-18,5.0014229048164204e-18,1.0252916954873662e-16,5.751636340538883e-17,5.751636340538883e-17,0.0,2.0005691619265684e-18,8.502418938187915e-18,2.0005691619265684e-18,5.3015082791054065e-17,3.400967575275166e-17,2151.0100793654974,4018.699069352103,2318.227578069275,1588.3559879241309,870.0886993381052,1332.9679655470027,59.844071341992,424.5840040489701,73292.5967437745,9.161574592971815e+23,4.640260717142683e-22,4.83768849210211e-22
5.50953e-06,198374.0,6.61246,3e+22,3964.22,355.837,64469.7,4.40009,4.36278,4.43832,0.00246023998,0.00070642532,0.394333553,0.0206517345,0.0210380742,0.168064451,1.44187612e-05,0.000987624235,0.000167020045,1011.67211,764.673538,-1459.84292,1326.16026,1221.5658,405.699042,1257.70374,-118.29678,26438.8846,24800.0,198373.650286,6.61245501,-240.0,30000 3000,1e-06,2,0.0 0.0259,0.0 0.0,-1.0 0.0,0.00054857 28.0,30000,1000,0,0.0,0.0 0.0 0.0,1000 1000000 0,0,0.0,0,100,0,,80,,1,,,10,1.0,10.0,0.1,True,{},,,False,3,mixed,250,300,True,Ar_Aubin,,False,uniform,Argon_Aubin_Model3-test/80Td,3.0000000000000005e+21,8.0587125e+23,3.7510671786123153e-17,2.099607338287743e-13,2.0953261202812202e-13,4.501280614334778e-18,3.0008537428898524e-18,1.0002845809632842e-18,0.0,5.001422904816421e-19,2.5007114524082102e-18,3.5009960333714946e-18,2.5007114524082102e-18,5.001422904816421e-19,1.0002845809632842e-18,2.5007114524082102e-18,5.501565195298063e-18,1.2503557262041051e-17,5.501565195298063e-18,1.5004268714449262e-18,1.0002845809632842e-18,3.5009960333714946e-18,9.5027035191512e-18,4.501280614334778e-18,1.1003130390596125e-17,1.2503557262041051e-17,7.50213435722463e-18,6.501849776261348e-18,1.0553002329162647e-16,5.751636340538883e-17,5.601593653394391e-17,0.0,4.001138323853137e-18,5.0014229048164204e-18,6.501849776261348e-18,5.3515225081535703e-17,3.751067178612316e-17,2098.264851803849,1001.9191774664844,1946.1016948675492,1221.3144277334072,1319.2992962202443,1016.3187381559037,-61.88568742704109,-1923.9750709122661,68313.7302562583,8.53921628203229e+23,5.490941812928852e-22,5.818341296162873e-22
5.53175e-06,199009.0,6.63364,3e+22,8960.04,1294.73,63286.4,4.33232,4.4336,4.47811,0.00247416761,0.000675767861,0.395887379,0.0207147802,0.0211178549,0.169357288,2.7327971e-05,0.00100299012,0.00016680078,654.524728,67.6787878,1138.56454,1496.09921,2223.76293,-180.408047,3210.38197,495.185083,26051.5705,24900.0,199009.08636,6.633636212,-240.0,30000 3000,1e-06,2,0.0 0.0259,0.0 0.0,-1.0 0.0,0.00054857 28.0,30000,1000,0,0.0,0.0 0.0 0.0,1000 1000000 0,0,0.0,0,100,0,,80,,1,,,10,1.0,10.0,0.1,True,{},,,False,3,mixed,250,300,True,Ar_Aubin,,False,uniform,Argon_Aubin_Model3-test/80Td,3.0000000000000005e+21,7.910800000000001e+23,2.9008252847935234e-17,2.1096451940577096e-13,2.1056090457735228e-13,4.501280614334778e-18,5.001422904816421e-19,1.5004268714449262e-18,0.0,1.0002845809632842e-18,3.5009960333714946e-18,2.0005691619265684e-18,2.5007114524082102e-18,0.0,3.0008537428898524e-18,1.5004268714449262e-18,3.0008537428898524e-18,1.0002845809632841e-17,5.501565195298063e-18,1.5004268714449262e-18,3.0008537428898524e-18,4.501280614334778e-18,8.002276647706274e-18,4.001138323853137e-18,1.0502988100114484e-17,1.700483787637583e-17,1.1503272681077768e-17,8.002276647706274e-18,1.0152888496777334e-16,4.8513802176719277e-17,5.251494050057242e-17,0.0,3.0008537428898524e-18,7.50213435722463e-18,5.501565195298063e-18,4.951408675768256e-17,2.900825284793524e-17,1417.3851925156016,632.3560872476955,1796.5302898099353,2222.8879930773273,1462.267342627797,997.2834776544005,271.39693716908744,645.1985976313354,69942.06851849263,8.74275856481158e+23,4.1474685353730244e-22,4.583647173474117e-22
5.55396e-06,198767.0,6.62558,3e+22,-4513.48,-2835.73,61546.1,4.41827,4.42602,4.38516,0.00239946806,0.000680954517,0.397398571,0.0207880414,0.021221805,0.170596447,3.13199282e-05,0.000985173007,0.000162078026,2612.49249,125.900902,835.592914,134.563576,2832.32395,-23.3883543,-2589.52804,-1156.8833,24585.216,25000.0,198767.390548,6.625579685,-240.0,30000 3000,1e-06,2,0.0 0.0259,0.0 0.0,-1.0 0.0,0.00054857 28.0,30000,1000,0,0.0,0.0 0.0 0.0,1000 1000000 0,0,0.0,0,100,0,,80,,1,,,10,1.0,10.0,0.1,True,{},,,False,3,mixed,250,300,True,Ar_Aubin,,False,uniform,Argon_Aubin_Model3-test/80Td,3.0000000000000005e+21,7.693262500000001e+23,3.7510671786123153e-17,2.1066143317773907e-13,2.102388129422821e-13,4.001138323853137e-18,2.0005691619265684e-18,1.5004268714449262e-18,0.0,0.0,3.0008537428898524e-18,6.001707485779705e-18,4.001138323853137e-18,1.0002845809632842e-18,2.0005691619265684e-18,2.5007114524082102e-18,1.5004268714449262e-18,1.6004553295412547e-17,5.501565195298063e-18,2.5007114524082102e-18,2.0005691619265684e-18,2.0005691619265684e-18,1.1503272681077768e-17,2.5007114524082102e-18,1.2503557262041051e-17,1.500426871444926e-17,9.002561228669556e-18,6.501849776261348e-18,9.652746206295692e-17,5.151465591960914e-17,5.701622111490719e-17,0.0,4.001138323853137e-18,7.001992066742989e-18,3.0008537428898524e-18,5.3515225081535703e-17,3.751067178612316e-17,1657.0397416132862,2623.322441099449,2339.384475707393,2834.2549531524924,908.1697938779693,126.8838093769009,365.928867408117,-107.96252493048655,68022.99254137778,8.502874067672223e+23,5.514410699192004e-22,6.094727657174566e-22
5.57618e-06,198954.0,6.63179,3e+22,-1146.99,-4873.8,73978.0,4.45232,4.39449,4.3855,0.00240367407,0.000608253783,0.39887956,0.020861366,0.0213236619,0.171827407,2.02758594e-05,0.000985211919,0.000138364105,2027.62689,91.4235323,410.523104,-340.368561,3105.24833,-904.546942,-646.356691,-2710.05868,31777.4687,25100.0,198953.555383,6.631785179,-240.0,30000 3000,1e-06,2,0.0 0.0259,0.0 0.0,-1.0 0.0,0.00054857 28.0,30000,1000,0,0.0,0.0 0.0 0.0,1000 1000000 0,0,0.0,0,100,0,,80,,1,,,10,1.0,10.0,0.1,True,{},,,False,3,mixed,250,300,True,Ar_Aubin,,False,uniform,Argon_Aubin_Model3-test/80Td,3.0000000000000005e+21,9.247250000000001e+23,3.300939117178837e-17,2.1045837540780352e-13,2.100562610062563e-13,2.0005691619265684e-18,0.0,5.001422904816421e-19,0.0,5.001422904816421e-19,3.5009960333714946e-18,3.5009960333714946e-18,2.5007114524082102e-18,1.5004268714449262e-18,2.0005691619265684e-18,2.0005691619265684e-18,4.001138323853137e-18,1.450412642396762e-17,5.0014229048164204e-18,5.001422904816421e-19,1.5004268714449262e-18,1.0002845809632842e-18,7.001992066742989e-18,3.5009960333714946e-18,1.200341497155941e-17,1.500426871444926e-17,9.002561228669556e-18,9.5027035191512e-18,1.0553002329162647e-16,5.3515225081535703e-17,5.3015082791054065e-17,0.0,4.001138323853137e-18,4.001138323853137e-18,1.5004268714449262e-18,4.7013375305274356e-17,3.300939117178838e-17,1649.8183268778184,2030.3838801215493,2294.541890935998,3108.2128372875854,1163.1499747562395,2269.1566103199984,-233.72292911234766,43.85827917394005,66663.47075743246,8.332933844679057e+23,4.951646050938337e-22,4.462055093647891e-22
5.5984e-06,199322.0,6.64406,3e+22,-2319.38,-281.57,66254.1,4.42253,4.40812,4.43248,0.00240717515,0.000584218576,0.400492447,0.0209580466,0.0214189848,0.173165316,2.63333693e-05,0.000987396257,0.000123870108,2675.08772,667.434669,-1291.74456,1665.45778,2031.60006,313.221375,-901.685709,57.6739803,27830.187,25200.0,199321.873322,6.644062444,-240.0,30000 3000,1e-06,2,0.0 0.0259,0.0 0.0,-1.0 0.0,0.00054857 28.0,30000,1000,0,0.0,0.0 0.0 0.0,1000 1000000 0,0,0.0,0,100,0,,80,,1,,,10,1.0,10.0,0.1,True,{},,,False,3,mixed,250,300,True,Ar_Aubin,,False,uniform,Argon_Aubin_Model3-test/80Td,3.0000000000000005e+21,8.281762500000002e+23,4.0011383238531363e-17,2.1138914021038983e-13,2.1096251883660906e-13,6.001707485779705e-18,5.001422904816421e-19,0.0,0.0,1.0002845809632842e-18,3.0008537428898524e-18,2.5007114524082102e-18,4.501280614334778e-18,5.001422904816421e-19,3.0008537428898524e-18,2.0005691619265684e-18,1.0002845809632842e-18,1.4003984133485978e-17,3.5009960333714946e-18,3.0008537428898524e-18,2.5007114524082102e-18,4.001138323853137e-18,8.502418938187915e-18,5.0014229048164204e-18,1.6004553295412547e-17,1.0002845809632841e-17,1.0502988100114484e-17,9.002561228669556e-18,9.952831580584678e-17,4.8513802176719277e-17,5.701622111490719e-17,0.0,3.0008537428898524e-18,1.0002845809632841e-17,3.5009960333714946e-18,5.501565195298063e-17,4.0011383238531363e-17,2175.5534736835007,2680.670873899407,2146.0206725810676,2031.7645584244442,1094.087607205927,1295.9203672173026,-139.29990484665294,-1424.0213203827552,72600.56986212361,9.075071232765453e+23,5.511166553446804e-22,6.039080334429319e-22
5.62061e-06,199057.0,6.63522,3e+22,87.2519,-5375.61,67329.3,4.44364,4.41227,4.38859,0.002386696,0.000649916476,0.402050397,0.0210355794,0.0215059015,0.17445633,3.04988712e-05,0.000989075889,0.000141793189,1631.27058,892.838064,1458.28677,-278.023611,2975.38988,167.649327,-579.236987,-1905.00833,29189.7744,25300.0,199056.589529,6.635219651,-240.0,30000 3000,1e-06,2,0.0 0.0259,0.0 0.0,-1.0 0.0,0.00054857 28.0,30000,1000,0,0.0,0.0 0.0 0.0,1000 1000000 0,0,0.0,0,100,0,,80,,1,,,10,1.0,10.0,0.1,True,{},,,False,3,mixed,250,300,True,Ar_Aubin,,False,uniform,Argon_Aubin_Model3-test/80Td,3.0000000000000005e+21,8.416162500000002e+23,4.5012806143347784e-17,2.1154918574334397e-13,2.1111506223520592e-13,5.0014229048164204e-18,5.001422904816421e-19,2.5007114524082102e-18,0.0,1.0002845809632842e-18,4.501280614334778e-18,6.501849776261348e-18,2.5007114524082102e-18,1.0002845809632842e-18,3.0008537428898524e-18,2.0005691619265684e-18,2.0005691619265684e-18,1.0502988100114484e-17,4.501280614334778e-18,1.0002845809632842e-18,2.5007114524082102e-18,2.5007114524082102e-18,1.0502988100114484e-17,2.5007114524082102e-18,1.4003984133485978e-17,9.5027035191512e-18,8.502418938187915e-18,6.001707485779705e-18,1.0853087703451633e-16,4.601309072431107e-17,5.95169325673154e-17,0.0,7.001992066742989e-18,6.001707485779705e-18,3.0008537428898524e-18,5.651607882442556e-17,4.5012806143347784e-17,1747.1940008364122,1631.0623362392778,1954.3574628705,2978.8835775075504,915.8390204795536,2120.0026052678986,277.414998392134,683.2755509731957,70127.70133103004,8.765962666378755e+23,6.418691228858312e-22,6.685470685622423e-22
5.64283e-06,198451.0,6.61503,3e+22,-1523.74,-3102.66,61671.6,4.41249,4.4192,4.37667,0.0023876053,0.000628588522,0.403607119,0.0211169101,0.0215889022,0.175774665,5.00912764e-05,0.00100208644,0.000132138643,2283.74425,550.991772,-332.945098,739.552685,1228.30221,2114.84788,-1.71065758,-815.823217,26580.1151,25400.0,198450.8136,6.61502712,-240.0,30000 3000,1e-06,2,0.0 0.0259,0.0 0.0,-1.0 0.0,0.00054857 28.0,30000,1000,0,0.0,0.0 0.0 0.0,1000 1000000 0,0,0.0,0,100,0,,80,,1,,,10,1.0,10.0,0.1,True,{},,,False,3,mixed,250,300,True,Ar_Aubin,,False,uniform,Argon_Aubin_Model3-test/80Td,3.0000000000000005e+21,7.708950000000001e+23,3.9011098657568074e-17,2.10076766840166e-13,2.0962713892102306e-13,4.501280614334778e-18,1.5004268714449262e-18,5.001422904816421e-19,0.0,0.0,2.5007114524082102e-18,7.50213435722463e-18,4.501280614334778e-18,2.0005691619265684e-18,4.001138323853137e-18,5.001422904816421e-19,5.501565195298063e-18,1.4003984133485978e-17,6.501849776261348e-18,2.0005691619265684e-18,1.0002845809632842e-18,4.501280614334778e-18,7.50213435722463e-18,5.501565195298063e-18,1.200341497155941e-17,1.1003130390596125e-17,9.5027035191512e-18,5.501565195298063e-18,1.0703045016307141e-16,5.3015082791054065e-17,6.65189246340584e-17,0.0,4.001138323853137e-18,9.002561228669556e-18,5.0014229048164204e-18,5.401536737201735e-17,3.901109865756808e-17,1830.363809880048,2287.3823396998223,1868.660911684587,1230.2525064636686,1443.7907169516277,1689.0182998795972,401.88013432638286,133.08911690558006,70072.42560508511,8.759053200635641e+23,5.567253926305795e-22,6.325618057188086e-22
5.66504e-06,198009.0,6.6003,3e+22,9407.73,-692.474,61147.7,4.40145,4.36139,4.41599,0.00244792127,0.000656222341,0.405098423,0.0212038025,0.0216952892,0.177023834,2.88599021e-05,0.00103666268,0.000161984253,1633.1513,-1696.00421,1036.55949,-1073.10844,2359.9032,1249.66507,3449.69696,389.051955,26069.8994,25500.0,198009.045229,6.600301508,-240.0,30000 3000,1e-06,2,0.0 0.0259,0.0 0.0,-1.0 0.0,0.00054857 28.0,30000,1000,0,0.0,0.0 0.0 0.0,1000 1000000 0,0,0.0,0,100,0,,80,,1,,,10,1.0,10.0,0.1,True,{},,,False,3,mixed,250,300,True,Ar_Aubin,,False,uniform,Argon_Aubin_Model3-test/80Td,3.0000000000000005e+21,7.643462500000002e+23,3.9011098657568074e-17,2.1007526641329456e-13,2.0964814489722328e-13,3.0008537428898524e-18,1.0002845809632842e-18,1.0002845809632842e-18,0.0,0.0,2.0005691619265684e-18,2.5007114524082102e-18,5.501565195298063e-18,0.0,1.5004268714449262e-18,1.5004268714449262e-18,4.001138323853137e-18,1.2503557262041051e-17,8.502418938187915e-18,2.5007114524082102e-18,2.0005691619265684e-18,3.5009960333714946e-18,8.002276647706274e-18,4.501280614334778e-18,1.650469558589419e-17,1.1003130390596125e-17,6.501849776261348e-18,1.0002845809632841e-17,1.095311616154796e-16,4.8513802176719277e-17,6.001707485779705e-17,0.0,5.0014229048164204e-18,4.001138323853137e-18,4.501280614334778e-18,4.901394446720092e-17,3.901109865756808e-17,1949.0711725491828,1610.1219176305829,2393.5896310561225,2360.3576169093617,970.998032788503,1299.0625599228988,296.26035123373515,525.5151075486319,67127.77785279782,8.390972231599728e+23,5.811468799565235e-22,6.379814556813761e-22
5.68726e-06,197837.0,6.59457,3e+22,6834.86,7484.36,64631.8,4.38199,4.35913,4.4237,0.0024312579,0.000639455051,0.406587242,0.0212692046,0.0217539781,0.17827297,1.90780263e-05,0.00104297631,0.000152336466,829.738416,-829.352537,986.58997,-336.743359,734.300993,-143.648089,2794.16265,3242.39851,27415.4426,25600.0,197837.247427,6.594574914,-240.0,30000 3000,1e-06,2,0.0 0.0259,0.0 0.0,-1.0 0.0,0.00054857 28.0,30000,1000,0,0.0,0.0 0.0 0.0,1000 1000000 0,0,0.0,0,100,0,,80,,1,,,10,1.0,10.0,0.1,True,{},,,False,3,mixed,250,300,True,Ar_Aubin,,False,uniform,Argon_Aubin_Model3-test/80Td,3.0000000000000005e+21,8.078975000000002e+23,3.45098180432333e-17,2.0926953718332865e-13,2.0885441908222892e-13,4.501280614334778e-18,1.5004268714449262e-18,1.5004268714449262e-18,0.0,1.0002845809632842e-18,1.5004268714449262e-18,7.001992066742989e-18,3.5009960333714946e-18,1.0002845809632842e-18,3.0008537428898524e-18,1.0002845809632842e-18,2.0005691619265684e-18,1.2503557262041051e-17,3.5009960333714946e-18,2.5007114524082102e-18,5.001422904816421e-19,2.5007114524082102e-18,6.501849776261348e-18,3.0008537428898524e-18,1.2503557262041051e-17,1.3003699552522696e-17,6.501849776261348e-18,7.50213435722463e-18,9.902817351536512e-17,5.151465591960914e-17,6.201764401972362e-17,0.0,4.501280614334778e-18,6.001707485779705e-18,2.5007114524082102e-18,5.701622111490719e-17,3.4509818043233305e-17,1473.7958752021248,813.121108629606,1321.36499080795,729.5150811944976,915.6270941161906,1136.977292504398,425.1113820932453,844.6491688026604,67015.92102953426,8.376990128691786e+23,5.149495450196774e-22,5.339448699128494e-22
5.70948e-06,198158.0,6.60527,3e+22,-2579.0,6198.13,60904.4,4.36754,4.38087,4.44079,0.00244647771,0.000743489476,0.408103271,0.0213373093,0.0218372994,0.179556718,1.46872046e-05,0.00106872493,0.000187045203,2785.00365,-366.989279,656.104746,367.544955,1652.44553,464.11866,-493.150173,2565.24564,25440.197,25700.0,198158.241173,6.605274706,-240.0,30000 3000,1e-06,2,0.0 0.0259,0.0 0.0,-1.0 0.0,0.00054857 28.0,30000,1000,0,0.0,0.0 0.0 0.0,1000 1000000 0,0,0.0,0,100,0,,80,,1,,,10,1.0,10.0,0.1,True,{},,,False,3,mixed,250,300,True,Ar_Aubin,,False,uniform,Argon_Aubin_Model3-test/80Td,3.0000000000000005e+21,7.613050000000001e+23,3.7510671786123153e-17,2.0945909111142118e-13,2.0905647656758348e-13,5.0014229048164204e-18,1.0002845809632842e-18,1.0002845809632842e-18,0.0,0.0,3.0008537428898524e-18,2.5007114524082102e-18,5.0014229048164204e-18,5.001422904816421e-19,2.0005691619265684e-18,1.0002845809632842e-18,3.0008537428898524e-18,1.500426871444926e-17,5.501565195298063e-18,3.5009960333714946e-18,5.001422904816421e-19,3.0008537428898524e-18,9.002561228669556e-18,2.5007114524082102e-18,1.450412642396762e-17,1.6004553295412547e-17,9.5027035191512e-18,5.501565195298063e-18,9.15260391581405e-17,5.4515509662498986e-17,5.3015082791054065e-17,0.0,6.501849776261348e-18,5.501565195298063e-18,3.0008537428898524e-18,4.251209469093958e-17,3.751067178612316e-17,1531.120994215469,2791.31311601409,1872.0246796511785,1647.8372855741202,1095.0165482189122,584.9121417075985,713.5208689327198,1066.451651868076,68240.71948469224,8.53008993558653e+23,5.49681657364963e-22,6.158942832721963e-22
5.73169e-06,198105.0,6.6035,3e+22,-5858.39,4354.62,70656.0,4.38722,4.37426,4.41683,0.00242438499,0.000820594565,0.409664437,0.0214232877,0.0219331475,0.180892647,1.99837658e-05,0.00105220195,0.000224577233,1868.51576,-1487.80633,-4.38436554,-176.308599,2432.14577,1292.28654,-2981.80804,1571.89657,29268.479,25800.0,198104.938077,6.603497936,-240.0,30000 3000,1e-06,2,0.0 0.0259,0.0 0.0,-1.0 0.0,0.00054857 28.0,30000,1000,0,0.0,0.0 0.0 0.0,1000 1000000 0,0,0.0,0,100,0,,80,,1,,,10,1.0,10.0,0.1,True,{},,,False,3,mixed,250,300,True,Ar_Aubin,,False,uniform,Argon_Aubin_Model3-test/80Td,3.0000000000000005e+21,8.832000000000001e+23,3.4009675752751654e-17,2.098647065090018e-13,2.094350842814781e-13,4.001138323853137e-18,0.0,1.5004268714449262e-18,0.0,1.0002845809632842e-18,3.5009960333714946e-18,5.501565195298063e-18,2.5007114524082102e-18,5.001422904816421e-19,1.0002845809632842e-18,2.5007114524082102e-18,1.5004268714449262e-18,1.3503841843004337e-17,4.001138323853137e-18,2.0005691619265684e-18,1.0002845809632842e-18,5.0014229048164204e-18,6.501849776261348e-18,8.002276647706274e-18,1.0502988100114484e-17,1.1503272681077768e-17,1.0502988100114484e-17,5.0014229048164204e-18,1.02029027258255e-16,5.3015082791054065e-17,5.851664798635212e-17,0.0,7.001992066742989e-18,8.002276647706274e-18,3.5009960333714946e-18,6.251778631020527e-17,3.400967575275166e-17,1937.4864535263737,1882.718752781566,2154.4817261694225,2428.57239249536,1333.681245694203,323.2285393279999,-508.2727289919005,-757.51571031701,70272.46251558581,8.784057814448229e+23,4.839687487144571e-22,4.813416518448774e-22
5.75391e-06,198050.0,6.60167,3e+22,5208.61,12659.4,57985.1,4.36123,4.37532,4.4466,0.00241496917,0.000879376158,0.411193635,0.0214917418,0.0219957102,0.182203455,1.01821209e-05,0.00105462488,0.00024093758,1390.00592,-536.661446,254.971901,-420.422894,1046.31291,509.311499,1857.24178,4867.10744,25560.922,25900.0,198049.999569,6.601666652,-240.0,30000 3000,1e-06,2,0.0 0.0259,0.0 0.0,-1.0 0.0,0.00054857 28.0,30000,1000,0,0.0,0.0 0.0 0.0,1000 1000000 0,0,0.0,0,100,0,,80,,1,,,10,1.0,10.0,0.1,True,{},,,False,3,mixed,250,300,True,Ar_Aubin,,False,uniform,Argon_Aubin_Model3-test/80Td,3.0000000000000005e+21,7.248137500000001e+23,3.3509533462270016e-17,2.101262809269237e-13,2.0970466097604773e-13,4.501280614334778e-18,1.5004268714449262e-18,1.0002845809632842e-18,0.0,0.0,3.5009960333714946e-18,5.501565195298063e-18,5.501565195298063e-18,1.0002845809632842e-18,2.0005691619265684e-18,1.5004268714449262e-18,1.0002845809632842e-18,1.3003699552522696e-17,3.0008537428898524e-18,4.501280614334778e-18,3.5009960333714946e-18,3.0008537428898524e-18,8.002276647706274e-18,3.0008537428898524e-18,1.8505264747820757e-17,1.200341497155941e-17,7.50213435722463e-18,9.5027035191512e-18,9.652746206295692e-17,5.0014229048164204e-17,5.901679027683377e-17,0.0,3.0008537428898524e-18,4.001138323853137e-18,4.001138323853137e-18,5.901679027683377e-17,3.350953346227002e-17,1541.6811042470513,1377.4272874314463,1405.8123464016962,1035.180535465415,1250.3089682109082,1717.8179551614994,116.46120906051945,-169.56582701671687,68833.49312879557,8.604186641099448e+23,4.868201792341082e-22,5.778990372055928e-22
5.77612e-06,197212.0,6.57373,3e+22,-359.218,-4887.1,66125.4,4.37892,4.37618,4.36736,0.00241716172,0.000856362394,0.412701882,0.0215598288,0.022104994,0.183516918,1.28339136e-05,0.00106617899,0.000223076298,627.451155,-986.495698,890.480597,-165.404316,3218.43625,726.170358,393.520754,-2017.88069,29158.8607,26000.0,197211.846454,6.573728215,-240.0,30000 3000,1e-06,2,0.0 0.0259,0.0 0.0,-1.0 0.0,0.00054857 28.0,30000,1000,0,0.0,0.0 0.0 0.0,1000 1000000 0,0,0.0,0,100,0,,80,,1,,,10,1.0,10.0,0.1,True,{},,,False,3,mixed,250,300,True,Ar_Aubin,,False,uniform,Argon_Aubin_Model3-test/80Td,3.0000000000000005e+21,8.265675000000001e+23,3.8510956367086436e-17,2.0865736301977912e-13,2.082122363812505e-13,6.001707485779705e-18,1.5004268714449262e-18,3.5009960333714946e-18,0.0,5.001422904816421e-19,3.0008537428898524e-18,4.001138323853137e-18,4.001138323853137e-18,1.0002845809632842e-18,2.5007114524082102e-18,3.0008537428898524e-18,4.001138323853137e-18,1.200341497155941e-17,2.5007114524082102e-18,4.001138323853137e-18,0.0,2.5007114524082102e-18,1.2503557262041051e-17,3.5009960333714946e-18,1.5504411004930906e-17,1.1503272681077768e-17,7.50213435722463e-18,1.0502988100114484e-17,1.0603016558210813e-16,5.10145136291275e-17,6.451835547213183e-17,0.0,4.001138323853137e-18,4.501280614334778e-18,4.001138323853137e-18,5.751636340538883e-17,3.851095636708644e-17,1532.1550176093838,628.319442998735,2460.4842900219996,3222.6213786557178,1594.0173067779765,1868.7836719972038,315.39890271724494,1272.4155100485877,67890.42982728667,8.486303728410835e+23,5.672516209583346e-22,5.823927925893294e-22
5.79834e-06,196968.0,6.56561,3e+22,1250.42,2991.72,67379.3,4.37056,4.36992,4.36487,0.0024358401,0.000914331011,0.414235896,0.0216383478,0.0222024652,0.184839828,2.33989491e-05,0.00107538341,0.000251552528,1896.1357,-626.527564,1505.49166,1473.36656,2065.16284,743.420095,575.418329,1780.92702,28650.7484,26100.0,196968.261446,6.565608715,-240.0,30000 3000,1e-06,2,0.0 0.0259,0.0 0.0,-1.0 0.0,0.00054857 28.0,30000,1000,0,0.0,0.0 0.0 0.0,1000 1000000 0,0,0.0,0,100,0,,80,,1,,,10,1.0,10.0,0.1,True,{},,,False,3,mixed,250,300,True,Ar_Aubin,,False,uniform,Argon_Aubin_Model3-test/80Td,3.0000000000000005e+21,8.422412500000002e+23,3.300939117178837e-17,2.079356576946141e-13,2.0750503518250943e-13,3.5009960333714946e-18,2.0005691619265684e-18,5.001422904816421e-19,0.0,5.001422904816421e-19,2.0005691619265684e-18,4.001138323853137e-18,7.001992066742989e-18,1.0002845809632842e-18,2.5007114524082102e-18,5.001422904816421e-19,3.0008537428898524e-18,1.6004553295412547e-17,6.501849776261348e-18,5.001422904816421e-19,3.5009960333714946e-18,5.501565195298063e-18,9.002561228669556e-18,3.0008537428898524e-18,1.3503841843004337e-17,1.6004553295412547e-17,1.1503272681077768e-17,7.50213435722463e-18,1.080307347440347e-16,4.801365988623764e-17,5.551579424346227e-17,0.0,4.001138323853137e-18,5.501565195298063e-18,5.501565195298063e-18,5.201479821009078e-17,3.300939117178838e-17,1765.1401425975428,1893.089876822158,2191.415953262784,2062.427417627771,1223.8052795323777,739.8236926471982,-100.86448867129631,1398.8159390737496,69050.27480318026,8.631284350397535e+23,4.780486575307308e-22,4.899040383587893e-22
5.82055e-06,197502.0,6.5834,3e+22,5078.95,404.392,63026.2,4.37522,4.33733,4.43152,0.00249503027,0.000979233631,0.415839433,0.0217324838,0.0222890053,0.186214536,4.25171345e-05,0.00110637618,0.00029490283,1855.79864,-714.296118,-1204.91712,358.730853,2431.80689,-184.587879,2885.77999,-891.07485,26560.0571,26200.0,197501.939257,6.583397975,-240.0,30000 3000,1e-06,2,0.0 0.0259,0.0 0.0,-1.0 0.0,0.00054857 28.0,30000,1000,0,0.0,0.0 0.0 0.0,1000 1000000 0,0,0.0,0,100,0,,80,,1,,,10,1.0,10.0,0.1,True,{},,,False,3,mixed,250,300,True,Ar_Aubin,,False,uniform,Argon_Aubin_Model3-test/80Td,3.0000000000000005e+21,7.878275000000002e+23,3.200910659082509e-17,2.086358569012884e-13,2.082147370927029e-13,1.5004268714449262e-18,2.0005691619265684e-18,1.0002845809632842e-18,0.0,1.5004268714449262e-18,2.5007114524082102e-18,5.501565195298063e-18,5.501565195298063e-18,1.0002845809632842e-18,2.5007114524082102e-18,2.5007114524082102e-18,6.501849776261348e-18,1.3003699552522696e-17,4.501280614334778e-18,2.0005691619265684e-18,3.0008537428898524e-18,3.0008537428898524e-18,4.001138323853137e-18,5.0014229048164204e-18,1.200341497155941e-17,1.200341497155941e-17,9.002561228669556e-18,1.1503272681077768e-17,9.802788893440184e-17,5.151465591960914e-17,6.101735943876033e-17,0.0,4.001138323853137e-18,7.001992066742989e-18,4.501280614334778e-18,5.201479821009078e-17,3.2009106590825094e-17,2112.0940620131037,1843.1265060101834,1944.9403961486228,2431.4108957534927,982.4381897952712,351.2778278554033,111.32583157075189,-588.4170950384237,72179.70012468494,9.022462515585618e+23,4.43464111592758e-22,5.07869847632018e-22
5.84277e-06,198223.0,6.60745,3e+22,1138.07,-3413.48,61121.2,4.39779,4.43482,4.36097,0.00241693947,0.000978117066,0.417366764,0.0218003821,0.022387857,0.18754222,2.95915397e-05,0.00106709872,0.000290015541,2008.55779,-1297.83857,-1186.04331,977.18221,2537.62841,-773.409089,551.000931,-1644.03578,26826.612,26300.0,198223.477735,6.607449258,-240.0,30000 3000,1e-06,2,0.0 0.0259,0.0 0.0,-1.0 0.0,0.00054857 28.0,30000,1000,0,0.0,0.0 0.0 0.0,1000 1000000 0,0,0.0,0,100,0,,80,,1,,,10,1.0,10.0,0.1,True,{},,,False,3,mixed,250,300,True,Ar_Aubin,,False,uniform,Argon_Aubin_Model3-test/80Td,3.0000000000000005e+21,7.64015e+23,3.601024491467822e-17,2.089414438407727e-13,2.0854983242732558e-13,3.0008537428898524e-18,5.001422904816421e-19,1.0002845809632842e-18,0.0,0.0,3.0008537428898524e-18,1.5004268714449262e-18,3.0008537428898524e-18,1.5004268714449262e-18,5.001422904816421e-19,3.5009960333714946e-18,2.5007114524082102e-18,8.502418938187915e-18,5.501565195298063e-18,2.0005691619265684e-18,3.0008537428898524e-18,4.501280614334778e-18,8.502418938187915e-18,3.5009960333714946e-18,1.0002845809632841e-17,9.5027035191512e-18,1.1003130390596125e-17,9.5027035191512e-18,9.402675061054871e-17,5.10145136291275e-17,5.401536737201735e-17,0.0,3.0008537428898524e-18,7.50213435722463e-18,3.5009960333714946e-18,4.7013375305274356e-17,3.6010244914678226e-17,1536.7795058173251,2005.8071436973771,2224.845392472957,2540.9671930424497,1240.155607690576,1316.6545442032038,-472.4405755849781,-1257.7612128392439,68749.45421972644,8.593681777465807e+23,5.237895387443776e-22,5.891612879766468e-22
5.86499e-06,197813.0,6.59375,3e+22,-8754.81,4845.5,62939.1,4.40003,4.39581,4.36857,0.0023525337,0.00100707583,0.418807532,0.0218904585,0.0224616734,0.188808812,2.39989274e-05,0.0010371301,0.000288766164,3025.08597,641.554086,912.634542,474.37725,2647.62255,271.207968,-3249.78595,1315.7391,27930.9109,26400.0,197812.525306,6.593750844,-240.0,30000 3000,1e-06,2,0.0 0.0259,0.0 0.0,-1.0 0.0,0.00054857 28.0,30000,1000,0,0.0,0.0 0.0 0.0,1000 1000000 0,0,0.0,0,100,0,,80,,1,,,10,1.0,10.0,0.1,True,{},,,False,3,mixed,250,300,True,Ar_Aubin,,False,uniform,Argon_Aubin_Model3-test/80Td,3.0000000000000005e+21,7.867387500000001e+23,3.3509533462270016e-17,2.0944858812332108e-13,2.090379713028357e-13,6.001707485779705e-18,2.5007114524082102e-18,1.0002845809632842e-18,0.0,0.0,3.5009960333714946e-18,5.0014229048164204e-18,6.501849776261348e-18,1.0002845809632842e-18,2.0005691619265684e-18,5.501565195298063e-18,4.501280614334778e-18,1.1003130390596125e-17,4.001138323853137e-18,1.5004268714449262e-18,3.5009960333714946e-18,1.0002845809632842e-18,9.002561228669556e-18,3.5009960333714946e-18,1.0502988100114484e-17,1.6004553295412547e-17,7.001992066742989e-18,1.1003130390596125e-17,9.402675061054871e-17,5.3015082791054065e-17,5.201479821009078e-17,0.0,4.501280614334778e-18,6.501849776261348e-18,3.5009960333714946e-18,4.801365988623764e-17,3.350953346227002e-17,2034.209318371226,3045.6819555620973,1660.0477871126025,2642.742764065735,1392.2198042991156,1571.541762698802,-291.5590845319456,1181.3626074312497,64853.01068153805,8.106626335192258e+23,5.166997354497422e-22,5.3241202149808335e-22
5.8872e-06,198031.0,6.60103,3e+22,-6370.02,6557.63,62929.7,4.42811,4.33093,4.42003,0.00235087627,0.00108271735,0.42034387,0.0219869954,0.0225572749,0.190144263,2.53073642e-05,0.0010391789,0.000325920241,2624.8391,1269.27911,-93.0999384,-381.486775,778.494691,-396.613477,-3128.5798,3065.61672,28242.9572,26500.0,198030.91295,6.601030432,-240.0,30000 3000,1e-06,2,0.0 0.0259,0.0 0.0,-1.0 0.0,0.00054857 28.0,30000,1000,0,0.0,0.0 0.0 0.0,1000 1000000 0,0,0.0,0,100,0,,80,,1,,,10,1.0,10.0,0.1,True,{},,,False,3,mixed,250,300,True,Ar_Aubin,,False,uniform,Argon_Aubin_Model3-test/80Td,3.0000000000000005e+21,7.866212500000002e+23,3.3509533462270016e-17,2.0908948595875525e-13,2.0867536814223647e-13,4.501280614334778e-18,5.001422904816421e-19,1.5004268714449262e-18,0.0,5.001422904816421e-19,3.5009960333714946e-18,4.001138323853137e-18,4.001138323853137e-18,1.0002845809632842e-18,1.0002845809632842e-18,3.0008537428898524e-18,3.0008537428898524e-18,1.0502988100114484e-17,4.501280614334778e-18,2.5007114524082102e-18,0.0,4.001138323853137e-18,6.001707485779705e-18,5.0014229048164204e-18,1.3003699552522696e-17,1.450412642396762e-17,1.0502988100114484e-17,6.001707485779705e-18,1.045297387106632e-16,5.601593653394391e-17,5.3515225081535703e-17,0.0,4.501280614334778e-18,6.501849776261348e-18,6.001707485779705e-18,4.651323301479271e-17,3.350953346227002e-17,2172.873832993202,2639.8142288574254,2148.0881906063105,771.3946312241195,1040.489319679025,1790.8435640610005,-39.10696299210266,-692.0208180308186,69154.88456465982,8.644360570582479e+23,4.845577239152008e-22,5.324915494952306e-22
5.90942e-06,198203.0,6.60677,3e+22,-3516.93,-7830.59,74235.8,4.36521,4.41679,4.39979,0.0023410888,0.00102730491,0.421921205,0.022081818,0.0226206973,0.191541203,3.15584437e-05,0.00103113284,0.000313926687,444.671691,297.772461,337.900079,-207.492051,2386.41767,1117.3559,-2420.14638,-3755.47072,32965.2036,26600.0,198203.241082,6.606774703,-240.0,30000 3000,1e-06,2,0.0 0.0259,0.0 0.0,-1.0 0.0,0.00054857 28.0,30000,1000,0,0.0,0.0 0.0 0.0,1000 1000000 0,0,0.0,0,100,0,,80,,1,,,10,1.0,10.0,0.1,True,{},,,False,3,mixed,250,300,True,Ar_Aubin,,False,uniform,Argon_Aubin_Model3-test/80Td,3.0000000000000005e+21,9.279475000000001e+23,3.7510671786123153e-17,2.0945508997309736e-13,2.0902746831473558e-13,4.501280614334778e-18,2.5007114524082102e-18,0.0,0.0,5.001422904816421e-19,3.0008537428898524e-18,4.001138323853137e-18,4.501280614334778e-18,0.0,5.001422904816421e-19,2.5007114524082102e-18,5.501565195298063e-18,1.2503557262041051e-17,4.501280614334778e-18,2.5007114524082102e-18,1.5004268714449262e-18,3.0008537428898524e-18,9.5027035191512e-18,5.501565195298063e-18,1.1003130390596125e-17,1.2503557262041051e-17,1.2503557262041051e-17,8.002276647706274e-18,1.0603016558210813e-16,5.4515509662498986e-17,6.101735943876033e-17,0.0,3.0008537428898524e-18,6.501849776261348e-18,2.0005691619265684e-18,4.651323301479271e-17,3.751067178612316e-17,2135.14920546461,452.90513643338403,1430.0415801718736,2394.4620735551966,1539.5689106644415,1643.545409860999,-343.2063650376225,-772.1715574383902,71000.27457811806,8.875034322264759e+23,5.283172777712576e-22,5.052908675615155e-22
5.93163e-06,198091.0,6.60303,3e+22,-260.943,-3493.19,57402.2,4.39219,4.38515,4.40991,0.00242143718,0.000933741172,0.423393946,0.0221750243,0.0227223901,0.192847935,4.18645537e-05,0.00107944315,0.000274695652,2435.77571,-235.932458,453.140796,760.290745,1563.80028,322.155765,-633.144647,-765.115497,25492.74,26700.0,198090.750441,6.603025015,-240.0,30000 3000,1e-06,2,0.0 0.0259,0.0 0.0,-1.0 0.0,0.00054857 28.0,30000,1000,0,0.0,0.0 0.0 0.0,1000 1000000 0,0,0.0,0,100,0,,80,,1,,,10,1.0,10.0,0.1,True,{},,,False,3,mixed,250,300,True,Ar_Aubin,,False,uniform,Argon_Aubin_Model3-test/80Td,3.0000000000000005e+21,7.175275000000001e+23,3.050867971938016e-17,2.0962763906331349e-13,2.0921802252740908e-13,2.5007114524082102e-18,2.0005691619265684e-18,1.0002845809632842e-18,0.0,5.001422904816421e-19,3.0008537428898524e-18,3.5009960333714946e-18,2.0005691619265684e-18,1.0002845809632842e-18,3.0008537428898524e-18,2.5007114524082102e-18,3.0008537428898524e-18,7.50213435722463e-18,4.501280614334778e-18,1.0002845809632842e-18,2.5007114524082102e-18,6.001707485779705e-18,6.501849776261348e-18,1.5004268714449262e-18,1.6004553295412547e-17,1.2503557262041051e-17,9.002561228669556e-18,1.0502988100114484e-17,1.0052860038681005e-16,4.901394446720092e-17,5.651607882442556e-17,0.0,3.0008537428898524e-18,1.200341497155941e-17,4.001138323853137e-18,5.251494050057242e-17,3.050867971938017e-17,2089.126228349876,2436.4075670820607,2292.8686841816198,1567.0620153246186,1390.9344028627143,1188.9960329188034,488.09523254478785,-208.5179858427179,66292.20513236013,8.286525641545018e+23,4.602151890779017e-22,5.314897289542938e-22
5.95385e-06,198026.0,6.60086,3e+22,8753.83,-992.299,61235.8,4.36532,4.39834,4.41629,0.0023872097,0.000924086353,0.42489459,0.0222497657,0.0227852213,0.194178054,5.22997445e-05,0.00107234611,0.000274032776,1040.88017,-93.6066115,115.695545,-231.387342,845.781098,-797.666285,4427.68597,-347.234029,28393.5532,26800.0,198025.73366,6.600857789,-240.0,30000 3000,1e-06,2,0.0 0.0259,0.0 0.0,-1.0 0.0,0.00054857 28.0,30000,1000,0,0.0,0.0 0.0 0.0,1000 1000000 0,0,0.0,0,100,0,,80,,1,,,10,1.0,10.0,0.1,True,{},,,False,3,mixed,250,300,True,Ar_Aubin,,False,uniform,Argon_Aubin_Model3-test/80Td,3.0000000000000005e+21,7.654475000000001e+23,4.2512094690939574e-17,2.099762382397792e-13,2.0956412099242237e-13,3.5009960333714946e-18,1.5004268714449262e-18,5.001422904816421e-19,0.0,5.001422904816421e-19,1.5004268714449262e-18,6.001707485779705e-18,1.5004268714449262e-18,1.5004268714449262e-18,5.001422904816421e-19,2.0005691619265684e-18,3.5009960333714946e-18,1.2503557262041051e-17,4.501280614334778e-18,1.5004268714449262e-18,1.5004268714449262e-18,3.0008537428898524e-18,1.3003699552522696e-17,4.001138323853137e-18,1.3503841843004337e-17,7.50213435722463e-18,1.0002845809632841e-17,1.200341497155941e-17,9.652746206295692e-17,4.601309072431107e-17,5.501565195298063e-17,0.0,2.5007114524082102e-18,4.501280614334778e-18,5.501565195298063e-18,5.401536737201735e-17,4.251209469093958e-17,1685.8643553696897,1019.982942111849,1414.5080097697316,846.6980679639956,1286.0135799762727,2374.793065677997,171.60303682449646,677.7438104730395,67548.19746217778,8.443524682772224e+23,6.293594246499819e-22,6.942359647614561e-22
5.97607e-06,198060.0,6.60201,3e+22,-219.325,-5055.96,61371.3,4.41131,4.39722,4.37394,0.00238270798,0.000881745418,0.42647247,0.0223393398,0.0228566542,0.195577952,3.62322817e-05,0.00108685589,0.000254877419,1229.22789,1114.14052,1078.05434,-202.294429,1335.43379,-34.0537655,-304.894253,-2029.51815,27452.54,26900.0,198060.263087,6.60200877,-240.0,30000 3000,1e-06,2,0.0 0.0259,0.0 0.0,-1.0 0.0,0.00054857 28.0,30000,1000,0,0.0,0.0 0.0 0.0,1000 1000000 0,0,0.0,0,100,0,,80,,1,,,10,1.0,10.0,0.1,True,{},,,False,3,mixed,250,300,True,Ar_Aubin,,False,uniform,Argon_Aubin_Model3-test/80Td,3.0000000000000005e+21,7.671412500000002e+23,3.9011098657568074e-17,2.091675081560704e-13,2.0873638550167524e-13,2.5007114524082102e-18,2.5007114524082102e-18,0.0,0.0,5.001422904816421e-19,4.501280614334778e-18,3.5009960333714946e-18,6.001707485779705e-18,0.0,1.5004268714449262e-18,3.0008537428898524e-18,3.0008537428898524e-18,7.50213435722463e-18,7.001992066742989e-18,3.0008537428898524e-18,2.0005691619265684e-18,2.0005691619265684e-18,1.0002845809632841e-17,3.0008537428898524e-18,1.1503272681077768e-17,1.500426871444926e-17,1.1503272681077768e-17,8.502418938187915e-18,1.0402959642018156e-16,4.8513802176719277e-17,6.001707485779705e-17,0.0,5.501565195298063e-18,6.001707485779705e-18,2.5007114524082102e-18,5.751636340538883e-17,3.901109865756808e-17,2016.4740756354663,1229.7504774277133,1609.4184931881327,1339.8918595635914,1272.5782742818926,1279.3701018889988,569.9930773100509,720.466275229776,71024.80655746452,8.878100819683065e+23,5.492601887765101e-22,6.356570360668272e-22
5.99828e-06,197489.0,6.58298,3e+22,-1208.62,-7291.8,63879.6,4.4067,4.35712,4.37863,0.00238424809,0.000915431984,0.427976281,0.0224553547,0.0229415679,0.19690588,5.10959857e-05,0.00109356481,0.000259712814,1524.06856,-75.5946811,1288.75234,-450.899752,2219.62883,165.80385,40.3897077,-2061.08911,28581.7211,27000.0,197489.322124,6.582977404,-240.0,30000 3000,1e-06,2,0.0 0.0259,0.0 0.0,-1.0 0.0,0.00054857 28.0,30000,1000,0,0.0,0.0 0.0 0.0,1000 1000000 0,0,0.0,0,100,0,,80,,1,,,10,1.0,10.0,0.1,True,{},,,False,3,mixed,250,300,True,Ar_Aubin,,False,uniform,Argon_Aubin_Model3-test/80Td,3.0000000000000005e+21,7.984950000000002e+23,4.1511810109976285e-17,2.0915550474109881e-13,2.0872238151754176e-13,3.0008537428898524e-18,1.0002845809632842e-18,5.001422904816421e-19,0.0,0.0,3.5009960333714946e-18,5.501565195298063e-18,1.5004268714449262e-18,5.001422904816421e-19,1.5004268714449262e-18,4.001138323853137e-18,2.0005691619265684e-18,1.4003984133485978e-17,5.501565195298063e-18,2.0005691619265684e-18,2.5007114524082102e-18,2.5007114524082102e-18,8.502418938187915e-18,4.501280614334778e-18,1.650469558589419e-17,1.3003699552522696e-17,1.200341497155941e-17,5.501565195298063e-18,9.752774664392021e-17,5.3515225081535703e-17,6.501849776261348e-17,0.0,6.001707485779705e-18,3.0008537428898524e-18,3.5009960333714946e-18,5.3515225081535703e-17,4.151181010997629e-17,2610.9128678848033,1526.9502099265358,1909.7394043193558,2226.3039769409315,967.7431323943904,1242.7674602323968,111.03070232389078,1694.0979261522557,67690.75301923494,8.461344127404369e+23,6.132567338729462e-22,6.498445530337743e-22
6.0205e-06,197160.0,6.57202,3e+22,-3213.83,-6031.45,68736.8,4.38967,4.37437,4.35286,0.00234866709,0.000876570866,0.429451289,0.0225207914,0.0230208212,0.198228828,4.95814249e-05,0.0010935591,0.000254541675,2200.0652,-7.15542679,-74.6921924,-1222.53609,1414.923,-594.035867,-681.435772,-1948.40808,30696.892,27100.0,197160.486657,6.572016222,-240.0,30000 3000,1e-06,2,0.0 0.0259,0.0 0.0,-1.0 0.0,0.00054857 28.0,30000,1000,0,0.0,0.0 0.0 0.0,1000 1000000 0,0,0.0,0,100,0,,80,,1,,,10,1.0,10.0,0.1,True,{},,,False,3,mixed,250,300,True,Ar_Aubin,,False,uniform,Argon_Aubin_Model3-test/80Td,3.0000000000000005e+21,8.592100000000002e+23,3.200910659082509e-17,2.089119354456343e-13,2.084928162062107e-13,6.001707485779705e-18,0.0,2.0005691619265684e-18,0.0,1.0002845809632842e-18,2.5007114524082102e-18,2.5007114524082102e-18,3.5009960333714946e-18,1.0002845809632842e-18,2.0005691619265684e-18,2.0005691619265684e-18,2.5007114524082102e-18,1.5504411004930906e-17,6.001707485779705e-18,3.0008537428898524e-18,2.5007114524082102e-18,3.0008537428898524e-18,6.501849776261348e-18,2.5007114524082102e-18,1.4003984133485978e-17,1.200341497155941e-17,9.5027035191512e-18,5.0014229048164204e-18,9.602731977247528e-17,6.551864005309511e-17,5.551579424346227e-17,0.0,4.501280614334778e-18,6.001707485779705e-18,5.0014229048164204e-18,5.0014229048164204e-17,3.2009106590825094e-17,1476.5348659073181,2207.613416753855,1785.274043234969,1420.2099933497357,1310.6710695817715,1177.7846382647986,529.2520810398977,462.61561169495803,66394.24916388711,8.299281145485891e+23,4.821066130564114e-22,4.65676414829103e-22
6.04271e-06,197742.0,6.5914,3e+22,4233.6,3809.98,74360.3,4.35489,4.39541,4.40088,0.00233290372,0.000877726349,0.431055825,0.0226157862,0.0230823841,0.199641611,4.49373703e-05,0.00108648634,0.000252441632,1095.87961,767.994649,-516.761102,1455.31558,1048.8873,1151.50518,2292.87725,1430.19668,33255.5973,27200.0,197742.124296,6.591404143,-240.0,30000 3000,1e-06,2,0.0 0.0259,0.0 0.0,-1.0 0.0,0.00054857 28.0,30000,1000,0,0.0,0.0 0.0 0.0,1000 1000000 0,0,0.0,0,100,0,,80,,1,,,10,1.0,10.0,0.1,True,{},,,False,3,mixed,250,300,True,Ar_Aubin,,False,uniform,Argon_Aubin_Model3-test/80Td,3.0000000000000005e+21,9.295037500000002e+23,3.7510671786123153e-17,2.0903196959534985e-13,2.0861585120966915e-13,3.5009960333714946e-18,1.5004268714449262e-18,1.5004268714449262e-18,0.0,5.001422904816421e-19,3.5009960333714946e-18,3.0008537428898524e-18,4.501280614334778e-18,1.0002845809632842e-18,1.5004268714449262e-18,3.5009960333714946e-18,2.5007114524082102e-18,9.002561228669556e-18,7.001992066742989e-18,1.5004268714449262e-18,1.0002845809632842e-18,3.5009960333714946e-18,8.502418938187915e-18,3.0008537428898524e-18,1.8005122457339113e-17,1.1503272681077768e-17,1.3503841843004337e-17,7.50213435722463e-18,9.752774664392021e-17,5.0014229048164204e-17,5.0514371338645855e-17,0.0,1.5004268714449262e-18,8.002276647706274e-18,3.5009960333714946e-18,5.701622111490719e-17,3.751067178612316e-17,2139.65217103202,1086.0030288110079,1385.5138198180045,1045.5431801648372,721.7433759359528,1202.1568362524995,-182.13929833093118,-222.27721321031618,72224.66791802221,9.028083489752778e+23,5.193609450541083e-22,5.044448689169241e-22
6.06493e-06,197824.0,6.59413,3e+22,-10799.9,-10697.0,59572.2,4.40574,4.37943,4.38159,0.00227262838,0.000914314916,0.432562838,0.0226990594,0.0231758485,0.201001332,4.1064214e-05,0.00107470952,0.000268019349,1636.50284,-9.27364719,350.68507,-1556.09843,1938.19669,-53.2947046,-5442.2108,-5560.1292,27231.4302,27300.0,197823.760232,6.594125341,-240.0,30000 3000,1e-06,2,0.0 0.0259,0.0 0.0,-1.0 0.0,0.00054857 28.0,30000,1000,0,0.0,0.0 0.0 0.0,1000 1000000 0,0,0.0,0,100,0,,80,,1,,,10,1.0,10.0,0.1,True,{},,,False,3,mixed,250,300,True,Ar_Aubin,,False,uniform,Argon_Aubin_Model3-test/80Td,3.0000000000000005e+21,7.446525000000001e+23,3.651038720515987e-17,2.09519108186279e-13,2.0911049193495552e-13,4.501280614334778e-18,1.0002845809632842e-18,1.5004268714449262e-18,0.0,5.001422904816421e-19,2.0005691619265684e-18,4.001138323853137e-18,2.5007114524082102e-18,5.001422904816421e-19,1.5004268714449262e-18,2.5007114524082102e-18,3.5009960333714946e-18,1.6004553295412547e-17,4.501280614334778e-18,3.0008537428898524e-18,2.0005691619265684e-18,3.0008537428898524e-18,7.50213435722463e-18,6.001707485779705e-18,1.3503841843004337e-17,9.002561228669556e-18,8.002276647706274e-18,9.5027035191512e-18,9.802788893440184e-17,4.051152552901301e-17,5.95169325673154e-17,0.0,4.001138323853137e-18,7.001992066742989e-18,4.001138323853137e-18,5.3015082791054065e-17,3.6510387205159877e-17,1880.4279820580455,1661.0469992411622,2102.071754421601,1947.977116656452,1310.6929680180494,1462.7103020963987,485.25316993805285,-555.2758082628361,67834.88402450504,8.47936050306313e+23,5.382243624382208e-22,6.128762611614121e-22
6.08714e-06,197719.0,6.59062,3e+22,2312.75,3684.57,65745.2,4.39562,4.38571,4.37524,0.00223006893,0.000952351266,0.434059999,0.0227799702,0.0232653207,0.202367352,3.57264935e-05,0.00105735181,0.000289132355,2119.95708,-542.04977,803.045982,-985.703205,1481.15734,-270.588191,844.199029,1758.70941,29503.9797,27400.0,197718.720633,6.590624021,-240.0,30000 3000,1e-06,2,0.0 0.0259,0.0 0.0,-1.0 0.0,0.00054857 28.0,30000,1000,0,0.0,0.0 0.0 0.0,1000 1000000 0,0,0.0,0,100,0,,80,,1,,,10,1.0,10.0,0.1,True,{},,,False,3,mixed,250,300,True,Ar_Aubin,,False,uniform,Argon_Aubin_Model3-test/80Td,3.0000000000000005e+21,8.218150000000002e+23,2.8508110557453595e-17,2.0894294426764414e-13,2.0852532545509199e-13,2.0005691619265684e-18,3.5009960333714946e-18,0.0,0.0,0.0,2.0005691619265684e-18,5.0014229048164204e-18,6.001707485779705e-18,1.0002845809632842e-18,1.0002845809632842e-18,2.5007114524082102e-18,5.501565195298063e-18,1.3503841843004337e-17,3.5009960333714946e-18,1.0002845809632842e-18,1.5004268714449262e-18,1.0002845809632842e-18,8.002276647706274e-18,3.0008537428898524e-18,1.450412642396762e-17,1.450412642396762e-17,1.0502988100114484e-17,7.50213435722463e-18,1.0903101932499797e-16,4.901394446720092e-17,5.801650569587048e-17,0.0,5.501565195298063e-18,8.502418938187915e-18,3.0008537428898524e-18,4.901394446720092e-17,2.8508110557453595e-17,1825.3240319102363,2114.7994880821425,2012.0994159986735,1477.6483350958345,1542.725857027204,966.6182537452041,-102.93734458602573,496.75642049611406,67391.41785837933,8.423927232297417e+23,4.2302286349520616e-22,4.336150860816241e-22
6.10936e-06,197814.0,6.5938,3e+22,-532.275,845.881,58985.6,4.40332,4.33847,4.42602,0.00226211462,0.000894719141,0.435587661,0.0228740656,0.0233483333,0.203737801,4.05270119e-05,0.00108066731,0.00025726695,1521.14558,-563.754164,-1284.9414,192.72998,1111.61472,608.251852,-165.798335,486.452129,26612.8065,27500.0,197814.024849,6.593800828,-240.0,30000 3000,1e-06,2,0.0 0.0259,0.0 0.0,-1.0 0.0,0.00054857 28.0,30000,1000,0,0.0,0.0 0.0 0.0,1000 1000000 0,0,0.0,0,100,0,,80,,1,,,10,1.0,10.0,0.1,True,{},,,False,3,mixed,250,300,True,Ar_Aubin,,False,uniform,Argon_Aubin_Model3-test/80Td,3.0000000000000005e+21,7.373200000000001e+23,3.3509533462270016e-17,2.0909948880456487e-13,2.0868237013430324e-13,5.0014229048164204e-18,1.5004268714449262e-18,1.0002845809632842e-18,0.0,1.5004268714449262e-18,1.5004268714449262e-18,2.5007114524082102e-18,4.001138323853137e-18,5.001422904816421e-19,1.0002845809632842e-18,2.0005691619265684e-18,4.001138323853137e-18,1.3503841843004337e-17,6.501849776261348e-18,3.5009960333714946e-18,5.001422904816421e-19,3.0008537428898524e-18,7.50213435722463e-18,5.0014229048164204e-18,9.002561228669556e-18,1.3503841843004337e-17,1.0002845809632841e-17,7.001992066742989e-18,9.952831580584678e-17,5.601593653394391e-17,5.851664798635212e-17,0.0,6.001707485779705e-18,6.501849776261348e-18,2.5007114524082102e-18,5.10145136291275e-17,3.350953346227002e-17,2114.5090876024638,1522.3496470593607,1870.7108555714217,1110.8578940782918,943.498044847383,919.4069633183972,267.8262544406161,-1352.3195008706969,68764.3534585608,8.595544182320102e+23,4.873096564845002e-22,5.680968484218184e-22
6.13158e-06,197913.0,6.59708,3e+22,-4108.05,2040.76,64820.5,4.43202,4.34717,4.39098,0.00221305938,0.000892498938,0.43713621,0.0229637207,0.0234262263,0.205141534,5.30541013e-05,0.00107931908,0.000251187234,2242.85452,572.783974,232.525138,-96.5550354,2230.87312,759.654984,-1541.78098,629.224919,30275.1208,27600.0,197912.540034,6.597084668,-240.0,30000 3000,1e-06,2,0.0 0.0259,0.0 0.0,-1.0 0.0,0.00054857 28.0,30000,1000,0,0.0,0.0 0.0 0.0,1000 1000000 0,0,0.0,0,100,0,,80,,1,,,10,1.0,10.0,0.1,True,{},,,False,3,mixed,250,300,True,Ar_Aubin,,False,uniform,Argon_Aubin_Model3-test/80Td,3.0000000000000005e+21,8.102562500000002e+23,3.4009675752751654e-17,2.0916150644858464e-13,2.087403866399991e-13,4.501280614334778e-18,2.0005691619265684e-18,0.0,0.0,0.0,2.0005691619265684e-18,1.5004268714449262e-18,3.5009960333714946e-18,1.0002845809632842e-18,2.5007114524082102e-18,5.001422904816421e-19,5.501565195298063e-18,1.200341497155941e-17,4.501280614334778e-18,1.0002845809632842e-18,3.0008537428898524e-18,3.5009960333714946e-18,6.501849776261348e-18,2.5007114524082102e-18,1.2503557262041051e-17,1.3503841843004337e-17,9.5027035191512e-18,7.50213435722463e-18,1.1303215764885112e-16,3.901109865756808e-17,5.95169325673154e-17,0.0,5.0014229048164204e-18,7.001992066742989e-18,4.501280614334778e-18,6.001707485779705e-17,3.400967575275166e-17,2022.7546652309964,2251.945878586009,1753.1805595753833,2229.0517438672873,1176.5744868944726,1939.7330996950004,746.8793234374408,343.06994994921,69704.53594047553,8.713066992559442e+23,4.879119456701405e-22,5.246746901482039e-22
6.15379e-06,198157.0,6.60522,3e+22,3024.68,3329.18,58236.4,4.42735,4.38784,4.37586,0.00215754879,0.000910241447,0.438690544,0.0230513476,0.0235078777,0.206562838,6.03911629e-05,0.00104771751,0.000267990748,1736.68626,2247.60935,-784.484529,-589.378304,2467.08895,-581.003322,1233.63686,1443.70378,25764.981,27700.0,198156.676379,6.605222546,-240.0,30000 3000,1e-06,2,0.0 0.0259,0.0 0.0,-1.0 0.0,0.00054857 28.0,30000,1000,0,0.0,0.0 0.0 0.0,1000 1000000 0,0,0.0,0,100,0,,80,,1,,,10,1.0,10.0,0.1,True,{},,,False,3,mixed,250,300,True,Ar_Aubin,,False,uniform,Argon_Aubin_Model3-test/80Td,3.0000000000000005e+21,7.279550000000001e+23,3.801081407660479e-17,2.096251383518611e-13,2.092095201084709e-13,2.0005691619265684e-18,3.0008537428898524e-18,2.0005691619265684e-18,0.0,1.0002845809632842e-18,3.0008537428898524e-18,2.0005691619265684e-18,2.5007114524082102e-18,5.001422904816421e-19,1.5004268714449262e-18,2.5007114524082102e-18,3.0008537428898524e-18,1.8005122457339113e-17,5.501565195298063e-18,2.0005691619265684e-18,2.5007114524082102e-18,1.5004268714449262e-18,7.001992066742989e-18,4.001138323853137e-18,1.450412642396762e-17,1.3003699552522696e-17,5.501565195298063e-18,9.002561228669556e-18,9.352660832006707e-17,5.3015082791054065e-17,5.3515225081535703e-17,0.0,4.501280614334778e-18,7.50213435722463e-18,3.5009960333714946e-18,5.651607882442556e-17,3.80108140766048e-17,1977.6267231617026,1730.1603653258628,1836.9594493694406,2464.0585923794765,1349.8597434307756,217.22300339839785,-481.16135351220754,-1003.3940579798758,69964.9350240139,8.74561687800174e+23,5.432837758451205e-22,6.526985541105699e-22
6.17601e-06,197653.0,6.58842,3e+22,-1571.61,8055.45,65004.9,4.36088,4.43644,4.35512,0.00213284379,0.00097832413,0.44020071,0.0231376792,0.0236087569,0.207930101,7.1937477e-05,0.00104620212,0.000312493441,1757.4588,-1361.50161,444.5104,1623.18827,3380.60539,402.747596,-1000.02936,4267.63646,30283.4669,27800.0,197652.701827,6.588423394,-240.0,30000 3000,1e-06,2,0.0 0.0259,0.0 0.0,-1.0 0.0,0.00054857 28.0,30000,1000,0,0.0,0.0 0.0 0.0,1000 1000000 0,0,0.0,0,100,0,,80,,1,,,10,1.0,10.0,0.1,True,{},,,False,3,mixed,250,300,True,Ar_Aubin,,False,uniform,Argon_Aubin_Model3-test/80Td,3.0000000000000005e+21,8.125612500000001e+23,3.951124094804972e-17,2.0974767321302912e-13,2.0931555027405297e-13,1.5004268714449262e-18,1.0002845809632842e-18,2.0005691619265684e-18,0.0,1.0002845809632842e-18,2.5007114524082102e-18,4.501280614334778e-18,2.5007114524082102e-18,0.0,3.5009960333714946e-18,2.0005691619265684e-18,1.5004268714449262e-18,1.6004553295412547e-17,6.501849776261348e-18,2.5007114524082102e-18,1.5004268714449262e-18,3.5009960333714946e-18,9.5027035191512e-18,4.501280614334778e-18,1.5504411004930906e-17,1.4003984133485978e-17,7.50213435722463e-18,6.501849776261348e-18,1.1103158848692454e-16,4.901394446720092e-17,5.0514371338645855e-17,0.0,6.501849776261348e-18,5.0014229048164204e-18,4.501280614334778e-18,5.651607882442556e-17,3.9511240948049725e-17,1945.3993344561843,1760.810798628802,2267.5340946911856,3372.7245488869917,900.0605537449126,1668.2637665209986,274.64616398844225,-2.340419441471113,67976.80940227403,8.497101175284254e+23,5.81245888053227e-22,6.07819425121025e-22
6.19822e-06,197719.0,6.59065,3e+22,3529.54,-9473.03,71502.6,4.40246,4.36525,4.38393,0.0021810628,0.000974289485,0.441791309,0.0232177471,0.0236951192,0.209387183,5.27930461e-05,0.00106922875,0.00032713268,519.692481,76.7950007,-288.96874,-676.794815,2342.53366,743.376867,1290.93387,-4532.92463,31813.2839,27900.0,197719.353677,6.590645123,-240.0,30000 3000,1e-06,2,0.0 0.0259,0.0 0.0,-1.0 0.0,0.00054857 28.0,30000,1000,0,0.0,0.0 0.0 0.0,1000 1000000 0,0,0.0,0,100,0,,80,,1,,,10,1.0,10.0,0.1,True,{},,,False,3,mixed,250,300,True,Ar_Aubin,,False,uniform,Argon_Aubin_Model3-test/80Td,3.0000000000000005e+21,8.937825000000002e+23,3.3509533462270016e-17,2.0922002309657096e-13,2.0878740001530436e-13,5.501565195298063e-18,2.5007114524082102e-18,1.5004268714449262e-18,0.0,0.0,3.0008537428898524e-18,7.50213435722463e-18,3.0008537428898524e-18,1.0002845809632842e-18,3.5009960333714946e-18,3.0008537428898524e-18,2.0005691619265684e-18,1.3003699552522696e-17,4.501280614334778e-18,1.5004268714449262e-18,1.5004268714449262e-18,1.5004268714449262e-18,1.0002845809632841e-17,3.0008537428898524e-18,1.1503272681077768e-17,1.1003130390596125e-17,1.0002845809632841e-17,8.002276647706274e-18,1.0603016558210813e-16,4.051152552901301e-17,6.351807089116854e-17,0.0,4.001138323853137e-18,8.002276647706274e-18,5.0014229048164204e-18,6.401821318165019e-17,3.350953346227002e-17,1797.3588217222562,511.99433260488803,1943.8820417529123,2351.7631335200895,1219.5404320912473,224.0566490965939,-75.10876201793788,-713.3066277311401,71597.324438804,8.949665554850502e+23,4.680277332278169e-22,4.686477619313145e-22
6.22044e-06,197751.0,6.59171,3e+22,-531.702,12830.9,56925.1,4.4183,4.36741,4.37836,0.00219026615,0.00104682455,0.443333554,0.0233176064,0.0237835126,0.210804082,4.55237476e-05,0.00108049781,0.000354874151,2444.88166,167.672443,1622.25148,-882.171909,2282.80066,-311.960237,157.373681,7285.97051,25793.503,28000.0,197751.366535,6.591712218,-240.0,30000 3000,1e-06,2,0.0 0.0259,0.0 0.0,-1.0 0.0,0.00054857 28.0,30000,1000,0,0.0,0.0 0.0 0.0,1000 1000000 0,0,0.0,0,100,0,,80,,1,,,10,1.0,10.0,0.1,True,{},,,False,3,mixed,250,300,True,Ar_Aubin,,False,uniform,Argon_Aubin_Model3-test/80Td,3.0000000000000005e+21,7.115637500000002e+23,3.9011098657568074e-17,2.090339701645118e-13,2.0861385064050723e-13,3.0008537428898524e-18,2.5007114524082102e-18,1.0002845809632842e-18,0.0,1.5004268714449262e-18,2.0005691619265684e-18,7.001992066742989e-18,2.5007114524082102e-18,1.0002845809632842e-18,1.5004268714449262e-18,2.5007114524082102e-18,2.0005691619265684e-18,1.450412642396762e-17,5.501565195298063e-18,2.5007114524082102e-18,1.0002845809632842e-18,3.0008537428898524e-18,8.502418938187915e-18,4.001138323853137e-18,1.750498016685747e-17,1.650469558589419e-17,1.200341497155941e-17,4.001138323853137e-18,1.0703045016307141e-16,4.7013375305274356e-17,5.0014229048164204e-17,0.0,3.0008537428898524e-18,5.501565195298063e-18,3.5009960333714946e-18,4.951408675768256e-17,3.901109865756808e-17,2246.568204072453,2446.0462288924873,1986.1180137221272,2269.368958881405,1166.272932056689,556.6961051946018,172.1817679143319,1890.665378713543,69420.77521054729,8.677596901318413e+23,5.619513544648664e-22,6.853057554148886e-22
6.24266e-06,197273.0,6.57575,3e+22,-4390.62,-3005.72,61969.3,4.36665,4.37487,4.38799,0.00210159535,0.00103106717,0.44485485,0.0233873902,0.0238766232,0.212205309,5.47043546e-05,0.00104463376,0.000352808121,1021.3521,794.103528,84.77126,963.276762,2980.35046,-390.441192,-1743.60309,-663.727623,29046.5927,28100.0,197272.583282,6.575752776,-240.0,30000 3000,1e-06,2,0.0 0.0259,0.0 0.0,-1.0 0.0,0.00054857 28.0,30000,1000,0,0.0,0.0 0.0 0.0,1000 1000000 0,0,0.0,0,100,0,,80,,1,,,10,1.0,10.0,0.1,True,{},,,False,3,mixed,250,300,True,Ar_Aubin,,False,uniform,Argon_Aubin_Model3-test/80Td,3.0000000000000005e+21,7.746162500000002e+23,4.1011667819494646e-17,2.0915050331819401e-13,2.0871637981005596e-13,4.501280614334778e-18,0.0,3.5009960333714946e-18,0.0,1.0002845809632842e-18,3.0008537428898524e-18,5.501565195298063e-18,4.501280614334778e-18,0.0,0.0,4.001138323853137e-18,2.5007114524082102e-18,1.3503841843004337e-17,4.001138323853137e-18,2.0005691619265684e-18,2.0005691619265684e-18,4.001138323853137e-18,9.5027035191512e-18,4.001138323853137e-18,1.500426871444926e-17,1.500426871444926e-17,9.002561228669556e-18,8.002276647706274e-18,1.0603016558210813e-16,5.601593653394391e-17,4.951408675768256e-17,0.0,4.001138323853137e-18,6.501849776261348e-18,1.5004268714449262e-18,5.501565195298063e-17,4.1011667819494646e-17,1579.1474302795016,1030.579406575617,2096.3216014077607,2983.4495592142125,1125.9848520297078,1479.2490438949972,11.232599194716297,164.12237878424503,68477.80193465065,8.559725241831331e+23,5.989045597379523e-22,6.618062140365414e-22
6.26487e-06,197245.0,6.57482,3e+22,-2373.55,8162.76,55840.1,4.37262,4.37522,4.38367,0.00208085382,0.000979698555,0.446364862,0.023474427,0.0239691467,0.213621661,6.85356956e-05,0.00104104534,0.000336068346,2101.78239,128.090541,175.890096,965.941339,1462.21794,954.420089,-1195.95904,4689.45087,25333.8583,28200.0,197244.663753,6.574822125,-240.0,30000 3000,1e-06,2,0.0 0.0259,0.0 0.0,-1.0 0.0,0.00054857 28.0,30000,1000,0,0.0,0.0 0.0 0.0,1000 1000000 0,0,0.0,0,100,0,,80,,1,,,10,1.0,10.0,0.1,True,{},,,False,3,mixed,250,300,True,Ar_Aubin,,False,uniform,Argon_Aubin_Model3-test/80Td,3.0000000000000005e+21,6.980012500000001e+23,3.701052949564151e-17,2.0837528276794748e-13,2.0795966452455728e-13,2.5007114524082102e-18,5.001422904816421e-19,5.001422904816421e-19,0.0,5.001422904816421e-19,2.5007114524082102e-18,4.001138323853137e-18,2.5007114524082102e-18,1.0002845809632842e-18,5.0014229048164204e-18,2.5007114524082102e-18,5.0014229048164204e-18,1.1003130390596125e-17,4.501280614334778e-18,2.0005691619265684e-18,2.5007114524082102e-18,2.5007114524082102e-18,1.0002845809632841e-17,3.5009960333714946e-18,1.3503841843004337e-17,1.3003699552522696e-17,1.0002845809632841e-17,8.502418938187915e-18,9.902817351536512e-17,5.251494050057242e-17,5.851664798635212e-17,0.0,4.501280614334778e-18,5.501565195298063e-18,4.501280614334778e-18,4.651323301479271e-17,3.7010529495641515e-17,1960.8377422236433,2106.7214005844608,2084.6958766105445,1454.2208958231881,1588.9417093949232,408.799769433801,112.37158874835193,-76.79471119408208,67969.8774301266,8.496234678765825e+23,5.4451370070055715e-22,6.627948283696037e-22
6.28709e-06,197256.0,6.57519,3e+22,3231.49,7631.2,59323.9,4.34179,4.42847,4.35971,0.00201439792,0.000996414802,0.44782458,0.0235579342,0.0240539364,0.214968709,6.04855378e-05,0.00101116147,0.000347043271,1264.64039,-681.831985,-426.215202,-524.820428,1422.02956,-175.564134,1108.35369,3385.93486,28562.9452,28300.0,197255.656977,6.575188566,-240.0,30000 3000,1e-06,2,0.0 0.0259,0.0 0.0,-1.0 0.0,0.00054857 28.0,30000,1000,0,0.0,0.0 0.0 0.0,1000 1000000 0,0,0.0,0,100,0,,80,,1,,,10,1.0,10.0,0.1,True,{},,,False,3,mixed,250,300,True,Ar_Aubin,,False,uniform,Argon_Aubin_Model3-test/80Td,3.0000000000000005e+21,7.415487500000002e+23,3.651038720515987e-17,2.0825224776448902e-13,2.0785313421668466e-13,4.001138323853137e-18,2.0005691619265684e-18,1.0002845809632842e-18,0.0,5.001422904816421e-19,1.0002845809632842e-18,5.0014229048164204e-18,2.5007114524082102e-18,0.0,1.0002845809632842e-18,3.0008537428898524e-18,3.0008537428898524e-18,1.0502988100114484e-17,6.501849776261348e-18,4.501280614334778e-18,2.5007114524082102e-18,3.0008537428898524e-18,5.501565195298063e-18,4.001138323853137e-18,1.0502988100114484e-17,1.700483787637583e-17,1.0502988100114484e-17,4.001138323853137e-18,9.002561228669557e-17,5.251494050057242e-17,5.651607882442556e-17,0.0,5.0014229048164204e-18,4.501280614334778e-18,3.0008537428898524e-18,4.951408675768256e-17,3.6510387205159877e-17,1885.5719021086104,1258.1308832654993,1907.5677060354503,1414.4257193629776,940.3980055410708,1996.2445985379964,-142.27396911224508,-884.504104790488,65706.00335795779,8.213250419744724e+23,5.55662882221827e-22,6.15441452857278e-22
6.3093e-06,197597.0,6.58656,3e+22,4362.38,-6303.02,68408.0,4.395,4.40064,4.35054,0.00200963597,0.00100777084,0.449403746,0.0236246734,0.0241442531,0.216438101,6.54614745e-05,0.00100801804,0.000359402401,1529.93087,1804.52153,396.135826,-27.3371209,2207.97801,-402.897137,2277.15851,-2367.70457,30593.5228,28400.0,197596.813867,6.586560462,-240.0,30000 3000,1e-06,2,0.0 0.0259,0.0 0.0,-1.0 0.0,0.00054857 28.0,30000,1000,0,0.0,0.0 0.0 0.0,1000 1000000 0,0,0.0,0,100,0,,80,,1,,,10,1.0,10.0,0.1,True,{},,,False,3,mixed,250,300,True,Ar_Aubin,,False,uniform,Argon_Aubin_Model3-test/80Td,3.0000000000000005e+21,8.551000000000002e+23,3.601024491467822e-17,2.0882040940647613e-13,2.0839878945560015e-13,4.001138323853137e-18,1.5004268714449262e-18,1.0002845809632842e-18,0.0,0.0,5.001422904816421e-19,3.0008537428898524e-18,6.001707485779705e-18,5.001422904816421e-19,4.001138323853137e-18,1.0002845809632842e-18,1.0002845809632842e-18,1.1503272681077768e-17,4.001138323853137e-18,2.5007114524082102e-18,3.0008537428898524e-18,1.5004268714449262e-18,6.001707485779705e-18,4.501280614334778e-18,1.2503557262041051e-17,1.4003984133485978e-17,7.50213435722463e-18,6.501849776261348e-18,1.0553002329162647e-16,5.651607882442556e-17,5.95169325673154e-17,0.0,4.001138323853137e-18,7.001992066742989e-18,4.001138323853137e-18,5.3015082791054065e-17,3.6010244914678226e-17,1502.4906091624227,1521.1640742371912,2032.1918173850675,2214.3300097599367,1182.0257865739784,-149.28865636800037,-188.35431098763524,575.3492450887602,71082.69302616437,8.885336628270549e+23,5.065965199352174e-22,5.264040012086046e-22
6.33152e-06,197105.0,6.57018,3e+22,-6975.75,3425.08,46652.8,4.43008,4.32468,4.37287,0.00201788097,0.00104543879,0.450881568,0.0236951795,0.0242461904,0.217824864,7.30922099e-05,0.00101900277,0.000385120508,1909.22738,-147.906427,-801.375675,1783.07154,3251.66084,515.34706,-2787.90707,210.674484,22365.9921,28500.0,197105.267575,6.570175586,-240.0,30000 3000,1e-06,2,0.0 0.0259,0.0 0.0,-1.0 0.0,0.00054857 28.0,30000,1000,0,0.0,0.0 0.0 0.0,1000 1000000 0,0,0.0,0,100,0,,80,,1,,,10,1.0,10.0,0.1,True,{},,,False,3,mixed,250,300,True,Ar_Aubin,,False,uniform,Argon_Aubin_Model3-test/80Td,3.0000000000000005e+21,5.831600000000002e+23,4.0011383238531363e-17,2.0881140684524748e-13,2.0838778632520953e-13,4.501280614334778e-18,3.0008537428898524e-18,5.001422904816421e-19,0.0,5.001422904816421e-19,3.5009960333714946e-18,1.0002845809632842e-18,1.5004268714449262e-18,1.0002845809632842e-18,2.0005691619265684e-18,2.0005691619265684e-18,4.001138323853137e-18,1.500426871444926e-17,3.5009960333714946e-18,1.0002845809632842e-18,1.5004268714449262e-18,4.501280614334778e-18,9.5027035191512e-18,2.0005691619265684e-18,1.450412642396762e-17,1.6004553295412547e-17,9.5027035191512e-18,8.502418938187915e-18,1.1253201535836948e-16,4.651323301479271e-17,5.3015082791054065e-17,0.0,4.501280614334778e-18,5.501565195298063e-18,2.5007114524082102e-18,5.0014229048164204e-17,4.0011383238531363e-17,1586.0913382494327,1923.3036131764775,2292.5013121754414,3248.080128509147,1267.1455285154782,1331.104484409596,193.43475724065271,-538.1854443412167,66520.9152003753,8.315114400046915e+23,6.014857600501809e-22,8.576416257658995e-22
6.35373e-06,196796.0,6.55986,3e+22,3437.06,-6464.73,61528.5,4.33343,4.37273,4.39173,0.00200222072,0.00103500443,0.452364917,0.0237683961,0.0243221391,0.21921241,7.2044341e-05,0.00102281442,0.000380236398,700.556961,585.676608,233.151834,735.453318,855.657379,866.743107,1513.38674,-3436.44189,29999.3129,28600.0,196795.879108,6.559862637,-240.0,30000 3000,1e-06,2,0.0 0.0259,0.0 0.0,-1.0 0.0,0.00054857 28.0,30000,1000,0,0.0,0.0 0.0 0.0,1000 1000000 0,0,0.0,0,100,0,,80,,1,,,10,1.0,10.0,0.1,True,{},,,False,3,mixed,250,300,True,Ar_Aubin,,False,uniform,Argon_Aubin_Model3-test/80Td,3.0000000000000005e+21,7.6910625e+23,3.601024491467822e-17,2.0850231890972981e-13,2.0808319967030624e-13,3.0008537428898524e-18,2.0005691619265684e-18,1.5004268714449262e-18,0.0,1.5004268714449262e-18,2.0005691619265684e-18,3.0008537428898524e-18,3.0008537428898524e-18,0.0,1.0002845809632842e-18,2.0005691619265684e-18,3.0008537428898524e-18,1.2503557262041051e-17,4.501280614334778e-18,2.5007114524082102e-18,2.0005691619265684e-18,1.5004268714449262e-18,9.002561228669556e-18,3.5009960333714946e-18,1.0502988100114484e-17,1.5504411004930906e-17,1.500426871444926e-17,6.001707485779705e-18,1.0653030787258976e-16,4.40125215623845e-17,6.30179286006869e-17,0.0,1.5004268714449262e-18,5.0014229048164204e-18,2.5007114524082102e-18,5.601593653394391e-17,3.6010244914678226e-17,1649.2592196914577,693.6752082521168,1709.820626072293,862.3484031887539,1073.9206991787996,2165.978104365502,355.717120282362,68.53957480546,66769.70097992731,8.346212622490915e+23,5.393201465063296e-22,5.852612190233505e-22
6.37595e-06,196766.0,6.55885,3e+22,1167.45,3086.57,55785.3,4.38036,4.3669,4.35269,0.00200480277,0.00103744449,0.453904174,0.0238190109,0.0244184793,0.220669288,8.98528001e-05,0.00102931289,0.000402237466,-53.6333585,1386.60032,-1516.0287,-357.200831,3021.6467,266.157248,204.37862,1012.90137,25863.8113,28700.0,196765.608166,6.558853606,-240.0,30000 3000,1e-06,2,0.0 0.0259,0.0 0.0,-1.0 0.0,0.00054857 28.0,30000,1000,0,0.0,0.0 0.0 0.0,1000 1000000 0,0,0.0,0,100,0,,80,,1,,,10,1.0,10.0,0.1,True,{},,,False,3,mixed,250,300,True,Ar_Aubin,,False,uniform,Argon_Aubin_Model3-test/80Td,3.0000000000000005e+21,6.973162500000001e+23,3.5009960333714937e-17,2.0798117064304795e-13,2.0755955069217195e-13,3.0008537428898524e-18,5.001422904816421e-19,1.0002845809632842e-18,0.0,0.0,1.0002845809632842e-18,3.5009960333714946e-18,3.0008537428898524e-18,1.0002845809632842e-18,2.0005691619265684e-18,5.001422904816421e-19,6.501849776261348e-18,1.5504411004930906e-17,3.0008537428898524e-18,2.0005691619265684e-18,3.0008537428898524e-18,6.001707485779705e-18,9.002561228669556e-18,5.0014229048164204e-18,1.2503557262041051e-17,1.4003984133485978e-17,9.002561228669556e-18,9.002561228669556e-18,9.702760435343855e-17,4.551294843382943e-17,5.401536737201735e-17,0.0,5.0014229048164204e-18,5.501565195298063e-18,4.501280614334778e-18,6.501849776261348e-17,3.500996033371494e-17,1138.9242314063492,-55.9738654938365,2168.1575605824664,3018.4445549605007,1393.0778810350157,542.6307821578011,101.03279492247866,-1953.399031901581,69286.2769457918,8.660784618223977e+23,5.052942931412815e-22,6.275839752356792e-22
6.39817e-06,197149.0,6.57164,3e+22,-1424.76,-2987.59,65666.7,4.37226,4.32822,4.41823,0.00191789028,0.000982527589,0.455466331,0.0238929469,0.0245114123,0.222161419,9.69587113e-05,0.00100123781,0.00039072304,1468.72015,43.8399837,392.810503,-598.884843,684.068968,-1389.13791,-1603.66592,-1944.85876,32150.8785,28800.0,197149.306563,6.571643552,-240.0,30000 3000,1e-06,2,0.0 0.0259,0.0 0.0,-1.0 0.0,0.00054857 28.0,30000,1000,0,0.0,0.0 0.0 0.0,1000 1000000 0,0,0.0,0,100,0,,80,,1,,,10,1.0,10.0,0.1,True,{},,,False,3,mixed,250,300,True,Ar_Aubin,,False,uniform,Argon_Aubin_Model3-test/80Td,3.0000000000000005e+21,8.208337500000001e+23,3.651038720515987e-17,2.0794215954439035e-13,2.0752904201245258e-13,3.0008537428898524e-18,0.0,1.5004268714449262e-18,0.0,0.0,4.001138323853137e-18,5.0014229048164204e-18,6.501849776261348e-18,5.001422904816421e-19,1.5004268714449262e-18,4.001138323853137e-18,3.5009960333714946e-18,1.200341497155941e-17,5.0014229048164204e-18,1.5004268714449262e-18,2.0005691619265684e-18,3.5009960333714946e-18,8.002276647706274e-18,2.0005691619265684e-18,1.450412642396762e-17,1.3003699552522696e-17,1.0502988100114484e-17,9.002561228669556e-18,9.202618144862215e-17,4.601309072431107e-17,6.051721714827869e-17,0.0,4.501280614334778e-18,6.001707485779705e-18,5.0014229048164204e-18,5.201479821009078e-17,3.6510387205159877e-17,1671.7065484738646,1471.452683355333,2094.0842056068623,687.0043575996206,1610.366899849259,2241.9075821223014,377.15403191405017,-687.8667328941159,70317.07020647412,8.789633775809267e+23,5.192250914031732e-22,5.559954620098143e-22
6.42038e-06,197043.0,6.56811,3e+22,-30.2195,5772.3,59691.9,4.36265,4.34785,4.40527,0.0019047009,0.00102105868,0.456988506,0.0239885734,0.024585268,0.223607245,0.000113503206,0.000994543179,0.00040194585,662.08609,-1047.45495,-387.947102,302.58302,1734.09992,-821.646104,713.827369,2779.02271,27699.6268,28900.0,197043.260559,6.568108685,-240.0,30000 3000,1e-06,2,0.0 0.0259,0.0 0.0,-1.0 0.0,0.00054857 28.0,30000,1000,0,0.0,0.0 0.0 0.0,1000 1000000 0,0,0.0,0,100,0,,80,,1,,,10,1.0,10.0,0.1,True,{},,,False,3,mixed,250,300,True,Ar_Aubin,,False,uniform,Argon_Aubin_Model3-test/80Td,3.0000000000000005e+21,7.461487500000001e+23,3.0008537428898516e-17,2.0833427110012798e-13,2.0791065058009003e-13,5.0014229048164204e-18,1.0002845809632842e-18,0.0,0.0,5.001422904816421e-19,3.5009960333714946e-18,3.0008537428898524e-18,3.5009960333714946e-18,0.0,2.5007114524082102e-18,1.5004268714449262e-18,4.501280614334778e-18,1.0502988100114484e-17,4.501280614334778e-18,2.5007114524082102e-18,3.5009960333714946e-18,5.0014229048164204e-18,8.502418938187915e-18,1.5004268714449262e-18,1.6004553295412547e-17,1.500426871444926e-17,1.1003130390596125e-17,9.002561228669556e-18,1.080307347440347e-16,5.0514371338645855e-17,5.651607882442556e-17,0.0,4.501280614334778e-18,6.001707485779705e-18,3.0008537428898524e-18,5.3015082791054065e-17,3.000853742889852e-17,2153.3432723333153,662.1436491088475,1660.4886508119364,1728.2060629814362,1280.8407151974968,421.11459869859755,-161.44295642727852,225.995015504357,68517.36819125107,8.564671023906384e+23,4.379697910336592e-22,5.02723777076932e-22
6.4426e-06,196460.0,6.54866,3e+22,-11461.9,7997.59,65824.5,4.3755,4.33213,4.36393,0.00189764034,0.00109731607,0.458522561,0.0240883673,0.024658703,0.225035546,0.000135232911,0.000994481527,0.00043700269,2009.90448,-741.753608,305.21989,1065.67533,1596.00234,-394.429089,-6264.11993,4453.81598,30484.7854,29000.0,196459.675271,6.548655842,-240.0,30000 3000,1e-06,2,0.0 0.0259,0.0 0.0,-1.0 0.0,0.00054857 28.0,30000,1000,0,0.0,0.0 0.0 0.0,1000 1000000 0,0,0.0,0,100,0,,80,,1,,,10,1.0,10.0,0.1,True,{},,,False,3,mixed,250,300,True,Ar_Aubin,,False,uniform,Argon_Aubin_Model3-test/80Td,3.0000000000000005e+21,8.228062500000002e+23,3.200910659082509e-17,2.0715593586375324e-13,2.0671130936751507e-13,3.5009960333714946e-18,2.0005691619265684e-18,2.5007114524082102e-18,0.0,0.0,5.501565195298063e-18,3.5009960333714946e-18,5.0014229048164204e-18,1.5004268714449262e-18,3.0008537428898524e-18,1.5004268714449262e-18,2.5007114524082102e-18,1.2503557262041051e-17,5.0014229048164204e-18,3.0008537428898524e-18,1.0002845809632842e-18,2.0005691619265684e-18,9.5027035191512e-18,2.0005691619265684e-18,1.6004553295412547e-17,1.1503272681077768e-17,1.0002845809632841e-17,4.001138323853137e-18,1.105314461964429e-16,5.651607882442556e-17,6.051721714827869e-17,0.0,5.0014229048164204e-18,1.200341497155941e-17,4.501280614334778e-18,5.651607882442556e-17,3.2009106590825094e-17,2246.605959210851,2031.655043813046,1649.1219862918208,1587.2264559717287,536.9278335188417,302.76708345549923,11.426866079906775,-828.2715246344296,69052.12032823243,8.631515041029055e+23,4.63549945152632e-22,4.862795249614519e-22
6.46481e-06,197627.0,6.58758,3e+22,435.51,5142.77,69778.5,4.33788,4.39652,4.41292,0.00183185019,0.00112180721,0.460176163,0.0241642077,0.024731842,0.226619513,0.000119418441,0.000966678377,0.000448158053,1650.04548,-1882.60015,509.908605,-460.202385,1602.28362,165.247425,-493.347671,2386.83542,33764.4466,29100.0,197627.25005,6.587575002,-240.0,30000 3000,1e-06,2,0.0 0.0259,0.0 0.0,-1.0 0.0,0.00054857 28.0,30000,1000,0,0.0,0.0 0.0 0.0,1000 1000000 0,0,0.0,0,100,0,,80,,1,,,10,1.0,10.0,0.1,True,{},,,False,3,mixed,250,300,True,Ar_Aubin,,False,uniform,Argon_Aubin_Model3-test/80Td,3.0000000000000005e+21,8.7223125e+23,3.601024491467822e-17,2.080451888562296e-13,2.0763907331635854e-13,4.501280614334778e-18,1.0002845809632842e-18,2.0005691619265684e-18,0.0,0.0,1.0002845809632842e-18,4.001138323853137e-18,5.501565195298063e-18,5.001422904816421e-19,1.0002845809632842e-18,2.0005691619265684e-18,4.001138323853137e-18,1.4003984133485978e-17,6.001707485779705e-18,1.0002845809632842e-18,3.0008537428898524e-18,2.0005691619265684e-18,9.002561228669556e-18,2.5007114524082102e-18,1.2503557262041051e-17,1.1003130390596125e-17,1.0502988100114484e-17,6.501849776261348e-18,9.752774664392021e-17,3.901109865756808e-17,5.501565195298063e-17,0.0,4.501280614334778e-18,7.001992066742989e-18,5.0014229048164204e-18,5.851664798635212e-17,3.6010244914678226e-17,1712.4168667798654,1649.247690923753,1644.8726169336524,1596.5144235346281,1458.5263841688777,1654.044210104501,-29.980017523944554,-311.674145231045,74433.26626425362,9.304158283031704e+23,4.837923514848098e-22,5.160650474670309e-22
6.48703e-06,198186.0,6.60621,3e+22,-2689.54,-4653.33,66753.8,4.36124,4.3777,4.44797,0.0018456964,0.00121885173,0.461759046,0.0242367124,0.0248057519,0.228130978,0.00012697483,0.000961973122,0.000497976636,2507.03071,-275.880114,-254.813683,487.467161,1101.38325,204.355022,-1961.47346,-3049.60226,32406.5787,29200.0,198186.190592,6.606206353,-240.0,30000 3000,1e-06,2,0.0 0.0259,0.0 0.0,-1.0 0.0,0.00054857 28.0,30000,1000,0,0.0,0.0 0.0 0.0,1000 1000000 0,0,0.0,0,100,0,,80,,1,,,10,1.0,10.0,0.1,True,{},,,False,3,mixed,250,300,True,Ar_Aubin,,False,uniform,Argon_Aubin_Model3-test/80Td,3.0000000000000005e+21,8.344225000000001e+23,3.150896430034345e-17,2.098422001059301e-13,2.0943158328544473e-13,6.501849776261348e-18,2.0005691619265684e-18,1.0002845809632842e-18,0.0,1.5004268714449262e-18,1.5004268714449262e-18,3.5009960333714946e-18,4.501280614334778e-18,1.0002845809632842e-18,3.0008537428898524e-18,4.001138323853137e-18,2.5007114524082102e-18,1.2503557262041051e-17,3.5009960333714946e-18,2.5007114524082102e-18,1.5004268714449262e-18,2.5007114524082102e-18,9.002561228669556e-18,4.001138323853137e-18,1.3003699552522696e-17,1.3503841843004337e-17,9.002561228669556e-18,6.001707485779705e-18,8.752490083428737e-17,4.801365988623764e-17,5.751636340538883e-17,0.0,3.5009960333714946e-18,5.501565195298063e-18,3.0008537428898524e-18,6.601878234357675e-17,3.150896430034345e-17,1630.673974892545,2511.994784295656,1658.3337131667959,1107.054969320761,1173.6961044228606,1582.4076951251955,-630.1105174498226,-1097.5749667674797,71250.00562659984,8.906250703324982e+23,4.422310429766503e-22,4.720175375835301e-22
6.50925e-06,198212.0,6.60708,3e+22,-2166.23,-3559.51,57513.0,4.41879,4.40471,4.37175,0.00182099448,0.00125811738,0.463273243,0.0243459965,0.0248766675,0.229562591,0.000117790962,0.000943286848,0.000518247651,2851.57249,151.393353,-117.306332,414.778426,1477.26565,1712.30792,-1901.86442,-1440.32873,28689.0492,29300.0,198212.316932,6.607077231,-240.0,30000 3000,1e-06,2,0.0 0.0259,0.0 0.0,-1.0 0.0,0.00054857 28.0,30000,1000,0,0.0,0.0 0.0 0.0,1000 1000000 0,0,0.0,0,100,0,,80,,1,,,10,1.0,10.0,0.1,True,{},,,False,3,mixed,250,300,True,Ar_Aubin,,False,uniform,Argon_Aubin_Model3-test/80Td,3.0000000000000005e+21,7.189125e+23,3.45098180432333e-17,2.104613762615464e-13,2.1004675830273714e-13,2.5007114524082102e-18,1.5004268714449262e-18,2.0005691619265684e-18,0.0,5.001422904816421e-19,3.0008537428898524e-18,5.501565195298063e-18,4.501280614334778e-18,1.5004268714449262e-18,3.5009960333714946e-18,3.5009960333714946e-18,3.0008537428898524e-18,8.502418938187915e-18,4.501280614334778e-18,1.0002845809632842e-18,3.0008537428898524e-18,4.001138323853137e-18,1.1503272681077768e-17,6.501849776261348e-18,1.200341497155941e-17,1.650469558589419e-17,9.002561228669556e-18,5.501565195298063e-18,1.0052860038681005e-16,5.201479821009078e-17,5.551579424346227e-17,0.0,4.001138323853137e-18,3.0008537428898524e-18,1.0002845809632842e-18,5.10145136291275e-17,3.4509818043233305e-17,2461.6305057365335,2855.5171828724106,1593.8661093601131,1481.7439313952839,696.1654286581895,2044.815175341002,-451.80629031748555,-1120.3452103443497,68158.25602383855,8.519782002979819e+23,5.063189708252422e-22,6.000350884710117e-22
6.53146e-06,197713.0,6.59044,3e+22,5892.76,-1115.37,62445.2,4.39548,4.3551,4.40792,0.00182661805,0.00124369204,0.46477498,0.0244369344,0.0249257535,0.231021836,0.000126358237,0.000940304525,0.000522043879,399.68519,-1141.31907,-1238.16591,-589.336057,2788.88538,906.821196,1769.45948,-888.817473,30530.2465,29400.0,197713.258242,6.590441941,-240.0,30000 3000,1e-06,2,0.0 0.0259,0.0 0.0,-1.0 0.0,0.00054857 28.0,30000,1000,0,0.0,0.0 0.0 0.0,1000 1000000 0,0,0.0,0,100,0,,80,,1,,,10,1.0,10.0,0.1,True,{},,,False,3,mixed,250,300,True,Ar_Aubin,,False,uniform,Argon_Aubin_Model3-test/80Td,3.0000000000000005e+21,7.805650000000001e+23,4.0011383238531363e-17,2.0987921063542578e-13,2.094510888347735e-13,4.501280614334778e-18,1.5004268714449262e-18,1.0002845809632842e-18,0.0,1.0002845809632842e-18,3.0008537428898524e-18,2.5007114524082102e-18,7.50213435722463e-18,1.5004268714449262e-18,1.5004268714449262e-18,3.5009960333714946e-18,4.001138323853137e-18,1.1503272681077768e-17,6.001707485779705e-18,1.0002845809632842e-18,3.5009960333714946e-18,3.5009960333714946e-18,6.501849776261348e-18,3.5009960333714946e-18,1.1503272681077768e-17,1.200341497155941e-17,1.1003130390596125e-17,7.50213435722463e-18,9.652746206295692e-17,4.801365988623764e-17,5.851664798635212e-17,0.0,6.501849776261348e-18,5.501565195298063e-18,4.501280614334778e-18,5.95169325673154e-17,4.0011383238531363e-17,2046.2233669489217,388.921368219682,1105.561544918289,2790.272556790655,1475.5343185882832,1507.2799189040015,-374.98694276128117,-2321.57737060066,67597.39645929281,8.449674557411604e+23,5.919071640965675e-22,6.40743936099674e-22
6.55368e-06,197495.0,6.58316,3e+22,-4547.48,1211.69,64028.3,4.33995,4.34626,4.45667,0.0018016497,0.00126465319,0.466233003,0.0244975664,0.0250068616,0.232436253,0.000104979378,0.000943931885,0.000535088885,1621.94031,-1249.22286,746.951868,-85.5524037,2662.13924,119.469679,-1762.31134,1054.9054,31299.5112,29500.0,197494.748587,6.583158286,-240.0,30000 3000,1e-06,2,0.0 0.0259,0.0 0.0,-1.0 0.0,0.00054857 28.0,30000,1000,0,0.0,0.0 0.0 0.0,1000 1000000 0,0,0.0,0,100,0,,80,,1,,,10,1.0,10.0,0.1,True,{},,,False,3,mixed,250,300,True,Ar_Aubin,,False,uniform,Argon_Aubin_Model3-test/80Td,3.0000000000000005e+21,8.003537500000001e+23,3.3509533462270016e-17,2.0926753661416675e-13,2.088574199359718e-13,4.501280614334778e-18,1.5004268714449262e-18,1.5004268714449262e-18,0.0,5.001422904816421e-19,1.0002845809632842e-18,5.0014229048164204e-18,4.501280614334778e-18,0.0,2.5007114524082102e-18,2.5007114524082102e-18,3.5009960333714946e-18,9.002561228669556e-18,6.001707485779705e-18,1.0002845809632842e-18,2.0005691619265684e-18,4.501280614334778e-18,1.1003130390596125e-17,3.0008537428898524e-18,1.4003984133485978e-17,1.4003984133485978e-17,7.001992066742989e-18,7.001992066742989e-18,1.0753059245355304e-16,5.151465591960914e-17,5.3515225081535703e-17,0.0,3.0008537428898524e-18,4.001138323853137e-18,2.5007114524082102e-18,4.901394446720092e-17,3.350953346227002e-17,1366.6471279371592,1630.133275977756,1824.268253804201,2660.6068723762087,1282.5487061614112,1447.4046140151004,567.3944189224808,989.4692169959299,65629.70665154124,8.203713331442657e+23,5.105848429307748e-22,5.233550392915322e-22
6.57589e-06,197568.0,6.58559,3e+22,-2337.56,6845.27,68070.7,4.41378,4.31681,4.41395,0.00173185187,0.00134652462,0.467731082,0.0245574088,0.0250811407,0.233890082,9.59247699e-05,0.000899665741,0.000570950068,820.382749,-234.257899,542.780544,437.595185,1736.43309,223.755777,-2125.39363,3188.37532,33121.0018,29600.0,197567.761951,6.585592065,-240.0,30000 3000,1e-06,2,0.0 0.0259,0.0 0.0,-1.0 0.0,0.00054857 28.0,30000,1000,0,0.0,0.0 0.0 0.0,1000 1000000 0,0,0.0,0,100,0,,80,,1,,,10,1.0,10.0,0.1,True,{},,,False,3,mixed,250,300,True,Ar_Aubin,,False,uniform,Argon_Aubin_Model3-test/80Td,3.0000000000000005e+21,8.508837500000001e+23,4.1511810109976285e-17,2.088079058492141e-13,2.0840229045163353e-13,5.501565195298063e-18,1.0002845809632842e-18,1.5004268714449262e-18,0.0,1.0002845809632842e-18,3.0008537428898524e-18,4.001138323853137e-18,3.0008537428898524e-18,1.0002845809632842e-18,3.5009960333714946e-18,2.5007114524082102e-18,1.5004268714449262e-18,1.1503272681077768e-17,4.501280614334778e-18,5.001422904816421e-19,2.5007114524082102e-18,3.0008537428898524e-18,8.002276647706274e-18,3.5009960333714946e-18,1.3503841843004337e-17,9.5027035191512e-18,9.5027035191512e-18,6.501849776261348e-18,9.702760435343855e-17,5.95169325673154e-17,4.151181010997629e-17,0.0,5.501565195298063e-18,4.501280614334778e-18,3.0008537428898524e-18,5.3015082791054065e-17,4.151181010997629e-17,1352.3879460631233,824.4310566572371,1666.9439261680511,1727.2157654144526,1230.582994774483,1282.2196365025993,-644.5178018344624,-607.1519870472889,67432.73961442216,8.429092451802772e+23,6.156031973094856e-22,6.0983374799989255e-22
6.59811e-06,197545.0,6.58483,3e+22,-2159.54,8132.25,72376.6,4.37257,4.34049,4.42641,0.00171033168,0.00139673826,0.469310512,0.0246195252,0.0251556501,0.235422813,0.000103208276,0.00088095267,0.000597501206,3491.16977,-1099.5191,220.95752,670.233593,1626.48492,774.203486,-465.024533,3545.41349,34436.1635,29700.0,197544.850628,6.584828354,-240.0,30000 3000,1e-06,2,0.0 0.0259,0.0 0.0,-1.0 0.0,0.00054857 28.0,30000,1000,0,0.0,0.0 0.0 0.0,1000 1000000 0,0,0.0,0,100,0,,80,,1,,,10,1.0,10.0,0.1,True,{},,,False,3,mixed,250,300,True,Ar_Aubin,,False,uniform,Argon_Aubin_Model3-test/80Td,3.0000000000000005e+21,9.047075000000004e+23,3.8510956367086436e-17,2.0876739432368506e-13,2.0833277067325658e-13,2.0005691619265684e-18,1.5004268714449262e-18,0.0,0.0,1.0002845809632842e-18,2.0005691619265684e-18,3.5009960333714946e-18,3.0008537428898524e-18,0.0,4.001138323853137e-18,2.5007114524082102e-18,5.0014229048164204e-18,1.6004553295412547e-17,5.501565195298063e-18,2.0005691619265684e-18,2.0005691619265684e-18,2.5007114524082102e-18,8.502418938187915e-18,3.5009960333714946e-18,1.1503272681077768e-17,1.0502988100114484e-17,1.1003130390596125e-17,7.001992066742989e-18,1.0152888496777334e-16,5.401536737201735e-17,6.551864005309511e-17,0.0,3.5009960333714946e-18,5.0014229048164204e-18,4.501280614334778e-18,5.751636340538883e-17,3.851095636708644e-17,1399.6839300683162,3494.863299676227,1673.8383496801425,1615.126295285115,1186.9740858709338,469.06429718079744,-510.8394623578967,645.639818213792,71094.57640698746,8.886822050873433e+23,5.41686276413364e-22,5.320912610855778e-22
6.62033e-06,197680.0,6.58933,3e+22,-764.399,-2012.07,67308.8,4.40095,4.35278,4.39914,0.00178121314,0.00135798549,0.470884023,0.0246996879,0.0252336101,0.236963312,0.000104612817,0.000931780808,0.000596735798,1486.56583,187.570577,-329.307536,1075.21953,1444.05822,-546.554195,29.4830474,30.2857144,32544.7364,29800.0,197679.760472,6.589325349,-240.0,30000 3000,1e-06,2,0.0 0.0259,0.0 0.0,-1.0 0.0,0.00054857 28.0,30000,1000,0,0.0,0.0 0.0 0.0,1000 1000000 0,0,0.0,0,100,0,,80,,1,,,10,1.0,10.0,0.1,True,{},,,False,3,mixed,250,300,True,Ar_Aubin,,False,uniform,Argon_Aubin_Model3-test/80Td,3.0000000000000005e+21,8.413600000000001e+23,3.7510671786123153e-17,2.0881190698753798e-13,2.0838778632520953e-13,4.501280614334778e-18,1.0002845809632842e-18,1.0002845809632842e-18,0.0,1.0002845809632842e-18,5.001422904816421e-19,6.001707485779705e-18,3.5009960333714946e-18,0.0,1.0002845809632842e-18,2.5007114524082102e-18,4.001138323853137e-18,9.5027035191512e-18,4.501280614334778e-18,2.0005691619265684e-18,4.001138323853137e-18,1.0002845809632842e-18,4.001138323853137e-18,5.501565195298063e-18,1.500426871444926e-17,1.650469558589419e-17,8.502418938187915e-18,6.001707485779705e-18,9.5027035191512e-17,5.851664798635212e-17,5.3015082791054065e-17,0.0,8.002276647706274e-18,7.001992066742989e-18,4.001138323853137e-18,5.95169325673154e-17,3.751067178612316e-17,1798.6040224682295,1487.9273875430029,1757.0018134736447,1446.7905818648642,1374.9737133685967,850.0978726976027,664.3874543438723,-59.772531300455114,70828.14560742404,8.853518200928007e+23,5.296012124054731e-22,5.572922379558565e-22
6.64254e-06,197556.0,6.5852,3e+22,-3365.48,-5086.44,64186.9,4.35767,4.33776,4.45133,0.00179550791,0.00143917017,0.472355863,0.0247945081,0.0253215363,0.23839493,0.00011457076,0.000931505003,0.000634478307,2855.81112,938.959632,-1959.83707,-727.808676,2365.67487,480.286686,-1105.28334,-3824.78436,31603.3818,29900.0,197555.919897,6.58519733,-240.0,30000 3000,1e-06,2,0.0 0.0259,0.0 0.0,-1.0 0.0,0.00054857 28.0,30000,1000,0,0.0,0.0 0.0 0.0,1000 1000000 0,0,0.0,0,100,0,,80,,1,,,10,1.0,10.0,0.1,True,{},,,False,3,mixed,250,300,True,Ar_Aubin,,False,uniform,Argon_Aubin_Model3-test/80Td,3.0000000000000005e+21,8.023362500000002e+23,4.0511525529013e-17,2.0921302110450426e-13,2.088054051377617e-13,2.0005691619265684e-18,1.5004268714449262e-18,3.0008537428898524e-18,0.0,0.0,2.0005691619265684e-18,4.001138323853137e-18,4.501280614334778e-18,1.0002845809632842e-18,3.5009960333714946e-18,1.5004268714449262e-18,3.0008537428898524e-18,1.0002845809632841e-17,4.001138323853137e-18,1.5004268714449262e-18,2.0005691619265684e-18,3.0008537428898524e-18,5.501565195298063e-18,6.001707485779705e-18,1.0502988100114484e-17,1.3003699552522696e-17,6.501849776261348e-18,5.501565195298063e-18,9.5027035191512e-17,5.801650569587048e-17,5.3515225081535703e-17,0.0,4.001138323853137e-18,6.001707485779705e-18,3.5009960333714946e-18,5.3515225081535703e-17,4.051152552901301e-17,2132.9109240507514,2861.8538659609467,1973.7916045001732,2372.9951227194947,974.9730190930811,1284.3232572052984,-434.3593627858545,-1590.664286859139,66251.64859402509,8.281456074253137e+23,6.114795086422429e-22,6.31149432812817e-22
6.66476e-06,197453.0,6.58176,3e+22,2769.95,5494.81,66427.9,4.40973,4.34989,4.3786,0.00184710924,0.00146442862,0.473952763,0.0249140493,0.0253836145,0.239969014,0.000108111885,0.000961689671,0.000648336046,923.328975,19.4748055,-222.853076,-317.805555,2187.0378,-609.189517,1004.32226,3544.51916,32019.0685,30000.0,197452.812152,6.581760405,-240.0,30000 3000,1e-06,2,0.0 0.0259,0.0 0.0,-1.0 0.0,0.00054857 28.0,30000,1000,0,0.0,0.0 0.0 0.0,1000 1000000 0,0,0.0,0,100,0,,80,,1,,,10,1.0,10.0,0.1,True,{},,,False,3,mixed,250,300,True,Ar_Aubin,,False,uniform,Argon_Aubin_Model3-test/80Td,3.0000000000000005e+21,8.303487500000002e+23,3.951124094804972e-17,2.084753112260438e-13,2.0803418572583904e-13,4.501280614334778e-18,1.5004268714449262e-18,1.5004268714449262e-18,0.0,1.0002845809632842e-18,2.0005691619265684e-18,4.501280614334778e-18,2.5007114524082102e-18,5.001422904816421e-19,4.501280614334778e-18,4.001138323853137e-18,2.5007114524082102e-18,1.8005122457339113e-17,4.501280614334778e-18,1.5004268714449262e-18,2.5007114524082102e-18,1.5004268714449262e-18,1.1003130390596125e-17,3.5009960333714946e-18,1.2503557262041051e-17,1.2503557262041051e-17,1.3003699552522696e-17,8.502418938187915e-18,1.0502988100114484e-16,5.401536737201735e-17,5.551579424346227e-17,0.0,3.0008537428898524e-18,9.5027035191512e-18,4.001138323853137e-18,5.251494050057242e-17,3.9511240948049725e-17,2686.212039808884,918.212574760662,1395.5063624508239,2178.991042974538,1416.1873959778632,535.3817547123035,128.77391825432588,-654.0558597556459,71880.95013031263,8.985118766289081e+23,5.496761085714641e-22,5.947988864325038e-22
