-186057 , -468029 , 39939
-164108 , 98452.8 , 763178
100620 , -27990.5 , -592177
172514 , 667419 , 299394
186575 , -161978 , -326889
488658 , 87766 , -488513
-368414 , -844773 , 136155
381343 , -304669 , 330130
-153122 , 155182 , 704735
310052 , -16079.6 , -25266.4
-780232 , -345634 , -202561
138481 , -795864 , 373670
-267168 , -500259 , -226824
-535900 , 253544 , 44262.5
507333 , -46276.7 , 672789
687657 , -354420 , 381520
-690973 , -217720 , 231084
-471741 , 500080 , 528253
-479731 , -405985 , 338528
654588 , 428938 , -292419
-374381 , -742212 , -6773.57
-151007 , -521993 , -172797
-589313 , 331862 , 87320.7
238911 , 443860 , 384706
664914 , 35122 , -223324
-658094 , -330383 , -262593
54194.1 , 145568 , -53803
209615 , 546095 , -142285
53706.6 , 606088 , -408414
-342856 , 300304 , -1.05669e+06
118585 , 587478 , -186789
-13006.7 , -692381 , 18818.1
-294258 , -724436 , -517743
487180 , 381553 , 421255
20914.6 , -504883 , -754409
655850 , 170883 , -208342
1.15475e+06 , 299492 , 477073
581194 , -236066 , -102843
-803226 , -403826 , -504327
175170 , -670930 , -346489
-565225 , -466147 , 127599
-583670 , 359224 , 173502
223572 , 1.03263e+06 , 88204.2
-61558.8 , -174255 , -401973
671799 , 28915.9 , 892944
-424418 , 835188 , -415344
503478 , -301609 , -85600.6
-814918 , 177108 , -365021
42927.3 , 102811 , -713492
100006 , 443360 , 29835.3
364303 , -545664 , -77205.2
-342162 , 180900 , -193334
-655951 , -696030 , -35361.5
-463897 , -219615 , 527616
-576931 , -16081.5 , -208512
590096 , 109632 , 834955
143010 , 871911 , 366592
855292 , -388797 , 161631
-241523 , 99703.1 , -179081
-229348 , -803451 , -440001
-789977 , -54767.4 , 386160
118801 , 632954 , -649062
-633556 , 1.05448e+06 , 51125.2
-33476.8 , 345713 , 533839
-187258 , -234758 , 981784
-401575 , -479941 , 434637
129356 , -690346 , 425721
-416672 , 631462 , -263535
-307659 , 632585 , -327041
-688438 , 668794 , 467469
-814516 , 551354 , -381507
503458 , 352518 , -67319.6
-495497 , -767014 , 426187
-132548 , 138561 , -286565
-697213 , 123427 , -319835
-487500 , -443698 , 658979
-886655 , 381067 , -238853
-102067 , -703299 , -176199
94957.7 , -572714 , 883484
-745515 , -225310 , 439497
313542 , -329908 , 33193
697188 , 131446 , 444721
-465987 , -381848 , -941337
-65717.9 , 549738 , 358625
838570 , -238533 , 155977
-217100 , 566713 , -705304
-406012 , -623619 , -526587
273988 , 458523 , -612736
251575 , 114438 , 355991
98786.1 , -507693 , 118449
-117211 , -515542 , -703319
461603 , -20979.6 , 115488
562952 , 214382 , -220337
-62424.4 , 287437 , -129541
-185249 , 126608 , -303159
-641676 , -635809 , -374648
666241 , -574928 , 97640.6
443793 , 257372 , 452453
140878 , -823428 , 738941
240446 , -422543 , -221324
-491826 , -214554 , 216408
-49191.8 , 600777 , 396367
-1.16414e+06 , -164924 , -502368
129938 , 831455 , 172348
-496546 , -386679 , -430075
218993 , 106087 , 542500
-556270 , 544889 , -210218
-486693 , -376619 , 663875
888954 , 46104.9 , 319349
-314305 , -903582 , -134972
391000 , 103892 , -196576
976048 , 129189 , -397185
-666009 , 396742 , -210120
358659 , -202337 , 437621
-145217 , 654993 , -361573
-784309 , 256182 , 505409
-15482 , 581554 , -215086
-40122.4 , 694797 , 892221
-829420 , 753255 , -420682
-522652 , -397135 , -604222
-28909.9 , 186652 , -577847
226501 , 30470.7 , 632706
71305 , 588392 , -319184
-538094 , -398741 , -857283
-96659.3 , -622399 , -750178
601472 , 598234 , 898816
530335 , 66897.8 , 460777
-313390 , -16481.8 , 547516
24707.5 , 216072 , -528168
-1.02696e+06 , -146912 , 315332
368755 , 774797 , 174306
324492 , 307147 , 711702
541214 , -338876 , 370136
430086 , -172807 , -860984
-685289 , 226787 , 256833
604066 , -133743 , 41498
-622156 , -362044 , -552566
-377021 , 166528 , 488251
-611864 , 296358 , 301036
206488 , 494329 , -56078.2
773817 , 105239 , 356016
81112.6 , -498869 , 251038
-259621 , 650351 , 71026.9
-125553 , 372088 , -350523
338177 , -524801 , -611761
-586316 , 88918.7 , 998269
-977080 , -91876.7 , 629531
-24454.1 , 438691 , -270526
-861690 , -925272 , -92166.2
-34260.2 , -21124.4 , -226719
594913 , -598668 , -92407.8
-793604 , -543741 , -657423
625833 , -674332 , 459669
-21616 , 275170 , 887140
176359 , 406409 , 705697
-459512 , -76954.1 , -296565
371110 , 601465 , 232147
108489 , -79239.3 , 623982
-112463 , -227847 , 34872.4
-170450 , 521608 , 310651
304613 , 436464 , -524666
-504388 , -73175.5 , 116427
280387 , -408574 , 814710
-302164 , -958911 , -430146
-564143 , 605824 , 762686
794226 , 299026 , 752539
-606215 , 72059.3 , -508664
712213 , 42525.6 , 812834
-31893.9 , 248521 , 778801
593492 , 625234 , 493005
129277 , 826641 , 132469
833464 , -123449 , 455195
464314 , 342744 , -532658
140470 , 208818 , 863592
219235 , 836299 , 206084
-303141 , -84885.8 , 1.01293e+06
-360919 , 214955 , -708624
85642.1 , 127014 , 626930
-172743 , 207109 , 29221.2
117261 , -559102 , 113013
101477 , -469927 , 661071
-492388 , -946585 , -89905.7
-547358 , -368845 , 397434
-49214.5 , -246526 , 28376.1
-482959 , -530280 , 317473
137990 , 605130 , 336892
-259250 , -614141 , -201884
177203 , 410113 , 148214
1.02055e+06 , -77321.9 , 468111
-884333 , -180144 , 428118
659523 , 597169 , -175302
-689602 , 175849 , 16008
693096 , -264618 , -61517.4
547460 , -81853.2 , -53709.9
638111 , -662850 , 767669
907389 , -131273 , 277742
-56337.6 , -474561 , -511734
-348230 , 123158 , -114867
-232910 , -564518 , -192133
343606 , 147412 , 207557
-230380 , -418795 , -542963
-827692 , -634355 , 531218
511815 , 47916.1 , 125379
-40722.2 , -463058 , -476166
67732.9 , -172038 , -874882
-717170 , 565590 , -304927
-826959 , 72855.5 , 684493
-648827 , -210247 , -124047
-22897 , -204566 , -126326
74889.1 , 822396 , 370843
-610534 , 735269 , 282478
148650 , 506898 , 366333
-341431 , 505529 , -116571
-154549 , 44144.3 , 688813
630112 , 574700 , 229049
-70790.4 , 907525 , 210675
-257655 , -525851 , 461320
-586020 , -100442 , 105484
-496347 , 23801.1 , 13584.6
82928.6 , -484206 , 510318
-457283 , 551723 , -698642
239662 , -518672 , -78398.4
512806 , 604599 , -442524
459290 , -284741 , -411033
-827523 , -439823 , 414371
-838933 , 378964 , -101699
9661 , 60026.1 , 467374
986293 , -72620.5 , -401640
221418 , -435728 , -4483.52
-837659 , 128333 , -712412
520158 , -252065 , 209694
72466.7 , -273431 , -183538
19043.8 , -227607 , -584046
511256 , 98334.5 , 635003
516970 , 1.02488e+06 , 249549
-226536 , 165100 , 71531.2
-728397 , -171490 , 117537
187873 , 943462 , -176931
950716 , 312764 , 19438.6
618972 , 146303 , -79901.6
1473.04 , -802532 , 641858
-113741 , 606883 , -133972
284994 , 820922 , 320225
339977 , -839566 , 169841
186508 , -245084 , 586900
193675 , -64719.6 , 178678
827272 , 311130 , -187485
-375777 , -16691.4 , 840566
-65201.8 , 733894 , -4826.97
586289 , 393835 , -135110
65983.2 , -111717 , -396042
51729.1 , 616705 , 463776
215834 , -4893.03 , -691170
506634 , -343728 , 33444
185879 , -334443 , -29150.1
911040 , 396956 , -715774
-82833.3 , 30849.3 , 79268.6
149595 , -20443.2 , -935579
-666397 , -551128 , 228568
-403781 , -769649 , -360015
392449 , -552333 , -513473
-537594 , -155159 , 367335
30308.3 , -743928 , -86817.5
-391538 , -145922 , -412267
379547 , 312472 , -46494.1
436700 , 390367 , 151908
795694 , -12100.6 , -539948
-133071 , 40021.5 , -216517
-150442 , -700069 , 810102
736023 , 624856 , 409219
245004 , -280046 , -618230
204214 , -633628 , -514270
-545467 , 932355 , -73202.7
135055 , 107648 , 800649
547376 , -106729 , -249902
-177509 , -911461 , 20614.9
-109674 , 979220 , -760263
97487.9 , -860972 , -340307
-282711 , -434310 , 200325
829369 , -188820 , 653872
443161 , -847800 , 506760
686501 , 135786 , 146940
-711313 , -436624 , -500059
692459 , 493980 , 846199
-199280 , -209342 , 83058.4
-337337 , -503995 , 209260
40245.1 , -380053 , -417623
76129.7 , -518420 , -1.04966e+06
87595.7 , -168906 , -428222
600488 , -110618 , 606203
225861 , 272923 , 584368
267764 , 638762 , -56958.9
463929 , -334409 , 575399
553508 , -238409 , -175055
-407439 , -342915 , -227551
631538 , -277445 , 306249
187603 , -25308.3 , 144177
1.16661e+06 , 177417 , 351551
-426866 , 10892.9 , -595965
640298 , -252337 , -329003
-281106 , -407748 , -281589
-134307 , -697731 , -547322
246112 , 153783 , -433767
-295120 , 569410 , 122507
100848 , -1.05723e+06 , 401140
-333485 , 353365 , -550200
659567 , 64542.4 , -22288.6
265072 , -608696 , -68728.5
-384412 , -21213.9 , 145200
-562787 , -389531 , -903132
-398244 , 309925 , 427117
688283 , 218517 , 147455
199741 , -719280 , 102660
492940 , 660316 , 62164.1
271364 , 450498 , 341658
-651450 , 49464.1 , -73532.1
-379278 , 366881 , -1.02137e+06
844786 , 206188 , 214333
-805079 , -113959 , 771086
751336 , 469996 , -748460
-915276 , 256296 , 233099
-333408 , 190414 , -524917
152678 , -460621 , -630424
553588 , 9714.56 , 107637
91113.8 , 388101 , -427956
811352 , 865706 , -193865
-599246 , -818177 , 33191.9
530135 , -329807 , 403903
-735017 , 106399 , -807533
-630510 , 175991 , -793548
182949 , -769288 , 320167
-330271 , -710003 , -185418
186773 , 769355 , 525682
147041 , -449633 , -431479
-212158 , -176138 , 378958
145192 , -103679 , 157812
816022 , -181520 , -38425.5
340186 , 307556 , 389094
567980 , 536078 , 434498
552468 , 433174 , 149498
387513 , -597865 , -271936
-43058.8 , -301312 , 36609
-528877 , -256102 , 42438
100897 , 608716 , -438249
-734477 , -548189 , 340408
-429751 , -240943 , 822888
-302268 , -448054 , 697550
-974755 , -197789 , 515388
-281312 , 633240 , -376699
438521 , -521837 , 184828
-349625 , -657926 , -325520
155129 , 78713.6 , 470540
112972 , 444607 , -820317
-9550.82 , 70200.2 , -645817
-381328 , 179230 , 904020
388305 , -675725 , 5178.99
-125302 , -513081 , -349532
424179 , 464937 , -264161
107318 , -822178 , 147104
-125000 , -681182 , 171451
432775 , -654310 , 18994.3
182196 , 410908 , 92113.9
-372703 , 761175 , -252249
-176846 , 185686 , 548684
-251065 , 503391 , -164579
270532 , -535498 , 350375
197182 , -844132 , -166334
-671837 , 224949 , 355033
-467724 , 20381.1 , -100700
-96390.5 , 1.00731e+06 , -280451
-43828 , 753685 , -183015
638573 , 118108 , -786784
188787 , 45127.7 , -625493
-566965 , 969059 , 317917
180327 , -18840.7 , 627164
199968 , 1.066e+06 , -117811
506260 , -120283 , -615018
175296 , -28736.5 , 264794
308078 , 282168 , 576477
-878297 , 41393.7 , 179397
-401558 , -155281 , 100894
-22551 , -284788 , -260578
-453852 , -210133 , 876769
76126.3 , -293658 , 697651
72208.8 , -109163 , -928767
56147.9 , 628755 , 611221
654824 , -245193 , 275512
-357191 , -205125 , 277545
-116888 , -315250 , 218812
540945 , 127210 , 606335
-92805 , -448967 , 193952
397297 , -202716 , 892764
38505.3 , 299458 , 146008
-260205 , -169650 , -513963
285123 , 231212 , 296512
284510 , 759811 , 494865
318842 , 857554 , -391720
-648245 , 85229.9 , 13524
-252505 , 88395.4 , -56267.6
39709.3 , 557458 , -707576
-518536 , 58356.8 , 256326
-173021 , 484804 , -51286
505905 , 607585 , 231493
78262.8 , -580799 , -312355
120217 , -801857 , 441776
264134 , 231950 , 741972
570491 , 19943.1 , 238111
-976373 , 467916 , 165914
-740534 , 414353 , 464735
1.09097e+06 , 39380.2 , 79356.6
-379320 , -519749 , -484643
-287195 , -220256 , -269846
719457 , 694663 , 262369
-39433.1 , 270481 , 807334
-182923 , -606465 , 632774
347138 , 569457 , 615518
-565462 , -225348 , 519880
115372 , 554347 , 430160
-199422 , -536071 , 266828
-13357.9 , -656247 , 46348.9
495880 , 499049 , -861865
-50188.4 , 250021 , -973478
8383.42 , -332337 , 738293
-462902 , 315257 , 74496.9
-516871 , 86446.6 , -206282
390634 , -941082 , -89277.9
-117512 , 349791 , -334899
116350 , 898092 , 576938
-371827 , 331246 , -942507
289911 , -370788 , 173120
336251 , 824509 , 322995
-91172.3 , -69900 , -271064
-551129 , -217639 , 169758
352468 , 755422 , 20113.9
302182 , 836774 , -523146
415804 , -622671 , 706635
-318817 , -225603 , 175883
831099 , -45353.4 , -415867
336717 , -288338 , 510036
-9213.91 , -646567 , 126896
-260149 , 582995 , -142023
-35059 , 25930.6 , -445075
-574886 , -99736.5 , -290435
-362380 , -20214 , -88351.1
-197670 , -537484 , 433944
199740 , 875924 , 273756
-579762 , 870196 , -321159
289725 , -419391 , -476312
-39848.6 , 482802 , 58995.1
292554 , -218044 , 1.10603e+06
295883 , 540740 , -116790
534193 , 72694 , -458607
-296127 , -592946 , 434162
-501131 , 353805 , -206168
-266400 , 437525 , 514848
444626 , 851926 , -8102.14
-152765 , -1.01691e+06 , -76078.3
325392 , -424862 , 754179
529363 , 616682 , -307646
-397552 , 625176 , -427353
-86532.9 , -121964 , -151499
-490219 , 326605 , 565730
467763 , -79567.4 , 361293
566854 , 259923 , 3451.7
-623827 , -342559 , 36405.9
301969 , 616459 , 735399
-155902 , -308630 , -330488
-625463 , 14017.9 , -443604
-96318.2 , 809598 , 54762.3
-384874 , 339973 , 879423
-159297 , -149795 , -769984
231743 , 749457 , 315250
906667 , 97425.9 , -609453
-173625 , 642715 , -412988
187695 , -195933 , -401406
464674 , -27201.5 , 442931
-4036.69 , 204430 , 490249
392574 , -318982 , 333146
-511937 , 23157.5 , -793080
640300 , 365823 , 205434
197661 , 434371 , -467184
116992 , 363600 , 319490
605480 , 850179 , -374198
326476 , -208161 , 249428
602556 , 44938.2 , 437818
-497026 , 533541 , 389103
-452531 , 404472 , -567925
15629.8 , 428555 , 648868
113834 , 153548 , 191998
-224988 , 160928 , -140614
-619340 , 24024.4 , -406908
-700361 , 462822 , -302050
-589013 , -228739 , -163490
-443941 , 362731 , 1.00069e+06
1.01544e+06 , 263109 , 225644
-260929 , 65632.3 , -417497
-138180 , -996157 , 467825
126768 , 217577 , 272852
-1.0277e+06 , 330061 , 116555
265721 , 552784 , -532113
309503 , 64624.7 , -490051
86557.6 , 424630 , -514591
-362716 , -895258 , 301914
-575364 , -318498 , 552145
80147.9 , -260462 , -546017
106042 , -511939 , 428159
536544 , 97963.9 , -314526
-852976 , 198505 , 389711
-374452 , -152781 , -233151
369475 , -338151 , 127239
393911 , -35695.6 , -550508
-99778.8 , 355719 , -41664.3
-593249 , 325656 , -74861.8
-278204 , -667569 , 720309
40862.9 , -599856 , -1.04256e+06
24208.8 , 154459 , -739020
108201 , 606601 , 57116.9
-596774 , -123088 , 567145
593334 , 55750.2 , 130949
71943.2 , -101149 , -715754
-688192 , 351017 , -620306
337327 , 806137 , 113883
561136 , 32316.3 , 508334
-599600 , -252216 , -1.008e+06
1.1801e+06 , -114990 , 392225
-432851 , 37792 , -515251
-456822 , 126560 , -284422
147027 , -347000 , 374484
-188527 , -467635 , 549523
-768442 , -22849.7 , -194734
424183 , -597331 , -859077
-94486.5 , -581175 , 495448
39189.9 , -748485 , 760310
47270.3 , 109483 , -219690
173914 , 481484 , -165058
619478 , -324990 , -384501
62568.6 , 160593 , -132422
-821885 , -350813 , 238453
-11663.1 , 178302 , 184951
48857.2 , -789346 , 283765
627270 , 197355 , 272799
-33870.4 , 780646 , -118147
-32265.5 , 872769 , 428255
-176800 , 63873 , 289228
-604449 , 67819.8 , -804347
630165 , -283187 , 263821
-251849 , -521170 , -318785
340565 , -241984 , -501274
147996 , -310359 , -668153
-191506 , 543551 , 946488
-433961 , -894865 , 746604
741588 , 289412 , -286498
386550 , 711446 , 429609
-481881 , 624904 , -671100
-264111 , 225762 , 35449.3
-788455 , -351372 , -393724
-367803 , 187586 , -183481
-855215 , 297539 , 252673
896529 , -494761 , 285318
323029 , -257996 , 598484
684875 , -206988 , -432505
-253599 , 662674 , -323347
202035 , 832689 , 560973
-280985 , 669633 , 346873
-1.07612e+06 , 237646 , 103268
378822 , 22875.8 , -682860
-223094 , 200480 , -231409
-621227 , -165502 , 516545
-313466 , 696697 , -786101
132099 , 140098 , 886027
950808 , -405772 , 3182.16
632010 , 163547 , 633292
58891.1 , -486941 , 520174
600325 , -428900 , 501854
-141656 , 1.00692e+06 , 260205
-318705 , -192565 , -234388
309180 , 704001 , -455605
-8212.49 , 373713 , 380422
-405540 , 568462 , 30279.6
-303761 , -63183.4 , 865643
-95909 , -457512 , 132535
147078 , 502412 , 412563
-369793 , 937998 , 302736
-208693 , 130958 , 57609.1
44731.2 , 751114 , 332708
-129418 , -438478 , -428084
-430986 , -157713 , -408419
-386143 , 382717 , -320276
-45306.5 , 194081 , 765861
-814916 , 30272 , 266571
585808 , 766818 , 222636
38829.1 , -82225.9 , 160849
-400550 , -333882 , -639150
-47268.5 , -187499 , 669937
112054 , 419497 , 569308
-474270 , 430777 , 807481
-184913 , -222154 , -100788
307838 , -703524 , -575232
-56000.5 , -640424 , -441506
511934 , -256647 , -48301.1
618803 , -433987 , -58783.9
-331688 , -71113.9 , -753115
381507 , 64645.2 , 42613.6
-515373 , 232858 , -861270
-672742 , -250861 , 656816
309772 , 473441 , 200908
746320 , 516821 , 332744
561481 , 323354 , 38665.9
-123822 , 490754 , 119273
-461238 , 525629 , 603396
678543 , 582920 , -102571
-244257 , 351340 , -842351
783645 , -155689 , -378129
688927 , 83931.1 , -248457
172291 , -230211 , 5572.49
-394400 , -196616 , -553895
375173 , 392616 , -330962
-294892 , -1.02137e+06 , 154544
-175012 , -209793 , -46857
-440161 , 620347 , -703386
-27997.8 , -344304 , 89825.6
-52811.6 , 698134 , 620463
-304942 , 39335.6 , 588890
-663452 , 209032 , 1064.94
-793354 , 545316 , 396884
567140 , -734262 , -671840
-199574 , 466476 , 235239
-215760 , 36148.3 , 13314.5
-2098.65 , 26585.3 , 913000
-948294 , 68735 , -117877
761792 , 719496 , -216791
363462 , -52131.9 , -176959
-376129 , 1.00215e+06 , 494181
210915 , 445482 , -418567
-606715 , 279723 , -645388
-71491.9 , 609343 , 413116
-74524.7 , 798329 , 371041
-56463.6 , 325658 , -628767
-831279 , 238434 , 385064
-353717 , -201262 , -474722
263427 , -57098 , 560819
298573 , 5264.7 , -444823
-621233 , -697228 , 294937
-724741 , 251987 , -436564
-655026 , 751874 , -3043.07
484744 , 144161 , 1918.11
-219631 , 868246 , -702212
536987 , 2704.42 , 25639.5
680661 , -365464 , -32895.4
462973 , -76397.1 , -179838
-262891 , 271694 , 291363
899044 , -294616 , 136398
625090 , -92307.2 , -355711
653424 , -309480 , 235435
-466555 , 379219 , 618568
-869872 , 297972 , 858156
-209745 , 729746 , -132705
690555 , 266922 , -494524
300076 , 220484 , -671728
36741.2 , -453584 , 337267
169362 , -351568 , -171502
-620723 , -42194.4 , -294700
137458 , -578807 , -267789
722199 , 538791 , -376859
252745 , -298377 , 38765.9
-516961 , 512740 , 102752
-88709.8 , 270124 , 283237
92910.9 , 813702 , 183095
249184 , -1.01052e+06 , -642077
-66110.8 , 405596 , 844642
-354521 , -1.08529e+06 , 299897
-502832 , 432763 , 2163.12
-369919 , -488546 , -439056
78680 , -704157 , -325810
189529 , -898868 , -59588.8
943665 , -275405 , -282597
-1.15794e+06 , 493746 , -106830
-473447 , 134407 , -321886
-207518 , -340017 , -718736
-328105 , 723188 , -162126
402773 , 113242 , 305922
679010 , -143444 , 670217
-860130 , 624823 , -200874
-65761.6 , -57807.3 , 849111
204780 , -786981 , 134384
-377367 , 698776 , -99910.9
-907340 , 261236 , 93572.2
510809 , -590934 , -247811
5815.63 , 398500 , 718102
122047 , -768006 , 248705
413853 , -204649 , -36986.9
-506402 , 671352 , -331485
-234425 , -114725 , 920794
-493393 , -31736.2 , -353637
-206715 , 699158 , -380743
-588257 , 21655.7 , -72639.8
-786056 , -860091 , 229405
121429 , -130086 , -211069
13410.4 , 753262 , 339631
-21193.4 , -792315 , 527189
-62597.3 , -352902 , -472798
-313219 , 31347.2 , -113350
-663089 , -255243 , -548642
222662 , -55246.9 , 435074
-757506 , -232067 , -40672.4
-571454 , -389793 , -346900
-344332 , -275508 , -521661
396314 , 553732 , -282041
908470 , 146002 , 238016
729690 , 259100 , 662009
575889 , -463604 , -258949
336893 , 339307 , -60441.2
-255076 , -240567 , -703372
-371343 , 115468 , -562300
122316 , 254476 , 173267
13928.9 , -541193 , -23703.6
-46718.9 , 2046.58 , 915980
-916633 , -243327 , 99900.3
-357685 , 627318 , 74234.2
99480.5 , 411628 , -423844
610937 , -479961 , -114007
-691486 , -190044 , -48658.9
-479244 , 392780 , -172334
136170 , 180916 , -657380
275953 , 371101 , 632651
-489778 , -62467.6 , -135307
601628 , 874433 , 255076
111224 , -61492.6 , -429152
652190 , -784691 , -37759.5
-67933.5 , -421403 , -974415
-523531 , -7345.58 , -411012
-764631 , -116737 , -519471
-40309.5 , -538494 , -803510
783417 , -244262 , -439151
549992 , -371270 , -208393
30872.5 , -4083.35 , 518876
-11424.1 , 16363.9 , 672834
-671055 , -186346 , 468935
253451 , -559152 , -188807
904952 , -63028.6 , 258036
280603 , -621757 , -418469
797327 , -398053 , 241522
340240 , 193187 , -1.05461e+06
-410927 , -158531 , 828980
-438147 , 312546 , 27213.3
332725 , 633226 , -714532
242347 , -132809 , -932331
253925 , -768639 , 233694
235364 , -889133 , 351299
-228622 , 94743.1 , -747482
-574751 , -415246 , -193699
-280679 , -135995 , -115230
239956 , -208329 , -292685
381701 , 294852 , 503463
-45031.1 , -337993 , -539194
289615 , -867803 , 198790
403560 , -1.0539e+06 , -13434.3
472999 , 82357.5 , -165101
-561189 , 239179 , 435497
-709275 , -68026.2 , 359167
341331 , 93305 , 536532
134971 , 73566.1 , 192517
-197379 , 263932 , 508746
127421 , -897527 , -32787
700892 , 50629.7 , 83777.3
-159309 , 107227 , -393109
247746 , 203430 , 428932
304567 , 680081 , 375378
-521659 , 246745 , -529454
-555994 , 642788 , 123041
-41110 , -834729 , 328640
-175980 , 378316 , -32650.4
-293440 , 553409 , -180118
460216 , -771567 , 551700
878204 , -509298 , -232388
710414 , -188442 , -450184
72598.8 , -281858 , -171021
-1696.61 , 145220 , 292033
-95223.4 , -354266 , 654556
62053.6 , 897504 , -231131
162028 , -898857 , -88565.6
584664 , -552921 , -127169
-642608 , 247815 , 11181.7
519284 , -326175 , 614371
354812 , -508695 , -652147
-367576 , 915963 , 400148
631799 , 40129.2 , 230758
722235 , -436455 , -468940
-634543 , 185946 , -622966
532855 , -150964 , -423951
-139527 , -402802 , 194263
182524 , 1.00045e+06 , -72794.6
-918189 , 67555.7 , 173097
20661.1 , 655073 , 814179
-154982 , -359975 , 972103
-49793.2 , -14706.8 , 445735
76033.9 , 113978 , 620506
32838.7 , 667186 , -59225.5
-397892 , -283826 , -1.39761e+06
-305348 , -772278 , -405053
832601 , 30541.4 , -297397
378131 , -130304 , -122065
794492 , -593195 , 527114
994644 , 589081 , 188199
-139173 , 272617 , 177538
59335 , 10314.2 , 14908.6
203284 , 15156.2 , 295613
322939 , -264308 , -977901
270062 , -125445 , -629924
11741.7 , -357239 , 265712
-20317.7 , 534789 , 148761
-669369 , 248526 , -29074
-199177 , -133339 , -66267.1
-256415 , -30070.4 , -179670
-737869 , 915117 , -155741
-590089 , -42428.4 , 684674
-324109 , 349366 , 81663
-232906 , -728363 , 545114
-93266.2 , 228019 , 672314
-485806 , -205594 , 203131
-231720 , -150158 , -279944
-499715 , -52405.5 , 491783
-154673 , 135172 , 1.0097e+06
-460579 , -418110 , -542221
-336415 , 473152 , -290879
-587495 , -661566 , -621492
604236 , 441015 , 316429
252925 , -400720 , 534966
-664990 , 600697 , 7472.55
219668 , -527314 , -116063
213682 , 467893 , 665938
156709 , -178951 , -144326
20289.4 , -346876 , -241213
259136 , 691743 , 513826
-118669 , -675010 , -96391.9
591588 , -566953 , 608308
417804 , -15491 , -735320
207361 , 778855 , 575989
-413503 , -1.04369e+06 , -90571.4
262872 , 608794 , -747388
244448 , -140766 , -559537
14700 , -817755 , 593803
-14441.9 , -704403 , 35688.3
-181033 , -68019 , -101805
-161928 , -256893 , -368926
131372 , -82944.6 , -174438
891523 , 300166 , -463326
-452414 , 520341 , 519071
266568 , -846169 , -315929
79543.1 , -377128 , -341391
1.04459e+06 , 234771 , 69242.3
-565729 , -1.13639e+06 , 26207.3
673611 , -181725 , 195559
451523 , -743496 , -243892
-124711 , 270869 , 309239
82187.1 , 470533 , 872876
-22494.5 , 145548 , 727101
439689 , -397923 , 721229
695684 , -827184 , 483697
-196663 , 55605.1 , -62796.9
60362 , 111030 , 1.24447e+06
-243109 , 188292 , 497252
-250227 , 406902 , 529200
658600 , 553242 , 597983
136500 , 189204 , 78595.5
-151021 , 749221 , -712689
414308 , 573684 , -290701
-203816 , -528675 , -312190
-277181 , 121517 , -458900
170838 , -124412 , 681832
589547 , 150639 , -489473
-485825 , 324526 , 170460
-157395 , -53351.1 , -775434
219252 , 621809 , 457504
470204 , 529895 , 534673
-432942 , -421112 , -234566
-419445 , 123090 , -637321
131158 , 186183 , -124138
-452333 , 321750 , -183916
-370236 , 225099 , -531870
881885 , -562377 , -193809
936644 , -66912.9 , -141084
-602628 , 346609 , -18694
283648 , -269943 , -194593
311069 , -408692 , -254864
-241583 , 368116 , 280686
681980 , 730598 , 233659
471292 , -180986 , 79229.8
-558805 , -222465 , 71066.6
471433 , -90098.6 , -275253
-783412 , 357609 , 449129
-56439.1 , -214694 , 707610
697095 , -462538 , 242797
429601 , -400627 , 527371
133603 , -1.00528e+06 , -739864
367626 , -309256 , 72103.5
519485 , -428500 , -16266.6
190225 , 704986 , -885043
546527 , 244766 , 100114
-127310 , -327076 , -878368
116251 , -246910 , 687408
-759065 , -250552 , 546185
-688916 , -181507 , -337597
-119081 , 103907 , 327493
-430019 , 607198 , -503928
347782 , 46513.2 , 206875
-700531 , 298502 , 396111
-503116 , -639813 , -33570.5
411978 , 101707 , 505313
-862167 , -678521 , 437514
505794 , -710565 , -299553
-713552 , 406085 , 97714.2
-235022 , -324341 , -200371
248853 , -469194 , 941233
622604 , 120604 , 385587
-235695 , -10177.4 , -207475
-956996 , -344545 , 149461
301812 , -518915 , 411672
-43312.5 , -21622.2 , 268217
612251 , 156976 , -443803
514265 , 684177 , 323964
386371 , 303451 , 943232
-216634 , 434272 , -230252
650210 , 370962 , -243144
-553221 , -15996.8 , -430843
-473394 , 434751 , -61351
-894642 , 24732.4 , 273240
-571266 , -612009 , -201672
-37682.3 , 267368 , 188613
-451339 , -739744 , 38938.2
-193247 , 472193 , 635907
-1.12445e+06 , 286516 , -281502
683774 , 329656 , -332004
-185053 , -622490 , 417748
-677672 , -500421 , -391761
-173572 , -261273 , 777157
-846086 , 60456.7 , -323812
-936955 , 192613 , -120253
297317 , 222614 , -478610
390855 , -125182 , 865817
351495 , -180204 , -483915
211040 , 117834 , 1.05709e+06
875074 , 435903 , -109514
201726 , -182047 , 198863
110933 , 259821 , 564935
-395911 , -777157 , 82810.4
-415864 , 178218 , 57241.5
409800 , 955078 , -199214
186149 , -918692 , 665703
-527653 , -169190 , 120612
278000 , 376432 , 432339
-445528 , -99469.5 , 294912
-572717 , 373467 , 508255
122384 , -358901 , -761736
306083 , 254545 , 791548
-554957 , 438194 , -12921
-381444 , 49859.6 , 343656
-452014 , 362919 , -58429.2
-185621 , -158013 , 761355
226069 , 476749 , 14143.9
-193314 , 161728 , 408830
-539649 , -221274 , 132440
-317319 , 96226.9 , -396939
402466 , 592529 , 766621
153706 , 131489 , 554332
120409 , 291276 , 510646
185540 , 473601 , -464138
920517 , -600574 , -198724
-125820 , 413524 , 172398
1.04838e+06 , -243618 , -286930
18893.7 , 127951 , 853171
1.03266e+06 , -101034 , -239330
-765020 , 311673 , -50318.7
-70664.2 , 352498 , -421528
487119 , 562906 , -105480
-244334 , 1.05662e+06 , -2924.59
-162532 , 632083 , 419248
-292028 , 420073 , -101838
-347159 , 54957.2 , 846768
-163342 , -462133 , 175998
-422473 , 380699 , -789254
-355064 , 537396 , -285346
-115965 , -304809 , -349172
-22270.1 , 657129 , -637678
-670546 , -169239 , 252027
-238305 , 159824 , 31716.9
-806785 , 243617 , 554892
-157324 , -291818 , -86571.8
-534781 , 120103 , -189420
223868 , -160892 , 1.02658e+06
17517.2 , 95105.9 , 613925
322922 , 327012 , 191371
-4460.04 , -256588 , 70670.2
437949 , 725908 , 657321
462762 , -377315 , -180712
13156.2 , 185508 , -593834
125389 , -594908 , 438300
-705890 , -274611 , -426928
311965 , -652628 , 182927
-224121 , 364223 , 960296
-42180.5 , 68032.9 , -522172
444135 , -476036 , 153697
-436224 , 512733 , -420145
385995 , 901996 , -6154.76
149429 , -875942 , -434694
724314 , 91957 , -918731
692680 , -349927 , 181731
-152110 , 170367 , 484086
305245 , 803013 , 277135
-174955 , 365689 , 490232
408945 , -250060 , 18070.6
359203 , 857558 , 137762
-252400 , 227233 , 167333
-391435 , 644483 , 19923.3
-299453 , -255686 , -88472
792799 , -590863 , 215252
58782 , 694344 , -22840.7
-601644 , 107739 , -7697.25
83321.6 , -566154 , 575899
-677746 , 804724 , 420004
805168 , -672767 , -92401.9
235201 , -85140.8 , -171557
-553059 , -83742.2 , -616771
-576583 , 453750 , -53227.4
-555519 , 305480 , 550526
-118331 , 152326 , -260985
306698 , 45187.9 , 61684.7
-401761 , 1.00494e+06 , -181523
420013 , 654464 , -446631
655190 , 304704 , -328758
210390 , -788123 , 338128
286038 , 197047 , 645608
-356975 , -229039 , -339259
-783745 , -210194 , 200611
-47140.6 , 834351 , -41869.9
212400 , 101537 , 650583
-252005 , 350466 , 510454
-835895 , -591513 , 464632
-269871 , -17367.7 , 422697
-61527 , 823307 , -310408
633375 , 505169 , 18231.3
-595074 , -62982.9 , 109503
215962 , 370309 , 748027
-737108 , -508542 , 27625.6
-550403 , 197176 , 139125
259597 , -320403 , -295090
-495863 , -174517 , 43381.8
-617811 , 210005 , -223722
-6830.2 , -951515 , 598712
-364385 , 605560 , 705025
405710 , 350023 , -470940
41372.1 , 474836 , 794863
-361939 , 202066 , -315471
-642322 , 404995 , -204966
414045 , 423751 , 312558
-53053 , -212504 , 319384
-405244 , -435277 , 180969
665385 , 233900 , -741719
487604 , 832575 , 571367
-693100 , 100264 , 75671.1
-777433 , 517770 , 57167
-247492 , 928239 , -521101
-628602 , 269499 , -610992
819346 , 167390 , 188984
-413496 , 875261 , 300914
-373335 , 436261 , 841079
-275870 , 566804 , 5230.49
-310487 , 814304 , -115497
-626938 , 160785 , 277498
-194590 , 597773 , -165231
59804.8 , 842869 , 170535
476826 , 408208 , 228102
684769 , -365975 , 309793
-421919 , 383569 , -86945.2
-38916 , 514973 , 640769
-552491 , 682664 , 438880
136701 , 168752 , 265002
528811 , -16152.7 , -31605.4
510964 , 190585 , -169837
59189.8 , -548882 , 851544
228384 , -660048 , 740311
-671469 , 328956 , -439226
235710 , -453070 , 686133
657236 , -440299 , 632861
327605 , 89657.8 , 703881
515308 , 331077 , -435692
-296274 , 829206 , 28292.9
-41216.1 , -103463 , 56918.9
649129 , -539343 , 595596
-129609 , -338879 , 269512
28194.4 , 113536 , -589345
-22908.9 , 515784 , -8441.99
-221862 , 703967 , 488259
-242503 , -570972 , 52348.3
-125588 , -425265 , 168275
-44235.4 , -398097 , 184425
748391 , -346809 , -324282
759804 , -674375 , -168173
38307.9 , -539433 , -502113
-382320 , 138163 , -245940
339311 , -589835 , -115326
-302958 , -801326 , -394733
-136158 , -501426 , 258571
13389.5 , 659539 , -383986
-807944 , -274692 , -837326
-355763 , 357839 , 224273
-222474 , -61957.8 , -161308
-253333 , 791482 , -138087
61057.3 , -834242 , 332847
464242 , 165909 , 240193
36003.2 , 657523 , -1.04988e+06
-427712 , 601150 , -142724
-94092.6 , 156818 , 988090
-442292 , 369530 , 553354
199387 , 45315.9 , -1.06701e+06
-568962 , 401901 , -229009
610919 , 300547 , -86739.1
736451 , -192618 , 413022
-274168 , 455674 , 546710
-478200 , 439468 , -294935
-557445 , 503919 , 248332
-65103.7 , 699627 , -356025
407801 , 402614 , -391731
307961 , 681086 , -561119
-356032 , 57215.5 , -1.03983e+06
-588449 , -15295.2 , 261770
-85135.4 , -513898 , -981035
754929 , 312356 , -418972
-779335 , 92421 , -678436
365037 , 179342 , 373620
-302333 , 596076 , -69405.3
753230 , 194648 , -192685
561028 , -479201 , -297803
-270506 , 699624 , 403232
-322423 , -80944.9 , -80918.2
503570 , -273523 , -167316
113968 , -347624 , -496254
127776 , 605081 , -277192
742883 , 595121 , 83013
239076 , 766156 , 251262
-498075 , -648989 , -631546
623541 , 521896 , 50111.3
-679298 , 111299 , 617028
-11090.9 , 238054 , 251663
119050 , -236699 , -124317
-209456 , 638295 , -419842
24103 , -436676 , 535763
-129534 , -108373 , -182522
-77562 , -459085 , 480382
-619141 , -314444 , -746313
375259 , -71895 , -49863.1
-442720 , 195141 , 245019
18150.5 , 365862 , 306781
1.08064e+06 , -335249 , 41923.7
684968 , -249045 , 269761
398937 , 395146 , 363002
903602 , 3570.6 , 374627
-100569 , 121754 , 914589
82538.3 , 123362 , -43450.5
-175862 , 667376 , 593967
333849 , 427698 , 19559.3
704955 , -404538 , 382410
502621 , -298576 , 632591
384409 , -223745 , 979063
163768 , 924069 , 234237
-74597.1 , 547161 , -196830
200101 , 158209 , -640702
-527583 , -545701 , -117897
-626048 , -877704 , 420585
1.16494e+06 , -112083 , 70818.6
207035 , 546513 , -106782
-101394 , 76444.3 , 5811.24
-484694 , -494926 , -500103
-1.02722e+06 , -643570 , 225922
-396948 , 522572 , 1.03979e+06
471157 , 266272 , 878808
-552636 , -558977 , -255888
-127059 , -833979 , -246382
-637126 , 40869.2 , 830494
-504554 , 324422 , 4091.78
605214 , -262059 , 240819
-479227 , 148239 , -681171
-272133 , 26007.6 , 290960
-338975 , 687844 , -448384
173967 , -89569.4 , -83764.8
536685 , 818671 , -294065
-530183 , -205335 , 41522.3
-202906 , 421388 , -294847
735965 , 304521 , 328406
-211786 , -1.05119e+06 , 184065
-829068 , 146179 , -268295
112782 , 340877 , 108259
-448725 , 407856 , 405357
-773554 , 462094 , -577157
50859.8 , 76249.7 , -69972.2
-291327 , -108837 , 149639
-574607 , -6112.75 , -170782
-536568 , -446363 , 572160
817734 , -93517.2 , -418334
339733 , 382031 , -178460
214234 , -722161 , -769659
-64387.2 , 292873 , -344354
-226958 , -725914 , 195285
-195866 , 170584 , 45618
342873 , -754199 , 679815
670939 , -80409.3 , 80176
517678 , 106053 , 2492.94
-504870 , -422373 , -326325
173085 , 661408 , -505016
314670 , -281296 , 338557
341877 , 576490 , -704296
480612 , -246037 , -177015
-336455 , -340320 , -865687
-583041 , 817433 , -154270
453460 , -412680 , -238965
-187939 , -605059 , 302749
784388 , -162940 , 536604
613011 , 99953.3 , -234236
36721.7 , 225477 , 187906
-600221 , -556674 , -266765
-717959 , -514515 , 482978
500112 , -526959 , -170038
-60720.7 , 720359 , 210577
-268589 , 814845 , 579775
242822 , 341076 , 1.06148e+06
485394 , 312966 , 228330
614516 , -269423 , -56782.8
-42978.9 , 386800 , 658126
257266 , -403070 , -241472
336135 , 593833 , 372080
91505.5 , -751054 , 237083
122851 , 974321 , -395866
681504 , 378962 , -374949
126399 , -772594 , 484018
-474487 , 214058 , -55394.9
-169282 , -493311 , -798894
750770 , 266481 , -93940.9
326065 , 263405 , -721420
865441 , -553933 , 281319
-129069 , -746227 , 261258
-780431 , -491972 , -360323
-355784 , 119398 , 446606
-554732 , 606886 , 201701
-335408 , 841069 , 656438
27937.5 , -477451 , 710544
-329014 , 529739 , 684150
495675 , -621048 , 563156
-640564 , -721568 , 388674
457831 , 640911 , -344414
157918 , -422371 , 931517
312186 , 134710 , -949052
-229715 , -133384 , 480607
236444 , 225677 , 386066
341272 , 210362 , -31908.2
-139827 , -505611 , 246104
-357132 , -847682 , -751828
302495 , 130277 , -932709
333002 , 526388 , -143253
-628892 , -275350 , 267869
-271407 , -159142 , 459897
-589060 , 803586 , 71019.5
-837810 , 511435 , -327322
519049 , 313467 , 612901
676165 , -121993 , -48765.2
-549077 , 103702 , -615949
-218312 , -13299.5 , 581201
-164514 , 296801 , -326633
-445122 , 806774 , -225145
-446439 , 253848 , 78769.9
175903 , 87588.1 , 779862
452502 , -379813 , -29961.6
397550 , -372865 , -935298
-185487 , 746376 , -650763
-1.05058e+06 , 129170 , 136554
-567166 , 511340 , 453687
-175394 , -741982 , -399233
239149 , 410478 , -38842.1
-25617.1 , -23758.6 , 61625.8
770814 , 91188.2 , 168679
154140 , 508343 , 457799
-269021 , -728514 , -255753
545103 , 413270 , -238435
640626 , -381376 , 488554
192090 , -1.00512e+06 , 604952
-787907 , -17048.5 , 237479
147871 , 82921.5 , -285416
-426729 , 205462 , 271627
-469901 , -29194.7 , -360564
451315 , 363828 , -967093
535254 , -304144 , 699137
618656 , 229126 , -10869.6
-89902 , -298668 , 21043.1
395906 , 110582 , 604908
-235677 , -588010 , 538171
-350087 , 309907 , -242644
550399 , 349825 , -650466
-187662 , 552122 , 496360
133924 , -304758 , 782285
185074 , -1.02922e+06 , 465204
-66053.5 , -213561 , 267691
605194 , -269577 , -393032
186615 , 147179 , 55236.9
36618.7 , 462397 , 80624.6
337920 , 96177.5 , 483580
-476600 , 886842 , 399894
815959 , -321872 , 493027
-482510 , -684472 , 854212
352326 , 232749 , 134946
-860952 , 383991 , 207026
-617970 , -151286 , 821001
-191240 , -508570 , 741696
419009 , 328420 , 237440
69247.4 , 229626 , 728603
376834 , 125622 , 321890
-567835 , 150395 , 685008
364905 , 174793 , -747284
362783 , 592824 , -406796
-461309 , 303102 , -256802
-597282 , -692675 , -415099
-811866 , -311304 , -147693
675145 , 643792 , 404612
311134 , 233271 , -172032
-97471.3 , -246733 , 335366
-281428 , 18553.8 , 352471
532867 , 249470 , -319041
-350910 , 191797 , -789224
-85619.9 , 76082.1 , 614062
464099 , -180725 , -454621
755486 , -15930.6 , -258703
-458024 , 571281 , 283934
113109 , 244839 , -77186.2
-726400 , 277542 , -599235
-979026 , -282624 , 687818
520772 , -583678 , 275595
806843 , -558252 , 180194
-506607 , 103999 , -407748
-220528 , 399208 , -457030
-180142 , 224498 , -321685
-221883 , 203216 , -173954
-443425 , 462642 , 49234
91652.8 , -497376 , -187661
145582 , 453158 , 483086
137164 , 923029 , -177907
-234039 , 639947 , -278267
-804104 , -81819.6 , 439055
685978 , -347725 , 763080
351211 , -158466 , 262950
-85285.4 , 258675 , -650740
-524554 , -591921 , 228942
424599 , 523710 , 378055
-152698 , -835700 , 866504
615005 , 154092 , 491562
774837 , -403030 , -106924
-259486 , -148158 , -632775
-7371.66 , 23699.9 , 678312
-567754 , -305405 , 225544
-242214 , 28486.9 , 721302
-419803 , 101510 , 539777
181258 , -493577 , -524695
-217749 , -332216 , 201856
-47032.1 , 825440 , 82395.7
186560 , -134362 , 64663.8
-705498 , -251520 , 141269
-82596.5 , 916485 , -236332
590607 , -555334 , -691010
-9841.08 , -359748 , 625095
-169686 , -641561 , 603685
-269217 , 288154 , 664773
834377 , 319935 , -443925
624620 , 422163 , 428673
-57954.8 , 752770 , 247861
563361 , 191108 , -388379
622853 , 375757 , 473977
75651 , -333934 , -251843
574091 , 238619 , -339818
501887 , -620397 , 218289
10104.8 , 533816 , -171255
-97817.9 , 435468 , 380270
-340252 , 238319 , -399864
272105 , 203174 , -541644
720358 , 477939 , -358723
-159176 , -163811 , -180063
-173863 , -211068 , 245217
284747 , 392528 , -359264
-109329 , -461374 , 15484.4
-57920.7 , -668328 , 322484
-878.773 , -396514 , -229237
-156595 , 86542 , 318894
306388 , 589512 , 236685
5011.69 , -167270 , 648365
249595 , -656364 , 124949
-320703 , -630780 , -285651
340215 , -995004 , -562570
458158 , 766042 , -656419
3935.91 , 423805 , 148728
120520 , -270316 , -139857
771409 , 734571 , -186217
61611.6 , -369545 , 482331
268619 , -86119.9 , -722140
-615842 , -546661 , -365707
-830752 , -93299.5 , 5999.97
369895 , 470358 , -202176
409231 , -215725 , 525700
-320354 , 243049 , 377433
607113 , -710181 , 498865
229072 , -695420 , 98396.2
308199 , -92920 , 341893
-251630 , 403859 , -395823
-1.10543e+06 , 210754 , -14589.4
-327085 , 754118 , -503326
718299 , -193800 , -43516
-287833 , 99872.6 , 426163
-888383 , 592824 , 28942.8
-790800 , 894769 , -241449
185535 , -668897 , -444961
390686 , 56278.3 , 430980
-16988.8 , -79790.3 , -41260.1
-555810 , -548520 , -263403
757923 , 90198.5 , -94043.3
-975719 , -340609 , -516356
-381680 , 723383 , 261730
-50249.3 , 581225 , 613487
787708 , -120437 , -429854
916628 , -324844 , 96120.5
64898.7 , -199061 , 918835
622749 , -323056 , -374122
-233743 , -726683 , -355397
-379178 , 793441 , 2419.07
-354610 , -680092 , -231465
943000 , 39508.5 , 618028
130212 , -563280 , 700235
-973765 , -149525 , 304881
780159 , -637112 , 236021
-94310.1 , 44460.4 , -432541
-264434 , 1184.16 , 809783
-753841 , 80960.2 , 477905
75916.2 , 9804.4 , -842693
-126791 , -330500 , 251875
-177365 , -517711 , 630250
69294.4 , 581181 , 371222
166234 , -560335 , -27366
-214156 , -384927 , -422945
841000 , -606826 , -81678.3
258302 , 371819 , 718726
141292 , 182443 , -192825
-267258 , -709088 , 185842
-995134 , 184736 , 883631
-385961 , -527718 , 437966
-848491 , -114336 , -127771
143271 , -682822 , -659390
176548 , -319851 , 72217.5
76121.7 , 581694 , -938552
455479 , 60154.1 , -252181
-626596 , -605731 , 57515
-1.07365e+06 , -145709 , 305805
410696 , -461420 , 140929
-535548 , -468770 , 185754
500277 , 425361 , 216345
416482 , -538290 , -127703
-15095.4 , 376978 , 170475
-420860 , -664973 , -177465
145065 , -302871 , 941157
211727 , -1.09823e+06 , 346418
-909012 , 49858.9 , -194701
-589694 , -31740.8 , -546032
-237058 , 484673 , -283605
423784 , -114301 , 614922
571181 , -120441 , -72693
-21353 , 672876 , -444243
-179289 , -331754 , 137147
695972 , 144970 , -782467
-330038 , -290087 , 302651
90914.2 , 880765 , -460760
470778 , 173751 , -86183.9
527171 , 19047.3 , 297368
-278786 , -347461 , 524457
52030.7 , 790977 , 644357
872310 , -389368 , 103866
128249 , -486721 , -304060
357031 , -315236 , -84980.9
-508352 , 256703 , -374834
359946 , -97524.1 , 209293
454505 , 72606.6 , -500298
630195 , 445056 , 231680
-209356 , -242321 , 793258
154246 , 213082 , 417624
-487801 , 2166.08 , 617872
344646 , -526240 , -120826
442207 , -384644 , -510111
-568942 , -34030.8 , 519048
-775497 , 268330 , 216034
-879652 , -191645 , -431439
465734 , -335643 , 124884
328833 , 399621 , 683609
-583754 , 710908 , -758482
271610 , -804183 , -2077
-54297 , 727245 , -290680
-280413 , 184341 , 337318
-263360 , -663533 , 4584.58
-278599 , -755823 , 34175.5
681627 , -99493.6 , 138964
-957248 , -611219 , 4358.53
-262962 , 75817.6 , 861816
163827 , -720517 , -446067
-409189 , -221231 , -438205
-297860 , -514420 , -1.03951e+06
750557 , 898516 , -193348
550160 , -209983 , -796524
317709 , 50635.9 , -217788
788182 , -305533 , 471637
-349890 , -71098 , 869544
-192002 , 180375 , -514416
-468991 , 305510 , -335325
649451 , 344555 , -295909
-346407 , 400569 , 29384.5
601815 , -384290 , 530424
666733 , 100819 , 823953
328537 , -314180 , -585879
-285138 , 582338 , -225637
-856857 , -53108.6 , 556451
14906.4 , 468125 , -958468
21936.6 , 477590 , -375675
-823361 , -663259 , -748717
264631 , 663725 , 733221
481186 , -703607 , 43706.8
-105010 , -10986.3 , 928165
209955 , -371717 , 41916.3
-193868 , 289712 , -525356
191276 , -847004 , -188038
341512 , -207858 , 515799
-200746 , 319.643 , -862796
-297363 , 306314 , 597256
651078 , 736265 , 537510
356965 , 558267 , 594640
-220429 , 992995 , -79255.8
-787374 , 336046 , 634776
527849 , -227545 , 750490
676399 , -105479 , -507501
-258259 , 783570 , -98185.5
237796 , -309806 , 711928
-75517.2 , -156669 , 127927
103240 , -319100 , 505773
-190192 , 765483 , 299184
249974 , 341552 , -188762
-330266 , 433390 , -557195
-550605 , -323990 , 390767
-386286 , 135209 , -597856
-346601 , 487569 , -280000
-402108 , 545645 , 943911
-647999 , -71842.6 , -10408.7
-88050 , -111193 , -327029
2993.89 , 1.04584e+06 , 390800
33607 , -494803 , -1.04475e+06
-331355 , 336576 , -18454.6
-357007 , -400840 , -185062
-432720 , 323622 , 261887
102044 , -966555 , -37707.9
267690 , 912910 , 580274
340499 , 245004 , -252611
210323 , -363871 , -365302
125898 , 6033.13 , -567191
628838 , 36024.1 , 275904
-341998 , -505859 , -529962
-343431 , 450285 , 175392
425490 , -403112 , -204676
24820 , 314384 , -476298
160811 , -183800 , 123881
93344.3 , 502095 , 93269.9
-498391 , -242638 , -777672
382141 , -571940 , 334241
635815 , -316652 , 79230.9
-379727 , -6021.9 , 798705
512365 , 574130 , 276173
336263 , -142632 , 751221
-407802 , 549073 , 283761
482749 , -430566 , 118644
450703 , 536216 , -797640
204885 , -171347 , 104583
-843952 , -376565 , 325383
-491440 , 95910.1 , -286484
144154 , 576205 , 653921
566991 , -455561 , 361168
131450 , -486258 , -265261
255602 , 191177 , -446918
-142526 , 224189 , 57377.4
-522071 , -123588 , -826257
-167801 , -148232 , -363648
163253 , 128755 , -598966
54329 , -732760 , -157861
492901 , -278789 , 794436
118496 , 271468 , -114180
-764001 , 709307 , 368692
-157582 , 299669 , 673990
-82764.4 , -346406 , 94064.2
-251120 , 975183 , 410408
-1578.72 , 908732 , -116624
588060 , -649697 , 468984
264672 , -753857 , -343443
254176 , -272053 , -753243
431436 , 49172.3 , -56300
64478.7 , -822353 , 261359
518214 , -600665 , 158686
266021 , 369109 , 749880
-93350.5 , -606303 , -376238
103975 , 334457 , -238775
-720676 , 270203 , -449411
204512 , -182182 , -335057
412909 , 638548 , 1.06873e+06
520965 , -170381 , 496843
-75780.9 , -637084 , 894773
858550 , -89715.3 , 137770
197705 , 311581 , 185626
-354392 , 501511 , -16496.4
-231198 , 31173.4 , 656492
912655 , -302434 , 70219.4
-163728 , -458531 , -64492.7
-869869 , -134367 , -151114
238369 , -148582 , 597268
258875 , 293395 , 183975
180346 , -312691 , 465445
-194651 , 93445.1 , 222620
-42416.7 , 844102 , -344256
-783926 , 756056 , 30209.9
-40459.2 , 628814 , -365210
175127 , 22434.4 , 682147
688036 , 614517 , 338206
1.08015e+06 , 139586 , -268692
403369 , 188329 , 51766.8
439507 , 1.03554e+06 , 20131.1
635753 , 184532 , -214486
628379 , 578485 , -791049
647150 , -175282 , 498670
-198808 , 101954 , 995504
-911996 , 243842 , -189641
-542844 , -95460.9 , -496453
769820 , -4889.84 , -820875
-833142 , -18855.3 , 428417
827432 , 352611 , 19148.2
-219983 , 658560 , 962847
203774 , 407456 , 941209
302001 , -723596 , -750469
-695088 , 374047 , 319772
-752497 , 594355 , 382868
832183 , 688471 , -94830.6
200614 , -366356 , -430220
-469697 , -750780 , -79654.1
448362 , 297786 , 421552
-69045.8 , 690970 , 622284
804616 , 82365.3 , -229554
274136 , 683155 , -98439.7
-472403 , -739720 , -315059
668457 , -374493 , -347465
800376 , -451758 , 221533
-586531 , 362227 , -377089
52948.6 , 665614 , 509365
-814567 , -227851 , -180791
-661879 , 529874 , 193660
766086 , -178244 , 859685
21858.1 , 175188 , 197986
-25952.8 , 679585 , -462987
-676280 , 238380 , 410755
-393370 , 531551 , -47729.6
-387891 , 417557 , 490977
-708237 , 202605 , -397059
-710531 , -219972 , -906468
-387558 , 479113 , 588712
228135 , 133071 , 73972.2
-757234 , 201991 , -210144
217107 , -270853 , -102293
-11516.8 , -51899.4 , 564854
-9160.05 , 290100 , 893813
528597 , 73370.9 , -421913
-237525 , -477622 , -180112
622948 , -904135 , 520859
-266706 , -388036 , -501168
-465868 , -356092 , 228424
236757 , 93414.1 , 225620
258541 , -527235 , 32319.7
409948 , -595764 , 408162
392987 , 574112 , -157754
-586778 , 333009 , 979731
517554 , -233199 , 773710
186302 , 370310 , -7544.37
-35539.1 , 537658 , 426025
643419 , -628108 , 527088
-528927 , -196506 , 930424
-411474 , -775040 , -585129
-231568 , 1.12635e+06 , 697986
487610 , 178314 , 531523
-579139 , -86311.4 , -107712
476169 , -322031 , -779435
792884 , 318821 , 725645
-599427 , -339601 , 133122
-721935 , 632926 , 247818
127048 , 314664 , -987527
895782 , -45326.5 , 40369.5
-572592 , 33442.4 , 551232
-50916.7 , 340107 , -232401
617354 , -55875.5 , 419683
125477 , 331016 , 438401
511942 , 224599 , -1491.76
64075.4 , 579399 , 452055
-527384 , -188173 , 739197
206179 , 435996 , -486940
-544015 , 464466 , 80451.9
-590820 , 1559.38 , -291571
211724 , -915562 , -239478
-129405 , -569205 , 88052.5
-620376 , -110725 , 176614
-194320 , 137153 , 716190
116944 , -311718 , -416070
893055 , -180028 , -4603.54
264003 , 754735 , -122843
-513446 , -239782 , -108142
-111620 , 548034 , -919907
373955 , -872732 , 170596
-90233.9 , -114695 , 578704
661257 , -341850 , 420871
-709399 , 412078 , -315369
-64388.5 , -478234 , 911963
-700311 , -173044 , -79634
250926 , 143645 , 708032
206717 , -1.27692e+06 , -169025
-400353 , -205220 , 913551
-137281 , -977689 , 50478.3
163184 , 54133.9 , -194807
-666024 , 703038 , 505776
-406996 , 714796 , 172838
112009 , -895004 , 336237
-546121 , -489336 , -19808.9
315869 , 10694.8 , -363391
-380230 , 39301.9 , 384727
1.23234e+06 , -3115.92 , 355101
-244639 , -76924.1 , 643908
273967 , 33576.8 , 825038
139416 , 24407.8 , 968301
683150 , 280508 , 438378
610575 , -645954 , 381867
655734 , -180275 , -163546
-398203 , -802660 , -74016.6
116035 , -286263 , 972651
-6066.38 , 39916.8 , 386343
178960 , -412430 , -197411
318178 , -224659 , 555428
860698 , -131583 , -62629.6
-97324.1 , -424034 , 487674
594596 , 335979 , 268695
235627 , -54810.8 , -490303
-164972 , -58554.7 , -109289
-337062 , 228261 , 503382
50159.7 , -329260 , 658438
463900 , 774467 , -256518
-301794 , 916107 , 353469
-4971.16 , 303050 , -404400
308910 , 812452 , -32763
-621425 , -74673.2 , 232732
288567 , -21481.7 , -342890
783848 , -241378 , 811168
407624 , 23566.4 , -369974
640924 , -415480 , 749000
791675 , -251324 , 59289
-527406 , 205431 , 540118
387610 , -568614 , 138423
-62429.5 , -771393 , -356199
-322673 , -76813.3 , -228048
577633 , 422768 , -772365
-198480 , 281310 , -672807
585395 , -130097 , 512490
-115922 , 436465 , 631234
-761098 , -472565 , 371463
-243195 , 458930 , 110771
-566649 , -622322 , 151391
266358 , -103028 , 201427
823590 , -48316.2 , -112605
-186875 , -436027 , -548263
-478087 , 477185 , -101825
-21932.7 , -482601 , -236349
220.176 , -605035 , -612209
-823263 , -488892 , -54599.1
-478219 , -1.15739e+06 , 175483
39158 , -325133 , 204617
-7728.27 , -869673 , -86554.1
258387 , -15120.3 , -1.03801e+06
537925 , 3111.08 , 26653.8
185377 , 589887 , 579059
249191 , 373248 , -419797
43166 , 707844 , 705509
-129514 , -598764 , -275001
748092 , -440888 , 425343
734369 , -123629 , 555848
425247 , -551626 , 233589
-651411 , -305860 , -166062
508840 , -345092 , -321220
-833386 , -89123.5 , 180322
51953.8 , -219662 , 141842
-912812 , 503937 , -29439.7
218547 , -353341 , 384252
636291 , 674517 , 322090
175896 , 190010 , -563005
-297214 , 150904 , 858977
-413659 , 1.02617e+06 , 491801
731525 , -211324 , 299086
-101059 , -68084.8 , 263640
-181145 , 620952 , -273125
-533672 , 185532 , -248833
-37843.6 , -288258 , 151870
-132299 , 345027 , 116803
34060.4 , -409707 , 185071
557294 , -293118 , -598859
-277662 , -594680 , 162497
-779147 , 371935 , 197800
-366857 , 585336 , -916059
-137885 , -267575 , -538181
196449 , 622539 , 136625
-247220 , -593674 , -205260
-53193.6 , -970155 , 657803
289395 , 49639.9 , 200115
45123.4 , -5197.45 , -317222
-262693 , -429512 , 537808
321661 , 410916 , -129768
388414 , 159573 , 203045
-252273 , 745592 , -64053.1
-581582 , -102434 , 500405
740209 , -564316 , 172335
740102 , -161375 , -561842
306113 , 784774 , 530503
-250649 , 813174 , -237940
-195495 , 113940 , 354153
-538640 , -321006 , 348987
376699 , 329308 , -152368
597230 , 214035 , 588704
-931532 , 717605 , 54459
-511498 , -660413 , 39467.5
395946 , 679576 , -86952.7
-620973 , -530940 , 392275
49748 , -227805 , 293947
272474 , 69587.5 , -698157
122772 , 564801 , -65042.7
-46121.4 , -985258 , 888702
-53117.4 , -52956.4 , -774501
-392425 , -121786 , 1.20585e+06
253442 , 287162 , 673967
-556761 , 671728 , 256483
-334793 , -445602 , 404852
-755981 , -158425 , -71051.1
-148879 , -611019 , 459342
-120355 , 329504 , -305326
-520366 , 1.04381e+06 , -69745
-280620 , 297700 , 329540
-962857 , 56596.4 , -126667
148110 , -68288.3 , 263085
-167593 , -515747 , 421470
-319189 , 986638 , 195800
226809 , -600228 , 389446
-101280 , -677380 , 97497.7
31487 , -847964 , 604040
102465 , -199239 , -268732
-741169 , 911883 , 298722
-154621 , 91660.3 , 279093
-424746 , 284431 , 166715
530118 , -303211 , 524259
22586.3 , 17237.2 , 65827.5
-41564.1 , -280309 , 565732
-201674 , -739507 , 252026
975374 , 279239 , -151938
-292511 , 353674 , -346761
720398 , 425741 , 529752
-1.00927e+06 , 215736 , -355633
689431 , 282237 , -545623
509127 , -3036.43 , 552102
-569935 , -515856 , -716457
615329 , 337809 , -528777
-306931 , -939410 , 218928
-422096 , -295467 , 281109
714369 , -466441 , 146125
-210799 , -681292 , -119453
-449677 , -487635 , -273671
-34566.6 , 271691 , 569668
1.07788e+06 , -200742 , 415072
353257 , -235533 , 35625.8
459002 , 598518 , 113886
-151808 , 849979 , 120900
-13919 , 159529 , 432405
-341193 , -84305.5 , -324679
690425 , -518234 , 564203
33609.6 , 982241 , 976.234
456011 , -131065 , 287066
-517680 , -171895 , 132186
100840 , -855698 , 282874
-297092 , 496848 , 228165
530686 , 440646 , 62438.1
-343596 , 705808 , 248684
873052 , -651511 , -34668.7
-39447.9 , 828429 , -385652
982151 , -647186 , -117087
-49864.8 , -48800.7 , -358834
1.08772e+06 , -515680 , -168337
-146947 , 48036.3 , 603500
109620 , -23258.4 , -703288
1.12763e+06 , 280437 , 292216
-325203 , -316790 , -327174
-455769 , -891944 , -412834
-798556 , 657333 , -173698
-61713.2 , -567616 , -128023
169529 , 14346.5 , 327257
-480668 , -211416 , -545196
-547340 , -263024 , 172839
-285774 , 622010 , -52702.5
-436757 , -487165 , 231368
-7836.47 , 699987 , 150124
-182074 , 779153 , -450505
-130180 , -813314 , -1.04377e+06
36550.1 , -669111 , -410535
396174 , 115917 , 184049
410500 , -200539 , -759967
-271711 , -1.10245e+06 , 165818
779708 , 383274 , 251631
-487428 , -267428 , -177870
-506815 , -50430.5 , -429920
249342 , 33831.3 , 174636
-213132 , 37141 , -25063.1
-866746 , 672409 , 120208
199961 , 748263 , -440522
640369 , 312596 , 374630
-97423.2 , -172596 , 690227
-116634 , 38939.7 , -609186
-804176 , -318182 , 160504
278569 , 502759 , -580084
164926 , -611213 , -289332
-745679 , -891876 , -66604.2
-196371 , -267969 , 272772
1.06464e+06 , 30194.5 , 186083
-39536 , -671083 , 660701
-591352 , -986302 , 434640
155652 , -660737 , -140322
452693 , 336919 , -440814
-485118 , -141044 , 664518
389386 , -498462 , -537326
-181099 , -21000.7 , 773486
-76597 , 301453 , 497982
-147520 , -22057.2 , 751774
-681158 , -583326 , 337289
-80771.1 , 247408 , 162888
-347364 , 293919 , 472524
-712777 , 329261 , -59615.2
-321912 , 40874.2 , 424415
188230 , -77674.2 , -319528
-410330 , -846674 , 129470
494074 , 134521 , 758790
13902.2 , -203449 , 250190
885278 , 141718 , 107287
353704 , -654622 , 547082
225193 , -69586.8 , -193076
-92956.7 , 782294 , 273200
-155821 , 75929.6 , 131312
-213814 , -647484 , 648839
-255878 , -154978 , 205431
-297777 , -553704 , -200785
97088.3 , 161424 , 910930
-64444.3 , -158563 , 254885
-259294 , -390090 , -404811
-776193 , -346396 , 481922
90565.9 , -330568 , 806226
-455821 , -82787.3 , 609419
-236235 , 167493 , 21905.9
837961 , 619895 , 95272.5
-691899 , -526140 , -666299
589938 , 556168 , -81549.2
115646 , -82454.4 , 517910
-506709 , -391525 , 171396
261356 , -272993 , 654777
268296 , -244273 , -495050
-1.13514e+06 , -174819 , -308407
-100895 , -305878 , -682363
104197 , 272132 , 565357
482634 , -174251 , -343553
-744436 , 610349 , 40999
281229 , 546838 , 583976
-261037 , -56196.5 , 424099
84820 , 237492 , 1.0792e+06
44253.6 , -1.10198e+06 , 50425.4
496833 , 202710 , -499130
-455998 , -994155 , -204905
-279745 , -734556 , -855307
-603042 , 293465 , -532873
-380969 , -500468 , -353213
-130893 , -510037 , -905649
253930 , -144906 , -244651
330324 , -842309 , -99199.8
-874995 , 12322.8 , -345758
361270 , 760813 , -239309
536333 , 315750 , -296384
35126.7 , 148182 , 701493
-128855 , 835714 , 233586
-241736 , -476701 , 719924
381244 , -94590.2 , 13924.3
-217535 , -987719 , 260450
-198106 , 427548 , 181474
-279611 , 557592 , -811901
705126 , 219918 , 591266
346372 , 243221 , -474415
-173925 , 266402 , -198075
85883 , 136219 , 1.11944e+06
394276 , -472992 , 499794
219901 , -24754 , -170729
-449367 , -596351 , 321951
610248 , -143055 , -694587
289420 , 113525 , 33297.3
427806 , 399360 , 479959
-740762 , 228886 , 731046
52163.2 , -753457 , -784199
-283703 , -468850 , 1.04334e+06
-182660 , -461782 , -536177
294454 , 545288 , -13353
753943 , 462967 , 46067.6
876289 , -807226 , 196540
372946 , -153545 , 1.17869e+06
-489688 , 525061 , -518573
-48431 , 8809.05 , 829787
36561.3 , 308461 , -396999
557066 , 570743 , -277991
-283755 , 1.08363e+06 , 61912
353749 , 216638 , -442613
-377031 , 322426 , -623309
-606846 , -1.07816e+06 , 364579
90053.1 , -732091 , 416018
42776.6 , 111854 , -114302
-134967 , 8884.91 , -227664
228251 , -314897 , 59061.5
-127812 , 361717 , 643415
65905.2 , -184911 , -258560
873216 , 544759 , -196687
-611241 , 514885 , 76072.2
362038 , -272874 , -188383
-29381.2 , 5353.47 , -133488
309325 , 694065 , 181236
228215 , 519168 , 293563
607970 , 386073 , -475160
543368 , -133421 , 158292
-90865 , 855844 , -139483
-392026 , 970695 , -130643
-352292 , -67983.1 , 697176
-649598 , -433738 , 287359
-555128 , -416764 , 339768
-637853 , -659650 , -442938
-325892 , 799088 , -121982
792580 , 582482 , -650253
227529 , 290297 , -188652
653746 , -491307 , -46368.4
-614939 , 98961.6 , 138973
-378796 , -734174 , -154335
615938 , -164425 , 35552.2
-705859 , 543363 , -448518
665823 , 279458 , -131116
-303952 , -237159 , -41926.5
241466 , -70271.4 , -356921
874597 , 218678 , -41847.3
-84519.7 , 547585 , -121151
484934 , -685102 , -293421
396090 , -403226 , -820966
396702 , -166891 , -201198
-826664 , -504508 , -139704
-199390 , -246735 , 487695
253870 , -307183 , -681655
176252 , 158344 , 343593
-439392 , -33545.7 , -842222
301653 , -196557 , 702673
255177 , 540355 , -857688
-159770 , 698755 , -218945
55277 , -594830 , 494318
-105875 , 80765.2 , -572441
259970 , -190107 , 432048
676521 , -82751.5 , 347883
-580871 , 649639 , 172433
-550959 , -225608 , 484259
-222279 , -20325.9 , 612094
-909711 , -526567 , -260014
356411 , 98878.2 , -536640
-205998 , -214648 , -720869
291352 , -559958 , -520132
-212537 , -1.02761e+06 , 125115
-377241 , -642717 , 305276
-520939 , -127553 , 873440
103895 , 314864 , -567520
472066 , 411133 , -909468
-36738.2 , -521876 , 231240
-466513 , -971561 , 48507.3
-752514 , -38924.4 , 184346
739949 , 261765 , -297968
-427154 , 381073 , 785294
677457 , 373681 , -187552
428464 , 201390 , 241469
-167189 , -773394 , 210636
466711 , 682334 , 37744.4
46135.6 , 43895.8 , 393500
-448804 , -682213 , 586935
-475262 , 493482 , 17906.1
404786 , 43548.3 , 1.01713e+06
121190 , -443898 , -104789
-645919 , -94623.5 , -890685
-19589.4 , -110298 , 181236
-593215 , -321006 , 730395
-411685 , -157727 , 916104
-384547 , 578231 , 415422
-950290 , -771490 , -28686.3
-125214 , 232148 , 749863
-551409 , 611802 , 181553
547933 , 58180.9 , -617388
19337.3 , 604496 , 389951
529342 , -143033 , -76142.7
-921008 , -620703 , 105443
10563 , -388218 , 146759
-188664 , -273700 , -712916
-139633 , 546356 , 182813
962086 , -346836 , 168804
571641 , 554145 , 57809.5
-396453 , 137848 , -584754
62100.9 , -581963 , 336578
178590 , 261065 , -725262
-148471 , 255666 , 940459
29179.3 , -321860 , -752815
540602 , 1.06692e+06 , 108709
-597493 , 161539 , -582678
502533 , 305728 , 590398
-349545 , -45052.9 , 362186
-455929 , 29453.3 , -342754
92163.5 , -556903 , -558039
812816 , -532904 , 284186
810356 , 691705 , 290601
-287585 , 47473.4 , 207175
-169303 , 47274.4 , 854856
-197578 , 621134 , 707361
491181 , -520118 , 794499
577124 , 332754 , 138543
518121 , 541135 , -253025
-352790 , 102537 , 291206
-253035 , -137762 , 16251.5
49906.8 , 44516.2 , -174605
-70337.4 , -517354 , 386382
-118344 , 561570 , -331393
17669 , 728716 , 639270
-485135 , -486345 , -168055
-448717 , 74243.9 , -339774
569214 , -633939 , -218128
-455556 , -175041 , -812611
-539155 , 661690 , -293591
-81171.3 , 31561.3 , 134124
942443 , -332041 , -491503
-677042 , 272743 , 816101
45975.7 , -316782 , 120365
53971.5 , -228333 , -71539.9
-292459 , -752108 , 463893
153270 , 431791 , 556114
323759 , 214271 , 606843
499615 , 464738 , -305321
445944 , -306114 , 288806
-233565 , -860280 , -93061.8
-68660.3 , 828578 , 80659.9
331753 , 252980 , -893255
252144 , 376274 , 771082
143755 , -160386 , -499115
-230060 , 407802 , 448883
672914 , 5589.65 , -143546
-143738 , 280865 , 695872
6571.42 , -139657 , 923643
-777083 , 396696 , 323289
-153766 , 125086 , 450986
-63982.9 , -21445.5 , -666305
-93830 , -224480 , -434934
-219628 , -367344 , -164735
127427 , 316530 , 566530
44985.4 , 591608 , 164834
-178389 , -1.05756e+06 , -62469.6
-648286 , 237655 , 245062
-301519 , 390520 , -164130
95905.2 , 388664 , -392599
12156.5 , -66977.7 , -191182
-470097 , 844480 , 643825
-264928 , -183543 , 10992.1
-430155 , 852041 , -175683
-513747 , -578541 , 14573.8
921242 , -290156 , 232264
374876 , 80.062 , -337152
-784934 , 350701 , -208018
-644011 , -582122 , -517454
321376 , -288657 , 1.29913e+06
-712051 , -46273.8 , 540581
367872 , -215142 , -173317
-13722.3 , 568389 , 150521
21854.1 , 730141 , 311398
47057.8 , -397934 , 487110
-150188 , -177683 , 206392
435029 , 531530 , -609603
-7529.92 , 359577 , 418721
87263.9 , -524786 , 92225.3
-485632 , 10453.7 , -234627
136179 , -679664 , 212792
143978 , 597120 , -75917.7
-50974.1 , -1.00832e+06 , 715087
-10647.5 , -708491 , -183626
-759391 , 366410 , 131043
753515 , 296823 , -776390
-471122 , 363883 , -320935
85237.2 , 320486 , -347730
-271330 , -173148 , 674179
-318744 , -129423 , 13603.7
-169465 , 351303 , 451487
156152 , -573601 , 1.01848e+06
163616 , 384913 , 331698
-549697 , -10127.5 , -190078
42321.5 , -185309 , 412399
-370703 , -32650.6 , 107468
-789347 , 396993 , -24149.8
-170977 , 75861.7 , 55276.3
-180716 , -513283 , 222960
375314 , 56611.7 , -185439
-729300 , -135826 , 374108
-426587 , -483936 , 119982
426921 , -462828 , 227349
-244383 , 1.00499e+06 , -273327
41698.9 , -696097 , 436309
-155446 , -339353 , 910491
-527723 , -92092.5 , -678901
227573 , 297299 , -362001
-324774 , -434318 , 104400
428115 , 226150 , 352305
304403 , 462969 , 622008
358196 , -323999 , 73727.4
-355520 , -825874 , 309272
-15497.9 , -618602 , 402725
1.03118e+06 , -266875 , -449767
-62204.6 , 430429 , 236739
505290 , -298915 , -190567
484979 , -410584 , 770059
-100667 , -175198 , 842973
-568979 , -446035 , -169993
-257316 , 608501 , -177782
-289451 , -610607 , 529629
-530803 , -102610 , -885251
535624 , -180910 , -408758
658559 , 23332.2 , 578349
-46697.5 , 703438 , 7451.54
-542807 , 426483 , 368344
-37368.5 , 527231 , -179762
654438 , 399914 , 372912
191902 , 173122 , 685105
-1.16691e+06 , 174638 , 375658
113913 , -212851 , 726432
-687069 , -9346.08 , 166637
825713 , 417095 , -279457
755326 , 519749 , -176439
395148 , -356588 , -524773
-1.08026e+06 , 207039 , 85993.3
494262 , 101253 , 243275
77666.1 , -397113 , -215842
479867 , 15744.3 , -208333
90504.5 , 47149.7 , 551519
137685 , 36393.4 , 703117
230956 , -271643 , 690923
-69963.9 , 84417.5 , -54649.7
-340746 , -228405 , -423883
-71863.7 , -417353 , 916919
-104159 , -184191 , -708474
-378756 , 55600 , 297250
191862 , -582616 , -149563
632494 , -334907 , 101964
-34539 , 559012 , 1.03773e+06
96683.8 , -49196.4 , 243878
-677134 , -85786.9 , 785686
635708 , -166714 , -669571
482924 , -281417 , 97192.7
-521072 , 59879.4 , 267307
-753361 , -616312 , -581733
-543236 , 570751 , -46253
202010 , 53546.8 , 874435
-356014 , 204688 , 31120
635059 , 40051.5 , 1.113e+06
-194965 , 10546.9 , -726910
318978 , -207537 , 125883
-1.04078e+06 , 35279 , -157965
114328 , -600982 , 570906
117072 , -541074 , 185188
-118074 , 160714 , 806649
424225 , -190382 , 559631
419182 , 710072 , -592484
93044.5 , -84520.5 , 514623
-600068 , 826908 , -46469.9
-551676 , 72055.2 , 857996
1.06724e+06 , 329739 , -68710.9
-385873 , -451609 , -207310
-266224 , 270211 , -525134
-37500.1 , -820185 , 747564
482858 , 178488 , 679387
89060.9 , 598517 , 200179
-273723 , -430389 , -668894
538405 , 434720 , 1762.24
-603249 , 557105 , 22466.6
8828.75 , -186958 , 453279
-726180 , 300859 , 39864
-736998 , -417587 , 61558.1
156288 , 122969 , -356489
676137 , 573870 , -2982.21
427124 , 1.08114e+06 , -357510
431654 , 488328 , -451118
-312656 , 959317 , 74293.9
103785 , -339474 , -618636
497031 , -402351 , 315322
803690 , 537891 , -72043.4
294071 , -272859 , 181964
423500 , -102301 , 393506
-424748 , 247975 , 421951
150494 , -228137 , 49519.8
-607186 , -468195 , 325594
663010 , 284013 , -389290
-419529 , 682332 , -14194
303650 , -640303 , 424108
-44164.2 , -107009 , -471745
-125311 , 322544 , -346222
942084 , 239459 , -213270
278745 , 279710 , 94735.9
242783 , 669625 , -273478
237120 , 390289 , -435787
629227 , 390467 , 51512.7
371004 , 931290 , -127878
740207 , -392357 , -266656
-935653 , 276871 , -403220
-347537 , -1.20985e+06 , -266109
-644801 , 96318.8 , 848176
-46568.3 , 414848 , 26488.6
124037 , -469831 , -156865
-47953.4 , 297558 , 337256
-272553 , -389905 , -65937.4
942709 , -163786 , 27239.9
774638 , -48628.8 , -428613
81948.3 , 212058 , 661879
-451446 , -185682 , 211153
-723597 , -544647 , 324854
262708 , -74036.4 , -169239
-102762 , 27614.6 , 131340
51372.2 , -616092 , 42055.2
296485 , 92347.3 , -648980
-1.05129e+06 , -390269 , 301248
-149758 , -508932 , 501153
-682332 , -259162 , 200927
-538972 , -344789 , 145065
-281000 , -526586 , -276123
-171937 , -515853 , 327301
-39882.7 , -289760 , -134835
-579383 , 67169.7 , 448600
658408 , 574686 , 430107
-159605 , -31377.2 , -246893
553345 , 585607 , -213828
-77385.6 , -749543 , -354038
-968623 , -96352.6 , 27943.9
984338 , 184381 , -254615
-403634 , -94178.3 , -392048
-477696 , 438644 , 911798
305606 , -307669 , 177315
401075 , 24042.8 , 852127
469832 , 13007.3 , -627538
-410706 , -707170 , -456314
-190256 , -60167.2 , 595389
-86483.1 , 85790.1 , 352290
260115 , -11321.9 , 98417
405363 , -188015 , 554554
556043 , -244982 , -531253
-30345.9 , 38884.8 , -628621
-408664 , 404141 , -473798
-281096 , -748587 , -136746
425424 , -1.0738e+06 , 327850
-196689 , -130032 , 403117
655656 , 842081 , 255274
245277 , 905429 , -618899
-423850 , 166269 , 929402
407341 , 547882 , 25624.9
107185 , -367149 , -168342
-347195 , -510670 , 692770
-606516 , -360601 , 556356
562023 , 236671 , 358082
772834 , -314751 , 570710
-564109 , 296045 , 502925
-414828 , 148603 , 217247
-590539 , 302553 , -87228.5
320453 , -588565 , 130637
178608 , -127037 , 17728.5
-198431 , 37428.9 , -122595
224027 , -68991.3 , 707899
-49483.3 , -224390 , 312997
-12670.9 , 445979 , 698288
-537693 , 459360 , -43669.6
321772 , 22315.3 , -383327
199833 , 29141.9 , -23865.1
-432852 , -261400 , -518988
-128797 , 125415 , 258180
-453650 , -1.03051e+06 , -125042
94080.6 , 204401 , 216892
177241 , -460580 , 327458
668697 , -152502 , 623674
-473171 , -673208 , 311655
-422969 , 146779 , 255164
-291097 , -248566 , 296231
377842 , -590325 , 379350
-601141 , -647122 , 29930
35428.7 , 161861 , -756695
550846 , 252544 , 500032
913533 , 313322 , -459156
126416 , -288766 , 345188
-738180 , -819370 , 508683
678116 , 114415 , -19752.2
-530500 , -729992 , 577433
158523 , -501635 , 458077
371570 , -273054 , -82236.4
-359497 , 52238.7 , 70433
-178338 , 55767.3 , -37607.5
-497031 , 742309 , 300691
-807746 , 658942 , -394092
922889 , -481185 , -107173
530467 , 183542 , 376285
-58264.8 , -710213 , -505491
-595975 , -428925 , -217829
-243925 , -430663 , 239291
715959 , -166012 , -887296
244447 , 236808 , 532201
-349560 , 25930.7 , 113516
-603081 , -375616 , 336669
-789973 , -423725 , 15461.6
-195139 , 619272 , -351261
-240984 , -42819.2 , 757984
227077 , -96259.2 , -316418
-585256 , -118860 , -760814
177569 , -125654 , 623355
-317925 , -158198 , 129582
-179858 , -497832 , -144862
-628856 , 584422 , -521912
356843 , -578909 , 491160
450304 , -66672.6 , 382136
-825666 , 102412 , -36980.9
-760116 , 163218 , 208199
-360857 , 26110.5 , -635926
97042.7 , 467646 , 668833
-763206 , -32639.6 , 746800
103909 , -766183 , -485266
773703 , -726783 , 52862.1
-360554 , 192090 , -73507.1
-101285 , -570748 , 413284
688161 , 835136 , 9209.84
126032 , -205446 , -344174
-163185 , -586279 , 836759
889009 , 402802 , 185834
285589 , 662425 , -25734.5
197767 , -934962 , 23734.3
-37380 , 882987 , 740296
359858 , 661124 , -340793
223163 , 524021 , 34956.1
686817 , -343189 , -145075
689578 , -149922 , 687892
-60520 , -358961 , 27077.5
141218 , 478025 , 512884
236945 , 550907 , -745337
-900817 , -182866 , -123608
-703940 , 759246 , -91098.6
246853 , 582503 , -576953
15238.2 , 46701.1 , -168110
-198460 , 250137 , -572557
-389381 , -232033 , -1.13793e+06
112968 , -729087 , 585397
151945 , 661254 , 252070
-47555.2 , 176613 , 932505
251037 , 358304 , 141661
542212 , 597169 , -178735
89107.8 , 399618 , 446743
-140589 , -746262 , -462304
-448520 , -504534 , 825180
621482 , 4262.15 , 535144
127044 , -857678 , 579696
471723 , -166070 , 763843
-452830 , -401172 , 235371
132090 , 388522 , 679432
-134481 , -156101 , 164059
386532 , -565064 , 212412
524428 , -133886 , 230723
171569 , -926749 , 803526
429826 , 360402 , -162196
-177682 , -23139.6 , 80102.6
-140657 , 246591 , 759706
-407617 , -945298 , 6134.23
-195772 , -129484 , -929647
156100 , 934805 , 278671
-319644 , 194577 , 63631.6
-91090.7 , 785815 , -195196
-206101 , 507643 , 826906
-513187 , -221478 , 348370
67136.7 , 32135.3 , 979111
689768 , -355206 , 369433
-539761 , 150451 , -86962
177846 , -293433 , -983073
311033 , 346703 , 571727
-253470 , 290020 , -682629
-292322 , -824172 , -396616
283798 , 131617 , -68905.2
654848 , 551059 , 232507
437580 , -424715 , -582255
-575254 , 261946 , 330443
-116526 , 425172 , 136485
-373075 , -562307 , 67741.6
-612087 , -697641 , 587541
355273 , -496411 , -539791
237223 , -588381 , -525110
182799 , 541647 , 703558
-289787 , -788791 , -591024
629186 , -493993 , 601086
552641 , 216165 , -7860.63
16151.3 , 242883 , 340199
-131088 , -619513 , 624695
-319660 , 568915 , -486902
-634770 , 921529 , 413185
-211602 , -181264 , -237965
210489 , -435508 , -108080
-471263 , 464966 , -1.02136e+06
-384364 , 70495.4 , 616829
968322 , -135920 , -74506.5
112330 , 457082 , 657684
575387 , 104963 , 396357
-438352 , 631211 , -247866
-942097 , -186505 , 318543
435968 , -246022 , 819094
-680748 , -643336 , -400538
-336672 , -170250 , 502482
-278474 , 383770 , 351601
-17935.4 , 688820 , 281896
-99947.6 , 698596 , 242057
3078.74 , 611578 , -335990
-489826 , 81723.6 , -183489
491729 , -425227 , 449562
66403.8 , -79256.8 , 524517
-130236 , -408458 , 245781
-479025 , 129551 , 645243
-75104.5 , -15677.8 , 140892
-610819 , 38839.4 , 886991
366193 , -457356 , 119515
-498960 , 319783 , 327565
25712 , -124648 , 904071
430025 , 406328 , 476920
-394168 , 956424 , -270685
381238 , 33348.4 , 198686
5612.81 , -397581 , 548938
298721 , -66679.7 , 901003
-453519 , 144419 , -793494
667883 , -22138 , 553679
119388 , 313481 , 273549
234156 , -693193 , 580769
-520997 , -17115.8 , 320715
-332443 , 383656 , 441903
-364722 , 858035 , 350646
-443770 , 711464 , 716300
-914518 , -646386 , -509628
-387150 , 120788 , -59919.7
-123151 , 788541 , -511016
113664 , -214728 , -94133.4
90024.9 , -193904 , 363169
69667.3 , -449208 , -384422
620179 , -328384 , 143118
305598 , -272142 , -1.12339e+06
-342573 , 70760.7 , -426373
713044 , 571624 , -82251.9
-268451 , -220796 , 541749
-184874 , 152931 , -238324
374362 , 175742 , 1550.95
388247 , 884525 , -315186
834395 , 129286 , -117422
-562933 , -291046 , -938021
-145324 , 617798 , -794838
-304729 , -629824 , 437009
449253 , 182060 , -592854
378284 , -314062 , -415008
155222 , -251445 , -972081
396304 , 91942.2 , 1.03355e+06
-490557 , -987557 , 56224.7
718415 , -28222.2 , 293260
498533 , 393079 , 557218
-137850 , -593446 , -335824
40128.3 , 124138 , -618656
802149 , 344819 , 10226.2
535018 , 73578.4 , 309940
10668.5 , 385786 , -325869
471623 , 629500 , -383819
829789 , 551181 , 506529
-991884 , 186745 , 44643.7
372512 , 626656 , -664042
-817126 , 512816 , 400300
-112226 , 151974 , -588698
-421361 , -434771 , -164149
-274259 , -644032 , -488020
375196 , 270277 , -774264
80167.8 , 488742 , -252746
121245 , 331147 , 186536
-31857.1 , -277791 , -876082
352628 , 68169 , -121992
-65671.5 , -182887 , 380264
-724925 , -50409.8 , -311691
566803 , 184050 , -181967
-86099.2 , -705638 , -395465
-41091 , -948516 , -535931
74419.2 , -410539 , -296060
-498460 , -889714 , -642792
-194488 , 867028 , -278008
168884 , -39684.9 , 783.458
749575 , -679404 , -148914
-117057 , -680223 , 481776
452116 , -323998 , 496641
325318 , 453933 , -72542.7
-79915.8 , -585297 , 373567
540343 , 414295 , -33792.1
-371190 , 437682 , 287942
-601503 , -198442 , 176987
-414061 , -609643 , 21876.1
-340280 , 771962 , -213942
-221292 , 162794 , 302020
216597 , -41643.7 , -643409
-175010 , 219042 , -286727
26692.8 , -39520.3 , -535622
410793 , 332474 , 192500
-234844 , -597415 , 394775
-207504 , -775171 , -228529
-651304 , -296594 , -434498
-677949 , -417935 , 795344
340247 , -397528 , 827187
155128 , -589228 , -495098
73768.1 , -498913 , -343237
-710439 , -224638 , 862914
234657 , 410719 , 76912
847455 , -12760.8 , -128977
133782 , -411025 , -26601.2
140170 , 849787 , -790954
66777.6 , 345447 , 151749
-104771 , -531460 , -522900
-443268 , 179527 , 694901
755404 , -328558 , -436376
46689.8 , 119057 , -451913
-366894 , -160855 , 670343
453013 , 82710.5 , 405751
-367990 , -450229 , 962822
361278 , -757526 , 440381
-194135 , 138888 , 228587
311810 , 189758 , -609360
-54358.5 , -171842 , 173835
-426736 , 124727 , -343592
312107 , -248905 , 742952
-561977 , 127900 , 579608
582191 , -162383 , -455548
-800384 , 130311 , 51740.2
-18957.6 , -224020 , 966202
830730 , -677328 , 133189
-122293 , -301376 , 6566.91
-691775 , -105026 , 184334
-496530 , 29768.8 , -226862
997615 , 41326.5 , -330132
594206 , -514564 , -606289
409320 , 534598 , 413435
-813812 , -547737 , -164300
489346 , 846873 , 308603
-24239.6 , -82297.3 , -376086
403098 , 177174 , 268267
201470 , 704853 , -67317.2
491864 , -391191 , 206727
30707.4 , -572517 , -249875
-592357 , 144248 , 567616
1.1088e+06 , -321321 , -45943.6
101877 , -173021 , -432952
-39626.3 , 177706 , 752154
-459273 , -252611 , 630213
-858597 , 620052 , 166505
144854 , -273982 , 928744
-264230 , 396640 , -466277
385342 , -653874 , 533896
-124315 , 540870 , 707933
-363911 , -837541 , 231643
-418475 , 931650 , -93318.4
415850 , 283787 , -2172.23
-464661 , -417836 , 1.1008e+06
309518 , 823871 , 416217
50110.6 , 4022.96 , 1.01607e+06
227188 , -416734 , 900992
-779919 , -214117 , 230912
-645989 , -857420 , -688202
492589 , -325527 , 910718
662555 , 727.46 , -209063
246801 , 186973 , 223817
-455256 , 545355 , 569945
-452837 , 954872 , 129996
671691 , -6026.97 , 424470
-1.12153e+06 , -73311.7 , 389828
706718 , -519619 , 924214
-379981 , -1.07824e+06 , 16688.8
-407384 , 453114 , 252809
-99850.9 , -1.15083e+06 , 96021.7
199127 , -1.19957e+06 , 243816
-1.02228e+06 , -21170.7 , -14379.5
362307 , 673115 , 699.847
139037 , -228776 , -182166
600930 , -178795 , 372901
-247391 , 155630 , 410636
-412097 , 254063 , 472859
332361 , 156262 , 793109
248716 , -360390 , 651130
919967 , 257379 , 43811.4
-18289.3 , -290918 , -786565
258116 , -1.02712e+06 , 241277
-206858 , 581719 , -191338
393389 , 140942 , -66815.3
-184583 , 278280 , -847598
-422300 , 108043 , -532206
-792232 , -870376 , 337919
-793682 , -10301.1 , -656147
-110527 , 1.02204e+06 , 491659
-74103.9 , 308282 , -747374
-62632.9 , -646687 , -157156
22291.8 , 535950 , -322834
830077 , -224120 , 211569
160928 , -304116 , 776418
-475884 , -380312 , -91565.8
300084 , 80735.3 , 981784
-78272.5 , 27459.1 , -622910
-319288 , -162281 , 801586
715305 , -158533 , 838483
-597276 , 458205 , -38088.4
172066 , -649562 , 319666
-352543 , 272348 , 426051
158415 , -384962 , -564614
782529 , -71844 , 328151
-232480 , -71959.3 , 227336
391417 , 504931 , 39038.5
-94614.8 , -41717.3 , -361884
60149.5 , 94549.5 , -409785
792666 , 230992 , 293723
105164 , 533705 , 1.14636e+06
522832 , 179537 , 998415
-159612 , -409890 , 439728
-286322 , -446030 , 336548
361530 , 459603 , -339230
334125 , -604361 , 89514.3
349255 , -650142 , -454003
-140233 , -721463 , 438252
692559 , 60247.7 , 64861.2
-204112 , 81739 , -385066
-730171 , -441320 , -398799
206623 , -271537 , -880503
-24701.9 , -456794 , 240777
229117 , 396131 , 271814
-68272.1 , 291680 , 141056
-536566 , 117361 , 53945.5
-638990 , -294307 , 319204
461285 , -317061 , -653239
-988026 , 278061 , -42626.9
90619.8 , -804944 , 439532
-152048 , 22573 , 678688
629780 , -210873 , -145847
196775 , -407660 , 50165.3
-30839.4 , -660564 , 276117
-76600 , -177602 , 73779.1
-731055 , -29805.3 , 616321
309153 , 847371 , -309240
300716 , 709707 , -644225
-407695 , -452171 , -96158.2
-182778 , -482286 , 189629
-161668 , 759816 , -78954.5
95774.3 , -466308 , -28936.6
431491 , 63205.7 , 337914
408545 , -68407.4 , -333976
577719 , 235679 , -16195.1
482861 , 154796 , -562775
151658 , 642208 , 287748
-650676 , 474940 , -546544
208070 , 398538 , -716337
580797 , 177794 , 317209
-594795 , 103418 , -70541.8
-441218 , 558838 , -257565
454723 , -787021 , -217906
-19480.4 , -189399 , 468594
-160291 , 175212 , -273772
67722.6 , 831171 , 21197
-37838.6 , 142527 , 64729.3
437656 , 426290 , 647246
-327115 , -647522 , 272352
-151456 , 292610 , -553083
775764 , 84579.5 , 111182
-1.25703e+06 , 211331 , 128815
471100 , 104109 , -563845
-432159 , -306386 , 739172
-671162 , 570753 , -355654
-351958 , -426225 , -130136
-341331 , -372191 , 466379
-115820 , -988552 , 542233
-31782.8 , 869099 , 667325
-452279 , 13285 , 342511
628048 , 416030 , 7696.62
111879 , 275340 , -375399
403508 , 362407 , 485161
-633198 , 99930 , -151529
415889 , -240718 , 346700
34130 , -346675 , -72744.8
782975 , 339527 , -119177
223818 , 182178 , 252402
420921 , 26613.3 , 142066
358285 , -613311 , 750542
-752135 , -274672 , -342836
173030 , 874192 , 212188
367733 , -488895 , 631893
148944 , -446404 , 447018
602640 , -346108 , 581772
249091 , 119684 , 116466
322279 , -616975 , -715982
-306338 , -238045 , 356805
-838431 , -27429.8 , 568181
-487225 , 172321 , 731081
-202642 , -322150 , -278675
491160 , -396809 , -453873
371507 , -10464 , -905649
-471224 , -107773 , -512218
-604572 , -243688 , 229773
-240102 , 65941.4 , -341820
473963 , 332448 , 359432
46923.8 , 1.09969e+06 , -170268
505439 , 312859 , -100674
-769813 , 382577 , 664957
261409 , 579097 , 440764
-164163 , -706338 , 267156
338155 , -503871 , -257392
-718028 , 432653 , 648889
402622 , 479200 , 684426
769589 , 34215 , 179275
-277637 , -320499 , 619819
642622 , -459211 , 164684
-345164 , 311702 , 436381
260751 , -76396.3 , -472300
-16099.6 , 358643 , -231703
253135 , 408668 , -882363
-14962.8 , -726721 , -121706
928151 , 366671 , -507215
195285 , 568149 , 622626
72837.5 , -434453 , 202325
957483 , 156296 , 276357
326416 , 801931 , -301291
475360 , -673369 , 511108
234616 , -59682.9 , 740937
-335985 , 789659 , -282063
-371822 , -348027 , -459463
294018 , 442264 , 242616
681880 , 78865.1 , 264577
136965 , -119628 , -78421.3
-347760 , 117355 , 910943
190646 , 599997 , 571347
-49507.9 , 638750 , -456991
163022 , -638026 , 780305
-423335 , -282936 , 1.16077e+06
-429485 , 342625 , 184457
-803927 , 85171.8 , -8497.38
-42439 , -456390 , 603599
-295099 , 458568 , -380551
258971 , 496188 , 430493
529967 , -388044 , 4413.89
491220 , 119553 , 425891
-576434 , -568193 , 491650
450788 , 570245 , 70282.6
285886 , -454329 , -236314
-646313 , -333906 , -18663.2
285408 , 209029 , 557346
236494 , -567157 , 313895
150313 , -526932 , 170186
101587 , -88921.8 , 601225
577784 , -3691.09 , 432655
538564 , 691244 , 57187.6
371699 , 58700 , 335085
-120509 , -444878 , 708154
-552802 , 636477 , 484517
600124 , 377782 , -2245.53
712955 , -278506 , -464655
-182143 , -696269 , 31969.4
45061 , 89500.5 , -577638
-496353 , -23386.5 , -476207
-455951 , -420537 , 885026
354752 , 1.20636e+06 , -267904
-117471 , 290658 , 33019.8
88825 , -76376.7 , -494252
-296753 , -280724 , 418607
369615 , 58141.6 , 500862
643147 , 265541 , -154619
-217522 , -36181.7 , 856961
-854880 , -143360 , 365121
467413 , 457360 , -132281
-412227 , -25748 , 113684
880378 , -130920 , -22021.6
-471036 , -505821 , 152863
287700 , -49011.5 , -583388
-198920 , 38151.6 , -790727
-249508 , 528328 , 318396
27061.3 , 147411 , -930713
-1.00176e+06 , 128550 , -58556.6
-499729 , -369709 , -541302
311012 , -330665 , 531234
-132522 , -231180 , 527446
607047 , -615396 , 430572
-120700 , -1.00728e+06 , -83617.5
20201.1 , 632873 , 425745
-658070 , -443412 , 148193
-572261 , 337018 , -562969
129134 , 461787 , -335288
85735.6 , 695092 , -317545
35534.7 , 164663 , 284662
682031 , 337722 , 775493
-136054 , 71457.7 , 146045
-606852 , 9190 , 181807
803610 , 154445 , 264466
599057 , 401216 , -195248
-163803 , 391326 , 660152
773890 , 506941 , -430954
-76352.8 , -92838.9 , -391345
258286 , -591981 , -377443
-133503 , 35192.2 , -511200
-69635.6 , 89548.1 , 206362
-198922 , 147460 , 59780.5
-716810 , 128775 , 522451
-100582 , 423950 , -148068
107120 , -172811 , 617615
394661 , -88314.3 , -1.06194e+06
-528214 , 924489 , 202476
582559 , 459841 , -745510
64024.8 , -325090 , -50263.3
286631 , 47408.4 , -359035
353019 , 338933 , -411117
16854.1 , -583789 , -96307
-289387 , -371271 , 304414
5149.92 , 383751 , -401987
-656407 , 394022 , -278397
60698.5 , -975872 , -368802
-227382 , -472926 , 906266
64413.6 , 409629 , -218561
-64653.2 , 268442 , 346875
-882495 , 54745.1 , 29997.9
-98988 , -366736 , 610902
312491 , 353654 , -32794.7
-59883.3 , 471911 , 570026
-43988.6 , -588144 , -157289
207252 , -194016 , 1.10227e+06
-233667 , 62233.6 , -576266
436637 , 41769.5 , 553065
313708 , 907524 , 396439
-534907 , -122411 , -361181
190561 , 600569 , -56263
101288 , -268466 , -653814
-204271 , 245778 , 19592.8
355525 , 132750 , -107064
-182131 , -31270 , 397101
339630 , 219585 , 146597
45546.2 , -249010 , 101634
-834896 , -396671 , 115161
-224895 , -987540 , 478584
-297912 , -782837 , -859822
-367684 , 188863 , -46368.8
140922 , -45069.5 , 448326
421646 , 13662.6 , -279309
580229 , 146076 , 537252
-692376 , -191820 , -328380
348454 , 151634 , 392637
331258 , 120236 , 436208
-115989 , 42044.5 , 19601.2
-341980 , -383151 , 470344
-368186 , 135812 , -909737
412195 , -179393 , -497316
649387 , 187106 , 529765
658271 , 315111 , -131416
797400 , -156045 , -562868
40605.7 , 328230 , -274010
116110 , -415551 , 233887
-57849.3 , -360022 , 670297
475140 , -194080 , 916369
686028 , -452261 , -184533
229034 , 197757 , 504844
86605.2 , -5091.38 , 125085
291641 , -496704 , 4933.42
227870 , -52972.4 , 479675
-473239 , 309652 , -240457
493391 , -22518.6 , -490695
-428703 , -265558 , -77260.3
-482621 , -433881 , -277591
93168.7 , -105332 , 124709
-662991 , 533925 , 375385
-56446 , 314305 , 1.04683e+06
789350 , 78414.1 , -456450
864810 , 101332 , -336307
977256 , -147886 , 548517
841079 , 171287 , -664139
-318884 , -424398 , 745260
-486646 , -157089 , -96171.5
141491 , 793893 , 133707
145405 , 453673 , -23507.5
-442525 , 415475 , -773.944
321405 , 380862 , 341262
625625 , -442166 , 145462
-138935 , 454696 , 631285
-430769 , -386747 , -754426
4885.45 , -125764 , -161724
605150 , -206019 , 217362
-257154 , 456694 , 127768
370972 , 285274 , -712924
27429.9 , 409259 , 340914
-72535.7 , -511453 , 356555
-510311 , -59252 , 456488
1.00837e+06 , -173523 , 27751.5
-186812 , 43406.4 , 947653
-787416 , 30777.1 , -107567
525905 , -338183 , -404710
223750 , 76249.9 , -865993
200789 , -574673 , 235828
571595 , -44976.1 , -83481.8
-97393.1 , 294171 , 685910
-202483 , -552392 , -404104
179913 , -662250 , 141890
-208123 , 457377 , -902384
-251144 , -88252.5 , 73489.9
863540 , 222031 , 338189
278357 , 162891 , 93233.1
-114973 , -48016.5 , 364749
577062 , -143888 , 593284
-372741 , 501303 , -145390
29673.3 , -568914 , -460814
-102065 , -551914 , -419059
-66364.9 , -482754 , -59128.6
442579 , -12281.4 , -524995
-91788.5 , -534724 , 77092.7
-708162 , 347120 , -326521
-611326 , 736191 , 536998
-9363.27 , -292487 , 72513.6
-348888 , -274034 , -525690
81337.6 , -846595 , 317917
-688723 , 328069 , -494858
-546247 , -354849 , 502764
-228659 , 519510 , 96393.7
260616 , 353514 , 52811.9
202081 , 274934 , -622403
765041 , -102883 , 525711
291468 , 267864 , -551793
65181 , 101321 , -617589
-419505 , 822831 , 306517
167495 , -298084 , 323905
-39306.7 , 830996 , -421014
-765453 , 156295 , -7828.9
-232467 , 258700 , 154350
249604 , 381630 , -731247
183326 , 236398 , 281686
-490364 , -844264 , -262422
454902 , -341835 , -851282
-24439.2 , 370604 , 41548.7
-37625.7 , -553148 , 277481
502485 , -99518.2 , -16412.8
-178036 , -486776 , -581878
543975 , -63531.9 , 142001
-637452 , 532984 , -654486
279108 , -488319 , -787483
-270390 , -275463 , 388973
190212 , 126814 , 297692
56868.7 , 195479 , 756879
-383182 , -16728 , 660421
-608069 , 55637.1 , 407557
-775601 , 237646 , 282044
-115130 , 88685.9 , 737385
259413 , -193653 , 621957
-64140.1 , -642552 , 700206
851292 , 294957 , -647241
-861.82 , -700697 , 252223
821258 , 486318 , 19476
-79658.6 , -704666 , 906959
-321445 , 163314 , -104654
-504589 , -793845 , 382843
-560211 , -707029 , -274492
291701 , 361511 , -206846
365486 , -163441 , -258171
-599776 , 51182.9 , 868094
-418799 , 22931.5 , -130652
-550291 , -51212.2 , -38185.1
735912 , 416738 , 505246
468779 , -246804 , 887232
112692 , -435383 , 702038
-93800.5 , -512098 , 155359
-752681 , 537501 , 108204
30515.4 , 139785 , 378343
969149 , -305662 , -346285
-375767 , -625068 , -462909
-477766 , 292591 , 865624
51114.4 , -365458 , 16343.9
152119 , -786464 , 521097
-865081 , 343598 , -425305
-604653 , 32597.7 , -125710
209448 , -15666.3 , -438195
-132230 , -142643 , -518063
25114.1 , 1.24011e+06 , 417640
-517291 , -292773 , 305486
509588 , 520498 , -176113
610369 , 292611 , 106785
192564 , -654397 , -769707
500701 , 143749 , 286468
610800 , 221974 , -721761
584109 , -783818 , -442348
-110267 , 135724 , -331318
315138 , 625634 , 181624
22478.7 , 54854.4 , -285254
655118 , 71782.2 , 363556
213387 , 80352.4 , -401084
-106917 , -194135 , 278318
705484 , -54005.6 , 543311
-214985 , 379449 , 805580
-84780.4 , -918577 , 260211
-688676 , 43185.6 , -316167
242603 , -478168 , 285725
-109638 , 773450 , 798541
532185 , 605265 , 246008
-55572.1 , 42431.2 , 230249
-445357 , -783548 , 230094
100811 , 665900 , 402650
152588 , 911961 , -657171
265079 , -495412 , 138902
27012.4 , -34429.6 , -173579
-533798 , -705411 , 488398
-150953 , 829153 , 156048
-388594 , 120537 , 236546
46241.1 , -458494 , 42052.1
-619219 , 444983 , 160930
311018 , -145261 , -84391.1
-789924 , 864555 , -114189
-708614 , -23126.3 , -420888
293897 , -27071.2 , 55548.4
204310 , -60935.3 , 435653
176997 , -313537 , -252097
575177 , 174134 , 74825.7
580037 , -289339 , 382304
264824 , -263482 , -249348
-316832 , 70588.8 , 746601
190344 , -553456 , 103012
-179145 , 545011 , 971881
261484 , 45036.4 , 1.04833e+06
271161 , -591457 , -245026
239474 , 278249 , 615362
344924 , 202590 , -486702
303010 , 834044 , -38087.9
-405418 , 763321 , -8426.57
672734 , -25438.3 , -886987
-20204.6 , 505831 , 667396
511293 , 175319 , 16333.3
-54430.1 , 577814 , 33422.1
348226 , -218692 , -355871
-173305 , -193939 , -579014
-877939 , -397710 , 51781.3
482223 , -81519.5 , 312715
125266 , 27886 , 494138
-21585.8 , 687403 , -133141
687526 , 398559 , -611945
-274315 , -282555 , -329987
548014 , 623042 , 1.10696e+06
224121 , -429610 , -755825
-494842 , 836399 , -760174
709624 , 200201 , 844406
-192928 , -301951 , 487493
110943 , 62437 , 790757
-54986.7 , -120978 , 521941
-701768 , -439886 , 558994
-597136 , 537510 , 186554
-195296 , 197749 , 785074
-805360 , -22260.4 , 174015
455295 , 52303.9 , -282820
-338493 , -92265.6 , -511021
-360082 , 64677.4 , -42792.4
627992 , -318735 , 197027
-393494 , 194671 , 784652
-58181.7 , 730228 , -324624
-72455 , -226469 , -412690
-650803 , 220517 , -139683
-351312 , -734913 , 247074
494990 , 669957 , 51981.6
810624 , -202489 , 138044
116989 , 55202.4 , 832477
-212623 , -5589.49 , 632922
300686 , 469166 , -552776
612296 , -222860 , -839559
347902 , 55992 , -613611
-118759 , -609870 , 1.06604e+06
352776 , -70820.2 , 638261
133936 , -70096.2 , 342413
-398126 , 37671.5 , -863998
-566517 , 554393 , 694119
-205235 , 64505.6 , 210866
-318047 , 31937.4 , 69328.3
98603.9 , -209666 , 473871
323809 , -266803 , 247332
499518 , 610311 , 761378
824569 , -205587 , -712729
727497 , 311660 , 317810
168532 , 552857 , -471562
389102 , -206010 , 385954
-417310 , 52308.4 , -129644
-208344 , 513566 , -109733
-82416.8 , 666607 , 157501
507387 , -230447 , -77418.8
-529439 , 387236 , 264513
-572242 , -101186 , 777319
502364 , -533165 , -294224
-260497 , -619589 , 80266.9
162003 , -336220 , -161606
220674 , -359813 , -453867
-78018.3 , -170031 , 650049
-756759 , 97005.3 , -770265
433752 , 42178.4 , 379820
-608529 , -222749 , 271230
-316918 , 167681 , 887164
-552786 , -855664 , -100340
-315516 , 93536.9 , 518455
-108389 , 834915 , 281499
-499330 , -158197 , -1.02013e+06
512324 , -608240 , -106256
-199824 , -352262 , -196630
-775008 , 297922 , 27893.1
-366212 , 33681.3 , 344138
-198208 , 404472 , -427711
-784994 , 119189 , 663400
-389451 , -400554 , -141202
-371728 , 40392.4 , 857230
-7592.71 , 416366 , 801063
-245621 , -199977 , -665333
506751 , -81021.1 , 490587
161105 , 488621 , -392011
-780167 , 188835 , 227242
-571527 , 154247 , 854499
343782 , 626701 , -81704.4
1.0482e+06 , -317531 , -22366.6
920330 , 708008 , -3380.86
-311095 , -48534.3 , 891529
-391006 , 687064 , 161700
-524417 , -390796 , 439124
579305 , 588388 , -22008.5
-91761.9 , -211687 , 476347
402777 , 499959 , 151886
24560.9 , 377700 , -441800
-955911 , 484094 , 118576
-90490.4 , -331819 , 387861
529434 , 581727 , -347317
-572432 , -587249 , 287090
262167 , -611110 , 242950
576296 , 413543 , 852795
-629481 , 420583 , -989414
261745 , 249454 , -431483
868993 , -359812 , 129702
-170870 , -390139 , -286830
248945 , -994789 , 341634
-284736 , 202467 , -96106.2
-1.06792e+06 , -226810 , 279315
-7005.31 , 401911 , -583730
67542 , 712527 , -505079
-880426 , 752784 , 70125.9
-800582 , 224679 , 529163
-212265 , -166890 , -529357
903065 , 543455 , -306501
-29323.4 , -325539 , -780053
-892755 , 207469 , 296331
-881974 , -212552 , 1185.2
35862.5 , 820575 , 611614
-960933 , 645888 , -197499
210143 , 721770 , -363169
79925.7 , 240459 , 848370
889896 , -444479 , -122803
544949 , 37711.2 , -539564
528914 , 527455 , -498440
-238870 , -347770 , 587962
24182.4 , -411153 , -585582
124890 , -69008.1 , 70961.2
-421973 , -449938 , 575462
370555 , 109143 , -865857
-422712 , 113491 , 605624
-577200 , -510105 , 324497
-741456 , -777272 , 466768
615505 , 74401.5 , -571775
324962 , 520215 , -239447
-156.999 , 68920.3 , -10407.5
-325923 , -715401 , 801573
82509.1 , -232760 , -148777
-295662 , -350240 , -307526
468834 , 355993 , 78577.8
-603238 , 122390 , 223451
-130576 , -142915 , 1.08323e+06
-616041 , 717122 , -434376
-664263 , 7677.28 , -4384.14
-153152 , -624093 , -373816
-153763 , -493198 , -81354.1
-702808 , -79154.6 , -453684
-320824 , 710438 , -339714
-541553 , -99676.8 , -116688
-209178 , -157605 , 598842
463912 , -286883 , -554820
-712523 , 71472.1 , 646317
708355 , -307518 , -41684.5
-653831 , 147537 , -402718
50376.6 , -557280 , -1.28931e+06
108736 , 51681.4 , -851952
82925.2 , -597442 , 335707
-176216 , -173218 , -620122
-88736.7 , 396360 , -141394
800316 , 128628 , 841865
-138266 , 107723 , -234670
269808 , -177161 , 1.01736e+06
270897 , -631880 , -74084.2
-410853 , -37909.3 , 16725.1
-173513 , 64420.4 , -565791
-314334 , 341041 , 408385
162470 , 75335.7 , -193102
-399217 , -202781 , -120530
-36991.5 , -90292.7 , 293862
-814634 , -213815 , 619385
-349590 , 442914 , 635143
512930 , 292961 , 528968
-648312 , 334417 , 278965
-543948 , -186892 , -525202
317533 , -178074 , -523316
-231533 , 823099 , 380061
93204.4 , 408525 , -513746
312924 , 296528 , -741459
-523978 , -241893 , 333561
450565 , -935364 , 61068.5
194884 , -879119 , 557870
119971 , 14484.8 , 647840
299355 , 11932.7 , -729947
310858 , 215563 , 542967
-421394 , 305597 , 211589
504030 , 126629 , -875913
461833 , -467464 , 684780
-631716 , 458323 , 374333
-571930 , -4520.68 , 310553
-306480 , 558891 , -174027
323463 , -90400.5 , 413238
190796 , 319413 , -1.04758e+06
-897633 , 107385 , 295316
128425 , 62405.8 , 638674
-151474 , 429354 , -515977
-807539 , 243672 , -191339
541498 , 199107 , 359488
-843907 , -515431 , -227604
220235 , 49255.2 , 168329
-370243 , 230917 , 566491
397033 , 61116 , 558352
-145809 , 229062 , -235460
-106362 , -885728 , 119797
300497 , 320047 , -118040
777853 , 255742 , 473315
-732961 , -85417.1 , -27150.8
-664124 , 250614 , 228114
-244717 , -367031 , -855531
654970 , -677744 , -385619
199872 , 143085 , -445740
274036 , -856081 , -10883
150440 , -426031 , 832775
-80489.5 , -655948 , 303982
383427 , -560661 , 180556
-828553 , 204746 , -295642
-209558 , -343902 , -400505
-15004.4 , 293486 , 403263
415717 , -30175.9 , 913401
-413049 , -423823 , 196440
817532 , 220479 , 147302
673834 , 130217 , 34533.4
-318533 , 156180 , -164713
371442 , 110381 , -392807
-676062 , -93518.2 , -134966
-90157.4 , -390796 , 351825
-240708 , -457054 , 45093.8
116004 , 928330 , 124758
-535256 , 113377 , 677996
-223019 , -689052 , -23246.8
86588 , 633635 , -298806
924730 , 7688.88 , -56801.5
263455 , 654882 , 132877
669816 , 374153 , 240964
95420.1 , -127655 , 426711
-993590 , -43646.8 , 468638
307369 , 22242.7 , 56173.7
-290877 , 352046 , 426531
1.00725e+06 , -105958 , -45464.4
1607.59 , 241642 , 865527
-489641 , -319233 , 718793
153671 , 374410 , 247331
930885 , -7574.63 , 663689
737014 , -529122 , -18945.4
323014 , 831264 , -782150
939144 , -10078 , 598295
63010.1 , 492056 , -264799
-333580 , 130557 , -517716
-884247 , -549034 , -173648
-61602.5 , -493512 , -222056
-712137 , -343406 , -481151
-309526 , -858128 , 25250.3
-162871 , -631884 , 315811
828647 , -264073 , 135171
278064 , -745089 , 353787
-445301 , -485961 , 685040
460898 , -93648.1 , -930495
-397485 , 127035 , -620293
149921 , -390430 , 377741
113069 , -599056 , -43374.3
197868 , 647271 , 472529
45662.9 , 594517 , -30613.2
237614 , 229861 , -972699
-829770 , -411919 , -224242
-653503 , 22961.1 , -303939
514845 , -67061 , -434765
-227591 , -858806 , -370988
-502931 , 522851 , -723100
-633043 , -89476.8 , -307084
169833 , -252627 , -469119
-253140 , 1.23483e+06 , -53846.7
779549 , -779467 , -163417
198922 , 852533 , 183073
-382963 , 42415.1 , -357391
138291 , 585729 , -122778
280376 , 837715 , 159340
825581 , 59565.2 , 200986
608364 , -92282.1 , -190951
-242844 , -32801.2 , -16242.8
-984962 , -295230 , 283820
349065 , -717238 , -226730
610323 , -139350 , -417997
-424507 , 114459 , 567082
-425487 , 194972 , 106226
327059 , -56999.9 , -640165
-736124 , -481509 , 17539.1
370527 , 232940 , -64897.1
413653 , -427088 , 210407
-97845.5 , 136484 , 540645
-182179 , -607642 , -9102.95
-340541 , -17232.5 , 590592
-292380 , -363681 , 147062
-55868.6 , -501855 , 599437
-149394 , -842579 , 367283
183173 , 545120 , 207901
371097 , 151465 , 718153
-197165 , 111024 , -237307
-191490 , 45982.2 , 125915
-314102 , 20635.7 , 600950
-327955 , 464416 , 515375
-770586 , -339164 , 17272.9
654158 , -594083 , -171916
-436629 , 404658 , -637857
-542885 , 108215 , -719498
609960 , 208624 , 123201
137005 , 906446 , -519057
-437541 , -306677 , 123837
607414 , -33923.2 , 283068
140204 , 564465 , 271522
-421476 , 628552 , 452493
902398 , 550124 , 132904
765522 , 376093 , 87062.9
-373421 , -789267 , -41442
-411458 , -571779 , 81610.3
-655686 , 371764 , 414448
1.08666e+06 , -145342 , 282538
-402546 , -525915 , -684084
-466131 , 516536 , 395086
-396952 , 518549 , 766676
-934295 , 503666 , 318418
-612906 , -142630 , 86420.5
804568 , -235392 , 334721
-420076 , 281673 , 327429
-3580.68 , 331198 , 383783
856273 , 203130 , 400509
338670 , -1.1245e+06 , 294926
51091.2 , -804890 , 87134.3
-447191 , -154497 , 247750
-327769 , 223325 , -332555
255133 , 89363.7 , -542296
-783174 , 742413 , -141262
525180 , 144804 , -82556.2
-523306 , 218544 , 256749
627835 , 50428.1 , -783020
-593530 , -174581 , 7724.88
372995 , -566653 , 288741
474059 , 500936 , 755889
42685.1 , -245307 , -627167
246829 , -559825 , -54560.5
472259 , 588787 , 152853
-537021 , -715974 , -110277
-277291 , 373115 , 99231.8
-773638 , -216743 , 224062
-362100 , 342556 , -32877.8
-429354 , 713754 , 634730
168024 , -219.835 , 332649
-245899 , -16984.3 , 342413
-397536 , 756897 , -23714.2
693969 , 237947 , -223416
-362110 , -278385 , 1.10087e+06
-8046.85 , 601039 , -19922.3
259706 , 243213 , -116686
-464302 , -49486.8 , 674262
87413 , 248409 , 413828
36940.4 , 76406.5 , -399787
550310 , -226983 , 349418
9920.93 , 158689 , 179824
132103 , 301793 , 315727
-515043 , -321235 , -351779
250367 , -278091 , 22509
-59674.9 , 155835 , -894877
382992 , 704170 , 265706
216962 , -736530 , 430083
194575 , -172277 , -804568
-1.19389e+06 , 189956 , 58199.2
-221525 , 174470 , 1.01776e+06
466936 , 593255 , -369217
496186 , 695725 , 465158
259744 , -591903 , 382147
-507898 , 169437 , -373123
494516 , -248819 , -761933
-323462 , 263329 , -16911.7
207185 , 491320 , 298036
331823 , -4528.89 , 788580
221802 , -513422 , -731432
252072 , -186905 , -254986
14589.7 , -792810 , 292269
505705 , 520545 , -779184
454495 , -607543 , -133053
417576 , 185058 , 67672.6
302334 , -224321 , 721302
-439080 , -324607 , -188922
-107661 , -122894 , 870770
-807553 , 16673.5 , 380632
354413 , -8196.85 , 54309.1
-12059.8 , 404595 , 47496.5
266842 , 680168 , 907938
315708 , 411199 , -500343
-26678.3 , -151157 , 918455
-376887 , 9330.19 , -181755
-409462 , -202841 , 853922
-64502.7 , -536920 , 496245
-121398 , 809787 , -1628.75
-548103 , -475738 , 227840
-368178 , -355185 , -646830
-192900 , 290206 , -792529
-495821 , 286620 , -419474
243347 , -772513 , -68376.5
472147 , -25035.2 , -37656.1
-481469 , 136972 , 506914
582062 , -196698 , -432090
364441 , -672558 , 349775
326254 , -415636 , 4986.26
-818728 , 455772 , 188980
-402837 , 820095 , 381668
123527 , 953424 , -278227
295405 , 607441 , 344331
-48564.7 , 631758 , -218445
324104 , -808271 , -124075
147189 , -589151 , 740838
280556 , 435370 , -307879
407323 , -309255 , 366762
-256897 , 546034 , 654680
186194 , 59866.9 , -499455
-812742 , 259875 , 397423
-197845 , 243239 , -569224
386509 , 52174.2 , 977182
-124451 , 570848 , 181902
-500946 , 583374 , 583358
-959635 , -42007 , -631463
-415832 , -917604 , -144419
439744 , 732886 , -330739
46179.9 , -835446 , 480702
247496 , 1.07202e+06 , -322646
-45772.8 , 334946 , -335953
373181 , 45510.2 , -23228.1
830957 , 1507.6 , -562116
103333 , -896984 , -171151
381344 , -362873 , -394543
533057 , -261863 , 686089
-540803 , 476685 , 566648
-1627.09 , 424797 , 74714.3
616249 , 143177 , -218982
-133439 , 458977 , 99060.7
306006 , 102767 , 627891
-682784 , 414583 , 447838
450751 , 162073 , 345226
-753072 , -55408.4 , -439040
-119845 , 42950.4 , 132633
-798820 , -122516 , -17060.9
-931147 , -136969 , 443597
158677 , 381758 , 737122
-175724 , -873311 , 266636
532803 , 461344 , -554274
388299 , -572386 , 219464
-277546 , 33956.7 , 15326
-66300.6 , 189813 , 72000.3
-531463 , 3928.67 , -318865
-91834.1 , -410153 , -522629
273574 , -698636 , 294816
321815 , 147016 , -134562
-796694 , -387675 , 228705
-23530.6 , 264629 , 863779
131425 , -665453 , 204444
537599 , -68510.4 , -680619
-108256 , -202274 , -771350
-439531 , 593065 , 278917
289091 , 566460 , -245865
520975 , -66104 , -626849
639060 , -235056 , 67828.2
-377566 , 389363 , -139538
-643865 , -614610 , -129397
-188764 , 278111 , 583927
-166634 , -122410 , 578239
140077 , 306032 , -118974
32244.8 , 201288 , -833769
740567 , -228301 , 405579
-883499 , 10257.2 , -41973.2
-46868 , 358577 , -147448
-749867 , -20555.6 , 162330
283163 , 290399 , -522458
222086 , -389380 , 243171
-35447.9 , -888707 , 415921
-278007 , -156078 , -636273
-709508 , -9828.6 , -150303
356783 , -516148 , 171813
162448 , 415092 , 437462
331141 , -422976 , 434333
-428048 , 72525.4 , -561596
-161288 , 211363 , 734399
-17941.1 , 101482 , -263004
-530058 , 1.00918e+06 , 121849
-698149 , 48631.9 , 257746
42040.8 , 205077 , -854636
433485 , -630740 , 594798
-771741 , -561233 , 360607
821709 , 551802 , -719178
-413724 , -21331.8 , 493028
-547663 , 174909 , 196771
427124 , -301436 , -755548
577268 , -414529 , 398075
309827 , 377865 , 18726.9
-381352 , -496664 , 82097.2
17776.4 , 82861.8 , 478218
-160004 , -568904 , -686675
-127329 , -45566.6 , 1.06604e+06
-651244 , 266127 , 762306
-75749.4 , -271087 , -323327
-232114 , 370968 , 358008
-524283 , 35239 , 106595
-164436 , -193435 , -248867
260658 , 268460 , 4234.64
-1.06494e+06 , -75432.3 , -158668
38153.1 , 883206 , 313081
-136658 , -104730 , -347315
731951 , 529203 , 575895
-203319 , -310472 , -544828
-474394 , -234114 , 337803
569536 , -209648 , 524287
-292966 , -1.13022e+06 , -19498.9
156403 , -10957.9 , 720528
712356 , 332956 , 12834.1
256935 , 370270 , -430038
-176606 , -839971 , 339704
-241982 , 191349 , 692658
213974 , -173118 , 805239
8578.76 , -1.02166e+06 , 44538.7
133834 , 98697.7 , 380541
-383492 , 930442 , 126921
199781 , 357619 , -106559
-290974 , 79065.5 , 546777
186918 , 624265 , 654496
-292183 , -879209 , 299626
214936 , -292715 , 174930
-42427.6 , 266522 , 585623
616386 , 745803 , -283478
-667177 , 313036 , -124263
-133835 , 180959 , 482102
289516 , -252579 , -744279
-413399 , -624287 , -198709
-798671 , -236200 , 4853.05
376655 , -97071.8 , 697941
-912572 , 204746 , -561966
870487 , -354749 , -86387.2
-597811 , -342934 , -427342
-11979.6 , -712718 , -597653
-260903 , -651764 , -67605.7
-171017 , 697311 , 240556
1.00216e+06 , -12016.5 , -386419
-270421 , 235636 , 290141
157943 , 103927 , 26761.4
502912 , -271768 , -722562
819535 , 173004 , 233760
-910235 , 265823 , -408529
-997707 , 71666.2 , -3662.28
480010 , -62769 , -755697
358358 , 198119 , 822843
-217166 , -333428 , 372836
-778175 , -139829 , 361454
-234539 , 487259 , 452406
-448996 , 985736 , 490960
-655084 , 371066 , 126190
631381 , 637278 , -422678
213108 , 1.04605e+06 , -285569
358988 , -294211 , 336892
77941.8 , 565770 , -468239
554945 , 248445 , -880480
210409 , -422961 , 148070
54328.4 , 454572 , -650306
322054 , 124075 , -383520
-167629 , 21932 , 335434
-67512.3 , -409507 , -418173
-415482 , 74489.1 , 103930
57296.1 , -840121 , -242731
-401400 , -255409 , 26261.5
-781150 , -755018 , 233792
175691 , -149997 , 193283
417221 , 725233 , 464955
64820.3 , -173309 , 212917
976879 , 169387 , 93700.9
68844.3 , -470287 , 196782
-91833.4 , 364354 , 130604
469487 , -424021 , -66873.8
1.0026e+06 , 139783 , -82385
21452.4 , 455372 , 449977
131103 , -20518.1 , 700389
509230 , 184034 , -108383
-353364 , 690797 , -181904
1.11086e+06 , -31809.1 , 567079
464986 , 367459 , 17471
-482125 , -430184 , -1.17225e+06
368229 , -84517.2 , 417428
705020 , -250660 , 32142.3
767928 , 108997 , -143263
-529829 , -1.0214e+06 , -312576
-293010 , -217201 , 339377
-581644 , 42156.4 , -167255
-77403.8 , -306066 , 387089
104457 , 222025 , -34045.1
483870 , -518190 , 244482
463801 , -86775.2 , 1.10322e+06
593153 , 355125 , 58923.3
448442 , -666544 , -127556
-141343 , -764488 , -579855
70043.6 , -613437 , 173788
-476056 , -25344.8 , -142432
64586.4 , 626535 , -479956
85025.2 , 184246 , 363992
87636.8 , 589408 , 624226
-270119 , -18480.6 , -857051
-582798 , -221141 , 258570
-471440 , 207581 , -365945
129063 , -971527 , 124402
294415 , -46491.2 , -898218
221252 , 217680 , -522260
452527 , 591715 , -486450
687740 , 572140 , 523344
-622102 , -45923.2 , -18444.1
744595 , -40667.3 , 506616
184301 , -125779 , 487649
494832 , 571415 , -302265
144044 , -1.0358e+06 , 577954
611508 , 303248 , 520787
-464175 , -230029 , 673980
265557 , 668080 , -289776
-876440 , -88681.3 , 9411.48
657516 , -51672.5 , 193704
72999 , 1.10828e+06 , -252508
464918 , 35317.1 , -418485
365617 , 598675 , -795549
-172913 , -648560 , -260136
-403316 , 950379 , -332089
697232 , 92493.5 , -173767
-789814 , -655803 , 252927
-338932 , -423873 , 671389
500097 , 238637 , 797669
-634254 , -901957 , 128003
115411 , 697675 , 1.05662e+06
380996 , 831433 , -113810
-399160 , 508306 , -542351
369253 , -157120 , -643105
-585883 , 600341 , 59087.1
360635 , 1.09508e+06 , -201651
-925698 , 443437 , 18350.4
867037 , -61938.3 , 308851
-86661.6 , 727536 , 252190
141948 , -59979.7 , -76973.9
-100915 , -831917 , -13009.9
-16551.3 , -208496 , -628950
-11593.3 , 414719 , 1.01432e+06
119459 , -60736.3 , 879887
15057.2 , -273033 , -237984
525001 , -101196 , 358323
-315835 , 110506 , -307452
234944 , -182727 , 648001
-86723.5 , -813806 , 63445.3
278738 , -1.00608e+06 , 150300
-162456 , 544007 , -281450
-673420 , -103925 , 157149
916349 , 152317 , 558255
184099 , -276036 , 166672
494256 , -761237 , 674435
351298 , 240347 , -309853
-683967 , 460510 , -71580.1
-98300.9 , -690248 , 687386
612589 , 681016 , -11442.7
186398 , -434192 , -595925
-268307 , -869928 , -543639
-704333 , 70112.2 , -189063
413590 , -1.00889e+06 , 182595
248504 , 468212 , 254535
-166104 , 728550 , -132561
-594738 , -192432 , 73128.9
621220 , -383866 , 631540
-473141 , 331866 , 417543
194685 , -517622 , -597555
327020 , 142685 , -649575
-275290 , -1.08586e+06 , -69514.5
831319 , 377875 , -103495
432171 , 48006.3 , 497900
-904638 , -212893 , 83810.6
-327402 , -510271 , -207212
-496666 , 1.03823e+06 , -443461
-193356 , -291802 , -763616
-878448 , 243651 , -455329
636924 , -159137 , -629571
-856470 , -225972 , 115203
-585029 , 134779 , 93214.1
150343 , -41051.7 , 383036
251879 , -437534 , -872660
677198 , 50057.9 , -752581
596307 , 646078 , 155250
44511.8 , 399203 , -19668.3
536404 , -732357 , -201317
-189525 , -554349 , -934399
-75047.1 , -613583 , 634066
612756 , 177673 , 618533
205141 , 507342 , -162521
-429006 , -379539 , 132073
-651834 , 339669 , -70634.9
166826 , -65843.1 , -367295
653367 , -667945 , -353968
161477 , 553377 , 68183.9
284981 , 616574 , 122777
252218 , -241468 , -866161
-76235.5 , 761546 , -199176
-407654 , -423716 , -322178
388621 , 282855 , -363907
-332184 , -315710 , -400604
221278 , -493706 , 1.03975e+06
-234732 , -326262 , 264298
577204 , -577714 , 320214
105698 , 707444 , -313246
106958 , 143871 , -930321
438908 , 53009.3 , -85554.8
15994.8 , -56742.4 , 1.26678e+06
826566 , -88336.5 , -141202
-12350.3 , -213380 , -296336
-399048 , -54704.1 , 736808
-19233.3 , 935913 , -341170
639571 , -684740 , -70770.2
144548 , 169200 , -81374.8
16103.9 , -498615 , -205074
-539370 , -35582.3 , 554790
-443340 , -95237.6 , -342363
-188814 , 666822 , 558074
253136 , -300598 , 465090
560364 , 184058 , 409338
-335457 , 773855 , 247414
-508000 , 143526 , 231325
451250 , 7557.55 , 96198.3
387234 , -404272 , 960167
447599 , 672587 , 87318.6
-269639 , 428625 , -268727
323142 , -1.01585e+06 , -272480
-553516 , 463456 , 310029
653334 , 646713 , -272348
771403 , 461345 , 1141.23
114662 , 576838 , 252878
-362916 , -579976 , -544687
-506340 , -92128.8 , 884479
241435 , -825744 , 328250
43105.1 , -416257 , 244408
-565712 , 358079 , 390564
162250 , 16840.8 , 705077
319593 , 656082 , 57921.8
-112756 , 487451 , 313576
-333245 , 403254 , -771069
-976352 , 182173 , -245735
-303353 , 433799 , 521298
-23001.1 , -509523 , 155445
-941580 , -293025 , 41850.1
374371 , -676644 , 458091
-360972 , 224173 , 228051
-148190 , -1.04167e+06 , -1.02926e+06
-256756 , -40546.5 , 1.08265e+06
-119771 , 538638 , -65513.3
563297 , 482404 , -885305
306581 , -636175 , -543042
-656543 , -104818 , -56595.3
-89435.4 , 264922 , -254011
283450 , 37431.9 , -52102.9
135703 , -753048 , 256863
512049 , 700588 , 609470
379846 , 219179 , -968282
-253963 , -308972 , -90556.9
235944 , -190625 , 890372
647910 , -469767 , -501525
-864347 , 28961.6 , 317800
580979 , -545022 , 101496
-581433 , -824652 , 83954.2
356979 , -411112 , 245430
-635555 , -541036 , 483609
-934797 , -22712.5 , 463158
-560684 , -653376 , -574846
-451558 , 386700 , -92505.1
-161011 , 296533 , 406645
-1.05573e+06 , 374467 , -7910.17
874449 , 12693.6 , -303481
-509080 , -69889.5 , 67663.9
-461290 , 239756 , -389248
-271814 , -888674 , -392878
305534 , 251803 , -23710.1
-243486 , 237973 , 911826
113867 , 440129 , 626790
-341617 , -897809 , -155902
77760.7 , -737290 , 353741
-127546 , 407076 , 24612.6
-680005 , 4913.18 , 807003
223024 , 1.01155e+06 , 251397
-161242 , 702108 , -124415
-333080 , 624095 , 142976
-490924 , -50390.1 , -202789
-584101 , -342929 , 488105
-718956 , -71535.3 , 63961.5
-407466 , -175110 , -191523
-94678.5 , 412664 , 565272
374766 , -655430 , -3777.03
-287099 , -86715.4 , -967709
-240753 , -894237 , 25230.1
1.12229e+06 , 470285 , 113430
21796.5 , 642484 , -399047
-653582 , 231857 , 391108
-123478 , -193458 , -673274
-256138 , 578334 , -160784
340797 , 337100 , 933423
-1159.86 , 783789 , 17772.3
-568201 , -33797.5 , -397467
-441141 , 285097 , -89739.8
334357 , 608161 , -635819
826405 , 12625.5 , -482916
170482 , 359511 , -658220
-237103 , 495775 , 144642
-260006 , 324702 , 424612
-84548.6 , 80599.9 , 360479
171368 , 202986 , -384668
-540835 , -235863 , 122191
-171759 , 376778 , -624744
-506175 , -210320 , 549168
-130802 , -852425 , -199402
64345.3 , -794325 , -404684
-310906 , 353444 , -193092
117852 , -152076 , 414549
188373 , 962366 , 220601
-209248 , -653300 , 20091.9
106931 , -1.08002e+06 , -109092
-166794 , -70232.1 , 119702
578878 , 601787 , 108204
-246870 , -256803 , -670882
885789 , 863604 , 194475
-15793.5 , -341741 , 481667
-328523 , 127736 , 812165
-16930.8 , -473758 , 757121
166447 , 826160 , -239902
68881.4 , -295200 , 705738
-71435.8 , 920517 , -522103
682571 , 225641 , -323895
335927 , -306655 , 91238.4
-516813 , -621088 , 141765
243964 , -309197 , -311603
456623 , 82469 , 993198
375470 , 327767 , 231405
54663.5 , 225286 , -204065
-228445 , -16591.8 , -564437
-276403 , -400317 , 828435
471805 , -140599 , -66753.5
-585814 , 807188 , 89634.2
582879 , 464220 , -228219
258342 , 252610 , 772386
-187157 , -994601 , 396483
439218 , -656684 , 660436
-296788 , -1.0336e+06 , 424243
308207 , -506557 , -374604
-183267 , -847121 , -354648
-285593 , -989294 , 331343
60546.5 , -28985.1 , 375249
829004 , 361393 , 590569
-733809 , -294871 , 189080
198616 , -829218 , -295335
112163 , -194878 , -658063
-73599.8 , -15595.1 , -400687
831146 , -914715 , -102519
673753 , 178876 , -45448.8
-79297 , 540787 , -325832
-386118 , -393845 , 225084
-212571 , -995824 , 81102.1
-273754 , -509405 , -210530
82685.4 , 884587 , 425237
-447191 , 228481 , 24578.2
-602944 , -84843.5 , 544593
243901 , -62924.2 , 112125
237140 , 517975 , -452651
411785 , 40473.1 , -606796
580300 , 460249 , 479631
-303677 , -11184.4 , 321713
8243.64 , 307627 , -465258
-184409 , -601512 , 198427
-876680 , -52291.4 , 37545.7
-159486 , -437703 , 576327
34274.1 , 361204 , -906933
-356264 , 250303 , 124456
388420 , -674629 , 485060
633113 , 225318 , -701317
-549778 , 704980 , -236608
-99500.2 , 95116.5 , 383041
-738384 , -614072 , 343079
-221768 , 586005 , 612320
81571.4 , 985784 , 176177
405528 , 1.25779e+06 , -416023
-482209 , 62459 , -345732
-738437 , 61442.4 , 694835
-833115 , 687048 , 502317
695094 , -336745 , 549318
-343704 , -307808 , 514641
-762910 , 293795 , -261845
-262609 , -76792.2 , 738619
-636754 , 291381 , -116354
-241453 , 54843.3 , 226624
-392900 , 523495 , 23103.3
-72822.3 , 784635 , 223099
636067 , -460557 , -90425.7
-1.00754e+06 , -27568.8 , -360280
62719.2 , -32954.3 , 294742
175447 , 401456 , 470932
-428781 , 598932 , -89264.6
-15893.8 , 120165 , 1.02846e+06
-132042 , -428427 , 845859
814284 , 2257.98 , -127296
531402 , 89651.5 , 321467
22660.8 , -1.03223e+06 , -143195
289302 , 201536 , 561494
53854.7 , -320531 , -417695
596732 , -658179 , 582129
-804397 , 285654 , 889341
735628 , 331186 , 705339
-674076 , -65658.5 , 145995
865775 , 406818 , 91376.2
548413 , 69545.7 , -367272
-371554 , -308925 , -621718
-434884 , 306132 , -611139
-802969 , -192022 , 572096
550690 , 47079.3 , -478361
530613 , 138777 , -117479
-29990 , -583727 , 129850
428665 , -681657 , 212657
375591 , 172876 , 572357
-489700 , -188381 , 564172
-267210 , -329298 , 172491
643038 , 720229 , -324965
205564 , -118129 , -734046
123544 , 197370 , 565449
-555975 , 868309 , 274766
539165 , -601443 , -706650
564926 , 260990 , 190370
-539871 , -44182.7 , 340396
138977 , -322724 , -673699
-497052 , -129739 , -178859
324054 , 600207 , -283775
181540 , 608296 , -92690.4
736537 , 570956 , 233621
373012 , -105915 , 789559
570868 , 330626 , 467962
101005 , 607254 , -25593.1
160358 , -588218 , -258930
-883110 , 148820 , -401667
55610.2 , 132991 , -926961
-653771 , -231009 , 260005
405642 , 514031 , 67164.3
716513 , -305612 , 563785
-736014 , 88868.9 , -123975
-445615 , 296599 , -166824
-149972 , 397214 , 137773
-961847 , -188221 , -160379
-434479 , -575893 , -61861.4
-194067 , 93764.1 , 1.29064e+06
163411 , -634487 , 115882
427647 , 774976 , -336965
-474517 , 275035 , -19510.6
-560188 , -366696 , 489937
-796221 , 215533 , 421066
-265637 , 377757 , -452499
-395751 , -311650 , 78042.4
489277 , 102783 , 590153
199972 , -461309 , 696776
168205 , 372942 , 107261
-305999 , -540888 , 655755
826855 , 257773 , 244461
67661.4 , 430645 , 895785
-132829 , -65599.2 , 358650
-216280 , 652044 , 510856
145395 , 662185 , 154977
113512 , -109829 , 192545
-941834 , -230523 , 590135
-76378.7 , -268283 , -311525
653989 , -336034 , 127123
-1.06007e+06 , -425498 , 211190
326881 , 721110 , 499841
695268 , -169705 , -194649
-392291 , -17059.8 , 96675.6
-350711 , -765069 , -769346
-680290 , 8956.88 , -586985
214943 , -329864 , 681451
76381.4 , 836831 , 775055
166374 , 186261 , 47838.9
280885 , -412722 , 267177
670494 , 387988 , -740606
1.0891e+06 , 333176 , 10148.3
-136597 , 274202 , -494259
237832 , -519245 , 359605
490344 , -86523.4 , 557209
-95140.5 , -23027.3 , 674138
33226.4 , -1192.68 , -759286
-48382.3 , 257907 , 894953
-116728 , -330936 , 478888
-284868 , 48620.1 , -498047
-24417 , 265547 , -593644
1.1339e+06 , -280000 , 529637
238919 , 588383 , -161428
-409817 , 215274 , 842117
236921 , -714060 , -979702
-21359.4 , 574854 , 364231
322066 , 270861 , -238935
219591 , 595729 , -308393
-257608 , -335030 , -167671
-45176.4 , -539674 , -143887
46357.5 , 137163 , 221891
-457590 , -716041 , 164272
317782 , -785402 , 742215
-86411.5 , 16263.6 , -564425
421080 , 282896 , -410257
174769 , -821174 , -64919.9
480284 , -402520 , 579005
-198297 , 120681 , 222813
1.42902e+06 , -34799.2 , 334936
-841273 , 365366 , -364585
-257265 , -328229 , 310700
-377705 , 144319 , 943608
-680178 , -29785.3 , 15857.1
74497.1 , 371015 , 327833
-269827 , 225649 , -319224
311327 , -455032 , 346716
118213 , 170130 , -28857.8
685405 , 545312 , 308855
-38407.2 , -460016 , -244752
77678.3 , 509022 , 1.13117e+06
466551 , 66659.9 , -69778
510090 , -148493 , 538072
-310137 , -361233 , 490647
-701129 , -310645 , -422147
572629 , 90071.2 , -295505
138004 , -470746 , -419469
-548136 , 1.10542e+06 , -175294
-674290 , -392644 , 165568
-994796 , -288858 , 362241
36794.5 , 207660 , -339354
-50997.7 , 421138 , 815708
-227093 , -184086 , -244441
204534 , -550594 , 244745
279130 , 124346 , 942663
699157 , -176350 , 781814
-1275.99 , 480419 , 638926
-29968.9 , -231242 , -669263
-269736 , -211035 , -763846
683345 , -341538 , -314316
-1.01731e+06 , -350282 , 87928.3
-345643 , 345731 , 721962
251532 , -583634 , 631692
466063 , 223905 , 153891
-247685 , -18115.6 , -184897
-29877.8 , 57249.8 , -685926
-330160 , -82733.2 , -628435
-588201 , -112714 , 146470
330553 , 731145 , -88959.9
-958819 , 106010 , 494704
-537429 , 220651 , 119592
-797467 , -73566 , 392516
-8453.72 , -553888 , -195780
-59758 , 49549.4 , -560600
13061.7 , 502309 , 417291
752339 , 31546.2 , 96426.8
210388 , 418156 , 991476
537371 , -199047 , 172492
-635505 , 527168 , -154995
368405 , 707587 , -430358
-48239.3 , 335947 , -24690.5
-103012 , 85925.3 , 743324
1.00056e+06 , -622845 , 139815
23770.9 , 341816 , 184041
176487 , 241904 , -744481
231166 , 232406 , -680893
886345 , 436191 , -583103
369995 , 540675 , -431729
64039.3 , -207040 , -2704.35
-318801 , -465787 , -285213
-71646.9 , -349082 , -501637
-586558 , -79307 , -459526
-47038.8 , -288443 , 152868
822021 , -303797 , -434580
-335854 , 575432 , -43511.9
-857808 , -169249 , -161847
-284057 , 76033.8 , 44610.8
965.831 , -100535 , -60298.5
686242 , 367374 , 618245
-914450 , 263741 , -597901
-346708 , 281970 , -366287
-672021 , 4272.94 , -314382
693931 , 116728 , -166023
-170592 , 389261 , -29107.4
-66556.7 , -529629 , 422201
137957 , 153242 , -594281
-175197 , 281184 , -182523
-790092 , 128042 , 91585.4
-395581 , -68442.9 , 150133
-388285 , 317581 , 130366
-722137 , 462306 , 460140
-260555 , 121524 , -519298
-460968 , -116018 , 216198
-191236 , -330933 , 832604
-372202 , 125603 , -87206.8
-87341.7 , -38131.7 , -653586
-39484 , -513021 , 865831
507879 , 732318 , 433098
563552 , 639666 , -478756
-510890 , 130097 , -568989
-646329 , -494697 , 198460
153055 , 86207.2 , 694833
-134857 , 717868 , 136320
-16724.7 , -470137 , -494982
358151 , -377185 , 219723
422575 , 228360 , -65467.5
-275119 , -118233 , -70636.3
-101093 , -453946 , 876702
567913 , 369128 , 480013
-93780.5 , -1.04683e+06 , 263825
-387632 , -532351 , 390272
-549657 , 353179 , 158495
-406285 , -61843.1 , 389359
571681 , -613516 , 821567
500751 , -891454 , -277535
-27953.7 , -741091 , 516505
-683830 , 312633 , -7432.78
20821.9 , 531208 , 434763
11420.3 , -702225 , -83960.2
-500235 , -690975 , 60540.4
298421 , -502813 , -228605
293152 , 739437 , 140949
754713 , 433805 , -125092
-243279 , -338682 , -949880
-623550 , -781407 , 39175
667131 , 487822 , 618475
124821 , -352663 , -556598
787154 , 386693 , 134569
-245172 , 235687 , 855672
-469264 , 500397 , 29619.8
-175443 , -435876 , 358941
-1.0452e+06 , -99741.3 , -303075
-437961 , 772489 , -718799
142198 , 840213 , -162345
-152761 , -237312 , -343886
-150537 , 172585 , 574791
-612106 , 523218 , -383397
-683332 , 86962.3 , -118282
921642 , 172843 , -767576
409892 , 99021.8 , -765465
112933 , 657567 , 308664
724776 , 271566 , 279818
8803.07 , -250281 , -215005
641350 , 288443 , 48188.7
159190 , 767731 , 162939
-233360 , -149157 , 193759
-278192 , 384165 , -145197
-47769.7 , 528499 , 871819
-327879 , -1.0491e+06 , -168406
786717 , -622938 , 677432
855692 , 50419.9 , -9607.01
437872 , 98893 , 503026
-406760 , 542220 , -315643
-491026 , -675211 , -144191
-105859 , 665519 , 700856
478699 , -746826 , 247297
-94002.5 , -439528 , 33090.2
-515449 , -13566.8 , -81846.4
27264.3 , 557566 , 630549
540311 , 878689 , 246771
53597.7 , 801905 , 485885
110981 , -35404 , 301443
-145971 , -219776 , -700826
253222 , 588564 , -163591
-31189.2 , -332555 , -731879
531740 , 515608 , 480757
-288589 , -14636 , 507387
269519 , 280362 , -967589
-83604.7 , -469186 , 254358
-379106 , 87872.1 , 775601
221758 , 1.14036e+06 , -80216.5
406062 , -392868 , -318639
-366798 , -707778 , -382394
-616153 , 78859.3 , -223419
129408 , 396614 , 79608.1
-936838 , -309223 , -140210
-966637 , 204308 , -216693
291751 , -280518 , 911895
-392292 , 676176 , 198922
-533439 , 104637 , -288375
-414327 , 5999.53 , 151870
-449801 , -325755 , 316727
480803 , 9540.71 , -410821
337577 , 384833 , 410675
-696564 , 154458 , -644236
229964 , 632951 , 452684
550041 , 201035 , 339649
626364 , 213625 , -360523
-56258.6 , 10403.4 , -551060
-483999 , -167034 , 350565
-553610 , 86224.1 , 644186
422464 , 565882 , 577182
-296168 , -142629 , 157940
47066.9 , 679162 , -521042
576192 , 194433 , -53960.4
-205645 , -373849 , -324971
-227332 , -683807 , 312376
574917 , -341927 , -107541
167359 , -205306 , 551976
-152220 , -21235.2 , -922411
432144 , 427303 , -146441
-470615 , -256844 , -216450
-538457 , -85469.1 , 327087
144661 , -625826 , 19334.3
369728 , -314025 , -739281
28901.6 , -140929 , -398377
-609910 , 603497 , 217263
404022 , -257047 , -340445
-1.11517e+06 , 117851 , 624265
-131870 , 916471 , 712281
-198812 , -14673.9 , -169572
-489855 , -154541 , 198419
145367 , 594703 , 467747
630733 , -91057.9 , -721394
-456510 , 18443.5 , -704703
-37148.6 , -870500 , -32975.1
-298413 , 890461 , -271258
613106 , -519707 , -154307
-272864 , -107191 , -1.04819e+06
-142467 , 34321.1 , 36990.4
-287383 , 552531 , 618021
438286 , -361449 , 509740
604410 , 518326 , 672502
312251 , 566492 , 694762
-255477 , -1.15862e+06 , -300806
38736.3 , -164464 , -496119
-583881 , -367248 , -99248.4
-612719 , 529192 , -308890
125427 , -647774 , 337897
281385 , -434117 , 41274.3
142723 , 518561 , -235388
452224 , -313418 , -47475.6
-562148 , 292365 , -324317
594811 , 11676.4 , 340805
-323299 , 1.00819e+06 , -39206.5
-473779 , 411216 , 8315.4
283269 , 67994.9 , -605600
496376 , 12449 , 219046
-241773 , -139758 , -433344
253432 , -181496 , 602989
214029 , -320508 , -509582
-439996 , -609739 , 135595
-652370 , -258999 , 658021
480032 , -533096 , -24837.8
433662 , 307846 , -189919
124107 , -666691 , 50411.8
-288692 , -69293.2 , 509420
-63964.9 , 540014 , 60321.1
-375470 , 240765 , 562805
604684 , -236833 , 28342.7
-401690 , 392557 , -276700
894506 , 345588 , 486345
-193508 , -244350 , 81810.6
973420 , 153976 , -133727
619370 , -594155 , 360226
-564360 , -388551 , -252473
727149 , 701167 , 160549
61207.8 , -661866 , -573773
-280672 , -287944 , 604664
-719626 , 49358.4 , -712459
97425.9 , 904697 , -619714
587736 , -302441 , 204381
14103 , -322826 , 301868
-334744 , -112314 , 635800
-188007 , 148398 , 497240
-87132.4 , -574632 , -573341
-964905 , -409495 , -241005
576978 , -797999 , 426207
-507366 , 68050.2 , -320679
-57489.2 , -70764.4 , -786716
-406804 , -137208 , 252322
125943 , 19456 , 539472
-663842 , -106090 , 533398
902306 , -744517 , 161337
943967 , 191047 , -534001
239956 , 227662 , -257635
215270 , 295581 , 1.01028e+06
374194 , 96008.8 , -299434
442782 , -1.03213e+06 , -273787
595214 , 699850 , 475797
-1.03458e+06 , -440396 , -62216
125115 , 754720 , 77072.7
-563984 , -361653 , -353977
-57184.3 , 219697 , 26647.6
582510 , 207207 , 184658
434549 , 474904 , -388502
-22399.4 , -700048 , -559178
327579 , -570080 , 284296
-914947 , 180632 , -72940.6
19557.9 , 294996 , -134357
-219518 , 852579 , -80093.8
-161519 , -415027 , 178085
251212 , 831266 , -411748
335032 , 241408 , -304582
-688358 , 421918 , -323932
460891 , -429346 , 359104
-230926 , -247835 , -726987
-14164.2 , 402367 , 737344
485456 , -147350 , -899552
592942 , -418196 , 208870
734926 , -277463 , 460139
-948935 , 129675 , 538454
-276270 , 774917 , 635316
-12000.8 , -86059.4 , -133641
313123 , -155848 , -548234
-775031 , 586576 , -451653
407366 , -111086 , -548679
-113306 , 644154 , 307793
-142134 , -187454 , -583586
-806622 , 93689.5 , -27809.7
30165.1 , -794434 , -407200
-54540.4 , -1.00741e+06 , 190222
-625144 , 899368 , -21928.3
-75691.5 , -262690 , -282206
120129 , -104446 , 666901
-54471.9 , 223120 , 191323
575727 , -209852 , -553563
13982.2 , 165292 , -162988
48631.2 , -449565 , -622436
-42819.5 , 277528 , -129002
209770 , -599457 , -390630
606873 , -166580 , 204716
-230419 , 50474.6 , 201184
-48866.7 , 837612 , 432154
159395 , 204165 , 840509
-272960 , -418811 , -611717
249741 , 381682 , 991445
-334121 , -762374 , -493419
-351996 , 562762 , -238263
-211983 , 79093.4 , 362619
-353500 , 98552.6 , 275379
703689 , -24862.2 , 59889.5
793588 , 576730 , -111483
-104678 , 66017.9 , -49207.7
-27928.8 , -197371 , 826006
-276547 , 62129.9 , -437161
232682 , -906985 , 432274
-731820 , 201396 , 148741
533963 , -746135 , -131159
865957 , 162366 , 158897
329105 , 782190 , 463826
-762005 , -871759 , 357328
-457586 , 524969 , 264867
188646 , -632942 , 493208
31368.8 , 115375 , 562734
-894005 , -25881.8 , -590713
765942 , -407276 , 146660
-1.13823e+06 , 132783 , -272377
23783.1 , -287213 , 815633
321601 , -555703 , -191307
-495260 , -282492 , 139527
379988 , 185916 , 57410.6
-844783 , -146408 , 638883
309371 , 216983 , 98424.7
216915 , -405379 , -278042
89752.3 , -792111 , 508801
-889469 , 202828 , 546413
827889 , 289776 , -434005
-126655 , -396957 , 601530
-373423 , 93952.2 , 854152
909374 , 183191 , 569708
260332 , -534161 , 183769
178265 , 908849 , 321885
-151750 , 215703 , 51523.8
-37193.3 , 529414 , -307283
184746 , 464291 , 157677
808478 , -299158 , 48482.5
-340366 , 315735 , 675209
30514.2 , -20086.7 , 1.24492e+06
955422 , -77416.4 , 38727.1
820289 , 395650 , 651686
-576633 , 725570 , 160771
365785 , -312372 , 250780
-578906 , 20521.2 , -595046
507208 , -491382 , 976153
-116562 , 377988 , 1.01848e+06
-370338 , 83468.6 , -643323
203775 , -482619 , 140673
-306697 , 631727 , 588933
-383375 , -298485 , 817109
444431 , -774301 , 208195
-857092 , -34774.2 , -124311
-143502 , -597574 , 286179
-115360 , -986896 , -60895.3
-492993 , -717949 , 443665
94674.9 , -43771 , -156222
597800 , 237145 , -343060
263625 , 378278 , 391796
-513523 , 687703 , -550358
-288213 , 445383 , 419539
-114919 , 305300 , 668938
565732 , -185774 , 441255
-149487 , -666346 , -66482.5
103064 , 872507 , 215426
72413.4 , -877609 , -163648
173113 , -292792 , 246212
455860 , -393799 , 371600
-72089.1 , 937202 , 457515
-196684 , -557018 , -587951
759700 , 60327.7 , 148202
459928 , 578716 , 69569.7
-654771 , 93894.4 , -402660
68420.4 , 128101 , -538925
870746 , -312668 , 112408
-979406 , 6240.84 , 85560.7
-143498 , -40845.8 , -477028
93371.9 , 87568.6 , 376267
569739 , 815070 , -323586
-130985 , -388701 , -271520
209531 , -512642 , -346201
-47769.1 , -1.10511e+06 , -284671
412439 , 419183 , -677108
-916404 , -430350 , -526930
91409.2 , 449745 , -417411
78716.1 , -919492 , 209948
-2422.88 , -181271 , 613991
463701 , -380329 , -47214.8
1.12149e+06 , 449109 , -118153
-468092 , 862817 , -410365
731625 , -244596 , -691871
185397 , 361521 , -306338
-512594 , 573563 , 445402
776227 , -663442 , 101717
-142512 , 85651.9 , 164131
186014 , 332646 , -40038.7
-101332 , 276937 , 359009
129687 , -515945 , -61679.7
259917 , -135376 , 169893
87618.1 , 56384.3 , -346290
-289805 , -233722 , 113273
-553927 , 442163 , 300359
708991 , 574390 , -638183
10731.9 , -486190 , -443208
-522939 , 141604 , -834381
99995.8 , 112312 , -18965.9
636019 , -399294 , -123616
708232 , 6549.72 , -136512
32898 , -224413 , -607397
1.00596e+06 , -28135.8 , 143457
733237 , -452595 , 10874.3
-125591 , -512757 , -605231
-609426 , -72339.4 , -655241
-321897 , 742123 , 49226.2
-328100 , 324778 , 354185
-377277 , -652480 , -195022
-444042 , -183123 , -300554
-247328 , 35574.3 , -589984
-110299 , 535928 , 324511
-171312 , 808516 , 64920.8
30844.4 , 106681 , -101281
141568 , 986501 , 3228.24
61719.6 , 412232 , -330811
756634 , 260967 , 836608
-388884 , -549705 , 775737
880897 , 712044 , 233569
390078 , 179827 , 374095
108147 , 424226 , -602694
-600359 , 599679 , 409008
853296 , -723265 , -63181.1
623283 , 213179 , 398711
444639 , 358202 , -499493
71964.2 , 757408 , 425530
253251 , 272298 , 701710
403182 , 701049 , -285973
-302810 , 407805 , -103052
298096 , -705144 , 270811
-190832 , -634724 , -745979
237934 , 47267.9 , 186282
-593460 , 951954 , -634142
-595839 , -1473.74 , -41135.3
-256814 , -299998 , -462011
166624 , 33998.6 , 622732
486533 , -339121 , 676793
106686 , 326422 , -334252
490761 , 89725.3 , 979239
-701027 , -314219 , 398846
-381626 , -372614 , 71540.7
749822 , -211044 , -17544.6
-215160 , 619114 , 484559
-89037.9 , -142163 , -635965
225630 , 304491 , -566471
-248407 , 449192 , 169144
43520.3 , -706922 , 340333
-258036 , -398074 , 198059
76511.9 , -741794 , -196993
-491051 , -191678 , -368805
303601 , -287873 , 39661.1
-226584 , -691245 , -308993
-28013.1 , -424229 , 207680
-105499 , -475086 , -329384
48340.3 , 336734 , -595875
-2464.88 , -67892.6 , 789276
-285029 , -295064 , -555422
148234 , 392321 , 751373
267406 , -581392 , 211022
-182065 , 86376.4 , 842761
-375569 , -63626.4 , -7966.06
-336664 , -389300 , 341344
489186 , 445254 , 235968
-471644 , 61803.9 , 1.00849e+06
-148608 , -186310 , 733452
-434721 , -51315.7 , 364596
-356946 , 311406 , 541867
-586074 , -81097.9 , 112918
177857 , -694421 , -13634.1
513072 , 166718 , -299408
-297716 , 741550 , 655469
242187 , -460512 , -80690
-332091 , -696811 , -358232
595680 , 167239 , 201329
403501 , 68339.1 , 149685
520506 , -16199.9 , -426037
-1.03375e+06 , 255842 , 118971
-196648 , 488573 , -380383
-561544 , -55415.8 , -201738
-111940 , 832176 , 254729
468128 , 181887 , 749276
-64873.3 , -59463.5 , -17699.9
-144871 , 384282 , 244098
-880826 , -79166 , -45290.5
877051 , 127624 , -354708
-466.75 , 746821 , -485921
-217118 , -539498 , -262389
503262 , -274013 , 557143
-294663 , -59721.3 , 713775
-599561 , 539394 , 556586
-159834 , 27298.7 , -656692
-121511 , -156149 , -629007
-761961 , 34556.5 , 294814
62453.1 , -295311 , 532598
445038 , 830656 , 568428
-372660 , 798938 , -372853
-785831 , 129398 , -522763
-450096 , -738204 , -495389
602996 , -184143 , -310794
-639581 , 824163 , -98109.6
-300913 , -702976 , -320989
226787 , 616451 , -732402
-690978 , 693865 , 297799
757159 , 463722 , -229929
-557220 , -109791 , -732312
395929 , -621015 , 260702
231717 , -137323 , -294508
-7245.28 , -402609 , 56360.3
104877 , 358916 , 691233
-565510 , -760676 , 585072
508286 , -688855 , 65234.8
-218919 , -389617 , 471856
-452232 , 455165 , 53758.9
252682 , -629027 , -269009
178142 , -338479 , 449417
-195852 , 148706 , 147583
247136 , -528563 , -391809
756004 , 78839.9 , -6537.71
245121 , 264465 , 198920
194393 , 195152 , -456399
-433258 , 516415 , 27911.3
-20438.8 , 581988 , 688982
228360 , 490972 , -199269
-271928 , -779907 , 246233
-322253 , -106234 , 26595
-778832 , -138012 , 257299
-141590 , 211470 , 63475.1
-262677 , 841317 , -71168
12788.9 , 760318 , 60081.6
-465296 , -697865 , -114800
56490.6 , -252514 , 857237
-426950 , -924894 , 763663
451809 , 528623 , 594346
334807 , 537033 , -503343
-253723 , 268324 , 5600.46
-97340.6 , 323459 , -687862
419556 , 439815 , 628943
-903814 , 74996.9 , -45551.7
264294 , 322441 , -143165
315703 , 246954 , -609930
-333267 , 192483 , 156076
13478.2 , -354400 , -20941.6
557291 , -524637 , 654983
-491324 , 179719 , 135713
336713 , -388933 , 36579.9
-297730 , 633391 , -69098.9
-834331 , 507447 , 21092.1
165342 , 175520 , 182654
-583238 , 11932 , 875755
-699253 , -282698 , -296385
-850196 , -399789 , 554884
259029 , -407437 , -356784
-288570 , 792536 , -773281
-176461 , -441459 , 698688
171890 , -287515 , 490878
-384715 , -188868 , 32112.2
522207 , -162601 , 422430
37362.9 , -694222 , 227181
360017 , 236009 , -225738
615874 , -678928 , 897989
-188642 , -555385 , 94133.4
-669453 , 760972 , 279969
659108 , -351649 , -423193
954949 , -47177.5 , 262527
-481621 , 49717.7 , -741254
-368278 , -205030 , 406152
-493012 , -281610 , 802817
-269514 , 644309 , 201735
-393642 , 6469.72 , 368703
145778 , -313159 , 791401
-173605 , -673441 , 271435
404791 , -928997 , -307208
576518 , -560356 , 126281
-77831.7 , -424813 , 856042
-634326 , 23758.1 , 728627
-91529.7 , -1.05469e+06 , -234645
-915309 , 10073.3 , 383261
811787 , 235439 , -383660
486963 , 364156 , 408974
-411075 , -91798.2 , 664643
357803 , 79358.5 , -134578
-383482 , -585508 , 152948
-514803 , -916466 , 192133
-363023 , -1.08563e+06 , -253217
-299719 , 473709 , -103423
-115642 , -67000.6 , -131189
637657 , -736785 , -217537
315382 , -152179 , 523036
-252826 , -534379 , -691014
-205685 , 5426.03 , 664174
11251.7 , 164844 , 193555
550953 , -119724 , 532188
-850431 , -240279 , 180272
-520757 , 465218 , 165148
710857 , -82968.9 , 27158.1
579500 , 656243 , -197412
-117038 , 581009 , -438928
-1.00854e+06 , -171234 , 97189
130789 , 674906 , 840902
-568953 , 167090 , 582414
651760 , 143903 , 176882
108678 , 1.10214e+06 , -82521.4
69870.5 , -585324 , -218428
61377.8 , 456572 , -1.15152e+06
384542 , -195971 , 655697
804114 , -97630.1 , 593077
-299224 , 299903 , 900909
376918 , 381278 , 587334
89626.1 , -58969.8 , 186643
179884 , 702037 , -573094
794595 , 162288 , 48648.7
547864 , -515022 , 518167
470300 , 293730 , -753579
-661925 , -473361 , 605587
-91241.9 , -95772.3 , 751383
295959 , -869645 , -122597
98200.5 , -634357 , 924270
369421 , -444817 , 273923
222487 , -575640 , 140987
522934 , -105616 , -317366
505048 , 406751 , -719625
-103519 , 820581 , -548325
81319.5 , 233386 , 427149
-438307 , 42728.4 , -182858
-493640 , -178012 , 17227
-144745 , -134884 , 409007
-95705.2 , 386496 , -372316
285662 , -73859.9 , 925638
158605 , 175215 , -259410
310576 , 702216 , -184437
-480162 , -621189 , -339996
64701.8 , 656022 , -44017.2
107229 , -196123 , 571060
-81377.1 , -482816 , 632117
136797 , -674516 , 686786
-433991 , -749565 , 242308
-82855.2 , 188826 , 768933
-748935 , -261199 , -262984
-290351 , -488288 , -441284
-311866 , -570015 , 328238
266251 , 408069 , -258208
495916 , 660179 , -520102
-596203 , 321007 , -264703
148618 , -418368 , 53947
890704 , -94705.3 , -33769.4
197902 , -768531 , -118695
-817220 , 118823 , 354346
406728 , -411447 , 312622
-298124 , 167832 , -541998
193736 , -638816 , -863039
-739761 , -127384 , -227802
-296552 , -450187 , -425847
-135614 , 726396 , 304954
-575222 , 200576 , 297594
250106 , 81054.1 , 209311
-330868 , -144149 , 206175
-421612 , 309701 , -477348
-108782 , -310242 , 79478.9
-466596 , -741193 , 393860
-550008 , 639326 , -401570
-300406 , 418083 , 358632
131549 , -173207 , -702413
-120178 , -496579 , 349667
84949.6 , -434256 , 195959
367775 , -247027 , 30852.9
673690 , -153532 , -415973
-424819 , 509587 , -770332
-660126 , 525690 , -9894.67
-739586 , 100864 , 529875
-384195 , -353767 , -458975
-469709 , 517447 , -222990
440661 , 543948 , 60204.5
-863184 , -368965 , -127615
273990 , -260392 , 634508
116435 , 747802 , 333539
-556499 , 34484.8 , 555133
-880706 , 636822 , -387170
-745042 , -317895 , -83819.3
364832 , -364765 , 933970
-74715.9 , -230334 , 994101
399421 , -78575.9 , -173756
-227481 , 561793 , -456074
-397961 , -613196 , -365610
-6023.54 , -557060 , 829822
629109 , -382574 , 419059
525949 , -239935 , 693801
616116 , 318950 , -842170
-362028 , -19276.7 , -24489.6
-23161.9 , -178224 , -254530
248667 , 430742 , 675709
-184931 , -567471 , -490642
1.08729e+06 , -282083 , 290368
-398384 , -402895 , -722414
143239 , 494204 , -530029
-234818 , 665205 , 450126
-30616 , 275026 , -70430.6
372254 , 299478 , -412901
-42781.5 , -648111 , 572504
-216399 , 770862 , -604826
311263 , 773564 , 155684
506891 , 600402 , -556930
768089 , -365237 , 619630
505536 , -439884 , 321466
-475728 , 281726 , 552485
4833.04 , -337844 , -596084
384829 , -849570 , -477357
177386 , -426255 , -89695.9
-576368 , -668347 , 102432
-436969 , -686140 , 203112
-476839 , 541351 , 158012
223696 , 182108 , 83546
-830809 , -39085 , 140257
-604039 , 112416 , 179226
-277843 , 736029 , 333689
-516131 , 213290 , 616244
287562 , -155262 , -635035
-497089 , -133317 , 817083
-919017 , -248599 , 150297
373920 , -104238 , 330425
-948187 , -563773 , 432732
898318 , 217182 , -152931
387808 , -31943.6 , -880814
-726887 , -759845 , 340218
13346.5 , -434259 , 542224
564858 , -691777 , 523791
672434 , 462842 , 484595
748831 , -91069.5 , 286075
-278089 , -15575.3 , -388563
141136 , -255104 , -585311
279066 , 307755 , -174543
-744136 , 290977 , -253159
-702016 , -249741 , 684001
620220 , 422671 , 315058
-515227 , 351450 , 494831
-699417 , 194698 , -46879.4
-230717 , -237766 , -724263
-303010 , -93306.2 , 871934
-1.02868e+06 , -401169 , -190549
-873786 , -36374.8 , 227461
-192782 , -203178 , -260283
137877 , 193439 , 1.14329e+06
-218445 , 73533.9 , -436451
-392194 , -585219 , -390521
-62006.2 , 693259 , -72729
-401674 , 136868 , -199314
-46178.4 , 181326 , -265914
-112058 , -241980 , -957790
-184925 , 477844 , 441571
261253 , -142253 , -635071
-875834 , 191386 , -471119
-231731 , -329681 , -459761
-433309 , 561337 , -257303
-288165 , -6865.67 , 940704
480699 , -222074 , -1.05876e+06
-615372 , 396798 , -360811
-208419 , -605474 , 239331
-205253 , 421249 , 301573
-623404 , -27334.9 , -10398.7
372845 , -451259 , -93407
-81687.4 , -48177 , 746877
-420788 , -83046.8 , 536328
11511.6 , -87908.3 , 397334
-10688.5 , 404570 , -94314.8
238089 , -600198 , -356691
38024.3 , 277062 , 330357
-478233 , 808531 , 66720.4
-281791 , -371448 , 199916
-695953 , 245726 , 530552
29785.5 , -752535 , 135.525
-114773 , -29513.4 , 886654
182864 , -87899.9 , -43772.9
-78796.1 , 605859 , -177758
68061 , 635167 , 294739
531942 , 168592 , -75558.5
-380799 , 216410 , 270129
107954 , -389040 , -302575
154220 , 147920 , 191357
116749 , -234250 , -381726
211843 , 5490.88 , -261517
288264 , 639249 , 1.08514e+06
-13210.8 , 459921 , -487682
292748 , -390931 , 386775
-184247 , 590387 , 150882
-498096 , -55666 , -63401.9
-173837 , 562436 , -287067
-741521 , 344299 , 650968
-83084.5 , 395255 , 288407
336489 , -263063 , -586476
471884 , 390332 , 807337
-928542 , 533154 , -211176
-83066.4 , -536736 , 271149
171911 , -228456 , -561455
-336451 , 144860 , 564647
-53200.1 , 553526 , 614385
183114 , -454245 , 21508.7
-316437 , -421347 , 348959
-311808 , 284503 , -63950.1
-1.16137e+06 , -56914 , -257085
795305 , -167932 , 696750
86420.8 , -260377 , 348817
-115138 , 607694 , 393886
173784 , -457173 , 636952
-439899 , -894658 , 215471
-429376 , 342245 , 427157
-325215 , -193128 , 520222
922064 , -57936.5 , -809546
520468 , 223503 , -202352
-423714 , 448802 , 137610
-414950 , -1.15194e+06 , 125568
-537315 , -839392 , 507692
-288182 , -469381 , -89034.8
-209454 , 213185 , -220021
-610991 , 502019 , -159108
-1.03232e+06 , -132090 , -53047.4
678014 , -57813 , 408197
785624 , -682302 , 261458
423970 , -692089 , 275191
9763.6 , -214890 , -532030
-232348 , 727901 , 646956
656325 , 146141 , 740926
-607770 , 250210 , -576910
298574 , -1.0783e+06 , -314628
670623 , -308822 , 231774
-102824 , -457625 , -300072
16207.5 , 558798 , 1.27387e+06
-603160 , -703014 , 280013
455732 , -67597 , -355150
161543 , -454692 , -540070
-454689 , -59309.8 , 531987
-671210 , -292034 , 420173
7395.01 , 722458 , -242335
493335 , -392292 , -370941
90504.9 , 575187 , 85742
-520322 , -795823 , 157694
369896 , 980102 , 48797.1
-75623.2 , 281474 , 691338
-40365.3 , 442434 , 378431
-373013 , 751633 , 669811
-18656.2 , 284959 , -996933
-182071 , -491339 , 308570
493304 , 152783 , 442851
423631 , 837914 , -132673
211021 , 683398 , -887736
821265 , -135953 , -619419
-31591 , 309488 , 696146
-247979 , -156830 , -251214
-38573.1 , -243904 , 687808
-732984 , -386392 , 489463
318393 , 931159 , -280061
-171935 , -366683 , 974502
-87186.7 , -156055 , -54830.8
-129286 , 857950 , -671692
773597 , 143555 , -47461.8
112264 , -431220 , 327763
19541 , 68521.1 , -643018
222975 , 515038 , 761404
-576057 , 537595 , -6593.05
29811.1 , -424957 , -643448
288115 , 969728 , -503834
441393 , -171081 , 8989.89
-15509.5 , -405030 , -296276
-568211 , 28329.6 , -572969
-353701 , 1.00978e+06 , 301049
-496829 , -284512 , 610890
591125 , 254054 , 624982
383408 , 675687 , -296414
-37302.9 , 216658 , 499018
-946912 , -143083 , 320938
-758441 , 638347 , -291994
533067 , -796282 , 49660.2
-69865.8 , 737176 , -356947
333792 , 712550 , 37070.3
-578233 , 567217 , 448722
242022 , -769083 , -24774.2
-358176 , 120427 , 532925
852442 , 826263 , -296446
783885 , -171523 , -82031
791897 , 343412 , 281942
265831 , 112980 , -397967
-709063 , 550236 , 385310
614582 , -406046 , -18189
-659788 , 103838 , 977561
-352303 , 193064 , 511389
771405 , -142557 , 135384
558463 , 587778 , 763979
-785646 , -775575 , 374166
-208979 , -903368 , -33929.2
605078 , 69709.3 , -457734
-72642.5 , -949074 , 518991
613936 , 273981 , 104241
-633334 , 273675 , 408244
-791429 , -268488 , -17130.3
-224394 , -168477 , -811943
-270549 , -226961 , 393983
570469 , -80372.2 , 26420.4
573476 , 481613 , 29193.3
303027 , 68463 , -976910
353552 , -7110.1 , 252049
-219064 , 1.1998e+06 , 113754
174870 , -957435 , 474517
496058 , 353459 , -810695
509729 , -221745 , -646173
863264 , 340216 , 7487.08
612867 , -261143 , 145793
303291 , -76495.3 , -136821
48654.8 , 878882 , 71767.7
-314815 , 212461 , 164494
-225329 , -109775 , 747652
-493920 , 338178 , -265399
-597578 , -270361 , 834001
-81782.4 , -484573 , 437241
189613 , 243437 , -128467
-390498 , -735609 , -322945
1.09317e+06 , 49045.1 , -96007.1
576969 , -44305.1 , 516159
-225531 , 606403 , 139956
-397105 , 397322 , 817461
274067 , 303118 , 616038
572852 , 485185 , 660901
188887 , -692634 , 392634
470073 , 311158 , -70509.7
366764 , 491410 , 110325
-338593 , 718557 , 440353
-313757 , 293854 , -509650
157662 , -710333 , 682022
215642 , 192990 , 369699
577931 , 367469 , -241262
834581 , 387577 , 186545
714479 , -440073 , 728407
-119193 , 133183 , 585253
854859 , -30908.7 , 785665
-434867 , -198384 , -438047
497457 , -267789 , 441503
198917 , 62237.8 , 793753
-42507 , -292564 , -299430
493125 , 348082 , 740800
-847439 , 151242 , 570288
147827 , -830188 , -433429
151684 , -568266 , 10141.7
468495 , 51871.5 , 572749
-716654 , -424087 , -398485
438685 , 781917 , 178728
-217627 , -114003 , -118114
-362628 , -497983 , -758460
-1.03573e+06 , -104456 , -246229
473663 , 729034 , -225215
-408243 , -29354.3 , 382393
652074 , -646576 , -98746.1
292368 , 181916 , -766396
-893583 , 552702 , 259378
-654980 , -736299 , -29570.3
333002 , 200959 , 286646
214745 , 275121 , 503382
-105250 , 619601 , -588626
-45689 , -235369 , -13600.9
-405664 , 332528 , 690950
-733736 , -480043 , -509819
1.18045e+06 , 121727 , -78669.2
-303818 , 579728 , -410098
-491038 , 425907 , 934666
-175256 , -125728 , -375919
60737.5 , -128026 , -214898
-1390.6 , 184615 , -218302
-700087 , 87776.7 , -665892
-570429 , 233528 , -1.02954e+06
-474182 , -325623 , -274863
161842 , -202605 , -159870
350892 , 598086 , 101822
599495 , -730840 , 180515
-5751.84 , -149351 , -352739
44503.6 , -554134 , -613135
223914 , 72560.4 , 351656
-300928 , 319205 , 563379
-218632 , -269326 , 497181
-41753.3 , -596213 , -881032
-64835.7 , -189180 , -756770
546108 , 148716 , 324066
378663 , -687740 , -347026
-32562.9 , -1.25896e+06 , -289064
193402 , 1.14154e+06 , 115823
-791912 , -193252 , -471061
429992 , 364648 , -211649
-515861 , -609919 , -574347
576440 , -797365 , -71565
-857224 , 81277.4 , -120603
362526 , -399067 , -459172
181802 , 568431 , -590585
-116562 , 495071 , 641170
1.10638e+06 , -77545.6 , 163424
182463 , 45644.9 , -1.01173e+06
-544149 , 171016 , -622181
-1.04953e+06 , -78655.9 , -59771.8
-71575.2 , 613145 , 148147
-49883.5 , 778209 , 196117
-501224 , 311205 , 757704
575852 , -371783 , -440360
878364 , 44028.6 , 288762
493829 , -5733.61 , 200058
-279649 , -392385 , -193104
-563969 , 175052 , 452168
-646433 , 751732 , -153532
643.518 , -58564 , 972104
487717 , 516200 , 196262
-379120 , -72807.8 , -24664.4
497319 , -248097 , 211159
250206 , -666140 , 522992
11872.6 , 21312.7 , 878463
238899 , 106304 , 884446
-275440 , 133712 , 426686
251915 , 253431 , 1.02398e+06
-324189 , -70381.5 , 196517
129909 , 906499 , 759001
387296 , 169627 , -728320
-310184 , 696735 , 313491
-316223 , 181017 , 493585
-681131 , 607726 , 280135
-164888 , -133433 , 565960
57914 , 108808 , 759051
-336521 , -473209 , 491123
6085.71 , 257996 , -686800
-401545 , 245716 , -446704
317460 , -296891 , 331043
314944 , 327797 , -600026
593266 , -130717 , 326248
-539348 , 733913 , 314936
940698 , 29830.5 , 432307
-701847 , -873731 , -264475
88089.3 , -44133.8 , -1.05582e+06
83766.8 , -217101 , 272682
736751 , 508584 , -126209
-1.13135e+06 , -340378 , -436551
771112 , 331748 , 542794
-679699 , 121074 , 225394
-146262 , 689902 , 793136
392756 , -487820 , 414228
-14438.2 , -731692 , 330628
17879 , 846722 , -435476
-567160 , -219024 , 96154.3
-237028 , 605069 , 219637
-719401 , -234055 , -613755
-957248 , -66268 , 445024
-263586 , -430559 , -899744
-649820 , 406824 , 514484
256776 , -154128 , 299278
-653776 , -91861.6 , 97947.9
653588 , 86352.2 , 287047
299776 , 280504 , 951444
-794070 , -461690 , 158841
632896 , -521687 , 10212.9
-293014 , 463133 , -657793
217455 , -59957.6 , -198892
719308 , -616877 , -147225
23930.9 , 373227 , 28528.9
-709661 , 275851 , -535509
731200 , 389772 , -40885.3
626495 , -593828 , 541148
357703 , 440343 , 558439
-131075 , 321120 , -909473
419593 , 176987 , -663097
-588968 , -133054 , -322497
-29274.8 , -703490 , 180232
235994 , -196735 , -618801
-839572 , -574645 , 241387
-738804 , -72746.2 , 103322
642615 , -298523 , -609338
-355646 , -579706 , 507261
-274571 , 336288 , 335796
451110 , -529881 , -86895.7
526272 , 761151 , -94506.2
229441 , -63575.3 , 880197
-202427 , 798233 , -87068.1
133910 , -156302 , -831334
-225814 , 156409 , -394663
524040 , -368512 , 424424
265302 , 227077 , 284386
-829438 , 839913 , 277088
268494 , 222072 , -462498
73030.5 , 498727 , -901893
-545413 , -259185 , 131601
390615 , 630791 , 588549
118633 , 147293 , 105899
-162566 , 407169 , 254001
-148097 , -311448 , -14006.6
239241 , 615036 , -572494
-247936 , -295285 , 323356
30461.4 , -227539 , -439657
856805 , 806285 , 199188
-6680.61 , -252869 , 535623
-450778 , -617314 , -60158.8
-131156 , 795814 , 565860
233052 , 617612 , -358742
411933 , -274623 , 216515
-319496 , -851712 , 483300
557993 , 418891 , -158151
611216 , -569884 , 240547
237902 , 997444 , -267239
-599048 , -176541 , -422335
-857728 , -493298 , -292598
-587618 , 187708 , 188592
388689 , -397583 , 34115.1
252320 , -557987 , -166096
-378016 , 120338 , 114818
1.00558e+06 , 116896 , 545865
329670 , 150918 , 403368
-9688.08 , -241442 , 144862
355788 , -208647 , 459868
-78906.8 , 401758 , 450750
269440 , -211607 , 75834.5
-259760 , -683010 , -25649.9
809290 , -69446.4 , 311223
-313893 , 592567 , 597191
595006 , -354363 , -875364
503813 , 202124 , -687820
-138397 , -983563 , 166779
38599.6 , 658234 , 472644
648324 , 107326 , -3116.18
428994 , -457392 , -332342
-506227 , -396469 , -273852
-52796.4 , 706093 , 289359
150600 , -145242 , -282438
-19582.4 , 32475.3 , 1.20684e+06
-194470 , 546150 , 741741
389692 , 56525.2 , 487823
-586835 , -12167.4 , 314542
77153.3 , -11581 , 387758
222456 , -715076 , 296108
-960109 , 249246 , 73340.3
364739 , 217909 , 220875
274749 , -220930 , 163533
-199424 , 295172 , -426019
896019 , 456537 , -11967.6
86607.2 , 455416 , 1.03649e+06
159784 , -782544 , -308503
14415.7 , 1.04998e+06 , -347860
-170817 , -11680.6 , -152842
-132134 , -143946 , 574519
-1840.11 , 438687 , -142870
592839 , -374961 , -312917
-1.11308e+06 , 99597.9 , -82247.2
320523 , -481639 , 524324
409574 , 204595 , 857574
320547 , -36262 , 735324
433741 , 56713.1 , 902553
-90400 , -317804 , 618803
425964 , -91806.7 , -173077
247871 , -150569 , 772268
-159502 , 47071.7 , 984548
-219337 , 292772 , 437218
-554113 , -465515 , -318691
-368086 , 29076.6 , -391910
49414.3 , -583354 , -883585
798287 , -729603 , -312121
-564283 , -347379 , 124840
-608607 , -250535 , -351394
54134.3 , 384337 , 541928
-246377 , -971590 , -74949.2
-327774 , 680404 , 857465
-498112 , 429513 , 353020
516122 , 242256 , 319751
274310 , -383385 , -150591
-542877 , -142671 , 895836
242239 , -41071.9 , -686585
19404 , 61520.8 , 323442
614107 , 488385 , 391097
-208335 , 204519 , 329943
-99852.7 , 390794 , 915949
225071 , -50107 , 564810
-86665.9 , 531970 , -52915.2
-324698 , -1.05784e+06 , 363983
-474351 , 674565 , -63336.7
69368.6 , 661466 , -14559.5
-104496 , 204586 , -120329
-394358 , -713516 , 786500
242717 , -234994 , -522881
-24544.1 , 514486 , 338088
629324 , -491876 , 180269
-617610 , -449304 , 311069
-251559 , 721567 , 370924
92557 , 885273 , 68072.1
-214454 , 478604 , -157303
-446291 , 325051 , 681898
91036.3 , -474054 , 693468
-759679 , 193464 , 334563
-95702.3 , 298027 , 719365
188611 , 365140 , 749870
140385 , 417942 , 479972
-360660 , -316826 , -51339.3
338003 , 797845 , 300619
-48030.7 , -455207 , 403772
50818.3 , 91417 , 265361
-66848.2 , 372132 , -452933
482488 , 534835 , 92634.4
337899 , 101991 , -1.0192e+06
-121652 , -425797 , 727020
-394912 , -257867 , -729349
-10264.1 , 1.04429e+06 , -22981.1
-545777 , 174888 , -93581.1
-401922 , -140564 , -630538
775914 , 614761 , 268558
-818715 , -323125 , -198683
-240182 , -88055.8 , 210244
134831 , 141213 , -469262
-71101.5 , -62235.5 , 1.04351e+06
486135 , 1.11621e+06 , -340750
-414951 , -473975 , 366678
-332402 , 527288 , 198062
524680 , 143642 , -452240
472598 , 398115 , -807361
24279.5 , -392832 , 171728
-163390 , 606326 , -326579
-329893 , -903009 , -5730.73
-703529 , -578388 , 436943
547268 , -505960 , 676200
-869359 , 217119 , 494366
-92422.8 , -40169.3 , -585090
41003.7 , 429321 , 251383
48599.2 , 584959 , 256927
-688497 , -82695.2 , 677424
218639 , 168021 , 704587
342658 , 337424 , -604648
-532114 , -428550 , 588209
180525 , -430841 , 206039
-412909 , 218258 , -293139
-341123 , 311466 , 821219
-829071 , -105728 , 138014
-368158 , -542818 , -191496
473997 , 325925 , 140749
-760242 , 27897.2 , 513205
-483739 , -86068.8 , 722278
322589 , 423709 , -532019
-450868 , 455095 , -199395
371973 , 940241 , -129.045
-437392 , -812472 , 705692
-335788 , -431783 , 272666
272934 , -454264 , -476257
-731890 , 390939 , -537007
685966 , 841100 , 463631
-727315 , -923681 , 263232
-300886 , 118802 , 534507
-390447 , 488349 , -881.386
411602 , 267365 , 185665
-387006 , 638599 , 919078
-280317 , -52623.8 , -137291
-787685 , -423555 , 355735
-573223 , 521254 , 204353
676428 , 200763 , -728367
144837 , 447993 , 400155
213240 , 1.07632e+06 , 492003
-360007 , 5898.93 , -382724
409147 , 82506.1 , 153976
-397555 , 1.05769e+06 , 370154
460839 , -490079 , 368563
822342 , 343302 , -208814
734810 , -592383 , 336193
-393347 , -552644 , -146715
-767060 , -297647 , -836812
196410 , -215068 , -116017
-529480 , 51175.9 , 730671
291977 , -139121 , -925582
-360756 , -529142 , 477921
-33116 , -106765 , -64620.4
-776045 , 60332.4 , -1.08054e+06
583922 , -691044 , 124731
-305697 , 530557 , -94236.6
144301 , -633378 , 295906
30487.3 , 169979 , 395949
-563199 , -187279 , 498617
-801210 , -861272 , 337225
325868 , 759757 , 926228
41193.8 , -371408 , -534521
-808922 , -541389 , 289390
-329876 , -370640 , -386730
-521058 , 191452 , -753675
537574 , 546983 , -468555
-201448 , -607004 , 235230
123510 , -468183 , 865903
691357 , -442198 , -197566
195943 , 556939 , -645434
674003 , -78413.1 , 405191
-63462.1 , 47271.4 , -380857
661979 , -75239.7 , -800000
381328 , -402578 , 104175
-302662 , 198509 , 312763
44978.9 , 168503 , 252656
298593 , -406450 , 200215
-244962 , 814612 , -553441
-387471 , 396851 , 37673.7
-919669 , -308727 , 331248
-208964 , -266048 , 546674
353688 , -353419 , 440304
259416 , -63547.4 , -1.10537e+06
-81453.3 , 81521.6 , -409633
319216 , -485367 , 735827
-559476 , -207098 , 540931
351436 , 759283 , -498178
-335828 , 159559 , 465218
832939 , 94916.1 , 926239
775198 , -217235 , 870516
-203762 , -142411 , 783566
614174 , -131177 , 394645
90364.5 , 406635 , 387571
-203632 , 642991 , 239121
-104483 , 203680 , -690683
-104178 , 223693 , -263366
-480255 , 433729 , 111145
23122.7 , -442535 , 876424
340462 , -182857 , 718856
-174453 , -227171 , -569213
998227 , 200413 , 217055
783575 , 148795 , -364856
-375532 , 301713 , -607487
893017 , 634345 , -180340
288564 , -686148 , 225729
-536412 , -438738 , 277993
706629 , -266233 , 461222
-395138 , -888699 , 131013
-16295.3 , -697782 , 841334
-700857 , -18134.3 , 148712
58516.4 , -44617.9 , 64225.3
-217184 , 200207 , -578379
619168 , 117754 , 678804
-172834 , -389328 , -504695
216981 , -12654.2 , -813553
112678 , 32823.1 , 505211
163577 , 157453 , 12937.8
585182 , 54650.5 , 423805
880616 , -130546 , -242291
-61264.8 , 787252 , 567270
-528095 , 30264.6 , -424209
687933 , 366026 , 463499
-888205 , 184145 , -259947
-401916 , 226267 , -18981.2
283439 , 197772 , -971928
337730 , -277608 , 638152
-674783 , 584017 , -64625.2
-594333 , 156902 , 661480
557946 , 304667 , 340884
-416376 , 529643 , 455891
-212241 , 699574 , 311991
-365250 , 316938 , 497319
-173603 , -499518 , -629090
112915 , -449098 , 509296
-503239 , 623853 , -209016
-131126 , -62754.9 , -600770
-589870 , 123673 , 96824.8
-302598 , -493129 , 404405
144214 , 256104 , -68909.5
-317247 , 705628 , 454953
316228 , 689912 , 389770
161228 , 96643.1 , 208809
-618547 , -518474 , 217903
-962608 , 435187 , -9876.33
187832 , 104632 , 278708
88378.5 , -402049 , 602790
406106 , 270309 , -12773.7
-554095 , 162580 , 420904
387599 , 181051 , -563214
-205763 , 944406 , -106971
367185 , 734217 , 484435
-516.041 , -200808 , 671685
-18978.5 , 661946 , 111165
-584303 , -221902 , 56571.9
905885 , -87234.2 , -103819
840646 , -314580 , -532617
455698 , -39062.2 , 320863
-776718 , -362660 , 692812
-336908 , 459543 , -35152.3
394359 , -280639 , -431955
83043.8 , -194210 , 328753
-210370 , -763464 , -207894
788709 , -394498 , -688314
-516265 , -135217 , -115941
-191605 , 343749 , -484056
-157213 , -360338 , -302911
58083.4 , 352606 , -692277
-308935 , -736044 , 268988
-106303 , 66369.3 , -226161
-225025 , 571064 , -83052.6
592905 , 209001 , 138382
1.06233e+06 , 137903 , -480030
-15612.5 , 850901 , 414951
384932 , -67615.2 , -88762.9
122839 , 883666 , -441852
-545302 , 402212 , 523744
380310 , 9316.82 , -733122
-902504 , 457397 , 350979
672053 , -335224 , 443865
17242.7 , 761491 , -11690.3
478350 , -860489 , 412612
-538829 , -260910 , -790906
618569 , -426091 , 200248
-235655 , -107341 , 1.2062e+06
305410 , -238934 , -158000
386990 , -472967 , -806082
259084 , 615317 , 168797
153262 , 218717 , 398163
264507 , -378458 , 415216
-739234 , 125409 , -244571
744554 , 223484 , -118467
242174 , 540100 , -649833
-404488 , -670731 , -889022
-266283 , 674573 , 296399
194114 , 653818 , 52744.4
-190592 , -615044 , -326187
355713 , 771028 , -95997.4
368691 , -100988 , -875032
255943 , 601154 , 390080
-120734 , 124895 , 221422
-205521 , 409477 , -420310
729346 , -147372 , 382174
-717462 , 624428 , -685820
-774834 , -155532 , 117879
370587 , 485188 , -141390
387076 , -68254.9 , -282676
-346368 , -319059 , 17217.4
676370 , -271124 , -649203
-428745 , 102169 , -127920
616989 , 333926 , -94832.2
100218 , 339942 , -219513
-535169 , -67547.7 , 179030
-713096 , 599549 , -360179
-495121 , 774014 , -352660
428342 , -931395 , 357703
212129 , -641620 , -515790
-440011 , -494016 , -202154
62933.4 , 745049 , 428961
-119402 , 929678 , -13737.7
-605737 , -49320 , -625264
-63013.9 , 797484 , 530806
208971 , -73459.3 , 520045
590875 , -410194 , 331724
426146 , -76213 , 97694
-344285 , -317995 , -958765
-877124 , -351039 , -117746
442485 , -247929 , 412339
-709447 , 227519 , -252846
1.05429e+06 , 62396.4 , -335210
-13759.8 , -873967 , 214643
411405 , 627871 , 221211
-237336 , -526713 , -448353
554072 , -469715 , -315234
335463 , -421155 , -463241
39373.5 , -964385 , -772828
-290150 , -363804 , -710146
-362621 , 374347 , 637726
-60026 , -675174 , -119202
230769 , -532698 , -356096
15777.8 , 400035 , -655018
257478 , -17039.1 , 117027
-161160 , -364896 , 396164
-161770 , -257996 , 370976
-731431 , -206673 , -72406.4
-249033 , 234042 , -845032
-21817.2 , -836653 , -223187
-664131 , -377329 , 731389
-166675 , -167435 , -270774
-134366 , -38180.2 , -992704
249333 , -378244 , 589673
430842 , 86316.6 , -439463
-667930 , 319177 , -13753.2
377725 , 733773 , 350038
49916.1 , 355197 , 50238.2
-284624 , -4150.71 , -388031
427815 , 541610 , 72726.6
-347558 , -454319 , -507547
-6789.95 , -651311 , -152330
-597301 , -457001 , -263356
200284 , -238023 , 913265
119520 , -150656 , 881162
-337152 , 274326 , -300465
-165160 , -151739 , 483203
-884211 , 128413 , 411486
-506524 , 527878 , -113718
168718 , 82719.6 , 698226
-783184 , 675436 , 47461.1
610391 , -207009 , -233783
343639 , -6950.3 , 902488
-237527 , 626260 , -222603
146301 , -548032 , 191335
-471377 , 249695 , 166510
483356 , -612294 , -671679
228429 , -9841.86 , 313246
-244855 , 611871 , 715050
-172096 , -128323 , -724461
-379550 , 139044 , -727490
-227493 , -906083 , -337757
-661818 , -300464 , -898458
-128773 , -277191 , 110193
-299616 , -678929 , -84495.1
-581684 , 395558 , -760454
-565133 , -218775 , -444079
183328 , 382686 , 244676
-649385 , 328681 , -320399
-588523 , 709038 , -92114.4
168455 , 168900 , -656926
587610 , 37136.4 , -668239
-114627 , 150839 , 401979
-440315 , -117647 , -125651
293595 , -189948 , 593905
11619.2 , -674764 , 766780
409028 , 767287 , -896941
417284 , -180719 , 417871
477904 , 616303 , 450776
88219.8 , -445425 , -557467
659525 , -307747 , -497464
-276907 , -192165 , 429085
558486 , -356342 , -91640.3
-248841 , -324581 , -1.17552e+06
317588 , 106785 , -456293
-670448 , -514696 , -17488.4
59827.8 , -327417 , -472230
109781 , 810869 , 149615
32962.6 , 755144 , 781237
500883 , 396271 , 389928
-374485 , 405024 , -641985
479735 , -85430 , 277130
-761612 , -636718 , 317156
-327675 , -483370 , 69540.2
468705 , -122375 , -354750
-124409 , 132013 , 592726
-299292 , -753741 , -804610
-105731 , -209296 , 283061
-638188 , 91624.2 , -603333
-296817 , 29803.4 , 99430.3
637467 , -102601 , 348880
711189 , 121238 , -373950
-731587 , -241740 , 46204.6
-400499 , 543171 , -827256
326996 , -394510 , 355685
-230003 , 339977 , 355761
-571789 , 242461 , 224732
-821945 , 317606 , 348098
461161 , 152541 , -166418
-208085 , -78098 , -447335
-585135 , 285334 , 671669
-679572 , 119954 , -583329
457123 , 434802 , -476851
-19412.4 , 702231 , 764655
506709 , 110363 , 359019
873504 , 43606.1 , 341430
510930 , -856726 , 195813
-324794 , -90338.5 , 213324
132047 , 53628.7 , -609369
-484316 , 298292 , -315203
58404.6 , 156501 , 436063
-495519 , -8597.43 , 39840.1
-362004 , -64185.3 , 525972
-880415 , 435223 , 153019
-39666.6 , 369230 , 271190
-698463 , 13263.2 , -589377
-599584 , -409665 , 376603
-659566 , 101609 , -224897
291937 , 738664 , 530799
192877 , -228043 , -430480
-416198 , 417395 , 665922
-253294 , 259600 , 549567
1.07343e+06 , -117101 , -242559
-748386 , 239105 , 6194.36
308666 , 631021 , -280231
303727 , 637328 , -630321
-421334 , 18516.3 , 328937
-440823 , -244127 , 238987
219592 , -395720 , -559239
-128393 , -333789 , 574597
753516 , -113599 , -60296.4
-371165 , -552182 , 762847
46560.2 , 77458.4 , 654050
638828 , 46932.8 , -43853.3
-393254 , 413923 , -148929
-472219 , 316267 , -384628
315231 , 388295 , 11527.1
-774959 , 182137 , -762483
-685743 , 547324 , 3467.98
561117 , 386741 , 588913
460151 , 286131 , 490687
-258660 , 466480 , 668647
47291.7 , 22930.9 , 180000
483289 , -348903 , -612295
326983 , -261767 , -312880
-35400.6 , 72096.4 , 571371
138127 , -244586 , 17230.5
-761859 , 670576 , 440637
-599863 , -531170 , 143661
-262631 , -474333 , 25608.9
-140098 , -74667.8 , 186818
180548 , -828934 , 134241
229522 , 824399 , -26532.1
-791226 , -510365 , 308882
-176712 , -238077 , -514245
-164581 , -802847 , -360759
-117759 , -634554 , 526457
-15946.6 , 599355 , 29203.9
773450 , 165013 , 104700
-163440 , -729510 , 245050
122707 , -163986 , 8232.03
232237 , -429011 , 397340
403184 , -335871 , 650576
378282 , -439797 , 545275
-935249 , 13887.6 , 68101.8
-29939.3 , -761458 , -561828
158447 , -221937 , -282738
-435196 , 170488 , 332746
-200028 , -956609 , -425176
507533 , -117288 , 116424
-146750 , -1.02656e+06 , 87054
336549 , -18309.5 , -469842
334646 , 557275 , -559384
-359784 , -363985 , 555600
-147582 , 72509.8 , 819604
510445 , -724333 , -650854
-521714 , -268949 , 332912
-572544 , -212149 , 99416.4
502275 , 789165 , -207174
-301109 , -46954.2 , -527905
-543770 , 52906.1 , 535336
600816 , 125767 , 405084
-436819 , -278314 , -387003
-382188 , -803706 , 484248
-771082 , -298954 , 63186.1
-347528 , -363253 , 307532
6574.52 , 329733 , -852129
308589 , 409541 , -599789
-364059 , 68990.3 , -307305
351138 , -928751 , -42676.2
-537104 , 605102 , -152004
-38888.3 , 469776 , 741522
-475083 , -378053 , -346192
-72674 , -23493.3 , 457003
-240762 , -39710 , -18243.8
-133587 , 60349.8 , 530522
-620358 , -92245 , 691154
627031 , 621998 , -97013
-5691.29 , -231922 , 350413
548773 , -524114 , 123798
727218 , 184938 , 169250
-16958.9 , -450027 , -138985
131921 , -237807 , -452021
-451848 , 15593.8 , -89560.9
-140742 , 711292 , -202084
348984 , 1.05513e+06 , 28934.3
9632.13 , 614415 , 413178
-884003 , 95064.4 , 259829
-468696 , 610782 , -444073
-663776 , 545462 , -246690
163984 , 296315 , 182651
-701622 , 265195 , 286173
-303864 , 380486 , -319825
-453141 , -368681 , -573870
92969.7 , 150746 , 394754
-472037 , 223617 , 70293.4
-797316 , 132175 , 471639
-174223 , -69456.5 , 143258
-497806 , 163152 , -175523
-550176 , -415488 , -442166
435417 , 293593 , -150980
712726 , 812378 , 15690.3
114468 , -91307.2 , -258491
-423350 , -319966 , 672779
988833 , -411787 , 124906
868170 , 193124 , -207781
235680 , -465639 , 369861
-261453 , -860072 , 616037
275792 , 640786 , 333434
351579 , 32102 , 103120
-409173 , -44155 , 609207
386939 , -184042 , 273397
-345951 , 615579 , -392318
131924 , 809796 , 371086
-82463.9 , 969244 , 157422
434556 , 406397 , 336441
-130012 , -875063 , 212189
-600996 , 584264 , -153973
-841855 , -209323 , 3975.14
-223799 , 452969 , -91655.3
479653 , 465743 , 58391.8
-40648.4 , -888012 , -667395
78226.9 , -190847 , -709214
275421 , -449528 , -304770
95998.2 , 374142 , 279294
62601.7 , 407439 , -796987
-459837 , -673013 , -157807
938377 , -191559 , 129616
-403273 , -434448 , 95054.4
675628 , -483444 , -172054
-271729 , 233528 , 861978
-386270 , -765584 , -292007
85836.8 , 28207.4 , -582572
-163495 , 270989 , -68398.8
732621 , -50628.4 , 349071
-698786 , 100577 , -731297
-402860 , 53150.8 , 983526
-399042 , -418435 , 362584
-308209 , 152444 , 231400
758319 , 426669 , 440372
439812 , -106183 , -623857
-324844 , -1.11783e+06 , 67517
273951 , 6305.55 , -109143
-124029 , -159822 , 486877
76085.6 , -119000 , -627738
191391 , -97882 , 66704.3
113223 , 416967 , 801437
-180331 , 298463 , 56550.5
424862 , -75976.7 , -758313
-63260.3 , -438971 , 22499.8
-783112 , 247496 , 52210.3
-748732 , 226865 , 265812
-477925 , 80544.4 , -420833
714591 , -186543 , 322896
-449108 , -88284.2 , -133122
-719966 , -144693 , 526713
-779380 , -616034 , -205537
149794 , 133393 , -869562
669362 , 222640 , -46193.6
-564870 , -153846 , 308323
-120561 , -183126 , 5287.98
388953 , -552887 , 371269
-644027 , 359162 , -748867
416497 , -662489 , -246201
181862 , -311519 , -804010
191304 , 580343 , 932059
602921 , 165591 , 780304
29459.3 , 825603 , 190215
241445 , 923715 , 192486
837409 , 32176 , 473251
383613 , 18189.5 , 929679
-554835 , -382835 , 169505
-170342 , -345995 , -198866
-102052 , 539614 , 939504
827972 , -689332 , 150530
-11366.2 , -71811.7 , -518774
-708232 , -333144 , -399075
330213 , 164492 , 755542
-406958 , 472410 , 592004
-907779 , 444003 , -525267
-567430 , -566284 , -688351
803396 , 201180 , -59744.5
439033 , 243244 , 905351
-659586 , 747846 , -463898
-76805.6 , -107377 , 235792
-843537 , 280994 , -191695
79825.9 , -1.06187e+06 , -125634
-180308 , 266014 , -413058
1.08914e+06 , 244950 , -457095
111282 , 134304 , -40235.3
655180 , 410710 , 292079
357987 , -517012 , 702921
572784 , -731733 , -83345.1
-185665 , 783236 , 426461
58378.3 , 687132 , -173235
-201078 , 411886 , 423415
-294099 , -1.02817e+06 , 923072
698649 , 885137 , 84564.3
-55538.7 , -440458 , 688528
-298053 , 167477 , 855107
-352712 , 920391 , -158465
-195902 , 137946 , -447937
479010 , 214083 , 958988
-159590 , -882013 , 450880
125031 , 293557 , 465402
371225 , 241015 , 321309
142735 , 54875.4 , -196076
72943.6 , -489973 , 17200.5
76210.7 , -505236 , -869568
615542 , 71099.9 , 178483
944105 , -420772 , -186897
744501 , 365599 , -566480
304351 , -635522 , 962270
-333347 , 879717 , 36424.5
232875 , -232293 , -226166
587719 , 686723 , -158593
571882 , 4903.09 , 596420
-51064.4 , -428468 , -868163
-461576 , 336507 , 235691
600486 , 625021 , 300584
-9624.43 , 175403 , 763543
-444605 , -498405 , 372516
351906 , -202439 , -921328
-5052.51 , -605424 , -276527
59733.1 , -300341 , -236056
-1.09376e+06 , 192833 , 370754
489919 , -524898 , 159585
506465 , 685485 , -77302.9
659640 , -642907 , 69893.9
243373 , 270838 , -190504
118722 , -659188 , 382462
230109 , 57116.9 , 790905
584143 , -689339 , 289864
-164928 , -796721 , 6716.01
-300778 , -385432 , -49259.9
239752 , 410424 , 68802.9
-24940.5 , 311218 , 4790.78
-121026 , 18347.2 , 605595
-184986 , -71983.9 , 419881
-223770 , -68913.5 , 260030
189346 , 302072 , 312380
9779.71 , 528516 , -385769
507611 , 30649.7 , 651503
3521.29 , -76317.7 , 983076
-84008.8 , 514633 , 605032
684673 , 106852 , 375392
-205980 , 328718 , -868699
-278159 , -39913.7 , 886298
-49295.1 , -573183 , 176302
-229048 , -227560 , 564680
839985 , 132050 , 569642
590199 , 327054 , 449614
-90166.3 , 89993 , 178312
206641 , 541920 , -407845
832966 , -218461 , 121947
-453953 , -632583 , 60534.1
-369053 , -330113 , -5563.87
-451072 , -885708 , 90279.5
-319431 , -873703 , -247335
-385013 , 526191 , -48848.8
282562 , -100275 , 215470
-449175 , 352387 , 915678
-705696 , 448620 , -7411.8
148478 , 498005 , -271108
335006 , 326524 , 918306
-427641 , 830161 , 489962
833643 , 686807 , 6832.59
108512 , -86048.2 , 416765
601324 , -348872 , 568842
-168292 , -428803 , 230887
-387636 , -563492 , -162611
-463845 , 455414 , -186507
388033 , 400944 , -358394
216683 , 439524 , 423103
-591273 , -679898 , -237115
-854058 , 277747 , 222298
-161576 , 496042 , -747435
1.18353e+06 , 21371.9 , -164797
250346 , -854408 , -497215
36402.6 , -962325 , 460466
514730 , -597695 , -455795
-53273.9 , 819959 , 780543
-171288 , -39704 , -14985.6
547474 , 520989 , -12737
506522 , 418622 , 52713.9
-744962 , 234427 , -199669
-671700 , 99517 , -115653
1.15374e+06 , -31511.6 , 204344
590519 , 602284 , 514765
-599149 , 290576 , -406513
-406895 , -583107 , 613577
735264 , -248819 , -79885.7
-411526 , -141241 , -454226
483802 , 144126 , 657337
443797 , -1.0026e+06 , 159424
-615167 , -287535 , 383613
-69276.2 , 30094.6 , -314167
-372677 , -462020 , 20590.9
1.04919e+06 , -178750 , 671147
-84248.8 , 260720 , -650540
-956956 , 128126 , -564748
-758978 , 587745 , 211373
-660147 , 438926 , 188161
-327653 , 48675.9 , 718880
256562 , -139900 , -737683
148288 , 459756 , 47680.6
47926.7 , 1.02403e+06 , 262009
-403473 , -269568 , -638510
-715622 , 108689 , -47883.2
566742 , 138552 , 955233
506774 , -348580 , 916993
654623 , -159654 , 597409
723616 , 416739 , -305072
-513424 , -5247.92 , 448049
-455364 , -264803 , -687084
715711 , -1312.99 , -281940
233031 , 348125 , 529668
755369 , 110738 , -305225
-348209 , -78077.6 , -449935
-205858 , -661719 , 226555
356757 , 131811 , 338828
-315581 , 266424 , -63404.6
-851578 , -170728 , 218122
475477 , 95094.7 , 693238
-952093 , -41860.2 , 19881.5
-481129 , -298622 , -209996
-598180 , 449354 , 636578
252575 , 521389 , -243327
-560569 , 370814 , 577509
548000 , 500031 , -540255
-487119 , -325787 , -41157
-941924 , -15742.6 , 495728
-123327 , -423247 , 936140
-262931 , 111943 , -864621
-943072 , 199993 , -52603.9
-656459 , 70195.4 , 488830
-95184.4 , -15776.5 , 273168
-465194 , -931543 , -538873
26124.9 , 81429.3 , -467448
836787 , 46305.2 , 440410
188044 , -231219 , 654042
-161616 , 388581 , 448805
-186457 , 494740 , 166255
14801.3 , 310699 , 794361
82853.5 , 361748 , 473529
135416 , -483455 , -467187
371568 , 61837.4 , 524560
110522 , 456909 , 453718
276222 , 169446 , -69837.2
69311.8 , 1.20629e+06 , -19319
-411530 , -304388 , 188625
-128128 , -77439.5 , 301092
-635299 , 137833 , 348083
807.095 , 103746 , -227419
-241800 , -364508 , 599099
326263 , 112601 , 10958.9
887950 , 132923 , 344728
-273810 , 522375 , -183750
57375 , 613243 , 150240
4384.64 , -638750 , 57294.1
342939 , 132727 , 550130
218586 , 844743 , -529131
616204 , 271685 , -88739.7
676040 , -406294 , -474266
129475 , -7055.2 , -248515
81968.3 , -207937 , 833140
665792 , 87824.4 , 298506
145461 , 729514 , -557025
-118621 , 316384 , 841898
458142 , -330898 , -944815
-136914 , 403019 , -661299
156774 , -458132 , 362482
-125381 , -362127 , 37959.6
601801 , 192419 , -231039
680497 , -178502 , -42353.7
-413699 , 879899 , 248817
106068 , 169427 , -491319
-68916 , -125766 , 331536
-51529.7 , -606486 , 720449
-371477 , -503386 , 515555
-258907 , -109323 , 633032
-59102.1 , 263055 , 87668.9
-368611 , -359069 , 53379.5
132211 , -492285 , 155321
149471 , -349772 , -770343
-102281 , 676956 , 456982
132255 , -527102 , -171038
171403 , -519817 , 1.00669e+06
992176 , 262154 , 538575
-109031 , -67887.7 , 195075
644343 , -22273.6 , 522461
206385 , -370740 , -785705
659122 , 431360 , 569515
-268964 , -1.09286e+06 , 369398
444085 , 247697 , -437325
-367972 , -570151 , -280228
-312477 , 748814 , 858442
530915 , 837768 , 473684
475897 , -530678 , -281052
708853 , 615075 , -175310
36713.5 , 223178 , 294673
151419 , -94242.3 , -515225
118854 , 227591 , 508415
-413647 , -112284 , 999374
78739.9 , 22046.5 , -256608
297915 , 160782 , 1.01264e+06
780140 , -508595 , 260548
-665238 , 376010 , -647609
39776.8 , 776631 , -629580
-401191 , -458059 , 363181
79697.3 , -614101 , -581188
472340 , -592713 , 736791
402420 , -110318 , -411725
82633.8 , 62720.9 , -502832
287466 , -601856 , 306994
626179 , -733027 , 11560.5
-292513 , -127881 , 837799
151536 , -151117 , 749644
-115006 , -156189 , 324031
-40891.8 , 321376 , 10982.9
557918 , 87102.9 , 552693
238855 , -749284 , -650596
136833 , 129948 , 239166
-333708 , -292484 , -25246.1
-382475 , 381959 , -50743.8
-126391 , -58708.1 , 309991
-6223.72 , 451327 , 482495
74779.8 , -436897 , -503418
508426 , -284598 , -453127
-235552 , -200032 , 275570
-427064 , 563884 , 361278
916312 , 336900 , 306007
-854810 , 437056 , 423100
-471546 , -426396 , -436924
-500393 , 218122 , 148328
573023 , 89433.9 , -811873
769422 , -233935 , 598953
-341083 , -132054 , 830894
606374 , -82328.2 , -219305
-405654 , -294099 , -275325
-391005 , -598465 , -723720
531910 , 63738.4 , 18320.7
177616 , 165817 , 496851
335579 , 819875 , -183199
357363 , -296010 , 412143
-359703 , -604819 , 293922
-461461 , -243431 , 649586
498147 , 1.01667e+06 , -324601
81755.7 , -241654 , 160134
-566256 , -553558 , -624677
-82026.3 , 472279 , -93423.6
-118101 , 711958 , 164696
309703 , 36892.8 , -714111
-188377 , 591125 , 581231
306789 , -65393.7 , -643797
139891 , -962337 , -165923
77287.5 , -361707 , -527607
-240517 , -106635 , 472460
-219894 , -70368.3 , -595964
-518132 , -807408 , 245073
-111358 , -74278.8 , 713156
397582 , 857067 , 686317
519472 , -105943 , -198586
137128 , 67024.1 , -557727
-995680 , 73454.2 , -564895
539451 , -427835 , 169374
250665 , 828477 , -282192
99365.6 , 411755 , 577124
-594947 , -71668.3 , -840068
251384 , -43622.4 , -375962
233408 , -248322 , 409974
-566332 , -318669 , 141849
-435747 , 60275.9 , -675839
-765926 , 660865 , 24252.4
-750133 , -49346.1 , -42648.5
-216534 , 48849.9 , -542791
-258859 , 254337 , 753558
-185766 , 783351 , -313804
-571311 , -451347 , 44227.3
-256539 , 962012 , 93449.3
-945697 , -28101.5 , -243085
-30625.9 , 64645.5 , 1.1618e+06
-28797.6 , -597515 , -793372
836907 , -124115 , 219665
-66269.5 , -42776.9 , 333422
-112677 , -327625 , -91693.7
-254362 , -153925 , 590295
860580 , -60708.9 , -402155
400675 , -454609 , 159403
771943 , 372366 , 198283
-607543 , 122416 , -575283
442104 , 263911 , -233714
-152403 , 566188 , 441308
570530 , -639326 , -425133
673006 , -302548 , -100990
73460.3 , -249710 , 107685
-128124 , 300445 , -229565
-596324 , -60244.4 , -228027
691165 , 539800 , -364575
687894 , -519602 , -283956
-555464 , 657772 , 624810
313510 , -208741 , 532492
-197035 , -516504 , -439014
-781189 , 625203 , 292844
95790.7 , 391751 , 823375
309272 , -140513 , -290629
-469066 , 376323 , -469174
-1.10468e+06 , -62006.9 , 281416
-595491 , 338511 , -357688
592114 , -498055 , 390626
387183 , -670193 , -855603
919528 , -401285 , -20347.2
146699 , 296684 , -337594
346538 , -120789 , -90915.7
-582999 , 94002.8 , -239246
-165006 , -508218 , 518866
-182703 , 168281 , -499809
591100 , -281827 , 184197
-1.02234e+06 , 287079 , -68546.2
-785049 , 165978 , -442018
-216318 , -345355 , 337560
14809.4 , -642789 , 413111
148082 , -52831.2 , 439414
-708841 , -269644 , -51318.7
253438 , -1.15317e+06 , 32530.6
-77704.6 , 659388 , 606404
-281211 , -257842 , 542484
33480.8 , -901912 , 508241
253933 , 590400 , 162096
-45054.8 , -783472 , -169474
-599388 , -103240 , -264475
-381200 , -140032 , 772073
-64973.8 , -915538 , 667493
444415 , 399552 , 366073
-393192 , 67685.4 , -13145.1
-522603 , -997669 , 456803
205832 , 497590 , -499660
-588346 , 180191 , -611314
-87098.4 , -98720.8 , 185370
453295 , -662464 , -236172
-52425.3 , 831765 , 448049
347138 , 77542.1 , 56089
-836790 , -326242 , -396940
-111923 , -132449 , -61678
101404 , 296403 , 46625.2
-59877 , -434295 , 710082
558984 , 303934 , 335022
95005.7 , -510838 , 304642
118767 , -885098 , -5194.6
327286 , -293582 , 97608.3
-604307 , 463136 , -327812
250781 , 354463 , 413768
322920 , -154073 , -590570
-88944.1 , 18072.7 , 33288.8
-59620.3 , -1.10681e+06 , -114651
137573 , -351378 , 87442.3
-354651 , -125950 , 23215.9
-101016 , -616719 , 196358
-259458 , 672303 , -47922.4
-94319.1 , 155460 , -198762
121965 , -166851 , 963325
-780028 , 887922 , -380476
357073 , -1.0651e+06 , -438800
41418.7 , 227422 , -101699
-114030 , -270271 , -258731
-172592 , 519625 , -760726
533542 , -57960.9 , 86554.4
-481327 , 522433 , 381677
505302 , 22489 , -124715
-70574.7 , 142044 , 282269
454779 , 242953 , 35493.9
269574 , -223260 , -506722
-542541 , -147677 , 265378
346584 , 48395.3 , 14158.2
-496298 , 200120 , 887066
229763 , -38633.8 , 764626
-60695.2 , 136594 , 1.12573e+06
-76583.8 , 468227 , -172451
-47405.3 , -100385 , 76940.7
-159986 , 681858 , 107464
-664689 , -105099 , -557524
42732 , -127464 , 627491
193706 , -1.11914e+06 , -211893
13699.3 , 46402.9 , 788638
-644861 , 192945 , -296768
199207 , 198114 , -202504
-213600 , -174385 , 237077
-381226 , -181526 , -641481
97464.8 , -400380 , -739028
-694963 , -147256 , 530102
-93661.1 , -85404.8 , 38393.3
-633135 , 140565 , 429688
-723114 , -182721 , -406864
310686 , 616747 , -699401
-977436 , 111753 , -695412
345250 , -172305 , 712896
68616.9 , -608997 , 634268
551185 , -496999 , -603840
316491 , -779681 , -37743.9
243075 , -576933 , 18681.6
-502888 , -246242 , -273741
-508858 , 687827 , 54632.6
-40809.6 , -282759 , -864936
524912 , -206983 , 220778
-398052 , -10726.2 , -125792
884621 , 104510 , 531279
-561758 , -823879 , 548375
23612.7 , -550573 , -326881
-730309 , -26616.1 , 431531
-225992 , -648363 , 185177
94757.6 , -553667 , 37914.5
-178894 , 212577 , 759496
-622689 , -169010 , -579498
56611.3 , -67819.4 , 157351
-349626 , -543563 , 123285
-721092 , 224608 , -247700
-253603 , -48128.6 , -690659
5607.63 , -564548 , 134346
-387039 , 688192 , -47872.5
-531145 , 817852 , 450183
1.13518e+06 , -64357.8 , 246694
-180542 , -125539 , 395891
-323646 , 598626 , -182451
268747 , -569000 , -403259
800247 , -3335.55 , 474327
22717.5 , 750121 , 632302
-251736 , 323370 , 206103
419612 , -68323.7 , 709542
-432993 , 555654 , 344559
332791 , -571838 , 173757
214938 , 342467 , -5010.26
60723.6 , -647456 , -198503
212215 , 70579.7 , -387883
677093 , -189883 , 81311.9
26464.4 , -415513 , 830191
659025 , 63971.4 , 445548
348530 , -25152.8 , 121210
-12856.2 , -377267 , 415392
871382 , 346179 , 218513
-440691 , -665700 , 402248
-83544.6 , -425134 , 489310
-154671 , 340554 , -46312.5
-65234.1 , -345985 , -231887
-368297 , 45483.6 , 903622
-386474 , -323007 , -156992
-74304.8 , 474449 , -347982
642078 , -69008.6 , 494577
-123306 , -536458 , 590313
-133978 , -22098.4 , -197718
-166535 , -974879 , -316660
310266 , -59321.5 , 387290
177014 , 446177 , -296173
735573 , 362844 , 110435
121227 , -943407 , 397675
-577439 , -141543 , 1.03313e+06
-81222.7 , -283134 , 77242.8
586452 , 1127.82 , 831943
553568 , -591202 , 446166
-520095 , 820155 , 220145
-566363 , -881016 , -354319
532921 , 45035 , 153880
574381 , 72405.2 , -751493
-642844 , 7918.23 , 410330
-318923 , 236039 , -178804
894636 , 675723 , 416426
-494215 , 467115 , 100636
226166 , -690389 , 460973
-657773 , 487450 , -454190
587855 , 1923.57 , -118378
454269 , -670732 , -456952
-260948 , -186195 , 250750
463972 , 357493 , 928530
195578 , -73103.6 , -630638
400074 , -291227 , 402969
42249.9 , -388162 , -364150
-203934 , 985620 , 208497
124359 , -320023 , 1.11668e+06
488050 , -691487 , 79742.6
269930 , -150823 , 732785
-530852 , 394759 , -398891
653980 , -48451.4 , -287938
-669217 , 568039 , -670506
687051 , -125514 , 209794
212891 , -93870.7 , 144020
-284526 , 296817 , 962828
544938 , -320463 , -775308
422615 , -568693 , -63722.4
-192583 , -20426.8 , 822603
-665004 , -426380 , -252959
311059 , -229885 , 25517.6
-412987 , -58671.3 , 358318
-21416.5 , -497031 , -376734
636228 , -373310 , -674577
-488494 , 556072 , 324760
-252492 , 20119.8 , 219697
-256691 , -330421 , 236973
230242 , 505199 , -333412
611620 , 276926 , -370.272
362287 , 361477 , -369325
-328286 , 25909.3 , 623961
254.317 , -691384 , -825875
101387 , 549262 , 359107
683359 , -802657 , -191856
471401 , -51380.6 , 999649
-602581 , 1.06092e+06 , 361621
-378270 , 526307 , -168873
-87511.7 , 185608 , 793949
36205.4 , -645816 , -424482
-234468 , 355516 , 410815
-965873 , -288837 , 429534
470954 , -76941.8 , 79268.7
-712957 , -214015 , -848613
200929 , 470633 , -539971
555775 , -289531 , -158882
-28232.3 , -193480 , 663902
891743 , -273940 , -389206
-527580 , -373798 , -435221
-406685 , 498518 , -1.00918e+06
-1.05424e+06 , -199571 , -119390
123869 , -284115 , 51991.9
72995.1 , 456672 , -900654
805313 , 77334.8 , 430633
154341 , -457543 , 190732
-117993 , -940998 , 64932.5
107394 , -359549 , -482674
939145 , -156958 , -67335.6
-395195 , 472809 , -90556.7
72864.4 , 879403 , -212024
-965109 , -127767 , -358096
66912.6 , 588860 , 576362
14750 , -548096 , -715455
439193 , 368321 , 304096
-333748 , -454201 , -578456
-220234 , 377700 , 606207
-131181 , -131917 , 481702
-444488 , 535706 , 86438.5
77130.5 , 607723 , -289641
445863 , -775471 , -466362
-786238 , -29627.8 , 566142
75231.7 , 167248 , -914532
-328950 , -245830 , -652568
126477 , 15136.6 , -204912
605583 , 204990 , 3543.69
-6762.03 , 415380 , 659958
-392420 , 322926 , 371358
445284 , 274761 , 58207.4
636304 , 509802 , -57185.7
-518713 , -1.0697e+06 , -39884.4
-318271 , 212197 , -146507
331051 , -418598 , -198624
-633884 , -20433.5 , 202329
312014 , -114838 , -679296
321731 , 8555.29 , 830888
-369871 , 330559 , 673527
-116283 , -387918 , -404309
-39643.5 , 549643 , 609174
598090 , -61526.9 , 14967
-729859 , 409756 , 721374
723811 , -115859 , -35833
312449 , 530028 , -186520
-174766 , -513702 , 251339
274907 , -36265 , 156162
-253328 , -158205 , 524160
229064 , 55103.9 , -441587
-153434 , 468580 , -68569.4
-123679 , 266224 , -448671
-671513 , -65245.3 , -12244.4
35837.3 , -208663 , -30276.7
-363131 , 1.03793e+06 , 452694
556920 , -141685 , 320503
598498 , -227753 , -688971
-730887 , -220515 , 362792
-346052 , -594.307 , -14585.5
-181769 , 593314 , 568254
725645 , -91386.6 , 153510
-517928 , 428310 , 158789
214045 , -496388 , -24672
-627032 , -1.03854e+06 , 88160.4
-446384 , -302078 , 737112
260800 , -4499.65 , 102057
167336 , 18942.1 , -967255
-658955 , 626382 , 297079
-422800 , -601544 , -673834
339668 , 2865.92 , -834824
-414930 , 94976 , 297593
-734240 , 300663 , 514743
-711880 , -419905 , -242553
-322516 , -377668 , 520032
484091 , -728707 , 277616
-160888 , 354500 , 9723.87
365035 , 676548 , 351823
-615421 , -223803 , 451644
374385 , 146132 , -388677
636296 , -479243 , 715020
399338 , 177313 , 307345
-625732 , -381418 , -75488
-488081 , 362901 , 126532
-511509 , 91557 , 185128
-203867 , 240550 , 299403
453009 , 216325 , 365159
615388 , -179050 , 758221
250804 , 576766 , -373977
402474 , -276988 , 528298
16322.8 , -750922 , 203810
-350061 , 341493 , 102978
-752175 , 579815 , 353817
-33115.5 , -760144 , -25831.1
-81216.8 , -3830.56 , 259864
260369 , 241019 , 427769
91700.6 , 125253 , -115956
-637441 , -135251 , -138145
-197797 , 132874 , 676009
-773776 , -127133 , 104249
157434 , 333993 , -293450
220078 , -204215 , -388067
-282525 , -718390 , -60484.3
-482211 , 110672 , 109641
726701 , -146851 , 554883
106940 , 248968 , 425577
-82071.9 , 460416 , -683124
-620164 , 392884 , 840014
243434 , -422003 , -399124
366975 , 618328 , -411939
-144671 , -138658 , 814094
-454074 , -56792.2 , -48314.7
-50815.3 , 44788.4 , -337192
198025 , -299796 , 204249
434568 , 492430 , 224899
-613333 , -230322 , -295782
-328265 , 676366 , -27027.1
485188 , 763176 , 196694
1.11775e+06 , -279968 , -172787
488368 , -525040 , -330333
-453511 , -426652 , 377326
-118944 , -207408 , -103511
-576650 , 552387 , -675471
72497.5 , 493957 , -242110
197316 , 108737 , 501014
173417 , -112793 , 659679
-259780 , -28811.6 , 545435
-310884 , 578061 , -263812
-244094 , 108450 , 122109
-491197 , 710029 , -16774.8
-721401 , 724095 , 769748
-458929 , 166305 , 314913
-274098 , 761645 , -537568
-876105 , -373242 , -170864
985.919 , -499764 , 45372.3
-240813 , 333676 , -326789
545049 , -448339 , 252770
13644.8 , 270045 , -870056
441295 , -592451 , 186353
617858 , 375685 , 210595
305731 , -130135 , -140780
557827 , 161677 , -46523.1
-637419 , 300281 , -28864.1
-87932.7 , -643786 , 325889
-355555 , -471651 , 159189
-207618 , 364919 , 466591
-204727 , -262101 , 1.12539e+06
854955 , 159971 , -369439
539099 , 525569 , -223060
144394 , -62477.4 , -89918
-61162.7 , -371703 , 689744
-796865 , 436162 , 270561
-638770 , -880292 , 377687
637456 , 523948 , 462809
202613 , 592507 , -211163
-460074 , -17495.8 , 958714
-1.06594e+06 , 34795.6 , 155264
-664371 , 247658 , -976161
339507 , -224615 , -406522
101128 , -91145.8 , 475456
-421444 , 601313 , 426591
-789218 , 97748.3 , -179088
-20500.9 , 746526 , -57356.2
-65447.4 , 166276 , -467799
312714 , -451385 , -807447
-400018 , 264818 , 110157
760411 , 110574 , 514483
39907.8 , 604103 , -380485
-711825 , 519227 , -68123.1
-295556 , 287604 , 226458
463941 , -258705 , -372687
389574 , 702830 , 261257
-359071 , 307197 , -268866
12234.3 , -448964 , 155440
-170163 , -250251 , 287021
434367 , -707434 , 196323
901641 , -124798 , -558926
398418 , 271969 , 216970
203746 , 26563.3 , 106264
-6209.95 , -264236 , 439607
80945.7 , 530217 , 29709.7
-321445 , 804205 , 427791
-476812 , -217123 , -590994
61042.8 , 742519 , -687278
-324579 , -442111 , -173938
171264 , 449579 , 483599
-503549 , -122600 , 211751
596722 , 747418 , 238264
584629 , 135540 , -317693
769639 , 3917.03 , -391198
115532 , 167252 , 528683
232997 , -242136 , 932826
-777063 , 293916 , -328895
49774.4 , -416382 , -467341
-275898 , -763987 , -193102
569669 , -449759 , -257672
-262249 , 214866 , 1.26202e+06
-621639 , -38302.2 , -944544
-157837 , -364045 , 209998
433054 , 681679 , -213336
-282404 , 532079 , 483247
962085 , 569547 , -13947.9
192860 , -621575 , -70130.9
335624 , -421755 , 159094
-124264 , 372234 , 151928
-299791 , 68405.5 , 1.11908e+06
887124 , 119878 , 664875
-99115.1 , 119209 , 669409
-25756.6 , -588195 , 37316.8
-281142 , -751250 , 195865
212884 , 588281 , 27481.4
-727884 , 707744 , 403123
701608 , -211451 , -470585
12807.2 , -340283 , -738121
175215 , 61024.7 , -124738
-10139.3 , 191196 , 57111.2
350822 , -386791 , 540096
194775 , -763988 , 977588
-333395 , 254619 , 343648
-588725 , -4600.44 , 268444
485084 , 551185 , -599076
-15773.7 , -725979 , -608032
-139668 , 636176 , 395178
-46157.4 , -285293 , -789008
7030.62 , -529343 , 373663
-136485 , -1.09991e+06 , 134344
-553027 , -575685 , 895128
281527 , 6168.19 , 889473
-760832 , 118176 , 604080
-404439 , -44326.9 , -151927
-689938 , 592037 , 557698
-468128 , 708790 , -64691.1
444412 , 482179 , 232580
234430 , -8932.68 , -630695
-582849 , -263191 , 641912
-232007 , -194931 , -703107
-337848 , -156939 , 701692
-403579 , 35608.2 , -262864
531493 , -535979 , 626680
-132736 , 276932 , 552888
892746 , -298740 , 148564
-1.04362e+06 , -741417 , -295135
-340554 , 237274 , 610833
288800 , -169046 , -740322
-1.03397e+06 , -351679 , -488671
-728052 , 144358 , 694597
202930 , 513043 , -127613
-355697 , 466588 , 117521
-80768.3 , -557161 , -464075
-800275 , 279541 , 262940
-154580 , 326222 , -217216
696743 , -339710 , 147772
686159 , 643147 , -148719
178728 , 226023 , 185904
476156 , 35968.1 , -668446
-41943.6 , 595031 , 654889
603557 , -494051 , -92103.6
-391072 , -554897 , 543104
425619 , -708175 , 7981.51
862057 , -710441 , 15977.5
47920 , -387604 , 20154.3
639332 , -153265 , 9249.02
-515181 , -130601 , -627415
-181774 , -225286 , 160273
195496 , 494989 , 69940.6
395541 , -156243 , -500670
-168174 , 399797 , 230309
329450 , -912018 , -674217
29214.2 , 421725 , 233786
-516185 , 576023 , -37688.8
-242586 , -3597.32 , 736246
278988 , 143124 , -548686
717999 , -732582 , 229126
-704299 , 88957.2 , 566352
-787719 , -48030.6 , -25579.8
-802359 , 14398.6 , -345153
469370 , 274537 , -30594.9
314873 , 38497.6 , -620394
95021.9 , 797211 , -463746
-680089 , -53392.6 , -446077
377361 , -232474 , 506911
-649270 , 136041 , 526278
305100 , 175924 , 822269
866775 , 249400 , -554054
761360 , -452549 , 205636
-444682 , 352687 , -500747
-823988 , 235990 , -292285
318905 , 363886 , -582337
-529625 , -599924 , -129473
23649.2 , -972034 , 275972
314013 , 659383 , 177730
-274907 , -850674 , -519659
347376 , 142375 , -802751
-268355 , -167603 , -513663
-237204 , -159019 , 782099
-687731 , 317681 , 248417
-65454.1 , -958919 , 135306
675971 , -105538 , -38269.8
-2988.18 , 910546 , 24607.4
50436.4 , 186234 , -77185.2
586507 , 247153 , 33971.9
263979 , 1.0013e+06 , -165978
100960 , 528598 , 483736
-336822 , 354081 , 1.00163e+06
-791672 , -141258 , 310234
10371.4 , -186024 , 944011
69558 , 292403 , 501389
391664 , 546675 , -876572
-158804 , 830534 , -254581
216373 , 633364 , 652129
447521 , 470054 , 697081
150797 , 151025 , -378315
11509.4 , 418627 , -569435
52650.6 , -199297 , -797606
60531.4 , 544155 , -466664
401069 , 215885 , 823767
-588373 , 509820 , 587444
73736.8 , -708151 , 4666.39
-255354 , 682240 , 55104.1
-3885.42 , -180884 , 706163
384071 , -325425 , 595419
405484 , -494402 , -687303
-55977.2 , -389849 , 588667
-112429 , -597917 , 120996
949922 , -418052 , 461211
228746 , 275363 , 889341
47459.1 , -797513 , 267582
61449.3 , 574587 , 635497
-141395 , 435152 , -308297
268635 , 281529 , 660471
405941 , -560115 , 12242.6
-146277 , 632824 , 848748
-357803 , -2388.37 , 178585
-473653 , 551518 , 87671.1
-207277 , 162218 , 874960
898812 , 767485 , -310806
523590 , -225509 , 266851
-758212 , -870454 , 195609
394703 , -759941 , -27963.5
-691115 , -181156 , 347322
-791201 , 182927 , -494433
-564984 , -37298.7 , 448731
-646920 , -431195 , 153174
617633 , 436892 , -235324
-569781 , 128121 , 187748
-961647 , 258717 , 82295.7
-224522 , 456934 , -221479
414030 , 384075 , 288915
290908 , 291148 , 27930.3
149475 , -167310 , 79465.7
13242.2 , -479794 , -71949.2
478742 , 668572 , 497835
-294037 , -508003 , 202500
-105130 , -295632 , 206636
-165509 , 64961.2 , -15744.9
305086 , -838149 , -269970
-653874 , -11724.5 , -148677
-284481 , -232866 , -36043.1
-688290 , 424394 , -559121
402029 , -734553 , 300976
927656 , 208661 , 226221
576351 , 114293 , 81935.8
-119141 , -192822 , 289594
491104 , 732616 , -306970
8493.09 , -13462.2 , -750107
695956 , 234917 , 501391
730882 , -326688 , 94168.7
-152079 , 47729.9 , -161165
403362 , 751143 , 258165
-196702 , -995150 , -577516
195176 , -911131 , -77132.9
-133315 , -66145.2 , 280878
-264466 , -802731 , 77791.1
529114 , 16064 , -458468
571227 , 289282 , 113811
474739 , -285994 , 589863
62391.8 , 523356 , -266260
-860227 , 4543.17 , 427585
-191123 , -53856.8 , -592967
-473532 , 296377 , 795921
-452549 , 602048 , 238205
94210 , 336008 , -306686
416837 , -21675.4 , -903802
-383370 , 53256.4 , 172063
-599305 , 51500.2 , -749130
-551304 , 827119 , 221503
41317.4 , 244388 , -556099
-186629 , -211549 , -186733
-428523 , -318887 , -64154.3
-32561.1 , -545232 , -166137
854490 , -435686 , 177058
-534574 , -203254 , 96983.8
-133999 , -241230 , -441791
-272581 , -416215 , 85992
-389830 , -76238.2 , -179591
-311439 , -288622 , -367005
273616 , 701244 , -252900
96756.9 , -106015 , 663753
349628 , 358150 , 33981.4
-129999 , -896188 , 508150
-535798 , -10118 , -43846.8
507235 , -150605 , -490606
-431435 , 111252 , -299640
5224.77 , -637521 , -591868
-173257 , -959422 , -356626
-429344 , -693556 , -297811
-431543 , 117675 , 969633
-116104 , 891567 , -599636
-624098 , 435449 , 369119
-279213 , 78753.1 , -117570
508326 , 58477.6 , 324897
-106893 , -1.07661e+06 , 222524
455336 , 723152 , -144431
-187879 , 214378 , 279234
-459019 , 305534 , 351062
-594464 , -522935 , -503497
373434 , 350012 , -134850
-32660 , -28038.5 , -607470
-367797 , 507495 , 410266
-41722.5 , 955427 , 271716
350402 , 102513 , -751539
-567649 , -214086 , 643304
307123 , -304867 , -867993
256889 , -292987 , 522898
-211114 , -312262 , -911163
70820.2 , -753514 , -607585
222516 , 492620 , -185222
-81029.2 , 532704 , -117915
595796 , -342100 , -126598
9816.34 , 284842 , 252701
-504243 , 906573 , -50858.8
324183 , 336934 , -27983.2
-179810 , 445845 , -572564
346079 , -162758 , 549896
191244 , -575296 , -326459
359647 , 268252 , 409460
674803 , -317965 , -22349.1
-629851 , 6729.87 , -98562.5
-854640 , 553181 , -170986
391631 , 920123 , 444253
-155053 , 60922.4 , -434607
195517 , 303852 , -211506
982352 , -494813 , -411064
524819 , 452394 , -243111
-106245 , -233762 , 81872.6
-870124 , -24950.7 , 40552.4
-383181 , 120873 , 291154
-161286 , -158175 , 314935
-107399 , -438368 , 580175
618404 , -42411.1 , -484121
614999 , 683187 , -496163
-33400.5 , 354286 , -396013
-289998 , 773276 , 49107.1
177267 , -644631 , -167640
302446 , -669213 , 538969
-29283.7 , -617143 , -213988
249872 , -684521 , -322460
498465 , -491293 , 363114
-713270 , 41293 , 491921
157225 , 396057 , 561918
218877 , -514.458 , 64941.1
340603 , -187083 , 62653.2
437496 , -603694 , 97395.8
498215 , 316380 , 382546
-330604 , 361727 , -647561
-301595 , 532753 , -441283
76342 , 621679 , -713087
-888196 , 77214.2 , 105270
-804457 , 457607 , 7300.16
627722 , 305644 , 327703
882974 , 7314.09 , 410858
630537 , 303822 , 63048.2
918662 , 68007.6 , -145218
183893 , 153379 , 591430
483938 , 24053.4 , 853201
1.07738e+06 , 180670 , -331127
-409181 , -200157 , 392379
117311 , 121459 , -682695
697832 , 267857 , 222239
-61930 , 438777 , -857358
-992004 , 371994 , 262432
141978 , -117050 , 961937
-254055 , 442530 , 356706
483129 , -673238 , 425093
317810 , 236249 , 600860
-23327.6 , -600033 , 760172
-597382 , 48505.1 , -411070
-327657 , -58104.8 , -189510
76462.6 , 10611.3 , -1.11551e+06
866699 , -319774 , 317068
268893 , 319310 , 140826
374502 , -263810 , 321576
-184172 , -107736 , -556815
44135.9 , -712124 , 247719
354538 , -723094 , 259192
143412 , -258641 , -852451
-127881 , -215258 , 150843
79455.7 , 163381 , 121799
-200004 , -49166 , 39151.6
337054 , -227836 , -607399
1.0129e+06 , 29634.4 , 91192.8
716248 , -373171 , 466114
-130596 , 597269 , 14743.3
296471 , -1.1667e+06 , 119530
617937 , -210503 , 598073
-422736 , -210515 , 647242
-163195 , -678638 , 485292
31996.9 , 602498 , 582142
-611619 , -756755 , 247176
-20382.2 , 61662.3 , -471202
-318993 , 46691.3 , -440875
-792266 , 261024 , -316349
-238795 , 577009 , -908690
-440454 , 484021 , -323575
-181530 , -265516 , 590792
143709 , 639780 , -229514
533146 , -113115 , -1.01747e+06
-185932 , -858103 , 418395
-275106 , 590173 , 85423.5
-1.11654e+06 , -26434.2 , 307723
734001 , 64282.6 , -88509.5
167153 , 118398 , 682292
-287351 , -60833.4 , 722386
785098 , 525142 , 240851
-155302 , -524179 , -327730
-17468.9 , -504066 , 520342
150167 , -413514 , 103962
494152 , -446787 , -23477.9
273899 , -79094.2 , 34071.4
454037 , -486771 , 393812
406763 , 47895.6 , -300317
-509498 , 357516 , 202118
-137098 , 591575 , 277359
383747 , -198939 , 788170
501467 , 338624 , 268629
161020 , -121458 , -339321
-562826 , -226997 , -150841
725442 , 626684 , -174883
-455855 , 493734 , 735884
254775 , 467667 , 199373
-128195 , 718438 , 463864
-148469 , 309389 , -578541
386830 , 433366 , -63588.4
25461.4 , -698352 , 547201
-240754 , -157015 , 88730.4
378092 , -365127 , -50541.9
396033 , 635732 , 150577
-1.11453e+06 , -427743 , 377099
-549349 , 147318 , 88759
-572698 , 1.01375e+06 , 66653.5
-581783 , 182891 , 272328
770831 , 195129 , 299213
412510 , -531134 , -287065
-521357 , 329550 , 463629
421498 , -105088 , 206389
67476 , 627004 , -768628
266556 , -116119 , -189424
-399875 , -702661 , 512678
8010.57 , 848559 , -51538.5
-739894 , 507971 , -506216
156524 , 967265 , 90403.9
-15394.2 , -224143 , 1.09333e+06
-720743 , -176532 , 273030
450272 , -481166 , -426241
618602 , 10767.6 , 449798
-145769 , -586437 , 747096
308444 , -695086 , 899847
494090 , -304228 , -637520
-15440.5 , -232807 , -312352
-611172 , -355189 , 581791
-164149 , 573972 , 649109
1.03317e+06 , 456586 , -232250
234448 , -190925 , -1.00423e+06
-30851.7 , -549469 , 822697
608964 , 279969 , -58695.9
-638765 , -679147 , 317884
479430 , 162615 , -196204
-740542 , 311402 , -179470
-870797 , -111374 , 540479
-901993 , -128190 , -672974
-682073 , -102443 , -148065
-142406 , 262968 , 468060
-80830.4 , -240173 , -422328
112060 , -657483 , -444489
-758135 , -858453 , 48131.3
510028 , -365823 , -676257
-632558 , -202874 , -907107
267191 , -98937.4 , 439361
438445 , -590232 , -362748
-330361 , -509514 , 428869
-268778 , 290227 , -1.0687e+06
-541792 , -766473 , -2988.03
610682 , -546095 , 93143.4
131252 , -316207 , 446518
660478 , -5235.88 , 241281
-905517 , 434664 , -674901
-395860 , 80564.8 , -31013.6
-97770.7 , 240300 , -54021.7
653273 , -375929 , 284527
-487853 , -99324.4 , 129045
916681 , 226675 , -34417.7
-507220 , 329109 , 378824
-75140.5 , -24096.4 , -902533
269929 , 310772 , 427692
20234.6 , 288100 , 592390
-84605.5 , 457697 , 396553
333023 , -569009 , -396761
-621420 , 200512 , 523488
-585251 , -915636 , 456863
-465989 , 127789 , -508767
-594848 , -218237 , 199762
-334194 , 331276 , 296335
-377414 , -695362 , 50045.7
277253 , -589141 , -244306
461613 , 434566 , 223415
515953 , -666862 , 466647
-507049 , 703823 , -132628
688961 , 191555 , -335725
-469095 , 6410.4 , -85302.3
-843665 , -290055 , 793399
119892 , -491500 , -381673
-500816 , 507065 , 449131
56855.8 , 669526 , 466437
330735 , -705990 , 615180
543119 , 136286 , -544851
116424 , -13683.2 , -260360
-112686 , 694478 , -885030
-242977 , 254689 , -671988
-378066 , 101419 , 965531
-237456 , -510884 , -19250.5
251937 , 847094 , -274379
364102 , 595552 , -550308
-597238 , 604893 , -494474
586422 , -744691 , -391518
-379406 , 595508 , 154909
-255775 , -402460 , -527847
-88510.8 , -528777 , -749746
-607260 , 550539 , -299227
438875 , 336948 , -35787.7
166555 , -284185 , -49628.3
-217599 , 628849 , -118042
-111644 , -381282 , 153516
189664 , -280396 , 427793
558854 , -377100 , 343720
-934549 , -110319 , -389789
-913357 , -185637 , 700607
-450125 , -320994 , 258192
-571901 , -561112 , 171777
-745167 , 108140 , -334421
-1.02411e+06 , 342033 , 142584
253616 , -541902 , -498685
240707 , -693223 , -525433
259383 , 548042 , -244564
146955 , -87907.4 , 1.10684e+06
553631 , -182602 , 95390.9
-786472 , 253546 , -586968
231513 , 219415 , -1.05149e+06
780348 , -957477 , 105820
785872 , -477917 , 294625
-276217 , 595782 , 190363
35048.5 , -510793 , -414596
97648.2 , 572825 , -599028
195210 , -565604 , 423106
-459234 , -152817 , -519331
-228928 , -58989.4 , 25477.2
210688 , -407395 , -29022.3
-98256.5 , -119134 , -243827
426431 , 38417.1 , 4760.53
400046 , -711284 , 581483
312251 , 576744 , 155452
640590 , 586368 , 912884
-395887 , -587451 , 268192
20941.9 , -61019.8 , 178038
888207 , -132210 , 356858
893366 , -128272 , 87423.8
89936.7 , 181907 , 293903
359364 , 98175.9 , 375176
191796 , -86096.4 , -641502
576016 , -157704 , -366549
-1.02947e+06 , 122458 , 170186
438164 , -173504 , 575879
327006 , 304677 , -47832.2
-326934 , 336524 , 6669.96
-226594 , 599804 , 30674.2
476462 , 310963 , -492795
334382 , 440926 , -12158.1
80606.3 , -15308.2 , -390448
-361095 , 87911.8 , -427851
-479787 , -19035.2 , -139891
883508 , -357429 , 73416.4
-507048 , -111932 , 456343
393949 , -421125 , 285565
-176687 , -664567 , 294585
245111 , 215872 , 771013
275674 , -655448 , -153859
-359339 , -823202 , -625407
585975 , -99560.4 , -486633
696257 , 308156 , -412957
299388 , -141486 , -843701
-81109.3 , 646805 , -39365.9
-65140.1 , 409520 , -443951
485669 , 149466 , 61956.1
311275 , 352024 , -431511
-8991.28 , 569829 , 148258
64014 , -577201 , 263179
344681 , -322098 , 855336
-559436 , 301510 , 568585
500257 , -736790 , -150786
-305883 , 216338 , 584940
-91400.7 , -23855.4 , -510849
-53522.7 , 380892 , 897463
417836 , 263580 , -74526.7
-114271 , 604452 , -264018
293138 , 430644 , 224568
502923 , -818839 , -211966
-574864 , 283119 , 290415
-766097 , 423062 , 723842
363729 , 182179 , 175241
-463737 , 504608 , 477165
235656 , -506897 , -108709
-231093 , 245598 , 239442
165474 , -221066 , 590867
-632825 , -159199 , -559145
-353005 , 256098 , -317735
584010 , 634556 , -46166.2
-28336 , 318091 , 374108
-276298 , 476039 , 209243
-303239 , 399710 , -52725.3
-543611 , -23220.7 , 87021.4
-422891 , -167617 , 598922
-11826.8 , -662101 , -801022
-256508 , -157386 , 70765.3
-174557 , -113228 , -710705
-175287 , -753994 , 415916
226961 , 456160 , -729681
530834 , 229396 , 861838
-743897 , -134304 , -47665.3
-62685.7 , 457700 , 668486
-162223 , 135434 , -367245
-974676 , 323915 , -779210
-499112 , -476074 , 15160.6
477747 , 72622.7 , -194666
-214540 , -285828 , -521988
-144808 , 456424 , -380554
633552 , 487052 , -736961
-33754.2 , -160557 , 713110
665300 , 79110.9 , -158332
-95535.9 , -829270 , -206139
-765599 , -190866 , 413546
-113312 , -458002 , -156344
765829 , -119588 , 411633
34268.1 , 809236 , -450171
322658 , -696.23 , -779304
-220442 , 753730 , 504663
875749 , -94164.1 , -19221.5
763090 , -685881 , 448872
-750917 , 100464 , 203851
142311 , 61952.5 , 968417
506993 , -311681 , -414659
-369771 , -154454 , -751029
-398840 , 124827 , 427031
-555080 , -224895 , -337310
237532 , -403772 , -644763
-130797 , 857840 , -534036
-256098 , 398301 , -458576
295529 , -344734 , 186229
115726 , -195099 , 541578
517713 , -479436 , -322172
-582950 , 528357 , 418484
537917 , 1416.02 , 79518.9
570295 , 898468 , 164867
164695 , 133710 , 482596
-158809 , 424213 , -39788.1
-311923 , 248963 , 261730
520999 , 113601 , 137410
-1.20341e+06 , 130295 , -100681
-530803 , -199478 , 357419
416570 , 361034 , 683107
-467505 , 211811 , 483531
189055 , -51271.6 , 457110
-230805 , -313277 , -115237
96877.3 , -295157 , -898049
-94652.4 , 1.02539e+06 , 132074
182052 , 753481 , 391364
819767 , 377017 , 834719
109699 , -517505 , -686883
46989.1 , 316715 , -90646.2
-315334 , 207975 , -830886
113652 , -531460 , 87493.7
-261223 , 109080 , 85236.2
448450 , 774041 , -488737
619144 , 157174 , 202577
431927 , 370620 , -208069
-666553 , -44925.4 , 269725
-317233 , -752922 , -362239
180633 , 517699 , 595555
361813 , -413619 , -196298
665740 , 162307 , 556688
577981 , -27567.6 , 743320
-183550 , 11523.7 , -139677
248046 , -302620 , 245815
1.083e+06 , -96694.3 , -352081
193499 , -390234 , 549666
-480833 , -518724 , -212642
618082 , -337502 , 409809
-178325 , 561436 , -200948
607838 , -42759.8 , 735816
194943 , 939357 , -812280
-551360 , 945713 , 270600
-373980 , 728318 , -195311
-214420 , 58850.3 , -47635.9
303814 , 55454.8 , 177902
79528.2 , -127871 , 574552
126454 , 350174 , -397449
344481 , -739685 , 376344
247806 , 152641 , 838373
-505968 , -152355 , -768744
754993 , 8114.81 , 618129
436958 , 601429 , 567379
-819528 , 891705 , -119705
-428712 , 828641 , -688820
-298075 , -474507 , 293468
829734 , -229523 , -277632
-445759 , 165953 , 120051
410820 , -78350 , 634932
-938935 , -398725 , -761280
689283 , -112759 , 148384
452430 , -336747 , 651417
-48436.7 , 1.03381e+06 , 483148
-143355 , -647501 , -792938
-376527 , 218053 , -27589.9
567127 , 251133 , -499308
312106 , -891346 , -174941
150650 , -615830 , -475030
584461 , -604368 , -629295
-178069 , 259596 , 111817
290131 , 207934 , 178437
-81680.2 , -74897.7 , -527613
51018.5 , 249401 , -81256.8
-122489 , -544904 , 375642
-640671 , 304315 , -668336
1.20382e+06 , 251674 , 236063
45441.6 , 207455 , -12371.3
635932 , -561585 , -779478
327903 , -56180.9 , -468967
-332309 , -450923 , 173772
26826.3 , 147173 , -1.03778e+06
135526 , -866779 , -392670
-408562 , -526085 , -229339
-792971 , -431874 , 91427
628563 , 275525 , -439452
-62071.3 , 669735 , 789869
251839 , 178667 , 103734
402661 , 1.09182e+06 , 356510
-50795 , -945736 , 108672
469047 , -554652 , -148501
494265 , -862483 , -356930
-71438.3 , 129011 , -1.02955e+06
-182901 , 167722 , 186621
-287115 , 195793 , -490528
672881 , -74959.4 , 710801
793942 , 634054 , 221787
-353258 , -396061 , -392746
48106.2 , -8592.02 , -857913
86981.8 , 1.00834e+06 , -42096.2
680159 , 286583 , -334344
-807020 , -456610 , -198751
-240430 , 333273 , -628493
725652 , 511995 , -636486
-864520 , -286342 , -86198.2
382379 , 211663 , -345782
-122979 , -341822 , 309201
969278 , -88438.3 , -684903
458617 , 815284 , 444615
566507 , -272335 , -221659
-93279.2 , -101263 , 289975
822934 , -410003 , -177457
-587491 , -610148 , -669591
378677 , 298943 , -408984
-162382 , -486702 , -571572
7535.93 , -632254 , -248308
184983 , -744598 , 350465
766976 , -445405 , 65157.2
-36659.9 , 205295 , -290970
-585209 , 165220 , 603921
64468.8 , -144972 , 659433
-553095 , 498979 , 85312.2
417951 , -969066 , -122626
-266164 , 142628 , 343485
117243 , 306622 , 208560
514650 , -566131 , -674604
-234338 , -376054 , -55093.6
92640.8 , 749218 , 1.01047e+06
-315018 , -97127.2 , 219655
186263 , 846741 , 259688
-290847 , 615670 , 21932.7
-204559 , 472325 , -686272
599028 , -15375.1 , -808093
6179.69 , 618354 , 120285
-511889 , -724785 , -88875
-644214 , -229246 , 340733
-220741 , 301032 , 138314
-568637 , 573906 , 23078.6
410424 , 244489 , 50263.3
577955 , -19447.1 , -885519
469138 , -657615 , -422971
-499540 , -191549 , 484660
544176 , 541060 , -380361
-537718 , -353602 , 397424
80769.3 , 668376 , 691866
843994 , -53587.8 , 96494.9
384989 , 777225 , 171910
-149597 , 509544 , -773968
462562 , 384361 , 239862
-183591 , -373879 , -737037
-278269 , 411674 , -594632
-484003 , -643808 , -793069
462269 , -132701 , 470635
-370494 , 128501 , -236821
-882568 , 91142.8 , -561716
452531 , -34707.4 , 45055
263739 , 113842 , 116687
-302785 , -9292.8 , -557063
-183562 , 16078.6 , 147045
-363051 , -65148.5 , -448587
-1.01481e+06 , 83156.1 , 590734
-47360 , 100225 , 970002
542557 , 392871 , -220402
376887 , 184891 , -477988
-74490.7 , 5536.25 , -138093
95622.7 , 369299 , -995450
1271.06 , 436407 , -226948
159451 , -587326 , -113176
753964 , 120874 , -229091
-127687 , 36788.2 , 373130
-636253 , 20080.6 , 763805
-703042 , 392977 , -299141
-715017 , -357222 , 322113
169398 , 30338.8 , 313351
-755670 , -954993 , 67867.5
-624149 , -4713.93 , -497740
-36784.9 , -407700 , -300117
-414183 , -376226 , -178258
-125612 , -323757 , -428568
253896 , -139871 , 431456
697700 , 642055 , 216022
-258998 , 123125 , -823491
199441 , 278538 , -1.04708e+06
-717154 , -88710.7 , -246153
-1.14425e+06 , -11858.8 , -243132
-308898 , 650045 , 65910
-426864 , -385305 , -204067
540079 , 137027 , 141334
-75004 , 801622 , 628028
-326727 , 27344.5 , -363207
-541797 , -43566.1 , 308375
349842 , 443838 , 422546
997011 , -2330.74 , -169252
193751 , 397152 , 165527
-293426 , 91665.2 , -25147.6
100970 , -327217 , -104085
3542.57 , -363053 , 503718
-211553 , -83559.7 , 261906
-54947.7 , -528321 , 482782
-570659 , 247006 , 121927
257876 , -217262 , -665266
317355 , -44073.3 , -22477.2
18429.3 , 133116 , -339419
-349427 , -1.0187e+06 , 338193
739311 , -75270.7 , 86715.1
-171281 , -110363 , 247497
-846892 , 257895 , 107511
832218 , 285457 , 32886.8
545959 , -384033 , 514639
-55407.3 , 52956.9 , -28437.9
-505815 , 294230 , -26565.5
393189 , 284894 , -620414
-407364 , 778939 , -182458
161353 , -6987.3 , -303503
-598330 , -839902 , -378131
1.21199e+06 , 435227 , -195793
390323 , -443706 , 261185
336901 , 344364 , 137962
-485524 , -74059.3 , 866758
901265 , 20972.3 , -270648
259428 , -331458 , 817534
741958 , -35046.8 , 124388
-237331 , -192369 , 69013
-85294.6 , -174242 , -527515
-396231 , -201666 , 742907
171791 , -51341.5 , -592878
34035.2 , 647570 , 34006.9
545096 , -64456.5 , -91175.4
756134 , -66496.3 , -270076
-712327 , -427591 , -446758
53386.7 , -621666 , 1.01507e+06
-505868 , 169454 , -966808
-466536 , 614395 , 712003
48305.3 , -853280 , 522781
395692 , 372948 , -638308
602263 , 621018 , -44826.4
95581.5 , -638925 , 476182
615228 , -277067 , 293222
-5378.59 , 623647 , -449880
280429 , -503174 , 308299
-557972 , 131320 , -739430
197621 , -357064 , 819817
182321 , 807214 , -603832
67266.2 , -933775 , -431948
598003 , -637920 , 286312
-200337 , -673766 , -376360
-165106 , 225303 , 385895
348968 , -417006 , 132284
300632 , -222078 , 389644
-414199 , -242351 , 664968
910548 , 16367.4 , 197529
-225365 , 380827 , 173257
-31679.4 , 228816 , -843393
-535370 , 459017 , -265555
55296.5 , 640721 , -904300
-495792 , -70126.8 , -124468
-270842 , 201582 , -976800
75127.4 , -170971 , 138055
-143459 , 178460 , -511944
705616 , -257434 , -36486.9
-237256 , 280626 , 31167.5
604221 , -2261.29 , -250352
-482268 , 742259 , 303882
-221683 , -442090 , -573355
433505 , 150898 , 842502
518486 , 113034 , 90117.7
-287843 , 421772 , -566358
372442 , -205584 , 296467
-259261 , 317056 , 308654
89565.8 , 520454 , 67558
825073 , -252859 , -546074
389507 , 404891 , -52514.3
-98654.5 , -128340 , -614822
-3222.85 , -86977.3 , -166659
407537 , -47986.9 , 407745
-253350 , -157134 , 403366
-392405 , 195216 , 877957
-659846 , -102764 , -4721.51
102442 , 12258.2 , 351437
-380156 , 790820 , 314213
654738 , 589032 , 45184.6
378483 , -346437 , 688091
492412 , 622263 , 169496
-363559 , 348509 , -50206.5
683621 , -716241 , -35560.2
394547 , 402814 , 539830
-654464 , 325948 , 271854
-217625 , -442541 , -177406
-75927.3 , 126119 , 45082.8
808574 , 462521 , 9513.48
-483926 , 315392 , 595683
-169197 , 129190 , 269234
-104322 , 1.06902e+06 , 110056
-246039 , 480191 , -820914
-405178 , 544521 , -477195
636999 , -406859 , -205254
368085 , 122042 , -457995
-330923 , -683311 , 243808
-350723 , 408697 , 731583
-1.08805e+06 , 237319 , -232110
39979.2 , 15606.1 , 830931
495639 , 51328.5 , 2034.14
200348 , 255350 , 655255
-541360 , -430490 , -45952.7
154148 , 751939 , -767906
645000 , -109994 , 445599
445167 , 345992 , -963062
21920.1 , 162482 , 79107.5
120622 , 545483 , 486584
-122084 , -623087 , -751266
494988 , 67210.3 , -157002
512846 , -412514 , 515142
622447 , 457957 , -92829.4
-21563.1 , 146488 , 227627
-468902 , 568431 , 108572
-129766 , -552320 , -19691.9
-187891 , -906373 , 257743
-659064 , 85694.8 , -718051
411577 , -777323 , 509753
296547 , -156763 , 658544
606109 , 27485.5 , -593675
-169853 , -14673.5 , 798428
-170152 , 44643.3 , -668801
-136764 , 893272 , 43068
37146.2 , -581809 , 288058
649078 , 7479.94 , -8120.98
44181.1 , 870994 , 514143
-347738 , 399103 , -299181
524624 , 394740 , 293622
-584583 , 514377 , -82010.2
-332347 , -107095 , 577470
425535 , -176580 , 37888.8
-447537 , 672107 , 604633
480668 , 233079 , 918115
366679 , 875092 , 532553
-26676 , -235409 , 359734
525291 , 9705.62 , 833085
-419060 , -146140 , -17631.8
617145 , -840090 , -928885
660010 , -21472.9 , 369109
-49838.7 , -22860.6 , 538393
92810.4 , 845574 , 548232
-337285 , -1.07313e+06 , 311451
-565816 , -250455 , 247831
-572393 , -698004 , 31098
-483841 , -265613 , 288219
134266 , -339638 , 8768.53
721244 , -199571 , -868656
-716696 , -253103 , -752949
166824 , -328931 , -353006
-41797.9 , 563055 , 546202
-164261 , -170055 , 409611
-245443 , -585270 , -372362
93883.6 , 785176 , 545098
542284 , -940242 , -127168
-581579 , -965161 , -48964
340234 , -154556 , 566863
-243652 , -401193 , 442157
524275 , -211772 , 532234
381935 , 372548 , 154949
-148453 , 32034.6 , 755324
579750 , -610220 , -1743.43
-811589 , -224285 , -155325
-510096 , 84648.8 , 534968
291846 , 413881 , -1.04221e+06
-645957 , -522559 , 524655
698908 , 178681 , -256025
208319 , 125244 , -1.02644e+06
291772 , 631969 , 263040
-318794 , -569096 , -54335
338514 , 971266 , -205866
-581183 , 394254 , -127337
-467336 , 618135 , -388972
335815 , 428380 , -605456
154235 , 28061.4 , -11764.6
233611 , -751738 , 2583.55
-351917 , 1.09787e+06 , 153866
-168466 , -242322 , 692211
-441105 , -645873 , 443303
199915 , -635921 , 731512
-489802 , -298440 , 410525
-270343 , 749345 , -957900
-426750 , -48567.9 , -626713
11530 , 1.09965e+06 , -375518
211799 , -341463 , -626631
-364015 , 290493 , -373538
68773.9 , 625145 , 194525
-239461 , 110629 , 896118
-310559 , -809537 , -812631
184170 , -765484 , 4128.79
-528605 , -294760 , 488743
188366 , 508907 , -68517.4
-74192.9 , -802957 , 98490
54248.6 , 185336 , -50068.3
469495 , 477049 , 15223
191387 , 306797 , -415108
141803 , -511355 , 152955
-32826.1 , -763456 , -303212
359422 , 2454.92 , 784353
624604 , 585890 , 778167
188391 , -392424 , -238788
-306961 , -614201 , 189271
23053.8 , 842113 , -256527
411789 , 191547 , 2437.55
-82966.9 , -319920 , -291847
450768 , 633731 , 577358
-890457 , -299603 , -34629
-203403 , -6507.28 , 1.16084e+06
-77326.9 , -156190 , 505924
104447 , 404391 , -909854
320930 , -673727 , -444297
971041 , -414685 , 363282
-535943 , -699294 , -147399
675051 , 447428 , 372744
483739 , -493607 , -203795
-25608.6 , -890421 , -31043.6
-10884.7 , 930024 , -297897
-456656 , 497320 , 66712.8
-472828 , -310316 , 176357
-267253 , 959186 , -379329
65546.3 , -1.13565e+06 , 556177
191659 , -721170 , 68289.9
-356174 , 471747 , -302251
-879110 , 34984.9 , 458214
-495721 , -487627 , -204682
-318960 , -497956 , 586221
-75287.2 , -187051 , -663037
526608 , -985783 , 389379
410397 , 1.09502e+06 , 293917
-401454 , 138965 , -4377.1
803543 , 664243 , -662707
145652 , 152367 , -446501
23837.2 , 56497.6 , 597987
-381065 , -87473.3 , 698901
-223392 , -236264 , 95433.7
-825899 , -417014 , -580379
269717 , 39403.5 , 571358
-109335 , 13350.1 , -524894
90268.8 , -262285 , -930314
343339 , -736879 , 221005
-311383 , -642524 , -277652
-394242 , -643457 , -365747
378523 , 716176 , -101813
-310134 , 459992 , -220780
180273 , 198456 , 265956
-414069 , -865631 , -756587
29144.7 , 444716 , -331652
-167522 , 68468 , -27042.9
-15346.7 , -667316 , 737976
-433905 , 389266 , -377111
-317827 , -169416 , -103250
901816 , -13191.1 , 121856
91687.5 , -637138 , 644539
-335549 , -118676 , 336560
475567 , -126327 , -150739
833204 , 80095.8 , -5907.7
902665 , 370247 , 189992
-803544 , -72409.9 , 477675
-695089 , 322980 , -600640
-1.03467e+06 , -361623 , 221987
383562 , -602134 , 293405
-890321 , 98242.5 , -148999
350262 , -44314.1 , -269617
633898 , 240483 , -620025
358318 , 504065 , -67597.2
169159 , -524073 , -555283
264257 , 212121 , 828019
730041 , 460264 , 288653
-6455.5 , -407961 , 216802
359383 , 3516.08 , 971722
-44005.8 , 70831.1 , 19058.2
-318953 , -392910 , 162998
-262570 , 139605 , 430733
-512798 , 6174.01 , 969434
125027 , 280963 , 757031
-319647 , -689621 , -764271
165079 , 387578 , 994735
-699301 , 447392 , 116720
-756490 , -113467 , 245657
157693 , 72046.3 , 252551
-300651 , -1.03563e+06 , 345377
405868 , -676849 , -178613
-242196 , -1.0949e+06 , -353010
360755 , 137832 , 87351.4
-670661 , -326600 , -433903
-682154 , 667246 , 435218
265097 , 126019 , -78084.8
-345209 , 631256 , -277481
-352300 , 906714 , 612396
-571409 , -300229 , 251198
-55236.6 , -314922 , 39937.8
-180654 , 1.15282e+06 , 146308
220120 , -613277 , 549357
154744 , 166586 , -829166
-733250 , -389168 , -253356
-463785 , 522106 , 802180
102808 , 35530.5 , 365299
-327247 , -61530.3 , 709061
-547243 , -346967 , 580248
963278 , 59418.1 , -264824
-237333 , 518088 , 508658
-370133 , -306824 , 554764
-284536 , -532352 , -996785
-54614.2 , -717948 , 333926
-314501 , 39460.3 , -556024
146560 , 649519 , 67721.8
601773 , 31400.9 , 92521.3
815075 , -121545 , -265066
-250993 , -466532 , 579718
13010 , -128649 , -379961
451566 , -331089 , 81770
-1.05349e+06 , -290345 , 123056
813161 , -292904 , 470670
340062 , -310004 , 39139.9
99513 , 414707 , 255451
686469 , -68385.7 , 299374
-741331 , -593184 , -120915
-382086 , -436545 , -357307
763238 , -320809 , 448432
-226966 , -194308 , -276136
632779 , -476293 , 309427
357561 , -713229 , -64103.2
983263 , 131357 , -2157.22
-770849 , -300613 , -734304
-8612.66 , -1.20679e+06 , 81452.6
-849082 , 84535 , -242505
-566075 , 443796 , -309403
-114686 , 223434 , -1.04606e+06
-282313 , 139973 , 658952
396474 , 299522 , -418886
-176376 , -808651 , 333238
424572 , -224786 , 158645
-807205 , -391228 , 55574.3
-8539.16 , -41171.4 , 206964
823182 , -6409.03 , -128594
548521 , -313234 , 553574
157181 , -116259 , 488750
-194725 , -489745 , 556414
-619372 , -603084 , 677587
674063 , -71252.3 , -64967.7
184405 , 649062 , -807208
-615527 , 175759 , 86919.3
645912 , -282658 , 188786
-749976 , -430230 , -390240
210427 , 299767 , -271745
-511066 , 359779 , 473368
269078 , 171262 , 328859
-14949.7 , -751170 , -41836.8
-313675 , -308134 , -764034
-206762 , -463252 , 592456
-768595 , 140263 , -177477
-602247 , 128938 , 486954
895961 , 172204 , -131155
359277 , -658190 , -153077
-580682 , 1.1291e+06 , 58080.7
-1.0023e+06 , 109164 , -248549
345761 , 139297 , 546479
-709487 , -137203 , -657068
644648 , -457164 , 441692
68153.6 , -241085 , -601935
380271 , 199509 , 266886
360688 , 660102 , -639601
-406670 , -483025 , -498103
-695461 , -965015 , -137153
87033.7 , -1.18485e+06 , 77342.1
254363 , -235850 , -20606.1
709686 , 81077.7 , -607945
-722670 , 188710 , -146410
84630.1 , -112541 , -572491
336260 , -563211 , -316568
320783 , -862690 , 249561
-553653 , -716400 , 574164
475270 , -127825 , 320923
823582 , -713966 , -132071
-125616 , 245290 , -2407.08
529451 , 762101 , 543788
52046.1 , 648247 , -777904
-460142 , -255843 , 84508.4
95703.9 , 912591 , 142408
136829 , -619611 , -822048
-22802.6 , 121399 , 1.0381e+06
-335663 , -379914 , -463784
-414616 , -174591 , 307819
251272 , -499496 , 265664
565607 , 600557 , 391700
-553573 , 211008 , -134539
-283663 , 162078 , 29860.4
687804 , -514457 , -522928
465102 , 267809 , 104282
378404 , -90419.5 , 770723
364863 , 327519 , 815465
-234692 , -330703 , -147383
-684367 , 87954.6 , 842791
-248232 , 640556 , 645349
-258213 , 309997 , 755862
-593281 , 305159 , -209569
251261 , -697.134 , -562928
129766 , 616823 , 447011
341912 , 116286 , 652291
61801 , -49548.3 , -1.01254e+06
304498 , -771371 , 491266
-377812 , -451762 , -63465.7
978508 , -658922 , 126977
-484515 , 876350 , 365850
848869 , -369233 , 151089
-396651 , -589461 , 136838
687947 , -188517 , 546997
676187 , 399109 , 432221
129389 , 730690 , 429286
5660.8 , 425139 , -270037
801758 , -428987 , -75861
-247318 , -780411 , -24218.5
-593041 , -485479 , -613966
537089 , 597334 , -128891
754846 , 450165 , 178598
-450286 , 312342 , 178502
-231597 , -446058 , 936683
154043 , 242762 , 647369
10926.5 , -794225 , -515385
685939 , 651686 , -51347
-488270 , -625494 , 416635
-28312 , 522880 , 124085
343000 , -338600 , -27718
720361 , 201481 , 305086
-513418 , -1.12887e+06 , -146510
303146 , 907016 , 524021
263329 , 763391 , -67758.4
-139053 , -656501 , 40357.9
-457752 , -302361 , -173015
-635259 , 12344.1 , -105294
-642868 , 441274 , 356507
-195694 , -724575 , -633301
-326452 , 81157.6 , 33777.2
-155669 , -340418 , -385524
-104476 , -320385 , 51156.2
-552818 , 353330 , 384378
660953 , -339991 , 405114
-613548 , 345850 , 709523
-27490.2 , 140814 , 134759
-541848 , -291158 , 621126
56231.1 , 767974 , 165781
618039 , 320089 , 338600
-108541 , 96689.9 , 128511
-193565 , 26562.4 , -164604
404799 , 412459 , -761607
635154 , 424432 , 489687
-353238 , -57753.8 , 718512
339164 , -61557.3 , 409000
216522 , 381403 , 635885
-277926 , 523834 , -28800.4
-839617 , -285733 , -167306
802508 , 128800 , 62900.8
-439983 , 372969 , 373744
393848 , 305977 , -7436.97
412558 , 341275 , -456802
148938 , 212700 , 100128
394245 , 531264 , 312889
1.02505e+06 , 366808 , -441380
-400885 , -849251 , 10116.2
-218780 , -201868 , 169974
983631 , -172247 , -189738
-634937 , -94482.2 , -423223
622873 , -14713.6 , -168800
188706 , -426758 , -402198
28733.9 , 174450 , 842641
-504509 , 29038.8 , 457981
97957.9 , 92466.1 , -135877
-701889 , 449295 , -587819
499428 , -162455 , -2434.22
-696532 , -177553 , -203155
227950 , 892504 , 575494
426001 , 242082 , -299034
-29739.3 , -178059 , 252949
705959 , -125825 , 320677
159480 , -474277 , -430568
459625 , 925854 , 37827.8
-781503 , -120804 , -563352
172286 , 317469 , -697604
408070 , 706694 , -531372
252223 , 628529 , 298320
498228 , 363689 , 655688
-451505 , -589641 , 106022
-482774 , 221106 , -718743
-93225.1 , 252098 , -141560
418071 , -641748 , -395690
755433 , -50225.7 , 691046
-65508.7 , -416496 , 373989
-662021 , -664186 , 74376.4
-223712 , -616890 , 308572
109631 , -77521 , -822694
-739441 , 428742 , 645518
-601611 , 458984 , -190564
624480 , -242771 , 347980
-695335 , -21970.1 , 3972.05
-331652 , 351139 , -68598.7
96443.6 , -377954 , 323627
-475319 , 729948 , 41698.4
-98497.1 , -222525 , -341943
-123208 , 575640 , 56555.5
-103651 , 712174 , 150730
-402347 , 126796 , 447324
-232476 , 217529 , 13465.9
201046 , -346351 , 713643
614802 , 453379 , -543741
-769462 , 405487 , -739805
-228100 , -316840 , 4662.37
87191.1 , -272524 , -868080
637518 , 328286 , 870991
-576396 , -603257 , -391988
-680488 , 221329 , 214052
75200.1 , 778653 , -611035
820304 , -418480 , -97145.2
-482025 , 225218 , -467544
-151073 , -280110 , -491491
-64365 , 243796 , 621132
-227266 , -301207 , -419272
461782 , 270936 , -784956
650207 , 678915 , -188664
22879 , -36245.2 , -554878
-398406 , 13134.5 , 140010
-45169.7 , -167289 , 165979
-383601 , 772285 , -322692
118897 , -687670 , -431392
444481 , 586290 , -133270
-270242 , 293713 , 56152.8
599436 , 237795 , 219909
-29135.6 , 642737 , 588387
-310298 , 275761 , 585357
95708.2 , 365466 , -429701
-13228.2 , 691457 , 636214
539513 , 561187 , -300527
-272478 , 112026 , -323334
-321041 , 110413 , 475590
364203 , 317143 , 825626
-186284 , -326728 , -976718
-546125 , 359827 , 225689
285079 , -871889 , -311617
408978 , 562159 , 638338
494726 , 314905 , -703416
689973 , -125638 , 403100
547468 , -898294 , 94410.5
88347.6 , 374111 , -882691
-242718 , -631101 , -282819
-394130 , 634422 , 165730
-338593 , 879929 , 843153
749829 , -446842 , -430631
-459193 , -342255 , 905155
-1.08795e+06 , -334686 , -557724
-278990 , -224811 , 451048
599697 , 379798 , 579683
279085 , -654021 , -161621
480290 , 649743 , 410842
-148642 , -428221 , 383828
73866.7 , 615694 , -550771
305580 , -189871 , 1.2082e+06
-130965 , -72346.1 , -221624
726171 , 401310 , -335159
453961 , 466645 , -443602
-766847 , -23123.5 , -272014
128545 , -503795 , 203697
229671 , -496882 , 209376
-594080 , -840387 , 95626.5
-63086.1 , 586792 , -845988
258810 , -306953 , 384495
-1.07552e+06 , 301285 , 178911
327411 , 208102 , -647710
-322205 , -848783 , -128649
349682 , -493427 , 587096
390296 , -586341 , -678572
-413307 , 126193 , 385633
-396950 , -199549 , -689737
117463 , -799627 , -30946.7
-283958 , -664365 , 20203.8
-127993 , 187461 , 365863
-1.08875e+06 , -167524 , 159554
-18063.6 , -409309 , 988261
45799.7 , 298922 , 639563
180085 , 906887 , 698067
-801624 , 82804 , -163982
402072 , -494844 , 591698
-532345 , 172175 , -610801
71700.8 , 711863 , 469786
-7986.99 , 464382 , 270721
-863919 , 743307 , 127404
727559 , 446589 , -270014
-58679.5 , 495720 , 657341
896804 , -136800 , 157082
54081.1 , -441829 , 27529.8
-297958 , 267050 , 6088.18
-36662 , -647170 , -822875
157727 , 254086 , -659057
586161 , -151669 , -651313
-70061.5 , -781752 , -298122
748077 , -407017 , 72890.1
397653 , -497277 , 132776
-60450.4 , 414500 , 576037
132437 , -239679 , 507529
-674472 , 29948.9 , -513204
-95.6155 , 42585.3 , 348582
179436 , 362542 , -663638
-16448.9 , 214320 , 645513
479928 , -269910 , -557493
632981 , -611364 , 302225
-132848 , -452980 , 429637
987942 , 242517 , -610492
-1.05748e+06 , -852382 , 433909
-357287 , 430779 , -700145
-826251 , -121565 , 394449
423447 , 337490 , 444873
343641 , 210045 , -323820
471078 , 53136.5 , 416895
107488 , 719622 , 458558
-511943 , -964288 , 162321
-605770 , -508887 , 90062
-345247 , 575932 , -3201.69
522290 , 579914 , 507952
139109 , -747693 , 173103
93557 , -664371 , -411669
-185075 , -746930 , 936405
756522 , 669293 , -219441
315702 , 881565 , -125592
101803 , -31524.3 , 311539
-302522 , -231897 , -508545
-194387 , 661922 , 413214
-273989 , -79532.6 , 27449.4
-165631 , -228050 , 799792
-328713 , -836929 , -396448
-590532 , -478910 , -338532
99462.6 , -21412.5 , -702773
481798 , 371925 , -237164
-317293 , -592946 , -142872
122256 , -572728 , 651161
264570 , 481894 , -927944
-954433 , 506992 , -48922.7
455892 , -803320 , 442706
-267828 , 144110 , -213184
-566580 , 392720 , -500870
-50064.3 , -189473 , -514444
443478 , 468473 , -214484
-89897 , 223307 , -698516
287678 , 1.08458e+06 , 38962.8
203907 , -421085 , -1.05907e+06
390153 , -51442.1 , -642105
438782 , 273519 , 881692
-104274 , 509906 , 661553
490159 , 496721 , 207348
291625 , -285578 , -299595
339753 , -53688.8 , -311956
45423.9 , 584462 , -338453
-509760 , -689251 , -449913
88911.2 , 307961 , -67943.7
-288379 , -867998 , -167830
-356440 , 343133 , -85428.2
-967924 , 130495 , 120302
-248129 , 394763 , 1448.15
778165 , 570906 , 348809
923130 , 172351 , -82297.3
132086 , -661044 , 547585
270053 , 204536 , 755179
-461713 , 527057 , -312241
-187841 , -710842 , -365193
171384 , 666538 , 475861
-639073 , -591924 , 238102
312725 , 460876 , -421050
295025 , 14361.1 , 225456
-177068 , -387544 , -84964.5
802115 , 448698 , -17017.4
-325877 , 489346 , -38349
313510 , 35267.3 , -299866
-369157 , 680392 , 295397
499437 , -142943 , 779634
-183771 , -469913 , 202306
-403807 , 223485 , 357524
-364279 , 597156 , -520184
-661483 , 88803.3 , 407114
-712125 , -44087 , -169320
-120933 , -637022 , 193824
-909560 , -490871 , 153111
-705821 , -566429 , -369495
105392 , -102629 , 231720
219928 , 92872.2 , 729785
-474109 , -959614 , -296716
738362 , -67847.5 , -370503
-217720 , -235874 , 575965
412301 , 911381 , -4956.49
-557162 , 406561 , 465121
623235 , 465318 , 18638.4
285476 , 169103 , 147600
165930 , 377210 , -791091
250723 , 253697 , 794996
-549110 , 1.15621e+06 , -222163
189193 , 150527 , -557158
-338228 , 639149 , -105520
428434 , -732213 , 512571
775873 , -531529 , -429857
46291.5 , 764219 , -459613
554165 , 502718 , 244643
-87470.5 , 825642 , 533079
-180770 , 617870 , 308755
-800105 , -424595 , 186637
416045 , 523124 , -90483.3
-571680 , 450183 , 306332
-339839 , -135878 , -866091
-280394 , -120266 , -1.12541e+06
-98770.7 , -429302 , -188434
-586463 , -494947 , 590283
275019 , -173233 , 409693
379559 , -341037 , 393786
27596.8 , 472198 , 574987
-337219 , -447802 , 14133.9
-3996.67 , -852210 , 763932
532044 , -747699 , 423252
718902 , -704241 , -298632
71839.5 , 529992 , -107450
-247316 , 150083 , -464779
-27185.1 , 442555 , 664442
-1.11741e+06 , 475557 , -205899
-211863 , -406649 , 735199
446078 , 678362 , -151709
515402 , -553867 , 310483
-75067.9 , 49243.4 , 716769
816731 , -192617 , 353362
-754600 , -189672 , 786076
-492353 , 643215 , 648596
-437032 , 233479 , 1.11889e+06
127542 , 618022 , 499881
65616.2 , 63524.2 , 765706
-361019 , 362322 , 265400
498181 , -799486 , -527523
-310853 , 563989 , 652816
-497550 , -94869.1 , 616670
-602668 , 770217 , 387800
891477 , 30191.2 , 189283
-59000 , 761708 , 532460
51977.2 , -460432 , 75286.7
-545505 , 235010 , 200804
170055 , -483270 , -890230
23158.9 , -363888 , 193955
-282120 , -308070 , 265844
479841 , -409905 , -52377.7
-75491.7 , 1.05585e+06 , -120896
430948 , 55223.7 , -438675
-127513 , -199645 , 826708
-422385 , -348715 , 2535.26
-519800 , -110370 , 350253
-696839 , 189610 , -439528
-1.08038e+06 , 212164 , -29116.7
553160 , 134207 , -312287
-353709 , -767159 , 312346
-36701.2 , -477434 , 296087
-767413 , -287078 , 563802
-249251 , 205430 , -220240
397831 , 186175 , 893839
303048 , 450039 , -179743
-277821 , -327471 , 1.07775e+06
-616826 , 298429 , 464168
678893 , -51253.9 , -146113
-287205 , 686840 , 290767
69569.2 , 170185 , -262776
-268079 , -594038 , -287817
41965.3 , -650419 , -45737.1
-170030 , -117105 , -321076
277118 , -680499 , -501783
-21124.2 , 360839 , -170007
-54328.5 , -2697.46 , 623308
201685 , -619355 , 379311
873643 , 349473 , 487869
461119 , -31137.6 , 501053
546227 , 1255.01 , 71468.5
-570274 , -679996 , -197217
749358 , 724770 , -501154
-952127 , -198956 , 87678.4
-345321 , -648001 , -418926
238652 , -490531 , -303373
-454967 , 641436 , 69243.8
-67912.8 , 274383 , -786157
324385 , 537007 , -59001
-530938 , 167802 , 573814
93788.5 , 414210 , -235789
147347 , 28407 , 99557.3
-617054 , 5266.29 , -719630
-209369 , 263476 , 777718
104146 , 107130 , 994840
472386 , 30908.5 , 186479
-203117 , 628340 , 55512.6
628804 , -325177 , 381236
46055.9 , 336038 , -341129
-112346 , 441121 , 489195
647078 , -9499.21 , 385139
-678784 , 261154 , 566591
-176149 , -418143 , -894433
-266107 , 445280 , 48040.1
-171867 , -330390 , 619710
49020.5 , -154457 , -488743
-392319 , -119021 , -33584.6
336686 , 740788 , -17434.2
-259899 , -457850 , -381495
431079 , 552933 , -66751.8
-416866 , -310720 , 671019
-711987 , -41908.6 , -9968.93
443232 , 346181 , -373308
755466 , -97605.7 , 231421
350767 , 355020 , -244059
329119 , 251739 , 426996
169839 , 457673 , -568418
-180827 , -505318 , -249269
124042 , 543802 , -374630
141133 , 307976 , -512939
-332052 , -73967 , -499569
-871193 , -487118 , 415711
213301 , -387261 , 258912
-368145 , -17860.9 , 555728
-257342 , 681340 , 547148
-520403 , -179526 , 687584
229480 , 591787 , -120038
376373 , -252555 , 258014
-840858 , 8856.11 , 114114
-962185 , 219236 , 216797
-91105.5 , -243377 , -480505
-785649 , -648936 , 352449
281740 , -470788 , -459662
772072 , -456644 , -326973
-58050.1 , 189539 , -622804
-186823 , -293745 , 192071
304919 , -305138 , 68949.6
107850 , -821737 , -508905
255387 , -47820.9 , -432957
300132 , -9611.55 , 11157.7
383737 , 341454 , -139291
-72677.6 , 521289 , 809300
-181001 , -516234 , 799375
-649360 , 304921 , -17432.6
-163263 , -709612 , 232196
-318809 , -61345.3 , 759038
-793345 , -653560 , -40727.2
344897 , 407046 , 475857
-464436 , 776403 , -133851
398072 , 801276 , -264773
-233940 , -188547 , 454458
14162.3 , -663830 , 903472
-679572 , -261779 , -31009.8
624466 , 770535 , 358945
167170 , -582874 , 122628
242121 , 392663 , 788001
343389 , 348273 , -643409
566513 , -576117 , 105575
482604 , -105416 , 329345
405019 , -429703 , -604540
-437584 , -587043 , 49700
203433 , 360314 , 418222
-239750 , -58055.7 , 440965
-31152.8 , -620728 , -424122
676495 , -420294 , 671648
-213324 , 484154 , -370344
704257 , 914539 , -34973
1.07344e+06 , 631927 , -52389.2
-382275 , -495811 , -668593
105887 , -539450 , -392634
236967 , -22514.3 , -572863
358191 , 371152 , -683457
-154676 , -1.26641e+06 , 578804
325400 , 414517 , -916789
-420879 , 206978 , 291779
420900 , 472598 , 58651.7
-525005 , -669043 , 514041
-617889 , -978200 , -57168.6
-244632 , 186142 , -824491
-437765 , -6652.34 , 136820
418854 , 47698.7 , 769749
43197.1 , -561575 , -239484
-59604.3 , 10134.2 , -679521
-232879 , -471627 , -458060
175589 , 427103 , -599501
39290.7 , -613793 , -735099
-10665 , -171726 , -327703
227515 , 288587 , -418096
454242 , -812507 , -239770
24821 , -154796 , 655371
147910 , -18277.7 , 495191
-335872 , 285818 , 762098
-1.04308e+06 , -38122.5 , 240142
-13024.6 , 202713 , 350102
433711 , 133274 , -782155
355972 , -424417 , -289270
415661 , 203744 , -549940
364139 , -1.03456e+06 , 390277
204132 , 21569.5 , -1.00949e+06
483461 , 905740 , -430440
31444.9 , 702869 , -778573
-125723 , 449151 , 527671
98053.6 , -156564 , -105358
131006 , 604306 , -68960.3
492816 , 427135 , 423546
166073 , -340086 , -122850
588794 , 808792 , 229888
-764764 , 473894 , -440655
-319379 , 614047 , 619168
104093 , -41237.6 , -243295
676636 , 561519 , 442851
-382533 , -655290 , 346588
-527635 , -479363 , 437360
455561 , -216119 , -47441.9
-594180 , -426617 , -211571
-454899 , -495742 , 381686
-1.03225e+06 , -418288 , 12654.2
24157.9 , -581753 , -237599
120800 , 672660 , 228332
-690574 , 248508 , 488512
-671866 , 477812 , 389414
-174228 , 778504 , -755042
-377640 , 282519 , 571528
-487810 , -386860 , -118541
-66852.4 , -194071 , 1.07605e+06
-985952 , -410564 , 165867
814755 , 294386 , -88023.6
-501519 , -451796 , 583953
-303246 , 317917 , 232223
392842 , -387490 , -455969
299496 , -291505 , -248563
-270732 , -1.08114e+06 , -207027
-236612 , -200848 , -323650
-1.13111e+06 , 252425 , -6799.85
84563.6 , 850.395 , -1.06687e+06
-184271 , 6813.2 , -400480
-376556 , 532115 , 254491
408107 , -434126 , -186779
-243125 , -133123 , 684200
-714143 , 7041.68 , 331360
104813 , 70731.8 , -465311
626543 , -234137 , 46430.7
-167501 , 478882 , 229557
-18046.5 , -72150.8 , 41552.7
-886189 , -167658 , -260420
438196 , 613990 , 59865.7
-357755 , 641828 , -460390
54576.4 , 109573 , -365424
-459172 , 464012 , 327522
-8399.99 , 87023.3 , 372550
1.15439e+06 , -225256 , 91770.2
-321555 , 66723.4 , -714248
419796 , -79062.4 , 404444
245608 , -10919.1 , -27973.5
142016 , 617145 , -432797
241331 , -340672 , 623360
512301 , 466755 , 208977
-211893 , -133328 , -208228
-513886 , 185018 , -57768
170812 , -603959 , 86879.6
329986 , 280745 , 599034
-425065 , -525797 , 106963
-378710 , -1.09555e+06 , 511256
-652579 , 12845.3 , -631679
69793.2 , 230478 , -470999
-117621 , -897614 , -384339
-726435 , -323653 , -117750
566169 , -604172 , 719702
683131 , 653700 , -384877
11064.8 , 422983 , -41903.4
61318 , -90143.2 , 14785.3
489395 , -63699.3 , -306294
-118887 , -168560 , -661617
64418.2 , 701358 , -450095
558037 , -120698 , 638207
-659398 , -469627 , -106848
-295210 , -923639 , -21046.7
-1858.6 , 122086 , 935448
-222241 , -606797 , 617412
115092 , -551215 , -329539
-583308 , -455878 , -245094
-331570 , 490514 , 266456
-189492 , -579742 , -736050
93166.3 , 497733 , 503114
730419 , 737067 , -32793.5
-793274 , 172848 , 650454
-365976 , 581504 , -783295
-148002 , -174423 , 174541
13349.3 , 180920 , -324045
300044 , 562986 , -444623
753984 , -485574 , 273600
-845704 , -197388 , 106179
-14723.7 , -271383 , 354288
-492116 , 270349 , -169938
102327 , 352888 , 10391.6
254823 , 716929 , 132223
-479048 , 405276 , 86489
371801 , 321012 , 541721
-118738 , -358837 , 274624
421428 , -919862 , -566734
181623 , -192609 , -136185
-156541 , -840963 , -309862
712516 , -100744 , 29767.9
-569325 , 300199 , 138574
-260255 , -3390.73 , -811645
312370 , -25971 , -98941.8
427292 , -189192 , 106666
-26062.5 , -200876 , 930261
392194 , 324009 , 148415
782166 , 3345.55 , -55859.5
-341790 , -110062 , -42736.7
13783.9 , -645126 , -144490
123847 , 148370 , 660793
530792 , 927443 , 201919
42333.9 , -394421 , -119896
-206346 , 101553 , 170445
337504 , 677823 , 264137
-13742.6 , -37623.7 , 144698
-483318 , -259243 , -376515
275232 , 377223 , -505829
-348361 , 90741.1 , 102974
35300 , 745825 , 493580
-698107 , -316721 , -258206
485856 , 699832 , -217028
-589627 , 177270 , 25432.2
-133763 , 514048 , 881872
187579 , -138092 , 542503
-844982 , -565548 , -243600
255896 , 536396 , -198392
754474 , -64506.9 , -751217
-229277 , -858590 , -257144
-61450.8 , 140074 , -381920
37915.6 , -731920 , 519752
-69936.8 , 395265 , -63337.2
600668 , 557791 , 544659
-529693 , -395007 , -680859
676262 , 632346 , 504261
-533110 , -783630 , -288597
-89309.1 , 587577 , -285022
-507330 , 570144 , -620334
429910 , 813629 , 179279
303819 , -547565 , -192930
811990 , 653895 , 746594
600980 , 312534 , 5062.48
485473 , 169681 , -28969.5
-330574 , -195598 , 57100.3
-200980 , 508792 , -182015
437156 , -934793 , -51718.1
-33233.3 , 337514 , -240565
-157071 , -519703 , 932907
173778 , 642321 , -26976.1
-327562 , 241096 , -219399
-263037 , 143755 , -119796
-709718 , -29632 , 199084
947475 , -122077 , 537275
-209331 , 398775 , -521104
559109 , -160215 , -107404
498077 , -456618 , 20030.1
-82717.3 , 257221 , 159666
138341 , -656585 , -335940
-322993 , 522718 , -355589
387981 , -194682 , 477571
764774 , -505.944 , -543078
245253 , 513923 , -335309
-191586 , -455853 , 765063
45637 , 211005 , -199326
67521.2 , -58454.9 , 226655
428194 , -251137 , 745178
509726 , 704447 , 488207
-271143 , 507356 , -149274
333412 , -604680 , -648119
-118472 , -692805 , 731770
-249798 , -668136 , 143041
-402958 , -209627 , -421767
114071 , 554467 , -288507
241618 , 613688 , 580812
206414 , 450165 , 266693
-58930.5 , -272296 , -532030
273994 , -186196 , 139627
-943920 , -173100 , -123222
727115 , 27225.1 , 310427
422801 , 212474 , 433304
-36323.2 , -88832.2 , 274106
90998.4 , 728802 , -216304
434905 , -210510 , -117673
599315 , -750627 , 347514
-520126 , -407007 , 233347
628527 , 128958 , 176007
-380774 , 742749 , 578943
-63622.5 , 324662 , 492056
-56868.7 , 281265 , 922244
579304 , 403840 , -130206
397823 , 134401 , 738393
-487147 , 474689 , 240715
-794026 , 123858 , 304554
-188773 , -107055 , -551928
-329581 , -394187 , 446632
1.01915e+06 , 180089 , 436081
359790 , -604367 , -673820
1.05753e+06 , 303913 , -178000
-339414 , 185155 , -537886
-219142 , 440701 , 832747
-852347 , 13324.1 , 474973
-526282 , -100928 , 455241
-224218 , -601554 , 928318
-380037 , 426503 , -555135
-211500 , 223235 , 176450
151350 , 727139 , -552227
-741897 , -876368 , 147640
242789 , -426807 , 1.12781e+06
-778573 , 424142 , -567830
70265.7 , -535536 , -531323
-361418 , -723633 , -248411
523959 , 401316 , -696501
727295 , -254379 , 447526
-45193.7 , -283772 , 125845
844098 , 195447 , 465885
-435540 , -82773.1 , 524451
-357617 , -536887 , 517435
-55301.9 , -328097 , 563013
99074.9 , -444153 , 466123
-389613 , 10318.9 , 706444
637825 , -284868 , -462632
664187 , 193600 , -260825
-347478 , -1.17755e+06 , 24666.9
-130634 , -1.1169e+06 , 295356
-260479 , 199365 , -194384
456877 , 366560 , 569132
-395693 , -62279 , -515101
57729.9 , 856214 , 715070
-676255 , 313651 , 574652
845831 , -117252 , 663027
-644977 , -409247 , 308629
-1.01996e+06 , 227505 , 185154
677491 , -103320 , -275797
147495 , 71977.5 , 17287.8
101638 , -356745 , -640862
67447.3 , 201366 , 432337
254155 , -334286 , -191840
796009 , 435978 , 492350
235928 , 612252 , -178650
-716451 , 277830 , 873715
464786 , 347227 , 229486
-378949 , 328249 , -59143.5
-488601 , 217159 , 738051
-60168 , 571180 , -1.03726e+06
344834 , -633326 , -698771
377674 , 589030 , 766205
-90445.1 , 507005 , 102900
-4630.3 , -470318 , -24194.2
328792 , -125100 , 451071
-255953 , 370277 , 4813.29
-329670 , 258846 , -708311
-111255 , -245386 , -298128
-202385 , -584601 , 634501
-67441.7 , 35912.7 , 253279
223090 , 1.00718e+06 , -111538
-417419 , -565829 , 488048
-126409 , 105214 , 337161
402221 , -126365 , -817305
-683773 , 343232 , -24809.1
-192273 , -719271 , -514021
-451454 , 326079 , -453678
-415705 , 137209 , -339396
303064 , 253632 , 389156
-481248 , 39077.8 , 174099
-696772 , -363513 , -198204
-82072.8 , 680341 , -308427
-467049 , -579374 , 80112.5
295567 , 219521 , -75231.5
-207616 , 184862 , 960609
-298190 , -781324 , -26324
200413 , -14390 , 994022
56217.2 , 309101 , 831751
-163407 , -275706 , 591411
81466.8 , 394095 , 904958
-172970 , 239085 , 1.00206e+06
780260 , 332864 , 85307.2
-51001.6 , 794271 , 566308
300883 , 919486 , -635804
646850 , 6855.82 , 231971
-95960.1 , 138531 , 415443
-394322 , -5979.29 , 195702
332163 , -536166 , 597500
-632413 , -400040 , 79886.6
810710 , 468268 , 251475
-269899 , 471647 , -492584
-124542 , 229134 , 1.03925e+06
185524 , 1.01625e+06 , -51320.3
974819 , -871813 , -181682
423225 , 664411 , -401956
276882 , 131131 , 885068
672841 , 515386 , -499597
-194355 , 14760.2 , -26983.6
-440451 , -445669 , 318830
147617 , -562740 , -367162
-135008 , -295779 , 300058
-504734 , -531042 , -206246
-21384.8 , -164227 , 427060
-579101 , -153988 , -579916
-47118.2 , 398979 , 244156
-589668 , -24181.3 , 324814
355482 , 678213 , -346616
-156089 , -503649 , -643238
-147564 , -257864 , -358815
-201583 , -528191 , 86766.2
-63302.9 , -750668 , -67760.5
-226701 , 628041 , 14908.3
-80844.5 , 110714 , 186184
-358493 , -22725.6 , 24379
31139.4 , 312153 , 258738
475515 , -162626 , 668496
894912 , -131966 , 99675
349774 , 401893 , 790012
-389423 , -292320 , 40189.9
530457 , -526397 , 610109
-336673 , 516967 , 771247
396898 , -31251.9 , -22307.6
-238811 , -47470.2 , -325363
172459 , -237334 , -142811
283559 , 292109 , -510099
59856.4 , -772815 , 136841
16636.2 , -264629 , 739400
-750608 , 39650.7 , 285609
282734 , -717146 , 83352.1
-543616 , -341528 , -897107
337137 , 347526 , 478681
-423299 , -531151 , -177963
-188544 , -418362 , 168021
224030 , -32632.6 , 542959
463620 , -630336 , 370694
-425812 , 76414.4 , 675025
606594 , 755899 , -979197
-103086 , 416426 , 507222
-486493 , -720753 , 456316
799526 , -142452 , -46673.2
-200325 , -321820 , -392311
-968345 , 165004 , 173943
-174317 , 104676 , -574519
362502 , 716371 , -17477.1
61972 , -181291 , -876412
337683 , -252920 , 1.00437e+06
-416009 , 591167 , -332731
82505.9 , -587052 , 441703
230861 , 447587 , 544694
-221683 , -375356 , -552388
691235 , -165937 , -264112
-683459 , -460075 , 183996
-201687 , 606208 , 675206
582505 , 337177 , 444677
201294 , 778038 , 744716
303199 , 744968 , -71997.3
299481 , -621213 , 579507
-514503 , -96091.7 , -620537
556407 , -652538 , 421120
981400 , -53167.1 , -323729
770984 , 347657 , -514017
113362 , -420824 , 184157
-233724 , -456953 , -116870
141836 , 357309 , -358445
-759931 , -307196 , -596397
68014.9 , -250660 , -1.16209e+06
792300 , 223296 , -295830
375441 , 162996 , -443440
-169245 , 461845 , -603839
227996 , 570449 , -346275
-564292 , 626012 , -22396.8
290225 , 333551 , 94050.1
-228144 , -148381 , 80845.1
11621.3 , -187599 , 812290
740408 , -527434 , -482843
-220116 , 129451 , -270881
-185188 , 711492 , 528254
672122 , 79149.7 , -185944
1.12631e+06 , -612122 , 158509
62390.9 , 639474 , -474686
-548735 , -33826.3 , -16278.3
-382136 , -24126.3 , 408119
-644507 , -9871.4 , 744532
441634 , -35605.1 , 592860
353794 , -685957 , 333466
-238259 , -547314 , -535066
-526532 , -395537 , -638650
-522470 , 599693 , -191374
-615885 , -706761 , -366699
383989 , 737301 , 273099
384520 , 449699 , -459066
23640.9 , -808654 , -6.73608
-428428 , 118687 , 713804
-270981 , -832116 , -92719.5
-1.09816e+06 , -342912 , -425188
-868076 , 171750 , 15544.6
470881 , -159158 , 267056
443859 , -326698 , 277153
-326934 , -390172 , 282705
356601 , -301273 , 303094
-280725 , -176332 , 766548
140796 , -108924 , 506108
-211187 , -47266.2 , -451397
-8374.15 , 244408 , 552411
191171 , -564897 , 580841
-150652 , -583067 , -537572
-494344 , -557156 , 206543
-229206 , -921139 , -600986
194804 , -231556 , 81193.4
45636 , -773937 , -44607.7
228080 , 743032 , -427422
-373120 , -353092 , -682860
38246.6 , 439551 , -469494
698116 , -182550 , 251969
-296034 , -388444 , 1.0212e+06
415642 , -760368 , -674596
-375359 , 265714 , -640347
723521 , -324171 , -265063
207700 , 766617 , -300236
-79510.5 , -178020 , 512611
-256946 , 541294 , 351117
-218980 , 761355 , -460514
746911 , -204583 , -258641
-140626 , 116325 , -1.16662e+06
-130139 , 221172 , -727584
-163692 , 953842 , 201489
509373 , 139583 , 45311.4
-1.07835e+06 , 75910.2 , 273932
123999 , -255993 , 91594.2
-164720 , 322983 , 306185
22588.7 , 35635 , -396765
-610714 , 357875 , -539216
-712409 , -633933 , 402165
535491 , 406760 , -97271.3
310471 , 364378 , -746527
-386329 , 783187 , 176404
157142 , -130480 , 114090
-793069 , 512313 , 270266
-212520 , -596572 , -654554
-226347 , -757692 , -668340
778677 , 365190 , -23329.3
854634 , -193658 , 597967
-240936 , -986237 , 266474
-85435.9 , 241002 , -696782
-781068 , -726020 , -126574
-269727 , 811897 , 161895
-494087 , -102468 , 267411
-421192 , 174857 , -778699
244766 , 275343 , 164472
-1.17216e+06 , -268850 , 317611
-309500 , -640399 , -566239
-150018 , 82840.2 , 160848
538441 , -177818 , 468785
119728 , -352299 , -1.02611e+06
-140543 , 178675 , 176923
-57534.3 , -568722 , 187770
740384 , -138177 , 139454
-247747 , -16718.7 , 105364
579.228 , 89392.8 , -183930
-278454 , -313355 , -548861
-43435 , 216112 , 750364
-366501 , -499079 , 667441
357777 , -166524 , 451118
351710 , -458875 , -800955
-643481 , -528032 , 421704
442097 , 23341.5 , -613623
489166 , 457595 , -373042
-366409 , 77823.3 , -324325
724664 , 4271.24 , 423511
-781914 , 267019 , -104558
-773803 , -426035 , -46240.6
79340.5 , 465466 , 302567
303103 , 616610 , -117764
-296805 , -120391 , 344433
993233 , 163715 , -201881
479374 , -398768 , -926474
-276348 , -543080 , 127327
-377636 , 150920 , 737078
-188836 , -661396 , 581111
-768316 , 384644 , -440225
85259.7 , 273201 , -645215
374440 , -116393 , -627528
-161291 , -327509 , -505586
675836 , -617823 , -815307
-805957 , -883415 , -134554
-431990 , 150223 , 128485
935306 , 309454 , -237942
-519354 , -509526 , -66597.6
-277604 , -328188 , -591445
-166507 , -280271 , 361881
-421997 , -616132 , 38564.5
494296 , -508454 , -75280.5
377441 , 384563 , 317958
249286 , 389059 , 326572
-985106 , -272553 , -565208
905164 , -85175.3 , -156493
463302 , -165476 , -193586
-164768 , -766068 , 348800
560926 , -54933.2 , 749105
342292 , 669074 , 57016.5
-550843 , -107666 , 410763
-486217 , 342756 , 89187.5
652853 , 328706 , -410033
-595193 , 970332 , 399218
391754 , -5660.46 , -669748
-795559 , -231902 , 64481.8
908567 , -406652 , 229370
-598421 , 397917 , -145024
331198 , -751714 , -325880
620505 , 245895 , -282651
-205939 , -143365 , 255404
-1.11052e+06 , 433879 , 287082
-651216 , 369818 , 572923
-36041.7 , 1.06471e+06 , -347168
197433 , -244444 , 101252
-745071 , -125558 , -5871.9
-186069 , -1.00146e+06 , -181772
-288206 , 627957 , 556020
308494 , 651192 , 344120
-287974 , -760006 , -484705
-495284 , 552507 , -817.92
726352 , 56472.8 , -158288
728765 , -87815.2 , 564401
773643 , 232978 , -722602
541322 , 1.00753e+06 , -337702
-261691 , -541781 , -3702.07
-171562 , 48081.2 , 35347
-194393 , -474427 , -815260
584930 , -459057 , -627127
-125786 , 734549 , -479810
173913 , 144459 , 660721
1.10943e+06 , -344743 , 228480
-132578 , -295587 , -672907
-570613 , -468335 , -21674.9
-244547 , 412605 , -1.02358e+06
-525608 , 533116 , 175759
-404612 , 327347 , 25876.9
-308459 , 165106 , -390008
-1.01914e+06 , 31471.8 , 381687
-144352 , -24589.4 , -597772
-295340 , 511857 , -443525
-804073 , -21164.8 , 453582
438351 , 528481 , -439657
56961 , 196030 , 842354
-687100 , 106177 , -401182
-385582 , 629271 , 571070
-84462.7 , 20831.9 , 530936
-173053 , 659455 , -533147
-724571 , 154658 , 818892
-152408 , -224488 , -410283
34523.9 , -414443 , -1.08655e+06
317060 , 421363 , -642330
-558646 , 149269 , -263750
-717277 , 54462.9 , 689138
-15475.3 , 107258 , -1.02228e+06
-849258 , -525982 , -354569
-17913.2 , 354994 , -174900
-587031 , -664151 , 427417
-716610 , 541301 , -241799
157366 , -142219 , -215976
-239044 , -10691.8 , -59741.3
134397 , 527010 , -441572
-510869 , -498194 , -346779
-172063 , -79627.6 , -270428
-499938 , 150869 , 191317
719829 , -484809 , -328352
-106568 , 331799 , -554626
-655660 , 863077 , 375210
-868018 , -167838 , 248488
-111992 , 747066 , -356695
369013 , 438452 , 402930
580020 , 241535 , -700921
-307777 , -154645 , 607494
-134314 , 538870 , 333143
504324 , -392870 , 105575
-396488 , -455818 , 419311
691613 , -43396.7 , -126092
154859 , -726276 , 301489
-735186 , 860732 , -82702.3
653767 , 7552.79 , 482733
-75203.8 , 905793 , 134634
-518182 , -242446 , 135419
-162602 , -236444 , 326383
-244021 , -739879 , 463588
-865.943 , 752870 , 712116
144279 , -81431.9 , 847830
133280 , -27912.3 , -322607
-449438 , -124414 , 126781
-88467.8 , -59716.4 , 625585
292049 , -796287 , 484314
456455 , -210212 , -207872
279955 , 157058 , 170185
463190 , -716052 , -408118
744.312 , 109315 , -388964
-45058.2 , -6366.72 , -143086
60963.3 , 561500 , 54394.7
128070 , -356325 , -216073
-514926 , -164412 , 616215
330423 , 397655 , 808792
741817 , 873266 , 220242
-565292 , -113653 , 660124
266791 , -29378 , 20870.7
155157 , -369684 , 190755
464333 , 583095 , 264563
120938 , 5531.66 , 111635
359794 , -134346 , 597000
-157680 , 150211 , -358444
-230043 , 722941 , 121564
839896 , 521988 , 36694.2
55782.5 , -83128.4 , -488159
-127237 , -620148 , -535480
53203.1 , 462737 , 21182.8
-79607.4 , -466244 , -640891
670102 , 944472 , 299612
-375929 , -851.949 , -99723.2
97169.9 , 260598 , -79706.7
774600 , -108455 , 69891.6
753684 , 355911 , 790126
-13186.6 , -245390 , 258640
38669.5 , 214335 , -389269
-85094.5 , -399873 , 693074
289940 , 478430 , 745454
-96744.2 , 211101 , -538980
-878258 , -138631 , 339303
387089 , -604843 , -93608.1
-149470 , -832524 , -627436
880098 , -112893 , -793362
-179337 , -253607 , -1.14607e+06
221261 , 26581.7 , -348975
-654218 , 517658 , 487503
-345562 , 232487 , 99846.3
55399.5 , -593506 , -159395
805610 , -601637 , 262107
-563805 , -288739 , 550552
-165771 , 177220 , -858033
-327721 , -132267 , -270798
543649 , -483067 , 524308
-356007 , 157876 , -617781
32221.1 , -273225 , -656839
-109497 , 47875.4 , -785808
-60271.2 , -511588 , 268730
-490370 , -308988 , 485054
-482374 , 116356 , -185084
105082 , 435200 , 886376
-5164.5 , 601271 , 746664
37996.2 , -536449 , -234648
-402383 , 22633 , 987704
299721 , 44848.1 , 535695
-784635 , -594648 , -447997
542703 , 303066 , -206250
35847.2 , 474851 , -517280
-257641 , 824602 , 63274.7
-487864 , -482675 , -57037.3
84110.3 , -576040 , -160950
1.03436e+06 , 33151.5 , 205427
118930 , 884252 , -182993
632247 , -274241 , 353692
-728710 , 469678 , -480146
663721 , -607164 , 345990
-80165.7 , 111181 , -739399
-719290 , 257959 , 551162
43410.5 , 478806 , 762315
-65287.3 , -47616.2 , 306742
-360095 , 571457 , 41916.1
-120122 , 86061.5 , 401160
-648503 , -206858 , -736387
-358528 , -620538 , 606600
731716 , -18331.8 , 191578
576277 , -575789 , -422094
-619989 , -162870 , 142488
303303 , 295.57 , 654823
-473826 , -780600 , -477598
-192025 , -1.02984e+06 , 443884
23463.4 , -349765 , -628066
-103578 , 727291 , 506222
228836 , 309294 , 702773
821101 , -463382 , -120111
252173 , 605181 , 326626
8353.91 , -521197 , -120757
72290.6 , 443328 , 134317
-594809 , -247414 , -56185.6
28492 , 703777 , -599514
179835 , -895854 , 479961
790907 , -428072 , 349514
-1.16939e+06 , 321029 , 352678
647740 , 513358 , 3663.62
395063 , -625719 , 34953.8
-365659 , -834708 , -637937
198167 , 546276 , -175372
-567358 , 578953 , 325971
-554694 , 72790.4 , -7415.09
-146720 , -215159 , 481776
-506490 , 509843 , 158060
-671420 , 526978 , -241779
-640484 , -32689.3 , 557551
-16852.6 , -369436 , -882518
-380837 , -699203 , -970725
871922 , 346853 , 302782
-297016 , -108665 , -466186
216041 , -401686 , -368503
248061 , -248134 , 458558
584620 , -478134 , -636792
91222.3 , -618525 , -186171
-387473 , -244138 , 346786
-81630.7 , -5774.29 , -583088
-408796 , -499481 , -532755
-431798 , -725953 , -733333
46073.5 , -1.07667e+06 , 168126
-38058 , 475482 , -545944
213734 , -444930 , 558263
364955 , -1.11288e+06 , 93939.8
-265724 , 199141 , 930898
231253 , 164552 , 59544.6
123570 , -98109.1 , 525528
-82805.9 , 768142 , -439372
-88562.8 , 298516 , -214961
28272.2 , -139059 , 531475
896449 , -260830 , 400674
299989 , 165217 , 672169
-335594 , 962303 , 434410
29597.1 , 149325 , -273949
-637508 , 69064 , -361573
696933 , -330731 , 122200
-393223 , 1.07695e+06 , -200677
143125 , -608526 , -657282
64343 , -283136 , 594859
485967 , -201843 , -611258
-581336 , -678607 , -64014
431543 , 341910 , 10559.6
24907.3 , -433851 , 661323
609404 , -47212.6 , -439845
124038 , -82615.3 , -187579
86791.4 , 610497 , 653500
-700356 , -25930.8 , 350249
488666 , 131943 , -547322
364660 , -330546 , -275514
-641753 , 500286 , 203571
634686 , -204184 , -230228
467447 , 215668 , -367378
-527599 , 273030 , 561428
-163487 , -170810 , -16719.9
101991 , -242540 , -410273
222727 , 60832.9 , -93185.7
45518 , 271096 , 167859
-103796 , -586531 , -116254
596418 , -49885 , -168031
444066 , -796100 , 208438
332022 , 852361 , 630608
270022 , -38221.2 , -191702
140029 , -47066.3 , -631558
-593734 , 499261 , -713294
50793.6 , -1.09972e+06 , -13803
20299 , 548468 , 315631
713536 , -555617 , -561628
-387034 , -289359 , 796532
153201 , -493044 , -62374.6
731237 , 722114 , -111999
310641 , -389091 , -138763
538058 , 49586.8 , -258035
-79629.1 , 199362 , 259393
190881 , 146971 , 747846
609842 , -22070.9 , 12036.2
-58375.8 , -172095 , -184107
161026 , 899348 , -359246
-258980 , -657937 , 383832
46549.5 , -42320.8 , -609062
397115 , -259331 , 352145
147999 , -934925 , 186819
806160 , -426557 , 224482
235387 , 661269 , 599047
-844296 , -126714 , 18811.9
-436372 , 16951.4 , -468280
40312 , -946703 , 462725
-33196.8 , -273119 , 449466
13654.6 , 543519 , -99291.2
714955 , 332346 , 512706
-404565 , 460102 , -261825
-223305 , -412118 , 661399
230773 , -189673 , 870080
-241589 , 440295 , -466046
661794 , 559271 , -193702
-214415 , 860544 , -209804
-348961 , 371592 , 288786
569399 , -92574.7 , -615972
647758 , -215529 , 195717
-638750 , 670896 , -629329
54116.3 , -75997.1 , 420450
-343949 , 55798.1 , 41759.3
98570.6 , -841333 , 160787
-53791.9 , -510027 , -123075
273589 , -134010 , 9004.26
-337221 , -933940 , 452421
462201 , 576350 , 84578.5
55004.7 , 342711 , -328086
231862 , 891061 , -495064
409700 , -411122 , 706972
132990 , 935970 , 281725
-537803 , -140287 , 285584
-196002 , 677688 , 91959.8
-651791 , 514556 , -152409
260761 , 109827 , -876258
147322 , 877541 , -75578.9
-292441 , -567505 , -623820
695693 , 486502 , -354720
-80271.3 , 697581 , 568342
116504 , -408269 , 158813
-683177 , 622227 , 799356
176493 , 343901 , -217223
464836 , -79445.1 , 74819.8
-596332 , 401471 , 326367
-376001 , 280660 , 89692.5
-819842 , 445835 , -206735
458258 , -150483 , -823289
-172595 , 659.981 , -258376
-469728 , -131806 , -761037
-613373 , 460877 , -118851
-387187 , 309491 , -847239
-417848 , 202098 , 252610
562843 , -292367 , 22632.2
149905 , -1.01468e+06 , 240966
520327 , -403517 , 321804
-94220 , -107954 , 174284
-440257 , 88854.7 , 1.04133e+06
640484 , -222292 , -831177
-14879.7 , -637008 , -143529
697171 , 406515 , -337337
683665 , 45329.3 , 548694
-160829 , -311638 , 669813
201270 , 253882 , 470752
358909 , 737949 , 313329
-38293.8 , 390776 , 367178
206185 , 363718 , -84588.8
30327 , -569062 , -578926
-475270 , 750406 , 418309
241301 , -569407 , -338198
371466 , 186895 , -770347
139252 , -558699 , -28400
-130658 , 714868 , 244033
-97240.9 , -631771 , 632815
582871 , -87664.1 , -595024
-67369.6 , 749731 , -119542
289302 , -177947 , 179212
-502138 , 702265 , 883677
20609.8 , 77207.1 , 175135
-773470 , -92673.9 , 801213
610219 , -145555 , -200920
285193 , 460854 , 176903
15091.5 , -432400 , -45276.7
467656 , -177048 , -441867
103341 , -336021 , 461377
299694 , -538114 , -386181
494119 , 126921 , 59192.4
-318705 , -1.02843e+06 , -35801.5
433044 , -871216 , -538734
-250535 , -26403.1 , -664196
612014 , -491621 , -177532
374080 , 577386 , -62289
-95970.5 , 372726 , -139260
239833 , 847512 , 83260.8
78872.4 , -996803 , -274749
-146211 , -9535.19 , 507336
764897 , 106750 , 359997
363642 , -127462 , 506718
-67339.1 , 591024 , -218953
-432958 , 649618 , -742206
104810 , -468179 , -513682
642795 , 8228.34 , 544821
44831 , 22105.3 , -410848
-812012 , -517352 , -281339
-117540 , 641527 , -678144
-419919 , -103392 , 901540
972533 , 50782.5 , -53770.7
342764 , 564213 , 14657.7
269966 , -77435.7 , -372742
-300334 , -200503 , -66582.2
678690 , 23630.9 , 960853
-464187 , -840617 , -748580
417911 , -69728.7 , -675554
-565000 , -184592 , -256171
-545123 , 408442 , 770488
195661 , -608796 , 469523
-560956 , 748567 , 735961
-297580 , -169295 , -945419
-35716.6 , -356911 , -248519
349383 , -285300 , -920804
-17438 , -1.20837e+06 , -310725
-185125 , -318164 , -188873
-359748 , -1.04114e+06 , -270094
184438 , -29819.4 , 547198
357506 , 702719 , -750653
-339635 , 1.00966e+06 , 81184.8
-483530 , 621599 , 175690
-596165 , -363308 , 134557
-84736 , -929906 , 470094
754786 , 290761 , 175745
-200008 , -309984 , -189657
609042 , -609187 , -533183
-544421 , -279613 , -349567
-817827 , -182925 , -71290.7
9420.81 , -594167 , 488666
-436594 , -224283 , 5358.96
214630 , -363805 , 43204.3
-195726 , -275297 , -613681
401423 , -376099 , -148892
261752 , 767172 , 282681
182152 , -294729 , 747736
-127598 , -296533 , 345873
-790996 , -433733 , -141015
-190269 , -1118.2 , -13848.9
-350735 , -222438 , -341040
-297583 , 186688 , -458535
68963.4 , -31511.8 , 50746.1
42575.4 , -911996 , 471898
-370354 , 308817 , 381189
-208046 , -688198 , 251393
-96055.6 , 714170 , 358209
-305414 , -640978 , 511953
705208 , 68061.6 , 217252
52100.9 , -760420 , 444662
52711.1 , 254396 , -848100
-408461 , 144581 , 534709
29395.1 , -77331.6 , -454948
-397248 , 569165 , 454941
-210087 , -676616 , -230318
-402848 , -245717 , 104040
-91805.1 , -47149.8 , -41623
-233209 , -168080 , 671990
554093 , -541667 , 142205
745655 , 94283.7 , 577697
-171502 , 64013.4 , -296184
478912 , -343404 , 247920
322711 , 314937 , 988155
-361145 , 498205 , -880201
441294 , 51569.8 , 543440
467580 , 265057 , -150362
118512 , -86705.9 , -618689
41347.4 , 881487 , 32331.7
685941 , 414866 , -275485
827076 , 319559 , 100133
910641 , -207113 , -908235
-342563 , 473187 , -151894
-781454 , -721937 , 573433
-712417 , -471694 , 469088
727443 , -434383 , -60116.7
124898 , 96641.8 , -700814
-379824 , -483221 , 174297
157300 , -151996 , 1261.38
-189813 , -912885 , 259467
-219397 , 330584 , -96001.2
155148 , 326407 , 158600
328206 , 356126 , 744853
460616 , -145549 , -313688
-610458 , 40610.4 , 218293
-128450 , -447938 , 760279
349609 , -378534 , 316548
459996 , 32419.1 , -63457.4
475392 , 278624 , -560888
-173495 , 644934 , 45346.6
-418523 , 317527 , 372709
-292035 , -134749 , 404896
-322839 , 159068 , -126939
-634141 , 161021 , -640749
-541078 , 292055 , -403062
587389 , 169431 , 104590
-252835 , 41673.7 , -920384
489109 , 4766.08 , -422268
-186603 , 69533.3 , 862377
3847.01 , 276785 , -490710
-695762 , 225278 , -652042
-599190 , -105987 , 556386
58190.8 , -438386 , -527589
-25913.3 , -533866 , 317230
176003 , 597351 , -473161
52241.5 , -429182 , -272610
452479 , -107319 , -506313
-535548 , 471475 , 136934
-59355.9 , 778465 , -837135
403888 , 321543 , 769813
296818 , -452335 , -428225
410388 , 490805 , 299572
607957 , 384097 , 296678
-695359 , -636149 , -301192
-768448 , -380582 , 559470
-280461 , -418498 , 247555
-280173 , 176628 , 404919
664103 , -361469 , 206080
284890 , -109295 , -591188
773516 , -134585 , 1284.92
-436368 , -152151 , -290502
-277186 , 754249 , 105055
-433041 , -235591 , 261791
-623750 , -261165 , 109234
167463 , 112048 , -153029
-620800 , 286553 , -110908
-415457 , -16130.5 , 518489
349450 , 802137 , 438802
-796215 , -359637 , -222336
-59834.6 , 50297.2 , 183863
-355245 , -44756.7 , 846323
656503 , 329128 , 22475.4
169304 , -384776 , 507369
-567655 , 438051 , 608123
-585607 , -488795 , -779558
463658 , 465777 , -320024
-64815.4 , 661318 , 547467
-81206.7 , 724296 , -66665.2
391158 , 277320 , -182443
170319 , 719104 , -279617
-291210 , -277395 , 464931
183957 , -154598 , -859553
-703268 , 387572 , -207762
407042 , 354690 , -848904
533439 , 154900 , 291106
328892 , 431593 , -147422
-104817 , 347768 , 894624
-443478 , -142628 , 683468
612290 , 210598 , -973350
-780244 , -11972.9 , -502335
535552 , -133726 , 504960
633537 , 430349 , -123325
-360344 , -75451.5 , -236841
-202183 , 30921.7 , 620243
-372970 , 157451 , 576620
372328 , -243125 , -761086
56246.8 , -242138 , -89319
-522492 , 900403 , 308944
151459 , -429917 , -126673
-787040 , -692807 , -542620
-691902 , -383240 , 651860
-424885 , 221362 , -93355.5
730203 , -598070 , -452698
35638.2 , 457974 , -67139.5
522545 , 170391 , -228066
358389 , -294719 , -204954
77663.4 , -45096.5 , 798787
-359338 , 395485 , -605426
-686118 , 301238 , 250364
-47257.7 , 709391 , -74520.1
662722 , -149784 , 688053
171383 , -150012 , 518583
1.03909e+06 , -371785 , -545959
-404509 , -869939 , 782734
632120 , -199572 , -635241
-681135 , -357578 , 150389
-276292 , -270126 , 709019
-427403 , -50174.4 , -361459
96189.7 , 145077 , -231964
-814267 , 153064 , -215767
-744692 , -123756 , -11352.4
-492823 , -314606 , -551961
-234225 , -255769 , 463680
-106414 , 415474 , 396500
571441 , 275763 , -124797
-736777 , -472695 , 192120
-833284 , 536608 , 517082
185471 , 394252 , 141360
-1.06082e+06 , 339941 , 275439
496307 , 405659 , -173803
324917 , 77234.4 , -491594
881665 , -524480 , -421804
165230 , 913430 , 66828.4
-757346 , -940173 , 394063
725535 , 23095.2 , -386587
789173 , -750532 , 20124.4
394015 , -371921 , -188912
-310035 , -534331 , 252207
517844 , -811798 , -187223
177818 , 39060.7 , 668845
-355821 , -159548 , 853284
-684255 , -324426 , -620638
-193415 , 584210 , 352834
-17173.6 , -530953 , 495905
-383827 , -689545 , 35546.4
-305630 , 935917 , 64546.2
47649.2 , 226012 , 829676
-415956 , 441421 , 136721
556857 , -43360.7 , 639621
917292 , -251243 , -401646
274126 , -503194 , -628069
-362590 , -42116.9 , 96488.2
-209649 , 36706.4 , 758397
386477 , 518557 , 459737
-372999 , -7274.49 , 470385
-346761 , -333838 , -695073
103378 , 36233.4 , -119405
-56827.7 , 376197 , -55687.3
1.07617e+06 , -125881 , -174684
193545 , -114832 , 274025
128162 , 487214 , 562070
653236 , 446835 , -480790
797779 , -546056 , 350305
8584.39 , -575520 , -624070
-65499.7 , -108966 , -326432
353249 , 69135.7 , 586316
64821.2 , 719905 , 164337
-599172 , -222394 , 551990
440374 , -455798 , 97615.2
-401342 , -259375 , 467406
-473518 , -160920 , -100493
-665254 , 368837 , 77488.1
-391031 , 152858 , -50202.2
311350 , -647511 , 570587
-666982 , -448389 , -163079
-635377 , 54916.6 , -215274
-499429 , -359079 , -129706
805316 , -717425 , 371773
382256 , 342009 , 955471
-679364 , 101282 , -426335
835125 , 416104 , 289653
500148 , -491178 , -656595
870819 , -175258 , 390076
59936.3 , 87704.5 , -459778
107601 , 338007 , -313585
-464016 , -407904 , -455642
-362351 , -637206 , -416092
251411 , -377816 , 771146
1.02814e+06 , 231076 , 92928.1
-500754 , 250810 , -974545
486507 , 665956 , 324267
812188 , 607942 , -562893
-871924 , -389243 , 49430.8
-304341 , 379404 , 902353
-388314 , -506290 , 578378
298574 , -920549 , 50343.9
122245 , 247348 , -797069
311664 , -458116 , 808186
-742592 , 918944 , -85825
-366055 , -16689.7 , -804554
-521606 , 534396 , 182257
309101 , 707055 , 549492
-1.14469e+06 , 112211 , -52057.7
48309.8 , -148203 , 481795
163149 , 252125 , -700524
-162908 , -181999 , -64853.4
-97962.2 , -211839 , -1.03519e+06
399381 , -389436 , -190032
-714678 , -158660 , -136815
611238 , -487163 , -55655.1
-239657 , -449777 , 224041
-77958.7 , 651371 , 539608
236066 , 410031 , 341743
317756 , -132724 , -476471
277290 , -38245.8 , -479902
404361 , 245478 , 675631
938858 , -330148 , 493566
167698 , 432945 , 147751
518020 , -353860 , -675749
576375 , 487154 , -434348
214418 , -738574 , 656238
397288 , -283768 , 546300
-269852 , 144560 , -29524.2
433448 , 622045 , 161556
-528283 , 225185 , 690354
841987 , 252082 , -397320
883350 , -454071 , -120164
514562 , -246458 , 381046
-119196 , -508930 , 470990
-510101 , -380222 , 346234
-208374 , 426496 , -155447
127949 , -70569.2 , 36634.4
607015 , 375702 , 56881.1
-607284 , -431970 , -445266
431212 , 109867 , 806469
-210174 , -774690 , 292594
427969 , 799373 , 378760
30089.1 , 636404 , 205175
-311061 , 104200 , -291262
865741 , 156026 , 59101.7
-310249 , -131882 , -590326
181753 , 197957 , 228388
-436670 , 313820 , 850395
207638 , 161169 , 713347
516589 , -295220 , 497701
255692 , 155258 , 324763
992665 , -333446 , -265258
777916 , -22137.1 , -128391
-3632.37 , -692319 , -9579.36
89994.9 , 189814 , -124889
-101271 , 913362 , 324635
-203165 , 909664 , 457969
958394 , 74265.9 , 23152.4
-200087 , -94883 , 194814
385737 , -341759 , -489274
609572 , -67281.2 , 504512
537344 , -273278 , -25871.9
-251862 , 271532 , 545614
421360 , -224665 , 535357
-600665 , 365877 , -160485
27669 , -893061 , -223550
-884110 , 428560 , -56046.8
-314434 , -114224 , 276112
-415566 , 47012.6 , -560316
-194381 , 424728 , 418756
-964301 , -157101 , -228401
-117355 , -95616 , 657600
-331857 , 683766 , -377364
-719751 , -232492 , 658815
-475328 , -854135 , 113553
459971 , -639779 , -144173
520963 , 524554 , -142088
-222752 , 522013 , -724013
228600 , 260537 , -233276
-58485.8 , 328193 , 370982
-608228 , -98175.5 , -503917
754883 , 322221 , 440497
-157405 , 722492 , -522701
-60729.3 , -178079 , -407566
378483 , 185019 , -106802
657982 , 418243 , 269700
-513208 , 225588 , -229748
-831495 , 257662 , -163978
-676319 , 37487.8 , 403160
34150 , -991233 , 414825
-667336 , 378961 , 95873.6
36186.2 , -403537 , -16653.2
70596.6 , -272173 , -686109
-276421 , -527783 , -204159
-801643 , -256194 , 336751
665512 , 165124 , 88712.5
237688 , -22829.9 , 104740
175136 , -848064 , 108073
-416178 , 86997.7 , -136679
386524 , 984303 , 13489.4
-40073.3 , -123901 , -1.02253e+06
267055 , -222263 , 279696
-219494 , -1.21663e+06 , 120395
-99917.1 , 897315 , -260534
-69574.5 , -339800 , 211030
-432580 , 330419 , 838647
641669 , 885257 , 538756
-422854 , -458094 , -635155
305761 , -475809 , 309455
463580 , 536820 , -28472.9
-19712.3 , 115738 , -766069
-683538 , -346951 , 602940
738704 , -209793 , 185689
131160 , 33402.1 , -344218
597047 , -247784 , 796492
-159611 , 364064 , 386831
379383 , -670041 , 470529
371272 , 961964 , 538955
418179 , -203319 , -641577
-500941 , 141633 , 215757
-555037 , -261951 , -854721
-499951 , -415124 , -15660.1
471525 , 39155.8 , -930182
305384 , 463147 , 448559
-90151.8 , -382509 , -630681
219057 , -241874 , 252669
15708.4 , 661095 , -205592
408330 , 154033 , -507263
188698 , -621796 , -155182
-482411 , -629217 , -91792.7
-361057 , 135362 , -787196
61846.2 , -231889 , -448761
-350051 , -171700 , 783223
-367892 , 227518 , -271640
459911 , 405360 , 353695
-167983 , -146525 , 755748
676653 , 588630 , -518735
-71423.7 , -630577 , -204302
673846 , 292282 , 122870
-246914 , -661945 , 638011
753199 , 433688 , -287142
-118808 , 4368.89 , -164324
-452351 , 714910 , 135713
142858 , -567875 , -279625
-478310 , -720891 , -27555.9
547160 , 247485 , -141816
-135934 , -240168 , -219149
702778 , -699489 , -192516
105004 , 613750 , -97266.4
-200486 , 547971 , 966254
328358 , 954001 , 418943
133635 , -607573 , 799579
223311 , 536004 , -900221
424646 , 296793 , 314626
-95614.7 , 472042 , -531481
497079 , 191066 , -692567
513231 , 148090 , -312005
-216790 , -52244.1 , -182863
352720 , 126268 , -310385
-145181 , 176265 , 891148
-269094 , 45379.8 , -210413
224668 , -454716 , -986487
44828.5 , -1.04955e+06 , -51751.5
-89974.1 , 347977 , 1.06273e+06
73688.1 , -147135 , -618687
501807 , 416203 , -326029
23280.9 , 219652 , -411541
-174182 , 234683 , 744855
-94980 , 168333 , -124642
-95624.6 , -450166 , -570985
345201 , 170498 , -112079
-98719.8 , 364401 , -82550.1
498714 , 306417 , 130465
-407871 , -504525 , -181118
-221423 , 5553.72 , -250536
78773.4 , -37502.9 , -346981
430974 , 370271 , -298174
-405872 , 201037 , -309482
-521439 , -204414 , -118322
643210 , -545125 , -832431
250952 , -707315 , 645719
47852.7 , 109149 , -738950
198107 , 572749 , 61808.5
-515595 , -534231 , -270453
313357 , -226780 , -72016.4
572989 , 162896 , -306663
919915 , -633198 , 38433.6
550203 , 809198 , 1960.09
-214234 , -827039 , -569521
17796.1 , -246817 , 592801
746853 , -471752 , 235338
-45235.9 , 129433 , 792555
-513901 , -39365.3 , -823705
-475367 , -482216 , -433756
321176 , 544832 , 457875
15049.3 , -916117 , -27916.7
-191443 , -257743 , 711839
84549.3 , 601633 , 99303.1
-486040 , 237624 , 70401.9
-458443 , -303739 , -29327.3
615538 , -332313 , 456966
553015 , 1.06219e+06 , -176566
-271178 , -492442 , 567613
358552 , 601149 , -594020
545445 , 557150 , -421973
-366178 , 794201 , 238112
-443812 , 161319 , -939457
-873984 , -40232.3 , -215632
96294.4 , -926646 , -683265
-142129 , 689795 , -418633
499379 , -408586 , -182158
51156.1 , -69991.7 , 596872
-721001 , 233303 , -38869
127807 , 568951 , -517433
104558 , -246100 , 286754
-247368 , -525203 , -517331
-565135 , -543869 , 507787
232370 , -914531 , 488991
-84520.8 , 409978 , 302068
306935 , -76162 , -967121
-216218 , -515673 , 219650
-203396 , -954027 , 121316
-550250 , -166552 , 870220
383104 , 315397 , -497917
-776955 , 331609 , 268613
387397 , -370125 , -466338
-116487 , 227891 , -771803
-23551 , 230909 , 41400.1
-518128 , 599118 , 163781
-892292 , -158016 , -355042
651978 , -129502 , 174142
255973 , -10757 , 70352.7
128632 , -429150 , 661368
103567 , -139387 , 658559
-27910.4 , -673026 , 157416
227991 , -716365 , 299747
817805 , 129862 , 18536.3
-665184 , 761096 , -104778
535155 , 58259.9 , 390148
189980 , -463216 , 443098
589155 , -689286 , -275184
511314 , -640963 , 153101
209546 , 368572 , 760561
350186 , -442964 , 1.00527e+06
291884 , 972493 , -285757
-344636 , -557245 , 334301
-666683 , -502484 , 295251
848882 , -283737 , -699061
241824 , -689332 , 87847.9
27534 , 997302 , 165142
67063.9 , 562365 , 355184
-676772 , -37415.7 , -561425
433994 , 268555 , 882892
166414 , -96564.5 , 776695
565013 , -338663 , 677836
-78599.8 , -758700 , -291108
-757191 , -187045 , -638674
-785.443 , -173507 , 184723
485777 , 164331 , -512992
317084 , 572634 , -432406
289933 , -36102.5 , 835342
297491 , 108665 , -1.27646e+06
-121066 , 685360 , 503038
-591909 , -563056 , -718317
-760962 , -404062 , -185977
147903 , -317351 , 20087
-769785 , -466462 , 527587
555753 , -438903 , 481917
-21486.3 , -256443 , 678498
-11353.2 , 543123 , 506413
-881941 , 340054 , -594334
-273233 , 686868 , -495169
636571 , -72979.5 , -150428
-76418.5 , 726051 , -369928
-615484 , 605356 , 796495
-29139.2 , -270419 , -102481
-71793.7 , -861209 , -293568
-78823.9 , 266697 , -271230
-330404 , 474261 , 327866
-409426 , -156364 , -343811
691354 , 741238 , 149176
80847.4 , 187965 , -502635
-60903.2 , -191637 , 560289
-867499 , -432310 , -41895.5
517226 , -350182 , -17870.9
544089 , 233897 , 617790
-73760.7 , 1.12737e+06 , 281561
-409898 , -217311 , -647982
68055.6 , 179008 , 545041
-1.13605e+06 , 240614 , 226695
98553.2 , -120701 , 112131
492697 , 212898 , -57042.1
-872933 , -424834 , 132745
-607893 , -68700.3 , 784278
-309278 , 47687.5 , 412955
-254110 , 565750 , 244539
-67165.1 , 485100 , -784456
305182 , -532337 , 350567
-61470.2 , -392733 , 636042
324307 , -611556 , -237825
-949312 , -453848 , 175806
-115917 , 661728 , 109364
-349020 , -495876 , -104524
326952 , 261879 , -391628
-197814 , -654385 , 343754
143648 , 801091 , 495507
598675 , 359925 , 622866
-650036 , 734741 , 162039
-181830 , 862464 , 33082.7
-641.985 , -10328.5 , -484446
208759 , 155565 , 70406.2
-380393 , -451739 , 971534
40661.7 , -452168 , -81225.4
125151 , -269709 , 604452
-249628 , -692289 , 632594
759348 , 612736 , -408833
-2554.36 , 26295.8 , -399986
576485 , -178269 , -96499.5
217318 , 609316 , 331119
-419908 , 631474 , 253509
329195 , 573514 , -395176
-111888 , 150184 , -303810
74238.2 , 348234 , -314443
-787443 , 388281 , 424257
249600 , 153736 , 754960
-373261 , 433273 , 508347
541136 , -285710 , -66342.1
-415304 , -379793 , 3387.82
-122234 , -162476 , 444012
12695.4 , -209341 , -621280
-81280.8 , 279231 , 737267
-48707.3 , 689678 , 293075
397675 , 377008 , 12450.4
646431 , 303505 , 66514.5
29486.5 , 180276 , -574337
-331678 , 9940.06 , -88253.6
947806 , -27715.7 , -243365
-565936 , 447006 , 269374
526822 , -504262 , 345881
-460154 , -887672 , 605740
139475 , 19611.9 , 553343
218656 , 298353 , 261982
-440358 , -364921 , -881530
422415 , -612906 , 247945
-515450 , 768350 , -190780
-371890 , 610331 , -437549
317832 , 201777 , 218881
-424243 , 62322.2 , -129392
-672265 , -663745 , -400633
160428 , 36665.7 , -496720
312540 , -117835 , 1.14049e+06
-452769 , 603950 , 319882
-10111.5 , -134154 , -737203
687314 , -282576 , 91098.6
-908756 , -116937 , 637264
359503 , 753755 , 40675.8
-20160.9 , -245245 , 167936
471302 , -573885 , 425315
647441 , -300259 , 370393
-194120 , -758371 , 265780
-84894.8 , -14581.4 , -233205
248600 , 446140 , 1.15451e+06
63369.9 , -81114.2 , 362901
273598 , -504097 , 338447
-236252 , -10774.6 , 105586
-245667 , -486669 , 256852
-187307 , -266436 , 449613
71305.7 , -299503 , -238805
230332 , -609118 , -330455
205731 , 645042 , 948088
-323836 , 204641 , 421681
14296.4 , -178826 , -189660
295101 , -321405 , 926707
385160 , 319523 , 532166
133646 , -555897 , 135393
305566 , -526994 , 771326
249085 , 502129 , -106601
-319298 , 62572.3 , 683077
915714 , 604450 , 367447
-800.504 , -675415 , -38296.5
-299744 , 189976 , 786527
721211 , -373838 , 466289
-562295 , 643589 , -450595
969355 , 276328 , 8331.04
268999 , -588550 , 301492
-620078 , -180091 , 442624
335267 , -137935 , 309228
-795166 , 137102 , -887659
449375 , 303748 , 583682
-127751 , -366085 , 811601
119611 , 581452 , -592313
516605 , -238312 , -155508
453528 , 444972 , -285162
-681677 , -135368 , -336475
380001 , -807462 , 407356
-320721 , -1.05381e+06 , 135939
236829 , 347072 , 451486
717884 , 281638 , 425754
-381586 , 456916 , -501275
68165.9 , 724967 , -205418
-139921 , 1.04202e+06 , -499812
-542679 , 425328 , 418927
-448188 , 8755.87 , 469819
-434555 , 342726 , 679153
-806389 , -502982 , -132028
566890 , -146607 , -600340
279848 , -201192 , 94958.2
268445 , 1.16692e+06 , 547903
-556291 , 194826 , -55129.6
511177 , 144107 , 125744
907324 , -615401 , -394017
-589676 , -181091 , 154033
118122 , 299940 , 109791
-249439 , -711754 , 8447.07
-202420 , 238468 , -282647
452178 , 374714 , -536847
430460 , -538648 , -348922
-690737 , 336707 , -175320
331800 , -595856 , -748162
364847 , 511408 , -132605
585101 , 381467 , 57479.2
-9731.4 , -622682 , -473404
-30177.3 , 648441 , 434643
421926 , 307271 , 56340.8
24782 , -70130.7 , 344235
459140 , 302481 , 286164
-398197 , 79287.6 , -434123
-411205 , -488193 , 515582
-169821 , -52749.9 , 225264
-707010 , 163462 , 2056.5
-838433 , -69285 , 164139
-341506 , -400085 , -133934
-320035 , -240047 , 390710
654003 , -84798.1 , 219107
-594380 , 367815 , 606638
-135692 , -269198 , 321332
-595713 , 227804 , -126817
-106076 , -1.15691e+06 , 175003
-133228 , -311945 , -521232
725325 , 244147 , 254998
-369111 , -243634 , -741681
213295 , -95605.9 , -292635
-667007 , -255786 , 1.10637e+06
-188090 , -659751 , -21710
143232 , -86771.6 , 302251
-1.16954e+06 , -225210 , -163549
-271174 , 613990 , 626720
-182167 , -161936 , -257469
219009 , 751059 , -122751
248629 , -186241 , -296435
-477798 , 400171 , 468854
-582492 , 257537 , 467032
-564654 , 165491 , -239091
-8967.76 , -122796 , 959463
-227381 , 548115 , 369742
-667513 , -213432 , -97035.3
174690 , 52746.6 , -29437
-845699 , 251817 , 11558.5
-521219 , 145757 , -22087.4
-686228 , -483161 , 722684
-54634.3 , -52232.4 , -398960
14279.4 , -613118 , 372379
456190 , 442384 , 576328
-264358 , 199391 , 692285
-26907.3 , -47060 , 734151
620931 , -131490 , -421549
-728600 , 183058 , 490797
-109817 , 917080 , 164157
-662374 , -674783 , -81561.5
7309.35 , -447055 , 577568
-534795 , -847869 , -205117
-77746.7 , 432800 , -424125
-26520.3 , -777513 , 516794
271315 , 137925 , 710987
-150881 , 335836 , -436746
-401218 , 1.09976e+06 , 397053
677490 , -269536 , 533157
642050 , -246606 , 523192
295698 , -170937 , -272766
-367840 , 88465.7 , 839396
-537856 , 174626 , 99953.4
-728028 , 722580 , 329068
-216015 , 185169 , -380906
-315377 , 536657 , 6849.61
-588931 , -412444 , 28349.3
467355 , 529937 , 256431
-253319 , 394676 , 985080
476089 , -75736.7 , -899032
360295 , 61704.3 , -607865
-477749 , -497977 , -558534
-196907 , -162233 , -131033
-700857 , 142724 , -313348
77642.2 , -1.1824e+06 , -83844.7
202919 , -1.00243e+06 , 272122
166458 , -881299 , -145152
-414023 , -774623 , 116576
-34176.3 , -585511 , 871897
786116 , 742571 , 313511
-669649 , 173216 , 570305
176096 , -22247.2 , -261097
-380713 , 335101 , 215206
119721 , 190009 , -494007
41472.3 , -284287 , -125104
240433 , -299675 , -544721
272016 , 387695 , -413333
164766 , 634207 , -191509
-70704 , -711670 , 436133
-565734 , -43693.1 , 652655
-758779 , 3908.85 , 208917
585464 , 311283 , -497861
542385 , 378761 , 208868
677488 , -119228 , 288719
694837 , -47496.1 , -910314
54962.7 , 287625 , 641169
-404464 , -74646 , 514078
402200 , 622650 , 786673
355465 , 809989 , -128039
-531965 , 261445 , -474896
455692 , 438067 , 116165
667730 , 544349 , 319442
-450542 , 271538 , -560501
94045.3 , 684717 , -577561
873753 , 350306 , 108604
322465 , -427368 , 822355
-328311 , -559358 , -281404
564386 , 25449.5 , -580447
-511351 , 14632 , -409892
214824 , 590006 , -352256
-545845 , 75915.8 , 228537
93618.3 , 911237 , -35556.3
141747 , -94298 , 320591
-617517 , -359452 , 675496
297355 , 13140.4 , 1.27621e+06
126274 , 44311.8 , 352478
2513.48 , 311657 , 696986
-85562.1 , 477778 , -169562
750135 , 147627 , 376165
-287309 , 261817 , -136942
278669 , -436120 , -339238
-492802 , 272785 , -351327
-79908.8 , -329667 , 386458
-772377 , 307042 , -261400
-581269 , -407459 , -116612
-940009 , 372431 , -123574
362578 , -451530 , 153472
546611 , 12450.8 , -493122
-741324 , 438877 , -174700
39789 , 191493 , -49836.5
-292298 , 73209.8 , 707072
317224 , -394292 , -723953
-618594 , -649561 , -269630
784011 , -289841 , 251746
190869 , 523280 , -320034
331379 , -182846 , 307602
-229201 , -472378 , 173733
-127561 , -573287 , -88939.7
193170 , -851929 , 531818
-144641 , -909892 , 385566
221798 , -487283 , 624531
653455 , -420652 , 66883.5
371625 , 438700 , -114848
38221.8 , -851999 , -102553
73059 , -394542 , 883301
-471461 , 731520 , 813682
-656374 , -394105 , -689964
361672 , -389457 , 213061
-186658 , 356970 , 7932.47
23170.7 , 844539 , -85748
548580 , -92030.9 , 796048
351059 , -602521 , -190328
-231483 , 150579 , 452534
193749 , -120047 , -698161
-811888 , -176969 , 799.505
-765673 , -44570 , 350088
-325846 , -424165 , 1.0155e+06
-67611.6 , 197902 , 63221.7
-449378 , 152917 , -673505
410098 , -684630 , -265817
318488 , 260650 , 19317.5
107812 , 59321.9 , 188366
-257749 , -375732 , -772897
-799009 , -137912 , -823710
161956 , 192575 , -335880
-159144 , -482695 , 11413.2
-703276 , 274990 , -549403
19511.7 , -443453 , 376898
-91748 , -384066 , -7907.29
554255 , 332556 , -367915
129997 , 800483 , -630878
105242 , -294347 , -422469
-980796 , -441245 , 361563
-327274 , -638922 , 153492
-135051 , 364087 , -354596
-115150 , -269147 , 384253
133923 , 489972 , -484027
365582 , -228699 , -251681
-240737 , -676641 , -326228
-494661 , -302854 , -806405
256797 , -262777 , 351915
266549 , -152864 , 408829
-769573 , -398409 , 920693
632917 , 810110 , 505180
-348623 , -193636 , 675540
-20034.8 , 977571 , -302544
-259869 , -471313 , -117784
-240791 , -84456.1 , 832342
-405386 , 582090 , 842840
-868230 , 411800 , 47462.3
678366 , 140993 , 532151
-63459.6 , 48762.5 , 574538
166784 , -653619 , -249290
-627847 , 961316 , 21317.1
737118 , -439519 , -403931
-278029 , -74059.6 , 448417
931127 , 589876 , -164851
-82897.6 , -459685 , -777378
876464 , -229623 , 136883
634956 , 523204 , 115533
396980 , 99158.7 , 362052
-505200 , -265465 , -800712
964410 , -647081 , -154820
-845267 , 119373 , 352285
-135879 , -352097 , 415524
-115031 , -93869.6 , -120612
-555494 , -48784.8 , 64295.6
-674445 , 440306 , -220843
648412 , 255960 , 147228
-109619 , -252664 , 586146
99862.7 , 161760 , -597928
-452923 , 3766.36 , 1.10637e+06
-549509 , -8491.47 , -131363
405645 , -157956 , 308569
388928 , -708009 , 59865
-28701.4 , -905835 , 251354
132889 , 403938 , -783162
-382288 , -338017 , -126030
63763.3 , -14761.2 , 293365
219661 , -67426.4 , -136652
434568 , 3226.33 , -192499
-149004 , 176879 , -659669
-263836 , 300286 , -128045
-555888 , 279805 , 257373
162623 , -365772 , 300712
-376674 , 320288 , 477840
-186172 , 258432 , 166249
-461474 , 423625 , 258594
1245.56 , -434570 , 429468
-405073 , 546611 , 250525
-361447 , -367168 , 260339
-826237 , 49711.3 , -25348.7
545656 , 15224.6 , -157696
460019 , -306679 , -693465
602352 , 144156 , 379843
349751 , 223144 , 162981
147690 , 47554.4 , 734622
260901 , -276321 , 707011
559693 , 77746.4 , 680731
234418 , 540405 , 4256.39
-116875 , -478231 , 673241
-534352 , 353468 , 667921
-475284 , 88425.1 , 254637
-479973 , 57793 , 929687
22198.2 , -463894 , 310523
459555 , -294859 , -329652
276585 , 562144 , -810341
-526499 , 575947 , -368877
147448 , 613547 , 665577
647181 , -277888 , 309874
-1.032e+06 , 192074 , 363977
373256 , -921138 , 198856
679530 , -263882 , -302665
-292697 , -382959 , 532870
-773699 , -27620.2 , 626323
478668 , -249630 , 495391
-943805 , -694225 , 189665
485329 , -160632 , -267047
-457623 , -765817 , 436860
-22708.9 , 23144.7 , -678180
753382 , 409279 , -456264
308512 , 182279 , 1.10116e+06
-721883 , 493148 , 136898
-506113 , 392058 , -377421
-235984 , 526420 , -186888
-547332 , 408579 , -452981
1228.67 , -350093 , 888065
1.07061e+06 , 205907 , -49922.1
-41249.3 , -426888 , 24697.4
264997 , 589141 , 657873
-1005.56 , -305161 , 897042
-307111 , -631282 , -296870
194328 , -719982 , 359347
119781 , 186425 , -233755
-141378 , -300126 , 640549
201216 , 446224 , -388018
962347 , 217114 , 336519
348338 , 29487 , 483761
-409677 , 170523 , 300702
-114600 , -394004 , 73984.7
-817978 , 214061 , 527331
-580467 , -96775.2 , -278432
-35505.4 , 192442 , -541436
-256304 , 693030 , -127416
862226 , 469164 , 680359
29905.6 , -415656 , -567935
-240750 , -95026.6 , 380873
-420753 , 142412 , 302029
-287145 , 520313 , -584715
-85392.7 , 429964 , -380689
583622 , -290755 , 138720
-624029 , -253550 , 147824
391009 , 506042 , 463797
531928 , -493211 , 89596.6
-411781 , 408744 , 517518
1.03527e+06 , 188887 , -73033.2
211554 , -846018 , 71717
-204688 , -81153.1 , 755645
-1.14182e+06 , -178765 , 411917
546950 , -74061.2 , 528435
-84006.5 , 401242 , 454963
-136384 , -123130 , 736367
-282834 , 504176 , 756251
-110556 , 366250 , -733419
304368 , -543296 , 216504
66477.4 , -376014 , 53623.4
-105395 , -284510 , -124772
441248 , -265193 , 253360
-433662 , -762636 , 485980
-266884 , 54314.4 , 485318
845381 , -60920.2 , -147311
42429.6 , 514285 , 296753
217837 , 568710 , -321505
-646965 , 530099 , 582738
338899 , -541769 , -614225
429677 , -736938 , 274470
-229929 , -231196 , -729853
-239380 , -818449 , -514594
-592970 , 50306.1 , 69820.5
605915 , -555072 , -736461
632061 , -520084 , -100869
321163 , -207773 , 544624
463544 , -629286 , -899436
303131 , -314491 , 213386
-229993 , -170138 , 412407
549158 , -193719 , -325576
-237218 , -82901.7 , 936669
-420607 , 608160 , 214507
683846 , -121220 , 442866
252402 , 501185 , 136754
-383745 , 264668 , -383715
-324639 , -164412 , 748375
-561629 , -420068 , 390017
594376 , -380125 , 972336
-136631 , -671093 , 366468
-228959 , -696732 , -554681
124028 , -239708 , 784936
-66870.9 , 780970 , 21821.8
216154 , 327485 , 737077
-474847 , -161919 , 169051
-131231 , -1.04002e+06 , -396688
-159329 , 953406 , -269391
358863 , -615874 , -206022
-274168 , 782988 , 566906
-27111.5 , -22440.8 , -469623
-261309 , -430664 , -261214
-1.17081e+06 , -396622 , 200971
198418 , -516270 , 449286
1.04161e+06 , -348331 , 139856
-299066 , -102270 , 443900
525839 , -253214 , 223942
-491225 , 809502 , 236873
129926 , 259496 , -611854
-269025 , -349639 , 731939
-499167 , -679547 , 529663
556348 , -4506.87 , 245391
-548113 , 738127 , 329792
-458393 , -403080 , 383707
-359395 , -22452.6 , 301055
98291.2 , -22443.7 , 747068
-420342 , -343996 , 807361
193702 , -578737 , -143934
28397.3 , 703426 , 164149
-7644.43 , -844292 , 46223.8
-655618 , 181180 , 227796
-280639 , 439281 , 856765
251619 , -17316.1 , 706932
-239822 , -482935 , -79603.9
-150523 , -118043 , 179852
-41062 , 602135 , -466317
7376.51 , -126058 , -468541
360672 , 848151 , -109437
127547 , -222152 , 358773
-391207 , -793216 , -44258.6
-516672 , 77605 , -7942.73
-182590 , -535219 , 780252
-41272.5 , 57009.2 , 873389
378132 , 770524 , 226502
156160 , 583507 , -240294
-475650 , -319665 , -370729
715293 , 429274 , 6493.52
519847 , -142506 , 224881
748328 , 6376.13 , 940261
186710 , 504718 , -561742
-238496 , -695743 , -77157.2
486510 , 646718 , 411074
-933747 , 37940.3 , 706653
511252 , 613328 , 141488
393672 , 51384.9 , -595467
317707 , 421912 , -468759
-701695 , 358670 , -503696
-986209 , -20531.7 , -360900
-48392.2 , 251557 , -824266
360028 , -843918 , 119439
470949 , -356449 , -657107
107436 , 23555.1 , 517372
96730.6 , -152023 , 342216
-425464 , -396568 , 527067
246875 , -193628 , 243079
-728816 , 359866 , 244183
64327.5 , -182254 , 237027
-131732 , 586095 , 495394
13916.8 , 253683 , 146651
246141 , -450494 , -965021
-448170 , -320462 , 907066
799588 , 122936 , -70554.6
-466502 , -141269 , -440386
94393.4 , -549313 , 555944
-185650 , -128658 , -805475
-494166 , -149704 , 219858
-166991 , 179953 , 272220
291784 , 617610 , 360707
-580537 , -127950 , 897989
58477.9 , 851418 , -71058.9
618049 , 453734 , 217578
-144351 , 782101 , -257861
-739750 , 327961 , 1.08442e+06
-257659 , 370366 , -535213
738953 , 183858 , 52072.7
-743571 , 158032 , -561908
45823.2 , -382824 , -200031
-292417 , 522963 , -585748
-160066 , 964793 , 206992
463033 , 155404 , 101826
-691389 , 679725 , 311950
683988 , 5414.36 , 5022.42
-1.10952e+06 , 683406 , 16920.8
380005 , 329046 , -606789
232701 , 611332 , 5521.77
-194160 , 255554 , 276005
-353436 , -345989 , -585601
510576 , -581553 , -125947
-423410 , -79372.2 , 261173
-391312 , 587024 , -372373
135051 , 759914 , 551180
-152636 , 390450 , -127633
-216507 , -637356 , -514427
-149437 , -211639 , -497113
-149839 , 484101 , 227113
434617 , 541469 , 580346
673207 , 67717.3 , -691420
309050 , -931688 , 23231.9
609115 , 456224 , 31732.6
143269 , -252330 , 338873
363601 , -728145 , 781337
405848 , 196941 , 618769
-790186 , -281147 , -377065
185556 , -203177 , 2985.33
489240 , -98089 , -536513
38040.1 , 733793 , 308949
-252891 , -470736 , -394139
878415 , 50575.5 , 184654
348859 , -70887.9 , -389243
-302604 , 132477 , 286357
-855988 , -158381 , 824588
-328284 , -442950 , 541631
647306 , 377591 , -328043
123453 , 860114 , -25416.5
-545819 , 695663 , -535122
374444 , 239775 , -696995
488082 , 514973 , 50671.7
114636 , -384874 , 683823
687458 , 101156 , 125684
517250 , -361160 , 218490
243526 , 191228 , 203122
-195958 , -291397 , -378673
367137 , 202477 , 28003.9
1.16276e+06 , 193087 , 275154
-544140 , 484862 , -360459
8332.01 , 732833 , 97359.3
212073 , -382109 , -667206
-411326 , -233552 , 722663
-912865 , 18724.3 , 721647
471124 , -179124 , 1.01822e+06
-545498 , 171976 , -444151
584136 , -402282 , 483243
-108336 , -159950 , -214285
328295 , 337360 , 716235
236470 , -823521 , -459234
-435186 , -207919 , 310279
800180 , 69516.2 , -613254
157381 , 505238 , 632447
-751460 , 275859 , -647083
345023 , -520947 , 167380
-315908 , 105473 , 49420.9
-477118 , 643077 , -34518.8
-343053 , 1.00831e+06 , 18672.8
416431 , -69586 , -221877
-304280 , -145665 , 482076
100345 , -368879 , -899240
-528329 , -164650 , 572005
-200319 , 284005 , 235951
368366 , 1.00861e+06 , -43843.2
955815 , -211836 , 733504
706868 , 216411 , 310685
364371 , 64467.8 , 719819
-947021 , -448498 , 13826.8
-856682 , 731318 , 11137.1
763203 , 69889.2 , 457920
573463 , -450233 , 179139
-915881 , -102132 , -41038.5
-467167 , -23930.2 , 198529
197629 , 648044 , -97584.7
231419 , 192779 , 53610
-488094 , -655507 , -125089
862464 , 747287 , 595397
71719.5 , -276496 , 276841
-284870 , 26812 , -224917
294286 , -190590 , -822658
170329 , 270870 , -41580.7
-405966 , 732763 , -625498
29402.7 , 604894 , -406832
187415 , -559681 , -262772
-996380 , 10343.3 , -234765
502494 , -58557.8 , 12275.8
-167546 , 503650 , -651254
706929 , -375278 , -35728.8
-514785 , -58909.4 , -162064
-343536 , 12975.9 , -226913
10549.7 , 616722 , 353687
130912 , 386915 , 984411
450818 , -412867 , -560620
-174301 , 120510 , -126735
-87833.3 , -400333 , 249891
-849726 , 647284 , -98232.2
410436 , -335838 , -197053
-499950 , -52234 , 35189
-728299 , 73586.5 , -582262
-83992.4 , -575069 , 724025
144673 , -255834 , -678602
-74189 , -358582 , 257349
-465107 , -705040 , 571564
1429.11 , 166180 , -516810
-133400 , 571128 , 422397
-155772 , 479034 , 538632
444497 , 897340 , -50193.1
-395704 , 190816 , 549320
635679 , -136305 , 220428
-724034 , -513787 , -237098
-584049 , -59576.1 , -122479
886029 , 623789 , 429164
-699979 , 78261.3 , 502242
-287537 , 266168 , 86340.6
105326 , -323398 , 246079
371498 , -517426 , 218870
814729 , -449402 , -403017
-295338 , -177946 , 833591
-112515 , -453953 , 566185
-349785 , 309053 , -150722
3540.63 , 153564 , 70469.4
844031 , 461578 , -71605
690340 , 646292 , -136772
1.12884e+06 , 140756 , 318530
857836 , -258076 , -264451
-868948 , 101112 , 649172
-530581 , -163304 , -305282
-35395.2 , 115935 , 1.127e+06
63032 , -1.02888e+06 , -517240
-195803 , 68846.1 , -762038
672440 , -146571 , 726864
714923 , -311429 , 534665
343461 , -676423 , 116662
-409972 , 988821 , -323765
-88654.4 , -32562.7 , 440735
720210 , -412811 , -387222
339163 , -258279 , 231061
-320475 , 197463 , -690568
324660 , -178336 , 592081
334251 , 77456.5 , -720984
234230 , 537541 , 982777
-412350 , 195353 , -16262.1
477891 , 306756 , 784134
707020 , 496659 , 39829.6
222655 , -224045 , 60582.6
156256 , -471088 , 135647
640573 , 211568 , -75336.5
-99324.5 , 486883 , -731865
-50248.3 , -402583 , -299217
61220.9 , 108000 , -154355
344870 , 853780 , 150681
-222557 , -813076 , -321831
53266.2 , 649154 , -561246
170648 , -614502 , -851673
796.701 , 205285 , -139202
-320396 , -99179.5 , 571519
477857 , -307379 , -59613.5
-317379 , 473131 , -287786
88355.4 , 833234 , -198136
403851 , -538652 , -13684.9
-323445 , -314704 , -269022
170064 , 264759 , 493409
-124007 , -1.09714e+06 , 525109
-18122 , -366649 , -35936.3
174076 , 496761 , -580247
95465.4 , -83547.8 , 475831
-473354 , -510827 , -46255.5
565633 , 120209 , 300468
282544 , 339846 , -47411.8
779048 , 571128 , -325334
-274843 , 679534 , 410362
852162 , -242360 , -59526.8
-42332.3 , -18453.2 , -568288
-529078 , -266281 , 452966
-225907 , -798023 , -486137
419829 , -261703 , -399945
-484920 , -154303 , -629309
366550 , 697552 , 133692
576453 , -571541 , 328477
661643 , 39108.8 , -240718
-698684 , 755779 , -23594.1
269391 , 38539.9 , 253291
57788.3 , -202311 , 488932
-224637 , -374006 , 699312
261436 , 269660 , 648807
379297 , -156963 , 441839
459103 , -139572 , -58729.6
-1.00773e+06 , -386277 , 323120
-524496 , 97834.6 , 607416
417959 , 606264 , 830174
-182388 , 83786.7 , -602459
-843603 , -445333 , -124013
-50312.4 , -413354 , 15722.3
-498343 , 234700 , 280824
-881319 , 530625 , -439714
-424772 , 413843 , -168053
113034 , 374389 , 92757.1
236913 , -302162 , -747324
-348784 , -280584 , -776495
368063 , -403652 , -392143
-339936 , -785097 , -801894
-342944 , 821329 , 58442.9
524398 , -884208 , 256387
-662675 , 206892 , -432012
-1.01065e+06 , 66773.9 , -592211
-862.279 , -275239 , -510256
-25309.8 , -687923 , 456007
686849 , -896848 , 254886
506302 , -549582 , 104625
-264011 , -39689.7 , -414950
-426756 , 342702 , -584131
774422 , -289953 , 199376
-534954 , -102679 , 143805
393160 , 258264 , 608571
-237037 , -91337.8 , 546590
-6790.04 , 492264 , 682829
876008 , -153130 , -408466
-164713 , -329025 , -594027
-173844 , -60479.5 , 530843
647812 , -233385 , 231352
-308030 , -238150 , 141888
159718 , -24470.1 , 239778
-60049.2 , 461752 , -708864
102653 , -92361.9 , -123489
673572 , 568931 , -30632.8
-383798 , -491627 , -931689
-445425 , -69097.6 , 934526
-356073 , -296977 , 799610
465406 , 33479.8 , 244452
58486.1 , 501486 , -204868
-88035.8 , 137197 , -533191
7001.02 , 244910 , -402954
223409 , -339841 , -381971
345888 , -984360 , -182499
-201760 , -963607 , 213571
-446679 , 247549 , -365053
-604127 , 866663 , -8489.3
362549 , -93149.9 , 868296
-506193 , -666757 , -804639
163837 , 438358 , -688250
421437 , -291209 , 488060
186763 , -194001 , -588913
-405917 , -45472.6 , 63807.5
83290.9 , 318152 , 204043
-203529 , -32846.3 , 605369
-263824 , -50830.5 , -552968
569436 , -488697 , -489243
518688 , -43816.3 , 817323
1.14751e+06 , -254164 , -113009
747313 , -456025 , -468061
-697982 , -139243 , -39498
541855 , -740382 , -147613
55560 , -861773 , -216865
137378 , -935278 , -465615
-7387.8 , -447143 , 139333
555023 , -472168 , -337322
-393967 , -924829 , 331095
-21687.7 , -314821 , 52994.1
-635298 , -180942 , 433242
-108967 , -197746 , 389840
615029 , -94571.2 , 376337
-548792 , 858989 , -135305
804061 , 267398 , 430437
-492562 , -284841 , 56179.1
-719285 , 22495.4 , 30525.3
494556 , 729853 , -71880.6
-342927 , 141032 , 620256
-666116 , -151883 , -703060
728581 , 753995 , -110157
-738311 , 473440 , -293516
249384 , 361455 , 179431
87288.4 , -1.02658e+06 , 301502
-302253 , 1.12433e+06 , 40444.3
-35961.6 , -156077 , 495691
709208 , 644970 , 794437
893547 , -373893 , 276225
-231055 , -265413 , 843348
-2056.55 , -171409 , 142666
-40887.6 , -325036 , -483857
-535116 , 236173 , -236482
219286 , 35159.4 , -822726
-143585 , 461544 , -353165
19.6232 , 174962 , -123604
41052.9 , -212517 , -690307
-513389 , 337107 , 14702.8
-14446.5 , -528757 , -15662.8
657250 , 91117.3 , -869476
112042 , -398897 , 649614
369475 , -372922 , -261506
-821274 , 368765 , 393040
643130 , -470695 , -42164.2
502507 , 13761.1 , 753227
904194 , -451004 , 167939
-642307 , 379901 , -178333
-875076 , 15233.4 , -310039
-32750.9 , 336127 , -17213.6
962720 , -345068 , -164087
-220877 , -215821 , 392813
-609339 , -524978 , 543963
419007 , -326517 , -223581
-287128 , -352748 , -216333
419129 , 722680 , -92737.5
499608 , -136044 , -555029
465851 , -446156 , -254757
83119.8 , 986458 , -165200
-440468 , -510288 , 269514
-356355 , 277437 , 113533
-61325.1 , 216804 , -170160
17117.6 , -837729 , -483694
-761528 , 592177 , -406971
-428485 , -427604 , -671696
-75852.7 , 597443 , 531625
531017 , 351757 , -779893
-149417 , -38035.1 , -603216
-638007 , -6075.78 , 361594
640857 , -110815 , 529133
-964452 , 128235 , 38616.1
464421 , 16559 , -571565
-383350 , -402654 , -612393
-561423 , -720107 , 91457.5
34568.5 , -242410 , 514145
-583823 , 924440 , -327596
734608 , 312217 , 388907
995427 , 5291.5 , -452207
343633 , -214220 , -401391
-357897 , 44391.1 , -47696.2
-771473 , 303754 , -528407
689831 , -405022 , 325144
-591512 , 17242.3 , -287743
-886706 , -415704 , 62110.9
605387 , 69721.5 , 681547
266983 , 874159 , 302448
578355 , 506199 , 343725
-522008 , -505522 , -308509
-515980 , -324521 , -64706.8
906425 , -587629 , -222958
427044 , 349889 , 207797
868503 , 51907.9 , 85921.6
-968948 , -246617 , 246883
-800771 , 233358 , -31802
-544916 , 865200 , 252299
66988.4 , 114909 , -514418
352073 , -70052.2 , 470460
731097 , 516424 , -41871.8
810160 , 824946 , 8708.55
-376759 , 884088 , 149783
121754 , 340467 , -149761
601997 , -578376 , -240473
395831 , -276042 , 121577
-273036 , 297859 , 139816
-316637 , 241108 , 472367
224052 , -559476 , 60157.9
96766.1 , 130521 , 515623
883548 , -217671 , 207446
-924329 , -450772 , 217945
571852 , 507348 , 153305
-181210 , -422153 , 402857
67632.9 , 373823 , 213152
-216328 , -116247 , 212171
132101 , 543878 , -184975
295840 , -608310 , 81690.7
-290108 , -692942 , 552964
-107440 , 581624 , -77588.4
-50827 , 31932.3 , -670742
-36255.4 , -328116 , 249176
-251596 , 210673 , 786719
824663 , -112262 , -628399
-267770 , -492454 , 691718
393023 , 423594 , -296274
-488424 , -408579 , -265240
527429 , -260186 , 934898
552831 , -192820 , 330362
-405891 , -287999 , -450025
-245751 , -148393 , -93682.1
35574 , -728156 , -480589
1.03248e+06 , 26577.1 , 108139
192655 , -82804.5 , -373247
437778 , -735810 , 336316
-439478 , 879968 , 284629
-372474 , 344785 , -255870
-86368.5 , -956708 , 386277
443233 , 934.801 , 561731
465855 , -100547 , -799126
226083 , -493598 , 349151
47880.2 , 120850 , -12971.3
-825830 , 15990.2 , -593261
14880.2 , 483796 , 264757
764636 , 307671 , 224327
-609392 , -32824.9 , 542632
270094 , -642282 , -148487
284921 , -366673 , -417043
-96394.9 , 510137 , -51306.8
-853877 , -393416 , -22237.8
294246 , 140392 , -326389
-699280 , -130976 , 829107
564167 , -11503 , 704119
-66426 , -230333 , -697662
290414 , 690303 , 252858
-219470 , -268121 , -786463
-81506.4 , 340905 , 450197
-679394 , -196457 , 358788
-717141 , -405262 , -583960
-418527 , 462172 , 244475
-303501 , -627069 , 374898
-666278 , 19280.8 , -226703
95904.9 , -406390 , -515494
-978610 , 502207 , 96478.8
-494185 , 739200 , 371059
482407 , -59809.7 , 4494.02
-203004 , 140875 , 196901
534378 , -345977 , 187602
-72052.5 , 640439 , -143824
420049 , 114925 , 14850.5
-123177 , -676402 , 624879
-219823 , 790661 , 581876
-589020 , -469917 , 36247.4
216395 , 27852.4 , -719950
736033 , -517762 , 146216
94886.1 , 757155 , -351244
28244.1 , -431695 , -85284.9
299130 , -66757.7 , 34060.3
-636023 , 211142 , 515805
234020 , 164816 , 709157
76537 , -562737 , 12021.8
-731651 , 920278 , 331601
-414839 , 315971 , 750994
155721 , -584203 , -578619
294490 , -9872 , 27448.6
-96060.1 , 405073 , -339084
-312706 , 596025 , -465057
-271969 , -977093 , -68904.9
834167 , -413249 , 529893
169725 , 987480 , 509124
-330971 , 811467 , 723208
55058.5 , -518810 , -270282
37172.6 , 768427 , 277969
-216735 , -235634 , 131697
345906 , -350535 , 317401
-179789 , 319499 , 754948
-474917 , -951861 , 850220
156650 , -472574 , 1.07402e+06
-330727 , 793941 , -6660.46
-366923 , 383079 , 756560
-353256 , -38963.9 , 271833
-219276 , 98005.5 , 85228.4
-202813 , -681.462 , 1.01242e+06
-202755 , 94225.5 , -276153
-316064 , 145426 , -219319
-182758 , 38640.7 , 65131.6
712108 , 66392.4 , 411334
-739453 , 252535 , -161260
-454200 , -675962 , 344991
-372466 , 30313.4 , 843214
-784913 , 434363 , -65102
-57104.1 , 74730.7 , 115680
-300473 , 270411 , -501512
-598.362 , 473609 , 262708
-177320 , 888709 , 801264
-207480 , 302712 , -445903
690913 , 142187 , -782655
-551396 , -156752 , 241330
163335 , -33285.3 , 81462.1
343804 , -251858 , 161863
-508662 , -171391 , -704158
945476 , -176830 , 540965
15332.5 , 172695 , -416753
-333041 , 70856.8 , -439939
-432383 , -794936 , 401651
12122.6 , -807013 , -115218
15271.1 , 549484 , 329550
-98667.4 , -468074 , 664069
88924.3 , -791209 , -214351
-40089.2 , 527327 , 187984
89116 , -454293 , 752098
-431127 , 264266 , 136692
453157 , 534135 , -428692
291360 , -808294 , 30664.1
-54686.9 , 93660.5 , 583927
133074 , -325817 , 657144
-110657 , -457257 , -421078
-494234 , -449323 , 116941
469557 , 506392 , -5594.99
531329 , -159866 , -124275
323642 , -170929 , -404645
-88305.1 , -19722 , 862292
-80988.3 , -237536 , 511167
357646 , -210858 , 309992
-989880 , -333663 , 441640
212693 , 2846.88 , -1.16328e+06
568870 , 274895 , 330840
348722 , 2420.78 , -617602
-84515.8 , -527861 , -807141
191193 , -378889 , 367599
-756671 , -446017 , -539194
-380669 , -1.07864e+06 , -327362
-845625 , 94584.6 , -812317
-516611 , 372627 , -202734
-449010 , -331691 , 155931
-353711 , 468224 , -167010
-892420 , -475811 , -243290
126588 , -266572 , 616403
-755079 , -579977 , 374559
-249060 , 62029.6 , 241008
422353 , -14612.1 , -156882
-65593.7 , -44091.8 , -295588
347196 , 92141.2 , 677184
370021 , -976886 , -275015
134309 , 69030.7 , 483446
336279 , 164520 , -536721
156499 , -423502 , 614389
305997 , 80244.9 , -1.20299e+06
348625 , 84275.1 , 182595
212127 , -775861 , 105556
-213587 , -42377.5 , 269021
263868 , -1.0093e+06 , -158010
-349726 , -765694 , -891955
76202 , 670643 , 437241
-129012 , -363877 , -23900.1
67244.5 , -392117 , 64907.7
169864 , 666059 , 665405
420632 , 642059 , 95369.2
-199410 , -229991 , 650746
-950092 , 186510 , 339282
351671 , 246441 , 122165
640745 , -281577 , 135201
16666.9 , 431576 , -3460.01
-458197 , 415511 , -896581
-410375 , -364515 , 30077.2
-1.03646e+06 , 77920.3 , -3285.3
-730180 , -548388 , -521292
422594 , -672822 , 3658.89
290425 , -138182 , 544885
-61202.4 , -493923 , -251210
462070 , 703591 , -286979
-720715 , -181400 , -397886
-327317 , 692726 , -462818
487961 , -34373.4 , 520564
-539115 , 181423 , -515058
541052 , 32667.3 , -516004
583574 , -269444 , 409699
-96179.5 , 312530 , -265317
-874104 , 352723 , -109610
323916 , 106813 , 380981
129121 , -146232 , 667077
440569 , -169107 , 563995
21392.2 , -674240 , 450560
113351 , -20409.9 , 226410
482785 , -322853 , -407040
95432.9 , -136532 , 662966
-671225 , -294858 , -92602.4
65397.7 , -887678 , 531834
-729911 , 389621 , 327627
949990 , -407968 , 174332
-311240 , -5218.26 , 771741
-112010 , 225041 , 443220
-206664 , -749777 , 379740
489485 , -574452 , -78801.4
114173 , 537047 , 344974
285680 , -405482 , -420776
147472 , 228232 , 90188.7
560757 , -760276 , -485630
-943240 , -16833.6 , 262913
-575374 , -472763 , -234704
541269 , -65046 , 652992
-17339.1 , -178697 , 91874
-240149 , -797667 , 908114
1.01206e+06 , -314135 , 238231
-210666 , -841480 , 859129
-776638 , 350908 , -623804
179758 , 385799 , -189519
-764244 , -191300 , -665702
-1.02512e+06 , -116557 , 118803
-800675 , -324935 , -81810.2
297638 , 189790 , -689447
600965 , 614551 , 155929
-210957 , 773473 , 284694
354688 , 686375 , 418403
-247639 , 184013 , -23096.4
-891404 , 31711.3 , -283055
-530745 , 491534 , 891861
-251745 , -869366 , -373929
-764931 , 660038 , -158752
-201018 , 1.04172e+06 , 100955
356666 , -608373 , -611834
938203 , -258634 , 493430
14132.2 , 270657 , 554725
-363537 , 703432 , 731083
-306563 , -171795 , 177146
-528324 , 366400 , 69483.6
-386622 , -500273 , -723164
515155 , 167152 , 258036
-122930 , 233462 , 275223
-659448 , -425870 , -219171
-487184 , 237605 , 514937
-647171 , 302745 , 245794
584515 , -147895 , -281096
-357202 , -256549 , 122193
-872224 , -718040 , 476039
-155078 , 481749 , 250496
-33628.7 , -253234 , 327818
-658.225 , 529815 , 666895
485675 , -484487 , -402261
-165806 , 675656 , -285143
96515.4 , 401029 , 427749
-662889 , 118533 , 973338
561208 , -727824 , 115196
-325008 , -476604 , 276610
-875436 , -416916 , -489496
52751.7 , 350590 , 816403
392872 , -999605 , -360167
560282 , -515628 , 364440
-96279 , 437354 , -853936
351981 , -250875 , 823683
-537675 , -272143 , 457567
-602306 , 383467 , 318936
-921427 , 153186 , -13801.6
-36912.4 , -462874 , 635685
736647 , 473220 , 426958
633577 , 347146 , -222586
30657 , 692251 , 35973.9
-676073 , -293276 , -274213
-45440 , 470299 , 658946
698767 , -14945.5 , -34078.1
410250 , 527186 , -211084
483152 , 445688 , 404877
-416833 , 64565.9 , 438048
164295 , 608164 , 383724
-179674 , 268330 , -593660
-75536 , -241415 , 748928
-641744 , -291301 , -224887
-931481 , 201386 , 73130.8
-453019 , 651776 , -135845
236859 , 680348 , -596008
356900 , -178925 , 803761
200978 , -88604.4 , -106900
-235788 , 951742 , -110834
613718 , -340803 , -955105
808981 , 644322 , 287087
762685 , -161129 , 255200
-271250 , 369204 , -508529
-287682 , -203535 , -249539
425315 , 386318 , 327136
-159338 , -27701.6 , -447509
-612240 , 542367 , -205516
153240 , 482050 , 430408
-418885 , 99299 , 278784
278313 , 402382 , 618914
-532724 , -117668 , 719376
75906.1 , -470815 , 75371.2
-942769 , -220709 , 56275.7
219799 , 592249 , -662323
-88705.5 , 41478.2 , 132476
330289 , 600385 , 375647
-283260 , -579702 , 328856
-280465 , -563469 , -677383
-790624 , 125352 , 208823
-75141.3 , -9958.09 , -791209
-450668 , 653321 , 483106
406355 , 581262 , 275720
-488205 , -328466 , 438336
512669 , -559956 , -179487
138065 , 286014 , 689298
232601 , -121138 , 281402
351617 , -389164 , 254037
247886 , -318584 , -337597
-1.02301e+06 , -248667 , 37225.3
389010 , -588754 , 137941
-590819 , -365021 , -824501
-119933 , -231364 , 91084.9
-802583 , -163496 , 668668
-293893 , -940566 , 15219
-210335 , 584912 , -371082
515709 , -655728 , 705921
759136 , -726402 , -93416.1
513469 , 234929 , 833771
40642.4 , 745591 , 423555
-511491 , 134469 , -329411
267816 , -676412 , 366718
-71125 , -574473 , 577227
-335477 , 355738 , 108669
729383 , 32563.5 , -598735
-616104 , 441053 , -350545
681892 , -528695 , 580147
-223408 , -202384 , -163856
627729 , 68521.1 , -519941
680818 , 714104 , -891312
287378 , -380813 , 427840
-169126 , 919101 , -360044
345292 , -405486 , 56775
269677 , -121389 , 286964
49855.6 , -173797 , -523738
-563199 , -210077 , -551821
209314 , 175667 , -424799
-243646 , -247293 , -576320
35350.4 , -590510 , 909525
546103 , 516811 , 214172
330903 , 349647 , -390338
546537 , -88985.4 , 242196
-276332 , 63682.1 , -491789
-155420 , -174128 , 1.07994e+06
816096 , 277444 , 409039
-568603 , 473167 , -537278
-115755 , 677580 , 442172
554327 , -399043 , 92322.5
77553.6 , -113216 , -24874.8
771237 , 542915 , -287486
234728 , -321847 , -485412
-148275 , -452024 , 723521
-89642.2 , 163296 , -586170
-107843 , -664985 , 453085
-940519 , -43162.1 , 347413
395450 , -331136 , -445505
-730455 , -816712 , 610218
858533 , 534453 , -77544.8
-69505.2 , -337537 , 737862
-390587 , 888783 , -399650
627966 , -850095 , -499142
-528742 , -195159 , 175113
382423 , -4385.19 , -806202
-842026 , -177909 , 41378.8
41338.1 , 892410 , 163910
-411750 , 772933 , -49729.6
37375.8 , -548361 , -585907
500009 , -887445 , -251930
-426623 , -26572.1 , -722898
-392926 , -482436 , 181066
-345235 , 151146 , -203629
-316840 , 503609 , -260503
-355204 , -189533 , 53224
-706802 , -239519 , -499197
-632560 , -95087.3 , -461839
149383 , 1.15252e+06 , 12671.9
288051 , 408332 , 579761
-92241.2 , 215779 , 451856
581518 , 75132.9 , 131934
591211 , -661424 , -24742.5
-170324 , 886061 , -299793
928213 , 330155 , -545915
675088 , 310384 , -38768.2
205258 , 25642 , -407508
-57718.5 , -528365 , 931609
314616 , -356084 , 718679
50625.9 , 362197 , -528947
-314565 , 657970 , 16504.9
-618337 , -513091 , 129440
-837597 , 357191 , 116439
421442 , 98656.5 , 130701
-23300.8 , 678970 , -208545
-50771.1 , 344804 , -777993
26964.7 , 575445 , -277733
-279118 , -790698 , -61301
320601 , -218711 , 30790.5
-124519 , 449412 , -699711
447503 , 482172 , -627182
156579 , -545638 , 630347
850656 , -184738 , 202372
-282900 , 407596 , -414353
581757 , -252160 , -249399
284723 , -285675 , 535474
-865055 , -79946 , 608979
-37234 , 587803 , 491915
215008 , 533691 , 997452
-342266 , -643981 , -224010
1.01571e+06 , -186039 , -164423
-452403 , 389966 , 14633.6
360568 , -1.03511e+06 , -235550
-237170 , 478664 , 428510
-648754 , -300796 , -466417
-689194 , -267391 , 937653
-453156 , -521570 , 147490
-100695 , 40272.7 , 207113
-281293 , 233033 , -211102
-172140 , -99974.3 , -574534
1548.95 , 1.24019e+06 , -182314
-387287 , -310411 , 477873
41842.2 , -461411 , -99630.8
412995 , -150922 , 49634.2
806918 , -237736 , -427769
-123645 , -908202 , -329428
-259042 , 1.06584e+06 , -215454
-950987 , -546718 , 261018
-281125 , -247487 , -20408.8
109798 , 701941 , -113557
-204571 , -658068 , 10742.9
-142570 , -910337 , -306445
154252 , 1.01004e+06 , 388829
678935 , -251858 , 247840
482444 , 34122.6 , -257143
756883 , -580531 , 393835
-910177 , -117658 , 186141
-419986 , -546870 , 704100
635961 , -180267 , 54444.4
-425288 , 594349 , -381505
-110572 , -148247 , 930419
430901 , 575073 , -473800
-51272.1 , 647000 , 858340
652343 , -665095 , -622920
-342262 , 120481 , 67011.5
429187 , -663505 , 263396
-187131 , -1.12014e+06 , 477783
373917 , -327121 , 283339
724821 , -218143 , 452098
-164651 , -413818 , -654783
-397099 , -217451 , 456971
266339 , 38812.7 , 38226.5
-160383 , 620523 , 427724
-84323.4 , 90879 , -127525
31663.2 , -245726 , -466580
-379199 , -308571 , 118798
-394453 , 212643 , 46361.8
817967 , -740612 , 543414
775231 , 148976 , 271146
-143310 , -244481 , 281639
319833 , -122690 , 490094
350744 , 959480 , -123752
451082 , 17455.9 , -951728
-463049 , -241436 , 594272
-551301 , -857637 , -140142
-949399 , -377262 , 444052
403668 , -680912 , 557985
-417336 , -477589 , -794876
-523661 , -231772 , 88032.9
339070 , 140824 , -538342
305161 , -489631 , -91795.7
382371 , -70452.9 , 694177
-1.06949e+06 , 1925.36 , -244649
42379.5 , 164076 , -743086
-536488 , 144490 , -210221
255099 , 278062 , -352937
-374426 , -628951 , -351945
-38850.8 , 354892 , -189827
184674 , -149853 , 453787
-71805.9 , -660837 , 354399
-607665 , 156092 , 97058.3
292034 , 135465 , 492707
-9496.16 , 178663 , -118252
123132 , 1.00579e+06 , 47655.8
107225 , 239527 , 391033
-472292 , -781755 , -125873
-487809 , -921049 , 175961
241032 , -387901 , 307349
641115 , 90356.2 , 28644.5
96241.7 , 344948 , -275167
61906.8 , -667133 , -852681
138235 , -789738 , 875764
73161.8 , -636390 , -670341
984073 , 459909 , 465741
-48304.2 , 996348 , 151688
-416757 , -56159.1 , 763627
451526 , 203562 , -688600
597564 , 285130 , 123033
560957 , 542637 , 786337
-105219 , -176807 , 444300
-530106 , -210949 , 269190
-276212 , -256127 , 387614
-42729.5 , 1.07963e+06 , 422611
466504 , 216180 , 863061
16008.5 , -333539 , 82382.2
-67341 , -304309 , 405197
-703267 , 347973 , 25282.2
-96988.9 , 209791 , 320276
-622442 , -391041 , -133058
333726 , -482322 , 169287
274478 , -372322 , -446618
-605467 , 281809 , 533968
-355303 , -14070.9 , -71798.7
-57215.9 , -41639.2 , -323541
338778 , 1496.54 , -574475
-50161.5 , -487518 , 785278
788223 , 133758 , 147001
-144355 , 801885 , -290903
224431 , 589515 , -19962.9
-270210 , -152515 , -124588
123413 , -181031 , 1.05305e+06
-250315 , 919679 , -217483
653857 , 131143 , -704108
642633 , 106472 , 358066
-141841 , -99397.3 , -85736.8
226796 , -72276.4 , -472113
385113 , 580107 , 42151.2
266111 , -288580 , -138281
-85659.1 , -406307 , 407246
8841.98 , 418554 , -11838.4
809076 , 615234 , 267056
-168788 , -835127 , 390450
370718 , -40650.9 , -276449
-751097 , 182635 , 33565.6
454441 , 365298 , 1.01734e+06
-550097 , -221127 , 586859
71817.6 , 233921 , 560190
140745 , 11591.8 , -815265
390532 , -270710 , 799007
-337316 , -973920 , 500284
-205515 , 776448 , -52429.7
-677872 , 638961 , -314615
212288 , -343272 , 721953
141629 , -513763 , 330600
-579905 , -10660.1 , 449371
-182598 , -188007 , 345779
262077 , 216123 , 862015
962659 , -541273 , -168147
-618937 , -662496 , 663423
736145 , -155570 , -314619
-98924.6 , -725149 , -587463
-18067.9 , 698242 , -258693
-186885 , -394775 , -208559
120772 , -72867.6 , 328305
62065.2 , -147482 , -553661
296721 , 644494 , 359532
130110 , -321511 , -446972
4216.22 , -201426 , -585050
633738 , 477141 , -398513
5083.94 , -66463.9 , 899426
619225 , -825516 , -447794
-54726.5 , 217070 , -802509
505989 , 822159 , 673513
366298 , -417188 , 591864
-217590 , -158434 , -589954
530966 , 501867 , -58966.7
750182 , 716591 , -117238
-579920 , -231577 , 403423
-637969 , 532213 , 581024
22585.1 , -186118 , 74622.4
509107 , 83518 , 84954.2
-621845 , -125747 , 970168
225385 , 278272 , 286524
-85710.1 , 130281 , 555210
-861009 , 135771 , 148320
112753 , 896398 , 206899
-443789 , -266494 , 59204.2
-613806 , 425147 , -359062
326929 , -494951 , 186140
-336738 , 454564 , 334662
542777 , -678240 , 42342.6
123027 , 122365 , 7984.69
583407 , -492338 , 581355
-145285 , -334981 , 71257.4
97009.3 , 252982 , 548882
-147.608 , -540583 , -579889
235889 , 665101 , 88889.6
184104 , -192811 , 791428
353895 , -261442 , 495185
-99015.1 , 27425.3 , 227557
-677681 , -297725 , 275496
-929558 , 185120 , -69149.3
-243584 , -59422.5 , -325736
-35145.3 , 18714.2 , 303922
-90381.4 , 445479 , 523286
-400751 , -656183 , -320462
241457 , 1.01597e+06 , 135840
643768 , 117821 , -168287
74515 , 442322 , -563393
-27047.2 , 69192.2 , -768613
540322 , 576573 , 92943.5
-227939 , -423025 , 731698
609921 , 290759 , 514883
884781 , 247556 , -430999
-144555 , -131858 , -726397
471906 , -3465.67 , 623288
355044 , 486754 , -715866
-505917 , 107350 , -24338.6
171724 , 72573.7 , 733586
41860 , -337311 , -840636
-452618 , -483283 , 376077
-128173 , 496442 , -75967.9
824352 , 286248 , 33953.9
-111403 , -580640 , -788230
-258158 , -144077 , -138714
-788457 , -464645 , -380096
118483 , -59859.7 , -934913
134602 , 1.00825e+06 , 350225
-420355 , 811613 , 175907
55717 , 500524 , 498400
-566478 , -387815 , -419867
-383239 , 882423 , -530835
-92505.6 , 604898 , 257853
-654220 , -180709 , -637110
486782 , 463527 , -411190
87729.3 , -472063 , 825319
-391596 , 608691 , -29537.5
-59786.5 , -222668 , 412837
303050 , 248867 , -991793
-237900 , -193940 , -696900
61641.2 , -56679.6 , -544222
-906871 , 672295 , -139538
403919 , -722351 , 410167
-458227 , -176893 , 341079
44148.8 , -236040 , -264508
-610122 , 273665 , 49690.7
267085 , 256029 , 687686
-140243 , -54695.7 , 516117
156256 , -274808 , -331743
-409057 , 547988 , 757950
-281222 , 901330 , 419015
535946 , -739758 , -192372
151657 , 714815 , -439213
684012 , 36529.8 , 402091
-1.34991e+06 , 304888 , 162051
-591022 , 411564 , -207449
-230510 , -557366 , 321964
698462 , 465472 , -631678
639019 , 126260 , 417484
-133858 , 585606 , 706051
612975 , 838408 , -649658
473671 , -777426 , 408139
-855677 , -243940 , 776828
56033.5 , 93872 , 14428.8
157628 , -190641 , 650052
103275 , -393162 , 339756
-388843 , 211059 , 685029
-478324 , -190466 , 380706
-98791.8 , -270315 , 286825
390141 , 304848 , -992482
-377364 , 419831 , 550007
28995.6 , 401317 , -465785
44174.8 , 477807 , 412318
-257422 , -600551 , 168184
-679050 , 167571 , 204012
1.02362e+06 , -17129 , 49038.4
528053 , 549541 , 199159
476549 , -108023 , -587619
797361 , -320731 , 402940
93700.5 , -167586 , -411608
-43377.9 , 911022 , 118646
-394319 , 210898 , -329351
896093 , 2349.02 , 221785
-745187 , 366514 , -46703
-361875 , 142432 , 288710
-115614 , -355213 , 506635
392543 , -53038 , 419758
-363975 , 276641 , 442168
-45849.3 , -992429 , 384679
-364846 , 371501 , -92493
-416675 , -622136 , -21710.9
-573302 , 589743 , -596283
40760 , -1.22781e+06 , -176440
-449880 , -41961.1 , 434254
-315099 , 874537 , 161092
82336.4 , -417417 , -104665
144820 , 293239 , -201893
-82349.2 , 179354 , 302564
-199504 , 243446 , -111450
-353671 , 550593 , -141554
-724677 , 81896.3 , 281955
256588 , 548535 , 655793
547570 , 381418 , 81892.9
441692 , 28633 , 617113
-372381 , 142994 , -82348.5
-99118.2 , 246898 , -54500.5
307102 , 259151 , -14906.1
6594.84 , 134874 , 307272
577379 , -592548 , 67067.5
485847 , -189842 , 426497
-427938 , -444307 , 35863.3
478931 , -599309 , -815908
804801 , 593679 , -14158.4
188836 , -530524 , 197737
255927 , 158174 , -653198
-260204 , -36185.4 , 26763.1
986353 , 339151 , 379353
839898 , -561637 , 121529
-683706 , 726195 , 2223.49
418687 , 147424 , -13957.9
-226871 , -353801 , 327861
33307.1 , -283218 , 429989
220961 , 621082 , 1.02745e+06
531792 , 390016 , 229291
-347127 , -71467 , 270782
-150166 , -304210 , 431712
29383.8 , 556025 , 508877
-288235 , -698497 , -528205
-734113 , -545552 , 25798.9
-277665 , -274472 , 35548.2
401666 , -476910 , 290767
-256166 , -362132 , 477230
-658249 , -471751 , -128459
-360654 , -732754 , -94685.7
178216 , -1.03393e+06 , 256690
154574 , 220501 , 391218
-715749 , -385615 , 375421
-16667.4 , -990565 , -468212
-271134 , 234456 , 811295
228919 , -720950 , 431312
-229821 , 554781 , -57673.6
-804835 , 67775 , -217070
-12666.2 , -187552 , -326697
-219202 , -182424 , -150784
-834298 , 217294 , 458119
-13451.3 , 491647 , -526778
-121657 , 112634 , -330563
-466390 , -61483.4 , -566229
-135970 , 218320 , 592525
192136 , 565989 , -584917
793346 , 159396 , 42301.1
128672 , -807595 , -162171
-256088 , -405760 , 831836
-131444 , 1.00431e+06 , -400540
580134 , -164375 , 287471
-973197 , -229528 , -93183.8
-272563 , 522293 , 384045
-691869 , -361341 , 448755
-464833 , 243177 , -432909
627711 , -567513 , -230287
148945 , 214377 , 391426
166510 , 173583 , 505596
35470 , 1.09469e+06 , -29456.2
317575 , 394035 , -677573
-261644 , -15320.6 , -599136
-788539 , 698897 , -387590
-745032 , 189733 , 198733
74318 , 242082 , -345250
-600549 , -6659.67 , 268896
-265122 , -599596 , -606188
536063 , -448032 , 488457
-694428 , 251881 , 94076.3
526753 , 499982 , 940742
-819852 , -552776 , 262265
-349299 , 414091 , 910232
-822649 , 493509 , 489349
570330 , -352447 , 19305.8
104419 , -591857 , 165832
266227 , 291412 , 561908
520567 , 51268.6 , 376923
-433868 , 1267.84 , -187291
-832266 , 591557 , -403883
-23332.7 , 746597 , 513034
-171278 , 550970 , 181743
-8366.68 , -335194 , -34881.1
-284592 , 205532 , 906463
-816111 , 49679.2 , 487761
662170 , 371781 , -189932
-69658 , 395241 , 892891
-658309 , 35556.7 , -491406
176446 , 411895 , 604752
1.13572e+06 , 685296 , 66259.8
-222916 , -448832 , 788264
714515 , -569757 , 217144
713466 , 261783 , 131908
-184888 , -689672 , 201842
81550.4 , -79934 , 415250
410988 , 630178 , 349830
-159581 , 334048 , -397504
491907 , -452985 , 286981
293629 , 825708 , 463205
845984 , -180722 , 265538
137979 , -105262 , 20593
318895 , 253020 , 224962
33611.7 , 389825 , 24206.8
441212 , -94423.8 , 547230
577172 , -93952.9 , 55387.8
-876234 , -535622 , 160152
286908 , -62315 , -810936
-634783 , -617702 , 638165
-739388 , -219320 , 521729
435680 , 133276 , 820625
-385815 , -701116 , -474259
153202 , 110618 , -216375
727042 , -100519 , -135912
-555017 , -403877 , 718974
-696698 , 1.18416e+06 , -167261
577062 , 500429 , 681754
68077 , -77280.5 , 796706
-65357 , 422698 , 180325
930234 , 283731 , 837725
-71743.3 , 673991 , 262334
-469419 , -451317 , 777155
351325 , -661583 , 590729
522202 , -733809 , 492893
-86624.7 , -21948.2 , 529096
357931 , -9314.37 , -407856
433912 , -107041 , 140179
226637 , 874685 , 118918
138960 , 571468 , -218625
-84210.4 , 37326.4 , 283178
-173653 , -555540 , -544830
443039 , -221058 , 481522
-546769 , 90523.6 , 90279.9
326657 , -193089 , -435688
961655 , -368678 , 270695
-455250 , -387010 , 184910
85105.1 , 658243 , 667109
-332422 , 124347 , 377856
-10611.3 , 463733 , 144355
-276366 , 933201 , 332772
-9392.99 , -400412 , -69611.2
-631500 , 96225 , 192287
-592024 , -244067 , 324018
184679 , 441160 , -233598
-832375 , 374225 , -532806
-17780.5 , 169857 , 111201
206641 , -417706 , 16345.3
-942103 , 441833 , 341186
556234 , 555581 , 425841
130924 , -146338 , -702627
318357 , 906946 , -4649.68
-63246.8 , -182272 , -782872
320929 , 177529 , -576965
310317 , -202321 , 317485
-1.01045e+06 , 385080 , -168919
-335532 , 161535 , -360339
-684772 , 20151.3 , 847789
191104 , 298897 , 473437
635964 , 368086 , 27266.9
-318689 , -489110 , -726274
54263.2 , -358044 , 485142
-370001 , -775806 , -612934
378803 , -598899 , -158162
51311.4 , 150754 , 895278
-1920.74 , 842994 , 617562
-494548 , 142348 , -291868
725850 , -397693 , -151119
-629375 , 338132 , -176306
-549178 , -345469 , 512367
465794 , -352210 , -308479
-398505 , 805694 , -465531
-483915 , -678786 , -111060
577823 , 106089 , 884499
146323 , -547533 , 310744
-81905.4 , 392223 , -942463
-653212 , -37828.3 , -554674
-191666 , -546178 , -84103
-718313 , 614597 , -483611
100931 , 237219 , 130306
-19477.7 , -1.00179e+06 , -360887
-52538.2 , 506117 , 506092
-679494 , -510446 , -855782
251599 , 573277 , 213303
100768 , -918999 , 66119
-565833 , -36032 , 175409
720060 , 154802 , 559009
488357 , 153856 , 290754
250713 , -113882 , -339927
279523 , 274200 , -574621
338141 , 403708 , -531531
-451225 , 350926 , -527428
-118733 , -426249 , 492224
-227979 , 53992.3 , 627983
-59937.9 , -174667 , -760064
-141330 , -90605.9 , 590743
-983967 , 153955 , 276481
166524 , -413670 , 535311
-64388.2 , 737892 , -106737
-25492 , -511383 , 710724
527373 , 114277 , -98324.5
488264 , -163696 , 565593
-354416 , 39119.8 , 123586
220312 , -400168 , 617439
-272783 , 8422.59 , -201835
-531139 , -111806 , 230213
755604 , -168686 , 42688.4
617428 , -248443 , -332997
369945 , 595464 , -94340.4
198794 , 115286 , 368680
-321760 , 11293.9 , 869267
-15616.9 , -164749 , 697478
-390700 , -203591 , 400488
186146 , 215846 , -2925.44
-144708 , 509867 , 929917
-727900 , -100843 , 846851
144860 , 868540 , 239707
-285960 , -244883 , -47513.5
245956 , 363715 , 443551
-477811 , 196168 , -944537
73375.3 , -602427 , 1.05798e+06
-216105 , 588068 , 10258.7
695931 , 1644.2 , -748228
184924 , 613027 , -974447
780570 , 85394.9 , 144318
100431 , 134118 , -440682
-539325 , 784663 , 196952
563836 , 656934 , -275341
-305142 , 1.01245e+06 , -439293
-731912 , 682362 , 319082
563607 , 111034 , -153322
-111048 , -659215 , 344380
249401 , 67646 , -121726
452642 , -849578 , -130725
646209 , 85516.8 , 727782
101501 , -342403 , -115674
-239924 , 851102 , 338556
-113442 , -296944 , -112023
-646934 , -313155 , 643070
542533 , 252800 , 803432
629109 , -156906 , 135492
-394315 , -1.01569e+06 , 682219
444889 , -580554 , 253160
-553116 , 111489 , 691393
189004 , 43715.9 , -380855
195247 , 665850 , 377442
98955.1 , 468925 , 112757
-149118 , 79766.6 , 863858
418614 , 355099 , 508261
-20214.3 , 14393.1 , 148472
-531927 , 688087 , -399900
467859 , 318630 , 323779
-235545 , -39327.2 , -837283
-312073 , -1.0618e+06 , -123744
-722897 , -47655.1 , -149204
292146 , 630613 , 257766
-106737 , -771892 , -357204
399360 , 988152 , -586956
321898 , 830508 , -164546
681686 , -477028 , -554090
801507 , -678087 , -139285
-54354.9 , 278138 , -287749
180710 , -270946 , 3722.74
-322904 , 813370 , 458853
-111726 , 591194 , -203639
100989 , -125352 , 783847
496068 , -323737 , -530301
414289 , 344144 , 1.00716e+06
111678 , 192162 , -441594
-41442.7 , 513080 , -59878.6
473033 , -409771 , -875694
264092 , 82845 , 479142
107843 , 212940 , 217912
226941 , -159287 , 344838
-483888 , 176475 , 544436
-959866 , 698975 , 89772.1
183950 , -613569 , -516035
298125 , 58375.7 , -592735
-569646 , -19932.9 , -17984.2
139084 , -466969 , 879367
97587.4 , -575718 , -122740
311943 , -506788 , -507365
-64144.1 , 781663 , -367136
362446 , 251205 , 170086
-321895 , 111483 , -124645
-221780 , -458637 , -10201
170498 , -1.03661e+06 , -370096
647618 , 543932 , -358438
503632 , -584920 , 451577
-19858.9 , -172569 , 1.12695e+06
124072 , -437629 , -610855
958249 , -398019 , -93059.8
230981 , 679177 , 486457
729494 , -105285 , 72825.2
100117 , 456884 , 153531
-769641 , 356113 , -31564.3
-103389 , -236808 , -145365
753193 , 291820 , -99146.1
395485 , -471471 , -102579
-434641 , 602032 , -265342
-897275 , 96011.5 , 294975
277646 , 846090 , -227947
358437 , -185616 , -590648
-308072 , 80290.3 , 548151
-551041 , -245777 , 269732
-399106 , 522697 , 234067
-506029 , -8326.88 , -384670
-531996 , 414129 , 569186
709055 , -247213 , 20148
17208.9 , -448943 , 129414
-317086 , 789165 , -35096.1
-363492 , 714302 , -63565.6
849898 , -810109 , -140877
-295851 , -683696 , -593640
190023 , 446861 , -722538
-114845 , 745313 , 314591
731669 , -28935.3 , -330115
-594420 , -57963.4 , 889430
-620368 , 67980.8 , -84927.3
-478908 , 376870 , 680419
-609981 , -715111 , -490458
442715 , 513121 , 566638
220617 , 432127 , 367379
328446 , 377923 , 358449
793285 , -206251 , 496719
-322716 , -366545 , -401671
-485467 , -618658 , 248396
-3699.69 , -615654 , 68499.4
472870 , 411392 , 513374
401766 , 21336.6 , 509269
162399 , 83630.3 , 779959
86729.1 , -531172 , 230856
416630 , 211334 , -477186
-242158 , -556830 , 31383.4
-563702 , -580268 , -490611
534063 , 118362 , -216271
274252 , 528585 , -226461
487200 , -490182 , -458828
-1.168e+06 , 248080 , 70642.8
-393734 , -278487 , 160481
622910 , 35585.7 , -84483.1
-719401 , 827669 , -22294.5
164182 , -794852 , 265749
445744 , -969622 , -65008.4
607414 , -763101 , -351478
-158591 , -784682 , 532119
-601971 , -861132 , 506105
740871 , 138687 , 242555
-531737 , -675473 , -134589
187519 , -89055.3 , 714219
404501 , -142837 , 115996
-629553 , 549437 , -624223
384118 , 304424 , -590438
271723 , 92976.2 , -1.00984e+06
-483625 , -73666.8 , 123342
-117144 , 1.05306e+06 , -207312
340191 , -453785 , 548763
-182997 , -405118 , -23641.6
28155.6 , 99984.4 , 769032
-707.151 , 346816 , 481072
616517 , 469448 , -271283
554763 , 391879 , -518546
-315894 , -458951 , -627642
130055 , -129326 , -935642
729225 , -247141 , -91689.5
-76809.5 , -372654 , -688230
587326 , 736947 , 40791.8
321298 , -410966 , -154465
171707 , -129510 , 486108
225985 , -751340 , 287203
134808 , -412534 , -74302.5
-645970 , 843406 , -564244
-755987 , -286446 , -750672
17267.4 , 103783 , 861943
783886 , -141267 , -231731
606859 , -555265 , -165784
371544 , -330534 , -355634
-98007.7 , 449331 , -167809
-616031 , -512979 , 235246
-674621 , 427534 , 270489
607263 , 281374 , -146431
-276626 , -159709 , 279325
30078.8 , 767589 , -117969
-765076 , 71789.8 , -32502.7
-945174 , 137801 , 339299
-236546 , -688337 , -824982
150490 , -26095.3 , 653607
-97171.6 , 505907 , 153326
693902 , 215657 , 416228
84253.1 , -340317 , -114211
209247 , -847158 , -171121
43335.1 , -181309 , 387435
-226634 , -75076.7 , 148227
-537814 , -150945 , 513175
888483 , 388512 , 11159.1
582133 , 159412 , 119732
-278142 , 168855 , 383302
616110 , 15114.7 , -891349
-577974 , -581895 , 295076
646121 , -337920 , -605771
22712.6 , -669998 , -198947
-380626 , 282886 , -475820
192913 , 2821.25 , -513324
-270096 , 298254 , -252126
-395519 , -302186 , 30518.3
-270681 , 492068 , 242705
-127993 , -4721.92 , 431604
-96523.2 , -372904 , 550557
-397220 , -401417 , 31670.9
-673765 , 185099 , 285820
324451 , 242172 , -993525
41709.7 , -692515 , -101989
516225 , 717855 , 112730
-339717 , -537418 , 686713
1259.56 , 658412 , 603771
-343212 , -789321 , 323422
323407 , 109173 , 437300
943161 , 156264 , 384461
-243688 , -145538 , 369720
-454774 , 652085 , -617761
-26594.5 , -350944 , -175325
-876913 , -231814 , 331662
708050 , -39020.6 , -578730
-255812 , 150416 , 867119
433428 , -972491 , 653516
-51516.9 , -175023 , 615306
617107 , 189663 , -305591
335406 , -278864 , 11378.9
107044 , 232361 , -734813
-732548 , 134015 , -664176
-641459 , 643116 , -233426
376577 , -128754 , 436875
-259445 , 76845.4 , -398755
-68371.1 , -73613.5 , 456804
376150 , 220520 , 980453
434150 , 515800 , -245431
181136 , -239513 , 777984
169563 , 102299 , -308994
-652421 , 278835 , 780779
290720 , -81239.8 , -652574
-210694 , -120120 , 945962
97257.7 , 718102 , 169018
453709 , -258645 , 425319
2262.13 , -583342 , 366362
-680448 , -632638 , 390566
-335234 , -838034 , 18537.5
-678142 , 20160.3 , 296150
659124 , -129661 , -338917
173296 , -554464 , -572463
-203094 , 455815 , 66636.1
161009 , 15110.3 , 250924
567330 , 679415 , 90730.6
-471148 , -221670 , -561021
262067 , 62850.4 , 730891
395267 , -367171 , -381743
-391713 , -16767.1 , 98848.7
114941 , -268904 , 515003
-61593.6 , 788996 , -16080.7
-188315 , -85971.7 , 363260
-282604 , 272834 , -340770
208852 , 822110 , -522488
509457 , 416049 , 207304
-224888 , 39926 , -673234
495630 , 29446.1 , 547628
-924248 , -170435 , 15527.9
-663331 , 77323.8 , -317292
47954 , -424338 , 11803.4
-316435 , -620468 , -728145
544398 , 814133 , -647002
442205 , 786150 , 238815
221846 , -369267 , 105722
-108839 , -407460 , 88083.4
-45083.8 , 633837 , 155957
-55708.7 , 237922 , 1.03001e+06
645556 , 379289 , 234381
75998.3 , -448606 , -405351
372602 , 557343 , 298004
143222 , -351014 , 37767.4
-664473 , -4396.06 , 533144
718538 , 463948 , 308657
-508045 , -592765 , -104086
616045 , 733580 , -48425.4
229802 , -405555 , -329283
235793 , -549887 , 412245
-839370 , -322298 , -747318
-354464 , 502896 , 226529
-851437 , 210994 , -342431
645079 , -327926 , -449672
123057 , -168669 , 327626
698133 , -55485.5 , -242510
689458 , -64749.2 , -231556
-127616 , 773191 , -629066
202573 , 657543 , -48181.4
417476 , 895572 , 20814.9
-48190.3 , 58212.2 , 494650
-746291 , -772565 , -570088
402900 , 741756 , 155263
323873 , -257664 , 453299
738072 , -54063.9 , 515529
-441590 , 253698 , 45507.6
371334 , 203942 , -749335
22009.3 , -19975.8 , 655172
-264592 , 492206 , 850619
173690 , -314003 , 328203
-80890.5 , -393075 , -228070
449641 , -195227 , 364481
792930 , 146498 , -602813
819045 , -226301 , 286403
-12764.5 , 798181 , 93754.3
-412065 , -423721 , 753365
780366 , 140413 , 559706
50604.1 , -743559 , -387910
-632693 , -92906.5 , -322031
-21020.8 , 158195 , 202157
480823 , -564485 , 787377
569117 , 337622 , 357497
-38188 , -43644.9 , 786878
125200 , 316585 , 625760
-233567 , -345799 , -35183.6
176747 , 158553 , -970816
-576917 , -896167 , 594766
-340874 , -894951 , 481423
-29124.8 , 60104.1 , -562538
-603730 , -434771 , 70610.2
-543758 , 779984 , -208443
69105.3 , -1.03674e+06 , 200969
394447 , 544019 , 425313
1.18209e+06 , 276655 , -259526
394369 , -196898 , -607908
-424744 , 623415 , -593845
901876 , 184863 , -130193
-554873 , 613443 , 548406
-331056 , 219126 , 121345
-105694 , -597058 , -140013
-395362 , 558374 , 24230.4
663563 , -738267 , -624772
458724 , -22819.8 , 1.1639e+06
108961 , -346537 , 145684
499945 , -278672 , -67900.4
-192576 , 331685 , -65406.5
189542 , 568269 , -676818
338538 , 196957 , 1.02293e+06
-351198 , -954400 , 670850
-52855.4 , 866723 , -212924
-629855 , 544002 , -848644
332323 , 414962 , 339945
-429547 , -100451 , -230684
-358661 , 690593 , 146006
-969119 , -69335.3 , 225625
-472095 , 527143 , 17992
99238.9 , -126277 , -934013
516383 , -422417 , 11411.5
12380.2 , 514900 , 181749
-433987 , -46721.3 , 358862
33308.4 , 558482 , -176689
758946 , 622735 , -661237
-96844.4 , 127299 , 78406
654284 , 394704 , -129509
291453 , 656481 , -672531
-235695 , 934148 , -39880.5
-382195 , -150405 , 224759
-1.04956e+06 , 169119 , 70068.1
-84266.9 , -73105.5 , -670425
672388 , 194532 , 350231
324624 , -163218 , 1.10591e+06
258900 , -1.05675e+06 , 489802
799420 , 62569.2 , -393075
553578 , 466927 , 297196
-580475 , 309114 , -259952
778557 , -329323 , 484287
19292.5 , -257623 , -896269
987732 , -73834.6 , 191030
234538 , -431703 , -170732
-149869 , -316868 , 826056
261507 , -595844 , -533766
256453 , -750397 , -543246
-36006.3 , 416324 , 808343
-213177 , 565304 , 99259
469359 , -521616 , 250493
-276455 , -287123 , -676946
46064.7 , 144241 , 191653
-138807 , -122848 , -832735
525308 , -112320 , -834629
683900 , -40521.6 , -688054
560931 , 73457.4 , -769474
-728145 , -96802.3 , -27975.7
-153141 , -634.392 , 644594
-452518 , -90590 , -450455
-134620 , 438966 , 505513
83062.6 , 114760 , 730768
486776 , 54893.4 , -125915
-860547 , 120159 , -687386
81754.5 , -211596 , -360445
-484851 , -246307 , 216974
52116.5 , 552272 , -29778.2
-232248 , -384653 , 631120
502037 , 573213 , -214256
-354730 , -866992 , 771554
-1.01567e+06 , -58299.4 , -162459
404882 , -481249 , 602299
445089 , 642959 , -77481.3
-242692 , -315594 , -695452
-325930 , 159981 , -292077
-285514 , -720766 , 40306.5
-55634.6 , 202694 , -785755
627639 , -491151 , 16076.1
45417.6 , -490554 , -144911
112212 , -790722 , 137890
115178 , 7163.27 , 809063
183578 , -610630 , -116249
-68561.7 , 25808.9 , -477008
285759 , -107509 , -319535
-515369 , 345863 , 52877.5
-774656 , -758443 , 105355
-283783 , 330560 , 86488.1
1.04751e+06 , 321391 , 352886
-538801 , 306158 , -680095
377723 , 612818 , -505348
-488118 , -462585 , -513612
595963 , -127327 , 834140
728614 , -508010 , -166883
-678640 , 405311 , 59418.9
-388091 , -209345 , 218693
-639698 , 497448 , -69592.9
-690916 , -413597 , -477510
-912010 , -21316.4 , 649193
614323 , -222484 , 161292
-321272 , 504396 , -98584.6
228201 , -213192 , -513862
429507 , 555169 , 60944
171619 , -171417 , -471427
128595 , 392177 , 168551
-275112 , 450405 , -222136
93576.9 , -526806 , 299805
580288 , -261229 , 546477
412322 , -148065 , 565633
-102154 , -147699 , -361890
789428 , 446746 , -129482
-309279 , 660650 , 628670
728103 , -379288 , 509417
664861 , 152822 , 700252
32730.7 , 113628 , 21254.3
4965.83 , -107375 , 621913
686257 , 490685 , 366329
92417.3 , -803524 , 612234
872099 , 275179 , 71782
790807 , -694482 , -46992.7
736034 , 114264 , 553618
-948675 , -155890 , 746754
-564583 , -701730 , 47091.4
-473737 , 200899 , -722317
356080 , 921662 , 175909
-508864 , -134768 , -210249
644919 , -266496 , 208057
-460760 , 135996 , -507989
-517914 , 975391 , -471802
-669820 , -254220 , 631674
-37635.6 , -378355 , -295460
-206212 , 130321 , -445976
52422.5 , 341735 , 534587
1.19679e+06 , -155266 , 65317.5
420340 , -787949 , -271459
-674991 , 362868 , -145619
56429.6 , -239496 , 138847
-157676 , 490318 , 202333
-629887 , -144148 , 80691
-394761 , -241454 , 741871
928073 , 102679 , 40907.2
562059 , 457501 , -377632
-65740 , -845189 , -95563.9
659056 , -159032 , 497901
435313 , 169971 , 218089
849723 , 262709 , 120892
-452981 , 577153 , -174710
14363 , 803026 , -73763.2
-526818 , 271491 , -742859
-78175.3 , 67007 , 157516
-372786 , 435231 , -739992
552590 , 679091 , -186384
-164808 , 477262 , -230880
-140687 , -332020 , -812421
224462 , 399919 , 277810
33078.7 , -751997 , 140254
-954330 , -181509 , 288000
-581328 , -280534 , -116199
-437660 , 72247 , 978621
439505 , 775349 , 518074
105145 , -827618 , 107855
676147 , -138529 , 286064
-735802 , -41321.3 , -729294
-441659 , -621681 , -675324
26475.4 , 574387 , 465428
-164375 , 175112 , 573493
-106823 , 319436 , 292048
-293608 , -734006 , 450748
574862 , -294066 , -27575.8
-303706 , 654748 , -41807.5
531285 , -293695 , -682194
-383992 , -709615 , 328950
361186 , 816750 , 264758
772050 , -89784.2 , 375880
335148 , 943154 , -865728
-622153 , -319146 , -605715
-396756 , -737735 , 594698
-67392.5 , 499753 , 518275
186788 , 623444 , -175532
994838 , 583603 , 318038
425081 , 689082 , -559787
202310 , -924575 , 420083
305629 , -202307 , 401419
-131990 , -949401 , 314124
95470.3 , -351873 , 457833
-176227 , 823390 , 836959
405386 , 12176.7 , -165128
-177956 , 136612 , 468285
332271 , 202799 , 423651
-658876 , -932587 , 22976.3
69593 , 428779 , -328728
153822 , 18553.5 , -295059
-479794 , -412318 , -580646
-237048 , -679678 , 492113
154916 , -636268 , 467581
49604.3 , 370508 , -120539
378634 , -153436 , -396288
739317 , -206698 , -24250
76031.6 , 345665 , -815699
-141512 , 949064 , -105371
-489264 , 256599 , -678647
-197197 , -778939 , 474221
651892 , -100535 , -186240
-912904 , -25298.7 , 365595
32574 , 40619.8 , 753500
283389 , 365507 , 864965
-317789 , -79384.7 , 34414.9
1.01692e+06 , -493474 , 143599
264616 , 55843.4 , 690388
-165094 , -547264 , -476528
-787490 , 5840.72 , 686428
-124529 , 250196 , -472017
204880 , -336540 , -176693
473860 , -441792 , -4749.98
-50580.7 , -152597 , 99524.8
-203394 , -643404 , 481020
-205507 , 9025.27 , -245889
14978.7 , -883551 , -234350
222618 , 339050 , 123522
-349171 , 212632 , 277345
-347154 , 616174 , 338220
74622.4 , 350243 , 189239
569056 , -58812.9 , -717080
428437 , -468652 , 645859
380885 , 171844 , -83148.5
348483 , 410424 , -163326
-441720 , 318471 , 335215
-265627 , 1.08489e+06 , 362087
-442376 , 422526 , 286385
402316 , -458189 , -260395
-389908 , -601529 , -358549
63176.4 , 820008 , -276357
-971111 , -483411 , -83608.9
-640938 , -319505 , 30708.3
-222180 , 667989 , -216760
-114969 , 137409 , -319552
-463390 , -95066.1 , 694558
-62320.2 , -826681 , 858586
642611 , -44994.3 , -277897
-422213 , 262584 , -875634
358100 , 147475 , 624514
-184780 , -262827 , -915880
-818757 , -531107 , 629553
-334983 , 416401 , 967517
-827763 , -151249 , 348940
-367989 , 577255 , -58920.8
-70511 , -387651 , -350046
504286 , 107630 , 364242
-205617 , 595727 , 77543.6
178097 , 487319 , 470296
-781448 , -256390 , 116162
-182787 , -281311 , 434741
-353760 , 239553 , 1170.62
370278 , -587863 , 430542
-43179.7 , -478498 , 1.00943e+06
297749 , -271795 , -415122
540109 , -479906 , -756924
-93153.4 , -581155 , 630435
640339 , -645333 , -211246
-229940 , -219908 , -475926
336624 , -242686 , -445514
446647 , -998342 , -202155
-520789 , -74014.4 , 377730
545679 , -320469 , 9635.23
677346 , 25554.5 , -625229
31433.2 , 571453 , 105503
544062 , 202343 , -637092
-234402 , -24968.5 , 70519.8
-269890 , -114012 , -937393
-535539 , -424724 , 304632
39386 , -51503.8 , -39172.3
451552 , 430890 , 46945.9
514309 , 136500 , -297525
-178754 , 751849 , 53765.5
335111 , -114307 , -106019
-437383 , 147018 , 302218
-363223 , 456497 , -166435
397853 , -87074.2 , -99676.9
51272.2 , -807638 , -56650.4
-487949 , 76468.6 , 472333
215674 , -33892.5 , 1.03722e+06
593225 , -58658.4 , -664499
322844 , 185569 , 884818
131626 , -92822.9 , 617904
-331603 , 90343.8 , -2791.98
119931 , 564714 , 195006
-153872 , 974538 , 102668
-422209 , 26782 , -251246
322461 , -141666 , 5361.33
-125131 , 142523 , 105645
203262 , -62679.1 , 542675
-347137 , -224154 , -847556
-10168.6 , 198653 , -364990
-294633 , -462085 , -640475
877004 , 98511.3 , -570867
-263558 , 538162 , 182176
371730 , 433014 , 495484
235500 , 124120 , -1.12432e+06
185060 , 485790 , 590188
73873.2 , 36291.6 , 1.19112e+06
210322 , -419348 , 665920
362639 , 612151 , 411651
-605050 , 179545 , 389327
103693 , -489031 , 469546
-334304 , -274193 , 496626
-240416 , 217569 , -285922
326196 , -500103 , 354229
221474 , 402709 , -701520
615743 , 280438 , 636944
-162579 , 724850 , 110999
659359 , 591990 , 195972
-55814.9 , 740083 , -539071
-186935 , 490747 , 453698
159112 , 787057 , 321706
-657714 , -233968 , 255277
120503 , 435326 , -782902
436861 , -143658 , 348136
-176716 , 140377 , -821444
1.14447e+06 , 14666.6 , -312335
-609858 , -844625 , 239955
834587 , -241699 , 535910
-714660 , 9673.22 , 477908
-657268 , -407251 , -21343.5
-494537 , 57972.9 , -348398
-333618 , -565988 , -160177
-80126.6 , -344340 , -103282
108357 , 300904 , 129759
-133757 , 15573.5 , 280313
593075 , -415607 , -1450.11
370277 , 150076 , -391972
-173538 , -51990.1 , -176756
-269412 , -697162 , 60454.4
-128822 , -405489 , -817500
305886 , -725628 , -559428
197310 , 256485 , -337612
-59733.9 , -94666.4 , 668459
267179 , 120496 , 523926
-67975.9 , -320285 , 441974
-283376 , 282027 , 821500
-77651.1 , 533030 , 235473
-80891.8 , -500000 , -572803
496284 , 458015 , -735384
-434571 , -249109 , -365221
-606052 , 208887 , 773198
-495904 , 210102 , -62055.4
-273409 , -56126.2 , 125670
139000 , 173237 , -199117
386419 , 633500 , -34209.8
1.07689e+06 , 417682 , -70905.3
38667.5 , 149591 , 833769
9577.29 , 906987 , 140952
-289570 , -718321 , 334840
772102 , 567474 , -441361
-346609 , 390590 , -42803.7
-33726.4 , 155613 , -152119
-611523 , -769092 , -645211
-258780 , -141780 , 114479
493418 , 153726 , -186062
-586072 , 323620 , 363984
-469071 , -37436.3 , 79000.8
14862.6 , -63174 , -303536
487934 , -612858 , 21982.5
616073 , -384827 , -348630
-137330 , -563062 , -457511
720609 , -39782.4 , 848206
-598651 , -70637.8 , 706267
-437033 , -421761 , -389415
-1.01951e+06 , -224643 , -255950
407963 , -358355 , -208606
656941 , 663927 , 340155
-485361 , 836043 , -25847.3
296238 , -147602 , -371916
-100446 , 119727 , 1.0494e+06
-746522 , 366408 , 345573
-179269 , 79938.2 , 661839
-114798 , 689944 , -711191
480336 , -178074 , 358005
-232827 , -428344 , -235162
-424066 , -160576 , -145819
84942.3 , 39924.4 , 443610
-286726 , 822452 , -258005
-1.00686e+06 , -465566 , -499731
-314970 , 495214 , 153781
-444710 , 869030 , -90467.3
465561 , -1713.24 , 381007
-258594 , 409705 , 957.887
-510633 , -444034 , -137453
364173 , 463965 , -24686.4
164173 , -296519 , 809781
-627900 , -79066.6 , -801676
-160298 , -1.06435e+06 , 41365.6
18557.3 , -181856 , 403833
-356868 , -675261 , -589699
-801250 , 478941 , -484605
-116140 , 530563 , -379906
-560515 , 222146 , 395126
65903.8 , -891926 , 179345
-363068 , -211829 , 857903
-136300 , 919872 , -214286
455784 , 182968 , 612449
-935452 , 102646 , 33824.4
-704483 , 558010 , 155924
648970 , -419785 , -688957
453722 , -810140 , 449251
-210217 , 318027 , -536914
714564 , 149306 , 643457
570016 , 352814 , 387256
-477802 , 512481 , 688942
312250 , 518248 , 129601
273523 , 617359 , -604942
788406 , 534049 , -61463.2
-249940 , -232731 , 853176
-127787 , 746140 , -285183
216152 , -250586 , -309242
-609051 , 638259 , 337139
455841 , 287087 , -413392
470662 , 501051 , -8378.17
342203 , -638356 , -14415.6
82143.6 , -1.01321e+06 , -143707
-830709 , -432144 , -255637
4572.72 , 530472 , -233393
559690 , 418270 , -250359
369902 , 123795 , -227255
-162396 , -1.04842e+06 , -182774
190560 , -1.12337e+06 , -348351
547191 , 844449 , -484044
-275766 , -579276 , -435643
539866 , 210511 , 285463
389705 , -215624 , 179844
-466371 , -504010 , 122960
783977 , 91511.2 , 390546
122113 , -508530 , 460182
68492.7 , -763522 , 44482.3
-152340 , -273724 , 197672
-610319 , -471419 , 534291
90678.7 , 171403 , -182149
129042 , -541368 , -647268
624299 , -350232 , 344084
162924 , -1.00622e+06 , 44775.5
-388808 , 81513.2 , 381976
1.13332e+06 , 442201 , 14986.5
-437297 , 732628 , -519805
767165 , -126387 , 126114
-719579 , 714798 , 140477
-594666 , -720729 , -245692
-186150 , -247971 , 569905
575994 , -92818.3 , -387149
267637 , 780101 , 330171
-180408 , -230427 , -275819
422721 , 925036 , 369237
789798 , -52378.1 , -723917
329207 , -741914 , -400229
-670327 , -152600 , -686678
-645163 , 209035 , -531275
-662329 , 37944.3 , 184313
-231718 , -96782.7 , 389421
287137 , -260572 , -481924
-401812 , 24578.7 , -484765
-51067.9 , -554700 , 872284
544697 , -168816 , 534183
26039.4 , -476108 , 470024
896171 , 409097 , 711906
266171 , -413170 , 379051
-211934 , -66457.6 , 142667
-151185 , 595352 , 516628
662035 , -159396 , 158310
520647 , -590742 , 267239
732941 , 240580 , 96669.8
10980.8 , -100938 , -905237
-80047.6 , 294704 , -324969
-425737 , 98729.4 , 40890.2
-230935 , -249572 , 465611
909456 , 694537 , -8420.11
1.11223e+06 , 87386.4 , 137440
39159.5 , -205168 , -393758
40947.9 , 43219.5 , -247024
155956 , 563084 , 357370
407243 , -402137 , 267177
617776 , -802919 , 314382
-46910.3 , 269890 , 33742.7
-959560 , 186665 , 633253
4721.06 , 598403 , 335785
180406 , 338204 , -258995
-538796 , 567267 , 92103.6
-406334 , -213623 , -785805
-128742 , -427023 , 290581
497020 , 500044 , -140045
277937 , 1.09724e+06 , -2523.41
137633 , -273428 , 479984
189947 , -96224.8 , 157927
327474 , -351519 , 590601
233276 , -730359 , 805316
-507000 , 298605 , 585185
460995 , 861748 , -502086
-397706 , -759704 , 292627
229985 , -547616 , 44292.4
427325 , 530585 , 400353
243977 , -125656 , -828066
565357 , -168741 , 36356.5
435428 , 161426 , -343867
626515 , 46097.8 , -163130
-20666.4 , -744551 , 576095
-315401 , -675052 , -308017
-178875 , 209663 , -268299
-320984 , 101406 , -125000
-755935 , -534040 , -15579.2
235418 , -290466 , -298375
94203.2 , 232578 , -448278
168499 , -215315 , 1.23188e+06
-822710 , -178653 , 199442
480100 , 366570 , 232340
339265 , 95864.7 , -310173
-434003 , -151891 , -285242
474150 , -307319 , 586383
-14767 , -626582 , -521663
-659321 , -264207 , -307826
58480.1 , 76773.6 , 688106
10238.8 , 68876.9 , 50297.9
-1.09218e+06 , 132698 , -139278
-108864 , -54456.5 , -470493
185323 , 137137 , -122820
-740029 , 310223 , -400418
-347599 , -557461 , 50625.6
-197353 , 157693 , 104263
118132 , -373642 , 336296
844113 , -478030 , -17690.8
1.01631e+06 , -196390 , 163070
225959 , 922343 , 299883
111040 , -100036 , 42186.9
417811 , -14001.5 , 286843
-276436 , -993518 , -272804
76808.8 , -682835 , -50446
465902 , -406468 , 333868
743525 , 328379 , -116044
277664 , -26737.4 , -287488
-632549 , 33199.5 , 549665
84706 , -311168 , 908084
-533409 , -971947 , 281612
54769.1 , -227274 , 228190
455937 , 353370 , -306789
287222 , -277445 , 554830
-390927 , -76949.4 , 77940.6
-455641 , -195577 , 63357.9
424314 , 410365 , -418940
978845 , -366342 , 280940
-355895 , 477303 , 433622
852909 , 448429 , 825935
523296 , 252424 , -212354
-156170 , -321789 , 505677
-185173 , -275382 , 1.04935e+06
231158 , 647659 , -828482
-256749 , 60511.1 , -223627
-763073 , -285279 , -415229
-261156 , -162767 , -593337
-15523.7 , 142853 , 25479.2
9099.57 , 299465 , -428029
201340 , 482674 , 127094
200557 , -736711 , 234516
-383122 , -285731 , -502436
211218 , -703427 , -615431
543191 , 263933 , 302866
695327 , -315203 , 198751
591377 , 292370 , 599598
-133671 , -544001 , 185415
-353473 , 395732 , 444686
269743 , -444718 , 480868
12729.3 , 644059 , -89088.9
-331418 , -671998 , 591572
755026 , 457263 , 80672.1
-7160.52 , 909515 , -8970.74
-458624 , -364821 , -290857
810416 , -390541 , -444904
-503128 , 394842 , -46964.8
-685320 , -187340 , 408046
-86100.3 , -108198 , -726852
14682.1 , 296125 , -775481
82285 , -382873 , -395362
-75039.7 , -756410 , -159829
-311463 , -319963 , 396486
131947 , -205810 , -1.06458e+06
-450989 , -518215 , -354974
865678 , 412741 , -96355.1
-251042 , 519158 , -277882
28301 , -217076 , -763653
311066 , 614194 , 236664
35390.2 , -17196.1 , 585166
-200955 , 742169 , -274799
-360469 , 703370 , 376040
-109567 , -659520 , 654784
402508 , 4140.38 , 388231
191872 , 384424 , 64698.7
-498244 , 403049 , 163594
-634499 , 522668 , 915342
448394 , -338246 , -284936
-573437 , 633100 , 751166
140960 , 760098 , 32451.4
103972 , -25610.3 , 271228
-40227.4 , 231528 , 424004
79584 , -683522 , -367957
-178175 , 360883 , 504058
-542621 , -423196 , 637478
258191 , -666728 , 298108
479031 , -39001.3 , 913464
246144 , -159591 , 745969
131893 , -200303 , 448687
-296872 , -737241 , -594832
-205680 , -385951 , -350600
720641 , -202808 , 4236.86
-815563 , 164603 , -987447
399911 , -197060 , -296956
41893.7 , -780409 , -789050
-220815 , -516892 , -503506
-215850 , 31241.5 , 349023
881834 , -395870 , -96445.3
-632029 , -291287 , 854772
-53690.9 , -965693 , 238532
-111053 , -559764 , 150057
-125632 , -443802 , 356108
19903.9 , -353835 , -653985
395697 , -717758 , 624229
139358 , 432768 , -171718
-344863 , -773687 , 568675
72739.4 , 827338 , -87209.7
-157693 , 435849 , 343454
-272982 , -152618 , 1.01419e+06
331072 , 824744 , 99090.3
-550921 , -378848 , -202271
-79390.7 , 32074.8 , -687321
611712 , 142836 , 693683
355594 , -434650 , 95491.3
537862 , -7175.25 , -353425
206436 , 252208 , 572666
51756.9 , -751219 , 480429
543159 , 2910.24 , -737133
-405738 , -267900 , -571749
565461 , -600396 , 390180
469070 , -51236.8 , 312895
-228731 , -443355 , -267810
-195194 , 523040 , 557157
760460 , 226806 , -391900
-949700 , -235598 , 751829
476444 , -530342 , 321511
-306909 , -420152 , -120719
-398487 , -233305 , -602280
8819.86 , -62367.9 , 192357
392179 , -348737 , -48476.1
-411807 , -967.957 , -258630
152802 , 15201.8 , 552556
663297 , -401299 , 756984
-448654 , 671586 , -82197.3
-497680 , 151340 , -388134
181218 , 358787 , -71034.4
66671.2 , 1.0587e+06 , 72933.6
15221.1 , -468538 , 340274
226855 , -107922 , 727424
417270 , -94352.3 , 436559
-530164 , 464979 , -774019
824187 , -300629 , 67411.5
-604355 , -731279 , 236057
653155 , 272019 , -129540
25483.1 , -1.07448e+06 , -94151.7
-138818 , 448292 , 192716
-17054.6 , 875143 , 210595
12486.3 , -519298 , -588262
605696 , 453794 , 503590
-266772 , 572126 , -222806
-423730 , -153802 , -559078
-330126 , -192015 , -457584
-15572.3 , 627124 , -283568
-150886 , -13430.3 , -789955
-290129 , 214038 , 819743
78219.5 , 5166.3 , 841451
-91601.5 , 316551 , -356662
-682001 , -725825 , -168356
226951 , -623707 , 214487
1.11002e+06 , 256020 , -472147
96107.1 , 97573.1 , -880284
-434097 , -227793 , 1.00973e+06
-631347 , -646526 , -151377
269560 , 616979 , 396328
714574 , -408728 , -421968
319486 , -12798.1 , -197636
278360 , -889866 , 317099
789875 , 267486 , 806143
-141731 , -204097 , 98633.1
-25235.6 , 843510 , -267720
566867 , 307052 , -430214
-310514 , -168944 , -241730
79680.1 , -125353 , 10518.7
760855 , 322942 , 110093
727810 , 90389.8 , 41404.1
-276411 , -104294 , 35005.9
403293 , 201474 , -716289
-358889 , -466717 , 154104
103591 , -778924 , 359059
168652 , -402883 , 494545
535015 , -573136 , 80474.6
-100017 , -516411 , -513026
122495 , -508416 , 83334.8
297474 , -551692 , -110192
-531374 , -354380 , -499929
-520404 , -204044 , 482911
782787 , 55274.9 , 833682
156701 , -29080.1 , 273777
114166 , -257108 , -628428
371036 , -551621 , -369865
531957 , -311385 , 734243
663353 , 413705 , -10066.5
509378 , 194904 , 449265
838168 , 695563 , -172712
-689022 , 18984.6 , 521952
741911 , -409062 , 259889
-39805.3 , -758774 , -147375
391110 , -367817 , -456224
-411822 , -511839 , 731655
-183436 , -513342 , -720172
254236 , -350959 , -66317.9
-759761 , 74002.2 , 118263
-15903.6 , -903676 , 650253
410221 , 301665 , -502770
1.08846e+06 , -195135 , 132432
-254636 , 362117 , 560046
928627 , -58859.9 , -91795.1
419381 , -404619 , -196423
-915651 , 547974 , 685770
-959417 , -33002.6 , -425272
-218557 , 252898 , 992170
-138805 , -423725 , -124144
594434 , 779929 , -418144
59414.6 , -273211 , -245948
321358 , 181561 , 418756
660509 , -446866 , 931991
630036 , 215976 , -436264
868419 , 7363.43 , 230218
574618 , -157950 , -270585
917025 , -282423 , -122244
219277 , 460411 , 302543
-198977 , -504354 , 684887
-86545.9 , -951819 , -462354
244596 , -203458 , 762048
528305 , 21307.7 , 107186
-262657 , 435480 , -363806
138460 , -281897 , 579168
-293090 , 924084 , -117058
2863.08 , -504298 , 840348
-76626.8 , 334182 , 500247
-574160 , 300545 , 252116
-63171.8 , -299363 , 950560
649185 , 299112 , 299779
-349626 , 30784.2 , 365740
-284616 , -96966.9 , 568656
-45603 , 408859 , 606295
-42723.5 , 494392 , 276920
-245349 , 517041 , -244368
-343400 , 479453 , 13651.9
102004 , 16054.3 , 863866
-634133 , 312155 , -100588
167556 , -851147 , -384529
-540460 , 440537 , -474198
518699 , 623860 , -288655
-458489 , 402448 , 579969
-761555 , -290834 , -128962
-680712 , 201750 , 462129
762015 , 102371 , 496417
-437565 , -71418.9 , 470190
-454292 , 826235 , 698337
89414.6 , -75966.4 , -226746
-396334 , -214496 , 547326
-513557 , -328881 , -130756
601983 , 532128 , 411069
944759 , 94887 , 306511
-750688 , -177009 , 496363
-243513 , 403528 , 322824
-749481 , 64573.5 , 285039
159273 , -35502.9 , 396888
-262033 , -860126 , 197910
56433 , -478820 , -335432
357637 , 461068 , 236512
595174 , 302941 , 675526
282213 , -684415 , 76748.8
34315.1 , 377859 , -274399
63382.8 , -774489 , 503624
207462 , 684256 , -930093
-581041 , 338728 , -513646
342804 , 553370 , -169476
-866469 , -157999 , -374928
-438671 , -76629.5 , 218498
941317 , -4916.3 , 331813
-304941 , 336706 , 23905.3
-270182 , 191785 , 139690
-390833 , -321069 , -703114
-962450 , 302337 , -330956
249495 , -712729 , 468791
349603 , 516664 , 703552
-187848 , -184204 , 182839
842460 , -259975 , 387215
-789964 , -287714 , -453046
51639.3 , 376077 , -348121
103499 , 568642 , 547018
617905 , -882570 , -467656
-296627 , 943232 , -549049
434942 , 296180 , 146309
-664992 , -594845 , 118942
-191559 , -299886 , 68470.4
-946464 , -178043 , -401052
-258597 , 306011 , 751116
-252596 , -371970 , -724523
-496084 , -233815 , -269759
425059 , -255597 , 677804
-169820 , -266281 , 734119
317568 , -153389 , -141265
435836 , -269553 , -386218
-293483 , -194282 , -445116
110371 , 717478 , -511775
-582507 , 64602.7 , -181331
122512 , 505328 , -387592
-197830 , -478424 , 56657.5
474909 , 197395 , 597831
422080 , -646757 , -340757
-58597.4 , 327010 , 423034
71125.5 , 750884 , -277388
-111124 , 315977 , 435743
-171491 , 5204.07 , 266561
-489550 , -386785 , 229840
-264641 , -32442.4 , -816583
-34924.9 , 857977 , 418323
-199688 , 152147 , 624092
-279454 , -561769 , 328198
-247309 , -169200 , 516489
-16692.8 , 157844 , -392921
-32201 , 687553 , 362549
41930.9 , -70754 , -102985
816545 , 311663 , 78835.2
535981 , -341686 , -79799.8
-422027 , 2211.08 , 449016
636566 , 158886 , -440607
-355680 , 360574 , -590788
-389483 , -504704 , -520603
-204679 , -861496 , 602529
-509691 , 1.00757e+06 , 20479.2
-185995 , 152331 , 210231
303337 , -574384 , 756960
-181673 , -770485 , 668136
20459.9 , 535519 , -160991
654562 , 591741 , 582820
-110321 , 833314 , -171451
438152 , 660875 , 88364.9
-519593 , -27358.6 , 631392
-276874 , 717448 , -124374
451963 , 636045 , 14541
644830 , -892480 , -493999
-113461 , -323601 , 19562.1
683985 , -51145.6 , 106898
-495196 , -358516 , 443543
141599 , 954130 , -118333
-296393 , -284991 , 412349
-534856 , 729115 , -441143
200824 , 217459 , 739441
-679237 , -478300 , -186764
306651 , 250973 , -673669
187337 , -604287 , -449394
612606 , -337218 , 482587
310494 , -513478 , -578441
-868881 , -235722 , 315635
-63216.8 , 501365 , 362109
-361885 , 399049 , -198747
709853 , 199657 , -336454
-491149 , 1.02452e+06 , -377621
398245 , -671369 , -10009.4
-311387 , 145968 , 521529
-807781 , -92513.5 , 471862
145680 , 656965 , 250901
665485 , -206511 , -50844.8
-492665 , -547938 , 258679
-136880 , 500669 , 901571
-243436 , -449528 , 98500.8
-612214 , -98580.4 , 1.03787e+06
-166291 , -107975 , -413728
139693 , 911067 , 222317
161317 , -713859 , 589870
-257400 , -76438.7 , -624735
-945665 , -576727 , 276535
-182729 , -689734 , -23982.2
-317215 , -637221 , 435956
257702 , -895747 , -182840
-758082 , 93673.3 , -372371
-838785 , 321551 , -682086
-158258 , -269025 , -132671
543890 , 572566 , 542180
-249356 , -269168 , -612186
2496.25 , 362951 , -646216
-650744 , 618513 , 289884
-362003 , -643796 , 350402
-581847 , 260993 , 555053
605591 , 712710 , 238994
-365033 , -643963 , 538293
-258120 , -198056 , -58467.8
705067 , -425694 , 37685.4
-268952 , 597671 , 805348
133952 , 530974 , 752514
355333 , -160946 , -548717
652100 , -644361 , -338138
436626 , 195550 , -412642
68776.1 , 830232 , -711529
-765596 , 608172 , 120279
83447.8 , -388732 , -691727
43833.2 , 98753.8 , -367862
-606566 , 86179.7 , 136062
557110 , 77614.3 , 22336.6
58398.5 , 617746 , 426105
37848.4 , -67040.5 , 910090
-182240 , 120008 , 334028
-805188 , -377226 , -636773
74505.2 , 675432 , 28310.1
-76107 , 371815 , 167327
-300075 , 78629.4 , -632491
-201541 , 690541 , -185340
236634 , -261977 , -1.25512e+06
334070 , 373234 , 288762
254225 , 959549 , 188141
-309515 , -719242 , -369458
15806.7 , 82470.9 , 546932
-109267 , -470731 , -364605
708087 , 593099 , 211553
322854 , 107533 , -418963
-453124 , 147227 , 231655
-212014 , 208814 , 1.11338e+06
-959263 , 28289.4 , 697901
96175.9 , 688862 , 594043
-484913 , 146034 , -371115
474785 , 461819 , -30512.3
376226 , 886801 , -6070.45
-107107 , -627250 , 19277.6
-244103 , 208272 , -63985.2
203546 , 188590 , -844185
-98470.4 , 184048 , -649362
108998 , 432582 , -689912
-403896 , -562463 , 122916
96911.4 , -213219 , 320148
-112625 , 165385 , -528991
-594753 , -223933 , 302252
-671066 , -503012 , -625422
-9253.5 , -1.02214e+06 , 218599
343099 , -1.16372e+06 , 201413
308863 , 622122 , 361021
200851 , 711092 , 304318
481461 , 137713 , 228143
-105553 , -641692 , -539956
160633 , -38105.5 , -743131
-328631 , -510051 , 678831
561965 , 287797 , 719465
-588124 , 205170 , 443606
-478520 , -377970 , 439276
376034 , 316228 , -227333
-250489 , 290060 , -404061
538421 , -154822 , 458188
-136016 , -633562 , -324276
55659.4 , -413806 , 30664.9
-61519.8 , -450637 , 544282
14725.5 , 609406 , -487881
126736 , 966773 , 125659
-539092 , -439644 , -333183
213202 , -824430 , -9806.25
-200208 , 1651.09 , 662906
-626917 , 452670 , 59628.5
-474101 , -620505 , 772594
309533 , -33836.9 , 324985
460272 , -288082 , 3323.53
-793188 , 171029 , 823386
-687802 , -385488 , -375709
483830 , 787068 , -3545.58
319882 , 179398 , -206585
169347 , 49317.2 , -716398
-930265 , 114752 , 159324
195346 , -331696 , -445024
436636 , 784019 , 438469
-429765 , 958680 , 192691
412954 , -532222 , 604375
-311881 , -535786 , -523126
-512661 , 145488 , -401189
590843 , 589579 , 390811
455428 , 199400 , -774403
-439080 , -230037 , 848345
-397645 , 522854 , 599971
71585.4 , 484490 , 693161
-128132 , 816183 , 258438
-463145 , -586100 , 250692
-172818 , -730141 , -3959.85
-190782 , 961625 , -457985
-4593.66 , 574554 , -78184.5
-187525 , -653963 , 509509
-220070 , -604193 , -662917
-577860 , 44114.7 , 840183
-579889 , 266612 , -326827
771103 , 229211 , 107660
505426 , -326153 , -313109
-695900 , 455158 , 263467
-641723 , 303220 , -460934
-311065 , -118687 , -185159
-185878 , 884801 , -743921
74027.3 , 77484.8 , -890748
-72008.2 , -528419 , -33623
25702.3 , -356787 , -520099
-717364 , -968351 , -440892
534178 , -112843 , -407399
722071 , 670003 , -369440
397364 , -826477 , 102636
904217 , -138035 , -111909
690105 , -389190 , 141221
-118204 , -527591 , -223726
848645 , 439067 , 86022.3
111753 , 22965.7 , -56807.5
-131172 , 694312 , 923694
252002 , -386715 , 630336
122410 , 163345 , 548667
31036.1 , 619288 , -550604
-485542 , -12376.3 , -450080
-581712 , -112305 , -954698
-610280 , 504137 , 310254
-565824 , 73141.8 , 475237
-195667 , 406942 , -319093
-543436 , 437107 , -460498
319436 , -381455 , 1.07993e+06
-646538 , 240123 , 352820
-324918 , 205079 , 533266
20362.5 , 344641 , -138028
225334 , 332207 , 790702
-569008 , -487081 , 87202.9
-312000 , -97932.8 , -24463
527253 , -375947 , 641654
263637 , 480945 , -742181
-186949 , -689757 , -292328
10708.6 , 874714 , -53601.3
-705912 , 168249 , -550896
30565.1 , 497502 , 949048
-53443 , 800980 , -133227
959785 , 197594 , 68845.5
391239 , -226983 , -76029.4
207995 , -521609 , 24605.3
-230765 , 548564 , -567735
-325039 , 604455 , 146257
894280 , 53752.5 , -245878
578008 , -390474 , -622614
-579701 , -179912 , 641715
395420 , -4034.46 , 394882
-54741.1 , -516124 , 638269
-18409 , -515984 , -156873
-5385.79 , 757295 , -3191.94
-252485 , -155857 , 294177
-585009 , 714562 , 695172
-662672 , 588167 , 186246
379808 , -874159 , 305843
490734 , -216613 , 442883
-16445.5 , -120320 , -701552
557897 , -484222 , -545031
276738 , 299965 , -83795.5
-329550 , -316999 , -383741
-292604 , 642246 , 426287
502536 , 248941 , 87195.4
108041 , -1.00617e+06 , 653726
129968 , -657439 , -564904
335812 , 503487 , 122715
123835 , -519125 , 43288.7
-462099 , -293200 , -1035.03
139225 , -643895 , -719669
299357 , 178878 , -639698
-602945 , 17925.5 , 201563
400083 , 382490 , 570709
501498 , -86675.2 , -202388
342968 , 729024 , 352830
-338761 , 556223 , 688211
-333808 , 680335 , 517625
349034 , -600315 , 133521
-459957 , -232374 , -205103
-989771 , -160344 , 311512
-866127 , -4760.35 , 77874.3
1.07194e+06 , -31828.3 , -116006
-731910 , -195098 , 686871
59445.6 , -33096.3 , 1.15107e+06
-53987.9 , 303564 , -218984
-246017 , -500728 , 748916
404043 , -375841 , -675244
76865.6 , -22476.9 , 36523.4
-147409 , 64545 , -935131
463464 , 696466 , -405730
1.11646e+06 , -199138 , 43438.1
177418 , 183869 , -814416
-543486 , -295302 , 12246
-350713 , 414558 , 349458
-190645 , 950222 , -273323
-656464 , 249865 , 326456
-608699 , 384396 , 841713
561221 , -23144.4 , 283513
89099.8 , -694241 , 211151
-757294 , -444610 , 83914.9
497739 , -715614 , 132415
-71868.5 , 27969.9 , 833709
380982 , -83816.9 , -124384
-188081 , 35317.8 , 636371
44989.4 , 516585 , -352266
-57943.1 , -70333.7 , -132550
736758 , 446086 , -778436
-78334.7 , -209601 , -356444
-125204 , -687393 , -344491
-343628 , 128314 , -642766
-209750 , 322023 , -217873
287678 , -158602 , 58999.3
498765 , -500763 , 33425
389263 , 43021.2 , 364210
-184390 , 702681 , 623020
185220 , 402744 , 462575
-841566 , -464033 , 377411
524384 , -305731 , 138126
-670320 , 16218.4 , 749279
428772 , -259127 , 671808
547788 , 127649 , 42971.5
-352613 , -649894 , 718904
-266642 , -135169 , 332036
-625862 , -1.05692e+06 , 238362
539036 , 324202 , 290443
-129009 , -754163 , 125923
-72486.6 , -322134 , 906562
114011 , -491975 , 625775
604495 , 436266 , -601706
-830232 , 664528 , 186875
-375392 , 39916.5 , 293751
-72448.3 , -572068 , 68873.5
178997 , 558653 , -634358
44356.5 , -321168 , 1.34091e+06
356113 , -416247 , -221005
316358 , -93866.5 , -498376
-670150 , -620968 , -92591.2
-52847.1 , 336327 , 316290
-50487.9 , 561087 , -853532
169292 , 224483 , 312434
611671 , 215442 , 256018
361585 , 30018.3 , -634660
-135318 , 167363 , -494822
566677 , -217422 , 349093
-467903 , -18793.4 , -91717.8
-1.00191e+06 , -314587 , 331795
-231110 , -659030 , -27132.9
-331219 , 342667 , 98472.6
119175 , 333718 , 71062.9
-192633 , 317520 , -30422.4
395700 , 597255 , 664914
-292968 , 515057 , -71589
650198 , -46747.1 , 381910
222234 , -628623 , 480119
329745 , -566273 , -247235
-602709 , 545344 , 263994
151470 , -334198 , -323802
-349026 , -404360 , -277533
-826254 , 27034.4 , 438941
799260 , -711510 , 273061
-148002 , -241194 , 434075
295053 , 233619 , 276029
-380068 , -466716 , -715074
320020 , -208610 , 269701
388485 , -504598 , -244615
-257930 , 466533 , 210160
257838 , 145988 , -634877
-546655 , 676649 , 66809.8
-304530 , 622568 , 882988
3518.41 , -1375.17 , -530047
-23183.1 , -255028 , 66269.4
393654 , -291965 , 156130
927788 , 446002 , -663650
145948 , -905201 , 346816
-89387.1 , 881752 , 370633
-471811 , 492735 , 320963
-158391 , -583481 , 91727.3
-490726 , 466837 , 31744.8
249432 , -391639 , 657837
127844 , 945373 , 255109
-165477 , -739321 , -192826
238984 , 557086 , 513058
164499 , 231983 , -749811
126409 , 427662 , 806000
600887 , -215749 , 829553
778115 , 135073 , 435116
-706651 , -631241 , -319722
-19800.4 , 469454 , 280808
-689314 , -765612 , 550865
51001.9 , 253192 , -438052
-159298 , -709629 , -449229
-95469.3 , 186905 , 482387
608374 , 383516 , -330921
-102546 , 726933 , -353804
-127405 , -339873 , 42732.8
509648 , 281831 , 154997
-23548 , 366627 , 569547
-742334 , 528239 , 451263
380992 , 119847 , -646488
-167769 , 15264.9 , -339266
-322974 , 833851 , 664133
-326238 , 406392 , -314052
52841.2 , 194339 , 110586
260470 , 307382 , 797254
-25296.2 , -161230 , 898323
364833 , -641937 , 266788
124788 , 792228 , 398851
328713 , 793809 , 290417
-679989 , 200897 , -110861
-859014 , -211644 , 258303
393052 , 382871 , 30590.6
40268.1 , -840912 , 2053.6
96583.7 , 681837 , 432774
477003 , -46060.7 , 255651
-319307 , 183295 , 706524
-422099 , 434331 , 256035
-777363 , 126681 , -501586
45705.7 , 357387 , 467440
-383222 , -557229 , 130157
-469208 , -841361 , -644105
901695 , -140864 , -531151
-69474.7 , -313782 , 33363.3
-68342.2 , 942088 , 533611
39079.3 , -282969 , -49270.1
337110 , 28814.4 , -477651
39109.3 , 1.09973e+06 , 278928
542397 , 26142.6 , 509889
722659 , -188109 , -526778
184425 , -103835 , 576951
-533835 , -262858 , 372600
-165428 , -353063 , 239033
-777222 , 147278 , 100916
-648649 , 135596 , 314862
471495 , -121849 , 324032
458462 , 60041.9 , -9978.09
-89853 , 112565 , 512954
-589644 , 18547.6 , -626052
790574 , 517920 , 37894.6
-358144 , 179957 , -54305.5
-703393 , 325731 , -249203
-295617 , 432060 , 403601
-518706 , -695971 , -422380
-622680 , 476199 , -554070
-156287 , -89055.2 , 211428
137047 , 355923 , 541370
-458415 , 402507 , 86184.9
-468683 , 480499 , -379738
-451955 , 139798 , -453809
-94521 , -601834 , 174093
257779 , -786015 , -60199.1
313098 , 113966 , 397144
-21581 , 366287 , 646488
-658298 , 4190.17 , 849809
238076 , -98602.6 , 660725
-515994 , -307849 , -254555
66167.3 , -559854 , -470975
-429986 , 153476 , 120778
185475 , 449767 , -36199.2
554087 , -67471 , -330380
-168211 , -442029 , -606112
731150 , -307351 , -532713
-494746 , -1.04852e+06 , -199703
97957.9 , 524298 , 329501
671524 , -556661 , 297184
-259995 , -494524 , 109943
-713274 , -429779 , 77626.5
-322990 , 87744.6 , -638470
-37557.1 , 204771 , -135093
183308 , 1.03148e+06 , -50486.4
-40411.9 , -188326 , 268577
-201334 , 735466 , -606272
330667 , 631531 , -571196
-916718 , 260993 , -100340
886030 , 264294 , -348282
581952 , -444040 , 847665
-516935 , -142678 , -92771
-438710 , 541063 , -457319
632725 , -560859 , -604466
-541230 , -415908 , -618221
911675 , -299562 , -493954
-412775 , 59234.8 , -983477
-484952 , 648162 , 578477
600636 , -488710 , -442631
-697793 , -665666 , -696957
-750576 , -199602 , 408767
-54579.5 , -771910 , 365032
398755 , -510997 , -218567
1.09751e+06 , -18278 , -386179
-381566 , -556119 , -330090
-264076 , 84484.7 , 288777
-543744 , 1.01937e+06 , -304411
347341 , -98934.3 , -290306
-397657 , 595361 , 738929
437728 , -362072 , -616789
-227681 , 1.01817e+06 , 286219
612597 , 466975 , -422218
958157 , 221799 , -36241.6
-175368 , 191709 , -74602.3
344576 , 153775 , 664253
962711 , -552199 , 11185.2
842812 , -95384.6 , 351031
-547146 , -168910 , 20084.7
-75380 , -81067.9 , -805610
442872 , 528510 , -207171
-498442 , -120028 , 444308
779334 , -324700 , 98217.5
-187773 , 455096 , 292276
-601861 , 404167 , 184491
-542699 , -540356 , -427334
-835055 , 70690.1 , -675032
595980 , 268959 , 99831.1
-27075.8 , -530324 , -568590
-239039 , -257063 , 514111
-149796 , 342624 , -364871
257830 , -836593 , -23949.1
791994 , -397227 , 147427
115456 , -165084 , 1.04867e+06
38215.2 , 736371 , 389750
235262 , -6102.64 , 726846
-264230 , -166082 , 22266.7
-223146 , -75069.7 , 258244
479030 , 469060 , 113954
359286 , 106420 , 429593
886230 , 708946 , -194160
429869 , -568542 , -215750
-898810 , 214908 , 28401.6
300128 , 237785 , 4553.11
798035 , 230651 , -496347
-454788 , -136342 , -347816
-221766 , 93898.3 , -464078
27259.8 , -216303 , 850405
130049 , -736985 , -702877
-384571 , -4034.68 , 360708
-109187 , -486867 , -653925
121105 , 30220.9 , -595522
-83120.3 , -304531 , -442897
573007 , 257861 , 401068
-453051 , 368736 , 98954.8
306892 , 465963 , -73368.8
-137462 , 409429 , -279592
433829 , -33395.6 , 74931.4
525863 , 3773.11 , 434740
-609414 , 476176 , -79134.3
143772 , 345718 , -112278
-614311 , -111997 , -943512
-597532 , 6239.55 , 645739
479489 , -291859 , -99212.9
-468930 , -691041 , 116417
229237 , 137403 , 437669
-595904 , -70067.8 , -239224
-149236 , -75513.2 , 689735
-198421 , -191966 , -627608
321736 , 854551 , -217500
60366.9 , 156915 , 729930
-393172 , -231283 , -243344
496736 , -33334.1 , -445274
-470673 , -86443.8 , -195804
499291 , -240460 , 421001
925826 , -212791 , -40675.9
643569 , 323219 , 337431
1.13809e+06 , 169650 , 175278
301828 , -586854 , -246550
-154205 , -715897 , -421584
-72435.2 , 237135 , -1.02546e+06
-274152 , -425110 , 159926
192889 , -218797 , 353462
-455566 , 27001.2 , 522954
-347490 , -111486 , 921839
194891 , 509947 , -204804
400909 , -575029 , -412819
-37758.7 , 42527.5 , 562598
-139620 , -741009 , 411770
-39624 , -427650 , 192473
55338.4 , 354123 , 61208.2
-489350 , -821957 , 2121.13
-35489 , -439845 , -16144.6
693882 , -521007 , -358544
-211697 , -259759 , 363941
338144 , -276603 , 473175
-366575 , 95310.9 , -368759
1.05864e+06 , -137258 , -185997
36569.8 , -386394 , 761177
-664.54 , -221605 , 1.12702e+06
-94235.8 , 380518 , 370505
-638412 , 338978 , -310940
551603 , 488305 , -758629
67828.9 , 91155.3 , 115065
-432549 , 512305 , -150268
-274460 , -232125 , 814497
-246089 , -56543.6 , 589581
587392 , 585856 , 361602
-818805 , 179339 , -96892.2
-272872 , 730576 , -471286
-559293 , 540019 , -657788
350660 , 845542 , -64524.2
259491 , 183304 , 365146
165086 , 325320 , -551857
-339752 , -733259 , 344882
-299745 , -762948 , 15019.3
28779.2 , -275383 , 766001
655971 , -675912 , 394818
206757 , 511383 , 273657
-241924 , 736461 , 336525
521652 , -287926 , -364940
502736 , 164849 , -876237
291107 , 400499 , 400380
-280725 , -84483.4 , 29778.1
-125051 , 2282.18 , 381081
-125142 , -102121 , 617832
-20572.7 , -366279 , 278771
-520427 , -446964 , -105535
-649010 , -657519 , -338823
-63809.1 , -553700 , -460523
-917210 , 135503 , -403835
-762559 , -311341 , -70856
524787 , -204704 , 564347
-23571.3 , 231223 , 661291
299419 , -678279 , 341654
-657187 , 530282 , -38669.7
258266 , 295359 , -787164
-407061 , 7296.78 , 639841
-214280 , -376093 , -712714
-130265 , 126030 , -370033
-885179 , 28111.5 , -204201
139308 , 520655 , 262895
-158951 , 10688.3 , 150809
22075 , -735141 , 250716
-493456 , -200693 , 458743
-172748 , -285843 , -528136
631703 , -600081 , 499900
45210.9 , -438516 , -122831
266979 , 699919 , 568415
-645630 , -637028 , -310943
234217 , -107152 , 552198
520850 , -322407 , 261149
233693 , -515893 , -979665
9639.82 , 166968 , 659967
-442222 , 661355 , -141370
-262625 , -972549 , -111473
662470 , -564924 , 327438
-318843 , -254651 , 969720
-284457 , -13115 , -1.05286e+06
-454706 , -363456 , -970652
-129783 , -826552 , -37705.4
504687 , -67772.3 , 655627
-619949 , 151476 , 99441.2
-146798 , -455306 , -538803
-647973 , 725589 , -610111
224171 , 129686 , 410123
-260819 , -122125 , -385631
686419 , -538106 , 384969
709139 , -423297 , -54084.9
214012 , -117440 , 793496
497901 , 22343.8 , -266183
48620.3 , 108594 , 355259
278585 , 105184 , -432719
58525.8 , -412493 , -207670
-373253 , -878153 , -55498.1
-306161 , -223674 , -728468
61836.7 , -942992 , 17657.8
377831 , -170233 , -687909
593374 , -43216.2 , -271965
876759 , 301525 , -344974
-200916 , 869028 , 99102.1
-264454 , 625032 , 164453
326931 , -514645 , -29750.7
-531613 , -83604.7 , -765645
-311949 , 461575 , 187075
25139.9 , 81493.6 , -341159
392541 , -187388 , 10803.9
-443982 , 536320 , -326059
29333.6 , -813690 , -101485
-421788 , -405226 , -407724
-794559 , -527615 , -612013
265658 , -538829 , -226598
813746 , 161024 , -28030.8
-602448 , 827920 , 273506
565466 , 176595 , -369886
525932 , -134779 , 212177
-258018 , 178242 , 23511.7
-135287 , -157357 , 349015
-433436 , 7745.55 , -253250
1.03756e+06 , -405252 , -79337.7
-323461 , 353901 , -741183
341139 , 144880 , 941269
-11080.6 , -387207 , -428631
123267 , -325568 , 3062.17
779283 , -178052 , 3463.32
253458 , 475529 , 207636
-269553 , -14028.3 , 439355
263432 , 806841 , 439718
-142965 , 9699 , -132870
934903 , -821364 , -150393
411036 , -907105 , 661098
93746.9 , -98472 , -510763
-153191 , 55592.5 , -23834.2
346928 , 55443 , -130304
-351405 , -238426 , -100823
-341452 , 75439.7 , -474774
-103705 , -21845.5 , 205193
-430842 , 311119 , -669364
-621555 , 311035 , 949347
-113604 , -580880 , 314073
303109 , 207453 , 327947
449346 , -393062 , 50034
367193 , -466005 , -334675
154947 , -237509 , -68152.1
-222102 , 291924 , 16591.6
-394789 , -656234 , -7052.25
663741 , 275712 , -1587.48
-472194 , -447545 , 19469
466328 , -361687 , 136278
34371.6 , 120338 , 265732
-4002.92 , 186052 , 758315
-34516.3 , 826212 , -78529.9
189722 , -74275 , -253322
43326.9 , 736850 , -232380
-168195 , 85751.8 , 310564
-344302 , 70667 , -792389
-50191.9 , 291465 , 794858
344027 , 53290 , 757461
-631620 , 531703 , 555882
-533696 , 329542 , 310113
497282 , -214371 , -523657
-231197 , -134593 , 119148
151760 , 613473 , 309027
-1.01227e+06 , -431619 , -334188
34552.2 , 299634 , 632008
-1027.99 , 114597 , 813334
460720 , -993727 , 41944.5
-674225 , 605384 , -120472
-576268 , -65700.9 , 622586
-896491 , 115109 , 203098
318511 , -745222 , -105896
-187850 , 139305 , 572828
798792 , 452866 , -414913
315683 , -758693 , -509538
-250325 , -187221 , 740360
-316928 , 477483 , -293177
261646 , -459218 , -62879.7
253039 , -885561 , -373976
174232 , 344762 , 153444
729357 , -45462.8 , 619845
-774508 , 520719 , -328578
-413648 , -647194 , 10332.2
6597.17 , 47837.4 , 430352
-217233 , 331174 , 842047
465719 , 570359 , -473876
-699888 , 372957 , 777503
722208 , 25527.3 , -426694
-102082 , -237357 , 533528
771143 , 389403 , 341952
-270195 , -100441 , 395096
699796 , 704729 , -271598
-153077 , -243688 , -17296.3
108086 , 951291 , 678506
-443507 , -6460.23 , -820244
-511759 , 703391 , -91834.1
-392488 , -287950 , 685112
344943 , -380204 , -904683
439161 , 62830.3 , 586036
-420165 , 657394 , 132732
-479680 , 1.05947e+06 , -343901
-124754 , -572168 , -103756
-395362 , -381369 , 44746.3
-84829.8 , -289851 , 1.18695e+06
-131191 , -127797 , 982141
-366892 , 832315 , -160333
-260075 , -243848 , -278609
255116 , -162465 , 127052
-454310 , 737503 , -620704
-4217.17 , 224932 , 854770
-342354 , 195870 , -720715
-372229 , -28544.7 , -197316
44676.3 , -717045 , -443388
-206133 , -369474 , -532961
-120750 , -236923 , 215143
-483759 , -464743 , -364916
-315267 , 300233 , -570385
-296330 , -430990 , -498903
-404417 , 168285 , -168436
532108 , -286750 , 149733
-806846 , 469300 , 52239.6
-395378 , 31285.6 , -28390
163845 , 329013 , 540622
-308770 , 900601 , -120688
-490685 , -433992 , 286944
-592179 , -577811 , 17276.5
441703 , -549526 , 606193
104307 , -130871 , -73118.9
-369154 , -225216 , -516432
-394100 , -312348 , 678333
405108 , 278719 , 83266.2
-323418 , 96178.1 , 584346
-310585 , -323022 , 86124.4
-430566 , 422607 , 274333
-342316 , -526948 , 177004
722985 , 582765 , 309044
22837.1 , -76193.5 , -553544
-77641 , -66523.6 , -836929
294062 , 87676 , -199401
-425848 , -259491 , -644602
-41023.9 , -485569 , 672948
-295467 , 378408 , 1.00816e+06
277919 , 619825 , 391384
765485 , -190118 , 177270
427363 , 510544 , -169197
-725173 , -219368 , 152610
-733314 , -317371 , 540745
-234232 , 312459 , 1.11656e+06
109486 , -192273 , 440548
-151272 , -409523 , 327087
-164671 , 854864 , -103121
48767.8 , 186592 , -910379
-338260 , 210037 , 583326
545093 , 67234.9 , -263589
-33917.1 , -785064 , -865873
-431513 , -551904 , 540216
-155246 , -639162 , 541535
582587 , 219232 , -112697
579037 , 877770 , 301335
301141 , -280754 , -860509
312163 , -996704 , 245424
-625992 , 460353 , 429205
202509 , -689598 , 503256
118697 , -452747 , -1.25045e+06
178836 , 38678.2 , 473079
-46671 , -247228 , 275037
-478875 , -1.06669e+06 , 151948
-249608 , 131193 , 561301
138393 , 553505 , -260064
54924.7 , -303683 , 629875
-118469 , 305083 , -655133
147465 , 1.25232e+06 , 126540
-467793 , 63221.6 , 188370
-130723 , 2884.89 , -732698
-578960 , -766036 , 370359
163691 , -465927 , -740960
236602 , 564832 , -315400
-487155 , -589596 , 680725
29280.5 , 31398.9 , 267115
-644753 , -290810 , -263467
797684 , 324622 , -495192
69933 , -447300 , -434588
-134803 , 156545 , -809819
-842757 , -243259 , -343976
158620 , -346680 , -191268
-774337 , -231918 , 681264
-535982 , 920431 , -250881
-89137.9 , -364623 , -204051
982155 , -390022 , -248347
-15336.9 , 58453.9 , -894205
-499290 , -650341 , 322826
850406 , -630621 , 103361
401529 , -257889 , -37090.8
-382359 , -687526 , 762629
-167098 , 517984 , -183879
-352862 , 520546 , 779722
838706 , 53204.2 , 500044
-79595.2 , -434737 , 1.052e+06
78977.7 , 140069 , 945063
-205473 , 580094 , 551804
-632692 , 247613 , 169207
112774 , 525668 , -233324
-456889 , -27404.1 , -11033.4
-445400 , 491235 , -586174
194634 , 144460 , 831618
332146 , -548439 , 258603
474406 , 677572 , -74231.7
-452441 , 489333 , -427925
-288007 , -126193 , 547602
-388539 , 258261 , -37108.3
36294.8 , -207527 , -552246
597698 , -91266.7 , 61281.9
-701686 , -541740 , -117178
-473694 , 164656 , -214201
-347417 , -48785.5 , -654707
504959 , 379654 , -642113
-13666.4 , -527178 , 272844
987016 , -472453 , 402730
521653 , -681260 , 777374
173237 , 324512 , 478733
-148442 , 228295 , -1.12131e+06
770768 , -358141 , -344828
92991.8 , -385544 , 148561
-274520 , 258630 , 708005
103708 , -1.0038e+06 , 50919.8
18099.2 , 479444 , 146075
450521 , 408267 , 848813
744151 , -458121 , 110738
587895 , -12832.8 , -147666
190426 , 239408 , 275270
150337 , -847494 , 653618
495953 , 5682.15 , 416191
188134 , 69775 , -216454
-37805.7 , -216908 , 441930
-440982 , 81735.3 , -210151
177845 , -121055 , -284344
373764 , -660735 , -40667.4
-247338 , 41833 , -652781
469683 , -150342 , 395376
-62016.1 , 424745 , 659816
-886923 , 496857 , -393325
-61169.1 , -934472 , 42876.9
315295 , 24346.7 , 152085
-652358 , -61780 , -832415
-333067 , 369574 , -882780
-53517.6 , -296847 , -213091
-125044 , 620540 , 526131
-91142.9 , 99496.1 , -562495
665324 , 87479 , -115778
142927 , 32338.4 , -306961
113485 , -694460 , -295097
513339 , -234241 , 129157
390207 , 329761 , 110795
328941 , 20361 , -300587
45683.4 , 166175 , -180528
127232 , 592395 , 590882
934841 , -199504 , 91271.6
103292 , -125545 , 249198
-58022.4 , -161388 , 472378
230292 , -100455 , 221339
476190 , 617824 , 102155
-418491 , -271030 , 84549.1
-377052 , -354862 , 207677
-49944.6 , 36232 , 505993
-189649 , -124635 , -322670
745782 , 569160 , 259773
-445631 , 71259.1 , 577622
392459 , -814390 , 94392.6
-974940 , -305540 , 476308
-406751 , -22245.1 , -180096
5654.79 , -104550 , -1.03353e+06
1.04287e+06 , -265324 , 49048.8
-344822 , 296290 , 74713.3
-1.03336e+06 , 77372.5 , -419317
-142185 , 35274.1 , 1.02206e+06
-573188 , -224917 , 150429
175112 , 932122 , -340746
573113 , -159907 , 885729
694638 , 123756 , 672285
-363701 , 491220 , -243215
96034.9 , 459338 , -602294
-812233 , 126268 , 36199.7
-217676 , -212013 , -15279.1
-73900.8 , 71159.3 , -364092
692819 , -461996 , 210042
-283360 , -81179.4 , 116864
324623 , -130090 , -244410
474597 , 535114 , 374202
-7525.97 , 1.02401e+06 , -76992.8
-564404 , -152053 , -725529
14613 , -936117 , 511667
-104511 , 38815.5 , -453311
128206 , 211921 , -219529
-625142 , 866905 , -656125
-354889 , 807260 , 413138
207076 , -64754.1 , -156018
-261916 , 427284 , 18522.6
88781.9 , 76571.5 , 17102.5
316777 , -71835.8 , -623555
-530247 , 3366.2 , 916333
-244242 , -571858 , -567195
-565265 , 453336 , -669957
-635427 , 685463 , -197912
453261 , 60583.4 , 730995
-100744 , 427140 , -489410
-112348 , 92856 , 8479.72
-705954 , 35342.9 , 175675
-674040 , 544298 , 523478
219397 , -233797 , -470590
685767 , -767660 , -16259.9
-112943 , -523085 , -537163
930006 , -133225 , -7092.36
458107 , 578197 , 788095
-371154 , 674490 , 480425
462508 , -171913 , 198503
-168935 , -12473.1 , -760002
634467 , 451915 , 361131
150795 , -933076 , 837176
-475146 , 441439 , 134391
171965 , 807468 , 238979
197757 , -367531 , 571067
-24315.1 , -295411 , 709306
-443068 , 494640 , -452788
-804968 , 327120 , 282094
75026.6 , 400967 , -347220
-494246 , -396636 , 48641.7
197991 , -350542 , -218346
-150296 , -459030 , 31343.8
85037.8 , 698004 , 44228.5
-34104.9 , 736509 , 150667
387713 , 228328 , -806327
41236.7 , 395143 , -774593
400840 , 295091 , -598921
-25465.3 , 10700.5 , 791488
-619641 , -579644 , 364980
166834 , 552817 , 149056
-356308 , -84155 , 269531
679262 , -39328.3 , 199407
717104 , -87301.6 , 279310
-370504 , 55121 , 836899
-215929 , -57586.2 , -846859
-12206.7 , -848532 , 176543
18043.1 , 784205 , 32571.1
980054 , 161907 , -321877
494613 , -616152 , -154230
51844 , 148620 , -70568.7
-462608 , -130118 , 466787
510235 , 367869 , 749301
-253677 , 246252 , 240888
208920 , -226663 , -715418
-773193 , 351709 , 245529
72428.4 , 728669 , -712106
472883 , -208492 , 34851.1
72074.7 , 610791 , 22320.7
-243735 , 537429 , -800015
549861 , -323682 , -21395.8
-135901 , -11452.1 , -626670
-568046 , 401647 , 10770.3
620134 , 648122 , 320611
531495 , -215070 , -305665
35104.4 , -560188 , 307101
913917 , 63019.2 , -69105.3
547057 , -127701 , -137876
-235332 , -346189 , -389673
504842 , -512669 , -558816
129269 , -723207 , -246206
276614 , -552826 , -405816
62502.8 , -194373 , 678849
-447903 , 192116 , -40518.1
-36006.1 , -936486 , 42127.2
-473816 , -587437 , -509663
-475576 , -564748 , -29060.5
-590927 , -124248 , 49255.8
147541 , 608323 , 55373.3
34324.7 , 1.04985e+06 , -51530.8
1.07493e+06 , -26692.7 , 753734
37687.8 , 46082.8 , -94794.3
679405 , -290199 , 213922
306569 , -595606 , -315826
-187873 , -427880 , 466943
-3289.67 , 706367 , -539651
-483639 , -337266 , 270744
-355876 , -465052 , -390233
-209473 , -1.03158e+06 , 399761
-14259.4 , -709640 , 669324
-277629 , -147876 , 149530
92219.7 , 119984 , 246473
-16121.1 , -24952.9 , -41542.8
-246709 , -121576 , -781286
-407843 , 308161 , -39810.9
-511157 , -23672.1 , 728786
-744372 , 27924.6 , -409521
-286442 , 469705 , -114294
-737082 , -201759 , 604458
95219.6 , -441856 , 100662
-155835 , 184366 , -171393
20646.4 , 299710 , 614993
487447 , 500584 , 16351.1
109730 , 605424 , -235895
47079.8 , 372965 , 307977
375547 , 308342 , 566185
94148.7 , 186127 , 241503
-8395.88 , -73631 , 855088
572776 , -666980 , -75903.1
-867684 , -161349 , 372409
573559 , -242338 , -231260
-619307 , 643604 , 141488
-1.09736e+06 , -721232 , -217744
811677 , 436388 , 658721
-351703 , -168629 , 1.11449e+06
-315700 , 441661 , 438909
257697 , 498720 , 709878
653820 , 521918 , -176746
275248 , 941537 , -437160
768671 , -587201 , 108829
-746049 , -222511 , 155826
501911 , -719142 , 98881.6
154699 , 380465 , 471508
-631258 , -444614 , -431030
-141169 , 507964 , 311584
518693 , 596223 , 502148
-315766 , 566479 , 259749
595557 , -573518 , 32471.9
-197195 , 63308.5 , 680213
-91470.2 , -458663 , -29225.7
828657 , -294995 , 198477
229767 , 303127 , 432418
-217741 , -194388 , 776236
330320 , -134544 , -488793
582200 , -393138 , -387448
-278130 , 80751.3 , -920769
-123294 , 761059 , 18137.1
-698946 , -391733 , -159571
-56987.7 , 479069 , 180418
318517 , 352801 , 46450
308771 , -192889 , 19842.3
-9181.07 , 840530 , -331224
-710117 , 983205 , 248152
460489 , -274892 , -93298
255509 , -599081 , 105763
525014 , -337466 , 148259
830134 , -398328 , 197719
-302876 , -316093 , 643431
-36311.9 , -579701 , 671114
-67676.3 , -497288 , -142672
489143 , 88654.3 , 865456
-276797 , -604267 , 237811
1.15074e+06 , 133095 , -110938
-332394 , 242355 , 296222
-19657.4 , -484923 , -845316
318542 , 36442.7 , 923787
-172817 , -144135 , -809363
865911 , -481485 , -205842
-74380.9 , 413014 , 138607
413064 , -629264 , 474134
459148 , 1.14186e+06 , 113279
235776 , 262106 , -238150
492.144 , 954367 , 574356
-460849 , 514256 , 140608
497146 , -32049.5 , 57831.2
522268 , -675627 , 303437
295185 , -658636 , 708792
-568263 , 578441 , 264793
-327978 , -396937 , 721313
583007 , 622420 , -636179
1.0282e+06 , 170180 , 396178
-419025 , 212530 , -968910
423748 , -417128 , 260441
202556 , 648676 , 328066
166799 , -440484 , 270814
-615669 , 546881 , 696007
-399182 , -70903.5 , 54754.4
587984 , 645584 , 410188
332824 , -628668 , 182096
-407884 , 606067 , -567666
80628.4 , -929697 , -97891.3
-156265 , -530727 , 103026
286449 , -187286 , 15000.3
208072 , 112886 , 260887
337828 , 208135 , 372572
445320 , -320883 , -616549
110132 , -303564 , -28739.2
529862 , 1323.49 , 274886
559332 , -142933 , -11096.5
-487555 , 17729.3 , 386493
-390109 , 322679 , -558682
-373935 , 277191 , 254530
-476218 , 403609 , 744532
61704 , 236183 , 115976
601874 , 328999 , 783160
-368622 , -80349.6 , -775637
-74849.5 , 417382 , 765768
761135 , 158953 , -80226.8
280129 , 105889 , 174919
-211574 , 514515 , 135900
94766 , 622119 , -478391
-31383.2 , -211623 , -529508
606945 , 310142 , 113344
-181355 , 10344.4 , 704528
-405305 , -1.00308e+06 , -800289
-1.03015e+06 , 293467 , 609658
391206 , 134875 , 912275
-65071.8 , -867571 , 72514.5
-860894 , -443143 , -600523
996828 , 110644 , -530377
-6876.12 , -241824 , 629608
319803 , 578494 , 249094
-30835 , 209268 , -4793.9
341236 , 246712 , -345100
689595 , -224346 , -445694
-290832 , -887345 , 133283
818672 , -302001 , 929542
-42835 , 365876 , 648179
-1.08959e+06 , 116353 , -185552
279275 , 386018 , -1.11196e+06
-389151 , 248724 , -240026
-20705.5 , -816155 , 2749.48
558265 , 647189 , -76211
-381595 , 136506 , -629184
847590 , -308688 , 177715
111007 , -383481 , 953779
-560208 , 21184.7 , 772748
238505 , -555650 , -623486
-435423 , 716739 , 204822
57429.2 , 1.21674e+06 , 414810
-908523 , -318294 , 105957
255982 , 489488 , -159873
-889947 , -178531 , 319285
-133955 , 167270 , -39303.1
134103 , -167296 , -119435
-74126.9 , -577459 , 687407
416896 , 739740 , 244586
390113 , 749894 , 75438.1
-341015 , -59285.2 , 148472
521416 , 499209 , 125888
748139 , -347725 , -547348
368220 , -183296 , -839388
134546 , -641304 , -590511
-301859 , 60056.6 , -199648
-208484 , 14966.9 , -408014
3732.95 , 144799 , 187291
-825702 , 538389 , 932363
260031 , 319438 , -436867
143068 , 242161 , 248235
263272 , 415642 , 600707
31164.5 , 17477.9 , -595800
1.13576e+06 , -148840 , -160065
506812 , 436038 , -427977
-49837.7 , 544578 , 136449
-107912 , 921714 , 471568
-472363 , -871866 , -229046
349381 , -470561 , -248538
-570851 , -652589 , 219387
-245444 , -28831.7 , -128256
-326150 , -439959 , 483520
59814.4 , 705400 , 230363
-112287 , 232938 , 364306
-35766.1 , 981250 , 353355
433728 , -404690 , 636269
-835768 , 552586 , 160165
188801 , -275382 , 185084
198705 , 326440 , 920128
188936 , -372470 , -83236
369553 , -383863 , -563750
-234807 , -81243 , 641429
-424000 , 11413.1 , 309573
160144 , 471034 , 558323
-568659 , -603273 , 20558.8
-314175 , 309153 , -403430
325616 , 885721 , 316932
346626 , -866478 , 624090
-661391 , 266977 , 702870
12669.7 , 332508 , 295915
371236 , 182613 , -455576
512319 , -103782 , 701266
1707.56 , 469974 , -727472
256715 , 657815 , -343552
-493905 , 140112 , -388503
-450571 , 299100 , 495770
75625.8 , 596059 , -137966
588321 , -207621 , -711383
-487409 , -549982 , 553439
79213.2 , 153415 , -458391
75492 , 20748.2 , 854433
-614604 , -153539 , 23525.8
-68898.4 , 892116 , 160113
-132903 , -270475 , 198669
138837 , -146714 , 664924
587901 , -291818 , 648998
-176177 , 383421 , 175590
-405549 , -374644 , -1.04048e+06
-153560 , 261451 , 925503
-620965 , -25686.2 , 807592
584165 , -221443 , 563049
372057 , -372903 , -42861
-825960 , 103305 , -294019
86506.7 , 227534 , -82066.9
201036 , -867222 , -103406
374002 , -294652 , 167704
315194 , -132261 , 239875
-71926.6 , -241913 , -754380
658467 , 96984.8 , 609734
522748 , -527479 , -873717
143223 , 123624 , -102021
71299.4 , 525896 , 361213
60644.8 , 178017 , 132528
322696 , 549864 , 193424
493315 , -37817.6 , -274411
-134868 , -187899 , 621099
385680 , 67644.6 , -188314
-630715 , 485475 , 243803
-477382 , -639949 , -803106
-28237.5 , -60226.8 , -164130
81327.9 , 395134 , -408408
-800804 , 463353 , -502302
361356 , 879780 , 9955.25
634173 , 69633.3 , 46906.4
-743110 , 70114.2 , 377297
786115 , -401998 , -105212
646744 , 252563 , -27637.1
349864 , -509646 , 725100
472125 , -124680 , 641057
35808.4 , 288310 , -596435
12846.6 , 775705 , 245678
220680 , -600811 , -278784
341653 , 115574 , -544304
-160917 , -741414 , 213523
-866178 , -59698.4 , 589220
55936 , -732374 , -347788
145227 , -555270 , -693553
-462097 , -212123 , 234283
-292757 , 206188 , 520949
-1.07018e+06 , -283162 , 99368
374060 , 30828.9 , 695505
938471 , -501453 , 250725
-198059 , -506895 , 500780
-561437 , 825932 , -70132.5
-423206 , -388961 , 616866
-338399 , -485976 , -557368
-367348 , -820533 , 14178.5
327544 , 608883 , 355987
-404119 , 148890 , -402772
98154.2 , 591998 , 567830
73581.3 , -220701 , 714050
572104 , 51611.2 , 808397
-155782 , 910079 , -249223
-258437 , 244425 , 190055
386448 , 311187 , -364279
673335 , -605941 , -583937
249184 , 538554 , -475953
455579 , -762354 , -281894
-378599 , -616680 , 400182
-870853 , 112641 , -272732
63806.8 , 615686 , -103640
-115384 , 131826 , 623794
-138075 , -296425 , 68792
1.13684e+06 , -169998 , 290178
-729760 , 517596 , 671163
-441825 , -608742 , -630327
-504024 , 796477 , 385579
239730 , -668069 , 441359
116471 , 339767 , 355802
-314283 , 134579 , 589564
660010 , 105960 , -169877
-42243.7 , 810812 , 281095
533175 , 208960 , -335394
508576 , -527297 , -102683
-500567 , -705787 , -563836
-270162 , 334668 , -153617
-426525 , -137559 , -371817
-624727 , -318043 , -250393
544302 , -770023 , 109583
293191 , -442412 , 238542
353151 , 654786 , 922911
360776 , -41179.5 , 571131
-602823 , 51786 , -586887
252814 , 87630.7 , -77136.2
-157676 , 758411 , 49493.5
-513797 , 196189 , 741779
-621365 , -310234 , 754304
860502 , -633409 , 74668.3
381804 , -972114 , 499366
304406 , -779517 , -185595
446892 , 417912 , 613269
-62107.4 , -265212 , -228516
66983.4 , 258719 , 814511
-76898.7 , -146186 , 159421
244077 , -487668 , 194728
2769.84 , -876721 , 569699
-133312 , -724619 , 110942
-131959 , 332923 , -389946
449623 , 73025.8 , 965482
591606 , 484944 , 441176
-846229 , 446862 , -320861
-119598 , -235293 , -51851.3
647765 , -429118 , -1.034e+06
338097 , 456109 , -250749
-154979 , 712290 , 151354
207627 , 311426 , -719877
-263602 , 136236 , -817778
-16765.3 , 131686 , -335171
-46472.5 , -618830 , -275884
527462 , 473267 , 228584
942957 , -457077 , -461185
512592 , 192804 , 569175
457482 , -648950 , 503512
-38614.3 , -627830 , 661724
250032 , -295815 , -150950
160329 , 313025 , -192804
91527.8 , -179976 , 482720
363998 , -762140 , -264729
398878 , -489059 , -750431
448035 , -423674 , 470584
-787658 , 515489 , -424100
395553 , -425828 , 276983
-368831 , 221004 , 475798
-234569 , -138866 , 454408
57668 , -75732.8 , -59011.3
-249095 , 346258 , 707588
449541 , -123356 , 72233
-483425 , 456243 , 122714
141091 , 474426 , 1.06705e+06
519223 , 150548 , 914578
-413003 , -228732 , 619644
122833 , -39707.3 , -656282
-332162 , 62250.1 , -478058
416377 , -92761.6 , -196799
-610829 , 153118 , 474343
58424.1 , 47992.8 , 238871
-183329 , 350575 , 9046.52
-690645 , 757960 , 13130.5
804478 , -224101 , -69477.2
-154800 , -261764 , 593034
728605 , -264445 , -197399
1.07273e+06 , 728343 , -137418
284929 , -50956.7 , -186959
-468761 , 18404.5 , -951353
36997.7 , -829120 , -57194
-441846 , 414034 , 13141.6
772026 , 609445 , -78816.6
-275663 , 384135 , 137023
223359 , 181201 , -473687
-33701.6 , 420852 , 666893
86231.1 , -165685 , -416207
-443569 , -537846 , -547855
7563.54 , -158752 , 65007.1
310816 , 967346 , -206500
693262 , 104835 , 401735
70002.8 , 668790 , -495037
627560 , -12002 , 629264
-151240 , 491484 , -732223
-159112 , 361043 , 808035
-152301 , 703802 , -387528
307345 , 646780 , 719942
267456 , 190058 , -9408.08
523923 , 435019 , 424977
482391 , 517394 , -33854.1
782327 , -182581 , 79105.9
416379 , -266889 , 282054
-495297 , 614137 , 145841
-710197 , 474691 , -219370
-225111 , 141002 , -635753
448905 , 457834 , -196910
-44934 , 887872 , 682499
484530 , -527407 , 370347
-817314 , 659412 , 213646
876501 , -174167 , 536896
92683.8 , 705649 , 302680
49926 , -53664.6 , 674949
-307233 , 65225.9 , -791251
178467 , -236160 , 26200.9
-258530 , -255154 , -568274
793459 , 296639 , 144402
673096 , -662898 , 201433
781574 , -230134 , -539063
-281018 , -722356 , 621189
-439399 , -455640 , -150931
-624405 , -550163 , -682620
40190 , -213691 , 304218
-640936 , 171152 , 560213
-605460 , 307986 , 172660
606002 , -37514.1 , -257041
-302066 , -29330.2 , 535658
-157098 , 434861 , -509034
60830.3 , 976478 , 129299
-1.02085e+06 , -160241 , 369025
62989.6 , 61001.3 , -912528
-521208 , -161734 , -214450
993696 , -306161 , -271781
123563 , 708594 , 218271
556824 , -455404 , 273974
159290 , -246784 , 149226
-655675 , -818574 , 540516
-409100 , -580554 , 448785
349373 , 198830 , -150480
-772689 , -28795.4 , 62876.4
327529 , -696386 , 58698.8
666027 , -542366 , -262808
698060 , 485559 , -659549
-85770 , 264130 , 503998
486031 , 1.0521e+06 , 166113
831573 , -131011 , -93639.1
635282 , -7941.17 , -600509
490009 , -708103 , -360322
-521617 , -398569 , 63549.3
-241058 , 156546 , -531417
223417 , -92341 , 324033
-125729 , -482441 , -249259
-400075 , -849124 , -265399
806441 , 115601 , 220655
-258170 , -216154 , -681473
509217 , 601094 , 252284
-753822 , -715306 , -243731
157789 , -292155 , -476827
623013 , 344103 , -304559
-441222 , 300641 , 821251
-720206 , -478093 , -262211
967397 , -311376 , -540118
-706827 , -364565 , -176536
155703 , -143689 , -757325
-336787 , -505302 , 364491
-805952 , 615385 , 357086
453202 , -105048 , 353804
-746713 , 159362 , 383782
-777633 , 317843 , -701176
169866 , -747707 , -334609
-71896.8 , 186644 , 1.0017e+06
580729 , 335454 , 764164
516514 , 11370.9 , 517637
158317 , 154617 , 101027
-400557 , 238942 , 280107
666800 , -798733 , 95044.7
107657 , 167899 , -10865.8
-878609 , -188526 , 302603
-360922 , -562430 , 10676.7
-12812.7 , -424230 , -612386
487889 , -642078 , -270361
635470 , 602169 , -213572
825715 , -212690 , 741943
3100.35 , 567032 , -458700
1.02459e+06 , 60944.3 , 141285
275582 , -626220 , 219111
-547435 , -794862 , 92323.8
464833 , 418660 , -521391
-95318.8 , 404932 , 722375
-302299 , 41848.4 , -793136
-578247 , 524004 , -73793.6
-127557 , -380301 , 446282
110720 , 796640 , -182224
309063 , -573501 , 628842
698424 , -854633 , -326906
-69542 , -737343 , -526154
202732 , 679954 , 593214
-9416.17 , 282056 , 740279
653749 , -468557 , -267162
-191824 , 599204 , -475794
461350 , 274698 , 150490
-718930 , -657700 , -240179
22767.3 , 18668 , -131398
304024 , 1441.63 , 183987
680289 , -442983 , 655176
-232027 , -371772 , -275444
-599486 , -220119 , 591735
-305106 , 550607 , -568121
226927 , -335369 , 233455
220901 , -536628 , 296947
669853 , -407959 , 430580
362561 , 1.0375e+06 , 532937
-359068 , -114959 , 457420
162426 , 296802 , 49594.8
-587954 , 239531 , -662383
-306218 , -884249 , -234574
567385 , 262505 , 896669
-680170 , 45690.9 , -42138.6
-301083 , -614364 , -553566
783401 , 941957 , -94602
-249936 , 393047 , 183506
266223 , 391162 , -422413
-347805 , -194715 , -112795
-383831 , 488841 , 194127
-23656.8 , 357387 , -198075
-492816 , 729093 , -468274
-75341.9 , -60900.7 , 538148
192981 , 705789 , 663038
488738 , 603542 , -61590
150719 , 646307 , -249827
-165279 , 220582 , -546065
255997 , 479731 , -13697.6
736720 , -133827 , -299477
-331662 , -793386 , 216340
241078 , -465612 , -510926
782966 , 425993 , -197465
-413178 , 606915 , -359998
-559128 , 78158.4 , -813714
-255507 , -125618 , -670114
-354243 , 84227.9 , 16075.6
-133895 , 476916 , 614423
496328 , 139043 , -213965
-146181 , -734387 , -496823
-253327 , 161800 , 40812.9
-128774 , 231700 , 201880
499017 , -290277 , -123879
301086 , 128692 , -350400
-181622 , -58821.5 , -606822
-980477 , -658799 , 319079
475345 , 375157 , -213296
-797892 , -22490.8 , -434464
922866 , -368111 , 462016
227790 , -328088 , -39057.7
-331755 , -127154 , 755231
-291614 , 547057 , -84403
160784 , -511428 , 729767
470662 , 394593 , 82138.4
328977 , -880604 , 346563
21133.7 , -120539 , 250816
852035 , -23565.9 , -179772
49453.7 , -1.03067e+06 , 62550.4
373385 , 142888 , -177406
-324360 , -371918 , -26173.9
-11301.1 , -724736 , 785701
912009 , -529199 , 249845
-120691 , -158957 , 109788
-550223 , -143647 , -250236
355280 , 104037 , -89829.8
440699 , 619124 , -483258
376970 , 399392 , -613450
-641670 , 384009 , 34532.4
499059 , -17912 , -263378
162955 , 558435 , -520140
-394305 , -475229 , 501451
-419000 , 409016 , 350739
763344 , 842033 , 118435
-271261 , 445969 , 341955
-873466 , 183683 , -230914
-146948 , 736682 , -261311
480362 , 206423 , -69155.1
184055 , -290706 , 484680
-300450 , -108459 , -138096
25368.1 , -732100 , 175539
177863 , -344236 , 943166
-442735 , 718011 , -128421
236731 , -581222 , 23866.6
233654 , -235540 , 18665.4
-230639 , 298130 , -14847.2
-454407 , 267195 , 279276
-244094 , 408781 , -561644
-270279 , -295849 , 288787
277380 , 747277 , 280358
356272 , -459312 , 518275
-202730 , -750252 , 338924
-115198 , -51326.2 , 220332
526023 , -103925 , 366273
160690 , 539274 , 236777
-39593.8 , -61500.3 , 411516
-329103 , -221299 , 54587
522976 , 601767 , -285192
249607 , 828360 , 239433
-854513 , -12515.9 , 558492
-41783.3 , -1.07926e+06 , -89633.2
167979 , 528050 , -31340
-47582.7 , -727331 , 111948
-214115 , -430752 , -118716
-161307 , -367826 , 431895
-654242 , 4838.24 , -216289
-606830 , -31595.8 , -18040.4
-1560.08 , -480041 , 802148
-277932 , 471576 , -406938
-885377 , -139940 , -143606
-428815 , -362470 , 219120
-614951 , -473283 , -376267
-95944.9 , 417946 , -221654
-329208 , -332039 , -813287
-813643 , -231336 , -167367
912778 , 407452 , 51285
905885 , 621542 , -574559
520060 , 939928 , 331362
578220 , 13501.8 , 392550
-183647 , 432729 , -9941.91
162616 , 465147 , 195252
314162 , -65466.4 , -97633.8
-202529 , 785439 , 287761
45556.1 , 187494 , 487855
-262529 , -229577 , 883522
-304521 , 614727 , 435946
731866 , -449457 , -638491
653947 , 36461.4 , 334740
101133 , 147348 , -233931
-296686 , -697176 , 820618
379551 , -288635 , 832522
-445236 , 703132 , -502795
-485473 , -868264 , -100318
-54428.4 , 1.14772e+06 , -26037.4
391316 , -623358 , -79194.9
-381743 , 664696 , -177243
34550.8 , -301681 , 82022.4
562968 , -584427 , -488152
115664 , 234195 , 515597
392321 , -140806 , 228373
232264 , 641096 , 80194.1
855227 , -476380 , -143379
437109 , 51020.4 , -813650
316168 , 9849.13 , 52120.3
-447769 , -208360 , 415123
-501814 , -81538.4 , -139961
-708185 , 384339 , -75971.4
-643666 , -317129 , -414257
-518323 , 453705 , -37356.4
75694.2 , 3944.73 , -619422
1.08155e+06 , -17138 , 164145
-521795 , 41837.1 , -564134
168687 , -900187 , -49326.3
-151519 , -722901 , -388368
-836203 , -456988 , 449443
396875 , 419374 , 249067
-56324.7 , -568490 , -1.14842e+06
651885 , -55536 , -686208
-28772.3 , -784488 , -757628
452959 , 820505 , -39216
-546821 , 509105 , 522388
552782 , -186703 , 479853
230884 , 240323 , -20630.3
399036 , 523645 , 813004
457102 , 391163 , 657483
-238563 , 125471 , 77828.5
-79507.2 , -241894 , -188389
-301528 , -1.02509e+06 , -273816
-221536 , -26135 , 12966
596431 , 335791 , 306808
622600 , 592615 , -380502
864015 , 571648 , 252592
160138 , -122445 , 187505
-275866 , -217371 , -454271
-648005 , -931016 , -116282
-352360 , 882552 , 364819
595283 , -219884 , 153510
-219407 , 371072 , 117361
281450 , 184621 , 882935
398882 , -53303 , 346579
-268850 , 13604.8 , -595025
-513303 , 1620.58 , 652079
-814586 , 297728 , 385224
770161 , -197020 , -83048.6
301479 , 500667 , 229094
-190138 , 679901 , -572619
-180287 , 449654 , 1.03204e+06
614019 , 163049 , -407194
131832 , 333645 , -1.11159e+06
-32456.7 , -295612 , -337139
902248 , -42200.2 , -213809
195718 , -714395 , -496081
416768 , -317312 , 98424.4
499282 , -203957 , 911984
145070 , -213380 , 802740
-418636 , -171379 , 293345
-220710 , 395334 , 82519.4
313606 , -498746 , 661609
544710 , 772601 , 14460.3
-466277 , -391411 , 750920
160976 , -336272 , -493539
-203252 , 113292 , -734941
-135703 , -389298 , 197193
362378 , 709163 , -546835
-99855.4 , 811525 , -163042
-778039 , 498170 , 748687
-69476 , -34647.9 , 521182
-201604 , 269593 , -403988
-638138 , -100089 , -36058.7
88662.2 , -777571 , 868357
-630858 , 235192 , -491612
-509863 , 648422 , 347518
-504874 , -276328 , -475503
659696 , -246011 , 1.02041e+06
-397179 , 2037.32 , -944607
174806 , 583409 , -570093
60912.7 , 1.06325e+06 , -352231
-724289 , 315484 , 577166
-673139 , -297594 , 35574.7
117485 , 202393 , 358754
340019 , 313240 , -541784
90051.1 , -109107 , 655978
263365 , 19715.6 , 291357
-219544 , 545336 , 406300
-385822 , 16344.4 , 459958
238823 , 334424 , 3182.39
492946 , -748418 , 386163
625156 , -628664 , 401266
-396140 , 196016 , 69066.7
-49667.1 , -353815 , -203407
-1.08001e+06 , -479189 , 92221.6
-268972 , -223933 , 299814
-156051 , -395158 , 648146
-326638 , -311489 , -595191
354268 , 618612 , 398797
-143709 , -59450.4 , -241312
672184 , -65258.6 , 410898
-939649 , -472010 , -334633
-363777 , 24029.7 , -510528
-553763 , -438731 , 182698
492017 , -386279 , -432344
-613492 , -587551 , 198986
149347 , 340325 , 185635
-802660 , -447036 , -239650
-537851 , -427051 , 21537.6
697201 , -82410.2 , 388891
186669 , 452564 , -295267
-1.0252e+06 , -66857.6 , 671817
-231852 , -599676 , -356935
610617 , 190985 , -397949
-170238 , 483013 , -80350.1
-30489.7 , -383524 , 136453
430659 , 30915.6 , 322595
-268973 , 409959 , 1.01266e+06
48707.7 , 342781 , 449690
587871 , 338797 , 338110
123417 , 31314.4 , -422186
370803 , -620535 , 324718
-71717.8 , -99624.7 , -185723
248425 , -333058 , -351167
207727 , -437361 , 321137
975714 , 119771 , -83805.1
871719 , 166299 , 342655
195916 , 85129.1 , 608287
-110861 , -558226 , 203169
-383309 , 131885 , 505975
133325 , -412993 , 127245
-409255 , 265806 , -348169
-380610 , 15851.8 , -207609
419980 , -345242 , -276219
-478250 , 265770 , 777719
-280903 , 673265 , -207599
-152864 , -69412.4 , -740331
-162741 , 917.803 , 1.06414e+06
-499839 , -395675 , 155151
544181 , -264858 , 530497
-386562 , 763376 , 207509
61234.6 , -292686 , 692976
641155 , -197080 , 86758.1
457781 , -589121 , 49846.4
-287944 , 834673 , -295107
267443 , 213187 , -998807
-718946 , 74321.6 , 297196
545274 , 271770 , -341167
10631.6 , -542251 , 735405
837826 , 132953 , 208385
88069.2 , -110558 , 105100
399908 , -137173 , 328971
348041 , -39407.3 , -642916
881002 , -327323 , -175756
-183077 , 132432 , 450672
37852.1 , 74558.7 , 426313
106129 , 46554.6 , 313829
836650 , -535880 , -409503
-460699 , 241870 , -92604.6
685190 , -325168 , 37417.6
-700525 , -28218.3 , -207933
196308 , -403032 , -356888
66331.8 , -721235 , 739900
-548967 , -271779 , 307367
-469827 , -255878 , 608721
-963196 , -159832 , 465264
137078 , -489293 , 20594.8
-27646.9 , -767142 , -424570
345530 , 474573 , 510023
-211694 , 224072 , 637228
298315 , 835733 , -509845
-524964 , 308274 , -269738
-352753 , -519883 , 626617
-40570.5 , -732940 , -242918
-885072 , 424679 , -396366
-274712 , -194299 , 587704
945391 , 329564 , 203763
557106 , 37753.5 , 92998.4
58829.7 , -614183 , 741703
-415110 , -771602 , -810003
199510 , 640995 , -788106
94233.1 , 286659 , 214221
-144461 , -202583 , -159752
200053 , -507236 , 789474
-598642 , 579894 , -207842
-15941.1 , -116930 , 880212
450988 , -596413 , -451894
-24558.3 , -580390 , -481030
216201 , 400928 , -398250
73207.4 , 365787 , -1.25588e+06
97132.2 , 96235 , 711987
-372695 , 808229 , -612732
-107553 , 297800 , 498444
190435 , -270180 , 12962.4
-709062 , -369974 , 601425
-9971.87 , -700615 , -285856
-557936 , -138227 , -26287.2
-67622.5 , 417921 , 398952
-951429 , 408115 , 87405.4
-347492 , -299101 , 747584
847342 , -250535 , -618156
-390897 , -67584.9 , 35313.8
377626 , 206413 , 197098
-964590 , -51755 , -161714
948919 , -373631 , 339040
-175486 , 690324 , -289722
293928 , 22000 , 518252
-535703 , 212173 , -557774
-307271 , -194069 , -476902
-86628.7 , 159302 , -816658
-442959 , -606592 , 107140
341987 , -114486 , 147954
-451655 , 372270 , 394510
831486 , 342619 , 124798
392698 , -242110 , 279206
-19608.1 , -255408 , 431324
749075 , 566106 , -472817
-81245.2 , 287487 , 688837
-698800 , 37724.8 , -172674
-716124 , -618388 , -410498
846718 , 210971 , 790219
532741 , 28079.2 , 487237
-255493 , 641130 , -675576
-314712 , -171685 , 336060
-334392 , -570708 , -248365
239941 , 154123 , 29934.1
245763 , -708439 , -132350
655875 , -499895 , -360791
16925.1 , 123785 , -480757
603339 , 203021 , -678491
298616 , -257183 , 145626
918660 , -245700 , 464860
35718.9 , 975776 , 274762
308593 , -442977 , 268414
131925 , 267983 , -590517
151947 , -433162 , 144862
-642529 , 335902 , 570829
422584 , -323665 , 476446
-813200 , -706976 , -497009
-553764 , -433216 , 138301
-307752 , 218126 , -318817
-422521 , -463172 , 709046
276948 , -629652 , 9030.34
-670302 , -168224 , -388118
360407 , 448731 , -325297
-302610 , 783404 , -235007
-111552 , 845611 , -503032
-661917 , -326992 , 603719
571798 , -158035 , 227060
-118384 , -662584 , -525087
-345047 , -120308 , -303174
-517472 , 444661 , 209777
-64481.8 , -460213 , 270258
-563417 , 398275 , -141364
-222818 , -218973 , 876872
677019 , -123535 , 414449
-384902 , 305756 , 226822
-195168 , 273169 , 225403
800847 , -132768 , 107497
322273 , 40889.8 , 44811
225212 , -74325 , 169445
-152247 , 284380 , 75561
555602 , -519304 , -456110
789487 , 714875 , 158139
102549 , 99972.3 , -896618
-224067 , -236145 , 70247.9
39474.5 , -788384 , 113064
-202833 , 677551 , -295402
25167.4 , 132487 , -547769
417615 , 512197 , 297780
152338 , -216512 , 752092
162076 , 52033 , -654399
-382022 , 168030 , 943716
47035 , 601480 , 605388
574882 , 373067 , 431679
-38304 , -290224 , -506299
34234.1 , -25051.9 , 137545
250829 , -584934 , 338701
394984 , -924703 , -544373
216414 , -117088 , 414836
-181764 , 1.08069e+06 , -38503.3
-342488 , -163103 , 989708
-295591 , -149175 , -970748
-141095 , -577268 , -120552
615794 , -261821 , -232820
-428487 , 46428.6 , -118782
-325732 , -371975 , -315588
510085 , -168200 , -147303
-197386 , 375621 , -550633
381052 , -292678 , 557527
-773195 , 741350 , 307051
160349 , -1.12766e+06 , -153554
510714 , 29850.2 , -420624
597674 , -304251 , 397028
720822 , 81114.3 , -716465
-177561 , -470095 , -187413
-80622.8 , 270801 , -363188
-76434.6 , -193877 , -712138
-366779 , 470744 , 24991.4
-512571 , 525771 , 992789
614365 , -84672.7 , -1.08751e+06
16175.3 , 716795 , -100965
-281446 , -678615 , -27641.9
-321733 , 507988 , -143438
67339.4 , -268746 , -1688.35
605538 , 371851 , -246381
-218765 , 318853 , -712280
-601822 , -291853 , -689282
365734 , 300300 , -418132
-316078 , -164115 , 537857
-8480.46 , 301509 , 458906
-350925 , 462469 , -963195
547048 , -123941 , 337921
-195286 , -314431 , -581719
206535 , -216996 , -35183.9
-638282 , -807331 , -328560
871204 , -74211.2 , 197911
-338737 , -268837 , -691225
58348.7 , 179275 , 749857
1.0366e+06 , -395589 , 64916.5
794620 , -383552 , -282284
-93483.8 , -1.14601e+06 , 317502
-80443.8 , -731844 , 282494
16062.6 , -132511 , -362660
196394 , -207794 , 460150
480101 , 194288 , -224324
152033 , 234169 , 856979
-222467 , 34521.6 , -86383.6
7825.4 , 50800.5 , 200204
556431 , 246451 , 136899
560436 , -399593 , 326458
-39785.9 , -206653 , -366910
-825758 , -555499 , 106544
-118885 , -955604 , -68925.4
66668.9 , -64727.7 , 435193
990312 , 57349.4 , 128089
-861831 , -726320 , -266738
284517 , 808998 , 834373
-26361.8 , 524315 , -144272
468628 , -368047 , -483813
-562075 , 423693 , -625151
590123 , -286441 , 592672
-417439 , 387624 , 60679.2
747620 , -342783 , -125373
39769.8 , 332266 , -619270
-726765 , 51271.1 , 330419
114196 , 1.13283e+06 , 98383.6
914870 , 417998 , 39794.5
-464379 , 322463 , 297295
-765531 , 218471 , -255569
-134782 , 260138 , 239239
-232919 , -1.1052e+06 , 400492
369819 , -342871 , -294606
268100 , 615342 , 582319
59011.8 , 124537 , 500538
-82386.2 , -235790 , -564935
10310 , -267765 , 435466
38941.9 , 9373.91 , -27074.6
18700.2 , 292716 , 111817
601390 , -184629 , -434441
-348836 , -110331 , 288043
714857 , 265632 , 385619
671886 , -23044 , -200410
474569 , -680067 , 555686
117860 , -569920 , -507263
-346590 , -651341 , 67685.8
252903 , -523895 , -322287
-10895.1 , 345899 , 266616
-310321 , 36506.3 , 458312
370721 , -572043 , 430257
-519503 , 3765.97 , -276091
-189309 , -160966 , 188824
-295287 , 600456 , -690408
512843 , -10586.1 , -715652
-734834 , 91313.7 , -144351
780997 , 214685 , -349591
-629856 , -754803 , 56539.5
-433331 , 85055.8 , 113934
299753 , 568894 , 254971
557649 , -98440 , -441815
892829 , -219922 , 610585
808850 , -867846 , 129984
456162 , -449241 , -110418
471748 , -1608.73 , 149176
-973187 , 296167 , -162373
-620474 , 256286 , -153047
745769 , 362993 , -97582.1
439236 , -696162 , 565343
158068 , 1.16855e+06 , -386512
783995 , 17099.2 , -559720
549258 , -439866 , -20148.3
274179 , -88908.8 , 826782
-60451.6 , -527524 , -51429.2
-356684 , 62829.4 , 1.00498e+06
4485.42 , -809268 , -534360
215432 , -790330 , -78107.1
163014 , 328685 , 536436
-55316 , 307210 , 646576
-391224 , 127952 , -17796.9
703391 , 401049 , 561371
-486254 , -333164 , -660531
-515525 , 218341 , -41697.5
-7934.13 , 545751 , 372172
595505 , -736257 , -154587
58545.7 , -373109 , -185388
493177 , 610235 , 516933
560086 , -133529 , 829244
-473255 , -141654 , 223575
179034 , 9301.04 , 736755
662056 , -290610 , 712089
-262368 , 76957.3 , 652643
-365373 , -265356 , -229685
-503806 , -583789 , -78054.6
215937 , -84310.7 , 581331
-11853.4 , 640028 , 559999
389528 , -211666 , -575393
547301 , -144943 , 280346
-396186 , -171878 , 557647
592656 , 361060 , 177102
-147321 , -770140 , 468316
-223695 , -124383 , -347171
-179784 , 415367 , 62138.9
268296 , 761443 , -247170
-519183 , -384412 , -552006
-697892 , -436662 , 712468
499693 , -213705 , 887857
17824.7 , -930743 , 268598
502575 , 70191.6 , -267628
-295250 , 116271 , -481707
-539606 , 308350 , 68247.9
666888 , -245093 , 267353
-814022 , 616101 , -213962
-140361 , 15273.7 , -445009
9379.69 , -21568.6 , 240124
708812 , -64123.1 , 74763.4
5338.35 , -480401 , 467327
16044 , -423433 , -90813.9
-139261 , 486812 , 189148
668940 , 74747 , 571533
-909403 , 79646.7 , -131359
387768 , -537587 , 71828.3
-190573 , 714078 , 219240
643566 , -364480 , 146219
-607846 , 6899.15 , 27946.8
-383685 , -369542 , 317497
-264464 , 703823 , 604236
-558072 , -94913.7 , 310522
-566267 , 402037 , 701238
436657 , -238947 , -484044
327616 , 126442 , -58935.2
-68486.3 , 849331 , 82316.1
88266 , -287052 , 230934
-502526 , 789906 , -148607
346117 , -569082 , -405793
471198 , -38335.2 , -372865
-71934.9 , 337249 , -42211.6
346967 , 117198 , 244024
345031 , -125672 , 435064
-88088 , 623780 , 152669
122336 , 359230 , -663697
568611 , 1492.9 , 552575
144713 , 242141 , 798075
14188.4 , -56078.8 , 98156.1
107806 , -100254 , 823710
-598504 , -157330 , -201399
-164340 , 895506 , 662283
-849266 , 585893 , -13778
107941 , 42444.5 , 281695
-534721 , 612696 , 366447
520111 , -752631 , -541722
370660 , 20814.8 , 413644
479050 , 371383 , 649231
829743 , 146716 , -60425.2
529841 , -626334 , -322458
-777180 , -95917.5 , 892472
291410 , -93759.3 , 984570
-394182 , 335669 , -185732
156748 , 773965 , -409660
-789259 , 353552 , -166264
196656 , 396029 , -497911
519708 , 516874 , 178918
236908 , 554028 , 335011
-667474 , 290580 , 177662
-127470 , 686366 , 203078
1.00966e+06 , -410929 , 51429.4
-158023 , -554253 , 452253
338284 , 487042 , 380410
251090 , -807772 , 454150
932928 , 323563 , -43553.9
-197218 , 57402.1 , 453593
-519187 , 23773.6 , 94666.3
-135741 , 38675.6 , 656917
-235710 , 645409 , -410399
-692686 , -86737.3 , 307793
-434011 , -238509 , 915395
-798912 , 152736 , 735573
326305 , 450815 , 670503
593233 , 585982 , -212224
-292521 , -512336 , -232920
-706704 , -330304 , -52836
27864.2 , -1.02146e+06 , 153633
261045 , -396448 , -28799
808053 , 882083 , 118271
184734 , 576420 , -587934
404199 , 990387 , -107051
887157 , 823974 , 58453.5
-111199 , 287352 , -233813
601154 , 642590 , -7918.41
681054 , -277899 , -371004
-402865 , 219323 , 915861
327776 , -459397 , 1.05522e+06
-566697 , 90680.7 , -553836
712521 , 540400 , -163347
975178 , 260016 , -554803
-578813 , -229316 , -872340
722774 , 26537.1 , -181102
-55515.1 , 62234.9 , 770104
-904263 , -144194 , 419145
479709 , 38466.3 , 627519
-243486 , -477240 , -204103
393332 , -250686 , -11715
474826 , 322759 , 334187
-849273 , -21959.6 , -214938
722252 , -436607 , 270142
-867920 , -169656 , 596819
167142 , -14469.1 , 931152
-282919 , 297539 , -524146
-34332.6 , 425611 , 215839
662953 , -298703 , 209080
-523978 , 126722 , -502142
-69522.4 , 96175.1 , 358576
-177093 , 457699 , -21006.2
32511.2 , 286531 , 328762
6420.78 , -712913 , 440021
-619516 , -200214 , 240719
-89651.7 , -371512 , 340803
-753637 , -21249.8 , 55240.5
-122694 , 58394.9 , 668271
-277897 , -30168.7 , 118855
-258559 , 171635 , -651936
-424371 , -358963 , -283027
-379217 , -40797.6 , 280232
-785491 , -72209.1 , -230351
580217 , 7835.11 , 770416
816389 , 196790 , -39418.4
-226210 , -274878 , 809375
-363653 , 65908.8 , -17865.9
-312453 , -499190 , -71775.2
-324705 , -129361 , -617471
-273683 , 103613 , -725176
337031 , -221698 , 353090
1.09322e+06 , 72377.4 , -91539.8
-670853 , -387867 , 206467
-72870.6 , 185442 , 882877
-779263 , 204397 , 301058
294781 , -587918 , 617927
33226.9 , -1.0801e+06 , 18221
-490195 , 112319 , 668428
335135 , -91597 , -1.00725e+06
175839 , 520155 , -121526
717477 , -106641 , 312465
-492443 , -24585.6 , 505257
780115 , -113858 , 78092.2
-837508 , -84469.8 , -591501
-545571 , 507163 , 366604
217529 , 169995 , -504636
48238.6 , 711401 , -113743
-5562.86 , 250835 , -726135
-140079 , -229062 , -55645.7
153827 , -670100 , 283069
-128482 , -737636 , 199317
-602794 , 479625 , -333791
-375383 , 359275 , -98240
269407 , -245776 , -287811
478694 , 235981 , -27902.7
182966 , 885569 , 148234
592852 , 511867 , -640151
180115 , -358658 , 725987
320177 , -56281.5 , 523058
393617 , 856654 , -235939
303231 , -28582.4 , 214102
449425 , 124192 , 1.03564e+06
-584577 , 839956 , 394077
308660 , 440373 , -203453
-308905 , 455146 , -359373
-707963 , -230565 , 234879
187681 , -81892.4 , -42698.7
-318829 , 164778 , 581436
227248 , -467468 , 172840
127852 , 823568 , 210043
-586886 , 302907 , 376571
594417 , 842895 , -280582
-492314 , 64164.4 , -667305
-543083 , 436396 , 176467
-593311 , 294204 , 928784
481840 , -380894 , 492607
-319557 , 359153 , 747217
-229908 , 88808 , 824715
639623 , -396019 , -129480
442974 , -543331 , -548503
-987025 , -391871 , 439200
-793921 , 820762 , 552288
1.08643e+06 , 20420 , 314671
44364 , -344465 , 927492
460397 , -151783 , 331211
220312 , -314048 , -810234
-711841 , -728042 , 294643
-3371.84 , 733982 , -630362
-149580 , -873511 , -262422
71711.9 , -401409 , -776936
479638 , 181797 , -521880
-373310 , -704752 , -181470
130543 , 546644 , -107471
297115 , 953592 , 417293
-726409 , -150352 , -903727
181042 , 313726 , 815168
112723 , -119979 , 559269
-592970 , 104902 , 344746
523866 , -301485 , -75255.5
-9968.46 , 319013 , 435616
21285.5 , -358317 , 556852
215318 , 1987.93 , -31533.7
498310 , 640453 , -14422.7
-762221 , -187531 , -580629
-535485 , -852390 , 299916
292136 , 375342 , -679768
565334 , -83353.5 , 229508
-97385.8 , -249772 , 766295
338686 , 196291 , 349368
351206 , 170499 , -180697
512261 , 310920 , -698023
179880 , -514912 , 88308.2
-480287 , -32271.7 , 179644
643799 , -739405 , -419154
664956 , 59186 , -172861
-474585 , -639055 , -410610
-305774 , -857229 , -271299
509506 , -277561 , 318661
-343170 , 681801 , -137871
113159 , -32157.8 , -628108
-510278 , -263993 , 886510
196327 , -500111 , 887976
-451115 , 1.1723e+06 , 173750
257776 , 53186.9 , -144940
-494887 , -185656 , -356496
-680498 , -498390 , 820692
-203875 , -529582 , -843927
-972798 , -379198 , -207934
-639119 , 31328.1 , -598885
-519741 , -17242.4 , -868594
-254906 , 80431 , 210533
289865 , 794230 , 142937
-95841.2 , -382308 , 576327
8124.57 , -489193 , -515057
153784 , 130850 , -8914.21
732836 , -359429 , 143510
-365693 , -143424 , 532482
512005 , -768052 , -256639
-447468 , 189604 , -900457
161770 , 370688 , 633780
366270 , -162284 , -249723
-511951 , 339267 , -942954
-487998 , -653831 , -383949
-173395 , 203259 , 21965.5
181367 , 401943 , 786238
421935 , 529552 , -207124
-60814.8 , 23835.2 , -585432
-221399 , 396961 , -124376
524496 , 144076 , -1.06386e+06
-51522.5 , 607593 , -34036.7
-579602 , 77666.3 , 398361
-264132 , -694608 , -241469
131726 , 784017 , -519432
868798 , 692347 , -37124.9
333045 , 688801 , -480174
-399370 , -246156 , -435639
141755 , 182057 , 409935
106295 , 422723 , -143302
849638 , 100055 , 104330
-785901 , 16766.8 , -434412
378886 , 221133 , 345118
-678665 , 351492 , 106345
58721.1 , -215549 , -423922
-416108 , 180355 , 620114
187790 , -23428 , 916229
195911 , -533341 , 112597
-346420 , -291844 , 465286
-295107 , -1.00511e+06 , 530003
99729.7 , -1.05918e+06 , 382999
-225794 , 517330 , 109129
139923 , 380164 , -40350.1
362216 , -576113 , -466116
-254098 , 707375 , -91985.9
849613 , 671932 , 201163
-907156 , -170618 , 571008
-112527 , 325628 , -321995
239757 , -644393 , 323091
1419.27 , -208622 , 427240
754016 , -555756 , 363159
-423995 , 470163 , 499929
188629 , -3531.94 , -48149.2
240797 , 278912 , 853439
28696.4 , -58745.1 , -125435
101748 , 655196 , -92433.8
-660703 , 228441 , 683570
247872 , -385008 , 789015
627849 , -625065 , -45628.7
183202 , -1.06382e+06 , -471019
-176866 , 272835 , -358795
-521067 , 484667 , 271905
-61777 , 229647 , 761731
358698 , -1.33089e+06 , 378995
-449719 , 973209 , -43530.9
574981 , 672099 , 309699
630755 , 449541 , 834831
-199936 , -74867.5 , -15168.5
-109720 , 898265 , 115262
-865114 , 520135 , 248835
258856 , 521326 , -106994
309217 , -64551.7 , -451174
835165 , -186560 , -447225
-866078 , -627573 , 223708
-318993 , 59963.5 , 1.17221e+06
251845 , 916270 , -267144
165061 , -190158 , 410463
425063 , 543433 , 180795
-735217 , 246029 , 413301
398881 , 49830.1 , 232023
-292721 , 360703 , -408476
-582134 , 602963 , 196163
-742363 , -171794 , 120075
-648305 , -150807 , -393061
-560262 , 17165 , -112414
176766 , 379876 , -770692
-2421.55 , -1.00721e+06 , 61703.5
-258631 , -429322 , -120354
-755744 , 34309.6 , -101996
-337177 , -863719 , 154498
-749298 , -544543 , 533840
-294269 , -299174 , 583668
121062 , 502383 , 44213.8
132288 , 99280.7 , 1.02837e+06
-59368.4 , 268872 , 120546
56720.2 , -513100 , 253443
650728 , -233738 , 133185
-25795.4 , 567805 , -361071
-105587 , 561938 , -1.29058e+06
-204722 , 124604 , -338364
278961 , -6959.93 , -528394
-214713 , 49914.4 , -593494
201409 , 366178 , 548429
-534853 , -88149.2 , 252093
-192254 , 46284.1 , 1.10416e+06
580558 , -851882 , -186255
-144547 , 1.05169e+06 , 164838
-68387.5 , -703066 , 31237.6
879976 , -423284 , -481754
-489473 , 12578.8 , -857776
731144 , 403171 , 479395
-307621 , 428919 , -17820
400562 , -189216 , 357973
57686.4 , 620362 , -536470
-241593 , 19098.7 , -993126
759225 , 251954 , -150004
-731170 , 228655 , 935780
583747 , 731134 , -360954
480181 , 234915 , -470261
244741 , 695910 , -157620
-509228 , -195996 , 633971
-169174 , -193370 , -676330
293394 , -208628 , -575624
860978 , -55306.5 , 462757
-957399 , -266079 , 29772.2
-152731 , -169210 , -939262
-279400 , 689253 , -424634
182986 , 579179 , 295111
-99491.3 , -3798.85 , -557015
-56145.3 , -231386 , -344875
278620 , -223704 , -590613
-443066 , -468024 , 355465
-748206 , 507586 , -109582
1.11326e+06 , 272969 , 400348
-671006 , 155768 , 449018
-684186 , 156868 , -799733
618722 , 207494 , 244875
174123 , -667337 , 515900
-623215 , 250646 , -368662
-453499 , 323168 , -205993
-129765 , 200223 , 612826
298063 , 162973 , -6365.85
-709266 , -398548 , 628554
495155 , 243478 , -169792
-14186.3 , -851790 , -215995
-535990 , 43510.3 , 54776.7
-336059 , -1.04852e+06 , 10787.1
155046 , 268614 , -390186
-850.285 , 359289 , 592132
375645 , -244215 , -970404
3059.9 , 556854 , 687303
647769 , 336325 , -595343
216412 , 966522 , -301549
-540813 , -363595 , 116686
691984 , -316279 , 281511
-447313 , -251745 , 210505
-866017 , 324424 , -211381
284375 , 580039 , 5076.14
624356 , 811801 , 570268
327794 , -240066 , 433483
-382396 , 172120 , -217721
593160 , 363314 , -920669
-146783 , -132064 , -11059.4
-736637 , -446282 , 570260
785039 , -665181 , -138113
-113218 , 679025 , 625007
-553514 , -551848 , 164286
-38740.6 , -250255 , -584575
-370055 , 669827 , 369239
119002 , 109429 , -418676
-400967 , 418671 , -95691
-40887.8 , -460733 , -120662
-404014 , 698428 , 632638
72903.3 , -314982 , 807214
-495074 , 48780.8 , -118825
618286 , 231912 , 601490
-201201 , 223277 , 161607
-85854.2 , -580140 , -961270
118427 , 119393 , -616130
644964 , 370322 , 123368
177.885 , 83808.3 , 346842
246476 , -680084 , -37451.2
413073 , 351613 , -230508
-11869.9 , 293309 , -630488
745058 , 503983 , 47556.4
-431515 , 126733 , 342959
-446002 , 358203 , 410261
106795 , 339291 , 236181
-68758.8 , -336247 , 154910
331154 , 138142 , -817990
367304 , -329736 , 333192
-740576 , 2684.03 , 294030
-966938 , -395948 , 621350
-175626 , -98659.9 , 673415
-93811.8 , 21030.6 , -218619
-129755 , -314849 , -264060
218813 , -382951 , 1.00265e+06
-779815 , -528805 , -108016
239432 , -478561 , -338161
-488543 , -463402 , -236158
-254165 , -24502.4 , 444839
560756 , 368625 , -59128.3
-455316 , 746950 , 369297
826621 , 713169 , -383670
-581146 , -768618 , -78264
-80500.7 , 413450 , 503073
-604643 , 715437 , -580033
-59863.4 , -1.07102e+06 , -92922.1
-549139 , -163216 , 482243
-63125.4 , -129802 , -211617
749992 , 536542 , 146366
880339 , -421772 , 604446
-751709 , 148080 , -726615
-459703 , 870064 , 613748
-816955 , -159866 , 608840
-339711 , -233365 , -214823
-578618 , 343492 , 507974
-346959 , -490979 , -553483
123591 , 263382 , -584169
254291 , -312236 , -446924
483059 , -1.01097e+06 , -226801
922340 , -97911.8 , -21970
279563 , 1.04693e+06 , -274951
84491.4 , 299124 , -346903
-343163 , 453275 , -482070
-648762 , -4619.35 , -74898.6
-372736 , -409990 , -197479
277599 , 76015.4 , -668642
166850 , -180237 , 406932
-256152 , 988293 , 223564
761009 , -507804 , 87978.4
16633.7 , 45087.8 , -888387
144043 , 706428 , 760097
-223113 , -253649 , 812969
644124 , 365144 , 300603
50086.5 , 379369 , 81751.8
-117337 , -38674.6 , 609207
700089 , 26531.5 , 349439
332359 , -2937.31 , -874071
68906.1 , 928869 , 234315
-334365 , 112118 , 647157
-332527 , 513283 , -441172
495766 , -133444 , -928343
-269580 , -512292 , -632068
-51414.3 , 166116 , 947861
-835278 , 16521.4 , -225466
-333629 , -813132 , 199596
663169 , -386654 , -249128
963756 , 252365 , 427622
779532 , 390684 , -651726
-145297 , 272011 , 329926
348798 , -179354 , 764049
243383 , -357489 , 316351
-490620 , 553072 , 423070
230591 , -726144 , 379074
-284904 , 556581 , 335192
-283322 , 812127 , 99703.9
-89596.6 , 484488 , 434169
-142622 , 589306 , 590380
-833350 , 233475 , 274165
-304243 , -708815 , -187220
-831760 , 110568 , 804779
-238477 , -280771 , 885011
455737 , 519141 , 70215.7
-82493.4 , 553436 , -1.16934e+06
53164.6 , 747961 , -5118.88
-32306.4 , 659016 , -869156
-31005.6 , 91274 , 626249
246616 , -637380 , 89977.7
20014 , 551071 , -493323
387571 , 428758 , 173326
-263801 , -676028 , 268255
522989 , -355478 , -158448
-310651 , -766149 , 493705
-23898.9 , 479181 , 497537
307154 , 977984 , -351573
140847 , -811259 , -579790
314478 , -63833.4 , -440823
414363 , 449013 , 236195
795839 , -52219.2 , -119345
282973 , -586971 , 78973.5
-74949.2 , 743949 , 370485
533008 , 95526.3 , -962291
-195667 , -672208 , 621329
785277 , -485064 , -840699
-275510 , 167698 , 873169
-891641 , -272977 , 618128
-109128 , 561310 , -53989.3
337926 , -606352 , 835943
-321945 , -120923 , -140045
-203631 , -801773 , 169467
157301 , 48599.1 , 25335
-538642 , -232680 , -196056
-86165.3 , -163756 , 237729
-441880 , -227369 , 716180
355248 , 553844 , 249588
-449281 , -745796 , 161237
287708 , 944642 , 368435
21256.1 , -370897 , 710879
597013 , -99638.8 , 329007
-479412 , 325893 , -84800.2
370942 , 704436 , -577392
138221 , -377886 , 71234.9
490399 , -377540 , 323212
-302227 , 33579.1 , -668376
400071 , -203263 , 511441
-247357 , -365896 , -129647
-227408 , -155268 , -515509
-101409 , 59242.4 , 461401
448185 , 136029 , 260778
1900.34 , -415272 , -272880
406060 , 348810 , -653952
509308 , -287628 , -257206
637499 , -652354 , -298742
571431 , -590571 , 212116
809787 , 18850.5 , 511313
442184 , -715744 , -142391
865019 , -160713 , -609776
324820 , 710878 , -32989.7
448918 , 398493 , -302887
197603 , -160277 , 260484
-840113 , 162338 , -265737
444184 , 638753 , 22121
-15606.3 , 353201 , 725995
-1.16754e+06 , -133918 , 326122
-582955 , -168941 , -276390
-288631 , 452192 , -326085
-325751 , 540368 , 351354
816354 , 212801 , 445083
708845 , 195263 , 775290
338208 , -301648 , -462554
262502 , 926119 , 45201.8
118899 , -375780 , 73002.8
-241215 , 322733 , -259927
689449 , -498286 , -131897
-167014 , -727960 , -156771
-201906 , -760163 , -207126
-242569 , -166993 , -667185
-15883.6 , 301250 , -179905
-601853 , 266402 , 901372
2413.34 , 319842 , 781584
-302523 , 509700 , 381190
-151796 , 168767 , -632015
77940.8 , 126988 , 185679
-124981 , -48411.3 , 155598
295508 , -353232 , 110266
445008 , 434047 , 750636
-287316 , -346545 , -588614
19310.8 , 240757 , 1.00715e+06
-543800 , 123347 , 39553
-717156 , -179277 , 289937
55966.8 , -443322 , 669931
-721822 , -403414 , 447043
-25751.5 , -112994 , 44148.6
-764415 , 343257 , 144124
284431 , 106400 , -324528
209428 , 491466 , 658740
-11071.3 , 451571 , 45311.2
-790211 , -376815 , 266148
947824 , -546695 , -182505
194319 , -108133 , -454171
-185825 , -325835 , 323126
143915 , 50301.9 , 404943
-308859 , -207551 , -550503
214972 , 453544 , -418662
-11136.7 , -238489 , -858786
116939 , 691158 , -211313
337441 , -661334 , 920845
584310 , -186799 , 287885
340921 , 170009 , 547604
-293517 , 851885 , -135350
-186352 , -218698 , -714285
-461273 , -120136 , 885852
98313.9 , 553547 , -378571
586152 , -284504 , 283784
426687 , -314294 , -571972
108405 , 176889 , 911734
-163236 , 395107 , 711988
43284.5 , -58581.6 , -455811
682105 , -694512 , -340645
403991 , -244862 , 812188
185959 , 1.05348e+06 , 260951
-163802 , -939658 , 356671
150860 , 751259 , 646625
637716 , -603020 , -213801
396695 , -289190 , -779018
700629 , -388945 , 208289
-346776 , 138435 , -136902
-8604.8 , -342285 , 544108
-99509.6 , -754097 , 60064.1
-756071 , 292876 , -112297
234563 , 63691.4 , -387896
-507241 , 322129 , 613757
-288603 , 167853 , 790102
576284 , -23931.6 , 266059
279267 , -676758 , 368198
-196189 , 573744 , 654619
403561 , -592985 , -542700
669153 , 613934 , 18918.9
565071 , -297519 , 128496
131969 , 944616 , 32301.7
-208896 , -789099 , 403994
-84846.7 , -123284 , 1775.45
-506590 , 715855 , -125756
129385 , 652706 , -658743
-254839 , -67852 , 551239
-224277 , 182245 , 855371
190125 , -115143 , 71175.6
-54094.7 , -613936 , -722750
630724 , -239617 , -817204
581914 , 591126 , 50939.4
330141 , 589118 , -324761
928431 , 235226 , -124074
672718 , 34800.1 , -602247
542427 , -579860 , -62729.9
-158436 , 349585 , 151479
91467 , 306472 , -800063
348713 , 712238 , 370489
-642839 , -198545 , -224065
51352.5 , 793555 , 385040
-363139 , -231595 , 871302
57190.4 , -572349 , -155208
-1.02074e+06 , 319604 , 464982
-525066 , -22399.3 , -634571
424348 , 721672 , -85542.5
269292 , -327143 , -564893
-244158 , 221994 , 1.02379e+06
-331698 , -287921 , -115013
-645368 , 494379 , 116756
243759 , 435091 , 539840
328229 , 490528 , 28792.4
-158462 , 88169.1 , -1.00738e+06
811494 , 801903 , 157507
445469 , -629765 , 774070
-1.01818e+06 , 195476 , -336908
-42909.2 , 645711 , 449979
59765.3 , 209981 , 383311
-202263 , -519059 , -506965
712788 , -132814 , -173526
250343 , -249530 , 160367
385496 , 197428 , 896968
-534550 , -529315 , -18515.3
-104848 , 48499.1 , -47586.4
-399970 , 101867 , 558244
42065.9 , 178254 , -112632
-194547 , -21880.2 , 44443.2
297784 , 370340 , 504303
-175339 , -360502 , -217715
1127.97 , -971502 , -463441
368818 , -665188 , -755052
319043 , -186886 , 414185
-158677 , 217233 , -795040
590315 , 615236 , -451296
408886 , -333673 , 267784
-754722 , 9575.3 , -405119
-285220 , 494271 , 467370
412251 , 293097 , -407741
538867 , -41701.8 , 84957.7
-939464 , -364327 , -534584
-461269 , 374771 , 464759
-172738 , 282134 , 448572
-146590 , -725792 , -270878
43484.5 , -349970 , -276815
165935 , -620124 , -143280
-497164 , 162558 , 97122.2
-329649 , 602584 , 160877
-192826 , 605825 , -772074
105862 , -841062 , -160135
-228226 , -705409 , 639910
378123 , -515388 , 206472
-957342 , 242452 , -401872
348644 , -409321 , -934883
29384.5 , -241461 , 486304
631411 , -40465.8 , -89102.1
-711197 , 379560 , 599156
-471401 , -581991 , 169115
417617 , 437102 , 284085
291702 , -341030 , -853838
-99586.1 , 12002.1 , 799514
324486 , 4823.35 , -595599
214425 , -285149 , 589388
-439754 , 114761 , 817496
-703246 , 632227 , -3479.32
-498220 , 117167 , -120830
178962 , -368483 , -644984
28448.1 , -753094 , 187538
-50484.3 , 266599 , -369765
-320982 , -56273.8 , -218683
-660183 , -732621 , -42688.4
-161907 , -290502 , 694067
196976 , -728703 , -586736
107812 , 624932 , 56062.3
68549.4 , -606260 , 674928
566154 , 497392 , -778134
159029 , -619997 , 73578.8
-307861 , -662824 , -473153
266267 , 209499 , -535268
444265 , 254972 , -774897
-236465 , 316728 , 407473
15421 , -91134.1 , -632715
329148 , 547252 , -687547
142161 , -345926 , 529963
-405762 , 430080 , 637119
-152589 , 346505 , 87620.1
308500 , 487928 , 666648
334315 , 435038 , -28028.3
-168321 , -28569.9 , -564896
-782352 , 110972 , -347.143
408693 , -165955 , 418466
120884 , 217440 , 925001
-420591 , 781575 , 136846
505161 , -171083 , 818642
73156 , -738746 , -292337
-671764 , 421547 , 396095
-400679 , 413471 , -180353
-478984 , -723841 , -259864
265762 , 316377 , 625986
197213 , -755931 , -471734
-160838 , 85122.4 , -15574.2
383357 , 90000.3 , -627867
157867 , 219142 , -452356
278739 , -571607 , -110265
-365565 , 203465 , 57348.4
380053 , 418042 , -894460
-382700 , -23368.2 , 584834
953747 , -347191 , 128686
-71806.8 , 533873 , 20656.5
90631.6 , 259885 , -870543
214838 , -338080 , -158854
1.09099e+06 , -46709.4 , 256609
414150 , 86146 , -326724
-531930 , -909439 , -133871
-271446 , 255998 , 823350
507850 , 260418 , -692887
688570 , 706270 , 419610
375643 , 929500 , 67478.8
-243057 , 494513 , -492773
-244504 , -566564 , 307307
140746 , 423272 , 360739
533442 , 442446 , 41960.1
840521 , 121461 , 59449
149897 , -19180 , -759863
245124 , -1065.07 , -906765
129979 , -667351 , 669854
95253.1 , -81893.3 , -407187
-723622 , 95185 , 278303
-156788 , -510078 , 730280
68856.4 , 313855 , 76307.2
-151137 , 779782 , 125706
-445943 , 42007.1 , -869987
-497189 , -751665 , 407790
379868 , 149621 , -637718
538116 , -565687 , 672508
202611 , 593703 , 652152
736787 , 199189 , -463131
-760680 , -188224 , -113485
-532942 , 685777 , 734611
346472 , 472866 , 130611
-531839 , 139798 , 45662.9
68660.8 , -746608 , 679585
91883.2 , 512627 , -429062
-329174 , -220274 , -894080
-423466 , -518590 , 373926
-128138 , 64587.1 , 608495
438737 , 630204 , 124438
12423.7 , 991215 , -157375
109132 , 94879.1 , -358269
-521583 , -66757.4 , 658429
-519693 , -341387 , -206230
747914 , -698298 , 74200.2
587794 , 521960 , 591824
-464862 , -72691.6 , -391356
-770514 , -592927 , -49578.3
-813517 , 294938 , -394447
270109 , 218952 , 331434
-616130 , -532713 , 20855.1
-684763 , -570595 , 579351
15741.1 , -345897 , -458822
-811561 , -50355.2 , -274394
-485732 , 877081 , 217725
115717 , -644278 , 562484
-17292.1 , -1.00018e+06 , -188426
-634434 , 289123 , -203957
-318989 , 277720 , -243141
232029 , 67033.5 , 481823
-462775 , 512975 , -119889
-69481.5 , -708564 , 88015.7
128243 , 358771 , 986584
-426263 , 295489 , 196981
-70065.4 , -571665 , 493055
-510351 , -547466 , 33878.6
15014.4 , 76173.9 , 542915
259912 , 32642.1 , 817319
-254062 , 221988 , -202548
-582155 , -360541 , 349014
-642970 , -698786 , 23644.7
193278 , -85102.4 , -498008
197328 , -470651 , 727568
708686 , 416628 , 28002.9
-156434 , -140513 , 828679
388833 , -109383 , 617050
385091 , -345551 , 211796
375291 , 358186 , 875703
488915 , 520584 , 464043
301094 , -70279.3 , -486817
267294 , 364973 , 907424
189232 , -678435 , -23936.3
56143.5 , 261783 , 234007
-70854.4 , -1.08302e+06 , -72201.1
-771980 , -711394 , -230828
-640461 , 183348 , -252472
-357860 , 462996 , 414402
209900 , 319089 , 355400
262981 , 481079 , 396619
182584 , 61043.8 , 212232
91414 , -392557 , 991143
314474 , -428620 , 182882
-727047 , -694568 , 290715
154586 , 501111 , 408842
-743548 , 329046 , 313178
-184220 , 301849 , 556723
464848 , -21412.3 , 441799
80018.9 , -172543 , 468642
-260131 , 62357 , -140810
-503072 , -173095 , 134489
-229638 , 424687 , -44064.8
127846 , -400644 , -465776
71905.9 , -323074 , -707116
-621.503 , -313807 , -82249.6
73622.3 , 704641 , -72343.1
218783 , 850971 , 342442
67872.8 , 761616 , 182.048
-400793 , 82321.6 , 565612
-524207 , 96032.4 , -109637
28545.6 , -696115 , 162484
165872 , 599712 , -468692
-448354 , 183866 , 706303
-241834 , -376950 , 298123
-144866 , 57485.1 , 719636
-201438 , -646543 , -566957
-721542 , -770965 , 122156
-318984 , 878465 , 606334
-388143 , 159519 , -202747
-544663 , -765203 , -570258
-240606 , 809623 , -518894
361883 , -1.03757e+06 , -775129
-526959 , -261670 , 558087
202603 , -387101 , -276355
479312 , -696829 , -149980
-441766 , -331270 , -94049.8
561521 , 41375 , -12600.4
876633 , -116342 , -172473
277918 , 385378 , -823062
476331 , 526544 , -127743
10205.6 , -814398 , -60231.3
-343880 , -489650 , 487266
-555551 , 134579 , -212431
369806 , -476471 , -120418
-134053 , 771443 , 562260
-124008 , 784359 , 324328
102354 , 18009.8 , -659037
167399 , 284405 , -675163
259241 , 651034 , 271250
-221682 , -493898 , 442926
-257738 , -602317 , -277943
165780 , 822208 , -652689
-522925 , -242656 , 367100
-394029 , 548477 , 4617.09
75794.3 , 56407.4 , 776588
41176.5 , -422613 , -124185
310395 , 244852 , -839753
93790.1 , -716980 , -444167
-409460 , 360005 , -705588
-86089 , 375246 , 1.0967e+06
206678 , -156844 , 100179
68949.9 , 657783 , -74116.9
-443855 , 257561 , 162001
-964176 , 794576 , -44143.4
365394 , -437882 , 465423
-482556 , 250732 , -527747
318794 , 996399 , 141154
-747615 , -205139 , 332479
988197 , 291554 , -104064
-220702 , 376117 , 791447
189143 , 7682.22 , -181158
-50711 , -80393 , -378751
-383689 , 279153 , -205464
-473616 , -510385 , 167664
121343 , -260296 , 733305
-56637.1 , 112195 , 121385
-774098 , -168979 , -21331.7
-630121 , 72946.4 , -277179
-99385.4 , -82839 , -136015
114080 , 1.06216e+06 , -30940.2
860976 , -471556 , 292104
-770447 , 6054.02 , 565273
459492 , -403191 , -150614
211830 , -54323.8 , 528093
-538204 , -237007 , -405013
-54724.7 , 160762 , -216732
-523885 , 33594.6 , -371270
559242 , -638762 , -263780
-240968 , -83023 , -599444
637459 , 40757 , 36267.1
801014 , -9537.33 , 529035
281839 , 615832 , 671059
-1.00011e+06 , -756956 , -390716
-428921 , 684895 , 223336
-586574 , 708287 , 109490
202341 , 674700 , 575161
-540721 , -255011 , 332375
-313117 , 11990.6 , 260684
140960 , -410601 , 357886
-657856 , 150396 , 78459
-640955 , 602812 , -593319
-735596 , 512387 , 531799
-383279 , 376566 , 295964
-136229 , 484568 , 11072.6
76799.5 , 321289 , 581781
484337 , 358597 , -376238
422725 , -186308 , 473665
-135590 , -335615 , -555081
238134 , -128625 , 185929
-1.00504e+06 , 40959.8 , -189179
-765548 , 339578 , 768230
-302548 , 788607 , 353738
-542876 , 735529 , 395174
426947 , 527509 , -114992
-309644 , -428455 , -46035.5
-338640 , 311587 , 884127
-563229 , 247430 , 244276
-62012.8 , -306366 , 976756
295986 , 349820 , 633610
1.01368e+06 , -140675 , -426934
-466458 , 248741 , -256017
1.05751e+06 , 95073.4 , 182887
-539244 , -724009 , -128801
-444863 , 678944 , -250905
916965 , 75125.9 , 11769.4
-712612 , -531473 , -32190.1
388632 , 1.0814e+06 , -204899
823866 , -787944 , -341609
506477 , -281188 , 393721
-467887 , 324533 , 18180.3
-459696 , -33859.1 , 881397
457892 , 382965 , 228457
-319424 , 401109 , -533197
-13917.7 , 862582 , 768484
317135 , -129754 , 505398
636847 , 659960 , -644972
-235889 , -432676 , 933202
260686 , -595919 , 13944.1
556858 , 322186 , -579779
434825 , 203449 , 33249.9
-222440 , -264039 , 780320
-300897 , 229076 , -636208
-348350 , -314597 , 449672
619224 , 2671.15 , -484171
-645659 , -166565 , -99061
-208431 , 323442 , -987904
460180 , 89296.8 , 643291
-15807.4 , -90230.6 , -944001
-225372 , -770063 , 561557
237067 , 244411 , -483569
821617 , -628311 , -280395
-997775 , -63314 , 204407
-228647 , -356895 , -523646
980785 , -204992 , -285293
631789 , -240345 , 249103
-917178 , -139051 , 2097.1
580068 , -577234 , -234247
-485814 , 132724 , 544536
314179 , 303899 , 515391
-294316 , -161025 , 341062
169241 , 150644 , 641132
371994 , -726911 , 529327
-521470 , -261595 , -488194
-196380 , -523670 , -274623
-399610 , 494036 , 30071
601390 , -23551.3 , -815167
-379299 , 161076 , 425647
-950083 , 308803 , -183040
-565232 , 177726 , -560778
-92241.8 , -59528 , -829083
-64037.9 , 41748.2 , -84914.8
106114 , -500671 , 566842
510438 , 123583 , 418651
98294.9 , -442547 , -756505
-173557 , 312025 , 293549
231658 , -284065 , -440950
-487636 , -138880 , -625909
189366 , 281857 , -263123
-20811.2 , -406925 , -161608
-95504.4 , -37704.8 , 505166
636127 , -417284 , -141302
-427095 , 209881 , -113441
465427 , 30322.9 , -942119
44311.9 , 310114 , -63640.6
-580559 , 571556 , 144896
-95460.1 , 517247 , 764074
-222819 , -916741 , -156085
-229741 , 500323 , -280256
608630 , -387412 , 409468
-292940 , 779847 , -62258.6
-80074.7 , 428895 , -53821.6
502230 , 441640 , 65855.8
520630 , -456418 , 712934
-529288 , 43247.4 , -562863
661209 , 592012 , 22719.8
-588674 , -862023 , 251151
-201083 , -901674 , -1.08942e+06
-528815 , 304037 , -65785.6
376598 , 344900 , -671197
-482754 , 352052 , 1891.56
781665 , 173021 , 280970
798683 , 649961 , 1158.94
-609119 , -22184.5 , -583234
-324306 , -267046 , 19958.1
45430.2 , -250823 , 505258
-853049 , 555035 , -25750.1
-204736 , -708646 , -277855
-801964 , 138877 , 468913
220786 , 33437.7 , 65171.4
-338651 , 617258 , -150051
-103771 , 31495.8 , -47963.2
173257 , 121391 , 1.086e+06
477198 , -478729 , 751999
-24607.5 , -950056 , 47857.4
385831 , -538816 , -82632.6
321216 , -535014 , 66152.5
-1166.97 , -302355 , 572738
-572866 , -556266 , 597193
-520553 , -173317 , -211267
149980 , -80283.8 , -701406
332200 , 294701 , -719436
599185 , -411643 , -204352
463426 , -150078 , -178097
315917 , -353938 , 17084.1
245527 , 348088 , -540554
260920 , -16457.7 , -168674
-364783 , -117004 , 962816
-279622 , 815914 , 225377
-349519 , 68291.5 , -232873
607996 , -57078.2 , 331140
361583 , 323401 , 36464
422299 , 243002 , 518132
105878 , 422904 , 174354
231994 , 16759.7 , -618595
-700125 , 472237 , 300187
148719 , 190281 , -240002
-779910 , 321300 , -449521
-290595 , -352082 , 216483
-461031 , -130258 , 268255
-556542 , 521513 , 501958
1.20385e+06 , 190404 , -227402
650049 , 737586 , -443730
190719 , 632839 , 136853
321562 , 273603 , 578622
241635 , -351647 , 383395
368110 , -261922 , -92048
245771 , -775294 , -718696
-450199 , -929459 , -249408
-314070 , 413565 , -56322.1
292524 , 473438 , 405200
-99919.3 , 65645.5 , 868054
-161397 , -287669 , -143037
506208 , -901615 , 55653.5
-639312 , -748139 , 908317
113408 , 393672 , 71697.9
-106125 , -474938 , 723022
-443556 , -423480 , 232188
97540.7 , -181723 , -610150
-82981.6 , 378813 , -297649
-631909 , -191296 , 600707
-708869 , 520549 , -218417
-442494 , -28100.9 , 662960
530675 , 14406.4 , -242539
431711 , 337917 , -518883
-308952 , -693553 , 197227
387789 , 305975 , 398590
1.16835e+06 , -599160 , 449842
503566 , -362350 , 257946
945106 , -90194.6 , 566352
-160401 , 535531 , 1.09881e+06
-178129 , 422094 , -1.03011e+06
108052 , -127373 , -26083.9
-223344 , 471907 , 663650
231255 , 739737 , 644874
273782 , 90045.9 , 566066
99337.5 , 31889.4 , -279534
333592 , -215865 , 89849.9
-190175 , 137720 , -679336
-690291 , -65254.3 , 25456.2
-480648 , -526921 , 423474
99886 , 205403 , -311497
60850.5 , -452584 , -145344
-71106 , 252442 , 975297
-608306 , 81666.5 , -123783
-568567 , -602555 , -187321
152238 , 577271 , -378629
-849807 , 383644 , -177593
206435 , -233548 , 303181
224722 , -213642 , 36060.4
543376 , 304789 , -147465
63799 , -238286 , 293662
-354804 , 392642 , -546900
-260551 , -577128 , 218095
-147489 , 115496 , -873340
-16953.9 , 740831 , 75578.6
-101563 , 409745 , 230653
-597068 , -886479 , 46923.3
560251 , 188077 , 142209
245065 , 159664 , 638980
-453088 , -542449 , 259148
960872 , 288816 , -626699
-24303.8 , -768901 , 641053
-871856 , 456952 , 300924
-62488.8 , 35318.1 , 927605
365576 , -9644.61 , 781084
511132 , 84257.4 , 988661
-232254 , 615074 , 357735
574855 , -176324 , 327433
-412528 , -383198 , -1.10046e+06
509037 , 70150.9 , -26387
-452601 , 550936 , 118860
102144 , -115482 , -450196
932653 , 226570 , -40260.3
348804 , 669075 , 114828
76542.1 , 226569 , -269085
8585.42 , 602194 , -107876
-549503 , 251807 , -275218
-552494 , -568207 , -146.764
-384373 , 671678 , -571964
-125312 , -711498 , -424697
-584294 , 423870 , 286192
218325 , 220917 , -836296
652583 , 294492 , 23919.2
-179490 , 706065 , 239807
-586373 , 378084 , 587283
680657 , 104090 , -468663
82991 , -436622 , 52863.2
-257254 , -653095 , -721188
-394277 , -272997 , 191921
-295138 , 302107 , -192002
-937652 , 15879.1 , 192295
321641 , 456121 , 666032
521489 , -232274 , 242385
-230018 , 499871 , 21726.9
171936 , 936765 , -75318.3
-414621 , -615261 , -58873.9
749576 , -383780 , 201266
-499834 , -334791 , -225899
-668708 , -826687 , 433115
-936145 , 325531 , 340707
-608945 , 627888 , -112095
-51658.7 , 1.02982e+06 , -572693
-467797 , 970100 , 244932
-44194.2 , -268807 , -282739
-17624.9 , -332520 , 1.03195e+06
796966 , 226277 , -198857
453117 , 859240 , -6042.91
119007 , 447454 , -57553.5
511102 , -124996 , 611307
-822651 , -645541 , 240953
-327286 , -22657.2 , 828463
90511.3 , 548575 , 135349
-105074 , -284997 , 230804
505074 , 208424 , 177535
-979557 , 206062 , -130540
-195430 , -451556 , -581272
-174517 , 382938 , 780056
-21413.1 , 145773 , -583778
735403 , -631591 , -395886
370377 , -1.03614e+06 , -455088
688801 , 192889 , -438213
534405 , 403704 , 92057.8
334849 , 725236 , -128015
311874 , -394999 , 265775
-133425 , -104132 , 264013
-85093.7 , 95919.8 , 672873
-446426 , 455384 , 484413
-218821 , -757557 , -407543
141409 , 298623 , 642125
204012 , -890833 , -201346
352813 , 317271 , -95175.9
57858.8 , 200521 , 83553.4
-23618 , 390380 , -579297
-55493.9 , -653149 , 282491
607737 , -264350 , 579207
117422 , 79468.5 , 404317
-734609 , -138272 , 476435
703147 , -64810 , -31298.6
352098 , 218333 , -130787
115164 , -164766 , 49318.5
388043 , 47571.3 , 610284
-342309 , 12210.8 , 276183
69261.7 , -469281 , 921778
1856.86 , 692222 , -12671
-476641 , -309684 , -14038.5
-409162 , 277254 , -308803
234033 , -165726 , -139682
-98385.2 , 119385 , -63823.5
168844 , 403538 , 940219
344016 , 577359 , -60651.8
-278843 , -465326 , 354200
50595.6 , 577649 , -123626
537488 , 36124.7 , 335467
237988 , -91193.6 , 728309
639551 , -64497.8 , -384343
585264 , 379537 , -87245.3
-52986.8 , -401670 , -1.04857e+06
-502970 , -805297 , 171704
-604021 , -693636 , -101595
788248 , 336504 , 479960
932221 , 287013 , -214875
89368.5 , -637188 , 282925
686211 , 319924 , -35237
175596 , 548960 , -675067
-414065 , -675997 , -5997.91
586793 , 337097 , 58671
277188 , 297365 , 499328
127029 , -504704 , -343192
-160767 , -256584 , -315665
243464 , 921018 , 571357
-961718 , -615590 , 290238
-241043 , -749967 , -24926.8
756299 , 62836.5 , -165765
-367584 , -431203 , 378403
108262 , -683716 , -361425
525709 , 186111 , 466960
500418 , -257368 , 111755
531081 , 485786 , 331467
28242.5 , -166680 , -55713.8
383494 , 837491 , 260781
-343892 , -266812 , -462901
352623 , -56872.5 , 896934
-36100.6 , -635534 , -396668
-835201 , -287664 , 33619.2
197122 , -309220 , -828394
225718 , 171346 , -569005
158892 , 617052 , -191448
-132702 , -497609 , 280612
750487 , -434650 , -79231.7
-133931 , -557747 , 508158
-487062 , -462258 , -876832
113105 , 207552 , -439914
-3809.32 , 345570 , 474211
543145 , 176475 , 254425
205334 , 457468 , 725808
-287079 , 167301 , -109930
-760346 , 381737 , -316711
661807 , -704869 , 297758
-176822 , -36483.6 , 27988.2
-521441 , -518822 , 298925
-64811.8 , -1.14878e+06 , 321474
200609 , 74673.4 , 555261
-94058.6 , -159540 , 305259
-220678 , 623957 , 857698
972933 , -149258 , 212988
596358 , 232209 , 785361
-772077 , 53023.4 , 37703
-378926 , -199136 , 97923.6
-429781 , 186833 , -599337
375517 , -501483 , -139771
-959077 , 414606 , -86420.7
593329 , -67636 , -77883.2
-660443 , -406475 , 115288
133353 , 296341 , 943855
82510.4 , 813133 , 154516
-502132 , 41161.7 , 363964
-632626 , 242638 , -721896
662875 , -414436 , -208567
510120 , 165024 , 730833
-490376 , -404543 , -171505
-9515.88 , -519913 , -479332
154814 , 50416 , 367384
707612 , 616425 , 450299
-803407 , 22200.3 , 491020
-262979 , -268463 , 403213
-53358 , 413154 , -156205
122288 , 832223 , -7762.89
400017 , -351421 , -152686
-117681 , 542589 , 266343
-341620 , -968739 , 323963
-336588 , -266673 , -287142
-43636.6 , 659779 , 315012
456190 , -563436 , -118176
-83941.8 , 7326.35 , -497936
581507 , 411128 , -527247
-650428 , -116045 , 227807
-216754 , 652479 , -16835.4
340710 , -512527 , -4586.97
487929 , -512624 , 586853
879756 , -31585.4 , 263957
-395884 , -482105 , 86656.6
84921.7 , 509943 , 206638
20561 , 582867 , -280324
-143869 , 93379.5 , 477096
166730 , 444711 , 64818.9
-735431 , 266882 , 49359.6
495089 , -128124 , -153924
703769 , -76223.9 , -379006
927231 , -57306.5 , -150922
124646 , 104558 , 936920
422317 , 558971 , -115244
-681023 , -270806 , 274783
-62940.1 , 298907 , 145512
590493 , 294022 , 308374
249617 , 200635 , -330164
828560 , -22346.1 , 651187
232688 , -516167 , -463663
-275873 , 2848.93 , 939893
69955.1 , 149212 , -889810
789575 , 348460 , 347086
451277 , 234816 , 418728
-331893 , 605505 , 100815
-497187 , 271668 , 377083
308649 , 137642 , -740360
924208 , -229527 , -184510
356488 , -784682 , -9853.27
-366904 , -823268 , 219551
-434240 , 201253 , -662616
24148.1 , -766074 , 221813
-506881 , -23286 , 548351
-123510 , 675368 , 82369.6
29149.2 , -54482.3 , -298699
-289536 , -245063 , -147857
935299 , -31214.1 , -551554
-982291 , 380368 , 456267
-341120 , -671922 , -550573
765088 , -436158 , 490379
-380848 , 183131 , 751626
107034 , 1.07122e+06 , -376601
-518457 , -214898 , -103184
839938 , -165455 , -344451
26525.2 , 386422 , 560124
-83114.3 , 559469 , 77380.9
-466055 , -63682.3 , -394504
313621 , -425697 , -619464
-379675 , -480711 , -59194.7
640195 , -56505.1 , 430704
391659 , -80409 , -1.26494e+06
126612 , -49391.7 , -619219
519577 , 383664 , -470793
-350860 , 405651 , 727651
-6680.66 , 379918 , 715678
919406 , 501045 , -189541
120325 , 450680 , 89489.7
297511 , -661548 , -512082
-581053 , -572739 , 754836
-19331.7 , 652591 , 895019
262943 , -592767 , 86455.7
-199684 , 313562 , -384069
601241 , 25842.5 , -130957
50584.5 , 264087 , -659808
-560459 , 295922 , -241830
-103606 , 222881 , 119320
455480 , -253654 , 613815
-456650 , -671569 , 552440
-880078 , 590965 , -354071
309548 , 367997 , -362026
-248348 , -200638 , 476007
359670 , 520979 , 85687.5
623237 , 205868 , -746186
-850497 , 414102 , 215358
27122.7 , 322614 , -243478
416300 , 788714 , -257991
-263481 , -602429 , 346369
827953 , 205971 , 250430
256185 , -264903 , -12397
-723434 , 281481 , 749127
470030 , 163119 , 864987
880505 , -235160 , 76978.1
-146921 , -327796 , -96974.3
-244621 , -896516 , 70288.5
739896 , 196911 , 95214.5
861704 , -91664.2 , 629149
-403835 , -340806 , -1.01171e+06
635412 , -814069 , -52331.3
410492 , -618247 , 311073
-576738 , 316134 , -185621
23572.5 , -231518 , -69733.8
240243 , -44164.2 , 339689
336569 , 676784 , -94805.7
-421606 , 139247 , 204797
-484178 , 7642.23 , 111817
-37998.6 , -448957 , -930604
133217 , -400954 , 305228
416160 , -220517 , 206123
-339815 , -702166 , -260651
617623 , 105108 , -332614
-796513 , -61595.7 , 53267.1
770308 , 10147.9 , -236183
54609.9 , 417162 , -601517
-457183 , -10367 , 558281
-286577 , 537914 , 480019
743567 , 74133.6 , -187306
243361 , 825572 , 319285
28317.2 , -699342 , -563690
-597311 , -33954.3 , 667328
608635 , 418295 , 217769
-253572 , 258471 , -231448
2400.84 , 291100 , 404040
353539 , -592939 , -204280
330467 , 186033 , -17657.5
-239094 , 267187 , -524955
-748150 , 280131 , 302831
-31571.8 , 289033 , -96342.9
272739 , -860935 , 529790
538231 , 68701.6 , -568722
-375942 , 356529 , 638358
423003 , 34326.3 , -818188
69017.1 , -941201 , -446240
-767739 , 345594 , 17780.5
359870 , 857028 , 198157
-411263 , 84595.9 , 735890
-151926 , -1.16601e+06 , -325534
-159095 , 181968 , -645871
-341084 , 463634 , 544896
683473 , -272341 , 214981
-5202.49 , 153923 , -437292
-85384.4 , -520162 , -963632
-62584.6 , -185294 , -513591
445393 , -133028 , 48788.2
1.00959e+06 , 378398 , -412434
867631 , 14174.6 , -18205.6
-346984 , -470258 , 336818
-275624 , 19917.4 , -630205
397162 , -295246 , -190001
107069 , 208390 , -567722
457362 , -166288 , -996022
286525 , -397176 , -370107
-98793.4 , -140907 , -480672
-426974 , -6856.96 , -127760
-216271 , -27308.8 , 733210
165309 , 867180 , -466577
-516888 , -501407 , -286827
-1.10305e+06 , -337255 , -112215
64784.9 , -869212 , -662256
612697 , 380210 , -1.04688e+06
-476810 , -459355 , 98561
404604 , -809757 , -447924
-662378 , 8377.27 , 414297
650368 , -658912 , -261103
17133.5 , -465201 , -562210
-215650 , 111875 , -505628
-4890.65 , -61761.4 , 82917.5
332728 , 185243 , 331910
770684 , -634855 , 683267
-779187 , -684714 , 357691
-458546 , -375660 , -341975
-98840.7 , 297897 , 80581.7
-605235 , -7582.77 , -169328
376715 , -499868 , 393954
-19364.6 , 516408 , -676317
-33367.6 , 316423 , 400306
775781 , 542769 , 981433
-508964 , 885845 , 325617
524191 , -273562 , 493891
39424.2 , 312050 , 264557
72822.9 , 1.06736e+06 , 443922
891437 , 87373 , -318727
342634 , -401214 , 730751
387097 , 289534 , -422540
67527.8 , -800422 , 24783.8
122780 , 249270 , 814289
601425 , -290553 , -16674
892319 , 28339.4 , -51165.6
-217297 , -40153.8 , -836426
290433 , 165001 , 739512
356151 , -229885 , -595299
666143 , -163930 , 210136
-437348 , -421362 , -789170
508068 , -542554 , -862878
-605057 , -432592 , -868838
-32582.8 , 293200 , -569088
372012 , 887960 , -140063
696879 , 377081 , -153648
-36109 , -285813 , 616943
245168 , -629979 , -167509
-145894 , 396.655 , 551803
-643391 , -526571 , -448576
-248568 , -371815 , 174812
-693584 , 12387.6 , 158648
-402976 , 332861 , 1.0436e+06
425561 , 623771 , -1.11365e+06
34935.8 , -91678.9 , 746477
-397940 , 368161 , -434281
534743 , 157641 , 419845
73101.7 , -813247 , 620428
-84217.3 , -150536 , 675242
-513353 , -616133 , -24000.6
-28539.3 , 781725 , -55748.4
603173 , 520179 , -5008.08
195860 , -903067 , 362143
496314 , 684239 , -662503
672074 , 103297 , -70331
265701 , 56554.4 , 812589
-207412 , 787393 , -269734
-85821.3 , -380087 , 618110
-761852 , 41682.2 , 88130.2
283507 , 507532 , 288084
267295 , -133110 , 521179
-381994 , -237310 , -388610
-967348 , 325088 , 177593
54954.2 , 317585 , 350498
-575734 , -219268 , -83010.5
551054 , 862287 , 391734
639047 , 629455 , -273913
698137 , -382966 , 106104
-637784 , 301102 , 708083
376792 , 816937 , -89504.2
976291 , 290866 , -501677
604434 , -334340 , 725102
-296901 , 693970 , 113065
-175190 , -546141 , 226892
-411292 , 97688.1 , -216254
306982 , 457634 , 1.05658e+06
7695.34 , -751598 , 303801
-823622 , -602559 , -317661
-561897 , -248311 , 111866
441147 , 63051.9 , 121108
-181866 , 308052 , 298194
-735305 , -241969 , -94907.9
335372 , 338586 , -52753.5
447417 , 800968 , -327423
687428 , 437214 , 294855
592410 , 157056 , 129014
-175888 , -433611 , -607567
717962 , 269441 , -356835
-130572 , 599740 , 585893
400430 , 331657 , 624046
454123 , -328390 , 918021
531271 , 60132.2 , 751232
-119030 , -881742 , 31170.8
-28202.8 , 172981 , 150384
-567849 , -117500 , -131171
-660665 , 30721 , -121680
50892.3 , -533460 , 757798
-489787 , -219158 , 527046
-361813 , 526629 , 527643
715314 , 451212 , 649355
-337563 , 169223 , 559198
-211947 , 40122.6 , -448167
-266960 , -623704 , 362551
49016.4 , 983713 , -154192
-267134 , -333537 , -431189
427225 , -347138 , -661073
-119799 , -475846 , 474472
36757.1 , -672530 , -806651
103762 , -519791 , -106857
259325 , 7696.57 , 599027
749995 , -8476.51 , -314451
-576554 , -944345 , 172614
466514 , -253704 , 230606
553660 , -347667 , -185782
-564318 , -850957 , 110013
495786 , -304351 , -355767
-545033 , 283895 , 370358
-120621 , -438667 , -143000
946504 , 244517 , 400868
-423249 , 599394 , -746915
-94059.3 , 261826 , 708117
-60825.3 , 804375 , 660072
-317669 , -358569 , -150487
-368600 , 387391 , -152393
-330903 , 424869 , 781060
-25905.9 , -446768 , 263115
123485 , -500240 , -87697.1
-58014.2 , 527293 , 233385
431935 , -801432 , -278298
93768.1 , 134024 , 546788
72547.8 , 1.04772e+06 , 12008.2
-103684 , -567390 , 514594
739294 , 902774 , -22283.8
-473740 , -81946.2 , -596087
-214998 , -367630 , 284442
285805 , -757297 , -543586
-624137 , -812824 , -7625.86
420414 , 267356 , 1.10986e+06
1.09983e+06 , -364575 , -597341
88115.8 , 125280 , 283218
631752 , 210275 , 668186
-222264 , -130411 , -168327
-530111 , -224738 , -854171
488931 , -299081 , 191447
-94078.6 , 46159.5 , -762628
51169.4 , -619349 , -82605.9
-373693 , 352821 , 452627
-463209 , -743194 , 231685
-526836 , -146917 , 735283
-80590.9 , -406808 , 752760
-422298 , -785388 , -375482
96945.6 , 630056 , -754856
-651189 , 418299 , 244166
-111818 , -648952 , -899670
75121.1 , 630365 , -380636
-437845 , 51869.5 , -327497
561093 , -113064 , 1.12143e+06
-467681 , -477717 , 283885
-305223 , -21071 , 607806
-695745 , 378924 , 196066
471920 , 423951 , 708132
129750 , -613021 , 139227
-12524.7 , -941267 , 184654
-287933 , 242226 , -1.03275e+06
-266436 , 66782.2 , -671532
292897 , -370588 , -91294.9
-117437 , 547546 , 512729
-336291 , -100379 , -197631
-562140 , 234184 , 616317
-972999 , -5283.39 , -262209
275249 , 306678 , 334372
718666 , 656265 , -219253
-420411 , -518177 , 437391
1.06758e+06 , -27230.7 , -116917
-772621 , -465568 , 662373
135577 , -156731 , -913430
244375 , 87486 , 304947
-249127 , 492855 , 311022
-739718 , 96985 , -332618
-415338 , -408634 , -168032
631497 , 377693 , 346508
-213201 , -175603 , -287450
-26262 , -96444.6 , 1.00511e+06
202943 , 292989 , -695891
-42678.6 , 611174 , -595424
197642 , -188583 , 182471
221644 , -400169 , 819590
248847 , 44501.9 , -1.00551e+06
-621185 , -1.03854e+06 , -323669
265241 , -441019 , -305310
557789 , -861992 , 39066.4
118905 , -52607.8 , 136879
-529120 , -59505.5 , 194168
278426 , 83253.2 , -97790.4
-266245 , -392720 , -472804
-801434 , -88063.4 , 270527
401655 , 644478 , 564089
-124406 , -741558 , 636118
374213 , 272427 , -901299
70194.5 , 928884 , 633655
42398.5 , 396559 , -280684
-77100.6 , -459908 , -795269
-444897 , -528534 , -150912
-145905 , -127691 , 207222
400724 , 72406.9 , 241029
22986.5 , 359826 , -156378
-206141 , -518961 , -561390
685543 , -358529 , 233410
546998 , -293854 , 613143
132521 , -525487 , -587550
519228 , 13842.2 , 572972
307121 , -190165 , 208519
482216 , -237752 , 565476
644589 , 245488 , 755353
267777 , -16973.1 , -165606
431139 , -371168 , -476635
617246 , -410838 , -660994
-257998 , -624130 , -86411.6
-501167 , 44713 , 100313
246452 , -644566 , -195581
145277 , -938357 , 152151
-771939 , -626275 , 128750
516164 , -675245 , 430758
159111 , 163096 , 615797
-693958 , -411099 , 533635
377033 , 949161 , -11621.2
576310 , -221238 , -464493
-19725.7 , -551606 , 721901
669938 , 316193 , -645171
82992.9 , -511216 , 129803
-391244 , -301049 , -408430
807281 , 2732.88 , -429897
168933 , 371936 , -23533.1
-283789 , -170295 , 157249
-431474 , -393617 , -41758.8
460980 , 74022 , -425021
-547829 , -454528 , 414212
331372 , 102576 , -35258.2
-205782 , -573066 , -527299
-703622 , 129273 , -391989
474445 , -406241 , 13388.5
-370676 , 672971 , 342392
94087.1 , 386852 , -15411.7
762254 , 73892.1 , 658615
237056 , 681180 , 641792
230056 , -37679.5 , -650963
-340736 , 128342 , 43676.5
298061 , 601014 , 535176
-27253.9 , -202629 , -601145
357824 , -314516 , 1.02716e+06
560796 , 15929.7 , 1.18132e+06
-417144 , 393526 , 235388
-1.01782e+06 , -13239.1 , -219890
-481908 , -362082 , 379948
16707.7 , -483168 , 797014
606027 , 699818 , 381307
-348941 , 144971 , -163113
-774876 , -211380 , 218313
-100527 , -680769 , -266920
969495 , -324814 , 106913
-389183 , -320214 , -561526
508176 , -472264 , -393373
512208 , -338553 , -21299.3
784727 , -365289 , -32703.2
213173 , 243766 , 710800
-296665 , 737681 , -109084
-40872 , 845803 , -65352.4
-521638 , -690790 , 53954.7
407284 , -121593 , 211317
597057 , 890698 , -44873.9
-136827 , -86341.1 , -803193
-302753 , -582300 , 86529.3
578514 , -267910 , -112046
-11788.3 , -371354 , -389858
732737 , -530210 , -282939
523876 , 399659 , 350537
396180 , 464886 , -216910
-508596 , -511022 , 473004
-845876 , 454592 , 494646
349083 , -449290 , -525497
392093 , 349007 , 271668
773287 , -229545 , 88167.9
-107149 , -534195 , 174190
-471099 , -542657 , 405304
612118 , -220147 , -22383.7
59368.2 , 345710 , 24936.7
816869 , 133046 , 166686
-452969 , -21142.7 , -45784.8
707139 , 143969 , 84431.8
-553149 , 92171.3 , 735916
323222 , -294062 , -296309
-710092 , -75757.8 , 300335
445235 , 1.02554e+06 , -401480
-206456 , -773415 , 416089
-215689 , -273140 , 323240
448911 , 294027 , 306261
-632954 , -232494 , 413289
439715 , 807400 , 236607
-799852 , 496152 , -325847
260477 , 667947 , -35601.1
-235381 , -88604.1 , 15904.2
327834 , -322020 , 203171
365203 , 142939 , 845384
117680 , 365116 , -39709
-638859 , 31932.9 , -419097
-350698 , -94061 , -1.03181e+06
238818 , 538117 , -308880
777315 , 506463 , 309771
-433449 , -81605.2 , 294551
241581 , 187175 , 374066
-635438 , 468611 , -28827.4
279118 , 669082 , 306431
86379.4 , -303738 , -201267
-269473 , -699224 , 251576
188075 , 380728 , -216868
-120115 , -181979 , -246264
425529 , -540223 , 74667.7
-801456 , -83906.9 , -435409
470541 , -547387 , 359275
-523162 , -832567 , -299331
-320047 , -269297 , 114335
650237 , 65460.8 , -124716
-383605 , -802880 , 306144
262185 , -487179 , -210989
647696 , -262096 , 59812
895193 , -263532 , -164231
-751901 , -684106 , -242855
617847 , -11456.5 , 710004
308381 , 533547 , -733082
-753307 , -240163 , -9290.71
-1.14665e+06 , 290089 , 24672.4
413756 , -130421 , -672266
223864 , 468108 , -200042
416809 , 201538 , 869860
776248 , 255320 , 308461
130409 , 923999 , -70315.1
211849 , 36157.4 , -557129
144758 , -741831 , -714695
-182915 , -69299.8 , -333788
-311229 , -936172 , -464076
112580 , -622562 , -266227
-397136 , -855691 , 604612
296017 , -75555.5 , 490069
494779 , 837811 , 711733
142790 , 394933 , 262676
355818 , 103040 , -726568
-294418 , -381063 , 628523
-509703 , 3629.06 , 861484
943524 , 293350 , 841571
-104115 , 65731.9 , -1.11111e+06
114090 , -39443.6 , -857367
415771 , -117417 , 984009
202226 , -263114 , -178340
-251904 , 547090 , -527406
443305 , 583753 , 346821
444331 , 756082 , 565908
909188 , 198648 , 76919.3
828191 , 362855 , 368174
517115 , 146407 , -300846
491681 , 469222 , 500070
-303265 , -57909.7 , -264116
-193677 , -568568 , 865863
602639 , -161035 , -68803.1
504025 , -533658 , 760662
162016 , 396074 , -388464
487592 , -65098.5 , -305315
393369 , -298891 , -160562
-97984.1 , -297471 , -704030
-1.03466e+06 , 25465.2 , 477613
-36764.8 , -154551 , -185315
989943 , -161639 , 289134
-240327 , -652660 , 367344
304425 , 33638.5 , 686887
-420038 , -408210 , -411926
159461 , -25068.6 , -337336
280071 , 391752 , -187822
-344368 , -266406 , -43143.1
119980 , 834389 , -151408
545726 , 123751 , 371366
825484 , -71410.6 , -177810
516019 , -854264 , 354229
131713 , 169482 , 122832
532066 , 122834 , 15583.8
-159166 , -104201 , 108257
-525776 , 830087 , -174938
808689 , -538219 , -231524
189952 , -446342 , -1.0758e+06
-271070 , -62475.7 , 678969
-517510 , -375975 , 293645
-98660.3 , 436727 , -881217
117585 , 925850 , -454659
275486 , 157513 , -14626
102294 , -506997 , 716735
-101806 , 248506 , 605809
118105 , 257719 , 23799.1
-156351 , 12133 , -181594
-662492 , -138506 , -46445
682293 , 683052 , 384252
565471 , 587627 , 33286.5
300990 , -720887 , 914593
307527 , -859518 , -468213
-226143 , 295071 , -228123
-509182 , -574907 , 551190
142661 , -310326 , 37688.3
-322404 , -279929 , 438477
321184 , -84853.6 , -378661
-105375 , -167036 , 755147
-423665 , 342657 , 315629
112566 , -119891 , 350119
98554.2 , -464265 , 520254
61668.6 , 311677 , 348870
67122.7 , 629111 , -450178
-151804 , -655922 , 183325
363637 , -256049 , -258899
-227013 , -151885 , -431940
239058 , 405140 , -77672.9
-23121.2 , 524344 , -233225
237196 , 680806 , -40570.4
-448349 , 248424 , 555417
260751 , -218416 , -850509
-473620 , -124296 , -249367
-658586 , 353352 , 262282
-356196 , 87085.5 , -951730
-675209 , 282758 , 277140
-105476 , -420570 , 554551
-288089 , 321838 , 468307
-773515 , -484316 , 794490
558362 , -491203 , 502965
917107 , 251609 , 289437
-792861 , 174536 , -186662
120900 , 764861 , 122405
524645 , -41806.5 , -853206
29818.1 , -420191 , 591743
-66357.3 , 425835 , -859953
-184717 , 515992 , 318536
542041 , -735226 , 898682
184225 , -178785 , 634947
279434 , 833143 , 257824
280239 , 417357 , -88265.5
448330 , 511886 , 822576
-314248 , 35637 , -707162
-53014.4 , 495870 , 151223
245304 , -194562 , 716179
-447531 , 676091 , 114118
55485.5 , -214084 , 932923
629549 , 320686 , -511820
390332 , 675975 , 798694
64873.4 , 901338 , 184325
711291 , 131752 , -99914.4
-139124 , -676222 , -422202
-79729.8 , -741810 , 605017
639946 , 309550 , 439798
864475 , -56087.9 , 127454
511505 , 596647 , 629880
-84419.9 , -315245 , -795639
330790 , 305782 , -574547
-950044 , 802465 , 225071
150299 , 375253 , 818136
-206857 , -416359 , 232772
733634 , -293931 , -36147.5
-601059 , 163962 , 242583
-427255 , -582733 , -496939
-227969 , -359493 , -697887
-727884 , 238329 , 165569
303274 , 428780 , -306961
217381 , -248964 , 626153
106762 , 399307 , -597238
543206 , 14307.7 , 560675
-231486 , -870699 , -509986
303997 , -437238 , 115707
-8453.84 , -583504 , -899343
-604714 , 247805 , -728680
-398685 , 661106 , 385516
51578.1 , 451122 , 664240
-382261 , -894277 , 294708
381499 , 727502 , 399380
524277 , 486692 , -418624
679056 , -79448.5 , -261974
827153 , 81734.5 , -75211.5
166580 , -72884.7 , 316736
572066 , 462880 , -560336
-65248 , 275086 , 151500
745565 , 146811 , 123000
-484293 , -846486 , 446519
-124502 , -11471.5 , -686257
586635 , 399568 , -30459
-273855 , 86997.4 , -221741
26483.7 , -448691 , -754462
-601307 , 637339 , 263311
896115 , -142712 , -76349.3
741318 , 203508 , 373889
-60892.2 , 701403 , -80873.4
-641888 , 724866 , 313918
56399.4 , -59539.9 , -1.10477e+06
-324263 , -188840 , 496788
-230882 , 23521.6 , 596004
17537.5 , 660496 , 1.08387e+06
821003 , 170608 , 307701
829359 , 80399.8 , -220590
-32372.8 , 367067 , -857331
-80030.2 , -496718 , 449635
-15009.9 , 266804 , -613196
-576022 , -685544 , 270107
216769 , 17753.3 , 286771
-118750 , -547848 , -282192
-344166 , 925545 , 145021
902116 , 100237 , -595829
-651109 , -596093 , -342933
-165166 , 148409 , 109548
311415 , 10142.2 , 616133
-273412 , 378309 , -620959
1.16557e+06 , 374316 , -291330
977769 , -671985 , 499048
-510182 , -628997 , -26375.9
-123996 , -871551 , 614945
-15857.7 , 86818.2 , 738528
54657.5 , -459287 , -756094
-580347 , -795606 , 88840.8
843954 , -308211 , 70156.7
-352224 , -161631 , -249871
-32193.2 , -69155.4 , -256799
-481611 , -42399.2 , -348541
-884442 , 272973 , 21264.6
397804 , -173690 , 567211
5778.32 , 416267 , -659940
-581054 , 278366 , -794808
-339658 , 617025 , 723314
280446 , -284740 , 90094.6
-603272 , 831023 , -234165
43979.5 , -35191.9 , -937071
-371717 , 626381 , 187162
-185413 , 112512 , -135582
1.05927e+06 , 481752 , 31458.5
-4423.36 , -426647 , -791035
813076 , 734027 , -661543
-149978 , 612200 , 309626
606615 , -28499.7 , -491618
44040.8 , -82978.1 , 1.23445e+06
-275057 , -198941 , 601689
-363378 , 8610.95 , 967058
-325397 , -408049 , -1.18469e+06
626573 , 210307 , 190352
-160307 , -649676 , -619825
-745606 , -339497 , -431633
-233177 , 220690 , 749294
-332633 , 170701 , 151570
728071 , 348224 , -298407
354306 , -195968 , 888075
248938 , -1.09312e+06 , 23053.3
863738 , 345844 , -448679
-504454 , 357995 , 414503
98994.8 , -561027 , 620354
-255973 , -863694 , -377659
23015.5 , -512543 , 691747
702359 , -168898 , -49532.5
-469666 , 609956 , -829834
-186663 , -362084 , -630787
-463981 , 946200 , 107134
392545 , 99905.6 , 389878
711516 , -408816 , -325293
-684611 , 233313 , 166558
-166893 , -492388 , -551781
240830 , -1.01468e+06 , 196467
722143 , 398808 , 307979
499663 , -35934.6 , -20842
-59704.8 , 23312.7 , 292981
-365841 , -122185 , 223095
618353 , -166616 , -190117
-106394 , 152330 , 156641
-283910 , 378587 , 460151
-315166 , -433742 , 339951
280821 , 58828 , -826564
872129 , 65375.6 , -635655
-610796 , -370577 , -497378
-274741 , -56227.4 , 643271
-312044 , 545024 , 445337
-197775 , -82654.4 , 86939.4
581440 , -451294 , -240928
-253010 , -45133.8 , -4387.74
701240 , -159709 , 473565
452450 , 287838 , -550103
18912.8 , -69775.3 , -551621
416843 , -6528.72 , -507555
628649 , -831736 , -233507
-338235 , 672348 , 614735
308219 , -255845 , 888591
-578876 , -475563 , 15307.4
-732692 , 532625 , -292354
278018 , -247632 , 443191
2960.24 , 953392 , -463370
543081 , -440594 , -239109
126410 , -344748 , -578595
982205 , -128801 , -194454
562428 , -341193 , -268160
-232568 , 103945 , -846285
569188 , 454567 , -616026
435308 , 174014 , -18025.4
151876 , -131982 , 348576
36234.3 , 738357 , 120016
-1.00933e+06 , 226575 , 292230
254729 , -210698 , 1.00448e+06
502261 , 161647 , 72000.6
-366898 , -508094 , -658873
107929 , 829461 , -392024
984450 , 40491.7 , 205842
300181 , -656632 , 580378
934160 , -118096 , -443740
-664092 , 487179 , -100313
306867 , 664723 , 517845
-187520 , -221111 , 380048
-454797 , 660619 , 203357
509955 , 84909.1 , -9002.01
346100 , -584823 , -44271.1
-306709 , -592938 , -33263.8
-191736 , -124213 , -597579
35287.4 , -318573 , -710598
111049 , 504721 , -337448
883769 , 146771 , 302613
344620 , -661431 , -686685
470326 , -150660 , -614439
153026 , -160840 , 649888
-131110 , -541640 , -98703.1
-18669.7 , 3065.54 , 197670
-154826 , 295522 , -561276
-233612 , 396716 , -61373.3
74111.4 , 741552 , 254222
243566 , -242030 , -43305.4
-394288 , -167376 , -419791
716453 , -164082 , -776526
-502289 , -906824 , -785237
-808586 , 286919 , -210604
-537231 , 431369 , -511780
-303611 , -490486 , 45557.9
-183443 , 480406 , -484069
-266404 , -275167 , -645912
-140557 , 414022 , -117226
195384 , -99564.5 , -664490
-470122 , 429058 , -522148
-299304 , 512726 , -807526
319780 , -718126 , -216072
-873012 , -400972 , -199918
-430148 , 336988 , -269260
-807224 , 42123 , 268467
204649 , 343125 , 9918.74
490846 , 361810 , 469522
-189379 , 499344 , -847626
840240 , 220653 , 112825
-92126.1 , 190703 , 811383
608881 , 613812 , -74638.4
83684.5 , 42937.1 , -141171
773441 , 167579 , -461928
-552369 , -201780 , -97360.9
-1.00435e+06 , -97554.5 , -183840
-283134 , -121919 , 862263
-718329 , -561884 , -12950.9
-705455 , 249508 , 72680.7
-393355 , -932245 , 17448.8
-735490 , 107984 , 8943.5
234132 , -464669 , 32266.6
47529.6 , -542006 , -112524
-39152.8 , -879049 , -488854
-36791.3 , 613364 , 754370
587984 , -101824 , -81696.3
-462189 , -45621.3 , -205665
-205094 , 430369 , 504096
24757.9 , -271940 , 1.00981e+06
638283 , -433945 , 577853
-122922 , 410411 , 877859
76855.3 , -397323 , -578745
-298765 , 224549 , -348811
-739927 , 969232 , 551724
-478759 , -521344 , -550820
-369275 , -4275.51 , -111013
-119492 , 667438 , 20396.7
-11443.5 , -109774 , 174827
216462 , -344893 , 786058
583500 , 217112 , 958681
556140 , -542221 , -634871
496948 , 590197 , -380415
-67343.7 , 105260 , 572828
23261.9 , -820400 , -320.653
23511 , 633119 , -1843.1
-504840 , -408762 , 466291
144217 , 541935 , 236321
-265284 , -265874 , 584223
-360316 , -951812 , 172886
319481 , 785903 , 248618
-78257.3 , 132446 , -525552
-557182 , -706841 , 98188
748781 , 145987 , 814217
214598 , -365315 , 776370
-34376.7 , 43063.3 , -848420
500385 , 95022.7 , -62837.1
-630609 , -516988 , -275628
446618 , 408871 , 468079
246967 , -363870 , 321525
34279.7 , -481238 , -39731.6
-335618 , -109268 , 86888.5
-138689 , 231886 , 652517
386365 , -910699 , -759441
-452988 , -28673 , -221710
169145 , -73801.4 , 255032
244521 , -530259 , -15463.5
471275 , -226769 , -308025
326159 , -118124 , 13924.3
358735 , -979132 , 180703
539031 , -617405 , 172485
-229601 , 444199 , 501186
49718.8 , 477838 , 390856
-228697 , -649900 , 480148
73398.5 , 106638 , 1.03549e+06
-125951 , -63766.6 , -1.0528e+06
-749350 , 351516 , 650485
-755598 , -222002 , 496603
-76257.3 , 34032.4 , 508748
-705306 , -77317.1 , 272311
-376561 , -145880 , 525533
156810 , 67278.6 , 428999
-189779 , -3809.83 , -594010
25917.8 , -211304 , 460485
-145830 , 147568 , -686748
-282229 , -257113 , 125630
-79058.1 , 415276 , -335515
304128 , -846511 , 397815
55283.7 , 481045 , 286408
-406800 , 17156.5 , 248415
-64335.7 , -225033 , -27388.7
-362068 , -614197 , -110676
-44247.1 , 333360 , -84788.2
249740 , 56694.9 , 140750
532379 , -39927.8 , 550309
-909042 , 361349 , 814579
-824407 , -225903 , 473102
108789 , 250372 , 329133
52830.3 , 218428 , -267384
170331 , -431696 , 938433
-202347 , 722884 , -506977
-85238.8 , 493496 , 734363
443797 , -676212 , 241951
-731213 , 99412 , -84734.5
914326 , -651595 , 242888
-709685 , 308678 , 627760
13418.4 , 872275 , -98293.8
-572260 , -208828 , -192724
-276752 , -122044 , 709432
-381549 , -530485 , 151162
8092.81 , 304658 , 851710
-400887 , 231689 , -328508
773451 , 411435 , -238031
788111 , 367752 , -237576
921176 , 249746 , -29727.7
255209 , -131630 , 597973
-36699.8 , 107631 , 776194
-358698 , 124730 , 566100
-788329 , -219488 , -10605.4
366770 , 55087.4 , 701674
-773787 , -292233 , 441440
313702 , -139067 , -737083
860010 , -335578 , 387761
-399131 , 400580 , 429856
-215331 , -1.01087e+06 , 392802
-404487 , -345778 , 87824.4
-2880.61 , 756498 , -310623
116600 , 896731 , -483120
415053 , -300796 , 409551
626378 , 145732 , 254457
-195169 , 399083 , -402038
7839.23 , -171743 , 355329
137911 , -163994 , -246301
-83432.8 , 237552 , 596430
664167 , 51004 , 333235
-675009 , 608760 , -468192
-67858.1 , 290176 , 288410
426389 , -414676 , -606128
-656473 , -227044 , -81044.3
-217746 , 119840 , 674311
666591 , -335646 , -552428
784871 , -68954.3 , 407831
-435883 , 163863 , -50546.6
-729517 , 15654.9 , 53994.4
-158893 , 468733 , 332829
637778 , 510620 , -23881.4
-67805.9 , -1.08715e+06 , 120156
457740 , 17309.7 , 770684
261410 , -727703 , -527097
913486 , 34415.3 , -201560
160670 , -462750 , -161640
-527483 , -469088 , 727004
348572 , -573682 , 336698
-737239 , 72043.4 , -159551
620455 , -201659 , 663979
211431 , 246464 , -290984
224072 , 452304 , 1.04463e+06
-367890 , 628755 , -213648
116680 , 22422.3 , -807730
-207642 , 902537 , -224029
-536473 , -329392 , 286937
235192 , -272571 , -916338
500589 , -274366 , 208410
-269390 , -171166 , -200268
-406126 , 240666 , 340882
209550 , 235728 , 1169.2
921484 , -355170 , 152658
52820.6 , -587359 , 722511
-449908 , -312823 , 534422
-323532 , 18102 , 251421
-3647.19 , 568606 , 1.0196e+06
-375448 , -1.03716e+06 , -188750
-620607 , -315476 , -395490
210778 , -761322 , -301183
945578 , 219148 , -328954
213708 , -402513 , -513981
-370732 , 114591 , -355878
329209 , 360734 , 450524
91255.5 , 483080 , 533577
554251 , -145355 , -65333.6
-170687 , -59926.4 , -318969
-537316 , 2880.26 , -455828
-124403 , 172758 , 681642
163646 , -186499 , -596960
-336229 , 474009 , -791957
-629780 , -1082.92 , 168859
-108550 , -251266 , 288144
-230307 , -334528 , -254168
245049 , 445015 , 405795
13438.7 , 366016 , 881285
611083 , 340323 , -664208
-867335 , -304277 , -133800
462056 , 428326 , -565097
801884 , 256577 , 603367
-6057.21 , 456935 , 1.12419e+06
-214477 , 793140 , 430659
-742481 , 46227.2 , 110221
1.07478e+06 , 217685 , 427498
-423843 , -189144 , 913669
-459341 , 495632 , -518877
547620 , -93659.1 , -144430
856623 , -219350 , 113239
280144 , -602662 , -110897
68507.7 , -32053 , 610175
-47970.8 , -482950 , 720157
-614796 , 553655 , -104098
567008 , -45303.2 , 731883
750320 , 394211 , 502977
463038 , 808968 , -314718
158337 , 206518 , 758200
35710 , 489016 , -96556.8
-645192 , 743411 , 54757.5
342958 , -286034 , -9047.96
1.04623e+06 , 134960 , -174840
-300704 , -977495 , 152225
821248 , -349343 , 22004.4
-389861 , -58155.9 , 661140
-205398 , -513632 , -209601
-679748 , -262894 , -15877.4
262434 , 920200 , -450509
40646.5 , 36034.5 , -100333
571100 , 921234 , -140720
476671 , 798685 , -47504.7
620576 , -192094 , -236353
65859.6 , -721194 , 598388
-751624 , -577417 , -191853
343472 , -525779 , 375865
-310607 , -279971 , 936251
-430326 , -419349 , 411037
471257 , 358801 , -366602
682064 , -623807 , 515354
-892612 , -426694 , 506930
-18069.2 , 76733.4 , -391864
842891 , -37073.2 , -117817
-417305 , 899860 , -303432
157330 , 796144 , -356437
146616 , 15567.3 , -553099
14857.7 , -244634 , -266115
-311007 , -114301 , -510697
779890 , 89321.4 , -561728
-49977.2 , 722708 , 480469
-592682 , 776626 , 469871
-311054 , 651436 , 327364
-647810 , -14479.3 , -506324
-321598 , 279748 , 935832
-493556 , -216726 , -30193
362082 , 4357.63 , 353831
353762 , -1.00298e+06 , 95525.1
135435 , -341120 , 283009
-297708 , -821400 , -585947
223474 , 311703 , -273491
87477.9 , 62963.4 , 911317
800056 , -391930 , -134426
-62374.6 , -78143.9 , -252794
9089.05 , -254015 , 430175
-251201 , 609816 , 359466
403173 , -265880 , 441614
-498250 , -79130.1 , -389392
218238 , -758461 , -594862
-371920 , 952732 , -782102
543293 , -189101 , 667034
-173149 , 391607 , 40531.4
597578 , -604841 , 127051
411023 , 109720 , -216777
-801368 , 505822 , 653506
790516 , 545708 , -520661
-23654.3 , 643182 , 534243
323195 , 54025.4 , -147966
110048 , -293672 , 98672.9
538538 , 18024.1 , 308082
-229087 , -309969 , 1.04814e+06
-597916 , 682247 , 410738
-226451 , 621575 , 248790
311436 , 171158 , 527886
-737939 , 438184 , 362100
380867 , -734003 , -535101
428332 , -423980 , 154391
64307 , -892143 , -383230
-1.087e+06 , -146004 , -477518
-52832.9 , 268259 , 561692
184034 , -412836 , 618367
629885 , -458646 , -553639
32417.1 , 877747 , 260827
788142 , 485826 , -85935.6
-500706 , 216038 , -682958
-292549 , -377003 , -854261
404849 , 405547 , 560950
-832158 , -210963 , -739458
-946247 , 451467 , 182924
-330595 , 823746 , 592318
-515511 , -316392 , -134271
-294083 , 589870 , -467241
452483 , -588846 , 376694
-47330.9 , 678925 , 269436
-808292 , 204286 , 370760
618648 , -313716 , -512181
52154.4 , -457578 , 727648
-224468 , -437862 , 98531.3
584792 , -208970 , -375514
685338 , -343722 , 429936
-581223 , -196813 , 325228
-509414 , -151657 , -310883
-507793 , 463728 , -389653
635307 , -167010 , -612522
1.09704e+06 , 190758 , 427966
80036 , -254715 , 172259
-784387 , 173261 , 62387.6
356490 , 216959 , 846556
-268452 , 241324 , 417833
297067 , -646994 , 537951
569402 , 202941 , -434957
-708328 , 312340 , -673990
509362 , 423911 , 8350.25
-230581 , -261202 , -4432.04
744752 , 295026 , 287822
565050 , 42615.3 , 134327
-416522 , -219192 , -230905
-255592 , -726873 , -455906
-120270 , 67143 , 236109
320501 , 279151 , -327769
-359898 , 34540.9 , 575586
29371.3 , 663941 , -226872
164305 , 107644 , -225658
269480 , -1.05181e+06 , 149007
161381 , -615979 , 250542
-211887 , 91471.5 , 541168
-18079.4 , 645581 , 307015
-841125 , -593402 , -23015.9
-9513.24 , -366637 , 624455
-362824 , -611779 , -241291
-1.15865e+06 , 274610 , 134170
220344 , -24028.2 , -245381
487646 , -671287 , 373698
-489656 , 111058 , -814644
311862 , -29920 , -612025
-355678 , 607928 , -571104
24584.2 , -18708.2 , -95302.1
359218 , 288689 , 68124.1
681407 , -350015 , 335770
-186897 , -403442 , 527032
544385 , -430030 , -147076
815.236 , -851063 , 446066
577270 , -257751 , -260306
77498.3 , 453245 , 264636
-571925 , -568968 , 14329.8
531687 , 566517 , 951743
-257276 , 143684 , -307865
-458056 , -331226 , -464858
-471347 , 68303.9 , -794674
335559 , 605588 , -603334
-30816.8 , -371891 , 599430
120611 , -32167.5 , 778306
-624612 , 24141.9 , -149759
-563358 , 280488 , 223747
-983664 , -172167 , -464334
822518 , -422955 , 517148
549202 , -387415 , -529544
302881 , 140966 , -462976
-147781 , 667658 , 248590
-73460.9 , 206627 , -887731
334946 , -261711 , -290163
688298 , 193882 , 25632.4
819132 , 198367 , -541773
-66824.9 , 600405 , 564079
-247618 , 698846 , 526998
-518035 , 446148 , 291401
-299109 , 758342 , -171550
-542680 , 89826.5 , -746603
-512860 , -200806 , -333906
527518 , -575044 , 117098
212770 , 155833 , 72665.4
82135.3 , 207566 , -549070
56155.6 , 80990.3 , -131463
-23716.9 , 822074 , 497802
-257867 , -136100 , 865177
1.05984e+06 , -136765 , 66884.7
-227622 , -367851 , 293806
-32810.1 , 399461 , -544557
-107717 , -320998 , 453492
897904 , 203032 , 112341
475040 , 294738 , 354404
-8441.82 , -642241 , -292942
393332 , -90329.2 , 341383
444580 , -185961 , -482470
-751092 , -94108.2 , -524112
49196.1 , 258811 , 487684
793195 , -246934 , 720300
418152 , -654413 , -33318
257106 , -148633 , -487521
165492 , 406341 , 179331
-311404 , 357401 , -652637
487158 , 433661 , 289881
-132847 , 642781 , -749441
-607308 , 407938 , -3631.77
-54081 , 598745 , -240341
145913 , 906127 , 35801.3
-132308 , 437284 , -21971.2
53992.2 , 410242 , -660691
-460623 , 623948 , -331785
-126093 , 84998.9 , 239986
-883016 , -366093 , 216652
-572565 , -630039 , 527041
197973 , -845209 , -249785
-210171 , 233361 , -251679
-517995 , 376447 , -18419.7
900917 , 227634 , -131335
-278809 , 548321 , -66441.7
125235 , 33936.6 , -98401.8
-246126 , -593422 , 305968
265547 , 789020 , 286954
270230 , 544104 , -324422
539001 , 687024 , 652534
335376 , 783144 , 272017
-359908 , 262325 , 200580
-199270 , -432067 , 554014
235360 , 256909 , 337729
755979 , 137462 , 58037.5
-900061 , -702880 , -99894.3
-57214.9 , -537004 , -124285
225701 , -350063 , 406591
-564931 , -72408 , -553291
-485655 , 189230 , -593362
-234324 , 172139 , 873672
22564.4 , -19444.9 , -737798
-143392 , 373686 , 373395
274508 , 401200 , 325230
-826980 , 398238 , 342282
96913.4 , -497466 , 877053
228832 , -622274 , 493544
767040 , -663147 , -510577
526127 , 283017 , 187986
-303624 , 235101 , 174133
-465199 , 456365 , -779457
377223 , 264910 , 507763
861824 , 20655.1 , -119732
284023 , 516033 , -944602
-345055 , 248728 , -468967
-239869 , -364350 , -639675
-76470.1 , -212017 , 629125
-331261 , 373907 , 629461
-222127 , -666852 , -456785
-618057 , -474284 , 450234
-28957.8 , -163261 , 427864
-278750 , 54907.2 , -244251
-527416 , -69284.7 , -136670
109986 , -139483 , -1.17504e+06
-771983 , -209525 , 286333
-21346 , 478369 , -731156
-568377 , -598157 , -376629
362712 , 931345 , -216113
566243 , 278891 , -3345.37
-231615 , 55863.6 , 404387
76255.8 , 97621.4 , -331111
591498 , 738556 , 282076
-154940 , -519035 , 564075
108721 , 970771 , -221056
-126564 , -197598 , 988323
-973865 , 275816 , 662280
-257808 , -139867 , -66331.4
650539 , -150151 , 41897.4
-249718 , -11442.5 , -452766
137246 , -153735 , -67556.6
-23301.7 , -689819 , -95102.6
-322087 , -593846 , 186689
-562484 , -354182 , -686097
286775 , -1.01635e+06 , -151611
332360 , -497892 , -540581
660044 , -277533 , -633188
-607790 , -14068.2 , 65344
51904.4 , 250309 , -507997
1.00495e+06 , 329260 , -316281
-339368 , -665788 , 649253
-158927 , -878236 , 288073
712407 , 628738 , -30754.5
405236 , 10422.8 , -307167
288258 , -140430 , 687640
483733 , 231305 , -818699
733904 , 309397 , 201624
164502 , 843822 , 709036
-323998 , -61809.2 , 914177
-326719 , -117408 , -627549
312126 , 440676 , -57229.3
104125 , 58327.3 , -469329
453090 , 605222 , 227763
437694 , 382546 , 238473
-450488 , -530898 , -32003.2
-480622 , 53216.5 , -678477
924892 , 287474 , -88363.1
-73237.7 , 453870 , 789439
528925 , -194174 , 54855.6
-344150 , 97795.1 , 63066.1
323572 , -591553 , 225419
-423517 , 246623 , 363321
682143 , -25360.2 , -843656
-655214 , 422186 , 177158
581064 , 217188 , 251573
34547.2 , 543375 , 64541.6
1807.52 , -170636 , -535585
-664871 , 445630 , 882678
249330 , 596813 , -880003
-665056 , -405270 , 87916.9
-193241 , -141864 , 995929
-766862 , -460498 , 264876
153576 , 82902.5 , 622642
226704 , 57497 , -387228
-540284 , 104231 , 341346
718474 , 113557 , 536089
-210089 , -217752 , 37099
-684218 , -59300.8 , 745610
208398 , -213859 , 844188
403631 , -1.09325e+06 , 56175.9
265779 , -383831 , 192377
235084 , -417030 , -91008.8
173597 , -144613 , -472564
-255125 , 440736 , -51101.5
269515 , -215902 , -395578
-702192 , -567432 , -812012
80472.5 , -285067 , -289325
-197833 , -158125 , 837000
1.07846e+06 , -594604 , -102111
-90317.4 , 135022 , 1.1584e+06
-32607.5 , -649464 , -737525
-258250 , -733821 , 320911
459730 , 99590.6 , -687677
-128238 , -573172 , -72987.7
133233 , 475702 , -193137
479770 , 261688 , 194547
-423620 , 294547 , -993597
-975609 , -242573 , 3785.48
-390455 , -717587 , 104560
689891 , 259194 , -168067
-189492 , -332251 , -735222
-380185 , 429109 , -308880
-656069 , -247156 , 353855
-401242 , 75123 , 60091.2
-283295 , -102391 , 302818
109071 , 495829 , -491066
262331 , 120491 , -839887
127148 , -612991 , 564289
442772 , -791681 , -408840
71373.1 , -909539 , 798054
-967842 , 35749.1 , 42473.9
412630 , 46971.3 , -714561
-73720.6 , -401992 , 583307
-473504 , 584536 , 445378
-478414 , 806694 , -206050
57913.8 , 128804 , -76535.6
-49179.4 , -374049 , 135414
415201 , -114566 , -409720
-187591 , -152599 , -631230
-164889 , -642797 , 500579
-491652 , -34506.9 , -22557.2
655826 , -59620.8 , 401969
-378782 , 423644 , -237706
44554.1 , 224207 , 129739
207006 , -171783 , -91445.6
-222065 , 485378 , 657103
104006 , 235330 , 264264
-488134 , -187708 , -208196
30793.8 , 525050 , 769440
84646.7 , -190918 , -946084
440944 , 299941 , 222616
301616 , -530917 , 316278
-41577.5 , -403250 , -780548
301805 , -322058 , 156806
268143 , 772997 , -54168.7
318176 , -270490 , -773114
-417492 , 236559 , -707483
-67978.2 , -486723 , 905284
-383800 , -923207 , 111108
-900430 , -65965.3 , -38633.5
-904895 , 258645 , -285681
114925 , -130704 , 934454
-62183.5 , -249416 , -745210
-10547.8 , -584882 , 432386
-187018 , 118905 , 698959
10413.9 , 277096 , 208340
-35110.6 , -358654 , 347090
-128224 , -227611 , 894674
-297786 , -842514 , -192645
5615.4 , -217914 , 398007
-195444 , 112724 , -681271
715389 , -202120 , 376378
-607703 , -261619 , -141019
-867580 , 150322 , 540084
-700691 , -96242.6 , -439726
607791 , 239261 , 307668
65620.2 , 315433 , 276037
-69739.3 , -675149 , 243027
-345785 , -446082 , -58558
500469 , 368014 , -223314
162388 , 240394 , 73886.7
127791 , 830559 , -582042
115302 , 193133 , 83010.8
503052 , 240935 , 169159
582394 , 613432 , 574329
23685 , -779246 , 201875
-787231 , -272491 , 442609
305441 , 462117 , 365921
-435437 , 875909 , -128268
177316 , 250293 , 603400
389299 , 749150 , -522581
640942 , 244386 , -539858
-12914.4 , -384315 , -201305
-445505 , 633209 , -896058
416436 , 615704 , 143369
209862 , 391324 , -488545
-222815 , 16861.4 , 506111
6644.82 , 389273 , -743374
336776 , 218494 , 825356
1.04247e+06 , 132604 , 53764.3
-260890 , 212722 , 653150
-375183 , 45917.4 , 1.20126e+06
321412 , -124258 , 248791
-306527 , -429822 , -48921.8
-137446 , 313816 , -495765
-315809 , 695576 , -9086.99
528776 , 295066 , 580634
-776171 , 285254 , 638606
-245016 , -803282 , -663432
-41578.2 , -588984 , -210043
151126 , -281267 , 475403
-276430 , 825605 , -219603
159634 , -354850 , -126501
495582 , -380286 , -951600
197815 , -9245.71 , -688890
-341424 , 657806 , 201603
472736 , 272521 , -542884
-7695.43 , -779239 , 385877
63524.3 , 804953 , 99039.6
393765 , 20812.3 , -598848
1202.91 , 125745 , -221551
-235309 , -41592.8 , -797777
9729.39 , -158482 , -748084
776757 , 150548 , -88655.7
-238903 , 281459 , 250397
379850 , 108621 , 812307
-571290 , 577501 , 62266.8
75202 , -379200 , -327105
379924 , -546783 , 176127
-293344 , 141367 , 771253
347888 , -174269 , 1.1478e+06
-385318 , 54235.6 , -98417.7
47052.7 , 308097 , -238687
-583657 , 514169 , 360120
-566420 , 297855 , 129390
-33806.1 , -482159 , -657155
-759165 , 249157 , -908855
-19746.8 , -775941 , 854375
896229 , -43728.6 , -387735
-363666 , 250546 , -620510
-446316 , 266709 , -318982
294023 , -347314 , -289544
-535812 , -37186.6 , 113312
117902 , 69036.5 , 727150
617564 , -36709 , -436851
143166 , 936929 , -131515
-41092.3 , -357926 , -105088
-372058 , 693486 , 276594
-294061 , 82189 , -525599
269091 , 428509 , 497743
-194657 , 124459 , -628936
268099 , 712133 , 116908
1.02103e+06 , 389014 , 388360
-658630 , 18552.9 , -541168
-258952 , 182692 , -916660
-137023 , 290979 , 865013
885090 , 379614 , 132209
195090 , -678478 , 403628
624117 , 37558.8 , 371678
106347 , -186740 , -105737
-237981 , -281188 , 561384
345242 , 507843 , 42318
-149238 , 666573 , -71650
247031 , 341433 , 557767
-166930 , -518340 , -381791
298442 , -931965 , 497226
-213689 , 262231 , 640831
421265 , 926809 , 240640
410249 , -194267 , 773567
140951 , -655837 , 500371
-356442 , -392007 , 42294.8
129708 , 448682 , 445364
326994 , -146261 , -50081.5
665929 , 987264 , 410294
-115492 , 539219 , -483719
-557966 , -163953 , 577232
-260124 , -35967.3 , -104046
-364122 , 69941 , 200618
174264 , 89072 , 646476
-328677 , 501695 , 283898
-20350.2 , 555700 , 189717
-854984 , -12805 , -279609
-204940 , -303328 , 235115
788938 , 253590 , 637168
-345759 , 685306 , 557489
-435454 , 518167 , -791956
348190 , -485731 , -495337
-712783 , -289036 , 9325.55
263360 , -679000 , -101623
-474660 , -37706.9 , 297245
-475933 , 327531 , -68485
91829.9 , 493823 , -720220
-742374 , 304209 , 607589
453495 , -189066 , -23790.6
527847 , 132650 , 603064
103678 , -128711 , 911931
-356386 , -264942 , 64355.2
923320 , 524609 , -1806.97
-902764 , -166026 , -221155
-192675 , 349839 , 148069
313230 , -363170 , 150586
669203 , 317142 , -194950
144930 , -558228 , -233152
729018 , 117299 , -740703
-239957 , 95898.4 , 919075
-425307 , 284536 , 1.04105e+06
-47497.2 , -682723 , 864464
-243893 , -214255 , 739650
-301631 , 213226 , -116910
-287113 , -413525 , -445107
-806973 , -230484 , 71713.2
-745790 , -232186 , -468880
59764.7 , -143043 , -550661
538301 , 712658 , 219375
75201 , -125795 , -863830
158692 , 170410 , 951866
-451224 , 68010.4 , 601908
-694733 , 355934 , -45258.9
475499 , 340634 , 494674
680523 , -74463.3 , -139827
-414538 , 67814.2 , -291793
-616205 , 689254 , 84248.9
-377572 , 151951 , 566467
-551929 , 302965 , 5947.05
-164299 , -102899 , -373802
44944 , -396910 , -769357
582389 , -622535 , -93526.7
355172 , -51594.9 , 545928
649888 , -492117 , 444799
135345 , 312700 , 59883.8
-708925 , 243465 , -100775
778858 , 409788 , -86456.4
-605674 , 538349 , 641661
-649880 , -441352 , 255997
458957 , -258483 , -929156
-1.14199e+06 , 449520 , -78288.8
420777 , 651461 , 257055
784160 , -681675 , 66353.6
-568266 , -314781 , -153082
-476505 , 88576.8 , 51622.4
-63310.6 , -77087.5 , 760230
-362821 , 117323 , 351704
121900 , -42935.5 , 671584
-807898 , -36198.6 , -356412
531101 , -756666 , -207628
-458345 , 718746 , 95239.2
105998 , -119192 , -1.17083e+06
1.03531e+06 , -65014 , 432229
351995 , -596391 , 158501
-89406 , 150584 , 859510
-281433 , 476217 , 557162
201901 , 933423 , 194531
-562680 , 392176 , -234866
63165 , 225928 , 558793
-197197 , 104136 , -879071
-107799 , -210678 , -742974
391873 , 844619 , 278111
259164 , -212565 , 832100
-122412 , -810316 , 140886
292771 , 234591 , -1.07667e+06
66004.5 , 405370 , 24555.1
-41440.5 , -64406.3 , 326795
-352535 , 443583 , 281284
703221 , 333319 , -239019
-461740 , 659589 , -311690
-337770 , -323639 , -658747
-25743.5 , 497672 , 229983
323732 , -839079 , -166391
-452442 , 531440 , 331580
-849754 , -78582.8 , 126860
626653 , -224306 , -517505
-689312 , -428926 , -763598
571417 , 3268.13 , 172020
-59351.3 , -427918 , -338205
715127 , 234827 , -488020
331981 , 929627 , 125585
466203 , -539165 , -120018
-875602 , 730265 , -352941
462760 , -125661 , 73432.6
344018 , 747019 , -194621
-23300.9 , 396774 , 35730.1
-666459 , 458451 , 259772
-234381 , -157974 , -95624.4
663506 , 304361 , 566170
99865.6 , 226366 , 685023
-739129 , 16964.8 , 828099
717553 , -396691 , 397824
291853 , -361695 , 591759
-279819 , -441896 , 605117
-68063.8 , 35401.5 , -144147
176060 , -430012 , -137816
-816449 , -74427.1 , 284907
240528 , -587309 , -864650
-1.01932e+06 , 279411 , -245294
489965 , 323179 , 475804
-487022 , 516558 , -509778
416017 , 226203 , 907389
-263354 , -816875 , 757853
-447397 , -296614 , 654910
442.491 , 625395 , 649818
314170 , -938355 , -202304
437392 , -259301 , 142325
438553 , -475301 , -8678.2
652806 , -485834 , 791133
43855.7 , 807904 , -665558
492920 , -769981 , -475673
740427 , -183476 , -192669
84749.3 , 318101 , -851303
-923696 , 403042 , 83682.4
368982 , 820415 , -9138.92
204138 , 539652 , -2104.53
111832 , -685001 , 704117
-684628 , -240710 , -446766
81272.7 , -186319 , -285140
562574 , -218252 , -111966
395871 , -459462 , 293352
524702 , 178011 , 283198
140495 , -353317 , 406642
731392 , -168708 , 185162
369702 , 701426 , 125839
56053.9 , -109253 , -494846
245267 , -924532 , 439620
-650010 , 224115 , -598727
-177413 , -290895 , 151472
416107 , -313467 , 795843
326131 , -207834 , 242990
-125461 , 463803 , -354789
63241.8 , -396251 , 569937
366167 , -400054 , 556596
789831 , -164416 , -583120
350371 , -250870 , -287821
-28453.5 , 279326 , -72483.4
353187 , 676743 , 711449
485114 , -285106 , 535857
733673 , -540860 , -414086
420119 , -370244 , 8249.73
543892 , 97200.9 , -320331
-172688 , -199097 , 785520
-876103 , -408278 , 123301
720226 , -702463 , 226556
-2262.15 , -970978 , 97998.9
164113 , -420077 , 315158
-507709 , 439819 , -263124
566573 , -284842 , 51675.1
687094 , -276070 , 331049
21336.2 , -138942 , -26042
-383946 , 89921.2 , 154159
376254 , 744893 , -321038
-572799 , 248841 , -426496
164617 , 371252 , 919540
-379575 , -467707 , 756315
270623 , 361898 , 299870
158879 , 435314 , -947023
411660 , 569246 , -14195.7
-196217 , -490471 , -395275
-81920.7 , 608484 , -270732
-500114 , -191759 , 345730
-472307 , -126480 , -168476
200436 , -539562 , 245517
-810736 , 5443.18 , -130911
310411 , 873033 , 178176
495591 , 793553 , -177986
-142084 , -667090 , -410300
528632 , 102113 , -537036
-264932 , 138783 , 145046
972574 , -9607.12 , 44450.7
670961 , -180182 , -595758
-245866 , -71799 , -442246
107675 , -280291 , -236758
931953 , -199033 , 121725
-270100 , -552399 , -98851.1
222380 , 435050 , -377578
314018 , 343573 , -298777
-623169 , 565119 , 611481
698067 , 319452 , -633684
650622 , 133418 , 522306
-892064 , -554800 , 339512
-974185 , -482543 , -502304
-514619 , -65095.4 , 125187
-110765 , 1.04541e+06 , 72454.2
-191183 , -794018 , -44044.6
-242164 , 505007 , 387270
485436 , 418113 , -88787.7
-389868 , 26350.8 , 175760
-713705 , 51432.5 , -278377
101824 , 220230 , 534616
-502117 , 983280 , 255660
103671 , -15759.9 , -8943.08
-802665 , -381251 , -4712.37
-85120.6 , 480783 , 369280
129508 , 196047 , -393189
349780 , 81215 , 472576
-283122 , 273518 , -612138
260709 , -387031 , -585108
148563 , -158436 , 101440
689982 , -39121.4 , 402069
-452104 , -472663 , -402860
-288130 , 594232 , 617038
-175348 , 374210 , -201209
-722320 , 26162.8 , 81610
-439411 , -563720 , 273711
244972 , 463640 , 528926
427566 , 172689 , 469058
544419 , -300283 , -87859.1
106515 , 1.04344e+06 , 301772
-336168 , 86742.9 , -303526
964279 , 651407 , 318682
787228 , -266278 , 768659
76273.8 , 272361 , 949748
-622531 , -649318 , 227024
-679027 , -319741 , -31628.4
-512487 , 736032 , 318775
-185636 , -39005.9 , -161149
220154 , 21542.4 , -60596.9
423543 , -173261 , -625089
688041 , -287592 , -459347
-143175 , -200711 , -167610
482165 , -437591 , 277174
397392 , -268038 , 156003
22648.2 , 542550 , 667255
-184430 , 758946 , 634197
-599330 , 741985 , 211682
-257865 , 260640 , -724257
-41266.8 , 318777 , 324598
-329206 , -260229 , 152404
-458916 , -957001 , 136520
449812 , 996667 , 176223
-662562 , 223199 , 704244
-449901 , -465658 , 7157.89
-156786 , -43591.6 , -851424
-574487 , 222407 , 621859
-176856 , -585803 , 698563
369374 , -219285 , -694560
-772511 , -88225 , 504443
-901160 , -454546 , -295116
-295119 , 240941 , -674884
-657228 , 739638 , 71439.2
-1.02725e+06 , 449987 , 9889.29
-614787 , -503288 , -371866
440440 , 105106 , -252055
346604 , -200265 , -4058.64
276720 , 38348.9 , -117095
249069 , -674688 , -91875.2
-459149 , 121118 , 233481
-493825 , -374263 , -746277
703625 , 440344 , 169825
-273322 , 326047 , -489680
932265 , 299579 , 386159
24294.3 , -901531 , -732712
147584 , 281907 , -29666.7
357357 , 746647 , -102060
-319924 , 335267 , 830971
608895 , 171165 , -426620
300669 , -1.00737e+06 , 590434
-442614 , 296133 , -122538
514083 , 23743.7 , 83724.9
-378880 , 434762 , 212051
245502 , -124459 , -383715
465482 , 65404.1 , 147869
287490 , 912577 , 738818
101301 , 8324.07 , 887107
-620366 , 217825 , -363184
-97.901 , -615553 , -153759
-219190 , -172338 , -134294
-166692 , 496706 , 323212
-690334 , 90728.3 , 568573
193241 , -257138 , 430708
503897 , 368388 , 304045
-585975 , 396523 , -126316
1744.58 , -359874 , 371144
23630.2 , 105706 , -811481
-373007 , 285135 , 293467
492955 , -291872 , 406112
-117570 , -270489 , -690282
519717 , -427242 , 429064
-191867 , -479042 , -1.11931e+06
-601091 , 776672 , -256574
-357339 , 37384.9 , 653447
-538215 , 315593 , -359377
-382787 , -396123 , 508527
327706 , 48122.4 , 303987
-76832.5 , 140224 , -471573
832275 , -638168 , -518346
-111244 , -287954 , 652613
-681821 , 600840 , 480803
-490420 , -284954 , -301694
99500.7 , 627113 , 838409
446526 , -619584 , 417961
782951 , -311382 , 89073.5
100340 , -292898 , 471600
979427 , 189526 , -503175
695404 , -568449 , 280875
-410587 , 19880.7 , -79830.4
114938 , -465414 , 723689
-688622 , -165536 , -130748
-511942 , 46512 , 1.06022e+06
1270.06 , 416646 , -660021
347010 , 637632 , -100146
-575101 , -446886 , -167247
-415298 , 285838 , -110752
-396194 , 271647 , 397893
-106710 , -670077 , 730323
-154909 , -100631 , 940258
871453 , 116233 , -285983
284216 , -688315 , -490046
-566317 , -464697 , -379183
772680 , 67027.1 , -455307
189727 , -375205 , 444144
-146470 , -1.07637e+06 , -92118.6
-117558 , 381599 , 237218
134880 , -453399 , 604664
-264196 , 300795 , -179859
410374 , 792213 , 397389
-23882.9 , -934691 , 151446
-150709 , 274807 , 98770.7
442479 , 564527 , 741927
-479949 , 165977 , 658130
838670 , 573892 , -206732
761185 , 896295 , -308445
569017 , 495073 , -369889
-590047 , 258193 , -920948
-301396 , 107749 , 752124
-500184 , 531093 , 206302
-469510 , -611700 , 601128
-414230 , -188017 , 163637
276807 , 444242 , -160216
539383 , -112496 , -67325.6
-663388 , 66284.8 , -341007
464334 , -499779 , 729176
188392 , 102706 , -579168
507208 , -368882 , -32586.8
-698003 , -200026 , 19537.4
-55183.3 , 460203 , 449532
-340394 , -840471 , -72594.5
-509777 , -139335 , 448771
412404 , -507053 , -522252
326029 , 508987 , 652115
478514 , -88261.4 , 563915
-240518 , -315938 , 775115
-193475 , -595080 , -490449
225245 , 534769 , -544231
-205249 , -918072 , 157698
-129165 , 1.06623e+06 , 318525
147340 , -574112 , 348422
585570 , 586071 , 485108
-583049 , -721017 , -175283
319250 , 187185 , 2011.87
-150310 , -829254 , 371244
754504 , -111630 , 228442
-9547.79 , 1.01517e+06 , 546575
1.00134e+06 , -115895 , -23856.2
-410160 , -69755.8 , -290636
505566 , 327835 , 310038
-280614 , 1.01546e+06 , -162311
352564 , 311142 , 200504
-28927.8 , -357184 , 420664
123542 , 298106 , 145533
-905036 , -229674 , 332089
-220773 , -398014 , 765156
166067 , 384245 , -36930.5
-545250 , 258247 , -423037
-602113 , 777630 , 324128
785595 , 253746 , -474881
-536387 , -101082 , -389772
-293766 , -100394 , -889336
130869 , -346842 , 1.00181e+06
-771083 , -453120 , -62654.3
-54645.4 , -370892 , 454553
-569237 , 366930 , -695760
408521 , 214843 , 100295
134041 , 849421 , 646756
36221.5 , 465187 , -571812
227262 , -391954 , 652168
-41250.4 , -525645 , 24980.6
560736 , 717906 , 455174
380462 , -416894 , 671547
183674 , -235544 , 158011
678505 , 771435 , -172801
-247234 , 454660 , 234156
-4449.31 , 4650.49 , 776330
224947 , -317817 , 136052
814042 , 267690 , -215765
-241053 , 396937 , 305068
-176243 , -52350.1 , -321395
214127 , -608587 , -195838
-484557 , 490406 , 972517
-636095 , 310141 , -230294
377614 , -170876 , 79913.8
112458 , 473814 , 739487
404260 , 140024 , -327517
-314545 , 182094 , 662834
-946940 , 99900.6 , 792230
-751918 , 376078 , 793302
-198019 , 424876 , -475675
-666594 , 428835 , -850085
-265705 , -538931 , 10173.4
-386016 , -865652 , -20259.2
-273165 , 365402 , 544710
199582 , -615093 , 531777
83607.9 , -140776 , -568533
292553 , 443881 , 733343
-115337 , -953186 , -567423
-553594 , -106866 , 258963
-679256 , 69829.7 , -223408
-310010 , -612435 , -548659
-35106 , 14869.6 , 449206
-409507 , -502710 , -530527
-46747.4 , 42485.9 , 934313
395169 , 766544 , 917515
-101323 , 726122 , 802454
146584 , -507554 , 901440
-488908 , 767417 , -413846
-610725 , 127225 , 464493
-25958.7 , 664871 , -581556
106386 , -729277 , -209905
736197 , -246899 , -208502
650490 , -348243 , 626794
7777.3 , 309602 , -91609.5
43948.3 , -793183 , -309989
-861164 , 143709 , -287266
555138 , -771199 , -189723
-253935 , -183052 , 7582.03
219659 , -197848 , -560737
525350 , -523345 , 526071
709505 , 190760 , -266514
-794398 , -140137 , -91343.9
21202.8 , -784735 , 181244
454387 , 175892 , -186076
-540190 , -768443 , 387765
881217 , -286884 , 2003.91
561556 , -565530 , -127056
641774 , -553619 , 413410
-429688 , 253346 , 801194
-355948 , -268512 , 275156
-360053 , 56890.2 , 500824
195067 , -167692 , 285632
256302 , 334051 , -308195
-841301 , -63749.8 , 156925
-505374 , 250316 , 611254
-217837 , -425839 , -580493
-232570 , -119543 , 272924
-501415 , -216249 , -415038
-285083 , 97108.4 , -8618.83
187675 , -206798 , -178317
860420 , 154206 , 259881
45183.3 , 132005 , 260544
203604 , -578360 , -635116
5265.24 , -411195 , 352649
-589305 , -200716 , 889003
-200128 , -1.22682e+06 , -259016
253207 , -487285 , 796847
327557 , 336447 , -315726
24293 , 118938 , -231151
-543383 , -252250 , -847394
10441.2 , -812665 , 132234
289623 , -887422 , 609812
233237 , -189480 , -388281
-133186 , 599138 , 541149
-295641 , 379765 , 781846
-603564 , 296236 , -183935
-641907 , -24460.5 , 786776
688961 , -288418 , -792035
-623300 , -668812 , 472471
-756247 , -285013 , -513489
219457 , -25337.3 , -28446.1
-380519 , 651484 , -51961.9
221550 , -165163 , 963637
467924 , 538415 , 559902
744719 , -600190 , 404303
732596 , -203706 , -195860
54610.2 , -411464 , -489413
486454 , 685023 , 351299
137114 , -738503 , 127127
-303445 , -362625 , -703789
660613 , -94059.8 , -398350
146283 , 845890 , 124529
148715 , 452619 , -379470
1.0381e+06 , 77391.8 , -166618
-509283 , -264200 , -732354
425201 , 147602 , 546605
-724182 , 209775 , -505035
-367997 , 151446 , -38412.6
-322494 , 658217 , 743336
-98183.4 , 708690 , -842919
-339831 , 205980 , 594996
-470436 , -781087 , 604.835
-310180 , 254794 , 603290
451715 , 183180 , 512717
42571.6 , 330664 , 392405
-804706 , -58368.8 , -22585.9
105823 , -643510 , 379888
188622 , 468943 , -377481
-97210.9 , 22344.7 , 812119
-10578.4 , -391359 , 93905.4
19447 , -18149.9 , 493347
389561 , 125252 , -546630
-178309 , 98969.6 , 343428
-281289 , 25187.9 , 593420
-757671 , -260374 , 635451
-625202 , -435771 , 343044
-502775 , -163842 , -83376
-594866 , -233458 , 115070
496438 , -326634 , -533752
234028 , -563779 , 148476
431750 , 655227 , -484078
396476 , -87605.5 , -77396.6
-237957 , -137704 , -145452
394065 , -477295 , 6933.12
-26390.1 , 483977 , 13839.3
-277338 , 54380 , -490188
-81758.8 , 282287 , 1.05915e+06
-95178.3 , -982313 , 565963
440392 , 194930 , -229658
-76683.6 , -518518 , 211494
58820.4 , 694419 , -564986
-2884.99 , -279551 , -610482
-47758.4 , 412416 , 564802
593380 , -678890 , -166043
-175715 , 471751 , -383532
-64403.4 , 629085 , -517000
-435076 , 627648 , 256842
193797 , -827470 , 413154
4578.73 , 395877 , 372013
-424185 , 116724 , -286228
585837 , 504354 , 798343
786844 , -28306 , 312317
93331.8 , 566764 , 289951
364190 , -714311 , 250642
-42051.7 , 382066 , -151692
-344371 , -525676 , 127890
178213 , -420785 , 463393
347422 , 557285 , 594480
-538810 , -826833 , -181732
217077 , 169690 , 484623
578990 , -289463 , 44649.6
-234931 , -703330 , -385800
-52757.7 , -647583 , 431260
26643 , -629955 , 294356
105765 , 2673.78 , 429423
-491051 , -57135.9 , -139447
1.01897e+06 , -82700.7 , -162797
232337 , -377484 , -51451.4
-125765 , -272536 , 141475
-882895 , -619012 , 85032.5
-826044 , -199228 , 658174
103368 , 261231 , -237200
996406 , -119090 , -67223.6
532723 , -446586 , -110782
-64229.5 , 298353 , -314536
920750 , -50201.2 , 227546
59365.9 , -132968 , -539493
745106 , -203240 , 696146
204371 , 16049.9 , -373996
-387099 , 348579 , 235440
372818 , -260272 , 489474
-361348 , 364358 , 227781
111140 , 680685 , 500644
70341.6 , 276459 , -267667
-913826 , 108192 , -184084
135158 , -96320.7 , -443141
713298 , 452917 , 475087
-494412 , -531629 , 294589
-76239.2 , 315842 , 379550
-348934 , 285862 , -753445
183617 , -616279 , 624422
-224652 , 48725.3 , -408238
-307036 , -3263.47 , -537237
-446813 , 240602 , -807813
42611.5 , 637933 , -430742
1.03449e+06 , -108364 , 510858
308657 , -389078 , 690733
95510.7 , 299190 , 387766
486676 , 219824 , 642168
81477.9 , 376069 , -855252
-369929 , -445158 , 71391.7
-490884 , 259425 , -476072
-193532 , -79849.5 , 1.01859e+06
594672 , 151877 , 398858
144295 , 295352 , 719483
354119 , 494944 , 722857
1946.82 , 457636 , -6817.35
-249373 , -623485 , 330726
-170728 , 584946 , 240761
12769.1 , -100830 , 571569
420898 , -582935 , 328918
-81131 , 843754 , -308000
-1.0481e+06 , 510771 , -99610.1
97172.3 , 287644 , 1.00967e+06
-475249 , 436194 , 412434
-651512 , 211539 , 573976
21563.7 , 230444 , 268327
687160 , 890635 , -19082.9
496102 , 206477 , -428329
-647422 , 137435 , -333767
-115500 , 251938 , 537299
-74160.1 , 254246 , 385911
-985932 , -397142 , -419733
353371 , 254747 , 27741
-24478.9 , -497419 , 1.16138e+06
431490 , 335831 , 846189
104719 , 283234 , -156053
981401 , -119646 , 586920
-803863 , 615840 , 806387
-671545 , 188917 , -381616
-1.02636e+06 , -410023 , -421659
344199 , -103520 , -520600
322766 , -145180 , 358917
153195 , 8170.82 , 69133.2
-125503 , -768697 , 279633
167195 , 376958 , 676029
839266 , -275372 , -38713
-198007 , 155996 , -477295
-517729 , 276694 , 979708
-400870 , -773831 , 324606
-408929 , 255216 , -238804
195971 , -770174 , 392613
187322 , 40424.1 , 314594
-22593.2 , 319190 , -682478
483897 , 384704 , 8266.65
-230286 , -223258 , -313349
128096 , 673951 , -695385
247757 , 536144 , -7268.77
-283460 , 66725.5 , -302532
128911 , -676081 , 342337
184054 , -575708 , -327025
856009 , 380651 , 52279.6
-481506 , 230409 , 675627
-1.12794e+06 , 6142.47 , 380456
-492628 , 303530 , 637887
-242957 , 703238 , -449288
614045 , 34085.6 , 708936
111462 , -443853 , -63862.3
-90022.1 , -86693.8 , -905366
-112146 , -266691 , 207610
260935 , 821002 , 18413.6
245418 , 215983 , -744519
100243 , 140035 , 331875
217005 , -229416 , 1.00568e+06
1408.09 , -810215 , -645119
425144 , 75035 , -596483
-633051 , -597075 , -234889
571420 , 685238 , -758410
-549868 , 977961 , -157773
225130 , -216886 , 415035
-468743 , -556265 , 65068.1
-449239 , 242830 , 513604
250720 , -356487 , -457348
-189490 , -426992 , 525566
842623 , -90207.6 , -3000.08
-135707 , 31729.1 , 690319
360761 , -64821.7 , -397210
388915 , -116840 , -360598
808176 , 48032.3 , -253183
-121118 , -227542 , 45630.9
343517 , -335102 , 357576
694050 , 239175 , -741417
-768170 , -667075 , -202695
-631258 , -328711 , 453249
-686975 , 26185.7 , -220062
479524 , 111436 , 646089
3632.04 , 72599 , -444554
373110 , -76722.1 , 616848
669452 , 8218.44 , -316714
-30409.8 , 622983 , -537318
-477216 , -426455 , 518509
-30826 , 680599 , -197388
959054 , 535699 , 322936
382565 , 377742 , 103155
405180 , -142684 , -157702
281642 , -253536 , 233237
-622290 , 635344 , -597482
235154 , -270185 , 71102.3
-396556 , -215590 , -522751
-315129 , 282630 , 21224
203487 , 463510 , 24603.9
368062 , -78886.1 , 249411
-635938 , 525395 , -837596
279693 , 574855 , 638586
123577 , -524757 , 2367.61
-315413 , 237326 , -16642.2
539584 , -586682 , -390929
760193 , 524181 , -110556
518341 , 334330 , 440091
498004 , 188392 , -568815
-310977 , -80662.1 , -654753
351584 , 23710.4 , -526725
-119534 , 209962 , -559385
-753657 , 530577 , -394723
-223480 , 252718 , 684966
-291871 , 300309 , -577517
796283 , -55379 , -385157
451267 , 28584.1 , 1.1478e+06
161068 , -287313 , 770786
-710797 , -118792 , -518030
-238811 , -385830 , -375513
-453915 , -123172 , 141193
-673316 , -382162 , -586603
-39053.2 , -81815.5 , -433015
252469 , 132018 , -59188
54764.3 , -9880.09 , 197094
-585836 , -270416 , 665571
657855 , -710990 , -393045
144412 , -49758.7 , -162627
381875 , 498213 , -171950
301759 , 233030 , -1.04244e+06
627481 , 690277 , 27710.5
-22321.2 , -108645 , -425544
-816401 , 65501.5 , -138094
320320 , 739353 , 387451
709733 , -818058 , 246843
695763 , -68101.2 , 422426
711371 , 22213.1 , 158239
831544 , 529602 , -527273
232370 , 416441 , 1.03204e+06
-707709 , -8304.24 , -504938
-566020 , -625878 , 113053
-471644 , -143847 , -306019
-801013 , -414435 , 100043
-61690.5 , -182523 , 749939
-305470 , -445267 , -585056
772308 , -278980 , -375932
141179 , -476783 , 235416
473912 , -105808 , 814455
513525 , 29425.3 , -878470
-65701.2 , -885586 , 258379
-28775.7 , 412824 , 580232
-376672 , 748778 , 170536
-687128 , -589589 , 629707
484858 , 389664 , 433021
-528658 , -110374 , -926531
345957 , 235007 , -1.10688e+06
-112774 , 283101 , -39901.7
-664103 , -194006 , -612333
-655531 , -150499 , 485205
-327759 , 271384 , -350752
-757371 , -164455 , 753366
-389654 , -533846 , -283922
332141 , 47167.9 , 565014
101210 , -81762.4 , -239885
-80570 , -651547 , 188843
-281291 , 703584 , -76350.8
-219837 , 336738 , -181980
527830 , 53815.1 , -757287
-750766 , 128729 , 11299.4
-20809.3 , 461508 , 150192
-811760 , 222561 , 19417.7
1.07704e+06 , -280765 , -110636
288736 , -511096 , -505548
-214641 , -244313 , 263753
-845382 , -22747.4 , 455984
168923 , -160903 , 353712
-439467 , -154665 , 501310
-175348 , -172203 , -521994
-383479 , -426927 , 88093
141462 , 236327 , 596264
469781 , -724887 , 428242
100547 , -146963 , 366701
962136 , -70307.2 , 123696
-8559.15 , -511961 , -801922
-156754 , 127118 , -945254
-268328 , 263965 , 299222
-673372 , 182894 , -165933
614871 , 748626 , -566325
-21764.2 , 213650 , -37215.9
-89759.9 , -565936 , -116706
-45086.4 , -477522 , 166233
-35579.7 , 831691 , -114166
446261 , -637013 , -736335
541382 , 116234 , 382821
-747571 , -712938 , 341724
-474254 , 230229 , 236928
-363426 , -928913 , 12710.3
-219403 , 775966 , 470143
-346800 , -555718 , 368578
-243144 , 529568 , -133165
-487375 , -395906 , 38582.6
-91070.4 , -1.01419e+06 , -452230
715431 , 55874.6 , -172412
748528 , 448680 , 720683
623860 , -37611.8 , 538603
230186 , 73763.1 , 33083.2
536389 , 385120 , 570918
-681550 , 80299.5 , 40935.6
-340502 , 489696 , 187922
-631630 , 213189 , 339722
-249297 , 527184 , -605694
-308584 , 276488 , 10155.4
110224 , -97304.7 , -696285
-208043 , -654836 , -172520
-794290 , -141972 , 571218
488116 , 734115 , 95261.9
343718 , 196356 , -520431
-965464 , -41777 , -231171
-900599 , 124450 , 602184
228980 , -497023 , -484758
-26510.5 , -473859 , 213106
-186025 , 309258 , 255702
-502267 , -413050 , 715123
301500 , -210165 , -158785
159630 , 398061 , -155290
-192842 , 130013 , 1.12503e+06
549474 , -622701 , -76250.6
-470914 , 382042 , 232622
-737025 , 447056 , -128238
-362911 , 199816 , 284232
-555170 , -230002 , 234997
-979368 , 396430 , -525760
-720807 , -251757 , -213435
-418808 , -139558 , -226606
562718 , 338984 , 291776
-282555 , -486628 , -186885
-277975 , 753215 , 277775
-1.19007e+06 , -2840.93 , 184648
-226449 , 13408.4 , 859845
107785 , 272397 , 448495
-88497.4 , 316115 , 441982
-190800 , 601366 , -475482
-871932 , -58224.4 , -113055
-688985 , 188994 , -277801
405299 , -807985 , 593261
-28440.7 , 65818.2 , 1.05508e+06
-241328 , 284253 , 466852
395458 , 39481.6 , 546673
133728 , -10667.4 , -458898
-76258.1 , 300293 , 759725
-508121 , 618890 , 17405.9
-41242.2 , -41002.5 , 650371
97852.3 , 21361.7 , -48542.4
291073 , 584079 , -481658
67435.4 , 315198 , -551105
1.16505e+06 , -126543 , -90766.2
-440459 , -440506 , 259108
-418805 , -311014 , -209524
-353798 , -130996 , -817314
201962 , -319151 , 524514
-78755.8 , -334620 , 668028
-457641 , -566759 , 573770
-513762 , -710008 , 656793
-910239 , 91087.8 , 294112
112263 , -204380 , 893226
227512 , -407335 , 201884
-349326 , 436173 , 651446
-29365.2 , -461523 , 615547
112033 , 44047 , 652518
238513 , 152845 , -618163
-425495 , 637660 , -821131
-41341.1 , 151156 , -807864
-417388 , 308972 , 1.16813e+06
-548782 , -254076 , -1.05298e+06
-551880 , -257200 , 436157
-402572 , 230206 , -199584
-460673 , 34108.4 , -37653.1
-50827.8 , 984410 , 7860.16
439779 , 534213 , 418132
253138 , -151522 , -429760
84666.9 , -301578 , -647403
-438985 , -516190 , 824686
245230 , -399375 , -68795.2
307343 , -86660.3 , -75275.5
-419451 , 7570.31 , -650793
-172473 , 546558 , -432219
592995 , -121261 , 329958
256838 , 40610.2 , 972814
-1.03203e+06 , -228475 , 240240
242496 , 28969.4 , 325639
-858545 , 47892.3 , 567194
90692.2 , 381612 , 112869
1.10358e+06 , 157071 , -62688.1
738518 , 340353 , -114485
-509705 , 237386 , 277820
-146367 , 224871 , -247540
246495 , -148264 , 378208
383092 , 1.03347e+06 , 156448
42183 , -88681.5 , 327251
20614.2 , 171694 , 285135
-106962 , -304897 , -21878.1
-191172 , -123413 , 9036.4
-553076 , -256111 , 22815.8
22076.1 , 26345.6 , -984293
345992 , 342567 , 52653.8
169145 , -239851 , 490788
141115 , -625877 , -490688
-638195 , -777738 , 615864
225435 , 245004 , 360859
160716 , 264209 , 1.08128e+06
-268150 , -201354 , -439944
-322046 , -113764 , 888833
655642 , 382712 , -720000
-194346 , -256624 , -816029
888757 , 111182 , -127979
-255680 , 757030 , 126095
-363515 , 412474 , 101052
-482257 , -562182 , 298815
-240139 , -212744 , 1.20206e+06
149015 , 161683 , 239370
676381 , 173819 , 166774
-271986 , 417605 , -707045
-326092 , 447289 , 193876
-13817.8 , 423672 , 130153
-95356.4 , -311258 , -92235.8
601502 , -45868.4 , 337621
-420280 , 140832 , -433613
-455717 , -590448 , -245222
319586 , -10900.5 , -37795.6
122228 , -295826 , 615324
-435586 , -159839 , -84792.3
190089 , -607003 , 438181
-127560 , -450787 , -457164
161785 , -275576 , 265354
943882 , 313659 , -453441
-176118 , -522264 , -364219
314101 , 667374 , 235137
105564 , 934269 , 527328
-330231 , 452451 , -675290
359229 , -462782 , 534974
-572436 , 462237 , 137345
-130425 , -156993 , -606302
262782 , -37627.2 , 221950
280022 , 505917 , -413469
-58567.9 , -433278 , -141039
455793 , -613163 , -532630
-236759 , 745981 , 637596
313164 , 461475 , 290506
-204660 , 854944 , 335911
368393 , 284882 , -804636
-636933 , -122378 , 35396.8
-148928 , -791473 , -172429
-144572 , 1.06317e+06 , 91071.1
409903 , -473751 , 687722
643599 , -155944 , -175094
559618 , 668425 , -136014
362982 , 141879 , -366454
-800506 , 418702 , -1139.09
-143377 , -315431 , -460253
-5451.71 , -915815 , -464644
-62023.4 , -55792 , 876451
-740506 , -614444 , -189942
831072 , -78177.9 , 19974.6
-226783 , -980069 , 258666
-324968 , -171709 , -1.06035e+06
276044 , 683735 , 102331
-640727 , -444731 , -332466
-584334 , 274497 , 742102
-1.0988e+06 , 172563 , 73089.2
-257355 , 755021 , 143167
602763 , 213522 , 901516
856460 , 189442 , 719581
-604139 , -330656 , 263010
20885.2 , -5360.68 , 812894
-44713.1 , 514060 , 351231
193328 , -100307 , -825364
-70669.1 , -314403 , 1340.06
-502934 , -777397 , 89374.8
-550018 , -956164 , 120492
463459 , -285084 , -626934
-623234 , 41161.3 , -419895
-562782 , -498184 , -401244
302638 , 398619 , 203591
-221917 , 283518 , 628472
-86404.6 , 189821 , 498378
462967 , 251563 , -477278
1.12465e+06 , 39347.1 , 118790
541265 , 53104.6 , 1.04443e+06
-718325 , -72444.1 , -43651.2
677430 , 346643 , 406037
691454 , 118083 , -703779
684797 , -77404.4 , -380214
-414410 , -631938 , 442253
-754200 , 212978 , -62784.1
123244 , -60836.1 , -391305
-291293 , 574079 , 270340
-515910 , 440231 , -948237
375431 , 412670 , 837680
-305487 , -703626 , -379174
64007.8 , 598584 , 129366
373568 , -51064.3 , 132334
494564 , -979314 , 14616
158792 , 591611 , 207370
-118262 , -583226 , -12769.9
-912052 , 291900 , -31677
663214 , 473045 , 342201
310852 , -32177.4 , 649673
702702 , -539250 , 218276
-260082 , 269583 , 291271
55090 , 340364 , 54764.3
-757678 , 370549 , 347860
91637.6 , -83496.9 , -176630
-78772.9 , 278358 , 280078
-302344 , -363630 , 535371
2247.27 , -40077.2 , -773993
-482436 , -499850 , -394734
292560 , 454251 , -767590
-669493 , -193426 , -682783
-175485 , -220362 , -370001
-245648 , 432348 , 911534
-343792 , 653554 , -110847
-955454 , 785409 , -325751
834982 , -114090 , 374818
554125 , 734191 , 15387.3
-746903 , -618699 , -439816
-363980 , 319926 , -156458
-716756 , -55837.8 , -17695.2
709780 , -323801 , 777631
-73162.5 , -242764 , 46716.9
433177 , 228776 , 250899
-254373 , -788904 , 546886
534754 , 65859.7 , 75313.5
-400589 , -241101 , -649482
383801 , 454587 , 256140
413491 , 44594.7 , 1.29679e+06
500886 , -214297 , 498650
-353034 , -643483 , -315794
-280944 , 754426 , 444146
-90090.7 , 241119 , 639032
109782 , 405497 , 215154
-104419 , -309303 , -234722
135752 , 403830 , -262402
660766 , -180195 , 224179
167661 , -481944 , 306499
847139 , 556298 , 267482
-383038 , 532930 , -335846
129558 , -401086 , 513858
-1074.81 , 265387 , -481602
-323524 , -277722 , 719832
655574 , 218100 , 19266.8
-130806 , 676739 , 375074
425445 , 280014 , -646983
-807446 , -204315 , 206491
-788320 , 294564 , -40687.7
693339 , -370202 , -332985
-627596 , 324086 , -202106
663564 , -517171 , 62099.6
369963 , 634237 , 576141
161417 , -466104 , 722780
-908657 , -603924 , -202019
-511367 , 559635 , 808108
242862 , -1.14587e+06 , 290194
9424.41 , -552835 , 542981
751807 , 155182 , 239367
-274190 , -853030 , 37188.5
-26954.9 , -201708 , -937742
758725 , -368124 , -524446
505520 , 209854 , 746989
-173720 , -159910 , 41660
34806.8 , 296616 , -245495
-92746.7 , 656506 , 9527.1
-165466 , -681882 , 577842
181210 , -388790 , -59736.3
61497.5 , 500751 , 44221.1
-616579 , 286768 , -404286
412347 , -87830.1 , 170541
-378386 , 90304.2 , -618953
-309991 , 528516 , -144059
-667260 , -762126 , 519671
-167398 , -343393 , 235385
-518777 , 267085 , -386880
736922 , 518918 , -729562
550293 , -216689 , 391967
-63012.2 , 259913 , -305245
-434857 , -84013 , 468717
-154109 , 419928 , -560894
-528447 , 423250 , -138970
1.10743e+06 , 118591 , 266858
-971899 , 301148 , 19343.7
-88215.7 , -85452.4 , -1.06192e+06
-498934 , 47502 , 505606
-217442 , -232025 , 921220
-156489 , -460795 , -52329.4
627903 , -673945 , -192575
490660 , -26276.3 , 293195
-123948 , -60106.1 , -233143
-54653 , 151537 , -673066
-108508 , -484688 , 151135
363656 , -571051 , -247422
219266 , -810333 , 679667
776489 , -160333 , -521757
-349228 , -368803 , 388733
-223476 , 164005 , -864296
576082 , -243247 , -381469
-912161 , -567543 , -6036.7
504422 , 418680 , -389033
718040 , 283323 , 348699
273680 , -557011 , 205221
647180 , 339052 , 278368
278509 , 357338 , -181814
-243673 , 494709 , 891320
292331 , 306596 , -954359
-494835 , -640989 , -632366
-322768 , -44814.6 , 227443
243892 , -84264.3 , 112056
303823 , 792320 , -460364
590285 , 34880.6 , 609139
-569065 , 80243.5 , -659866
285465 , -841935 , 349173
-8485.9 , 671924 , -830585
-807970 , 249853 , -128142
247687 , -37649.4 , -199856
-176081 , 270490 , -243491
-316338 , 761430 , 204336
-653923 , 46440.7 , 702219
-530584 , 142562 , 414172
-559989 , -572863 , 596043
-277485 , 839.966 , 619911
843897 , -149741 , -52046.1
-267218 , 210847 , -334096
265474 , 204289 , 565084
837162 , 289269 , 162673
-504593 , -345438 , -465818
-761772 , -248872 , -341160
471622 , 156454 , -491163
546894 , -418270 , 81194.8
-241605 , 428983 , 583345
-876858 , 28794.7 , -856587
954.705 , 530524 , 195208
-110748 , 471725 , 318411
-192945 , -149669 , 687173
-793934 , 736214 , 364479
-791509 , -97826 , -393259
401897 , 472270 , 921005
-779568 , 81686.3 , 513763
136884 , 709207 , 290881
-920903 , -175332 , -27035.7
-26985.2 , 627418 , -249605
-20910.5 , -181570 , 827200
361774 , -767292 , 402700
180266 , 222794 , -28132.7
-174670 , -95865.2 , 23816.8
-317566 , -109669 , 442115
51972.3 , 531897 , 310089
-963644 , -281921 , 94960
67304.1 , 582683 , -486792
408110 , 333601 , 657029
-152326 , -523916 , 566419
9264.14 , 604882 , 133735
-351810 , -329819 , 302429
795309 , 613936 , -96740.9
-631470 , -390520 , 360303
287170 , -338911 , -222583
542319 , -133166 , 311865
-467891 , 427229 , -116065
-261446 , 8464.7 , -927681
-59033.6 , -460743 , 256612
197526 , -1.21406e+06 , 443769
-23327.4 , 631990 , 911879
491756 , -323797 , -31680.9
86325.1 , -441033 , -209492
-263674 , -239574 , -721378
-424893 , -632979 , -639673
-319637 , 619294 , -355627
680111 , 774839 , -40685.6
-35203.6 , 9920.76 , -74045.3
-313687 , -377769 , 574689
-11691.1 , -606107 , 506079
-221116 , -834232 , -40115.6
128922 , 621066 , -578354
-814329 , -191563 , -415933
443202 , -55317.6 , 827490
-464008 , -432980 , 280619
-557955 , -296777 , -389367
521709 , -212755 , 151731
454872 , -56338.9 , -292951
-742921 , -88780.3 , -450465
188148 , 182318 , 860973
-621692 , 4521.93 , 315176
410215 , 135893 , 558002
-298410 , 111730 , 92057.5
194811 , 406440 , 374780
-494.1 , 701691 , 406139
334798 , -292826 , 439690
413688 , 99986 , 464700
189214 , 865593 , 372285
-106346 , -111952 , -502095
165423 , 42418.2 , -148377
-667794 , 9875.75 , -244987
262682 , -763494 , 223190
246788 , -1.11219e+06 , 285915
971255 , -546646 , -459364
159127 , 436938 , 115805
726827 , -403242 , -341286
635783 , -585715 , 288767
268186 , -576687 , 63867.3
-16435.5 , 364379 , 742907
-497926 , 210854 , -508296
1.0061e+06 , -629386 , -10460.1
200386 , 1.04536e+06 , -132760
106365 , -419172 , -788190
-355785 , -689418 , -195909
-138533 , -108071 , 783049
540138 , -819744 , -138106
718445 , 304140 , -6055.87
281534 , 253630 , 433372
-438799 , 277984 , 590889
-571686 , -190517 , 76918.1
138511 , 23843.8 , 358737
-758057 , 162195 , 377931
-781082 , -686469 , -242335
979362 , -463647 , -450604
-308736 , -552171 , 323418
392548 , 344694 , -360293
807280 , -23171.1 , -239120
-777711 , -329429 , 229424
162524 , 57930.7 , -466221
643268 , -218093 , -126424
438592 , 30893.8 , -338794
-492875 , 129437 , -841149
-571206 , -428896 , -145525
830523 , -219479 , 581545
600510 , -286203 , 272503
66652 , -136319 , -337803
5210.8 , 682260 , -456631
352375 , -214950 , 206762
-934222 , -122025 , -540434
961960 , 170769 , 151431
-124203 , 85176.5 , 155073
52489.9 , 472993 , 218863
70936 , 446583 , -139391
-478548 , 162509 , 1304.21
-537960 , -805093 , 51068
655754 , -157528 , 566589
-492601 , 561079 , -144291
562788 , -638068 , -277413
290122 , -295653 , -226712
-16184.8 , -361314 , -426841
-222414 , 380179 , -523941
-42089.1 , 359069 , -249320
-272583 , -152081 , -487267
-193090 , -249579 , -394533
-362999 , 88366.5 , 654201
-108846 , 981166 , -208885
-604928 , -339004 , -181840
-187557 , 370414 , -702840
-325176 , -907593 , -135060
-355061 , -323503 , 612536
-335677 , 426389 , -429094
-145148 , 758726 , 77218.2
131379 , 528255 , 1.02376e+06
402662 , -239852 , 139199
-196374 , 446340 , -538411
402898 , -28118.1 , -84322.9
584318 , 86772.6 , 677517
-635442 , -409535 , 411956
86114.5 , -424317 , -872106
-449939 , 827544 , -177097
214734 , 326286 , -443167
119420 , -20117.2 , -551874
-531575 , -371091 , -29479.2
187575 , -393816 , -614369
530469 , -351843 , -290154
431865 , 460900 , -763052
869275 , -367987 , -505610
-52419.2 , 376638 , 380451
656257 , -89333.3 , -190175
-431761 , -15986.3 , -79427.4
-1.03409e+06 , 270991 , -41827.9
-76177.7 , -60318.1 , 288870
-971942 , 35189.9 , 242272
-598827 , -660875 , 514420
-264221 , -38153 , -189364
-928883 , 249636 , 245226
683183 , 227539 , 480923
-186540 , 137855 , 811066
-470766 , -91867.6 , -166803
-470477 , 86943.9 , 146013
388205 , -607802 , 853569
516690 , 558113 , 476150
917910 , 3771.78 , 672781
-344403 , -781510 , 553281
-55798.8 , 209372 , 249496
-573200 , 1.01091e+06 , -124074
62928.5 , -305283 , 140543
103950 , 590698 , 323782
-342298 , 162749 , 111320
-1.00667e+06 , 243413 , -134905
663462 , 435372 , -206459
-478148 , -832741 , -283932
34321.2 , -616140 , 574016
348766 , 292310 , 334872
242677 , 450757 , -301356
182620 , 244546 , -424146
541014 , 221027 , -355399
-510414 , -324868 , 556761
-742200 , 316203 , -157773
-102804 , 147634 , -1.09953e+06
465017 , 293768 , -141332
-179545 , 167420 , -513764
486684 , 283014 , 336026
-127942 , -657797 , 423242
739808 , 723217 , 129340
-569052 , -531039 , 109581
-563391 , 885847 , -395746
158549 , 117380 , 494910
-410428 , -801617 , 77825.4
-633231 , 284635 , -135029
-902230 , 759892 , -20248.6
78471.9 , 600690 , 20949.2
568883 , -572581 , -480000
493723 , 774520 , -318236
415454 , -167058 , 1.00678e+06
-189600 , -414560 , 233798
462460 , 105812 , -622736
145456 , -70376.4 , 481755
-203698 , -83937.4 , 762929
275993 , -315753 , 141257
-545427 , -124623 , 691927
-650487 , -185144 , -163649
318287 , 205947 , 165872
167545 , 804284 , 335606
653801 , 560605 , -32116.9
-650061 , 172863 , -30276.8
-269106 , -528838 , -67474
253270 , -106684 , -54641.3
-296116 , -1.03321e+06 , -82712.9
-41977.3 , -168496 , 165294
-94560.4 , 1.00428e+06 , 178079
233332 , 66021.4 , 486049
138499 , 201850 , 117138
507932 , -294031 , 40405.7
350024 , 583940 , -880141
-440305 , -267987 , -584251
-759511 , -470036 , -364620
-664760 , 313411 , 304732
391869 , 638215 , -412082
546530 , 354832 , 361525
-377598 , 454977 , 247900
-380857 , -472019 , -143077
714284 , -388858 , 865017
677453 , 557673 , 80705.9
-382963 , -377056 , 744109
-155844 , -948005 , -418111
740701 , 67528.8 , -119838
105278 , -253965 , -982933
-484883 , 38583.6 , -265656
-611881 , -633260 , 434050
454351 , -555788 , -384121
-772231 , -306173 , -27155
-326923 , 115083 , 198020
-263534 , 586415 , -280595
-275499 , -88160.8 , 1.05964e+06
615185 , 187951 , 294558
-853434 , 454837 , 725360
-481532 , -45266 , -804005
190319 , -312008 , 485609
317481 , 276848 , 741385
-81584.6 , 392154 , 402739
5840.69 , -388104 , 798994
-174923 , 305521 , 138068
229679 , -679704 , 284057
110518 , 749487 , -115890
339848 , -68255.4 , 296151
218084 , 291010 , -717526
658417 , -447390 , -730503
323348 , 421371 , 427895
311883 , -456611 , 1.06516e+06
-581679 , -559224 , 152999
60045.8 , 126150 , 384629
-385080 , 184109 , 368185
329992 , 414303 , -537584
100869 , 336662 , -614488
-366037 , -108015 , 764774
518355 , -209253 , 217059
-253211 , 495140 , -704931
-462900 , 226203 , 1.0328e+06
-149845 , 793986 , 376783
-925101 , 24464.3 , 52366.3
-415094 , 504791 , 158752
-132585 , 26715.5 , -709293
760743 , 359186 , -372496
48349.3 , 858289 , 50781.5
-826171 , -216005 , -111021
711922 , -27306.8 , 225182
-220670 , -39368.7 , -384751
-593706 , -559779 , 426201
-595905 , -125808 , 435242
33465 , -573544 , 320961
-296663 , 179611 , 343400
166175 , -382123 , 45295.9
16036 , -311349 , -791533
-257001 , -351431 , 499339
-83350.9 , 270280 , -967601
-223300 , 789439 , -170239
905984 , -179014 , 237112
-485641 , 655397 , -48673.6
374526 , 892798 , -586178
-374882 , -579927 , 423263
-756520 , -73476.8 , -84786.1
-164341 , 106274 , -432007
451343 , 289313 , -761158
-428104 , -854734 , -102102
224939 , -168763 , -500078
-393047 , 53105.1 , -352328
834532 , 61748.2 , -228514
-275341 , 829546 , 267891
-732644 , 926678 , 203212
-120050 , -253989 , 1.00855e+06
-533354 , 772756 , 244197
425271 , 244894 , -190008
-261555 , -231735 , 540160
-267691 , 553755 , -110943
-440121 , 442173 , -593925
-380827 , -337769 , -477429
-258374 , 139081 , 74548.4
58175.3 , -312915 , 253519
412806 , -443656 , 695897
-629110 , -184430 , 759965
600082 , 4320.12 , 591139
-264258 , 379672 , -181463
-451788 , 145111 , -59208.8
772392 , -366278 , 218318
315990 , 721313 , -156490
-539395 , -636961 , 107463
-248759 , 537289 , 269609
962046 , -62375.1 , -381385
743894 , 593422 , 842201
613508 , -1.24907e+06 , 85582.2
-505885 , -487101 , 419941
317727 , -1.10592e+06 , 39946.7
159167 , 712659 , 457670
-287892 , 691799 , -16540.6
679808 , -166354 , -89930.3
-265563 , 476255 , -368996
639279 , 494036 , -244296
463893 , 270176 , -376144
88594.8 , -82560 , 116924
187640 , 74912 , 981457
-15156.7 , -237281 , -375659
-392604 , 298522 , -390589
-154774 , 378959 , -533064
703582 , -270578 , 180787
-478519 , -419510 , 921332
860800 , 728721 , 185398
-855258 , 154208 , 545615
-458398 , -336668 , -160096
518488 , 188793 , 754010
-723985 , -370980 , 460651
367666 , 35430.3 , 431681
153474 , 235718 , 485559
146208 , -342356 , 602738
-2046.2 , 902372 , -173656
212033 , -77248.1 , 778337
125617 , -672518 , 200864
476860 , -437085 , -669618
-590183 , 634567 , 611917
-433155 , 383625 , -233247
-403068 , 200961 , 382259
-688478 , 163792 , 46599.2
477683 , 193109 , -128341
368804 , 4465.28 , 575440
122477 , -194507 , -926663
-111023 , 267516 , -831752
-494921 , 369881 , 80388.9
153845 , -203770 , 984124
599644 , -988937 , -470618
950133 , 465300 , -322360
-129022 , 293433 , -135406
255079 , -633464 , -157047
-194774 , 954156 , 244671
-544101 , 871569 , 145630
331318 , -253763 , 220835
354231 , -708917 , -100835
349370 , 369397 , -371536
115342 , -185403 , 302413
688006 , 156142 , -643293
95209.4 , 210235 , -202060
-568167 , -433984 , 420219
-336272 , 4172.97 , -316066
-175399 , 961481 , -115930
-279334 , -466968 , 358872
359091 , 657759 , -431207
-507350 , 386006 , 196849
341637 , 669346 , -280135
80767.2 , -919484 , -119714
1.11327e+06 , -140533 , -434819
295016 , -516940 , 131415
-60469.9 , 904831 , 157120
-372201 , 628524 , -387032
-16631.3 , 272938 , 806475
636210 , 111195 , 34387.7
-446224 , -570085 , 193027
600548 , -631448 , 44627.3
64164.9 , -487332 , 973552
322958 , -188473 , 276310
424499 , 447606 , -365305
1.06342e+06 , -251630 , -118532
130012 , -346465 , -469901
393157 , -233324 , -258695
-151667 , 65980.2 , -512469
87426.6 , -109249 , -206150
560141 , 172844 , 260398
159707 , -448510 , -699212
-49041.9 , 291613 , -142365
-716267 , -43651.5 , 361913
414627 , -264382 , 444034
-449619 , 152329 , 812386
28575.6 , -236348 , 199822
-535706 , 685754 , -64182.1
362269 , 337835 , -123396
92105.8 , -61353.4 , -220567
-233887 , 403779 , 428696
679520 , -209045 , -60157.4
252740 , -250038 , 542757
512859 , -126097 , -56311.5
510996 , -200400 , 532597
-178834 , -540791 , 601037
127037 , -178806 , 1.10307e+06
-765942 , -114544 , 369880
-413580 , 446415 , 377083
599773 , 447979 , -100962
760068 , 600645 , 304762
-17485.5 , -93421.4 , 96963.1
-682499 , 121923 , 699095
-84154 , -577560 , 290486
-37571 , 368182 , 654339
-744543 , -376412 , -549408
-61521.6 , -84568.2 , -277553
-257211 , 142465 , -121576
-551500 , 342970 , -813534
638619 , -145854 , 970137
-335309 , -98249.5 , -428540
-160763 , 315574 , -290399
119916 , 404042 , 442515
-423102 , 144335 , 402802
97240.6 , 135957 , -186162
99150.9 , -317342 , -198339
-604529 , -903280 , 739.283
-431518 , 503964 , 540244
-53323.4 , 403379 , -193421
602189 , -117263 , 93250.8
804330 , 131940 , 699273
632285 , 256143 , 323645
118895 , 124468 , 577605
342507 , -383139 , 191146
341913 , 211719 , 606925
32518.3 , -661630 , -122873
565552 , -76911.7 , -548708
-475392 , 349327 , 923742
217074 , -467503 , -475939
274034 , -726497 , -731759
-491591 , -375842 , -516087
-104425 , -465723 , -313839
-223795 , 550667 , -256440
139279 , -395405 , 164616
-32890.8 , 233737 , 527385
-700664 , 241689 , 628605
-625990 , -104860 , 316921
64533.3 , -1.10652e+06 , -147419
650828 , 174859 , 508598
21949.4 , -732868 , 874330
646116 , 344713 , 161457
15885.5 , -442907 , 432910
-97393.4 , -228663 , 109640
69174.8 , 343079 , -476641
-647394 , -386988 , 87230
-249004 , -672468 , 394121
172334 , -186116 , 340219
230232 , 490938 , 541679
-77158.9 , -1.06769e+06 , 139798
417850 , 671889 , 477285
-1.05546e+06 , 249058 , -247701
-135661 , 158188 , 882251
729182 , 12403.6 , 89589.5
-260026 , 647778 , -508913
-42884.6 , 536971 , 599600
-110854 , 4401.3 , 933655
430582 , -371982 , -954466
109218 , 317547 , -32450.8
-374437 , -1.07837e+06 , -466605
-142618 , -744394 , -530765
-703656 , -102217 , 467403
498832 , -421028 , -304381
47056.1 , 768843 , 65169.9
374802 , -645582 , -30495.7
239072 , -397658 , -219325
261111 , 104335 , 934398
-798811 , 220792 , 485889
-439471 , -158630 , -294513
-240736 , 171347 , 757929
645789 , 308690 , 817890
-440952 , 271081 , 747797
-616018 , -438232 , -449245
896569 , -129476 , 541.029
-253123 , -603088 , -754378
-185838 , -996097 , 708927
140527 , -217726 , -26505.5
-584634 , 249316 , -605874
246440 , -147292 , 214918
-238665 , -303497 , 880077
246622 , -454616 , -141803
-702908 , -4618.29 , -993701
-435230 , 6671.81 , -4061.76
-662341 , 505932 , -413582
-2351.8 , 620295 , 906825
-267631 , -210811 , 409392
-834393 , -70807.8 , 159818
-268891 , 106921 , -442672
197840 , -312377 , 184533
57423 , 341457 , 426852
170162 , -319017 , -232523
740203 , 132404 , 812018
-609268 , -29512.9 , 470224
-503358 , -90645.3 , 598552
689530 , -854361 , -124343
708597 , -145702 , -624038
1.03122e+06 , 170625 , -139300
-72762.8 , 133846 , -6788.17
763264 , -20096.7 , -800570
706057 , 322795 , 105292
561208 , 118684 , 227410
403776 , 491169 , 207083
-426759 , -485257 , -595207
576622 , 869057 , 175483
281148 , 780768 , 30031.4
669436 , 560494 , -281070
412327 , -574122 , -224950
-306005 , -546050 , 426587
-102323 , -570863 , 234332
-436674 , 96865.4 , -636235
-233106 , 315844 , -23654.9
23959.5 , -799433 , -439651
-337988 , -60590.5 , 223911
4121.12 , 170700 , -165177
-702601 , 207140 , 531188
580220 , -248975 , 167139
-371920 , -217867 , 638455
893268 , 254127 , -31037.5
-14729.4 , 53411.9 , 498944
543548 , 65785.2 , 393951
-307101 , 66180.8 , 392017
564547 , -21037.8 , 224408
-479607 , -735456 , -318964
-35633.9 , -649659 , -599391
-8153.08 , 501829 , -506954
368688 , 497083 , -985093
52365.6 , -661727 , 310683
-875548 , 91322.4 , -369571
-202307 , 759637 , -425396
-119085 , -350934 , -684233
504942 , -124729 , -28303.4
516185 , -6350.85 , 46256.3
93393.9 , 587225 , -307714
227357 , 423412 , -66725.1
28099.1 , 199492 , 91684.2
-506586 , 195448 , 272199
-304983 , -251510 , 470163
-681108 , 222078 , -92852.1
-401869 , 212215 , 240429
193010 , -47120 , 438102
-65879.9 , 253500 , 977039
-999566 , -169338 , -155724
-280348 , -521829 , 711357
-125669 , -103073 , -253884
-69001.7 , -649620 , 34575.6
172360 , 356304 , 801815
74801 , 431225 , -310997
-768871 , 518412 , -87735
-74797.6 , 181696 , 735531
525896 , 369598 , -55409.8
-56931.3 , 216431 , -512035
334226 , -666597 , -1408.84
-609507 , -593213 , -137666
262958 , -197458 , 909887
207355 , 92695.7 , 305480
-191826 , -544120 , -112041
686954 , -317179 , -374356
215510 , -96002.3 , 850328
79580.2 , -1.02798e+06 , -518654
163426 , 337843 , -95410.6
161382 , -145538 , 877570
-599763 , -53501.4 , -802582
-100779 , 59091.1 , -379941
406655 , -833891 , 18843.7
-19579.6 , 232196 , -961982
-276534 , -556303 , 345211
372165 , -228515 , -134453
-605248 , -707193 , 456408
265996 , 278766 , 440310
679312 , -617442 , -202972
-236988 , -358617 , -287533
263510 , 268262 , -606380
327026 , 700144 , 301966
-18172.7 , 554888 , 203198
-831244 , 7653.4 , 526499
246203 , 90333.3 , 647952
168357 , 558377 , 132891
-279315 , 286430 , -560702
300750 , -254420 , -342917
-270958 , 470806 , 700006
471012 , 218860 , 39604.4
-261427 , 187473 , 285648
-56241.4 , 288748 , -172717
-792232 , -74033.2 , -218769
112506 , -536781 , 354538
583798 , -701562 , 90967.8
733243 , 713591 , -485238
-603064 , 105034 , 660869
-1.10992e+06 , 91443.9 , 115679
-263592 , -181829 , -1.00225e+06
-858318 , -415528 , -257279
161549 , 44633.1 , 553909
157158 , -692181 , -349185
899211 , 182510 , 20485.7
83237.8 , -307365 , 347303
368691 , -893838 , -583386
-642656 , -340158 , 60444.8
121298 , 360515 , 75787.5
130402 , 632466 , 546051
336126 , 553584 , 470184
-587517 , 209644 , 927856
-337676 , -733486 , 180643
-749216 , -167754 , -717496
-531181 , -171091 , -161589
-428289 , 143951 , 761419
-377483 , -490710 , -931828
626574 , -117555 , -311641
473434 , 84499.3 , 761519
-252614 , 247693 , -861254
-28660.3 , -293144 , 217194
78384.4 , 476624 , 614760
-77091.9 , -86339.9 , -64236.3
783506 , 405021 , -1.09952e+06
-359224 , -286268 , -146733
-149465 , -189975 , 182130
-67984.3 , 356717 , -158039
-448229 , 721467 , -203143
-443388 , 136118 , 307699
118926 , -293683 , 541068
-376119 , 69202.8 , 987276
1.11863e+06 , 772501 , -259345
-179356 , 693913 , -486493
-103076 , 767688 , 192781
-166583 , 823247 , -331617
-710848 , 258362 , -139591
316419 , 450722 , 891592
-9133.45 , -58464.4 , 394455
723238 , -225340 , -757249
-172498 , -490058 , -302465
894913 , 135960 , 184343
-430086 , -379255 , 364505
147736 , -77961.1 , 194263
887316 , -153747 , 457971
235182 , 719997 , -782633
-279620 , 792200 , 388893
852044 , 428258 , -438715
-109134 , -503625 , 1.06e+06
186273 , -302539 , 511284
-130257 , -709948 , 56360.8
-579316 , -521430 , 246636
-175050 , -670670 , 776933
-43809.7 , 184604 , -13780.5
117179 , -392588 , 413492
40587.8 , 884344 , 368713
25502.7 , -564542 , 198749
425802 , 68884.7 , -762151
-183096 , -644555 , 3138.69
-657540 , -709498 , -236730
248455 , 155030 , -831295
-536292 , 596198 , 306825
-32124.5 , 366809 , 574791
6386.97 , -339668 , -483213
171428 , 903593 , 273961
98737.1 , 553237 , -97226.8
-316406 , 416669 , 544608
58452.1 , 123644 , 241951
180271 , 111949 , -690971
-434599 , -680012 , -59745.3
385637 , 616225 , 344545
726183 , 398504 , 39231.2
573486 , -519926 , 232623
-196681 , 289814 , 404140
-468124 , -155303 , -326126
534660 , -591068 , 696764
-204391 , -898534 , 33359.4
244326 , 349067 , -581091
569910 , 731939 , 261192
17116.2 , 452716 , -813498
-215057 , 1.15648e+06 , 494879
-426231 , -793249 , 241894
200243 , 422688 , -453362
589794 , -266692 , 141455
301897 , -376522 , -525560
-400414 , 192491 , 875410
411261 , -103024 , 692570
-496523 , 157437 , 181688
-376867 , 215169 , 231699
-505528 , -304624 , 742372
-409440 , -501403 , -453950
-50654.6 , 15723 , 210224
314150 , 172500 , 395172
644306 , 455207 , -53462.7
58285.8 , -539909 , -418768
-22208.8 , 708202 , -22513.6
-345034 , -700847 , 347915
535012 , -426882 , 254317
26041.2 , 357570 , -694138
-182904 , 35956.6 , -651635
170228 , -572227 , -68128.6
472115 , -93649.1 , 500697
-558206 , -585620 , -480825
-53449.3 , -29568.4 , -132990
359312 , 466625 , 408464
503574 , 268797 , -330524
749644 , 233002 , 387950
273584 , 179870 , 529941
-257263 , -453402 , 512751
-11869.5 , -245052 , -294082
327831 , -206322 , 792901
980726 , -324780 , -402190
-238911 , 47468.8 , 76715
283520 , -664649 , -733098
412826 , -546941 , 712167
631116 , -600474 , -291883
181411 , -44060.7 , 746818
-353486 , -963317 , -287965
480128 , 397158 , -438268
-434080 , 827622 , 146979
-551104 , 49554.8 , 469296
-153951 , -427689 , 919622
-51055.4 , -521825 , -224723
612074 , -196918 , 18474.8
-634150 , -481618 , 459759
686923 , 432585 , -94554.8
-152125 , 842936 , -11591.5
648730 , -3603.98 , 381399
-114442 , 963116 , -337848
-354694 , -773511 , 718898
351385 , -69724.6 , 762745
-601255 , 98181.8 , 202986
157659 , 551115 , 115928
-565286 , -481428 , 608057
-641201 , -43081 , -280512
-517327 , -168495 , -382055
-417406 , -153398 , 527446
-165902 , -352795 , 596878
-673519 , -46227.9 , 738328
262195 , 163335 , 428511
692266 , 218237 , 713475
-588701 , 569692 , 48231.8
859453 , 234707 , 15544.3
-528954 , 358535 , -194790
-78954.2 , -369349 , -374320
189100 , 286445 , -851275
295707 , 391658 , 763363
57032 , -864439 , 32801.7
341610 , -548045 , 269065
-662318 , 258861 , -925432
694178 , 493863 , 119579
475214 , -34153.4 , 731661
479027 , -511272 , 149756
-302393 , 308036 , -235557
503441 , 260714 , 686699
144067 , -586850 , 601076
-188081 , -290922 , -451162
788085 , 123841 , -607176
234686 , -889996 , 628036
-6533.27 , -164064 , 641463
-553725 , 503445 , 593461
-252173 , 476458 , -307787
-362884 , -659334 , 614176
-5313.63 , 93138 , 565829
204050 , -706819 , 995.308
-57635.3 , 147785 , 50187.1
-479203 , 1.11713e+06 , -146439
73241.8 , -639415 , -26076.3
-468522 , 113850 , 406833
-83606.5 , -377547 , -277757
307124 , 66092.7 , 44459.2
141121 , -643896 , 479748
251104 , -782481 , -99379.4
342624 , 161849 , 902074
293301 , 148826 , -650932
-636256 , -214166 , 71576.2
642151 , 130834 , 89888.2
633757 , 595476 , 100258
-170248 , 757757 , -501742
-494660 , 959693 , -145889
-24286 , 78791.9 , -96465.9
-316284 , -1.10757e+06 , -55295.2
38374.9 , -410312 , 73008.3
227648 , 768476 , 87365.1
-138106 , 226497 , 1.05376e+06
204828 , 336447 , -737972
590705 , 415934 , 147824
-114851 , 499620 , -735393
-658267 , -687133 , -164458
243375 , -422332 , 561087
358108 , 849878 , 114003
454999 , 601776 , 433446
354758 , 499615 , -690995
546430 , 615237 , -313835
890803 , 587948 , -136726
-227220 , 248393 , 694977
-313323 , 556871 , 493310
221016 , 174980 , 313648
-651522 , -992541 , -368466
-379591 , 203386 , 63520.8
609033 , 205488 , -208955
669288 , -361124 , 203398
84057.7 , 410716 , 211387
151866 , -824442 , -227399
-503692 , 680726 , -229957
85088 , 215041 , 570597
757097 , 163416 , 645215
219222 , 153943 , 624323
258378 , -220328 , 43761
-188111 , -264925 , 323762
-30164.6 , -581233 , 500725
-416497 , 851577 , -323485
-521968 , 484986 , -34612.1
-672268 , 219271 , 544544
-465155 , 586468 , -135587
-529498 , -133064 , 126751
-283957 , 465451 , -386324
422427 , 512806 , 73811.2
-633033 , -72616.7 , -102381
-621885 , 44842.7 , -933119
-465840 , -452108 , -657209
863079 , -133153 , -382471
664577 , 951317 , 307647
429745 , -468611 , 358408
-335045 , 170095 , 417842
-140210 , 216822 , -107331
27432.8 , 262774 , 468027
-493731 , 105483 , -151929
454801 , 588051 , -368335
147986 , -792736 , -37001.2
467358 , -702631 , -219167
-498275 , 43205.3 , 191127
-249826 , -872.842 , 601203
-847481 , -630782 , -552468
-792167 , 115093 , 293879
731748 , -762680 , -76783.6
-198937 , 641165 , 464404
-7627.91 , -403388 , -627696
-365184 , -166661 , 901893
29880.1 , -998324 , -400877
-280317 , 3536.96 , -159748
126229 , -324614 , -113938
-404119 , 932535 , -120553
120587 , 667714 , 508256
-34320.2 , 90125.6 , -583908
1.05906e+06 , -64367.9 , 368061
490300 , -51648.9 , -410111
260347 , -800994 , 372506
-482395 , 967751 , 385418
653908 , 511070 , -439257
-205064 , 292670 , 84246.3
618748 , 192501 , -393997
-736653 , -107222 , -285031
-262459 , -50791.2 , -337951
540537 , 831133 , -378716
-715620 , 396161 , -373184
580216 , 514649 , -10483.9
926783 , -122653 , 360096
392152 , 758380 , -421013
-459941 , -598251 , -54236.6
-257306 , 887517 , -196437
-12009.8 , -566772 , 572040
696405 , 150274 , -255811
448131 , -283307 , -15358.4
49053.2 , -233117 , -788022
822559 , 455006 , 706320
315254 , -218800 , 352401
-197575 , 661596 , 718657
244032 , 459195 , -216414
-5487.9 , -366037 , -16024.1
-297290 , 849480 , -278955
-634623 , 815660 , 362487
186657 , 778384 , -323411
-204091 , -676883 , -366256
114841 , 108073 , -464925
-446224 , -234213 , 648708
-549287 , 74561.9 , 680016
726086 , -78934.8 , 194812
-74832.8 , 677460 , 587489
-44422.5 , -177098 , 293348
270440 , 478521 , 55571.7
-296645 , -995015 , -37038.6
-467986 , 651635 , 300098
-287682 , 557280 , 461899
-1.15727e+06 , -317278 , -83562.8
-161451 , 162638 , -267440
-634782 , -183311 , -567121
-28272.7 , -258760 , -53430.6
641167 , -73767 , 50839.9
-331739 , -222209 , -487470
108909 , -747501 , 12157.8
-560189 , -527459 , 123748
307745 , 46852.2 , -625375
222489 , -35776.7 , -448698
-244212 , -371016 , -132615
-186959 , 365771 , -286562
-165785 , -434659 , 460215
-629674 , -274516 , -394760
301512 , 541753 , 671125
554657 , 227351 , 332857
516638 , -52422.5 , -531175
-334949 , 545100 , 157592
-336814 , -214506 , -343667
-334591 , -350161 , 187540
20453 , 434656 , -543211
-128432 , -1.03331e+06 , 105998
-360134 , 468050 , 466953
-389087 , -353622 , 514863
-362618 , 237706 , -404284
359190 , -688605 , 377109
86002.2 , -731468 , 299133
632279 , 60154.6 , -485220
750758 , 376956 , -192304
252808 , 798950 , -316415
185974 , -515225 , 292301
197669 , 320918 , 570281
-248498 , 956366 , -314328
-261253 , 403611 , 935354
-454903 , 252417 , -179502
-259443 , 6300.98 , -530384
-307796 , -380658 , -1.05575e+06
-354355 , 768897 , -673556
127593 , 15240.8 , -574659
626994 , 634747 , -98511.8
588380 , -31738.1 , -705284
382104 , -45115.1 , -433339
-678230 , 6371.59 , -528740
154455 , 69394.1 , -534316
310912 , 896721 , -151286
-431371 , -153813 , -547503
-793339 , 243034 , 246665
794592 , -845704 , 264903
922133 , 303177 , 307750
-774280 , -204096 , 779094
-78718.7 , 106591 , -1.13967e+06
382662 , -375906 , -407121
197721 , 490799 , 874777
-435434 , -895512 , 655580
-656574 , -46031.8 , 587906
285874 , 425049 , 268882
58653.9 , 177593 , 204878
-327689 , -453131 , 301099
253179 , -66156 , -758903
602615 , -476900 , 545947
499378 , -468411 , 186403
-246341 , -732959 , -438310
88169.2 , 765636 , -33592.6
442636 , 511612 , -288880
-596776 , 192820 , -417831
3368.21 , 843678 , 187267
223949 , 377289 , -582786
136501 , 588711 , -681686
21246 , 338009 , -217472
141294 , -583559 , -781990
-644427 , -621172 , -427191
-208755 , -333332 , -617400
387564 , -122977 , -583253
-434210 , -154255 , -701094
343409 , 816038 , -135337
-221941 , 111197 , 370376
533092 , 26262.9 , -584476
279608 , 278033 , -195031
-675984 , 474940 , 196836
-284936 , -168278 , 823820
-271141 , -276192 , 777169
-170517 , -458421 , 681876
-403947 , -134332 , -215944
-369255 , 579913 , -945487
257488 , 46015.3 , -663809
71628.7 , -654277 , 119243
-158827 , 498135 , 432287
91735.8 , 20148.4 , -10180.6
-654413 , 178768 , -587329
1.01585e+06 , 310399 , -249802
-730927 , 64523.4 , 241235
-319237 , 325729 , -513049
166393 , -141046 , -406261
584370 , 320654 , 450069
682300 , 712635 , 194518
236896 , -591541 , -103645
377035 , -254161 , 632422
329277 , 1.0227e+06 , 215463
75008.7 , 153269 , 547253
-76012.7 , 60947.7 , -225471
202403 , 720989 , 741690
46187.2 , 173595 , 382379
-354367 , 135634 , -439700
-613.403 , -125139 , 529118
-96757.1 , 1.00881e+06 , 452866
-240615 , -379800 , -712699
478896 , -840872 , 297263
-1.00815e+06 , 276751 , -126170
-124436 , -74530.8 , 275807
-119548 , -32571.5 , -623601
511982 , 134193 , -225592
653388 , -369365 , -51278.9
-306560 , 144243 , -522299
-615721 , -384678 , -186202
951689 , 579054 , 465111
-622332 , -518117 , 43598.1
-158534 , 632553 , -361103
-24575.2 , -272514 , -613194
241609 , 68190.9 , 759077
979309 , -138248 , 100453
758092 , -58657 , 285901
-505339 , -166913 , -298149
-96267.7 , 256735 , -241458
-313849 , 308145 , -721483
-752936 , 188070 , 625362
295171 , -396143 , -252746
384526 , -370024 , -359873
-388986 , -440223 , 454486
450807 , 58149.7 , 302850
-218247 , 457087 , 92185.1
393980 , -318969 , -387036
-1.02449e+06 , -369785 , 190125
142659 , 361005 , 251597
604729 , -393461 , 115163
401485 , -316608 , 69064.2
-70883.1 , -267376 , -637421
12233.5 , 482615 , 144237
-736950 , -134927 , 789359
762651 , -66096.4 , -23359.3
-254629 , -493988 , -1.02929e+06
-702446 , 593424 , 269030
35401 , -184711 , 374587
517564 , 639344 , 321929
-115921 , -790531 , -124025
30410 , -187497 , 478483
-3748.74 , 695262 , -348161
154715 , 758395 , 200070
311191 , 714856 , -108535
-330793 , -581373 , -310127
-78453.2 , -583788 , -1775.47
-607682 , 184807 , -328020
-708832 , -636360 , -703455
-467569 , -557586 , 239371
-78793.2 , 318814 , -3258.62
-535991 , -292576 , -411556
-358312 , -270749 , -501629
401945 , 191563 , 537401
-450796 , 33186.5 , -793040
-237196 , -970190 , -119403
479341 , -184027 , -652717
644222 , 877368 , 288346
-966852 , -676639 , -312431
-352848 , -411033 , -765630
489935 , -586910 , -12405.9
231964 , -201252 , -18821
678701 , -207650 , -751317
-790149 , -337690 , 533154
757808 , 389293 , -119443
1.05054e+06 , 430462 , -57151.7
3223.11 , -311025 , 675571
-461160 , 309127 , 310200
427791 , -56058 , -655228
53290.8 , 830028 , -809311
-89201 , 854436 , 329929
-233987 , -34201.7 , -100343
273957 , -184329 , -544406
-87247 , -51911.4 , 633114
756294 , 381094 , 27461.6
-501052 , -142368 , -412606
352446 , -139991 , -233060
-801182 , 721145 , 533674
-354477 , 629798 , -270811
161777 , -610778 , 73319.7
601173 , 227803 , 903252
-136656 , 293294 , 350515
-268989 , -269890 , -447888
-381718 , -16765.8 , -109692
163236 , 233673 , -292561
-838910 , 468041 , -60420.4
-869472 , 222908 , -91321.1
114904 , -758647 , -288031
-26885.1 , 212501 , 812737
670766 , 75306.1 , -406767
383917 , 38564.1 , 815259
-418064 , -57285 , -196837
106124 , -217012 , 179332
-455640 , -358545 , -235912
45840.1 , 566688 , -702316
-46962.4 , -376002 , 245331
320647 , 814285 , 281732
801350 , 549905 , -730.859
500764 , -672039 , 361251
-322329 , 496479 , 650429
-510098 , -290510 , -209460
29831.9 , -17437.6 , 32421.5
837568 , -141161 , -646536
579519 , 376823 , -170265
875029 , -493294 , 65506.7
132057 , 92551.9 , 567995
200996 , -638101 , -444283
599475 , 727689 , -95872.7
-663134 , 319853 , 675023
112394 , 122893 , 666634
-1.11865e+06 , -217031 , -279616
271420 , 905069 , -117369
-357956 , -532691 , 262028
-809648 , 576396 , -378565
28945.4 , -394208 , -188586
350789 , 333340 , 1.21645e+06
-299244 , 490881 , -57332.9
182502 , 597765 , -143114
672433 , -301534 , 497142
-412351 , -489383 , 107029
149976 , 616038 , 14443.8
-718985 , -429870 , 650721
-505978 , 680286 , 479217
-277722 , -241629 , -434966
-458080 , 125967 , 304930
-402780 , 413460 , 155765
-1.09289e+06 , -52778.7 , 425197
410369 , 1.16805e+06 , 226446
-87375.7 , -699066 , 45529.8
-133614 , 952279 , -19198
809103 , 9181.81 , -422056
-77461.1 , 73320.7 , 602800
125505 , -1.04503e+06 , 581263
461921 , 475970 , 595616
25783.2 , -329820 , -449231
475522 , 616346 , 184025
371842 , 812126 , 376165
-628097 , 469129 , -699582
-22067.9 , -941217 , 229583
80124.9 , 468515 , 108779
-717175 , -175255 , -220179
-593841 , 500122 , -425211
-333801 , 298388 , 656649
-619345 , -93506.3 , 482646
-470374 , -439224 , 173012
-508818 , -8235.49 , -101673
259567 , -554704 , -564729
359237 , -102569 , 246096
-163650 , 122576 , 459841
617718 , 72116.9 , -624589
442484 , -330557 , -61164.6
60365.3 , -220788 , 120785
82577.3 , 616348 , -135911
69632.2 , -417900 , 562745
137163 , -276984 , -337552
-955341 , -104618 , -25653.3
95077.6 , -1.00271e+06 , 256587
-218144 , 449357 , 199109
140919 , 92039.5 , 209020
110008 , 480552 , 34300.1
182328 , -204551 , -1.11402e+06
-399604 , -137668 , -278668
236435 , -790340 , 726739
-320022 , 402737 , -443550
-241668 , 36131.4 , 400990
-275556 , 449517 , 1.2206e+06
134283 , 682880 , 190847
766062 , -374676 , -84022.8
-198756 , 106632 , -828026
-197698 , -118647 , 900576
-163747 , -519050 , 628084
-687236 , -476583 , 264830
668239 , 189847 , 95757.8
529870 , 963220 , 283469
-399661 , -184644 , 675354
362320 , -354990 , -269439
521514 , -125079 , 383171
-384551 , -201104 , 459207
-14185.5 , 507299 , 316003
145754 , 580569 , 699013
-586667 , 800215 , -148611
-124054 , -108102 , -239972
377030 , 297805 , 763841
-211620 , -672979 , -18509.9
-178587 , -511361 , 525682
-746654 , 662631 , 230419
213863 , -180284 , -778933
-478298 , 486510 , 390512
699331 , 292697 , 561788
-705817 , -73950.5 , 808518
-351654 , -701283 , -537739
494392 , 438737 , -422689
-627180 , -654179 , -270596
677487 , 48724.8 , 56969.6
14548.8 , -296904 , 594732
90682.1 , -444487 , 515698
741085 , -26275.9 , -54558.3
28920.8 , 879063 , -157200
530901 , -511217 , -270027
-88117.8 , 540790 , 266496
263325 , -500140 , -33303.6
-141175 , -102906 , 539443
-657709 , 204489 , 736198
415766 , -41845.7 , 754064
72396.8 , 261300 , 387082
633798 , 282300 , -395482
-406308 , -541320 , 318451
-956794 , 272912 , 332480
94599 , -734112 , -13612.1
-764161 , 251324 , 175328
256625 , 380938 , -149273
-650599 , -683226 , 85973.4
262048 , -210436 , 799793
-536014 , -137668 , -887726
-337129 , -46931 , -202522
105090 , -598223 , -403827
700103 , -783812 , 316520
499327 , -626914 , 580008
467251 , -460930 , 642014
-250207 , 746650 , 168528
-43265.2 , 179605 , -176437
201264 , 558002 , 293772
66559.2 , 244605 , 446603
146378 , -151819 , -807895
26838.4 , -615247 , 920705
-569499 , 437650 , 507953
-232212 , -29749.1 , -265997
-270693 , -913181 , 88655.5
499682 , 791151 , 598509
-89247.1 , -326208 , 51404.5
-432650 , 335439 , 96138.8
-789257 , -34704.5 , 86478.1
55981.2 , 501687 , 235361
213896 , 714949 , -225462
-247733 , -674727 , 681348
32150.3 , 969110 , -128820
176059 , 74493.2 , -295916
206822 , -496702 , -574177
-226700 , -262044 , 47458.7
-684005 , 306044 , -314833
103489 , 676832 , -108058
498543 , -466761 , 446986
22992.2 , -1.23189e+06 , -330025
-168350 , 654892 , 194003
-61573.1 , 507149 , 968046
328970 , 33981.2 , 318910
-543080 , -606219 , -342049
-450571 , -819715 , 511639
397893 , -197424 , 232023
-129473 , 388145 , 554909
318216 , 240107 , -454492
-475634 , -535597 , -784529
-619685 , -583119 , -376413
616200 , 592629 , -220128
947818 , 241823 , 397649
-192637 , -79665.4 , 299128
-454185 , -630696 , 385909
48045.9 , -67979.8 , -166188
-119713 , 331519 , 351489
-19071.9 , 215150 , 593333
-651673 , -566956 , 259536
-362363 , -865088 , 303133
-378770 , 766148 , -620561
-885465 , 294646 , -299989
-1.04242e+06 , -189822 , -212526
575136 , 367777 , -271410
308274 , -294234 , -961143
381902 , -750663 , -174526
-517435 , -941464 , 267328
136117 , -268822 , 727205
-805408 , 440655 , 477346
-414957 , 59704.9 , -473762
648517 , 105414 , -941499
-50042.4 , 74741.5 , 689132
652630 , 107433 , -305922
682278 , -296504 , 178983
-270234 , -222585 , -56655.8
554903 , 306224 , 548078
307656 , 363976 , 750728
-755513 , 573016 , 74421.5
-399229 , 975517 , -94690.6
475861 , 385944 , 370343
-63644.5 , 64507.1 , -268405
-81234.4 , -949181 , 194395
-21939.8 , -538573 , -509005
439460 , -306656 , -192442
328690 , 218862 , -178581
-161379 , 268008 , 325100
-9506.8 , -538344 , 307771
-8344.76 , -46642 , 305374
-252632 , -518671 , -131725
-359822 , 356209 , -479310
1.0187e+06 , 102407 , 466265
-204239 , 160499 , 240257
-144398 , 257198 , 475547
-587505 , -448146 , -324883
-367220 , 666367 , 96087.8
-451872 , -195030 , 107618
-620763 , -276363 , 276778
479997 , 807851 , 278072
78443.8 , 429133 , -401723
288996 , -856767 , 641537
129836 , 383467 , -136030
612358 , 285369 , 250933
-118812 , -240985 , -342268
-508788 , -450927 , 309158
645427 , 839695 , 264071
264862 , 399131 , 227688
435881 , -110461 , 893491
862427 , -136926 , 484697
337394 , -856549 , 577005
901294 , 547367 , 328606
225243 , -303971 , 741063
143927 , -196268 , 431739
439835 , 6432.4 , 285913
114643 , -270657 , -924845
-431246 , -281840 , 707733
-248037 , -71627.1 , 170645
512391 , -354486 , 726796
254344 , 495586 , -503654
-465954 , -94882 , 609479
276761 , 296520 , -238735
-185836 , 41286.2 , 1.00301e+06
-368846 , -277123 , 28116.6
-91650.8 , -458035 , -322490
-284890 , -399555 , 603555
476448 , 68628.4 , -61954.4
-420856 , 826408 , -209963
795073 , -77139.2 , 434194
634499 , -285577 , 571940
-165088 , 222779 , -242774
-637735 , 198640 , -484107
-749806 , 277216 , 585749
295644 , -293319 , -248310
-215030 , -133578 , -10174
148407 , 228137 , 200841
964316 , -77401.2 , 41505
-527074 , 472785 , 370636
-143872 , 530089 , -686451
14829.5 , -207187 , 633627
-130234 , 201764 , 623877
636155 , -876440 , 137787
113389 , 454433 , 289600
509241 , 831038 , 313974
263643 , -517102 , -360900
-544480 , -112370 , -327860
626300 , -136296 , -762779
263069 , 150015 , 936256
356183 , -154361 , 1.07747e+06
220940 , -2428.42 , 237240
390547 , 691489 , 309746
-59556.4 , -247848 , 93968.8
-713313 , 151416 , 133647
-236578 , 48984 , 255954
148005 , -697817 , 361745
-726272 , -408034 , 42739.3
301169 , -117814 , 172601
480939 , 607644 , -507424
-84594.2 , 529865 , 869961
783276 , -595129 , -719077
908683 , 138491 , 278558
-108458 , 643256 , 63549.7
99087.6 , 167207 , -149501
8639.29 , -443214 , 176423
159921 , 148916 , -335596
-476122 , 486298 , 555665
474568 , 394043 , -789810
68119.4 , 356638 , 702851
119779 , 1.14391e+06 , 5949.54
-188675 , -15755.8 , -752895
29946.6 , 489458 , -579040
-158535 , -129473 , -156154
-718675 , 361270 , 314773
-315894 , -34388 , 604786
353274 , -627918 , -299381
353402 , 445093 , 366112
-431636 , 843375 , 153315
371558 , 666108 , -598616
-12521.4 , -586219 , 45220.5
-417970 , 824402 , -231202
936506 , -232808 , -316096
386750 , 169075 , 69472.5
-150547 , -434638 , -269234
-99282.6 , -130038 , -725556
599914 , 452081 , 77874.2
-770444 , -62379.2 , 238394
-405770 , -405400 , 741333
-84306 , 131873 , 805081
-639550 , 443612 , 299721
-301680 , 364493 , -593103
436687 , 643556 , -45608.5
-451592 , -134789 , 926732
276731 , 862690 , 517038
790006 , -656493 , -359147
716892 , -212886 , 114033
610907 , -77082.4 , -460431
-429973 , -325231 , -409312
-3445.8 , -610568 , -234704
-119849 , 61535.3 , 704714
-452273 , 386662 , -335216
-516001 , 560264 , 630806
-417768 , -593473 , -96538
-595245 , -181287 , -94913.7
21221.7 , 535445 , -504814
418272 , 1.08354e+06 , 206961
-619032 , -611659 , 621360
791210 , -528536 , 588195
-273493 , 331828 , 52599.8
489879 , -650609 , 172626
112392 , 903298 , -224792
-325022 , 7791.33 , 286395
116973 , 381565 , 650837
-498226 , 240869 , -635554
-626902 , 87791 , -401215
488020 , 452566 , -2822.85
-786536 , -601575 , -73671.3
-618110 , 347991 , -171187
588021 , 681388 , 655479
269238 , 372523 , -181465
-339779 , 405319 , -36746.6
772080 , 508910 , 448024
703929 , 456059 , 890018
291619 , -51572 , 778197
-261784 , 189933 , -953738
-124531 , -742248 , -130343
-276145 , 143828 , -331979
-46408 , -915982 , -263399
207508 , -226273 , -797489
-228497 , 479300 , 656657
-208823 , 554592 , -262324
-680573 , 304587 , -541409
860891 , -716263 , 76174.3
-559676 , 377198 , -387051
-212092 , 464628 , -457659
-600998 , 701146 , -468625
-28694.1 , 405180 , 376466
-581841 , 402874 , -593816
-822733 , 126819 , 596244
453089 , 37375.9 , -774272
-552307 , 327391 , -353276
-222498 , 592087 , -710996
-528051 , 5519.31 , -121484
-236874 , 512955 , 273387
1.02671e+06 , -9593.87 , 75427.1
-816268 , -307791 , -268624
-372242 , 183356 , -62751.3
46270.1 , 450772 , 564249
477477 , -454834 , -528527
18815.3 , 564384 , 986696
-403613 , -207964 , 513224
798336 , -82302.7 , 90838.4
-510512 , -306815 , 237415
-347605 , 283782 , -259455
356289 , -19245.6 , 203187
-175787 , -192150 , 802782
-1.1289e+06 , -251665 , -232012
-672197 , -146074 , -646587
-524922 , 46551.9 , -49125.9
-65125.6 , 12631 , -118820
-196463 , 282149 , 505064
14747.8 , -691535 , -750391
-662229 , 440872 , 268166
377012 , 176160 , -605900
-128000 , -1.03012e+06 , 100977
619984 , 419416 , -193198
-78561.4 , -530219 , 369343
417699 , -38623.1 , 503876
173556 , 188159 , 844355
776586 , 519348 , 255208
-823911 , 48419.5 , 43504.8
385721 , -137429 , 623198
-629460 , 715464 , 93880.7
958913 , 7568.53 , 96849.3
-283265 , -187650 , 729702
-282603 , -201054 , 308359
778704 , 118161 , 419470
414227 , 63226.9 , 340360
-537684 , 629710 , 344951
473824 , 94962.7 , -313255
-1.13226e+06 , 85907.6 , -193212
45460.8 , 992096 , -398665
321742 , 724058 , -161244
-128482 , 106066 , 210553
-434664 , -50600.9 , 341030
-802431 , -36302.8 , -347492
182152 , 844615 , -369826
744506 , -34631.4 , 51669.8
360973 , -319962 , -792046
632070 , -328927 , 247777
-335766 , -847684 , 568918
844564 , -164752 , 342737
-83333.4 , -506082 , 194978
386082 , 475878 , -253556
205834 , -205879 , 195717
234891 , -18998.4 , 885826
443407 , 222321 , 921017
-193999 , -367558 , 991196
-378016 , -527192 , 78224.2
-685236 , 620127 , 169698
-256665 , -54196.2 , -137286
761104 , -187915 , 565596
-5086.77 , -481198 , 779489
678714 , -389637 , 72428.7
-158431 , 779590 , -460517
-114549 , 340464 , 141545
-227779 , -46320.2 , -505086
534156 , -798194 , 199968
-81502.5 , -1.03602e+06 , -411202
-550640 , -204200 , 391789
67540.7 , -390503 , -864686
593533 , 347002 , -388972
-885.056 , 1.10849e+06 , -279211
-410907 , 500181 , -544394
-120545 , 378605 , -280922
483720 , -486032 , -34780.9
-252593 , -403255 , -261175
1.11524e+06 , 617.072 , 299703
345099 , 296968 , 446170
-473251 , 428132 , 136865
-33823.5 , -727637 , -164878
544842 , -492888 , 410820
-509891 , 424291 , -6859.57
-95002.1 , 102540 , 845097
-356629 , -645030 , 114321
422177 , 411146 , -143634
47186.8 , 944887 , 246309
-128882 , -382837 , -997100
174555 , -102012 , -624764
815085 , 711283 , 603033
-35791.6 , 269290 , -118829
-253094 , 134487 , -634511
482100 , -294648 , -67589.7
672914 , 740262 , 319964
364830 , 570940 , -264773
167791 , 480527 , 41510.8
489113 , -549449 , 366618
-310876 , -176623 , 118443
-68283.9 , 161715 , 680818
-413575 , -840050 , 284754
-664745 , 345395 , 381347
151348 , -121735 , -1.00415e+06
-681410 , -283473 , 290733
1.14183e+06 , -161518 , -35570.4
-402049 , -361277 , -95349.7
-741714 , -192663 , 95009
-902838 , -36811.9 , -466625
90344.5 , 482422 , 212928
-265759 , -45298.3 , 310143
-316543 , -502850 , 452717
-649283 , 10590.2 , -229295
-128943 , 98641.1 , -725753
667178 , -7829.11 , 74469.5
-465085 , 851807 , 220312
397910 , -277415 , -325153
184756 , -242981 , -1.09808e+06
-320696 , 733278 , 306397
72752.3 , -539998 , -26492.4
-101477 , -394252 , -22107
730392 , -36174.3 , 650237
118336 , 234926 , -927025
-549441 , 441767 , 410835
63242.8 , -572318 , -97511.8
-184951 , 831567 , -342944
-514128 , -806790 , 274759
-40236.1 , 205570 , -421736
488402 , -207157 , -259755
37399.2 , 905073 , -66463.2
356971 , -127779 , 586108
218321 , -888426 , -2112.3
-534109 , -408544 , -26633.7
548402 , -6538.42 , -94132.3
568147 , -47158.1 , -556644
-390252 , 329824 , -468064
535926 , -109.595 , -17744.8
-10049.1 , 858440 , -49008.9
430657 , 558642 , 454620
226904 , 243374 , -134124
-88580.2 , -60034 , 403916
-436552 , 568993 , -180213
-285167 , -193418 , 647767
740235 , -111826 , 216542
494311 , -550788 , -344516
-415692 , -166561 , 967791
-115843 , -659701 , 662848
421325 , -194669 , 309002
-290137 , -77157.6 , -575777
55964.7 , 829101 , -48938.4
57465.9 , -146597 , 1.11e+06
-141088 , 169176 , -8510.99
-320374 , -790653 , 962465
-6954.39 , 10646.1 , 372383
-23626.8 , -545227 , -270594
-488487 , -706484 , -34105.9
-543970 , -842592 , 74264.3
245283 , 806642 , 84577
406249 , 541574 , 339812
85626.2 , 898631 , -145325
289270 , 48983.2 , 190906
62201.7 , 359470 , 1.01692e+06
728356 , 266932 , -632026
-137345 , -368406 , -349480
-151305 , -141586 , 573183
-247488 , 50838.6 , -915525
-297829 , 7481.62 , -612803
375026 , -471380 , 283854
202874 , -697063 , 275977
125119 , 315574 , 21123.9
61325.4 , 405825 , 713112
678179 , 12022.4 , 551476
-307672 , 105602 , 497063
286311 , 336125 , 36111
-336837 , 1.01699e+06 , 536758
-488943 , -219062 , -494683
-88755.9 , 12923.5 , 536098
-430572 , -457554 , 798184
286455 , 127231 , 22556.2
-283274 , 478728 , -675626
-534711 , 827755 , 277603
-981772 , 80894 , 65327.5
-241552 , 513424 , -131197
795230 , -697716 , 87404.6
1.05086e+06 , -162959 , 238426
-107799 , 891103 , 91617.1
591953 , -258173 , -125816
-346750 , 316052 , 109443
-319445 , 484892 , 372227
-165112 , -123780 , 683056
354659 , -478032 , -360368
-318760 , 35217.3 , -604915
-422399 , 779531 , 487956
-681751 , -251833 , 665713
321476 , 357234 , -529320
-64392.3 , -118513 , -786245
630764 , -1.00868e+06 , 216821
305683 , -387894 , 208060
-711613 , 208548 , 560652
-729439 , -345592 , 577481
41866.2 , 624419 , 434377
97928.5 , 357689 , -702507
450706 , -672314 , 943282
534131 , -316076 , 53630.7
-470467 , 166502 , -797993
-110864 , -663752 , -391271
461870 , -116457 , 101001
115797 , 136812 , 483192
758382 , -455682 , 100539
291470 , 205437 , 845301
303707 , 312764 , -72870.7
743886 , -7114.28 , 6706.14
-511198 , -595946 , 674551
-44562 , -706925 , -383228
-147583 , 995693 , 236271
512852 , 657903 , 261213
307045 , 621440 , -490549
-89285.6 , -774316 , -400350
-461514 , 301945 , 371517
-755454 , 384570 , -737242
-748956 , 266889 , 549546
546403 , 392288 , 55368.6
-437847 , 95829 , -287801
-297214 , -1.08868e+06 , 116579
182453 , 30291.3 , -574206
-868699 , 105218 , 463656
76716.5 , -451408 , -604882
603481 , 890425 , 66288.1
-26638.4 , -415317 , -226143
-801790 , -153642 , 348300
474170 , 226320 , -309163
289557 , 120862 , 969160
-66715.7 , -589355 , -183170
-192672 , -121189 , 373981
-279481 , -939608 , 50555.2
-455564 , 301702 , 430499
398990 , -412899 , 214443
319719 , 18098.4 , 912997
-54899.4 , -605337 , 866348
-326081 , -12067.5 , 301885
-695770 , 341511 , -373471
299953 , -227999 , 748039
-266143 , 404745 , -264226
-813153 , -392336 , -464816
-994181 , -413810 , 300183
893612 , -287916 , 493506
-143473 , -46331.5 , 801392
-95492.6 , -391169 , 1.04158e+06
704040 , -671153 , 625003
-758398 , -441337 , -271965
370362 , 946338 , 255252
-184123 , 877031 , -733516
84682.8 , -688060 , 280874
208663 , -7384.8 , -275953
155708 , -182068 , -189252
828096 , -9126.02 , -86223.6
-870742 , 443671 , 579577
-202571 , -11002.6 , 285787
-229241 , -499484 , -401053
543521 , 178841 , 214458
-47838.5 , 192143 , -1.06928e+06
520538 , -86878 , 24226.9
-781126 , 228508 , 357091
-218731 , 314778 , -134439
-495713 , 447879 , -188856
411075 , -121234 , 208256
672450 , -631562 , 566776
57851 , -77871.7 , 33351.5
390068 , 447503 , -625950
-368192 , 48207.1 , -15784.5
627391 , -665489 , 498773
-566332 , -10140 , -209925
-290263 , 741902 , -8530.1
-116845 , -824395 , 995791
236511 , 722082 , 139082
-151272 , -436051 , 471342
420977 , 599333 , -130001
-462190 , 135051 , 1.15698e+06
600391 , -654975 , 151729
435905 , -12490.4 , -690672
-660940 , 533951 , 670226
441929 , 20093.4 , -889630
-377136 , 514911 , 629359
-106509 , 657986 , 118603
-560037 , 503406 , 567523
-333880 , -487370 , 33408.9
-655119 , -145410 , 384241
79848.2 , 54569.3 , -483973
46477.2 , -289641 , -577099
-390404 , 326188 , -711087
-628905 , -19229.3 , 590891
-46911.8 , -1.03907e+06 , -35648.6
-419732 , 455510 , -30951.4
238827 , 196836 , 544870
484115 , 486633 , 151608
202070 , 740135 , -39776.1
17439.6 , -153752 , 192820
-715674 , -234802 , -727461
-583521 , -417174 , -530335
-208810 , -430805 , 233815
87687 , 291039 , 597408
336496 , -1.05165e+06 , -101259
-278035 , 1.00477e+06 , 566668
71246.4 , 356034 , -294717
364537 , -125246 , 322779
-214386 , 531473 , 453063
940380 , 136901 , -149035
452322 , -338707 , -438638
433637 , -402627 , 63649.6
162670 , -623846 , 18330.6
803899 , 649213 , 299248
643531 , -735768 , 410047
-179577 , 120392 , 465914
-805782 , 703133 , 84456.6
-73903 , 154775 , 149198
488972 , -128889 , 149956
-816069 , 369417 , -231788
-26883.8 , -86355.4 , -757214
54126.2 , -596177 , 518010
-370043 , 255496 , -548403
-274604 , 134086 , 294744
-720119 , -641810 , -55931.2
143839 , -574246 , -273055
-746764 , 249681 , 93102.4
-270633 , 278217 , 430002
631483 , 427232 , -196692
347828 , -87044.6 , -449265
-38036.7 , -114281 , -509507
-147572 , 603526 , -100718
313630 , 359110 , -129723
-55018.6 , 474098 , 444266
402256 , -67238.5 , -534323
412834 , 460388 , 672143
-171565 , -406717 , -452204
-752658 , -427784 , 312041
-563742 , -324223 , 239242
304766 , 416253 , -24617.3
-7660.82 , 424034 , 387318
314572 , -161417 , 171271
447668 , -573371 , 220740
606193 , -175830 , 277060
79196.1 , -457533 , 314544
428092 , -149808 , -757775
191982 , -203764 , -665083
-96771.3 , 735074 , 519232
-126957 , -704222 , 159106
927919 , -571564 , -100078
-158966 , 101332 , 309039
-95923.2 , -751660 , 82588.4
746662 , 596262 , 643734
281542 , 146808 , -250837
433503 , -530833 , 412356
-60160.8 , 473397 , -35237.3
-380140 , -85734.7 , -295995
107704 , -680771 , 117134
1.05488e+06 , 491031 , 153519
-55051.5 , 860132 , -32233.1
-40875.4 , -426148 , -938967
701014 , -19513.9 , -419133
985004 , -220053 , 537915
268927 , -852778 , -522497
-806564 , 477415 , 481280
33914.2 , -506668 , -385846
-666595 , 678807 , 370498
229356 , -913399 , 843277
598664 , -572240 , 198051
368381 , -611490 , 47028.5
1.03579e+06 , 632705 , -414148
95497.4 , 897736 , -410117
357718 , -673757 , 453326
98564.7 , 269790 , 621744
480962 , -1635.56 , 104411
690810 , -426506 , -432015
318289 , 347148 , 331915
777947 , 354169 , -750443
-7621.08 , -770452 , 725681
829340 , -535757 , 75917.4
515272 , 336380 , -731626
-631813 , -448412 , 599889
-538950 , -835540 , -188551
-496201 , -702098 , 1.03482e+06
131353 , 56565.4 , -667600
18040 , -606078 , 878835
225396 , 720475 , -570608
-391788 , 7922.57 , 42657.8
374334 , -314080 , 939698
829959 , 61494.8 , 617806
-66111.7 , 481362 , -721300
-164165 , -512082 , 65517
-199479 , -1.17774e+06 , 12915.8
146934 , 797023 , -40988.3
433053 , 532898 , -634890
972955 , -503171 , 28343.1
-73947.3 , 617769 , 651215
347553 , 1.08183e+06 , -227199
601603 , -100176 , -357627
-215880 , 745926 , 567741
-358571 , -633867 , 417142
-104236 , -15599.2 , -304182
-330865 , 623070 , 343863
38073.4 , 197746 , 1.02493e+06
-230440 , 385415 , -128829
98631.6 , 36038.8 , 343422
-135464 , -609016 , 717846
493855 , 318707 , 157908
-430027 , -812256 , -293066
134609 , 316202 , -745746
-260645 , -354250 , 522.123
468904 , 519834 , -407694
231864 , 461653 , 339917
-310538 , 1.04138e+06 , 405684
-866632 , 216504 , -131504
674960 , 382850 , 113281
-135351 , -647367 , -215007
-803967 , -27197.2 , 713439
-225601 , 169782 , -386046
-3707.74 , -282837 , -616733
517291 , 31499.5 , 411923
523016 , -272595 , 547467
-549414 , -19702.6 , 881868
1.0469e+06 , -365173 , 125134
-207676 , -739062 , 448872
-47291.9 , 111982 , 821824
139584 , -724758 , 644429
216869 , 313036 , -132718
992474 , -408852 , 116508
327107 , 387781 , -710681
-234554 , 322893 , 1.03809e+06
548755 , -903117 , 47660.9
119935 , 307418 , 201817
-381317 , -554729 , -127223
455836 , -620112 , -433266
-16374.3 , 199824 , 399895
708575 , -325848 , 48961.2
685199 , -99818.3 , -388136
-381145 , 167348 , -287382
481905 , -177912 , 642040
-560344 , -492987 , 641383
644832 , -74897.2 , 679214
68832.9 , -635247 , 115384
-464914 , 621828 , -227502
146429 , -346025 , -466063
206734 , 659595 , -395437
64604.4 , 898102 , 31379
-103655 , 1.09532e+06 , 12023.2
-65966.8 , 388592 , 170277
-680476 , -36757.3 , -296156
-542278 , -440300 , 29731.1
531528 , -388496 , 489106
12571.7 , -636408 , 531398
525464 , 807597 , 508676
660008 , 425095 , 70401.2
-50991.3 , 185524 , 27944.7
-69620.4 , -1.0239e+06 , 421284
769121 , 162407 , 347978
-18874.9 , -68190.3 , 69491.4
-469287 , -783847 , 53360.9
629453 , 57232.8 , -133297
-570322 , -42267.9 , -55113.9
-129762 , 265040 , 897108
597824 , -780186 , 185519
-180446 , 891031 , -144187
347544 , -4502.96 , -95747.6
1.13176e+06 , -289974 , 62108.5
286177 , 776474 , -24904.1
315811 , -8760.98 , -505802
-277781 , -369602 , 292615
-20574.7 , -252247 , 495379
312331 , -259481 , -561031
288720 , 497141 , -570196
277227 , 300769 , 1.18454e+06
-565817 , 252324 , -173331
224599 , 93145.1 , 760077
117780 , -279634 , 320738
-481965 , -405524 , 464417
-345197 , 847739 , -653014
-331381 , -688005 , 528068
1.00456e+06 , 10004.5 , 334746
478387 , 171474 , 422263
-707067 , 507764 , 258734
-462661 , -78684.3 , -382979
-111776 , 300197 , -971486
-88074.1 , -137032 , 416487
108450 , -303600 , -165736
-776192 , -554474 , -434971
-590575 , 160281 , -43283.3
705676 , 565119 , -506054
-455374 , 46608.1 , 644976
-492743 , 228322 , 225907
-283473 , -170874 , 495879
237610 , -405196 , 424141
869056 , -384956 , -45486.1
-20477.9 , 788281 , 115293
-602551 , 367622 , -459518
-851983 , 422501 , -238731
343122 , 430026 , -154106
-45227 , 775528 , -784106
420426 , -823563 , -305377
-345395 , 275866 , -869601
-58398.8 , 17248.3 , 373589
936018 , 271616 , -341844
166346 , 373300 , 818541
-692367 , -377784 , 312362
-547433 , -359777 , 286587
114394 , 210965 , 986759
-544675 , -171070 , -115417
362522 , -56626.9 , 88861.4
581099 , 268633 , 488257
268705 , 119414 , 346373
465876 , 116066 , -482026
-222163 , 321017 , -227220
17678.4 , -36838.3 , 177891
435090 , -260126 , 512134
131449 , 357576 , 655012
8995.35 , 423425 , 114725
-424904 , 446614 , -254999
-132912 , -615135 , -140320
887193 , -78394.3 , -106993
-560401 , -927574 , -556695
-149794 , -881953 , -235689
247213 , 106600 , -394052
-410516 , 958625 , 371918
789250 , -323944 , 519969
-182464 , 583720 , 517707
-524834 , -718854 , 107041
759937 , 555572 , -190113
-212172 , -807800 , 495856
-20381.4 , -39701 , 69468.8
296925 , 534555 , 240759
229021 , -321490 , -125090
815975 , 431696 , -538979
384746 , -638569 , 95384.5
-530145 , 325122 , 384122
200377 , 255850 , 722454
-758203 , -598016 , 581654
818420 , 285454 , 755775
675210 , 95142.2 , -713640
-551102 , -338653 , -33250.3
-82929.5 , -97941.2 , -556978
-77382.1 , 629408 , 121012
478726 , 4139.33 , -275459
334177 , 374314 , 688163
-312381 , -829576 , -166109
171338 , -596909 , 338785
-194973 , -379804 , -689216
886.705 , -44401.9 , 457542
30479.3 , 967410 , -206141
-969397 , 219550 , -236548
996675 , 56653.1 , 204294
847396 , -588969 , -48496.9
422725 , -612828 , -987526
499962 , -94929.2 , 835457
288908 , 728387 , -110425
-167105 , 470519 , 281091
550994 , 237088 , -497343
-155256 , 415455 , 1.19549e+06
629033 , -10892.5 , -48884.9
425345 , 612003 , 411907
527290 , -479613 , -293806
698380 , -239610 , 426619
343797 , 114243 , -296501
934818 , 422099 , 288232
-142526 , -568685 , 906755
39263.5 , -844022 , 450572
845807 , 155904 , 530893
781838 , -450902 , 437260
186182 , -328477 , 811605
464748 , -704861 , 455181
-56837.6 , 546049 , 1.01692e+06
-548171 , -277704 , -23617.5
24421.8 , 317934 , 835462
-1.03371e+06 , 465499 , 36826.3
-606969 , -787362 , 185105
-580089 , -100810 , 201290
239300 , -71612.4 , 577640
-598932 , -209824 , -691806
-225492 , -379235 , 757226
262633 , -488023 , -549449
174587 , 348872 , -481380
392784 , 515754 , 166158
924332 , -29594.9 , -662508
540222 , -302654 , 372105
232377 , -688598 , 1.01244e+06
-421857 , 203894 , 349172
69310.1 , 372854 , 289394
-215137 , -936476 , 207406
254017 , 382897 , 446651
-118025 , -374741 , 755608
-597950 , 186357 , -228118
9763.23 , 144876 , -532566
325499 , -15046.2 , 888094
-117421 , 160680 , 579449
300726 , -139607 , 363012
-401139 , 443625 , -16410.9
853306 , -736058 , 390299
-27402.1 , 877077 , 699953
-65211.5 , -697994 , -338907
556022 , -277749 , -176142
-663887 , 271663 , 172639
363976 , 322092 , -758633
807458 , 583277 , -69041.4
-313187 , -562075 , -410252
710229 , -127385 , 16826.2
686097 , -425266 , -16958.9
-592441 , -810678 , 232594
-40238.2 , 141050 , 641489
463223 , -373686 , 904028
-515649 , 536143 , -94761.2
549511 , -468989 , 673696
-393817 , 380193 , 531897
-292381 , -238009 , -474066
-113457 , 932629 , -33775.5
361290 , -725339 , -371421
657991 , 41380 , 671163
111335 , 285010 , 574765
-796987 , -153710 , -603120
332073 , -304452 , -153064
-571565 , -1.08345e+06 , 247898
-366738 , 140039 , 681392
-93533.7 , 176498 , 240450
-137818 , -152302 , -665658
-54027.6 , 235233 , 45477
398048 , 715193 , 150621
-221988 , 704974 , -82487.2
-310033 , 473724 , 172444
-1783.84 , 270029 , 357830
452465 , -827641 , 180801
-206533 , -749162 , -336791
132511 , 700444 , 37792.8
-408017 , -262067 , 332621
147973 , -29930.7 , 820418
613810 , 53160.5 , 453379
-511032 , 864882 , 151400
-48704.7 , -491477 , -17375.6
435661 , 226654 , -100924
-76599.6 , -824411 , 617699
589478 , -454604 , 2914.98
828746 , 82739.4 , -246100
863848 , -642055 , -401303
607152 , -428683 , -658073
249471 , 124596 , -424299
-203758 , 95303.3 , -141794
268227 , -356264 , -45522.4
-250232 , -315329 , -175995
-32305.4 , 530424 , 506763
-252335 , 11392.7 , -147592
-152101 , -695015 , -719479
312039 , -126500 , -562481
465177 , 463585 , 47334.5
-907885 , -756786 , 90278.4
-240800 , -75231.5 , 351824
375116 , 573474 , -647621
-338770 , 757400 , -522938
-263535 , -999054 , 550976
-444726 , 306564 , -753836
-129424 , -138666 , 562596
803374 , 315598 , 312745
360933 , 236242 , 782795
-66671.3 , 1.01216e+06 , 129607
409247 , 835508 , 176624
-94781.5 , 197111 , 438897
-395633 , 776241 , 11055.9
-487142 , 199938 , -377054
148026 , 664941 , -159663
-366868 , -303975 , -531775
-586463 , 695361 , -80887.4
-699088 , 586008 , 172462
148571 , 268140 , 1.17536e+06
-847013 , -8864.55 , 243698
-156630 , 362430 , 997446
301340 , -890760 , -166454
-716082 , 426174 , -390660
473426 , 121073 , -290766
181770 , 25291.2 , 323445
-334346 , -146709 , -251349
-719626 , 526078 , -641662
-168070 , 316838 , -354253
200124 , 454508 , 899639
441224 , 289252 , -143573
-337933 , 33350.7 , 258054
291169 , 551534 , 295688
276588 , 505478 , -286856
311021 , -305755 , 311389
-135333 , -23312.4 , 836762
-874455 , -511858 , 50873.9
-238236 , 734082 , 482454
327967 , -196906 , 181091
-187819 , 336213 , 337153
111490 , -773006 , 169071
784894 , 12307.6 , -798585
715252 , -684032 , 108463
303369 , -166061 , 214331
589551 , -199707 , 162788
344892 , -409254 , 635587
-74981.7 , 476710 , -735209
-928361 , 161991 , -233177
392688 , 175706 , -235595
480877 , 786974 , 476508
77049.6 , 745659 , 84306.9
228467 , -958046 , -132269
429537 , 135992 , 467177
447261 , -823550 , -316860
438627 , 100286 , -569352
-506967 , 687418 , 201998
-361450 , -379714 , -333187
-174483 , 350520 , 573911
-138149 , 780649 , -101523
243921 , -250419 , -459161
-133249 , 227985 , -783098
-414936 , 521983 , 933597
-112794 , -933133 , 77273
-105974 , 278967 , 457176
-504158 , -506172 , 737802
704018 , 148782 , -215893
498925 , 594728 , -175026
922294 , 442228 , 341578
-253535 , -116999 , -209918
16253.5 , 288799 , 585798
498867 , 185477 , 710492
-212085 , -589233 , 520055
520086 , 403090 , -479112
883183 , 26382.7 , 351011
279699 , 90897.4 , -432340
-268444 , -682555 , -436016
-476174 , -317803 , 43389.6
-465520 , 88628.4 , 590101
125899 , 641293 , -246119
1.08156e+06 , -139804 , -149586
340788 , 587841 , 568245
-61779.3 , -246093 , 464207
518138 , -246298 , 617253
-39390.3 , -320318 , -504432
82563.9 , 310350 , 733354
530120 , -554409 , -419722
-570857 , -34326.2 , -73629.9
432923 , 254207 , -949959
46264 , 317877 , -273722
251936 , -636184 , -970287
-296505 , 221910 , 811880
-321737 , -666545 , -744115
-166459 , 678294 , 622011
-93057 , 545988 , 358929
-18198.7 , 660172 , -217991
-117254 , 248615 , 677013
706002 , 591247 , 156558
-1.01948e+06 , -431940 , -363546
-99780.6 , 775923 , 592260
-470425 , -449464 , 742776
148336 , 266714 , 413728
-127850 , -215973 , 932984
541883 , -140740 , -633340
-171478 , -470505 , 33481.4
586618 , -76194.1 , -247765
260161 , -376542 , 311186
405645 , 264820 , -76204
-438295 , -358011 , 404271
-51100.3 , 302129 , -671737
845574 , -542228 , 467701
-397313 , -441579 , -197360
-1.06457e+06 , -118293 , -98344.1
-644372 , 265808 , -641650
442077 , 101879 , 593914
341889 , 482085 , 354804
634196 , 425973 , 28738.3
87033.7 , -581066 , 487371
-694738 , -512316 , -86280.9
-638677 , -61872.5 , 493557
151938 , -110418 , 680094
1.00471e+06 , -90469.9 , 301094
502745 , -772508 , -7617.76
275292 , -66160 , 169337
-365789 , -80928.4 , 349738
340991 , -462213 , 413822
-173023 , 517908 , 14459
281952 , -261392 , -863745
-91733.2 , 533186 , -652225
-489173 , 487602 , 288146
78952.1 , 462694 , -3249.73
245104 , 561839 , -151122
-148021 , 427353 , -67151
702173 , 412957 , -315081
-432193 , 128566 , 875474
463116 , -713005 , -73412.4
547886 , -756599 , 361096
-258943 , -112622 , 579250
186260 , -123955 , 825238
421603 , -479586 , 143357
707110 , -426362 , -434995
-292878 , 696490 , 172171
-515275 , 37280.2 , -253001
328767 , -248549 , -190634
-203685 , 701686 , 167857
-442048 , 189456 , -813231
-186874 , 15380.7 , -211819
146802 , -1.25014e+06 , 115421
324503 , -285855 , -851844
-559702 , 312790 , -114800
391620 , 188247 , 262580
-261647 , 1.08731e+06 , -10335.7
-342006 , -310405 , 317204
-678041 , -227270 , 549062
202184 , -424914 , -210969
-321871 , 318007 , -106336
58603.4 , 887096 , -72076.7
-134440 , -582841 , -196228
-437749 , -316699 , 56808.8
803425 , 56368.6 , 545084
-32684.8 , 909457 , 355468
622798 , 795656 , -145629
-338280 , 231416 , 24044.7
-743935 , 169933 , -339505
-13866.3 , 5718.56 , -535004
39316.1 , -384598 , -686856
-305038 , -201125 , -674716
-4626.22 , 151045 , -351017
215539 , -59309.7 , -439754
112105 , 472084 , 440088
100880 , -604916 , 493997
113327 , -305686 , 689113
-575085 , 824754 , 568.52
1115.59 , -479984 , 400724
660712 , -275951 , 368849
395668 , 238063 , 1.01419e+06
291879 , 36933.9 , 259768
625728 , 77696.3 , -51758.4
-25236.5 , 113638 , -284010
-608412 , 425126 , 180418
197548 , -479146 , 21863.7
-51164.3 , -525583 , 8447.68
265204 , -760024 , 610037
-113377 , 431626 , 233638
-290857 , 542618 , -855909
939897 , 174664 , -513018
262088 , -265845 , 750057
-41668.4 , 557382 , 779452
-161086 , -773874 , -234784
715051 , -126600 , -762123
-264488 , 413516 , 74769
-711958 , 319125 , -402323
-146267 , -858366 , -86663.6
-751842 , 383601 , -15899.4
-372171 , 455631 , -96946.4
274108 , -477625 , -753772
-46038.1 , 299538 , 41169.8
129888 , -126010 , -304878
-422807 , -623230 , 880916
713706 , 648583 , 369881
-976038 , -613275 , 38533.8
188299 , 128689 , 584552
-517002 , 686258 , -177215
-33632.1 , 495564 , 280848
717913 , 252289 , -119703
-397936 , -397955 , 500796
426061 , 568760 , 459408
-298672 , -413361 , -888409
-486635 , 10802.6 , 260918
211268 , -282935 , 251801
-833981 , -106115 , 277341
-356842 , 636372 , 668087
-444143 , 576263 , -296647
-145419 , 369809 , -293246
-120525 , 770173 , 222013
-852719 , 4820.03 , 267947
565683 , 603287 , 304781
-493828 , -340663 , 550814
-196016 , 696382 , 820623
364875 , 422571 , 164442
-368447 , -334214 , 582791
126101 , 221036 , -398167
67991.3 , -255379 , -426740
-177741 , -325530 , -442976
823605 , 912510 , 64744.4
-193635 , 1.01764e+06 , 183183
650287 , -97255.5 , 223463
-220704 , 471946 , 388273
658313 , 168787 , 89149.9
-244534 , -244784 , 125302
-569998 , 785943 , 145610
236150 , -259635 , -463359
-321751 , -458756 , -131315
-580951 , -255782 , 514731
-106703 , 44719.3 , 557544
540546 , 443557 , 874326
155311 , 842683 , -540135
-60097.5 , 225736 , 621143
365085 , 152073 , -656336
722612 , 377762 , 117860
104488 , 586351 , -250498
-154906 , -251254 , 212441
-86804.9 , 82705.2 , 642191
410015 , -718791 , 118194
145267 , -928516 , -265034
145616 , -532293 , 320267
-367979 , -335803 , -664061
131043 , -128757 , 166536
-132316 , -225012 , 448820
-235627 , -528214 , -120624
-580716 , -803963 , -245937
-424176 , 791743 , 521044
-273844 , -375430 , 372884
763334 , 553715 , -689366
465522 , 312580 , -137431
-368021 , -264088 , -584580
280764 , -160261 , 144317
-231648 , 467976 , 659867
-411429 , 476002 , 778953
581116 , -604903 , 816068
-85591 , 1362.64 , 239026
-955181 , 270039 , -396779
676808 , 672642 , -336651
258355 , 181210 , 898789
35614.9 , 300463 , -321120
7460.14 , -231547 , 609963
302057 , 566544 , -228805
954594 , 476122 , 438994
679429 , 347476 , 466852
560381 , 487151 , 650376
-170424 , 637383 , 725701
-566180 , -10375.7 , 85515.1
96760.3 , -506365 , -590004
738656 , -341481 , -302443
-1.07768e+06 , 177093 , -24936.3
114728 , 420263 , 711841
673670 , -56999.2 , 185376
-280215 , -41971.4 , -88644.4
723492 , -88380.5 , 117931
-173605 , -163515 , 1.02234e+06
322889 , -324196 , -375059
-1.05947e+06 , -280259 , 369521
-432729 , -226234 , -111540
-145191 , 697491 , 529087
-459899 , -224236 , 847782
12031.5 , -94049.7 , -409419
-440261 , -466069 , 170126
480826 , 60619 , -95402
-613889 , 174505 , 141798
-85209.7 , -642377 , 94900.7
-40832.8 , 1.01697e+06 , 318365
-490752 , -26207.4 , 293880
-652312 , 230913 , 216878
115459 , 546211 , 23589.4
-432456 , -1.03511e+06 , 225314
112248 , -867557 , -338751
443613 , 218622 , 193475
-417628 , -739956 , 213328
324368 , 181816 , 761969
-669988 , 417037 , 948515
436855 , 95318.8 , 513915
-190750 , -227995 , 3215.48
-178733 , 128110 , -482847
-370703 , -506957 , 342609
113671 , 158549 , 438919
633925 , -89759.5 , -373740
-706742 , -522911 , -18030.3
-760113 , -419044 , -144960
386231 , -206579 , -922293
846747 , 276187 , 383292
-258821 , 728651 , 256135
-681739 , -208084 , -149408
808830 , -374179 , 433784
394684 , -464355 , 407647
-55169.5 , -252515 , -73111.2
-266214 , -730127 , -29075.6
1.07366e+06 , -683933 , -60155.6
-300725 , -443270 , -321087
758105 , -6941.89 , 158492
-88697.9 , -121331 , -809262
-291319 , -42653.9 , 544118
-89518.5 , -422645 , -468503
-38264.9 , 855149 , -531443
732840 , -561692 , -56891.7
409956 , 266604 , 401151
-187285 , -494551 , -107751
-167570 , -539761 , -798598
-22558.4 , 409372 , -254370
536645 , -939.099 , -333819
-367692 , 203068 , 517253
-108330 , -73371.8 , 1.06594e+06
287562 , -305530 , 990551
-459454 , -233518 , 121667
-460995 , -564927 , -247706
2635.91 , 74089.3 , 852794
-153371 , -607195 , -451786
8612.47 , -691687 , -93183.7
103101 , -253825 , 832724
-304251 , 77929.1 , 212749
-159890 , -1564.91 , 470291
-524040 , 215746 , 219205
442693 , -222080 , -381845
-54182.9 , -153824 , -469036
728954 , 659783 , 12675.2
448045 , 611204 , 442346
79021.9 , 211970 , 209409
-19532.4 , 648763 , -379137
-547676 , -604385 , -325143
34021.5 , 621002 , -193833
59113.5 , 1.05688e+06 , -214594
-301422 , -484034 , -482256
-747623 , 473743 , 264429
760823 , 269992 , -303431
348113 , 71794.6 , 128272
599491 , 559376 , 282903
-122560 , 530767 , -601996
-206818 , -93215.1 , 950427
-407633 , 520211 , -1.05005e+06
-536934 , -510881 , 185975
502477 , 739750 , -2160.85
-247566 , -166526 , -50941.2
-437681 , -921431 , 96037
-613063 , -195576 , 457131
564081 , 227975 , 272135
444970 , -168759 , -243412
-91504.4 , 620432 , 667761
222332 , -1.15506e+06 , 18459.7
-9734.63 , 816456 , -266699
-166739 , 182403 , 1.05281e+06
-84199.5 , 457749 , -643115
-135505 , 181795 , 550085
798765 , -734192 , 251590
-462108 , -609159 , 415619
153837 , 687201 , -639782
-409822 , -324397 , -223557
403141 , -828288 , -162429
785949 , 3028.7 , -109083
8771.74 , -669030 , 27861.8
586797 , 336538 , 536858
760390 , 417961 , 180808
693930 , -412844 , 328331
-535196 , 89319.2 , 907219
-373418 , -347364 , 224700
36231.6 , -465121 , -25228.3
445831 , 322604 , 464629
-595022 , -531131 , 139250
460411 , -171659 , 123595
158611 , -459901 , -590844
-1.18493e+06 , -67870.2 , -80583.4
-241031 , 850572 , 117157
-768848 , 101051 , 383448
-299077 , -420280 , -133778
27141.9 , 183737 , 209335
-176731 , -718795 , 130856
-412831 , 596648 , 990978
901624 , -357850 , 651448
254564 , -924165 , -109076
1.00397e+06 , -367253 , -290100
-606021 , -741349 , -116072
-606505 , 348413 , -154888
343943 , 954316 , -44774.9
54263.7 , 478705 , 979664
-76594.8 , -925087 , 415963
784415 , -746000 , -397858
-883174 , 265047 , -330431
-415347 , -159291 , 629996
568080 , 837884 , 585016
-779055 , -137839 , 334237
608496 , -331638 , -21246.4
407742 , 288640 , -936661
-286554 , -472334 , -143120
94899 , 634900 , -212492
-565316 , 764469 , -100969
-667275 , -613026 , 504224
247083 , 251603 , -483041
-125759 , -319478 , 538188
-995111 , -34414.4 , 54351.1
372876 , 19117.6 , -439323
445645 , -485861 , 274438
327029 , 302349 , 829329
-36820.3 , 518514 , -161506
-412363 , -456165 , -173167
440289 , 436197 , 114036
-1.04064e+06 , 469506 , 47779.7
622690 , 311992 , 53033.8
-73488.2 , 466984 , 165767
-177147 , 358674 , 645042
-29983.5 , -197930 , 151813
-629127 , 42572.6 , 492436
-369085 , -678406 , 179600
757048 , -93283.4 , 102040
-20401.4 , -224108 , -337540
701697 , -226707 , 378897
-350012 , 364938 , 60636.6
-488021 , -290039 , 386550
37357.4 , -275210 , 692755
-472233 , -258360 , -113921
5981.15 , 329184 , -926706
-692848 , 776476 , -586758
520628 , -312181 , -482005
619379 , -249933 , 567065
-117868 , 690477 , 119958
-52684.2 , 107118 , -625168
-538024 , 287809 , 454752
521745 , 239937 , -669183
262568 , 643796 , 886375
551340 , -501310 , 476663
-640281 , 450322 , 24898.6
-253118 , 58339.7 , 828835
-50301.4 , 165081 , 4395.93
-18141.7 , 202131 , 190221
188541 , -255759 , -30550
-262804 , 575546 , 589621
-213435 , -1.04146e+06 , 287436
229853 , 615697 , 857565
171614 , -202121 , 297898
185100 , -293489 , -42346.2
450112 , 124161 , -289534
-11530.9 , 553647 , -288308
-441843 , 840362 , 316319
718576 , 95075.6 , -71438
913279 , -135309 , 358832
-215213 , -368449 , 562069
-312723 , -260905 , 169077
-5801.34 , 208815 , -202928
620961 , 418942 , -680886
-510907 , 1.00673e+06 , 349933
-457298 , -3430.83 , -625504
599801 , 124184 , -476159
-505954 , -694133 , 653680
-917927 , 302516 , -273242
-185522 , -35974.9 , -214291
80700.7 , 537828 , -284901
334205 , 129420 , 626698
-193592 , -531538 , -54501
224214 , -1.12348e+06 , -332267
-348174 , -67757.4 , -329851
194026 , -163814 , -135715
-114494 , 927931 , 231057
1.05608e+06 , -115438 , -26533.5
-498803 , 384638 , -73671.3
483074 , -860622 , -145177
363264 , -136968 , 568094
-985539 , -533630 , 188236
-641401 , 185080 , -918286
-726329 , 162700 , -55006
437313 , 579199 , 365380
208437 , -353949 , 306816
726310 , 755437 , 191455
44022.8 , -306074 , 466430
-882700 , -499029 , 169040
372215 , -771147 , 92409.1
-258287 , 299533 , 108137
-473517 , 398789 , -375657
-146242 , -159219 , -305915
543162 , 204778 , 251735
206274 , 713213 , -799684
-213548 , 412933 , 703929
958253 , -192794 , 166858
-449490 , -550132 , -265412
431748 , 362927 , 1.10931e+06
-58219.7 , 209301 , -70764.6
930906 , -61425.9 , 407191
-336713 , 545295 , 662463
-486478 , -412065 , 55320.2
336180 , 31939.5 , 220885
-111376 , 367331 , -202844
375548 , 153478 , -206324
179866 , 237211 , 227908
375842 , 250672 , -449754
118795 , -259065 , 632315
-367328 , -512250 , 553067
583078 , -16456.2 , 205583
323872 , 452869 , -101658
196914 , -107718 , 520532
105520 , -130454 , -968901
-1.113e+06 , -369762 , -180630
472907 , 268831 , 238056
37893.6 , -383728 , 343363
-375300 , 148067 , -653075
364753 , -877844 , -293000
-135304 , -974756 , -236988
109254 , -127921 , 359369
904187 , -502158 , 327139
-518797 , -528942 , 734238
-453801 , 193777 , -661577
861112 , 360591 , -90481.2
-501646 , 705778 , -703509
-31598.3 , -599017 , 200034
841888 , 498931 , 522329
-581201 , -790.68 , 157013
-706395 , 141540 , -84422.5
-388379 , -294117 , 39186.3
272193 , 234544 , -790935
-276694 , -474521 , 338265
52882.2 , 17418.2 , -362149
-981247 , -285611 , 33825.1
-547272 , -415133 , 84928.8
-647409 , 234900 , 963205
342613 , -567323 , -209249
571634 , 153714 , -711227
-12041.1 , -192684 , -75712.9
-221098 , -239285 , -657410
507883 , -190880 , 797463
-841876 , -49207.6 , 47251
-357963 , 548113 , -579595
-676114 , -207239 , 699575
375814 , -36402.9 , 738966
-563149 , 636832 , 131570
90871.1 , 384930 , -774755
482095 , 668291 , 12558.3
552607 , -94041.1 , 1.00913e+06
-363206 , 692486 , 64140.2
-884505 , -383392 , -16703.5
489143 , 566837 , 343037
342717 , 275336 , 911473
13236.2 , -67874.4 , 79766
-166885 , -210674 , 874418
696519 , -273939 , -12416.1
491108 , -7236.47 , -20850.7
90846.4 , -877394 , 250747
-117721 , -338160 , -389236
-657430 , 252138 , -287414
-156913 , 986698 , -432405
546727 , -702067 , -265468
605271 , 581903 , 397804
579177 , -210652 , 627021
-50735.6 , -39336.5 , 383589
330381 , -785732 , -181744
695759 , -52077.6 , 536024
196578 , 45292.3 , -78936.9
-342314 , -265645 , 865499
333911 , -78349.5 , -125070
-681273 , 240822 , 207092
-277973 , 43113 , -844063
-506215 , -48143.5 , -822579
153635 , -950061 , -179396
-736495 , -658047 , -12016.6
588155 , 414317 , 90544.2
-188063 , 1.04362e+06 , 422296
634662 , 253978 , -384615
-465407 , 315717 , -114487
-599687 , 499131 , 520482
210895 , -628649 , 101953
750430 , 298642 , -341534
-93959.5 , -325635 , 175670
-341244 , 20261.1 , -609462
-414810 , -292250 , -194173
-46714.9 , 744761 , 99037.6
569219 , -317903 , -322371
228811 , 586118 , 281916
90819.3 , -34192.1 , 658364
-201960 , 385548 , -217563
154060 , -186102 , 834914
251737 , 135506 , 180338
-523016 , -466973 , -406471
-566036 , 319365 , 103452
47513.8 , -391981 , 679622
-90776.1 , -187865 , 796740
-29926 , 160137 , -380778
-639948 , -710889 , -299845
327347 , 488665 , -170634
168056 , -212875 , -784628
325968 , -431240 , 2827.12
-469051 , -256101 , -42109.7
-215109 , -87088.3 , -224753
527345 , -291731 , -383743
582515 , 55435.6 , -96526.7
-1.01481e+06 , -22275.7 , 177417
-791720 , -423991 , 1819.68
-85354.2 , -11032.7 , 771901
-685744 , -583414 , 229787
744289 , -377932 , -211796
-839770 , 679871 , 537103
-218408 , -53082.2 , 42837.3
-368400 , 948907 , -109411
659045 , 27848.2 , -542985
368532 , 247477 , -286941
-199075 , 915317 , -565855
167959 , -547372 , 522053
-652611 , -711074 , 581893
-581213 , 317073 , 894693
-51415.6 , 677760 , -426917
105236 , -414178 , 136892
14601.8 , -127676 , -761994
533531 , 653654 , 164423
160350 , -392232 , 19535.2
258413 , -422452 , -193726
-285275 , 905449 , 171938
468052 , -2447.55 , -321625
-404125 , -420131 , -246268
497356 , 321348 , -859788
207453 , -362242 , -699164
-344039 , -338714 , 224537
636563 , 349979 , 123246
279245 , 761862 , -280146
-618322 , -620040 , 378049
212929 , 465388 , 805028
666901 , 50406.6 , -281133
-696788 , -569977 , 20170.8
-365369 , 522865 , -370730
784761 , -559504 , -347774
-285420 , 6235.86 , 401390
-73332.7 , 233640 , -393290
-331600 , 156685 , -322248
-451436 , -137259 , -266443
58878 , 41737.7 , 630577
37704.9 , 37273.3 , 189368
-617953 , -645534 , -74744
-393109 , -489369 , -486559
378820 , -712119 , 554981
463319 , -784746 , 345539
78696.1 , 752398 , -636267
-329461 , 328940 , 550674
86980 , -105262 , -219869
-591628 , -823717 , -631154
-254362 , -377397 , 92076.2
-82922.9 , 575044 , 575302
-69060.6 , 316071 , -187088
48041.9 , 201042 , 143520
224392 , -740879 , 514149
171378 , -621796 , -368691
476122 , 716452 , 389342
-89881.6 , -752895 , 50773.1
-34606.8 , 160649 , 458395
-102160 , -200446 , 45177.3
-125157 , 103841 , 1472.71
56783.4 , -886342 , 724086
583096 , 688830 , -354092
117064 , -88665.5 , 84568.7
131479 , 970111 , 278990
-910053 , 750977 , 212801
375638 , 382706 , -200978
-38787.8 , 694237 , -304601
-305700 , -220495 , -758520
28839.7 , -563774 , -729127
265196 , -694922 , 285210
-395327 , 464121 , 663864
226500 , -291916 , -701378
21265.7 , -25917.8 , -523934
334562 , 147220 , -495533
584758 , 476897 , 604123
-174830 , 171638 , 134376
476893 , 888390 , 325848
-304719 , -741320 , -147396
-261639 , -673485 , 309011
-348285 , -537242 , -239800
77760.9 , -390068 , -448998
547897 , -172683 , -432880
474264 , -925.079 , 131939
486694 , 72786.7 , -489799
891204 , 191564 , -441247
492871 , -305153 , -234423
18652.6 , 253134 , -335125
736861 , 32201.8 , -349946
-183296 , 454535 , -225657
-352158 , 897755 , 174092
537835 , -114090 , 397193
436569 , -724016 , 363994
-198261 , -364411 , 858035
72033.7 , -699536 , 323676
363894 , -465606 , -171444
-162828 , 836549 , -252085
906691 , 278651 , -123295
728136 , 256006 , 268725
-311613 , 667356 , -111120
352852 , 668527 , -90856.5
531093 , 114388 , 489621
162015 , 1.03058e+06 , 212534
938705 , -371725 , -507949
489203 , 492426 , 367083
115049 , -57567.1 , 317556
-671196 , 30326.4 , -634570
270604 , -469005 , -223393
608706 , -297013 , -281832
291981 , -670461 , 211782
67257.6 , 708751 , -220602
-350004 , 199539 , -11537.5
291213 , 270952 , -178661
-472664 , -395715 , 224590
420415 , 267373 , 206396
9590.9 , -1.09321e+06 , -9925.29
650187 , 584250 , 548738
418504 , -540489 , -601228
85430.7 , 229090 , -736330
314172 , 450697 , -427595
182679 , -892041 , -57086.3
246157 , 163951 , -562835
-396237 , -201799 , -300229
-762318 , 567192 , 239439
-287063 , 504084 , 379990
-252699 , 314115 , 16427.6
-115239 , -156904 , 218510
-511382 , -127209 , -29799.2
-205655 , -211911 , -479064
388256 , -522068 , 286757
-442929 , 289774 , 807343
189940 , -767016 , -214143
-144499 , 154815 , 244855
-85866.9 , 691066 , 429439
137399 , -848310 , 387743
557203 , 62992 , -90532.9
-444024 , -367373 , -48845.4
41859.3 , -464465 , 89467.5
301879 , -556554 , -249976
-945960 , -218321 , 201773
124797 , 425268 , 381100
-501288 , 497220 , -417418
40371.2 , 683430 , -126631
-2874.4 , -177923 , -336556
301499 , -506750 , -340403
290377 , 741617 , -396985
358488 , 32487.8 , -735882
-20833.5 , -744104 , 515211
-485576 , -50202.2 , -34884.3
382913 , 414677 , 491494
152238 , -53573.7 , -785057
45413.7 , 34020.5 , 227326
9954.64 , -177281 , 703168
-16308.4 , -81204.5 , 3253.44
-527522 , -656812 , 421519
-277428 , -253037 , -211564
-437682 , 438706 , -103046
-718765 , -392270 , -694659
-424846 , 931852 , 295384
-449486 , -465150 , -113776
-35952.9 , 704466 , 357597
-723450 , -141015 , 82219.1
279378 , -683218 , -360629
-581377 , -878717 , 444034
-625070 , -150845 , -46625.4
342206 , 119095 , -72198.4
313203 , 573410 , 257838
186058 , -269339 , 945533
16777.2 , -756401 , -420513
-277554 , -357840 , -760637
299841 , 434452 , -147677
-428193 , -247448 , 159595
101019 , -965048 , 208329
-159930 , 748457 , 144585
107926 , -796407 , 453024
-549488 , 677030 , 127275
158898 , -737858 , -34965.1
-16650.7 , -273907 , -473766
-246498 , 4389.27 , -142262
-293878 , -432184 , 747714
810120 , 507460 , 372212
683168 , -40389.3 , 729767
337451 , -963067 , -108113
71662.7 , 166675 , 1.24555e+06
-381430 , 241607 , 276021
46847.3 , -77266 , 185716
68048.7 , 795544 , 171332
623576 , 219080 , 441683
-115730 , 472853 , 497337
519757 , 814643 , 406861
-319395 , 722788 , 298460
-362912 , 134606 , -176187
308604 , 43162.5 , 622994
721295 , 191590 , -239945
-409773 , 792830 , -445580
565240 , -204527 , -256051
-65436.7 , -568509 , -25237.1
-486253 , -33056.3 , 747671
717276 , 389.293 , 348046
339678 , -592318 , 145581
-103325 , -20777.8 , 326188
670872 , 190662 , 191903
-314066 , -42725.9 , 203360
-368301 , 398166 , -283561
-400778 , -183864 , 981247
191928 , -565556 , -675139
580559 , -607424 , -675743
-647168 , -40285.6 , -337206
240957 , -237374 , -357850
-274107 , 762648 , -89329.3
313245 , -631225 , 455696
593621 , -517133 , -696702
180647 , 108014 , 67547
166313 , -726699 , -507381
205747 , 493080 , 500070
-271311 , -104911 , -498425
-742325 , 380475 , 254817
-100769 , 62030 , 799622
682012 , -17218.5 , -989553
-35538.2 , -425370 , -169549
-477770 , -642321 , -712852
645392 , -524860 , -165676
-630593 , 222386 , 736261
350373 , -157793 , -2457.84
-543687 , 264035 , -478543
470159 , 613812 , 87362
911805 , -301110 , -115149
-639112 , 41694.7 , 487833
-252768 , -172105 , 28108.2
-24188.2 , -490419 , 383854
100061 , -566214 , 680759
-713105 , -601697 , -156096
353711 , 372941 , -534466
255926 , -356223 , -626235
273987 , 562894 , -806018
-100821 , 445003 , 201455
-293298 , 223950 , -104653
272888 , -662434 , -177140
-11115.1 , 401796 , -504039
516438 , 353783 , 648701
529446 , 603330 , 218403
761516 , -582391 , -121905
420375 , 765762 , 560214
-517262 , -795198 , -436626
-45479.7 , -7617.57 , -922258
-429696 , 72281.5 , 620251
398900 , 13854.4 , 587620
12111 , 317664 , 733935
-554558 , 409909 , 698448
-218542 , -559170 , -178401
206818 , 212595 , 617421
-267416 , 546357 , -582848
-279837 , 494676 , -470449
866511 , 267036 , -20053.7
15623.7 , -679162 , 52638.2
468609 , -616314 , 150904
244436 , 433501 , 149020
-19366.4 , -66634 , -611200
-11401.8 , -60224.1 , 561084
369987 , -167514 , 288706
-131546 , -306952 , 976520
-490959 , -854245 , -546395
226249 , 491161 , 502964
100094 , -400212 , -689334
-246672 , 473693 , 699843
-490093 , 380024 , 374593
-38226.3 , 1.15189e+06 , 609261
-158346 , -377881 , 969165
-205882 , 962432 , -496197
-79800.2 , -157784 , 890118
-416584 , -227051 , 10270
496713 , -65751 , 721602
397306 , -521649 , -112855
589147 , -449336 , 532847
388069 , 30807.7 , 109472
99279.2 , 555755 , 584525
-912908 , 453760 , -145048
-265835 , -345469 , -69037.4
-639245 , 223647 , -573788
335087 , 719055 , -389334
148800 , -366555 , 416739
267377 , -582950 , 467382
364493 , -253658 , -507091
-280035 , -167787 , 91044.1
-624838 , 403054 , -301000
-336693 , 440183 , -411572
-764201 , 454709 , 350021
416697 , -90291.1 , -59889.8
-586774 , -671046 , 843308
252687 , -115933 , 342454
734584 , -122687 , -110959
339362 , -99471.2 , 435600
232873 , 384973 , 622659
292171 , -636827 , 583730
-647680 , -418273 , 586800
-282782 , 89632.8 , 479185
-398237 , 841190 , -134642
-620521 , -515951 , -673784
419544 , -553745 , -606531
126865 , 195811 , -8648.97
456131 , 98412.4 , -393112
-221674 , 72505.5 , 375604
-226501 , 652632 , 9313.99
-1.04331e+06 , 364677 , 269976
-649025 , 470018 , -142672
-526694 , -6470.21 , 529224
867884 , 585029 , 568112
163254 , 452387 , -78242.3
21853.9 , 824190 , 24941.2
-162829 , -486545 , -850393
642899 , -827654 , -425616
-547.978 , -63312.5 , 318019
-248267 , 99845 , 537480
-408317 , -518246 , 236453
-651166 , -152128 , -395231
104117 , 108809 , -211703
62155.7 , 435138 , -181113
618148 , 366585 , -254050
73807.6 , 884143 , 629251
-263285 , 60505.7 , 500648
274018 , 354566 , 139185
104892 , -489279 , -376726
6647.41 , 364273 , -540072
82138.7 , 883828 , -150037
243032 , -316.008 , 688024
-173158 , -606228 , -703707
144639 , 153116 , 27109.2
-663048 , 137700 , -708573
62568.8 , -251455 , -454149
339942 , -605555 , -274490
-72967.3 , 994639 , 140820
62734.6 , 195485 , -709363
-9628.85 , -486228 , 77805.2
-199710 , 623463 , 470224
84876.8 , -114063 , -428283
-520181 , -477057 , 48154.7
334316 , -92744.9 , -67751.5
-1.00919e+06 , -137834 , 77884.2
483146 , -411850 , 211357
604170 , 242065 , -657572
430790 , 432494 , -51537.5
587158 , 284927 , -21027.7
474663 , 442554 , 539907
-392016 , -50244 , 332472
-322166 , -317138 , -336855
-753293 , -75982.4 , -425134
-271534 , 319785 , -318195
-138206 , 231174 , 267207
-459225 , -227780 , 557543
-321402 , -578356 , 126748
-569714 , 784603 , 446348
-274067 , 50693.6 , -285656
264117 , -97426.2 , -384001
-220318 , 261381 , -74713
68015.4 , 95298.5 , -415375
64709.6 , -214123 , -403044
-57155 , 712908 , -99809.2
-380747 , -622522 , -91646.7
304370 , 19685 , -378831
-48358.7 , 514346 , 77521.6
659968 , 694635 , 67383.3
-273403 , 456342 , 236138
897995 , -131598 , 373275
-28972.6 , 497744 , -8017.83
-605253 , -112604 , 138463
-495539 , -494727 , -713457
-687669 , -654773 , 58645.9
450765 , -836955 , 530023
-250852 , 463758 , 495021
-123866 , -343695 , -712579
462610 , -152743 , -193736
134051 , 1.16139e+06 , 113244
58622.1 , 401556 , -436908
-410691 , 526062 , 291837
649428 , 560333 , 685487
-363222 , 536636 , -78085.3
-371250 , -482032 , -214142
-113881 , 246468 , 1.08733e+06
126658 , 131745 , -480694
382291 , 261588 , 58111.8
-454657 , 282591 , 119406
-191100 , 682658 , 9028.45
-216660 , -212586 , 932097
-810048 , -255908 , -586199
-423362 , -438797 , 622698
535296 , 557029 , 43197.3
-766745 , 4269.23 , 167793
-257562 , 1.11161e+06 , 171247
254231 , 265483 , -360123
-461193 , 302421 , -276468
-676399 , 504893 , 364042
377554 , 768382 , 687420
-675671 , 468234 , 264136
-400566 , 139308 , -224660
963514 , 440055 , -469875
798066 , -387780 , 386247
-746710 , -107941 , -51241
-225564 , 648364 , -686677
-53712.7 , -180111 , -257424
496132 , 1309.04 , 118066
273841 , -76562.9 , -200678
-620702 , 714530 , 19083.4
246845 , -217553 , -281905
-516585 , -485696 , -443700
84290.5 , 769793 , -329481
-151624 , 4018.44 , -222609
-672411 , -682028 , -278713
-794150 , 393640 , -59878.3
-129654 , -207253 , 571791
-149769 , -208154 , -884775
-873203 , 125308 , 196055
-400264 , 190938 , -351799
-147101 , -701582 , 690476
242783 , 73430.2 , -637462
541308 , -572375 , 33303
-327176 , -215166 , 665251
-503076 , 583640 , 306278
492759 , -403097 , -252685
33026.7 , -432798 , 985352
163812 , 706768 , 383526
278907 , 515608 , -44884.7
-87459.5 , -422538 , 971216
-408156 , 183296 , 389040
-510690 , 154953 , 425956
-242818 , 381429 , 542112
-735201 , -742520 , -148559
-594550 , -230744 , 43064.9
505033 , -413077 , 183328
467844 , 482041 , -23551.6
-567179 , -685572 , 41770.2
333602 , -1.02425e+06 , 84841
363734 , -611205 , 269457
-232183 , -360947 , -621576
504163 , -633796 , -73562.9
257866 , 751587 , 500409
468219 , -195533 , 290944
-251177 , 274645 , -115207
95122.7 , 326530 , 467407
794335 , 355542 , -350811
-591707 , -21185.4 , 158277
-219293 , -232292 , -260211
122575 , -505575 , -101887
457325 , 54394.1 , -850263
-511471 , -652434 , 445713
135229 , -649905 , 406567
11938.9 , -591039 , 84917.8
-173007 , 1.31048e+06 , -427948
541031 , 168625 , 309919
676999 , -383339 , -568339
10317.6 , -273633 , -335420
341944 , 410155 , 274714
-701619 , 162480 , -339556
448861 , 623708 , 100588
-442095 , -461379 , -829.534
-115122 , -482180 , 713627
-84428.6 , -489431 , 1.06033e+06
-661270 , 470245 , -247809
-682353 , -218832 , 69438.3
120226 , -821172 , 122914
466572 , -828076 , -15903.8
865652 , -199019 , -52627.1
357653 , 587610 , -522741
285983 , -523071 , -272701
221912 , -723646 , -260021
-446210 , 582175 , 835079
213497 , 614745 , 272053
-744113 , 251861 , 86924.5
718360 , -278832 , -12297.7
-488707 , -534362 , -506353
-566510 , 233821 , 213465
-348659 , 302706 , -364319
-866419 , 554438 , -218327
-144212 , 666634 , 696548
-394985 , -59283.8 , 211492
-245865 , 11900.9 , 101408
381530 , 604985 , 584027
606004 , 259124 , 251348
168703 , -413167 , 592309
148169 , 406491 , 576069
-52368.5 , -642249 , 154295
95158.4 , 564817 , 417488
-356126 , -944867 , 68667.7
427420 , 419221 , -405693
48728.2 , -43669 , -6680.52
-322402 , -854928 , -127583
491299 , 692841 , 166425
454193 , 279162 , -34516.5
414210 , -373453 , -26012.1
587075 , -235084 , -413816
-95774.9 , -151088 , 677116
576307 , 166176 , 707413
-295518 , 769638 , 907796
558913 , -144583 , 555196
335115 , 909585 , 291908
-221017 , -681102 , 219630
-381857 , 226759 , 236025
403560 , 803225 , 308893
-218404 , 29191.7 , 662463
350068 , 984014 , -363979
572606 , -116952 , 19797.9
-455017 , 637671 , -452207
-887924 , 223454 , 628948
-254500 , 408836 , 463818
645368 , 512643 , 600026
514654 , 367677 , -348438
568172 , -299511 , 564397
-540577 , 654197 , 213464
508712 , 327709 , 238761
455720 , -508883 , 91145.8
-444135 , 142012 , 343026
-356428 , 147855 , -18278.1
318285 , -429588 , 693406
146907 , 408489 , -195323
-580124 , -23987.5 , -226931
62335.1 , -96087.8 , 287615
863906 , -201019 , 24534.9
-195290 , -108776 , 552623
-384.813 , -813351 , -261323
418526 , 136859 , 550253
56852 , 474103 , -748284
544626 , -440287 , -90356.4
-168710 , 1.14733e+06 , 181043
-267903 , -402784 , 107169
161588 , 130953 , -263377
-760106 , 315856 , -172856
335839 , -860453 , -211924
-429559 , -1660.28 , 344352
425609 , 94728.1 , 398262
-32557.3 , -169781 , -441636
-132825 , -698127 , 814788
273513 , -810793 , -53392.3
-567071 , 156994 , 615527
657830 , 168358 , 119841
328677 , 353974 , 703500
-220732 , 469648 , -282877
38091.6 , -348388 , 429705
572083 , 39866.8 , -190214
-290951 , -388102 , 651377
402183 , 115619 , 433544
621515 , -49595.6 , -520690
-702174 , 530943 , 205242
-655515 , -790197 , -170681
-271608 , -180651 , -159008
372592 , -156609 , 751168
-466627 , -204862 , 261144
-55375.3 , -12139.8 , -165873
729020 , -194048 , -831205
311385 , 441191 , 47355.1
-117362 , -350524 , 592945
-485449 , 617961 , -28726.7
-11343.4 , 214227 , 439747
795668 , 147693 , -400561
-12520.2 , 798550 , -270216
-123765 , 106174 , 364048
247972 , -413539 , 201319
-102502 , -14729.1 , 673524
579902 , 5398.62 , 552177
-493589 , -841934 , 169531
-130620 , -333904 , 105552
-605376 , -699680 , -442815
-249329 , 436457 , -12372.8
-36047.7 , -368424 , 282575
-65955.7 , 398959 , 746667
-713617 , 65850.4 , -269181
617651 , 397217 , -593539
-148529 , 716700 , -212103
164592 , -606254 , 389109
-1156.36 , 102293 , 486653
516016 , 255100 , -604500
-504513 , 502348 , 907215
906211 , 132156 , 391958
-47466.8 , -187980 , 665524
-366302 , 430092 , 277363
238251 , -734489 , 255506
356546 , 616315 , 604058
-526753 , 230439 , 155286
-125211 , -649419 , -416044
-321083 , -956856 , 107570
252598 , 125133 , 251458
658476 , 141356 , 94610.7
283660 , -485739 , -210317
162574 , 419746 , -11792.5
-86782.4 , 473525 , 914022
300740 , 315061 , 431887
-269057 , -784427 , 183001
-156317 , -389148 , -688544
411149 , 286683 , 708008
-539961 , 450145 , -430953
-100849 , -221409 , -107459
682979 , -71639.6 , -823468
411938 , -107820 , -439998
-627043 , 690278 , 407600
41137.6 , 84807.4 , -681593
-457628 , 333491 , -377040
775802 , 431896 , -731965
545023 , -806.66 , 628826
-91695.6 , 548322 , -197517
-74608.2 , -642375 , -279256
-860046 , -511915 , 187135
-115829 , -362254 , -621616
-174471 , 579652 , 388646
331616 , -284284 , -242721
321197 , 471364 , 212992
331155 , 573728 , 325849
-244075 , 21702.1 , -353536
-620094 , 80008.1 , 567325
-656318 , 777066 , 160588
517820 , -658107 , 48604.7
66602 , -250853 , -152166
-104033 , -475117 , -235939
741860 , 64097.6 , -507248
-4664.22 , -124831 , 226016
-243322 , -35605.2 , -486146
-292970 , -63988.4 , -134114
-837562 , 498228 , 69831.7
-405043 , -155320 , -554399
289361 , -654258 , -663130
-37549.7 , -130836 , 236705
-557211 , 146767 , 629587
196137 , -777740 , 386550
-579683 , -297618 , 328608
-534592 , 406830 , 35387.4
603863 , -316269 , 485299
910279 , 320996 , 59708.5
-45575 , 397619 , 552431
5509.1 , -133919 , -586954
-297070 , -450815 , 633702
-777077 , -615703 , 158821
-505374 , 255488 , -87855.3
23015.6 , -645037 , -359685
-647948 , -482874 , -161388
-130803 , 494586 , 160960
46407.1 , -718882 , 501668
-165673 , -572863 , 405834
-131396 , -524633 , -685192
319883 , -464661 , -65743
347143 , 207405 , 171985
129484 , -37398.7 , -672304
7986.86 , 496162 , 162367
-164234 , 330314 , 339654
238470 , 171425 , -170008
-151896 , 715965 , -655453
-248079 , 88162.9 , 692121
-589590 , -258961 , -432080
-147763 , -197997 , -504431
442961 , -900843 , -84370.7
567281 , -247654 , 462691
15533.4 , -561856 , -942529
273183 , 38751.1 , 899355
532818 , -504974 , 272947
-502693 , -146937 , 348366
971641 , -459189 , 580369
662495 , -288844 , -457290
814880 , -289581 , -47279.2
279460 , 97287.1 , 37567.4
276101 , -881998 , -90207.8
-100950 , -231428 , -356504
-229188 , -893721 , -418016
-195965 , -386623 , -564796
-102940 , -279020 , 255859
718937 , -52466.6 , -908600
-404512 , -369117 , -337772
114449 , -930522 , 366490
16805 , -194438 , 137512
-585402 , -643116 , 180478
-702457 , 526769 , -429172
-12188.1 , 845979 , -563012
-379465 , -314739 , 24355
-476277 , 707860 , 425877
-107390 , 206732 , 490980
607205 , 70320.3 , 143577
-626614 , -650858 , 763940
418360 , 132505 , 280687
257272 , -42184.7 , 444355
-346694 , -373642 , 276658
-87212.1 , -145924 , -232055
-217934 , 23550.1 , -585459
100538 , -490138 , -244306
870214 , 297170 , -199555
-575880 , -579352 , 524343
22845.2 , -473704 , 160835
622979 , 274401 , -117112
-27605.5 , 325408 , 50293.2
775421 , -751856 , 605300
25936.2 , -631883 , 369444
-203689 , 740119 , -311785
-139166 , 309693 , 1.00442e+06
-53931.9 , 514545 , 225881
252660 , 143525 , -431755
504183 , -862799 , 17466.7
675870 , -330283 , 318546
405106 , -425608 , 1.03318e+06
-210603 , -622847 , -374055
334202 , 290010 , 603780
748725 , -369079 , -295175
266479 , -177978 , -525141
115886 , -615411 , 871794
-315109 , 866210 , -301089
-122607 , 59693.8 , 948852
-122971 , 112418 , 516812
-308644 , -320896 , -17361.6
791915 , -49163 , -400026
-585485 , 372039 , -288840
281599 , 653620 , 54444.1
527977 , 131101 , -721109
326670 , 634024 , 724295
499793 , -750828 , 697471
-771559 , 35189.6 , 757774
-1.09396e+06 , 507829 , -141825
-546215 , -108021 , -783845
238763 , 223989 , 781475
871480 , -4264.47 , 302200
-939299 , 561820 , -136212
-720947 , -196224 , 185430
279861 , -518335 , -576268
412068 , -755600 , 436641
563502 , 529794 , 54969.9
-779745 , -109254 , -176936
324362 , 565638 , 262267
-48073.2 , -394078 , 862432
373834 , -431973 , -141967
-539194 , -68451.8 , 120479
-147538 , 297828 , 1.07822e+06
-522357 , -367018 , -171760
514141 , 831469 , 7874.3
208236 , -119750 , 803938
328174 , 407547 , -1.04584e+06
955605 , 571804 , -501849
-346075 , -624253 , -219368
-450907 , -1.05947e+06 , -224919
-486414 , -1.00879e+06 , 177218
-381388 , 60839.7 , -465820
238970 , -1.07835e+06 , -296185
303797 , -202082 , 487692
90140.4 , 403340 , 34402.5
-564142 , 10849.5 , -298720
-756989 , -76063.8 , 136979
138443 , 277064 , -465152
533056 , -668107 , 43471.9
481175 , 211572 , -142686
358177 , 147307 , -818399
372325 , -668787 , -498647
-270869 , -304230 , -73621.3
-539924 , -330061 , 246686
-53070.3 , 701104 , 285083
504531 , -71882.7 , -176999
409030 , 101430 , 86927.3
-534271 , -47854.4 , -242973
-944099 , 82896.3 , -230805
-22635.8 , -543461 , -695439
-369741 , -227856 , 344272
-18565 , -78977 , -262661
-360562 , -903105 , -528379
-315162 , -192045 , -36781
-418191 , -25466.2 , 664391
57631.4 , -141911 , -491023
-198059 , 263471 , 335871
-789332 , 606767 , 21441.7
20697.6 , 954543 , 93905.8
820321 , 710088 , 178163
-774379 , 301788 , 187345
-760511 , -165691 , -769359
315724 , -645820 , -270893
918491 , -120097 , -451001
-134270 , -505958 , 318147
3843.62 , -672651 , 309981
-244502 , 256828 , 21073.3
9775.42 , -505775 , -285177
-522381 , 640565 , -428833
-115974 , 405997 , 689432
-211997 , 603785 , 11508.5
183050 , 617712 , -310261
-93742.1 , 318266 , -354951
-145780 , -7515.06 , -328340
-267311 , 187385 , -989977
-664424 , 4047.91 , -140937
-834550 , -254524 , -244845
-4039.68 , -359845 , 234870
-167390 , -316289 , -160838
-85428.7 , 95172 , 320799
632989 , -277288 , 39211.5
-332125 , -645792 , -492612
234528 , 850818 , 591799
214427 , -98694 , 199192
730865 , -348722 , 735707
-285294 , -427537 , 261937
99002.1 , 694032 , 923793
1.10647e+06 , -6327.76 , 384934
788311 , -129978 , 171264
455745 , 643491 , -55451.6
-32783.1 , 195001 , -172963
181196 , 379852 , 646674
915999 , 427868 , -428481
366403 , -322333 , -501339
105756 , -352694 , 854954
-106893 , 859542 , -373485
245633 , -254369 , -445543
174013 , 66644 , -527789
511916 , -249058 , -341225
-659735 , -729726 , -376486
140715 , 511597 , 291408
55885.4 , -668576 , -240302
855140 , -60773.6 , -532151
-91794.5 , -319510 , 128619
-771639 , -265429 , -245216
388004 , 426587 , -539403
-156324 , -683543 , 35027.2
-688241 , -420654 , -249025
429696 , 232385 , 321579
-33927.6 , 843724 , 374965
263838 , -105522 , -603782
598466 , -305899 , -229918
235726 , -134722 , -776050
-206787 , 788913 , -4637.84
-145936 , 195388 , -189081
-793599 , 136889 , -257110
415204 , 549947 , 722812
-483885 , 189920 , -49000.1
-726389 , 462587 , 462195
230411 , 501794 , -534083
677998 , 252556 , 129127
754044 , -147799 , 752134
-133619 , 332700 , 497626
794155 , -172265 , 214320
318369 , -601958 , -46598.9
543674 , -795555 , 12036.5
482065 , -498063 , 42178.8
-727056 , 248141 , 67188.8
414144 , 599502 , -205319
710536 , -314848 , 382533
-253080 , 382249 , -322258
891207 , -84263.6 , 349671
547484 , -300169 , -240749
684569 , -227002 , 217412
424529 , -732467 , 52628.2
-131439 , -118003 , -803896
-53416.3 , 419423 , 138486
633414 , -176928 , 71868
-117185 , -330564 , 610682
487483 , 239458 , 635420
-78993.9 , -339862 , -382426
128039 , -594052 , -233743
647955 , -21378.7 , 72388
260612 , 66494.5 , -454701
-215191 , -159330 , -212968
-483754 , -63941 , -248027
-15275.2 , -1.1206e+06 , -150235
-363885 , -355910 , -715538
555542 , 494905 , -523853
203163 , -270029 , -627250
214446 , 484983 , 837877
-69333.1 , 499855 , -467948
-918306 , 232185 , 117859
-97738.1 , -855028 , 497445
-82012.1 , -54139 , -772122
-25450.1 , 225679 , 731862
-617054 , 61487.7 , 22670
37363.5 , -482120 , -583200
-585195 , 902919 , 147030
237487 , -335368 , -400168
-745044 , -92328.4 , 361921
-478705 , -117291 , -190665
-418676 , 308069 , -278589
36311.3 , -375982 , -556866
719852 , -108281 , 378846
-646974 , 49408.4 , -194364
-343295 , 323502 , 814972
-131995 , 42269.2 , 781884
169029 , 129734 , -209950
941218 , 396996 , 277384
300202 , 580470 , -75842.7
-695979 , 23237.6 , -63816.5
521541 , 91028 , -88651.9
178409 , 389860 , 863729
408774 , -160747 , -239035
63776.5 , 196825 , -792584
-52155.3 , 275227 , -81846.8
-437623 , -176811 , -576671
93509.9 , 458717 , 104792
-836735 , -25958.2 , -179487
-533542 , 630157 , 77957.2
707653 , 701579 , 746721
10895.5 , 144783 , -252715
-992330 , -22930.3 , 301245
625528 , -176880 , 763603
638002 , 55372.3 , -138748
-305673 , -152655 , 568807
-302802 , -211800 , -714114
-769571 , 97343.3 , 219886
664282 , -277969 , -114074
-688738 , 901945 , -706207
-410093 , -225143 , 88575.9
868813 , 489457 , -573121
-1.03197e+06 , 79089.2 , -131042
227055 , -100650 , 245187
232663 , 606886 , 806638
-125345 , 163825 , -34473.4
619147 , -410230 , -239993
-353855 , 144345 , 671281
-271720 , 231504 , 100357
894941 , 106998 , -360831
-184531 , -337999 , -149672
-1.00589e+06 , -292138 , -359169
-837919 , -183373 , -102277
194201 , -379920 , -390216
-414489 , 30792.7 , -602763
-296301 , -855930 , 678501
294558 , 521958 , -85523.3
-630296 , 315308 , -330562
652691 , 49757.1 , -273082
-179314 , -682293 , 465171
390925 , 1.11902e+06 , -366591
-395259 , -301080 , 84793.2
-538953 , -137682 , 860898
534835 , 540295 , 92270.7
547000 , 449487 , 468617
341766 , -243474 , -622137
256000 , 1.02099e+06 , -33836.9
350906 , -209457 , -824049
237059 , -451880 , -279216
-228404 , -948246 , 584917
-725126 , -239065 , 851845
-101153 , 653487 , 521118
-175472 , 201466 , 339856
359414 , 569320 , 433482
-811692 , 369874 , 581819
-195630 , 833817 , 268747
-261329 , 42968.7 , -271964
-825957 , 76973.9 , 448650
149500 , 46305.6 , 983264
-79139.5 , 328844 , 1.02533e+06
150317 , 590317 , -599812
-184688 , -156781 , 386175
-534655 , 350926 , 1.01249e+06
-389882 , -49635 , 362470
241127 , -491624 , -445790
748577 , 733865 , 35101.1
-179315 , 258863 , 256770
-203341 , -425094 , -175459
268999 , -888.851 , -123046
-478655 , 260493 , 813049
307059 , 692729 , 214399
-265567 , 421262 , -532160
-219100 , -36655.3 , -39889.9
-158275 , -358437 , -223877
389768 , 139845 , 398975
-117481 , 786994 , 470493
306341 , -852403 , 242955
181690 , -556500 , -660469
-898971 , 327932 , 32323.4
-25822.4 , -171177 , -455947
-552362 , 981243 , 322702
-54527.2 , 930268 , 605489
177970 , 560654 , -989699
1.05277e+06 , 15617.8 , 426911
170944 , -457302 , -1960.01
197104 , -696341 , 555434
-226742 , 482318 , 286571
-203900 , -690739 , -449790
516588 , -295339 , -25316.2
550853 , 364202 , -141615
-475249 , 420517 , 512242
147145 , 558639 , 710938
-195318 , 137232 , -1565.23
-825271 , -316483 , 141281
-328502 , 241347 , -688023
639345 , 235970 , 87867.6
188275 , -924036 , 52471.7
-319254 , -961018 , -63571.5
-611250 , 611605 , -9029.84
705379 , 469844 , 597578
-227132 , 15640.5 , -562991
-471185 , -77782.6 , 439938
-293725 , -144907 , 6466.28
793975 , 21983.6 , -158758
472619 , -338405 , 151892
206427 , 753122 , 116805
-179388 , 32265.2 , 226963
470380 , -496537 , 537404
322196 , -20234.4 , -857256
-797070 , 550340 , 498395
17252.7 , -238468 , 712772
230322 , -183444 , -530337
-826285 , 290775 , -2512.03
769129 , -360322 , 14601.6
-132673 , 633869 , 238351
148271 , 321435 , -241179
-276776 , -123753 , 569177
-192932 , 534755 , 698656
152878 , -144632 , 872516
606600 , 645622 , -787934
465300 , 494043 , -175984
-159009 , 753245 , 218464
-42931 , 48423.1 , 914355
-390831 , -10523.1 , -499053
276383 , 120742 , -821842
11437.9 , 826701 , -41546
-326115 , -183916 , -250348
-769036 , -337571 , -398807
-340897 , -2592.43 , 966413
350048 , -520973 , 617807
707444 , 849836 , -200560
-365916 , 648131 , -187757
326385 , -754958 , -745484
202946 , 484411 , -392742
-487864 , 51010.4 , -548275
142984 , -268724 , 386107
525481 , 111759 , 185300
-269525 , 673520 , 7474.49
-34719.9 , -609907 , 304344
564271 , 219467 , 627023
971519 , 385407 , 535815
-515406 , -794552 , 10992.5
476588 , -599462 , -264286
400438 , -591347 , -61041.2
736387 , -453841 , -881514
-35111.1 , -791361 , 111732
425143 , 785824 , -674969
232157 , -1.02936e+06 , -211627
-597212 , -211045 , 214667
245209 , -31023.8 , 848585
15924.2 , 416383 , 45619.8
281384 , -71019.1 , 651603
-112868 , 972416 , 101360
645566 , -314592 , -853032
-409109 , 251324 , 6399.86
214476 , 857299 , -362734
-387546 , 519831 , -602512
803576 , 18270.9 , -163229
-673974 , 228944 , 485317
203618 , -239488 , -246136
-344532 , 649457 , 509092
-644280 , 176009 , -63507.6
4483.39 , 678534 , -201472
123894 , 289297 , 886646
829827 , 138919 , -626252
447322 , -999557 , -299753
38320.9 , -61837.2 , 942393
920825 , -286446 , 275185
-615449 , -483018 , 448548
252081 , 298119 , 818338
-52280 , 350645 , 946960
-526338 , -206741 , 442561
653976 , -372608 , -350579
-485976 , 948426 , -46416.8
528688 , -604268 , -65683.1
438621 , 154288 , -42408.4
-201576 , -705449 , 175620
426185 , 802057 , 372610
-154127 , 116797 , 722866
-127066 , 641018 , -324999
182647 , 615599 , 542013
-525175 , -687672 , -187666
-615832 , 994296 , -160307
326362 , -712509 , 146180
-124856 , 510198 , 511929
39671.2 , -846369 , -158246
-795840 , -800617 , -373682
-296960 , 641932 , 875951
151380 , -112547 , -391448
-450719 , -297133 , -349722
194969 , -30093.2 , -222720
-621656 , -355989 , -110819
309329 , -838321 , -486798
-820055 , -213356 , 466345
435047 , -517683 , 925243
432857 , 269789 , 189815
-210186 , -850209 , -2533.09
-565272 , -222126 , 634709
133450 , 647495 , -206527
-178319 , -260435 , 434610
-102872 , 567927 , -483601
-175762 , -278652 , 686858
268481 , -399625 , -715148
-280516 , -362012 , -542463
473203 , -300244 , -482397
-887447 , 675266 , 126546
-1.02148e+06 , -349993 , 53592.9
-281966 , 489201 , -293733
284964 , 499127 , 141101
-440310 , 99629.7 , 304771
-811001 , -259207 , 420623
-371430 , -209335 , -810263
17149.8 , -266248 , 619325
459903 , 179899 , 624442
-235427 , -715814 , -274275
-125440 , 432368 , -34006
389511 , 479885 , 203947
195427 , -765766 , 382155
22605.8 , 644964 , -589785
364133 , -412487 , 179783
-161491 , 692269 , 107174
724548 , 198622 , -229762
-847347 , -244752 , 457724
566772 , 21749.4 , 784283
676971 , -665542 , -249077
-501467 , -555087 , 85173.9
-147145 , -488637 , -554099
-597908 , -154524 , 200119
746756 , -84006.6 , -48427.9
637822 , 358622 , 15749.1
725710 , 218047 , 31710.1
-1.05445e+06 , -150150 , 208203
396228 , -211531 , 158649
-154055 , -209626 , -464510
143525 , -494091 , -645172
-268635 , 456782 , 691497
-232017 , 408147 , -319824
175344 , 720250 , 170143
-403874 , 355055 , -178830
563057 , -577001 , 74622.4
-393552 , 310107 , 59150.7
258133 , -698681 , 499070
-422530 , -912036 , -32487.1
61782 , -596138 , -428799
151083 , -408484 , 507646
192472 , -426817 , -282341
888608 , -156607 , 366546
759775 , -186143 , -371242
-291820 , -465232 , -122819
-308310 , -21571.8 , 164817
-352364 , -595881 , -587365
597447 , -328349 , -141185
-478863 , -263798 , 532189
47555.4 , -33569.5 , -29258.3
8086.83 , 244050 , -507101
-589971 , -430330 , -200177
30793.8 , -638262 , -589122
-78785.7 , 98810.5 , -219994
733476 , -200226 , -187441
639675 , 603094 , 303532
-671912 , 317841 , 190146
99677.8 , 110397 , 410179
243345 , -452842 , -936938
-129252 , 780770 , 664465
-319752 , -431563 , 280658
-265673 , -285246 , -598152
147038 , 128851 , -1.05389e+06
191198 , -210005 , -33975.4
-295448 , 711002 , -528621
-819459 , -312675 , 491262
632635 , -97465.1 , -682566
563214 , 304954 , -44738.7
-275488 , -334437 , 388082
416857 , -32220.9 , -651203
402026 , -163012 , -299583
-923789 , -174242 , 406596
-335918 , 396199 , -90073.6
-479715 , 541590 , 240976
19092 , 825385 , 835635
706267 , 123486 , 255276
-12095.1 , -116878 , 126378
237791 , -849396 , 1632.52
-520854 , 797097 , 248806
447864 , 315221 , -975990
-315199 , 57098.4 , -627181
381803 , -341490 , 484188
445425 , 844807 , -336300
-714850 , 339385 , 30076.7
305359 , 553223 , 317983
143109 , -146178 , 175513
-547906 , 366423 , 521624
-684501 , 657803 , -163905
97656 , -358549 , 516125
768969 , -426131 , 304497
227035 , 871349 , 446083
-150512 , 343791 , 756711
581142 , 129646 , 835432
-649720 , 207363 , 327670
826403 , -21000.2 , -262719
-68472 , -61472.4 , -317298
59526.9 , 266875 , 701087
-656294 , -571566 , -332633
-142388 , -166245 , -415303
-573570 , 260041 , 191663
49703.8 , 793227 , -316138
-240465 , -982204 , 45391.4
923915 , -325463 , 408283
813627 , 209355 , 74801.7
201755 , 7313.28 , 218886
38052.5 , -9973.16 , -132708
-136482 , 285672 , -707164
-650808 , -713785 , 459227
186065 , 711666 , 386145
-525710 , 186525 , -452111
-432206 , 101331 , 788652
214661 , 160867 , 536271
761484 , 213691 , 913343
141467 , -497152 , 465810
-82093.2 , 538545 , 311073
151058 , -603910 , -163609
-424695 , 806400 , 545470
37421.3 , -559494 , -213956
941045 , -302219 , -937.414
-704565 , -864287 , 306722
-262768 , 830578 , -616060
-728407 , -229381 , -113889
-111534 , -40576.3 , 490137
668564 , 189861 , -405156
-561781 , -338752 , 343211
-629804 , 89023.5 , 72343.9
-138103 , 768313 , -197881
231024 , -303795 , -648847
520350 , -275153 , 666371
1.22277e+06 , -27740.9 , 142050
-395217 , 94819.1 , 283850
-175822 , 665313 , 3022.33
124853 , 610482 , -681388
-253613 , 158590 , 165206
-478240 , -594732 , 650039
344659 , -688175 , 194653
-672513 , -194111 , 258225
-331105 , -343116 , -261262
103975 , -396008 , -373060
-367176 , -356169 , -301192
171548 , -62666.8 , 179932
343619 , 386105 , -275382
46892.6 , -250689 , -705193
170140 , 568398 , 970121
-600507 , -776158 , 322715
523161 , 294926 , 740810
304078 , -32209.1 , 935920
-471938 , 467878 , 120854
-820755 , 157735 , -156630
322074 , -188072 , 440634
-436119 , -177068 , -690890
446087 , -613547 , -254896
-616472 , -111836 , -190366
-395871 , 497691 , 753771
118234 , -403512 , -585078
389261 , 774850 , -571691
201958 , 656601 , 234252
140073 , -630983 , -65740
208690 , -451749 , -96550.4
801015 , -460464 , 3104.83
-236740 , -55293.2 , 702562
244205 , -328407 , -115878
321647 , 977707 , 467406
39891.9 , -872501 , 294785
253053 , 254978 , 461758
-379449 , 138460 , 142669
-825542 , -88437.9 , -579623
841589 , 244351 , 468268
-291085 , -728168 , 112383
22314.6 , -836717 , 37872
-449452 , 558298 , 571915
720.088 , -775376 , -403232
-225137 , -34226 , -247493
-156757 , -529694 , -753494
496408 , 2410.99 , 900903
-23620.9 , -883964 , -512464
530694 , -423616 , 719746
735670 , -694022 , -512007
538581 , -122188 , -574104
-561347 , 324686 , -302011
113531 , 324413 , 1.04306e+06
311325 , -900740 , 568130
-610287 , 32909.8 , 85329.4
-199800 , 413755 , 178588
-47929.7 , 1.07462e+06 , 591275
882856 , -281254 , 377852
-535279 , -729412 , -550398
-467997 , 238131 , 510732
587593 , -606187 , 867343
-665119 , 187274 , -568738
273904 , -322220 , -205329
310907 , 53498 , -685838
-402008 , -107619 , -277966
264960 , -682257 , 271944
-290754 , 449356 , 64272.6
80090.3 , 450232 , 743906
54519.8 , -223917 , 526477
-521444 , 496153 , 2204.19
600806 , -608607 , -173065
446760 , 374898 , 332666
-366858 , 241863 , -272982
399081 , -325127 , -514285
-190041 , 764659 , 935714
-721429 , -132919 , 134414
688901 , 221644 , -270562
-12697 , 693608 , -326009
799017 , 115656 , 152752
-167846 , 180678 , 507400
-5243.47 , 363747 , -417243
43887.9 , -764495 , 580114
750397 , 684620 , -152929
-337155 , -528295 , 330912
-229175 , -286053 , 326287
-267524 , -386296 , -762765
66671.9 , -20153.3 , 922233
491215 , 213155 , 505485
-269262 , -980584 , 424814
641113 , -542269 , 8718.36
830817 , -172063 , -341500
90589.3 , -155228 , -650335
1.00895e+06 , 47547.2 , -122996
404849 , -520953 , 15432
-468002 , -86539.8 , 447972
329240 , 13233.9 , 557494
-723658 , 494327 , 200475
905581 , 198836 , 212564
-740940 , 1.12964e+06 , 266461
672220 , -154536 , -623640
103340 , 549549 , 605358
413057 , -191801 , -426593
182345 , 118386 , 766828
321770 , -297948 , -74297.3
-795095 , 134604 , -330816
-288002 , 399524 , -848336
715647 , 294178 , -178629
-234529 , -324746 , 230882
-304146 , 397465 , 202209
737550 , -339714 , 172198
-491621 , -1.0829e+06 , -274287
-174038 , -123512 , 182925
-149993 , 1.16027e+06 , 229595
202002 , -277831 , -941107
384095 , -58608.4 , -18908.3
-262474 , 337756 , 352380
262098 , -278082 , 608090
536932 , -342055 , -284505
-321731 , 116885 , 443925
271884 , -15661.8 , -161843
441121 , -170554 , -30500.8
-861042 , 251928 , 328292
105766 , 221212 , -282035
-751581 , 396836 , -311456
-909324 , -346893 , 232948
-293561 , -15675.2 , 939603
246737 , -397122 , -228331
-336950 , 913498 , -352461
572209 , -695793 , -25058.1
-672705 , 776758 , 295875
-249773 , -172274 , -500667
320757 , 754188 , 569285
448292 , -1340.84 , 405406
-21149.6 , -602737 , -217731
168567 , 490835 , 241122
-584688 , 648074 , 601209
-193696 , 275457 , 286214
175090 , 81621 , 485962
250240 , 451500 , -643379
-255222 , -88346 , 5858.16
60049.3 , -76941 , 540390
384604 , 269519 , 358930
-61235 , -749891 , 904392
162252 , 597321 , -508746
105830 , 386470 , -1.00107e+06
806187 , 352027 , 805654
-493900 , -157220 , -397713
16776.7 , -225430 , 7260.78
503655 , -781324 , 205341
29397.3 , -97993.7 , -216265
-489829 , 115686 , 732872
-435240 , -387944 , 7506.8
-131438 , 787882 , 892706
-705629 , -609881 , 146382
-523760 , 70745.5 , -487098
-258419 , 136631 , 760196
565373 , 420579 , 314410
-260161 , 321806 , 163210
-551639 , 308677 , 860811
-344480 , -863702 , 518148
-137181 , 344767 , 597189
-108772 , 338756 , -300262
55298.5 , 599481 , 600137
-547666 , -83940.8 , -155981
956055 , 145507 , -167492
149013 , -149908 , -401577
132369 , 245594 , 589773
360282 , -234745 , -487705
447679 , -911699 , -166746
852478 , -786711 , -64837.3
763656 , 126452 , 91269.3
42511 , 489380 , -258346
551586 , -376021 , 816794
161961 , 228923 , 43382.5
-54416.4 , 161680 , -319923
280093 , -667496 , -625245
-359053 , 260084 , -151571
-453104 , 156412 , 458884
-580945 , 560356 , 92872.4
-140427 , -294787 , -449215
-608703 , -156688 , -694806
-246933 , 318982 , 821181
1.05618e+06 , 249887 , -191729
231703 , 51946.1 , -357453
-926509 , -60727.7 , 138081
-321748 , -607243 , 143805
565539 , -812036 , -57219.1
80156.6 , 678913 , 536858
509918 , 239998 , 527187
341973 , -90371.1 , 8450.14
-324826 , -306466 , 372399
-358688 , 175153 , 169464
379598 , 658016 , 287031
371739 , -213269 , -206184
-289712 , 433463 , 751182
-371291 , 589578 , 262490
236739 , 812277 , 671025
-42828.5 , 669894 , 51584.9
-248292 , 40318.4 , -512120
90394.2 , -117552 , -772108
-139215 , -620886 , 653370
-183313 , 722057 , -430105
-365521 , -336343 , -615204
-158423 , 259743 , 1.17252e+06
-283014 , -458584 , -434755
730288 , 157240 , -894028
269493 , 583728 , 848370
-345930 , -421514 , -3595.84
-79446.9 , -1077.49 , -730140
744768 , 430174 , -243255
-976443 , -124558 , 326411
475215 , 446840 , 576700
-338165 , 799356 , -530793
-380002 , -494741 , -509632
-824558 , 215646 , 522253
-688497 , -779344 , 654529
-259731 , 297856 , 484073
41593.5 , -371909 , 210529
471077 , 577597 , 259491
-344395 , 225730 , -20659.4
1.03116e+06 , 50110.4 , 198043
550754 , -238652 , -86587.2
500793 , 23122.9 , 430537
-619864 , -22503.9 , 461040
-459093 , 710048 , -329032
246489 , -23837.1 , 124489
-83376.7 , 1.01415e+06 , 255380
-611572 , 22047.4 , -609582
421925 , 402059 , 555330
-428929 , -92377 , -585190
762774 , 553408 , 25901
-631496 , -323181 , -376197
-717300 , 603690 , -323371
-593955 , -222870 , 608550
735584 , 1.18169e+06 , 252807
601510 , -1.12679e+06 , 266781
-390033 , -11941.2 , 143810
-260035 , -366120 , -566091
239550 , -444877 , -85700.4
132520 , 715790 , 744365
378574 , 609966 , 460703
69243.2 , -235380 , 494857
409875 , 684288 , 205208
513741 , -172510 , 745854
-33273.7 , 1.0103e+06 , -328033
860427 , 363841 , 27394.8
-134672 , -481022 , 461794
124340 , 621651 , 276055
142395 , 176435 , 878856
58009.2 , 11304.9 , -318961
-403501 , 548522 , 594862
33709.7 , -284926 , 247468
-762187 , -498452 , 201101
-806638 , -821669 , -551142
-626578 , 141701 , -8825.1
-121146 , -143021 , -305296
610843 , -605972 , -149366
-603280 , 819873 , 197593
-212668 , 360311 , -352010
600123 , -88042.5 , 616723
16345.8 , 1.14194e+06 , -484415
397870 , 45240.8 , -17986.5
340733 , -237085 , 120510
-700155 , 119244 , -124513
-597832 , -648262 , 526180
-225507 , 506208 , -636797
-90741.6 , -675682 , 242963
18819 , -70037.8 , 514686
-604453 , -534118 , 158088
84032.8 , 454038 , 459124
329997 , 286899 , -455352
1.09537e+06 , 252088 , 106476
291226 , 139909 , -443733
255856 , -444710 , -823847
824508 , 49938 , -487086
367972 , 795698 , 752626
11564 , -300076 , 791753
-162808 , -344926 , 294200
-173443 , -82526.5 , -244467
-288291 , -129034 , 156334
-19087.8 , -922274 , 546189
-185058 , -723988 , 157972
-587564 , 124754 , -400765
74506.5 , -408202 , 441722
705043 , 311918 , -343913
-282066 , -257826 , -647897
-286953 , -8627.5 , 656628
-301951 , 148426 , 718826
26455.2 , -136304 , 832313
-3069.91 , -338891 , 878221
-113510 , -263712 , -192879
22669.4 , -546249 , -442265
-575192 , -58889.5 , 493676
463738 , 400740 , 309795
-136510 , -38944.3 , 309578
-42943.9 , -168994 , 794723
508617 , 175176 , -43187.7
-358863 , -133461 , 661596
-189757 , 405128 , 703850
61189.5 , -958693 , 145713
-12002.8 , 59684.8 , 655907
-574216 , -142269 , 609947
14976.2 , 594689 , -781906
-557300 , 39167.9 , 222880
-894317 , -484389 , -321154
217889 , -414731 , -581704
-41720.3 , -495765 , 763425
250313 , 455777 , 159415
855980 , -378595 , 202865
-330784 , -72049.4 , -835554
519925 , -551507 , 216181
411845 , 884840 , 524792
-1.06657e+06 , -56495.5 , 299589
174861 , 493080 , -409283
-188359 , -129464 , -394567
1.12108e+06 , -111042 , 324719
765359 , 484205 , -7306.15
-193000 , -39752.7 , -533331
-777625 , 105222 , -281869
445881 , -139593 , 69546.2
160026 , 849619 , 99061.3
800876 , 253839 , 657209
-87475.2 , -36598.4 , 830850
527443 , -334680 , 736600
906294 , -780820 , 338366
364546 , -207400 , -75174
-697961 , 385108 , 614944
854475 , -120308 , 646723
490647 , -264461 , -69011.6
930257 , -218921 , -382896
-64174.9 , -249021 , 528617
-654.614 , -29492.2 , 40028.9
185196 , -221244 , 169402
-1893.23 , -112348 , 594869
93171.9 , -61209.2 , 979138
-595382 , 819905 , 677170
-636847 , 386699 , 856322
589669 , 493019 , 354998
-429116 , 7324.04 , 240929
215073 , 202210 , 961045
-33284.2 , -469115 , -394966
237090 , -120162 , -183559
-447846 , -511082 , 542809
-308994 , 886096 , 541105
514213 , 356045 , 296778
476646 , -75982.8 , 111649
875024 , 115093 , 472553
-631938 , 115228 , 317686
-249758 , 340643 , -242163
876145 , -571190 , 141106
-118774 , -297625 , 216308
597698 , -499301 , 120500
513398 , -801098 , -469252
456952 , 871054 , 605003
-481766 , -227086 , -178389
-271694 , -836338 , -255228
389488 , 577328 , -453181
417998 , -281979 , 252986
-214544 , 47524.2 , -146835
354826 , 233851 , 388658
685387 , 105506 , 489184
-474241 , 331161 , 234420
-413922 , -203877 , 579669
-833735 , -116765 , 676099
-965524 , 26441.3 , -365177
-883007 , 168455 , -45087.3
-211805 , 189677 , 78093.5
-299821 , -37823.6 , 476666
-267157 , -278940 , 9489.88
-709349 , -336291 , 99031.5
-366924 , -179429 , 737758
-284529 , -187068 , 920.985
71554.2 , -643337 , 199492
589777 , 455423 , 494398
-630540 , -381272 , 472373
-22031.5 , -844392 , 57206.8
-809082 , -179433 , 102296
123269 , -529200 , -173027
-48864 , -6476.48 , -450612
-712173 , -517792 , 195502
21600.8 , 35393.8 , 529595
-232228 , 266199 , -712891
-25059.8 , -96670.9 , 115920
49282.3 , -648248 , -758922
89341.1 , 626985 , -807066
-351347 , 437417 , 572527
-349073 , 62628.5 , -596260
-291785 , 582514 , -421399
515416 , -275796 , 556671
-439413 , 270480 , 786740
340418 , -295902 , 462137
-570357 , 589712 , -287880
99190 , -596031 , -417799
138348 , -777788 , 235568
-494306 , -587147 , -630746
-241756 , 398677 , 200494
-46757.8 , 428184 , -650133
-146615 , -225388 , 567047
-57989 , 611482 , 500777
-343579 , -513417 , 203692
-339754 , 340453 , 581357
22231.9 , 720517 , 193697
876878 , -47870.1 , -44332.2
-27515.1 , -694524 , -224229
-332683 , -560287 , -401391
-729223 , -548600 , -81283
-394892 , 234109 , 100808
190649 , -784201 , 428803
-13976.6 , 59214.4 , 409837
93379.9 , -303933 , 370790
628511 , 525792 , 269195
-267190 , 361544 , 839700
-70777.9 , 485186 , 304063
3788.96 , -225096 , 22911.2
-611587 , -257767 , -740661
-266402 , 337427 , -818109
610640 , 75422.3 , -338506
86078.3 , 742763 , 746389
-1.09199e+06 , 67943.5 , 65858.4
-646815 , -254817 , 742499
359885 , -486459 , -809428
-393390 , -737798 , 671422
91159.7 , 177835 , 195913
-662889 , 511076 , 21902.6
346366 , 170936 , 66803.6
-556645 , 581005 , -18250.7
379884 , 529164 , -242707
-591020 , 213695 , 634005
741445 , 213374 , 651634
-261648 , 338277 , -523232
516529 , -467216 , -51194.8
300743 , -627964 , 210692
-20881.8 , -235651 , 869432
621435 , -516013 , -35600.4
841589 , 136238 , -327253
-294996 , -548327 , -1568.01
-944371 , -279041 , -24275.8
1.01978e+06 , 3585.7 , -79328.5
305007 , 338520 , 615628
-129037 , 19307.1 , -885714
470419 , -536260 , -97414.4
9016.95 , 351956 , -496557
644457 , 344927 , 49398.8
-334314 , -1.00994e+06 , 20480.2
-101371 , 580141 , -658378
-146412 , 894643 , -20334.8
300041 , -719691 , -9693.24
601796 , -7492.13 , -386799
359432 , -58076.5 , -61320.7
-466047 , -250511 , -713978
242877 , -55568.6 , 394786
-247774 , -927344 , 658587
-577754 , 489964 , -79601.6
81953 , 409997 , -164973
-243542 , 98948.8 , 372186
150773 , -1.05721e+06 , -453569
361256 , 308611 , 429946
-491800 , -289310 , -97892.3
-279970 , -131439 , 866188
-107954 , 428030 , 101178
278081 , -874502 , -283202
-467743 , -68827.5 , 164491
-801383 , -378588 , 135360
-34170.4 , 56517.4 , 251519
573964 , -296779 , 808188
455533 , -306434 , -860442
-186286 , 347210 , -384524
-201832 , -191749 , -400499
-81078.4 , 376549 , 941168
330559 , -169818 , 211023
42020.3 , -125418 , 438958
-418211 , -160561 , 152224
-694788 , 141163 , 535325
-757254 , 252754 , 161005
112068 , 570213 , -562120
38533.4 , -481154 , -816768
-149484 , 750927 , -228881
-513773 , 634425 , 294925
152465 , 334387 , -714492
100431 , 1.00218e+06 , 79138.8
-360687 , -22965.6 , -112577
761788 , -73930.8 , -96965.6
-62782.3 , -26038.6 , -340579
68436.6 , -335382 , 323718
353765 , 220562 , 515451
415455 , 779657 , 685033
-657240 , 22014.2 , 506222
-459273 , 509800 , -221804
153173 , 316640 , -653574
280427 , 84389.4 , 218536
-470360 , -506751 , 80410.1
-491305 , 569401 , 8399.82
66453.6 , -108941 , -847950
-152991 , -327453 , 175968
299074 , -547411 , -94906.9
-377619 , -942013 , -382973
-511214 , 302420 , 281023
-85399.3 , 349438 , -83568.7
-1.01128e+06 , -436465 , 262622
-910548 , 852744 , -261102
821599 , -158376 , 80306.4
-287781 , 135150 , 149295
443027 , -736820 , -267578
218969 , -234443 , 114462
-136768 , -723414 , -175724
-31148 , 306141 , 915138
632739 , 14108.9 , -454732
98721.2 , -446090 , 807756
302113 , -386262 , -527729
-500512 , 516642 , 448155
103369 , -338508 , 263194
-361105 , -67937 , -352366
318992 , 298061 , 263993
-778429 , -373529 , 31025.7
-286374 , -618600 , -6364.22
255953 , 450137 , 168195
303480 , -911503 , -261465
-791240 , 9154.75 , 342925
-845809 , -135128 , 191048
-594616 , -176119 , 440309
26312.3 , -507365 , 663033
-348515 , 801813 , -136763
-773677 , -360283 , 134757
6092.01 , -435613 , -727423
215151 , 30999.8 , 781954
8325.62 , 839876 , 332023
-764628 , -347537 , 172515
-155384 , 389654 , -270218
-209508 , 238227 , 681785
781924 , 315656 , 754345
-699199 , -661668 , 525115
526970 , -173265 , -318159
404733 , 752001 , 143058
524781 , 122365 , 47322.9
-268521 , -73653.8 , 832601
-757711 , -633158 , -242786
303917 , -403895 , 733262
465565 , -18176.5 , 206230
738263 , -781355 , -19979.5
-79742.6 , 64289.7 , 319446
-735605 , -217126 , 603461
251303 , -612273 , -207324
101021 , -136415 , 696290
518555 , -398811 , 399995
163061 , -70060.1 , -229720
36271.8 , 311860 , 266435
148681 , -379708 , -1.09965e+06
210745 , 51166.5 , 684125
655697 , 742303 , -36479.6
186225 , -60721 , 800495
264.679 , 235413 , -855746
221351 , -273598 , -382895
-428197 , -145554 , -530289
755253 , 722861 , 4357.79
-737954 , 211877 , -194933
341620 , 396898 , 994613
447106 , -7640.33 , 840712
77953.4 , -887652 , -553151
-247765 , 45077.8 , -1.09515e+06
82888.9 , -390109 , -1.01759e+06
380483 , 103536 , -889965
1.00001e+06 , 287665 , 691173
-88723.8 , 112830 , 419515
-268446 , -41657.2 , 832894
380891 , 333217 , -693102
4146.49 , -198718 , -260913
-655.465 , -39146.6 , -104602
-778121 , -627125 , 119880
178135 , -720500 , 166842
-67183.6 , -53923.1 , 831350
-757940 , 539722 , 309517
469586 , -55492.2 , 676452
16678.5 , -525281 , 1.00094e+06
-734744 , 782500 , 404664
394211 , -907443 , 258682
481709 , -861052 , -475075
-275020 , -16256.9 , -394943
-746360 , 746004 , 167589
-40471.7 , 792322 , -588864
-166226 , 582895 , -68471.6
200987 , 274410 , 697972
-200685 , -270354 , 306515
-48989.7 , 714238 , -635023
-468388 , 369855 , 497774
166404 , 1.10705e+06 , -246323
-365739 , 174997 , -44871
-570131 , -799624 , -99287.7
463044 , -160206 , -883885
-290529 , 432059 , 406473
115934 , -362371 , 101922
490140 , 509493 , -445517
269795 , 319642 , 1.13777e+06
241112 , 98719 , 104273
343622 , -169114 , 60520.2
302235 , -66060.7 , 268376
18010.4 , 1.00846e+06 , -610674
-398676 , 222778 , -183319
-446518 , -450378 , -147586
-72370.2 , -173646 , 123451
593717 , -70880.5 , -300684
-745614 , 346810 , 945548
354840 , -404372 , -207264
-166696 , 535089 , 618852
-31036.2 , -209229 , -308464
-448396 , 278431 , 473007
-30392.8 , 633904 , -414121
376647 , 697398 , 85901.4
-346006 , -77929.8 , 467824
-356354 , 647737 , -497728
-274979 , 968656 , 25279.3
387719 , -547626 , -298374
813700 , -52927.6 , 345901
-672489 , -24592.5 , 402506
615324 , 979667 , 7351.81
-159404 , -41743.4 , 471888
649467 , -83309.2 , -636353
-398067 , 756149 , 86227.9
-531296 , 464466 , 850859
356477 , -317876 , -697929
439072 , 571804 , -235510
-750332 , -722404 , -112906
-218472 , -97657.7 , -36222.3
65561 , 643472 , 315260
796781 , -885030 , 16787.9
-1.15892e+06 , -348628 , 289640
213792 , -106637 , 715128
594128 , 158676 , 659875
-847575 , -77062.7 , 72065.4
570775 , 593644 , 984711
733077 , 855812 , -570011
401572 , -493634 , -511030
204842 , -363872 , 86851.7
89887.4 , -557012 , -373057
223730 , -513493 , -864181
-445.054 , 206378 , -147828
-312295 , -211663 , 647306
-166173 , -698143 , -63217.3
-118490 , -510248 , 399625
429526 , -679512 , 535899
-348187 , 67434 , -629084
-846094 , -93684.4 , 126597
-32712.1 , 1695.88 , -307399
-969759 , -115435 , -84940.9
50217.9 , 478884 , 952956
-379368 , -318732 , 1.02427e+06
830395 , 300339 , 644998
-550621 , -439883 , 457243
58294.5 , 118286 , 451732
632653 , -454943 , 377579
420914 , -593265 , 15592.7
87926.4 , 236408 , -560656
116190 , -531758 , 134919
572435 , 401142 , -565636
-253391 , -420101 , 512669
-145523 , -55812.1 , 344365
417582 , -486626 , -218972
-41028.8 , -846542 , -626044
-423044 , -20238.6 , -668266
-574678 , -258288 , -313484
351672 , -491858 , 179239
515676 , 630822 , 363347
-5591.25 , 141610 , -368747
315175 , 366250 , 601683
-405979 , 765677 , 517101
179209 , -292363 , 31847.9
-329593 , 71669.9 , -362563
40389.6 , 289166 , -49975.4
-27108.2 , -172406 , 64567.3
226100 , -115967 , -771538
89516.1 , 2402.23 , -184964
257803 , 567777 , 188601
-647959 , -728984 , 426335
1.07461e+06 , -396207 , 101255
-832268 , -85284.5 , 111774
-62263.2 , 352311 , -60726.3
-391261 , 229227 , 313260
-618529 , -515609 , -530113
230055 , 464513 , -179458
203111 , -470184 , 702427
-165201 , -127865 , 459616
501639 , 297341 , -419742
-51771.4 , -258861 , 740181
192253 , 625134 , 461961
-670302 , -1.03963e+06 , -532880
661085 , -74108.2 , -341780
-873967 , -12668.5 , -74852.9
558377 , 65595.5 , -245943
170547 , 269858 , -829510
-361820 , -1008.97 , -225529
-26963 , -822136 , -444371
778895 , -170582 , -214118
74347.2 , -456039 , -408793
-70209.9 , 591834 , -48344.5
-635980 , -805494 , -425081
-179799 , -150275 , -585803
-539309 , 35299.9 , -507282
438231 , 275510 , 387589
-629672 , 209413 , -136338
634266 , 92471.4 , -314501
-217290 , -27189.2 , 445353
-874661 , -215117 , 1883.04
217396 , 860141 , -85479.6
-415313 , 804791 , -225625
-803120 , -122151 , -249567
204127 , -153809 , 670370
-126977 , 89302.6 , -792537
236419 , 819924 , -91605.6
437091 , -150147 , -211135
-86610.6 , -56281.7 , 544148
477827 , -71103.6 , -27862.4
-260409 , 25466.8 , -976815
284329 , -497412 , -592747
-327750 , 342156 , -271037
-1.06886e+06 , -13428.3 , -56460.4
-848694 , 243032 , 353529
306972 , 91179.9 , -405576
761309 , -258848 , -181765
-61412 , 905807 , 293274
-270740 , 301364 , -149309
438613 , 566196 , -683758
1.1134e+06 , -21459.1 , 237755
-10345.5 , -829819 , 40114.3
327364 , -254165 , -391230
-619022 , 167483 , 248315
930132 , -97466 , -334576
296761 , -60299.3 , 674449
335292 , -252204 , 555593
-379169 , -27286.4 , -238663
59134.6 , 379572 , 136086
315368 , 211539 , 636872
-429736 , -731448 , -461011
-393739 , -5871.02 , -292428
261735 , 253454 , -225002
-442542 , -325007 , 507246
199262 , 19783.1 , -124946
-489898 , 72578.5 , 651241
-178271 , 458067 , -814803
746305 , -347421 , -318915
300346 , -395219 , -486973
694379 , -258072 , -335996
65803.6 , 519486 , -429205
493043 , 754018 , -201550
233502 , -67901.6 , -1.0966e+06
291813 , -842626 , 219570
362844 , 685671 , 507729
-406870 , 190171 , -310907
-755252 , 432283 , 330691
685340 , 634291 , -191756
914435 , -385881 , -387580
182407 , -623918 , 687673
-124491 , -297080 , 829347
-341875 , 407088 , 627805
-436560 , -369895 , 335958
770081 , 35961.3 , -643076
-140485 , 116766 , 263224
37034.2 , -673290 , -665679
-859939 , -717442 , -83090.2
81334.4 , 405111 , -740047
227478 , -42588 , 876321
489207 , 533199 , -329706
-485852 , 55422.4 , 469850
-348310 , 337921 , 479638
-714326 , 777870 , 347222
-359308 , -225086 , 756836
479252 , -807557 , 295293
-1.01654e+06 , -383483 , 85886.7
-145597 , -800893 , 508766
-724805 , 481523 , 229859
255375 , -667255 , 307434
759241 , -465839 , -33158.7
265466 , 73382.2 , -351649
285176 , 761725 , -794350
417572 , -331386 , 245686
302709 , -140451 , -285109
-199734 , -261974 , -724893
283116 , 485378 , 85118
64981.6 , 873887 , 460281
-136238 , -721463 , 113085
1.10339e+06 , 512065 , -15449
-370193 , 718111 , -39576.6
155690 , 589677 , -188201
-26572 , 519065 , 451628
-748567 , -365422 , -98969.4
354027 , 996752 , 500961
-206239 , -511490 , -670633
128444 , 68212.1 , 196228
-720038 , 519408 , -257456
223437 , -648471 , -238268
370727 , -475578 , -328519
-708370 , 415619 , -22650.4
191247 , 144169 , 518411
-171061 , -57489.5 , -822923
-636895 , 42296.2 , 308104
202403 , -552533 , 104098
207231 , -553025 , 257593
-872356 , 331114 , 290780
-1.03447e+06 , 266110 , 21929.3
-323736 , -57069.6 , -203347
-541048 , 108158 , -570447
175848 , -831497 , 376963
625503 , -210009 , 48560.7
446372 , -26010.9 , 681681
26878.3 , -504514 , 156226
154339 , 260853 , 178074
965580 , -59962.4 , 103962
774544 , 620688 , -304988
-571549 , -310841 , -50728
477781 , -296998 , -728891
211863 , 385647 , -9207.13
-97446.6 , 107139 , -419891
260895 , 262609 , 722283
166708 , -583669 , -83985.9
376624 , -691148 , -31147.1
-16191.7 , -62458.6 , 203176
455849 , 259203 , 116650
642175 , -496379 , -166728
-1.08822e+06 , 130896 , 108995
439507 , -170848 , 749212
315478 , -413074 , -653863
479956 , -477353 , -27373.8
-263739 , 244142 , -27812.6
566052 , -536119 , -509574
-111983 , -402207 , -731316
-934386 , -129283 , 201485
-196886 , 906719 , 339746
707798 , 525478 , 256805
210785 , -903002 , 692661
-316534 , 347643 , -109951
-647764 , 1.11093e+06 , 85894.4
-257195 , 504928 , 162796
-746727 , 367349 , -466872
69392.9 , -315037 , -463600
-164060 , -1.07036e+06 , -82570
346647 , 86073.9 , 190465
74181.1 , -193959 , 668902
240977 , -46825 , 305446
-559206 , 525173 , 535582
312845 , 140956 , 229283
730917 , -187281 , -275382
-377825 , -10128.8 , -575342
1.06126e+06 , 73735 , -335745
366618 , -1.03881e+06 , 90233.1
26197.8 , 572231 , 185198
-538406 , 665385 , -48678.6
-176933 , 236627 , -474785
-37797.7 , 36795.7 , 451918
-646496 , 28073 , -101016
-11783.1 , -345589 , 255452
-154369 , 846048 , 611773
567726 , 83927.7 , 655160
293004 , 20048.2 , 259160
-597406 , -215190 , -119398
-123528 , 629624 , -827550
925030 , -223861 , 140125
-16307.6 , 625472 , -48826.9
-33554.8 , -637713 , -252498
-72946 , 164334 , 553401
-292351 , -814250 , -576624
-84028.2 , -78060.8 , -340795
-403489 , -420837 , 612706
346463 , 718257 , 7475.09
17368.9 , 140039 , 130611
559220 , -154143 , -344174
-276107 , 10248.1 , 671510
-845142 , 585030 , 333544
-248218 , -187962 , -584798
711137 , 421120 , 124719
-373707 , 44354.7 , -219646
-232622 , -663887 , 186338
835644 , -65533 , 17773
-244609 , -733472 , -328293
-188111 , 261260 , 126259
1.08268e+06 , 60182.6 , 597610
416945 , 225705 , 853334
81513.1 , 758928 , -889759
-844251 , -279581 , 318814
-7277.87 , 289409 , -278736
-145988 , -162971 , -503565
-179591 , -234275 , 276071
-191905 , 739782 , -182603
-458712 , -864170 , -318431
-878926 , 416372 , -603401
-344901 , -336484 , 737775
-467375 , -27302.1 , 344414
-520371 , 285054 , 854184
288551 , 633962 , -188437
-400029 , 51068.8 , 709723
250021 , -405228 , 743944
462721 , 566402 , 442514
85365.1 , -307146 , 9774.55
275232 , -613323 , -177854
-211767 , -640490 , 559444
-699322 , -15900.2 , 97487.6
-75245.6 , 283232 , 504783
54702.9 , -1.00011e+06 , -651676
102728 , -306419 , -999871
591023 , 556590 , 419822
43690.7 , -460052 , 373077
4556.36 , 325049 , -540059
279130 , -958359 , 311337
-473646 , 27262.8 , 406071
560543 , -529881 , -345330
1897.93 , 309974 , -49494.5
-94303.4 , -530577 , 796936
83710.8 , -971935 , 214617
64015.6 , -356265 , -18611.7
492546 , 241030 , -466123
58815.5 , -655992 , 440468
309486 , 317687 , -446811
-872221 , 399349 , 435923
-872718 , -285915 , 403335
-512137 , 187849 , -330917
38506.7 , 257856 , -43886.3
-35861.5 , 72230.5 , -425612
-118736 , 40469.4 , -14577
328147 , 123983 , -405512
-504376 , 133924 , -210717
-275704 , -450921 , -411955
23709 , 1.01657e+06 , -67054.8
528708 , 75261.9 , 552366
730558 , -511266 , 62638.3
507701 , 273974 , -335346
100996 , 38616.2 , 61028
-188503 , 711397 , -457358
-123714 , 101079 , -420182
282414 , 86973.1 , 544647
697253 , 618654 , 532950
87819.2 , -484210 , -474678
382497 , -404855 , -523658
498072 , 495006 , 485231
283990 , 689495 , -567615
-689044 , 358741 , -59842.5
422085 , 1.00007e+06 , -642931
1.11476e+06 , -469629 , 23097.1
-401398 , 319536 , 131654
-309567 , 801998 , -104289
-3857.25 , 254793 , -901162
-499824 , -412131 , 394528
478465 , 317492 , -635300
-345001 , 47456.1 , 761883
-487706 , -679753 , 265614
-374129 , 331909 , 298638
-751110 , -155810 , -304210
-169095 , -8345.65 , 1.03268e+06
286044 , 581159 , -681013
261978 , -190714 , -8459.62
603021 , 690342 , -121912
-1.05233e+06 , -197970 , 381715
349789 , 324943 , 78033
66756.7 , 177447 , 756560
481702 , 770828 , -211475
510352 , 415184 , 194578
-164195 , -124404 , 434850
-277730 , 339549 , 1.06694e+06
844956 , 247354 , 399316
230202 , -447279 , 702410
829847 , 320387 , -112814
412364 , -215688 , -644072
460168 , 248231 , 789528
-36991 , -1.06288e+06 , -162402
-350204 , 453982 , -81756
194679 , 442148 , -152405
395782 , -221102 , 400253
236497 , -198974 , 337192
-119376 , 1.21335e+06 , 28255.9
706940 , -458107 , 377795
-66943.7 , 17830.8 , 325470
-145262 , -698264 , -461914
-683981 , 533882 , 79179
-546329 , 355126 , 597032
585383 , -404102 , 684156
62628.8 , 660576 , -519276
-18800.1 , -10476.7 , -77869.6
-161137 , -285083 , -1.24819e+06
-188422 , 595750 , -528235
-142875 , -213891 , 629954
172012 , 871611 , -486540
303324 , 291035 , 357152
291319 , 146462 , 549676
-398512 , 106272 , 108585
-153307 , -33455.5 , -131408
-712915 , 97587.5 , 196933
-667341 , -563544 , 509507
614525 , -512624 , -726734
-531598 , 892957 , -498068
271399 , 407630 , -105877
72003.9 , -389440 , 755913
-363075 , -720482 , -2348.39
-767398 , 191663 , -466946
932215 , -284199 , 329174
24732.7 , 248405 , 900791
-141531 , 348655 , -852735
86024.3 , -146511 , -714228
263698 , -140916 , 873355
167460 , -675971 , -333057
-95616.8 , 629798 , -642575
280026 , -282006 , 265051
-52808.3 , 573509 , -704495
668294 , -64069.6 , -59127.3
776574 , -444623 , 167424
771128 , 199594 , -773846
158663 , 679253 , -113925
-56479.2 , 38879.1 , -548984
707414 , -160096 , -342293
-87806.3 , 620684 , 714644
-691583 , 238895 , 121150
508280 , 606398 , -383206
-541861 , 194430 , 714436
890138 , -54681.9 , 4993.1
36043.8 , 192403 , -480738
157782 , -179010 , -420292
857434 , 400521 , -460802
-271609 , -166395 , -819723
425923 , 619478 , -2168.45
-51075.9 , 634520 , -723684
-465814 , -747195 , -456730
-112371 , 831252 , -363880
428437 , -373404 , -1.08964e+06
141423 , -880434 , 525915
-96384.9 , -412740 , -336861
246724 , 48073.7 , 812221
327618 , -129365 , -836038
-199466 , -674074 , -853098
524711 , 498178 , 374725
-1669.04 , -519312 , 122628
70312.1 , 1.06584e+06 , -468779
-655349 , 201076 , 167126
1007.48 , 580571 , 640182
-508824 , 673671 , 674410
-229833 , 969225 , 442016
109162 , 233831 , -178344
-600787 , -142495 , -544074
550234 , -637322 , 224750
189022 , -438896 , -128992
351833 , 234355 , -159449
522152 , 248228 , 226762
63468.9 , 236009 , 18453.6
-265404 , -128692 , -1.0451e+06
167115 , 1.01303e+06 , 123499
-824677 , -312703 , -457448
-341525 , 184586 , -280978
-800429 , -135112 , 511920
-113270 , 488111 , -218040
-80003 , -222336 , -910425
-23997.9 , -52051.6 , 213306
16109.1 , 275945 , 572883
-653725 , 610016 , -89908.5
356635 , -909636 , 435158
-161065 , 72658.9 , 478889
638876 , -498441 , 236099
-622981 , 187922 , 216442
-180578 , -430855 , 8775.86
80463 , 222994 , 634575
-97463.9 , -68117 , -1.17635e+06
-271762 , -165149 , 174708
-341029 , -200548 , 386164
31748.8 , 396079 , 365375
234276 , -559387 , -47336.6
-20368.3 , -88086 , 43190
764604 , -140978 , 533473
313917 , 966260 , -318300
558455 , 670565 , 194194
-834862 , 526607 , 45171.2
210614 , 416022 , 647565
473958 , 69557.1 , -167578
-737596 , 709599 , -251761
69992.8 , 609860 , -428231
232100 , 465041 , 965803
-159681 , -558070 , -380533
700007 , 65354.6 , 650035
-326829 , 912469 , -14302.1
416034 , -169864 , 444273
609908 , -19.6545 , 791919
609834 , 540720 , -219295
-137015 , 79589.4 , 110489
469789 , 31406.4 , -407901
641103 , -697608 , 55959.5
484451 , -470468 , -366885
-289281 , 43897.1 , 326364
617930 , -385589 , -212093
-610503 , 396053 , -573901
108831 , 229625 , -645434
485400 , -666194 , 314728
-759108 , 506337 , 291730
-1677.66 , 426306 , 574288
-1.04083e+06 , 436462 , -272807
699261 , -190253 , 411307
85255.4 , -401527 , -627826
-427716 , 199939 , 760339
-310588 , 426884 , 998857
-357611 , 515143 , 206540
42572.9 , -399421 , -458230
-619346 , -228506 , 491624
-685904 , 48920.3 , 879858
278716 , 264911 , -309805
19806.4 , 22729.6 , 612004
-238902 , 753682 , 369930
627702 , -205096 , -221218
-210067 , -84332.4 , -32859.8
-661508 , -210536 , 750469
-156003 , -132798 , 835298
206287 , -932242 , -115747
444962 , 125212 , 130284
105073 , 282010 , 294829
-24522.7 , -395202 , 910541
-166617 , -207620 , 539641
237524 , 173720 , 775641
498059 , 878175 , -362867
14168.7 , -874140 , 653921
360167 , -640221 , -288631
367894 , -488614 , 489855
192960 , 880388 , -218671
49535.6 , 915349 , -125401
-131587 , 612571 , -7493.82
248274 , 596703 , 246625
-457500 , -209285 , 20833.8
-346458 , 777505 , -125837
2275.58 , -135909 , 365221
-485715 , 142192 , -572423
-27006.1 , 434980 , 173948
-92751.5 , -249317 , 9696.12
180176 , 838281 , -45520.5
323659 , -715793 , 443623
-200791 , -187502 , 40364
-325287 , 710646 , -78997.1
643842 , -117142 , 545670
-666190 , -242294 , 835628
36252 , -468331 , 636369
15865.5 , -58255 , 124135
-628261 , 134659 , -236438
-405107 , 176008 , 823895
-586076 , 75997.7 , 319615
-330897 , 616173 , 601216
-472979 , -328024 , 155657
11230.1 , -425510 , -658295
112725 , 267485 , -413821
889134 , 5748.17 , -467014
-599633 , 616421 , -42229.1
-543332 , -324168 , 193578
-221720 , 131942 , 584335
-33147.5 , -347629 , -278196
119478 , -285935 , 168822
-225545 , 65982.3 , -205143
-74603.2 , 135786 , 316798
-521240 , -38319.1 , -9110.56
71087.9 , 324815 , 593276
222078 , -50653.8 , -252005
-410137 , 758898 , -173500
-644236 , -208693 , 341997
-321966 , -338664 , 170674
-701194 , -246743 , -283436
-760121 , -274877 , -118912
440619 , -661242 , -452918
-612874 , -694489 , 47853.4
21010.6 , 123033 , 219568
349810 , -60725.6 , -394556
714363 , 380363 , -367981
461014 , 4638.07 , 445477
211042 , 671176 , -213188
274740 , 75294 , -1.03602e+06
-618599 , -1.0344e+06 , 2314.42
-268386 , 68844.3 , 260829
387566 , -552372 , 276943
-399626 , -614676 , 35838.7
134345 , 652011 , 479977
297566 , -181490 , 799805
-675492 , -301569 , -562039
292729 , 476273 , 651137
294679 , -565458 , 410680
533178 , -13310.3 , 834150
-593069 , 597159 , -441205
47431.1 , 183955 , 664619
160456 , 180873 , -170524
94893.6 , 188050 , 516652
365253 , 35409.2 , -479644
616518 , -365501 , 117652
-343672 , -722693 , 273526
7792.33 , 146479 , 20690.8
296735 , 127561 , -374424
-142867 , -893188 , 107200
162635 , -329036 , -798890
-185328 , -651631 , 751300
905780 , 468553 , 583313
263467 , 601798 , -107167
-358160 , 213776 , 125691
503574 , -315390 , 438791
-41136.3 , -375039 , 341728
-193589 , 38964.4 , 572188
1.01667e+06 , -109525 , 54533.1
267781 , -101542 , 40891.5
-673596 , 91622.4 , -594031
717441 , 314960 , 110978
-269240 , 891287 , -363148
-54089.9 , -699451 , -335623
262889 , 717641 , 221178
727032 , 734282 , -756068
-18686.2 , -127747 , 599759
227820 , -342408 , -499595
-15630.1 , -382596 , 409096
-315657 , 94390.1 , -860489
555376 , 61738.3 , -221200
546658 , -137288 , 1.06607e+06
-95370.9 , -57956.4 , 425633
426053 , -558032 , 666240
413780 , 110265 , -468509
-387760 , -481765 , 887761
118487 , -503441 , 132081
-827759 , 45595.1 , 16612.3
688760 , 45700.4 , -94357.5
-347048 , 207858 , 776060
-259530 , -193848 , 29673.1
-73531.9 , -577606 , 397864
817708 , 991170 , 209630
-489541 , 49332.6 , -361156
399379 , 569769 , 492498
-164333 , 400996 , -351432
-162980 , -224740 , 118712
-930470 , 333138 , -362859
-319196 , -187465 , -268750
476082 , 308728 , -657537
374654 , 73371.5 , -387013
380329 , 417031 , -384504
-122126 , -773658 , -337164
-369709 , 248661 , 216705
621366 , 372231 , 36328.4
298795 , 379789 , 608110
-801817 , -150067 , -202755
313328 , 315326 , -317448
-293134 , 137087 , -55992.7
-628135 , 229109 , 119302
516249 , -423072 , -192178
-222905 , -490871 , 981292
146632 , 54830.3 , -924326
518295 , 191673 , -759951
-86444.5 , 553671 , -902134
-141145 , -950005 , 322988
143225 , 927687 , 65900.8
277654 , 427930 , -413126
105428 , -399609 , 412395
143678 , -259953 , 179161
-716043 , -136996 , -48574.5
-267599 , -343651 , 369429
-366370 , -312544 , 289868
-351876 , 577525 , -721231
-104017 , 47705.9 , 587391
-310441 , -473809 , 299356
142787 , 905300 , -356344
-740179 , -506470 , -50075.1
-13195.4 , -405037 , 701193
371601 , 362475 , 753785
577065 , -127692 , 306394
-446424 , -1.01179e+06 , 341327
551430 , -399259 , -107482
182468 , 506387 , -244134
839859 , -31370.1 , -597481
-79438.1 , -263901 , 186162
-562555 , -347891 , 1.0172e+06
782009 , 440702 , 107385
-704109 , 210876 , 297026
-155231 , 45397.8 , -313996
-610346 , 367055 , 218219
43634.7 , 186608 , -917776
137553 , -228192 , 602309
267022 , -903872 , 478098
88622.1 , -61837.1 , -66181.5
314027 , -323063 , 301388
45744.1 , 432857 , 230588
421455 , 649128 , -72649
-154685 , -1.06239e+06 , -21510.9
-670747 , -116966 , -573385
-52744.1 , 217576 , 1.0163e+06
408959 , 819009 , -86625.3
-498143 , -74587.5 , 443980
-484882 , -413166 , -424914
454997 , 133247 , -815015
-262427 , 596509 , 155693
279954 , 169547 , 146030
-368630 , -23410.5 , 17493.1
986494 , -116685 , -862131
-304373 , 151950 , 223056
-186123 , -78833.9 , -765250
-207199 , 444989 , 547321
701473 , 13082.9 , 228981
-543399 , -247240 , 177840
-404933 , -527808 , 554360
-828486 , 270428 , 94854.5
35455.2 , 652835 , 29901.2
-407536 , 580282 , 360362
-1200.2 , 127143 , 30352.2
91954.5 , 141930 , 560013
-752553 , -412784 , 234714
-252647 , -585686 , -31554.3
-555453 , 446400 , 574917
-93440.7 , 715398 , 82820.7
-167493 , -764682 , -494285
272630 , 387403 , -454937
675916 , -108630 , -317610
124972 , -658608 , 394483
-65950.1 , 575128 , 305327
606085 , -248918 , 416923
-774386 , 47674.2 , -504773
-115142 , -430998 , 796214
-597205 , -897164 , -185022
740585 , -419347 , -318275
415642 , 245591 , 659017
-739611 , -343906 , -524163
-253017 , 367065 , -728404
-174700 , -324639 , 349832
-787962 , -310833 , -466818
-579030 , 300883 , -242008
-775155 , 81665.2 , 715433
-606173 , -664426 , 546862
313479 , 71868.7 , -425615
25738.8 , 1.02468e+06 , -392895
-104313 , -579004 , -62258.8
299789 , -312445 , -769944
733620 , 314689 , 163889
453605 , 334458 , -767573
-95565.5 , -858150 , -226881
149499 , -600930 , -727887
-111318 , 444772 , 411508
480021 , -18101 , 149770
446310 , 358114 , -57784.5
242636 , 209029 , 843979
96207 , -76015.3 , 792749
824605 , 307552 , 151310
664359 , -270254 , -433187
731270 , 129280 , -50739.2
312404 , 398963 , 181020
75599.2 , 830823 , -755563
-577444 , 97809.8 , 402975
253312 , -823962 , 18878.4
-427813 , -80571.7 , -726203
100587 , -544075 , 580625
-753250 , 92436.2 , -249340
-414068 , 106516 , -794167
95544 , -826806 , 852077
194735 , 327063 , -702770
117104 , 6290.65 , -367514
-549986 , 49484.8 , -463480
-325667 , -306427 , 482038
-6275.02 , -369729 , -104786
162257 , -666656 , -326390
-391669 , 413421 , 88250.9
304533 , -74914.5 , -298761
200488 , 267625 , 728504
240051 , -439328 , -618325
348520 , 658499 , 593999
172867 , -304015 , 359922
522432 , 802125 , -202867
-383236 , 494317 , -195050
192892 , 157204 , 894767
146518 , 441180 , 271703
468100 , 272637 , -404162
-100559 , 150193 , -147580
-332332 , 129283 , -780704
-275320 , 574841 , 184590
-151075 , 106403 , -267541
462590 , -224787 , -507732
-326521 , -96928 , 407761
62980.2 , 566038 , -609184
-603882 , 576236 , -24831.1
-440573 , -548535 , 405066
-219322 , -9233.18 , 23395.1
-56649.7 , -235904 , -270101
-139986 , -733020 , 354937
-121542 , 212199 , -336676
-120625 , 195283 , 479980
117676 , 556390 , 170890
-569.246 , -46213.4 , -676757
199050 , 565252 , 211183
-98140 , 18439.5 , 548062
78668.6 , -176903 , -852413
-399243 , 164952 , 314609
-257772 , 552042 , 858775
-613041 , -188442 , -849113
-762358 , 698535 , 48105.9
819812 , 217867 , 21432
157511 , 379230 , 783906
555578 , -46465.7 , -268909
-142466 , 245228 , -461697
-760368 , -483365 , 219941
357780 , -182863 , -13961.9
-522182 , 210595 , 461504
-194665 , 457679 , 34958.2
531531 , 282932 , -131543
-342084 , -131078 , -262306
-99829.1 , -686326 , 102197
512478 , -37806.9 , 490980
15634 , 295707 , 382127
458187 , -54723.6 , 516769
654071 , 332936 , -200256
148640 , 497329 , -254086
188896 , 225836 , -522496
139414 , 195774 , 588239
528077 , 252176 , -134826
-548663 , -379838 , -309231
564336 , 803425 , -505508
-108544 , 44795.3 , 127520
-178824 , 98762.4 , 303172
885982 , -256247 , -631824
457626 , 455477 , 108055
264618 , 595364 , 447593
768578 , 217745 , 406934
420782 , 314279 , 474850
192613 , 238368 , 237712
173014 , -318287 , -72938.3
234151 , 756904 , 687802
-309220 , 182969 , 532351
-348876 , -1.02684e+06 , -202676
436004 , 540304 , 788556
248243 , 225748 , 410511
-70803 , 236104 , 713047
290612 , 1.04136e+06 , -418801
507891 , 92896.1 , 806815
226512 , -6739.05 , -149690
-450566 , -473140 , -490020
-40946.6 , -517888 , 566775
125505 , -181637 , 289055
-483709 , 569086 , 160936
306741 , -485289 , 19494.6
793917 , -14877.4 , -155085
499704 , 789952 , 287793
-545220 , 167682 , 152962
-377134 , -130264 , -12462.6
-756169 , 295426 , -182243
784267 , 132457 , -580981
88277.7 , 131452 , 136499
42770.3 , -250032 , 905752
134057 , 55233.6 , -8050.01
284819 , 887785 , 278106
152945 , 18268.8 , 186169
-1.05546e+06 , 653964 , -535627
350366 , 288105 , -770239
318062 , -21702.6 , 10096
-356068 , -431175 , 896057
-60108.9 , -108637 , 379829
-294212 , -389026 , 361096
555786 , -24314.3 , -190788
908124 , 112321 , -670219
302000 , -319164 , -422840
347267 , -429921 , 767175
923708 , -359830 , 85772.6
-441071 , 182249 , 556074
288094 , -381715 , -144886
130967 , -376640 , -705829
-62067.7 , 45295.3 , 927407
22359.7 , -218385 , 660233
184036 , -78843.2 , -11482.2
-523524 , -297444 , -299316
-236606 , -98414.7 , 775061
-933936 , 104136 , -45968.7
231028 , 67363.4 , 196723
298272 , 266254 , 861399
-79018.9 , -133445 , 667786
-2768.85 , 153898 , 457261
-478255 , -293047 , 145241
-603533 , 698427 , -277918
220997 , 1.07093e+06 , 181870
-14073.6 , -666762 , 591602
-266113 , -367584 , -229393
192150 , 418539 , 114714
-286075 , -638350 , -224660
-80165.1 , 534569 , 859216
-204139 , -346.357 , 458386
-613006 , 241418 , -185915
359498 , 49171 , 847598
-624288 , -730108 , -259889
-325778 , 253439 , -708703
-491004 , 484704 , -96186.5
723350 , -62544.3 , 367170
223294 , 589316 , 496967
-119586 , 249599 , -279928
342358 , -268384 , 130992
92584.2 , -23846.2 , 496327
-392564 , -273705 , 170106
-418055 , 769864 , -338219
-53274.3 , -450596 , 254102
-175238 , 430308 , 1.39331e+06
201159 , -111772 , 367043
-740649 , -314166 , 703719
732402 , -233104 , 117209
-274434 , -655167 , 233138
-579403 , -22683.1 , -177342
-500055 , 439277 , -97901.3
-985330 , -177075 , -154814
210743 , 866210 , -44539.6
-402637 , 519761 , 233042
-279862 , -42265.1 , -603339
-239631 , 877826 , 120452
-48490 , -945362 , -521206
-93954.2 , 486970 , 1.08524e+06
742181 , -100205 , -222092
-157308 , 331643 , 48151.7
-94488.7 , -99096.5 , 99306.2
26839.1 , -440638 , 425982
-509496 , -127447 , 148527
-409733 , 770750 , -262658
-160452 , 444489 , -519880
356763 , -245756 , -343449
280014 , -622100 , 423521
-547781 , 80602.5 , 60458.9
-239984 , 28854.1 , -511267
29272.9 , -468104 , -676468
309290 , -273213 , 461349
200563 , 52917.2 , -551389
-124151 , -196631 , -268444
-341228 , 112226 , -303125
439590 , 653043 , -26348.4
461891 , 261221 , 631910
458742 , 664653 , 354067
-574032 , -480688 , 388923
-618637 , 57357.2 , 20757.4
971927 , -767997 , 143520
326785 , -143345 , -316330
219429 , 173929 , -316884
-802495 , 334662 , 102722
113611 , -721256 , -752397
165302 , -305395 , 354415
-701340 , -538171 , 280779
-838781 , -47415.4 , -641379
-88874.1 , 8797.08 , -10391.5
-651053 , -398025 , 496459
169605 , 721659 , -119145
542354 , 214.356 , -144686
-118172 , 32986.4 , 421882
-568126 , 494441 , -75926.1
-150112 , -677380 , -111694
-264697 , 892680 , 618396
-30902.6 , -435933 , 1.04523e+06
731528 , -285738 , -561296
-391527 , 96945.8 , 703107
373395 , -13769.5 , -267180
240609 , 50621.6 , -426785
-432214 , 213437 , -213660
964281 , -440269 , -311092
-295327 , -109305 , 127526
641182 , 221444 , 83060.9
-252526 , 745434 , 339113
-177552 , -567287 , -74925.3
755469 , 301543 , 789564
-479942 , 21160.2 , -468736
-496236 , -292384 , -123161
-384275 , 30731.1 , -753126
498283 , -465744 , 74154.3
-54107.1 , 96642.6 , -1.07493e+06
378655 , -406460 , 41894.2
24473.2 , -116531 , 783788
-737469 , -13926.1 , 275674
-604717 , -237767 , 262036
533012 , -851985 , -620655
-490440 , 192021 , 9783.64
49277.9 , 12582.9 , -812866
-1.16754e+06 , 93445.2 , 85314.1
211751 , 678420 , -561525
698860 , -474993 , -582143
619743 , 106848 , 337675
-31540.1 , -219226 , 381953
-177303 , 612244 , -1.11766e+06
983557 , 97319.4 , 397050
-268472 , 142337 , 240476
284589 , 215831 , 438121
-204477 , -75459.8 , 42909.3
51312 , 821069 , -348948
228705 , -202056 , 1.0431e+06
-32418.3 , -322830 , -818237
-819325 , -433459 , 475813
430260 , 536479 , 192702
-494441 , -856363 , -571146
-242558 , 348727 , -206497
73600.1 , -112859 , 705304
-800150 , 66767.1 , 451235
-755766 , 22300.8 , -494120
-482981 , 881987 , 131756
-397795 , -615394 , 382312
192120 , -517309 , -183037
-33311.4 , -689591 , -63699.3
-551218 , 27794.7 , 475781
-29681.3 , 277003 , -202425
530861 , 623833 , 454109
-588893 , 23608.6 , -322293
-254404 , 97214.9 , -355032
588578 , 400970 , -316292
-363520 , 434159 , 354686
21048.3 , 939013 , 629733
-828786 , 607175 , -618962
-349464 , -387476 , -408433
317862 , -508766 , -241161
-292038 , 593602 , -197111
-127901 , -1.15478e+06 , -78317.1
99805.5 , 355206 , -59113.8
-343517 , 245369 , 639501
144216 , 176047 , -1.07033e+06
-116754 , -239009 , 570198
201269 , 1.20763e+06 , 31936.3
-354332 , -11308.1 , 729971
455700 , -730461 , -156117
-355825 , -330206 , 441611
378205 , 68029.7 , 849543
456044 , -49295.5 , 872809
-138032 , -135776 , 501027
-574140 , -428818 , -274968
-81798.5 , 372416 , 740503
-108036 , 752622 , 524221
265429 , -544833 , -688171
-235342 , 771007 , -356962
-8779.07 , -15564.8 , -305853
-787973 , 591346 , -136952
-535183 , -276463 , -310483
-303768 , -718433 , 418836
-400935 , -59470.7 , -375179
-742432 , 153512 , 707430
-312511 , -127015 , -296918
-131833 , 510450 , 611744
242518 , 27289.4 , -577543
-417293 , -343156 , 789946
-158499 , -879214 , 192140
-872734 , -333406 , -457571
-434580 , 801391 , -532340
-367646 , 290333 , 13923.5
-8840.82 , -780454 , -929371
-150568 , -593527 , 2248.78
-326010 , 321574 , -436129
-215448 , 543687 , -440169
950042 , -60403 , -287061
-903332 , 204214 , 369071
378571 , -285976 , -180497
56636.3 , 473326 , 968857
-520807 , 835540 , -767685
75658.8 , 836009 , 649508
-233927 , -541738 , 952180
677216 , 150346 , 52822.5
-535584 , 51276.7 , 812461
-33271.6 , 206416 , -6113.01
409629 , -256054 , -108281
369773 , 850410 , 614926
-133398 , 355044 , 29899.9
145035 , 639046 , 400743
177084 , 988261 , -319232
-399985 , -212803 , -155815
42024.6 , -961333 , 393818
301571 , -278656 , 187245
714460 , -404726 , -410381
264419 , -619399 , 585376
494031 , -110039 , -555582
-135686 , -68076.3 , -562914
-624349 , 772382 , -32629.1
-632373 , -622246 , 185733
-694664 , -458645 , 124445
-317634 , -96843.3 , 991048
-328030 , 771047 , 66082.7
292327 , 509446 , -426104
-898332 , -526040 , -291349
796106 , 533992 , -24354.8
1.08869e+06 , 459197 , 180830
336062 , 248940 , 334486
783312 , -533438 , 230636
-155248 , 472937 , -583279
-636378 , -481352 , -448904
-20836.6 , -290061 , 448433
783588 , -146047 , -76575.7
-97096.3 , -567870 , -92671.5
128655 , -227089 , -749287
374731 , 795665 , -530684
325820 , 426633 , 587693
-605035 , 245115 , -761683
428815 , 380285 , -84345.4
-613565 , -547583 , -541679
531804 , 420846 , -520737
-185727 , 785599 , -337768
-164929 , -72272.2 , -210515
764066 , 171214 , -374625
-938624 , 285793 , 578418
-436059 , 477792 , 206897
-106172 , -513953 , -473679
-408635 , -282250 , 387962
124863 , -773839 , 614137
-237645 , 285505 , 103922
-204255 , -744749 , -543161
-252967 , -385045 , -304867
-148630 , -277040 , 599384
182185 , 190540 , -680237
212987 , 746980 , -441916
-144686 , 331429 , -331030
311049 , 354727 , 97080.2
158080 , -744326 , -507262
-196502 , 252000 , -696473
-535372 , 19405.7 , 5928.69
251957 , -39456.4 , -613028
388083 , 745421 , -254835
-185754 , -598705 , -400191
-42983.5 , -202633 , 1.11066e+06
-354565 , -156458 , -476605
-203732 , -685684 , -320157
53629.5 , -309660 , -187548
590843 , 176991 , -434770
-330475 , 708704 , 212439
-788855 , -902163 , -352763
209730 , -142897 , -878693
398960 , 308946 , 190054
-225776 , 82010.6 , -573672
465778 , -97350.2 , -7730.31
229596 , 291524 , -152293
105399 , -567522 , 234689
-223475 , -275911 , 1.2009e+06
-825168 , -463430 , 352820
214563 , 181592 , 169226
-405546 , -399795 , 291687
622206 , -154103 , 175243
-629548 , -63269.1 , -49342.2
-137546 , 267423 , 1.05938e+06
-42893 , -221625 , -115898
-379192 , -705687 , 8990.55
289812 , 197992 , 305797
-215635 , -95596.7 , -119005
-66970.9 , 601134 , -203916
719928 , -142797 , 122490
388427 , -1.05327e+06 , -679570
-617672 , -26643.7 , -541149
295807 , 580180 , 202769
225862 , 699347 , -411912
531803 , 304612 , 661761
72929.4 , 736790 , 708713
-560685 , 324440 , -243566
404550 , -818409 , -245725
-809084 , 282902 , 341036
141436 , -15879.4 , -398173
155710 , -669844 , 515808
1.07878e+06 , 262547 , 385458
120377 , -182433 , -89202.4
-305792 , 303369 , -802047
-88224.4 , -747097 , 169848
-355244 , -35668.3 , -467304
284667 , -325209 , 636726
-303423 , -112104 , -219348
117888 , -379999 , 196296
-847068 , 344442 , 123024
-182866 , 120198 , 802845
255854 , -158335 , 421496
-171905 , 107067 , 1.00619e+06
-248024 , -620837 , 361958
-538541 , 514985 , 362498
340539 , -138872 , -228088
24071.3 , 379260 , -206033
374545 , -641378 , 625827
304497 , -109608 , -331929
157862 , -105030 , 612378
-139254 , -483218 , 769080
302903 , -90646.2 , 1.07451e+06
-2365.32 , 275000 , 597599
-840827 , 415377 , -505246
411850 , -153060 , 357079
-544097 , -811953 , -388857
-934325 , -305498 , -289205
137666 , 590237 , -97979.1
-19774 , 594323 , -357032
-89436.4 , 334334 , -147058
-773536 , 570076 , 376042
85265.8 , -806248 , -917687
-570223 , -455058 , -800062
-46553.2 , 441640 , -237207
336997 , -507749 , -451369
-351875 , 178425 , 225459
-86807.2 , 94453.1 , -55468.5
-213074 , -51788.8 , 74889.9
-220872 , -102981 , 902093
765284 , 202974 , -123152
257289 , -178963 , 257513
-625557 , 142196 , -70392.7
-327733 , 7909.79 , -531949
356728 , 151437 , 918160
82313.4 , 43776 , -576609
-65929.7 , 976316 , -269291
-268534 , 638520 , -912570
-210554 , 194964 , -489777
252823 , 540656 , 393476
-99784.2 , -271955 , -560861
88809.3 , 1.01525e+06 , 348787
507207 , 215710 , 659522
516212 , -461651 , -105871
-644805 , 423497 , 38627.8
-27584.3 , -879190 , -228464
149840 , -188855 , 572908
272308 , 42252.9 , -677598
582344 , 369183 , 886516
155660 , -1.04237e+06 , -175991
-213325 , -468155 , 181252
183351 , -876508 , -127618
-244270 , 436034 , -12754.8
9673.44 , 819343 , -474503
281018 , -467766 , -99980.6
119583 , -362386 , 215036
84876.2 , 684570 , 225441
252819 , 226314 , -73661.2
-685666 , 686477 , 196568
-328752 , 571020 , 796451
536805 , 696272 , -457119
765774 , 116621 , -803817
399604 , -226516 , 629922
-382173 , 185729 , -290124
309615 , -109363 , 135522
96578.8 , 688842 , 495957
301264 , -728974 , 125818
253366 , 608804 , -174573
725561 , 429000 , 302349
35435.7 , 135905 , 525870
469599 , 46199.2 , -1.06746e+06
-573833 , 422979 , -302616
-313575 , 142592 , -302311
-618171 , 373252 , 377407
459070 , -68595.2 , -364811
39881.2 , -883377 , -44395
310387 , 164970 , 680223
686702 , 52369.8 , -390099
831777 , -301253 , -309605
-655086 , -746711 , -98291.5
136522 , -812826 , -157281
-128426 , -539571 , -933328
-551806 , -292529 , 111729
236773 , -644073 , 744830
394760 , 363635 , 696211
26829 , 811566 , 322170
2610.89 , 944675 , 41.8494
-19128.7 , 216933 , -594262
176925 , 567124 , -482596
-626121 , -104725 , -387569
-527271 , -677206 , 205372
-257584 , -305916 , -394150
-464334 , -526653 , 382449
-887301 , 62541.2 , 517668
399297 , -393763 , 734231
245217 , 765019 , -89732.3
363989 , -456666 , 235782
928221 , -597236 , 215411
-252448 , 29314.7 , 108641
638784 , 296730 , 544609
-858789 , 318845 , 337866
-441923 , 269089 , 81945.5
-64469.8 , -113039 , -671427
-498387 , 558791 , 352011
260963 , -1.02666e+06 , -177808
1.14171e+06 , -229506 , 286649
-158682 , 24235.8 , -502859
-470730 , -27858.6 , -696827
-295068 , 351940 , -36530.4
52898.8 , -305876 , 616674
-446799 , 477859 , -270737
-786883 , -315152 , -218677
-1867.12 , 304165 , -1.1533e+06
245709 , 450754 , -386770
82329 , 379266 , 917683
-247894 , -233821 , -838219
420188 , -167527 , -684555
290939 , 490755 , 714950
530393 , 16857.8 , -238206
-179311 , 47877.9 , -11531.4
-151634 , -377125 , -139133
-388716 , -305921 , -335091
-20004.5 , -456769 , 13589
-372012 , -618778 , 22028.2
-377062 , 527874 , 828444
494017 , -194482 , 313686
295572 , 406459 , 57871.9
-2864.84 , -231620 , 131046
-427722 , 26664.3 , 410448
-132719 , -302905 , 1.02186e+06
-30282.2 , 708563 , 616366
-704298 , 342197 , 476723
779.355 , -94840 , 264170
343552 , 481122 , -4431.31
60493.6 , -344672 , 306769
-301741 , 378997 , -107882
-613667 , -199538 , -585082
459627 , 999396 , -75955.5
359112 , -513813 , 357844
-141761 , 196149 , 638212
285208 , 419051 , 160836
580834 , 149631 , -612143
-674595 , 54538.2 , 694622
100266 , -53794.5 , -732650
-219150 , 353569 , 125810
1.09026e+06 , 404824 , -500220
-651952 , -33404.8 , 49986.6
-168169 , 112066 , 277876
37773.6 , 285241 , 144299
15488.9 , -654497 , 674093
626721 , -216481 , -275188
-324816 , -78652.1 , 699966
542521 , 173523 , -583349
-123061 , -512024 , 21673.5
772252 , 60247.9 , -787710
371245 , 445395 , 166946
51104.9 , 161933 , 200134
-178339 , 671453 , -61166.6
-7856.8 , 163540 , 773723
665562 , -221859 , 133717
566329 , -408638 , -228831
-53975 , 65466.8 , -611664
371338 , 783696 , 15311.3
132604 , 922395 , 587569
-207871 , -243649 , 421390
845776 , -54167.9 , -353542
-354548 , -648282 , -725498
290393 , -91609.8 , 953365
-72879.1 , 194523 , 892569
315616 , 686548 , 222615
-392906 , -634909 , -317383
83074.8 , 744404 , 185443
527594 , 365753 , -544004
-631452 , 513081 , 357969
590771 , -55416.9 , -664230
216982 , -70899.1 , 329639
-240002 , 288915 , 714778
-236676 , 622576 , 56161.8
789525 , 730176 , 533392
37961.8 , -478933 , -303291
-284219 , 903461 , 110309
929885 , 255186 , 18633
-261641 , 708420 , -169357
-175903 , -693146 , -397203
198894 , -134660 , 949378
628328 , 409241 , 257814
-333929 , 501623 , 271089
107391 , 510815 , 195865
-244476 , 714827 , -4265.02
-197494 , 836789 , -414354
-49519 , 910906 , -330776
-367721 , -50447.3 , 330486
-270951 , 255235 , 343781
96271.8 , 513722 , 427758
-772161 , 211510 , -220755
291824 , 204097 , -881995
-193401 , 219177 , -291841
55149.2 , 200387 , 49754.2
-263424 , 702929 , 327048
149851 , 432693 , -553019
-421276 , 86103.4 , 98861.4
-770310 , -14407.4 , -476251
831096 , 285996 , -435685
-238907 , 292430 , -93281.8
-198080 , -306044 , -11833.7
293648 , 221415 , 102505
223406 , -537509 , -115430
-219649 , -449281 , -938488
-247442 , 22700.3 , 984687
81296.5 , -712270 , -42568.6
-458172 , -509412 , 624573
-543355 , -756151 , -206191
166897 , 102514 , 519430
201147 , -614593 , 166703
105814 , -901432 , 411754
-805482 , 234430 , 282208
263999 , -572974 , 424035
-388303 , -139026 , -642091
249426 , 572142 , 82729.8
-483003 , 258067 , -599810
-61619 , -165438 , 520499
-271105 , 180541 , 295021
712427 , -681926 , 33185.9
-608904 , 616918 , -87179.7
-713986 , 490828 , -332616
-186711 , -422765 , -93492.5
-165275 , -234296 , -232325
-279360 , -528773 , 247389
830741 , -518700 , 296602
-138220 , 164710 , -287062
-148693 , -32229.9 , 191670
-548826 , 701567 , -236862
-783429 , 321259 , 691901
-625882 , 476545 , -207352
71508.9 , -558644 , -58850.3
165146 , 12107.9 , -1.14529e+06
-777039 , 296008 , 46607.7
-135655 , 185279 , -695658
168316 , 481509 , 181042
163073 , 222925 , 520787
358212 , 133621 , 69304
702710 , 134233 , -178342
-208867 , 599673 , -17026.1
-277311 , 334874 , 634252
-262061 , -80801.3 , 1.00487e+06
-509618 , -450179 , 350051
427744 , 711404 , 489534
43669.9 , 393536 , 668066
429140 , -210748 , 556780
564467 , -145853 , 680773
-227315 , 535170 , -468920
321191 , 81183.1 , 144183
226352 , -252385 , -217606
790047 , 556280 , 124295
226156 , 719059 , 294273
-290482 , -699694 , 430201
274995 , 218774 , 493110
336780 , -405531 , -900237
291551 , -145976 , 880878
-814531 , 47532.1 , 759514
-105382 , 18566.5 , -638144
176032 , -475067 , -616123
-388087 , 255134 , 661621
-764656 , 347335 , 728050
302915 , 514310 , 199902
880236 , 92816.5 , -189441
-290978 , 418131 , -496917
929259 , -134810 , -420803
-339487 , -564495 , 519019
-453126 , -266888 , 410543
447630 , -392518 , 74564.3
196709 , -454094 , 391482
465209 , -314456 , -490281
-485657 , -312765 , 247147
-502240 , -5262.62 , 71614.9
349939 , 228183 , 403464
-171802 , 160279 , 247073
-651364 , 502839 , 482634
-96396.5 , -621391 , 401321
569352 , 307361 , 586329
-162667 , 230038 , 107274
793028 , -259972 , 119212
-440198 , -104317 , -667706
-345619 , -757476 , 671654
-307748 , -514124 , -199855
-431501 , 119435 , -18959.5
218171 , 723995 , 234556
-443640 , -422006 , 573255
-193684 , -171936 , 534789
394898 , -148295 , 81089.4
444916 , 365965 , -10896.4
866036 , 179746 , -477675
-211001 , -446757 , 137809
-136071 , -365751 , 27357.4
377619 , -661053 , 743859
-835819 , -35615.9 , -59697.6
-393444 , -242900 , 115540
-121982 , 136329 , 690269
-71569 , 827958 , -79575.7
-723115 , -74284.3 , 93345.8
15176.2 , 178978 , 778854
-175461 , -350704 , -103651
835127 , -479984 , 573166
559578 , -269966 , -756362
-153999 , 42266 , -212308
434690 , 134612 , 740663
87028.1 , -303574 , -156650
-421034 , -570655 , -337040
-308163 , -211649 , 846672
-567479 , 88384.3 , 560121
-802586 , -455069 , 611981
-665824 , -366968 , -238011
-427418 , 618063 , -935477
901286 , -609347 , -75032.6
282707 , 164063 , 940286
-867689 , 570804 , -50763.7
234457 , -554144 , -710940
370967 , -27371.8 , -5490.2
-19541 , -519104 , 449165
-653550 , -267401 , -118061
818909 , 32815.1 , -109623
-236357 , -651689 , 160386
539097 , 169415 , 183555
482211 , 115104 , 810601
400927 , 821098 , 18174
-216811 , 664105 , -520315
-373776 , 427019 , 245425
-232115 , 65925.8 , -1.16212e+06
257048 , 314395 , -737173
-602154 , 310798 , 144166
399199 , -9527.57 , 859940
180138 , -138655 , -444809
273627 , -349402 , 985956
-667657 , 60125.8 , 211021
-8008.29 , -852548 , -76961.1
378637 , -873866 , -183694
-597689 , -333914 , 545417
605309 , 307670 , 307293
-918168 , 514860 , 178569
1.0623e+06 , -363925 , 499567
548991 , 791184 , 276459
125708 , -101231 , 562961
500501 , 120407 , 65891.2
-41366 , 487185 , 156174
-401166 , -47818.9 , 509103
-658939 , -19637.2 , -636177
1.00812e+06 , -38922 , 506170
-108603 , 721205 , 670984
-54060.9 , 372869 , 359990
594430 , -265638 , -524770
-723582 , 59105.4 , 230498
404628 , 585761 , -456230
-263861 , 594766 , -420059
-771791 , -342904 , 101026
-226081 , 604262 , -163276
481846 , 380543 , 598129
293592 , 427539 , -534750
365871 , 657863 , 774033
-726979 , 533188 , 388378
752040 , 613657 , -360369
-96838.6 , 514399 , -31003.1
872039 , 481184 , 291148
-38274.9 , 254709 , 577997
359067 , -95798.3 , 743126
152591 , -646004 , -645698
-452367 , 122514 , -366584
-898381 , 26462.2 , 349821
434211 , -465007 , 255556
633128 , 548453 , 369497
704731 , 264642 , -126962
511217 , 57054.2 , -57898.3
141553 , -91213.5 , -194849
66144.3 , -109123 , -100374
638737 , -458768 , -389166
-724180 , -93951.2 , 360217
79200.8 , -501536 , -295029
-510055 , -21654.7 , 413629
591604 , -577778 , 138204
215548 , -235055 , 602856
191922 , -1.00854e+06 , 30644.2
-27338.5 , 208486 , 644200
-695637 , -621652 , -71345.8
-73936.5 , 277266 , 89945.1
314264 , 475295 , -112978
-510037 , -528005 , -243079
-255627 , -39013.8 , -243638
-348836 , 157977 , -627219
76766.9 , 335722 , 98211.9
-361167 , -484804 , 317521
528845 , 2385.11 , 394615
-282315 , -566305 , 321605
256888 , 615266 , -573283
-281991 , 424280 , 876161
311273 , 800329 , -415217
-8602.42 , -775879 , 528842
18944.4 , 450274 , -662735
-379520 , -594596 , 390476
-519990 , 127872 , 435143
-746894 , 534754 , -315123
123910 , -156092 , -335248
-628634 , 399342 , -277196
-341489 , -393689 , -629396
-404056 , 264041 , 483724
-187238 , -391917 , -255668
217484 , -461238 , 20126.8
740717 , -128612 , 41365.9
543931 , 58209.9 , 214965
366746 , 337015 , 759727
596745 , 354441 , -282514
-80298 , -716280 , -448447
-57313.4 , -255835 , 692383
-321609 , -143008 , 875188
-340953 , -135919 , 902196
-462201 , -552370 , 291778
-344274 , -670310 , 501197
-107792 , -594026 , -512976
399950 , 357729 , -158768
577433 , 212079 , 667498
235162 , 243157 , 226293
46112.4 , 742951 , -927774
277720 , 45153 , 397517
1718.92 , -847770 , -4602.8
-400957 , -430445 , -735089
-241064 , 242196 , 535265
-1.0925e+06 , -309545 , 65294.5
136762 , -350309 , -321023
-1.00578e+06 , 88013.5 , -503429
188827 , -357831 , 174192
-994323 , 388066 , 305444
-261909 , -478163 , -308006
-349187 , -479007 , 543336
888959 , 42542.1 , 656560
29936.2 , 89888.7 , 212845
-221077 , -293138 , -43797.2
-191604 , 490400 , 631684
12072 , 662257 , 334862
301283 , 544367 , -146101
-146473 , 822191 , -229206
-978969 , -53079.6 , -111064
23035.9 , -297226 , -425583
-208104 , -546933 , 519625
-333511 , -346099 , -631891
-305643 , 689784 , 271861
444784 , 47109.7 , 738345
-342346 , 990497 , 68999.6
-403830 , 408715 , -541972
84826.4 , 541844 , -497951
-150814 , 647547 , 529018
185001 , 354032 , 21631.7
-440867 , -174793 , 54244.6
-347398 , 434108 , 141431
364875 , 10907.5 , -264800
52556.2 , -665107 , 891784
-457859 , 596519 , 253307
624665 , -141849 , 638849
-168908 , 547340 , -365936
559765 , 598497 , 259027
153952 , 41296.5 , 428763
-763446 , -249180 , 596176
25782.2 , -571669 , 419687
432005 , -170917 , -425079
683957 , -36978 , -724622
119208 , 299070 , 786668
-766954 , -254829 , 19997.7
-258369 , 174532 , 485635
704873 , -221771 , 390689
130067 , 209328 , 966425
-356318 , 902724 , 256110
933332 , -477811 , -266454
-105637 , -501044 , 476622
158249 , -789943 , 121533
145760 , -481077 , 259698
-466012 , 841060 , -373615
214050 , -54355.4 , 618507
653931 , 309592 , -285427
540168 , 34573.6 , -31669.3
230287 , -364599 , 205244
-549789 , 230879 , 429886
241363 , -310751 , -973860
87946.4 , 504780 , -398356
-1.07553e+06 , 236934 , -59870.4
-366978 , -299381 , -527895
-80013.3 , 674458 , 185189
-22334.5 , -1.06082e+06 , -111169
-287588 , 7758.17 , -487803
-497063 , -224172 , -682475
-223381 , 392571 , -512358
-137605 , 56532.1 , 188978
236573 , -344335 , 1.01267e+06
-28814 , -364201 , 759280
796443 , -41755 , 354318
1.11705e+06 , -72941.9 , -112992
-266694 , 185745 , 250224
-664655 , 684548 , -114799
-490759 , 443330 , -316737
-416743 , 225425 , -275547
-564401 , -98941.2 , 543037
-512781 , 426651 , 112528
30299.5 , -5818.14 , -223694
101088 , -211124 , -76845.7
40080.8 , -513246 , 305108
-216301 , -332263 , 294136
835151 , 967734 , -76267.6
79119.1 , -665681 , 102288
-971628 , 2369.99 , 6554.96
457776 , 133822 , 584135
532495 , -362063 , 111091
583849 , 519714 , 139607
80407 , 203140 , -25498.5
22084.1 , -308911 , -534956
434087 , -287424 , -354495
-872272 , -262603 , 199674
914225 , -392892 , -262762
-101079 , 324440 , 552596
-112101 , 818803 , 427452
-319326 , -45597 , 809681
180400 , 197969 , 94028.4
-496227 , -508692 , -724783
-386483 , 826082 , 556507
3708.22 , 70513.1 , 951475
-689995 , 99212.5 , -1.06846e+06
225072 , -52737.6 , -698289
601297 , -212679 , 1.06333e+06
-285581 , 483599 , 668408
181579 , -637299 , 407836
736998 , -408631 , 637316
513919 , 785426 , -215542
368623 , 497142 , 872121
4564.66 , -98485.5 , 577386
-106502 , 245013 , 367140
288357 , -597006 , -64932.6
-44755.4 , -415920 , -83872.2
-743374 , -135810 , 16108.1
-317953 , -740864 , 312536
316725 , 1.1474e+06 , 521093
109114 , 743515 , 54559.8
-495779 , -376485 , -541236
153300 , -507627 , 188093
705505 , 27791.1 , -229889
131886 , -100508 , 101223
-261920 , 289434 , -563905
-413544 , 37748 , -692305
-193535 , 795872 , -350005
183636 , 203779 , -530616
-417307 , -421808 , 145043
-528340 , 111130 , -247143
111564 , -243735 , 243437
526508 , 139528 , 312721
786731 , -461671 , -631615
-226288 , 451707 , -455130
-76349.8 , 784709 , 129610
-338168 , 127810 , 397025
105922 , -888233 , -82005.8
44768.3 , 722107 , 306459
-3377.92 , 779550 , -471264
-134259 , 113786 , 309191
562955 , -1.0082e+06 , -164217
93196.3 , -295691 , 446619
-331665 , -440724 , 928271
321433 , 681969 , -852384
-217485 , -443517 , 91865.7
231875 , 396695 , -382116
-305533 , -9238.32 , 179526
-688840 , -509519 , 268109
-117108 , 705866 , -193332
-90793.8 , 975976 , -687988
712324 , -594143 , 468290
-477598 , 379508 , -17882.7
-215985 , -367613 , -675210
134191 , 686676 , 513910
457089 , -368873 , -59281.9
112112 , 822239 , -485196
35076.9 , -302156 , -359058
-128635 , 301696 , 780753
-250063 , -2604.26 , 496291
-256697 , 72740.8 , 744654
172204 , 176872 , 329373
-139117 , -404585 , -242363
561631 , 136984 , -164606
-497282 , -27798 , 872789
167095 , 735958 , -572953
-938211 , -434151 , 336861
731193 , 170778 , -207873
-48559.2 , -411635 , 498077
-297138 , -419586 , 328572
385561 , -133039 , 300173
854177 , -49125.8 , 462433
-374710 , -415605 , 87881.8
187726 , -177020 , -568796
-919988 , -172015 , 137280
-212088 , -135671 , -67737.5
393705 , 405209 , 149564
495782 , -119495 , 557195
234403 , -143038 , 825919
-110757 , -869790 , 822641
91855.8 , 348107 , -281853
-355642 , -364354 , -201312
97724.6 , 191074 , -719036
-10915.9 , -431231 , 37846.4
-472613 , -155980 , 147515
450702 , -144184 , -46340.1
745502 , -147487 , 315657
891106 , 236700 , 24757.6
-515460 , -97583.1 , 179894
-667813 , -537292 , -481963
-448044 , -631533 , 476822
63520.2 , 653753 , 758351
-482974 , 143989 , -157881
352924 , -588204 , -398237
724986 , -246667 , 465194
-151720 , 270097 , 728042
-562248 , -257712 , -255575
-460442 , 523142 , 323739
622317 , -790915 , -335657
733225 , -241854 , 379378
-581224 , -791716 , 134798
-22759.7 , -876996 , 416597
168840 , 647215 , 521985
896218 , 55973.6 , 127385
400512 , -457624 , 603829
240884 , 169776 , 306462
149633 , -713233 , -656920
-99052.4 , 87146.6 , -1.00512e+06
-226492 , -262711 , 271192
-756947 , 540388 , 78934.5
-91301.2 , -197450 , 678876
-323114 , 251825 , -988536
451891 , 10190.1 , 1.08307e+06
-83817.1 , -986680 , -79213.8
-865892 , -28136.4 , -281408
-107857 , 580195 , -289577
323405 , -353064 , 543952
344007 , 32686.9 , -521159
776021 , -712029 , -256180
966455 , 742359 , 202634
-524309 , 551391 , -126781
859529 , -760351 , 285024
140863 , -904735 , 589623
351233 , -603142 , 80950.3
288595 , 88788.5 , 746390
154385 , -326361 , -615200
-490930 , -299162 , 263794
-132200 , 964012 , 5165.16
-85548.2 , 418362 , 779348
120664 , 123979 , -716681
219719 , 256945 , 1.10769e+06
169992 , 51974.9 , -190174
-511325 , 705415 , 549385
536547 , -649899 , -148800
-84171.2 , -260148 , 1.01911e+06
34164.8 , 276888 , -1.18058e+06
-145443 , -582296 , 154855
-546643 , -906244 , -267120
389906 , -448556 , -54268.1
-252193 , -696524 , 22852.4
727293 , -365726 , 105647
-623903 , -92470.5 , -601738
-490420 , 118619 , -785998
185537 , 388185 , 510399
-148991 , -324448 , 273533
-184018 , 535555 , 591799
-616401 , -838171 , 211372
603198 , 220600 , -529290
277836 , 187775 , 297450
-239154 , -727624 , 10576.1
-464591 , 381344 , -146618
599948 , 278918 , -45662.7
-362314 , 208829 , 63930.3
-197526 , -377138 , -488592
372454 , -653626 , -250447
-374874 , 549660 , -497522
651930 , -329232 , -416599
307918 , 92911.7 , 320133
63086.2 , 538376 , -257895
-122206 , 92140.4 , 754764
164682 , 575075 , -661144
-813319 , 157985 , 550017
-58720.1 , -317040 , -733683
-745784 , 70509.5 , 134792
217211 , 680409 , 589724
-830889 , -1261.27 , 66500.9
126772 , -109423 , 921384
-255896 , -460484 , 256758
40063.8 , 817289 , 260042
-269527 , 153031 , 391118
348871 , -722232 , 739433
-126155 , -462727 , -396062
-26413.5 , 405394 , 749972
-414026 , 623373 , -358824
-727256 , 258274 , 345030
346362 , -579652 , 493277
-39152.8 , 27032.4 , -544570
654587 , -550776 , -293016
624963 , -374999 , -447598
-153432 , -358163 , 363772
-28237.4 , 730634 , -104261
-595427 , 605208 , -308681
655329 , -295580 , -64122.5
-115563 , -190029 , 649583
-437938 , 378071 , -766885
-888642 , 471565 , 255795
-275673 , -282197 , 250205
467994 , 428295 , -251124
494097 , 305686 , -41833.9
-664449 , -217094 , -748150
-496432 , 261872 , 733153
327793 , -590214 , -682145
81114.7 , -342196 , 177444
359873 , 281488 , 710422
-603873 , -43088 , 525985
-570860 , -275091 , -765759
15397.3 , -170305 , 694346
560740 , -998502 , -260573
484410 , -661781 , 108729
-539138 , 462152 , 121620
718843 , -214573 , -103028
97148.1 , 186895 , 1.11317e+06
-53629.6 , 282328 , -42762
-339828 , 747696 , -330708
-317040 , 859514 , 388997
742257 , -263769 , 5368.3
558270 , 97231.2 , -894459
36320.8 , -40940.1 , 285909
-327727 , -237783 , 450632
-616861 , 396587 , 89776.9
1174.97 , -786372 , 100402
699794 , -239784 , 363213
-896320 , 540069 , -26510.6
-400368 , -573443 , -48594.4
151214 , -626061 , 181216
-210907 , -333541 , 291953
428944 , 693733 , 19371
-259597 , -687058 , 174503
-252298 , -45315.6 , 853108
-432714 , -308440 , 225014
-247874 , -52400.5 , 474340
584015 , -610076 , 22947.1
-669472 , -235138 , -116660
-524394 , -969347 , 101098
604129 , -54856.3 , -720062
-728717 , -333127 , -273861
-392252 , 94075.9 , 342093
161692 , 467918 , 856711
-477209 , 46534.2 , -273744
144676 , -104663 , -250412
445304 , -5506.32 , 531826
-292108 , -512175 , 446015
145146 , -77904.8 , -788401
20595.6 , 814801 , -630156
-477582 , 385042 , -50930.4
255663 , 165578 , -528878
-309197 , -927211 , -519943
142585 , -285364 , 82817.2
128993 , 96656.4 , 343727
-59310.4 , 268273 , 453303
605624 , -357895 , 944298
-815777 , -188642 , -152282
330893 , 360533 , 502410
657217 , -270775 , -312252
536917 , 22644.3 , -157811
-59004.7 , 417875 , -482159
640275 , -131595 , 849171
-8791.14 , 351218 , 35879.1
-547704 , 391829 , 408295
310126 , -231235 , 726917
299622 , 35119.1 , -393679
433829 , 89961.6 , 201193
-407775 , 296541 , -191765
571659 , -628660 , 487412
148091 , -384703 , 448881
377453 , -213660 , -79347.7
-350526 , -274148 , 21980.6
624799 , -225789 , 128702
474024 , 357773 , 477091
444633 , -15656 , -508831
-176704 , 164658 , 280679
-120019 , 310187 , -351775
-309394 , 280212 , 437726
-307945 , -475496 , 825432
65524.9 , -46001.6 , 573267
-431704 , -643703 , -275079
346096 , -576320 , 268816
255709 , 333924 , -415340
-391922 , 135559 , -20837.6
-476313 , -579044 , 298147
198275 , 304463 , -804781
-241269 , 121983 , -745270
-204700 , -12053.5 , 322452
-607266 , 83705.4 , -797930
669598 , 241799 , 3935.43
469018 , 325736 , 89489.7
425846 , 171051 , 665069
789663 , 586872 , -162183
-32104.1 , -572976 , 476000
-118325 , -1.05615e+06 , 99769.6
-99481.6 , -357280 , -150618
-448849 , -192569 , -207708
656023 , 977314 , -150106
160565 , -466866 , -791890
141432 , 849723 , 273932
-542944 , -467790 , -17295.3
-291556 , 36262.7 , 297801
271103 , -436968 , 295688
-272841 , -267305 , -206189
-439443 , -457350 , 988619
-188130 , -388866 , 287451
43357.1 , -653831 , 977950
637686 , -102963 , -856824
326223 , 685729 , 384756
-578742 , -798490 , -436621
-159703 , 150966 , 116291
-101385 , 329479 , -440553
75107.6 , -233763 , -257751
327926 , -127173 , 265394
-353358 , -95373.4 , 457990
767040 , 680979 , -241468
265334 , 192382 , -150543
756308 , 400411 , -442152
-124461 , -243800 , -534395
273972 , -99503.9 , -716974
57479.1 , 338217 , -416510
788437 , 22152.9 , 660480
180223 , 697207 , -231728
168713 , 124439 , 489607
614283 , -368033 , 545395
163121 , 412715 , 87304.5
-502253 , 104548 , 15788
-137252 , 439377 , -849109
408292 , -317387 , 185423
197644 , 1.14162e+06 , -39176.8
650327 , 286072 , 82202.3
-55177.7 , -284457 , -290387
472910 , 303726 , 13039.8
300380 , -61613.7 , -670559
-80201.1 , 99806.4 , 547141
-382014 , -155660 , 576433
-418173 , -521699 , 536718
56680.6 , -679417 , -796584
-318339 , -594724 , -289827
-853666 , 181728 , -6687.94
599139 , 563696 , 152973
-212819 , 700253 , -358419
408623 , -183173 , -889949
89689.5 , -110937 , -338174
-420239 , -630279 , 178679
-140569 , -931725 , -221045
188566 , 19578.6 , 768530
610432 , -468867 , -164314
492819 , -299481 , -214349
-413970 , 55743.6 , -28341.3
330590 , 201521 , 307212
-648539 , -349413 , -636150
-1908.38 , -615711 , -579382
211713 , 607503 , -557716
-681896 , -91460.3 , 553939
207678 , -780174 , 742368
677731 , -681909 , -508710
83501.9 , 547154 , 718707
-312148 , 407576 , 112856
464386 , -970037 , 186678
-246579 , -66693.5 , 472554
180107 , 83106.7 , -27970.4
-762982 , -647677 , -295928
12376.8 , -23022 , 69963.4
-137134 , 710264 , 281639
-710094 , -782971 , 223856
-103223 , -196313 , -578005
220277 , -127395 , 501855
-567807 , 53275.5 , -105885
-631334 , -132387 , -299486
-234324 , -160224 , -286476
4843.3 , -938104 , -193222
112713 , -487504 , 155327
-404406 , -393038 , 206905
287485 , -103450 , -671425
229757 , -208648 , -369992
664740 , 557088 , -87227.5
-673197 , 47156.5 , -811346
352285 , 405736 , 221659
-494306 , -204299 , 495603
-585888 , -287494 , -205844
922333 , -298356 , 42542.2
-232545 , 656049 , 870837
-352309 , 780137 , 714258
573533 , 51771.4 , -179082
-193024 , -780218 , -678106
-507891 , 580238 , 384616
1.03819e+06 , 292385 , -106893
111399 , 151683 , -395973
158223 , 255755 , 88299.8
-756558 , -825930 , 242462
666833 , 276608 , -7575.53
-790184 , -812010 , 528754
-209384 , -105557 , -233451
-281234 , -248405 , 568921
490243 , -782390 , 99483.6
-186939 , 394135 , 901765
-874864 , 709076 , -16879.2
-730340 , 36931.5 , -642970
-770963 , -327874 , 117398
-517733 , 300259 , 889128
-154800 , 782430 , -566887
423560 , -683685 , 684342
105121 , -190425 , -335842
95312.1 , 84855 , 165868
-245212 , 620248 , -120669
731348 , 374582 , -193544
-197374 , 291292 , -208335
265998 , 551863 , -486181
384937 , 94146.3 , 420959
-153255 , 170926 , -245711
665381 , -678757 , 138734
-734930 , 611902 , -211346
114363 , 358429 , -359220
231071 , 157409 , 1.1686e+06
-202327 , 262952 , 30841
-379815 , 407652 , -582924
-759718 , -369622 , 383918
-733631 , 488448 , -85612.1
-379837 , 202132 , -324732
507618 , -280699 , 328124
-863788 , 248619 , 421462
-176407 , -463990 , 27869
-207746 , 468616 , 366474
339258 , -296573 , 383521
709755 , 75463.4 , -262722
-387112 , 625753 , 179285
-582417 , 562984 , 155261
-105453 , -520217 , -603640
698731 , -665416 , -306658
270821 , 622883 , 420031
179371 , -236619 , -1.03896e+06
-434333 , -824075 , 794778
-308486 , 301478 , -609668
46802.7 , 351119 , 631370
657437 , -197173 , -559825
398213 , 320060 , -869276
-83480.8 , -205791 , -231551
204419 , -220473 , 239661
-198877 , 458274 , 846861
620290 , -137270 , -327831
441257 , 179412 , 473777
506967 , 417298 , -515343
-184330 , -361886 , -872417
-511614 , -159143 , -197885
-387162 , -766158 , -95434.5
829885 , 97887.4 , -195616
-86353.3 , -846449 , -215554
160133 , -406353 , 379884
-319232 , 146140 , 567363
-319923 , 192438 , 347488
-716341 , 24853.4 , -500618
750712 , -93175.3 , -586633
-376589 , 53013.3 , -308453
-4971.13 , 460021 , -78606.7
-317693 , 262714 , 662039
-267989 , -432825 , 963407
655657 , -124001 , 326403
149700 , -562334 , 623531
-60224.7 , -649432 , 14725.1
-365653 , 811289 , -232668
576473 , -601484 , 252440
-45341.6 , 128856 , -14167.8
165915 , 310577 , -737256
-331540 , 140017 , 291471
414466 , 150291 , 531709
300678 , 370577 , 737229
-314814 , 711911 , -60317.9
25236.3 , -681164 , 194076
-428652 , -115657 , -132693
-501484 , -136617 , -10027.3
-798918 , -536784 , 659292
217388 , -318860 , -318239
-219694 , -925940 , -330998
-190566 , -808013 , 208432
13995.1 , -170674 , 1.10166e+06
386750 , -653074 , 479840
698293 , 149374 , -621818
-202773 , 484736 , -291672
435368 , 86675 , 424852
-431420 , 264077 , -417357
34869.9 , -18439.5 , 459524
414929 , -266288 , 1.17657e+06
397287 , -372113 , -10746.6
-97328.9 , -169528 , -209327
114192 , -89345.6 , 731920
359347 , -206389 , -473433
-128392 , -78197.4 , 635362
-218494 , 673055 , 256595
-187812 , -421216 , 240370
-425652 , -89860.8 , -463288
756909 , -469598 , 291883
-521249 , -244537 , 63950.8
467142 , 451250 , -371560
-506140 , -606643 , 466493
752126 , -217303 , 361716
211276 , -261817 , 747461
-514874 , -905060 , -32702.7
362289 , -194140 , 145076
84234.3 , -667102 , -379579
-290733 , 256502 , -138262
-678024 , 358880 , -532188
-435297 , -104386 , -85923.6
-241786 , -572052 , -294613
611781 , -169328 , -843128
-52094.2 , 94625.4 , 551927
531832 , -146891 , -62173.1
393999 , -617983 , 442015
3272.94 , -170660 , 650984
217372 , -383232 , 121232
422478 , 68931.8 , 534163
-116105 , 759647 , 401657
805376 , 92448.2 , 752798
-378023 , -4375.6 , 797101
-314974 , 498482 , -484321
-347168 , 302035 , -146194
-236348 , -401290 , -279640
-233588 , -570754 , -80402.1
12008.4 , 421078 , 542392
266095 , -369633 , 136607
-354949 , -137913 , 977678
122709 , 198763 , -314063
133977 , 740723 , -181316
178440 , 603878 , -175621
185151 , -473108 , -921235
539219 , -159378 , -35550.8
346049 , 315719 , 42618.6
-628629 , -539124 , -22600.4
-726843 , -158968 , -688429
925155 , -446630 , 76596.5
-635428 , 436148 , 129297
-173405 , -837983 , 702353
261254 , 320826 , -321117
-129955 , -269892 , 160133
-118404 , -66409.6 , -352254
409342 , 372979 , -516270
-449426 , -290321 , 709517
-29230.5 , -177708 , 575996
-73748.3 , -856768 , -122986
-676855 , 238143 , 566807
394568 , 248011 , -76152.5
-636692 , 310759 , -525530
238739 , -1.02281e+06 , 178110
77017.3 , -254601 , -487366
-32560 , 483697 , -448914
920948 , -613362 , -635106
-1.02419e+06 , 513510 , 225489
574124 , 49842.6 , -569017
4230.87 , -444330 , -373855
17478.3 , 99917.8 , -149289
550876 , 354045 , -343536
259675 , 98095.8 , -347872
-411268 , -404258 , 131317
-28907 , -112695 , 718504
-418135 , -657275 , 12234
-137859 , -371961 , 160094
177741 , -909401 , -38838.6
411095 , -93897.4 , -481123
-211365 , 134595 , 838832
-183928 , -241609 , 1.0806e+06
-410203 , 192119 , -332128
-133299 , 656251 , 394363
34755.7 , -11692.1 , 605468
-579498 , 232545 , 197572
255504 , 605344 , 736500
-310887 , -272170 , -168296
-641200 , 448837 , 289541
183429 , 432986 , 573813
-257798 , 210587 , 724101
476876 , -566487 , -42375.7
468638 , -114900 , 253677
148338 , -235077 , 356283
112875 , -159602 , 235903
151984 , -42699.7 , 288319
-475791 , -699347 , -84935.5
-499975 , 223110 , 512753
518558 , -115674 , -208301
199773 , 220766 , 583316
294786 , 302121 , -153410
-705829 , -95969.4 , -301752
148111 , -835713 , 629726
628230 , 373724 , -202414
249083 , 384446 , 690429
618495 , -8185.65 , 168377
-292326 , -931723 , 33456
532494 , -89691.7 , -83796.4
-647000 , -381743 , 101675
612735 , -614803 , -306841
914072 , 380412 , 446157
235081 , 590182 , 627294
313870 , -187735 , 601822
-188832 , -282142 , 606463
-154461 , 327323 , 378811
-511743 , 278373 , 548362
629118 , 495538 , -199634
-401611 , 415561 , -228974
-291406 , -992316 , 54110.9
-325212 , -17686.9 , -598613
202373 , 66501.5 , 629500
66425.4 , -108002 , 808142
-827398 , 243237 , -85388.1
-238312 , -671966 , -199957
-190231 , -608330 , -53590.2
-393874 , -160749 , -180135
-925744 , 9058.44 , 447754
-806732 , -683516 , -139052
730195 , -876021 , 153551
72295.3 , -99471 , -196330
686129 , -138519 , 392969
198454 , 11854.1 , -85671.6
262559 , -523676 , -613709
-143886 , -75385.7 , 322198
-211741 , 717609 , 817232
-417075 , 233070 , -258491
-789113 , -786696 , -640060
835063 , 523340 , -299772
244812 , -1.38055e+06 , 55307.8
242458 , 381417 , 284366
-713672 , 279508 , 152659
606510 , 269608 , -192099
533933 , -106409 , 745012
100474 , -471588 , 482782
-677226 , 150725 , 254874
-224566 , -678803 , 115546
-802693 , -29253 , -718217
296234 , 153766 , -167986
-156739 , -64503.3 , 510244
534774 , -110055 , -338514
112924 , 399623 , 1.10794e+06
-462876 , 560340 , -167923
-273816 , 54026.9 , -856042
301919 , -221076 , 1.01718e+06
-783664 , 425195 , -236386
-113920 , 95826.5 , 669946
-295867 , 17527.1 , 239125
94575.4 , -512278 , 451108
-610634 , -420971 , 371588
167059 , 863084 , 374149
-225147 , 691567 , 164991
197932 , 5450.33 , 300309
-274450 , -1.06853e+06 , 558715
-552611 , -573418 , -75459.6
839285 , -536546 , 728633
-566217 , 339418 , 301983
166372 , -287133 , -441812
893958 , 55315.1 , -112563
-552213 , 36130.7 , 742577
-66842.9 , 992227 , -75652.6
-222703 , 536843 , 549074
-1.10933e+06 , 84727.3 , -322783
15662.6 , -534636 , 280343
849314 , 269885 , -325932
-193236 , -487046 , -605152
-176609 , 461624 , 887943
-568798 , -78777.4 , 647001
-1.05034e+06 , 296212 , 486613
-75443.6 , -309383 , -394017
466034 , 738080 , -377957
-363240 , -352397 , 487056
-451279 , 3564.43 , -3612.73
-256015 , 51882.2 , -769931
-457494 , -705609 , 710076
-661786 , -85252.3 , -92265.4
-160707 , 13218.4 , -117802
-647377 , -96171.1 , 476482
-608232 , -529171 , -83760
-207780 , -126306 , 244424
141639 , 349379 , -1.0548e+06
-514001 , 46020.3 , 775312
749702 , -133630 , 90327.3
-347505 , -719725 , -142351
148977 , -265189 , 660413
807799 , 385834 , 701480
-480700 , 548976 , -141147
545354 , 136903 , -79101.4
-246579 , 302884 , -43035.1
342659 , 55697 , 29999.3
-536376 , 87671.4 , 682031
935556 , -98132.4 , -784561
357455 , -312730 , 749601
102191 , -246756 , 471107
179446 , -276155 , 463414
-475004 , -188818 , -585625
-159486 , 387494 , 416755
188042 , -118535 , -783419
275350 , 93642.3 , -359137
-50999.4 , -530815 , 304990
-468133 , 161454 , -257589
-206307 , -203232 , 299282
-43242.1 , -439158 , -272120
-80479.5 , 561982 , -97457.6
49507.9 , 595037 , 548169
-262566 , 571350 , 81641.6
460804 , 378872 , -943394
428988 , -75373.9 , 698870
780480 , 264971 , -367430
458674 , -30801.7 , 228081
-182264 , -609333 , -118808
-806406 , 59146.8 , 67142.7
-368051 , 454324 , 2051.23
-100063 , -33817.1 , -640290
751473 , 83553.8 , -815950
147685 , -452134 , -834269
-355817 , -485808 , -102545
-786416 , 25936.9 , -287849
-1.07602e+06 , -7225.56 , -147931
484416 , -757711 , 105317
-78651.2 , -224932 , -159960
-546335 , -938860 , 150252
-948166 , 160078 , 591564
132780 , 690070 , 812578
-272057 , 88230.4 , -267391
-557867 , 869540 , -424924
432006 , 86893.8 , 63858.2
-75400.9 , -110142 , -816880
116840 , 65862.3 , 704298
512587 , -308599 , -485916
143665 , -870051 , -78020
-546089 , -572442 , 490115
-798598 , -370414 , -339340
-245614 , 553650 , -229540
-164652 , -307773 , -184524
9682.37 , 693710 , -305832
650331 , 156882 , -75290.1
83788.3 , -279865 , -191023
-220690 , 192719 , 408367
-136033 , -689809 , -186316
-519324 , 400153 , -257191
-44794.5 , -101165 , 811959
-354318 , -910124 , 482318
-864567 , 20662.8 , 20429.8
-262201 , 1.08591e+06 , 125273
-365078 , 82947.8 , 238011
560944 , -257993 , 312382
10869.3 , -499312 , 228363
176759 , 654605 , 75935.2
520461 , -360542 , 405006
281214 , 687530 , 413333
576914 , 649820 , 266802
168502 , 306517 , 423854
354192 , 588929 , -780517
295822 , -495046 , 432454
383351 , -685291 , -589506
-67384.4 , 124116 , -266859
-205907 , -664439 , -830551
-798028 , -181092 , -455932
136610 , -499173 , -458718
-78002.7 , -148945 , 309154
-184012 , 436170 , 782851
-301688 , 255992 , 621350
-328881 , -908355 , -193347
-172010 , -874870 , 416210
498891 , -108247 , 372390
350457 , -149284 , -450258
211232 , -93724.5 , 265384
13843.2 , -138013 , 442205
535981 , 37561.3 , 404619
474838 , -594024 , -148224
-789444 , 528986 , -356241
-388261 , -251385 , -321399
40335.8 , -384751 , 332174
-220342 , -649604 , -370015
-363670 , 243234 , -110649
-427590 , 340786 , -210451
-800239 , -225393 , -282229
423282 , -738379 , -200861
340314 , -202274 , 141063
824528 , -494790 , -287045
568450 , 206856 , -477093
11493.9 , -1.31922e+06 , -28703.2
-553092 , 268918 , -455431
477427 , -388835 , -904220
545717 , 327011 , 201347
-140632 , -1.01824e+06 , -56209.7
670532 , -992783 , -25741.6
-484602 , 308483 , 702595
-180014 , -174848 , -7674.06
110009 , -12372.1 , -412594
324837 , -831228 , 139323
660582 , 451363 , 137876
-399433 , 187376 , -551240
176763 , -817303 , 95652.5
-34993.3 , -333198 , -622787
285463 , 342568 , 797011
804692 , -218310 , 386524
-3121.07 , -262983 , -13614.1
-356821 , 359063 , -74085.8
435310 , -276415 , 510242
403981 , -372011 , 828088
-756333 , -88964.6 , 553078
-747632 , 106305 , 297230
-926559 , -45245.5 , -54988.6
739282 , -502386 , 322359
-29219.2 , 495514 , -78569.1
-438357 , 303504 , -502268
-41741.3 , -614204 , 579971
-174892 , -772681 , 555071
291884 , 311024 , -492508
308658 , 190215 , -109203
-117778 , 206214 , 520450
909085 , 48117.8 , 724326
-174744 , -262693 , 264891
360401 , -849277 , 406018
713893 , 148196 , 486752
-381271 , 908627 , 139030
39857.5 , 626727 , -409180
645987 , -167296 , 661381
601807 , -280342 , -551814
-341217 , -834792 , -688932
-206864 , 396966 , -171640
-141377 , -131868 , -128596
-124326 , -28330.9 , -385156
670586 , -35244.4 , -46783
-709454 , 277124 , 255651
-248897 , 388269 , 617694
458611 , 108850 , 77387.4
-632453 , -641161 , 389489
195641 , -516466 , 423992
-239636 , -242421 , -58073.7
-916464 , -10901.6 , -578333
-684422 , -88592.4 , -708570
378927 , 485807 , 659938
-431447 , -51448.3 , -24088.8
299315 , -378588 , -724890
-457284 , 737596 , -282020
147592 , 158037 , 62134.5
29773.9 , 271886 , 266387
181754 , 707004 , 206856
517755 , -419604 , 416529
555629 , 402890 , -192207
777849 , -317258 , 74795.7
640481 , -365641 , 118130
-837590 , -23095.5 , -111838
-628684 , -990885 , 170834
-427663 , 425689 , 306395
624511 , 760057 , -71959.3
-858662 , 386185 , 461267
-907769 , 456853 , -314591
-544520 , 446459 , -163966
171323 , 825913 , 564050
-5886.73 , 521792 , -208546
-582433 , 618067 , -147573
371035 , 559056 , -273520
415267 , -548571 , 377027
-400354 , 159600 , -229790
-267330 , 124193 , -930496
-155164 , -120884 , -228545
-2843.16 , -21411.2 , 206898
-776846 , -533314 , 157197
290634 , -167222 , -127889
-428782 , -358870 , 487698
177826 , -879008 , 322782
304776 , -465013 , -823223
-19431.2 , -846545 , 608984
340643 , -218580 , 456092
160071 , 614367 , -409979
-546386 , -239262 , 657744
16718.1 , -455138 , -371348
169176 , -647687 , -728419
715217 , -125545 , -101471
487302 , -166661 , 206206
525676 , -291535 , -740656
-32734.1 , 406180 , 136519
-199363 , 548747 , -144893
222166 , 60568.3 , -786011
-696653 , -286147 , -522303
538732 , 709534 , -534519
-659143 , 569963 , 10414.9
-92096.8 , 355934 , -694692
399533 , 304517 , 2063.41
-574739 , 819252 , -462255
-410501 , 50288.1 , 782674
478063 , -871968 , 20670.2
-686284 , -500251 , -447295
-411088 , 489188 , -966847
-144215 , 696481 , -17237.3
-454417 , -10153.3 , 577525
-1.02102e+06 , -356544 , -307064
600030 , -532854 , 495809
357670 , -966846 , 865345
-189517 , -11096.8 , -1.09233e+06
155497 , 337665 , -388962
-191096 , 717784 , 153094
-33756.9 , 936620 , 316456
313280 , 592942 , 569706
348497 , -716197 , 135599
-940106 , 100903 , -282886
371945 , -334348 , 67985.5
768736 , 279205 , 152317
-688180 , 754886 , -75935.3
6649.26 , -417866 , 299419
44870.1 , 1.0396e+06 , -95922.3
896444 , 524707 , 103817
-281465 , -407741 , 775464
398762 , 439418 , 242900
-492837 , -154064 , 517016
103978 , -695425 , 216525
-671945 , -113043 , -299452
-665690 , 389914 , -413633
-543390 , -280585 , 193932
684170 , -563059 , 159637
696896 , -589632 , 84572.5
-419422 , -116330 , -1.07228e+06
1.14506e+06 , -96826.7 , 114253
133832 , -186660 , 1.1549e+06
262918 , 287600 , 931601
-220109 , 162011 , 236288
404768 , -531110 , -375721
127885 , -162910 , 431430
164367 , 387658 , 593613
-697437 , -323186 , 708823
-397593 , -709996 , 457526
274072 , -567004 , 855838
-681557 , 134198 , -231521
964112 , 106184 , -57447.6
-446154 , 263855 , 76443.4
-895850 , 237667 , -74336.5
787765 , 97216.9 , -371092
-1851.34 , 211041 , 247067
935989 , -266048 , -449322
422324 , 390906 , 848687
347210 , -715812 , -631559
659742 , 390212 , 571651
208344 , -538261 , -582679
574965 , 95673.2 , -242943
476493 , -73318.2 , 136835
24021.6 , 360757 , 481605
184278 , 106233 , 905803
-590166 , 481676 , 480531
-64114.4 , 958278 , 329902
-606697 , 146271 , 157417
331071 , 15122.1 , 308676
-47753.7 , -482412 , 327792
413292 , -174671 , 475269
41520.3 , 593351 , -468712
-173096 , -456548 , 307739
-145967 , -1.19806e+06 , -68192
-941161 , -84468.2 , -441816
-37306.9 , -260773 , -147157
-728731 , -458290 , -15079.3
274998 , 51606.5 , -794680
412566 , 176585 , -608531
-80107.7 , 198963 , 616417
-679468 , 163688 , -459443
203967 , -214934 , -461128
-558166 , 586327 , 948424
-310974 , -626917 , 535996
-562143 , 306429 , -254400
152233 , 508316 , -68760.3
441053 , 18908 , -778262
797366 , -334183 , -598368
-166483 , -352430 , -917708
-346477 , 389959 , 519615
-460749 , 2695.51 , -598081
-32013.7 , 490601 , -330550
-21253.7 , 822837 , 259906
-95028.7 , 807039 , 104362
-27574.6 , 528789 , -442135
-559602 , -875586 , 386558
-79748.3 , 141937 , 376494
-127528 , -598008 , -400857
305992 , -232288 , 391556
191521 , 111481 , 151523
781093 , 157495 , 368722
-74370.3 , -548015 , 284554
448835 , 1.03567e+06 , 315964
855368 , -642224 , 148202
-646169 , 31968.1 , -386634
616716 , 53206.1 , -325599
329015 , -202549 , 415818
851198 , 107894 , -257248
34154.4 , 87235.4 , -53379
457576 , 1.08661e+06 , -3978.77
-650664 , -623478 , 484645
315593 , 207813 , -818667
782794 , 251335 , -13196.7
-270805 , -395132 , 474893
-634048 , -22372.8 , -236126
-99569.8 , 144485 , 469228
586668 , 365887 , -116831
406190 , -341811 , -1.04733e+06
-95240.8 , -668588 , -8051.47
-277763 , -616495 , -320943
-207726 , 45471.9 , -520475
603998 , -250292 , 246537
363157 , -272731 , 698201
522402 , 101697 , 55264.9
-442888 , -554377 , -714156
224935 , 358660 , 617917
-483594 , 178175 , 436282
193766 , 515994 , 634817
-117701 , -415158 , 694634
194534 , -45447.8 , 706023
356963 , 711531 , 129643
112954 , -769739 , 544729
86054.4 , -329512 , -605166
345091 , -228471 , -581348
184022 , -541402 , -930883
-744936 , -220877 , 255719
383555 , 182813 , -512158
148687 , 674367 , 184498
220067 , -72892.9 , 247302
-590303 , 649864 , -342662
897734 , -306925 , 156503
98584.8 , 457835 , 341741
-226570 , 817470 , 135214
175323 , 274974 , 54472.9
-24916.6 , 178093 , 139657
214610 , -497522 , -714348
335894 , 836408 , 592027
832585 , -499568 , -351774
68164.9 , 621096 , -347712
229223 , -182161 , 778024
781224 , -400734 , 572710
-150392 , -7517.68 , 551748
305916 , -480027 , -167399
-432451 , 922694 , -300017
-46117.4 , -196860 , 235008
-256872 , 129495 , 243714
141701 , -793489 , -6852.41
-260458 , 48572.6 , -444070
-91272.4 , 584507 , 495326
-1.04108e+06 , -71519.5 , -317079
-438052 , -528378 , 587875
410194 , 518961 , -439835
297039 , -153288 , 670280
471494 , -131050 , 447036
-619941 , -381254 , -602640
65187.3 , -236821 , 297953
186889 , 395311 , 14687.5
213881 , 454522 , 409768
-396683 , 170282 , 310508
-326395 , 523426 , 723194
-101087 , 407918 , 74192.9
203769 , -216181 , 240458
595602 , -483378 , -564320
-38424.4 , -84473.4 , 244403
71195.3 , 354433 , 271980
-150320 , -221597 , 266465
132071 , 409109 , -276483
-190273 , -177057 , -629748
380752 , 56757.3 , 633142
-494915 , 77718 , 48546.8
623595 , 443263 , -789382
-58695.2 , -555502 , -441394
808293 , 79021.4 , 724513
112748 , -83097.3 , 64176.8
-112626 , -500587 , -79358.9
340082 , 26992.6 , 107937
-128981 , -38100.9 , 107080
-558306 , 187924 , 30697.2
-1.0081e+06 , -402397 , -55883.7
264185 , -760665 , -276620
51068.5 , 203944 , -570071
404509 , -782862 , -357552
98062.3 , 540894 , -558961
-312878 , -447972 , -174254
66298.6 , -285184 , 451853
-498071 , 43195.6 , -513718
443991 , 857969 , -155449
150752 , 730246 , -315950
415081 , 109610 , 24684.4
-184897 , -643781 , 222085
-633265 , -73135.9 , 425664
258742 , -264582 , -704152
35142.6 , 183535 , 105760
-28141.6 , -161089 , -1.13873e+06
255651 , -885789 , 58369.2
-383649 , -301421 , -860410
641498 , 411724 , 28570.1
-594071 , 535623 , 551979
94351.6 , -241211 , 87291.6
842167 , 24192.5 , -195012
-10731.6 , 640453 , -596229
205973 , -749218 , -221312
478140 , 832257 , 63105.6
-867645 , -88922.6 , 268974
343889 , -514657 , 211537
-463218 , 957891 , -18088.6
-229833 , -123080 , 271802
-436337 , -92678 , 486105
479705 , -710684 , -126051
-665300 , 200407 , 36039.1
539963 , 309206 , 584806
714198 , -201781 , -177409
-13918.5 , 207997 , -306869
-787355 , -93872.1 , 94415.6
139849 , 24888.2 , 244152
-108147 , 419021 , -746489
216384 , -41278.5 , 482287
-182779 , 826908 , 615377
-102149 , -756848 , 421706
-121747 , 57457.6 , 641363
-342122 , -177516 , 607250
913439 , -523633 , 157706
-373883 , -22572.9 , 187084
-324839 , 74552.6 , -10329.6
-71420.5 , 158314 , -840807
219558 , 346380 , -207428
-388327 , -226706 , 640280
180098 , 211784 , -599323
-193954 , -105236 , -40358.4
-29307.4 , -16479.2 , -91773.5
-496542 , -384194 , -343008
27151.5 , -226792 , 17717.9
595731 , 32641.1 , -659808
-687711 , 732929 , -651033
-350485 , 613969 , -556933
83524 , 35580.4 , 50083.1
-923115 , -183387 , 33276.4
722356 , 148057 , 435992
-214370 , -49544.9 , 258115
-624483 , -263851 , -371770
597145 , -374260 , -49487.3
399225 , 380094 , -583301
-262375 , -87050.6 , 170564
-17295.7 , 67123.7 , -133260
269214 , -31090.4 , 962796
-438438 , 708629 , -113786
-629268 , 369727 , 490432
1.08545e+06 , -135918 , 419677
275285 , 862597 , 813141
-486309 , 445126 , -628189
312203 , -220086 , 634760
-340255 , -366284 , -411565
-438498 , 842786 , 130803
340371 , -74955.1 , -119411
-558921 , 114583 , -581823
-474212 , -186073 , -856815
-368111 , -492125 , 56371.1
41798.6 , 670225 , 797378
-631096 , -234696 , 326346
148687 , -135878 , 301940
354816 , -53988.3 , -587368
514909 , 880073 , 844206
-557879 , 830459 , -274944
-494795 , -394596 , 219903
-278961 , 352354 , -43051.9
691043 , 110679 , 235691
148917 , -681427 , -681842
808309 , -302337 , -603909
-139401 , 51292.3 , -75362.1
127798 , 591449 , 163699
216595 , -487814 , 136802
253672 , 764497 , 237190
-463773 , -224675 , 540707
410508 , 227819 , -78316.7
-641313 , 509706 , 258256
736307 , -299174 , -408964
68456.5 , 763537 , 129786
-425642 , -581814 , -359268
948661 , -366423 , -401403
133176 , -345802 , 331498
120441 , 649947 , -431313
390342 , 202342 , -493426
575749 , 720945 , 372647
525385 , 274079 , 612905
52901.9 , -68208.7 , -505400
325022 , -60098.9 , -569958
739144 , 83940.4 , -144407
-525594 , 146089 , 75547.8
-250226 , -646938 , 324232
124600 , -322743 , 90094.2
-766871 , 232568 , 255209
440619 , 269616 , 772988
-444337 , -455609 , 702471
144573 , -426113 , 736144
-103677 , 169501 , 839111
-456459 , -66901.9 , -210967
-377026 , -556974 , -147563
656880 , -24857 , 78655.9
258696 , 154300 , 207815
-63580.2 , 7134.61 , 612557
-382359 , 459523 , -978503
408942 , -42929.1 , 78085.6
-880701 , 255693 , 336333
-29493.8 , -113755 , -158213
20181.8 , -365393 , 400710
-125612 , -581515 , -656008
-319201 , 672883 , -84434.4
-33029.6 , -647333 , 224383
296816 , -450636 , 719932
405170 , 648586 , -145883
-875860 , 565671 , -7849.69
-590973 , -128975 , -772635
-162441 , 523155 , 6750.16
687018 , -528134 , -500566
312680 , -463753 , 486851
60030.3 , 522148 , 640127
-490004 , -451682 , -488211
234458 , 739203 , -833777
-472499 , 663506 , -624139
-448864 , -245331 , -271546
128167 , -99143.8 , 386279
-475641 , 349856 , 120154
536113 , -486630 , -234536
-88821.7 , -483046 , -316935
-636737 , -123050 , -236917
-522498 , 60217.4 , 515082
-203676 , -632551 , 600252
-227874 , -976616 , 567605
-452638 , -910834 , -155387
605442 , 426184 , -7640.9
-106153 , 176177 , 184384
-523376 , -637781 , 912089
-1.04444e+06 , -387377 , 194601
915162 , -278774 , -350417
307779 , 485017 , 519257
744134 , -143289 , 137010
475167 , -75252.4 , 6733.38
-313163 , 708653 , 556231
-376293 , -545469 , -58609.4
166093 , -477038 , -239160
422359 , -506674 , -98391.4
759235 , 248499 , 85577.1
300370 , 138139 , 767379
148875 , 63607.1 , -392858
494188 , -273977 , -191026
205420 , 464144 , 696326
-535762 , 457059 , -269965
-529444 , 28716 , -360453
-467337 , 322031 , -323929
-600507 , 140149 , -332852
193655 , -354970 , -440252
-43641.8 , -214836 , -293082
41760.6 , -261961 , 414477
-546655 , -410611 , -171996
629651 , 105883 , 789835
-351259 , 437723 , 570961
258661 , -923183 , 571062
-43544.1 , 424807 , -507070
-164572 , -851905 , -315587
100892 , 473702 , -267508
802603 , 623960 , 211117
381500 , -695689 , 323997
-252038 , -180759 , -997158
243870 , -312459 , 292489
685748 , -827198 , -727650
-121260 , 639675 , 109422
516298 , 104735 , -511078
-550193 , -101840 , 382464
-83106.7 , -588681 , 468799
-51578.5 , 533562 , 475640
914975 , -123553 , -193935
502056 , 348536 , -460218
-517482 , 341711 , -444423
-850038 , -561139 , 397733
-50866.7 , 499342 , -858726
-214282 , -828504 , 635729
696185 , -483301 , -92202.2
143455 , -297099 , 431252
687475 , -368288 , 122675
114495 , -653889 , 452174
-735157 , -233677 , -25715.5
-517431 , 326094 , 256990
40283 , -455313 , -581831
-60960.2 , -116255 , -739420
-559590 , -329144 , -71857.4
-145233 , 206664 , -513799
-112751 , -358943 , 266980
104608 , -446874 , 508266
440181 , -281698 , -120364
77246.9 , -576708 , 136039
431658 , -536886 , -74371.1
-179370 , 173827 , -395818
272354 , 198120 , 448922
92143.4 , -138723 , -907966
495202 , -422469 , -443399
590728 , 335397 , -751521
-662316 , -63254.3 , 174875
496385 , 694808 , 913867
292218 , 1.16742e+06 , -225697
-900590 , -156368 , -89001.4
-353610 , 1.16882e+06 , -267710
285082 , 856332 , -6851.03
-331120 , 618100 , -314611
478456 , 1.00775e+06 , -326595
521963 , -437654 , -110764
88285.4 , 103482 , -327070
-425331 , 702998 , 261343
161726 , -685181 , 283057
-152860 , -539268 , 424787
-602303 , 422653 , -71223.3
556573 , -313368 , 907079
522965 , 371450 , -214231
262986 , -172519 , -246036
514328 , -588533 , 545116
571917 , -267784 , 241726
-709131 , -646985 , 281387
136849 , -566135 , -204541
438387 , 265946 , 778764
567042 , -759788 , 313447
-847628 , -450438 , -330310
225109 , -374826 , 93865.2
-671480 , 363304 , -128184
343884 , -132094 , 279374
939223 , 266094 , -505646
901905 , 690724 , -96260.7
-167742 , 695167 , 414598
27257.8 , -277716 , 6774.57
390242 , -506533 , -297732
-43532.9 , 384373 , -105447
-449516 , -294877 , 305933
766228 , -309455 , 360375
-781809 , 27533.9 , -25819.5
-661835 , -223307 , 261994
278420 , -52467 , 672993
-603653 , -487024 , -590817
-591216 , 323550 , -715636
452382 , -555541 , -447492
-955236 , -628821 , 221841
799009 , 7418.75 , 718326
138821 , -1.08903e+06 , 382474
-313140 , -471808 , -372557
388554 , -262125 , 888549
400398 , 36195.1 , 516690
37073.5 , 444537 , 143645
-230602 , -629592 , -596661
153303 , -26779.7 , 521196
-100215 , -1.00309e+06 , -4202.25
-186651 , -397733 , 627880
-558673 , 163723 , 690913
-902961 , -640705 , -199090
-311969 , -533147 , 565491
-479658 , 130511 , 487920
31741.4 , 429763 , -233879
394627 , -825088 , 500270
-22113.3 , -697817 , -162386
21374.9 , 614197 , -448401
-646391 , -502677 , 323731
582794 , 201817 , 1.01243e+06
-495155 , 652570 , 1.0167e+06
156701 , -362297 , -9018.78
-496304 , -453528 , 510052
-675476 , 846084 , -37314.3
495125 , 242310 , -961953
187319 , -250274 , 212116
3844.32 , -313270 , -136265
-59710.5 , 217467 , -107738
463446 , -674451 , 613951
-95587.1 , -472285 , 862814
-142007 , -24725.5 , -472483
48343.8 , -440334 , 27173.6
-284009 , -508510 , 109851
-742624 , 302680 , -277704
70089.9 , -548783 , -449730
152190 , -283585 , -419777
459594 , 399804 , 534960
-909903 , 326699 , -423403
-290784 , -537426 , 58259.7
-82666 , -390376 , 612008
-794199 , -138554 , -186295
241602 , -105336 , -910568
-450003 , -264819 , -291320
165495 , -228797 , 216432
-273510 , -604989 , 689361
-150779 , -760470 , -107179
-450664 , 625861 , -479725
-848594 , -61525.9 , 659996
691520 , 652532 , 414875
292512 , 195193 , -270090
-375865 , 337413 , -969253
331685 , -837441 , -144124
-397868 , 72636.3 , 665645
-630512 , 10780.7 , -241717
452533 , 245138 , -414009
273928 , -135278 , 377689
-489374 , -74216.8 , 287484
641676 , 27933.1 , 492369
420540 , -379986 , 610748
275348 , 451207 , 133824
236.192 , -64223.1 , -280994
798768 , -271874 , 73741.6
136424 , -870483 , 355294
-213816 , 262496 , 542901
-384143 , -701174 , 197200
-101604 , 143467 , 77742.8
842720 , 24514.9 , 446816
124214 , 32055.2 , 726043
-202417 , -670542 , 415489
386438 , 529420 , -126693
157702 , 465429 , -580185
362808 , 893958 , 115841
-56130.1 , -11091.2 , -321439
406520 , 961324 , -205781
4446.34 , 676073 , 332734
-859011 , -239762 , 573090
-618194 , 548233 , -100603
102412 , -546927 , -435892
83453.4 , -129542 , 648580
13619.7 , 862550 , 256215
-270371 , -163835 , -221733
144217 , -762094 , -378587
701298 , -45973.1 , 553665
125888 , 398420 , 798087
-208818 , 476936 , 461641
-751483 , -196838 , 142551
63278.3 , -218960 , 95239.4
-153163 , -465328 , -125791
-638772 , -532515 , 74755
179345 , 399923 , -547392
24510.1 , 313960 , 1.06957e+06
-394375 , -1.01743e+06 , 15602.3
-552436 , -230926 , 977507
-276475 , -550695 , 7492.51
-216157 , -672157 , -285071
150766 , 696098 , -402082
-382866 , 985770 , 262082
817822 , 84048.2 , 567895
-22602 , -357399 , 141479
652000 , 24959 , -364726
-433449 , -81041 , -316745
-685711 , -385233 , -324181
-192489 , 627777 , 198719
174446 , -162796 , 382431
-110734 , -72919.9 , -608647
-1.05888e+06 , -800611 , 246420
-113664 , 84368.4 , -31269.3
794325 , -114979 , 481145
-2407.07 , 55927.9 , -1.05887e+06
-481321 , -732868 , -545703
-151663 , -657022 , 968280
-66611.9 , -535499 , 625066
222766 , 436759 , 123685
548476 , -548811 , -125022
-62190.6 , -681041 , -8535.37
157295 , -832588 , 407145
873015 , 489426 , 15212
-333491 , -860306 , 635596
211632 , 470707 , -170905
-284975 , -467492 , 851653
-607030 , 269914 , 524057
65189.7 , -147351 , 99677.7
-297508 , -6670.22 , -295414
415944 , 210229 , -449527
-934300 , 211465 , -79508.3
-258726 , 936653 , 99999.2
142502 , 69752.6 , 312195
-192580 , 687430 , -590997
426670 , 183424 , 307226
378617 , 343109 , 609113
-529891 , 989512 , -277127
497237 , -114323 , 488650
-15946.7 , -722825 , 556391
231284 , -58868.2 , 545014
-345744 , 773783 , 110606
266531 , 166578 , -991766
-327231 , 66726.8 , 751350
651231 , -288329 , 204281
-505743 , 718433 , 642071
-454902 , -309953 , 88376.9
544939 , 528803 , 61030.9
450038 , -448796 , -475351
817639 , 63247.9 , 277010
-461339 , 100583 , 293531
-42581.5 , -754693 , -131213
45668.7 , 943239 , 264085
412864 , -208374 , -642959
291363 , -834969 , 486135
143455 , 34103.5 , 144854
-209380 , 694262 , 50079.1
-61672.6 , -89587.4 , 513154
665305 , -552910 , -598717
-202155 , -806226 , 139980
739325 , -360919 , 187605
766242 , 419756 , -78866.5
820968 , 667675 , -76876.2
304814 , 298363 , 429668
94730.6 , 720633 , -469132
-300897 , 529222 , -543760
650531 , 325482 , -61327.4
-406065 , -330115 , 233180
489079 , -767990 , -155674
-614387 , -542411 , -165777
-603412 , -478751 , -159518
-169002 , -183336 , -836080
-658303 , -647301 , 399051
412089 , 424204 , -468561
-435541 , 286814 , 580416
448364 , 513896 , 577669
601584 , -536960 , 533169
-537578 , 123270 , -729619
13595 , -18618.8 , -382472
121121 , 355297 , -878532
227781 , -1.00505e+06 , 480313
158122 , 744287 , 484300
-472615 , 122962 , 63935.4
-610842 , -428657 , -368628
361955 , 584650 , 200147
40743.1 , -704367 , 185662
-32931.1 , 154721 , -86145.5
-564237 , 236828 , -529353
159415 , -271713 , -74196.9
401424 , 21044.4 , -81304.1
-121630 , -21499.6 , -881071
-514577 , -810376 , -565711
-541430 , -507471 , 104295
208948 , -105419 , 52294.8
-361681 , 83460.5 , 166739
513992 , -404629 , 567277
-907008 , -455970 , -162034
185549 , -961721 , -388656
440792 , -493008 , -4592.91
-270566 , -638274 , -111825
-332697 , 158303 , 489229
-7840.95 , 610207 , -87538.7
332031 , 149013 , -151691
932050 , 179395 , -222165
-384259 , -856184 , 261926
378175 , -718275 , 430601
-725420 , 703424 , -285621
-564199 , 507771 , -274786
-133451 , -184240 , 92946
77521.8 , -19000.6 , 461299
-783312 , -607429 , 566042
373114 , 229470 , -41420.7
648384 , 251649 , -512786
-170730 , 388523 , -504094
265058 , -687836 , 184667
-710364 , 398329 , -442117
-851400 , 599974 , 60521.4
-429470 , 228814 , -522618
257217 , -256511 , 261842
-527974 , 247322 , -151282
-508064 , 513667 , 24749.4
-243432 , -127959 , -298098
426945 , -808590 , 312116
-434028 , 277673 , 107778
-110273 , -839634 , 231630
41454.5 , -109117 , 651976
-192442 , -324457 , 269569
93071.1 , 256532 , -591721
-45376.1 , 80488.6 , 746051
785705 , 109686 , -29712.5
473551 , -150780 , 530598
135542 , 603048 , 66427.1
-546045 , 320023 , 65902.3
238961 , -345954 , -200740
-666291 , 618887 , 28382.2
223871 , 263848 , 137534
118572 , 542800 , 442534
66306.5 , -971275 , -277611
463378 , 262933 , 518492
55299.1 , -130885 , 122219
60584.1 , 677447 , -200170
-698760 , -789811 , -381796
-783369 , 369368 , 78510.5
277673 , 617336 , 1328.83
-893285 , 654478 , -150914
107350 , -338466 , 143184
-204700 , -336100 , -178614
740883 , 525090 , -177060
-148915 , -117136 , 539714
515143 , 722174 , -427977
-227404 , 162537 , 699498
-664095 , -438344 , -13402.9
544265 , -48306.2 , 381114
464735 , -77313.1 , -535340
-470579 , -29184.2 , 517111
942787 , -517755 , -177081
-40842.1 , 167461 , -184681
-101688 , 653526 , 361185
359867 , 576594 , 707689
-193981 , -825084 , 63970.3
965767 , 44075.3 , 428526
59636 , -569114 , -935934
-131659 , -23991.6 , 267689
607938 , -302042 , 108101
260502 , 764756 , 465218
16981 , -225217 , -452775
-273219 , 406120 , 190423
748094 , 30385.5 , 411894
183072 , -200023 , 1.20324e+06
51114.7 , -142839 , 898319
-504827 , 318734 , 401607
-211800 , -701441 , 45360.3
724478 , 517753 , -53120.9
371444 , 164313 , 322986
-905992 , 455499 , 374987
-511761 , 299222 , -94053.3
-488104 , -163008 , -85542.7
187069 , -175860 , -514527
809851 , 363390 , -17385.7
329217 , 3706.07 , -314180
-338375 , -576864 , 287710
-664759 , 607751 , -578977
-159642 , 57783.6 , -548094
486509 , -418205 , -191202
378163 , 634047 , 361788
248751 , 444025 , 926329
-163215 , -153255 , 55528.4
-514654 , 185672 , 294519
-318850 , -668560 , -403250
272152 , 332059 , 347703
150657 , 746094 , 380425
105338 , 617529 , -372481
-446031 , 308278 , -654182
-58712.6 , -1.04428e+06 , 667628
843977 , 33144.9 , -329924
-117628 , -419044 , 370992
-563317 , 310063 , 207659
-887828 , -209503 , -239663
-78823.7 , 1162.61 , -13384
208087 , -922221 , -298847
-442421 , 65147.7 , -251383
-268529 , -100907 , -414808
295111 , -96365.1 , -4843.28
-139788 , 131997 , 881956
51797.5 , -448232 , 628111
-184264 , 242050 , 619295
417305 , 168490 , 109483
-858727 , -502343 , 61402
-379555 , 354964 , -967848
-328963 , 56510.9 , 516331
242107 , -441696 , -231634
-746930 , -1.00843e+06 , -153786
51320.4 , 751780 , 149653
-183706 , 368194 , 848286
-339488 , 49554.3 , 324876
3950.03 , -38982.3 , 474572
461959 , -774231 , 395486
-664739 , -528477 , -691692
-614135 , 627019 , -385629
-51093.2 , 921934 , -8036.9
-141985 , -107204 , 21562.6
522338 , 373828 , -406207
131625 , 250264 , -211816
326991 , -178122 , -946954
-298693 , 794765 , -335812
41564.3 , -124112 , -409973
-118404 , 184370 , 392855
-482981 , -344766 , 494854
143645 , -727749 , -115122
465404 , 379593 , -244387
177976 , 261511 , 359405
-762393 , -640326 , 360500
-86089.9 , 503197 , 192584
84137.6 , -329566 , 325746
357243 , -377858 , 229226
-499178 , 473491 , -828624
188848 , -161507 , 426831
-817216 , -74555.4 , 303264
125797 , 170230 , 72383.9
-785479 , -459051 , -406065
462642 , 363352 , 257745
434332 , 286099 , -131149
1.03179e+06 , 642034 , -118028
132378 , -427272 , 19049.5
-3777.08 , 115598 , 590239
-753613 , -15263.1 , -217325
250537 , -182120 , 304545
535260 , -226783 , 257713
258135 , -562267 , -475081
-323590 , -885918 , -414502
-384203 , -256140 , -88983.1
-107395 , 289190 , 53731
293020 , -217616 , -188582
-305606 , 959001 , 105847
289316 , 410142 , -55654.5
188098 , 67100.9 , 524208
703318 , 367929 , -413923
516957 , 553520 , 363511
-204074 , -142383 , 625636
-689312 , 498027 , 58524.4
596247 , -274324 , 253817
72026.4 , -712557 , 478223
167421 , -176455 , 26028.4
636349 , 304587 , 742536
197719 , 122293 , 543748
-306872 , -210256 , 670782
-464986 , 756110 , 488936
752356 , 175969 , -704643
402303 , -313655 , -167852
-135739 , 144385 , 562638
-804491 , 57450 , -113866
-144245 , 614098 , -443094
489561 , 213859 , -339211
580421 , 215803 , 990824
-154100 , 245630 , -931894
-1.1995e+06 , -559804 , 56900.2
-263635 , -242725 , -448012
673915 , 483801 , -156628
734731 , 318080 , -43107
-731908 , -380321 , 303860
918500 , 77135.4 , 640070
539161 , 218663 , 542570
-639759 , -181066 , 73937.3
-382386 , -372263 , -492786
-570706 , 149715 , 282526
323735 , 134203 , 176843
-776712 , -125943 , -443651
-79335.6 , 70301.4 , -147244
992962 , 78312.1 , 74898.4
-469575 , -144264 , -91415.2
-223916 , -281699 , 517121
-566726 , 546552 , -515620
149613 , -118361 , -445269
-683987 , -37963.8 , -439180
1.2247e+06 , -205125 , -193500
-242650 , 387872 , 487928
-128222 , -146742 , 795133
-835761 , -175832 , 261786
505814 , -618900 , 16369.7
-136982 , -322125 , 19017.5
559671 , -37948.6 , -2324.35
-700216 , 83334.4 , -233743
-147714 , -311801 , 860629
-179250 , 1.05456e+06 , -11107.5
100671 , 200735 , 265946
-135521 , -306147 , 516167
180818 , -260577 , -657285
-272316 , 37595.3 , -627050
580550 , 596533 , 606440
507091 , -43676.7 , -214360
367513 , 218396 , -27799
-312771 , 628345 , 947177
688470 , -532830 , -94317.7
48683.6 , -34797.9 , 743430
-904232 , 96835.8 , 394820
100908 , -78850.7 , -44816.1
-592172 , -313715 , 806633
120085 , 1.03626e+06 , -179167
621439 , -915957 , -180006
-907682 , 276451 , 295217
-685000 , -626295 , 94198.4
380616 , 458484 , 80118.3
-341144 , 323022 , 315179
-705027 , -385761 , -89004.7
-88037.2 , 547135 , -469002
-67433.1 , 761989 , 49266.2
-47768.4 , -14654.4 , -398890
-38621.2 , -20054.7 , -496528
169646 , -733539 , 418586
941286 , 312593 , 185156
-82067.1 , -219911 , -15608
-47460.4 , -324004 , 695955
224215 , -1.10221e+06 , -289819
483306 , -224892 , 123053
946913 , 325098 , 341123
-11222.4 , 699696 , 42124.7
-285054 , 586217 , 769154
413936 , 741885 , 135780
-116751 , -809334 , -458722
-712805 , 57124.8 , 299628
39672.9 , 876403 , -234986
255714 , 812525 , -495698
-427046 , -27325.4 , -30372.4
178164 , 76938.3 , 656092
-451347 , -639409 , -457944
554638 , 310578 , -463326
-89203 , 390962 , -342665
87591.4 , 410230 , -227130
-413635 , -171828 , -679890
-512347 , -78985.6 , 565863
-41480.4 , -212620 , 43018.3
-546857 , 34931.6 , -427597
131974 , 564714 , -713288
-616131 , 482477 , -313682
182671 , -193866 , 471706
-418960 , 126772 , 817784
104084 , 276864 , 377938
109721 , 471285 , -673406
224970 , -319542 , -780574
-579250 , -257099 , 556346
668245 , -36212.1 , 605294
-714041 , -62412.5 , -487904
-91973.5 , -113663 , -215089
-101887 , 405612 , -564306
-13678.7 , -248994 , 587403
144531 , -711777 , -229020
926978 , -154148 , 202278
-460540 , -25860.3 , 541256
-147787 , -518120 , 606987
-216086 , -398509 , 77600.7
-391527 , -347380 , 568311
-8762.15 , 57844.9 , -2144.3
25799.4 , 582492 , -26395.3
15025.5 , -699234 , -469981
-51525.2 , -49135.5 , -273212
-151581 , 687528 , 82169.7
193369 , -134071 , 196952
-858578 , -813970 , 457238
-584504 , -81292.2 , 540665
350450 , 175397 , -227783
611751 , -174950 , 402023
-402392 , -207305 , 761902
315794 , 221412 , 593284
-445616 , 272686 , -837268
366888 , 164737 , 464674
432465 , 539989 , 504401
903101 , 146986 , 165310
252737 , -679293 , -75562.1
-181312 , -43620.6 , 218105
-277970 , -12219.9 , -999065
177826 , 34877.7 , -229796
504030 , -353790 , -890322
-289872 , 463507 , 688570
-250138 , 922225 , -59037.1
6752.52 , 374981 , 255451
677928 , 415603 , -328960
181469 , 75244.7 , -65044.6
119982 , 344309 , -171465
-868504 , -127990 , -109651
-390625 , 97020.3 , 147239
-107098 , -155421 , -362426
235874 , -428078 , -531133
242184 , -245297 , 117085
145713 , -144361 , -513908
577653 , -40975.1 , -349975
709451 , -65769.5 , -388371
78897.6 , 405913 , -316447
-216078 , -364239 , -706488
-739027 , -688.31 , -271402
339038 , 419984 , 826432
-482155 , -22926.5 , 147265
-166228 , 518051 , 309987
209198 , 516839 , 273406
-2470.01 , -473710 , 442338
387652 , 75911.2 , 180419
180034 , 467336 , 148070
-704932 , -200199 , 447870
-499517 , -122948 , -147070
-491252 , -251132 , 212775
-520788 , -428803 , 62150.3
1.023e+06 , -74432.4 , 162995
-310789 , -509630 , 137814
601855 , 790763 , -503720
-592850 , 501784 , 314463
592879 , 654140 , -359139
-256463 , -493201 , 385227
74435.8 , 461256 , -481570
-707000 , -133374 , 6939.13
-338855 , -350357 , 500869
-546523 , 37870.7 , -137937
-69991 , 632655 , 73925.3
34742.9 , 1.01097e+06 , -22054.9
804777 , -62971.7 , 405727
-934375 , 582565 , 258678
570132 , 71453.6 , -373359
-331768 , 343905 , 478126
-303459 , 357580 , -537522
-171765 , 945811 , 364908
-22789.3 , -10860.6 , -457160
453831 , -551494 , 338900
-121993 , 675784 , -527323
350162 , 62644.8 , -903674
77798.3 , 460086 , -932303
-136900 , 344664 , 681676
-33081.2 , 774982 , 153438
-509847 , -809529 , 55908.5
-729278 , 463976 , 483582
776559 , -150440 , -492887
320415 , -632674 , -393043
792484 , -539627 , 37630
900422 , 479247 , -18876.3
210415 , 503792 , -129862
-607093 , 592370 , -137642
190348 , -272488 , 683979
-411465 , 564208 , 274426
-814450 , -361039 , 164503
-242341 , -368806 , 318240
-284449 , 318406 , 223726
-416792 , -150128 , 856574
-84442.5 , -612343 , 341732
850876 , -377727 , 113967
79432.9 , 123871 , 236920
578521 , 785011 , -425680
-43104.5 , -207386 , -439742
-244228 , -526401 , 287496
-7463.26 , -631290 , -508507
243924 , 806090 , -4963.53
-1.0131e+06 , 4406.73 , 205417
-83707 , 601915 , 255953
134301 , 387754 , -330255
688716 , 84108.9 , 14045.7
99963.6 , 586594 , -120009
35077 , -54923.4 , -562695
82633.1 , 599230 , 540609
-299534 , 283173 , -260162
-172023 , 163214 , -191316
-363727 , -26830.7 , -29074.7
-454700 , -699413 , 241720
-621286 , -469775 , 107389
402357 , 198849 , 369660
-462574 , -137296 , -271370
-257908 , 566414 , 530227
636414 , -122838 , -116008
-355666 , -244653 , 1.17438e+06
406410 , -939694 , -107675
152079 , -242313 , -91030.4
196893 , -116656 , 836974
-20743 , -436480 , 847865
-225442 , -548583 , 910703
-57481.5 , -122497 , -287151
-223719 , -243833 , 271208
-560101 , 525929 , 386112
486303 , -466712 , -435444
612329 , 352032 , -585338
658605 , 514375 , 629078
558095 , 529097 , 28410.3
827863 , -284183 , -112911
-49401.8 , 1.18164e+06 , -24559.6
366927 , 330165 , -358146
-21827.9 , -567278 , 268145
-314879 , 488965 , 65612.6
-1.0048e+06 , -298635 , -235190
-250254 , -403045 , -532957
459293 , 234645 , 600653
-347274 , 21642.5 , -524838
-300909 , -409104 , -184007
68441.1 , -433836 , 780421
568417 , -664442 , -586872
-586466 , 80254.1 , 449163
-4199.34 , -325791 , 260277
-187587 , -359740 , 306450
-387987 , 2199.31 , -583632
-407522 , -694944 , -298057
544408 , -323719 , -289552
614047 , -449334 , -361686
-706850 , 470011 , 242864
-873523 , -325885 , -759145
-506865 , -551642 , 38945.2
829951 , -107616 , -127927
490907 , -388660 , -140608
-475968 , -389524 , 298520
356745 , -320734 , -103987
36371.8 , 97006.1 , -316687
-594362 , 476504 , 720265
560768 , -281963 , -873211
35936.3 , -556797 , 212362
-363052 , 381781 , 184561
-886095 , -731914 , 102831
-625771 , 327357 , 361925
-544575 , -9490.18 , 24320.7
-33113.3 , -565662 , -588898
231113 , -441038 , -25939.8
519248 , 285510 , -205181
381697 , 17395.7 , -390629
450750 , 151873 , -78619.2
179961 , 68689.6 , -99664.6
332993 , 343303 , 482438
-511331 , 152732 , -587633
190378 , -126159 , -455892
260570 , 286591 , 556856
795139 , 336495 , 112633
398100 , 271914 , -847106
447707 , -736247 , 65483.9
395313 , 622818 , 687701
389617 , 495642 , 432668
-504316 , 736676 , -291681
-201101 , 621343 , -126787
-860034 , -324079 , 65251.1
831254 , -135582 , -61386.5
-532725 , -451272 , -437425
-193204 , -735945 , 605634
-214834 , -777323 , 400117
234342 , -419779 , 203283
-109294 , -552983 , -172840
268709 , -29202.8 , -423805
836775 , 496051 , 89792.5
89737.6 , 47707.5 , 305679
57683.1 , -247905 , -809383
-639230 , -249528 , -19955.4
-525762 , 390440 , -606945
-335075 , 417567 , -63800.5
-489331 , 108490 , 543243
-47648.7 , -296626 , 868994
-480823 , -111571 , -369119
113667 , -828190 , 505139
97231.3 , 339012 , 512651
330930 , -228551 , -692162
365110 , -197752 , -51777.1
454887 , 304114 , -142429
341061 , -40839 , -548147
-250352 , -436634 , -611976
282826 , 320068 , 504782
-586532 , -495900 , 108894
877667 , -497003 , -460541
-186153 , -523208 , -281403
322421 , -471460 , -19072.5
822326 , -325612 , 402777
696049 , -376395 , 180995
-553914 , -750105 , 302249
345210 , 786787 , -213693
-94684.9 , 643625 , -536534
-371624 , 578287 , 1.00472e+06
188881 , 444359 , 465553
354771 , 428036 , 222953
342785 , 158648 , 526955
753988 , 177468 , 245286
129279 , -373697 , -572881
273152 , 118169 , -1.09985e+06
1.25205e+06 , 78265.1 , -3891.04
61235.8 , 103515 , 337546
-596466 , 297450 , 653065
104393 , 54746.5 , 369124
90747 , -519564 , -246961
-712683 , 373033 , 907655
-788987 , -90026.6 , 249259
61824.4 , -42774.9 , 15776.9
648473 , 259717 , 134937
580816 , -186251 , 95549.2
-489573 , 991832 , -132817
154917 , -219303 , 323698
-436039 , 64079.7 , -196413
1.10221e+06 , 229208 , 46933.6
887484 , 337452 , 899420
261458 , -308794 , -890393
499768 , 676312 , 545579
1.1724e+06 , 55640.4 , 342270
107973 , -468363 , 497637
-722620 , 595829 , -315807
-282285 , 677580 , 216587
340331 , -124418 , 627855
-167255 , -826438 , -562362
-1.14158e+06 , 503012 , 298001
119251 , -1.09617e+06 , 383481
850660 , 152615 , 73227.6
37820 , 407601 , 168372
-235491 , 535017 , 157288
863098 , 485088 , 128195
56384.3 , -179543 , -86462.9
459231 , 642344 , -121967
192053 , -120875 , -273833
917055 , 275107 , 33020.3
-338994 , 284870 , 635205
308968 , -138.453 , 1.06557e+06
550562 , 431788 , 516256
216062 , -413347 , 126700
476097 , 555739 , 391124
-549739 , -1.10012e+06 , -61131.4
197049 , 415918 , -252379
-74373.6 , 416184 , 768441
471039 , 114780 , -882634
-289096 , 801570 , 931747
475401 , 296212 , -630729
-372649 , -8516.28 , 90899.3
-923005 , 365175 , 256724
725339 , -282523 , -126605
-228354 , -335131 , 677675
-307966 , -274218 , -115789
226070 , -898208 , 77938.3
388508 , 131887 , -896972
659976 , 336295 , -402146
-225798 , 577265 , 417998
-730281 , -722157 , 120777
352821 , -171141 , -689903
-68800.4 , -569317 , 244630
-116356 , -668694 , -26683.6
263193 , 662038 , 830203
477252 , -283455 , -262599
574160 , 297452 , -666670
-754835 , 106670 , 53807.8
-382731 , -371331 , -590696
-94030.6 , -84213.2 , 503159
-506094 , 72934.3 , -519589
259439 , 159226 , -22802.9
572685 , 663775 , -139616
369036 , 943691 , 354116
-117257 , 120055 , 173097
-141001 , -720148 , -34670.8
-616575 , 555774 , 470450
-192899 , 212425 , -276022
114925 , -337336 , -596080
368936 , 216770 , 278597
-211253 , 129115 , 562662
712506 , -178340 , -619817
-313555 , 179006 , 644429
105804 , 188507 , 235383
-514986 , 162358 , -307705
172410 , -226657 , 590438
434194 , -434023 , 241731
-101537 , 1.03135e+06 , 485825
-572142 , -970788 , 212789
-387387 , -517624 , 217140
-75727.8 , -164426 , 704977
598816 , 139850 , -210276
301238 , 143724 , 513980
40524 , -804460 , -256772
777673 , 33510.2 , -293379
-240232 , 413663 , 219724
-75875.7 , 772259 , -326831
254133 , -22066.3 , -198413
-1.10867e+06 , -523007 , -703179
503047 , 433581 , -533676
30369.5 , -538186 , 226176
232675 , -606482 , 295620
-197420 , -345317 , -202657
-633119 , -64705.4 , -57732
-580388 , -627310 , 247565
68500.8 , -187488 , -276676
62570 , 1.05856e+06 , -396081
222460 , -290919 , -46952.5
-276307 , 801317 , 610888
-359546 , 399673 , 244221
-438468 , -325264 , 613325
23201.5 , 79269.8 , -457508
777669 , -169250 , -434412
-73999.2 , 142042 , 344009
-778971 , -316376 , 161446
-80652.8 , -955852 , 388409
-80601.3 , 23702.6 , 120757
-342684 , -17832.2 , 709035
260334 , 308963 , 935533
-543261 , 157261 , -136454
-106311 , -583073 , 562623
-63316.8 , 520650 , -13599.6
-146892 , 537205 , 255466
-389888 , -736064 , 120718
-351629 , 187096 , 587759
53653.5 , 1.1583e+06 , -461259
-126001 , -1.10238e+06 , 459303
227577 , -633200 , -230770
699790 , -664677 , -228108
96242.8 , -492868 , 118781
-252068 , 291711 , -539683
-294476 , 1.04251e+06 , 647218
64442.8 , -221305 , 498238
156256 , -374397 , 498265
-72532.9 , -84285.7 , -405202
-27925.2 , 143634 , 482360
-524456 , -236648 , 87353.2
-620558 , 384442 , 688445
29818.5 , 121382 , -274571
664957 , -211080 , -512011
973189 , 180506 , 283736
449547 , 51846 , 315197
235520 , 650721 , -453913
22906.1 , 516781 , 53040.3
496490 , 85651.7 , 224759
496007 , -304344 , 753178
81407.1 , -15158.9 , -84278.8
-339832 , -75595.3 , -602283
-809490 , 561495 , -113939
-160812 , 514920 , -89920.2
-478561 , 417621 , 519056
-393857 , -406847 , 26501.1
448347 , 599082 , 315148
-598719 , 172914 , -552733
-111327 , 333242 , 501445
-229091 , 664412 , 163912
416068 , 216554 , -525359
-452201 , 707326 , -476631
-186354 , -380748 , -280549
-910675 , 692149 , -46.8934
486298 , -120680 , 559240
-630034 , -363803 , 496121
-335257 , 98138.5 , 341565
-587244 , -271959 , -151336
413355 , 315304 , -80228.5
-115395 , -297308 , 473278
-254044 , -134756 , 731931
-626586 , 265787 , -506610
755549 , -207753 , 690049
890165 , 204245 , 130869
-184354 , -442548 , 67266.5
808056 , 169594 , -636099
15091.1 , 363726 , 709498
152004 , 811037 , -658667
-435045 , -860188 , -8682.38
-163460 , 46839 , 773534
-514539 , 408951 , 454274
231182 , -527247 , -313961
830183 , 323086 , -684916
-95254.9 , 313113 , 733987
-415859 , 3903.28 , -598814
-64104.4 , 431130 , -431508
-165957 , 308451 , -875997
623003 , -518061 , -683341
466930 , -32725.4 , 644532
966676 , 47581.1 , 2300.29
-179848 , 932498 , -258776
-1244.47 , -935904 , 92871.1
681579 , -735306 , 412361
66033.4 , -762724 , 278797
81899.6 , 187610 , -718274
128463 , -309326 , 16925.6
-155047 , 267491 , -613237
-495978 , 158936 , -821340
-275854 , -218270 , 109839
-547798 , -458968 , 671090
387396 , -808351 , 184028
94303.6 , -638313 , -846599
84431.7 , 482149 , -345676
-1.00539e+06 , 223875 , -164365
506845 , 295762 , 273769
1.05927e+06 , -6408.37 , 283471
-572330 , -889285 , 389335
-363442 , -440525 , 556633
-969482 , 201310 , -43748.3
-758256 , -583272 , -561921
510322 , 129585 , 382554
122033 , -1.16317e+06 , -102663
716644 , -537663 , 36813.7
210317 , 415180 , 192159
75892.8 , 308766 , 79606.9
-33282.6 , -600259 , 385517
642668 , 909160 , 60816.9
793778 , 84503.4 , -496861
-398821 , 410451 , -630325
57017.9 , -72737.2 , 152998
588484 , 552952 , -186386
-250004 , -909926 , 88150.6
-326198 , -558193 , -95493.1
-164873 , 720348 , 284526
-484132 , 149453 , 405803
-197448 , -400880 , 438101
109780 , 303258 , 490827
367207 , 659754 , 123345
588557 , -110452 , 631855
530394 , -34113.7 , 341734
126379 , 712227 , -455476
-408478 , -129669 , 783522
683744 , 101732 , 299932
322162 , -137576 , 216229
-957244 , -345578 , 122735
19573.6 , 185246 , -235550
-514248 , -496738 , -774830
-933074 , -228716 , 760633
274372 , -47936.2 , -522096
-180102 , 206377 , -523580
-622797 , -21542.3 , -121126
1.07775e+06 , 74460.6 , -150703
-832350 , -7697.61 , -71631
-452452 , 593274 , -28328.8
275588 , 684263 , 495127
375164 , -768879 , 295152
-291096 , 290481 , 868560
-278796 , -429443 , -436097
-529402 , 291568 , 804803
-524807 , 56129.3 , -735145
-73456.3 , -72373.9 , -451598
698612 , 461723 , -536451
33601.6 , -876963 , -254815
-57384.9 , 640578 , -234307
81238.1 , -30755.8 , -220730
700771 , 139678 , 551966
-908670 , -53700.8 , 715199
266248 , 279934 , -337501
-227094 , 233331 , 166879
89221.3 , 1.0787e+06 , -328520
44367.5 , 763402 , 411421
-559398 , 349957 , -614045
391249 , 739547 , 124332
-247426 , -350520 , 279705
-282675 , 114788 , -292178
39557.9 , 924066 , -204694
-76231.1 , -5862.21 , 69513.8
-259520 , 442592 , -908874
-869972 , 16583 , -22583.9
233973 , -587448 , 770857
101237 , 648458 , 536545
-569972 , 26324.7 , -339798
377856 , 783948 , 445216
-13643.7 , 115089 , -123626
-487494 , 240706 , 592847
98708.9 , 160366 , 872017
40249.1 , 367486 , -953472
1.01149e+06 , -61029.4 , -2421.99
185208 , 814982 , -429237
33829.2 , 303252 , -341514
-446774 , -625944 , 540096
-216080 , 291205 , -513154
14566.1 , 749436 , 36191.6
191379 , -702055 , 29770.5
-206809 , 799611 , 267763
638036 , -312557 , 230461
-108246 , -592362 , 97715.5
101937 , -98467.7 , -585356
-199761 , 886136 , 141199
509252 , -802792 , -21641.9
-693287 , 174782 , -406021
1.13695e+06 , 244547 , 207081
-90405.1 , 641099 , 763604
122774 , -145906 , -298854
496403 , 194509 , 91091.6
379946 , 261469 , -732880
-104045 , 649778 , 670980
381340 , -360982 , -386731
-1.07259e+06 , -61568.6 , 61685.8
204440 , -511007 , -240694
341503 , -816058 , -429491
233445 , 953913 , 452759
684785 , -369644 , -492242
219614 , -50933.8 , 665923
-543051 , 70079.7 , 40243.7
-92693.9 , -405973 , -34375.3
-926704 , -260553 , 158228
-794186 , -339008 , 191716
-712494 , -178741 , -539144
665945 , -574260 , -8239.05
764323 , -252081 , 201722
456818 , -849648 , 184312
-342165 , -627454 , 509370
294272 , -705347 , -469002
-467960 , 671642 , -275138
-312921 , -26316.7 , -230499
-184985 , -187856 , 682425
-28983.3 , 144424 , -187431
-12056.8 , 622419 , -709575
279499 , 827463 , -243487
-124422 , -686192 , -101707
107753 , 324446 , -760615
-276037 , -918647 , 436595
60509 , -138487 , -297918
604468 , -106127 , 324479
510186 , -217770 , 799364
-624351 , 930368 , -21279.3
439622 , 216292 , 68982.3
631562 , 158712 , -380082
643108 , -254766 , 219737
721977 , 479564 , 303590
653455 , -231537 , 792571
599031 , 286321 , -175923
443848 , -179140 , -557627
555424 , -419018 , -634709
-119951 , 390331 , -7979.56
-545750 , 89326.2 , -222458
242561 , -125013 , 387580
200415 , 225132 , -124683
692470 , 117802 , -291365
-425436 , 562396 , -40355.7
-498671 , 707840 , -75223.6
433454 , 135524 , 732910
376474 , -669527 , 209774
-5654.54 , -859790 , -226588
-618269 , 783861 , -96525.7
585647 , -793672 , -510817
-583721 , -377977 , -314890
-740045 , -473025 , -542532
-63017.8 , -448096 , 188086
242953 , -530203 , -528121
274601 , -238166 , 1.06087e+06
229721 , -667856 , 664756
-668060 , 592049 , 58791
396528 , -115397 , 149224
601539 , -756780 , -159606
950072 , 212607 , -319515
-1.11412e+06 , -25328.8 , -465464
-363560 , -229325 , 600942
-173731 , 537565 , 492076
649295 , -410382 , 38856.1
416272 , 198515 , 343962
301258 , -470309 , -575275
-278927 , 868464 , 360481
-395004 , 2824.81 , 208792
275706 , -871698 , 129046
527602 , -54943.7 , 180101
-589788 , 357248 , 462234
106814 , -617856 , 604992
902599 , -442486 , -155764
-804113 , 180658 , 147331
-343892 , 533288 , 522020
423605 , -473877 , 334532
-632497 , 399017 , -158316
19125.2 , -572134 , 347213
223244 , -454853 , 194620
-528647 , -338820 , 432143
21718.9 , -308354 , -133519
-658700 , 22369.4 , -233753
-185246 , 121620 , -338826
-38179.3 , 423661 , 155800
763808 , 465383 , -444158
-36164.3 , 225550 , -381176
287108 , 582270 , 271117
-805548 , 167294 , 156670
-143114 , 636275 , 444671
361631 , -247983 , 338513
295414 , -768889 , -391418
-260787 , -748245 , -247836
-318541 , 461342 , -833628
491457 , -148432 , -11724.8
-346625 , 291753 , 185962
272084 , -1.02658e+06 , 591618
67355.5 , -590563 , -759898
742300 , -264552 , 549555
549686 , -133847 , 576107
163780 , 466828 , 504404
-256861 , -192083 , -249945
742394 , -177084 , 69688.7
-380068 , 656390 , -113759
180158 , -706455 , -17761.3
-492268 , -485491 , 453950
1.09983e+06 , -82469.9 , -45284
-535290 , -979692 , 451601
-904636 , 467395 , -377278
-261580 , -289663 , -86931.8
-580188 , 372926 , -631190
-755832 , 168528 , 673999
609082 , 184292 , 629634
-108915 , 24588 , -186244
-346432 , 444246 , -578603
80300.5 , 196032 , -4653.41
260588 , 193242 , -900692
-546945 , 126998 , 417467
-565436 , -515868 , -273305
562571 , -106594 , 1.0805e+06
-281039 , 176071 , -379264
108313 , 521771 , 560298
-647640 , -141494 , 325792
-833407 , -370828 , -617088
-478863 , 379536 , 352566
-675675 , -240447 , 430685
-494681 , -47265.4 , 267816
914533 , -167676 , 121471
-674644 , 720237 , -420976
178898 , 556834 , 786084
-708854 , -136091 , -483948
-145708 , -420950 , 504797
-686309 , -484552 , -258050
-915928 , -370243 , -163543
-868596 , -484257 , 404967
-106818 , 217446 , -136334
-443670 , -155343 , -50420.6
123873 , -162543 , 221523
812672 , -147799 , -100504
-358818 , 131033 , 199673
-419695 , 318692 , 109265
-638425 , -674775 , 604254
214878 , -965812 , -280401
-259662 , -882975 , -157939
433094 , -96424.4 , 751019
-473878 , -308806 , 615923
-338565 , -366271 , -50045.2
-93465.1 , 438569 , 881902
-621976 , 732655 , 156741
887699 , 101139 , 613714
-397645 , -435522 , -332911
97853.1 , -288030 , 628221
181671 , -658134 , -336287
70302.6 , 976812 , -170392
-165871 , -519171 , -315896
-1.13969e+06 , 169453 , -150479
-457567 , -105108 , 851423
-310491 , -78817.5 , 854260
757379 , 187811 , 110168
437731 , 444268 , 304914
164480 , 229509 , 228794
691281 , -82697.6 , 707438
819189 , 235164 , -198813
-327239 , 244164 , -225023
648267 , 851634 , -2003.42
-153527 , -843232 , 370603
601982 , -578096 , 333420
-236495 , -168605 , -515485
48077.7 , 709860 , -632469
-267231 , -936415 , 204953
302324 , -415911 , 98118.6
-192733 , 375136 , 992050
398155 , 32608.6 , 432746
398336 , -121315 , 417672
730323 , -52585.1 , 203042
402792 , -80145.8 , 639637
-474070 , -570066 , 653354
-192764 , 104619 , 107475
176561 , -306958 , 559118
-265663 , 587886 , 259397
640461 , 344088 , -763275
-1.09269e+06 , -139839 , 372478
-296637 , 387815 , 592144
-160251 , 517666 , -13516.7
391424 , 108595 , -505996
963339 , -112342 , 259014
474724 , 63123.1 , -636983
-381521 , 155832 , 586935
-237221 , -80072.2 , 475058
299469 , -560305 , 500160
-41544.5 , -274824 , -434498
-346313 , 178533 , -245645
-73535.6 , -673993 , 267416
64416.2 , -48633 , 170756
-307821 , 73045.4 , 751600
124403 , -1.04028e+06 , -100085
507420 , 505341 , -179017
-688083 , -97255.1 , 255254
-73275.4 , -437520 , -213317
-351792 , 163096 , 266312
-1.07025e+06 , 120604 , -63974.1
-369254 , 439810 , 203127
192197 , 192505 , -376056
-569917 , 471263 , 518228
-686330 , 236218 , 478479
378401 , -497476 , 682772
873039 , 139219 , -108861
652463 , 257180 , 30178.7
-55275.6 , -32346.5 , -390278
-472603 , 647181 , -385510
196580 , 345713 , 436634
-839022 , -241668 , 815450
217804 , -527379 , 510422
-81085 , 437891 , 555986
-116922 , -482262 , 83147.7
-154568 , 686949 , -171762
585737 , -273243 , 91762.5
666071 , 374027 , 32780.5
-874681 , 212986 , 148634
-587657 , 181963 , 273815
-92511.9 , 234399 , 34957.8
336802 , 205203 , -281259
-906041 , -25874.9 , -440185
-520326 , 137743 , -22728.5
-559817 , -384101 , -581857
457001 , -893783 , 382748
145838 , 476729 , -326153
-1.04485e+06 , 362127 , -395161
-162180 , -211496 , 124601
-638077 , -115680 , -403912
-563776 , 366166 , 134286
448303 , 164984 , 820109
79287.9 , -318716 , -92418.4
577512 , 51338 , 336740
-268951 , -363970 , -500964
277812 , -609926 , -465039
-211745 , -381330 , -1.08153e+06
-383929 , -824376 , 504683
264638 , 640882 , -51190.5
-97920.2 , 1.01027e+06 , -32654.6
216677 , 306441 , -345629
-746641 , -769176 , -219453
-33344.4 , 9606.81 , -918057
-265112 , 606834 , 12221.8
9629.71 , -850251 , 468896
-72736.6 , -122567 , -241658
-99658.3 , 425456 , 210671
-250992 , 631036 , 644371
-772908 , 155064 , 418856
-70722.7 , 671739 , 402936
1.01603e+06 , -45296.7 , 111385
-328314 , 562512 , -194592
25663.6 , 36566.2 , -14755.3
-211160 , -797090 , -129964
738961 , -308050 , 788108
-344455 , 429689 , -14590.7
128980 , 893585 , -88604.2
-89897.8 , -215979 , -265577
949935 , -390970 , -177290
938478 , -281209 , 184566
666156 , -57641.3 , 525296
-691900 , -325450 , -157818
484646 , -739681 , 120812
622047 , -287212 , -648976
-593630 , -178252 , 488631
-165064 , -792972 , -670.001
487571 , 224328 , -89043.5
-14662.1 , 125300 , -882102
-536598 , -331195 , 4456.86
425034 , 15939.5 , -35878.3
-291999 , -929004 , 514618
620423 , 317571 , 469030
-115434 , 135943 , 140827
409237 , -108043 , -869681
-480846 , 7621.42 , 438247
-112423 , 275117 , 374137
4663.84 , 179254 , -300056
-55768.8 , -395748 , 12528.2
50436.1 , -450606 , -723698
-289703 , 512225 , 126898
-470634 , 626825 , -546125
-405663 , 40911.6 , 301871
-103769 , 820988 , -63453.7
170806 , -306883 , 375735
-109431 , 410889 , -482561
-466378 , -388797 , -727160
-718781 , 141111 , 588953
-483234 , 6010.82 , -2595.98
-982438 , 88811.7 , -106189
143309 , -191086 , 550176
-77957.9 , -840230 , 36493.7
-16560.6 , 49127 , -1.16346e+06
762021 , 283091 , 182852
-685821 , 8951.83 , 397733
-102973 , 383820 , 791185
-35387.5 , 208994 , -20433.3
-814725 , 80370.9 , 397729
-538575 , 785762 , -24710.5
25401.4 , 154391 , -12586.3
153220 , 243743 , 46330.2
-969951 , 222760 , 155098
-721170 , 136649 , -857961
888385 , -648400 , 200284
-648368 , 288769 , 530844
441607 , -876092 , -54617.6
507736 , -347369 , -196085
-139752 , 696996 , -403330
-638581 , 456655 , 639712
841415 , -841345 , 245411
-97505 , 234530 , 519422
-996557 , -3318.65 , 133540
148468 , -1.07851e+06 , -293001
314675 , 63425.9 , -869703
-263171 , -424846 , 499331
960184 , 155584 , -78153.2
157760 , 56752.9 , 342532
-180436 , -903296 , -681581
-103789 , -247472 , 407129
-144450 , 259317 , -386517
133547 , -376299 , -439339
-490103 , 463673 , -88102.9
109812 , -107345 , -505371
630223 , 686506 , 6391.27
166541 , 128468 , 749118
-130448 , 611773 , 145194
759136 , 345065 , 20824
-63580.6 , 444998 , 82958.6
848633 , -195665 , -501980
-142877 , -700758 , 53837.3
73197.5 , 340276 , 715392
-850396 , -270035 , 190122
565863 , 405150 , -469350
-190127 , -217928 , 625014
123468 , -81315.8 , -573360
-439873 , -328932 , 360321
342601 , -206996 , -83306.9
477466 , 536580 , -557503
289688 , -493574 , 785121
742849 , 241682 , 320798
134042 , -521785 , 557477
95803.9 , -100709 , 1.15396e+06
-666067 , -158484 , 497162
-18410.4 , 119240 , 211747
-87507.7 , -323366 , 321149
-1.02799e+06 , -319483 , 59725.1
-58140.3 , 164649 , -141999
90739.3 , -381574 , 876979
457753 , 421013 , 525884
-144405 , 156087 , -549696
-177358 , 168928 , 261933
-513637 , 770321 , -232602
-829545 , -454411 , -135779
782110 , -131257 , -529587
566931 , 828.101 , 545459
606422 , 46441.9 , -142578
168040 , 643192 , -207588
410021 , -640294 , -339560
-753142 , -551051 , -262018
-354532 , -116736 , -190677
628657 , -35954.2 , 200634
-127806 , -237716 , -278056
-7255.09 , -90797.7 , -203227
-153876 , -419773 , -360266
548526 , 612484 , 190792
571734 , -501514 , 427888
-351378 , 9471.57 , 410179
-111147 , 706599 , -100759
-280979 , 221934 , 633713
25125 , 790150 , 239761
486693 , 312862 , 241156
-703561 , 307167 , -288553
148986 , 101689 , -335789
-754010 , -690671 , 387895
-471375 , -134907 , -691870
525842 , 302711 , 354789
883404 , 20509.4 , 405634
-547196 , -183275 , -671070
598918 , 652597 , 697853
387376 , 11912.8 , -357958
-330977 , 341038 , 7977.58
-66447.5 , -379132 , -372757
207277 , -565728 , 243710
-238200 , -259068 , -364400
-380687 , 1.13621e+06 , 371481
-636692 , -402389 , -913657
367752 , -346159 , -97770.7
-451178 , 875317 , -179173
-496213 , 181860 , 236652
-121473 , -127022 , 486553
109136 , -789279 , -377252
-966033 , -209010 , -125905
2591.86 , 639994 , 390955
326721 , -706421 , -315482
468086 , -305336 , 140553
-549728 , -171831 , 1.08816e+06
-265778 , 20194.9 , 276416
-638672 , -713985 , -258204
900040 , -137685 , 287711
-63463.3 , 490929 , 197618
350130 , 420872 , -303907
30354.6 , 466038 , 309956
-215851 , -403887 , 358944
890418 , -221898 , 516880
340083 , -122472 , 249608
-543241 , -154765 , 264375
-245807 , 43990.4 , 34325.2
429635 , -434176 , -55682.7
-430533 , -77902.9 , 250696
727432 , 340914 , 50930.8
-168116 , 411443 , 161055
-677156 , 495313 , 532162
508344 , -254990 , 151226
-67707.5 , 508399 , 306587
-798372 , -660477 , -685783
-200240 , -254432 , -224817
283824 , 601695 , 680494
51281.2 , 540230 , -768640
323819 , -444716 , -660152
278417 , 400066 , -232785
-297047 , 596518 , -321932
806449 , 57247 , 183517
-582944 , 183077 , -550223
170412 , 395596 , -335063
269201 , -29163.2 , 138320
-374397 , -411378 , -337308
383226 , -683387 , -325279
726541 , 73398.3 , 236929
-367866 , 45174.7 , -580096
220459 , -23499.9 , 239562
1.00218e+06 , 73938.2 , -461934
288693 , 304630 , -387074
-224090 , 105358 , 95462.7
-382042 , -242889 , 452493
-171113 , 795628 , -582965
333902 , 561944 , 456989
12906 , -27211.4 , 374964
57792.3 , 406274 , 113571
828317 , -373190 , 261887
-917824 , 114982 , 127774
-61630.2 , 5221.46 , 259816
682829 , -230329 , -222512
-43261.3 , 755300 , -364799
-135399 , -816718 , -259724
142710 , 275481 , -796443
-488704 , -481046 , 578357
-574236 , -486133 , -320042
199339 , 612629 , -361182
-761743 , 27328.8 , 68062.7
-588618 , 396311 , 450926
66199.5 , -784863 , -36227.1
334302 , -309794 , 988627
-130436 , 151591 , 498750
28008.3 , -35498.6 , 493648
440283 , -522840 , -361983
-297470 , -648330 , 345485
336818 , -216817 , -749977
-310530 , 623274 , -231293
-94331 , 361986 , 1.00804e+06
-876183 , -274370 , 277902
241584 , 489548 , -211686
239141 , -399847 , -158615
287059 , 854777 , 99544.9
1.0567e+06 , 494779 , 571727
-923263 , -194009 , -116264
-213150 , 237431 , 19675.9
169809 , 239437 , 883818
-256968 , -211429 , 474233
293959 , -286209 , 275247
-64870 , -244318 , 1.07574e+06
-963766 , 284892 , -244053
850143 , 304742 , 37642.9
548204 , 456382 , -360803
888007 , 799264 , 483754
-565514 , 871791 , -131467
-162741 , 159625 , -457303
908016 , 369240 , 171000
98960.1 , -672853 , 114784
928497 , -162179 , 327035
-208210 , -462882 , 588580
41622.4 , 233131 , 743041
156602 , -146821 , -4127.18
56368.1 , 54195.1 , 738336
-206894 , -305974 , 158513
381886 , -502778 , 54314.1
-341433 , -18720.3 , -487318
306643 , 553953 , 236245
284691 , -520437 , -49005
-402496 , -264964 , -301137
-583241 , 204106 , -459531
377836 , -408118 , 464074
14776.8 , -925108 , 375027
-635214 , -583489 , 449085
-319391 , 392080 , 349151
345775 , -151350 , 95472.8
71201.2 , 142325 , 1.21448e+06
-73514.9 , 175148 , -432710
354227 , 609329 , 457827
-190063 , 152362 , 811234
666431 , -570537 , 181258
-281161 , 875378 , 592668
293711 , 78623.5 , -640609
613233 , 441913 , -205274
-919498 , -10582.4 , 459300
7368.81 , -706156 , -344677
255076 , 304500 , 671624
-346214 , 1.0199e+06 , 323532
-352815 , 73663.3 , 826284
-929299 , 364706 , -351607
-15756 , 298710 , 718942
659526 , 415464 , -420602
-331424 , -486078 , 316781
572456 , -567385 , 210908
-411077 , -693158 , 214617
680124 , -746189 , 63561.1
123852 , 528506 , 168724
177627 , -699067 , 462642
488814 , -2588.73 , 491422
-161694 , 1.15611e+06 , -294888
444425 , 112544 , -531150
545219 , 550374 , 513193
-251056 , 706727 , -189262
-292179 , -318161 , -259773
-124675 , 858964 , -74585.4
-1147.31 , 357946 , -718331
475717 , 13660 , 509106
-610745 , 346144 , 519282
582634 , 290096 , 352084
554495 , 116788 , -392496
387370 , 674062 , 282737
509068 , 414879 , 194795
84525.3 , -494118 , 533117
-346774 , -338125 , -697401
-275289 , -525100 , -694812
19861.1 , 23924.2 , -811611
-529713 , 285951 , 194248
449707 , 622760 , 96101.4
389359 , -519290 , -366044
142816 , -289988 , -245008
-138829 , 584724 , 651161
-187261 , 411165 , 40080.9
-227538 , 90736.8 , -881730
-741596 , -309711 , 278782
-231603 , -170674 , 18458.2
-638747 , -286574 , 70620.5
-474143 , -260261 , -78510.3
377100 , -310903 , 107348
209486 , 407509 , 4894.73
116632 , 385471 , -239977
179806 , 43265.2 , -815245
-426826 , -522861 , -461740
115434 , 418058 , -125190
287375 , -538876 , 183173
309341 , -630038 , 25095.4
-722406 , 66154.9 , -220178
299771 , -531154 , 203817
466344 , -597212 , -842253
238538 , -198110 , -487674
893882 , 4447.49 , 409921
19358 , -508015 , 222648
870.679 , -792531 , 94022.6
321965 , -107772 , -559203
-601242 , 34178.9 , 566281
-243856 , 708370 , 415862
-39442.8 , 459420 , 501831
553187 , -367161 , -153072
802060 , 72493.8 , 78565.9
579276 , -916826 , 200694
-241072 , 272675 , -7209.77
-633217 , -207896 , -906398
-764126 , -436410 , 154946
229851 , 789410 , 5542.01
76011.2 , -150845 , -63087.1
-88829.3 , -431058 , 257959
437569 , -725693 , 647847
229822 , 733435 , 389547
38834.8 , -560930 , 421309
-772837 , 474988 , -652998
338763 , 529133 , 436314
-472355 , -148571 , -954.796
-47671.7 , 135062 , 238267
-116021 , 295685 , 460019
-375143 , -821555 , -567836
-314904 , -1.02818e+06 , 124964
-259069 , 714873 , -177538
-74336.5 , 719606 , 667778
579064 , -63174.7 , -208014
782210 , -369032 , -354979
-603603 , -303733 , 179294
-639415 , 290103 , 52034.9
524322 , 708039 , -438621
-407326 , -260065 , -133790
393100 , 256232 , -221565
-805301 , 288095 , 562934
-90180.9 , -536301 , 532709
-522312 , -415606 , -2463.95
-171225 , -706898 , 463998
-267162 , -626885 , -420064
-80699.3 , -44271.7 , 24889.4
147332 , 428104 , 318430
172034 , 426641 , -872992
-913465 , 134335 , 106048
-53892.9 , -991550 , 344484
484224 , -3820.83 , 709912
109804 , 493757 , -710802
-834127 , -78014.9 , 519239
-967017 , -609156 , 73447.7
53106.9 , -282067 , -530450
-438267 , -273358 , 261569
-376916 , -319124 , 899440
-235476 , 858172 , 68277.7
-309002 , -532524 , -32440.8
-594175 , -427210 , 553753
7366.92 , 234352 , 612975
118073 , 625866 , 278145
96801.6 , 74210.9 , 888929
-51907.8 , 383048 , 309224
-605146 , -824158 , -247693
-149722 , -411388 , -678640
77882.2 , 264236 , 327154
-599744 , -446128 , 422166
332767 , 6975.72 , 459885
-372393 , 138585 , 501812
-673084 , -215109 , 347046
-533192 , -15495.9 , -605962
739877 , -224395 , 184223
400731 , -453218 , -338879
72271.7 , -918343 , -307101
-10888.3 , 928046 , 397152
875965 , -357954 , -576612
-239754 , -289286 , 793523
-302864 , 534406 , 97088.7
217155 , 109092 , 67638.5
-139.561 , 180512 , 305221
-126763 , 420801 , -923404
-307174 , 402693 , 429877
616741 , 307223 , 112870
-756935 , 288383 , 271646
544273 , -109884 , -566456
-52858 , -591272 , 650228
-167951 , -587190 , 399390
-217312 , 821497 , -77612.2
-780551 , -46848.8 , -86324.2
539221 , 91930.3 , 446655
549502 , -431611 , -582864
-173116 , -527781 , -156201
-534302 , 626410 , 665988
162194 , 554213 , -778212
347274 , -4105.15 , 227040
173642 , -450438 , -524753
-609782 , 743206 , 645121
421322 , 34186.5 , 629382
1.04202e+06 , 139133 , -90466.5
588673 , 426826 , 335121
471343 , 12144.3 , 154350
-152028 , -126454 , 655716
-234468 , 575619 , -48529
-269105 , -278757 , 524239
-147948 , 143491 , -548712
997067 , -319074 , 450237
809092 , 127221 , 362895
394679 , 743972 , -79243.5
-221695 , 517986 , 256788
-484797 , 521915 , -116073
4870.4 , 159101 , -341784
36587 , 136667 , -659704
-590952 , -512740 , -5370.74
-144644 , 930017 , 285489
385811 , -163144 , -818946
-126878 , 436125 , 195677
-946403 , -291261 , 212849
-272474 , -642918 , -331072
861993 , 277792 , 10400.6
63151.8 , 519456 , 759998
67464.1 , -213515 , -598548
503019 , -111385 , 472765
-625084 , 74535.3 , 77102.6
-571299 , 573768 , -474100
447226 , 385499 , -341779
-396135 , -62344 , 165466
411009 , 288275 , -635371
-489200 , 295006 , 100417
123492 , 110436 , 13145.8
580174 , 526850 , -241329
75497.1 , 115474 , 501326
323899 , 349420 , -95394.4
540453 , 644273 , 151100
327728 , -144403 , -145501
-508195 , -416109 , 179045
327308 , -331749 , -708731
828461 , -385731 , 453174
180354 , -207202 , -346024
-139507 , -151655 , -486956
-625721 , 539051 , 135765
485938 , 314420 , 297489
-512416 , 782215 , 269039
421373 , 322120 , 227792
87835.9 , -149860 , -491486
-125565 , -30091.4 , 274755
250126 , 36600 , 913842
-340087 , 131018 , 483261
-561881 , 377290 , -360982
-411929 , -330188 , -202257
361756 , -386133 , -607190
56892 , 231812 , 691351
-409229 , -81476.1 , 714624
373866 , -599181 , 94796.2
435423 , 122908 , -416938
243096 , 112556 , 796803
497711 , 204562 , -64676.6
197375 , 390529 , 342401
51702.5 , -266559 , -648996
372440 , -17032.4 , 2891.42
-219420 , 28020.1 , 98605.2
890364 , -659719 , 85019.6
-764850 , 383558 , -76271.2
297841 , 753233 , 124202
748168 , 290534 , 553603
316430 , 346715 , -40698.8
-403514 , -553510 , 231789
-714043 , -161494 , 498430
350064 , 305970 , 898755
-104390 , -399058 , 866868
-438015 , -316069 , -65207.4
246216 , 436034 , -156505
235178 , -198347 , 634680
-198564 , 957019 , -117553
345623 , -43233.8 , -159826
-190288 , 206134 , 553361
471948 , -17411.3 , 692805
-317887 , 652475 , -367876
218998 , -95419.9 , 741790
131765 , 35254.6 , 786142
-252722 , 896396 , -35361.2
280796 , 32655.5 , -586752
-350093 , -332430 , 414474
-346191 , -508770 , 631863
429805 , -281946 , 154035
973243 , -302830 , -299787
19246.7 , 7290.44 , 360240
62631.3 , -563212 , 250929
258266 , -341850 , -7911.59
675416 , -674704 , 175696
619407 , 125025 , -43445.8
717321 , -463550 , 428241
92930.2 , -142040 , -732355
267467 , -447746 , 321026
-31239.3 , 665961 , -442044
70989.2 , -185464 , -677778
265939 , -539942 , -388290
-347607 , -645770 , -176641
-104531 , 19376.6 , -675869
371110 , 263434 , 273143
278173 , -500559 , 520308
252695 , 654955 , 370645
234661 , -25880 , 436018
-67462.8 , -1.01011e+06 , -696649
-44527.3 , -255277 , -97972.7
-619315 , 603791 , 824944
-314642 , 110217 , 226088
297924 , -167671 , 157222
-343962 , 672280 , -221969
952219 , -219530 , 53810.4
-131469 , 597498 , -181108
-619317 , 560298 , -406170
76998.2 , -596540 , -242074
473360 , 715341 , -486763
-154127 , 356785 , -74192.3
-621677 , 703483 , -46095.5
318929 , -189306 , 687425
-694454 , -160509 , -51472.5
-39544.2 , 262140 , -608802
-326761 , 275028 , -23207.6
-654044 , -36424.3 , 198734
-523044 , -569555 , -218754
560369 , -74892.6 , 715834
-433699 , -35748.3 , -270451
287569 , 607238 , -110745
-521623 , -357001 , -29036.2
-376304 , 577187 , 218222
845834 , -387311 , -254917
-164584 , 287995 , 35251
-110742 , 551381 , -639192
499205 , 464810 , -240048
-20791.5 , 404744 , 973176
-152249 , 512302 , 336840
284718 , 152014 , 116681
436791 , -879333 , -185893
263030 , 591563 , 710375
-232203 , 786406 , -333598
-310478 , -174771 , -350921
38227.6 , -260215 , 134934
-554268 , -301501 , 349406
33336.8 , 467395 , 8525.54
-80103.7 , -690083 , -741097
-257499 , 883954 , 274786
795954 , -90457.8 , 324024
196231 , 893406 , 576091
-317515 , 880191 , 54851.1
-444021 , 278959 , -127127
-384349 , -232938 , 270773
786532 , 355075 , -544990
85395.2 , 309404 , 548950
-362278 , -231869 , 543064
-256039 , -825257 , 96950.7
-96309.6 , -8141.69 , -670083
-132715 , 881429 , -12370.8
619626 , -290275 , 510753
258525 , -704762 , 358432
32027.6 , -284142 , 365075
64848 , -657017 , 161504
518688 , -837296 , -124605
124578 , 700800 , 388900
-401451 , 491295 , -549470
-51993.8 , 901909 , 135483
-961823 , 74597.3 , -61233.6
216965 , -739791 , -145068
-21982.4 , -953248 , -116351
847006 , -259293 , 184626
-157183 , 344406 , -765101
-303844 , 630.912 , 561715
-721415 , 140770 , 654725
-721239 , -977193 , -481231
311676 , -267761 , -310306
491003 , -46137.8 , 789945
-241564 , 269812 , -942052
90921.5 , 384258 , -424252
586156 , -161068 , 110707
408785 , -918379 , 28017.6
862382 , 143995 , -588918
-416813 , 436821 , 438663
71653.1 , 304369 , 1.02695e+06
-215924 , 473681 , 323442
112511 , 420172 , -816140
-603002 , 34399.3 , -255805
112760 , -636641 , -273980
-66816 , -246337 , 254766
-177803 , -363493 , 814657
-421428 , -614693 , 308157
437131 , 649168 , 506604
696770 , 264375 , 349640
-207776 , -72716.8 , -137548
425170 , 502599 , -453046
-247482 , -759643 , 410835
394234 , 464591 , -386087
-132764 , -845261 , 9450.73
-94254.1 , -50421.2 , 383974
-558921 , 173463 , 251673
-111185 , 356630 , 266191
235690 , -649322 , 66222.3
-470331 , -150090 , -103982
402319 , 95571.8 , 483257
13181.7 , 109102 , -561107
-51914.3 , -343443 , -39297.8
176830 , -625796 , 426965
-363753 , -747052 , 434436
247678 , -150712 , -330932
339146 , -65135.3 , 710521
718217 , -311205 , -203297
198173 , 166227 , -279115
-723187 , 461259 , 458744
507465 , 354975 , -700291
-648400 , -10494.7 , -108177
-453308 , -985648 , 52280.2
308958 , -209108 , 1.03288e+06
-375679 , 416833 , -166748
-676029 , -330815 , 440958
212265 , 9463.3 , -146598
535550 , -99082.6 , -663094
-253261 , -211066 , -113624
515934 , 28904 , 658305
770797 , 685593 , -368952
264803 , 548967 , 625079
847972 , -132276 , 621613
125617 , 172368 , 816143
90781.6 , -495322 , -404874
847794 , 483477 , 486720
-488372 , 163906 , -182375
600023 , -80940.7 , -87656.2
267490 , -160005 , -317943
-44572.3 , -175556 , 78657
642542 , 879239 , -222058
58587.6 , 43386.1 , -504188
354460 , -382437 , -1.11016e+06
573447 , 181780 , -292709
205526 , -330486 , -871212
1.04238e+06 , 130883 , -6043.93
-74083.5 , 790246 , -543857
-82086.7 , -724490 , -522962
-228505 , -485117 , -59759.9
492865 , 422684 , -81455.9
-322672 , -522707 , 101913
744334 , 83130.1 , 188841
-531865 , -574093 , -168170
395343 , 503026 , -154987
-60695.5 , -512274 , 236360
-621456 , 393132 , -194508
-634410 , -521083 , -887664
356349 , -132084 , -57019.8
775176 , -33060.3 , -173108
-396695 , 66980 , -184070
59965.4 , 467707 , -601752
-284215 , 76440.3 , -435679
-366245 , -245766 , -318729
-688940 , 273957 , 234047
610218 , 412898 , 644701
44047.8 , 38675.7 , 674894
-410770 , 317292 , -696233
-18796.9 , -481082 , -274009
303905 , -110602 , 387442
115517 , 147354 , 529692
581613 , -101186 , 756926
412329 , 489509 , -22546.6
222705 , -370642 , 575245
30552.7 , 380993 , 831512
131041 , -592776 , -679878
-194935 , -622203 , 284295
122760 , 701163 , 323687
-424141 , 230405 , 326606
450421 , 839415 , 157709
105291 , -92559.6 , -598641
-231415 , -167481 , -945674
-643336 , -191630 , 331937
-1.00806e+06 , 129642 , 274555
-561298 , 181700 , 640497
-13952.4 , 2582.62 , -121603
-670455 , -217145 , 490432
241114 , 92963.7 , -580887
-444764 , 935064 , -29572.8
184845 , -688037 , 726527
-388298 , 291058 , -243090
-803394 , 158968 , 790862
-484226 , 511767 , 21884.8
-154164 , -124457 , 607340
-70277.4 , -180467 , -258380
467450 , 343911 , 367987
125668 , 303267 , -379840
-390842 , 113492 , -516067
103315 , -727467 , 357853
911379 , -118023 , 55481.1
129964 , -242756 , 377706
-729516 , 303225 , -235832
614373 , -95659.4 , 860383
620193 , -476911 , 667872
-34266.6 , 653278 , -515432
-581017 , 862838 , 86577.6
197311 , -56070.5 , 624553
-599477 , 107508 , 508559
-96941.3 , -2673.73 , -758843
729237 , 534255 , 679537
-901702 , -341456 , -331557
294178 , -295962 , -626550
-369927 , 591672 , -302398
68427.4 , 76420.7 , 324721
-62348.6 , -198972 , -385708
332037 , -346638 , -311325
512671 , 672399 , 712515
164274 , -450606 , 595793
769034 , -782896 , -206789
543855 , 149155 , 353782
-709017 , 620209 , -102483
-101190 , -758528 , 42334.4
-106380 , -166229 , 1.00942e+06
273055 , 851047 , -319305
-312616 , 5876.46 , -292818
531501 , 171039 , 556288
608971 , 119661 , 214282
-408450 , 515831 , -521542
-98337.1 , 181985 , 508133
-763574 , 64089.2 , 243699
451078 , 258062 , -154356
517003 , -21718.7 , -382777
-508115 , 362918 , -843006
-21003.2 , -123159 , -416054
-671301 , -84110.4 , -247200
658247 , -627219 , 166144
75749.5 , -412121 , -150427
426186 , 131146 , -565122
-362961 , 738072 , 353318
-122376 , -295679 , 94757.2
165812 , 110506 , 360476
-254331 , 650069 , 214663
313099 , -412075 , -387093
-552239 , -164308 , -306862
-49962.4 , -357342 , -57805.3
303446 , 462577 , 514819
-255636 , -226106 , 562387
-163410 , -747490 , 602116
475331 , -370600 , 28847
-868182 , 625704 , 46657.1
-84761.9 , -478219 , -136236
-400361 , -891823 , -226052
-497380 , -357019 , 355821
338725 , -173838 , 689822
237483 , -13691.7 , 932678
7419.48 , -443155 , 601568
50062.3 , -226202 , -710994
-781187 , 111873 , 341618
315.853 , 755683 , -240730
-64400.9 , -931308 , 348585
-358310 , 34959 , 558632
34287.2 , -343181 , 101484
503325 , -37538 , 767775
211107 , -263088 , 988786
45657.8 , -231130 , 687593
782637 , -676182 , -367440
800504 , 354008 , -463300
-180687 , 262047 , -397577
28181.5 , -644555 , 100597
554701 , -494659 , 461131
165988 , 306959 , -919060
-522546 , -599301 , -19920.7
877739 , -319391 , 157581
-257625 , -710790 , -774634
-702143 , -322407 , -472895
668547 , 155736 , 529161
-165481 , -750805 , -392943
701152 , 101339 , 585117
570741 , 120163 , -446847
-377352 , 360256 , -744942
372145 , -108376 , -185004
172845 , 771801 , 5743.89
448326 , -820387 , 425466
447597 , -12191.7 , -716189
-269722 , 576198 , 596810
167609 , -192291 , 978889
184414 , -665342 , 28760.7
-125952 , -587140 , -496938
239238 , -83635.3 , -660332
158097 , -141228 , 836588
-405304 , -854267 , -186523
-267518 , 614950 , -405781
-101481 , 451218 , -1.13816e+06
533786 , -607853 , -929015
365238 , -610842 , 359692
339093 , 225983 , -340800
564756 , -434134 , 343784
-43278.6 , -327622 , -279382
122740 , -739291 , 464708
972573 , 520260 , -167040
170907 , 34882.6 , -778913
18151.7 , 499503 , -694447
19761.8 , -614077 , 2021.57
-487803 , -765663 , 19813.8
-341144 , 443401 , -738746
-268336 , -813168 , -371244
207513 , -354613 , 333012
228041 , -50061.5 , -556620
-671384 , 598180 , 733506
150673 , -162204 , 477302
-25606.3 , -551809 , 325530
334698 , -176282 , 727481
801558 , -306958 , 619758
-487854 , 127111 , 91418.3
330900 , 75967.9 , -105651
213752 , -689221 , -891533
-261438 , -24816.6 , 1.09396e+06
-47203 , 701034 , 18563.4
-886163 , 45181.1 , -108780
881958 , -558702 , -73622
221528 , 978551 , -109298
171635 , 909310 , -231280
-406465 , -504433 , 587702
798114 , -109773 , -324609
-550521 , 466266 , 629446
70081.5 , 548208 , -117492
-240385 , -564185 , 322122
-274716 , -8939.63 , 505410
-53943.9 , 45045.8 , 463205
-358694 , -631112 , 379854
323104 , -398443 , 93340.3
-1.1251e+06 , -651064 , -53644.3
-315792 , 84394.1 , 701227
-204026 , -729725 , 556599
223938 , -28545.5 , -583752
329293 , -308315 , 806110
209117 , 853551 , -7664.65
19002.3 , 289143 , -211939
-622182 , -12392.9 , 181243
58104.1 , -3502.55 , -377856
177978 , -468161 , -517504
-270339 , 515835 , 195240
-321395 , -694228 , 21924
817831 , -330234 , 16938.6
791428 , -507881 , -527534
59585.5 , 264564 , 1.07728e+06
-233595 , -76115.1 , 284869
-42576 , 189509 , -137382
-16602.2 , -193513 , 1.22969e+06
513484 , -212807 , -86445.7
90074.9 , 360417 , -7727.9
-1.15147e+06 , -14952.6 , 386327
-82053 , -147517 , 479337
227080 , -503619 , 211578
-199790 , -428218 , -315688
-968897 , 130236 , 465149
54713.2 , 195906 , -668941
147138 , -200674 , 147104
-474545 , -296489 , -421420
304188 , 360131 , 175814
618955 , 484752 , -357736
220338 , 5343.78 , -483093
544323 , -3876.45 , 55403
386565 , -579614 , -643378
-464331 , 339179 , 541493
-794161 , -127729 , -77150.5
-402645 , -983221 , -415666
30169.9 , 60506.9 , 43341.2
-184788 , -175704 , 180425
673330 , 682629 , 169309
407409 , 630828 , 44905.4
-174638 , 912.069 , 528554
254683 , 649275 , 715925
225652 , 580631 , -362268
492289 , 57588.7 , 136604
-157333 , 981769 , -254559
-135193 , -534126 , 331459
120403 , 428603 , 873363
171902 , 77931.5 , 424277
-429388 , 592694 , -49444.1
-772240 , -662550 , 84468.2
-212676 , 780480 , -284033
-486957 , -308263 , -251342
128282 , -394215 , 586608
-643971 , 455544 , 748027
515143 , -281354 , 193672
85397.4 , -344758 , 186000
-193542 , 241066 , 483530
-203181 , 177748 , 27849.2
570890 , -239028 , 625567
157759 , -205640 , -186224
-668211 , 679200 , 180435
402510 , 427235 , 406942
383683 , 196074 , -116499
-306805 , -209083 , 73489.7
724210 , -219891 , -199808
211070 , -177621 , -689037
-156128 , -217984 , 244070
335070 , -1.20544e+06 , -321615
-286411 , -338038 , -809837
650565 , 477561 , -148254
-697959 , -120821 , 497414
724027 , 184896 , -248293
-533256 , -51089.3 , -332151
-359663 , -957067 , -204732
-168856 , 130331 , -893199
1.2625e+06 , -230624 , 119865
625771 , -874077 , 126025
-656988 , -260795 , -110589
222899 , -467813 , -498329
889914 , -357710 , -457530
165618 , -172842 , -666928
-500506 , -35180.9 , 703221
-86649.6 , -556700 , -93277
-157386 , 522801 , 540930
-236482 , 252525 , 426426
-459731 , 315656 , 352056
518063 , -124179 , -737492
441127 , -71958.2 , 649592
949904 , -226354 , -133580
-125850 , -471602 , -446837
-902503 , 567599 , -269899
-563462 , -19781.4 , 757842
-940772 , -106724 , -192122
-845516 , 576614 , 313562
666189 , 790294 , 289297
-270831 , 426973 , 248437
277343 , 281345 , -913142
215324 , 410258 , -889080
202548 , 536536 , 388625
591888 , 241915 , 158728
45812.5 , -958359 , -34210.7
334056 , 458560 , 236780
218425 , 550959 , 412385
-497579 , -425957 , 331156
498002 , -299635 , -663159
547484 , -368078 , -288961
424583 , -296059 , 449400
366378 , 710444 , 116994
-922488 , -377612 , -229672
404504 , 357092 , 520599
158765 , 246056 , 797937
-688859 , -575121 , 500648
529672 , -338597 , 226508
-79743.2 , -9029.49 , -811658
1.0529e+06 , -284316 , 24962.3
-725823 , 300186 , 309214
730592 , 582508 , 608983
105542 , 987126 , 15194.9
-932086 , -258946 , -361305
-276764 , 290979 , -416636
-503494 , 94803.9 , 79810.8
452520 , -610189 , -867415
1.19049e+06 , -399559 , 223658
-329480 , -633838 , -705156
-510550 , -146522 , 379585
-445996 , 199167 , 59649.4
38295.6 , 207740 , 829800
659676 , -341326 , 700444
479129 , 409072 , -84087.5
631598 , 33664.4 , -10048
-198006 , 472560 , 158877
596236 , -686275 , 618787
-64501.8 , 343119 , 436879
-338641 , -40599.9 , -140737
45462.4 , 434371 , 402574
-128579 , 434830 , 268629
116488 , 814840 , -26061.7
-452188 , 601584 , 870097
175103 , 711734 , -518676
-829952 , -301580 , 12558.6
-118709 , 269302 , 1.33318e+06
-188884 , -418220 , -176826
20459.1 , -458379 , 250009
-342250 , -612880 , -332716
62697.4 , 633896 , 442073
705344 , 449339 , -882485
453768 , -487243 , -50273
-189920 , 966550 , -136249
-194556 , -147433 , -271016
-40151.5 , -702390 , -156736
109917 , 298220 , -23646.1
-695014 , -326987 , 777285
132539 , 475948 , -484555
278728 , 982837 , -691978
891046 , 42300.2 , 735307
-318868 , 808920 , -530337
-877197 , 201606 , -108760
-463931 , -265679 , -110712
-54937.7 , 419814 , -1.02329e+06
235911 , -846735 , 403421
-422037 , -577668 , -117133
-22183.5 , -306484 , -168728
-817454 , -387432 , -182757
707197 , -185468 , 203227
758546 , -292764 , 378495
-70690.3 , 597559 , 232316
54066.6 , 706496 , -497252
-475119 , 101251 , 406413
847515 , -564591 , -313178
-323059 , -917201 , -119520
535579 , 636042 , -43189.4
492297 , 100678 , 418137
-151729 , 124865 , 67182.2
-94723 , 117815 , -735333
199301 , 506938 , 542154
759930 , 229552 , 183144
360330 , 657494 , 791595
767595 , -606203 , 444552
-505173 , -55866.4 , 744072
-1.04703e+06 , 230332 , 433019
-465548 , 386329 , 600743
781503 , -133864 , 151849
598699 , -1872.81 , -852766
667374 , -831888 , -507394
-278940 , -616130 , -448172
-532142 , -553248 , -131967
445410 , 579945 , 99641
562400 , -8267.61 , -47634.3
-474023 , 114571 , 112671
585736 , 42107 , 875338
-291166 , 801859 , 295593
746004 , 107518 , 662446
449070 , 494592 , 292965
1.1421e+06 , -8865.52 , 195056
-333846 , -662872 , -262594
248397 , 305394 , -143416
177511 , -639312 , 587362
-558010 , 56351 , 196777
358888 , 128424 , -884363
323972 , 68058.9 , -577367
-114691 , -489696 , -673949
-81636.9 , -121446 , -620573
-520613 , -210867 , 283524
-295486 , 603747 , 277792
-388002 , 541452 , -739338
831627 , -111831 , -118040
-331384 , 310188 , 21701.4
-332581 , -292626 , 1.18209e+06
516678 , 919693 , 70324.9
-75567.5 , -43765.9 , -473219
-501011 , 515046 , -218973
233275 , 968686 , 557166
-735497 , 204519 , -397580
-649461 , -118398 , 105686
-362392 , 25833.7 , -26435.9
507118 , 662912 , 359594
622803 , 480516 , 211748
-235248 , 628913 , 281535
-343763 , 358314 , -112974
419949 , 507605 , -859529
-52761.3 , -2105.17 , 578836
166240 , -697196 , 236744
-279858 , -387674 , 949568
-129333 , 265670 , 647851
566711 , 173621 , -891319
-208779 , -336142 , -96015.6
-560712 , -588326 , 584393
176212 , 243374 , 228736
136762 , 431856 , 120985
252115 , 136452 , 533343
-448858 , -96175.3 , 697151
-21165.6 , 3004.84 , 81212
662019 , -859765 , 244235
-327929 , -22285 , 283223
-273496 , -966074 , -307089
-618993 , 98373.3 , 517573
-213958 , 379794 , -204533
-721811 , -48924.6 , 381266
856052 , -607553 , 112703
-238633 , 292652 , -475339
-437368 , 439620 , -389253
145089 , -337313 , 493993
-290091 , 58267.3 , -481298
18808.7 , 357086 , -23332.2
-169767 , -587230 , 914305
-614983 , -589699 , 50145.8
319455 , 260067 , -427472
775416 , -308904 , -274236
695173 , -460959 , -287234
798080 , -502958 , 216066
368095 , -796948 , 453099
-614723 , -331953 , 237125
136236 , -157735 , 142553
-215430 , 673366 , 468943
-671933 , -219882 , 298185
426295 , -428146 , 129631
-734656 , 211443 , 347618
-751231 , 399442 , -767159
458608 , 228307 , 414221
337230 , -508296 , 148685
115689 , -1.05721e+06 , -58113.1
291757 , -866156 , -319909
611961 , 152548 , 512596
416240 , 51206.4 , -1.25655e+06
-351127 , 341337 , 669710
-344130 , -549321 , 388211
-605280 , -549450 , -406869
-184359 , 479520 , 119387
624333 , 48673.3 , -30518.1
790601 , 667693 , 507983
536270 , -772811 , -225288
-274854 , 290815 , -96429.9
-626341 , 90296.2 , 170857
72457.8 , 709796 , -448150
745242 , 735579 , -505272
-387294 , -385490 , 881.117
45577.7 , 158480 , -137587
772815 , 29702.9 , 36505.9
444236 , -671760 , 135474
-325579 , -73597.9 , -402999
-29519.5 , 235884 , -275460
-71992.2 , 662712 , -831590
-773194 , -629906 , 139838
985815 , 196434 , 370099
231824 , 279740 , 1.15388e+06
260924 , 505917 , -681788
-881937 , -605042 , 134442
-85366 , 528491 , 168856
203786 , -714955 , 305871
-140716 , -700993 , 186849
777433 , 86238.9 , -648812
562842 , -520410 , 371992
-521510 , 117234 , 443931
-172857 , -96912.6 , -301297
71820.5 , -168697 , 24766.9
-26392.5 , -392811 , -265548
555090 , 539292 , 142984
349804 , -393188 , 424423
-297740 , -101168 , 925941
45370.9 , -901180 , 546097
-35459.8 , -836493 , 112231
-721669 , -87468.1 , -793051
356719 , -617629 , 346263
129663 , 396483 , -37279.6
233773 , -696589 , 470213
-509320 , -577410 , 308560
-604049 , -104490 , -983890
5796.48 , 662005 , 285830
-7315.2 , -803967 , -414696
-292648 , 52417.2 , -224734
-351611 , 826730 , 791064
-146583 , 288322 , 911254
521511 , 722901 , 455825
703182 , -557977 , 142347
701968 , 207071 , 759837
94818.5 , 589206 , 152887
-412170 , 239577 , 302654
-306846 , 442236 , -46099.3
165265 , 691241 , 486744
499855 , -576272 , 1200.32
-480347 , -225659 , 296175
-463528 , 56482.9 , -370456
90911.2 , 1.08948e+06 , 65693.5
-734996 , 395341 , -11749.6
222368 , 378236 , -572674
-660369 , -15984.5 , 600809
-548760 , 90049.1 , 228160
474948 , 199765 , 114700
343314 , -455905 , -99406.3
363650 , -486696 , 213163
-243884 , 403095 , -7354.73
-370538 , -247960 , 698106
-200556 , -244367 , -444624
393837 , 151853 , 472661
-251719 , -474908 , -82675.1
-254687 , -78992.8 , 477858
-595659 , 348454 , 188134
645933 , -428373 , 435245
220253 , 93572.5 , 686835
766966 , 418047 , -294324
497540 , -708007 , 897671
287761 , 418593 , -326801
-424187 , 27877.5 , 653419
371196 , -667287 , -284842
585217 , -183000 , 382497
89721.3 , -38142.9 , 367790
261909 , -623269 , -382515
-722815 , -143834 , -469990
-436477 , -703941 , 678016
-156213 , -304999 , -605986
-590403 , 405759 , 213953
-654668 , -165189 , -76597
-323780 , 583212 , 165558
-448995 , 1.11799e+06 , 437622
34146.3 , 443288 , -31445.4
539020 , 363559 , 73946.6
-508891 , 637922 , -819686
518428 , 837795 , 136973
409183 , -383979 , -11678.5
232204 , -252698 , -351889
311685 , -472178 , 241614
381654 , -727574 , -422174
572757 , -517936 , 390383
-832060 , 398208 , 530110
370873 , 424150 , -366392
164119 , -272319 , 538290
-609458 , -55980.8 , 222059
398348 , -406774 , 467923
-243291 , 310957 , -386514
-204622 , -195223 , -772000
-204589 , 412915 , 555228
211788 , 363231 , 997180
422500 , -207344 , 175705
-251854 , 425555 , -199295
-364893 , -466329 , 307355
-137160 , 1.07191e+06 , 535546
772064 , -269846 , 771478
276384 , 16874.4 , -48599.6
855881 , -338196 , -363706
229328 , -371772 , 397753
499668 , -530110 , -335912
-362716 , -476486 , -229424
921777 , 828334 , -485002
927408 , -365029 , 234923
-701305 , 809511 , -309616
260940 , -412957 , 1.0448e+06
-55456.6 , -585897 , 454475
-955420 , 43708 , 47988.8
-530279 , -679875 , 306276
213889 , -449648 , -2568.64
977589 , -305810 , -450077
107761 , -312393 , -818631
186695 , 426884 , -317303
-445897 , -30303.2 , -324638
-417366 , 151367 , -323269
-865609 , -716766 , 195733
-76718 , -221611 , -858518
775743 , -277808 , 535320
241519 , -691645 , -76071.1
59881.5 , 449734 , 453833
729143 , 19545.7 , -250045
412170 , 833607 , -519317
-80240.5 , 134142 , -472005
663823 , 645082 , 192451
-358526 , 311526 , 889490
561371 , -215337 , -320489
-891453 , 225599 , 206860
424509 , 19227.7 , -498608
-298340 , 576558 , 16031.6
154652 , 349530 , -851421
283626 , 838473 , -159128
-511617 , -438769 , -301248
395205 , -764534 , 392525
160211 , 184442 , 1.08472e+06
147815 , 690258 , -256999
-773018 , -138482 , 37609.7
-194625 , -302206 , -222821
348509 , -179735 , 114474
509363 , 210872 , -2180.25
-388822 , 393678 , 217085
-264892 , -713872 , 351781
15890.4 , 625262 , 471641
-619444 , -155501 , 527631
-499733 , -488236 , -233474
27222.1 , 234799 , -388562
-245750 , -629216 , 474589
-1.14021e+06 , 220803 , -150972
-537542 , -50901.2 , -278489
-476211 , 515550 , 349295
-504894 , 221201 , 224596
-507339 , 39798.2 , 224710
507590 , 240479 , 577704
-67561.4 , 257584 , -1.10563e+06
-726611 , 414817 , 402423
26181.9 , 115952 , -1.09628e+06
-16841.2 , -252223 , -13889.5
7369.33 , 788003 , 641591
267530 , 60652.3 , 1.0671e+06
569485 , -726254 , 214112
374398 , -365244 , 254484
-239928 , -77315.4 , 149502
520454 , 310456 , -63673.6
-727490 , 556764 , 399905
-390818 , -230308 , 517622
-160309 , -183461 , -116284
-125392 , 381350 , -453790
605457 , 550571 , 322492
-76067.4 , -731524 , -1501
-97420.8 , 631250 , 720272
199248 , -504321 , 154038
-21572.9 , -379284 , -135090
251194 , -465747 , -486454
-306365 , 1.03332e+06 , -73803.3
-160324 , 172821 , 289678
-486341 , -76874.4 , 386143
460686 , 559141 , 664324
-382327 , 468831 , -425148
-237215 , -675133 , -369473
765928 , 107608 , 637143
-695709 , 140586 , -807166
506982 , 765135 , 266348
703523 , 230711 , 282850
-302400 , 507455 , -397132
477512 , -515355 , 557598
564724 , -35753.7 , -214662
775596 , 381936 , -296648
662505 , 192766 , -109061
-313235 , -406919 , 143668
416661 , 385726 , -656802
387442 , -475722 , 533522
-687686 , -228376 , -848191
-695955 , -423454 , -115443
295582 , -309042 , 645944
-219615 , -64119.7 , 310436
808186 , 46848.6 , 564042
-441492 , -609008 , -145212
-313919 , -545008 , -381090
-387507 , -547944 , 368767
-126156 , 484813 , 248839
-193778 , 66855.7 , -118055
617671 , -324305 , 404684
445850 , -159576 , -225954
-467359 , 108364 , 359124
-423616 , 473433 , -597998
-718346 , 63697.3 , 510128
-484350 , 302446 , -313561
-308079 , 924994 , 266259
-836574 , -193360 , -63701.2
550446 , -866076 , 361443
-40631.4 , -443737 , -370727
-233417 , -914033 , 315679
500955 , -261460 , 465049
750588 , 191735 , 400718
-535078 , -42835.1 , 808664
-653033 , -781639 , 196209
-617529 , -253815 , 569054
-62091.1 , -191763 , 760500
989858 , -12291.5 , -176738
73996.9 , 555631 , 582546
-188167 , 220183 , 261251
398055 , 331992 , -426672
-676275 , 201066 , 369369
-304954 , -14147.9 , -290225
445211 , 247245 , -740063
-145462 , -70754.8 , 92330.4
-388174 , 731665 , -357772
-289923 , 674071 , 184570
-566814 , -162182 , -109813
-100420 , 467028 , 365812
185503 , -115447 , -420193
334249 , 590098 , -370670
387415 , -619240 , 137947
373176 , 103829 , 677701
405113 , 222883 , 205087
-421322 , -597388 , 115451
509241 , 47142.3 , 922533
84792.7 , -543535 , 825001
833377 , 59921 , 431017
-122572 , -732467 , 690107
658403 , -397357 , -275535
176019 , 78654.6 , 42607.3
471589 , -360798 , -374265
126464 , 329944 , 594175
-230782 , -165951 , 526377
162591 , 521494 , 434524
-413892 , 385438 , 427632
14435 , -333375 , -739380
57818.8 , 32815.4 , 990485
287530 , -275229 , -435055
162063 , -373479 , 485086
315858 , -372130 , 189939
-357257 , -275291 , 338886
-496416 , 19861.9 , 190961
-197101 , 288126 , -41142.9
70307.1 , 65571.1 , 85316.3
355669 , -321355 , 512207
114236 , 422091 , -825139
825612 , -667237 , -173810
-180733 , 508937 , -823047
177617 , 525319 , -25703.4
510126 , -267295 , -9685.05
90251.7 , 807682 , -305891
670019 , 803354 , 480297
650224 , -420334 , 713294
179357 , -562972 , 309644
376499 , -101664 , 192723
-818968 , -218973 , 376068
590644 , 289048 , 751081
78227.9 , 73993.5 , -414546
140376 , 732806 , 64018.1
547514 , 903002 , 61915.7
-1.06443e+06 , -42086.3 , 439399
503114 , 54354.9 , -367.945
548778 , -433156 , -432508
-527661 , -434719 , -218501
629914 , 415226 , 609251
-248306 , 636217 , 549311
-516611 , 420381 , -1884.76
204988 , 89847.5 , 508204
574382 , 68108.1 , 11432.8
64952.7 , -138416 , 500774
246592 , 22085.9 , -876634
469710 , -262320 , -454153
-6608.44 , -515310 , 402688
-394795 , -238528 , -596125
-327983 , -926978 , 742829
-268092 , 55012.8 , 958458
-99533.6 , -644868 , -900922
-44113.3 , -180790 , -111662
-544763 , -227287 , -386577
-23400.5 , 667136 , -380730
106977 , -234588 , -599317
-216715 , -346185 , 269614
94438.9 , -476929 , -604017
211216 , 445398 , 106049
255528 , -252505 , -791375
570504 , 814181 , -99485.8
-460140 , 117570 , -198942
260603 , 115274 , 806454
-462719 , -112954 , -756992
-92688.9 , -31376.5 , -65679.3
-567563 , 268439 , 427959
-175999 , 318947 , -159224
280625 , 151837 , -812755
-597715 , -104798 , 764090
596795 , 105926 , 617315
309855 , 717.852 , -862689
780066 , 187498 , 365648
173611 , -557706 , 271333
-69241.3 , 270168 , 95033.3
-681864 , -400941 , 250253
696469 , -2726.8 , 431805
-136052 , -419795 , -810400
-28487.7 , 137331 , -747884
-57247.9 , -750293 , 716696
-136849 , -1.01235e+06 , -280817
-87913.4 , -123951 , 738653
354124 , -339197 , -372842
923556 , -197701 , 73033.1
-321385 , -168375 , 908463
265153 , -190303 , 763324
196992 , -716791 , 550218
593581 , 158429 , 511422
-347377 , 533878 , -679978
-91204.7 , -78125.3 , 30397.3
-159899 , 401618 , 317561
-120699 , 239937 , 648590
-266888 , -486159 , 655048
229821 , -780344 , -28993.4
-532533 , -267032 , 597837
-262.43 , 644531 , 686538
-97452.9 , -549802 , 695164
-318711 , -201758 , 197656
773198 , -861195 , 340745
-593979 , -18522.4 , -66561.2
581255 , 758470 , -409327
68638.8 , -79850.5 , -599416
522013 , -394911 , 373112
-348522 , 670131 , 129144
187754 , -126494 , 89628.6
555329 , 225206 , 158883
-82359.6 , -226946 , -540737
254963 , 18780.2 , -19285.8
-455340 , 157114 , -149757
417115 , -241462 , 1.05859e+06
-294213 , 386959 , 6811.18
424431 , -633182 , 535423
-257907 , -403925 , -703453
375520 , 311008 , -644283
841241 , 144251 , -632987
-557953 , -443403 , 357417
232711 , 512606 , 579638
311282 , -858917 , 543587
-420721 , -357455 , 107756
-299742 , 286514 , -72456.5
667302 , 218481 , -422552
-27646.1 , 150838 , -147366
-217995 , -394456 , -116939
-513243 , 179354 , -392226
127212 , 126203 , 179538
-153077 , -478065 , -551192
-303346 , -1.12336e+06 , 76482.9
-471026 , -10759.2 , 230042
265478 , -443430 , 496777
-564076 , -184886 , -876289
854970 , -644080 , 54480
779859 , -311654 , -442551
937105 , 263673 , -221945
679003 , 152953 , -802523
115486 , -120033 , -880390
994563 , 362555 , -156110
636684 , -736445 , -407000
-430655 , -406146 , 186200
529543 , 665621 , 113997
20051.4 , 206193 , -247516
536687 , 306567 , -322978
553785 , 117696 , 87266.6
-57378 , -215209 , 41768.8
317027 , -501892 , 730307
6257.87 , 667194 , 398526
-560501 , -573241 , -509099
-506451 , 131001 , 711487
186663 , 255967 , -731977
7048.09 , 241864 , -4866.19
-688216 , -48132.5 , 642352
106751 , 738329 , -319310
-48068.1 , 334736 , -171072
-723606 , 129532 , -309546
797368 , -656056 , 87505.7
-515271 , 78485.6 , -72580.2
10869.1 , 594942 , 242016
-124611 , 107875 , 216204
-213195 , -906012 , 183010
145844 , 466680 , -465497
356634 , -411850 , 579168
-156671 , 815166 , 338513
-305362 , -355313 , 772655
111158 , -167064 , 638221
1.03053e+06 , 661972 , 346357
636895 , -517267 , 454512
604130 , 330590 , -620504
-269715 , 179746 , -224657
-494259 , -542151 , -371344
-658377 , 205706 , 654585
-368191 , 112043 , -215974
251635 , -300838 , 187094
-375392 , 590799 , -89570.6
-342287 , -167677 , 82964.3
-372167 , 215258 , -336160
-728647 , 333471 , 163906
617591 , 82175.5 , -106384
-192810 , -195160 , -241116
-410847 , 322616 , -398813
23949.9 , 228130 , 403289
-359230 , 57108.8 , 707103
694974 , -682409 , -336342
-506367 , -314338 , 12370.5
483717 , -294101 , 380720
-116596 , 346103 , -770218
994805 , -214788 , -85677.2
-710676 , -519089 , -48522.8
555013 , 338038 , -34676.6
458539 , 742354 , 37896.4
-954222 , -174718 , 70132.3
351514 , -282246 , 278130
74504 , 363831 , -451594
-312915 , 754595 , 454581
-495728 , -219320 , -747591
-233796 , 704132 , -15579.5
-85334.1 , 342206 , -508134
-286308 , 305128 , -514017
-54905.3 , 482366 , 402968
550802 , 464361 , 50289.8
997286 , -173811 , 604905
-422223 , -748820 , -266858
120813 , 498374 , 99525
-477676 , -697024 , -17241.4
404540 , 519859 , 232629
1.02288e+06 , -177757 , -123785
594550 , 556056 , 466514
-124968 , -537995 , 226281
183603 , -416756 , -29531.8
-11670.6 , 135814 , 1.1375e+06
-406608 , 144142 , -377370
-345639 , 409984 , 14208
205156 , 64260 , 298669
-336035 , 398225 , 379997
-954514 , 356921 , -144084
-71185.2 , 215922 , -78112.1
81839.3 , 965536 , -59492.1
-569064 , -118842 , 660366
-560239 , -429078 , 456391
665531 , -251152 , 7159.2
16763.1 , 276416 , 21338
320839 , -550490 , 863987
-430326 , 65813.8 , 162289
-218173 , -390457 , 797953
-440552 , 434511 , 133846
355553 , 459203 , -81068
-818794 , -56446.4 , 271508
-587626 , 333436 , 138495
-180491 , -488759 , -691612
40938 , 44104.2 , 871652
53132.7 , -808853 , -211528
-858680 , -143946 , 218815
252419 , -164825 , -690861
-763219 , -570132 , -592347
165199 , 1.09304e+06 , -295679
26344.2 , 299743 , 400844
-342966 , -236387 , -611351
-827978 , -352037 , 158049
533305 , 36773.2 , 78122.1
310294 , -248977 , -634449
104476 , 563689 , -210510
-63825.5 , 652258 , 434750
-70684.6 , 554451 , -133299
-357692 , -71658 , 697549
-245356 , -424892 , -264616
1967.14 , 342941 , 418769
499763 , -385813 , 185856
-510737 , -98411.7 , 399931
37395 , -671670 , -216273
-419.736 , 314752 , -605204
-359942 , -295767 , 800487
361647 , 336478 , 729014
553606 , -123613 , -235356
-314771 , 284447 , 1.04503e+06
69433.3 , 23197.1 , -363666
-38594.1 , -142980 , -540208
-725604 , 155470 , -309060
-342850 , -624247 , 429193
175833 , 712207 , 431181
45636.8 , -228165 , -161437
301922 , 158430 , 122310
-566070 , 179326 , 121348
-569617 , 724215 , -572076
594501 , -235285 , -410089
-1.02662e+06 , 51347.9 , 631094
671554 , -139071 , -658326
560333 , 668700 , 86018.1
432465 , -431188 , 293251
764004 , -617651 , 201182
-787342 , -182928 , -429603
-421972 , 334031 , 464213
31564.6 , -581089 , -597594
167267 , -89273.6 , 546493
96873.2 , -422092 , 800278
4799.5 , -141989 , -810531
465171 , 644707 , 286635
-435398 , 164262 , 460212
-70809.2 , 661310 , 7071.27
175216 , -178996 , -137504
705829 , -536334 , -498455
-485368 , 137522 , -686310
86924.5 , -879796 , -764287
354386 , -443966 , 499763
574724 , -700074 , -159085
-191691 , 123865 , -54593.6
-274020 , 768660 , -64299.1
-258063 , 30630.1 , 965949
701354 , 59483.7 , -473069
-110643 , 873726 , -127102
749699 , -21733.4 , -47277.5
410332 , -496961 , -835184
226890 , 778095 , 367271
803876 , -76339 , 455513
-882809 , 171365 , 69036.6
368565 , 296509 , -557247
378026 , 385793 , 891111
-670512 , 209937 , 527120
125478 , 752330 , 1.0905e+06
-65961.3 , -109524 , -135827
-370832 , 149357 , -229738
723019 , -601191 , 63715.5
100945 , -221906 , 603293
83151.1 , -241544 , -10959.5
277540 , 797331 , 468103
464943 , -688408 , -511756
-784567 , -149060 , -15179.6
-190340 , -83402.3 , 403062
-255054 , 366677 , 64202.2
521606 , 254687 , -567538
513902 , -210076 , 880675
-532181 , -292120 , -619573
178182 , 796224 , -165566
-530846 , -154710 , 569028
224477 , -701545 , -370677
247917 , -27393.5 , 311562
507152 , 518614 , -885934
-118012 , -72266.8 , -176220
160288 , 217691 , -525116
-76230.1 , -676659 , -672617
-4687.6 , -438210 , 109479
-466767 , 307266 , 805072
423342 , -45885.1 , -517785
-503709 , 391980 , -335439
-25494.5 , 128733 , 702255
87707.9 , 17688.4 , -74141.1
-314891 , 683681 , 493714
-1.24497e+06 , 250557 , 110856
453439 , -313161 , 701688
304296 , -130309 , 595452
378743 , 253808 , 656847
-232192 , 418559 , -218301
309823 , 23026.4 , -350357
-826929 , -389978 , -505544
1.17426e+06 , 40228.1 , -15716.8
-360035 , -77852.3 , -472148
369440 , -288283 , 81385.9
219369 , -121815 , 1.08501e+06
306829 , -359411 , -219434
394486 , 7505.89 , -38760.1
-302675 , -37153.9 , -256716
-175944 , -8919.65 , 353967
126378 , -689567 , 624212
130591 , 903417 , 675602
-332430 , -83711 , -736801
323386 , 653473 , 428172
-454644 , 545628 , -523067
613863 , -524261 , -471392
155307 , 256320 , -292139
-163954 , -617241 , 173918
-86382.9 , -600021 , 260942
376671 , -206037 , 376012
645015 , -312475 , 54594
-65089.7 , -403751 , 408689
-123392 , -200391 , -307643
-273554 , 40001.5 , 31595.7
116203 , 318777 , -873986
101396 , -380125 , 605247
-10253.5 , -597032 , 983356
-604685 , -503127 , 290249
682915 , -806249 , 126228
-720955 , -295162 , 284961
63729.2 , 232648 , -797789
-423631 , -78453.9 , -62099.3
-46924.2 , 377725 , 525062
-145716 , 75705.4 , -140009
119788 , -257697 , -705649
342750 , -589332 , -403190
-705250 , 28176.4 , 185441
419695 , 821652 , -53878.3
-525622 , -138463 , 278921
-298927 , 479112 , 56774.3
-340202 , -125395 , -891438
79587.3 , -131275 , -663022
717888 , 555118 , -252818
-429648 , 391589 , 420867
-969559 , 281321 , 559247
-1.15975e+06 , 459136 , 195054
-652198 , 276286 , 695092
489450 , 62785.5 , -537575
88315.3 , -782615 , 183304
849937 , -494339 , 303874
303201 , -2936.1 , -263642
130398 , 261526 , -313933
654105 , -20475.5 , -293203
-474412 , -142487 , 90969.6
97648.4 , -713957 , 432848
-712442 , -302834 , 34568.4
217265 , 365368 , -635566
-941033 , 513736 , 411364
-302517 , -56178.2 , -189507
-50209.4 , 543271 , 406905
-597589 , 521132 , 340583
472662 , -606076 , 213257
404951 , 52615.5 , 101790
20074.9 , 103615 , 229389
209085 , 46473.9 , -52052.7
-205389 , -219815 , 1.03481e+06
200492 , -623485 , 804172
604986 , -62430.1 , -609138
-232244 , 244502 , 496746
720500 , 500255 , 269269
295091 , 254415 , -456577
177074 , -673077 , 337129
518583 , 258067 , -742515
-116440 , -434529 , 147766
549755 , -255491 , 897544
-619486 , 222356 , 188902
-65421.2 , 593224 , -193365
-71255 , 761189 , 192395
-391757 , 606559 , 621528
767401 , 77526.6 , 403887
-762237 , 304182 , -337401
126329 , -1.12921e+06 , 94523
288632 , -35143 , -608465
-158952 , -214923 , -831919
-522077 , 45082.3 , 557413
455472 , 349603 , 18610.5
415130 , 761011 , -309039
-19271.3 , -40808.3 , -532809
-245088 , -441678 , 492060
-273538 , 625253 , -470448
437152 , 469284 , -716298
700766 , 479803 , -102635
977920 , 256132 , -670383
-803626 , 258618 , 117594
975784 , -191085 , -27017.4
-307111 , -357830 , 764004
223571 , 722620 , -94620.3
-819156 , -477221 , 183024
-30766.9 , 167727 , 180074
281924 , 271931 , -867516
-232266 , -595766 , 728008
114821 , 400835 , -252945
624964 , 752843 , 371300
551937 , -26295.2 , 451559
-234566 , -257769 , 517981
-661363 , -59458.8 , -584063
-814933 , -272748 , -150434
46377.6 , -564085 , -135684
-416634 , 245420 , 720806
273862 , -411393 , -458159
142970 , -502704 , -361677
-337546 , 117887 , 381487
-642973 , 264304 , 370614
574131 , -591895 , 39678.4
158225 , -226749 , -655734
97371.7 , 943631 , 312991
159939 , 168216 , 811196
-360718 , -59348.6 , -150272
118095 , -431445 , -623051
852105 , -426466 , 78136.5
-1.17934e+06 , 319640 , -395023
7927.84 , 220959 , -258030
-30087.6 , -373889 , -442080
-225220 , 685849 , -201927
301782 , -800040 , 325123
-453809 , -964246 , -698351
385623 , -402493 , -541568
399720 , 608136 , -61831.5
40055.1 , 8427.1 , -669913
-613261 , 191732 , 28452.4
290897 , 484059 , -358529
172190 , -393933 , 574355
-354959 , -682291 , -88504.3
-463773 , 494078 , 463963
451672 , -500292 , 433775
291886 , 336716 , -682711
326510 , -646467 , 19458.2
740497 , -323166 , 222108
-7855.61 , 395365 , 719244
1383.56 , 19530.7 , 188341
210710 , 279030 , -144263
-241399 , 628369 , -273385
-876849 , -141602 , -185633
362019 , -334504 , -170134
194199 , -605292 , -128712
703929 , -136964 , -190325
-9359.2 , 902154 , -235990
305767 , 187856 , -544379
848202 , -400339 , 113656
-126207 , -830300 , -141575
-563289 , -45202.3 , 803568
657160 , 260631 , 106003
-74335.5 , 958261 , 676761
-661793 , 231530 , 378887
-538178 , -142979 , 668848
549968 , -372925 , 152817
43828.1 , 919902 , -516786
-487176 , 199423 , -423011
-65320.8 , -326553 , -46146.5
173546 , 569187 , -711911
-259417 , -499259 , 228335
-467536 , -730725 , 47905
-204671 , -554217 , 232872
-453283 , 122578 , -622971
-811989 , 463309 , 431854
-85810.6 , 55957.5 , 280856
739173 , 679566 , 235545
507335 , 691267 , 242936
590421 , -212283 , -787083
-3830.89 , -571348 , 181968
-893512 , 137963 , -617294
-2014.1 , 380996 , 58786.7
-348578 , -634782 , 137696
-250544 , 736242 , 467331
-170163 , 715930 , 560845
-18308.7 , -383875 , 743100
-120212 , 717802 , 257478
-1.12429e+06 , -77835 , 87443.3
209349 , -698115 , -231053
-327970 , -286983 , 921627
-378490 , -589060 , -421456
-651582 , 358039 , -204615
-240078 , 709242 , -38024.8
575266 , 44487.9 , -423591
867881 , 41630.2 , 192383
720461 , 449311 , -67482.9
-98150.7 , 969791 , -433265
-336923 , 271129 , -284263
228955 , 564642 , -636129
-260984 , -224889 , -47572.5
251144 , -59333.1 , -101648
105554 , -1.12134e+06 , 82726.5
-305948 , -516927 , 246466
381975 , -247773 , -16289.3
-730599 , -149974 , 752774
916790 , 705129 , 193040
13577.9 , 339886 , -83804.9
464451 , 664887 , -98677.4
81110.1 , 179802 , -117739
-15695 , -560639 , 196467
74791 , -360924 , -614761
-655195 , 161779 , -368051
54213 , 627997 , -75870.6
-582051 , -571606 , -240728
249396 , 263858 , -375155
-284824 , -594111 , -128306
707352 , -717175 , 504944
257411 , -175135 , 544726
693036 , 618042 , -412040
-266129 , -717748 , 367400
322511 , 254103 , -563315
531752 , -821875 , 444613
-739764 , 796704 , 574078
775655 , -315195 , -580066
163069 , 238607 , 99734.6
35495.4 , 13147.7 , -412420
667721 , 363024 , -297236
-90509.8 , -718577 , 23969.4
-680359 , 366408 , 559783
-52360.6 , -129305 , 764125
-224596 , 408109 , 446034
-917980 , -320494 , -155846
-177166 , -72159.9 , -58163.4
-71281.1 , -154084 , 950273
396838 , 696706 , 108585
-133542 , -475565 , 648325
-299334 , -134908 , 925114
8218.8 , -293404 , -338624
291929 , -7066.72 , -820257
-98390.6 , -294386 , 139517
365546 , -825278 , -367941
207617 , 92499.1 , -53256.2
462323 , 567601 , -239166
-29211.9 , -240113 , 688412
-212652 , -91634.5 , 1.02224e+06
-689641 , -501409 , 317886
-495004 , -281362 , -109653
308792 , -197206 , -215187
312821 , -51626.7 , 354457
131405 , 719324 , -687639
-338580 , -338463 , 687405
-190336 , 27051.2 , 110836
475798 , -92609 , -724297
298522 , 476422 , -248371
1.01411e+06 , -582193 , 176696
235627 , 854359 , -123995
454852 , -787963 , 246293
-175565 , 91425 , 259036
32436.5 , -753863 , 217453
995343 , -468957 , -20247.5
227740 , 416680 , -6642.97
-333444 , -459211 , 148327
423834 , 298884 , -443454
-289178 , 762758 , 103622
-220877 , 20300.3 , 618870
28423.8 , 403459 , 198366
-953153 , 98812.4 , 158901
-549401 , 271847 , 715857
299839 , -381267 , -411779
268624 , 420049 , -714948
509583 , -76157.9 , -579161
-899171 , 371550 , 301316
-511687 , 319942 , -166662
702635 , 8199.72 , -174167
-212908 , 430116 , -662101
-187153 , 625949 , 121731
-379182 , 143007 , -562060
294557 , 75619.3 , -21996.7
241165 , -556558 , -143699
432900 , 54891.9 , 250825
-401456 , 651141 , -624827
374806 , 288440 , -104346
215353 , -595197 , 411932
-59177.7 , 768613 , 157827
-341691 , 26638 , -577127
-62789.4 , -337361 , 13912.9
768023 , -5330.52 , -371801
-709104 , 390216 , -86098.6
-363637 , 929912 , -397477
377782 , -78092.9 , -917087
-782308 , 15931.5 , -53843.1
-187100 , 89040.7 , 113844
144547 , 541764 , -401035
-378038 , 655362 , 296384
-595096 , -277995 , -55853.9
937186 , 308031 , -206119
98480.1 , 675081 , -158805
-484452 , -306141 , 705164
317231 , 330838 , 256885
158723 , -780951 , 649938
-794277 , -618924 , 373567
-317721 , -854370 , 303069
405219 , 468693 , 316442
-559730 , -399340 , -109630
805657 , 57296.6 , -147733
-701023 , 644494 , -342458
162985 , 433122 , 479281
-799541 , 749345 , 150526
-198645 , -777527 , 20902.3
206405 , -421001 , -279282
-448731 , -455693 , -430929
182521 , 1.08366e+06 , -3982.34
-223073 , 127095 , -519319
322007 , 949472 , -388673
978210 , 129645 , 6574.29
-313655 , 471814 , -863178
365039 , -217225 , 358310
651303 , -771402 , -434198
-250525 , 629491 , -189870
806306 , 179197 , 118509
34374.7 , 304208 , -32504
-75938.9 , 307064 , -956463
-869850 , -111796 , 222137
259074 , -303677 , 531095
-124324 , 239882 , -421358
162880 , -335647 , -162252
858861 , 33144.1 , -597565
-667207 , 795878 , -67640.5
-263122 , 865242 , 38154.1
-312953 , -715281 , 420758
895382 , -115917 , 885964
387917 , -43463.1 , 640168
-20049.3 , 91984.8 , -328750
714432 , 182819 , 405993
-240968 , -455403 , 64653
766720 , 236273 , 438147
107468 , 50018 , -625884
-165706 , 629931 , 404683
29358.4 , 278816 , -240851
-184776 , -177416 , -266273
416706 , -30585.3 , -302484
-813020 , 842199 , -10234.5
-374667 , 23452.7 , -292811
-1.01096e+06 , -175441 , -451385
134007 , 51466.6 , -439969
433930 , 204443 , -521537
85529.1 , -446265 , 92053.7
-68125 , -90463 , 413607
497945 , 599066 , -298242
-76562.5 , -301731 , -707745
861998 , 436457 , -532616
343922 , -400826 , -5981.75
490851 , -60137.3 , -100425
179597 , 154142 , 702847
-627288 , -295130 , -297323
-240815 , 371300 , 506671
48881.5 , -709680 , -353557
-685424 , -374568 , 273283
602862 , 822769 , -4906.51
-224934 , 560018 , 67061.7
880044 , -16212.5 , -100628
-319847 , 36925.5 , 210368
-462467 , 683895 , 160448
14267.5 , -83875.9 , -648172
-62037.1 , -697354 , 547356
-1.057e+06 , 270999 , 51162.8
703348 , -382660 , 695202
-652779 , 588544 , 375002
607411 , 185068 , -58817.2
856837 , 191662 , 180176
24297.6 , 665566 , -510589
45829.1 , 671511 , 707411
152720 , 576271 , -181176
-34795.2 , 199472 , 806684
769293 , 244417 , -62649.6
81797.4 , -55677.1 , -17573.8
-1.06896e+06 , 555097 , 5011.48
232324 , 401287 , -130218
-325576 , -279047 , 666800
-153389 , 202345 , 380233
167877 , 450078 , 139730
-607658 , 195436 , -131464
-220819 , 206096 , -139704
-180319 , 779653 , -89652.1
-290073 , -348079 , -583267
208835 , -15725.8 , 328876
-557873 , 331814 , 369014
387082 , 6727.19 , -777977
104663 , -839126 , 353791
756146 , -273137 , -677317
-10324.8 , 701364 , 107585
669122 , 39316.4 , -16996.2
623519 , 814743 , 211317
225547 , -569921 , -69845.6
95276.8 , -87913.7 , 484737
-196885 , -214216 , -481631
142797 , 606514 , 348416
1.13387e+06 , -311131 , 159803
-94660.1 , 718722 , 303892
939358 , 235447 , -277255
538146 , 51940.2 , 692197
-740246 , 258459 , 459925
391892 , -190113 , 683494
15230.8 , -640797 , -313292
95449.2 , -43766.6 , 417241
157282 , 10883.4 , -219720
563288 , 592818 , -944276
838520 , 284503 , 6887.94
-549518 , 63063.6 , 115181
-398454 , 45302.7 , -11418.7
12062.1 , 215713 , -833681
-103918 , -854709 , 182009
542067 , -706446 , -127889
-174021 , 89426.7 , 182231
-515687 , -740651 , 36761
-797515 , 50693.5 , -86620.1
498042 , -88985.9 , 409885
-472670 , 786595 , -185373
-254091 , -140246 , -591813
91558.8 , -177708 , 35357.4
-886532 , -117271 , 403706
961926 , -18441.6 , -173485
-645437 , 688502 , 163556
169765 , -931935 , 327949
96083.8 , 48829.9 , -6886.72
739333 , -675509 , 260721
-411139 , -606450 , -44374.1
357083 , -528174 , 193881
45409.6 , -727983 , -254609
-573960 , -228251 , -284960
-219830 , 379509 , 842123
330799 , 397611 , -753304
-420457 , -150748 , 72537.6
725982 , 289779 , 365261
-1.30732e+06 , 90287.4 , 195087
-330681 , 321686 , -303181
-1.12586e+06 , 39751.6 , -417444
371533 , -697849 , -680426
-532337 , -41563.1 , 182728
-591342 , -769149 , 307643
-32820.9 , -466161 , 372202
-601306 , 738237 , -526188
289213 , 11782.4 , 786180
-379706 , 137034 , -778893
57741.1 , 837290 , 519973
-563113 , -39485.4 , 560154
-636177 , 542349 , 398249
-228742 , -651969 , -603594
-803052 , -60937.8 , 177856
134449 , -129077 , -368066
344287 , -8163.95 , -939976
605665 , 598808 , -146414
332760 , -517565 , -127058
-488810 , -32431.7 , 454197
-438644 , 120382 , 416450
909541 , 26955.8 , 158148
-531222 , -922238 , 128923
426897 , -397975 , 82608.5
123553 , 189899 , 57162.8
147137 , 215766 , 916853
183647 , -188062 , 126299
1154.49 , -315884 , 256716
-235326 , 181587 , -48232.7
82873.5 , -673527 , -601667
592320 , 96042.6 , -373496
870309 , 307965 , 242583
-273383 , 481787 , -299480
-347535 , -149712 , -677640
-493315 , -881634 , 182456
444041 , -523258 , -976630
-236946 , -861789 , -572442
366312 , 521686 , 254570
-764795 , -513430 , 289250
835821 , 804998 , 449660
-13456.2 , 930070 , 765301
431581 , -466871 , 765264
-606542 , 377818 , 391607
-586444 , -308024 , 849483
-254839 , -68656.4 , 672990
-172989 , -494282 , 432508
-716605 , -635666 , 174079
71979.5 , -427396 , -111043
207860 , -41686.4 , -259682
-162795 , -436839 , -414534
-128670 , -394126 , 553639
670323 , 166077 , 216518
-60217.4 , -2289.63 , -410509
-268576 , -150104 , 289768
142605 , 953419 , -140363
-249541 , 465306 , 543922
-257538 , -60650.8 , -321933
616150 , -263657 , -795734
742977 , 174294 , -53335.8
290699 , -367136 , 566457
-617784 , -87388.8 , -553668
-43262.1 , 449031 , 557384
40808.4 , -238620 , 422420
-102762 , 134397 , -791451
-879958 , 297476 , 93414.6
168609 , -949733 , -567929
-91472.9 , -475752 , 473671
-377527 , -791319 , 443281
-433907 , -132611 , 641565
-432814 , -449906 , -945581
583841 , 120110 , -798676
357508 , 871502 , -380468
480203 , -91314.9 , 24994.3
-199657 , 742523 , -139930
-75112 , -433581 , -575148
-111070 , -675207 , -499110
-704016 , 2702.12 , -947136
605397 , -404858 , 711412
151116 , 415186 , 291783
-215092 , -709411 , 744329
-160930 , -192017 , 408753
693217 , -315761 , -613800
1.1605e+06 , -82067.9 , 80607.8
-123153 , 103288 , -392798
-548384 , -138358 , -350503
-60650 , 235833 , 422731
117200 , 190410 , 503552
449237 , -184135 , 657561
44296.3 , 425661 , 477917
770024 , 79157.1 , -491856
-315654 , -407450 , -206590
632826 , -56065 , 214299
125529 , 18101.7 , 954946
490581 , -864801 , 170345
345602 , 221887 , 568667
-193319 , -474017 , 844538
-617162 , 103309 , -143367
-705057 , 593592 , -362913
-525087 , -503574 , -187171
84427.6 , 408561 , 360826
-27886.1 , 112855 , 998797
157934 , 330378 , 320719
-216613 , 84155.6 , -755589
274245 , 505690 , -872754
-402978 , 325285 , 579383
144441 , 103740 , -86236.7
239309 , 758894 , 425345
-476173 , 145973 , 883630
783128 , -676662 , 590177
776473 , -558318 , -450000
-167347 , -178030 , 106333
-888755 , 378913 , 278640
-214923 , 506112 , 508475
-471116 , -37568.1 , -276313
402571 , 806573 , 267225
-70651 , 872673 , -288666
-32580.8 , 159927 , 672621
-631245 , 79580.5 , -668702
-712582 , 847499 , -325700
-611453 , -558026 , 537851
48725.7 , -529745 , 109022
672976 , 778745 , 222827
261932 , -341436 , -179828
-78625.2 , -340166 , 556039
-509219 , 205901 , 484135
674690 , -246667 , 569071
-892915 , 503115 , -139729
-417756 , -352445 , -120415
30426.1 , 998.787 , -823315
437828 , -669082 , 444179
423664 , 377195 , 543680
619606 , 153153 , -477238
-775930 , 211215 , -64454.3
-159594 , -738619 , -176541
36816.5 , -33115.7 , -766349
-389237 , 158609 , -871045
-700564 , 436543 , 1.0344e+06
-823369 , 539348 , -159513
-446548 , 319272 , 244855
777101 , 393813 , 207577
77614.9 , 332296 , 212433
-88697.1 , -831806 , 324605
643911 , -427244 , 102930
116636 , -280116 , 708512
-57351.9 , 613834 , -603071
-135535 , 199506 , 195301
-358994 , 116080 , -118696
220027 , 508666 , 1.00932e+06
-349320 , 8659.41 , -78965.5
264739 , -393599 , -224119
-305822 , 890567 , -357632
-157434 , -446274 , 854470
170702 , -408400 , 103428
548294 , 17632.2 , 551697
222193 , -479699 , -455802
375023 , 118042 , -370564
369994 , -248591 , 154167
98050.3 , -101142 , 508167
-212555 , 340564 , 40443.3
459994 , 242373 , 260224
181917 , -104187 , -346759
-452337 , 105137 , -585652
-58835.5 , 216132 , 595011
882031 , -270110 , 301544
-25627.2 , -430640 , -837208
-65763.1 , 130290 , -565868
568555 , 309781 , -181319
529027 , 121895 , 661924
441405 , -109846 , 333565
337502 , -664138 , 515854
228315 , -268650 , -513704
16008.7 , 649330 , -659711
553342 , 238996 , -253120
296421 , -353096 , 262718
662117 , -244263 , -135555
-194392 , 355115 , -517738
326300 , -405545 , -123296
239836 , -209214 , 457655
732039 , -504255 , 714509
-497444 , 721984 , 676843
96720.2 , 28388.3 , -111532
119198 , -454364 , 407887
-355104 , -142239 , -58360.5
701781 , 458499 , 562372
111481 , 359500 , 968090
581655 , -449079 , 539030
582297 , -762488 , 58293
-199241 , 515149 , -737297
-382667 , -72893.1 , 277294
-349970 , -100352 , -189488
-422604 , -423284 , 391075
-184090 , -449542 , 355938
-430819 , 540706 , 428673
-1.06858e+06 , 189458 , 146762
505149 , -134038 , 588770
-83298.8 , 779294 , -538677
589558 , -561451 , 24628.8
-22544.4 , 78764.2 , 991783
-1025.7 , 53737.6 , -404564
-448628 , -579206 , -275086
-454694 , -727760 , 304708
278214 , 40935.8 , 49748.5
774144 , 654606 , -265615
49380.6 , 355744 , 471325
541935 , -583307 , -468790
14058.8 , 189140 , 859045
458965 , 176713 , 705120
606469 , 308320 , -656941
762474 , -545135 , -48674.7
221551 , 558786 , -1.05053e+06
-270034 , -637050 , 576456
-164382 , -159503 , -428535
-1597.66 , -467022 , -506273
114431 , 93415.9 , -470826
-663542 , 581110 , -487800
-175277 , -262733 , 138857
-765695 , -147196 , -117669
405156 , -621291 , -67106.4
185993 , -30940.7 , -356278
-410963 , 231111 , 165381
358247 , -1.11016e+06 , 13066
-405904 , 348268 , 541783
-883773 , -751231 , 680942
111856 , 146351 , 270033
-297471 , 281958 , 622852
-34951.7 , 153294 , 145170
311740 , -281288 , 389883
256367 , -190370 , 707581
-176516 , 636311 , 124868
539044 , 391734 , 59285.2
-97905.8 , 623169 , -247543
257524 , 49081 , 35673.3
-381909 , -235712 , -810454
51192.9 , 138896 , -133029
126055 , 482016 , -72494.2
-209448 , -605636 , -29512.2
280401 , -709029 , -154651
-790650 , -706917 , 605266
-65740.7 , -922516 , -320255
207377 , -547032 , 511784
-136407 , 487719 , 571503
347610 , 260349 , 726332
169037 , -493680 , -601022
119135 , 209129 , 804547
-949443 , -27266.4 , 172699
-296421 , 113214 , 66601.9
639889 , 396159 , -328591
4417.28 , 574130 , 33874.6
514602 , -41824.3 , 83648.5
2830.51 , 118404 , 820802
-284108 , 151935 , 132236
-98579.4 , 162735 , -373074
411420 , -331865 , 137629
-375293 , -143803 , 92098.4
-403401 , -332872 , 158298
-354769 , 23927.4 , 808718
-368970 , -843450 , 550276
-175568 , 224803 , 1.07738e+06
-18608.9 , -1.19545e+06 , -700515
701354 , -797280 , -114599
642594 , -238837 , 41287.8
636188 , -405996 , 997597
184439 , -290139 , -188239
-868774 , -181709 , 507774
-771421 , -641790 , 102343
57957.7 , -245834 , 865417
-146524 , -315789 , 52315.7
229916 , 48150.8 , 79861.6
614313 , 113266 , 948770
720344 , 650094 , 113430
-393756 , -856871 , -138431
-69425.7 , -231043 , 240710
190504 , 411026 , -692199
909146 , 136144 , 486280
-245285 , -412057 , 901564
-432472 , -732225 , -98008.6
195072 , 274238 , -320123
240312 , 549782 , 467007
-48169.3 , -436309 , 132681
797623 , -308712 , 285099
103239 , -241418 , 283442
495173 , -239382 , -50815.5
-448656 , 412551 , -128252
-354856 , -575995 , -249610
387391 , -212478 , -893518
-372120 , 744633 , -314188
-720455 , 325825 , -344597
-587829 , 78317.1 , 606261
547985 , -123970 , -679723
979755 , -387133 , -623316
294267 , -613465 , -19260.8
433690 , -66808 , 482993
-547176 , -615104 , 64773.2
-450586 , 376945 , 546843
288939 , -14221.6 , -494444
-145232 , -229919 , 178407
208728 , 423567 , -50136.2
524330 , -641447 , -214864
108557 , -466723 , 416625
-838594 , 80184.6 , 84244.6
-124302 , 357384 , 383964
-509059 , -132941 , -264563
636496 , -434100 , -696482
455579 , 559907 , -268643
144119 , -713127 , -447281
-302967 , 600896 , 324618
480096 , -495175 , 637003
-263439 , 520988 , -306608
443441 , 234000 , 1.04578e+06
-171222 , 794435 , -393517
-357385 , 559065 , 2583
-780253 , -196686 , -298615
736056 , 147172 , 83530.8
-629636 , -241881 , 206816
174720 , 377959 , 37488.6
11205.7 , -58083.8 , 12593.8
408192 , -560602 , -180263
251210 , 76644.6 , -755745
322824 , -217494 , -787490
1.19222e+06 , -158668 , 331969
-143358 , -677962 , -122470
-200049 , -135705 , -249551
-655623 , 22689.1 , -396445
-295172 , 242897 , -255217
316575 , 42009.6 , 742391
-427590 , 192408 , -290625
156127 , 97957 , 422206
-73180.9 , -206142 , 708313
-602065 , -563970 , -51856.9
-296874 , 363890 , 706256
-57409.6 , -749385 , 650365
-304938 , 441631 , 256388
-485273 , -122315 , 457230
-286211 , -195476 , -952451
-445632 , -658262 , 54945.3
-501507 , 385136 , -78965.4
431416 , 261012 , 5970.29
-114152 , -763533 , -275590
-206070 , -241382 , -674266
431657 , 35796.8 , 1.00823e+06
-639987 , 183468 , -282740
-318238 , -746490 , -329982
250188 , -96839.7 , 595908
-393407 , 586123 , 817042
607187 , -165010 , 343095
-37044 , -345815 , 274490
406701 , -325353 , -693433
-212534 , -742800 , -15968.4
-345530 , 617695 , 834528
180962 , 362082 , -438584
636974 , -198218 , -766998
-5588.8 , 809589 , -408345
-544779 , 488836 , -720539
-324125 , 566586 , -875378
-424016 , 597836 , 433492
440456 , 35326.5 , 365117
611194 , -461733 , -59487
-183242 , -725601 , -795620
633982 , 167129 , 14673.9
-225419 , -70508.3 , -910324
-266497 , 819717 , 520690
-398749 , 823630 , 584357
-24303 , -178439 , -189691
-386338 , -825011 , -298257
3620.63 , -561838 , -44301.7
-484509 , -253348 , 449819
-545724 , -606187 , 488705
-264032 , -536024 , 212184
-229621 , -681816 , -325565
133558 , 266250 , -295531
-77264.5 , 877362 , -296170
-127174 , -210716 , 404484
-331579 , 472083 , -263591
-302077 , 223595 , 699239
-24481.1 , -1.03728e+06 , -119241
185189 , 536717 , 336679
-510690 , -47428 , 228505
158830 , -9744.48 , 200998
-124250 , 499514 , -221656
-65226.6 , -67075 , -716755
-513653 , -850243 , 301724
771950 , 162428 , -824221
-261757 , -543899 , -744926
-328503 , -337324 , 158816
151555 , -423037 , 130348
278269 , 73266.3 , 106614
9344.89 , -528477 , -980686
-133279 , -566798 , -301516
-420646 , 619655 , 166165
-505823 , 10181.8 , 173907
219251 , -52459 , -678650
43318.5 , -422252 , 638307
8682.48 , 113877 , 756544
-867052 , -222581 , -366130
-133945 , 332856 , -267871
-400012 , 564433 , -269032
323293 , -574795 , -547707
365290 , 581169 , -446157
-311852 , -944621 , 720305
98749.6 , -423169 , 98064.7
72259.7 , 97657.5 , 396378
-81068.9 , 666163 , 725172
64520.2 , 52709.1 , 552221
-571233 , 712103 , 554582
65893.6 , -688427 , 430136
-365795 , 825724 , -69741.2
349166 , 249588 , 186022
603130 , -629888 , -139702
-697068 , -761463 , 506376
-343220 , 581986 , -86511.4
593694 , -558121 , -261715
-274141 , 550476 , -184519
-237528 , 4866.78 , -589590
-600114 , -143084 , -91990.5
-378736 , -221017 , 325346
303151 , -121165 , -1.00529e+06
244246 , 505568 , -16032.4
-223203 , -468409 , 321595
-797635 , -689470 , -191652
569103 , -294333 , 130410
-108283 , 208692 , 167585
173874 , -261469 , 1.02131e+06
-285082 , 323621 , 3231.19
382567 , 55966.5 , 773425
297433 , -574552 , 523675
17272.9 , -10782.4 , 174461
682871 , -310937 , 578677
-640286 , 307764 , 689894
-98039.1 , -91170.5 , -108986
-107662 , -157590 , 143545
-314401 , -206290 , -46990.6
579086 , 279221 , 341160
310085 , 13481 , -1.0276e+06
460681 , 714692 , 310836
157616 , -571693 , -755829
-280862 , -121132 , 512401
177301 , -618886 , -348011
168041 , 196494 , 94688.7
155479 , -201565 , -425928
323781 , 274179 , 475063
-159070 , 890631 , 254568
-165249 , -269037 , -103566
8885.19 , -687814 , -85159.9
-393255 , 166491 , 841019
949669 , -331507 , 143451
-213447 , 155510 , 860032
300698 , 241165 , -1.07698e+06
-101964 , 449740 , -318483
360158 , -43791.8 , 980957
132971 , -258202 , -379013
-234132 , 17125.1 , -50973.5
-332818 , -703057 , 52565.4
-676015 , 511013 , 91050.5
199207 , -604480 , 488230
717867 , -276912 , -227484
-408370 , -2987.24 , 235716
-421124 , -203684 , -48809.2
182138 , -85198.2 , -920509
-20079.9 , -674517 , 403462
676414 , -182853 , 284919
189143 , 81635.5 , -289917
346717 , 853212 , -191163
336440 , 606488 , -557186
273743 , -236457 , 503647
-195819 , 779990 , 194208
963062 , -111549 , 236680
24425.7 , 700931 , 456721
29507.4 , 274635 , 892771
129006 , 15960 , 642601
548079 , 586138 , -48499.4
-250961 , -100996 , -1.19727e+06
858195 , 306545 , -403691
746681 , 688617 , -615058
507902 , 23938.1 , -139758
-517962 , -410191 , 458125
-60348.4 , 95088.3 , 523842
-541279 , 373636 , 126400
421247 , -441580 , -725226
-727127 , -99194.6 , 899015
-486656 , 183306 , 834666
-167291 , -12448.8 , -580042
294396 , 491183 , -362355
-507903 , -239281 , 378393
564425 , 150178 , 1.04009e+06
271631 , 297065 , 681500
484601 , -151684 , -1.03066e+06
672974 , 843934 , 650541
697722 , -132074 , -369590
-105163 , 576729 , 198700
-360266 , 981649 , -192484
-207879 , -321838 , -376083
-313490 , -392977 , -455405
-841279 , 246993 , -692
318561 , 500386 , 705294
-875465 , 385467 , 144483
-212714 , 443886 , 275534
-673304 , -17688.7 , -265114
689739 , 103948 , 54194.4
880488 , -529312 , -124.154
-54084.3 , 774545 , 324485
120090 , 452612 , 371052
734360 , 57279.5 , -821935
-238822 , -1.04412e+06 , -170869
-116994 , 449194 , -55652.5
-351960 , 683180 , -709011
381812 , 203423 , 682712
433433 , 49307 , 519849
272364 , 890065 , 712032
280390 , -496776 , -114007
453339 , 543362 , -270019
88810.8 , -568555 , 144444
-669538 , 296461 , 673084
-735006 , 85202.9 , 226477
-231054 , -1.00315e+06 , 352948
-209690 , 666569 , -4477.76
-209873 , 614812 , 310457
-115413 , -575420 , 128095
-535726 , 626602 , 171027
-396993 , -529260 , -693267
-542950 , 116301 , 94766.6
163137 , 759110 , -146152
147504 , -393658 , -275716
21650.6 , 908438 , -337131
-648605 , -267140 , 307042
98327.1 , 217443 , -100306
152315 , 397248 , 565222
-302915 , -300376 , 151484
292149 , 639743 , 412738
-288336 , -448478 , 109376
-624238 , 481700 , -484740
191666 , 357876 , 171623
409509 , 871623 , 315276
-326491 , 609916 , -38500.6
184198 , -190896 , 900467
95964.6 , 12403 , 665578
572648 , -62608.2 , 784941
-84714.5 , 1.16931e+06 , 132413
279023 , -30469 , 532257
433974 , -203979 , -593259
305837 , 899360 , -609561
170197 , 514389 , 719639
-397529 , 682864 , -323896
-241003 , -917274 , -36178.7
480229 , 46965.8 , 612562
-95775.4 , 810046 , 786309
-364555 , -595463 , 829962
414967 , -330999 , 662640
193747 , -706400 , -376826
63225.4 , -91140.2 , 832373
-40516.6 , 675647 , -250337
341933 , -29341.8 , -196364
448987 , 351791 , -339819
-530003 , -536011 , -77110.8
107247 , -529746 , -566680
25676.9 , -531478 , -577319
-388578 , -965640 , 464999
-39825.5 , 297324 , -485762
365476 , -118254 , 12843.6
-42990.2 , 111839 , 431262
185646 , -407951 , -790901
-76078 , 38053.2 , 668313
114888 , -640143 , 121691
51832.1 , -566835 , -141453
-226511 , 291096 , -574647
68215.6 , -714125 , -923285
189301 , -331559 , 552220
814438 , -261232 , -14179.7
497661 , 550403 , -143373
-595916 , 613594 , 422249
-374592 , -214078 , 456054
123251 , -116404 , 417459
-383814 , -970785 , 258295
-708613 , 1.05578e+06 , -214417
-420540 , 368466 , -552728
-170421 , 391482 , 311099
-49032.1 , 94470.6 , 69080
194050 , -789616 , -557826
-959452 , -410955 , -12218.3
624278 , -164794 , 853454
366439 , 57618.8 , -190900
-560791 , 283595 , -507667
896695 , 20874.6 , -448273
-113814 , 409042 , 354312
-322959 , -137418 , -804469
173283 , -526246 , -326989
-509966 , -204120 , -217260
180856 , -199762 , 439782
-683121 , -241583 , 770741
182865 , -249510 , 353747
-52284.5 , 49664.6 , -123406
434521 , 527049 , -68916.8
-184255 , 343884 , 501030
-244367 , -806345 , -528633
-5541.37 , 342526 , -726549
399600 , -168971 , 378105
-239258 , 680915 , 362935
170380 , 174394 , -163184
-633612 , 542684 , 401461
376893 , 686371 , 280586
1864.48 , 925248 , -8933.28
-37644.6 , -35863.5 , 431927
312033 , 738132 , 296734
770966 , -194096 , 202841
612471 , -305132 , 684159
-253384 , -781222 , 483449
-464027 , -581873 , -318033
794291 , -354672 , 405480
-467836 , 965055 , 62583.7
168027 , 1.10659e+06 , -286845
-610785 , -428550 , -50215.6
613446 , -224869 , -535111
-129279 , -532955 , 7265.94
-67269 , -688026 , -7149.09
-435344 , 390568 , 252935
-217558 , -857187 , 584252
-23191.3 , -12784.3 , 605298
147982 , 676390 , 435396
205307 , 595704 , 678260
290955 , -290077 , 621355
-791297 , -75375.8 , 523642
-623935 , 65678 , 234097
-794237 , -636253 , 144635
450154 , 276682 , -340091
-566652 , -204468 , -526653
-251686 , 520340 , -879432
-116466 , 129707 , 545118
271913 , -196377 , 51404.4
-129285 , 872734 , -337836
98673.6 , -175228 , 1.02915e+06
257632 , -572379 , 833538
-412308 , -485856 , 436590
-137921 , -856552 , -552380
555877 , -372732 , 503576
203978 , 109157 , 649814
-780835 , 789943 , 37248.7
656218 , 35890.7 , 68316.9
-198403 , -131355 , 416823
-254299 , 303124 , 922547
-409275 , 555597 , -308354
-65988.5 , 635308 , -81133.8
-138173 , 164983 , -268797
-340999 , 14651.9 , -659603
-40523.5 , -121499 , 154508
-387208 , -184307 , 132385
-469825 , -230160 , -638965
-411037 , 752277 , -305130
-213565 , 83907.4 , -380207
-9478.63 , -129394 , -696292
940463 , 147553 , 121641
824849 , -419953 , 129834
911328 , 519116 , 48132.5
95044.9 , -50604.2 , -393841
270881 , -393621 , -369929
197557 , -182226 , 219335
-129344 , -181980 , -930892
-13266.2 , -200583 , -474408
52565.6 , -466692 , -77609.6
