t,Ki,Mi,Ni,Vxi,Vyi,Vzi,Txi,Tyi,Tzi,Rxi,Ryi,Rzi,XX,YY,ZZ,XY,XZ,YZ,XVX,XVY,XVZ,YVX,YVY,YVZ,ZVX,ZVY,ZVZ,step,KEe,MEe,E,NP,L,SP,TP,VV,QP,MP,NS,VS,DT,ET,B,FV,EX,MEM,SE,OS,CR,LV,Ered,Bred,gas_index,duration,NN,pct_ion,Nmin,EP_0,DE,autostep,pc_scale,indeck,vdf_init,downsample,n,analytic_cs,nsamples,mix_thresh,fixed_background,eadf,ECS,egen,eesd,directory,n_gas,mobN,k_i,k_tot,k_1,k_2,k_3,k_4,k_5,k_6,k_7,k_8,k_9,k_10,k_11,k_12,k_13,k_14,k_15,k_16,k_17,k_18,k_19,k_20,k_21,k_22,k_23,k_24,k_25,k_26,k_27,k_28,k_29,k_30,k_31,k_32,k_33,D_XX_bulk,D_XX,D_YY_bulk,D_YY,D_ZZ_bulk,D_ZZ,D_H_bulk,D_H,Wz,mobN_bulk,a_n_bulk,a_n
0.0,0.0,0.0,3e+22,0.0,0.0,0.0,0.0,0.0,0.0,0.0,0.0,0.0,0.0,0.0,0.0,0.0,0.0,0.0,0.0,0.0,0.0,0.0,0.0,0.0,0.0,0.0,0.0,0.0,0.0,0.0,-30.000000000000004,30000 3000,1e-06,2,0.0 0.0259,0.0 0.0,-1.0 0.0,0.00054857 28.0,80000,1000,5e-10,0.0,0.0 0.0 0.0,1000 1000000 0,0,0.0,0,100,0,,10,,1,,,,1.0,10.0,0.1,False,{},,,False,3,mixed,250,300,True,Ar_Aubin,,False,uniform,Argon-Aubin-Test2/10Td,3.0000000000000005e+21,0.0,,,,,,,,,,,,,,,,,,,,,,,,,,,,,,,,,,,,,0.0,,0.0,,0.0,,0.0,,,,
5e-08,5375.81,0.179194,3e+22,160.009,156.82,237192.0,0.00936581,0.00936083,0.019793,4.99417874e-06,6.13471466e-06,0.00597311947,6.34423593e-07,6.33263949e-07,3.75170231e-05,-1.83654248e-09,1.36312696e-08,1.80805445e-08,27.1062519,0.0463244431,0.633678103,0.0924447273,27.1528104,0.747042665,0.0893744879,-0.0603443043,1489.65238,100.0,5375.813285,0.1791937762,-30.000000000000004,30000 3000,1e-06,2,0.0 0.0259,0.0 0.0,-1.0 0.0,0.00054857 28.0,80000,1000,5e-10,0.0,0.0 0.0 0.0,1000 1000000 0,0,0.0,0,100,0,,10,,1,,,,1.0,10.0,0.1,False,{},,,False,3,mixed,250,300,True,Ar_Aubin,,False,uniform,Argon-Aubin-Test2/10Td,3.0000000000000005e+21,2.37192e+25,0.0,2.296e-15,2.2960000000000002e-15,0.0,0.0,0.0,0.0,0.0,0.0,0.0,0.0,0.0,0.0,0.0,0.0,0.0,0.0,0.0,0.0,0.0,0.0,0.0,0.0,0.0,0.0,0.0,0.0,0.0,0.0,0.0,0.0,0.0,0.0,0.0,0.0,6.343986511787129,27.10545278645399,6.332263142760405,27.15184835404702,18.38866897106927,72.87622667176015,-0.3239911333710814,-1.4172795260733098,119462.3894,1.1946238940000001e+25,0.0,0.0
1e-07,20592.9,0.686428,3e+22,-715.305,-242.396,383507.0,0.106613,0.105008,0.325017,2.03966685e-05,7.30479871e-06,0.022881276,1.08247432e-05,1.08702098e-05,0.000552367221,-2.95605332e-10,2.00267616e-07,2.41628585e-08,275.238003,-1.09065126,4.33511673,-0.949128037,277.059307,1.8378912,-21.1961761,-6.62976882,9524.48315,200.0,20592.852986,0.6864284329,-30.000000000000004,30000 3000,1e-06,2,0.0 0.0259,0.0 0.0,-1.0 0.0,0.00054857 28.0,80000,1000,5e-10,0.0,0.0 0.0 0.0,1000 1000000 0,0,0.0,0,100,0,,10,,1,,,,1.0,10.0,0.1,False,{},,,False,3,mixed,250,300,True,Ar_Aubin,,False,uniform,Argon-Aubin-Test2/10Td,3.0000000000000005e+21,3.8350700000000004e+25,0.0,2.060222222222222e-15,2.0602222222222225e-15,0.0,0.0,0.0,0.0,0.0,0.0,0.0,0.0,0.0,0.0,0.0,0.0,0.0,0.0,0.0,0.0,0.0,0.0,0.0,0.0,0.0,0.0,0.0,0.0,0.0,0.0,0.0,0.0,0.0,0.0,0.0,0.0,101.8992852473539,275.2525928389614,102.36930125639766,277.0610776539881,269.7556271471711,749.3536350680006,-5.004692575209039,-8.316233387249504,338163.1306,3.3816313059999997e+25,0.0,0.0
1.5e-07,33556.9,1.11856,3e+22,-880.776,-674.006,170682.0,0.655997,0.652853,0.762636,-2.60112302e-06,7.30194524e-06,0.0372880523,0.000122347578,0.000120751593,0.00159778307,-2.03546011e-07,-5.86848017e-07,-3.1493993e-07,2254.58604,-3.30886514,-34.5369804,23.8415026,2212.93223,-3.19134052,-59.9515776,-28.5566638,8705.32818,300.0,33556.863962,1.118562132,-30.000000000000004,30000 3000,1e-06,2,0.0 0.0259,0.0 0.0,-1.0 0.0,0.00054857 28.0,80000,1000,5e-10,0.0,0.0 0.0 0.0,1000 1000000 0,0,0.0,0,100,0,,10,,1,,,,1.0,10.0,0.1,False,{},,,False,3,mixed,250,300,True,Ar_Aubin,,False,uniform,Argon-Aubin-Test2/10Td,3.0000000000000005e+21,1.7068200000000002e+25,0.0,9.41e-15,9.410000000000001e-15,0.0,0.0,0.0,0.0,0.0,0.0,0.0,0.0,0.0,0.0,0.0,0.0,0.0,0.0,0.0,0.0,0.0,0.0,0.0,0.0,0.0,0.0,0.0,0.0,0.0,0.0,0.0,0.0,0.0,0.0,0.0,0.0,1115.2324405824495,2254.583748993271,1098.8138324167992,2212.9371515549033,1785.6979606064076,2340.9288373314002,-4.468460407250001,-61.20217156811556,288135.526,2.88135526e+25,0.0,0.0
2e-07,38562.1,1.2854,3e+22,-486.041,-650.285,76534.2,0.850526,0.858608,0.828367,3.21654879e-05,-8.11554859e-05,0.0428541018,0.000429562311,0.000424740905,0.00225074236,-1.41896911e-06,-1.26094234e-06,-2.810667e-06,3480.42264,3.38163119,-43.8420105,-26.424922,3490.43101,-27.170055,-24.9478237,-27.8221892,5030.76782,400.0,38562.114635,1.285403821,-30.000000000000004,30000 3000,1e-06,2,0.0 0.0259,0.0 0.0,-1.0 0.0,0.00054857 28.0,80000,1000,5e-10,0.0,0.0 0.0 0.0,1000 1000000 0,0,0.0,0,100,0,,10,,1,,,,1.0,10.0,0.1,False,{},,,False,3,mixed,250,300,True,Ar_Aubin,,False,uniform,Argon-Aubin-Test2/10Td,3.0000000000000005e+21,7.653419999999999e+24,0.0,1.5375333333333334e-14,1.5375333333333334e-14,0.0,0.0,0.0,0.0,0.0,0.0,0.0,0.0,0.0,0.0,0.0,0.0,0.0,0.0,0.0,0.0,0.0,0.0,0.0,0.0,0.0,0.0,0.0,0.0,0.0,0.0,0.0,0.0,0.0,0.0,0.0,0.0,3072.137051472291,3480.438273745904,3039.827791055126,3490.378235804851,2068.8409324277163,1750.9634220184398,-42.990164542435245,-50.422743591062385,111320.99000000006,1.1132099000000007e+25,0.0,0.0
2.5e-07,41775.2,1.39251,3e+22,701.003,3057.31,63259.8,0.927558,0.918995,0.915653,4.91612172e-05,-0.000121869852,0.0464297289,0.000788620802,0.000781897261,0.00273718922,-1.33769483e-06,-3.40844266e-06,-8.04460998e-06,3654.13853,69.3909018,-113.128211,10.7281341,3524.61127,-20.6459545,47.8581146,158.445072,4431.13647,500.0,41775.213105,1.392507104,-30.000000000000004,30000 3000,1e-06,2,0.0 0.0259,0.0 0.0,-1.0 0.0,0.00054857 28.0,80000,1000,5e-10,0.0,0.0 0.0 0.0,1000 1000000 0,0,0.0,0,100,0,,10,,1,,,,1.0,10.0,0.1,False,{},,,False,3,mixed,250,300,True,Ar_Aubin,,False,uniform,Argon-Aubin-Test2/10Td,3.0000000000000005e+21,6.32598e+24,0.0,1.8472e-14,1.8472000000000002e-14,0.0,0.0,0.0,0.0,0.0,0.0,0.0,0.0,0.0,0.0,0.0,0.0,0.0,0.0,0.0,0.0,0.0,0.0,0.0,0.0,0.0,0.0,0.0,0.0,0.0,0.0,0.0,0.0,0.0,0.0,0.0,0.0,3590.5710879333533,3654.104067839259,3571.4808995206517,3524.983863917218,1672.011753572683,1494.0011057317802,-61.032384281535,-100.92740441591528,71512.54199999999,7.151254199999999e+24,0.0,0.0
3e-07,44625.0,1.4875,3e+22,-32.8768,-2040.67,62995.7,0.991053,0.981868,0.979494,-9.65351403e-06,-5.76032445e-05,0.0496016323,0.00115694728,0.00113591809,0.00318726567,-4.05717801e-06,-9.52080676e-06,-6.55113122e-06,3443.99721,-87.4268375,37.0757166,67.4703624,3475.92743,59.5784679,43.3802597,-185.747291,4522.91842,600.0,44625.03252,1.487501084,-30.000000000000004,30000 3000,1e-06,2,0.0 0.0259,0.0 0.0,-1.0 0.0,0.00054857 28.0,80000,1000,5e-10,0.0,0.0 0.0 0.0,1000 1000000 0,0,0.0,0,100,0,,10,,1,,,,1.0,10.0,0.1,False,{},,,False,3,mixed,250,300,True,Ar_Aubin,,False,uniform,Argon-Aubin-Test2/10Td,3.0000000000000005e+21,6.299569999999999e+24,0.0,2.1059333333333334e-14,2.1059333333333334e-14,0.0,0.0,0.0,0.0,0.0,0.0,0.0,0.0,0.0,0.0,0.0,0.0,0.0,0.0,0.0,0.0,0.0,0.0,0.0,0.0,0.0,0.0,0.0,0.0,0.0,0.0,0.0,0.0,0.0,0.0,0.0,0.0,3683.2880163494347,3443.99689262335,3540.323631270496,3475.8098807870465,1454.742489030922,1398.2288721188902,-67.01984119382061,82.69484911858032,63438.067999999905,6.34380679999999e+24,0.0,0.0
3.5e-07,47337.6,1.57792,3e+22,-2266.69,1054.58,54220.0,1.04427,1.04831,1.04651,-6.65260707e-05,-2.0575416e-05,0.0526239715,0.00151830462,0.00148011458,0.00361562152,-7.46158052e-06,-1.33061259e-05,-5.37735555e-06,3481.0714,-119.265042,132.910241,60.819755,3361.11218,-17.0381435,-177.362688,98.9632523,3819.87923,700.0,47337.606794,1.577920226,-30.000000000000004,30000 3000,1e-06,2,0.0 0.0259,0.0 0.0,-1.0 0.0,0.00054857 28.0,80000,1000,5e-10,0.0,0.0 0.0 0.0,1000 1000000 0,0,0.0,0,100,0,,10,,1,,,,1.0,10.0,0.1,False,{},,,False,3,mixed,250,300,True,Ar_Aubin,,False,uniform,Argon-Aubin-Test2/10Td,3.0000000000000005e+21,5.422e+24,0.0,2.3431111111111112e-14,2.3431111111111112e-14,0.0,0.0,0.0,0.0,0.0,0.0,0.0,0.0,0.0,0.0,0.0,0.0,0.0,0.0,0.0,0.0,0.0,0.0,0.0,0.0,0.0,0.0,0.0,0.0,0.0,0.0,0.0,0.0,0.0,0.0,0.0,0.0,3613.530074722503,3480.920606020805,3441.9938478603344,3361.1338784222053,1193.9540039159099,966.6074952700001,-15.26566289590333,78.43682651268902,60446.784000000036,6.044678400000004e+24,0.0,0.0
4e-07,49919.0,1.66397,3e+22,1079.27,-668.521,56164.0,1.09348,1.10476,1.11174,-3.87619053e-05,1.40653075e-05,0.0555025202,0.00187163294,0.00181466722,0.00403072868,-1.00291447e-05,-5.38867542e-06,1.45018147e-06,3328.1348,185.096529,-12.6451653,63.9529855,3464.21497,88.5145954,141.662084,19.9139829,4083.27183,800.0,49919.021852,1.663967395,-30.000000000000004,30000 3000,1e-06,2,0.0 0.0259,0.0 0.0,-1.0 0.0,0.00054857 28.0,80000,1000,5e-10,0.0,0.0 0.0 0.0,1000 1000000 0,0,0.0,0,100,0,,10,,1,,,,1.0,10.0,0.1,False,{},,,False,3,mixed,250,300,True,Ar_Aubin,,False,uniform,Argon-Aubin-Test2/10Td,3.0000000000000005e+21,5.6164e+24,0.0,2.5576666666666667e-14,2.557666666666667e-14,0.0,0.0,0.0,0.0,0.0,0.0,0.0,0.0,0.0,0.0,0.0,0.0,0.0,0.0,0.0,0.0,0.0,0.0,0.0,0.0,0.0,0.0,0.0,0.0,0.0,0.0,0.0,0.0,0.0,0.0,0.0,0.0,3533.3124323278043,3328.176634561533,3345.5286551486847,3464.2243729534352,1038.5978788140376,966.0282854871998,131.35935726759902,71.29173737301517,57570.97400000008,5.757097400000009e+24,0.0,0.0
4.5e-07,52380.9,1.74603,3e+22,-2200.06,-656.823,52315.2,1.15102,1.16853,1.15692,8.07077885e-06,-2.33688604e-05,0.0582493365,0.00221415658,0.00216749275,0.00445349429,-9.05652604e-06,1.09045711e-06,2.60377423e-06,3317.97595,-69.3153784,63.5619799,117.014589,3414.97148,-26.3985944,-91.4161464,11.3469225,4099.70952,900.0,52380.921414,1.746030714,-30.000000000000004,30000 3000,1e-06,2,0.0 0.0259,0.0 0.0,-1.0 0.0,0.00054857 28.0,80000,1000,5e-10,0.0,0.0 0.0 0.0,1000 1000000 0,0,0.0,0,100,0,,10,,1,,,,1.0,10.0,0.1,False,{},,,False,3,mixed,250,300,True,Ar_Aubin,,False,uniform,Argon-Aubin-Test2/10Td,3.0000000000000005e+21,5.23152e+24,0.0,2.7744888888888888e-14,2.774488888888889e-14,0.0,0.0,0.0,0.0,0.0,0.0,0.0,0.0,0.0,0.0,0.0,0.0,0.0,0.0,0.0,0.0,0.0,0.0,0.0,0.0,0.0,0.0,0.0,0.0,0.0,0.0,0.0,0.0,0.0,0.0,0.0,0.0,3425.2507734783107,3317.9937061977166,3528.2518172923883,3414.9561307950057,1103.1015586117658,1052.3838311352006,77.15263170091059,99.87564435049646,54936.32599999993,5.493632599999993e+24,0.0,0.0
5e-07,54655.1,1.82184,3e+22,-69.6586,2441.44,49805.7,1.20738,1.2074,1.21476,-2.98933536e-05,-1.95375834e-05,0.0607853651,0.00254248498,0.00250772783,0.00486231716,-1.50246013e-05,-1.75531196e-06,7.78788108e-06,3198.79301,-98.936875,100.101422,-263.889225,3014.53519,275.277016,35.2780095,88.2153105,4082.85621,1000.0,54655.097077,1.821836569,-30.000000000000004,30000 3000,1e-06,2,0.0 0.0259,0.0 0.0,-1.0 0.0,0.00054857 28.0,80000,1000,5e-10,0.0,0.0 0.0 0.0,1000 1000000 0,0,0.0,0,100,0,,10,,1,,,,1.0,10.0,0.1,False,{},,,False,3,mixed,250,300,True,Ar_Aubin,,False,uniform,Argon-Aubin-Test2/10Td,3.0000000000000005e+21,4.98057e+24,0.0,2.9737333333333335e-14,2.9737333333333335e-14,0.0,0.0,0.0,0.0,0.0,0.0,0.0,0.0,0.0,0.0,0.0,0.0,0.0,0.0,0.0,0.0,0.0,0.0,0.0,0.0,0.0,0.0,0.0,0.0,0.0,0.0,0.0,0.0,0.0,0.0,0.0,0.0,3283.275715248819,3198.7909276708388,3402.352443864711,3014.582889837616,1069.4746234993354,1055.39855143893,-11.171462886197356,141.1025143347504,50720.57200000008,5.072057200000009e+24,0.0,0.0
5.5e-07,56865.4,1.89551,3e+22,-1824.39,2571.67,47396.3,1.26674,1.25378,1.25768,-5.39627012e-05,-5.81772049e-05,0.0632540445,0.00287750253,0.00283425897,0.00526939395,-3.10044528e-05,-3.50118543e-06,1.89963203e-06,3095.54829,-573.397303,-69.786945,-3.81859211,3079.78094,-47.059984,-236.03425,272.004622,3962.91401,1100.0,56865.372762,1.895512425,-30.000000000000004,30000 3000,1e-06,2,0.0 0.0259,0.0 0.0,-1.0 0.0,0.00054857 28.0,80000,1000,5e-10,0.0,0.0 0.0 0.0,1000 1000000 0,0,0.0,0,100,0,,10,,1,,,,1.0,10.0,0.1,False,{},,,False,3,mixed,250,300,True,Ar_Aubin,,False,uniform,Argon-Aubin-Test2/10Td,3.0000000000000005e+21,4.7396300000000006e+24,0.0,3.170688888888889e-14,3.1706888888888894e-14,0.0,0.0,0.0,0.0,0.0,0.0,0.0,0.0,0.0,0.0,0.0,0.0,0.0,0.0,0.0,0.0,0.0,0.0,0.0,0.0,0.0,0.0,0.0,0.0,0.0,0.0,0.0,0.0,0.0,0.0,0.0,0.0,3350.1553163946874,3095.4498409875578,3265.2813712999528,3079.9305525725254,1008.6325473231866,964.9063406646501,-2.991855591887925,-187.86351637975946,49373.58799999986,4.937358799999986e+24,0.0,0.0
6e-07,58938.4,1.96461,3e+22,-5034.74,97.4548,43613.7,1.31205,1.29873,1.30748,-0.000174901511,-0.000134650625,0.0655707026,0.003200192,0.00315370349,0.00566817505,-3.94797131e-05,-1.53912456e-05,-1.76114193e-06,3144.30041,85.8723674,-118.021638,-194.740927,3017.76937,83.2393891,-305.355062,213.263665,3611.8272,1200.0,58938.404641,1.964613488,-30.000000000000004,30000 3000,1e-06,2,0.0 0.0259,0.0 0.0,-1.0 0.0,0.00054857 28.0,80000,1000,5e-10,0.0,0.0 0.0 0.0,1000 1000000 0,0,0.0,0,100,0,,10,,1,,,,1.0,10.0,0.1,False,{},,,False,3,mixed,250,300,True,Ar_Aubin,,False,uniform,Argon-Aubin-Test2/10Td,3.0000000000000005e+21,4.36137e+24,0.0,3.3539333333333335e-14,3.3539333333333335e-14,0.0,0.0,0.0,0.0,0.0,0.0,0.0,0.0,0.0,0.0,0.0,0.0,0.0,0.0,0.0,0.0,0.0,0.0,0.0,0.0,0.0,0.0,0.0,0.0,0.0,0.0,0.0,0.0,0.0,0.0,0.0,0.0,3226.617914345708,3143.4198263665076,3194.2977379635727,3017.782492349729,1003.3820615033221,752.0462480143801,-76.70008621946745,-85.61715876137526,46333.16200000015,4.633316200000015e+24,0.0,0.0
6.5e-07,61009.5,2.03365,3e+22,-3208.6,-5161.37,41252.3,1.33678,1.35984,1.36079,-0.00029836036,-0.00025043699,0.0678880071,0.0035204586,0.00346049947,0.00606436545,-3.9020312e-05,-3.20720925e-05,-1.4822688e-05,3180.51702,104.516892,-104.369599,-198.577991,3004.92296,-61.829265,-116.444026,-473.878179,3455.47469,1300.0,61009.477914,2.033649264,-30.000000000000004,30000 3000,1e-06,2,0.0 0.0259,0.0 0.0,-1.0 0.0,0.00054857 28.0,80000,1000,5e-10,0.0,0.0 0.0 0.0,1000 1000000 0,0,0.0,0,100,0,,10,,1,,,,1.0,10.0,0.1,False,{},,,False,3,mixed,250,300,True,Ar_Aubin,,False,uniform,Argon-Aubin-Test2/10Td,3.0000000000000005e+21,4.1252300000000006e+24,0.0,3.568711111111111e-14,3.5687111111111115e-14,0.0,0.0,0.0,0.0,0.0,0.0,0.0,0.0,0.0,0.0,0.0,0.0,0.0,0.0,0.0,0.0,0.0,0.0,0.0,0.0,0.0,0.0,0.0,0.0,0.0,0.0,0.0,0.0,0.0,0.0,0.0,0.0,3202.0817163413076,3179.559700948904,3067.5139210485213,3003.6303620329236,869.2593144799845,654.9382547086702,-157.8834324806615,9.319885659887973,46346.089999999844,4.6346089999999847e+24,0.0,0.0
7e-07,62857.1,2.09524,3e+22,2568.75,1544.28,39590.2,1.39872,1.39747,1.38532,-0.000274717496,-0.000257941769,0.0699563141,0.00382533132,0.00379181776,0.00644202995,-2.92667275e-05,-3.44401722e-05,-2.05993514e-05,3192.34014,-269.713991,-208.454609,-37.8172291,3364.69435,-263.683903,218.975092,26.24921,3794.70644,1400.0,62857.111659,2.095237055,-30.000000000000004,30000 3000,1e-06,2,0.0 0.0259,0.0 0.0,-1.0 0.0,0.00054857 28.0,80000,1000,5e-10,0.0,0.0 0.0 0.0,1000 1000000 0,0,0.0,0,100,0,,10,,1,,,,1.0,10.0,0.1,False,{},,,False,3,mixed,250,300,True,Ar_Aubin,,False,uniform,Argon-Aubin-Test2/10Td,3.0000000000000005e+21,3.95902e+24,0.0,3.7245555555555555e-14,3.724555555555556e-14,0.0,0.0,0.0,0.0,0.0,0.0,0.0,0.0,0.0,0.0,0.0,0.0,0.0,0.0,0.0,0.0,0.0,0.0,0.0,0.0,0.0,0.0,0.0,0.0,0.0,0.0,0.0,0.0,0.0,0.0,0.0,0.0,3048.862692018109,3193.0458205678497,3313.1447472976556,3365.0926843150314,925.6012555178967,1025.1219735181803,-68.09892998194138,-158.30367823423583,41366.14000000011,4.1366140000000107e+24,0.0,0.0
7.5e-07,64582.8,2.15276,3e+22,-2027.26,-656.183,36108.1,1.422,1.44545,1.43063,-0.000306518072,-0.000249545677,0.0718899405,0.00414561107,0.00412560125,0.0068182061,-3.36990914e-05,-2.538269e-05,-2.71926629e-05,3209.81553,61.3641281,375.845244,-83.7103708,3105.5539,-156.597911,23.154807,-99.7451357,3568.63652,1500.0,64582.762628,2.152758754,-30.000000000000004,30000 3000,1e-06,2,0.0 0.0259,0.0 0.0,-1.0 0.0,0.00054857 28.0,80000,1000,5e-10,0.0,0.0 0.0 0.0,1000 1000000 0,0,0.0,0,100,0,,10,,1,,,,1.0,10.0,0.1,False,{},,,False,3,mixed,250,300,True,Ar_Aubin,,False,uniform,Argon-Aubin-Test2/10Td,3.0000000000000005e+21,3.6108100000000006e+24,0.0,3.884111111111111e-14,3.884111111111111e-14,0.0,0.0,0.0,0.0,0.0,0.0,0.0,0.0,0.0,0.0,0.0,0.0,0.0,0.0,0.0,0.0,0.0,0.0,0.0,0.0,0.0,0.0,0.0,0.0,0.0,0.0,0.0,0.0,0.0,0.0,0.0,0.0,3202.612663741459,3209.1941381733573,3337.877509112862,3105.390152369029,1018.9848736431861,972.8273594319503,237.4964943862646,555.8074369736132,38672.527999999984,3.8672527999999987e+24,0.0,0.0
8e-07,66206.4,2.20688,3e+22,-339.877,805.037,31168.3,1.46303,1.46735,1.47785,-0.000451282095,-0.000233981702,0.0737140056,0.00445036936,0.00445311178,0.00717305706,-3.5944676e-05,-2.86093015e-05,-3.09065321e-05,3005.28716,-45.8509947,-45.8543769,405.171464,3219.04129,-5.98556063,16.0674832,177.399981,2991.43027,1600.0,66206.357617,2.206878587,-30.000000000000004,30000 3000,1e-06,2,0.0 0.0259,0.0 0.0,-1.0 0.0,0.00054857 28.0,80000,1000,5e-10,0.0,0.0 0.0 0.0,1000 1000000 0,0,0.0,0,100,0,,10,,1,,,,1.0,10.0,0.1,False,{},,,False,3,mixed,250,300,True,Ar_Aubin,,False,uniform,Argon-Aubin-Test2/10Td,3.0000000000000005e+21,3.11683e+24,0.0,4.0590444444444445e-14,4.059044444444445e-14,0.0,0.0,0.0,0.0,0.0,0.0,0.0,0.0,0.0,0.0,0.0,0.0,0.0,0.0,0.0,0.0,0.0,0.0,0.0,0.0,0.0,0.0,0.0,0.0,0.0,0.0,0.0,0.0,0.0,0.0,0.0,0.0,3046.48587799195,3005.1337795953978,3275.1805560803878,3219.229653927433,892.5988349671021,693.8900292575199,160.07266839510027,9.3324971028997,36481.30199999989,3.648130199999989e+24,0.0,0.0
8.5e-07,67804.6,2.26015,3e+22,2774.47,-4806.23,32203.7,1.51579,1.50668,1.49176,-0.000467246678,-0.00034953453,0.075510085,0.00477118289,0.00477141744,0.007537312,-3.36748217e-05,-2.05856238e-05,-3.58050134e-05,2954.76719,-27.8253659,-226.706473,-77.0792821,3063.06686,180.328636,376.321544,-676.629568,3210.90656,1700.0,67804.631941,2.260154398,-30.000000000000004,30000 3000,1e-06,2,0.0 0.0259,0.0 0.0,-1.0 0.0,0.00054857 28.0,80000,1000,5e-10,0.0,0.0 0.0 0.0,1000 1000000 0,0,0.0,0,100,0,,10,,1,,,,1.0,10.0,0.1,False,{},,,False,3,mixed,250,300,True,Ar_Aubin,,False,uniform,Argon-Aubin-Test2/10Td,3.0000000000000005e+21,3.22037e+24,0.0,4.2057333333333333e-14,4.205733333333334e-14,0.0,0.0,0.0,0.0,0.0,0.0,0.0,0.0,0.0,0.0,0.0,0.0,0.0,0.0,0.0,0.0,0.0,0.0,0.0,0.0,0.0,0.0,0.0,0.0,0.0,0.0,0.0,0.0,0.0,0.0,0.0,0.0,3207.9886607116505,2956.0635518907106,3182.3823304920775,3061.386916655878,962.3662488960489,779.2024356854995,200.79406387475805,-44.83832268564137,35921.58800000023,3.592158800000023e+24,0.0,0.0
9e-07,69380.5,2.31268,3e+22,1191.98,7445.0,29214.1,1.54731,1.53564,1.53725,-0.000470320831,-0.000193910046,0.0772826301,0.00509647365,0.00509003528,0.00789589848,-3.76154492e-05,-3.24400443e-05,-2.06672729e-05,2979.2796,97.5079392,-368.737538,100.324185,2835.7945,33.2752621,60.8535127,576.628415,2806.61012,1800.0,69380.488134,2.312682938,-30.000000000000004,30000 3000,1e-06,2,0.0 0.0259,0.0 0.0,-1.0 0.0,0.00054857 28.0,80000,1000,5e-10,0.0,0.0 0.0 0.0,1000 1000000 0,0,0.0,0,100,0,,10,,1,,,,1.0,10.0,0.1,False,{},,,False,3,mixed,250,300,True,Ar_Aubin,,False,uniform,Argon-Aubin-Test2/10Td,3.0000000000000005e+21,2.92141e+24,0.0,4.3581777777777773e-14,4.358177777777778e-14,0.0,0.0,0.0,0.0,0.0,0.0,0.0,0.0,0.0,0.0,0.0,0.0,0.0,0.0,0.0,0.0,0.0,0.0,0.0,0.0,0.0,0.0,0.0,0.0,0.0,0.0,0.0,0.0,0.0,0.0,0.0,0.0,3252.8787777403018,2979.840213024135,3187.024132817228,2837.23816029247,877.5450153379952,548.8676359955898,-215.77252122500036,-386.26337493768085,35450.9019999999,3.54509019999999e+24,0.0,0.0
9.5e-07,70963.2,2.36544,3e+22,-796.5,1691.01,30677.1,1.58152,1.57002,1.57397,-0.000377858596,-6.06932582e-05,0.0790642377,0.00539455344,0.0053691169,0.0082520091,-4.21367207e-05,-2.74609797e-05,3.24687112e-06,2945.96424,-125.418715,33.1275554,157.930798,2679.44056,155.954865,21.4720446,388.654631,3166.84861,1900.0,70963.222308,2.365440744,-30.000000000000004,30000 3000,1e-06,2,0.0 0.0259,0.0 0.0,-1.0 0.0,0.00054857 28.0,80000,1000,5e-10,0.0,0.0 0.0 0.0,1000 1000000 0,0,0.0,0,100,0,,10,,1,,,,1.0,10.0,0.1,False,{},,,False,3,mixed,250,300,True,Ar_Aubin,,False,uniform,Argon-Aubin-Test2/10Td,3.0000000000000005e+21,3.06771e+24,0.0,4.527022222222222e-14,4.527022222222223e-14,0.0,0.0,0.0,0.0,0.0,0.0,0.0,0.0,0.0,0.0,0.0,0.0,0.0,0.0,0.0,0.0,0.0,0.0,0.0,0.0,0.0,0.0,0.0,0.0,0.0,0.0,0.0,0.0,0.0,0.0,0.0,0.0,2981.5821456550143,2945.6632756282856,2791.155374343487,2679.543192906549,775.6185209132575,741.3870836533301,-29.869287187306917,129.16587126340158,35632.15199999997,3.5632151999999976e+24,0.0,0.0
1e-06,72405.0,2.4135,3e+22,4054.72,-1006.06,32409.4,1.59629,1.61312,1.61152,-0.000477242793,-2.58175699e-05,0.0806900865,0.00570627283,0.00565997287,0.0085980586,-4.604651e-05,-3.27616225e-05,5.45838091e-06,3030.50236,-456.301619,-53.5381081,-238.434455,3219.35166,-15.9486838,472.679085,6.86430724,3371.29887,2000.0,72405.016598,2.413500553,-30.000000000000004,30000 3000,1e-06,2,0.0 0.0259,0.0 0.0,-1.0 0.0,0.00054857 28.0,80000,1000,5e-10,0.0,0.0 0.0 0.0,1000 1000000 0,0,0.0,0,100,0,,10,,1,,,,1.0,10.0,0.1,False,{},,,False,3,mixed,250,300,True,Ar_Aubin,,False,uniform,Argon-Aubin-Test2/10Td,3.0000000000000005e+21,3.2409400000000006e+24,0.0,4.6601777777777776e-14,4.660177777777778e-14,0.0,0.0,0.0,0.0,0.0,0.0,0.0,0.0,0.0,0.0,0.0,0.0,0.0,0.0,0.0,0.0,0.0,0.0,0.0,0.0,0.0,0.0,0.0,0.0,0.0,0.0,0.0,0.0,0.0,0.0,0.0,0.0,3116.3440643510075,3032.437445897633,2908.5898712467515,3219.325685975626,863.131237046188,756.1815805869,66.66035195078643,107.43242194217424,32516.975999999922,3.2516975999999926e+24,0.0,0.0
1.05e-06,73842.5,2.46142,3e+22,935.453,5412.93,28346.2,1.64083,1.64508,1.63218,-0.000404611257,1.89648588e-05,0.0823102882,0.00600495668,0.00595541116,0.00895189572,-3.68328278e-05,-3.08770603e-05,1.20550815e-05,2700.53166,-19.2078982,64.9678521,-267.515751,2738.46444,-247.022264,328.746285,599.937003,2982.94491,2100.0,73842.459721,2.461415324,-30.000000000000004,30000 3000,1e-06,2,0.0 0.0259,0.0 0.0,-1.0 0.0,0.00054857 28.0,80000,1000,5e-10,0.0,0.0 0.0 0.0,1000 1000000 0,0,0.0,0,100,0,,10,,1,,,,1.0,10.0,0.1,False,{},,,False,3,mixed,250,300,True,Ar_Aubin,,False,uniform,Argon-Aubin-Test2/10Td,3.0000000000000005e+21,2.8346200000000003e+24,0.0,4.8184888888888884e-14,4.818488888888889e-14,0.0,0.0,0.0,0.0,0.0,0.0,0.0,0.0,0.0,0.0,0.0,0.0,0.0,0.0,0.0,0.0,0.0,0.0,0.0,0.0,0.0,0.0,0.0,0.0,0.0,0.0,0.0,0.0,0.0,0.0,0.0,0.0,2987.4790041417923,2700.9101548141944,2954.3859688104662,2738.3617845468557,897.4363581042318,649.76101862516,-66.41061752074651,328.18592268561883,32404.034000000083,3.240403400000009e+24,0.0,0.0
1.1e-06,75134.0,2.50447,3e+22,3477.9,-1681.49,29256.7,1.67119,1.65114,1.68166,-0.000384842032,0.000171571307,0.0837722605,0.00630631195,0.00625495264,0.00926805564,-5.46053332e-05,-3.0267272e-05,2.56851734e-05,3087.32018,161.398626,393.24978,-406.024292,2796.57001,-338.135096,443.520749,-148.275776,3384.15209,2200.0,75134.03767,2.504467922,-30.000000000000004,30000 3000,1e-06,2,0.0 0.0259,0.0 0.0,-1.0 0.0,0.00054857 28.0,80000,1000,5e-10,0.0,0.0 0.0 0.0,1000 1000000 0,0,0.0,0,100,0,,10,,1,,,,1.0,10.0,0.1,False,{},,,False,3,mixed,250,300,True,Ar_Aubin,,False,uniform,Argon-Aubin-Test2/10Td,3.0000000000000005e+21,2.9256700000000005e+24,0.0,4.954044444444444e-14,4.954044444444445e-14,0.0,0.0,0.0,0.0,0.0,0.0,0.0,0.0,0.0,0.0,0.0,0.0,0.0,0.0,0.0,0.0,0.0,0.0,0.0,0.0,0.0,0.0,0.0,0.0,0.0,0.0,0.0,0.0,0.0,0.0,0.0,0.0,3013.7087687969693,3088.658622103093,2995.1240295248394,2796.8585054370074,733.5183428719763,933.25219622965,-9.095878331618477,556.6781920846644,29239.446000000058,2.923944600000006e+24,0.0,0.0
1.15e-06,76502.7,2.55009,3e+22,-1520.92,4417.36,30506.8,1.67769,1.69804,1.71903,-0.000486732641,0.000275099789,0.0853209607,0.00662525216,0.00656019349,0.00962030544,-5.01168885e-05,-3.47896357e-05,3.10785475e-05,2731.33888,170.078223,215.710693,-120.741973,2819.17356,-52.1210885,-121.222891,634.064005,3360.84686,2300.0,76502.658031,2.550088601,-30.000000000000004,30000 3000,1e-06,2,0.0 0.0259,0.0 0.0,-1.0 0.0,0.00054857 28.0,80000,1000,5e-10,0.0,0.0 0.0 0.0,1000 1000000 0,0,0.0,0,100,0,,10,,1,,,,1.0,10.0,0.1,False,{},,,False,3,mixed,250,300,True,Ar_Aubin,,False,uniform,Argon-Aubin-Test2/10Td,3.0000000000000005e+21,3.05068e+24,0.0,5.074622222222222e-14,5.074622222222223e-14,0.0,0.0,0.0,0.0,0.0,0.0,0.0,0.0,0.0,0.0,0.0,0.0,0.0,0.0,0.0,0.0,0.0,0.0,0.0,0.0,0.0,0.0,0.0,0.0,0.0,0.0,0.0,0.0,0.0,0.0,0.0,0.0,3188.5140472577914,2730.59859859165,3051.9460681947744,2817.958345196063,903.750945089165,757.97737611724,95.34091756229745,239.1028128803028,30974.004000000055,3.097400400000006e+24,0.0,0.0
1.2e-06,77984.6,2.59949,3e+22,-2364.19,-3928.02,36401.4,1.72919,1.71256,1.74957,-0.000584120628,0.000226377948,0.0869947842,0.00690167099,0.00685688818,0.0100039989,-5.00098565e-05,-3.55405582e-05,2.82986202e-05,2690.87828,-0.705765383,387.674947,422.783269,3136.61605,-234.336992,-171.310038,-282.193675,4195.04162,2400.0,77984.568888,2.59948563,-30.000000000000004,30000 3000,1e-06,2,0.0 0.0259,0.0 0.0,-1.0 0.0,0.00054857 28.0,80000,1000,5e-10,0.0,0.0 0.0 0.0,1000 1000000 0,0,0.0,0,100,0,,10,,1,,,,1.0,10.0,0.1,False,{},,,False,3,mixed,250,300,True,Ar_Aubin,,False,uniform,Argon-Aubin-Test2/10Td,3.0000000000000005e+21,3.64014e+24,0.0,5.226066666666666e-14,5.226066666666667e-14,0.0,0.0,0.0,0.0,0.0,0.0,0.0,0.0,0.0,0.0,0.0,0.0,0.0,0.0,0.0,0.0,0.0,0.0,0.0,0.0,0.0,0.0,0.0,0.0,0.0,0.0,0.0,0.0,0.0,0.0,0.0,0.0,2763.1454175575977,2689.4973078524886,2967.1912291856765,3137.505267107303,952.6731676637573,1028.3096824221202,170.72057890920536,443.29991648587713,33476.46999999981,3.3476469999999814e+24,0.0,0.0
1.25e-06,79287.6,2.64292,3e+22,1003.16,-3441.59,32776.4,1.77203,1.75297,1.75467,-0.000587086361,0.000169028908,0.0884744596,0.00719621422,0.00716130418,0.0103459879,-4.69884517e-05,-2.64893213e-05,2.82780637e-05,2887.54759,-148.993673,6.77472106,168.968097,3048.14096,-180.485141,56.8849295,-716.60289,3883.97814,2500.0,79287.639012,2.6429213,-30.000000000000004,30000 3000,1e-06,2,0.0 0.0259,0.0 0.0,-1.0 0.0,0.00054857 28.0,80000,1000,5e-10,0.0,0.0 0.0 0.0,1000 1000000 0,0,0.0,0,100,0,,10,,1,,,,1.0,10.0,0.1,False,{},,,False,3,mixed,250,300,True,Ar_Aubin,,False,uniform,Argon-Aubin-Test2/10Td,3.0000000000000005e+21,3.2776400000000005e+24,0.0,5.365555555555555e-14,5.365555555555556e-14,0.0,0.0,0.0,0.0,0.0,0.0,0.0,0.0,0.0,0.0,0.0,0.0,0.0,0.0,0.0,0.0,0.0,0.0,0.0,0.0,0.0,0.0,0.0,0.0,0.0,0.0,0.0,0.0,0.0,0.0,0.0,0.0,2945.397565127829,2888.136531553901,3044.386762036007,3048.722688199484,823.5147649253774,984.10386236656,203.55874896754068,-5.851810929655599,29593.508000000103,2.9593508000000107e+24,0.0,0.0
1.3e-06,80632.4,2.68775,3e+22,-4170.15,3233.72,21172.0,1.77998,1.79016,1.80264,-0.000612965758,0.000122898986,0.0899983873,0.0074746993,0.00745583527,0.0106941445,-4.46345811e-05,-3.69746603e-05,2.69176277e-05,2909.06627,-210.819346,98.48097,93.5692377,2890.78751,485.514339,-811.620707,261.82125,1996.88696,2600.0,80632.365977,2.687745533,-30.000000000000004,30000 3000,1e-06,2,0.0 0.0259,0.0 0.0,-1.0 0.0,0.00054857 28.0,80000,1000,5e-10,0.0,0.0 0.0 0.0,1000 1000000 0,0,0.0,0,100,0,,10,,1,,,,1.0,10.0,0.1,False,{},,,False,3,mixed,250,300,True,Ar_Aubin,,False,uniform,Argon-Aubin-Test2/10Td,3.0000000000000005e+21,2.1172000000000001e+24,0.0,5.514244444444444e-14,5.514244444444445e-14,0.0,0.0,0.0,0.0,0.0,0.0,0.0,0.0,0.0,0.0,0.0,0.0,0.0,0.0,0.0,0.0,0.0,0.0,0.0,0.0,0.0,0.0,0.0,0.0,0.0,0.0,0.0,0.0,0.0,0.0,0.0,0.0,2784.5402337479172,2906.510110844276,2945.445566109794,2890.390089090992,761.7688491123008,91.4411040844002,-145.23115675766874,-324.8552511725291,30478.55399999994,3.047855399999994e+24,0.0,0.0
1.35e-06,81908.0,2.73027,3e+22,2425.02,3026.5,25663.1,1.81682,1.82216,1.81772,-0.000544271898,0.000322541473,0.0914465062,0.00776295714,0.00774436686,0.0110383638,-4.43964474e-05,-3.12916454e-05,5.70184158e-05,2661.79304,-37.3629254,-483.564415,434.866857,3345.42961,583.039638,333.587506,-61.929039,3139.49444,2700.0,81908.000142,2.730266671,-30.000000000000004,30000 3000,1e-06,2,0.0 0.0259,0.0 0.0,-1.0 0.0,0.00054857 28.0,80000,1000,5e-10,0.0,0.0 0.0 0.0,1000 1000000 0,0,0.0,0,100,0,,10,,1,,,,1.0,10.0,0.1,False,{},,,False,3,mixed,250,300,True,Ar_Aubin,,False,uniform,Argon-Aubin-Test2/10Td,3.0000000000000005e+21,2.56631e+24,0.0,5.632888888888889e-14,5.6328888888888894e-14,0.0,0.0,0.0,0.0,0.0,0.0,0.0,0.0,0.0,0.0,0.0,0.0,0.0,0.0,0.0,0.0,0.0,0.0,0.0,0.0,0.0,0.0,0.0,0.0,0.0,0.0,0.0,0.0,0.0,0.0,0.0,0.0,2883.3733512152826,2663.112910238088,2884.426611589547,3344.4534382319657,814.6552041416073,792.6936067387801,5.776974096413808,-357.7688113195602,28962.378000000066,2.8962378000000066e+24,0.0,0.0
1.4e-06,83162.9,2.7721,3e+22,-597.856,1005.27,30078.4,1.84701,1.84342,1.84861,-0.000609473117,0.000367524955,0.0928802946,0.00805711783,0.00801038879,0.011393735,-4.14363354e-05,-3.43138692e-05,6.64635881e-05,3053.08675,65.8572335,-66.7439537,89.6094999,2369.62146,160.56374,210.427957,58.7142564,3579.05513,2800.0,83162.86504,2.772095501,-30.000000000000004,30000 3000,1e-06,2,0.0 0.0259,0.0 0.0,-1.0 0.0,0.00054857 28.0,80000,1000,5e-10,0.0,0.0 0.0 0.0,1000 1000000 0,0,0.0,0,100,0,,10,,1,,,,1.0,10.0,0.1,False,{},,,False,3,mixed,250,300,True,Ar_Aubin,,False,uniform,Argon-Aubin-Test2/10Td,3.0000000000000005e+21,3.00784e+24,0.0,5.7872e-14,5.7872e-14,0.0,0.0,0.0,0.0,0.0,0.0,0.0,0.0,0.0,0.0,0.0,0.0,0.0,0.0,0.0,0.0,0.0,0.0,0.0,0.0,0.0,0.0,0.0,0.0,0.0,0.0,0.0,0.0,0.0,0.0,0.0,0.0,2940.8546441860635,3052.7223728401627,2659.908884092574,2369.251998188487,910.8557120385101,785.3644769033604,76.28110725594996,217.54502091075037,28675.767999999935,2.8675767999999934e+24,0.0,0.0
1.45e-06,84400.7,2.81336,3e+22,-488.98,-5732.36,24595.9,1.87828,1.87445,1.87036,-0.000652383551,0.000484838919,0.0942931329,0.00832722983,0.00830109147,0.0117400152,-4.80585479e-05,-3.7899022e-05,7.99201823e-05,2696.97714,-366.743321,-226.955303,294.735649,3060.99047,435.230322,-155.971046,-1088.95647,3109.77519,2900.0,84400.729245,2.813357641,-30.000000000000004,30000 3000,1e-06,2,0.0 0.0259,0.0 0.0,-1.0 0.0,0.00054857 28.0,80000,1000,5e-10,0.0,0.0 0.0 0.0,1000 1000000 0,0,0.0,0,100,0,,10,,1,,,,1.0,10.0,0.1,False,{},,,False,3,mixed,250,300,True,Ar_Aubin,,False,uniform,Argon-Aubin-Test2/10Td,3.0000000000000005e+21,2.45959e+24,0.0,5.9104e-14,5.910400000000001e-14,0.0,0.0,0.0,0.0,0.0,0.0,0.0,0.0,0.0,0.0,0.0,0.0,0.0,0.0,0.0,0.0,0.0,0.0,0.0,0.0,0.0,0.0,0.0,0.0,0.0,0.0,0.0,0.0,0.0,0.0,0.0,0.0,2700.5785318272997,2696.658137491232,2906.026858151712,3063.769741225719,818.3441288572499,790.5507225048896,26.44186836953363,-320.77293229251705,28256.76600000021,2.8256766000000213e+24,0.0,0.0
1.5e-06,85442.4,2.84808,3e+22,-4203.8,-2254.24,27655.8,1.89725,1.89547,1.89896,-0.000556115779,0.000355534068,0.0954878864,0.0086024308,0.00863531063,0.0120373752,-4.8709436e-05,-4.21061419e-05,5.90921189e-05,2597.66586,356.537062,-295.412592,-10.7580008,2653.77172,447.842865,-871.849081,-247.063771,3645.26179,3000.0,85442.352157,2.848078405,-30.000000000000004,30000 3000,1e-06,2,0.0 0.0259,0.0 0.0,-1.0 0.0,0.00054857 28.0,80000,1000,5e-10,0.0,0.0 0.0 0.0,1000 1000000 0,0,0.0,0,100,0,,10,,1,,,,1.0,10.0,0.1,False,{},,,False,3,mixed,250,300,True,Ar_Aubin,,False,uniform,Argon-Aubin-Test2/10Td,3.0000000000000005e+21,2.76558e+24,0.0,6.0428e-14,6.042800000000001e-14,0.0,0.0,0.0,0.0,0.0,0.0,0.0,0.0,0.0,0.0,0.0,0.0,0.0,0.0,0.0,0.0,0.0,0.0,0.0,0.0,0.0,0.0,0.0,0.0,0.0,0.0,0.0,0.0,0.0,0.0,0.0,0.0,2753.173095379636,2595.3280604882398,3343.2782430386883,2654.5731791174485,706.1846295775866,1004.46790129888,-252.40176891634894,-750.4698693908118,23895.069999999854,2.3895069999999855e+24,0.0,0.0
1.55e-06,86591.4,2.88638,3e+22,-99.245,-4383.45,30626.4,1.92696,1.91638,1.92398,-0.000441608578,0.000292903452,0.0968034859,0.00887988107,0.00892319618,0.012374278,-5.20534976e-05,-3.15934784e-05,4.86325338e-05,3102.48797,694.174275,126.120615,-181.210746,2894.05994,-255.099037,-220.244188,-665.004028,3791.87314,3100.0,86591.366865,2.886378895,-30.000000000000004,30000 3000,1e-06,2,0.0 0.0259,0.0 0.0,-1.0 0.0,0.00054857 28.0,80000,1000,5e-10,0.0,0.0 0.0 0.0,1000 1000000 0,0,0.0,0,100,0,,10,,1,,,,1.0,10.0,0.1,False,{},,,False,3,mixed,250,300,True,Ar_Aubin,,False,uniform,Argon-Aubin-Test2/10Td,3.0000000000000005e+21,3.0626400000000004e+24,0.0,6.142577777777778e-14,6.142577777777778e-14,0.0,0.0,0.0,0.0,0.0,0.0,0.0,0.0,0.0,0.0,0.0,0.0,0.0,0.0,0.0,0.0,0.0,0.0,0.0,0.0,0.0,0.0,0.0,0.0,0.0,0.0,0.0,0.0,0.0,0.0,0.0,0.0,2775.6451662348977,3102.4441425566765,2879.2616204131527,2895.3438676366695,839.2436674780658,827.13085943224,3.1918584668509546,-70.99143008859531,26311.99000000001,2.631199000000001e+24,0.0,0.0
1.6e-06,87726.5,2.92422,3e+22,-1031.15,-5345.9,21211.3,1.95837,1.94896,1.93838,-0.000464776956,0.000315171805,0.0981041698,0.00914287509,0.00920419113,0.0127026401,-5.07349387e-05,-3.63446421e-05,5.51933915e-05,2609.68105,-14.9987763,-207.480166,32.4497143,2644.31,-255.842154,-283.016378,-605.192785,2548.97795,3200.0,87726.48753,2.924216251,-30.000000000000004,30000 3000,1e-06,2,0.0 0.0259,0.0 0.0,-1.0 0.0,0.00054857 28.0,80000,1000,5e-10,0.0,0.0 0.0 0.0,1000 1000000 0,0,0.0,0,100,0,,10,,1,,,,1.0,10.0,0.1,False,{},,,False,3,mixed,250,300,True,Ar_Aubin,,False,uniform,Argon-Aubin-Test2/10Td,3.0000000000000005e+21,2.1211299999999998e+24,0.0,6.2784e-14,6.278400000000001e-14,0.0,0.0,0.0,0.0,0.0,0.0,0.0,0.0,0.0,0.0,0.0,0.0,0.0,0.0,0.0,0.0,0.0,0.0,0.0,0.0,0.0,0.0,0.0,0.0,0.0,0.0,0.0,0.0,0.0,0.0,0.0,0.0,2629.7302051733404,2609.201795241821,2809.814091655257,2645.9948769523494,748.4885024426625,468.06097312125985,-38.0771208638183,-379.47790586392716,26013.67800000004,2.601367800000004e+24,0.0,0.0
1.65e-06,88858.1,2.96194,3e+22,-984.269,3397.08,24706.8,1.97876,1.95425,1.98733,-0.000417829356,0.000285800379,0.0994019,0.00939997039,0.00947189275,0.0130272836,-4.72363152e-05,-5.08666844e-05,3.61947971e-05,2255.42604,114.560713,-472.003823,-82.7692742,2778.31871,23.5488228,-393.168168,524.565338,3125.41961,3300.0,88858.088582,2.961936286,-30.000000000000004,30000 3000,1e-06,2,0.0 0.0259,0.0 0.0,-1.0 0.0,0.00054857 28.0,80000,1000,5e-10,0.0,0.0 0.0 0.0,1000 1000000 0,0,0.0,0,100,0,,10,,1,,,,1.0,10.0,0.1,False,{},,,False,3,mixed,250,300,True,Ar_Aubin,,False,uniform,Argon-Aubin-Test2/10Td,3.0000000000000005e+21,2.47068e+24,0.0,6.41051111111111e-14,6.410511111111112e-14,0.0,0.0,0.0,0.0,0.0,0.0,0.0,0.0,0.0,0.0,0.0,0.0,0.0,0.0,0.0,0.0,0.0,0.0,0.0,0.0,0.0,0.0,0.0,0.0,0.0,0.0,0.0,0.0,0.0,0.0,0.0,0.0,2571.3673624809358,2255.014783517599,2677.192714100312,2777.3478232485068,683.3390853723184,669.5167470799997,-371.7113569674947,-757.0105559560791,25954.603999999992,2.595460399999999e+24,0.0,0.0
1.7e-06,89954.5,2.99848,3e+22,-5459.58,-76.1052,22133.8,2.01922,1.98697,1.98783,-0.000289255029,0.000263037865,0.100661783,0.00967752925,0.00977092055,0.0133464974,-3.94985203e-05,-3.68726463e-05,2.90901859e-05,2519.667,-40.814573,-173.439422,-231.075894,2937.36855,148.728333,-854.511358,-125.782805,2530.13838,3400.0,89954.546336,2.998484878,-30.000000000000004,30000 3000,1e-06,2,0.0 0.0259,0.0 0.0,-1.0 0.0,0.00054857 28.0,80000,1000,5e-10,0.0,0.0 0.0 0.0,1000 1000000 0,0,0.0,0,100,0,,10,,1,,,,1.0,10.0,0.1,False,{},,,False,3,mixed,250,300,True,Ar_Aubin,,False,uniform,Argon-Aubin-Test2/10Td,3.0000000000000005e+21,2.21338e+24,0.0,6.525222222222222e-14,6.525222222222223e-14,0.0,0.0,0.0,0.0,0.0,0.0,0.0,0.0,0.0,0.0,0.0,0.0,0.0,0.0,0.0,0.0,0.0,0.0,0.0,0.0,0.0,0.0,0.0,0.0,0.0,0.0,0.0,0.0,0.0,0.0,0.0,0.0,2776.4977289893372,2518.087789028772,2990.402929382106,2937.3885685493237,671.5696687091197,302.11060743459984,31.558663973606198,-471.9774098079797,25197.66000000007,2.519766000000007e+24,0.0,0.0
1.75e-06,90939.5,3.03132,3e+22,-2323.91,-5038.09,21840.3,2.00945,2.01273,2.03757,-0.000328141253,0.000193802343,0.101800201,0.00994994174,0.0100858639,0.0136395114,-5.41266794e-05,-4.59023815e-05,2.13068305e-05,2656.78211,137.467496,-85.4416319,-145.939631,2776.42673,54.8101799,-295.246318,-358.819992,2989.00063,3500.0,90939.511792,3.03131706,-30.000000000000004,30000 3000,1e-06,2,0.0 0.0259,0.0 0.0,-1.0 0.0,0.00054857 28.0,80000,1000,5e-10,0.0,0.0 0.0 0.0,1000 1000000 0,0,0.0,0,100,0,,10,,1,,,,1.0,10.0,0.1,False,{},,,False,3,mixed,250,300,True,Ar_Aubin,,False,uniform,Argon-Aubin-Test2/10Td,3.0000000000000005e+21,2.18403e+24,0.0,6.627822222222222e-14,6.627822222222223e-14,0.0,0.0,0.0,0.0,0.0,0.0,0.0,0.0,0.0,0.0,0.0,0.0,0.0,0.0,0.0,0.0,0.0,0.0,0.0,0.0,0.0,0.0,0.0,0.0,0.0,0.0,0.0,0.0,0.0,0.0,0.0,0.0,2723.8848178988246,2656.0195392607407,3149.74979570273,2777.403123646245,625.2763309868604,765.6537000997,-94.83633298129715,-136.94674138619408,22768.360000000044,2.2768360000000044e+24,0.0,0.0
1.8e-06,91961.9,3.0654,3e+22,-85.057,-620.591,18062.7,2.02912,2.03266,2.06716,-0.000383663232,0.000208692284,0.102983012,0.0102387555,0.0103794908,0.0139677034,-6.37591817e-05,-5.53063146e-05,2.28105893e-05,2922.74657,398.356313,277.505243,-251.686922,2738.18691,125.619369,-71.3942127,-24.7506408,2190.45075,3600.0,91961.916817,3.065397227,-30.000000000000004,30000 3000,1e-06,2,0.0 0.0259,0.0 0.0,-1.0 0.0,0.00054857 28.0,80000,1000,5e-10,0.0,0.0 0.0 0.0,1000 1000000 0,0,0.0,0,100,0,,10,,1,,,,1.0,10.0,0.1,False,{},,,False,3,mixed,250,300,True,Ar_Aubin,,False,uniform,Argon-Aubin-Test2/10Td,3.0000000000000005e+21,1.80627e+24,0.0,6.752022222222221e-14,6.752022222222223e-14,0.0,0.0,0.0,0.0,0.0,0.0,0.0,0.0,0.0,0.0,0.0,0.0,0.0,0.0,0.0,0.0,0.0,0.0,0.0,0.0,0.0,0.0,0.0,0.0,0.0,0.0,0.0,0.0,0.0,0.0,0.0,0.0,2887.742392063304,2922.7139367564755,2936.2090687875057,2738.3164225532196,859.7216304825906,330.2994991475998,-65.9596677355413,221.8004502123304,23656.21999999984,2.3656219999999844e+24,0.0,0.0
1.85e-06,92808.5,3.09362,3e+22,20.5819,-2311.89,14332.6,2.05089,2.08282,2.05232,-0.000502998791,0.000227962678,0.103969853,0.0105151649,0.0106533645,0.0142507351,-6.31918532e-05,-6.72343977e-05,2.77180801e-05,2378.36859,233.775229,-268.164477,224.725684,2577.58461,-152.815821,-144.242287,-725.043135,1780.76884,3700.0,92808.497346,3.093616578,-30.000000000000004,30000 3000,1e-06,2,0.0 0.0259,0.0 0.0,-1.0 0.0,0.00054857 28.0,80000,1000,5e-10,0.0,0.0 0.0 0.0,1000 1000000 0,0,0.0,0,100,0,,10,,1,,,,1.0,10.0,0.1,False,{},,,False,3,mixed,250,300,True,Ar_Aubin,,False,uniform,Argon-Aubin-Test2/10Td,3.0000000000000005e+21,1.43326e+24,0.0,6.856155555555555e-14,6.856155555555556e-14,0.0,0.0,0.0,0.0,0.0,0.0,0.0,0.0,0.0,0.0,0.0,0.0,0.0,0.0,0.0,0.0,0.0,0.0,0.0,0.0,0.0,0.0,0.0,0.0,0.0,0.0,0.0,0.0,0.0,0.0,0.0,0.0,2763.035896918408,2378.3789426708167,2738.6528548684064,2578.111634635641,788.0212775053519,290.6105248921999,17.15664068865889,-407.33738064557406,19736.820000000043,1.9736820000000044e+24,0.0,0.0
1.9e-06,93712.7,3.12376,3e+22,641.37,5336.77,20796.7,2.07307,2.06219,2.10963,-0.000469891727,0.000213781138,0.105024532,0.010785715,0.0109264883,0.0145373239,-5.86584061e-05,-6.7564624e-05,1.3379324e-05,3178.04446,-782.313149,421.667364,-78.3544833,2392.87001,-555.439581,201.746929,821.203965,2654.10791,3800.0,93712.723508,3.12375745,-30.000000000000004,30000 3000,1e-06,2,0.0 0.0259,0.0 0.0,-1.0 0.0,0.00054857 28.0,80000,1000,5e-10,0.0,0.0 0.0 0.0,1000 1000000 0,0,0.0,0,100,0,,10,,1,,,,1.0,10.0,0.1,False,{},,,False,3,mixed,250,300,True,Ar_Aubin,,False,uniform,Argon-Aubin-Test2/10Td,3.0000000000000005e+21,2.07967e+24,0.0,6.966266666666667e-14,6.966266666666667e-14,0.0,0.0,0.0,0.0,0.0,0.0,0.0,0.0,0.0,0.0,0.0,0.0,0.0,0.0,0.0,0.0,0.0,0.0,0.0,0.0,0.0,0.0,0.0,0.0,0.0,0.0,0.0,0.0,0.0,0.0,0.0,0.0,2705.823095486438,3178.3458344569462,2731.30064607597,2391.7291092361556,661.6681102258361,469.9442253555999,-65.53555881201939,565.8269061900609,21093.580000000056,2.109358000000006e+24,0.0,0.0
1.95e-06,94641.1,3.1547,3e+22,413.008,2641.16,23910.6,2.08757,2.12278,2.09577,-0.000521844858,0.000281190504,0.106101697,0.0110801592,0.0112106194,0.014826974,-6.35784045e-05,-6.3409895e-05,2.10508914e-05,2743.37733,-564.354294,-677.334678,630.133304,2753.52721,256.796025,201.052142,249.073004,3280.78592,3900.0,94641.102576,3.154703419,-30.000000000000004,30000 3000,1e-06,2,0.0 0.0259,0.0 0.0,-1.0 0.0,0.00054857 28.0,80000,1000,5e-10,0.0,0.0 0.0 0.0,1000 1000000 0,0,0.0,0,100,0,,10,,1,,,,1.0,10.0,0.1,False,{},,,False,3,mixed,250,300,True,Ar_Aubin,,False,uniform,Argon-Aubin-Test2/10Td,3.0000000000000005e+21,2.39106e+24,0.0,7.036933333333333e-14,7.036933333333333e-14,0.0,0.0,0.0,0.0,0.0,0.0,0.0,0.0,0.0,0.0,0.0,0.0,0.0,0.0,0.0,0.0,0.0,0.0,0.0,0.0,0.0,0.0,0.0,0.0,0.0,0.0,0.0,0.0,0.0,0.0,0.0,0.0,2943.9267617928367,2743.592856101113,2840.97734275424,2752.7845408884555,622.3231553921689,743.8306837118002,203.46390571354513,-507.62576201288124,21543.29999999982,2.1543299999999825e+24,0.0,0.0
2e-06,95666.2,3.18887,3e+22,-2409.77,180.976,17664.8,2.12539,2.12424,2.12631,-0.000565318941,0.000349833381,0.107293917,0.0113561144,0.0114985861,0.0151401577,-5.00362988e-05,-7.12623588e-05,1.78729253e-05,2768.18685,-322.651665,38.5607564,1274.72691,3417.76853,202.458949,-397.612776,5.35379861,2445.70392,4000.0,95666.200211,3.18887334,-30.000000000000004,30000 3000,1e-06,2,0.0 0.0259,0.0 0.0,-1.0 0.0,0.00054857 28.0,80000,1000,5e-10,0.0,0.0 0.0 0.0,1000 1000000 0,0,0.0,0,100,0,,10,,1,,,,1.0,10.0,0.1,False,{},,,False,3,mixed,250,300,True,Ar_Aubin,,False,uniform,Argon-Aubin-Test2/10Td,3.0000000000000005e+21,1.76648e+24,0.0,7.162288888888888e-14,7.16228888888889e-14,0.0,0.0,0.0,0.0,0.0,0.0,0.0,0.0,0.0,0.0,0.0,0.0,0.0,0.0,0.0,0.0,0.0,0.0,0.0,0.0,0.0,0.0,0.0,0.0,0.0,0.0,0.0,0.0,0.0,0.0,0.0,0.0,2759.079365507681,2766.8245613755466,2879.2338470507752,3417.70521855404,587.6918107691927,550.3783349784001,-51.31610540684242,-90.51211120193324,23844.400000000154,2.3844400000000155e+24,0.0,0.0
2.05e-06,96618.8,3.22063,3e+22,-3542.89,5452.61,21258.3,2.14035,2.14594,2.15216,-0.000617763201,0.000384083343,0.108402458,0.0116244857,0.0117658621,0.0154602009,-5.80695902e-05,-6.65134619e-05,2.33960219e-05,2397.28709,-144.257226,338.867904,-384.72179,2556.85591,11.3783704,-587.50016,731.921874,2714.15652,4100.0,96618.84155,3.220628052,-30.000000000000004,30000 3000,1e-06,2,0.0 0.0259,0.0 0.0,-1.0 0.0,0.00054857 28.0,80000,1000,5e-10,0.0,0.0 0.0 0.0,1000 1000000 0,0,0.0,0,100,0,,10,,1,,,,1.0,10.0,0.1,False,{},,,False,3,mixed,250,300,True,Ar_Aubin,,False,uniform,Argon-Aubin-Test2/10Td,3.0000000000000005e+21,2.12583e+24,0.0,7.287533333333333e-14,7.287533333333334e-14,0.0,0.0,0.0,0.0,0.0,0.0,0.0,0.0,0.0,0.0,0.0,0.0,0.0,0.0,0.0,0.0,0.0,0.0,0.0,0.0,0.0,0.0,0.0,0.0,0.0,0.0,0.0,0.0,0.0,0.0,0.0,0.0,2683.09254132541,2395.0984229328087,2672.508633800915,2554.761653323125,809.3492476112657,409.7045470986004,221.21325632332326,148.55832387943823,22170.819999999814,2.2170819999999817e+24,0.0,0.0
2.1e-06,97438.0,3.24793,3e+22,1784.83,-962.859,16197.6,2.16329,2.17514,2.15592,-0.00076640768,0.000492034194,0.109362884,0.0118887897,0.0120495355,0.0157317291,-6.84700988e-05,-8.36547673e-05,3.95474628e-05,2762.68612,283.236781,-32.8974873,18.5509627,2608.07269,2.82142884,357.412779,-464.995666,2346.82362,4200.0,97437.989839,3.247932995,-30.000000000000004,30000 3000,1e-06,2,0.0 0.0259,0.0 0.0,-1.0 0.0,0.00054857 28.0,80000,1000,5e-10,0.0,0.0 0.0 0.0,1000 1000000 0,0,0.0,0,100,0,,10,,1,,,,1.0,10.0,0.1,False,{},,,False,3,mixed,250,300,True,Ar_Aubin,,False,uniform,Argon-Aubin-Test2/10Td,3.0000000000000005e+21,1.6197600000000003e+24,0.0,7.373933333333334e-14,7.373933333333334e-14,0.0,0.0,0.0,0.0,0.0,0.0,0.0,0.0,0.0,0.0,0.0,0.0,0.0,0.0,0.0,0.0,0.0,0.0,0.0,0.0,0.0,0.0,0.0,0.0,0.0,0.0,0.0,0.0,0.0,0.0,0.0,0.0,2640.9825064054735,2764.054027419494,2835.788223663049,2608.5464495520005,623.8070364430852,575.4073701216003,-5.836012915978837,141.735100487848,19208.520000000008,1.920852000000001e+24,0.0,0.0
2.15e-06,98272.9,3.27576,3e+22,8747.19,-4241.25,16963.0,2.18999,2.17608,2.18329,-0.000752042867,0.000588675627,0.110343496,0.0121539412,0.0123161868,0.0160182193,-6.00052912e-05,-8.09398849e-05,6.16008265e-05,2217.52965,249.028198,-113.169589,-183.277918,2736.26192,-317.811033,1324.45844,-520.194135,2256.31889,4300.0,98272.944195,3.275764807,-30.000000000000004,30000 3000,1e-06,2,0.0 0.0259,0.0 0.0,-1.0 0.0,0.00054857 28.0,80000,1000,5e-10,0.0,0.0 0.0 0.0,1000 1000000 0,0,0.0,0,100,0,,10,,1,,,,1.0,10.0,0.1,False,{},,,False,3,mixed,250,300,True,Ar_Aubin,,False,uniform,Argon-Aubin-Test2/10Td,3.0000000000000005e+21,1.6963e+24,0.0,7.4858e-14,7.4858e-14,0.0,0.0,0.0,0.0,0.0,0.0,0.0,0.0,0.0,0.0,0.0,0.0,0.0,0.0,0.0,0.0,0.0,0.0,0.0,0.0,0.0,0.0,0.0,0.0,0.0,0.0,0.0,0.0,0.0,0.0,0.0,0.0,2651.7331225815906,2224.1079118457938,2665.4685865424267,2738.758640503014,710.4348729543818,384.56216735199996,37.62734564187806,258.850229376681,19612.240000000114,1.9612240000000113e+24,0.0,0.0
2.2e-06,99124.3,3.30414,3e+22,-8.09662,5268.06,18544.0,2.19883,2.20306,2.20429,-0.000651259575,0.00054777945,0.111344116,0.0124092797,0.012610316,0.0163133074,-6.83983277e-05,-8.25717326e-05,4.37928381e-05,2585.62209,24.3166777,73.6811941,219.88323,2907.50875,-114.715191,-192.313841,479.955476,2870.25168,4400.0,99124.255766,3.304141859,-30.000000000000004,30000 3000,1e-06,2,0.0 0.0259,0.0 0.0,-1.0 0.0,0.00054857 28.0,80000,1000,5e-10,0.0,0.0 0.0 0.0,1000 1000000 0,0,0.0,0,100,0,,10,,1,,,,1.0,10.0,0.1,False,{},,,False,3,mixed,250,300,True,Ar_Aubin,,False,uniform,Argon-Aubin-Test2/10Td,3.0000000000000005e+21,1.8544e+24,0.0,7.567333333333333e-14,7.567333333333335e-14,0.0,0.0,0.0,0.0,0.0,0.0,0.0,0.0,0.0,0.0,0.0,0.0,0.0,0.0,0.0,0.0,0.0,0.0,0.0,0.0,0.0,0.0,0.0,0.0,0.0,0.0,0.0,0.0,0.0,0.0,0.0,0.0,2554.799294397746,2585.6168169986995,2941.7567666798104,2904.623014990633,732.6304168055881,805.4863928959999,-242.01930243464625,-105.65417834471208,20012.400000000154,2.0012400000000156e+24,0.0,0.0
2.25e-06,99872.3,3.32908,3e+22,-1323.3,-7268.29,18650.4,2.22091,2.2073,2.22765,-0.000573050604,0.000572406574,0.112230606,0.0126704275,0.0128353753,0.0165754705,-9.1726879e-05,-8.56096666e-05,5.23042583e-05,1928.34778,82.1429982,-766.730564,189.457097,2125.05075,294.111096,-299.330442,-1182.98222,2810.36527,4500.0,99872.276032,3.329075868,-30.000000000000004,30000 3000,1e-06,2,0.0 0.0259,0.0 0.0,-1.0 0.0,0.00054857 28.0,80000,1000,5e-10,0.0,0.0 0.0 0.0,1000 1000000 0,0,0.0,0,100,0,,10,,1,,,,1.0,10.0,0.1,False,{},,,False,3,mixed,250,300,True,Ar_Aubin,,False,uniform,Argon-Aubin-Test2/10Td,3.0000000000000005e+21,1.8650400000000002e+24,0.0,7.674066666666667e-14,7.674066666666667e-14,0.0,0.0,0.0,0.0,0.0,0.0,0.0,0.0,0.0,0.0,0.0,0.0,0.0,0.0,0.0,0.0,0.0,0.0,0.0,0.0,0.0,0.0,0.0,0.0,0.0,0.0,0.0,0.0,0.0,0.0,0.0,0.0,2612.4355203928535,1927.5894621357268,2250.317130398846,2129.2111669777382,639.6634469422319,717.2195758575995,-224.76078218649366,-906.8586220953582,17729.799999999796,1.7729799999999795e+24,0.0,0.0
2.3e-06,100767.0,3.35892,3e+22,923.533,3954.25,21343.6,2.23765,2.24739,2.2301,-0.00046936452,0.000537287838,0.113284082,0.0129019254,0.01312022,0.01689461,-8.08478979e-05,-8.65453702e-05,5.31571639e-05,2514.17414,227.565046,-126.125291,63.0031625,2333.70797,-61.7828626,49.5292834,723.278516,3033.22205,4600.0,100767.451763,3.358915059,-30.000000000000004,30000 3000,1e-06,2,0.0 0.0259,0.0 0.0,-1.0 0.0,0.00054857 28.0,80000,1000,5e-10,0.0,0.0 0.0 0.0,1000 1000000 0,0,0.0,0,100,0,,10,,1,,,,1.0,10.0,0.1,False,{},,,False,3,mixed,250,300,True,Ar_Aubin,,False,uniform,Argon-Aubin-Test2/10Td,3.0000000000000005e+21,2.1343599999999998e+24,0.0,7.769444444444444e-14,7.769444444444445e-14,0.0,0.0,0.0,0.0,0.0,0.0,0.0,0.0,0.0,0.0,0.0,0.0,0.0,0.0,0.0,0.0,0.0,0.0,0.0,0.0,0.0,0.0,0.0,0.0,0.0,0.0,0.0,0.0,0.0,0.0,0.0,0.0,2316.0598394210942,2514.607613623249,2848.8367106509554,2331.5833995665885,815.6518854451206,615.3319174247999,-241.5598276803079,-171.199667132634,21069.519999999953,2.1069519999999955e+24,0.0,0.0
2.35e-06,101528.0,3.38427,3e+22,-3115.98,-2788.7,16802.6,2.23446,2.27046,2.2619,-0.000447011595,0.000449184798,0.114188421,0.0131651969,0.01338446,0.0171731209,-7.45442357e-05,-7.89415904e-05,3.84961647e-05,2468.30043,-122.933274,-356.045691,458.194262,2535.12098,102.422657,-615.165881,-827.837529,2397.70028,4700.0,101528.024875,3.384267496,-30.000000000000004,30000 3000,1e-06,2,0.0 0.0259,0.0 0.0,-1.0 0.0,0.00054857 28.0,80000,1000,5e-10,0.0,0.0 0.0 0.0,1000 1000000 0,0,0.0,0,100,0,,10,,1,,,,1.0,10.0,0.1,False,{},,,False,3,mixed,250,300,True,Ar_Aubin,,False,uniform,Argon-Aubin-Test2/10Td,3.0000000000000005e+21,1.68026e+24,0.0,7.877999999999999e-14,7.878e-14,0.0,0.0,0.0,0.0,0.0,0.0,0.0,0.0,0.0,0.0,0.0,0.0,0.0,0.0,0.0,0.0,0.0,0.0,0.0,0.0,0.0,0.0,0.0,0.0,0.0,0.0,0.0,0.0,0.0,0.0,0.0,0.0,2632.9198368657203,2466.907550810212,2643.2691123810805,2536.3736216461825,727.9864410948169,479.03791730540024,109.51598460341732,-607.891778906273,18086.780000000083,1.8086780000000084e+24,0.0,0.0
2.4e-06,102328.0,3.41093,3e+22,346.915,-5422.89,17652.5,2.26429,2.2597,2.29593,-0.00050175711,0.000339609574,0.115139538,0.0134145037,0.0136579233,0.0174658211,-7.27967725e-05,-6.54718713e-05,9.13572459e-06,1529.69413,407.083343,339.878246,348.771002,2533.34452,171.541561,147.923293,-539.635416,2816.42368,4800.0,102327.900693,3.410930023,-30.000000000000004,30000 3000,1e-06,2,0.0 0.0259,0.0 0.0,-1.0 0.0,0.00054857 28.0,80000,1000,5e-10,0.0,0.0 0.0 0.0,1000 1000000 0,0,0.0,0,100,0,,10,,1,,,,1.0,10.0,0.1,False,{},,,False,3,mixed,250,300,True,Ar_Aubin,,False,uniform,Argon-Aubin-Test2/10Td,3.0000000000000005e+21,1.7652500000000003e+24,0.0,7.965577777777777e-14,7.965577777777778e-14,0.0,0.0,0.0,0.0,0.0,0.0,0.0,0.0,0.0,0.0,0.0,0.0,0.0,0.0,0.0,0.0,0.0,0.0,0.0,0.0,0.0,0.0,0.0,0.0,0.0,0.0,0.0,0.0,0.0,0.0,0.0,0.0,2492.548591686277,1529.8681970678158,2735.497323200012,2535.186185362749,745.8247961979713,783.9229854549999,403.96505463747366,456.715173559005,19022.340000000026,1.9022340000000025e+24,0.0,0.0
2.45e-06,103244.0,3.44147,3e+22,4507.89,359.826,19696.8,2.31488,2.30784,2.2579,-0.000443924769,0.00032440416,0.116217269,0.0137037869,0.0138917132,0.0177761191,-5.93599798e-05,-5.35114096e-05,2.54459031e-05,2308.06735,-788.272041,46.1248905,175.946573,2281.79944,516.016624,1110.71775,211.681246,2657.90637,4900.0,103244.014345,3.441467145,-30.000000000000004,30000 3000,1e-06,2,0.0 0.0259,0.0 0.0,-1.0 0.0,0.00054857 28.0,80000,1000,5e-10,0.0,0.0 0.0 0.0,1000 1000000 0,0,0.0,0,100,0,,10,,1,,,,1.0,10.0,0.1,False,{},,,False,3,mixed,250,300,True,Ar_Aubin,,False,uniform,Argon-Aubin-Test2/10Td,3.0000000000000005e+21,1.9696800000000003e+24,0.0,8.053711111111111e-14,8.053711111111112e-14,0.0,0.0,0.0,0.0,0.0,0.0,0.0,0.0,0.0,0.0,0.0,0.0,0.0,0.0,0.0,0.0,0.0,0.0,0.0,0.0,0.0,0.0,0.0,0.0,0.0,0.0,0.0,0.0,0.0,0.0,0.0,0.0,2893.3789099690534,2310.068514026927,2337.9999660372646,2281.6827109487235,609.5759703508321,368.79806596080016,115.60208322041372,641.6918731376292,21554.61999999997,2.155461999999997e+24,0.0,0.0
2.5e-06,104078.0,3.46925,3e+22,5841.71,-232.112,16800.3,2.30285,2.31937,2.31449,-0.000510903885,0.000438309815,0.117206752,0.0139449961,0.014157021,0.0180793034,-6.75768236e-05,-7.89036701e-05,4.14166104e-05,2587.96282,-140.119347,-707.328446,212.137891,2278.71323,54.0537006,1008.04218,58.9623746,2155.78252,5000.0,104077.630706,3.469254357,-30.000000000000004,30000 3000,1e-06,2,0.0 0.0259,0.0 0.0,-1.0 0.0,0.00054857 28.0,80000,1000,5e-10,0.0,0.0 0.0 0.0,1000 1000000 0,0,0.0,0,100,0,,10,,1,,,,1.0,10.0,0.1,False,{},,,False,3,mixed,250,300,True,Ar_Aubin,,False,uniform,Argon-Aubin-Test2/10Td,3.0000000000000005e+21,1.68003e+24,0.0,8.141044444444445e-14,8.141044444444445e-14,0.0,0.0,0.0,0.0,0.0,0.0,0.0,0.0,0.0,0.0,0.0,0.0,0.0,0.0,0.0,0.0,0.0,0.0,0.0,0.0,0.0,0.0,0.0,0.0,0.0,0.0,0.0,0.0,0.0,0.0,0.0,0.0,2411.452464208229,2590.9473723340434,2652.209225651025,2278.814966967779,722.1519942885585,186.67392437440026,-342.05199699208697,-375.39078268675445,19789.65999999999,1.9789659999999991e+24,0.0,0.0
2.55e-06,104828.0,3.49427,3e+22,6307.49,-151.296,14101.9,2.31593,2.34956,2.3217,-0.000503126605,0.000447370747,0.118104794,0.0142333448,0.0143968167,0.0183513566,-6.4062732e-05,-6.70320174e-05,3.35246629e-05,2518.67994,-402.719652,335.640021,561.317227,2518.81247,-373.626145,639.683092,-81.3894183,2069.27145,5100.0,104828.184345,3.494272812,-30.000000000000004,30000 3000,1e-06,2,0.0 0.0259,0.0 0.0,-1.0 0.0,0.00054857 28.0,80000,1000,5e-10,0.0,0.0 0.0 0.0,1000 1000000 0,0,0.0,0,100,0,,10,,1,,,,1.0,10.0,0.1,False,{},,,False,3,mixed,250,300,True,Ar_Aubin,,False,uniform,Argon-Aubin-Test2/10Td,3.0000000000000005e+21,1.41019e+24,0.0,8.248222222222221e-14,8.248222222222223e-14,0.0,0.0,0.0,0.0,0.0,0.0,0.0,0.0,0.0,0.0,0.0,0.0,0.0,0.0,0.0,0.0,0.0,0.0,0.0,0.0,0.0,0.0,0.0,0.0,0.0,0.0,0.0,0.0,0.0,0.0,0.0,0.0,2883.5658639904914,2521.8534060297716,2397.8767490865325,2518.880155404538,607.3354860706808,403.7694554914003,228.23863588825705,237.47334696398946,17960.840000000033,1.7960840000000034e+24,0.0,0.0
2.6e-06,105590.0,3.51967,3e+22,2838.06,2937.47,15436.3,2.35173,2.33071,2.35543,-0.000524475754,0.000417165135,0.119016786,0.0144348577,0.0146615268,0.0186219876,-6.67653136e-05,-7.75554517e-05,3.11635541e-05,2112.58297,581.198403,-468.495961,303.593898,3510.99236,22.9809529,630.071104,755.383272,2561.88977,5200.0,105589.960336,3.519665345,-30.000000000000004,30000 3000,1e-06,2,0.0 0.0259,0.0 0.0,-1.0 0.0,0.00054857 28.0,80000,1000,5e-10,0.0,0.0 0.0 0.0,1000 1000000 0,0,0.0,0,100,0,,10,,1,,,,1.0,10.0,0.1,False,{},,,False,3,mixed,250,300,True,Ar_Aubin,,False,uniform,Argon-Aubin-Test2/10Td,3.0000000000000005e+21,1.5436300000000002e+24,0.0,8.343222222222221e-14,8.343222222222223e-14,0.0,0.0,0.0,0.0,0.0,0.0,0.0,0.0,0.0,0.0,0.0,0.0,0.0,0.0,0.0,0.0,0.0,0.0,0.0,0.0,0.0,0.0,0.0,0.0,0.0,0.0,0.0,0.0,0.0,0.0,0.0,0.0,2014.9096156412381,2114.071463658397,2647.36213835411,3509.7669499308918,543.780160126399,724.7109562682003,-150.47359526875454,-168.10567159368983,18239.840000000007,1.8239840000000008e+24,0.0,0.0
2.65e-06,106301.0,3.54336,3e+22,-320.731,-9865.81,16347.5,2.34422,2.37201,2.36843,-0.000533587546,0.00030905745,0.119872937,0.0147025608,0.0148954625,0.0188965114,-3.44841841e-05,-7.91880578e-05,3.72546322e-06,2551.48733,52.1752378,-69.6691033,220.850351,2028.42019,130.728552,-56.160462,-1647.6273,2675.05812,5300.0,106300.92021,3.543364007,-30.000000000000004,30000 3000,1e-06,2,0.0 0.0259,0.0 0.0,-1.0 0.0,0.00054857 28.0,80000,1000,5e-10,0.0,0.0 0.0 0.0,1000 1000000 0,0,0.0,0,100,0,,10,,1,,,,1.0,10.0,0.1,False,{},,,False,3,mixed,250,300,True,Ar_Aubin,,False,uniform,Argon-Aubin-Test2/10Td,3.0000000000000005e+21,1.6347500000000003e+24,0.0,8.453333333333333e-14,8.453333333333335e-14,0.0,0.0,0.0,0.0,0.0,0.0,0.0,0.0,0.0,0.0,0.0,0.0,0.0,0.0,0.0,0.0,0.0,0.0,0.0,0.0,0.0,0.0,0.0,0.0,0.0,0.0,0.0,0.0,0.0,0.0,0.0,0.0,2676.9345914728906,2551.316191932784,2340.1421024246,2031.4692920807845,699.9812476382594,715.4352823925001,-1.8263678072810166,-78.65977593481801,17123.01999999999,1.7123019999999988e+24,0.0,0.0
2.7e-06,106986.0,3.56621,3e+22,-1600.26,1677.48,13122.2,2.38903,2.36745,2.37493,-0.000656879261,0.000376438907,0.120702961,0.0149563548,0.0151195048,0.0191610405,-3.91853629e-05,-0.000109604289,3.13118271e-06,2505.02579,-45.9704162,26.8007825,-125.801043,2073.10095,-1001.42398,159.623861,-22.4048789,2030.17982,5400.0,106986.423921,3.566214131,-30.000000000000004,30000 3000,1e-06,2,0.0 0.0259,0.0 0.0,-1.0 0.0,0.00054857 28.0,80000,1000,5e-10,0.0,0.0 0.0 0.0,1000 1000000 0,0,0.0,0,100,0,,10,,1,,,,1.0,10.0,0.1,False,{},,,False,3,mixed,250,300,True,Ar_Aubin,,False,uniform,Argon-Aubin-Test2/10Td,3.0000000000000005e+21,1.31222e+24,0.0,8.512222222222222e-14,8.512222222222223e-14,0.0,0.0,0.0,0.0,0.0,0.0,0.0,0.0,0.0,0.0,0.0,0.0,0.0,0.0,0.0,0.0,0.0,0.0,0.0,0.0,0.0,0.0,0.0,0.0,0.0,0.0,0.0,0.0,0.0,0.0,0.0,0.0,2536.4722530571426,2503.974612393792,2239.96110256695,2072.4694812622856,648.4533083844952,446.2914251658001,-301.8333132690155,388.2004649085542,16600.479999999974,1.6600479999999974e+24,0.0,0.0
2.75e-06,107576.0,3.58587,3e+22,-3407.73,-3598.64,15637.2,2.37366,2.4004,2.39616,-0.000569776318,0.000428383927,0.121427871,0.0152045171,0.015369958,0.0194050422,-3.25551986e-05,-9.922006e-05,-1.45142522e-05,3006.24594,268.164666,713.039114,24.5101977,2498.4357,-470.323498,-288.869867,-533.024725,2239.07055,5500.0,107576.132326,3.585871078,-30.000000000000004,30000 3000,1e-06,2,0.0 0.0259,0.0 0.0,-1.0 0.0,0.00054857 28.0,80000,1000,5e-10,0.0,0.0 0.0 0.0,1000 1000000 0,0,0.0,0,100,0,,10,,1,,,,1.0,10.0,0.1,False,{},,,False,3,mixed,250,300,True,Ar_Aubin,,False,uniform,Argon-Aubin-Test2/10Td,3.0000000000000005e+21,1.5637200000000002e+24,0.0,8.579755555555555e-14,8.579755555555556e-14,0.0,0.0,0.0,0.0,0.0,0.0,0.0,0.0,0.0,0.0,0.0,0.0,0.0,0.0,0.0,0.0,0.0,0.0,0.0,0.0,0.0,0.0,0.0,0.0,0.0,0.0,0.0,0.0,0.0,0.0,0.0,0.0,2482.691453109774,3004.304296147862,2504.113934617934,2499.9772995350595,684.786385748773,340.2786455987998,5.673648375342983,846.8723520826596,14498.200000000184,1.4498200000000187e+24,0.0,0.0
2.8e-06,108287.0,3.60956,3e+22,-2519.55,786.313,21836.2,2.405,2.40784,2.40354,-0.000589031115,0.000558458037,0.12228964,0.0154652224,0.0156467432,0.019664052,-2.58921754e-05,-8.82226683e-05,-1.46129548e-05,2838.00788,161.32001,385.917302,88.9210775,2851.80566,-155.896944,-653.700018,-40.4215259,3541.17217,5600.0,108286.926523,3.609564217,-30.000000000000004,30000 3000,1e-06,2,0.0 0.0259,0.0 0.0,-1.0 0.0,0.00054857 28.0,80000,1000,5e-10,0.0,0.0 0.0 0.0,1000 1000000 0,0,0.0,0,100,0,,10,,1,,,,1.0,10.0,0.1,False,{},,,False,3,mixed,250,300,True,Ar_Aubin,,False,uniform,Argon-Aubin-Test2/10Td,3.0000000000000005e+21,2.18362e+24,0.0,8.6708e-14,8.670800000000001e-14,0.0,0.0,0.0,0.0,0.0,0.0,0.0,0.0,0.0,0.0,0.0,0.0,0.0,0.0,0.0,0.0,0.0,0.0,0.0,0.0,0.0,0.0,0.0,0.0,0.0,0.0,0.0,0.0,0.0,0.0,0.0,0.0,2606.8298739811635,2836.523786654202,2766.5683740982045,2851.3665371855523,489.8160426304241,870.8311330319998,276.8613892237929,53.194347695363035,17235.37999999997,1.7235379999999967e+24,0.0,0.0
2.85e-06,109114.0,3.63715,3e+22,-2617.14,-239.801,16902.4,2.42809,2.40588,2.43866,-0.000452829323,0.000620730513,0.123280052,0.0157379658,0.0158996696,0.0199643504,-1.79477953e-05,-7.39590677e-05,-1.00724e-05,1870.93565,793.36487,-147.402127,15.382057,2750.01806,493.835097,-599.714144,-90.0617193,2565.09645,5700.0,109114.450292,3.637148343,-30.000000000000004,30000 3000,1e-06,2,0.0 0.0259,0.0 0.0,-1.0 0.0,0.00054857 28.0,80000,1000,5e-10,0.0,0.0 0.0 0.0,1000 1000000 0,0,0.0,0,100,0,,10,,1,,,,1.0,10.0,0.1,False,{},,,False,3,mixed,250,300,True,Ar_Aubin,,False,uniform,Argon-Aubin-Test2/10Td,3.0000000000000005e+21,1.69024e+24,0.0,8.769844444444445e-14,8.769844444444446e-14,0.0,0.0,0.0,0.0,0.0,0.0,0.0,0.0,0.0,0.0,0.0,0.0,0.0,0.0,0.0,0.0,0.0,0.0,0.0,0.0,0.0,0.0,0.0,0.0,0.0,0.0,0.0,0.0,0.0,0.0,0.0,0.0,2728.853032586687,1869.7505322656036,2528.5296900932203,2750.1669117977476,570.8323020689639,481.36769907519965,-38.87959831167629,-416.8212133596449,19808.23999999992,1.9808239999999924e+24,0.0,0.0
2.9e-06,109847.0,3.66158,3e+22,-5159.49,9803.58,13756.7,2.42595,2.46177,2.43366,-0.000400884571,0.000674959015,0.124164993,0.0159970127,0.016165581,0.0202595553,-2.41227019e-05,-5.80383165e-05,2.08640278e-05,2473.46745,92.587246,-89.4456287,595.058332,2355.68036,172.75954,-842.089953,1671.99311,2319.06312,5800.0,109847.415224,3.661580507,-30.000000000000004,30000 3000,1e-06,2,0.0 0.0259,0.0 0.0,-1.0 0.0,0.00054857 28.0,80000,1000,5e-10,0.0,0.0 0.0 0.0,1000 1000000 0,0,0.0,0,100,0,,10,,1,,,,1.0,10.0,0.1,False,{},,,False,3,mixed,250,300,True,Ar_Aubin,,False,uniform,Argon-Aubin-Test2/10Td,3.0000000000000005e+21,1.3756700000000002e+24,0.0,8.871822222222222e-14,8.871822222222223e-14,0.0,0.0,0.0,0.0,0.0,0.0,0.0,0.0,0.0,0.0,0.0,0.0,0.0,0.0,0.0,0.0,0.0,0.0,0.0,0.0,0.0,0.0,0.0,0.0,0.0,0.0,0.0,0.0,0.0,0.0,0.0,0.0,2590.9124595650464,2471.3990900647714,2658.4113669783637,2349.0633452997263,762.3063443265403,610.9625607968997,197.43517330916418,-285.3926931885544,17698.820000000003,1.7698820000000004e+24,0.0,0.0
2.95e-06,110485.0,3.68283,3e+22,3668.7,-1996.06,15353.2,2.44166,2.47172,2.45084,-0.000426643473,0.00056322841,0.124946925,0.0162756684,0.0164203157,0.0205299945,-3.68414364e-05,-6.51907334e-05,3.00390748e-06,2437.19133,-1257.98267,63.2190855,278.802862,1791.15636,760.861943,968.606791,-198.666572,2406.68692,5900.0,110484.857034,3.682828568,-30.000000000000004,30000 3000,1e-06,2,0.0 0.0259,0.0 0.0,-1.0 0.0,0.00054857 28.0,80000,1000,5e-10,0.0,0.0 0.0 0.0,1000 1000000 0,0,0.0,0,100,0,,10,,1,,,,1.0,10.0,0.1,False,{},,,False,3,mixed,250,300,True,Ar_Aubin,,False,uniform,Argon-Aubin-Test2/10Td,3.0000000000000005e+21,1.5353200000000003e+24,0.0,8.9526e-14,8.952600000000001e-14,0.0,0.0,0.0,0.0,0.0,0.0,0.0,0.0,0.0,0.0,0.0,0.0,0.0,0.0,0.0,0.0,0.0,0.0,0.0,0.0,0.0,0.0,0.0,0.0,0.0,0.0,0.0,0.0,0.0,0.0,0.0,0.0,2786.34383786211,2438.7565569093954,2548.730434301025,1792.2805977000646,756.5061973442353,488.35179109,-72.40913658704959,579.9834353221636,15638.639999999983,1.5638639999999982e+24,0.0,0.0
3e-06,111155.0,3.70517,3e+22,-80.4963,-4934.69,17674.4,2.49075,2.45262,2.46506,-0.000465037839,0.000430521874,0.125764797,0.0165577043,0.0166962732,0.0207929317,-5.75263152e-05,-5.87373005e-05,-1.39044229e-05,2829.71557,-1004.50768,168.827535,-850.21955,2641.76969,-114.9575,188.620648,-642.47848,2700.18988,6000.0,111155.095891,3.705169863,-30.000000000000004,30000 3000,1e-06,2,0.0 0.0259,0.0 0.0,-1.0 0.0,0.00054857 28.0,80000,1000,5e-10,0.0,0.0 0.0 0.0,1000 1000000 0,0,0.0,0,100,0,,10,,1,,,,1.0,10.0,0.1,False,{},,,False,3,mixed,250,300,True,Ar_Aubin,,False,uniform,Argon-Aubin-Test2/10Td,3.0000000000000005e+21,1.7674400000000002e+24,0.0,9.042644444444444e-14,9.042644444444446e-14,0.0,0.0,0.0,0.0,0.0,0.0,0.0,0.0,0.0,0.0,0.0,0.0,0.0,0.0,0.0,0.0,0.0,0.0,0.0,0.0,0.0,0.0,0.0,0.0,0.0,0.0,0.0,0.0,0.0,0.0,0.0,0.0,2820.01664461351,2829.6781361746002,2760.893771578364,2643.894181986409,578.8710250441247,477.37255190319956,232.6206459296632,375.7910486103726,16357.440000000224,1.6357440000000225e+24,0.0,0.0
3.05e-06,111854.0,3.72846,3e+22,-1455.95,7693.38,10857.8,2.50943,2.46461,2.48186,-0.000466186663,0.000401423734,0.126618261,0.0168205214,0.0169483128,0.0210806569,-7.01275801e-05,-3.75272041e-05,-5.08496211e-06,2295.31852,-52.8438084,344.276508,-730.940712,1730.43754,579.327721,-170.880208,1264.70022,1709.98828,6100.0,111853.73185,3.728457728,-30.000000000000004,30000 3000,1e-06,2,0.0 0.0259,0.0 0.0,-1.0 0.0,0.00054857 28.0,80000,1000,5e-10,0.0,0.0 0.0 0.0,1000 1000000 0,0,0.0,0,100,0,,10,,1,,,,1.0,10.0,0.1,False,{},,,False,3,mixed,250,300,True,Ar_Aubin,,False,uniform,Argon-Aubin-Test2/10Td,3.0000000000000005e+21,1.08578e+24,0.0,9.11011111111111e-14,9.110111111111112e-14,0.0,0.0,0.0,0.0,0.0,0.0,0.0,0.0,0.0,0.0,0.0,0.0,0.0,0.0,0.0,0.0,0.0,0.0,0.0,0.0,0.0,0.0,0.0,0.0,0.0,0.0,0.0,0.0,0.0,0.0,0.0,0.0,2628.1603018694227,2294.639775528005,2520.638080697746,1727.349234673319,723.2534578709149,335.1925257142,435.04903102598723,362.80791865247136,17069.279999999966,1.7069279999999965e+24,0.0,0.0
3.1e-06,112308.0,3.7436,3e+22,896.187,3904.1,12212.9,2.51455,2.50071,2.47101,-0.000463515051,0.000550136993,0.12721044,0.0170941474,0.0172286033,0.0212946526,-6.18413526e-05,-2.40931503e-05,1.77320933e-05,2670.27229,304.379578,-228.813168,-77.4861695,2196.50118,-595.662969,109.728278,411.051268,2271.853,6200.0,112308.041382,3.743601379,-30.000000000000004,30000 3000,1e-06,2,0.0 0.0259,0.0 0.0,-1.0 0.0,0.00054857 28.0,80000,1000,5e-10,0.0,0.0 0.0 0.0,1000 1000000 0,0,0.0,0,100,0,,10,,1,,,,1.0,10.0,0.1,False,{},,,False,3,mixed,250,300,True,Ar_Aubin,,False,uniform,Argon-Aubin-Test2/10Td,3.0000000000000005e+21,1.22129e+24,0.0,9.174733333333333e-14,9.174711111111112e-14,0.0,0.0,0.0,0.0,0.0,0.0,0.0,0.0,0.0,0.0,0.0,0.0,0.0,0.0,0.0,0.0,0.0,0.0,0.0,0.0,0.0,0.0,0.0,0.0,2.2222222222222226e-19,0.0,0.0,0.0,0.0,0.0,0.0,0.0,2736.284838022567,2670.6876861630103,2801.4899030315287,2194.3533901656288,636.8367367051709,718.244617324,267.405256277588,-227.4283696259221,11843.579999999965,1.1843579999999966e+24,0.0,0.0
3.15e-06,112908.0,3.76361,3e+22,-5070.89,-3384.28,14758.6,2.49877,2.52939,2.49761,-0.00054066394,0.00050064194,0.127953796,0.0173680053,0.0174883081,0.0215410094,-6.34365929e-05,-4.53271906e-05,1.98614644e-05,2128.86499,-383.349484,-817.242528,-529.803311,3267.23449,254.760625,-1037.29819,-897.239763,2364.66845,6300.0,112908.301069,3.763610036,-30.000000000000004,30000 3000,1e-06,2,0.0 0.0259,0.0 0.0,-1.0 0.0,0.00054857 28.0,80000,1000,5e-10,0.0,0.0 0.0 0.0,1000 1000000 0,0,0.0,0,100,0,,10,,1,,,,1.0,10.0,0.1,False,{},,,False,3,mixed,250,300,True,Ar_Aubin,,False,uniform,Argon-Aubin-Test2/10Td,3.0000000000000005e+21,1.4758600000000001e+24,0.0,9.241777777777778e-14,9.241777777777779e-14,0.0,0.0,0.0,0.0,0.0,0.0,0.0,0.0,0.0,0.0,0.0,0.0,0.0,0.0,0.0,0.0,0.0,0.0,0.0,0.0,0.0,0.0,0.0,0.0,0.0,0.0,0.0,0.0,0.0,0.0,0.0,0.0,2737.804287064848,2126.1233426332933,2597.568083589769,3268.928802504703,566.7893418398809,476.24955635440006,-220.35980802032407,-1197.721650576676,14867.120000000012,1.4867120000000013e+24,0.0,0.0
3.2e-06,113724.0,3.79079,3e+22,6688.44,-5997.03,18714.9,2.54301,2.5078,2.52832,-0.000590936652,0.000513671385,0.128937644,0.017622118,0.0177285117,0.021876703,-6.64182064e-05,-3.91342671e-05,3.73285448e-05,2935.627,343.204748,-253.134128,814.094174,2313.80353,242.11754,1174.83518,-1139.31701,2766.46702,6400.0,113723.68127,3.790789376,-30.000000000000004,30000 3000,1e-06,2,0.0 0.0259,0.0 0.0,-1.0 0.0,0.00054857 28.0,80000,1000,5e-10,0.0,0.0 0.0 0.0,1000 1000000 0,0,0.0,0,100,0,,10,,1,,,,1.0,10.0,0.1,False,{},,,False,3,mixed,250,300,True,Ar_Aubin,,False,uniform,Argon-Aubin-Test2/10Td,3.0000000000000005e+21,1.87149e+24,0.0,9.362355555555555e-14,9.362355555555556e-14,0.0,0.0,0.0,0.0,0.0,0.0,0.0,0.0,0.0,0.0,0.0,0.0,0.0,0.0,0.0,0.0,0.0,0.0,0.0,0.0,0.0,0.0,0.0,0.0,0.0,0.0,0.0,0.0,0.0,0.0,0.0,0.0,2540.5581136933934,2939.579444340703,2401.90384060323,2316.8840327059866,829.5147053888342,353.41190630439996,264.137993576233,70.36867671315497,19676.95999999963,1.9676959999999634e+24,0.0,0.0
3.25e-06,114349.0,3.81164,3e+22,7245.78,-403.628,5896.6,2.53191,2.53526,2.55562,-0.000517480915,0.0004600984,0.129735047,0.0178873528,0.0179852209,0.022141105,-4.55081547e-05,-4.05204731e-05,3.16278868e-05,2071.74393,30.7224362,-418.186419,-414.816959,2485.43292,134.253474,1258.87403,-109.869014,946.685579,6500.0,114349.195518,3.811639851,-30.000000000000004,30000 3000,1e-06,2,0.0 0.0259,0.0 0.0,-1.0 0.0,0.00054857 28.0,80000,1000,5e-10,0.0,0.0 0.0 0.0,1000 1000000 0,0,0.0,0,100,0,,10,,1,,,,1.0,10.0,0.1,False,{},,,False,3,mixed,250,300,True,Ar_Aubin,,False,uniform,Argon-Aubin-Test2/10Td,3.0000000000000005e+21,5.896600000000001e+23,0.0,9.412955555555555e-14,9.412911111111112e-14,0.0,0.0,0.0,0.0,0.0,0.0,0.0,0.0,0.0,0.0,0.0,0.0,0.0,0.0,0.0,0.0,0.0,0.0,0.0,0.0,0.0,0.0,0.0,0.0,2.2222222222222226e-19,2.2222222222222226e-19,0.0,0.0,0.0,0.0,0.0,0.0,2653.1621962928853,2075.4934828642886,2567.613677540853,2485.618628596995,581.3562017852742,181.6899008598,-208.8954966599978,-96.29261988827102,15948.060000000043,1.5948060000000042e+24,0.0,0.0
3.3e-06,115029.0,3.83431,3e+22,2141.26,2761.22,14419.4,2.54998,2.57357,2.54382,-0.000519591014,0.000522527986,0.130585703,0.0181083301,0.0182535311,0.0224280049,-6.36929581e-05,-4.67141497e-05,3.11372957e-05,1291.13619,571.93259,810.872479,-571.259736,2208.96492,-279.641993,86.1876398,644.582779,2229.08929,6600.0,115029.330681,3.834311023,-30.000000000000004,30000 3000,1e-06,2,0.0 0.0259,0.0 0.0,-1.0 0.0,0.00054857 28.0,80000,1000,5e-10,0.0,0.0 0.0 0.0,1000 1000000 0,0,0.0,0,100,0,,10,,1,,,,1.0,10.0,0.1,False,{},,,False,3,mixed,250,300,True,Ar_Aubin,,False,uniform,Argon-Aubin-Test2/10Td,3.0000000000000005e+21,1.44194e+24,0.0,9.508888888888888e-14,9.508866666666668e-14,0.0,0.0,0.0,0.0,0.0,0.0,0.0,0.0,0.0,0.0,0.0,0.0,0.0,0.0,0.0,0.0,0.0,2.2222222222222226e-19,0.0,0.0,0.0,0.0,0.0,0.0,0.0,0.0,0.0,0.0,0.0,0.0,0.0,0.0,2209.751116755629,1292.2487694546376,2682.4885504152935,2207.522105274497,654.5649208799729,346.1218041617999,-109.55859186910345,624.9343670614917,17013.120000000104,1.7013120000000108e+24,0.0,0.0
3.35e-06,115668.0,3.85561,3e+22,1742.37,-855.717,7099.56,2.57338,2.56294,2.57459,-0.000416939045,0.000528012429,0.131378602,0.0183494862,0.0185359299,0.0226883734,-9.89296012e-05,-3.08506172e-05,3.22367711e-05,1751.86802,-474.99708,510.397333,-29.9718397,2733.47355,730.596039,534.104181,519.596612,1449.75512,6700.0,115668.439085,3.855614636,-30.000000000000004,30000 3000,1e-06,2,0.0 0.0259,0.0 0.0,-1.0 0.0,0.00054857 28.0,80000,1000,5e-10,0.0,0.0 0.0 0.0,1000 1000000 0,0,0.0,0,100,0,,10,,1,,,,1.0,10.0,0.1,False,{},,,False,3,mixed,250,300,True,Ar_Aubin,,False,uniform,Argon-Aubin-Test2/10Td,3.0000000000000005e+21,7.099560000000001e+23,0.0,9.603955555555556e-14,9.603955555555557e-14,0.0,0.0,0.0,0.0,0.0,0.0,0.0,0.0,0.0,0.0,0.0,0.0,0.0,0.0,0.0,0.0,0.0,0.0,0.0,0.0,0.0,0.0,0.0,0.0,0.0,0.0,0.0,0.0,0.0,0.0,0.0,0.0,2412.522366545822,1752.5944820838365,2823.930383709754,2733.925379211707,526.5726452980193,517.0248523848799,55.78487031284517,818.5514629995802,15857.980000000272,1.5857980000000273e+24,0.0,0.0
3.4e-06,116246.0,3.87488,3e+22,-5161.46,2311.84,17472.8,2.56562,2.5729,2.60932,-0.000408491746,0.000560114156,0.132131099,0.0185845347,0.0187849017,0.0229535049,-0.000112233623,-2.87929402e-05,5.87009292e-05,2714.69653,-748.239986,-404.426764,540.550794,2380.233,-496.75465,-577.718726,665.841863,3228.87115,6800.0,116246.386764,3.874879559,-30.000000000000004,30000 3000,1e-06,2,0.0 0.0259,0.0 0.0,-1.0 0.0,0.00054857 28.0,80000,1000,5e-10,0.0,0.0 0.0 0.0,1000 1000000 0,0,0.0,0,100,0,,10,,1,,,,1.0,10.0,0.1,False,{},,,False,3,mixed,250,300,True,Ar_Aubin,,False,uniform,Argon-Aubin-Test2/10Td,3.0000000000000005e+21,1.7472800000000002e+24,0.0,9.668444444444444e-14,9.668400000000001e-14,0.0,0.0,0.0,0.0,0.0,0.0,0.0,0.0,0.0,0.0,0.0,0.0,0.0,0.0,0.0,0.0,0.0,0.0,0.0,0.0,0.0,0.0,0.0,2.2222222222222226e-19,0.0,2.2222222222222226e-19,0.0,0.0,0.0,0.0,0.0,0.0,2350.554726606932,2712.588116192691,2489.368692574247,2378.938105689593,668.4124052660709,920.1708833928001,25.105429601875272,-293.01861317595103,15049.939999999819,1.5049939999999818e+24,0.0,0.0
3.45e-06,116816.0,3.89387,3e+22,-5782.96,2880.3,13164.8,2.61879,2.57127,2.59646,-0.000515651276,0.000549986105,0.132860025,0.0188048708,0.0190389228,0.0232242841,-0.000119738364,-3.87338551e-05,5.73257021e-05,1276.63873,-612.801671,-5.42099434,-496.945829,2954.76843,-961.536018,-1168.68148,658.673132,2708.72638,6900.0,116816.147861,3.893871595,-30.000000000000004,30000 3000,1e-06,2,0.0 0.0259,0.0 0.0,-1.0 0.0,0.00054857 28.0,80000,1000,5e-10,0.0,0.0 0.0 0.0,1000 1000000 0,0,0.0,0,100,0,,10,,1,,,,1.0,10.0,0.1,False,{},,,False,3,mixed,250,300,True,Ar_Aubin,,False,uniform,Argon-Aubin-Test2/10Td,3.0000000000000005e+21,1.31648e+24,0.0,9.760444444444444e-14,9.760422222222224e-14,0.0,0.0,0.0,0.0,0.0,0.0,0.0,0.0,0.0,0.0,0.0,0.0,0.0,0.0,0.0,0.0,0.0,0.0,0.0,0.0,0.0,0.0,0.0,0.0,2.2222222222222226e-19,0.0,0.0,0.0,0.0,0.0,0.0,0.0,2202.370692681137,1273.656739296943,2540.3234315206014,2953.1843050217685,776.2027994717702,959.6507228800003,91.88126378466077,-398.9898182477152,14578.519999999819,1.457851999999982e+24,0.0,0.0
3.5e-06,117384.0,3.9128,3e+22,-5542.11,8446.6,16065.0,2.61256,2.59301,2.61799,-0.000405513229,0.000563378912,0.133603404,0.0190276827,0.0193459055,0.023479153,-0.000123908757,-3.75682597e-05,4.64239059e-05,2957.38007,-157.632679,-362.727726,-173.364051,2930.95082,-702.237842,-713.546218,1580.54823,2618.46181,7000.0,117384.047383,3.912801579,-30.000000000000004,30000 3000,1e-06,2,0.0 0.0259,0.0 0.0,-1.0 0.0,0.00054857 28.0,80000,1000,5e-10,0.0,0.0 0.0 0.0,1000 1000000 0,0,0.0,0,100,0,,10,,1,,,,1.0,10.0,0.1,False,{},,,False,3,mixed,250,300,True,Ar_Aubin,,False,uniform,Argon-Aubin-Test2/10Td,3.0000000000000005e+21,1.6065e+24,0.0,9.807288888888889e-14,9.807244444444446e-14,0.0,0.0,0.0,0.0,0.0,0.0,0.0,0.0,0.0,0.0,0.0,0.0,0.0,0.0,0.0,0.0,0.0,0.0,0.0,0.0,0.0,0.0,0.0,0.0,2.2222222222222226e-19,2.2222222222222226e-19,0.0,0.0,0.0,0.0,0.0,0.0,2229.133552595457,2955.132671078427,3069.6778891720414,2926.192183681901,567.8558261340214,472.12312473999964,-263.3179651842075,-329.3146126336751,14867.580000000326,1.4867580000000326e+24,0.0,0.0
3.55e-06,117946.0,3.93152,3e+22,-1252.81,-564.964,8138.65,2.59508,2.6399,2.62767,-0.000519347812,0.000506523524,0.134326353,0.0193039312,0.0195980637,0.0237143613,-0.000125550845,-4.67794012e-05,3.93559754e-05,2735.10248,129.856438,-831.936751,359.223208,2404.0675,680.952091,245.234891,-317.493303,1101.09246,7100.0,117945.539075,3.931517969,-30.000000000000004,30000 3000,1e-06,2,0.0 0.0259,0.0 0.0,-1.0 0.0,0.00054857 28.0,80000,1000,5e-10,0.0,0.0 0.0 0.0,1000 1000000 0,0,0.0,0,100,0,,10,,1,,,,1.0,10.0,0.1,False,{},,,False,3,mixed,250,300,True,Ar_Aubin,,False,uniform,Argon-Aubin-Test2/10Td,3.0000000000000005e+21,8.138650000000001e+23,0.0,9.880577777777777e-14,9.880555555555557e-14,0.0,0.0,0.0,0.0,0.0,0.0,0.0,0.0,0.0,0.0,0.0,0.0,0.0,0.0,0.0,0.0,0.0,0.0,0.0,0.0,0.0,0.0,0.0,0.0,0.0,2.2222222222222226e-19,0.0,0.0,0.0,0.0,0.0,0.0,2761.4321882906206,2734.4518358676482,2522.1902971812524,2404.353667556213,415.0875010661137,7.857287156550001,127.4601652611624,-414.1896716279361,14458.98000000001,1.4458980000000012e+24,0.0,0.0
3.6e-06,118496.0,3.94988,3e+22,1056.21,-14815.2,13987.3,2.63998,2.62043,2.63697,-0.000551022626,0.000507213668,0.135038559,0.0195682302,0.0198008536,0.0239700454,-0.000124831469,-4.78602807e-05,5.18169566e-05,2513.02235,-60.5651821,347.129426,69.4652873,2224.31031,-5.268325,-137.248806,-3057.33352,2516.37211,7200.0,118496.296444,3.949876548,-30.000000000000004,30000 3000,1e-06,2,0.0 0.0259,0.0 0.0,-1.0 0.0,0.00054857 28.0,80000,1000,5e-10,0.0,0.0 0.0 0.0,1000 1000000 0,0,0.0,0,100,0,,10,,1,,,,1.0,10.0,0.1,False,{},,,False,3,mixed,250,300,True,Ar_Aubin,,False,uniform,Argon-Aubin-Test2/10Td,3.0000000000000005e+21,1.39873e+24,0.0,9.961866666666666e-14,9.961844444444446e-14,0.0,0.0,0.0,0.0,0.0,0.0,0.0,0.0,0.0,0.0,0.0,0.0,0.0,0.0,0.0,0.0,0.0,0.0,0.0,0.0,0.0,0.0,0.0,0.0,0.0,2.2222222222222226e-19,0.0,0.0,0.0,0.0,0.0,0.0,2642.6509621546925,2513.6043456078078,2027.8920037535704,2231.8247819341536,638.4079348412814,627.5472736992999,71.326487338926,74.95886237525983,14244.11999999986,1.424411999999986e+24,0.0,0.0
3.65e-06,119086.0,3.96952,3e+22,4561.06,158.385,9425.61,2.64106,2.66077,2.6366,-0.000482999887,0.000453396567,0.135796958,0.0198224175,0.0200707366,0.0242418329,-0.000120854497,-5.85371953e-05,2.55409982e-05,2096.43856,-193.649921,-321.292342,657.009379,2750.08088,286.578719,1101.08477,133.622663,1292.66444,7300.0,119085.674091,3.96952247,-30.000000000000004,30000 3000,1e-06,2,0.0 0.0259,0.0 0.0,-1.0 0.0,0.00054857 28.0,80000,1000,5e-10,0.0,0.0 0.0 0.0,1000 1000000 0,0,0.0,0,100,0,,10,,1,,,,1.0,10.0,0.1,False,{},,,False,3,mixed,250,300,True,Ar_Aubin,,False,uniform,Argon-Aubin-Test2/10Td,3.0000000000000005e+21,9.425610000000001e+23,0.0,1.0047199999999999e-13,1.0047177777777779e-13,0.0,0.0,0.0,0.0,0.0,0.0,0.0,0.0,0.0,0.0,0.0,0.0,0.0,0.0,0.0,0.0,0.0,0.0,0.0,0.0,0.0,0.0,2.2222222222222226e-19,0.0,0.0,0.0,0.0,0.0,0.0,0.0,0.0,0.0,2542.576370435229,2098.6415514646,2699.34697258039,2750.0090687847355,663.8611474271694,12.695274705620022,-389.92601244984394,164.96692330942608,15167.97999999986,1.5167979999999862e+24,0.0,0.0
3.7e-06,119597.0,3.98658,3e+22,-3392.29,975.3,15918.1,2.66961,2.65685,2.64518,-0.000511351266,0.000432285826,0.136480914,0.0200598411,0.0203102831,0.024493752,-0.000102593109,-5.48559716e-05,3.43432571e-05,2189.43532,88.4073065,-171.058576,573.107433,1463.22371,473.09288,-1017.54191,173.698708,2674.71967,7400.0,119597.406815,3.986580227,-30.000000000000004,30000 3000,1e-06,2,0.0 0.0259,0.0 0.0,-1.0 0.0,0.00054857 28.0,80000,1000,5e-10,0.0,0.0 0.0 0.0,1000 1000000 0,0,0.0,0,100,0,,10,,1,,,,1.0,10.0,0.1,False,{},,,False,3,mixed,250,300,True,Ar_Aubin,,False,uniform,Argon-Aubin-Test2/10Td,3.0000000000000005e+21,1.59181e+24,0.0,1.0085511111111111e-13,1.0085466666666668e-13,0.0,0.0,0.0,0.0,0.0,0.0,0.0,0.0,0.0,0.0,0.0,0.0,0.0,0.0,0.0,0.0,0.0,0.0,0.0,0.0,0.0,0.0,0.0,2.2222222222222226e-19,0.0,2.2222222222222226e-19,0.0,0.0,0.0,0.0,0.0,0.0,2373.954087735997,2187.700668213861,2395.6519741160505,1462.802101633902,656.9301577836682,502.2028328565998,157.61992979586768,-717.4779056596253,13679.120000000266,1.3679120000000266e+24,0.0,0.0
3.75e-06,120199.0,4.00663,3e+22,5468.6,-809.671,12917.5,2.66116,2.67916,2.67182,-0.000501285107,0.000285162604,0.137253594,0.0203062862,0.0205384129,0.0247715224,-0.000101589131,-5.75148599e-05,2.95537425e-05,3751.93869,-605.482921,-996.790262,-300.284918,2549.74471,62.3918322,1348.93914,-541.592632,1655.68264,7500.0,120199.031401,4.00663438,-30.000000000000004,30000 3000,1e-06,2,0.0 0.0259,0.0 0.0,-1.0 0.0,0.00054857 28.0,80000,1000,5e-10,0.0,0.0 0.0 0.0,1000 1000000 0,0,0.0,0,100,0,,10,,1,,,,1.0,10.0,0.1,False,{},,,False,3,mixed,250,300,True,Ar_Aubin,,False,uniform,Argon-Aubin-Test2/10Td,3.0000000000000005e+21,1.29175e+24,0.0,1.0150511111111111e-13,1.015048888888889e-13,0.0,0.0,0.0,0.0,0.0,0.0,0.0,0.0,0.0,0.0,0.0,0.0,0.0,0.0,0.0,0.0,0.0,0.0,0.0,0.0,0.0,0.0,0.0,2.2222222222222226e-19,0.0,0.0,0.0,0.0,0.0,0.0,0.0,0.0,2464.5529335873966,3754.68001773614,2282.353533246406,2549.9755978907433,662.6122035855927,-117.29066049500011,-72.90787808625146,-391.9607757787276,15453.599999999957,1.5453599999999958e+24,0.0,0.0
3.8e-06,120700.0,4.02332,3e+22,2860.94,-656.546,10424.6,2.65824,2.68274,2.705,-0.000553314788,0.000183615876,0.137915213,0.0205984894,0.0208070974,0.0250084573,-8.65711949e-05,-6.84695445e-05,1.81474941e-06,2754.36144,793.988456,-127.724373,23.5565326,1861.3283,135.101253,826.244163,317.613158,1459.39573,7600.0,120699.631408,4.023321047,-30.000000000000004,30000 3000,1e-06,2,0.0 0.0259,0.0 0.0,-1.0 0.0,0.00054857 28.0,80000,1000,5e-10,0.0,0.0 0.0 0.0,1000 1000000 0,0,0.0,0,100,0,,10,,1,,,,1.0,10.0,0.1,False,{},,,False,3,mixed,250,300,True,Ar_Aubin,,False,uniform,Argon-Aubin-Test2/10Td,3.0000000000000005e+21,1.04246e+24,0.0,1.0263488888888889e-13,1.0263466666666667e-13,0.0,0.0,0.0,0.0,0.0,0.0,0.0,0.0,0.0,0.0,0.0,0.0,0.0,0.0,0.0,0.0,0.0,0.0,0.0,0.0,0.0,0.0,2.2222222222222226e-19,0.0,0.0,0.0,0.0,0.0,0.0,0.0,0.0,0.0,2921.483295038781,2755.9444404095807,2687.3210292080107,1861.4488522689242,548.7798908146435,21.684800560199847,-68.9468062270943,309.72072585876464,13232.380000000045,1.3232380000000045e+24,0.0,0.0
3.85e-06,121169.0,4.03895,3e+22,-1610.09,234.849,10117.9,2.67799,2.70372,2.6956,-0.000569783904,8.64851258e-05,0.13856735,0.0208916369,0.0210353162,0.0252633424,-6.3205309e-05,-6.54391822e-05,-1.9062763e-05,2476.13337,-364.076924,841.419326,383.172264,1797.35526,375.51102,-104.262502,-120.576432,1783.34,7700.0,121168.601131,4.038953371,-30.000000000000004,30000 3000,1e-06,2,0.0 0.0259,0.0 0.0,-1.0 0.0,0.00054857 28.0,80000,1000,5e-10,0.0,0.0 0.0 0.0,1000 1000000 0,0,0.0,0,100,0,,10,,1,,,,1.0,10.0,0.1,False,{},,,False,3,mixed,250,300,True,Ar_Aubin,,False,uniform,Argon-Aubin-Test2/10Td,3.0000000000000005e+21,1.01179e+24,0.0,1.0303444444444443e-13,1.0303377777777779e-13,0.0,0.0,0.0,0.0,0.0,0.0,0.0,0.0,0.0,0.0,0.0,0.0,0.0,0.0,0.0,0.0,0.0,0.0,0.0,0.0,0.0,0.0,0.0,0.0,0.0,6.666666666666668e-19,0.0,0.0,0.0,0.0,0.0,0.0,2931.2900355736238,2475.2159666340085,2282.4503511293533,1797.3349490546912,745.8059081287203,381.3294094349999,113.46562213729128,966.0277451237815,13042.739999999942,1.3042739999999942e+24,0.0,0.0
3.9e-06,121672.0,4.05573,3e+22,3984.27,-1190.33,14538.4,2.72089,2.6761,2.71315,-0.000573160571,6.6512139e-05,0.139235762,0.021142407,0.0212481344,0.025520767,-5.51675774e-05,-7.5917719e-05,-2.46415996e-05,2354.68806,-392.752573,187.835946,-280.222826,1809.87585,296.571027,232.384799,-171.646343,2599.50754,7800.0,121671.802699,4.055726757,-30.000000000000004,30000 3000,1e-06,2,0.0 0.0259,0.0 0.0,-1.0 0.0,0.00054857 28.0,80000,1000,5e-10,0.0,0.0 0.0 0.0,1000 1000000 0,0,0.0,0,100,0,,10,,1,,,,1.0,10.0,0.1,False,{},,,False,3,mixed,250,300,True,Ar_Aubin,,False,uniform,Argon-Aubin-Test2/10Td,3.0000000000000005e+21,1.4538400000000002e+24,0.0,1.0348155555555555e-13,1.0348133333333334e-13,0.0,0.0,0.0,0.0,0.0,0.0,0.0,0.0,0.0,0.0,0.0,0.0,0.0,0.0,0.0,0.0,0.0,0.0,0.0,0.0,0.0,0.0,0.0,0.0,2.2222222222222226e-19,0.0,0.0,0.0,0.0,0.0,0.0,0.0,2507.6624065710835,2356.971686468218,2128.2125581234895,1809.9550213944158,717.3766630185278,575.2423377391999,-192.55067196788585,-126.19928681831362,13368.240000000143,1.3368240000000143e+24,0.0,0.0
3.95e-06,122288.0,4.07626,3e+22,-355.669,2883.71,11681.7,2.70227,2.72746,2.72197,-0.000502527953,0.000122881785,0.140030049,0.021416556,0.021454861,0.0258033909,-5.45782693e-05,-6.92982893e-05,-3.36688235e-06,3540.11764,-713.563888,274.734078,268.051242,2279.69584,144.595245,-421.798892,298.621571,2036.98211,7900.0,122287.870942,4.076262365,-30.000000000000004,30000 3000,1e-06,2,0.0 0.0259,0.0 0.0,-1.0 0.0,0.00054857 28.0,80000,1000,5e-10,0.0,0.0 0.0 0.0,1000 1000000 0,0,0.0,0,100,0,,10,,1,,,,1.0,10.0,0.1,False,{},,,False,3,mixed,250,300,True,Ar_Aubin,,False,uniform,Argon-Aubin-Test2/10Td,3.0000000000000005e+21,1.1681700000000002e+24,0.0,1.0441622222222221e-13,1.0441600000000001e-13,0.0,0.0,0.0,0.0,0.0,0.0,0.0,0.0,0.0,0.0,0.0,0.0,0.0,0.0,0.0,0.0,0.0,0.0,0.0,0.0,0.0,0.0,0.0,0.0,0.0,2.2222222222222226e-19,0.0,0.0,0.0,0.0,0.0,0.0,2742.249786966029,3539.938906385484,2067.15923931549,2279.3414845677776,608.0669677825321,401.1930865966999,-56.320105381608286,-91.3900857136589,15885.739999999538,1.588573999999954e+24,0.0,0.0
4e-06,122900.0,4.09667,3e+22,1400.66,3283.46,15266.2,2.70368,2.74431,2.74395,-0.00042378383,0.000224642401,0.140830218,0.0216718035,0.0217028146,0.0261005653,-5.63450434e-05,-6.86714914e-05,1.18104191e-05,2642.15212,-103.208245,392.570608,41.4179837,2294.29744,85.6776403,151.369306,690.902167,3011.78351,8000.0,122900.088046,4.096669602,-30.000000000000004,30000 3000,1e-06,2,0.0 0.0259,0.0 0.0,-1.0 0.0,0.00054857 28.0,80000,1000,5e-10,0.0,0.0 0.0 0.0,1000 1000000 0,0,0.0,0,100,0,,10,,1,,,,1.0,10.0,0.1,False,{},,,False,3,mixed,250,300,True,Ar_Aubin,,False,uniform,Argon-Aubin-Test2/10Td,3.0000000000000005e+21,1.5266200000000002e+24,0.0,1.0538488888888889e-13,1.0538444444444446e-13,0.0,0.0,0.0,0.0,0.0,0.0,0.0,0.0,0.0,0.0,0.0,0.0,0.0,0.0,0.0,0.0,0.0,0.0,0.0,0.0,0.0,0.0,0.0,2.2222222222222226e-19,2.2222222222222226e-19,0.0,0.0,0.0,0.0,0.0,0.0,0.0,2553.204416089784,2642.745697059328,2479.182357247589,2293.5598356620126,724.387210148704,861.8412359683998,-201.21293637369513,353.15422956166594,16003.380000000345,1.6003380000000345e+24,0.0,0.0
4.05e-06,123422.0,4.11407,3e+22,-10027.8,408.187,9270.06,2.76269,2.72525,2.73914,-0.000418949194,0.000198940995,0.14153299,0.0219212235,0.0219364016,0.026374653,-5.31069845e-05,-5.34515149e-05,2.88491708e-05,1492.72117,916.800055,-174.170644,-879.610071,2824.13777,402.697735,-2203.52916,111.669945,1441.61569,8100.0,123422.129531,4.114070984,-30.000000000000004,30000 3000,1e-06,2,0.0 0.0259,0.0 0.0,-1.0 0.0,0.00054857 28.0,80000,1000,5e-10,0.0,0.0 0.0 0.0,1000 1000000 0,0,0.0,0,100,0,,10,,1,,,,1.0,10.0,0.1,False,{},,,False,3,mixed,250,300,True,Ar_Aubin,,False,uniform,Argon-Aubin-Test2/10Td,3.0000000000000005e+21,9.27006e+23,0.0,1.0587222222222222e-13,1.0587177777777778e-13,0.0,0.0,0.0,0.0,0.0,0.0,0.0,0.0,0.0,0.0,0.0,0.0,0.0,0.0,0.0,0.0,0.0,0.0,0.0,0.0,0.0,0.0,2.2222222222222226e-19,0.0,0.0,2.2222222222222226e-19,0.0,0.0,0.0,0.0,0.0,0.0,2494.2407430741596,1488.5200312724069,2335.9788668883552,2824.056564872074,756.5074358742777,129.5963807206001,296.67078842270234,-954.5516027126685,14055.43999999981,1.405543999999981e+24,0.0,0.0
4.1e-06,123927.0,4.13089,3e+22,-10167.4,-4099.54,10498.8,2.73847,2.77233,2.74968,-0.000488937395,0.000168118987,0.142207282,0.0221704966,0.0221828201,0.0266173577,-3.13215868e-05,-5.81012988e-05,2.8780753e-05,2976.03423,644.284991,-1328.78309,636.188484,2279.86086,-414.962891,-1841.15041,-354.309925,2100.80938,8200.0,123926.738487,4.130891283,-30.000000000000004,30000 3000,1e-06,2,0.0 0.0259,0.0 0.0,-1.0 0.0,0.00054857 28.0,80000,1000,5e-10,0.0,0.0 0.0 0.0,1000 1000000 0,0,0.0,0,100,0,,10,,1,,,,1.0,10.0,0.1,False,{},,,False,3,mixed,250,300,True,Ar_Aubin,,False,uniform,Argon-Aubin-Test2/10Td,3.0000000000000005e+21,1.0498799999999999e+24,0.0,1.0657399999999999e-13,1.0657377777777779e-13,0.0,0.0,0.0,0.0,0.0,0.0,0.0,0.0,0.0,0.0,0.0,0.0,0.0,0.0,0.0,0.0,0.0,0.0,0.0,0.0,0.0,0.0,0.0,2.2222222222222226e-19,0.0,0.0,0.0,0.0,0.0,0.0,0.0,0.0,2492.0955865092437,2971.063007930077,2464.298135257011,2280.5500705119657,513.8090451257613,607.8035677384003,111.71084052400651,-1718.9219250705742,13485.83999999986,1.348583999999986e+24,0.0,0.0
4.15e-06,124322.0,4.14408,3e+22,6067.6,3091.27,10135.9,2.73228,2.79583,2.7592,-0.000457606031,0.000202633227,0.142799371,0.022432256,0.0223863874,0.0268464852,-3.21388393e-05,-7.33768894e-05,4.97739146e-05,1902.37533,-156.862884,-698.528493,-640.229072,2067.94928,549.974283,1015.41137,884.570739,1688.92625,8300.0,124322.423277,4.144080776,-30.000000000000004,30000 3000,1e-06,2,0.0 0.0259,0.0 0.0,-1.0 0.0,0.00054857 28.0,80000,1000,5e-10,0.0,0.0 0.0 0.0,1000 1000000 0,0,0.0,0,100,0,,10,,1,,,,1.0,10.0,0.1,False,{},,,False,3,mixed,250,300,True,Ar_Aubin,,False,uniform,Argon-Aubin-Test2/10Td,3.0000000000000005e+21,1.01359e+24,0.0,1.0713888888888888e-13,1.07138e-13,0.0,0.0,0.0,0.0,0.0,0.0,0.0,0.0,0.0,0.0,0.0,0.0,0.0,0.0,0.0,0.0,0.0,0.0,0.0,0.0,0.0,0.0,0.0,0.0,2.2222222222222226e-19,6.666666666666668e-19,0.0,0.0,0.0,0.0,0.0,0.0,2617.8905649662174,1905.1519003536957,2035.5450376910446,2067.3228859843716,603.7819583187832,241.52610548109988,-389.20390437007757,-544.9283375099872,11841.780000000357,1.1841780000000358e+24,0.0,0.0
4.2e-06,124690.0,4.15634,3e+22,3454.52,-5731.63,11029.3,2.74659,2.76922,2.79592,-0.000373617522,0.000117781424,0.143341777,0.022686375,0.0226692064,0.0270310155,-6.60291824e-05,-5.65629683e-05,5.33534993e-05,2325.66051,52.3557452,306.992862,-126.643013,2261.34137,-200.097513,621.456195,-554.204507,2284.85042,8400.0,124690.173472,4.156339116,-30.000000000000004,30000 3000,1e-06,2,0.0 0.0259,0.0 0.0,-1.0 0.0,0.00054857 28.0,80000,1000,5e-10,0.0,0.0 0.0 0.0,1000 1000000 0,0,0.0,0,100,0,,10,,1,,,,1.0,10.0,0.1,False,{},,,False,3,mixed,250,300,True,Ar_Aubin,,False,uniform,Argon-Aubin-Test2/10Td,3.0000000000000005e+21,1.10293e+24,0.0,1.0757022222222222e-13,1.0756955555555557e-13,0.0,0.0,0.0,0.0,0.0,0.0,0.0,0.0,0.0,0.0,0.0,0.0,0.0,0.0,0.0,0.0,0.0,0.0,0.0,0.0,0.0,0.0,0.0,0.0,6.666666666666668e-19,0.0,0.0,0.0,0.0,0.0,0.0,0.0,2541.888132268633,2326.9511792020994,2828.4618776084485,2262.0164495432414,293.2562447791401,703.8909589339003,100.4613445842018,437.39276125335465,10848.119999999906,1.0848119999999908e+24,0.0,0.0
4.25e-06,125195.0,4.17316,3e+22,1640.31,6397.25,14327.1,2.77978,2.78409,2.78103,-0.000322950818,0.000216162159,0.144056993,0.0229521283,0.0228777848,0.0273046485,-8.29775501e-05,-5.88598828e-05,7.39559707e-05,2616.86128,27.9315447,85.8444899,-577.248312,3020.04576,811.461714,259.634032,1194.45831,3014.90231,8500.0,125194.879406,4.173162647,-30.000000000000004,30000 3000,1e-06,2,0.0 0.0259,0.0 0.0,-1.0 0.0,0.00054857 28.0,80000,1000,5e-10,0.0,0.0 0.0 0.0,1000 1000000 0,0,0.0,0,100,0,,10,,1,,,,1.0,10.0,0.1,False,{},,,False,3,mixed,250,300,True,Ar_Aubin,,False,uniform,Argon-Aubin-Test2/10Td,3.0000000000000005e+21,1.43271e+24,0.0,1.0818333333333333e-13,1.0818244444444445e-13,0.0,0.0,0.0,0.0,0.0,0.0,0.0,0.0,0.0,0.0,0.0,0.0,0.0,0.0,0.0,0.0,0.0,0.0,0.0,0.0,0.0,0.0,2.2222222222222226e-19,0.0,4.444444444444445e-19,2.2222222222222226e-19,0.0,0.0,0.0,0.0,0.0,0.0,2657.885928218952,2617.3910194562736,2085.4554638485497,3018.6629166283374,680.808013156821,950.9833655897,-186.57180587692636,113.8073443767378,14304.319999999816,1.4304319999999818e+24,0.0,0.0
4.3e-06,125724.0,4.19081,3e+22,437.792,184.335,5379.25,2.77936,2.80732,2.79477,-0.00037911947,0.000182585547,0.144760013,0.0231763007,0.0231257871,0.0275757414,-8.0316527e-05,-6.53334378e-05,5.06388725e-05,1398.01532,-1023.13905,344.733277,-638.10125,3354.30056,259.303231,158.271181,-96.2977444,910.706374,8600.0,125724.337512,4.19081125,-30.000000000000004,30000 3000,1e-06,2,0.0 0.0259,0.0 0.0,-1.0 0.0,0.00054857 28.0,80000,1000,5e-10,0.0,0.0 0.0 0.0,1000 1000000 0,0,0.0,0,100,0,,10,,1,,,,1.0,10.0,0.1,False,{},,,False,3,mixed,250,300,True,Ar_Aubin,,False,uniform,Argon-Aubin-Test2/10Td,3.0000000000000005e+21,5.3792500000000003e+23,0.0,1.0905599999999999e-13,1.0905577777777779e-13,0.0,0.0,0.0,0.0,0.0,0.0,0.0,0.0,0.0,0.0,0.0,0.0,0.0,0.0,0.0,0.0,0.0,0.0,0.0,0.0,0.0,0.0,0.0,0.0,0.0,2.2222222222222226e-19,0.0,0.0,0.0,0.0,0.0,0.0,2241.329656583156,1398.1812954710101,2480.1568859701347,3354.266903093194,680.4876844188068,132.00607406975007,37.68921355565676,441.6690607977015,14060.399999999974,1.4060399999999974e+24,0.0,0.0
4.35e-06,126196.0,4.20653,3e+22,-3997.22,-2210.26,11561.8,2.81761,2.82319,2.77138,-0.000423305164,5.04546398e-05,0.145459531,0.0233902017,0.0234360137,0.0278260355,-9.26965063e-05,-4.6746897e-05,2.57670445e-05,2118.87684,71.8061143,-314.277942,79.0870963,2261.38601,-89.1675862,-437.116116,0.842039743,2132.35894,8700.0,126195.797504,4.206526583,-30.000000000000004,30000 3000,1e-06,2,0.0 0.0259,0.0 0.0,-1.0 0.0,0.00054857 28.0,80000,1000,5e-10,0.0,0.0 0.0 0.0,1000 1000000 0,0,0.0,0,100,0,,10,,1,,,,1.0,10.0,0.1,False,{},,,False,3,mixed,250,300,True,Ar_Aubin,,False,uniform,Argon-Aubin-Test2/10Td,3.0000000000000005e+21,1.1561799999999999e+24,0.0,1.0945377777777777e-13,1.0945244444444445e-13,0.0,0.0,0.0,0.0,0.0,0.0,0.0,0.0,0.0,0.0,0.0,0.0,0.0,0.0,0.0,0.0,0.0,0.0,0.0,0.0,0.0,0.0,0.0,2.2222222222222226e-19,8.88888888888889e-19,2.2222222222222226e-19,0.0,0.0,0.0,0.0,0.0,0.0,2138.655443106631,2117.184796132356,3102.573918112965,2261.4975278721645,472.8030502020378,450.5849344842002,505.5794403912995,-165.0661418510448,13990.360000000202,1.3990360000000203e+24,0.0,0.0
4.4e-06,126617.0,4.22057,3e+22,-3267.01,3908.16,14356.9,2.79977,2.79483,2.84523,-0.000397122855,3.96887298e-05,0.146105264,0.0236221287,0.0236303963,0.0280522412,-8.00201505e-05,-5.12469312e-05,3.13851014e-05,2316.43232,-272.560709,288.582638,202.55374,2595.66429,266.119825,-833.693762,1363.48196,3045.62913,8800.0,126617.244804,4.220574827,-30.000000000000004,30000 3000,1e-06,2,0.0 0.0259,0.0 0.0,-1.0 0.0,0.00054857 28.0,80000,1000,5e-10,0.0,0.0 0.0 0.0,1000 1000000 0,0,0.0,0,100,0,,10,,1,,,,1.0,10.0,0.1,False,{},,,False,3,mixed,250,300,True,Ar_Aubin,,False,uniform,Argon-Aubin-Test2/10Td,3.0000000000000005e+21,1.4356900000000002e+24,0.0,1.0999777777777778e-13,1.0999644444444446e-13,0.0,0.0,0.0,0.0,0.0,0.0,0.0,0.0,0.0,0.0,0.0,0.0,0.0,0.0,0.0,0.0,0.0,0.0,0.0,0.0,0.0,0.0,0.0,6.666666666666668e-19,2.2222222222222226e-19,4.444444444444445e-19,0.0,0.0,0.0,0.0,0.0,0.0,2319.4848069990962,2315.1349156614865,1943.835704754024,2595.509180093745,379.32690230266246,948.0104652783998,-161.04130510218715,-62.082312342410376,12914.660000000189,1.291466000000019e+24,0.0,0.0
4.45e-06,126965.0,4.23215,3e+22,-1783.33,-4860.01,10914.7,2.83852,2.79909,2.82587,-0.000387280811,2.92865764e-05,0.146635575,0.0238847096,0.0238669483,0.0282703779,-9.68732394e-05,-5.27816825e-05,5.15587478e-05,2574.67881,383.40695,1564.50162,629.112956,2167.92121,-91.8178979,-97.3938673,-1264.62175,2016.60701,8900.0,126964.619784,4.232153993,-30.000000000000004,30000 3000,1e-06,2,0.0 0.0259,0.0 0.0,-1.0 0.0,0.00054857 28.0,80000,1000,5e-10,0.0,0.0 0.0 0.0,1000 1000000 0,0,0.0,0,100,0,,10,,1,,,,1.0,10.0,0.1,False,{},,,False,3,mixed,250,300,True,Ar_Aubin,,False,uniform,Argon-Aubin-Test2/10Td,3.0000000000000005e+21,1.0914700000000002e+24,0.0,1.1037755555555555e-13,1.103768888888889e-13,0.0,0.0,0.0,0.0,0.0,0.0,0.0,0.0,0.0,0.0,0.0,0.0,0.0,0.0,0.0,0.0,0.0,0.0,0.0,0.0,0.0,0.0,0.0,0.0,6.666666666666668e-19,0.0,0.0,0.0,0.0,0.0,0.0,0.0,2625.8862013539206,2573.988160511319,2365.5271749171634,2168.0635430541697,628.9301292907585,416.1236995474999,-55.346929255148105,1732.8344265325718,10606.219999999556,1.0606219999999556e+24,0.0,0.0
4.5e-06,127424.0,4.24746,3e+22,-216.289,-877.532,11293.5,2.85083,2.79074,2.85262,-0.000368983803,-9.13660739e-06,0.14728793,0.0241515508,0.0240872036,0.0285243291,-0.000103154643,-7.0128434e-05,3.10738157e-05,2507.9221,162.836089,-1299.66888,995.083989,2058.2872,-712.552818,85.5367994,-73.1506092,2089.12475,9000.0,127423.862831,4.247462094,-30.000000000000004,30000 3000,1e-06,2,0.0 0.0259,0.0 0.0,-1.0 0.0,0.00054857 28.0,80000,1000,5e-10,0.0,0.0 0.0 0.0,1000 1000000 0,0,0.0,0,100,0,,10,,1,,,,1.0,10.0,0.1,False,{},,,False,3,mixed,250,300,True,Ar_Aubin,,False,uniform,Argon-Aubin-Test2/10Td,3.0000000000000005e+21,1.12935e+24,0.0,1.1134244444444445e-13,1.1134177777777779e-13,0.0,0.0,0.0,0.0,0.0,0.0,0.0,0.0,0.0,0.0,0.0,0.0,0.0,0.0,0.0,0.0,0.0,0.0,0.0,0.0,0.0,0.0,0.0,0.0,4.444444444444445e-19,2.2222222222222226e-19,0.0,0.0,0.0,0.0,0.0,0.0,2668.5503737969298,2507.8422928622326,2202.5607422596418,2058.2791823346442,622.0873189571528,425.72851254499983,-395.78070720107064,-1178.1082029290494,13047.100000000422,1.3047100000000422e+24,0.0,0.0
4.55e-06,127707.0,4.25688,3e+22,-990.25,4710.84,6810.56,2.82132,2.83515,2.85691,-0.000428084432,7.38695853e-05,0.147836907,0.0243930152,0.0243528901,0.0287592982,-9.07860585e-05,-9.31173622e-05,3.42213625e-05,3079.27437,334.917499,-763.17295,1485.38963,2156.10339,-229.065642,195.413688,1184.63908,1728.30242,9100.0,127706.530594,4.256884353,-30.000000000000004,30000 3000,1e-06,2,0.0 0.0259,0.0 0.0,-1.0 0.0,0.00054857 28.0,80000,1000,5e-10,0.0,0.0 0.0 0.0,1000 1000000 0,0,0.0,0,100,0,,10,,1,,,,1.0,10.0,0.1,False,{},,,False,3,mixed,250,300,True,Ar_Aubin,,False,uniform,Argon-Aubin-Test2/10Td,3.0000000000000005e+21,6.81056e+23,0.0,1.1148933333333333e-13,1.1148711111111112e-13,0.0,0.0,0.0,0.0,0.0,0.0,0.0,0.0,0.0,0.0,0.0,0.0,0.0,0.0,0.0,0.0,0.0,0.0,0.0,0.0,0.0,0.0,0.0,2.2222222222222226e-19,6.666666666666668e-19,1.3333333333333336e-18,0.0,0.0,0.0,0.0,0.0,0.0,2414.1729276595456,3078.850459391212,2656.811267619623,2155.7554022027857,729.5235235825828,721.45029466208,-280.9822077133194,-418.44827013404813,10979.539999999566,1.0979539999999567e+24,0.0,0.0
4.6e-06,128166.0,4.27221,3e+22,3507.04,4744.32,10953.3,2.84469,2.85537,2.84348,-0.000419679757,6.56833234e-05,0.148495521,0.0246757951,0.0246015294,0.0290270587,-9.43655445e-05,-0.000100512637,2.27216595e-05,2413.14262,407.321133,21.8673131,825.401284,2247.52723,-748.638355,330.68571,377.888069,2433.74819,9200.0,128166.443715,4.27221479,-30.000000000000004,30000 3000,1e-06,2,0.0 0.0259,0.0 0.0,-1.0 0.0,0.00054857 28.0,80000,1000,5e-10,0.0,0.0 0.0 0.0,1000 1000000 0,0,0.0,0,100,0,,10,,1,,,,1.0,10.0,0.1,False,{},,,False,3,mixed,250,300,True,Ar_Aubin,,False,uniform,Argon-Aubin-Test2/10Td,3.0000000000000005e+21,1.09533e+24,0.0,1.1206977777777778e-13,1.1206911111111112e-13,0.0,0.0,0.0,0.0,0.0,0.0,0.0,0.0,0.0,0.0,0.0,0.0,0.0,0.0,0.0,0.0,0.0,0.0,0.0,0.0,0.0,0.0,0.0,0.0,0.0,6.666666666666668e-19,0.0,0.0,0.0,0.0,0.0,0.0,2827.870251824877,2414.614453694989,2486.404424166568,2247.215607295127,725.9181426520767,807.2321998307,-167.22777985726862,-163.62983058549196,13172.280000000037,1.3172280000000037e+24,0.0,0.0
4.65e-06,128686.0,4.28954,3e+22,1529.19,-1411.36,10494.1,2.84776,2.84533,2.88534,-0.000427331461,-4.40364722e-05,0.149230775,0.0249336408,0.0248449221,0.0293217723,-7.48658259e-05,-0.000127473238,-2.24374748e-05,3139.90821,494.499849,-1174.909,296.354771,3083.05221,-607.816702,-471.241314,108.405211,2039.02204,9300.0,128686.191559,4.289539719,-30.000000000000004,30000 3000,1e-06,2,0.0 0.0259,0.0 0.0,-1.0 0.0,0.00054857 28.0,80000,1000,5e-10,0.0,0.0 0.0 0.0,1000 1000000 0,0,0.0,0,100,0,,10,,1,,,,1.0,10.0,0.1,False,{},,,False,3,mixed,250,300,True,Ar_Aubin,,False,uniform,Argon-Aubin-Test2/10Td,3.0000000000000005e+21,1.0494100000000001e+24,0.0,1.1290733333333333e-13,1.1290644444444445e-13,0.0,0.0,0.0,0.0,0.0,0.0,0.0,0.0,0.0,0.0,0.0,0.0,0.0,0.0,0.0,0.0,0.0,0.0,0.0,0.0,0.0,0.0,0.0,0.0,6.666666666666668e-19,2.2222222222222226e-19,0.0,0.0,0.0,0.0,0.0,0.0,2578.392189208738,3140.5616809968465,2433.9507508809243,3082.9900586845956,758.0914996081074,472.97936407249995,-510.2032012391223,-1869.8680637373698,14705.080000000371,1.4705080000000372e+24,0.0,0.0
4.7e-06,129086.0,4.30287,3e+22,-4542.68,384.095,11628.6,2.87776,2.86595,2.86114,-0.000407725467,9.7446181e-06,0.149842125,0.0251926829,0.0251307628,0.0295530689,-6.81052087e-05,-0.000135184671,-2.327019e-05,1204.0578,-547.2195,-1189.09271,-83.2886595,3706.599,-621.699726,-643.72631,-118.052167,2308.01606,9400.0,129085.989954,4.302866332,-30.000000000000004,30000 3000,1e-06,2,0.0 0.0259,0.0 0.0,-1.0 0.0,0.00054857 28.0,80000,1000,5e-10,0.0,0.0 0.0 0.0,1000 1000000 0,0,0.0,0,100,0,,10,,1,,,,1.0,10.0,0.1,False,{},,,False,3,mixed,250,300,True,Ar_Aubin,,False,uniform,Argon-Aubin-Test2/10Td,3.0000000000000005e+21,1.16286e+24,0.0,1.13684e-13,1.136828888888889e-13,0.0,0.0,0.0,0.0,0.0,0.0,0.0,0.0,0.0,0.0,0.0,0.0,0.0,0.0,0.0,0.0,0.0,0.0,0.0,0.0,0.0,0.0,0.0,2.2222222222222226e-19,6.666666666666668e-19,2.2222222222222226e-19,0.0,0.0,0.0,0.0,0.0,0.0,2590.584721211195,1202.2056336755684,2858.4254425330014,3706.595257140911,484.5838258500657,565.5619252249999,-207.7597543002983,-1147.392919239444,12226.999999999656,1.2226999999999658e+24,0.0,0.0
4.75e-06,129566.0,4.31886,3e+22,-52.9639,7191.11,10372.1,2.8594,2.90431,2.87309,-0.000385543989,1.86236113e-05,0.150549399,0.0254463089,0.0253359624,0.0298532194,-5.16071876e-05,-0.000129031126,-3.42098945e-05,3322.46551,800.34149,-474.890984,-943.462516,2393.183,-1167.53918,55.4870404,1290.84577,1932.84721,9500.0,129565.656054,4.318855202,-30.000000000000004,30000 3000,1e-06,2,0.0 0.0259,0.0 0.0,-1.0 0.0,0.00054857 28.0,80000,1000,5e-10,0.0,0.0 0.0 0.0,1000 1000000 0,0,0.0,0,100,0,,10,,1,,,,1.0,10.0,0.1,False,{},,,False,3,mixed,250,300,True,Ar_Aubin,,False,uniform,Argon-Aubin-Test2/10Td,3.0000000000000005e+21,1.03721e+24,0.0,1.1395733333333333e-13,1.1395622222222223e-13,0.0,0.0,0.0,0.0,0.0,0.0,0.0,0.0,0.0,0.0,0.0,0.0,0.0,0.0,0.0,0.0,0.0,0.0,0.0,0.0,0.0,0.0,0.0,2.2222222222222226e-19,0.0,8.88888888888889e-19,0.0,0.0,0.0,0.0,0.0,0.0,2536.4359588898533,3322.445090086721,2051.9934811868284,2393.0490755625447,876.913852544195,371.33378863209987,62.050208802305,-407.431359477997,14145.480000000156,1.4145480000000157e+24,0.0,0.0
4.8e-06,130027.0,4.33423,3e+22,-1665.55,-2402.49,11763.8,2.90532,2.85696,2.90535,-0.000449313656,0.000304789687,0.151235133,0.0257301715,0.0255427403,0.0301304956,-7.34480551e-05,-0.000133147982,-6.62848304e-07,3296.62509,-278.570407,444.802819,-487.599322,3011.51406,606.387037,25.3700813,-742.907186,2553.37959,9600.0,130026.881308,4.334229377,-30.000000000000004,30000 3000,1e-06,2,0.0 0.0259,0.0 0.0,-1.0 0.0,0.00054857 28.0,80000,1000,5e-10,0.0,0.0 0.0 0.0,1000 1000000 0,0,0.0,0,100,0,,10,,1,,,,1.0,10.0,0.1,False,{},,,False,3,mixed,250,300,True,Ar_Aubin,,False,uniform,Argon-Aubin-Test2/10Td,3.0000000000000005e+21,1.17638e+24,0.0,1.146791111111111e-13,1.14678e-13,0.0,0.0,0.0,0.0,0.0,0.0,0.0,0.0,0.0,0.0,0.0,0.0,0.0,0.0,0.0,0.0,0.0,0.0,0.0,0.0,0.0,0.0,0.0,0.0,2.2222222222222226e-19,8.88888888888889e-19,0.0,0.0,0.0,0.0,0.0,0.0,2838.093614059879,3295.876735640249,2066.853500855975,3012.2463141751205,703.3228573351605,774.2797324146002,115.83477383727264,727.3482120546028,13714.67999999987,1.371467999999987e+24,0.0,0.0
4.85e-06,130416.0,4.34719,3e+22,-5100.42,-2608.55,17373.2,2.88052,2.93656,2.87539,-0.000366347883,0.000452276309,0.151896961,0.025966335,0.0257788716,0.0303883293,-6.66875908e-05,-0.000128957856,4.43325978e-05,1233.33673,-624.648553,235.838389,-551.481823,2715.00761,-1194.20533,-778.822486,-525.780057,3452.87918,9700.0,130415.694588,4.34718982,-30.000000000000004,30000 3000,1e-06,2,0.0 0.0259,0.0 0.0,-1.0 0.0,0.00054857 28.0,80000,1000,5e-10,0.0,0.0 0.0 0.0,1000 1000000 0,0,0.0,0,100,0,,10,,1,,,,1.0,10.0,0.1,False,{},,,False,3,mixed,250,300,True,Ar_Aubin,,False,uniform,Argon-Aubin-Test2/10Td,3.0000000000000005e+21,1.73732e+24,0.0,1.1528888888888888e-13,1.152868888888889e-13,0.0,0.0,0.0,0.0,0.0,0.0,0.0,0.0,0.0,0.0,0.0,0.0,0.0,0.0,0.0,0.0,0.0,0.0,0.0,0.0,0.0,0.0,0.0,6.666666666666668e-19,8.88888888888889e-19,4.444444444444445e-19,0.0,0.0,0.0,0.0,0.0,0.0,2362.311719900888,1231.4682019305892,2360.196428936173,2716.187395365842,572.123924921647,813.9428971548,-162.2950885478536,238.11883586455554,13236.560000000065,1.3236560000000064e+24,0.0,0.0
4.9e-06,130953.0,4.3651,3e+22,35.3671,2337.29,11430.2,2.92642,2.92205,2.88096,-0.00025477446,0.000350304425,0.152656422,0.0261303241,0.0260250239,0.0306809779,-5.59167069e-05,-9.68188957e-05,2.07686789e-05,1891.38395,417.318971,504.098785,921.534734,1688.82184,94.8510978,49.4723542,834.446395,2260.49446,9800.0,130953.139771,4.365104659,-30.000000000000004,30000 3000,1e-06,2,0.0 0.0259,0.0 0.0,-1.0 0.0,0.00054857 28.0,80000,1000,5e-10,0.0,0.0 0.0 0.0,1000 1000000 0,0,0.0,0,100,0,,10,,1,,,,1.0,10.0,0.1,False,{},,,False,3,mixed,250,300,True,Ar_Aubin,,False,uniform,Argon-Aubin-Test2/10Td,3.0000000000000005e+21,1.1430200000000001e+24,0.0,1.1581977777777776e-13,1.158188888888889e-13,0.0,0.0,0.0,0.0,0.0,0.0,0.0,0.0,0.0,0.0,0.0,0.0,0.0,0.0,0.0,0.0,0.0,0.0,0.0,0.0,0.0,0.0,0.0,0.0,2.2222222222222226e-19,6.666666666666668e-19,0.0,0.0,0.0,0.0,0.0,0.0,1640.5840074591033,1891.3929606338043,2462.3414066950872,1688.0030769704917,613.5218319343328,515.6010252555996,307.69575368197104,551.0842472901759,15189.220000000338,1.5189220000000337e+24,0.0,0.0
4.95e-06,131372.0,4.37907,3e+22,-100.275,-2895.85,7008.12,2.90174,2.93279,2.92327,-0.000222420563,0.000341558119,0.153335577,0.0263415886,0.0262412561,0.0309437414,-5.4026106e-05,-0.000103209675,8.16010013e-06,2891.79469,-806.808235,546.432606,122.12574,1781.09994,-552.3739,33.4259832,-729.344226,777.718729,9900.0,131371.959629,4.379065321,-30.000000000000004,30000 3000,1e-06,2,0.0 0.0259,0.0 0.0,-1.0 0.0,0.00054857 28.0,80000,1000,5e-10,0.0,0.0 0.0 0.0,1000 1000000 0,0,0.0,0,100,0,,10,,1,,,,1.0,10.0,0.1,False,{},,,False,3,mixed,250,300,True,Ar_Aubin,,False,uniform,Argon-Aubin-Test2/10Td,3.0000000000000005e+21,7.00812e+23,0.0,1.1645377777777777e-13,1.1645200000000002e-13,0.0,0.0,0.0,0.0,0.0,0.0,0.0,0.0,0.0,0.0,0.0,0.0,0.0,0.0,0.0,0.0,0.0,0.0,0.0,0.0,0.0,0.0,2.2222222222222226e-19,4.444444444444445e-19,2.2222222222222226e-19,8.88888888888889e-19,0.0,0.0,0.0,0.0,0.0,0.0,2112.799391186214,2891.7723867780455,2162.3825124152117,1782.0890410789061,549.4750391915951,-296.87539488523987,-223.57502832624542,596.7930641796465,13583.099999999738,1.3583099999999738e+24,0.0,0.0
5e-06,131759.0,4.39196,3e+22,-4649.25,-1999.66,6391.8,2.92935,2.90763,2.94657,-0.00019064473,0.000394377431,0.153931208,0.0265740791,0.0264426231,0.0311971415,-2.47903318e-05,-0.000122387815,1.35302063e-05,2419.96769,545.770339,254.267858,-524.443787,2008.45351,582.442311,-818.566887,-343.938407,1752.05193,10000.0,131758.879581,4.391962653,-30.000000000000004,30000 3000,1e-06,2,0.0 0.0259,0.0 0.0,-1.0 0.0,0.00054857 28.0,80000,1000,5e-10,0.0,0.0 0.0 0.0,1000 1000000 0,0,0.0,0,100,0,,10,,1,,,,1.0,10.0,0.1,False,{},,,False,3,mixed,250,300,True,Ar_Aubin,,False,uniform,Argon-Aubin-Test2/10Td,3.0000000000000005e+21,6.391800000000001e+23,0.0,1.1675955555555554e-13,1.1675866666666668e-13,0.0,0.0,0.0,0.0,0.0,0.0,0.0,0.0,0.0,0.0,0.0,0.0,0.0,0.0,0.0,0.0,0.0,0.0,0.0,0.0,0.0,0.0,0.0,0.0,4.444444444444445e-19,4.444444444444445e-19,0.0,0.0,0.0,0.0,0.0,0.0,2325.036254937664,2419.0813349890473,2013.281283905731,2009.2421307736736,703.824775836609,768.1544347056,-478.7390355307203,152.58420277921402,11912.620000000263,1.1912620000000263e+24,0.0,0.0
5.05e-06,132126.0,4.4042,3e+22,2639.86,1673.81,8084.95,2.92507,2.92685,2.95605,-8.19845416e-05,0.000348579888,0.154513048,0.0268057514,0.0266819126,0.0314594444,2.6132703e-06,-0.000106497382,1.84590716e-05,2187.68927,1948.79306,987.603919,335.993858,2030.29448,290.183996,-17.5779816,155.685368,1578.97851,10100.0,132126.023397,4.40420078,-30.000000000000004,30000 3000,1e-06,2,0.0 0.0259,0.0 0.0,-1.0 0.0,0.00054857 28.0,80000,1000,5e-10,0.0,0.0 0.0 0.0,1000 1000000 0,0,0.0,0,100,0,,10,,1,,,,1.0,10.0,0.1,False,{},,,False,3,mixed,250,300,True,Ar_Aubin,,False,uniform,Argon-Aubin-Test2/10Td,3.0000000000000005e+21,8.08495e+23,0.0,1.1743777777777777e-13,1.174366666666667e-13,0.0,0.0,0.0,0.0,0.0,0.0,0.0,0.0,0.0,0.0,0.0,0.0,0.0,0.0,0.0,0.0,0.0,0.0,0.0,0.0,0.0,0.0,2.2222222222222226e-19,2.2222222222222226e-19,2.2222222222222226e-19,4.444444444444445e-19,0.0,0.0,0.0,0.0,0.0,0.0,2317.019239480196,2187.905697711988,2393.2352561976263,2029.7110234976667,828.3769408896914,329.74824257240016,-15.761183524700904,562.7959634263289,11636.799999999448,1.1636799999999449e+24,0.0,0.0
5.1e-06,132502.0,4.41673,3e+22,3411.09,4176.03,13430.7,2.93296,2.91684,2.98246,-9.44887997e-06,0.000297217192,0.155183592,0.0270561581,0.0268877217,0.0317299935,1.27091721e-05,-0.000110421693,2.25649483e-05,2345.15227,-213.188888,-259.781565,-753.182695,1255.25825,30.8432286,508.95202,1108.49705,2163.89219,10200.0,132501.754322,4.416725144,-30.000000000000004,30000 3000,1e-06,2,0.0 0.0259,0.0 0.0,-1.0 0.0,0.00054857 28.0,80000,1000,5e-10,0.0,0.0 0.0 0.0,1000 1000000 0,0,0.0,0,100,0,,10,,1,,,,1.0,10.0,0.1,False,{},,,False,3,mixed,250,300,True,Ar_Aubin,,False,uniform,Argon-Aubin-Test2/10Td,3.0000000000000005e+21,1.3430700000000003e+24,0.0,1.1789177777777777e-13,1.1788955555555556e-13,0.0,0.0,0.0,0.0,0.0,0.0,0.0,0.0,0.0,0.0,0.0,0.0,0.0,0.0,0.0,0.0,0.0,0.0,0.0,2.2222222222222226e-19,0.0,0.0,0.0,8.88888888888889e-19,6.666666666666668e-19,4.444444444444445e-19,0.0,0.0,0.0,0.0,0.0,0.0,2504.133321837299,2345.1845009799767,2058.42269879096,1254.0170620896922,628.8387622782957,79.6679209255999,-302.51362554754684,-280.0478387630669,13410.88000000046,1.341088000000046e+24,0.0,0.0
5.15e-06,133044.0,4.4348,3e+22,5223.65,-3068.97,22961.8,2.95412,2.94863,2.96365,0.000128529882,0.000180628491,0.155993642,0.0272961304,0.0271029327,0.0320424945,-5.35504697e-07,-8.8340184e-05,1.90849335e-05,2016.23707,-1412.87525,-739.221107,655.134028,1944.87349,693.789036,1121.1729,-765.607868,4578.82571,10300.0,133044.123873,4.434804129,-30.000000000000004,30000 3000,1e-06,2,0.0 0.0259,0.0 0.0,-1.0 0.0,0.00054857 28.0,80000,1000,5e-10,0.0,0.0 0.0 0.0,1000 1000000 0,0,0.0,0,100,0,,10,,1,,,,1.0,10.0,0.1,False,{},,,False,3,mixed,250,300,True,Ar_Aubin,,False,uniform,Argon-Aubin-Test2/10Td,3.0000000000000005e+21,2.29618e+24,0.0,1.1852333333333332e-13,1.1852177777777779e-13,0.0,0.0,0.0,0.0,0.0,0.0,0.0,0.0,0.0,0.0,0.0,0.0,0.0,0.0,0.0,0.0,0.0,0.0,0.0,0.0,2.2222222222222226e-19,0.0,0.0,0.0,4.444444444444445e-19,8.88888888888889e-19,0.0,0.0,0.0,0.0,0.0,0.0,2399.5586935076503,2015.5656748818906,2152.667114074594,1945.4278334200242,604.3188159830793,996.9309011244004,11.307069337366313,-435.8556724778074,16200.999999999578,1.6200999999999579e+24,0.0,0.0
5.2e-06,133352.0,4.44507,3e+22,8404.73,-1461.07,6952.1,2.94426,2.96997,2.97523,0.000230963052,0.000163987891,0.15659307,0.0275242414,0.027322551,0.0322897862,-2.41859604e-05,-9.827193e-05,3.86695113e-05,2835.36758,696.631163,224.018702,-226.519296,2500.45665,-57.243433,1178.60351,-914.173084,1220.06566,10400.0,133352.202855,4.445073428,-30.000000000000004,30000 3000,1e-06,2,0.0 0.0259,0.0 0.0,-1.0 0.0,0.00054857 28.0,80000,1000,5e-10,0.0,0.0 0.0 0.0,1000 1000000 0,0,0.0,0,100,0,,10,,1,,,,1.0,10.0,0.1,False,{},,,False,3,mixed,250,300,True,Ar_Aubin,,False,uniform,Argon-Aubin-Test2/10Td,3.0000000000000005e+21,6.9521e+23,0.0,1.1909e-13,1.1908755555555558e-13,0.0,0.0,0.0,0.0,0.0,0.0,0.0,0.0,0.0,0.0,0.0,0.0,0.0,0.0,0.0,0.0,0.0,0.0,0.0,0.0,0.0,0.0,0.0,8.88888888888889e-19,6.666666666666668e-19,8.88888888888889e-19,0.0,0.0,0.0,0.0,0.0,0.0,2280.741759991753,2833.426397907964,2196.240346233683,2500.6962477879033,599.1847239925769,131.4149780529999,-520.9822994047881,84.89406054509095,11988.56000000026,1.198856000000026e+24,0.0,0.0
5.25e-06,133652.0,4.45507,3e+22,1952.13,-1796.42,12149.2,2.9846,2.96564,2.95902,0.000315885806,0.000168763813,0.157095781,0.0277740633,0.0275751445,0.0325215273,-3.43796778e-05,-8.85273348e-05,3.24334297e-05,2143.68648,-559.164008,-259.146605,34.4016494,2105.89359,-480.112692,50.3677056,393.312137,3265.17136,10500.0,133652.169761,4.455072325,-30.000000000000004,30000 3000,1e-06,2,0.0 0.0259,0.0 0.0,-1.0 0.0,0.00054857 28.0,80000,1000,5e-10,0.0,0.0 0.0 0.0,1000 1000000 0,0,0.0,0,100,0,,10,,1,,,,1.0,10.0,0.1,False,{},,,False,3,mixed,250,300,True,Ar_Aubin,,False,uniform,Argon-Aubin-Test2/10Td,3.0000000000000005e+21,1.21492e+24,0.0,1.1936222222222222e-13,1.1936133333333335e-13,0.0,0.0,0.0,0.0,0.0,0.0,0.0,0.0,0.0,0.0,0.0,0.0,0.0,0.0,0.0,0.0,0.0,0.0,0.0,0.0,0.0,0.0,0.0,2.2222222222222226e-19,2.2222222222222226e-19,4.444444444444445e-19,0.0,0.0,0.0,0.0,0.0,0.0,2497.754600889572,2143.069829841533,2525.919108038177,2106.19676068895,740.4626402494549,1356.5832974747998,-74.25037662269656,-519.2880461977852,10054.219999999781,1.0054219999999782e+24,0.0,0.0
5.3e-06,133860.0,4.462,3e+22,-894.809,379.5,12810.3,2.94388,2.99122,2.98796,0.000305712312,0.000151306407,0.157612939,0.0280287705,0.0278393912,0.0327792013,-3.91240518e-05,-9.14872113e-05,7.31938543e-06,2210.82964,-1001.02037,-351.149751,-177.624461,2195.97461,-248.808021,18.8136284,686.986688,2397.49823,10600.0,133859.917371,4.461997246,-30.000000000000004,30000 3000,1e-06,2,0.0 0.0259,0.0 0.0,-1.0 0.0,0.00054857 28.0,80000,1000,5e-10,0.0,0.0 0.0 0.0,1000 1000000 0,0,0.0,0,100,0,,10,,1,,,,1.0,10.0,0.1,False,{},,,False,3,mixed,250,300,True,Ar_Aubin,,False,uniform,Argon-Aubin-Test2/10Td,3.0000000000000005e+21,1.28103e+24,0.0,1.1998666666666666e-13,1.1998377777777778e-13,0.0,0.0,0.0,0.0,0.0,0.0,0.0,0.0,0.0,0.0,0.0,0.0,0.0,0.0,0.0,0.0,0.0,0.0,0.0,0.0,0.0,0.0,0.0,1.1111111111111113e-18,8.88888888888889e-19,8.88888888888889e-19,0.0,0.0,0.0,0.0,0.0,0.0,2547.1352382472683,2211.1031941281885,2642.522875957801,2195.9171892185436,949.1986778223383,378.42919752830016,-30.39530164840993,-195.21891269676254,10343.160000000351,1.0343160000000351e+24,0.0,0.0
5.35e-06,134336.0,4.47786,3e+22,2053.44,-5387.47,9461.72,2.99363,2.94255,3.01883,0.00031144169,0.000248054576,0.158316721,0.0282520286,0.0281092771,0.0330514815,-4.42352876e-05,-8.94304469e-05,3.29231327e-05,2714.95523,-739.35872,94.442646,-38.1570793,2678.08167,758.357614,216.17965,-836.501249,1080.62987,10700.0,134335.690565,4.477856352,-30.000000000000004,30000 3000,1e-06,2,0.0 0.0259,0.0 0.0,-1.0 0.0,0.00054857 28.0,80000,1000,5e-10,0.0,0.0 0.0 0.0,1000 1000000 0,0,0.0,0,100,0,,10,,1,,,,1.0,10.0,0.1,False,{},,,False,3,mixed,250,300,True,Ar_Aubin,,False,uniform,Argon-Aubin-Test2/10Td,3.0000000000000005e+21,9.46172e+23,0.0,1.2062422222222222e-13,1.2062333333333333e-13,0.0,0.0,0.0,0.0,0.0,0.0,0.0,0.0,0.0,0.0,0.0,0.0,0.0,0.0,0.0,0.0,0.0,0.0,0.0,0.0,0.0,0.0,0.0,2.2222222222222226e-19,4.444444444444445e-19,2.2222222222222226e-19,0.0,0.0,0.0,0.0,0.0,0.0,2232.545640914359,2714.3157031760866,2698.472625561228,2679.4180565865627,499.3459202588466,-417.31861542011984,18.691064786129736,-17.418365637346767,14075.639999999723,1.4075639999999725e+24,0.0,0.0
5.4e-06,134765.0,4.49217,3e+22,2074.62,660.864,14866.7,2.98472,3.00389,2.99444,0.000381668897,0.000137296989,0.159078651,0.0284759663,0.0283500526,0.0333482823,-4.03712011e-05,-7.74864267e-05,-5.2619145e-07,1112.47412,-634.049852,155.054172,-455.603854,3605.30098,-578.32043,1000.31952,345.236282,3086.39691,10800.0,134765.153949,4.492171798,-30.000000000000004,30000 3000,1e-06,2,0.0 0.0259,0.0 0.0,-1.0 0.0,0.00054857 28.0,80000,1000,5e-10,0.0,0.0 0.0 0.0,1000 1000000 0,0,0.0,0,100,0,,10,,1,,,,1.0,10.0,0.1,False,{},,,False,3,mixed,250,300,True,Ar_Aubin,,False,uniform,Argon-Aubin-Test2/10Td,3.0000000000000005e+21,1.48667e+24,0.0,1.207731111111111e-13,1.2077022222222224e-13,0.0,0.0,0.0,0.0,0.0,0.0,0.0,0.0,0.0,0.0,0.0,0.0,0.0,0.0,0.0,0.0,0.0,0.0,0.0,0.0,0.0,0.0,2.2222222222222226e-19,6.666666666666668e-19,1.1111111111111113e-18,8.88888888888889e-19,0.0,0.0,0.0,0.0,0.0,0.0,2238.890247793328,1111.682302072906,2408.1818060948945,3605.2102453626617,549.6774421203874,721.4223291783001,10.701481601610485,819.6717840713504,15238.59999999988,1.523859999999988e+24,0.0,0.0
5.45e-06,135144.0,4.50482,3e+22,-1560.8,-6144.78,4195.03,2.99162,3.01925,2.99843,0.000376536507,7.52722212e-05,0.15968485,0.0286934109,0.0285773243,0.0336093596,-2.83845603e-05,-9.38015346e-05,-1.76183129e-05,2134.03011,1573.093,-774.01673,-206.224243,2327.80172,319.6533,74.1628038,-1522.65406,863.462089,10900.0,135144.483262,4.504816109,-30.000000000000004,30000 3000,1e-06,2,0.0 0.0259,0.0 0.0,-1.0 0.0,0.00054857 28.0,80000,1000,5e-10,0.0,0.0 0.0 0.0,1000 1000000 0,0,0.0,0,100,0,,10,,1,,,,1.0,10.0,0.1,False,{},,,False,3,mixed,250,300,True,Ar_Aubin,,False,uniform,Argon-Aubin-Test2/10Td,3.0000000000000005e+21,4.1950300000000004e+23,0.0,1.2164244444444445e-13,1.2164133333333335e-13,0.0,0.0,0.0,0.0,0.0,0.0,0.0,0.0,0.0,0.0,0.0,0.0,0.0,0.0,0.0,0.0,0.0,0.0,0.0,0.0,0.0,0.0,0.0,2.2222222222222226e-19,4.444444444444445e-19,4.444444444444445e-19,0.0,0.0,0.0,0.0,0.0,0.0,2174.4849140583474,2134.617808180126,2272.8488455590195,2328.2642512393854,678.4318445730506,193.57935270450002,-314.53820552802,-452.1973942629603,12123.980000000034,1.2123980000000036e+24,0.0,0.0
5.5e-06,135367.0,4.51223,3e+22,-1198.12,-2331.5,8051.97,3.01319,3.00666,3.00419,0.000482064836,8.7997125e-05,0.160205474,0.0289194986,0.0288790719,0.0338374264,-2.40556253e-05,-8.07890014e-05,-1.56797876e-05,2302.49528,-819.42836,632.412725,-1370.91064,2167.44173,199.825607,-179.182454,-681.967846,1620.49335,11000.0,135366.852374,4.512228412,-30.000000000000004,30000 3000,1e-06,2,0.0 0.0259,0.0 0.0,-1.0 0.0,0.00054857 28.0,80000,1000,5e-10,0.0,0.0 0.0 0.0,1000 1000000 0,0,0.0,0,100,0,,10,,1,,,,1.0,10.0,0.1,False,{},,,False,3,mixed,250,300,True,Ar_Aubin,,False,uniform,Argon-Aubin-Test2/10Td,3.0000000000000005e+21,8.051970000000002e+23,0.0,1.2194222222222222e-13,1.2193955555555558e-13,0.0,0.0,0.0,0.0,0.0,0.0,0.0,0.0,0.0,0.0,0.0,0.0,0.0,0.0,0.0,0.0,0.0,0.0,0.0,0.0,0.0,0.0,2.2222222222222226e-19,6.666666666666668e-19,6.666666666666668e-19,1.1111111111111113e-18,0.0,0.0,0.0,0.0,0.0,0.0,2259.9709323499474,2303.0728515213086,3017.4552241327497,2167.6468952969376,615.2421995782656,330.52367951622,-81.79433420586616,641.294081911353,10412.479999999947,1.0412479999999947e+24,0.0,0.0
5.55e-06,135738.0,4.52461,3e+22,1423.45,-1284.54,15416.1,3.05154,2.98233,3.01398,0.000524296429,8.08411401e-05,0.160851709,0.0291812011,0.0290954515,0.0341078252,-2.37655624e-05,-7.45575823e-05,-3.80732304e-06,1390.86692,159.042468,-552.959423,1103.31731,1981.26403,-682.360269,329.205191,-503.068687,2906.57109,11100.0,135738.315766,4.524610526,-30.000000000000004,30000 3000,1e-06,2,0.0 0.0259,0.0 0.0,-1.0 0.0,0.00054857 28.0,80000,1000,5e-10,0.0,0.0 0.0 0.0,1000 1000000 0,0,0.0,0,100,0,,10,,1,,,,1.0,10.0,0.1,False,{},,,False,3,mixed,250,300,True,Ar_Aubin,,False,uniform,Argon-Aubin-Test2/10Td,3.0000000000000005e+21,1.5416100000000002e+24,0.0,1.22154e-13,1.22152e-13,0.0,0.0,0.0,0.0,0.0,0.0,0.0,0.0,0.0,0.0,0.0,0.0,0.0,0.0,0.0,0.0,0.0,0.0,0.0,0.0,0.0,0.0,2.2222222222222226e-19,6.666666666666668e-19,2.2222222222222226e-19,8.88888888888889e-19,0.0,0.0,0.0,0.0,0.0,0.0,2616.599997606467,1390.1206102481399,2163.8080820407527,1981.3678736781042,629.2041134398421,426.86505888509964,-17.462639542698522,-460.80120335515693,12924.700000000455,1.2924700000000456e+24,0.0,0.0
5.6e-06,135907.0,4.53024,3e+22,2837.32,1942.91,16687.1,3.04101,3.01516,3.00266,0.000489572371,0.000164756491,0.161347753,0.0294515206,0.0293525843,0.0343242388,-5.09453718e-05,-6.12923536e-05,2.36249618e-05,3564.22357,628.479934,-556.302496,1423.2954,2003.43282,-26.1197762,798.942559,535.939925,3591.94566,11200.0,135907.249485,4.530241649,-30.000000000000004,30000 3000,1e-06,2,0.0 0.0259,0.0 0.0,-1.0 0.0,0.00054857 28.0,80000,1000,5e-10,0.0,0.0 0.0 0.0,1000 1000000 0,0,0.0,0,100,0,,10,,1,,,,1.0,10.0,0.1,False,{},,,False,3,mixed,250,300,True,Ar_Aubin,,False,uniform,Argon-Aubin-Test2/10Td,3.0000000000000005e+21,1.66871e+24,0.0,1.2245577777777776e-13,1.224526666666667e-13,0.0,0.0,0.0,0.0,0.0,0.0,0.0,0.0,0.0,0.0,0.0,0.0,0.0,0.0,0.0,0.0,0.0,0.0,0.0,0.0,0.0,0.0,0.0,6.666666666666668e-19,8.88888888888889e-19,1.5555555555555556e-18,0.0,0.0,0.0,0.0,0.0,0.0,2703.5470563901295,3562.8344965203146,2571.121905886077,2003.1127129660713,565.8849007167053,899.5195709137001,372.1560667102966,-223.3246866540742,9920.880000000021,9.920880000000022e+23,0.0,0.0
5.65e-06,136222.0,4.54073,3e+22,-221.725,-9448.35,10249.5,3.03726,3.03959,3.00351,0.000556688992,0.000135759655,0.161962095,0.0297239283,0.0295626298,0.0346060111,-5.5385428e-05,-6.09923867e-05,3.29026149e-05,2847.14646,-92.9457052,382.265064,24.7203418,2265.10681,32.3232049,-417.551073,-2177.99995,1528.99762,11300.0,136221.993606,4.54073312,-30.000000000000004,30000 3000,1e-06,2,0.0 0.0259,0.0 0.0,-1.0 0.0,0.00054857 28.0,80000,1000,5e-10,0.0,0.0 0.0 0.0,1000 1000000 0,0,0.0,0,100,0,,10,,1,,,,1.0,10.0,0.1,False,{},,,False,3,mixed,250,300,True,Ar_Aubin,,False,uniform,Argon-Aubin-Test2/10Td,3.0000000000000005e+21,1.02495e+24,0.0,1.2272666666666666e-13,1.2272422222222223e-13,0.0,0.0,0.0,0.0,0.0,0.0,0.0,0.0,0.0,0.0,0.0,0.0,0.0,0.0,0.0,0.0,0.0,0.0,0.0,0.0,0.0,0.0,2.2222222222222226e-19,6.666666666666668e-19,1.5555555555555556e-18,0.0,0.0,0.0,0.0,0.0,0.0,0.0,2723.3747847263403,2847.269891866751,2100.5421401739873,2266.3895147363196,831.4948135999118,-131.03287270249984,-217.422930320518,-5.0807473096289755,12286.8399999998,1.22868399999998e+24,0.0,0.0
5.7e-06,136576.0,4.55252,3e+22,-3224.57,-1776.71,17452.3,3.02895,3.01513,3.05915,0.000595447694,0.000103066648,0.162653127,0.0299893037,0.0298005394,0.0348823815,-4.41908146e-05,-5.59158325e-05,3.72506614e-05,2502.82104,1268.86986,159.900828,-513.649864,1477.07503,652.148524,-941.739487,-146.904532,3484.53029,11400.0,136575.615173,4.552520506,-30.000000000000004,30000 3000,1e-06,2,0.0 0.0259,0.0 0.0,-1.0 0.0,0.00054857 28.0,80000,1000,5e-10,0.0,0.0 0.0 0.0,1000 1000000 0,0,0.0,0,100,0,,10,,1,,,,1.0,10.0,0.1,False,{},,,False,3,mixed,250,300,True,Ar_Aubin,,False,uniform,Argon-Aubin-Test2/10Td,3.0000000000000005e+21,1.74523e+24,0.0,1.231411111111111e-13,1.23138e-13,0.0,0.0,0.0,0.0,0.0,0.0,0.0,0.0,0.0,0.0,0.0,0.0,0.0,0.0,0.0,0.0,0.0,0.0,0.0,0.0,0.0,0.0,2.2222222222222226e-19,8.88888888888889e-19,4.444444444444445e-19,1.5555555555555556e-18,0.0,0.0,0.0,0.0,0.0,0.0,2653.3074467752563,2504.741102770641,2379.174079499974,1477.258149544168,520.5089391088769,645.8591216579002,-32.247195725617686,-267.7441970596061,13820.640000000163,1.3820640000000164e+24,0.0,0.0
5.75e-06,136902.0,4.56341,3e+22,-1898.32,-5679.52,13101.2,3.02559,3.09001,3.01004,0.000746443289,3.45981293e-05,0.163240899,0.0301998872,0.0299949597,0.0351356542,-4.0631981e-05,-2.06029469e-06,2.16597834e-05,2081.39919,478.700449,511.569478,215.487396,897.306705,-1175.79525,-825.166532,-1054.6109,2964.08873,11500.0,136902.26973,4.563408991,-30.000000000000004,30000 3000,1e-06,2,0.0 0.0259,0.0 0.0,-1.0 0.0,0.00054857 28.0,80000,1000,5e-10,0.0,0.0 0.0 0.0,1000 1000000 0,0,0.0,0,100,0,,10,,1,,,,1.0,10.0,0.1,False,{},,,False,3,mixed,250,300,True,Ar_Aubin,,False,uniform,Argon-Aubin-Test2/10Td,3.0000000000000005e+21,1.3101200000000003e+24,0.0,1.23768e-13,1.2376622222222224e-13,0.0,0.0,0.0,0.0,0.0,0.0,0.0,0.0,0.0,0.0,0.0,0.0,0.0,0.0,0.0,0.0,0.0,0.0,0.0,0.0,0.0,0.0,0.0,8.88888888888889e-19,2.2222222222222226e-19,6.666666666666668e-19,0.0,0.0,0.0,0.0,0.0,0.0,2103.8088037259736,2082.8161782243747,1944.2972570337877,897.5032057673219,617.2131654993626,825.4370640212001,577.1378731032466,-13.49289342816678,11755.43999999973,1.175543999999973e+24,0.0,0.0
5.8e-06,137211.0,4.57369,3e+22,1592.95,5444.58,12200.4,3.04893,3.01676,3.08066,0.000708367653,7.40976708e-05,0.163855021,0.0304630423,0.0302187086,0.035424976,-2.29190751e-05,-1.75120551e-05,1.26635352e-05,2852.15972,-186.161833,374.850553,-479.585325,1385.48599,612.495369,426.968833,1162.82993,2788.59517,11600.0,137210.730182,4.573691006,-30.000000000000004,30000 3000,1e-06,2,0.0 0.0259,0.0 0.0,-1.0 0.0,0.00054857 28.0,80000,1000,5e-10,0.0,0.0 0.0 0.0,1000 1000000 0,0,0.0,0,100,0,,10,,1,,,,1.0,10.0,0.1,False,{},,,False,3,mixed,250,300,True,Ar_Aubin,,False,uniform,Argon-Aubin-Test2/10Td,3.0000000000000005e+21,1.22004e+24,0.0,1.2408844444444444e-13,1.2408600000000002e-13,0.0,0.0,0.0,0.0,0.0,0.0,0.0,0.0,0.0,0.0,0.0,0.0,0.0,0.0,0.0,0.0,0.0,0.0,0.0,0.0,0.0,0.0,0.0,1.1111111111111113e-18,4.444444444444445e-19,8.88888888888889e-19,0.0,0.0,0.0,0.0,0.0,0.0,2632.1049285187373,2851.031325747154,2237.446065657331,1385.0825593035156,884.4499941776038,789.4983717916002,-193.42567038317767,532.1641615843888,12282.439999999895,1.2282439999999895e+24,0.0,0.0
5.85e-06,137454.0,4.5818,3e+22,1443.91,-3140.93,6258.13,3.06201,3.04293,3.05837,0.000681282986,0.000140669574,0.164390951,0.0307249884,0.0304333478,0.0356722302,-2.09381402e-05,-3.61882293e-05,4.21568615e-05,1069.90622,-210.652851,279.350704,-177.710957,1216.59659,-157.105482,813.877604,-842.076252,1011.43617,11700.0,137453.980584,4.581799353,-30.000000000000004,30000 3000,1e-06,2,0.0 0.0259,0.0 0.0,-1.0 0.0,0.00054857 28.0,80000,1000,5e-10,0.0,0.0 0.0 0.0,1000 1000000 0,0,0.0,0,100,0,,10,,1,,,,1.0,10.0,0.1,False,{},,,False,3,mixed,250,300,True,Ar_Aubin,,False,uniform,Argon-Aubin-Test2/10Td,3.0000000000000005e+21,6.25813e+23,0.0,1.2436111111111112e-13,1.2435866666666667e-13,0.0,0.0,0.0,0.0,0.0,0.0,0.0,0.0,0.0,0.0,0.0,0.0,0.0,0.0,0.0,0.0,0.0,0.0,0.0,0.0,0.0,0.0,0.0,1.1111111111111113e-18,2.2222222222222226e-19,1.1111111111111113e-18,0.0,0.0,0.0,0.0,0.0,0.0,2619.8373822480457,1068.9225086836848,2146.2490253576843,1217.038423285064,713.3733622603778,-17.34377218163013,-292.06671021248,851.5990124484138,10718.600000000357,1.0718600000000358e+24,0.0,0.0
5.9e-06,137639.0,4.58798,3e+22,-2306.96,1135.2,6498.61,3.03141,3.08879,3.05548,0.000672853246,0.000135510116,0.164876823,0.0309608892,0.0306604615,0.0358997224,-4.44749859e-05,-2.33573441e-05,6.71908076e-05,1114.20819,1109.031,1457.15403,-1328.48672,3120.76971,1210.66288,-86.4343153,-137.258419,1767.06403,11800.0,137639.294699,4.58797649,-30.000000000000004,30000 3000,1e-06,2,0.0 0.0259,0.0 0.0,-1.0 0.0,0.00054857 28.0,80000,1000,5e-10,0.0,0.0 0.0 0.0,1000 1000000 0,0,0.0,0,100,0,,10,,1,,,,1.0,10.0,0.1,False,{},,,False,3,mixed,250,300,True,Ar_Aubin,,False,uniform,Argon-Aubin-Test2/10Td,3.0000000000000005e+21,6.49861e+23,0.0,1.2491222222222223e-13,1.2490955555555556e-13,0.0,0.0,0.0,0.0,0.0,0.0,0.0,0.0,0.0,0.0,0.0,0.0,0.0,0.0,0.0,0.0,0.0,0.0,0.0,0.0,0.0,0.0,0.0,6.666666666666668e-19,8.88888888888889e-19,1.1111111111111113e-18,0.0,0.0,0.0,0.0,0.0,0.0,2359.1221501636023,1115.7604355243923,2271.151249375117,3120.615878916317,675.1020811106984,695.59385928397,277.7947524588444,1746.7113394550918,9717.439999999966,9.717439999999966e+23,0.0,0.0
5.95e-06,137968.0,4.59892,3e+22,3572.92,-3202.79,13731.9,3.08095,3.04651,3.06918,0.000716388198,0.000185251909,0.165507386,0.0311796739,0.0309118265,0.0361905213,-4.94920074e-05,-1.37170588e-05,0.000101151993,1572.60455,906.434995,-1480.31416,-1380.61887,3873.28232,364.708252,1154.37481,-1026.36974,3035.51292,11900.0,137967.698168,4.598923272,-30.000000000000004,30000 3000,1e-06,2,0.0 0.0259,0.0 0.0,-1.0 0.0,0.00054857 28.0,80000,1000,5e-10,0.0,0.0 0.0 0.0,1000 1000000 0,0,0.0,0,100,0,,10,,1,,,,1.0,10.0,0.1,False,{},,,False,3,mixed,250,300,True,Ar_Aubin,,False,uniform,Argon-Aubin-Test2/10Td,3.0000000000000005e+21,1.37319e+24,0.0,1.2529533333333332e-13,1.252928888888889e-13,0.0,0.0,0.0,0.0,0.0,0.0,0.0,0.0,0.0,0.0,0.0,0.0,0.0,0.0,0.0,0.0,0.0,0.0,0.0,0.0,0.0,0.0,0.0,6.666666666666668e-19,8.88888888888889e-19,8.88888888888889e-19,0.0,0.0,0.0,0.0,0.0,0.0,2187.242194404207,1570.0449522796018,2513.4904472174853,3873.875642961626,824.7084202033309,762.7820461865999,40.213056669740936,-927.1213706832361,12611.260000000013,1.2611260000000014e+24,0.0,0.0
6e-06,138301.0,4.61004,3e+22,-1180.49,-4917.77,6145.6,3.10699,3.04481,3.06793,0.000729709905,6.63336152e-05,0.166147745,0.0314198856,0.0311082499,0.0364806599,1.01770514e-05,-1.40940329e-05,6.39636967e-05,3170.51231,815.52898,-277.962691,-875.442317,1668.70789,596.946255,-801.364587,-1457.06237,1839.72805,12000.0,138301.278398,4.610042613,-30.000000000000004,30000 3000,1e-06,2,0.0 0.0259,0.0 0.0,-1.0 0.0,0.00054857 28.0,80000,1000,5e-10,0.0,0.0 0.0 0.0,1000 1000000 0,0,0.0,0,100,0,,10,,1,,,,1.0,10.0,0.1,False,{},,,False,3,mixed,250,300,True,Ar_Aubin,,False,uniform,Argon-Aubin-Test2/10Td,3.0000000000000005e+21,6.1456e+23,0.0,1.25704e-13,1.2570155555555557e-13,0.0,0.0,0.0,0.0,0.0,0.0,0.0,0.0,0.0,0.0,0.0,0.0,0.0,0.0,0.0,0.0,0.0,0.0,0.0,0.0,0.0,0.0,0.0,6.666666666666668e-19,1.3333333333333336e-18,4.444444444444445e-19,0.0,0.0,0.0,0.0,0.0,0.0,2401.9243550478172,3171.3737252457536,1964.5331812128202,1669.034103462822,777.6025196796696,818.6504683279998,-60.98182615367606,-887.6760316971179,12807.18000000014,1.280718000000014e+24,0.0,0.0
6.05e-06,138610.0,4.62033,3e+22,7394.74,-8114.9,5571.23,3.08017,3.09779,3.06185,0.000777067367,2.22732781e-05,0.166744926,0.031645904,0.0313691023,0.0367528671,1.53540128e-05,-1.09737383e-05,6.16167714e-05,3211.29821,-357.698002,236.02194,661.569954,2899.73807,321.841463,1714.99278,-1654.06068,1431.36383,12100.0,138610.016101,4.62033387,-30.000000000000004,30000 3000,1e-06,2,0.0 0.0259,0.0 0.0,-1.0 0.0,0.00054857 28.0,80000,1000,5e-10,0.0,0.0 0.0 0.0,1000 1000000 0,0,0.0,0,100,0,,10,,1,,,,1.0,10.0,0.1,False,{},,,False,3,mixed,250,300,True,Ar_Aubin,,False,uniform,Argon-Aubin-Test2/10Td,3.0000000000000005e+21,5.5712299999999995e+23,0.0,1.263531111111111e-13,1.263508888888889e-13,0.0,0.0,0.0,0.0,0.0,0.0,0.0,0.0,0.0,0.0,0.0,0.0,0.0,0.0,0.0,0.0,0.0,0.0,0.0,0.0,2.2222222222222226e-19,0.0,0.0,4.444444444444445e-19,6.666666666666668e-19,8.88888888888889e-19,0.0,0.0,0.0,0.0,0.0,0.0,2259.4704285259368,3205.55199885855,2608.563040495879,2899.9188154244534,734.1002183956433,502.38949592102017,-104.2418157503125,713.6501248837087,11943.61999999949,1.194361999999949e+24,0.0,0.0
6.1e-06,138795.0,4.62651,3e+22,2866.85,-1258.37,1826.16,3.09401,3.08432,3.07461,0.000884622545,-9.65882141e-06,0.167225175,0.0318563334,0.0316372078,0.037012161,-2.524843e-06,2.43488905e-05,6.74328705e-05,1472.40073,-138.587834,240.37614,-643.314201,3185.51879,-1082.20535,355.472981,-304.566388,498.713422,12200.0,138795.194597,4.626506487,-30.000000000000004,30000 3000,1e-06,2,0.0 0.0259,0.0 0.0,-1.0 0.0,0.00054857 28.0,80000,1000,5e-10,0.0,0.0 0.0 0.0,1000 1000000 0,0,0.0,0,100,0,,10,,1,,,,1.0,10.0,0.1,False,{},,,False,3,mixed,250,300,True,Ar_Aubin,,False,uniform,Argon-Aubin-Test2/10Td,3.0000000000000005e+21,1.82616e+23,0.0,1.2643333333333334e-13,1.264308888888889e-13,0.0,0.0,0.0,0.0,0.0,0.0,0.0,0.0,0.0,0.0,0.0,0.0,0.0,0.0,0.0,0.0,0.0,0.0,0.0,0.0,0.0,0.0,0.0,2.2222222222222226e-19,6.666666666666668e-19,1.5555555555555556e-18,0.0,0.0,0.0,0.0,0.0,0.0,2102.506766457346,1469.864649856867,2681.059028060845,3185.5066356289026,989.0509296484398,193.33349642199994,339.2701902171894,114.8241657444728,9604.980000000318,9.60498000000032e+23,0.0,0.0
6.15e-06,139099.0,4.63662,3e+22,-1606.14,-193.207,19146.8,3.1214,3.08682,3.06292,0.000914153454,-2.52041452e-05,0.167875113,0.0320609652,0.0318991565,0.0373270819,-1.59566336e-05,2.99711165e-05,4.75961047e-05,2415.21163,-144.183722,-356.198484,158.214225,2854.28267,849.104193,264.898308,303.768183,5214.94609,12300.0,139098.535847,4.636617862,-30.000000000000004,30000 3000,1e-06,2,0.0 0.0259,0.0 0.0,-1.0 0.0,0.00054857 28.0,80000,1000,5e-10,0.0,0.0 0.0 0.0,1000 1000000 0,0,0.0,0,100,0,,10,,1,,,,1.0,10.0,0.1,False,{},,,False,3,mixed,250,300,True,Ar_Aubin,,False,uniform,Argon-Aubin-Test2/10Td,3.0000000000000005e+21,1.91468e+24,0.0,1.268011111111111e-13,1.26798e-13,0.0,0.0,0.0,0.0,0.0,0.0,0.0,0.0,0.0,0.0,0.0,0.0,0.0,0.0,0.0,0.0,0.0,0.0,0.0,0.0,0.0,0.0,0.0,8.88888888888889e-19,2.2222222222222226e-19,2e-18,0.0,0.0,0.0,0.0,0.0,0.0,2045.7868050965944,2416.6798884286072,2619.4815804389536,2854.2778003827184,971.264890178604,2000.6748764116005,1.7954301396013113,160.8276446407728,12998.759999999776,1.2998759999999777e+24,0.0,0.0
6.2e-06,139393.0,4.64644,3e+22,-5563.42,1896.57,16181.7,3.10635,3.06961,3.11524,0.000967784833,3.25338144e-06,0.168505298,0.0323254016,0.0321377061,0.0376234618,-2.29955272e-06,4.85539288e-05,4.30817462e-05,2625.24909,337.737732,757.777606,444.429997,1884.77287,215.580573,-1581.6849,-25.9218281,3816.12465,12400.0,139393.28212,4.646442737,-30.000000000000004,30000 3000,1e-06,2,0.0 0.0259,0.0 0.0,-1.0 0.0,0.00054857 28.0,80000,1000,5e-10,0.0,0.0 0.0 0.0,1000 1000000 0,0,0.0,0,100,0,,10,,1,,,,1.0,10.0,0.1,False,{},,,False,3,mixed,250,300,True,Ar_Aubin,,False,uniform,Argon-Aubin-Test2/10Td,3.0000000000000005e+21,1.6181700000000001e+24,0.0,1.270711111111111e-13,1.2706822222222223e-13,0.0,0.0,0.0,0.0,0.0,0.0,0.0,0.0,0.0,0.0,0.0,0.0,0.0,0.0,0.0,0.0,0.0,2.2222222222222226e-19,0.0,0.0,0.0,0.0,2.2222222222222226e-19,4.444444444444445e-19,1.1111111111111113e-18,8.88888888888889e-19,0.0,0.0,0.0,0.0,0.0,0.0,2643.3546905447333,2630.633283495609,2385.502246644508,1884.7666997343624,843.9801069395903,1089.4224693534002,179.39110010090195,97.89804716700394,12603.700000000106,1.2603700000000106e+24,0.0,0.0
6.25e-06,139855.0,4.66183,3e+22,5878.72,3737.49,14909.3,3.10312,3.13003,3.08896,0.000983356687,6.30004277e-05,0.169252315,0.0325899233,0.03237462,0.0379729009,2.8754424e-05,5.90130182e-05,3.69453704e-05,1958.11129,-796.231261,1570.46052,11.9933388,2642.42434,752.655129,778.009833,860.724004,2582.82664,12500.0,139854.757413,4.661825247,-30.000000000000004,30000 3000,1e-06,2,0.0 0.0259,0.0 0.0,-1.0 0.0,0.00054857 28.0,80000,1000,5e-10,0.0,0.0 0.0 0.0,1000 1000000 0,0,0.0,0,100,0,,10,,1,,,,1.0,10.0,0.1,False,{},,,False,3,mixed,250,300,True,Ar_Aubin,,False,uniform,Argon-Aubin-Test2/10Td,3.0000000000000005e+21,1.4909299999999999e+24,0.0,1.2733844444444443e-13,1.2733666666666668e-13,0.0,0.0,0.0,0.0,0.0,0.0,0.0,0.0,0.0,0.0,0.0,0.0,0.0,0.0,0.0,0.0,0.0,0.0,0.0,0.0,0.0,0.0,0.0,6.666666666666668e-19,6.666666666666668e-19,4.444444444444445e-19,0.0,0.0,0.0,0.0,0.0,0.0,2644.9131710912234,1952.3304113769993,2369.0994153059696,2642.1888765314757,971.2842120958645,59.39309997050077,142.0113067812965,1338.822223909711,14940.339999999775,1.4940339999999776e+24,0.0,0.0
6.3e-06,140116.0,4.67054,3e+22,-3732.49,2798.74,3518.17,3.11883,3.10166,3.12039,0.000996866741,0.000150925301,0.169922318,0.0328081895,0.0325816148,0.038284109,3.6422255e-05,6.35983472e-05,6.35859339e-05,1959.49302,1041.23614,-1055.387,558.772825,1162.16488,-66.7574701,-658.016446,652.076859,1020.95593,12600.0,140116.246614,4.670541554,-30.000000000000004,30000 3000,1e-06,2,0.0 0.0259,0.0 0.0,-1.0 0.0,0.00054857 28.0,80000,1000,5e-10,0.0,0.0 0.0 0.0,1000 1000000 0,0,0.0,0,100,0,,10,,1,,,,1.0,10.0,0.1,False,{},,,False,3,mixed,250,300,True,Ar_Aubin,,False,uniform,Argon-Aubin-Test2/10Td,3.0000000000000005e+21,3.51817e+23,0.0,1.2800044444444444e-13,1.2799622222222224e-13,0.0,0.0,0.0,0.0,0.0,0.0,0.0,0.0,0.0,0.0,0.0,0.0,0.0,0.0,0.0,0.0,0.0,0.0,0.0,0.0,0.0,0.0,2.2222222222222226e-19,8.88888888888889e-19,8.88888888888889e-19,2.2222222222222226e-18,0.0,0.0,0.0,0.0,0.0,0.0,2182.3944707455994,1963.213815142115,2069.7599060740677,1161.7424793230794,839.6007836609584,423.14032848193995,32.61634755309575,-1082.6772399503639,13400.060000000047,1.3400060000000047e+24,0.0,0.0
6.35e-06,140299.0,4.67663,3e+22,-5594.56,1481.56,12381.3,3.12941,3.12078,3.10201,0.00101194341,6.7848077e-05,0.170400885,0.0330419223,0.0327901855,0.0385431257,6.11831015e-05,5.07837981e-05,5.42258036e-05,2547.09646,-817.685502,-0.577863643,972.034151,836.728197,484.342453,-1377.67504,854.367073,2577.02563,12700.0,140298.918356,4.676630612,-30.000000000000004,30000 3000,1e-06,2,0.0 0.0259,0.0 0.0,-1.0 0.0,0.00054857 28.0,80000,1000,5e-10,0.0,0.0 0.0 0.0,1000 1000000 0,0,0.0,0,100,0,,10,,1,,,,1.0,10.0,0.1,False,{},,,False,3,mixed,250,300,True,Ar_Aubin,,False,uniform,Argon-Aubin-Test2/10Td,3.0000000000000005e+21,1.23813e+24,0.0,1.2840844444444444e-13,1.2840600000000002e-13,0.0,0.0,0.0,0.0,0.0,0.0,0.0,0.0,0.0,0.0,0.0,0.0,0.0,0.0,0.0,0.0,0.0,0.0,0.0,0.0,0.0,0.0,0.0,6.666666666666668e-19,1.1111111111111113e-18,6.666666666666668e-19,0.0,0.0,0.0,0.0,0.0,0.0,2337.0251383426216,2552.75783812385,2085.8887508493076,836.6276760030399,961.4924570989712,467.2411525495004,-317.2138873218448,-437.46410339963313,9571.340000000262,9.571340000000263e+23,0.0,0.0
6.4e-06,140602.0,4.68674,3e+22,-1186.81,2935.07,9754.91,3.13589,3.10632,3.13068,0.000975971296,0.000132654491,0.171027941,0.0332974309,0.0330388563,0.0388383216,1.744344e-05,4.83892673e-05,5.3885571e-05,1510.68434,-77.7616253,345.23009,-1570.15622,2555.82275,-346.812835,-199.427694,288.965835,2302.50718,12800.0,140602.320495,4.686744016,-30.000000000000004,30000 3000,1e-06,2,0.0 0.0259,0.0 0.0,-1.0 0.0,0.00054857 28.0,80000,1000,5e-10,0.0,0.0 0.0 0.0,1000 1000000 0,0,0.0,0,100,0,,10,,1,,,,1.0,10.0,0.1,False,{},,,False,3,mixed,250,300,True,Ar_Aubin,,False,uniform,Argon-Aubin-Test2/10Td,3.0000000000000005e+21,9.754910000000001e+23,0.0,1.2875377777777778e-13,1.287511111111111e-13,0.0,0.0,0.0,0.0,0.0,0.0,0.0,0.0,0.0,0.0,0.0,0.0,0.0,0.0,0.0,0.0,0.0,0.0,0.0,0.0,0.0,0.0,4.444444444444445e-19,1.1111111111111113e-18,2.2222222222222226e-19,6.666666666666668e-19,0.0,2.2222222222222226e-19,0.0,0.0,0.0,0.0,2555.801094944327,1511.8426324938057,2486.578061475717,2555.4333997831004,811.0090608375032,634.1450080596901,62.46321207872645,339.25955450314666,12541.119999999739,1.254111999999974e+24,0.0,0.0
6.45e-06,140953.0,4.69842,3e+22,-2175.36,7493.88,12325.0,3.13294,3.14034,3.12236,0.00094535702,0.000193900494,0.171654656,0.033537671,0.0331847837,0.0391403524,4.87957363e-06,6.15105588e-05,8.51258694e-05,2050.16536,651.312785,148.874277,377.491444,2391.32905,-983.209855,-290.53912,2097.27921,2819.61514,12900.0,140952.715185,4.69842384,-30.000000000000004,30000 3000,1e-06,2,0.0 0.0259,0.0 0.0,-1.0 0.0,0.00054857 28.0,80000,1000,5e-10,0.0,0.0 0.0 0.0,1000 1000000 0,0,0.0,0,100,0,,10,,1,,,,1.0,10.0,0.1,False,{},,,False,3,mixed,250,300,True,Ar_Aubin,,False,uniform,Argon-Aubin-Test2/10Td,3.0000000000000005e+21,1.2325e+24,0.0,1.2919622222222222e-13,1.2919444444444445e-13,0.0,0.0,0.0,0.0,0.0,0.0,0.0,0.0,0.0,0.0,0.0,0.0,0.0,0.0,0.0,0.0,0.0,0.0,0.0,0.0,0.0,0.0,2.2222222222222226e-19,6.666666666666668e-19,4.444444444444445e-19,4.444444444444445e-19,0.0,0.0,0.0,0.0,0.0,0.0,2402.9892007534913,2052.221851847027,1459.0739981240608,2389.875982966023,872.664762211449,703.9715047999998,355.29437329392823,220.09430420466,12534.3,1.25343e+24,0.0,0.0
6.5e-06,141256.0,4.70854,3e+22,-1088.37,-726.534,6302.04,3.12247,3.16047,3.1339,0.000953152372,0.000243589362,0.172268108,0.0337507554,0.0333551208,0.0394353163,1.47980191e-05,4.54342729e-05,7.15226531e-05,3173.17845,-375.480019,497.323199,457.334923,2111.16047,-64.2102275,-585.414522,21.4395741,1283.80737,13000.0,141256.185557,4.708539519,-30.000000000000004,30000 3000,1e-06,2,0.0 0.0259,0.0 0.0,-1.0 0.0,0.00054857 28.0,80000,1000,5e-10,0.0,0.0 0.0 0.0,1000 1000000 0,0,0.0,0,100,0,,10,,1,,,,1.0,10.0,0.1,False,{},,,False,3,mixed,250,300,True,Ar_Aubin,,False,uniform,Argon-Aubin-Test2/10Td,3.0000000000000005e+21,6.302040000000001e+23,0.0,1.2982622222222222e-13,1.298237777777778e-13,0.0,0.0,0.0,0.0,0.0,0.0,0.0,0.0,0.0,0.0,0.0,0.0,0.0,0.0,0.0,0.0,0.0,0.0,0.0,0.0,0.0,2.2222222222222226e-19,2.2222222222222226e-19,8.88888888888889e-19,4.444444444444445e-19,6.666666666666668e-19,0.0,0.0,0.0,0.0,0.0,0.0,2130.696004510116,3174.2158324471134,1703.1536162429722,2111.337445953531,839.8379257866518,198.16686265967996,-359.98215189734117,93.39331332952106,12269.040000000286,1.2269040000000287e+24,0.0,0.0
6.55e-06,141567.0,4.7189,3e+22,-805.641,1101.31,5918.43,3.1389,3.15045,3.14824,0.0011229651,0.000354680048,0.172893104,0.0340479949,0.0335549916,0.0397236854,2.20790572e-05,9.29896295e-05,0.000115555412,3289.54308,1473.23872,-428.272257,1589.13859,3151.6603,1926.79952,-587.847126,805.049151,1272.64285,13100.0,141567.048145,4.718901605,-30.000000000000004,30000 3000,1e-06,2,0.0 0.0259,0.0 0.0,-1.0 0.0,0.00054857 28.0,80000,1000,5e-10,0.0,0.0 0.0 0.0,1000 1000000 0,0,0.0,0,100,0,,10,,1,,,,1.0,10.0,0.1,False,{},,,False,3,mixed,250,300,True,Ar_Aubin,,False,uniform,Argon-Aubin-Test2/10Td,3.0000000000000005e+21,5.9184300000000004e+23,0.0,1.3055955555555554e-13,1.3055711111111112e-13,0.0,0.0,0.0,0.0,0.0,0.0,0.0,0.0,0.0,0.0,0.0,0.0,0.0,0.0,0.0,0.0,0.0,0.0,0.0,0.0,0.0,0.0,2.2222222222222226e-19,6.666666666666668e-19,8.88888888888889e-19,6.666666666666668e-19,0.0,0.0,0.0,0.0,0.0,0.0,2968.8694882843565,3290.447786726129,1998.043378408296,3151.2696873163372,726.4472314484974,249.3871164932799,352.00381074963514,-883.475800137129,12499.919999999776,1.2499919999999778e+24,0.0,0.0
6.6e-06,141810.0,4.72699,3e+22,2559.68,-5573.2,16614.6,3.1435,3.12456,3.18414,0.00121823649,0.000357408598,0.173483265,0.0342731679,0.0337284136,0.0399995669,3.68523906e-05,0.000130636635,9.90156053e-05,2136.10558,128.83686,-1142.94108,-1179.17256,2303.80637,-482.734427,8.36745317,-934.441317,4090.91251,13200.0,141809.675642,4.726989188,-30.000000000000004,30000 3000,1e-06,2,0.0 0.0259,0.0 0.0,-1.0 0.0,0.00054857 28.0,80000,1000,5e-10,0.0,0.0 0.0 0.0,1000 1000000 0,0,0.0,0,100,0,,10,,1,,,,1.0,10.0,0.1,False,{},,,False,3,mixed,250,300,True,Ar_Aubin,,False,uniform,Argon-Aubin-Test2/10Td,3.0000000000000005e+21,1.66146e+24,0.0,1.3065488888888888e-13,1.3065177777777778e-13,0.0,0.0,0.0,0.0,0.0,0.0,0.0,0.0,0.0,0.0,0.0,0.0,0.0,0.0,0.0,0.0,0.0,0.0,0.0,0.0,0.0,0.0,0.0,6.666666666666668e-19,6.666666666666668e-19,1.777777777777778e-18,0.0,0.0,0.0,0.0,0.0,0.0,2249.4995047024627,2132.987284421277,1734.2005703052666,2305.7982795983735,714.6367569458787,1208.5574553310003,409.12566990661173,-1598.875782571954,11803.220000000114,1.1803220000000115e+24,0.0,0.0
6.65e-06,141971.0,4.73236,3e+22,-4671.03,-991.258,4864.49,3.17363,3.16003,3.1308,0.00122088553,0.000328876667,0.174011522,0.0345373193,0.0338993099,0.040270483,5.40396333e-05,0.000132505515,9.46523349e-05,2153.06065,230.751353,241.521627,420.463763,1504.12148,-415.182452,-350.802654,108.026618,1712.44779,13300.0,141970.817707,4.73236059,-30.000000000000004,30000 3000,1e-06,2,0.0 0.0259,0.0 0.0,-1.0 0.0,0.00054857 28.0,80000,1000,5e-10,0.0,0.0 0.0 0.0,1000 1000000 0,0,0.0,0,100,0,,10,,1,,,,1.0,10.0,0.1,False,{},,,False,3,mixed,250,300,True,Ar_Aubin,,False,uniform,Argon-Aubin-Test2/10Td,3.0000000000000005e+21,4.8644899999999996e+23,0.0,1.3079866666666666e-13,1.307948888888889e-13,0.0,0.0,0.0,0.0,0.0,0.0,0.0,0.0,0.0,0.0,0.0,0.0,0.0,0.0,0.0,0.0,0.0,0.0,0.0,0.0,0.0,0.0,0.0,4.444444444444445e-19,1.5555555555555556e-18,1.777777777777778e-18,0.0,0.0,0.0,0.0,0.0,0.0,2641.4493866820653,2158.7634429371956,1709.1588104382884,1504.447481627177,873.4954630374575,865.97048134622,15.287491285263453,697.5930271558303,10565.140000000085,1.0565140000000085e+24,0.0,0.0
6.7e-06,142140.0,4.73801,3e+22,-2002.92,89.6028,15516.3,3.11944,3.15962,3.19556,0.00115080401,0.000419785006,0.174554869,0.0347430607,0.0341014535,0.0405340835,6.09224635e-05,0.000134429449,0.00012308363,2796.52234,-103.413276,1490.0667,-292.319737,3411.40134,1098.85675,71.1856532,180.043001,3231.94644,13400.0,142140.156988,4.738005233,-30.000000000000004,30000 3000,1e-06,2,0.0 0.0259,0.0 0.0,-1.0 0.0,0.00054857 28.0,80000,1000,5e-10,0.0,0.0 0.0 0.0,1000 1000000 0,0,0.0,0,100,0,,10,,1,,,,1.0,10.0,0.1,False,{},,,False,3,mixed,250,300,True,Ar_Aubin,,False,uniform,Argon-Aubin-Test2/10Td,3.0000000000000005e+21,1.55163e+24,0.0,1.3099066666666665e-13,1.309868888888889e-13,0.0,0.0,0.0,0.0,0.0,0.0,0.0,0.0,0.0,0.0,0.0,0.0,0.0,0.0,0.0,0.0,0.0,0.0,0.0,0.0,0.0,0.0,6.666666666666668e-19,1.5555555555555556e-18,4.444444444444445e-19,1.1111111111111113e-18,0.0,0.0,0.0,0.0,0.0,0.0,2059.0761160793613,2798.827308367709,2020.7554041083015,3411.363726088064,742.0799714931773,523.5007261353003,269.8728010570395,1893.015571157117,10866.939999999991,1.0866939999999991e+24,0.0,0.0
6.75e-06,142639.0,4.75462,3e+22,4835.53,-1921.49,17890.5,3.16203,3.18809,3.15716,0.00101591757,0.00036272649,0.175350049,0.0349410961,0.0343614258,0.0408926189,6.58163402e-05,0.000105716293,0.000127721169,3281.25471,599.968315,-178.575276,-666.782908,1650.0833,-462.223192,1426.37463,-59.1892856,3236.01671,13500.0,142638.641289,4.754621376,-30.000000000000004,30000 3000,1e-06,2,0.0 0.0259,0.0 0.0,-1.0 0.0,0.00054857 28.0,80000,1000,5e-10,0.0,0.0 0.0 0.0,1000 1000000 0,0,0.0,0,100,0,,10,,1,,,,1.0,10.0,0.1,False,{},,,False,3,mixed,250,300,True,Ar_Aubin,,False,uniform,Argon-Aubin-Test2/10Td,3.0000000000000005e+21,1.7890500000000002e+24,0.0,1.3145911111111111e-13,1.3145733333333334e-13,0.0,0.0,0.0,0.0,0.0,0.0,0.0,0.0,0.0,0.0,0.0,0.0,0.0,0.0,0.0,0.0,0.0,0.0,0.0,0.0,0.0,0.0,0.0,0.0,8.88888888888889e-19,8.88888888888889e-19,0.0,0.0,0.0,0.0,0.0,0.0,1983.2766136039515,3276.342210112738,2600.169489447163,1650.7802753232702,802.9800730475698,98.91665836549964,-119.51816938472498,381.71365827294494,15903.60000000013,1.590360000000013e+24,0.0,0.0
6.8e-06,142929.0,4.76431,3e+22,4374.73,-1671.78,11259.0,3.14724,3.20049,3.18005,0.00109065356,0.000408982921,0.175975974,0.0351746438,0.0345939697,0.0411896074,5.77865985e-05,0.000139073883,0.000148743516,2981.19165,-535.836379,-398.731613,-248.236993,2300.1437,389.562335,1336.85217,-1273.73946,2553.71341,13600.0,142929.421449,4.764314048,-30.000000000000004,30000 3000,1e-06,2,0.0 0.0259,0.0 0.0,-1.0 0.0,0.00054857 28.0,80000,1000,5e-10,0.0,0.0 0.0 0.0,1000 1000000 0,0,0.0,0,100,0,,10,,1,,,,1.0,10.0,0.1,False,{},,,False,3,mixed,250,300,True,Ar_Aubin,,False,uniform,Argon-Aubin-Test2/10Td,3.0000000000000005e+21,1.1259000000000001e+24,0.0,1.319782222222222e-13,1.3197533333333335e-13,0.0,0.0,0.0,0.0,0.0,0.0,0.0,0.0,0.0,0.0,0.0,0.0,0.0,0.0,0.0,0.0,0.0,0.0,0.0,0.0,0.0,0.0,0.0,8.88888888888889e-19,8.88888888888889e-19,1.1111111111111113e-18,0.0,0.0,0.0,0.0,0.0,0.0,2333.902633210941,2976.4203351514616,2325.082034768736,2300.8274294676694,770.8475905372769,572.3999187339998,391.39926323786983,155.99351583093994,12518.499999999989,1.251849999999999e+24,0.0,0.0
6.85e-06,143235.0,4.77451,3e+22,6975.94,706.286,10939.8,3.19657,3.18275,3.16873,0.00110970515,0.000471281048,0.176619785,0.0354207925,0.0347762753,0.0415185252,7.61078762e-05,0.000145549278,0.000132314327,3211.51128,-327.245823,290.289298,648.544232,798.977805,-960.391925,2025.49365,289.599536,2154.37649,13700.0,143235.184985,4.774506166,-30.000000000000004,30000 3000,1e-06,2,0.0 0.0259,0.0 0.0,-1.0 0.0,0.00054857 28.0,80000,1000,5e-10,0.0,0.0 0.0 0.0,1000 1000000 0,0,0.0,0,100,0,,10,,1,,,,1.0,10.0,0.1,False,{},,,False,3,mixed,250,300,True,Ar_Aubin,,False,uniform,Argon-Aubin-Test2/10Td,3.0000000000000005e+21,1.09398e+24,0.0,1.324068888888889e-13,1.32404e-13,0.0,0.0,0.0,0.0,0.0,0.0,0.0,0.0,0.0,0.0,0.0,0.0,0.0,0.0,0.0,0.0,0.0,0.0,0.0,0.0,0.0,0.0,0.0,4.444444444444445e-19,1.5555555555555556e-18,8.88888888888889e-19,0.0,0.0,0.0,0.0,0.0,0.0,2461.067796679997,3203.770043455909,1822.5076120347019,798.6449457937323,1019.1277180245789,222.19136605700032,48.16665022349407,1071.5539726271302,12876.219999999883,1.2876219999999883e+24,0.0,0.0
6.9e-06,143426.0,4.78086,3e+22,-161.594,-6644.89,17262.9,3.18737,3.17101,3.2014,0.000904302568,0.000451447939,0.177191283,0.0356328162,0.0349976075,0.0417953615,6.82095129e-05,0.000128627814,0.000124006989,2408.9592,-80.1189013,846.663719,589.29655,2773.03184,384.227958,796.184709,-1173.50231,4015.85345,13800.0,143425.946642,4.780864888,-30.000000000000004,30000 3000,1e-06,2,0.0 0.0259,0.0 0.0,-1.0 0.0,0.00054857 28.0,80000,1000,5e-10,0.0,0.0 0.0 0.0,1000 1000000 0,0,0.0,0,100,0,,10,,1,,,,1.0,10.0,0.1,False,{},,,False,3,mixed,250,300,True,Ar_Aubin,,False,uniform,Argon-Aubin-Test2/10Td,3.0000000000000005e+21,1.72629e+24,0.0,1.327988888888889e-13,1.3279511111111112e-13,0.0,0.0,0.0,0.0,0.0,0.0,0.0,0.0,0.0,0.0,0.0,0.0,0.0,0.0,0.0,0.0,0.0,2.2222222222222226e-19,0.0,0.0,0.0,0.0,4.444444444444445e-19,6.666666666666668e-19,1.3333333333333336e-18,1.1111111111111113e-18,0.0,0.0,0.0,0.0,0.0,0.0,2124.3738238544556,2409.105329869173,2213.505005845759,2776.0316618953816,746.3398226013537,957.0180506992997,376.79777524556016,1655.870591383975,11429.960000000074,1.1429960000000074e+24,0.0,0.0
6.95e-06,143670.0,4.78901,3e+22,-8388.61,1839.47,9909.66,3.18774,3.18517,3.20413,0.000947061712,0.000293170295,0.177862175,0.0358797614,0.0352478546,0.0421050479,5.95736922e-05,0.000154745901,0.000109554016,2342.40822,-364.278681,-287.313216,-410.532774,2073.91946,965.072691,-1577.79191,1134.66675,2870.29872,13900.0,143670.347156,4.789011572,-30.000000000000004,30000 3000,1e-06,2,0.0 0.0259,0.0 0.0,-1.0 0.0,0.00054857 28.0,80000,1000,5e-10,0.0,0.0 0.0 0.0,1000 1000000 0,0,0.0,0,100,0,,10,,1,,,,1.0,10.0,0.1,False,{},,,False,3,mixed,250,300,True,Ar_Aubin,,False,uniform,Argon-Aubin-Test2/10Td,3.0000000000000005e+21,9.90966e+23,0.0,1.330871111111111e-13,1.330826666666667e-13,0.0,0.0,0.0,0.0,0.0,0.0,0.0,0.0,0.0,0.0,0.0,0.0,0.0,0.0,0.0,0.0,0.0,0.0,0.0,0.0,0.0,0.0,6.666666666666668e-19,6.666666666666668e-19,1.777777777777778e-18,1.3333333333333336e-18,0.0,0.0,0.0,0.0,0.0,0.0,2468.6603724816127,2350.3527513479003,2503.649564197588,2073.3801820374565,714.8387545545531,1107.7450388894997,358.1232657714226,-382.47376573818747,13417.840000000126,1.3417840000000126e+24,0.0,0.0
7e-06,143785.0,4.79284,3e+22,-531.885,-4560.92,7282.75,3.20278,3.18505,3.19742,0.000953337031,0.000294727688,0.178357088,0.0361233184,0.0355003554,0.042352804,5.42268016e-05,0.000156470456,0.000138604098,1085.59935,144.928714,310.470439,-43.7910491,1608.68598,248.951062,255.30793,-650.228816,2057.95525,14000.0,143785.055882,4.792835196,-30.000000000000004,30000 3000,1e-06,2,0.0 0.0259,0.0 0.0,-1.0 0.0,0.00054857 28.0,80000,1000,5e-10,0.0,0.0 0.0 0.0,1000 1000000 0,0,0.0,0,100,0,,10,,1,,,,1.0,10.0,0.1,False,{},,,False,3,mixed,250,300,True,Ar_Aubin,,False,uniform,Argon-Aubin-Test2/10Td,3.0000000000000005e+21,7.28275e+23,0.0,1.3328244444444444e-13,1.3327844444444445e-13,0.0,0.0,0.0,0.0,0.0,0.0,0.0,0.0,0.0,0.0,0.0,0.0,0.0,0.0,0.0,0.0,0.0,0.0,0.0,0.0,0.0,0.0,0.0,8.88888888888889e-19,1.777777777777778e-18,1.3333333333333336e-18,0.0,0.0,0.0,0.0,0.0,0.0,2435.450743916573,1086.1064156667335,2524.9988441179707,1610.0302094067529,714.5855589088535,759.025167368,2.7318844763571297,653.7009134883647,9898.259999999715,9.898259999999715e+23,0.0,0.0
7.05e-06,144122.0,4.80406,3e+22,-1753.39,-5690.68,9426.24,3.22374,3.19854,3.18513,0.00101650239,0.000250462702,0.179052532,0.0363510833,0.0357427585,0.0426783501,6.44485524e-05,0.000195340385,0.000103125045,3030.86783,-1292.861,-111.180838,913.548857,2264.07948,1823.92128,565.837067,-1209.65794,3043.1374,14100.0,144121.673306,4.804055777,-30.000000000000004,30000 3000,1e-06,2,0.0 0.0259,0.0 0.0,-1.0 0.0,0.00054857 28.0,80000,1000,5e-10,0.0,0.0 0.0 0.0,1000 1000000 0,0,0.0,0,100,0,,10,,1,,,,1.0,10.0,0.1,False,{},,,False,3,mixed,250,300,True,Ar_Aubin,,False,uniform,Argon-Aubin-Test2/10Td,3.0000000000000005e+21,9.42624e+23,0.0,1.3352222222222223e-13,1.3351911111111113e-13,0.0,0.0,0.0,0.0,0.0,0.0,0.0,0.0,0.0,0.0,0.0,0.0,0.0,0.0,0.0,0.0,0.0,0.0,0.0,0.0,2.2222222222222226e-19,0.0,4.444444444444445e-19,8.88888888888889e-19,1.1111111111111113e-18,4.444444444444445e-19,0.0,0.0,0.0,0.0,0.0,0.0,2276.4047438580264,3032.6501551256024,2424.272328449759,2265.504783089017,769.8772422872619,1355.3452607603203,537.9403803634851,759.0233525947665,13908.879999999792,1.3908879999999791e+24,0.0,0.0
7.1e-06,144420.0,4.814,3e+22,-6525.33,-396.199,12883.0,3.21461,3.2027,3.2095,0.0010513505,0.00024361336,0.179664309,0.0365658136,0.0359528018,0.0429413467,5.20922405e-05,0.000200907982,0.000109532442,421.054372,-593.169174,-1084.99663,-805.130343,1767.66919,-283.640791,-1416.61321,245.256274,2785.98219,14200.0,144419.991096,4.813999703,-30.000000000000004,30000 3000,1e-06,2,0.0 0.0259,0.0 0.0,-1.0 0.0,0.00054857 28.0,80000,1000,5e-10,0.0,0.0 0.0 0.0,1000 1000000 0,0,0.0,0,100,0,,10,,1,,,,1.0,10.0,0.1,False,{},,,False,3,mixed,250,300,True,Ar_Aubin,,False,uniform,Argon-Aubin-Test2/10Td,3.0000000000000005e+21,1.2883e+24,0.0,1.3407844444444443e-13,1.34076e-13,0.0,0.0,0.0,0.0,0.0,0.0,0.0,0.0,0.0,0.0,0.0,0.0,0.0,0.0,0.0,0.0,0.0,0.0,0.0,0.0,0.0,0.0,0.0,6.666666666666668e-19,1.1111111111111113e-18,6.666666666666668e-19,0.0,0.0,0.0,0.0,0.0,0.0,2146.582392350202,427.914780958165,2100.4668409593114,1767.7657093696187,435.4188716353819,471.3668971530001,-26.304747715059573,-1342.78548304453,12235.540000000155,1.2235540000000156e+24,0.0,0.0
7.15e-06,144729.0,4.8243,3e+22,-170.225,-8964.51,5967.82,3.23743,3.17872,3.23179,0.00103730259,0.000261804074,0.180279092,0.0368000206,0.0362031953,0.0432438454,6.61676635e-05,0.00019827816,0.000106567125,3083.81387,335.506118,1791.51467,2260.331,2703.38662,-717.813173,403.872592,-1657.02609,959.211014,14300.0,144728.956446,4.824298548,-30.000000000000004,30000 3000,1e-06,2,0.0 0.0259,0.0 0.0,-1.0 0.0,0.00054857 28.0,80000,1000,5e-10,0.0,0.0 0.0 0.0,1000 1000000 0,0,0.0,0,100,0,,10,,1,,,,1.0,10.0,0.1,False,{},,,False,3,mixed,250,300,True,Ar_Aubin,,False,uniform,Argon-Aubin-Test2/10Td,3.0000000000000005e+21,5.96782e+23,0.0,1.3446933333333333e-13,1.3446711111111112e-13,0.0,0.0,0.0,0.0,0.0,0.0,0.0,0.0,0.0,0.0,0.0,0.0,0.0,0.0,0.0,0.0,0.0,0.0,0.0,0.0,0.0,0.0,0.0,4.444444444444445e-19,4.444444444444445e-19,1.3333333333333336e-18,0.0,0.0,0.0,0.0,0.0,0.0,2342.36341210628,3083.9904448333828,2503.8430609600205,2705.733565239414,812.1161610302047,-116.66215681944004,-14.872599102875684,2219.8848352930463,12295.660000000153,1.2295660000000153e+24,0.0,0.0
7.2e-06,144876.0,4.82922,3e+22,1249.32,-4106.46,11399.7,3.1947,3.2296,3.23329,0.00115756548,0.000193083248,0.180763202,0.0369893395,0.0364664397,0.0435101292,3.58041134e-05,0.000252555294,9.77516315e-05,1497.17238,-1025.84946,-467.908501,-140.906436,1692.75116,-220.086541,267.691256,-1166.02102,2950.41339,14400.0,144876.458113,4.82921527,-30.000000000000004,30000 3000,1e-06,2,0.0 0.0259,0.0 0.0,-1.0 0.0,0.00054857 28.0,80000,1000,5e-10,0.0,0.0 0.0 0.0,1000 1000000 0,0,0.0,0,100,0,,10,,1,,,,1.0,10.0,0.1,False,{},,,False,3,mixed,250,300,True,Ar_Aubin,,False,uniform,Argon-Aubin-Test2/10Td,3.0000000000000005e+21,1.1399700000000001e+24,0.0,1.346988888888889e-13,1.346957777777778e-13,0.0,0.0,0.0,0.0,0.0,0.0,0.0,0.0,0.0,0.0,0.0,0.0,0.0,0.0,0.0,0.0,0.0,0.0,0.0,0.0,0.0,0.0,0.0,0.0,1.5555555555555556e-18,1.5555555555555556e-18,0.0,0.0,0.0,0.0,0.0,0.0,1890.5493882273583,1495.7262102945265,2632.756602325009,1693.5440486345822,914.9961505165033,889.7671161605999,640.7172072996254,-439.244227724996,9682.200000000197,9.682200000000197e+23,0.0,0.0
7.25e-06,144892.0,4.82974,3e+22,3858.16,3122.65,11344.2,3.21795,3.25001,3.19065,0.00118399405,0.00023414597,0.181183536,0.0372570093,0.0366752963,0.0437725769,2.23915418e-05,0.000269450802,7.99095384e-05,1949.07974,-1117.67352,-298.135306,1292.59199,2026.15368,-550.026522,557.015165,1056.34566,2820.02995,14500.0,144892.188329,4.829739611,-30.000000000000004,30000 3000,1e-06,2,0.0 0.0259,0.0 0.0,-1.0 0.0,0.00054857 28.0,80000,1000,5e-10,0.0,0.0 0.0 0.0,1000 1000000 0,0,0.0,0,100,0,,10,,1,,,,1.0,10.0,0.1,False,{},,,False,3,mixed,250,300,True,Ar_Aubin,,False,uniform,Argon-Aubin-Test2/10Td,3.0000000000000005e+21,1.1344200000000001e+24,0.0,1.3501044444444443e-13,1.35006e-13,0.0,0.0,0.0,0.0,0.0,0.0,0.0,0.0,0.0,0.0,0.0,0.0,0.0,0.0,0.0,0.0,0.0,0.0,0.0,0.0,0.0,0.0,0.0,2e-18,1.5555555555555556e-18,8.88888888888889e-19,0.0,0.0,0.0,0.0,0.0,0.0,2676.0791593005015,1944.511701516052,2088.3905680539606,2025.4225240867795,1103.0917982950834,764.6476809087999,232.41044215012366,-453.58667755576994,8406.67999999989,8.406679999999889e+23,0.0,0.0
7.3e-06,144957.0,4.83188,3e+22,-1347.02,-3620.79,8980.46,3.22742,3.21521,3.22059,0.00132697059,0.000269434806,0.181680453,0.0374738535,0.0368937151,0.0440414814,-6.5266867e-06,0.000289636459,0.000102821459,1194.13258,1445.90501,-652.077467,413.896968,2459.02619,-261.971417,295.697045,-300.231302,1754.87085,14600.0,144956.511693,4.831883723,-30.000000000000004,30000 3000,1e-06,2,0.0 0.0259,0.0 0.0,-1.0 0.0,0.00054857 28.0,80000,1000,5e-10,0.0,0.0 0.0 0.0,1000 1000000 0,0,0.0,0,100,0,,10,,1,,,,1.0,10.0,0.1,False,{},,,False,3,mixed,250,300,True,Ar_Aubin,,False,uniform,Argon-Aubin-Test2/10Td,3.0000000000000005e+21,8.98046e+23,0.0,1.3517355555555555e-13,1.3516866666666667e-13,0.0,0.0,0.0,0.0,0.0,0.0,0.0,0.0,0.0,0.0,0.0,0.0,0.0,0.0,0.0,0.0,0.0,0.0,0.0,0.0,0.0,0.0,2.2222222222222226e-19,1.3333333333333336e-18,1.5555555555555556e-18,1.777777777777778e-18,0.0,0.0,0.0,0.0,0.0,0.0,2164.851909637125,1195.9200359241418,2184.010292205843,2460.0017568512167,885.9121517809655,123.29680905162036,-127.57464653832893,-123.57002450461138,9938.339999999713,9.938339999999714e+23,0.0,0.0
7.35e-06,145087.0,4.83623,3e+22,506.881,5937.54,3297.59,3.24715,3.225,3.20005,0.0012552359,0.000156364803,0.182211567,0.0377579612,0.0370944585,0.044306526,-1.92331078e-05,0.000265130802,8.59748468e-05,3204.02336,413.057664,312.974532,-359.980391,2770.69899,-1412.45988,163.812701,1290.95023,786.081035,14700.0,145086.922695,4.836230756,-30.000000000000004,30000 3000,1e-06,2,0.0 0.0259,0.0 0.0,-1.0 0.0,0.00054857 28.0,80000,1000,5e-10,0.0,0.0 0.0 0.0,1000 1000000 0,0,0.0,0,100,0,,10,,1,,,,1.0,10.0,0.1,False,{},,,False,3,mixed,250,300,True,Ar_Aubin,,False,uniform,Argon-Aubin-Test2/10Td,3.0000000000000005e+21,3.2975900000000005e+23,0.0,1.3515466666666667e-13,1.3515044444444447e-13,0.0,0.0,0.0,0.0,0.0,0.0,0.0,0.0,0.0,0.0,0.0,0.0,0.0,0.0,0.0,0.0,0.0,0.0,0.0,0.0,0.0,0.0,2.2222222222222226e-19,8.88888888888889e-19,1.3333333333333336e-18,1.777777777777778e-18,0.0,0.0,0.0,0.0,0.0,0.0,2842.9293378207794,3203.387104771772,2007.9154516305932,2769.7705677275953,717.764536897203,185.22199377647007,-242.79078769556025,380.28839835599206,10622.279999999984,1.0622279999999985e+24,0.0,0.0
7.4e-06,145191.0,4.83971,3e+22,-5718.69,-4243.6,7651.58,3.20218,3.22056,3.25606,0.00116559765,0.000206654435,0.182634418,0.0379729507,0.0373159367,0.0445459151,-1.13442965e-05,0.000237583404,7.81806165e-05,1577.3958,334.017589,1057.57971,1644.15956,1510.68516,529.465901,-2061.48092,-805.508465,1944.05256,14800.0,145191.356872,4.839711896,-30.000000000000004,30000 3000,1e-06,2,0.0 0.0259,0.0 0.0,-1.0 0.0,0.00054857 28.0,80000,1000,5e-10,0.0,0.0 0.0 0.0,1000 1000000 0,0,0.0,0,100,0,,10,,1,,,,1.0,10.0,0.1,False,{},,,False,3,mixed,250,300,True,Ar_Aubin,,False,uniform,Argon-Aubin-Test2/10Td,3.0000000000000005e+21,7.651580000000001e+23,0.0,1.3548288888888888e-13,1.3548000000000002e-13,0.0,0.0,0.0,0.0,0.0,0.0,0.0,0.0,0.0,0.0,0.0,0.0,0.0,0.0,0.0,0.0,0.0,0.0,0.0,0.0,0.0,0.0,2.2222222222222226e-19,8.88888888888889e-19,6.666666666666668e-19,1.1111111111111113e-18,0.0,0.0,0.0,0.0,0.0,0.0,2152.064992829647,1584.0614916250786,2214.5994389612124,1511.562118760366,851.1361039676563,546.6106999195601,-234.14292272524898,31.60974620563286,8457.020000000037,8.457020000000037e+23,0.0,0.0
7.45e-06,145212.0,4.84039,3e+22,-730.668,23.6498,7042.36,3.2304,3.21595,3.23414,0.001125736,0.00021347462,0.182997798,0.0381775857,0.0375302983,0.0447777855,-2.04037636e-05,0.000225946252,5.74263726e-05,2628.00075,-716.705282,1301.91967,332.890895,3236.91437,-864.512433,-258.002735,81.0883618,1586.05902,14900.0,145211.646023,4.840388201,-30.000000000000004,30000 3000,1e-06,2,0.0 0.0259,0.0 0.0,-1.0 0.0,0.00054857 28.0,80000,1000,5e-10,0.0,0.0 0.0 0.0,1000 1000000 0,0,0.0,0,100,0,,10,,1,,,,1.0,10.0,0.1,False,{},,,False,3,mixed,250,300,True,Ar_Aubin,,False,uniform,Argon-Aubin-Test2/10Td,3.0000000000000005e+21,7.04236e+23,0.0,1.353048888888889e-13,1.3530155555555558e-13,0.0,0.0,0.0,0.0,0.0,0.0,0.0,0.0,0.0,0.0,0.0,0.0,0.0,0.0,0.0,0.0,0.0,0.0,0.0,0.0,0.0,0.0,2.2222222222222226e-19,1.1111111111111113e-18,1.1111111111111113e-18,8.88888888888889e-19,0.0,0.0,0.0,0.0,0.0,0.0,2047.2633633998594,2628.8232892716483,2143.587346421158,3236.909321367932,990.0696534991677,297.3226472767201,-95.3222539882057,1169.699731892104,7267.59999999993,7.26759999999993e+23,0.0,0.0
7.5e-06,145527.0,4.85091,3e+22,10142.1,-3703.03,10403.1,3.26093,3.23058,3.20903,0.0011043376,0.000292014176,0.183586404,0.0384122933,0.0377363078,0.0450695621,-6.35057655e-05,0.00025869488,5.17863437e-05,2140.61273,28.5759442,61.2798324,285.743575,1562.47846,613.06198,2076.8044,-505.514517,2486.55036,15000.0,145527.185982,4.850906199,-30.000000000000004,30000 3000,1e-06,2,0.0 0.0259,0.0 0.0,-1.0 0.0,0.00054857 28.0,80000,1000,5e-10,0.0,0.0 0.0 0.0,1000 1000000 0,0,0.0,0,100,0,,10,,1,,,,1.0,10.0,0.1,False,{},,,False,3,mixed,250,300,True,Ar_Aubin,,False,uniform,Argon-Aubin-Test2/10Td,3.0000000000000005e+21,1.0403100000000002e+24,0.0,1.356231111111111e-13,1.3562155555555557e-13,0.0,0.0,0.0,0.0,0.0,0.0,0.0,0.0,0.0,0.0,0.0,0.0,0.0,0.0,0.0,0.0,0.0,0.0,0.0,0.0,0.0,0.0,2.2222222222222226e-19,8.88888888888889e-19,0.0,4.444444444444445e-19,0.0,0.0,0.0,0.0,0.0,0.0,2347.5532000691996,2129.41242762704,2059.6979913439786,1563.5597972541534,760.0293919758639,576.6826405475999,720.2893668667524,264.6440299050396,11772.120000000386,1.1772120000000387e+24,0.0,0.0
7.55e-06,145755.0,4.85849,3e+22,-3947.43,393.233,10498.3,3.22697,3.26791,3.22138,0.00114213518,0.000276606131,0.18420738,0.0386876653,0.0379682105,0.0453834637,-6.78382996e-05,0.000260040548,5.73893718e-05,2857.99781,1403.38842,505.528245,1505.09152,2410.80132,343.826714,-1259.31035,-538.386732,3151.41434,15100.0,145754.623085,4.858487436,-30.000000000000004,30000 3000,1e-06,2,0.0 0.0259,0.0 0.0,-1.0 0.0,0.00054857 28.0,80000,1000,5e-10,0.0,0.0 0.0 0.0,1000 1000000 0,0,0.0,0,100,0,,10,,1,,,,1.0,10.0,0.1,False,{},,,False,3,mixed,250,300,True,Ar_Aubin,,False,uniform,Argon-Aubin-Test2/10Td,3.0000000000000005e+21,1.04983e+24,0.0,1.3604266666666666e-13,1.3603888888888891e-13,0.0,0.0,0.0,0.0,0.0,0.0,0.0,0.0,0.0,0.0,0.0,0.0,0.0,0.0,0.0,0.0,0.0,0.0,0.0,0.0,0.0,0.0,0.0,1.3333333333333336e-18,2e-18,4.444444444444445e-19,0.0,0.0,0.0,0.0,0.0,0.0,2752.87088765383,2862.5063086735872,2319.1146132728327,2410.6925493412887,855.1048718681565,1217.5500025459999,-126.05384655276062,-38.62684472679405,12419.519999999906,1.2419519999999906e+24,0.0,0.0
7.6e-06,145953.0,4.86511,3e+22,4037.86,-4555.71,12796.9,3.25579,3.26855,3.20473,0.00125204992,0.000233674666,0.18475008,0.0389200057,0.0381805366,0.0456712051,-7.92519075e-05,0.000265243639,8.72952955e-06,1780.06848,1018.19045,-195.783724,-747.272609,3662.17196,864.097854,1294.57373,-1079.27384,2966.16738,15200.0,145953.207191,4.865106906,-30.000000000000004,30000 3000,1e-06,2,0.0 0.0259,0.0 0.0,-1.0 0.0,0.00054857 28.0,80000,1000,5e-10,0.0,0.0 0.0 0.0,1000 1000000 0,0,0.0,0,100,0,,10,,1,,,,1.0,10.0,0.1,False,{},,,False,3,mixed,250,300,True,Ar_Aubin,,False,uniform,Argon-Aubin-Test2/10Td,3.0000000000000005e+21,1.27969e+24,0.0,1.3637755555555555e-13,1.3637444444444445e-13,0.0,0.0,0.0,0.0,0.0,0.0,0.0,0.0,0.0,0.0,0.0,0.0,0.0,0.0,0.0,0.0,0.0,0.0,0.0,0.0,0.0,0.0,0.0,6.666666666666668e-19,6.666666666666668e-19,1.777777777777778e-18,0.0,0.0,0.0,0.0,0.0,0.0,2320.7724376722585,1775.0128777100288,2123.480071021741,3663.236514012643,875.0818645799491,601.9390812479996,-314.4700554073041,336.7726903499522,10854.000000000142,1.0854000000000142e+24,0.0,0.0
7.65e-06,146180.0,4.87267,3e+22,7228.32,-3588.89,8847.55,3.22379,3.27433,3.24641,0.0014088197,0.000229860266,0.18535007,0.0391158736,0.0384282084,0.045973749,-8.94639787e-05,0.000275908705,2.5646123e-05,2027.99325,262.428296,-863.219619,-1012.89738,2466.90296,-404.775415,1036.70602,-1891.44698,1654.17032,15300.0,146180.237736,4.872674591,-30.000000000000004,30000 3000,1e-06,2,0.0 0.0259,0.0 0.0,-1.0 0.0,0.00054857 28.0,80000,1000,5e-10,0.0,0.0 0.0 0.0,1000 1000000 0,0,0.0,0,100,0,,10,,1,,,,1.0,10.0,0.1,False,{},,,False,3,mixed,250,300,True,Ar_Aubin,,False,uniform,Argon-Aubin-Test2/10Td,3.0000000000000005e+21,8.84755e+23,0.0,1.3657088888888888e-13,1.3656733333333335e-13,0.0,0.0,0.0,0.0,0.0,0.0,0.0,0.0,0.0,0.0,0.0,0.0,0.0,0.0,0.0,0.0,0.0,0.0,0.0,0.0,0.0,0.0,0.0,6.666666666666668e-19,8.88888888888889e-19,2e-18,0.0,0.0,0.0,0.0,0.0,0.0,1954.5075605506559,2017.809850386096,2476.7356810764113,2467.7279032100446,804.8751100150215,14.276308171499977,-382.8688225677074,-1178.747819719135,11999.799999999894,1.1999799999999895e+24,0.0,0.0
7.7e-06,146222.0,4.87408,3e+22,6768.29,6944.97,13088.5,3.26136,3.24113,3.24415,0.00144895692,0.000173503831,0.185796696,0.0393460451,0.0386843309,0.0462266786,-0.000104170841,0.000254265359,3.40307131e-05,1805.50588,1098.38836,1047.53934,258.48056,3189.43203,685.573159,1352.92413,1226.92412,3197.09448,15400.0,146222.389948,4.874079665,-30.000000000000004,30000 3000,1e-06,2,0.0 0.0259,0.0 0.0,-1.0 0.0,0.00054857 28.0,80000,1000,5e-10,0.0,0.0 0.0 0.0,1000 1000000 0,0,0.0,0,100,0,,10,,1,,,,1.0,10.0,0.1,False,{},,,False,3,mixed,250,300,True,Ar_Aubin,,False,uniform,Argon-Aubin-Test2/10Td,3.0000000000000005e+21,1.3088500000000002e+24,0.0,1.368851111111111e-13,1.368806666666667e-13,0.0,0.0,0.0,0.0,0.0,0.0,0.0,0.0,0.0,0.0,0.0,0.0,0.0,0.0,0.0,0.0,0.0,0.0,0.0,0.0,0.0,0.0,2.2222222222222226e-19,1.5555555555555556e-18,1.1111111111111113e-18,1.5555555555555556e-18,0.0,0.0,0.0,0.0,0.0,0.0,2300.5679679108384,1795.698919367933,2561.452321625177,3188.22705109882,871.6580448848293,765.294424404,-594.5984873991471,1123.9728777827404,8932.520000000111,8.932520000000111e+23,0.0,0.0
7.75e-06,146398.0,4.87993,3e+22,-4870.63,-6156.65,9821.0,3.20468,3.28854,3.26575,0.00142391098,0.000251562761,0.186328147,0.0395497042,0.0389248777,0.0465061386,-0.000100885057,0.000248684449,6.05800444e-05,773.323147,-1365.38009,1202.30224,276.052751,2886.88135,621.514094,-1172.88301,-1535.56568,2420.34179,15500.0,146397.905013,4.879930167,-30.000000000000004,30000 3000,1e-06,2,0.0 0.0259,0.0 0.0,-1.0 0.0,0.00054857 28.0,80000,1000,5e-10,0.0,0.0 0.0 0.0,1000 1000000 0,0,0.0,0,100,0,,10,,1,,,,1.0,10.0,0.1,False,{},,,False,3,mixed,250,300,True,Ar_Aubin,,False,uniform,Argon-Aubin-Test2/10Td,3.0000000000000005e+21,9.821e+23,0.0,1.3691333333333333e-13,1.3691000000000002e-13,0.0,0.0,0.0,0.0,0.0,0.0,0.0,0.0,0.0,0.0,0.0,0.0,0.0,0.0,0.0,0.0,0.0,0.0,0.0,0.0,0.0,0.0,0.0,8.88888888888889e-19,1.1111111111111113e-18,1.3333333333333336e-18,0.0,0.0,0.0,0.0,0.0,0.0,2037.3105367705452,780.2584905365173,2405.1361975664654,2888.430133872511,816.9388006280809,590.413058313,-33.683920280354805,922.9704628880299,10629.019999999768,1.0629019999999768e+24,0.0,0.0
7.8e-06,146600.0,4.88668,3e+22,3821.12,-1226.86,12713.5,3.24245,3.24864,3.28126,0.00140244519,0.000272086252,0.186892153,0.039783548,0.0391387862,0.0467793287,-8.49099801e-05,0.000268418692,7.08888492e-05,1952.89628,1471.32236,1984.18979,335.178317,1620.41533,1162.27082,877.766557,-1060.87956,3181.82723,15600.0,146600.362395,4.886678747,-30.000000000000004,30000 3000,1e-06,2,0.0 0.0259,0.0 0.0,-1.0 0.0,0.00054857 28.0,80000,1000,5e-10,0.0,0.0 0.0 0.0,1000 1000000 0,0,0.0,0,100,0,,10,,1,,,,1.0,10.0,0.1,False,{},,,False,3,mixed,250,300,True,Ar_Aubin,,False,uniform,Argon-Aubin-Test2/10Td,3.0000000000000005e+21,1.2713500000000001e+24,0.0,1.3707866666666666e-13,1.3707533333333335e-13,0.0,0.0,0.0,0.0,0.0,0.0,0.0,0.0,0.0,0.0,0.0,0.0,0.0,0.0,0.0,0.0,0.0,0.0,0.0,0.0,0.0,0.0,4.444444444444445e-19,6.666666666666668e-19,8.88888888888889e-19,1.3333333333333336e-18,0.0,0.0,0.0,0.0,0.0,0.0,2339.04469968009,1947.5373686355872,2138.97752894196,1620.7491417391288,626.9161147819808,805.7738428344996,458.85872745519913,2129.989016405575,11280.120000000115,1.1280120000000116e+24,0.0,0.0
7.85e-06,146625.0,4.88751,3e+22,-1750.08,2139.95,10516.2,3.25807,3.24631,3.26998,0.00140965426,0.000273883707,0.187364251,0.0399603369,0.0393340131,0.0469914426,-0.000116322314,0.000277950416,9.10156825e-05,1114.36047,-579.092624,-693.514878,756.228433,1353.60657,-11.1517735,-520.390966,784.863651,2211.65013,15700.0,146625.428583,4.887514286,-30.000000000000004,30000 3000,1e-06,2,0.0 0.0259,0.0 0.0,-1.0 0.0,0.00054857 28.0,80000,1000,5e-10,0.0,0.0 0.0 0.0,1000 1000000 0,0,0.0,0,100,0,,10,,1,,,,1.0,10.0,0.1,False,{},,,False,3,mixed,250,300,True,Ar_Aubin,,False,uniform,Argon-Aubin-Test2/10Td,3.0000000000000005e+21,1.0516200000000001e+24,0.0,1.3735533333333332e-13,1.3735022222222223e-13,0.0,0.0,0.0,0.0,0.0,0.0,0.0,0.0,0.0,0.0,0.0,0.0,0.0,0.0,0.0,0.0,0.0,0.0,0.0,0.0,0.0,0.0,2.2222222222222226e-19,1.3333333333333336e-18,1.777777777777778e-18,1.777777777777778e-18,0.0,0.0,0.0,0.0,0.0,0.0,1767.6862737821264,1116.827477727341,1952.259186435712,1353.0204725612052,354.28200184414726,241.29019363379984,150.37820859469778,-900.827621738932,9441.960000000083,9.441960000000082e+23,0.0,0.0
7.9e-06,146841.0,4.8947,3e+22,-473.292,-8338.66,10345.1,3.27178,3.25554,3.26108,0.00124855653,0.000167450501,0.187918523,0.0401940468,0.0395163735,0.0472842359,-0.000122459332,0.000250207516,8.57094763e-05,1750.49221,-368.17239,-1131.99515,1147.81039,1682.95508,-138.446656,60.1917161,-1584.1358,3124.49078,15800.0,146841.092894,4.894703096,-30.000000000000004,30000 3000,1e-06,2,0.0 0.0259,0.0 0.0,-1.0 0.0,0.00054857 28.0,80000,1000,5e-10,0.0,0.0 0.0 0.0,1000 1000000 0,0,0.0,0,100,0,,10,,1,,,,1.0,10.0,0.1,False,{},,,False,3,mixed,250,300,True,Ar_Aubin,,False,uniform,Argon-Aubin-Test2/10Td,3.0000000000000005e+21,1.0345100000000001e+24,0.0,1.37502e-13,1.3749911111111113e-13,0.0,0.0,0.0,0.0,0.0,0.0,0.0,0.0,0.0,0.0,0.0,0.0,0.0,0.0,0.0,0.0,0.0,0.0,0.0,0.0,0.0,0.0,0.0,1.1111111111111113e-18,1.3333333333333336e-18,4.444444444444445e-19,0.0,0.0,0.0,0.0,0.0,0.0,2341.3813172414034,1751.0831418171967,1824.0737261467077,1684.3513927946685,847.8456628946418,1180.4548677127,34.980311885081015,-995.7795424707872,11085.439999999891,1.1085439999999892e+24,0.0,0.0
7.95e-06,147033.0,4.90111,3e+22,4754.92,-6687.46,14849.5,3.26379,3.28385,3.25293,0.00139463798,0.000151513829,0.188491073,0.0404450555,0.0397281591,0.0475868999,-0.000146506292,0.00025537958,8.59820308e-05,3127.83788,-397.531288,-37.8864846,12.5599029,824.033484,1416.46181,734.814374,-1360.75787,3223.62405,15900.0,147033.184814,4.90110616,-30.000000000000004,30000 3000,1e-06,2,0.0 0.0259,0.0 0.0,-1.0 0.0,0.00054857 28.0,80000,1000,5e-10,0.0,0.0 0.0 0.0,1000 1000000 0,0,0.0,0,100,0,,10,,1,,,,1.0,10.0,0.1,False,{},,,False,3,mixed,250,300,True,Ar_Aubin,,False,uniform,Argon-Aubin-Test2/10Td,3.0000000000000005e+21,1.4849500000000002e+24,0.0,1.375511111111111e-13,1.3754733333333334e-13,0.0,0.0,0.0,0.0,0.0,0.0,0.0,0.0,0.0,0.0,0.0,0.0,0.0,0.0,0.0,0.0,0.0,0.0,0.0,0.0,0.0,0.0,0.0,8.88888888888889e-19,1.1111111111111113e-18,1.777777777777778e-18,0.0,0.0,0.0,0.0,0.0,0.0,2506.2257831334064,3121.2064879761383,2117.9068322990656,825.0467266708844,871.5068581020141,424.6258614864996,-461.55692594294777,-220.04176011316997,11451.0000000001,1.1451000000000101e+24,0.0,0.0
8e-06,147282.0,4.90939,3e+22,2885.68,4314.03,5304.53,3.29624,3.23961,3.28261,0.00147981446,0.000210529438,0.189080273,0.0406810824,0.0399888606,0.0479168398,-0.000205525951,0.000253722189,0.000138146429,1701.69665,-859.660884,129.622903,152.104067,1847.20236,752.610971,226.714205,1332.35166,1530.06679,16000.0,147281.647803,4.90938826,-30.000000000000004,30000 3000,1e-06,2,0.0 0.0259,0.0 0.0,-1.0 0.0,0.00054857 28.0,80000,1000,5e-10,0.0,0.0 0.0 0.0,1000 1000000 0,0,0.0,0,100,0,,10,,1,,,,1.0,10.0,0.1,False,{},,,False,3,mixed,250,300,True,Ar_Aubin,,False,uniform,Argon-Aubin-Test2/10Td,3.0000000000000005e+21,5.30453e+23,0.0,1.3830377777777777e-13,1.383008888888889e-13,0.0,0.0,0.0,0.0,0.0,0.0,0.0,0.0,0.0,0.0,0.0,0.0,0.0,0.0,0.0,0.0,2.2222222222222226e-19,0.0,0.0,0.0,0.0,0.0,0.0,4.444444444444445e-19,1.1111111111111113e-18,1.1111111111111113e-18,0.0,0.0,0.0,0.0,0.0,0.0,2357.820642592337,1697.4263790090672,2606.8013379611925,1846.294129688585,1074.7486293680859,527.0848094633102,-371.6860757878998,-197.13777438814373,11783.999999999683,1.1783999999999683e+24,0.0,0.0
8.05e-06,147406.0,4.91353,3e+22,-2745.85,-2715.7,7465.68,3.28282,3.25272,3.29113,0.00148787081,0.000254795927,0.18955932,0.0408818181,0.0401035582,0.0481831003,-0.000218752425,0.000245917513,0.000145809058,957.839242,1485.86647,-457.856596,888.792129,1103.21167,-2378.47734,-41.1047375,-811.544093,1997.82178,16100.0,147406.011865,4.913533729,-30.000000000000004,30000 3000,1e-06,2,0.0 0.0259,0.0 0.0,-1.0 0.0,0.00054857 28.0,80000,1000,5e-10,0.0,0.0 0.0 0.0,1000 1000000 0,0,0.0,0,100,0,,10,,1,,,,1.0,10.0,0.1,False,{},,,False,3,mixed,250,300,True,Ar_Aubin,,False,uniform,Argon-Aubin-Test2/10Td,3.0000000000000005e+21,7.46568e+23,0.0,1.3840977777777777e-13,1.3840644444444446e-13,0.0,0.0,0.0,0.0,0.0,0.0,0.0,0.0,0.0,0.0,0.0,0.0,0.0,0.0,0.0,0.0,0.0,0.0,0.0,0.0,0.0,0.0,2.2222222222222226e-19,4.444444444444445e-19,4.444444444444445e-19,2.2222222222222226e-18,0.0,0.0,0.0,0.0,0.0,0.0,2007.1179128877682,961.9247120636385,1146.770016798443,1103.9036192989538,848.7433889212138,582.6325558623998,-200.81465810603333,10.432157973199196,9580.940000000204,9.580940000000205e+23,0.0,0.0
8.1e-06,147579.0,4.91929,3e+22,-592.938,543.54,8357.72,3.26691,3.28797,3.28331,0.00148227145,0.000192461437,0.190092131,0.0411172127,0.0402962251,0.0485255666,-0.000243565513,0.00023756384,0.000171139886,3853.68643,-661.548251,897.715114,-1372.93339,2581.39411,-297.547412,-522.394361,512.837516,3064.14785,16200.0,147578.750217,4.919291674,-30.000000000000004,30000 3000,1e-06,2,0.0 0.0259,0.0 0.0,-1.0 0.0,0.00054857 28.0,80000,1000,5e-10,0.0,0.0 0.0 0.0,1000 1000000 0,0,0.0,0,100,0,,10,,1,,,,1.0,10.0,0.1,False,{},,,False,3,mixed,250,300,True,Ar_Aubin,,False,uniform,Argon-Aubin-Test2/10Td,3.0000000000000005e+21,8.357719999999999e+23,0.0,1.3859288888888888e-13,1.3858955555555556e-13,0.0,0.0,0.0,0.0,0.0,0.0,0.0,0.0,0.0,0.0,0.0,0.0,0.0,0.0,0.0,0.0,0.0,0.0,0.0,0.0,0.0,0.0,4.444444444444445e-19,1.1111111111111113e-18,6.666666666666668e-19,1.1111111111111113e-18,0.0,0.0,0.0,0.0,0.0,0.0,2354.1123089576568,3854.56532506902,1926.947795596809,2581.289499510533,1401.8383074124174,1475.41104489868,-161.64065319021503,475.645191227784,10656.219999999883,1.0656219999999884e+24,0.0,0.0
8.15e-06,147818.0,4.92725,3e+22,4598.65,2235.5,3696.37,3.29603,3.24642,3.31184,0.00163930492,0.000214898899,0.190606616,0.0413813773,0.0404946093,0.0488266408,-0.000218428879,0.000244990784,0.000183686511,1761.52256,79.7703599,933.460599,62.1573996,2397.25015,54.4095442,1292.16848,17.7241938,1200.85364,16300.0,147817.581228,4.927252708,-30.000000000000004,30000 3000,1e-06,2,0.0 0.0259,0.0 0.0,-1.0 0.0,0.00054857 28.0,80000,1000,5e-10,0.0,0.0 0.0 0.0,1000 1000000 0,0,0.0,0,100,0,,10,,1,,,,1.0,10.0,0.1,False,{},,,False,3,mixed,250,300,True,Ar_Aubin,,False,uniform,Argon-Aubin-Test2/10Td,3.0000000000000005e+21,3.69637e+23,0.0,1.3891111111111112e-13,1.3890933333333334e-13,0.0,0.0,0.0,0.0,0.0,0.0,0.0,0.0,0.0,0.0,0.0,0.0,0.0,0.0,0.0,0.0,0.0,0.0,0.0,0.0,0.0,0.0,0.0,6.666666666666668e-19,6.666666666666668e-19,4.444444444444445e-19,0.0,0.0,0.0,0.0,0.0,0.0,2636.7440803074655,1753.983970429642,1983.7505986794458,2396.7697435112855,1052.1040514970687,496.30106281608005,-465.34561484781506,1343.03648680446,10289.700000000179,1.0289700000000179e+24,0.0,0.0
8.2e-06,147956.0,4.93188,3e+22,-2824.83,544.448,9700.1,3.29596,3.30341,3.26382,0.00164659104,0.000152175699,0.191149824,0.0416125104,0.0407397513,0.0491464529,-0.00022856402,0.000257838907,0.000181747005,1160.3217,-761.050987,644.740312,310.077513,3076.23386,1668.71142,-985.742242,-442.959616,3313.22161,16400.0,147956.482071,4.931882736,-30.000000000000004,30000 3000,1e-06,2,0.0 0.0259,0.0 0.0,-1.0 0.0,0.00054857 28.0,80000,1000,5e-10,0.0,0.0 0.0 0.0,1000 1000000 0,0,0.0,0,100,0,,10,,1,,,,1.0,10.0,0.1,False,{},,,False,3,mixed,250,300,True,Ar_Aubin,,False,uniform,Argon-Aubin-Test2/10Td,3.0000000000000005e+21,9.7001e+23,0.0,1.391571111111111e-13,1.391528888888889e-13,0.0,0.0,0.0,0.0,0.0,0.0,0.0,0.0,0.0,0.0,0.0,0.0,0.0,0.0,0.0,0.0,0.0,0.0,0.0,0.0,0.0,0.0,0.0,1.777777777777778e-18,1.1111111111111113e-18,1.3333333333333336e-18,0.0,0.0,0.0,0.0,0.0,0.0,2311.091585677286,1164.9730397675232,2451.6502409342725,3076.151008245031,1124.389477404758,1459.0492022176,211.29797794747523,182.99172958281594,10864.15999999979,1.0864159999999792e+24,0.0,0.0
8.25e-06,148233.0,4.94112,3e+22,715.495,3726.22,13237.0,3.28512,3.27489,3.32114,0.00151168302,0.000218924827,0.191803268,0.0417907756,0.0409443551,0.0494696022,-0.000264841744,0.000226185592,0.00022801455,2038.22447,-429.851147,185.137865,-1562.46616,2577.35454,10.1651412,-212.952512,491.784461,3603.05194,16500.0,148233.461983,4.941115399,-30.000000000000004,30000 3000,1e-06,2,0.0 0.0259,0.0 0.0,-1.0 0.0,0.00054857 28.0,80000,1000,5e-10,0.0,0.0 0.0 0.0,1000 1000000 0,0,0.0,0,100,0,,10,,1,,,,1.0,10.0,0.1,False,{},,,False,3,mixed,250,300,True,Ar_Aubin,,False,uniform,Argon-Aubin-Test2/10Td,3.0000000000000005e+21,1.3237e+24,0.0,1.3944555555555556e-13,1.3944222222222224e-13,0.0,0.0,0.0,0.0,0.0,0.0,0.0,0.0,0.0,0.0,0.0,0.0,0.0,0.0,0.0,0.0,0.0,0.0,0.0,0.0,0.0,0.0,4.444444444444445e-19,1.3333333333333336e-18,4.444444444444445e-19,1.1111111111111113e-18,0.0,0.0,0.0,0.0,0.0,0.0,1786.9127650005369,2037.1428683576053,2045.7902936348721,2576.538777931136,729.1089975115101,1064.152081484,-137.06941840264736,-185.0590743734,13068.880000000061,1.3068880000000062e+24,0.0,0.0
8.3e-06,148288.0,4.94294,3e+22,-1850.0,3807.88,15088.1,3.31587,3.30851,3.2601,0.00144124767,0.000325133136,0.192248786,0.0419923054,0.0412280546,0.0497063929,-0.000254328158,0.000192735193,0.000217169344,4353.91199,-491.663774,-1103.38752,532.304784,4240.90676,338.749223,-548.999304,42.8165584,4536.23628,16600.0,148288.094163,4.942936472,-30.000000000000004,30000 3000,1e-06,2,0.0 0.0259,0.0 0.0,-1.0 0.0,0.00054857 28.0,80000,1000,5e-10,0.0,0.0 0.0 0.0,1000 1000000 0,0,0.0,0,100,0,,10,,1,,,,1.0,10.0,0.1,False,{},,,False,3,mixed,250,300,True,Ar_Aubin,,False,uniform,Argon-Aubin-Test2/10Td,3.0000000000000005e+21,1.50881e+24,0.0,1.3975066666666666e-13,1.3974666666666667e-13,0.0,0.0,0.0,0.0,0.0,0.0,0.0,0.0,0.0,0.0,0.0,0.0,0.0,0.0,0.0,0.0,0.0,0.0,0.0,0.0,0.0,2.2222222222222226e-19,2.2222222222222226e-19,1.3333333333333336e-18,1.5555555555555556e-18,6.666666666666668e-19,0.0,0.0,0.0,0.0,0.0,0.0,2017.377907066742,4356.5782981895,2836.417165237512,4239.668692034088,656.8859700602919,1635.5673719533997,-411.65540933438575,-1318.4722588697273,8910.360000000117,8.910360000000118e+23,0.0,0.0
8.35e-06,148291.0,4.94302,3e+22,9108.55,4078.09,6944.85,3.28785,3.29344,3.30392,0.00153579995,0.000401325134,0.192711989,0.042206279,0.0415124556,0.0499892972,-0.000248234376,0.0002291318,0.000236165264,1479.91236,-293.829097,-1155.68873,1248.01948,792.349876,-183.597356,2073.23591,1278.65556,1760.04687,16700.0,148290.727672,4.943024256,-30.000000000000004,30000 3000,1e-06,2,0.0 0.0259,0.0 0.0,-1.0 0.0,0.00054857 28.0,80000,1000,5e-10,0.0,0.0 0.0 0.0,1000 1000000 0,0,0.0,0,100,0,,10,,1,,,,1.0,10.0,0.1,False,{},,,False,3,mixed,250,300,True,Ar_Aubin,,False,uniform,Argon-Aubin-Test2/10Td,3.0000000000000005e+21,6.94485e+23,0.0,1.4000466666666667e-13,1.3999933333333334e-13,0.0,0.0,0.0,0.0,0.0,0.0,0.0,0.0,0.0,0.0,0.0,0.0,0.0,0.0,0.0,0.0,0.0,0.0,0.0,0.0,0.0,0.0,0.0,1.5555555555555556e-18,2.4444444444444447e-18,1.3333333333333336e-18,0.0,0.0,0.0,0.0,0.0,0.0,2136.921133598646,1465.9234493654276,2843.4564969294365,790.7132359842859,1045.8931413767637,421.6910131933498,350.153176244562,-848.4455076887077,9264.059999999909,9.264059999999909e+23,0.0,0.0
8.4e-06,148387.0,4.94622,3e+22,2262.37,5191.86,15693.8,3.26647,3.32135,3.30304,0.00159072671,0.000368460292,0.193240666,0.0424728759,0.0417681915,0.0502694674,-0.000196119052,0.000254497908,0.000220949368,3572.48118,-200.598581,687.528723,4.072144,2613.56927,284.634541,-385.558337,1197.08955,4262.54966,16800.0,148386.623019,4.946220767,-30.000000000000004,30000 3000,1e-06,2,0.0 0.0259,0.0 0.0,-1.0 0.0,0.00054857 28.0,80000,1000,5e-10,0.0,0.0 0.0 0.0,1000 1000000 0,0,0.0,0,100,0,,10,,1,,,,1.0,10.0,0.1,False,{},,,False,3,mixed,250,300,True,Ar_Aubin,,False,uniform,Argon-Aubin-Test2/10Td,3.0000000000000005e+21,1.5693799999999998e+24,0.0,1.3966622222222223e-13,1.3966155555555557e-13,0.0,0.0,0.0,0.0,0.0,0.0,0.0,0.0,0.0,0.0,0.0,0.0,0.0,0.0,0.0,0.0,0.0,0.0,0.0,2.2222222222222226e-19,0.0,2.2222222222222226e-19,4.444444444444445e-19,8.88888888888889e-19,1.1111111111111113e-18,1.777777777777778e-18,0.0,0.0,0.0,0.0,0.0,0.0,2664.251700205053,3568.8823676130974,2557.6119887640166,2611.6562757483766,761.2590821256399,1229.8692959291998,278.8016441242333,-160.17604637981793,10573.540000000105,1.0573540000000106e+24,0.0,0.0
8.45e-06,148688.0,4.95625,3e+22,-4890.81,122.137,13361.7,3.28477,3.31969,3.30689,0.00157308566,0.000525495536,0.193893205,0.042722676,0.0420518705,0.0505981234,-0.000194003478,0.000245722577,0.000250532382,1642.86585,178.186502,15.9108628,820.586901,2552.52867,23.0527144,-657.400833,342.634066,3489.35692,16900.0,148687.600136,4.956253338,-30.000000000000004,30000 3000,1e-06,2,0.0 0.0259,0.0 0.0,-1.0 0.0,0.00054857 28.0,80000,1000,5e-10,0.0,0.0 0.0 0.0,1000 1000000 0,0,0.0,0,100,0,,10,,1,,,,1.0,10.0,0.1,False,{},,,False,3,mixed,250,300,True,Ar_Aubin,,False,uniform,Argon-Aubin-Test2/10Td,3.0000000000000005e+21,1.33617e+24,0.0,1.4018577777777778e-13,1.401828888888889e-13,0.0,0.0,0.0,0.0,0.0,0.0,0.0,0.0,0.0,0.0,0.0,0.0,0.0,0.0,0.0,0.0,0.0,0.0,0.0,0.0,0.0,0.0,0.0,6.666666666666668e-19,4.444444444444445e-19,1.777777777777778e-18,0.0,0.0,0.0,0.0,0.0,0.0,2498.559129722189,1650.5595130767845,2835.3861742842073,2552.4644875517197,760.3605095152927,898.6140827515001,-127.85724985102951,285.7857570828281,13050.780000000152,1.3050780000000153e+24,0.0,0.0
8.5e-06,148792.0,4.95974,3e+22,2477.8,3069.42,6270.01,3.29995,3.30647,3.31275,0.00148962215,0.000472295508,0.194457165,0.0429736597,0.0422452685,0.0508826749,-0.000140430272,0.000238660644,0.000190098733,1905.71788,-92.8842947,800.149506,-244.864659,3141.03263,-638.845697,940.409773,514.520957,1447.10358,17000.0,148792.183934,4.959739464,-30.000000000000004,30000 3000,1e-06,2,0.0 0.0259,0.0 0.0,-1.0 0.0,0.00054857 28.0,80000,1000,5e-10,0.0,0.0 0.0 0.0,1000 1000000 0,0,0.0,0,100,0,,10,,1,,,,1.0,10.0,0.1,False,{},,,False,3,mixed,250,300,True,Ar_Aubin,,False,uniform,Argon-Aubin-Test2/10Td,3.0000000000000005e+21,6.270010000000001e+23,0.0,1.4031266666666665e-13,1.4030755555555556e-13,0.0,0.0,0.0,0.0,0.0,0.0,0.0,0.0,0.0,0.0,0.0,0.0,0.0,0.0,0.0,0.0,0.0,0.0,0.0,0.0,0.0,0.0,2.2222222222222226e-19,8.88888888888889e-19,2e-18,2e-18,0.0,0.0,0.0,0.0,0.0,0.0,2512.3932434392013,1902.02689423673,1934.5108251148797,3139.5829567218348,655.3742533481344,227.8552108783499,165.61974293471212,1249.3933697862785,11279.19999999949,1.127919999999949e+24,0.0,0.0
8.55e-06,148946.0,4.96488,3e+22,-759.835,1676.29,8309.37,3.30768,3.30764,3.31402,0.00150065993,0.000568169184,0.195069218,0.0431256779,0.0424640385,0.0512179589,-9.50669761e-05,0.000257283376,0.000169996684,1761.19078,645.080519,174.264774,1361.73106,2810.1082,229.481652,-400.119024,329.837663,2197.79268,17100.0,148946.354134,4.964878471,-30.000000000000004,30000 3000,1e-06,2,0.0 0.0259,0.0 0.0,-1.0 0.0,0.00054857 28.0,80000,1000,5e-10,0.0,0.0 0.0 0.0,1000 1000000 0,0,0.0,0,100,0,,10,,1,,,,1.0,10.0,0.1,False,{},,,False,3,mixed,250,300,True,Ar_Aubin,,False,uniform,Argon-Aubin-Test2/10Td,3.0000000000000005e+21,8.309370000000001e+23,0.0,1.4037844444444444e-13,1.4037355555555557e-13,0.0,0.0,0.0,0.0,0.0,0.0,0.0,0.0,0.0,0.0,0.0,0.0,2.2222222222222226e-19,0.0,0.0,0.0,0.0,0.0,0.0,0.0,0.0,0.0,8.88888888888889e-19,1.3333333333333336e-18,1.5555555555555556e-18,8.88888888888889e-19,0.0,0.0,0.0,0.0,0.0,0.0,1519.8519392426585,1762.3310339379113,2186.7024682522415,2809.155783678553,968.7320870569588,576.8903720273399,311.1574636233995,-90.10336934351415,12241.060000000027,1.2241060000000027e+24,0.0,0.0
8.6e-06,149112.0,4.97041,3e+22,340.174,11243.6,10448.5,3.35563,3.29281,3.29104,0.00123172708,0.000515902432,0.19567415,0.0433364866,0.0427370041,0.0515036947,-7.8586291e-05,0.000220081614,0.000154100656,1783.08926,-140.181564,1162.30327,1653.55033,1741.48283,1070.00885,751.586572,2955.91658,2436.52163,17200.0,149112.284618,4.970409487,-30.000000000000004,30000 3000,1e-06,2,0.0 0.0259,0.0 0.0,-1.0 0.0,0.00054857 28.0,80000,1000,5e-10,0.0,0.0 0.0 0.0,1000 1000000 0,0,0.0,0,100,0,,10,,1,,,,1.0,10.0,0.1,False,{},,,False,3,mixed,250,300,True,Ar_Aubin,,False,uniform,Argon-Aubin-Test2/10Td,3.0000000000000005e+21,1.04485e+24,0.0,1.407888888888889e-13,1.4078422222222223e-13,0.0,0.0,0.0,0.0,0.0,0.0,0.0,0.0,0.0,0.0,0.0,0.0,0.0,0.0,0.0,0.0,0.0,0.0,0.0,0.0,0.0,0.0,0.0,1.5555555555555556e-18,1.3333333333333336e-18,1.777777777777778e-18,0.0,0.0,0.0,0.0,0.0,0.0,2115.4352862590154,1782.670258472288,2730.2226090230447,1735.6822294155647,493.62632909021045,392.0202737250004,290.27295236105465,1834.45688330252,12098.64000000005,1.209864000000005e+24,0.0,0.0
8.65e-06,149321.0,4.97738,3e+22,-5449.49,6784.03,17696.9,3.31322,3.33889,3.30044,0.00125594172,0.000576145876,0.19629011,0.0435180088,0.0429502507,0.0518184176,-8.68677651e-05,0.000227541743,0.000169931218,2071.95402,-1542.13863,-343.11516,-454.496498,1448.51469,-512.805627,-1078.25478,1372.37447,5172.07809,17300.0,149321.294737,4.977376491,-30.000000000000004,30000 3000,1e-06,2,0.0 0.0259,0.0 0.0,-1.0 0.0,0.00054857 28.0,80000,1000,5e-10,0.0,0.0 0.0 0.0,1000 1000000 0,0,0.0,0,100,0,,10,,1,,,,1.0,10.0,0.1,False,{},,,False,3,mixed,250,300,True,Ar_Aubin,,False,uniform,Argon-Aubin-Test2/10Td,3.0000000000000005e+21,1.7696900000000003e+24,0.0,1.4104377777777777e-13,1.4103977777777778e-13,0.0,0.0,0.0,0.0,0.0,0.0,0.0,0.0,0.0,0.0,0.0,0.0,0.0,0.0,0.0,0.0,0.0,0.0,0.0,0.0,0.0,2.2222222222222226e-19,4.444444444444445e-19,1.1111111111111113e-18,2.2222222222222226e-19,2e-18,0.0,0.0,0.0,0.0,0.0,0.0,1814.6196199556737,2078.798261843723,2131.8081124890864,1444.6060990928397,732.885944104006,1698.3516423409997,38.96680077185733,-373.9152234807682,12319.199999999975,1.2319199999999975e+24,0.0,0.0
8.7e-06,149413.0,4.98042,3e+22,-6831.38,-5431.22,14586.3,3.28369,3.34287,3.33264,0.00130811478,0.000740568814,0.196760421,0.0437084963,0.043160807,0.0521075236,-0.00012013358,0.000233958529,0.000178723024,1813.13669,-804.973876,627.878808,-95.8546585,2671.72827,949.688702,-1899.20418,-1598.00438,3729.01874,17400.0,149412.72664,4.980424221,-30.000000000000004,30000 3000,1e-06,2,0.0 0.0259,0.0 0.0,-1.0 0.0,0.00054857 28.0,80000,1000,5e-10,0.0,0.0 0.0 0.0,1000 1000000 0,0,0.0,0,100,0,,10,,1,,,,1.0,10.0,0.1,False,{},,,False,3,mixed,250,300,True,Ar_Aubin,,False,uniform,Argon-Aubin-Test2/10Td,3.0000000000000005e+21,1.45863e+24,0.0,1.4129088888888889e-13,1.4128711111111111e-13,0.0,0.0,0.0,0.0,0.0,0.0,0.0,0.0,0.0,0.0,0.0,0.0,0.0,0.0,0.0,0.0,0.0,0.0,0.0,0.0,0.0,0.0,0.0,8.88888888888889e-19,1.5555555555555556e-18,1.3333333333333336e-18,0.0,0.0,0.0,0.0,0.0,0.0,1903.537253263865,1822.0729191457965,2103.3980190216657,2675.7504621539733,1042.5001171485842,859.0122111677001,-88.78980913466317,53.73927819546611,9406.220000000021,9.406220000000021e+23,0.0,0.0
8.75e-06,149622.0,4.98741,3e+22,-2348.58,-1493.65,12022.2,3.3311,3.31031,3.33256,0.00137658106,0.000812618603,0.197375021,0.0439016211,0.04336454,0.0524251537,-9.41837144e-05,0.0002812958,0.000195805136,2170.46712,671.613849,-131.214093,291.984534,2025.95722,543.041364,-922.446463,326.229821,3144.54243,17500.0,149622.410487,4.987413683,-30.000000000000004,30000 3000,1e-06,2,0.0 0.0259,0.0 0.0,-1.0 0.0,0.00054857 28.0,80000,1000,5e-10,0.0,0.0 0.0 0.0,1000 1000000 0,0,0.0,0,100,0,,10,,1,,,,1.0,10.0,0.1,False,{},,,False,3,mixed,250,300,True,Ar_Aubin,,False,uniform,Argon-Aubin-Test2/10Td,3.0000000000000005e+21,1.20222e+24,0.0,1.41174e-13,1.4117000000000002e-13,0.0,0.0,0.0,0.0,0.0,0.0,0.0,0.0,0.0,0.0,0.0,0.0,0.0,0.0,0.0,0.0,0.0,0.0,0.0,0.0,0.0,0.0,0.0,1.1111111111111113e-18,1.3333333333333336e-18,1.5555555555555556e-18,0.0,0.0,0.0,0.0,0.0,0.0,1929.4098886290385,2173.7001307458945,2036.2109317432348,2027.170987776371,753.9445734679184,771.6604525337998,660.3954040684005,-606.659061999352,12292.000000000415,1.2292000000000414e+24,0.0,0.0
8.8e-06,149635.0,4.98784,3e+22,-3106.33,-4563.46,8629.31,3.32826,3.27788,3.36893,0.00133890533,0.000645725737,0.197802453,0.0441396887,0.0436427198,0.0526956889,-0.00013121077,0.000291414289,0.000151781496,2192.36251,-401.403256,98.8033183,868.25286,1568.27018,-2166.2396,-422.35094,-1396.60079,2947.55851,17600.0,149635.086591,4.98783622,-30.000000000000004,30000 3000,1e-06,2,0.0 0.0259,0.0 0.0,-1.0 0.0,0.00054857 28.0,80000,1000,5e-10,0.0,0.0 0.0 0.0,1000 1000000 0,0,0.0,0,100,0,,10,,1,,,,1.0,10.0,0.1,False,{},,,False,3,mixed,250,300,True,Ar_Aubin,,False,uniform,Argon-Aubin-Test2/10Td,3.0000000000000005e+21,8.62931e+23,0.0,1.4132866666666667e-13,1.4132422222222223e-13,0.0,0.0,0.0,0.0,0.0,0.0,0.0,0.0,0.0,0.0,0.0,0.0,0.0,0.0,0.0,0.0,0.0,0.0,0.0,0.0,0.0,0.0,0.0,1.5555555555555556e-18,8.88888888888889e-19,2e-18,0.0,0.0,0.0,0.0,0.0,0.0,2381.699079320454,2196.521591793739,2784.231872665216,1571.21692357177,1016.2370193324277,1240.65982430257,339.6489203385568,279.33824297426764,8548.639999999552,8.548639999999553e+23,0.0,0.0
8.85e-06,149588.0,4.98627,3e+22,9.71893,3370.44,13241.1,3.30785,3.33718,3.32645,0.00124249265,0.000729777685,0.198226248,0.0444095234,0.0438911934,0.0529455145,-0.000133365466,0.000287170701,0.000120931386,1710.83821,-187.786937,-110.59399,-11.0493616,3110.41614,553.976723,96.1773702,621.334007,3501.04827,17700.0,149588.18429,4.98627281,-30.000000000000004,30000 3000,1e-06,2,0.0 0.0259,0.0 0.0,-1.0 0.0,0.00054857 28.0,80000,1000,5e-10,0.0,0.0 0.0 0.0,1000 1000000 0,0,0.0,0,100,0,,10,,1,,,,1.0,10.0,0.1,False,{},,,False,3,mixed,250,300,True,Ar_Aubin,,False,uniform,Argon-Aubin-Test2/10Td,3.0000000000000005e+21,1.32411e+24,0.0,1.41548e-13,1.4154244444444445e-13,0.0,0.0,0.0,0.0,0.0,0.0,0.0,0.0,0.0,0.0,0.0,0.0,0.0,0.0,0.0,0.0,0.0,0.0,0.0,0.0,0.0,0.0,4.444444444444445e-19,2e-18,4.444444444444445e-19,2.666666666666667e-18,0.0,0.0,0.0,0.0,0.0,0.0,2700.8357949739884,1710.826134300909,2483.579862578994,3107.9564680993685,819.9061665969954,876.3146976071998,286.01028863394595,-32.79513625638965,8475.900000000092,8.475900000000093e+23,0.0,0.0
8.9e-06,149740.0,4.99132,3e+22,-8753.08,2350.18,11844.9,3.30635,3.32662,3.34842,0.00133018865,0.000708925842,0.198774762,0.0445953141,0.0441502656,0.053249694,-0.00013424942,0.000289429484,0.000108453254,2024.69053,681.699365,-803.654407,1753.79908,2341.70583,1359.76107,-1795.99606,857.385903,2618.39644,17800.0,149739.706407,4.991323547,-30.000000000000004,30000 3000,1e-06,2,0.0 0.0259,0.0 0.0,-1.0 0.0,0.00054857 28.0,80000,1000,5e-10,0.0,0.0 0.0 0.0,1000 1000000 0,0,0.0,0,100,0,,10,,1,,,,1.0,10.0,0.1,False,{},,,False,3,mixed,250,300,True,Ar_Aubin,,False,uniform,Argon-Aubin-Test2/10Td,3.0000000000000005e+21,1.18449e+24,0.0,1.4130022222222223e-13,1.4129622222222224e-13,0.0,0.0,0.0,0.0,0.0,0.0,0.0,0.0,0.0,0.0,0.0,0.0,0.0,0.0,0.0,0.0,0.0,0.0,0.0,0.0,0.0,0.0,4.444444444444445e-19,1.3333333333333336e-18,1.777777777777778e-18,4.444444444444445e-19,0.0,0.0,0.0,0.0,0.0,0.0,1855.6508614071126,2036.333777668542,2591.0219962006763,2340.0397266646482,864.1888800086512,263.9292615862,-317.08986283548296,-875.515024773425,10970.279999999999,1.097028e+24,0.0,0.0
8.95e-06,149912.0,4.99708,3e+22,2209.35,5903.3,5574.9,3.32816,3.34022,3.32538,0.00121798744,0.000749269179,0.199302853,0.0447849439,0.0443668069,0.0535193978,-0.000130345809,0.000250833173,0.000121446444,2154.76193,-956.055774,905.73221,903.386662,2938.77803,-727.356181,220.889342,991.819735,1584.78517,17900.0,149912.42051,4.997080684,-30.000000000000004,30000 3000,1e-06,2,0.0 0.0259,0.0 0.0,-1.0 0.0,0.00054857 28.0,80000,1000,5e-10,0.0,0.0 0.0 0.0,1000 1000000 0,0,0.0,0,100,0,,10,,1,,,,1.0,10.0,0.1,False,{},,,False,3,mixed,250,300,True,Ar_Aubin,,False,uniform,Argon-Aubin-Test2/10Td,3.0000000000000005e+21,5.5748999999999994e+23,0.0,1.4202022222222223e-13,1.4201711111111113e-13,0.0,0.0,0.0,0.0,0.0,0.0,0.0,0.0,0.0,0.0,0.0,0.0,0.0,0.0,0.0,0.0,0.0,0.0,0.0,0.0,0.0,0.0,0.0,8.88888888888889e-19,1.1111111111111113e-18,1.1111111111111113e-18,0.0,0.0,0.0,0.0,0.0,0.0,1899.157084405967,2152.0709694494362,2164.8247154685414,2934.354869255609,594.8259421702934,473.6916948103001,-338.7350078263001,679.5016355451942,10561.820000000167,1.0561820000000168e+24,0.0,0.0
9e-06,149995.0,4.99982,3e+22,6119.92,12474.5,4189.64,3.33235,3.30693,3.35917,0.00124766244,0.000778692691,0.199804333,0.0450086613,0.0445505643,0.0538270005,-8.82246325e-05,0.00023234463,0.000117228551,2270.73949,-996.150215,-979.678204,447.434002,2758.82598,-2496.22214,1479.02186,2991.2431,1741.78086,18000.0,149994.576642,4.999819221,-30.000000000000004,30000 3000,1e-06,2,0.0 0.0259,0.0 0.0,-1.0 0.0,0.00054857 28.0,80000,1000,5e-10,0.0,0.0 0.0 0.0,1000 1000000 0,0,0.0,0,100,0,,10,,1,,,,1.0,10.0,0.1,False,{},,,False,3,mixed,250,300,True,Ar_Aubin,,False,uniform,Argon-Aubin-Test2/10Td,3.0000000000000005e+21,4.1896400000000004e+23,0.0,1.4185755555555556e-13,1.4185311111111112e-13,0.0,0.0,0.0,0.0,0.0,0.0,0.0,0.0,0.0,0.0,0.0,0.0,0.0,0.0,0.0,0.0,0.0,0.0,0.0,0.0,0.0,0.0,0.0,1.1111111111111113e-18,1.1111111111111113e-18,2.2222222222222226e-18,0.0,0.0,0.0,0.0,0.0,0.0,2236.4423183981326,2263.103895680195,1837.1244199558157,2749.1121780261205,1074.584283647234,904.67263428988,-500.5706584637241,-728.6701340784816,10029.599999999973,1.0029599999999974e+24,0.0,0.0
9.05e-06,150172.0,5.00573,3e+22,-499.134,638.156,11302.4,3.29722,3.35363,3.35988,0.00124225074,0.000927742161,0.200328091,0.0452214198,0.0447956675,0.054146118,-7.09347769e-05,0.000191168447,0.00011247504,1479.72973,162.563405,-317.62084,884.599374,3958.79396,191.531529,449.404621,593.552494,3835.59468,18100.0,150171.861149,5.005728705,-30.000000000000004,30000 3000,1e-06,2,0.0 0.0259,0.0 0.0,-1.0 0.0,0.00054857 28.0,80000,1000,5e-10,0.0,0.0 0.0 0.0,1000 1000000 0,0,0.0,0,100,0,,10,,1,,,,1.0,10.0,0.1,False,{},,,False,3,mixed,250,300,True,Ar_Aubin,,False,uniform,Argon-Aubin-Test2/10Td,3.0000000000000005e+21,1.13024e+24,0.0,1.4193222222222222e-13,1.4192911111111112e-13,0.0,0.0,0.0,0.0,0.0,0.0,0.0,0.0,0.0,0.0,0.0,0.0,0.0,0.0,0.0,0.0,0.0,0.0,0.0,0.0,0.0,0.0,2.2222222222222226e-19,1.1111111111111113e-18,8.88888888888889e-19,8.88888888888889e-19,0.0,0.0,0.0,0.0,0.0,0.0,2127.7197466315624,1480.3497795808591,2448.488567897214,3958.201915773505,1095.449418705985,1571.4064642816002,-814.910813083697,217.73392760941806,10475.160000000262,1.0475160000000262e+24,0.0,0.0
9.1e-06,150196.0,5.00654,3e+22,816.739,-388.189,13748.5,3.32525,3.38769,3.29907,0.00141052778,0.000913240154,0.20084808,0.0454354902,0.0450342232,0.0544558167,-5.34177036e-05,0.000220456731,0.000141640349,2577.45103,-409.435965,-588.122996,-970.955128,2008.57568,1869.6731,250.086366,-632.018548,3325.82993,18200.0,150196.305952,5.006543532,-30.000000000000004,30000 3000,1e-06,2,0.0 0.0259,0.0 0.0,-1.0 0.0,0.00054857 28.0,80000,1000,5e-10,0.0,0.0 0.0 0.0,1000 1000000 0,0,0.0,0,100,0,,10,,1,,,,1.0,10.0,0.1,False,{},,,False,3,mixed,250,300,True,Ar_Aubin,,False,uniform,Argon-Aubin-Test2/10Td,3.0000000000000005e+21,1.37485e+24,0.0,1.4234333333333332e-13,1.4233755555555558e-13,0.0,0.0,0.0,0.0,0.0,0.0,0.0,0.0,0.0,0.0,0.0,0.0,2.2222222222222226e-19,0.0,0.0,0.0,0.0,0.0,0.0,0.0,0.0,0.0,2.2222222222222226e-19,1.777777777777778e-18,1.5555555555555556e-18,2e-18,0.0,0.0,0.0,0.0,0.0,0.0,2136.2399828286916,2576.2989969514906,2385.823979384194,2008.930189782141,1010.9150401788753,564.4701021199999,-103.11586224250124,-521.46973119445,10399.77999999997,1.0399779999999969e+24,0.0,0.0
9.15e-06,150316.0,5.01054,3e+22,-3429.84,-2412.93,14909.9,3.33859,3.34785,3.33327,0.00157370902,0.000839522324,0.201388688,0.0456139681,0.0452229293,0.0547764724,-5.05403568e-06,0.000234885237,0.000125750748,1919.52592,-139.909977,-1128.46227,637.12794,-10.6121946,650.819697,-1093.51781,-972.549021,4428.42555,18300.0,150316.153949,5.010538465,-30.000000000000004,30000 3000,1e-06,2,0.0 0.0259,0.0 0.0,-1.0 0.0,0.00054857 28.0,80000,1000,5e-10,0.0,0.0 0.0 0.0,1000 1000000 0,0,0.0,0,100,0,,10,,1,,,,1.0,10.0,0.1,False,{},,,False,3,mixed,250,300,True,Ar_Aubin,,False,uniform,Argon-Aubin-Test2/10Td,3.0000000000000005e+21,1.4909900000000002e+24,0.0,1.4262644444444444e-13,1.4262200000000002e-13,0.0,0.0,0.0,0.0,0.0,0.0,0.0,0.0,0.0,0.0,0.0,0.0,0.0,0.0,0.0,0.0,0.0,0.0,0.0,0.0,0.0,0.0,0.0,2e-18,1.3333333333333336e-18,1.1111111111111113e-18,0.0,0.0,0.0,0.0,0.0,0.0,1779.9092853852671,1924.9234901451568,1888.3530984638298,-8.58648599875068,1032.032853250514,1425.7403507887998,-383.9378486380677,-1554.712946467378,10812.15999999996,1.081215999999996e+24,0.0,0.0
9.2e-06,150374.0,5.01245,3e+22,-7196.05,-2415.47,-4268.94,3.35997,3.31714,3.34737,0.00164891015,0.000758008877,0.201838969,0.0458664053,0.0454708197,0.0550491855,-4.61161446e-06,0.000242536394,0.000130237005,2342.27056,-186.157892,635.67742,-182.015382,2355.50269,825.577012,-2325.22824,-460.993525,-748.265527,18400.0,150373.583564,5.012452785,-30.000000000000004,30000 3000,1e-06,2,0.0 0.0259,0.0 0.0,-1.0 0.0,0.00054857 28.0,80000,1000,5e-10,0.0,0.0 0.0 0.0,1000 1000000 0,0,0.0,0,100,0,,10,,1,,,,1.0,10.0,0.1,False,{},,,False,3,mixed,250,300,True,Ar_Aubin,,False,uniform,Argon-Aubin-Test2/10Td,3.0000000000000005e+21,4.26894e+23,0.0,1.4241755555555556e-13,1.4241355555555558e-13,0.0,0.0,0.0,0.0,0.0,0.0,0.0,0.0,0.0,0.0,0.0,0.0,0.0,0.0,0.0,0.0,0.0,0.0,0.0,0.0,0.0,0.0,2.2222222222222226e-19,1.3333333333333336e-18,1.3333333333333336e-18,1.1111111111111113e-18,0.0,0.0,0.0,0.0,0.0,0.0,2521.948553968617,2354.1361998849075,2480.2062027488164,2357.333637702127,911.473473783897,113.37292132285995,-164.71945636139108,-230.06840863180878,9005.619999999937,9.005619999999938e+23,0.0,0.0
9.25e-06,150497.0,5.01656,3e+22,1174.92,-3487.64,7954.36,3.3289,3.33124,3.37255,0.00158874306,0.000747283295,0.202361087,0.0461077681,0.045697812,0.0553370849,-1.08543445e-05,0.000260555957,0.000134402988,1966.56171,-1051.48737,-112.377605,-169.400551,1472.41952,151.902996,313.490096,-1030.07745,1728.95372,18500.0,150496.800644,5.016560021,-30.000000000000004,30000 3000,1e-06,2,0.0 0.0259,0.0 0.0,-1.0 0.0,0.00054857 28.0,80000,1000,5e-10,0.0,0.0 0.0 0.0,1000 1000000 0,0,0.0,0,100,0,,10,,1,,,,1.0,10.0,0.1,False,{},,,False,3,mixed,250,300,True,Ar_Aubin,,False,uniform,Argon-Aubin-Test2/10Td,3.0000000000000005e+21,7.95436e+23,0.0,1.4289888888888887e-13,1.428948888888889e-13,0.0,0.0,0.0,0.0,0.0,0.0,0.0,0.0,0.0,0.0,0.0,0.0,0.0,0.0,0.0,0.0,0.0,0.0,0.0,0.0,0.0,0.0,2.2222222222222226e-19,8.88888888888889e-19,1.777777777777778e-18,1.1111111111111113e-18,0.0,0.0,0.0,0.0,0.0,0.0,2415.5760017207513,1964.6950640039447,2270.084451346244,1475.0257751109737,768.5927516139224,119.30078401067999,586.6823012865832,-49.28303158478164,10442.359999999762,1.0442359999999763e+24,0.0,0.0
9.3e-06,150608.0,5.02026,3e+22,7300.86,3815.82,12045.9,3.32312,3.35096,3.36524,0.00162051655,0.000701881926,0.202986965,0.0463326007,0.0459537305,0.0556477097,-2.63536378e-05,0.000265259569,0.000114897787,2781.33539,-1168.72508,-838.288523,-111.609966,1550.33575,1358.78998,1777.99935,1601.69705,2975.39712,18600.0,150607.92167,5.020264056,-30.000000000000004,30000 3000,1e-06,2,0.0 0.0259,0.0 0.0,-1.0 0.0,0.00054857 28.0,80000,1000,5e-10,0.0,0.0 0.0 0.0,1000 1000000 0,0,0.0,0,100,0,,10,,1,,,,1.0,10.0,0.1,False,{},,,False,3,mixed,250,300,True,Ar_Aubin,,False,uniform,Argon-Aubin-Test2/10Td,3.0000000000000005e+21,1.20459e+24,0.0,1.4276333333333333e-13,1.4275733333333335e-13,0.0,0.0,0.0,0.0,0.0,0.0,0.0,0.0,0.0,0.0,0.0,0.0,0.0,0.0,0.0,0.0,0.0,0.0,0.0,0.0,0.0,0.0,0.0,1.5555555555555556e-18,1.777777777777778e-18,2.666666666666667e-18,0.0,0.0,0.0,0.0,0.0,0.0,2247.306306218666,2769.504225540767,2559.8429408494467,1547.6574949091307,569.2637191034855,530.2364383065001,-54.807032629291015,-561.7891665995448,12517.559999999929,1.2517559999999928e+24,0.0,0.0
9.35e-06,150735.0,5.02451,3e+22,7031.87,11731.0,6267.61,3.33631,3.36939,3.34203,0.00161896721,0.000735435953,0.203528117,0.046572908,0.0461410351,0.0559416597,-4.71012971e-05,0.000278640027,0.000145381727,2438.51856,892.706776,1561.31374,129.308276,2785.15618,-757.552244,2168.19583,2836.39006,2241.79014,18700.0,150735.196691,5.024506556,-30.000000000000004,30000 3000,1e-06,2,0.0 0.0259,0.0 0.0,-1.0 0.0,0.00054857 28.0,80000,1000,5e-10,0.0,0.0 0.0 0.0,1000 1000000 0,0,0.0,0,100,0,,10,,1,,,,1.0,10.0,0.1,False,{},,,False,3,mixed,250,300,True,Ar_Aubin,,False,uniform,Argon-Aubin-Test2/10Td,3.0000000000000005e+21,6.267610000000001e+23,0.0,1.4265844444444443e-13,1.4265422222222223e-13,0.0,0.0,0.0,0.0,0.0,0.0,0.0,0.0,0.0,0.0,0.0,0.0,2.2222222222222226e-19,0.0,0.0,0.0,0.0,0.0,0.0,0.0,0.0,0.0,0.0,1.1111111111111113e-18,1.5555555555555556e-18,1.3333333333333336e-18,0.0,0.0,0.0,0.0,0.0,0.0,2403.123190617765,2427.134193045017,1872.5637219707548,2776.528780835357,739.6355034552937,966.1552786096302,256.3769296145429,2288.179254836142,10823.04000000034,1.0823040000000341e+24,0.0,0.0
9.4e-06,150783.0,5.02609,3e+22,3309.48,1152.58,9830.27,3.35277,3.35945,3.33935,0.00167589509,0.000824040423,0.204003709,0.0467815688,0.0464271589,0.0562119717,-2.37169136e-05,0.000309788875,0.000151602907,2861.46453,-141.53621,717.08041,-1737.63038,1702.10153,-29.0228041,989.83394,-258.643813,2712.98512,18800.0,150782.796546,5.026093218,-30.000000000000004,30000 3000,1e-06,2,0.0 0.0259,0.0 0.0,-1.0 0.0,0.00054857 28.0,80000,1000,5e-10,0.0,0.0 0.0 0.0,1000 1000000 0,0,0.0,0,100,0,,10,,1,,,,1.0,10.0,0.1,False,{},,,False,3,mixed,250,300,True,Ar_Aubin,,False,uniform,Argon-Aubin-Test2/10Td,3.0000000000000005e+21,9.830270000000001e+23,0.0,1.428951111111111e-13,1.4289066666666668e-13,0.0,0.0,0.0,0.0,0.0,0.0,0.0,0.0,0.0,0.0,0.0,0.0,0.0,0.0,0.0,0.0,0.0,0.0,0.0,0.0,2.2222222222222226e-19,0.0,0.0,1.777777777777778e-18,1.777777777777778e-18,6.666666666666668e-19,0.0,0.0,0.0,0.0,0.0,0.0,2084.7323047436253,2855.918188717547,2859.85623422233,1701.1517574892587,764.9312380900858,707.5735795285698,375.3076296230957,1015.2936539123057,9511.839999999938,9.511839999999939e+23,0.0,0.0
9.45e-06,150782.0,5.02607,3e+22,54.2001,-3866.15,10881.2,3.33552,3.34918,3.36668,0.00170190217,0.000869818986,0.20444489,0.0469857852,0.0466419765,0.0565185685,-1.56612706e-05,0.000321124642,0.00017795443,1848.30831,-45.2946085,1958.24294,-795.778973,1619.84228,852.993945,40.3558133,-696.004,4102.82991,18900.0,150782.167206,5.02607224,-30.000000000000004,30000 3000,1e-06,2,0.0 0.0259,0.0 0.0,-1.0 0.0,0.00054857 28.0,80000,1000,5e-10,0.0,0.0 0.0 0.0,1000 1000000 0,0,0.0,0,100,0,,10,,1,,,,1.0,10.0,0.1,False,{},,,False,3,mixed,250,300,True,Ar_Aubin,,False,uniform,Argon-Aubin-Test2/10Td,3.0000000000000005e+21,1.0881200000000002e+24,0.0,1.434151111111111e-13,1.4341022222222223e-13,0.0,0.0,0.0,0.0,0.0,0.0,0.0,0.0,0.0,0.0,0.0,0.0,0.0,0.0,0.0,0.0,0.0,0.0,0.0,0.0,0.0,0.0,4.444444444444445e-19,1.3333333333333336e-18,1.3333333333333336e-18,1.777777777777778e-18,0.0,0.0,0.0,0.0,0.0,0.0,2041.2855335643494,1848.2160667321957,2147.4005755033054,1623.205130672724,1263.970386445809,1878.2241729320003,105.58758636955045,1968.999081925307,8823.619999999699,8.823619999999698e+23,0.0,0.0
9.5e-06,150844.0,5.02814,3e+22,-5455.6,5582.93,4453.4,3.34265,3.36007,3.35311,0.00171159563,0.000772008383,0.20494663,0.0471560096,0.046868487,0.0568435551,-3.58819711e-05,0.000379515796,0.000162489734,1961.65027,-856.609724,361.245418,440.357689,3262.1834,-425.24219,-1100.09554,1217.16401,1006.32765,19000.0,150844.18419,5.028139473,-30.000000000000004,30000 3000,1e-06,2,0.0 0.0259,0.0 0.0,-1.0 0.0,0.00054857 28.0,80000,1000,5e-10,0.0,0.0 0.0 0.0,1000 1000000 0,0,0.0,0,100,0,,10,,1,,,,1.0,10.0,0.1,False,{},,,False,3,mixed,250,300,True,Ar_Aubin,,False,uniform,Argon-Aubin-Test2/10Td,3.0000000000000005e+21,4.4534e+23,0.0,1.4296266666666667e-13,1.42958e-13,0.0,0.0,0.0,0.0,0.0,0.0,0.0,0.0,0.0,0.0,0.0,0.0,0.0,0.0,0.0,0.0,0.0,0.0,0.0,0.0,0.0,0.0,0.0,8.88888888888889e-19,2e-18,1.777777777777778e-18,0.0,0.0,0.0,0.0,0.0,0.0,1701.9131139561773,1970.9880511190281,2266.7108812498423,3257.873331238298,1195.7849875520594,93.61832795800001,1111.0119929036878,371.63429264935803,10034.80000000001,1.0034800000000011e+24,0.0,0.0
9.55e-06,150899.0,5.02998,3e+22,-6752.79,55.9242,9324.41,3.33414,3.36692,3.35816,0.00164296766,0.000889270384,0.205481551,0.0473527499,0.0470671879,0.0571838884,-3.07193259e-05,0.000390048738,0.000155702141,3599.30165,2228.86251,-2155.67993,187.37842,2735.2844,-145.616299,-2267.57932,-476.630536,3048.6646,19100.0,150899.464375,5.029982146,-30.000000000000004,30000 3000,1e-06,2,0.0 0.0259,0.0 0.0,-1.0 0.0,0.00054857 28.0,80000,1000,5e-10,0.0,0.0 0.0 0.0,1000 1000000 0,0,0.0,0,100,0,,10,,1,,,,1.0,10.0,0.1,False,{},,,False,3,mixed,250,300,True,Ar_Aubin,,False,uniform,Argon-Aubin-Test2/10Td,3.0000000000000005e+21,9.32441e+23,0.0,1.433262222222222e-13,1.433208888888889e-13,0.0,0.0,0.0,0.0,0.0,0.0,0.0,0.0,0.0,0.0,0.0,0.0,0.0,0.0,0.0,0.0,0.0,2.2222222222222226e-19,0.0,0.0,0.0,0.0,4.444444444444445e-19,2.4444444444444447e-18,1.777777777777778e-18,4.444444444444445e-19,0.0,0.0,0.0,0.0,0.0,0.0,1969.7051686883017,3610.3962655847713,1985.0609512756662,2735.234668265191,1207.866469912916,1132.67037104009,474.38310543172577,-3051.00519130129,10698.420000000431,1.0698420000000432e+24,0.0,0.0
9.6e-06,151108.0,5.03692,3e+22,-1724.1,2014.87,12473.5,3.3578,3.34925,3.36587,0.00155101509,0.000841858591,0.206101977,0.0476232058,0.0472677207,0.0575246515,-2.62408792e-05,0.000369474235,0.000173710997,1923.47304,49.024993,32.3408319,321.526793,2600.7354,-675.312973,-492.805912,1589.13582,4272.70667,19200.0,151107.551444,5.036918381,-30.000000000000004,30000 3000,1e-06,2,0.0 0.0259,0.0 0.0,-1.0 0.0,0.00054857 28.0,80000,1000,5e-10,0.0,0.0 0.0 0.0,1000 1000000 0,0,0.0,0,100,0,,10,,1,,,,1.0,10.0,0.1,False,{},,,False,3,mixed,250,300,True,Ar_Aubin,,False,uniform,Argon-Aubin-Test2/10Td,3.0000000000000005e+21,1.24735e+24,0.0,1.4372422222222222e-13,1.4372022222222223e-13,0.0,0.0,0.0,0.0,0.0,0.0,0.0,0.0,0.0,0.0,0.0,0.0,0.0,0.0,0.0,0.0,0.0,0.0,0.0,0.0,0.0,0.0,4.444444444444445e-19,8.88888888888889e-19,1.1111111111111113e-18,1.5555555555555556e-18,0.0,0.0,0.0,0.0,0.0,0.0,2707.4959492239677,1926.147145116669,2006.148759286161,2599.039164380752,854.0597805708345,1701.8936598904997,-52.84472772384649,-124.47124827941502,12408.519999999591,1.2408519999999592e+24,0.0,0.0
9.65e-06,151127.0,5.03758,3e+22,389.574,-2273.81,10812.8,3.33191,3.36595,3.37661,0.00143767542,0.000714365528,0.206557099,0.047831659,0.0474734047,0.0578066857,-4.13184902e-05,0.000325301847,0.000136579048,1638.67423,138.692271,-1323.25689,1315.56321,2376.06148,-343.778018,341.564473,-116.470939,3347.64363,19300.0,151127.366132,5.037578871,-30.000000000000004,30000 3000,1e-06,2,0.0 0.0259,0.0 0.0,-1.0 0.0,0.00054857 28.0,80000,1000,5e-10,0.0,0.0 0.0 0.0,1000 1000000 0,0,0.0,0,100,0,,10,,1,,,,1.0,10.0,0.1,False,{},,,False,3,mixed,250,300,True,Ar_Aubin,,False,uniform,Argon-Aubin-Test2/10Td,3.0000000000000005e+21,1.08128e+24,0.0,1.4391933333333333e-13,1.4391466666666667e-13,0.0,0.0,0.0,0.0,0.0,0.0,0.0,0.0,0.0,0.0,0.0,0.0,0.0,0.0,0.0,0.0,0.0,2.2222222222222226e-19,0.0,0.0,0.0,0.0,2.2222222222222226e-19,1.777777777777778e-18,1.1111111111111113e-18,1.3333333333333336e-18,0.0,0.0,0.0,0.0,0.0,0.0,2087.9193719613304,1638.114149035929,2058.8240777964093,2377.6858114812217,942.2397601271948,1114.1830299328003,-429.3435130594734,-1077.7069890672021,9102.440000000046,9.102440000000046e+23,0.0,0.0
9.7e-06,151115.0,5.03718,3e+22,-932.324,3619.87,1490.77,3.36061,3.37094,3.34273,0.00142527116,0.000758344507,0.207050677,0.0480579211,0.0476730655,0.0580898907,-4.3254245e-05,0.00029967138,0.000166895348,1206.55706,569.778329,1196.87522,-283.546484,1040.40269,2292.9289,-517.822162,840.211296,657.128947,19400.0,151115.458448,5.037181948,-30.000000000000004,30000 3000,1e-06,2,0.0 0.0259,0.0 0.0,-1.0 0.0,0.00054857 28.0,80000,1000,5e-10,0.0,0.0 0.0 0.0,1000 1000000 0,0,0.0,0,100,0,,10,,1,,,,1.0,10.0,0.1,False,{},,,False,3,mixed,250,300,True,Ar_Aubin,,False,uniform,Argon-Aubin-Test2/10Td,3.0000000000000005e+21,1.4907700000000001e+23,0.0,1.4379644444444445e-13,1.4379044444444447e-13,0.0,0.0,0.0,0.0,0.0,0.0,0.0,0.0,0.0,0.0,0.0,0.0,0.0,0.0,0.0,0.0,0.0,0.0,0.0,0.0,0.0,0.0,2.2222222222222226e-19,2e-18,1.1111111111111113e-18,2.666666666666667e-18,0.0,0.0,0.0,0.0,0.0,0.0,2262.97612733746,1207.885874508976,1995.9603171629954,1037.6575814694459,790.573011374765,348.46400924871006,-475.43523055537406,869.9666218961547,9871.55999999989,9.871559999999892e+23,0.0,0.0
9.75e-06,151057.0,5.03522,3e+22,-1194.73,-3616.02,10315.1,3.34492,3.41364,3.31119,0.00134171936,0.000803406343,0.207504147,0.0482711842,0.0478573954,0.0584105729,-8.90464398e-05,0.000313683494,0.00024658302,2803.43668,551.444112,1472.97663,-872.460382,1668.87826,-128.164212,-831.214128,-1284.81621,2768.19938,19500.0,151056.639403,5.035221313,-30.000000000000004,30000 3000,1e-06,2,0.0 0.0259,0.0 0.0,-1.0 0.0,0.00054857 28.0,80000,1000,5e-10,0.0,0.0 0.0 0.0,1000 1000000 0,0,0.0,0,100,0,,10,,1,,,,1.0,10.0,0.1,False,{},,,False,3,mixed,250,300,True,Ar_Aubin,,False,uniform,Argon-Aubin-Test2/10Td,3.0000000000000005e+21,1.0315100000000001e+24,0.0,1.43652e-13,1.436457777777778e-13,0.0,0.0,0.0,0.0,0.0,0.0,0.0,0.0,0.0,0.0,0.0,0.0,0.0,0.0,0.0,0.0,0.0,0.0,0.0,0.0,2.2222222222222226e-19,0.0,4.444444444444445e-19,1.5555555555555556e-18,1.777777777777778e-18,2.2222222222222226e-18,0.0,0.0,0.0,0.0,0.0,0.0,2134.9428703852645,2805.0396723709728,1842.595246393311,1671.7833934044147,1326.9402396071107,627.7733532803,614.0628255277888,875.833962174974,9069.400000000227,9.069400000000229e+23,0.0,0.0
9.8e-06,151147.0,5.03823,3e+22,4233.06,10337.0,11798.2,3.35536,3.32776,3.39184,0.00134238408,0.000824289781,0.207976684,0.0485069909,0.0480901192,0.0586986096,-7.40580095e-05,0.000306510195,0.000242177935,1251.70099,914.764184,409.483565,-917.760762,903.002455,-860.31373,873.616089,3168.80371,3027.15547,19600.0,151146.881149,5.038229372,-30.000000000000004,30000 3000,1e-06,2,0.0 0.0259,0.0 0.0,-1.0 0.0,0.00054857 28.0,80000,1000,5e-10,0.0,0.0 0.0 0.0,1000 1000000 0,0,0.0,0,100,0,,10,,1,,,,1.0,10.0,0.1,False,{},,,False,3,mixed,250,300,True,Ar_Aubin,,False,uniform,Argon-Aubin-Test2/10Td,3.0000000000000005e+21,1.1798200000000001e+24,0.0,1.438351111111111e-13,1.4383133333333335e-13,0.0,0.0,0.0,0.0,0.0,0.0,0.0,0.0,0.0,0.0,0.0,0.0,0.0,2.2222222222222226e-19,0.0,0.0,0.0,0.0,0.0,0.0,0.0,0.0,2.2222222222222226e-19,6.666666666666668e-19,6.666666666666668e-19,2e-18,0.0,0.0,0.0,0.0,0.0,0.0,2358.0491582276404,1246.0185976463154,2326.898081089074,894.4817715338031,917.0663456176121,573.4049568312003,-158.91114605209629,386.88415617430405,9450.739999999902,9.450739999999902e+23,0.0,0.0
9.85e-06,151202.0,5.04007,3e+22,-468.301,-6037.5,7516.61,3.38801,3.35238,3.33924,0.00142730789,0.000816162563,0.208482029,0.0487089335,0.0483351959,0.0590011587,-5.54284785e-05,0.000313269029,0.000232713942,735.763681,1035.8198,-261.90491,-991.902838,2390.43644,1225.61455,-445.650377,-1729.81947,1805.49975,19700.0,151202.226012,5.0400742,-30.000000000000004,30000 3000,1e-06,2,0.0 0.0259,0.0 0.0,-1.0 0.0,0.00054857 28.0,80000,1000,5e-10,0.0,0.0 0.0 0.0,1000 1000000 0,0,0.0,0,100,0,,10,,1,,,,1.0,10.0,0.1,False,{},,,False,3,mixed,250,300,True,Ar_Aubin,,False,uniform,Argon-Aubin-Test2/10Td,3.0000000000000005e+21,7.51661e+23,0.0,1.4380555555555555e-13,1.4380066666666668e-13,0.0,0.0,0.0,0.0,0.0,0.0,0.0,0.0,0.0,0.0,0.0,0.0,0.0,0.0,0.0,0.0,0.0,0.0,0.0,0.0,0.0,0.0,0.0,1.777777777777778e-18,2e-18,1.1111111111111113e-18,0.0,0.0,0.0,0.0,0.0,0.0,2017.0738720538818,736.432090712195,2450.9003231382167,2395.3640214741126,920.9377167900684,238.42164599830994,-232.49242604236215,-620.6514610963238,10106.900000000363,1.0106900000000364e+24,0.0,0.0
9.9e-06,151240.0,5.04134,3e+22,-4906.12,492.153,10352.8,3.34938,3.34592,3.38664,0.00156371134,0.000790927961,0.208999401,0.0489478774,0.0485482116,0.0592752209,-4.99823196e-05,0.000359224447,0.000250182984,2540.89962,83.7530539,1110.40346,-487.33598,2485.24801,1095.44166,-1514.79176,832.40202,2587.85621,19800.0,151240.256573,5.041341886,-30.000000000000004,30000 3000,1e-06,2,0.0 0.0259,0.0 0.0,-1.0 0.0,0.00054857 28.0,80000,1000,5e-10,0.0,0.0 0.0 0.0,1000 1000000 0,0,0.0,0,100,0,,10,,1,,,,1.0,10.0,0.1,False,{},,,False,3,mixed,250,300,True,Ar_Aubin,,False,uniform,Argon-Aubin-Test2/10Td,3.0000000000000005e+21,1.0352799999999999e+24,0.0,1.438828888888889e-13,1.4387733333333335e-13,0.0,0.0,0.0,0.0,0.0,0.0,0.0,0.0,0.0,0.0,0.0,0.0,0.0,0.0,0.0,0.0,0.0,0.0,0.0,0.0,0.0,0.0,0.0,6.666666666666668e-19,2.2222222222222226e-18,2.666666666666667e-18,0.0,0.0,0.0,0.0,0.0,0.0,2385.3591465800714,2548.571375479401,2130.5625428975213,2484.8587524312097,580.6899759804724,424.12721132720026,334.17459036003,604.799050473368,10347.439999999764,1.0347439999999766e+24,0.0,0.0
9.95e-06,151261.0,5.04202,3e+22,-465.128,4151.75,11395.7,3.39533,3.35919,3.32869,0.00146339889,0.000784573769,0.209474857,0.0491985176,0.0487405208,0.0595626075,-8.94900571e-05,0.000355946632,0.000272103641,2332.54799,246.521658,191.811041,-290.699218,3207.93023,-783.288773,149.564948,290.028349,4405.86728,19900.0,151260.726409,5.042024214,-30.000000000000004,30000 3000,1e-06,2,0.0 0.0259,0.0 0.0,-1.0 0.0,0.00054857 28.0,80000,1000,5e-10,0.0,0.0 0.0 0.0,1000 1000000 0,0,0.0,0,100,0,,10,,1,,,,1.0,10.0,0.1,False,{},,,False,3,mixed,250,300,True,Ar_Aubin,,False,uniform,Argon-Aubin-Test2/10Td,3.0000000000000005e+21,1.13957e+24,0.0,1.4387733333333332e-13,1.4387222222222223e-13,0.0,0.0,0.0,0.0,0.0,0.0,0.0,0.0,0.0,0.0,0.0,0.0,0.0,0.0,0.0,0.0,0.0,0.0,0.0,0.0,0.0,0.0,2.2222222222222226e-19,4.444444444444445e-19,1.3333333333333336e-18,3.1111111111111112e-18,0.0,0.0,0.0,0.0,0.0,0.0,2509.4385684358567,2333.228657798908,1923.1921104048006,3204.672875854554,884.2050318835782,2018.7546520851006,339.832903603972,422.13215555592296,9509.119999999704,9.509119999999704e+23,0.0,0.0
1e-05,151230.0,5.04101,3e+22,10823.0,-3148.85,10997.8,3.35804,3.36068,3.36188,0.00146677398,0.000710253284,0.209932069,0.0494285572,0.0489316856,0.0598419514,-9.7534422e-05,0.000358313162,0.000241577657,2527.40221,-386.872731,-285.039142,1181.84931,2903.61431,-1207.32547,3445.16549,-911.349658,3155.51933,20000.0,151230.174823,5.041005827,-30.000000000000004,30000 3000,1e-06,2,0.0 0.0259,0.0 0.0,-1.0 0.0,0.00054857 28.0,80000,1000,5e-10,0.0,0.0 0.0 0.0,1000 1000000 0,0,0.0,0,100,0,,10,,1,,,,1.0,10.0,0.1,False,{},,,False,3,mixed,250,300,True,Ar_Aubin,,False,uniform,Argon-Aubin-Test2/10Td,3.0000000000000005e+21,1.0997799999999999e+24,0.0,1.4373022222222223e-13,1.4372444444444446e-13,0.0,0.0,0.0,0.0,0.0,0.0,0.0,0.0,0.0,0.0,0.0,0.0,0.0,0.0,0.0,0.0,0.0,0.0,0.0,0.0,0.0,0.0,0.0,1.5555555555555556e-18,1.1111111111111113e-18,3.1111111111111112e-18,0.0,0.0,0.0,0.0,0.0,0.0,2300.2971040285424,2511.52731521446,1912.7589627156856,2905.8507910533235,875.8602054968062,846.7284215518002,19.77813679888236,871.900278335756,9144.240000000249,9.144240000000249e+23,0.0,0.0
1.005e-05,151320.0,5.044,3e+22,3268.35,3895.59,6501.22,3.34912,3.35837,3.38012,0.00136905033,0.000750218909,0.210514783,0.0496991049,0.0491581175,0.0601572887,-0.000137725888,0.000329640169,0.000207975372,1944.71153,515.868756,1082.98959,-1858.5886,2430.43771,-868.113032,692.968295,794.286161,1359.43033,20100.0,151319.877765,5.043995925,-30.000000000000004,30000 3000,1e-06,2,0.0 0.0259,0.0 0.0,-1.0 0.0,0.00054857 28.0,80000,1000,5e-10,0.0,0.0 0.0 0.0,1000 1000000 0,0,0.0,0,100,0,,10,,1,,,,1.0,10.0,0.1,False,{},,,False,3,mixed,250,300,True,Ar_Aubin,,False,uniform,Argon-Aubin-Test2/10Td,3.0000000000000005e+21,6.50122e+23,0.0,1.4400644444444443e-13,1.440008888888889e-13,0.0,0.0,0.0,0.0,0.0,0.0,0.0,0.0,0.0,0.0,0.0,0.0,0.0,0.0,0.0,0.0,0.0,0.0,0.0,2.2222222222222226e-19,2.2222222222222226e-19,0.0,0.0,1.5555555555555556e-18,1.1111111111111113e-18,2.4444444444444447e-18,0.0,0.0,0.0,0.0,0.0,0.0,2708.24827102327,1940.2369943539445,2263.735313160209,2427.515164720289,703.3703308366446,-9.172587535260163,-179.10859518527639,1079.0213965955472,11654.280000000239,1.1654280000000239e+24,0.0,0.0
1.01e-05,151304.0,5.04347,3e+22,-4856.39,4651.27,4835.7,3.32944,3.40189,3.35523,0.00152249471,0.000923350539,0.210891712,0.0499469078,0.0493606291,0.060420624,-0.000102439646,0.000362479886,0.000222049852,3192.04603,-36.426178,-250.177304,-2036.73009,1961.316,-243.438584,-1895.02308,486.04945,1586.47696,20200.0,151304.169075,5.043472303,-30.000000000000004,30000 3000,1e-06,2,0.0 0.0259,0.0 0.0,-1.0 0.0,0.00054857 28.0,80000,1000,5e-10,0.0,0.0 0.0 0.0,1000 1000000 0,0,0.0,0,100,0,,10,,1,,,,1.0,10.0,0.1,False,{},,,False,3,mixed,250,300,True,Ar_Aubin,,False,uniform,Argon-Aubin-Test2/10Td,3.0000000000000005e+21,4.8357e+23,0.0,1.4375244444444444e-13,1.4374844444444446e-13,0.0,0.0,0.0,0.0,0.0,0.0,0.0,0.0,0.0,0.0,0.0,0.0,0.0,0.0,0.0,0.0,0.0,0.0,0.0,0.0,0.0,0.0,0.0,1.1111111111111113e-18,1.5555555555555556e-18,1.3333333333333336e-18,0.0,0.0,0.0,0.0,0.0,0.0,2473.5920866410247,3199.439858084697,2022.218521935404,1957.0212473384654,1044.949712461496,566.6679082815999,-0.7293153363023033,-1128.3903104294666,7538.579999999962,7.538579999999962e+23,0.0,0.0
1.015e-05,151415.0,5.04716,3e+22,2266.12,-167.048,9748.9,3.36173,3.36399,3.36804,0.00153095298,0.000910081896,0.211392846,0.0501540725,0.0495236528,0.0607117759,-0.0001313337,0.000355511949,0.000199337507,2057.58098,1346.98439,-22.6769327,-788.634619,2934.9535,-570.494078,477.934075,269.53941,3129.11652,20300.0,151414.876104,5.047162537,-30.000000000000004,30000 3000,1e-06,2,0.0 0.0259,0.0 0.0,-1.0 0.0,0.00054857 28.0,80000,1000,5e-10,0.0,0.0 0.0 0.0,1000 1000000 0,0,0.0,0,100,0,,10,,1,,,,1.0,10.0,0.1,False,{},,,False,3,mixed,250,300,True,Ar_Aubin,,False,uniform,Argon-Aubin-Test2/10Td,3.0000000000000005e+21,9.748900000000002e+23,0.0,1.4399177777777778e-13,1.43988e-13,0.0,0.0,0.0,0.0,0.0,0.0,0.0,0.0,0.0,0.0,0.0,0.0,0.0,0.0,0.0,0.0,0.0,0.0,0.0,0.0,0.0,0.0,0.0,8.88888888888889e-19,1.1111111111111113e-18,1.777777777777778e-18,0.0,0.0,0.0,0.0,0.0,0.0,2071.388731150065,2054.1116568329626,1630.4802716044649,2935.105527360563,795.3075031123109,1068.2688036306004,-190.3785726307516,-38.70952138424195,10022.67999999973,1.002267999999973e+24,0.0,0.0
1.02e-05,151529.0,5.05095,3e+22,-5670.79,5022.82,10941.4,3.37901,3.38501,3.33687,0.00149936364,0.000991122635,0.211988823,0.0503638905,0.0497508685,0.0610606882,-9.80581213e-05,0.00034752037,0.00017857108,2042.83101,-600.285632,-833.56811,1679.31999,2861.79209,-435.675966,-1403.26579,1551.94446,3104.43475,20400.0,151528.508292,5.050950276,-30.000000000000004,30000 3000,1e-06,2,0.0 0.0259,0.0 0.0,-1.0 0.0,0.00054857 28.0,80000,1000,5e-10,0.0,0.0 0.0 0.0,1000 1000000 0,0,0.0,0,100,0,,10,,1,,,,1.0,10.0,0.1,False,{},,,False,3,mixed,250,300,True,Ar_Aubin,,False,uniform,Argon-Aubin-Test2/10Td,3.0000000000000005e+21,1.09414e+24,0.0,1.4402644444444444e-13,1.4402111111111113e-13,0.0,0.0,0.0,0.0,0.0,0.0,0.0,0.0,0.0,0.0,0.0,0.0,0.0,0.0,0.0,0.0,0.0,2.2222222222222226e-19,0.0,0.0,0.0,0.0,2.2222222222222226e-19,1.5555555555555556e-18,2.2222222222222226e-18,1.1111111111111113e-18,0.0,0.0,0.0,0.0,0.0,0.0,2099.137257020184,2051.3335863360758,2270.6162497982546,2856.8138594064694,965.8656305438357,784.9802420278002,-44.148095164291526,-1051.0949397505262,11919.539999999952,1.1919539999999952e+24,0.0,0.0
1.025e-05,151596.0,5.05321,3e+22,6585.11,1511.95,13648.5,3.35099,3.36732,3.38679,0.0015993595,0.00102895997,0.212524746,0.0506163444,0.0499899512,0.06138505,-8.68567883e-05,0.000358279662,0.000204543426,3563.63111,-844.579874,-1060.91135,312.523074,2668.96575,74.474957,1501.63841,836.777552,4056.02258,20500.0,151596.190996,5.053206367,-30.000000000000004,30000 3000,1e-06,2,0.0 0.0259,0.0 0.0,-1.0 0.0,0.00054857 28.0,80000,1000,5e-10,0.0,0.0 0.0 0.0,1000 1000000 0,0,0.0,0,100,0,,10,,1,,,,1.0,10.0,0.1,False,{},,,False,3,mixed,250,300,True,Ar_Aubin,,False,uniform,Argon-Aubin-Test2/10Td,3.0000000000000005e+21,1.3648500000000002e+24,0.0,1.4407644444444445e-13,1.4407133333333336e-13,0.0,0.0,0.0,0.0,0.0,0.0,0.0,0.0,0.0,0.0,0.0,0.0,0.0,0.0,0.0,0.0,0.0,0.0,0.0,0.0,2.2222222222222226e-19,2.2222222222222226e-19,2.2222222222222226e-19,1.5555555555555556e-18,1.1111111111111113e-18,1.777777777777778e-18,0.0,0.0,0.0,0.0,0.0,0.0,2521.4404051470547,3553.099151762955,2390.0626545774603,2667.410013973358,968.5521456082037,1155.378584219,-225.91692415182675,-980.6006282678098,10718.459999999875,1.0718459999999877e+24,0.0,0.0
1.03e-05,151687.0,5.05622,3e+22,-989.863,-8929.23,5405.88,3.3624,3.35718,3.39223,0.00165136753,0.000899394013,0.213029305,0.0508920983,0.0501573975,0.0616907012,-5.37761623e-05,0.000371355665,0.000164020063,4459.70275,-912.95034,-636.583798,800.287856,1121.6926,-411.246219,334.784719,-1748.48431,1723.63303,20600.0,151686.641651,5.056221388,-30.000000000000004,30000 3000,1e-06,2,0.0 0.0259,0.0 0.0,-1.0 0.0,0.00054857 28.0,80000,1000,5e-10,0.0,0.0 0.0 0.0,1000 1000000 0,0,0.0,0,100,0,,10,,1,,,,1.0,10.0,0.1,False,{},,,False,3,mixed,250,300,True,Ar_Aubin,,False,uniform,Argon-Aubin-Test2/10Td,3.0000000000000005e+21,5.40588e+23,0.0,1.4445266666666667e-13,1.4444844444444447e-13,0.0,0.0,0.0,0.0,0.0,0.0,0.0,0.0,0.0,0.0,0.0,0.0,0.0,0.0,0.0,0.0,0.0,0.0,0.0,0.0,0.0,0.0,4.444444444444445e-19,2e-18,2.2222222222222226e-19,1.5555555555555556e-18,0.0,0.0,0.0,0.0,0.0,0.0,2755.848360911084,4461.3373776173485,1676.9614902923531,1129.7234960027001,909.3407358148897,572.0221706866,23.795945694407184,-99.85634676786142,10091.180000000311,1.0091180000000312e+24,0.0,0.0
1.035e-05,151861.0,5.06203,3e+22,10024.6,-5876.22,15374.8,3.36418,3.40152,3.35626,0.00157760436,0.000801212146,0.21370765,0.0511132498,0.0503637705,0.0620765669,-6.33025734e-05,0.00032701792,0.000163763081,1921.52977,586.087927,6.32630404,-150.481413,2574.60228,-937.351743,2533.24973,-1404.12205,5361.40494,20700.0,151861.020864,5.062034029,-30.000000000000004,30000 3000,1e-06,2,0.0 0.0259,0.0 0.0,-1.0 0.0,0.00054857 28.0,80000,1000,5e-10,0.0,0.0 0.0 0.0,1000 1000000 0,0,0.0,0,100,0,,10,,1,,,,1.0,10.0,0.1,False,{},,,False,3,mixed,250,300,True,Ar_Aubin,,False,uniform,Argon-Aubin-Test2/10Td,3.0000000000000005e+21,1.5374799999999998e+24,0.0,1.4467466666666666e-13,1.4466911111111111e-13,0.0,0.0,0.0,0.0,0.0,0.0,0.0,0.0,0.0,0.0,0.0,0.0,0.0,0.0,0.0,0.0,0.0,0.0,0.0,0.0,0.0,0.0,4.444444444444445e-19,2.4444444444444447e-18,2e-18,6.666666666666668e-19,0.0,0.0,0.0,0.0,0.0,0.0,2213.896792024467,1905.714917332744,2065.3996868772592,2579.3103788365684,963.9082026052099,2075.6925627800006,-593.8837637977474,372.9869743358722,13566.899999999938,1.3566899999999938e+24,0.0,0.0
1.04e-05,151984.0,5.06612,3e+22,589.816,-453.809,8220.87,3.36718,3.40475,3.35993,0.00167065707,0.000684381379,0.214374163,0.0513603838,0.0506316909,0.0624454543,-7.03319759e-05,0.000352754358,0.000139416149,883.901439,1126.39219,-178.997647,-600.726351,2816.22387,-167.056518,-127.42759,184.82197,2479.47766,20800.0,151983.704787,5.066123493,-30.000000000000004,30000 3000,1e-06,2,0.0 0.0259,0.0 0.0,-1.0 0.0,0.00054857 28.0,80000,1000,5e-10,0.0,0.0 0.0 0.0,1000 1000000 0,0,0.0,0,100,0,,10,,1,,,,1.0,10.0,0.1,False,{},,,False,3,mixed,250,300,True,Ar_Aubin,,False,uniform,Argon-Aubin-Test2/10Td,3.0000000000000005e+21,8.220870000000001e+23,0.0,1.4428577777777778e-13,1.4427933333333334e-13,0.0,0.0,0.0,0.0,0.0,0.0,0.0,0.0,0.0,0.0,0.0,0.0,0.0,0.0,0.0,0.0,0.0,2.2222222222222226e-19,0.0,0.0,0.0,0.0,0.0,2e-18,2e-18,2.2222222222222226e-18,0.0,0.0,0.0,0.0,0.0,0.0,2468.3174047114567,882.9160587296009,2680.9396303097146,2816.5344484292223,835.653065719283,717.1355346181897,94.73694728143255,-446.60080291105885,13330.26000000015,1.333026000000015e+24,0.0,0.0
1.045e-05,152038.0,5.06794,3e+22,-1067.44,-3518.04,11122.3,3.36057,3.36819,3.40633,0.00173497512,0.000698368099,0.214818718,0.0515651472,0.0508710887,0.0627557669,-3.82448619e-05,0.000393890872,0.000157512331,3085.69072,-929.143806,2272.47896,-441.415363,1490.49938,-251.253456,328.070955,-465.786055,3194.9186,20900.0,152038.089777,5.067936326,-30.000000000000004,30000 3000,1e-06,2,0.0 0.0259,0.0 0.0,-1.0 0.0,0.00054857 28.0,80000,1000,5e-10,0.0,0.0 0.0 0.0,1000 1000000 0,0,0.0,0,100,0,,10,,1,,,,1.0,10.0,0.1,False,{},,,False,3,mixed,250,300,True,Ar_Aubin,,False,uniform,Argon-Aubin-Test2/10Td,3.0000000000000005e+21,1.1122300000000001e+24,0.0,1.4490266666666666e-13,1.4489888888888891e-13,0.0,0.0,0.0,0.0,0.0,0.0,0.0,0.0,0.0,0.0,0.0,0.0,0.0,0.0,0.0,0.0,0.0,2.2222222222222226e-19,0.0,0.0,0.0,0.0,0.0,1.1111111111111113e-18,4.444444444444445e-19,2e-18,0.0,0.0,0.0,0.0,0.0,0.0,2045.4435637852487,3087.542701842093,2393.7845987022365,1492.956266907006,1195.1275878704926,805.6403727886004,531.5418800197252,2810.5590935647438,8891.099999999708,8.891099999999709e+23,0.0,0.0
1.05e-05,152258.0,5.07526,3e+22,3392.19,-7721.92,9320.37,3.37194,3.38783,3.38986,0.00177464997,0.000884969175,0.215454437,0.0518500703,0.0510210062,0.0631208975,-2.43831895e-05,0.000430179401,0.000201050246,2379.98983,-340.69009,646.602821,1245.73812,2170.22163,999.502619,496.529956,-1194.55174,2812.34074,21000.0,152257.855034,5.075261834,-30.000000000000004,30000 3000,1e-06,2,0.0 0.0259,0.0 0.0,-1.0 0.0,0.00054857 28.0,80000,1000,5e-10,0.0,0.0 0.0 0.0,1000 1000000 0,0,0.0,0,100,0,,10,,1,,,,1.0,10.0,0.1,False,{},,,False,3,mixed,250,300,True,Ar_Aubin,,False,uniform,Argon-Aubin-Test2/10Td,3.0000000000000005e+21,9.320370000000001e+23,0.0,1.4461266666666667e-13,1.4460866666666668e-13,0.0,0.0,0.0,0.0,0.0,0.0,0.0,0.0,0.0,0.0,0.0,0.0,2.2222222222222226e-19,0.0,0.0,0.0,0.0,0.0,0.0,0.0,0.0,0.0,0.0,1.1111111111111113e-18,1.777777777777778e-18,8.88888888888889e-19,0.0,0.0,0.0,0.0,0.0,0.0,2847.8385615100105,2373.969880118266,1496.2204756100577,2177.055291171816,915.9778017654719,804.2256690183099,532.7489976375858,395.7299960120811,12714.380000000137,1.2714380000000137e+24,0.0,0.0
1.055e-05,152342.0,5.07806,3e+22,2122.25,-2996.5,8905.94,3.36246,3.39485,3.39828,0.00190851628,0.000923055532,0.215953177,0.0520877959,0.0512911137,0.0634330581,-3.05052469e-05,0.000469987394,0.000221593294,2379.58124,1313.03106,957.500659,-773.287579,1809.53226,-1136.86511,243.09363,-412.637429,2411.60331,21100.0,152341.76699,5.0780589,-30.000000000000004,30000 3000,1e-06,2,0.0 0.0259,0.0 0.0,-1.0 0.0,0.00054857 28.0,80000,1000,5e-10,0.0,0.0 0.0 0.0,1000 1000000 0,0,0.0,0,100,0,,10,,1,,,,1.0,10.0,0.1,False,{},,,False,3,mixed,250,300,True,Ar_Aubin,,False,uniform,Argon-Aubin-Test2/10Td,3.0000000000000005e+21,8.905940000000002e+23,0.0,1.4519688888888888e-13,1.4519266666666668e-13,0.0,0.0,0.0,0.0,0.0,0.0,0.0,0.0,0.0,0.0,0.0,0.0,0.0,0.0,0.0,0.0,0.0,0.0,2.2222222222222226e-19,0.0,0.0,0.0,6.666666666666668e-19,6.666666666666668e-19,8.88888888888889e-19,1.777777777777778e-18,0.0,0.0,0.0,0.0,0.0,0.0,2372.325481249868,2375.53089132477,2700.3863892554464,1812.2981959016379,970.003665936442,488.3372728286199,200.28098272390503,725.2905276330468,9974.79999999995,9.97479999999995e+23,0.0,0.0
1.06e-05,152427.0,5.08091,3e+22,-1426.77,-8639.7,14667.3,3.36646,3.43176,3.36193,0.00195547382,0.000917724852,0.216504574,0.0523370116,0.0515107584,0.0637774987,-3.39953584e-05,0.00048045072,0.000246501955,5070.38333,-2033.64177,295.0088,-38.0419797,1473.96447,1959.05848,-736.978,-1113.04482,4177.39443,21200.0,152427.164905,5.080905497,-30.000000000000004,30000 3000,1e-06,2,0.0 0.0259,0.0 0.0,-1.0 0.0,0.00054857 28.0,80000,1000,5e-10,0.0,0.0 0.0 0.0,1000 1000000 0,0,0.0,0,100,0,,10,,1,,,,1.0,10.0,0.1,False,{},,,False,3,mixed,250,300,True,Ar_Aubin,,False,uniform,Argon-Aubin-Test2/10Td,3.0000000000000005e+21,1.46673e+24,0.0,1.4536666666666665e-13,1.4536133333333334e-13,0.0,0.0,0.0,0.0,0.0,0.0,0.0,0.0,0.0,0.0,0.0,0.0,0.0,0.0,0.0,0.0,0.0,0.0,0.0,0.0,0.0,0.0,2.2222222222222226e-19,1.3333333333333336e-18,1.3333333333333336e-18,2.4444444444444447e-18,0.0,0.0,0.0,0.0,0.0,0.0,2490.3425653031995,5073.173341382161,2196.545126111754,1481.8933374038243,1059.8469347185974,1001.8568917698003,-15.110926900621614,-161.74849011410595,11027.94000000018,1.1027940000000181e+24,0.0,0.0
1.065e-05,152478.0,5.0826,3e+22,4909.73,-980.171,10224.9,3.37013,3.3965,3.39783,0.0019451696,0.000773382976,0.217006506,0.052601347,0.0517236075,0.0640973507,-1.43909757e-05,0.000501705993,0.000187604106,4652.80869,744.413607,58.1644836,-2090.23151,2548.07679,-351.21069,1243.60714,100.771363,2994.30597,21300.0,152477.961858,5.082598729,-30.000000000000004,30000 3000,1e-06,2,0.0 0.0259,0.0 0.0,-1.0 0.0,0.00054857 28.0,80000,1000,5e-10,0.0,0.0 0.0 0.0,1000 1000000 0,0,0.0,0,100,0,,10,,1,,,,1.0,10.0,0.1,False,{},,,False,3,mixed,250,300,True,Ar_Aubin,,False,uniform,Argon-Aubin-Test2/10Td,3.0000000000000005e+21,1.02249e+24,0.0,1.4570533333333333e-13,1.4570044444444446e-13,0.0,0.0,0.0,0.0,0.0,0.0,0.0,0.0,0.0,0.0,0.0,0.0,0.0,0.0,0.0,0.0,0.0,0.0,0.0,0.0,0.0,0.0,0.0,4.444444444444445e-19,2.4444444444444447e-18,2e-18,0.0,0.0,0.0,0.0,0.0,0.0,2643.7559308794407,4643.258432459792,2130.931976764075,2548.834837564969,1022.5891659344095,775.4361468006,450.1968178767014,216.43910625358035,10038.639999999656,1.0038639999999657e+24,0.0,0.0
1.07e-05,152503.0,5.08343,3e+22,5515.48,926.191,1970.29,3.37807,3.37665,3.41195,0.00204564135,0.000761855722,0.217527331,0.0528411439,0.0519587673,0.0644529728,-5.80345906e-05,0.000495665836,0.000225140851,1625.00721,-737.974385,-301.336085,-884.831599,1082.38492,153.457798,1135.4616,379.682963,1891.82647,21400.0,152502.929625,5.083430988,-30.000000000000004,30000 3000,1e-06,2,0.0 0.0259,0.0 0.0,-1.0 0.0,0.00054857 28.0,80000,1000,5e-10,0.0,0.0 0.0 0.0,1000 1000000 0,0,0.0,0,100,0,,10,,1,,,,1.0,10.0,0.1,False,{},,,False,3,mixed,250,300,True,Ar_Aubin,,False,uniform,Argon-Aubin-Test2/10Td,3.0000000000000005e+21,1.9702899999999998e+23,0.0,1.4581133333333333e-13,1.4580555555555557e-13,0.0,0.0,0.0,0.0,0.0,0.0,0.0,0.0,0.0,0.0,0.0,0.0,0.0,0.0,0.0,0.0,0.0,0.0,0.0,0.0,0.0,0.0,2.2222222222222226e-19,1.3333333333333336e-18,2.666666666666667e-18,1.5555555555555556e-18,0.0,0.0,0.0,0.0,0.0,0.0,2393.959362399362,1613.724516046902,2351.7749708642373,1081.679296086985,1293.0601434446576,1463.23454500401,-578.172031506385,-369.6726352793712,10416.500000000051,1.0416500000000052e+24,0.0,0.0
1.075e-05,152423.0,5.08078,3e+22,-5752.37,-148.03,6779.46,3.38774,3.39829,3.37508,0.00214710906,0.000687162653,0.217926403,0.0530713858,0.0521941847,0.0647433013,-4.82674609e-05,0.000514457256,0.000187367776,2753.58571,1580.38985,-897.952635,-1014.03679,2334.75226,959.06211,-948.186988,590.359345,2198.08883,21500.0,152423.360365,5.080778679,-30.000000000000004,30000 3000,1e-06,2,0.0 0.0259,0.0 0.0,-1.0 0.0,0.00054857 28.0,80000,1000,5e-10,0.0,0.0 0.0 0.0,1000 1000000 0,0,0.0,0,100,0,,10,,1,,,,1.0,10.0,0.1,False,{},,,False,3,mixed,250,300,True,Ar_Aubin,,False,uniform,Argon-Aubin-Test2/10Td,3.0000000000000005e+21,6.77946e+23,0.0,1.4560933333333332e-13,1.456037777777778e-13,0.0,0.0,0.0,0.0,0.0,0.0,0.0,0.0,0.0,0.0,0.0,0.0,0.0,0.0,0.0,0.0,0.0,0.0,0.0,0.0,2.2222222222222226e-19,0.0,0.0,6.666666666666668e-19,1.777777777777778e-18,2.888888888888889e-18,0.0,0.0,0.0,0.0,0.0,0.0,2298.1647121730202,2765.936675743472,2355.2563162947126,2334.8539806875237,1165.5110746516123,720.6654979176201,-82.74862491548623,-607.1025601627978,7981.440000000007,7.981440000000007e+23,0.0,0.0
1.08e-05,152465.0,5.08218,3e+22,263.84,1250.49,-902.98,3.37846,3.42093,3.36497,0.00208566987,0.00067787278,0.218376227,0.0532384751,0.0523814363,0.0650415719,-7.76391208e-06,0.000513712522,0.000195684222,2374.28081,-95.8810792,90.4454068,686.310595,2449.63898,476.203809,292.969297,1268.51831,307.859473,21600.0,152465.441327,5.082181378,-30.000000000000004,30000 3000,1e-06,2,0.0 0.0259,0.0 0.0,-1.0 0.0,0.00054857 28.0,80000,1000,5e-10,0.0,0.0 0.0 0.0,1000 1000000 0,0,0.0,0,100,0,,10,,1,,,,1.0,10.0,0.1,False,{},,,False,3,mixed,250,300,True,Ar_Aubin,,False,uniform,Argon-Aubin-Test2/10Td,3.0000000000000005e+21,9.0298e+22,0.0,1.4564088888888889e-13,1.4563666666666668e-13,0.0,0.0,0.0,0.0,0.0,0.0,0.0,0.0,0.0,0.0,0.0,0.0,0.0,0.0,0.0,0.0,0.0,0.0,0.0,0.0,2.2222222222222226e-19,0.0,4.444444444444445e-19,1.5555555555555556e-18,6.666666666666668e-19,1.3333333333333336e-18,0.0,0.0,0.0,0.0,0.0,0.0,1673.4935850890727,2373.7305268614996,1872.642810058084,2448.791306867338,1020.112057628711,505.04883845646,234.12606632661314,327.6816382475326,8996.480000000307,8.996480000000307e+23,0.0,0.0
1.085e-05,152610.0,5.08699,3e+22,2549.38,3726.69,5994.51,3.38919,3.37967,3.4048,0.00206859818,0.000759021372,0.218926855,0.0534331525,0.0526847119,0.0653604017,3.63879731e-05,0.000534401623,0.00021336855,3200.09242,-421.404834,273.853721,1781.91604,2993.05858,-374.339918,431.383286,1330.59666,2596.26016,21700.0,152609.653226,5.086988441,-30.000000000000004,30000 3000,1e-06,2,0.0 0.0259,0.0 0.0,-1.0 0.0,0.00054857 28.0,80000,1000,5e-10,0.0,0.0 0.0 0.0,1000 1000000 0,0,0.0,0,100,0,,10,,1,,,,1.0,10.0,0.1,False,{},,,False,3,mixed,250,300,True,Ar_Aubin,,False,uniform,Argon-Aubin-Test2/10Td,3.0000000000000005e+21,5.9945100000000004e+23,0.0,1.4551711111111111e-13,1.4551311111111113e-13,0.0,0.0,0.0,0.0,0.0,0.0,0.0,0.0,0.0,0.0,0.0,0.0,0.0,0.0,0.0,0.0,0.0,0.0,0.0,0.0,0.0,0.0,2.2222222222222226e-19,1.5555555555555556e-18,1.1111111111111113e-18,1.1111111111111113e-18,0.0,0.0,0.0,0.0,0.0,0.0,1947.483203763173,3194.8187771718717,3031.5899806271364,2990.2299426431814,780.3847856450997,1283.9009384339497,465.5624834411308,134.7090289241081,11012.55999999995,1.101255999999995e+24,0.0,0.0
1.09e-05,152622.0,5.08739,3e+22,407.402,-5882.24,9141.18,3.44834,3.36964,3.35613,0.00204346139,0.000590206194,0.219369252,0.0537280619,0.052890351,0.0656757462,3.65053587e-05,0.000504014866,0.000183293927,2685.96601,-1154.23731,1553.16292,-674.769817,2270.30733,-53.2815281,-775.437957,-2491.43568,3238.08443,21800.0,152621.835101,5.087394503,-30.000000000000004,30000 3000,1e-06,2,0.0 0.0259,0.0 0.0,-1.0 0.0,0.00054857 28.0,80000,1000,5e-10,0.0,0.0 0.0 0.0,1000 1000000 0,0,0.0,0,100,0,,10,,1,,,,1.0,10.0,0.1,False,{},,,False,3,mixed,250,300,True,Ar_Aubin,,False,uniform,Argon-Aubin-Test2/10Td,3.0000000000000005e+21,9.14118e+23,0.0,1.4571533333333332e-13,1.457106666666667e-13,0.0,0.0,0.0,0.0,0.0,0.0,0.0,0.0,0.0,0.0,0.0,0.0,0.0,0.0,0.0,0.0,0.0,0.0,0.0,0.0,0.0,0.0,2.2222222222222226e-19,1.1111111111111113e-18,8.88888888888889e-19,2.4444444444444447e-18,0.0,0.0,0.0,0.0,0.0,0.0,2950.127639778852,2685.133499742791,2058.668700917199,2273.7790644825945,1214.436171515232,1232.79061100264,-515.7531961811258,669.6738426076558,8847.939999999666,8.847939999999668e+23,0.0,0.0
1.095e-05,152652.0,5.08841,3e+22,8775.54,1107.05,-1288.17,3.41882,3.37598,3.38156,0.00203523038,0.000730536259,0.219750533,0.0539626527,0.0530897619,0.0659159974,-8.3232969e-06,0.00051485824,0.000220543734,3847.22373,-15.1698617,-1180.96288,181.42314,-755.588685,281.822089,1636.01257,551.366928,1009.45411,21900.0,152652.294166,5.088409806,-30.000000000000004,30000 3000,1e-06,2,0.0 0.0259,0.0 0.0,-1.0 0.0,0.00054857 28.0,80000,1000,5e-10,0.0,0.0 0.0 0.0,1000 1000000 0,0,0.0,0,100,0,,10,,1,,,,1.0,10.0,0.1,False,{},,,False,3,mixed,250,300,True,Ar_Aubin,,False,uniform,Argon-Aubin-Test2/10Td,3.0000000000000005e+21,1.2881700000000001e+23,0.0,1.4590555555555556e-13,1.4590222222222222e-13,0.0,0.0,0.0,0.0,0.0,0.0,0.0,0.0,0.0,0.0,0.0,0.0,0.0,0.0,0.0,0.0,0.0,0.0,0.0,0.0,0.0,0.0,2.2222222222222226e-19,1.1111111111111113e-18,8.88888888888889e-19,1.1111111111111113e-18,0.0,0.0,0.0,0.0,0.0,0.0,2346.2437175274936,3829.363484391095,1992.2556012571397,-756.397425165526,728.2316925540794,1292.53015409461,237.46019664775397,-1470.7581796442155,7625.620000000222,7.625620000000223e+23,0.0,0.0
1.1e-05,152636.0,5.08788,3e+22,1509.47,629.012,8306.49,3.36198,3.41549,3.39789,0.00210908397,0.000727239133,0.220199728,0.0541991389,0.0533243188,0.0662116706,-1.39408709e-05,0.000495691176,0.000221126587,2411.56456,-1147.52617,-641.449998,663.184006,2985.38136,272.09689,312.902489,49.2189986,3121.0916,22000.0,152636.455366,5.087881846,-30.000000000000004,30000 3000,1e-06,2,0.0 0.0259,0.0 0.0,-1.0 0.0,0.00054857 28.0,80000,1000,5e-10,0.0,0.0 0.0 0.0,1000 1000000 0,0,0.0,0,100,0,,10,,1,,,,1.0,10.0,0.1,False,{},,,False,3,mixed,250,300,True,Ar_Aubin,,False,uniform,Argon-Aubin-Test2/10Td,3.0000000000000005e+21,8.306490000000001e+23,0.0,1.4553222222222222e-13,1.4552688888888891e-13,0.0,0.0,0.0,0.0,0.0,0.0,0.0,0.0,0.0,0.0,0.0,0.0,0.0,0.0,0.0,0.0,0.0,0.0,0.0,0.0,0.0,0.0,6.666666666666668e-19,1.1111111111111113e-18,1.5555555555555556e-18,2e-18,0.0,0.0,0.0,0.0,0.0,0.0,2361.801275071601,2408.380961019804,2345.6170646914825,2984.9239178584735,980.4974251009791,1292.00476136528,-726.8763948073529,-678.4514773301254,8983.900000000267,8.983900000000267e+23,0.0,0.0
1.105e-05,152646.0,5.08821,3e+22,1111.7,812.503,10463.1,3.41098,3.35779,3.40702,0.00215196755,0.000734730638,0.220705762,0.0544172609,0.0535678308,0.0665569183,-2.98356825e-05,0.000499857231,0.000226306145,2579.03632,-1338.78138,349.710038,-1040.10674,1593.41846,-319.252268,320.067463,363.355715,3015.45043,22100.0,152646.332748,5.088211092,-30.000000000000004,30000 3000,1e-06,2,0.0 0.0259,0.0 0.0,-1.0 0.0,0.00054857 28.0,80000,1000,5e-10,0.0,0.0 0.0 0.0,1000 1000000 0,0,0.0,0,100,0,,10,,1,,,,1.0,10.0,0.1,False,{},,,False,3,mixed,250,300,True,Ar_Aubin,,False,uniform,Argon-Aubin-Test2/10Td,3.0000000000000005e+21,1.0463100000000002e+24,0.0,1.4578222222222222e-13,1.4577644444444446e-13,0.0,0.0,0.0,0.0,0.0,0.0,0.0,0.0,0.0,0.0,0.0,0.0,0.0,0.0,0.0,0.0,0.0,0.0,0.0,0.0,0.0,0.0,2.2222222222222226e-19,8.88888888888889e-19,2.2222222222222226e-18,2.4444444444444447e-18,0.0,0.0,0.0,0.0,0.0,0.0,2179.392708562544,2576.643977674665,2435.01047646158,1592.8214891524333,1221.345312733546,706.1839716177997,-127.31732797725805,401.902653712195,10120.679999999771,1.0120679999999772e+24,0.0,0.0
1.11e-05,152788.0,5.09292,3e+22,5319.83,1538.03,8504.0,3.40122,3.36928,3.41475,0.00218970343,0.000831451245,0.221255469,0.0547039135,0.0537777334,0.0669044799,-3.13437527e-05,0.000505026327,0.000248363811,2504.24311,-193.661067,-898.09088,-219.096574,765.365987,-888.576455,973.144752,518.294082,3354.10143,22200.0,152787.593297,5.092919777,-30.000000000000004,30000 3000,1e-06,2,0.0 0.0259,0.0 0.0,-1.0 0.0,0.00054857 28.0,80000,1000,5e-10,0.0,0.0 0.0 0.0,1000 1000000 0,0,0.0,0,100,0,,10,,1,,,,1.0,10.0,0.1,False,{},,,False,3,mixed,250,300,True,Ar_Aubin,,False,uniform,Argon-Aubin-Test2/10Td,3.0000000000000005e+21,8.504000000000001e+23,0.0,1.46118e-13,1.46114e-13,0.0,0.0,0.0,0.0,0.0,0.0,0.0,0.0,0.0,0.0,0.0,0.0,0.0,0.0,0.0,0.0,0.0,0.0,0.0,0.0,0.0,0.0,2.2222222222222226e-19,1.1111111111111113e-18,1.1111111111111113e-18,1.5555555555555556e-18,0.0,0.0,0.0,0.0,0.0,0.0,2864.8876322490137,2492.594260001983,2097.511179375983,764.0871900416527,1046.1241759066736,1472.5449216240002,-87.26250907071186,-1120.60884761899,10994.140000000209,1.0994140000000209e+24,0.0,0.0
1.115e-05,152886.0,5.09619,3e+22,1119.17,-704.417,13837.0,3.41009,3.36659,3.41459,0.00213869393,0.000834118856,0.221784872,0.0548629906,0.054072123,0.067254286,-4.3737672e-05,0.000507222207,0.000255715346,1030.09566,-2367.74589,653.132065,861.534544,2923.44125,942.125,1025.04448,-299.065308,5271.4504,22300.0,152885.604405,5.096186814,-30.000000000000004,30000 3000,1e-06,2,0.0 0.0259,0.0 0.0,-1.0 0.0,0.00054857 28.0,80000,1000,5e-10,0.0,0.0 0.0 0.0,1000 1000000 0,0,0.0,0,100,0,,10,,1,,,,1.0,10.0,0.1,False,{},,,False,3,mixed,250,300,True,Ar_Aubin,,False,uniform,Argon-Aubin-Test2/10Td,3.0000000000000005e+21,1.3837000000000001e+24,0.0,1.4600488888888888e-13,1.4600044444444447e-13,0.0,0.0,0.0,0.0,0.0,0.0,0.0,0.0,0.0,0.0,0.0,0.0,0.0,0.0,0.0,0.0,0.0,0.0,0.0,0.0,0.0,0.0,2.2222222222222226e-19,6.666666666666668e-19,2e-18,1.5555555555555556e-18,0.0,0.0,0.0,0.0,0.0,0.0,1592.9788938513768,1027.702097914362,2943.8515690687755,2924.028817502187,1152.5921435358994,2202.6131261359997,246.99559726663662,1400.36846189435,10588.059999999678,1.0588059999999678e+24,0.0,0.0
1.12e-05,152852.0,5.09508,3e+22,3536.32,120.067,9121.67,3.39637,3.35995,3.43329,0.00211108686,0.000661661172,0.222153862,0.0550480262,0.054326114,0.0675695972,-6.24436579e-05,0.000544372208,0.000257915557,1273.73476,-978.820008,505.758626,678.590138,2253.46905,-359.442398,1253.11898,250.714966,3092.58833,22400.0,152852.291353,5.095076378,-30.000000000000004,30000 3000,1e-06,2,0.0 0.0259,0.0 0.0,-1.0 0.0,0.00054857 28.0,80000,1000,5e-10,0.0,0.0 0.0 0.0,1000 1000000 0,0,0.0,0,100,0,,10,,1,,,,1.0,10.0,0.1,False,{},,,False,3,mixed,250,300,True,Ar_Aubin,,False,uniform,Argon-Aubin-Test2/10Td,3.0000000000000005e+21,9.12167e+23,0.0,1.4659111111111111e-13,1.465868888888889e-13,0.0,0.0,0.0,0.0,0.0,0.0,0.0,0.0,0.0,0.0,0.0,0.0,0.0,0.0,0.0,0.0,0.0,0.0,0.0,0.0,0.0,0.0,2.2222222222222226e-19,6.666666666666668e-19,1.777777777777778e-18,1.5555555555555556e-18,0.0,0.0,0.0,0.0,0.0,0.0,1851.5292399575585,1266.2692813152448,2542.489587594038,2253.3896063280617,1515.0224654133376,1066.17411161046,849.8772309154716,954.0138230539036,7379.800000000269,7.37980000000027e+23,0.0,0.0
1.125e-05,152962.0,5.09875,3e+22,128.349,-2193.33,11999.4,3.37976,3.42128,3.3956,0.00213360357,0.000630247711,0.222865717,0.0552449318,0.0545435691,0.067947515,-9.67087294e-05,0.000555984082,0.000276786419,2493.4825,-324.983651,889.007868,-663.907829,458.383322,661.042562,131.16236,-825.991255,3011.72882,22500.0,152962.407655,5.098746922,-30.000000000000004,30000 3000,1e-06,2,0.0 0.0259,0.0 0.0,-1.0 0.0,0.00054857 28.0,80000,1000,5e-10,0.0,0.0 0.0 0.0,1000 1000000 0,0,0.0,0,100,0,,10,,1,,,,1.0,10.0,0.1,False,{},,,False,3,mixed,250,300,True,Ar_Aubin,,False,uniform,Argon-Aubin-Test2/10Td,3.0000000000000005e+21,1.1999400000000001e+24,0.0,1.4641599999999998e-13,1.4640866666666668e-13,0.0,0.0,0.0,0.0,0.0,0.0,0.0,0.0,0.0,0.0,0.0,0.0,0.0,0.0,0.0,0.0,0.0,0.0,0.0,0.0,0.0,0.0,0.0,2.4444444444444447e-18,2.666666666666667e-18,2.2222222222222226e-18,0.0,0.0,0.0,0.0,0.0,0.0,1968.1002353654637,2493.208654115394,2174.9568332931485,459.76566321196765,611.283875909599,337.4739354302001,101.8176708928733,965.9636734109091,14237.09999999967,1.423709999999967e+24,0.0,0.0
1.13e-05,153020.0,5.10066,3e+22,1064.32,566.282,11468.1,3.42552,3.39664,3.37841,0.00234592285,0.000695455684,0.223413265,0.0554933729,0.054753001,0.0683028855,-8.20215101e-05,0.000612686918,0.000299168837,2879.94016,1745.2345,-374.297061,890.968571,1466.82233,-336.230134,124.25551,863.538862,3212.84826,22600.0,153019.942271,5.100664742,-30.000000000000004,30000 3000,1e-06,2,0.0 0.0259,0.0 0.0,-1.0 0.0,0.00054857 28.0,80000,1000,5e-10,0.0,0.0 0.0 0.0,1000 1000000 0,0,0.0,0,100,0,,10,,1,,,,1.0,10.0,0.1,False,{},,,False,3,mixed,250,300,True,Ar_Aubin,,False,uniform,Argon-Aubin-Test2/10Td,3.0000000000000005e+21,1.1468100000000001e+24,0.0,1.4634355555555554e-13,1.4633800000000002e-13,0.0,0.0,0.0,0.0,0.0,0.0,0.0,0.0,0.0,0.0,0.0,0.0,0.0,0.0,0.0,0.0,0.0,0.0,0.0,0.0,0.0,0.0,2.2222222222222226e-19,1.777777777777778e-18,1.3333333333333336e-18,2.2222222222222226e-18,0.0,0.0,0.0,0.0,0.0,0.0,2474.9001017575906,2877.443347392288,2093.4545356881413,1466.428505964353,1110.113359638551,650.7225956535003,161.99284130408708,-514.728035040885,10950.960000000177,1.0950960000000179e+24,0.0,0.0
1.135e-05,153133.0,5.10442,3e+22,-801.623,-2786.66,12255.6,3.38377,3.40417,3.42,0.00244898474,0.000767945532,0.223986887,0.0557550758,0.0549792634,0.0686712715,-2.53692304e-05,0.000635559261,0.000321816978,2268.41681,815.886605,-838.539169,-1337.64252,2932.28521,-447.348148,-609.816077,-948.29354,4194.33559,22700.0,153132.614226,5.104420474,-30.000000000000004,30000 3000,1e-06,2,0.0 0.0259,0.0 0.0,-1.0 0.0,0.00054857 28.0,80000,1000,5e-10,0.0,0.0 0.0 0.0,1000 1000000 0,0,0.0,0,100,0,,10,,1,,,,1.0,10.0,0.1,False,{},,,False,3,mixed,250,300,True,Ar_Aubin,,False,uniform,Argon-Aubin-Test2/10Td,3.0000000000000005e+21,1.2255600000000002e+24,0.0,1.4651422222222223e-13,1.4650933333333335e-13,0.0,0.0,0.0,0.0,0.0,0.0,0.0,0.0,0.0,0.0,0.0,0.0,0.0,0.0,0.0,0.0,0.0,0.0,0.0,0.0,0.0,0.0,2.2222222222222226e-19,1.5555555555555556e-18,1.1111111111111113e-18,1.777777777777778e-18,0.0,0.0,0.0,0.0,2.2222222222222226e-19,0.0,2612.0872776139863,2270.3799724942332,2261.5631826828494,2934.425213096203,1117.474300094748,1449.2418976827998,-31.156837329983194,-1298.8159830619431,11472.439999999917,1.1472439999999916e+24,0.0,0.0
1.14e-05,153168.0,5.10559,3e+22,3077.49,620.585,14803.1,3.38688,3.3712,3.4518,0.00245296598,0.00083685225,0.224582553,0.0560250966,0.0552655331,0.0690468669,-1.16768311e-05,0.000653001985,0.000299762999,2313.91265,1131.9531,528.472804,-2458.5666,2137.65911,-1861.47868,-82.030423,-146.749509,5375.76155,22800.0,153167.782308,5.105592744,-30.000000000000004,30000 3000,1e-06,2,0.0 0.0259,0.0 0.0,-1.0 0.0,0.00054857 28.0,80000,1000,5e-10,0.0,0.0 0.0 0.0,1000 1000000 0,0,0.0,0,100,0,,10,,1,,,,1.0,10.0,0.1,False,{},,,False,3,mixed,250,300,True,Ar_Aubin,,False,uniform,Argon-Aubin-Test2/10Td,3.0000000000000005e+21,1.48031e+24,0.0,1.46778e-13,1.4677111111111112e-13,0.0,0.0,0.0,0.0,0.0,0.0,0.0,0.0,0.0,0.0,0.0,0.0,0.0,0.0,0.0,0.0,0.0,0.0,0.0,0.0,0.0,0.0,0.0,2.4444444444444447e-18,1.5555555555555556e-18,2.888888888888889e-18,0.0,0.0,0.0,0.0,0.0,0.0,2700.012841577171,2306.36367172621,2861.591186517909,2137.139772046434,1083.9783595295582,2051.2435596857003,301.79660025115044,-281.0196807305079,11913.319999999894,1.1913319999999895e+24,0.0,0.0
1.145e-05,153226.0,5.10755,3e+22,2246.99,-5452.16,9988.95,3.41181,3.4043,3.39823,0.00234963101,0.000923238835,0.225171377,0.0562500422,0.0555219972,0.0694080338,7.24356371e-06,0.000632277618,0.000328083851,2196.28015,368.849267,224.048602,37.9242089,2696.74771,559.646339,1964.37284,-1791.32138,3694.64706,22900.0,153226.498976,5.107549966,-30.000000000000004,30000 3000,1e-06,2,0.0 0.0259,0.0 0.0,-1.0 0.0,0.00054857 28.0,80000,1000,5e-10,0.0,0.0 0.0 0.0,1000 1000000 0,0,0.0,0,100,0,,10,,1,,,,1.0,10.0,0.1,False,{},,,False,3,mixed,250,300,True,Ar_Aubin,,False,uniform,Argon-Aubin-Test2/10Td,3.0000000000000005e+21,9.988950000000001e+23,0.0,1.4661133333333334e-13,1.4660511111111112e-13,0.0,0.0,0.0,0.0,0.0,0.0,0.0,0.0,0.0,0.0,0.0,0.0,0.0,0.0,0.0,0.0,0.0,0.0,0.0,0.0,0.0,0.0,0.0,1.5555555555555556e-18,2.2222222222222226e-18,2.4444444444444447e-18,0.0,0.0,0.0,0.0,0.0,0.0,2254.4187621589135,2191.00055261684,2563.1205174187626,2701.7813558466337,963.4099192167706,1445.4214337158496,21.98690493892229,1658.9932629174305,11776.480000000312,1.1776480000000314e+24,0.0,0.0
1.15e-05,153292.0,5.10975,3e+22,1702.5,-3331.89,7447.1,3.39443,3.40924,3.41543,0.00224578069,0.000911165518,0.22563043,0.0564461897,0.0558572526,0.0697215724,4.32670875e-06,0.00062029105,0.000310552564,1353.97164,809.178299,225.960849,-500.861462,4452.56663,122.979874,447.629255,-742.766223,2189.55543,23000.0,153292.475334,5.109749178,-30.000000000000004,30000 3000,1e-06,2,0.0 0.0259,0.0 0.0,-1.0 0.0,0.00054857 28.0,80000,1000,5e-10,0.0,0.0 0.0 0.0,1000 1000000 0,0,0.0,0,100,0,,10,,1,,,,1.0,10.0,0.1,False,{},,,False,3,mixed,250,300,True,Ar_Aubin,,False,uniform,Argon-Aubin-Test2/10Td,3.0000000000000005e+21,7.447100000000001e+23,0.0,1.4667422222222222e-13,1.4667044444444445e-13,0.0,0.0,0.0,0.0,0.0,0.0,0.0,0.0,0.0,0.0,0.0,0.0,2.2222222222222226e-19,0.0,0.0,0.0,0.0,0.0,0.0,2.2222222222222226e-19,0.0,0.0,4.444444444444445e-19,1.1111111111111113e-18,8.88888888888889e-19,8.88888888888889e-19,0.0,0.0,0.0,0.0,0.0,0.0,1966.2473497557287,1350.148198375275,3352.7754734525433,4455.602533277769,1065.9667809122948,509.26305474699984,207.33238386408263,272.729743548501,9181.059999999741,9.181059999999742e+23,0.0,0.0
1.155e-05,153277.0,5.10923,3e+22,7259.88,7546.03,3155.93,3.41859,3.41407,3.3851,0.00234906185,0.000969334345,0.226109421,0.0566892245,0.0560824391,0.0700667137,-6.83506137e-05,0.000672755263,0.000291020806,3063.14991,1279.02418,-658.761551,-1518.55334,3519.40037,-1553.67427,1735.89749,1103.1671,1723.86603,23100.0,153276.80075,5.109226692,-30.000000000000004,30000 3000,1e-06,2,0.0 0.0259,0.0 0.0,-1.0 0.0,0.00054857 28.0,80000,1000,5e-10,0.0,0.0 0.0 0.0,1000 1000000 0,0,0.0,0,100,0,,10,,1,,,,1.0,10.0,0.1,False,{},,,False,3,mixed,250,300,True,Ar_Aubin,,False,uniform,Argon-Aubin-Test2/10Td,3.0000000000000005e+21,3.15593e+23,0.0,1.467748888888889e-13,1.4676911111111113e-13,0.0,0.0,0.0,0.0,0.0,0.0,0.0,0.0,0.0,0.0,0.0,0.0,0.0,0.0,0.0,0.0,0.0,0.0,0.0,0.0,0.0,0.0,8.88888888888889e-19,6.666666666666668e-19,2e-18,2.2222222222222226e-18,0.0,0.0,0.0,0.0,0.0,0.0,2425.6023933245247,3046.0960028564223,2250.7711352880156,3512.0857439525994,1287.6197702965665,1010.28052498347,560.7132194741555,-571.8047990937505,9579.82000000024,9.57982000000024e+23,0.0,0.0
1.16e-05,153256.0,5.10852,3e+22,1693.05,-5485.02,4082.63,3.41274,3.40072,3.4033,0.00243160018,0.000945780257,0.226586417,0.0568945921,0.0562981194,0.0703690766,-0.000121470495,0.000702115656,0.000307949642,1592.32866,1207.10453,1163.34456,-647.072709,2794.89696,1242.27552,1262.72302,-1518.86715,1189.87012,23200.0,153255.577658,5.108519255,-30.000000000000004,30000 3000,1e-06,2,0.0 0.0259,0.0 0.0,-1.0 0.0,0.00054857 28.0,80000,1000,5e-10,0.0,0.0 0.0 0.0,1000 1000000 0,0,0.0,0,100,0,,10,,1,,,,1.0,10.0,0.1,False,{},,,False,3,mixed,250,300,True,Ar_Aubin,,False,uniform,Argon-Aubin-Test2/10Td,3.0000000000000005e+21,4.08263e+23,0.0,1.4676577777777776e-13,1.4676000000000002e-13,0.0,0.0,0.0,0.0,0.0,0.0,0.0,0.0,0.0,0.0,0.0,0.0,0.0,0.0,0.0,0.0,0.0,0.0,0.0,0.0,0.0,0.0,2.2222222222222226e-19,1.3333333333333336e-18,1.5555555555555556e-18,2.666666666666667e-18,0.0,0.0,0.0,0.0,0.0,0.0,2049.7301213975165,1588.211839315251,2157.254087778657,2800.08458362525,864.2879605734455,264.80161636329,190.7567086786746,2032.5181228552767,9539.920000000146,9.539920000000145e+23,0.0,0.0
1.165e-05,153294.0,5.10981,3e+22,-5325.31,-12404.2,11470.0,3.42148,3.37133,3.42504,0.0024267827,0.00101796674,0.227039666,0.0570709123,0.0565716173,0.0706639214,-0.000155799655,0.000707280855,0.000307839685,866.141532,161.193822,1373.81387,-709.489269,3850.34342,487.818715,-1102.65679,-3802.61866,2627.70029,23300.0,153294.417114,5.109813904,-30.000000000000004,30000 3000,1e-06,2,0.0 0.0259,0.0 0.0,-1.0 0.0,0.00054857 28.0,80000,1000,5e-10,0.0,0.0 0.0 0.0,1000 1000000 0,0,0.0,0,100,0,,10,,1,,,,1.0,10.0,0.1,False,{},,,False,3,mixed,250,300,True,Ar_Aubin,,False,uniform,Argon-Aubin-Test2/10Td,3.0000000000000005e+21,1.1470000000000002e+24,0.0,1.4673644444444443e-13,1.4673222222222223e-13,0.0,0.0,0.0,0.0,0.0,0.0,0.0,0.0,0.0,0.0,0.0,0.0,0.0,0.0,0.0,0.0,0.0,0.0,0.0,0.0,0.0,0.0,4.444444444444445e-19,1.3333333333333336e-18,8.88888888888889e-19,1.5555555555555556e-18,0.0,0.0,0.0,0.0,0.0,0.0,1763.4360516235322,879.064902180137,2733.5614401078487,3862.970483036308,892.3923150633284,23.555320980000033,103.13675400353776,1452.37848617746,9064.97999999978,9.06497999999978e+23,0.0,0.0
1.17e-05,153374.0,5.11245,3e+22,1153.32,-3431.53,6010.36,3.41816,3.41172,3.39475,0.00250427382,0.000825999798,0.227614653,0.0571895731,0.0568174079,0.0709898573,-0.000144613142,0.000713433055,0.000235869271,154.335981,-846.452724,-493.213527,-307.995317,1982.14285,-525.54875,-25.6050538,-894.406032,1309.88089,23400.0,153373.590249,5.112453008,-30.000000000000004,30000 3000,1e-06,2,0.0 0.0259,0.0 0.0,-1.0 0.0,0.00054857 28.0,80000,1000,5e-10,0.0,0.0 0.0 0.0,1000 1000000 0,0,0.0,0,100,0,,10,,1,,,,1.0,10.0,0.1,False,{},,,False,3,mixed,250,300,True,Ar_Aubin,,False,uniform,Argon-Aubin-Test2/10Td,3.0000000000000005e+21,6.0103599999999994e+23,0.0,1.4658888888888888e-13,1.4658333333333336e-13,0.0,0.0,0.0,0.0,0.0,0.0,0.0,0.0,0.0,0.0,0.0,0.0,0.0,0.0,0.0,0.0,0.0,0.0,0.0,0.0,0.0,0.0,6.666666666666668e-19,1.1111111111111113e-18,1.3333333333333336e-18,2.4444444444444447e-18,0.0,0.0,0.0,0.0,0.0,0.0,1182.7868690748173,151.4477519179176,2461.445806174467,1984.977293086831,645.155770811548,-58.16511580507995,-257.625657874125,-796.3826995947352,11499.739999999982,1.1499739999999982e+24,0.0,0.0
1.175e-05,153298.0,5.10993,3e+22,4214.9,5985.53,287.272,3.43897,3.37792,3.40267,0.00249795206,0.000732091231,0.228042764,0.0574704447,0.0570410687,0.0712482312,-0.000168968384,0.000672316732,0.000236417022,3238.18943,875.457494,-1415.48493,-211.483528,979.556704,407.763431,1739.26421,1187.42901,79.6881213,23500.0,153297.914112,5.10993047,-30.000000000000004,30000 3000,1e-06,2,0.0 0.0259,0.0 0.0,-1.0 0.0,0.00054857 28.0,80000,1000,5e-10,0.0,0.0 0.0 0.0,1000 1000000 0,0,0.0,0,100,0,,10,,1,,,,1.0,10.0,0.1,False,{},,,False,3,mixed,250,300,True,Ar_Aubin,,False,uniform,Argon-Aubin-Test2/10Td,3.0000000000000005e+21,2.8727200000000003e+22,0.0,1.467391111111111e-13,1.4673311111111112e-13,0.0,0.0,0.0,0.0,0.0,0.0,0.0,0.0,0.0,0.0,0.0,0.0,0.0,0.0,0.0,0.0,0.0,0.0,0.0,0.0,0.0,0.0,6.666666666666668e-19,2e-18,1.777777777777778e-18,1.5555555555555556e-18,0.0,0.0,0.0,0.0,0.0,0.0,2809.0322287147724,3227.6608118623058,2238.071180957965,975.1747499741125,633.0194755070629,14.177820400192005,-814.935970912189,-638.1157576677803,8562.220000000176,8.562220000000177e+23,0.0,0.0
1.18e-05,153146.0,5.10486,3e+22,3343.21,4243.08,5396.97,3.42722,3.39797,3.38418,0.00248345152,0.000755588047,0.228450464,0.0577076944,0.0572799663,0.0714938436,-0.000189246582,0.000667293173,0.000207302033,2233.60189,1750.58762,329.693973,-1914.53091,3254.44637,-901.733472,898.692735,315.668096,2213.25827,23600.0,153145.652429,5.104855081,-30.000000000000004,30000 3000,1e-06,2,0.0 0.0259,0.0 0.0,-1.0 0.0,0.00054857 28.0,80000,1000,5e-10,0.0,0.0 0.0 0.0,1000 1000000 0,0,0.0,0,100,0,,10,,1,,,,1.0,10.0,0.1,False,{},,,False,3,mixed,250,300,True,Ar_Aubin,,False,uniform,Argon-Aubin-Test2/10Td,3.0000000000000005e+21,5.396970000000001e+23,0.0,1.4661666666666667e-13,1.4660955555555556e-13,0.0,0.0,0.0,0.0,0.0,0.0,0.0,0.0,0.0,0.0,0.0,0.0,0.0,0.0,0.0,0.0,0.0,0.0,0.0,2.2222222222222226e-19,0.0,0.0,2.2222222222222226e-19,2.2222222222222226e-18,1.5555555555555556e-18,2.888888888888889e-18,0.0,0.0,0.0,0.0,0.0,0.0,2373.2193304187163,2225.2991900438205,2388.62644273731,3251.2403494695354,595.001109444035,980.3179693059199,-54.586379272226175,451.22571890066547,8153.999999999662,8.153999999999663e+23,0.0,0.0
1.185e-05,153192.0,5.1064,3e+22,-6374.52,4796.23,10171.4,3.42383,3.38603,3.40199,0.00256557259,0.00075252463,0.228969906,0.0579326762,0.05751031,0.0718748849,-0.000176059862,0.000683942001,0.000142567912,1149.72941,840.830254,-1768.04406,-341.872476,4133.87722,515.933136,-1918.61106,1165.25695,3637.11542,23700.0,153192.104715,5.106403491,-30.000000000000004,30000 3000,1e-06,2,0.0 0.0259,0.0 0.0,-1.0 0.0,0.00054857 28.0,80000,1000,5e-10,0.0,0.0 0.0 0.0,1000 1000000 0,0,0.0,0,100,0,,10,,1,,,,1.0,10.0,0.1,False,{},,,False,3,mixed,250,300,True,Ar_Aubin,,False,uniform,Argon-Aubin-Test2/10Td,3.0000000000000005e+21,1.01714e+24,0.0,1.4649533333333332e-13,1.4649000000000001e-13,0.0,0.0,0.0,0.0,0.0,0.0,0.0,0.0,0.0,0.0,0.0,0.0,0.0,0.0,0.0,0.0,0.0,0.0,0.0,0.0,0.0,0.0,0.0,1.1111111111111113e-18,2.4444444444444447e-18,1.777777777777778e-18,0.0,0.0,0.0,0.0,0.0,0.0,2245.6716873762302,1166.0837037864067,2303.4831997801457,4130.267938793855,1434.379481664652,1308.1709181116003,-68.88869405942671,-2253.177339846806,10388.840000000177,1.0388840000000178e+24,0.0,0.0
1.19e-05,153344.0,5.11148,3e+22,-1948.64,4572.7,13660.2,3.39141,3.41414,3.4162,0.00259018115,0.000736068466,0.229516561,0.0582081737,0.0577109289,0.0722519164,-0.000137864269,0.000680013478,0.000149304546,2494.48374,-980.333551,-709.110208,760.704504,3101.35722,-1257.03544,-1294.73659,1220.85533,3207.61793,23800.0,153344.347068,5.111478236,-30.000000000000004,30000 3000,1e-06,2,0.0 0.0259,0.0 0.0,-1.0 0.0,0.00054857 28.0,80000,1000,5e-10,0.0,0.0 0.0 0.0,1000 1000000 0,0,0.0,0,100,0,,10,,1,,,,1.0,10.0,0.1,False,{},,,False,3,mixed,250,300,True,Ar_Aubin,,False,uniform,Argon-Aubin-Test2/10Td,3.0000000000000005e+21,1.36602e+24,0.0,1.4670044444444443e-13,1.4669666666666668e-13,0.0,0.0,0.0,0.0,0.0,0.0,0.0,0.0,0.0,0.0,0.0,0.0,0.0,0.0,0.0,0.0,0.0,0.0,0.0,2.2222222222222226e-19,0.0,0.0,0.0,6.666666666666668e-19,1.3333333333333336e-18,1.5555555555555556e-18,0.0,0.0,0.0,0.0,0.0,0.0,2753.7062432474863,2499.531070596136,2006.4339653212,3097.9913997255217,1263.9758038211075,72.37580342779984,-219.58156293097045,-1591.9840391181901,10933.10000000014,1.0933100000000142e+24,0.0,0.0
1.195e-05,153481.0,5.11603,3e+22,-1242.71,1853.5,6883.0,3.38804,3.43628,3.40743,0.00256260012,0.00075289532,0.230116018,0.0584157465,0.0579487346,0.0725925869,-0.000119160795,0.00067228347,0.000127640404,3035.94436,470.340568,-687.086337,644.497951,2761.79876,-767.08202,-775.534485,960.90904,1761.23556,23900.0,153480.758518,5.116025284,-30.000000000000004,30000 3000,1e-06,2,0.0 0.0259,0.0 0.0,-1.0 0.0,0.00054857 28.0,80000,1000,5e-10,0.0,0.0 0.0 0.0,1000 1000000 0,0,0.0,0,100,0,,10,,1,,,,1.0,10.0,0.1,False,{},,,False,3,mixed,250,300,True,Ar_Aubin,,False,uniform,Argon-Aubin-Test2/10Td,3.0000000000000005e+21,6.883e+23,0.0,1.4712488888888888e-13,1.4712e-13,0.0,0.0,0.0,0.0,0.0,0.0,0.0,0.0,0.0,0.0,0.0,0.0,0.0,0.0,0.0,0.0,0.0,0.0,0.0,0.0,0.0,0.0,2.2222222222222226e-19,8.88888888888889e-19,1.5555555555555556e-18,2.2222222222222226e-18,0.0,0.0,0.0,0.0,0.0,0.0,2077.149190147856,3039.1289287951254,2377.80645423763,2760.40326852438,651.4053309040341,177.34700810599998,-58.71746851394055,-1194.29172189718,11989.139999999954,1.1989139999999955e+24,0.0,0.0
1.2e-05,153432.0,5.11439,3e+22,-6622.15,-2222.4,13386.8,3.40168,3.37998,3.44582,0.00231036848,0.000742053773,0.230627957,0.0585987714,0.0581574636,0.0728693462,-0.000107124681,0.000591410547,0.00015724641,2443.27817,1119.27113,279.379945,46.6613305,1881.0229,-2109.15811,-1920.60457,-282.02621,2860.75573,24000.0,153431.591473,5.114386382,-30.000000000000004,30000 3000,1e-06,2,0.0 0.0259,0.0 0.0,-1.0 0.0,0.00054857 28.0,80000,1000,5e-10,0.0,0.0 0.0 0.0,1000 1000000 0,0,0.0,0,100,0,,10,,1,,,,1.0,10.0,0.1,False,{},,,False,3,mixed,250,300,True,Ar_Aubin,,False,uniform,Argon-Aubin-Test2/10Td,3.0000000000000005e+21,1.33868e+24,0.0,1.4671777777777777e-13,1.467108888888889e-13,0.0,0.0,0.0,0.0,0.0,0.0,0.0,0.0,0.0,0.0,0.0,0.0,0.0,0.0,0.0,0.0,0.0,0.0,0.0,0.0,0.0,0.0,4.444444444444445e-19,1.777777777777778e-18,1.3333333333333336e-18,3.3333333333333337e-18,0.0,0.0,0.0,0.0,0.0,0.0,1842.5401686165271,2458.577776629832,2087.452075608537,1882.6720403051152,408.8649018247487,-226.61460476759976,-480.263002377464,-144.90014032051408,10238.77999999978,1.0238779999999782e+24,0.0,0.0
1.205e-05,153580.0,5.11935,3e+22,-3512.53,1537.48,13887.7,3.36706,3.42176,3.44869,0.00236461788,0.000695786798,0.231253578,0.0587885361,0.0583377586,0.0732509028,-0.000144931737,0.000641045564,0.000167446726,2967.06829,-585.067854,-163.059613,-800.634327,781.26357,-382.963526,40.4418081,1299.01485,5078.35551,24100.0,153580.458936,5.119348631,-30.000000000000004,30000 3000,1e-06,2,0.0 0.0259,0.0 0.0,-1.0 0.0,0.00054857 28.0,80000,1000,5e-10,0.0,0.0 0.0 0.0,1000 1000000 0,0,0.0,0,100,0,,10,,1,,,,1.0,10.0,0.1,False,{},,,False,3,mixed,250,300,True,Ar_Aubin,,False,uniform,Argon-Aubin-Test2/10Td,3.0000000000000005e+21,1.3887700000000002e+24,0.0,1.4687066666666666e-13,1.4686555555555557e-13,0.0,0.0,0.0,0.0,0.0,0.0,0.0,0.0,0.0,0.0,0.0,0.0,0.0,0.0,0.0,0.0,0.0,0.0,0.0,0.0,0.0,0.0,0.0,1.3333333333333336e-18,2.666666666666667e-18,1.1111111111111113e-18,0.0,0.0,0.0,0.0,0.0,0.0,1895.110847949591,2975.3740812420365,1803.615245337467,780.1938117138109,925.9381219176717,1866.7751948094005,712.8846821364177,656.8282217002641,12512.419999999858,1.251241999999986e+24,0.0,0.0
1.21e-05,153783.0,5.12609,3e+22,5232.68,-518.248,11954.5,3.46893,3.40767,3.3746,0.00240275336,0.000625096791,0.231856209,0.058971198,0.0585225427,0.0736653801,-0.00015903285,0.000652861994,0.000162190055,1340.1129,-691.544659,-98.6989266,-53.4061819,1791.31639,1045.3495,1005.5652,-486.899407,3553.44419,24200.0,153782.582548,5.126086085,-30.000000000000004,30000 3000,1e-06,2,0.0 0.0259,0.0 0.0,-1.0 0.0,0.00054857 28.0,80000,1000,5e-10,0.0,0.0 0.0 0.0,1000 1000000 0,0,0.0,0,100,0,,10,,1,,,,1.0,10.0,0.1,False,{},,,False,3,mixed,250,300,True,Ar_Aubin,,False,uniform,Argon-Aubin-Test2/10Td,3.0000000000000005e+21,1.1954500000000001e+24,0.0,1.4743488888888888e-13,1.4743111111111111e-13,0.0,0.0,0.0,0.0,0.0,0.0,0.0,0.0,0.0,0.0,0.0,0.0,0.0,0.0,0.0,0.0,0.0,2.2222222222222226e-19,0.0,0.0,2.2222222222222226e-19,0.0,2.2222222222222226e-19,8.88888888888889e-19,4.444444444444445e-19,1.777777777777778e-18,0.0,0.0,0.0,0.0,0.0,0.0,1824.8009400943095,1327.5400605481952,1848.774732701522,1791.640345161742,1353.9298595038886,781.7191395095001,30.989802823242712,-335.0867893522401,12052.620000000403,1.2052620000000404e+24,0.0,0.0
1.215e-05,153775.0,5.12582,3e+22,7233.89,-1821.36,4810.43,3.44083,3.40005,3.41032,0.00264476968,0.000593765585,0.232413599,0.0591651902,0.0587386779,0.0740513556,-0.000219575833,0.000695467156,0.000186010762,1624.65869,-103.892539,1517.13206,-1440.87994,1622.54272,-748.323242,891.730602,-351.131998,2377.76852,24300.0,153774.600731,5.125820024,-30.000000000000004,30000 3000,1e-06,2,0.0 0.0259,0.0 0.0,-1.0 0.0,0.00054857 28.0,80000,1000,5e-10,0.0,0.0 0.0 0.0,1000 1000000 0,0,0.0,0,100,0,,10,,1,,,,1.0,10.0,0.1,False,{},,,False,3,mixed,250,300,True,Ar_Aubin,,False,uniform,Argon-Aubin-Test2/10Td,3.0000000000000005e+21,4.8104300000000006e+23,0.0,1.4764355555555554e-13,1.4763666666666668e-13,0.0,0.0,0.0,0.0,0.0,0.0,0.0,0.0,0.0,0.0,0.0,0.0,2.2222222222222226e-19,0.0,0.0,0.0,0.0,0.0,0.0,0.0,2.2222222222222226e-19,0.0,4.444444444444445e-19,1.777777777777778e-18,1.1111111111111113e-18,3.1111111111111112e-18,0.0,0.0,0.0,0.0,0.0,0.0,1927.7061704874034,1605.5267170595448,2161.7338842819245,1623.6241808858956,1271.9615171888354,1259.75917096243,-299.63985286531874,714.8857729181275,11147.79999999982,1.114779999999982e+24,0.0,0.0
1.22e-05,153846.0,5.12821,3e+22,-7017.59,9475.39,4969.63,3.4228,3.4306,3.40209,0.00270498279,0.000702455709,0.232925591,0.0593822645,0.0589827119,0.074395697,-0.000221316289,0.000726794704,0.000209380673,2944.49023,296.269868,1296.43466,339.452477,1820.3456,64.4887012,-2757.59651,2837.78661,2154.28556,24400.0,153846.234215,5.128207807,-30.000000000000004,30000 3000,1e-06,2,0.0 0.0259,0.0 0.0,-1.0 0.0,0.00054857 28.0,80000,1000,5e-10,0.0,0.0 0.0 0.0,1000 1000000 0,0,0.0,0,100,0,,10,,1,,,,1.0,10.0,0.1,False,{},,,False,3,mixed,250,300,True,Ar_Aubin,,False,uniform,Argon-Aubin-Test2/10Td,3.0000000000000005e+21,4.96963e+23,0.0,1.4720333333333333e-13,1.4719866666666667e-13,0.0,0.0,0.0,0.0,0.0,0.0,0.0,0.0,0.0,0.0,0.0,0.0,0.0,0.0,0.0,0.0,0.0,0.0,0.0,0.0,0.0,0.0,4.444444444444445e-19,1.3333333333333336e-18,1.1111111111111113e-18,1.777777777777778e-18,0.0,0.0,0.0,0.0,0.0,0.0,2167.521747660495,2963.472690177276,2438.9311354681977,1813.6895581994986,1060.9145743352422,996.7315551986699,318.9654569859873,159.9716845230223,10239.839999999778,1.023983999999978e+24,0.0,0.0
1.225e-05,153884.0,5.12947,3e+22,-1453.59,1605.1,13664.7,3.40056,3.41542,3.44187,0.00277376723,0.000633594442,0.233452738,0.0595595595,0.0591550543,0.0747731682,-0.000247853821,0.000734690947,0.000191244758,223.456431,767.14645,-1664.36329,494.795716,2711.19636,-375.230899,-106.723178,510.514153,5267.94598,24500.0,153884.148519,5.129471617,-30.000000000000004,30000 3000,1e-06,2,0.0 0.0259,0.0 0.0,-1.0 0.0,0.00054857 28.0,80000,1000,5e-10,0.0,0.0 0.0 0.0,1000 1000000 0,0,0.0,0,100,0,,10,,1,,,,1.0,10.0,0.1,False,{},,,False,3,mixed,250,300,True,Ar_Aubin,,False,uniform,Argon-Aubin-Test2/10Td,3.0000000000000005e+21,1.36647e+24,0.0,1.4749155555555555e-13,1.4748600000000002e-13,0.0,0.0,0.0,0.0,0.0,0.0,0.0,0.0,0.0,0.0,0.0,0.0,0.0,0.0,0.0,0.0,0.0,4.444444444444445e-19,0.0,0.0,0.0,0.0,2.2222222222222226e-19,1.1111111111111113e-18,1.5555555555555556e-18,2.2222222222222226e-18,0.0,0.0,0.0,0.0,0.0,0.0,1769.1814724797584,227.4883513078557,1724.3440210618078,2710.179377561146,1316.2126300263894,2077.8843510514002,-191.75192825193494,-1469.644599638361,10542.940000000111,1.0542940000000112e+24,0.0,0.0
1.23e-05,153819.0,5.12731,3e+22,5217.42,9964.97,10288.2,3.40082,3.43581,3.41667,0.0029152791,0.000770935352,0.23389407,0.0597244495,0.0593328339,0.0750995497,-0.000237029829,0.000799864364,0.000234264336,1447.948,-1996.47117,546.399162,-470.987201,1857.16788,-13.730932,1119.33914,2998.34099,3504.31537,24600.0,153819.239597,5.127307987,-30.000000000000004,30000 3000,1e-06,2,0.0 0.0259,0.0 0.0,-1.0 0.0,0.00054857 28.0,80000,1000,5e-10,0.0,0.0 0.0 0.0,1000 1000000 0,0,0.0,0,100,0,,10,,1,,,,1.0,10.0,0.1,False,{},,,False,3,mixed,250,300,True,Ar_Aubin,,False,uniform,Argon-Aubin-Test2/10Td,3.0000000000000005e+21,1.0288200000000002e+24,0.0,1.47412e-13,1.4740600000000001e-13,0.0,0.0,0.0,0.0,0.0,0.0,0.0,0.0,0.0,0.0,0.0,0.0,0.0,0.0,0.0,0.0,0.0,0.0,0.0,0.0,2.2222222222222226e-19,0.0,2.2222222222222226e-19,1.777777777777778e-18,1.1111111111111113e-18,2.666666666666667e-18,0.0,0.0,0.0,0.0,0.0,0.0,1640.8493241532042,1432.7377645180782,1775.8670059996734,1849.4855323453805,1201.263985317405,1097.9663990259996,617.0095506647733,415.4217288639802,8826.64000000033,8.826640000000332e+23,0.0,0.0
1.235e-05,153806.0,5.12687,3e+22,3743.71,1466.06,13353.1,3.42361,3.44149,3.38754,0.00284288428,0.000579486495,0.234335216,0.0599687696,0.0595072074,0.0754220678,-0.000230477373,0.000823992744,0.000180529872,2590.65079,-822.011811,625.108837,-969.150251,1736.4065,-1474.77755,2172.13853,548.787772,4125.47731,24700.0,153806.142089,5.126871403,-30.000000000000004,30000 3000,1e-06,2,0.0 0.0259,0.0 0.0,-1.0 0.0,0.00054857 28.0,80000,1000,5e-10,0.0,0.0 0.0 0.0,1000 1000000 0,0,0.0,0,100,0,,10,,1,,,,1.0,10.0,0.1,False,{},,,False,3,mixed,250,300,True,Ar_Aubin,,False,uniform,Argon-Aubin-Test2/10Td,3.0000000000000005e+21,1.3353100000000001e+24,0.0,1.4742977777777777e-13,1.4742466666666668e-13,0.0,0.0,0.0,0.0,0.0,0.0,0.0,0.0,0.0,0.0,0.0,0.0,0.0,0.0,0.0,0.0,0.0,0.0,0.0,0.0,0.0,0.0,0.0,1.3333333333333336e-18,1.1111111111111113e-18,2.666666666666667e-18,0.0,0.0,0.0,0.0,0.0,0.0,2447.3696120142636,2580.007855692121,1746.320367190732,1735.5569380291404,1159.6062339824105,996.3757372303999,796.1394413626491,1882.0029574293717,8822.920000000067,8.822920000000068e+23,0.0,0.0
1.24e-05,153786.0,5.12622,3e+22,9784.17,-1342.9,3746.87,3.42009,3.41945,3.41226,0.00297400594,0.000643259875,0.234812188,0.0602226329,0.0597953284,0.07572278,-0.000261986128,0.000874298463,0.000200123496,908.76127,1194.35449,367.845001,-1745.98487,2011.02805,226.71688,2849.01804,-244.866402,2075.38852,24800.0,153786.489992,5.126216333,-30.000000000000004,30000 3000,1e-06,2,0.0 0.0259,0.0 0.0,-1.0 0.0,0.00054857 28.0,80000,1000,5e-10,0.0,0.0 0.0 0.0,1000 1000000 0,0,0.0,0,100,0,,10,,1,,,,1.0,10.0,0.1,False,{},,,False,3,mixed,250,300,True,Ar_Aubin,,False,uniform,Argon-Aubin-Test2/10Td,3.0000000000000005e+21,3.74687e+23,0.0,1.4727066666666666e-13,1.472648888888889e-13,0.0,0.0,0.0,0.0,0.0,0.0,0.0,0.0,0.0,0.0,0.0,0.0,0.0,0.0,0.0,0.0,0.0,0.0,0.0,0.0,0.0,0.0,0.0,1.1111111111111113e-18,2.666666666666667e-18,1.777777777777778e-18,0.0,0.0,0.0,2.2222222222222226e-19,0.0,0.0,2531.0057969832324,879.6630903020301,2880.4302133110527,2011.8918836861374,769.4202441931725,1195.57777714844,363.2155784081561,908.2774618996323,9539.439999999844,9.539439999999845e+23,0.0,0.0
1.245e-05,153771.0,5.12571,3e+22,-2023.98,3437.51,4777.55,3.4299,3.4233,3.39799,0.00300266023,0.000683080325,0.235310494,0.0605254601,0.0600386519,0.076094585,-0.000251192343,0.000931367922,0.000230306192,4034.67281,1303.46073,585.762939,199.373788,2657.5766,919.854538,-376.859991,1201.75124,2067.89595,24900.0,153771.179716,5.125705991,-30.000000000000004,30000 3000,1e-06,2,0.0 0.0259,0.0 0.0,-1.0 0.0,0.00054857 28.0,80000,1000,5e-10,0.0,0.0 0.0 0.0,1000 1000000 0,0,0.0,0,100,0,,10,,1,,,,1.0,10.0,0.1,False,{},,,False,3,mixed,250,300,True,Ar_Aubin,,False,uniform,Argon-Aubin-Test2/10Td,3.0000000000000005e+21,4.7775500000000007e+23,0.0,1.4744244444444445e-13,1.4743644444444447e-13,0.0,0.0,0.0,0.0,0.0,0.0,0.0,0.0,0.0,0.0,0.0,0.0,0.0,0.0,0.0,0.0,0.0,2.2222222222222226e-19,0.0,0.0,0.0,0.0,0.0,1.777777777777778e-18,1.777777777777778e-18,2.2222222222222226e-18,0.0,0.0,0.0,0.0,0.0,0.0,3026.5594287432614,4040.7501342523155,2432.706845363758,2655.2285045520093,1375.4004682330763,943.6882993903,976.8967772188619,670.8213222642835,9966.120000000079,9.96612000000008e+23,0.0,0.0
1.25e-05,153845.0,5.12818,3e+22,4024.79,9401.58,16241.0,3.43543,3.39012,3.42872,0.00314598019,0.0007554493,0.235881879,0.0607210634,0.0603558587,0.0764855046,-0.000211894042,0.00098891796,0.000214210525,2064.80087,-248.383972,2244.48086,-90.9503191,2219.20482,288.536213,821.79004,3546.34123,5324.85911,25000.0,153845.435212,5.128181174,-30.000000000000004,30000 3000,1e-06,2,0.0 0.0259,0.0 0.0,-1.0 0.0,0.00054857 28.0,80000,1000,5e-10,0.0,0.0 0.0 0.0,1000 1000000 0,0,0.0,0,100,0,,10,,1,,,,1.0,10.0,0.1,False,{},,,False,3,mixed,250,300,True,Ar_Aubin,,False,uniform,Argon-Aubin-Test2/10Td,3.0000000000000005e+21,1.6241e+24,0.0,1.4742244444444444e-13,1.474168888888889e-13,0.0,0.0,0.0,0.0,0.0,0.0,0.0,0.0,0.0,0.0,0.0,0.0,0.0,0.0,0.0,0.0,0.0,2.2222222222222226e-19,0.0,0.0,2.2222222222222226e-19,0.0,2.2222222222222226e-19,1.5555555555555556e-18,2.2222222222222226e-18,1.1111111111111113e-18,0.0,0.0,0.0,0.0,0.0,0.0,1947.2207710095197,2052.1389603910898,3171.0269508553743,2212.102402970106,1216.8734595340015,1493.9015131610004,440.55563042953287,2065.8020079538,11427.699999999597,1.1427699999999599e+24,0.0,0.0
1.255e-05,153972.0,5.13239,3e+22,-1558.14,-1196.73,8158.29,3.38665,3.43622,3.4415,0.00322126823,0.000712575876,0.236497473,0.0609463926,0.0606303669,0.0768793721,-0.000171633011,0.00101327192,0.000176485553,619.84312,-1211.05682,-346.542592,-1392.8507,1185.5182,533.84072,581.964261,-1028.2895,2200.10696,25100.0,153971.584326,5.132386144,-30.000000000000004,30000 3000,1e-06,2,0.0 0.0259,0.0 0.0,-1.0 0.0,0.00054857 28.0,80000,1000,5e-10,0.0,0.0 0.0 0.0,1000 1000000 0,0,0.0,0,100,0,,10,,1,,,,1.0,10.0,0.1,False,{},,,False,3,mixed,250,300,True,Ar_Aubin,,False,uniform,Argon-Aubin-Test2/10Td,3.0000000000000005e+21,8.15829e+23,0.0,1.4758755555555555e-13,1.4758222222222225e-13,0.0,0.0,0.0,0.0,0.0,0.0,0.0,2.2222222222222226e-19,0.0,0.0,0.0,0.0,0.0,0.0,0.0,0.0,0.0,0.0,0.0,0.0,0.0,0.0,4.444444444444445e-19,2e-18,1.3333333333333336e-18,1.3333333333333336e-18,0.0,0.0,0.0,0.0,0.0,0.0,2248.498223462667,624.8623068798922,2745.711392658154,1186.3709609280854,1030.7360518489738,270.6919909988301,92.23764527588416,577.6378011920933,12311.880000000498,1.23118800000005e+24,0.0,0.0
1.26e-05,153954.0,5.13181,3e+22,2775.61,2052.5,12474.7,3.40105,3.40544,3.45618,0.00318032885,0.00052953702,0.236978863,0.0611567291,0.0609146592,0.0771918383,-0.00015624795,0.00101138452,0.000118176751,3222.09546,-1246.15309,1413.33531,804.621196,1786.35226,1048.91177,-252.909781,1234.2089,4879.59885,25200.0,153954.406999,5.131813567,-30.000000000000004,30000 3000,1e-06,2,0.0 0.0259,0.0 0.0,-1.0 0.0,0.00054857 28.0,80000,1000,5e-10,0.0,0.0 0.0 0.0,1000 1000000 0,0,0.0,0,100,0,,10,,1,,,,1.0,10.0,0.1,False,{},,,False,3,mixed,250,300,True,Ar_Aubin,,False,uniform,Argon-Aubin-Test2/10Td,3.0000000000000005e+21,1.2474700000000003e+24,0.0,1.476331111111111e-13,1.4762733333333336e-13,0.0,0.0,0.0,0.0,0.0,0.0,0.0,0.0,0.0,0.0,0.0,0.0,0.0,0.0,0.0,0.0,0.0,0.0,0.0,0.0,0.0,0.0,2.2222222222222226e-19,1.3333333333333336e-18,8.88888888888889e-19,3.3333333333333337e-18,0.0,0.0,0.0,0.0,0.0,0.0,2105.9857741546894,3213.2681074406514,2845.196549235013,1785.2653852664498,845.3942661295483,1923.3586277339,125.27362822170336,462.9909787634748,9627.799999999965,9.627799999999965e+23,0.0,0.0
1.265e-05,153943.0,5.13143,3e+22,-3917.1,-2758.6,12980.2,3.4317,3.44516,3.38492,0.00315642562,0.000582688836,0.237518572,0.0613836718,0.0611203006,0.0775345265,-0.000195204628,0.00100856155,0.000167519766,3763.29536,-341.159249,357.755835,-955.077402,3382.59642,1663.56223,-558.108844,-458.769823,3937.51203,25300.0,153942.900251,5.131430008,-30.000000000000004,30000 3000,1e-06,2,0.0 0.0259,0.0 0.0,-1.0 0.0,0.00054857 28.0,80000,1000,5e-10,0.0,0.0 0.0 0.0,1000 1000000 0,0,0.0,0,100,0,,10,,1,,,,1.0,10.0,0.1,False,{},,,False,3,mixed,250,300,True,Ar_Aubin,,False,uniform,Argon-Aubin-Test2/10Td,3.0000000000000005e+21,1.29802e+24,0.0,1.4777022222222223e-13,1.4776355555555557e-13,0.0,0.0,0.0,0.0,0.0,0.0,0.0,0.0,0.0,0.0,0.0,0.0,0.0,0.0,0.0,0.0,0.0,0.0,0.0,0.0,0.0,0.0,0.0,2e-18,1.5555555555555556e-18,3.1111111111111112e-18,0.0,0.0,0.0,0.0,0.0,0.0,2270.9416889954427,3775.659394796102,2055.8228317595076,3384.2038254229897,865.9766385359785,854.4734617255995,22.76077904965956,689.0599535484761,10794.179999999988,1.0794179999999988e+24,0.0,0.0
1.27e-05,154035.0,5.13449,3e+22,-1565.33,-6375.66,3291.78,3.42945,3.4305,3.40872,0.00313800597,0.000556376459,0.238017093,0.0616234314,0.0613569148,0.0778631972,-0.000221417178,0.0010193177,0.000156085101,2684.59198,-2042.02202,-508.650583,-1734.63627,2532.90273,-661.253523,1.70415755,-1309.15768,1053.2967,25400.0,154034.812869,5.134493762,-30.000000000000004,30000 3000,1e-06,2,0.0 0.0259,0.0 0.0,-1.0 0.0,0.00054857 28.0,80000,1000,5e-10,0.0,0.0 0.0 0.0,1000 1000000 0,0,0.0,0,100,0,,10,,1,,,,1.0,10.0,0.1,False,{},,,False,3,mixed,250,300,True,Ar_Aubin,,False,uniform,Argon-Aubin-Test2/10Td,3.0000000000000005e+21,3.291780000000001e+23,0.0,1.4761688888888888e-13,1.476128888888889e-13,0.0,0.0,0.0,0.0,0.0,0.0,0.0,0.0,0.0,0.0,0.0,0.0,0.0,2.2222222222222226e-19,0.0,0.0,0.0,0.0,0.0,0.0,0.0,0.0,4.444444444444445e-19,8.88888888888889e-19,6.666666666666668e-19,1.777777777777778e-18,0.0,0.0,0.0,0.0,0.0,0.0,2398.755412268347,2689.5039948850203,2366.441715154766,2536.4499971345876,916.0618474853,269.79679360446005,271.33594181138903,-144.70075455623663,9970.420000000036,9.970420000000037e+23,0.0,0.0
1.275e-05,154118.0,5.13726,3e+22,4685.22,1563.96,7162.64,3.4265,3.41339,3.43419,0.00320048041,0.000582875942,0.238604956,0.0618094202,0.0616393977,0.0782403757,-0.000206295123,0.00102302959,0.00016062258,1641.34451,1027.76473,865.700993,-818.176867,2539.11016,-1284.35225,1210.64621,-321.095558,1982.81977,25500.0,154117.784472,5.137259482,-30.000000000000004,30000 3000,1e-06,2,0.0 0.0259,0.0 0.0,-1.0 0.0,0.00054857 28.0,80000,1000,5e-10,0.0,0.0 0.0 0.0,1000 1000000 0,0,0.0,0,100,0,,10,,1,,,,1.0,10.0,0.1,False,{},,,False,3,mixed,250,300,True,Ar_Aubin,,False,uniform,Argon-Aubin-Test2/10Td,3.0000000000000005e+21,7.16264e+23,0.0,1.47968e-13,1.4796222222222224e-13,0.0,0.0,0.0,0.0,0.0,0.0,0.0,0.0,0.0,0.0,0.0,0.0,0.0,0.0,0.0,0.0,0.0,0.0,0.0,0.0,0.0,2.2222222222222226e-19,0.0,1.3333333333333336e-18,1.3333333333333336e-18,2.888888888888889e-18,0.0,0.0,0.0,0.0,0.0,0.0,1855.9280661296225,1626.3495551734597,2824.52710400366,2538.19856534175,969.9003240871973,273.77836795615985,-260.790772217336,935.5066020457978,11757.259999999882,1.1757259999999882e+24,0.0,0.0
1.28e-05,154005.0,5.13349,3e+22,-10035.0,1209.01,8466.88,3.44452,3.41949,3.40198,0.00322096663,0.000522256528,0.239144398,0.062019133,0.0618979873,0.0786089958,-0.000229960739,0.00105331435,0.00012987942,266.009816,-1780.67325,1080.824,372.399326,-521.611164,1162.74384,-3426.95989,79.3189466,3842.40206,25600.0,154004.63665,5.133487888,-30.000000000000004,30000 3000,1e-06,2,0.0 0.0259,0.0 0.0,-1.0 0.0,0.00054857 28.0,80000,1000,5e-10,0.0,0.0 0.0 0.0,1000 1000000 0,0,0.0,0,100,0,,10,,1,,,,1.0,10.0,0.1,False,{},,,False,3,mixed,250,300,True,Ar_Aubin,,False,uniform,Argon-Aubin-Test2/10Td,3.0000000000000005e+21,8.46688e+23,0.0,1.4793666666666666e-13,1.4792822222222223e-13,0.0,0.0,0.0,0.0,0.0,0.0,0.0,0.0,0.0,0.0,0.0,0.0,0.0,0.0,0.0,0.0,0.0,0.0,0.0,0.0,4.444444444444445e-19,0.0,4.444444444444445e-19,2.4444444444444447e-18,2.2222222222222226e-18,2.888888888888889e-18,0.0,0.0,0.0,0.0,0.0,0.0,2095.812488232193,298.33221613205,2586.5659248271863,-522.2425773649173,1109.020329795249,1817.59513946176,473.18243394946313,26.40660598978593,10788.840000000022,1.0788840000000022e+24,0.0,0.0
1.285e-05,154081.0,5.13603,3e+22,8148.08,5563.09,767.385,3.44399,3.39592,3.4316,0.00324487731,0.000531862743,0.239603659,0.0622433019,0.0621395833,0.0789587462,-0.000233094368,0.0010401596,0.000150069703,2117.90698,-1014.14657,1470.90899,-596.557586,-1027.72573,829.494796,1080.06268,2367.60474,1304.36603,25700.0,154081.038591,5.13603462,-30.000000000000004,30000 3000,1e-06,2,0.0 0.0259,0.0 0.0,-1.0 0.0,0.00054857 28.0,80000,1000,5e-10,0.0,0.0 0.0 0.0,1000 1000000 0,0,0.0,0,100,0,,10,,1,,,,1.0,10.0,0.1,False,{},,,False,3,mixed,250,300,True,Ar_Aubin,,False,uniform,Argon-Aubin-Test2/10Td,3.0000000000000005e+21,7.673850000000001e+22,0.0,1.4793244444444443e-13,1.479288888888889e-13,0.0,0.0,0.0,0.0,0.0,0.0,0.0,0.0,0.0,0.0,0.0,0.0,0.0,0.0,0.0,0.0,0.0,0.0,0.0,0.0,0.0,0.0,0.0,1.1111111111111113e-18,8.88888888888889e-19,1.5555555555555556e-18,0.0,0.0,0.0,0.0,0.0,0.0,2240.1429727462314,2091.4674600879353,2415.8587390365333,-1030.684530306956,1298.8008859413092,1120.497776138285,-407.2620154527704,596.1718180007458,9185.219999999772,9.185219999999773e+23,0.0,0.0
1.29e-05,154096.0,5.13654,3e+22,4440.98,-4908.62,7036.66,3.43271,3.39408,3.44576,0.00331782231,0.00046210839,0.240050238,0.0624529912,0.062360006,0.0792928228,-0.000196909337,0.00106442546,0.00012628431,1271.6892,1019.04651,381.174406,681.618148,136.536574,869.548843,1008.07217,-1672.84998,2387.05836,25800.0,154096.207635,5.136540255,-30.000000000000004,30000 3000,1e-06,2,0.0 0.0259,0.0 0.0,-1.0 0.0,0.00054857 28.0,80000,1000,5e-10,0.0,0.0 0.0 0.0,1000 1000000 0,0,0.0,0,100,0,,10,,1,,,,1.0,10.0,0.1,False,{},,,False,3,mixed,250,300,True,Ar_Aubin,,False,uniform,Argon-Aubin-Test2/10Td,3.0000000000000005e+21,7.03666e+23,0.0,1.4780799999999998e-13,1.4780333333333335e-13,0.0,0.0,0.0,0.0,0.0,0.0,0.0,0.0,0.0,0.0,0.0,0.0,0.0,0.0,0.0,0.0,0.0,0.0,0.0,0.0,0.0,0.0,2.2222222222222226e-19,1.1111111111111113e-18,1.777777777777778e-18,1.5555555555555556e-18,0.0,0.0,0.0,0.0,0.0,0.0,2092.1058387621956,1256.9548174777362,2204.9203381328125,138.8048884853218,1198.7324233163345,697.90645227492,106.12602649735358,299.8418825108756,8931.58000000005,8.931580000000052e+23,0.0,0.0
1.295e-05,154119.0,5.13731,3e+22,-1525.94,-8105.87,10470.5,3.44957,3.41125,3.4128,0.00338781189,0.000281158203,0.24059021,0.06268659,0.0625875511,0.079657057,-0.000196802111,0.00107713741,7.95410518e-05,1363.79453,-51.5060397,296.370726,-370.824889,-109.884156,549.708022,-1035.20561,-1651.33524,3284.3767,25900.0,154119.396841,5.137313228,-30.000000000000004,30000 3000,1e-06,2,0.0 0.0259,0.0 0.0,-1.0 0.0,0.00054857 28.0,80000,1000,5e-10,0.0,0.0 0.0 0.0,1000 1000000 0,0,0.0,0,100,0,,10,,1,,,,1.0,10.0,0.1,False,{},,,False,3,mixed,250,300,True,Ar_Aubin,,False,uniform,Argon-Aubin-Test2/10Td,3.0000000000000005e+21,1.0470500000000001e+24,0.0,1.4785377777777777e-13,1.4784777777777779e-13,0.0,0.0,0.0,0.0,0.0,0.0,0.0,0.0,0.0,0.0,0.0,0.0,0.0,0.0,0.0,0.0,0.0,0.0,0.0,0.0,0.0,0.0,0.0,8.88888888888889e-19,1.3333333333333336e-18,3.777777777777778e-18,0.0,0.0,0.0,0.0,0.0,0.0,2331.2947547871054,1368.9641276754264,2276.795942289939,-107.6051241570484,1047.0181601254792,765.2769061949998,-118.36777796774348,-407.180743346845,10799.439999999993,1.0799439999999994e+24,0.0,0.0
1.3e-05,154169.0,5.13897,3e+22,-6410.14,4145.25,6239.49,3.4411,3.43502,3.40127,0.00337770912,0.000265612419,0.241125734,0.0628671986,0.0627868144,0.0800092312,-0.000216132432,0.00105424831,9.15379797e-05,1226.69309,-6.98364399,231.244204,-680.534472,2502.98774,-1064.0151,-2438.6065,797.266896,2039.44895,26000.0,154169.170606,5.138972354,-30.000000000000004,30000 3000,1e-06,2,0.0 0.0259,0.0 0.0,-1.0 0.0,0.00054857 28.0,80000,1000,5e-10,0.0,0.0 0.0 0.0,1000 1000000 0,0,0.0,0,100,0,,10,,1,,,,1.0,10.0,0.1,False,{},,,False,3,mixed,250,300,True,Ar_Aubin,,False,uniform,Argon-Aubin-Test2/10Td,3.0000000000000005e+21,6.23949e+23,0.0,1.47834e-13,1.4782844444444445e-13,0.0,0.0,0.0,0.0,0.0,0.0,0.0,0.0,0.0,0.0,0.0,0.0,0.0,0.0,0.0,0.0,0.0,0.0,0.0,0.0,0.0,0.0,0.0,1.1111111111111113e-18,2e-18,2.4444444444444447e-18,0.0,0.0,0.0,0.0,0.0,0.0,1806.7695050268119,1248.3446783384768,1992.717999779875,2501.8867101201404,942.0375080534255,534.94734396434,-445.3463348579436,-682.7877657343886,10710.480000000189,1.071048000000019e+24,0.0,0.0
1.305e-05,154163.0,5.13876,3e+22,11615.2,-823.362,8938.68,3.44654,3.38675,3.443,0.00334261131,0.000171993406,0.241537335,0.0630377617,0.0629824658,0.0803144051,-0.000227262054,0.00102580643,8.04802487e-05,2168.83838,805.316888,1403.47506,-1226.75325,2887.77526,-739.266122,2824.58764,-815.092153,3098.11561,26100.0,154162.698703,5.138756623,-30.000000000000004,30000 3000,1e-06,2,0.0 0.0259,0.0 0.0,-1.0 0.0,0.00054857 28.0,80000,1000,5e-10,0.0,0.0 0.0 0.0,1000 1000000 0,0,0.0,0,100,0,,10,,1,,,,1.0,10.0,0.1,False,{},,,False,3,mixed,250,300,True,Ar_Aubin,,False,uniform,Argon-Aubin-Test2/10Td,3.0000000000000005e+21,8.938680000000001e+23,0.0,1.480228888888889e-13,1.4801844444444445e-13,0.0,0.0,0.0,0.0,0.0,0.0,0.0,0.0,0.0,0.0,0.0,0.0,0.0,0.0,0.0,0.0,0.0,0.0,0.0,0.0,2.2222222222222226e-19,0.0,2.2222222222222226e-19,1.1111111111111113e-18,8.88888888888889e-19,2e-18,0.0,0.0,0.0,0.0,0.0,0.0,1707.9896852960353,2130.013281112088,1956.923682254197,2887.916872834751,1065.09298136534,939.0906643822,-427.09433919529585,1392.6797136435293,8232.019999999673,8.232019999999674e+23,0.0,0.0
1.31e-05,154245.0,5.14151,3e+22,2637.09,-4475.84,14201.9,3.43889,3.46833,3.37449,0.00339964555,0.000102111491,0.242120124,0.0632594852,0.0631269144,0.0807024827,-0.000227455244,0.00106327851,6.75613707e-05,1395.48623,1098.7783,1996.26097,391.248498,2635.04358,81.7564382,15.3370789,-1256.89847,4700.41365,26200.0,154245.151957,5.141505065,-30.000000000000004,30000 3000,1e-06,2,0.0 0.0259,0.0 0.0,-1.0 0.0,0.00054857 28.0,80000,1000,5e-10,0.0,0.0 0.0 0.0,1000 1000000 0,0,0.0,0,100,0,,10,,1,,,,1.0,10.0,0.1,False,{},,,False,3,mixed,250,300,True,Ar_Aubin,,False,uniform,Argon-Aubin-Test2/10Td,3.0000000000000005e+21,1.42019e+24,0.0,1.4789933333333333e-13,1.4789377777777778e-13,0.0,0.0,0.0,0.0,0.0,0.0,0.0,0.0,0.0,0.0,0.0,0.0,0.0,0.0,0.0,0.0,0.0,0.0,0.0,2.2222222222222226e-19,0.0,0.0,6.666666666666668e-19,1.1111111111111113e-18,6.666666666666668e-19,2.888888888888889e-18,0.0,0.0,0.0,0.0,0.0,0.0,2213.389605041083,1386.5210587165504,1444.6775497510557,2635.5006146958776,1062.0735312684426,1261.8478609644008,434.29811272421415,1324.824064964295,11655.780000000004,1.1655780000000006e+24,0.0,0.0
1.315e-05,154217.0,5.14058,3e+22,1742.43,7617.89,15764.6,3.40794,3.43859,3.43287,0.00326395005,0.000238183822,0.242606475,0.063530129,0.0633450023,0.0810315728,-0.000187336855,0.00103736666,0.000134356821,1675.95018,327.77163,-1092.54722,411.102871,3371.42098,-285.462139,1818.65948,2983.05636,5331.82092,26300.0,154217.467278,5.140582243,-30.000000000000004,30000 3000,1e-06,2,0.0 0.0259,0.0 0.0,-1.0 0.0,0.00054857 28.0,80000,1000,5e-10,0.0,0.0 0.0 0.0,1000 1000000 0,0,0.0,0,100,0,,10,,1,,,,1.0,10.0,0.1,False,{},,,False,3,mixed,250,300,True,Ar_Aubin,,False,uniform,Argon-Aubin-Test2/10Td,3.0000000000000005e+21,1.57646e+24,0.0,1.4830377777777778e-13,1.482977777777778e-13,0.0,0.0,0.0,0.0,0.0,0.0,0.0,0.0,0.0,0.0,0.0,0.0,2.2222222222222226e-19,0.0,0.0,0.0,0.0,0.0,0.0,0.0,0.0,0.0,4.444444444444445e-19,1.5555555555555556e-18,1.777777777777778e-18,2e-18,0.0,0.0,0.0,0.0,0.0,0.0,2715.480199367432,1670.2629755143785,2180.4159522352543,3369.6065218442245,933.4283384976328,1507.2268842150002,107.10671830948876,251.9325928075201,9727.01999999992,9.727019999999922e+23,0.0,0.0
1.32e-05,154252.0,5.14174,3e+22,7268.03,-7361.24,9683.63,3.42799,3.41787,3.43647,0.00325761495,0.000196629317,0.24313843,0.0637437158,0.063577137,0.0813913873,-0.000171212843,0.00104929646,0.000111102764,1131.57306,499.638171,-767.663132,-478.798027,2101.99588,-2179.75769,2158.35485,-2220.44914,3103.76065,26400.0,154252.099198,5.14173664,-30.000000000000004,30000 3000,1e-06,2,0.0 0.0259,0.0 0.0,-1.0 0.0,0.00054857 28.0,80000,1000,5e-10,0.0,0.0 0.0 0.0,1000 1000000 0,0,0.0,0,100,0,,10,,1,,,,1.0,10.0,0.1,False,{},,,False,3,mixed,250,300,True,Ar_Aubin,,False,uniform,Argon-Aubin-Test2/10Td,3.0000000000000005e+21,9.68363e+23,0.0,1.4807355555555555e-13,1.4806777777777778e-13,0.0,0.0,0.0,0.0,0.0,0.0,0.0,0.0,0.0,0.0,0.0,0.0,0.0,0.0,0.0,0.0,0.0,0.0,0.0,0.0,0.0,0.0,0.0,2.666666666666667e-18,1.5555555555555556e-18,1.5555555555555556e-18,0.0,0.0,0.0,0.0,0.0,0.0,2136.2811476642596,1107.8966168149514,2321.527684447794,2103.443315593473,1014.2006906072726,749.2980550991006,234.67663438090597,-407.9912232511683,10639.100000000013,1.0639100000000013e+24,0.0,0.0
1.325e-05,154260.0,5.14201,3e+22,-1844.71,7880.54,9042.99,3.43419,3.37763,3.47136,0.00320716215,0.000124998553,0.243671896,0.063898176,0.0637844959,0.0817542856,-0.000164388328,0.00101830359,9.88195649e-05,2130.15464,388.862694,404.995503,-347.338549,3087.4588,2449.5599,-859.646111,1845.25813,3427.70484,26500.0,154260.333788,5.142011126,-30.000000000000004,30000 3000,1e-06,2,0.0 0.0259,0.0 0.0,-1.0 0.0,0.00054857 28.0,80000,1000,5e-10,0.0,0.0 0.0 0.0,1000 1000000 0,0,0.0,0,100,0,,10,,1,,,,1.0,10.0,0.1,False,{},,,False,3,mixed,250,300,True,Ar_Aubin,,False,uniform,Argon-Aubin-Test2/10Td,3.0000000000000005e+21,9.04299e+23,0.0,1.4793688888888888e-13,1.4793066666666668e-13,0.0,0.0,0.0,0.0,0.0,0.0,0.0,0.0,0.0,0.0,0.0,0.0,0.0,0.0,0.0,0.0,0.0,2.2222222222222226e-19,0.0,0.0,0.0,0.0,2.2222222222222226e-19,2.666666666666667e-18,2e-18,1.1111111111111113e-18,0.0,0.0,0.0,0.0,0.0,0.0,1547.8636610606611,2136.0709240897268,2073.819384500464,3086.4737439031414,1032.0154263007698,1224.18232119096,-408.7353476481628,-34.14895998066851,10669.320000000205,1.0669320000000207e+24,0.0,0.0
1.33e-05,154107.0,5.1369,3e+22,1068.67,3773.14,10392.7,3.43734,3.36876,3.46699,0.00337359355,0.000211371408,0.24406894,0.0641436207,0.0640596015,0.0820549992,-0.000187065734,0.00105581528,0.000130632043,4495.31689,-606.183098,429.024768,-590.360608,1621.25161,-1015.33729,-1196.53779,587.013297,2326.90199,26600.0,154106.933812,5.136897794,-30.000000000000004,30000 3000,1e-06,2,0.0 0.0259,0.0 0.0,-1.0 0.0,0.00054857 28.0,80000,1000,5e-10,0.0,0.0 0.0 0.0,1000 1000000 0,0,0.0,0,100,0,,10,,1,,,,1.0,10.0,0.1,False,{},,,False,3,mixed,250,300,True,Ar_Aubin,,False,uniform,Argon-Aubin-Test2/10Td,3.0000000000000005e+21,1.03927e+24,0.0,1.4780066666666666e-13,1.477937777777778e-13,0.0,0.0,0.0,0.0,0.0,0.0,0.0,0.0,0.0,0.0,0.0,0.0,0.0,0.0,0.0,0.0,0.0,2.2222222222222226e-19,0.0,0.0,2.2222222222222226e-19,0.0,4.444444444444445e-19,2e-18,2.2222222222222226e-18,1.777777777777778e-18,0.0,0.0,0.0,0.0,0.0,0.0,2443.4945561579993,4491.711631780921,2750.765467661176,1620.454076085619,1070.5902751120823,-209.63328273800062,-87.64859738800848,-1063.402921796885,7940.880000000261,7.940880000000262e+23,0.0,0.0
1.335e-05,154109.0,5.13695,3e+22,4225.44,-6632.33,13513.4,3.42546,3.42985,3.4172,0.00345893377,0.000129340842,0.244703844,0.0643771638,0.0642129261,0.082450788,-0.000228676154,0.0010271239,8.62173181e-05,1747.41884,-465.974291,745.291035,-624.045287,683.669906,2186.05386,2372.76913,-1129.14791,3955.21682,26700.0,154108.607939,5.136953598,-30.000000000000004,30000 3000,1e-06,2,0.0 0.0259,0.0 0.0,-1.0 0.0,0.00054857 28.0,80000,1000,5e-10,0.0,0.0 0.0 0.0,1000 1000000 0,0,0.0,0,100,0,,10,,1,,,,1.0,10.0,0.1,False,{},,,False,3,mixed,250,300,True,Ar_Aubin,,False,uniform,Argon-Aubin-Test2/10Td,3.0000000000000005e+21,1.35134e+24,0.0,1.4794933333333332e-13,1.4794133333333334e-13,0.0,0.0,0.0,0.0,0.0,0.0,0.0,0.0,0.0,0.0,2.2222222222222226e-19,0.0,0.0,0.0,0.0,0.0,0.0,0.0,0.0,0.0,0.0,0.0,8.88888888888889e-19,2.4444444444444447e-18,2.666666666666667e-18,1.777777777777778e-18,0.0,0.0,0.0,0.0,0.0,0.0,2329.600106153462,1732.8033228908912,1533.5254881872208,684.5277371466218,854.6500434725851,648.4358944904002,-1034.3273584214967,2037.336798801122,12698.079999999834,1.2698079999999836e+24,0.0,0.0
1.34e-05,154196.0,5.13988,3e+22,3691.61,9169.12,10936.6,3.3935,3.42461,3.46041,0.00345490517,-3.56118105e-05,0.245167929,0.0646143002,0.0644242551,0.0827586242,-0.000185835861,0.00104278812,4.84542847e-05,1542.73193,353.058903,-111.355688,-858.217181,2320.74321,-832.469913,991.985316,2630.30711,3128.34952,26800.0,154196.379422,5.139879314,-30.000000000000004,30000 3000,1e-06,2,0.0 0.0259,0.0 0.0,-1.0 0.0,0.00054857 28.0,80000,1000,5e-10,0.0,0.0 0.0 0.0,1000 1000000 0,0,0.0,0,100,0,,10,,1,,,,1.0,10.0,0.1,False,{},,,False,3,mixed,250,300,True,Ar_Aubin,,False,uniform,Argon-Aubin-Test2/10Td,3.0000000000000005e+21,1.09366e+24,0.0,1.4794422222222223e-13,1.4794066666666667e-13,0.0,0.0,0.0,0.0,0.0,0.0,0.0,0.0,0.0,0.0,0.0,0.0,0.0,0.0,0.0,0.0,0.0,0.0,0.0,0.0,0.0,2.2222222222222226e-19,0.0,1.5555555555555556e-18,8.88888888888889e-19,8.88888888888889e-19,0.0,0.0,0.0,0.0,0.0,0.0,2371.6425309155966,1529.9777675253763,2113.444608523585,2321.0697389638917,804.9405822730532,447.04594769860023,300.93328480237506,-62.21966625791197,9281.700000000059,9.28170000000006e+23,0.0,0.0
1.345e-05,154210.0,5.14032,3e+22,142.395,1425.9,11897.3,3.42631,3.41712,3.4364,0.00365205292,-7.95340257e-05,0.24559462,0.0648629781,0.0646342477,0.0830862422,-0.00024230491,0.00110936461,5.41677606e-05,1679.61269,-2602.63633,2677.51919,-584.611849,2404.72279,1000.95124,-687.253406,-970.084915,4445.5699,26900.0,154209.702336,5.140323411,-30.000000000000004,30000 3000,1e-06,2,0.0 0.0259,0.0 0.0,-1.0 0.0,0.00054857 28.0,80000,1000,5e-10,0.0,0.0 0.0 0.0,1000 1000000 0,0,0.0,0,100,0,,10,,1,,,,1.0,10.0,0.1,False,{},,,False,3,mixed,250,300,True,Ar_Aubin,,False,uniform,Argon-Aubin-Test2/10Td,3.0000000000000005e+21,1.18973e+24,0.0,1.4802222222222222e-13,1.4801800000000002e-13,0.0,0.0,0.0,0.0,0.0,0.0,0.0,0.0,0.0,0.0,0.0,0.0,0.0,0.0,0.0,0.0,0.0,0.0,0.0,0.0,0.0,0.0,4.444444444444445e-19,1.3333333333333336e-18,1.5555555555555556e-18,8.88888888888889e-19,0.0,0.0,0.0,0.0,0.0,0.0,2472.7677920320657,1679.0926559244565,2099.875425397996,2404.8361975672456,1182.140372046267,1523.6570274740006,333.6777262600514,1911.844768879984,8533.820000000136,8.533820000000137e+23,0.0,0.0
1.35e-05,154241.0,5.14136,3e+22,471.94,-5691.87,4703.69,3.43662,3.41617,3.42963,0.00376239481,-1.9783318e-05,0.246156779,0.0650772929,0.0648809226,0.0834769435,-0.000208642001,0.00116007629,4.70598038e-05,1034.26589,-767.377554,-626.775797,11.7816246,2299.60351,-150.152229,384.734456,-1820.73358,1567.16655,27000.0,154240.935566,5.141364519,-30.000000000000004,30000 3000,1e-06,2,0.0 0.0259,0.0 0.0,-1.0 0.0,0.00054857 28.0,80000,1000,5e-10,0.0,0.0 0.0 0.0,1000 1000000 0,0,0.0,0,100,0,,10,,1,,,,1.0,10.0,0.1,False,{},,,False,3,mixed,250,300,True,Ar_Aubin,,False,uniform,Argon-Aubin-Test2/10Td,3.0000000000000005e+21,4.7036900000000005e+23,0.0,1.481622222222222e-13,1.48156e-13,0.0,0.0,0.0,0.0,0.0,0.0,0.0,0.0,0.0,0.0,0.0,0.0,2.2222222222222226e-19,0.0,0.0,0.0,0.0,0.0,0.0,0.0,0.0,0.0,2.2222222222222226e-19,2.4444444444444447e-18,1.3333333333333336e-18,2e-18,0.0,0.0,0.0,0.0,0.0,0.0,2134.96675824168,1032.4902653933684,2466.808342815874,2299.490905925775,1142.5882528957181,409.32137018548997,429.9448270274711,-375.90971012510886,11243.179999999576,1.1243179999999578e+24,0.0,0.0
1.355e-05,154188.0,5.13962,3e+22,-8267.6,-1284.0,3615.55,3.41559,3.42418,3.43899,0.00386126724,-5.24932598e-05,0.246573844,0.0652548543,0.0650953409,0.0838091864,-0.000211300927,0.00120129013,4.4643809e-05,982.15807,-697.19508,-447.101741,662.589468,3380.86036,122.171611,-3378.4764,-1283.3128,2485.37503,27100.0,154188.499222,5.139616641,-30.000000000000004,30000 3000,1e-06,2,0.0 0.0259,0.0 0.0,-1.0 0.0,0.00054857 28.0,80000,1000,5e-10,0.0,0.0 0.0 0.0,1000 1000000 0,0,0.0,0,100,0,,10,,1,,,,1.0,10.0,0.1,False,{},,,False,3,mixed,250,300,True,Ar_Aubin,,False,uniform,Argon-Aubin-Test2/10Td,3.0000000000000005e+21,3.6155500000000004e+23,0.0,1.4798977777777777e-13,1.4798444444444446e-13,0.0,0.0,0.0,0.0,0.0,0.0,0.0,0.0,0.0,0.0,0.0,0.0,0.0,0.0,0.0,0.0,0.0,0.0,0.0,0.0,0.0,0.0,4.444444444444445e-19,1.1111111111111113e-18,1.3333333333333336e-18,2.4444444444444447e-18,0.0,0.0,0.0,0.0,0.0,0.0,1768.0763000761658,1014.081483033424,2144.1593583734766,3380.792958654417,1267.422027185078,1593.8749683258002,305.3064335569269,-1800.964833115182,8341.299999999885,8.341299999999885e+23,0.0,0.0
1.36e-05,154226.0,5.14088,3e+22,-353.206,-2086.25,11451.7,3.43534,3.42384,3.42182,0.00391492747,-6.98799663e-06,0.247087725,0.065465161,0.0653327734,0.0842214643,-0.000203562861,0.00122183658,3.56131271e-06,3074.6618,1141.0105,-1013.67732,-1185.94508,2043.35791,-1642.21055,-352.734079,-309.398255,4497.55824,27200.0,154226.477819,5.140882594,-30.000000000000004,30000 3000,1e-06,2,0.0 0.0259,0.0 0.0,-1.0 0.0,0.00054857 28.0,80000,1000,5e-10,0.0,0.0 0.0 0.0,1000 1000000 0,0,0.0,0,100,0,,10,,1,,,,1.0,10.0,0.1,False,{},,,False,3,mixed,250,300,True,Ar_Aubin,,False,uniform,Argon-Aubin-Test2/10Td,3.0000000000000005e+21,1.1451700000000001e+24,0.0,1.4822066666666667e-13,1.4821533333333334e-13,0.0,0.0,0.0,0.0,0.0,0.0,0.0,0.0,0.0,0.0,0.0,0.0,0.0,0.0,0.0,0.0,0.0,0.0,0.0,0.0,0.0,0.0,0.0,8.88888888888889e-19,2e-18,2.4444444444444447e-18,0.0,0.0,0.0,0.0,0.0,0.0,2098.8942760333252,3076.044575871969,2374.3520671022648,2043.3433312920306,1585.9459926070851,1667.9837396174999,106.06867951529686,-1323.971106911849,10277.620000000432,1.0277620000000433e+24,0.0,0.0
1.365e-05,154430.0,5.14767,3e+22,-5695.14,1741.65,10803.6,3.42745,3.42616,3.44087,0.00401175163,4.15925219e-05,0.247735429,0.0656346998,0.0655525412,0.084675376,-0.000214496505,0.00124704331,2.01421414e-05,501.013452,645.7468,208.437505,-790.42595,2105.44682,146.991459,-1749.58761,1091.17015,2938.13844,27300.0,154430.151348,5.147671712,-30.000000000000004,30000 3000,1e-06,2,0.0 0.0259,0.0 0.0,-1.0 0.0,0.00054857 28.0,80000,1000,5e-10,0.0,0.0 0.0 0.0,1000 1000000 0,0,0.0,0,100,0,,10,,1,,,,1.0,10.0,0.1,False,{},,,False,3,mixed,250,300,True,Ar_Aubin,,False,uniform,Argon-Aubin-Test2/10Td,3.0000000000000005e+21,1.08036e+24,0.0,1.4814844444444444e-13,1.4814400000000002e-13,0.0,0.0,0.0,0.0,0.0,0.0,0.0,0.0,0.0,0.0,0.0,0.0,0.0,0.0,0.0,0.0,0.0,0.0,0.0,0.0,0.0,0.0,0.0,1.5555555555555556e-18,1.1111111111111113e-18,1.777777777777778e-18,0.0,0.0,0.0,0.0,0.0,0.0,1687.7130595456536,523.8609391780782,2197.6611889421015,2105.374380384233,1334.1276386157065,261.7039592555998,-26.315179943873016,-173.60351379480812,12954.07999999998,1.295407999999998e+24,0.0,0.0
1.37e-05,154410.0,5.14699,3e+22,-312.118,7443.35,16460.8,3.40457,3.41472,3.47284,0.00406905628,2.06938838e-05,0.24831265,0.0657823658,0.0657476467,0.0850567672,-0.000264102973,0.00124130339,-2.08646575e-06,2225.58325,656.560604,1324.24983,232.762152,-784.094261,-177.888905,271.706408,1771.95356,5005.15541,27400.0,154409.774197,5.146992473,-30.000000000000004,30000 3000,1e-06,2,0.0 0.0259,0.0 0.0,-1.0 0.0,0.00054857 28.0,80000,1000,5e-10,0.0,0.0 0.0 0.0,1000 1000000 0,0,0.0,0,100,0,,10,,1,,,,1.0,10.0,0.1,False,{},,,False,3,mixed,250,300,True,Ar_Aubin,,False,uniform,Argon-Aubin-Test2/10Td,3.0000000000000005e+21,1.64608e+24,0.0,1.482e-13,1.4819244444444445e-13,0.0,0.0,0.0,0.0,0.0,0.0,0.0,0.0,0.0,0.0,0.0,0.0,0.0,0.0,0.0,0.0,0.0,0.0,0.0,0.0,2.2222222222222226e-19,0.0,6.666666666666668e-19,2.4444444444444447e-18,1.1111111111111113e-18,3.1111111111111112e-18,0.0,0.0,0.0,0.0,0.0,0.0,1472.0293213099644,2226.853275708001,1951.0680170105322,-784.2482928199827,950.6183179154582,917.7305408800007,-445.7011357288533,1606.479164078876,11544.419999999778,1.154441999999978e+24,0.0,0.0
1.375e-05,154397.0,5.14657,3e+22,11971.6,4059.78,6853.65,3.40361,3.45939,3.42896,0.00416598974,6.42136087e-05,0.248861333,0.066008305,0.0659546274,0.0854608456,-0.000211860462,0.0012629065,-1.73770396e-05,944.611868,846.697588,1349.22535,1551.78827,2412.70885,-1820.37365,4804.68104,1178.40998,2891.77636,27500.0,154397.124146,5.146570805,-30.000000000000004,30000 3000,1e-06,2,0.0 0.0259,0.0 0.0,-1.0 0.0,0.00054857 28.0,80000,1000,5e-10,0.0,0.0 0.0 0.0,1000 1000000 0,0,0.0,0,100,0,,10,,1,,,,1.0,10.0,0.1,False,{},,,False,3,mixed,250,300,True,Ar_Aubin,,False,uniform,Argon-Aubin-Test2/10Td,3.0000000000000005e+21,6.85365e+23,0.0,1.4806066666666665e-13,1.4805377777777778e-13,0.0,0.0,0.0,0.0,0.0,0.0,0.0,0.0,0.0,0.0,0.0,0.0,0.0,0.0,0.0,0.0,0.0,0.0,0.0,0.0,0.0,0.0,4.444444444444445e-19,2.4444444444444447e-18,1.777777777777778e-18,2.2222222222222226e-18,0.0,0.0,0.0,0.0,0.0,0.0,2251.409484960165,894.7383052286159,2069.7700484927086,2412.448156875672,1312.874874856221,1186.16788508455,-95.05004149562569,3146.085820275649,10973.659999999885,1.0973659999999885e+24,0.0,0.0
1.38e-05,154471.0,5.14903,3e+22,-6339.02,10211.8,9946.67,3.46893,3.41888,3.40887,0.00417987137,-2.26416115e-05,0.249463994,0.0662527879,0.0662071969,0.0858774886,-0.000186254225,0.0013096783,-7.40128004e-06,1484.20981,1489.45921,-61.8819094,-327.813335,1732.19974,1308.99794,-1414.42143,2728.29737,2756.46582,27600.0,154470.883158,5.149029439,-30.000000000000004,30000 3000,1e-06,2,0.0 0.0259,0.0 0.0,-1.0 0.0,0.00054857 28.0,80000,1000,5e-10,0.0,0.0 0.0 0.0,1000 1000000 0,0,0.0,0,100,0,,10,,1,,,,1.0,10.0,0.1,False,{},,,False,3,mixed,250,300,True,Ar_Aubin,,False,uniform,Argon-Aubin-Test2/10Td,3.0000000000000005e+21,9.946670000000001e+23,0.0,1.48404e-13,1.48398e-13,0.0,0.0,0.0,0.0,0.0,0.0,0.0,0.0,0.0,0.0,0.0,0.0,0.0,0.0,0.0,0.0,0.0,0.0,0.0,0.0,0.0,2.2222222222222226e-19,2.2222222222222226e-19,1.777777777777778e-18,1.777777777777778e-18,2e-18,0.0,0.0,0.0,0.0,0.0,0.0,2443.670458440461,1510.7060982118574,2525.7311074498857,1732.4309516083158,1163.2176010484275,275.12979480002014,815.9630718854302,63.47810668604188,12053.220000000087,1.2053220000000087e+24,0.0,0.0
1.385e-05,154617.0,5.1539,3e+22,-2965.16,-5830.45,2892.76,3.41243,3.41619,3.47889,0.00404899538,9.8469967e-05,0.250072698,0.0664225222,0.066420391,0.0862878272,-0.000146913362,0.00126111111,2.03017473e-05,2943.09355,-1251.75537,-414.810738,419.115976,1933.33341,-986.902946,-1091.98876,-936.412434,387.098838,27700.0,154617.096922,5.153903231,-30.000000000000004,30000 3000,1e-06,2,0.0 0.0259,0.0 0.0,-1.0 0.0,0.00054857 28.0,80000,1000,5e-10,0.0,0.0 0.0 0.0,1000 1000000 0,0,0.0,0,100,0,,10,,1,,,,1.0,10.0,0.1,False,{},,,False,3,mixed,250,300,True,Ar_Aubin,,False,uniform,Argon-Aubin-Test2/10Td,3.0000000000000005e+21,2.8927600000000003e+23,0.0,1.4846733333333333e-13,1.4846244444444446e-13,0.0,0.0,0.0,0.0,0.0,0.0,0.0,0.0,0.0,0.0,0.0,0.0,0.0,0.0,0.0,0.0,0.0,0.0,0.0,0.0,0.0,0.0,2.2222222222222226e-19,1.1111111111111113e-18,1.5555555555555556e-18,2e-18,0.0,0.0,0.0,0.0,0.0,0.0,1708.112610824819,2955.099469140961,2131.849163081595,1933.9075342190952,1062.6861743284755,-336.30145986648006,-367.65964999366673,-777.0067086737688,12174.079999999754,1.2174079999999753e+24,0.0,0.0
1.39e-05,154557.0,5.15191,3e+22,4856.89,1223.2,14105.9,3.42732,3.43008,3.44515,0.00413367946,0.000115009564,0.250570456,0.0666621738,0.0666188295,0.0866297212,-0.000119320088,0.00127567081,-1.44203299e-05,1758.24983,949.070238,178.906636,-1459.81043,2034.98701,-1180.24645,1791.09196,-223.987565,3201.41362,27800.0,154557.368972,5.151912299,-30.000000000000004,30000 3000,1e-06,2,0.0 0.0259,0.0 0.0,-1.0 0.0,0.00054857 28.0,80000,1000,5e-10,0.0,0.0 0.0 0.0,1000 1000000 0,0,0.0,0,100,0,,10,,1,,,,1.0,10.0,0.1,False,{},,,False,3,mixed,250,300,True,Ar_Aubin,,False,uniform,Argon-Aubin-Test2/10Td,3.0000000000000005e+21,1.4105900000000002e+24,0.0,1.4863088888888888e-13,1.4862400000000001e-13,0.0,0.0,0.0,0.0,0.0,0.0,0.0,0.0,0.0,0.0,0.0,0.0,0.0,0.0,0.0,0.0,0.0,0.0,0.0,0.0,0.0,0.0,2.2222222222222226e-19,2.666666666666667e-18,1.3333333333333336e-18,2.666666666666667e-18,0.0,0.0,0.0,0.0,0.0,0.0,2389.5865770923174,1738.1730035675205,1984.3496913460324,2034.8463303013152,926.9486495125379,-333.10817529040014,-173.50096767797078,694.6961848633459,9955.160000000296,9.955160000000297e+23,0.0,0.0
1.395e-05,154718.0,5.15726,3e+22,-4638.24,-270.412,11477.9,3.44016,3.45555,3.41793,0.00422579053,-1.0781204e-05,0.251073282,0.0669357072,0.0668262054,0.0869656799,-9.78536324e-05,0.0013009684,-3.2835732e-05,2314.25737,330.165693,1808.01422,-994.35416,1913.1548,585.776564,-2129.45993,-143.336665,3380.00862,27900.0,154717.690247,5.157256342,-30.000000000000004,30000 3000,1e-06,2,0.0 0.0259,0.0 0.0,-1.0 0.0,0.00054857 28.0,80000,1000,5e-10,0.0,0.0 0.0 0.0,1000 1000000 0,0,0.0,0,100,0,,10,,1,,,,1.0,10.0,0.1,False,{},,,False,3,mixed,250,300,True,Ar_Aubin,,False,uniform,Argon-Aubin-Test2/10Td,3.0000000000000005e+21,1.14779e+24,0.0,1.48816e-13,1.4881333333333334e-13,0.0,0.0,0.0,0.0,0.0,0.0,0.0,0.0,0.0,0.0,0.0,0.0,0.0,0.0,0.0,0.0,0.0,0.0,0.0,0.0,0.0,0.0,2.2222222222222226e-19,4.444444444444445e-19,8.88888888888889e-19,1.1111111111111113e-18,0.0,0.0,0.0,0.0,0.0,0.0,2727.634002745866,2333.857600667867,2073.8901096545305,1913.151884633064,837.1918579640203,498.2145965322002,1.848796768282035,794.589228379393,10056.520000000235,1.0056520000000235e+24,0.0,0.0
1.4e-05,154790.0,5.15965,3e+22,-1580.16,-1167.36,11942.4,3.44193,3.46079,3.41575,0.00430347893,-1.2858334e-05,0.251627629,0.0671370744,0.0670493279,0.0873366992,-2.77210625e-05,0.00135535873,-2.50335142e-05,-444.189149,1168.25749,936.647501,-1724.57666,415.629046,184.277155,-815.496081,-575.456753,3947.45217,28000.0,154789.544225,5.159651474,-30.000000000000004,30000 3000,1e-06,2,0.0 0.0259,0.0 0.0,-1.0 0.0,0.00054857 28.0,80000,1000,5e-10,0.0,0.0 0.0 0.0,1000 1000000 0,0,0.0,0,100,0,,10,,1,,,,1.0,10.0,0.1,False,{},,,False,3,mixed,250,300,True,Ar_Aubin,,False,uniform,Argon-Aubin-Test2/10Td,3.0000000000000005e+21,1.19424e+24,0.0,1.4880066666666665e-13,1.4879533333333335e-13,0.0,0.0,0.0,0.0,0.0,0.0,0.0,0.0,0.0,0.0,0.0,0.0,0.0,0.0,0.0,0.0,0.0,0.0,0.0,0.0,0.0,0.0,0.0,2e-18,1.5555555555555556e-18,1.777777777777778e-18,0.0,0.0,0.0,0.0,0.0,0.0,2007.0457470248994,-437.3889637339712,2231.224508975893,415.6140356952218,923.4855808989972,942.4143734303998,649.9845560852501,467.36946746700806,11086.940000000212,1.1086940000000211e+24,0.0,0.0
1.405e-05,154865.0,5.16218,3e+22,-4805.79,-1094.7,2126.54,3.44998,3.42505,3.44917,0.00432146868,-2.39823962e-05,0.25219643,0.0673585098,0.0672372512,0.08771866,1.84127347e-05,0.0013682977,3.79182356e-05,448.296212,968.058828,-862.917757,-1820.66458,947.617054,1673.99556,-612.946779,158.497109,1135.57961,28100.0,154865.484803,5.162182827,-30.000000000000004,30000 3000,1e-06,2,0.0 0.0259,0.0 0.0,-1.0 0.0,0.00054857 28.0,80000,1000,5e-10,0.0,0.0 0.0 0.0,1000 1000000 0,0,0.0,0,100,0,,10,,1,,,,1.0,10.0,0.1,False,{},,,False,3,mixed,250,300,True,Ar_Aubin,,False,uniform,Argon-Aubin-Test2/10Td,3.0000000000000005e+21,2.1265400000000003e+23,0.0,1.487511111111111e-13,1.4874555555555558e-13,0.0,0.0,0.0,0.0,0.0,0.0,0.0,0.0,0.0,0.0,0.0,0.0,0.0,0.0,0.0,0.0,0.0,0.0,0.0,0.0,0.0,0.0,0.0,1.5555555555555556e-18,2.888888888888889e-18,1.1111111111111113e-18,0.0,0.0,0.0,0.0,0.0,0.0,2212.8023934872567,469.0642829676572,1879.228901814356,947.5908004708799,953.8517141673142,599.2738137478,119.08392309089005,-273.0512306770672,11376.020000000153,1.1376020000000155e+24,0.0,0.0
1.41e-05,154916.0,5.16386,3e+22,2452.83,4409.55,3438.39,3.44907,3.44065,3.4378,0.00427084834,-1.31674149e-05,0.252647028,0.0675048101,0.0673997668,0.0880180104,-7.62449018e-05,0.0013428472,2.78080957e-05,848.372401,-1837.8581,-462.594861,-173.478276,1354.83074,-2406.25415,1108.93151,1757.33877,1121.39462,28200.0,154915.869892,5.16386233,-30.000000000000004,30000 3000,1e-06,2,0.0 0.0259,0.0 0.0,-1.0 0.0,0.00054857 28.0,80000,1000,5e-10,0.0,0.0 0.0 0.0,1000 1000000 0,0,0.0,0,100,0,,10,,1,,,,1.0,10.0,0.1,False,{},,,False,3,mixed,250,300,True,Ar_Aubin,,False,uniform,Argon-Aubin-Test2/10Td,3.0000000000000005e+21,3.4383900000000005e+23,0.0,1.4897999999999999e-13,1.4897600000000003e-13,0.0,0.0,0.0,0.0,0.0,0.0,0.0,0.0,0.0,0.0,0.0,0.0,0.0,0.0,0.0,0.0,0.0,0.0,0.0,0.0,0.0,0.0,0.0,1.1111111111111113e-18,1.3333333333333336e-18,1.5555555555555556e-18,0.0,0.0,0.0,0.0,0.0,0.0,1467.3524600895828,837.8967360661977,1625.1600177451253,1354.8888023743723,718.6894751212702,252.69560539508007,-292.17333373842206,11.951597086987249,9011.959999999375,9.011959999999376e+23,0.0,0.0
1.415e-05,154971.0,5.16569,3e+22,-2146.74,-3100.36,10244.5,3.43429,3.41939,3.47701,0.00433833901,-1.89915451e-05,0.253107995,0.0676779332,0.0676027845,0.0883733415,-0.00012068242,0.00140299104,2.15327559e-05,1732.40642,761.572163,1241.1914,-2578.07602,2770.61989,-611.674217,10.1611697,-942.056807,4120.98935,28300.0,154970.579598,5.165685987,-30.000000000000004,30000 3000,1e-06,2,0.0 0.0259,0.0 0.0,-1.0 0.0,0.00054857 28.0,80000,1000,5e-10,0.0,0.0 0.0 0.0,1000 1000000 0,0,0.0,0,100,0,,10,,1,,,,1.0,10.0,0.1,False,{},,,False,3,mixed,250,300,True,Ar_Aubin,,False,uniform,Argon-Aubin-Test2/10Td,3.0000000000000005e+21,1.02445e+24,0.0,1.4894977777777777e-13,1.4894577777777778e-13,0.0,0.0,0.0,0.0,0.0,0.0,0.0,0.0,0.0,0.0,0.0,0.0,0.0,0.0,0.0,0.0,0.0,0.0,0.0,0.0,0.0,0.0,2.2222222222222226e-19,8.88888888888889e-19,1.5555555555555556e-18,1.3333333333333336e-18,0.0,0.0,0.0,0.0,0.0,0.0,1725.420601775829,1741.7197058863273,2030.175127020334,2770.561009373234,1221.947243127547,1528.0244952225003,821.8538337669783,1750.265512898355,9219.339999999576,9.219339999999576e+23,0.0,0.0
1.42e-05,155031.0,5.1677,3e+22,-1493.42,301.774,19189.0,3.43316,3.48736,3.41277,0.00421867308,-3.82081048e-06,0.253596737,0.0678850001,0.0678698876,0.0887234221,-0.000125871076,0.00139881308,4.21313889e-05,256.976055,323.868241,-1087.17071,1553.39568,3190.49398,1010.89338,229.800728,896.816499,6182.40401,28400.0,155030.868019,5.167695601,-30.000000000000004,30000 3000,1e-06,2,0.0 0.0259,0.0 0.0,-1.0 0.0,0.00054857 28.0,80000,1000,5e-10,0.0,0.0 0.0 0.0,1000 1000000 0,0,0.0,0,100,0,,10,,1,,,,1.0,10.0,0.1,False,{},,,False,3,mixed,250,300,True,Ar_Aubin,,False,uniform,Argon-Aubin-Test2/10Td,3.0000000000000005e+21,1.9189e+24,0.0,1.48896e-13,1.4889155555555557e-13,0.0,0.0,0.0,0.0,0.0,0.0,0.0,0.0,0.0,0.0,0.0,0.0,0.0,0.0,0.0,0.0,0.0,0.0,0.0,0.0,0.0,0.0,4.444444444444445e-19,6.666666666666668e-19,2.2222222222222226e-18,1.1111111111111113e-18,0.0,0.0,0.0,0.0,0.0,0.0,2080.9088280976384,263.2763057511336,2671.034460801913,3190.495133021262,1024.3271587284664,1316.1362237069998,480.97201787289555,-559.5956607615801,9774.84000000084,9.774840000000841e+23,0.0,0.0
1.425e-05,155029.0,5.16763,3e+22,1956.99,-1928.07,9884.54,3.41275,3.45873,3.4632,0.00422593417,-0.000107964963,0.254058246,0.0681047136,0.0681244287,0.089093789,-8.57490238e-05,0.00136690564,2.90997193e-05,1808.0865,1503.70871,223.818739,721.232497,2214.77366,1719.00346,911.024125,-445.930049,3207.73862,28500.0,155029.036074,5.167634536,-30.000000000000004,30000 3000,1e-06,2,0.0 0.0259,0.0 0.0,-1.0 0.0,0.00054857 28.0,80000,1000,5e-10,0.0,0.0 0.0 0.0,1000 1000000 0,0,0.0,0,100,0,,10,,1,,,,1.0,10.0,0.1,False,{},,,False,3,mixed,250,300,True,Ar_Aubin,,False,uniform,Argon-Aubin-Test2/10Td,3.0000000000000005e+21,9.884540000000002e+23,0.0,1.4888266666666666e-13,1.4887755555555557e-13,0.0,0.0,0.0,0.0,0.0,0.0,0.0,0.0,0.0,0.0,0.0,0.0,0.0,0.0,0.0,0.0,0.0,0.0,0.0,0.0,0.0,0.0,0.0,2.2222222222222226e-18,6.666666666666668e-19,2.2222222222222226e-18,0.0,0.0,0.0,0.0,0.0,0.0,2196.521829467557,1799.8163890886515,2545.294581653562,2214.5654959937883,1360.795564506745,696.48972508316,-713.9827076785158,595.8820018197281,9230.179999999422,9.230179999999422e+23,0.0,0.0
1.43e-05,155168.0,5.17227,3e+22,-5969.38,-3195.97,7888.24,3.47023,3.43328,3.44041,0.00416103365,-0.000201079257,0.254609746,0.0683470513,0.0682835572,0.089472387,-8.12450094e-05,0.00135717334,1.5138021e-06,2382.13556,-1252.32877,1928.43636,848.044231,1442.30159,1798.93864,-1698.86405,-686.627899,1954.03335,28600.0,155168.00448,5.172266816,-30.000000000000004,30000 3000,1e-06,2,0.0 0.0259,0.0 0.0,-1.0 0.0,0.00054857 28.0,80000,1000,5e-10,0.0,0.0 0.0 0.0,1000 1000000 0,0,0.0,0,100,0,,10,,1,,,,1.0,10.0,0.1,False,{},,,False,3,mixed,250,300,True,Ar_Aubin,,False,uniform,Argon-Aubin-Test2/10Td,3.0000000000000005e+21,7.88824e+23,0.0,1.491951111111111e-13,1.4919111111111112e-13,0.0,0.0,0.0,0.0,0.0,0.0,0.0,0.0,0.0,0.0,0.0,0.0,0.0,0.0,0.0,0.0,0.0,0.0,0.0,0.0,0.0,0.0,4.444444444444445e-19,1.1111111111111113e-18,1.5555555555555556e-18,8.88888888888889e-19,0.0,0.0,0.0,0.0,0.0,0.0,2428.820185727404,2406.9743510496373,1590.9972356563385,1441.6589467270057,980.6760241197477,-54.38943278704028,89.22804435426008,1716.611403498204,11030.000000000762,1.1030000000000763e+24,0.0,0.0
1.435e-05,155135.0,5.17116,3e+22,-3820.07,2371.98,8924.51,3.43257,3.42274,3.48645,0.00417306536,-0.000221503248,0.2551518,0.0685447438,0.0684662521,0.0898709138,-0.000120486778,0.00134527617,1.15527788e-05,666.857463,-208.651005,68.249887,-508.948803,197.444664,137.734196,-223.844176,133.244394,3636.88214,28700.0,155134.894271,5.171163142,-30.000000000000004,30000 3000,1e-06,2,0.0 0.0259,0.0 0.0,-1.0 0.0,0.00054857 28.0,80000,1000,5e-10,0.0,0.0 0.0 0.0,1000 1000000 0,0,0.0,0,100,0,,10,,1,,,,1.0,10.0,0.1,False,{},,,False,3,mixed,250,300,True,Ar_Aubin,,False,uniform,Argon-Aubin-Test2/10Td,3.0000000000000005e+21,8.924510000000001e+23,0.0,1.493008888888889e-13,1.4929377777777778e-13,0.0,0.0,0.0,0.0,0.0,0.0,0.0,0.0,0.0,0.0,0.0,0.0,0.0,0.0,0.0,0.0,0.0,0.0,0.0,0.0,0.0,0.0,6.666666666666668e-19,2.4444444444444447e-18,1.5555555555555556e-18,2.4444444444444447e-18,0.0,0.0,0.0,0.0,0.0,0.0,1975.9222653759068,682.7988647897753,1826.8626917872234,197.97006527419103,1222.085149445301,1359.7773493820005,-344.4517479539054,781.8608840900263,10841.07999999917,1.0841079999999171e+24,0.0,0.0
1.44e-05,155180.0,5.17265,3e+22,2007.0,-1942.64,11910.3,3.44067,3.45079,3.45299,0.00420419401,-0.000172515226,0.25561277,0.0687666339,0.0686620529,0.0902637747,-0.000164175207,0.00132350701,2.42825836e-06,755.184072,-35.9374275,1343.00729,1888.29177,1720.04677,-1561.57489,895.565325,-527.385347,4416.12085,28800.0,155179.611473,5.172653716,-30.000000000000004,30000 3000,1e-06,2,0.0 0.0259,0.0 0.0,-1.0 0.0,0.00054857 28.0,80000,1000,5e-10,0.0,0.0 0.0 0.0,1000 1000000 0,0,0.0,0,100,0,,10,,1,,,,1.0,10.0,0.1,False,{},,,False,3,mixed,250,300,True,Ar_Aubin,,False,uniform,Argon-Aubin-Test2/10Td,3.0000000000000005e+21,1.19103e+24,0.0,1.4967688888888888e-13,1.4967266666666667e-13,0.0,0.0,0.0,0.0,0.0,0.0,0.0,0.0,0.0,0.0,0.0,0.0,0.0,0.0,0.0,0.0,0.0,0.0,0.0,0.0,0.0,0.0,2.2222222222222226e-19,1.777777777777778e-18,6.666666666666668e-19,1.5555555555555556e-18,0.0,0.0,0.0,0.0,0.0,0.0,2216.293272251091,746.74625462193,1958.2010218567593,1719.7116350213632,1574.1375616709631,1371.6960754690003,-632.993967837189,1675.484573692697,9219.4000000001,9.2194000000001e+23,0.0,0.0
1.445e-05,155036.0,5.16788,3e+22,-4312.33,-1345.18,7792.98,3.42483,3.46134,3.44914,0.00416009596,-0.00010352928,0.256078986,0.0689601557,0.0689214126,0.0906106946,-0.000158082485,0.00131825924,2.38596757e-05,1841.71239,-1107.60842,742.628507,-368.78328,3427.16481,-705.233171,-2486.11969,199.610894,3703.30422,28900.0,155036.48995,5.167882998,-30.000000000000004,30000 3000,1e-06,2,0.0 0.0259,0.0 0.0,-1.0 0.0,0.00054857 28.0,80000,1000,5e-10,0.0,0.0 0.0 0.0,1000 1000000 0,0,0.0,0,100,0,,10,,1,,,,1.0,10.0,0.1,False,{},,,False,3,mixed,250,300,True,Ar_Aubin,,False,uniform,Argon-Aubin-Test2/10Td,3.0000000000000005e+21,7.792980000000001e+23,0.0,1.4948155555555555e-13,1.494737777777778e-13,0.0,0.0,0.0,0.0,0.0,0.0,0.0,0.0,0.0,0.0,0.0,0.0,0.0,0.0,0.0,0.0,0.0,0.0,0.0,0.0,4.444444444444445e-19,0.0,0.0,2.2222222222222226e-18,2.666666666666667e-18,2.4444444444444447e-18,0.0,0.0,0.0,0.0,0.0,0.0,1938.906488773151,1859.6520966111866,2593.7874319137413,3427.02554448313,1083.6101628469708,1707.68580368172,81.69502828021987,-671.6136339169809,9324.320000000385,9.324320000000387e+23,0.0,0.0
1.45e-05,155013.0,5.16709,3e+22,-1148.15,2600.81,5769.63,3.43734,3.45682,3.43979,0.0040913641,-0.000108392387,0.256570779,0.0692594022,0.0691220264,0.0909952939,-0.000145611366,0.00127617396,2.91194379e-05,2156.35438,166.157288,-172.326243,1069.72918,2637.34228,-135.976743,-49.7857996,1445.7773,2542.28035,29000.0,155012.782573,5.167092752,-30.000000000000004,30000 3000,1e-06,2,0.0 0.0259,0.0 0.0,-1.0 0.0,0.00054857 28.0,80000,1000,5e-10,0.0,0.0 0.0 0.0,1000 1000000 0,0,0.0,0,100,0,,10,,1,,,,1.0,10.0,0.1,False,{},,,False,3,mixed,250,300,True,Ar_Aubin,,False,uniform,Argon-Aubin-Test2/10Td,3.0000000000000005e+21,5.76963e+23,0.0,1.4920644444444445e-13,1.4920044444444447e-13,0.0,0.0,0.0,0.0,0.0,0.0,0.0,0.0,0.0,0.0,0.0,0.0,0.0,0.0,0.0,0.0,0.0,0.0,0.0,0.0,0.0,0.0,6.666666666666668e-19,2.2222222222222226e-18,1.5555555555555556e-18,1.5555555555555556e-18,0.0,0.0,0.0,0.0,0.0,0.0,2998.136381976435,2161.0518796914153,2006.1276940226692,2637.6241880040334,1324.817341213508,1061.9618863582298,-529.9319842027488,48.86404025656708,9835.860000000363,9.835860000000365e+23,0.0,0.0
1.455e-05,155247.0,5.1749,3e+22,-872.066,-1416.58,5317.79,3.45843,3.45056,3.44064,0.00411357292,-0.000137632739,0.257289994,0.0694544983,0.0693302204,0.0914952843,-0.00017395789,0.00131659373,6.12117442e-07,926.62737,379.75402,-174.509989,-940.981138,2837.30255,-316.153244,517.52018,-1882.91275,3211.98456,29100.0,155247.079508,5.17490265,-30.000000000000004,30000 3000,1e-06,2,0.0 0.0259,0.0 0.0,-1.0 0.0,0.00054857 28.0,80000,1000,5e-10,0.0,0.0 0.0 0.0,1000 1000000 0,0,0.0,0,100,0,,10,,1,,,,1.0,10.0,0.1,False,{},,,False,3,mixed,250,300,True,Ar_Aubin,,False,uniform,Argon-Aubin-Test2/10Td,3.0000000000000005e+21,5.31779e+23,0.0,1.4897777777777778e-13,1.489728888888889e-13,0.0,0.0,0.0,0.0,0.0,0.0,0.0,0.0,0.0,0.0,0.0,0.0,0.0,0.0,0.0,0.0,0.0,0.0,0.0,0.0,2.2222222222222226e-19,2.2222222222222226e-19,0.0,2.2222222222222226e-18,1.3333333333333336e-18,8.88888888888889e-19,0.0,0.0,0.0,0.0,0.0,0.0,1949.1387803061145,930.2146770820527,2081.8680613872434,2837.107582214587,1304.1402414680492,1843.7704028067399,635.2618480854255,545.5089299693573,14384.299999999907,1.4384299999999909e+24,0.0,0.0
1.46e-05,155293.0,5.17644,3e+22,-2094.06,-2801.24,12852.7,3.4613,3.41412,3.47646,0.00419862974,-0.000105160834,0.257871209,0.0697291534,0.0694069699,0.091884447,-0.00022740506,0.00137793998,-8.03231885e-06,1752.34634,1678.56402,1061.28789,-512.053472,1893.0889,186.907232,-73.6482585,-1305.19037,3136.45266,29200.0,155293.328751,5.176444292,-30.000000000000004,30000 3000,1e-06,2,0.0 0.0259,0.0 0.0,-1.0 0.0,0.00054857 28.0,80000,1000,5e-10,0.0,0.0 0.0 0.0,1000 1000000 0,0,0.0,0,100,0,,10,,1,,,,1.0,10.0,0.1,False,{},,,False,3,mixed,250,300,True,Ar_Aubin,,False,uniform,Argon-Aubin-Test2/10Td,3.0000000000000005e+21,1.2852700000000002e+24,0.0,1.4943844444444443e-13,1.4943222222222223e-13,0.0,0.0,0.0,0.0,0.0,0.0,0.0,0.0,0.0,0.0,0.0,0.0,0.0,0.0,0.0,0.0,0.0,0.0,0.0,0.0,0.0,0.0,6.666666666666668e-19,1.5555555555555556e-18,2e-18,2e-18,0.0,0.0,0.0,0.0,0.0,0.0,2739.4809047454064,1761.1385225933445,767.573839698249,1892.7943192653659,897.4328139836618,-177.8886279143003,740.4334941641397,1473.673686959242,11624.299999999366,1.1624299999999367e+24,0.0,0.0
1.465e-05,155370.0,5.17901,3e+22,-11066.8,737.673,8900.89,3.43883,3.47401,3.44402,0.00409085144,-0.000161557935,0.258435071,0.0699135772,0.069613385,0.0922523446,-0.000255698577,0.00137246165,-3.08017735e-05,812.963832,-1255.57397,-252.359444,942.526471,3709.68454,283.83664,-2299.05163,-55.7420604,3415.16422,29300.0,155370.159551,5.179005318,-30.000000000000004,30000 3000,1e-06,2,0.0 0.0259,0.0 0.0,-1.0 0.0,0.00054857 28.0,80000,1000,5e-10,0.0,0.0 0.0 0.0,1000 1000000 0,0,0.0,0,100,0,,10,,1,,,,1.0,10.0,0.1,False,{},,,False,3,mixed,250,300,True,Ar_Aubin,,False,uniform,Argon-Aubin-Test2/10Td,3.0000000000000005e+21,8.90089e+23,0.0,1.497282222222222e-13,1.497228888888889e-13,0.0,0.0,0.0,0.0,0.0,0.0,0.0,0.0,0.0,0.0,0.0,0.0,0.0,0.0,0.0,0.0,0.0,0.0,0.0,0.0,2.2222222222222226e-19,0.0,2.2222222222222226e-19,2e-18,8.88888888888889e-19,2e-18,0.0,0.0,0.0,0.0,0.0,0.0,1853.1722618946035,858.236466716192,2064.000578346492,3709.8037169265854,767.7210834662607,1114.86208088681,400.1582970060641,272.22595106901827,11277.240000000522,1.1277240000000522e+24,0.0,0.0
1.47e-05,155170.0,5.17235,3e+22,-4037.35,5340.77,4546.72,3.43654,3.44738,3.4604,0.00406548088,-0.0001995102,0.258749773,0.0701400704,0.0698252213,0.0925207121,-0.000308577732,0.00134427477,-4.26388879e-05,3412.31489,120.041743,178.915804,-366.076148,2868.67629,-173.000283,-1042.58374,1236.77504,2316.40377,29400.0,155170.433123,5.172347771,-30.000000000000004,30000 3000,1e-06,2,0.0 0.0259,0.0 0.0,-1.0 0.0,0.00054857 28.0,80000,1000,5e-10,0.0,0.0 0.0 0.0,1000 1000000 0,0,0.0,0,100,0,,10,,1,,,,1.0,10.0,0.1,False,{},,,False,3,mixed,250,300,True,Ar_Aubin,,False,uniform,Argon-Aubin-Test2/10Td,3.0000000000000005e+21,4.546720000000001e+23,0.0,1.4967933333333333e-13,1.4967288888888891e-13,0.0,0.0,0.0,0.0,0.0,0.0,0.0,0.0,0.0,0.0,0.0,0.0,0.0,0.0,0.0,0.0,0.0,0.0,0.0,0.0,0.0,0.0,2.2222222222222226e-19,1.3333333333333336e-18,2e-18,2.888888888888889e-18,0.0,0.0,0.0,0.0,0.0,0.0,2267.001307185157,3428.7286592308683,2118.225966464549,2869.7418280908537,1056.0839522351373,1139.9410021054398,-458.193049779755,162.5108567948363,6294.040000000001,6.294040000000001e+23,0.0,0.0
1.475e-05,155096.0,5.16988,3e+22,-3765.49,-449.104,12224.5,3.42225,3.45121,3.46537,0.00392062164,-0.00021886888,0.259180166,0.0703395614,0.070042226,0.0929004783,-0.000332557384,0.00130933312,-3.67619561e-05,660.261473,-1827.35245,1170.41524,-932.148566,1036.0526,158.109636,-1358.97213,-936.823637,4721.57479,29500.0,155096.462946,5.169882098,-30.000000000000004,30000 3000,1e-06,2,0.0 0.0259,0.0 0.0,-1.0 0.0,0.00054857 28.0,80000,1000,5e-10,0.0,0.0 0.0 0.0,1000 1000000 0,0,0.0,0,100,0,,10,,1,,,,1.0,10.0,0.1,False,{},,,False,3,mixed,250,300,True,Ar_Aubin,,False,uniform,Argon-Aubin-Test2/10Td,3.0000000000000005e+21,1.22245e+24,0.0,1.4929088888888888e-13,1.492848888888889e-13,0.0,0.0,0.0,0.0,0.0,0.0,0.0,0.0,0.0,0.0,0.0,0.0,0.0,0.0,0.0,0.0,0.0,0.0,0.0,0.0,0.0,0.0,2.2222222222222226e-19,8.88888888888889e-19,2e-18,2.888888888888889e-18,0.0,0.0,0.0,0.0,0.0,0.0,2006.4786074160124,675.0245345792036,2169.9660073326577,1035.9543051105165,1568.5277976400237,1553.226850733,17.064747148960553,739.4557940331599,8607.859999999468,8.607859999999468e+23,0.0,0.0
1.48e-05,155038.0,5.16792,3e+22,-607.872,-392.512,7981.13,3.4058,3.48015,3.44954,0.00394849665,-0.000295940075,0.259682176,0.0704920164,0.0702344202,0.0932534101,-0.000317128431,0.00133023225,-8.65024747e-05,1460.963,1567.25654,1357.68273,-96.4030829,2226.72259,-1647.86136,-466.224976,-3.62129301,3171.93121,29600.0,155037.689521,5.167922984,-30.000000000000004,30000 3000,1e-06,2,0.0 0.0259,0.0 0.0,-1.0 0.0,0.00054857 28.0,80000,1000,5e-10,0.0,0.0 0.0 0.0,1000 1000000 0,0,0.0,0,100,0,,10,,1,,,,1.0,10.0,0.1,False,{},,,False,3,mixed,250,300,True,Ar_Aubin,,False,uniform,Argon-Aubin-Test2/10Td,3.0000000000000005e+21,7.981130000000001e+23,0.0,1.4910666666666667e-13,1.490997777777778e-13,0.0,0.0,0.0,0.0,0.0,0.0,0.0,0.0,0.0,0.0,0.0,0.0,0.0,2.2222222222222226e-19,0.0,0.0,0.0,0.0,0.0,0.0,0.0,0.0,8.88888888888889e-19,1.777777777777778e-18,1.777777777777778e-18,2.2222222222222226e-18,0.0,0.0,0.0,0.0,0.0,0.0,1522.3564824896896,1463.3631805556288,1921.54523058638,2226.6064299692816,924.5771569257877,1099.3740046611201,233.8459095536363,1017.7978126212575,10040.199999999944,1.0040199999999944e+24,0.0,0.0
1.485e-05,154922.0,5.16405,3e+22,5175.12,2414.88,7686.78,3.44602,3.42445,3.45712,0.00408004913,-0.000329159741,0.260103915,0.070669627,0.0704241181,0.0936022175,-0.000336093582,0.00133890472,-7.45164294e-05,3757.46533,289.38213,-306.797635,-1374.70322,2160.16049,3099.46462,249.364753,955.217768,3470.32176,29700.0,154921.585532,5.164052851,-30.000000000000004,30000 3000,1e-06,2,0.0 0.0259,0.0 0.0,-1.0 0.0,0.00054857 28.0,80000,1000,5e-10,0.0,0.0 0.0 0.0,1000 1000000 0,0,0.0,0,100,0,,10,,1,,,,1.0,10.0,0.1,False,{},,,False,3,mixed,250,300,True,Ar_Aubin,,False,uniform,Argon-Aubin-Test2/10Td,3.0000000000000005e+21,7.68678e+23,0.0,1.4885333333333333e-13,1.4884666666666668e-13,0.0,0.0,0.0,0.0,0.0,0.0,0.0,0.0,0.0,0.0,0.0,0.0,0.0,0.0,0.0,0.0,0.0,0.0,0.0,0.0,2.2222222222222226e-19,0.0,4.444444444444445e-19,6.666666666666668e-19,2.4444444444444447e-18,2.888888888888889e-18,0.0,0.0,0.0,0.0,0.0,0.0,1765.5442489185325,3736.3505861463545,1896.7713439291267,2160.9553712753464,1295.9333376773297,1470.9601882562997,-544.201602092672,-1434.8642946463015,8434.780000000641,8.43478000000064e+23,0.0,0.0
1.49e-05,154843.0,5.16144,3e+22,-239.842,2.72985,7646.52,3.45564,3.43396,3.43295,0.0041046601,-0.000293759162,0.260661926,0.0709267132,0.0706690487,0.0940570284,-0.000291616136,0.00134711101,-5.01222127e-05,1577.18646,227.219604,650.530734,-460.083341,1002.53028,-3299.79925,900.701739,85.2948385,4063.37196,29800.0,154843.217969,5.161440599,-30.000000000000004,30000 3000,1e-06,2,0.0 0.0259,0.0 0.0,-1.0 0.0,0.00054857 28.0,80000,1000,5e-10,0.0,0.0 0.0 0.0,1000 1000000 0,0,0.0,0,100,0,,10,,1,,,,1.0,10.0,0.1,False,{},,,False,3,mixed,250,300,True,Ar_Aubin,,False,uniform,Argon-Aubin-Test2/10Td,3.0000000000000005e+21,7.646520000000001e+23,0.0,1.4891222222222223e-13,1.4890400000000001e-13,0.0,0.0,0.0,0.0,0.0,0.0,0.0,0.0,0.0,0.0,0.0,0.0,0.0,0.0,0.0,0.0,0.0,0.0,0.0,0.0,0.0,0.0,6.666666666666668e-19,1.5555555555555556e-18,2.4444444444444447e-18,3.555555555555556e-18,0.0,0.0,0.0,0.0,0.0,0.0,2568.8476636669125,1578.170929887704,2449.5265168983374,1002.5310819184483,1642.1783229776665,2070.21532960248,-9.711302720173503,1582.3637851078402,11160.219999999388,1.1160219999999389e+24,0.0,0.0
1.495e-05,154895.0,5.16317,3e+22,-1350.4,2788.45,9737.59,3.45379,3.3998,3.47215,0.00412136454,-0.000339880544,0.261186451,0.071174485,0.0709184113,0.0944615874,-0.000338237263,0.00137955789,-7.15368898e-05,1841.75001,-1112.30523,1321.42186,-795.103434,4232.41572,-278.690382,-303.380175,1281.30552,3364.97802,29900.0,154894.980913,5.16316603,-30.000000000000004,30000 3000,1e-06,2,0.0 0.0259,0.0 0.0,-1.0 0.0,0.00054857 28.0,80000,1000,5e-10,0.0,0.0 0.0 0.0,1000 1000000 0,0,0.0,0,100,0,,10,,1,,,,1.0,10.0,0.1,False,{},,,False,3,mixed,250,300,True,Ar_Aubin,,False,uniform,Argon-Aubin-Test2/10Td,3.0000000000000005e+21,9.73759e+23,0.0,1.4919688888888889e-13,1.491917777777778e-13,0.0,0.0,0.0,0.0,0.0,0.0,0.0,0.0,0.0,0.0,0.0,0.0,2.2222222222222226e-19,0.0,0.0,0.0,0.0,0.0,0.0,0.0,0.0,0.0,2.2222222222222226e-19,1.3333333333333336e-18,1.5555555555555556e-18,1.777777777777778e-18,0.0,0.0,0.0,0.0,0.0,0.0,2476.3438886495073,1847.315500674816,2493.333756610622,4233.3634599029165,1308.3648005407513,821.6514466069102,518.6181952301006,1330.6157102993413,10490.499999999958,1.049049999999996e+24,0.0,0.0
1.5e-05,154922.0,5.16405,3e+22,-3306.26,-5015.99,11321.1,3.49099,3.42971,3.40647,0.00389888792,-0.000269036229,0.26175224,0.0713779186,0.0711559535,0.0948689801,-0.000376515517,0.00134594095,-4.68140218e-05,1732.70738,-305.635956,1041.04724,1582.67099,-89.0100227,-1280.58933,-439.014277,-1427.40153,3612.40216,30000.0,154921.636166,5.164054539,-30.000000000000004,30000 3000,1e-06,2,0.0 0.0259,0.0 0.0,-1.0 0.0,0.00054857 28.0,80000,1000,5e-10,0.0,0.0 0.0 0.0,1000 1000000 0,0,0.0,0,100,0,,10,,1,,,,1.0,10.0,0.1,False,{},,,False,3,mixed,250,300,True,Ar_Aubin,,False,uniform,Argon-Aubin-Test2/10Td,3.0000000000000005e+21,1.13211e+24,0.0,1.4915666666666665e-13,1.4915044444444446e-13,0.0,0.0,0.0,0.0,0.0,0.0,0.0,0.0,0.0,0.0,0.0,0.0,0.0,0.0,0.0,0.0,0.0,0.0,0.0,0.0,0.0,0.0,6.666666666666668e-19,1.3333333333333336e-18,2e-18,2.2222222222222226e-18,0.0,0.0,0.0,0.0,0.0,0.0,2052.1791865885098,1745.5981171743792,2375.8533829167095,-90.3595057343017,1115.1974095777173,649.0788757359996,445.6998182181347,1423.3142239912881,11315.780000000776,1.1315780000000775e+24,0.0,0.0
1.505e-05,154833.0,5.1611,3e+22,-1857.48,-6059.65,-1558.85,3.46773,3.42855,3.42567,0.0037808633,-0.00028531661,0.262197988,0.0716714654,0.0713891714,0.0952010847,-0.000323515626,0.00134081579,-8.93829005e-05,1355.48136,846.310379,-918.402089,-2149.46066,1517.36426,-1625.11269,107.88157,-2296.72797,770.806668,30100.0,154832.921672,5.161097389,-30.000000000000004,30000 3000,1e-06,2,0.0 0.0259,0.0 0.0,-1.0 0.0,0.00054857 28.0,80000,1000,5e-10,0.0,0.0 0.0 0.0,1000 1000000 0,0,0.0,0,100,0,,10,,1,,,,1.0,10.0,0.1,False,{},,,False,3,mixed,250,300,True,Ar_Aubin,,False,uniform,Argon-Aubin-Test2/10Td,3.0000000000000005e+21,1.55885e+23,0.0,1.4901333333333333e-13,1.4900688888888892e-13,0.0,0.0,0.0,0.0,0.0,0.0,0.0,0.0,0.0,0.0,0.0,0.0,0.0,0.0,0.0,0.0,0.0,2.2222222222222226e-19,0.0,0.0,0.0,0.0,2.2222222222222226e-19,1.1111111111111113e-18,2.2222222222222226e-18,2.666666666666667e-18,0.0,0.0,0.0,0.0,0.0,0.0,2944.5319971943554,1362.504237962484,2332.088749245898,1515.6353412042135,985.5483376947084,1179.5340015938,481.65472811801186,-317.599201494555,8914.959999999362,8.914959999999362e+23,0.0,0.0
1.51e-05,154817.0,5.16056,3e+22,43.6081,815.748,8316.75,3.42897,3.42896,3.46279,0.00375625529,-0.000265725173,0.262658989,0.0719272768,0.0715407176,0.095554051,-0.000316804518,0.00125192269,-0.000121853098,1328.34945,3209.20483,-3292.29545,965.394463,2359.04301,-1492.03018,-837.893204,851.400594,2981.14648,30200.0,154816.665782,5.160555526,-30.000000000000004,30000 3000,1e-06,2,0.0 0.0259,0.0 0.0,-1.0 0.0,0.00054857 28.0,80000,1000,5e-10,0.0,0.0 0.0 0.0,1000 1000000 0,0,0.0,0,100,0,,10,,1,,,,1.0,10.0,0.1,False,{},,,False,3,mixed,250,300,True,Ar_Aubin,,False,uniform,Argon-Aubin-Test2/10Td,3.0000000000000005e+21,8.31675e+23,0.0,1.4912066666666667e-13,1.4911533333333334e-13,0.0,0.0,0.0,0.0,0.0,0.0,0.0,0.0,0.0,0.0,0.0,0.0,0.0,0.0,0.0,0.0,0.0,0.0,0.0,0.0,0.0,2.2222222222222226e-19,0.0,8.88888888888889e-19,1.5555555555555556e-18,2.666666666666667e-18,0.0,0.0,0.0,0.0,0.0,0.0,2559.968734896223,1328.1856468436881,1515.5699570036652,2359.2597747784243,1110.0670874601703,796.67733323425,-1683.45133468523,-4172.882549641318,9220.02000000033,9.220020000000331e+23,0.0,0.0
1.515e-05,154839.0,5.1613,3e+22,4664.18,8005.66,11657.9,3.43367,3.41476,3.47291,0.00366015577,-0.000324714149,0.263206802,0.0721272024,0.0717572824,0.0959440176,-0.000279805515,0.00119457159,-0.000102983433,2691.63429,1476.63195,234.628075,-801.28356,4392.33546,-108.223075,880.91283,2667.71304,4193.21639,30300.0,154839.07949,5.16130265,-30.000000000000004,30000 3000,1e-06,2,0.0 0.0259,0.0 0.0,-1.0 0.0,0.00054857 28.0,80000,1000,5e-10,0.0,0.0 0.0 0.0,1000 1000000 0,0,0.0,0,100,0,,10,,1,,,,1.0,10.0,0.1,False,{},,,False,3,mixed,250,300,True,Ar_Aubin,,False,uniform,Argon-Aubin-Test2/10Td,3.0000000000000005e+21,1.16579e+24,0.0,1.4902155555555554e-13,1.4901533333333335e-13,0.0,0.0,0.0,0.0,0.0,0.0,0.0,0.0,0.0,0.0,0.0,0.0,0.0,0.0,0.0,0.0,0.0,0.0,0.0,0.0,0.0,0.0,0.0,1.3333333333333336e-18,2.4444444444444447e-18,2.4444444444444447e-18,0.0,0.0,0.0,0.0,0.0,0.0,2006.3831354300012,2674.5626646606815,2165.2997058900505,4394.935011074083,1018.9048343491048,1124.7778129641997,-682.2955629249162,-154.7727267034429,10956.260000000162,1.0956260000000162e+24,0.0,0.0
1.52e-05,154837.0,5.16123,3e+22,-1938.2,-5350.21,4197.49,3.43078,3.43463,3.45677,0.00363654409,-0.000261799657,0.263616588,0.0724503009,0.0719897651,0.0962567906,-0.000291976192,0.00119422164,-9.38226756e-05,5037.34541,443.875616,-1069.97536,719.376052,2578.0007,372.982093,-347.523534,-2427.7192,1152.69875,30400.0,154837.00494,5.161233498,-30.000000000000004,30000 3000,1e-06,2,0.0 0.0259,0.0 0.0,-1.0 0.0,0.00054857 28.0,80000,1000,5e-10,0.0,0.0 0.0 0.0,1000 1000000 0,0,0.0,0,100,0,,10,,1,,,,1.0,10.0,0.1,False,{},,,False,3,mixed,250,300,True,Ar_Aubin,,False,uniform,Argon-Aubin-Test2/10Td,3.0000000000000005e+21,4.19749e+23,0.0,1.490382222222222e-13,1.49034e-13,0.0,0.0,0.0,0.0,0.0,0.0,0.0,0.0,0.0,0.0,0.0,0.0,0.0,0.0,0.0,0.0,0.0,0.0,0.0,0.0,0.0,0.0,2.2222222222222226e-19,8.88888888888889e-19,6.666666666666668e-19,2.4444444444444447e-18,0.0,0.0,0.0,0.0,0.0,0.0,3232.7078734215033,5044.393759755238,2325.196002181673,2576.6000168571222,968.8815030547971,46.170758035880226,87.49199852365295,-921.8215805907339,8195.719999999352,8.195719999999352e+23,0.0,0.0
1.525e-05,154888.0,5.16295,3e+22,2900.91,-5879.89,-659.229,3.40983,3.46445,3.45137,0.00362833134,-0.000196283089,0.264097266,0.0726809077,0.0721594037,0.0965929914,-0.000321111761,0.00115499393,-4.33242175e-05,2635.29956,-175.688446,-206.0115,119.303803,3518.50469,613.569521,308.808688,-2227.34927,648.582189,30500.0,154888.454877,5.162948496,-30.000000000000004,30000 3000,1e-06,2,0.0 0.0259,0.0 0.0,-1.0 0.0,0.00054857 28.0,80000,1000,5e-10,0.0,0.0 0.0 0.0,1000 1000000 0,0,0.0,0,100,0,,10,,1,,,,1.0,10.0,0.1,False,{},,,False,3,mixed,250,300,True,Ar_Aubin,,False,uniform,Argon-Aubin-Test2/10Td,3.0000000000000005e+21,6.592290000000001e+22,0.0,1.4888244444444444e-13,1.4887800000000002e-13,0.0,0.0,0.0,0.0,0.0,0.0,0.0,0.0,0.0,0.0,0.0,0.0,0.0,0.0,0.0,0.0,0.0,0.0,0.0,0.0,0.0,0.0,0.0,1.3333333333333336e-18,6.666666666666668e-19,2.4444444444444447e-18,0.0,0.0,0.0,0.0,0.0,0.0,2306.6646460569164,2624.7740973324803,1696.6861200937155,3517.35056702782,825.4036008698007,822.682765567914,-776.1350383750322,-660.9333106711231,9613.560000000243,9.613560000000243e+23,0.0,0.0
1.53e-05,154999.0,5.16665,3e+22,6009.22,-952.294,4502.24,3.45763,3.44863,3.42671,0.00377149373,-0.000240720641,0.264631734,0.0728783426,0.0724071698,0.0970200457,-0.000312909929,0.00116737121,-8.62866878e-05,-576.404169,713.650773,-1215.13575,112.175016,1850.6845,-3.06216918,1837.85374,-1944.72008,1345.18906,30600.0,154999.411748,5.166647058,-30.000000000000004,30000 3000,1e-06,2,0.0 0.0259,0.0 0.0,-1.0 0.0,0.00054857 28.0,80000,1000,5e-10,0.0,0.0 0.0 0.0,1000 1000000 0,0,0.0,0,100,0,,10,,1,,,,1.0,10.0,0.1,False,{},,,False,3,mixed,250,300,True,Ar_Aubin,,False,uniform,Argon-Aubin-Test2/10Td,3.0000000000000005e+21,4.50224e+23,0.0,1.4896533333333334e-13,1.4896111111111113e-13,0.0,0.0,0.0,0.0,0.0,0.0,0.0,0.0,0.0,0.0,0.0,0.0,0.0,0.0,0.0,0.0,0.0,0.0,0.0,2.2222222222222226e-19,0.0,0.0,4.444444444444445e-19,8.88888888888889e-19,1.3333333333333336e-18,1.3333333333333336e-18,0.0,0.0,0.0,0.0,0.0,0.0,1963.7552335739772,-599.0679045521906,2477.466806240225,1850.4552631778997,1444.65568827995,153.75348191583998,-548.9451700782262,-984.4924885184352,10689.360000000204,1.0689360000000205e+24,0.0,0.0
1.535e-05,154915.0,5.16382,3e+22,-782.329,-2579.61,10367.7,3.41579,3.453,3.4582,0.00376229235,-0.000216752085,0.265027889,0.0730153546,0.0726074844,0.0973533767,-0.000275031026,0.00117597695,-0.00010647206,718.214381,-2385.57509,1759.97743,-1550.20173,1382.08239,1919.55781,-551.595553,-1447.66786,3982.49668,30700.0,154914.588579,5.163819619,-30.000000000000004,30000 3000,1e-06,2,0.0 0.0259,0.0 0.0,-1.0 0.0,0.00054857 28.0,80000,1000,5e-10,0.0,0.0 0.0 0.0,1000 1000000 0,0,0.0,0,100,0,,10,,1,,,,1.0,10.0,0.1,False,{},,,False,3,mixed,250,300,True,Ar_Aubin,,False,uniform,Argon-Aubin-Test2/10Td,3.0000000000000005e+21,1.0367700000000001e+24,0.0,1.4937488888888887e-13,1.4936933333333335e-13,0.0,0.0,0.0,0.0,0.0,0.0,0.0,0.0,0.0,0.0,0.0,0.0,0.0,0.0,0.0,0.0,0.0,0.0,0.0,0.0,0.0,0.0,2.2222222222222226e-19,1.777777777777778e-18,1.5555555555555556e-18,2e-18,0.0,0.0,0.0,0.0,0.0,0.0,1370.8132122855488,721.1577314118831,2003.2556496064892,1381.523254154013,1235.036920504279,1234.7670352146997,191.00532437357418,1376.714561976386,7923.100000000183,7.923100000000185e+23,0.0,0.0
1.54e-05,154855.0,5.16185,3e+22,4687.09,1376.05,9049.95,3.43868,3.42668,3.45773,0.00379789639,-0.000200530595,0.265448107,0.0731882499,0.0727740728,0.0977116148,-0.000245827156,0.00123882821,-0.00011871304,2999.228,1876.49305,-1078.29693,122.822707,-924.661352,-2322.1924,1638.94539,1267.04832,4064.73451,30800.0,154855.385998,5.1618462,-30.000000000000004,30000 3000,1e-06,2,0.0 0.0259,0.0 0.0,-1.0 0.0,0.00054857 28.0,80000,1000,5e-10,0.0,0.0 0.0 0.0,1000 1000000 0,0,0.0,0,100,0,,10,,1,,,,1.0,10.0,0.1,False,{},,,False,3,mixed,250,300,True,Ar_Aubin,,False,uniform,Argon-Aubin-Test2/10Td,3.0000000000000005e+21,9.04995e+23,0.0,1.4890955555555556e-13,1.4890400000000001e-13,0.0,0.0,0.0,0.0,0.0,0.0,0.0,0.0,0.0,0.0,0.0,0.0,0.0,0.0,0.0,0.0,0.0,0.0,0.0,0.0,0.0,0.0,2.2222222222222226e-19,8.88888888888889e-19,2e-18,2.4444444444444447e-18,0.0,0.0,0.0,0.0,0.0,0.0,1726.2612673769884,2981.426917809395,1665.9516894682038,-924.3854118747502,1353.2253791288806,1662.4424140553497,1036.3850402743099,-717.9014802733104,8404.359999999444,8.404359999999444e+23,0.0,0.0
1.545e-05,154705.0,5.15683,3e+22,-4940.74,8485.27,14097.6,3.44514,3.41685,3.45,0.00380262679,-0.000218184957,0.265922862,0.073388047,0.0729922537,0.0981094117,-0.000258991649,0.00125779573,-0.000102944016,2492.15139,-974.022491,-260.065927,-3.09869957,2232.06085,573.648205,-1452.6204,1925.72663,4933.91974,30900.0,154704.988488,5.15683295,-30.000000000000004,30000 3000,1e-06,2,0.0 0.0259,0.0 0.0,-1.0 0.0,0.00054857 28.0,80000,1000,5e-10,0.0,0.0 0.0 0.0,1000 1000000 0,0,0.0,0,100,0,,10,,1,,,,1.0,10.0,0.1,False,{},,,False,3,mixed,250,300,True,Ar_Aubin,,False,uniform,Argon-Aubin-Test2/10Td,3.0000000000000005e+21,1.40976e+24,0.0,1.4891044444444445e-13,1.4890222222222224e-13,0.0,0.0,0.0,0.0,0.0,0.0,0.0,0.0,0.0,0.0,0.0,0.0,0.0,0.0,0.0,0.0,0.0,0.0,0.0,0.0,0.0,0.0,2.2222222222222226e-19,2e-18,2.2222222222222226e-18,3.777777777777778e-18,0.0,0.0,0.0,0.0,0.0,0.0,1997.611464851501,2510.9391802864247,2181.7350784406053,2233.9122082700833,1455.2587561240948,1185.0456006688005,318.1305638592187,-452.43851723682405,9495.099999999868,9.495099999999868e+23,0.0,0.0
1.55e-05,154709.0,5.15697,3e+22,-5264.98,2377.77,8448.5,3.4334,3.45839,3.42154,0.00373956162,-1.30706136e-07,0.266405087,0.0736315225,0.0732205048,0.0984883621,-0.000290156306,0.00126340875,-4.6133432e-05,953.773973,194.167672,-153.166481,-686.744544,545.889689,-389.301551,-1275.56332,1068.32947,2972.94771,31000.0,154708.998678,5.156966623,-30.000000000000004,30000 3000,1e-06,2,0.0 0.0259,0.0 0.0,-1.0 0.0,0.00054857 28.0,80000,1000,5e-10,0.0,0.0 0.0 0.0,1000 1000000 0,0,0.0,0,100,0,,10,,1,,,,1.0,10.0,0.1,False,{},,,False,3,mixed,250,300,True,Ar_Aubin,,False,uniform,Argon-Aubin-Test2/10Td,3.0000000000000005e+21,8.4485e+23,0.0,1.4892844444444444e-13,1.4892311111111113e-13,0.0,0.0,0.0,0.0,0.0,0.0,0.0,0.0,0.0,0.0,0.0,0.0,0.0,0.0,0.0,0.0,0.0,0.0,0.0,0.0,0.0,0.0,0.0,1.3333333333333336e-18,1.777777777777778e-18,2.2222222222222226e-18,0.0,0.0,0.0,0.0,0.0,0.0,2439.511493942531,973.4626901380675,2282.98704658389,545.889999789129,1222.4855479348041,722.2243324804999,411.6036079342394,-57.706032393310124,9644.500000000056,9.644500000000056e+23,0.0,0.0
1.555e-05,154552.0,5.15173,3e+22,-589.992,1809.72,13003.8,3.43788,3.41758,3.44702,0.00376393423,-2.22415989e-05,0.266810894,0.0738120676,0.0733594883,0.0987877529,-0.000280562882,0.00124889059,-7.27987968e-05,3644.14954,27.0089983,-1558.9931,1491.59278,1687.6065,-1031.97473,547.269817,2107.96283,5224.92523,31100.0,154551.877319,5.151729244,-30.000000000000004,30000 3000,1e-06,2,0.0 0.0259,0.0 0.0,-1.0 0.0,0.00054857 28.0,80000,1000,5e-10,0.0,0.0 0.0 0.0,1000 1000000 0,0,0.0,0,100,0,,10,,1,,,,1.0,10.0,0.1,False,{},,,False,3,mixed,250,300,True,Ar_Aubin,,False,uniform,Argon-Aubin-Test2/10Td,3.0000000000000005e+21,1.30038e+24,0.0,1.4863866666666667e-13,1.4863155555555558e-13,0.0,0.0,0.0,0.0,0.0,0.0,0.0,0.0,0.0,0.0,0.0,0.0,0.0,0.0,0.0,0.0,0.0,2.2222222222222226e-19,0.0,0.0,0.0,0.0,0.0,2.666666666666667e-18,1.3333333333333336e-18,2.888888888888889e-18,0.0,0.0,0.0,0.0,0.0,0.0,1803.6222022201066,3646.370231084226,1389.8300532835806,1687.6467510663615,830.0802239830097,1755.3697266027998,-450.7715629108178,-903.2524379672259,8116.140000000716,8.116140000000717e+23,0.0,0.0
1.56e-05,154397.0,5.14656,3e+22,-1402.76,-3023.2,9335.36,3.46236,3.36763,3.46256,0.00381413348,-5.93097884e-06,0.267273634,0.0740594683,0.0736318577,0.0991506656,-0.00028660841,0.00125054634,-2.7030923e-05,11.0642979,1430.14508,-1718.78069,587.923788,80.84186,846.690893,-500.781679,-262.009838,2848.8598,31200.0,154396.748796,5.146558293,-30.000000000000004,30000 3000,1e-06,2,0.0 0.0259,0.0 0.0,-1.0 0.0,0.00054857 28.0,80000,1000,5e-10,0.0,0.0 0.0 0.0,1000 1000000 0,0,0.0,0,100,0,,10,,1,,,,1.0,10.0,0.1,False,{},,,False,3,mixed,250,300,True,Ar_Aubin,,False,uniform,Argon-Aubin-Test2/10Td,3.0000000000000005e+21,9.33536e+23,0.0,1.4866444444444444e-13,1.4865644444444446e-13,0.0,0.0,0.0,0.0,0.0,0.0,0.0,0.0,0.0,0.0,0.0,0.0,0.0,2.2222222222222226e-19,0.0,0.0,0.0,0.0,0.0,0.0,2.2222222222222226e-19,0.0,4.444444444444445e-19,2e-18,2.2222222222222226e-18,2.888888888888889e-18,0.0,0.0,0.0,0.0,0.0,0.0,2470.2028668449616,16.4146117804048,2723.6985951220595,80.82392946477091,1157.704255133063,353.76420810176023,-270.058177943293,-1880.2479152940132,9254.79999999923,9.254799999999232e+23,0.0,0.0
1.565e-05,154350.0,5.14499,3e+22,-7475.69,356.114,6581.99,3.40831,3.45009,3.43102,0.0037806487,-0.000109220459,0.26774287,0.0742081306,0.0738642383,0.0994881174,-0.00026124888,0.00125747589,-6.77700222e-05,3693.5841,-430.050666,243.74277,-592.323755,881.830891,270.763028,-2684.06048,-383.956201,2455.02804,31300.0,154349.722635,5.144990754,-30.000000000000004,30000 3000,1e-06,2,0.0 0.0259,0.0 0.0,-1.0 0.0,0.00054857 28.0,80000,1000,5e-10,0.0,0.0 0.0 0.0,1000 1000000 0,0,0.0,0,100,0,,10,,1,,,,1.0,10.0,0.1,False,{},,,False,3,mixed,250,300,True,Ar_Aubin,,False,uniform,Argon-Aubin-Test2/10Td,3.0000000000000005e+21,6.58199e+23,0.0,1.4844377777777777e-13,1.4843755555555557e-13,0.0,0.0,0.0,0.0,0.0,0.0,0.0,0.0,0.0,0.0,0.0,0.0,0.0,0.0,0.0,0.0,0.0,0.0,0.0,0.0,0.0,0.0,0.0,1.5555555555555556e-18,2.2222222222222226e-18,2.4444444444444447e-18,0.0,0.0,0.0,0.0,0.0,0.0,1489.1660961045827,3721.847057680103,2323.6870606785365,881.8697859345363,864.0279572903753,692.7471470887001,282.10264721794266,-463.6392061066131,9384.72000000079,9.384720000000792e+23,0.0,0.0
1.57e-05,154285.0,5.14283,3e+22,7779.9,2924.28,9895.65,3.41485,3.44053,3.42933,0.0038298233,1.25411616e-05,0.268328103,0.0744898005,0.0741271363,0.099875694,-0.000226513088,0.00126297524,-6.32663565e-05,3209.23185,696.428321,-1052.61804,1690.76592,2456.66326,-1253.78475,1918.67535,-265.425472,3171.46694,31400.0,154284.849412,5.142828314,-30.000000000000004,30000 3000,1e-06,2,0.0 0.0259,0.0 0.0,-1.0 0.0,0.00054857 28.0,80000,1000,5e-10,0.0,0.0 0.0 0.0,1000 1000000 0,0,0.0,0,100,0,,10,,1,,,,1.0,10.0,0.1,False,{},,,False,3,mixed,250,300,True,Ar_Aubin,,False,uniform,Argon-Aubin-Test2/10Td,3.0000000000000005e+21,9.89565e+23,0.0,1.4842155555555555e-13,1.4841311111111112e-13,0.0,0.0,0.0,0.0,0.0,0.0,0.0,0.0,0.0,0.0,0.0,0.0,0.0,2.2222222222222226e-19,0.0,0.0,0.0,0.0,0.0,0.0,0.0,0.0,4.444444444444445e-19,2.2222222222222226e-18,2.4444444444444447e-18,3.1111111111111112e-18,0.0,0.0,0.0,0.0,0.0,0.0,2812.956580835746,3179.43620770833,2629.0977182792662,2456.626586131956,738.5017625831381,516.1859475480501,-198.16275028861423,-1259.407089468345,11704.659999999256,1.1704659999999256e+24,0.0,0.0
1.575e-05,154360.0,5.14533,3e+22,2071.61,-4069.21,10486.6,3.44676,3.43116,3.41199,0.00389608189,7.0469532e-05,0.268854533,0.0747526222,0.0743551053,0.100229659,-0.00021666356,0.00124316345,-1.18682472e-05,533.003571,-172.401689,95.9373211,-1219.14184,1437.28626,319.218482,437.52885,-990.77095,3693.56456,31500.0,154359.840184,5.145328006,-30.000000000000004,30000 3000,1e-06,2,0.0 0.0259,0.0 0.0,-1.0 0.0,0.00054857 28.0,80000,1000,5e-10,0.0,0.0 0.0 0.0,1000 1000000 0,0,0.0,0,100,0,,10,,1,,,,1.0,10.0,0.1,False,{},,,False,3,mixed,250,300,True,Ar_Aubin,,False,uniform,Argon-Aubin-Test2/10Td,3.0000000000000005e+21,1.04866e+24,0.0,1.485702222222222e-13,1.4856533333333336e-13,0.0,0.0,0.0,0.0,0.0,0.0,0.0,0.0,0.0,0.0,0.0,0.0,0.0,0.0,0.0,0.0,0.0,2.2222222222222226e-19,0.0,0.0,0.0,0.0,8.88888888888889e-19,1.1111111111111113e-18,1.1111111111111113e-18,1.5555555555555556e-18,0.0,0.0,0.0,0.0,0.0,0.0,2623.0979241563537,524.9324087958571,2279.641913257996,1437.5730153243098,711.7594493050161,874.1946142421998,-792.8369230301514,-64.35222035580404,10528.600000000444,1.0528600000000445e+24,0.0,0.0
1.58e-05,154378.0,5.14593,3e+22,-2641.37,-4756.35,10919.2,3.41865,3.46216,3.41021,0.0039975637,0.000118466112,0.269409833,0.0750174973,0.0745843327,0.100621564,-0.000258041255,0.00128310895,-4.08910813e-05,1302.21511,-708.228499,363.808391,-486.115023,1033.68188,576.198043,-471.924151,-937.873051,4454.57429,31600.0,154377.965723,5.145932191,-30.000000000000004,30000 3000,1e-06,2,0.0 0.0259,0.0 0.0,-1.0 0.0,0.00054857 28.0,80000,1000,5e-10,0.0,0.0 0.0 0.0,1000 1000000 0,0,0.0,0,100,0,,10,,1,,,,1.0,10.0,0.1,False,{},,,False,3,mixed,250,300,True,Ar_Aubin,,False,uniform,Argon-Aubin-Test2/10Td,3.0000000000000005e+21,1.0919200000000001e+24,0.0,1.4839777777777777e-13,1.4839133333333336e-13,0.0,0.0,0.0,0.0,0.0,0.0,0.0,0.0,0.0,0.0,0.0,0.0,0.0,0.0,0.0,0.0,0.0,0.0,0.0,0.0,0.0,0.0,4.444444444444445e-19,1.3333333333333336e-18,1.5555555555555556e-18,3.1111111111111112e-18,0.0,0.0,0.0,0.0,0.0,0.0,2640.740385580348,1312.774154830269,2292.1833173525365,1034.2453462918113,930.0679756020503,1512.8344415063993,208.83616483690673,559.8450930381699,11105.999999999616,1.1105999999999617e+24,0.0,0.0
1.585e-05,154472.0,5.14905,3e+22,3002.26,-1741.62,12597.1,3.41121,3.46165,3.42428,0.00400457542,0.000125534371,0.269919711,0.0752731898,0.0747918733,0.100988415,-0.000333330246,0.00127788613,7.45550174e-07,2727.77222,689.850475,962.972911,-379.466107,581.332014,1305.33204,1247.97546,-840.005641,5320.57029,31700.0,154471.608163,5.149053605,-30.000000000000004,30000 3000,1e-06,2,0.0 0.0259,0.0 0.0,-1.0 0.0,0.00054857 28.0,80000,1000,5e-10,0.0,0.0 0.0 0.0,1000 1000000 0,0,0.0,0,100,0,,10,,1,,,,1.0,10.0,0.1,False,{},,,False,3,mixed,250,300,True,Ar_Aubin,,False,uniform,Argon-Aubin-Test2/10Td,3.0000000000000005e+21,1.25971e+24,0.0,1.4852377777777778e-13,1.4851955555555558e-13,0.0,0.0,0.0,0.0,0.0,0.0,0.0,0.0,0.0,0.0,0.0,0.0,0.0,0.0,0.0,0.0,0.0,0.0,0.0,0.0,0.0,0.0,2.2222222222222226e-19,1.3333333333333336e-18,8.88888888888889e-19,1.777777777777778e-18,0.0,0.0,0.0,0.0,0.0,0.0,2556.363912410847,2715.7494433995507,2075.3887534138985,581.5506471712209,918.5873076436591,1920.3646985618993,-183.0738244048332,1350.1331824298582,10197.560000000383,1.0197560000000385e+24,0.0,0.0
1.59e-05,154575.0,5.15249,3e+22,3041.02,518.153,16151.5,3.44016,3.44114,3.42215,0.00411026112,-2.76972679e-05,0.270391805,0.0754972323,0.0749979619,0.101380758,-0.000303415797,0.00128388792,3.72921872e-06,3250.79003,95.5973079,-857.531356,-76.046324,-230.435623,1821.60781,153.594151,725.11746,5264.64745,31800.0,154574.628403,5.152487613,-30.000000000000004,30000 3000,1e-06,2,0.0 0.0259,0.0 0.0,-1.0 0.0,0.00054857 28.0,80000,1000,5e-10,0.0,0.0 0.0 0.0,1000 1000000 0,0,0.0,0,100,0,,10,,1,,,,1.0,10.0,0.1,False,{},,,False,3,mixed,250,300,True,Ar_Aubin,,False,uniform,Argon-Aubin-Test2/10Td,3.0000000000000005e+21,1.6151500000000001e+24,0.0,1.4841933333333334e-13,1.4841600000000003e-13,0.0,0.0,0.0,0.0,0.0,0.0,0.0,0.0,0.0,0.0,0.0,0.0,0.0,0.0,0.0,0.0,0.0,0.0,0.0,0.0,2.2222222222222226e-19,0.0,0.0,1.3333333333333336e-18,6.666666666666668e-19,1.1111111111111113e-18,0.0,0.0,0.0,0.0,0.0,0.0,2231.848778198875,3238.2906437288575,2061.0359173964257,-230.4212715775458,1372.6517516550464,897.4142115425002,-489.30586428035457,-1592.5909743207799,9441.87999999957,9.44187999999957e+23,0.0,0.0
1.595e-05,154658.0,5.15528,3e+22,3442.67,3062.15,7541.99,3.43915,3.41872,3.45224,0.00419834844,-5.15357525e-05,0.270970227,0.0757348891,0.0752346537,0.101780707,-0.000358816532,0.00129497159,-9.958455e-07,1288.90543,-650.495079,-610.945876,2095.39695,696.672808,598.461214,1144.59585,1377.95766,2496.25882,31900.0,154658.324952,5.155277498,-30.000000000000004,30000 3000,1e-06,2,0.0 0.0259,0.0 0.0,-1.0 0.0,0.00054857 28.0,80000,1000,5e-10,0.0,0.0 0.0 0.0,1000 1000000 0,0,0.0,0,100,0,,10,,1,,,,1.0,10.0,0.1,False,{},,,False,3,mixed,250,300,True,Ar_Aubin,,False,uniform,Argon-Aubin-Test2/10Td,3.0000000000000005e+21,7.54199e+23,0.0,1.48794e-13,1.4878844444444445e-13,0.0,0.0,0.0,0.0,0.0,0.0,0.0,0.0,0.0,0.0,0.0,0.0,0.0,0.0,0.0,0.0,0.0,0.0,0.0,0.0,0.0,0.0,0.0,2.666666666666667e-18,1.3333333333333336e-18,1.5555555555555556e-18,0.0,0.0,0.0,0.0,0.0,0.0,2369.24916850928,1274.4519017760651,2366.8991120485985,696.8306182045179,868.1329072648958,452.60407766827007,-303.2567310754875,-430.87499933708574,11568.440000000457,1.1568440000000458e+24,0.0,0.0
1.6e-05,154693.0,5.15644,3e+22,-5230.21,-519.67,13700.7,3.4865,3.43618,3.38899,0.00423572612,-5.99149217e-05,0.271458705,0.0759551189,0.0754429033,0.102146604,-0.000322096254,0.00126801147,-2.09198885e-05,4326.50682,-220.651773,86.8553975,-803.326863,1986.81353,-782.329106,-1163.07806,586.647367,4646.33034,32000.0,154693.327688,5.156444256,-30.000000000000004,30000 3000,1e-06,2,0.0 0.0259,0.0 0.0,-1.0 0.0,0.00054857 28.0,80000,1000,5e-10,0.0,0.0 0.0 0.0,1000 1000000 0,0,0.0,0,100,0,,10,,1,,,,1.0,10.0,0.1,False,{},,,False,3,mixed,250,300,True,Ar_Aubin,,False,uniform,Argon-Aubin-Test2/10Td,3.0000000000000005e+21,1.37007e+24,0.0,1.4895333333333333e-13,1.4894844444444445e-13,0.0,0.0,0.0,0.0,0.0,0.0,0.0,0.0,0.0,0.0,0.0,0.0,0.0,0.0,0.0,0.0,0.0,0.0,0.0,0.0,0.0,0.0,2.2222222222222226e-19,6.666666666666668e-19,1.777777777777778e-18,2.2222222222222226e-18,0.0,0.0,0.0,0.0,0.0,0.0,2199.1455386000116,4348.6605571100845,2082.486661359462,1986.78239401264,1009.324001544909,927.1560604064998,-783.1483491595789,285.5309581257659,9769.560000000289,9.76956000000029e+23,0.0,0.0
1.605e-05,154884.0,5.16279,3e+22,-729.29,-3313.39,7086.87,3.45142,3.42099,3.45281,0.00433835886,-9.11315567e-05,0.2721323,0.0762550367,0.075650385,0.102570489,-0.000275650769,0.00127981142,-6.25457561e-06,2713.28265,603.628323,-1155.10473,109.724408,2056.41799,290.472622,895.918017,-1356.39675,1250.31697,32100.0,154883.551464,5.162785049,-30.000000000000004,30000 3000,1e-06,2,0.0 0.0259,0.0 0.0,-1.0 0.0,0.00054857 28.0,80000,1000,5e-10,0.0,0.0 0.0 0.0,1000 1000000 0,0,0.0,0,100,0,,10,,1,,,,1.0,10.0,0.1,False,{},,,False,3,mixed,250,300,True,Ar_Aubin,,False,uniform,Argon-Aubin-Test2/10Td,3.0000000000000005e+21,7.08687e+23,0.0,1.4907733333333334e-13,1.4907222222222222e-13,0.0,0.0,0.0,0.0,0.0,0.0,0.0,0.0,0.0,0.0,0.0,0.0,0.0,0.0,0.0,0.0,0.0,0.0,0.0,0.0,0.0,0.0,4.444444444444445e-19,1.3333333333333336e-18,1.777777777777778e-18,1.5555555555555556e-18,0.0,0.0,0.0,0.0,0.0,0.0,2990.3781816552346,2716.4465717330095,2074.769848372238,2056.1160356113455,577.2481698704257,-678.2492629009998,-379.657950546064,-91.46873318716825,13471.899999999427,1.3471899999999428e+24,0.0,0.0
1.61e-05,154786.0,5.15954,3e+22,673.624,3771.51,11320.4,3.44092,3.43841,3.43893,0.0042914408,-0.000241086192,0.272565719,0.0764434445,0.0758353533,0.102867524,-0.000248636233,0.0012356717,-4.98406453e-05,2474.82616,1816.17418,611.110177,-2244.03957,3710.09368,1050.55093,-518.780903,1959.62788,3358.77181,32200.0,154786.07147,5.159535716,-30.000000000000004,30000 3000,1e-06,2,0.0 0.0259,0.0 0.0,-1.0 0.0,0.00054857 28.0,80000,1000,5e-10,0.0,0.0 0.0 0.0,1000 1000000 0,0,0.0,0,100,0,,10,,1,,,,1.0,10.0,0.1,False,{},,,False,3,mixed,250,300,True,Ar_Aubin,,False,uniform,Argon-Aubin-Test2/10Td,3.0000000000000005e+21,1.1320400000000001e+24,0.0,1.4868466666666666e-13,1.4867822222222223e-13,0.0,0.0,0.0,0.0,0.0,0.0,0.0,0.0,0.0,0.0,0.0,0.0,0.0,0.0,0.0,0.0,0.0,0.0,0.0,0.0,0.0,0.0,4.444444444444445e-19,2.4444444444444447e-18,2.666666666666667e-18,8.88888888888889e-19,0.0,0.0,0.0,0.0,0.0,0.0,1888.1269345823182,2471.935342482541,1849.1848240864695,3711.0029389839897,609.5252930304885,273.2188446324003,-664.6358480151418,-139.85836232797595,8668.37999999981,8.668379999999812e+23,0.0,0.0
1.615e-05,154699.0,5.15663,3e+22,1892.41,99.8374,4801.86,3.42165,3.4543,3.43716,0.00449208241,-0.000168987898,0.272904195,0.0766603308,0.0761166917,0.103123604,-0.000244573562,0.00132359942,-1.04447786e-05,1218.49892,1636.25304,1744.63092,-1079.07856,1147.78825,-673.033856,643.404015,551.482797,972.487345,32300.0,154698.912125,5.156630404,-30.000000000000004,30000 3000,1e-06,2,0.0 0.0259,0.0 0.0,-1.0 0.0,0.00054857 28.0,80000,1000,5e-10,0.0,0.0 0.0 0.0,1000 1000000 0,0,0.0,0,100,0,,10,,1,,,,1.0,10.0,0.1,False,{},,,False,3,mixed,250,300,True,Ar_Aubin,,False,uniform,Argon-Aubin-Test2/10Td,3.0000000000000005e+21,4.80186e+23,0.0,1.4875044444444443e-13,1.487457777777778e-13,0.0,0.0,0.0,0.0,0.0,0.0,0.0,0.0,0.0,0.0,0.0,0.0,0.0,0.0,0.0,0.0,0.0,0.0,0.0,0.0,0.0,0.0,2.2222222222222226e-19,1.3333333333333336e-18,1.5555555555555556e-18,1.5555555555555556e-18,0.0,0.0,0.0,0.0,0.0,0.0,2151.2395976167054,1209.998058326492,2813.679656423068,1147.8051213123679,714.5152538891309,-337.96039280269997,634.3846644645034,1850.0179564987675,6769.52000000064,6.76952000000064e+23,0.0,0.0
1.62e-05,154747.0,5.15823,3e+22,-2622.99,-8838.19,11978.0,3.43229,3.45236,3.43052,0.00442209274,-0.000156228705,0.273463871,0.0769072111,0.0763931677,0.103542607,-0.000232350927,0.00132935871,7.23467286e-06,5099.75934,717.899519,-995.044571,2317.27882,2431.85363,-487.349223,485.376482,-2425.30667,3959.26806,32400.0,154747.026326,5.158234211,-30.000000000000004,30000 3000,1e-06,2,0.0 0.0259,0.0 0.0,-1.0 0.0,0.00054857 28.0,80000,1000,5e-10,0.0,0.0 0.0 0.0,1000 1000000 0,0,0.0,0,100,0,,10,,1,,,,1.0,10.0,0.1,False,{},,,False,3,mixed,250,300,True,Ar_Aubin,,False,uniform,Argon-Aubin-Test2/10Td,3.0000000000000005e+21,1.1978e+24,0.0,1.4903355555555555e-13,1.490277777777778e-13,0.0,0.0,0.0,0.0,0.0,0.0,0.0,0.0,0.0,0.0,0.0,0.0,0.0,0.0,0.0,0.0,0.0,0.0,0.0,0.0,0.0,0.0,0.0,2.2222222222222226e-18,1.3333333333333336e-18,2.2222222222222226e-18,0.0,0.0,0.0,0.0,0.0,0.0,2475.04200177065,5111.358445036092,2764.8014950140687,2430.472851021756,1132.139062933746,683.7178131619994,447.6965074662635,154.65708315456993,11193.520000000179,1.1193520000000179e+24,0.0,0.0
1.625e-05,154858.0,5.16192,3e+22,497.958,12854.0,3542.02,3.43662,3.43685,3.44936,0.004464062,-0.0001186697,0.274023818,0.0771232939,0.0766347178,0.103966499,-0.000200411053,0.00134343206,-1.75388189e-05,4634.6981,38.4231565,-396.08845,-381.512038,2063.05449,1049.81559,702.610288,4056.08357,1079.16092,32500.0,154857.536936,5.161917898,-30.000000000000004,30000 3000,1e-06,2,0.0 0.0259,0.0 0.0,-1.0 0.0,0.00054857 28.0,80000,1000,5e-10,0.0,0.0 0.0 0.0,1000 1000000 0,0,0.0,0,100,0,,10,,1,,,,1.0,10.0,0.1,False,{},,,False,3,mixed,250,300,True,Ar_Aubin,,False,uniform,Argon-Aubin-Test2/10Td,3.0000000000000005e+21,3.54202e+23,0.0,1.4897999999999999e-13,1.4897533333333335e-13,0.0,0.0,0.0,0.0,0.0,0.0,0.0,0.0,0.0,0.0,0.0,0.0,0.0,0.0,0.0,0.0,0.0,0.0,0.0,0.0,0.0,0.0,6.666666666666668e-19,1.1111111111111113e-18,1.3333333333333336e-18,1.5555555555555556e-18,0.0,0.0,0.0,0.0,0.0,0.0,2157.0985466132233,4632.475184614604,2415.6042491056687,2064.5798703238,1173.2791100756147,108.56307616764013,1.9327114536170018,154.25768875111592,11198.939999998991,1.1198939999998991e+24,0.0,0.0
1.63e-05,154798.0,5.15993,3e+22,-7633.0,3719.39,12742.3,3.43811,3.44887,3.43155,0.00453402034,-6.43209371e-05,0.274513146,0.0773120698,0.0768502595,0.104364529,-0.000143695387,0.00136058853,-2.02674475e-05,1086.23128,470.878975,-1172.56701,1318.86376,4691.89574,1127.52472,-2746.80523,551.152439,4802.88788,32600.0,154797.972924,5.159932431,-30.000000000000004,30000 3000,1e-06,2,0.0 0.0259,0.0 0.0,-1.0 0.0,0.00054857 28.0,80000,1000,5e-10,0.0,0.0 0.0 0.0,1000 1000000 0,0,0.0,0,100,0,,10,,1,,,,1.0,10.0,0.1,False,{},,,False,3,mixed,250,300,True,Ar_Aubin,,False,uniform,Argon-Aubin-Test2/10Td,3.0000000000000005e+21,1.27423e+24,0.0,1.4893933333333332e-13,1.4893266666666667e-13,0.0,0.0,0.0,0.0,0.0,0.0,0.0,0.0,0.0,0.0,0.0,0.0,0.0,0.0,0.0,0.0,0.0,2.2222222222222226e-19,0.0,0.0,2.2222222222222226e-19,0.0,2.2222222222222226e-19,2e-18,2.4444444444444447e-18,1.5555555555555556e-18,0.0,0.0,0.0,0.0,0.0,0.0,1881.4640909629866,1120.83945725522,2155.5164531475434,4692.13497465024,1296.1550447979087,1304.9590197242005,-84.64809065347399,-1881.7872439603816,9786.560000000221,9.786560000000222e+23,0.0,0.0
1.635e-05,154711.0,5.15703,3e+22,5300.3,-5628.5,3218.7,3.46659,3.37981,3.46725,0.00458271676,-4.72833379e-05,0.274890481,0.0774346297,0.077094344,0.104723781,-0.000191048642,0.00134308599,2.38434736e-05,1702.68929,-1309.37048,633.835575,1704.60834,895.48469,1469.37107,2743.39047,-139.51331,1330.36236,32700.0,154710.842098,5.15702807,-30.000000000000004,30000 3000,1e-06,2,0.0 0.0259,0.0 0.0,-1.0 0.0,0.00054857 28.0,80000,1000,5e-10,0.0,0.0 0.0 0.0,1000 1000000 0,0,0.0,0,100,0,,10,,1,,,,1.0,10.0,0.1,False,{},,,False,3,mixed,250,300,True,Ar_Aubin,,False,uniform,Argon-Aubin-Test2/10Td,3.0000000000000005e+21,3.2187e+23,0.0,1.4901155555555555e-13,1.4900622222222224e-13,0.0,0.0,0.0,0.0,0.0,0.0,0.0,0.0,0.0,0.0,0.0,0.0,0.0,0.0,0.0,0.0,0.0,0.0,0.0,0.0,2.2222222222222226e-19,0.0,0.0,1.1111111111111113e-18,2.2222222222222226e-18,1.777777777777778e-18,0.0,0.0,0.0,0.0,0.0,0.0,1221.1594754114874,1678.399516356972,2440.864014688904,895.2185557326299,1519.4278240593385,445.5723688053,-651.9913376354381,1905.4736381202877,7546.700000000684,7.546700000000684e+23,0.0,0.0
1.64e-05,154742.0,5.15807,3e+22,48.2146,-2603.62,10161.2,3.48826,3.41222,3.41503,0.0045817496,-0.000172005277,0.275417202,0.0776210713,0.0773090678,0.10512822,-0.000224052893,0.00139120871,-2.81444597e-05,3171.45802,1015.85728,631.944692,-1361.72518,2039.45397,-90.9376368,-862.542518,-1499.94424,3714.36066,32800.0,154742.04464,5.158068155,-30.000000000000004,30000 3000,1e-06,2,0.0 0.0259,0.0 0.0,-1.0 0.0,0.00054857 28.0,80000,1000,5e-10,0.0,0.0 0.0 0.0,1000 1000000 0,0,0.0,0,100,0,,10,,1,,,,1.0,10.0,0.1,False,{},,,False,3,mixed,250,300,True,Ar_Aubin,,False,uniform,Argon-Aubin-Test2/10Td,3.0000000000000005e+21,1.0161200000000001e+24,0.0,1.4857e-13,1.4856444444444447e-13,0.0,0.0,0.0,0.0,0.0,0.0,0.0,0.0,0.0,0.0,0.0,0.0,0.0,0.0,0.0,0.0,0.0,0.0,0.0,0.0,0.0,0.0,2.2222222222222226e-19,2e-18,1.3333333333333336e-18,2e-18,0.0,0.0,0.0,0.0,0.0,0.0,1864.5046350529437,3171.237112775736,2146.964498987436,2039.0061336206973,1145.8038690255469,915.7913870375992,919.5055869308478,-290.43303026306916,10534.420000000157,1.0534420000000157e+24,0.0,0.0
1.645e-05,154701.0,5.15669,3e+22,780.815,2202.74,12734.8,3.44027,3.45441,3.41774,0.00460769792,-0.000135109437,0.275924162,0.0778846968,0.0775763962,0.105548217,-0.000240018706,0.00141152461,-6.80030098e-05,1148.36114,2189.37347,1629.51551,766.304869,3236.31356,-500.03433,-695.09885,867.133268,6510.95662,32900.0,154700.571787,5.156685726,-30.000000000000004,30000 3000,1e-06,2,0.0 0.0259,0.0 0.0,-1.0 0.0,0.00054857 28.0,80000,1000,5e-10,0.0,0.0 0.0 0.0,1000 1000000 0,0,0.0,0,100,0,,10,,1,,,,1.0,10.0,0.1,False,{},,,False,3,mixed,250,300,True,Ar_Aubin,,False,uniform,Argon-Aubin-Test2/10Td,3.0000000000000005e+21,1.2734800000000002e+24,0.0,1.4853288888888888e-13,1.4852622222222223e-13,0.0,0.0,0.0,0.0,0.0,0.0,0.0,0.0,0.0,0.0,0.0,0.0,2.2222222222222226e-19,0.0,0.0,0.0,0.0,0.0,0.0,0.0,0.0,0.0,0.0,3.1111111111111112e-18,1.1111111111111113e-18,2.2222222222222226e-18,0.0,0.0,0.0,0.0,0.0,0.0,2633.870492751295,1144.763380348595,2673.397312553394,3236.6111709612574,1404.8898210658467,2997.1176017624007,216.6673554295255,660.2928239763539,10139.199999998906,1.0139199999998906e+24,0.0,0.0
1.65e-05,154523.0,5.15078,3e+22,3788.52,5562.01,8217.35,3.44674,3.45799,3.39618,0.00467786336,-0.000236218052,0.276372932,0.0780398505,0.0777773376,0.105915125,-0.00027979613,0.0014060761,-9.06498252e-05,1377.76915,-1654.30658,54.129223,-1792.72341,2197.34358,-885.15308,845.258506,2273.35891,3024.99072,33000.0,154523.30388,5.150776796,-30.000000000000004,30000 3000,1e-06,2,0.0 0.0259,0.0 0.0,-1.0 0.0,0.00054857 28.0,80000,1000,5e-10,0.0,0.0 0.0 0.0,1000 1000000 0,0,0.0,0,100,0,,10,,1,,,,1.0,10.0,0.1,False,{},,,False,3,mixed,250,300,True,Ar_Aubin,,False,uniform,Argon-Aubin-Test2/10Td,3.0000000000000005e+21,8.21735e+23,0.0,1.4868266666666667e-13,1.4867444444444446e-13,0.0,0.0,0.0,0.0,0.0,0.0,0.0,0.0,0.0,0.0,0.0,0.0,0.0,0.0,0.0,0.0,0.0,0.0,0.0,0.0,0.0,4.444444444444445e-19,4.444444444444445e-19,1.777777777777778e-18,1.777777777777778e-18,3.777777777777778e-18,0.0,0.0,0.0,0.0,0.0,0.0,1545.0217450713178,1360.046971103373,2009.0385559187741,2198.657427167405,1190.5363312560148,753.9376072297996,-538.1626994685734,-186.09629182193612,8975.400000000855,8.975400000000854e+23,0.0,0.0
1.655e-05,154517.0,5.15056,3e+22,2535.06,-9605.44,4289.72,3.45191,3.4146,3.43395,0.00480496384,-0.000321411423,0.276825748,0.0782473465,0.0780030963,0.106253551,-0.00032564469,0.00144304214,-0.000105877461,1471.86924,1294.77022,688.579097,-1213.33174,2578.5456,2003.03489,1519.9424,-3184.29754,1067.80351,33100.0,154516.881957,5.150562732,-30.000000000000004,30000 3000,1e-06,2,0.0 0.0259,0.0 0.0,-1.0 0.0,0.00054857 28.0,80000,1000,5e-10,0.0,0.0 0.0 0.0,1000 1000000 0,0,0.0,0,100,0,,10,,1,,,,1.0,10.0,0.1,False,{},,,False,3,mixed,250,300,True,Ar_Aubin,,False,uniform,Argon-Aubin-Test2/10Td,3.0000000000000005e+21,4.289720000000001e+23,0.0,1.4874622222222223e-13,1.4874111111111114e-13,0.0,0.0,0.0,0.0,0.0,0.0,0.0,0.0,0.0,0.0,0.0,0.0,0.0,0.0,0.0,0.0,0.0,0.0,0.0,0.0,0.0,0.0,2.2222222222222226e-19,1.3333333333333336e-18,1.3333333333333336e-18,2.2222222222222226e-18,0.0,0.0,0.0,0.0,0.0,0.0,2062.9072811112483,1459.6883683677695,2257.1119366525395,2575.4583018610588,879.2878651714409,-119.70143771055996,-6.7371364476142075,1486.139666791395,9056.319999999341,9.056319999999342e+23,0.0,0.0
1.66e-05,154622.0,5.15407,3e+22,1391.27,2016.81,4562.64,3.45829,3.42302,3.42667,0.00475941688,-0.000432870815,0.277343788,0.0784253768,0.0782102186,0.106646035,-0.00032927894,0.00142631489,-0.00011556337,3852.38813,346.936749,-90.8062844,-479.029968,1909.17817,1028.87,112.748341,762.597038,431.6814,33200.0,154622.104198,5.15407014,-30.000000000000004,30000 3000,1e-06,2,0.0 0.0259,0.0 0.0,-1.0 0.0,0.00054857 28.0,80000,1000,5e-10,0.0,0.0 0.0 0.0,1000 1000000 0,0,0.0,0,100,0,,10,,1,,,,1.0,10.0,0.1,False,{},,,False,3,mixed,250,300,True,Ar_Aubin,,False,uniform,Argon-Aubin-Test2/10Td,3.0000000000000005e+21,4.5626400000000007e+23,0.0,1.4856755555555554e-13,1.4856333333333334e-13,0.0,0.0,0.0,0.0,0.0,0.0,0.0,0.0,0.0,0.0,0.0,0.0,0.0,0.0,0.0,0.0,0.0,0.0,0.0,0.0,0.0,0.0,4.444444444444445e-19,1.3333333333333336e-18,4.444444444444445e-19,2e-18,0.0,0.0,0.0,0.0,0.0,0.0,1784.6592846608446,3845.7664960773623,2070.3822816035836,1910.0511881884001,1054.0201357055191,-833.73846088032,-131.68494098777987,-385.63354116412313,10360.799999999948,1.0360799999999949e+24,0.0,0.0
1.665e-05,154612.0,5.15373,3e+22,5894.32,7341.88,12483.0,3.41113,3.45395,3.441,0.00476105542,-0.00048916369,0.277847045,0.0785938668,0.0784529476,0.107067031,-0.000350013062,0.00144061536,-0.000198449806,2157.94628,-2758.56419,1776.90062,-1227.192,2944.13872,110.651612,322.105686,891.668931,6060.95638,33300.0,154612.021911,5.153734064,-30.000000000000004,30000 3000,1e-06,2,0.0 0.0259,0.0 0.0,-1.0 0.0,0.00054857 28.0,80000,1000,5e-10,0.0,0.0 0.0 0.0,1000 1000000 0,0,0.0,0,100,0,,10,,1,,,,1.0,10.0,0.1,False,{},,,False,3,mixed,250,300,True,Ar_Aubin,,False,uniform,Argon-Aubin-Test2/10Td,3.0000000000000005e+21,1.2483000000000002e+24,0.0,1.4889844444444444e-13,1.4889244444444446e-13,0.0,0.0,0.0,0.0,0.0,0.0,0.0,0.0,0.0,0.0,0.0,0.0,0.0,0.0,0.0,0.0,0.0,0.0,0.0,0.0,2.2222222222222226e-19,0.0,6.666666666666668e-19,2.2222222222222226e-18,2e-18,8.88888888888889e-19,0.0,0.0,0.0,0.0,0.0,0.0,1684.7440032531636,2129.8830958167855,2426.7709602686373,2947.7301011123373,1415.9232695690193,2592.5917172649993,228.99993284214264,401.8546569077396,10065.140000000694,1.0065140000000695e+24,0.0,0.0
1.67e-05,154490.0,5.14966,3e+22,2277.66,-3005.21,15038.9,3.43943,3.45762,3.4009,0.00484922193,-0.0005285574,0.278373441,0.0787827406,0.078724901,0.107532779,-0.000399895437,0.00146394895,-0.000173291144,324.604836,-473.957996,-1394.19966,2884.60493,1811.40282,961.770256,621.108925,-202.645936,5272.22247,33400.0,154489.909296,5.149663643,-30.000000000000004,30000 3000,1e-06,2,0.0 0.0259,0.0 0.0,-1.0 0.0,0.00054857 28.0,80000,1000,5e-10,0.0,0.0 0.0 0.0,1000 1000000 0,0,0.0,0,100,0,,10,,1,,,,1.0,10.0,0.1,False,{},,,False,3,mixed,250,300,True,Ar_Aubin,,False,uniform,Argon-Aubin-Test2/10Td,3.0000000000000005e+21,1.50389e+24,0.0,1.4885866666666666e-13,1.4885022222222223e-13,0.0,0.0,0.0,0.0,0.0,0.0,0.0,0.0,0.0,0.0,0.0,0.0,0.0,0.0,0.0,0.0,0.0,0.0,0.0,0.0,2.2222222222222226e-19,4.444444444444445e-19,4.444444444444445e-19,1.5555555555555556e-18,2e-18,3.777777777777778e-18,0.0,0.0,0.0,0.0,0.0,0.0,1880.2649538592066,313.5599571789162,2719.133081905134,1809.814394015946,1729.5576105155753,1085.7921281451,-74.31650597054113,-1480.057750311137,10527.91999999969,1.052791999999969e+24,0.0,0.0
1.675e-05,154600.0,5.15335,3e+22,3663.7,-4345.1,11919.0,3.44972,3.41484,3.44115,0.00490612232,-0.000542492996,0.278971369,0.0789627982,0.0789029204,0.107964557,-0.000442956577,0.00146888861,-0.000176305813,117.56892,-674.482418,724.447034,149.430658,2094.80198,-962.219506,829.356666,-1001.20666,2920.50807,33500.0,154600.351415,5.153345047,-30.000000000000004,30000 3000,1e-06,2,0.0 0.0259,0.0 0.0,-1.0 0.0,0.00054857 28.0,80000,1000,5e-10,0.0,0.0 0.0 0.0,1000 1000000 0,0,0.0,0,100,0,,10,,1,,,,1.0,10.0,0.1,False,{},,,False,3,mixed,250,300,True,Ar_Aubin,,False,uniform,Argon-Aubin-Test2/10Td,3.0000000000000005e+21,1.1919e+24,0.0,1.48702e-13,1.4869666666666667e-13,0.0,0.0,0.0,0.0,0.0,0.0,0.0,0.0,0.0,0.0,0.0,0.0,0.0,0.0,0.0,0.0,0.0,0.0,0.0,0.0,0.0,0.0,8.88888888888889e-19,6.666666666666668e-19,1.3333333333333336e-18,2.4444444444444447e-18,0.0,0.0,0.0,0.0,0.0,0.0,1795.0251710759092,99.594359656216,1780.0447427439303,2092.4447936830807,985.2593244630282,-404.5516771110006,-276.66810530190253,473.26022346261993,11958.560000000507,1.1958560000000507e+24,0.0,0.0
1.68e-05,154593.0,5.15309,3e+22,5194.85,5371.34,4397.12,3.44503,3.43774,3.42299,0.00501201961,-0.0004924258,0.279398715,0.0792262404,0.0791430731,0.108279903,-0.000491308938,0.00152329595,-0.000125121253,3153.78238,-1408.64151,-2010.48618,222.376573,4263.6325,1818.60152,1026.13536,1726.08535,1673.98623,33600.0,154592.732982,5.153091099,-30.000000000000004,30000 3000,1e-06,2,0.0 0.0259,0.0 0.0,-1.0 0.0,0.00054857 28.0,80000,1000,5e-10,0.0,0.0 0.0 0.0,1000 1000000 0,0,0.0,0,100,0,,10,,1,,,,1.0,10.0,0.1,False,{},,,False,3,mixed,250,300,True,Ar_Aubin,,False,uniform,Argon-Aubin-Test2/10Td,3.0000000000000005e+21,4.39712e+23,0.0,1.4903022222222221e-13,1.4902555555555558e-13,0.0,0.0,0.0,0.0,0.0,0.0,0.0,0.0,0.0,0.0,0.0,0.0,0.0,0.0,0.0,0.0,0.0,0.0,0.0,0.0,0.0,0.0,4.444444444444445e-19,1.3333333333333336e-18,1.5555555555555556e-18,1.3333333333333336e-18,0.0,0.0,0.0,0.0,0.0,0.0,2623.918956477789,3127.7456899289914,2402.0451548220635,4266.2774863965715,767.2877808294343,445.4365522992,454.4632300610991,-2457.8236862852737,8546.919999999904,8.546919999999904e+23,0.0,0.0
1.685e-05,154627.0,5.15424,3e+22,-1439.22,-6211.64,6490.86,3.38982,3.46122,3.45696,0.00509495336,-0.000641912782,0.280017323,0.0794624187,0.0793699854,0.108728358,-0.000500577396,0.00151149529,-0.000111085628,2759.19388,1439.2617,285.518584,-914.093862,1321.61458,1280.82157,-848.030316,-1734.28311,2122.77843,33700.0,154627.082712,5.15423609,-30.000000000000004,30000 3000,1e-06,2,0.0 0.0259,0.0 0.0,-1.0 0.0,0.00054857 28.0,80000,1000,5e-10,0.0,0.0 0.0 0.0,1000 1000000 0,0,0.0,0,100,0,,10,,1,,,,1.0,10.0,0.1,False,{},,,False,3,mixed,250,300,True,Ar_Aubin,,False,uniform,Argon-Aubin-Test2/10Td,3.0000000000000005e+21,6.49086e+23,0.0,1.4895822222222223e-13,1.4895111111111112e-13,0.0,0.0,0.0,0.0,0.0,0.0,0.0,0.0,0.0,0.0,0.0,0.0,2.2222222222222226e-19,0.0,0.0,0.0,0.0,0.0,0.0,0.0,0.0,0.0,6.666666666666668e-19,8.88888888888889e-19,2.666666666666667e-18,2.666666666666667e-18,0.0,0.0,0.0,0.0,0.0,0.0,2353.4009083044093,2766.526638774779,2267.427311487963,1317.6272488868174,1023.9576356491087,305.22518883222006,-762.4804417650762,-192.5758293582296,12372.1599999993,1.23721599999993e+24,0.0,0.0
1.69e-05,154587.0,5.1529,3e+22,-2423.86,928.809,11273.9,3.43572,3.44553,3.4238,0.0050475677,-0.000590131812,0.280463937,0.0797402699,0.0796105014,0.109090544,-0.000460031544,0.00152333856,-8.44113455e-05,1943.74849,-229.728721,2349.91837,1561.91289,4385.49321,-529.546066,-1884.40033,-1636.23199,4301.38696,33800.0,154587.109206,5.15290364,-30.000000000000004,30000 3000,1e-06,2,0.0 0.0259,0.0 0.0,-1.0 0.0,0.00054857 28.0,80000,1000,5e-10,0.0,0.0 0.0 0.0,1000 1000000 0,0,0.0,0,100,0,,10,,1,,,,1.0,10.0,0.1,False,{},,,False,3,mixed,250,300,True,Ar_Aubin,,False,uniform,Argon-Aubin-Test2/10Td,3.0000000000000005e+21,1.12739e+24,0.0,1.4891066666666667e-13,1.4890511111111112e-13,0.0,0.0,0.0,0.0,0.0,0.0,0.0,0.0,0.0,0.0,0.0,0.0,0.0,0.0,0.0,0.0,0.0,0.0,0.0,0.0,2.2222222222222226e-19,0.0,0.0,2.4444444444444447e-18,1.5555555555555556e-18,1.3333333333333336e-18,0.0,0.0,0.0,0.0,0.0,0.0,2783.318100544885,1955.9830874453219,2405.7979646417707,4386.041329738172,1118.6722254635795,1139.4645806557,457.1552252204082,1088.4175848437899,8932.280000000237,8.932280000000239e+23,0.0,0.0
1.695e-05,154598.0,5.15326,3e+22,-1878.07,-1398.52,9215.04,3.45133,3.41732,3.43737,0.00499543073,-0.000567156849,0.281040836,0.0799623549,0.0798685727,0.109509194,-0.000468785467,0.00148653744,-7.25835843e-05,-357.029952,-25.4441336,-954.009447,480.041156,1829.41327,-171.533354,-451.874147,-143.04291,3367.37134,33900.0,154597.919429,5.153263981,-30.000000000000004,30000 3000,1e-06,2,0.0 0.0259,0.0 0.0,-1.0 0.0,0.00054857 28.0,80000,1000,5e-10,0.0,0.0 0.0 0.0,1000 1000000 0,0,0.0,0,100,0,,10,,1,,,,1.0,10.0,0.1,False,{},,,False,3,mixed,250,300,True,Ar_Aubin,,False,uniform,Argon-Aubin-Test2/10Td,3.0000000000000005e+21,9.215040000000002e+23,0.0,1.489562222222222e-13,1.4894933333333334e-13,0.0,0.0,0.0,0.0,0.0,0.0,2.2222222222222226e-19,0.0,0.0,0.0,0.0,0.0,0.0,0.0,0.0,0.0,0.0,0.0,0.0,0.0,0.0,0.0,6.666666666666668e-19,1.3333333333333336e-18,2.4444444444444447e-18,2.2222222222222226e-18,0.0,0.0,0.0,0.0,0.0,0.0,2226.0861150787127,-347.6481834089089,2580.9788866415497,1828.6200898035365,947.1845796106549,777.5687946265598,-501.2087824651139,-924.102325127659,11537.980000000392,1.1537980000000393e+24,0.0,0.0
1.7e-05,154646.0,5.15488,3e+22,3285.81,9357.41,6843.13,3.42607,3.44528,3.43758,0.00513892472,-0.000543788851,0.281557973,0.0801744405,0.0801131817,0.10989222,-0.000490376697,0.00150981349,-7.21728684e-05,2463.45036,-2285.21199,856.508166,-466.044928,2873.60894,1292.74157,27.7742424,2668.67811,3197.53168,34000.0,154646.325525,5.154877517,-30.000000000000004,30000 3000,1e-06,2,0.0 0.0259,0.0 0.0,-1.0 0.0,0.00054857 28.0,80000,1000,5e-10,0.0,0.0 0.0 0.0,1000 1000000 0,0,0.0,0,100,0,,10,,1,,,,1.0,10.0,0.1,False,{},,,False,3,mixed,250,300,True,Ar_Aubin,,False,uniform,Argon-Aubin-Test2/10Td,3.0000000000000005e+21,6.84313e+23,0.0,1.4868133333333332e-13,1.4867622222222223e-13,0.0,0.0,0.0,0.0,0.0,0.0,0.0,0.0,0.0,0.0,0.0,0.0,0.0,0.0,0.0,0.0,0.0,0.0,0.0,0.0,0.0,0.0,2.2222222222222226e-19,8.88888888888889e-19,1.5555555555555556e-18,2.4444444444444447e-18,0.0,0.0,0.0,0.0,0.0,0.0,2106.3138090039733,2446.5648297657767,2446.349605768894,2878.697395232236,920.8533971015454,1270.7938682245099,-394.18298047004447,-76.02992478230362,10342.740000000018,1.0342740000000018e+24,0.0,0.0
1.705e-05,154582.0,5.15273,3e+22,-4878.3,9914.0,13130.7,3.44077,3.40517,3.45784,0.00515332084,-0.0004665816,0.281995019,0.0804289831,0.0803489375,0.110246725,-0.000496041295,0.00152467054,-6.28785932e-05,2218.48821,235.059773,763.295043,292.075428,528.537391,1746.97226,-2036.08299,3498.94483,4062.33006,34100.0,154581.795621,5.152726521,-30.000000000000004,30000 3000,1e-06,2,0.0 0.0259,0.0 0.0,-1.0 0.0,0.00054857 28.0,80000,1000,5e-10,0.0,0.0 0.0 0.0,1000 1000000 0,0,0.0,0,100,0,,10,,1,,,,1.0,10.0,0.1,False,{},,,False,3,mixed,250,300,True,Ar_Aubin,,False,uniform,Argon-Aubin-Test2/10Td,3.0000000000000005e+21,1.3130700000000001e+24,0.0,1.4881155555555556e-13,1.4880555555555558e-13,0.0,0.0,0.0,0.0,0.0,0.0,0.0,0.0,0.0,0.0,0.0,0.0,0.0,0.0,0.0,0.0,0.0,0.0,0.0,0.0,0.0,0.0,2.2222222222222226e-19,1.3333333333333336e-18,8.88888888888889e-19,3.555555555555556e-18,0.0,0.0,0.0,0.0,0.0,0.0,2543.9443159784582,2243.627655053772,2358.338079250233,533.1630809824,1082.064190583848,359.53806401669954,171.02938747792786,35.20164423391179,8740.919999999931,8.74091999999993e+23,0.0,0.0
1.71e-05,154655.0,5.15515,3e+22,-2075.43,-167.601,8166.99,3.45677,3.42546,3.42767,0.00510929786,-0.000352963151,0.282487424,0.0806744262,0.0805798594,0.110649523,-0.000468346125,0.00147918427,-5.66329095e-06,3126.6782,698.630359,-771.601378,286.505452,1578.23501,1971.76395,-1350.07642,-539.671412,2602.41161,34200.0,154654.607898,5.155153597,-30.000000000000004,30000 3000,1e-06,2,0.0 0.0259,0.0 0.0,-1.0 0.0,0.00054857 28.0,80000,1000,5e-10,0.0,0.0 0.0 0.0,1000 1000000 0,0,0.0,0,100,0,,10,,1,,,,1.0,10.0,0.1,False,{},,,False,3,mixed,250,300,True,Ar_Aubin,,False,uniform,Argon-Aubin-Test2/10Td,3.0000000000000005e+21,8.166989999999999e+23,0.0,1.4890955555555556e-13,1.4890533333333336e-13,0.0,0.0,0.0,0.0,0.0,0.0,0.0,0.0,0.0,0.0,0.0,0.0,0.0,0.0,0.0,0.0,0.0,0.0,0.0,0.0,0.0,0.0,6.666666666666668e-19,1.3333333333333336e-18,6.666666666666668e-19,1.5555555555555556e-18,0.0,0.0,0.0,0.0,0.0,0.0,2458.948910577796,3137.2821900575796,2310.1501540348513,1578.1758530229295,1248.440226545855,295.3396430662401,-711.7570546243254,-1577.1225081373213,9848.099999999471,9.848099999999471e+23,0.0,0.0
1.715e-05,154691.0,5.15636,3e+22,-3934.57,-8907.31,7778.15,3.39853,3.46565,3.44766,0.00498844573,-0.000299770965,0.283040091,0.0809627279,0.0807867538,0.111098959,-0.000473926972,0.00145539816,1.14916914e-05,3407.97211,1281.86011,-348.24327,-497.064419,1751.33842,486.519851,-970.041155,-4336.70037,3116.98905,34300.0,154690.849532,5.156361651,-30.000000000000004,30000 3000,1e-06,2,0.0 0.0259,0.0 0.0,-1.0 0.0,0.00054857 28.0,80000,1000,5e-10,0.0,0.0 0.0 0.0,1000 1000000 0,0,0.0,0,100,0,,10,,1,,,,1.0,10.0,0.1,False,{},,,False,3,mixed,250,300,True,Ar_Aubin,,False,uniform,Argon-Aubin-Test2/10Td,3.0000000000000005e+21,7.778150000000001e+23,0.0,1.4882866666666666e-13,1.4882266666666668e-13,0.0,0.0,0.0,0.0,0.0,0.0,0.0,0.0,0.0,0.0,0.0,0.0,0.0,0.0,0.0,0.0,0.0,0.0,0.0,0.0,0.0,0.0,4.444444444444445e-19,1.5555555555555556e-18,1.777777777777778e-18,2.2222222222222226e-18,0.0,0.0,0.0,0.0,0.0,0.0,2895.220338210436,3427.599498915886,2069.2912035451263,1748.6682670857458,1368.8760486749163,915.4607661883501,151.92295104702205,-243.44425330892955,11053.340000000135,1.1053340000000136e+24,0.0,0.0
1.72e-05,154573.0,5.15243,3e+22,-638.394,-14309.3,4399.82,3.44799,3.42599,3.42962,0.00493120813,-0.000348213035,0.283564933,0.0811954903,0.0809703621,0.111487881,-0.000515909109,0.00144738865,-2.41393187e-05,1667.75259,1212.4082,259.945945,-410.119185,3815.44518,600.76881,-1437.45735,-5309.46133,1461.89614,34400.0,154573.035446,5.152434515,-30.000000000000004,30000 3000,1e-06,2,0.0 0.0259,0.0 0.0,-1.0 0.0,0.00054857 28.0,80000,1000,5e-10,0.0,0.0 0.0 0.0,1000 1000000 0,0,0.0,0,100,0,,10,,1,,,,1.0,10.0,0.1,False,{},,,False,3,mixed,250,300,True,Ar_Aubin,,False,uniform,Argon-Aubin-Test2/10Td,3.0000000000000005e+21,4.39982e+23,0.0,1.4869644444444443e-13,1.48688e-13,0.0,0.0,0.0,0.0,0.0,0.0,0.0,0.0,0.0,0.0,0.0,0.0,0.0,0.0,0.0,0.0,0.0,0.0,0.0,0.0,0.0,0.0,2.2222222222222226e-19,2.4444444444444447e-18,2.4444444444444447e-18,3.3333333333333337e-18,0.0,0.0,0.0,0.0,0.0,0.0,2333.3017717978855,1670.9006436829434,1835.7691031371803,3810.462495218275,915.4388599377784,214.26147648794017,112.05840750511987,-1018.1816813169345,10496.840000000508,1.0496840000000508e+24,0.0,0.0
1.725e-05,154633.0,5.15443,3e+22,1660.38,3186.38,12394.5,3.44901,3.40343,3.45547,0.00472295093,-0.000456523458,0.2840695,0.0814393598,0.0811388971,0.111869218,-0.000519794674,0.00137678192,-6.17077516e-05,3292.27899,1436.15177,-176.496415,1043.56638,-358.795019,1249.67674,387.199317,1499.6079,4300.04847,34500.0,154632.855562,5.154428519,-30.000000000000004,30000 3000,1e-06,2,0.0 0.0259,0.0 0.0,-1.0 0.0,0.00054857 28.0,80000,1000,5e-10,0.0,0.0 0.0 0.0,1000 1000000 0,0,0.0,0,100,0,,10,,1,,,,1.0,10.0,0.1,False,{},,,False,3,mixed,250,300,True,Ar_Aubin,,False,uniform,Argon-Aubin-Test2/10Td,3.0000000000000005e+21,1.2394500000000002e+24,0.0,1.4910355555555555e-13,1.490988888888889e-13,0.0,0.0,0.0,0.0,0.0,0.0,0.0,0.0,0.0,0.0,0.0,0.0,0.0,0.0,0.0,0.0,0.0,0.0,0.0,0.0,0.0,0.0,2.2222222222222226e-19,8.88888888888889e-19,2e-18,1.5555555555555556e-18,0.0,0.0,0.0,0.0,0.0,0.0,2458.800481341811,3284.4370967348464,1684.4783865004044,-357.340361783898,949.273970445308,779.1490522499998,-278.70672434259035,-319.499029711885,10091.339999999116,1.0091339999999116e+24,0.0,0.0
1.73e-05,154704.0,5.1568,3e+22,2640.01,-7467.12,3911.65,3.42833,3.45374,3.43109,0.00457558351,-0.000548365451,0.284562598,0.0816752754,0.0813017846,0.112282298,-0.00046408143,0.00129792445,-6.12146838e-05,3116.47869,171.281053,-555.955701,-792.561628,2833.43321,-1192.21479,809.000649,-2832.52277,1733.76032,34600.0,154703.953818,5.156798461,-30.000000000000004,30000 3000,1e-06,2,0.0 0.0259,0.0 0.0,-1.0 0.0,0.00054857 28.0,80000,1000,5e-10,0.0,0.0 0.0 0.0,1000 1000000 0,0,0.0,0,100,0,,10,,1,,,,1.0,10.0,0.1,False,{},,,False,3,mixed,250,300,True,Ar_Aubin,,False,uniform,Argon-Aubin-Test2/10Td,3.0000000000000005e+21,3.9116500000000004e+23,0.0,1.4882933333333334e-13,1.4882511111111113e-13,0.0,0.0,0.0,0.0,0.0,0.0,0.0,0.0,0.0,0.0,0.0,0.0,0.0,0.0,0.0,0.0,0.0,0.0,0.0,0.0,0.0,0.0,4.444444444444445e-19,1.3333333333333336e-18,1.5555555555555556e-18,8.88888888888889e-19,0.0,0.0,0.0,0.0,0.0,0.0,2372.8590103019865,3104.3991037777646,1627.9520899985246,2829.338499373529,1326.8864974037842,620.6510335333,-785.0218352384829,-516.1012375828716,9861.960000000503,9.861960000000504e+23,0.0,0.0
1.735e-05,154510.0,5.15034,3e+22,-3911.2,2711.45,16100.6,3.45156,3.43239,3.41512,0.00465564947,-0.000557900081,0.284986232,0.0818529875,0.0815929804,0.112632324,-0.000487137049,0.00135255889,-0.000111610437,-111.426571,-1612.05824,-890.796839,-331.981493,3578.36852,-1684.76739,-1684.43638,479.338842,6769.18095,34700.0,154510.160141,5.150338671,-30.000000000000004,30000 3000,1e-06,2,0.0 0.0259,0.0 0.0,-1.0 0.0,0.00054857 28.0,80000,1000,5e-10,0.0,0.0 0.0 0.0,1000 1000000 0,0,0.0,0,100,0,,10,,1,,,,1.0,10.0,0.1,False,{},,,False,3,mixed,250,300,True,Ar_Aubin,,False,uniform,Argon-Aubin-Test2/10Td,3.0000000000000005e+21,1.6100600000000002e+24,0.0,1.4839777777777777e-13,1.4838955555555558e-13,0.0,0.0,0.0,0.0,0.0,0.0,0.0,0.0,0.0,0.0,0.0,0.0,0.0,0.0,0.0,0.0,0.0,2.2222222222222226e-19,0.0,2.2222222222222226e-19,0.0,0.0,2.2222222222222226e-19,1.777777777777778e-18,2.2222222222222226e-18,3.555555555555556e-18,0.0,0.0,0.0,0.0,0.0,0.0,1769.7299246947907,-93.21739479293599,2911.8525216746684,3579.8812381746275,1087.457509517803,2180.7316230607994,597.5674200692357,-1535.5538182582823,8472.680000000122,8.472680000000122e+23,0.0,0.0
1.74e-05,154661.0,5.15538,3e+22,5357.7,-1643.41,20462.1,3.43888,3.44488,3.42444,0.00461431221,-0.000597985139,0.28565381,0.0820383975,0.08182035,0.113133772,-0.000470842178,0.00139689305,-0.000136153782,759.375831,-78.8065341,1627.99973,875.550565,1980.94348,1934.68079,2622.80644,-385.140496,7554.61142,34800.0,154661.474062,5.155382469,-30.000000000000004,30000 3000,1e-06,2,0.0 0.0259,0.0 0.0,-1.0 0.0,0.00054857 28.0,80000,1000,5e-10,0.0,0.0 0.0 0.0,1000 1000000 0,0,0.0,0,100,0,,10,,1,,,,1.0,10.0,0.1,False,{},,,False,3,mixed,250,300,True,Ar_Aubin,,False,uniform,Argon-Aubin-Test2/10Td,3.0000000000000005e+21,2.04621e+24,0.0,1.487331111111111e-13,1.4872733333333335e-13,0.0,0.0,0.0,0.0,0.0,0.0,0.0,0.0,0.0,0.0,0.0,0.0,0.0,0.0,0.0,0.0,0.0,0.0,0.0,0.0,0.0,0.0,2.2222222222222226e-19,1.3333333333333336e-18,1.1111111111111113e-18,3.1111111111111112e-18,0.0,0.0,0.0,0.0,0.0,0.0,1857.9319481615287,734.653730472483,2273.232662739211,1979.960745242716,1205.0126204170288,1709.5345943990005,1060.6859330415448,2625.940234290759,13351.560000000041,1.3351560000000042e+24,0.0,0.0
1.745e-05,154571.0,5.15238,3e+22,-9172.48,-4571.98,12032.2,3.44469,3.42569,3.43296,0.00463192851,-0.000618345369,0.286143579,0.0822210497,0.0819902905,0.113526159,-0.000460482828,0.00139997575,-0.00010384626,2404.97338,1481.19662,1365.97703,305.563379,2563.61615,-505.430798,-2659.21914,-938.635129,3710.23237,34900.0,154571.4094,5.152380313,-30.000000000000004,30000 3000,1e-06,2,0.0 0.0259,0.0 0.0,-1.0 0.0,0.00054857 28.0,80000,1000,5e-10,0.0,0.0 0.0 0.0,1000 1000000 0,0,0.0,0,100,0,,10,,1,,,,1.0,10.0,0.1,False,{},,,False,3,mixed,250,300,True,Ar_Aubin,,False,uniform,Argon-Aubin-Test2/10Td,3.0000000000000005e+21,1.2032200000000002e+24,0.0,1.4868333333333332e-13,1.4867600000000002e-13,0.0,0.0,0.0,0.0,0.0,0.0,0.0,0.0,0.0,0.0,0.0,0.0,0.0,0.0,0.0,0.0,0.0,2.2222222222222226e-19,0.0,0.0,0.0,0.0,2.2222222222222226e-19,2.4444444444444447e-18,1.3333333333333336e-18,3.1111111111111112e-18,0.0,0.0,0.0,0.0,0.0,0.0,1824.893154496188,2447.4596516194047,1699.1573523109093,2560.789087339839,1123.3836458687808,267.2955987562,-84.36076415034577,1275.6718552878976,9795.379999999466,9.795379999999467e+23,0.0,0.0
1.75e-05,154569.0,5.15231,3e+22,3418.32,-1208.6,8137.03,3.46607,3.40733,3.43076,0.00457542265,-0.000506967935,0.28676539,0.0824408778,0.0822097774,0.114000298,-0.000447629467,0.00142992159,-0.000109136638,3643.86178,-1366.58624,526.362871,534.898266,2574.55424,2181.24214,-175.358362,-2331.36548,3576.28709,35000.0,154569.2727,5.15230909,-30.000000000000004,30000 3000,1e-06,2,0.0 0.0259,0.0 0.0,-1.0 0.0,0.00054857 28.0,80000,1000,5e-10,0.0,0.0 0.0 0.0,1000 1000000 0,0,0.0,0,100,0,,10,,1,,,,1.0,10.0,0.1,False,{},,,False,3,mixed,250,300,True,Ar_Aubin,,False,uniform,Argon-Aubin-Test2/10Td,3.0000000000000005e+21,8.137029999999999e+23,0.0,1.4864133333333333e-13,1.4863333333333336e-13,0.0,0.0,0.0,0.0,0.0,0.0,0.0,0.0,0.0,0.0,0.0,0.0,0.0,0.0,0.0,0.0,0.0,0.0,0.0,0.0,0.0,0.0,2.2222222222222226e-19,2.666666666666667e-18,2e-18,3.1111111111111112e-18,0.0,0.0,0.0,0.0,0.0,0.0,2203.4836929561707,3628.2215212470524,2196.122345082541,2573.941518553759,1178.9790107713527,1242.8685086082996,865.3916176290782,-666.4817103105296,12436.220000000554,1.2436220000000554e+24,0.0,0.0
1.755e-05,154586.0,5.15287,3e+22,7956.28,-704.455,9764.82,3.40625,3.44416,3.45443,0.00463719202,-0.00037958211,0.287254747,0.0826538409,0.0824107469,0.114399024,-0.000412459277,0.00145820858,-7.42387388e-05,1612.80005,1346.87143,-1084.00671,386.597035,2601.87264,1325.12354,2347.96261,708.553142,3168.79173,35100.0,154586.116884,5.152870563,-30.000000000000004,30000 3000,1e-06,2,0.0 0.0259,0.0 0.0,-1.0 0.0,0.00054857 28.0,80000,1000,5e-10,0.0,0.0 0.0 0.0,1000 1000000 0,0,0.0,0,100,0,,10,,1,,,,1.0,10.0,0.1,False,{},,,False,3,mixed,250,300,True,Ar_Aubin,,False,uniform,Argon-Aubin-Test2/10Td,3.0000000000000005e+21,9.76482e+23,0.0,1.4898133333333333e-13,1.4897600000000003e-13,0.0,0.0,0.0,0.0,0.0,0.0,0.0,0.0,0.0,0.0,0.0,0.0,0.0,0.0,0.0,0.0,0.0,0.0,0.0,0.0,0.0,0.0,6.666666666666668e-19,2.2222222222222226e-18,6.666666666666668e-19,1.777777777777778e-18,0.0,0.0,0.0,0.0,0.0,0.0,2123.940425957649,1575.9052518751146,2010.8243390888626,2601.6052414847,1178.2522781809969,363.8008313994601,166.08860293129257,-1066.8046438418962,9787.139999999361,9.787139999999362e+23,0.0,0.0
1.76e-05,154458.0,5.1486,3e+22,-781.582,4532.6,8839.52,3.42763,3.46377,3.40524,0.00468562538,-0.000355241365,0.287659257,0.0828772144,0.0826629821,0.114796557,-0.00039767024,0.00150069812,-8.25612712e-05,2896.38412,-1634.20759,2228.6791,-744.080475,1894.5219,-739.161075,-72.8040435,1378.66532,4260.99349,35200.0,154457.986754,5.148599558,-30.000000000000004,30000 3000,1e-06,2,0.0 0.0259,0.0 0.0,-1.0 0.0,0.00054857 28.0,80000,1000,5e-10,0.0,0.0 0.0 0.0,1000 1000000 0,0,0.0,0,100,0,,10,,1,,,,1.0,10.0,0.1,False,{},,,False,3,mixed,250,300,True,Ar_Aubin,,False,uniform,Argon-Aubin-Test2/10Td,3.0000000000000005e+21,8.839520000000002e+23,0.0,1.486671111111111e-13,1.486606666666667e-13,0.0,0.0,0.0,0.0,0.0,0.0,0.0,0.0,0.0,0.0,0.0,0.0,2.2222222222222226e-19,0.0,0.0,0.0,0.0,4.444444444444445e-19,0.0,0.0,0.0,2.2222222222222226e-19,0.0,2.666666666666667e-18,1.5555555555555556e-18,1.3333333333333336e-18,0.0,0.0,0.0,0.0,0.0,0.0,2229.219646286557,2900.0463204557514,2522.5308615083045,1896.132067010999,1649.7453624193804,1718.2237345633598,533.6289020875214,2339.2856746455564,8090.200000000492,8.090200000000493e+23,0.0,0.0
1.765e-05,154413.0,5.1471,3e+22,-3650.73,-1917.67,2186.52,3.42153,3.41876,3.4538,0.00466940306,-0.00046704082,0.288129449,0.0831601254,0.0829645377,0.115163761,-0.000380234247,0.0014707897,-0.000151585376,2452.95733,129.378489,-3433.60166,-741.828289,693.789967,1860.25542,-1156.25129,-273.34392,1735.76041,35300.0,154413.056677,5.147101889,-30.000000000000004,30000 3000,1e-06,2,0.0 0.0259,0.0 0.0,-1.0 0.0,0.00054857 28.0,80000,1000,5e-10,0.0,0.0 0.0 0.0,1000 1000000 0,0,0.0,0,100,0,,10,,1,,,,1.0,10.0,0.1,False,{},,,False,3,mixed,250,300,True,Ar_Aubin,,False,uniform,Argon-Aubin-Test2/10Td,3.0000000000000005e+21,2.18652e+23,0.0,1.4861377777777778e-13,1.486077777777778e-13,0.0,0.0,0.0,0.0,0.0,0.0,0.0,0.0,0.0,0.0,0.0,0.0,0.0,0.0,0.0,0.0,0.0,0.0,0.0,0.0,0.0,0.0,0.0,1.777777777777778e-18,1.3333333333333336e-18,2.888888888888889e-18,0.0,0.0,0.0,0.0,0.0,0.0,2830.627602649766,2470.004059833234,3014.6366929985347,692.8943368307107,964.7275674846967,1105.7596071725202,-548.7487089114209,-3548.1798698309813,9403.839999999609,9.40383999999961e+23,0.0,0.0
1.77e-05,154458.0,5.14859,3e+22,-4404.17,1782.72,5954.07,3.45728,3.38236,3.45722,0.00458389209,-0.000442778813,0.288560988,0.0834215135,0.083157325,0.115538723,-0.000351103188,0.0014532015,-0.000139084788,2864.40968,-812.981401,105.870265,600.639961,1022.56246,-868.706851,-2157.22461,905.32112,2403.67991,35400.0,154457.729106,5.14859097,-30.000000000000004,30000 3000,1e-06,2,0.0 0.0259,0.0 0.0,-1.0 0.0,0.00054857 28.0,80000,1000,5e-10,0.0,0.0 0.0 0.0,1000 1000000 0,0,0.0,0,100,0,,10,,1,,,,1.0,10.0,0.1,False,{},,,False,3,mixed,250,300,True,Ar_Aubin,,False,uniform,Argon-Aubin-Test2/10Td,3.0000000000000005e+21,5.95407e+23,0.0,1.4859755555555554e-13,1.485937777777778e-13,0.0,0.0,0.0,0.0,0.0,0.0,0.0,0.0,0.0,0.0,0.0,0.0,0.0,0.0,0.0,0.0,0.0,0.0,0.0,0.0,0.0,0.0,0.0,1.1111111111111113e-18,4.444444444444445e-19,2.2222222222222226e-18,0.0,0.0,0.0,0.0,0.0,0.0,2621.7935824396354,2884.5979200260153,1928.0937405030675,1023.3518106455114,1260.975855074259,685.5675881788397,101.438009218577,-807.7755128563463,8630.780000000726,8.630780000000726e+23,0.0,0.0
1.775e-05,154575.0,5.15251,3e+22,3123.2,-413.897,13616.4,3.39482,3.43586,3.47323,0.00464501237,-0.000475144122,0.289101589,0.083630924,0.0833915001,0.115995202,-0.000302688858,0.00144346401,-0.000151920433,1217.65307,-1074.20854,-850.692188,-1273.91428,2032.4329,3210.917,1475.90332,143.91303,5399.74553,35500.0,154575.345391,5.152511513,-30.000000000000004,30000 3000,1e-06,2,0.0 0.0259,0.0 0.0,-1.0 0.0,0.00054857 28.0,80000,1000,5e-10,0.0,0.0 0.0 0.0,1000 1000000 0,0,0.0,0,100,0,,10,,1,,,,1.0,10.0,0.1,False,{},,,False,3,mixed,250,300,True,Ar_Aubin,,False,uniform,Argon-Aubin-Test2/10Td,3.0000000000000005e+21,1.36164e+24,0.0,1.4867222222222222e-13,1.4866800000000002e-13,0.0,0.0,0.0,0.0,0.0,0.0,0.0,0.0,0.0,0.0,0.0,0.0,0.0,0.0,0.0,0.0,0.0,0.0,0.0,0.0,0.0,0.0,0.0,1.1111111111111113e-18,1.5555555555555556e-18,1.5555555555555556e-18,0.0,0.0,0.0,0.0,0.0,0.0,2088.464267753082,1203.1457673660161,2341.4539114056943,2032.2362392733367,1441.9403321125346,1463.2226535404002,-597.7103343174189,-340.9592971996681,10812.019999999478,1.0812019999999478e+24,0.0,0.0
1.78e-05,154690.0,5.15633,3e+22,4435.64,-2631.8,7071.73,3.42477,3.42972,3.45774,0.00464149974,-0.00051616357,0.289753092,0.0838496741,0.0836607712,0.11651451,-0.000288967908,0.00145157161,-0.000132926636,1519.34287,-331.741112,-2606.5085,-450.399707,2194.49359,1345.7277,2799.5963,-1168.76562,2811.57519,35600.0,154689.969188,5.156332306,-30.000000000000004,30000 3000,1e-06,2,0.0 0.0259,0.0 0.0,-1.0 0.0,0.00054857 28.0,80000,1000,5e-10,0.0,0.0 0.0 0.0,1000 1000000 0,0,0.0,0,100,0,,10,,1,,,,1.0,10.0,0.1,False,{},,,False,3,mixed,250,300,True,Ar_Aubin,,False,uniform,Argon-Aubin-Test2/10Td,3.0000000000000005e+21,7.07173e+23,0.0,1.4869644444444443e-13,1.4869022222222224e-13,0.0,0.0,0.0,0.0,0.0,0.0,0.0,0.0,0.0,0.0,0.0,0.0,0.0,0.0,0.0,0.0,0.0,0.0,0.0,0.0,0.0,0.0,8.88888888888889e-19,1.777777777777778e-18,1.777777777777778e-18,1.777777777777778e-18,0.0,0.0,0.0,0.0,0.0,0.0,2187.827200810233,1498.7548480932664,2692.304371056803,2193.135150716474,1421.824387644599,762.5195567108403,121.98311818919801,-1124.97603795523,13030.059999999956,1.3030059999999955e+24,0.0,0.0
1.785e-05,154591.0,5.15304,3e+22,-5288.65,-2218.98,9187.18,3.41261,3.457,3.4358,0.00454897312,-0.000592015892,0.290197843,0.0840355513,0.0839373737,0.11693071,-0.000242828857,0.00138898119,-0.000191102412,1502.10103,-699.126055,-701.1547,-121.027355,2857.5566,1260.81353,-1741.47308,-2003.79341,4117.67614,35700.0,154591.096604,5.153036553,-30.000000000000004,30000 3000,1e-06,2,0.0 0.0259,0.0 0.0,-1.0 0.0,0.00054857 28.0,80000,1000,5e-10,0.0,0.0 0.0 0.0,1000 1000000 0,0,0.0,0,100,0,,10,,1,,,,1.0,10.0,0.1,False,{},,,False,3,mixed,250,300,True,Ar_Aubin,,False,uniform,Argon-Aubin-Test2/10Td,3.0000000000000005e+21,9.18718e+23,0.0,1.4873466666666667e-13,1.4872800000000002e-13,0.0,0.0,0.0,0.0,0.0,0.0,0.0,0.0,0.0,0.0,0.0,0.0,0.0,0.0,0.0,0.0,0.0,0.0,0.0,0.0,0.0,0.0,0.0,2.2222222222222226e-18,2.888888888888889e-18,1.5555555555555556e-18,0.0,0.0,0.0,0.0,0.0,0.0,1867.2756338994345,1526.158956691088,2765.1844201460885,2856.24292857597,1582.662417077968,1451.5763207472596,-756.0741221356851,-949.6651924866514,8895.02000000042,8.895020000000421e+23,0.0,0.0
1.79e-05,154649.0,5.15497,3e+22,-823.49,-192.667,13048.1,3.44094,3.41648,3.45155,0.00453774587,-0.000546560064,0.290678263,0.0842412221,0.0841064199,0.117295737,-0.000263954729,0.00141488858,-0.000158024783,3460.75244,436.133856,-1350.75216,-1144.55659,3001.07036,688.823568,-1706.34861,335.894788,5332.21064,35800.0,154649.101904,5.154970063,-30.000000000000004,30000 3000,1e-06,2,0.0 0.0259,0.0 0.0,-1.0 0.0,0.00054857 28.0,80000,1000,5e-10,0.0,0.0 0.0 0.0,1000 1000000 0,0,0.0,0,100,0,,10,,1,,,,1.0,10.0,0.1,False,{},,,False,3,mixed,250,300,True,Ar_Aubin,,False,uniform,Argon-Aubin-Test2/10Td,3.0000000000000005e+21,1.30481e+24,0.0,1.4888999999999998e-13,1.4888555555555557e-13,0.0,0.0,0.0,0.0,0.0,0.0,0.0,0.0,0.0,0.0,0.0,0.0,0.0,0.0,0.0,0.0,0.0,0.0,0.0,0.0,0.0,0.0,6.666666666666668e-19,1.5555555555555556e-18,4.444444444444445e-19,1.777777777777778e-18,0.0,0.0,0.0,0.0,0.0,0.0,2057.7281886578758,3464.4892283464865,1690.9795491282243,3000.9650559121496,859.625011554871,1539.4115965497003,539.7097972391308,-2876.939089088477,9608.399999999629,9.60839999999963e+23,0.0,0.0
1.795e-05,154591.0,5.15305,3e+22,2048.35,2696.85,7469.75,3.43151,3.45664,3.41757,0.00446087795,-0.000654862953,0.291156474,0.0844843737,0.0842707815,0.117642532,-0.000258588416,0.00143019114,-0.000186000507,2551.97243,1894.95228,-522.518784,1164.37832,2416.69581,-254.791597,1912.97742,1518.96981,3377.14869,35900.0,154591.391682,5.153046389,-30.000000000000004,30000 3000,1e-06,2,0.0 0.0259,0.0 0.0,-1.0 0.0,0.00054857 28.0,80000,1000,5e-10,0.0,0.0 0.0 0.0,1000 1000000 0,0,0.0,0,100,0,,10,,1,,,,1.0,10.0,0.1,False,{},,,False,3,mixed,250,300,True,Ar_Aubin,,False,uniform,Argon-Aubin-Test2/10Td,3.0000000000000005e+21,7.46975e+23,0.0,1.489071111111111e-13,1.4890066666666667e-13,0.0,0.0,0.0,0.0,0.0,0.0,0.0,0.0,0.0,0.0,0.0,0.0,0.0,0.0,0.0,0.0,0.0,0.0,0.0,0.0,0.0,0.0,2.2222222222222226e-19,1.5555555555555556e-18,2.4444444444444447e-18,2.2222222222222226e-18,0.0,0.0,0.0,0.0,0.0,0.0,2438.4330549589995,2542.834990651117,1642.3148241634378,2418.461877154798,685.552285844826,1202.2826183385,710.26305121351,760.7466294150875,9564.220000000123,9.564220000000124e+23,0.0,0.0
1.8e-05,154510.0,5.15033,3e+22,3185.18,1574.31,8658.31,3.43791,3.41053,3.45172,0.00447219235,-0.000560946639,0.291652983,0.0846868949,0.0845109808,0.118082751,-0.000268000204,0.00143909733,-0.000182040482,242.507507,-1667.06219,1274.79857,134.553851,3503.34802,-530.833316,39.7454701,268.818306,3134.68775,36000.0,154509.824215,5.150327474,-30.000000000000004,30000 3000,1e-06,2,0.0 0.0259,0.0 0.0,-1.0 0.0,0.00054857 28.0,80000,1000,5e-10,0.0,0.0 0.0 0.0,1000 1000000 0,0,0.0,0,100,0,,10,,1,,,,1.0,10.0,0.1,False,{},,,False,3,mixed,250,300,True,Ar_Aubin,,False,uniform,Argon-Aubin-Test2/10Td,3.0000000000000005e+21,8.65831e+23,0.0,1.4885133333333334e-13,1.48844e-13,0.0,0.0,0.0,0.0,0.0,0.0,0.0,0.0,0.0,0.0,0.0,0.0,0.0,0.0,0.0,0.0,0.0,2.2222222222222226e-19,0.0,0.0,0.0,0.0,4.444444444444445e-19,2.4444444444444447e-18,2.2222222222222226e-18,2e-18,0.0,0.0,0.0,0.0,0.0,0.0,2024.2012766939765,228.262769370627,2403.134843554089,3504.2311239032438,1508.488593144064,609.4658107612704,67.82890878136334,346.8551639621314,9930.179999999567,9.930179999999568e+23,0.0,0.0
1.805e-05,154541.0,5.15136,3e+22,6406.62,-5380.65,7778.49,3.43933,3.44417,3.41847,0.00446819071,-0.000570165283,0.292138157,0.0848600679,0.0847579916,0.118453025,-0.000287417005,0.00142444521,-0.000161070785,1036.44153,-506.917462,1582.92055,560.345599,2423.77211,1363.44974,1738.91929,-2376.43283,2907.83124,36100.0,154540.730427,5.151357681,-30.000000000000004,30000 3000,1e-06,2,0.0 0.0259,0.0 0.0,-1.0 0.0,0.00054857 28.0,80000,1000,5e-10,0.0,0.0 0.0 0.0,1000 1000000 0,0,0.0,0,100,0,,10,,1,,,,1.0,10.0,0.1,False,{},,,False,3,mixed,250,300,True,Ar_Aubin,,False,uniform,Argon-Aubin-Test2/10Td,3.0000000000000005e+21,7.77849e+23,0.0,1.4856777777777778e-13,1.485628888888889e-13,0.0,0.0,0.0,0.0,0.0,0.0,0.0,0.0,0.0,0.0,0.0,0.0,0.0,2.2222222222222226e-19,0.0,0.0,0.0,0.0,0.0,0.0,0.0,0.0,2.2222222222222226e-19,1.3333333333333336e-18,8.88888888888889e-19,2.2222222222222226e-18,0.0,0.0,0.0,0.0,0.0,0.0,1732.0877619447783,1007.8155300334998,2470.003726818687,2420.7042501700257,870.3371744163413,635.4375071570698,-313.0575943328332,1415.4659038448322,9703.480000000653,9.703480000000654e+23,0.0,0.0
1.81e-05,154397.0,5.14658,3e+22,-2460.34,-6357.81,16099.4,3.42935,3.45783,3.40423,0.00449119878,-0.000587197701,0.292533445,0.0850100082,0.0849294911,0.118807209,-0.000306710511,0.00145162838,-0.000141461153,2793.69855,-1942.2218,-714.626408,672.822044,2054.56522,1368.2515,-966.341113,-1575.55892,5750.23453,36200.0,154397.264267,5.146575476,-30.000000000000004,30000 3000,1e-06,2,0.0 0.0259,0.0 0.0,-1.0 0.0,0.00054857 28.0,80000,1000,5e-10,0.0,0.0 0.0 0.0,1000 1000000 0,0,0.0,0,100,0,,10,,1,,,,1.0,10.0,0.1,False,{},,,False,3,mixed,250,300,True,Ar_Aubin,,False,uniform,Argon-Aubin-Test2/10Td,3.0000000000000005e+21,1.6099400000000003e+24,0.0,1.4893644444444444e-13,1.4892977777777779e-13,0.0,0.0,0.0,0.0,0.0,0.0,0.0,0.0,0.0,0.0,0.0,0.0,0.0,0.0,0.0,0.0,0.0,0.0,0.0,0.0,2.2222222222222226e-19,0.0,6.666666666666668e-19,1.777777777777778e-18,1.5555555555555556e-18,2.4444444444444447e-18,0.0,0.0,0.0,0.0,0.0,0.0,1497.3416173945377,2804.748426006385,1714.7978730988611,2050.831928584605,1230.7033178861338,1040.6215855669998,373.72635701448877,-1033.541390567432,7905.759999999873,7.905759999999873e+23,0.0,0.0
1.815e-05,154550.0,5.15166,3e+22,293.774,-7319.85,5776.63,3.45163,3.43658,3.41461,0.00452442904,-0.000749805178,0.293148405,0.0852875937,0.0851611722,0.119277612,-0.000299350245,0.00147972093,-0.000159219191,964.791889,397.819414,-464.793802,818.217397,1756.90609,-164.016807,79.0836927,-2495.39956,3011.89357,36300.0,154549.787483,5.151659583,-30.000000000000004,30000 3000,1e-06,2,0.0 0.0259,0.0 0.0,-1.0 0.0,0.00054857 28.0,80000,1000,5e-10,0.0,0.0 0.0 0.0,1000 1000000 0,0,0.0,0,100,0,,10,,1,,,,1.0,10.0,0.1,False,{},,,False,3,mixed,250,300,True,Ar_Aubin,,False,uniform,Argon-Aubin-Test2/10Td,3.0000000000000005e+21,5.77663e+23,0.0,1.485022222222222e-13,1.4849733333333336e-13,0.0,0.0,0.0,0.0,0.0,0.0,0.0,0.0,0.0,0.0,0.0,0.0,0.0,0.0,0.0,0.0,0.0,0.0,0.0,0.0,2.2222222222222226e-19,0.0,8.88888888888889e-19,8.88888888888889e-19,1.777777777777778e-18,1.1111111111111113e-18,0.0,0.0,0.0,0.0,0.0,0.0,2772.85908343472,963.462729383203,2314.636933350989,1751.4176285678166,1102.3208952401499,1318.4836992248502,311.784893630325,-497.9654413558052,12299.199999999955,1.2299199999999956e+24,0.0,0.0
1.82e-05,154632.0,5.1544,3e+22,5800.18,-3575.16,4873.23,3.46434,3.44561,3.39846,0.00456453188,-0.000787257932,0.293635219,0.0854528215,0.0854016602,0.119650196,-0.000275734212,0.00148948343,-0.000172131341,991.686082,493.569129,8.23156587,-733.155351,584.986334,145.035171,2922.80017,-587.386693,2317.70602,36400.0,154632.033768,5.154401126,-30.000000000000004,30000 3000,1e-06,2,0.0 0.0259,0.0 0.0,-1.0 0.0,0.00054857 28.0,80000,1000,5e-10,0.0,0.0 0.0 0.0,1000 1000000 0,0,0.0,0,100,0,,10,,1,,,,1.0,10.0,0.1,False,{},,,False,3,mixed,250,300,True,Ar_Aubin,,False,uniform,Argon-Aubin-Test2/10Td,3.0000000000000005e+21,4.87323e+23,0.0,1.4880711111111112e-13,1.4880311111111113e-13,0.0,0.0,0.0,0.0,0.0,0.0,0.0,0.0,0.0,0.0,0.0,0.0,0.0,0.0,0.0,0.0,0.0,0.0,0.0,0.0,0.0,0.0,0.0,2.2222222222222226e-18,8.88888888888889e-19,8.88888888888889e-19,0.0,0.0,0.0,0.0,0.0,0.0,1648.633068544597,965.2109754802617,2404.304327534579,582.1717609318309,869.2951686604945,886.7540617126301,-84.31323209201307,1205.6505976370074,9736.280000000042,9.736280000000043e+23,0.0,0.0
1.825e-05,154817.0,5.16058,3e+22,2096.77,-36.8326,11891.6,3.46477,3.41007,3.44549,0.00463802868,-0.000723269484,0.294233021,0.0857521305,0.0856247607,0.120139969,-0.000321866574,0.00149381794,-0.00012165939,2598.43416,-154.82366,-302.089655,-102.007375,2739.87109,491.595644,-206.870095,157.295859,4126.73952,36500.0,154817.439054,5.160581302,-30.000000000000004,30000 3000,1e-06,2,0.0 0.0259,0.0 0.0,-1.0 0.0,0.00054857 28.0,80000,1000,5e-10,0.0,0.0 0.0 0.0,1000 1000000 0,0,0.0,0,100,0,,10,,1,,,,1.0,10.0,0.1,False,{},,,False,3,mixed,250,300,True,Ar_Aubin,,False,uniform,Argon-Aubin-Test2/10Td,3.0000000000000005e+21,1.1891600000000002e+24,0.0,1.49012e-13,1.4900822222222224e-13,0.0,0.0,0.0,0.0,0.0,0.0,0.0,0.0,0.0,0.0,0.0,0.0,0.0,0.0,0.0,0.0,0.0,0.0,0.0,0.0,0.0,0.0,8.88888888888889e-19,1.3333333333333336e-18,4.444444444444445e-19,1.1111111111111113e-18,0.0,0.0,0.0,0.0,0.0,0.0,2986.3264124703473,2588.709280604636,2231.9715630500505,2739.8444501044037,1383.4419039153445,627.8381274764001,-400.3872356952076,-1181.0523032932579,11956.039999999613,1.1956039999999614e+24,0.0,0.0
1.83e-05,154767.0,5.15891,3e+22,-627.573,144.217,13214.5,3.43221,3.44203,3.44259,0.00471404816,-0.000723687057,0.294729373,0.0859588037,0.0857765175,0.120567761,-0.000351811968,0.00149766059,-0.000144131932,1357.51279,-433.784053,-185.10156,-195.398436,1362.36246,-469.147236,-1463.016,-643.253591,4841.18497,36600.0,154767.369897,5.15891233,-30.000000000000004,30000 3000,1e-06,2,0.0 0.0259,0.0 0.0,-1.0 0.0,0.00054857 28.0,80000,1000,5e-10,0.0,0.0 0.0 0.0,1000 1000000 0,0,0.0,0,100,0,,10,,1,,,,1.0,10.0,0.1,False,{},,,False,3,mixed,250,300,True,Ar_Aubin,,False,uniform,Argon-Aubin-Test2/10Td,3.0000000000000005e+21,1.3214500000000002e+24,0.0,1.4895466666666667e-13,1.4894800000000002e-13,0.0,0.0,0.0,0.0,0.0,0.0,0.0,0.0,0.0,0.0,0.0,0.0,0.0,0.0,0.0,0.0,0.0,0.0,0.0,0.0,0.0,0.0,2.2222222222222226e-19,1.3333333333333336e-18,2.666666666666667e-18,2.4444444444444447e-18,0.0,0.0,0.0,0.0,0.0,0.0,2059.622599817068,1360.4711993459157,1517.5619579001211,1362.4668279762993,1354.5933781329568,946.4836704915001,-417.2923697512345,-1525.447152608591,9927.040000000665,9.927040000000666e+23,0.0,0.0
1.835e-05,154734.0,5.15779,3e+22,5366.64,8136.69,9638.36,3.41713,3.45976,3.43762,0.00472495623,-0.000725362605,0.295259065,0.0861176343,0.0859934144,0.120978419,-0.000345743798,0.00150540956,-0.000119742095,2004.74927,1608.5503,319.551863,-925.97569,3802.14538,-1210.60566,1370.14106,2817.74333,4241.12354,36700.0,154733.559299,5.15778531,-30.000000000000004,30000 3000,1e-06,2,0.0 0.0259,0.0 0.0,-1.0 0.0,0.00054857 28.0,80000,1000,5e-10,0.0,0.0 0.0 0.0,1000 1000000 0,0,0.0,0,100,0,,10,,1,,,,1.0,10.0,0.1,False,{},,,False,3,mixed,250,300,True,Ar_Aubin,,False,uniform,Argon-Aubin-Test2/10Td,3.0000000000000005e+21,9.638360000000002e+23,0.0,1.4888577777777778e-13,1.4887888888888891e-13,0.0,0.0,0.0,0.0,0.0,0.0,0.0,0.0,0.0,0.0,0.0,0.0,0.0,0.0,0.0,0.0,0.0,0.0,0.0,0.0,0.0,0.0,4.444444444444445e-19,2.4444444444444447e-18,1.3333333333333336e-18,2.666666666666667e-18,0.0,0.0,0.0,0.0,0.0,0.0,1587.276386793707,1979.3921308978329,2168.9447204774337,3808.0474306544775,981.4584429891638,1395.3103782665994,40.62539705757939,59.602985279417226,10593.83999999941,1.0593839999999411e+24,0.0,0.0
1.84e-05,154868.0,5.16226,3e+22,10057.2,2311.3,13143.6,3.43342,3.43889,3.45062,0.00481386902,-0.000650768383,0.295856948,0.0863883892,0.0862759516,0.12145256,-0.000355745682,0.00155862218,-0.000130107958,3479.45498,-478.173507,691.379277,-831.915839,4335.30748,-1177.01654,3723.24928,742.507944,5545.39056,36800.0,154867.728809,5.162257627,-30.000000000000004,30000 3000,1e-06,2,0.0 0.0259,0.0 0.0,-1.0 0.0,0.00054857 28.0,80000,1000,5e-10,0.0,0.0 0.0 0.0,1000 1000000 0,0,0.0,0,100,0,,10,,1,,,,1.0,10.0,0.1,False,{},,,False,3,mixed,250,300,True,Ar_Aubin,,False,uniform,Argon-Aubin-Test2/10Td,3.0000000000000005e+21,1.3143600000000002e+24,0.0,1.486968888888889e-13,1.4869200000000001e-13,0.0,0.0,0.0,0.0,0.0,0.0,0.0,0.0,0.0,0.0,0.0,0.0,0.0,0.0,0.0,0.0,0.0,0.0,0.0,0.0,0.0,0.0,2.2222222222222226e-19,1.1111111111111113e-18,1.5555555555555556e-18,2e-18,0.0,0.0,0.0,0.0,0.0,0.0,2699.067764337093,3431.040936492056,2826.3985142042147,4336.811600963629,1207.2278479950683,1656.7651782671996,481.6436461354797,1375.8644907231278,11957.660000000425,1.1957660000000426e+24,0.0,0.0
1.845e-05,154878.0,5.16259,3e+22,7820.56,-1152.24,2995.1,3.43804,3.42786,3.45887,0.00488610903,-0.000702777796,0.296360658,0.0866821233,0.0864742349,0.121866532,-0.000306429406,0.00157852564,-0.000145335247,2454.96962,438.764561,-127.460999,197.59967,63.4721389,202.173083,3714.39717,-41.7145121,2314.16771,36900.0,154877.581426,5.162586048,-30.000000000000004,30000 3000,1e-06,2,0.0 0.0259,0.0 0.0,-1.0 0.0,0.00054857 28.0,80000,1000,5e-10,0.0,0.0 0.0 0.0,1000 1000000 0,0,0.0,0,100,0,,10,,1,,,,1.0,10.0,0.1,False,{},,,False,3,mixed,250,300,True,Ar_Aubin,,False,uniform,Argon-Aubin-Test2/10Td,3.0000000000000005e+21,2.9951000000000003e+23,0.0,1.4922933333333334e-13,1.492237777777778e-13,0.0,0.0,0.0,0.0,0.0,0.0,0.0,0.0,0.0,0.0,0.0,0.0,0.0,0.0,0.0,0.0,0.0,0.0,0.0,0.0,0.0,0.0,2.2222222222222226e-19,2.2222222222222226e-18,1.1111111111111113e-18,2e-18,0.0,0.0,0.0,0.0,0.0,0.0,2930.3337348866867,2416.757511164343,1982.1290285776395,62.66237021233696,1156.6606968174688,1426.5379032242004,-78.60861723182119,1254.5954783157672,10074.199999999812,1.0074199999999812e+24,0.0,0.0
1.85e-05,154858.0,5.16193,3e+22,-4369.54,2990.48,6092.91,3.47554,3.44892,3.39902,0.00490009697,-0.000675505748,0.296840708,0.086867909,0.0866281323,0.122316071,-0.000313496028,0.00156513961,-0.000187099008,976.10768,-1693.63549,-1558.91135,91.7241342,-59.3207714,169.645918,-1387.4759,1911.8298,3014.75727,37000.0,154857.752236,5.161925075,-30.000000000000004,30000 3000,1e-06,2,0.0 0.0259,0.0 0.0,-1.0 0.0,0.00054857 28.0,80000,1000,5e-10,0.0,0.0 0.0 0.0,1000 1000000 0,0,0.0,0,100,0,,10,,1,,,,1.0,10.0,0.1,False,{},,,False,3,mixed,250,300,True,Ar_Aubin,,False,uniform,Argon-Aubin-Test2/10Td,3.0000000000000005e+21,6.092910000000001e+23,0.0,1.4932111111111112e-13,1.4931533333333335e-13,0.0,0.0,0.0,0.0,0.0,0.0,0.0,0.0,0.0,0.0,0.0,0.0,0.0,0.0,0.0,0.0,0.0,0.0,0.0,0.0,0.0,2.2222222222222226e-19,2.2222222222222226e-19,2e-18,1.3333333333333336e-18,2e-18,0.0,0.0,0.0,0.0,0.0,0.0,1856.4881113763977,997.5188497142938,1539.3498861496214,-57.30068497072096,1647.7268425169057,1206.13355181972,-397.67593305825926,-1679.1857525951625,9601.000000000193,9.601000000000194e+23,0.0,0.0
1.855e-05,154830.0,5.161,3e+22,-909.302,-1502.25,7492.22,3.45083,3.43186,3.43898,0.00483612257,-0.000759429494,0.297338136,0.0870749635,0.0867419377,0.122682625,-0.000307174949,0.00158022775,-0.000205513968,2692.14215,102.590692,-1682.40883,-1042.26032,709.962028,-31.758111,-272.087116,1460.65035,2845.1744,37100.0,154829.966272,5.160998876,-30.000000000000004,30000 3000,1e-06,2,0.0 0.0259,0.0 0.0,-1.0 0.0,0.00054857 28.0,80000,1000,5e-10,0.0,0.0 0.0 0.0,1000 1000000 0,0,0.0,0,100,0,,10,,1,,,,1.0,10.0,0.1,False,{},,,False,3,mixed,250,300,True,Ar_Aubin,,False,uniform,Argon-Aubin-Test2/10Td,3.0000000000000005e+21,7.492220000000001e+23,0.0,1.4882333333333333e-13,1.4881711111111113e-13,0.0,0.0,0.0,0.0,0.0,0.0,0.0,0.0,0.0,0.0,0.0,0.0,2.2222222222222226e-19,0.0,0.0,0.0,0.0,0.0,0.0,0.0,0.0,0.0,6.666666666666668e-19,1.777777777777778e-18,8.88888888888889e-19,2.666666666666667e-18,0.0,0.0,0.0,0.0,0.0,0.0,2076.7736880335233,2696.5396459251465,1136.8497485922392,708.8211750426385,709.9280598679703,617.4516706980799,633.4544682425059,-1720.3590785003335,9948.55999999933,9.94855999999933e+23,0.0,0.0
1.86e-05,154850.0,5.16168,3e+22,-5784.59,3665.05,9244.66,3.39675,3.44861,3.47724,0.00483647619,-0.000597436028,0.297927726,0.0872499715,0.0869848016,0.123143036,-0.000277211973,0.00162050391,-0.00015560266,143.979623,403.303398,-249.268596,1468.92883,2307.2909,-1561.43788,-1144.05887,772.513865,3532.86781,37200.0,154850.352335,5.161678411,-30.000000000000004,30000 3000,1e-06,2,0.0 0.0259,0.0 0.0,-1.0 0.0,0.00054857 28.0,80000,1000,5e-10,0.0,0.0 0.0 0.0,1000 1000000 0,0,0.0,0,100,0,,10,,1,,,,1.0,10.0,0.1,False,{},,,False,3,mixed,250,300,True,Ar_Aubin,,False,uniform,Argon-Aubin-Test2/10Td,3.0000000000000005e+21,9.244660000000002e+23,0.0,1.490371111111111e-13,1.4903022222222224e-13,0.0,0.0,0.0,0.0,0.0,0.0,0.0,0.0,0.0,0.0,0.0,0.0,0.0,0.0,0.0,0.0,0.0,0.0,0.0,0.0,0.0,0.0,2.2222222222222226e-19,1.3333333333333336e-18,1.777777777777778e-18,3.555555555555556e-18,0.0,0.0,0.0,0.0,0.0,0.0,1750.0457957561612,171.9566548039121,2430.837033488009,2309.4805329144215,1094.482004233982,778.6272785568403,746.3895458297096,285.3507005676945,11791.800000000574,1.1791800000000575e+24,0.0,0.0
1.865e-05,154991.0,5.16636,3e+22,-587.882,-7278.17,6375.5,3.4425,3.45977,3.42992,0.00482780653,-0.000527066125,0.298487108,0.0875215961,0.0871822,0.123579465,-0.000278276799,0.00155885209,-0.000151310989,3336.52964,1389.91772,-154.706475,-26.7430061,1879.80324,1333.0542,-546.106484,-2663.73555,3205.38045,37300.0,154990.764384,5.166358813,-30.000000000000004,30000 3000,1e-06,2,0.0 0.0259,0.0 0.0,-1.0 0.0,0.00054857 28.0,80000,1000,5e-10,0.0,0.0 0.0 0.0,1000 1000000 0,0,0.0,0,100,0,,10,,1,,,,1.0,10.0,0.1,False,{},,,False,3,mixed,250,300,True,Ar_Aubin,,False,uniform,Argon-Aubin-Test2/10Td,3.0000000000000005e+21,6.3755e+23,0.0,1.4918066666666665e-13,1.491766666666667e-13,0.0,0.0,0.0,0.0,0.0,0.0,0.0,0.0,0.0,0.0,0.0,0.0,0.0,0.0,0.0,0.0,0.0,0.0,0.0,0.0,0.0,0.0,0.0,1.5555555555555556e-18,1.3333333333333336e-18,8.88888888888889e-19,0.0,0.0,0.0,0.0,2.2222222222222226e-19,0.0,2717.083860453301,3339.3678205584697,1974.7753110743727,1875.9671631410088,1028.052773274224,1302.375892946,-1235.389519667427,-556.1174415067592,11187.639999999943,1.1187639999999944e+24,0.0,0.0
1.87e-05,154905.0,5.1635,3e+22,-6864.62,-2163.84,11298.6,3.45744,3.44975,3.4188,0.00489688452,-0.000529658704,0.298932488,0.0878156627,0.0873831369,0.12390686,-0.000219807959,0.00159032469,-0.000177073065,871.909237,-1155.02339,-1233.29398,1477.58276,2848.72699,833.386434,-3955.79432,-1365.26142,4548.91834,37400.0,154905.135803,5.163504527,-30.000000000000004,30000 3000,1e-06,2,0.0 0.0259,0.0 0.0,-1.0 0.0,0.00054857 28.0,80000,1000,5e-10,0.0,0.0 0.0 0.0,1000 1000000 0,0,0.0,0,100,0,,10,,1,,,,1.0,10.0,0.1,False,{},,,False,3,mixed,250,300,True,Ar_Aubin,,False,uniform,Argon-Aubin-Test2/10Td,3.0000000000000005e+21,1.1298600000000001e+24,0.0,1.4926466666666667e-13,1.4925822222222223e-13,0.0,0.0,0.0,0.0,0.0,0.0,0.0,0.0,0.0,2.2222222222222226e-19,0.0,0.0,2.2222222222222226e-19,0.0,0.0,0.0,0.0,0.0,0.0,0.0,0.0,0.0,6.666666666666668e-19,1.1111111111111113e-18,2.2222222222222226e-18,2e-18,0.0,0.0,0.0,0.0,0.0,0.0,2933.9483788889956,905.5244884136823,2009.3416035740775,2847.5808933099365,613.1626033351046,1171.3997310832,173.45472221859046,-3192.3583036631117,8907.599999999906,8.907599999999907e+23,0.0,0.0
1.875e-05,154845.0,5.16148,3e+22,1516.7,-537.462,5278.29,3.46398,3.44603,3.41279,0.00477486722,-0.000573303038,0.299488986,0.0880633476,0.0875594569,0.124339543,-0.000154960596,0.00153375534,-0.000170273912,3350.28496,1330.20103,-492.65338,-1264.87408,2565.54524,3255.21907,143.171894,285.510707,3031.71911,37500.0,154844.505436,5.161483515,-30.000000000000004,30000 3000,1e-06,2,0.0 0.0259,0.0 0.0,-1.0 0.0,0.00054857 28.0,80000,1000,5e-10,0.0,0.0 0.0 0.0,1000 1000000 0,0,0.0,0,100,0,,10,,1,,,,1.0,10.0,0.1,False,{},,,False,3,mixed,250,300,True,Ar_Aubin,,False,uniform,Argon-Aubin-Test2/10Td,3.0000000000000005e+21,5.27829e+23,0.0,1.4932911111111112e-13,1.4932133333333336e-13,0.0,0.0,0.0,0.0,0.0,0.0,0.0,0.0,0.0,0.0,0.0,0.0,0.0,0.0,0.0,0.0,0.0,0.0,0.0,0.0,0.0,2.2222222222222226e-19,6.666666666666668e-19,1.777777777777778e-18,2.4444444444444447e-18,2.666666666666667e-18,0.0,0.0,0.0,0.0,0.0,0.0,2488.6502103357857,3343.042918887426,1762.7186196933487,2565.2371114025905,996.6264656194325,1450.92939008606,-455.0323798030616,-828.9195649648539,11129.960000000328,1.112996000000033e+24,0.0,0.0
1.88e-05,154872.0,5.1624,3e+22,-4303.01,-3069.74,4644.81,3.3977,3.45408,3.47274,0.00475561576,-0.000687424908,0.299957384,0.0882138836,0.0878785216,0.124740229,-9.91855723e-05,0.00156251773,-0.000197483628,1097.34787,-1592.99264,2260.96489,439.550898,2898.42457,1023.58255,-2363.4023,-783.30702,3157.53732,37600.0,154872.01843,5.162400614,-30.000000000000004,30000 3000,1e-06,2,0.0 0.0259,0.0 0.0,-1.0 0.0,0.00054857 28.0,80000,1000,5e-10,0.0,0.0 0.0 0.0,1000 1000000 0,0,0.0,0,100,0,,10,,1,,,,1.0,10.0,0.1,False,{},,,False,3,mixed,250,300,True,Ar_Aubin,,False,uniform,Argon-Aubin-Test2/10Td,3.0000000000000005e+21,4.6448100000000005e+23,0.0,1.4893466666666666e-13,1.4893e-13,0.0,0.0,0.0,0.0,0.0,0.0,0.0,0.0,0.0,0.0,0.0,0.0,0.0,0.0,0.0,0.0,0.0,2.2222222222222226e-19,0.0,0.0,0.0,0.0,0.0,1.1111111111111113e-18,1.3333333333333336e-18,2e-18,0.0,0.0,0.0,0.0,0.0,0.0,1507.194757118663,1117.8113321714377,3189.208233692342,2896.3143542629164,1199.065191847537,1764.2922632229597,646.0093864733407,1166.1932812876344,9367.95999999962,9.367959999999621e+23,0.0,0.0
1.885e-05,154764.0,5.15879,3e+22,3017.51,3397.15,5818.05,3.41257,3.46904,3.43566,0.00475876872,-0.000582892295,0.300287411,0.0884274558,0.0880573978,0.125128596,-0.000168342512,0.00161578437,-0.00015018563,3559.13292,-1510.82052,1364.72192,255.307287,1029.6533,-826.892034,-619.561473,1778.62917,1802.2195,37700.0,154763.664597,5.15878882,-30.000000000000004,30000 3000,1e-06,2,0.0 0.0259,0.0 0.0,-1.0 0.0,0.00054857 28.0,80000,1000,5e-10,0.0,0.0 0.0 0.0,1000 1000000 0,0,0.0,0,100,0,,10,,1,,,,1.0,10.0,0.1,False,{},,,False,3,mixed,250,300,True,Ar_Aubin,,False,uniform,Argon-Aubin-Test2/10Td,3.0000000000000005e+21,5.81805e+23,0.0,1.490968888888889e-13,1.4909200000000002e-13,0.0,0.0,0.0,0.0,0.0,0.0,0.0,0.0,0.0,0.0,0.0,0.0,0.0,0.0,0.0,0.0,0.0,0.0,0.0,0.0,0.0,0.0,0.0,8.88888888888889e-19,2.2222222222222226e-18,1.777777777777778e-18,0.0,0.0,0.0,0.0,0.0,0.0,2135.4220152630664,3544.7732877997128,1790.0898957658173,1031.6334725599593,1902.7001104053588,55.13232843144988,1015.0072840437591,-188.6465729180061,6600.54000000021,6.60054000000021e+23,0.0,0.0
1.89e-05,154728.0,5.15762,3e+22,663.685,584.385,9070.09,3.4067,3.4524,3.45566,0.00471118714,-0.000471963369,0.300899268,0.0886886073,0.0883121498,0.125587249,-0.000166999267,0.00165567579,-6.25806914e-05,2313.68684,-1188.96717,-301.51797,2016.73095,2560.72772,361.104721,682.526678,-99.3569686,4784.3865,37800.0,154728.457761,5.157615259,-30.000000000000004,30000 3000,1e-06,2,0.0 0.0259,0.0 0.0,-1.0 0.0,0.00054857 28.0,80000,1000,5e-10,0.0,0.0 0.0 0.0,1000 1000000 0,0,0.0,0,100,0,,10,,1,,,,1.0,10.0,0.1,False,{},,,False,3,mixed,250,300,True,Ar_Aubin,,False,uniform,Argon-Aubin-Test2/10Td,3.0000000000000005e+21,9.070090000000001e+23,0.0,1.4882266666666666e-13,1.4881444444444447e-13,0.0,0.0,0.0,0.0,0.0,0.0,0.0,0.0,0.0,0.0,0.0,0.0,2.2222222222222226e-19,0.0,0.0,0.0,0.0,0.0,0.0,0.0,0.0,2.2222222222222226e-19,8.88888888888889e-19,2.666666666666667e-18,2e-18,2.2222222222222226e-18,0.0,0.0,0.0,0.0,0.0,0.0,2616.020954623599,2310.560095762989,2548.6901400589845,2561.003528313393,908.1272214710168,2055.2030583058795,1025.9399327914102,138.5754859507774,12237.139999999868,1.223713999999987e+24,0.0,0.0
1.895e-05,154651.0,5.15502,3e+22,6108.88,-1104.98,10984.3,3.43522,3.43675,3.43716,0.00491239588,-0.000559663407,0.301362283,0.0889474349,0.0885098888,0.125973713,-0.000198780319,0.00171913236,-4.79186059e-05,6218.13722,383.360839,-3561.07781,1193.99571,1256.76882,2199.58246,2269.00205,-825.436502,4763.59203,37900.0,154650.528805,5.155017627,-30.000000000000004,30000 3000,1e-06,2,0.0 0.0259,0.0 0.0,-1.0 0.0,0.00054857 28.0,80000,1000,5e-10,0.0,0.0 0.0 0.0,1000 1000000 0,0,0.0,0,100,0,,10,,1,,,,1.0,10.0,0.1,False,{},,,False,3,mixed,250,300,True,Ar_Aubin,,False,uniform,Argon-Aubin-Test2/10Td,3.0000000000000005e+21,1.0984299999999999e+24,0.0,1.4851266666666666e-13,1.48506e-13,0.0,0.0,0.0,0.0,0.0,0.0,0.0,0.0,0.0,0.0,0.0,0.0,0.0,0.0,0.0,0.0,0.0,0.0,0.0,0.0,0.0,0.0,0.0,1.5555555555555556e-18,3.3333333333333337e-18,1.777777777777778e-18,0.0,0.0,0.0,0.0,0.0,0.0,2568.9125098625477,6188.127983056585,1976.4852629254592,1256.150403128533,1076.0786796371046,1453.3383048431,12.769888808389016,-3187.0210134377244,9260.300000000221,9.260300000000222e+23,0.0,0.0
1.9e-05,154610.0,5.15366,3e+22,1381.71,-7560.99,13261.7,3.44697,3.43035,3.42867,0.00485948525,-0.000633792409,0.301833627,0.0892062271,0.0887332426,0.126386166,-0.000175458262,0.00167920846,-4.74925883e-05,2629.82183,414.061701,-3225.2091,1064.76231,1953.10571,759.009177,580.445253,-2733.86685,5640.85277,38000.0,154609.798066,5.153659936,-30.000000000000004,30000 3000,1e-06,2,0.0 0.0259,0.0 0.0,-1.0 0.0,0.00054857 28.0,80000,1000,5e-10,0.0,0.0 0.0 0.0,1000 1000000 0,0,0.0,0,100,0,,10,,1,,,,1.0,10.0,0.1,False,{},,,False,3,mixed,250,300,True,Ar_Aubin,,False,uniform,Argon-Aubin-Test2/10Td,3.0000000000000005e+21,1.32617e+24,0.0,1.4899266666666667e-13,1.489866666666667e-13,0.0,0.0,0.0,0.0,0.0,0.0,0.0,0.0,0.0,0.0,0.0,0.0,0.0,0.0,0.0,0.0,0.0,2.2222222222222226e-19,0.0,0.0,0.0,0.0,0.0,2.888888888888889e-18,1.1111111111111113e-18,1.777777777777778e-18,0.0,0.0,0.0,0.0,0.0,0.0,2593.092363868677,2623.1074306352225,2232.653303114174,1948.3136119334752,1281.402269969756,1638.0257588141003,-525.3824192781543,-3126.255423302095,9426.879999999694,9.426879999999694e+23,0.0,0.0
1.905e-05,154467.0,5.1489,3e+22,2272.81,10785.7,5086.13,3.39081,3.45047,3.45568,0.00483210498,-0.000556080245,0.30228843,0.0894635265,0.0889156379,0.126775227,-0.000259202786,0.00163777636,2.07821287e-05,4022.19222,-581.382523,-600.221159,-2077.6229,1534.04392,-887.562683,-139.723233,3915.29536,3162.62007,38100.0,154467.007185,5.14890024,-30.000000000000004,30000 3000,1e-06,2,0.0 0.0259,0.0 0.0,-1.0 0.0,0.00054857 28.0,80000,1000,5e-10,0.0,0.0 0.0 0.0,1000 1000000 0,0,0.0,0,100,0,,10,,1,,,,1.0,10.0,0.1,False,{},,,False,3,mixed,250,300,True,Ar_Aubin,,False,uniform,Argon-Aubin-Test2/10Td,3.0000000000000005e+21,5.08613e+23,0.0,1.48848e-13,1.4884022222222224e-13,0.0,0.0,0.0,0.0,0.0,0.0,0.0,0.0,0.0,0.0,0.0,0.0,0.0,0.0,0.0,0.0,0.0,0.0,0.0,0.0,0.0,0.0,4.444444444444445e-19,1.3333333333333336e-18,2.888888888888889e-18,3.1111111111111112e-18,0.0,0.0,0.0,0.0,0.0,0.0,2575.647583572399,4011.2097634804063,1824.877675788289,1540.0416346984966,1143.0447611021632,1625.1418175241,-707.3093927775949,-1451.5652726902272,9096.060000000072,9.096060000000073e+23,0.0,0.0
1.91e-05,154463.0,5.14878,3e+22,1159.8,-6313.39,12838.8,3.43556,3.42632,3.43451,0.00477564953,-0.000461128295,0.302759189,0.0896703923,0.0891226943,0.12720243,-0.000252656604,0.00156341747,7.22544292e-05,1258.90845,-452.324979,-621.912502,206.944052,1095.67922,96.559759,-920.125408,-966.818919,5321.06217,38200.0,154463.463337,5.148782111,-30.000000000000004,30000 3000,1e-06,2,0.0 0.0259,0.0 0.0,-1.0 0.0,0.00054857 28.0,80000,1000,5e-10,0.0,0.0 0.0 0.0,1000 1000000 0,0,0.0,0,100,0,,10,,1,,,,1.0,10.0,0.1,False,{},,,False,3,mixed,250,300,True,Ar_Aubin,,False,uniform,Argon-Aubin-Test2/10Td,3.0000000000000005e+21,1.28388e+24,0.0,1.486968888888889e-13,1.4869155555555558e-13,0.0,0.0,0.0,0.0,0.0,0.0,0.0,0.0,0.0,0.0,0.0,0.0,0.0,0.0,0.0,0.0,0.0,0.0,0.0,0.0,0.0,0.0,0.0,1.5555555555555556e-18,1.3333333333333336e-18,2.4444444444444447e-18,0.0,0.0,0.0,0.0,0.0,0.0,2074.082101043429,1253.3696516751058,2071.5298593441958,1092.76793723363,1423.713879272065,1433.9974942668005,-1190.8248130329969,-1954.4916265879642,9415.179999999746,9.415179999999747e+23,0.0,0.0
1.915e-05,154548.0,5.15159,3e+22,-400.714,-6825.0,8739.02,3.42597,3.46192,3.41459,0.00480431842,-0.000465859767,0.303330459,0.0898654876,0.089326506,0.127642901,-0.000272137105,0.0015198603,9.09675338e-05,1619.01137,2263.89911,-965.436828,992.85017,2586.75292,-535.112946,-775.686756,-2316.54392,3894.85077,38300.0,154547.809353,5.151593645,-30.000000000000004,30000 3000,1e-06,2,0.0 0.0259,0.0 0.0,-1.0 0.0,0.00054857 28.0,80000,1000,5e-10,0.0,0.0 0.0 0.0,1000 1000000 0,0,0.0,0,100,0,,10,,1,,,,1.0,10.0,0.1,False,{},,,False,3,mixed,250,300,True,Ar_Aubin,,False,uniform,Argon-Aubin-Test2/10Td,3.0000000000000005e+21,8.739020000000001e+23,0.0,1.4893599999999998e-13,1.4893066666666668e-13,0.0,0.0,0.0,0.0,0.0,0.0,0.0,0.0,0.0,0.0,0.0,0.0,0.0,0.0,0.0,0.0,0.0,0.0,0.0,4.444444444444445e-19,0.0,0.0,2.2222222222222226e-19,1.5555555555555556e-18,1.1111111111111113e-18,2e-18,0.0,0.0,0.0,0.0,0.0,0.0,1948.2065295264863,1620.9365276513518,2038.0731398195185,2583.573427090225,942.3016678702934,1244.03982218982,-1099.6300573944693,-1661.5598572110225,11425.400000000252,1.1425400000000253e+24,0.0,0.0
1.92e-05,154574.0,5.15245,3e+22,4781.89,-1716.82,12470.1,3.40974,3.44921,3.44493,0.004821295,-0.000468293721,0.30379383,0.0900920364,0.0895989571,0.128048225,-0.000247519536,0.00150648863,7.93476898e-05,2197.0663,336.399934,968.974384,-149.054163,1217.67077,1145.4562,3247.14945,547.755491,5204.21218,38400.0,154573.602354,5.152453412,-30.000000000000004,30000 3000,1e-06,2,0.0 0.0259,0.0 0.0,-1.0 0.0,0.00054857 28.0,80000,1000,5e-10,0.0,0.0 0.0 0.0,1000 1000000 0,0,0.0,0,100,0,,10,,1,,,,1.0,10.0,0.1,False,{},,,False,3,mixed,250,300,True,Ar_Aubin,,False,uniform,Argon-Aubin-Test2/10Td,3.0000000000000005e+21,1.2470100000000001e+24,0.0,1.4872933333333334e-13,1.4872466666666668e-13,0.0,0.0,0.0,0.0,0.0,0.0,0.0,0.0,0.0,0.0,0.0,0.0,0.0,0.0,2.2222222222222226e-19,0.0,0.0,0.0,0.0,0.0,0.0,0.0,0.0,1.1111111111111113e-18,1.3333333333333336e-18,2e-18,0.0,0.0,0.0,0.0,0.0,0.0,2263.853900037194,2174.01139765245,2724.488263133734,1216.8667939739128,1240.0021108177618,1415.8727405170007,-415.1046417819049,2703.2931254817995,9267.419999999805,9.267419999999805e+23,0.0,0.0
1.925e-05,154621.0,5.15403,3e+22,-3786.68,-4442.29,8495.16,3.44105,3.40941,3.457,0.00487625326,-0.000472130184,0.304258819,0.0903332374,0.0899050566,0.128486696,-0.000279048128,0.00156338981,0.000100547909,670.010023,1504.05375,537.727808,-1900.94508,1215.20225,712.289812,-1385.36325,-203.533896,2477.688,38500.0,154620.816796,5.154027227,-30.000000000000004,30000 3000,1e-06,2,0.0 0.0259,0.0 0.0,-1.0 0.0,0.00054857 28.0,80000,1000,5e-10,0.0,0.0 0.0 0.0,1000 1000000 0,0,0.0,0,100,0,,10,,1,,,,1.0,10.0,0.1,False,{},,,False,3,mixed,250,300,True,Ar_Aubin,,False,uniform,Argon-Aubin-Test2/10Td,3.0000000000000005e+21,8.49516e+23,0.0,1.485031111111111e-13,1.484988888888889e-13,0.0,0.0,0.0,0.0,0.0,0.0,0.0,0.0,0.0,0.0,0.0,0.0,0.0,0.0,0.0,0.0,0.0,0.0,0.0,0.0,0.0,0.0,4.444444444444445e-19,2.2222222222222226e-19,1.5555555555555556e-18,2e-18,0.0,0.0,0.0,0.0,0.0,0.0,2406.680396213612,688.4748336945769,3060.9589209849855,1213.1049108049187,1557.3320679414248,-107.03934881603982,758.7559115469984,263.07079108669814,9299.780000000535,9.299780000000537e+23,0.0,0.0
1.93e-05,154585.0,5.15284,3e+22,5113.78,6801.2,9048.18,3.43223,3.45624,3.41633,0.00475959933,-0.000431379402,0.30474978,0.0906611613,0.0900876722,0.128901224,-0.000280721809,0.0015626966,0.000129313529,2141.28118,-2399.76201,1656.79027,454.201252,1446.40667,-262.893671,3541.88753,2718.62457,4328.38265,38600.0,154585.117669,5.152837256,-30.000000000000004,30000 3000,1e-06,2,0.0 0.0259,0.0 0.0,-1.0 0.0,0.00054857 28.0,80000,1000,5e-10,0.0,0.0 0.0 0.0,1000 1000000 0,0,0.0,0,100,0,,10,,1,,,,1.0,10.0,0.1,False,{},,,False,3,mixed,250,300,True,Ar_Aubin,,False,uniform,Argon-Aubin-Test2/10Td,3.0000000000000005e+21,9.048180000000001e+23,0.0,1.4893444444444445e-13,1.4892822222222223e-13,0.0,0.0,0.0,0.0,0.0,0.0,0.0,0.0,0.0,0.0,0.0,0.0,0.0,0.0,0.0,0.0,0.0,0.0,0.0,0.0,0.0,0.0,2.2222222222222226e-19,1.1111111111111113e-18,2.4444444444444447e-18,2.4444444444444447e-18,0.0,0.0,0.0,0.0,0.0,0.0,3290.4796007353357,2116.9416361382328,1826.5241872215954,1449.3405675888825,1155.2852922634693,1570.9517855995991,649.2599865370483,3597.1887585658797,9819.22000000024,9.81922000000024e+23,0.0,0.0
1.935e-05,154574.0,5.15245,3e+22,-1276.28,2475.62,8695.22,3.43739,3.43389,3.43315,0.00479508822,-0.000331240428,0.305300692,0.0908824619,0.0903272655,0.129332022,-0.000302010899,0.00159724625,0.000197380517,1926.48996,-1518.991,-1475.8334,-1340.98456,-1285.34165,-62.0856289,99.0670924,1136.6367,4866.93316,38700.0,154573.535203,5.152451173,-30.000000000000004,30000 3000,1e-06,2,0.0 0.0259,0.0 0.0,-1.0 0.0,0.00054857 28.0,80000,1000,5e-10,0.0,0.0 0.0 0.0,1000 1000000 0,0,0.0,0,100,0,,10,,1,,,,1.0,10.0,0.1,False,{},,,False,3,mixed,250,300,True,Ar_Aubin,,False,uniform,Argon-Aubin-Test2/10Td,3.0000000000000005e+21,8.69522e+23,0.0,1.4863199999999999e-13,1.4862511111111112e-13,0.0,0.0,0.0,0.0,0.0,0.0,0.0,0.0,0.0,0.0,0.0,0.0,0.0,0.0,0.0,0.0,0.0,2.2222222222222226e-19,0.0,0.0,0.0,0.0,4.444444444444445e-19,1.3333333333333336e-18,2.666666666666667e-18,2.2222222222222226e-18,0.0,0.0,0.0,0.0,0.0,0.0,2209.6151474454427,1932.6098351934218,2396.6966796733213,-1284.5216245716347,947.1387436954526,2212.27647690776,421.85493877198826,-1028.8114874065484,11018.23999999918,1.1018239999999181e+24,0.0,0.0
1.94e-05,154620.0,5.15399,3e+22,6303.15,6083.22,14037.1,3.44451,3.42439,3.43752,0.00477069112,-0.00017442417,0.305870577,0.0911453777,0.0905483391,0.129786192,-0.000276200471,0.00160415268,0.000240199379,3003.21616,-1553.45307,697.172971,1097.41878,1949.42667,-540.378389,2353.28395,2193.99823,6283.4762,38800.0,154619.6037,5.15398679,-30.000000000000004,30000 3000,1e-06,2,0.0 0.0259,0.0 0.0,-1.0 0.0,0.00054857 28.0,80000,1000,5e-10,0.0,0.0 0.0 0.0,1000 1000000 0,0,0.0,0,100,0,,10,,1,,,,1.0,10.0,0.1,False,{},,,False,3,mixed,250,300,True,Ar_Aubin,,False,uniform,Argon-Aubin-Test2/10Td,3.0000000000000005e+21,1.4037100000000002e+24,0.0,1.4858466666666667e-13,1.485786666666667e-13,0.0,0.0,0.0,0.0,0.0,0.0,0.0,0.0,0.0,0.0,0.0,0.0,2.2222222222222226e-19,0.0,0.0,0.0,0.0,0.0,0.0,0.0,0.0,0.0,0.0,2.2222222222222226e-18,1.777777777777778e-18,1.777777777777778e-18,0.0,0.0,0.0,0.0,0.0,0.0,2631.491772751432,2973.145778266972,2211.5289643005744,1950.4877305994276,1058.726613659411,1989.9403235933005,232.7227240774433,1055.5421252618983,11397.699999999844,1.1397699999999845e+24,0.0,0.0
1.945e-05,154644.0,5.15481,3e+22,1245.23,7951.93,8438.04,3.46384,3.44272,3.40229,0.00482455636,-0.000237457427,0.306336696,0.0912844629,0.0907460576,0.130210556,-0.000249782674,0.00166590755,0.000190639971,2316.15007,1857.34662,-900.784513,1915.2978,1993.72743,1177.35182,1818.69239,3844.45431,4272.56373,38900.0,154644.232092,5.154807736,-30.000000000000004,30000 3000,1e-06,2,0.0 0.0259,0.0 0.0,-1.0 0.0,0.00054857 28.0,80000,1000,5e-10,0.0,0.0 0.0 0.0,1000 1000000 0,0,0.0,0,100,0,,10,,1,,,,1.0,10.0,0.1,False,{},,,False,3,mixed,250,300,True,Ar_Aubin,,False,uniform,Argon-Aubin-Test2/10Td,3.0000000000000005e+21,8.43804e+23,0.0,1.4884622222222222e-13,1.4884155555555556e-13,0.0,0.0,0.0,0.0,0.0,0.0,0.0,0.0,0.0,0.0,0.0,0.0,0.0,0.0,0.0,0.0,0.0,2.2222222222222226e-19,0.0,0.0,0.0,0.0,4.444444444444445e-19,1.1111111111111113e-18,1.1111111111111113e-18,1.777777777777778e-18,0.0,0.0,0.0,0.0,0.0,0.0,1385.6834969162846,2310.142387683837,1976.925377614458,1995.615674837484,1390.0255811649665,1687.6824356841594,860.6052114997887,495.7384334919856,9322.380000000852,9.322380000000851e+23,0.0,0.0
1.95e-05,154727.0,5.15757,3e+22,-6631.81,1787.57,12562.3,3.47487,3.41325,3.42584,0.00473121299,-0.000157073948,0.306903434,0.0915145139,0.0910065894,0.130672416,-0.000239130206,0.00162260621,0.000202934681,2861.52455,-1118.24156,1717.38222,-2103.68459,1171.45008,2140.21466,-2058.97176,200.122218,3326.77166,39000.0,154726.954278,5.157565143,-30.000000000000004,30000 3000,1e-06,2,0.0 0.0259,0.0 0.0,-1.0 0.0,0.00054857 28.0,80000,1000,5e-10,0.0,0.0 0.0 0.0,1000 1000000 0,0,0.0,0,100,0,,10,,1,,,,1.0,10.0,0.1,False,{},,,False,3,mixed,250,300,True,Ar_Aubin,,False,uniform,Argon-Aubin-Test2/10Td,3.0000000000000005e+21,1.2562300000000002e+24,0.0,1.4904822222222223e-13,1.490428888888889e-13,0.0,0.0,0.0,0.0,0.0,0.0,0.0,0.0,0.0,0.0,0.0,0.0,0.0,0.0,0.0,0.0,0.0,0.0,0.0,0.0,0.0,0.0,4.444444444444445e-19,1.1111111111111113e-18,1.777777777777778e-18,2e-18,0.0,0.0,0.0,0.0,0.0,0.0,2309.4296771405952,2892.901055619212,2605.635138045043,1171.7308606772265,1143.1351520410637,-528.6413489381994,-347.7639725644154,1634.3008056912631,11334.75999999911,1.1334759999999111e+24,0.0,0.0
1.955e-05,154814.0,5.16045,3e+22,-5974.55,-1228.2,11781.5,3.44216,3.46356,3.41419,0.00469704856,-0.000219287939,0.30747306,0.0917034733,0.0912011302,0.131146341,-0.000240318509,0.00162445302,0.000148628644,-459.862244,-204.052732,2347.24931,873.128609,1034.06613,621.071304,-1514.80497,-800.834711,2805.65757,39100.0,154813.628025,5.160454268,-30.000000000000004,30000 3000,1e-06,2,0.0 0.0259,0.0 0.0,-1.0 0.0,0.00054857 28.0,80000,1000,5e-10,0.0,0.0 0.0 0.0,1000 1000000 0,0,0.0,0,100,0,,10,,1,,,,1.0,10.0,0.1,False,{},,,False,3,mixed,250,300,True,Ar_Aubin,,False,uniform,Argon-Aubin-Test2/10Td,3.0000000000000005e+21,1.1781500000000001e+24,0.0,1.48742e-13,1.487366666666667e-13,0.0,0.0,0.0,0.0,0.0,0.0,0.0,0.0,0.0,0.0,0.0,0.0,0.0,0.0,0.0,0.0,0.0,0.0,0.0,0.0,0.0,0.0,4.444444444444445e-19,1.1111111111111113e-18,1.777777777777778e-18,2e-18,0.0,0.0,0.0,0.0,0.0,0.0,1892.8151118176306,-431.799492525852,1945.1738502493376,1033.79680055332,1239.6017522871284,-816.8362863900002,193.1285980922735,2614.1192330133604,11392.520000000906,1.1392520000000906e+24,0.0,0.0
1.96e-05,154830.0,5.16099,3e+22,-1686.16,477.566,15838.4,3.45652,3.38851,3.47551,0.00474819276,-0.000129905546,0.308048043,0.0919011037,0.0915681277,0.131606156,-0.000264899318,0.00167700001,0.000203863715,1470.06697,-2125.51941,-1306.37378,-1501.80653,3476.50976,503.694662,-1713.95006,560.815185,5842.50008,39200.0,154829.759138,5.160991971,-30.000000000000004,30000 3000,1e-06,2,0.0 0.0259,0.0 0.0,-1.0 0.0,0.00054857 28.0,80000,1000,5e-10,0.0,0.0 0.0 0.0,1000 1000000 0,0,0.0,0,100,0,,10,,1,,,,1.0,10.0,0.1,False,{},,,False,3,mixed,250,300,True,Ar_Aubin,,False,uniform,Argon-Aubin-Test2/10Td,3.0000000000000005e+21,1.58384e+24,0.0,1.4899444444444445e-13,1.489877777777778e-13,0.0,0.0,0.0,0.0,0.0,0.0,0.0,0.0,0.0,0.0,0.0,0.0,0.0,0.0,0.0,0.0,0.0,0.0,0.0,2.2222222222222226e-19,2.2222222222222226e-19,0.0,0.0,1.3333333333333336e-18,2.4444444444444447e-18,2.4444444444444447e-18,0.0,0.0,0.0,0.0,0.0,0.0,1971.473306888738,1478.0731827042016,3670.2871174931765,3476.571798471981,1059.0082963377047,963.5119557487997,681.8279241405057,-2576.109328025104,11499.659999999469,1.149965999999947e+24,0.0,0.0
1.965e-05,154978.0,5.16593,3e+22,5708.39,3051.45,14659.0,3.46961,3.45729,3.40351,0.00471890357,-0.000117457292,0.308665323,0.0921159021,0.0917009703,0.132138621,-0.000329424042,0.0016860504,0.000217766959,2825.64419,2636.62711,-690.202713,-1247.54887,1498.46602,-173.060947,2489.75886,754.559573,7084.16841,39300.0,154978.01411,5.165933804,-30.000000000000004,30000 3000,1e-06,2,0.0 0.0259,0.0 0.0,-1.0 0.0,0.00054857 28.0,80000,1000,5e-10,0.0,0.0 0.0 0.0,1000 1000000 0,0,0.0,0,100,0,,10,,1,,,,1.0,10.0,0.1,False,{},,,False,3,mixed,250,300,True,Ar_Aubin,,False,uniform,Argon-Aubin-Test2/10Td,3.0000000000000005e+21,1.4659e+24,0.0,1.4907088888888888e-13,1.49066e-13,0.0,0.0,0.0,0.0,0.0,0.0,0.0,0.0,0.0,0.0,0.0,0.0,0.0,0.0,0.0,0.0,0.0,0.0,0.0,0.0,0.0,0.0,0.0,1.5555555555555556e-18,1.777777777777778e-18,1.5555555555555556e-18,0.0,0.0,0.0,0.0,0.0,0.0,2150.7568358315743,2798.7068480500475,1328.4567923543823,1498.8244350536734,1517.801734355201,2559.4434401430008,303.1996572973057,-31.600303592600312,12345.599999999957,1.2345599999999958e+24,0.0,0.0
1.97e-05,155122.0,5.17072,3e+22,5909.38,-2497.01,12527.9,3.44928,3.4446,3.44643,0.00482775587,-0.000100981087,0.309343893,0.0922955333,0.0919347206,0.132700347,-0.000363340651,0.00170952402,0.000250140425,3203.53174,1915.27267,-521.946949,53.8367733,3432.43695,921.628991,2090.63262,-515.486527,6312.13957,39400.0,155121.560515,5.170718684,-30.000000000000004,30000 3000,1e-06,2,0.0 0.0259,0.0 0.0,-1.0 0.0,0.00054857 28.0,80000,1000,5e-10,0.0,0.0 0.0 0.0,1000 1000000 0,0,0.0,0,100,0,,10,,1,,,,1.0,10.0,0.1,False,{},,,False,3,mixed,250,300,True,Ar_Aubin,,False,uniform,Argon-Aubin-Test2/10Td,3.0000000000000005e+21,1.25279e+24,0.0,1.4913333333333333e-13,1.4912733333333335e-13,0.0,0.0,0.0,0.0,0.0,0.0,0.0,0.0,0.0,0.0,0.0,0.0,0.0,0.0,0.0,0.0,0.0,0.0,2.2222222222222226e-19,0.0,0.0,0.0,0.0,1.1111111111111113e-18,3.3333333333333337e-18,1.3333333333333336e-18,0.0,0.0,0.0,0.0,0.0,0.0,1785.9202416263543,3175.0026960169394,2337.538990355159,3432.18479921595,1423.6348629888264,2436.7102128853007,-268.0256127899749,-319.82658618011305,13571.39999999979,1.357139999999979e+24,0.0,0.0
1.975e-05,155235.0,5.17449,3e+22,3781.31,-539.414,8714.06,3.47524,3.42092,3.4523,0.00484562099,-0.000116988366,0.309878969,0.0925225268,0.0922007553,0.133161489,-0.000342905216,0.00164747312,0.000240003016,1680.17099,-566.798225,-2052.75686,2499.26391,3014.02519,-670.153153,565.719371,-947.050652,3861.77213,39500.0,155234.700071,5.174490002,-30.000000000000004,30000 3000,1e-06,2,0.0 0.0259,0.0 0.0,-1.0 0.0,0.00054857 28.0,80000,1000,5e-10,0.0,0.0 0.0 0.0,1000 1000000 0,0,0.0,0,100,0,,10,,1,,,,1.0,10.0,0.1,False,{},,,False,3,mixed,250,300,True,Ar_Aubin,,False,uniform,Argon-Aubin-Test2/10Td,3.0000000000000005e+21,8.71406e+23,0.0,1.4928755555555556e-13,1.4928333333333334e-13,0.0,0.0,0.0,0.0,0.0,0.0,0.0,0.0,0.0,0.0,0.0,0.0,0.0,0.0,0.0,0.0,0.0,0.0,0.0,0.0,0.0,0.0,2.2222222222222226e-19,1.5555555555555556e-18,1.1111111111111113e-18,1.3333333333333336e-18,0.0,0.0,0.0,0.0,0.0,0.0,2268.206839615983,1661.848194894303,2660.3121090215677,3013.9620848375425,1298.1070789246096,1161.46820139586,-1403.4028253311462,-2701.010965313509,10701.520000000464,1.0701520000000465e+24,0.0,0.0
1.98e-05,155406.0,5.18019,3e+22,-2237.14,5703.32,2351.39,3.44743,3.44256,3.47014,0.00473689936,-6.20577136e-05,0.310492387,0.092757191,0.0924459221,0.133687344,-0.000323356858,0.00161211932,0.000258602863,1601.6305,-1198.67228,2066.51984,-1827.36892,-845.721645,-2839.75916,457.673386,2056.22123,1585.70958,39600.0,155405.688749,5.180189625,-30.000000000000004,30000 3000,1e-06,2,0.0 0.0259,0.0 0.0,-1.0 0.0,0.00054857 28.0,80000,1000,5e-10,0.0,0.0 0.0 0.0,1000 1000000 0,0,0.0,0,100,0,,10,,1,,,,1.0,10.0,0.1,False,{},,,False,3,mixed,250,300,True,Ar_Aubin,,False,uniform,Argon-Aubin-Test2/10Td,3.0000000000000005e+21,2.35139e+23,0.0,1.4964355555555556e-13,1.4963911111111112e-13,0.0,0.0,0.0,0.0,0.0,0.0,0.0,0.0,0.0,0.0,0.0,0.0,0.0,0.0,0.0,0.0,0.0,0.0,0.0,0.0,2.2222222222222226e-19,0.0,0.0,1.777777777777778e-18,1.5555555555555556e-18,8.88888888888889e-19,0.0,0.0,0.0,0.0,0.0,0.0,2357.06027231955,1612.2276070342305,2451.766351179441,-845.3677100008708,1453.0804354523364,855.62088613207,-91.37905438425832,3207.6698668670697,12268.359999999535,1.2268359999999536e+24,0.0,0.0
1.985e-05,155449.0,5.18165,3e+22,3144.53,3180.78,4000.44,3.48178,3.44744,3.43387,0.00466262407,-2.75219612e-05,0.311106565,0.0929814623,0.0926108999,0.134192985,-0.000373103026,0.00161900705,0.000260080147,1678.05075,-1220.10636,2507.43644,-1543.1356,3278.85828,2341.04801,1488.90172,1424.01762,724.612733,39700.0,155449.495259,5.181649842,-30.000000000000004,30000 3000,1e-06,2,0.0 0.0259,0.0 0.0,-1.0 0.0,0.00054857 28.0,80000,1000,5e-10,0.0,0.0 0.0 0.0,1000 1000000 0,0,0.0,0,100,0,,10,,1,,,,1.0,10.0,0.1,False,{},,,False,3,mixed,250,300,True,Ar_Aubin,,False,uniform,Argon-Aubin-Test2/10Td,3.0000000000000005e+21,4.00044e+23,0.0,1.4981577777777778e-13,1.4980888888888892e-13,0.0,0.0,0.0,0.0,0.0,0.0,0.0,0.0,0.0,0.0,0.0,0.0,0.0,0.0,0.0,0.0,0.0,0.0,0.0,0.0,0.0,2.2222222222222226e-19,2.2222222222222226e-19,1.1111111111111113e-18,1.777777777777778e-18,3.555555555555556e-18,0.0,0.0,0.0,0.0,0.0,0.0,2249.6945232862445,1663.388988733163,1649.8089370148296,3278.9458213037456,1238.6859885850365,-519.9504138885999,541.7192192230499,2999.4016853259595,12283.560000000416,1.2283560000000416e+24,0.0,0.0
1.99e-05,155555.0,5.18515,3e+22,6925.52,640.649,12874.4,3.46966,3.43048,3.46896,0.00468336788,-5.02765313e-05,0.311676339,0.0931266068,0.0928323655,0.134608996,-0.000436371914,0.00163538547,0.000270585858,2103.65045,-425.031545,486.757782,169.023367,1803.42004,-630.098677,2111.996,1355.33492,5581.17473,39800.0,155554.603215,5.185153441,-30.000000000000004,30000 3000,1e-06,2,0.0 0.0259,0.0 0.0,-1.0 0.0,0.00054857 28.0,80000,1000,5e-10,0.0,0.0 0.0 0.0,1000 1000000 0,0,0.0,0,100,0,,10,,1,,,,1.0,10.0,0.1,False,{},,,False,3,mixed,250,300,True,Ar_Aubin,,False,uniform,Argon-Aubin-Test2/10Td,3.0000000000000005e+21,1.28744e+24,0.0,1.4988555555555556e-13,1.4988066666666669e-13,0.0,0.0,0.0,0.0,0.0,0.0,0.0,0.0,0.0,0.0,0.0,0.0,0.0,0.0,0.0,0.0,0.0,0.0,0.0,0.0,0.0,0.0,0.0,1.1111111111111113e-18,1.5555555555555556e-18,2.2222222222222226e-18,0.0,0.0,0.0,0.0,0.0,0.0,1449.50628518728,2071.2156920797024,2214.6382972874912,1803.4522496095008,611.6549365631219,1568.5288711783996,145.1284655085627,379.9375112944481,11395.480000000458,1.1395480000000458e+24,0.0,0.0
1.995e-05,155635.0,5.18784,3e+22,-3293.2,8003.0,9869.26,3.46636,3.45956,3.44878,0.00473092989,-8.34260121e-05,0.312345423,0.0933180619,0.0929937308,0.135173017,-0.000446545598,0.00166199346,0.000272841244,1453.50844,249.825574,980.741823,1352.861,2521.33196,1885.3735,-1258.21898,1717.92447,3600.56232,39900.0,155635.258634,5.187841954,-30.000000000000004,30000 3000,1e-06,2,0.0 0.0259,0.0 0.0,-1.0 0.0,0.00054857 28.0,80000,1000,5e-10,0.0,0.0 0.0 0.0,1000 1000000 0,0,0.0,0,100,0,,10,,1,,,,1.0,10.0,0.1,False,{},,,False,3,mixed,250,300,True,Ar_Aubin,,False,uniform,Argon-Aubin-Test2/10Td,3.0000000000000005e+21,9.869260000000001e+23,0.0,1.4986066666666665e-13,1.4985355555555557e-13,0.0,0.0,0.0,0.0,0.0,0.0,0.0,0.0,0.0,0.0,0.0,0.0,0.0,0.0,0.0,0.0,0.0,0.0,0.0,0.0,0.0,0.0,2.2222222222222226e-19,2.2222222222222226e-18,1.777777777777778e-18,2.888888888888889e-18,0.0,0.0,0.0,0.0,0.0,0.0,1910.0733707531904,1469.088338313748,1613.6086783009873,2521.9996183748362,1464.9802339399,517.9441306030199,172.37294706395815,704.4480128974185,13381.67999999973,1.338167999999973e+24,0.0,0.0
2e-05,155441.0,5.18136,3e+22,-4713.3,829.944,6146.3,3.42916,3.42499,3.50823,0.00475802455,-0.000104459709,0.312717504,0.0935677589,0.0931927415,0.13550294,-0.000358470932,0.00166096057,0.000263940159,3905.91514,-295.424629,-665.214811,-294.3676,2064.21014,-880.31653,-135.05481,779.225552,3250.18752,40000.0,155440.939961,5.181364665,-30.000000000000004,30000 3000,1e-06,2,0.0 0.0259,0.0 0.0,-1.0 0.0,0.00054857 28.0,80000,1000,5e-10,0.0,0.0 0.0 0.0,1000 1000000 0,0,0.0,0,100,0,,10,,1,,,,1.0,10.0,0.1,False,{},,,False,3,mixed,250,300,True,Ar_Aubin,,False,uniform,Argon-Aubin-Test2/10Td,3.0000000000000005e+21,6.146300000000001e+23,0.0,1.4982533333333332e-13,1.4981800000000002e-13,0.0,0.0,0.0,0.0,0.0,0.0,0.0,0.0,0.0,0.0,0.0,0.0,0.0,0.0,0.0,0.0,0.0,0.0,0.0,0.0,0.0,0.0,0.0,2e-18,2.4444444444444447e-18,2.888888888888889e-18,0.0,0.0,0.0,0.0,0.0,0.0,2494.3990000569906,3928.341137111515,1990.067480686919,2064.2968357087266,973.4896105892399,1328.1319251648001,-225.32307142658985,644.4175443115348,7441.619999999371,7.441619999999372e+23,0.0,0.0
2.005e-05,155340.0,5.17801,3e+22,4628.17,-4860.17,17673.1,3.44318,3.43887,3.47194,0.00468474607,-0.000107453034,0.313202443,0.093815289,0.0933764117,0.13588391,-0.000322338118,0.00167151371,0.000242654105,1149.16487,609.123334,1879.56035,2062.00559,359.903873,81.9013571,1944.30215,-2386.51167,6897.97076,40100.0,155340.406439,5.178013548,-30.000000000000004,30000 3000,1e-06,2,0.0 0.0259,0.0 0.0,-1.0 0.0,0.00054857 28.0,80000,1000,5e-10,0.0,0.0 0.0 0.0,1000 1000000 0,0,0.0,0,100,0,,10,,1,,,,1.0,10.0,0.1,False,{},,,False,3,mixed,250,300,True,Ar_Aubin,,False,uniform,Argon-Aubin-Test2/10Td,3.0000000000000005e+21,1.76731e+24,0.0,1.4991466666666667e-13,1.4990733333333335e-13,0.0,0.0,0.0,0.0,0.0,0.0,0.0,0.0,0.0,0.0,0.0,0.0,0.0,0.0,0.0,0.0,0.0,0.0,0.0,0.0,0.0,0.0,2.2222222222222226e-19,2e-18,2e-18,3.1111111111111112e-18,0.0,0.0,0.0,0.0,0.0,0.0,2482.2205187802206,1127.4830687812082,1836.6956567628101,359.3816329877442,774.3700682176502,1362.7126646167007,623.9357457614881,2291.5143636109733,9698.780000000352,9.698780000000352e+23,0.0,0.0
2.01e-05,155416.0,5.18054,3e+22,-1931.67,-1777.95,17455.8,3.47193,3.43513,3.45225,0.00476737949,-0.000100963571,0.313775819,0.0940844911,0.0936659519,0.136361471,-0.000287782607,0.00169449431,0.000216750062,747.422703,68.8885751,308.019027,244.345377,2584.4971,1300.59454,234.612615,-1676.8917,7714.60241,40200.0,155416.271997,5.1805424,-30.000000000000004,30000 3000,1e-06,2,0.0 0.0259,0.0 0.0,-1.0 0.0,0.00054857 28.0,80000,1000,5e-10,0.0,0.0 0.0 0.0,1000 1000000 0,0,0.0,0,100,0,,10,,1,,,,1.0,10.0,0.1,False,{},,,False,3,mixed,250,300,True,Ar_Aubin,,False,uniform,Argon-Aubin-Test2/10Td,3.0000000000000005e+21,1.74558e+24,0.0,1.4971577777777776e-13,1.4971022222222224e-13,0.0,0.0,0.0,0.0,0.0,0.0,0.0,0.0,0.0,0.0,0.0,0.0,0.0,0.0,0.0,0.0,0.0,0.0,0.0,0.0,0.0,0.0,4.444444444444445e-19,1.777777777777778e-18,2e-18,1.3333333333333336e-18,0.0,0.0,0.0,0.0,0.0,0.0,2684.210385387048,756.6317069394482,2895.4155251186,2584.3175918189404,1180.6671204749043,2237.3944686998,-112.677799998075,1065.5245553861882,11467.520000000286,1.1467520000000288e+24,0.0,0.0
2.015e-05,155383.0,5.17943,3e+22,-1262.11,-2464.6,10857.2,3.46666,3.44839,3.44311,0.00488303643,-6.90454834e-05,0.314384078,0.0943232062,0.093913703,0.136823291,-0.000301448484,0.0017411114,0.000247014191,3432.70953,1249.60112,1138.16202,1668.5676,2590.54887,2088.3872,-585.932629,-1054.24596,3907.35249,40300.0,155383.049392,5.17943498,-30.000000000000004,30000 3000,1e-06,2,0.0 0.0259,0.0 0.0,-1.0 0.0,0.00054857 28.0,80000,1000,5e-10,0.0,0.0 0.0 0.0,1000 1000000 0,0,0.0,0,100,0,,10,,1,,,,1.0,10.0,0.1,False,{},,,False,3,mixed,250,300,True,Ar_Aubin,,False,uniform,Argon-Aubin-Test2/10Td,3.0000000000000005e+21,1.08572e+24,0.0,1.4966577777777778e-13,1.4965755555555557e-13,0.0,0.0,0.0,0.0,0.0,0.0,0.0,0.0,0.0,0.0,0.0,0.0,0.0,0.0,0.0,0.0,0.0,0.0,0.0,0.0,0.0,0.0,0.0,1.5555555555555556e-18,2.888888888888889e-18,3.777777777777778e-18,0.0,0.0,0.0,0.0,0.0,0.0,2375.989624249647,3438.8724591086675,2477.565263638848,2590.3787005016125,797.3608921067744,494.02167833839985,147.13176145181308,896.0005765567839,12165.179999999998,1.216518e+24,0.0,0.0
2.02e-05,155327.0,5.17758,3e+22,5399.03,-3681.49,7305.89,3.4718,3.45028,3.43253,0.00500906992,-0.000196757276,0.314810782,0.0945785656,0.0940993323,0.137220459,-0.000281390208,0.00179583425,0.000213112633,1981.74285,-1447.93451,-1572.75063,-208.911056,2131.04887,-1194.59962,1953.98966,-1262.86446,2858.15517,40400.0,155327.317221,5.177577241,-30.000000000000004,30000 3000,1e-06,2,0.0 0.0259,0.0 0.0,-1.0 0.0,0.00054857 28.0,80000,1000,5e-10,0.0,0.0 0.0 0.0,1000 1000000 0,0,0.0,0,100,0,,10,,1,,,,1.0,10.0,0.1,False,{},,,False,3,mixed,250,300,True,Ar_Aubin,,False,uniform,Argon-Aubin-Test2/10Td,3.0000000000000005e+21,7.30589e+23,0.0,1.49644e-13,1.4963844444444447e-13,0.0,0.0,0.0,0.0,0.0,0.0,0.0,0.0,0.0,0.0,0.0,0.0,0.0,0.0,0.0,0.0,0.0,0.0,0.0,0.0,0.0,0.0,4.444444444444445e-19,1.1111111111111113e-18,2e-18,2e-18,0.0,0.0,0.0,0.0,0.0,0.0,2541.1266331325232,1954.6987312298224,1855.953538531241,2130.324510055979,1286.8803645853245,558.1822258940197,259.2507455616852,-1355.0295401792887,8534.08,8.53408e+23,0.0,0.0
2.025e-05,155282.0,5.17605,3e+22,-1780.21,3851.02,9269.34,3.42312,3.48917,3.43922,0.00493047011,-0.000218212952,0.315330761,0.0947880521,0.0942544908,0.13763918,-0.000326194661,0.00175159865,0.000220395298,1565.45704,-707.114343,-1295.06555,-737.366333,-186.205142,-941.099334,-620.525809,352.948963,3507.10532,40500.0,155281.629166,5.176054306,-30.000000000000004,30000 3000,1e-06,2,0.0 0.0259,0.0 0.0,-1.0 0.0,0.00054857 28.0,80000,1000,5e-10,0.0,0.0 0.0 0.0,1000 1000000 0,0,0.0,0,100,0,,10,,1,,,,1.0,10.0,0.1,False,{},,,False,3,mixed,250,300,True,Ar_Aubin,,False,uniform,Argon-Aubin-Test2/10Td,3.0000000000000005e+21,9.26934e+23,0.0,1.4973133333333333e-13,1.4972444444444446e-13,0.0,0.0,0.0,0.0,0.0,0.0,0.0,0.0,0.0,0.0,0.0,0.0,0.0,0.0,0.0,0.0,0.0,0.0,0.0,0.0,0.0,0.0,4.444444444444445e-19,1.5555555555555556e-18,2.666666666666667e-18,2.2222222222222226e-18,0.0,0.0,0.0,0.0,0.0,0.0,2102.67745957865,1574.234312194523,1551.495965332328,-185.36479955758895,910.6063061241343,584.1972838322599,-441.10546532352345,-1399.9385887696174,10399.580000000075,1.0399580000000076e+24,0.0,0.0
2.03e-05,155376.0,5.1792,3e+22,634.949,-11346.0,8172.86,3.42819,3.50443,3.42468,0.00496449863,-7.98106468e-05,0.315848591,0.0949772414,0.0944586308,0.138041179,-0.00038773117,0.00176092302,0.000289297236,2395.55883,-1623.31215,593.276532,-307.001005,1863.59684,1819.53375,437.364937,-3092.59021,2245.04028,40600.0,155376.099838,5.179203328,-30.000000000000004,30000 3000,1e-06,2,0.0 0.0259,0.0 0.0,-1.0 0.0,0.00054857 28.0,80000,1000,5e-10,0.0,0.0 0.0 0.0,1000 1000000 0,0,0.0,0,100,0,,10,,1,,,,1.0,10.0,0.1,False,{},,,False,3,mixed,250,300,True,Ar_Aubin,,False,uniform,Argon-Aubin-Test2/10Td,3.0000000000000005e+21,8.17286e+23,0.0,1.4977577777777777e-13,1.4977155555555556e-13,0.0,0.0,0.0,0.0,0.0,0.0,0.0,0.0,0.0,0.0,0.0,0.0,0.0,0.0,0.0,0.0,0.0,0.0,0.0,2.2222222222222226e-19,0.0,0.0,4.444444444444445e-19,6.666666666666668e-19,6.666666666666668e-19,2.2222222222222226e-18,0.0,0.0,0.0,0.0,0.0,0.0,1888.5258885831258,2392.40662655938,2041.8124715307351,1862.6913084014072,751.5539615385314,-336.34603544026004,-79.53270865753218,789.5195697199591,10356.599999999939,1.035659999999994e+24,0.0,0.0
2.035e-05,155419.0,5.18064,3e+22,-3611.91,4547.44,11249.0,3.46904,3.4616,3.42974,0.0050240084,-0.000213527196,0.316336731,0.0952168115,0.0945936335,0.138427757,-0.000433885048,0.00175491696,0.000290508763,2904.98805,933.498262,-263.629472,1572.85125,2109.74665,-1698.25808,-1759.61169,2749.57333,4924.66131,40700.0,155419.282413,5.180642747,-30.000000000000004,30000 3000,1e-06,2,0.0 0.0259,0.0 0.0,-1.0 0.0,0.00054857 28.0,80000,1000,5e-10,0.0,0.0 0.0 0.0,1000 1000000 0,0,0.0,0,100,0,,10,,1,,,,1.0,10.0,0.1,False,{},,,False,3,mixed,250,300,True,Ar_Aubin,,False,uniform,Argon-Aubin-Test2/10Td,3.0000000000000005e+21,1.1249000000000001e+24,0.0,1.49778e-13,1.4977333333333334e-13,0.0,0.0,0.0,0.0,0.0,0.0,0.0,0.0,0.0,0.0,0.0,0.0,0.0,0.0,0.0,0.0,0.0,0.0,0.0,0.0,0.0,0.0,4.444444444444445e-19,1.3333333333333336e-18,1.777777777777778e-18,1.1111111111111113e-18,0.0,0.0,0.0,0.0,0.0,0.0,2389.7568624400847,2923.134316180044,1349.6347587590997,2110.7176521121783,779.8305691894548,1366.1894229810005,-545.0911293121983,-937.17643042539,9762.799999999406,9.762799999999407e+23,0.0,0.0
2.04e-05,155444.0,5.18146,3e+22,7431.4,-936.982,7243.69,3.41945,3.42001,3.52284,0.00507517151,-0.000196046744,0.316908015,0.0954098944,0.0947674051,0.138906761,-0.000435752888,0.00178606688,0.000330283773,1352.84726,-532.709738,-2813.1518,1059.57385,252.967615,2165.33503,3950.49715,223.449402,3194.86908,40800.0,155443.84312,5.181461437,-30.000000000000004,30000 3000,1e-06,2,0.0 0.0259,0.0 0.0,-1.0 0.0,0.00054857 28.0,80000,1000,5e-10,0.0,0.0 0.0 0.0,1000 1000000 0,0,0.0,0,100,0,,10,,1,,,,1.0,10.0,0.1,False,{},,,False,3,mixed,250,300,True,Ar_Aubin,,False,uniform,Argon-Aubin-Test2/10Td,3.0000000000000005e+21,7.243690000000001e+23,0.0,1.4956399999999998e-13,1.4955755555555557e-13,0.0,0.0,0.0,0.0,0.0,0.0,0.0,0.0,0.0,0.0,0.0,0.0,0.0,0.0,0.0,0.0,0.0,0.0,0.0,2.2222222222222226e-19,0.0,0.0,2.2222222222222226e-19,8.88888888888889e-19,2.4444444444444447e-18,2.666666666666667e-18,0.0,0.0,0.0,0.0,0.0,0.0,1925.6619454735558,1315.131630440586,1737.7875953759892,252.7839227297134,1172.4140852610587,899.2856608246502,241.3156950777486,-1254.487841786272,11425.680000000106,1.1425680000000105e+24,0.0,0.0
2.045e-05,155471.0,5.18237,3e+22,3858.34,-6922.83,7608.72,3.44722,3.43737,3.47948,0.00506549017,-0.000317985695,0.317376699,0.0956119166,0.0949795416,0.139280319,-0.000382921454,0.00178645949,0.000354232877,3189.70213,-478.163564,-1273.8428,760.950851,2782.86589,-764.13506,565.752497,-1561.32737,3959.79096,40900.0,155471.22212,5.182374071,-30.000000000000004,30000 3000,1e-06,2,0.0 0.0259,0.0 0.0,-1.0 0.0,0.00054857 28.0,80000,1000,5e-10,0.0,0.0 0.0 0.0,1000 1000000 0,0,0.0,0,100,0,,10,,1,,,,1.0,10.0,0.1,False,{},,,False,3,mixed,250,300,True,Ar_Aubin,,False,uniform,Argon-Aubin-Test2/10Td,3.0000000000000005e+21,7.60872e+23,0.0,1.5033022222222222e-13,1.5032555555555556e-13,0.0,0.0,0.0,0.0,0.0,0.0,0.0,0.0,0.0,0.0,0.0,0.0,0.0,0.0,0.0,0.0,0.0,0.0,0.0,0.0,2.2222222222222226e-19,0.0,2.2222222222222226e-19,6.666666666666668e-19,2e-18,1.5555555555555556e-18,0.0,0.0,0.0,0.0,0.0,0.0,2021.2037519354299,3170.157746657482,2120.738194236055,2780.6645290910833,762.789031036465,1544.96052278472,21.73180094208055,-1971.1794121859423,9373.67999999994,9.373679999999941e+23,0.0,0.0
2.05e-05,155389.0,5.17962,3e+22,4079.88,5203.02,8975.71,3.47513,3.39503,3.48837,0.0050922766,-0.000261945588,0.317801535,0.0958241942,0.0952066372,0.139665522,-0.000364638556,0.00178654182,0.000407425045,1899.43637,1257.4009,-314.647627,2301.07238,2342.97729,1396.48482,3.94517853,2129.21007,2788.29351,41000.0,155388.525317,5.179617511,-30.000000000000004,30000 3000,1e-06,2,0.0 0.0259,0.0 0.0,-1.0 0.0,0.00054857 28.0,80000,1000,5e-10,0.0,0.0 0.0 0.0,1000 1000000 0,0,0.0,0,100,0,,10,,1,,,,1.0,10.0,0.1,False,{},,,False,3,mixed,250,300,True,Ar_Aubin,,False,uniform,Argon-Aubin-Test2/10Td,3.0000000000000005e+21,8.97571e+23,0.0,1.5006288888888888e-13,1.500568888888889e-13,0.0,0.0,0.0,0.0,0.0,2.2222222222222226e-19,0.0,0.0,0.0,0.0,0.0,0.0,0.0,0.0,0.0,0.0,0.0,0.0,0.0,0.0,0.0,0.0,4.444444444444445e-19,2.2222222222222226e-18,1.777777777777778e-18,1.3333333333333336e-18,0.0,0.0,0.0,0.0,0.0,0.0,2120.055096914708,1878.6604925451918,2271.2809941116684,2344.3401981332754,1153.5641978033252,-64.2009057148498,-211.64882306064746,-1653.0013730871863,8496.72000000079,8.496720000000791e+23,0.0,0.0
2.055e-05,155274.0,5.17581,3e+22,4892.7,1376.86,7381.0,3.42453,3.47732,3.44931,0.00511130386,-0.000273869554,0.318204517,0.096042308,0.0954053042,0.139950306,-0.000364564074,0.00181144905,0.000406465181,917.612736,280.963205,530.014082,-285.506881,3271.1969,-1466.95966,966.544277,1596.22143,4420.90687,41100.0,155274.175032,5.175805834,-30.000000000000004,30000 3000,1e-06,2,0.0 0.0259,0.0 0.0,-1.0 0.0,0.00054857 28.0,80000,1000,5e-10,0.0,0.0 0.0 0.0,1000 1000000 0,0,0.0,0,100,0,,10,,1,,,,1.0,10.0,0.1,False,{},,,False,3,mixed,250,300,True,Ar_Aubin,,False,uniform,Argon-Aubin-Test2/10Td,3.0000000000000005e+21,7.381e+23,0.0,1.4977288888888888e-13,1.497666666666667e-13,0.0,0.0,0.0,0.0,0.0,0.0,0.0,0.0,0.0,0.0,0.0,0.0,2.2222222222222226e-19,0.0,0.0,0.0,0.0,2.2222222222222226e-19,0.0,0.0,0.0,0.0,6.666666666666668e-19,1.5555555555555556e-18,1.777777777777778e-18,1.777777777777778e-18,0.0,0.0,0.0,0.0,0.0,0.0,2179.1965382166045,892.6046596041781,1986.6061095845378,3271.5739800341203,284.8500915293706,2072.2393300229996,336.0114822609055,-98.04741511655993,8059.639999999924,8.059639999999925e+23,0.0,0.0
2.06e-05,155235.0,5.17449,3e+22,-2482.03,3590.95,7145.64,3.46139,3.47464,3.41255,0.00513085099,-0.000249088155,0.318635474,0.0962009695,0.0956421785,0.140373026,-0.000379038226,0.00184604503,0.000390537059,2234.45074,963.461005,2146.69472,-175.013256,394.600492,614.694413,350.12794,1246.65751,2545.13952,41200.0,155234.766971,5.174492232,-30.000000000000004,30000 3000,1e-06,2,0.0 0.0259,0.0 0.0,-1.0 0.0,0.00054857 28.0,80000,1000,5e-10,0.0,0.0 0.0 0.0,1000 1000000 0,0,0.0,0,100,0,,10,,1,,,,1.0,10.0,0.1,False,{},,,False,3,mixed,250,300,True,Ar_Aubin,,False,uniform,Argon-Aubin-Test2/10Td,3.0000000000000005e+21,7.145640000000001e+23,0.0,1.4955e-13,1.4954466666666667e-13,0.0,0.0,0.0,0.0,0.0,0.0,0.0,0.0,0.0,0.0,0.0,0.0,0.0,0.0,2.2222222222222226e-19,0.0,0.0,0.0,0.0,0.0,4.444444444444445e-19,0.0,2.2222222222222226e-19,4.444444444444445e-19,1.777777777777778e-18,2.2222222222222226e-18,0.0,0.0,0.0,0.0,0.0,0.0,1584.612952676562,2247.1856660827098,2368.872596236471,395.4949551101972,1482.693479986641,268.2851315666403,523.2963757903367,3251.0222514640363,8619.139999999083,8.619139999999084e+23,0.0,0.0
2.065e-05,155295.0,5.17649,3e+22,214.587,5321.8,5369.55,3.44413,3.44636,3.46217,0.00499595193,-0.000112161514,0.319217423,0.0963753195,0.0958347384,0.140875298,-0.000395943851,0.00181524806,0.00042537669,229.086984,-2178.44695,-1993.75091,-692.651376,1355.40379,1291.14867,70.3596509,431.746215,3723.95506,41300.0,155294.703331,5.176490111,-30.000000000000004,30000 3000,1e-06,2,0.0 0.0259,0.0 0.0,-1.0 0.0,0.00054857 28.0,80000,1000,5e-10,0.0,0.0 0.0 0.0,1000 1000000 0,0,0.0,0,100,0,,10,,1,,,,1.0,10.0,0.1,False,{},,,False,3,mixed,250,300,True,Ar_Aubin,,False,uniform,Argon-Aubin-Test2/10Td,3.0000000000000005e+21,5.3695500000000005e+23,0.0,1.4970555555555556e-13,1.4969955555555558e-13,0.0,0.0,0.0,0.0,0.0,0.0,0.0,0.0,0.0,0.0,0.0,0.0,0.0,0.0,0.0,0.0,0.0,0.0,0.0,2.2222222222222226e-19,0.0,2.2222222222222226e-19,2.2222222222222226e-19,8.88888888888889e-19,1.777777777777778e-18,2.666666666666667e-18,0.0,0.0,0.0,0.0,0.0,0.0,1757.160961947113,228.01491766319708,1926.093647037358,1356.0006911452053,1310.7414444372966,2009.9011463303498,185.58533391085322,-2018.7171819350326,11638.980000000522,1.1638980000000523e+24,0.0,0.0
2.07e-05,155499.0,5.18331,3e+22,-3385.39,5541.46,11764.4,3.45847,3.4564,3.45072,0.00510860933,-0.000120169607,0.319862231,0.0966052738,0.0960270949,0.141493955,-0.000401711261,0.00182639568,0.000442891189,597.704393,-210.130449,122.420313,592.254144,2206.9453,-369.447199,-1636.56564,1460.78237,5708.02019,41400.0,155499.284292,5.183309476,-30.000000000000004,30000 3000,1e-06,2,0.0 0.0259,0.0 0.0,-1.0 0.0,0.00054857 28.0,80000,1000,5e-10,0.0,0.0 0.0 0.0,1000 1000000 0,0,0.0,0,100,0,,10,,1,,,,1.0,10.0,0.1,False,{},,,False,3,mixed,250,300,True,Ar_Aubin,,False,uniform,Argon-Aubin-Test2/10Td,3.0000000000000005e+21,1.17644e+24,0.0,1.4995466666666667e-13,1.4995022222222225e-13,0.0,0.0,0.0,0.0,0.0,0.0,0.0,0.0,0.0,0.0,0.0,0.0,0.0,0.0,0.0,0.0,0.0,0.0,0.0,0.0,0.0,0.0,0.0,8.88888888888889e-19,1.1111111111111113e-18,2.4444444444444447e-18,0.0,0.0,0.0,0.0,0.0,0.0,2288.159464003126,614.9990279396886,1923.5463947078758,2207.611215070406,2065.733264635661,1945.0329596236002,-562.1731414947717,-491.386652396762,12896.159999999934,1.2896159999999934e+24,0.0,0.0
2.075e-05,155447.0,5.18157,3e+22,-3403.6,-9719.86,3379.16,3.43141,3.47459,3.45648,0.00509965861,-9.36965276e-05,0.320373625,0.096835756,0.0962763524,0.141921114,-0.000399159518,0.00181481497,0.000424757041,419.593925,-1446.6512,-1344.06268,2344.59565,1955.95101,372.42851,-627.522319,-5213.75797,2474.05033,41500.0,155447.165966,5.181572199,-30.000000000000004,30000 3000,1e-06,2,0.0 0.0259,0.0 0.0,-1.0 0.0,0.00054857 28.0,80000,1000,5e-10,0.0,0.0 0.0 0.0,1000 1000000 0,0,0.0,0,100,0,,10,,1,,,,1.0,10.0,0.1,False,{},,,False,3,mixed,250,300,True,Ar_Aubin,,False,uniform,Argon-Aubin-Test2/10Td,3.0000000000000005e+21,3.37916e+23,0.0,1.497408888888889e-13,1.4973400000000002e-13,0.0,0.0,0.0,0.0,0.0,0.0,0.0,0.0,0.0,0.0,0.0,0.0,0.0,0.0,0.0,0.0,0.0,0.0,0.0,0.0,0.0,0.0,0.0,1.777777777777778e-18,2e-18,3.1111111111111112e-18,0.0,0.0,0.0,0.0,0.0,0.0,2305.735713480084,436.951123044996,2492.6316169515685,1955.040292869242,997.4622465672156,1391.456591345,-226.51295093892733,-898.3938913385678,10227.879999999968,1.0227879999999969e+24,0.0,0.0
2.08e-05,155468.0,5.18228,3e+22,3164.97,-3440.91,12493.8,3.45972,3.41258,3.49124,0.00511703796,-0.000140192997,0.320909312,0.0970519001,0.0964425672,0.142398786,-0.000421567187,0.00179363083,0.000368944199,142.415283,474.361982,2654.21186,-970.102237,1364.32547,461.395063,921.242214,-732.658767,5926.75004,41600.0,155468.359261,5.182278642,-30.000000000000004,30000 3000,1e-06,2,0.0 0.0259,0.0 0.0,-1.0 0.0,0.00054857 28.0,80000,1000,5e-10,0.0,0.0 0.0 0.0,1000 1000000 0,0,0.0,0,100,0,,10,,1,,,,1.0,10.0,0.1,False,{},,,False,3,mixed,250,300,True,Ar_Aubin,,False,uniform,Argon-Aubin-Test2/10Td,3.0000000000000005e+21,1.24938e+24,0.0,1.498351111111111e-13,1.4982911111111112e-13,0.0,0.0,0.0,0.0,0.0,0.0,0.0,0.0,0.0,0.0,0.0,0.0,0.0,2.2222222222222226e-19,0.0,0.0,0.0,0.0,0.0,0.0,0.0,0.0,0.0,1.5555555555555556e-18,2e-18,2.2222222222222226e-18,0.0,0.0,0.0,0.0,0.0,0.0,2159.6654045447085,126.22001136773879,1662.0392496287384,1363.8430785146927,1341.4506732728482,1917.3732777344003,-589.8631214664449,2495.854479934712,10713.740000000138,1.0713740000000138e+24,0.0,0.0
2.085e-05,155485.0,5.18282,3e+22,-1532.25,-455.98,8439.61,3.4583,3.46071,3.44622,0.00517446226,-0.000322069628,0.321414492,0.0972689051,0.0966008582,0.142835938,-0.000421493258,0.00183847708,0.000241712563,2601.72185,25.7628925,-1718.80804,-1560.94382,2691.77563,-1978.15127,1379.2211,-529.885848,2904.35709,41700.0,155484.726284,5.182824209,-30.000000000000004,30000 3000,1e-06,2,0.0 0.0259,0.0 0.0,-1.0 0.0,0.00054857 28.0,80000,1000,5e-10,0.0,0.0 0.0 0.0,1000 1000000 0,0,0.0,0,100,0,,10,,1,,,,1.0,10.0,0.1,False,{},,,False,3,mixed,250,300,True,Ar_Aubin,,False,uniform,Argon-Aubin-Test2/10Td,3.0000000000000005e+21,8.439610000000001e+23,0.0,1.498791111111111e-13,1.4987355555555558e-13,0.0,0.0,0.0,0.0,0.0,0.0,0.0,0.0,0.0,0.0,0.0,0.0,0.0,0.0,0.0,0.0,0.0,0.0,0.0,0.0,0.0,0.0,0.0,1.5555555555555556e-18,2.2222222222222226e-18,1.777777777777778e-18,0.0,0.0,0.0,0.0,0.0,0.0,2164.1401780390925,2609.6504197978848,1582.0692523113578,2691.6287726910246,1126.6286069527844,191.74412917187965,476.08445100823155,109.22997193288148,10103.59999999988,1.0103599999999882e+24,0.0,0.0
2.09e-05,155402.0,5.18008,3e+22,-3968.48,5486.34,15627.3,3.47659,3.45086,3.43106,0.00512202871,-0.000384527938,0.321777189,0.0975348869,0.0968164853,0.143157364,-0.000453199999,0.0017811671,0.00023266205,-188.70294,174.500656,345.048235,-184.886477,2184.04221,155.990866,-1102.84992,1950.59803,6475.35374,41800.0,155402.327167,5.180077572,-30.000000000000004,30000 3000,1e-06,2,0.0 0.0259,0.0 0.0,-1.0 0.0,0.00054857 28.0,80000,1000,5e-10,0.0,0.0 0.0 0.0,1000 1000000 0,0,0.0,0,100,0,,10,,1,,,,1.0,10.0,0.1,False,{},,,False,3,mixed,250,300,True,Ar_Aubin,,False,uniform,Argon-Aubin-Test2/10Td,3.0000000000000005e+21,1.5627300000000003e+24,0.0,1.4991088888888888e-13,1.49906e-13,0.0,0.0,0.0,0.0,0.0,0.0,0.0,0.0,0.0,0.0,0.0,0.0,4.444444444444445e-19,0.0,0.0,0.0,0.0,2.2222222222222226e-19,0.0,0.0,0.0,0.0,2.2222222222222226e-19,1.3333333333333336e-18,1.1111111111111113e-18,1.5555555555555556e-18,0.0,0.0,0.0,0.0,0.0,0.0,2665.216815741084,-168.3762715049392,2155.8296711017556,2186.151861007367,881.4230687634317,1446.845074340299,-846.296432200481,439.121174742937,7253.940000000459,7.25394000000046e+23,0.0,0.0
2.095e-05,155369.0,5.17896,3e+22,-14101.8,5497.65,5274.69,3.45851,3.45794,3.44001,0.00507416957,-0.000500324316,0.322278945,0.0976819086,0.0970205726,0.143611199,-0.000491433519,0.00176365604,0.000208690581,2516.29825,106.788505,632.85013,1207.26247,2903.29948,-12.5738963,-5441.42444,2909.97882,3304.2205,41900.0,155368.848275,5.178961609,-30.000000000000004,30000 3000,1e-06,2,0.0 0.0259,0.0 0.0,-1.0 0.0,0.00054857 28.0,80000,1000,5e-10,0.0,0.0 0.0 0.0,1000 1000000 0,0,0.0,0,100,0,,10,,1,,,,1.0,10.0,0.1,False,{},,,False,3,mixed,250,300,True,Ar_Aubin,,False,uniform,Argon-Aubin-Test2/10Td,3.0000000000000005e+21,5.2746900000000004e+23,0.0,1.4969333333333333e-13,1.496868888888889e-13,0.0,0.0,0.0,0.0,0.0,0.0,0.0,0.0,0.0,0.0,0.0,0.0,0.0,0.0,0.0,0.0,0.0,0.0,0.0,0.0,0.0,0.0,0.0,1.5555555555555556e-18,2.4444444444444447e-18,2.4444444444444447e-18,0.0,0.0,0.0,0.0,0.0,0.0,1475.0968128095233,2587.8531744422257,2039.8483731391693,2906.0500879758574,1306.7597042870639,1604.2989715979502,-93.14150979215091,-290.625754888184,10035.119999999288,1.0035119999999288e+24,0.0,0.0
2.1e-05,155395.0,5.17982,3e+22,-1709.1,1859.54,18029.5,3.46338,3.47643,3.41795,0.00501332194,-0.000481247309,0.32281645,0.0978298771,0.0972184279,0.144087623,-0.000514534245,0.00175341575,0.000215203614,2406.13716,234.681824,-1294.2548,-888.036055,2868.58198,2041.68141,-331.918289,731.058157,6899.85857,42000.0,155394.589524,5.179819651,-30.000000000000004,30000 3000,1e-06,2,0.0 0.0259,0.0 0.0,-1.0 0.0,0.00054857 28.0,80000,1000,5e-10,0.0,0.0 0.0 0.0,1000 1000000 0,0,0.0,0,100,0,,10,,1,,,,1.0,10.0,0.1,False,{},,,False,3,mixed,250,300,True,Ar_Aubin,,False,uniform,Argon-Aubin-Test2/10Td,3.0000000000000005e+21,1.80295e+24,0.0,1.4951155555555555e-13,1.4950555555555557e-13,0.0,0.0,0.0,0.0,0.0,0.0,0.0,0.0,0.0,0.0,0.0,0.0,0.0,0.0,0.0,0.0,0.0,2.2222222222222226e-19,0.0,0.0,0.0,0.0,2.2222222222222226e-19,8.88888888888889e-19,3.1111111111111112e-18,1.5555555555555556e-18,0.0,0.0,0.0,0.0,0.0,0.0,1485.8229995103056,2414.705428527654,1978.7402544876877,2869.476878620978,1296.8199971052918,1079.639384725001,133.4986878558141,-1164.83518222223,10750.099999999875,1.0750099999999875e+24,0.0,0.0
2.105e-05,155313.0,5.1771,3e+22,5239.45,-789.057,6954.17,3.43646,3.46482,3.45249,0.00501751003,-0.000483576746,0.323263745,0.0979879282,0.0975282168,0.144494006,-0.000504047449,0.00175385212,0.00021947102,1843.76407,-1796.11181,-1626.38225,-2050.18081,2194.03246,-2035.11103,2243.80273,522.332916,3204.10081,42100.0,155313.147772,5.177104926,-30.000000000000004,30000 3000,1e-06,2,0.0 0.0259,0.0 0.0,-1.0 0.0,0.00054857 28.0,80000,1000,5e-10,0.0,0.0 0.0 0.0,1000 1000000 0,0,0.0,0,100,0,,10,,1,,,,1.0,10.0,0.1,False,{},,,False,3,mixed,250,300,True,Ar_Aubin,,False,uniform,Argon-Aubin-Test2/10Td,3.0000000000000005e+21,6.95417e+23,0.0,1.49818e-13,1.4981155555555558e-13,0.0,0.0,0.0,0.0,0.0,0.0,0.0,0.0,0.0,0.0,0.0,0.0,0.0,0.0,0.0,0.0,0.0,0.0,0.0,0.0,2.2222222222222226e-19,0.0,4.444444444444445e-19,2.2222222222222226e-18,2e-18,1.5555555555555556e-18,0.0,0.0,0.0,0.0,0.0,0.0,1580.0908997293252,1817.4750770733165,3097.866525031412,2193.6508903835315,1173.94559177475,956.06977243335,-63.19842989899096,-1111.196366465575,8945.900000000285,8.945900000000287e+23,0.0,0.0
2.11e-05,155326.0,5.17754,3e+22,-734.813,1099.2,8669.7,3.46188,3.46395,3.42882,0.0049367024,-0.000510768857,0.323797648,0.0982180574,0.097730523,0.144927812,-0.000553218778,0.00172931688,0.000182537311,3440.65404,1129.97403,644.034146,94.7585032,135.59025,-1336.86337,-838.142183,-506.803863,3689.58232,42200.0,155326.291469,5.177543049,-30.000000000000004,30000 3000,1e-06,2,0.0 0.0259,0.0 0.0,-1.0 0.0,0.00054857 28.0,80000,1000,5e-10,0.0,0.0 0.0 0.0,1000 1000000 0,0,0.0,0,100,0,,10,,1,,,,1.0,10.0,0.1,False,{},,,False,3,mixed,250,300,True,Ar_Aubin,,False,uniform,Argon-Aubin-Test2/10Td,3.0000000000000005e+21,8.669700000000002e+23,0.0,1.4981355555555555e-13,1.4980755555555557e-13,0.0,0.0,0.0,0.0,0.0,0.0,0.0,0.0,0.0,0.0,0.0,0.0,0.0,0.0,0.0,0.0,0.0,0.0,0.0,0.0,0.0,0.0,2.2222222222222226e-19,1.777777777777778e-18,2.4444444444444447e-18,1.5555555555555556e-18,0.0,0.0,0.0,0.0,0.0,0.0,2309.3357631498448,3444.281593100651,2022.7916164398953,136.1516871276144,883.3798109310343,882.3538511344,-20.975662461857407,1.0229553225439076,10678.060000000045,1.0678060000000045e+24,0.0,0.0
2.115e-05,155454.0,5.18179,3e+22,2774.76,2793.72,11502.3,3.47143,3.46739,3.42392,0.00493541571,-0.000448011813,0.324368794,0.0984387952,0.0979638358,0.145411081,-0.00052481332,0.00174933339,0.000224708763,768.570679,3590.88298,225.517783,-227.944849,1384.58933,793.003728,2022.39373,519.262515,4749.54593,42300.0,155453.765288,5.181792176,-30.000000000000004,30000 3000,1e-06,2,0.0 0.0259,0.0 0.0,-1.0 0.0,0.00054857 28.0,80000,1000,5e-10,0.0,0.0 0.0 0.0,1000 1000000 0,0,0.0,0,100,0,,10,,1,,,,1.0,10.0,0.1,False,{},,,False,3,mixed,250,300,True,Ar_Aubin,,False,uniform,Argon-Aubin-Test2/10Td,3.0000000000000005e+21,1.1502299999999999e+24,0.0,1.4983711111111111e-13,1.4983266666666667e-13,0.0,0.0,0.0,0.0,0.0,0.0,0.0,0.0,0.0,0.0,0.0,0.0,0.0,0.0,0.0,0.0,0.0,0.0,0.0,0.0,2.2222222222222226e-19,0.0,4.444444444444445e-19,1.777777777777778e-18,1.1111111111111113e-18,8.88888888888889e-19,0.0,0.0,0.0,0.0,0.0,0.0,2207.5050235564886,754.8760849045204,2333.7297024068894,1385.8409495622143,1130.7132931745457,1018.5587507738,352.2858850920317,1291.0973260394267,11422.920000000448,1.1422920000000448e+24,0.0,0.0
2.12e-05,155633.0,5.18778,3e+22,6304.28,-7514.09,4950.11,3.48475,3.45241,3.43771,0.00491332429,-0.00052456564,0.325055517,0.0986551102,0.0982305397,0.145981966,-0.000498571888,0.00176319672,0.000230273878,1286.4774,525.357641,-1721.75114,1386.09992,1401.21501,-2951.53101,2647.36388,-409.016711,1601.26155,42400.0,155633.339604,5.187777987,-30.000000000000004,30000 3000,1e-06,2,0.0 0.0259,0.0 0.0,-1.0 0.0,0.00054857 28.0,80000,1000,5e-10,0.0,0.0 0.0 0.0,1000 1000000 0,0,0.0,0,100,0,,10,,1,,,,1.0,10.0,0.1,False,{},,,False,3,mixed,250,300,True,Ar_Aubin,,False,uniform,Argon-Aubin-Test2/10Td,3.0000000000000005e+21,4.9501100000000006e+23,0.0,1.5008333333333332e-13,1.500777777777778e-13,0.0,0.0,0.0,0.0,0.0,0.0,0.0,0.0,0.0,0.0,0.0,0.0,0.0,0.0,0.0,0.0,0.0,0.0,0.0,0.0,0.0,0.0,4.444444444444445e-19,1.3333333333333336e-18,1.3333333333333336e-18,2.4444444444444447e-18,0.0,0.0,0.0,0.0,0.0,0.0,2165.3257265182024,1255.5024279450388,2666.29445473926,1397.2733765701323,1249.1038887714467,-7.799015256870007,353.10008933491736,-1147.949750413932,13734.460000000005,1.3734460000000005e+24,0.0,0.0
2.125e-05,155668.0,5.18893,3e+22,2128.86,-2634.67,13798.5,3.51317,3.42771,3.43584,0.00493601564,-0.000687518819,0.32559833,0.0988258693,0.0984333919,0.146406079,-0.000467147696,0.00176681544,0.00014567469,2098.45727,782.238161,-1191.14595,-1308.8791,4617.17379,-244.449751,824.074461,-1360.74424,6290.60786,42500.0,155667.988039,5.188932935,-30.000000000000004,30000 3000,1e-06,2,0.0 0.0259,0.0 0.0,-1.0 0.0,0.00054857 28.0,80000,1000,5e-10,0.0,0.0 0.0 0.0,1000 1000000 0,0,0.0,0,100,0,,10,,1,,,,1.0,10.0,0.1,False,{},,,False,3,mixed,250,300,True,Ar_Aubin,,False,uniform,Argon-Aubin-Test2/10Td,3.0000000000000005e+21,1.37985e+24,0.0,1.4996755555555554e-13,1.499617777777778e-13,0.0,0.0,0.0,0.0,0.0,0.0,0.0,0.0,0.0,0.0,0.0,0.0,0.0,0.0,0.0,0.0,0.0,0.0,0.0,0.0,0.0,0.0,2.2222222222222226e-19,2.2222222222222226e-18,2e-18,1.3333333333333336e-18,0.0,0.0,0.0,0.0,0.0,0.0,1705.356051803636,2087.9491837446294,2026.5468698418833,4615.362404793145,709.2963334841273,1797.8393034950004,-128.73123926547026,-1128.33436161234,10856.259999999507,1.0856259999999508e+24,0.0,0.0
2.13e-05,155702.0,5.19008,3e+22,-4830.31,1685.16,7584.73,3.43844,3.46916,3.47208,0.0049624949,-0.000587091467,0.326066444,0.0990011805,0.0986781432,0.146839698,-0.000474411174,0.00181310462,0.000154466936,3569.28793,-1447.53292,-492.122412,2350.33181,517.019154,-794.038911,-758.177084,172.54886,3787.03418,42600.0,155702.396991,5.1900799,-30.000000000000004,30000 3000,1e-06,2,0.0 0.0259,0.0 0.0,-1.0 0.0,0.00054857 28.0,80000,1000,5e-10,0.0,0.0 0.0 0.0,1000 1000000 0,0,0.0,0,100,0,,10,,1,,,,1.0,10.0,0.1,False,{},,,False,3,mixed,250,300,True,Ar_Aubin,,False,uniform,Argon-Aubin-Test2/10Td,3.0000000000000005e+21,7.58473e+23,0.0,1.5000133333333334e-13,1.499968888888889e-13,0.0,0.0,0.0,0.0,0.0,0.0,0.0,0.0,0.0,0.0,0.0,0.0,0.0,0.0,0.0,0.0,0.0,0.0,0.0,0.0,0.0,0.0,4.444444444444445e-19,1.3333333333333336e-18,1.5555555555555556e-18,1.1111111111111113e-18,0.0,0.0,0.0,0.0,0.0,0.0,1750.490947658029,3593.258318740419,2448.7930573585672,518.0084970565297,1285.6559598374563,1313.9082401998803,706.8912765349116,287.0633251747631,9362.28000000039,9.362280000000391e+23,0.0,0.0
2.135e-05,155597.0,5.18655,3e+22,-8078.01,-413.66,6428.87,3.44984,3.45171,3.47095,0.0048249723,-0.000615289941,0.326505386,0.0992158089,0.0987957199,0.147259242,-0.000510598564,0.00177580709,0.000161880699,1112.36783,-1394.0434,-532.159339,-1070.96459,3488.45132,-1865.22239,-2626.60189,-267.636416,3891.92665,42700.0,155596.593974,5.186553132,-30.000000000000004,30000 3000,1e-06,2,0.0 0.0259,0.0 0.0,-1.0 0.0,0.00054857 28.0,80000,1000,5e-10,0.0,0.0 0.0 0.0,1000 1000000 0,0,0.0,0,100,0,,10,,1,,,,1.0,10.0,0.1,False,{},,,False,3,mixed,250,300,True,Ar_Aubin,,False,uniform,Argon-Aubin-Test2/10Td,3.0000000000000005e+21,6.428870000000001e+23,0.0,1.5017022222222222e-13,1.5016355555555557e-13,0.0,0.0,0.0,0.0,0.0,0.0,0.0,0.0,0.0,0.0,0.0,0.0,0.0,0.0,0.0,0.0,0.0,0.0,0.0,0.0,0.0,0.0,2.2222222222222226e-19,2.888888888888889e-18,1.1111111111111113e-18,2.4444444444444447e-18,0.0,0.0,0.0,0.0,0.0,0.0,2159.7439793676067,1151.3440044891229,1175.4279467912631,3488.1967991630063,1331.028157961628,1792.8659691061798,108.52184320655958,-552.2665755084404,8778.839999999955,8.778839999999954e+23,0.0,0.0
2.14e-05,155675.0,5.18916,3e+22,4251.9,-4401.89,13971.9,3.45421,3.4671,3.45568,0.00481666204,-0.00064863264,0.327114595,0.099370299,0.0990394978,0.147822793,-0.000540615034,0.00176555954,0.000165038536,2482.84358,-177.564363,2381.15808,955.166633,1563.14483,-2443.95209,2281.69621,-1268.82417,4621.1468,42800.0,155674.708216,5.189156941,-30.000000000000004,30000 3000,1e-06,2,0.0 0.0259,0.0 0.0,-1.0 0.0,0.00054857 28.0,80000,1000,5e-10,0.0,0.0 0.0 0.0,1000 1000000 0,0,0.0,0,100,0,,10,,1,,,,1.0,10.0,0.1,False,{},,,False,3,mixed,250,300,True,Ar_Aubin,,False,uniform,Argon-Aubin-Test2/10Td,3.0000000000000005e+21,1.39719e+24,0.0,1.5000333333333333e-13,1.4999711111111114e-13,0.0,0.0,0.0,0.0,0.0,0.0,0.0,0.0,0.0,0.0,0.0,0.0,0.0,0.0,0.0,0.0,0.0,0.0,0.0,0.0,2.2222222222222226e-19,0.0,2.2222222222222226e-19,1.777777777777778e-18,2e-18,2e-18,0.0,0.0,0.0,0.0,0.0,0.0,1545.702244881847,2462.363614672124,2437.3575740982424,1560.2896204683104,1653.5982499496506,50.73439011950086,-209.37118431331967,3204.6978231628245,12184.17999999999,1.218417999999999e+24,0.0,0.0
2.145e-05,155651.0,5.18836,3e+22,7782.16,4330.44,14608.8,3.45879,3.42334,3.49292,0.00480785218,-0.000658720715,0.327568701,0.0995596548,0.0992933646,0.148224993,-0.000535702892,0.00179142916,0.000165159372,2325.46969,-1459.72824,-2737.97046,-249.746496,3798.84368,-196.297618,2986.75071,1692.5032,6584.5633,42900.0,155650.744072,5.188358136,-30.000000000000004,30000 3000,1e-06,2,0.0 0.0259,0.0 0.0,-1.0 0.0,0.00054857 28.0,80000,1000,5e-10,0.0,0.0 0.0 0.0,1000 1000000 0,0,0.0,0,100,0,,10,,1,,,,1.0,10.0,0.1,False,{},,,False,3,mixed,250,300,True,Ar_Aubin,,False,uniform,Argon-Aubin-Test2/10Td,3.0000000000000005e+21,1.46088e+24,0.0,1.5012844444444445e-13,1.5012311111111112e-13,0.0,0.0,0.0,0.0,0.0,0.0,0.0,0.0,0.0,0.0,0.0,0.0,0.0,0.0,0.0,0.0,0.0,0.0,0.0,0.0,0.0,0.0,0.0,1.5555555555555556e-18,1.5555555555555556e-18,2.2222222222222226e-18,0.0,0.0,0.0,0.0,0.0,0.0,1894.4059062284136,2288.054215078891,2538.5361132131134,3801.6962305330644,1049.0438718660512,1799.1776608312002,531.3635852771106,-2370.6487431013443,9082.120000000194,9.082120000000194e+23,0.0,0.0
2.15e-05,155649.0,5.18829,3e+22,-6.59448,4710.51,6549.08,3.42695,3.50853,3.44072,0.00496585289,-0.000560018739,0.328141427,0.0997743194,0.0995194432,0.148708641,-0.000520802772,0.00186086594,0.000124727705,3619.541,-80.0600949,3926.31497,979.480726,1177.1869,-1252.35692,25.7931799,-416.155815,1859.82071,43000.0,155648.552704,5.18828509,-30.000000000000004,30000 3000,1e-06,2,0.0 0.0259,0.0 0.0,-1.0 0.0,0.00054857 28.0,80000,1000,5e-10,0.0,0.0 0.0 0.0,1000 1000000 0,0,0.0,0,100,0,,10,,1,,,,1.0,10.0,0.1,False,{},,,False,3,mixed,250,300,True,Ar_Aubin,,False,uniform,Argon-Aubin-Test2/10Td,3.0000000000000005e+21,6.54908e+23,0.0,1.5005044444444443e-13,1.5004355555555556e-13,0.0,0.0,0.0,0.0,0.0,0.0,0.0,0.0,0.0,0.0,0.0,0.0,0.0,0.0,0.0,0.0,0.0,0.0,0.0,2.2222222222222226e-19,0.0,0.0,0.0,2.888888888888889e-18,2e-18,1.777777777777778e-18,0.0,0.0,0.0,0.0,0.0,0.0,2131.2034765962053,3619.573747217566,2261.9889199233803,1179.8248738702468,1081.0576123110316,-289.20374673716015,296.7323921188904,3921.7503041326813,11454.519999999358,1.145451999999936e+24,0.0,0.0
2.155e-05,155702.0,5.19006,3e+22,-1366.56,34.5321,11361.1,3.48245,3.47271,3.42422,0.00497429442,-0.000562415091,0.328783605,0.100033477,0.0998733589,0.14920902,-0.000468267106,0.00185178149,7.88872275e-05,2237.70426,-40.1344683,1133.50892,-751.90579,3841.06357,1870.40705,666.079697,939.773483,5041.24475,43100.0,155701.895555,5.190063185,-30.000000000000004,30000 3000,1e-06,2,0.0 0.0259,0.0 0.0,-1.0 0.0,0.00054857 28.0,80000,1000,5e-10,0.0,0.0 0.0 0.0,1000 1000000 0,0,0.0,0,100,0,,10,,1,,,,1.0,10.0,0.1,False,{},,,False,3,mixed,250,300,True,Ar_Aubin,,False,uniform,Argon-Aubin-Test2/10Td,3.0000000000000005e+21,1.1361100000000002e+24,0.0,1.5009466666666665e-13,1.5008755555555557e-13,0.0,0.0,0.0,0.0,0.0,0.0,0.0,0.0,0.0,0.0,0.0,0.0,0.0,0.0,0.0,0.0,0.0,0.0,0.0,0.0,2.2222222222222226e-19,0.0,2.2222222222222226e-19,2e-18,2.2222222222222226e-18,2.4444444444444447e-18,0.0,0.0,0.0,0.0,0.0,0.0,2590.736899482776,2244.501931782595,3539.1301025343437,3841.0829913741636,785.1619680029899,1305.9013352345,-300.97696284620434,2192.3776839137377,12843.559999999865,1.2843559999999866e+24,0.0,0.0
2.16e-05,155796.0,5.19319,3e+22,2997.34,1966.87,9398.14,3.43386,3.47595,3.47599,0.00494783649,-0.000639217517,0.329354483,0.10023756,0.10012223,0.149679899,-0.00046939782,0.00187049128,2.75098529e-05,2620.67629,20.8099114,450.533045,-99.3195934,3889.57667,2492.00736,645.034671,1927.45001,4409.84127,43200.0,155795.57041,5.19318568,-30.000000000000004,30000 3000,1e-06,2,0.0 0.0259,0.0 0.0,-1.0 0.0,0.00054857 28.0,80000,1000,5e-10,0.0,0.0 0.0 0.0,1000 1000000 0,0,0.0,0,100,0,,10,,1,,,,1.0,10.0,0.1,False,{},,,False,3,mixed,250,300,True,Ar_Aubin,,False,uniform,Argon-Aubin-Test2/10Td,3.0000000000000005e+21,9.39814e+23,0.0,1.4985244444444444e-13,1.4984733333333335e-13,0.0,0.0,0.0,0.0,0.0,0.0,0.0,0.0,0.0,0.0,0.0,0.0,0.0,0.0,0.0,0.0,0.0,0.0,0.0,0.0,0.0,2.2222222222222226e-19,0.0,1.3333333333333336e-18,2e-18,1.5555555555555556e-18,0.0,0.0,0.0,0.0,0.0,0.0,2043.455190450655,2605.8459417750632,2487.7881170055907,3890.8339277576615,951.6244459874257,1314.5217291383801,491.6822521299847,61.879889894651456,11417.559999999938,1.1417559999999939e+24,0.0,0.0
2.165e-05,155743.0,5.19142,3e+22,4891.58,-4472.31,15395.1,3.43745,3.49224,3.45155,0.00493948354,-0.000845450761,0.329665123,0.100467224,0.100388446,0.149958493,-0.000413282699,0.00183772012,-3.29458845e-05,1895.19027,-1070.72801,-3260.95253,-739.973746,3263.01959,805.49988,1308.01233,-999.239391,5302.50053,43300.0,155742.718666,5.191423956,-30.000000000000004,30000 3000,1e-06,2,0.0 0.0259,0.0 0.0,-1.0 0.0,0.00054857 28.0,80000,1000,5e-10,0.0,0.0 0.0 0.0,1000 1000000 0,0,0.0,0,100,0,,10,,1,,,,1.0,10.0,0.1,False,{},,,False,3,mixed,250,300,True,Ar_Aubin,,False,uniform,Argon-Aubin-Test2/10Td,3.0000000000000005e+21,1.5395100000000002e+24,0.0,1.5023066666666665e-13,1.5022711111111113e-13,0.0,0.0,0.0,0.0,0.0,0.0,0.0,0.0,0.0,0.0,0.0,0.0,0.0,2.2222222222222226e-19,0.0,0.0,0.0,0.0,0.0,0.0,0.0,0.0,0.0,8.88888888888889e-19,1.1111111111111113e-18,1.3333333333333336e-18,0.0,0.0,0.0,0.0,0.0,0.0,2297.4658828983643,1871.0283911054069,2659.098120447595,3259.238472107072,738.7614959214472,227.2729949026998,-631.0895927618114,-3641.567365410994,6212.800000000574,6.212800000000575e+23,0.0,0.0
2.17e-05,155848.0,5.19495,3e+22,-4863.89,-2548.4,4599.81,3.46591,3.47564,3.44806,0.00487347227,-0.000804189333,0.330283515,0.100634654,0.100600817,0.150475778,-0.000462970709,0.0017798317,-2.65016179e-06,1471.00904,1285.71898,-1839.47676,-1143.12366,2524.31397,63.8662777,-1540.39838,392.277779,3813.61841,43400.0,155848.4171,5.194947237,-30.000000000000004,30000 3000,1e-06,2,0.0 0.0259,0.0 0.0,-1.0 0.0,0.00054857 28.0,80000,1000,5e-10,0.0,0.0 0.0 0.0,1000 1000000 0,0,0.0,0,100,0,,10,,1,,,,1.0,10.0,0.1,False,{},,,False,3,mixed,250,300,True,Ar_Aubin,,False,uniform,Argon-Aubin-Test2/10Td,3.0000000000000005e+21,4.599810000000001e+23,0.0,1.502551111111111e-13,1.5024933333333334e-13,0.0,0.0,0.0,0.0,0.0,0.0,0.0,0.0,0.0,0.0,0.0,0.0,0.0,0.0,0.0,0.0,0.0,0.0,0.0,0.0,0.0,0.0,2.2222222222222226e-19,1.1111111111111113e-18,1.1111111111111113e-18,3.3333333333333337e-18,0.0,0.0,0.0,0.0,0.0,0.0,1680.7776567548394,1494.7130730393303,2124.3906650596223,2522.264573903783,1091.780418498861,2294.37699486785,-782.8104564010794,-1795.8295007089187,12367.840000000464,1.2367840000000465e+24,0.0,0.0
2.175e-05,155769.0,5.19231,3e+22,-7835.16,387.633,14622.4,3.49333,3.43279,3.45695,0.0049193441,-0.000863671529,0.330640198,0.100822537,0.100796826,0.150864098,-0.000443478583,0.00181533586,-8.75128044e-06,1603.97804,-1042.95773,-381.840978,997.061587,2063.20404,327.231123,-3838.93778,1416.3306,5599.43005,43500.0,155769.399494,5.192313316,-30.000000000000004,30000 3000,1e-06,2,0.0 0.0259,0.0 0.0,-1.0 0.0,0.00054857 28.0,80000,1000,5e-10,0.0,0.0 0.0 0.0,1000 1000000 0,0,0.0,0,100,0,,10,,1,,,,1.0,10.0,0.1,False,{},,,False,3,mixed,250,300,True,Ar_Aubin,,False,uniform,Argon-Aubin-Test2/10Td,3.0000000000000005e+21,1.46224e+24,0.0,1.5026377777777778e-13,1.5025911111111112e-13,0.0,0.0,0.0,0.0,0.0,0.0,0.0,0.0,0.0,0.0,0.0,0.0,0.0,0.0,0.0,0.0,0.0,0.0,0.0,2.2222222222222226e-19,0.0,2.2222222222222226e-19,0.0,8.88888888888889e-19,1.777777777777778e-18,1.5555555555555556e-18,0.0,0.0,0.0,0.0,0.0,0.0,1874.3378559225866,1642.521888118556,1959.0979197331437,2063.538827585801,1525.797472760465,764.6768187648004,371.9760867299535,-1702.0925214061608,7133.659999999376,7.133659999999376e+23,0.0,0.0
2.18e-05,155535.0,5.18449,3e+22,-1703.66,-2461.62,266.249,3.46473,3.46431,3.43988,0.00484747056,-0.000962636104,0.33097262,0.101025005,0.101024292,0.151210077,-0.000350438458,0.0017477272,2.52358857e-05,2643.61329,-1216.25815,237.8527,849.939301,3116.56443,411.462869,194.495186,-254.877984,2350.50079,43600.0,155534.5651,5.184485503,-30.000000000000004,30000 3000,1e-06,2,0.0 0.0259,0.0 0.0,-1.0 0.0,0.00054857 28.0,80000,1000,5e-10,0.0,0.0 0.0 0.0,1000 1000000 0,0,0.0,0,100,0,,10,,1,,,,1.0,10.0,0.1,False,{},,,False,3,mixed,250,300,True,Ar_Aubin,,False,uniform,Argon-Aubin-Test2/10Td,3.0000000000000005e+21,2.6624900000000002e+22,0.0,1.502251111111111e-13,1.5021777777777778e-13,0.0,0.0,0.0,0.0,0.0,0.0,0.0,0.0,0.0,0.0,0.0,0.0,0.0,0.0,0.0,0.0,0.0,0.0,0.0,0.0,0.0,0.0,4.444444444444445e-19,1.5555555555555556e-18,2.2222222222222226e-18,3.1111111111111112e-18,0.0,0.0,0.0,0.0,0.0,0.0,2031.6997554413463,2651.8717316942493,2272.8526024126672,3114.1947857136715,1260.443438148018,2262.37966089762,-909.1156872387089,994.9220656000707,6648.439999999978,6.648439999999978e+23,0.0,0.0
2.185e-05,155535.0,5.18451,3e+22,6785.82,2970.73,11230.9,3.49844,3.47246,3.39708,0.00472450099,-0.00101834575,0.331499597,0.101231625,0.101311238,0.151693347,-0.000369487101,0.00166081093,6.738804e-06,2924.24676,-3277.98449,-2120.84845,-3101.32855,1273.40275,554.356503,1588.17313,702.086585,5386.0215,43700.0,155535.189631,5.184506321,-30.000000000000004,30000 3000,1e-06,2,0.0 0.0259,0.0 0.0,-1.0 0.0,0.00054857 28.0,80000,1000,5e-10,0.0,0.0 0.0 0.0,1000 1000000 0,0,0.0,0,100,0,,10,,1,,,,1.0,10.0,0.1,False,{},,,False,3,mixed,250,300,True,Ar_Aubin,,False,uniform,Argon-Aubin-Test2/10Td,3.0000000000000005e+21,1.1230900000000001e+24,0.0,1.499911111111111e-13,1.499848888888889e-13,0.0,0.0,0.0,0.0,0.0,0.0,0.0,0.0,0.0,0.0,0.0,0.0,0.0,0.0,0.0,0.0,0.0,0.0,0.0,0.0,0.0,0.0,2.2222222222222226e-19,2e-18,1.5555555555555556e-18,2.4444444444444447e-18,0.0,0.0,0.0,0.0,0.0,0.0,2077.97061225562,2892.1871466920384,2868.3564020218214,1276.4279802698975,1341.6237850200075,1662.9826760527003,-974.128251900676,-2835.232313483131,10539.53999999968,1.053953999999968e+24,0.0,0.0
2.19e-05,155764.0,5.19212,3e+22,966.668,-6450.1,10729.2,3.49122,3.43984,3.45229,0.00476582378,-0.000918747317,0.332166826,0.101419985,0.101518931,0.152222969,-0.000399958128,0.00164735351,-7.736346e-06,2080.99306,375.986768,2307.9925,-1131.42441,3279.10731,-189.514544,-144.786792,-4326.17864,2198.86606,43800.0,155763.559729,5.192118658,-30.000000000000004,30000 3000,1e-06,2,0.0 0.0259,0.0 0.0,-1.0 0.0,0.00054857 28.0,80000,1000,5e-10,0.0,0.0 0.0 0.0,1000 1000000 0,0,0.0,0,100,0,,10,,1,,,,1.0,10.0,0.1,False,{},,,False,3,mixed,250,300,True,Ar_Aubin,,False,uniform,Argon-Aubin-Test2/10Td,3.0000000000000005e+21,1.0729200000000002e+24,0.0,1.498871111111111e-13,1.498828888888889e-13,0.0,0.0,0.0,0.0,0.0,0.0,0.0,0.0,0.0,0.0,0.0,0.0,0.0,0.0,0.0,0.0,0.0,0.0,0.0,0.0,0.0,0.0,0.0,8.88888888888889e-19,1.5555555555555556e-18,1.777777777777778e-18,0.0,0.0,0.0,0.0,0.0,0.0,1879.6783330249368,2076.386090658235,2078.859314340598,3273.1812979306183,868.0451624810959,-1365.0182495192007,-606.7160813364326,1790.9771901438558,13344.580000000939,1.334458000000094e+24,0.0,0.0
2.195e-05,155850.0,5.19499,3e+22,-1421.11,1571.05,17205.1,3.46646,3.42891,3.49291,0.00478788968,-0.000788616329,0.33282771,0.101653274,0.101708653,0.152739821,-0.000419258164,0.00163328902,4.05620836e-05,1823.0867,-221.627875,-2043.54139,-791.97856,2551.36305,2731.94111,-1165.99038,601.667408,7429.15884,43900.0,155849.797199,5.19499324,-30.000000000000004,30000 3000,1e-06,2,0.0 0.0259,0.0 0.0,-1.0 0.0,0.00054857 28.0,80000,1000,5e-10,0.0,0.0 0.0 0.0,1000 1000000 0,0,0.0,0,100,0,,10,,1,,,,1.0,10.0,0.1,False,{},,,False,3,mixed,250,300,True,Ar_Aubin,,False,uniform,Argon-Aubin-Test2/10Td,3.0000000000000005e+21,1.72051e+24,0.0,1.5028755555555556e-13,1.502806666666667e-13,0.0,0.0,0.0,0.0,0.0,0.0,0.0,0.0,0.0,0.0,0.0,0.0,2.2222222222222226e-19,0.0,0.0,0.0,0.0,0.0,0.0,0.0,0.0,0.0,4.444444444444445e-19,8.88888888888889e-19,2.666666666666667e-18,2.666666666666667e-18,0.0,0.0,0.0,0.0,0.0,0.0,2330.78188714167,1829.8908179031448,1899.4418091811128,2552.6020056836755,773.6775107018701,1702.8248066790002,-491.16579298220597,-2818.923103775268,13217.679999999455,1.3217679999999454e+24,0.0,0.0
2.2e-05,155834.0,5.19447,3e+22,-1900.86,-322.812,7670.13,3.47752,3.46023,3.45084,0.00481757109,-0.000897556567,0.333407745,0.101854901,0.10185399,0.153261762,-0.000388736881,0.00162120683,2.10448088e-05,826.933093,-270.348126,1190.11588,-1780.03595,2872.43037,1419.27784,-848.204765,781.457681,4438.03646,44000.0,155834.216913,5.194473897,-30.000000000000004,30000 3000,1e-06,2,0.0 0.0259,0.0 0.0,-1.0 0.0,0.00054857 28.0,80000,1000,5e-10,0.0,0.0 0.0 0.0,1000 1000000 0,0,0.0,0,100,0,,10,,1,,,,1.0,10.0,0.1,False,{},,,False,3,mixed,250,300,True,Ar_Aubin,,False,uniform,Argon-Aubin-Test2/10Td,3.0000000000000005e+21,7.67013e+23,0.0,1.50136e-13,1.501286666666667e-13,0.0,0.0,0.0,0.0,0.0,0.0,0.0,0.0,0.0,0.0,0.0,0.0,0.0,0.0,0.0,0.0,0.0,2.2222222222222226e-19,0.0,0.0,2.2222222222222226e-19,0.0,2.2222222222222226e-19,3.3333333333333337e-18,1.3333333333333336e-18,2e-18,0.0,0.0,0.0,0.0,0.0,0.0,2013.4189638063017,836.0906211821374,1451.5330792341797,2872.140627969494,1355.0111785907982,1880.7557128431504,-495.1069113411826,938.7211646161584,11600.699999999575,1.1600699999999575e+24,0.0,0.0
2.205e-05,155748.0,5.19159,3e+22,-1316.95,387.068,6904.44,3.46592,3.45272,3.46427,0.00476596847,-0.000697958011,0.333826346,0.10209921,0.101999479,0.15369806,-0.000395774374,0.00161267824,0.000126011883,3024.14693,1613.98913,716.542093,448.53662,1322.56094,245.31528,185.784205,-951.57316,2593.28017,44100.0,155747.747693,5.19159159,-30.000000000000004,30000 3000,1e-06,2,0.0 0.0259,0.0 0.0,-1.0 0.0,0.00054857 28.0,80000,1000,5e-10,0.0,0.0 0.0 0.0,1000 1000000 0,0,0.0,0,100,0,,10,,1,,,,1.0,10.0,0.1,False,{},,,False,3,mixed,250,300,True,Ar_Aubin,,False,uniform,Argon-Aubin-Test2/10Td,3.0000000000000005e+21,6.90444e+23,0.0,1.5056355555555555e-13,1.5055755555555557e-13,0.0,0.0,0.0,0.0,0.0,0.0,0.0,0.0,0.0,0.0,0.0,0.0,0.0,0.0,0.0,0.0,0.0,0.0,0.0,0.0,2.2222222222222226e-19,0.0,0.0,1.1111111111111113e-18,1.777777777777778e-18,2.888888888888889e-18,0.0,0.0,0.0,0.0,0.0,0.0,2448.0353575016825,3030.4234721765665,1458.0746240584754,1322.8310972114018,1569.9314227329842,288.39619362376015,133.62168005562856,1309.0525610216932,8372.02000000037,8.372020000000371e+23,0.0,0.0
2.21e-05,155803.0,5.19342,3e+22,-2766.6,2135.73,7682.79,3.45915,3.47037,3.45692,0.00465926791,-0.000732997506,0.334344038,0.102350836,0.102203468,0.154125651,-0.000389903627,0.00158499456,0.000111695919,2789.28385,-580.181562,398.131652,-1678.05817,1627.08022,565.837107,-386.831322,-870.235807,2638.25752,44200.0,155802.644541,5.193421485,-30.000000000000004,30000 3000,1e-06,2,0.0 0.0259,0.0 0.0,-1.0 0.0,0.00054857 28.0,80000,1000,5e-10,0.0,0.0 0.0 0.0,1000 1000000 0,0,0.0,0,100,0,,10,,1,,,,1.0,10.0,0.1,False,{},,,False,3,mixed,250,300,True,Ar_Aubin,,False,uniform,Argon-Aubin-Test2/10Td,3.0000000000000005e+21,7.68279e+23,0.0,1.50474e-13,1.504688888888889e-13,0.0,0.0,0.0,0.0,0.0,0.0,0.0,0.0,0.0,0.0,0.0,0.0,0.0,0.0,0.0,0.0,0.0,0.0,0.0,0.0,0.0,0.0,4.444444444444445e-19,2e-18,8.88888888888889e-19,1.777777777777778e-18,0.0,0.0,0.0,0.0,0.0,0.0,2526.316779998955,2802.174180599806,2039.3886004131668,1628.6457047634894,816.8453756626782,69.5624882939801,110.47424676180214,900.5003686245311,10353.84000000028,1.0353840000000281e+24,0.0,0.0
2.215e-05,155719.0,5.19063,3e+22,1386.37,3850.37,1556.24,3.46623,3.46325,3.45167,0.00467979573,-0.000757859115,0.334833912,0.102617889,0.102400251,0.154597111,-0.00038525398,0.00156394272,0.000106090192,2544.71717,-3703.36441,1569.43246,-182.585624,1795.13602,-138.022917,1593.97039,1420.61795,2278.0932,44300.0,155718.871102,5.190629037,-30.000000000000004,30000 3000,1e-06,2,0.0 0.0259,0.0 0.0,-1.0 0.0,0.00054857 28.0,80000,1000,5e-10,0.0,0.0 0.0 0.0,1000 1000000 0,0,0.0,0,100,0,,10,,1,,,,1.0,10.0,0.1,False,{},,,False,3,mixed,250,300,True,Ar_Aubin,,False,uniform,Argon-Aubin-Test2/10Td,3.0000000000000005e+21,1.5562400000000002e+23,0.0,1.50386e-13,1.503788888888889e-13,0.0,0.0,0.0,0.0,0.0,0.0,0.0,0.0,0.0,0.0,0.0,0.0,0.0,2.2222222222222226e-19,0.0,0.0,0.0,0.0,0.0,0.0,0.0,0.0,4.444444444444445e-19,2.4444444444444447e-18,1.3333333333333336e-18,2.666666666666667e-18,0.0,0.0,0.0,0.0,0.0,0.0,2668.6128938262223,2538.2292415938,1967.4593490560944,1798.0540580006225,1436.4712092171385,1757.0112727891196,-604.1540896715125,2691.9162741137047,9797.480000000025,9.797480000000026e+23,0.0,0.0
2.22e-05,155471.0,5.18236,3e+22,-1489.26,-1706.24,3698.14,3.4419,3.4436,3.47911,0.00451978107,-0.000651903091,0.335267086,0.102878031,0.102635394,0.155016351,-0.000420314133,0.00154538893,0.000135838836,1416.98206,184.887499,-367.961994,532.796332,3961.70437,16.1920948,-123.359547,-1845.06104,3191.02659,44400.0,155470.779319,5.182359311,-30.000000000000004,30000 3000,1e-06,2,0.0 0.0259,0.0 0.0,-1.0 0.0,0.00054857 28.0,80000,1000,5e-10,0.0,0.0 0.0 0.0,1000 1000000 0,0,0.0,0,100,0,,10,,1,,,,1.0,10.0,0.1,False,{},,,False,3,mixed,250,300,True,Ar_Aubin,,False,uniform,Argon-Aubin-Test2/10Td,3.0000000000000005e+21,3.69814e+23,0.0,1.50272e-13,1.5026266666666667e-13,0.0,0.0,0.0,0.0,0.0,0.0,0.0,0.0,0.0,0.0,0.0,0.0,0.0,0.0,0.0,0.0,0.0,0.0,0.0,0.0,0.0,0.0,2.2222222222222226e-19,2.888888888888889e-18,2.4444444444444447e-18,3.777777777777778e-18,0.0,0.0,0.0,0.0,0.0,0.0,2616.1406715378976,1423.7131891563083,2352.9237279813765,3960.592066870012,1289.6967029234208,1951.16196857996,661.333858798679,-8.736463669849854,8663.479999999612,8.663479999999613e+23,0.0,0.0
2.225e-05,155307.0,5.17691,3e+22,-3789.85,-2619.86,9431.45,3.42155,3.45793,3.47372,0.00463128912,-0.000682244142,0.335708816,0.103085722,0.102768727,0.155451381,-0.000411204591,0.00157423174,6.15061707e-05,1235.20149,-2031.8758,-1066.41147,-1155.24591,1081.82537,-2112.77908,-2832.65502,-1735.8586,4187.41406,44500.0,155307.332506,5.176911084,-30.000000000000004,30000 3000,1e-06,2,0.0 0.0259,0.0 0.0,-1.0 0.0,0.00054857 28.0,80000,1000,5e-10,0.0,0.0 0.0 0.0,1000 1000000 0,0,0.0,0,100,0,,10,,1,,,,1.0,10.0,0.1,False,{},,,False,3,mixed,250,300,True,Ar_Aubin,,False,uniform,Argon-Aubin-Test2/10Td,3.0000000000000005e+21,9.431450000000002e+23,0.0,1.5029822222222222e-13,1.5029044444444447e-13,0.0,0.0,0.0,0.0,0.0,0.0,0.0,0.0,0.0,0.0,0.0,0.0,0.0,0.0,0.0,0.0,2.2222222222222226e-19,0.0,0.0,0.0,0.0,0.0,2.2222222222222226e-19,1.777777777777778e-18,3.3333333333333337e-18,2.2222222222222226e-18,0.0,0.0,0.0,0.0,0.0,0.0,2066.7058200771194,1252.753381071432,1332.9252057076026,1080.03798586214,1386.3981480952136,1021.1931473367995,-211.75896664039908,-2670.4602054532243,8834.60000000058,8.834600000000582e+23,0.0,0.0
2.23e-05,155282.0,5.17608,3e+22,-4293.31,1846.26,7225.7,3.4631,3.43794,3.4507,0.00457381957,-0.000609336275,0.336180869,0.103344853,0.102996299,0.155874256,-0.000383617091,0.00153548016,8.94280873e-05,2240.61194,-1346.9454,-2346.46617,2253.49882,1988.3861,201.763078,-2127.21192,1763.48958,2351.86627,44600.0,155282.35579,5.176078526,-30.000000000000004,30000 3000,1e-06,2,0.0 0.0259,0.0 0.0,-1.0 0.0,0.00054857 28.0,80000,1000,5e-10,0.0,0.0 0.0 0.0,1000 1000000 0,0,0.0,0,100,0,,10,,1,,,,1.0,10.0,0.1,False,{},,,False,3,mixed,250,300,True,Ar_Aubin,,False,uniform,Argon-Aubin-Test2/10Td,3.0000000000000005e+21,7.225700000000001e+23,0.0,1.4988e-13,1.4987422222222222e-13,0.0,0.0,0.0,0.0,0.0,0.0,0.0,0.0,0.0,0.0,0.0,0.0,0.0,0.0,0.0,0.0,0.0,2.2222222222222226e-19,0.0,0.0,0.0,0.0,4.444444444444445e-19,2e-18,1.5555555555555556e-18,1.5555555555555556e-18,0.0,0.0,0.0,0.0,0.0,0.0,2596.6001345410773,2260.2487652980763,2276.6616637324987,1989.5110931910815,1057.0745852671316,-77.2758351333,-432.35261325848523,-3063.398451380559,9441.059999999447,9.441059999999447e+23,0.0,0.0
2.235e-05,155340.0,5.178,3e+22,-3654.12,4458.59,8013.9,3.43705,3.46633,3.45206,0.00450944023,-0.000512048784,0.336707159,0.10361323,0.103161404,0.156358879,-0.000373715292,0.00152003382,0.000189534288,1499.10209,768.05961,-514.921196,1391.68449,-16.3383146,1967.83864,-1170.88058,3256.79314,4358.02606,44700.0,155339.944166,5.177998139,-30.000000000000004,30000 3000,1e-06,2,0.0 0.0259,0.0 0.0,-1.0 0.0,0.00054857 28.0,80000,1000,5e-10,0.0,0.0 0.0 0.0,1000 1000000 0,0,0.0,0,100,0,,10,,1,,,,1.0,10.0,0.1,False,{},,,False,3,mixed,250,300,True,Ar_Aubin,,False,uniform,Argon-Aubin-Test2/10Td,3.0000000000000005e+21,8.013899999999999e+23,0.0,1.49666e-13,1.496608888888889e-13,0.0,0.0,0.0,0.0,0.0,0.0,0.0,0.0,0.0,0.0,0.0,0.0,0.0,0.0,0.0,0.0,0.0,2.2222222222222226e-19,0.0,0.0,0.0,0.0,2.2222222222222226e-19,1.777777777777778e-18,8.88888888888889e-19,2e-18,0.0,0.0,0.0,0.0,0.0,0.0,2689.6177427097878,1515.5801257332478,1652.1409673883604,-14.05529901214544,1304.8875974390473,1659.6885584899005,76.46978336399782,-491.5716152141172,10525.799999999697,1.05257999999997e+24,0.0,0.0
2.24e-05,155241.0,5.17472,3e+22,-2981.2,-4792.8,10689.1,3.44557,3.45599,3.44704,0.00444232545,-0.000476075624,0.33712136,0.103801667,0.103286695,0.156725671,-0.000343093896,0.00160021984,0.000263514008,1656.98249,-514.771079,1301.77072,346.209149,3204.61739,849.71863,631.033574,-513.862436,5687.85152,44800.0,155241.495691,5.174716523,-30.000000000000004,30000 3000,1e-06,2,0.0 0.0259,0.0 0.0,-1.0 0.0,0.00054857 28.0,80000,1000,5e-10,0.0,0.0 0.0 0.0,1000 1000000 0,0,0.0,0,100,0,,10,,1,,,,1.0,10.0,0.1,False,{},,,False,3,mixed,250,300,True,Ar_Aubin,,False,uniform,Argon-Aubin-Test2/10Td,3.0000000000000005e+21,1.06891e+24,0.0,1.496602222222222e-13,1.49654e-13,0.0,0.0,0.0,0.0,0.0,0.0,0.0,0.0,0.0,0.0,0.0,0.0,0.0,0.0,0.0,0.0,0.0,0.0,0.0,0.0,0.0,0.0,2.2222222222222226e-19,1.5555555555555556e-18,2.666666666666667e-18,1.777777777777778e-18,0.0,0.0,0.0,0.0,0.0,0.0,1890.3779578421932,1670.2259506315402,1253.265459574271,3202.3356547492926,876.9155360167924,2084.3275908240003,2018.880625139887,2890.346031464405,8284.020000000059,8.28402000000006e+23,0.0,0.0
2.245e-05,155189.0,5.17297,3e+22,-6606.96,431.759,16070.0,3.43028,3.44855,3.4654,0.00446825407,-0.000568230256,0.3376149,0.103982931,0.103545071,0.157098732,-0.000358584267,0.00162664369,0.000188175914,4945.52344,265.145773,182.261312,-2176.31864,1152.18247,3007.24292,-1673.20711,157.408431,5939.32735,44900.0,155189.207344,5.172973578,-30.000000000000004,30000 3000,1e-06,2,0.0 0.0259,0.0 0.0,-1.0 0.0,0.00054857 28.0,80000,1000,5e-10,0.0,0.0 0.0 0.0,1000 1000000 0,0,0.0,0,100,0,,10,,1,,,,1.0,10.0,0.1,False,{},,,False,3,mixed,250,300,True,Ar_Aubin,,False,uniform,Argon-Aubin-Test2/10Td,3.0000000000000005e+21,1.6070000000000003e+24,0.0,1.4958e-13,1.4957333333333335e-13,0.0,0.0,0.0,0.0,0.0,0.0,0.0,0.0,0.0,0.0,0.0,0.0,0.0,0.0,0.0,0.0,0.0,0.0,0.0,0.0,0.0,0.0,6.666666666666668e-19,1.5555555555555556e-18,2.4444444444444447e-18,2e-18,0.0,0.0,0.0,0.0,0.0,0.0,1810.3296096964873,4975.0450159103275,2582.797623759403,1152.4278085271003,400.5166623957668,513.8559069999992,309.54992497937707,667.8574987990999,9870.80000000029,9.870800000000291e+23,0.0,0.0
2.25e-05,155189.0,5.17297,3e+22,3898.09,-2353.57,2898.36,3.45843,3.45165,3.43569,0.00445302324,-0.000538935637,0.338120821,0.104268081,0.10375463,0.157533506,-0.00032647953,0.00164661942,0.000189533765,-535.665303,2158.35932,-1276.4357,-953.018587,1847.23016,836.886771,1679.53833,-1101.347,1192.56724,45000.0,155188.97859,5.172965953,-30.000000000000004,30000 3000,1e-06,2,0.0 0.0259,0.0 0.0,-1.0 0.0,0.00054857 28.0,80000,1000,5e-10,0.0,0.0 0.0 0.0,1000 1000000 0,0,0.0,0,100,0,,10,,1,,,,1.0,10.0,0.1,False,{},,,False,3,mixed,250,300,True,Ar_Aubin,,False,uniform,Argon-Aubin-Test2/10Td,3.0000000000000005e+21,2.8983600000000005e+23,0.0,1.50004e-13,1.4999822222222224e-13,0.0,0.0,0.0,0.0,0.0,0.0,0.0,0.0,0.0,0.0,0.0,0.0,0.0,0.0,0.0,0.0,0.0,0.0,0.0,2.2222222222222226e-19,0.0,2.2222222222222226e-19,0.0,2.2222222222222226e-18,1.3333333333333336e-18,1.777777777777778e-18,0.0,0.0,0.0,0.0,0.0,0.0,2852.8587845809416,-553.0235883616116,2095.914340030092,1845.961737252826,929.0510829593202,212.57137724643997,457.3001435352609,-927.8292255697763,10118.420000000406,1.0118420000000405e+24,0.0,0.0
2.255e-05,155234.0,5.17445,3e+22,-3983.27,6662.87,9210.05,3.44381,3.4652,3.43907,0.00436195311,-0.000630848064,0.338723216,0.104490772,0.104044191,0.158049938,-0.000313484499,0.00165035088,0.000130075727,4020.17516,-1037.09521,748.916748,358.891725,1135.51182,-419.676569,-1809.00933,3987.12909,4316.05554,45100.0,155233.563193,5.174452106,-30.000000000000004,30000 3000,1e-06,2,0.0 0.0259,0.0 0.0,-1.0 0.0,0.00054857 28.0,80000,1000,5e-10,0.0,0.0 0.0 0.0,1000 1000000 0,0,0.0,0,100,0,,10,,1,,,,1.0,10.0,0.1,False,{},,,False,3,mixed,250,300,True,Ar_Aubin,,False,uniform,Argon-Aubin-Test2/10Td,3.0000000000000005e+21,9.21005e+23,0.0,1.49794e-13,1.4978733333333334e-13,0.0,0.0,0.0,0.0,0.0,0.0,0.0,0.0,0.0,0.0,0.0,0.0,0.0,0.0,0.0,0.0,0.0,0.0,0.0,0.0,0.0,2.2222222222222226e-19,4.444444444444445e-19,1.777777777777778e-18,1.5555555555555556e-18,2.666666666666667e-18,0.0,0.0,0.0,0.0,0.0,0.0,2234.9378104213893,4037.5499969644693,2894.534823409678,1139.7150786401837,1087.0453633141099,1196.3977844792007,637.9309676095725,248.95963635556427,12047.899999999558,1.2047899999999557e+24,0.0,0.0
2.26e-05,155282.0,5.17606,3e+22,1461.72,5289.63,213.156,3.43977,3.47203,3.44014,0.00431903157,-0.000638621774,0.339277368,0.104755086,0.104237288,0.158565819,-0.00032393863,0.00162340504,0.000126106204,1746.71354,-1712.54418,-728.565472,2317.73699,4138.22897,-2999.75497,1898.74266,2660.34656,286.781465,45200.0,155281.774739,5.176059158,-30.000000000000004,30000 3000,1e-06,2,0.0 0.0259,0.0 0.0,-1.0 0.0,0.00054857 28.0,80000,1000,5e-10,0.0,0.0 0.0 0.0,1000 1000000 0,0,0.0,0,100,0,,10,,1,,,,1.0,10.0,0.1,False,{},,,False,3,mixed,250,300,True,Ar_Aubin,,False,uniform,Argon-Aubin-Test2/10Td,3.0000000000000005e+21,2.13156e+22,0.0,1.4936066666666665e-13,1.4935488888888892e-13,0.0,0.0,0.0,0.0,0.0,0.0,0.0,0.0,0.0,0.0,0.0,0.0,0.0,0.0,0.0,0.0,0.0,0.0,0.0,0.0,0.0,0.0,4.444444444444445e-19,1.3333333333333336e-18,1.5555555555555556e-18,2.4444444444444447e-18,0.0,0.0,0.0,0.0,0.0,0.0,2646.8660123117606,1740.4003251734996,1930.8713150963108,4141.607042894404,1401.6562037522108,214.46245834659203,-296.0143583621323,673.3280461537049,11083.0400000006,1.1083040000000601e+24,0.0,0.0
2.265e-05,155305.0,5.17683,3e+22,-327.122,-2900.53,12338.0,3.44236,3.46109,3.44928,0.00436781074,-0.000741986489,0.339821486,0.105056587,0.104519743,0.159065443,-0.000319002377,0.00162354384,9.63032673e-05,1743.43926,-1389.19037,-1286.3381,479.222567,1078.37323,1197.46083,-347.43299,-1303.9714,4529.34491,45300.0,155304.775951,5.176825865,-30.000000000000004,30000 3000,1e-06,2,0.0 0.0259,0.0 0.0,-1.0 0.0,0.00054857 28.0,80000,1000,5e-10,0.0,0.0 0.0 0.0,1000 1000000 0,0,0.0,0,100,0,,10,,1,,,,1.0,10.0,0.1,False,{},,,False,3,mixed,250,300,True,Ar_Aubin,,False,uniform,Argon-Aubin-Test2/10Td,3.0000000000000005e+21,1.2338e+24,0.0,1.4978888888888888e-13,1.497828888888889e-13,0.0,0.0,0.0,0.0,0.0,0.0,0.0,0.0,0.0,0.0,0.0,0.0,0.0,0.0,0.0,0.0,0.0,0.0,0.0,0.0,0.0,2.2222222222222226e-19,8.88888888888889e-19,1.5555555555555556e-18,1.777777777777778e-18,1.5555555555555556e-18,0.0,0.0,0.0,0.0,0.0,0.0,3010.7726304220982,1744.8680669848904,2823.122938203637,1076.2210759290608,1301.1408975924232,336.62741573199946,-375.749457101034,-1576.4980547668279,10882.359999999648,1.0882359999999648e+24,0.0,0.0
2.27e-05,155374.0,5.17914,3e+22,416.589,196.032,12603.6,3.47598,3.44906,3.43233,0.00443416004,-0.000707408021,0.340452302,0.105258072,0.104691186,0.159602901,-0.000310077917,0.00167167544,8.58653243e-05,2670.03984,116.53506,-122.458096,1574.23132,2479.29331,-391.463861,1008.09294,-786.025309,5807.49221,45400.0,155374.168736,5.179138958,-30.000000000000004,30000 3000,1e-06,2,0.0 0.0259,0.0 0.0,-1.0 0.0,0.00054857 28.0,80000,1000,5e-10,0.0,0.0 0.0 0.0,1000 1000000 0,0,0.0,0,100,0,,10,,1,,,,1.0,10.0,0.1,False,{},,,False,3,mixed,250,300,True,Ar_Aubin,,False,uniform,Argon-Aubin-Test2/10Td,3.0000000000000005e+21,1.26036e+24,0.0,1.4993022222222221e-13,1.4992355555555556e-13,0.0,0.0,0.0,0.0,0.0,0.0,0.0,0.0,0.0,0.0,0.0,0.0,0.0,2.2222222222222226e-19,0.0,0.0,0.0,0.0,0.0,0.0,0.0,0.0,2.2222222222222226e-19,8.88888888888889e-19,2e-18,3.3333333333333337e-18,0.0,0.0,0.0,0.0,0.0,0.0,2009.0099540011342,2668.1926177030964,1714.9311784168954,2479.4319846091726,1083.3041014898793,1516.5675765128008,455.7508635829547,687.919780481978,12616.31999999957,1.2616319999999572e+24,0.0,0.0
2.275e-05,155391.0,5.17971,3e+22,-3034.21,1495.11,4658.49,3.44437,3.47755,3.43731,0.00447728826,-0.000616031406,0.340987354,0.105480021,0.104910507,0.1600529,-0.000336820325,0.00173640124,5.48233072e-05,3276.06729,-2767.96998,1738.15361,254.986571,2918.59429,-1201.30487,-133.129264,-621.960717,2950.12886,45500.0,155391.255335,5.179708511,-30.000000000000004,30000 3000,1e-06,2,0.0 0.0259,0.0 0.0,-1.0 0.0,0.00054857 28.0,80000,1000,5e-10,0.0,0.0 0.0 0.0,1000 1000000 0,0,0.0,0,100,0,,10,,1,,,,1.0,10.0,0.1,False,{},,,False,3,mixed,250,300,True,Ar_Aubin,,False,uniform,Argon-Aubin-Test2/10Td,3.0000000000000005e+21,4.65849e+23,0.0,1.5003755555555556e-13,1.5003155555555558e-13,0.0,0.0,0.0,0.0,0.0,0.0,0.0,0.0,0.0,0.0,0.0,0.0,2.2222222222222226e-19,0.0,0.0,0.0,0.0,0.0,0.0,0.0,2.2222222222222226e-19,0.0,2.2222222222222226e-19,8.88888888888889e-19,1.3333333333333336e-18,3.1111111111111112e-18,0.0,0.0,0.0,0.0,0.0,0.0,2215.6466509719307,3289.6523228113747,2194.419314149876,2919.515324715425,853.9334917787023,1361.6426812645398,952.9423236349575,2618.794182794013,10701.040000000718,1.0701040000000718e+24,0.0,0.0
2.28e-05,155227.0,5.17425,3e+22,-208.895,-5019.26,6279.27,3.43949,3.46987,3.43877,0.00452600581,-0.000661738253,0.341370929,0.105759846,0.10516743,0.160492726,-0.00039418116,0.00177015416,3.57051273e-05,3718.1299,1595.67383,337.263636,-818.395052,3175.79342,-56.6747301,376.25816,-1118.14816,3099.09145,45600.0,155227.449726,5.174248324,-30.000000000000004,30000 3000,1e-06,2,0.0 0.0259,0.0 0.0,-1.0 0.0,0.00054857 28.0,80000,1000,5e-10,0.0,0.0 0.0 0.0,1000 1000000 0,0,0.0,0,100,0,,10,,1,,,,1.0,10.0,0.1,False,{},,,False,3,mixed,250,300,True,Ar_Aubin,,False,uniform,Argon-Aubin-Test2/10Td,3.0000000000000005e+21,6.27927e+23,0.0,1.4983377777777777e-13,1.498268888888889e-13,0.0,0.0,0.0,0.0,0.0,0.0,0.0,0.0,0.0,0.0,0.0,0.0,0.0,0.0,0.0,0.0,0.0,0.0,0.0,0.0,0.0,0.0,4.444444444444445e-19,1.1111111111111113e-18,2e-18,3.3333333333333337e-18,0.0,0.0,0.0,0.0,0.0,0.0,2793.8638157098962,3719.07535998368,2568.6459717770563,3172.471983656247,1780.904215983037,955.5312166581698,308.09577707133565,756.4124637108963,7671.499999999388,7.671499999999388e+23,0.0,0.0
2.285e-05,155389.0,5.17962,3e+22,2419.52,-6030.38,10398.2,3.44892,3.44362,3.46586,0.0045780819,-0.000563113741,0.341937188,0.105979896,0.105381497,0.160981192,-0.000437606987,0.00179550243,7.38052555e-05,3728.00344,1315.37196,-934.335614,2974.29133,1498.85655,-22.3494881,1172.05419,-1431.65171,4813.47717,45700.0,155388.6742,5.179622473,-30.000000000000004,30000 3000,1e-06,2,0.0 0.0259,0.0 0.0,-1.0 0.0,0.00054857 28.0,80000,1000,5e-10,0.0,0.0 0.0 0.0,1000 1000000 0,0,0.0,0,100,0,,10,,1,,,,1.0,10.0,0.1,False,{},,,False,3,mixed,250,300,True,Ar_Aubin,,False,uniform,Argon-Aubin-Test2/10Td,3.0000000000000005e+21,1.03982e+24,0.0,1.4967488888888888e-13,1.4967111111111114e-13,0.0,0.0,0.0,0.0,0.0,0.0,0.0,0.0,0.0,0.0,0.0,0.0,0.0,0.0,0.0,0.0,0.0,0.0,0.0,2.2222222222222226e-19,0.0,0.0,2.2222222222222226e-19,1.1111111111111113e-18,1.3333333333333336e-18,8.88888888888889e-19,0.0,0.0,0.0,0.0,0.0,0.0,2195.758947090565,3716.926679281312,2141.8780043018505,1495.4607601585483,1015.366289756764,1257.9459017383997,99.57253398800316,-637.20910032234,11325.180000000268,1.1325180000000268e+24,0.0,0.0
2.29e-05,155398.0,5.17993,3e+22,-331.188,1430.76,7376.83,3.47652,3.42049,3.46252,0.00445780643,-0.000556803375,0.342424242,0.10629318,0.105660082,0.161400684,-0.000450720371,0.001737146,0.000117997796,2669.62904,1989.12909,1294.27452,-677.064055,4493.38503,1766.87698,483.133836,700.669666,2396.92348,45800.0,155397.80007,5.179926669,-30.000000000000004,30000 3000,1e-06,2,0.0 0.0259,0.0 0.0,-1.0 0.0,0.00054857 28.0,80000,1000,5e-10,0.0,0.0 0.0 0.0,1000 1000000 0,0,0.0,0,100,0,,10,,1,,,,1.0,10.0,0.1,False,{},,,False,3,mixed,250,300,True,Ar_Aubin,,False,uniform,Argon-Aubin-Test2/10Td,3.0000000000000005e+21,7.37683e+23,0.0,1.5009377777777777e-13,1.5008844444444446e-13,0.0,0.0,0.0,0.0,0.0,0.0,0.0,0.0,0.0,0.0,0.0,0.0,0.0,0.0,0.0,0.0,0.0,0.0,0.0,0.0,0.0,0.0,2.2222222222222226e-19,1.1111111111111113e-18,1.777777777777778e-18,2.2222222222222226e-18,0.0,0.0,0.0,0.0,0.0,0.0,3143.7079571575155,2671.1054119959385,2785.920670868858,4494.181681996815,861.7102807279009,-129.08194111286002,-388.0193291155767,1857.930675652479,9741.079999999736,9.741079999999736e+23,0.0,0.0
2.295e-05,155337.0,5.17791,3e+22,-11933.3,708.498,5914.11,3.44683,3.43624,3.47174,0.00434914784,-0.000577261825,0.342836993,0.106461496,0.105835791,0.161817605,-0.000464889384,0.00172418072,0.000117251833,749.062397,-633.213568,-2495.80888,1035.68515,803.465582,589.65136,-2658.63452,-1442.13676,3067.17785,45900.0,155337.395868,5.177913196,-30.000000000000004,30000 3000,1e-06,2,0.0 0.0259,0.0 0.0,-1.0 0.0,0.00054857 28.0,80000,1000,5e-10,0.0,0.0 0.0 0.0,1000 1000000 0,0,0.0,0,100,0,,10,,1,,,,1.0,10.0,0.1,False,{},,,False,3,mixed,250,300,True,Ar_Aubin,,False,uniform,Argon-Aubin-Test2/10Td,3.0000000000000005e+21,5.9141100000000005e+23,0.0,1.4985e-13,1.4984466666666668e-13,0.0,0.0,0.0,0.0,0.0,0.0,0.0,0.0,0.0,0.0,0.0,0.0,0.0,0.0,0.0,0.0,2.2222222222222226e-19,0.0,0.0,0.0,0.0,0.0,2.2222222222222226e-19,1.1111111111111113e-18,8.88888888888889e-19,2.888888888888889e-18,0.0,0.0,0.0,0.0,0.0,0.0,1692.7295123317365,800.962082919072,1756.8579878379787,803.8745708484889,1340.787399925353,1039.6021613287703,448.9388039486189,-1088.9880501651232,8255.01999999978,8.255019999999781e+23,0.0,0.0
2.3e-05,155269.0,5.17565,3e+22,-640.738,-7274.59,10147.0,3.46557,3.46633,3.4185,0.00438253914,-0.000476456727,0.343319201,0.10662464,0.106027301,0.162266841,-0.000520968534,0.00173826618,0.00012862139,3037.26518,-1326.40901,1709.03688,-1644.24089,2849.70867,-221.71381,657.467496,-1641.48848,5778.54723,46000.0,155269.35124,5.175645041,-30.000000000000004,30000 3000,1e-06,2,0.0 0.0259,0.0 0.0,-1.0 0.0,0.00054857 28.0,80000,1000,5e-10,0.0,0.0 0.0 0.0,1000 1000000 0,0,0.0,0,100,0,,10,,1,,,,1.0,10.0,0.1,False,{},,,False,3,mixed,250,300,True,Ar_Aubin,,False,uniform,Argon-Aubin-Test2/10Td,3.0000000000000005e+21,1.0147000000000001e+24,0.0,1.49908e-13,1.4990133333333334e-13,0.0,0.0,0.0,0.0,0.0,0.0,0.0,0.0,0.0,0.0,0.0,0.0,0.0,0.0,0.0,0.0,0.0,0.0,0.0,0.0,2.2222222222222226e-19,0.0,4.444444444444445e-19,3.1111111111111112e-18,6.666666666666668e-19,2.2222222222222226e-18,0.0,0.0,0.0,0.0,0.0,0.0,1628.5243762054204,3040.0732393634853,1916.1622020190396,2846.242642658333,1183.659940036108,2294.887297453,10.487833640359865,2542.012409556758,9644.160000000791,9.644160000000792e+23,0.0,0.0
2.305e-05,155217.0,5.17388,3e+22,5085.92,-5333.41,3853.67,3.4606,3.42517,3.4616,0.00437105939,-0.000494952554,0.343778449,0.106868323,0.106349826,0.162733784,-0.00050270276,0.00173715722,0.000179773839,-1819.04444,-790.814581,-1671.26877,866.255314,1504.80306,2159.69169,1611.16663,-1167.28258,2145.9959,46100.0,155216.544747,5.173884825,-30.000000000000004,30000 3000,1e-06,2,0.0 0.0259,0.0 0.0,-1.0 0.0,0.00054857 28.0,80000,1000,5e-10,0.0,0.0 0.0 0.0,1000 1000000 0,0,0.0,0,100,0,,10,,1,,,,1.0,10.0,0.1,False,{},,,False,3,mixed,250,300,True,Ar_Aubin,,False,uniform,Argon-Aubin-Test2/10Td,3.0000000000000005e+21,3.85367e+23,0.0,1.4958733333333333e-13,1.4958133333333335e-13,0.0,0.0,0.0,0.0,0.0,0.0,0.0,0.0,0.0,0.0,0.0,0.0,2.2222222222222226e-19,0.0,0.0,0.0,0.0,0.0,0.0,0.0,2.2222222222222226e-19,0.0,2.2222222222222226e-19,1.5555555555555556e-18,1.3333333333333336e-18,2.4444444444444447e-18,0.0,0.0,0.0,0.0,0.0,0.0,2437.8348912272586,-1841.2752983727887,3225.0703298199182,1502.1632750989709,1513.9477843281736,821.18720444217,16.497166298820066,-1825.3764497775412,9184.959999999353,9.184959999999355e+23,0.0,0.0
2.31e-05,155114.0,5.17048,3e+22,1908.78,-1641.9,7688.12,3.41573,3.46393,3.46091,0.00438026882,-0.000460237872,0.344272641,0.106976098,0.10657237,0.163192278,-0.000546118215,0.00174983527,0.000234958843,1540.82988,312.550307,1436.32786,1262.63566,2097.34697,2200.54386,454.293393,-1295.31947,3549.94785,46200.0,155114.251351,5.170475045,-30.000000000000004,30000 3000,1e-06,2,0.0 0.0259,0.0 0.0,-1.0 0.0,0.00054857 28.0,80000,1000,5e-10,0.0,0.0 0.0 0.0,1000 1000000 0,0,0.0,0,100,0,,10,,1,,,,1.0,10.0,0.1,False,{},,,False,3,mixed,250,300,True,Ar_Aubin,,False,uniform,Argon-Aubin-Test2/10Td,3.0000000000000005e+21,7.68812e+23,0.0,1.4937666666666665e-13,1.4936911111111114e-13,0.0,0.0,0.0,0.0,0.0,0.0,0.0,0.0,0.0,0.0,0.0,0.0,0.0,2.2222222222222226e-19,0.0,0.0,0.0,0.0,0.0,0.0,0.0,0.0,8.88888888888889e-19,2e-18,2.4444444444444447e-18,2e-18,0.0,0.0,0.0,0.0,0.0,0.0,1076.9440525544571,1532.4689104817603,2225.771591318898,2096.5913054379635,1184.6465573071841,903.1384732750803,146.94705259465402,1199.8044889916016,9883.84000000009,9.88384000000009e+23,0.0,0.0
2.315e-05,155029.0,5.16764,3e+22,-2493.8,-3320.14,13520.1,3.43744,3.459,3.4377,0.0042686335,-0.000506440527,0.344724901,0.10718558,0.106765732,0.16362252,-0.00053351388,0.00174301675,0.000229674297,5587.49969,934.625437,2073.92658,585.353084,1400.20546,464.242837,934.590352,-1672.81072,6073.31169,46300.0,155029.065673,5.167635522,-30.000000000000004,30000 3000,1e-06,2,0.0 0.0259,0.0 0.0,-1.0 0.0,0.00054857 28.0,80000,1000,5e-10,0.0,0.0 0.0 0.0,1000 1000000 0,0,0.0,0,100,0,,10,,1,,,,1.0,10.0,0.1,False,{},,,False,3,mixed,250,300,True,Ar_Aubin,,False,uniform,Argon-Aubin-Test2/10Td,3.0000000000000005e+21,1.3520100000000002e+24,0.0,1.4937444444444444e-13,1.49368e-13,0.0,0.0,0.0,0.0,0.0,0.0,0.0,0.0,0.0,0.0,0.0,0.0,0.0,0.0,0.0,0.0,0.0,0.0,0.0,0.0,0.0,0.0,6.666666666666668e-19,2e-18,1.1111111111111113e-18,2.666666666666667e-18,0.0,0.0,0.0,0.0,0.0,0.0,2104.475229781355,5598.1448082223,1933.173368914437,1398.5240065486862,1186.3597165509555,1412.5965559899005,593.6786851714043,3810.47953833045,9045.199999999642,9.045199999999643e+23,0.0,0.0
2.32e-05,154922.0,5.16406,3e+22,455.251,-6204.87,13070.5,3.40239,3.4282,3.49634,0.00420130037,-0.000523428518,0.345125527,0.107377989,0.106917655,0.163996212,-0.000467434895,0.00169076765,0.000215601518,-890.813249,931.624179,1344.11839,948.819353,3531.34028,1958.05164,912.594,-2128.45907,4733.99467,46400.0,154921.853979,5.164061799,-30.000000000000004,30000 3000,1e-06,2,0.0 0.0259,0.0 0.0,-1.0 0.0,0.00054857 28.0,80000,1000,5e-10,0.0,0.0 0.0 0.0,1000 1000000 0,0,0.0,0,100,0,,10,,1,,,,1.0,10.0,0.1,False,{},,,False,3,mixed,250,300,True,Ar_Aubin,,False,uniform,Argon-Aubin-Test2/10Td,3.0000000000000005e+21,1.30705e+24,0.0,1.4922977777777777e-13,1.492237777777778e-13,0.0,0.0,0.0,0.0,0.0,0.0,0.0,0.0,0.0,0.0,0.0,0.0,2.2222222222222226e-19,0.0,0.0,0.0,2.2222222222222226e-19,0.0,0.0,0.0,0.0,0.0,0.0,1.5555555555555556e-18,1.3333333333333336e-18,2.666666666666667e-18,0.0,0.0,0.0,0.0,0.0,0.0,1929.7930715835023,-892.7258951947429,1519.0550459392994,3528.092474091517,973.1998243206475,223.03146934649976,-614.4168717752341,2044.680552221638,8012.520000000301,8.012520000000302e+23,0.0,0.0
2.325e-05,155010.0,5.16699,3e+22,-3081.33,-1520.42,9275.34,3.44315,3.4279,3.46238,0.00417578152,-0.000526593888,0.345728722,0.107573485,0.107156502,0.164516765,-0.000445038858,0.00167450594,0.000229073334,457.637345,-1055.97537,276.732512,-1001.2291,1568.28601,-680.303376,46.8149165,-331.448697,5531.63173,46500.0,155009.734456,5.166991149,-30.000000000000004,30000 3000,1e-06,2,0.0 0.0259,0.0 0.0,-1.0 0.0,0.00054857 28.0,80000,1000,5e-10,0.0,0.0 0.0 0.0,1000 1000000 0,0,0.0,0,100,0,,10,,1,,,,1.0,10.0,0.1,False,{},,,False,3,mixed,250,300,True,Ar_Aubin,,False,uniform,Argon-Aubin-Test2/10Td,3.0000000000000005e+21,9.27534e+23,0.0,1.4920088888888887e-13,1.4919511111111114e-13,0.0,0.0,0.0,0.0,0.0,0.0,0.0,0.0,0.0,0.0,0.0,0.0,0.0,0.0,0.0,0.0,0.0,0.0,0.0,0.0,0.0,2.2222222222222226e-19,2.2222222222222226e-19,2.666666666666667e-18,1.1111111111111113e-18,1.5555555555555556e-18,0.0,0.0,0.0,0.0,0.0,0.0,1957.097734961999,470.5043058710216,2388.436762905677,1567.4853661208072,1038.3317127445057,2324.88028568452,-199.4662795854439,1350.1199180965432,12063.900000000016,1.2063900000000017e+24,0.0,0.0
2.33e-05,154967.0,5.16556,3e+22,-2916.04,-3765.1,13130.0,3.44416,3.44878,3.43708,0.0041497957,-0.000506011833,0.346112871,0.107735167,0.107455935,0.164937403,-0.000511284776,0.00171732588,0.000200384865,5155.84035,1336.09559,948.857473,-804.086559,3860.28484,-1318.74322,-1223.58065,-736.083263,7376.10453,46600.0,154966.895477,5.165563183,-30.000000000000004,30000 3000,1e-06,2,0.0 0.0259,0.0 0.0,-1.0 0.0,0.00054857 28.0,80000,1000,5e-10,0.0,0.0 0.0 0.0,1000 1000000 0,0,0.0,0,100,0,,10,,1,,,,1.0,10.0,0.1,False,{},,,False,3,mixed,250,300,True,Ar_Aubin,,False,uniform,Argon-Aubin-Test2/10Td,3.0000000000000005e+21,1.3130000000000002e+24,0.0,1.4941933333333334e-13,1.4941466666666668e-13,0.0,0.0,0.0,0.0,0.0,0.0,0.0,0.0,0.0,0.0,0.0,0.0,0.0,0.0,0.0,0.0,0.0,0.0,0.0,0.0,0.0,0.0,4.444444444444445e-19,1.777777777777778e-18,1.3333333333333336e-18,1.1111111111111113e-18,0.0,0.0,0.0,0.0,0.0,0.0,1618.983469510449,5167.941320253029,2994.5425314774343,3858.3796548475716,1548.677438906465,2831.6425337699993,1004.1968894072481,680.0689818098399,7682.980000000006,7.682980000000006e+23,0.0,0.0
2.335e-05,154913.0,5.16377,3e+22,3997.71,-9114.5,11757.0,3.41573,3.46159,3.44887,0.00415697334,-0.000451544035,0.346608384,0.107994632,0.107600479,0.165337106,-0.000529087796,0.00168647329,0.000257300114,3384.47717,715.980281,-171.251047,3204.1808,1432.54709,1056.82331,308.845818,-3240.05595,4715.31729,46700.0,154913.093271,5.163769776,-30.000000000000004,30000 3000,1e-06,2,0.0 0.0259,0.0 0.0,-1.0 0.0,0.00054857 28.0,80000,1000,5e-10,0.0,0.0 0.0 0.0,1000 1000000 0,0,0.0,0,100,0,,10,,1,,,,1.0,10.0,0.1,False,{},,,False,3,mixed,250,300,True,Ar_Aubin,,False,uniform,Argon-Aubin-Test2/10Td,3.0000000000000005e+21,1.1757000000000002e+24,0.0,1.4920933333333333e-13,1.4920266666666668e-13,0.0,0.0,0.0,0.0,0.0,0.0,0.0,0.0,0.0,0.0,0.0,0.0,0.0,0.0,0.0,0.0,0.0,0.0,0.0,0.0,0.0,0.0,2.2222222222222226e-19,1.777777777777778e-18,3.555555555555556e-18,1.1111111111111113e-18,0.0,0.0,0.0,0.0,0.0,0.0,2594.053770022531,3367.858796108949,1445.961559595893,1428.4314918929924,564.5061277119446,640.2425193120002,-707.9339583605532,-1296.91856735902,9910.26000000006,9.910260000000061e+23,0.0,0.0
2.34e-05,155031.0,5.16771,3e+22,-2225.99,-7539.37,17618.5,3.46648,3.40812,3.45872,0.00412800022,-0.000443434587,0.347313973,0.10818954,0.107766783,0.165958898,-0.000486186939,0.00164085032,0.000283279554,4611.8,1437.78217,-1225.68077,-2345.93306,1125.801,1469.03485,-1303.90868,-2671.02684,7820.72962,46800.0,155031.447017,5.167714901,-30.000000000000004,30000 3000,1e-06,2,0.0 0.0259,0.0 0.0,-1.0 0.0,0.00054857 28.0,80000,1000,5e-10,0.0,0.0 0.0 0.0,1000 1000000 0,0,0.0,0,100,0,,10,,1,,,,1.0,10.0,0.1,False,{},,,False,3,mixed,250,300,True,Ar_Aubin,,False,uniform,Argon-Aubin-Test2/10Td,3.0000000000000005e+21,1.7618500000000002e+24,0.0,1.4898444444444443e-13,1.4897755555555556e-13,0.0,0.0,0.0,0.0,0.0,0.0,0.0,0.0,0.0,0.0,0.0,0.0,0.0,0.0,0.0,0.0,2.2222222222222226e-19,0.0,0.0,2.2222222222222226e-19,0.0,0.0,6.666666666666668e-19,1.777777777777778e-18,1.777777777777778e-18,2.2222222222222226e-18,0.0,0.0,0.0,0.0,0.0,0.0,1951.4804153315802,4620.988887209718,1663.1125778260314,1122.4577825778097,1321.6801804670497,1701.5783866994998,-769.8663048918324,-1829.2011911177997,14111.78000000013,1.4111780000000132e+24,0.0,0.0
2.345e-05,155111.0,5.17038,3e+22,3080.02,-976.218,8980.89,3.42656,3.41894,3.49475,0.00419124753,-0.000512247333,0.347895073,0.108515274,0.10801032,0.166440091,-0.000549239551,0.00159908231,0.000283296981,-691.109061,1030.71636,-1955.44821,1540.50747,4533.12757,814.548796,-462.339065,-37.3495737,5094.9266,46900.0,155111.372595,5.170379086,-30.000000000000004,30000 3000,1e-06,2,0.0 0.0259,0.0 0.0,-1.0 0.0,0.00054857 28.0,80000,1000,5e-10,0.0,0.0 0.0 0.0,1000 1000000 0,0,0.0,0,100,0,,10,,1,,,,1.0,10.0,0.1,False,{},,,False,3,mixed,250,300,True,Ar_Aubin,,False,uniform,Argon-Aubin-Test2/10Td,3.0000000000000005e+21,8.98089e+23,0.0,1.4919288888888888e-13,1.4918733333333335e-13,0.0,0.0,0.0,0.0,0.0,0.0,0.0,0.0,0.0,0.0,0.0,0.0,0.0,0.0,0.0,0.0,0.0,0.0,0.0,0.0,0.0,0.0,1.1111111111111113e-18,1.3333333333333336e-18,2e-18,1.1111111111111113e-18,0.0,0.0,0.0,0.0,0.0,0.0,3252.07829958582,-704.0181872173506,2434.7123690278418,4532.627504933073,772.0702336941332,1970.5192178450302,-1323.404369146914,-3526.9521907711623,11622.000000000022,1.1622000000000021e+24,0.0,0.0
2.35e-05,155133.0,5.17111,3e+22,-5431.63,-3696.85,5324.11,3.45866,3.43975,3.44341,0.00416992608,-0.000459481916,0.348415794,0.108793623,0.108195525,0.166918761,-0.000565200658,0.00161180277,0.000294025106,1295.71606,-2226.12624,1454.67406,440.090329,2401.74996,-350.262499,-2759.9559,31.1361599,4507.36104,47000.0,155133.350113,5.17111167,-30.000000000000004,30000 3000,1e-06,2,0.0 0.0259,0.0 0.0,-1.0 0.0,0.00054857 28.0,80000,1000,5e-10,0.0,0.0 0.0 0.0,1000 1000000 0,0,0.0,0,100,0,,10,,1,,,,1.0,10.0,0.1,False,{},,,False,3,mixed,250,300,True,Ar_Aubin,,False,uniform,Argon-Aubin-Test2/10Td,3.0000000000000005e+21,5.32411e+23,0.0,1.4928377777777777e-13,1.4927822222222224e-13,0.0,0.0,0.0,0.0,0.0,0.0,0.0,0.0,0.0,0.0,0.0,0.0,0.0,0.0,0.0,0.0,0.0,0.0,0.0,0.0,0.0,2.2222222222222226e-19,2.2222222222222226e-19,8.88888888888889e-19,2e-18,2.2222222222222226e-18,0.0,0.0,0.0,0.0,0.0,0.0,2785.272723450777,1318.3655555939104,1852.5627369903043,2400.0513242788356,1160.863090248765,2652.35702700666,359.33438651824645,564.9826940224314,10414.420000000036,1.0414420000000038e+24,0.0,0.0
2.355e-05,155104.0,5.17014,3e+22,-1126.25,-132.363,2559.31,3.46466,3.45521,3.42037,0.00420359891,-0.000495600518,0.348923289,0.108977127,0.108362149,0.167440825,-0.00060620011,0.00162527834,0.000253260303,1175.11653,1267.01948,-1404.09883,-52.6117236,-23.1373625,955.141487,813.14213,1543.57471,3690.85409,47100.0,155104.260781,5.170142026,-30.000000000000004,30000 3000,1e-06,2,0.0 0.0259,0.0 0.0,-1.0 0.0,0.00054857 28.0,80000,1000,5e-10,0.0,0.0 0.0 0.0,1000 1000000 0,0,0.0,0,100,0,,10,,1,,,,1.0,10.0,0.1,False,{},,,False,3,mixed,250,300,True,Ar_Aubin,,False,uniform,Argon-Aubin-Test2/10Td,3.0000000000000005e+21,2.55931e+23,0.0,1.4939133333333333e-13,1.493848888888889e-13,0.0,0.0,0.0,0.0,0.0,0.0,0.0,0.0,0.0,0.0,0.0,0.0,0.0,0.0,0.0,0.0,0.0,0.0,0.0,0.0,0.0,0.0,6.666666666666668e-19,1.5555555555555556e-18,8.88888888888889e-19,3.3333333333333337e-18,0.0,0.0,0.0,0.0,0.0,0.0,1832.2203971650465,1179.8508332723875,1665.89503757697,-23.202961671364033,1681.6790207288545,2797.8512272294097,-7.797624590154262,-208.74015849010198,10149.900000000489,1.014990000000049e+24,0.0,0.0
2.36e-05,155016.0,5.16721,3e+22,-2427.45,7516.76,1735.74,3.43147,3.45203,3.45055,0.00414798905,-0.000525158902,0.349376135,0.109241723,0.108562046,0.167891565,-0.000543934558,0.00162411008,0.000270094016,-911.231984,1669.31546,397.264357,862.780504,2927.56557,1240.37091,-889.224806,3003.02265,1541.41679,47200.0,155016.362822,5.167212094,-30.000000000000004,30000 3000,1e-06,2,0.0 0.0259,0.0 0.0,-1.0 0.0,0.00054857 28.0,80000,1000,5e-10,0.0,0.0 0.0 0.0,1000 1000000 0,0,0.0,0,100,0,,10,,1,,,,1.0,10.0,0.1,False,{},,,False,3,mixed,250,300,True,Ar_Aubin,,False,uniform,Argon-Aubin-Test2/10Td,3.0000000000000005e+21,1.7357400000000003e+23,0.0,1.4897266666666666e-13,1.48966e-13,0.0,0.0,0.0,0.0,0.0,0.0,0.0,0.0,0.0,0.0,0.0,0.0,0.0,0.0,0.0,0.0,0.0,0.0,0.0,0.0,2.2222222222222226e-19,0.0,4.444444444444445e-19,1.777777777777778e-18,1.777777777777778e-18,2.4444444444444447e-18,0.0,0.0,0.0,0.0,0.0,0.0,2650.6043063723173,-901.1629479805775,1998.6682800107737,2931.5130634281977,1345.1789903932977,934.9906574351,327.13830005386654,348.932819392103,9056.919999999025,9.056919999999026e+23,0.0,0.0
2.365e-05,154939.0,5.16465,3e+22,490.475,-1946.5,9697.57,3.42863,3.46018,3.43994,0.00411834486,-0.000467530831,0.349865726,0.109439301,0.108739457,0.168362228,-0.000575450481,0.00162979531,0.000306045103,3665.5589,979.325339,830.815903,-1854.5739,2537.2452,1660.3706,-160.378692,-672.725862,5080.80107,47300.0,154939.452613,5.16464842,-30.000000000000004,30000 3000,1e-06,2,0.0 0.0259,0.0 0.0,-1.0 0.0,0.00054857 28.0,80000,1000,5e-10,0.0,0.0 0.0 0.0,1000 1000000 0,0,0.0,0,100,0,,10,,1,,,,1.0,10.0,0.1,False,{},,,False,3,mixed,250,300,True,Ar_Aubin,,False,uniform,Argon-Aubin-Test2/10Td,3.0000000000000005e+21,9.69757e+23,0.0,1.4945488888888888e-13,1.494477777777778e-13,0.0,0.0,0.0,0.0,0.0,0.0,0.0,0.0,0.0,0.0,0.0,0.0,0.0,0.0,0.0,0.0,0.0,0.0,0.0,0.0,2.2222222222222226e-19,0.0,4.444444444444445e-19,1.777777777777778e-18,2.4444444444444447e-18,2.2222222222222226e-18,0.0,0.0,0.0,0.0,0.0,0.0,1978.230487730409,3663.5389548047915,1774.68206794415,2536.3351512374584,1283.2047803115754,1687.9537015141805,280.51795898106394,458.89888147615983,9791.820000000229,9.791820000000228e+23,0.0,0.0
2.37e-05,154969.0,5.16563,3e+22,-2832.23,-1493.2,5709.07,3.41573,3.4529,3.46239,0.00411047538,-0.000271112739,0.350381952,0.10960456,0.109030024,0.168804226,-0.000572485374,0.00163823042,0.000319366431,1649.66605,522.681351,1431.90504,818.118855,2245.76432,291.239082,-1377.32019,-771.703111,1551.36934,47400.0,154968.948793,5.165631626,-30.000000000000004,30000 3000,1e-06,2,0.0 0.0259,0.0 0.0,-1.0 0.0,0.00054857 28.0,80000,1000,5e-10,0.0,0.0 0.0 0.0,1000 1000000 0,0,0.0,0,100,0,,10,,1,,,,1.0,10.0,0.1,False,{},,,False,3,mixed,250,300,True,Ar_Aubin,,False,uniform,Argon-Aubin-Test2/10Td,3.0000000000000005e+21,5.70907e+23,0.0,1.4929533333333332e-13,1.4929000000000001e-13,0.0,0.0,0.0,0.0,0.0,0.0,0.0,0.0,0.0,0.0,0.0,0.0,0.0,0.0,0.0,0.0,0.0,2.2222222222222226e-19,2.2222222222222226e-19,0.0,0.0,0.0,4.444444444444445e-19,4.444444444444445e-19,1.5555555555555556e-18,2.4444444444444447e-18,0.0,0.0,0.0,0.0,0.0,0.0,1653.2375653630083,1661.3078616854975,2907.120829606924,2245.3594944581255,805.1194217675861,-448.98575070463994,181.32874139853516,1023.4801342352636,10324.520000000171,1.0324520000000173e+24,0.0,0.0
2.375e-05,154974.0,5.1658,3e+22,-2492.97,-6813.78,9215.85,3.4562,3.46183,3.41278,0.00403037585,-0.000276619698,0.350888158,0.109817396,0.109136532,0.169263072,-0.000566046413,0.00161032689,0.000307884574,102.442016,407.271552,322.889222,-2006.95704,4312.97217,492.733292,-1811.05204,-4344.63822,3689.58096,47500.0,154974.025402,5.165800847,-30.000000000000004,30000 3000,1e-06,2,0.0 0.0259,0.0 0.0,-1.0 0.0,0.00054857 28.0,80000,1000,5e-10,0.0,0.0 0.0 0.0,1000 1000000 0,0,0.0,0,100,0,,10,,1,,,,1.0,10.0,0.1,False,{},,,False,3,mixed,250,300,True,Ar_Aubin,,False,uniform,Argon-Aubin-Test2/10Td,3.0000000000000005e+21,9.215850000000001e+23,0.0,1.4887733333333333e-13,1.4887155555555556e-13,0.0,0.0,0.0,0.0,0.0,0.0,0.0,0.0,0.0,0.0,0.0,0.0,0.0,0.0,0.0,0.0,0.0,0.0,0.0,0.0,0.0,0.0,8.88888888888889e-19,1.1111111111111113e-18,2e-18,1.777777777777778e-18,0.0,0.0,0.0,0.0,0.0,0.0,2134.8807835731845,112.4896220827745,1065.0498365992466,4311.087344234162,1038.588626973286,455.8483290956997,-37.566015236851875,-650.5525060279626,10124.12000000018,1.012412000000018e+24,0.0,0.0
2.38e-05,154766.0,5.15886,3e+22,-3568.53,-1366.32,681.372,3.44007,3.40712,3.47043,0.00389353087,-0.000381440728,0.351226537,0.109974117,0.109364364,0.169642134,-0.000634523457,0.00151498406,0.000270150181,2998.95153,-1162.5345,613.57989,1516.22933,4239.93356,-2249.91095,-46.6892926,-1681.7848,1286.43794,47600.0,154765.654261,5.158855142,-30.000000000000004,30000 3000,1e-06,2,0.0 0.0259,0.0 0.0,-1.0 0.0,0.00054857 28.0,80000,1000,5e-10,0.0,0.0 0.0 0.0,1000 1000000 0,0,0.0,0,100,0,,10,,1,,,,1.0,10.0,0.1,False,{},,,False,3,mixed,250,300,True,Ar_Aubin,,False,uniform,Argon-Aubin-Test2/10Td,3.0000000000000005e+21,6.81372e+22,0.0,1.487948888888889e-13,1.4878800000000002e-13,0.0,0.0,0.0,0.0,0.0,0.0,0.0,0.0,0.0,0.0,0.0,0.0,0.0,0.0,0.0,0.0,0.0,0.0,0.0,0.0,0.0,0.0,6.666666666666668e-19,2e-18,1.777777777777778e-18,2.4444444444444447e-18,0.0,0.0,0.0,0.0,0.0,0.0,1578.0534685660987,3012.845711715521,2277.63021428351,4239.41238990452,1414.8113162060217,1047.122012031236,-972.8607223702564,1817.6000885646563,6767.579999999995,6.767579999999996e+23,0.0,0.0
2.385e-05,154667.0,5.15556,3e+22,-2976.9,1167.72,15316.4,3.45118,3.43158,3.42695,0.00389916077,-0.000373279516,0.351708936,0.110172519,0.109590135,0.170140162,-0.000651023064,0.00153004824,0.000201706505,770.304012,-2749.51166,-425.678421,150.229877,2686.59786,-1049.83791,-1173.97035,-782.806255,4853.8826,47700.0,154666.65869,5.15555529,-30.000000000000004,30000 3000,1e-06,2,0.0 0.0259,0.0 0.0,-1.0 0.0,0.00054857 28.0,80000,1000,5e-10,0.0,0.0 0.0 0.0,1000 1000000 0,0,0.0,0,100,0,,10,,1,,,,1.0,10.0,0.1,False,{},,,False,3,mixed,250,300,True,Ar_Aubin,,False,uniform,Argon-Aubin-Test2/10Td,3.0000000000000005e+21,1.53164e+24,0.0,1.4860533333333333e-13,1.4859800000000002e-13,0.0,0.0,0.0,0.0,0.0,0.0,0.0,0.0,0.0,0.0,0.0,0.0,0.0,0.0,0.0,0.0,0.0,0.0,0.0,0.0,0.0,0.0,1.1111111111111113e-18,2.2222222222222226e-18,8.88888888888889e-19,2.888888888888889e-18,0.0,0.0,2.2222222222222226e-19,0.0,0.0,0.0,1983.5812792534657,781.911423696213,2257.7715943190856,2687.0337459564234,1589.3263076027786,-533.0321473504,224.1171692611262,-612.367545439228,9647.980000000445,9.647980000000445e+23,0.0,0.0
2.39e-05,154764.0,5.15879,3e+22,-731.789,4490.35,17137.7,3.45745,3.42021,3.43812,0.00383537188,-0.000407941809,0.352303675,0.110357797,0.109826217,0.170652679,-0.000679214775,0.00152706452,0.000202655081,1960.78069,-2963.14969,-1559.13575,1352.40356,-499.776743,2261.87772,150.340379,2727.65401,7442.15273,47800.0,154763.558731,5.158785291,-30.000000000000004,30000 3000,1e-06,2,0.0 0.0259,0.0 0.0,-1.0 0.0,0.00054857 28.0,80000,1000,5e-10,0.0,0.0 0.0 0.0,1000 1000000 0,0,0.0,0,100,0,,10,,1,,,,1.0,10.0,0.1,False,{},,,False,3,mixed,250,300,True,Ar_Aubin,,False,uniform,Argon-Aubin-Test2/10Td,3.0000000000000005e+21,1.7137700000000004e+24,0.0,1.4857777777777777e-13,1.4857222222222223e-13,0.0,0.0,0.0,0.0,0.0,0.0,0.0,0.0,0.0,0.0,0.0,0.0,0.0,0.0,0.0,0.0,0.0,0.0,0.0,0.0,0.0,2.2222222222222226e-19,4.444444444444445e-19,1.3333333333333336e-18,1.1111111111111113e-18,2.4444444444444447e-18,0.0,0.0,0.0,0.0,0.0,0.0,1857.7137725241112,1963.5873729526934,2360.549210775331,-497.94494149795685,938.1324374647949,1404.4780389524994,343.4071478796395,-1216.712869643301,11894.779999999106,1.1894779999999106e+24,0.0,0.0
2.395e-05,154736.0,5.15786,3e+22,-4297.28,512.846,3105.91,3.41235,3.42992,3.47329,0.00381296186,-0.000409984319,0.352744747,0.110566361,0.11000245,0.171085642,-0.000677652956,0.0014830391,0.000217503767,1674.3168,155.399418,2061.69623,-3269.64932,2027.58411,-1348.55606,-2953.96561,-1305.84535,434.428259,47900.0,154735.879234,5.157862641,-30.000000000000004,30000 3000,1e-06,2,0.0 0.0259,0.0 0.0,-1.0 0.0,0.00054857 28.0,80000,1000,5e-10,0.0,0.0 0.0 0.0,1000 1000000 0,0,0.0,0,100,0,,10,,1,,,,1.0,10.0,0.1,False,{},,,False,3,mixed,250,300,True,Ar_Aubin,,False,uniform,Argon-Aubin-Test2/10Td,3.0000000000000005e+21,3.10591e+23,0.0,1.490891111111111e-13,1.490837777777778e-13,0.0,0.0,0.0,0.0,0.0,0.0,0.0,0.0,0.0,0.0,0.0,0.0,0.0,0.0,0.0,0.0,0.0,0.0,0.0,0.0,0.0,0.0,2.2222222222222226e-19,2e-18,1.3333333333333336e-18,1.777777777777778e-18,0.0,0.0,0.0,0.0,0.0,0.0,2087.3539931208497,1690.702164741741,1762.3132937770458,2027.794368818062,1219.8588241160712,-661.16517815477,-756.2415662138106,611.7308500175673,8821.440000000846,8.821440000000848e+23,0.0,0.0
2.4e-05,154778.0,5.15927,3e+22,4786.02,-10996.5,16059.7,3.42306,3.44928,3.44392,0.00380666046,-0.000313081064,0.35332355,0.110748906,0.110263166,0.171597817,-0.000624811534,0.00147213905,0.000194276972,1476.80805,856.618672,402.867349,-1682.30423,2283.1501,-1009.78629,2288.36429,-5735.02908,6629.25493,48000.0,154778.149503,5.15927165,-30.000000000000004,30000 3000,1e-06,2,0.0 0.0259,0.0 0.0,-1.0 0.0,0.00054857 28.0,80000,1000,5e-10,0.0,0.0 0.0 0.0,1000 1000000 0,0,0.0,0,100,0,,10,,1,,,,1.0,10.0,0.1,False,{},,,False,3,mixed,250,300,True,Ar_Aubin,,False,uniform,Argon-Aubin-Test2/10Td,3.0000000000000005e+21,1.60597e+24,0.0,1.4877844444444444e-13,1.4877222222222224e-13,0.0,0.0,0.0,0.0,0.0,0.0,0.0,2.2222222222222226e-19,0.0,0.0,0.0,0.0,0.0,0.0,0.0,0.0,0.0,2.2222222222222226e-19,0.0,0.0,0.0,0.0,0.0,2e-18,1.5555555555555556e-18,2e-18,0.0,0.0,0.0,0.0,2.2222222222222226e-19,0.0,1825.930142880794,1458.5892969052309,2607.8606738919043,2279.707304079724,1035.0055149153936,954.9847140649999,-217.61141490966864,939.084237239538,11576.059999999223,1.1576059999999223e+24,0.0,0.0
2.405e-05,154954.0,5.16514,3e+22,-1257.0,3488.4,1696.13,3.44009,3.43911,3.45098,0.00371226604,-0.000370057464,0.353937318,0.110903464,0.110441244,0.172161264,-0.000644834778,0.00149348297,0.000168859537,2821.55037,-2056.12809,1861.94968,-938.089607,1544.66557,45.7427337,-1404.54673,1039.17989,839.862374,48100.0,154954.145433,5.165138181,-30.000000000000004,30000 3000,1e-06,2,0.0 0.0259,0.0 0.0,-1.0 0.0,0.00054857 28.0,80000,1000,5e-10,0.0,0.0 0.0 0.0,1000 1000000 0,0,0.0,0,100,0,,10,,1,,,,1.0,10.0,0.1,False,{},,,False,3,mixed,250,300,True,Ar_Aubin,,False,uniform,Argon-Aubin-Test2/10Td,3.0000000000000005e+21,1.6961300000000003e+23,0.0,1.4885844444444445e-13,1.4885422222222224e-13,0.0,0.0,0.0,0.0,0.0,0.0,0.0,0.0,0.0,0.0,0.0,0.0,0.0,0.0,0.0,0.0,0.0,0.0,0.0,0.0,2.2222222222222226e-19,2.2222222222222226e-19,4.444444444444445e-19,1.3333333333333336e-18,1.5555555555555556e-18,4.444444444444445e-19,0.0,0.0,0.0,0.0,0.0,0.0,1552.6774470599191,2826.21668841228,1780.3907722596657,1545.9564784574175,1293.5291156934704,239.53867082066006,1048.3444294350463,896.0056729275748,12275.360000000292,1.2275360000000292e+24,0.0,0.0
2.41e-05,155126.0,5.17087,3e+22,-6275.19,5385.99,6583.08,3.44696,3.40597,3.48818,0.00373521541,-0.000455534091,0.354498104,0.111108215,0.110597628,0.172668342,-0.000663115028,0.00153635837,0.000175560631,1009.89988,-66.4192079,603.478915,-1804.86754,605.422314,1645.67822,-1639.81987,2612.13445,2290.28226,48200.0,155126.069766,5.170868992,-30.000000000000004,30000 3000,1e-06,2,0.0 0.0259,0.0 0.0,-1.0 0.0,0.00054857 28.0,80000,1000,5e-10,0.0,0.0 0.0 0.0,1000 1000000 0,0,0.0,0,100,0,,10,,1,,,,1.0,10.0,0.1,False,{},,,False,3,mixed,250,300,True,Ar_Aubin,,False,uniform,Argon-Aubin-Test2/10Td,3.0000000000000005e+21,6.583080000000001e+23,0.0,1.4903844444444443e-13,1.490348888888889e-13,0.0,0.0,0.0,0.0,0.0,0.0,0.0,0.0,0.0,0.0,0.0,0.0,0.0,0.0,0.0,0.0,0.0,0.0,0.0,0.0,0.0,0.0,0.0,1.5555555555555556e-18,1.1111111111111113e-18,8.88888888888889e-19,0.0,0.0,0.0,0.0,0.0,0.0,2045.800849926338,1033.339066388678,1563.1343121860764,607.8758160587851,1097.9733343832731,-43.407118480319696,653.1621004699601,1163.6127803784968,11215.719999999597,1.1215719999999598e+24,0.0,0.0
2.415e-05,155014.0,5.16712,3e+22,1139.21,-43.8882,686.452,3.43146,3.461,3.44178,0.00367780859,-0.000477612614,0.355109513,0.111365469,0.110716548,0.173253247,-0.000688780893,0.00149380659,0.000207449659,2546.46409,1267.71739,-128.576887,-2059.16965,2618.18349,-1292.62683,-736.10317,-456.335216,1046.90505,48300.0,155013.671876,5.167122396,-30.000000000000004,30000 3000,1e-06,2,0.0 0.0259,0.0 0.0,-1.0 0.0,0.00054857 28.0,80000,1000,5e-10,0.0,0.0 0.0 0.0,1000 1000000 0,0,0.0,0,100,0,,10,,1,,,,1.0,10.0,0.1,False,{},,,False,3,mixed,250,300,True,Ar_Aubin,,False,uniform,Argon-Aubin-Test2/10Td,3.0000000000000005e+21,6.86452e+22,0.0,1.4905933333333333e-13,1.4904955555555557e-13,0.0,0.0,0.0,0.0,0.0,0.0,0.0,0.0,0.0,0.0,0.0,0.0,0.0,0.0,0.0,0.0,0.0,4.444444444444445e-19,0.0,0.0,0.0,0.0,4.444444444444445e-19,3.1111111111111112e-18,3.1111111111111112e-18,2.666666666666667e-18,0.0,0.0,0.0,0.0,0.0,0.0,2576.7955813442436,2542.274293676186,1188.9939749901157,2618.1625284420743,1510.4451649763928,803.1394145821241,-488.9963285106824,-1271.7490043669527,12228.180000000144,1.2228180000000145e+24,0.0,0.0
2.42e-05,155096.0,5.16988,3e+22,1445.73,582.018,14275.0,3.40515,3.45313,3.4803,0.0036822566,-0.000411591783,0.3556236,0.111655498,0.110988862,0.173721365,-0.000753859436,0.00150737089,0.000239750778,2072.2511,-1109.22015,1778.09285,-1128.19378,2090.59335,2647.99024,-199.752709,-94.426323,3794.87535,48400.0,155096.3068,5.169876893,-30.000000000000004,30000 3000,1e-06,2,0.0 0.0259,0.0 0.0,-1.0 0.0,0.00054857 28.0,80000,1000,5e-10,0.0,0.0 0.0 0.0,1000 1000000 0,0,0.0,0,100,0,,10,,1,,,,1.0,10.0,0.1,False,{},,,False,3,mixed,250,300,True,Ar_Aubin,,False,uniform,Argon-Aubin-Test2/10Td,3.0000000000000005e+21,1.4275e+24,0.0,1.490991111111111e-13,1.4909466666666668e-13,0.0,0.0,0.0,0.0,0.0,0.0,0.0,0.0,0.0,0.0,0.0,0.0,0.0,0.0,0.0,0.0,0.0,0.0,0.0,0.0,0.0,0.0,2.2222222222222226e-19,1.1111111111111113e-18,1.5555555555555556e-18,1.5555555555555556e-18,0.0,0.0,0.0,0.0,0.0,0.0,2899.962623564428,2066.927551165682,2723.7270601321306,2090.8329038263582,1027.3934613716508,-1281.6515400000003,201.83538172713867,1011.6402208069999,10281.739999999929,1.0281739999999929e+24,0.0,0.0
2.425e-05,155133.0,5.17109,3e+22,3443.75,-3132.27,4598.37,3.45738,3.48006,3.40451,0.00379034033,-0.000365545748,0.356071987,0.111840541,0.111170356,0.174166911,-0.000770775066,0.00152676823,0.000252883328,-960.277533,-275.120945,-417.760715,-1793.80506,241.731919,-97.7567057,1667.71675,-121.495302,1467.59272,48500.0,155132.844947,5.171094832,-30.000000000000004,30000 3000,1e-06,2,0.0 0.0259,0.0 0.0,-1.0 0.0,0.00054857 28.0,80000,1000,5e-10,0.0,0.0 0.0 0.0,1000 1000000 0,0,0.0,0,100,0,,10,,1,,,,1.0,10.0,0.1,False,{},,,False,3,mixed,250,300,True,Ar_Aubin,,False,uniform,Argon-Aubin-Test2/10Td,3.0000000000000005e+21,4.5983699999999995e+23,0.0,1.4945933333333333e-13,1.4945511111111113e-13,0.0,0.0,0.0,0.0,0.0,0.0,0.0,0.0,0.0,0.0,0.0,0.0,0.0,0.0,0.0,0.0,0.0,0.0,0.0,0.0,0.0,0.0,0.0,1.5555555555555556e-18,1.3333333333333336e-18,1.3333333333333336e-18,0.0,0.0,0.0,0.0,0.0,0.0,1842.353338510211,-973.3305175114374,1815.2978410194976,240.58693101991204,1264.3095083184064,-169.75802286118983,-414.78648987151956,6.303742505488117,8967.73999999989,8.967739999999891e+23,0.0,0.0
2.43e-05,155105.0,5.17017,3e+22,9397.01,8744.3,10948.7,3.4768,3.39477,3.46715,0.00379454124,-0.00021316587,0.356507826,0.112082575,0.111324789,0.174554402,-0.000785922084,0.00157024109,0.000298099327,1174.14113,-971.720548,54.3901881,1108.46095,520.019025,-1683.43561,3975.59619,2426.53521,4953.21629,48600.0,155105.167591,5.170172253,-30.000000000000004,30000 3000,1e-06,2,0.0 0.0259,0.0 0.0,-1.0 0.0,0.00054857 28.0,80000,1000,5e-10,0.0,0.0 0.0 0.0,1000 1000000 0,0,0.0,0,100,0,,10,,1,,,,1.0,10.0,0.1,False,{},,,False,3,mixed,250,300,True,Ar_Aubin,,False,uniform,Argon-Aubin-Test2/10Td,3.0000000000000005e+21,1.0948700000000002e+24,0.0,1.4916555555555554e-13,1.4916044444444445e-13,0.0,0.0,0.0,0.0,0.0,0.0,0.0,0.0,0.0,0.0,0.0,0.0,0.0,0.0,0.0,0.0,0.0,0.0,0.0,0.0,2.2222222222222226e-19,0.0,4.444444444444445e-19,8.88888888888889e-19,1.777777777777778e-18,1.777777777777778e-18,0.0,0.0,0.0,0.0,0.0,0.0,2420.0213659515694,1138.4837880223076,1545.2118400574589,521.8830113170411,769.2092688185714,1049.9190554737997,806.4644913918307,638.333478425352,8716.78000000098,8.71678000000098e+23,0.0,0.0
2.435e-05,155130.0,5.17099,3e+22,4192.5,-1690.53,14566.5,3.45305,3.45309,3.43452,0.00389064091,-9.80147752e-05,0.357035734,0.112310781,0.111548739,0.175010844,-0.000775837378,0.00160743378,0.000346116336,2270.61872,736.012906,-115.611701,-1688.50368,2515.28825,321.951208,864.155666,513.306859,5199.67992,48700.0,155129.676824,5.170989227,-30.000000000000004,30000 3000,1e-06,2,0.0 0.0259,0.0 0.0,-1.0 0.0,0.00054857 28.0,80000,1000,5e-10,0.0,0.0 0.0 0.0,1000 1000000 0,0,0.0,0,100,0,,10,,1,,,,1.0,10.0,0.1,False,{},,,False,3,mixed,250,300,True,Ar_Aubin,,False,uniform,Argon-Aubin-Test2/10Td,3.0000000000000005e+21,1.4566500000000002e+24,0.0,1.4903955555555556e-13,1.490337777777778e-13,0.0,0.0,0.0,0.0,0.0,0.0,0.0,0.0,0.0,0.0,0.0,0.0,0.0,0.0,0.0,0.0,0.0,0.0,0.0,0.0,0.0,0.0,4.444444444444445e-19,1.3333333333333336e-18,1.777777777777778e-18,2.2222222222222226e-18,0.0,0.0,0.0,0.0,0.0,0.0,2274.674565314883,2254.307207984825,2239.8583279198415,2515.122553082081,797.5664632753344,-1.081099310999889,17.570102149328665,-805.001370610515,10558.159999999318,1.0558159999999319e+24,0.0,0.0
2.44e-05,155241.0,5.17471,3e+22,8345.6,-5867.9,8578.01,3.45445,3.43234,3.46162,0.00391159091,2.05233414e-05,0.357622823,0.112516062,0.111829773,0.175502626,-0.000817518789,0.00164225058,0.000383589181,-2379.57971,-636.847344,539.723793,1677.77044,1670.53688,1660.55879,2928.18945,-1564.88787,4252.94371,48800.0,155241.314884,5.174710496,-30.000000000000004,30000 3000,1e-06,2,0.0 0.0259,0.0 0.0,-1.0 0.0,0.00054857 28.0,80000,1000,5e-10,0.0,0.0 0.0 0.0,1000 1000000 0,0,0.0,0,100,0,,10,,1,,,,1.0,10.0,0.1,False,{},,,False,3,mixed,250,300,True,Ar_Aubin,,False,uniform,Argon-Aubin-Test2/10Td,3.0000000000000005e+21,8.57801e+23,0.0,1.4929155555555555e-13,1.4928644444444446e-13,0.0,0.0,0.0,0.0,0.0,0.0,0.0,0.0,0.0,0.0,0.0,0.0,0.0,0.0,0.0,0.0,0.0,0.0,0.0,0.0,0.0,0.0,4.444444444444445e-19,1.1111111111111113e-18,1.5555555555555556e-18,2e-18,0.0,0.0,0.0,0.0,0.0,0.0,2051.175432433716,-2412.224283098496,2810.43185688612,1670.657308915001,722.1382242944552,1185.2515580777695,500.80898753877403,449.7825454293111,11741.779999999702,1.1741779999999702e+24,0.0,0.0
2.445e-05,155234.0,5.17446,3e+22,3874.71,1512.77,13705.4,3.47963,3.4372,3.43093,0.00390453326,-3.62038815e-05,0.35812224,0.112690377,0.111956234,0.17597706,-0.000814412241,0.00165403268,0.000343846185,3807.22814,335.831001,-2657.81309,-816.288689,1485.45158,-4433.51714,1979.67673,2016.24765,6501.89879,48900.0,155233.932497,5.174464417,-30.000000000000004,30000 3000,1e-06,2,0.0 0.0259,0.0 0.0,-1.0 0.0,0.00054857 28.0,80000,1000,5e-10,0.0,0.0 0.0 0.0,1000 1000000 0,0,0.0,0,100,0,,10,,1,,,,1.0,10.0,0.1,False,{},,,False,3,mixed,250,300,True,Ar_Aubin,,False,uniform,Argon-Aubin-Test2/10Td,3.0000000000000005e+21,1.37054e+24,0.0,1.495851111111111e-13,1.4957933333333336e-13,0.0,0.0,0.0,0.0,0.0,0.0,0.0,0.0,0.0,0.0,0.0,0.0,0.0,0.0,0.0,0.0,0.0,0.0,0.0,0.0,0.0,0.0,2.2222222222222226e-19,3.1111111111111112e-18,1.5555555555555556e-18,6.666666666666668e-19,0.0,0.0,0.0,2.2222222222222226e-19,0.0,0.0,1743.7016346874557,3792.0992059321457,1264.6011048651762,1485.5063481458167,1169.7874787172657,1593.6902419040007,247.12172859273855,-2119.269374692004,9988.34000000004,9.98834000000004e+23,0.0,0.0
2.45e-05,155404.0,5.18012,3e+22,287.48,1595.63,3624.39,3.44089,3.47143,3.44782,0.00395117669,7.06391663e-05,0.35872332,0.112901214,0.112164033,0.176512966,-0.000773112379,0.0016566572,0.000392496588,1202.34933,-282.104273,2044.09974,3144.46342,2382.147,1040.2176,614.431689,808.053862,4273.67175,49000.0,155403.576176,5.180119206,-30.000000000000004,30000 3000,1e-06,2,0.0 0.0259,0.0 0.0,-1.0 0.0,0.00054857 28.0,80000,1000,5e-10,0.0,0.0 0.0 0.0,1000 1000000 0,0,0.0,0,100,0,,10,,1,,,,1.0,10.0,0.1,False,{},,,False,3,mixed,250,300,True,Ar_Aubin,,False,uniform,Argon-Aubin-Test2/10Td,3.0000000000000005e+21,3.62439e+23,0.0,1.4957844444444444e-13,1.4957422222222224e-13,0.0,0.0,0.0,0.0,0.0,0.0,0.0,0.0,0.0,0.0,0.0,0.0,0.0,0.0,0.0,0.0,0.0,0.0,0.0,0.0,0.0,0.0,0.0,1.3333333333333336e-18,1.1111111111111113e-18,1.777777777777778e-18,0.0,0.0,0.0,0.0,0.0,0.0,2104.7058274285823,1201.2134457251589,2077.953208292072,2382.0342860270766,1050.2447079516198,2973.5185362252005,-329.09005835417025,2541.085043682931,12021.600000000632,1.2021600000000632e+24,0.0,0.0
2.455e-05,155524.0,5.18413,3e+22,-1624.95,8168.89,3428.1,3.421,3.47789,3.46892,0.00390257274,0.000110228178,0.359307146,0.11313401,0.112373858,0.177094625,-0.000715167585,0.001687459,0.000413660942,2554.9057,317.84732,2367.33238,445.374052,1013.92955,1459.22086,-2546.08038,3356.82753,721.885698,49100.0,155523.969314,5.18413231,-30.000000000000004,30000 3000,1e-06,2,0.0 0.0259,0.0 0.0,-1.0 0.0,0.00054857 28.0,80000,1000,5e-10,0.0,0.0 0.0 0.0,1000 1000000 0,0,0.0,0,100,0,,10,,1,,,,1.0,10.0,0.1,False,{},,,False,3,mixed,250,300,True,Ar_Aubin,,False,uniform,Argon-Aubin-Test2/10Td,3.0000000000000005e+21,3.4281e+23,0.0,1.495071111111111e-13,1.4950222222222223e-13,0.0,0.0,0.0,0.0,0.0,0.0,0.0,0.0,0.0,0.0,0.0,0.0,0.0,0.0,0.0,0.0,0.0,0.0,0.0,0.0,0.0,0.0,8.88888888888889e-19,4.444444444444445e-19,1.1111111111111113e-18,2.4444444444444447e-18,0.0,0.0,0.0,0.0,0.0,0.0,2331.777232446042,2561.2471855738627,2098.178396405942,1013.0291081390176,1624.5414515711489,-509.8551292026,919.1749375322142,391.72973728270597,11676.520000000191,1.1676520000000192e+24,0.0,0.0
2.46e-05,155407.0,5.18024,3e+22,-3905.03,-137.884,13361.0,3.43352,3.47208,3.45377,0.00387722779,0.000185659661,0.359796697,0.113410005,0.11253137,0.177487098,-0.000708202767,0.00170058709,0.000398458348,1493.83595,1555.40623,467.601094,594.455838,1940.07348,-2482.35437,-535.34551,-1444.23202,5234.28342,49200.0,155407.093796,5.18023646,-30.000000000000004,30000 3000,1e-06,2,0.0 0.0259,0.0 0.0,-1.0 0.0,0.00054857 28.0,80000,1000,5e-10,0.0,0.0 0.0 0.0,1000 1000000 0,0,0.0,0,100,0,,10,,1,,,,1.0,10.0,0.1,False,{},,,False,3,mixed,250,300,True,Ar_Aubin,,False,uniform,Argon-Aubin-Test2/10Td,3.0000000000000005e+21,1.3361000000000002e+24,0.0,1.4976866666666666e-13,1.497608888888889e-13,0.0,0.0,0.0,0.0,0.0,0.0,0.0,0.0,0.0,0.0,0.0,0.0,0.0,0.0,0.0,0.0,0.0,2.2222222222222226e-19,0.0,2.2222222222222226e-19,0.0,0.0,4.444444444444445e-19,2e-18,2.4444444444444447e-18,2.4444444444444447e-18,0.0,0.0,0.0,0.0,0.0,0.0,2761.9217865543224,1508.9766408367836,1574.8968074151549,1940.0990794966974,404.3499455552713,427.0397513829994,406.7322181638099,1285.4688391837199,9791.01999999954,9.791019999999541e+23,0.0,0.0
2.465e-05,155428.0,5.18094,3e+22,2896.09,-4829.21,7109.54,3.45361,3.47611,3.4317,0.00388816706,0.000336083723,0.36043181,0.113658871,0.112714107,0.178076098,-0.000660941155,0.00172424087,0.000378247217,5757.81215,484.444343,164.699623,-262.57084,1694.82377,35.8893528,2057.87945,-1465.39905,4106.7217,49300.0,155428.166044,5.180938868,-30.000000000000004,30000 3000,1e-06,2,0.0 0.0259,0.0 0.0,-1.0 0.0,0.00054857 28.0,80000,1000,5e-10,0.0,0.0 0.0 0.0,1000 1000000 0,0,0.0,0,100,0,,10,,1,,,,1.0,10.0,0.1,False,{},,,False,3,mixed,250,300,True,Ar_Aubin,,False,uniform,Argon-Aubin-Test2/10Td,3.0000000000000005e+21,7.109540000000001e+23,0.0,1.4942244444444443e-13,1.494148888888889e-13,0.0,0.0,0.0,0.0,0.0,0.0,0.0,0.0,0.0,0.0,0.0,0.0,0.0,0.0,0.0,0.0,0.0,0.0,0.0,0.0,0.0,0.0,1.1111111111111113e-18,2e-18,1.3333333333333336e-18,3.1111111111111112e-18,0.0,0.0,0.0,0.0,0.0,0.0,2487.8105224908354,5746.551668259204,1826.585172408357,1696.4467888759489,1315.735122336681,1544.2173295325997,344.96882680861745,1151.0930331373474,12702.26000000041,1.270226000000041e+24,0.0,0.0
2.47e-05,155564.0,5.18547,3e+22,2299.4,3135.71,11439.2,3.45272,3.42973,3.48765,0.00393340022,0.000393349885,0.361014569,0.113920735,0.112894057,0.178619368,-0.000640096632,0.0017201884,0.000375895434,1269.2687,-1156.82285,1707.32776,3429.94636,-17.231247,-1000.58424,412.907301,904.487679,5085.68395,49400.0,155563.992752,5.185466425,-30.000000000000004,30000 3000,1e-06,2,0.0 0.0259,0.0 0.0,-1.0 0.0,0.00054857 28.0,80000,1000,5e-10,0.0,0.0 0.0 0.0,1000 1000000 0,0,0.0,0,100,0,,10,,1,,,,1.0,10.0,0.1,False,{},,,False,3,mixed,250,300,True,Ar_Aubin,,False,uniform,Argon-Aubin-Test2/10Td,3.0000000000000005e+21,1.1439200000000002e+24,0.0,1.4961177777777778e-13,1.4960733333333334e-13,0.0,0.0,0.0,0.0,0.0,0.0,0.0,0.0,0.0,0.0,0.0,0.0,0.0,0.0,0.0,0.0,0.0,0.0,0.0,0.0,2.2222222222222226e-19,0.0,6.666666666666668e-19,1.3333333333333336e-18,6.666666666666668e-19,1.5555555555555556e-18,0.0,0.0,0.0,0.0,0.0,0.0,2615.102057957758,1260.224239534132,1799.0822813684915,-18.46467816789335,1228.4062962034104,955.9660922951989,-452.9632821925322,1245.123209244776,11655.179999999766,1.1655179999999766e+24,0.0,0.0
2.475e-05,155618.0,5.18725,3e+22,8351.27,2927.29,8421.89,3.48722,3.44238,3.44405,0.00398925131,0.000489250267,0.361620252,0.114145275,0.113160877,0.179189975,-0.000686621464,0.00173414039,0.000370604434,-56.0299163,2206.5964,-894.913482,-73.4203893,1832.12891,1423.39665,3138.72282,635.735583,3894.27119,49500.0,155617.518557,5.187250619,-30.000000000000004,30000 3000,1e-06,2,0.0 0.0259,0.0 0.0,-1.0 0.0,0.00054857 28.0,80000,1000,5e-10,0.0,0.0 0.0 0.0,1000 1000000 0,0,0.0,0,100,0,,10,,1,,,,1.0,10.0,0.1,False,{},,,False,3,mixed,250,300,True,Ar_Aubin,,False,uniform,Argon-Aubin-Test2/10Td,3.0000000000000005e+21,8.42189e+23,0.0,1.4984533333333333e-13,1.498388888888889e-13,0.0,0.0,0.0,0.0,0.0,0.0,0.0,0.0,0.0,0.0,0.0,0.0,0.0,0.0,0.0,0.0,0.0,0.0,0.0,0.0,0.0,0.0,4.444444444444445e-19,2.2222222222222226e-18,1.3333333333333336e-18,2.4444444444444447e-18,0.0,0.0,0.0,0.0,0.0,0.0,2240.9751127636105,-89.3452310876637,2667.35358308276,1830.6967325859134,1329.1937371229246,848.7452058837202,-172.5457777144914,-809.7760596352159,12113.659999999361,1.211365999999936e+24,0.0,0.0
2.48e-05,155538.0,5.18459,3e+22,-2625.0,4537.73,4275.05,3.4613,3.45434,3.45328,0.00401646774,0.000474847481,0.362151165,0.11438555,0.113457171,0.179655109,-0.000744162235,0.00173558094,0.000392229346,3408.19612,33.6948836,372.664668,-1028.30484,1369.32052,-25.7568922,-1707.63168,1959.35234,2552.68555,49600.0,155537.780863,5.184592695,-30.000000000000004,30000 3000,1e-06,2,0.0 0.0259,0.0 0.0,-1.0 0.0,0.00054857 28.0,80000,1000,5e-10,0.0,0.0 0.0 0.0,1000 1000000 0,0,0.0,0,100,0,,10,,1,,,,1.0,10.0,0.1,False,{},,,False,3,mixed,250,300,True,Ar_Aubin,,False,uniform,Argon-Aubin-Test2/10Td,3.0000000000000005e+21,4.2750500000000005e+23,0.0,1.5008555555555555e-13,1.500777777777778e-13,0.0,0.0,0.0,0.0,0.0,0.0,0.0,0.0,0.0,0.0,0.0,0.0,0.0,0.0,0.0,0.0,0.0,0.0,0.0,0.0,0.0,0.0,2.2222222222222226e-19,1.1111111111111113e-18,2.888888888888889e-18,3.555555555555556e-18,0.0,0.0,0.0,0.0,0.0,0.0,2400.5711290787935,3418.7393478175,2963.0788569354195,1367.165790340042,808.7434568626595,1004.47121206675,-210.67714424774596,-401.49080428688717,10618.260000000435,1.0618260000000435e+24,0.0,0.0
2.485e-05,155612.0,5.18705,3e+22,-1232.23,-5392.76,14222.6,3.48793,3.41419,3.47066,0.00405660662,0.000380838026,0.362734857,0.114786262,0.113651373,0.180185151,-0.000712955294,0.00173708939,0.00035928152,4636.71985,-330.183967,951.342217,-297.345921,3116.60417,3108.55154,1090.19572,-753.635207,5937.30078,49700.0,155611.552318,5.187051744,-30.000000000000004,30000 3000,1e-06,2,0.0 0.0259,0.0 0.0,-1.0 0.0,0.00054857 28.0,80000,1000,5e-10,0.0,0.0 0.0 0.0,1000 1000000 0,0,0.0,0,100,0,,10,,1,,,,1.0,10.0,0.1,False,{},,,False,3,mixed,250,300,True,Ar_Aubin,,False,uniform,Argon-Aubin-Test2/10Td,3.0000000000000005e+21,1.4222600000000003e+24,0.0,1.4989466666666667e-13,1.498888888888889e-13,0.0,0.0,0.0,0.0,0.0,0.0,0.0,0.0,0.0,0.0,0.0,0.0,0.0,0.0,0.0,0.0,0.0,0.0,0.0,0.0,0.0,0.0,6.666666666666668e-19,2.2222222222222226e-18,1.1111111111111113e-18,1.777777777777778e-18,0.0,0.0,0.0,0.0,0.0,0.0,4003.879558370366,4641.718522375363,1942.8244252815698,3118.657938073092,1069.3182804674684,778.2680028317991,-307.91401970072747,2430.8152165274983,11673.840000000491,1.1673840000000492e+24,0.0,0.0
2.49e-05,155550.0,5.18499,3e+22,-4404.2,7917.0,15684.0,3.45935,3.4537,3.45508,0.00401014648,0.000321282175,0.363258123,0.115027689,0.113881675,0.180668737,-0.000713844568,0.00173231969,0.000387678912,840.388945,-103.44724,-1817.7073,-1729.94838,1932.0298,-1659.14618,-1760.7041,4242.67441,7618.68951,49800.0,155549.830859,5.184994362,-30.000000000000004,30000 3000,1e-06,2,0.0 0.0259,0.0 0.0,-1.0 0.0,0.00054857 28.0,80000,1000,5e-10,0.0,0.0 0.0 0.0,1000 1000000 0,0,0.0,0,100,0,,10,,1,,,,1.0,10.0,0.1,False,{},,,False,3,mixed,250,300,True,Ar_Aubin,,False,uniform,Argon-Aubin-Test2/10Td,3.0000000000000005e+21,1.5684000000000003e+24,0.0,1.498942222222222e-13,1.498868888888889e-13,0.0,0.0,0.0,0.0,0.0,0.0,0.0,0.0,0.0,0.0,0.0,0.0,0.0,0.0,0.0,0.0,0.0,0.0,0.0,0.0,0.0,0.0,6.666666666666668e-19,2e-18,2.888888888888889e-18,1.777777777777778e-18,0.0,0.0,0.0,0.0,0.0,0.0,2418.017824783736,858.050432127216,2303.4381536608807,1929.486209020525,1036.9855732733636,1921.3491088680003,199.69277862193215,-2041.44511207572,10465.319999999334,1.0465319999999335e+24,0.0,0.0
2.495e-05,155546.0,5.18486,3e+22,6890.58,1886.7,10848.8,3.44225,3.46202,3.46448,0.00402392301,0.000321780955,0.363839385,0.11522993,0.114029381,0.181204095,-0.00072749608,0.00175887676,0.00032718761,1582.8564,-1832.22281,157.142149,1025.82658,323.331545,1881.15082,2591.89646,546.065452,4531.07997,49900.0,155545.74264,5.184858088,-30.000000000000004,30000 3000,1e-06,2,0.0 0.0259,0.0 0.0,-1.0 0.0,0.00054857 28.0,80000,1000,5e-10,0.0,0.0 0.0 0.0,1000 1000000 0,0,0.0,0,100,0,,10,,1,,,,1.0,10.0,0.1,False,{},,,False,3,mixed,250,300,True,Ar_Aubin,,False,uniform,Argon-Aubin-Test2/10Td,3.0000000000000005e+21,1.08488e+24,0.0,1.4992488888888888e-13,1.499177777777778e-13,0.0,0.0,0.0,0.0,0.0,0.0,0.0,2.2222222222222226e-19,0.0,0.0,0.0,0.0,0.0,0.0,2.2222222222222226e-19,0.0,0.0,0.0,0.0,0.0,0.0,0.0,2.2222222222222226e-19,1.3333333333333336e-18,1.777777777777778e-18,3.3333333333333337e-18,0.0,0.0,0.0,0.0,0.0,0.0,2021.3031840063402,1555.1292365857541,1477.056792529574,322.7244408722015,1127.2384830490757,583.8592500119998,384.27360068215427,198.31948355581153,11625.240000000536,1.1625240000000536e+24,0.0,0.0
2.5e-05,155578.0,5.18593,3e+22,3044.72,5247.27,11709.0,3.45531,3.42297,3.49258,0.00395140611,0.000299344663,0.364390557,0.115369171,0.114235653,0.181704687,-0.000758643679,0.00174564201,0.000336621715,1475.72553,-513.579113,740.223019,127.065282,1354.90789,2059.68123,2205.06326,2219.38604,6889.69206,50000.0,155577.78077,5.185926026,-30.000000000000004,30000 3000,1e-06,2,0.0 0.0259,0.0 0.0,-1.0 0.0,0.00054857 28.0,80000,1000,5e-10,0.0,0.0 0.0 0.0,1000 1000000 0,0,0.0,0,100,0,,10,,1,,,,1.0,10.0,0.1,False,{},,,False,3,mixed,250,300,True,Ar_Aubin,,False,uniform,Argon-Aubin-Test2/10Td,3.0000000000000005e+21,1.1709000000000001e+24,0.0,1.4965177777777778e-13,1.496457777777778e-13,0.0,0.0,0.0,0.0,0.0,0.0,0.0,0.0,0.0,0.0,0.0,0.0,0.0,0.0,0.0,0.0,0.0,0.0,0.0,0.0,0.0,0.0,0.0,1.1111111111111113e-18,2.2222222222222226e-18,2.666666666666667e-18,0.0,0.0,0.0,0.0,0.0,0.0,1398.1934614427928,1463.6946047887607,2062.859357557512,1353.33714773018,992.1204640797599,2623.0430280870005,219.43699779291768,1789.55204814897,11023.439999999773,1.1023439999999774e+24,0.0,0.0
2.505e-05,155544.0,5.18481,3e+22,-2329.03,-2190.61,6856.21,3.44789,3.46731,3.45409,0.00390215292,0.000426513557,0.364900572,0.115635667,0.114469215,0.182143238,-0.000708779473,0.0016964372,0.000393037383,205.03711,2898.44379,-1146.2297,-891.808499,3234.15785,1694.30259,-1906.22913,-859.466346,3583.87195,50100.0,155544.352008,5.184811734,-30.000000000000004,30000 3000,1e-06,2,0.0 0.0259,0.0 0.0,-1.0 0.0,0.00054857 28.0,80000,1000,5e-10,0.0,0.0 0.0 0.0,1000 1000000 0,0,0.0,0,100,0,,10,,1,,,,1.0,10.0,0.1,False,{},,,False,3,mixed,250,300,True,Ar_Aubin,,False,uniform,Argon-Aubin-Test2/10Td,3.0000000000000005e+21,6.85621e+23,0.0,1.4983022222222222e-13,1.4982377777777778e-13,0.0,0.0,0.0,0.0,0.0,0.0,0.0,0.0,0.0,0.0,0.0,0.0,2.2222222222222226e-19,0.0,0.0,0.0,0.0,2.2222222222222226e-19,0.0,0.0,0.0,2.2222222222222226e-19,2.2222222222222226e-19,2e-18,2e-18,1.5555555555555556e-18,0.0,0.0,0.0,0.0,0.0,0.0,2668.828128350731,214.1253412152676,2334.696934129521,3235.0921748631,666.015848430901,1082.0369992478804,-664.9513836673406,-2229.348430666473,10200.299999999497,1.0200299999999499e+24,0.0,0.0
2.51e-05,155533.0,5.18444,3e+22,4833.06,4253.05,3219.82,3.47873,3.43375,3.45611,0.00402297904,0.000515641632,0.365343823,0.115919632,0.114732067,0.182597654,-0.000661781786,0.00171103729,0.000451166351,2957.53306,485.47799,-247.210743,765.189118,4089.34424,1363.2249,2123.19093,2424.46327,1586.4061,50200.0,155533.230638,5.184441021,-30.000000000000004,30000 3000,1e-06,2,0.0 0.0259,0.0 0.0,-1.0 0.0,0.00054857 28.0,80000,1000,5e-10,0.0,0.0 0.0 0.0,1000 1000000 0,0,0.0,0,100,0,,10,,1,,,,1.0,10.0,0.1,False,{},,,False,3,mixed,250,300,True,Ar_Aubin,,False,uniform,Argon-Aubin-Test2/10Td,3.0000000000000005e+21,3.2198200000000006e+23,0.0,1.5001755555555555e-13,1.5001266666666668e-13,0.0,0.0,0.0,0.0,0.0,0.0,0.0,2.2222222222222226e-19,0.0,0.0,0.0,0.0,0.0,0.0,0.0,0.0,0.0,0.0,0.0,0.0,0.0,0.0,4.444444444444445e-19,1.1111111111111113e-18,1.1111111111111113e-18,2e-18,0.0,0.0,0.0,0.0,0.0,0.0,2830.0743705478303,2938.089760920938,2627.680275216482,4087.151190357022,1307.3444167183147,410.06475182813983,-625.452395659992,97.29830143904701,8865.020000000668,8.865020000000669e+23,0.0,0.0
2.515e-05,155690.0,5.18968,3e+22,8295.96,-834.94,11495.4,3.46261,3.42901,3.4866,0.00400052975,0.00056391788,0.365921426,0.116104571,0.114934616,0.183143663,-0.000651690633,0.00173334105,0.000460237833,4104.66781,1694.94984,1254.61124,2156.11767,404.339736,-1713.33628,2756.4936,-642.457153,4166.08096,50300.0,155690.485356,5.189682845,-30.000000000000004,30000 3000,1e-06,2,0.0 0.0259,0.0 0.0,-1.0 0.0,0.00054857 28.0,80000,1000,5e-10,0.0,0.0 0.0 0.0,1000 1000000 0,0,0.0,0,100,0,,10,,1,,,,1.0,10.0,0.1,False,{},,,False,3,mixed,250,300,True,Ar_Aubin,,False,uniform,Argon-Aubin-Test2/10Td,3.0000000000000005e+21,1.1495400000000001e+24,0.0,1.5004755555555555e-13,1.5004355555555556e-13,0.0,0.0,0.0,0.0,0.0,0.0,0.0,0.0,0.0,0.0,0.0,0.0,0.0,0.0,0.0,0.0,0.0,0.0,0.0,0.0,0.0,2.2222222222222226e-19,0.0,6.666666666666668e-19,1.3333333333333336e-18,1.777777777777778e-18,0.0,0.0,0.0,0.0,0.0,0.0,1851.1912207565263,4071.47957521519,2024.9688291727741,404.8105735947272,1236.2799838186445,-40.3322004403999,563.8950289409313,929.4476370728903,11552.059999999643,1.1552059999999645e+24,0.0,0.0
2.52e-05,155706.0,5.19021,3e+22,-1202.63,558.001,8382.65,3.46096,3.44684,3.4722,0.00402631422,0.000595094063,0.366316673,0.116361943,0.115119517,0.183502751,-0.000707644203,0.00182463443,0.000461976768,3131.23724,-1776.28015,1913.60085,-81.3420038,738.741462,-924.04882,-1542.78113,666.394975,3823.67269,50400.0,155706.207875,5.190206929,-30.000000000000004,30000 3000,1e-06,2,0.0 0.0259,0.0 0.0,-1.0 0.0,0.00054857 28.0,80000,1000,5e-10,0.0,0.0 0.0 0.0,1000 1000000 0,0,0.0,0,100,0,,10,,1,,,,1.0,10.0,0.1,False,{},,,False,3,mixed,250,300,True,Ar_Aubin,,False,uniform,Argon-Aubin-Test2/10Td,3.0000000000000005e+21,8.38265e+23,0.0,1.501111111111111e-13,1.5010755555555558e-13,0.0,0.0,0.0,0.0,0.0,0.0,0.0,0.0,0.0,0.0,0.0,0.0,0.0,0.0,0.0,0.0,0.0,4.444444444444445e-19,0.0,0.0,0.0,0.0,2.2222222222222226e-19,2.2222222222222226e-19,2e-18,6.666666666666668e-19,0.0,0.0,0.0,0.0,0.0,0.0,2571.6503208245144,3136.0794062703985,1848.6486643157218,738.4093989177519,696.7308808453199,752.9682310765502,1605.3380270486703,777.611957553707,7904.9399999997495,7.904939999999751e+23,0.0,0.0
2.525e-05,155806.0,5.19354,3e+22,2923.32,-4299.72,11659.3,3.45777,3.48639,3.44199,0.00411579113,0.000585604371,0.366908227,0.116660715,0.115349391,0.184095315,-0.000737256933,0.00184625699,0.000459119085,997.284579,-1144.72482,1710.37,926.718317,813.923376,-1087.02033,2030.54472,-1244.36113,4184.93011,50500.0,155806.217432,5.193540581,-30.000000000000004,30000 3000,1e-06,2,0.0 0.0259,0.0 0.0,-1.0 0.0,0.00054857 28.0,80000,1000,5e-10,0.0,0.0 0.0 0.0,1000 1000000 0,0,0.0,0,100,0,,10,,1,,,,1.0,10.0,0.1,False,{},,,False,3,mixed,250,300,True,Ar_Aubin,,False,uniform,Argon-Aubin-Test2/10Td,3.0000000000000005e+21,1.16593e+24,0.0,1.50408e-13,1.5040266666666669e-13,0.0,0.0,0.0,0.0,0.0,0.0,0.0,0.0,0.0,0.0,0.0,0.0,0.0,0.0,0.0,0.0,0.0,0.0,0.0,0.0,0.0,0.0,4.444444444444445e-19,1.5555555555555556e-18,1.1111111111111113e-18,2.2222222222222226e-18,0.0,0.0,0.0,0.0,0.0,0.0,2980.4346957239272,985.2528044738484,2298.852044644723,816.4413108260761,1588.2187750543287,-92.96298106109953,-271.7807337527297,2620.3373183243507,11831.079999999884,1.1831079999999884e+24,0.0,0.0
2.53e-05,155850.0,5.195,3e+22,-4517.19,-541.286,15095.6,3.44311,3.4962,3.44926,0.00429959277,0.0005093319,0.367408008,0.116948654,0.115601823,0.184519906,-0.000728149456,0.00194430535,0.000405691095,2284.92917,-931.746433,2646.48315,589.916866,1861.35423,-2391.62434,-1061.59874,438.945083,6998.11819,50600.0,155849.854716,5.194995157,-30.000000000000004,30000 3000,1e-06,2,0.0 0.0259,0.0 0.0,-1.0 0.0,0.00054857 28.0,80000,1000,5e-10,0.0,0.0 0.0 0.0,1000 1000000 0,0,0.0,0,100,0,,10,,1,,,,1.0,10.0,0.1,False,{},,,False,3,mixed,250,300,True,Ar_Aubin,,False,uniform,Argon-Aubin-Test2/10Td,3.0000000000000005e+21,1.50956e+24,0.0,1.5024044444444443e-13,1.5023555555555558e-13,0.0,0.0,0.0,0.0,0.0,0.0,0.0,0.0,0.0,0.0,0.0,0.0,0.0,0.0,0.0,0.0,0.0,0.0,0.0,0.0,0.0,0.0,6.666666666666668e-19,1.3333333333333336e-18,1.5555555555555556e-18,1.3333333333333336e-18,0.0,0.0,0.0,0.0,0.0,0.0,2863.9223863795305,2304.3512474647164,2525.155134949775,1861.6299242268233,575.9369775543145,1451.8738644351997,569.223427474481,3179.631257038708,9995.62000000065,9.99562000000065e+23,0.0,0.0
2.535e-05,155857.0,5.19522,3e+22,-7814.96,8082.92,5413.02,3.47017,3.47579,3.4436,0.00431193173,0.000481962176,0.367814954,0.117140414,0.115815504,0.184918956,-0.000695171561,0.00191477983,0.000429054363,2194.34896,465.901671,-1655.89427,81.01094,695.106884,-192.192516,-1801.33108,2074.34558,3515.42754,50700.0,155856.748305,5.195224943,-30.000000000000004,30000 3000,1e-06,2,0.0 0.0259,0.0 0.0,-1.0 0.0,0.00054857 28.0,80000,1000,5e-10,0.0,0.0 0.0 0.0,1000 1000000 0,0,0.0,0,100,0,,10,,1,,,,1.0,10.0,0.1,False,{},,,False,3,mixed,250,300,True,Ar_Aubin,,False,uniform,Argon-Aubin-Test2/10Td,3.0000000000000005e+21,5.4130200000000007e+23,0.0,1.5046622222222222e-13,1.5046222222222223e-13,0.0,0.0,0.0,0.0,0.0,0.0,0.0,0.0,0.0,0.0,0.0,0.0,0.0,0.0,0.0,0.0,0.0,0.0,0.0,0.0,0.0,0.0,2.2222222222222226e-19,8.88888888888889e-19,1.5555555555555556e-18,1.3333333333333336e-18,0.0,0.0,0.0,0.0,0.0,0.0,1916.5374274364433,2228.0465339926805,2137.0813144526437,691.2112222883661,998.5395650594087,1524.4378376989198,-716.2735216837682,-606.1067697812841,8138.920000000383,8.138920000000383e+23,0.0,0.0
2.54e-05,155718.0,5.19062,3e+22,1129.38,-726.853,4550.56,3.48149,3.46463,3.43499,0.00416646479,0.000481191838,0.368137622,0.117339888,0.115968154,0.185282093,-0.000741570324,0.00184953822,0.000439860707,1437.19482,1239.56009,-2152.62277,1389.83516,1001.36559,948.964337,685.363818,-476.626809,3251.21838,50800.0,155718.498635,5.190616621,-30.000000000000004,30000 3000,1e-06,2,0.0 0.0259,0.0 0.0,-1.0 0.0,0.00054857 28.0,80000,1000,5e-10,0.0,0.0 0.0 0.0,1000 1000000 0,0,0.0,0,100,0,,10,,1,,,,1.0,10.0,0.1,False,{},,,False,3,mixed,250,300,True,Ar_Aubin,,False,uniform,Argon-Aubin-Test2/10Td,3.0000000000000005e+21,4.5505600000000006e+23,0.0,1.4986177777777778e-13,1.4985644444444445e-13,0.0,0.0,0.0,0.0,0.0,0.0,0.0,0.0,0.0,0.0,0.0,0.0,0.0,0.0,0.0,0.0,0.0,0.0,0.0,0.0,0.0,0.0,2.2222222222222226e-19,1.1111111111111113e-18,2.2222222222222226e-18,1.777777777777778e-18,0.0,0.0,0.0,0.0,0.0,0.0,2007.0732639787536,1432.4892979954698,1526.507419541412,1001.7153457310258,1256.6865420726715,1575.9860428316797,-261.6215803247744,-1901.9859675491425,6453.3599999994085,6.453359999999409e+23,0.0,0.0
2.545e-05,155612.0,5.18706,3e+22,98.6276,-4824.39,9534.55,3.49057,3.42957,3.45334,0.00419235436,0.000435671044,0.368616234,0.117630779,0.116086326,0.185739359,-0.000671238199,0.00183934068,0.000395555044,1654.38757,-803.670764,-1607.64946,1842.50447,366.742928,-499.773394,11.6030473,-2704.99599,2040.7508,50900.0,155611.805492,5.187060183,-30.000000000000004,30000 3000,1e-06,2,0.0 0.0259,0.0 0.0,-1.0 0.0,0.00054857 28.0,80000,1000,5e-10,0.0,0.0 0.0 0.0,1000 1000000 0,0,0.0,0,100,0,,10,,1,,,,1.0,10.0,0.1,False,{},,,False,3,mixed,250,300,True,Ar_Aubin,,False,uniform,Argon-Aubin-Test2/10Td,3.0000000000000005e+21,9.534549999999999e+23,0.0,1.4969666666666667e-13,1.4968933333333334e-13,0.0,0.0,0.0,0.0,0.0,0.0,0.0,0.0,0.0,0.0,0.0,0.0,0.0,0.0,0.0,0.0,0.0,0.0,0.0,0.0,0.0,0.0,4.444444444444445e-19,2.4444444444444447e-18,2e-18,2.4444444444444447e-18,0.0,0.0,0.0,0.0,0.0,0.0,2906.74593766499,1653.9740881511239,1182.1373632638079,368.8447750279632,1046.4676347210489,-1473.8391138846994,-434.6995167870153,-1672.3743594435964,9572.239999999789,9.57223999999979e+23,0.0,0.0
2.55e-05,155545.0,5.18482,3e+22,2182.88,-921.081,14269.2,3.43927,3.4721,3.4571,0.0042018379,0.000390436086,0.369046042,0.117872173,0.116229137,0.186155608,-0.000673651312,0.00189500323,0.000360525802,2520.38829,1490.62414,200.25405,-765.556542,2060.17205,-1868.32093,359.029165,-632.570763,5723.95146,51000.0,155544.729142,5.184824305,-30.000000000000004,30000 3000,1e-06,2,0.0 0.0259,0.0 0.0,-1.0 0.0,0.00054857 28.0,80000,1000,5e-10,0.0,0.0 0.0 0.0,1000 1000000 0,0,0.0,0,100,0,,10,,1,,,,1.0,10.0,0.1,False,{},,,False,3,mixed,250,300,True,Ar_Aubin,,False,uniform,Argon-Aubin-Test2/10Td,3.0000000000000005e+21,1.4269200000000002e+24,0.0,1.4977644444444444e-13,1.4977066666666667e-13,0.0,0.0,0.0,0.0,0.0,0.0,0.0,0.0,0.0,0.0,0.0,0.0,0.0,0.0,0.0,0.0,0.0,0.0,0.0,0.0,0.0,0.0,4.444444444444445e-19,1.3333333333333336e-18,2.2222222222222226e-18,1.777777777777778e-18,0.0,0.0,0.0,0.0,0.0,0.0,2413.1439334193483,2511.216182084848,1428.4836892131116,2060.5316732605293,991.9585247697427,457.9596774935999,1007.215593121771,-306.25687452364014,8596.160000000631,8.596160000000632e+23,0.0,0.0
2.555e-05,155499.0,5.1833,3e+22,1492.25,-1603.32,12391.8,3.4584,3.43644,3.47086,0.00436153652,0.000422143627,0.369452816,0.118095889,0.116372518,0.186621906,-0.000737268886,0.00193458187,0.000371838138,3034.50253,-1147.09353,1712.67482,2339.74861,1223.5721,2770.54621,1109.65952,-669.915333,5438.50822,51100.0,155498.9403,5.18329801,-30.000000000000004,30000 3000,1e-06,2,0.0 0.0259,0.0 0.0,-1.0 0.0,0.00054857 28.0,80000,1000,5e-10,0.0,0.0 0.0 0.0,1000 1000000 0,0,0.0,0,100,0,,10,,1,,,,1.0,10.0,0.1,False,{},,,False,3,mixed,250,300,True,Ar_Aubin,,False,uniform,Argon-Aubin-Test2/10Td,3.0000000000000005e+21,1.23918e+24,0.0,1.4976555555555556e-13,1.4976066666666668e-13,0.0,0.0,0.0,0.0,0.0,0.0,0.0,0.0,0.0,0.0,0.0,0.0,2.2222222222222226e-19,0.0,0.0,0.0,0.0,0.0,0.0,0.0,0.0,0.0,6.666666666666668e-19,1.1111111111111113e-18,4.444444444444445e-19,2.2222222222222226e-18,0.0,0.0,0.0,0.0,2.2222222222222226e-19,0.0,2223.4844092257345,3027.99402712803,1433.5523509544091,1224.2489313200417,1658.9586553591996,860.3228146911997,-422.63326560497245,2216.971087075464,8135.479999999973,8.135479999999974e+23,0.0,0.0
2.56e-05,155652.0,5.18841,3e+22,-7551.17,6500.86,10909.1,3.47222,3.4743,3.42906,0.00439002373,0.000401602452,0.370019013,0.11830871,0.116573921,0.18716623,-0.000681490113,0.00200243572,0.000327972502,3182.29698,1254.04958,-963.834335,326.032824,838.589501,-2971.29308,-3136.75679,1187.27987,4563.63496,51200.0,155652.380396,5.18841268,-30.000000000000004,30000 3000,1e-06,2,0.0 0.0259,0.0 0.0,-1.0 0.0,0.00054857 28.0,80000,1000,5e-10,0.0,0.0 0.0 0.0,1000 1000000 0,0,0.0,0,100,0,,10,,1,,,,1.0,10.0,0.1,False,{},,,False,3,mixed,250,300,True,Ar_Aubin,,False,uniform,Argon-Aubin-Test2/10Td,3.0000000000000005e+21,1.0909100000000002e+24,0.0,1.50014e-13,1.5001e-13,0.0,0.0,0.0,0.0,0.0,0.0,0.0,0.0,0.0,0.0,0.0,0.0,0.0,0.0,0.0,0.0,0.0,0.0,0.0,0.0,0.0,0.0,2.2222222222222226e-19,8.88888888888889e-19,1.1111111111111113e-18,1.777777777777778e-18,0.0,0.0,0.0,0.0,0.0,0.0,2125.7169246534368,3215.4467954892643,2014.1992071236182,835.9787396838914,1256.3726883568772,527.0605452816999,1096.8710355932326,-1354.4058624777326,11323.939999999811,1.1323939999999812e+24,0.0,0.0
2.565e-05,155642.0,5.18805,3e+22,-2118.73,-350.9,7260.05,3.44793,3.46919,3.45866,0.00441382939,0.000350658503,0.370434178,0.118481337,0.116856429,0.187534238,-0.000712758785,0.00204903193,0.000260332787,3380.89782,31.8314874,889.669097,-2249.99378,1289.77955,-0.494025465,-617.272127,299.819858,2371.50332,51300.0,155641.535058,5.188051169,-30.000000000000004,30000 3000,1e-06,2,0.0 0.0259,0.0 0.0,-1.0 0.0,0.00054857 28.0,80000,1000,5e-10,0.0,0.0 0.0 0.0,1000 1000000 0,0,0.0,0,100,0,,10,,1,,,,1.0,10.0,0.1,False,{},,,False,3,mixed,250,300,True,Ar_Aubin,,False,uniform,Argon-Aubin-Test2/10Td,3.0000000000000005e+21,7.26005e+23,0.0,1.500151111111111e-13,1.5001066666666668e-13,0.0,0.0,0.0,0.0,0.0,0.0,0.0,0.0,0.0,0.0,0.0,0.0,0.0,0.0,0.0,0.0,0.0,0.0,0.0,0.0,0.0,0.0,2.2222222222222226e-19,1.777777777777778e-18,1.1111111111111113e-18,1.3333333333333336e-18,0.0,0.0,0.0,0.0,0.0,0.0,1724.1741846593661,3390.249532743475,2825.4632314372866,1289.9025960687027,605.9775095848541,-317.8673339889001,719.1039140857407,1025.2023538910705,8303.299999999903,8.303299999999903e+23,0.0,0.0
2.57e-05,155693.0,5.18978,3e+22,-681.962,-7988.77,8786.63,3.47873,3.43511,3.46491,0.00453655109,0.000321493928,0.370995665,0.118790942,0.117016394,0.188005329,-0.000676058273,0.00207509056,0.000292589141,-536.439966,1144.55765,1633.45377,942.359664,782.815605,-1374.05255,-1024.92446,-4168.60074,4147.70945,51400.0,155693.495329,5.189783178,-30.000000000000004,30000 3000,1e-06,2,0.0 0.0259,0.0 0.0,-1.0 0.0,0.00054857 28.0,80000,1000,5e-10,0.0,0.0 0.0 0.0,1000 1000000 0,0,0.0,0,100,0,,10,,1,,,,1.0,10.0,0.1,False,{},,,False,3,mixed,250,300,True,Ar_Aubin,,False,uniform,Argon-Aubin-Test2/10Td,3.0000000000000005e+21,8.78663e+23,0.0,1.4991155555555555e-13,1.4990577777777779e-13,0.0,0.0,0.0,0.0,0.0,0.0,0.0,0.0,0.0,0.0,0.0,0.0,0.0,0.0,0.0,0.0,0.0,0.0,0.0,0.0,0.0,0.0,4.444444444444445e-19,1.1111111111111113e-18,1.1111111111111113e-18,2.888888888888889e-18,0.0,2.2222222222222226e-19,0.0,0.0,0.0,0.0,3085.0659409184523,-533.3462105455615,1599.8460303998097,785.3839460471886,547.8778174347609,887.9078100410507,-438.9779304826702,821.6732597908034,11229.739999999434,1.1229739999999435e+24,0.0,0.0
2.575e-05,155810.0,5.19366,3e+22,2138.39,-10279.8,8320.7,3.46013,3.4445,3.48166,0.00453218882,0.000220839447,0.371577267,0.119073846,0.117242876,0.188538496,-0.000620539372,0.00208747039,0.000263006575,1798.90978,-793.921072,-208.523165,-346.400419,3615.38851,-1154.16092,1109.68224,-4649.56349,3968.62421,51500.0,155809.73026,5.193657675,-30.000000000000004,30000 3000,1e-06,2,0.0 0.0259,0.0 0.0,-1.0 0.0,0.00054857 28.0,80000,1000,5e-10,0.0,0.0 0.0 0.0,1000 1000000 0,0,0.0,0,100,0,,10,,1,,,,1.0,10.0,0.1,False,{},,,False,3,mixed,250,300,True,Ar_Aubin,,False,uniform,Argon-Aubin-Test2/10Td,3.0000000000000005e+21,8.320700000000002e+23,0.0,1.502388888888889e-13,1.5023400000000002e-13,0.0,0.0,0.0,0.0,0.0,0.0,0.0,0.0,0.0,0.0,0.0,0.0,0.0,0.0,0.0,0.0,0.0,0.0,0.0,0.0,0.0,0.0,0.0,8.88888888888889e-19,1.777777777777778e-18,2.2222222222222226e-18,0.0,0.0,0.0,0.0,0.0,0.0,2829.4356029204273,1789.2181927492002,2265.3658828439284,3617.6586953472706,1012.8509760293225,876.8412444730998,227.24566354940384,68.87097950529608,11632.040000000288,1.1632040000000289e+24,0.0,0.0
2.58e-05,155856.0,5.19521,3e+22,-6213.53,1684.31,9309.34,3.48767,3.42459,3.47744,0.00439882995,7.74571429e-05,0.372103054,0.119234754,0.11742349,0.189002776,-0.000623492896,0.00201887955,0.000172901361,3033.55095,-1134.71146,-249.827762,2269.56979,1577.81457,-2046.3046,-3793.11573,367.285914,4131.35957,51600.0,155856.415931,5.195213864,-30.000000000000004,30000 3000,1e-06,2,0.0 0.0259,0.0 0.0,-1.0 0.0,0.00054857 28.0,80000,1000,5e-10,0.0,0.0 0.0 0.0,1000 1000000 0,0,0.0,0,100,0,,10,,1,,,,1.0,10.0,0.1,False,{},,,False,3,mixed,250,300,True,Ar_Aubin,,False,uniform,Argon-Aubin-Test2/10Td,3.0000000000000005e+21,9.309340000000001e+23,0.0,1.5042955555555554e-13,1.5042422222222223e-13,0.0,0.0,0.0,0.0,0.0,0.0,0.0,0.0,0.0,0.0,0.0,0.0,0.0,0.0,0.0,0.0,0.0,0.0,0.0,0.0,0.0,0.0,4.444444444444445e-19,2.2222222222222226e-19,2e-18,2.666666666666667e-18,0.0,0.0,0.0,0.0,0.0,0.0,1620.9903057111399,3060.883211859223,1806.5677045236985,1577.6841081596422,732.6255506237555,667.3257252756398,-427.01126316224867,-1771.820206486113,10515.739999999996,1.0515739999999998e+24,0.0,0.0
2.585e-05,155870.0,5.19567,3e+22,1106.97,7965.9,15493.4,3.46311,3.44239,3.48412,0.00428062989,0.000169660298,0.372561936,0.119428522,0.117688746,0.189416267,-0.000625861938,0.00196597188,0.000180833546,-343.037396,1095.38354,-1076.37181,-8.69288408,3324.68128,2782.15377,246.315256,3551.97436,7715.26372,51700.0,155870.219692,5.19567399,-30.000000000000004,30000 3000,1e-06,2,0.0 0.0259,0.0 0.0,-1.0 0.0,0.00054857 28.0,80000,1000,5e-10,0.0,0.0 0.0 0.0,1000 1000000 0,0,0.0,0,100,0,,10,,1,,,,1.0,10.0,0.1,False,{},,,False,3,mixed,250,300,True,Ar_Aubin,,False,uniform,Argon-Aubin-Test2/10Td,3.0000000000000005e+21,1.54934e+24,0.0,1.502931111111111e-13,1.5028822222222223e-13,0.0,0.0,0.0,0.0,0.0,0.0,0.0,0.0,0.0,0.0,0.0,0.0,0.0,0.0,0.0,0.0,0.0,0.0,0.0,0.0,0.0,0.0,4.444444444444445e-19,2e-18,1.1111111111111113e-18,1.3333333333333336e-18,0.0,0.0,0.0,0.0,0.0,0.0,1947.9391267385183,-347.7759248693333,2652.332149922637,3323.3297830321617,717.7764005883436,1943.0126207776002,-217.7874139239937,-1308.792951431646,9177.639999999876,9.177639999999875e+23,0.0,0.0
2.59e-05,155897.0,5.19658,3e+22,-214.571,-1200.39,12653.8,3.43885,3.51646,3.43692,0.00436090933,0.000109916951,0.373055135,0.119698021,0.117899092,0.189898145,-0.000651399016,0.0020330694,0.000215120955,2502.49884,381.519249,-988.474264,-1377.1601,1913.6428,2918.93531,-805.110633,658.069187,5555.80399,51800.0,155897.321658,5.196577389,-30.000000000000004,30000 3000,1e-06,2,0.0 0.0259,0.0 0.0,-1.0 0.0,0.00054857 28.0,80000,1000,5e-10,0.0,0.0 0.0 0.0,1000 1000000 0,0,0.0,0,100,0,,10,,1,,,,1.0,10.0,0.1,False,{},,,False,3,mixed,250,300,True,Ar_Aubin,,False,uniform,Argon-Aubin-Test2/10Td,3.0000000000000005e+21,1.26538e+24,0.0,1.5024822222222221e-13,1.5024311111111112e-13,0.0,0.0,0.0,0.0,0.0,0.0,0.0,0.0,0.0,0.0,0.0,0.0,0.0,0.0,0.0,0.0,0.0,0.0,0.0,0.0,0.0,0.0,2.2222222222222226e-19,1.1111111111111113e-18,1.1111111111111113e-18,2.666666666666667e-18,0.0,0.0,0.0,0.0,0.0,0.0,2688.0526207069547,2503.4345646758475,2103.6270288060655,1913.774743208811,1141.4040619983634,835.2389227370004,700.7532058391506,-1768.720158107869,9863.979999999994,9.863979999999994e+23,0.0,0.0
2.595e-05,155727.0,5.19091,3e+22,4911.49,1549.27,10867.2,3.41719,3.46794,3.49587,0.0044382773,1.89783735e-05,0.373508918,0.119969542,0.118057973,0.190345063,-0.000637773673,0.00202893141,0.000282760701,5499.85856,80.2770922,-3320.5285,481.972221,3454.05426,233.441096,1787.24607,549.722611,5356.0046,51900.0,155727.364502,5.19091215,-30.000000000000004,30000 3000,1e-06,2,0.0 0.0259,0.0 0.0,-1.0 0.0,0.00054857 28.0,80000,1000,5e-10,0.0,0.0 0.0 0.0,1000 1000000 0,0,0.0,0,100,0,,10,,1,,,,1.0,10.0,0.1,False,{},,,False,3,mixed,250,300,True,Ar_Aubin,,False,uniform,Argon-Aubin-Test2/10Td,3.0000000000000005e+21,1.0867200000000002e+24,0.0,1.5026844444444444e-13,1.5026022222222225e-13,0.0,0.0,0.0,0.0,0.0,0.0,0.0,0.0,0.0,0.0,0.0,0.0,0.0,0.0,0.0,0.0,0.0,0.0,0.0,0.0,0.0,0.0,2.2222222222222226e-19,2.4444444444444447e-18,2.666666666666667e-18,2.888888888888889e-18,0.0,0.0,0.0,0.0,0.0,0.0,2708.4022479277605,5478.060005423823,1588.927215574465,3454.0248573752874,1081.3992433750252,1297.0084863103998,-700.2904656210367,-3415.99939274238,9075.660000000818,9.075660000000819e+23,0.0,0.0
2.6e-05,155861.0,5.19537,3e+22,1435.9,-281.837,4990.12,3.45403,3.45505,3.48151,0.00443031371,-6.13700406e-05,0.374069359,0.1202513,0.118308595,0.190880695,-0.000660453546,0.00197858858,0.000254127038,1808.7951,-850.03182,-1735.11718,432.41424,1062.18388,2091.1251,-87.7663154,184.478323,2017.45673,52000.0,155861.144995,5.1953715,-30.000000000000004,30000 3000,1e-06,2,0.0 0.0259,0.0 0.0,-1.0 0.0,0.00054857 28.0,80000,1000,5e-10,0.0,0.0 0.0 0.0,1000 1000000 0,0,0.0,0,100,0,,10,,1,,,,1.0,10.0,0.1,False,{},,,False,3,mixed,250,300,True,Ar_Aubin,,False,uniform,Argon-Aubin-Test2/10Td,3.0000000000000005e+21,4.99012e+23,0.0,1.5063422222222221e-13,1.5063e-13,0.0,0.0,0.0,0.0,0.0,0.0,0.0,0.0,0.0,0.0,0.0,0.0,0.0,0.0,0.0,0.0,0.0,0.0,0.0,0.0,0.0,0.0,0.0,1.777777777777778e-18,2e-18,4.444444444444445e-19,0.0,0.0,0.0,0.0,0.0,0.0,2818.286258226832,1802.433612543811,2506.18593896787,1062.1665836518675,1166.5848285985492,150.8057402669201,-997.0257512330068,-2382.117485038645,11208.819999999343,1.1208819999999345e+24,0.0,0.0
2.605e-05,155803.0,5.19343,3e+22,192.185,-830.39,5922.61,3.46072,3.47992,3.446,0.0046143824,-2.76318895e-05,0.374497077,0.120469784,0.118552367,0.191322918,-0.000693927828,0.00206548503,0.000281850325,2000.77342,1298.25466,-666.282123,2901.88983,1524.90688,3596.25,-570.865697,717.876447,2579.34072,52100.0,155802.764374,5.193425479,-30.000000000000004,30000 3000,1e-06,2,0.0 0.0259,0.0 0.0,-1.0 0.0,0.00054857 28.0,80000,1000,5e-10,0.0,0.0 0.0 0.0,1000 1000000 0,0,0.0,0,100,0,,10,,1,,,,1.0,10.0,0.1,False,{},,,False,3,mixed,250,300,True,Ar_Aubin,,False,uniform,Argon-Aubin-Test2/10Td,3.0000000000000005e+21,5.92261e+23,0.0,1.5065222222222223e-13,1.5064666666666668e-13,0.0,0.0,0.0,0.0,0.0,0.0,0.0,0.0,0.0,0.0,0.0,0.0,0.0,2.2222222222222226e-19,0.0,0.0,0.0,0.0,0.0,0.0,0.0,0.0,0.0,1.1111111111111113e-18,1.5555555555555556e-18,2.666666666666667e-18,0.0,0.0,0.0,0.0,0.0,0.0,2168.191546355752,1999.886604918456,2437.7500276057117,1524.883934755278,1220.47661126945,361.3405867890301,321.3667741673327,-1336.4497280893088,8554.360000000428,8.55436000000043e+23,0.0,0.0
2.61e-05,155753.0,5.19175,3e+22,6132.05,556.423,13410.0,3.46243,3.47082,3.44902,0.00460905564,-5.195709e-05,0.375011202,0.120693677,0.118769017,0.191793447,-0.000653005972,0.00201024384,0.000269444835,1962.33861,-1573.30028,200.074908,3021.18171,427.721518,2021.02381,1588.03804,-488.113177,6144.99581,52200.0,155752.552626,5.191751754,-30.000000000000004,30000 3000,1e-06,2,0.0 0.0259,0.0 0.0,-1.0 0.0,0.00054857 28.0,80000,1000,5e-10,0.0,0.0 0.0 0.0,1000 1000000 0,0,0.0,0,100,0,,10,,1,,,,1.0,10.0,0.1,False,{},,,False,3,mixed,250,300,True,Ar_Aubin,,False,uniform,Argon-Aubin-Test2/10Td,3.0000000000000005e+21,1.341e+24,0.0,1.5017222222222221e-13,1.5016533333333335e-13,0.0,0.0,0.0,0.0,0.0,0.0,0.0,0.0,0.0,0.0,0.0,0.0,0.0,0.0,0.0,0.0,0.0,2.2222222222222226e-19,0.0,0.0,0.0,0.0,2.2222222222222226e-19,1.5555555555555556e-18,1.5555555555555556e-18,3.1111111111111112e-18,0.0,0.0,0.0,2.2222222222222226e-19,0.0,0.0,2239.4213104082182,1934.075650362738,2166.4806398211113,427.7504281198891,851.8805605914338,1116.0955911800002,-1112.3192936206804,-573.2819293565001,10282.499999999529,1.028249999999953e+24,0.0,0.0
2.615e-05,155809.0,5.19365,3e+22,-1591.17,-2246.19,3576.57,3.4423,3.45138,3.49349,0.00453319624,-3.76500086e-05,0.375516685,0.120954219,0.118927805,0.192257806,-0.000638715351,0.0019867589,0.000331484396,1269.99627,-379.890122,-2325.4222,-653.830786,1977.63104,818.257749,-1513.51398,-1424.63046,1476.67785,52300.0,155809.431538,5.193647718,-30.000000000000004,30000 3000,1e-06,2,0.0 0.0259,0.0 0.0,-1.0 0.0,0.00054857 28.0,80000,1000,5e-10,0.0,0.0 0.0 0.0,1000 1000000 0,0,0.0,0,100,0,,10,,1,,,,1.0,10.0,0.1,False,{},,,False,3,mixed,250,300,True,Ar_Aubin,,False,uniform,Argon-Aubin-Test2/10Td,3.0000000000000005e+21,3.5765700000000005e+23,0.0,1.504511111111111e-13,1.5044644444444445e-13,0.0,0.0,0.0,0.0,0.0,0.0,0.0,0.0,0.0,0.0,0.0,0.0,0.0,0.0,0.0,0.0,0.0,4.444444444444445e-19,0.0,0.0,2.2222222222222226e-19,0.0,0.0,4.444444444444445e-19,1.5555555555555556e-18,2e-18,0.0,0.0,0.0,0.0,0.0,0.0,2612.3552574226774,1277.209355861201,1587.8928201604192,1977.5464709271828,849.7991209555079,133.61613992954995,53.43462284028867,-3257.638590004646,10109.660000000576,1.0109660000000577e+24,0.0,0.0
2.62e-05,155802.0,5.19339,3e+22,834.355,-913.083,4722.78,3.46425,3.4448,3.47759,0.00457736165,-5.73263877e-05,0.376025087,0.121165604,0.119182631,0.192761538,-0.000655466009,0.00199364884,0.000304051573,1355.76009,-2151.67053,-4040.71322,-551.648605,4706.77256,1475.57658,363.475278,-1680.12233,3641.32877,52400.0,155801.552568,5.193385086,-30.000000000000004,30000 3000,1e-06,2,0.0 0.0259,0.0 0.0,-1.0 0.0,0.00054857 28.0,80000,1000,5e-10,0.0,0.0 0.0 0.0,1000 1000000 0,0,0.0,0,100,0,,10,,1,,,,1.0,10.0,0.1,False,{},,,False,3,mixed,250,300,True,Ar_Aubin,,False,uniform,Argon-Aubin-Test2/10Td,3.0000000000000005e+21,4.72278e+23,0.0,1.5019777777777777e-13,1.501917777777778e-13,0.0,0.0,0.0,0.0,0.0,0.0,0.0,0.0,0.0,0.0,0.0,0.0,0.0,0.0,0.0,0.0,0.0,0.0,0.0,2.2222222222222226e-19,0.0,0.0,2.2222222222222226e-19,2.4444444444444447e-18,1.1111111111111113e-18,2e-18,0.0,0.0,0.0,0.0,0.0,0.0,2109.826284754507,1351.9409454205143,2548.2413120843376,4706.72021624994,1216.46660031699,1865.4450096181404,-240.44096344898182,-4012.594225517272,10168.039999999268,1.0168039999999268e+24,0.0,0.0
2.625e-05,155811.0,5.1937,3e+22,-4569.93,4260.14,14430.4,3.4628,3.47362,3.44957,0.004700399,-9.69494248e-05,0.376496476,0.121339978,0.119439758,0.193220135,-0.000644295311,0.00206034655,0.000275018809,-550.351872,1629.18388,-1089.4783,-131.572874,1677.34181,1137.88911,-1616.465,350.23919,7256.92838,52500.0,155810.901133,5.193696704,-30.000000000000004,30000 3000,1e-06,2,0.0 0.0259,0.0 0.0,-1.0 0.0,0.00054857 28.0,80000,1000,5e-10,0.0,0.0 0.0 0.0,1000 1000000 0,0,0.0,0,100,0,,10,,1,,,,1.0,10.0,0.1,False,{},,,False,3,mixed,250,300,True,Ar_Aubin,,False,uniform,Argon-Aubin-Test2/10Td,3.0000000000000005e+21,1.4430400000000001e+24,0.0,1.5033244444444445e-13,1.5032755555555558e-13,0.0,0.0,0.0,0.0,0.0,0.0,0.0,0.0,0.0,0.0,0.0,0.0,0.0,0.0,0.0,0.0,0.0,0.0,0.0,0.0,0.0,2.2222222222222226e-19,0.0,1.777777777777778e-18,2e-18,8.88888888888889e-19,0.0,0.0,0.0,0.0,0.0,0.0,1732.32488915695,-528.87137759793,2571.2088712374903,1677.7548281225675,1038.6661293892985,1823.9336327296005,364.3372675557954,-1053.2093971629197,9427.780000000885,9.427780000000886e+23,0.0,0.0
2.63e-05,155912.0,5.19705,3e+22,2364.41,4836.92,3838.83,3.4687,3.45835,3.46681,0.0047428425,-8.75736615e-05,0.377044278,0.121517642,0.119625423,0.193760622,-0.000671405445,0.00209738368,0.000271552178,-893.474361,481.740382,44.2549466,-411.141855,2072.97824,718.637284,3329.03399,2169.82368,1653.69308,52600.0,155911.636218,5.197054541,-30.000000000000004,30000 3000,1e-06,2,0.0 0.0259,0.0 0.0,-1.0 0.0,0.00054857 28.0,80000,1000,5e-10,0.0,0.0 0.0 0.0,1000 1000000 0,0,0.0,0,100,0,,10,,1,,,,1.0,10.0,0.1,False,{},,,False,3,mixed,250,300,True,Ar_Aubin,,False,uniform,Argon-Aubin-Test2/10Td,3.0000000000000005e+21,3.83883e+23,0.0,1.506491111111111e-13,1.5064444444444447e-13,0.0,0.0,0.0,0.0,0.0,0.0,0.0,0.0,0.0,0.0,0.0,0.0,0.0,0.0,0.0,0.0,0.0,0.0,0.0,0.0,0.0,0.0,2.2222222222222226e-19,8.88888888888889e-19,2e-18,1.5555555555555556e-18,0.0,0.0,0.0,0.0,0.0,0.0,1772.6319577938966,-904.688385235425,1856.6673004477564,2073.4018267947827,1276.958678773088,206.2841942852599,369.1832642741715,2463.594709179745,10956.039999999723,1.0956039999999724e+24,0.0,0.0
2.635e-05,155986.0,5.19955,3e+22,-2462.0,-3891.55,11162.1,3.47674,3.47424,3.44729,0.00475205752,-0.000118050265,0.377599931,0.121636511,0.119823207,0.194274744,-0.000706833286,0.00213788856,0.000170704969,3121.60086,-7.85547049,248.83941,-1663.74579,3502.99199,-887.010032,-1146.46436,-2562.86636,3372.22657,52700.0,155986.40805,5.199546935,-30.000000000000004,30000 3000,1e-06,2,0.0 0.0259,0.0 0.0,-1.0 0.0,0.00054857 28.0,80000,1000,5e-10,0.0,0.0 0.0 0.0,1000 1000000 0,0,0.0,0,100,0,,10,,1,,,,1.0,10.0,0.1,False,{},,,False,3,mixed,250,300,True,Ar_Aubin,,False,uniform,Argon-Aubin-Test2/10Td,3.0000000000000005e+21,1.1162100000000001e+24,0.0,1.5047911111111112e-13,1.5047377777777778e-13,0.0,0.0,0.0,0.0,0.0,0.0,0.0,0.0,0.0,0.0,0.0,0.0,0.0,0.0,0.0,0.0,0.0,0.0,0.0,0.0,0.0,0.0,4.444444444444445e-19,1.1111111111111113e-18,1.1111111111111113e-18,2.666666666666667e-18,0.0,0.0,0.0,0.0,0.0,0.0,1187.8150430642831,3133.30042561424,1977.7773328112648,3502.532591491239,948.0168133654821,-842.5816198151006,687.7982884036845,-21.01686112199195,11113.059999999787,1.1113059999999787e+24,0.0,0.0
2.64e-05,156013.0,5.20042,3e+22,-6323.03,1342.39,17430.6,3.45072,3.48154,3.46661,0.00471160639,-0.000203305475,0.378184302,0.121905799,0.120181556,0.194795114,-0.000743130692,0.00216569376,0.000105388929,-48.019579,394.775842,-813.398547,-2082.4764,1994.62087,-772.42202,-3951.9308,2020.95164,7789.43119,52800.0,156012.508556,5.200416952,-30.000000000000004,30000 3000,1e-06,2,0.0 0.0259,0.0 0.0,-1.0 0.0,0.00054857 28.0,80000,1000,5e-10,0.0,0.0 0.0 0.0,1000 1000000 0,0,0.0,0,100,0,,10,,1,,,,1.0,10.0,0.1,False,{},,,False,3,mixed,250,300,True,Ar_Aubin,,False,uniform,Argon-Aubin-Test2/10Td,3.0000000000000005e+21,1.74306e+24,0.0,1.5056666666666667e-13,1.5056000000000002e-13,0.0,0.0,0.0,0.0,0.0,0.0,0.0,0.0,0.0,0.0,0.0,0.0,0.0,0.0,0.0,0.0,0.0,2.2222222222222226e-19,0.0,0.0,0.0,0.0,2.2222222222222226e-19,2e-18,2.888888888888889e-18,1.3333333333333336e-18,0.0,0.0,0.0,0.0,0.0,0.0,2696.7081589909794,-18.2279504478383,3583.2160274890116,1994.8937852365852,787.1161197750554,1197.4518955588,806.5243551828166,-2456.1847862664736,11687.42000000056,1.1687420000000561e+24,0.0,0.0
2.645e-05,155977.0,5.19922,3e+22,2709.79,7696.42,4965.26,3.47952,3.4538,3.46461,0.00465327435,-0.000188334843,0.378743887,0.122055708,0.12041703,0.195312796,-0.000782419013,0.00213476636,0.000115118839,5712.60431,1330.05812,-2115.45838,29.4618909,1251.8731,-220.686583,646.205733,4233.4505,3103.12592,52900.0,155976.704477,5.199223483,-30.000000000000004,30000 3000,1e-06,2,0.0 0.0259,0.0 0.0,-1.0 0.0,0.00054857 28.0,80000,1000,5e-10,0.0,0.0 0.0 0.0,1000 1000000 0,0,0.0,0,100,0,,10,,1,,,,1.0,10.0,0.1,False,{},,,False,3,mixed,250,300,True,Ar_Aubin,,False,uniform,Argon-Aubin-Test2/10Td,3.0000000000000005e+21,4.9652600000000004e+23,0.0,1.5037755555555556e-13,1.5037022222222224e-13,0.0,0.0,0.0,0.0,0.0,0.0,0.0,0.0,0.0,0.0,0.0,0.0,0.0,0.0,0.0,0.0,0.0,2.2222222222222226e-19,0.0,0.0,2.2222222222222226e-19,0.0,0.0,2.4444444444444447e-18,2.4444444444444447e-18,2e-18,0.0,0.0,0.0,0.0,0.0,0.0,1504.5527259792414,5699.994913699114,2354.798631030719,1253.322604052362,941.1633935849096,1222.56404763438,-229.42081391016512,-2518.673761552811,11191.699999999471,1.1191699999999472e+24,0.0,0.0
2.65e-05,155983.0,5.19943,3e+22,-3550.1,8258.67,17494.0,3.44386,3.50421,3.44859,0.00470960669,-0.000136673719,0.379276639,0.122336811,0.120625525,0.195829915,-0.000885266562,0.0021014466,0.000143706995,1249.88921,703.265965,535.816462,-640.387769,691.646196,1456.16638,-2273.38868,5080.96918,7263.20055,53000.0,155982.857,5.199428567,-30.000000000000004,30000 3000,1e-06,2,0.0 0.0259,0.0 0.0,-1.0 0.0,0.00054857 28.0,80000,1000,5e-10,0.0,0.0 0.0 0.0,1000 1000000 0,0,0.0,0,100,0,,10,,1,,,,1.0,10.0,0.1,False,{},,,False,3,mixed,250,300,True,Ar_Aubin,,False,uniform,Argon-Aubin-Test2/10Td,3.0000000000000005e+21,1.7494e+24,0.0,1.5044955555555555e-13,1.5044333333333335e-13,0.0,0.0,0.0,0.0,0.0,0.0,0.0,0.0,0.0,0.0,0.0,0.0,0.0,0.0,0.0,0.0,0.0,0.0,0.0,0.0,0.0,0.0,0.0,2.4444444444444447e-18,1.3333333333333336e-18,2.4444444444444447e-18,0.0,0.0,0.0,0.0,0.0,0.0,2805.7556700188115,1266.608784710169,2085.1179030763333,692.7749391428938,1132.8204873239933,628.1350273339995,-1143.2868359743247,-473.49208132095987,10655.040000000505,1.0655040000000505e+24,0.0,0.0
2.655e-05,155982.0,5.19941,3e+22,-604.649,-421.485,9323.01,3.47975,3.41968,3.49889,0.00473752469,-8.99847912e-05,0.379815011,0.122531743,0.120835129,0.196368882,-0.000851565859,0.00205314186,0.000196613741,1940.73683,72.9983607,-713.360713,1442.52261,1246.1048,-1036.09604,-780.646973,1569.71161,5714.8617,53100.0,155982.384306,5.19941281,-30.000000000000004,30000 3000,1e-06,2,0.0 0.0259,0.0 0.0,-1.0 0.0,0.00054857 28.0,80000,1000,5e-10,0.0,0.0 0.0 0.0,1000 1000000 0,0,0.0,0,100,0,,10,,1,,,,1.0,10.0,0.1,False,{},,,False,3,mixed,250,300,True,Ar_Aubin,,False,uniform,Argon-Aubin-Test2/10Td,3.0000000000000005e+21,9.323010000000001e+23,0.0,1.505911111111111e-13,1.5058466666666669e-13,0.0,0.0,0.0,0.0,0.0,0.0,0.0,0.0,0.0,0.0,0.0,0.0,0.0,0.0,0.0,0.0,0.0,0.0,0.0,0.0,0.0,0.0,4.444444444444445e-19,1.3333333333333336e-18,1.3333333333333336e-18,3.3333333333333337e-18,0.0,0.0,0.0,0.0,0.0,0.0,1946.682549861245,1943.601369566284,2096.1458244281307,1246.066872760281,1302.9331020625314,2173.8425542968903,-1228.8787170001287,-1308.5209094739778,10767.439999999075,1.0767439999999075e+24,0.0,0.0
2.66e-05,155951.0,5.19838,3e+22,890.232,2086.09,7356.97,3.46579,3.46814,3.46249,0.00471225602,-0.000166154835,0.380309756,0.12275186,0.121052332,0.196841504,-0.000889954055,0.00204810651,0.000189138835,1369.40222,-705.083557,457.176012,1649.12389,734.479859,-202.611454,-645.220259,-187.157163,3977.29041,53200.0,155951.441222,5.198381374,-30.000000000000004,30000 3000,1e-06,2,0.0 0.0259,0.0 0.0,-1.0 0.0,0.00054857 28.0,80000,1000,5e-10,0.0,0.0 0.0 0.0,1000 1000000 0,0,0.0,0,100,0,,10,,1,,,,1.0,10.0,0.1,False,{},,,False,3,mixed,250,300,True,Ar_Aubin,,False,uniform,Argon-Aubin-Test2/10Td,3.0000000000000005e+21,7.35697e+23,0.0,1.5042266666666667e-13,1.5041644444444445e-13,0.0,0.0,0.0,0.0,0.0,0.0,0.0,0.0,0.0,0.0,0.0,0.0,0.0,0.0,0.0,0.0,0.0,2.2222222222222226e-19,0.0,0.0,0.0,0.0,2.2222222222222226e-19,1.777777777777778e-18,1.777777777777778e-18,2.2222222222222226e-18,0.0,0.0,0.0,0.0,0.0,0.0,2203.5578339033027,1365.2072188988034,2171.8348983346127,734.8264729397451,965.54072150562,1179.3629444006801,44.61410138780885,-561.2760878748514,9894.900000000373,9.894900000000374e+23,0.0,0.0
2.665e-05,155906.0,5.19686,3e+22,-1179.35,5692.49,-387.819,3.43692,3.45986,3.49674,0.00461805792,-0.000162359853,0.380776014,0.123001375,0.121265773,0.197337731,-0.000953974543,0.00200611012,0.000189365747,1164.93079,-3049.10935,-1016.12267,-257.907401,3762.81281,1419.83136,-453.90119,2826.35767,1297.44748,53300.0,155905.741868,5.196858062,-30.000000000000004,30000 3000,1e-06,2,0.0 0.0259,0.0 0.0,-1.0 0.0,0.00054857 28.0,80000,1000,5e-10,0.0,0.0 0.0 0.0,1000 1000000 0,0,0.0,0,100,0,,10,,1,,,,1.0,10.0,0.1,False,{},,,False,3,mixed,250,300,True,Ar_Aubin,,False,uniform,Argon-Aubin-Test2/10Td,3.0000000000000005e+21,3.8781900000000005e+22,0.0,1.506422222222222e-13,1.5063622222222223e-13,0.0,0.0,0.0,0.0,0.0,0.0,0.0,0.0,0.0,0.0,0.0,0.0,0.0,0.0,0.0,0.0,0.0,0.0,0.0,2.2222222222222226e-19,0.0,0.0,0.0,1.3333333333333336e-18,3.1111111111111112e-18,1.3333333333333336e-18,0.0,0.0,0.0,0.0,0.0,0.0,2503.9389784554946,1170.377096607952,2134.422467073155,3763.737041839604,1413.6467105133056,1445.1196529734661,-166.50280045999844,-1019.1646972846235,9325.159999999943,9.325159999999943e+23,0.0,0.0
2.67e-05,155728.0,5.19093,3e+22,1430.87,-3181.55,-769.609,3.46087,3.46313,3.4578,0.00450792981,-0.0002574516,0.381065886,0.123205291,0.121521976,0.197668668,-0.000941913317,0.00194251052,0.0001055253,-309.627185,-445.93277,-2219.79962,323.506105,3216.56965,-2247.24546,475.115508,-1144.93492,606.445207,53400.0,155728.029454,5.190934315,-30.000000000000004,30000 3000,1e-06,2,0.0 0.0259,0.0 0.0,-1.0 0.0,0.00054857 28.0,80000,1000,5e-10,0.0,0.0 0.0 0.0,1000 1000000 0,0,0.0,0,100,0,,10,,1,,,,1.0,10.0,0.1,False,{},,,False,3,mixed,250,300,True,Ar_Aubin,,False,uniform,Argon-Aubin-Test2/10Td,3.0000000000000005e+21,7.696090000000001e+22,0.0,1.5051177777777778e-13,1.5050622222222224e-13,0.0,0.0,0.0,0.0,0.0,0.0,0.0,0.0,0.0,0.0,0.0,0.0,0.0,0.0,0.0,0.0,0.0,0.0,0.0,0.0,0.0,0.0,2.2222222222222226e-19,1.5555555555555556e-18,1.3333333333333336e-18,2.4444444444444447e-18,0.0,0.0,0.0,0.0,0.0,0.0,2049.210277805802,-316.0774465272347,2561.6307939553553,3215.7505548620197,1101.0036476319374,899.7169424585741,-459.4435974946201,-2286.4705129476756,5797.440000000487,5.7974400000004875e+23,0.0,0.0
2.675e-05,155526.0,5.1842,3e+22,4115.33,-3794.18,8940.85,3.43866,3.49233,3.43678,0.00434250255,-0.000359579904,0.381293799,0.123478265,0.121689499,0.197976267,-0.000964344958,0.00186021197,5.36967723e-05,5051.5817,674.112403,2066.68251,1099.44998,680.756585,144.058939,2378.83832,-1685.34679,6361.88792,53500.0,155525.885654,5.184196188,-30.000000000000004,30000 3000,1e-06,2,0.0 0.0259,0.0 0.0,-1.0 0.0,0.00054857 28.0,80000,1000,5e-10,0.0,0.0 0.0 0.0,1000 1000000 0,0,0.0,0,100,0,,10,,1,,,,1.0,10.0,0.1,False,{},,,False,3,mixed,250,300,True,Ar_Aubin,,False,uniform,Argon-Aubin-Test2/10Td,3.0000000000000005e+21,8.94085e+23,0.0,1.5002666666666665e-13,1.500217777777778e-13,0.0,0.0,0.0,0.0,0.0,0.0,0.0,0.0,0.0,0.0,0.0,0.0,0.0,0.0,0.0,0.0,0.0,0.0,0.0,0.0,0.0,0.0,2.2222222222222226e-19,8.88888888888889e-19,2.888888888888889e-18,8.88888888888889e-19,0.0,0.0,0.0,0.0,0.0,0.0,2744.3810277515136,5033.710868980908,1674.5998361898662,679.3922741198412,1338.473171126342,2952.79725721085,-404.9915476645122,2837.545356237162,4558.25999999937,4.55825999999937e+23,0.0,0.0
2.68e-05,155460.0,5.18199,3e+22,-9109.5,376.995,6228.6,3.48274,3.51066,3.36989,0.00437134816,-0.000361517405,0.381734018,0.12374405,0.121978488,0.198435646,-0.00100502818,0.00186172656,2.9616264e-05,1363.28093,-2214.04778,-470.746515,2871.15074,4624.03138,-1101.13806,-4157.9501,-945.971948,2296.14136,53600.0,155459.760099,5.181992003,-30.000000000000004,30000 3000,1e-06,2,0.0 0.0259,0.0 0.0,-1.0 0.0,0.00054857 28.0,80000,1000,5e-10,0.0,0.0 0.0 0.0,1000 1000000 0,0,0.0,0,100,0,,10,,1,,,,1.0,10.0,0.1,False,{},,,False,3,mixed,250,300,True,Ar_Aubin,,False,uniform,Argon-Aubin-Test2/10Td,3.0000000000000005e+21,6.2286e+23,0.0,1.4992666666666666e-13,1.4992066666666668e-13,0.0,0.0,0.0,0.0,0.0,0.0,0.0,0.0,0.0,0.0,0.0,0.0,0.0,0.0,0.0,0.0,0.0,0.0,0.0,0.0,0.0,0.0,0.0,2.4444444444444447e-18,2e-18,1.5555555555555556e-18,0.0,0.0,0.0,0.0,0.0,0.0,2655.336436608036,1403.10172606352,2889.8760287322802,4624.167670254098,1234.7965742803835,-81.52714451480006,-228.1682547403954,-1178.517957178376,8804.38000000039,8.80438000000039e+23,0.0,0.0
2.685e-05,155464.0,5.18212,3e+22,-13.0204,-4612.19,13413.6,3.42903,3.48014,3.45392,0.00440597972,-0.000265859919,0.382180693,0.123863244,0.122097892,0.198857988,-0.00102649846,0.00193928172,6.11526213e-06,-269.293504,73.0800856,531.991697,-1389.28417,486.286879,-923.954426,-1448.41942,-1623.10035,7470.3285,53700.0,155463.570301,5.18211901,-30.000000000000004,30000 3000,1e-06,2,0.0 0.0259,0.0 0.0,-1.0 0.0,0.00054857 28.0,80000,1000,5e-10,0.0,0.0 0.0 0.0,1000 1000000 0,0,0.0,0,100,0,,10,,1,,,,1.0,10.0,0.1,False,{},,,False,3,mixed,250,300,True,Ar_Aubin,,False,uniform,Argon-Aubin-Test2/10Td,3.0000000000000005e+21,1.34136e+24,0.0,1.49832e-13,1.4982733333333334e-13,0.0,0.0,0.0,0.0,0.0,0.0,0.0,0.0,0.0,0.0,0.0,0.0,0.0,0.0,0.0,0.0,0.0,0.0,0.0,0.0,0.0,0.0,2.2222222222222226e-19,1.1111111111111113e-18,1.3333333333333336e-18,2e-18,0.0,0.0,0.0,0.0,0.0,0.0,1188.9002744289169,-269.2361363816537,1194.640133375946,485.0606825401874,811.2039646410163,2343.909556375199,1247.3414892032274,-970.5516270770547,8933.50000000015,8.933500000000149e+23,0.0,0.0
2.69e-05,155560.0,5.18533,3e+22,-2731.93,-2213.68,11103.2,3.42466,3.4719,3.47332,0.00428831501,-0.000284989613,0.382798414,0.124099846,0.122334935,0.199458361,-0.000954565147,0.00187907299,-1.29759293e-05,2795.57806,1216.44978,213.121441,2722.37866,1794.73587,-456.954955,67.8706239,-2244.74323,4022.98426,53800.0,155559.849443,5.185328315,-30.000000000000004,30000 3000,1e-06,2,0.0 0.0259,0.0 0.0,-1.0 0.0,0.00054857 28.0,80000,1000,5e-10,0.0,0.0 0.0 0.0,1000 1000000 0,0,0.0,0,100,0,,10,,1,,,,1.0,10.0,0.1,False,{},,,False,3,mixed,250,300,True,Ar_Aubin,,False,uniform,Argon-Aubin-Test2/10Td,3.0000000000000005e+21,1.11032e+24,0.0,1.4984577777777778e-13,1.4983977777777778e-13,0.0,0.0,0.0,0.0,0.0,0.0,0.0,0.0,0.0,0.0,0.0,0.0,0.0,0.0,0.0,0.0,0.0,0.0,0.0,0.0,0.0,0.0,2.2222222222222226e-19,2e-18,1.3333333333333336e-18,2.4444444444444447e-18,0.0,0.0,0.0,0.0,0.0,0.0,2376.250116680606,2807.293436425269,2370.324624170195,1794.1049941934941,1278.29341044855,-227.3030903248,-357.7706365369676,1279.1565168399877,12354.4199999992,1.23544199999992e+24,0.0,0.0
2.695e-05,155402.0,5.18006,3e+22,2352.53,2097.51,8822.79,3.45087,3.46496,3.44379,0.00429720842,-0.000252241632,0.383137564,0.124320146,0.122523316,0.199817214,-0.000863599899,0.00194284343,7.60161486e-06,3374.04529,-1080.34895,585.55788,410.79881,-1494.92727,2193.08921,-889.754632,2015.97407,4038.64364,53900.0,155401.722476,5.180057416,-30.000000000000004,30000 3000,1e-06,2,0.0 0.0259,0.0 0.0,-1.0 0.0,0.00054857 28.0,80000,1000,5e-10,0.0,0.0 0.0 0.0,1000 1000000 0,0,0.0,0,100,0,,10,,1,,,,1.0,10.0,0.1,False,{},,,False,3,mixed,250,300,True,Ar_Aubin,,False,uniform,Argon-Aubin-Test2/10Td,3.0000000000000005e+21,8.822790000000002e+23,0.0,1.4978666666666667e-13,1.497806666666667e-13,0.0,0.0,0.0,0.0,0.0,0.0,0.0,0.0,0.0,0.0,0.0,0.0,0.0,0.0,0.0,0.0,0.0,0.0,0.0,0.0,0.0,0.0,2.2222222222222226e-19,1.5555555555555556e-18,2.888888888888889e-18,1.3333333333333336e-18,0.0,0.0,0.0,0.0,0.0,0.0,2202.23645420084,3363.9359782756974,1883.9859323858955,-1494.3981906544636,990.8581306128373,658.3013717164395,1178.1731704261058,-1243.4527329128118,6783.000000000206,6.783000000000206e+23,0.0,0.0
2.7e-05,155377.0,5.17924,3e+22,-4201.57,-3587.03,14602.7,3.48882,3.44583,3.42245,0.00429275553,-0.000299272903,0.383553182,0.124542661,0.122783328,0.200295268,-0.000816032385,0.00192809163,4.30206754e-05,1737.20282,2354.1628,-1782.63442,1761.62376,1104.98606,1551.19512,-2359.01036,-2162.89861,7165.24509,54000.0,155377.157423,5.179238581,-30.000000000000004,30000 3000,1e-06,2,0.0 0.0259,0.0 0.0,-1.0 0.0,0.00054857 28.0,80000,1000,5e-10,0.0,0.0 0.0 0.0,1000 1000000 0,0,0.0,0,100,0,,10,,1,,,,1.0,10.0,0.1,False,{},,,False,3,mixed,250,300,True,Ar_Aubin,,False,uniform,Argon-Aubin-Test2/10Td,3.0000000000000005e+21,1.4602700000000002e+24,0.0,1.4972422222222222e-13,1.4971955555555556e-13,0.0,0.0,0.0,0.0,0.0,0.0,0.0,0.0,0.0,0.0,0.0,0.0,0.0,0.0,0.0,0.0,0.0,0.0,0.0,0.0,0.0,0.0,0.0,8.88888888888889e-19,1.3333333333333336e-18,2.4444444444444447e-18,0.0,0.0,0.0,0.0,0.0,0.0,2225.532501645561,1755.2391328521821,2599.860615704469,1103.912559118752,1594.0352552898385,1564.3330392086,-296.59754081015535,-2592.8050582821916,8312.36000000013,8.312360000000131e+23,0.0,0.0
2.705e-05,155379.0,5.1793,3e+22,-1864.98,-5209.47,8005.2,3.44809,3.47342,3.43655,0.00426414405,-0.00029968999,0.384058692,0.124803874,0.123009031,0.200741939,-0.000834987446,0.0019398921,3.7735548e-05,1117.13169,887.059454,-1808.31874,2330.02812,2128.94215,-2540.3629,-939.706208,-1270.94169,4064.01856,54100.0,155379.019045,5.179300635,-30.000000000000004,30000 3000,1e-06,2,0.0 0.0259,0.0 0.0,-1.0 0.0,0.00054857 28.0,80000,1000,5e-10,0.0,0.0 0.0 0.0,1000 1000000 0,0,0.0,0,100,0,,10,,1,,,,1.0,10.0,0.1,False,{},,,False,3,mixed,250,300,True,Ar_Aubin,,False,uniform,Argon-Aubin-Test2/10Td,3.0000000000000005e+21,8.0052e+23,0.0,1.498911111111111e-13,1.4988533333333335e-13,0.0,0.0,0.0,0.0,0.0,0.0,0.0,0.0,0.0,0.0,0.0,0.0,0.0,0.0,2.2222222222222226e-19,0.0,0.0,0.0,0.0,0.0,0.0,0.0,2.2222222222222226e-19,1.5555555555555556e-18,2e-18,1.777777777777778e-18,0.0,0.0,0.0,0.0,0.0,0.0,2614.578255611955,1125.084233370369,2257.0275018037046,2127.3809239877946,586.3552157428509,989.5519188016001,412.3785347402796,-2065.8984945429,10110.199999999737,1.0110199999999737e+24,0.0,0.0
2.71e-05,155547.0,5.18489,3e+22,12926.5,-9717.09,6995.86,3.44457,3.46308,3.46037,0.00421171841,-0.000337364765,0.384689759,0.124939121,0.123203688,0.201277978,-0.000819369575,0.00192717656,-2.44709652e-05,2379.76653,1307.15345,-587.734151,1042.96912,2755.53597,-1296.07052,6274.69837,-3058.2433,3128.37491,54200.0,155546.759087,5.18489197,-30.000000000000004,30000 3000,1e-06,2,0.0 0.0259,0.0 0.0,-1.0 0.0,0.00054857 28.0,80000,1000,5e-10,0.0,0.0 0.0 0.0,1000 1000000 0,0,0.0,0,100,0,,10,,1,,,,1.0,10.0,0.1,False,{},,,False,3,mixed,250,300,True,Ar_Aubin,,False,uniform,Argon-Aubin-Test2/10Td,3.0000000000000005e+21,6.99586e+23,0.0,1.499528888888889e-13,1.4994800000000001e-13,0.0,0.0,0.0,0.0,0.0,0.0,0.0,0.0,0.0,0.0,0.0,0.0,0.0,0.0,0.0,0.0,0.0,0.0,0.0,0.0,2.2222222222222226e-19,0.0,2.2222222222222226e-19,1.1111111111111113e-18,1.3333333333333336e-18,2e-18,0.0,0.0,0.0,0.0,0.0,0.0,1356.913525140252,2325.3237519731347,1946.329991054513,2752.257766215666,509.0722127273906,437.13921260226016,95.22212447638564,684.8074569307173,12621.340000000815,1.2621340000000818e+24,0.0,0.0
2.715e-05,155577.0,5.1859,3e+22,6203.0,-2221.98,9073.7,3.42482,3.46447,3.48178,0.00427337137,-0.000328803767,0.385294893,0.125173392,0.123414211,0.201877087,-0.000781550789,0.00198829963,-3.25994434e-05,729.083351,-1436.88735,418.497407,2370.46179,3200.39287,621.51846,3376.02203,-726.487953,4612.98827,54300.0,155576.852244,5.185895075,-30.000000000000004,30000 3000,1e-06,2,0.0 0.0259,0.0 0.0,-1.0 0.0,0.00054857 28.0,80000,1000,5e-10,0.0,0.0 0.0 0.0,1000 1000000 0,0,0.0,0,100,0,,10,,1,,,,1.0,10.0,0.1,False,{},,,False,3,mixed,250,300,True,Ar_Aubin,,False,uniform,Argon-Aubin-Test2/10Td,3.0000000000000005e+21,9.073700000000001e+23,0.0,1.5006155555555556e-13,1.5005466666666669e-13,0.0,0.0,0.0,0.0,0.0,0.0,0.0,0.0,0.0,0.0,0.0,0.0,0.0,0.0,0.0,0.0,0.0,0.0,0.0,0.0,0.0,0.0,4.444444444444445e-19,1.777777777777778e-18,1.777777777777778e-18,2.888888888888889e-18,0.0,0.0,0.0,0.0,0.0,0.0,2337.4786909920176,702.57562839189,2105.28703067453,3199.6622746058015,1331.6510759664448,1116.9379993858993,696.3969073069945,1365.7599259210306,12102.680000000144,1.2102680000000145e+24,0.0,0.0
2.72e-05,155460.0,5.18199,3e+22,-1570.99,-5360.82,5971.67,3.43242,3.47085,3.46033,0.00429670685,-0.000333181127,0.385797391,0.125451959,0.123659051,0.202442366,-0.000749967636,0.00200120078,-7.03031765e-05,1967.14566,1348.90753,1293.93669,1661.42385,3258.68542,-2287.66335,-276.454803,-4043.43891,2887.76243,54400.0,155459.722846,5.181990762,-30.000000000000004,30000 3000,1e-06,2,0.0 0.0259,0.0 0.0,-1.0 0.0,0.00054857 28.0,80000,1000,5e-10,0.0,0.0 0.0 0.0,1000 1000000 0,0,0.0,0,100,0,,10,,1,,,,1.0,10.0,0.1,False,{},,,False,3,mixed,250,300,True,Ar_Aubin,,False,uniform,Argon-Aubin-Test2/10Td,3.0000000000000005e+21,5.9716700000000004e+23,0.0,1.4986711111111111e-13,1.4985911111111112e-13,0.0,0.0,0.0,0.0,0.0,0.0,0.0,0.0,0.0,0.0,0.0,0.0,0.0,0.0,0.0,0.0,0.0,0.0,0.0,0.0,0.0,0.0,2.2222222222222226e-19,2e-18,3.3333333333333337e-18,2.4444444444444447e-18,0.0,0.0,0.0,0.0,0.0,0.0,2783.6701311109714,1973.8957434942813,2448.371022538143,3256.8992959507555,1778.0666947458947,583.9077240870301,35.02044263171099,1597.9072148921505,10049.959999999248,1.0049959999999249e+24,0.0,0.0
2.725e-05,155581.0,5.18605,3e+22,-134.512,11726.4,7854.1,3.43979,3.46612,3.46505,0.00419610751,-0.000108677462,0.386303397,0.125754841,0.123929072,0.202925313,-0.000752123787,0.00197835697,5.66119731e-06,1200.65133,2231.33213,1618.73854,2835.32226,2993.75813,-474.452392,-213.485375,5752.10526,4771.40048,54500.0,155581.381272,5.186046042,-30.000000000000004,30000 3000,1e-06,2,0.0 0.0259,0.0 0.0,-1.0 0.0,0.00054857 28.0,80000,1000,5e-10,0.0,0.0 0.0 0.0,1000 1000000 0,0,0.0,0,100,0,,10,,1,,,,1.0,10.0,0.1,False,{},,,False,3,mixed,250,300,True,Ar_Aubin,,False,uniform,Argon-Aubin-Test2/10Td,3.0000000000000005e+21,7.854100000000002e+23,0.0,1.500462222222222e-13,1.5004266666666668e-13,0.0,0.0,0.0,0.0,0.0,0.0,0.0,0.0,0.0,0.0,0.0,0.0,0.0,0.0,0.0,0.0,0.0,0.0,0.0,0.0,0.0,0.0,0.0,6.666666666666668e-19,1.1111111111111113e-18,1.777777777777778e-18,0.0,0.0,0.0,0.0,0.0,0.0,3037.3637151936973,1201.215756813385,2701.2019887263928,2995.032525390397,922.5936866724683,1737.3349696223004,276.87794663233853,1424.2589595429731,10120.120000000066,1.0120120000000067e+24,0.0,0.0
2.73e-05,155650.0,5.18833,3e+22,691.618,4063.1,6079.5,3.43848,3.48272,3.45515,0.00424301232,0.000169927704,0.386919854,0.125923015,0.124068489,0.203527224,-0.00075631977,0.0019969343,0.000100106459,1773.18551,-2158.53259,-20.2973078,685.757614,1929.34196,-86.8425389,1428.18739,1311.04085,3550.48309,54600.0,155649.903742,5.188330125,-30.000000000000004,30000 3000,1e-06,2,0.0 0.0259,0.0 0.0,-1.0 0.0,0.00054857 28.0,80000,1000,5e-10,0.0,0.0 0.0 0.0,1000 1000000 0,0,0.0,0,100,0,,10,,1,,,,1.0,10.0,0.1,False,{},,,False,3,mixed,250,300,True,Ar_Aubin,,False,uniform,Argon-Aubin-Test2/10Td,3.0000000000000005e+21,6.079500000000001e+23,0.0,1.4983755555555555e-13,1.4983111111111113e-13,0.0,0.0,0.0,0.0,0.0,0.0,0.0,0.0,0.0,0.0,0.0,0.0,0.0,0.0,0.0,0.0,0.0,0.0,0.0,0.0,0.0,0.0,0.0,2.2222222222222226e-18,2.2222222222222226e-18,2e-18,0.0,0.0,0.0,0.0,0.0,0.0,1677.781646877985,1770.2509663052663,1393.999353661579,1928.6515267458776,1252.5211435829299,1198.203837607,-43.15584168780584,1114.4939532167882,12329.140000000294,1.2329140000000294e+24,0.0,0.0
2.735e-05,155765.0,5.19215,3e+22,1121.92,-9212.32,7829.5,3.45415,3.46866,3.46067,0.00428439043,0.000125654865,0.38747125,0.12611258,0.124311963,0.20408372,-0.000754667497,0.00202421384,5.4425018e-05,2153.87565,-3707.19552,-647.482488,-1271.16347,3575.31086,-517.021892,84.8637698,-4437.04212,4147.02187,54700.0,155764.587431,5.192152914,-30.000000000000004,30000 3000,1e-06,2,0.0 0.0259,0.0 0.0,-1.0 0.0,0.00054857 28.0,80000,1000,5e-10,0.0,0.0 0.0 0.0,1000 1000000 0,0,0.0,0,100,0,,10,,1,,,,1.0,10.0,0.1,False,{},,,False,3,mixed,250,300,True,Ar_Aubin,,False,uniform,Argon-Aubin-Test2/10Td,3.0000000000000005e+21,7.8295e+23,0.0,1.5006866666666667e-13,1.5006422222222225e-13,0.0,0.0,0.0,0.0,0.0,0.0,0.0,0.0,0.0,0.0,0.0,0.0,0.0,0.0,0.0,0.0,0.0,0.0,0.0,0.0,0.0,0.0,2.2222222222222226e-19,1.777777777777778e-18,8.88888888888889e-19,1.5555555555555556e-18,0.0,0.0,0.0,0.0,0.0,0.0,1892.1215219100397,2149.0689066887744,2434.8708627948413,3576.468432825937,1294.998428188199,1113.3157181249999,178.1426394892793,-1030.875097871685,11027.919999999636,1.1027919999999637e+24,0.0,0.0
2.74e-05,155739.0,5.1913,3e+22,3429.93,4882.01,7954.2,3.45225,3.47773,3.45207,0.00431524033,4.75057368e-05,0.387990099,0.126347773,0.124638368,0.204574194,-0.000731049796,0.00203658377,5.79658103e-05,3330.00292,2421.08705,964.838364,-2328.32576,1442.56031,1926.58172,886.831337,2710.69898,5291.62305,54800.0,155739.103844,5.191303461,-30.000000000000004,30000 3000,1e-06,2,0.0 0.0259,0.0 0.0,-1.0 0.0,0.00054857 28.0,80000,1000,5e-10,0.0,0.0 0.0 0.0,1000 1000000 0,0,0.0,0,100,0,,10,,1,,,,1.0,10.0,0.1,False,{},,,False,3,mixed,250,300,True,Ar_Aubin,,False,uniform,Argon-Aubin-Test2/10Td,3.0000000000000005e+21,7.954200000000001e+23,0.0,1.5033622222222222e-13,1.5032977777777779e-13,0.0,0.0,0.0,0.0,0.0,0.0,0.0,0.0,0.0,0.0,0.0,0.0,0.0,0.0,0.0,0.0,0.0,0.0,0.0,0.0,2.2222222222222226e-19,0.0,0.0,1.3333333333333336e-18,2.4444444444444447e-18,2.4444444444444447e-18,0.0,0.0,0.0,0.0,0.0,0.0,2349.2770225100326,3315.201947734923,3264.185323500757,1442.328386517885,881.2665453269975,2205.4722045342005,-36.44954890710036,486.56653610404396,10376.979999999758,1.0376979999999759e+24,0.0,0.0
2.745e-05,155875.0,5.19584,3e+22,1301.64,5054.11,12035.1,3.45524,3.44901,3.48646,0.00434283244,2.8791307e-05,0.388661831,0.126578429,0.124958124,0.205195994,-0.000732707527,0.00209095555,4.59161413e-05,979.817543,-198.242636,3183.65396,1375.99666,3783.16681,1737.20687,-71.4388257,3668.79349,5776.35961,54900.0,155875.214655,5.195840489,-30.000000000000004,30000 3000,1e-06,2,0.0 0.0259,0.0 0.0,-1.0 0.0,0.00054857 28.0,80000,1000,5e-10,0.0,0.0 0.0 0.0,1000 1000000 0,0,0.0,0,100,0,,10,,1,,,,1.0,10.0,0.1,False,{},,,False,3,mixed,250,300,True,Ar_Aubin,,False,uniform,Argon-Aubin-Test2/10Td,3.0000000000000005e+21,1.2035100000000001e+24,0.0,1.5020333333333332e-13,1.5019733333333334e-13,0.0,0.0,0.0,0.0,0.0,0.0,0.0,0.0,0.0,0.0,0.0,0.0,0.0,0.0,0.0,0.0,0.0,0.0,0.0,0.0,0.0,0.0,2.2222222222222226e-19,2.2222222222222226e-18,1.3333333333333336e-18,2.2222222222222226e-18,0.0,0.0,0.0,0.0,0.0,0.0,2304.171055037274,974.1647385827983,3197.574278556714,3783.0212955673783,1000.9804575722426,1098.7756077319,814.9818997779017,2554.050925898516,13434.64000000072,1.343464000000072e+24,0.0,0.0
2.75e-05,155890.0,5.19635,3e+22,-2105.54,-1356.11,12513.9,3.44596,3.50055,3.44525,0.00438836626,2.84818311e-05,0.389169687,0.126844173,0.125146078,0.2057018,-0.000711978237,0.00212153415,3.30476586e-05,4829.49447,-1313.59678,-1163.70498,-471.291941,664.058061,-1061.68046,-960.904927,-740.176103,6700.7434,55000.0,155890.43633,5.196347878,-30.000000000000004,30000 3000,1e-06,2,0.0 0.0259,0.0 0.0,-1.0 0.0,0.00054857 28.0,80000,1000,5e-10,0.0,0.0 0.0 0.0,1000 1000000 0,0,0.0,0,100,0,,10,,1,,,,1.0,10.0,0.1,False,{},,,False,3,mixed,250,300,True,Ar_Aubin,,False,uniform,Argon-Aubin-Test2/10Td,3.0000000000000005e+21,1.25139e+24,0.0,1.5053444444444443e-13,1.505288888888889e-13,0.0,0.0,0.0,0.0,0.0,0.0,0.0,0.0,0.0,0.0,0.0,0.0,0.0,0.0,0.0,0.0,0.0,0.0,0.0,0.0,0.0,0.0,4.444444444444445e-19,1.5555555555555556e-18,1.1111111111111113e-18,2.4444444444444447e-18,0.0,0.0,0.0,0.0,0.0,0.0,2653.4643517003856,4838.73435069508,1879.5401772464527,664.096685495973,1107.7959659461235,1830.7128538507004,213.05368022072994,-1360.1131407750343,10157.119999999464,1.0157119999999465e+24,0.0,0.0
2.755e-05,155735.0,5.19117,3e+22,2316.93,-808.489,3251.55,3.46522,3.45305,3.46398,0.00440845464,4.74114921e-05,0.389588757,0.127071864,0.125310797,0.206185041,-0.000729544336,0.0021327779,1.9635412e-05,919.011004,-2413.02451,1034.43565,-711.038318,1690.90184,-781.231418,1002.19278,-631.119006,1667.85026,55100.0,155735.220351,5.191174012,-30.000000000000004,30000 3000,1e-06,2,0.0 0.0259,0.0 0.0,-1.0 0.0,0.00054857 28.0,80000,1000,5e-10,0.0,0.0 0.0 0.0,1000 1000000 0,0,0.0,0,100,0,,10,,1,,,,1.0,10.0,0.1,False,{},,,False,3,mixed,250,300,True,Ar_Aubin,,False,uniform,Argon-Aubin-Test2/10Td,3.0000000000000005e+21,3.25155e+23,0.0,1.5048177777777778e-13,1.5047444444444446e-13,0.0,0.0,0.0,0.0,0.0,0.0,0.0,0.0,0.0,0.0,0.0,0.0,0.0,0.0,0.0,0.0,0.0,2.2222222222222226e-19,0.0,0.0,0.0,0.0,2.2222222222222226e-19,1.777777777777778e-18,2e-18,3.1111111111111112e-18,0.0,0.0,0.0,0.0,0.0,0.0,2275.1428611894607,908.7969231909448,1647.17563365141,1690.9401716698364,1568.8669887292672,401.0829371766499,31.570207141566783,1119.644240559298,8381.400000000427,8.381400000000428e+23,0.0,0.0
2.76e-05,155555.0,5.18515,3e+22,8566.39,-3886.78,12026.2,3.43942,3.4792,3.45036,0.00443402932,0.000147534189,0.389931318,0.127420964,0.125543677,0.206637892,-0.000733347365,0.00218698774,1.51100346e-05,3074.71629,1162.59535,-1347.45117,368.458105,219.394445,1433.8865,665.725757,-1046.21167,5875.14033,55200.0,155554.53822,5.185151274,-30.000000000000004,30000 3000,1e-06,2,0.0 0.0259,0.0 0.0,-1.0 0.0,0.00054857 28.0,80000,1000,5e-10,0.0,0.0 0.0 0.0,1000 1000000 0,0,0.0,0,100,0,,10,,1,,,,1.0,10.0,0.1,False,{},,,False,3,mixed,250,300,True,Ar_Aubin,,False,uniform,Argon-Aubin-Test2/10Td,3.0000000000000005e+21,1.2026200000000002e+24,0.0,1.5031177777777777e-13,1.5030533333333336e-13,0.0,0.0,0.0,0.0,0.0,0.0,0.0,0.0,0.0,0.0,0.0,0.0,0.0,0.0,0.0,0.0,0.0,0.0,0.0,0.0,0.0,0.0,0.0,8.88888888888889e-19,2e-18,3.555555555555556e-18,0.0,0.0,0.0,0.0,0.0,0.0,3488.7385630233416,3036.732665573445,2328.604815126367,219.9678779351214,1858.1782358789712,1185.7483134683998,854.5461338047749,-4075.3536796102044,6851.22000000038,6.85122000000038e+23,0.0,0.0
2.765e-05,155553.0,5.18509,3e+22,5518.3,1885.04,10128.7,3.45366,3.45654,3.4592,0.0043897071,3.1144389e-05,0.390482928,0.127644024,0.125773233,0.207148055,-0.000744200584,0.00213695548,-0.000105724438,-184.554245,1547.17815,864.368769,1787.15059,3227.76413,-2541.9994,2542.60151,-112.409366,4633.69998,55300.0,155552.609185,5.185086973,-30.000000000000004,30000 3000,1e-06,2,0.0 0.0259,0.0 0.0,-1.0 0.0,0.00054857 28.0,80000,1000,5e-10,0.0,0.0 0.0 0.0,1000 1000000 0,0,0.0,0,100,0,,10,,1,,,,1.0,10.0,0.1,False,{},,,False,3,mixed,250,300,True,Ar_Aubin,,False,uniform,Argon-Aubin-Test2/10Td,3.0000000000000005e+21,1.0128700000000002e+24,0.0,1.5009333333333333e-13,1.5008666666666668e-13,0.0,0.0,0.0,0.0,0.0,0.0,0.0,0.0,0.0,0.0,0.0,0.0,0.0,0.0,0.0,0.0,0.0,0.0,0.0,0.0,0.0,0.0,2.2222222222222226e-19,1.3333333333333336e-18,1.5555555555555556e-18,3.555555555555556e-18,0.0,0.0,0.0,0.0,0.0,0.0,2234.510875868123,-208.77796568993,2295.767963639839,3227.7054215809594,796.7869776395742,678.6155471664001,-703.4208934428993,1207.70631111383,11032.199999999604,1.1032199999999605e+24,0.0,0.0
2.77e-05,155631.0,5.1877,3e+22,6086.99,2468.4,8428.75,3.42352,3.46129,3.48994,0.00429896349,0.000188321767,0.391073519,0.1278468,0.126050313,0.207743629,-0.00074343215,0.0021024724,-5.87472364e-05,4173.75649,1475.6594,-3123.58221,2054.72117,2944.17171,1544.81959,2995.3526,1867.56144,3974.65904,55400.0,155631.056789,5.187701893,-30.000000000000004,30000 3000,1e-06,2,0.0 0.0259,0.0 0.0,-1.0 0.0,0.00054857 28.0,80000,1000,5e-10,0.0,0.0 0.0 0.0,1000 1000000 0,0,0.0,0,100,0,,10,,1,,,,1.0,10.0,0.1,False,{},,,False,3,mixed,250,300,True,Ar_Aubin,,False,uniform,Argon-Aubin-Test2/10Td,3.0000000000000005e+21,8.42875e+23,0.0,1.5036733333333333e-13,1.5036155555555556e-13,0.0,0.0,0.0,0.0,0.0,0.0,0.0,0.0,0.0,0.0,0.0,0.0,2.2222222222222226e-19,0.0,0.0,0.0,0.0,0.0,0.0,0.0,2.2222222222222226e-19,0.0,4.444444444444445e-19,1.5555555555555556e-18,1.5555555555555556e-18,1.777777777777778e-18,0.0,0.0,0.0,0.0,0.0,0.0,2035.644413354576,4147.588742226005,2770.4550488502623,2943.7068565503373,1339.9379640985367,678.3981167287502,-31.76357232864951,-2544.925097934147,11811.819999999474,1.1811819999999475e+24,0.0,0.0
2.775e-05,155599.0,5.18664,3e+22,-2565.48,3261.98,9965.47,3.47685,3.45859,3.43718,0.00423490016,0.000235917626,0.391559985,0.128006349,0.126399787,0.208244495,-0.000779281287,0.00202826271,-8.0408015e-05,909.679227,-798.208331,-1572.02019,225.044927,4892.89265,440.18886,-1167.24323,1540.70259,4901.84651,55500.0,155599.269495,5.186642316,-30.000000000000004,30000 3000,1e-06,2,0.0 0.0259,0.0 0.0,-1.0 0.0,0.00054857 28.0,80000,1000,5e-10,0.0,0.0 0.0 0.0,1000 1000000 0,0,0.0,0,100,0,,10,,1,,,,1.0,10.0,0.1,False,{},,,False,3,mixed,250,300,True,Ar_Aubin,,False,uniform,Argon-Aubin-Test2/10Td,3.0000000000000005e+21,9.96547e+23,0.0,1.5035222222222222e-13,1.5034622222222224e-13,0.0,0.0,0.0,0.0,0.0,0.0,0.0,0.0,0.0,0.0,0.0,0.0,0.0,0.0,0.0,0.0,0.0,2.2222222222222226e-19,0.0,0.0,0.0,0.0,8.88888888888889e-19,1.777777777777778e-18,1.1111111111111113e-18,2e-18,0.0,0.0,0.0,0.0,0.0,0.0,1600.9570772315685,920.5437786624768,3494.5380796166937,4892.123091422341,1201.414098430942,999.7672262820506,-1024.327060785528,-1776.9268801796757,9729.320000000374,9.729320000000375e+23,0.0,0.0
2.78e-05,155539.0,5.18464,3e+22,922.821,-1403.82,16738.5,3.48829,3.40693,3.47246,0.00429937856,0.000248311831,0.392130789,0.128235519,0.126609523,0.208766439,-0.000727679777,0.00204381999,-0.000119241285,700.33817,4066.48838,-699.14715,2827.465,2924.57503,2092.70114,-351.364495,-408.597481,7574.03234,55600.0,155539.194663,5.184639822,-30.000000000000004,30000 3000,1e-06,2,0.0 0.0259,0.0 0.0,-1.0 0.0,0.00054857 28.0,80000,1000,5e-10,0.0,0.0 0.0 0.0,1000 1000000 0,0,0.0,0,100,0,,10,,1,,,,1.0,10.0,0.1,False,{},,,False,3,mixed,250,300,True,Ar_Aubin,,False,uniform,Argon-Aubin-Test2/10Td,3.0000000000000005e+21,1.67385e+24,0.0,1.4997644444444443e-13,1.4996844444444445e-13,0.0,0.0,0.0,0.0,0.0,0.0,0.0,0.0,0.0,0.0,0.0,0.0,0.0,0.0,0.0,0.0,0.0,0.0,0.0,2.2222222222222226e-19,0.0,0.0,0.0,1.3333333333333336e-18,2.666666666666667e-18,3.777777777777778e-18,0.0,0.0,0.0,0.0,0.0,0.0,2286.1972336299386,696.3706131778822,2097.299983608303,2924.923615114594,746.1017143772787,1010.3511283235002,-242.87967632772094,-1484.343319862329,11416.079999999607,1.1416079999999609e+24,0.0,0.0
2.785e-05,155679.0,5.1893,3e+22,-2175.12,-7879.59,16909.8,3.46326,3.46579,3.44754,0.00432135705,0.000182971765,0.392628178,0.128466476,0.126828072,0.209305849,-0.00074820309,0.00211600629,-9.66299842e-05,442.187465,565.865991,3507.65122,-326.02425,3155.22519,-483.668027,-1495.58676,-5574.03483,6875.16693,55700.0,155678.867116,5.189295571,-30.000000000000004,30000 3000,1e-06,2,0.0 0.0259,0.0 0.0,-1.0 0.0,0.00054857 28.0,80000,1000,5e-10,0.0,0.0 0.0 0.0,1000 1000000 0,0,0.0,0,100,0,,10,,1,,,,1.0,10.0,0.1,False,{},,,False,3,mixed,250,300,True,Ar_Aubin,,False,uniform,Argon-Aubin-Test2/10Td,3.0000000000000005e+21,1.69098e+24,0.0,1.5021288888888888e-13,1.5021000000000002e-13,0.0,0.0,0.0,0.0,0.0,0.0,0.0,0.0,0.0,0.0,0.0,0.0,0.0,0.0,0.0,0.0,0.0,0.0,0.0,0.0,0.0,0.0,2.2222222222222226e-19,1.5555555555555556e-18,4.444444444444445e-19,6.666666666666668e-19,0.0,0.0,0.0,0.0,0.0,0.0,2307.6752924861,451.586935146596,2185.7718009862806,3156.6669324897766,1490.795221628094,235.90296565560038,1228.3692382705726,2793.00457908727,9947.780000000295,9.947780000000295e+23,0.0,0.0
2.79e-05,155634.0,5.18779,3e+22,4082.54,5757.2,14190.8,3.46142,3.44471,3.46804,0.00433812964,0.000173133886,0.393098269,0.128695574,0.126996589,0.209819323,-0.000791863103,0.0021082738,-0.000128302386,2.88344731,720.435956,864.63213,684.280832,232.014927,-1468.95192,209.41125,2153.46306,6131.70802,55800.0,155633.834714,5.18779449,-30.000000000000004,30000 3000,1e-06,2,0.0 0.0259,0.0 0.0,-1.0 0.0,0.00054857 28.0,80000,1000,5e-10,0.0,0.0 0.0 0.0,1000 1000000 0,0,0.0,0,100,0,,10,,1,,,,1.0,10.0,0.1,False,{},,,False,3,mixed,250,300,True,Ar_Aubin,,False,uniform,Argon-Aubin-Test2/10Td,3.0000000000000005e+21,1.41908e+24,0.0,1.50314e-13,1.5030800000000002e-13,0.0,0.0,0.0,0.0,0.0,0.0,0.0,0.0,0.0,0.0,0.0,0.0,0.0,0.0,0.0,0.0,2.2222222222222226e-19,0.0,0.0,0.0,0.0,0.0,4.444444444444445e-19,2e-18,1.777777777777778e-18,1.5555555555555556e-18,0.0,0.0,0.0,0.0,0.0,0.0,2289.5275798012763,-14.827140470485599,1685.2050332430424,231.0181605915208,1441.1106880332648,553.3291042748006,-327.1439430527559,-592.3575572185719,9401.820000000116,9.401820000000116e+23,0.0,0.0
2.795e-05,155559.0,5.18531,3e+22,2626.95,-1446.69,4851.25,3.41219,3.49906,3.45917,0.00431638699,0.000250198438,0.393518954,0.128926447,0.12729203,0.21026919,-0.000775626325,0.00204164846,-5.72748539e-05,-370.139229,-320.779363,826.161433,-237.285465,3926.61402,-1163.18158,-155.501826,154.108508,2309.17887,55900.0,155559.16346,5.185305449,-30.000000000000004,30000 3000,1e-06,2,0.0 0.0259,0.0 0.0,-1.0 0.0,0.00054857 28.0,80000,1000,5e-10,0.0,0.0 0.0 0.0,1000 1000000 0,0,0.0,0,100,0,,10,,1,,,,1.0,10.0,0.1,False,{},,,False,3,mixed,250,300,True,Ar_Aubin,,False,uniform,Argon-Aubin-Test2/10Td,3.0000000000000005e+21,4.8512500000000005e+23,0.0,1.49834e-13,1.4982822222222223e-13,0.0,0.0,0.0,0.0,0.0,0.0,0.0,0.0,0.0,0.0,0.0,0.0,0.0,0.0,0.0,0.0,0.0,2.2222222222222226e-19,0.0,0.0,0.0,2.2222222222222226e-19,6.666666666666668e-19,1.5555555555555556e-18,1.3333333333333336e-18,1.777777777777778e-18,0.0,0.0,0.0,0.0,0.0,0.0,2310.6117212601253,-381.4781618033805,2954.0837608410534,3926.97597957827,1189.4893354227888,400.12004440750025,-1197.8836236483087,-384.0348815955374,8413.699999999524,8.413699999999525e+23,0.0,0.0
2.8e-05,155434.0,5.18114,3e+22,-1089.93,-6865.59,8621.14,3.47099,3.47694,3.41365,0.00440250286,0.000297935548,0.3939513,0.129130347,0.127600546,0.210745534,-0.000776951195,0.0020230405,-7.9745829e-05,1945.09318,950.95127,2601.45648,-129.57677,2554.25537,-1145.94224,1039.18699,-2943.27185,4078.83267,56000.0,155434.07451,5.181135817,-30.000000000000004,30000 3000,1e-06,2,0.0 0.0259,0.0 0.0,-1.0 0.0,0.00054857 28.0,80000,1000,5e-10,0.0,0.0 0.0 0.0,1000 1000000 0,0,0.0,0,100,0,,10,,1,,,,1.0,10.0,0.1,False,{},,,False,3,mixed,250,300,True,Ar_Aubin,,False,uniform,Argon-Aubin-Test2/10Td,3.0000000000000005e+21,8.62114e+23,0.0,1.4988955555555555e-13,1.4988266666666668e-13,0.0,0.0,0.0,0.0,0.0,0.0,0.0,0.0,0.0,0.0,0.0,0.0,2.2222222222222226e-19,0.0,0.0,0.0,0.0,0.0,0.0,0.0,2.2222222222222226e-19,0.0,4.444444444444445e-19,1.5555555555555556e-18,1.777777777777778e-18,2.666666666666667e-18,0.0,0.0,0.0,0.0,0.0,0.0,2031.4916521513294,1949.8915999422,3084.8983366763005,2556.300873318993,1358.843855641112,682.5233595179998,-1087.9918317341971,4032.06821690254,8646.920000000559,8.646920000000559e+23,0.0,0.0
2.805e-05,155444.0,5.18145,3e+22,6061.96,-6266.36,14091.8,3.46779,3.42815,3.4654,0.00441164611,0.000312973897,0.394480423,0.129324112,0.127870343,0.21127375,-0.000718112783,0.00206039823,-0.000121479803,-504.653594,-491.193198,1108.67827,1734.20816,1942.54654,573.92104,1921.01298,-3153.81613,8212.62987,56100.0,155443.604922,5.181453497,-30.000000000000004,30000 3000,1e-06,2,0.0 0.0259,0.0 0.0,-1.0 0.0,0.00054857 28.0,80000,1000,5e-10,0.0,0.0 0.0 0.0,1000 1000000 0,0,0.0,0,100,0,,10,,1,,,,1.0,10.0,0.1,False,{},,,False,3,mixed,250,300,True,Ar_Aubin,,False,uniform,Argon-Aubin-Test2/10Td,3.0000000000000005e+21,1.40918e+24,0.0,1.4977022222222222e-13,1.4976422222222224e-13,0.0,0.0,0.0,0.0,0.0,0.0,0.0,0.0,0.0,0.0,0.0,0.0,0.0,0.0,0.0,0.0,0.0,0.0,0.0,0.0,0.0,0.0,2.2222222222222226e-19,1.777777777777778e-18,1.3333333333333336e-18,2.666666666666667e-18,0.0,0.0,0.0,0.0,0.0,0.0,1936.8441003242422,-531.3968162529756,2697.8781293054976,1944.507747109205,1110.386414310549,2653.690645168601,628.4286270322702,576.1986703380217,10582.460000000405,1.0582460000000405e+24,0.0,0.0
2.81e-05,155434.0,5.18115,3e+22,-5838.04,633.36,12974.7,3.44801,3.45035,3.46278,0.00435937682,0.000325410587,0.394962301,0.129427046,0.128134198,0.211763504,-0.000730760968,0.00202595903,-8.45010485e-05,1791.12971,188.971207,-1695.11346,441.49149,3144.28545,1034.84906,-2788.44964,865.112365,6811.27139,56200.0,155434.437781,5.181147926,-30.000000000000004,30000 3000,1e-06,2,0.0 0.0259,0.0 0.0,-1.0 0.0,0.00054857 28.0,80000,1000,5e-10,0.0,0.0 0.0 0.0,1000 1000000 0,0,0.0,0,100,0,,10,,1,,,,1.0,10.0,0.1,False,{},,,False,3,mixed,250,300,True,Ar_Aubin,,False,uniform,Argon-Aubin-Test2/10Td,3.0000000000000005e+21,1.29747e+24,0.0,1.5007755555555555e-13,1.50072e-13,0.0,0.0,0.0,0.0,0.0,0.0,0.0,0.0,0.0,0.0,0.0,0.0,0.0,0.0,0.0,0.0,0.0,0.0,0.0,0.0,0.0,0.0,0.0,1.3333333333333336e-18,1.1111111111111113e-18,3.1111111111111112e-18,0.0,0.0,0.0,0.0,0.0,0.0,1033.9245514112695,1816.5799262502328,2638.47060610084,3144.0793479506174,1093.389190442995,1686.7540232152996,-318.4135230831697,-2234.3189946964135,9637.559999999823,9.637559999999823e+23,0.0,0.0
2.815e-05,155606.0,5.18687,3e+22,7871.28,144.101,3652.62,3.49112,3.45984,3.42235,0.00439617854,0.000228469047,0.395603806,0.129560791,0.128341077,0.212414193,-0.000699517334,0.00204274232,-0.00011123997,1837.13207,1060.2679,-1881.77056,461.45941,1395.84927,1480.32753,1192.3004,-1347.04851,3475.53571,56300.0,155606.065118,5.186868837,-30.000000000000004,30000 3000,1e-06,2,0.0 0.0259,0.0 0.0,-1.0 0.0,0.00054857 28.0,80000,1000,5e-10,0.0,0.0 0.0 0.0,1000 1000000 0,0,0.0,0,100,0,,10,,1,,,,1.0,10.0,0.1,False,{},,,False,3,mixed,250,300,True,Ar_Aubin,,False,uniform,Argon-Aubin-Test2/10Td,3.0000000000000005e+21,3.65262e+23,0.0,1.499288888888889e-13,1.4992400000000002e-13,0.0,0.0,0.0,0.0,0.0,0.0,0.0,0.0,0.0,0.0,0.0,0.0,0.0,0.0,0.0,0.0,0.0,0.0,0.0,0.0,0.0,0.0,0.0,1.3333333333333336e-18,2.4444444444444447e-18,1.1111111111111113e-18,0.0,0.0,0.0,0.0,0.0,0.0,1334.2278050321177,1802.5285177816688,2069.326939446725,1395.8163473818581,1435.3688952897792,2030.54533612828,-11.443450525202085,-3819.4360557504547,12830.099999999735,1.2830099999999736e+24,0.0,0.0
2.82e-05,155630.0,5.18766,3e+22,-5086.33,3593.66,5813.67,3.45004,3.46168,3.4632,0.00431815005,0.000283619078,0.39606761,0.129869342,0.128506653,0.212939436,-0.000642898358,0.00200136053,-0.000117201303,1932.78103,-198.928374,-999.500438,423.027094,2389.15696,-1178.33196,-790.392495,-551.244124,1944.1967,56400.0,155629.946664,5.187664889,-30.000000000000004,30000 3000,1e-06,2,0.0 0.0259,0.0 0.0,-1.0 0.0,0.00054857 28.0,80000,1000,5e-10,0.0,0.0 0.0 0.0,1000 1000000 0,0,0.0,0,100,0,,10,,1,,,,1.0,10.0,0.1,False,{},,,False,3,mixed,250,300,True,Ar_Aubin,,False,uniform,Argon-Aubin-Test2/10Td,3.0000000000000005e+21,5.8136700000000004e+23,0.0,1.4991933333333333e-13,1.4991466666666667e-13,0.0,0.0,0.0,0.0,0.0,0.0,0.0,0.0,0.0,0.0,0.0,0.0,0.0,0.0,0.0,0.0,0.0,0.0,0.0,0.0,0.0,0.0,2.2222222222222226e-19,1.3333333333333336e-18,1.1111111111111113e-18,2e-18,0.0,0.0,0.0,0.0,0.0,0.0,3092.3096590124155,1954.7445661438167,1655.4775832403059,2388.1377294641543,1580.626305735522,-358.40968222870015,-250.32395290714578,199.53333437011656,9276.080000000242,9.276080000000242e+23,0.0,0.0
2.825e-05,155650.0,5.18834,3e+22,-381.628,4517.65,11616.1,3.503,3.44514,3.42765,0.00431335903,0.000363428569,0.396579055,0.130128202,0.128784166,0.21347262,-0.000627460566,0.00201311605,-0.000134819626,3786.49138,-2996.57709,221.922149,-1828.43515,1541.12181,-1798.53258,428.010849,1554.45906,6339.78526,56500.0,155650.091956,5.188336399,-30.000000000000004,30000 3000,1e-06,2,0.0 0.0259,0.0 0.0,-1.0 0.0,0.00054857 28.0,80000,1000,5e-10,0.0,0.0 0.0 0.0,1000 1000000 0,0,0.0,0,100,0,,10,,1,,,,1.0,10.0,0.1,False,{},,,False,3,mixed,250,300,True,Ar_Aubin,,False,uniform,Argon-Aubin-Test2/10Td,3.0000000000000005e+21,1.1616100000000001e+24,0.0,1.5006155555555556e-13,1.50056e-13,0.0,0.0,0.0,0.0,0.0,0.0,0.0,0.0,0.0,0.0,0.0,0.0,0.0,0.0,0.0,0.0,0.0,0.0,0.0,0.0,0.0,0.0,6.666666666666668e-19,1.5555555555555556e-18,2e-18,1.3333333333333336e-18,0.0,0.0,0.0,0.0,0.0,0.0,2589.013537326046,3788.1374785799007,2774.613594566655,1539.4799669252573,1277.8882641906187,1733.0832992144997,228.94083863527536,751.174259773157,10228.899999999985,1.0228899999999986e+24,0.0,0.0
2.83e-05,155582.0,5.18606,3e+22,608.137,-296.443,1688.41,3.51418,3.45668,3.40125,0.00424386962,0.000433074318,0.39703503,0.130440891,0.128987264,0.213907381,-0.000636535085,0.0019849087,-0.000116223553,2088.29332,1021.96067,-2584.65129,-2470.73512,1090.23781,1371.87924,592.861109,1273.33985,2979.84655,56600.0,155581.844745,5.186061492,-30.000000000000004,30000 3000,1e-06,2,0.0 0.0259,0.0 0.0,-1.0 0.0,0.00054857 28.0,80000,1000,5e-10,0.0,0.0 0.0 0.0,1000 1000000 0,0,0.0,0,100,0,,10,,1,,,,1.0,10.0,0.1,False,{},,,False,3,mixed,250,300,True,Ar_Aubin,,False,uniform,Argon-Aubin-Test2/10Td,3.0000000000000005e+21,1.6884100000000002e+23,0.0,1.49976e-13,1.499697777777778e-13,0.0,0.0,0.0,0.0,0.0,0.0,0.0,0.0,0.0,0.0,0.0,0.0,2.2222222222222226e-19,0.0,0.0,0.0,0.0,0.0,0.0,0.0,2.2222222222222226e-19,0.0,6.666666666666668e-19,8.88888888888889e-19,2.4444444444444447e-18,1.777777777777778e-18,0.0,0.0,0.0,0.0,0.0,0.0,3132.8363677013417,2085.7124658609023,2030.425269598235,1090.3661918500509,728.9281759212396,2309.4886349977,-51.68807799344182,-2240.407264944214,9119.499999999947,9.119499999999948e+23,0.0,0.0
2.835e-05,155499.0,5.18328,3e+22,-5441.03,-5057.36,7015.67,3.4375,3.46669,3.46179,0.00427309365,0.000431635852,0.397421296,0.130687944,0.129264898,0.214248623,-0.000657253769,0.00198107922,-6.7210394e-05,5639.50114,1413.9407,-391.780195,391.026113,3327.64589,-1642.82046,-2786.49045,-2151.14117,2967.40384,56700.0,155498.517297,5.18328391,-30.000000000000004,30000 3000,1e-06,2,0.0 0.0259,0.0 0.0,-1.0 0.0,0.00054857 28.0,80000,1000,5e-10,0.0,0.0 0.0 0.0,1000 1000000 0,0,0.0,0,100,0,,10,,1,,,,1.0,10.0,0.1,False,{},,,False,3,mixed,250,300,True,Ar_Aubin,,False,uniform,Argon-Aubin-Test2/10Td,3.0000000000000005e+21,7.015670000000001e+23,0.0,1.5016133333333333e-13,1.5015600000000003e-13,0.0,0.0,0.0,0.0,0.0,0.0,0.0,0.0,0.0,0.0,0.0,0.0,0.0,0.0,0.0,0.0,0.0,0.0,0.0,0.0,0.0,0.0,0.0,2.2222222222222226e-18,1.1111111111111113e-18,2e-18,0.0,0.0,0.0,0.0,0.0,0.0,2468.0410000990637,5662.75117074246,2776.3524385618357,3329.8288278924706,343.7053278132485,179.22717629168028,-341.6598883916296,-1045.8680657526152,7725.319999999369,7.72531999999937e+23,0.0,0.0
2.84e-05,155686.0,5.18954,3e+22,3971.67,8994.85,14346.4,3.4493,3.46059,3.46746,0.00425845681,0.000480156617,0.398075394,0.130978728,0.129479056,0.214900667,-0.000672107637,0.00198955598,-1.35696565e-05,498.74986,67.1195636,677.020109,-145.608023,2453.53167,135.084691,1489.9854,3997.0619,6441.42804,56800.0,155686.101681,5.189536723,-30.000000000000004,30000 3000,1e-06,2,0.0 0.0259,0.0 0.0,-1.0 0.0,0.00054857 28.0,80000,1000,5e-10,0.0,0.0 0.0 0.0,1000 1000000 0,0,0.0,0,100,0,,10,,1,,,,1.0,10.0,0.1,False,{},,,False,3,mixed,250,300,True,Ar_Aubin,,False,uniform,Argon-Aubin-Test2/10Td,3.0000000000000005e+21,1.43464e+24,0.0,1.4980599999999998e-13,1.4980111111111113e-13,0.0,0.0,0.0,0.0,0.0,0.0,0.0,0.0,0.0,0.0,0.0,0.0,0.0,0.0,0.0,0.0,0.0,0.0,0.0,0.0,0.0,0.0,2.2222222222222226e-19,1.1111111111111113e-18,1.3333333333333336e-18,2.2222222222222226e-18,0.0,0.0,0.0,0.0,0.0,0.0,2909.0887493901655,481.83667484142734,2141.13759131912,2449.2127332535774,1317.112060643111,730.4792075183996,230.16607679273923,524.8878841330361,13081.960000000949,1.308196000000095e+24,0.0,0.0
2.845e-05,155788.0,5.19293,3e+22,3746.0,3758.87,9125.81,3.46889,3.45714,3.45919,0.00426518246,0.000515586124,0.398744749,0.131105245,0.129603509,0.215575346,-0.000642209569,0.00196136705,-1.06394663e-05,984.946162,-2693.68316,-1827.18796,1074.38752,1868.38212,-1480.49378,2377.33476,2273.97268,4539.57714,56900.0,155787.776807,5.192925894,-30.000000000000004,30000 3000,1e-06,2,0.0 0.0259,0.0 0.0,-1.0 0.0,0.00054857 28.0,80000,1000,5e-10,0.0,0.0 0.0 0.0,1000 1000000 0,0,0.0,0,100,0,,10,,1,,,,1.0,10.0,0.1,False,{},,,False,3,mixed,250,300,True,Ar_Aubin,,False,uniform,Argon-Aubin-Test2/10Td,3.0000000000000005e+21,9.12581e+23,0.0,1.5029466666666667e-13,1.5028800000000002e-13,0.0,0.0,0.0,0.0,0.0,0.0,0.0,0.0,0.0,0.0,0.0,0.0,0.0,0.0,0.0,0.0,0.0,0.0,0.0,0.0,0.0,0.0,2.2222222222222226e-19,1.5555555555555556e-18,2.4444444444444447e-18,2.4444444444444447e-18,0.0,0.0,0.0,0.0,0.0,0.0,1264.596729855516,968.96878850484,1244.177213255704,1866.44409878608,1413.2345318226826,900.7083221283106,-674.4233395833844,-982.4742744992923,13387.099999999653,1.3387099999999654e+24,0.0,0.0
2.85e-05,155799.0,5.19331,3e+22,184.331,2405.28,16533.8,3.48386,3.44171,3.45947,0.00430496369,0.000439599882,0.399287019,0.131352144,0.129806146,0.216111914,-0.000673540912,0.00202985662,-7.39443401e-05,5308.29536,-1857.12348,481.17272,93.2731891,2273.82107,-4600.13113,1384.02401,1690.14026,9772.76445,57000.0,155799.369868,5.193312329,-30.000000000000004,30000 3000,1e-06,2,0.0 0.0259,0.0 0.0,-1.0 0.0,0.00054857 28.0,80000,1000,5e-10,0.0,0.0 0.0 0.0,1000 1000000 0,0,0.0,0,100,0,,10,,1,,,,1.0,10.0,0.1,False,{},,,False,3,mixed,250,300,True,Ar_Aubin,,False,uniform,Argon-Aubin-Test2/10Td,3.0000000000000005e+21,1.65338e+24,0.0,1.5025377777777776e-13,1.5024755555555557e-13,0.0,0.0,0.0,0.0,0.0,0.0,0.0,0.0,0.0,0.0,0.0,0.0,0.0,0.0,0.0,0.0,0.0,0.0,2.2222222222222226e-19,0.0,0.0,0.0,0.0,1.3333333333333336e-18,2e-18,2.666666666666667e-18,0.0,0.0,0.0,0.0,0.0,0.0,2465.5806904488877,5307.501821738058,2027.0958099502525,2272.763709195823,1038.1931316660875,3171.0327352578006,1005.8512153712481,1720.418345842989,10845.400000000227,1.0845400000000229e+24,0.0,0.0
2.855e-05,155819.0,5.19395,3e+22,5063.09,3100.89,10021.5,3.43161,3.48214,3.47339,0.00433293178,0.000504013737,0.399794381,0.13159832,0.13002644,0.21660584,-0.000727189529,0.00207291088,-6.60282445e-05,4673.89177,-2018.74174,856.643791,-1414.27195,-2096.66599,-550.002263,2830.70777,-422.643153,5259.74715,57100.0,155818.610864,5.193953695,-30.000000000000004,30000 3000,1e-06,2,0.0 0.0259,0.0 0.0,-1.0 0.0,0.00054857 28.0,80000,1000,5e-10,0.0,0.0 0.0 0.0,1000 1000000 0,0,0.0,0,100,0,,10,,1,,,,1.0,10.0,0.1,False,{},,,False,3,mixed,250,300,True,Ar_Aubin,,False,uniform,Argon-Aubin-Test2/10Td,3.0000000000000005e+21,1.0021500000000001e+24,0.0,1.5044133333333333e-13,1.5043577777777779e-13,0.0,0.0,0.0,0.0,0.0,0.0,0.0,0.0,0.0,0.0,0.0,0.0,0.0,0.0,0.0,0.0,0.0,0.0,0.0,0.0,0.0,0.0,8.88888888888889e-19,1.3333333333333336e-18,6.666666666666668e-19,2.666666666666667e-18,0.0,0.0,0.0,0.0,0.0,0.0,2459.3441456205455,4651.953746434,2202.332182091593,-2098.228881156926,885.0246273325869,1253.2077608085006,593.7719956602365,1619.7341526694402,10147.239999999114,1.0147239999999115e+24,0.0,0.0
2.86e-05,155804.0,5.19346,3e+22,6964.79,536.981,5565.54,3.44216,3.48943,3.45488,0.00434418645,0.000545855994,0.400288547,0.131791738,0.130258152,0.217101213,-0.000714401973,0.00208504054,-7.36695847e-05,990.603584,1821.11183,-1352.00467,-1388.77008,3130.35971,2170.8696,5035.31461,1523.64209,822.615736,57200.0,155803.94018,5.193464673,-30.000000000000004,30000 3000,1e-06,2,0.0 0.0259,0.0 0.0,-1.0 0.0,0.00054857 28.0,80000,1000,5e-10,0.0,0.0 0.0 0.0,1000 1000000 0,0,0.0,0,100,0,,10,,1,,,,1.0,10.0,0.1,False,{},,,False,3,mixed,250,300,True,Ar_Aubin,,False,uniform,Argon-Aubin-Test2/10Td,3.0000000000000005e+21,5.5655400000000004e+23,0.0,1.5050555555555554e-13,1.5049955555555556e-13,0.0,0.0,0.0,0.0,0.0,0.0,0.0,0.0,0.0,0.0,0.0,0.0,0.0,0.0,0.0,0.0,0.0,0.0,0.0,2.2222222222222226e-19,0.0,0.0,4.444444444444445e-19,1.1111111111111113e-18,1.5555555555555556e-18,2.666666666666667e-18,0.0,0.0,0.0,0.0,0.0,0.0,1933.203418977847,960.3472376549045,2316.680710808816,3130.066595702486,999.9921980191617,-1405.20618387038,109.66713865480024,871.2065272849372,9883.320000000362,9.883320000000363e+23,0.0,0.0
2.865e-05,155809.0,5.19364,3e+22,-13584.4,2596.21,5886.38,3.41534,3.47743,3.49323,0.00419124469,0.000520098546,0.400924753,0.131988147,0.130568103,0.217754335,-0.00070812161,0.00209529139,-0.0001010959,3181.83264,635.77519,2060.56772,-1349.05672,1981.98332,1147.37649,-5047.57155,2011.30957,2012.40272,57300.0,155809.143125,5.193638104,-30.000000000000004,30000 3000,1e-06,2,0.0 0.0259,0.0 0.0,-1.0 0.0,0.00054857 28.0,80000,1000,5e-10,0.0,0.0 0.0 0.0,1000 1000000 0,0,0.0,0,100,0,,10,,1,,,,1.0,10.0,0.1,False,{},,,False,3,mixed,250,300,True,Ar_Aubin,,False,uniform,Argon-Aubin-Test2/10Td,3.0000000000000005e+21,5.88638e+23,0.0,1.5045488888888888e-13,1.5044711111111112e-13,0.0,0.0,0.0,0.0,0.0,0.0,0.0,0.0,0.0,2.2222222222222226e-19,0.0,0.0,0.0,0.0,0.0,0.0,0.0,0.0,0.0,0.0,0.0,0.0,4.444444444444445e-19,3.3333333333333337e-18,1.777777777777778e-18,2e-18,0.0,0.0,0.0,0.0,0.0,0.0,1977.1442386090632,3238.768184366836,3099.784562686503,1980.6330349538894,1433.8529126017852,-347.5927275641402,1376.1037973355344,2434.647125734878,12724.120000000561,1.272412000000056e+24,0.0,0.0
2.87e-05,155598.0,5.18661,3e+22,6253.98,-10823.5,12956.8,3.46028,3.49464,3.41646,0.00409065782,0.000579179763,0.401408852,0.132259079,0.130853555,0.218251687,-0.00069186481,0.00207939885,-8.51990489e-06,1387.16613,559.572464,-1466.63407,1159.14599,5452.31716,1721.63876,3661.73952,-4135.34733,6679.29945,57400.0,155598.275662,5.186609189,-30.000000000000004,30000 3000,1e-06,2,0.0 0.0259,0.0 0.0,-1.0 0.0,0.00054857 28.0,80000,1000,5e-10,0.0,0.0 0.0 0.0,1000 1000000 0,0,0.0,0,100,0,,10,,1,,,,1.0,10.0,0.1,False,{},,,False,3,mixed,250,300,True,Ar_Aubin,,False,uniform,Argon-Aubin-Test2/10Td,3.0000000000000005e+21,1.29568e+24,0.0,1.5005844444444443e-13,1.5004911111111111e-13,0.0,0.0,0.0,0.0,0.0,0.0,0.0,0.0,0.0,0.0,0.0,0.0,0.0,0.0,0.0,0.0,0.0,0.0,0.0,0.0,0.0,0.0,4.444444444444445e-19,2.666666666666667e-18,4.222222222222222e-18,2e-18,0.0,0.0,0.0,0.0,0.0,0.0,2717.6505065112933,1361.5832378068765,2853.8705329969607,5458.58591216483,1089.4310415315856,1478.325236406401,449.098852995781,-368.29931747313594,9681.979999999203,9.681979999999203e+23,0.0,0.0
2.875e-05,155699.0,5.18996,3e+22,558.305,3716.19,8834.71,3.49219,3.42045,3.46676,0.00417912356,0.000468052892,0.402025825,0.13245647,0.131109973,0.218876477,-0.000707792828,0.00209373097,-4.80209716e-05,772.008857,-779.553308,-147.184421,-1361.46581,4727.02242,-1263.59723,-962.646725,2556.38226,3636.91884,57500.0,155698.807164,5.189960239,-30.000000000000004,30000 3000,1e-06,2,0.0 0.0259,0.0 0.0,-1.0 0.0,0.00054857 28.0,80000,1000,5e-10,0.0,0.0 0.0 0.0,1000 1000000 0,0,0.0,0,100,0,,10,,1,,,,1.0,10.0,0.1,False,{},,,False,3,mixed,250,300,True,Ar_Aubin,,False,uniform,Argon-Aubin-Test2/10Td,3.0000000000000005e+21,8.834710000000001e+23,0.0,1.5021488888888887e-13,1.5020911111111113e-13,0.0,0.0,0.0,0.0,0.0,0.0,0.0,0.0,0.0,0.0,0.0,0.0,0.0,0.0,0.0,0.0,0.0,0.0,0.0,0.0,0.0,0.0,0.0,2.2222222222222226e-18,1.1111111111111113e-18,2.4444444444444447e-18,0.0,0.0,0.0,0.0,0.0,0.0,1966.5940767057966,769.6756314208342,2565.3437568812224,4725.283046523279,1290.9249702727777,85.13726361425006,-475.1443506982936,-1371.2055189333926,12339.460000000414,1.2339460000000416e+24,0.0,0.0
2.88e-05,155601.0,5.18669,3e+22,-2858.49,4890.64,5092.25,3.40941,3.47078,3.49286,0.00422918065,0.000452132275,0.40247165,0.132724913,0.131371312,0.219443748,-0.000727740146,0.00205101575,-4.63192752e-05,6206.43961,2078.01134,-2097.05146,-1974.45661,3306.97531,-183.72734,-1059.76614,1398.11101,3419.29286,57600.0,155600.656507,5.18668855,-30.000000000000004,30000 3000,1e-06,2,0.0 0.0259,0.0 0.0,-1.0 0.0,0.00054857 28.0,80000,1000,5e-10,0.0,0.0 0.0 0.0,1000 1000000 0,0,0.0,0,100,0,,10,,1,,,,1.0,10.0,0.1,False,{},,,False,3,mixed,250,300,True,Ar_Aubin,,False,uniform,Argon-Aubin-Test2/10Td,3.0000000000000005e+21,5.09225e+23,0.0,1.5018155555555556e-13,1.501748888888889e-13,0.0,0.0,0.0,0.0,0.0,0.0,0.0,0.0,0.0,0.0,0.0,0.0,0.0,0.0,0.0,0.0,0.0,0.0,0.0,0.0,2.2222222222222226e-19,2.2222222222222226e-19,6.666666666666668e-19,1.1111111111111113e-18,2e-18,2.4444444444444447e-18,0.0,0.0,0.0,0.0,0.0,0.0,2680.2210475940224,6218.528680596219,2613.536499156133,3304.7640938105937,2086.059132080931,1369.8066002874998,-1294.49874735271,-2027.892458356463,8916.500000000216,8.916500000000217e+23,0.0,0.0
2.885e-05,155566.0,5.18553,3e+22,3826.16,-4765.24,7772.47,3.43356,3.47659,3.46035,0.00427624147,0.000455650676,0.403000074,0.132950438,0.131666178,0.219977578,-0.000747249024,0.00206335094,-4.07697873e-05,709.336402,2723.27132,552.382549,-1747.97763,740.558562,2068.9049,974.738931,-934.058445,3597.41777,57700.0,155565.78464,5.185526155,-30.000000000000004,30000 3000,1e-06,2,0.0 0.0259,0.0 0.0,-1.0 0.0,0.00054857 28.0,80000,1000,5e-10,0.0,0.0 0.0 0.0,1000 1000000 0,0,0.0,0,100,0,,10,,1,,,,1.0,10.0,0.1,False,{},,,False,3,mixed,250,300,True,Ar_Aubin,,False,uniform,Argon-Aubin-Test2/10Td,3.0000000000000005e+21,7.772470000000002e+23,0.0,1.5015888888888888e-13,1.5015200000000001e-13,0.0,0.0,0.0,0.0,0.0,0.0,0.0,0.0,0.0,0.0,0.0,0.0,0.0,0.0,0.0,0.0,0.0,0.0,0.0,0.0,2.2222222222222226e-19,0.0,2.2222222222222226e-19,1.5555555555555556e-18,2.666666666666667e-18,2.2222222222222226e-18,0.0,0.0,0.0,0.0,0.0,0.0,2251.2472786059834,692.9748179371448,2948.628060555625,742.7298468273023,1081.994097170691,465.11178483722006,-177.30248996592098,-48.05824167417086,10568.479999999436,1.0568479999999436e+24,0.0,0.0
2.89e-05,155573.0,5.18577,3e+22,-1503.88,1066.51,10261.1,3.49187,3.46298,3.41608,0.00423401393,0.000331075794,0.403527784,0.133247611,0.131780951,0.220485391,-0.000748085004,0.00208120697,-2.02489385e-06,4244.04877,216.076984,2405.45866,-1312.03261,3096.75378,3781.63887,-39.0631951,453.742012,5339.082,57800.0,155573.175548,5.185772518,-30.000000000000004,30000 3000,1e-06,2,0.0 0.0259,0.0 0.0,-1.0 0.0,0.00054857 28.0,80000,1000,5e-10,0.0,0.0 0.0 0.0,1000 1000000 0,0,0.0,0,100,0,,10,,1,,,,1.0,10.0,0.1,False,{},,,False,3,mixed,250,300,True,Ar_Aubin,,False,uniform,Argon-Aubin-Test2/10Td,3.0000000000000005e+21,1.0261100000000001e+24,0.0,1.5009222222222223e-13,1.5008622222222225e-13,0.0,0.0,0.0,0.0,0.0,0.0,0.0,0.0,0.0,0.0,0.0,0.0,0.0,0.0,0.0,0.0,0.0,0.0,0.0,2.2222222222222226e-19,0.0,0.0,0.0,1.777777777777778e-18,2e-18,2e-18,0.0,0.0,0.0,0.0,0.0,0.0,2975.3236715029943,4250.416218869049,1148.7100635718118,3096.400684354941,822.0018405480367,1198.4430555976005,652.7880050767556,2929.8071883647967,10554.200000000292,1.0554200000000292e+24,0.0,0.0
2.895e-05,155550.0,5.18499,3e+22,-7009.58,-1941.0,9353.18,3.4689,3.43487,3.46541,0.00428868668,0.000336833291,0.404069985,0.133583203,0.131924786,0.221072169,-0.00078183552,0.00216424968,4.69594682e-06,2798.71377,-557.707386,2380.2913,1909.85503,1506.07611,409.451131,-1920.07701,-269.696104,3060.45113,57900.0,155549.733616,5.184991121,-30.000000000000004,30000 3000,1e-06,2,0.0 0.0259,0.0 0.0,-1.0 0.0,0.00054857 28.0,80000,1000,5e-10,0.0,0.0 0.0 0.0,1000 1000000 0,0,0.0,0,100,0,,10,,1,,,,1.0,10.0,0.1,False,{},,,False,3,mixed,250,300,True,Ar_Aubin,,False,uniform,Argon-Aubin-Test2/10Td,3.0000000000000005e+21,9.35318e+23,0.0,1.50296e-13,1.5028911111111112e-13,0.0,0.0,0.0,0.0,0.0,0.0,0.0,0.0,0.0,0.0,0.0,0.0,0.0,0.0,0.0,0.0,0.0,0.0,0.0,0.0,2.2222222222222226e-19,0.0,4.444444444444445e-19,1.3333333333333336e-18,2e-18,2.888888888888889e-18,0.0,0.0,0.0,0.0,0.0,0.0,3351.26040520245,2828.7756623783944,1438.3115451543915,1506.7299034178309,1488.976820504251,-718.8881723023005,1173.108122814624,3252.4623169746574,10844.020000000399,1.0844020000000399e+24,0.0,0.0
2.9e-05,155570.0,5.18568,3e+22,-5591.25,5531.44,1518.43,3.46914,3.41458,3.48728,0.00427022485,0.000378898193,0.404632125,0.13375704,0.132030006,0.221602528,-0.000783568414,0.00216858988,-5.97200158e-06,1308.54192,119.08013,1887.90436,229.43162,1695.70143,-696.463255,-2265.40138,3524.45972,1685.85135,58000.0,155570.479734,5.185682658,-30.000000000000004,30000 3000,1e-06,2,0.0 0.0259,0.0 0.0,-1.0 0.0,0.00054857 28.0,80000,1000,5e-10,0.0,0.0 0.0 0.0,1000 1000000 0,0,0.0,0,100,0,,10,,1,,,,1.0,10.0,0.1,False,{},,,False,3,mixed,250,300,True,Ar_Aubin,,False,uniform,Argon-Aubin-Test2/10Td,3.0000000000000005e+21,1.5184300000000002e+23,0.0,1.5001155555555555e-13,1.5000511111111113e-13,0.0,0.0,0.0,0.0,0.0,0.0,0.0,0.0,0.0,0.0,0.0,0.0,0.0,0.0,0.0,0.0,0.0,0.0,0.0,0.0,0.0,0.0,0.0,1.5555555555555556e-18,2.666666666666667e-18,2.2222222222222226e-18,0.0,0.0,0.0,0.0,0.0,0.0,1739.9501316964217,1332.4178146925624,1051.8989282529146,1693.605577379312,757.5519588456925,1071.44579243625,187.99214347986742,1878.4183113872646,11242.799999999776,1.1242799999999777e+24,0.0,0.0
2.905e-05,155512.0,5.18374,3e+22,963.058,-7412.71,2874.28,3.46216,3.42792,3.47704,0.00433850694,0.000406259601,0.405210511,0.133961688,0.132201055,0.222174611,-0.00070827795,0.00221999399,-1.67650059e-05,5006.05329,514.71442,-1075.05161,196.776201,463.665545,-2263.3987,-348.522378,-3838.09995,1930.35501,58100.0,155512.283759,5.183742792,-30.000000000000004,30000 3000,1e-06,2,0.0 0.0259,0.0 0.0,-1.0 0.0,0.00054857 28.0,80000,1000,5e-10,0.0,0.0 0.0 0.0,1000 1000000 0,0,0.0,0,100,0,,10,,1,,,,1.0,10.0,0.1,False,{},,,False,3,mixed,250,300,True,Ar_Aubin,,False,uniform,Argon-Aubin-Test2/10Td,3.0000000000000005e+21,2.8742800000000002e+23,0.0,1.50158e-13,1.5014977777777778e-13,0.0,0.0,0.0,0.0,0.0,0.0,0.0,0.0,0.0,0.0,0.0,0.0,0.0,0.0,0.0,0.0,0.0,2.2222222222222226e-19,0.0,0.0,0.0,0.0,6.666666666666668e-19,8.88888888888889e-19,3.555555555555556e-18,2.888888888888889e-18,0.0,0.0,0.0,0.0,0.0,0.0,2040.6017780111308,5001.875056183378,1710.2751697725682,466.6770296069287,1036.8135713453853,765.66654244292,425.31302297719577,-1826.2852960301411,11567.719999999726,1.1567719999999727e+24,0.0,0.0
2.91e-05,155629.0,5.18765,3e+22,-4880.43,6278.8,12797.5,3.4628,3.48216,3.42904,0.00446273152,0.000414166629,0.405748853,0.134220568,0.132349115,0.222784633,-0.000737544689,0.00229523981,9.48218912e-06,5166.46798,2089.24428,2881.72368,33.9620096,2041.72198,-612.866956,-2975.14781,3513.79721,6068.94495,58200.0,155629.481296,5.187649377,-30.000000000000004,30000 3000,1e-06,2,0.0 0.0259,0.0 0.0,-1.0 0.0,0.00054857 28.0,80000,1000,5e-10,0.0,0.0 0.0 0.0,1000 1000000 0,0,0.0,0,100,0,,10,,1,,,,1.0,10.0,0.1,False,{},,,False,3,mixed,250,300,True,Ar_Aubin,,False,uniform,Argon-Aubin-Test2/10Td,3.0000000000000005e+21,1.27975e+24,0.0,1.5008822222222222e-13,1.5008400000000001e-13,0.0,0.0,0.0,0.0,0.0,0.0,0.0,0.0,0.0,0.0,0.0,0.0,0.0,0.0,0.0,0.0,0.0,0.0,0.0,0.0,0.0,0.0,4.444444444444445e-19,1.3333333333333336e-18,1.1111111111111113e-18,1.3333333333333336e-18,0.0,0.0,0.0,0.0,0.0,0.0,2577.866698488529,5188.248028792154,1480.5351286678592,2039.1215105698348,1734.485140655051,876.3740037324997,450.1247729500006,1829.6929380195904,10766.8400000005,1.0766840000000501e+24,0.0,0.0
2.915e-05,155665.0,5.18883,3e+22,-2107.95,1684.64,15775.1,3.44027,3.50157,3.43437,0.0045123542,0.000408951821,0.406331763,0.134492283,0.132561491,0.22329137,-0.000773916005,0.00230869892,-4.81791496e-06,1685.52034,1692.80813,-595.592194,-1561.55305,1594.46193,413.288708,-2314.00003,938.253358,6417.32848,58300.0,155664.961729,5.188832058,-30.000000000000004,30000 3000,1e-06,2,0.0 0.0259,0.0 0.0,-1.0 0.0,0.00054857 28.0,80000,1000,5e-10,0.0,0.0 0.0 0.0,1000 1000000 0,0,0.0,0,100,0,,10,,1,,,,1.0,10.0,0.1,False,{},,,False,3,mixed,250,300,True,Ar_Aubin,,False,uniform,Argon-Aubin-Test2/10Td,3.0000000000000005e+21,1.57751e+24,0.0,1.5019533333333332e-13,1.501888888888889e-13,0.0,0.0,0.0,0.0,0.0,0.0,0.0,0.0,0.0,0.0,0.0,0.0,0.0,0.0,0.0,0.0,0.0,0.0,0.0,2.2222222222222226e-19,0.0,0.0,0.0,8.88888888888889e-19,2.666666666666667e-18,2.666666666666667e-18,0.0,0.0,0.0,0.0,0.0,0.0,2712.6963219331615,1695.0321570358901,2123.802924046958,1593.7729934042704,333.67088127428394,7.404285498700119,-186.11063759016272,-2124.24802292457,11658.19999999984,1.165819999999984e+24,0.0,0.0
2.92e-05,155766.0,5.19219,3e+22,5711.78,-10595.2,4775.64,3.48748,3.42654,3.4694,0.00452544933,0.000195470578,0.406926705,0.134675103,0.132736667,0.223875165,-0.000767973173,0.00226260318,-0.000102919176,-1136.72893,2179.81873,-2181.18324,1217.80841,681.552106,2389.04284,1863.64215,-5274.68194,3523.63096,58400.0,155765.55537,5.192185179,-30.000000000000004,30000 3000,1e-06,2,0.0 0.0259,0.0 0.0,-1.0 0.0,0.00054857 28.0,80000,1000,5e-10,0.0,0.0 0.0 0.0,1000 1000000 0,0,0.0,0,100,0,,10,,1,,,,1.0,10.0,0.1,False,{},,,False,3,mixed,250,300,True,Ar_Aubin,,False,uniform,Argon-Aubin-Test2/10Td,3.0000000000000005e+21,4.7756400000000006e+23,0.0,1.50352e-13,1.5034644444444446e-13,0.0,0.0,0.0,0.0,0.0,0.0,0.0,0.0,0.0,0.0,0.0,0.0,0.0,0.0,0.0,0.0,0.0,0.0,0.0,0.0,0.0,0.0,0.0,6.666666666666668e-19,1.777777777777778e-18,3.1111111111111112e-18,0.0,0.0,0.0,0.0,0.0,0.0,1827.016487878641,-1162.5773009741074,1753.0503284504673,683.6231558680256,999.5338053114812,1580.2955105337999,-1082.1817426980626,-2663.428821923221,11898.839999999745,1.1898839999999746e+24,0.0,0.0
2.925e-05,155642.0,5.18805,3e+22,-4677.84,-2531.93,15110.4,3.44428,3.4503,3.48007,0.00447304987,0.000252388571,0.407318111,0.134798053,0.132880253,0.224295509,-0.000711876507,0.00225899963,-8.24401321e-05,94.5658835,2706.13013,-1405.05504,-125.225226,2663.75682,845.638402,-4630.57529,-2648.95085,6458.19396,58500.0,155641.543341,5.188051445,-30.000000000000004,30000 3000,1e-06,2,0.0 0.0259,0.0 0.0,-1.0 0.0,0.00054857 28.0,80000,1000,5e-10,0.0,0.0 0.0 0.0,1000 1000000 0,0,0.0,0,100,0,,10,,1,,,,1.0,10.0,0.1,False,{},,,False,3,mixed,250,300,True,Ar_Aubin,,False,uniform,Argon-Aubin-Test2/10Td,3.0000000000000005e+21,1.51104e+24,0.0,1.5015555555555554e-13,1.5014933333333335e-13,0.0,0.0,0.0,0.0,0.0,0.0,0.0,0.0,0.0,0.0,0.0,0.0,0.0,0.0,0.0,0.0,0.0,0.0,0.0,0.0,2.2222222222222226e-19,0.0,4.444444444444445e-19,1.777777777777778e-18,1.3333333333333336e-18,2.4444444444444447e-18,0.0,0.0,0.0,0.0,0.0,0.0,1234.2151649891164,115.4900951038808,1435.6050875607984,2664.395850194572,1016.4369354873082,303.45437554559976,319.36822088324703,-4197.850950395408,7828.119999999662,7.828119999999662e+23,0.0,0.0
2.93e-05,155579.0,5.18597,3e+22,-2.09395,4480.39,5824.9,3.4704,3.4498,3.45143,0.00457529614,0.000245075298,0.40769283,0.135018072,0.133104873,0.224634317,-0.00072469086,0.00224905524,-9.24534153e-05,-183.666274,-829.550168,-1298.51056,-2874.0168,2278.77938,527.683702,-860.157867,2707.48448,3073.26648,58600.0,155578.975358,5.185965845,-30.000000000000004,30000 3000,1e-06,2,0.0 0.0259,0.0 0.0,-1.0 0.0,0.00054857 28.0,80000,1000,5e-10,0.0,0.0 0.0 0.0,1000 1000000 0,0,0.0,0,100,0,,10,,1,,,,1.0,10.0,0.1,False,{},,,False,3,mixed,250,300,True,Ar_Aubin,,False,uniform,Argon-Aubin-Test2/10Td,3.0000000000000005e+21,5.8249e+23,0.0,1.5049088888888889e-13,1.5048622222222223e-13,0.0,0.0,0.0,0.0,0.0,0.0,0.0,0.0,0.0,0.0,0.0,0.0,0.0,0.0,0.0,0.0,0.0,2.2222222222222226e-19,0.0,0.0,0.0,0.0,2.2222222222222226e-19,1.1111111111111113e-18,1.3333333333333336e-18,1.777777777777778e-18,0.0,0.0,0.0,0.0,0.0,0.0,2190.9384037080426,-183.65669355864765,2246.236380890887,2277.6813470855936,334.0791519940156,698.4965145329998,-1066.111958949608,-2184.4653810845075,7494.380000000467,7.494380000000467e+23,0.0,0.0
2.935e-05,155679.0,5.1893,3e+22,6452.45,-4121.66,15279.3,3.47608,3.45061,3.45025,0.00459237479,0.000320584179,0.408258488,0.135304411,0.13329217,0.225151979,-0.000775543612,0.00228779279,-5.47974577e-05,4102.28806,-807.236286,602.691288,-720.653292,1928.02645,-607.812079,4114.23595,-3572.0259,7133.01159,58700.0,155678.925253,5.189297508,-30.000000000000004,30000 3000,1e-06,2,0.0 0.0259,0.0 0.0,-1.0 0.0,0.00054857 28.0,80000,1000,5e-10,0.0,0.0 0.0 0.0,1000 1000000 0,0,0.0,0,100,0,,10,,1,,,,1.0,10.0,0.1,False,{},,,False,3,mixed,250,300,True,Ar_Aubin,,False,uniform,Argon-Aubin-Test2/10Td,3.0000000000000005e+21,1.52793e+24,0.0,1.5022577777777778e-13,1.502208888888889e-13,0.0,0.0,0.0,0.0,0.0,0.0,0.0,0.0,0.0,0.0,0.0,0.0,0.0,0.0,0.0,0.0,0.0,0.0,0.0,0.0,0.0,0.0,4.444444444444445e-19,1.5555555555555556e-18,1.1111111111111113e-18,1.777777777777778e-18,0.0,0.0,0.0,0.0,0.0,0.0,2861.8242855688036,4072.6559912862645,1872.5428768584518,1929.3477889872172,561.1260936277951,895.107674301601,583.5398661991742,2012.4914849755532,11313.15999999938,1.131315999999938e+24,0.0,0.0
2.94e-05,155564.0,5.18548,3e+22,-2190.64,1248.38,14367.7,3.45943,3.45043,3.45989,0.00460021645,0.00027030836,0.408657533,0.135559724,0.133533544,0.225574427,-0.00081499645,0.00235338337,-5.88877864e-05,1167.03011,-1062.25669,1856.42937,1119.9914,532.597201,-3659.28096,-1304.69858,-944.306952,6878.02506,58800.0,155564.319246,5.185477308,-30.000000000000004,30000 3000,1e-06,2,0.0 0.0259,0.0 0.0,-1.0 0.0,0.00054857 28.0,80000,1000,5e-10,0.0,0.0 0.0 0.0,1000 1000000 0,0,0.0,0,100,0,,10,,1,,,,1.0,10.0,0.1,False,{},,,False,3,mixed,250,300,True,Ar_Aubin,,False,uniform,Argon-Aubin-Test2/10Td,3.0000000000000005e+21,1.4367700000000002e+24,0.0,1.4991155555555555e-13,1.4990533333333336e-13,0.0,0.0,0.0,0.0,0.0,0.0,0.0,0.0,0.0,0.0,0.0,0.0,0.0,0.0,0.0,0.0,0.0,0.0,0.0,0.0,0.0,0.0,4.444444444444445e-19,2e-18,2e-18,1.777777777777778e-18,0.0,0.0,0.0,0.0,0.0,0.0,2552.409148249557,1177.1075281640278,2414.0370760636356,532.2597534495433,964.6174640001726,1006.5562231158992,1211.0692474339878,1380.8577982024551,7980.900000000846,7.980900000000847e+23,0.0,0.0
2.945e-05,155557.0,5.18525,3e+22,1784.51,2179.68,8312.54,3.43805,3.47311,3.45889,0.00461867365,0.000213326727,0.40921491,0.135774188,0.133737908,0.226142821,-0.000817929276,0.0023383283,-9.973408e-05,442.194489,-1781.90371,-504.646143,4017.14636,1844.66734,-1646.91023,1007.91881,2061.67946,3858.28715,58900.0,155557.360592,5.185245353,-30.000000000000004,30000 3000,1e-06,2,0.0 0.0259,0.0 0.0,-1.0 0.0,0.00054857 28.0,80000,1000,5e-10,0.0,0.0 0.0 0.0,1000 1000000 0,0,0.0,0,100,0,,10,,1,,,,1.0,10.0,0.1,False,{},,,False,3,mixed,250,300,True,Ar_Aubin,,False,uniform,Argon-Aubin-Test2/10Td,3.0000000000000005e+21,8.31254e+23,0.0,1.5013533333333332e-13,1.5012844444444445e-13,0.0,0.0,0.0,0.0,0.0,0.0,0.0,0.0,0.0,0.0,0.0,0.0,0.0,0.0,0.0,0.0,0.0,0.0,0.0,0.0,0.0,0.0,4.444444444444445e-19,2e-18,2.2222222222222226e-18,2.2222222222222226e-18,0.0,0.0,0.0,0.0,0.0,0.0,2142.938451016596,433.95241968483845,2043.9155831702972,1844.2023559996926,1125.3071133801584,456.6718420285997,-503.4417256220749,-265.36834150667096,11147.5399999994,1.1147539999999401e+24,0.0,0.0
2.95e-05,155612.0,5.18708,3e+22,-265.168,7838.05,12327.1,3.46942,3.43401,3.46951,0.00466702191,0.00016128163,0.40975628,0.135902356,0.133986128,0.226745416,-0.000816043149,0.00230165503,-0.000110535963,696.140127,2079.60458,-894.85775,601.912498,2806.27253,-4150.31968,-248.322525,5213.03718,5907.70553,59000.0,155612.317581,5.187077253,-30.000000000000004,30000 3000,1e-06,2,0.0 0.0259,0.0 0.0,-1.0 0.0,0.00054857 28.0,80000,1000,5e-10,0.0,0.0 0.0 0.0,1000 1000000 0,0,0.0,0,100,0,,10,,1,,,,1.0,10.0,0.1,False,{},,,False,3,mixed,250,300,True,Ar_Aubin,,False,uniform,Argon-Aubin-Test2/10Td,3.0000000000000005e+21,1.2327100000000002e+24,0.0,1.5009288888888888e-13,1.5008755555555557e-13,0.0,0.0,0.0,0.0,0.0,0.0,0.0,0.0,0.0,0.0,0.0,0.0,0.0,0.0,0.0,0.0,0.0,0.0,0.0,0.0,0.0,0.0,6.666666666666668e-19,1.777777777777778e-18,6.666666666666668e-19,2.2222222222222226e-18,0.0,0.0,0.0,0.0,0.0,0.0,1277.1905277678131,697.3776718658308,2482.3949652827414,2805.0083965199788,1592.2856686970133,856.5988908120007,-1179.693690319464,-1092.056867531721,10827.39999999971,1.082739999999971e+24,0.0,0.0
2.955e-05,155717.0,5.19058,3e+22,6135.12,9184.24,9630.52,3.45267,3.47185,3.45541,0.00463793202,0.000154159087,0.41028568,0.136093032,0.134269938,0.227269261,-0.000800355179,0.00224493861,-6.55856189e-05,47.0056924,811.435661,519.853689,-2036.4175,4506.85135,-2777.50326,3058.80616,3040.31302,5044.33933,59100.0,155717.293374,5.190576446,-30.000000000000004,30000 3000,1e-06,2,0.0 0.0259,0.0 0.0,-1.0 0.0,0.00054857 28.0,80000,1000,5e-10,0.0,0.0 0.0 0.0,1000 1000000 0,0,0.0,0,100,0,,10,,1,,,,1.0,10.0,0.1,False,{},,,False,3,mixed,250,300,True,Ar_Aubin,,False,uniform,Argon-Aubin-Test2/10Td,3.0000000000000005e+21,9.63052e+23,0.0,1.5005733333333333e-13,1.5005311111111112e-13,0.0,0.0,0.0,0.0,0.0,0.0,0.0,0.0,0.0,0.0,0.0,0.0,0.0,0.0,0.0,0.0,0.0,0.0,0.0,0.0,0.0,0.0,2.2222222222222226e-19,1.5555555555555556e-18,8.88888888888889e-19,1.5555555555555556e-18,0.0,0.0,0.0,0.0,0.0,0.0,1909.4668008629023,18.551422905457603,2838.122467400672,4505.435515946811,897.1478637598285,1093.0748830464,-945.0395219875791,1016.8422708411495,10588.000000000264,1.0588000000000264e+24,0.0,0.0
2.96e-05,155695.0,5.18982,3e+22,-3689.19,-8139.08,10396.4,3.47086,3.45208,3.45564,0.004609961,0.000231012531,0.410791521,0.136319774,0.134495617,0.227814824,-0.000802963825,0.00217609743,-6.93575526e-05,3946.66944,-1860.191,-430.225951,1507.37192,2516.18555,-826.570032,-968.423188,-5036.60006,3738.13407,59200.0,155694.747848,5.189824928,-30.000000000000004,30000 3000,1e-06,2,0.0 0.0259,0.0 0.0,-1.0 0.0,0.00054857 28.0,80000,1000,5e-10,0.0,0.0 0.0 0.0,1000 1000000 0,0,0.0,0,100,0,,10,,1,,,,1.0,10.0,0.1,False,{},,,False,3,mixed,250,300,True,Ar_Aubin,,False,uniform,Argon-Aubin-Test2/10Td,3.0000000000000005e+21,1.03964e+24,0.0,1.5023933333333333e-13,1.5023311111111113e-13,0.0,0.0,0.0,0.0,0.0,0.0,0.0,0.0,0.0,0.0,0.0,0.0,2.2222222222222226e-19,0.0,0.0,0.0,0.0,2.2222222222222226e-19,0.0,0.0,0.0,0.0,2.2222222222222226e-19,2.666666666666667e-18,8.88888888888889e-19,2e-18,0.0,0.0,0.0,0.0,0.0,0.0,2270.006730006047,3963.67646202159,2256.4939823463415,2518.065779470812,1302.2848756896744,-532.6188989244001,-1193.9395664241435,68.91183381758992,10116.820000000138,1.0116820000000138e+24,0.0,0.0
2.965e-05,155726.0,5.19086,3e+22,2653.26,-2494.03,12786.7,3.48472,3.41337,3.48263,0.00448929819,0.000254037021,0.411351043,0.136698928,0.134754082,0.228351133,-0.000844329272,0.00213394195,-4.07648867e-05,2282.28538,-1787.52179,1197.00359,1417.38099,2787.70786,-2448.8949,1989.19692,1148.57039,5770.41569,59300.0,155725.846183,5.190861539,-30.000000000000004,30000 3000,1e-06,2,0.0 0.0259,0.0 0.0,-1.0 0.0,0.00054857 28.0,80000,1000,5e-10,0.0,0.0 0.0 0.0,1000 1000000 0,0,0.0,0,100,0,,10,,1,,,,1.0,10.0,0.1,False,{},,,False,3,mixed,250,300,True,Ar_Aubin,,False,uniform,Argon-Aubin-Test2/10Td,3.0000000000000005e+21,1.27867e+24,0.0,1.5010533333333332e-13,1.5009911111111112e-13,0.0,0.0,0.0,0.0,0.0,0.0,0.0,0.0,0.0,0.0,0.0,0.0,0.0,0.0,0.0,0.0,0.0,0.0,0.0,0.0,0.0,0.0,2.2222222222222226e-19,1.5555555555555556e-18,1.777777777777778e-18,2.666666666666667e-18,0.0,0.0,0.0,0.0,0.0,0.0,3802.519421827744,2270.3741046844,2584.5383198144777,2788.3414359514845,763.0214830556259,510.59330847189904,97.99836292337037,2037.375932483747,11190.44000000069,1.1190440000000691e+24,0.0,0.0
2.97e-05,155689.0,5.18962,3e+22,6538.75,-3423.72,5372.22,3.47077,3.48726,3.42074,0.00452956975,0.000178903959,0.411836506,0.136966014,0.135031224,0.228873116,-0.000853075665,0.00213331027,-6.1499833e-05,4384.1167,-328.046105,1539.44595,-236.731627,2502.00517,-3614.35318,2832.59671,-2914.71579,3576.13586,59400.0,155688.644949,5.189621498,-30.000000000000004,30000 3000,1e-06,2,0.0 0.0259,0.0 0.0,-1.0 0.0,0.00054857 28.0,80000,1000,5e-10,0.0,0.0 0.0 0.0,1000 1000000 0,0,0.0,0,100,0,,10,,1,,,,1.0,10.0,0.1,False,{},,,False,3,mixed,250,300,True,Ar_Aubin,,False,uniform,Argon-Aubin-Test2/10Td,3.0000000000000005e+21,5.37222e+23,0.0,1.5001111111111111e-13,1.500048888888889e-13,0.0,0.0,0.0,0.0,0.0,0.0,0.0,0.0,0.0,0.0,0.0,0.0,0.0,0.0,0.0,0.0,0.0,0.0,0.0,0.0,0.0,0.0,6.666666666666668e-19,1.777777777777778e-18,1.777777777777778e-18,2e-18,0.0,0.0,0.0,0.0,0.0,0.0,2667.227961186403,4354.498975797187,2771.745281814897,2502.6176870625072,1223.559028998289,1363.6595457366798,-387.9273345756221,1654.8128611901548,9709.259999999276,9.709259999999277e+23,0.0,0.0
2.975e-05,155503.0,5.18345,3e+22,7954.67,7857.7,5305.2,3.47433,3.42779,3.4639,0.00449642957,8.25107735e-05,0.412134632,0.137249456,0.135308935,0.229203104,-0.000878074701,0.00213787959,-0.000128334472,2083.4157,2541.04814,-2303.88966,2415.52843,2301.67459,-77.4728806,2558.90465,3146.08877,3698.36482,59500.0,155503.359329,5.183445311,-30.000000000000004,30000 3000,1e-06,2,0.0 0.0259,0.0 0.0,-1.0 0.0,0.00054857 28.0,80000,1000,5e-10,0.0,0.0 0.0 0.0,1000 1000000 0,0,0.0,0,100,0,,10,,1,,,,1.0,10.0,0.1,False,{},,,False,3,mixed,250,300,True,Ar_Aubin,,False,uniform,Argon-Aubin-Test2/10Td,3.0000000000000005e+21,5.3052e+23,0.0,1.5010044444444444e-13,1.5009466666666668e-13,0.0,0.0,0.0,0.0,0.0,0.0,0.0,0.0,0.0,0.0,0.0,0.0,0.0,0.0,0.0,0.0,0.0,0.0,0.0,0.0,0.0,0.0,0.0,1.1111111111111113e-18,2e-18,2.666666666666667e-18,0.0,0.0,0.0,0.0,0.0,0.0,2837.4112324214275,2047.6480865924082,2777.36198598777,2301.026245095069,843.4078051261507,1511.9081703135998,337.54306754850245,-3047.234461286204,5962.520000000193,5.9625200000001935e+23,0.0,0.0
2.98e-05,155420.0,5.18066,3e+22,-193.226,-9954.37,4562.0,3.44971,3.46466,3.44627,0.00441428052,0.000115851494,0.412632105,0.13752382,0.135603076,0.229729052,-0.00091374487,0.00207638843,-5.22567371e-05,2965.31625,-967.654876,-1206.40791,-2442.0176,5518.10583,2604.37263,-2161.77463,-2923.38701,1084.48286,59600.0,155419.766335,5.180658878,-30.000000000000004,30000 3000,1e-06,2,0.0 0.0259,0.0 0.0,-1.0 0.0,0.00054857 28.0,80000,1000,5e-10,0.0,0.0 0.0 0.0,1000 1000000 0,0,0.0,0,100,0,,10,,1,,,,1.0,10.0,0.1,False,{},,,False,3,mixed,250,300,True,Ar_Aubin,,False,uniform,Argon-Aubin-Test2/10Td,3.0000000000000005e+21,4.562e+23,0.0,1.497091111111111e-13,1.4970177777777779e-13,0.0,0.0,0.0,0.0,0.0,0.0,0.0,0.0,0.0,0.0,0.0,0.0,0.0,0.0,0.0,0.0,0.0,0.0,0.0,0.0,0.0,0.0,0.0,2.4444444444444447e-18,2.666666666666667e-18,2.2222222222222226e-18,0.0,0.0,0.0,0.0,0.0,0.0,2750.960063687136,2966.169203767757,2941.343864590884,5519.259058636329,1156.4881704437257,-797.94480301,-596.6135376445254,-3308.5892366115095,9949.460000000521,9.949460000000522e+23,0.0,0.0
2.985e-05,155452.0,5.18172,3e+22,438.959,4326.62,17127.3,3.46856,3.46635,3.42677,0.00437101048,9.52970498e-05,0.413117249,0.13775365,0.135893533,0.230299764,-0.000945071143,0.00203699755,-1.40526224e-05,-515.2216,-1102.46465,4391.93561,-1392.5914,3113.95678,-1978.26558,1469.26629,4450.56878,11297.1409,59700.0,155451.731714,5.18172439,-30.000000000000004,30000 3000,1e-06,2,0.0 0.0259,0.0 0.0,-1.0 0.0,0.00054857 28.0,80000,1000,5e-10,0.0,0.0 0.0 0.0,1000 1000000 0,0,0.0,0,100,0,,10,,1,,,,1.0,10.0,0.1,False,{},,,False,3,mixed,250,300,True,Ar_Aubin,,False,uniform,Argon-Aubin-Test2/10Td,3.0000000000000005e+21,1.71273e+24,0.0,1.4974577777777777e-13,1.4974088888888892e-13,0.0,0.0,0.0,0.0,0.0,0.0,0.0,0.0,0.0,0.0,0.0,0.0,0.0,0.0,0.0,0.0,0.0,0.0,0.0,0.0,0.0,0.0,0.0,1.5555555555555556e-18,1.777777777777778e-18,1.5555555555555556e-18,0.0,0.0,0.0,0.0,0.0,0.0,2302.1013989299454,-517.1402943892903,2904.6134004098726,3113.5444658783945,1701.046554030139,4221.557841202301,-473.13683639349773,5604.996757702105,9702.87999999986,9.70287999999986e+23,0.0,0.0
2.99e-05,155461.0,5.18204,3e+22,-578.388,-1147.57,5760.06,3.49135,3.42911,3.44342,0.00432650178,4.40543284e-05,0.413645797,0.137910388,0.136118282,0.230922079,-0.000941633663,0.0020577733,-7.54886465e-05,2604.81166,20.4199135,-1700.80062,1896.36205,-177.818374,-2789.75789,-180.708919,-597.97967,2628.12485,59800.0,155461.298432,5.182043281,-30.000000000000004,30000 3000,1e-06,2,0.0 0.0259,0.0 0.0,-1.0 0.0,0.00054857 28.0,80000,1000,5e-10,0.0,0.0 0.0 0.0,1000 1000000 0,0,0.0,0,100,0,,10,,1,,,,1.0,10.0,0.1,False,{},,,False,3,mixed,250,300,True,Ar_Aubin,,False,uniform,Argon-Aubin-Test2/10Td,3.0000000000000005e+21,5.7600600000000006e+23,0.0,1.498022222222222e-13,1.4979622222222223e-13,0.0,0.0,0.0,0.0,0.0,0.0,0.0,0.0,0.0,0.0,0.0,0.0,0.0,0.0,0.0,0.0,0.0,0.0,0.0,0.0,0.0,0.0,6.666666666666668e-19,1.777777777777778e-18,2e-18,1.5555555555555556e-18,0.0,0.0,0.0,0.0,0.0,0.0,1571.2511496390748,2607.3140567115306,2247.5614074385367,-177.76781857435802,1853.3104556284209,245.50024053218021,737.5259567550139,-1667.1826836076707,10570.95999999924,1.0570959999999242e+24,0.0,0.0
2.995e-05,155455.0,5.18183,3e+22,-456.728,-1011.09,12567.0,3.45047,3.45866,3.45363,0.00434382194,-5.19575576e-05,0.414182314,0.138164755,0.136415534,0.231458679,-0.000923242845,0.00206746415,-0.000121202163,9.83428759,995.40591,1160.12329,1588.00707,-676.407367,193.755787,-2354.35181,1546.30694,6422.89892,59900.0,155455.013099,5.18183377,-30.000000000000004,30000 3000,1e-06,2,0.0 0.0259,0.0 0.0,-1.0 0.0,0.00054857 28.0,80000,1000,5e-10,0.0,0.0 0.0 0.0,1000 1000000 0,0,0.0,0,100,0,,10,,1,,,,1.0,10.0,0.1,False,{},,,False,3,mixed,250,300,True,Ar_Aubin,,False,uniform,Argon-Aubin-Test2/10Td,3.0000000000000005e+21,1.2567000000000002e+24,0.0,1.497248888888889e-13,1.4971844444444446e-13,0.0,0.0,0.0,0.0,0.0,0.0,0.0,0.0,0.0,0.0,0.0,0.0,0.0,0.0,0.0,0.0,0.0,2.2222222222222226e-19,0.0,0.0,0.0,0.0,0.0,1.1111111111111113e-18,2.888888888888889e-18,2.2222222222222226e-18,0.0,0.0,0.0,0.0,0.0,0.0,2542.168286059354,11.81823269701232,2972.5124119603374,-676.4599007669138,924.5614537059522,1217.8697799619995,3.9180859369956913,-1059.6486704113881,10730.340000000282,1.0730340000000283e+24,0.0,0.0
3e-05,155461.0,5.18204,3e+22,694.393,-1387.3,4967.37,3.45561,3.44894,3.45938,0.00440723911,-0.000111620714,0.414703856,0.138357045,0.136566819,0.231971971,-0.000956345962,0.00208612088,-0.00019212603,1057.07393,-98.6783569,1468.92539,-2502.73959,2243.42457,2245.98595,-741.753332,458.602454,3378.90631,60000.0,155461.259134,5.182041971,-30.000000000000004,30000 3000,1e-06,2,0.0 0.0259,0.0 0.0,-1.0 0.0,0.00054857 28.0,80000,1000,5e-10,0.0,0.0 0.0 0.0,1000 1000000 0,0,0.0,0,100,0,,10,,1,,,,1.0,10.0,0.1,False,{},,,False,3,mixed,250,300,True,Ar_Aubin,,False,uniform,Argon-Aubin-Test2/10Td,3.0000000000000005e+21,4.9673700000000005e+23,0.0,1.4996622222222222e-13,1.4996022222222224e-13,0.0,0.0,0.0,0.0,0.0,0.0,0.0,0.0,0.0,0.0,0.0,0.0,0.0,0.0,0.0,0.0,0.0,0.0,0.0,0.0,0.0,0.0,0.0,1.5555555555555556e-18,1.3333333333333336e-18,3.1111111111111112e-18,0.0,0.0,0.0,0.0,0.0,0.0,1917.350324737166,1054.0135740126898,1512.7524040400854,2243.269718583468,809.9304912587147,1318.91881682128,-198.16201035678313,417.31221598275147,10430.83999999972,1.043083999999972e+24,0.0,0.0
3.005e-05,155432.0,5.18108,3e+22,2382.38,4059.74,7357.64,3.45508,3.44561,3.46103,0.00440342497,-0.000109891899,0.415220126,0.138702742,0.136757742,0.232580846,-0.00104510265,0.00214713035,-0.000177058096,-78.2413931,240.071705,269.392703,1034.59703,1188.30639,730.140808,2951.42564,2636.95166,4450.86108,60100.0,155432.317676,5.181077256,-30.000000000000004,30000 3000,1e-06,2,0.0 0.0259,0.0 0.0,-1.0 0.0,0.00054857 28.0,80000,1000,5e-10,0.0,0.0 0.0 0.0,1000 1000000 0,0,0.0,0,100,0,,10,,1,,,,1.0,10.0,0.1,False,{},,,False,3,mixed,250,300,True,Ar_Aubin,,False,uniform,Argon-Aubin-Test2/10Td,3.0000000000000005e+21,7.357640000000001e+23,0.0,1.4969733333333332e-13,1.496908888888889e-13,0.0,0.0,0.0,0.0,0.0,0.0,0.0,0.0,0.0,0.0,0.0,0.0,0.0,0.0,0.0,0.0,0.0,0.0,0.0,0.0,0.0,0.0,0.0,1.3333333333333336e-18,2.4444444444444447e-18,2.666666666666667e-18,0.0,0.0,0.0,0.0,0.0,0.0,3457.306051062592,-88.7320246800286,1909.2338295431666,1188.7525225380462,1804.1014581285376,1395.8208721373594,1206.3570471212374,2199.207403523849,10325.400000000818,1.032540000000082e+24,0.0,0.0
3.01e-05,155511.0,5.1837,3e+22,-6916.45,-2165.31,8679.68,3.45124,3.42296,3.49247,0.00444278598,-0.000228581473,0.415720476,0.138955529,0.136963975,0.233048656,-0.00103351156,0.00219150959,-0.00014980045,3315.25112,-587.303206,940.114376,1148.85173,3626.32317,1471.5354,-4643.17768,-2097.31643,6226.38375,60200.0,155510.854787,5.18369516,-30.000000000000004,30000 3000,1e-06,2,0.0 0.0259,0.0 0.0,-1.0 0.0,0.00054857 28.0,80000,1000,5e-10,0.0,0.0 0.0 0.0,1000 1000000 0,0,0.0,0,100,0,,10,,1,,,,1.0,10.0,0.1,False,{},,,False,3,mixed,250,300,True,Ar_Aubin,,False,uniform,Argon-Aubin-Test2/10Td,3.0000000000000005e+21,8.679680000000001e+23,0.0,1.49716e-13,1.497117777777778e-13,0.0,0.0,0.0,0.0,0.0,0.0,0.0,0.0,0.0,0.0,0.0,0.0,0.0,0.0,0.0,0.0,0.0,2.2222222222222226e-19,0.0,0.0,0.0,0.0,0.0,8.88888888888889e-19,1.5555555555555556e-18,1.5555555555555556e-18,0.0,0.0,0.0,0.0,0.0,0.0,2524.3880420233736,3345.979427091371,2061.928267396707,3625.8282202506985,520.4886978929513,2618.06304887232,516.2561700643989,-866.315378384686,10006.999999999656,1.0006999999999657e+24,0.0,0.0
3.015e-05,155458.0,5.18193,3e+22,-7228.1,6236.2,12513.0,3.44759,3.45542,3.45943,0.00445585335,-0.000214470324,0.41610604,0.139214139,0.137167919,0.233469064,-0.0010311837,0.0022088039,-0.00013264857,5962.96402,746.987164,2033.32585,-3388.52277,1871.55665,-561.127951,-4585.64775,524.073875,5072.1863,60300.0,155457.750383,5.181925013,-30.000000000000004,30000 3000,1e-06,2,0.0 0.0259,0.0 0.0,-1.0 0.0,0.00054857 28.0,80000,1000,5e-10,0.0,0.0 0.0 0.0,1000 1000000 0,0,0.0,0,100,0,,10,,1,,,,1.0,10.0,0.1,False,{},,,False,3,mixed,250,300,True,Ar_Aubin,,False,uniform,Argon-Aubin-Test2/10Td,3.0000000000000005e+21,1.2513e+24,0.0,1.5005644444444444e-13,1.500517777777778e-13,0.0,0.0,0.0,0.0,0.0,0.0,0.0,0.0,0.0,0.0,0.0,0.0,0.0,0.0,0.0,0.0,0.0,2.2222222222222226e-19,0.0,0.0,0.0,0.0,2.2222222222222226e-19,1.5555555555555556e-18,1.1111111111111113e-18,1.5555555555555556e-18,0.0,0.0,0.0,0.0,0.0,0.0,2584.9371818739696,5995.171373599135,2039.5025196992544,1872.8941298345287,996.8564118498225,-134.54857851999986,202.87840164984368,399.5780747554504,7711.280000000098,7.711280000000098e+23,0.0,0.0
3.02e-05,155502.0,5.1834,3e+22,3167.56,-4958.61,10107.0,3.47783,3.41958,3.46861,0.00441301516,-0.000229279668,0.416673318,0.139398502,0.137384593,0.234086633,-0.00106079193,0.00221319769,-0.000163045221,1203.75829,-1364.83206,279.67807,-562.484133,2247.67453,-345.119454,-213.927225,-1674.24263,6059.963,60400.0,155501.938212,5.18339794,-30.000000000000004,30000 3000,1e-06,2,0.0 0.0259,0.0 0.0,-1.0 0.0,0.00054857 28.0,80000,1000,5e-10,0.0,0.0 0.0 0.0,1000 1000000 0,0,0.0,0,100,0,,10,,1,,,,1.0,10.0,0.1,False,{},,,False,3,mixed,250,300,True,Ar_Aubin,,False,uniform,Argon-Aubin-Test2/10Td,3.0000000000000005e+21,1.0107000000000001e+24,0.0,1.500568888888889e-13,1.5005088888888892e-13,0.0,0.0,0.0,0.0,0.0,0.0,0.0,0.0,0.0,0.0,0.0,0.0,0.0,0.0,0.0,0.0,0.0,0.0,0.0,0.0,0.0,0.0,0.0,1.777777777777778e-18,2.4444444444444447e-18,1.777777777777778e-18,0.0,0.0,0.0,0.0,0.0,0.0,1847.4292627432276,1189.7797996997904,2166.6742835371733,2246.5376215454585,1451.5159135244926,1848.6457749739993,394.3122637546605,-1298.6892343862,11345.560000000089,1.1345560000000089e+24,0.0,0.0
3.025e-05,155565.0,5.18549,3e+22,4075.27,4539.78,13253.2,3.43787,3.44292,3.48897,0.00441650375,-0.000161098214,0.417310986,0.139607313,0.137589971,0.234813911,-0.00109788682,0.00220294347,-0.000180109809,5306.91889,1152.47806,1059.4261,-86.9324982,3754.3435,-385.020277,1788.58472,1425.55836,6204.40187,60500.0,155564.552259,5.185485075,-30.000000000000004,30000 3000,1e-06,2,0.0 0.0259,0.0 0.0,-1.0 0.0,0.00054857 28.0,80000,1000,5e-10,0.0,0.0 0.0 0.0,1000 1000000 0,0,0.0,0,100,0,,10,,1,,,,1.0,10.0,0.1,False,{},,,False,3,mixed,250,300,True,Ar_Aubin,,False,uniform,Argon-Aubin-Test2/10Td,3.0000000000000005e+21,1.3253200000000003e+24,0.0,1.4978222222222223e-13,1.4977533333333336e-13,0.0,0.0,0.0,0.0,0.0,0.0,0.0,0.0,0.0,0.0,0.0,0.0,0.0,0.0,0.0,0.0,0.0,0.0,0.0,0.0,2.2222222222222226e-19,0.0,2.2222222222222226e-19,1.777777777777778e-18,2.2222222222222226e-18,2.4444444444444447e-18,0.0,0.0,0.0,0.0,0.0,0.0,2087.8019742862075,5288.920444762737,2054.046165316237,3755.074850449953,1954.7289683694014,673.6959103447998,-290.48170967392423,1088.82307058428,12753.359999999604,1.2753359999999606e+24,0.0,0.0
3.03e-05,155514.0,5.18378,3e+22,3152.99,2067.73,9349.22,3.45456,3.46499,3.44744,0.00439406842,-0.000153484859,0.417862102,0.139832438,0.137771768,0.235414094,-0.0010082734,0.00220460229,-0.000155010041,830.04479,2706.15738,1167.24787,1274.06648,1952.43011,2407.58925,1650.58739,1159.46748,5071.05291,60600.0,155513.51637,5.183783879,-30.000000000000004,30000 3000,1e-06,2,0.0 0.0259,0.0 0.0,-1.0 0.0,0.00054857 28.0,80000,1000,5e-10,0.0,0.0 0.0 0.0,1000 1000000 0,0,0.0,0,100,0,,10,,1,,,,1.0,10.0,0.1,False,{},,,False,3,mixed,250,300,True,Ar_Aubin,,False,uniform,Argon-Aubin-Test2/10Td,3.0000000000000005e+21,9.34922e+23,0.0,1.4994199999999998e-13,1.4993444444444447e-13,0.0,0.0,0.0,0.0,0.0,0.0,0.0,0.0,0.0,0.0,0.0,0.0,0.0,0.0,0.0,0.0,0.0,0.0,0.0,2.2222222222222226e-19,0.0,0.0,6.666666666666668e-19,2e-18,2e-18,2.666666666666667e-18,0.0,0.0,0.0,0.0,0.0,0.0,2253.226680941356,816.1903362124242,1817.9939503257249,1952.7474752475,1399.057484337829,1164.3681887395605,171.99376544357187,1459.2391186613875,11022.320000000364,1.1022320000000365e+24,0.0,0.0
3.035e-05,155510.0,5.18367,3e+22,-455.824,1230.07,5275.31,3.45965,3.44201,3.46552,0.00442158009,-0.000170677758,0.418349819,0.14002347,0.137964993,0.235948953,-0.00104505136,0.00213180962,-0.000118871999,-2124.29758,-354.034161,-1861.73351,801.535128,-260.663308,-952.866424,-712.714561,714.445102,3063.74927,60700.0,155510.219873,5.183673996,-30.000000000000004,30000 3000,1e-06,2,0.0 0.0259,0.0 0.0,-1.0 0.0,0.00054857 28.0,80000,1000,5e-10,0.0,0.0 0.0 0.0,1000 1000000 0,0,0.0,0,100,0,,10,,1,,,,1.0,10.0,0.1,False,{},,,False,3,mixed,250,300,True,Ar_Aubin,,False,uniform,Argon-Aubin-Test2/10Td,3.0000000000000005e+21,5.275310000000001e+23,0.0,1.4984e-13,1.4983444444444445e-13,0.0,0.0,0.0,0.0,0.0,0.0,0.0,0.0,0.0,0.0,0.0,0.0,0.0,0.0,0.0,0.0,0.0,0.0,0.0,2.2222222222222226e-19,0.0,0.0,6.666666666666668e-19,1.5555555555555556e-18,1.777777777777778e-18,1.3333333333333336e-18,0.0,0.0,0.0,0.0,0.0,0.0,1907.8946678735554,-2122.282117677056,1932.1942670488813,-260.4533624102169,1270.2423052565748,856.8242863311098,-1728.9046806497024,-2407.079388768722,9754.339999999973,9.754339999999974e+23,0.0,0.0
3.04e-05,155528.0,5.18426,3e+22,1212.29,1084.49,13470.1,3.45148,3.45036,3.46562,0.00448238404,-0.000351615986,0.418941569,0.140212746,0.138046648,0.236536331,-0.00106865057,0.00220257567,-0.000254345856,3221.41921,-926.97433,1002.58114,-1309.77193,-2317.01429,-555.328659,-1507.78698,861.438213,7273.18116,60800.0,155527.767204,5.184258907,-30.000000000000004,30000 3000,1e-06,2,0.0 0.0259,0.0 0.0,-1.0 0.0,0.00054857 28.0,80000,1000,5e-10,0.0,0.0 0.0 0.0,1000 1000000 0,0,0.0,0,100,0,,10,,1,,,,1.0,10.0,0.1,False,{},,,False,3,mixed,250,300,True,Ar_Aubin,,False,uniform,Argon-Aubin-Test2/10Td,3.0000000000000005e+21,1.34701e+24,0.0,1.4998333333333332e-13,1.4997644444444445e-13,0.0,0.0,0.0,0.0,0.0,0.0,0.0,0.0,0.0,0.0,0.0,0.0,0.0,2.2222222222222226e-19,0.0,0.0,0.0,0.0,0.0,2.2222222222222226e-19,0.0,0.0,6.666666666666668e-19,1.3333333333333336e-18,1.777777777777778e-18,2.666666666666667e-18,0.0,0.0,0.0,0.0,0.0,0.0,1887.3460381022,3215.9852606521486,815.6049709545644,-2316.6329659793428,919.1082115098116,1629.9963314131,853.5255553469021,-1073.462675940214,11835.00000000004,1.1835000000000041e+24,0.0,0.0
3.045e-05,155479.0,5.18265,3e+22,2241.94,-3590.42,8029.96,3.42526,3.46132,3.47825,0.0044389153,-0.000497152862,0.419443807,0.140505496,0.138262353,0.237082304,-0.00113567259,0.00221403694,-0.000314808735,2904.27689,827.235331,4604.13256,351.159394,917.248004,813.846422,611.540702,-1990.66989,4326.52074,60900.0,155479.403127,5.182646771,-30.000000000000004,30000 3000,1e-06,2,0.0 0.0259,0.0 0.0,-1.0 0.0,0.00054857 28.0,80000,1000,5e-10,0.0,0.0 0.0 0.0,1000 1000000 0,0,0.0,0,100,0,,10,,1,,,,1.0,10.0,0.1,False,{},,,False,3,mixed,250,300,True,Ar_Aubin,,False,uniform,Argon-Aubin-Test2/10Td,3.0000000000000005e+21,8.029960000000001e+23,0.0,1.501348888888889e-13,1.5012822222222224e-13,0.0,0.0,0.0,0.0,0.0,0.0,0.0,0.0,0.0,0.0,0.0,0.0,0.0,0.0,0.0,0.0,0.0,0.0,0.0,2.2222222222222226e-19,0.0,0.0,0.0,2e-18,1.3333333333333336e-18,3.1111111111111112e-18,0.0,0.0,0.0,0.0,0.0,0.0,2931.3779764147953,2894.325108232318,2155.8147283343155,915.463016421218,1249.040055285311,958.4037475422797,548.8548039122308,4239.661101032032,10044.759999999764,1.0044759999999765e+24,0.0,0.0
3.05e-05,155474.0,5.18246,3e+22,6016.18,-5470.64,5597.07,3.44585,3.47597,3.44254,0.00452572884,-0.000366477878,0.419960562,0.140774963,0.138563412,0.237612858,-0.00111459005,0.00226727923,-0.000264030882,3283.64855,1698.46572,2086.02651,914.855353,1595.61452,-1095.6323,3095.74699,-2974.58847,2935.70456,61000.0,155473.788721,5.182459624,-30.000000000000004,30000 3000,1e-06,2,0.0 0.0259,0.0 0.0,-1.0 0.0,0.00054857 28.0,80000,1000,5e-10,0.0,0.0 0.0 0.0,1000 1000000 0,0,0.0,0,100,0,,10,,1,,,,1.0,10.0,0.1,False,{},,,False,3,mixed,250,300,True,Ar_Aubin,,False,uniform,Argon-Aubin-Test2/10Td,3.0000000000000005e+21,5.59707e+23,0.0,1.4962466666666666e-13,1.4961844444444446e-13,0.0,0.0,0.0,0.0,0.0,0.0,0.0,0.0,0.0,0.0,0.0,0.0,0.0,0.0,0.0,0.0,0.0,0.0,0.0,0.0,0.0,0.0,2.2222222222222226e-19,1.777777777777778e-18,1.5555555555555556e-18,2.666666666666667e-18,0.0,0.0,0.0,0.0,0.0,0.0,2686.887475073785,3256.4209506673687,3011.7185493311326,1593.609651461498,967.875952974373,585.1558972466605,289.8039055307866,2629.8843449883416,10335.099999999598,1.0335099999999599e+24,0.0,0.0
3.055e-05,155441.0,5.18138,3e+22,-9964.66,2301.76,2262.05,3.46539,3.45441,3.44233,0.00453541585,-0.000284544328,0.420375734,0.140958664,0.138904262,0.238064438,-0.00103906679,0.00225319217,-0.000232339235,858.72219,-13.6462443,1440.29379,821.696191,3445.24816,-2443.58877,-4292.91728,48.620505,2024.96645,61100.0,155441.350852,5.181378362,-30.000000000000004,30000 3000,1e-06,2,0.0 0.0259,0.0 0.0,-1.0 0.0,0.00054857 28.0,80000,1000,5e-10,0.0,0.0 0.0 0.0,1000 1000000 0,0,0.0,0,100,0,,10,,1,,,,1.0,10.0,0.1,False,{},,,False,3,mixed,250,300,True,Ar_Aubin,,False,uniform,Argon-Aubin-Test2/10Td,3.0000000000000005e+21,2.2620500000000006e+23,0.0,1.4973733333333333e-13,1.4973244444444446e-13,0.0,0.0,0.0,0.0,0.0,0.0,0.0,0.0,0.0,0.0,0.0,0.0,0.0,0.0,0.0,0.0,0.0,0.0,0.0,0.0,0.0,0.0,2.2222222222222226e-19,2.2222222222222226e-18,1.3333333333333336e-18,1.1111111111111113e-18,0.0,0.0,0.0,0.0,0.0,0.0,1836.1322460078156,903.916066903861,3409.0334056047222,3445.903112752417,1026.9589931705125,1074.0555209052998,-400.76399665952243,1326.0184341369472,8303.440000000384,8.303440000000384e+23,0.0,0.0
3.06e-05,155546.0,5.18485,3e+22,3714.2,414.896,15460.5,3.45677,3.46849,3.44301,0.00450601517,-0.000230873224,0.420904043,0.141160219,0.139064203,0.238641398,-0.00101850643,0.00225113493,-0.000185891673,2174.99451,332.796038,3955.60147,-1897.19064,2356.52591,-24.0495295,2161.83398,2431.60415,6257.91982,61200.0,155545.567342,5.184852245,-30.000000000000004,30000 3000,1e-06,2,0.0 0.0259,0.0 0.0,-1.0 0.0,0.00054857 28.0,80000,1000,5e-10,0.0,0.0 0.0 0.0,1000 1000000 0,0,0.0,0,100,0,,10,,1,,,,1.0,10.0,0.1,False,{},,,False,3,mixed,250,300,True,Ar_Aubin,,False,uniform,Argon-Aubin-Test2/10Td,3.0000000000000005e+21,1.54605e+24,0.0,1.5008822222222222e-13,1.5008400000000001e-13,0.0,0.0,0.0,0.0,0.0,0.0,0.0,0.0,0.0,0.0,0.0,0.0,0.0,0.0,0.0,0.0,0.0,0.0,0.0,0.0,2.2222222222222226e-19,0.0,2.2222222222222226e-19,1.5555555555555556e-18,1.3333333333333336e-18,8.88888888888889e-19,0.0,0.0,0.0,0.0,0.0,0.0,2018.208242201558,2158.258268455586,1599.686630290309,2356.6216983771446,1325.043222929201,-249.4671368014997,158.43048133303526,4484.448405953615,10566.180000000091,1.0566180000000091e+24,0.0,0.0
3.065e-05,155626.0,5.18755,3e+22,-514.034,-3572.07,-597.198,3.44928,3.47833,3.44742,0.00459492244,-0.000318627786,0.421404609,0.141353349,0.139294999,0.239153045,-0.000984966275,0.00225471575,-0.000228374572,1863.59037,-334.311461,-3455.00325,964.1275,1650.35256,1779.00803,-2217.32715,-2136.6854,517.784947,61300.0,155626.451906,5.187548397,-30.000000000000004,30000 3000,1e-06,2,0.0 0.0259,0.0 0.0,-1.0 0.0,0.00054857 28.0,80000,1000,5e-10,0.0,0.0 0.0 0.0,1000 1000000 0,0,0.0,0,100,0,,10,,1,,,,1.0,10.0,0.1,False,{},,,False,3,mixed,250,300,True,Ar_Aubin,,False,uniform,Argon-Aubin-Test2/10Td,3.0000000000000005e+21,5.97198e+22,0.0,1.5015955555555556e-13,1.5015533333333335e-13,0.0,0.0,0.0,0.0,0.0,0.0,0.0,0.0,0.0,0.0,0.0,0.0,0.0,0.0,0.0,0.0,0.0,0.0,0.0,0.0,0.0,0.0,4.444444444444445e-19,6.666666666666668e-19,1.5555555555555556e-18,1.5555555555555556e-18,0.0,0.0,0.0,0.0,0.0,0.0,1923.2086048262543,1865.952316361523,2307.47778779572,1649.214399244463,900.1592730298325,769.4469366855819,-722.8134268238724,-5452.970024725972,10011.319999999601,1.0011319999999603e+24,0.0,0.0
3.07e-05,155672.0,5.18906,3e+22,5821.46,9642.82,13316.9,3.47714,3.40744,3.49181,0.00467011709,-0.000373631259,0.421926536,0.141513641,0.139524428,0.239678433,-0.00100388598,0.0023022099,-0.00026240879,229.652847,-3517.63659,-1409.82394,448.637586,4499.17672,1207.64629,2745.93971,2670.87909,5843.58245,61400.0,155671.810587,5.189060353,-30.000000000000004,30000 3000,1e-06,2,0.0 0.0259,0.0 0.0,-1.0 0.0,0.00054857 28.0,80000,1000,5e-10,0.0,0.0 0.0 0.0,1000 1000000 0,0,0.0,0,100,0,,10,,1,,,,1.0,10.0,0.1,False,{},,,False,3,mixed,250,300,True,Ar_Aubin,,False,uniform,Argon-Aubin-Test2/10Td,3.0000000000000005e+21,1.33169e+24,0.0,1.4996177777777778e-13,1.4995644444444447e-13,0.0,0.0,0.0,0.0,0.0,0.0,0.0,0.0,0.0,0.0,0.0,0.0,0.0,0.0,0.0,0.0,0.0,0.0,0.0,0.0,0.0,0.0,4.444444444444445e-19,1.3333333333333336e-18,1.3333333333333336e-18,2.2222222222222226e-18,0.0,0.0,0.0,0.0,0.0,0.0,1595.9531859532917,202.46594716524862,2293.909233483105,4502.779578976911,852.3070548355216,224.82896274159975,267.3863543085041,-1182.304164538381,10438.540000000663,1.0438540000000662e+24,0.0,0.0
3.075e-05,155747.0,5.19157,3e+22,6385.45,2663.87,11495.5,3.46461,3.44738,3.47013,0.00478908206,-0.00034044869,0.422429439,0.141631869,0.139713407,0.240160684,-0.00102013183,0.0023043534,-0.000231891329,3413.77788,-1618.52045,695.165306,194.151119,1368.35179,-1102.86083,2149.86097,1281.27426,5573.52007,61500.0,155747.064799,5.191568827,-30.000000000000004,30000 3000,1e-06,2,0.0 0.0259,0.0 0.0,-1.0 0.0,0.00054857 28.0,80000,1000,5e-10,0.0,0.0 0.0 0.0,1000 1000000 0,0,0.0,0,100,0,,10,,1,,,,1.0,10.0,0.1,False,{},,,False,3,mixed,250,300,True,Ar_Aubin,,False,uniform,Argon-Aubin-Test2/10Td,3.0000000000000005e+21,1.14955e+24,0.0,1.5018355555555555e-13,1.5017911111111113e-13,0.0,0.0,0.0,0.0,0.0,0.0,0.0,0.0,0.0,0.0,0.0,0.0,0.0,2.2222222222222226e-19,0.0,0.0,0.0,0.0,0.0,0.0,0.0,0.0,0.0,1.5555555555555556e-18,1.1111111111111113e-18,1.5555555555555556e-18,0.0,0.0,0.0,0.0,0.0,0.0,1171.0268665687806,3383.197435959973,1890.0269500718437,1369.2587010518303,576.2184710458862,717.4824539754991,-1009.188428653272,92.57132191672008,10058.05999999998,1.005805999999998e+24,0.0,0.0
3.08e-05,155616.0,5.18719,3e+22,-275.607,-4201.54,511.995,3.43819,3.44981,3.48627,0.00471119504,-0.000457737775,0.422891531,0.141943485,0.139921463,0.240669338,-0.000909088912,0.00227193499,-0.000235408273,2744.95034,581.412783,894.438428,1164.6406,820.797905,4159.0462,827.075927,-832.54247,1020.51256,61600.0,155615.721713,5.187190724,-30.000000000000004,30000 3000,1e-06,2,0.0 0.0259,0.0 0.0,-1.0 0.0,0.00054857 28.0,80000,1000,5e-10,0.0,0.0 0.0 0.0,1000 1000000 0,0,0.0,0,100,0,,10,,1,,,,1.0,10.0,0.1,False,{},,,False,3,mixed,250,300,True,Ar_Aubin,,False,uniform,Argon-Aubin-Test2/10Td,3.0000000000000005e+21,5.11995e+22,0.0,1.5004799999999998e-13,1.5004044444444447e-13,0.0,0.0,0.0,0.0,0.0,0.0,0.0,0.0,0.0,0.0,0.0,0.0,0.0,0.0,0.0,0.0,0.0,2.2222222222222226e-19,0.0,0.0,0.0,0.0,2.2222222222222226e-19,2.666666666666667e-18,2e-18,2.4444444444444447e-18,0.0,0.0,0.0,0.0,0.0,0.0,3123.5594827250247,2746.248778331389,2079.6238143983014,818.8747014288265,1180.3794233078424,803.9942105856551,-33.872907488838315,1835.6541128798124,9241.83999999939,9.24183999999939e+23,0.0,0.0
3.085e-05,155509.0,5.18363,3e+22,706.993,5565.35,7727.12,3.49429,3.43355,3.4389,0.00474167091,-0.000268663605,0.423317306,0.142229173,0.140127407,0.241110112,-0.000909853143,0.00228992129,-0.000141967361,2587.93424,2213.80062,-655.039986,-2608.94873,2156.41583,4280.44648,794.773329,1505.59965,4570.10677,61700.0,155508.775421,5.183625847,-30.000000000000004,30000 3000,1e-06,2,0.0 0.0259,0.0 0.0,-1.0 0.0,0.00054857 28.0,80000,1000,5e-10,0.0,0.0 0.0 0.0,1000 1000000 0,0,0.0,0,100,0,,10,,1,,,,1.0,10.0,0.1,False,{},,,False,3,mixed,250,300,True,Ar_Aubin,,False,uniform,Argon-Aubin-Test2/10Td,3.0000000000000005e+21,7.72712e+23,0.0,1.5004799999999998e-13,1.5004155555555557e-13,0.0,0.0,0.0,0.0,0.0,0.0,0.0,0.0,0.0,0.0,0.0,0.0,0.0,0.0,0.0,0.0,0.0,0.0,0.0,0.0,0.0,0.0,2.2222222222222226e-19,1.777777777777778e-18,1.777777777777778e-18,2.666666666666667e-18,0.0,0.0,0.0,0.0,0.0,0.0,2853.9991568615756,2584.5819118583263,2060.813437380349,2157.9110369940868,804.7943242628364,1299.0831484612804,61.58855490876088,-196.18848924293724,8515.500000000342,8.515500000000344e+23,0.0,0.0
3.09e-05,155689.0,5.18965,3e+22,1537.6,6450.69,13466.5,3.4678,3.45769,3.45252,0.00469103182,-0.000209795463,0.423942139,0.142446566,0.140359045,0.241728573,-0.000861599421,0.00234528801,-5.60981439e-05,1407.66109,-936.738447,1520.98172,-455.98873,2386.57418,-2063.9552,348.099095,3064.43746,6517.77979,61800.0,155689.374352,5.189645812,-30.000000000000004,30000 3000,1e-06,2,0.0 0.0259,0.0 0.0,-1.0 0.0,0.00054857 28.0,80000,1000,5e-10,0.0,0.0 0.0 0.0,1000 1000000 0,0,0.0,0,100,0,,10,,1,,,,1.0,10.0,0.1,False,{},,,False,3,mixed,250,300,True,Ar_Aubin,,False,uniform,Argon-Aubin-Test2/10Td,3.0000000000000005e+21,1.34665e+24,0.0,1.499591111111111e-13,1.499546666666667e-13,0.0,0.0,0.0,0.0,0.0,0.0,0.0,0.0,0.0,0.0,0.0,0.0,0.0,0.0,0.0,0.0,0.0,0.0,0.0,0.0,0.0,0.0,2.2222222222222226e-19,1.777777777777778e-18,6.666666666666668e-19,1.777777777777778e-18,0.0,0.0,0.0,0.0,0.0,0.0,2178.7066348250005,1400.448159473568,2316.661659963193,2387.9275054952195,890.6533920233218,808.7629751565,1477.440233438104,1154.0556020695699,12496.659999999827,1.2496659999999827e+24,0.0,0.0
3.095e-05,155630.0,5.18765,3e+22,-999.896,-4892.27,10730.7,3.46151,3.45503,3.45796,0.00460039408,-0.000247581786,0.424454099,0.142558096,0.140530933,0.24221791,-0.000927087055,0.00231893489,-8.71993706e-05,2332.74746,-192.831997,-76.1227524,-1357.84276,-2000.04624,-1317.57776,-849.514726,-1301.05658,6016.86011,61900.0,155629.543444,5.187651448,-30.000000000000004,30000 3000,1e-06,2,0.0 0.0259,0.0 0.0,-1.0 0.0,0.00054857 28.0,80000,1000,5e-10,0.0,0.0 0.0 0.0,1000 1000000 0,0,0.0,0,100,0,,10,,1,,,,1.0,10.0,0.1,False,{},,,False,3,mixed,250,300,True,Ar_Aubin,,False,uniform,Argon-Aubin-Test2/10Td,3.0000000000000005e+21,1.0730700000000002e+24,0.0,1.504048888888889e-13,1.5039777777777779e-13,0.0,0.0,0.0,0.0,0.0,0.0,0.0,0.0,0.0,0.0,0.0,0.0,0.0,0.0,0.0,0.0,0.0,0.0,0.0,0.0,0.0,0.0,4.444444444444445e-19,2.666666666666667e-18,1.777777777777778e-18,2.2222222222222226e-18,0.0,0.0,0.0,0.0,0.0,0.0,1123.7215384496403,2337.347375639016,1718.7071739555026,-2001.2574769441942,549.9206199355289,1462.1705098607,194.3363923305767,-550.5929713805521,10239.19999999956,1.023919999999956e+24,0.0,0.0
3.1e-05,155513.0,5.18377,3e+22,3255.2,-4701.36,14004.7,3.4447,3.45377,3.46776,0.00463176864,-0.00023905375,0.424906627,0.142816974,0.140730445,0.242719092,-0.000955683959,0.00238856178,-6.01182265e-05,4426.25811,815.715725,1408.24554,973.835924,2247.33321,-1930.49732,23.1886067,-935.279868,6270.42593,62000.0,155513.013643,5.183767121,-30.000000000000004,30000 3000,1e-06,2,0.0 0.0259,0.0 0.0,-1.0 0.0,0.00054857 28.0,80000,1000,5e-10,0.0,0.0 0.0 0.0,1000 1000000 0,0,0.0,0,100,0,,10,,1,,,,1.0,10.0,0.1,False,{},,,False,3,mixed,250,300,True,Ar_Aubin,,False,uniform,Argon-Aubin-Test2/10Td,3.0000000000000005e+21,1.4004700000000003e+24,0.0,1.5001866666666666e-13,1.5001155555555557e-13,0.0,0.0,0.0,0.0,0.0,0.0,0.0,0.0,0.0,0.0,0.0,0.0,0.0,0.0,0.0,0.0,0.0,0.0,0.0,0.0,0.0,0.0,2.2222222222222226e-19,1.1111111111111113e-18,2.4444444444444447e-18,3.3333333333333337e-18,0.0,0.0,0.0,0.0,0.0,0.0,2585.8834495681717,4411.180776723072,1995.1615004540347,2246.2093322619,1168.2248938466034,319.7360908531,1084.27648809114,-16.58843578300798,9050.560000000152,9.050560000000151e+23,0.0,0.0
3.105e-05,155524.0,5.18413,3e+22,13627.5,3548.5,16107.9,3.44361,3.44425,3.4778,0.00463758625,-0.000202289135,0.425408889,0.143097998,0.141027015,0.243249947,-0.00093511389,0.00235614476,-4.32702651e-05,4661.01523,-102.796913,-846.368409,-284.855051,1619.05699,2405.0699,7514.53036,3406.39097,6547.09718,62100.0,155524.045052,5.184134835,-30.000000000000004,30000 3000,1e-06,2,0.0 0.0259,0.0 0.0,-1.0 0.0,0.00054857 28.0,80000,1000,5e-10,0.0,0.0 0.0 0.0,1000 1000000 0,0,0.0,0,100,0,,10,,1,,,,1.0,10.0,0.1,False,{},,,False,3,mixed,250,300,True,Ar_Aubin,,False,uniform,Argon-Aubin-Test2/10Td,3.0000000000000005e+21,1.61079e+24,0.0,1.5017622222222223e-13,1.5017066666666668e-13,0.0,0.0,0.0,0.0,0.0,0.0,0.0,0.0,0.0,0.0,0.0,0.0,2.2222222222222226e-19,0.0,0.0,0.0,0.0,0.0,0.0,0.0,2.2222222222222226e-19,0.0,6.666666666666668e-19,1.5555555555555556e-18,8.88888888888889e-19,2e-18,0.0,0.0,0.0,0.0,0.0,0.0,2809.700745083077,4597.816523378125,2965.862258012264,1619.7748129955476,1037.7382830276117,-305.34666312310037,-744.3648877479819,796.2005405961254,10045.240000000622,1.0045240000000623e+24,0.0,0.0
3.11e-05,155686.0,5.18953,3e+22,-3774.73,-7873.93,11301.4,3.46528,3.46907,3.44354,0.00479108233,-0.000144740571,0.425983328,0.143329813,0.14125131,0.243840416,-0.000983690037,0.00246330352,-2.87192926e-05,1631.28759,445.608654,2069.09747,2022.8459,3132.33489,-560.833469,-2304.93836,-4835.92346,5481.38597,62200.0,155685.803636,5.189526788,-30.000000000000004,30000 3000,1e-06,2,0.0 0.0259,0.0 0.0,-1.0 0.0,0.00054857 28.0,80000,1000,5e-10,0.0,0.0 0.0 0.0,1000 1000000 0,0,0.0,0,100,0,,10,,1,,,,1.0,10.0,0.1,False,{},,,False,3,mixed,250,300,True,Ar_Aubin,,False,uniform,Argon-Aubin-Test2/10Td,3.0000000000000005e+21,1.13014e+24,0.0,1.49864e-13,1.4986e-13,0.0,0.0,0.0,0.0,0.0,0.0,0.0,0.0,0.0,0.0,0.0,0.0,0.0,0.0,0.0,0.0,0.0,0.0,0.0,0.0,0.0,0.0,2.2222222222222226e-19,6.666666666666668e-19,1.3333333333333336e-18,1.777777777777778e-18,0.0,0.0,0.0,0.0,0.0,0.0,2303.6773633333673,1649.3726322035209,2243.1497106123466,3131.195212875786,1013.9610625878315,667.1779869408001,782.1595719756467,1317.985219857178,11488.779999999644,1.1488779999999645e+24,0.0,0.0
3.115e-05,155820.0,5.19401,3e+22,5612.42,-3187.15,3358.26,3.43192,3.47479,3.48101,0.00481819714,-0.000196903958,0.426602595,0.143545927,0.141439732,0.244440484,-0.000970775436,0.00251063273,-9.6102885e-05,1287.78873,-1281.76671,-1973.38305,341.230191,522.91368,-383.196603,3248.45845,-1696.72613,464.9313,62300.0,155820.335845,5.194011195,-30.000000000000004,30000 3000,1e-06,2,0.0 0.0259,0.0 0.0,-1.0 0.0,0.00054857 28.0,80000,1000,5e-10,0.0,0.0 0.0 0.0,1000 1000000 0,0,0.0,0,100,0,,10,,1,,,,1.0,10.0,0.1,False,{},,,False,3,mixed,250,300,True,Ar_Aubin,,False,uniform,Argon-Aubin-Test2/10Td,3.0000000000000005e+21,3.358260000000001e+23,0.0,1.5018533333333333e-13,1.5018022222222224e-13,0.0,0.0,0.0,0.0,0.0,0.0,0.0,0.0,0.0,0.0,0.0,0.0,0.0,0.0,0.0,0.0,0.0,0.0,0.0,0.0,0.0,0.0,4.444444444444445e-19,1.1111111111111113e-18,2e-18,1.5555555555555556e-18,0.0,0.0,0.0,0.0,0.0,0.0,2158.5344621291583,1260.7469840075212,1884.0417866425319,522.2861175502603,720.89673221587,-967.7111306847,655.900050196322,-1135.3782949572762,12385.339999999578,1.2385339999999578e+24,0.0,0.0
3.12e-05,155730.0,5.19101,3e+22,-1327.65,-1087.05,13937.5,3.48481,3.4598,3.43628,0.00483675813,-0.000239057065,0.427083317,0.143681287,0.141643303,0.244956752,-0.000978721722,0.00255943993,-0.000133913136,3280.26107,-200.742133,1995.94012,897.16741,1357.73536,1761.49387,-258.314895,-1983.26622,5663.41325,62400.0,155730.278468,5.191009282,-30.000000000000004,30000 3000,1e-06,2,0.0 0.0259,0.0 0.0,-1.0 0.0,0.00054857 28.0,80000,1000,5e-10,0.0,0.0 0.0 0.0,1000 1000000 0,0,0.0,0,100,0,,10,,1,,,,1.0,10.0,0.1,False,{},,,False,3,mixed,250,300,True,Ar_Aubin,,False,uniform,Argon-Aubin-Test2/10Td,3.0000000000000005e+21,1.39375e+24,0.0,1.5023333333333332e-13,1.5022622222222224e-13,0.0,0.0,0.0,0.0,0.0,0.0,0.0,0.0,0.0,0.0,0.0,0.0,0.0,0.0,0.0,0.0,0.0,0.0,0.0,2.2222222222222226e-19,2.2222222222222226e-19,0.0,0.0,2.888888888888889e-18,2e-18,1.777777777777778e-18,0.0,0.0,0.0,0.0,0.0,0.0,1351.8079447177868,3286.6825919312946,2035.5262288832,1357.4754930174915,1058.8240101147562,-289.0604806875008,771.2779491692023,2237.2300743781752,9614.44000000089,9.61444000000089e+23,0.0,0.0
3.125e-05,155617.0,5.18723,3e+22,-4652.07,6517.21,2217.04,3.45758,3.444,3.47248,0.00491193574,-0.000202531742,0.427538284,0.14391859,0.141926157,0.245409585,-0.00100930407,0.00260901324,-8.99649106e-05,4009.68552,-2365.46728,363.818704,-660.300714,4204.36604,41.1076744,-3933.75014,3833.51539,2140.12883,62500.0,155616.845112,5.18722817,-30.000000000000004,30000 3000,1e-06,2,0.0 0.0259,0.0 0.0,-1.0 0.0,0.00054857 28.0,80000,1000,5e-10,0.0,0.0 0.0 0.0,1000 1000000 0,0,0.0,0,100,0,,10,,1,,,,1.0,10.0,0.1,False,{},,,False,3,mixed,250,300,True,Ar_Aubin,,False,uniform,Argon-Aubin-Test2/10Td,3.0000000000000005e+21,2.21704e+23,0.0,1.501648888888889e-13,1.501577777777778e-13,0.0,0.0,0.0,0.0,0.0,0.0,0.0,0.0,0.0,0.0,0.0,0.0,0.0,0.0,0.0,0.0,0.0,0.0,0.0,0.0,0.0,2.2222222222222226e-19,1.1111111111111113e-18,1.5555555555555556e-18,2.2222222222222226e-18,2e-18,0.0,0.0,0.0,0.0,0.0,0.0,2365.7011649427795,4032.536188897982,2828.7012917380116,4205.685981894279,640.083740578723,1192.25935284064,304.6287657849575,-1591.8833691651296,9099.339999999456,9.099339999999457e+23,0.0,0.0
3.13e-05,155643.0,5.18811,3e+22,-1011.6,1123.86,6223.83,3.48322,3.42698,3.46579,0.00494012031,-5.75810985e-05,0.428132972,0.144125626,0.142141973,0.246024859,-0.00101745573,0.00264066339,-3.9394095e-05,1414.20586,1471.86952,1544.59408,-1262.76907,-563.187988,1181.81565,-1180.67273,2904.407,4578.9541,62600.0,155643.287569,5.188109586,-30.000000000000004,30000 3000,1e-06,2,0.0 0.0259,0.0 0.0,-1.0 0.0,0.00054857 28.0,80000,1000,5e-10,0.0,0.0 0.0 0.0,1000 1000000 0,0,0.0,0,100,0,,10,,1,,,,1.0,10.0,0.1,False,{},,,False,3,mixed,250,300,True,Ar_Aubin,,False,uniform,Argon-Aubin-Test2/10Td,3.0000000000000005e+21,6.22383e+23,0.0,1.4968244444444445e-13,1.4967555555555558e-13,0.0,0.0,0.0,0.0,0.0,0.0,0.0,0.0,0.0,0.0,0.0,0.0,0.0,0.0,0.0,0.0,0.0,0.0,0.0,0.0,0.0,0.0,4.444444444444445e-19,1.3333333333333336e-18,2.4444444444444447e-18,2.666666666666667e-18,0.0,0.0,0.0,0.0,0.0,0.0,2067.5832403660443,1419.203285705596,2158.5370352364407,-563.1232749066398,1064.1657211185595,1914.32726487724,333.2467408001701,766.2741954862128,11893.760000000198,1.18937600000002e+24,0.0,0.0
3.135e-05,155713.0,5.19044,3e+22,954.369,-1559.3,7525.76,3.49095,3.4299,3.45969,0.00493483274,-8.91541142e-05,0.428666254,0.144412128,0.142359533,0.246622551,-0.0010024231,0.00271525661,-2.42560685e-05,2095.16687,-2728.48937,1194.27991,254.874076,1450.51952,-2627.94488,1685.07453,135.175755,4941.53764,62700.0,155713.250055,5.190441668,-30.000000000000004,30000 3000,1e-06,2,0.0 0.0259,0.0 0.0,-1.0 0.0,0.00054857 28.0,80000,1000,5e-10,0.0,0.0 0.0 0.0,1000 1000000 0,0,0.0,0,100,0,,10,,1,,,,1.0,10.0,0.1,False,{},,,False,3,mixed,250,300,True,Ar_Aubin,,False,uniform,Argon-Aubin-Test2/10Td,3.0000000000000005e+21,7.52576e+23,0.0,1.5012777777777778e-13,1.501228888888889e-13,0.0,0.0,0.0,0.0,0.0,0.0,0.0,0.0,0.0,0.0,0.0,0.0,0.0,0.0,0.0,0.0,0.0,0.0,0.0,0.0,0.0,2.2222222222222226e-19,0.0,2e-18,6.666666666666668e-19,2e-18,0.0,0.0,0.0,0.0,0.0,0.0,2865.5421450549115,2090.457218612759,2175.5536712680937,1450.380501989728,1407.76395160247,1715.4982922969593,1484.5069117101068,2433.1102889948916,10665.640000000476,1.0665640000000477e+24,0.0,0.0
3.14e-05,155675.0,5.18917,3e+22,2210.18,-5809.3,10829.9,3.48206,3.46136,3.43403,0.00476664886,-9.7510125e-05,0.429158771,0.144591702,0.142584323,0.247222923,-0.00110136066,0.0026417436,-4.70529283e-05,2304.33292,688.408169,-795.074484,-1160.46379,4462.06656,-3381.62937,-469.932042,-3054.80156,5468.65976,62800.0,155675.058331,5.189168611,-30.000000000000004,30000 3000,1e-06,2,0.0 0.0259,0.0 0.0,-1.0 0.0,0.00054857 28.0,80000,1000,5e-10,0.0,0.0 0.0 0.0,1000 1000000 0,0,0.0,0,100,0,,10,,1,,,,1.0,10.0,0.1,False,{},,,False,3,mixed,250,300,True,Ar_Aubin,,False,uniform,Argon-Aubin-Test2/10Td,3.0000000000000005e+21,1.08299e+24,0.0,1.5012666666666667e-13,1.5012022222222224e-13,0.0,0.0,0.0,0.0,0.0,0.0,0.0,0.0,0.0,0.0,0.0,0.0,0.0,0.0,0.0,0.0,0.0,0.0,0.0,0.0,0.0,0.0,4.444444444444445e-19,1.777777777777778e-18,1.777777777777778e-18,2.4444444444444447e-18,0.0,0.0,0.0,0.0,0.0,0.0,1812.0563281723291,2293.797768022605,2247.8844023160473,4461.500094430838,1778.7859216211732,820.9131859470999,-75.31823547590224,-2265.146988977694,9850.339999999404,9.850339999999404e+23,0.0,0.0
3.145e-05,155824.0,5.19414,3e+22,3987.94,1416.28,14122.9,3.47662,3.46679,3.44363,0.00480819003,-0.000142691779,0.429785496,0.144785653,0.142798961,0.247847859,-0.00112674123,0.00263634881,-0.000116229669,3437.17091,1362.70514,-34.6429905,-705.461101,1867.20297,-530.978207,2260.66885,1901.26004,7323.67275,62900.0,155824.074875,5.194135829,-30.000000000000004,30000 3000,1e-06,2,0.0 0.0259,0.0 0.0,-1.0 0.0,0.00054857 28.0,80000,1000,5e-10,0.0,0.0 0.0 0.0,1000 1000000 0,0,0.0,0,100,0,,10,,1,,,,1.0,10.0,0.1,False,{},,,False,3,mixed,250,300,True,Ar_Aubin,,False,uniform,Argon-Aubin-Test2/10Td,3.0000000000000005e+21,1.41229e+24,0.0,1.5063244444444444e-13,1.5062733333333334e-13,0.0,0.0,0.0,0.0,0.0,0.0,0.0,0.0,0.0,0.0,0.0,0.0,0.0,0.0,0.0,0.0,0.0,0.0,0.0,2.2222222222222226e-19,0.0,0.0,0.0,4.444444444444445e-19,2e-18,2.4444444444444447e-18,0.0,0.0,0.0,0.0,0.0,0.0,1935.5324998993062,3417.996136651762,2146.2714728068268,1867.4050615127621,866.1415426441944,1253.8551685415996,-524.7192071930733,444.161501607073,12534.499999999893,1.2534499999999892e+24,0.0,0.0
3.15e-05,155862.0,5.19541,3e+22,1550.0,-3645.27,12992.0,3.45406,3.46618,3.46953,0.00483498309,-0.000313317788,0.430306654,0.144916265,0.142961275,0.248419709,-0.00116450894,0.00264528893,-0.000136371102,730.211004,24.8302811,61.5240438,-1398.41891,3992.20663,2554.46333,2259.12504,-1494.38766,7968.02977,63000.0,155862.319558,5.195410652,-30.000000000000004,30000 3000,1e-06,2,0.0 0.0259,0.0 0.0,-1.0 0.0,0.00054857 28.0,80000,1000,5e-10,0.0,0.0 0.0 0.0,1000 1000000 0,0,0.0,0,100,0,,10,,1,,,,1.0,10.0,0.1,False,{},,,False,3,mixed,250,300,True,Ar_Aubin,,False,uniform,Argon-Aubin-Test2/10Td,3.0000000000000005e+21,1.2992e+24,0.0,1.5041266666666665e-13,1.5040733333333335e-13,0.0,0.0,0.0,0.0,0.0,0.0,0.0,0.0,0.0,0.0,0.0,0.0,0.0,0.0,0.0,0.0,0.0,0.0,0.0,0.0,2.2222222222222226e-19,0.0,4.444444444444445e-19,1.3333333333333336e-18,2e-18,1.3333333333333336e-18,0.0,0.0,0.0,0.0,0.0,0.0,1303.536298840058,722.7167802105,1622.3619290750557,3991.064502066937,1236.0609529024625,2377.4857212320003,-101.8987739735168,1590.8576697947199,10423.160000000431,1.0423160000000432e+24,0.0,0.0
3.155e-05,155803.0,5.19342,3e+22,1074.48,-3107.98,1094.88,3.44258,3.47908,3.4651,0.00488393949,-0.000370463271,0.430715097,0.145106012,0.143236712,0.248884456,-0.00119270877,0.00264816392,-0.000135987539,42.2929523,349.227751,-916.661685,-158.322948,-2549.27443,774.07661,844.527173,-310.792614,2859.57954,63100.0,155802.564429,5.193418814,-30.000000000000004,30000 3000,1e-06,2,0.0 0.0259,0.0 0.0,-1.0 0.0,0.00054857 28.0,80000,1000,5e-10,0.0,0.0 0.0 0.0,1000 1000000 0,0,0.0,0,100,0,,10,,1,,,,1.0,10.0,0.1,False,{},,,False,3,mixed,250,300,True,Ar_Aubin,,False,uniform,Argon-Aubin-Test2/10Td,3.0000000000000005e+21,1.0948800000000002e+23,0.0,1.5033533333333333e-13,1.5033000000000003e-13,0.0,0.0,0.0,0.0,0.0,0.0,0.0,0.0,0.0,0.0,0.0,0.0,0.0,0.0,0.0,0.0,0.0,0.0,0.0,0.0,0.0,0.0,4.444444444444445e-19,8.88888888888889e-19,2.2222222222222226e-18,1.777777777777778e-18,0.0,0.0,0.0,0.0,0.0,0.0,1892.7119653863733,37.0452569967848,2753.9792500111407,-2550.4258224370024,1130.6869295635292,2387.99819459664,-403.7217114599961,-540.2765970933713,8168.859999999612,8.168859999999613e+23,0.0,0.0
3.16e-05,155850.0,5.19501,3e+22,3798.58,-388.278,13973.8,3.45059,3.44332,3.49493,0.00502543388,-0.00040160856,0.431169839,0.145338021,0.14350015,0.249448443,-0.00119517473,0.00266834443,-0.000158392826,2154.05874,-1141.52215,-843.817578,1084.39688,1576.14949,-2447.65085,1894.60737,-2979.49731,6693.54562,63200.0,155850.429736,5.195014325,-30.000000000000004,30000 3000,1e-06,2,0.0 0.0259,0.0 0.0,-1.0 0.0,0.00054857 28.0,80000,1000,5e-10,0.0,0.0 0.0 0.0,1000 1000000 0,0,0.0,0,100,0,,10,,1,,,,1.0,10.0,0.1,False,{},,,False,3,mixed,250,300,True,Ar_Aubin,,False,uniform,Argon-Aubin-Test2/10Td,3.0000000000000005e+21,1.39738e+24,0.0,1.5054733333333333e-13,1.5054333333333335e-13,0.0,0.0,0.0,0.0,0.0,0.0,0.0,0.0,0.0,0.0,0.0,0.0,0.0,0.0,0.0,0.0,0.0,0.0,0.0,0.0,0.0,0.0,4.444444444444445e-19,1.3333333333333336e-18,4.444444444444445e-19,1.777777777777778e-18,0.0,0.0,0.0,0.0,0.0,0.0,2306.0687925971492,2134.9692273721093,2634.1395359968933,1575.9935542315404,1720.517204334693,668.4645237818004,-860.970715345303,-657.2677429809638,9094.84000000016,9.094840000000161e+23,0.0,0.0
3.165e-05,155755.0,5.19183,3e+22,-7079.2,5736.65,16376.2,3.43642,3.45059,3.49466,0.00502561084,-0.000359258038,0.431621082,0.145502745,0.143770295,0.249936566,-0.00125332504,0.0026762993,-0.000150519918,-112.860409,-1779.18406,685.28104,46.126049,3379.54494,-2538.74102,-3537.72414,3474.12101,8682.20715,63300.0,155755.015831,5.191833861,-30.000000000000004,30000 3000,1e-06,2,0.0 0.0259,0.0 0.0,-1.0 0.0,0.00054857 28.0,80000,1000,5e-10,0.0,0.0 0.0 0.0,1000 1000000 0,0,0.0,0,100,0,,10,,1,,,,1.0,10.0,0.1,False,{},,,False,3,mixed,250,300,True,Ar_Aubin,,False,uniform,Argon-Aubin-Test2/10Td,3.0000000000000005e+21,1.6376200000000003e+24,0.0,1.5041088888888888e-13,1.5040422222222225e-13,0.0,0.0,0.0,0.0,0.0,0.0,0.0,0.0,0.0,0.0,0.0,0.0,0.0,0.0,0.0,0.0,0.0,0.0,0.0,0.0,2.2222222222222226e-19,0.0,0.0,2.4444444444444447e-18,8.88888888888889e-19,3.1111111111111112e-18,0.0,0.0,0.0,0.0,0.0,0.0,1647.2222136712512,-77.28310474147202,2701.772230976063,3381.605877623693,987.9463643519549,1613.8939869515998,112.21596946033898,120.78845545639206,9024.859999999802,9.024859999999804e+23,0.0,0.0
3.17e-05,155683.0,5.18942,3e+22,-225.144,-4415.78,12606.9,3.48854,3.44594,3.44334,0.00496864836,-0.000484238625,0.432024209,0.145707079,0.144045732,0.250344384,-0.00122093699,0.00258829103,-0.00016806373,3401.84494,460.983545,-876.820759,326.041594,2250.00482,666.904432,-776.020911,-3854.31956,6378.55117,63400.0,155682.549084,5.189418303,-30.000000000000004,30000 3000,1e-06,2,0.0 0.0259,0.0 0.0,-1.0 0.0,0.00054857 28.0,80000,1000,5e-10,0.0,0.0 0.0 0.0,1000 1000000 0,0,0.0,0,100,0,,10,,1,,,,1.0,10.0,0.1,False,{},,,False,3,mixed,250,300,True,Ar_Aubin,,False,uniform,Argon-Aubin-Test2/10Td,3.0000000000000005e+21,1.2606900000000002e+24,0.0,1.5027422222222223e-13,1.502688888888889e-13,0.0,0.0,0.0,0.0,0.0,0.0,0.0,0.0,0.0,0.0,0.0,0.0,0.0,0.0,0.0,0.0,0.0,0.0,0.0,0.0,0.0,0.0,0.0,2e-18,1.5555555555555556e-18,1.777777777777778e-18,0.0,0.0,0.0,0.0,0.0,0.0,2049.0329778977134,3402.963601366364,2753.3157929193753,2247.8665287644976,596.5926477502493,932.0651695578999,-1308.5011811283816,-1618.2132644985877,8062.540000000063,8.062540000000063e+23,0.0,0.0
3.175e-05,155950.0,5.19833,3e+22,-5283.97,-3774.72,12801.0,3.46418,3.48347,3.44783,0.00504733184,-0.00060285823,0.432771725,0.145900063,0.144200819,0.251073431,-0.0012432216,0.00263216637,-0.000225108921,791.796646,408.069442,2308.04249,-2588.22185,2686.38475,1108.89391,-2102.76617,136.454019,6681.38123,63500.0,155949.850135,5.198328338,-30.000000000000004,30000 3000,1e-06,2,0.0 0.0259,0.0 0.0,-1.0 0.0,0.00054857 28.0,80000,1000,5e-10,0.0,0.0 0.0 0.0,1000 1000000 0,0,0.0,0,100,0,,10,,1,,,,1.0,10.0,0.1,False,{},,,False,3,mixed,250,300,True,Ar_Aubin,,False,uniform,Argon-Aubin-Test2/10Td,3.0000000000000005e+21,1.2801e+24,0.0,1.5024133333333332e-13,1.5023644444444447e-13,0.0,0.0,0.0,0.0,0.0,0.0,0.0,0.0,0.0,0.0,0.0,0.0,0.0,0.0,0.0,0.0,0.0,2.2222222222222226e-19,0.0,0.0,0.0,0.0,2.2222222222222226e-19,1.1111111111111113e-18,1.1111111111111113e-18,2.2222222222222226e-18,0.0,0.0,0.0,0.0,0.0,0.0,1921.9590782226792,818.4665960226048,1549.5804900045318,2684.1091289820547,825.9820260009266,1141.4703782750003,122.18420967846991,2427.41823686441,14950.320000000072,1.4950320000000074e+24,0.0,0.0
3.18e-05,155956.0,5.19855,3e+22,31.3708,-7088.02,2982.44,3.45372,3.46073,3.48231,0.00504858122,-0.000696648987,0.433346942,0.146097709,0.14441712,0.251668802,-0.00120484439,0.00266738983,-0.000285016103,2726.15963,-1944.87596,-999.35479,-1439.18154,4122.86158,-2240.60947,1402.15306,-1158.81213,2290.82203,63600.0,155956.417975,5.198547266,-30.000000000000004,30000 3000,1e-06,2,0.0 0.0259,0.0 0.0,-1.0 0.0,0.00054857 28.0,80000,1000,5e-10,0.0,0.0 0.0 0.0,1000 1000000 0,0,0.0,0,100,0,,10,,1,,,,1.0,10.0,0.1,False,{},,,False,3,mixed,250,300,True,Ar_Aubin,,False,uniform,Argon-Aubin-Test2/10Td,3.0000000000000005e+21,2.9824400000000004e+23,0.0,1.5048755555555555e-13,1.5048066666666668e-13,0.0,0.0,0.0,0.0,0.0,0.0,0.0,0.0,0.0,0.0,0.0,0.0,0.0,0.0,0.0,0.0,0.0,0.0,0.0,0.0,0.0,0.0,4.444444444444445e-19,2e-18,2.888888888888889e-18,1.5555555555555556e-18,0.0,0.0,0.0,0.0,0.0,0.0,1976.3338636813455,2726.0012519682637,2161.7911823440527,4117.923718047164,971.6481872426575,998.3907763015197,635.5746783719054,374.14673917812974,11504.340000000335,1.1504340000000335e+24,0.0,0.0
3.185e-05,155968.0,5.19894,3e+22,1150.95,-1536.58,10444.2,3.48958,3.44784,3.45982,0.00522399648,-0.000661013799,0.43392904,0.146243567,0.144642854,0.252362958,-0.00114234308,0.0027370877,-0.000277876592,1161.39728,-1352.0861,2018.43545,-1452.75256,-313.828185,-2626.36618,1437.24873,-560.649973,5914.84114,63700.0,155968.231414,5.198941047,-30.000000000000004,30000 3000,1e-06,2,0.0 0.0259,0.0 0.0,-1.0 0.0,0.00054857 28.0,80000,1000,5e-10,0.0,0.0 0.0 0.0,1000 1000000 0,0,0.0,0,100,0,,10,,1,,,,1.0,10.0,0.1,False,{},,,False,3,mixed,250,300,True,Ar_Aubin,,False,uniform,Argon-Aubin-Test2/10Td,3.0000000000000005e+21,1.0444200000000002e+24,0.0,1.5057044444444444e-13,1.5056355555555557e-13,0.0,0.0,0.0,0.0,0.0,0.0,0.0,0.0,0.0,0.0,0.0,0.0,0.0,0.0,0.0,0.0,0.0,0.0,0.0,0.0,0.0,0.0,6.666666666666668e-19,1.5555555555555556e-18,2.2222222222222226e-18,2.4444444444444447e-18,0.0,0.0,0.0,0.0,0.0,0.0,1440.5603311187788,1155.384721251344,2257.8238056858436,-314.8438855832674,1893.1638542979413,1382.7994604320002,-187.1734880830051,2901.6930873755846,11641.959999999508,1.164195999999951e+24,0.0,0.0
3.19e-05,156063.0,5.20209,3e+22,-6423.53,-568.8,7757.87,3.43257,3.49751,3.47351,0.00505796574,-0.000729609584,0.434468549,0.146416351,0.144835874,0.252970815,-0.00113244068,0.00264263784,-0.000341860774,3517.38744,650.784252,-288.410064,-1640.60226,3259.89288,-202.342395,-4753.45882,-806.777269,3920.53934,63800.0,156062.585961,5.202086199,-30.000000000000004,30000 3000,1e-06,2,0.0 0.0259,0.0 0.0,-1.0 0.0,0.00054857 28.0,80000,1000,5e-10,0.0,0.0 0.0 0.0,1000 1000000 0,0,0.0,0,100,0,,10,,1,,,,1.0,10.0,0.1,False,{},,,False,3,mixed,250,300,True,Ar_Aubin,,False,uniform,Argon-Aubin-Test2/10Td,3.0000000000000005e+21,7.757870000000002e+23,0.0,1.5058333333333334e-13,1.5057866666666668e-13,0.0,0.0,0.0,0.0,0.0,0.0,0.0,0.0,0.0,0.0,0.0,0.0,0.0,0.0,0.0,0.0,0.0,0.0,0.0,0.0,0.0,0.0,0.0,1.1111111111111113e-18,1.3333333333333336e-18,2.2222222222222226e-18,0.0,0.0,0.0,0.0,0.0,0.0,1744.9112179607207,3549.877434669862,1929.2460909742238,3259.4778780686206,1393.4868515619314,549.9888177693701,-502.6623683946404,-2290.286166117404,10790.179999999871,1.0790179999999872e+24,0.0,0.0
3.195e-05,156061.0,5.20205,3e+22,-1014.73,294.794,11672.3,3.4646,3.45702,3.4817,0.0049835649,-0.00088130338,0.434959094,0.146670815,0.145022237,0.253515983,-0.00119145518,0.00258311476,-0.000484566701,1489.884,-882.872796,1851.54601,2385.13074,2603.91007,-1630.89393,-1641.59958,162.823504,6800.59778,63900.0,156061.495979,5.202049866,-30.000000000000004,30000 3000,1e-06,2,0.0 0.0259,0.0 0.0,-1.0 0.0,0.00054857 28.0,80000,1000,5e-10,0.0,0.0 0.0 0.0,1000 1000000 0,0,0.0,0,100,0,,10,,1,,,,1.0,10.0,0.1,False,{},,,False,3,mixed,250,300,True,Ar_Aubin,,False,uniform,Argon-Aubin-Test2/10Td,3.0000000000000005e+21,1.16723e+24,0.0,1.5047911111111112e-13,1.5047355555555557e-13,0.0,0.0,0.0,0.0,0.0,0.0,0.0,0.0,0.0,0.0,0.0,0.0,2.2222222222222226e-19,0.0,0.0,0.0,0.0,0.0,0.0,0.0,0.0,0.0,2.2222222222222226e-19,1.1111111111111113e-18,1.5555555555555556e-18,2.4444444444444447e-18,0.0,0.0,0.0,0.0,0.0,0.0,2552.1109831450062,1494.940972810977,1861.1863449746747,2604.169872948604,1186.7461686454474,1723.6247471038005,-592.8583568937888,593.14280687235,9810.900000000178,9.810900000000178e+23,0.0,0.0
3.2e-05,156225.0,5.20751,3e+22,1048.38,-3727.95,8270.04,3.48477,3.47945,3.45032,0.00493280365,-0.000858606978,0.435580521,0.146921924,0.145264664,0.25420132,-0.00114903049,0.00258005776,-0.00048981864,2761.00506,-1899.95127,-504.350935,-693.104316,2730.75193,-1365.17686,-918.213744,274.454611,5691.73964,64000.0,156225.183431,5.207506114,-30.000000000000004,30000 3000,1e-06,2,0.0 0.0259,0.0 0.0,-1.0 0.0,0.00054857 28.0,80000,1000,5e-10,0.0,0.0 0.0 0.0,1000 1000000 0,0,0.0,0,100,0,,10,,1,,,,1.0,10.0,0.1,False,{},,,False,3,mixed,250,300,True,Ar_Aubin,,False,uniform,Argon-Aubin-Test2/10Td,3.0000000000000005e+21,8.270040000000002e+23,0.0,1.5080133333333332e-13,1.5079666666666668e-13,0.0,0.0,0.0,0.0,0.0,0.0,0.0,0.0,0.0,0.0,0.0,0.0,0.0,0.0,0.0,0.0,0.0,0.0,0.0,2.2222222222222226e-19,0.0,0.0,4.444444444444445e-19,0.0,1.777777777777778e-18,2.2222222222222226e-18,0.0,0.0,0.0,0.0,0.0,0.0,2516.1236726306547,2755.833607309413,2424.6648970491224,2727.551086116365,1443.601786693949,2089.4713081091595,319.13379872998246,-1920.013069103626,12428.540000000155,1.2428540000000156e+24,0.0,0.0
3.205e-05,156182.0,5.20608,3e+22,-2998.85,3632.68,10192.8,3.48164,3.47808,3.45172,0.00502608432,-0.000929009056,0.436038171,0.147087566,0.145398574,0.254756546,-0.00112181759,0.00260658856,-0.000518495251,-150.291182,736.240985,2032.39636,-446.99527,-227.968641,1457.21215,-3639.59062,2862.96604,6118.9081,64100.0,156182.309095,5.20607697,-30.000000000000004,30000 3000,1e-06,2,0.0 0.0259,0.0 0.0,-1.0 0.0,0.00054857 28.0,80000,1000,5e-10,0.0,0.0 0.0 0.0,1000 1000000 0,0,0.0,0,100,0,,10,,1,,,,1.0,10.0,0.1,False,{},,,False,3,mixed,250,300,True,Ar_Aubin,,False,uniform,Argon-Aubin-Test2/10Td,3.0000000000000005e+21,1.0192799999999999e+24,0.0,1.5070377777777777e-13,1.50698e-13,0.0,0.0,0.0,0.0,0.0,0.0,0.0,0.0,0.0,0.0,0.0,0.0,0.0,0.0,0.0,0.0,0.0,0.0,0.0,0.0,2.2222222222222226e-19,0.0,2.2222222222222226e-19,2.2222222222222226e-18,8.88888888888889e-19,2.2222222222222226e-18,0.0,0.0,0.0,0.0,0.0,0.0,1647.1302825768475,-135.218709036968,1337.8414811657246,-224.59384838244992,1563.2970560616743,1674.4582306312004,-328.01260653754497,-350.811063153546,9152.999999999523,9.152999999999524e+23,0.0,0.0
3.21e-05,156037.0,5.20124,3e+22,1119.44,3289.79,16389.4,3.46856,3.45671,3.47561,0.00508847911,-0.000902150311,0.436505082,0.147299896,0.14563408,0.255293872,-0.00111228719,0.00268235147,-0.000534692648,2257.56057,-1934.77307,1059.26366,-1297.29383,974.317263,-604.733005,6.12521017,-210.076985,9645.73699,64200.0,156037.078974,5.201235966,-30.000000000000004,30000 3000,1e-06,2,0.0 0.0259,0.0 0.0,-1.0 0.0,0.00054857 28.0,80000,1000,5e-10,0.0,0.0 0.0 0.0,1000 1000000 0,0,0.0,0,100,0,,10,,1,,,,1.0,10.0,0.1,False,{},,,False,3,mixed,250,300,True,Ar_Aubin,,False,uniform,Argon-Aubin-Test2/10Td,3.0000000000000005e+21,1.6389400000000002e+24,0.0,1.5108733333333332e-13,1.5107955555555557e-13,0.0,0.0,0.0,0.0,0.0,0.0,0.0,0.0,0.0,0.0,0.0,0.0,0.0,0.0,0.0,0.0,0.0,0.0,0.0,2.2222222222222226e-19,2.2222222222222226e-19,0.0,6.666666666666668e-19,2.2222222222222226e-18,2.2222222222222226e-18,2.2222222222222226e-18,0.0,0.0,0.0,0.0,0.0,0.0,2116.989039388506,2251.864322945102,2355.551826424829,977.2851480716247,1299.2595719851786,2491.680599069199,923.6106603748365,493.35050165048597,9338.220000000287,9.338220000000286e+23,0.0,0.0
3.215e-05,156054.0,5.2018,3e+22,-3188.81,-162.44,10986.1,3.4571,3.49558,3.45017,0.00506992844,-0.00081227151,0.437064177,0.14744305,0.145893628,0.255900136,-0.00116393609,0.0026830956,-0.000487900757,514.73255,1064.95298,2183.61122,2003.57137,4712.51424,-2523.50913,-2905.73301,-672.27091,4985.56115,64300.0,156053.924489,5.201797483,-30.000000000000004,30000 3000,1e-06,2,0.0 0.0259,0.0 0.0,-1.0 0.0,0.00054857 28.0,80000,1000,5e-10,0.0,0.0 0.0 0.0,1000 1000000 0,0,0.0,0,100,0,,10,,1,,,,1.0,10.0,0.1,False,{},,,False,3,mixed,250,300,True,Ar_Aubin,,False,uniform,Argon-Aubin-Test2/10Td,3.0000000000000005e+21,1.0986100000000002e+24,0.0,1.5072688888888888e-13,1.5072044444444447e-13,0.0,0.0,0.0,0.0,0.0,0.0,0.0,0.0,0.0,0.0,0.0,0.0,0.0,0.0,0.0,0.0,0.0,0.0,0.0,0.0,0.0,0.0,4.444444444444445e-19,1.3333333333333336e-18,1.777777777777778e-18,2.888888888888889e-18,0.0,0.0,0.0,0.0,0.0,0.0,1433.4244526617579,530.8995885087563,2597.0209017767143,4712.382294615916,1178.557951393988,183.93039506030073,120.14040176686059,615.8940874246857,11181.900000000189,1.118190000000019e+24,0.0,0.0
3.22e-05,156130.0,5.20433,3e+22,-2848.72,-2637.67,11896.1,3.45461,3.4877,3.46546,0.00498281135,-0.000923379096,0.437588317,0.147660659,0.146222562,0.256487084,-0.00118109457,0.00267501969,-0.000530894543,2696.60217,-1396.60493,2577.54783,1249.48948,1972.06654,-984.49272,-1637.62998,-3027.54716,5576.19086,64400.0,156129.847286,5.204328243,-30.000000000000004,30000 3000,1e-06,2,0.0 0.0259,0.0 0.0,-1.0 0.0,0.00054857 28.0,80000,1000,5e-10,0.0,0.0 0.0 0.0,1000 1000000 0,0,0.0,0,100,0,,10,,1,,,,1.0,10.0,0.1,False,{},,,False,3,mixed,250,300,True,Ar_Aubin,,False,uniform,Argon-Aubin-Test2/10Td,3.0000000000000005e+21,1.1896100000000001e+24,0.0,1.509051111111111e-13,1.5090044444444445e-13,0.0,0.0,0.0,0.0,0.0,0.0,0.0,0.0,0.0,0.0,0.0,0.0,0.0,2.2222222222222226e-19,0.0,0.0,0.0,0.0,0.0,0.0,0.0,0.0,2.2222222222222226e-19,1.5555555555555556e-18,8.88888888888889e-19,1.777777777777778e-18,0.0,0.0,0.0,0.0,0.0,0.0,2184.847654370381,2710.7968043489723,3287.4115605102675,1969.6309706598538,1285.0764179481166,370.5964821362995,547.7631700499201,2127.208418303505,10482.800000000127,1.0482800000000127e+24,0.0,0.0
3.225e-05,156139.0,5.20462,3e+22,3173.54,11707.7,-2501.76,3.49272,3.4427,3.47294,0.00501479018,-0.000829076315,0.438129688,0.147911553,0.146458421,0.25713926,-0.00121850439,0.00272238164,-0.000485384552,857.654278,901.926466,36.5632966,-1235.58143,694.617989,-926.078637,1357.59951,6156.93402,1552.1747,64500.0,156138.50341,5.20461678,-30.000000000000004,30000 3000,1e-06,2,0.0 0.0259,0.0 0.0,-1.0 0.0,0.00054857 28.0,80000,1000,5e-10,0.0,0.0 0.0 0.0,1000 1000000 0,0,0.0,0,100,0,,10,,1,,,,1.0,10.0,0.1,False,{},,,False,3,mixed,250,300,True,Ar_Aubin,,False,uniform,Argon-Aubin-Test2/10Td,3.0000000000000005e+21,2.5017600000000002e+23,0.0,1.5080044444444443e-13,1.5079422222222223e-13,0.0,0.0,0.0,0.0,0.0,0.0,0.0,0.0,0.0,0.0,0.0,0.0,0.0,0.0,0.0,0.0,0.0,0.0,0.0,0.0,0.0,0.0,6.666666666666668e-19,1.777777777777778e-18,1.777777777777778e-18,2e-18,0.0,0.0,0.0,0.0,0.0,0.0,2505.7428840025154,841.7396407721628,2360.2426141886012,704.3245657731254,1780.876679151333,2648.2700282508804,613.0705125226808,16.286518025196756,10827.420000000255,1.0827420000000256e+24,0.0,0.0
3.23e-05,156100.0,5.20333,3e+22,-6538.26,780.614,13406.7,3.47063,3.46554,3.46922,0.00513251351,-0.000676714396,0.438667561,0.148217577,0.146565307,0.257757535,-0.00118519554,0.00280477881,-0.000435449181,6071.07457,1538.34003,-368.019819,870.44654,1740.26573,-610.36788,-2449.25311,-459.26714,6438.13805,64600.0,156099.917662,5.203330589,-30.000000000000004,30000 3000,1e-06,2,0.0 0.0259,0.0 0.0,-1.0 0.0,0.00054857 28.0,80000,1000,5e-10,0.0,0.0 0.0 0.0,1000 1000000 0,0,0.0,0,100,0,,10,,1,,,,1.0,10.0,0.1,False,{},,,False,3,mixed,250,300,True,Ar_Aubin,,False,uniform,Argon-Aubin-Test2/10Td,3.0000000000000005e+21,1.3406700000000002e+24,0.0,1.5083044444444443e-13,1.5082333333333335e-13,0.0,0.0,0.0,0.0,0.0,0.0,0.0,0.0,0.0,0.0,0.0,0.0,0.0,0.0,0.0,0.0,0.0,0.0,0.0,2.2222222222222226e-19,2.2222222222222226e-19,0.0,2.2222222222222226e-19,2e-18,1.777777777777778e-18,2.666666666666667e-18,0.0,0.0,0.0,0.0,0.0,0.0,3048.29425619102,6104.632277781892,1071.1542516234074,1740.7939827315192,1466.694332886709,557.0536599412999,561.1688743523049,-17.960430490657473,10757.459999999332,1.0757459999999331e+24,0.0,0.0
3.235e-05,156095.0,5.20317,3e+22,2408.94,251.097,14279.6,3.43708,3.47231,3.49575,0.00497827269,-0.000614723077,0.439285259,0.148423545,0.146664371,0.258419665,-0.00119526264,0.00270245348,-0.000434412277,479.677499,-2089.00695,-3712.27899,-697.721541,1521.41637,329.323058,2061.66804,-803.993202,8889.48023,64700.0,156095.017517,5.203167251,-30.000000000000004,30000 3000,1e-06,2,0.0 0.0259,0.0 0.0,-1.0 0.0,0.00054857 28.0,80000,1000,5e-10,0.0,0.0 0.0 0.0,1000 1000000 0,0,0.0,0,100,0,,10,,1,,,,1.0,10.0,0.1,False,{},,,False,3,mixed,250,300,True,Ar_Aubin,,False,uniform,Argon-Aubin-Test2/10Td,3.0000000000000005e+21,1.42796e+24,0.0,1.50826e-13,1.5081822222222223e-13,0.0,0.0,0.0,0.0,0.0,0.0,0.0,0.0,0.0,0.0,0.0,0.0,0.0,0.0,0.0,0.0,0.0,0.0,0.0,0.0,0.0,0.0,2.2222222222222226e-19,1.777777777777778e-18,4.222222222222222e-18,1.5555555555555556e-18,0.0,0.0,0.0,0.0,0.0,0.0,2075.2749595431833,467.6851387861514,991.4405791233705,1521.5707251204653,1198.2029899168524,2616.662445583599,-754.7990953605567,-2779.9105245195838,12353.959999999997,1.2353959999999998e+24,0.0,0.0
3.24e-05,156101.0,5.20336,3e+22,-1164.7,-2875.65,9978.22,3.46517,3.50897,3.43195,0.00489654346,-0.000594361062,0.439745956,0.148619966,0.146844851,0.258948201,-0.00128252706,0.0026569171,-0.000385709641,3151.92162,-1403.53565,275.209703,-5043.328,-282.0156,2064.99955,-1459.3664,-2063.20475,3981.30583,64800.0,156100.733635,5.203357788,-30.000000000000004,30000 3000,1e-06,2,0.0 0.0259,0.0 0.0,-1.0 0.0,0.00054857 28.0,80000,1000,5e-10,0.0,0.0 0.0 0.0,1000 1000000 0,0,0.0,0,100,0,,10,,1,,,,1.0,10.0,0.1,False,{},,,False,3,mixed,250,300,True,Ar_Aubin,,False,uniform,Argon-Aubin-Test2/10Td,3.0000000000000005e+21,9.97822e+23,0.0,1.5072244444444444e-13,1.5071755555555556e-13,0.0,0.0,0.0,0.0,0.0,0.0,0.0,0.0,0.0,0.0,0.0,0.0,0.0,0.0,0.0,0.0,0.0,0.0,0.0,0.0,0.0,0.0,2.2222222222222226e-19,8.88888888888889e-19,1.3333333333333336e-18,2.4444444444444447e-18,0.0,0.0,0.0,0.0,0.0,0.0,1972.2806112032476,3157.6246241678623,1805.0461938937112,-283.72477438794033,1235.6895634310638,-406.5760630783202,-237.79513827942682,-720.8433699302414,9213.940000000199,9.213940000000199e+23,0.0,0.0
3.245e-05,156130.0,5.20434,3e+22,-245.463,-8369.18,12728.1,3.48075,3.48784,3.43878,0.00505046379,-0.0005906492,0.440287518,0.148728695,0.147050079,0.259527891,-0.0012287878,0.00272962668,-0.00034782532,1513.27199,3533.00092,-1005.6533,1965.12153,-674.02926,53.0560875,62.5157198,-3384.09056,9508.65118,64900.0,156130.3388,5.204344627,-30.000000000000004,30000 3000,1e-06,2,0.0 0.0259,0.0 0.0,-1.0 0.0,0.00054857 28.0,80000,1000,5e-10,0.0,0.0 0.0 0.0,1000 1000000 0,0,0.0,0,100,0,,10,,1,,,,1.0,10.0,0.1,False,{},,,False,3,mixed,250,300,True,Ar_Aubin,,False,uniform,Argon-Aubin-Test2/10Td,3.0000000000000005e+21,1.27281e+24,0.0,1.5044088888888888e-13,1.5043511111111114e-13,0.0,0.0,0.0,0.0,0.0,0.0,0.0,0.0,0.0,0.0,0.0,0.0,0.0,0.0,0.0,0.0,0.0,2.2222222222222226e-19,0.0,0.0,0.0,0.0,0.0,8.88888888888889e-19,2.2222222222222226e-18,2.4444444444444447e-18,0.0,0.0,0.0,0.0,0.0,0.0,1071.9795336158745,1514.5116919932848,2052.3239859457367,-678.972509471656,1030.9731175361937,3904.6276221442004,45.77196130548835,-899.3460933346649,10831.239999999909,1.083123999999991e+24,0.0,0.0
3.25e-05,156096.0,5.20319,3e+22,3570.57,-2743.15,8751.45,3.46636,3.50446,3.43502,0.00507563192,-0.000733905776,0.440789771,0.148932028,0.147179447,0.260126687,-0.00120740566,0.00278900537,-0.000349588388,1647.11,-699.753166,389.782136,3771.22977,2028.81855,1789.4954,1125.0749,-2154.92124,4039.35326,65000.0,156095.688783,5.203189626,-30.000000000000004,30000 3000,1e-06,2,0.0 0.0259,0.0 0.0,-1.0 0.0,0.00054857 28.0,80000,1000,5e-10,0.0,0.0 0.0 0.0,1000 1000000 0,0,0.0,0,100,0,,10,,1,,,,1.0,10.0,0.1,False,{},,,False,3,mixed,250,300,True,Ar_Aubin,,False,uniform,Argon-Aubin-Test2/10Td,3.0000000000000005e+21,8.75145e+23,0.0,1.507228888888889e-13,1.5071644444444446e-13,0.0,0.0,0.0,0.0,0.0,0.0,0.0,0.0,0.0,0.0,0.0,0.0,0.0,0.0,0.0,0.0,0.0,0.0,0.0,0.0,0.0,0.0,6.666666666666668e-19,2e-18,1.1111111111111113e-18,2.666666666666667e-18,0.0,0.0,0.0,0.0,0.0,0.0,2030.7814510678313,1628.9871009354056,1291.782487894133,2026.8053363705656,1562.7228836789798,181.8036185820497,914.964503017663,-103.43283560575401,10045.060000000161,1.0045060000000161e+24,0.0,0.0
3.255e-05,156155.0,5.20518,3e+22,-2117.76,1719.52,7923.6,3.47469,3.41991,3.51537,0.00517078157,-0.000643883783,0.441333053,0.149151562,0.147288658,0.260682515,-0.00123929503,0.00287267078,-0.000269712508,2519.84909,1579.31616,748.88297,-1421.05642,627.059829,241.802194,-1006.29706,862.500513,4395.08449,65100.0,156155.424523,5.205180817,-30.000000000000004,30000 3000,1e-06,2,0.0 0.0259,0.0 0.0,-1.0 0.0,0.00054857 28.0,80000,1000,5e-10,0.0,0.0 0.0 0.0,1000 1000000 0,0,0.0,0,100,0,,10,,1,,,,1.0,10.0,0.1,False,{},,,False,3,mixed,250,300,True,Ar_Aubin,,False,uniform,Argon-Aubin-Test2/10Td,3.0000000000000005e+21,7.923600000000002e+23,0.0,1.5058288888888888e-13,1.5057755555555558e-13,0.0,0.0,0.0,0.0,0.0,0.0,0.0,0.0,0.0,0.0,0.0,0.0,0.0,0.0,0.0,0.0,0.0,0.0,0.0,0.0,0.0,0.0,4.444444444444445e-19,4.444444444444445e-19,8.88888888888889e-19,3.555555555555556e-18,0.0,0.0,0.0,0.0,0.0,0.0,2185.590573426655,2530.7995643776835,1093.350313620123,628.1670000425441,765.8654793163411,898.1379112492004,778.304500257147,636.252191473228,10865.639999999566,1.0865639999999567e+24,0.0,0.0
3.26e-05,156308.0,5.21028,3e+22,3196.17,-4173.73,10705.4,3.47385,3.46143,3.48446,0.00510903138,-0.000684532045,0.442004796,0.149338998,0.147487381,0.261368426,-0.00128827066,0.00284906142,-0.000265990606,1172.71009,-3028.05593,-339.007468,-346.565355,2262.80654,2281.84297,1499.52896,-2329.43657,5120.44491,65200.0,156308.252143,5.210275071,-30.000000000000004,30000 3000,1e-06,2,0.0 0.0259,0.0 0.0,-1.0 0.0,0.00054857 28.0,80000,1000,5e-10,0.0,0.0 0.0 0.0,1000 1000000 0,0,0.0,0,100,0,,10,,1,,,,1.0,10.0,0.1,False,{},,,False,3,mixed,250,300,True,Ar_Aubin,,False,uniform,Argon-Aubin-Test2/10Td,3.0000000000000005e+21,1.0705400000000001e+24,0.0,1.507411111111111e-13,1.5073533333333334e-13,0.0,0.0,0.0,0.0,0.0,0.0,0.0,0.0,0.0,0.0,0.0,0.0,0.0,0.0,0.0,0.0,0.0,0.0,0.0,0.0,0.0,0.0,2.2222222222222226e-19,1.1111111111111113e-18,1.3333333333333336e-18,3.1111111111111112e-18,0.0,0.0,0.0,0.0,0.0,0.0,1880.707804028381,1156.3807571741854,1986.690022053872,2259.949488067822,925.3498329916954,388.60676690160017,4.221676194685747,-306.89520136677174,13434.86000000005,1.343486000000005e+24,0.0,0.0
3.265e-05,156188.0,5.20626,3e+22,-10666.2,-2774.65,5148.27,3.47596,3.49147,3.44425,0.00508276211,-0.000699603059,0.442371182,0.149596863,0.147771995,0.261745023,-0.00130740553,0.00286922896,-0.000288012305,1855.05013,292.768954,1490.60423,1780.0477,3183.19036,337.328752,-4772.94077,-2177.17911,3955.10478,65300.0,156187.802423,5.206260081,-30.000000000000004,30000 3000,1e-06,2,0.0 0.0259,0.0 0.0,-1.0 0.0,0.00054857 28.0,80000,1000,5e-10,0.0,0.0 0.0 0.0,1000 1000000 0,0,0.0,0,100,0,,10,,1,,,,1.0,10.0,0.1,False,{},,,False,3,mixed,250,300,True,Ar_Aubin,,False,uniform,Argon-Aubin-Test2/10Td,3.0000000000000005e+21,5.1482700000000005e+23,0.0,1.5100977777777776e-13,1.5100400000000002e-13,0.0,0.0,0.0,0.0,0.0,0.0,0.0,0.0,0.0,0.0,0.0,0.0,0.0,0.0,0.0,0.0,0.0,0.0,0.0,0.0,0.0,0.0,0.0,1.5555555555555556e-18,2.2222222222222226e-18,2e-18,0.0,0.0,0.0,0.0,0.0,0.0,2581.3273097496926,1909.2638872176822,2845.931396804613,3181.2492063723457,525.7402292452307,1677.65849484486,598.3286089797022,1409.9155297603502,7327.719999999927,7.327719999999927e+23,0.0,0.0
3.27e-05,156179.0,5.20597,3e+22,7011.74,4489.41,10523.5,3.47908,3.47005,3.46179,0.00504078837,-0.000727122995,0.442791276,0.149718524,0.147961294,0.262215304,-0.00133008608,0.00285179917,-0.000252288452,3535.35563,-2988.49941,-2289.40864,503.98466,-1045.27736,-942.453951,2629.65742,404.822163,6479.67442,65400.0,156179.108533,5.205970284,-30.000000000000004,30000 3000,1e-06,2,0.0 0.0259,0.0 0.0,-1.0 0.0,0.00054857 28.0,80000,1000,5e-10,0.0,0.0 0.0 0.0,1000 1000000 0,0,0.0,0,100,0,,10,,1,,,,1.0,10.0,0.1,False,{},,,False,3,mixed,250,300,True,Ar_Aubin,,False,uniform,Argon-Aubin-Test2/10Td,3.0000000000000005e+21,1.05235e+24,0.0,1.5089266666666667e-13,1.5088822222222225e-13,0.0,0.0,0.0,0.0,0.0,0.0,0.0,0.0,0.0,0.0,0.0,0.0,2.2222222222222226e-19,0.0,0.0,0.0,0.0,0.0,0.0,2.2222222222222226e-19,0.0,0.0,0.0,1.3333333333333336e-18,1.1111111111111113e-18,1.5555555555555556e-18,0.0,0.0,0.0,0.0,0.0,0.0,1220.859232756999,3500.0109325545363,1892.597365903137,-1042.0130067550172,984.2956236888467,1819.9604270139998,-19.588439454931716,-2817.535257991935,8401.88000000075,8.401880000000751e+23,0.0,0.0
3.275e-05,156165.0,5.20548,3e+22,3763.93,-390.017,11683.3,3.45198,3.50033,3.4578,0.00503617048,-0.000692604573,0.443290363,0.149899529,0.148148288,0.262808367,-0.00138529096,0.00281317085,-0.00024672673,-233.627598,-400.848429,-1195.58369,805.40855,1217.6006,456.348602,1882.24975,1230.6285,4148.04733,65500.0,156164.532474,5.205484416,-30.000000000000004,30000 3000,1e-06,2,0.0 0.0259,0.0 0.0,-1.0 0.0,0.00054857 28.0,80000,1000,5e-10,0.0,0.0 0.0 0.0,1000 1000000 0,0,0.0,0,100,0,,10,,1,,,,1.0,10.0,0.1,False,{},,,False,3,mixed,250,300,True,Ar_Aubin,,False,uniform,Argon-Aubin-Test2/10Td,3.0000000000000005e+21,1.16833e+24,0.0,1.508462222222222e-13,1.5084022222222223e-13,0.0,0.0,0.0,0.0,0.0,0.0,0.0,0.0,0.0,0.0,0.0,0.0,0.0,0.0,0.0,0.0,0.0,0.0,0.0,0.0,2.2222222222222226e-19,0.0,2.2222222222222226e-19,6.666666666666668e-19,2.666666666666667e-18,2.2222222222222226e-18,0.0,0.0,0.0,0.0,0.0,0.0,1810.5153428751853,-252.5833911547864,1870.4300675531638,1217.3304724422524,1508.311730364087,-1031.0469680378992,-781.9409162164882,-1040.686926575574,9981.740000000183,9.981740000000185e+23,0.0,0.0
3.28e-05,156235.0,5.20785,3e+22,-1257.6,-7453.72,13673.3,3.45857,3.49141,3.46434,0.00506207716,-0.000703661284,0.443808541,0.150109294,0.14833303,0.26335871,-0.00143900236,0.00286541979,-0.000174416999,2276.23215,-1445.87495,3314.80817,-1508.58047,2140.37688,1723.50201,-420.729755,-2252.79278,8374.22646,65600.0,156235.469481,5.207848983,-30.000000000000004,30000 3000,1e-06,2,0.0 0.0259,0.0 0.0,-1.0 0.0,0.00054857 28.0,80000,1000,5e-10,0.0,0.0 0.0 0.0,1000 1000000 0,0,0.0,0,100,0,,10,,1,,,,1.0,10.0,0.1,False,{},,,False,3,mixed,250,300,True,Ar_Aubin,,False,uniform,Argon-Aubin-Test2/10Td,3.0000000000000005e+21,1.36733e+24,0.0,1.5081222222222222e-13,1.5080755555555557e-13,0.0,0.0,0.0,0.0,0.0,0.0,0.0,0.0,0.0,0.0,0.0,0.0,0.0,0.0,2.2222222222222226e-19,0.0,0.0,0.0,0.0,0.0,0.0,0.0,2.2222222222222226e-19,1.5555555555555556e-18,1.3333333333333336e-18,1.3333333333333336e-18,0.0,0.0,0.0,0.0,0.0,0.0,2095.0338792982693,2282.598218236416,1847.2656189194581,2135.1319858142233,906.6786412309514,2305.8991363447003,762.8340280012129,3382.9967365297716,10363.559999999607,1.0363559999999608e+24,0.0,0.0
3.285e-05,156270.0,5.209,3e+22,-6168.39,4290.42,7805.57,3.47302,3.48505,3.45926,0.00518487635,-0.000781797757,0.444325081,0.150269362,0.148651288,0.26395246,-0.00148301621,0.00297089873,-0.000183733714,2536.30306,1889.52364,3335.83024,1965.38946,2156.79636,3076.19517,-3379.95461,2748.07169,3342.52575,65700.0,156269.928325,5.208997611,-30.000000000000004,30000 3000,1e-06,2,0.0 0.0259,0.0 0.0,-1.0 0.0,0.00054857 28.0,80000,1000,5e-10,0.0,0.0 0.0 0.0,1000 1000000 0,0,0.0,0,100,0,,10,,1,,,,1.0,10.0,0.1,False,{},,,False,3,mixed,250,300,True,Ar_Aubin,,False,uniform,Argon-Aubin-Test2/10Td,3.0000000000000005e+21,7.80557e+23,0.0,1.5098822222222222e-13,1.509828888888889e-13,0.0,0.0,0.0,0.0,0.0,0.0,0.0,0.0,0.0,0.0,0.0,0.0,0.0,0.0,0.0,0.0,0.0,0.0,0.0,0.0,2.2222222222222226e-19,0.0,2.2222222222222226e-19,1.5555555555555556e-18,1.5555555555555556e-18,1.777777777777778e-18,0.0,0.0,0.0,0.0,0.0,0.0,1588.0968240900017,2568.2853994285765,3181.4193146975645,2160.150600732588,1349.9345889211868,-125.6847725011703,966.0282924057931,2656.1751010983207,10330.800000000196,1.0330800000000197e+24,0.0,0.0
3.29e-05,156284.0,5.20947,3e+22,2692.49,-8738.85,10802.9,3.47954,3.47375,3.4645,0.00521220132,-0.000779412038,0.44488247,0.150491499,0.14886387,0.264521578,-0.00150461387,0.00301062376,-0.000256121023,5254.8421,2804.68376,1206.7238,229.631424,2505.95768,-864.728174,-1054.08025,-4518.58732,6190.89334,65800.0,156283.98584,5.209466195,-30.000000000000004,30000 3000,1e-06,2,0.0 0.0259,0.0 0.0,-1.0 0.0,0.00054857 28.0,80000,1000,5e-10,0.0,0.0 0.0 0.0,1000 1000000 0,0,0.0,0,100,0,,10,,1,,,,1.0,10.0,0.1,False,{},,,False,3,mixed,250,300,True,Ar_Aubin,,False,uniform,Argon-Aubin-Test2/10Td,3.0000000000000005e+21,1.0802900000000001e+24,0.0,1.5105088888888889e-13,1.5104444444444445e-13,0.0,0.0,0.0,0.0,0.0,0.0,0.0,0.0,0.0,0.0,0.0,0.0,0.0,0.0,0.0,0.0,0.0,0.0,0.0,2.2222222222222226e-19,0.0,0.0,2.2222222222222226e-19,1.1111111111111113e-18,2.666666666666667e-18,2.2222222222222226e-18,0.0,0.0,0.0,0.0,0.0,0.0,2218.529001645764,5240.8083000679135,2125.8572460788882,2499.1465151117236,734.8349235566932,1384.8725048369997,493.57273619747394,-1101.504941290128,11147.779999999275,1.1147779999999276e+24,0.0,0.0
3.295e-05,156393.0,5.21309,3e+22,80.7017,9353.23,5215.75,3.43244,3.51289,3.4802,0.00516783395,-0.000905027718,0.445371753,0.150619536,0.148986615,0.265040483,-0.00151400737,0.00297522467,-0.000311718054,1266.59279,2917.1942,-4937.23061,2152.02314,1255.67206,-2436.00405,1122.8985,5951.25718,5420.3376,65900.0,156392.689111,5.213089637,-30.000000000000004,30000 3000,1e-06,2,0.0 0.0259,0.0 0.0,-1.0 0.0,0.00054857 28.0,80000,1000,5e-10,0.0,0.0 0.0 0.0,1000 1000000 0,0,0.0,0,100,0,,10,,1,,,,1.0,10.0,0.1,False,{},,,False,3,mixed,250,300,True,Ar_Aubin,,False,uniform,Argon-Aubin-Test2/10Td,3.0000000000000005e+21,5.2157500000000005e+23,0.0,1.5120777777777778e-13,1.5120444444444447e-13,0.0,0.0,0.0,0.0,0.0,0.0,0.0,0.0,0.0,0.0,0.0,0.0,0.0,0.0,0.0,0.0,0.0,0.0,0.0,0.0,0.0,0.0,2.2222222222222226e-19,1.3333333333333336e-18,1.3333333333333336e-18,4.444444444444445e-19,0.0,0.0,0.0,0.0,0.0,0.0,1284.9753486543493,1266.175737014917,1225.3340795459478,1264.1369924028293,833.187430079041,3097.38987929025,-363.78716291107264,-3877.228497523792,9785.66000000014,9.78566000000014e+23,0.0,0.0
3.3e-05,156391.0,5.21303,3e+22,-4329.38,1145.92,8823.75,3.47609,3.4987,3.45071,0.00514049077,-0.000774387875,0.445775189,0.150664129,0.149215424,0.265535097,-0.0014831147,0.00298982734,-0.000263359288,-630.294451,2831.0298,3829.20873,256.340035,3960.97272,-556.873954,-1138.61642,-127.315807,6831.69299,66000.0,156390.825902,5.21302753,-30.000000000000004,30000 3000,1e-06,2,0.0 0.0259,0.0 0.0,-1.0 0.0,0.00054857 28.0,80000,1000,5e-10,0.0,0.0 0.0 0.0,1000 1000000 0,0,0.0,0,100,0,,10,,1,,,,1.0,10.0,0.1,False,{},,,False,3,mixed,250,300,True,Ar_Aubin,,False,uniform,Argon-Aubin-Test2/10Td,3.0000000000000005e+21,8.82375e+23,0.0,1.5124755555555556e-13,1.5124355555555557e-13,0.0,0.0,0.0,0.0,0.0,0.0,0.0,0.0,0.0,0.0,0.0,0.0,0.0,2.2222222222222226e-19,0.0,0.0,0.0,0.0,0.0,0.0,0.0,0.0,2.2222222222222226e-19,1.1111111111111113e-18,1.3333333333333336e-18,1.1111111111111113e-18,0.0,0.0,0.0,0.0,0.0,0.0,448.7486237833571,-608.0393130701774,2290.283985894315,3961.86010655372,1350.932423072604,2898.2841660612494,494.1338194981715,4575.1640923210325,8068.720000000696,8.068720000000698e+23,0.0,0.0
3.305e-05,156353.0,5.21175,3e+22,3420.69,3495.16,7094.64,3.47595,3.46152,3.48561,0.00522370608,-0.000787087769,0.446213961,0.150813419,0.149422221,0.266002418,-0.00144776338,0.00305384964,-0.000297312553,-1329.43524,-134.453099,1065.11908,-1773.21507,5362.43941,-1733.46216,1065.30662,3128.2964,2166.32623,66100.0,156352.626463,5.211754215,-30.000000000000004,30000 3000,1e-06,2,0.0 0.0259,0.0 0.0,-1.0 0.0,0.00054857 28.0,80000,1000,5e-10,0.0,0.0 0.0 0.0,1000 1000000 0,0,0.0,0,100,0,,10,,1,,,,1.0,10.0,0.1,False,{},,,False,3,mixed,250,300,True,Ar_Aubin,,False,uniform,Argon-Aubin-Test2/10Td,3.0000000000000005e+21,7.09464e+23,0.0,1.5117333333333334e-13,1.51168e-13,0.0,0.0,0.0,0.0,0.0,0.0,0.0,0.0,0.0,0.0,0.0,0.0,0.0,0.0,0.0,0.0,0.0,0.0,0.0,0.0,0.0,0.0,0.0,1.3333333333333336e-18,1.1111111111111113e-18,2.888888888888889e-18,0.0,0.0,0.0,0.0,0.0,0.0,1484.2754014623983,-1347.3039191507953,2067.771694248266,5365.190407686698,759.4113667624969,-999.40118626904,492.6992698584508,567.0057516434986,8775.439999999524,8.775439999999525e+23,0.0,0.0
3.31e-05,156484.0,5.21614,3e+22,4024.09,-4125.11,11793.3,3.51907,3.47177,3.44045,0.0051668207,-0.000779613352,0.446672133,0.151024709,0.149671234,0.266491592,-0.00141450317,0.00299705691,-0.000308664391,1794.09192,785.159616,1327.68981,2538.48133,1110.97707,-2262.01821,3613.57529,-1097.30072,6747.71396,66200.0,156484.095625,5.216136521,-30.000000000000004,30000 3000,1e-06,2,0.0 0.0259,0.0 0.0,-1.0 0.0,0.00054857 28.0,80000,1000,5e-10,0.0,0.0 0.0 0.0,1000 1000000 0,0,0.0,0,100,0,,10,,1,,,,1.0,10.0,0.1,False,{},,,False,3,mixed,250,300,True,Ar_Aubin,,False,uniform,Argon-Aubin-Test2/10Td,3.0000000000000005e+21,1.1793300000000001e+24,0.0,1.5133888888888888e-13,1.5133644444444446e-13,0.0,0.0,0.0,0.0,0.0,0.0,0.0,0.0,0.0,0.0,0.0,0.0,0.0,0.0,0.0,0.0,0.0,0.0,0.0,0.0,0.0,0.0,2.2222222222222226e-19,1.1111111111111113e-18,0.0,1.1111111111111113e-18,0.0,0.0,0.0,0.0,0.0,0.0,2118.810690642792,1773.300168489337,2490.2471017748676,1107.761079165531,800.7859253977845,1479.9754938911,-675.5394368194046,3082.88236975472,9163.44000000069,9.16344000000069e+23,0.0,0.0
3.315e-05,156461.0,5.21537,3e+22,-1219.45,-4690.08,8069.1,3.47046,3.48966,3.47011,0.00514238988,-0.000858165676,0.447111946,0.151136886,0.149829011,0.267019631,-0.00139345917,0.0030086148,-0.000335215892,383.692536,2512.19635,2058.86017,964.342275,-762.029116,-1989.25636,-1511.13043,-1384.48712,4269.28948,66300.0,156460.974868,5.215365829,-30.000000000000004,30000 3000,1e-06,2,0.0 0.0259,0.0 0.0,-1.0 0.0,0.00054857 28.0,80000,1000,5e-10,0.0,0.0 0.0 0.0,1000 1000000 0,0,0.0,0,100,0,,10,,1,,,,1.0,10.0,0.1,False,{},,,False,3,mixed,250,300,True,Ar_Aubin,,False,uniform,Argon-Aubin-Test2/10Td,3.0000000000000005e+21,8.069100000000001e+23,0.0,1.5115733333333332e-13,1.5115222222222223e-13,0.0,0.0,0.0,0.0,0.0,0.0,0.0,0.0,0.0,0.0,0.0,0.0,0.0,0.0,0.0,0.0,0.0,0.0,0.0,0.0,0.0,0.0,2.2222222222222226e-19,1.1111111111111113e-18,2e-18,1.777777777777778e-18,0.0,0.0,0.0,0.0,0.0,0.0,1124.2886246801143,389.963423339166,1576.4834865117373,-766.0539816736941,1349.4114286280446,661.4984765314002,404.17533120094134,1051.465944368992,8796.259999999113,8.796259999999113e+23,0.0,0.0
3.32e-05,156463.0,5.21542,3e+22,8992.32,-2018.96,9590.7,3.47406,3.4763,3.47947,0.00521224324,-0.00085833393,0.447722915,0.151153635,0.149950709,0.267687802,-0.00137918608,0.00305515948,-0.000352460446,4273.90967,-644.694239,540.48778,2145.95518,-1356.84055,-957.943559,4115.72525,-1413.82159,6106.24186,66400.0,156462.64447,5.215421482,-30.000000000000004,30000 3000,1e-06,2,0.0 0.0259,0.0 0.0,-1.0 0.0,0.00054857 28.0,80000,1000,5e-10,0.0,0.0 0.0 0.0,1000 1000000 0,0,0.0,0,100,0,,10,,1,,,,1.0,10.0,0.1,False,{},,,False,3,mixed,250,300,True,Ar_Aubin,,False,uniform,Argon-Aubin-Test2/10Td,3.0000000000000005e+21,9.590700000000002e+23,0.0,1.5112555555555554e-13,1.5111800000000002e-13,0.0,0.0,0.0,0.0,0.0,0.0,0.0,0.0,0.0,0.0,0.0,0.0,0.0,0.0,0.0,0.0,0.0,0.0,0.0,0.0,0.0,0.0,8.88888888888889e-19,2.2222222222222226e-18,1.5555555555555556e-18,2.888888888888889e-18,0.0,0.0,0.0,0.0,0.0,0.0,160.2569408501453,4227.039510868083,1216.9771119205363,-1358.5734918713126,1214.5463980967054,1812.2656991095,242.55778471322932,580.1562457453333,12219.380000000336,1.2219380000000335e+24,0.0,0.0
3.325e-05,156440.0,5.21466,3e+22,5273.71,3371.71,14227.4,3.4913,3.45581,3.48084,0.00527120507,-0.000810640288,0.448242841,0.151373828,0.150133238,0.268304484,-0.00137417396,0.00306495703,-0.000358765677,3929.59422,-868.296096,3375.07068,2869.72834,3505.2133,1208.08602,2448.55052,2409.15753,8014.44862,66500.0,156439.73227,5.214657742,-30.000000000000004,30000 3000,1e-06,2,0.0 0.0259,0.0 0.0,-1.0 0.0,0.00054857 28.0,80000,1000,5e-10,0.0,0.0 0.0 0.0,1000 1000000 0,0,0.0,0,100,0,,10,,1,,,,1.0,10.0,0.1,False,{},,,False,3,mixed,250,300,True,Ar_Aubin,,False,uniform,Argon-Aubin-Test2/10Td,3.0000000000000005e+21,1.42274e+24,0.0,1.51158e-13,1.5115155555555558e-13,0.0,0.0,0.0,0.0,0.0,0.0,0.0,0.0,0.0,0.0,0.0,0.0,0.0,0.0,0.0,0.0,0.0,0.0,0.0,0.0,2.2222222222222226e-19,0.0,2.2222222222222226e-19,2.888888888888889e-18,1.1111111111111113e-18,2e-18,0.0,0.0,0.0,0.0,0.0,0.0,2195.748767029049,3901.79541311029,1826.085994588722,3507.9465439654523,1508.4610834595337,1637.1184239566,-386.8329793711798,3384.722903976972,10398.520000000079,1.039852000000008e+24,0.0,0.0
3.33e-05,156384.0,5.21279,3e+22,-380.134,-7473.73,13971.4,3.41466,3.52786,3.48163,0.00537094493,-0.000894563309,0.44874104,0.151573913,0.150319821,0.26895037,-0.00129672059,0.00307893236,-0.000442514038,4112.72796,55.5222319,-16.5934656,1412.31958,1921.00399,-2176.80804,-1367.56422,-4529.58092,9494.4396,66600.0,156383.702047,5.212790068,-30.000000000000004,30000 3000,1e-06,2,0.0 0.0259,0.0 0.0,-1.0 0.0,0.00054857 28.0,80000,1000,5e-10,0.0,0.0 0.0 0.0,1000 1000000 0,0,0.0,0,100,0,,10,,1,,,,1.0,10.0,0.1,False,{},,,False,3,mixed,250,300,True,Ar_Aubin,,False,uniform,Argon-Aubin-Test2/10Td,3.0000000000000005e+21,1.39714e+24,0.0,1.5138266666666667e-13,1.5137600000000002e-13,0.0,0.0,0.0,0.0,0.0,0.0,0.0,0.0,0.0,0.0,0.0,0.0,0.0,0.0,0.0,0.0,0.0,0.0,0.0,0.0,2.2222222222222226e-19,0.0,2.2222222222222226e-19,1.777777777777778e-18,2.2222222222222226e-18,2.2222222222222226e-18,0.0,0.0,0.0,0.0,0.0,0.0,1990.235534489182,4114.769638780021,1864.398941626988,1914.3182653606273,1990.095274697068,3224.899033744,-668.1629520104669,-1288.615579095642,9963.97999999954,9.96397999999954e+23,0.0,0.0
3.335e-05,156478.0,5.21593,3e+22,256.466,1280.8,8014.93,3.48996,3.44068,3.50085,0.00536593291,-0.00108240792,0.449306235,0.151805953,0.150539804,0.269590852,-0.00120608414,0.00304076288,-0.000517997466,2424.7002,-281.90555,1049.85687,747.281697,3832.15095,-2585.94805,-1052.55632,1072.90433,3654.81582,66700.0,156477.904409,5.215930147,-30.000000000000004,30000 3000,1e-06,2,0.0 0.0259,0.0 0.0,-1.0 0.0,0.00054857 28.0,80000,1000,5e-10,0.0,0.0 0.0 0.0,1000 1000000 0,0,0.0,0,100,0,,10,,1,,,,1.0,10.0,0.1,False,{},,,False,3,mixed,250,300,True,Ar_Aubin,,False,uniform,Argon-Aubin-Test2/10Td,3.0000000000000005e+21,8.014930000000002e+23,0.0,1.510411111111111e-13,1.5103622222222223e-13,0.0,0.0,0.0,0.0,0.0,0.0,0.0,0.0,0.0,0.0,0.0,0.0,0.0,0.0,0.0,0.0,0.0,2.2222222222222226e-19,0.0,2.2222222222222226e-19,2.2222222222222226e-19,0.0,0.0,1.1111111111111113e-18,1.1111111111111113e-18,2e-18,0.0,0.0,0.0,0.0,0.0,0.0,2320.9381344646563,2423.324020650304,2196.116366085521,3833.5372980639363,1329.1017040634179,53.65779791144951,-779.0635876753303,-160.93879952385615,11303.900000000367,1.1303900000000368e+24,0.0,0.0
3.34e-05,156612.0,5.2204,3e+22,1580.67,5374.58,6492.39,3.49064,3.46949,3.48025,0.00539295275,-0.000991867582,0.449930275,0.152076154,0.150726015,0.270316929,-0.00111039975,0.00308338028,-0.000463162249,1887.01249,1663.739,1511.46533,1557.7811,1158.03451,967.812329,878.642188,3626.57808,4481.15822,66800.0,156612.016248,5.220400542,-30.000000000000004,30000 3000,1e-06,2,0.0 0.0259,0.0 0.0,-1.0 0.0,0.00054857 28.0,80000,1000,5e-10,0.0,0.0 0.0 0.0,1000 1000000 0,0,0.0,0,100,0,,10,,1,,,,1.0,10.0,0.1,False,{},,,False,3,mixed,250,300,True,Ar_Aubin,,False,uniform,Argon-Aubin-Test2/10Td,3.0000000000000005e+21,6.492390000000001e+23,0.0,1.5154666666666666e-13,1.5154133333333335e-13,0.0,0.0,0.0,0.0,0.0,0.0,0.0,0.0,0.0,0.0,0.0,0.0,0.0,0.0,0.0,0.0,0.0,2.2222222222222226e-19,0.0,0.0,0.0,0.0,2.2222222222222226e-19,1.5555555555555556e-18,2e-18,1.3333333333333336e-18,0.0,0.0,0.0,0.0,0.0,0.0,2699.102966308709,1878.4880113766576,1863.9880560503143,1163.3653816688654,1649.174482996063,1560.03540189275,542.235983703749,1643.903077711177,12480.799999999848,1.248079999999985e+24,0.0,0.0
3.345e-05,156572.0,5.21906,3e+22,159.108,557.103,8747.15,3.45377,3.49218,3.49174,0.00541239153,-0.00101736472,0.450310617,0.152383955,0.150988198,0.270834265,-0.00114512607,0.00305118396,-0.000535868791,-1788.96285,67.2726206,783.73654,140.690985,2991.44255,-4459.2651,-1172.42951,253.650863,5086.11122,66900.0,156571.865044,5.219062168,-30.000000000000004,30000 3000,1e-06,2,0.0 0.0259,0.0 0.0,-1.0 0.0,0.00054857 28.0,80000,1000,5e-10,0.0,0.0 0.0 0.0,1000 1000000 0,0,0.0,0,100,0,,10,,1,,,,1.0,10.0,0.1,False,{},,,False,3,mixed,250,300,True,Ar_Aubin,,False,uniform,Argon-Aubin-Test2/10Td,3.0000000000000005e+21,8.74715e+23,0.0,1.5172222222222222e-13,1.5171800000000002e-13,0.0,0.0,0.0,0.0,0.0,0.0,0.0,0.0,0.0,0.0,0.0,0.0,0.0,0.0,0.0,0.0,0.0,0.0,0.0,0.0,0.0,0.0,0.0,1.1111111111111113e-18,1.5555555555555556e-18,1.5555555555555556e-18,0.0,0.0,0.0,0.0,0.0,0.0,3075.909572897162,-1789.8240047915551,2621.317703267179,2992.009326937606,1749.3657865494395,1147.1767065084496,-860.0195090073624,-507.68399222127545,7606.84000000067,7.606840000000671e+23,0.0,0.0
3.35e-05,156608.0,5.22027,3e+22,2178.47,2913.24,6490.12,3.51102,3.46402,3.46517,0.00547200442,-0.000980770632,0.450818536,0.152527723,0.151155595,0.271402866,-0.00118569054,0.00305471599,-0.000485001055,319.718383,130.371514,1449.41144,-436.326193,1566.44781,168.604125,-328.520855,-747.129378,2106.436,67000.0,156608.013415,5.220267114,-30.000000000000004,30000 3000,1e-06,2,0.0 0.0259,0.0 0.0,-1.0 0.0,0.00054857 28.0,80000,1000,5e-10,0.0,0.0 0.0 0.0,1000 1000000 0,0,0.0,0,100,0,,10,,1,,,,1.0,10.0,0.1,False,{},,,False,3,mixed,250,300,True,Ar_Aubin,,False,uniform,Argon-Aubin-Test2/10Td,3.0000000000000005e+21,6.49012e+23,0.0,1.5145822222222222e-13,1.5145311111111112e-13,0.0,0.0,0.0,0.0,0.0,0.0,0.0,0.0,0.0,0.0,0.0,0.0,0.0,0.0,0.0,0.0,0.0,0.0,0.0,2.2222222222222226e-19,0.0,0.0,4.444444444444445e-19,1.3333333333333336e-18,1.5555555555555556e-18,1.5555555555555556e-18,0.0,0.0,0.0,0.0,0.0,0.0,1431.1914970152607,307.7977855311626,1674.701199409212,1569.3050302359675,1109.0038173741657,-819.4303968643198,-521.8324458010956,103.28196355374973,10158.379999999357,1.0158379999999357e+24,0.0,0.0
3.355e-05,156633.0,5.22109,3e+22,2341.68,5277.9,7222.4,3.50377,3.45422,3.48372,0.00554327961,-0.000967600356,0.451440969,0.152627743,0.151379354,0.272016425,-0.00119032436,0.00313005276,-0.000481009901,-1068.58588,-990.208499,2241.94116,-1296.479,3495.12659,330.907576,1380.22855,3220.31241,4113.37849,67100.0,156632.781637,5.221092721,-30.000000000000004,30000 3000,1e-06,2,0.0 0.0259,0.0 0.0,-1.0 0.0,0.00054857 28.0,80000,1000,5e-10,0.0,0.0 0.0 0.0,1000 1000000 0,0,0.0,0,100,0,,10,,1,,,,1.0,10.0,0.1,False,{},,,False,3,mixed,250,300,True,Ar_Aubin,,False,uniform,Argon-Aubin-Test2/10Td,3.0000000000000005e+21,7.222399999999999e+23,0.0,1.514991111111111e-13,1.514917777777778e-13,0.0,0.0,0.0,0.0,0.0,0.0,0.0,0.0,0.0,0.0,0.0,0.0,0.0,0.0,0.0,0.0,2.2222222222222226e-19,0.0,0.0,0.0,0.0,0.0,8.88888888888889e-19,8.88888888888889e-19,2.2222222222222226e-18,3.1111111111111112e-18,0.0,0.0,0.0,0.0,0.0,0.0,992.3488353788534,-1081.566466997145,2237.8466058367576,3500.233487918932,519.6290952430571,852.8912354944,795.0854606717309,2525.003639056816,12448.660000000667,1.2448660000000668e+24,0.0,0.0
3.36e-05,156537.0,5.21791,3e+22,6268.62,3425.22,6830.99,3.49012,3.46319,3.48197,0.00558323841,-0.000855353453,0.451918723,0.152846599,0.151599807,0.272591145,-0.0012004718,0.00315130559,-0.000382418506,3633.10046,-609.581872,265.191166,1742.53662,3225.22038,998.322824,2220.54673,1509.33405,3330.4963,67200.0,156537.356195,5.217911873,-30.000000000000004,30000 3000,1e-06,2,0.0 0.0259,0.0 0.0,-1.0 0.0,0.00054857 28.0,80000,1000,5e-10,0.0,0.0 0.0 0.0,1000 1000000 0,0,0.0,0,100,0,,10,,1,,,,1.0,10.0,0.1,False,{},,,False,3,mixed,250,300,True,Ar_Aubin,,False,uniform,Argon-Aubin-Test2/10Td,3.0000000000000005e+21,6.83099e+23,0.0,1.5137088888888888e-13,1.513637777777778e-13,0.0,0.0,0.0,0.0,0.0,0.0,0.0,0.0,0.0,0.0,0.0,0.0,2.2222222222222226e-19,0.0,0.0,0.0,0.0,0.0,0.0,0.0,0.0,0.0,2.2222222222222226e-19,1.5555555555555556e-18,1.777777777777778e-18,3.3333333333333337e-18,0.0,0.0,0.0,0.0,0.0,0.0,2184.113976917146,3598.101260038306,2206.576209193567,3228.150153754285,1431.3629370818483,243.44402237422992,10.927522491833638,-385.30789511858575,9555.079999999938,9.555079999999938e+23,0.0,0.0
3.365e-05,156574.0,5.21914,3e+22,3354.57,6574.69,11944.0,3.52404,3.49043,3.42268,0.00563294092,-0.000815979106,0.452519846,0.153036732,0.151828985,0.273275972,-0.00115868626,0.00313651233,-0.000341105161,1453.80396,3682.9223,-3817.17626,840.848474,2594.25259,-3085.05303,2399.57759,2299.67793,6582.34118,67300.0,156574.133034,5.219137768,-30.000000000000004,30000 3000,1e-06,2,0.0 0.0259,0.0 0.0,-1.0 0.0,0.00054857 28.0,80000,1000,5e-10,0.0,0.0 0.0 0.0,1000 1000000 0,0,0.0,0,100,0,,10,,1,,,,1.0,10.0,0.1,False,{},,,False,3,mixed,250,300,True,Ar_Aubin,,False,uniform,Argon-Aubin-Test2/10Td,3.0000000000000005e+21,1.1944e+24,0.0,1.5146377777777776e-13,1.5145711111111114e-13,0.0,0.0,0.0,0.0,0.0,0.0,0.0,0.0,0.0,0.0,0.0,0.0,0.0,0.0,0.0,0.0,0.0,0.0,0.0,2.2222222222222226e-19,0.0,2.2222222222222226e-19,2.2222222222222226e-19,8.88888888888889e-19,2.2222222222222226e-18,2.888888888888889e-18,0.0,0.0,0.0,0.0,0.0,0.0,1895.7552773471443,1434.9078653779954,2292.438076281489,2599.617399668427,1411.4817408703018,1177.4441393760007,-812.8169038749533,-3002.8880161447005,12022.459999999624,1.2022459999999626e+24,0.0,0.0
3.37e-05,156721.0,5.22404,3e+22,4764.73,3852.77,15054.2,3.49384,3.48833,3.4644,0.00563139564,-0.000686441861,0.453230599,0.153235114,0.152110988,0.274000918,-0.00115254413,0.00314256162,-0.000308496538,1696.34346,2952.53382,-1372.30248,2263.21219,977.090648,-253.419802,1337.75424,3145.55807,6573.98374,67400.0,156721.127135,5.224037571,-30.000000000000004,30000 3000,1e-06,2,0.0 0.0259,0.0 0.0,-1.0 0.0,0.00054857 28.0,80000,1000,5e-10,0.0,0.0 0.0 0.0,1000 1000000 0,0,0.0,0,100,0,,10,,1,,,,1.0,10.0,0.1,False,{},,,False,3,mixed,250,300,True,Ar_Aubin,,False,uniform,Argon-Aubin-Test2/10Td,3.0000000000000005e+21,1.50542e+24,0.0,1.5141733333333333e-13,1.514108888888889e-13,0.0,0.0,0.0,0.0,0.0,0.0,0.0,0.0,0.0,0.0,0.0,0.0,0.0,0.0,0.0,0.0,0.0,2.2222222222222226e-19,0.0,0.0,0.0,0.0,4.444444444444445e-19,2.2222222222222226e-18,1.5555555555555556e-18,2e-18,0.0,0.0,0.0,0.0,0.0,0.0,1983.9940655397293,1669.5113802522228,2821.9761947290144,979.735350608805,811.8115396490988,-249.04034346580102,54.920570446200664,-2278.845828216958,14215.060000000169,1.421506000000017e+24,0.0,0.0
3.375e-05,156668.0,5.22228,3e+22,-4568.74,-1439.22,8263.16,3.50039,3.47215,3.4715,0.00557702153,-0.000626641908,0.453776384,0.153497527,0.152321375,0.274605287,-0.00123043964,0.0031507512,-0.000330108362,969.791945,1523.88925,-983.41057,260.536033,1056.83409,-822.601294,-1163.15685,-668.754076,5149.87358,67500.0,156668.431347,5.222281045,-30.000000000000004,30000 3000,1e-06,2,0.0 0.0259,0.0 0.0,-1.0 0.0,0.00054857 28.0,80000,1000,5e-10,0.0,0.0 0.0 0.0,1000 1000000 0,0,0.0,0,100,0,,10,,1,,,,1.0,10.0,0.1,False,{},,,False,3,mixed,250,300,True,Ar_Aubin,,False,uniform,Argon-Aubin-Test2/10Td,3.0000000000000005e+21,8.26316e+23,0.0,1.5133133333333332e-13,1.513237777777778e-13,0.0,0.0,0.0,0.0,0.0,0.0,0.0,0.0,0.0,0.0,0.0,0.0,0.0,2.2222222222222226e-19,0.0,0.0,0.0,0.0,0.0,0.0,0.0,0.0,2.2222222222222226e-19,2.888888888888889e-18,8.88888888888889e-19,3.3333333333333337e-18,0.0,0.0,0.0,0.0,0.0,0.0,2630.224477081222,995.2719063449723,2104.6552234765813,1055.9322144331684,1093.381937833926,1400.2467147865605,595.7947149928117,-119.46492458967532,10915.699999999308,1.0915699999999309e+24,0.0,0.0
3.38e-05,156645.0,5.22149,3e+22,-293.996,2071.35,16003.4,3.4843,3.45971,3.49748,0.0055254864,-0.00055999197,0.454255714,0.153823405,0.15256682,0.275168531,-0.00120473952,0.00306351469,-0.000301986954,3661.96268,-3062.57241,1527.52564,1680.17233,1014.01744,202.905007,-396.149131,1136.06952,7954.98566,67600.0,156644.593969,5.221486466,-30.000000000000004,30000 3000,1e-06,2,0.0 0.0259,0.0 0.0,-1.0 0.0,0.00054857 28.0,80000,1000,5e-10,0.0,0.0 0.0 0.0,1000 1000000 0,0,0.0,0,100,0,,10,,1,,,,1.0,10.0,0.1,False,{},,,False,3,mixed,250,300,True,Ar_Aubin,,False,uniform,Argon-Aubin-Test2/10Td,3.0000000000000005e+21,1.60034e+24,0.0,1.51618e-13,1.5161222222222223e-13,0.0,0.0,0.0,0.0,0.0,0.0,0.0,0.0,0.0,0.0,0.0,0.0,0.0,0.0,0.0,0.0,0.0,0.0,0.0,0.0,0.0,0.0,4.444444444444445e-19,8.88888888888889e-19,2e-18,2.4444444444444447e-18,0.0,0.0,0.0,0.0,0.0,0.0,3264.501691895017,3663.5871508996547,2455.2408907438376,1015.1773793670594,1279.9697446566615,685.3497665724008,-1329.9923291148261,1176.4993028393842,9586.6,9.5866e+23,0.0,0.0
3.385e-05,156667.0,5.22222,3e+22,-4460.11,-1692.79,5487.45,3.47737,3.46659,3.50018,0.00558104761,-0.000478588767,0.454720432,0.154107899,0.152771262,0.27573426,-0.00119277194,0.00310119187,-0.000234571318,4480.11205,-237.084868,-810.914881,-546.910729,2779.43523,2200.62741,-2483.69952,-957.170894,3310.0116,67700.0,156666.706359,5.222223545,-30.000000000000004,30000 3000,1e-06,2,0.0 0.0259,0.0 0.0,-1.0 0.0,0.00054857 28.0,80000,1000,5e-10,0.0,0.0 0.0 0.0,1000 1000000 0,0,0.0,0,100,0,,10,,1,,,,1.0,10.0,0.1,False,{},,,False,3,mixed,250,300,True,Ar_Aubin,,False,uniform,Argon-Aubin-Test2/10Td,3.0000000000000005e+21,5.48745e+23,0.0,1.5145844444444443e-13,1.514537777777778e-13,0.0,0.0,0.0,0.0,0.0,0.0,0.0,0.0,0.0,0.0,0.0,0.0,0.0,0.0,0.0,0.0,0.0,0.0,0.0,0.0,0.0,0.0,4.444444444444445e-19,8.88888888888889e-19,2.888888888888889e-18,4.444444444444445e-19,0.0,0.0,0.0,0.0,0.0,0.0,2838.7690753151064,4505.004136255837,2045.2654379857217,2778.62507972111,1433.1142338316895,814.7559654215997,196.8913919504333,-1297.1369747399751,9294.360000000612,9.294360000000612e+23,0.0,0.0
3.39e-05,156626.0,5.22088,3e+22,930.937,-4040.65,7306.21,3.46522,3.49817,3.47797,0.00552072266,-0.000500248918,0.455285856,0.154250816,0.152991382,0.276443259,-0.00117333451,0.00314754964,-0.000225423525,-729.260188,2988.36231,1398.17701,920.513121,615.341876,4746.39583,303.485944,-3898.42465,4959.16137,67800.0,156626.490982,5.220883033,-30.000000000000004,30000 3000,1e-06,2,0.0 0.0259,0.0 0.0,-1.0 0.0,0.00054857 28.0,80000,1000,5e-10,0.0,0.0 0.0 0.0,1000 1000000 0,0,0.0,0,100,0,,10,,1,,,,1.0,10.0,0.1,False,{},,,False,3,mixed,250,300,True,Ar_Aubin,,False,uniform,Argon-Aubin-Test2/10Td,3.0000000000000005e+21,7.306210000000001e+23,0.0,1.5146444444444444e-13,1.514568888888889e-13,0.0,0.0,0.0,0.0,0.0,0.0,0.0,0.0,0.0,0.0,0.0,0.0,0.0,0.0,0.0,0.0,0.0,0.0,0.0,0.0,0.0,0.0,0.0,2e-18,2.888888888888889e-18,2.666666666666667e-18,0.0,0.0,0.0,0.0,0.0,0.0,1435.8671373645993,-734.3996329909324,2200.987982279579,613.3205452094833,1944.5960461389468,1632.7472960342398,1413.3441647014126,1237.4849459672096,11308.479999999621,1.1308479999999623e+24,0.0,0.0
3.395e-05,156514.0,5.21715,3e+22,935.594,4081.45,5554.38,3.48692,3.45647,3.49064,0.00557595842,-0.000548681512,0.455790446,0.154466005,0.153219942,0.277011862,-0.00110074532,0.00314865787,-0.000218253014,3679.16815,3202.99015,-198.033394,-998.358732,1229.10535,1906.39406,302.482582,2410.01303,3562.96644,67900.0,156514.39701,5.217146567,-30.000000000000004,30000 3000,1e-06,2,0.0 0.0259,0.0 0.0,-1.0 0.0,0.00054857 28.0,80000,1000,5e-10,0.0,0.0 0.0 0.0,1000 1000000 0,0,0.0,0,100,0,,10,,1,,,,1.0,10.0,0.1,False,{},,,False,3,mixed,250,300,True,Ar_Aubin,,False,uniform,Argon-Aubin-Test2/10Td,3.0000000000000005e+21,5.5543800000000003e+23,0.0,1.5170666666666665e-13,1.516988888888889e-13,0.0,0.0,0.0,0.0,0.0,0.0,0.0,0.0,0.0,0.0,0.0,0.0,2.2222222222222226e-19,0.0,0.0,0.0,0.0,4.444444444444445e-19,0.0,0.0,2.2222222222222226e-19,0.0,4.444444444444445e-19,1.3333333333333336e-18,2.2222222222222226e-18,2.888888888888889e-18,0.0,0.0,0.0,0.0,0.0,0.0,2145.760663870566,3673.9513167579985,2285.0919757833044,1231.3447661571524,1088.8300877379131,1031.33310254652,-537.0680626511689,-352.95661046380366,10091.80000000054,1.009180000000054e+24,0.0,0.0
3.4e-05,156648.0,5.22161,3e+22,-3010.64,-194.973,15455.0,3.47968,3.48035,3.48179,0.00548026025,-0.000608223311,0.456376199,0.154696376,0.153416384,0.277676423,-0.00105158027,0.00315809091,-0.000235373477,2582.32692,-2547.35281,1661.73483,-2060.5104,-876.234391,497.136312,-755.622563,970.216103,7992.79834,68000.0,156648.36101,5.221612034,-30.000000000000004,30000 3000,1e-06,2,0.0 0.0259,0.0 0.0,-1.0 0.0,0.00054857 28.0,80000,1000,5e-10,0.0,0.0 0.0 0.0,1000 1000000 0,0,0.0,0,100,0,,10,,1,,,,1.0,10.0,0.1,False,{},,,False,3,mixed,250,300,True,Ar_Aubin,,False,uniform,Argon-Aubin-Test2/10Td,3.0000000000000005e+21,1.5455000000000002e+24,0.0,1.5167644444444444e-13,1.516717777777778e-13,0.0,0.0,0.0,0.0,0.0,0.0,0.0,0.0,0.0,0.0,0.0,0.0,0.0,0.0,0.0,0.0,0.0,0.0,0.0,0.0,0.0,0.0,2.2222222222222226e-19,1.3333333333333336e-18,1.3333333333333336e-18,1.777777777777778e-18,0.0,0.0,0.0,0.0,0.0,0.0,2314.2905989384512,2598.82601071906,1963.731158055593,-876.3529781236156,1302.5665119134612,939.5041844550005,996.8254540693167,2195.39928459361,11715.059999999334,1.1715059999999334e+24,0.0,0.0
3.405e-05,156701.0,5.22338,3e+22,2003.43,6005.29,9037.45,3.48793,3.47144,3.4867,0.00540025593,-0.00055189349,0.456903832,0.154898189,0.1536355,0.278235352,-0.00104074517,0.00316085194,-0.000243850461,-593.676076,1030.8861,-588.463403,-927.514188,4206.09,255.267484,-830.283972,2104.40081,3865.91954,68100.0,156701.388617,5.223379621,-30.000000000000004,30000 3000,1e-06,2,0.0 0.0259,0.0 0.0,-1.0 0.0,0.00054857 28.0,80000,1000,5e-10,0.0,0.0 0.0 0.0,1000 1000000 0,0,0.0,0,100,0,,10,,1,,,,1.0,10.0,0.1,False,{},,,False,3,mixed,250,300,True,Ar_Aubin,,False,uniform,Argon-Aubin-Test2/10Td,3.0000000000000005e+21,9.037450000000001e+23,0.0,1.5144222222222222e-13,1.5143711111111113e-13,0.0,0.0,0.0,0.0,0.0,0.0,0.0,0.0,0.0,0.0,0.0,0.0,0.0,2.2222222222222226e-19,0.0,0.0,0.0,0.0,0.0,0.0,0.0,0.0,2.2222222222222226e-19,8.88888888888889e-19,2e-18,1.777777777777778e-18,0.0,0.0,0.0,0.0,0.0,0.0,2026.8348829821648,-604.4951107378399,2191.813491717598,4209.404280456562,770.5231740334773,-263.32599650840075,728.474884561306,-2382.9267620983383,10552.660000000547,1.0552660000000548e+24,0.0,0.0
3.41e-05,156691.0,5.22305,3e+22,-264.033,-316.667,11286.2,3.46274,3.48201,3.50062,0.00552895465,-0.000704907118,0.457444507,0.155070486,0.153786817,0.278803552,-0.00106270262,0.00317485148,-0.000365809826,103.58441,-2574.272,85.796476,-1428.98555,1333.29521,-636.042998,167.893054,-510.871919,8041.65557,68200.0,156691.391966,5.223046399,-30.000000000000004,30000 3000,1e-06,2,0.0 0.0259,0.0 0.0,-1.0 0.0,0.00054857 28.0,80000,1000,5e-10,0.0,0.0 0.0 0.0,1000 1000000 0,0,0.0,0,100,0,,10,,1,,,,1.0,10.0,0.1,False,{},,,False,3,mixed,250,300,True,Ar_Aubin,,False,uniform,Argon-Aubin-Test2/10Td,3.0000000000000005e+21,1.1286200000000001e+24,0.0,1.517191111111111e-13,1.5171244444444447e-13,0.0,0.0,0.0,0.0,0.0,0.0,0.0,0.0,0.0,0.0,0.0,0.0,0.0,0.0,0.0,0.0,0.0,0.0,0.0,0.0,0.0,0.0,6.666666666666668e-19,8.88888888888889e-19,2.2222222222222226e-18,2.888888888888889e-18,0.0,0.0,0.0,0.0,0.0,0.0,1708.9042458776073,105.04423648310346,1511.2469237929527,1333.0719891776644,738.3471181118817,2878.845375096599,-955.8553179376661,312.06908754590097,10813.499999999809,1.0813499999999809e+24,0.0,0.0
3.415e-05,156735.0,5.2245,3e+22,-11715.6,-873.564,11380.8,3.48279,3.46757,3.49712,0.00561738384,-0.000809945371,0.457991641,0.155210531,0.154002146,0.279411499,-0.00112590064,0.00319619572,-0.000402157757,1083.74285,-2356.85173,-1052.37825,446.054454,-351.102509,170.545949,-5608.53275,313.541765,6917.57149,68300.0,156734.913541,5.224497118,-30.000000000000004,30000 3000,1e-06,2,0.0 0.0259,0.0 0.0,-1.0 0.0,0.00054857 28.0,80000,1000,5e-10,0.0,0.0 0.0 0.0,1000 1000000 0,0,0.0,0,100,0,,10,,1,,,,1.0,10.0,0.1,False,{},,,False,3,mixed,250,300,True,Ar_Aubin,,False,uniform,Argon-Aubin-Test2/10Td,3.0000000000000005e+21,1.1380800000000001e+24,0.0,1.516211111111111e-13,1.5161533333333335e-13,0.0,0.0,0.0,0.0,0.0,0.0,0.0,0.0,0.0,0.0,0.0,0.0,0.0,0.0,0.0,0.0,0.0,0.0,0.0,0.0,0.0,0.0,0.0,1.5555555555555556e-18,2.4444444444444447e-18,1.777777777777778e-18,0.0,0.0,0.0,0.0,0.0,0.0,1390.5933831587226,1149.5538721159041,2151.698825409998,-351.81004811807225,1070.8075860016431,1705.2602221072002,-443.6133782774812,-1359.1944527066717,10942.680000000093,1.0942680000000093e+24,0.0,0.0
3.42e-05,156766.0,5.22555,3e+22,3266.92,8830.92,8517.13,3.50658,3.45959,3.484,0.00562487278,-0.000711371471,0.458485922,0.155320032,0.154171007,0.280026432,-0.00111893789,0.00317988238,-0.000373579694,751.700427,2330.89491,1172.14711,471.207372,2901.50722,141.849433,2046.38036,3320.36784,2819.55991,68400.0,156766.393554,5.225546452,-30.000000000000004,30000 3000,1e-06,2,0.0 0.0259,0.0 0.0,-1.0 0.0,0.00054857 28.0,80000,1000,5e-10,0.0,0.0 0.0 0.0,1000 1000000 0,0,0.0,0,100,0,,10,,1,,,,1.0,10.0,0.1,False,{},,,False,3,mixed,250,300,True,Ar_Aubin,,False,uniform,Argon-Aubin-Test2/10Td,3.0000000000000005e+21,8.51713e+23,0.0,1.51748e-13,1.5174311111111112e-13,0.0,0.0,0.0,0.0,0.0,0.0,0.0,0.0,0.0,0.0,0.0,0.0,2.2222222222222226e-19,0.0,0.0,0.0,0.0,0.0,0.0,0.0,0.0,0.0,6.666666666666668e-19,1.5555555555555556e-18,6.666666666666668e-19,1.777777777777778e-18,0.0,0.0,0.0,0.0,0.0,0.0,1094.1680741469174,733.3244176175624,1690.1096213425838,2907.789284550683,1619.3555368279601,-1085.4242908438596,-450.4695932504299,1672.7828689990383,9885.619999999706,9.885619999999707e+23,0.0,0.0
3.425e-05,156649.0,5.22164,3e+22,-8105.07,566.102,6163.38,3.51399,3.44961,3.47908,0.00555901909,-0.00073294718,0.458980385,0.15554445,0.154417875,0.280568678,-0.0010573697,0.00311417427,-0.000358288846,4918.32181,2108.64432,-633.038147,1296.90231,2579.92937,1471.91659,-3685.51217,-1294.74081,5411.30255,68500.0,156649.181535,5.221639384,-30.000000000000004,30000 3000,1e-06,2,0.0 0.0259,0.0 0.0,-1.0 0.0,0.00054857 28.0,80000,1000,5e-10,0.0,0.0 0.0 0.0,1000 1000000 0,0,0.0,0,100,0,,10,,1,,,,1.0,10.0,0.1,False,{},,,False,3,mixed,250,300,True,Ar_Aubin,,False,uniform,Argon-Aubin-Test2/10Td,3.0000000000000005e+21,6.163380000000001e+23,0.0,1.5172222222222222e-13,1.5171444444444446e-13,0.0,0.0,0.0,0.0,0.0,0.0,0.0,0.0,0.0,0.0,0.0,0.0,0.0,0.0,0.0,0.0,0.0,2.2222222222222226e-19,0.0,0.0,0.0,0.0,8.88888888888889e-19,2.2222222222222226e-18,2e-18,2.4444444444444447e-18,0.0,0.0,0.0,0.0,0.0,0.0,2251.5450054819144,4963.378048855787,2468.368378010788,2580.344292864492,885.9285744189372,2582.4320246987004,-765.2769895909271,-632.7445150269746,9889.260000000011,9.889260000000011e+23,0.0,0.0
3.43e-05,156695.0,5.22316,3e+22,4316.08,6475.87,6539.73,3.50385,3.49201,3.44987,0.00545070944,-0.000700201338,0.459481832,0.155701973,0.154556024,0.281183029,-0.00106572427,0.00304599493,-0.000341005733,2756.58285,1909.88693,870.79445,-912.117085,1692.99566,-296.91482,2663.93558,2560.59031,3614.72134,68600.0,156694.89289,5.223163096,-30.000000000000004,30000 3000,1e-06,2,0.0 0.0259,0.0 0.0,-1.0 0.0,0.00054857 28.0,80000,1000,5e-10,0.0,0.0 0.0 0.0,1000 1000000 0,0,0.0,0,100,0,,10,,1,,,,1.0,10.0,0.1,False,{},,,False,3,mixed,250,300,True,Ar_Aubin,,False,uniform,Argon-Aubin-Test2/10Td,3.0000000000000005e+21,6.53973e+23,0.0,1.5170333333333334e-13,1.5169844444444446e-13,0.0,0.0,0.0,0.0,0.0,0.0,0.0,0.0,0.0,0.0,0.0,0.0,0.0,0.0,0.0,0.0,0.0,0.0,0.0,0.0,0.0,0.0,4.444444444444445e-19,1.3333333333333336e-18,1.5555555555555556e-18,1.5555555555555556e-18,0.0,0.0,0.0,0.0,0.0,0.0,1587.1545984366687,2733.0571520002045,1381.9592965491624,1697.5300728387142,1537.90876671972,609.8342188146403,-424.0115408068925,1515.9235164953886,10028.939999999764,1.0028939999999764e+24,0.0,0.0
3.435e-05,156726.0,5.22419,3e+22,-1546.66,2387.92,7759.5,3.52021,3.47348,3.45429,0.00553431129,-0.000728002799,0.459978458,0.155839759,0.154810338,0.281725475,-0.00109093621,0.00311720749,-0.000403124905,555.206952,1440.24638,3086.49329,3416.90321,2860.02712,-3479.743,-2405.99171,635.194995,3063.98975,68700.0,156725.570218,5.224185674,-30.000000000000004,30000 3000,1e-06,2,0.0 0.0259,0.0 0.0,-1.0 0.0,0.00054857 28.0,80000,1000,5e-10,0.0,0.0 0.0 0.0,1000 1000000 0,0,0.0,0,100,0,,10,,1,,,,1.0,10.0,0.1,False,{},,,False,3,mixed,250,300,True,Ar_Aubin,,False,uniform,Argon-Aubin-Test2/10Td,3.0000000000000005e+21,7.759500000000001e+23,0.0,1.512651111111111e-13,1.5126e-13,0.0,0.0,0.0,0.0,0.0,0.0,0.0,0.0,0.0,0.0,0.0,0.0,0.0,0.0,0.0,0.0,0.0,0.0,0.0,0.0,0.0,0.0,0.0,2e-18,1.1111111111111113e-18,2e-18,0.0,0.0,0.0,0.0,0.0,0.0,1368.6763194470375,563.7666498997914,2542.7429383839685,2861.7655324437883,858.1811401847662,-505.2130948509998,601.0109184940646,1348.9883733955253,9932.52,9.932520000000001e+23,0.0,0.0
3.44e-05,156630.0,5.22101,3e+22,200.548,-9384.89,4436.56,3.43919,3.48432,3.51789,0.00562734513,-0.000663641058,0.460579461,0.156020969,0.155159352,0.282333079,-0.00109993641,0.00309978795,-0.000390343056,-738.823179,-2046.56708,-2076.66415,1606.22532,2455.4767,-629.134969,-1381.98291,-4238.76768,2516.55243,68800.0,156630.284863,5.221009495,-30.000000000000004,30000 3000,1e-06,2,0.0 0.0259,0.0 0.0,-1.0 0.0,0.00054857 28.0,80000,1000,5e-10,0.0,0.0 0.0 0.0,1000 1000000 0,0,0.0,0,100,0,,10,,1,,,,1.0,10.0,0.1,False,{},,,False,3,mixed,250,300,True,Ar_Aubin,,False,uniform,Argon-Aubin-Test2/10Td,3.0000000000000005e+21,4.436560000000001e+23,0.0,1.5143955555555555e-13,1.5143044444444445e-13,0.0,0.0,0.0,0.0,0.0,0.0,0.0,0.0,0.0,0.0,0.0,0.0,2.2222222222222226e-19,0.0,0.0,0.0,0.0,0.0,0.0,0.0,2.2222222222222226e-19,0.0,6.666666666666668e-19,1.5555555555555556e-18,3.555555555555556e-18,2.888888888888889e-18,0.0,0.0,0.0,0.0,0.0,0.0,1801.7158824248925,-739.9517318111313,3491.035686215005,2449.2485016711867,543.4592900718793,473.16401650584,-1271.903071403688,-3575.9814040545807,12020.060000000887,1.2020060000000889e+24,0.0,0.0
3.445e-05,156588.0,5.21959,3e+22,-4463.25,5427.16,13423.6,3.46522,3.48899,3.48367,0.00562208678,-0.000597305755,0.46095617,0.156240433,0.15542177,0.282775758,-0.00118252005,0.00308146331,-0.000369974442,5541.22977,-2814.30574,2042.24457,-5012.9959,769.942166,-501.510061,-1287.96232,2201.70625,7084.8735,68900.0,156587.788294,5.219592943,-30.000000000000004,30000 3000,1e-06,2,0.0 0.0259,0.0 0.0,-1.0 0.0,0.00054857 28.0,80000,1000,5e-10,0.0,0.0 0.0 0.0,1000 1000000 0,0,0.0,0,100,0,,10,,1,,,,1.0,10.0,0.1,False,{},,,False,3,mixed,250,300,True,Ar_Aubin,,False,uniform,Argon-Aubin-Test2/10Td,3.0000000000000005e+21,1.3423600000000003e+24,0.0,1.5166177777777778e-13,1.5165733333333334e-13,0.0,0.0,0.0,0.0,0.0,0.0,0.0,0.0,0.0,0.0,0.0,0.0,0.0,0.0,0.0,0.0,0.0,0.0,0.0,0.0,0.0,0.0,4.444444444444445e-19,6.666666666666668e-19,1.3333333333333336e-18,2e-18,0.0,0.0,0.0,0.0,0.0,0.0,2195.231534502795,5566.3225488208345,2625.016452888762,773.1838399013059,955.2823398165101,897.1822563879996,-360.41285360114557,2736.1762316524923,7534.179999999502,7.534179999999502e+23,0.0,0.0
3.45e-05,156524.0,5.21748,3e+22,-2231.39,855.632,8379.32,3.51309,3.47289,3.44855,0.00561328348,-0.000586593084,0.461533721,0.156503031,0.155690936,0.283440303,-0.00124459198,0.00304634158,-0.000433594126,5696.02153,-307.521176,-1168.73888,474.177419,1449.9117,1583.02275,-761.2741,-161.61128,5417.65665,69000.0,156524.313793,5.217477126,-30.000000000000004,30000 3000,1e-06,2,0.0 0.0259,0.0 0.0,-1.0 0.0,0.00054857 28.0,80000,1000,5e-10,0.0,0.0 0.0 0.0,1000 1000000 0,0,0.0,0,100,0,,10,,1,,,,1.0,10.0,0.1,False,{},,,False,3,mixed,250,300,True,Ar_Aubin,,False,uniform,Argon-Aubin-Test2/10Td,3.0000000000000005e+21,8.379320000000001e+23,0.0,1.5122844444444444e-13,1.5122022222222223e-13,0.0,0.0,0.0,0.0,0.0,0.0,0.0,0.0,0.0,0.0,0.0,0.0,2.2222222222222226e-19,0.0,0.0,0.0,0.0,0.0,0.0,0.0,0.0,0.0,6.666666666666668e-19,2.2222222222222226e-18,1.5555555555555556e-18,3.555555555555556e-18,0.0,0.0,0.0,0.0,0.0,0.0,2626.9690833499726,5708.546954624438,2691.7868271877924,1450.4136078136492,1317.6004096304705,1550.3179109502798,-686.1150407159317,-947.1867488274436,11551.02000000019,1.1551020000000191e+24,0.0,0.0
3.455e-05,156561.0,5.21871,3e+22,4204.87,5313.6,8619.37,3.48078,3.48803,3.46794,0.00562689845,-0.000522673555,0.462003176,0.156756168,0.155928078,0.28400393,-0.00125612992,0.00303871028,-0.000388874934,2730.15629,17.4462977,-2089.2388,1900.73955,3108.70998,5027.27798,2186.9575,2236.72322,5961.7137,69100.0,156561.443229,5.218714774,-30.000000000000004,30000 3000,1e-06,2,0.0 0.0259,0.0 0.0,-1.0 0.0,0.00054857 28.0,80000,1000,5e-10,0.0,0.0 0.0 0.0,1000 1000000 0,0,0.0,0,100,0,,10,,1,,,,1.0,10.0,0.1,False,{},,,False,3,mixed,250,300,True,Ar_Aubin,,False,uniform,Argon-Aubin-Test2/10Td,3.0000000000000005e+21,8.61937e+23,0.0,1.5126288888888889e-13,1.5125844444444447e-13,0.0,0.0,0.0,0.0,0.0,0.0,0.0,0.0,0.0,0.0,0.0,0.0,2.2222222222222226e-19,2.2222222222222226e-19,0.0,0.0,0.0,2.2222222222222226e-19,0.0,0.0,0.0,0.0,2.2222222222222226e-19,8.88888888888889e-19,8.88888888888889e-19,1.777777777777778e-18,0.0,0.0,0.0,0.0,0.0,0.0,2529.8396526024503,2706.495913514548,2372.1290380110395,3111.487258201848,1300.6798601888913,1979.53738488088,-331.1328675449643,-1893.4449143600966,9389.100000000151,9.389100000000152e+23,0.0,0.0
3.46e-05,156458.0,5.21528,3e+22,1087.56,2939.72,12138.3,3.44924,3.47929,3.50113,0.00560604029,-0.000458271961,0.462442707,0.156960069,0.156154057,0.284488018,-0.00129892778,0.00303321795,-0.000279114956,-318.362813,728.651105,204.673896,-359.285963,2562.75147,-55.5686005,1184.74355,268.608196,5957.89619,69200.0,156458.27265,5.215275755,-30.000000000000004,30000 3000,1e-06,2,0.0 0.0259,0.0 0.0,-1.0 0.0,0.00054857 28.0,80000,1000,5e-10,0.0,0.0 0.0 0.0,1000 1000000 0,0,0.0,0,100,0,,10,,1,,,,1.0,10.0,0.1,False,{},,,False,3,mixed,250,300,True,Ar_Aubin,,False,uniform,Argon-Aubin-Test2/10Td,3.0000000000000005e+21,1.21383e+24,0.0,1.5147155555555555e-13,1.514648888888889e-13,0.0,0.0,0.0,0.0,0.0,0.0,0.0,0.0,0.0,0.0,0.0,0.0,0.0,0.0,0.0,0.0,0.0,0.0,2.2222222222222226e-19,0.0,0.0,2.2222222222222226e-19,0.0,1.777777777777778e-18,1.3333333333333336e-18,3.1111111111111112e-18,0.0,0.0,0.0,0.0,0.0,0.0,2041.3529843352208,-324.4597181777924,2260.4217445487684,2564.098661249191,777.6537659912042,344.6278796219003,33.60355341624176,818.435456722973,8790.61999999986,8.790619999999861e+23,0.0,0.0
3.465e-05,156490.0,5.21634,3e+22,3130.25,55.5581,8894.06,3.47354,3.48228,3.47636,0.00563169086,-0.000470889965,0.462882467,0.15724277,0.15640808,0.285008678,-0.00128217146,0.00298423403,-0.000281105589,1433.27276,259.735796,617.70046,747.904864,3476.87025,-428.357129,193.87701,113.045962,4568.51263,69300.0,156490.251427,5.216341714,-30.000000000000004,30000 3000,1e-06,2,0.0 0.0259,0.0 0.0,-1.0 0.0,0.00054857 28.0,80000,1000,5e-10,0.0,0.0 0.0 0.0,1000 1000000 0,0,0.0,0,100,0,,10,,1,,,,1.0,10.0,0.1,False,{},,,False,3,mixed,250,300,True,Ar_Aubin,,False,uniform,Argon-Aubin-Test2/10Td,3.0000000000000005e+21,8.89406e+23,0.0,1.5117555555555555e-13,1.5117155555555556e-13,0.0,0.0,0.0,0.0,0.0,0.0,0.0,0.0,0.0,0.0,0.0,0.0,0.0,0.0,0.0,0.0,0.0,2.2222222222222226e-19,0.0,0.0,0.0,0.0,2.2222222222222226e-19,1.1111111111111113e-18,8.88888888888889e-19,1.5555555555555556e-18,0.0,0.0,0.0,0.0,0.0,0.0,2824.127457904946,1415.644159685485,2540.1127583107864,3476.8964117517644,1137.3900148176076,451.6081955539803,-1266.448627989733,-687.4489687370417,8795.200000000226,8.795200000000226e+23,0.0,0.0
3.47e-05,156634.0,5.22113,3e+22,-2103.24,2740.98,11166.1,3.48035,3.48862,3.47251,0.0056003698,-0.000510093627,0.463471979,0.157434246,0.156652725,0.285690386,-0.00125439103,0.00299120607,-0.000219817537,1559.88267,1582.134,-1082.67302,-1078.02488,2887.10183,2983.59394,-1128.80453,-1612.49224,4150.35168,69400.0,156633.855145,5.221128505,-30.000000000000004,30000 3000,1e-06,2,0.0 0.0259,0.0 0.0,-1.0 0.0,0.00054857 28.0,80000,1000,5e-10,0.0,0.0 0.0 0.0,1000 1000000 0,0,0.0,0,100,0,,10,,1,,,,1.0,10.0,0.1,False,{},,,False,3,mixed,250,300,True,Ar_Aubin,,False,uniform,Argon-Aubin-Test2/10Td,3.0000000000000005e+21,1.1166100000000002e+24,0.0,1.5142822222222221e-13,1.514237777777778e-13,0.0,0.0,0.0,0.0,0.0,0.0,0.0,0.0,0.0,0.0,0.0,0.0,0.0,0.0,0.0,0.0,0.0,0.0,0.0,0.0,0.0,0.0,1.1111111111111113e-18,1.1111111111111113e-18,8.88888888888889e-19,1.3333333333333336e-18,0.0,0.0,0.0,0.0,0.0,0.0,1918.2780004584067,1571.661591778152,2446.0654185082253,2888.4999864297347,1356.1093782968326,-1024.8227847119006,363.37048640634924,-1299.2190341118203,11790.239999999176,1.1790239999999177e+24,0.0,0.0
3.475e-05,156687.0,5.22291,3e+22,3504.17,1299.38,5538.78,3.46088,3.49558,3.48911,0.00565042385,-0.000519586761,0.464112687,0.15765189,0.156938215,0.286382039,-0.00117647714,0.00299458352,-0.000216507172,1203.57222,-3292.37256,-1880.18051,-378.703422,2759.14141,2314.83982,3379.64706,23.2757155,2036.68759,69500.0,156687.333476,5.222911116,-30.000000000000004,30000 3000,1e-06,2,0.0 0.0259,0.0 0.0,-1.0 0.0,0.00054857 28.0,80000,1000,5e-10,0.0,0.0 0.0 0.0,1000 1000000 0,0,0.0,0,100,0,,10,,1,,,,1.0,10.0,0.1,False,{},,,False,3,mixed,250,300,True,Ar_Aubin,,False,uniform,Argon-Aubin-Test2/10Td,3.0000000000000005e+21,5.5387800000000006e+23,0.0,1.515408888888889e-13,1.5153400000000002e-13,0.0,0.0,0.0,0.0,0.0,0.0,0.0,0.0,0.0,0.0,0.0,0.0,0.0,0.0,0.0,0.0,0.0,0.0,0.0,0.0,2.2222222222222226e-19,0.0,2.2222222222222226e-19,1.777777777777778e-18,1.777777777777778e-18,2.888888888888889e-18,0.0,0.0,0.0,0.0,0.0,0.0,2170.8085221208707,1183.7721742575454,2854.802251061051,2759.8165506455084,973.4208381639853,-533.9304785018599,-468.82942749101704,-158.15965901669324,12814.160000000908,1.2814160000000907e+24,0.0,0.0
3.48e-05,156711.0,5.22368,3e+22,8455.19,791.111,8626.61,3.49417,3.47045,3.48191,0.00582084949,-0.000588405828,0.464604475,0.157908196,0.15713942,0.286875073,-0.0011657871,0.00304715697,-0.000210613862,4553.86221,-772.709483,-1566.71977,199.306976,982.928691,478.041334,4417.99478,1355.16337,3252.54857,69600.0,156710.523122,5.223684104,-30.000000000000004,30000 3000,1e-06,2,0.0 0.0259,0.0 0.0,-1.0 0.0,0.00054857 28.0,80000,1000,5e-10,0.0,0.0 0.0 0.0,1000 1000000 0,0,0.0,0,100,0,,10,,1,,,,1.0,10.0,0.1,False,{},,,False,3,mixed,250,300,True,Ar_Aubin,,False,uniform,Argon-Aubin-Test2/10Td,3.0000000000000005e+21,8.626610000000001e+23,0.0,1.5152466666666665e-13,1.5151955555555556e-13,0.0,0.0,0.0,0.0,0.0,0.0,0.0,0.0,0.0,0.0,0.0,0.0,0.0,0.0,0.0,0.0,0.0,0.0,0.0,0.0,0.0,0.0,2.2222222222222226e-19,1.1111111111111113e-18,2.888888888888889e-18,8.88888888888889e-19,0.0,0.0,0.0,0.0,0.0,0.0,2543.510008994332,4504.645821600647,2011.2874898378652,983.3941853229949,363.0204433432982,-755.4130400797503,-587.7175128616523,-1127.2582993941787,9835.75999999986,9.835759999999862e+23,0.0,0.0
3.485e-05,156731.0,5.22436,3e+22,2259.23,-9895.51,3852.82,3.50824,3.45388,3.48594,0.00587497085,-0.000777759149,0.46505167,0.158128559,0.157348049,0.28734601,-0.00107294648,0.00306918065,-0.000313982503,1597.37103,-1908.22653,-514.218283,1178.20742,2081.82795,-1002.77013,-57.4259987,-4917.23547,3098.19073,69700.0,156730.899183,5.224363306,-30.000000000000004,30000 3000,1e-06,2,0.0 0.0259,0.0 0.0,-1.0 0.0,0.00054857 28.0,80000,1000,5e-10,0.0,0.0 0.0 0.0,1000 1000000 0,0,0.0,0,100,0,,10,,1,,,,1.0,10.0,0.1,False,{},,,False,3,mixed,250,300,True,Ar_Aubin,,False,uniform,Argon-Aubin-Test2/10Td,3.0000000000000005e+21,3.852820000000001e+23,0.0,1.5146777777777778e-13,1.5146333333333336e-13,0.0,0.0,0.0,0.0,0.0,0.0,0.0,0.0,0.0,0.0,0.0,0.0,0.0,0.0,0.0,0.0,0.0,0.0,0.0,0.0,0.0,0.0,2.2222222222222226e-19,1.1111111111111113e-18,1.5555555555555556e-18,1.5555555555555556e-18,0.0,0.0,0.0,0.0,0.0,0.0,2197.30006296881,1584.0981196065545,2083.7031212456172,2074.1316265634787,551.9942023679558,1306.4303547905997,-114.97207276703683,-1644.9381713043972,8943.899999999117,8.943899999999119e+23,0.0,0.0
3.49e-05,156670.0,5.22233,3e+22,-68.2126,-7495.76,4242.86,3.43996,3.48596,3.51831,0.00595366089,-0.000844761787,0.465483392,0.15846047,0.157633659,0.287889215,-0.00103529985,0.0030710112,-0.000333038121,5470.67005,905.241607,-1847.50006,-1676.5213,1454.05637,164.233783,979.620233,-3134.29242,258.932298,69800.0,156669.766095,5.222325536,-30.000000000000004,30000 3000,1e-06,2,0.0 0.0259,0.0 0.0,-1.0 0.0,0.00054857 28.0,80000,1000,5e-10,0.0,0.0 0.0 0.0,1000 1000000 0,0,0.0,0,100,0,,10,,1,,,,1.0,10.0,0.1,False,{},,,False,3,mixed,250,300,True,Ar_Aubin,,False,uniform,Argon-Aubin-Test2/10Td,3.0000000000000005e+21,4.2428599999999995e+23,0.0,1.514131111111111e-13,1.5140755555555556e-13,0.0,0.0,0.0,0.0,0.0,0.0,0.0,0.0,0.0,0.0,0.0,0.0,0.0,0.0,0.0,0.0,0.0,0.0,0.0,0.0,0.0,2.2222222222222226e-19,6.666666666666668e-19,1.5555555555555556e-18,8.88888888888889e-19,2.2222222222222226e-18,0.0,0.0,0.0,0.0,0.0,0.0,3309.8020449523483,5471.076164688825,2855.0128681709143,1447.7242383874768,1414.7254196320014,-1716.04856658112,-746.6942180223928,-861.3885442186063,8634.440000000466,8.634440000000467e+23,0.0,0.0
3.495e-05,156847.0,5.22822,3e+22,27.2459,1954.58,15005.9,3.4982,3.46015,3.49679,0.0059130247,-0.000774485687,0.466144442,0.15878324,0.157933632,0.288508362,-0.00104012414,0.00305114655,-0.000283428921,777.531776,-1118.84493,-280.333099,1467.16796,3899.75654,2300.10524,1790.74241,2410.81164,7715.03267,69900.0,156846.67271,5.228222424,-30.000000000000004,30000 3000,1e-06,2,0.0 0.0259,0.0 0.0,-1.0 0.0,0.00054857 28.0,80000,1000,5e-10,0.0,0.0 0.0 0.0,1000 1000000 0,0,0.0,0,100,0,,10,,1,,,,1.0,10.0,0.1,False,{},,,False,3,mixed,250,300,True,Ar_Aubin,,False,uniform,Argon-Aubin-Test2/10Td,3.0000000000000005e+21,1.50059e+24,0.0,1.515151111111111e-13,1.5151e-13,0.0,0.0,0.0,0.0,0.0,0.0,0.0,0.0,0.0,0.0,0.0,0.0,0.0,0.0,0.0,0.0,0.0,0.0,0.0,0.0,0.0,0.0,0.0,1.3333333333333336e-18,1.1111111111111113e-18,2.666666666666667e-18,0.0,0.0,0.0,0.0,0.0,0.0,3232.5221689030736,777.3706703203263,3000.8679439738617,3901.2703342340965,32.94420334337689,720.1157877921996,-97.15966837555747,1408.9785288019823,13220.999999999927,1.3220999999999929e+24,0.0,0.0
3.5e-05,156823.0,5.22742,3e+22,-1875.38,-3519.66,-1472.02,3.45935,3.50136,3.49403,0.00595068023,-0.000759677379,0.466624671,0.15901627,0.158211912,0.289084173,-0.00105899279,0.00307941765,-0.000221391472,735.84592,-1925.55391,2294.05285,-1840.11794,-230.129068,-769.204433,280.676631,16.8501384,-524.379631,70000.0,156822.587818,5.227419594,-30.000000000000004,30000 3000,1e-06,2,0.0 0.0259,0.0 0.0,-1.0 0.0,0.00054857 28.0,80000,1000,5e-10,0.0,0.0 0.0 0.0,1000 1000000 0,0,0.0,0,100,0,,10,,1,,,,1.0,10.0,0.1,False,{},,,False,3,mixed,250,300,True,Ar_Aubin,,False,uniform,Argon-Aubin-Test2/10Td,3.0000000000000005e+21,1.4720200000000002e+23,0.0,1.5170177777777778e-13,1.5169600000000001e-13,0.0,0.0,0.0,0.0,0.0,0.0,0.0,0.0,0.0,0.0,0.0,0.0,0.0,0.0,0.0,0.0,2.2222222222222226e-19,0.0,0.0,0.0,0.0,0.0,0.0,1.1111111111111113e-18,2.2222222222222226e-18,2.2222222222222226e-18,0.0,0.0,0.0,0.0,0.0,0.0,2325.8326590308575,747.0057066897374,2783.0271835924127,-232.80287408377112,1278.6822163310396,162.50121720541995,157.20989527526208,3458.5875768121446,9604.579999999974,9.604579999999974e+23,0.0,0.0
3.505e-05,156650.0,5.22168,3e+22,-65.7278,-2095.55,7830.46,3.5186,3.51256,3.41182,0.005881897,-0.000781990232,0.467007271,0.159310154,0.158482987,0.289616794,-0.00104555592,0.00307786358,-0.00018829723,657.441048,-296.557006,1714.50926,-18.3869367,1906.6826,-1005.63125,-1578.89742,-722.524927,3726.92951,70100.0,156650.271479,5.221675716,-30.000000000000004,30000 3000,1e-06,2,0.0 0.0259,0.0 0.0,-1.0 0.0,0.00054857 28.0,80000,1000,5e-10,0.0,0.0 0.0 0.0,1000 1000000 0,0,0.0,0,100,0,,10,,1,,,,1.0,10.0,0.1,False,{},,,False,3,mixed,250,300,True,Ar_Aubin,,False,uniform,Argon-Aubin-Test2/10Td,3.0000000000000005e+21,7.830460000000001e+23,0.0,1.5133644444444443e-13,1.5132955555555557e-13,0.0,0.0,0.0,0.0,0.0,0.0,0.0,0.0,0.0,0.0,0.0,0.0,0.0,0.0,0.0,0.0,0.0,2.2222222222222226e-19,0.0,0.0,0.0,0.0,4.444444444444445e-19,1.777777777777778e-18,2.888888888888889e-18,1.5555555555555556e-18,0.0,0.0,0.0,0.0,0.0,0.0,2946.97882881112,657.8276521496366,2710.4060099719663,1905.0439003693325,1754.1341899079966,70.04775472533993,565.829365537342,120.24924132421384,7652.000000000215,7.652000000000216e+23,0.0,0.0
3.51e-05,156540.0,5.21801,3e+22,4421.96,2242.65,8128.89,3.50315,3.49266,3.43968,0.0058185173,-0.00073432508,0.467508043,0.159558961,0.158578035,0.29019067,-0.00108744841,0.0029584382,-0.000229412076,2636.00875,2076.57644,-1071.41785,-9.77784105,2601.34624,-1297.69039,2821.78031,1214.74539,4393.26291,70200.0,156540.178439,5.218005948,-30.000000000000004,30000 3000,1e-06,2,0.0 0.0259,0.0 0.0,-1.0 0.0,0.00054857 28.0,80000,1000,5e-10,0.0,0.0 0.0 0.0,1000 1000000 0,0,0.0,0,100,0,,10,,1,,,,1.0,10.0,0.1,False,{},,,False,3,mixed,250,300,True,Ar_Aubin,,False,uniform,Argon-Aubin-Test2/10Td,3.0000000000000005e+21,8.12889e+23,0.0,1.5123133333333332e-13,1.5122355555555557e-13,0.0,0.0,0.0,0.0,0.0,0.0,0.0,0.0,0.0,0.0,0.0,0.0,0.0,0.0,0.0,0.0,0.0,0.0,0.0,0.0,0.0,2.2222222222222226e-19,2.2222222222222226e-19,2.2222222222222226e-18,2.666666666666667e-18,2.4444444444444447e-18,0.0,0.0,0.0,0.0,0.0,0.0,2495.4856874820352,2610.279499240092,951.2027539984591,2602.993074140662,1058.9689717757644,592.9414543377302,-1854.806996231138,-364.2374929190769,10015.439999999653,1.0015439999999654e+24,0.0,0.0
3.515e-05,156517.0,5.21724,3e+22,-14149.9,-2450.16,11736.6,3.46177,3.47182,3.49893,0.00577071487,-0.000677741354,0.467991247,0.159833777,0.158751519,0.290707517,-0.0010226631,0.0028925007,-0.00025478377,1269.68399,777.591541,-862.191781,452.984507,639.071339,-768.656479,-7882.46509,-1990.90794,6509.46584,70300.0,156517.09914,5.217236638,-30.000000000000004,30000 3000,1e-06,2,0.0 0.0259,0.0 0.0,-1.0 0.0,0.00054857 28.0,80000,1000,5e-10,0.0,0.0 0.0 0.0,1000 1000000 0,0,0.0,0,100,0,,10,,1,,,,1.0,10.0,0.1,False,{},,,False,3,mixed,250,300,True,Ar_Aubin,,False,uniform,Argon-Aubin-Test2/10Td,3.0000000000000005e+21,1.1736600000000001e+24,0.0,1.5130622222222222e-13,1.5130044444444445e-13,0.0,0.0,0.0,0.0,0.0,0.0,0.0,0.0,0.0,0.0,0.0,0.0,0.0,0.0,0.0,0.0,0.0,2.2222222222222226e-19,0.0,0.0,0.0,0.0,0.0,1.5555555555555556e-18,2e-18,2e-18,0.0,0.0,0.0,0.0,0.0,0.0,2753.6999345958993,1351.3390283390129,1735.6389998018917,637.4107642440833,648.1000107488866,1016.8397704598001,-927.5582401619808,-2190.356097217941,9664.080000000296,9.664080000000297e+23,0.0,0.0
3.52e-05,156470.0,5.21567,3e+22,2157.55,-5257.91,7128.64,3.51243,3.45959,3.45885,0.00578423427,-0.000686291604,0.468480564,0.159971674,0.158849285,0.291318602,-0.00101046752,0.00285885235,-0.000269867274,3747.60527,-2042.30014,1507.72331,-1227.39658,-1023.54485,441.806037,1643.52348,-3109.92872,4162.13782,70400.0,156470.013858,5.215667129,-30.000000000000004,30000 3000,1e-06,2,0.0 0.0259,0.0 0.0,-1.0 0.0,0.00054857 28.0,80000,1000,5e-10,0.0,0.0 0.0 0.0,1000 1000000 0,0,0.0,0,100,0,,10,,1,,,,1.0,10.0,0.1,False,{},,,False,3,mixed,250,300,True,Ar_Aubin,,False,uniform,Argon-Aubin-Test2/10Td,3.0000000000000005e+21,7.128640000000002e+23,0.0,1.5114844444444443e-13,1.5114200000000002e-13,0.0,0.0,0.0,0.0,0.0,0.0,0.0,0.0,0.0,0.0,0.0,0.0,0.0,0.0,0.0,0.0,0.0,0.0,0.0,0.0,0.0,0.0,2.2222222222222226e-19,1.777777777777778e-18,2.4444444444444447e-18,2e-18,0.0,0.0,0.0,0.0,0.0,0.0,1377.40784020568,3735.1254953507614,977.5433717720828,-1027.1533094875876,1528.53422856869,822.50853224704,-856.1127004997043,2099.2428253553076,9786.339999999784,9.786339999999784e+23,0.0,0.0
3.525e-05,156439.0,5.21465,3e+22,4821.62,-8202.47,13147.5,3.46456,3.46688,3.49636,0.00578310105,-0.000767165266,0.468936344,0.16004239,0.159043871,0.291874055,-0.000964081232,0.0029072198,-0.000297865471,2331.85873,1513.42677,-3354.14819,-129.292894,606.451049,3214.64885,1884.98903,-4107.81149,7806.06573,70500.0,156439.425477,5.214647516,-30.000000000000004,30000 3000,1e-06,2,0.0 0.0259,0.0 0.0,-1.0 0.0,0.00054857 28.0,80000,1000,5e-10,0.0,0.0 0.0 0.0,1000 1000000 0,0,0.0,0,100,0,,10,,1,,,,1.0,10.0,0.1,False,{},,,False,3,mixed,250,300,True,Ar_Aubin,,False,uniform,Argon-Aubin-Test2/10Td,3.0000000000000005e+21,1.31475e+24,0.0,1.5110933333333333e-13,1.511037777777778e-13,0.0,0.0,0.0,0.0,0.0,0.0,0.0,0.0,0.0,0.0,0.0,0.0,0.0,0.0,0.0,0.0,0.0,0.0,0.0,0.0,0.0,0.0,2.2222222222222226e-19,1.5555555555555556e-18,2e-18,1.777777777777778e-18,0.0,0.0,0.0,0.0,0.0,0.0,707.2910833574864,2303.9748143152988,1944.6845362033894,600.158398920593,1281.9712167178034,1640.72514726,925.2503949633284,-3806.225336012155,9115.600000000335,9.115600000000336e+23,0.0,0.0
3.53e-05,156470.0,5.21566,3e+22,1974.68,-777.789,7505.01,3.48818,3.47063,3.47216,0.00586765584,-0.00065193742,0.469464995,0.160309407,0.15937543,0.292484329,-0.000896577283,0.00293854155,-0.000268525822,4854.22897,3214.96807,1136.46143,-977.067012,-203.320011,133.769673,244.085,-105.794095,4799.44376,70600.0,156469.655938,5.215655198,-30.000000000000004,30000 3000,1e-06,2,0.0 0.0259,0.0 0.0,-1.0 0.0,0.00054857 28.0,80000,1000,5e-10,0.0,0.0 0.0 0.0,1000 1000000 0,0,0.0,0,100,0,,10,,1,,,,1.0,10.0,0.1,False,{},,,False,3,mixed,250,300,True,Ar_Aubin,,False,uniform,Argon-Aubin-Test2/10Td,3.0000000000000005e+21,7.50501e+23,0.0,1.5106422222222222e-13,1.5105866666666667e-13,0.0,0.0,0.0,0.0,0.0,0.0,0.0,0.0,0.0,0.0,0.0,0.0,0.0,0.0,0.0,0.0,0.0,0.0,0.0,4.444444444444445e-19,0.0,2.2222222222222226e-19,0.0,1.3333333333333336e-18,1.3333333333333336e-18,2.2222222222222226e-18,0.0,0.0,0.0,0.0,0.0,0.0,2660.3187269780283,4842.642227365869,3317.2252014576634,-203.82708075396437,1141.871937362926,1276.1042778750502,-228.62012435518125,409.46647791764167,10573.019999999822,1.0573019999999824e+24,0.0,0.0
3.535e-05,156533.0,5.21776,3e+22,301.012,5772.8,10107.2,3.43434,3.51944,3.48096,0.00588211185,-0.000643418665,0.469911965,0.160594037,0.159528338,0.293006527,-0.000905429993,0.002945514,-0.000245043371,1046.4192,38.4198265,-667.582213,2393.50659,1786.68742,-2450.54644,-1313.00987,1870.72429,5409.3369,70700.0,156532.766239,5.217758875,-30.000000000000004,30000 3000,1e-06,2,0.0 0.0259,0.0 0.0,-1.0 0.0,0.00054857 28.0,80000,1000,5e-10,0.0,0.0 0.0 0.0,1000 1000000 0,0,0.0,0,100,0,,10,,1,,,,1.0,10.0,0.1,False,{},,,False,3,mixed,250,300,True,Ar_Aubin,,False,uniform,Argon-Aubin-Test2/10Td,3.0000000000000005e+21,1.01072e+24,0.0,1.5113133333333333e-13,1.511277777777778e-13,0.0,0.0,0.0,0.0,0.0,0.0,0.0,0.0,0.0,0.0,0.0,0.0,0.0,0.0,0.0,0.0,0.0,0.0,0.0,0.0,0.0,0.0,2.2222222222222226e-19,1.1111111111111113e-18,1.5555555555555556e-18,6.666666666666668e-19,0.0,0.0,0.0,0.0,0.0,0.0,2844.60145240778,1044.6486137478078,1529.1903482111957,1790.401747269312,1023.2468018883667,659.8426873520002,-48.86536391928223,-2181.4929042989,8939.39999999982,8.93939999999982e+23,0.0,0.0
3.54e-05,156483.0,5.21609,3e+22,-2056.31,-4532.51,7458.14,3.46003,3.45934,3.51235,0.00587549544,-0.000634725623,0.470485594,0.160745539,0.159799007,0.293597058,-0.000943358295,0.00293839684,-0.000281143522,3459.60617,-1514.70488,-502.013769,1227.75171,4260.96622,383.360058,-1460.89403,-2310.91761,3966.14814,70800.0,156482.652354,5.216088412,-30.000000000000004,30000 3000,1e-06,2,0.0 0.0259,0.0 0.0,-1.0 0.0,0.00054857 28.0,80000,1000,5e-10,0.0,0.0 0.0 0.0,1000 1000000 0,0,0.0,0,100,0,,10,,1,,,,1.0,10.0,0.1,False,{},,,False,3,mixed,250,300,True,Ar_Aubin,,False,uniform,Argon-Aubin-Test2/10Td,3.0000000000000005e+21,7.45814e+23,0.0,1.5149377777777776e-13,1.514857777777778e-13,0.0,0.0,0.0,0.0,0.0,0.0,0.0,0.0,0.0,0.0,0.0,0.0,0.0,0.0,0.0,0.0,0.0,0.0,0.0,0.0,0.0,0.0,2.2222222222222226e-19,1.5555555555555556e-18,3.3333333333333337e-18,2.888888888888889e-18,0.0,0.0,0.0,0.0,0.0,0.0,1515.7979315044702,3471.6880100282265,2706.8011096198497,4258.089319766496,510.91688628379654,457.2007119648397,-147.56768698813255,-1039.2638347627417,11472.580000000398,1.14725800000004e+24,0.0,0.0
3.545e-05,156313.0,5.21043,3e+22,-2784.99,2349.45,6123.44,3.49623,3.45672,3.46762,0.00580502503,-0.00064121358,0.470831221,0.161025255,0.16004885,0.293970192,-0.000899577233,0.00288130758,-0.000316410292,2592.34221,259.307966,67.6052611,-1388.57181,766.03258,-1993.07769,819.298633,1958.58667,3164.54702,70900.0,156312.909972,5.210430332,-30.000000000000004,30000 3000,1e-06,2,0.0 0.0259,0.0 0.0,-1.0 0.0,0.00054857 28.0,80000,1000,5e-10,0.0,0.0 0.0 0.0,1000 1000000 0,0,0.0,0,100,0,,10,,1,,,,1.0,10.0,0.1,False,{},,,False,3,mixed,250,300,True,Ar_Aubin,,False,uniform,Argon-Aubin-Test2/10Td,3.0000000000000005e+21,6.12344e+23,0.0,1.5112355555555555e-13,1.5111711111111113e-13,0.0,0.0,0.0,0.0,0.0,0.0,0.0,0.0,0.0,0.0,0.0,0.0,0.0,0.0,0.0,0.0,0.0,0.0,0.0,0.0,0.0,0.0,0.0,2e-18,2e-18,2.4444444444444447e-18,0.0,0.0,0.0,0.0,0.0,0.0,2805.3913106654286,2608.5091466582994,2498.34721761294,767.5390792455311,477.89493181960023,281.4402880797602,-518.8064135554054,2162.6174138030865,6912.5400000003,6.912540000000301e+23,0.0,0.0
3.55e-05,156292.0,5.20972,3e+22,-7403.84,-4906.35,10682.8,3.49884,3.45227,3.46723,0.0057510351,-0.000649414115,0.471228237,0.161210982,0.160203279,0.294387318,-0.000946754301,0.00282829963,-0.000304607949,1758.92632,-2802.43428,1116.91576,-274.836667,1186.29893,2952.07594,-3682.32738,-1406.24704,7337.63605,71000.0,156291.518579,5.209717286,-30.000000000000004,30000 3000,1e-06,2,0.0 0.0259,0.0 0.0,-1.0 0.0,0.00054857 28.0,80000,1000,5e-10,0.0,0.0 0.0 0.0,1000 1000000 0,0,0.0,0,100,0,,10,,1,,,,1.0,10.0,0.1,False,{},,,False,3,mixed,250,300,True,Ar_Aubin,,False,uniform,Argon-Aubin-Test2/10Td,3.0000000000000005e+21,1.06828e+24,0.0,1.5070555555555555e-13,1.5070111111111113e-13,0.0,0.0,0.0,0.0,0.0,0.0,0.0,0.0,0.0,0.0,0.0,0.0,0.0,0.0,0.0,0.0,0.0,0.0,0.0,0.0,0.0,0.0,0.0,8.88888888888889e-19,6.666666666666668e-19,2.888888888888889e-18,0.0,0.0,0.0,0.0,0.0,0.0,1863.5091087748635,1801.506063714784,1544.1841616242737,1183.1126770568696,431.13322222704255,2303.599039776401,-597.4211657531429,862.0496924638,7940.319999999446,7.940319999999447e+23,0.0,0.0
3.555e-05,156213.0,5.20711,3e+22,-5514.48,-1034.76,15923.2,3.48526,3.46145,3.4659,0.00571654049,-0.000556095097,0.471766405,0.161392115,0.160396124,0.295040635,-0.000959162018,0.00279676213,-0.000197789856,1741.70015,29.2385036,-2315.19171,-2687.44138,2310.11208,534.622912,-4136.99169,-503.172194,8260.67626,71100.0,156213.411519,5.207113717,-30.000000000000004,30000 3000,1e-06,2,0.0 0.0259,0.0 0.0,-1.0 0.0,0.00054857 28.0,80000,1000,5e-10,0.0,0.0 0.0 0.0,1000 1000000 0,0,0.0,0,100,0,,10,,1,,,,1.0,10.0,0.1,False,{},,,False,3,mixed,250,300,True,Ar_Aubin,,False,uniform,Argon-Aubin-Test2/10Td,3.0000000000000005e+21,1.5923200000000003e+24,0.0,1.509128888888889e-13,1.5090511111111113e-13,0.0,0.0,0.0,0.0,0.0,0.0,0.0,0.0,0.0,0.0,0.0,0.0,0.0,0.0,0.0,0.0,0.0,0.0,0.0,0.0,0.0,0.0,6.666666666666668e-19,1.777777777777778e-18,2.666666666666667e-18,2.666666666666667e-18,0.0,0.0,0.0,0.0,0.0,0.0,1815.285695476454,1773.223898201295,1929.5749693587495,2309.5366550374283,1458.2745950411647,748.6454399039994,-367.18249812239293,-3941.6626124859686,10763.360000000112,1.0763360000000112e+24,0.0,0.0
3.56e-05,156242.0,5.20805,3e+22,-122.25,4851.39,11258.0,3.48315,3.45287,3.47923,0.00567939183,-0.000645560948,0.472251091,0.161562396,0.160602171,0.295677214,-0.000920361176,0.00276700683,-0.000236957916,2326.89897,930.900966,-4146.58684,372.584226,-1368.59117,706.620804,-1445.00515,2239.29892,7178.04193,71200.0,156241.537913,5.208051264,-30.000000000000004,30000 3000,1e-06,2,0.0 0.0259,0.0 0.0,-1.0 0.0,0.00054857 28.0,80000,1000,5e-10,0.0,0.0 0.0 0.0,1000 1000000 0,0,0.0,0,100,0,,10,,1,,,,1.0,10.0,0.1,False,{},,,False,3,mixed,250,300,True,Ar_Aubin,,False,uniform,Argon-Aubin-Test2/10Td,3.0000000000000005e+21,1.1258e+24,0.0,1.5071333333333334e-13,1.5070844444444446e-13,0.0,0.0,0.0,0.0,0.0,0.0,0.0,0.0,0.0,0.0,0.0,0.0,0.0,0.0,0.0,0.0,0.0,0.0,0.0,2.2222222222222226e-19,0.0,0.0,4.444444444444445e-19,6.666666666666668e-19,2e-18,1.5555555555555556e-18,0.0,0.0,0.0,0.0,0.0,0.0,1707.043436151301,2327.5932756512175,2059.3949281930145,-1365.4593020724822,1790.2693593377373,1861.439147522,-299.65063859496536,-5597.79788734739,9693.72000000024,9.69372000000024e+23,0.0,0.0
3.565e-05,156181.0,5.20603,3e+22,-2081.66,-372.961,3664.38,3.47652,3.50512,3.43032,0.00568035821,-0.000743410277,0.472716137,0.161699521,0.160751854,0.29628725,-0.000956582849,0.00274001727,-0.000278142023,-88.919112,-1290.41705,-3230.84982,2196.1517,963.71,-2175.34074,-1522.88402,-2041.36435,3779.48133,71300.0,156180.857085,5.206028569,-30.000000000000004,30000 3000,1e-06,2,0.0 0.0259,0.0 0.0,-1.0 0.0,0.00054857 28.0,80000,1000,5e-10,0.0,0.0 0.0 0.0,1000 1000000 0,0,0.0,0,100,0,,10,,1,,,,1.0,10.0,0.1,False,{},,,False,3,mixed,250,300,True,Ar_Aubin,,False,uniform,Argon-Aubin-Test2/10Td,3.0000000000000005e+21,3.6643800000000004e+23,0.0,1.5108133333333332e-13,1.5107511111111112e-13,0.0,0.0,0.0,0.0,0.0,0.0,0.0,0.0,0.0,0.0,0.0,0.0,2.2222222222222226e-19,0.0,0.0,0.0,0.0,2.2222222222222226e-19,0.0,0.0,0.0,2.2222222222222226e-19,4.444444444444445e-19,6.666666666666668e-19,2e-18,2.4444444444444447e-18,0.0,0.0,0.0,0.0,0.0,0.0,1371.1402216476376,-77.0945375285714,1495.4709009765145,963.4327369596798,1705.8277048750958,2047.26977189994,-601.7512374689553,-3790.51455727014,9300.91999999938,9.300919999999381e+23,0.0,0.0
3.57e-05,156164.0,5.20547,3e+22,-13144.0,-1092.94,9009.92,3.45197,3.48444,3.47307,0.00559247495,-0.000852814235,0.473189208,0.161972783,0.161002394,0.296833835,-0.000966409915,0.00264021473,-0.000351391683,1854.5571,1399.54187,972.944148,-3797.51171,3121.51556,-2586.33227,-6210.81383,-136.683633,3691.45871,71400.0,156164.102447,5.205470082,-30.000000000000004,30000 3000,1e-06,2,0.0 0.0259,0.0 0.0,-1.0 0.0,0.00054857 28.0,80000,1000,5e-10,0.0,0.0 0.0 0.0,1000 1000000 0,0,0.0,0,100,0,,10,,1,,,,1.0,10.0,0.1,False,{},,,False,3,mixed,250,300,True,Ar_Aubin,,False,uniform,Argon-Aubin-Test2/10Td,3.0000000000000005e+21,9.00992e+23,0.0,1.5084577777777778e-13,1.5084022222222223e-13,0.0,0.0,0.0,0.0,0.0,0.0,0.0,0.0,0.0,0.0,0.0,0.0,0.0,0.0,0.0,0.0,0.0,0.0,0.0,0.0,2.2222222222222226e-19,0.0,2.2222222222222226e-19,1.3333333333333336e-18,1.777777777777778e-18,2e-18,0.0,0.0,0.0,0.0,0.0,0.0,2742.5269332753687,1928.0645907428,2503.6536672051748,3120.583485209999,991.0461253551107,-571.9381989433596,-1218.086850858103,931.3415160504946,9461.419999999833,9.461419999999833e+23,0.0,0.0
3.575e-05,156176.0,5.20588,3e+22,12020.4,-1683.69,1614.85,3.45052,3.49386,3.46653,0.00547589201,-0.000909319716,0.473665966,0.162217608,0.161190182,0.297402848,-0.000892805099,0.00255425819,-0.000401364164,-1322.46615,-683.452593,-1842.96598,-2939.12711,1380.10599,-2258.08276,6047.56073,-1219.75697,1237.53147,71500.0,156176.401268,5.205880042,-30.000000000000004,30000 3000,1e-06,2,0.0 0.0259,0.0 0.0,-1.0 0.0,0.00054857 28.0,80000,1000,5e-10,0.0,0.0 0.0 0.0,1000 1000000 0,0,0.0,0,100,0,,10,,1,,,,1.0,10.0,0.1,False,{},,,False,3,mixed,250,300,True,Ar_Aubin,,False,uniform,Argon-Aubin-Test2/10Td,3.0000000000000005e+21,1.61485e+23,0.0,1.5071644444444443e-13,1.5071133333333334e-13,0.0,0.0,0.0,0.0,0.0,0.0,0.0,0.0,0.0,0.0,0.0,0.0,0.0,0.0,0.0,0.0,0.0,0.0,0.0,0.0,0.0,0.0,2.2222222222222226e-19,1.5555555555555556e-18,1.1111111111111113e-18,2.2222222222222226e-18,0.0,0.0,0.0,0.0,0.0,0.0,2461.153827612028,-1388.2885623170039,1876.8842977351376,1378.574977487368,1175.9222095408807,472.63198480489996,-668.028525559845,-1497.902371918748,9535.160000000431,9.535160000000431e+23,0.0,0.0
3.58e-05,156112.0,5.20373,3e+22,-1359.93,-4179.12,14528.8,3.46653,3.4622,3.47741,0.00550354745,-0.00101837372,0.474191316,0.162428415,0.161352286,0.298029766,-0.000864670466,0.00248872854,-0.000467036311,1450.57632,-1479.322,-83.8593595,2385.72344,2280.11343,-38.4602224,-356.173395,-3485.07246,9279.99767,71600.0,156111.874857,5.203729162,-30.000000000000004,30000 3000,1e-06,2,0.0 0.0259,0.0 0.0,-1.0 0.0,0.00054857 28.0,80000,1000,5e-10,0.0,0.0 0.0 0.0,1000 1000000 0,0,0.0,0,100,0,,10,,1,,,,1.0,10.0,0.1,False,{},,,False,3,mixed,250,300,True,Ar_Aubin,,False,uniform,Argon-Aubin-Test2/10Td,3.0000000000000005e+21,1.45288e+24,0.0,1.5068533333333333e-13,1.5067800000000003e-13,0.0,0.0,0.0,0.0,0.0,0.0,0.0,0.0,0.0,0.0,0.0,0.0,0.0,0.0,0.0,0.0,0.0,0.0,0.0,2.2222222222222226e-19,0.0,0.0,0.0,2.2222222222222226e-18,2e-18,2.888888888888889e-18,0.0,0.0,0.0,0.0,0.0,0.0,2105.0335877076386,1458.0607592836784,1618.9377731234968,2275.8575240192736,1289.6117690128217,2390.566878099201,-1630.4075871122463,124.87430167631999,10506.9999999996,1.05069999999996e+24,0.0,0.0
3.585e-05,156143.0,5.20478,3e+22,-4250.84,7506.71,18573.5,3.47928,3.4594,3.46851,0.00545255415,-0.00094190442,0.474731753,0.162636255,0.161523213,0.298700503,-0.000895932278,0.00249554418,-0.000463232107,1462.26312,-3092.64305,-429.471727,-2341.89305,-1717.95499,-1169.54195,-3582.44214,4495.4218,11723.8571,71700.0,156143.496449,5.204783215,-30.000000000000004,30000 3000,1e-06,2,0.0 0.0259,0.0 0.0,-1.0 0.0,0.00054857 28.0,80000,1000,5e-10,0.0,0.0 0.0 0.0,1000 1000000 0,0,0.0,0,100,0,,10,,1,,,,1.0,10.0,0.1,False,{},,,False,3,mixed,250,300,True,Ar_Aubin,,False,uniform,Argon-Aubin-Test2/10Td,3.0000000000000005e+21,1.85735e+24,0.0,1.5055777777777778e-13,1.5055200000000002e-13,0.0,0.0,0.0,0.0,0.0,0.0,0.0,0.0,0.0,0.0,0.0,0.0,0.0,0.0,0.0,0.0,2.2222222222222226e-19,0.0,0.0,0.0,2.2222222222222226e-19,0.0,2.2222222222222226e-19,1.5555555555555556e-18,1.5555555555555556e-18,2e-18,0.0,0.0,0.0,0.0,0.0,0.0,2083.986877757238,1485.441055282986,1710.769010971336,-1710.8843866713416,1579.0386335889918,2906.4268856545004,560.9891605403827,-2095.178156582506,10808.740000000094,1.0808740000000094e+24,0.0,0.0
3.59e-05,156096.0,5.20318,3e+22,3014.19,-3136.96,8971.68,3.4698,3.47545,3.46055,0.00538472948,-0.000951250283,0.475194408,0.16286029,0.161710771,0.299202273,-0.000912269016,0.00243833501,-0.000447610785,276.605962,1116.2276,193.248495,2938.06106,801.455913,490.413462,1964.14425,-1653.35467,4286.15881,71800.0,156095.54633,5.203184878,-30.000000000000004,30000 3000,1e-06,2,0.0 0.0259,0.0 0.0,-1.0 0.0,0.00054857 28.0,80000,1000,5e-10,0.0,0.0 0.0 0.0,1000 1000000 0,0,0.0,0,100,0,,10,,1,,,,1.0,10.0,0.1,False,{},,,False,3,mixed,250,300,True,Ar_Aubin,,False,uniform,Argon-Aubin-Test2/10Td,3.0000000000000005e+21,8.971680000000001e+23,0.0,1.5096155555555556e-13,1.5095555555555558e-13,0.0,0.0,0.0,0.0,0.0,0.0,0.0,0.0,0.0,0.0,0.0,0.0,0.0,0.0,0.0,0.0,0.0,0.0,0.0,0.0,0.0,0.0,6.666666666666668e-19,2.2222222222222226e-18,1.3333333333333336e-18,1.777777777777778e-18,0.0,0.0,0.0,0.0,0.0,0.0,2247.70035185895,260.37536424867875,1875.4030683551528,798.4718789122403,622.8191198251465,22.866643634559296,-550.0383506364549,676.7564425693536,9253.10000000068,9.25310000000068e+23,0.0,0.0
3.595e-05,156175.0,5.20583,3e+22,-7280.32,3066.03,6079.07,3.4711,3.44951,3.49049,0.00521828041,-0.0010201097,0.475737682,0.163047646,0.161853339,0.299864744,-0.000986467426,0.00237685085,-0.000481205592,2021.22945,1398.2765,1649.06085,-1165.21252,-65.4303501,-403.059182,-4932.20853,217.878447,4187.62286,71900.0,156174.92391,5.205830797,-30.000000000000004,30000 3000,1e-06,2,0.0 0.0259,0.0 0.0,-1.0 0.0,0.00054857 28.0,80000,1000,5e-10,0.0,0.0 0.0 0.0,1000 1000000 0,0,0.0,0,100,0,,10,,1,,,,1.0,10.0,0.1,False,{},,,False,3,mixed,250,300,True,Ar_Aubin,,False,uniform,Argon-Aubin-Test2/10Td,3.0000000000000005e+21,6.079069999999999e+23,0.0,1.5113066666666666e-13,1.5112577777777778e-13,0.0,0.0,0.0,0.0,0.0,0.0,0.0,0.0,0.0,0.0,0.0,0.0,0.0,0.0,0.0,0.0,0.0,0.0,0.0,0.0,0.0,2.2222222222222226e-19,2.2222222222222226e-19,8.88888888888889e-19,2e-18,1.5555555555555556e-18,0.0,0.0,0.0,0.0,0.0,0.0,1891.208611353723,2059.220201234531,1424.3225330087816,-62.302663156509,1458.5431973734853,1295.5801894842607,295.5310241867671,148.65258912622085,10865.47999999965,1.0865479999999652e+24,0.0,0.0
3.6e-05,156171.0,5.20571,3e+22,-9530.43,-2541.65,13787.7,3.44962,3.50369,3.45648,0.00515244579,-0.00104744872,0.476217947,0.163263357,0.1621703,0.300514008,-0.000999539156,0.00233609594,-0.000544226095,1734.58168,-685.229881,3117.20164,2167.23474,-593.580012,1656.09461,-5870.28464,-1888.19637,8147.67443,72000.0,156171.413059,5.205713769,-30.000000000000004,30000 3000,1e-06,2,0.0 0.0259,0.0 0.0,-1.0 0.0,0.00054857 28.0,80000,1000,5e-10,0.0,0.0 0.0 0.0,1000 1000000 0,0,0.0,0,100,0,,10,,1,,,,1.0,10.0,0.1,False,{},,,False,3,mixed,250,300,True,Ar_Aubin,,False,uniform,Argon-Aubin-Test2/10Td,3.0000000000000005e+21,1.3787700000000002e+24,0.0,1.507691111111111e-13,1.507637777777778e-13,0.0,0.0,0.0,0.0,0.0,0.0,0.0,0.0,0.0,0.0,0.0,0.0,0.0,0.0,0.0,0.0,0.0,4.444444444444445e-19,0.0,0.0,0.0,0.0,6.666666666666668e-19,1.3333333333333336e-18,1.1111111111111113e-18,1.777777777777778e-18,0.0,0.0,0.0,0.0,0.0,0.0,2163.9375281851117,1783.6867039303897,3169.044749790073,-596.2422600391881,1920.7302983831332,1581.7242421480996,-238.1887972636651,1714.4384318084271,9605.299999999595,9.605299999999597e+23,0.0,0.0
3.605e-05,156215.0,5.20717,3e+22,-6962.79,7738.0,11487.5,3.49183,3.46939,3.45174,0.00506161624,-0.00100117516,0.476732261,0.163475212,0.162446999,0.30110038,-0.000969029495,0.00230939411,-0.000471312491,5094.68942,-912.417166,-815.855911,-426.339495,4665.41608,-984.153578,-6030.81919,2787.3272,8481.30943,72100.0,156214.978584,5.207165953,-30.000000000000004,30000 3000,1e-06,2,0.0 0.0259,0.0 0.0,-1.0 0.0,0.00054857 28.0,80000,1000,5e-10,0.0,0.0 0.0 0.0,1000 1000000 0,0,0.0,0,100,0,,10,,1,,,,1.0,10.0,0.1,False,{},,,False,3,mixed,250,300,True,Ar_Aubin,,False,uniform,Argon-Aubin-Test2/10Td,3.0000000000000005e+21,1.14875e+24,0.0,1.5080644444444444e-13,1.5080133333333334e-13,0.0,0.0,0.0,0.0,0.0,0.0,0.0,0.0,0.0,0.0,0.0,0.0,0.0,0.0,0.0,0.0,0.0,0.0,0.0,0.0,0.0,0.0,2.2222222222222226e-19,1.5555555555555556e-18,1.1111111111111113e-18,2.2222222222222226e-18,0.0,0.0,0.0,0.0,0.0,0.0,2127.8273865787955,5129.932390939709,2767.9379712003406,4673.16317338808,962.5636672266902,3004.8475817624994,278.99143466149184,-3585.43379798881,10286.280000000315,1.0286280000000316e+24,0.0,0.0
3.61e-05,156303.0,5.2101,3e+22,-3602.28,-7426.56,5436.38,3.50308,3.50938,3.40719,0.0050014254,-0.000962960805,0.477320819,0.163717214,0.162697891,0.301760997,-0.00104709967,0.00231575616,-0.000477690145,662.918674,745.909701,1351.62284,1117.35801,4108.46456,608.453527,-1458.84784,-3388.2791,4105.2109,72200.0,156303.124698,5.210104157,-30.000000000000004,30000 3000,1e-06,2,0.0 0.0259,0.0 0.0,-1.0 0.0,0.00054857 28.0,80000,1000,5e-10,0.0,0.0 0.0 0.0,1000 1000000 0,0,0.0,0,100,0,,10,,1,,,,1.0,10.0,0.1,False,{},,,False,3,mixed,250,300,True,Ar_Aubin,,False,uniform,Argon-Aubin-Test2/10Td,3.0000000000000005e+21,5.4363800000000006e+23,0.0,1.5112644444444443e-13,1.511208888888889e-13,0.0,0.0,0.0,0.0,0.0,0.0,0.0,0.0,0.0,0.0,0.0,0.0,0.0,0.0,0.0,0.0,0.0,0.0,0.0,0.0,0.0,0.0,2.2222222222222226e-19,1.1111111111111113e-18,2.4444444444444447e-18,1.777777777777778e-18,0.0,0.0,0.0,0.0,0.0,0.0,2426.077029292484,680.935208689912,2509.670581890278,4101.31307380402,991.0142734131933,1510.3135460047802,642.2667262823145,1585.028590851268,11771.160000000336,1.1771160000000337e+24,0.0,0.0
3.615e-05,156277.0,5.20922,3e+22,-605.418,-2394.6,8559.41,3.46808,3.47119,3.47873,0.00493413106,-0.000820099095,0.477863783,0.164046184,0.162848784,0.302308231,-0.00105780093,0.00231834407,-0.000387775348,-161.075577,347.089985,456.280728,-2798.57097,1079.68231,-306.936176,951.269083,-1202.02651,3818.56018,72300.0,156276.737049,5.209224568,-30.000000000000004,30000 3000,1e-06,2,0.0 0.0259,0.0 0.0,-1.0 0.0,0.00054857 28.0,80000,1000,5e-10,0.0,0.0 0.0 0.0,1000 1000000 0,0,0.0,0,100,0,,10,,1,,,,1.0,10.0,0.1,False,{},,,False,3,mixed,250,300,True,Ar_Aubin,,False,uniform,Argon-Aubin-Test2/10Td,3.0000000000000005e+21,8.55941e+23,0.0,1.50938e-13,1.5093111111111112e-13,0.0,0.0,0.0,0.0,0.0,0.0,0.0,0.0,0.0,0.0,0.0,0.0,0.0,0.0,0.0,0.0,0.0,0.0,0.0,0.0,0.0,0.0,0.0,8.88888888888889e-19,3.3333333333333337e-18,2.666666666666667e-18,0.0,0.0,0.0,0.0,0.0,0.0,3296.3860671453294,-158.08836524191693,1511.4773098634516,1077.718500707113,286.03147759709293,-271.67186284802983,640.596878920055,1654.6238960400194,10859.279999999582,1.0859279999999583e+24,0.0,0.0
3.62e-05,156438.0,5.21461,3e+22,1907.25,-1881.73,6962.51,3.47358,3.43537,3.51995,0.00490134658,-0.000798653866,0.478509073,0.164199436,0.162955217,0.303054672,-0.00102192579,0.00232162881,-0.000375338624,-784.211491,769.357521,-3525.6877,-2374.133,-2336.41657,505.186877,222.078899,-566.538099,2787.91756,72400.0,156438.30532,5.214610177,-30.000000000000004,30000 3000,1e-06,2,0.0 0.0259,0.0 0.0,-1.0 0.0,0.00054857 28.0,80000,1000,5e-10,0.0,0.0 0.0 0.0,1000 1000000 0,0,0.0,0,100,0,,10,,1,,,,1.0,10.0,0.1,False,{},,,False,3,mixed,250,300,True,Ar_Aubin,,False,uniform,Argon-Aubin-Test2/10Td,3.0000000000000005e+21,6.962510000000001e+23,0.0,1.512691111111111e-13,1.5126400000000002e-13,0.0,0.0,0.0,0.0,0.0,0.0,0.0,0.0,0.0,0.0,0.0,0.0,0.0,0.0,0.0,0.0,0.0,0.0,0.0,0.0,0.0,0.0,2.2222222222222226e-19,1.5555555555555556e-18,2e-18,1.3333333333333336e-18,0.0,0.0,0.0,0.0,0.0,0.0,1535.7445101996104,-793.559584264705,1064.6771452796356,-2337.919420939268,1293.0315975179242,-543.7066458532304,315.7693140375811,-4250.3709050559655,12905.800000000412,1.2905800000000413e+24,0.0,0.0
3.625e-05,156400.0,5.21334,3e+22,-1337.06,-2190.1,10647.9,3.41655,3.50386,3.50559,0.00479062721,-0.000742256586,0.47904766,0.164352777,0.163095005,0.303643374,-0.000965912581,0.00227551821,-0.000329763869,2819.16331,371.91153,5438.49141,2599.69293,-836.217832,-408.778033,-197.151863,-1139.92194,4017.45655,72500.0,156400.267589,5.213342253,-30.000000000000004,30000 3000,1e-06,2,0.0 0.0259,0.0 0.0,-1.0 0.0,0.00054857 28.0,80000,1000,5e-10,0.0,0.0 0.0 0.0,1000 1000000 0,0,0.0,0,100,0,,10,,1,,,,1.0,10.0,0.1,False,{},,,False,3,mixed,250,300,True,Ar_Aubin,,False,uniform,Argon-Aubin-Test2/10Td,3.0000000000000005e+21,1.06479e+24,0.0,1.5104044444444444e-13,1.5103333333333335e-13,0.0,0.0,0.0,0.0,0.0,0.0,0.0,0.0,0.0,0.0,0.0,0.0,0.0,0.0,0.0,0.0,0.0,0.0,0.0,0.0,0.0,2.2222222222222226e-19,6.666666666666668e-19,8.88888888888889e-19,2.888888888888889e-18,2.4444444444444447e-18,0.0,0.0,0.0,0.0,0.0,0.0,1544.1408923208555,2825.5686660174024,1398.7490315817142,-837.8434481489986,729.7439184372756,-1083.3950289140002,85.78907129384167,5830.84489181024,10771.739999999587,1.0771739999999587e+24,0.0,0.0
3.63e-05,156428.0,5.21428,3e+22,1068.91,2187.31,7481.52,3.5228,3.47882,3.42657,0.00487237896,-0.000723119539,0.479608566,0.164539694,0.163363877,0.304166111,-0.000976337872,0.0023365925,-0.000329772845,529.701086,592.454926,2818.70798,-2065.96039,4656.35812,1497.26307,-987.112708,1201.15173,4744.3493,72600.0,156428.291575,5.214276386,-30.000000000000004,30000 3000,1e-06,2,0.0 0.0259,0.0 0.0,-1.0 0.0,0.00054857 28.0,80000,1000,5e-10,0.0,0.0 0.0 0.0,1000 1000000 0,0,0.0,0,100,0,,10,,1,,,,1.0,10.0,0.1,False,{},,,False,3,mixed,250,300,True,Ar_Aubin,,False,uniform,Argon-Aubin-Test2/10Td,3.0000000000000005e+21,7.481520000000002e+23,0.0,1.5088866666666666e-13,1.5088244444444446e-13,0.0,0.0,0.0,0.0,0.0,0.0,0.0,0.0,0.0,0.0,0.0,0.0,0.0,0.0,0.0,0.0,0.0,0.0,0.0,0.0,0.0,2.2222222222222226e-19,0.0,1.777777777777778e-18,1.5555555555555556e-18,2.666666666666667e-18,0.0,0.0,0.0,0.0,0.0,0.0,1861.27032335337,524.4929514058664,2689.000429717814,4657.93980659885,-149.79029100775642,1156.1482212996793,383.56717737314705,1282.4840790801209,11218.120000000554,1.1218120000000555e+24,0.0,0.0
3.635e-05,156495.0,5.2165,3e+22,-2222.91,-7285.63,8811.54,3.46879,3.49381,3.46963,0.004920594,-0.000849181571,0.48013653,0.16461495,0.163625277,0.304831273,-0.000941103153,0.00240701719,-0.000325658172,2383.26967,-1036.50992,1845.03733,1363.27785,3656.48885,-853.831786,-461.398909,-4110.21824,5655.6491,72700.0,156495.045208,5.216501507,-30.000000000000004,30000 3000,1e-06,2,0.0 0.0259,0.0 0.0,-1.0 0.0,0.00054857 28.0,80000,1000,5e-10,0.0,0.0 0.0 0.0,1000 1000000 0,0,0.0,0,100,0,,10,,1,,,,1.0,10.0,0.1,False,{},,,False,3,mixed,250,300,True,Ar_Aubin,,False,uniform,Argon-Aubin-Test2/10Td,3.0000000000000005e+21,8.811540000000002e+23,0.0,1.5116977777777779e-13,1.511648888888889e-13,0.0,0.0,0.0,0.0,0.0,0.0,0.0,0.0,0.0,0.0,0.0,0.0,0.0,0.0,0.0,0.0,0.0,0.0,0.0,0.0,2.2222222222222226e-19,0.0,2.2222222222222226e-19,1.777777777777778e-18,1.3333333333333336e-18,1.3333333333333336e-18,0.0,0.0,0.0,0.0,0.0,0.0,747.838314170135,2394.20770760854,2612.017925271992,3650.3020272708754,1584.511401354627,1424.906860443799,894.0489463070238,2407.58070404754,10559.279999999839,1.055927999999984e+24,0.0,0.0
3.64e-05,156505.0,5.21682,3e+22,2767.22,-1420.38,7002.77,3.4717,3.47362,3.48798,0.00488040711,-0.000896579269,0.480648134,0.164839692,0.163866875,0.305486838,-0.00095283703,0.00241689024,-0.000262452339,1766.54065,-2628.56876,2908.15909,-4958.58161,1653.80513,2360.62106,-27.3858916,1842.31024,5415.96942,72800.0,156504.640867,5.216821362,-30.000000000000004,30000 3000,1e-06,2,0.0 0.0259,0.0 0.0,-1.0 0.0,0.00054857 28.0,80000,1000,5e-10,0.0,0.0 0.0 0.0,1000 1000000 0,0,0.0,0,100,0,,10,,1,,,,1.0,10.0,0.1,False,{},,,False,3,mixed,250,300,True,Ar_Aubin,,False,uniform,Argon-Aubin-Test2/10Td,3.0000000000000005e+21,7.00277e+23,0.0,1.5109977777777777e-13,1.5109422222222224e-13,0.0,0.0,0.0,0.0,0.0,0.0,0.0,0.0,0.0,0.0,0.0,0.0,2.2222222222222226e-19,0.0,0.0,0.0,0.0,0.0,0.0,0.0,2.2222222222222226e-19,2.2222222222222226e-19,4.444444444444445e-19,1.777777777777778e-18,1.777777777777778e-18,8.88888888888889e-19,0.0,0.0,0.0,0.0,0.0,0.0,2251.358717535179,1753.0354898370658,2415.1525495488827,1652.5316467378977,1640.2372275892142,2050.1010866688202,533.4281623397413,1516.5377005348257,10232.079999999978,1.0232079999999978e+24,0.0,0.0
3.645e-05,156462.0,5.21539,3e+22,-657.801,-5756.69,15475.3,3.46293,3.48597,3.48033,0.00490356605,-0.000885491391,0.481111027,0.165099382,0.164000946,0.306098225,-0.00101194479,0.00241011954,-0.000266193516,2342.05466,-481.663535,-405.691632,-239.856348,316.340374,-3598.56115,-1119.25834,-5443.76084,7742.40996,72900.0,156461.723362,5.215390779,-30.000000000000004,30000 3000,1e-06,2,0.0 0.0259,0.0 0.0,-1.0 0.0,0.00054857 28.0,80000,1000,5e-10,0.0,0.0 0.0 0.0,1000 1000000 0,0,0.0,0,100,0,,10,,1,,,,1.0,10.0,0.1,False,{},,,False,3,mixed,250,300,True,Ar_Aubin,,False,uniform,Argon-Aubin-Test2/10Td,3.0000000000000005e+21,1.54753e+24,0.0,1.5139e-13,1.5138422222222224e-13,0.0,0.0,0.0,0.0,0.0,0.0,0.0,0.0,0.0,0.0,0.0,0.0,0.0,0.0,0.0,0.0,0.0,2.2222222222222226e-19,0.0,0.0,0.0,2.2222222222222226e-19,4.444444444444445e-19,1.5555555555555556e-18,2e-18,1.3333333333333336e-18,0.0,0.0,0.0,0.0,0.0,0.0,2594.634135525964,2345.280230651256,1340.9075938208837,311.2428745643442,1661.9541668722038,297.07248386690026,-403.436553920002,-1284.358813021938,9257.860000000395,9.257860000000394e+23,0.0,0.0
3.65e-05,156227.0,5.20758,3e+22,4042.28,1282.39,10373.6,3.46287,3.48864,3.46294,0.00490281683,-0.000901828884,0.481492076,0.16527017,0.164139939,0.306602502,-0.00103829622,0.00240613353,-0.000265386835,737.66196,4657.98997,2637.71698,-490.757305,1719.42418,1451.19934,2937.19007,999.685039,8234.98431,73000.0,156227.437315,5.207581244,-30.000000000000004,30000 3000,1e-06,2,0.0 0.0259,0.0 0.0,-1.0 0.0,0.00054857 28.0,80000,1000,5e-10,0.0,0.0 0.0 0.0,1000 1000000 0,0,0.0,0,100,0,,10,,1,,,,1.0,10.0,0.1,False,{},,,False,3,mixed,250,300,True,Ar_Aubin,,False,uniform,Argon-Aubin-Test2/10Td,3.0000000000000005e+21,1.0373600000000001e+24,0.0,1.5115644444444443e-13,1.5114822222222224e-13,0.0,0.0,0.0,0.0,0.0,0.0,0.0,0.0,0.0,0.0,0.0,0.0,0.0,0.0,0.0,0.0,0.0,0.0,0.0,2.2222222222222226e-19,0.0,0.0,4.444444444444445e-19,1.5555555555555556e-18,2.2222222222222226e-18,3.777777777777778e-18,0.0,0.0,0.0,0.0,0.0,0.0,1707.9534713818068,717.8434015844276,1389.637996675186,1720.5806763425528,1374.7805020497551,3240.1781104063994,-109.87530893211834,3577.7214003590316,7620.979999999334,7.620979999999334e+23,0.0,0.0
3.655e-05,156305.0,5.21016,3e+22,-7613.91,2431.55,13981.0,3.46801,3.49275,3.45808,0.00490399101,-0.000853715897,0.482069491,0.165454624,0.164279486,0.307310537,-0.00100842052,0.00239253646,-0.000272621321,3856.89504,-1887.28093,-1227.63012,-1268.8196,3208.70503,-1504.21292,-3344.02496,3377.12876,8434.5349,73100.0,156304.744791,5.21015816,-30.000000000000004,30000 3000,1e-06,2,0.0 0.0259,0.0 0.0,-1.0 0.0,0.00054857 28.0,80000,1000,5e-10,0.0,0.0 0.0 0.0,1000 1000000 0,0,0.0,0,100,0,,10,,1,,,,1.0,10.0,0.1,False,{},,,False,3,mixed,250,300,True,Ar_Aubin,,False,uniform,Argon-Aubin-Test2/10Td,3.0000000000000005e+21,1.3981000000000003e+24,0.0,1.5089733333333333e-13,1.508917777777778e-13,0.0,0.0,0.0,0.0,0.0,0.0,0.0,0.0,0.0,0.0,0.0,0.0,0.0,0.0,0.0,0.0,0.0,0.0,0.0,0.0,0.0,0.0,6.666666666666668e-19,1.3333333333333336e-18,1.1111111111111113e-18,2.4444444444444447e-18,0.0,0.0,0.0,0.0,0.0,0.0,1844.4248504237428,3894.233586190949,1396.3146450321485,3210.7808828893503,1516.6009779066237,1694.721346329,-339.8813266967341,-969.7840600910008,11548.300000000512,1.1548300000000513e+24,0.0,0.0
3.66e-05,156252.0,5.20841,3e+22,-1326.67,-5096.23,6667.35,3.45191,3.49005,3.47445,0.00486532246,-0.000813817089,0.482633564,0.165634478,0.164473966,0.308067086,-0.00100758917,0.00240642986,-0.000224609689,-2176.85755,4939.0461,38.8273069,-3772.91589,618.2208,-116.471074,-2347.17641,-2478.45831,3592.34607,73200.0,156252.225651,5.208407522,-30.000000000000004,30000 3000,1e-06,2,0.0 0.0259,0.0 0.0,-1.0 0.0,0.00054857 28.0,80000,1000,5e-10,0.0,0.0 0.0 0.0,1000 1000000 0,0,0.0,0,100,0,,10,,1,,,,1.0,10.0,0.1,False,{},,,False,3,mixed,250,300,True,Ar_Aubin,,False,uniform,Argon-Aubin-Test2/10Td,3.0000000000000005e+21,6.66735e+23,0.0,1.5119488888888889e-13,1.5118711111111113e-13,0.0,0.0,0.0,0.0,0.0,0.0,0.0,0.0,0.0,0.0,0.0,0.0,0.0,0.0,0.0,0.0,0.0,0.0,0.0,0.0,2.2222222222222226e-19,0.0,0.0,2e-18,2.4444444444444447e-18,3.1111111111111112e-18,0.0,0.0,0.0,0.0,0.0,0.0,1802.317651863894,-2170.402872651992,1945.4653257844345,614.0734009365256,2123.8605365697663,374.45917706459977,595.798623604562,-1700.492440451801,11281.459999999966,1.1281459999999966e+24,0.0,0.0
3.665e-05,156227.0,5.20757,3e+22,1990.66,-631.734,14600.0,3.48078,3.49411,3.43901,0.00471967481,-0.000836430833,0.483112421,0.165812344,0.164628218,0.308598337,-0.000991093432,0.00233210638,-0.00021135876,3088.63355,-3869.05871,-82.4947302,1232.49958,1004.93466,-1595.95915,2232.88038,-71.99964,7288.32978,73300.0,156226.983943,5.207566131,-30.000000000000004,30000 3000,1e-06,2,0.0 0.0259,0.0 0.0,-1.0 0.0,0.00054857 28.0,80000,1000,5e-10,0.0,0.0 0.0 0.0,1000 1000000 0,0,0.0,0,100,0,,10,,1,,,,1.0,10.0,0.1,False,{},,,False,3,mixed,250,300,True,Ar_Aubin,,False,uniform,Argon-Aubin-Test2/10Td,3.0000000000000005e+21,1.46e+24,0.0,1.5108355555555555e-13,1.510777777777778e-13,0.0,0.0,0.0,0.0,0.0,0.0,0.0,0.0,0.0,0.0,0.0,0.0,2.2222222222222226e-19,0.0,0.0,0.0,0.0,2.2222222222222226e-19,0.0,0.0,0.0,0.0,2.2222222222222226e-19,8.88888888888889e-19,1.777777777777778e-18,2.4444444444444447e-18,0.0,0.0,0.0,0.0,0.0,0.0,1792.6203232762616,3079.2382821427254,1542.1468171594734,1004.4062582041456,687.9677486087976,234.88843339999949,-125.78169825535647,1119.7658255861402,9577.139999999985,9.577139999999985e+23,0.0,0.0
3.67e-05,156212.0,5.20706,3e+22,-5158.57,-2134.01,7128.59,3.48315,3.4599,3.47059,0.00465018905,-0.000758785131,0.483570783,0.166083422,0.16479141,0.309114373,-0.000942153195,0.00233426399,-0.000132085841,6680.92352,-1914.43353,-882.656929,1951.63763,639.883951,2546.10241,-4673.83234,351.601896,3510.65416,73400.0,156211.665899,5.20705553,-30.000000000000004,30000 3000,1e-06,2,0.0 0.0259,0.0 0.0,-1.0 0.0,0.00054857 28.0,80000,1000,5e-10,0.0,0.0 0.0 0.0,1000 1000000 0,0,0.0,0,100,0,,10,,1,,,,1.0,10.0,0.1,False,{},,,False,3,mixed,250,300,True,Ar_Aubin,,False,uniform,Argon-Aubin-Test2/10Td,3.0000000000000005e+21,7.12859e+23,0.0,1.50958e-13,1.5095266666666667e-13,0.0,0.0,0.0,0.0,0.0,0.0,0.0,0.0,0.0,0.0,0.0,0.0,0.0,0.0,0.0,0.0,0.0,0.0,0.0,0.0,0.0,0.0,2.2222222222222226e-19,1.5555555555555556e-18,1.777777777777778e-18,1.777777777777778e-18,0.0,0.0,0.0,0.0,0.0,0.0,2717.290721114263,6704.911845727659,1633.1586166337675,638.2646959425947,729.451532481551,63.4763120140301,671.9114757057846,-3095.1048260996295,9167.2399999998,9.1672399999998e+23,0.0,0.0
3.675e-05,156292.0,5.20973,3e+22,1793.0,-4558.24,7998.81,3.48607,3.4386,3.4943,0.00463438467,-0.000794559261,0.484108311,0.166264034,0.164916272,0.309717153,-0.000888577166,0.00223451659,-0.000158266889,424.061802,-2497.45748,-2811.97114,-457.276907,1686.06334,-4168.30645,399.321662,-3224.25127,3807.32364,73500.0,156291.992267,5.209733076,-30.000000000000004,30000 3000,1e-06,2,0.0 0.0259,0.0 0.0,-1.0 0.0,0.00054857 28.0,80000,1000,5e-10,0.0,0.0 0.0 0.0,1000 1000000 0,0,0.0,0,100,0,,10,,1,,,,1.0,10.0,0.1,False,{},,,False,3,mixed,250,300,True,Ar_Aubin,,False,uniform,Argon-Aubin-Test2/10Td,3.0000000000000005e+21,7.998810000000002e+23,0.0,1.5099888888888888e-13,1.5099422222222225e-13,0.0,0.0,0.0,0.0,0.0,0.0,0.0,0.0,0.0,0.0,0.0,0.0,0.0,2.2222222222222226e-19,0.0,0.0,0.0,0.0,0.0,0.0,2.2222222222222226e-19,0.0,2.2222222222222226e-19,1.1111111111111113e-18,1.3333333333333336e-18,1.5555555555555556e-18,0.0,0.0,0.0,0.0,0.0,0.0,1807.587369312136,415.75235028669,1248.0643045578722,1682.4415481941394,826.2539196038366,-64.96675910991007,-1891.9195022293247,-3317.725242065243,10750.560000000187,1.0750560000000187e+24,0.0,0.0
3.68e-05,156419.0,5.21397,3e+22,-5787.97,803.529,6505.36,3.46285,3.46383,3.50083,0.00459410269,-0.000728033592,0.48462751,0.166474699,0.16513065,0.310330282,-0.000855247844,0.00218250478,-0.000181070859,4236.4987,-1038.72991,743.34915,1846.4695,-4.93650694,1085.80134,-3196.49869,-303.673118,4885.69725,73600.0,156419.139592,5.21397132,-30.000000000000004,30000 3000,1e-06,2,0.0 0.0259,0.0 0.0,-1.0 0.0,0.00054857 28.0,80000,1000,5e-10,0.0,0.0 0.0 0.0,1000 1000000 0,0,0.0,0,100,0,,10,,1,,,,1.0,10.0,0.1,False,{},,,False,3,mixed,250,300,True,Ar_Aubin,,False,uniform,Argon-Aubin-Test2/10Td,3.0000000000000005e+21,6.50536e+23,0.0,1.5123688888888887e-13,1.5123333333333334e-13,0.0,0.0,0.0,0.0,0.0,0.0,0.0,0.0,0.0,0.0,0.0,0.0,0.0,0.0,0.0,0.0,0.0,0.0,0.0,0.0,0.0,0.0,2.2222222222222226e-19,1.1111111111111113e-18,8.88888888888889e-19,1.3333333333333336e-18,0.0,0.0,0.0,0.0,0.0,0.0,2110.3674174324797,4263.08922854664,2144.792915081406,-4.351510835853832,1101.6233047264623,1733.0208315464006,-697.9244444201872,321.9736571792819,10383.979999999405,1.0383979999999406e+24,0.0,0.0
3.685e-05,156278.0,5.20926,3e+22,-1262.86,230.638,12451.5,3.44717,3.47165,3.49881,0.00448611698,-0.000805689903,0.485050349,0.166663857,0.165334263,0.310766566,-0.000779864396,0.00219432933,-0.000262512051,2744.2563,1084.49879,874.433129,452.686603,4388.10948,-288.541333,-1162.35715,-1325.1416,7260.54365,73700.0,156277.856541,5.209261885,-30.000000000000004,30000 3000,1e-06,2,0.0 0.0259,0.0 0.0,-1.0 0.0,0.00054857 28.0,80000,1000,5e-10,0.0,0.0 0.0 0.0,1000 1000000 0,0,0.0,0,100,0,,10,,1,,,,1.0,10.0,0.1,False,{},,,False,3,mixed,250,300,True,Ar_Aubin,,False,uniform,Argon-Aubin-Test2/10Td,3.0000000000000005e+21,1.2451500000000002e+24,0.0,1.5144177777777776e-13,1.5143466666666668e-13,0.0,0.0,0.0,0.0,0.0,0.0,0.0,0.0,0.0,0.0,0.0,0.0,0.0,0.0,0.0,0.0,0.0,0.0,0.0,0.0,0.0,0.0,2.2222222222222226e-19,1.777777777777778e-18,2.4444444444444447e-18,2.666666666666667e-18,0.0,0.0,0.0,0.0,0.0,0.0,1901.3853396801505,2749.921637689363,2034.9389669130358,4388.295302707848,262.66383778283944,1220.9392294264999,1245.2098107035206,268.76777716166987,8456.780000000164,8.456780000000164e+23,0.0,0.0
3.69e-05,156206.0,5.20686,3e+22,-2269.24,873.523,8416.29,3.47047,3.49966,3.44315,0.00450381668,-0.000823251454,0.485473391,0.166895856,0.165571952,0.311273141,-0.00082741563,0.00221092312,-0.000318962981,1390.86716,498.320708,-1191.52986,-2361.61995,2695.60657,831.408026,-2193.41746,-1604.69217,5763.94785,73800.0,156205.796633,5.206859888,-30.000000000000004,30000 3000,1e-06,2,0.0 0.0259,0.0 0.0,-1.0 0.0,0.00054857 28.0,80000,1000,5e-10,0.0,0.0 0.0 0.0,1000 1000000 0,0,0.0,0,100,0,,10,,1,,,,1.0,10.0,0.1,False,{},,,False,3,mixed,250,300,True,Ar_Aubin,,False,uniform,Argon-Aubin-Test2/10Td,3.0000000000000005e+21,8.416290000000002e+23,0.0,1.509602222222222e-13,1.5095444444444445e-13,0.0,0.0,0.0,0.0,0.0,0.0,0.0,0.0,0.0,0.0,0.0,0.0,0.0,0.0,0.0,0.0,0.0,2.2222222222222226e-19,0.0,0.0,0.0,0.0,4.444444444444445e-19,1.1111111111111113e-18,1.1111111111111113e-18,2.888888888888889e-18,0.0,0.0,0.0,0.0,0.0,0.0,2318.3988087122075,1401.0874009629233,2376.6039326328373,2696.3256990798523,960.0269598289414,1678.0630040606093,122.06481443728484,-2321.1971094928776,8460.839999999693,8.460839999999694e+23,0.0,0.0
3.695e-05,156203.0,5.20675,3e+22,5048.73,3437.56,2117.49,3.47955,3.46735,3.46636,0.00455005956,-0.000831595496,0.486001373,0.167097635,0.165702455,0.311812662,-0.000798771319,0.0022212887,-0.000283854074,270.817242,2154.77395,-4125.74333,137.77949,1439.32906,488.884381,1304.61989,2073.19926,-1031.60755,73900.0,156202.510541,5.206750351,-30.000000000000004,30000 3000,1e-06,2,0.0 0.0259,0.0 0.0,-1.0 0.0,0.00054857 28.0,80000,1000,5e-10,0.0,0.0 0.0 0.0,1000 1000000 0,0,0.0,0,100,0,,10,,1,,,,1.0,10.0,0.1,False,{},,,False,3,mixed,250,300,True,Ar_Aubin,,False,uniform,Argon-Aubin-Test2/10Td,3.0000000000000005e+21,2.1174899999999998e+23,0.0,1.5078977777777777e-13,1.5078355555555557e-13,0.0,0.0,0.0,0.0,0.0,0.0,0.0,0.0,0.0,0.0,0.0,0.0,0.0,0.0,0.0,0.0,0.0,0.0,0.0,0.0,2.2222222222222226e-19,0.0,4.444444444444445e-19,1.1111111111111113e-18,2.888888888888889e-18,1.5555555555555556e-18,0.0,0.0,0.0,0.0,0.0,0.0,2013.6032268747163,247.84521979764122,1304.8919188754505,1442.1877194132298,265.99811153771304,-2060.7105973137695,-289.7291461962867,-5284.447857523995,10559.64000000076,1.0559640000000761e+24,0.0,0.0
3.7e-05,156127.0,5.20423,3e+22,2210.38,4704.31,9337.24,3.49752,3.4573,3.453,0.00467581291,-0.000869765932,0.486487408,0.167444024,0.16595694,0.312389651,-0.000815308772,0.00228660427,-0.00037559468,2235.70996,1893.89761,904.502571,-3035.08112,6099.36524,2671.11806,1558.76421,1825.04032,6475.54867,74000.0,156126.948026,5.204231601,-30.000000000000004,30000 3000,1e-06,2,0.0 0.0259,0.0 0.0,-1.0 0.0,0.00054857 28.0,80000,1000,5e-10,0.0,0.0 0.0 0.0,1000 1000000 0,0,0.0,0,100,0,,10,,1,,,,1.0,10.0,0.1,False,{},,,False,3,mixed,250,300,True,Ar_Aubin,,False,uniform,Argon-Aubin-Test2/10Td,3.0000000000000005e+21,9.33724e+23,0.0,1.5087688888888889e-13,1.5087000000000002e-13,0.0,0.0,0.0,0.0,0.0,0.0,0.0,0.0,0.0,0.0,0.0,0.0,0.0,0.0,0.0,0.0,0.0,0.0,0.0,0.0,0.0,0.0,0.0,1.3333333333333336e-18,2.666666666666667e-18,2.888888888888889e-18,0.0,0.0,0.0,0.0,0.0,0.0,3452.28815630233,2225.3746366599944,2544.2005829248715,6103.456888571567,1043.2541532662265,1933.0989845260801,38.53321025876731,1344.2855567691918,9720.699999999915,9.720699999999916e+23,0.0,0.0
3.705e-05,156079.0,5.20262,3e+22,2736.23,-640.49,5353.91,3.47468,3.4423,3.48805,0.00485781806,-0.000879377122,0.487029848,0.167632788,0.166078146,0.31304334,-0.000821807571,0.00232774449,-0.000411467803,684.373141,2964.42226,-630.884779,-1778.73399,1135.4806,-5176.6949,727.124203,-1015.63584,3156.70451,74100.0,156078.549169,5.202618306,-30.000000000000004,30000 3000,1e-06,2,0.0 0.0259,0.0 0.0,-1.0 0.0,0.00054857 28.0,80000,1000,5e-10,0.0,0.0 0.0 0.0,1000 1000000 0,0,0.0,0,100,0,,10,,1,,,,1.0,10.0,0.1,False,{},,,False,3,mixed,250,300,True,Ar_Aubin,,False,uniform,Argon-Aubin-Test2/10Td,3.0000000000000005e+21,5.35391e+23,0.0,1.5074177777777777e-13,1.5073444444444445e-13,0.0,0.0,0.0,0.0,0.0,0.0,0.0,0.0,0.0,0.0,0.0,0.0,0.0,0.0,0.0,0.0,0.0,0.0,0.0,0.0,0.0,0.0,4.444444444444445e-19,2.4444444444444447e-18,2e-18,2.2222222222222226e-18,0.0,2.2222222222222226e-19,0.0,0.0,0.0,0.0,1870.2883006527227,671.0810334896862,1211.8918865378082,1134.9173677471304,1256.1429965540772,549.19053649432,-1000.7613698923435,-1262.3945776826547,10848.799999999548,1.0848799999999548e+24,0.0,0.0
3.71e-05,155945.0,5.19817,3e+22,-6969.74,6896.24,9353.05,3.45881,3.4844,3.45209,0.00478781888,-0.000873974336,0.487447473,0.167825139,0.166248493,0.313614615,-0.000829738307,0.00226048605,-0.000398933142,-987.570388,161.653624,-1174.97859,-1424.5894,3264.22279,2676.6347,-3644.70832,4718.66015,4637.27402,74200.0,155945.136521,5.198171217,-30.000000000000004,30000 3000,1e-06,2,0.0 0.0259,0.0 0.0,-1.0 0.0,0.00054857 28.0,80000,1000,5e-10,0.0,0.0 0.0 0.0,1000 1000000 0,0,0.0,0,100,0,,10,,1,,,,1.0,10.0,0.1,False,{},,,False,3,mixed,250,300,True,Ar_Aubin,,False,uniform,Argon-Aubin-Test2/10Td,3.0000000000000005e+21,9.35305e+23,0.0,1.5079644444444444e-13,1.5078955555555558e-13,0.0,0.0,0.0,0.0,0.0,0.0,0.0,0.0,0.0,0.0,0.0,0.0,0.0,0.0,0.0,0.0,0.0,0.0,0.0,0.0,0.0,0.0,4.444444444444445e-19,1.5555555555555556e-18,2.666666666666667e-18,2.2222222222222226e-18,0.0,0.0,0.0,0.0,0.0,0.0,1930.2618667638162,-954.2005352393088,1703.5647298271895,3270.2499267748963,1643.0890881732885,78.1534326573501,-703.3252572847139,-1467.085468908564,8352.500000000651,8.352500000000652e+23,0.0,0.0
3.715e-05,156044.0,5.20148,3e+22,-3215.28,5151.39,12871.4,3.46335,3.44967,3.48879,0.00474978541,-0.000864149072,0.488012642,0.16812405,0.166512411,0.314296843,-0.000799057538,0.00223682287,-0.00041501964,5424.5803,-478.900702,1874.17272,-2176.30204,4276.33268,-929.025257,-2145.9124,2283.27569,7629.63045,74300.0,156044.472386,5.201482413,-30.000000000000004,30000 3000,1e-06,2,0.0 0.0259,0.0 0.0,-1.0 0.0,0.00054857 28.0,80000,1000,5e-10,0.0,0.0 0.0 0.0,1000 1000000 0,0,0.0,0,100,0,,10,,1,,,,1.0,10.0,0.1,False,{},,,False,3,mixed,250,300,True,Ar_Aubin,,False,uniform,Argon-Aubin-Test2/10Td,3.0000000000000005e+21,1.28714e+24,0.0,1.5086399999999999e-13,1.5085911111111114e-13,0.0,0.0,0.0,0.0,0.0,0.0,0.0,0.0,0.0,0.0,0.0,0.0,0.0,0.0,0.0,0.0,0.0,0.0,0.0,0.0,0.0,0.0,2.2222222222222226e-19,1.1111111111111113e-18,1.1111111111111113e-18,2.4444444444444447e-18,0.0,0.0,0.0,0.0,0.0,0.0,2992.7374818661256,5439.852190033064,2639.3507752134337,4280.784248888011,1309.2818226559389,1348.2245297611998,-156.16585258926807,1236.221219643486,11303.37999999953,1.130337999999953e+24,0.0,0.0
3.72e-05,156185.0,5.20618,3e+22,-209.91,-1264.24,4219.8,3.46317,3.46251,3.48657,0.00461574163,-0.000846124014,0.488671285,0.168352396,0.166776999,0.315058005,-0.000745210674,0.0021767106,-0.000374373438,6609.08148,-1087.51116,1088.53974,791.798636,1988.74241,-2395.98893,-158.9777,329.51117,1136.14157,74400.0,156185.361909,5.20617873,-30.000000000000004,30000 3000,1e-06,2,0.0 0.0259,0.0 0.0,-1.0 0.0,0.00054857 28.0,80000,1000,5e-10,0.0,0.0 0.0 0.0,1000 1000000 0,0,0.0,0,100,0,,10,,1,,,,1.0,10.0,0.1,False,{},,,False,3,mixed,250,300,True,Ar_Aubin,,False,uniform,Argon-Aubin-Test2/10Td,3.0000000000000005e+21,4.219800000000001e+23,0.0,1.5108555555555555e-13,1.5107977777777778e-13,0.0,0.0,0.0,0.0,0.0,0.0,0.0,0.0,0.0,0.0,0.0,0.0,0.0,0.0,0.0,0.0,0.0,0.0,0.0,0.0,0.0,0.0,0.0,1.777777777777778e-18,1.5555555555555556e-18,2.4444444444444447e-18,0.0,0.0,0.0,0.0,0.0,0.0,2296.0139064612254,6610.050370325554,2646.1882777156775,1987.6727061765407,1178.75968268899,-925.9535184430003,45.25326614118579,1012.6615229040759,13172.860000000286,1.3172860000000287e+24,0.0,0.0
3.725e-05,156190.0,5.20632,3e+22,-7498.46,-149.963,12895.2,3.47439,3.45662,3.48037,0.00458216229,-0.000975154891,0.489226685,0.16856785,0.167000159,0.315725224,-0.000784282227,0.00216040376,-0.000416315338,4171.72996,136.799832,293.396664,-860.744527,1290.25817,-429.776077,-4557.75338,-722.442576,7034.57936,74500.0,156189.678774,5.206322626,-30.000000000000004,30000 3000,1e-06,2,0.0 0.0259,0.0 0.0,-1.0 0.0,0.00054857 28.0,80000,1000,5e-10,0.0,0.0 0.0 0.0,1000 1000000 0,0,0.0,0,100,0,,10,,1,,,,1.0,10.0,0.1,False,{},,,False,3,mixed,250,300,True,Ar_Aubin,,False,uniform,Argon-Aubin-Test2/10Td,3.0000000000000005e+21,1.2895200000000002e+24,0.0,1.5107733333333333e-13,1.510708888888889e-13,0.0,0.0,0.0,0.0,0.0,0.0,0.0,0.0,0.0,0.0,0.0,0.0,0.0,0.0,0.0,0.0,0.0,0.0,0.0,0.0,0.0,0.0,2.2222222222222226e-19,1.3333333333333336e-18,2.2222222222222226e-18,2.666666666666667e-18,0.0,0.0,0.0,0.0,0.0,0.0,2157.6285954302834,4206.089120645073,2229.2499878562303,1290.111932847081,1240.9446746206033,725.9034115879995,-48.85027417227822,-654.9978867569084,11107.999999999674,1.1107999999999676e+24,0.0,0.0
3.73e-05,156318.0,5.21059,3e+22,-3861.77,-4656.22,6328.92,3.46209,3.50104,3.45763,0.00454768122,-0.00105473879,0.48977066,0.168872463,0.167325819,0.316344457,-0.000734123617,0.00207176779,-0.000403799043,1453.73305,-1195.4409,-301.779777,-1223.64918,2445.11233,106.861306,-2250.99753,378.031526,4342.22098,74600.0,156317.786195,5.210592873,-30.000000000000004,30000 3000,1e-06,2,0.0 0.0259,0.0 0.0,-1.0 0.0,0.00054857 28.0,80000,1000,5e-10,0.0,0.0 0.0 0.0,1000 1000000 0,0,0.0,0,100,0,,10,,1,,,,1.0,10.0,0.1,False,{},,,False,3,mixed,250,300,True,Ar_Aubin,,False,uniform,Argon-Aubin-Test2/10Td,3.0000000000000005e+21,6.328920000000001e+23,0.0,1.5096155555555556e-13,1.5095755555555557e-13,0.0,0.0,0.0,0.0,0.0,0.0,0.0,0.0,0.0,0.0,0.0,0.0,0.0,0.0,0.0,0.0,0.0,0.0,0.0,0.0,0.0,0.0,2.2222222222222226e-19,1.5555555555555556e-18,1.5555555555555556e-18,6.666666666666668e-19,0.0,0.0,0.0,0.0,0.0,0.0,3049.278067731587,1471.2951489049594,3254.9845314630566,2440.2012341512263,866.829192535945,1242.5016545128,-1484.81470640594,-690.1775759586828,10879.500000000597,1.0879500000000598e+24,0.0,0.0
3.735e-05,156247.0,5.20825,3e+22,1270.82,-5370.89,12734.0,3.49023,3.47169,3.45348,0.00463562552,-0.00119090888,0.490233085,0.16906868,0.16754419,0.316919607,-0.000801443443,0.00208582776,-0.000439189181,-1126.10622,-2349.21489,-652.825399,-1003.71893,2311.95113,-1808.99086,-474.675296,-3136.22164,7977.63145,74700.0,156247.498481,5.208249949,-30.000000000000004,30000 3000,1e-06,2,0.0 0.0259,0.0 0.0,-1.0 0.0,0.00054857 28.0,80000,1000,5e-10,0.0,0.0 0.0 0.0,1000 1000000 0,0,0.0,0,100,0,,10,,1,,,,1.0,10.0,0.1,False,{},,,False,3,mixed,250,300,True,Ar_Aubin,,False,uniform,Argon-Aubin-Test2/10Td,3.0000000000000005e+21,1.2734000000000002e+24,0.0,1.5078466666666665e-13,1.5077822222222224e-13,0.0,0.0,0.0,0.0,0.0,0.0,0.0,0.0,0.0,0.0,0.0,0.0,0.0,0.0,0.0,0.0,2.2222222222222226e-19,0.0,0.0,0.0,0.0,0.0,2.2222222222222226e-19,2.2222222222222226e-18,1.1111111111111113e-18,2.666666666666667e-18,0.0,0.0,0.0,0.0,0.0,0.0,1954.093805170698,-1131.9972656233263,2180.6520995468204,2305.554889405497,1219.717682183763,1735.00334561,-623.1239397064704,-1809.5287594513798,9248.49999999977,9.24849999999977e+23,0.0,0.0
3.74e-05,156207.0,5.20691,3e+22,-3676.12,-991.132,12287.3,3.50526,3.47927,3.42836,0.00473661113,-0.00116391208,0.490785384,0.169308226,0.167654938,0.317583709,-0.000830292443,0.00210129782,-0.00040628686,5049.93295,2667.1318,-724.734009,154.251306,4390.83485,4774.92333,-3684.83186,-239.457994,8656.19073,74800.0,156207.379952,5.206912665,-30.000000000000004,30000 3000,1e-06,2,0.0 0.0259,0.0 0.0,-1.0 0.0,0.00054857 28.0,80000,1000,5e-10,0.0,0.0 0.0 0.0,1000 1000000 0,0,0.0,0,100,0,,10,,1,,,,1.0,10.0,0.1,False,{},,,False,3,mixed,250,300,True,Ar_Aubin,,False,uniform,Argon-Aubin-Test2/10Td,3.0000000000000005e+21,1.22873e+24,0.0,1.512331111111111e-13,1.512257777777778e-13,0.0,0.0,0.0,0.0,0.0,0.0,0.0,0.0,0.0,0.0,0.0,0.0,0.0,0.0,0.0,0.0,0.0,0.0,0.0,0.0,2.2222222222222226e-19,0.0,1.1111111111111113e-18,1.1111111111111113e-18,2e-18,2.888888888888889e-18,0.0,0.0,0.0,0.0,0.0,0.0,2385.99538964851,5067.345300907216,1108.1157263048703,4389.681259492326,1222.8648058978943,2625.7634811768003,-733.0490544278993,-2663.5800651075688,11045.979999999567,1.1045979999999568e+24,0.0,0.0
3.745e-05,156176.0,5.20587,3e+22,3159.74,-52.211,7018.05,3.47698,3.44056,3.49387,0.00468058239,-0.00116255817,0.491246244,0.169490421,0.167801799,0.318118563,-0.000826915677,0.00205754852,-0.000383387927,1678.71329,-167.271145,-1377.29285,-291.247002,4416.37726,-4828.79408,3570.06975,-344.067489,3921.61926,74900.0,156176.160106,5.205872004,-30.000000000000004,30000 3000,1e-06,2,0.0 0.0259,0.0 0.0,-1.0 0.0,0.00054857 28.0,80000,1000,5e-10,0.0,0.0 0.0 0.0,1000 1000000 0,0,0.0,0,100,0,,10,,1,,,,1.0,10.0,0.1,False,{},,,False,3,mixed,250,300,True,Ar_Aubin,,False,uniform,Argon-Aubin-Test2/10Td,3.0000000000000005e+21,7.018050000000001e+23,0.0,1.5120444444444445e-13,1.511988888888889e-13,0.0,0.0,0.0,0.0,0.0,0.0,0.0,0.0,0.0,0.0,0.0,0.0,0.0,0.0,0.0,0.0,0.0,0.0,0.0,2.2222222222222226e-19,0.0,0.0,6.666666666666668e-19,1.1111111111111113e-18,1.777777777777778e-18,1.777777777777778e-18,0.0,0.0,0.0,0.0,0.0,0.0,1827.2263348725894,1663.9238665990213,1468.6414983133834,4416.316561675387,822.749039199322,474.02855729580006,-368.16613048639044,607.7179317413004,9217.200000000148,9.217200000000149e+23,0.0,0.0
3.75e-05,156131.0,5.20436,3e+22,1388.89,-5825.13,9357.8,3.46226,3.48692,3.45884,0.00470354005,-0.00115536846,0.491740824,0.16978876,0.16804208,0.318837483,-0.000805686531,0.0020388199,-0.000370605972,3005.90573,-1021.4352,3527.54652,1734.1303,2056.16457,1865.54372,-851.932217,-2927.18299,8805.21779,75000.0,156130.920907,5.20436403,-30.000000000000004,30000 3000,1e-06,2,0.0 0.0259,0.0 0.0,-1.0 0.0,0.00054857 28.0,80000,1000,5e-10,0.0,0.0 0.0 0.0,1000 1000000 0,0,0.0,0,100,0,,10,,1,,,,1.0,10.0,0.1,False,{},,,False,3,mixed,250,300,True,Ar_Aubin,,False,uniform,Argon-Aubin-Test2/10Td,3.0000000000000005e+21,9.3578e+23,0.0,1.5094066666666666e-13,1.5093422222222225e-13,0.0,0.0,0.0,0.0,0.0,0.0,0.0,0.0,0.0,0.0,0.0,0.0,0.0,0.0,0.0,0.0,0.0,0.0,0.0,0.0,2.2222222222222226e-19,0.0,2.2222222222222226e-19,1.777777777777778e-18,1.1111111111111113e-18,3.1111111111111112e-18,0.0,0.0,0.0,0.0,0.0,0.0,2981.2356250763505,2999.3730302599556,2402.976652202682,2049.4343985226,2327.5425590849054,4203.605507172801,-646.6552216791503,1948.6256028747498,9891.600000000444,9.891600000000444e+23,0.0,0.0
3.755e-05,156054.0,5.20181,3e+22,74.5512,1669.68,7078.79,3.48871,3.43639,3.47822,0.00470172786,-0.00124434298,0.492182954,0.170067959,0.168158253,0.319411218,-0.000815021716,0.00201043769,-0.000404214007,-174.886333,992.19348,-1425.17144,254.357795,-669.362877,1869.54394,-402.845197,909.786395,4514.81762,75100.0,156054.319642,5.201810655,-30.000000000000004,30000 3000,1e-06,2,0.0 0.0259,0.0 0.0,-1.0 0.0,0.00054857 28.0,80000,1000,5e-10,0.0,0.0 0.0 0.0,1000 1000000 0,0,0.0,0,100,0,,10,,1,,,,1.0,10.0,0.1,False,{},,,False,3,mixed,250,300,True,Ar_Aubin,,False,uniform,Argon-Aubin-Test2/10Td,3.0000000000000005e+21,7.07879e+23,0.0,1.5072822222222223e-13,1.50722e-13,0.0,0.0,0.0,0.0,0.0,0.0,0.0,0.0,0.0,0.0,0.0,0.0,0.0,0.0,0.0,0.0,0.0,0.0,0.0,0.0,0.0,0.0,4.444444444444445e-19,3.1111111111111112e-18,8.88888888888889e-19,1.777777777777778e-18,0.0,0.0,0.0,0.0,0.0,0.0,2792.1604413241876,-175.23685245403644,1159.594868264946,-667.2852224131536,1387.127800328847,1030.75784705434,-591.3971426979494,-1897.9920109983343,8842.5999999997,8.842599999999702e+23,0.0,0.0
3.76e-05,156069.0,5.20231,3e+22,-5923.94,-3730.64,10874.9,3.44985,3.49543,3.45839,0.00464988504,-0.0012173875,0.492669129,0.170363179,0.168386598,0.320020147,-0.000826134288,0.00196866808,-0.000313723468,2037.756,-1833.21181,-71.9104502,-378.113574,3033.52178,446.967858,-3674.19002,-1263.94848,5711.69157,75200.0,156069.329825,5.202310994,-30.000000000000004,30000 3000,1e-06,2,0.0 0.0259,0.0 0.0,-1.0 0.0,0.00054857 28.0,80000,1000,5e-10,0.0,0.0 0.0 0.0,1000 1000000 0,0,0.0,0,100,0,,10,,1,,,,1.0,10.0,0.1,False,{},,,False,3,mixed,250,300,True,Ar_Aubin,,False,uniform,Argon-Aubin-Test2/10Td,3.0000000000000005e+21,1.08749e+24,0.0,1.5065466666666665e-13,1.5064955555555556e-13,0.0,0.0,0.0,0.0,0.0,0.0,0.0,0.0,0.0,0.0,0.0,0.0,0.0,0.0,0.0,0.0,0.0,0.0,0.0,0.0,0.0,2.2222222222222226e-19,0.0,1.5555555555555556e-18,2e-18,1.3333333333333336e-18,0.0,0.0,0.0,0.0,0.0,0.0,2957.048139843044,2065.3016399838575,2284.1135712670102,3028.980145497,1301.185385474968,353.96405903790037,-370.28231136064,-878.1251449732363,9723.499999999553,9.723499999999554e+23,0.0,0.0
3.765e-05,156060.0,5.20199,3e+22,-6119.06,-4627.79,10683.1,3.45849,3.44821,3.4963,0.00462754746,-0.00103888833,0.493113403,0.170540716,0.168747097,0.32052128,-0.000821865924,0.00195968309,-0.000155848179,5759.11959,938.405516,-1851.76793,-900.798323,463.255459,650.419544,-1855.36823,-3313.28349,3785.02248,75300.0,156059.603909,5.201986797,-30.000000000000004,30000 3000,1e-06,2,0.0 0.0259,0.0 0.0,-1.0 0.0,0.00054857 28.0,80000,1000,5e-10,0.0,0.0 0.0 0.0,1000 1000000 0,0,0.0,0,100,0,,10,,1,,,,1.0,10.0,0.1,False,{},,,False,3,mixed,250,300,True,Ar_Aubin,,False,uniform,Argon-Aubin-Test2/10Td,3.0000000000000005e+21,1.06831e+24,0.0,1.5094088888888887e-13,1.5093600000000002e-13,0.0,0.0,0.0,0.0,0.0,0.0,0.0,0.0,0.0,0.0,0.0,0.0,0.0,0.0,0.0,0.0,0.0,0.0,0.0,0.0,0.0,0.0,4.444444444444445e-19,8.88888888888889e-19,1.777777777777778e-18,1.777777777777778e-18,0.0,0.0,0.0,0.0,0.0,0.0,1777.4423539065888,5787.435830560587,3609.017433629791,458.44770197530926,631.75451378239,-1482.9573155893,-0.7170587535201833,-739.1822125087456,8885.480000000445,8.885480000000446e+23,0.0,0.0
3.77e-05,155998.0,5.19993,3e+22,-2249.43,-7000.69,9223.41,3.47482,3.44295,3.4813,0.00459443181,-0.00106027663,0.493648263,0.170826318,0.168994998,0.321157525,-0.000804629945,0.00197391392,-0.000150648817,1831.66997,470.401025,-662.935024,-571.486764,3626.80998,2012.34004,290.269531,-5553.65946,2361.17354,75400.0,155997.925922,5.199930864,-30.000000000000004,30000 3000,1e-06,2,0.0 0.0259,0.0 0.0,-1.0 0.0,0.00054857 28.0,80000,1000,5e-10,0.0,0.0 0.0 0.0,1000 1000000 0,0,0.0,0,100,0,,10,,1,,,,1.0,10.0,0.1,False,{},,,False,3,mixed,250,300,True,Ar_Aubin,,False,uniform,Argon-Aubin-Test2/10Td,3.0000000000000005e+21,9.22341e+23,0.0,1.5039755555555554e-13,1.5039e-13,0.0,0.0,0.0,0.0,0.0,0.0,0.0,0.0,0.0,0.0,0.0,0.0,0.0,0.0,0.0,0.0,0.0,0.0,0.0,0.0,0.0,0.0,2.2222222222222226e-19,2.2222222222222226e-18,2.4444444444444447e-18,2.666666666666667e-18,0.0,0.0,0.0,0.0,0.0,0.0,2859.073918378141,1842.0048227463683,2478.5610243008296,3619.3873119991254,1084.6565532324216,-2191.9467854368295,562.0644613232167,695.3853909394177,10697.199999999408,1.0697199999999408e+24,0.0,0.0
3.775e-05,156031.0,5.20102,3e+22,-364.436,-2681.53,12549.6,3.44127,3.45986,3.49998,0.0045951971,-0.00117184345,0.494222967,0.171040184,0.169334049,0.321779549,-0.000801308102,0.00196461127,-0.000247408317,948.515324,-2068.1946,87.7961992,-433.451115,3578.77352,405.047444,-1568.30526,34.21816,4612.51478,75500.0,156030.677857,5.201022595,-30.000000000000004,30000 3000,1e-06,2,0.0 0.0259,0.0 0.0,-1.0 0.0,0.00054857 28.0,80000,1000,5e-10,0.0,0.0 0.0 0.0,1000 1000000 0,0,0.0,0,100,0,,10,,1,,,,1.0,10.0,0.1,False,{},,,False,3,mixed,250,300,True,Ar_Aubin,,False,uniform,Argon-Aubin-Test2/10Td,3.0000000000000005e+21,1.25496e+24,0.0,1.506871111111111e-13,1.506808888888889e-13,0.0,0.0,0.0,0.0,0.0,0.0,0.0,0.0,0.0,0.0,0.0,0.0,2.2222222222222226e-19,0.0,0.0,0.0,0.0,0.0,0.0,0.0,2.2222222222222226e-19,0.0,8.88888888888889e-19,1.5555555555555556e-18,2e-18,1.3333333333333336e-18,0.0,0.0,0.0,0.0,0.0,0.0,2138.5896726891506,950.1899792503356,3388.0196946078913,3575.631186633522,542.9045263405375,-1589.7857666631999,-246.4262446670064,-1358.0643051245481,11494.08000000074,1.1494080000000742e+24,0.0,0.0
3.78e-05,156083.0,5.20277,3e+22,999.959,3225.81,13237.7,3.47066,3.4616,3.47222,0.00470614019,-0.00122272793,0.494709014,0.171203897,0.16964296,0.322336841,-0.00075737835,0.00198987981,-0.000263457027,1793.85304,1244.06929,1058.14987,-464.080416,1638.83135,86.4283781,2256.65842,1786.63252,7421.99642,75600.0,156083.220811,5.202774027,-30.000000000000004,30000 3000,1e-06,2,0.0 0.0259,0.0 0.0,-1.0 0.0,0.00054857 28.0,80000,1000,5e-10,0.0,0.0 0.0 0.0,1000 1000000 0,0,0.0,0,100,0,,10,,1,,,,1.0,10.0,0.1,False,{},,,False,3,mixed,250,300,True,Ar_Aubin,,False,uniform,Argon-Aubin-Test2/10Td,3.0000000000000005e+21,1.3237700000000003e+24,0.0,1.50612e-13,1.5060755555555558e-13,0.0,0.0,0.0,0.0,0.0,0.0,0.0,0.0,0.0,0.0,0.0,0.0,0.0,0.0,0.0,0.0,0.0,0.0,0.0,0.0,0.0,0.0,0.0,1.1111111111111113e-18,1.1111111111111113e-18,2.2222222222222226e-18,0.0,0.0,0.0,0.0,0.0,0.0,1626.8108089989576,1789.1470927617477,3087.891534805376,1642.7756379838731,766.24577430906,873.1869053722003,-636.989768577536,2757.821087076411,9720.93999999979,9.720939999999791e+23,0.0,0.0
3.785e-05,155898.0,5.19659,3e+22,7376.63,267.944,13417.2,3.4422,3.44671,3.50293,0.00470372891,-0.00121426287,0.495144806,0.171450522,0.169888167,0.322875164,-0.000842667279,0.00205530417,-0.000232162906,4543.96019,235.333128,3828.42968,863.167802,3126.30224,2600.28487,4916.18752,44.2208048,8712.60334,75700.0,155897.646486,5.196588216,-30.000000000000004,30000 3000,1e-06,2,0.0 0.0259,0.0 0.0,-1.0 0.0,0.00054857 28.0,80000,1000,5e-10,0.0,0.0 0.0 0.0,1000 1000000 0,0,0.0,0,100,0,,10,,1,,,,1.0,10.0,0.1,False,{},,,False,3,mixed,250,300,True,Ar_Aubin,,False,uniform,Argon-Aubin-Test2/10Td,3.0000000000000005e+21,1.3417200000000002e+24,0.0,1.509091111111111e-13,1.5090111111111112e-13,0.0,0.0,0.0,0.0,0.0,0.0,0.0,0.0,0.0,0.0,0.0,0.0,4.444444444444445e-19,0.0,0.0,0.0,0.0,0.0,0.0,0.0,0.0,2.2222222222222226e-19,4.444444444444445e-19,2e-18,2.2222222222222226e-18,2.666666666666667e-18,0.0,0.0,0.0,0.0,0.0,0.0,2466.4768982915475,4509.262522210626,2452.2762927331464,3126.627594450439,1069.526240745633,2069.146448936799,1291.3478904426258,5029.00629818497,8715.83999999981,8.71583999999981e+23,0.0,0.0
3.79e-05,155802.0,5.19338,3e+22,2375.02,4533.47,7079.61,3.48402,3.44852,3.4538,0.00469481892,-0.00119206583,0.495585244,0.171637448,0.170172778,0.323446646,-0.000846454129,0.00205669537,-0.000272988799,1133.96626,1025.57126,-667.544785,-2671.46668,1449.60614,-783.972202,3708.69064,3383.93613,4380.32322,75800.0,155801.524711,5.193384157,-30.000000000000004,30000 3000,1e-06,2,0.0 0.0259,0.0 0.0,-1.0 0.0,0.00054857 28.0,80000,1000,5e-10,0.0,0.0 0.0 0.0,1000 1000000 0,0,0.0,0,100,0,,10,,1,,,,1.0,10.0,0.1,False,{},,,False,3,mixed,250,300,True,Ar_Aubin,,False,uniform,Argon-Aubin-Test2/10Td,3.0000000000000005e+21,7.07961e+23,0.0,1.505191111111111e-13,1.5051244444444446e-13,0.0,0.0,0.0,0.0,0.0,0.0,0.0,0.0,0.0,0.0,0.0,0.0,0.0,0.0,0.0,0.0,0.0,0.0,0.0,0.0,0.0,0.0,4.444444444444445e-19,1.3333333333333336e-18,1.5555555555555556e-18,3.3333333333333337e-18,0.0,0.0,0.0,0.0,0.0,0.0,1870.0974096719226,1122.8159711686214,2846.6441337440806,1455.0103346783303,1351.26838238131,871.7729707251606,74.70317229050193,1830.8835018208986,8808.75999999975,8.808759999999749e+23,0.0,0.0
3.795e-05,155719.0,5.19062,3e+22,-3616.83,-1425.71,12067.3,3.49066,3.41754,3.47214,0.00466892221,-0.00113484773,0.496038207,0.171868631,0.170521563,0.324027974,-0.000796228028,0.00210835219,-0.000229400336,5111.71459,-1800.67202,3063.85621,3186.20664,3574.44944,-1101.18309,-2060.8541,-1934.38097,6528.5009,75900.0,155718.703868,5.190623462,-30.000000000000004,30000 3000,1e-06,2,0.0 0.0259,0.0 0.0,-1.0 0.0,0.00054857 28.0,80000,1000,5e-10,0.0,0.0 0.0 0.0,1000 1000000 0,0,0.0,0,100,0,,10,,1,,,,1.0,10.0,0.1,False,{},,,False,3,mixed,250,300,True,Ar_Aubin,,False,uniform,Argon-Aubin-Test2/10Td,3.0000000000000005e+21,1.2067300000000001e+24,0.0,1.5058866666666667e-13,1.5058222222222224e-13,0.0,0.0,0.0,0.0,0.0,0.0,0.0,0.0,0.0,0.0,0.0,0.0,0.0,0.0,0.0,0.0,0.0,0.0,2.2222222222222226e-19,0.0,0.0,0.0,8.88888888888889e-19,1.5555555555555556e-18,1.1111111111111113e-18,2.666666666666667e-18,0.0,0.0,0.0,0.0,0.0,0.0,2314.2549008853266,5128.601287916794,3489.1814157275717,3572.8314762428618,1321.5926676463098,542.6590446689006,1247.519966662775,2740.746693239077,9059.26000000057,9.05926000000057e+23,0.0,0.0
3.8e-05,155708.0,5.19026,3e+22,4285.8,2480.83,7743.98,3.45102,3.45921,3.46981,0.00466394705,-0.00112547987,0.496541967,0.172086879,0.170662165,0.324658001,-0.00079767548,0.00213634076,-0.000202142832,1424.53329,2477.59505,-2987.35101,-344.282776,1399.73537,-1775.89225,3330.66558,-257.192661,4471.52926,76000.0,155707.663504,5.19025545,-30.000000000000004,30000 3000,1e-06,2,0.0 0.0259,0.0 0.0,-1.0 0.0,0.00054857 28.0,80000,1000,5e-10,0.0,0.0 0.0 0.0,1000 1000000 0,0,0.0,0,100,0,,10,,1,,,,1.0,10.0,0.1,False,{},,,False,3,mixed,250,300,True,Ar_Aubin,,False,uniform,Argon-Aubin-Test2/10Td,3.0000000000000005e+21,7.74398e+23,0.0,1.5053155555555555e-13,1.5052555555555557e-13,0.0,0.0,0.0,0.0,0.0,0.0,0.0,0.0,0.0,0.0,0.0,0.0,0.0,0.0,0.0,0.0,0.0,0.0,0.0,2.2222222222222226e-19,0.0,0.0,6.666666666666668e-19,1.3333333333333336e-18,2e-18,1.777777777777778e-18,0.0,0.0,0.0,0.0,0.0,0.0,2182.9443251783487,1404.54454573311,1406.2317443253037,1402.5274942258923,1300.0481154579193,626.3181983913405,562.1385896006047,-1820.8825048448589,10075.199999999286,1.0075199999999287e+24,0.0,0.0
3.805e-05,155768.0,5.19227,3e+22,1641.32,-3565.37,11755.0,3.47723,3.46652,3.43991,0.00467448282,-0.0012026707,0.497133697,0.172272154,0.170939645,0.32534422,-0.000826516434,0.00213226387,-0.000210169616,7236.7714,-1437.50114,-2979.79761,-274.139508,3002.05667,-1201.013,404.081232,-510.464903,5749.49825,76100.0,155768.020267,5.192267342,-30.000000000000004,30000 3000,1e-06,2,0.0 0.0259,0.0 0.0,-1.0 0.0,0.00054857 28.0,80000,1000,5e-10,0.0,0.0 0.0 0.0,1000 1000000 0,0,0.0,0,100,0,,10,,1,,,,1.0,10.0,0.1,False,{},,,False,3,mixed,250,300,True,Ar_Aubin,,False,uniform,Argon-Aubin-Test2/10Td,3.0000000000000005e+21,1.1755000000000001e+24,0.0,1.5025777777777777e-13,1.5025155555555558e-13,0.0,0.0,0.0,0.0,0.0,0.0,0.0,0.0,0.0,0.0,0.0,0.0,0.0,0.0,0.0,0.0,0.0,0.0,0.0,0.0,0.0,0.0,6.666666666666668e-19,2e-18,1.3333333333333336e-18,2.2222222222222226e-18,0.0,0.0,0.0,0.0,0.0,0.0,1851.7661245073814,7229.099077857877,2773.0028812514297,2997.768703966341,982.3129934130593,-94.30835823500001,-241.4874735747613,-3446.62040310914,11834.600000000251,1.1834600000000251e+24,0.0,0.0
3.81e-05,155839.0,5.19462,3e+22,-6208.72,-2007.85,12831.9,3.46607,3.47399,3.44799,0.00468321368,-0.00123210586,0.497710259,0.172578655,0.171170952,0.32601592,-0.000829416811,0.00210695465,-0.000252989329,1147.69491,-1735.15229,-2743.46929,3190.86118,-965.578713,-3528.32812,-3057.8155,-89.3908191,7031.01913,76200.0,155838.523797,5.19461746,-30.000000000000004,30000 3000,1e-06,2,0.0 0.0259,0.0 0.0,-1.0 0.0,0.00054857 28.0,80000,1000,5e-10,0.0,0.0 0.0 0.0,1000 1000000 0,0,0.0,0,100,0,,10,,1,,,,1.0,10.0,0.1,False,{},,,False,3,mixed,250,300,True,Ar_Aubin,,False,uniform,Argon-Aubin-Test2/10Td,3.0000000000000005e+21,1.28319e+24,0.0,1.5018866666666667e-13,1.501828888888889e-13,0.0,0.0,0.0,0.0,0.0,0.0,0.0,0.0,0.0,0.0,0.0,0.0,0.0,0.0,0.0,0.0,0.0,0.0,0.0,0.0,0.0,0.0,2.2222222222222226e-19,1.5555555555555556e-18,2e-18,2e-18,0.0,0.0,0.0,0.0,0.0,0.0,3064.19299261923,1176.7716724392894,2312.353319623706,-968.052596751001,981.1077904073318,644.4508575379004,-646.9957551111586,-2771.2356803619114,11531.240000000054,1.1531240000000055e+24,0.0,0.0
3.815e-05,155858.0,5.19528,3e+22,-5346.99,3509.26,-1361.73,3.44126,3.47584,3.47321,0.0047210845,-0.00121446484,0.498209277,0.172836748,0.171331567,0.326575968,-0.000823684697,0.00209055657,-0.000270231224,3990.47161,-1368.60431,-4242.28105,1385.36135,-456.368094,51.5675854,-5337.6056,1905.24147,-981.999835,76300.0,155858.313185,5.195277106,-30.000000000000004,30000 3000,1e-06,2,0.0 0.0259,0.0 0.0,-1.0 0.0,0.00054857 28.0,80000,1000,5e-10,0.0,0.0 0.0 0.0,1000 1000000 0,0,0.0,0,100,0,,10,,1,,,,1.0,10.0,0.1,False,{},,,False,3,mixed,250,300,True,Ar_Aubin,,False,uniform,Argon-Aubin-Test2/10Td,3.0000000000000005e+21,1.3617300000000002e+23,0.0,1.5054622222222223e-13,1.505408888888889e-13,0.0,0.0,0.0,0.0,0.0,0.0,0.0,0.0,0.0,0.0,0.0,0.0,0.0,0.0,0.0,0.0,0.0,0.0,0.0,0.0,0.0,0.0,2.2222222222222226e-19,1.777777777777778e-18,4.444444444444445e-19,2.888888888888889e-18,0.0,0.0,0.0,0.0,0.0,0.0,2577.3685151642135,4015.715201610655,1606.58160002658,-452.1062211155816,630.6622498430947,-303.57331623078994,-752.0536355152749,-6909.537785577586,9980.360000000355,9.980360000000355e+23,0.0,0.0
3.82e-05,155933.0,5.19776,3e+22,-6620.7,-6148.48,8818.21,3.43552,3.47265,3.48644,0.00472582552,-0.00128311989,0.498824581,0.173086928,0.171568008,0.327246218,-0.000783006563,0.00204123287,-0.000310285107,1648.2267,2985.54657,351.140631,1768.50648,1342.07783,-437.82007,-4224.6231,-4361.69213,2203.4134,76400.0,155932.724373,5.197757479,-30.000000000000004,30000 3000,1e-06,2,0.0 0.0259,0.0 0.0,-1.0 0.0,0.00054857 28.0,80000,1000,5e-10,0.0,0.0 0.0 0.0,1000 1000000 0,0,0.0,0,100,0,,10,,1,,,,1.0,10.0,0.1,False,{},,,False,3,mixed,250,300,True,Ar_Aubin,,False,uniform,Argon-Aubin-Test2/10Td,3.0000000000000005e+21,8.81821e+23,0.0,1.5068444444444444e-13,1.5067822222222224e-13,0.0,0.0,0.0,0.0,0.0,0.0,0.0,0.0,0.0,0.0,0.0,0.0,0.0,0.0,0.0,0.0,0.0,0.0,0.0,0.0,0.0,0.0,0.0,8.88888888888889e-19,2.4444444444444447e-18,2.888888888888889e-18,0.0,0.0,0.0,0.0,0.0,0.0,2501.3521201064373,1679.5149730202638,2362.6952819547078,1334.1885930187327,567.7107903714896,-2195.3265084200098,-1091.8707898439993,-612.5878874320188,12306.079999999665,1.2306079999999664e+24,0.0,0.0
3.825e-05,155931.0,5.19769,3e+22,162.274,-3989.34,5373.25,3.47933,3.45305,3.46275,0.0046493796,-0.00141262076,0.499422382,0.173268982,0.171774881,0.327921645,-0.000741731999,0.00200182088,-0.000393059645,-41.0008786,4187.51604,-229.637292,-108.260106,4332.93561,615.786809,1354.45553,-3855.19863,4080.60399,76500.0,155930.706656,5.197690222,-30.000000000000004,30000 3000,1e-06,2,0.0 0.0259,0.0 0.0,-1.0 0.0,0.00054857 28.0,80000,1000,5e-10,0.0,0.0 0.0 0.0,1000 1000000 0,0,0.0,0,100,0,,10,,1,,,,1.0,10.0,0.1,False,{},,,False,3,mixed,250,300,True,Ar_Aubin,,False,uniform,Argon-Aubin-Test2/10Td,3.0000000000000005e+21,5.373250000000001e+23,0.0,1.5044888888888888e-13,1.5044155555555557e-13,0.0,0.0,0.0,0.0,0.0,0.0,0.0,0.0,0.0,0.0,0.0,0.0,0.0,0.0,0.0,0.0,0.0,0.0,0.0,0.0,0.0,0.0,2.2222222222222226e-19,1.5555555555555556e-18,1.5555555555555556e-18,3.777777777777778e-18,0.0,0.0,0.0,0.0,2.2222222222222226e-19,0.0,1827.7069618058417,-41.7553520252104,2065.238992405294,4327.300185497302,786.73967271653,1397.0826759185002,-81.16579522200047,1018.7926914476319,11956.020000000179,1.1956020000000179e+24,0.0,0.0
3.83e-05,155976.0,5.1992,3e+22,-2900.32,-3093.31,11618.1,3.48038,3.48927,3.42787,0.0046971851,-0.00129976861,0.499953672,0.173402928,0.172040766,0.328568084,-0.000739131254,0.00207176838,-0.000321846645,2108.2029,-108.138387,-1217.78484,-3380.97568,-138.706359,-893.794696,-1986.92878,-1617.19402,8835.25603,76600.0,155975.939309,5.199197977,-30.000000000000004,30000 3000,1e-06,2,0.0 0.0259,0.0 0.0,-1.0 0.0,0.00054857 28.0,80000,1000,5e-10,0.0,0.0 0.0 0.0,1000 1000000 0,0,0.0,0,100,0,,10,,1,,,,1.0,10.0,0.1,False,{},,,False,3,mixed,250,300,True,Ar_Aubin,,False,uniform,Argon-Aubin-Test2/10Td,3.0000000000000005e+21,1.1618100000000002e+24,0.0,1.5046088888888889e-13,1.5045555555555558e-13,0.0,0.0,0.0,0.0,0.0,0.0,0.0,0.0,0.0,0.0,0.0,0.0,0.0,0.0,0.0,0.0,0.0,0.0,0.0,0.0,2.2222222222222226e-19,0.0,6.666666666666668e-19,2.666666666666667e-18,1.1111111111111113e-18,6.666666666666668e-19,0.0,0.0,0.0,0.0,0.0,0.0,1334.991828012555,2121.826239889232,2661.910989720795,-142.7269462389991,1154.8049627030377,3026.7442733368,871.5359169103946,-1809.26035223527,10625.800000000352,1.0625800000000353e+24,0.0,0.0
3.835e-05,155986.0,5.19953,3e+22,-845.201,-1341.96,12474.5,3.43712,3.4683,3.49275,0.00471996123,-0.00124675313,0.500518636,0.173708262,0.172292672,0.329264488,-0.000766554111,0.00210410501,-0.000265020138,1060.85224,-3863.50598,1740.16926,1118.20955,2647.5535,-719.256828,897.39038,-1596.44803,8639.15804,76700.0,155986.034921,5.199534497,-30.000000000000004,30000 3000,1e-06,2,0.0 0.0259,0.0 0.0,-1.0 0.0,0.00054857 28.0,80000,1000,5e-10,0.0,0.0 0.0 0.0,1000 1000000 0,0,0.0,0,100,0,,10,,1,,,,1.0,10.0,0.1,False,{},,,False,3,mixed,250,300,True,Ar_Aubin,,False,uniform,Argon-Aubin-Test2/10Td,3.0000000000000005e+21,1.24745e+24,0.0,1.5063466666666667e-13,1.5062800000000002e-13,0.0,0.0,0.0,0.0,0.0,0.0,0.0,0.0,0.0,0.0,0.0,0.0,0.0,0.0,0.0,0.0,0.0,0.0,0.0,0.0,0.0,0.0,0.0,1.5555555555555556e-18,2.4444444444444447e-18,2.666666666666667e-18,0.0,0.0,0.0,0.0,0.0,0.0,3051.195138509544,1064.8415559515572,2520.4100507236762,2645.880407169665,1311.7316298311143,2395.438315218,365.6602399241052,3001.7193353022008,11299.280000000022,1.1299280000000022e+24,0.0,0.0
3.84e-05,155989.0,5.19963,3e+22,-6978.3,2043.84,9661.77,3.44738,3.5035,3.44755,0.0046916136,-0.00127713679,0.501068573,0.174060225,0.172367278,0.329933028,-0.00074422529,0.00214139397,-0.000294822257,1779.09514,-288.34568,362.114873,966.536825,2623.45612,1308.93169,-5690.86459,928.859473,3723.67647,76800.0,155988.85404,5.199628468,-30.000000000000004,30000 3000,1e-06,2,0.0 0.0259,0.0 0.0,-1.0 0.0,0.00054857 28.0,80000,1000,5e-10,0.0,0.0 0.0 0.0,1000 1000000 0,0,0.0,0,100,0,,10,,1,,,,1.0,10.0,0.1,False,{},,,False,3,mixed,250,300,True,Ar_Aubin,,False,uniform,Argon-Aubin-Test2/10Td,3.0000000000000005e+21,9.661770000000001e+23,0.0,1.507531111111111e-13,1.5074666666666667e-13,0.0,0.0,0.0,0.0,0.0,0.0,0.0,0.0,0.0,0.0,0.0,0.0,0.0,0.0,0.0,0.0,0.0,0.0,0.0,0.0,0.0,0.0,0.0,2.888888888888889e-18,2.666666666666667e-18,8.88888888888889e-19,0.0,0.0,0.0,0.0,0.0,0.0,3522.2979584101367,1811.83462718488,745.2931498680426,2626.0663832568735,1177.3013504423614,-1117.5328365542096,977.9477038617933,-1877.4721855661724,10998.739999998897,1.0998739999998899e+24,0.0,0.0
3.845e-05,155916.0,5.19719,3e+22,5622.37,-916.002,13479.1,3.46856,3.49776,3.42684,0.0047265125,-0.00116379858,0.50157821,0.174318905,0.172492763,0.330598222,-0.000842256146,0.00216958768,-0.000256175112,1383.41466,-607.237733,2039.07778,678.386668,3405.47364,671.586355,2227.30372,-1297.04224,8357.53666,76900.0,155915.567634,5.197185588,-30.000000000000004,30000 3000,1e-06,2,0.0 0.0259,0.0 0.0,-1.0 0.0,0.00054857 28.0,80000,1000,5e-10,0.0,0.0 0.0 0.0,1000 1000000 0,0,0.0,0,100,0,,10,,1,,,,1.0,10.0,0.1,False,{},,,False,3,mixed,250,300,True,Ar_Aubin,,False,uniform,Argon-Aubin-Test2/10Td,3.0000000000000005e+21,1.34791e+24,0.0,1.5056088888888888e-13,1.5055355555555558e-13,0.0,0.0,0.0,0.0,0.0,0.0,0.0,0.0,0.0,0.0,0.0,0.0,0.0,2.2222222222222226e-19,0.0,0.0,0.0,0.0,0.0,0.0,0.0,0.0,2.2222222222222226e-19,2.2222222222222226e-18,1.5555555555555556e-18,3.1111111111111112e-18,0.0,0.0,0.0,0.0,0.0,0.0,2583.5131775903133,1356.8404579153748,1257.6165124553174,3404.407598173123,1542.0810145216901,1596.7138095889995,165.96324653534757,1382.6140848035498,10192.740000001255,1.0192740000001255e+24,0.0,0.0
3.85e-05,155946.0,5.1982,3e+22,-4818.07,-3105.65,10856.1,3.48737,3.45918,3.44899,0.00471074543,-0.00119059807,0.502117319,0.174566705,0.172738467,0.331340389,-0.000869825855,0.00218520724,-0.000288581427,8894.46664,-2044.04661,1046.45482,2220.95122,3055.14379,1714.20599,-1647.45444,-816.669647,7425.23493,77000.0,155945.942368,5.198198079,-30.000000000000004,30000 3000,1e-06,2,0.0 0.0259,0.0 0.0,-1.0 0.0,0.00054857 28.0,80000,1000,5e-10,0.0,0.0 0.0 0.0,1000 1000000 0,0,0.0,0,100,0,,10,,1,,,,1.0,10.0,0.1,False,{},,,False,3,mixed,250,300,True,Ar_Aubin,,False,uniform,Argon-Aubin-Test2/10Td,3.0000000000000005e+21,1.08561e+24,0.0,1.5071466666666666e-13,1.507088888888889e-13,0.0,0.0,0.0,0.0,0.0,0.0,0.0,0.0,0.0,0.0,0.0,0.0,0.0,0.0,0.0,0.0,0.0,0.0,0.0,0.0,0.0,0.0,2.2222222222222226e-19,1.5555555555555556e-18,2.4444444444444447e-18,1.5555555555555556e-18,0.0,0.0,0.0,0.0,0.0,0.0,2479.487979063777,8917.163341233922,2456.409033705365,3051.4462091039045,2010.6570705635818,1974.1991032040996,419.7674697904632,1767.0964476917068,10782.179999999642,1.0782179999999643e+24,0.0,0.0
3.855e-05,155741.0,5.19138,3e+22,-11285.7,587.192,12659.6,3.441,3.43104,3.50909,0.00462175989,-0.00105213803,0.502537394,0.174862199,0.173046834,0.331876696,-0.000908148439,0.00216367784,-0.000152762218,30.3361562,1033.07923,-598.492005,-2559.70405,3280.47553,-3316.54656,-5641.87411,112.858766,8821.83896,77100.0,155741.387646,5.191379588,-30.000000000000004,30000 3000,1e-06,2,0.0 0.0259,0.0 0.0,-1.0 0.0,0.00054857 28.0,80000,1000,5e-10,0.0,0.0 0.0 0.0,1000 1000000 0,0,0.0,0,100,0,,10,,1,,,,1.0,10.0,0.1,False,{},,,False,3,mixed,250,300,True,Ar_Aubin,,False,uniform,Argon-Aubin-Test2/10Td,3.0000000000000005e+21,1.26596e+24,0.0,1.5040244444444445e-13,1.5039422222222223e-13,0.0,0.0,0.0,0.0,0.0,0.0,0.0,0.0,0.0,0.0,0.0,0.0,0.0,0.0,0.0,0.0,0.0,0.0,0.0,0.0,0.0,0.0,8.88888888888889e-19,2.4444444444444447e-18,2.2222222222222226e-18,2.666666666666667e-18,0.0,0.0,0.0,0.0,0.0,0.0,2963.2445802546536,82.495951790573,3086.7752933011475,3281.0933370341118,1142.7667143659726,2459.916566917599,424.20589977549935,-627.3894790376444,8401.499999999285,8.401499999999286e+23,0.0,0.0
3.86e-05,155727.0,5.19091,3e+22,-645.544,-2657.46,17263.8,3.47977,3.45888,3.44143,0.00451719462,-0.00107813046,0.50292176,0.175172652,0.173231114,0.332420012,-0.000847119533,0.00211777207,-0.000166975843,4453.8507,-1450.3399,-1835.42645,-2204.7856,2720.23449,3910.6483,-751.151414,-1560.8928,10531.4166,77200.0,155727.217445,5.190907248,-30.000000000000004,30000 3000,1e-06,2,0.0 0.0259,0.0 0.0,-1.0 0.0,0.00054857 28.0,80000,1000,5e-10,0.0,0.0 0.0 0.0,1000 1000000 0,0,0.0,0,100,0,,10,,1,,,,1.0,10.0,0.1,False,{},,,False,3,mixed,250,300,True,Ar_Aubin,,False,uniform,Argon-Aubin-Test2/10Td,3.0000000000000005e+21,1.72638e+24,0.0,1.5040155555555556e-13,1.5039755555555557e-13,0.0,0.0,0.0,0.0,0.0,0.0,0.0,0.0,0.0,0.0,0.0,0.0,0.0,0.0,0.0,0.0,0.0,0.0,0.0,0.0,0.0,0.0,0.0,8.88888888888889e-19,1.1111111111111113e-18,2e-18,0.0,0.0,0.0,0.0,0.0,0.0,3114.086172458508,4456.766747883773,1842.246291453853,2717.369401427768,1568.5168681356388,1849.0759197120005,98.11864522792091,-2339.903683843316,7687.320000000497,7.687320000000499e+23,0.0,0.0
3.865e-05,155895.0,5.1965,3e+22,-1015.54,-7632.24,4317.19,3.49369,3.42787,3.47101,0.00458491031,-0.00112254105,0.503519845,0.175368804,0.173370359,0.333165577,-0.000876301006,0.002112456,-0.000186516645,1449.24471,-3608.56644,-2786.26582,854.079701,2910.7401,-310.793082,179.320481,-1497.07898,2980.91262,77300.0,155895.143406,5.19650478,-30.000000000000004,30000 3000,1e-06,2,0.0 0.0259,0.0 0.0,-1.0 0.0,0.00054857 28.0,80000,1000,5e-10,0.0,0.0 0.0 0.0,1000 1000000 0,0,0.0,0,100,0,,10,,1,,,,1.0,10.0,0.1,False,{},,,False,3,mixed,250,300,True,Ar_Aubin,,False,uniform,Argon-Aubin-Test2/10Td,3.0000000000000005e+21,4.31719e+23,0.0,1.503448888888889e-13,1.503406666666667e-13,0.0,0.0,0.0,0.0,0.0,0.0,0.0,0.0,0.0,0.0,0.0,0.0,0.0,0.0,0.0,0.0,0.0,0.0,0.0,0.0,0.0,0.0,4.444444444444445e-19,1.3333333333333336e-18,1.1111111111111113e-18,1.3333333333333336e-18,0.0,0.0,0.0,0.0,0.0,0.0,1955.356446841916,1453.9008698162174,1391.472668798577,2902.172597296548,1436.273726735382,807.1217803644504,-842.2786015434281,-2115.3947245499285,11961.70000000052,1.196170000000052e+24,0.0,0.0
3.87e-05,155919.0,5.19729,3e+22,619.565,841.778,7395.03,3.45501,3.50768,3.43158,0.00464367542,-0.00114674548,0.503998471,0.175627806,0.173550975,0.333803264,-0.000970756858,0.00206766721,-0.000177692458,4048.95222,-367.65807,602.514201,965.317908,-96.2533327,697.342452,1908.72595,-585.456323,3686.53042,77400.0,155918.80477,5.197293492,-30.000000000000004,30000 3000,1e-06,2,0.0 0.0259,0.0 0.0,-1.0 0.0,0.00054857 28.0,80000,1000,5e-10,0.0,0.0 0.0 0.0,1000 1000000 0,0,0.0,0,100,0,,10,,1,,,,1.0,10.0,0.1,False,{},,,False,3,mixed,250,300,True,Ar_Aubin,,False,uniform,Argon-Aubin-Test2/10Td,3.0000000000000005e+21,7.39503e+23,0.0,1.5044266666666665e-13,1.504377777777778e-13,0.0,0.0,0.0,0.0,0.0,0.0,0.0,0.0,0.0,0.0,0.0,0.0,0.0,0.0,0.0,0.0,0.0,0.0,0.0,0.0,2.2222222222222226e-19,0.0,2.2222222222222226e-19,8.88888888888889e-19,1.777777777777778e-18,1.777777777777778e-18,0.0,0.0,0.0,0.0,0.0,0.0,2584.596811444351,4046.075161238408,1805.6107321301474,-95.28802758333656,1554.625384862507,-40.5533929991293,-1532.0154574036042,2164.6402192737223,9572.51999999853,9.572519999998531e+23,0.0,0.0
3.875e-05,155982.0,5.19939,3e+22,1704.06,4525.08,10636.9,3.49814,3.42302,3.47684,0.00476302046,-0.00104910553,0.504549959,0.175837474,0.173778238,0.334431855,-0.000940486031,0.00213720336,-5.87510923e-05,1178.47333,2013.84635,-115.094398,-424.905519,4461.53955,-318.654951,-396.893186,3194.68402,6405.94446,77500.0,155981.692329,5.199389744,-30.000000000000004,30000 3000,1e-06,2,0.0 0.0259,0.0 0.0,-1.0 0.0,0.00054857 28.0,80000,1000,5e-10,0.0,0.0 0.0 0.0,1000 1000000 0,0,0.0,0,100,0,,10,,1,,,,1.0,10.0,0.1,False,{},,,False,3,mixed,250,300,True,Ar_Aubin,,False,uniform,Argon-Aubin-Test2/10Td,3.0000000000000005e+21,1.06369e+24,0.0,1.5053466666666665e-13,1.5052933333333334e-13,0.0,0.0,0.0,0.0,0.0,0.0,0.0,0.0,0.0,0.0,0.0,0.0,0.0,0.0,0.0,0.0,0.0,0.0,0.0,0.0,0.0,0.0,2.2222222222222226e-19,1.3333333333333336e-18,1.5555555555555556e-18,2.2222222222222226e-18,0.0,0.0,0.0,0.0,0.0,0.0,2085.4535750394753,1170.3568573549323,2274.774027828386,4466.286836451693,723.8864343611651,1039.0970011129002,135.1936738224358,-1422.4347594645142,11029.760000000888,1.1029760000000888e+24,0.0,0.0
3.88e-05,156132.0,5.2044,3e+22,9865.78,7545.93,12712.9,3.45399,3.45431,3.49871,0.0048887931,-0.00111284645,0.505153408,0.176103265,0.17405916,0.335199815,-0.000972418243,0.00221057712,-0.000124847653,4545.39145,1736.17705,4136.81067,-237.790275,2681.76872,-1442.61273,3593.17539,4128.7004,7526.36434,77600.0,156132.111134,5.204403704,-30.000000000000004,30000 3000,1e-06,2,0.0 0.0259,0.0 0.0,-1.0 0.0,0.00054857 28.0,80000,1000,5e-10,0.0,0.0 0.0 0.0,1000 1000000 0,0,0.0,0,100,0,,10,,1,,,,1.0,10.0,0.1,False,{},,,False,3,mixed,250,300,True,Ar_Aubin,,False,uniform,Argon-Aubin-Test2/10Td,3.0000000000000005e+21,1.27129e+24,0.0,1.50878e-13,1.5087333333333336e-13,0.0,0.0,0.0,0.0,0.0,0.0,0.0,0.0,0.0,0.0,0.0,0.0,0.0,0.0,0.0,0.0,0.0,0.0,0.0,0.0,0.0,0.0,0.0,1.3333333333333336e-18,1.1111111111111113e-18,2.2222222222222226e-18,0.0,0.0,0.0,0.0,0.0,0.0,2645.770659277791,4497.1596928098825,2807.8419519178556,2690.1661814124486,1586.5551288724023,1104.3995794368002,139.30084674551765,2684.102932620769,12068.979999999563,1.2068979999999563e+24,0.0,0.0
3.885e-05,156218.0,5.20726,3e+22,5121.75,-3560.97,8398.37,3.46684,3.45614,3.49092,0.00484472864,-0.00101943795,0.505677409,0.176292151,0.174321668,0.335922749,-0.00102932088,0.00217460424,-0.000101262395,1915.54495,-681.93287,-528.564151,-1696.04669,1205.90605,-1392.04496,2088.12096,-2578.36637,4955.88868,77700.0,156217.776722,5.207259224,-30.000000000000004,30000 3000,1e-06,2,0.0 0.0259,0.0 0.0,-1.0 0.0,0.00054857 28.0,80000,1000,5e-10,0.0,0.0 0.0 0.0,1000 1000000 0,0,0.0,0,100,0,,10,,1,,,,1.0,10.0,0.1,False,{},,,False,3,mixed,250,300,True,Ar_Aubin,,False,uniform,Argon-Aubin-Test2/10Td,3.0000000000000005e+21,8.398370000000001e+23,0.0,1.5088733333333334e-13,1.508828888888889e-13,0.0,0.0,0.0,0.0,0.0,0.0,0.0,0.0,0.0,0.0,0.0,0.0,0.0,0.0,0.0,0.0,0.0,0.0,0.0,0.0,2.2222222222222226e-19,2.2222222222222226e-19,4.444444444444445e-19,1.3333333333333336e-18,1.1111111111111113e-18,1.1111111111111113e-18,0.0,0.0,0.0,0.0,0.0,0.0,1893.1490237936166,1890.7314610880799,2627.0717348739204,1202.2758620431885,1932.5764106115084,709.0226985766694,-325.0442102281821,-1071.0842842140667,10480.020000001034,1.0480020000001034e+24,0.0,0.0
3.89e-05,156183.0,5.2061,3e+22,1894.82,5924.42,3937.82,3.4871,3.45846,3.46634,0.00484461502,-0.00107453223,0.506287664,0.176476092,0.174471259,0.336628122,-0.000998086509,0.00216277427,-0.000123668193,3415.38214,-2553.60511,1733.1256,1639.301,4242.91801,1324.62051,-643.475525,4516.29784,4592.2958,77800.0,156183.138126,5.206104604,-30.000000000000004,30000 3000,1e-06,2,0.0 0.0259,0.0 0.0,-1.0 0.0,0.00054857 28.0,80000,1000,5e-10,0.0,0.0 0.0 0.0,1000 1000000 0,0,0.0,0,100,0,,10,,1,,,,1.0,10.0,0.1,False,{},,,False,3,mixed,250,300,True,Ar_Aubin,,False,uniform,Argon-Aubin-Test2/10Td,3.0000000000000005e+21,3.93782e+23,0.0,1.512771111111111e-13,1.512688888888889e-13,0.0,0.0,0.0,0.0,0.0,0.0,0.0,0.0,0.0,0.0,0.0,0.0,0.0,0.0,0.0,0.0,0.0,2.2222222222222226e-19,0.0,0.0,2.2222222222222226e-19,0.0,0.0,2.2222222222222226e-18,2e-18,3.555555555555556e-18,0.0,0.0,0.0,0.0,0.0,0.0,1839.4210090322272,3406.2024665678036,1494.75634220575,4249.283990234057,878.1625437637164,2598.62611094752,-294.57930943639116,111.24886158146353,12205.10000000008,1.220510000000008e+24,0.0,0.0
3.895e-05,156019.0,5.20062,3e+22,9503.89,-1928.18,17303.2,3.45335,3.48503,3.46063,0.0048325803,-0.000897931049,0.506788195,0.176782331,0.174668022,0.337301657,-0.00101194904,0.00208809777,-8.58944196e-06,6419.59557,-1005.60501,-663.548872,303.981075,1295.30338,-612.685996,3329.26853,559.841564,8779.18564,77900.0,156018.698168,5.200623272,-30.000000000000004,30000 3000,1e-06,2,0.0 0.0259,0.0 0.0,-1.0 0.0,0.00054857 28.0,80000,1000,5e-10,0.0,0.0 0.0 0.0,1000 1000000 0,0,0.0,0,100,0,,10,,1,,,,1.0,10.0,0.1,False,{},,,False,3,mixed,250,300,True,Ar_Aubin,,False,uniform,Argon-Aubin-Test2/10Td,3.0000000000000005e+21,1.7303200000000002e+24,0.0,1.5073977777777778e-13,1.507308888888889e-13,0.0,0.0,0.0,0.0,0.0,0.0,0.0,0.0,0.0,0.0,0.0,0.0,0.0,0.0,0.0,0.0,0.0,0.0,0.0,0.0,0.0,0.0,4.444444444444445e-19,1.777777777777778e-18,2.888888888888889e-18,3.777777777777778e-18,0.0,0.0,0.0,0.0,0.0,0.0,3063.554623360665,6373.667258412634,1971.113393445523,1293.5720073099392,1664.5912721879874,10.128144275999148,-1420.0465194889098,-2234.35870402551,10010.620000000526,1.0010620000000527e+24,0.0,0.0
3.9e-05,156121.0,5.20405,3e+22,-8047.53,2441.55,2051.0,3.48132,3.43693,3.48942,0.00485924801,-0.000913236632,0.50735422,0.177002417,0.174848427,0.337917509,-0.000994441622,0.00212973897,-3.80250146e-05,35.3603268,812.977186,-582.487675,1136.64057,-384.813022,142.79,-3319.15241,165.160858,251.5133,78000.0,156121.438184,5.204047939,-30.000000000000004,30000 3000,1e-06,2,0.0 0.0259,0.0 0.0,-1.0 0.0,0.00054857 28.0,80000,1000,5e-10,0.0,0.0 0.0 0.0,1000 1000000 0,0,0.0,0,100,0,,10,,1,,,,1.0,10.0,0.1,False,{},,,False,3,mixed,250,300,True,Ar_Aubin,,False,uniform,Argon-Aubin-Test2/10Td,3.0000000000000005e+21,2.051e+23,0.0,1.5116644444444445e-13,1.5116155555555557e-13,0.0,0.0,0.0,0.0,0.0,0.0,0.0,0.0,0.0,0.0,0.0,0.0,0.0,0.0,0.0,0.0,0.0,0.0,0.0,0.0,0.0,0.0,0.0,2e-18,8.88888888888889e-19,2e-18,0.0,0.0,0.0,0.0,0.0,0.0,2198.275411332551,74.4652709379153,1803.7727902273093,-382.5833091011404,418.22039549777037,-789.07020522,507.51727058913866,171.34190340808982,11320.49999999829,1.132049999999829e+24,0.0,0.0
3.905e-05,156057.0,5.20192,3e+22,-2089.96,-4749.77,9004.08,3.49674,3.44862,3.45786,0.00483687695,-0.000855288632,0.507732713,0.177256823,0.175071832,0.338433754,-0.000936329067,0.002106382,1.35479351e-05,3043.1761,-1359.58745,2065.21246,390.059812,1134.94903,-127.841961,-1309.60006,-2287.19835,5410.67634,78100.0,156057.470603,5.201915687,-30.000000000000004,30000 3000,1e-06,2,0.0 0.0259,0.0 0.0,-1.0 0.0,0.00054857 28.0,80000,1000,5e-10,0.0,0.0 0.0 0.0,1000 1000000 0,0,0.0,0,100,0,,10,,1,,,,1.0,10.0,0.1,False,{},,,False,3,mixed,250,300,True,Ar_Aubin,,False,uniform,Argon-Aubin-Test2/10Td,3.0000000000000005e+21,9.004080000000001e+23,0.0,1.5079711111111112e-13,1.5079222222222224e-13,0.0,0.0,0.0,0.0,0.0,0.0,0.0,0.0,0.0,0.0,0.0,0.0,0.0,0.0,0.0,0.0,0.0,0.0,0.0,0.0,0.0,0.0,2.2222222222222226e-19,1.3333333333333336e-18,1.3333333333333336e-18,2e-18,0.0,0.0,0.0,0.0,0.0,0.0,2546.229125932609,3053.284979350422,2235.0748250202223,1130.8866057143853,1320.4170146796646,839.0103735309604,-276.75284741126956,1773.2018338535245,7569.860000000705,7.569860000000706e+23,0.0,0.0
3.91e-05,156019.0,5.20062,3e+22,1403.36,2545.23,3485.66,3.4782,3.44282,3.48011,0.00482377721,-0.000973808671,0.508176383,0.177433957,0.1753361,0.339014024,-0.000974479038,0.00213593303,2.53405013e-05,679.216869,306.817119,-2291.59183,-279.800964,2342.2407,-1073.73415,1307.7361,1766.78023,2572.15294,78200.0,156018.628702,5.200620957,-30.000000000000004,30000 3000,1e-06,2,0.0 0.0259,0.0 0.0,-1.0 0.0,0.00054857 28.0,80000,1000,5e-10,0.0,0.0 0.0 0.0,1000 1000000 0,0,0.0,0,100,0,,10,,1,,,,1.0,10.0,0.1,False,{},,,False,3,mixed,250,300,True,Ar_Aubin,,False,uniform,Argon-Aubin-Test2/10Td,3.0000000000000005e+21,3.48566e+23,0.0,1.5062888888888888e-13,1.5062333333333336e-13,0.0,0.0,0.0,0.0,0.0,0.0,0.0,0.0,0.0,0.0,0.0,0.0,0.0,0.0,0.0,0.0,0.0,2.2222222222222226e-19,0.0,0.0,0.0,0.0,2.2222222222222226e-19,8.88888888888889e-19,2.888888888888889e-18,1.3333333333333336e-18,0.0,0.0,0.0,0.0,0.0,0.0,1772.6055205771752,672.4473730145744,2640.5121531627997,2344.7192670436893,1295.416113776815,800.82284883222,681.2406259006782,-1713.8241861166885,8873.400000000143,8.873400000000144e+23,0.0,0.0
3.915e-05,156065.0,5.20218,3e+22,-3277.34,1280.45,6849.58,3.45456,3.48153,3.46793,0.00481479232,-0.000997567556,0.508614765,0.177605669,0.175459532,0.339449073,-0.000962518045,0.00215171294,-3.39489104e-05,592.287198,-481.037999,-2157.21845,1390.45465,801.976209,373.245654,-2067.86531,1907.81105,2538.44109,78300.0,156065.479124,5.202182637,-30.000000000000004,30000 3000,1e-06,2,0.0 0.0259,0.0 0.0,-1.0 0.0,0.00054857 28.0,80000,1000,5e-10,0.0,0.0 0.0 0.0,1000 1000000 0,0,0.0,0,100,0,,10,,1,,,,1.0,10.0,0.1,False,{},,,False,3,mixed,250,300,True,Ar_Aubin,,False,uniform,Argon-Aubin-Test2/10Td,3.0000000000000005e+21,6.849580000000001e+23,0.0,1.507908888888889e-13,1.5078711111111112e-13,0.0,0.0,0.0,0.0,0.0,0.0,0.0,0.0,0.0,0.0,0.0,0.0,0.0,0.0,0.0,0.0,0.0,0.0,0.0,0.0,0.0,0.0,0.0,6.666666666666668e-19,1.1111111111111113e-18,2e-18,0.0,0.0,0.0,0.0,0.0,0.0,1717.9860148697214,608.0669094620288,1233.851622989557,803.2535443770803,-106.9393704256072,-945.3564320487003,364.7020123005371,-2591.1595512541253,8767.6400000003,8.767640000000299e+23,0.0,0.0
3.92e-05,155935.0,5.19785,3e+22,1629.73,4989.07,16705.6,3.44857,3.44445,3.50093,0.0046588845,-0.000885828843,0.509130128,0.17781706,0.175685699,0.340060398,-0.00092184302,0.00211657784,8.20713654e-05,6282.05366,2467.87258,4276.00975,-1885.52396,3972.28204,-238.286839,1676.4572,2213.01351,7044.44677,78400.0,155935.486638,5.197849555,-30.000000000000004,30000 3000,1e-06,2,0.0 0.0259,0.0 0.0,-1.0 0.0,0.00054857 28.0,80000,1000,5e-10,0.0,0.0 0.0 0.0,1000 1000000 0,0,0.0,0,100,0,,10,,1,,,,1.0,10.0,0.1,False,{},,,False,3,mixed,250,300,True,Ar_Aubin,,False,uniform,Argon-Aubin-Test2/10Td,3.0000000000000005e+21,1.67056e+24,0.0,1.5061022222222222e-13,1.5060177777777779e-13,0.0,0.0,0.0,0.0,0.0,0.0,0.0,0.0,0.0,0.0,0.0,0.0,0.0,0.0,0.0,0.0,0.0,0.0,0.0,0.0,0.0,0.0,0.0,2.2222222222222226e-18,3.1111111111111112e-18,3.1111111111111112e-18,0.0,0.0,0.0,0.0,0.0,0.0,2128.680203004052,6274.460936163815,2263.77448289683,3976.701502105746,868.1693870882245,-1460.8774963168007,835.2180507677655,5044.89284559136,10307.259999999818,1.0307259999999819e+24,0.0,0.0
3.925e-05,155898.0,5.19661,3e+22,-1027.77,3649.19,14828.6,3.46795,3.46346,3.46048,0.00459418282,-0.000817521879,0.509631182,0.178112162,0.17583441,0.340671556,-0.000998694446,0.00210532434,8.96086491e-05,1720.85603,-849.869668,1898.81965,-889.477179,-419.346886,-427.076146,-857.027642,1772.52361,9328.68688,78500.0,155898.327189,5.196610906,-30.000000000000004,30000 3000,1e-06,2,0.0 0.0259,0.0 0.0,-1.0 0.0,0.00054857 28.0,80000,1000,5e-10,0.0,0.0 0.0 0.0,1000 1000000 0,0,0.0,0,100,0,,10,,1,,,,1.0,10.0,0.1,False,{},,,False,3,mixed,250,300,True,Ar_Aubin,,False,uniform,Argon-Aubin-Test2/10Td,3.0000000000000005e+21,1.48286e+24,0.0,1.5057355555555554e-13,1.5056711111111113e-13,0.0,0.0,0.0,0.0,0.0,0.0,0.0,0.0,0.0,0.0,0.0,0.0,0.0,0.0,0.0,0.0,0.0,0.0,0.0,0.0,2.2222222222222226e-19,0.0,4.444444444444445e-19,1.3333333333333336e-18,2.2222222222222226e-18,2.2222222222222226e-18,0.0,0.0,0.0,0.0,0.0,0.0,2957.006890007552,1725.5777932769113,1488.2735071644615,-416.36359333437196,1007.0357057928582,1771.5699345947987,387.7228188304584,1497.450348559488,10021.080000000016,1.0021080000000017e+24,0.0,0.0
3.93e-05,155821.0,5.19404,3e+22,2107.7,-9632.72,7961.22,3.42064,3.50196,3.46457,0.00465658553,-0.000799043188,0.510133846,0.178309008,0.176041297,0.341304255,-0.000998169223,0.00214884756,8.81353012e-05,-228.793291,481.278286,1270.78137,1679.27466,5006.39464,357.362661,1497.42135,-5903.76435,5352.62085,78600.0,155821.115814,5.194037194,-30.000000000000004,30000 3000,1e-06,2,0.0 0.0259,0.0 0.0,-1.0 0.0,0.00054857 28.0,80000,1000,5e-10,0.0,0.0 0.0 0.0,1000 1000000 0,0,0.0,0,100,0,,10,,1,,,,1.0,10.0,0.1,False,{},,,False,3,mixed,250,300,True,Ar_Aubin,,False,uniform,Argon-Aubin-Test2/10Td,3.0000000000000005e+21,7.96122e+23,0.0,1.5068177777777777e-13,1.506746666666667e-13,0.0,0.0,0.0,0.0,0.0,0.0,0.0,0.0,0.0,0.0,0.0,0.0,0.0,0.0,0.0,0.0,0.0,0.0,0.0,2.2222222222222226e-19,0.0,2.2222222222222226e-19,2.2222222222222226e-19,1.777777777777778e-18,1.3333333333333336e-18,3.3333333333333337e-18,0.0,0.0,0.0,0.0,0.0,0.0,1962.6872698536024,-238.60797632158102,2069.1687200635747,4998.697680702089,1200.9983196542562,1291.33307254788,187.6031046769023,1655.9215109326535,10053.27999999972,1.0053279999999722e+24,0.0,0.0
3.935e-05,155959.0,5.19865,3e+22,-7305.38,1734.32,14277.3,3.48132,3.46821,3.44628,0.00465286898,-0.000966084953,0.51079721,0.178463304,0.176307027,0.342074352,-0.00103404756,0.00217481398,2.30992384e-05,731.14182,1655.60814,-705.346304,798.524344,2071.32744,5564.20172,-3421.19113,1593.37127,8640.28333,78700.0,155959.458972,5.198648632,-30.000000000000004,30000 3000,1e-06,2,0.0 0.0259,0.0 0.0,-1.0 0.0,0.00054857 28.0,80000,1000,5e-10,0.0,0.0 0.0 0.0,1000 1000000 0,0,0.0,0,100,0,,10,,1,,,,1.0,10.0,0.1,False,{},,,False,3,mixed,250,300,True,Ar_Aubin,,False,uniform,Argon-Aubin-Test2/10Td,3.0000000000000005e+21,1.42773e+24,0.0,1.5082933333333333e-13,1.5082355555555556e-13,0.0,0.0,0.0,0.0,0.0,0.0,0.0,0.0,0.0,0.0,0.0,0.0,0.0,0.0,0.0,0.0,0.0,0.0,0.0,0.0,2.2222222222222226e-19,0.0,2.2222222222222226e-19,1.3333333333333336e-18,1.5555555555555556e-18,2.4444444444444447e-18,0.0,0.0,0.0,0.0,0.0,0.0,1543.3059905317625,765.1327959891124,2654.351498798668,2073.002940455687,928.4809096765656,1347.478323667001,495.5162433460496,-461.4001182983534,13267.279999999993,1.3267279999999994e+24,0.0,0.0
3.94e-05,155976.0,5.19921,3e+22,2805.55,-1676.81,1539.81,3.49554,3.41277,3.49004,0.00465989044,-0.00112461733,0.511291084,0.178646063,0.176590046,0.342644619,-0.00105768937,0.00218575806,-4.85069686e-05,1309.14506,-1354.57806,-37.5524769,-739.71762,1770.89025,-1537.48042,637.941275,-2490.48631,866.088529,78800.0,155976.445733,5.199214858,-30.000000000000004,30000 3000,1e-06,2,0.0 0.0259,0.0 0.0,-1.0 0.0,0.00054857 28.0,80000,1000,5e-10,0.0,0.0 0.0 0.0,1000 1000000 0,0,0.0,0,100,0,,10,,1,,,,1.0,10.0,0.1,False,{},,,False,3,mixed,250,300,True,Ar_Aubin,,False,uniform,Argon-Aubin-Test2/10Td,3.0000000000000005e+21,1.53981e+23,0.0,1.5087577777777778e-13,1.508706666666667e-13,0.0,0.0,0.0,0.0,0.0,0.0,0.0,0.0,0.0,0.0,0.0,0.0,2.2222222222222226e-19,0.0,0.0,0.0,0.0,2.2222222222222226e-19,0.0,0.0,0.0,0.0,4.444444444444445e-19,8.88888888888889e-19,1.3333333333333336e-18,2e-18,0.0,0.0,0.0,0.0,0.0,0.0,1826.9361083222968,1296.071504376058,2826.8755599747396,1769.0044804148827,654.8416588897377,78.79740494596001,101.12278181417626,-841.2392485146164,9877.480000000105,9.877480000000106e+23,0.0,0.0
3.945e-05,155890.0,5.19634,3e+22,-8010.68,3144.57,15890.7,3.45678,3.48957,3.44449,0.00470102118,-0.00120494023,0.511738239,0.178859627,0.17685299,0.343196278,-0.00111063757,0.00219267663,-4.63774258e-05,1472.39793,-1612.15268,-3242.13891,1889.80618,1396.64748,-125.973308,-3078.69433,3640.88858,8561.15485,78900.0,155890.294517,5.196343151,-30.000000000000004,30000 3000,1e-06,2,0.0 0.0259,0.0 0.0,-1.0 0.0,0.00054857 28.0,80000,1000,5e-10,0.0,0.0 0.0 0.0,1000 1000000 0,0,0.0,0,100,0,,10,,1,,,,1.0,10.0,0.1,False,{},,,False,3,mixed,250,300,True,Ar_Aubin,,False,uniform,Argon-Aubin-Test2/10Td,3.0000000000000005e+21,1.58907e+24,0.0,1.50374e-13,1.5036755555555557e-13,0.0,0.0,0.0,0.0,0.0,0.0,0.0,0.0,0.0,0.0,0.0,0.0,0.0,0.0,0.0,0.0,0.0,2.2222222222222226e-19,0.0,0.0,0.0,0.0,2.2222222222222226e-19,1.3333333333333336e-18,2.4444444444444447e-18,2.2222222222222226e-18,0.0,0.0,0.0,0.0,0.0,0.0,2131.7897877801142,1510.0563063462025,2627.5688318105895,1400.4364988990512,942.0632307394206,429.2760155226997,-324.265915321309,-2296.164480872505,8943.100000000648,8.943100000000649e+23,0.0,0.0
3.95e-05,156013.0,5.20042,3e+22,4283.72,-5100.27,8797.03,3.49361,3.4502,3.45633,0.00467018222,-0.0012025983,0.512400387,0.179072157,0.177120136,0.343980863,-0.00115964591,0.00218295005,-2.51818261e-07,2101.58657,-931.38363,2673.47999,1323.68818,3856.95033,-259.823437,2752.38815,-618.963084,6271.98657,79000.0,156012.536772,5.200417892,-30.000000000000004,30000 3000,1e-06,2,0.0 0.0259,0.0 0.0,-1.0 0.0,0.00054857 28.0,80000,1000,5e-10,0.0,0.0 0.0 0.0,1000 1000000 0,0,0.0,0,100,0,,10,,1,,,,1.0,10.0,0.1,False,{},,,False,3,mixed,250,300,True,Ar_Aubin,,False,uniform,Argon-Aubin-Test2/10Td,3.0000000000000005e+21,8.797030000000001e+23,2.222222222222222e-19,1.506328888888889e-13,1.506268888888889e-13,0.0,0.0,0.0,0.0,0.0,0.0,0.0,0.0,0.0,0.0,0.0,0.0,0.0,0.0,0.0,0.0,0.0,0.0,0.0,2.2222222222222226e-19,0.0,0.0,4.444444444444445e-19,2e-18,1.1111111111111113e-18,2e-18,0.0,0.0,0.0,0.0,0.0,2.2222222222222226e-19,2128.1899816680275,2081.5808170205414,2671.5163828675004,3850.816753968459,1064.5365707140365,1764.38499354939,59.2508653276657,3189.8046211055535,13242.959999999472,1.324295999999947e+24,1.6780404246651134e-23,2.526105085718955e-23
3.955e-05,156014.0,5.20046,3e+22,-4775.65,-3184.34,12248.5,3.47567,3.48788,3.43633,0.00461143559,-0.00122055267,0.512877895,0.179252719,0.177380084,0.34459451,-0.00110379074,0.00212849798,1.33361674e-05,2754.55022,357.714686,-2567.58373,735.186126,-55.1872614,-1977.28202,-2530.88366,-2454.21709,8354.80708,79100.0,156013.781992,5.2004594,-30.000000000000004,30000 3000,1e-06,2,0.0 0.0259,0.0 0.0,-1.0 0.0,0.00054857 28.0,80000,1000,5e-10,0.0,0.0 0.0 0.0,1000 1000000 0,0,0.0,0,100,0,,10,,1,,,,1.0,10.0,0.1,False,{},,,False,3,mixed,250,300,True,Ar_Aubin,,False,uniform,Argon-Aubin-Test2/10Td,3.0000000000000005e+21,1.2248500000000002e+24,0.0,1.5071e-13,1.507046666666667e-13,0.0,0.0,0.0,0.0,0.0,0.0,0.0,0.0,0.0,0.0,0.0,0.0,0.0,0.0,0.0,0.0,0.0,0.0,0.0,0.0,2.2222222222222226e-19,0.0,4.444444444444445e-19,6.666666666666668e-19,2.2222222222222226e-18,1.777777777777778e-18,0.0,0.0,0.0,0.0,0.0,0.0,1811.0726376729947,2776.5728223753836,2599.044938508821,-59.0739160891878,1240.6841811873903,2072.8221830925004,-531.0454287752765,-2705.6252395673646,9550.160000000307,9.550160000000308e+23,0.0,0.0
3.96e-05,156031.0,5.20104,3e+22,-5813.45,-5615.46,7324.3,3.43976,3.4873,3.47434,0.00457277176,-0.0012044749,0.513437945,0.179559033,0.177575097,0.345292922,-0.00108191521,0.00211836602,1.66772591e-05,3706.86375,-1043.31763,861.145653,3107.39387,1205.38884,2027.363,-3651.29777,-3032.51398,3305.37942,79200.0,156031.160738,5.201038691,-30.000000000000004,30000 3000,1e-06,2,0.0 0.0259,0.0 0.0,-1.0 0.0,0.00054857 28.0,80000,1000,5e-10,0.0,0.0 0.0 0.0,1000 1000000 0,0,0.0,0,100,0,,10,,1,,,,1.0,10.0,0.1,False,{},,,False,3,mixed,250,300,True,Ar_Aubin,,False,uniform,Argon-Aubin-Test2/10Td,3.0000000000000005e+21,7.324300000000001e+23,0.0,1.5093177777777777e-13,1.5092533333333336e-13,0.0,0.0,0.0,0.0,0.0,0.0,0.0,0.0,0.0,0.0,0.0,0.0,0.0,0.0,0.0,0.0,0.0,0.0,0.0,0.0,0.0,0.0,2.2222222222222226e-19,1.5555555555555556e-18,2e-18,2.666666666666667e-18,0.0,0.0,0.0,0.0,0.0,0.0,3066.6909663165657,3733.447329988172,1950.519890355218,1198.625159378046,1236.238138080381,-455.1941205634994,142.7376583770009,161.20135215848177,11200.999999998463,1.1200999999998463e+24,0.0,0.0
3.965e-05,156127.0,5.20424,3e+22,-2967.12,-5744.51,-615.589,3.4532,3.51652,3.43851,0.00458278191,-0.00143104514,0.513971136,0.179796509,0.177827597,0.345929751,-0.000988561919,0.00218138158,-0.000121608821,-183.677848,-136.209279,-1274.88725,2381.35127,4332.19564,3415.10767,-65.9969424,-4818.03802,604.630847,79300.0,156127.101158,5.204236705,-30.000000000000004,30000 3000,1e-06,2,0.0 0.0259,0.0 0.0,-1.0 0.0,0.00054857 28.0,80000,1000,5e-10,0.0,0.0 0.0 0.0,1000 1000000 0,0,0.0,0,100,0,,10,,1,,,,1.0,10.0,0.1,False,{},,,False,3,mixed,250,300,True,Ar_Aubin,,False,uniform,Argon-Aubin-Test2/10Td,3.0000000000000005e+21,6.15589e+22,0.0,1.5085977777777778e-13,1.5085533333333334e-13,0.0,0.0,0.0,0.0,0.0,0.0,0.0,0.0,0.0,0.0,0.0,0.0,0.0,0.0,0.0,0.0,0.0,0.0,0.0,0.0,0.0,0.0,0.0,6.666666666666668e-19,1.777777777777778e-18,2e-18,0.0,0.0,0.0,0.0,0.0,0.0,2373.8435153441983,-170.0801841392008,2519.028695920078,4323.9749868828185,890.2372469249409,921.025824639104,1108.6494217096583,186.95095478151484,10663.820000000878,1.0663820000000878e+24,0.0,0.0
3.97e-05,156037.0,5.20124,3e+22,-1391.3,5622.23,9468.32,3.50544,3.44673,3.44962,0.0047067426,-0.00144535497,0.514468627,0.179978874,0.178018062,0.346529198,-0.000981435345,0.00231336388,-0.000128311327,1977.1349,-1597.94287,310.246853,-1000.10467,2152.58842,-3474.77624,994.938073,3437.44504,4707.10944,79400.0,156037.17175,5.201239058,-30.000000000000004,30000 3000,1e-06,2,0.0 0.0259,0.0 0.0,-1.0 0.0,0.00054857 28.0,80000,1000,5e-10,0.0,0.0 0.0 0.0,1000 1000000 0,0,0.0,0,100,0,,10,,1,,,,1.0,10.0,0.1,False,{},,,False,3,mixed,250,300,True,Ar_Aubin,,False,uniform,Argon-Aubin-Test2/10Td,3.0000000000000005e+21,9.468320000000001e+23,0.0,1.5075e-13,1.507426666666667e-13,0.0,0.0,0.0,0.0,0.0,0.0,0.0,0.0,0.0,0.0,0.0,0.0,0.0,0.0,0.0,0.0,0.0,0.0,2.2222222222222226e-19,0.0,0.0,2.2222222222222226e-19,1.3333333333333336e-18,1.5555555555555556e-18,8.88888888888889e-19,3.1111111111111112e-18,0.0,0.0,0.0,0.0,0.0,0.0,1812.1346413199624,1983.68339097938,1904.238392034241,2160.714538072983,878.0747386538668,-164.04415039663945,1318.5704251708012,1976.400181650668,9949.819999999221,9.949819999999222e+23,0.0,0.0
3.975e-05,155809.0,5.19364,3e+22,-7841.58,7690.67,10589.7,3.4527,3.45335,3.47989,0.00467314106,-0.00123207359,0.514873488,0.180126609,0.178325261,0.347076122,-0.00103268983,0.00229560419,-3.34220297e-05,340.516337,-395.10734,-713.04362,2491.77353,1251.69844,2937.44489,-1556.86577,4600.12691,6705.78016,79500.0,155809.092878,5.193636429,-30.000000000000004,30000 3000,1e-06,2,0.0 0.0259,0.0 0.0,-1.0 0.0,0.00054857 28.0,80000,1000,5e-10,0.0,0.0 0.0 0.0,1000 1000000 0,0,0.0,0,100,0,,10,,1,,,,1.0,10.0,0.1,False,{},,,False,3,mixed,250,300,True,Ar_Aubin,,False,uniform,Argon-Aubin-Test2/10Td,3.0000000000000005e+21,1.0589700000000002e+24,0.0,1.504631111111111e-13,1.504546666666667e-13,0.0,0.0,0.0,0.0,0.0,0.0,0.0,0.0,0.0,0.0,0.0,0.0,0.0,0.0,0.0,0.0,0.0,0.0,0.0,0.0,0.0,0.0,2.2222222222222226e-19,2.2222222222222226e-18,2.2222222222222226e-18,3.777777777777778e-18,0.0,0.0,0.0,0.0,0.0,0.0,1480.5017853597446,377.1611464732748,3077.7004565812895,1261.1739113964052,1301.83521978966,1253.4243841263997,-47.294488276150226,1718.0250941479576,8097.220000000682,8.097220000000683e+23,0.0,0.0
3.98e-05,155835.0,5.19451,3e+22,-1430.74,2072.45,13346.1,3.4853,3.46692,3.43576,0.00459925751,-0.00114209918,0.515291595,0.18037288,0.178568816,0.34768747,-0.00100193392,0.00219455357,-5.29768536e-05,-393.369456,3105.64851,435.992665,650.376034,5828.36411,-3323.80446,-1008.04772,2430.34024,6040.17672,79600.0,155835.387349,5.194512912,-30.000000000000004,30000 3000,1e-06,2,0.0 0.0259,0.0 0.0,-1.0 0.0,0.00054857 28.0,80000,1000,5e-10,0.0,0.0 0.0 0.0,1000 1000000 0,0,0.0,0,100,0,,10,,1,,,,1.0,10.0,0.1,False,{},,,False,3,mixed,250,300,True,Ar_Aubin,,False,uniform,Argon-Aubin-Test2/10Td,3.0000000000000005e+21,1.33461e+24,0.0,1.5041666666666667e-13,1.504128888888889e-13,0.0,0.0,0.0,0.0,0.0,0.0,0.0,0.0,0.0,0.0,0.0,0.0,0.0,0.0,0.0,0.0,0.0,0.0,0.0,2.2222222222222226e-19,0.0,0.0,2.2222222222222226e-19,1.3333333333333336e-18,1.3333333333333336e-18,6.666666666666668e-19,0.0,0.0,0.0,0.0,0.0,0.0,2469.5607772337594,-386.7891143101426,2437.6861479422087,5830.731053445591,1806.2876764213254,-836.9564360294999,-1298.6584133082256,103.81109097608896,8362.140000000018,8.362140000000019e+23,0.0,0.0
3.985e-05,155777.0,5.19257,3e+22,1037.24,-1930.41,11897.9,3.45266,3.50271,3.42894,0.00448985656,-0.00110674658,0.515729711,0.18055943,0.178809901,0.348256273,-0.000983666068,0.00210230098,-1.04896032e-05,1542.56077,-613.583231,1442.75721,1744.86031,4692.99623,-1702.5842,716.310403,-1408.88048,8310.02815,79700.0,155776.995851,5.192566528,-30.000000000000004,30000 3000,1e-06,2,0.0 0.0259,0.0 0.0,-1.0 0.0,0.00054857 28.0,80000,1000,5e-10,0.0,0.0 0.0 0.0,1000 1000000 0,0,0.0,0,100,0,,10,,1,,,,1.0,10.0,0.1,False,{},,,False,3,mixed,250,300,True,Ar_Aubin,,False,uniform,Argon-Aubin-Test2/10Td,3.0000000000000005e+21,1.1897900000000001e+24,0.0,1.504128888888889e-13,1.5040711111111113e-13,0.0,0.0,0.0,0.0,0.0,0.0,0.0,0.0,0.0,0.0,0.0,0.0,0.0,0.0,0.0,0.0,0.0,0.0,0.0,0.0,2.2222222222222226e-19,0.0,0.0,2.4444444444444447e-18,1.1111111111111113e-18,2e-18,0.0,0.0,0.0,0.0,0.0,0.0,1875.44357713898,1537.9037111817056,2411.645025446052,4690.859755334502,1170.9606950049968,2173.9276214931006,-756.9255595325005,1570.7122631971363,8762.319999999769,8.76231999999977e+23,0.0,0.0
3.99e-05,155779.0,5.19262,3e+22,-4524.93,-5344.99,10699.6,3.46542,3.45395,3.46494,0.00449250609,-0.0010955843,0.51623395,0.180819203,0.179083793,0.348946148,-0.000966253249,0.00214779914,1.45006046e-05,5488.94335,-1905.44418,973.810465,-2063.06961,1579.02352,-409.645085,-2773.25872,-4991.55617,6970.71412,79800.0,155778.71031,5.192623677,-30.000000000000004,30000 3000,1e-06,2,0.0 0.0259,0.0 0.0,-1.0 0.0,0.00054857 28.0,80000,1000,5e-10,0.0,0.0 0.0 0.0,1000 1000000 0,0,0.0,0,100,0,,10,,1,,,,1.0,10.0,0.1,False,{},,,False,3,mixed,250,300,True,Ar_Aubin,,False,uniform,Argon-Aubin-Test2/10Td,3.0000000000000005e+21,1.0699600000000001e+24,0.0,1.5028288888888887e-13,1.5027711111111113e-13,0.0,0.0,0.0,0.0,0.0,0.0,0.0,0.0,0.0,0.0,0.0,0.0,0.0,0.0,0.0,0.0,0.0,0.0,0.0,0.0,0.0,0.0,2.2222222222222226e-19,1.3333333333333336e-18,2.888888888888889e-18,1.3333333333333336e-18,0.0,0.0,0.0,0.0,0.0,0.0,2597.492009606961,5509.271625581823,2739.1658303393965,1573.167632872343,1695.1867554093615,1447.2173485799985,837.328437609964,488.40621421293645,10084.78000000146,1.008478000000146e+24,0.0,0.0
3.995e-05,155735.0,5.19118,3e+22,17.2859,-7893.5,3185.33,3.43625,3.48773,3.45797,0.00423563106,-0.00104870696,0.516763034,0.181082734,0.179252761,0.349596283,-0.00103999613,0.00200697749,6.03795695e-05,3969.4914,-1965.12501,-1700.05574,-615.012266,2426.69368,-2437.46642,3808.69424,-6806.11315,3405.67021,79900.0,155735.333427,5.191177781,-30.000000000000004,30000 3000,1e-06,2,0.0 0.0259,0.0 0.0,-1.0 0.0,0.00054857 28.0,80000,1000,5e-10,0.0,0.0 0.0 0.0,1000 1000000 0,0,0.0,0,100,0,,10,,1,,,,1.0,10.0,0.1,False,{},,,False,3,mixed,250,300,True,Ar_Aubin,,False,uniform,Argon-Aubin-Test2/10Td,3.0000000000000005e+21,3.1853300000000003e+23,0.0,1.5012933333333334e-13,1.5012222222222223e-13,0.0,0.0,0.0,0.0,0.0,0.0,0.0,0.0,0.0,0.0,0.0,0.0,0.0,0.0,0.0,0.0,0.0,0.0,0.0,0.0,0.0,0.0,4.444444444444445e-19,1.3333333333333336e-18,2.666666666666667e-18,2.666666666666667e-18,0.0,0.0,0.0,0.0,0.0,0.0,2657.730404922454,3969.4181833050598,1690.6851867046214,2418.4157116112397,1035.928237174133,1759.6094149087803,-209.1008646096151,2086.2139031862293,10581.67999999915,1.0581679999999151e+24,0.0,0.0
4e-05,155819.0,5.19398,3e+22,2008.96,1622.01,12190.8,3.4741,3.4641,3.44887,0.00420747931,-0.00110420471,0.517348238,0.181354419,0.179478966,0.350360015,-0.00105867269,0.00198388611,3.0859184e-05,1122.45802,441.717449,-259.529489,2651.47761,-1006.98031,1042.9331,1476.19575,2292.13073,8595.0765,80000.0,155819.360534,5.193978684,-30.000000000000004,30000 3000,1e-06,2,0.0 0.0259,0.0 0.0,-1.0 0.0,0.00054857 28.0,80000,1000,5e-10,0.0,0.0 0.0 0.0,1000 1000000 0,0,0.0,0,100,0,,10,,1,,,,1.0,10.0,0.1,False,{},,,False,3,mixed,250,300,True,Ar_Aubin,,False,uniform,Argon-Aubin-Test2/10Td,3.0000000000000005e+21,1.21908e+24,0.0,1.5030577777777776e-13,1.5030022222222224e-13,0.0,0.0,0.0,0.0,0.0,0.0,0.0,0.0,0.0,0.0,0.0,0.0,0.0,0.0,0.0,0.0,0.0,0.0,0.0,0.0,0.0,0.0,4.444444444444445e-19,1.777777777777778e-18,1.1111111111111113e-18,2.2222222222222226e-18,0.0,0.0,0.0,0.0,0.0,0.0,2719.2268833234334,1114.0053623653823,2260.855182463495,-1005.1892789183329,1585.6594718055562,2288.1876001896,-220.11659959438393,126.04180601517214,11704.079999999007,1.1704079999999007e+24,0.0,0.0
