t,Ki,Mi,Ni,Vxi,Vyi,Vzi,Txi,Tyi,Tzi,Rxi,Ryi,Rzi,XX,YY,ZZ,XY,XZ,YZ,XVX,XVY,XVZ,YVX,YVY,YVZ,ZVX,ZVY,ZVZ,step,KEe,MEe,E,NP,L,SP,TP,VV,QP,MP,NS,VS,DT,ET,B,FV,EX,MEM,SE,OS,CR,LV,Ered,Bred,gas_index,duration,NN,pct_ion,Nmin,EP_0,DE,autostep,pc_scale,indeck,vdf_init,downsample,n,analytic_cs,nsamples,mix_thresh,fixed_background,eadf,ECS,egen,eesd,directory,n_gas,mobN,k_i,k_tot,k_1,k_2,k_3,k_4,k_5,k_6,k_7,k_8,k_9,k_10,k_11,k_12,k_13,k_14,k_15,k_16,k_17,k_18,k_19,k_20,k_21,k_22,k_23,k_24,k_25,k_26,k_27,k_28,k_29,k_30,k_31,k_32,k_33,D_XX_bulk,D_XX,D_YY_bulk,D_YY,D_ZZ_bulk,D_ZZ,D_H_bulk,D_H,Wz,mobN_bulk,a_n_bulk,a_n
0.0,0.0,0.0,3e+22,0.0,0.0,0.0,0.0,0.0,0.0,0.0,0.0,0.0,0.0,0.0,0.0,0.0,0.0,0.0,0.0,0.0,0.0,0.0,0.0,0.0,0.0,0.0,0.0,0.0,0.0,0.0,-210.0,30000 3000,1e-06,2,0.0 0.0259,0.0 0.0,-1.0 0.0,0.00054857 28.0,30000,1000,0,0.0,0.0 0.0 0.0,1000 1000000 0,0,0.0,0,100,0,,70,,1,,,10,1.0,10.0,0.1,True,{},,,False,3,mixed,250,300,True,Ar_Aubin,,False,uniform,Argon_Aubin_Model3-test/70Td,3.0000000000000005e+21,0.0,,,,,,,,,,,,,,,,,,,,,,,,,,,,,,,,,,,,,0.0,,0.0,,0.0,,0.0,,,,
2.53896e-08,63488.5,2.11628,3e+22,747.657,414.499,556494.0,0.66152,0.67927,1.13105,-9.69153609e-08,-2.60106957e-06,0.0100777319,2.76425337e-06,2.78866131e-06,0.000108168786,-8.4083748e-09,3.53224006e-08,-1.15513922e-08,396.917301,-1.00130161,1.60033422,-3.07688342,403.834464,-2.01065926,10.4292641,7.40489934,6373.66391,100.0,63488.548562,2.116284952,-210.0,30000 3000,1e-06,2,0.0 0.0259,0.0 0.0,-1.0 0.0,0.00054857 28.0,30000,1000,0,0.0,0.0 0.0 0.0,1000 1000000 0,0,0.0,0,100,0,,70,,1,,,10,1.0,10.0,0.1,True,{},,,False,3,mixed,250,300,True,Ar_Aubin,,False,uniform,Argon_Aubin_Model3-test/70Td,3.0000000000000005e+21,7.949914285714287e+24,0.0,1.0015912026971674e-14,1.0015912026971675e-14,0.0,0.0,0.0,0.0,0.0,0.0,0.0,0.0,0.0,0.0,0.0,0.0,0.0,0.0,0.0,0.0,0.0,0.0,0.0,0.0,0.0,0.0,0.0,0.0,0.0,0.0,0.0,0.0,0.0,0.0,0.0,0.0,54.43672528530211,396.917373459448,54.917260304161786,403.8355421407357,130.13410513994714,765.4665740414002,1.4296833201051589,4.548844337690384,396923.6183319154,5.67033740474165e+24,0.0,0.0
5.07791e-08,107547.0,3.58492,3e+22,6505.68,2979.57,105672.0,2.3841,2.36026,2.3617,-6.10881222e-05,6.39627127e-06,0.0170741341,8.51541941e-05,8.58265272e-05,0.000359380956,-7.36226616e-07,-1.04783471e-06,8.18052064e-07,2144.86782,9.12874285,-37.4705224,-22.9783886,2157.44631,15.6516588,140.647829,59.6122101,2774.86104,200.0,107547.48751,3.58491625,-210.0,30000 3000,1e-06,2,0.0 0.0259,0.0 0.0,-1.0 0.0,0.00054857 28.0,30000,1000,0,0.0,0.0 0.0 0.0,1000 1000000 0,0,0.0,0,100,0,,70,,1,,,10,1.0,10.0,0.1,True,{},,,False,3,mixed,250,300,True,Ar_Aubin,,False,uniform,Argon_Aubin_Model3-test/70Td,3.0000000000000005e+21,1.5096000000000001e+24,0.0,6.560035079980255e-14,6.560035079980255e-14,0.0,0.0,0.0,0.0,0.0,0.0,0.0,0.0,0.0,0.0,0.0,0.0,0.0,0.0,0.0,0.0,0.0,0.0,0.0,0.0,0.0,0.0,0.0,0.0,0.0,0.0,0.0,0.0,0.0,0.0,0.0,0.0,1622.4400735088118,2145.265239774834,1635.2725474855206,2157.427251862012,1206.1394229033701,970.6031413848,-1.6190490304752705,-1.4462420825695972,275561.73393830546,3.93659619911865e+24,0.0,0.0
7.61687e-08,122786.0,4.09287,3e+22,-5603.41,322.156,85884.6,2.70169,2.71072,2.73121,-6.91547754e-05,-5.05205616e-06,0.0194988738,0.000198411762,0.000198119165,0.000491740171,-1.74854807e-07,-2.05398908e-06,3.35675123e-07,2175.70965,-84.8819786,-46.896871,60.074859,2169.97473,-17.7496545,-39.7634714,50.6478505,2295.96155,300.0,122786.003875,4.092866796,-210.0,30000 3000,1e-06,2,0.0 0.0259,0.0 0.0,-1.0 0.0,0.00054857 28.0,30000,1000,0,0.0,0.0 0.0 0.0,1000 1000000 0,0,0.0,0,100,0,,70,,1,,,10,1.0,10.0,0.1,True,{},,,False,3,mixed,250,300,True,Ar_Aubin,,False,uniform,Argon_Aubin_Model3-test/70Td,3.0000000000000005e+21,1.2269228571428575e+24,0.0,9.454133450966799e-14,9.4541334509668e-14,0.0,0.0,0.0,0.0,0.0,0.0,0.0,0.0,0.0,0.0,0.0,0.0,0.0,0.0,0.0,0.0,0.0,0.0,0.0,0.0,0.0,0.0,0.0,0.0,0.0,0.0,0.0,0.0,0.0,0.0,0.0,0.0,2230.372224763551,2175.3221474399757,2211.3907503271957,2169.9763575502043,860.1787896708959,621.3085732365198,-27.59952587547825,28.539172262976848,95501.2958061569,1.3643042258022415e+24,0.0,0.0
1.01558e-07,137379.0,4.5793,3e+22,3322.18,-1800.54,84192.1,3.04682,2.99987,3.07154,-0.000118234804,-8.58229874e-05,0.0218498555,0.000306067486,0.000307011102,0.000621755907,-1.3147136e-08,-3.5749985e-06,-2.9210517e-06,2083.00974,-123.363688,2.41678479,42.8161327,2018.41809,12.5728529,79.4827954,-102.11349,2310.21806,400.0,137379.059365,4.579301979,-210.0,30000 3000,1e-06,2,0.0 0.0259,0.0 0.0,-1.0 0.0,0.00054857 28.0,30000,1000,0,0.0,0.0 0.0 0.0,1000 1000000 0,0,0.0,0,100,0,,70,,1,,,10,1.0,10.0,0.1,True,{},,,False,3,mixed,250,300,True,Ar_Aubin,,False,uniform,Argon_Aubin_Model3-test/70Td,3.0000000000000005e+21,1.202744285714286e+24,0.0,1.1547422741770035e-13,1.1546810067464195e-13,0.0,0.0,0.0,0.0,0.0,0.0,0.0,0.0,0.0,0.0,0.0,0.0,0.0,0.0,0.0,0.0,0.0,0.0,0.0,0.0,0.0,0.0,4.376245041714368e-19,1.7504980166857473e-18,1.3128735125143105e-18,2.188122520857184e-18,0.0,0.0,4.376245041714368e-19,0.0,0.0,0.0,2119.894108494889,2083.4025373011527,2144.275548612526,2018.2635622782666,646.0446422441902,470.6328407584499,-11.265883500375052,19.26486368685839,92596.24807007598,1.3228035438582286e+24,0.0,0.0
1.26948e-07,150224.0,5.00748,3e+22,3666.28,376.593,68629.0,3.30562,3.29828,3.3842,-3.78084066e-05,-4.73658749e-05,0.0239626852,0.000410498164,0.000414537487,0.000752667602,1.14496257e-06,-2.87796351e-06,-6.70768773e-07,1911.07824,-48.1122657,-75.4504618,-55.6861448,1955.09054,74.2063386,191.967846,-68.5743637,2222.14623,500.0,150224.378858,5.007479295,-210.0,30000 3000,1e-06,2,0.0 0.0259,0.0 0.0,-1.0 0.0,0.00054857 28.0,30000,1000,0,0.0,0.0 0.0 0.0,1000 1000000 0,0,0.0,0,100,0,,70,,1,,,10,1.0,10.0,0.1,True,{},,,False,3,mixed,250,300,True,Ar_Aubin,,False,uniform,Argon_Aubin_Model3-test/70Td,3.0000000000000005e+21,9.804142857142859e+23,0.0,1.3415685512528313e-13,1.3414197589214133e-13,0.0,0.0,0.0,0.0,0.0,0.0,0.0,0.0,0.0,0.0,0.0,0.0,0.0,0.0,0.0,0.0,0.0,0.0,4.376245041714368e-19,4.376245041714368e-19,0.0,4.376245041714368e-19,4.376245041714368e-19,6.126743058400115e-18,2.188122520857184e-18,4.376245041714368e-18,0.0,0.0,4.376245041714368e-19,0.0,0.0,0.0,2056.8112139078075,1911.2168562049494,2117.6290106788056,1955.1083776569262,671.8813682882216,577.6111074091998,-38.61374134296799,31.258223841495408,83216.34448750666,1.1888049212500954e+24,0.0,0.0
1.52337e-07,159575.0,5.31917,3e+22,3036.84,-8879.39,66925.1,3.54392,3.51409,3.55436,-4.86223445e-05,-0.000114762021,0.0256906451,0.000512423155,0.000517814983,0.000874764909,2.74003946e-06,-2.34520571e-06,-4.10928805e-06,1857.68744,-149.346226,72.858677,51.8513089,1980.75093,49.2027563,66.8913557,-279.04964,2372.02265,600.0,159574.973232,5.319165774,-210.0,30000 3000,1e-06,2,0.0 0.0259,0.0 0.0,-1.0 0.0,0.00054857 28.0,30000,1000,0,0.0,0.0 0.0 0.0,1000 1000000 0,0,0.0,0,100,0,,70,,1,,,10,1.0,10.0,0.1,True,{},,,False,3,mixed,250,300,True,Ar_Aubin,,False,uniform,Argon_Aubin_Model3-test/70Td,3.0000000000000005e+21,9.560728571428574e+23,8.752490083428735e-19,1.4952885345880902e-13,1.494772137673168e-13,0.0,0.0,0.0,0.0,0.0,4.376245041714368e-19,0.0,0.0,0.0,0.0,4.376245041714368e-19,0.0,1.7504980166857473e-18,4.376245041714368e-19,4.376245041714368e-19,4.376245041714368e-19,4.376245041714368e-19,1.7504980166857473e-18,0.0,1.3128735125143105e-18,2.625747025028621e-18,0.0,4.376245041714368e-19,1.750498016685747e-17,8.752490083428736e-18,9.190114587600173e-18,0.0,0.0,4.376245041714368e-19,8.752490083428737e-19,3.5009960333714946e-18,8.752490083428737e-19,2007.2009079155418,1857.8350982806712,2033.6391515549885,1979.7319132583527,714.8270027914007,652.6736576179899,34.49862349978081,64.98570930241296,68057.78350190626,9.722540500272325e+23,1.2860380742760425e-23,1.3078038110408103e-23
1.77727e-07,168739.0,5.62463,3e+22,1471.21,2964.84,59304.7,3.68681,3.76653,3.77587,-4.04700535e-05,-0.000124747405,0.0275445563,0.000614547803,0.00061757214,0.0010133683,2.76178655e-06,-1.28609406e-06,-3.81629959e-06,1932.35815,37.4058848,18.838997,128.634464,1644.79948,-44.0874285,-36.9579931,109.540495,2441.90907,700.0,168738.899564,5.624629985,-210.0,30000 3000,1e-06,2,0.0 0.0259,0.0 0.0,-1.0 0.0,0.00054857 28.0,30000,1000,0,0.0,0.0 0.0 0.0,1000 1000000 0,0,0.0,0,100,0,,70,,1,,,10,1.0,10.0,0.1,True,{},,,False,3,mixed,250,300,True,Ar_Aubin,,False,uniform,Argon_Aubin_Model3-test/70Td,3.0000000000000005e+21,8.472100000000001e+23,1.750498016685747e-18,1.6274380061127392e-13,1.626584638329605e-13,4.376245041714368e-19,0.0,0.0,0.0,0.0,0.0,0.0,8.752490083428737e-19,4.376245041714368e-19,0.0,4.376245041714368e-19,0.0,1.7504980166857473e-18,4.376245041714368e-19,0.0,8.752490083428737e-19,0.0,3.938620537542931e-18,1.7504980166857473e-18,2.188122520857184e-18,1.3128735125143105e-18,2.625747025028621e-18,2.188122520857184e-18,2.231884971274328e-17,1.8817853679371784e-17,1.2691110620971668e-17,0.0,4.376245041714368e-19,4.376245041714368e-19,0.0,9.62773909177161e-18,1.7504980166857473e-18,2011.1654832520894,1932.4176899474098,1964.4808387373132,1645.1693360962402,785.9528092266984,808.3874219953902,36.420499756409136,-56.242758392321555,73018.52727100857,1.0431218181572655e+24,2.3973340494649613e-23,2.9517020011664286e-23
2.03116e-07,174857.0,5.82857,3e+22,-2862.43,1132.88,61643.9,3.89302,3.87948,3.86298,-5.66442765e-05,-0.000107760439,0.0292142617,0.000712518674,0.000716131004,0.00115217144,1.4670457e-06,-8.28953719e-07,-3.2688456e-06,1593.2983,-69.2455768,73.5238579,-62.5374934,1933.40334,121.412734,-0.469515903,165.790215,2582.72434,800.0,174857.087234,5.828569574,-210.0,30000 3000,1e-06,2,0.0 0.0259,0.0 0.0,-1.0 0.0,0.00054857 28.0,30000,1000,0,0.0,0.0 0.0 0.0,1000 1000000 0,0,0.0,0,100,0,,70,,1,,,10,1.0,10.0,0.1,True,{},,,False,3,mixed,250,300,True,Ar_Aubin,,False,uniform,Argon_Aubin_Model3-test/70Td,3.0000000000000005e+21,8.80627142857143e+23,6.1267430584001144e-18,1.7366690823539297e-13,1.7351767827947053e-13,1.7504980166857473e-18,0.0,4.376245041714368e-19,0.0,0.0,8.752490083428737e-19,3.5009960333714946e-18,4.376245041714368e-19,4.376245041714368e-19,1.7504980166857473e-18,8.752490083428737e-19,1.7504980166857473e-18,3.5009960333714946e-18,2.625747025028621e-18,0.0,0.0,3.0633715292000576e-18,1.7504980166857473e-18,8.752490083428737e-19,3.5009960333714946e-18,2.188122520857184e-18,3.938620537542931e-18,3.938620537542931e-18,3.982382987960075e-17,2.4069347729429023e-17,2.5382221241943336e-17,0.0,1.3128735125143105e-18,2.625747025028621e-18,8.752490083428737e-19,1.1815861612628794e-17,6.126743058400115e-18,1929.3194900898402,1593.136159723618,1941.007609470822,1933.5254196461344,867.1392043943691,781.84331319137,39.277160387851644,160.16989523106935,65763.35980086344,9.394765685837636e+23,9.316347396106841e-23,9.9389283585239e-23
2.28506e-07,180159.0,6.00529,3e+22,3414.13,6791.34,60880.0,4.0049,3.93107,4.05321,-6.25720258e-05,-9.03108886e-05,0.0308767509,0.000809740377,0.000816301297,0.00129639076,2.93886571e-07,-2.14253738e-06,-3.17702179e-06,1880.48553,-236.25464,-160.749569,-65.3527286,1717.95865,-157.008618,121.889292,182.601782,2675.5875,900.0,180158.686779,6.005289559,-210.0,30000 3000,1e-06,2,0.0 0.0259,0.0 0.0,-1.0 0.0,0.00054857 28.0,30000,1000,0,0.0,0.0 0.0 0.0,1000 1000000 0,0,0.0,0,100,0,,70,,1,,,10,1.0,10.0,0.1,True,{},,,False,3,mixed,250,300,True,Ar_Aubin,,False,uniform,Argon_Aubin_Model3-test/70Td,3.0000000000000005e+21,8.697142857142859e+23,8.314865579257298e-18,1.810754534665112e-13,1.8089952841583433e-13,1.3128735125143105e-18,0.0,0.0,0.0,0.0,4.376245041714368e-19,4.376245041714368e-19,1.7504980166857473e-18,4.376245041714368e-19,0.0,1.7504980166857473e-18,4.376245041714368e-19,6.5643675625715526e-18,4.376245041714368e-19,8.752490083428737e-19,4.376245041714368e-19,8.752490083428737e-19,2.188122520857184e-18,2.188122520857184e-18,4.376245041714368e-18,4.813869545885805e-18,5.6891185542286785e-18,3.938620537542931e-18,4.770107095468661e-17,2.7570343762800523e-17,3.1071339796172016e-17,0.0,2.188122520857184e-18,4.376245041714368e-19,1.7504980166857473e-18,1.794260467102891e-17,8.3148655792573e-18,1914.5830638459736,1880.6991590304444,1972.7319307041794,1718.5719819501849,872.7719329063109,795.8109052080001,-40.81921434536924,-140.46813361951303,65479.14106563313,9.354163009376162e+23,1.2698495190892743e-22,1.3657794972498848e-22
2.53896e-07,183888.0,6.12959,3e+22,-6694.3,6982.21,61258.7,4.06311,4.08676,4.08744,-0.000144598485,-6.46526411e-05,0.0324504819,0.000908766711,0.000914334998,0.00144211286,2.13066635e-06,-4.30551592e-06,-2.06419274e-06,1832.09851,-95.1485565,2.22178229,-73.4503713,1821.37777,-445.011345,-221.430408,255.914778,2759.33361,1000.0,183887.678914,6.129589297,-210.0,30000 3000,1e-06,2,0.0 0.0259,0.0 0.0,-1.0 0.0,0.00054857 28.0,30000,1000,0,0.0,0.0 0.0 0.0,1000 1000000 0,0,0.0,0,100,0,,70,,1,,,10,1.0,10.0,0.1,True,{},,,False,3,mixed,250,300,True,Ar_Aubin,,False,uniform,Argon_Aubin_Model3-test/70Td,3.0000000000000005e+21,8.751242857142858e+23,8.752490083428734e-18,1.8770196370867513e-13,1.8749234157117702e-13,1.7504980166857473e-18,8.752490083428737e-19,1.3128735125143105e-18,0.0,4.376245041714368e-19,1.7504980166857473e-18,8.752490083428737e-19,1.3128735125143105e-18,0.0,8.752490083428737e-19,8.752490083428737e-19,1.3128735125143105e-18,7.001992066742989e-18,2.625747025028621e-18,8.752490083428737e-19,1.3128735125143105e-18,2.188122520857184e-18,2.188122520857184e-18,8.752490083428737e-19,9.190114587600173e-18,8.752490083428736e-18,4.376245041714368e-18,3.938620537542931e-18,5.4265438517258164e-17,2.9320841779486266e-17,3.457233582954351e-17,0.0,2.625747025028621e-18,3.5009960333714946e-18,1.7504980166857473e-18,2.0130727191886093e-17,8.752490083428736e-18,1949.8011102291557,1831.1305243618644,1930.666042249553,1821.8291883172149,907.1050863035078,771.4592744324702,23.525030970355914,6.8825504862395235,61983.29237167982,8.854756053097119e+23,1.4120724712306101e-22,1.4287750284333057e-22
2.79285e-07,186390.0,6.21301,3e+22,1715.29,6150.34,67326.8,4.10636,4.12647,4.16719,-0.000201854268,-3.92535541e-05,0.0339794696,0.00100390808,0.00100904437,0.0015913717,2.30317603e-06,-4.57152252e-06,-1.97497903e-06,1710.56211,-142.335105,-13.8111097,137.946254,1707.6684,-30.570501,158.426656,294.715675,3281.32247,1100.0,186390.352184,6.213011739,-210.0,30000 3000,1e-06,2,0.0 0.0259,0.0 0.0,-1.0 0.0,0.00054857 28.0,30000,1000,0,0.0,0.0 0.0 0.0,1000 1000000 0,0,0.0,0,100,0,,70,,1,,,10,1.0,10.0,0.1,True,{},,,False,3,mixed,250,300,True,Ar_Aubin,,False,uniform,Argon_Aubin_Model3-test/70Td,3.0000000000000005e+21,9.618114285714288e+23,1.094061260428592e-17,1.9185677075127875e-13,1.916156396494803e-13,8.752490083428737e-19,4.376245041714368e-19,4.376245041714368e-19,0.0,0.0,4.376245041714368e-19,2.188122520857184e-18,8.752490083428737e-19,4.376245041714368e-19,1.7504980166857473e-18,2.188122520857184e-18,2.188122520857184e-18,6.5643675625715526e-18,2.188122520857184e-18,8.752490083428737e-19,4.376245041714368e-19,4.376245041714368e-18,5.6891185542286785e-18,1.7504980166857473e-18,7.001992066742989e-18,1.2691110620971668e-17,7.001992066742989e-18,5.6891185542286785e-18,6.345555310485835e-17,3.7198082854572133e-17,2.97584662836577e-17,0.0,3.5009960333714946e-18,4.376245041714368e-18,2.625747025028621e-18,2.3194098721086152e-17,1.0940612604285921e-17,1873.2381088389488,1710.9083486073578,1865.1733607952028,1707.9098227039235,939.1298256944515,993.5935161347202,74.85757329285737,99.9211038205984,60221.02356870522,8.60300336695789e+23,1.8167430501748191e-22,1.625001129458985e-22
3.04675e-07,187844.0,6.26148,3e+22,1373.57,-2575.76,59277.2,4.13638,4.21426,4.15229,-0.000168854835,-9.48080169e-05,0.035533136,0.00110435001,0.00110697969,0.00175253097,-3.37211662e-06,-3.26122872e-06,-7.03769284e-07,2087.10329,-95.6680951,169.47231,-185.082708,1913.30458,187.523529,45.880304,-9.41501585,3185.50307,1200.0,187844.269205,6.26147564,-210.0,30000 3000,1e-06,2,0.0 0.0259,0.0 0.0,-1.0 0.0,0.00054857 28.0,30000,1000,0,0.0,0.0 0.0 0.0,1000 1000000 0,0,0.0,0,100,0,,70,,1,,,10,1.0,10.0,0.1,True,{},,,False,3,mixed,250,300,True,Ar_Aubin,,False,uniform,Argon_Aubin_Model3-test/70Td,3.0000000000000005e+21,8.46817142857143e+23,1.794260467102891e-17,1.9476478558149793e-13,1.9448426827432405e-13,2.625747025028621e-18,8.752490083428737e-19,8.752490083428737e-19,0.0,4.376245041714368e-19,1.3128735125143105e-18,2.625747025028621e-18,3.938620537542931e-18,0.0,2.188122520857184e-18,3.0633715292000576e-18,1.3128735125143105e-18,7.001992066742989e-18,3.938620537542931e-18,4.376245041714368e-19,1.7504980166857473e-18,3.0633715292000576e-18,4.813869545885805e-18,8.752490083428737e-19,8.752490083428736e-18,6.5643675625715526e-18,4.813869545885805e-18,6.126743058400115e-18,7.352091670080139e-17,3.7198082854572133e-17,4.2011952400457935e-17,0.0,2.188122520857184e-18,3.5009960333714946e-18,2.625747025028621e-18,3.4134711325372074e-17,1.794260467102891e-17,1978.2541511131888,2087.335223935711,1928.5036448278215,1913.0603773023897,1046.882784739188,1079.1982607008003,17.77635934305017,176.554606209742,61193.02391530393,8.741860559329134e+23,2.932132377681305e-22,3.0268981448227837e-22
3.30064e-07,188923.0,6.29745,3e+22,-10107.8,-1668.19,63093.6,4.21763,4.15711,4.19693,-0.000242856521,-0.000170699957,0.0370782318,0.00120281544,0.00120481999,0.00192098591,-3.06842452e-06,-6.47520991e-06,-2.81102605e-06,1592.8665,81.4291866,39.5947703,161.421584,1791.82513,-28.9048695,-390.087618,-142.600928,3395.88817,1300.0,188923.483945,6.297449465,-210.0,30000 3000,1e-06,2,0.0 0.0259,0.0 0.0,-1.0 0.0,0.00054857 28.0,30000,1000,0,0.0,0.0 0.0 0.0,1000 1000000 0,0,0.0,0,100,0,,70,,1,,,10,1.0,10.0,0.1,True,{},,,False,3,mixed,250,300,True,Ar_Aubin,,False,uniform,Argon_Aubin_Model3-test/70Td,3.0000000000000005e+21,9.013371428571431e+23,1.9693102687714655e-17,1.9711001529935268e-13,1.9681855737957449e-13,3.938620537542931e-18,1.3128735125143105e-18,4.376245041714368e-19,0.0,4.376245041714368e-19,1.3128735125143105e-18,8.752490083428737e-19,2.188122520857184e-18,4.376245041714368e-19,3.0633715292000576e-18,1.3128735125143105e-18,2.188122520857184e-18,1.1378237108457357e-17,1.3128735125143105e-18,2.625747025028621e-18,1.3128735125143105e-18,8.752490083428737e-19,3.5009960333714946e-18,2.625747025028621e-18,1.0065363595943046e-17,9.190114587600173e-18,5.251494050057242e-18,7.439616570914425e-18,7.921003525503007e-17,3.588520934205782e-17,4.332482591297225e-17,0.0,2.625747025028621e-18,6.5643675625715526e-18,0.0,3.1071339796172016e-17,1.969310268771466e-17,1938.4898278332578,1590.4117548570364,1926.3822605466146,1791.5403700387321,1108.001319043323,1056.4890441035204,-8.24087919986891,39.609195881405526,60855.460503513255,8.69363721478761e+23,3.2360452989387454e-22,3.121252026784754e-22
3.55454e-07,189814.0,6.32714,3e+22,-5197.62,8680.22,60020.3,4.24666,4.19549,4.19106,-0.000320157742,-0.000132621071,0.0386183061,0.00129671464,0.00130180425,0.00209358897,3.50738187e-06,-1.1300678e-05,-1.8528909e-06,2031.93847,5.99459189,0.820747055,-58.8344003,1767.13483,-25.0353346,-65.030788,282.883929,3549.91564,1400.0,189814.085931,6.327136198,-210.0,30000 3000,1e-06,2,0.0 0.0259,0.0 0.0,-1.0 0.0,0.00054857 28.0,30000,1000,0,0.0,0.0 0.0 0.0,1000 1000000 0,0,0.0,0,100,0,,70,,1,,,10,1.0,10.0,0.1,True,{},,,False,3,mixed,250,300,True,Ar_Aubin,,False,uniform,Argon_Aubin_Model3-test/70Td,3.0000000000000005e+21,8.574328571428574e+23,2.2318849712743277e-17,1.98257029124786e-13,1.97963383082487e-13,2.625747025028621e-18,1.3128735125143105e-18,4.376245041714368e-19,0.0,0.0,4.376245041714368e-19,1.7504980166857473e-18,3.5009960333714946e-18,8.752490083428737e-19,8.752490083428737e-19,2.625747025028621e-18,3.0633715292000576e-18,7.439616570914425e-18,4.376245041714368e-18,1.3128735125143105e-18,8.752490083428737e-19,3.5009960333714946e-18,3.938620537542931e-18,2.625747025028621e-18,1.0502988100114484e-17,1.1378237108457357e-17,8.752490083428736e-18,5.251494050057242e-18,6.870704715491558e-17,3.457233582954351e-17,4.2011952400457935e-17,0.0,3.5009960333714946e-18,4.813869545885805e-18,3.5009960333714946e-18,3.676045835040069e-17,2.231884971274328e-17,1848.3095107845295,2030.274411717026,1910.148449106067,1768.2860100729156,1103.3014970939691,1232.0333223861703,-57.74840048440074,155.72920292864458,60657.68267322051,8.665383239031503e+23,3.6794761568754634e-22,3.7185501759810055e-22
3.80843e-07,190521.0,6.35069,3e+22,205.403,-6762.94,54945.0,4.2273,4.24971,4.20694,-0.000302335097,-0.000137756691,0.0401200833,0.00138976848,0.001393791,0.00226950681,5.52753748e-07,-8.65560974e-06,-3.55374672e-06,2014.13637,-21.2020574,43.0863361,50.4911814,1582.47827,134.496643,16.6793595,-340.183019,3368.60516,1500.0,190520.708878,6.350690296,-210.0,30000 3000,1e-06,2,0.0 0.0259,0.0 0.0,-1.0 0.0,0.00054857 28.0,30000,1000,0,0.0,0.0 0.0 0.0,1000 1000000 0,0,0.0,0,100,0,,70,,1,,,10,1.0,10.0,0.1,True,{},,,False,3,mixed,250,300,True,Ar_Aubin,,False,uniform,Argon_Aubin_Model3-test/70Td,3.0000000000000005e+21,7.849285714285716e+23,1.5754482150171725e-17,1.991195870225079e-13,1.988255033557047e-13,3.938620537542931e-18,0.0,1.7504980166857473e-18,4.376245041714368e-19,0.0,1.7504980166857473e-18,2.625747025028621e-18,3.5009960333714946e-18,8.752490083428737e-19,1.7504980166857473e-18,1.3128735125143105e-18,3.938620537542931e-18,1.0065363595943046e-17,3.5009960333714946e-18,4.376245041714368e-19,1.3128735125143105e-18,3.0633715292000576e-18,3.938620537542931e-18,2.188122520857184e-18,1.2691110620971668e-17,8.752490083428736e-18,4.376245041714368e-18,6.126743058400115e-18,7.13327941799442e-17,3.7198082854572133e-17,4.3762450417143685e-17,0.0,4.813869545885805e-18,3.938620537542931e-18,1.7504980166857473e-18,3.7198082854572133e-17,1.5754482150171725e-17,1832.7373111211787,2014.1984705359291,1811.477168654841,1581.5466297641685,1135.7075738561907,1164.2071830815003,94.95336103415382,68.1367120345951,59149.30522733712,8.449900746762448e+23,2.6635109389062534e-22,2.8673186186498727e-22
4.06233e-07,190874.0,6.36246,3e+22,2138.22,620.375,56465.0,4.20805,4.24103,4.25768,-0.000222757858,-0.000142088627,0.0417389858,0.00149280337,0.00149302244,0.00246200763,5.09654042e-07,-6.02125962e-06,-7.98130543e-06,2174.51901,65.226242,188.761851,127.77737,2075.8456,347.261033,-242.860601,-127.581819,3452.78661,1600.0,190873.817554,6.362460585,-210.0,30000 3000,1e-06,2,0.0 0.0259,0.0 0.0,-1.0 0.0,0.00054857 28.0,30000,1000,0,0.0,0.0 0.0 0.0,1000 1000000 0,0,0.0,0,100,0,,70,,1,,,10,1.0,10.0,0.1,True,{},,,False,3,mixed,250,300,True,Ar_Aubin,,False,uniform,Argon_Aubin_Model3-test/70Td,3.0000000000000005e+21,8.066428571428573e+23,2.6257470250286207e-17,2.0019001655971123e-13,1.998617981815827e-13,5.251494050057242e-18,2.625747025028621e-18,8.752490083428737e-19,0.0,8.752490083428737e-19,1.7504980166857473e-18,1.7504980166857473e-18,5.251494050057242e-18,4.376245041714368e-19,4.376245041714368e-18,8.752490083428737e-19,3.0633715292000576e-18,1.1815861612628794e-17,5.6891185542286785e-18,8.752490083428737e-19,0.0,2.188122520857184e-18,6.5643675625715526e-18,3.938620537542931e-18,8.3148655792573e-18,8.752490083428736e-18,5.6891185542286785e-18,5.6891185542286785e-18,7.921003525503007e-17,4.463769942548656e-17,4.288720140880081e-17,0.0,2.625747025028621e-18,3.0633715292000576e-18,4.376245041714368e-18,3.851095636708644e-17,2.625747025028621e-17,2029.899554297372,2174.995315307133,1954.1510643726676,2075.933748231975,1181.171983535327,1095.9947768030001,-7.7855533073841645,-130.767861765306,63762.42634779615,9.108918049685165e+23,4.118016166301952e-22,4.650220534895282e-22
4.31622e-07,191647.0,6.38822,3e+22,51.2479,-4583.08,47004.7,4.25114,4.23923,4.2734,-0.00021128,-0.000214127368,0.0433481701,0.00159159661,0.00158829193,0.00265922934,4.7201324e-06,-4.0889882e-06,-1.20391044e-05,2207.94597,235.566248,277.435545,239.395175,1913.55942,147.508841,-378.394502,-200.077428,2872.78165,1700.0,191646.737851,6.388224595,-210.0,30000 3000,1e-06,2,0.0 0.0259,0.0 0.0,-1.0 0.0,0.00054857 28.0,30000,1000,0,0.0,0.0 0.0 0.0,1000 1000000 0,0,0.0,0,100,0,,70,,1,,,10,1.0,10.0,0.1,True,{},,,False,3,mixed,250,300,True,Ar_Aubin,,False,uniform,Argon_Aubin_Model3-test/70Td,3.0000000000000005e+21,6.714957142857144e+23,2.1005976200228965e-17,2.0102587936267868e-13,2.0070947684616278e-13,1.7504980166857473e-18,4.376245041714368e-19,4.376245041714368e-19,0.0,8.752490083428737e-19,2.188122520857184e-18,1.7504980166857473e-18,8.752490083428737e-19,1.3128735125143105e-18,2.188122520857184e-18,2.625747025028621e-18,2.625747025028621e-18,9.62773909177161e-18,3.0633715292000576e-18,1.3128735125143105e-18,8.752490083428737e-19,8.752490083428737e-19,7.439616570914425e-18,2.625747025028621e-18,8.752490083428736e-18,1.3128735125143105e-17,5.6891185542286785e-18,2.625747025028621e-18,8.533677831343019e-17,4.551294843382943e-17,4.901394446720092e-17,0.0,3.5009960333714946e-18,3.0633715292000576e-18,8.752490083428737e-19,3.500996033371494e-17,2.1005976200228968e-17,1945.64352776138,2207.956797656312,1875.6464979400212,1912.5780571422665,1187.5097400917648,835.21391890053,70.62678131311962,-93.24930667046779,63379.66332671632,9.054237618102333e+23,3.3143085806475644e-22,4.468909747371851e-22
4.57012e-07,191942.0,6.39806,3e+22,480.24,-8079.08,51850.3,4.23326,4.25219,4.29501,-0.000152043354,-0.000263574257,0.0448818154,0.00169240098,0.00168556518,0.00284875649,4.54996387e-06,-3.25003494e-06,-1.07687681e-05,2362.77852,152.84047,-39.4690439,-103.958972,1622.69703,-46.9319739,-111.004785,-411.165754,3466.18483,1800.0,191941.736912,6.398057897,-210.0,30000 3000,1e-06,2,0.0 0.0259,0.0 0.0,-1.0 0.0,0.00054857 28.0,30000,1000,0,0.0,0.0 0.0 0.0,1000 1000000 0,0,0.0,0,100,0,,70,,1,,,10,1.0,10.0,0.1,True,{},,,False,3,mixed,250,300,True,Ar_Aubin,,False,uniform,Argon_Aubin_Model3-test/70Td,3.0000000000000005e+21,7.407185714285716e+23,1.356635962931454e-17,2.016350526724853e-13,2.0131777490696104e-13,3.938620537542931e-18,1.3128735125143105e-18,1.3128735125143105e-18,0.0,8.752490083428737e-19,4.376245041714368e-19,2.188122520857184e-18,3.0633715292000576e-18,8.752490083428737e-19,4.376245041714368e-19,3.938620537542931e-18,1.7504980166857473e-18,1.0065363595943046e-17,6.5643675625715526e-18,1.3128735125143105e-18,1.7504980166857473e-18,3.0633715292000576e-18,6.5643675625715526e-18,1.7504980166857473e-18,1.1378237108457357e-17,1.1378237108457357e-17,3.5009960333714946e-18,5.251494050057242e-18,8.183578228005869e-17,4.2011952400457935e-17,4.98891934755438e-17,0.0,3.5009960333714946e-18,8.752490083428736e-18,3.5009960333714946e-18,3.150896430034345e-17,1.3566359629314541e-17,1985.5746458570516,2362.8515373003247,1915.146933011421,1620.5675924917564,1067.634925695108,1139.0492369653803,-58.90862288902338,-164.1443784097898,60404.46875886179,8.629209822694542e+23,2.2459198645504603e-22,2.6164476636228793e-22
4.82401e-07,191902.0,6.39675,3e+22,-5222.0,-2253.47,54671.0,4.27037,4.26572,4.24022,-0.000209385892,-0.000317277573,0.0464241827,0.00178944699,0.00178429954,0.00304546554,9.72915586e-06,-1.01706067e-05,-9.5421629e-06,1637.61601,350.589663,-94.6955735,125.927819,1819.18556,-15.0056843,-528.25873,-139.837246,3406.51054,1900.0,191902.441112,6.396748037,-210.0,30000 3000,1e-06,2,0.0 0.0259,0.0 0.0,-1.0 0.0,0.00054857 28.0,30000,1000,0,0.0,0.0 0.0 0.0,1000 1000000 0,0,0.0,0,100,0,,70,,1,,,10,1.0,10.0,0.1,True,{},,,False,3,mixed,250,300,True,Ar_Aubin,,False,uniform,Argon_Aubin_Model3-test/70Td,3.0000000000000005e+21,7.81014285714286e+23,2.0568351696057527e-17,2.0119742816831389e-13,2.0086920979018535e-13,3.0633715292000576e-18,1.3128735125143105e-18,8.752490083428737e-19,0.0,4.376245041714368e-19,2.188122520857184e-18,1.7504980166857473e-18,2.188122520857184e-18,8.752490083428737e-19,4.376245041714368e-19,8.752490083428737e-19,2.625747025028621e-18,1.0065363595943046e-17,4.376245041714368e-18,1.3128735125143105e-18,2.625747025028621e-18,2.188122520857184e-18,6.5643675625715526e-18,1.7504980166857473e-18,1.8380229175200346e-17,1.1378237108457357e-17,7.439616570914425e-18,9.190114587600173e-18,7.877241075085863e-17,4.463769942548656e-17,4.5075323929657994e-17,0.0,4.813869545885805e-18,4.813869545885805e-18,3.0633715292000576e-18,3.457233582954351e-17,2.056835169605753e-17,1910.7288954872693,1636.522596871976,1943.7715901515685,1818.4705845075716,1100.4833521736855,868.4540476083002,-158.48948396250367,-369.0798853390681,60747.99524214639,8.678285034592344e+23,3.3858486381436005e-22,3.7622051354571027e-22
5.07791e-07,191933.0,6.39777,3e+22,509.256,5336.21,53169.1,4.27344,4.23288,4.27299,-0.000187723109,-0.000324469971,0.0479679366,0.00187971828,0.0018831196,0.00325554562,1.01199728e-05,-6.47214721e-06,-1.25402261e-05,1765.74289,-468.2496,84.2748241,114.129826,1759.75765,-522.389472,239.600999,438.781862,3791.04983,2000.0,191933.14672,6.397771557,-210.0,30000 3000,1e-06,2,0.0 0.0259,0.0 0.0,-1.0 0.0,0.00054857 28.0,30000,1000,0,0.0,0.0 0.0 0.0,1000 1000000 0,0,0.0,0,100,0,,70,,1,,,10,1.0,10.0,0.1,True,{},,,False,3,mixed,250,300,True,Ar_Aubin,,False,uniform,Argon_Aubin_Model3-test/70Td,3.0000000000000005e+21,7.595585714285716e+23,2.5382221241943332e-17,2.0222978437365428e-13,2.0190725511407996e-13,4.813869545885805e-18,1.7504980166857473e-18,1.7504980166857473e-18,0.0,8.752490083428737e-19,2.188122520857184e-18,3.938620537542931e-18,2.625747025028621e-18,0.0,2.188122520857184e-18,1.3128735125143105e-18,3.0633715292000576e-18,9.190114587600173e-18,3.0633715292000576e-18,8.752490083428737e-19,1.7504980166857473e-18,2.625747025028621e-18,7.877241075085862e-18,3.5009960333714946e-18,1.1378237108457357e-17,1.1378237108457357e-17,5.6891185542286785e-18,5.251494050057242e-18,8.139815777588725e-17,3.8948580871257877e-17,3.938620537542932e-17,0.0,2.188122520857184e-18,4.376245041714368e-18,3.5009960333714946e-18,4.0261454383772186e-17,2.5382221241943336e-17,1777.8911933649213,1765.838489119597,1945.982691658158,1761.48908990395,1267.4850667470087,1240.63781212094,117.47253898668829,309.4289323335623,60802.60815451996,8.68608687921714e+23,4.1745283652040937e-22,4.773867009587022e-22
5.33181e-07,191912.0,6.39706,3e+22,1012.67,405.871,62551.3,4.23543,4.26991,4.26652,-0.000171542725,-0.000184555231,0.049512447,0.00198551997,0.00197112698,0.00346616075,7.25703417e-06,-2.98055213e-06,-7.49687235e-06,2512.34811,-162.480622,391.584902,290.169673,1824.58408,1.09886163,-162.018929,-184.717402,4411.35417,2100.0,191911.745147,6.397058172,-210.0,30000 3000,1e-06,2,0.0 0.0259,0.0 0.0,-1.0 0.0,0.00054857 28.0,30000,1000,0,0.0,0.0 0.0 0.0,1000 1000000 0,0,0.0,0,100,0,,70,,1,,,10,1.0,10.0,0.1,True,{},,,False,3,mixed,250,300,True,Ar_Aubin,,False,uniform,Argon_Aubin_Model3-test/70Td,3.0000000000000005e+21,8.935900000000002e+23,1.6629731158514597e-17,2.0230374291485929e-13,2.0197508691222654e-13,2.188122520857184e-18,8.752490083428737e-19,8.752490083428737e-19,0.0,4.376245041714368e-19,2.188122520857184e-18,3.5009960333714946e-18,3.5009960333714946e-18,1.7504980166857473e-18,1.3128735125143105e-18,1.7504980166857473e-18,4.376245041714368e-18,1.0940612604285921e-17,4.376245041714368e-18,2.625747025028621e-18,2.188122520857184e-18,4.813869545885805e-18,7.877241075085862e-18,3.5009960333714946e-18,9.62773909177161e-18,1.225348611680023e-17,7.877241075085862e-18,9.62773909177161e-18,7.001992066742989e-17,4.901394446720092e-17,4.6388197442172303e-17,0.0,4.376245041714368e-18,3.0633715292000576e-18,3.0633715292000576e-18,3.763570735874357e-17,1.66297311585146e-17,2083.6780228745615,2512.5218261713258,1734.5409169264462,1824.6589856161613,1182.6823528887799,1314.2862439688993,117.38684220827375,190.15642375080247,60832.40381888665,8.690343402698093e+23,2.7336962070454237e-22,2.6585748271442152e-22
5.5857e-07,191902.0,6.39672,3e+22,-1183.51,2605.9,59516.7,4.26279,4.25223,4.25823,-0.000200295021,-8.2987534e-05,0.0511086366,0.00209420153,0.00206762845,0.0036859137,4.56644708e-06,-4.49062243e-06,-4.47342271e-06,1980.95993,-420.146867,112.033354,29.9071254,1764.7468,-17.7049096,-271.651053,-44.5674271,3701.19219,2200.0,191901.584865,6.396719495,-210.0,30000 3000,1e-06,2,0.0 0.0259,0.0 0.0,-1.0 0.0,0.00054857 28.0,30000,1000,0,0.0,0.0 0.0 0.0,1000 1000000 0,0,0.0,0,100,0,,70,,1,,,10,1.0,10.0,0.1,True,{},,,False,3,mixed,250,300,True,Ar_Aubin,,False,uniform,Argon_Aubin_Model3-test/70Td,3.0000000000000005e+21,8.502385714285716e+23,2.2318849712743277e-17,2.0138341858258675e-13,2.0104513484086225e-13,5.6891185542286785e-18,8.752490083428737e-19,4.376245041714368e-19,4.376245041714368e-19,4.376245041714368e-19,3.938620537542931e-18,1.7504980166857473e-18,3.0633715292000576e-18,1.3128735125143105e-18,2.625747025028621e-18,2.188122520857184e-18,1.7504980166857473e-18,1.0065363595943046e-17,4.376245041714368e-18,2.188122520857184e-18,1.3128735125143105e-18,8.752490083428737e-19,6.5643675625715526e-18,3.5009960333714946e-18,1.225348611680023e-17,9.190114587600173e-18,7.877241075085862e-18,5.6891185542286785e-18,8.314865579257299e-17,4.0699078887943626e-17,5.4703063021429605e-17,0.0,3.5009960333714946e-18,3.938620537542931e-18,3.5009960333714946e-18,3.807333186291501e-17,2.231884971274328e-17,2140.0665786594395,1980.7228788396962,1900.948492738956,1764.9630572148506,1164.7017443549682,659.3747980687804,9.186244024336466,-87.20921782118329,62867.85140372432,8.981121629103476e+23,3.5501212804961704e-22,3.7500146534910835e-22
5.8396e-07,192141.0,6.40469,3e+22,-3183.06,4716.5,58856.3,4.28822,4.21465,4.28663,-0.000219374429,-0.00014528345,0.0527585207,0.0021882044,0.00216843452,0.00391591996,-1.26968213e-06,-4.93712912e-06,-9.56847915e-06,1888.8995,-161.655009,-40.0042111,-474.261916,1615.51335,12.5823049,-251.877839,171.112575,4656.10062,2300.0,192140.692555,6.404689752,-210.0,30000 3000,1e-06,2,0.0 0.0259,0.0 0.0,-1.0 0.0,0.00054857 28.0,30000,1000,0,0.0,0.0 0.0 0.0,1000 1000000 0,0,0.0,0,100,0,,70,,1,,,10,1.0,10.0,0.1,True,{},,,False,3,mixed,250,300,True,Ar_Aubin,,False,uniform,Argon_Aubin_Model3-test/70Td,3.0000000000000005e+21,8.40804285714286e+23,2.013072719188609e-17,2.0145300087874998e-13,2.011090280184713e-13,3.938620537542931e-18,1.3128735125143105e-18,1.3128735125143105e-18,0.0,0.0,1.3128735125143105e-18,5.251494050057242e-18,2.188122520857184e-18,4.376245041714368e-19,1.7504980166857473e-18,2.625747025028621e-18,2.625747025028621e-18,6.126743058400115e-18,5.251494050057242e-18,8.752490083428737e-19,1.3128735125143105e-18,1.7504980166857473e-18,7.001992066742989e-18,4.813869545885805e-18,7.877241075085862e-18,7.001992066742989e-18,5.6891185542286785e-18,7.001992066742989e-18,9.102589686765886e-17,5.5140687525601045e-17,4.945156897137237e-17,0.0,3.938620537542931e-18,4.376245041714368e-18,2.625747025028621e-18,3.982382987960075e-17,2.0130727191886093e-17,1851.0504882971431,1888.2012180300273,1984.9042452412737,1616.198579391925,1154.7540855021548,1550.9292981245899,35.07570904499522,-111.0369459951053,64982.67400825529,9.283239144036471e+23,3.0978606988885553e-22,3.4203181633718205e-22
6.09349e-07,192969.0,6.4323,3e+22,-2065.99,5001.19,55284.9,4.31001,4.29022,4.24682,-0.000249270097,-6.48756713e-05,0.0543811506,0.0022994375,0.00226282163,0.00415217356,-2.75894747e-06,-6.87243663e-06,-8.56067276e-07,1662.0866,-146.90862,135.111412,176.212298,1912.00444,163.419737,66.8422893,292.155362,4107.18672,2400.0,192968.954392,6.43229848,-210.0,30000 3000,1e-06,2,0.0 0.0259,0.0 0.0,-1.0 0.0,0.00054857 28.0,30000,1000,0,0.0,0.0 0.0 0.0,1000 1000000 0,0,0.0,0,100,0,,70,,1,,,10,1.0,10.0,0.1,True,{},,,False,3,mixed,250,300,True,Ar_Aubin,,False,uniform,Argon_Aubin_Model3-test/70Td,3.0000000000000005e+21,7.897842857142858e+23,2.6257470250286207e-17,2.0266565837980906e-13,2.02351443985814e-13,4.376245041714368e-18,8.752490083428737e-19,4.376245041714368e-19,0.0,0.0,3.938620537542931e-18,3.5009960333714946e-18,3.938620537542931e-18,1.7504980166857473e-18,8.752490083428737e-19,1.7504980166857473e-18,1.3128735125143105e-18,1.3566359629314541e-17,4.376245041714368e-18,1.3128735125143105e-18,8.752490083428737e-19,2.188122520857184e-18,6.5643675625715526e-18,2.625747025028621e-18,7.001992066742989e-18,8.3148655792573e-18,5.6891185542286785e-18,1.0502988100114484e-17,8.139815777588725e-17,3.632283384622925e-17,4.1574327896286495e-17,4.376245041714368e-19,2.625747025028621e-18,1.7504980166857473e-18,3.0633715292000576e-18,3.500996033371494e-17,2.625747025028621e-17,2190.248951516378,1661.571610472299,1859.1078321067944,1912.3288955585488,1228.959217011069,1100.7302471940598,1.8281824678777485,328.0854870137293,63909.23448971227,9.129890641387469e+23,4.1085565270716834e-22,4.749483177194172e-22
6.34739e-07,193093.0,6.43642,3e+22,-5245.35,-2105.84,57688.7,4.31075,4.21684,4.32614,-0.000245259629,-6.35332005e-05,0.0559857894,0.00239893404,0.00236565833,0.00438909609,-4.98507008e-06,-1.0188485e-05,-3.77482578e-06,1992.65567,134.623873,176.422165,3.78852012,1866.8648,-278.367535,-503.170692,-155.883804,4133.40981,2500.0,193092.612896,6.43642043,-210.0,30000 3000,1e-06,2,0.0 0.0259,0.0 0.0,-1.0 0.0,0.00054857 28.0,30000,1000,0,0.0,0.0 0.0 0.0,1000 1000000 0,0,0.0,0,100,0,,70,,1,,,10,1.0,10.0,0.1,True,{},,,False,3,mixed,250,300,True,Ar_Aubin,,False,uniform,Argon_Aubin_Model3-test/70Td,3.0000000000000005e+21,8.241242857142858e+23,2.5382221241943332e-17,2.0287046664776128e-13,2.0253568390207016e-13,3.938620537542931e-18,1.7504980166857473e-18,1.7504980166857473e-18,0.0,8.752490083428737e-19,3.5009960333714946e-18,2.625747025028621e-18,1.7504980166857473e-18,1.3128735125143105e-18,2.188122520857184e-18,1.7504980166857473e-18,2.188122520857184e-18,1.0940612604285921e-17,4.376245041714368e-18,1.3128735125143105e-18,2.188122520857184e-18,3.938620537542931e-18,5.251494050057242e-18,2.188122520857184e-18,1.1378237108457357e-17,1.2691110620971668e-17,6.126743058400115e-18,5.6891185542286785e-18,8.358628029674444e-17,4.6388197442172303e-17,4.463769942548656e-17,0.0,4.376245041714368e-18,2.625747025028621e-18,1.7504980166857473e-18,3.632283384622925e-17,2.5382221241943336e-17,1959.4346365370297,1991.369197405025,2025.177087964381,1866.731009245059,1178.109458966024,903.6624010402202,-123.69588798238162,-18.934757411217674,63200.63333018253,9.028661904311791e+23,4.0161340012745764e-22,4.399860153191757e-22
6.60128e-07,193036.0,6.43452,3e+22,-3420.64,-115.357,56873.3,4.27882,4.28364,4.28813,-0.000322424837,-8.63552905e-05,0.0575868368,0.0024986942,0.00245966604,0.00462163395,-1.25431934e-05,-1.52823242e-05,-9.24486652e-06,1491.27133,17.7771335,216.962165,-55.9566333,2028.28711,-132.615083,14.0674602,-17.1526104,4199.22503,2600.0,193035.706778,6.434523559,-210.0,30000 3000,1e-06,2,0.0 0.0259,0.0 0.0,-1.0 0.0,0.00054857 28.0,30000,1000,0,0.0,0.0 0.0 0.0,1000 1000000 0,0,0.0,0,100,0,,70,,1,,,10,1.0,10.0,0.1,True,{},,,False,3,mixed,250,300,True,Ar_Aubin,,False,uniform,Argon_Aubin_Model3-test/70Td,3.0000000000000005e+21,8.124757142857145e+23,2.1005976200228965e-17,2.0253262053054092e-13,2.0219214866629559e-13,3.938620537542931e-18,1.3128735125143105e-18,1.3128735125143105e-18,0.0,8.752490083428737e-19,1.7504980166857473e-18,4.376245041714368e-18,2.188122520857184e-18,4.376245041714368e-19,2.625747025028621e-18,2.188122520857184e-18,2.188122520857184e-18,1.487923314182885e-17,3.5009960333714946e-18,8.752490083428737e-19,1.3128735125143105e-18,2.625747025028621e-18,5.6891185542286785e-18,2.625747025028621e-18,8.752490083428736e-18,9.62773909177161e-18,7.439616570914425e-18,6.126743058400115e-18,8.927539885097312e-17,3.8948580871257877e-17,4.98891934755438e-17,0.0,3.0633715292000576e-18,3.5009960333714946e-18,2.625747025028621e-18,4.551294843382943e-17,2.1005976200228968e-17,1963.7244090120219,1490.1684307055643,1851.2361209189587,2028.2771483127538,998.493519222792,924.0715846225594,-10.140635099825534,446.3508271137041,63059.18171219711,9.008454530313874e+23,3.3311526775118175e-22,3.6934688509773413e-22
6.85518e-07,192924.0,6.4308,3e+22,-1239.92,255.598,49434.5,4.27255,4.30375,4.2714,-0.000373221631,-0.00025807903,0.05916028,0.00259693116,0.00255635281,0.00486631514,-1.03970543e-05,-1.92672065e-05,-2.29242474e-05,1820.21004,50.5899818,-121.156747,29.0599529,2031.11726,37.1675432,-206.688979,309.743101,4109.48241,2700.0,192923.970543,6.430799018,-210.0,30000 3000,1e-06,2,0.0 0.0259,0.0 0.0,-1.0 0.0,0.00054857 28.0,30000,1000,0,0.0,0.0 0.0 0.0,1000 1000000 0,0,0.0,0,100,0,,70,,1,,,10,1.0,10.0,0.1,True,{},,,False,3,mixed,250,300,True,Ar_Aubin,,False,uniform,Argon_Aubin_Model3-test/70Td,3.0000000000000005e+21,7.062071428571429e+23,2.319409872108615e-17,2.031645503145645e-13,2.0282539132383165e-13,3.0633715292000576e-18,4.376245041714368e-19,8.752490083428737e-19,0.0,1.3128735125143105e-18,8.752490083428737e-19,1.3128735125143105e-18,2.625747025028621e-18,8.752490083428737e-19,3.5009960333714946e-18,1.3128735125143105e-18,3.5009960333714946e-18,8.3148655792573e-18,3.5009960333714946e-18,1.3128735125143105e-18,2.625747025028621e-18,4.376245041714368e-18,8.752490083428736e-18,3.5009960333714946e-18,1.2691110620971668e-17,1.1815861612628794e-17,5.251494050057242e-18,9.190114587600173e-18,8.840014984263024e-17,4.682582194634374e-17,5.1202066988058105e-17,0.0,2.188122520857184e-18,3.0633715292000576e-18,1.7504980166857473e-18,3.150896430034345e-17,2.3194098721086152e-17,1933.8946535130137,1819.7472750352904,1902.8976913868582,2031.18322448391,1201.0081480494778,1184.9235483399993,-18.60653876267916,-236.04168690473048,61971.95702177283,8.853136717396121e+23,3.742676500104278e-22,4.691884963150461e-22
7.10907e-07,193110.0,6.43701,3e+22,-5076.74,316.37,59729.2,4.2974,4.28143,4.27476,-0.000333468566,-0.000242325994,0.0607696582,0.00269004574,0.00264977606,0.0051169982,-5.27144696e-06,-1.76670469e-05,-1.95344283e-05,1423.81696,341.331206,320.061112,162.497914,1725.63901,497.180043,-402.822937,-359.863606,4826.27398,2800.0,193110.428308,6.437014277,-210.0,30000 3000,1e-06,2,0.0 0.0259,0.0 0.0,-1.0 0.0,0.00054857 28.0,30000,1000,0,0.0,0.0 0.0 0.0,1000 1000000 0,0,0.0,0,100,0,,70,,1,,,10,1.0,10.0,0.1,True,{},,,False,3,mixed,250,300,True,Ar_Aubin,,False,uniform,Argon_Aubin_Model3-test/70Td,3.0000000000000005e+21,8.532742857142859e+23,2.1443600704400402e-17,2.029864371413667e-13,2.0265209202017975e-13,2.625747025028621e-18,4.376245041714368e-19,2.188122520857184e-18,0.0,8.752490083428737e-19,2.188122520857184e-18,3.0633715292000576e-18,3.5009960333714946e-18,4.376245041714368e-19,8.752490083428737e-19,3.5009960333714946e-18,8.752490083428737e-19,9.190114587600173e-18,7.001992066742989e-18,1.7504980166857473e-18,2.188122520857184e-18,3.0633715292000576e-18,9.190114587600173e-18,3.5009960333714946e-18,1.0502988100114484e-17,1.0940612604285921e-17,1.0065363595943046e-17,3.938620537542931e-18,8.271103128840156e-17,4.332482591297225e-17,4.770107095468661e-17,4.376245041714368e-19,3.5009960333714946e-18,2.188122520857184e-18,3.0633715292000576e-18,3.807333186291501e-17,2.1443600704400405e-17,1834.2682259928476,1422.1240267922453,1839.9488943968759,1725.7156746747219,1135.7097381127246,1196.55091144056,-8.466687767926384,245.66774024259516,63387.30031193864,9.055328615991237e+23,3.3829490448202005e-22,3.590136935435332e-22
7.36297e-07,192553.0,6.41844,3e+22,3718.74,-4936.46,46073.8,4.19039,4.28363,4.35058,-0.000342412596,-0.00021525246,0.0623189631,0.00278912068,0.00275460778,0.00535991849,-4.34412244e-06,-1.85783273e-05,-1.95921427e-05,1663.07623,195.957182,233.739612,29.0165808,1423.36232,-307.014484,398.785846,-372.453388,3746.90964,2900.0,192553.153453,6.418438448,-210.0,30000 3000,1e-06,2,0.0 0.0259,0.0 0.0,-1.0 0.0,0.00054857 28.0,30000,1000,0,0.0,0.0 0.0 0.0,1000 1000000 0,0,0.0,0,100,0,,70,,1,,,10,1.0,10.0,0.1,True,{},,,False,3,mixed,250,300,True,Ar_Aubin,,False,uniform,Argon_Aubin_Model3-test/70Td,3.0000000000000005e+21,6.58197142857143e+23,2.1443600704400402e-17,2.0267659899241337e-13,2.0232912513610123e-13,3.0633715292000576e-18,3.5009960333714946e-18,4.376245041714368e-19,0.0,4.376245041714368e-19,4.376245041714368e-19,2.625747025028621e-18,4.813869545885805e-18,4.376245041714368e-19,2.188122520857184e-18,1.3128735125143105e-18,1.7504980166857473e-18,1.3128735125143105e-17,5.6891185542286785e-18,2.188122520857184e-18,2.625747025028621e-18,2.188122520857184e-18,9.62773909177161e-18,2.188122520857184e-18,1.225348611680023e-17,1.1815861612628794e-17,8.3148655792573e-18,1.0065363595943046e-17,8.533677831343019e-17,4.1574327896286495e-17,5.1202066988058105e-17,0.0,3.5009960333714946e-18,3.5009960333714946e-18,2.188122520857184e-18,3.763570735874357e-17,2.1443600704400405e-17,1950.9739203967454,1664.3495734172488,2064.705790280908,1422.2997348413085,1028.3440047433828,875.6381979232196,6.4099772676635,416.55368662709077,61021.24098055895,8.71732014007985e+23,3.5141207159703984e-22,4.654185394823175e-22
7.61687e-07,192331.0,6.41104,3e+22,-358.496,-4618.35,52962.6,4.28265,4.25069,4.27267,-0.00034671432,-0.000215450959,0.063881607,0.00289165523,0.00284445325,0.00561416174,-4.03331073e-06,-1.67472106e-05,-1.76984062e-05,2210.55232,-54.0569674,-3.60218689,318.835101,1580.62847,330.822056,253.379782,-322.703753,4761.54339,3000.0,192331.193871,6.411039796,-210.0,30000 3000,1e-06,2,0.0 0.0259,0.0 0.0,-1.0 0.0,0.00054857 28.0,30000,1000,0,0.0,0.0 0.0 0.0,1000 1000000 0,0,0.0,0,100,0,,70,,1,,,10,1.0,10.0,0.1,True,{},,,False,3,mixed,250,300,True,Ar_Aubin,,False,uniform,Argon_Aubin_Model3-test/70Td,3.0000000000000005e+21,7.566085714285716e+23,2.3631723225257586e-17,2.0213000598670322e-13,2.0179347274299542e-13,2.188122520857184e-18,1.3128735125143105e-18,1.3128735125143105e-18,0.0,0.0,3.0633715292000576e-18,3.5009960333714946e-18,3.0633715292000576e-18,4.376245041714368e-19,1.3128735125143105e-18,1.3128735125143105e-18,3.0633715292000576e-18,6.5643675625715526e-18,4.813869545885805e-18,2.188122520857184e-18,2.188122520857184e-18,8.752490083428737e-19,5.6891185542286785e-18,3.0633715292000576e-18,1.3566359629314541e-17,1.225348611680023e-17,1.0940612604285921e-17,8.752490083428736e-18,7.658428823000145e-17,4.288720140880081e-17,4.770107095468661e-17,4.376245041714368e-19,2.188122520857184e-18,4.813869545885805e-18,2.625747025028621e-18,4.420007492131512e-17,2.363172322525759e-17,2019.165043289507,2210.428024303137,1769.334383089967,1579.6334420635023,1123.2295695227938,1378.2073911017997,104.01844441870028,291.041787537504,61546.61357406212,8.792373367723161e+23,3.839646383926607e-22,4.461964334314703e-22
7.87076e-07,191995.0,6.39984,3e+22,-299.319,-143.241,53282.7,4.27039,4.22557,4.28757,-0.000309217838,-0.000250944717,0.0653646685,0.00298562633,0.00294722821,0.00586503869,-2.16020992e-06,-1.83531005e-05,-2.27990427e-05,1692.88418,-216.80865,-78.4480783,240.495015,2001.26187,-391.361623,-125.067858,-3.09634931,4642.42202,3100.0,191995.143456,6.399838115,-210.0,30000 3000,1e-06,2,0.0 0.0259,0.0 0.0,-1.0 0.0,0.00054857 28.0,30000,1000,0,0.0,0.0 0.0 0.0,1000 1000000 0,0,0.0,0,100,0,,70,,1,,,10,1.0,10.0,0.1,True,{},,,False,3,mixed,250,300,True,Ar_Aubin,,False,uniform,Argon_Aubin_Model3-test/70Td,3.0000000000000005e+21,7.611814285714286e+23,2.3631723225257586e-17,2.0209412077736115e-13,2.0176809052175345e-13,4.376245041714368e-18,8.752490083428737e-19,4.376245041714368e-19,0.0,0.0,1.7504980166857473e-18,2.625747025028621e-18,1.7504980166857473e-18,0.0,2.188122520857184e-18,8.752490083428737e-19,2.625747025028621e-18,1.225348611680023e-17,4.813869545885805e-18,1.7504980166857473e-18,1.7504980166857473e-18,3.5009960333714946e-18,7.001992066742989e-18,1.7504980166857473e-18,7.439616570914425e-18,1.0502988100114484e-17,9.62773909177161e-18,6.5643675625715526e-18,8.052290876754437e-17,4.6388197442172303e-17,4.945156897137237e-17,0.0,4.376245041714368e-18,2.625747025028621e-18,1.3128735125143105e-18,3.32594623170292e-17,2.363172322525759e-17,1851.0668767596867,1692.7916252259477,2023.63183872026,2001.2259244277923,1165.768164672897,1159.61599771505,-139.53100310188177,-167.47508779244592,58412.164823392006,8.344594974770288e+23,4.0456852261352787e-22,4.435158733558469e-22
8.12466e-07,191703.0,6.39009,3e+22,7405.69,6528.4,56879.4,4.25956,4.22011,4.28156,-0.000367904824,-0.000190203595,0.0668935141,0.00308119901,0.00304028164,0.00612765059,-4.57144646e-06,-2.40981636e-05,-2.14515238e-05,1799.63444,-353.490945,333.864273,105.759232,1597.92244,-79.1063375,500.000715,610.438713,4895.74403,3200.0,191702.626365,6.390087545,-210.0,30000 3000,1e-06,2,0.0 0.0259,0.0 0.0,-1.0 0.0,0.00054857 28.0,30000,1000,0,0.0,0.0 0.0 0.0,1000 1000000 0,0,0.0,0,100,0,,70,,1,,,10,1.0,10.0,0.1,True,{},,,False,3,mixed,250,300,True,Ar_Aubin,,False,uniform,Argon_Aubin_Model3-test/70Td,3.0000000000000005e+21,8.125628571428573e+23,2.2318849712743277e-17,2.0105520020445817e-13,2.0071997983426288e-13,4.376245041714368e-18,4.376245041714368e-19,4.376245041714368e-19,0.0,4.376245041714368e-19,2.625747025028621e-18,2.625747025028621e-18,1.7504980166857473e-18,1.7504980166857473e-18,8.752490083428737e-19,1.7504980166857473e-18,8.752490083428737e-19,7.877241075085862e-18,2.188122520857184e-18,2.188122520857184e-18,8.752490083428737e-19,3.0633715292000576e-18,7.439616570914425e-18,1.7504980166857473e-18,9.62773909177161e-18,1.2691110620971668e-17,9.190114587600173e-18,3.938620537542931e-18,9.102589686765886e-17,3.676045835040069e-17,5.864168355897253e-17,4.376245041714368e-19,3.5009960333714946e-18,5.6891185542286785e-18,4.376245041714368e-18,3.3697086821200634e-17,2.231884971274328e-17,1881.3400311902408,1802.3590290760485,1833.0384457305188,1599.1641651495981,1189.6516579228035,1090.8810841004602,-53.035023925335025,359.39856521099676,60215.42678892126,8.602203826988751e+23,3.706500294514165e-22,3.9238897936235746e-22
8.37855e-07,191241.0,6.3747,3e+22,-1651.19,7674.72,55201.1,4.22382,4.24844,4.25946,-0.000336276789,-0.000154967137,0.0683504395,0.00317998272,0.00313073546,0.00637643189,1.07075837e-06,-2.38175819e-05,-1.74647495e-05,1374.86324,38.2290482,-180.507839,228.925451,1266.87786,183.039218,-75.1784537,246.58235,4842.60749,3300.0,191241.032724,6.374701091,-210.0,30000 3000,1e-06,2,0.0 0.0259,0.0 0.0,-1.0 0.0,0.00054857 28.0,30000,1000,0,0.0,0.0 0.0 0.0,1000 1000000 0,0,0.0,0,100,0,,70,,1,,,10,1.0,10.0,0.1,True,{},,,False,3,mixed,250,300,True,Ar_Aubin,,False,uniform,Argon_Aubin_Model3-test/70Td,3.0000000000000005e+21,7.885871428571429e+23,2.319409872108615e-17,2.0073704718992551e-13,2.004145179303512e-13,3.0633715292000576e-18,2.625747025028621e-18,1.3128735125143105e-18,0.0,0.0,2.188122520857184e-18,4.376245041714368e-18,1.7504980166857473e-18,4.376245041714368e-19,4.376245041714368e-19,2.625747025028621e-18,3.0633715292000576e-18,1.1815861612628794e-17,3.5009960333714946e-18,1.3128735125143105e-18,1.3128735125143105e-18,2.188122520857184e-18,6.126743058400115e-18,3.0633715292000576e-18,6.5643675625715526e-18,7.439616570914425e-18,7.439616570914425e-18,5.6891185542286785e-18,7.177041868411564e-17,5.251494050057242e-17,4.244957690462937e-17,0.0,3.5009960333714946e-18,3.5009960333714946e-18,2.188122520857184e-18,4.5075323929657994e-17,2.3194098721086152e-17,1945.7963473371412,1374.307983128771,1781.5558849686604,1268.0671893856768,1018.9398179518085,1069.5880441165505,-52.982264781771,-124.2638818447271,57382.76302107962,8.197537574439947e+23,4.0419975442043058e-22,4.201745748017005e-22
8.63245e-07,191387.0,6.37957,3e+22,2539.76,-1547.89,57973.7,4.20728,4.24698,4.28572,-0.000259584887,-0.000184605195,0.0698886953,0.00328827147,0.00322572428,0.00664870788,3.02831885e-06,-2.06169399e-05,-1.82545468e-05,2004.9601,557.222134,-255.011681,-340.751423,2047.31645,223.327996,277.577632,-224.245714,4996.77161,3400.0,191387.037139,6.379567905,-210.0,30000 3000,1e-06,2,0.0 0.0259,0.0 0.0,-1.0 0.0,0.00054857 28.0,30000,1000,0,0.0,0.0 0.0 0.0,1000 1000000 0,0,0.0,0,100,0,,70,,1,,,10,1.0,10.0,0.1,True,{},,,False,3,mixed,250,300,True,Ar_Aubin,,False,uniform,Argon_Aubin_Model3-test/70Td,3.0000000000000005e+21,8.281957142857145e+23,2.188122520857184e-17,2.0089240388890638e-13,2.0057206275185292e-13,1.7504980166857473e-18,8.752490083428737e-19,3.0633715292000576e-18,0.0,4.376245041714368e-19,2.625747025028621e-18,2.625747025028621e-18,3.5009960333714946e-18,8.752490083428737e-19,8.752490083428737e-19,1.3128735125143105e-18,2.625747025028621e-18,1.1378237108457357e-17,6.126743058400115e-18,1.3128735125143105e-18,8.752490083428737e-19,3.0633715292000576e-18,4.376245041714368e-18,2.188122520857184e-18,1.3128735125143105e-17,1.1378237108457357e-17,8.752490083428736e-18,9.190114587600173e-18,7.789716174251575e-17,4.288720140880081e-17,4.2011952400457935e-17,0.0,2.188122520857184e-18,4.376245041714368e-18,1.3128735125143105e-18,3.5447584837886383e-17,2.1881225208571842e-17,2133.4414044581513,2005.6193833126072,1870.4263898511435,2047.0307014647115,1174.2768516817603,945.0653552863901,-64.67117440884587,-139.88546541165613,60586.05885874528,8.655151265535042e+23,3.6115940895887137e-22,3.7743365023401715e-22
8.88634e-07,191563.0,6.38544,3e+22,-216.551,5262.67,57616.7,4.19538,4.28339,4.27309,-0.000253772335,-0.00020529824,0.0714456016,0.00339251496,0.00332863336,0.00692083025,3.490541e-06,-2.50814856e-05,-2.31405717e-05,1758.65634,-212.831495,22.1976519,-644.710233,2326.60731,-430.527079,-413.995352,204.958308,5077.46927,3500.0,191563.245021,6.385441501,-210.0,30000 3000,1e-06,2,0.0 0.0259,0.0 0.0,-1.0 0.0,0.00054857 28.0,30000,1000,0,0.0,0.0 0.0 0.0,1000 1000000 0,0,0.0,0,100,0,,70,,1,,,10,1.0,10.0,0.1,True,{},,,False,3,mixed,250,300,True,Ar_Aubin,,False,uniform,Argon_Aubin_Model3-test/70Td,3.0000000000000005e+21,8.230957142857143e+23,2.5382221241943332e-17,2.0056812413131536e-13,2.0024296912471598e-13,1.7504980166857473e-18,2.188122520857184e-18,1.7504980166857473e-18,0.0,0.0,8.752490083428737e-19,3.938620537542931e-18,3.0633715292000576e-18,8.752490083428737e-19,1.3128735125143105e-18,8.752490083428737e-19,3.0633715292000576e-18,1.1378237108457357e-17,3.0633715292000576e-18,3.0633715292000576e-18,1.7504980166857473e-18,4.376245041714368e-19,3.938620537542931e-18,3.5009960333714946e-18,1.3128735125143105e-17,6.126743058400115e-18,7.001992066742989e-18,4.813869545885805e-18,8.096053327171582e-17,5.2077315996400986e-17,4.98891934755438e-17,0.0,8.752490083428737e-19,3.5009960333714946e-18,2.188122520857184e-18,3.2384213308686325e-17,2.5382221241943336e-17,2052.936515651045,1758.6013853470834,2026.4401902880306,2327.6877268887006,1025.5796221744004,961.0094762932795,-176.2799582709532,-361.7045591339239,61320.63128210006,8.760090183157153e+23,4.1392628730736154e-22,4.405358384278054e-22
9.14024e-07,191989.0,6.39964,3e+22,4009.71,1399.12,58270.3,4.24398,4.253,4.28289,-0.000124403151,-0.000101611246,0.0730709837,0.00348538997,0.00341943737,0.00721737423,-2.84817041e-07,-2.18190811e-05,-2.01761677e-05,1454.10225,612.428487,-63.6513077,-224.32696,1200.45746,19.4659222,431.994864,-39.2485822,4943.05021,3600.0,191989.177971,6.399639266,-210.0,30000 3000,1e-06,2,0.0 0.0259,0.0 0.0,-1.0 0.0,0.00054857 28.0,30000,1000,0,0.0,0.0 0.0 0.0,1000 1000000 0,0,0.0,0,100,0,,70,,1,,,10,1.0,10.0,0.1,True,{},,,False,3,mixed,250,300,True,Ar_Aubin,,False,uniform,Argon_Aubin_Model3-test/70Td,3.0000000000000005e+21,8.324328571428572e+23,1.9255478183543218e-17,2.0129020456319823e-13,2.0095936043804464e-13,4.376245041714368e-18,1.3128735125143105e-18,8.752490083428737e-19,0.0,8.752490083428737e-19,8.752490083428737e-19,2.188122520857184e-18,4.376245041714368e-19,4.376245041714368e-19,1.3128735125143105e-18,1.7504980166857473e-18,3.938620537542931e-18,8.3148655792573e-18,3.5009960333714946e-18,4.376245041714368e-19,1.3128735125143105e-18,2.188122520857184e-18,6.5643675625715526e-18,2.625747025028621e-18,1.0940612604285921e-17,9.62773909177161e-18,1.0502988100114484e-17,7.877241075085862e-18,8.052290876754437e-17,4.244957690462937e-17,5.382781401308673e-17,0.0,5.6891185542286785e-18,5.6891185542286785e-18,2.188122520857184e-18,3.8948580871257877e-17,1.925547818354322e-17,1829.960579411101,1454.6010705585961,1788.8393775804489,1200.5996263265035,1214.0661747380589,685.1820685058901,-227.58342095039305,82.59911117798828,64017.63320414615,9.14537617202088e+23,3.0078397497357217e-22,3.3045098761364225e-22
9.39413e-07,192053.0,6.40176,3e+22,-8046.81,2980.88,61513.5,4.19853,4.29371,4.28934,-9.8459994e-05,-0.000137683908,0.0746310508,0.00357804436,0.00351755716,0.00750146922,2.95415814e-06,-1.47158949e-05,-2.2226207e-05,1459.6219,-67.2700634,-62.0977864,65.1458378,1904.68892,-347.778034,-689.117875,387.306102,5788.44691,3700.0,192052.679259,6.401755975,-210.0,30000 3000,1e-06,2,0.0 0.0259,0.0 0.0,-1.0 0.0,0.00054857 28.0,30000,1000,0,0.0,0.0 0.0 0.0,1000 1000000 0,0,0.0,0,100,0,,70,,1,,,10,1.0,10.0,0.1,True,{},,,False,3,mixed,250,300,True,Ar_Aubin,,False,uniform,Argon_Aubin_Model3-test/70Td,3.0000000000000005e+21,8.78764285714286e+23,2.275647421691471e-17,2.013501591202697e-13,2.0102325361565366e-13,3.938620537542931e-18,8.752490083428737e-19,1.3128735125143105e-18,0.0,4.376245041714368e-19,2.188122520857184e-18,3.0633715292000576e-18,3.938620537542931e-18,0.0,1.7504980166857473e-18,1.3128735125143105e-18,1.3128735125143105e-18,8.752490083428736e-18,3.0633715292000576e-18,1.7504980166857473e-18,8.752490083428737e-19,2.188122520857184e-18,9.190114587600173e-18,2.188122520857184e-18,1.6192106654343162e-17,9.62773909177161e-18,7.877241075085862e-18,8.3148655792573e-18,7.220804318828707e-17,3.8948580871257877e-17,5.251494050057242e-17,0.0,4.813869545885805e-18,6.5643675625715526e-18,2.188122520857184e-18,3.676045835040069e-17,2.2756474216914714e-17,1824.76627779801,1458.829611135681,1932.1131090444856,1905.0993392076791,1056.9269577599443,1197.6297666142,211.153322424617,-144.617156671133,61445.12320005068,8.777874742864384e+23,3.7035444038129853e-22,3.699427640585353e-22
9.64803e-07,192473.0,6.41578,3e+22,4672.82,575.259,57305.0,4.27038,4.23414,4.30826,-0.000130629111,-0.000163846745,0.0761464847,0.00367562235,0.00360735398,0.00778729739,-2.66411962e-06,-1.98864394e-05,-2.63857975e-05,2482.26346,-557.631642,-441.312416,74.6959985,1495.50394,-55.9464269,95.158979,-194.461593,5571.54405,3800.0,192473.47237,6.415782412,-210.0,30000 3000,1e-06,2,0.0 0.0259,0.0 0.0,-1.0 0.0,0.00054857 28.0,30000,1000,0,0.0,0.0 0.0 0.0,1000 1000000 0,0,0.0,0,100,0,,70,,1,,,10,1.0,10.0,0.1,True,{},,,False,3,mixed,250,300,True,Ar_Aubin,,False,uniform,Argon_Aubin_Model3-test/70Td,3.0000000000000005e+21,8.186428571428573e+23,2.0568351696057527e-17,2.0197858790825988e-13,2.016731260043483e-13,4.813869545885805e-18,0.0,8.752490083428737e-19,0.0,1.3128735125143105e-18,1.3128735125143105e-18,3.938620537542931e-18,4.376245041714368e-18,8.752490083428737e-19,8.752490083428737e-19,2.625747025028621e-18,3.0633715292000576e-18,7.877241075085862e-18,3.938620537542931e-18,1.3128735125143105e-18,1.7504980166857473e-18,2.188122520857184e-18,5.6891185542286785e-18,3.938620537542931e-18,1.3128735125143105e-17,8.3148655792573e-18,7.001992066742989e-18,7.439616570914425e-18,7.26456676924585e-17,4.113670339211506e-17,4.0261454383772186e-17,0.0,1.3128735125143105e-18,3.5009960333714946e-18,5.251494050057242e-18,3.4134711325372074e-17,2.056835169605753e-17,1921.468246955003,2482.873866322463,1768.222640425122,1495.598194314682,1129.0997366017116,1207.9697442665001,-101.2922500490592,-694.4865524299989,59687.19081828787,8.526741545469696e+23,3.446024417311911e-22,3.5892769733980504e-22
9.90192e-07,192555.0,6.41851,3e+22,2292.0,-53.2519,56848.4,4.28361,4.2753,4.2597,-9.22202964e-05,-0.000181062053,0.0776810737,0.00377927369,0.0037095281,0.00808829696,2.49108745e-06,-1.8400656e-05,-2.84148059e-05,1323.08753,-334.163482,-114.22136,-140.671598,1754.40982,656.03629,12.3282131,96.3946005,5822.04639,3900.0,192555.224392,6.41850748,-210.0,30000 3000,1e-06,2,0.0 0.0259,0.0 0.0,-1.0 0.0,0.00054857 28.0,30000,1000,0,0.0,0.0 0.0 0.0,1000 1000000 0,0,0.0,0,100,0,,70,,1,,,10,1.0,10.0,0.1,True,{},,,False,3,mixed,250,300,True,Ar_Aubin,,False,uniform,Argon_Aubin_Model3-test/70Td,3.0000000000000005e+21,8.121200000000001e+23,2.0568351696057527e-17,2.0256500474384964e-13,2.0224291310877948e-13,3.0633715292000576e-18,4.376245041714368e-19,1.3128735125143105e-18,0.0,8.752490083428737e-19,1.7504980166857473e-18,2.625747025028621e-18,2.188122520857184e-18,1.3128735125143105e-18,2.188122520857184e-18,2.188122520857184e-18,2.188122520857184e-18,1.1378237108457357e-17,5.6891185542286785e-18,4.376245041714368e-19,2.625747025028621e-18,3.5009960333714946e-18,5.251494050057242e-18,1.7504980166857473e-18,1.1378237108457357e-17,5.6891185542286785e-18,7.001992066742989e-18,9.190114587600173e-18,8.358628029674444e-17,3.8948580871257877e-17,4.595057293800087e-17,0.0,3.938620537542931e-18,3.0633715292000576e-18,5.251494050057242e-18,3.676045835040069e-17,2.056835169605753e-17,2041.3850431194774,1323.2988989193489,2012.0085052306947,1754.40017810166,1278.8206782009604,1406.0016398729204,-51.09936985426546,-274.6955915225343,60441.63752087481,8.63451964583926e+23,3.403010331901383e-22,3.6181056451997816e-22
1.01558e-06,192925.0,6.43083,3e+22,-2240.38,360.442,60386.9,4.26716,4.24584,4.32789,-3.29093906e-05,-0.000244654245,0.0793051527,0.00387627336,0.00380406586,0.00840409685,3.70248362e-06,-1.64752271e-05,-3.3228991e-05,1146.3931,672.857781,-209.459154,332.115124,1717.25973,20.648505,-433.82487,274.735663,5897.80491,4000.0,192924.841506,6.43082805,-210.0,30000 3000,1e-06,2,0.0 0.0259,0.0 0.0,-1.0 0.0,0.00054857 28.0,30000,1000,0,0.0,0.0 0.0 0.0,1000 1000000 0,0,0.0,0,100,0,,70,,1,,,10,1.0,10.0,0.1,True,{},,,False,3,mixed,250,300,True,Ar_Aubin,,False,uniform,Argon_Aubin_Model3-test/70Td,3.0000000000000005e+21,8.626700000000002e+23,2.406934772942902e-17,2.0267222274737162e-13,2.0233962812420136e-13,1.7504980166857473e-18,1.7504980166857473e-18,8.752490083428737e-19,0.0,4.376245041714368e-19,1.7504980166857473e-18,1.7504980166857473e-18,2.625747025028621e-18,0.0,2.625747025028621e-18,2.188122520857184e-18,3.938620537542931e-18,1.0502988100114484e-17,3.938620537542931e-18,2.188122520857184e-18,8.752490083428737e-19,3.0633715292000576e-18,7.877241075085862e-18,8.752490083428737e-19,7.001992066742989e-18,7.439616570914425e-18,7.439616570914425e-18,8.3148655792573e-18,9.408926839685891e-17,4.0261454383772186e-17,4.945156897137237e-17,0.0,8.752490083428737e-19,7.439616570914425e-18,2.625747025028621e-18,3.457233582954351e-17,2.4069347729429023e-17,1910.3706154306935,1146.3193704594876,1861.2086792907357,1717.3479136653764,1198.164926082228,1108.8125844203696,-103.52500608466845,-463.6230499147509,63966.30903992188,9.13804414856027e+23,3.762816409245553e-22,3.9858558279078774e-22
1.04097e-06,193369.0,6.44564,3e+22,-304.534,7934.65,55677.8,4.28162,4.27942,4.31227,-5.310361e-06,-0.000269213666,0.0808752459,0.00396167995,0.00390088447,0.00871228087,8.12215909e-06,-2.06426648e-05,-3.80908342e-05,1246.51683,-38.399435,330.257601,-198.177396,1956.21339,-829.56201,230.947516,711.902567,5340.9826,4100.0,193369.321879,6.445644063,-210.0,30000 3000,1e-06,2,0.0 0.0259,0.0 0.0,-1.0 0.0,0.00054857 28.0,30000,1000,0,0.0,0.0 0.0 0.0,1000 1000000 0,0,0.0,0,100,0,,70,,1,,,10,1.0,10.0,0.1,True,{},,,False,3,mixed,250,300,True,Ar_Aubin,,False,uniform,Argon_Aubin_Model3-test/70Td,3.0000000000000005e+21,7.95397142857143e+23,2.275647421691471e-17,2.0417590054370467e-13,2.038573099046679e-13,3.938620537542931e-18,8.752490083428737e-19,8.752490083428737e-19,0.0,0.0,1.7504980166857473e-18,1.7504980166857473e-18,2.188122520857184e-18,1.3128735125143105e-18,4.376245041714368e-19,3.0633715292000576e-18,3.938620537542931e-18,1.0502988100114484e-17,2.625747025028621e-18,2.625747025028621e-18,4.376245041714368e-19,2.625747025028621e-18,7.439616570914425e-18,1.7504980166857473e-18,7.877241075085862e-18,1.4441608637657416e-17,6.5643675625715526e-18,9.62773909177161e-18,8.139815777588725e-17,3.676045835040069e-17,5.2952565004743855e-17,0.0,2.625747025028621e-18,3.938620537542931e-18,1.3128735125143105e-18,3.019609078782914e-17,2.2756474216914714e-17,1681.941519914768,1246.5152128145232,1906.4102959801462,1958.3495062149268,1116.3205679658302,838.0268338289798,-250.01753454580518,586.1300483525964,61840.013233764905,8.834287604823558e+23,3.679894784448329e-22,4.0871719458949004e-22
1.06636e-06,192717.0,6.42391,3e+22,879.098,-9053.74,54308.0,4.27744,4.2488,4.30433,7.53655796e-06,-0.000289972613,0.0823197405,0.00406388371,0.00400525018,0.00901333142,3.74413425e-06,-1.63537703e-05,-4.40158952e-05,1952.1666,-430.329993,689.03952,-2.43450569,1724.67384,-109.061281,339.69513,-746.716673,5503.54596,4200.0,192717.220682,6.423907356,-210.0,30000 3000,1e-06,2,0.0 0.0259,0.0 0.0,-1.0 0.0,0.00054857 28.0,30000,1000,0,0.0,0.0 0.0 0.0,1000 1000000 0,0,0.0,0,100,0,,70,,1,,,10,1.0,10.0,0.1,True,{},,,False,3,mixed,250,300,True,Ar_Aubin,,False,uniform,Argon_Aubin_Model3-test/70Td,3.0000000000000005e+21,7.758285714285716e+23,1.8380229175200346e-17,2.0338423781565855e-13,2.0305645706203417e-13,3.938620537542931e-18,1.3128735125143105e-18,8.752490083428737e-19,0.0,4.376245041714368e-19,8.752490083428737e-19,3.0633715292000576e-18,1.3128735125143105e-18,0.0,1.7504980166857473e-18,2.188122520857184e-18,8.752490083428737e-19,1.487923314182885e-17,3.5009960333714946e-18,8.752490083428737e-19,1.7504980166857473e-18,4.376245041714368e-18,1.0065363595943046e-17,2.188122520857184e-18,1.0502988100114484e-17,1.225348611680023e-17,7.001992066742989e-18,9.62773909177161e-18,7.702191273417288e-17,3.763570735874357e-17,4.901394446720092e-17,4.376245041714368e-19,3.0633715292000576e-18,4.376245041714368e-18,1.3128735125143105e-18,4.288720140880081e-17,1.8380229175200346e-17,2012.7085775322982,1952.1599746269706,2055.056044239987,1722.0485033547773,1286.280079208147,1032.9254929260005,127.5723230289891,955.9582353762395,56893.160979298555,8.12759442561408e+23,3.230657052415891e-22,3.3844422875451768e-22
1.09175e-06,193500.0,6.45,3e+22,9595.03,5861.67,63157.7,4.26502,4.29984,4.31175,4.27947086e-05,-0.000366547347,0.0839474686,0.00415864912,0.00409945975,0.00933637954,-5.29757547e-06,-1.86775846e-05,-5.12604138e-05,1943.19974,403.242931,167.730352,-272.180099,2565.99947,-433.924893,1234.32368,705.84052,6586.18511,4300.0,193500.119661,6.450003989,-210.0,30000 3000,1e-06,2,0.0 0.0259,0.0 0.0,-1.0 0.0,0.00054857 28.0,30000,1000,0,0.0,0.0 0.0 0.0,1000 1000000 0,0,0.0,0,100,0,,70,,1,,,10,1.0,10.0,0.1,True,{},,,False,3,mixed,250,300,True,Ar_Aubin,,False,uniform,Argon_Aubin_Model3-test/70Td,3.0000000000000005e+21,9.022528571428573e+23,2.319409872108615e-17,2.0362055504791115e-13,2.0330371490689103e-13,3.938620537542931e-18,4.376245041714368e-19,8.752490083428737e-19,0.0,1.3128735125143105e-18,8.752490083428737e-19,3.0633715292000576e-18,2.625747025028621e-18,4.376245041714368e-19,1.7504980166857473e-18,8.752490083428737e-19,1.3128735125143105e-18,1.1815861612628794e-17,4.813869545885805e-18,1.7504980166857473e-18,1.3128735125143105e-18,1.3128735125143105e-18,6.126743058400115e-18,3.0633715292000576e-18,1.0502988100114484e-17,1.0502988100114484e-17,9.62773909177161e-18,7.439616570914425e-18,6.914467165908702e-17,3.851095636708644e-17,5.2077315996400986e-17,0.0,3.938620537542931e-18,5.6891185542286785e-18,3.0633715292000576e-18,3.5447584837886383e-17,2.3194098721086152e-17,1866.1900032419037,1942.7891234871418,1854.2887079492732,2568.14804958749,1032.1216490089291,1284.2560724017803,-208.58596673103324,593.8727369915957,64110.03324195746,9.158576177422496e+23,3.61785785284955e-22,3.6724102874370266e-22
1.11714e-06,193279.0,6.44262,3e+22,3283.82,-3983.22,51272.6,4.29718,4.27937,4.29359,9.8356474e-06,-0.000373883668,0.0854966725,0.0042471655,0.00419546017,0.00965997294,4.968372e-06,-1.81827603e-05,-4.35082363e-05,2008.06046,337.899627,-172.682419,53.8172005,1993.62948,-305.818693,87.0075381,-348.834855,5392.21373,4400.0,193278.55306,6.442618435,-210.0,30000 3000,1e-06,2,0.0 0.0259,0.0 0.0,-1.0 0.0,0.00054857 28.0,30000,1000,0,0.0,0.0 0.0 0.0,1000 1000000 0,0,0.0,0,100,0,,70,,1,,,10,1.0,10.0,0.1,True,{},,,False,3,mixed,250,300,True,Ar_Aubin,,False,uniform,Argon_Aubin_Model3-test/70Td,3.0000000000000005e+21,7.324657142857144e+23,2.188122520857184e-17,2.0337242195404591e-13,2.0303720158385063e-13,1.7504980166857473e-18,1.3128735125143105e-18,3.0633715292000576e-18,0.0,0.0,8.752490083428737e-19,1.7504980166857473e-18,3.938620537542931e-18,4.376245041714368e-19,1.7504980166857473e-18,2.625747025028621e-18,3.0633715292000576e-18,1.1378237108457357e-17,6.126743058400115e-18,2.625747025028621e-18,1.3128735125143105e-18,2.625747025028621e-18,9.190114587600173e-18,3.0633715292000576e-18,8.3148655792573e-18,1.1815861612628794e-17,6.5643675625715526e-18,7.001992066742989e-18,8.66496518259445e-17,3.938620537542932e-17,4.682582194634374e-17,0.0,3.5009960333714946e-18,2.625747025028621e-18,3.5009960333714946e-18,4.0261454383772186e-17,2.1881225208571842e-17,1743.196321468736,2008.0281615043548,1890.4391554099948,1992.140219095949,1203.049196831217,1008.5770395765012,127.86403219670146,-366.93486320383124,61017.26297381567,8.716751853402239e+23,3.5860712431433914e-22,4.267625439039924e-22
1.14253e-06,193793.0,6.45977,3e+22,3942.45,-4854.7,64768.0,4.2878,4.30413,4.30353,6.61600119e-08,-0.000344282541,0.0871841645,0.00434401218,0.00429497738,0.010007356,6.98136944e-06,-1.86658619e-05,-3.8716116e-05,1573.00108,-181.337513,114.074409,-323.320288,1333.71247,106.734424,301.905207,-215.223751,6304.98864,4500.0,193793.080603,6.459769353,-210.0,30000 3000,1e-06,2,0.0 0.0259,0.0 0.0,-1.0 0.0,0.00054857 28.0,30000,1000,0,0.0,0.0 0.0 0.0,1000 1000000 0,0,0.0,0,100,0,,70,,1,,,10,1.0,10.0,0.1,True,{},,,False,3,mixed,250,300,True,Ar_Aubin,,False,uniform,Argon_Aubin_Model3-test/70Td,3.0000000000000005e+21,9.25257142857143e+23,2.319409872108615e-17,2.0313785521981001e-13,2.0279694573106052e-13,1.3128735125143105e-18,1.7504980166857473e-18,1.3128735125143105e-18,0.0,0.0,1.3128735125143105e-18,2.188122520857184e-18,2.188122520857184e-18,8.752490083428737e-19,1.7504980166857473e-18,2.188122520857184e-18,8.752490083428737e-19,1.2691110620971668e-17,6.5643675625715526e-18,0.0,1.3128735125143105e-18,3.5009960333714946e-18,9.190114587600173e-18,1.3128735125143105e-18,1.0502988100114484e-17,9.190114587600173e-18,1.0065363595943046e-17,8.3148655792573e-18,8.971302335514455e-17,4.6388197442172303e-17,4.595057293800087e-17,0.0,2.188122520857184e-18,3.0633715292000576e-18,3.938620537542931e-18,3.807333186291501e-17,2.3194098721086152e-17,1907.2135192279811,1573.000819167461,1960.221282122611,1332.0410815482073,1102.5287718041325,658.2446736639995,13.865733182975168,72.25612161532433,66463.9064813939,9.494843783056275e+23,3.489728478054351e-22,3.5811046691400304e-22
1.16792e-06,193080.0,6.43599,3e+22,457.092,-4210.2,49423.1,4.22961,4.31676,4.31162,4.76666036e-05,-0.000389338959,0.088726301,0.00443641029,0.00439629607,0.0103352725,2.58564219e-06,-1.23888436e-05,-4.57896001e-05,1692.29665,125.500123,846.060379,278.502785,2295.86927,-89.4703784,231.686419,-567.892823,5680.66742,4600.0,193079.799675,6.435993323,-210.0,30000 3000,1e-06,2,0.0 0.0259,0.0 0.0,-1.0 0.0,0.00054857 28.0,30000,1000,0,0.0,0.0 0.0 0.0,1000 1000000 0,0,0.0,0,100,0,,70,,1,,,10,1.0,10.0,0.1,True,{},,,False,3,mixed,250,300,True,Ar_Aubin,,False,uniform,Argon_Aubin_Model3-test/70Td,3.0000000000000005e+21,7.060442857142858e+23,2.319409872108615e-17,2.0359079658162748e-13,2.0324025935378618e-13,3.0633715292000576e-18,2.188122520857184e-18,8.752490083428737e-19,0.0,0.0,1.3128735125143105e-18,2.625747025028621e-18,2.188122520857184e-18,4.376245041714368e-19,4.376245041714368e-19,2.188122520857184e-18,2.188122520857184e-18,1.225348611680023e-17,4.376245041714368e-18,8.752490083428737e-19,2.188122520857184e-18,3.5009960333714946e-18,8.3148655792573e-18,2.625747025028621e-18,1.5754482150171725e-17,1.0502988100114484e-17,7.877241075085862e-18,9.62773909177161e-18,8.44615293050873e-17,3.7198082854572133e-17,5.645356103811535e-17,0.0,5.6891185542286785e-18,6.126743058400115e-18,1.7504980166857473e-18,4.0261454383772186e-17,2.3194098721086152e-17,1819.5607236679375,1692.2748619768272,1994.6284235088629,2294.230075114818,1115.38878951338,1295.5385730469006,80.87976914561591,1034.834884306925,60738.90490594571,8.676986415135103e+23,3.818656058584238e-22,4.692967199768155e-22
1.19331e-06,192828.0,6.42761,3e+22,-1942.77,1545.38,63510.3,4.284,4.22492,4.32333,6.42809972e-05,-0.000388841049,0.0903036028,0.00453318881,0.00448917591,0.0106717247,1.41596645e-06,-1.08448776e-05,-4.57020361e-05,1848.75118,-187.142504,70.4138309,-427.010492,783.418061,144.050735,92.1583854,45.957398,6891.21414,4700.0,192828.211578,6.427607053,-210.0,30000 3000,1e-06,2,0.0 0.0259,0.0 0.0,-1.0 0.0,0.00054857 28.0,30000,1000,0,0.0,0.0 0.0 0.0,1000 1000000 0,0,0.0,0,100,0,,70,,1,,,10,1.0,10.0,0.1,True,{},,,False,3,mixed,250,300,True,Ar_Aubin,,False,uniform,Argon_Aubin_Model3-test/70Td,3.0000000000000005e+21,9.072900000000001e+23,2.188122520857184e-17,2.030954056429054e-13,2.0275449615415588e-13,4.376245041714368e-18,4.376245041714368e-19,1.3128735125143105e-18,0.0,4.376245041714368e-19,2.625747025028621e-18,4.376245041714368e-18,3.938620537542931e-18,8.752490083428737e-19,3.5009960333714946e-18,1.3128735125143105e-18,3.938620537542931e-18,1.1815861612628794e-17,3.938620537542931e-18,1.7504980166857473e-18,1.3128735125143105e-18,3.5009960333714946e-18,6.5643675625715526e-18,3.0633715292000576e-18,7.877241075085862e-18,1.3566359629314541e-17,6.126743058400115e-18,9.190114587600173e-18,7.921003525503007e-17,4.3762450417143685e-17,4.595057293800087e-17,0.0,3.5009960333714946e-18,4.813869545885805e-18,2.625747025028621e-18,4.332482591297225e-17,2.1881225208571842e-17,1905.8327043060567,1848.8760631929301,1829.099857099125,784.0189681803035,1064.7668825509952,1156.00523509116,-1.2429585371738605,333.9288412952848,62123.93263383432,8.874847519119191e+23,3.5221893207473393e-22,3.4453033930829863e-22
1.2187e-06,193106.0,6.43686,3e+22,9387.36,-9956.62,48962.1,4.30007,4.29747,4.26148,8.60422489e-05,-0.000403512231,0.09186662,0.00462666115,0.0045834948,0.0110160091,-1.49534077e-07,-8.96682179e-06,-5.40813829e-05,2545.04791,-213.288448,57.9780577,-180.711906,1672.91098,-240.083698,744.373022,-1287.41939,4911.30737,4800.0,193105.699101,6.436856637,-210.0,30000 3000,1e-06,2,0.0 0.0259,0.0 0.0,-1.0 0.0,0.00054857 28.0,30000,1000,0,0.0,0.0 0.0 0.0,1000 1000000 0,0,0.0,0,100,0,,70,,1,,,10,1.0,10.0,0.1,True,{},,,False,3,mixed,250,300,True,Ar_Aubin,,False,uniform,Argon_Aubin_Model3-test/70Td,3.0000000000000005e+21,6.994585714285715e+23,2.2318849712743277e-17,2.034967073132306e-13,2.0317592855167297e-13,4.813869545885805e-18,1.3128735125143105e-18,1.3128735125143105e-18,0.0,8.752490083428737e-19,3.5009960333714946e-18,2.188122520857184e-18,3.0633715292000576e-18,0.0,8.752490083428737e-19,3.5009960333714946e-18,3.5009960333714946e-18,7.001992066742989e-18,3.938620537542931e-18,0.0,1.7504980166857473e-18,1.3128735125143105e-18,6.5643675625715526e-18,3.5009960333714946e-18,9.62773909177161e-18,9.62773909177161e-18,7.877241075085862e-18,6.5643675625715526e-18,7.921003525503007e-17,3.982382987960075e-17,4.857631996302949e-17,0.0,3.938620537542931e-18,4.813869545885805e-18,2.625747025028621e-18,3.676045835040069e-17,2.231884971274328e-17,1840.6959695703267,2544.2402004343658,1857.202658585025,1668.893362050581,1172.7086766976963,413.3247348980012,-8.725979728117347,-64.24676341806673,61561.31644452857,8.794473777789797e+23,3.6254666082156084e-22,4.558393065808713e-22
1.24409e-06,192681.0,6.42269,3e+22,2898.36,4446.24,54802.8,4.30393,4.27881,4.24542,0.000123465237,-0.000445390032,0.0934114541,0.00473769943,0.00468147712,0.0113587941,1.82717605e-06,-1.19891595e-05,-4.70520055e-05,2739.12376,6.63920383,-59.1601512,-78.4132086,1605.04678,298.441037,96.5248889,541.796211,6325.4851,4900.0,192680.83252,6.422694417,-210.0,30000 3000,1e-06,2,0.0 0.0259,0.0 0.0,-1.0 0.0,0.00054857 28.0,30000,1000,0,0.0,0.0 0.0 0.0,1000 1000000 0,0,0.0,0,100,0,,70,,1,,,10,1.0,10.0,0.1,True,{},,,False,3,mixed,250,300,True,Ar_Aubin,,False,uniform,Argon_Aubin_Model3-test/70Td,3.0000000000000005e+21,7.82897142857143e+23,2.188122520857184e-17,2.0316148694303529e-13,2.0281970220527741e-13,1.3128735125143105e-18,1.7504980166857473e-18,4.376245041714368e-19,0.0,4.376245041714368e-19,4.813869545885805e-18,5.251494050057242e-18,8.752490083428737e-19,4.376245041714368e-19,1.3128735125143105e-18,3.5009960333714946e-18,2.625747025028621e-18,9.62773909177161e-18,3.938620537542931e-18,1.3128735125143105e-18,1.7504980166857473e-18,4.813869545885805e-18,1.225348611680023e-17,1.7504980166857473e-18,1.1378237108457357e-17,9.190114587600173e-18,5.6891185542286785e-18,7.439616570914425e-18,8.66496518259445e-17,4.2011952400457935e-17,4.98891934755438e-17,0.0,1.3128735125143105e-18,9.62773909177161e-18,1.7504980166857473e-18,3.676045835040069e-17,2.1881225208571842e-17,2186.5338485806774,2738.7659132956887,1928.8757963883324,1607.0270909758797,1113.8638093548702,1206.2758632485193,-261.9574331745834,-240.14152509553963,60845.15313356663,8.692164733366663e+23,3.5962149952254057e-22,3.9927203005269507e-22
1.26948e-06,192558.0,6.4186,3e+22,-6490.64,8983.93,57898.2,4.24873,4.26861,4.30011,9.74493779e-05,-0.000450638797,0.0949571355,0.0048421312,0.00477588713,0.0117119088,3.3192602e-06,-1.4534904e-05,-4.65908496e-05,1564.53816,-156.870969,178.503367,-87.4149461,1763.82032,132.701122,-666.578234,555.731312,6274.57649,5000.0,192558.067003,6.418602233,-210.0,30000 3000,1e-06,2,0.0 0.0259,0.0 0.0,-1.0 0.0,0.00054857 28.0,30000,1000,0,0.0,0.0 0.0 0.0,1000 1000000 0,0,0.0,0,100,0,,70,,1,,,10,1.0,10.0,0.1,True,{},,,False,3,mixed,250,300,True,Ar_Aubin,,False,uniform,Argon_Aubin_Model3-test/70Td,3.0000000000000005e+21,8.27117142857143e+23,2.188122520857184e-17,2.0250417493776979e-13,2.0217158031459955e-13,4.376245041714368e-18,1.3128735125143105e-18,8.752490083428737e-19,0.0,0.0,1.3128735125143105e-18,3.0633715292000576e-18,2.625747025028621e-18,4.376245041714368e-19,2.188122520857184e-18,8.752490083428737e-19,1.7504980166857473e-18,9.190114587600173e-18,6.126743058400115e-18,4.376245041714368e-19,8.752490083428737e-19,2.188122520857184e-18,7.001992066742989e-18,1.3128735125143105e-18,1.0065363595943046e-17,9.62773909177161e-18,7.001992066742989e-18,6.5643675625715526e-18,7.570903922165858e-17,5.601593653394391e-17,4.945156897137237e-17,0.0,2.625747025028621e-18,5.6891185542286785e-18,2.625747025028621e-18,3.938620537542932e-17,2.1881225208571842e-17,2056.698752313813,1565.1706688301729,1859.133404134823,1767.8688274075323,1220.1230958945162,776.729267393901,-10.484251924799212,122.61557139019033,60878.52506538104,8.696932152197294e+23,3.5942436491475936e-22,3.7792582858485826e-22
1.29487e-06,193263.0,6.44211,3e+22,2380.12,-2330.46,63428.2,4.29657,4.25035,4.31436,7.8595927e-05,-0.000411513372,0.0965163594,0.00494458774,0.00487734666,0.0120705392,-2.38619709e-08,-1.19746205e-05,-3.89778905e-05,2066.07578,297.909432,220.111693,-138.887591,1426.52544,295.573071,327.194329,-268.896269,7167.22918,5100.0,193263.421109,6.442114037,-210.0,30000 3000,1e-06,2,0.0 0.0259,0.0 0.0,-1.0 0.0,0.00054857 28.0,30000,1000,0,0.0,0.0 0.0 0.0,1000 1000000 0,0,0.0,0,100,0,,70,,1,,,10,1.0,10.0,0.1,True,{},,,False,3,mixed,250,300,True,Ar_Aubin,,False,uniform,Argon_Aubin_Model3-test/70Td,3.0000000000000005e+21,9.06117142857143e+23,1.5754482150171725e-17,2.0237026183949335e-13,2.020617365640525e-13,4.813869545885805e-18,8.752490083428737e-19,1.7504980166857473e-18,0.0,0.0,1.7504980166857473e-18,1.3128735125143105e-18,3.0633715292000576e-18,8.752490083428737e-19,1.3128735125143105e-18,3.0633715292000576e-18,2.188122520857184e-18,7.439616570914425e-18,3.0633715292000576e-18,2.188122520857184e-18,2.625747025028621e-18,3.0633715292000576e-18,4.376245041714368e-18,2.188122520857184e-18,9.62773909177161e-18,1.225348611680023e-17,4.376245041714368e-18,7.877241075085862e-18,9.190114587600174e-17,3.7198082854572133e-17,4.244957690462937e-17,0.0,2.188122520857184e-18,3.5009960333714946e-18,1.3128735125143105e-18,3.4134711325372074e-17,1.5754482150171725e-17,2017.7525258671456,2065.888712262229,1998.717232056167,1425.5664245470887,1183.168512607385,1045.3702327049205,166.5250552955872,312.60030648793065,61411.91275167799,8.773130393096858e+23,2.565378840075496e-22,2.483829298351794e-22
1.32026e-06,193029.0,6.43429,3e+22,12861.6,1329.4,59155.1,4.30847,4.24174,4.29754,0.000154750673,-0.000437273601,0.0980948445,0.00503819943,0.00497738873,0.0124447795,7.26017107e-07,1.45454362e-07,-4.55792096e-05,865.581826,536.424987,-255.407494,-67.9303889,1395.79339,-287.997961,1607.92912,280.140378,7324.06385,5200.0,193028.842719,6.434294757,-210.0,30000 3000,1e-06,2,0.0 0.0259,0.0 0.0,-1.0 0.0,0.00054857 28.0,30000,1000,0,0.0,0.0 0.0 0.0,1000 1000000 0,0,0.0,0,100,0,,70,,1,,,10,1.0,10.0,0.1,True,{},,,False,3,mixed,250,300,True,Ar_Aubin,,False,uniform,Argon_Aubin_Model3-test/70Td,3.0000000000000005e+21,8.450728571428572e+23,2.7570343762800516e-17,2.0383717917747598e-13,2.0349583206422227e-13,3.5009960333714946e-18,4.376245041714368e-19,1.3128735125143105e-18,0.0,4.376245041714368e-19,1.7504980166857473e-18,4.376245041714368e-18,2.188122520857184e-18,4.376245041714368e-19,0.0,3.5009960333714946e-18,1.7504980166857473e-18,8.752490083428736e-18,4.376245041714368e-18,2.188122520857184e-18,1.3128735125143105e-18,2.188122520857184e-18,7.877241075085862e-18,3.0633715292000576e-18,1.1378237108457357e-17,1.0065363595943046e-17,6.126743058400115e-18,7.001992066742989e-18,8.577440281760162e-17,4.420007492131512e-17,5.1202066988058105e-17,0.0,3.5009960333714946e-18,5.251494050057242e-18,2.625747025028621e-18,3.7198082854572133e-17,2.7570343762800523e-17,1843.1546686231145,863.5914847441431,1969.7081689590002,1396.3747015251695,1320.4110019611555,1521.2535141180497,178.24717189332708,81.71068244241769,62170.53833065503,8.881505475807864e+23,4.434631660444565e-22,4.6606875422069305e-22
1.34565e-06,192044.0,6.40145,3e+22,2045.72,-2537.99,55316.4,4.29021,4.25082,4.24442,0.000199472012,-0.000509924509,0.0996473825,0.00513020778,0.0050649903,0.012815413,-3.83486296e-06,1.2358014e-06,-6.04783141e-05,2057.65473,37.5342247,-31.4399048,-166.809959,2237.99491,210.726133,272.740631,-222.453274,6705.12557,5300.0,192043.601056,6.401453369,-210.0,30000 3000,1e-06,2,0.0 0.0259,0.0 0.0,-1.0 0.0,0.00054857 28.0,30000,1000,0,0.0,0.0 0.0 0.0,1000 1000000 0,0,0.0,0,100,0,,70,,1,,,10,1.0,10.0,0.1,True,{},,,False,3,mixed,250,300,True,Ar_Aubin,,False,uniform,Argon_Aubin_Model3-test/70Td,3.0000000000000005e+21,7.902342857142859e+23,2.5382221241943332e-17,2.0242934114755646e-13,2.0206655043359836e-13,2.625747025028621e-18,1.7504980166857473e-18,1.3128735125143105e-18,0.0,0.0,2.188122520857184e-18,1.7504980166857473e-18,2.625747025028621e-18,0.0,2.188122520857184e-18,8.752490083428737e-19,2.625747025028621e-18,1.1815861612628794e-17,7.001992066742989e-18,1.3128735125143105e-18,8.752490083428737e-19,2.625747025028621e-18,1.0065363595943046e-17,1.7504980166857473e-18,1.225348611680023e-17,1.0502988100114484e-17,7.877241075085862e-18,8.3148655792573e-18,9.190114587600174e-17,5.2077315996400986e-17,5.076444248388667e-17,0.0,2.625747025028621e-18,5.251494050057242e-18,2.625747025028621e-18,3.982382987960075e-17,2.5382221241943336e-17,1811.6179200779552,2057.2466661156113,1723.7915366380967,2236.700726695403,1253.0953299357413,1192.9911006769998,-142.03743405186552,26.4160092675032,61148.58052115851,8.735511503022646e+23,4.1509093139391235e-22,4.588552624889424e-22
1.37104e-06,192228.0,6.4076,3e+22,-270.903,6017.34,57161.2,4.27035,4.27301,4.25305,0.000192752367,-0.000533453014,0.10123531,0.00523713371,0.00517338773,0.0131994234,-9.06283575e-06,4.46063059e-06,-6.33368358e-05,1837.57642,-306.820991,-418.839764,-817.876271,1851.28048,260.5338,99.0109503,610.192671,6840.03935,5400.0,192228.007911,6.407600264,-210.0,30000 3000,1e-06,2,0.0 0.0259,0.0 0.0,-1.0 0.0,0.00054857 28.0,30000,1000,0,0.0,0.0 0.0 0.0,1000 1000000 0,0,0.0,0,100,0,,70,,1,,,10,1.0,10.0,0.1,True,{},,,False,3,mixed,250,300,True,Ar_Aubin,,False,uniform,Argon_Aubin_Model3-test/70Td,3.0000000000000005e+21,8.165885714285715e+23,1.881785367937178e-17,2.0198383940230998e-13,2.0165299527715635e-13,3.0633715292000576e-18,1.3128735125143105e-18,1.7504980166857473e-18,0.0,0.0,1.3128735125143105e-18,4.376245041714368e-18,1.7504980166857473e-18,4.376245041714368e-19,1.3128735125143105e-18,3.938620537542931e-18,2.188122520857184e-18,1.0065363595943046e-17,3.5009960333714946e-18,2.188122520857184e-18,1.7504980166857473e-18,1.7504980166857473e-18,9.62773909177161e-18,3.5009960333714946e-18,1.1378237108457357e-17,8.752490083428736e-18,1.0065363595943046e-17,5.251494050057242e-18,7.96476597592015e-17,4.420007492131512e-17,5.076444248388667e-17,0.0,2.188122520857184e-18,4.376245041714368e-18,2.625747025028621e-18,3.8948580871257877e-17,1.8817853679371784e-17,2105.7552227799533,1837.6286371944775,2134.198271865905,1854.4904481592628,1280.5095059632458,1053.3075480280004,141.3313892826127,-303.42182111563045,62542.43863629158,8.934634090898799e+23,3.008813549597076e-22,3.2920676401775647e-22
1.39643e-06,192517.0,6.41724,3e+22,-5.08182,-6715.62,69788.0,4.2586,4.22984,4.31809,0.000186355136,-0.000567071571,0.10285359,0.00533758621,0.00527475397,0.0135872409,-1.05891548e-05,5.46854721e-07,-6.13038306e-05,1453.26437,-104.31476,-569.473052,-385.522257,2086.50218,-679.392139,-365.731773,-643.740197,7953.10287,5500.0,192517.175221,6.417239174,-210.0,30000 3000,1e-06,2,0.0 0.0259,0.0 0.0,-1.0 0.0,0.00054857 28.0,30000,1000,0,0.0,0.0 0.0 0.0,1000 1000000 0,0,0.0,0,100,0,,70,,1,,,10,1.0,10.0,0.1,True,{},,,False,3,mixed,250,300,True,Ar_Aubin,,False,uniform,Argon_Aubin_Model3-test/70Td,3.0000000000000005e+21,9.969714285714287e+23,1.6629731158514597e-17,2.022096536464624e-13,2.018757461497796e-13,3.5009960333714946e-18,2.188122520857184e-18,4.376245041714368e-19,0.0,0.0,1.3128735125143105e-18,3.0633715292000576e-18,4.376245041714368e-18,8.752490083428737e-19,8.752490083428737e-19,1.7504980166857473e-18,1.7504980166857473e-18,1.225348611680023e-17,7.001992066742989e-18,8.752490083428737e-19,1.3128735125143105e-18,2.625747025028621e-18,8.3148655792573e-18,3.0633715292000576e-18,7.877241075085862e-18,1.2691110620971668e-17,7.877241075085862e-18,4.813869545885805e-18,8.008528426337294e-17,4.244957690462937e-17,5.339018950891529e-17,0.0,1.3128735125143105e-18,7.001992066742989e-18,3.0633715292000576e-18,4.113670339211506e-17,1.66297311585146e-17,1978.269158203957,1453.2653170232572,1995.4871670193506,2082.693942816361,1133.2300411979966,775.1565310799997,-140.51914937846487,-947.6874938004343,63737.908434949735,9.105415490707107e+23,2.6090801481957524e-22,2.382892640355734e-22
1.42181e-06,192344.0,6.41146,3e+22,-1560.12,-6054.49,60010.1,4.23085,4.29976,4.27162,0.000243067799,-0.000630883529,0.104455192,0.00545234153,0.00537734204,0.0139687714,-1.67720848e-05,-1.27545733e-06,-7.21683739e-05,1912.20876,-104.629469,-184.826009,-199.329422,1852.45398,558.934412,2.25404653,-665.984999,7767.95005,5600.0,192343.822878,6.411460763,-210.0,30000 3000,1e-06,2,0.0 0.0259,0.0 0.0,-1.0 0.0,0.00054857 28.0,30000,1000,0,0.0,0.0 0.0 0.0,1000 1000000 0,0,0.0,0,100,0,,70,,1,,,10,1.0,10.0,0.1,True,{},,,False,3,mixed,250,300,True,Ar_Aubin,,False,uniform,Argon_Aubin_Model3-test/70Td,3.0000000000000005e+21,8.57287142857143e+23,2.275647421691471e-17,2.0220483977691652e-13,2.0186174216564616e-13,3.5009960333714946e-18,8.752490083428737e-19,1.3128735125143105e-18,0.0,4.376245041714368e-19,3.0633715292000576e-18,8.752490083428737e-19,3.938620537542931e-18,0.0,2.625747025028621e-18,3.5009960333714946e-18,3.0633715292000576e-18,1.1815861612628794e-17,4.376245041714368e-18,8.752490083428737e-19,1.7504980166857473e-18,1.7504980166857473e-18,1.1378237108457357e-17,1.7504980166857473e-18,9.190114587600173e-18,1.4441608637657416e-17,9.62773909177161e-18,6.126743058400115e-18,7.96476597592015e-17,4.551294843382943e-17,4.3762450417143685e-17,0.0,2.625747025028621e-18,6.5643675625715526e-18,2.625747025028621e-18,4.332482591297225e-17,2.2756474216914714e-17,2259.4087004482617,1912.5879749345759,2018.771980249259,1848.634301982505,974.8940536919205,1499.5835325608004,-316.8506361669411,-34.19585125172989,63081.02530169863,9.011575043099807e+23,3.607499102634581e-22,3.792107364746053e-22
1.4472e-06,192903.0,6.43011,3e+22,-8278.52,-2556.66,52239.2,4.25688,4.23378,4.35363,0.000200023588,-0.00068578001,0.105995914,0.00555397158,0.00547161339,0.0143525238,-1.31024893e-05,-6.9153501e-06,-7.65515351e-05,1854.23241,-306.65934,-247.591535,-137.480706,1386.08785,141.327413,-1002.45962,-146.964945,6316.36864,5700.0,192903.401916,6.430113397,-210.0,30000 3000,1e-06,2,0.0 0.0259,0.0 0.0,-1.0 0.0,0.00054857 28.0,30000,1000,0,0.0,0.0 0.0 0.0,1000 1000000 0,0,0.0,0,100,0,,70,,1,,,10,1.0,10.0,0.1,True,{},,,False,3,mixed,250,300,True,Ar_Aubin,,False,uniform,Argon_Aubin_Model3-test/70Td,3.0000000000000005e+21,7.462742857142858e+23,1.7504980166857468e-17,2.0303632633484228e-13,2.027278010594014e-13,3.0633715292000576e-18,1.7504980166857473e-18,8.752490083428737e-19,0.0,4.376245041714368e-19,8.752490083428737e-19,2.625747025028621e-18,2.625747025028621e-18,8.752490083428737e-19,1.3128735125143105e-18,1.3128735125143105e-18,3.938620537542931e-18,1.0940612604285921e-17,5.251494050057242e-18,1.3128735125143105e-18,8.752490083428737e-19,8.752490083428737e-19,5.251494050057242e-18,3.938620537542931e-18,7.877241075085862e-18,1.0502988100114484e-17,4.813869545885805e-18,9.190114587600173e-18,8.052290876754437e-17,3.938620537542932e-17,4.551294843382943e-17,0.0,3.938620537542931e-18,3.938620537542931e-18,2.625747025028621e-18,3.457233582954351e-17,1.750498016685747e-17,2001.786607885792,1855.8883092737299,1855.0719547580225,1384.3345436796333,1171.852866163106,779.2268893711998,-57.18413003974165,-383.0109332509694,60683.193118441974,8.669027588348856e+23,2.884650471950462e-22,3.3509280706552685e-22
1.47259e-06,193102.0,6.43673,3e+22,1456.13,6232.4,57017.2,4.30535,4.29165,4.25774,0.000139161621,-0.000701882371,0.10753726,0.00566275729,0.00555661534,0.0147398305,-1.01213392e-05,-6.1334777e-06,-7.44558521e-05,1600.3134,-60.5111988,381.34695,668.349639,1587.09205,705.935329,41.6831197,761.598273,7645.27692,5800.0,193101.926965,6.436730899,-210.0,30000 3000,1e-06,2,0.0 0.0259,0.0 0.0,-1.0 0.0,0.00054857 28.0,30000,1000,0,0.0,0.0 0.0 0.0,1000 1000000 0,0,0.0,0,100,0,,70,,1,,,10,1.0,10.0,0.1,True,{},,,False,3,mixed,250,300,True,Ar_Aubin,,False,uniform,Argon_Aubin_Model3-test/70Td,3.0000000000000005e+21,8.145314285714287e+23,2.319409872108615e-17,2.032183781285776e-13,2.0289978748954082e-13,1.7504980166857473e-18,8.752490083428737e-19,4.376245041714368e-19,0.0,0.0,2.188122520857184e-18,3.0633715292000576e-18,2.625747025028621e-18,8.752490083428737e-19,8.752490083428737e-19,1.7504980166857473e-18,1.7504980166857473e-18,1.0940612604285921e-17,4.376245041714368e-18,1.7504980166857473e-18,1.3128735125143105e-18,2.625747025028621e-18,6.126743058400115e-18,2.188122520857184e-18,9.62773909177161e-18,9.190114587600173e-18,6.126743058400115e-18,6.5643675625715526e-18,8.621202732177305e-17,3.807333186291501e-17,4.332482591297225e-17,0.0,3.5009960333714946e-18,4.813869545885805e-18,2.188122520857184e-18,4.0261454383772186e-17,2.3194098721086152e-17,2142.7346921376725,1600.1107625888133,1673.5120947040193,1591.4664616890204,1145.709195650924,1513.8034591280011,276.4319253600283,258.50723331931886,60707.77011059643,8.672538587228062e+23,3.8206145076374104e-22,4.067912616032732e-22
1.49798e-06,192150.0,6.40501,3e+22,344.441,653.391,57992.7,4.25789,4.27879,4.2542,5.52104242e-05,-0.000704294026,0.109041151,0.00575758778,0.00566202402,0.0151248849,-4.68963448e-06,-9.49533218e-06,-7.18980449e-05,2105.88013,97.5707394,-66.7580309,-376.805618,2590.95138,49.0996113,129.415407,-372.74806,7179.28559,5900.0,192150.162974,6.405005432,-210.0,30000 3000,1e-06,2,0.0 0.0259,0.0 0.0,-1.0 0.0,0.00054857 28.0,30000,1000,0,0.0,0.0 0.0 0.0,1000 1000000 0,0,0.0,0,100,0,,70,,1,,,10,1.0,10.0,0.1,True,{},,,False,3,mixed,250,300,True,Ar_Aubin,,False,uniform,Argon_Aubin_Model3-test/70Td,3.0000000000000005e+21,8.28467142857143e+23,1.6629731158514597e-17,2.0239039256668523e-13,2.0203810484082723e-13,4.813869545885805e-18,1.3128735125143105e-18,2.188122520857184e-18,0.0,8.752490083428737e-19,3.0633715292000576e-18,3.0633715292000576e-18,1.3128735125143105e-18,4.376245041714368e-19,2.625747025028621e-18,1.7504980166857473e-18,2.188122520857184e-18,8.3148655792573e-18,6.126743058400115e-18,0.0,1.3128735125143105e-18,1.3128735125143105e-18,7.001992066742989e-18,2.625747025028621e-18,8.3148655792573e-18,1.3566359629314541e-17,9.62773909177161e-18,7.877241075085862e-18,8.489915380925874e-17,5.4703063021429605e-17,5.0326817979715237e-17,0.0,1.7504980166857473e-18,6.5643675625715526e-18,2.625747025028621e-18,4.5075323929657994e-17,1.66297311585146e-17,1867.8279249342154,2105.861113266278,2075.7571759236207,2591.411559377942,1168.6690003543972,855.6948324023006,219.89305611479517,21.89733144090566,59232.55978826004,8.461794255465722e+23,2.80753207660808e-22,2.867555943854071e-22
1.52337e-06,193000.0,6.43333,3e+22,-4052.69,-2933.31,56547.2,4.32906,4.26023,4.25905,-1.92076984e-06,-0.000808861859,0.110719568,0.00585653074,0.00575182376,0.0155516722,-6.41505386e-06,-1.75097252e-05,-8.76987914e-05,1818.02635,34.0415788,-637.049738,154.901937,1349.87855,-4.81177154,-455.170531,-485.033994,6919.6342,6000.0,193000.00301,6.433333434,-210.0,30000 3000,1e-06,2,0.0 0.0259,0.0 0.0,-1.0 0.0,0.00054857 28.0,30000,1000,0,0.0,0.0 0.0 0.0,1000 1000000 0,0,0.0,0,100,0,,70,,1,,,10,1.0,10.0,0.1,True,{},,,False,3,mixed,250,300,True,Ar_Aubin,,False,uniform,Argon_Aubin_Model3-test/70Td,3.0000000000000005e+21,8.07817142857143e+23,2.4944596737771898e-17,2.0206611280909417e-13,2.0174052017799064e-13,1.7504980166857473e-18,1.3128735125143105e-18,1.7504980166857473e-18,0.0,0.0,2.188122520857184e-18,8.752490083428737e-19,4.376245041714368e-18,4.376245041714368e-19,1.3128735125143105e-18,2.188122520857184e-18,8.752490083428737e-19,1.3128735125143105e-17,4.376245041714368e-18,1.3128735125143105e-18,1.7504980166857473e-18,1.3128735125143105e-18,1.0065363595943046e-17,4.376245041714368e-18,8.3148655792573e-18,1.0502988100114484e-17,1.0502988100114484e-17,5.251494050057242e-18,7.877241075085863e-17,3.938620537542932e-17,4.770107095468661e-17,0.0,1.7504980166857473e-18,4.813869545885805e-18,3.938620537542931e-18,3.632283384622925e-17,2.49445967377719e-17,1948.553827188752,1818.0185657152772,1765.3195120859573,1347.5059074203766,1140.9627031969214,658.7526443904007,-70.16723426605846,-643.3995688057835,66106.47666761199,9.443782381087429e+23,3.7733967978954743e-22,4.411287692011611e-22
1.54876e-06,192738.0,6.4246,3e+22,-6304.39,-8644.69,58405.0,4.30041,4.24467,4.28407,-3.22917925e-05,-0.000885796328,0.112268235,0.00595910828,0.00584417724,0.0159513726,2.10736424e-06,-2.39823594e-05,-9.49655829e-05,2163.12237,53.5595254,-20.4840696,249.113116,1682.99341,5.72234347,-730.846787,-644.022896,7765.54738,6100.0,192737.892081,6.424596403,-210.0,30000 3000,1e-06,2,0.0 0.0259,0.0 0.0,-1.0 0.0,0.00054857 28.0,30000,1000,0,0.0,0.0 0.0 0.0,1000 1000000 0,0,0.0,0,100,0,,70,,1,,,10,1.0,10.0,0.1,True,{},,,False,3,mixed,250,300,True,Ar_Aubin,,False,uniform,Argon_Aubin_Model3-test/70Td,3.0000000000000005e+21,8.34357142857143e+23,2.4944596737771898e-17,2.022022140298915e-13,2.0186480553717537e-13,4.813869545885805e-18,1.7504980166857473e-18,1.3128735125143105e-18,0.0,4.376245041714368e-19,8.752490083428737e-19,2.625747025028621e-18,4.376245041714368e-18,4.376245041714368e-19,8.752490083428737e-19,3.0633715292000576e-18,2.188122520857184e-18,8.3148655792573e-18,3.938620537542931e-18,2.625747025028621e-18,8.752490083428737e-19,1.7504980166857473e-18,6.5643675625715526e-18,2.188122520857184e-18,6.126743058400115e-18,1.225348611680023e-17,7.877241075085862e-18,6.5643675625715526e-18,9.408926839685891e-17,4.5075323929657994e-17,4.770107095468661e-17,0.0,8.752490083428737e-19,2.625747025028621e-18,3.0633715292000576e-18,3.7198082854572133e-17,2.49445967377719e-17,2020.0495661509856,2162.918789946281,1816.159025196259,1675.3359753413017,1070.6460143405277,1208.521114825,-120.5201522651396,-41.66211640738743,60996.116520149575,8.71373093144994e+23,4.0895385084936765e-22,4.270969392649927e-22
1.57415e-06,193065.0,6.43549,3e+22,-4838.48,-527.252,56338.9,4.23263,4.35305,4.26713,-9.03737132e-05,-0.000950317554,0.113863415,0.00606481037,0.00593661851,0.0163794008,1.05920945e-05,-2.0261965e-05,-0.000103059332,1463.1735,397.706567,1002.68845,356.3659,1938.54175,-413.977085,-594.46322,426.622506,7911.45782,6200.0,193064.842214,6.43549474,-210.0,30000 3000,1e-06,2,0.0 0.0259,0.0 0.0,-1.0 0.0,0.00054857 28.0,30000,1000,0,0.0,0.0 0.0 0.0,1000 1000000 0,0,0.0,0,100,0,,70,,1,,,10,1.0,10.0,0.1,True,{},,,False,3,mixed,250,300,True,Ar_Aubin,,False,uniform,Argon_Aubin_Model3-test/70Td,3.0000000000000005e+21,8.048414285714287e+23,2.319409872108615e-17,2.0296499354066232e-13,2.0263983853406295e-13,5.251494050057242e-18,2.625747025028621e-18,1.7504980166857473e-18,0.0,4.376245041714368e-19,2.188122520857184e-18,3.0633715292000576e-18,3.938620537542931e-18,1.7504980166857473e-18,4.376245041714368e-19,1.3128735125143105e-18,4.376245041714368e-18,7.439616570914425e-18,4.376245041714368e-18,2.188122520857184e-18,2.188122520857184e-18,4.813869545885805e-18,8.3148655792573e-18,2.188122520857184e-18,6.5643675625715526e-18,8.752490083428736e-18,7.877241075085862e-18,4.376245041714368e-18,7.83347862466872e-17,4.288720140880081e-17,4.551294843382943e-17,0.0,6.5643675625715526e-18,6.126743058400115e-18,2.188122520857184e-18,3.4134711325372074e-17,2.3194098721086152e-17,2081.4618062479385,1462.7362285961563,1818.1224139265373,1938.0406931690186,1325.4937957470775,1496.5182686564995,409.0380101388497,964.2426417998033,62828.08709077739,8.975441012968201e+23,3.6916767317098274e-22,4.1168888141383924e-22
1.59954e-06,191927.0,6.39756,3e+22,3111.8,2810.58,45265.3,4.24461,4.26616,4.27261,-0.000141371719,-0.00106693656,0.115318859,0.00616275719,0.00604264888,0.0167739355,1.22286315e-05,-1.53990812e-05,-0.000113295477,2201.07799,-82.0329029,-278.553973,-44.4794072,1877.79269,-716.017843,674.446269,781.03016,5703.32365,6300.0,191926.907627,6.397563588,-210.0,30000 3000,1e-06,2,0.0 0.0259,0.0 0.0,-1.0 0.0,0.00054857 28.0,30000,1000,0,0.0,0.0 0.0 0.0,1000 1000000 0,0,0.0,0,100,0,,70,,1,,,10,1.0,10.0,0.1,True,{},,,False,3,mixed,250,300,True,Ar_Aubin,,False,uniform,Argon_Aubin_Model3-test/70Td,3.0000000000000005e+21,6.46647142857143e+23,2.5382221241943332e-17,2.023510063613098e-13,2.020048453785102e-13,4.813869545885805e-18,1.3128735125143105e-18,8.752490083428737e-19,0.0,4.376245041714368e-19,2.188122520857184e-18,3.5009960333714946e-18,1.3128735125143105e-18,8.752490083428737e-19,2.188122520857184e-18,2.188122520857184e-18,2.188122520857184e-18,1.1815861612628794e-17,3.0633715292000576e-18,2.188122520857184e-18,3.5009960333714946e-18,2.625747025028621e-18,6.5643675625715526e-18,1.3128735125143105e-18,1.1815861612628794e-17,1.0502988100114484e-17,9.62773909177161e-18,9.62773909177161e-18,7.96476597592015e-17,4.551294843382943e-17,5.251494050057242e-17,0.0,3.5009960333714946e-18,3.938620537542931e-18,2.625747025028621e-18,3.851095636708644e-17,2.5382221241943336e-17,1928.6440401799157,2201.517910515184,2083.4341586786754,1880.7914005568048,1200.7423196967559,483.3809017072999,428.34268829623323,43.44230383585074,57324.41629643634,8.189202328062336e+23,4.42782026958402e-22,5.607434666718951e-22
1.62493e-06,192391.0,6.41302,3e+22,1548.69,-5343.89,62731.2,4.22951,4.28404,4.28995,-0.000147063397,-0.00110419751,0.116930588,0.00626800294,0.00616053505,0.0172093297,1.61891246e-05,-2.19228497e-05,-0.000116133806,1313.58665,-486.589817,316.624767,-58.1766859,2061.59122,-6.89147286,283.379515,-721.592796,8607.71349,6400.0,192390.640071,6.413021336,-210.0,30000 3000,1e-06,2,0.0 0.0259,0.0 0.0,-1.0 0.0,0.00054857 28.0,30000,1000,0,0.0,0.0 0.0 0.0,1000 1000000 0,0,0.0,0,100,0,,70,,1,,,10,1.0,10.0,0.1,True,{},,,False,3,mixed,250,300,True,Ar_Aubin,,False,uniform,Argon_Aubin_Model3-test/70Td,3.0000000000000005e+21,8.9616e+23,2.275647421691471e-17,2.0191688285317173e-13,2.015926030955807e-13,2.625747025028621e-18,1.3128735125143105e-18,4.376245041714368e-19,0.0,4.376245041714368e-19,2.188122520857184e-18,7.877241075085862e-18,3.0633715292000576e-18,4.376245041714368e-19,3.938620537542931e-18,1.7504980166857473e-18,5.251494050057242e-18,9.62773909177161e-18,5.251494050057242e-18,1.7504980166857473e-18,1.3128735125143105e-18,2.625747025028621e-18,5.6891185542286785e-18,1.7504980166857473e-18,7.877241075085862e-18,9.190114587600173e-18,7.877241075085862e-18,7.001992066742989e-18,8.44615293050873e-17,3.676045835040069e-17,4.420007492131512e-17,0.0,5.251494050057242e-18,4.813869545885805e-18,1.3128735125143105e-18,3.5447584837886383e-17,2.2756474216914714e-17,2072.583032426578,1313.8144056122999,2319.9513084486075,2055.690509968286,1202.678085439246,1272.5173880544007,-221.75947417293645,428.14051304016647,63479.88940353555,9.068555629076509e+23,3.5848320516524525e-22,3.6276165953966624e-22
1.65032e-06,192314.0,6.41048,3e+22,-4427.04,-5664.29,53275.3,4.25551,4.28806,4.26095,-0.000215471068,-0.00111516121,0.118492514,0.00637266959,0.00627054566,0.0176414155,1.8861633e-05,-2.2850134e-05,-0.000116818287,2011.63007,676.486257,-229.895895,2.89070904,1830.86363,506.755497,-947.394282,-1303.49185,7750.48725,6500.0,192314.358031,6.410478601,-210.0,30000 3000,1e-06,2,0.0 0.0259,0.0 0.0,-1.0 0.0,0.00054857 28.0,30000,1000,0,0.0,0.0 0.0 0.0,1000 1000000 0,0,0.0,0,100,0,,70,,1,,,10,1.0,10.0,0.1,True,{},,,False,3,mixed,250,300,True,Ar_Aubin,,False,uniform,Argon_Aubin_Model3-test/70Td,3.0000000000000005e+21,7.610757142857144e+23,2.1005976200228965e-17,2.0228842605721327e-13,2.0195408093602631e-13,3.5009960333714946e-18,8.752490083428737e-19,4.376245041714368e-19,0.0,0.0,3.938620537542931e-18,2.625747025028621e-18,5.251494050057242e-18,4.376245041714368e-19,8.752490083428737e-19,2.188122520857184e-18,2.625747025028621e-18,9.190114587600173e-18,4.376245041714368e-18,1.3128735125143105e-18,2.188122520857184e-18,2.625747025028621e-18,4.813869545885805e-18,2.188122520857184e-18,1.0502988100114484e-17,1.0502988100114484e-17,7.877241075085862e-18,1.0065363595943046e-17,8.227340678423012e-17,4.5075323929657994e-17,4.945156897137237e-17,0.0,3.5009960333714946e-18,5.251494050057242e-18,3.938620537542931e-18,3.5447584837886383e-17,2.1005976200228968e-17,2060.722694756778,2010.6761709631212,2165.971059347161,1824.5470335098091,1267.691022811475,1437.7630188958,291.7814678883291,-641.2397920324195,61518.33821722246,8.788334031031782e+23,3.4145877162768037e-22,3.942910917485019e-22
1.67571e-06,192189.0,6.4063,3e+22,525.248,6597.6,55985.3,4.26365,4.22051,4.31037,-0.000169758702,-0.00111798443,0.12006507,0.00646046035,0.00635872817,0.0180814879,1.6573973e-05,-1.78479388e-05,-0.000120392332,1570.46671,133.497135,-315.757779,-41.4385663,1243.68366,-53.3551395,-432.665096,380.784832,7909.9204,6600.0,192188.996275,6.406299876,-210.0,30000 3000,1e-06,2,0.0 0.0259,0.0 0.0,-1.0 0.0,0.00054857 28.0,30000,1000,0,0.0,0.0 0.0 0.0,1000 1000000 0,0,0.0,0,100,0,,70,,1,,,10,1.0,10.0,0.1,True,{},,,False,3,mixed,250,300,True,Ar_Aubin,,False,uniform,Argon_Aubin_Model3-test/70Td,3.0000000000000005e+21,7.997900000000002e+23,1.7504980166857468e-17,2.0177334201580352e-13,2.0143462064957483e-13,3.5009960333714946e-18,1.3128735125143105e-18,2.625747025028621e-18,0.0,0.0,2.188122520857184e-18,1.3128735125143105e-18,4.813869545885805e-18,1.3128735125143105e-18,1.7504980166857473e-18,1.7504980166857473e-18,4.376245041714368e-18,1.0065363595943046e-17,5.6891185542286785e-18,1.7504980166857473e-18,8.752490083428737e-19,2.188122520857184e-18,6.5643675625715526e-18,2.188122520857184e-18,1.225348611680023e-17,1.1378237108457357e-17,8.752490083428736e-18,8.3148655792573e-18,8.79625253384588e-17,3.8948580871257877e-17,5.0326817979715237e-17,0.0,3.0633715292000576e-18,7.439616570914425e-18,5.251494050057242e-18,3.32594623170292e-17,1.750498016685747e-17,1729.2192426079807,1570.555875418708,1736.4630663454138,1251.0596740753679,1278.6188032756168,1188.0414365289998,-5.806428728527025,-801.9828210282793,61937.013580363724,8.848144797194819e+23,2.8262551187012964e-22,3.12671007690545e-22
1.7011e-06,193577.0,6.45257,3e+22,2726.63,2638.43,63528.6,4.24479,4.29952,4.3378,-0.00012462828,-0.00112933481,0.121707415,0.00655517782,0.00644330919,0.0185468261,1.97753014e-05,-1.19966047e-05,-0.000130282285,2380.39786,571.296526,1314.77751,537.420199,2125.75032,-718.138599,441.333685,645.519335,9391.82805,6700.0,193577.1619,6.452572063,-210.0,30000 3000,1e-06,2,0.0 0.0259,0.0 0.0,-1.0 0.0,0.00054857 28.0,30000,1000,0,0.0,0.0 0.0 0.0,1000 1000000 0,0,0.0,0,100,0,,70,,1,,,10,1.0,10.0,0.1,True,{},,,False,3,mixed,250,300,True,Ar_Aubin,,False,uniform,Argon_Aubin_Model3-test/70Td,3.0000000000000005e+21,9.075514285714287e+23,2.0568351696057527e-17,2.0278994373899374e-13,2.0248754520661131e-13,1.7504980166857473e-18,1.3128735125143105e-18,8.752490083428737e-19,0.0,4.376245041714368e-19,1.3128735125143105e-18,3.5009960333714946e-18,1.7504980166857473e-18,4.376245041714368e-19,4.376245041714368e-19,3.0633715292000576e-18,1.7504980166857473e-18,1.0065363595943046e-17,4.813869545885805e-18,4.376245041714368e-19,2.188122520857184e-18,1.7504980166857473e-18,9.190114587600173e-18,8.752490083428737e-19,1.0940612604285921e-17,9.190114587600173e-18,5.251494050057242e-18,6.5643675625715526e-18,8.008528426337294e-17,4.2011952400457935e-17,4.463769942548656e-17,0.0,2.188122520857184e-18,5.251494050057242e-18,1.7504980166857473e-18,2.8007968266971957e-17,2.056835169605753e-17,1865.5425018261278,2380.7376752070963,1665.1603820588723,2128.7299908427485,1344.3372113518253,1659.9263654310007,25.105927464672764,1432.177566187358,64685.737467309584,9.240819638187086e+23,3.179735209241792e-22,3.2376522851215874e-22
1.72649e-06,193583.0,6.45276,3e+22,3406.42,5031.27,49459.9,4.2525,4.33008,4.30882,-0.000136736224,-0.00105511105,0.123239645,0.00666212633,0.00654810124,0.0189794468,3.03590963e-05,-1.20348647e-05,-0.00012903652,1865.44492,273.535777,544.88811,78.1962707,1939.19949,86.7662132,485.939132,749.45584,7563.73182,6800.0,193582.652532,6.452755084,-210.0,30000 3000,1e-06,2,0.0 0.0259,0.0 0.0,-1.0 0.0,0.00054857 28.0,30000,1000,0,0.0,0.0 0.0 0.0,1000 1000000 0,0,0.0,0,100,0,,70,,1,,,10,1.0,10.0,0.1,True,{},,,False,3,mixed,250,300,True,Ar_Aubin,,False,uniform,Argon_Aubin_Model3-test/70Td,3.0000000000000005e+21,7.065700000000001e+23,2.319409872108615e-17,2.041312628442792e-13,2.0380873358470488e-13,4.376245041714368e-18,8.752490083428737e-19,2.188122520857184e-18,0.0,0.0,3.0633715292000576e-18,4.376245041714368e-18,2.625747025028621e-18,4.376245041714368e-19,8.752490083428737e-19,8.752490083428737e-19,2.625747025028621e-18,9.62773909177161e-18,4.376245041714368e-18,1.3128735125143105e-18,3.0633715292000576e-18,2.188122520857184e-18,6.126743058400115e-18,2.188122520857184e-18,1.0940612604285921e-17,1.0940612604285921e-17,6.126743058400115e-18,1.1378237108457357e-17,7.527141471748713e-17,4.244957690462937e-17,4.0699078887943626e-17,0.0,3.5009960333714946e-18,5.6891185542286785e-18,3.5009960333714946e-18,3.763570735874357e-17,2.3194098721086152e-17,2106.0856691957138,1865.910701008158,2066.87359756053,1944.5080385725335,1128.5224315507307,1468.3113022645002,64.78549916911979,617.7842104445175,60348.72546239388,8.621246494627699e+23,3.843345247703612e-22,4.689475458115796e-22
1.75188e-06,193972.0,6.46574,3e+22,8317.39,1972.36,54287.3,4.33077,4.28921,4.29433,-0.000206708546,-0.00105558331,0.124797618,0.00675964001,0.00665672289,0.0194122939,4.01869128e-05,-2.37546922e-05,-0.000127427508,2230.68386,48.7042039,500.351593,-168.169306,1858.54064,4.25971922,1062.11946,192.837561,8188.55662,6900.0,193972.242335,6.465741411,-210.0,30000 3000,1e-06,2,0.0 0.0259,0.0 0.0,-1.0 0.0,0.00054857 28.0,30000,1000,0,0.0,0.0 0.0 0.0,1000 1000000 0,0,0.0,0,100,0,,70,,1,,,10,1.0,10.0,0.1,True,{},,,False,3,mixed,250,300,True,Ar_Aubin,,False,uniform,Argon_Aubin_Model3-test/70Td,3.0000000000000005e+21,7.755328571428573e+23,2.188122520857184e-17,2.0412513610122078e-13,2.0380960883371323e-13,5.251494050057242e-18,0.0,4.376245041714368e-19,0.0,4.376245041714368e-19,3.938620537542931e-18,4.376245041714368e-18,2.188122520857184e-18,4.376245041714368e-19,1.7504980166857473e-18,3.5009960333714946e-18,1.7504980166857473e-18,1.1815861612628794e-17,3.5009960333714946e-18,1.3128735125143105e-18,2.625747025028621e-18,8.752490083428737e-19,5.6891185542286785e-18,1.7504980166857473e-18,1.1378237108457357e-17,1.225348611680023e-17,5.6891185542286785e-18,7.001992066742989e-18,8.489915380925874e-17,3.7198082854572133e-17,3.982382987960075e-17,4.376245041714368e-19,3.0633715292000576e-18,3.938620537542931e-18,4.376245041714368e-18,3.194658880451489e-17,2.1881225208571842e-17,1919.8736563782777,2232.403135593415,2139.077677542813,1860.6226302973116,913.991186393234,1413.6308923486004,-109.27375946675234,535.7022418722456,61362.64454737389,8.766092078196272e+23,3.565886928435564e-22,4.030634275156775e-22
1.77727e-06,193622.0,6.45407,3e+22,-1935.58,-5253.43,63824.3,4.30429,4.24595,4.33455,-0.000145841226,-0.00109661606,0.126352654,0.00685164484,0.00674994098,0.0198721094,3.25955045e-05,-1.67658149e-05,-0.000140559718,1205.52722,207.759861,784.569614,-476.337297,1099.98572,362.53955,143.944686,-587.02616,9066.14456,7000.0,193622.008416,6.454066947,-210.0,30000 3000,1e-06,2,0.0 0.0259,0.0 0.0,-1.0 0.0,0.00054857 28.0,30000,1000,0,0.0,0.0 0.0 0.0,1000 1000000 0,0,0.0,0,100,0,,70,,1,,,10,1.0,10.0,0.1,True,{},,,False,3,mixed,250,300,True,Ar_Aubin,,False,uniform,Argon_Aubin_Model3-test/70Td,3.0000000000000005e+21,9.117757142857146e+23,2.188122520857184e-17,2.0419165502585484e-13,2.0384855741458448e-13,3.5009960333714946e-18,8.752490083428737e-19,0.0,0.0,1.3128735125143105e-18,1.3128735125143105e-18,1.3128735125143105e-18,3.5009960333714946e-18,8.752490083428737e-19,2.188122520857184e-18,1.3128735125143105e-18,1.3128735125143105e-18,7.877241075085862e-18,4.376245041714368e-18,1.3128735125143105e-18,4.376245041714368e-19,2.188122520857184e-18,6.5643675625715526e-18,3.5009960333714946e-18,1.2691110620971668e-17,1.2691110620971668e-17,8.752490083428736e-18,9.62773909177161e-18,9.233877038017317e-17,4.595057293800087e-17,4.770107095468661e-17,0.0,4.376245041714368e-18,4.376245041714368e-18,2.188122520857184e-18,3.676045835040069e-17,2.1881225208571842e-17,1812.283154515787,1205.2449326397789,1834.0143078524407,1094.224724291914,1364.0976153662587,1001.7748653077997,-14.983729295838565,1182.388184189912,61246.967262186474,8.749566751740926e+23,3.572621827118807e-22,3.4283533401183936e-22
1.80266e-06,192588.0,6.41961,3e+22,-920.644,-3123.0,60128.1,4.24319,4.30646,4.26896,-9.63150278e-05,-0.00115888536,0.127875003,0.00694337016,0.00684556654,0.0203079642,3.19636517e-05,-1.65430891e-05,-0.000151835227,1721.68994,595.041928,111.948884,-437.326736,1912.55424,-2.54592221,-467.361641,-194.343776,8505.18745,7100.0,192588.29857,6.419609952,-210.0,30000 3000,1e-06,2,0.0 0.0259,0.0 0.0,-1.0 0.0,0.00054857 28.0,30000,1000,0,0.0,0.0 0.0 0.0,1000 1000000 0,0,0.0,0,100,0,,70,,1,,,10,1.0,10.0,0.1,True,{},,,False,3,mixed,250,300,True,Ar_Aubin,,False,uniform,Argon_Aubin_Model3-test/70Td,3.0000000000000005e+21,8.589728571428572e+23,2.2318849712743277e-17,2.0362930753799457e-13,2.0327176831808652e-13,4.813869545885805e-18,8.752490083428737e-19,1.3128735125143105e-18,0.0,0.0,1.3128735125143105e-18,2.625747025028621e-18,2.625747025028621e-18,4.376245041714368e-19,1.3128735125143105e-18,3.938620537542931e-18,3.938620537542931e-18,1.1378237108457357e-17,3.5009960333714946e-18,0.0,8.752490083428737e-19,3.938620537542931e-18,8.3148655792573e-18,1.3128735125143105e-18,1.3128735125143105e-17,1.1378237108457357e-17,5.251494050057242e-18,1.2691110620971668e-17,7.395854120497282e-17,5.2952565004743855e-17,5.601593653394391e-17,0.0,3.938620537542931e-18,5.251494050057242e-18,1.7504980166857473e-18,4.6388197442172303e-17,2.231884971274328e-17,1806.5923267523103,1721.601268147546,1880.3981060242845,1908.9350410207198,961.6453310353684,816.3064821157004,-231.92235005056088,-231.89416311500682,59959.550367078584,8.5656500524398e+23,3.722317725217245e-22,3.711883414367538e-22
1.82805e-06,193023.0,6.43411,3e+22,-4962.58,-1517.34,55757.2,4.255,4.31975,4.27565,-4.80373108e-05,-0.00109291972,0.129487329,0.00702719477,0.00693043559,0.0207828815,2.42399294e-05,-9.58946731e-06,-0.000149220245,2020.20642,-512.989196,222.941226,-695.675201,1772.54268,-32.628582,-561.073937,-290.218524,8577.46707,7200.0,193023.430554,6.434114352,-210.0,30000 3000,1e-06,2,0.0 0.0259,0.0 0.0,-1.0 0.0,0.00054857 28.0,30000,1000,0,0.0,0.0 0.0 0.0,1000 1000000 0,0,0.0,0,100,0,,70,,1,,,10,1.0,10.0,0.1,True,{},,,False,3,mixed,250,300,True,Ar_Aubin,,False,uniform,Argon_Aubin_Model3-test/70Td,3.0000000000000005e+21,7.965314285714287e+23,1.7067355662686034e-17,2.0312078786414735e-13,2.0279213186151465e-13,3.0633715292000576e-18,4.376245041714368e-19,8.752490083428737e-19,0.0,0.0,2.625747025028621e-18,3.0633715292000576e-18,4.376245041714368e-18,4.376245041714368e-19,1.7504980166857473e-18,1.3128735125143105e-18,3.0633715292000576e-18,7.439616570914425e-18,4.376245041714368e-18,1.7504980166857473e-18,1.3128735125143105e-18,5.6891185542286785e-18,5.6891185542286785e-18,1.7504980166857473e-18,8.3148655792573e-18,1.0065363595943046e-17,7.877241075085862e-18,8.3148655792573e-18,7.877241075085863e-17,4.98891934755438e-17,4.945156897137237e-17,0.0,2.188122520857184e-18,2.625747025028621e-18,3.0633715292000576e-18,4.2011952400457935e-17,1.7067355662686037e-17,1650.90389374688,2019.9680310021702,1674.2601648560078,1770.8843491920552,1180.9032181633472,1357.6161694812,33.776049601599524,307.13694409455786,63503.40296814543,9.071914709735063e+23,2.68762851515963e-22,3.061013763726664e-22
1.85344e-06,193349.0,6.44497,3e+22,-8518.64,3315.42,63551.1,4.26736,4.28759,4.31155,-9.51628401e-05,-0.00107276477,0.131075352,0.00713170639,0.00702493015,0.0212461587,2.16336593e-05,-1.41057996e-05,-0.000146007999,2027.11411,-153.768503,-363.408825,-305.522141,1749.66427,-187.64778,-927.393593,526.309828,9801.4529,7300.0,193349.165919,6.444972197,-210.0,30000 3000,1e-06,2,0.0 0.0259,0.0 0.0,-1.0 0.0,0.00054857 28.0,30000,1000,0,0.0,0.0 0.0 0.0,1000 1000000 0,0,0.0,0,100,0,,70,,1,,,10,1.0,10.0,0.1,True,{},,,False,3,mixed,250,300,True,Ar_Aubin,,False,uniform,Argon_Aubin_Model3-test/70Td,3.0000000000000005e+21,9.078728571428573e+23,2.0568351696057527e-17,2.033772358235918e-13,2.0304901744546326e-13,3.0633715292000576e-18,8.752490083428737e-19,1.3128735125143105e-18,0.0,0.0,2.188122520857184e-18,3.938620537542931e-18,3.0633715292000576e-18,0.0,3.0633715292000576e-18,1.3128735125143105e-18,1.3128735125143105e-18,1.0065363595943046e-17,4.376245041714368e-18,1.7504980166857473e-18,8.752490083428737e-19,1.3128735125143105e-18,8.3148655792573e-18,3.938620537542931e-18,6.126743058400115e-18,1.0940612604285921e-17,5.6891185542286785e-18,1.0940612604285921e-17,8.44615293050873e-17,4.5075323929657994e-17,5.339018950891529e-17,0.0,2.188122520857184e-18,2.625747025028621e-18,1.3128735125143105e-18,3.4134711325372074e-17,2.056835169605753e-17,2058.025168121845,2026.3034520238105,1861.750662921282,1753.2209357737534,974.7626908328568,1471.4700975127998,68.41176724297986,-168.17097827124098,62546.20001890514,8.935171431272163e+23,3.288505407177504e-22,3.2365060079302366e-22
1.87883e-06,193941.0,6.46469,3e+22,1410.61,-3405.65,56154.7,4.30835,4.35934,4.24369,-8.02690419e-05,-0.00104912102,0.132721667,0.00723360547,0.00710812828,0.0217461636,1.75146845e-05,-7.66870973e-06,-0.000145065779,2247.6793,285.667139,-39.3701503,122.165305,1349.37508,-55.699406,105.313226,-766.988919,8148.54998,7400.0,193940.793332,6.464693111,-210.0,30000 3000,1e-06,2,0.0 0.0259,0.0 0.0,-1.0 0.0,0.00054857 28.0,30000,1000,0,0.0,0.0 0.0 0.0,1000 1000000 0,0,0.0,0,100,0,,70,,1,,,10,1.0,10.0,0.1,True,{},,,False,3,mixed,250,300,True,Ar_Aubin,,False,uniform,Argon_Aubin_Model3-test/70Td,3.0000000000000005e+21,8.022100000000001e+23,2.013072719188609e-17,2.0411419548861654e-13,2.037855394859838e-13,3.5009960333714946e-18,1.7504980166857473e-18,1.3128735125143105e-18,0.0,0.0,1.7504980166857473e-18,1.7504980166857473e-18,5.6891185542286785e-18,0.0,2.188122520857184e-18,1.7504980166857473e-18,3.938620537542931e-18,1.2691110620971668e-17,5.251494050057242e-18,8.752490083428737e-19,3.0633715292000576e-18,3.938620537542931e-18,7.877241075085862e-18,1.3128735125143105e-18,1.0065363595943046e-17,8.752490083428736e-18,9.62773909177161e-18,9.62773909177161e-18,8.66496518259445e-17,4.0699078887943626e-17,3.938620537542932e-17,0.0,2.625747025028621e-18,5.251494050057242e-18,3.5009960333714946e-18,3.3697086821200634e-17,2.0130727191886093e-17,2006.7605012888682,2247.7925283131945,1639.4173074240489,1345.802140998237,1294.0714045322122,695.6045861151006,181.84721917768022,-116.76795101968803,64842.10070264918,9.263157243235599e+23,3.1045766521663034e-22,3.5848695108131804e-22
1.90422e-06,192976.0,6.43254,3e+22,2059.42,1331.84,50418.3,4.28147,4.27189,4.29723,-9.61094585e-05,-0.00111002163,0.134246365,0.00733547204,0.00719222976,0.0222051462,2.6235625e-05,-2.07368515e-05,-0.000161445941,1729.86084,0.457319768,-485.67356,923.104281,2535.03884,268.136011,-341.24716,323.073698,7450.56937,7500.0,192976.157185,6.432538573,-210.0,30000 3000,1e-06,2,0.0 0.0259,0.0 0.0,-1.0 0.0,0.00054857 28.0,30000,1000,0,0.0,0.0 0.0 0.0,1000 1000000 0,0,0.0,0,100,0,,70,,1,,,10,1.0,10.0,0.1,True,{},,,False,3,mixed,250,300,True,Ar_Aubin,,False,uniform,Argon_Aubin_Model3-test/70Td,3.0000000000000005e+21,7.202614285714288e+23,2.2318849712743277e-17,2.0331990701354534e-13,2.0296280541814146e-13,3.938620537542931e-18,8.752490083428737e-19,1.3128735125143105e-18,0.0,0.0,8.752490083428737e-19,2.188122520857184e-18,1.3128735125143105e-18,0.0,2.625747025028621e-18,2.188122520857184e-18,3.0633715292000576e-18,1.225348611680023e-17,3.5009960333714946e-18,1.7504980166857473e-18,1.3128735125143105e-18,3.0633715292000576e-18,5.6891185542286785e-18,3.938620537542931e-18,1.1815861612628794e-17,1.0940612604285921e-17,4.813869545885805e-18,9.190114587600173e-18,8.489915380925874e-17,5.5140687525601045e-17,5.4265438517258164e-17,0.0,2.625747025028621e-18,5.251494050057242e-18,2.188122520857184e-18,4.3762450417143685e-17,2.231884971274328e-17,2006.0138027199102,1730.0587697410242,1653.6295746198855,2536.5172112076993,1022.8001927100185,682.0958655204995,-426.12870520675756,-1098.5446934968095,60052.068563507055,8.578866937643866e+23,3.7165829998246195e-22,4.426735870258076e-22
1.92961e-06,193142.0,6.43806,3e+22,2282.45,-2039.9,60744.7,4.31158,4.24917,4.29433,5.21953553e-06,-0.00110480759,0.135843795,0.00741777892,0.00729111554,0.0226912255,3.19749006e-05,-8.7691478e-06,-0.000162815107,1852.14891,-286.437454,-56.2723423,-278.364084,2242.22734,-288.671199,509.064108,-228.011919,9551.18636,7600.0,193141.656459,6.438055215,-210.0,30000 3000,1e-06,2,0.0 0.0259,0.0 0.0,-1.0 0.0,0.00054857 28.0,30000,1000,0,0.0,0.0 0.0 0.0,1000 1000000 0,0,0.0,0,100,0,,70,,1,,,10,1.0,10.0,0.1,True,{},,,False,3,mixed,250,300,True,Ar_Aubin,,False,uniform,Argon_Aubin_Model3-test/70Td,3.0000000000000005e+21,8.677814285714288e+23,2.013072719188609e-17,2.0315185920394354e-13,2.0281795170726074e-13,3.938620537542931e-18,1.3128735125143105e-18,1.3128735125143105e-18,0.0,4.376245041714368e-19,2.188122520857184e-18,1.7504980166857473e-18,2.625747025028621e-18,0.0,1.7504980166857473e-18,1.7504980166857473e-18,2.188122520857184e-18,1.0065363595943046e-17,4.376245041714368e-18,2.625747025028621e-18,1.7504980166857473e-18,8.752490083428737e-19,7.001992066742989e-18,3.938620537542931e-18,1.4441608637657416e-17,1.0502988100114484e-17,7.001992066742989e-18,7.877241075085862e-18,7.395854120497282e-17,4.3762450417143685e-17,5.82040590548011e-17,0.0,3.938620537542931e-18,4.376245041714368e-18,1.7504980166857473e-18,3.807333186291501e-17,2.0130727191886093e-17,1621.0592089765455,1852.1369966711295,1947.5952399436408,2239.973642997159,1075.8179670258598,1299.3957858635004,-64.73844646138144,142.41803668234087,62916.70605287138,8.988100864695911e+23,3.1995837758844926e-22,3.313989070961926e-22
1.955e-06,192917.0,6.43057,3e+22,1035.32,26.1968,55899.4,4.30287,4.24805,4.29247,-3.56115241e-05,-0.00108594266,0.137460214,0.0075123561,0.00738773691,0.0231948913,2.85791956e-05,-1.9089401e-05,-0.000165594942,2029.64846,150.037806,-239.462476,-299.609723,2027.84251,-280.051679,285.287484,360.187553,8762.95895,7700.0,192917.234115,6.430574471,-210.0,30000 3000,1e-06,2,0.0 0.0259,0.0 0.0,-1.0 0.0,0.00054857 28.0,30000,1000,0,0.0,0.0 0.0 0.0,1000 1000000 0,0,0.0,0,100,0,,70,,1,,,10,1.0,10.0,0.1,True,{},,,False,3,mixed,250,300,True,Ar_Aubin,,False,uniform,Argon_Aubin_Model3-test/70Td,3.0000000000000005e+21,7.985628571428574e+23,2.1005976200228965e-17,2.032061246424608e-13,2.0285427454110697e-13,4.813869545885805e-18,2.188122520857184e-18,8.752490083428737e-19,0.0,4.376245041714368e-19,2.625747025028621e-18,4.813869545885805e-18,2.188122520857184e-18,0.0,8.752490083428737e-19,2.188122520857184e-18,1.7504980166857473e-18,1.225348611680023e-17,4.813869545885805e-18,2.188122520857184e-18,1.3128735125143105e-18,1.3128735125143105e-18,6.5643675625715526e-18,2.188122520857184e-18,1.3566359629314541e-17,1.0940612604285921e-17,1.1378237108457357e-17,9.62773909177161e-18,8.752490083428737e-17,4.1574327896286495e-17,5.689118554228678e-17,0.0,4.376245041714368e-18,7.877241075085862e-18,2.188122520857184e-18,3.150896430034345e-17,2.1005976200228968e-17,1862.4936797527823,2029.685329323131,1903.5884446803602,2027.8709582226754,1218.8456509009472,1079.0154635283998,-185.74707603961104,-94.49963792820446,63664.61070674638,9.094944386678056e+23,3.299474538058082e-22,3.7578178299282216e-22
1.98038e-06,192875.0,6.42916,3e+22,855.477,-5155.8,54199.1,4.29547,4.25887,4.28714,-8.95738253e-05,-0.00112859069,0.139052956,0.00760073725,0.00748851359,0.0236881668,2.5196621e-05,-2.15110266e-05,-0.000167243064,1552.14154,823.252375,600.007437,582.352539,1556.18041,-36.0978013,133.941963,-876.609507,8539.84387,7800.0,192874.904042,6.429163468,-210.0,30000 3000,1e-06,2,0.0 0.0259,0.0 0.0,-1.0 0.0,0.00054857 28.0,30000,1000,0,0.0,0.0 0.0 0.0,1000 1000000 0,0,0.0,0,100,0,,70,,1,,,10,1.0,10.0,0.1,True,{},,,False,3,mixed,250,300,True,Ar_Aubin,,False,uniform,Argon_Aubin_Model3-test/70Td,3.0000000000000005e+21,7.742728571428573e+23,2.0568351696057527e-17,2.0280044672709387e-13,2.0246085011185683e-13,2.188122520857184e-18,8.752490083428737e-19,2.188122520857184e-18,0.0,0.0,1.3128735125143105e-18,3.938620537542931e-18,2.625747025028621e-18,8.752490083428737e-19,1.3128735125143105e-18,1.7504980166857473e-18,2.188122520857184e-18,8.752490083428736e-18,6.126743058400115e-18,8.752490083428737e-19,1.7504980166857473e-18,3.0633715292000576e-18,9.190114587600173e-18,3.5009960333714946e-18,1.1378237108457357e-17,9.190114587600173e-18,8.3148655792573e-18,5.251494050057242e-18,7.83347862466872e-17,5.0326817979715237e-17,5.339018950891529e-17,0.0,3.5009960333714946e-18,2.625747025028621e-18,4.376245041714368e-18,3.982382987960075e-17,2.056835169605753e-17,1740.366029997905,1552.2181683473461,1982.7455831374648,1550.361622120498,1041.0042022690286,1003.2988024604001,202.39436086194476,619.8476150748053,62732.06352207235,8.961723360296051e+23,3.278762173799771e-22,3.7949618528827097e-22
2.00577e-06,192833.0,6.42777,3e+22,11786.8,-3053.99,66823.7,4.25406,4.29013,4.28513,-9.25663752e-05,-0.00105023785,0.140629895,0.00769248928,0.0075866591,0.0241889368,3.3168525e-05,-2.08648353e-05,-0.000166763343,1270.82945,-78.0068232,1000.01147,-157.533841,1749.56101,-32.5017815,1869.70736,-318.207958,10376.5499,7900.0,192833.144964,6.427771499,-210.0,30000 3000,1e-06,2,0.0 0.0259,0.0 0.0,-1.0 0.0,0.00054857 28.0,30000,1000,0,0.0,0.0 0.0 0.0,1000 1000000 0,0,0.0,0,100,0,,70,,1,,,10,1.0,10.0,0.1,True,{},,,False,3,mixed,250,300,True,Ar_Aubin,,False,uniform,Argon_Aubin_Model3-test/70Td,3.0000000000000005e+21,9.546242857142859e+23,2.188122520857184e-17,2.0245034712375673e-13,2.0211512675356144e-13,2.188122520857184e-18,8.752490083428737e-19,4.376245041714368e-19,0.0,8.752490083428737e-19,2.625747025028621e-18,3.938620537542931e-18,2.188122520857184e-18,8.752490083428737e-19,2.625747025028621e-18,8.752490083428737e-19,2.188122520857184e-18,1.2691110620971668e-17,4.376245041714368e-18,2.188122520857184e-18,2.625747025028621e-18,4.376245041714368e-18,4.813869545885805e-18,3.0633715292000576e-18,8.3148655792573e-18,1.0065363595943046e-17,7.877241075085862e-18,1.0502988100114484e-17,7.96476597592015e-17,4.901394446720092e-17,4.420007492131512e-17,0.0,1.7504980166857473e-18,5.251494050057242e-18,1.3128735125143105e-18,4.1574327896286495e-17,2.1881225208571842e-17,1806.8714146020823,1271.9205113512073,1936.1515621353258,1746.3535941084783,1176.213973967917,979.1399854885003,47.589790178420095,1218.3280113004525,62109.6433185241,8.872806188360586e+23,3.522999656648455e-22,3.274470765397881e-22
2.03116e-06,193713.0,6.45711,3e+22,10906.3,8583.33,63730.8,4.32429,4.30432,4.26142,-4.94232163e-05,-0.000966196604,0.142350047,0.00778540567,0.00767952378,0.0247418402,3.47721454e-05,-6.97659823e-06,-0.000152588428,1915.02364,-43.5012218,623.107331,-7.8772833,1397.03226,-143.480354,1582.53862,795.406726,9866.84922,8000.0,193713.326789,6.457110893,-210.0,30000 3000,1e-06,2,0.0 0.0259,0.0 0.0,-1.0 0.0,0.00054857 28.0,30000,1000,0,0.0,0.0 0.0 0.0,1000 1000000 0,0,0.0,0,100,0,,70,,1,,,10,1.0,10.0,0.1,True,{},,,False,3,mixed,250,300,True,Ar_Aubin,,False,uniform,Argon_Aubin_Model3-test/70Td,3.0000000000000005e+21,9.104400000000003e+23,1.7504980166857468e-17,2.037820384899504e-13,2.034468181197551e-13,3.0633715292000576e-18,1.7504980166857473e-18,1.3128735125143105e-18,0.0,4.376245041714368e-19,1.7504980166857473e-18,3.938620537542931e-18,3.0633715292000576e-18,1.3128735125143105e-18,2.625747025028621e-18,2.625747025028621e-18,2.625747025028621e-18,1.0065363595943046e-17,4.376245041714368e-18,2.625747025028621e-18,1.3128735125143105e-18,1.3128735125143105e-18,1.1378237108457357e-17,2.625747025028621e-18,1.0940612604285921e-17,1.225348611680023e-17,4.813869545885805e-18,8.752490083428736e-18,8.227340678423012e-17,4.332482591297225e-17,4.551294843382943e-17,0.0,3.5009960333714946e-18,6.5643675625715526e-18,3.0633715292000576e-18,3.851095636708644e-17,1.750498016685747e-17,1829.9326472159469,1915.5626644239326,1832.1309446385885,1405.3254442970112,1302.4011171663365,794.7668446523985,311.3887027873446,656.2834145172721,67750.25994895559,9.678608564136514e+23,2.583750996681942e-22,2.746706485224957e-22
2.05655e-06,193921.0,6.46402,3e+22,7294.03,1313.98,55982.6,4.2728,4.34821,4.2889,-4.42410933e-05,-0.000955872323,0.143944849,0.00789171268,0.00777668773,0.0252424312,4.2751929e-05,-8.98009084e-06,-0.000165026136,1805.26976,115.870465,-76.4180641,218.635475,2277.66883,-456.784691,1244.67678,-108.856989,9080.32178,8100.0,193920.549012,6.4640183,-210.0,30000 3000,1e-06,2,0.0 0.0259,0.0 0.0,-1.0 0.0,0.00054857 28.0,30000,1000,0,0.0,0.0 0.0 0.0,1000 1000000 0,0,0.0,0,100,0,,70,,1,,,10,1.0,10.0,0.1,True,{},,,False,3,mixed,250,300,True,Ar_Aubin,,False,uniform,Argon_Aubin_Model3-test/70Td,3.0000000000000005e+21,7.997514285714288e+23,2.406934772942902e-17,2.0434963747186076e-13,2.0401966859571553e-13,3.0633715292000576e-18,1.3128735125143105e-18,1.3128735125143105e-18,0.0,1.7504980166857473e-18,1.7504980166857473e-18,4.376245041714368e-19,3.938620537542931e-18,1.3128735125143105e-18,2.188122520857184e-18,2.625747025028621e-18,2.188122520857184e-18,6.126743058400115e-18,3.0633715292000576e-18,2.625747025028621e-18,4.376245041714368e-19,2.188122520857184e-18,1.1378237108457357e-17,2.188122520857184e-18,1.0940612604285921e-17,1.0502988100114484e-17,8.3148655792573e-18,7.439616570914425e-18,8.314865579257299e-17,4.288720140880081e-17,4.463769942548656e-17,0.0,4.376245041714368e-18,6.126743058400115e-18,2.188122520857184e-18,3.5447584837886383e-17,2.4069347729429023e-17,2093.524422991561,1805.5924558617628,1913.8504344239961,2278.9248271149754,866.6408149282522,1021.9148763725998,-105.18528368043432,120.79740037830652,62813.199105145664,8.973314157877955e+23,3.8318933078282358e-22,4.299433704299018e-22
2.08194e-06,193669.0,6.45563,3e+22,1347.54,-5605.27,54550.8,4.26157,4.30985,4.32274,-5.07075428e-05,-0.000913045103,0.145489936,0.0080038612,0.00785538859,0.0257524185,4.71191749e-05,-1.64241038e-05,-0.000156958879,1976.39179,727.030022,129.961392,-406.62077,2098.64148,604.862404,342.283799,-727.480313,9377.04463,8200.0,193668.880718,6.455629357,-210.0,30000 3000,1e-06,2,0.0 0.0259,0.0 0.0,-1.0 0.0,0.00054857 28.0,30000,1000,0,0.0,0.0 0.0 0.0,1000 1000000 0,0,0.0,0,100,0,,70,,1,,,10,1.0,10.0,0.1,True,{},,,False,3,mixed,250,300,True,Ar_Aubin,,False,uniform,Argon_Aubin_Model3-test/70Td,3.0000000000000005e+21,7.79297142857143e+23,2.7570343762800516e-17,2.0397152990025663e-13,2.0363806002807802e-13,3.5009960333714946e-18,2.625747025028621e-18,8.752490083428737e-19,0.0,0.0,4.376245041714368e-19,4.376245041714368e-18,3.0633715292000576e-18,0.0,1.3128735125143105e-18,2.625747025028621e-18,8.752490083428737e-19,8.3148655792573e-18,5.251494050057242e-18,4.376245041714368e-19,1.3128735125143105e-18,2.625747025028621e-18,8.752490083428736e-18,1.3128735125143105e-18,1.1378237108457357e-17,1.0940612604285921e-17,6.126743058400115e-18,8.752490083428736e-18,7.96476597592015e-17,4.244957690462937e-17,4.6388197442172303e-17,0.0,4.376245041714368e-18,7.001992066742989e-18,2.625747025028621e-18,3.851095636708644e-17,2.7570343762800523e-17,2208.540229453004,1976.4601204422247,1551.4403641208514,2093.523615675507,1236.4388637219934,1440.452229251201,-253.44445355476853,278.95781966833425,60855.11390490487,8.693587700700698e+23,4.530489221642616e-22,5.05406772454309e-22
2.10733e-06,193730.0,6.45768,3e+22,-3831.61,-4134.37,59358.6,4.29408,4.31806,4.28301,-0.000173959862,-0.000995903071,0.147065345,0.00809153959,0.00794321998,0.0262779581,5.10878003e-05,-4.28751442e-05,-0.000168603052,2020.59152,264.948677,631.72922,-634.101009,1937.78606,185.975494,-1328.16131,-569.567904,10381.4341,8300.0,193730.405855,6.457680195,-210.0,30000 3000,1e-06,2,0.0 0.0259,0.0 0.0,-1.0 0.0,0.00054857 28.0,30000,1000,0,0.0,0.0 0.0 0.0,1000 1000000 0,0,0.0,0,100,0,,70,,1,,,10,1.0,10.0,0.1,True,{},,,False,3,mixed,250,300,True,Ar_Aubin,,False,uniform,Argon_Aubin_Model3-test/70Td,3.0000000000000005e+21,8.4798e+23,2.319409872108615e-17,2.0372908592494566e-13,2.0339692892627954e-13,1.7504980166857473e-18,4.376245041714368e-19,1.3128735125143105e-18,0.0,1.3128735125143105e-18,2.188122520857184e-18,2.625747025028621e-18,4.376245041714368e-18,8.752490083428737e-19,2.188122520857184e-18,1.7504980166857473e-18,1.7504980166857473e-18,7.877241075085862e-18,5.251494050057242e-18,1.3128735125143105e-18,8.752490083428737e-19,2.625747025028621e-18,5.251494050057242e-18,2.625747025028621e-18,1.487923314182885e-17,8.752490083428736e-18,6.126743058400115e-18,6.5643675625715526e-18,8.402390480091587e-17,4.113670339211506e-17,5.4703063021429605e-17,0.0,4.813869545885805e-18,3.938620537542931e-18,3.5009960333714946e-18,3.4134711325372074e-17,2.3194098721086152e-17,1726.1142204152331,2019.9249736531622,1726.55769356909,1933.6686282203495,1273.0680537518042,1651.841112283002,-324.7396743354317,-122.60902958003669,62049.38242429971,8.864197489185674e+23,3.738006377320994e-22,3.907453801317105e-22
2.13272e-06,193712.0,6.45706,3e+22,-11047.1,-5806.88,43964.4,4.28401,4.29326,4.32497,-5.73646418e-05,-0.00101512568,0.148641135,0.00818416586,0.00804094709,0.0268006035,5.30286247e-05,-3.13881536e-05,-0.000168965112,1863.27285,-778.175492,-788.149443,-9.98240922,1917.1024,216.455396,-2237.47824,-759.635557,7715.85656,8400.0,193711.716617,6.457057221,-210.0,30000 3000,1e-06,2,0.0 0.0259,0.0 0.0,-1.0 0.0,0.00054857 28.0,30000,1000,0,0.0,0.0 0.0 0.0,1000 1000000 0,0,0.0,0,100,0,,70,,1,,,10,1.0,10.0,0.1,True,{},,,False,3,mixed,250,300,True,Ar_Aubin,,False,uniform,Argon_Aubin_Model3-test/70Td,3.0000000000000005e+21,6.280628571428572e+23,2.1443600704400402e-17,2.038113593317299e-13,2.0347876470855961e-13,4.813869545885805e-18,0.0,2.188122520857184e-18,0.0,0.0,3.5009960333714946e-18,4.376245041714368e-18,3.938620537542931e-18,0.0,1.7504980166857473e-18,2.625747025028621e-18,4.376245041714368e-19,1.0502988100114484e-17,2.188122520857184e-18,2.625747025028621e-18,1.7504980166857473e-18,2.188122520857184e-18,5.6891185542286785e-18,1.7504980166857473e-18,1.0502988100114484e-17,1.0502988100114484e-17,8.752490083428736e-18,6.5643675625715526e-18,7.921003525503007e-17,4.857631996302949e-17,4.113670339211506e-17,0.0,3.938620537542931e-18,4.813869545885805e-18,3.5009960333714946e-18,4.332482591297225e-17,2.1443600704400405e-17,1824.6297958900125,1862.6391370655713,1923.7887320129644,1911.2076869913217,1116.0885929827898,1180.9382444059993,-219.3705712245149,-1381.0521984835477,62064.388568548595,8.866341224078373e+23,3.4550571106837654e-22,4.877491949031581e-22
2.15811e-06,193063.0,6.43543,3e+22,-1823.91,3272.86,54898.6,4.29826,4.29128,4.2641,-6.77536488e-05,-0.000986410278,0.150116948,0.00826852999,0.00813473042,0.0273000817,5.52357572e-05,-3.02308816e-05,-0.000166128991,1132.59069,-411.986621,-336.770243,774.322809,1394.36381,-390.341316,-795.717368,328.679666,9024.09938,8500.0,193062.91345,6.435430448,-210.0,30000 3000,1e-06,2,0.0 0.0259,0.0 0.0,-1.0 0.0,0.00054857 28.0,30000,1000,0,0.0,0.0 0.0 0.0,1000 1000000 0,0,0.0,0,100,0,,70,,1,,,10,1.0,10.0,0.1,True,{},,,False,3,mixed,250,300,True,Ar_Aubin,,False,uniform,Argon_Aubin_Model3-test/70Td,3.0000000000000005e+21,7.842657142857143e+23,2.2318849712743277e-17,2.0309759376542624e-13,2.0276281101973512e-13,2.625747025028621e-18,1.7504980166857473e-18,8.752490083428737e-19,0.0,1.7504980166857473e-18,8.752490083428737e-19,2.188122520857184e-18,3.938620537542931e-18,8.752490083428737e-19,1.3128735125143105e-18,8.752490083428737e-19,1.7504980166857473e-18,6.5643675625715526e-18,4.813869545885805e-18,8.752490083428737e-19,4.376245041714368e-19,4.376245041714368e-18,8.3148655792573e-18,3.5009960333714946e-18,1.5754482150171725e-17,1.0502988100114484e-17,8.3148655792573e-18,9.190114587600173e-18,8.008528426337294e-17,4.98891934755438e-17,4.3762450417143685e-17,0.0,4.376245041714368e-18,5.251494050057242e-18,2.625747025028621e-18,3.500996033371494e-17,2.231884971274328e-17,1661.365877075724,1132.4671134424173,1848.0166073835817,1397.5921927424552,1153.3686480591161,782.8890985271992,110.34035619700276,-854.9682279093083,58126.67391372816,8.303810559104025e+23,3.8396915237002895e-22,4.0654679195358856e-22
2.1835e-06,193175.0,6.43916,3e+22,769.687,3235.3,51830.8,4.26153,4.2228,4.37865,-5.18220899e-05,-0.000857869532,0.151697881,0.00834853523,0.00823577289,0.0278373991,6.2895722e-05,-3.16240852e-05,-0.000143278378,1756.81406,663.5712,-28.8552661,1114.03897,1910.94232,-602.336385,-351.836872,618.234017,8577.19671,8600.0,193174.907258,6.439163575,-210.0,30000 3000,1e-06,2,0.0 0.0259,0.0 0.0,-1.0 0.0,0.00054857 28.0,30000,1000,0,0.0,0.0 0.0 0.0,1000 1000000 0,0,0.0,0,100,0,,70,,1,,,10,1.0,10.0,0.1,True,{},,,False,3,mixed,250,300,True,Ar_Aubin,,False,uniform,Argon_Aubin_Model3-test/70Td,3.0000000000000005e+21,7.404400000000002e+23,2.4944596737771898e-17,2.03806545462184e-13,2.0347657658603873e-13,3.0633715292000576e-18,1.3128735125143105e-18,4.376245041714368e-19,0.0,1.3128735125143105e-18,2.188122520857184e-18,2.188122520857184e-18,4.813869545885805e-18,8.752490083428737e-19,2.188122520857184e-18,2.625747025028621e-18,2.625747025028621e-18,9.190114587600173e-18,4.813869545885805e-18,8.752490083428737e-19,1.3128735125143105e-18,5.6891185542286785e-18,5.6891185542286785e-18,2.188122520857184e-18,1.0502988100114484e-17,1.4003984133485978e-17,7.877241075085862e-18,7.001992066742989e-18,8.358628029674444e-17,3.982382987960075e-17,4.551294843382943e-17,0.0,3.5009960333714946e-18,4.813869545885805e-18,1.3128735125143105e-18,3.3697086821200634e-17,2.49445967377719e-17,1575.5889227857804,1756.8539467889088,1994.508284939681,1913.7177852968798,1184.902025722035,714.5741794651994,-145.84213012014223,-494.7660446560581,62266.951822793846,8.895278831827694e+23,4.006073206981768e-22,4.8126976118006855e-22
2.20889e-06,192934.0,6.43115,3e+22,-867.327,2385.72,53065.6,4.32209,4.29469,4.22946,-3.79820049e-05,-0.000893556499,0.153233632,0.00845830252,0.00833603945,0.0283653516,5.90544785e-05,-4.56296354e-05,-0.000149189624,1253.17535,-596.53671,-17.0391087,-411.934241,1671.10158,709.355034,-158.446175,58.3481081,8511.65071,8700.0,192934.382703,6.43114609,-210.0,30000 3000,1e-06,2,0.0 0.0259,0.0 0.0,-1.0 0.0,0.00054857 28.0,30000,1000,0,0.0,0.0 0.0 0.0,1000 1000000 0,0,0.0,0,100,0,,70,,1,,,10,1.0,10.0,0.1,True,{},,,False,3,mixed,250,300,True,Ar_Aubin,,False,uniform,Argon_Aubin_Model3-test/70Td,3.0000000000000005e+21,7.5808e+23,1.8380229175200346e-17,2.038017315926381e-13,2.0346607359793865e-13,3.5009960333714946e-18,1.7504980166857473e-18,2.188122520857184e-18,0.0,4.376245041714368e-19,1.3128735125143105e-18,8.752490083428737e-19,3.0633715292000576e-18,4.376245041714368e-19,1.3128735125143105e-18,2.188122520857184e-18,2.625747025028621e-18,8.3148655792573e-18,4.376245041714368e-18,8.752490083428737e-19,2.188122520857184e-18,1.7504980166857473e-18,6.126743058400115e-18,2.625747025028621e-18,9.62773909177161e-18,1.0940612604285921e-17,1.0065363595943046e-17,7.877241075085862e-18,9.671501542188754e-17,3.938620537542932e-17,4.98891934755438e-17,0.0,3.5009960333714946e-18,6.126743058400115e-18,3.0633715292000576e-18,3.4134711325372074e-17,1.8380229175200346e-17,2161.68299020675,1253.1424071816361,1973.3287825926695,1673.2333556107942,1174.7649427075758,380.2160877407996,-632.0198374670222,-40.56607947911459,60487.404291521016,8.641057755931575e+23,3.038687044101981e-22,3.463680647199004e-22
2.23428e-06,193139.0,6.43796,3e+22,-1039.62,5157.12,55946.4,4.23888,4.29247,4.32661,-5.88117758e-05,-0.000844141807,0.154797485,0.00855071763,0.00844529663,0.0289162234,6.34068081e-05,-5.78126538e-05,-0.000148046191,2065.80052,-140.021319,-302.712084,833.853567,2039.15778,-252.691222,-12.1261181,922.182135,9927.06717,8800.0,193138.703925,6.437956798,-210.0,30000 3000,1e-06,2,0.0 0.0259,0.0 0.0,-1.0 0.0,0.00054857 28.0,30000,1000,0,0.0,0.0 0.0 0.0,1000 1000000 0,0,0.0,0,100,0,,70,,1,,,10,1.0,10.0,0.1,True,{},,,False,3,mixed,250,300,True,Ar_Aubin,,False,uniform,Argon_Aubin_Model3-test/70Td,3.0000000000000005e+21,7.99234285714286e+23,2.1005976200228965e-17,2.0315185920394354e-13,2.028275794463525e-13,3.5009960333714946e-18,4.376245041714368e-19,8.752490083428737e-19,0.0,4.376245041714368e-19,2.625747025028621e-18,4.376245041714368e-18,3.5009960333714946e-18,4.376245041714368e-19,8.752490083428737e-19,1.7504980166857473e-18,2.188122520857184e-18,7.877241075085862e-18,3.5009960333714946e-18,4.376245041714368e-19,2.188122520857184e-18,2.625747025028621e-18,5.251494050057242e-18,3.0633715292000576e-18,1.1815861612628794e-17,9.62773909177161e-18,5.251494050057242e-18,6.126743058400115e-18,8.752490083428737e-17,3.588520934205782e-17,5.1202066988058105e-17,0.0,3.0633715292000576e-18,5.251494050057242e-18,1.3128735125143105e-18,4.0261454383772186e-17,2.1005976200228968e-17,1819.9005460448675,2065.7393781016426,2153.303869036517,2043.5111205957157,1361.9043542670486,1266.7051551959994,-350.5066633284861,-150.61733361068283,61594.23543498141,8.799176490711632e+23,3.41038021689591e-22,3.754660925498149e-22
2.25967e-06,192948.0,6.43159,3e+22,3025.75,2573.0,49890.3,4.25946,4.27467,4.31481,-8.71745964e-05,-0.000891356635,0.156339541,0.00864205128,0.00854005316,0.0294588144,8.2687733e-05,-6.32479373e-05,-0.000162345475,1503.82305,182.206493,593.877459,595.757071,1715.79676,150.057313,409.458861,69.2776587,8611.49352,8900.0,192947.67595,6.431589198,-210.0,30000 3000,1e-06,2,0.0 0.0259,0.0 0.0,-1.0 0.0,0.00054857 28.0,30000,1000,0,0.0,0.0 0.0 0.0,1000 1000000 0,0,0.0,0,100,0,,70,,1,,,10,1.0,10.0,0.1,True,{},,,False,3,mixed,250,300,True,Ar_Aubin,,False,uniform,Argon_Aubin_Model3-test/70Td,3.0000000000000005e+21,7.127185714285716e+23,2.406934772942902e-17,2.0373696316602073e-13,2.0340611904086717e-13,3.0633715292000576e-18,2.188122520857184e-18,4.376245041714368e-19,0.0,1.3128735125143105e-18,3.0633715292000576e-18,2.625747025028621e-18,4.813869545885805e-18,4.376245041714368e-19,8.752490083428737e-19,3.0633715292000576e-18,1.7504980166857473e-18,7.439616570914425e-18,4.813869545885805e-18,8.752490083428737e-19,8.752490083428737e-19,2.625747025028621e-18,1.0940612604285921e-17,1.7504980166857473e-18,8.752490083428736e-18,9.62773909177161e-18,3.0633715292000576e-18,8.3148655792573e-18,7.921003525503007e-17,4.1574327896286495e-17,4.5075323929657994e-17,0.0,3.0633715292000576e-18,7.001992066742989e-18,2.625747025028621e-18,4.551294843382943e-17,2.4069347729429023e-17,1798.561407322612,1504.0868185350573,1864.4363979654458,1718.090220621855,1236.732406862455,811.6669176476998,-35.85570840767916,534.6411205860251,60735.734316412476,8.676533473773211e+23,3.962963155106666e-22,4.824454398836852e-22
2.28506e-06,193697.0,6.45655,3e+22,3278.36,580.729,59389.4,4.27459,4.31081,4.3076,-3.55755338e-05,-0.000815250214,0.157945269,0.00872791798,0.00864540892,0.0300161591,8.84314921e-05,-5.67211724e-05,-0.000152019936,1353.23951,-252.06269,216.415415,-847.574938,1863.59136,199.334024,641.880594,1.31571802,10381.9827,9000.0,193696.629851,6.456554328,-210.0,30000 3000,1e-06,2,0.0 0.0259,0.0 0.0,-1.0 0.0,0.00054857 28.0,30000,1000,0,0.0,0.0 0.0 0.0,1000 1000000 0,0,0.0,0,100,0,,70,,1,,,10,1.0,10.0,0.1,True,{},,,False,3,mixed,250,300,True,Ar_Aubin,,False,uniform,Argon_Aubin_Model3-test/70Td,3.0000000000000005e+21,8.484200000000001e+23,1.9255478183543218e-17,2.0341618440446306e-13,2.03101970010468e-13,3.938620537542931e-18,4.376245041714368e-19,0.0,0.0,0.0,3.0633715292000576e-18,4.813869545885805e-18,2.188122520857184e-18,0.0,1.7504980166857473e-18,8.752490083428737e-19,3.0633715292000576e-18,6.126743058400115e-18,4.376245041714368e-18,4.376245041714368e-19,2.188122520857184e-18,2.625747025028621e-18,7.877241075085862e-18,5.6891185542286785e-18,6.5643675625715526e-18,1.0065363595943046e-17,9.190114587600173e-18,7.877241075085862e-18,8.314865579257299e-17,3.676045835040069e-17,4.1574327896286495e-17,0.0,2.188122520857184e-18,4.813869545885805e-18,3.0633715292000576e-18,4.0261454383772186e-17,1.925547818354322e-17,1691.1064725645929,1353.3561394069886,2077.3396142383413,1864.0647994415258,1037.60556701004,1001.7079412513995,-58.413060157570534,342.60736652822163,63243.53278507738,9.0347903978682e+23,3.044655688191827e-22,3.2422415756925005e-22
2.31045e-06,194058.0,6.46861,3e+22,-12939.9,-2046.48,59374.2,4.27895,4.29998,4.33727,-5.58966868e-05,-0.00080049204,0.159594849,0.00882384015,0.00874335787,0.0306085246,9.28443137e-05,-5.91552368e-05,-0.000142000028,1973.34005,558.881677,449.203361,94.7384117,1362.72918,-39.5544268,-2179.3166,91.7941424,10198.1893,9100.0,194058.32648,6.468610883,-210.0,30000 3000,1e-06,2,0.0 0.0259,0.0 0.0,-1.0 0.0,0.00054857 28.0,30000,1000,0,0.0,0.0 0.0 0.0,1000 1000000 0,0,0.0,0,100,0,,70,,1,,,10,1.0,10.0,0.1,True,{},,,False,3,mixed,250,300,True,Ar_Aubin,,False,uniform,Argon_Aubin_Model3-test/70Td,3.0000000000000005e+21,8.482028571428573e+23,2.4944596737771898e-17,2.0458464183060082e-13,2.04248108586893e-13,4.376245041714368e-18,4.376245041714368e-19,4.376245041714368e-19,0.0,8.752490083428737e-19,2.188122520857184e-18,3.0633715292000576e-18,2.188122520857184e-18,0.0,2.625747025028621e-18,4.376245041714368e-18,4.376245041714368e-19,7.001992066742989e-18,3.0633715292000576e-18,8.752490083428737e-19,8.752490083428737e-19,2.188122520857184e-18,5.251494050057242e-18,4.813869545885805e-18,1.0502988100114484e-17,1.2691110620971668e-17,8.752490083428736e-18,1.0502988100114484e-17,8.577440281760162e-17,4.463769942548656e-17,4.463769942548656e-17,0.0,3.938620537542931e-18,3.5009960333714946e-18,2.188122520857184e-18,3.938620537542932e-17,2.49445967377719e-17,1888.968537885768,1972.6167524624766,1929.3883205194882,1361.0909890499809,1350.113277671864,722.3728165041994,34.17823177941764,338.3469686365004,64970.69666320114,9.281528094743021e+23,3.83936113030789e-22,4.201251846386461e-22
2.33584e-06,193242.0,6.4414,3e+22,2335.78,10206.6,52665.6,4.28879,4.31642,4.26119,-0.000116057252,-0.000844777338,0.161119373,0.00893565718,0.00885743216,0.031156377,0.000102177927,-5.51974731e-05,-0.000156878285,2415.18785,868.347809,1192.80116,426.480634,1097.11072,-327.512716,732.618268,1763.85849,9504.15296,9200.0,193241.975534,6.441399184,-210.0,30000 3000,1e-06,2,0.0 0.0259,0.0 0.0,-1.0 0.0,0.00054857 28.0,30000,1000,0,0.0,0.0 0.0 0.0,1000 1000000 0,0,0.0,0,100,0,,70,,1,,,10,1.0,10.0,0.1,True,{},,,False,3,mixed,250,300,True,Ar_Aubin,,False,uniform,Argon_Aubin_Model3-test/70Td,3.0000000000000005e+21,7.523657142857144e+23,2.319409872108615e-17,2.0432819387115633e-13,2.0397853189232338e-13,3.5009960333714946e-18,1.7504980166857473e-18,1.3128735125143105e-18,0.0,8.752490083428737e-19,1.7504980166857473e-18,4.813869545885805e-18,8.752490083428737e-19,8.752490083428737e-19,8.752490083428737e-19,3.0633715292000576e-18,2.625747025028621e-18,1.3128735125143105e-17,3.0633715292000576e-18,8.752490083428737e-19,2.188122520857184e-18,3.5009960333714946e-18,8.752490083428736e-18,2.188122520857184e-18,9.190114587600173e-18,1.1378237108457357e-17,6.126743058400115e-18,8.3148655792573e-18,8.927539885097312e-17,4.551294843382943e-17,4.595057293800087e-17,0.0,4.376245041714368e-18,3.938620537542931e-18,3.5009960333714946e-18,4.288720140880081e-17,2.3194098721086152e-17,2201.8205319078393,2415.4589342080762,2245.041843024399,1105.7330243780307,1160.2363058037974,1018.704509331199,541.0093930151204,1555.192243744991,60045.21536377097,8.577887909110141e+23,3.862772176029299e-22,4.404031990727562e-22
2.36123e-06,192908.0,6.43026,3e+22,5013.29,797.118,46492.6,4.30545,4.28029,4.26235,-9.38902902e-05,-0.000901246067,0.162597832,0.00903039572,0.00893478498,0.031688211,0.000108428518,-5.39635558e-05,-0.000164035407,1218.02319,-135.550643,146.947304,-123.376979,1632.99106,-31.0140406,389.165128,-14.0022263,8738.20792,9300.0,192907.85882,6.430261961,-210.0,30000 3000,1e-06,2,0.0 0.0259,0.0 0.0,-1.0 0.0,0.00054857 28.0,30000,1000,0,0.0,0.0 0.0 0.0,1000 1000000 0,0,0.0,0,100,0,,70,,1,,,10,1.0,10.0,0.1,True,{},,,False,3,mixed,250,300,True,Ar_Aubin,,False,uniform,Argon_Aubin_Model3-test/70Td,3.0000000000000005e+21,6.641800000000001e+23,2.4506972233600458e-17,2.0300437974603774e-13,2.026822881109676e-13,2.625747025028621e-18,4.376245041714368e-19,1.7504980166857473e-18,0.0,8.752490083428737e-19,0.0,4.813869545885805e-18,3.938620537542931e-18,1.3128735125143105e-18,1.3128735125143105e-18,3.5009960333714946e-18,2.188122520857184e-18,1.1378237108457357e-17,3.0633715292000576e-18,4.376245041714368e-19,1.3128735125143105e-18,0.0,5.6891185542286785e-18,3.0633715292000576e-18,1.1815861612628794e-17,1.1378237108457357e-17,7.439616570914425e-18,7.001992066742989e-18,7.658428823000145e-17,4.420007492131512e-17,4.2011952400457935e-17,0.0,2.188122520857184e-18,6.5643675625715526e-18,8.752490083428737e-19,3.982382987960075e-17,2.450697223360046e-17,1865.787446417983,1218.493889252957,1521.375371756886,1633.709459462435,1048.2911273299208,1178.6119559568015,-86.6022600581402,-274.6724494811274,58230.88981315135,8.318698544735909e+23,4.2085862524576433e-22,5.271155459922753e-22
2.38662e-06,192552.0,6.41841,3e+22,5510.38,-5753.79,63180.2,4.27186,4.27687,4.26503,-0.000137556711,-0.000920525507,0.164188116,0.00911897893,0.0090286134,0.0322667521,0.000114859333,-5.25261811e-05,-0.000174654917,1194.09669,-274.502128,256.913161,-435.965111,2464.19087,-267.305394,444.216369,-1190.19989,11032.2837,9400.0,192552.199212,6.41840664,-210.0,30000 3000,1e-06,2,0.0 0.0259,0.0 0.0,-1.0 0.0,0.00054857 28.0,30000,1000,0,0.0,0.0 0.0 0.0,1000 1000000 0,0,0.0,0,100,0,,70,,1,,,10,1.0,10.0,0.1,True,{},,,False,3,mixed,250,300,True,Ar_Aubin,,False,uniform,Argon_Aubin_Model3-test/70Td,3.0000000000000005e+21,9.025742857142859e+23,2.1005976200228965e-17,2.0265734351422982e-13,2.0230680628638852e-13,2.188122520857184e-18,1.7504980166857473e-18,2.188122520857184e-18,0.0,0.0,2.625747025028621e-18,3.5009960333714946e-18,3.938620537542931e-18,1.7504980166857473e-18,2.625747025028621e-18,2.188122520857184e-18,1.7504980166857473e-18,1.0940612604285921e-17,1.7504980166857473e-18,2.188122520857184e-18,1.3128735125143105e-18,3.0633715292000576e-18,8.3148655792573e-18,3.938620537542931e-18,9.62773909177161e-18,1.0065363595943046e-17,1.1378237108457357e-17,6.5643675625715526e-18,8.927539885097312e-17,4.945156897137237e-17,5.251494050057242e-17,0.0,2.625747025028621e-18,2.625747025028621e-18,1.3128735125143105e-18,3.807333186291501e-17,2.1005976200228968e-17,1744.2792233405296,1194.8546797491604,1847.0810344441124,2458.8943595430783,1159.109152384534,658.8456934967999,344.8732666082031,-194.91852013175787,62635.252229259124,8.947893175608448e+23,3.353698668497791e-22,3.324772033046582e-22
2.41201e-06,192727.0,6.42423,3e+22,486.018,9118.32,63162.6,4.26197,4.28996,4.27337,-6.37837674e-05,-0.00090467809,0.165767222,0.00921934946,0.00912221016,0.0328493721,0.000106639595,-4.21817652e-05,-0.000180719743,1606.10585,-363.880929,-246.111669,214.486318,1468.86831,46.5964951,-353.867049,1347.73818,11928.0139,9500.0,192726.909774,6.424230326,-210.0,30000 3000,1e-06,2,0.0 0.0259,0.0 0.0,-1.0 0.0,0.00054857 28.0,30000,1000,0,0.0,0.0 0.0 0.0,1000 1000000 0,0,0.0,0,100,0,,70,,1,,,10,1.0,10.0,0.1,True,{},,,False,3,mixed,250,300,True,Ar_Aubin,,False,uniform,Argon_Aubin_Model3-test/70Td,3.0000000000000005e+21,9.023228571428573e+23,2.1443600704400402e-17,2.028350190629234e-13,2.025063630602907e-13,3.5009960333714946e-18,2.188122520857184e-18,8.752490083428737e-19,0.0,4.376245041714368e-19,1.7504980166857473e-18,3.0633715292000576e-18,3.938620537542931e-18,1.7504980166857473e-18,1.3128735125143105e-18,8.752490083428737e-19,1.7504980166857473e-18,5.6891185542286785e-18,4.376245041714368e-18,4.376245041714368e-19,1.3128735125143105e-18,5.251494050057242e-18,6.5643675625715526e-18,3.0633715292000576e-18,1.3566359629314541e-17,8.3148655792573e-18,8.752490083428736e-18,7.001992066742989e-18,8.314865579257299e-17,3.807333186291501e-17,5.0326817979715237e-17,0.0,3.5009960333714946e-18,3.5009960333714946e-18,5.6891185542286785e-18,3.7198082854572133e-17,2.1443600704400405e-17,1976.899665212456,1606.136850059064,1843.7802242357557,1477.1174543216089,1212.8104820907122,1457.7251637028003,-65.67663104792166,-676.5158231152168,62194.99322557255,8.884999032224652e+23,3.447801758998101e-22,3.394983851899764e-22
2.4374e-06,193477.0,6.44924,3e+22,939.441,-8340.89,55690.9,4.30607,4.26012,4.31425,-9.21235409e-05,-0.000980443941,0.167375565,0.00932068395,0.00922415756,0.0334584286,0.000113861762,-4.48624326e-05,-0.00018334632,1270.09954,560.847926,205.037546,-642.993861,2123.83669,256.947192,-237.606455,-2043.11889,10904.3826,9600.0,193477.164407,6.449238814,-210.0,30000 3000,1e-06,2,0.0 0.0259,0.0 0.0,-1.0 0.0,0.00054857 28.0,30000,1000,0,0.0,0.0 0.0 0.0,1000 1000000 0,0,0.0,0,100,0,,70,,1,,,10,1.0,10.0,0.1,True,{},,,False,3,mixed,250,300,True,Ar_Aubin,,False,uniform,Argon_Aubin_Model3-test/70Td,3.0000000000000005e+21,7.955842857142858e+23,1.881785367937178e-17,2.0348795482314717e-13,2.0317198993113544e-13,3.0633715292000576e-18,1.7504980166857473e-18,8.752490083428737e-19,0.0,4.376245041714368e-19,4.376245041714368e-19,3.5009960333714946e-18,3.938620537542931e-18,1.7504980166857473e-18,1.7504980166857473e-18,2.188122520857184e-18,5.6891185542286785e-18,7.877241075085862e-18,3.0633715292000576e-18,1.7504980166857473e-18,4.376245041714368e-19,2.188122520857184e-18,5.251494050057242e-18,1.7504980166857473e-18,7.439616570914425e-18,1.1378237108457357e-17,7.439616570914425e-18,3.938620537542931e-18,8.139815777588725e-17,4.595057293800087e-17,4.682582194634374e-17,0.0,2.625747025028621e-18,4.376245041714368e-18,2.188122520857184e-18,3.588520934205782e-17,1.8817853679371784e-17,1995.5035058093904,1270.1860846313866,2004.847892938096,2115.6589149369524,1442.492802723386,1583.0867471415004,85.28312290646326,-184.6779342552572,63346.52771213458,9.04950395887637e+23,2.970621178304467e-22,3.3789817868577776e-22
2.46279e-06,193614.0,6.45379,3e+22,-3868.54,-1312.4,67453.9,4.28618,4.29177,4.30366,-0.000162554218,-0.00101087563,0.169014223,0.00941627493,0.0093222724,0.0340635808,0.000106777808,-6.34214318e-05,-0.000192597732,2055.12427,1303.32297,570.872687,381.378703,1501.94777,322.513016,-257.779544,-545.41474,12026.6606,9700.0,193613.715567,6.453790519,-210.0,30000 3000,1e-06,2,0.0 0.0259,0.0 0.0,-1.0 0.0,0.00054857 28.0,30000,1000,0,0.0,0.0 0.0 0.0,1000 1000000 0,0,0.0,0,100,0,,70,,1,,,10,1.0,10.0,0.1,True,{},,,False,3,mixed,250,300,True,Ar_Aubin,,False,uniform,Argon_Aubin_Model3-test/70Td,3.0000000000000005e+21,9.63627142857143e+23,2.4506972233600458e-17,2.036454996446489e-13,2.0330327728238687e-13,5.251494050057242e-18,1.7504980166857473e-18,1.3128735125143105e-18,0.0,8.752490083428737e-19,2.625747025028621e-18,2.188122520857184e-18,4.813869545885805e-18,4.376245041714368e-19,4.376245041714368e-19,2.625747025028621e-18,3.0633715292000576e-18,7.877241075085862e-18,3.938620537542931e-18,4.376245041714368e-19,1.3128735125143105e-18,2.188122520857184e-18,7.001992066742989e-18,2.188122520857184e-18,1.0502988100114484e-17,1.3566359629314541e-17,1.0065363595943046e-17,1.1378237108457357e-17,8.840014984263024e-17,3.982382987960075e-17,4.682582194634374e-17,0.0,5.251494050057242e-18,5.251494050057242e-18,2.625747025028621e-18,3.3697086821200634e-17,2.450697223360046e-17,1882.1297474752785,2054.495422505498,1930.9922326880876,1500.621096823188,1061.9384073695358,625.9921031803005,-256.17788611460963,977.8963412099702,64540.52052808974,9.220074361155679e+23,3.7971451164442306e-22,3.6331438558186346e-22
2.48818e-06,193426.0,6.44754,3e+22,5291.75,5805.55,56922.6,4.24052,4.29527,4.34051,-0.000204889675,-0.000957414649,0.170555898,0.00951392335,0.00940446247,0.0346396502,0.000107436716,-6.50742223e-05,-0.000189170755,1752.00009,90.6596726,-823.188602,-718.191464,1532.8919,-296.338663,1207.29163,950.258712,11004.2771,9800.0,193426.149566,6.447538319,-210.0,30000 3000,1e-06,2,0.0 0.0259,0.0 0.0,-1.0 0.0,0.00054857 28.0,30000,1000,0,0.0,0.0 0.0 0.0,1000 1000000 0,0,0.0,0,100,0,,70,,1,,,10,1.0,10.0,0.1,True,{},,,False,3,mixed,250,300,True,Ar_Aubin,,False,uniform,Argon_Aubin_Model3-test/70Td,3.0000000000000005e+21,8.131800000000002e+23,2.4944596737771898e-17,2.0357416685046895e-13,2.0324419797432372e-13,7.439616570914425e-18,2.188122520857184e-18,1.3128735125143105e-18,0.0,1.3128735125143105e-18,1.3128735125143105e-18,2.188122520857184e-18,2.188122520857184e-18,4.376245041714368e-19,1.7504980166857473e-18,2.188122520857184e-18,1.7504980166857473e-18,8.3148655792573e-18,3.5009960333714946e-18,1.7504980166857473e-18,1.3128735125143105e-18,3.938620537542931e-18,6.5643675625715526e-18,4.813869545885805e-18,7.439616570914425e-18,8.3148655792573e-18,5.6891185542286785e-18,9.190114587600173e-18,8.621202732177305e-17,3.938620537542932e-17,3.8948580871257877e-17,0.0,1.3128735125143105e-18,6.126743058400115e-18,3.5009960333714946e-18,4.463769942548656e-17,2.49445967377719e-17,1922.6940183159413,1753.0843149376813,1620.6497292042511,1538.450218615502,1035.1213431348829,1295.7919405051998,229.1637977719436,-506.77329222734505,60720.72817216578,8.674389738880827e+23,4.1080859022383125e-22,4.382195602058216e-22
2.51357e-06,192254.0,6.40848,3e+22,502.565,10258.9,55633.3,4.2624,4.26028,4.27608,-0.000221723012,-0.000904774604,0.172063491,0.00960164591,0.00950622479,0.0352192043,0.000101201213,-7.26326483e-05,-0.000178716696,1872.17522,-198.24291,853.089636,-884.387388,2678.36448,504.57382,-352.967792,1247.91332,10912.0942,9900.0,192254.324136,6.408477471,-210.0,30000 3000,1e-06,2,0.0 0.0259,0.0 0.0,-1.0 0.0,0.00054857 28.0,30000,1000,0,0.0,0.0 0.0 0.0,1000 1000000 0,0,0.0,0,100,0,,70,,1,,,10,1.0,10.0,0.1,True,{},,,False,3,mixed,250,300,True,Ar_Aubin,,False,uniform,Argon_Aubin_Model3-test/70Td,3.0000000000000005e+21,7.947614285714287e+23,2.3631723225257586e-17,2.0242015103296887e-13,2.020617365640525e-13,4.813869545885805e-18,4.376245041714368e-19,4.376245041714368e-19,0.0,4.376245041714368e-19,8.752490083428737e-19,5.251494050057242e-18,3.938620537542931e-18,4.376245041714368e-19,1.3128735125143105e-18,1.3128735125143105e-18,3.5009960333714946e-18,1.1815861612628794e-17,4.813869545885805e-18,2.625747025028621e-18,2.188122520857184e-18,3.938620537542931e-18,7.439616570914425e-18,3.938620537542931e-18,1.225348611680023e-17,1.3128735125143105e-17,6.5643675625715526e-18,1.1378237108457357e-17,9.233877038017317e-17,4.595057293800087e-17,4.2011952400457935e-17,0.0,2.188122520857184e-18,2.625747025028621e-18,3.938620537542931e-18,4.288720140880081e-17,2.363172322525759e-17,1727.387959732962,1872.2866502255258,2005.9462481897458,2687.6464721849757,1241.128404530364,1339.634386149699,-171.45339157758536,425.9839384890846,59378.36752055966,8.482623931508526e+23,3.9798539791575006e-22,4.247765857006071e-22
2.53896e-06,192450.0,6.415,3e+22,-404.201,-7103.18,44985.5,4.2549,4.21334,4.34998,-0.000112728208,-0.000900829299,0.173639961,0.00968294528,0.00960476249,0.0358230308,0.000101593638,-5.29463018e-05,-0.000168579697,2331.88403,267.748371,-672.668013,-0.198827415,2192.78194,545.512272,-1114.73629,-1246.03052,9191.63857,10000.0,192450.119355,6.415003978,-210.0,30000 3000,1e-06,2,0.0 0.0259,0.0 0.0,-1.0 0.0,0.00054857 28.0,30000,1000,0,0.0,0.0 0.0 0.0,1000 1000000 0,0,0.0,0,100,0,,70,,1,,,10,1.0,10.0,0.1,True,{},,,False,3,mixed,250,300,True,Ar_Aubin,,False,uniform,Argon_Aubin_Model3-test/70Td,3.0000000000000005e+21,6.426500000000001e+23,2.4944596737771898e-17,2.0176458952572005e-13,2.0143812164560818e-13,1.7504980166857473e-18,8.752490083428737e-19,4.376245041714368e-19,0.0,0.0,1.7504980166857473e-18,3.5009960333714946e-18,2.625747025028621e-18,4.376245041714368e-19,2.188122520857184e-18,2.625747025028621e-18,3.5009960333714946e-18,6.5643675625715526e-18,3.938620537542931e-18,1.3128735125143105e-18,1.7504980166857473e-18,1.7504980166857473e-18,4.813869545885805e-18,8.752490083428737e-19,1.3566359629314541e-17,1.0502988100114484e-17,8.752490083428736e-18,7.001992066742989e-18,8.271103128840156e-17,4.857631996302949e-17,3.8948580871257877e-17,0.0,4.376245041714368e-18,3.5009960333714946e-18,3.938620537542931e-18,3.8948580871257877e-17,2.49445967377719e-17,1601.7547232955917,2331.8384651455985,1940.6533316418145,2186.383187339929,1158.6511608209873,1380.3581044344992,43.71997435820172,-1712.1477223228549,62091.171188202905,8.870167312600417e+23,4.017414434358629e-22,5.545030451539251e-22
2.56434e-06,192281.0,6.40937,3e+22,236.0,-512.155,59424.2,4.27766,4.23768,4.28333,-0.000104008302,-0.00100582249,0.175220765,0.00976603372,0.00971940983,0.0364330711,9.62704002e-05,-5.11755744e-05,-0.000190809388,2372.64056,-260.168197,-179.691509,-394.290064,1460.45638,257.635493,-184.831407,-251.094956,10634.6764,10100.0,192281.176207,6.40937254,-210.0,30000 3000,1e-06,2,0.0 0.0259,0.0 0.0,-1.0 0.0,0.00054857 28.0,30000,1000,0,0.0,0.0 0.0 0.0,1000 1000000 0,0,0.0,0,100,0,,70,,1,,,10,1.0,10.0,0.1,True,{},,,False,3,mixed,250,300,True,Ar_Aubin,,False,uniform,Argon_Aubin_Model3-test/70Td,3.0000000000000005e+21,8.48917142857143e+23,1.9693102687714655e-17,2.0193482545784274e-13,2.0159216547107654e-13,5.251494050057242e-18,1.3128735125143105e-18,4.376245041714368e-19,0.0,8.752490083428737e-19,3.938620537542931e-18,5.251494050057242e-18,3.0633715292000576e-18,8.752490083428737e-19,8.752490083428737e-19,2.188122520857184e-18,2.188122520857184e-18,8.3148655792573e-18,4.376245041714368e-18,1.7504980166857473e-18,8.752490083428737e-19,3.0633715292000576e-18,8.752490083428736e-18,3.0633715292000576e-18,1.0502988100114484e-17,1.2691110620971668e-17,8.3148655792573e-18,7.877241075085862e-18,8.708727633011594e-17,4.0699078887943626e-17,5.601593653394391e-17,0.0,5.251494050057242e-18,2.625747025028621e-18,3.938620537542931e-18,3.150896430034345e-17,1.969310268771466e-17,1636.3063995099064,2372.665105959272,2253.8195667625223,1459.941242982634,1153.2255115538426,222.32261648700114,16.582380268737626,-399.6944064002916,62261.87100229981,8.894553000328547e+23,3.1629474621774916e-22,3.3139870099580064e-22
2.58973e-06,193449.0,6.44829,3e+22,5710.21,8630.31,57174.9,4.28441,4.28745,4.30553,-0.000126861926,-0.00101028778,0.176874329,0.00986194465,0.00982746894,0.0370723214,9.42793864e-05,-6.60572503e-05,-0.000196664086,2079.91149,409.913471,-377.994573,-275.091591,2463.83344,725.796022,706.363357,1461.22525,11419.492,10200.0,193448.843985,6.4482948,-210.0,30000 3000,1e-06,2,0.0 0.0259,0.0 0.0,-1.0 0.0,0.00054857 28.0,30000,1000,0,0.0,0.0 0.0 0.0,1000 1000000 0,0,0.0,0,100,0,,70,,1,,,10,1.0,10.0,0.1,True,{},,,False,3,mixed,250,300,True,Ar_Aubin,,False,uniform,Argon_Aubin_Model3-test/70Td,3.0000000000000005e+21,8.167842857142858e+23,1.881785367937178e-17,2.0263808803604627e-13,2.0232649938907623e-13,1.7504980166857473e-18,1.3128735125143105e-18,1.7504980166857473e-18,0.0,4.376245041714368e-19,1.7504980166857473e-18,2.188122520857184e-18,3.0633715292000576e-18,1.3128735125143105e-18,8.752490083428737e-19,8.752490083428737e-19,3.0633715292000576e-18,8.3148655792573e-18,8.3148655792573e-18,2.625747025028621e-18,2.188122520857184e-18,2.188122520857184e-18,5.6891185542286785e-18,3.938620537542931e-18,9.62773909177161e-18,8.3148655792573e-18,7.877241075085862e-18,9.190114587600173e-18,8.358628029674444e-17,3.851095636708644e-17,4.0699078887943626e-17,0.0,3.0633715292000576e-18,4.813869545885805e-18,2.625747025028621e-18,3.2821837812857765e-17,1.8817853679371784e-17,1888.6798881947059,2080.6358982384645,2127.8418620807797,2472.552536730612,1123.2655887644528,1306.7199268579006,-420.15124719938,-674.3674602662327,65127.61130541625,9.303944472202324e+23,2.8893818308682267e-22,3.2912788092977476e-22
2.61512e-06,193643.0,6.45477,3e+22,1289.46,-5066.73,56408.8,4.33812,4.26322,4.28995,-0.000113762543,-0.0010896965,0.178470711,0.00997020288,0.00993522358,0.0376978606,9.51207471e-05,-6.25911562e-05,-0.000215164129,1806.74368,318.32177,-439.71465,1005.20211,1999.09909,-971.812299,88.7598095,-867.508654,10549.9238,10300.0,193643.135307,6.454771177,-210.0,30000 3000,1e-06,2,0.0 0.0259,0.0 0.0,-1.0 0.0,0.00054857 28.0,30000,1000,0,0.0,0.0 0.0 0.0,1000 1000000 0,0,0.0,0,100,0,,70,,1,,,10,1.0,10.0,0.1,True,{},,,False,3,mixed,250,300,True,Ar_Aubin,,False,uniform,Argon_Aubin_Model3-test/70Td,3.0000000000000005e+21,8.058400000000002e+23,3.150896430034345e-17,2.0443716237269505e-13,2.0410938161907063e-13,2.625747025028621e-18,8.752490083428737e-19,4.376245041714368e-19,0.0,8.752490083428737e-19,1.3128735125143105e-18,3.5009960333714946e-18,2.625747025028621e-18,1.7504980166857473e-18,8.752490083428737e-19,1.7504980166857473e-18,2.625747025028621e-18,1.0502988100114484e-17,3.5009960333714946e-18,1.7504980166857473e-18,4.376245041714368e-19,2.625747025028621e-18,7.439616570914425e-18,3.0633715292000576e-18,1.487923314182885e-17,1.3128735125143105e-17,6.5643675625715526e-18,7.439616570914425e-18,8.271103128840156e-17,3.8948580871257877e-17,3.851095636708644e-17,4.376245041714368e-19,3.938620537542931e-18,3.0633715292000576e-18,1.7504980166857473e-18,3.632283384622925e-17,3.150896430034345e-17,2132.002513471618,1806.8903722486968,2118.7392266184766,1993.577892052555,1147.5717292654736,482.6051573431996,52.41350779375934,-574.6684749704816,62875.42930963888,8.98220418709127e+23,5.011331874200514e-22,5.585824250886998e-22
2.64051e-06,193289.0,6.44296,3e+22,-3591.32,3009.04,58333.1,4.29035,4.26913,4.30696,-0.000107646691,-0.0011643239,0.180026399,0.0100701154,0.0100401648,0.038316323,9.89307812e-05,-6.69263711e-05,-0.000228322737,1675.08779,10.1123372,818.530156,6.38097899,1575.38622,414.626643,-728.427029,287.76543,11995.447,10400.0,193288.772769,6.442959092,-210.0,30000 3000,1e-06,2,0.0 0.0259,0.0 0.0,-1.0 0.0,0.00054857 28.0,30000,1000,0,0.0,0.0 0.0 0.0,1000 1000000 0,0,0.0,0,100,0,,70,,1,,,10,1.0,10.0,0.1,True,{},,,False,3,mixed,250,300,True,Ar_Aubin,,False,uniform,Argon_Aubin_Model3-test/70Td,3.0000000000000005e+21,8.3333e+23,2.800796826697195e-17,2.0393301894388954e-13,2.035951728266692e-13,2.625747025028621e-18,4.376245041714368e-19,1.7504980166857473e-18,0.0,0.0,1.3128735125143105e-18,1.7504980166857473e-18,2.188122520857184e-18,1.7504980166857473e-18,2.625747025028621e-18,3.5009960333714946e-18,2.188122520857184e-18,1.0065363595943046e-17,4.376245041714368e-18,1.3128735125143105e-18,2.188122520857184e-18,4.376245041714368e-18,9.62773909177161e-18,3.938620537542931e-18,1.1378237108457357e-17,8.752490083428736e-18,5.6891185542286785e-18,7.001992066742989e-18,7.921003525503007e-17,3.982382987960075e-17,4.595057293800087e-17,0.0,2.625747025028621e-18,5.6891185542286785e-18,1.7504980166857473e-18,4.595057293800087e-17,2.8007968266971957e-17,1967.61418269896,1674.701196285678,2063.3056117071515,1578.889717188056,1196.4101037101734,1493.9490644930993,-207.14192777288253,742.9148994474522,61272.64706809085,8.753235295441553e+23,4.57103938007564e-22,4.8013851941645395e-22
2.6659e-06,193589.0,6.45295,3e+22,-2276.05,11535.6,57813.3,4.31468,4.28788,4.28356,-0.000158362932,-0.00114134986,0.181647082,0.0101627625,0.0101251721,0.0389644035,9.68706437e-05,-8.55647361e-05,-0.000225291062,2366.62597,523.219729,460.920647,345.472578,2014.34609,628.992937,-490.292133,2603.84246,11788.6411,10500.0,193588.627778,6.452954259,-210.0,30000 3000,1e-06,2,0.0 0.0259,0.0 0.0,-1.0 0.0,0.00054857 28.0,30000,1000,0,0.0,0.0 0.0 0.0,1000 1000000 0,0,0.0,0,100,0,,70,,1,,,10,1.0,10.0,0.1,True,{},,,False,3,mixed,250,300,True,Ar_Aubin,,False,uniform,Argon_Aubin_Model3-test/70Td,3.0000000000000005e+21,8.259042857142859e+23,2.5819845746114767e-17,2.0354834700472282e-13,2.0321487713254426e-13,3.938620537542931e-18,4.376245041714368e-19,1.3128735125143105e-18,0.0,4.376245041714368e-19,4.376245041714368e-19,3.938620537542931e-18,2.188122520857184e-18,1.3128735125143105e-18,3.5009960333714946e-18,2.188122520857184e-18,2.625747025028621e-18,6.5643675625715526e-18,5.251494050057242e-18,1.3128735125143105e-18,2.188122520857184e-18,1.7504980166857473e-18,4.376245041714368e-18,1.7504980166857473e-18,1.0065363595943046e-17,9.62773909177161e-18,6.5643675625715526e-18,1.2691110620971668e-17,9.015064785931599e-17,4.332482591297225e-17,4.5075323929657994e-17,0.0,2.625747025028621e-18,5.251494050057242e-18,1.7504980166857473e-18,3.500996033371494e-17,2.581984574611477e-17,1824.243174210143,2366.2655280486215,1675.1006443817482,2027.512245445016,1219.4449261209668,1287.0238542094012,-364.3793777858368,393.2218386826956,63832.55348646627,9.118936212352327e+23,4.044933867730839e-22,4.46607367960569e-22
2.69129e-06,193637.0,6.45456,3e+22,1381.3,-783.812,52153.8,4.30073,4.28336,4.30955,-0.000133288683,-0.00114637257,0.183206557,0.0102555908,0.0102068217,0.0395917981,0.000105611838,-8.44981565e-05,-0.000228067816,1750.29238,1257.81688,-202.954736,724.056982,2111.56944,-523.544572,196.885072,-549.655238,11048.5174,10600.0,193636.753268,6.454558442,-210.0,30000 3000,1e-06,2,0.0 0.0259,0.0 0.0,-1.0 0.0,0.00054857 28.0,30000,1000,0,0.0,0.0 0.0 0.0,1000 1000000 0,0,0.0,0,100,0,,70,,1,,,10,1.0,10.0,0.1,True,{},,,False,3,mixed,250,300,True,Ar_Aubin,,False,uniform,Argon_Aubin_Model3-test/70Td,3.0000000000000005e+21,7.45054285714286e+23,2.3631723225257586e-17,2.0461002405184275e-13,2.042844314207392e-13,3.5009960333714946e-18,2.188122520857184e-18,8.752490083428737e-19,4.376245041714368e-19,0.0,3.5009960333714946e-18,2.625747025028621e-18,2.188122520857184e-18,4.376245041714368e-19,1.7504980166857473e-18,1.7504980166857473e-18,3.5009960333714946e-18,7.877241075085862e-18,3.5009960333714946e-18,2.188122520857184e-18,1.3128735125143105e-18,3.5009960333714946e-18,6.5643675625715526e-18,2.625747025028621e-18,1.225348611680023e-17,1.0065363595943046e-17,8.3148655792573e-18,8.3148655792573e-18,7.13327941799442e-17,4.2011952400457935e-17,4.3762450417143685e-17,4.376245041714368e-19,2.625747025028621e-18,6.5643675625715526e-18,3.0633715292000576e-18,4.288720140880081e-17,2.363172322525759e-17,1828.2212588070824,1750.476491657828,1607.7076723082312,2110.6708994231635,1150.3621821626846,1493.5992675334,-129.19558383235645,-252.18136986865457,61421.80262784781,8.774543232549688e+23,3.8474486606069236e-22,4.531160380501054e-22
2.71668e-06,193193.0,6.43977,3e+22,9696.94,-2775.14,62182.9,4.26242,4.279,4.31556,-0.000169957434,-0.00121466723,0.184750066,0.0103448615,0.0103095849,0.0402167455,0.000104799983,-9.42771062e-05,-0.000230989402,1643.34404,196.372559,-983.033638,209.124171,1045.0744,-660.322634,1708.05621,-648.163208,12015.8402,10700.0,193193.199644,6.439773321,-210.0,30000 3000,1e-06,2,0.0 0.0259,0.0 0.0,-1.0 0.0,0.00054857 28.0,30000,1000,0,0.0,0.0 0.0 0.0,1000 1000000 0,0,0.0,0,100,0,,70,,1,,,10,1.0,10.0,0.1,True,{},,,False,3,mixed,250,300,True,Ar_Aubin,,False,uniform,Argon_Aubin_Model3-test/70Td,3.0000000000000005e+21,8.88327142857143e+23,2.1443600704400402e-17,2.0399910024401944e-13,2.0365775313076573e-13,1.7504980166857473e-18,8.752490083428737e-19,2.625747025028621e-18,0.0,0.0,8.752490083428737e-19,4.376245041714368e-18,5.251494050057242e-18,1.3128735125143105e-18,8.752490083428737e-19,1.7504980166857473e-18,3.5009960333714946e-18,1.0065363595943046e-17,5.6891185542286785e-18,1.7504980166857473e-18,1.7504980166857473e-18,3.0633715292000576e-18,7.001992066742989e-18,3.0633715292000576e-18,1.0940612604285921e-17,1.0065363595943046e-17,6.126743058400115e-18,1.0065363595943046e-17,8.708727633011594e-17,4.420007492131512e-17,4.332482591297225e-17,0.0,2.625747025028621e-18,3.0633715292000576e-18,2.188122520857184e-18,4.463769942548656e-17,2.1443600704400405e-17,1757.7980815697015,1644.992107040052,2020.5508080003735,1041.7035283833377,1122.5667357873344,527.5453209286006,-110.22872557282466,-1055.9192868753616,60792.96247282346,8.684708924689069e+23,3.5273162932282544e-22,3.448472281672357e-22
2.74207e-06,192886.0,6.42954,3e+22,-49.7083,-4929.82,62910.7,4.24926,4.28744,4.29974,-7.34247232e-05,-0.00129823613,0.186260112,0.0104426772,0.0103909388,0.040832343,0.000105414762,-9.24939717e-05,-0.000246743237,1582.43267,280.741238,-307.794005,213.38273,2845.57686,268.776386,270.581001,-818.380755,13519.9589,10800.0,192886.281441,6.429542715,-210.0,30000 3000,1e-06,2,0.0 0.0259,0.0 0.0,-1.0 0.0,0.00054857 28.0,30000,1000,0,0.0,0.0 0.0 0.0,1000 1000000 0,0,0.0,0,100,0,,70,,1,,,10,1.0,10.0,0.1,True,{},,,False,3,mixed,250,300,True,Ar_Aubin,,False,uniform,Argon_Aubin_Model3-test/70Td,3.0000000000000005e+21,8.987242857142859e+23,2.013072719188609e-17,2.0312385123567657e-13,2.0279169423701044e-13,1.7504980166857473e-18,1.7504980166857473e-18,3.0633715292000576e-18,0.0,4.376245041714368e-19,2.188122520857184e-18,1.7504980166857473e-18,2.625747025028621e-18,1.7504980166857473e-18,2.625747025028621e-18,8.752490083428737e-19,2.188122520857184e-18,8.752490083428736e-18,5.6891185542286785e-18,2.625747025028621e-18,4.376245041714368e-19,1.7504980166857473e-18,7.877241075085862e-18,1.7504980166857473e-18,1.0065363595943046e-17,9.62773909177161e-18,7.877241075085862e-18,7.439616570914425e-18,8.66496518259445e-17,4.332482591297225e-17,5.2077315996400986e-17,0.0,4.813869545885805e-18,4.376245041714368e-18,3.0633715292000576e-18,3.2821837812857765e-17,2.0130727191886093e-17,1926.7573010089593,1582.4290201818317,1597.9751439644333,2839.1767895616035,1090.1129744424502,1802.2048720015991,-627.8324779393785,-23.335129740852175,59474.98188234612,8.496425983192304e+23,3.384738684193104e-22,3.199889238537497e-22
2.76746e-06,192554.0,6.41847,3e+22,2395.25,675.188,59503.1,4.23009,4.27931,4.30736,-9.08871952e-05,-0.00134591485,0.187755224,0.0105421848,0.0105000961,0.0414562921,9.98179628e-05,-9.32909561e-05,-0.000265750553,2269.03338,-419.400938,459.161382,74.0574355,2596.81211,183.403638,-264.115409,-124.286598,11808.2197,10900.0,192553.97744,6.418465915,-210.0,30000 3000,1e-06,2,0.0 0.0259,0.0 0.0,-1.0 0.0,0.00054857 28.0,30000,1000,0,0.0,0.0 0.0 0.0,1000 1000000 0,0,0.0,0,100,0,,70,,1,,,10,1.0,10.0,0.1,True,{},,,False,3,mixed,250,300,True,Ar_Aubin,,False,uniform,Argon_Aubin_Model3-test/70Td,3.0000000000000005e+21,8.500442857142859e+23,2.406934772942902e-17,2.029024132365658e-13,2.0257331960942893e-13,2.625747025028621e-18,4.376245041714368e-19,4.376245041714368e-19,0.0,1.3128735125143105e-18,1.3128735125143105e-18,4.813869545885805e-18,1.3128735125143105e-18,8.752490083428737e-19,1.3128735125143105e-18,1.3128735125143105e-18,1.7504980166857473e-18,1.3128735125143105e-17,2.625747025028621e-18,8.752490083428737e-19,1.3128735125143105e-18,1.7504980166857473e-18,5.251494050057242e-18,8.752490083428737e-19,9.190114587600173e-18,1.1378237108457357e-17,9.190114587600173e-18,5.251494050057242e-18,8.271103128840156e-17,4.770107095468661e-17,5.382781401308673e-17,4.376245041714368e-19,4.376245041714368e-18,4.813869545885805e-18,8.752490083428737e-19,3.194658880451489e-17,2.4069347729429023e-17,1959.5568797406318,2269.251077554303,2147.163213791993,2597.7208555557418,1275.2127438472646,636.2018308055995,102.06793831752879,-249.2666574212949,58886.78829126859,8.412398327324084e+23,4.0873935271144497e-22,4.045057775045169e-22
2.79285e-06,193159.0,6.43863,3e+22,-5494.89,11102.5,55320.4,4.24444,4.31822,4.29632,-5.18805903e-05,-0.00135454467,0.189304743,0.0106437279,0.0105934762,0.0420929616,9.0226458e-05,-8.52424699e-05,-0.000256925601,2267.62804,-492.248991,-154.970563,20.9001678,962.006124,692.659162,-990.445538,2907.23983,11090.0526,11000.0,193158.893357,6.438629779,-210.0,30000 3000,1e-06,2,0.0 0.0259,0.0 0.0,-1.0 0.0,0.00054857 28.0,30000,1000,0,0.0,0.0 0.0 0.0,1000 1000000 0,0,0.0,0,100,0,,70,,1,,,10,1.0,10.0,0.1,True,{},,,False,3,mixed,250,300,True,Ar_Aubin,,False,uniform,Argon_Aubin_Model3-test/70Td,3.0000000000000005e+21,7.902914285714288e+23,2.5382221241943332e-17,2.0318161767022716e-13,2.0287615576631557e-13,3.0633715292000576e-18,1.7504980166857473e-18,1.7504980166857473e-18,0.0,4.376245041714368e-19,1.3128735125143105e-18,2.625747025028621e-18,3.5009960333714946e-18,0.0,1.3128735125143105e-18,1.3128735125143105e-18,2.188122520857184e-18,9.190114587600173e-18,2.625747025028621e-18,1.7504980166857473e-18,8.752490083428737e-19,4.376245041714368e-18,7.001992066742989e-18,2.625747025028621e-18,7.001992066742989e-18,9.190114587600173e-18,5.6891185542286785e-18,5.251494050057242e-18,6.914467165908702e-17,3.851095636708644e-17,4.770107095468661e-17,0.0,5.251494050057242e-18,4.813869545885805e-18,3.5009960333714946e-18,3.632283384622925e-17,2.5382221241943336e-17,1999.8083641845928,2267.3429618631667,1838.4849607797407,977.044956198675,1032.0744910146434,617.6384953428005,31.713076217115482,-102.33730672909792,61029.673567129816,8.71852479530426e+23,4.1589967237861863e-22,4.588220844741421e-22
2.81824e-06,193485.0,6.44952,3e+22,-2631.87,8209.29,62504.0,4.29653,4.2948,4.28507,-3.70848855e-05,-0.00137017961,0.190947469,0.0107494989,0.0106810612,0.0427721078,8.4326796e-05,-7.1254273e-05,-0.000259147844,1642.99523,-749.449935,343.411153,276.045304,1561.12094,390.462614,-84.857549,1895.9099,13088.8648,11100.0,193485.470737,6.449515691,-210.0,30000 3000,1e-06,2,0.0 0.0259,0.0 0.0,-1.0 0.0,0.00054857 28.0,30000,1000,0,0.0,0.0 0.0 0.0,1000 1000000 0,0,0.0,0,100,0,,70,,1,,,10,1.0,10.0,0.1,True,{},,,False,3,mixed,250,300,True,Ar_Aubin,,False,uniform,Argon_Aubin_Model3-test/70Td,3.0000000000000005e+21,8.929142857142858e+23,2.1005976200228965e-17,2.0278337937143116e-13,2.0244597087871503e-13,2.625747025028621e-18,1.3128735125143105e-18,2.188122520857184e-18,0.0,4.376245041714368e-19,3.5009960333714946e-18,2.188122520857184e-18,3.0633715292000576e-18,0.0,1.7504980166857473e-18,2.188122520857184e-18,2.188122520857184e-18,8.752490083428736e-18,3.938620537542931e-18,2.625747025028621e-18,8.752490083428737e-19,2.625747025028621e-18,5.6891185542286785e-18,3.0633715292000576e-18,1.0940612604285921e-17,8.752490083428736e-18,6.5643675625715526e-18,9.62773909177161e-18,8.227340678423012e-17,4.551294843382943e-17,4.98891934755438e-17,0.0,1.7504980166857473e-18,6.126743058400115e-18,4.376245041714368e-18,4.1574327896286495e-17,2.1005976200228968e-17,2082.9850865495505,1642.8976274023992,1723.981454992677,1572.369141770577,1073.1954184012186,1153.8841976239983,443.02470739791096,763.420472920322,64700.743611557926,9.242963373079705e+23,3.246635977840064e-22,3.3607411046059397e-22
2.84363e-06,192789.0,6.4263,3e+22,-3370.43,9351.81,50964.0,4.25942,4.31098,4.26688,-6.17235441e-05,-0.0013139059,0.19246636,0.0108420265,0.0107828586,0.0434229473,7.83252916e-05,-7.47287023e-05,-0.000265058138,1666.38114,-72.0384688,-106.248837,-21.9379613,1890.9952,-182.896737,-1145.22,1493.74072,10873.4392,11200.0,192789.119485,6.426303983,-210.0,30000 3000,1e-06,2,0.0 0.0259,0.0 0.0,-1.0 0.0,0.00054857 28.0,30000,1000,0,0.0,0.0 0.0 0.0,1000 1000000 0,0,0.0,0,100,0,,70,,1,,,10,1.0,10.0,0.1,True,{},,,False,3,mixed,250,300,True,Ar_Aubin,,False,uniform,Argon_Aubin_Model3-test/70Td,3.0000000000000005e+21,7.28057142857143e+23,2.188122520857184e-17,2.0311947499063484e-13,2.0277243875882692e-13,3.5009960333714946e-18,1.7504980166857473e-18,1.7504980166857473e-18,0.0,4.376245041714368e-19,1.7504980166857473e-18,3.938620537542931e-18,4.813869545885805e-18,0.0,1.3128735125143105e-18,1.7504980166857473e-18,1.3128735125143105e-18,9.62773909177161e-18,3.938620537542931e-18,1.3128735125143105e-18,1.7504980166857473e-18,1.3128735125143105e-18,4.813869545885805e-18,1.7504980166857473e-18,9.62773909177161e-18,1.0065363595943046e-17,7.877241075085862e-18,7.439616570914425e-18,8.358628029674444e-17,5.95169325673154e-17,4.98891934755438e-17,0.0,4.813869545885805e-18,6.5643675625715526e-18,4.376245041714368e-18,3.457233582954351e-17,2.1881225208571842e-17,1822.107585248212,1666.173105115259,2007.681165705765,1903.282598334679,1348.4987131810497,1064.583628960001,52.14779023090908,-599.6287645636877,59823.35286889098,8.546193266984427e+23,3.6576393931859336e-22,4.293466997993061e-22
2.86902e-06,192511.0,6.41703,3e+22,-1762.57,5724.59,63151.4,4.24441,4.24491,4.32186,-1.41161588e-05,-0.00128221191,0.193986162,0.01091331,0.010883659,0.044072169,7.62030476e-05,-5.69642052e-05,-0.000259384507,1545.15343,454.090135,1261.16167,-726.333457,1780.92566,634.957317,505.931994,847.11817,13791.87,11300.0,192510.788674,6.417026289,-210.0,30000 3000,1e-06,2,0.0 0.0259,0.0 0.0,-1.0 0.0,0.00054857 28.0,30000,1000,0,0.0,0.0 0.0 0.0,1000 1000000 0,0,0.0,0,100,0,,70,,1,,,10,1.0,10.0,0.1,True,{},,,False,3,mixed,250,300,True,Ar_Aubin,,False,uniform,Argon_Aubin_Model3-test/70Td,3.0000000000000005e+21,9.021628571428573e+23,1.9693102687714655e-17,2.0195583143404301e-13,2.016254249333936e-13,1.3128735125143105e-18,8.752490083428737e-19,8.752490083428737e-19,0.0,4.376245041714368e-19,1.3128735125143105e-18,2.625747025028621e-18,3.0633715292000576e-18,0.0,3.0633715292000576e-18,1.3128735125143105e-18,3.5009960333714946e-18,1.0940612604285921e-17,4.376245041714368e-18,1.3128735125143105e-18,2.188122520857184e-18,2.188122520857184e-18,8.3148655792573e-18,1.3128735125143105e-18,8.3148655792573e-18,1.225348611680023e-17,6.5643675625715526e-18,3.5009960333714946e-18,7.745953723834432e-17,4.6388197442172303e-17,4.770107095468661e-17,0.0,4.376245041714368e-18,7.001992066742989e-18,2.625747025028621e-18,4.551294843382943e-17,1.969310268771466e-17,1403.8643879769313,1545.1285492819839,1986.693002881285,1788.265797477867,1218.8136906325028,1541.3722890732006,339.6323970668319,2109.899308747182,59859.233701987694,8.551319100283959e+23,3.2899022372651463e-22,3.118395267201464e-22
2.89441e-06,192173.0,6.40578,3e+22,-2971.51,3204.34,58852.0,4.2728,4.25092,4.26804,-8.61285889e-05,-0.00127597329,0.195560847,0.0110204953,0.0109683099,0.0447564184,7.9627193e-05,-5.78036514e-05,-0.000260133359,2398.87189,641.701445,463.779139,-425.059992,1430.98195,24.3923299,-415.158617,754.293224,12392.0854,11400.0,192173.421442,6.405780715,-210.0,30000 3000,1e-06,2,0.0 0.0259,0.0 0.0,-1.0 0.0,0.00054857 28.0,30000,1000,0,0.0,0.0 0.0 0.0,1000 1000000 0,0,0.0,0,100,0,,70,,1,,,10,1.0,10.0,0.1,True,{},,,False,3,mixed,250,300,True,Ar_Aubin,,False,uniform,Argon_Aubin_Model3-test/70Td,3.0000000000000005e+21,8.407428571428572e+23,2.275647421691471e-17,2.0273086443093059e-13,2.0238645394614771e-13,5.6891185542286785e-18,4.376245041714368e-19,2.188122520857184e-18,0.0,4.376245041714368e-19,1.3128735125143105e-18,3.0633715292000576e-18,3.0633715292000576e-18,8.752490083428737e-19,2.188122520857184e-18,3.0633715292000576e-18,2.625747025028621e-18,8.752490083428736e-18,6.126743058400115e-18,1.7504980166857473e-18,1.3128735125143105e-18,4.376245041714368e-18,5.6891185542286785e-18,4.813869545885805e-18,1.0065363595943046e-17,9.62773909177161e-18,7.877241075085862e-18,1.0065363595943046e-17,8.358628029674444e-17,4.0261454383772186e-17,5.163969149222954e-17,0.0,2.188122520857184e-18,5.6891185542286785e-18,2.188122520857184e-18,4.0699078887943626e-17,2.2756474216914714e-17,2110.6689576069066,2398.6159580367976,1667.353159272934,1435.0706022520787,1394.9721171823064,882.9384323559989,522.4814147684199,634.800374182913,62020.8668116087,8.860123830229815e+23,3.6691641679305403e-22,3.86672911998143e-22
2.9198e-06,192778.0,6.42595,3e+22,3198.91,-6441.01,61869.3,4.29057,4.22483,4.31444,-0.000160237608,-0.00121000151,0.197154891,0.0111155386,0.0110620409,0.0454404396,7.05562519e-05,-8.54243082e-05,-0.000250493317,2526.27278,-915.062351,251.217791,-28.2106099,1858.96076,147.681723,739.946204,-1237.37427,13029.1041,11500.0,192778.453277,6.425948443,-210.0,30000 3000,1e-06,2,0.0 0.0259,0.0 0.0,-1.0 0.0,0.00054857 28.0,30000,1000,0,0.0,0.0 0.0 0.0,1000 1000000 0,0,0.0,0,100,0,,70,,1,,,10,1.0,10.0,0.1,True,{},,,False,3,mixed,250,300,True,Ar_Aubin,,False,uniform,Argon_Aubin_Model3-test/70Td,3.0000000000000005e+21,8.838471428571431e+23,2.275647421691471e-17,2.0278863086548125e-13,2.0247179072446114e-13,3.5009960333714946e-18,8.752490083428737e-19,1.3128735125143105e-18,0.0,0.0,8.752490083428737e-19,3.0633715292000576e-18,2.625747025028621e-18,1.3128735125143105e-18,2.625747025028621e-18,1.7504980166857473e-18,2.625747025028621e-18,1.225348611680023e-17,3.5009960333714946e-18,4.376245041714368e-19,4.376245041714368e-19,2.625747025028621e-18,7.439616570914425e-18,3.5009960333714946e-18,1.3566359629314541e-17,9.62773909177161e-18,7.439616570914425e-18,8.752490083428736e-18,8.489915380925874e-17,4.0261454383772186e-17,3.763570735874357e-17,0.0,2.188122520857184e-18,4.813869545885805e-18,2.625747025028621e-18,3.150896430034345e-17,2.2756474216914714e-17,1871.337910853436,2526.785365686607,1849.0839592311445,1851.1671281740748,1142.4960246623857,831.2690022537008,-506.9953231582252,370.3970312718244,62783.3443614704,8.969049194495774e+23,3.6246036983783497e-22,3.678152850753881e-22
2.94519e-06,193190.0,6.43968,3e+22,-3987.48,-4128.5,55918.8,4.2569,4.31874,4.28574,-0.000230834482,-0.00124496664,0.198761003,0.0111949121,0.0111492326,0.0461426166,6.21090991e-05,-9.20784559e-05,-0.000269136758,2313.38062,-58.5114491,144.820948,474.657945,1548.85671,-824.589242,-1654.84754,-1011.27693,12333.1965,11600.0,193190.347072,6.439678236,-210.0,30000 3000,1e-06,2,0.0 0.0259,0.0 0.0,-1.0 0.0,0.00054857 28.0,30000,1000,0,0.0,0.0 0.0 0.0,1000 1000000 0,0,0.0,0,100,0,,70,,1,,,10,1.0,10.0,0.1,True,{},,,False,3,mixed,250,300,True,Ar_Aubin,,False,uniform,Argon_Aubin_Model3-test/70Td,3.0000000000000005e+21,7.988400000000003e+23,1.7067355662686034e-17,2.035063350523224e-13,2.031781166741938e-13,3.5009960333714946e-18,8.752490083428737e-19,1.7504980166857473e-18,0.0,0.0,4.376245041714368e-19,3.0633715292000576e-18,4.376245041714368e-18,8.752490083428737e-19,1.7504980166857473e-18,1.3128735125143105e-18,3.5009960333714946e-18,1.2691110620971668e-17,3.5009960333714946e-18,1.7504980166857473e-18,1.3128735125143105e-18,2.188122520857184e-18,5.251494050057242e-18,2.625747025028621e-18,1.1378237108457357e-17,8.752490083428736e-18,8.752490083428736e-18,4.813869545885805e-18,8.621202732177305e-17,4.244957690462937e-17,5.163969149222954e-17,0.0,4.376245041714368e-18,2.625747025028621e-18,1.7504980166857473e-18,3.763570735874357e-17,1.7067355662686037e-17,1562.5667898063732,2312.4601721197146,1715.3846795437835,1543.71686522676,1305.4898788454896,1218.7197254435996,300.71829922349013,-704.5630805254984,63258.65708794124,9.036951012563035e+23,2.6980268706873197e-22,3.052167725824952e-22
2.97058e-06,193381.0,6.44602,3e+22,1043.25,-423.779,56854.3,4.29878,4.29422,4.28065,-0.000266681348,-0.00127411899,0.200338753,0.0113126442,0.0112664573,0.0468303334,6.85193341e-05,-0.000100820771,-0.000277653057,2495.51508,436.10767,56.796847,-514.409584,2203.8014,554.761266,-652.733176,-472.717687,13328.714,11700.0,193380.580678,6.446019356,-210.0,30000 3000,1e-06,2,0.0 0.0259,0.0 0.0,-1.0 0.0,0.00054857 28.0,30000,1000,0,0.0,0.0 0.0 0.0,1000 1000000 0,0,0.0,0,100,0,,70,,1,,,10,1.0,10.0,0.1,True,{},,,False,3,mixed,250,300,True,Ar_Aubin,,False,uniform,Argon_Aubin_Model3-test/70Td,3.0000000000000005e+21,8.122042857142858e+23,1.9255478183543218e-17,2.034174972779756e-13,2.0308884127534285e-13,2.625747025028621e-18,8.752490083428737e-19,1.3128735125143105e-18,0.0,4.376245041714368e-19,1.7504980166857473e-18,5.6891185542286785e-18,3.0633715292000576e-18,4.376245041714368e-19,1.3128735125143105e-18,2.625747025028621e-18,2.625747025028621e-18,1.0940612604285921e-17,4.813869545885805e-18,1.3128735125143105e-18,2.188122520857184e-18,2.188122520857184e-18,3.938620537542931e-18,2.625747025028621e-18,6.126743058400115e-18,1.750498016685747e-17,7.439616570914425e-18,6.5643675625715526e-18,8.096053327171582e-17,4.857631996302949e-17,4.5075323929657994e-17,0.0,2.625747025028621e-18,3.5009960333714946e-18,2.625747025028621e-18,3.763570735874357e-17,1.925547818354322e-17,2318.159120598766,2495.7932953163013,2307.0718470167617,2203.2614551285365,1142.9317510120616,1938.5944353120994,-47.12951612575204,-789.7777517036536,62141.58553108425,8.877369361583467e+23,3.098646102924314e-22,3.3868112321395595e-22
2.99597e-06,193874.0,6.46248,3e+22,-3520.32,-134.825,63982.0,4.22503,4.3239,4.35268,-0.000224621478,-0.00131724352,0.201967442,0.0114145429,0.0113710637,0.0475446745,6.36129236e-05,-0.000101265715,-0.000287792095,1581.18884,528.117826,-268.737019,-214.174682,2379.15429,-413.406506,-907.894047,855.870004,14156.5862,11800.0,193874.438156,6.462481272,-210.0,30000 3000,1e-06,2,0.0 0.0259,0.0 0.0,-1.0 0.0,0.00054857 28.0,30000,1000,0,0.0,0.0 0.0 0.0,1000 1000000 0,0,0.0,0,100,0,,70,,1,,,10,1.0,10.0,0.1,True,{},,,False,3,mixed,250,300,True,Ar_Aubin,,False,uniform,Argon_Aubin_Model3-test/70Td,3.0000000000000005e+21,9.140285714285716e+23,2.6695094754457642e-17,2.037973553475964e-13,2.034726379655012e-13,1.7504980166857473e-18,1.3128735125143105e-18,8.752490083428737e-19,0.0,8.752490083428737e-19,2.188122520857184e-18,2.625747025028621e-18,1.7504980166857473e-18,8.752490083428737e-19,2.188122520857184e-18,8.752490083428737e-19,1.7504980166857473e-18,8.752490083428736e-18,4.376245041714368e-18,1.7504980166857473e-18,8.752490083428737e-19,3.5009960333714946e-18,9.190114587600173e-18,2.188122520857184e-18,1.0940612604285921e-17,9.190114587600173e-18,7.001992066742989e-18,7.439616570914425e-18,7.570903922165858e-17,4.0261454383772186e-17,4.420007492131512e-17,0.0,5.251494050057242e-18,2.625747025028621e-18,1.7504980166857473e-18,4.595057293800087e-17,2.6695094754457645e-17,2007.1085037376233,1580.3981005185672,2057.823847356736,2378.976692642416,1164.047987594447,1234.3053259560002,-334.9925708463222,-451.26930917316383,64147.87944670214,9.163982778100309e+23,4.161492941732783e-22,4.1722820096992345e-22
3.02136e-06,194014.0,6.46713,3e+22,-3016.3,-1660.08,60862.6,4.2886,4.27515,4.34938,-0.000261680023,-0.00127893435,0.203554931,0.0115092723,0.0114415742,0.0482735568,5.62019555e-05,-0.000105644673,-0.000282326769,2411.5709,-211.978509,-834.204387,3.64915875,945.621368,608.486039,-887.446366,-50.5312049,14006.6677,11900.0,194013.801912,6.46712673,-210.0,30000 3000,1e-06,2,0.0 0.0259,0.0 0.0,-1.0 0.0,0.00054857 28.0,30000,1000,0,0.0,0.0 0.0 0.0,1000 1000000 0,0,0.0,0,100,0,,70,,1,,,10,1.0,10.0,0.1,True,{},,,False,3,mixed,250,300,True,Ar_Aubin,,False,uniform,Argon_Aubin_Model3-test/70Td,3.0000000000000005e+21,8.694657142857145e+23,2.406934772942902e-17,2.0419909464242578e-13,2.038665000192555e-13,1.3128735125143105e-18,4.376245041714368e-19,1.7504980166857473e-18,0.0,4.376245041714368e-19,8.752490083428737e-19,1.3128735125143105e-18,3.938620537542931e-18,4.376245041714368e-19,1.3128735125143105e-18,4.376245041714368e-19,2.188122520857184e-18,1.0940612604285921e-17,6.126743058400115e-18,1.7504980166857473e-18,1.3128735125143105e-18,2.625747025028621e-18,8.752490083428736e-18,1.3128735125143105e-18,1.0065363595943046e-17,1.3566359629314541e-17,9.190114587600173e-18,7.877241075085862e-18,8.358628029674444e-17,4.3762450417143685e-17,4.945156897137237e-17,0.0,1.7504980166857473e-18,4.813869545885805e-18,2.625747025028621e-18,3.457233582954351e-17,2.4069347729429023e-17,1865.1609000130095,2410.7815945466255,1390.5291422348562,943.498234664252,1676.2767749117697,1617.7853565194,138.6818105021009,-1091.74148805686,62525.1677852348,8.932166826462116e+23,3.8495454841646904e-22,3.9547025150797075e-22
3.04675e-06,194142.0,6.47139,3e+22,111.212,-8412.77,59169.2,4.30489,4.26638,4.35121,-0.000263883352,-0.00129797209,0.20516729,0.0115990171,0.0115120029,0.0489833284,5.26963929e-05,-0.000117689394,-0.000275560173,1250.11562,-260.20706,33.4803348,631.253059,914.484939,-44.9048622,-70.1900045,-1758.02031,13247.5691,12000.0,194141.80496,6.471393499,-210.0,30000 3000,1e-06,2,0.0 0.0259,0.0 0.0,-1.0 0.0,0.00054857 28.0,30000,1000,0,0.0,0.0 0.0 0.0,1000 1000000 0,0,0.0,0,100,0,,70,,1,,,10,1.0,10.0,0.1,True,{},,,False,3,mixed,250,300,True,Ar_Aubin,,False,uniform,Argon_Aubin_Model3-test/70Td,3.0000000000000005e+21,8.452742857142858e+23,1.881785367937178e-17,2.0405073993551166e-13,2.0371508194081216e-13,3.938620537542931e-18,4.376245041714368e-19,1.3128735125143105e-18,0.0,4.376245041714368e-19,2.625747025028621e-18,3.0633715292000576e-18,3.5009960333714946e-18,0.0,3.5009960333714946e-18,1.3128735125143105e-18,3.0633715292000576e-18,1.4441608637657416e-17,3.0633715292000576e-18,1.7504980166857473e-18,2.188122520857184e-18,2.625747025028621e-18,6.126743058400115e-18,3.0633715292000576e-18,1.0940612604285921e-17,9.62773909177161e-18,8.3148655792573e-18,6.5643675625715526e-18,8.271103128840156e-17,4.5075323929657994e-17,3.938620537542932e-17,0.0,1.7504980166857473e-18,6.5643675625715526e-18,6.126743058400115e-18,4.332482591297225e-17,1.8817853679371784e-17,1767.3307576916072,1250.1449669953427,1385.9935076801373,903.5653983404108,999.7134352383246,1107.9846845320008,-439.97336783121136,-43.9129675243216,63504.70271292213,9.072100387560305e+23,2.9632220726139494e-22,3.1803461394394013e-22
3.07214e-06,193955.0,6.46518,3e+22,-4830.66,-1291.84,62877.0,4.2905,4.30166,4.31557,-0.000293434883,-0.00131700952,0.206772,0.0116804029,0.0115974141,0.0496952612,6.41585797e-05,-0.000111245896,-0.000282636996,1396.74507,-316.526454,1007.73147,-397.646108,1837.44971,-59.5865731,-1949.87274,-430.852293,14842.783,12100.0,193955.310902,6.46517703,-210.0,30000 3000,1e-06,2,0.0 0.0259,0.0 0.0,-1.0 0.0,0.00054857 28.0,30000,1000,0,0.0,0.0 0.0 0.0,1000 1000000 0,0,0.0,0,100,0,,70,,1,,,10,1.0,10.0,0.1,True,{},,,False,3,mixed,250,300,True,Ar_Aubin,,False,uniform,Argon_Aubin_Model3-test/70Td,3.0000000000000005e+21,8.982428571428574e+23,1.881785367937178e-17,2.042411065948262e-13,2.0389319511400995e-13,3.938620537542931e-18,0.0,1.3128735125143105e-18,0.0,0.0,1.3128735125143105e-18,4.813869545885805e-18,3.938620537542931e-18,8.752490083428737e-19,1.7504980166857473e-18,3.5009960333714946e-18,2.625747025028621e-18,1.0065363595943046e-17,5.251494050057242e-18,8.752490083428737e-19,1.3128735125143105e-18,2.625747025028621e-18,7.877241075085862e-18,8.752490083428737e-19,1.2691110620971668e-17,1.225348611680023e-17,1.0940612604285921e-17,5.251494050057242e-18,9.058827236348742e-17,4.770107095468661e-17,5.0326817979715237e-17,0.0,1.7504980166857473e-18,2.625747025028621e-18,1.3128735125143105e-18,4.0699078887943626e-17,1.8817853679371784e-17,1602.4145790579964,1395.3275858480872,1681.0311598183391,1835.7483444216832,1002.1761261323234,1841.5799559999996,511.12988868355256,75.15426465839096,63203.43762800553,9.029062518286505e+23,2.9773465472127364e-22,2.992803995001635e-22
3.09753e-06,194036.0,6.46786,3e+22,-1472.52,1555.65,60698.0,4.29469,4.31526,4.30479,-0.000345088993,-0.00138600043,0.208415845,0.0117730786,0.0116886922,0.0504400342,5.91868987e-05,-0.000120131505,-0.00029822874,1961.13535,213.551485,451.885369,447.072576,1416.79158,498.565126,48.8348745,427.898588,12845.1667,12200.0,194035.709728,6.467856991,-210.0,30000 3000,1e-06,2,0.0 0.0259,0.0 0.0,-1.0 0.0,0.00054857 28.0,30000,1000,0,0.0,0.0 0.0 0.0,1000 1000000 0,0,0.0,0,100,0,,70,,1,,,10,1.0,10.0,0.1,True,{},,,False,3,mixed,250,300,True,Ar_Aubin,,False,uniform,Argon_Aubin_Model3-test/70Td,3.0000000000000005e+21,8.671142857142859e+23,2.3631723225257586e-17,2.0411025686807898e-13,2.0376497113428773e-13,3.0633715292000576e-18,8.752490083428737e-19,8.752490083428737e-19,0.0,8.752490083428737e-19,2.625747025028621e-18,4.376245041714368e-18,3.5009960333714946e-18,8.752490083428737e-19,2.625747025028621e-18,1.3128735125143105e-18,2.625747025028621e-18,1.0065363595943046e-17,5.251494050057242e-18,8.752490083428737e-19,4.376245041714368e-19,3.0633715292000576e-18,8.752490083428736e-18,1.7504980166857473e-18,9.62773909177161e-18,8.752490083428736e-18,7.877241075085862e-18,3.938620537542931e-18,8.402390480091587e-17,5.557831202977248e-17,4.595057293800087e-17,0.0,2.625747025028621e-18,6.126743058400115e-18,1.7504980166857473e-18,4.1574327896286495e-17,2.363172322525759e-17,1824.4225513098436,1960.6271995560276,1793.8765652828547,1418.9477115689297,1226.260692094125,194.7417401900002,93.0415386070703,828.562955276514,64744.81677537169,9.249259539338815e+23,3.649979164702319e-22,3.893328153358856e-22
3.12291e-06,193353.0,6.44509,3e+22,4611.94,-2853.81,58020.1,4.31393,4.28738,4.26956,-0.000331226129,-0.00143622311,0.209905583,0.0118656224,0.0117947464,0.0511073297,7.39277024e-05,-0.000116652604,-0.000314937601,2161.81775,512.520978,229.360719,482.670249,2233.20628,-531.056715,1456.10611,-1210.90344,13120.1592,12300.0,193352.632529,6.445087751,-210.0,30000 3000,1e-06,2,0.0 0.0259,0.0 0.0,-1.0 0.0,0.00054857 28.0,30000,1000,0,0.0,0.0 0.0 0.0,1000 1000000 0,0,0.0,0,100,0,,70,,1,,,10,1.0,10.0,0.1,True,{},,,False,3,mixed,250,300,True,Ar_Aubin,,False,uniform,Argon_Aubin_Model3-test/70Td,3.0000000000000005e+21,8.288585714285715e+23,2.275647421691471e-17,2.0379823059660473e-13,2.0346082210388855e-13,3.0633715292000576e-18,3.5009960333714946e-18,1.3128735125143105e-18,0.0,4.376245041714368e-19,2.625747025028621e-18,3.0633715292000576e-18,4.376245041714368e-19,1.3128735125143105e-18,2.625747025028621e-18,1.7504980166857473e-18,4.813869545885805e-18,1.1815861612628794e-17,3.938620537542931e-18,2.188122520857184e-18,8.752490083428737e-19,2.625747025028621e-18,6.5643675625715526e-18,1.3128735125143105e-18,9.62773909177161e-18,1.0940612604285921e-17,8.3148655792573e-18,6.126743058400115e-18,7.48337902133157e-17,4.945156897137237e-17,4.857631996302949e-17,0.0,4.376245041714368e-18,5.6891185542286785e-18,4.813869545885805e-18,3.763570735874357e-17,2.2756474216914714e-17,1822.6591924361992,2163.3453450333805,2085.744957980087,2229.1075721264506,868.5873840890006,941.4162837817003,42.65922410294422,736.612647666173,58675.126823582024,8.382160974797434e+23,3.878385177647148e-22,3.9221708023451723e-22
3.1483e-06,192877.0,6.42922,3e+22,-704.658,-6579.77,48879.6,4.26625,4.2691,4.30925,-0.000384351944,-0.00140037649,0.211450711,0.0119600686,0.0118926488,0.0518121972,8.24998546e-05,-0.00011616216,-0.000312409629,2438.26701,-1187.83693,-559.170785,-586.447883,1911.31961,-561.846469,-501.688131,-1751.18947,11340.8875,12400.0,192876.504679,6.429216823,-210.0,30000 3000,1e-06,2,0.0 0.0259,0.0 0.0,-1.0 0.0,0.00054857 28.0,30000,1000,0,0.0,0.0 0.0 0.0,1000 1000000 0,0,0.0,0,100,0,,70,,1,,,10,1.0,10.0,0.1,True,{},,,False,3,mixed,250,300,True,Ar_Aubin,,False,uniform,Argon_Aubin_Model3-test/70Td,3.0000000000000005e+21,6.9828e+23,2.4506972233600458e-17,2.0355359849877292e-13,2.0321181376101504e-13,3.938620537542931e-18,1.3128735125143105e-18,4.376245041714368e-19,0.0,4.376245041714368e-19,3.0633715292000576e-18,1.7504980166857473e-18,3.938620537542931e-18,8.752490083428737e-19,1.3128735125143105e-18,8.752490083428737e-19,3.0633715292000576e-18,1.1378237108457357e-17,7.439616570914425e-18,1.3128735125143105e-18,3.0633715292000576e-18,3.0633715292000576e-18,6.126743058400115e-18,1.7504980166857473e-18,7.877241075085862e-18,1.1378237108457357e-17,9.190114587600173e-18,7.001992066742989e-18,9.058827236348742e-17,4.0261454383772186e-17,4.463769942548656e-17,0.0,3.938620537542931e-18,3.5009960333714946e-18,2.625747025028621e-18,4.113670339211506e-17,2.450697223360046e-17,1859.1900686044157,2437.996173327845,1930.0044606443994,1902.1054547823926,1059.8452154497031,1005.2613266044009,481.91866435288426,-893.0715116062197,60856.7287393266,8.693818391332373e+23,4.0269946711354627e-22,5.013742386108e-22
3.17369e-06,193024.0,6.43413,3e+22,4725.11,1267.3,60443.1,4.2499,4.28038,4.31707,-0.000423836661,-0.00134485024,0.212938702,0.0120691104,0.0119924263,0.0525038358,7.62955627e-05,-0.000129780489,-0.000300938481,2495.73591,550.132789,189.133885,47.2404771,1628.10802,153.14494,1749.46477,32.9603985,12994.2806,12500.0,193023.798104,6.434126603,-210.0,30000 3000,1e-06,2,0.0 0.0259,0.0 0.0,-1.0 0.0,0.00054857 28.0,30000,1000,0,0.0,0.0 0.0 0.0,1000 1000000 0,0,0.0,0,100,0,,70,,1,,,10,1.0,10.0,0.1,True,{},,,False,3,mixed,250,300,True,Ar_Aubin,,False,uniform,Argon_Aubin_Model3-test/70Td,3.0000000000000005e+21,8.634728571428572e+23,1.9693102687714655e-17,2.034862043251305e-13,2.0317724142518549e-13,2.625747025028621e-18,4.376245041714368e-19,1.3128735125143105e-18,0.0,0.0,8.752490083428737e-19,1.3128735125143105e-18,3.5009960333714946e-18,4.376245041714368e-19,2.625747025028621e-18,1.7504980166857473e-18,4.813869545885805e-18,8.3148655792573e-18,4.813869545885805e-18,2.188122520857184e-18,0.0,3.0633715292000576e-18,3.5009960333714946e-18,8.752490083428737e-19,1.3566359629314541e-17,8.752490083428736e-18,7.877241075085862e-18,7.439616570914425e-18,7.745953723834432e-17,3.500996033371494e-17,4.463769942548656e-17,4.376245041714368e-19,3.5009960333714946e-18,4.376245041714368e-18,3.5009960333714946e-18,4.0261454383772186e-17,1.969310268771466e-17,2146.742936116499,2497.7385848452577,1967.9304153219255,1629.8123487091518,1184.5592872814225,123.60534114380062,-182.6965521189051,958.0578664772692,58606.3191227902,8.372331303255744e+23,3.3602353777677554e-22,3.2581225462814873e-22
3.19908e-06,193228.0,6.44093,3e+22,-6614.9,-2003.93,50725.1,4.26244,4.29566,4.30886,-0.000382381339,-0.00133063206,0.214509696,0.0121655342,0.0121029093,0.0532432589,7.09388878e-05,-0.000124378339,-0.000302937468,1514.8765,63.9226269,289.301783,-268.479036,1296.24789,93.4873055,-1669.378,0.370704933,11941.7671,12600.0,193227.863324,6.440928777,-210.0,30000 3000,1e-06,2,0.0 0.0259,0.0 0.0,-1.0 0.0,0.00054857 28.0,30000,1000,0,0.0,0.0 0.0 0.0,1000 1000000 0,0,0.0,0,100,0,,70,,1,,,10,1.0,10.0,0.1,True,{},,,False,3,mixed,250,300,True,Ar_Aubin,,False,uniform,Argon_Aubin_Model3-test/70Td,3.0000000000000005e+21,7.246442857142859e+23,2.3631723225257586e-17,2.0377853749391702e-13,2.0345294486281348e-13,3.938620537542931e-18,1.3128735125143105e-18,8.752490083428737e-19,0.0,8.752490083428737e-19,1.7504980166857473e-18,3.938620537542931e-18,3.0633715292000576e-18,0.0,1.3128735125143105e-18,2.188122520857184e-18,2.625747025028621e-18,8.3148655792573e-18,3.938620537542931e-18,1.7504980166857473e-18,4.376245041714368e-19,1.7504980166857473e-18,5.251494050057242e-18,3.938620537542931e-18,1.1378237108457357e-17,7.439616570914425e-18,6.5643675625715526e-18,7.877241075085862e-18,8.79625253384588e-17,4.288720140880081e-17,4.3762450417143685e-17,0.0,1.7504980166857473e-18,5.251494050057242e-18,2.625747025028621e-18,3.7198082854572133e-17,2.363172322525759e-17,1899.5419783453456,1512.347085680649,2176.502199501543,1293.5813964960043,1337.2450025283526,1060.741319430399,-111.24923860128094,58.280302729308914,61875.49232756689,8.839356046795272e+23,3.819238011093632e-22,4.658782974357386e-22
3.22447e-06,192609.0,6.42031,3e+22,-1631.93,-1256.02,55255.5,4.29896,4.23548,4.2888,-0.00033609711,-0.0012971062,0.216037405,0.0122587767,0.012186672,0.053957964,6.55865172e-05,-9.4019111e-05,-0.000296226937,1158.06368,175.257365,-433.622889,450.466377,2017.6713,-298.096649,-541.327382,-573.224677,13006.0778,12700.0,192609.339553,6.420311318,-210.0,30000 3000,1e-06,2,0.0 0.0259,0.0 0.0,-1.0 0.0,0.00054857 28.0,30000,1000,0,0.0,0.0 0.0 0.0,1000 1000000 0,0,0.0,0,100,0,,70,,1,,,10,1.0,10.0,0.1,True,{},,,False,3,mixed,250,300,True,Ar_Aubin,,False,uniform,Argon_Aubin_Model3-test/70Td,3.0000000000000005e+21,7.893642857142858e+23,2.406934772942902e-17,2.032061246424608e-13,2.028599636596612e-13,3.5009960333714946e-18,8.752490083428737e-19,0.0,0.0,4.376245041714368e-19,2.188122520857184e-18,2.625747025028621e-18,2.625747025028621e-18,0.0,1.3128735125143105e-18,2.625747025028621e-18,1.3128735125143105e-18,1.1378237108457357e-17,8.752490083428737e-19,0.0,2.625747025028621e-18,3.0633715292000576e-18,9.62773909177161e-18,2.188122520857184e-18,1.2691110620971668e-17,1.0502988100114484e-17,5.251494050057242e-18,7.439616570914425e-18,9.190114587600174e-17,4.8138695458858047e-17,5.076444248388667e-17,4.376245041714368e-19,4.376245041714368e-18,4.376245041714368e-18,3.0633715292000576e-18,3.588520934205782e-17,2.4069347729429023e-17,1836.8890061494544,1157.5151930432776,1651.282359411388,2016.042108670676,1121.6092194913508,1068.8229680224995,824.9153467339613,-603.8211347967449,60170.66042789127,8.595808632555897e+23,4.000180080834215e-22,4.356009398056124e-22
3.24986e-06,192869.0,6.42896,3e+22,-3974.95,4290.59,61676.0,4.25686,4.30952,4.26972,-0.000314039866,-0.001323742,0.217592343,0.0123528103,0.0122929259,0.0546751473,5.96644329e-05,-8.39096239e-05,-0.000300646588,1339.95601,-537.889331,-243.335933,-733.714004,2513.32298,23.6059134,-1419.70576,24.7302038,14428.9965,12800.0,192868.854552,6.428961818,-210.0,30000 3000,1e-06,2,0.0 0.0259,0.0 0.0,-1.0 0.0,0.00054857 28.0,30000,1000,0,0.0,0.0 0.0 0.0,1000 1000000 0,0,0.0,0,100,0,,70,,1,,,10,1.0,10.0,0.1,True,{},,,False,3,mixed,250,300,True,Ar_Aubin,,False,uniform,Argon_Aubin_Model3-test/70Td,3.0000000000000005e+21,8.810857142857145e+23,2.188122520857184e-17,2.023400657487055e-13,2.0201928698714784e-13,3.938620537542931e-18,1.3128735125143105e-18,4.376245041714368e-19,0.0,4.376245041714368e-19,1.7504980166857473e-18,3.0633715292000576e-18,3.938620537542931e-18,0.0,1.7504980166857473e-18,1.3128735125143105e-18,3.5009960333714946e-18,9.62773909177161e-18,5.251494050057242e-18,8.752490083428737e-19,8.752490083428737e-19,2.188122520857184e-18,5.6891185542286785e-18,1.3128735125143105e-18,8.752490083428736e-18,8.752490083428736e-18,5.251494050057242e-18,7.877241075085862e-18,7.614666372583002e-17,4.770107095468661e-17,4.8138695458858047e-17,0.0,2.188122520857184e-18,7.001992066742989e-18,2.188122520857184e-18,3.763570735874357e-17,2.1881225208571842e-17,1852.095744515725,1338.7077172346435,2091.0942199072115,2519.0026141877797,845.1477554662192,1008.7711531320001,229.72437005492415,-778.7542864167342,61243.10741405952,8.749015344865648e+23,3.5728469916842572e-22,3.5477698308210387e-22
3.27525e-06,192470.0,6.41567,3e+22,2551.63,-1289.53,66940.3,4.2801,4.26515,4.26057,-0.00031212532,-0.00136763446,0.219208282,0.0124619285,0.0123934942,0.0554491689,4.86362465e-05,-8.94889314e-05,-0.000311040788,1695.01105,-486.701998,-516.30715,-143.707176,2351.32451,-47.750175,217.669393,242.550165,16181.0723,12900.0,192470.098963,6.415669965,-210.0,30000 3000,1e-06,2,0.0 0.0259,0.0 0.0,-1.0 0.0,0.00054857 28.0,30000,1000,0,0.0,0.0 0.0 0.0,1000 1000000 0,0,0.0,0,100,0,,70,,1,,,10,1.0,10.0,0.1,True,{},,,False,3,mixed,250,300,True,Ar_Aubin,,False,uniform,Argon_Aubin_Model3-test/70Td,3.0000000000000005e+21,9.562900000000002e+23,2.3631723225257586e-17,2.0265165439567556e-13,2.0229674092279256e-13,1.3128735125143105e-18,8.752490083428737e-19,2.188122520857184e-18,0.0,0.0,3.5009960333714946e-18,3.938620537542931e-18,2.188122520857184e-18,8.752490083428737e-19,4.376245041714368e-19,3.0633715292000576e-18,2.188122520857184e-18,8.752490083428736e-18,5.251494050057242e-18,2.188122520857184e-18,1.3128735125143105e-18,2.625747025028621e-18,7.001992066742989e-18,4.376245041714368e-18,1.1815861612628794e-17,1.0940612604285921e-17,1.0940612604285921e-17,8.3148655792573e-18,8.79625253384588e-17,4.2011952400457935e-17,5.163969149222954e-17,4.376245041714368e-19,3.5009960333714946e-18,5.251494050057242e-18,2.188122520857184e-18,4.420007492131512e-17,2.363172322525759e-17,2148.89952622438,1695.8074783302716,1978.1754904840238,2349.5609043347963,1342.644918354876,1507.2041404353986,-216.29023586215607,-837.082423041264,63645.70532816629,9.09224361830947e+23,3.7130114441200813e-22,3.530268496743753e-22
3.30064e-06,193178.0,6.43928,3e+22,4451.43,1042.44,60847.3,4.2768,4.30254,4.27804,-0.000414791091,-0.00134746094,0.220836466,0.0125620461,0.0125023907,0.0562307206,3.84916229e-05,-0.000110817639,-0.000309282961,1439.63455,-435.108668,-700.034429,-334.116016,1566.25459,-236.67894,392.096624,51.8983683,14857.3769,13000.0,193178.283086,6.439276103,-210.0,30000 3000,1e-06,2,0.0 0.0259,0.0 0.0,-1.0 0.0,0.00054857 28.0,30000,1000,0,0.0,0.0 0.0 0.0,1000 1000000 0,0,0.0,0,100,0,,70,,1,,,10,1.0,10.0,0.1,True,{},,,False,3,mixed,250,300,True,Ar_Aubin,,False,uniform,Argon_Aubin_Model3-test/70Td,3.0000000000000005e+21,8.69247142857143e+23,2.0568351696057527e-17,2.032056870179566e-13,2.0288534588090316e-13,2.625747025028621e-18,1.7504980166857473e-18,1.3128735125143105e-18,0.0,4.376245041714368e-19,1.7504980166857473e-18,3.0633715292000576e-18,2.625747025028621e-18,4.376245041714368e-19,8.752490083428737e-19,1.7504980166857473e-18,2.625747025028621e-18,7.877241075085862e-18,7.439616570914425e-18,0.0,2.188122520857184e-18,3.938620537542931e-18,5.251494050057242e-18,3.938620537542931e-18,9.190114587600173e-18,1.0065363595943046e-17,8.3148655792573e-18,7.877241075085862e-18,7.308329219662995e-17,3.938620537542932e-17,5.0326817979715237e-17,0.0,4.813869545885805e-18,6.126743058400115e-18,3.5009960333714946e-18,3.7198082854572133e-17,2.056835169605753e-17,1970.1564925444338,1441.4809635062102,2145.588607763656,1567.6592371822935,1281.5854133653463,1420.0742023581988,72.93678903268126,-1265.736956894976,64127.98941298819,9.1611413447126e+23,3.2073907016788065e-22,3.3803228238652375e-22
3.32603e-06,193344.0,6.44481,3e+22,9455.1,165.124,52944.1,4.29094,4.32073,4.2615,-0.000401316703,-0.00139416842,0.222361902,0.0126560605,0.0126053698,0.0569781129,4.27839453e-05,-0.00011202162,-0.000332821367,2077.99789,-1286.63222,-443.168286,-125.282718,1503.24236,127.188812,2730.34099,-361.094809,12741.9917,13100.0,193344.197371,6.444806579,-210.0,30000 3000,1e-06,2,0.0 0.0259,0.0 0.0,-1.0 0.0,0.00054857 28.0,30000,1000,0,0.0,0.0 0.0 0.0,1000 1000000 0,0,0.0,0,100,0,,70,,1,,,10,1.0,10.0,0.1,True,{},,,False,3,mixed,250,300,True,Ar_Aubin,,False,uniform,Argon_Aubin_Model3-test/70Td,3.0000000000000005e+21,7.563442857142858e+23,1.7504980166857468e-17,2.034555706098385e-13,2.0313654234629755e-13,1.7504980166857473e-18,4.376245041714368e-19,8.752490083428737e-19,0.0,1.3128735125143105e-18,2.625747025028621e-18,1.3128735125143105e-18,2.625747025028621e-18,0.0,8.752490083428737e-19,1.3128735125143105e-18,3.938620537542931e-18,1.0502988100114484e-17,4.813869545885805e-18,1.3128735125143105e-18,8.752490083428737e-19,8.752490083428737e-19,7.001992066742989e-18,3.0633715292000576e-18,1.1815861612628794e-17,1.0940612604285921e-17,8.3148655792573e-18,9.190114587600173e-18,7.702191273417288e-17,4.551294843382943e-17,4.726344645051518e-17,0.0,1.7504980166857473e-18,4.813869545885805e-18,5.6891185542286785e-18,3.3697086821200634e-17,1.750498016685747e-17,1851.6517895726154,2081.7923795585352,2025.456198630567,1503.472570666184,1404.542692904991,969.2409243218008,-140.50769926565616,205.96603605510245,60081.13558307304,8.583019369010436e+23,2.913556808967711e-22,3.306313671751426e-22
3.35142e-06,192572.0,6.41905,3e+22,-2802.55,-377.081,63313.1,4.28824,4.24926,4.27777,-0.000520615691,-0.00137881995,0.22385755,0.0127332807,0.012704233,0.057694099,2.73167452e-05,-0.000135946557,-0.000339051892,964.521788,191.233576,-573.525444,-490.145787,2053.11702,612.502443,-732.6702,43.3221663,15452.9141,13200.0,192571.545042,6.419051501,-210.0,30000 3000,1e-06,2,0.0 0.0259,0.0 0.0,-1.0 0.0,0.00054857 28.0,30000,1000,0,0.0,0.0 0.0 0.0,1000 1000000 0,0,0.0,0,100,0,,70,,1,,,10,1.0,10.0,0.1,True,{},,,False,3,mixed,250,300,True,Ar_Aubin,,False,uniform,Argon_Aubin_Model3-test/70Td,3.0000000000000005e+21,9.044728571428573e+23,3.019609078782914e-17,2.0305339369050494e-13,2.0271204657725123e-13,2.625747025028621e-18,1.3128735125143105e-18,4.376245041714368e-19,0.0,0.0,3.5009960333714946e-18,3.0633715292000576e-18,4.376245041714368e-18,4.376245041714368e-19,2.188122520857184e-18,1.7504980166857473e-18,2.625747025028621e-18,6.5643675625715526e-18,3.5009960333714946e-18,8.752490083428737e-19,1.7504980166857473e-18,3.0633715292000576e-18,5.6891185542286785e-18,2.188122520857184e-18,9.190114587600173e-18,8.3148655792573e-18,9.62773909177161e-18,7.001992066742989e-18,8.752490083428737e-17,4.3762450417143685e-17,4.98891934755438e-17,0.0,2.625747025028621e-18,3.5009960333714946e-18,1.7504980166857473e-18,4.2011952400457935e-17,3.019609078782914e-17,1518.5393704192156,963.062736495188,1947.7613103161802,2052.5970931944344,957.0625188090698,1279.7986510950013,133.1754220376822,-645.8618739416478,58907.899297349635,8.415414185335664e+23,5.12598329731777e-22,4.769327483226874e-22
3.37681e-06,192532.0,6.41774,3e+22,-610.727,-745.417,53279.8,4.23366,4.32252,4.26315,-0.000594269647,-0.00133348601,0.225330791,0.0128332406,0.0127991032,0.0584240163,1.97544663e-05,-0.000152449881,-0.000324576231,1822.55275,-203.614523,-165.677817,-340.502101,2177.12052,-259.310407,-674.617296,171.646346,13218.748,13300.0,192532.153116,6.417738437,-210.0,30000 3000,1e-06,2,0.0 0.0259,0.0 0.0,-1.0 0.0,0.00054857 28.0,30000,1000,0,0.0,0.0 0.0 0.0,1000 1000000 0,0,0.0,0,100,0,,70,,1,,,10,1.0,10.0,0.1,True,{},,,False,3,mixed,250,300,True,Ar_Aubin,,False,uniform,Argon_Aubin_Model3-test/70Td,3.0000000000000005e+21,7.611400000000002e+23,1.5754482150171725e-17,2.0259082458959573e-13,2.0227485969758401e-13,4.813869545885805e-18,8.752490083428737e-19,8.752490083428737e-19,0.0,4.376245041714368e-19,3.0633715292000576e-18,3.0633715292000576e-18,2.625747025028621e-18,1.3128735125143105e-18,8.752490083428737e-19,8.752490083428737e-19,3.5009960333714946e-18,7.439616570914425e-18,3.0633715292000576e-18,2.188122520857184e-18,8.752490083428737e-19,2.188122520857184e-18,7.439616570914425e-18,2.625747025028621e-18,1.1378237108457357e-17,1.0065363595943046e-17,7.001992066742989e-18,7.439616570914425e-18,8.66496518259445e-17,4.0261454383772186e-17,4.857631996302949e-17,0.0,1.7504980166857473e-18,3.938620537542931e-18,1.3128735125143105e-18,3.3697086821200634e-17,1.5754482150171725e-17,1966.9034621335122,1822.1898134812966,1870.7100449721981,2176.126516858884,1342.175916847981,1213.1685216781989,33.87893259380833,-671.0169470667124,58025.3725935034,8.289338941929059e+23,2.7151022812967886e-22,2.956933425082625e-22
3.4022e-06,192221.0,6.40738,3e+22,162.605,-8902.54,50721.3,4.27725,4.25961,4.26282,-0.000570909982,-0.00140967669,0.22690887,0.0129370558,0.0128898692,0.0591994997,3.207352e-05,-0.000158700353,-0.000350889629,2542.38173,1006.08981,886.708188,214.106007,2140.31585,-303.09599,137.341572,-2749.78061,11769.4875,13400.0,192221.344041,6.407378135,-210.0,30000 3000,1e-06,2,0.0 0.0259,0.0 0.0,-1.0 0.0,0.00054857 28.0,30000,1000,0,0.0,0.0 0.0 0.0,1000 1000000 0,0,0.0,0,100,0,,70,,1,,,10,1.0,10.0,0.1,True,{},,,False,3,mixed,250,300,True,Ar_Aubin,,False,uniform,Argon_Aubin_Model3-test/70Td,3.0000000000000005e+21,7.245900000000002e+23,2.319409872108615e-17,2.0266915937584243e-13,2.0232387364205118e-13,1.3128735125143105e-18,8.752490083428737e-19,4.376245041714368e-19,0.0,0.0,3.0633715292000576e-18,4.813869545885805e-18,4.376245041714368e-18,8.752490083428737e-19,3.0633715292000576e-18,2.188122520857184e-18,1.7504980166857473e-18,7.439616570914425e-18,7.001992066742989e-18,2.625747025028621e-18,1.7504980166857473e-18,1.3128735125143105e-18,8.3148655792573e-18,1.3128735125143105e-18,9.190114587600173e-18,1.0940612604285921e-17,8.752490083428736e-18,8.3148655792573e-18,8.358628029674444e-17,5.2952565004743855e-17,4.682582194634374e-17,0.0,4.376245041714368e-18,1.7504980166857473e-18,2.188122520857184e-18,4.0699078887943626e-17,2.3194098721086152e-17,2044.9794050673886,2542.4745628176233,1783.3482325151758,2127.7661468802075,1217.299366842724,260.37463206899884,-418.01299502396495,1016.1105396636666,62154.5435926525,8.879220513236073e+23,3.731681930301874e-22,4.572851784375824e-22
3.42759e-06,192679.0,6.42263,3e+22,-700.188,1015.15,53912.9,4.29134,4.2695,4.26789,-0.000530829123,-0.00148803747,0.228528187,0.0130402138,0.012970501,0.0599910304,3.07150039e-05,-0.000146403312,-0.000365855266,2152.69635,494.18526,339.209208,24.3981929,2016.90672,-82.0983375,367.49822,594.879799,13335.7138,13500.0,192679.017495,6.422633916,-210.0,30000 3000,1e-06,2,0.0 0.0259,0.0 0.0,-1.0 0.0,0.00054857 28.0,30000,1000,0,0.0,0.0 0.0 0.0,1000 1000000 0,0,0.0,0,100,0,,70,,1,,,10,1.0,10.0,0.1,True,{},,,False,3,mixed,250,300,True,Ar_Aubin,,False,uniform,Argon_Aubin_Model3-test/70Td,3.0000000000000005e+21,7.701842857142858e+23,1.794260467102891e-17,2.0222978437365428e-13,2.0190331649354242e-13,1.7504980166857473e-18,1.7504980166857473e-18,8.752490083428737e-19,0.0,4.376245041714368e-19,1.7504980166857473e-18,3.0633715292000576e-18,1.7504980166857473e-18,8.752490083428737e-19,1.3128735125143105e-18,8.752490083428737e-19,1.7504980166857473e-18,1.3128735125143105e-17,3.5009960333714946e-18,2.188122520857184e-18,2.188122520857184e-18,4.376245041714368e-18,9.62773909177161e-18,4.813869545885805e-18,1.1378237108457357e-17,7.001992066742989e-18,8.3148655792573e-18,7.877241075085862e-18,8.621202732177305e-17,3.7198082854572133e-17,3.7198082854572133e-17,0.0,6.126743058400115e-18,5.251494050057242e-18,2.625747025028621e-18,4.332482591297225e-17,1.794260467102891e-17,2032.3707078828286,2152.324669818025,1583.418660754942,2018.4173012376705,1064.0918165299777,1015.0965070876991,159.9835837764144,895.3386596245425,63778.751929923324,9.111250275703334e+23,2.8132574138081727e-22,3.328072626593804e-22
3.45298e-06,193263.0,6.4421,3e+22,-3263.31,3083.61,55587.6,4.32466,4.2703,4.27157,-0.000556531864,-0.0014158975,0.230119171,0.0131282749,0.0130650943,0.0607701938,3.28369163e-05,-0.000144457446,-0.00035097764,1495.54315,-109.748256,-498.957762,-804.660363,1328.98406,322.480178,-14.5858726,314.53779,13070.1907,13600.0,193263.075134,6.442102504,-210.0,30000 3000,1e-06,2,0.0 0.0259,0.0 0.0,-1.0 0.0,0.00054857 28.0,30000,1000,0,0.0,0.0 0.0 0.0,1000 1000000 0,0,0.0,0,100,0,,70,,1,,,10,1.0,10.0,0.1,True,{},,,False,3,mixed,250,300,True,Ar_Aubin,,False,uniform,Argon_Aubin_Model3-test/70Td,3.0000000000000005e+21,7.941085714285714e+23,2.275647421691471e-17,2.0271335945076376e-13,2.023956440607353e-13,3.0633715292000576e-18,4.376245041714368e-19,1.3128735125143105e-18,0.0,1.3128735125143105e-18,3.0633715292000576e-18,2.188122520857184e-18,2.188122520857184e-18,8.752490083428737e-19,1.7504980166857473e-18,1.3128735125143105e-18,1.3128735125143105e-18,1.1815861612628794e-17,3.0633715292000576e-18,4.376245041714368e-19,1.3128735125143105e-18,1.3128735125143105e-18,4.813869545885805e-18,1.7504980166857473e-18,1.0502988100114484e-17,9.190114587600173e-18,5.251494050057242e-18,6.126743058400115e-18,7.877241075085863e-17,4.595057293800087e-17,4.901394446720092e-17,4.376245041714368e-19,2.188122520857184e-18,7.001992066742989e-18,2.625747025028621e-18,3.457233582954351e-17,2.2756474216914714e-17,1733.645899151173,1493.7270140028902,1866.961074251201,1333.350135689975,974.0758377390407,278.41827012039903,342.8608600676959,268.34282795929636,62662.82257302271,8.951831796146103e+23,3.631575036441419e-22,4.0938040528669543e-22
3.47837e-06,193439.0,6.44796,3e+22,5136.18,-3089.39,59728.3,4.32125,4.25621,4.29797,-0.000441160023,-0.00145626846,0.231663118,0.0132097043,0.0131444449,0.0615318196,3.82331381e-05,-0.000119054014,-0.000354877502,1362.12876,-109.869796,551.251274,-395.235948,784.337462,222.434624,747.572726,-247.905787,14200.3197,13700.0,193438.745807,6.447958194,-210.0,30000 3000,1e-06,2,0.0 0.0259,0.0 0.0,-1.0 0.0,0.00054857 28.0,30000,1000,0,0.0,0.0 0.0 0.0,1000 1000000 0,0,0.0,0,100,0,,70,,1,,,10,1.0,10.0,0.1,True,{},,,False,3,mixed,250,300,True,Ar_Aubin,,False,uniform,Argon_Aubin_Model3-test/70Td,3.0000000000000005e+21,8.532614285714288e+23,2.013072719188609e-17,2.0350283405628902e-13,2.0318074242121886e-13,1.7504980166857473e-18,8.752490083428737e-19,2.188122520857184e-18,0.0,1.7504980166857473e-18,0.0,3.5009960333714946e-18,3.0633715292000576e-18,8.752490083428737e-19,2.188122520857184e-18,3.5009960333714946e-18,3.0633715292000576e-18,1.0940612604285921e-17,4.376245041714368e-18,1.3128735125143105e-18,1.7504980166857473e-18,3.5009960333714946e-18,6.5643675625715526e-18,2.188122520857184e-18,9.62773909177161e-18,1.0940612604285921e-17,6.126743058400115e-18,8.3148655792573e-18,8.314865579257299e-17,4.332482591297225e-17,4.551294843382943e-17,0.0,4.813869545885805e-18,3.5009960333714946e-18,3.5009960333714946e-18,2.97584662836577e-17,2.0130727191886093e-17,1605.864321410193,1364.3946372869323,1560.3760575770452,779.8384807823605,958.2352665131527,363.47548916059895,-18.303270379724484,135.3102647925109,60810.213630777565,8.687173375825368e+23,3.310418758617455e-22,3.3703834182265507e-22
3.50376e-06,193718.0,6.45727,3e+22,5487.51,7929.3,54480.1,4.31868,4.2799,4.29857,-0.000332729085,-0.00144510809,0.233278038,0.0133006493,0.0132338953,0.0623332865,3.6566692e-05,-8.37223514e-05,-0.00034826592,1437.60321,203.919121,367.951761,442.934251,1986.89136,-1258.90679,1140.36098,2704.46347,13654.4923,13800.0,193718.196029,6.457273201,-210.0,30000 3000,1e-06,2,0.0 0.0259,0.0 0.0,-1.0 0.0,0.00054857 28.0,30000,1000,0,0.0,0.0 0.0 0.0,1000 1000000 0,0,0.0,0,100,0,,70,,1,,,10,1.0,10.0,0.1,True,{},,,False,3,mixed,250,300,True,Ar_Aubin,,False,uniform,Argon_Aubin_Model3-test/70Td,3.0000000000000005e+21,7.78287142857143e+23,2.1005976200228965e-17,2.0412907472175834e-13,2.0379691772309224e-13,4.813869545885805e-18,4.376245041714368e-19,0.0,0.0,4.376245041714368e-19,2.625747025028621e-18,5.6891185542286785e-18,2.625747025028621e-18,4.376245041714368e-19,1.3128735125143105e-18,3.0633715292000576e-18,2.625747025028621e-18,1.1378237108457357e-17,2.625747025028621e-18,1.3128735125143105e-18,1.7504980166857473e-18,4.376245041714368e-19,4.376245041714368e-18,2.188122520857184e-18,6.5643675625715526e-18,1.2691110620971668e-17,7.439616570914425e-18,8.3148655792573e-18,8.314865579257299e-17,4.1574327896286495e-17,4.945156897137237e-17,0.0,4.813869545885805e-18,4.376245041714368e-18,1.7504980166857473e-18,4.288720140880081e-17,2.1005976200228968e-17,1792.6417415376432,1439.4290641812283,1762.1935839045586,1998.350055578037,996.9461581215828,945.4814619562003,423.38375827911955,246.32428851832833,63605.57078488798,9.086510112126856e+23,3.3025371741840834e-22,3.855715426408719e-22
3.52915e-06,193835.0,6.46115,3e+22,-3283.08,-2356.17,59163.9,4.25281,4.27227,4.37724,-0.000353223724,-0.00129917349,0.234868452,0.0133905139,0.0133036618,0.0631407596,4.20076388e-05,-8.33733939e-05,-0.000316158917,494.831608,-393.188864,273.233755,1113.72487,1592.69381,-716.616464,-147.939001,-878.718985,13981.9353,13900.0,193834.578462,6.461152615,-210.0,30000 3000,1e-06,2,0.0 0.0259,0.0 0.0,-1.0 0.0,0.00054857 28.0,30000,1000,0,0.0,0.0 0.0 0.0,1000 1000000 0,0,0.0,0,100,0,,70,,1,,,10,1.0,10.0,0.1,True,{},,,False,3,mixed,250,300,True,Ar_Aubin,,False,uniform,Argon_Aubin_Model3-test/70Td,3.0000000000000005e+21,8.451985714285716e+23,1.9693102687714655e-17,2.0433738398574397e-13,2.0400347648906117e-13,2.188122520857184e-18,1.7504980166857473e-18,4.376245041714368e-19,0.0,8.752490083428737e-19,8.752490083428737e-19,3.0633715292000576e-18,1.7504980166857473e-18,8.752490083428737e-19,4.376245041714368e-19,1.3128735125143105e-18,2.625747025028621e-18,7.001992066742989e-18,3.938620537542931e-18,2.188122520857184e-18,2.625747025028621e-18,2.625747025028621e-18,9.190114587600173e-18,1.7504980166857473e-18,9.190114587600173e-18,1.1378237108457357e-17,1.0502988100114484e-17,7.877241075085862e-18,8.096053327171582e-17,4.726344645051518e-17,4.945156897137237e-17,0.0,4.376245041714368e-18,3.5009960333714946e-18,3.5009960333714946e-18,4.0699078887943626e-17,1.969310268771466e-17,1769.4359431580167,493.6719462562101,1381.805653390874,1589.6327363980668,1239.2154317737825,86.20169271719897,224.17362350017368,917.2847644765236,62640.37243595851,8.94862463370836e+23,3.1438355044661087e-22,3.3285673675526214e-22
3.55454e-06,193390.0,6.44632,3e+22,3915.58,2241.87,50371.3,4.30507,4.2497,4.32332,-0.000360135806,-0.00130260272,0.236395093,0.0134827076,0.0133983716,0.0639167315,4.78531209e-05,-7.70241024e-05,-0.000320118189,1586.13326,-52.3206865,276.837651,-222.499463,1745.78854,-384.067775,1368.56343,87.1080845,12966.7226,14000.0,193389.537835,6.446317928,-210.0,30000 3000,1e-06,2,0.0 0.0259,0.0 0.0,-1.0 0.0,0.00054857 28.0,30000,1000,0,0.0,0.0 0.0 0.0,1000 1000000 0,0,0.0,0,100,0,,70,,1,,,10,1.0,10.0,0.1,True,{},,,False,3,mixed,250,300,True,Ar_Aubin,,False,uniform,Argon_Aubin_Model3-test/70Td,3.0000000000000005e+21,7.195900000000002e+23,2.5382221241943332e-17,2.0360830156179435e-13,2.0327176831808652e-13,8.752490083428737e-19,0.0,2.625747025028621e-18,0.0,8.752490083428737e-19,2.625747025028621e-18,2.188122520857184e-18,3.5009960333714946e-18,8.752490083428737e-19,3.5009960333714946e-18,2.625747025028621e-18,2.625747025028621e-18,1.1378237108457357e-17,2.188122520857184e-18,2.188122520857184e-18,1.7504980166857473e-18,3.0633715292000576e-18,4.813869545885805e-18,3.5009960333714946e-18,1.1378237108457357e-17,1.3128735125143105e-17,6.126743058400115e-18,7.877241075085862e-18,9.365164389268747e-17,3.632283384622925e-17,4.0699078887943626e-17,0.0,3.0633715292000576e-18,5.6891185542286785e-18,2.625747025028621e-18,3.938620537542932e-17,2.5382221241943336e-17,1815.4828985181434,1587.5434005592576,1864.954113317412,1748.7088059598864,1113.0866653602884,1059.1944519690987,335.66970674783016,737.9176914758278,60128.59596055059,8.5897994229358e+23,4.2213227893423956e-22,5.039024452802157e-22
3.57993e-06,192830.0,6.42765,3e+22,-6057.64,-4482.37,70510.8,4.25848,4.26021,4.30802,-0.000352400178,-0.00132780859,0.237908906,0.013590754,0.0135007959,0.0647027539,4.66315128e-05,-8.35796253e-05,-0.000318263604,2536.09197,-1076.58589,180.309345,511.282529,1940.56137,243.55987,-756.400238,-1856.23945,17764.5222,14100.0,192829.639544,6.427654651,-210.0,30000 3000,1e-06,2,0.0 0.0259,0.0 0.0,-1.0 0.0,0.00054857 28.0,30000,1000,0,0.0,0.0 0.0 0.0,1000 1000000 0,0,0.0,0,100,0,,70,,1,,,10,1.0,10.0,0.1,True,{},,,False,3,mixed,250,300,True,Ar_Aubin,,False,uniform,Argon_Aubin_Model3-test/70Td,3.0000000000000005e+21,1.0072971428571431e+24,2.2318849712743277e-17,2.0290722710611168e-13,2.0256894336438718e-13,2.188122520857184e-18,1.3128735125143105e-18,4.376245041714368e-19,0.0,0.0,2.625747025028621e-18,3.938620537542931e-18,4.813869545885805e-18,0.0,8.752490083428737e-19,3.0633715292000576e-18,2.625747025028621e-18,1.5754482150171725e-17,6.126743058400115e-18,1.7504980166857473e-18,2.188122520857184e-18,4.376245041714368e-18,7.439616570914425e-18,8.752490083428737e-19,9.62773909177161e-18,1.4003984133485978e-17,7.439616570914425e-18,5.6891185542286785e-18,7.83347862466872e-17,4.2011952400457935e-17,4.98891934755438e-17,0.0,2.188122520857184e-18,6.126743058400115e-18,2.625747025028621e-18,3.763570735874357e-17,2.231884971274328e-17,2127.8773969126805,2533.95725658574,2015.7465693526556,1934.6096406104416,1339.4232355337037,989.3749108151969,-309.21004780755453,889.9236308127626,59623.34971799488,8.517621388284985e+23,3.743306912192362e-22,3.1653093870362094e-22
3.60532e-06,192891.0,6.42972,3e+22,-2160.77,6827.52,55714.9,4.27048,4.25488,4.31613,-0.000421547308,-0.00130456676,0.239498953,0.0137041289,0.0136104414,0.065520325,3.89490118e-05,-0.000100318938,-0.000318116389,2320.498,-641.492451,1093.13255,-315.053306,1337.24131,188.609099,-1592.54859,1649.43082,14992.8921,14200.0,192891.472726,6.429715758,-210.0,30000 3000,1e-06,2,0.0 0.0259,0.0 0.0,-1.0 0.0,0.00054857 28.0,30000,1000,0,0.0,0.0 0.0 0.0,1000 1000000 0,0,0.0,0,100,0,,70,,1,,,10,1.0,10.0,0.1,True,{},,,False,3,mixed,250,300,True,Ar_Aubin,,False,uniform,Argon_Aubin_Model3-test/70Td,3.0000000000000005e+21,7.95927142857143e+23,2.4506972233600458e-17,2.0268622673150512e-13,2.0235188161031815e-13,4.813869545885805e-18,8.752490083428737e-19,4.376245041714368e-19,0.0,8.752490083428737e-19,1.3128735125143105e-18,2.188122520857184e-18,2.625747025028621e-18,0.0,2.188122520857184e-18,3.5009960333714946e-18,2.188122520857184e-18,7.001992066742989e-18,1.7504980166857473e-18,1.3128735125143105e-18,4.376245041714368e-19,2.625747025028621e-18,7.001992066742989e-18,2.188122520857184e-18,6.5643675625715526e-18,1.4003984133485978e-17,7.439616570914425e-18,8.3148655792573e-18,8.577440281760162e-17,4.98891934755438e-17,4.420007492131512e-17,0.0,3.5009960333714946e-18,3.938620537542931e-18,2.188122520857184e-18,4.0699078887943626e-17,2.450697223360046e-17,2231.649646953333,2319.5871332232928,2160.4649388013504,1346.1482656452354,1151.458983612044,1649.2318835002989,15.033138914486699,41.57257878429908,62625.91769858459,8.946559671226372e+23,3.913231635431083e-22,4.39863882616687e-22
3.63071e-06,192737.0,6.42458,3e+22,-602.941,2.64389,63687.3,4.30326,4.25638,4.26646,-0.000431584689,-0.00131309476,0.24100008,0.0138196689,0.0137264256,0.0663102226,3.3113401e-05,-9.6025081e-05,-0.000326063926,1720.9453,-143.314102,283.1001,519.706231,1771.90899,94.2632073,753.641766,332.079913,16062.8079,14300.0,192737.407601,6.424580253,-210.0,30000 3000,1e-06,2,0.0 0.0259,0.0 0.0,-1.0 0.0,0.00054857 28.0,30000,1000,0,0.0,0.0 0.0 0.0,1000 1000000 0,0,0.0,0,100,0,,70,,1,,,10,1.0,10.0,0.1,True,{},,,False,3,mixed,250,300,True,Ar_Aubin,,False,uniform,Argon_Aubin_Model3-test/70Td,3.0000000000000005e+21,9.098185714285717e+23,1.7067355662686034e-17,2.0284027055697347e-13,2.0251467792586994e-13,2.188122520857184e-18,8.752490083428737e-19,0.0,0.0,0.0,1.7504980166857473e-18,2.188122520857184e-18,3.938620537542931e-18,4.376245041714368e-19,2.188122520857184e-18,1.3128735125143105e-18,8.752490083428737e-19,1.0502988100114484e-17,2.625747025028621e-18,8.752490083428737e-19,1.7504980166857473e-18,2.188122520857184e-18,9.62773909177161e-18,2.188122520857184e-18,7.001992066742989e-18,1.1378237108457357e-17,7.877241075085862e-18,7.001992066742989e-18,8.489915380925874e-17,4.726344645051518e-17,4.857631996302949e-17,0.0,2.625747025028621e-18,6.126743058400115e-18,1.3128735125143105e-18,3.8948580871257877e-17,1.7067355662686037e-17,2275.1724483470293,1720.6850798960297,2283.649143400404,1771.9124616781048,1351.0950958225499,714.1635050159985,289.31777853162686,1209.5371587990296,59123.696316602814,8.44624233094326e+23,2.886719999928906e-22,2.6798679898011117e-22
3.6561e-06,192778.0,6.42594,3e+22,6559.02,-2392.83,64590.7,4.24202,4.29279,4.29308,-0.000395168458,-0.00126611207,0.242606349,0.013902684,0.0138134411,0.0671484505,2.91769035e-05,-7.95072586e-05,-0.00031609611,1717.93974,204.319129,358.007695,-245.377915,1309.53,458.97231,1219.73028,-235.912246,16139.5583,14400.0,192778.249204,6.42594164,-210.0,30000 3000,1e-06,2,0.0 0.0259,0.0 0.0,-1.0 0.0,0.00054857 28.0,30000,1000,0,0.0,0.0 0.0 0.0,1000 1000000 0,0,0.0,0,100,0,,70,,1,,,10,1.0,10.0,0.1,True,{},,,False,3,mixed,250,300,True,Ar_Aubin,,False,uniform,Argon_Aubin_Model3-test/70Td,3.0000000000000005e+21,9.227242857142859e+23,1.9255478183543218e-17,2.0250636306029065e-13,2.0216545357154113e-13,3.0633715292000576e-18,1.3128735125143105e-18,4.376245041714368e-19,4.376245041714368e-19,0.0,8.752490083428737e-19,1.3128735125143105e-18,3.938620537542931e-18,1.3128735125143105e-18,1.7504980166857473e-18,8.752490083428737e-19,5.251494050057242e-18,1.0065363595943046e-17,6.126743058400115e-18,8.752490083428737e-19,4.376245041714368e-19,2.625747025028621e-18,7.001992066742989e-18,2.188122520857184e-18,1.0940612604285921e-17,1.2691110620971668e-17,1.0502988100114484e-17,8.752490083428736e-18,8.927539885097312e-17,4.1574327896286495e-17,5.1202066988058105e-17,4.376245041714368e-19,4.376245041714368e-18,4.813869545885805e-18,4.376245041714368e-18,3.2821837812857765e-17,1.925547818354322e-17,1635.417793773461,1720.5316578193913,1715.9915491961228,1306.500409055542,1209.6662589525688,469.444393645701,329.90888629851327,12.002287102160608,63264.84072218521,9.037834388883604e+23,3.0436302318533873e-22,2.981153352346889e-22
3.68148e-06,192575.0,6.41915,3e+22,601.93,-8950.33,58281.9,4.33009,4.26678,4.22168,-0.000424274467,-0.00128606408,0.2441648,0.0139863932,0.0139062852,0.0679603738,3.01769787e-05,-9.33099845e-05,-0.000310203769,981.3286,-264.487874,-292.020887,-487.549696,1694.36842,42.3252872,-457.248764,-2876.18292,15376.1169,14500.0,192574.619714,6.41915399,-210.0,30000 3000,1e-06,2,0.0 0.0259,0.0 0.0,-1.0 0.0,0.00054857 28.0,30000,1000,0,0.0,0.0 0.0 0.0,1000 1000000 0,0,0.0,0,100,0,,70,,1,,,10,1.0,10.0,0.1,True,{},,,False,3,mixed,250,300,True,Ar_Aubin,,False,uniform,Argon_Aubin_Model3-test/70Td,3.0000000000000005e+21,8.325985714285717e+23,2.5819845746114767e-17,2.025129274278532e-13,2.0217726943315376e-13,1.7504980166857473e-18,1.3128735125143105e-18,4.376245041714368e-19,0.0,4.376245041714368e-19,1.3128735125143105e-18,2.188122520857184e-18,2.625747025028621e-18,4.376245041714368e-19,1.7504980166857473e-18,1.7504980166857473e-18,3.0633715292000576e-18,1.2691110620971668e-17,1.7504980166857473e-18,1.3128735125143105e-18,1.7504980166857473e-18,2.188122520857184e-18,7.001992066742989e-18,1.7504980166857473e-18,1.0940612604285921e-17,9.62773909177161e-18,5.6891185542286785e-18,7.001992066742989e-18,7.702191273417288e-17,4.945156897137237e-17,4.857631996302949e-17,0.0,2.625747025028621e-18,8.3148655792573e-18,2.188122520857184e-18,4.288720140880081e-17,2.581984574611477e-17,1648.0241769631946,981.5839835299214,1827.3856018986594,1682.8577220828536,1049.9243010880039,1145.7284428800012,-239.4764925472728,-871.5122470057527,61381.471153542734,8.76878159336325e+23,4.206455997368928e-22,4.4301654108933935e-22
3.70687e-06,192752.0,6.42507,3e+22,8736.64,9240.11,54702.5,4.32054,4.22696,4.28471,-0.000414967149,-0.00131843962,0.245724522,0.0140716168,0.0139947701,0.0687858009,2.35147143e-05,-9.14752817e-05,-0.000326525596,1328.64357,-382.223077,519.367767,453.262393,1398.77222,-1021.73556,1860.91165,2717.79245,14355.7685,14600.0,192752.134293,6.425071143,-210.0,30000 3000,1e-06,2,0.0 0.0259,0.0 0.0,-1.0 0.0,0.00054857 28.0,30000,1000,0,0.0,0.0 0.0 0.0,1000 1000000 0,0,0.0,0,100,0,,70,,1,,,10,1.0,10.0,0.1,True,{},,,False,3,mixed,250,300,True,Ar_Aubin,,False,uniform,Argon_Aubin_Model3-test/70Td,3.0000000000000005e+21,7.814642857142859e+23,2.1443600704400402e-17,2.0314748295890181e-13,2.0282145270329411e-13,2.625747025028621e-18,1.3128735125143105e-18,1.7504980166857473e-18,0.0,0.0,2.188122520857184e-18,3.5009960333714946e-18,3.938620537542931e-18,0.0,0.0,2.188122520857184e-18,2.625747025028621e-18,7.439616570914425e-18,2.625747025028621e-18,2.188122520857184e-18,8.752490083428737e-19,3.0633715292000576e-18,7.439616570914425e-18,2.625747025028621e-18,7.877241075085862e-18,8.752490083428736e-18,6.126743058400115e-18,4.813869545885805e-18,8.44615293050873e-17,4.595057293800087e-17,5.4265438517258164e-17,0.0,2.188122520857184e-18,3.5009960333714946e-18,2.625747025028621e-18,3.763570735874357e-17,2.1443600704400405e-17,1678.4709307866315,1332.2689885926393,1740.881655998544,1410.9547471171581,1207.8951009765844,914.0228352949998,8.248131265012862,256.17246958209216,61431.53102057588,8.775933002939412e+23,3.490650541855791e-22,3.920040346309657e-22
3.73226e-06,192877.0,6.42922,3e+22,5727.58,5161.71,60951.7,4.25695,4.26904,4.31099,-0.000413950545,-0.00129838039,0.247313095,0.0141579977,0.0140980124,0.0696224844,3.40136705e-05,-0.000101452696,-0.000313279293,573.034882,157.425262,888.123391,-624.707297,1480.45252,194.715175,1436.20476,1110.94263,15836.3606,14700.0,192876.586448,6.429219548,-210.0,30000 3000,1e-06,2,0.0 0.0259,0.0 0.0,-1.0 0.0,0.00054857 28.0,30000,1000,0,0.0,0.0 0.0 0.0,1000 1000000 0,0,0.0,0,100,0,,70,,1,,,10,1.0,10.0,0.1,True,{},,,False,3,mixed,250,300,True,Ar_Aubin,,False,uniform,Argon_Aubin_Model3-test/70Td,3.0000000000000005e+21,8.707385714285716e+23,2.1005976200228965e-17,2.024993610682239e-13,2.0216676644505361e-13,3.938620537542931e-18,2.625747025028621e-18,1.3128735125143105e-18,0.0,8.752490083428737e-19,2.625747025028621e-18,4.813869545885805e-18,1.3128735125143105e-18,8.752490083428737e-19,8.752490083428737e-19,3.0633715292000576e-18,3.0633715292000576e-18,1.1815861612628794e-17,6.126743058400115e-18,2.188122520857184e-18,4.376245041714368e-19,4.376245041714368e-18,5.6891185542286785e-18,2.625747025028621e-18,9.62773909177161e-18,1.0502988100114484e-17,8.3148655792573e-18,3.0633715292000576e-18,8.971302335514455e-17,3.632283384622925e-17,5.2077315996400986e-17,4.376245041714368e-19,3.0633715292000576e-18,4.376245041714368e-18,2.625747025028621e-18,3.2821837812857765e-17,2.1005976200228968e-17,1701.1245289614965,575.4058168625311,2034.1949340369392,1487.154383042867,1052.7391855219346,762.2070274885009,-376.9113405820101,933.0536037735765,62567.86243186225,8.938266061694608e+23,3.3573108276001794e-22,3.446331472334482e-22
3.75765e-06,193522.0,6.45073,3e+22,-4154.44,-2496.22,58287.4,4.29536,4.29792,4.28873,-0.000329177131,-0.00123324772,0.248929814,0.0142325359,0.0141760953,0.0704901588,2.30597828e-05,-8.63626242e-05,-0.000299811843,1189.96335,-119.215714,-244.894093,-535.308705,2045.64013,-264.327288,-1404.92519,-670.740569,15100.7693,14800.0,193521.978253,6.450732608,-210.0,30000 3000,1e-06,2,0.0 0.0259,0.0 0.0,-1.0 0.0,0.00054857 28.0,30000,1000,0,0.0,0.0 0.0 0.0,1000 1000000 0,0,0.0,0,100,0,,70,,1,,,10,1.0,10.0,0.1,True,{},,,False,3,mixed,250,300,True,Ar_Aubin,,False,uniform,Argon_Aubin_Model3-test/70Td,3.0000000000000005e+21,8.326771428571431e+23,2.275647421691471e-17,2.0334835260631648e-13,2.0302888671827136e-13,3.5009960333714946e-18,4.376245041714368e-19,4.376245041714368e-19,0.0,0.0,4.376245041714368e-19,3.0633715292000576e-18,3.0633715292000576e-18,4.376245041714368e-19,1.3128735125143105e-18,8.752490083428737e-19,3.0633715292000576e-18,9.62773909177161e-18,5.251494050057242e-18,2.188122520857184e-18,2.625747025028621e-18,5.251494050057242e-18,7.001992066742989e-18,1.7504980166857473e-18,9.190114587600173e-18,1.0940612604285921e-17,7.001992066742989e-18,5.251494050057242e-18,7.308329219662995e-17,3.982382987960075e-17,5.2077315996400986e-17,0.0,4.813869545885805e-18,5.6891185542286785e-18,4.376245041714368e-19,3.807333186291501e-17,2.2756474216914714e-17,1469.1290424058038,1188.5958033598884,1540.9417970005857,2042.5616723763817,1287.713481197626,591.2976594563988,-210.45296767192602,-596.4684274203905,63676.426568358256,9.096632366908323e+23,3.573767474606173e-22,3.904184131890376e-22
3.78304e-06,193180.0,6.43934,3e+22,-726.4,-3839.52,59531.9,4.26313,4.3272,4.26811,-0.000306925491,-0.00124996341,0.250479923,0.0143120155,0.0142997618,0.0713040574,1.10896923e-05,-8.76365246e-05,-0.000310872883,1761.19642,136.84398,632.387043,-826.58673,1635.3603,-134.570619,-115.774719,-482.994641,15536.1647,14900.0,193180.061356,6.439335379,-210.0,30000 3000,1e-06,2,0.0 0.0259,0.0 0.0,-1.0 0.0,0.00054857 28.0,30000,1000,0,0.0,0.0 0.0 0.0,1000 1000000 0,0,0.0,0,100,0,,70,,1,,,10,1.0,10.0,0.1,True,{},,,False,3,mixed,250,300,True,Ar_Aubin,,False,uniform,Argon_Aubin_Model3-test/70Td,3.0000000000000005e+21,8.504557142857145e+23,2.1005976200228965e-17,2.0329408716779926e-13,2.0295492817706639e-13,3.938620537542931e-18,8.752490083428737e-19,2.625747025028621e-18,0.0,4.376245041714368e-19,1.7504980166857473e-18,4.813869545885805e-18,2.188122520857184e-18,8.752490083428737e-19,1.3128735125143105e-18,2.188122520857184e-18,3.0633715292000576e-18,1.4441608637657416e-17,5.251494050057242e-18,4.376245041714368e-19,2.625747025028621e-18,4.376245041714368e-18,8.3148655792573e-18,2.188122520857184e-18,9.62773909177161e-18,1.0065363595943046e-17,7.877241075085862e-18,7.877241075085862e-18,7.877241075085863e-17,4.5075323929657994e-17,4.770107095468661e-17,4.376245041714368e-19,3.0633715292000576e-18,4.813869545885805e-18,3.5009960333714946e-18,3.763570735874357e-17,2.1005976200228968e-17,1565.478666984692,1760.9734693233377,2434.5596506550924,1630.561040488037,782.9794874411627,624.618971956299,-249.5994044989463,716.8327977048629,61052.911428301115,8.721844489757303e+23,3.440618261898585e-22,3.5285244046013925e-22
3.80843e-06,193121.0,6.43736,3e+22,6241.33,3110.89,55868.6,4.27388,4.29098,4.29183,-0.000373147234,-0.0012116906,0.252119953,0.0144118548,0.0144060222,0.072179019,1.1963018e-05,-0.000110125861,-0.000301714884,1683.33715,35.4975159,-522.779774,155.290936,1362.888,-732.888583,1439.4556,841.267194,16003.1896,15000.0,193120.67371,6.43735579,-210.0,30000 3000,1e-06,2,0.0 0.0259,0.0 0.0,-1.0 0.0,0.00054857 28.0,30000,1000,0,0.0,0.0 0.0 0.0,1000 1000000 0,0,0.0,0,100,0,,70,,1,,,10,1.0,10.0,0.1,True,{},,,False,3,mixed,250,300,True,Ar_Aubin,,False,uniform,Argon_Aubin_Model3-test/70Td,3.0000000000000005e+21,7.981228571428573e+23,2.188122520857184e-17,2.0370895519775376e-13,2.0336016846792914e-13,3.938620537542931e-18,1.7504980166857473e-18,8.752490083428737e-19,0.0,0.0,1.7504980166857473e-18,3.0633715292000576e-18,3.5009960333714946e-18,0.0,1.3128735125143105e-18,2.625747025028621e-18,8.752490083428737e-19,1.1815861612628794e-17,7.001992066742989e-18,8.752490083428737e-19,1.3128735125143105e-18,4.813869545885805e-18,7.439616570914425e-18,2.188122520857184e-18,1.0065363595943046e-17,1.0502988100114484e-17,1.0502988100114484e-17,9.190114587600173e-18,9.058827236348742e-17,4.420007492131512e-17,4.0699078887943626e-17,4.376245041714368e-19,3.0633715292000576e-18,5.6891185542286785e-18,6.126743058400115e-18,4.0699078887943626e-17,2.1881225208571842e-17,1965.2586964501736,1685.6660850259814,2094.452343010757,1366.657436170634,998.1001150807788,1917.6007938242,-208.35880259071396,-636.0407867000376,64594.55840186591,9.227794057409417e+23,3.387471909389161e-22,3.916551552852916e-22
3.83382e-06,193186.0,6.43954,3e+22,6159.29,956.293,59132.6,4.31429,4.25892,4.28578,-0.000381085112,-0.0012273817,0.253666572,0.0144852352,0.0144913772,0.0730221579,1.13412306e-05,-0.000122837509,-0.000314805489,1523.73236,-531.093447,315.159245,-707.662345,1854.17508,-385.836237,2093.82613,-86.5967421,15460.2372,15100.0,193186.337394,6.43954458,-210.0,30000 3000,1e-06,2,0.0 0.0259,0.0 0.0,-1.0 0.0,0.00054857 28.0,30000,1000,0,0.0,0.0 0.0 0.0,1000 1000000 0,0,0.0,0,100,0,,70,,1,,,10,1.0,10.0,0.1,True,{},,,False,3,mixed,250,300,True,Ar_Aubin,,False,uniform,Argon_Aubin_Model3-test/70Td,3.0000000000000005e+21,8.447514285714287e+23,2.319409872108615e-17,2.035058974278182e-13,2.0318161767022718e-13,3.0633715292000576e-18,0.0,8.752490083428737e-19,0.0,4.376245041714368e-19,1.7504980166857473e-18,1.7504980166857473e-18,3.5009960333714946e-18,8.752490083428737e-19,3.5009960333714946e-18,2.188122520857184e-18,3.0633715292000576e-18,1.0502988100114484e-17,2.625747025028621e-18,4.376245041714368e-19,3.0633715292000576e-18,3.938620537542931e-18,7.877241075085862e-18,1.7504980166857473e-18,1.225348611680023e-17,7.877241075085862e-18,9.190114587600173e-18,9.62773909177161e-18,7.089516967577277e-17,4.244957690462937e-17,4.901394446720092e-17,0.0,3.5009960333714946e-18,3.938620537542931e-18,2.625747025028621e-18,3.851095636708644e-17,2.3194098721086152e-17,1444.9698497742058,1526.0795737194906,1680.1510908528173,1855.348816528038,1198.9131473327366,460.27326455280127,-398.6260948137792,869.113948239971,60915.453571539976,8.702207653077141e+23,3.8075886103099713e-22,3.922387772749067e-22
3.85921e-06,192660.0,6.422,3e+22,3123.17,-3404.17,58460.5,4.26879,4.27293,4.28273,-0.000268916131,-0.00121903384,0.255235665,0.014579047,0.0145639076,0.0738825685,2.24572234e-05,-9.23767588e-05,-0.0003299581,2357.24617,-547.536854,-801.191518,469.549255,1847.39657,-1158.98859,861.875082,-1000.92349,16186.0108,15200.0,192660.022507,6.42200075,-210.0,30000 3000,1e-06,2,0.0 0.0259,0.0 0.0,-1.0 0.0,0.00054857 28.0,30000,1000,0,0.0,0.0 0.0 0.0,1000 1000000 0,0,0.0,0,100,0,,70,,1,,,10,1.0,10.0,0.1,True,{},,,False,3,mixed,250,300,True,Ar_Aubin,,False,uniform,Argon_Aubin_Model3-test/70Td,3.0000000000000005e+21,8.351500000000001e+23,2.4506972233600458e-17,2.0286784090073628e-13,2.025181789219033e-13,3.0633715292000576e-18,4.376245041714368e-19,1.3128735125143105e-18,0.0,0.0,1.7504980166857473e-18,3.938620537542931e-18,4.376245041714368e-18,8.752490083428737e-19,1.7504980166857473e-18,2.625747025028621e-18,3.938620537542931e-18,8.3148655792573e-18,6.126743058400115e-18,8.752490083428737e-19,4.376245041714368e-19,3.0633715292000576e-18,7.877241075085862e-18,4.813869545885805e-18,1.4003984133485978e-17,1.1815861612628794e-17,9.62773909177161e-18,8.3148655792573e-18,8.402390480091587e-17,4.551294843382943e-17,4.901394446720092e-17,4.376245041714368e-19,3.0633715292000576e-18,2.625747025028621e-18,2.625747025028621e-18,3.851095636708644e-17,2.450697223360046e-17,1848.8812343848335,2358.0860407928553,1428.7507943100536,1843.2467715728874,1218.9176323957545,1264.8062062674999,95.67632903771728,-720.7398363817244,61800.619151149345,8.828659878735622e+23,3.9654897588748e-22,4.1920565567520732e-22
3.8846e-06,192086.0,6.40287,3e+22,-5385.94,1785.22,59048.4,4.27508,4.27583,4.23483,-0.000330734787,-0.00123520672,0.256673742,0.0146926694,0.014674136,0.0746706006,4.38637549e-05,-9.76987044e-05,-0.000333613395,1451.69271,291.48009,116.935025,397.713298,2751.86683,425.359317,-768.904903,586.175656,16097.4476,15300.0,192086.173015,6.402872434,-210.0,30000 3000,1e-06,2,0.0 0.0259,0.0 0.0,-1.0 0.0,0.00054857 28.0,30000,1000,0,0.0,0.0 0.0 0.0,1000 1000000 0,0,0.0,0,100,0,,70,,1,,,10,1.0,10.0,0.1,True,{},,,False,3,mixed,250,300,True,Ar_Aubin,,False,uniform,Argon_Aubin_Model3-test/70Td,3.0000000000000005e+21,8.435485714285715e+23,2.0568351696057527e-17,2.025470621391786e-13,2.0222190713257923e-13,2.625747025028621e-18,1.7504980166857473e-18,1.3128735125143105e-18,0.0,0.0,8.752490083428737e-19,3.0633715292000576e-18,2.188122520857184e-18,0.0,4.376245041714368e-19,2.625747025028621e-18,3.938620537542931e-18,9.190114587600173e-18,3.938620537542931e-18,4.376245041714368e-19,2.188122520857184e-18,2.188122520857184e-18,1.3566359629314541e-17,4.376245041714368e-18,9.190114587600173e-18,1.0065363595943046e-17,7.001992066742989e-18,9.62773909177161e-18,8.402390480091587e-17,4.288720140880081e-17,4.463769942548656e-17,0.0,1.3128735125143105e-18,4.376245041714368e-18,3.0633715292000576e-18,3.3697086821200634e-17,2.056835169605753e-17,2236.847575113065,1449.9113922813053,2169.957538951636,2754.0719457406785,1021.4212848897915,941.2738128872006,430.5700863286876,749.9888559841705,56640.39606768055,8.091485152525794e+23,3.6313926321207327e-22,3.4833038145076794e-22
3.90999e-06,192840.0,6.42801,3e+22,2665.4,-6773.89,55217.7,4.26467,4.28104,4.29267,-0.000302991327,-0.0013318917,0.258287129,0.0148068911,0.0147703966,0.0755702135,3.55192526e-05,-8.20928876e-05,-0.00035696037,1052.26895,816.595828,333.310483,-147.744376,2357.54449,471.061594,892.591609,-1172.69076,14902.155,15400.0,192840.253724,6.428008457,-210.0,30000 3000,1e-06,2,0.0 0.0259,0.0 0.0,-1.0 0.0,0.00054857 28.0,30000,1000,0,0.0,0.0 0.0 0.0,1000 1000000 0,0,0.0,0,100,0,,70,,1,,,10,1.0,10.0,0.1,True,{},,,False,3,mixed,250,300,True,Ar_Aubin,,False,uniform,Argon_Aubin_Model3-test/70Td,3.0000000000000005e+21,7.888242857142858e+23,2.2318849712743277e-17,2.0282232795230241e-13,2.025063630602907e-13,2.625747025028621e-18,1.3128735125143105e-18,1.3128735125143105e-18,0.0,0.0,1.3128735125143105e-18,3.0633715292000576e-18,4.376245041714368e-18,4.376245041714368e-19,1.7504980166857473e-18,3.5009960333714946e-18,2.188122520857184e-18,9.190114587600173e-18,2.625747025028621e-18,0.0,1.3128735125143105e-18,2.625747025028621e-18,6.5643675625715526e-18,3.938620537542931e-18,1.3128735125143105e-17,9.62773909177161e-18,4.813869545885805e-18,8.3148655792573e-18,6.695654913822983e-17,5.2077315996400986e-17,4.595057293800087e-17,4.376245041714368e-19,2.625747025028621e-18,3.0633715292000576e-18,2.625747025028621e-18,3.588520934205782e-17,2.231884971274328e-17,2249.725906573859,1053.0765430829856,1890.7820552628327,2348.5224021322874,1354.525577793701,640.1337970167006,353.43768211658505,554.1940625602875,63545.191732048625,9.077884533149805e+23,3.512279860112044e-22,4.041973807808597e-22
3.93538e-06,193169.0,6.43895,3e+22,-2538.53,-3285.09,63373.7,4.26025,4.28721,4.30752,-0.000298518322,-0.00134751515,0.259892599,0.0148982294,0.0148944436,0.0764506015,3.66229748e-05,-7.52881849e-05,-0.000357089937,2591.99919,-20.4232734,-658.375544,-833.454478,1370.87456,-337.836818,-349.730995,-1675.66416,16989.3089,15500.0,193168.641032,6.438954701,-210.0,30000 3000,1e-06,2,0.0 0.0259,0.0 0.0,-1.0 0.0,0.00054857 28.0,30000,1000,0,0.0,0.0 0.0 0.0,1000 1000000 0,0,0.0,0,100,0,,70,,1,,,10,1.0,10.0,0.1,True,{},,,False,3,mixed,250,300,True,Ar_Aubin,,False,uniform,Argon_Aubin_Model3-test/70Td,3.0000000000000005e+21,9.053385714285716e+23,3.019609078782914e-17,2.036288699134904e-13,2.0330196440887436e-13,2.188122520857184e-18,1.3128735125143105e-18,8.752490083428737e-19,0.0,4.376245041714368e-19,3.5009960333714946e-18,1.3128735125143105e-18,3.0633715292000576e-18,0.0,1.7504980166857473e-18,2.625747025028621e-18,2.625747025028621e-18,1.0940612604285921e-17,3.0633715292000576e-18,8.752490083428737e-19,1.3128735125143105e-18,3.5009960333714946e-18,4.376245041714368e-18,3.5009960333714946e-18,1.225348611680023e-17,5.6891185542286785e-18,5.251494050057242e-18,4.376245041714368e-18,8.358628029674444e-17,4.332482591297225e-17,4.726344645051518e-17,0.0,2.188122520857184e-18,3.938620537542931e-18,3.5009960333714946e-18,3.807333186291501e-17,3.019609078782914e-17,1798.787506610335,2591.2413922840533,2442.0459247300196,1366.4478514558864,954.4457590480719,518.9532987537023,241.38408210325028,-329.44316907759855,63233.37114409041,9.033338734870059e+23,4.775340969726421e-22,4.764766896650999e-22
3.96077e-06,193305.0,6.44351,3e+22,8603.08,-9854.75,65776.2,4.27762,4.28397,4.29987,-0.000295277547,-0.0014217249,0.261560826,0.0150150522,0.0149720312,0.0773704233,4.42174746e-05,-7.97931918e-05,-0.000383640923,1641.17509,-954.315542,-127.307216,244.812435,2937.80844,105.636984,2360.03138,-3302.93451,18396.4231,15600.0,193305.392243,6.443513075,-210.0,30000 3000,1e-06,2,0.0 0.0259,0.0 0.0,-1.0 0.0,0.00054857 28.0,30000,1000,0,0.0,0.0 0.0 0.0,1000 1000000 0,0,0.0,0,100,0,,70,,1,,,10,1.0,10.0,0.1,True,{},,,False,3,mixed,250,300,True,Ar_Aubin,,False,uniform,Argon_Aubin_Model3-test/70Td,3.0000000000000005e+21,9.396600000000001e+23,2.2318849712743277e-17,2.0388531787293485e-13,2.0353565589410188e-13,5.251494050057242e-18,1.3128735125143105e-18,1.7504980166857473e-18,0.0,4.376245041714368e-19,1.7504980166857473e-18,2.188122520857184e-18,2.188122520857184e-18,0.0,2.188122520857184e-18,1.7504980166857473e-18,1.3128735125143105e-18,9.62773909177161e-18,4.376245041714368e-18,2.625747025028621e-18,1.7504980166857473e-18,4.813869545885805e-18,7.001992066742989e-18,1.3128735125143105e-18,1.4003984133485978e-17,1.0940612604285921e-17,6.126743058400115e-18,1.0502988100114484e-17,9.321401938851604e-17,4.244957690462937e-17,4.98891934755438e-17,4.376245041714368e-19,3.0633715292000576e-18,3.5009960333714946e-18,1.7504980166857473e-18,3.982382987960075e-17,2.231884971274328e-17,2300.641293261947,1643.7153863590447,1523.8935506703515,2923.7976965417247,983.0623005584409,1191.9458968588006,-191.2070438732804,1.9176880429008634,65705.13123483719,9.386447319262457e+23,3.3968198972121847e-22,3.3931497582321993e-22
3.98616e-06,193581.0,6.45269,3e+22,4932.17,12906.5,62591.8,4.24335,4.32708,4.3116,-0.000287109242,-0.00138011505,0.263143261,0.0150982077,0.0150637611,0.0782577684,3.27424177e-05,-8.35911153e-05,-0.000368455189,759.279367,-53.1044585,887.35978,111.298286,2201.2807,530.683906,1397.29178,2493.09849,17993.6178,15700.0,193580.75057,6.452691686,-210.0,30000 3000,1e-06,2,0.0 0.0259,0.0 0.0,-1.0 0.0,0.00054857 28.0,30000,1000,0,0.0,0.0 0.0 0.0,1000 1000000 0,0,0.0,0,100,0,,70,,1,,,10,1.0,10.0,0.1,True,{},,,False,3,mixed,250,300,True,Ar_Aubin,,False,uniform,Argon_Aubin_Model3-test/70Td,3.0000000000000005e+21,8.941685714285715e+23,2.013072719188609e-17,2.0380873358470485e-13,2.0348139045558466e-13,2.188122520857184e-18,8.752490083428737e-19,4.376245041714368e-19,0.0,4.376245041714368e-19,2.625747025028621e-18,3.0633715292000576e-18,3.938620537542931e-18,4.376245041714368e-19,1.3128735125143105e-18,2.188122520857184e-18,3.938620537542931e-18,1.1378237108457357e-17,1.7504980166857473e-18,8.752490083428737e-19,1.7504980166857473e-18,1.3128735125143105e-18,5.251494050057242e-18,1.3128735125143105e-18,7.877241075085862e-18,1.0065363595943046e-17,9.190114587600173e-18,8.3148655792573e-18,8.314865579257299e-17,5.2077315996400986e-17,4.332482591297225e-17,0.0,4.376245041714368e-18,5.251494050057242e-18,2.625747025028621e-18,3.588520934205782e-17,2.0130727191886093e-17,1637.6834828614872,760.6954385901151,1808.7422436754346,2219.0931548928247,1123.1958772125288,1523.0074361401967,-215.84035941707162,1004.7549466470457,62326.109903267214,8.903729986181033e+23,3.229902720245149e-22,3.216192407293941e-22
4.01155e-06,193381.0,6.44603,3e+22,3774.46,4792.28,64098.1,4.24194,4.30224,4.32431,-0.000352245186,-0.00130579986,0.264687681,0.0152013737,0.0151540418,0.0791354565,3.22312768e-05,-9.64720891e-05,-0.000352169065,2533.4491,-402.243429,-98.9513712,150.016029,908.326585,-643.782881,1458.07684,1189.1515,17729.7723,15800.0,193380.815514,6.446027184,-210.0,30000 3000,1e-06,2,0.0 0.0259,0.0 0.0,-1.0 0.0,0.00054857 28.0,30000,1000,0,0.0,0.0 0.0 0.0,1000 1000000 0,0,0.0,0,100,0,,70,,1,,,10,1.0,10.0,0.1,True,{},,,False,3,mixed,250,300,True,Ar_Aubin,,False,uniform,Argon_Aubin_Model3-test/70Td,3.0000000000000005e+21,9.15687142857143e+23,1.794260467102891e-17,2.0345469536083015e-13,2.0312078786414738e-13,3.5009960333714946e-18,2.625747025028621e-18,1.3128735125143105e-18,0.0,4.376245041714368e-19,3.0633715292000576e-18,3.0633715292000576e-18,3.0633715292000576e-18,4.376245041714368e-19,3.0633715292000576e-18,2.625747025028621e-18,2.625747025028621e-18,1.0502988100114484e-17,6.126743058400115e-18,0.0,1.3128735125143105e-18,2.625747025028621e-18,5.251494050057242e-18,4.813869545885805e-18,1.0502988100114484e-17,5.6891185542286785e-18,8.3148655792573e-18,4.813869545885805e-18,8.008528426337294e-17,5.1202066988058105e-17,4.551294843382943e-17,0.0,2.625747025028621e-18,7.001992066742989e-18,2.625747025028621e-18,4.113670339211506e-17,1.794260467102891e-17,2030.8385135209012,2534.7786353647493,1781.8379233398925,914.5843435530808,1230.7290496181533,763.794854493899,189.17688433986837,382.6506515294865,60828.84330592017,8.689834757988597e+23,2.949686973462907e-22,2.799241267842402e-22
4.03694e-06,193579.0,6.45263,3e+22,-4445.72,-434.552,54642.5,4.28745,4.26381,4.33692,-0.000330093189,-0.00114510124,0.266182029,0.0153193884,0.0152443986,0.0799908199,2.42479649e-05,-8.90896468e-05,-0.000315234505,2505.90703,73.3094677,315.189802,-513.100828,1702.58344,64.2567003,-1438.7598,-621.935836,15209.2424,15900.0,193578.926921,6.452630897,-210.0,30000 3000,1e-06,2,0.0 0.0259,0.0 0.0,-1.0 0.0,0.00054857 28.0,30000,1000,0,0.0,0.0 0.0 0.0,1000 1000000 0,0,0.0,0,100,0,,70,,1,,,10,1.0,10.0,0.1,True,{},,,False,3,mixed,250,300,True,Ar_Aubin,,False,uniform,Argon_Aubin_Model3-test/70Td,3.0000000000000005e+21,7.806071428571431e+23,2.275647421691471e-17,2.0384111779801355e-13,2.0353303014707688e-13,2.625747025028621e-18,1.3128735125143105e-18,1.7504980166857473e-18,0.0,0.0,8.752490083428737e-19,3.0633715292000576e-18,3.5009960333714946e-18,4.376245041714368e-19,1.7504980166857473e-18,1.3128735125143105e-18,2.188122520857184e-18,1.1815861612628794e-17,4.813869545885805e-18,2.625747025028621e-18,8.752490083428737e-19,1.7504980166857473e-18,6.5643675625715526e-18,3.0633715292000576e-18,9.62773909177161e-18,7.877241075085862e-18,5.6891185542286785e-18,5.6891185542286785e-18,7.702191273417288e-17,4.1574327896286495e-17,3.982382987960075e-17,0.0,3.5009960333714946e-18,4.813869545885805e-18,3.938620537542931e-18,3.5447584837886383e-17,2.2756474216914714e-17,2324.37327011131,2504.4395281077987,1787.16199594571,1702.0858339659555,1222.1403763927588,664.3908803675004,79.25905415393741,77.83788904581274,58856.6972303612,8.408099604337316e+23,3.8664205243878e-22,4.1646107364990094e-22
4.06233e-06,194342.0,6.47806,3e+22,-1401.65,-7566.98,55730.2,4.35719,4.26058,4.32035,-0.000333589963,-0.00110043509,0.267794095,0.0154246379,0.0153526522,0.0809139721,1.7282909e-05,-9.94215809e-05,-0.00031212656,2438.64486,112.499697,-94.7540044,-714.526051,1476.93165,-380.098291,-661.090755,-2513.89393,15725.2424,16000.0,194341.675374,6.478055846,-210.0,30000 3000,1e-06,2,0.0 0.0259,0.0 0.0,-1.0 0.0,0.00054857 28.0,30000,1000,0,0.0,0.0 0.0 0.0,1000 1000000 0,0,0.0,0,100,0,,70,,1,,,10,1.0,10.0,0.1,True,{},,,False,3,mixed,250,300,True,Ar_Aubin,,False,uniform,Argon_Aubin_Model3-test/70Td,3.0000000000000005e+21,7.961457142857145e+23,1.6629731158514597e-17,2.043395721082648e-13,2.0402229434274053e-13,2.625747025028621e-18,8.752490083428737e-19,1.3128735125143105e-18,0.0,4.376245041714368e-19,1.7504980166857473e-18,2.625747025028621e-18,1.7504980166857473e-18,0.0,8.752490083428737e-19,2.188122520857184e-18,3.938620537542931e-18,1.0065363595943046e-17,5.6891185542286785e-18,1.7504980166857473e-18,2.188122520857184e-18,2.625747025028621e-18,6.126743058400115e-18,3.5009960333714946e-18,9.190114587600173e-18,1.2691110620971668e-17,4.376245041714368e-18,7.877241075085862e-18,7.702191273417288e-17,4.6388197442172303e-17,4.551294843382943e-17,0.0,3.938620537542931e-18,5.251494050057242e-18,3.0633715292000576e-18,3.500996033371494e-17,1.66297311585146e-17,2072.6435085627572,2438.177283628361,2133.824468730236,1468.6046796826718,1227.8146502464886,801.0239268309997,-349.0951674871601,-361.90013078726724,63493.16255474774,9.070451793535394e+23,2.6191373195775864e-22,2.983971196678748e-22
4.08772e-06,193675.0,6.45582,3e+22,-5246.19,-1252.42,60300.8,4.3222,4.28789,4.28071,-0.000341165263,-0.0011270843,0.269298999,0.0155259147,0.0154524739,0.0817708921,2.1096106e-05,-9.74917181e-05,-0.000323325542,816.651164,-602.02442,959.539877,144.268691,1415.66743,725.0586,-1244.47749,133.710922,17290.8675,16100.0,193674.718594,6.455823953,-210.0,30000 3000,1e-06,2,0.0 0.0259,0.0 0.0,-1.0 0.0,0.00054857 28.0,30000,1000,0,0.0,0.0 0.0 0.0,1000 1000000 0,0,0.0,0,100,0,,70,,1,,,10,1.0,10.0,0.1,True,{},,,False,3,mixed,250,300,True,Ar_Aubin,,False,uniform,Argon_Aubin_Model3-test/70Td,3.0000000000000005e+21,8.614400000000002e+23,2.275647421691471e-17,2.0452381202452097e-13,2.0418246491126728e-13,5.6891185542286785e-18,8.752490083428737e-19,1.3128735125143105e-18,0.0,4.376245041714368e-19,2.625747025028621e-18,3.938620537542931e-18,3.938620537542931e-18,8.752490083428737e-19,4.376245041714368e-19,1.3128735125143105e-18,8.752490083428737e-19,9.190114587600173e-18,5.6891185542286785e-18,1.3128735125143105e-18,2.188122520857184e-18,2.188122520857184e-18,6.126743058400115e-18,1.3128735125143105e-18,1.0940612604285921e-17,1.0065363595943046e-17,6.126743058400115e-18,8.752490083428736e-18,7.877241075085863e-17,5.1202066988058105e-17,4.98891934755438e-17,0.0,4.376245041714368e-18,6.126743058400115e-18,3.0633715292000576e-18,3.8948580871257877e-17,2.2756474216914714e-17,1994.353761515293,814.861346208902,1964.6299738474584,1414.255847080994,957.9996232127868,1051.9224211008004,176.1313442040537,1148.4286408549203,59272.45801430403,8.467494002043435e+23,3.839299900709865e-22,3.7738262538664013e-22
4.11311e-06,193513.0,6.45042,3e+22,7356.39,-30.7559,57619.0,4.27544,4.30257,4.30365,-0.000406310902,-0.00117694156,0.270885077,0.0156109948,0.0155469636,0.0826961113,2.21115796e-05,-0.000125363369,-0.000332246743,1119.59998,-638.090428,-929.87534,1570.37831,1695.18283,-960.796144,2126.81074,-50.1366283,16262.1906,16200.0,193512.601608,6.450420054,-210.0,30000 3000,1e-06,2,0.0 0.0259,0.0 0.0,-1.0 0.0,0.00054857 28.0,30000,1000,0,0.0,0.0 0.0 0.0,1000 1000000 0,0,0.0,0,100,0,,70,,1,,,10,1.0,10.0,0.1,True,{},,,False,3,mixed,250,300,True,Ar_Aubin,,False,uniform,Argon_Aubin_Model3-test/70Td,3.0000000000000005e+21,8.231285714285715e+23,2.013072719188609e-17,2.038581851536762e-13,2.035172756649267e-13,1.7504980166857473e-18,4.376245041714368e-19,1.3128735125143105e-18,0.0,4.376245041714368e-19,1.3128735125143105e-18,4.376245041714368e-18,2.625747025028621e-18,4.376245041714368e-19,4.376245041714368e-18,1.3128735125143105e-18,3.938620537542931e-18,8.3148655792573e-18,5.251494050057242e-18,2.188122520857184e-18,0.0,2.625747025028621e-18,9.190114587600173e-18,3.938620537542931e-18,1.225348611680023e-17,1.5316857646000288e-17,7.877241075085862e-18,6.5643675625715526e-18,8.577440281760162e-17,3.8948580871257877e-17,4.726344645051518e-17,0.0,3.5009960333714946e-18,6.5643675625715526e-18,4.376245041714368e-18,3.851095636708644e-17,2.0130727191886093e-17,1674.5321940399385,1122.5889614563637,1858.5331707402274,1695.1466321030748,1347.896798415174,654.063348337002,-381.39847596111326,-772.3896437296921,62469.593849449804,8.924227692778545e+23,3.222484084081073e-22,3.4937654579020964e-22
4.1385e-06,193471.0,6.44904,3e+22,-1718.1,-5857.53,55482.6,4.26189,4.29596,4.32252,-0.000440947114,-0.00124231165,0.272426106,0.0157122954,0.0156484454,0.0836019642,2.19190588e-05,-0.000155540135,-0.000356445945,717.987726,-394.754658,-501.56067,420.493343,1288.6862,-603.396237,-3.82526265,-1657.75316,16872.0545,16300.0,193471.096164,6.449036539,-210.0,30000 3000,1e-06,2,0.0 0.0259,0.0 0.0,-1.0 0.0,0.00054857 28.0,30000,1000,0,0.0,0.0 0.0 0.0,1000 1000000 0,0,0.0,0,100,0,,70,,1,,,10,1.0,10.0,0.1,True,{},,,False,3,mixed,250,300,True,Ar_Aubin,,False,uniform,Argon_Aubin_Model3-test/70Td,3.0000000000000005e+21,7.926085714285715e+23,2.1443600704400402e-17,2.04220100618626e-13,2.0389188224049747e-13,2.188122520857184e-18,8.752490083428737e-19,8.752490083428737e-19,0.0,1.3128735125143105e-18,2.188122520857184e-18,3.5009960333714946e-18,2.188122520857184e-18,4.376245041714368e-19,1.3128735125143105e-18,1.3128735125143105e-18,1.7504980166857473e-18,1.1378237108457357e-17,2.188122520857184e-18,4.376245041714368e-19,2.188122520857184e-18,3.5009960333714946e-18,2.625747025028621e-18,1.7504980166857473e-18,8.3148655792573e-18,1.3128735125143105e-17,1.0065363595943046e-17,5.251494050057242e-18,8.533677831343019e-17,4.6388197442172303e-17,4.6388197442172303e-17,0.0,3.938620537542931e-18,3.5009960333714946e-18,2.625747025028621e-18,3.982382987960075e-17,2.1443600704400405e-17,1994.3452081116004,717.2301347634366,1995.3771071605465,1281.4093222407755,1350.8407177088332,1757.1458312443992,-792.2464613562784,-12.86574758418368,60695.28468349352,8.67075495478479e+23,3.5329928537648213e-22,3.864923544390566e-22
4.16389e-06,192950.0,6.43167,3e+22,-5285.98,2667.93,48946.3,4.23759,4.29191,4.32003,-0.000429500638,-0.00127366806,0.273968083,0.0158335133,0.0157508823,0.0844988337,1.79062592e-05,-0.00014993165,-0.000365960126,2189.47689,-1218.72079,-664.886944,-405.086392,2003.70127,176.034107,-690.206224,989.319744,13997.3301,16400.0,192950.229531,6.431674318,-210.0,30000 3000,1e-06,2,0.0 0.0259,0.0 0.0,-1.0 0.0,0.00054857 28.0,30000,1000,0,0.0,0.0 0.0 0.0,1000 1000000 0,0,0.0,0,100,0,,70,,1,,,10,1.0,10.0,0.1,True,{},,,False,3,mixed,250,300,True,Ar_Aubin,,False,uniform,Argon_Aubin_Model3-test/70Td,3.0000000000000005e+21,6.992328571428574e+23,2.1443600704400402e-17,2.0358291934055238e-13,2.032385088557695e-13,5.251494050057242e-18,2.188122520857184e-18,0.0,0.0,0.0,4.376245041714368e-19,1.7504980166857473e-18,2.188122520857184e-18,4.376245041714368e-19,1.7504980166857473e-18,2.188122520857184e-18,4.813869545885805e-18,8.3148655792573e-18,5.251494050057242e-18,2.625747025028621e-18,4.376245041714368e-19,2.188122520857184e-18,5.6891185542286785e-18,1.7504980166857473e-18,1.0065363595943046e-17,1.1815861612628794e-17,1.1378237108457357e-17,7.877241075085862e-18,8.66496518259445e-17,3.851095636708644e-17,5.5140687525601045e-17,0.0,8.752490083428737e-19,5.251494050057242e-18,3.5009960333714946e-18,4.463769942548656e-17,2.1443600704400405e-17,2387.3527656855954,2187.2065582175446,2015.7467606552898,2007.0993272273158,1070.1670689641746,587.6061190570999,124.16289430234673,114.1191064540792,60732.62280618727,8.676088972312469e+23,3.530820786849961e-22,4.3810463108346085e-22
4.18928e-06,192431.0,6.41438,3e+22,-700.313,-9142.23,57446.7,4.26872,4.2694,4.2714,-0.000513420604,-0.00125422718,0.275444886,0.0159259779,0.0158651189,0.0853656445,1.090993e-05,-0.000172700664,-0.00037265922,1221.0773,-184.012731,380.719131,-519.894332,2798.58437,531.882559,-664.670645,-2540.99746,16503.354,16500.0,192431.31999,6.414377333,-210.0,30000 3000,1e-06,2,0.0 0.0259,0.0 0.0,-1.0 0.0,0.00054857 28.0,30000,1000,0,0.0,0.0 0.0 0.0,1000 1000000 0,0,0.0,0,100,0,,70,,1,,,10,1.0,10.0,0.1,True,{},,,False,3,mixed,250,300,True,Ar_Aubin,,False,uniform,Argon_Aubin_Model3-test/70Td,3.0000000000000005e+21,8.206671428571429e+23,2.5382221241943332e-17,2.023995826812728e-13,2.0206873855611925e-13,1.3128735125143105e-18,1.3128735125143105e-18,1.3128735125143105e-18,0.0,0.0,2.188122520857184e-18,1.7504980166857473e-18,3.938620537542931e-18,4.376245041714368e-19,1.7504980166857473e-18,1.3128735125143105e-18,1.3128735125143105e-18,6.126743058400115e-18,5.251494050057242e-18,1.3128735125143105e-18,3.0633715292000576e-18,1.7504980166857473e-18,5.251494050057242e-18,2.625747025028621e-18,1.0940612604285921e-17,1.3128735125143105e-17,6.126743058400115e-18,1.0065363595943046e-17,8.052290876754437e-17,4.5075323929657994e-17,5.2077315996400986e-17,0.0,3.5009960333714946e-18,4.813869545885805e-18,3.5009960333714946e-18,3.3697086821200634e-17,2.5382221241943336e-17,1819.356549166372,1220.7177448765508,2250.640902338152,2787.117936648189,1091.7083991455836,679.9542674238,38.62208536937176,-61.55956013887524,58165.666257051176,8.309380893864455e+23,4.363780710388811e-22,4.418395006491815e-22
4.21467e-06,192525.0,6.41751,3e+22,-489.764,-601.456,53741.5,4.23396,4.26302,4.32162,-0.000486042945,-0.0012741137,0.277022225,0.0160252635,0.0159607387,0.0862943599,8.83761653e-06,-0.000168824086,-0.000385781784,2310.06269,44.8206474,394.513439,-631.428497,2721.04453,-452.044448,-51.8490677,-518.751868,16102.1513,16600.0,192525.314162,6.417510472,-210.0,30000 3000,1e-06,2,0.0 0.0259,0.0 0.0,-1.0 0.0,0.00054857 28.0,30000,1000,0,0.0,0.0 0.0 0.0,1000 1000000 0,0,0.0,0,100,0,,70,,1,,,10,1.0,10.0,0.1,True,{},,,False,3,mixed,250,300,True,Ar_Aubin,,False,uniform,Argon_Aubin_Model3-test/70Td,3.0000000000000005e+21,7.677357142857145e+23,2.1443600704400402e-17,2.0258338497302482e-13,2.0225472897039212e-13,3.5009960333714946e-18,0.0,1.7504980166857473e-18,0.0,8.752490083428737e-19,1.7504980166857473e-18,3.938620537542931e-18,5.251494050057242e-18,0.0,2.625747025028621e-18,3.938620537542931e-18,2.625747025028621e-18,1.1815861612628794e-17,4.813869545885805e-18,4.376245041714368e-19,3.938620537542931e-18,3.938620537542931e-18,5.6891185542286785e-18,1.3128735125143105e-18,1.0065363595943046e-17,1.0502988100114484e-17,4.813869545885805e-18,9.190114587600173e-18,8.533677831343019e-17,3.1071339796172016e-17,4.551294843382943e-17,0.0,3.938620537542931e-18,3.938620537542931e-18,2.625747025028621e-18,4.2011952400457935e-17,2.1443600704400405e-17,1955.7803780333372,2309.824643663085,1882.060373115901,2720.278206670453,1128.1682185296522,1214.5613951624982,-114.13349045981397,504.46056123361757,62125.39780067473,8.87505682866782e+23,3.4516641282846657e-22,3.9901381063796883e-22
4.24005e-06,192887.0,6.42957,3e+22,-2304.12,6991.77,50852.1,4.34009,4.23128,4.27276,-0.00049428943,-0.00125258601,0.278655143,0.016126539,0.0160809156,0.0872609368,-4.8414255e-06,-0.000163742189,-0.000382312034,2014.73268,-324.036777,1228.73826,211.321623,3070.35258,788.907747,-689.837097,2025.34587,15264.1188,16700.0,192886.987454,6.429566248,-210.0,30000 3000,1e-06,2,0.0 0.0259,0.0 0.0,-1.0 0.0,0.00054857 28.0,30000,1000,0,0.0,0.0 0.0 0.0,1000 1000000 0,0,0.0,0,100,0,,70,,1,,,10,1.0,10.0,0.1,True,{},,,False,3,mixed,250,300,True,Ar_Aubin,,False,uniform,Argon_Aubin_Model3-test/70Td,3.0000000000000005e+21,7.264585714285715e+23,1.9693102687714655e-17,2.024197134084647e-13,2.0208449303826942e-13,2.188122520857184e-18,1.7504980166857473e-18,0.0,0.0,8.752490083428737e-19,3.0633715292000576e-18,1.7504980166857473e-18,2.188122520857184e-18,4.376245041714368e-19,1.7504980166857473e-18,1.3128735125143105e-18,2.625747025028621e-18,1.0940612604285921e-17,4.376245041714368e-18,2.188122520857184e-18,1.3128735125143105e-18,2.625747025028621e-18,5.6891185542286785e-18,2.625747025028621e-18,1.0065363595943046e-17,1.0940612604285921e-17,8.3148655792573e-18,7.001992066742989e-18,8.840014984263024e-17,4.332482591297225e-17,5.1202066988058105e-17,0.0,3.0633715292000576e-18,4.813869545885805e-18,2.188122520857184e-18,3.851095636708644e-17,1.969310268771466e-17,1994.2696163738722,2013.5937778385485,2367.7272191778666,3079.110373287138,1165.857744907032,1093.9196026497011,321.922784549021,1206.091706612463,64314.44370923462,9.187777672747805e+23,3.062003113444797e-22,3.8726232914107097e-22
4.26544e-06,193043.0,6.43478,3e+22,-1493.66,5041.99,62234.2,4.26189,4.28104,4.30445,-0.000440272233,-0.00119324357,0.280138333,0.0162368861,0.0161789738,0.0881547134,2.24350628e-06,-0.000154484009,-0.000367251721,2712.69574,229.769552,111.025947,219.522731,1657.31416,-988.740033,-1749.49413,1032.13266,18390.963,16800.0,193043.458189,6.43478194,-210.0,30000 3000,1e-06,2,0.0 0.0259,0.0 0.0,-1.0 0.0,0.00054857 28.0,30000,1000,0,0.0,0.0 0.0 0.0,1000 1000000 0,0,0.0,0,100,0,,70,,1,,,10,1.0,10.0,0.1,True,{},,,False,3,mixed,250,300,True,Ar_Aubin,,False,uniform,Argon_Aubin_Model3-test/70Td,3.0000000000000005e+21,8.8906e+23,1.9693102687714655e-17,2.0282582894833581e-13,2.0251861654640747e-13,4.813869545885805e-18,0.0,0.0,0.0,0.0,1.3128735125143105e-18,1.3128735125143105e-18,4.376245041714368e-18,8.752490083428737e-19,2.625747025028621e-18,4.376245041714368e-19,3.5009960333714946e-18,1.1378237108457357e-17,3.0633715292000576e-18,1.3128735125143105e-18,1.3128735125143105e-18,2.625747025028621e-18,4.376245041714368e-18,1.3128735125143105e-18,1.0502988100114484e-17,1.0065363595943046e-17,1.1378237108457357e-17,4.813869545885805e-18,7.614666372583002e-17,3.807333186291501e-17,4.1574327896286495e-17,0.0,3.0633715292000576e-18,7.877241075085862e-18,3.0633715292000576e-18,3.632283384622925e-17,1.969310268771466e-17,2174.0709267073644,2712.0381229764575,1933.928488339736,1663.3304821475042,1279.651990018437,956.7779564113989,-202.48378789862315,-1192.6367703282513,58417.22595078391,8.345317992969132e+23,3.371112264780589e-22,3.164353793848825e-22
4.29083e-06,192373.0,6.41245,3e+22,-5520.0,-5518.38,50985.9,4.2499,4.28613,4.27374,-0.000403218065,-0.00109418568,0.281694777,0.0163256866,0.0162715726,0.0890977927,1.1956071e-05,-0.000139477316,-0.000364325816,1232.97101,-84.5609226,443.553213,-665.767483,1738.24444,673.144619,-1549.90805,-1827.31706,15291.5499,16900.0,192373.475442,6.412449181,-210.0,30000 3000,1e-06,2,0.0 0.0259,0.0 0.0,-1.0 0.0,0.00054857 28.0,30000,1000,0,0.0,0.0 0.0 0.0,1000 1000000 0,0,0.0,0,100,0,,70,,1,,,10,1.0,10.0,0.1,True,{},,,False,3,mixed,250,300,True,Ar_Aubin,,False,uniform,Argon_Aubin_Model3-test/70Td,3.0000000000000005e+21,7.283700000000002e+23,2.8445592771143385e-17,2.027781278773811e-13,2.02428028274044e-13,3.0633715292000576e-18,8.752490083428737e-19,1.3128735125143105e-18,0.0,4.376245041714368e-19,2.625747025028621e-18,1.3128735125143105e-18,4.376245041714368e-18,0.0,3.5009960333714946e-18,2.625747025028621e-18,3.5009960333714946e-18,1.3128735125143105e-17,4.813869545885805e-18,0.0,1.3128735125143105e-18,4.376245041714368e-18,5.251494050057242e-18,2.625747025028621e-18,8.3148655792573e-18,1.0502988100114484e-17,9.190114587600173e-18,1.1815861612628794e-17,8.883777434680167e-17,4.113670339211506e-17,4.332482591297225e-17,0.0,6.5643675625715526e-18,7.877241075085862e-18,2.188122520857184e-18,3.676045835040069e-17,2.844559277114339e-17,1749.3728698208909,1230.7452462812,1828.019896237588,1732.2063076272016,1351.2920041900206,929.0881693556985,206.93459068827025,469.15876798028376,61302.42303935431,8.757489005622045e+23,4.64020692181811e-22,5.579109669760342e-22
4.31622e-06,192994.0,6.43312,3e+22,3661.58,5363.2,64941.4,4.23924,4.24592,4.35687,-0.000453798398,-0.000997029096,0.28330237,0.0164199975,0.0163543221,0.0900610384,1.48701052e-05,-0.000168122964,-0.000339402476,1295.95372,-76.8405322,239.852223,-490.976869,1925.5748,-1476.77151,1724.46653,1310.36206,19208.1308,17000.0,192993.653909,6.433121797,-210.0,30000 3000,1e-06,2,0.0 0.0259,0.0 0.0,-1.0 0.0,0.00054857 28.0,30000,1000,0,0.0,0.0 0.0 0.0,1000 1000000 0,0,0.0,0,100,0,,70,,1,,,10,1.0,10.0,0.1,True,{},,,False,3,mixed,250,300,True,Ar_Aubin,,False,uniform,Argon_Aubin_Model3-test/70Td,3.0000000000000005e+21,9.277342857142858e+23,2.013072719188609e-17,2.0226304383597135e-13,2.019422650744137e-13,1.7504980166857473e-18,8.752490083428737e-19,4.376245041714368e-19,0.0,4.376245041714368e-19,2.188122520857184e-18,2.188122520857184e-18,2.188122520857184e-18,8.752490083428737e-19,8.752490083428737e-19,3.0633715292000576e-18,4.376245041714368e-18,8.752490083428736e-18,3.938620537542931e-18,1.7504980166857473e-18,4.376245041714368e-19,3.5009960333714946e-18,5.6891185542286785e-18,2.625747025028621e-18,1.2691110620971668e-17,6.5643675625715526e-18,7.439616570914425e-18,1.0065363595943046e-17,8.358628029674444e-17,4.1574327896286495e-17,4.726344645051518e-17,0.0,8.752490083428737e-19,5.251494050057242e-18,3.0633715292000576e-18,3.632283384622925e-17,2.0130727191886093e-17,1856.420578148398,1297.6153391381488,1633.5955525894096,1930.9220664476672,1082.3376788690769,810.0782688819963,-538.3270806528359,956.4547643392771,63316.98805810325,9.045284008300466e+23,3.1793564111756225e-22,3.099829568177786e-22
4.34161e-06,193404.0,6.44681,3e+22,5563.93,-852.304,65288.8,4.28415,4.27405,4.311,-0.000402720115,-0.000981040086,0.284937252,0.0165338257,0.0164578594,0.091041944,2.08066896e-05,-0.000155640182,-0.000347375905,2339.15509,792.798434,683.972311,360.61468,1411.14903,-582.130382,1720.20588,-383.017114,19491.7427,17100.0,193404.192131,6.446806404,-210.0,30000 3000,1e-06,2,0.0 0.0259,0.0 0.0,-1.0 0.0,0.00054857 28.0,30000,1000,0,0.0,0.0 0.0 0.0,1000 1000000 0,0,0.0,0,100,0,,70,,1,,,10,1.0,10.0,0.1,True,{},,,False,3,mixed,250,300,True,Ar_Aubin,,False,uniform,Argon_Aubin_Model3-test/70Td,3.0000000000000005e+21,9.326971428571431e+23,2.2318849712743277e-17,2.0368269772750346e-13,2.0335097835334155e-13,2.625747025028621e-18,8.752490083428737e-19,0.0,0.0,0.0,1.7504980166857473e-18,3.938620537542931e-18,7.877241075085862e-18,4.376245041714368e-19,1.7504980166857473e-18,1.7504980166857473e-18,1.7504980166857473e-18,1.4003984133485978e-17,4.376245041714368e-18,4.376245041714368e-19,2.188122520857184e-18,3.5009960333714946e-18,5.6891185542286785e-18,2.625747025028621e-18,9.190114587600173e-18,1.0065363595943046e-17,9.190114587600173e-18,6.126743058400115e-18,9.015064785931599e-17,3.807333186291501e-17,4.288720140880081e-17,0.0,2.188122520857184e-18,5.251494050057242e-18,3.0633715292000576e-18,3.763570735874357e-17,2.231884971274328e-17,2242.4919946553896,2341.395796529452,2039.5935219131898,1410.3128856105418,1022.0891685063681,888.5314416223991,-52.3606816326089,845.1003795238521,64391.7982165906,9.198828316655801e+23,3.466101325151812e-22,3.418480614246743e-22
4.367e-06,193374.0,6.44581,3e+22,-3385.87,-3991.44,61448.4,4.30822,4.22277,4.33902,-0.000483516639,-0.000983710968,0.286543942,0.0166368851,0.016568335,0.0920136906,2.67248126e-05,-0.000178907258,-0.000332725769,2427.6458,807.303973,-169.545189,-116.013853,2987.85193,679.653208,-269.064928,-1205.12603,18468.9756,17200.0,193374.424185,6.445814139,-210.0,30000 3000,1e-06,2,0.0 0.0259,0.0 0.0,-1.0 0.0,0.00054857 28.0,30000,1000,0,0.0,0.0 0.0 0.0,1000 1000000 0,0,0.0,0,100,0,,70,,1,,,10,1.0,10.0,0.1,True,{},,,False,3,mixed,250,300,True,Ar_Aubin,,False,uniform,Argon_Aubin_Model3-test/70Td,3.0000000000000005e+21,8.778342857142858e+23,2.275647421691471e-17,2.034573211078552e-13,2.031142234965848e-13,3.0633715292000576e-18,8.752490083428737e-19,1.3128735125143105e-18,0.0,8.752490083428737e-19,1.7504980166857473e-18,3.938620537542931e-18,2.188122520857184e-18,4.376245041714368e-19,2.625747025028621e-18,8.752490083428737e-19,2.625747025028621e-18,9.190114587600173e-18,5.6891185542286785e-18,8.752490083428737e-19,4.376245041714368e-19,2.188122520857184e-18,8.3148655792573e-18,2.625747025028621e-18,7.877241075085862e-18,8.752490083428736e-18,9.62773909177161e-18,7.439616570914425e-18,9.015064785931599e-17,4.5075323929657994e-17,5.4703063021429605e-17,0.0,3.5009960333714946e-18,4.376245041714368e-18,3.938620537542931e-18,3.500996033371494e-17,2.2756474216914714e-17,2028.1492254866737,2426.008675517509,2175.503993402308,2983.925506693886,1054.6341890404851,861.3088344072021,20.942624871086807,561.3017437394676,63281.422314649375,9.040203187807056e+23,3.5960750224235534e-22,3.7033469084491557e-22
4.39239e-06,193787.0,6.45957,3e+22,1071.74,108.352,55626.6,4.31151,4.30597,4.28407,-0.000499861416,-0.00108767627,0.288212648,0.0167225622,0.0166827131,0.0930171848,9.65855403e-06,-0.000186928958,-0.000360174397,1595.20352,-477.792057,399.6463,578.266518,2574.36642,-228.806798,1147.57232,-274.223499,17045.9627,17300.0,193787.179026,6.459572634,-210.0,30000 3000,1e-06,2,0.0 0.0259,0.0 0.0,-1.0 0.0,0.00054857 28.0,30000,1000,0,0.0,0.0 0.0 0.0,1000 1000000 0,0,0.0,0,100,0,,70,,1,,,10,1.0,10.0,0.1,True,{},,,False,3,mixed,250,300,True,Ar_Aubin,,False,uniform,Argon_Aubin_Model3-test/70Td,3.0000000000000005e+21,7.946657142857144e+23,2.1443600704400402e-17,2.0389844660805998e-13,2.035606004908397e-13,3.5009960333714946e-18,4.376245041714368e-19,3.5009960333714946e-18,0.0,4.376245041714368e-19,4.376245041714368e-19,5.6891185542286785e-18,3.5009960333714946e-18,4.376245041714368e-19,4.376245041714368e-19,1.3128735125143105e-18,3.5009960333714946e-18,1.3128735125143105e-17,6.126743058400115e-18,8.752490083428737e-19,1.7504980166857473e-18,3.5009960333714946e-18,6.5643675625715526e-18,1.7504980166857473e-18,1.225348611680023e-17,1.3566359629314541e-17,6.5643675625715526e-18,6.5643675625715526e-18,7.439616570914427e-17,4.420007492131512e-17,4.8138695458858047e-17,4.376245041714368e-19,3.0633715292000576e-18,2.188122520857184e-18,5.251494050057242e-18,4.288720140880081e-17,2.1443600704400405e-17,1686.9313991749761,1595.7392414739838,2248.218711603169,2574.4842718992068,874.2640633852291,1013.6730147631988,-98.6262652133689,1266.1351876757458,65723.99722721192,9.389142461030277e+23,3.262674458199575e-22,3.8549184570691724e-22
4.41778e-06,194153.0,6.47177,3e+22,-7261.43,-168.952,56587.2,4.33143,4.29379,4.29981,-0.000553991372,-0.00111337893,0.289856226,0.0168187007,0.0167872998,0.0940269484,2.23563623e-05,-0.000206428909,-0.000356320041,1795.05921,272.697773,-81.5256671,1243.26666,1066.44245,3.49853235,-3357.659,145.682628,17908.1663,17400.0,194153.077659,6.471769255,-210.0,30000 3000,1e-06,2,0.0 0.0259,0.0 0.0,-1.0 0.0,0.00054857 28.0,30000,1000,0,0.0,0.0 0.0 0.0,1000 1000000 0,0,0.0,0,100,0,,70,,1,,,10,1.0,10.0,0.1,True,{},,,False,3,mixed,250,300,True,Ar_Aubin,,False,uniform,Argon_Aubin_Model3-test/70Td,3.0000000000000005e+21,8.083885714285715e+23,2.4944596737771898e-17,2.0407787265477026e-13,2.0374352753358332e-13,3.0633715292000576e-18,4.376245041714368e-19,8.752490083428737e-19,0.0,0.0,4.376245041714368e-19,3.938620537542931e-18,2.625747025028621e-18,4.376245041714368e-19,2.625747025028621e-18,2.625747025028621e-18,1.7504980166857473e-18,1.0502988100114484e-17,6.5643675625715526e-18,8.752490083428737e-19,8.752490083428737e-19,2.625747025028621e-18,6.5643675625715526e-18,1.3128735125143105e-18,1.1378237108457357e-17,8.752490083428736e-18,7.439616570914425e-18,1.0065363595943046e-17,8.314865579257299e-17,4.244957690462937e-17,4.3762450417143685e-17,4.376245041714368e-19,3.938620537542931e-18,4.376245041714368e-18,2.188122520857184e-18,4.332482591297225e-17,2.49445967377719e-17,1892.1419596007074,1791.0364404316178,2058.5225254937936,1066.2543424030187,1174.9361196875666,1506.0140680928016,-117.70508451915356,-1303.0651513711819,64734.30065853652,9.247757236933792e+23,3.85338166690806e-22,4.4081694690269e-22
4.44317e-06,193666.0,6.45553,3e+22,-1863.47,1961.27,45178.2,4.35629,4.29247,4.25064,-0.000597984008,-0.00111740289,0.291376125,0.0169243182,0.0168673973,0.0949555073,3.89059046e-05,-0.000230252833,-0.000346766496,2580.49758,239.804966,-7.65025904,-418.390614,2039.21283,-627.699764,-304.723573,816.59024,13850.8242,17500.0,193665.759949,6.455525332,-210.0,30000 3000,1e-06,2,0.0 0.0259,0.0 0.0,-1.0 0.0,0.00054857 28.0,30000,1000,0,0.0,0.0 0.0 0.0,1000 1000000 0,0,0.0,0,100,0,,70,,1,,,10,1.0,10.0,0.1,True,{},,,False,3,mixed,250,300,True,Ar_Aubin,,False,uniform,Argon_Aubin_Model3-test/70Td,3.0000000000000005e+21,6.454028571428572e+23,2.0568351696057527e-17,2.0414439157940432e-13,2.0380348209065483e-13,4.376245041714368e-18,1.7504980166857473e-18,1.7504980166857473e-18,0.0,4.376245041714368e-19,2.625747025028621e-18,2.188122520857184e-18,2.625747025028621e-18,8.752490083428737e-19,1.3128735125143105e-18,2.625747025028621e-18,2.188122520857184e-18,1.0940612604285921e-17,3.5009960333714946e-18,3.0633715292000576e-18,1.7504980166857473e-18,1.7504980166857473e-18,7.877241075085862e-18,2.188122520857184e-18,9.62773909177161e-18,7.877241075085862e-18,7.001992066742989e-18,1.0502988100114484e-17,7.96476597592015e-17,4.5075323929657994e-17,6.170505508817258e-17,8.752490083428737e-19,3.938620537542931e-18,7.877241075085862e-18,1.7504980166857473e-18,3.0633715292000575e-17,2.056835169605753e-17,2078.9382575233044,2579.3832547406123,1577.1915158803054,2041.4043587660703,889.0339144266794,686.9753495250006,-400.3020631074562,257.6126767239756,59863.05416390929,8.55186488055847e+23,3.435900821187626e-22,4.552716065725843e-22
4.46856e-06,193560.0,6.45201,3e+22,-3983.23,4100.79,53450.5,4.30091,4.27549,4.31119,-0.000664801375,-0.00103063252,0.292923016,0.0170392397,0.0169693312,0.0959248036,5.19061948e-05,-0.000251879863,-0.000333976446,2331.34811,-208.980657,-134.084337,-327.113367,2442.80532,420.962867,-742.481409,978.168999,16898.8748,17600.0,193560.354262,6.452011809,-210.0,30000 3000,1e-06,2,0.0 0.0259,0.0 0.0,-1.0 0.0,0.00054857 28.0,30000,1000,0,0.0,0.0 0.0 0.0,1000 1000000 0,0,0.0,0,100,0,,70,,1,,,10,1.0,10.0,0.1,True,{},,,False,3,mixed,250,300,True,Ar_Aubin,,False,uniform,Argon_Aubin_Model3-test/70Td,3.0000000000000005e+21,7.635785714285715e+23,2.188122520857184e-17,2.0374571565610416e-13,2.0341399628194225e-13,2.188122520857184e-18,1.3128735125143105e-18,8.752490083428737e-19,0.0,4.376245041714368e-19,1.7504980166857473e-18,3.5009960333714946e-18,3.938620537542931e-18,8.752490083428737e-19,1.3128735125143105e-18,1.3128735125143105e-18,2.625747025028621e-18,1.0502988100114484e-17,3.5009960333714946e-18,1.3128735125143105e-18,1.7504980166857473e-18,8.752490083428737e-19,7.877241075085862e-18,1.7504980166857473e-18,1.3128735125143105e-17,7.877241075085862e-18,9.62773909177161e-18,9.62773909177161e-18,8.271103128840156e-17,4.463769942548656e-17,4.6388197442172303e-17,0.0,2.188122520857184e-18,5.251494050057242e-18,3.5009960333714946e-18,3.7198082854572133e-17,2.1881225208571842e-17,2261.4992754045225,2328.7000532190586,2011.0652752957224,2447.0317275316906,1288.898160651939,1241.9931332920023,-44.493385364952964,325.74796491611744,60926.16661940301,8.703738088486146e+23,3.591433110384361e-22,4.093736299673874e-22
4.49395e-06,193521.0,6.45069,3e+22,4193.71,-345.819,54220.9,4.27401,4.29506,4.31549,-0.000702555655,-0.00102014411,0.294414011,0.0171448618,0.0170582405,0.0968685841,4.51126962e-05,-0.000264489036,-0.000346019862,1977.48943,-380.860406,-119.632714,-1124.63548,1962.5868,30.4093388,708.14647,-325.134336,17675.8116,17700.0,193520.672892,6.450689096,-210.0,30000 3000,1e-06,2,0.0 0.0259,0.0 0.0,-1.0 0.0,0.00054857 28.0,30000,1000,0,0.0,0.0 0.0 0.0,1000 1000000 0,0,0.0,0,100,0,,70,,1,,,10,1.0,10.0,0.1,True,{},,,False,3,mixed,250,300,True,Ar_Aubin,,False,uniform,Argon_Aubin_Model3-test/70Td,3.0000000000000005e+21,7.745842857142859e+23,2.9320841779486266e-17,2.0399997549302777e-13,2.0368532347452854e-13,4.376245041714368e-18,1.7504980166857473e-18,0.0,0.0,0.0,4.376245041714368e-19,2.625747025028621e-18,3.0633715292000576e-18,0.0,1.3128735125143105e-18,4.376245041714368e-19,2.625747025028621e-18,8.752490083428736e-18,4.376245041714368e-18,8.752490083428737e-19,1.7504980166857473e-18,3.0633715292000576e-18,6.5643675625715526e-18,2.625747025028621e-18,6.5643675625715526e-18,1.225348611680023e-17,1.0065363595943046e-17,5.251494050057242e-18,8.44615293050873e-17,3.851095636708644e-17,4.0261454383772186e-17,0.0,3.938620537542931e-18,4.813869545885805e-18,2.625747025028621e-18,3.194658880451489e-17,2.9320841779486266e-17,2079.0102329266697,1980.4357446759302,1751.323561342334,1962.2340147840239,1340.3899515577002,1712.418950970101,-19.794264843273993,-608.0800261566204,58724.635283738025,8.389233611962576e+23,4.992937229463861e-22,5.407664162617416e-22
4.51934e-06,193198.0,6.43993,3e+22,-2418.79,13253.0,50941.8,4.30535,4.26814,4.29058,-0.000679994253,-0.00111841113,0.295982219,0.0172383947,0.0171547002,0.0978731144,3.56160471e-05,-0.000261930175,-0.000386674685,2227.23579,-310.54579,-1332.91048,-142.944244,1816.50409,-721.130693,-265.461033,4069.09587,15977.9449,17800.0,193197.901699,6.439930057,-210.0,30000 3000,1e-06,2,0.0 0.0259,0.0 0.0,-1.0 0.0,0.00054857 28.0,30000,1000,0,0.0,0.0 0.0 0.0,1000 1000000 0,0,0.0,0,100,0,,70,,1,,,10,1.0,10.0,0.1,True,{},,,False,3,mixed,250,300,True,Ar_Aubin,,False,uniform,Argon_Aubin_Model3-test/70Td,3.0000000000000005e+21,7.277400000000002e+23,2.6695094754457642e-17,2.0351990141195168e-13,2.0317942954770635e-13,3.938620537542931e-18,1.3128735125143105e-18,8.752490083428737e-19,0.0,0.0,8.752490083428737e-19,3.5009960333714946e-18,2.625747025028621e-18,1.3128735125143105e-18,1.7504980166857473e-18,4.376245041714368e-18,3.938620537542931e-18,6.5643675625715526e-18,5.251494050057242e-18,3.0633715292000576e-18,0.0,2.625747025028621e-18,9.62773909177161e-18,3.0633715292000576e-18,8.752490083428736e-18,8.752490083428736e-18,9.190114587600173e-18,1.1378237108457357e-17,7.26456676924585e-17,3.807333186291501e-17,5.4703063021429605e-17,0.0,1.7504980166857473e-18,7.439616570914425e-18,3.0633715292000576e-18,4.332482591297225e-17,2.6695094754457645e-17,1842.567276842804,2225.591026700786,1895.452282616895,1831.32639270589,1549.1817307902602,900.0778961458,-118.83446092474107,-847.8125502675148,61765.762359391854,8.823680337055982e+23,4.3219890332007685e-22,5.240312426034738e-22
4.54473e-06,193456.0,6.44853,3e+22,1481.21,472.585,54081.2,4.25649,4.26939,4.35453,-0.000747049953,-0.00110568665,0.297556017,0.0173282996,0.017247631,0.0988680778,2.22524955e-05,-0.000281224883,-0.000389467795,2248.44328,852.470765,-504.432861,-434.222243,1384.13623,360.692235,397.534443,125.319666,15999.2254,17900.0,193455.842108,6.44852807,-210.0,30000 3000,1e-06,2,0.0 0.0259,0.0 0.0,-1.0 0.0,0.00054857 28.0,30000,1000,0,0.0,0.0 0.0 0.0,1000 1000000 0,0,0.0,0,100,0,,70,,1,,,10,1.0,10.0,0.1,True,{},,,False,3,mixed,250,300,True,Ar_Aubin,,False,uniform,Argon_Aubin_Model3-test/70Td,3.0000000000000005e+21,7.725885714285717e+23,1.794260467102891e-17,2.0321706525506504e-13,2.028923478729699e-13,3.5009960333714946e-18,8.752490083428737e-19,4.376245041714368e-19,0.0,0.0,2.625747025028621e-18,4.376245041714368e-18,2.625747025028621e-18,0.0,2.188122520857184e-18,1.7504980166857473e-18,3.5009960333714946e-18,9.190114587600173e-18,4.376245041714368e-18,8.752490083428737e-19,2.188122520857184e-18,3.0633715292000576e-18,7.001992066742989e-18,3.5009960333714946e-18,1.0940612604285921e-17,9.190114587600173e-18,7.001992066742989e-18,7.439616570914425e-18,8.533677831343019e-17,4.332482591297225e-17,3.938620537542932e-17,0.0,2.188122520857184e-18,5.251494050057242e-18,2.625747025028621e-18,4.2011952400457935e-17,1.794260467102891e-17,1768.621966313741,2249.549817860883,1830.6531116622346,1384.6587609254902,1198.4062620062393,-92.96106658039935,68.07088747084711,-507.2400080223864,61985.931247440494,8.855133035348643e+23,2.8946253302873124e-22,3.3177157073121364e-22
4.57012e-06,193979.0,6.46597,3e+22,-3895.91,-2863.24,68221.0,4.2881,4.30279,4.31446,-0.000709539527,-0.00115007938,0.299226715,0.0174527768,0.0173276145,0.0999245975,3.64104499e-05,-0.000272404364,-0.000403591441,2951.23447,1137.93072,-793.252046,1136.11073,2662.26665,66.1721786,-1768.59178,-558.678405,22418.8793,18000.0,193978.996816,6.465966561,-210.0,30000 3000,1e-06,2,0.0 0.0259,0.0 0.0,-1.0 0.0,0.00054857 28.0,30000,1000,0,0.0,0.0 0.0 0.0,1000 1000000 0,0,0.0,0,100,0,,70,,1,,,10,1.0,10.0,0.1,True,{},,,False,3,mixed,250,300,True,Ar_Aubin,,False,uniform,Argon_Aubin_Model3-test/70Td,3.0000000000000005e+21,9.745857142857145e+23,2.6695094754457642e-17,2.0394395955649382e-13,2.036091768108027e-13,2.625747025028621e-18,1.7504980166857473e-18,8.752490083428737e-19,0.0,0.0,1.3128735125143105e-18,2.188122520857184e-18,3.0633715292000576e-18,1.7504980166857473e-18,1.7504980166857473e-18,1.3128735125143105e-18,1.7504980166857473e-18,9.190114587600173e-18,2.625747025028621e-18,3.0633715292000576e-18,1.3128735125143105e-18,3.5009960333714946e-18,6.5643675625715526e-18,3.0633715292000576e-18,1.4003984133485978e-17,1.0065363595943046e-17,1.0940612604285921e-17,5.251494050057242e-18,8.052290876754437e-17,4.0261454383772186e-17,5.076444248388667e-17,0.0,3.5009960333714946e-18,5.6891185542286785e-18,3.0633715292000576e-18,3.632283384622925e-17,2.6695094754457645e-17,2452.418259679153,2948.470167861365,1573.1512191544527,2658.973696716009,1171.2666448680498,2005.3335759850015,-45.511063106683544,-1347.6779786928828,65802.45454831784,9.400350649759693e+23,4.0568539483365016e-22,3.913031875002952e-22
4.59551e-06,193683.0,6.45609,3e+22,-9100.88,3672.05,55381.5,4.28802,4.30418,4.302,-0.000814382629,-0.0011412732,0.300847789,0.0175677923,0.0174159868,0.100957581,4.27950484e-05,-0.000292975139,-0.000404592663,1949.50892,656.948308,842.008408,696.903627,2334.08696,-928.862485,-2670.1659,1297.35513,18182.5244,18100.0,193682.718526,6.456090618,-210.0,30000 3000,1e-06,2,0.0 0.0259,0.0 0.0,-1.0 0.0,0.00054857 28.0,30000,1000,0,0.0,0.0 0.0 0.0,1000 1000000 0,0,0.0,0,100,0,,70,,1,,,10,1.0,10.0,0.1,True,{},,,False,3,mixed,250,300,True,Ar_Aubin,,False,uniform,Argon_Aubin_Model3-test/70Td,3.0000000000000005e+21,7.911642857142859e+23,1.9255478183543218e-17,2.0453519026162942e-13,2.0418071441325058e-13,2.625747025028621e-18,8.752490083428737e-19,0.0,0.0,4.376245041714368e-19,1.3128735125143105e-18,2.625747025028621e-18,2.625747025028621e-18,8.752490083428737e-19,3.0633715292000576e-18,4.376245041714368e-18,1.7504980166857473e-18,1.225348611680023e-17,5.251494050057242e-18,1.3128735125143105e-18,1.3128735125143105e-18,2.625747025028621e-18,5.6891185542286785e-18,2.188122520857184e-18,1.0940612604285921e-17,1.3128735125143105e-17,9.62773909177161e-18,7.877241075085862e-18,9.190114587600174e-17,5.076444248388667e-17,4.463769942548656e-17,0.0,2.188122520857184e-18,4.813869545885805e-18,4.376245041714368e-18,4.3762450417143685e-17,1.925547818354322e-17,2261.8656314782493,1942.0973214193864,1740.7221473214563,2338.27777225406,1185.8856284206452,1521.122573496501,477.4102982242137,954.9238655222832,63847.9534927687,9.121136213252674e+23,3.015833261707293e-22,3.47687913536889e-22
4.6209e-06,194322.0,6.47739,3e+22,5754.02,-8270.43,62356.1,4.30892,4.31428,4.30888,-0.000771768337,-0.00114867341,0.302456597,0.0176666275,0.0174936877,0.102004047,5.7328263e-05,-0.000267767468,-0.000399664323,992.906784,-362.552545,-317.291937,357.410863,2524.68815,516.987557,1570.39451,-3153.10021,19734.9791,18200.0,194321.554717,6.477385157,-210.0,30000 3000,1e-06,2,0.0 0.0259,0.0 0.0,-1.0 0.0,0.00054857 28.0,30000,1000,0,0.0,0.0 0.0 0.0,1000 1000000 0,0,0.0,0,100,0,,70,,1,,,10,1.0,10.0,0.1,True,{},,,False,3,mixed,250,300,True,Ar_Aubin,,False,uniform,Argon_Aubin_Model3-test/70Td,3.0000000000000005e+21,8.908014285714288e+23,1.8380229175200346e-17,2.0458770520212999e-13,2.042678016895807e-13,2.625747025028621e-18,8.752490083428737e-19,8.752490083428737e-19,4.376245041714368e-19,4.376245041714368e-19,1.3128735125143105e-18,4.813869545885805e-18,2.188122520857184e-18,4.376245041714368e-19,2.188122520857184e-18,1.3128735125143105e-18,2.188122520857184e-18,1.0065363595943046e-17,2.188122520857184e-18,8.752490083428737e-19,1.3128735125143105e-18,3.0633715292000576e-18,6.5643675625715526e-18,8.752490083428737e-19,7.001992066742989e-18,7.001992066742989e-18,7.439616570914425e-18,7.439616570914425e-18,8.621202732177305e-17,4.288720140880081e-17,4.595057293800087e-17,0.0,3.0633715292000576e-18,4.813869545885805e-18,3.5009960333714946e-18,4.1574327896286495e-17,1.8380229175200346e-17,1947.7028527511384,997.3475544464648,1529.8380816199578,2515.1881269697337,1494.018759021535,874.9652918083011,536.7899670224004,-439.11427167113425,63364.84229763435,9.05212032823348e+23,2.9006983224018137e-22,2.947623275862401e-22
4.64629e-06,194243.0,6.47475,3e+22,-2652.24,409.712,50053.4,4.29865,4.30336,4.33321,-0.000737703362,-0.00107922646,0.304007824,0.0177694955,0.0175875812,0.10299766,8.14898594e-05,-0.000268508092,-0.000372070572,3270.51696,-609.346317,-201.961644,620.763049,2912.29954,603.353693,-1481.82761,-259.971387,16380.8812,18300.0,194242.565379,6.474752179,-210.0,30000 3000,1e-06,2,0.0 0.0259,0.0 0.0,-1.0 0.0,0.00054857 28.0,30000,1000,0,0.0,0.0 0.0 0.0,1000 1000000 0,0,0.0,0,100,0,,70,,1,,,10,1.0,10.0,0.1,True,{},,,False,3,mixed,250,300,True,Ar_Aubin,,False,uniform,Argon_Aubin_Model3-test/70Td,3.0000000000000005e+21,7.150485714285715e+23,2.4506972233600458e-17,2.0460214681076765e-13,2.0427042743660576e-13,1.3128735125143105e-18,4.376245041714368e-19,1.7504980166857473e-18,0.0,8.752490083428737e-19,2.188122520857184e-18,2.625747025028621e-18,4.376245041714368e-19,0.0,2.188122520857184e-18,2.625747025028621e-18,2.625747025028621e-18,1.2691110620971668e-17,4.376245041714368e-18,8.752490083428737e-19,8.752490083428737e-19,2.625747025028621e-18,7.877241075085862e-18,3.0633715292000576e-18,9.62773909177161e-18,1.0940612604285921e-17,1.0065363595943046e-17,5.6891185542286785e-18,7.96476597592015e-17,4.6388197442172303e-17,5.0326817979715237e-17,0.0,5.251494050057242e-18,6.126743058400115e-18,2.625747025028621e-18,3.1071339796172016e-17,2.450697223360046e-17,2026.8027088983029,3268.560393635169,1852.1012708131507,2912.7417120313794,1040.7610912625878,1164.2559821983996,-389.90196939947526,-840.5629814147093,61096.945205910626,8.728135029415806e+23,4.011161630259316e-22,4.896165342134691e-22
4.67168e-06,193858.0,6.46194,3e+22,-9449.75,5686.34,54286.8,4.34277,4.27779,4.28586,-0.000802249989,-0.000961792163,0.305564832,0.0178735024,0.0176846372,0.104014868,9.88500117e-05,-0.000302638944,-0.00032282761,2164.63297,-142.631751,701.955676,307.623055,2278.49396,-602.887755,-3933.53542,1956.33409,16777.4747,18400.0,193858.051296,6.461935043,-210.0,30000 3000,1e-06,2,0.0 0.0259,0.0 0.0,-1.0 0.0,0.00054857 28.0,30000,1000,0,0.0,0.0 0.0 0.0,1000 1000000 0,0,0.0,0,100,0,,70,,1,,,10,1.0,10.0,0.1,True,{},,,False,3,mixed,250,300,True,Ar_Aubin,,False,uniform,Argon_Aubin_Model3-test/70Td,3.0000000000000005e+21,7.755257142857144e+23,2.013072719188609e-17,2.0474043615408583e-13,2.0439515042029458e-13,2.625747025028621e-18,8.752490083428737e-19,1.3128735125143105e-18,0.0,4.376245041714368e-19,8.752490083428737e-19,1.7504980166857473e-18,2.625747025028621e-18,4.376245041714368e-19,1.3128735125143105e-18,2.188122520857184e-18,2.625747025028621e-18,1.0940612604285921e-17,3.938620537542931e-18,2.625747025028621e-18,2.625747025028621e-18,3.0633715292000576e-18,6.126743058400115e-18,2.188122520857184e-18,1.1815861612628794e-17,1.0502988100114484e-17,7.877241075085862e-18,8.3148655792573e-18,8.44615293050873e-17,4.901394446720092e-17,5.645356103811535e-17,4.376245041714368e-19,3.0633715292000576e-18,6.126743058400115e-18,2.625747025028621e-18,3.588520934205782e-17,2.0130727191886093e-17,2046.261091262946,2157.0519081664474,1916.0539273394172,2283.9630372481533,1341.0707145195968,189.33777818239832,-522.224167703212,-300.516888105155,61324.63685918748,8.760662408455356e+23,3.282649229233905e-22,3.708217686783175e-22
4.69707e-06,194082.0,6.46939,3e+22,-3674.79,1172.05,60789.8,4.33524,4.29192,4.29052,-0.000872888041,-0.0008839941,0.30718662,0.017971973,0.0178050119,0.105052598,0.000115228251,-0.000318750763,-0.000289240234,1697.1576,861.145082,-126.105801,-824.488597,2078.0023,237.878701,-508.3504,283.369774,19998.4095,18500.0,194081.779026,6.469392634,-210.0,30000 3000,1e-06,2,0.0 0.0259,0.0 0.0,-1.0 0.0,0.00054857 28.0,30000,1000,0,0.0,0.0 0.0 0.0,1000 1000000 0,0,0.0,0,100,0,,70,,1,,,10,1.0,10.0,0.1,True,{},,,False,3,mixed,250,300,True,Ar_Aubin,,False,uniform,Argon_Aubin_Model3-test/70Td,3.0000000000000005e+21,8.684257142857146e+23,2.013072719188609e-17,2.0446429509195365e-13,2.0412688659923753e-13,3.5009960333714946e-18,1.7504980166857473e-18,2.188122520857184e-18,0.0,4.376245041714368e-19,2.188122520857184e-18,4.376245041714368e-18,1.7504980166857473e-18,4.376245041714368e-19,1.7504980166857473e-18,1.3128735125143105e-18,2.188122520857184e-18,6.5643675625715526e-18,3.0633715292000576e-18,2.188122520857184e-18,1.3128735125143105e-18,1.3128735125143105e-18,7.439616570914425e-18,1.3128735125143105e-18,1.0502988100114484e-17,1.1815861612628794e-17,9.62773909177161e-18,7.001992066742989e-18,8.79625253384588e-17,4.682582194634374e-17,4.945156897137237e-17,0.0,3.5009960333714946e-18,4.813869545885805e-18,2.188122520857184e-18,3.851095636708644e-17,2.0130727191886093e-17,1936.8613824700856,1693.9499197558137,2373.3792299992483,2079.038385284905,866.0445253924221,1324.5963075239997,271.3049769364086,547.4528077445818,63876.07524340726,9.125153606201038e+23,3.1515285050272106e-22,3.3115304198872324e-22
4.72246e-06,193510.0,6.45032,3e+22,-1760.29,-1995.62,58812.5,4.30749,4.29759,4.27586,-0.000909295076,-0.000831332907,0.308686781,0.0180463552,0.0179239672,0.106036446,9.78461314e-05,-0.000325233326,-0.000277693045,2713.53536,28.4106354,1356.39157,25.0028529,2363.25201,-269.782714,-174.886671,-893.801789,19118.7269,18600.0,193509.701517,6.450323384,-210.0,30000 3000,1e-06,2,0.0 0.0259,0.0 0.0,-1.0 0.0,0.00054857 28.0,30000,1000,0,0.0,0.0 0.0 0.0,1000 1000000 0,0,0.0,0,100,0,,70,,1,,,10,1.0,10.0,0.1,True,{},,,False,3,mixed,250,300,True,Ar_Aubin,,False,uniform,Argon_Aubin_Model3-test/70Td,3.0000000000000005e+21,8.401785714285716e+23,1.9693102687714655e-17,2.0453256451460442e-13,2.0419646889540076e-13,1.3128735125143105e-18,1.3128735125143105e-18,1.7504980166857473e-18,4.376245041714368e-19,0.0,8.752490083428737e-19,3.938620537542931e-18,2.188122520857184e-18,1.3128735125143105e-18,2.625747025028621e-18,3.5009960333714946e-18,1.3128735125143105e-18,9.190114587600173e-18,5.251494050057242e-18,4.376245041714368e-19,2.188122520857184e-18,1.7504980166857473e-18,7.877241075085862e-18,3.938620537542931e-18,1.1378237108457357e-17,1.3566359629314541e-17,9.62773909177161e-18,8.752490083428736e-18,8.971302335514455e-17,3.982382987960075e-17,3.763570735874357e-17,0.0,4.376245041714368e-18,6.126743058400115e-18,2.188122520857184e-18,4.2011952400457935e-17,1.969310268771466e-17,1463.5385354020098,2711.934736970668,2344.3778390871075,2361.5929854241326,1180.3798185567985,964.0855924374991,238.88836517231002,1778.36106938374,59085.6492422094,8.440807034601344e+23,3.332975593952916e-22,3.3484552922787937e-22
4.74785e-06,193835.0,6.46116,3e+22,-4359.69,213.631,64171.9,4.29187,4.28464,4.32229,-0.000903915748,-0.000862390903,0.310300801,0.0181481527,0.0180433235,0.107106981,9.49011012e-05,-0.000326614438,-0.000302967773,2047.24794,357.940502,-590.091409,69.8980713,1798.97845,519.629464,-2154.59168,157.397512,20877.2632,18700.0,193834.801678,6.461160056,-210.0,30000 3000,1e-06,2,0.0 0.0259,0.0 0.0,-1.0 0.0,0.00054857 28.0,30000,1000,0,0.0,0.0 0.0 0.0,1000 1000000 0,0,0.0,0,100,0,,70,,1,,,10,1.0,10.0,0.1,True,{},,,False,3,mixed,250,300,True,Ar_Aubin,,False,uniform,Argon_Aubin_Model3-test/70Td,3.0000000000000005e+21,9.167414285714287e+23,2.8883217275314825e-17,2.042752413061516e-13,2.0394658530351885e-13,4.813869545885805e-18,8.752490083428737e-19,1.7504980166857473e-18,0.0,0.0,1.7504980166857473e-18,3.938620537542931e-18,2.188122520857184e-18,4.376245041714368e-19,2.625747025028621e-18,1.7504980166857473e-18,3.0633715292000576e-18,7.439616570914425e-18,5.251494050057242e-18,4.376245041714368e-19,1.7504980166857473e-18,3.5009960333714946e-18,7.877241075085862e-18,3.938620537542931e-18,1.0502988100114484e-17,9.62773909177161e-18,9.190114587600173e-18,8.3148655792573e-18,7.13327941799442e-17,4.595057293800087e-17,4.726344645051518e-17,0.0,1.7504980166857473e-18,3.5009960333714946e-18,2.625747025028621e-18,3.632283384622925e-17,2.888321727531483e-17,2004.9007045356122,2043.307147552602,2349.459942903465,1799.1626834309989,1407.5972622719632,964.6712283080997,-62.33660036693018,-1333.8617988992291,63570.12320005017,9.08144617143574e+23,4.543520732911216e-22,4.50091352684194e-22
4.77324e-06,193842.0,6.46141,3e+22,6966.63,-5867.93,59433.1,4.28565,4.28549,4.33113,-0.000882000938,-0.000851879001,0.311943244,0.0182300128,0.0181735696,0.108187769,0.000100061715,-0.000330459935,-0.000296476403,1282.76195,13.5474787,736.987601,71.6014862,2074.51953,721.49975,2303.72239,-2382.57118,20258.1447,18800.0,193842.31699,6.461410566,-210.0,30000 3000,1e-06,2,0.0 0.0259,0.0 0.0,-1.0 0.0,0.00054857 28.0,30000,1000,0,0.0,0.0 0.0 0.0,1000 1000000 0,0,0.0,0,100,0,,70,,1,,,10,1.0,10.0,0.1,True,{},,,False,3,mixed,250,300,True,Ar_Aubin,,False,uniform,Argon_Aubin_Model3-test/70Td,3.0000000000000005e+21,8.490442857142858e+23,2.0568351696057527e-17,2.047010499487104e-13,2.0435357609239833e-13,2.625747025028621e-18,4.376245041714368e-19,1.3128735125143105e-18,0.0,1.3128735125143105e-18,8.752490083428737e-19,3.0633715292000576e-18,7.001992066742989e-18,8.752490083428737e-19,1.3128735125143105e-18,2.625747025028621e-18,2.188122520857184e-18,7.877241075085862e-18,4.813869545885805e-18,3.5009960333714946e-18,1.7504980166857473e-18,2.625747025028621e-18,7.001992066742989e-18,3.938620537542931e-18,8.752490083428736e-18,9.62773909177161e-18,7.001992066742989e-18,9.62773909177161e-18,8.227340678423012e-17,4.551294843382943e-17,5.2077315996400986e-17,0.0,4.813869545885805e-18,3.0633715292000576e-18,1.7504980166857473e-18,4.726344645051518e-17,2.056835169605753e-17,1612.8501044689497,1288.906524194699,2565.3046963566744,2069.520763653662,1157.7107161606748,1718.3906850236017,-362.23665714116305,919.9368790005274,64689.59731543598,9.241371045062285e+23,3.179545483296676e-22,3.4607570017477683e-22
4.79863e-06,192828.0,6.42759,3e+22,-7436.98,-6109.21,57748.9,4.31568,4.25806,4.26196,-0.00091136954,-0.000865959515,0.313411114,0.0183356386,0.0182469704,0.109170776,9.47043794e-05,-0.000334568313,-0.00029974799,457.28718,-704.017471,-873.818635,-635.13484,1805.59862,-125.154374,-1787.64205,-2333.84402,20076.8644,18900.0,192827.843921,6.427594797,-210.0,30000 3000,1e-06,2,0.0 0.0259,0.0 0.0,-1.0 0.0,0.00054857 28.0,30000,1000,0,0.0,0.0 0.0 0.0,1000 1000000 0,0,0.0,0,100,0,,70,,1,,,10,1.0,10.0,0.1,True,{},,,False,3,mixed,250,300,True,Ar_Aubin,,False,uniform,Argon_Aubin_Model3-test/70Td,3.0000000000000005e+21,8.249842857142859e+23,2.800796826697195e-17,2.037356502925082e-13,2.0339123980772532e-13,3.938620537542931e-18,4.376245041714368e-19,8.752490083428737e-19,0.0,0.0,3.0633715292000576e-18,3.0633715292000576e-18,4.813869545885805e-18,8.752490083428737e-19,2.188122520857184e-18,1.7504980166857473e-18,8.752490083428737e-19,1.0940612604285921e-17,3.0633715292000576e-18,8.752490083428737e-19,1.3128735125143105e-18,1.3128735125143105e-18,8.3148655792573e-18,2.188122520857184e-18,1.0940612604285921e-17,1.1815861612628794e-17,6.5643675625715526e-18,3.5009960333714946e-18,9.365164389268747e-17,4.244957690462937e-17,5.0326817979715237e-17,0.0,4.813869545885805e-18,5.251494050057242e-18,2.188122520857184e-18,3.500996033371494e-17,2.8007968266971957e-17,2079.06251410404,450.5093429584108,1445.013154022173,1800.3082914713668,1281.392745898691,1977.7173187253975,251.7066431257185,-277.9979099757743,57813.82928443072,8.25911846920439e+23,4.844510148113386e-22,4.849957015107119e-22
4.82401e-06,192883.0,6.42944,3e+22,2742.17,-4889.06,59124.3,4.26367,4.30606,4.2691,-0.000903695761,-0.000923094336,0.315015385,0.0184434023,0.0183565337,0.110245668,9.67004959e-05,-0.000336269901,-0.000315038708,2320.84654,-863.494529,466.680569,-1419.8374,890.758967,1410.94916,1198.01551,-1282.66067,20162.0142,19000.0,192883.206088,6.429440203,-210.0,30000 3000,1e-06,2,0.0 0.0259,0.0 0.0,-1.0 0.0,0.00054857 28.0,30000,1000,0,0.0,0.0 0.0 0.0,1000 1000000 0,0,0.0,0,100,0,,70,,1,,,10,1.0,10.0,0.1,True,{},,,False,3,mixed,250,300,True,Ar_Aubin,,False,uniform,Argon_Aubin_Model3-test/70Td,3.0000000000000005e+21,8.446328571428573e+23,1.9255478183543218e-17,2.0323894648027364e-13,2.028993498650366e-13,3.5009960333714946e-18,4.376245041714368e-19,1.3128735125143105e-18,0.0,0.0,2.188122520857184e-18,3.938620537542931e-18,4.376245041714368e-18,4.376245041714368e-19,2.625747025028621e-18,2.625747025028621e-18,3.5009960333714946e-18,1.0940612604285921e-17,2.625747025028621e-18,4.376245041714368e-19,2.625747025028621e-18,2.625747025028621e-18,8.752490083428736e-18,1.7504980166857473e-18,1.0940612604285921e-17,7.439616570914425e-18,1.2691110620971668e-17,5.251494050057242e-18,8.533677831343019e-17,4.8138695458858047e-17,5.0326817979715237e-17,0.0,3.938620537542931e-18,4.813869545885805e-18,3.0633715292000576e-18,3.3697086821200634e-17,1.925547818354322e-17,2122.4759037163653,2323.3246274049416,2155.628342480083,886.2459034056358,1314.033935603192,1536.9500726445003,-104.64374085391732,854.3007199966423,63186.14708384498,9.026592440549284e+23,3.0474208465333587e-22,3.2567790542202134e-22
4.8494e-06,193169.0,6.43896,3e+22,-440.648,-8099.2,54764.9,4.33671,4.25898,4.26481,-0.00092517648,-0.000955459205,0.316602405,0.0185529518,0.0184652885,0.111302459,9.49495505e-05,-0.00033449945,-0.000330652236,1237.04739,823.126621,441.761333,2270.9937,1071.56633,-285.152453,10.8705398,-2785.11381,18504.9402,19100.0,193168.871219,6.438962374,-210.0,30000 3000,1e-06,2,0.0 0.0259,0.0 0.0,-1.0 0.0,0.00054857 28.0,30000,1000,0,0.0,0.0 0.0 0.0,1000 1000000 0,0,0.0,0,100,0,,70,,1,,,10,1.0,10.0,0.1,True,{},,,False,3,mixed,250,300,True,Ar_Aubin,,False,uniform,Argon_Aubin_Model3-test/70Td,3.0000000000000005e+21,7.823557142857145e+23,2.188122520857184e-17,2.0363455903204462e-13,2.0330852877643692e-13,1.7504980166857473e-18,2.188122520857184e-18,1.7504980166857473e-18,0.0,0.0,3.0633715292000576e-18,2.625747025028621e-18,1.7504980166857473e-18,4.376245041714368e-19,1.7504980166857473e-18,4.376245041714368e-19,4.376245041714368e-18,1.0065363595943046e-17,3.0633715292000576e-18,2.625747025028621e-18,1.3128735125143105e-18,4.813869545885805e-18,3.938620537542931e-18,1.7504980166857473e-18,1.3128735125143105e-17,8.3148655792573e-18,6.5643675625715526e-18,8.752490083428736e-18,7.921003525503007e-17,3.938620537542932e-17,4.945156897137237e-17,4.376245041714368e-19,2.625747025028621e-18,4.376245041714368e-18,4.376245041714368e-18,3.982382987960075e-17,2.1881225208571842e-17,2156.595899685292,1236.6397128344408,2140.522120488991,1063.8278748068642,1071.3231975732506,1166.2411504155025,394.0779509386297,642.809286767992,62506.69565491361,8.929527950701946e+23,3.5006210101672156e-22,3.9954834590352287e-22
4.87479e-06,193037.0,6.43458,3e+22,-2030.67,-6754.82,63768.0,4.27694,4.27851,4.2903,-0.000927358387,-0.000936407863,0.318120217,0.0186621289,0.0185609975,0.112332251,9.06940591e-05,-0.000319503123,-0.000318038236,2217.60201,163.83857,735.259153,-91.0102171,1069.25501,257.312946,-1716.66756,-1693.73562,20385.3983,19200.0,193037.257322,6.434575244,-210.0,30000 3000,1e-06,2,0.0 0.0259,0.0 0.0,-1.0 0.0,0.00054857 28.0,30000,1000,0,0.0,0.0 0.0 0.0,1000 1000000 0,0,0.0,0,100,0,,70,,1,,,10,1.0,10.0,0.1,True,{},,,False,3,mixed,250,300,True,Ar_Aubin,,False,uniform,Argon_Aubin_Model3-test/70Td,3.0000000000000005e+21,9.109714285714287e+23,1.9255478183543218e-17,2.0336585758648338e-13,2.0303807683285895e-13,4.376245041714368e-18,4.376245041714368e-19,1.7504980166857473e-18,0.0,0.0,2.188122520857184e-18,3.938620537542931e-18,4.376245041714368e-19,4.376245041714368e-19,1.7504980166857473e-18,1.7504980166857473e-18,8.752490083428737e-19,7.439616570914425e-18,3.938620537542931e-18,1.3128735125143105e-18,1.7504980166857473e-18,2.625747025028621e-18,7.877241075085862e-18,3.938620537542931e-18,7.001992066742989e-18,1.0502988100114484e-17,4.813869545885805e-18,8.3148655792573e-18,9.102589686765886e-17,3.938620537542932e-17,5.076444248388667e-17,0.0,3.5009960333714946e-18,7.001992066742989e-18,2.625747025028621e-18,3.676045835040069e-17,1.925547818354322e-17,2149.956240768099,2215.718851144271,1885.5169558900232,1062.9297434388504,1307.6690388370364,99.508302344002,673.2945651674531,-276.27543632239417,59780.8551532914,8.540122164755915e+23,3.2210108293312117e-22,3.019614568991221e-22
4.90018e-06,192589.0,6.41963,3e+22,1926.57,-7133.83,58580.6,4.30331,4.27061,4.24552,-0.000945319358,-0.000979183036,0.319740886,0.0187527732,0.0186680119,0.113418353,0.000100026371,-0.000329731587,-0.000327444262,1430.51971,-920.744102,455.762561,-547.311338,2784.29817,1477.74434,348.354212,-2720.50356,19194.823,19300.0,192589.010408,6.41963368,-210.0,30000 3000,1e-06,2,0.0 0.0259,0.0 0.0,-1.0 0.0,0.00054857 28.0,30000,1000,0,0.0,0.0 0.0 0.0,1000 1000000 0,0,0.0,0,100,0,,70,,1,,,10,1.0,10.0,0.1,True,{},,,False,3,mixed,250,300,True,Ar_Aubin,,False,uniform,Argon_Aubin_Model3-test/70Td,3.0000000000000005e+21,8.368657142857144e+23,2.4506972233600458e-17,2.0325513858692798e-13,2.028967241180116e-13,2.625747025028621e-18,2.625747025028621e-18,0.0,0.0,1.3128735125143105e-18,8.752490083428737e-19,3.0633715292000576e-18,3.938620537542931e-18,0.0,2.188122520857184e-18,1.3128735125143105e-18,1.3128735125143105e-18,1.4441608637657416e-17,5.6891185542286785e-18,1.3128735125143105e-18,8.752490083428737e-19,2.188122520857184e-18,1.0940612604285921e-17,2.188122520857184e-18,9.62773909177161e-18,9.190114587600173e-18,1.2691110620971668e-17,9.62773909177161e-18,8.79625253384588e-17,4.770107095468661e-17,4.901394446720092e-17,0.0,3.938620537542931e-18,2.625747025028621e-18,1.7504980166857473e-18,4.288720140880081e-17,2.450697223360046e-17,1784.4051282675887,1432.340933915542,2105.8319207057366,2777.312844682292,1030.7425887389174,464.21005358840193,-117.47590467509292,243.49094944223475,63832.00207959239,9.118857439941772e+23,3.839292429374628e-22,4.1834621416647247e-22
4.92557e-06,192660.0,6.42199,3e+22,-3682.9,-5096.43,53513.1,4.28977,4.24392,4.2938,-0.00105264753,-0.000943702923,0.321250039,0.0188543188,0.0187759231,0.114449323,9.83296881e-05,-0.0003649886,-0.000312676658,1180.04949,-556.427528,-87.5480922,-349.607013,1918.26249,-769.333777,-1436.55012,-1405.66996,18510.567,19400.0,192659.844328,6.421994811,-210.0,30000 3000,1e-06,2,0.0 0.0259,0.0 0.0,-1.0 0.0,0.00054857 28.0,30000,1000,0,0.0,0.0 0.0 0.0,1000 1000000 0,0,0.0,0,100,0,,70,,1,,,10,1.0,10.0,0.1,True,{},,,False,3,mixed,250,300,True,Ar_Aubin,,False,uniform,Argon_Aubin_Model3-test/70Td,3.0000000000000005e+21,7.644728571428573e+23,1.881785367937178e-17,2.0296017967111644e-13,2.0264290190559216e-13,3.5009960333714946e-18,8.752490083428737e-19,4.376245041714368e-19,0.0,4.376245041714368e-19,8.752490083428737e-19,3.5009960333714946e-18,4.376245041714368e-18,4.376245041714368e-19,1.3128735125143105e-18,1.3128735125143105e-18,3.938620537542931e-18,8.752490083428736e-18,2.625747025028621e-18,0.0,4.376245041714368e-19,2.625747025028621e-18,6.5643675625715526e-18,1.7504980166857473e-18,1.0065363595943046e-17,1.1378237108457357e-17,7.001992066742989e-18,1.0940612604285921e-17,8.139815777588725e-17,4.288720140880081e-17,4.0261454383772186e-17,0.0,3.0633715292000576e-18,3.0633715292000576e-18,2.625747025028621e-18,4.2011952400457935e-17,1.8817853679371784e-17,1995.524976096388,1176.1726944117631,2126.4498891497265,1913.4529741121353,1252.8086807883803,1319.4815379891006,25.553690719129403,-284.63601102925713,59439.81000094469,8.491401428706387e+23,3.1658670643585e-22,3.516494779665499e-22
4.95096e-06,192158.0,6.40528,3e+22,1167.92,2801.37,56858.3,4.27223,4.25185,4.26805,-0.0011208778,-0.000983502385,0.322766944,0.018949609,0.0188903559,0.11548854,0.000102087918,-0.00038807832,-0.000326840212,1627.12946,-480.889526,-1007.72179,742.090285,1361.43139,43.2152148,1726.57488,2019.73656,19137.0307,19500.0,192158.487373,6.405282912,-210.0,30000 3000,1e-06,2,0.0 0.0259,0.0 0.0,-1.0 0.0,0.00054857 28.0,30000,1000,0,0.0,0.0 0.0 0.0,1000 1000000 0,0,0.0,0,100,0,,70,,1,,,10,1.0,10.0,0.1,True,{},,,False,3,mixed,250,300,True,Ar_Aubin,,False,uniform,Argon_Aubin_Model3-test/70Td,3.0000000000000005e+21,8.122614285714288e+23,2.319409872108615e-17,2.031369799708017e-13,2.0279825860457303e-13,2.625747025028621e-18,1.7504980166857473e-18,8.752490083428737e-19,0.0,0.0,2.188122520857184e-18,4.376245041714368e-18,1.3128735125143105e-18,8.752490083428737e-19,1.3128735125143105e-18,2.625747025028621e-18,8.752490083428737e-19,1.2691110620971668e-17,4.813869545885805e-18,4.376245041714368e-19,2.188122520857184e-18,3.0633715292000576e-18,7.877241075085862e-18,1.7504980166857473e-18,1.0065363595943046e-17,1.0940612604285921e-17,7.877241075085862e-18,8.3148655792573e-18,8.052290876754437e-17,4.420007492131512e-17,5.4265438517258164e-17,0.0,2.188122520857184e-18,4.813869545885805e-18,2.188122520857184e-18,3.851095636708644e-17,2.3194098721086152e-17,1873.639202269483,1628.4385556001762,2252.0263861103704,1364.1865440762674,1226.9673094961609,785.0509679647985,20.85586372725577,405.61832697925985,59745.131865016105,8.535018837859445e+23,3.882173826896766e-22,4.0792810761289286e-22
4.97635e-06,192019.0,6.40064,3e+22,-6154.6,-4914.78,55749.7,4.27186,4.27079,4.24059,-0.00114092233,-0.00106199937,0.324345992,0.0190156469,0.018975298,0.116574575,0.000108938865,-0.00040400676,-0.000356719779,1508.89186,421.592467,508.731254,1103.85851,1028.51983,-641.548556,-2903.12118,-612.793608,18108.9533,19600.0,192019.156215,6.400638541,-210.0,30000 3000,1e-06,2,0.0 0.0259,0.0 0.0,-1.0 0.0,0.00054857 28.0,30000,1000,0,0.0,0.0 0.0 0.0,1000 1000000 0,0,0.0,0,100,0,,70,,1,,,10,1.0,10.0,0.1,True,{},,,False,3,mixed,250,300,True,Ar_Aubin,,False,uniform,Argon_Aubin_Model3-test/70Td,3.0000000000000005e+21,7.964242857142857e+23,2.4944596737771898e-17,2.021273802396782e-13,2.0178822124894534e-13,3.5009960333714946e-18,8.752490083428737e-19,2.625747025028621e-18,0.0,8.752490083428737e-19,8.752490083428737e-19,2.625747025028621e-18,2.625747025028621e-18,1.3128735125143105e-18,1.3128735125143105e-18,1.3128735125143105e-18,3.0633715292000576e-18,8.3148655792573e-18,5.6891185542286785e-18,2.625747025028621e-18,1.3128735125143105e-18,1.7504980166857473e-18,9.190114587600173e-18,4.376245041714368e-18,8.752490083428736e-18,9.62773909177161e-18,9.190114587600173e-18,8.3148655792573e-18,8.008528426337294e-17,4.420007492131512e-17,5.2952565004743855e-17,0.0,2.625747025028621e-18,4.376245041714368e-18,2.625747025028621e-18,3.7198082854572133e-17,2.49445967377719e-17,1299.5983252875446,1501.869939427782,1669.6114605866544,1023.3003367363114,1264.5455744687142,26.76154979760031,-301.5863654662468,-334.564006015999,62192.708825661975,8.884672689380284e+23,4.010855485921406e-22,4.474391205292925e-22
5.00174e-06,193104.0,6.4368,3e+22,-2682.31,10162.6,64925.1,4.22191,4.29608,4.33102,-0.00116422608,-0.00101123385,0.325982749,0.0191007531,0.0190614389,0.117698201,0.000112862108,-0.000415552167,-0.000348757401,1721.47452,-684.358309,-536.861721,-934.865528,2362.6778,315.245175,-383.919216,2619.71644,22786.0845,19700.0,193104.029034,6.436800968,-210.0,30000 3000,1e-06,2,0.0 0.0259,0.0 0.0,-1.0 0.0,0.00054857 28.0,30000,1000,0,0.0,0.0 0.0 0.0,1000 1000000 0,0,0.0,0,100,0,,70,,1,,,10,1.0,10.0,0.1,True,{},,,False,3,mixed,250,300,True,Ar_Aubin,,False,uniform,Argon_Aubin_Model3-test/70Td,3.0000000000000005e+21,9.275014285714286e+23,1.794260467102891e-17,2.0279475760853963e-13,2.0248404421057794e-13,4.813869545885805e-18,8.752490083428737e-19,0.0,0.0,4.376245041714368e-19,2.625747025028621e-18,2.188122520857184e-18,2.188122520857184e-18,4.376245041714368e-19,1.7504980166857473e-18,2.625747025028621e-18,1.3128735125143105e-18,1.0065363595943046e-17,3.938620537542931e-18,2.188122520857184e-18,2.625747025028621e-18,4.376245041714368e-19,8.3148655792573e-18,3.5009960333714946e-18,4.813869545885805e-18,1.0940612604285921e-17,1.0065363595943046e-17,7.001992066742989e-18,8.183578228005869e-17,4.244957690462937e-17,4.0261454383772186e-17,0.0,3.938620537542931e-18,4.376245041714368e-18,1.3128735125143105e-18,3.5447584837886383e-17,1.794260467102891e-17,1674.94725001063,1718.3517047433552,1698.4542639997678,2372.95456512401,1165.7505606049667,1621.6219229001,-81.97742000297015,29.19334513679803,64465.647351671105,9.209378193095874e+23,2.7832815473253434e-22,2.763585219126179e-22
5.02713e-06,193507.0,6.45024,3e+22,-2678.96,-10302.6,61917.4,4.35454,4.24888,4.27461,-0.00112130098,-0.000987718985,0.327556044,0.0192010659,0.0191666154,0.118770483,0.000113982088,-0.000423811071,-0.000352262707,2110.79301,-467.901242,-223.113697,822.306146,916.325215,-183.43398,-959.451928,-4399.73297,20805.1041,19800.0,193507.08451,6.45023615,-210.0,30000 3000,1e-06,2,0.0 0.0259,0.0 0.0,-1.0 0.0,0.00054857 28.0,30000,1000,0,0.0,0.0 0.0 0.0,1000 1000000 0,0,0.0,0,100,0,,70,,1,,,10,1.0,10.0,0.1,True,{},,,False,3,mixed,250,300,True,Ar_Aubin,,False,uniform,Argon_Aubin_Model3-test/70Td,3.0000000000000005e+21,8.845342857142859e+23,2.188122520857184e-17,2.0320437414444408e-13,2.0288622112991148e-13,3.5009960333714946e-18,4.376245041714368e-19,1.3128735125143105e-18,4.376245041714368e-19,0.0,1.3128735125143105e-18,4.376245041714368e-18,2.625747025028621e-18,0.0,1.7504980166857473e-18,2.188122520857184e-18,2.188122520857184e-18,9.190114587600173e-18,2.188122520857184e-18,2.625747025028621e-18,4.376245041714368e-19,2.625747025028621e-18,3.938620537542931e-18,3.0633715292000576e-18,1.0065363595943046e-17,9.62773909177161e-18,7.001992066742989e-18,5.251494050057242e-18,8.139815777588725e-17,4.1574327896286495e-17,4.420007492131512e-17,0.0,4.376245041714368e-18,3.5009960333714946e-18,2.188122520857184e-18,4.288720140880081e-17,2.1881225208571842e-17,1977.4022922300262,2107.789089526619,2072.1772912147544,906.1491413851389,867.9279048720567,523.6855012344022,-806.9291707538054,-235.62804406670796,61966.119986135054,8.852302855162153e+23,3.5311594809337383e-22,3.533937989736623e-22
5.05252e-06,193794.0,6.45979,3e+22,-1573.74,10063.2,51458.5,4.28879,4.309,4.30615,-0.00116024196,-0.000948821935,0.329145794,0.0192854784,0.0192486849,0.119866149,0.000115327551,-0.000430359385,-0.000337690924,2249.58582,-65.4600249,669.215405,-612.611867,1368.58867,-79.3616143,-422.914513,3618.2949,17999.1756,19900.0,193793.849745,6.459794992,-210.0,30000 3000,1e-06,2,0.0 0.0259,0.0 0.0,-1.0 0.0,0.00054857 28.0,30000,1000,0,0.0,0.0 0.0 0.0,1000 1000000 0,0,0.0,0,100,0,,70,,1,,,10,1.0,10.0,0.1,True,{},,,False,3,mixed,250,300,True,Ar_Aubin,,False,uniform,Argon_Aubin_Model3-test/70Td,3.0000000000000005e+21,7.351214285714288e+23,1.9693102687714655e-17,2.0369057496857856e-13,2.0336323183945835e-13,3.938620537542931e-18,1.3128735125143105e-18,8.752490083428737e-19,0.0,0.0,4.376245041714368e-18,1.3128735125143105e-18,3.0633715292000576e-18,4.376245041714368e-19,3.0633715292000576e-18,1.7504980166857473e-18,3.5009960333714946e-18,1.0502988100114484e-17,3.938620537542931e-18,2.188122520857184e-18,0.0,3.938620537542931e-18,7.001992066742989e-18,1.7504980166857473e-18,1.0065363595943046e-17,1.1815861612628794e-17,6.126743058400115e-18,1.0502988100114484e-17,7.26456676924585e-17,4.244957690462937e-17,5.339018950891529e-17,0.0,5.251494050057242e-18,3.0633715292000576e-18,3.5009960333714946e-18,3.588520934205782e-17,1.969310268771466e-17,1660.5943867174076,2247.7599008178695,1617.6864883455207,1378.136854896292,1017.6263714179737,1061.8267594509998,317.1193722702654,823.99510474822,62614.219995588785,8.944888570798399e+23,3.145148608271739e-22,3.8269873174916985e-22
5.07791e-06,194095.0,6.46985,3e+22,-1011.45,1538.71,62686.1,4.30033,4.29653,4.32048,-0.00118779265,-0.000876565624,0.330709163,0.019395774,0.0193507862,0.120963501,0.000110977077,-0.000425901366,-0.000319509212,1444.28303,-568.733326,-173.287795,-261.749884,2109.88015,-35.9176096,180.450478,995.549449,22001.6405,20000.0,194095.402614,6.469846754,-210.0,30000 3000,1e-06,2,0.0 0.0259,0.0 0.0,-1.0 0.0,0.00054857 28.0,30000,1000,0,0.0,0.0 0.0 0.0,1000 1000000 0,0,0.0,0,100,0,,70,,1,,,10,1.0,10.0,0.1,True,{},,,False,3,mixed,250,300,True,Ar_Aubin,,False,uniform,Argon_Aubin_Model3-test/70Td,3.0000000000000005e+21,8.955157142857145e+23,2.406934772942902e-17,2.041115697415915e-13,2.0379254147805054e-13,3.5009960333714946e-18,4.376245041714368e-19,8.752490083428737e-19,0.0,8.752490083428737e-19,2.625747025028621e-18,4.376245041714368e-18,2.625747025028621e-18,8.752490083428737e-19,1.3128735125143105e-18,1.7504980166857473e-18,3.0633715292000576e-18,8.3148655792573e-18,4.376245041714368e-18,1.3128735125143105e-18,2.625747025028621e-18,2.625747025028621e-18,6.5643675625715526e-18,2.188122520857184e-18,8.3148655792573e-18,1.0065363595943046e-17,7.439616570914425e-18,7.001992066742989e-18,8.489915380925874e-17,3.982382987960075e-17,3.938620537542932e-17,0.0,3.0633715292000576e-18,5.251494050057242e-18,1.3128735125143105e-18,3.807333186291501e-17,2.4069347729429023e-17,2170.7886305091897,1443.0816371241576,2013.2888224146188,2111.228930291305,1294.9242156210653,1270.7728372657039,605.8847300759232,416.116554753515,61575.17251157881,8.79645321593983e+23,3.9089371166443648e-22,3.8396626571806223e-22
5.1033e-06,193628.0,6.45428,3e+22,7503.54,4131.21,56050.4,4.29709,4.29978,4.2934,-0.00120953918,-0.00091148407,0.332310054,0.0194945188,0.0194390177,0.122091184,0.000116119374,-0.00043516993,-0.000340484642,2870.55738,2013.06281,-441.542894,722.57961,1430.08827,-489.577252,2786.15051,921.302986,19336.7161,20100.0,193628.28483,6.454276161,-210.0,30000 3000,1e-06,2,0.0 0.0259,0.0 0.0,-1.0 0.0,0.00054857 28.0,30000,1000,0,0.0,0.0 0.0 0.0,1000 1000000 0,0,0.0,0,100,0,,70,,1,,,10,1.0,10.0,0.1,True,{},,,False,3,mixed,250,300,True,Ar_Aubin,,False,uniform,Argon_Aubin_Model3-test/70Td,3.0000000000000005e+21,8.007200000000002e+23,2.406934772942902e-17,2.0445729309988693e-13,2.0410237962700393e-13,3.0633715292000576e-18,1.3128735125143105e-18,0.0,0.0,4.376245041714368e-19,1.3128735125143105e-18,4.813869545885805e-18,1.3128735125143105e-18,0.0,4.376245041714368e-19,1.7504980166857473e-18,3.5009960333714946e-18,1.0940612604285921e-17,6.126743058400115e-18,8.752490083428737e-19,1.7504980166857473e-18,1.7504980166857473e-18,1.1815861612628794e-17,8.752490083428737e-19,1.0065363595943046e-17,7.001992066742989e-18,8.3148655792573e-18,8.3148655792573e-18,8.577440281760162e-17,4.857631996302949e-17,5.2952565004743855e-17,0.0,4.376245041714368e-18,6.5643675625715526e-18,1.7504980166857473e-18,4.5075323929657994e-17,2.4069347729429023e-17,1943.5648129832048,2879.6332056186975,1736.3224328723986,1433.8538021048246,1304.894576472919,710.6046492784008,-5.531669586608227,-81.09901173648814,63053.02170967832,9.007574529954048e+23,3.8173186751071275e-22,4.294232999127396e-22
5.12869e-06,194005.0,6.46684,3e+22,254.743,-1674.06,53769.8,4.29676,4.29801,4.32244,-0.00115043819,-0.000763590369,0.333950861,0.0196053158,0.0195336263,0.123236633,0.000139849023,-0.000424603773,-0.000291879639,1513.82689,926.988259,308.093385,-653.629419,52.2948865,-950.373272,-45.6043722,-225.787057,18652.3722,20200.0,194005.082714,6.46683609,-210.0,30000 3000,1e-06,2,0.0 0.0259,0.0 0.0,-1.0 0.0,0.00054857 28.0,30000,1000,0,0.0,0.0 0.0 0.0,1000 1000000 0,0,0.0,0,100,0,,70,,1,,,10,1.0,10.0,0.1,True,{},,,False,3,mixed,250,300,True,Ar_Aubin,,False,uniform,Argon_Aubin_Model3-test/70Td,3.0000000000000005e+21,7.681400000000002e+23,2.0568351696057527e-17,2.0440959202893224e-13,2.0407437165873696e-13,3.0633715292000576e-18,1.3128735125143105e-18,1.3128735125143105e-18,0.0,0.0,1.7504980166857473e-18,3.5009960333714946e-18,2.188122520857184e-18,0.0,8.752490083428737e-19,3.0633715292000576e-18,3.0633715292000576e-18,1.0940612604285921e-17,8.752490083428736e-18,1.3128735125143105e-18,8.752490083428737e-19,2.188122520857184e-18,6.5643675625715526e-18,3.0633715292000576e-18,1.2691110620971668e-17,9.190114587600173e-18,6.126743058400115e-18,8.3148655792573e-18,7.789716174251575e-17,4.3762450417143685e-17,5.2952565004743855e-17,4.376245041714368e-19,1.3128735125143105e-18,4.376245041714368e-18,2.625747025028621e-18,4.113670339211506e-17,2.056835169605753e-17,2184.6834333534753,1514.1199560758353,1868.015505526568,51.016590406871856,1028.8351695499555,695.9011942022007,-283.03120738941055,239.27620000493903,64625.161483440716,9.23216592620582e+23,3.182715713805663e-22,3.825260963599925e-22
5.15408e-06,192939.0,6.43129,3e+22,5313.65,-2624.75,51389.7,4.24976,4.265,4.33261,-0.00111191256,-0.000774291216,0.335434997,0.019689953,0.0196144113,0.124299002,0.000138996398,-0.000417889574,-0.000298205341,1130.49393,-360.075769,-221.603778,-154.814528,1311.45345,-663.672588,1692.19895,-1168.25255,17883.4355,20300.0,192938.677662,6.431289255,-210.0,30000 3000,1e-06,2,0.0 0.0259,0.0 0.0,-1.0 0.0,0.00054857 28.0,30000,1000,0,0.0,0.0 0.0 0.0,1000 1000000 0,0,0.0,0,100,0,,70,,1,,,10,1.0,10.0,0.1,True,{},,,False,3,mixed,250,300,True,Ar_Aubin,,False,uniform,Argon_Aubin_Model3-test/70Td,3.0000000000000005e+21,7.341385714285715e+23,2.8445592771143385e-17,2.039627774101732e-13,2.0361399068034859e-13,1.7504980166857473e-18,1.7504980166857473e-18,4.376245041714368e-19,0.0,8.752490083428737e-19,2.188122520857184e-18,1.3128735125143105e-18,3.0633715292000576e-18,8.752490083428737e-19,8.752490083428737e-19,1.7504980166857473e-18,1.7504980166857473e-18,1.2691110620971668e-17,4.813869545885805e-18,2.188122520857184e-18,2.188122520857184e-18,8.752490083428737e-19,9.62773909177161e-18,3.5009960333714946e-18,1.0940612604285921e-17,1.0065363595943046e-17,7.877241075085862e-18,7.439616570914425e-18,8.79625253384588e-17,3.982382987960075e-17,5.076444248388667e-17,0.0,2.625747025028621e-18,3.5009960333714946e-18,3.938620537542931e-18,4.288720140880081e-17,2.844559277114339e-17,1668.4854918535177,1136.4022441744441,1590.5832184133665,1309.421129130804,1357.038910642666,645.5316346690997,-177.28671778678054,-254.64814692441792,58454.48530106913,8.35064075729559e+23,4.866280598423662e-22,5.535271225779366e-22
5.17947e-06,193202.0,6.44005,3e+22,2350.95,-2192.39,57132.1,4.28681,4.30309,4.27158,-0.00110048699,-0.000783522589,0.336982558,0.0198064064,0.0197039346,0.125424679,0.000109446801,-0.000429616639,-0.000297151465,1117.64169,-698.195044,-970.47321,-228.488047,1835.11043,273.5195,1414.93117,-588.396424,21185.5317,20400.0,193201.574492,6.440052483,-210.0,30000 3000,1e-06,2,0.0 0.0259,0.0 0.0,-1.0 0.0,0.00054857 28.0,30000,1000,0,0.0,0.0 0.0 0.0,1000 1000000 0,0,0.0,0,100,0,,70,,1,,,10,1.0,10.0,0.1,True,{},,,False,3,mixed,250,300,True,Ar_Aubin,,False,uniform,Argon_Aubin_Model3-test/70Td,3.0000000000000005e+21,8.161728571428572e+23,1.6629731158514597e-17,2.0363499665654878e-13,2.0331596839300783e-13,5.6891185542286785e-18,8.752490083428737e-19,1.7504980166857473e-18,0.0,4.376245041714368e-19,1.7504980166857473e-18,3.0633715292000576e-18,2.188122520857184e-18,8.752490083428737e-19,1.3128735125143105e-18,2.188122520857184e-18,2.188122520857184e-18,9.62773909177161e-18,5.251494050057242e-18,1.3128735125143105e-18,1.3128735125143105e-18,2.188122520857184e-18,6.126743058400115e-18,2.188122520857184e-18,1.1378237108457357e-17,9.190114587600173e-18,7.877241075085862e-18,8.3148655792573e-18,7.26456676924585e-17,4.0261454383772186e-17,5.1202066988058105e-17,0.0,2.188122520857184e-18,6.5643675625715526e-18,3.0633715292000576e-18,3.938620537542932e-17,1.66297311585146e-17,2293.826565324521,1120.2288798891404,1762.7083380537756,1833.3926429111023,1675.2886253949493,1933.0104980882024,-545.756147869283,-284.8980519687209,60952.55537700378,8.707507911000543e+23,2.7283074607219293e-22,2.91075090159728e-22
5.20486e-06,192437.0,6.41457,3e+22,6048.33,10393.6,54597.1,4.25994,4.26044,4.29098,-0.00100414009,-0.00074956212,0.338503746,0.0198980166,0.0198272709,0.126530167,9.70761716e-05,-0.000407546888,-0.000272041037,1240.96539,-1023.10082,1247.21839,-716.973668,2777.8208,1206.54953,2039.37929,4299.75818,18793.5229,20500.0,192437.024531,6.414567484,-210.0,30000 3000,1e-06,2,0.0 0.0259,0.0 0.0,-1.0 0.0,0.00054857 28.0,30000,1000,0,0.0,0.0 0.0 0.0,1000 1000000 0,0,0.0,0,100,0,,70,,1,,,10,1.0,10.0,0.1,True,{},,,False,3,mixed,250,300,True,Ar_Aubin,,False,uniform,Argon_Aubin_Model3-test/70Td,3.0000000000000005e+21,7.799585714285716e+23,2.800796826697195e-17,2.0342449927004232e-13,2.0307702541373023e-13,3.938620537542931e-18,1.3128735125143105e-18,4.376245041714368e-19,0.0,4.376245041714368e-19,2.625747025028621e-18,2.625747025028621e-18,2.188122520857184e-18,0.0,3.0633715292000576e-18,2.188122520857184e-18,3.0633715292000576e-18,1.1815861612628794e-17,3.938620537542931e-18,2.625747025028621e-18,3.938620537542931e-18,1.7504980166857473e-18,7.001992066742989e-18,8.752490083428737e-19,9.62773909177161e-18,1.1815861612628794e-17,7.877241075085862e-18,1.0065363595943046e-17,8.489915380925874e-17,4.5075323929657994e-17,5.076444248388667e-17,0.0,2.188122520857184e-18,2.188122520857184e-18,2.188122520857184e-18,3.8948580871257877e-17,2.8007968266971957e-17,1808.0823308522317,1247.0387606305499,2429.8997281511556,2785.6114488504318,1535.0052815098136,312.2000292634002,-349.3551675545596,1294.0384548635589,59913.82298263883,8.559117568948405e+23,4.67470891902321e-22,5.129936986941056e-22
5.23025e-06,192900.0,6.42999,3e+22,-2467.43,-1123.49,58848.1,4.26162,4.31929,4.25933,-0.00099503361,-0.000676067203,0.340114557,0.0199880112,0.0199451101,0.127674329,9.460659e-05,-0.000403833944,-0.000244346645,1262.94534,-755.245534,97.5576918,426.72629,2552.57489,276.035553,-1884.40778,-1648.62523,20338.5683,20600.0,192899.554299,6.429985143,-210.0,30000 3000,1e-06,2,0.0 0.0259,0.0 0.0,-1.0 0.0,0.00054857 28.0,30000,1000,0,0.0,0.0 0.0 0.0,1000 1000000 0,0,0.0,0,100,0,,70,,1,,,10,1.0,10.0,0.1,True,{},,,False,3,mixed,250,300,True,Ar_Aubin,,False,uniform,Argon_Aubin_Model3-test/70Td,3.0000000000000005e+21,8.40687142857143e+23,2.275647421691471e-17,2.026805376129509e-13,2.0235363210833483e-13,4.376245041714368e-18,0.0,2.188122520857184e-18,0.0,8.752490083428737e-19,2.625747025028621e-18,2.188122520857184e-18,1.3128735125143105e-18,1.3128735125143105e-18,8.752490083428737e-19,1.3128735125143105e-18,4.376245041714368e-19,7.439616570914425e-18,4.376245041714368e-18,8.752490083428737e-19,2.188122520857184e-18,4.376245041714368e-19,8.3148655792573e-18,3.0633715292000576e-18,7.439616570914425e-18,9.190114587600173e-18,7.877241075085862e-18,8.752490083428736e-18,8.402390480091587e-17,4.5075323929657994e-17,4.98891934755438e-17,0.0,1.7504980166857473e-18,5.6891185542286785e-18,2.625747025028621e-18,3.763570735874357e-17,2.2756474216914714e-17,1772.6314206469597,1260.4901642196776,2322.6828407845833,2551.815335258101,1005.0605902863407,323.47283820830125,87.9563873193577,-889.0853894368493,63443.73286700026,9.063390409571468e+23,3.5868750447928493e-22,3.866985377083493e-22
5.25564e-06,193208.0,6.44026,3e+22,-11363.5,-711.036,52889.5,4.29695,4.28559,4.28134,-0.00104859945,-0.00066960019,0.341748807,0.0201013738,0.0200316027,0.128850219,0.000101104141,-0.000427169786,-0.000274069464,993.798907,-342.280094,-308.263983,-264.64403,892.27906,-315.393271,-3348.19152,-435.423752,18976.0472,20700.0,193207.943074,6.440264769,-210.0,30000 3000,1e-06,2,0.0 0.0259,0.0 0.0,-1.0 0.0,0.00054857 28.0,30000,1000,0,0.0,0.0 0.0 0.0,1000 1000000 0,0,0.0,0,100,0,,70,,1,,,10,1.0,10.0,0.1,True,{},,,False,3,mixed,250,300,True,Ar_Aubin,,False,uniform,Argon_Aubin_Model3-test/70Td,3.0000000000000005e+21,7.555642857142859e+23,2.5382221241943332e-17,2.0330502778040352e-13,2.0296893216119988e-13,3.938620537542931e-18,1.7504980166857473e-18,8.752490083428737e-19,0.0,4.376245041714368e-19,1.7504980166857473e-18,3.0633715292000576e-18,3.938620537542931e-18,4.376245041714368e-19,1.3128735125143105e-18,3.0633715292000576e-18,2.188122520857184e-18,5.6891185542286785e-18,3.938620537542931e-18,8.752490083428737e-19,2.188122520857184e-18,1.7504980166857473e-18,8.3148655792573e-18,2.188122520857184e-18,7.439616570914425e-18,1.0502988100114484e-17,8.752490083428736e-18,7.877241075085862e-18,8.66496518259445e-17,4.3762450417143685e-17,4.98891934755438e-17,0.0,4.813869545885805e-18,7.877241075085862e-18,1.3128735125143105e-18,3.4134711325372074e-17,2.5382221241943336e-17,2230.3055400338917,981.883147149925,1703.4790317399109,891.8029501593031,1212.2049457845815,901.1236721735004,-134.05671640768398,282.4669659552751,64366.9061347955,9.195272304970788e+23,3.943365118215958e-22,4.799104026686456e-22
5.28103e-06,193072.0,6.43574,3e+22,1695.08,1109.8,55927.7,4.25416,4.33548,4.26403,-0.00113455306,-0.00059398831,0.343274082,0.0202088219,0.0201154558,0.129956411,9.18448368e-05,-0.000452893378,-0.000234755716,2193.36667,-350.185976,123.863439,318.110525,1868.47562,647.592987,91.7444635,220.12474,21744.5853,20800.0,193072.063072,6.435735436,-210.0,30000 3000,1e-06,2,0.0 0.0259,0.0 0.0,-1.0 0.0,0.00054857 28.0,30000,1000,0,0.0,0.0 0.0 0.0,1000 1000000 0,0,0.0,0,100,0,,70,,1,,,10,1.0,10.0,0.1,True,{},,,False,3,mixed,250,300,True,Ar_Aubin,,False,uniform,Argon_Aubin_Model3-test/70Td,3.0000000000000005e+21,7.989671428571429e+23,2.5819845746114767e-17,2.0333303574867047e-13,2.0300525499504612e-13,1.3128735125143105e-18,4.376245041714368e-19,8.752490083428737e-19,0.0,4.376245041714368e-19,1.7504980166857473e-18,1.3128735125143105e-18,4.376245041714368e-18,0.0,2.188122520857184e-18,1.3128735125143105e-18,3.0633715292000576e-18,1.1378237108457357e-17,2.625747025028621e-18,1.3128735125143105e-18,4.376245041714368e-19,2.625747025028621e-18,9.190114587600173e-18,1.7504980166857473e-18,9.190114587600173e-18,7.439616570914425e-18,7.439616570914425e-18,6.5643675625715526e-18,8.358628029674444e-17,4.8138695458858047e-17,4.8138695458858047e-17,0.0,3.0633715292000576e-18,3.938620537542931e-18,2.625747025028621e-18,3.5447584837886383e-17,2.581984574611477e-17,2112.291059342945,2195.2898282009446,1653.20923334813,1869.134828226438,1208.04803897149,2546.055424128601,211.9551743010783,-302.816185242798,60074.794404007655,8.582113486286809e+23,4.297949914314196e-22,4.616647161623805e-22
5.30642e-06,192765.0,6.42549,3e+22,-594.905,1486.27,63664.7,4.29779,4.26926,4.26087,-0.00101415389,-0.000612840279,0.344823179,0.020297802,0.0202097452,0.131084562,8.66403468e-05,-0.000414461801,-0.000230861382,722.664705,524.153989,-1041.21873,-862.435577,945.106657,943.17961,-482.118241,626.408446,23452.5344,20900.0,192764.689043,6.425489635,-210.0,30000 3000,1e-06,2,0.0 0.0259,0.0 0.0,-1.0 0.0,0.00054857 28.0,30000,1000,0,0.0,0.0 0.0 0.0,1000 1000000 0,0,0.0,0,100,0,,70,,1,,,10,1.0,10.0,0.1,True,{},,,False,3,mixed,250,300,True,Ar_Aubin,,False,uniform,Argon_Aubin_Model3-test/70Td,3.0000000000000005e+21,9.094957142857143e+23,1.881785367937178e-17,2.032376336067611e-13,2.0289759936701993e-13,6.126743058400115e-18,2.188122520857184e-18,8.752490083428737e-19,0.0,4.376245041714368e-19,4.376245041714368e-19,1.7504980166857473e-18,8.752490083428737e-19,4.376245041714368e-19,2.188122520857184e-18,1.7504980166857473e-18,2.625747025028621e-18,9.62773909177161e-18,5.251494050057242e-18,4.376245041714368e-19,3.5009960333714946e-18,1.3128735125143105e-18,8.3148655792573e-18,5.6891185542286785e-18,8.3148655792573e-18,1.0502988100114484e-17,7.877241075085862e-18,1.0065363595943046e-17,8.314865579257299e-17,4.595057293800087e-17,5.2952565004743855e-17,0.0,2.625747025028621e-18,4.813869545885805e-18,3.5009960333714946e-18,3.763570735874357e-17,1.8817853679371784e-17,1757.3889020180345,722.0613797800696,1856.4027969099375,946.0175031214694,1225.336304563163,1499.4701559187015,-52.27789357747204,-1253.6341345363223,61013.05258846139,8.7161503697802e+23,3.08423409107227e-22,2.955775128033554e-22
5.33181e-06,193457.0,6.44856,3e+22,-710.898,5069.44,63297.0,4.31136,4.2433,4.31954,-0.000950518317,-0.000653584446,0.346443423,0.0203807243,0.0202995847,0.132274786,8.5148621e-05,-0.000409570409,-0.000253226115,2587.24288,-303.474075,-70.8775153,-842.570343,1344.16597,804.946264,-241.507076,1351.70935,21979.5174,21000.0,193456.937836,6.448564595,-210.0,30000 3000,1e-06,2,0.0 0.0259,0.0 0.0,-1.0 0.0,0.00054857 28.0,30000,1000,0,0.0,0.0 0.0 0.0,1000 1000000 0,0,0.0,0,100,0,,70,,1,,,10,1.0,10.0,0.1,True,{},,,False,3,mixed,250,300,True,Ar_Aubin,,False,uniform,Argon_Aubin_Model3-test/70Td,3.0000000000000005e+21,9.042428571428574e+23,1.6629731158514597e-17,2.0342099827400894e-13,2.0310109476145964e-13,3.0633715292000576e-18,1.3128735125143105e-18,1.3128735125143105e-18,0.0,8.752490083428737e-19,1.3128735125143105e-18,2.625747025028621e-18,1.7504980166857473e-18,0.0,3.0633715292000576e-18,2.188122520857184e-18,8.752490083428737e-19,1.1815861612628794e-17,2.625747025028621e-18,1.7504980166857473e-18,4.376245041714368e-19,2.625747025028621e-18,6.126743058400115e-18,2.625747025028621e-18,7.439616570914425e-18,1.1378237108457357e-17,1.1815861612628794e-17,4.376245041714368e-18,8.271103128840156e-17,4.0699078887943626e-17,4.420007492131512e-17,0.0,3.938620537542931e-18,7.001992066742989e-18,4.376245041714368e-18,3.8948580871257877e-17,1.66297311585146e-17,1635.459460598991,2586.567158429481,1768.202346226696,1347.4792771339303,1382.5234684504724,50.6880543690022,-610.9413688808478,-5.933696864997017,63815.26294230681,9.11646613461526e+23,2.6059175174987476e-22,2.6272542393027467e-22
5.3572e-06,193270.0,6.44233,3e+22,2378.86,213.575,62859.2,4.25153,4.31061,4.30002,-0.000987937659,-0.000652722922,0.348035961,0.0204813735,0.0204041533,0.133443182,7.30672787e-05,-0.000432688787,-0.000241001724,1303.66679,-174.977353,962.101903,587.885708,1775.27245,-791.694573,747.221876,594.179051,22873.3076,21100.0,193269.810208,6.442327007,-210.0,30000 3000,1e-06,2,0.0 0.0259,0.0 0.0,-1.0 0.0,0.00054857 28.0,30000,1000,0,0.0,0.0 0.0 0.0,1000 1000000 0,0,0.0,0,100,0,,70,,1,,,10,1.0,10.0,0.1,True,{},,,False,3,mixed,250,300,True,Ar_Aubin,,False,uniform,Argon_Aubin_Model3-test/70Td,3.0000000000000005e+21,8.979885714285715e+23,1.881785367937178e-17,2.0366344224931992e-13,2.033194693890412e-13,4.376245041714368e-18,1.3128735125143105e-18,2.625747025028621e-18,0.0,8.752490083428737e-19,4.376245041714368e-18,3.938620537542931e-18,5.251494050057242e-18,8.752490083428737e-19,1.3128735125143105e-18,4.376245041714368e-19,3.5009960333714946e-18,1.4441608637657416e-17,5.251494050057242e-18,8.752490083428737e-19,3.0633715292000576e-18,2.625747025028621e-18,8.3148655792573e-18,3.938620537542931e-18,1.1815861612628794e-17,1.0065363595943046e-17,5.6891185542286785e-18,5.251494050057242e-18,8.271103128840156e-17,4.332482591297225e-17,5.2077315996400986e-17,0.0,1.3128735125143105e-18,4.376245041714368e-18,3.5009960333714946e-18,3.763570735874357e-17,1.8817853679371784e-17,1980.6665771198325,1306.0169553794888,2059.3023406265443,1775.411855298066,1229.0699885654317,996.0455203088022,-337.98739671061304,943.4959237101526,62724.02873617671,8.96057553373953e+23,3.000102840734526e-22,2.9936514749426944e-22
5.38258e-06,193404.0,6.44681,3e+22,-8051.88,2992.36,56792.7,4.30112,4.2869,4.28685,-0.00101645767,-0.000596787307,0.349654842,0.0205630838,0.0205231367,0.134625645,8.88322306e-05,-0.000430486398,-0.000219863729,3650.87086,-225.451336,64.838322,844.600088,1766.13055,-949.826185,-2377.48725,270.415329,21333.0821,21200.0,193404.399476,6.446813316,-210.0,30000 3000,1e-06,2,0.0 0.0259,0.0 0.0,-1.0 0.0,0.00054857 28.0,30000,1000,0,0.0,0.0 0.0 0.0,1000 1000000 0,0,0.0,0,100,0,,70,,1,,,10,1.0,10.0,0.1,True,{},,,False,3,mixed,250,300,True,Ar_Aubin,,False,uniform,Argon_Aubin_Model3-test/70Td,3.0000000000000005e+21,8.113242857142858e+23,1.794260467102891e-17,2.0341268340842968e-13,2.030726491686885e-13,3.5009960333714946e-18,1.7504980166857473e-18,1.3128735125143105e-18,0.0,4.376245041714368e-19,8.752490083428737e-19,2.625747025028621e-18,2.188122520857184e-18,0.0,1.3128735125143105e-18,1.3128735125143105e-18,1.7504980166857473e-18,1.0940612604285921e-17,7.001992066742989e-18,8.752490083428737e-19,1.7504980166857473e-18,2.188122520857184e-18,1.0502988100114484e-17,3.5009960333714946e-18,1.1815861612628794e-17,1.1815861612628794e-17,1.0065363595943046e-17,1.225348611680023e-17,8.227340678423012e-17,4.244957690462937e-17,4.857631996302949e-17,0.0,3.0633715292000576e-18,4.813869545885805e-18,2.188122520857184e-18,3.8948580871257877e-17,1.794260467102891e-17,1608.0035649078316,3642.6864648160804,2344.5287070909217,1767.9163524659746,1043.4314669894195,1475.2395547466003,542.5017505349778,560.4572767179693,63761.57954438103,9.10879707776872e+23,2.814015085454403e-22,3.1593153118321385e-22
5.40797e-06,193336.0,6.44453,3e+22,-7486.0,823.401,53000.7,4.26462,4.32166,4.28649,-0.00109188961,-0.000614772537,0.351264296,0.0206754683,0.0206110857,0.135810771,9.39065154e-05,-0.000472878426,-0.000228538511,1735.85167,441.351717,16.3422934,897.236489,1075.92772,65.5272802,-3137.1811,852.826693,20076.5465,21300.0,193335.915259,6.444530509,-210.0,30000 3000,1e-06,2,0.0 0.0259,0.0 0.0,-1.0 0.0,0.00054857 28.0,30000,1000,0,0.0,0.0 0.0 0.0,1000 1000000 0,0,0.0,0,100,0,,70,,1,,,10,1.0,10.0,0.1,True,{},,,False,3,mixed,250,300,True,Ar_Aubin,,False,uniform,Argon_Aubin_Model3-test/70Td,3.0000000000000005e+21,7.571528571428572e+23,1.9693102687714655e-17,2.0391726446173936e-13,2.035754797239815e-13,3.5009960333714946e-18,0.0,1.7504980166857473e-18,0.0,8.752490083428737e-19,1.3128735125143105e-18,3.938620537542931e-18,3.938620537542931e-18,4.376245041714368e-19,2.625747025028621e-18,3.0633715292000576e-18,2.625747025028621e-18,8.752490083428736e-18,7.001992066742989e-18,1.3128735125143105e-18,1.3128735125143105e-18,1.7504980166857473e-18,7.001992066742989e-18,2.625747025028621e-18,1.3128735125143105e-17,1.3566359629314541e-17,7.877241075085862e-18,8.3148655792573e-18,8.402390480091587e-17,4.332482591297225e-17,4.244957690462937e-17,0.0,2.625747025028621e-18,5.251494050057242e-18,2.188122520857184e-18,4.551294843382943e-17,1.969310268771466e-17,2210.0675724405833,1727.67778437954,1731.5595719811815,1076.4339243217382,1123.075780425459,1459.2929269928027,-561.6291251998335,-433.40337309127335,63390.28578630442,9.055755112329204e+23,3.106643619513289e-22,3.715630678031546e-22
5.43336e-06,192925.0,6.43082,3e+22,-452.719,-3108.94,61680.5,4.26546,4.29329,4.28121,-0.00115093735,-0.000610916423,0.352879934,0.0207561249,0.0206811371,0.136997159,0.000114210137,-0.000486014709,-0.000233982868,1753.59568,418.388417,220.715497,-64.5879969,2047.81479,-577.50361,-570.002679,-577.654896,23263.8863,21400.0,192924.708408,6.430823614,-210.0,30000 3000,1e-06,2,0.0 0.0259,0.0 0.0,-1.0 0.0,0.00054857 28.0,30000,1000,0,0.0,0.0 0.0 0.0,1000 1000000 0,0,0.0,0,100,0,,70,,1,,,10,1.0,10.0,0.1,True,{},,,False,3,mixed,250,300,True,Ar_Aubin,,False,uniform,Argon_Aubin_Model3-test/70Td,3.0000000000000005e+21,8.811500000000001e+23,2.319409872108615e-17,2.0302013422818792e-13,2.0266522075530492e-13,3.0633715292000576e-18,1.7504980166857473e-18,8.752490083428737e-19,0.0,8.752490083428737e-19,1.7504980166857473e-18,2.188122520857184e-18,2.625747025028621e-18,1.3128735125143105e-18,2.625747025028621e-18,3.0633715292000576e-18,4.376245041714368e-18,7.877241075085862e-18,5.251494050057242e-18,2.188122520857184e-18,1.3128735125143105e-18,2.625747025028621e-18,7.877241075085862e-18,2.625747025028621e-18,1.1378237108457357e-17,1.0065363595943046e-17,5.251494050057242e-18,9.62773909177161e-18,8.708727633011594e-17,4.98891934755438e-17,4.551294843382943e-17,4.376245041714368e-19,6.5643675625715526e-18,4.376245041714368e-18,1.3128735125143105e-18,4.595057293800087e-17,2.3194098721086152e-17,1585.7706725746116,1753.0746287938452,1379.6224910269866,2045.9154874958783,959.9565280912587,1498.0755309129963,372.77381052755504,-118.54133994277893,63633.85008034905,9.090550011478438e+23,3.6449309120538005e-22,3.760361657425953e-22
5.45875e-06,192550.0,6.41833,3e+22,3591.44,-6758.42,62451.9,4.27275,4.23254,4.30886,-0.00117488523,-0.000713648514,0.354479859,0.0208598954,0.0207971437,0.138200176,0.000125196526,-0.00049776074,-0.000278452834,1640.39134,711.891834,527.544335,1598.83987,2890.43716,-310.716075,986.345873,-2976.53865,22382.9419,21500.0,192549.795738,6.418326525,-210.0,30000 3000,1e-06,2,0.0 0.0259,0.0 0.0,-1.0 0.0,0.00054857 28.0,30000,1000,0,0.0,0.0 0.0 0.0,1000 1000000 0,0,0.0,0,100,0,,70,,1,,,10,1.0,10.0,0.1,True,{},,,False,3,mixed,250,300,True,Ar_Aubin,,False,uniform,Argon_Aubin_Model3-test/70Td,3.0000000000000005e+21,8.921700000000002e+23,2.0568351696057527e-17,2.024289035230523e-13,2.0207617817269016e-13,3.0633715292000576e-18,1.3128735125143105e-18,0.0,0.0,0.0,2.188122520857184e-18,8.752490083428737e-19,2.188122520857184e-18,4.376245041714368e-19,2.625747025028621e-18,1.3128735125143105e-18,3.938620537542931e-18,6.126743058400115e-18,3.5009960333714946e-18,4.376245041714368e-19,3.0633715292000576e-18,3.5009960333714946e-18,6.126743058400115e-18,2.625747025028621e-18,9.190114587600173e-18,1.3566359629314541e-17,1.225348611680023e-17,1.225348611680023e-17,8.183578228005869e-17,4.595057293800087e-17,5.557831202977248e-17,4.376245041714368e-19,3.5009960333714946e-18,5.251494050057242e-18,5.251494050057242e-18,4.3762450417143685e-17,2.056835169605753e-17,2042.4662357807251,1644.610869810431,2281.8501408914794,2885.6140236100123,1404.0076091093138,245.0011937179006,-55.75418417589371,314.1708780884769,63014.97463528382,9.002139233611975e+23,3.2640418908525183e-22,3.2934709265943113e-22
5.48414e-06,192904.0,6.43013,3e+22,2702.22,4515.07,57810.1,4.2871,4.2493,4.3047,-0.0012475269,-0.000784964923,0.35608779,0.020927542,0.0209105052,0.13940835,0.000134224265,-0.000506119304,-0.000304514135,1039.0002,1252.99058,-149.75,36.2680694,1577.11022,-37.8615455,1522.61484,1228.49358,22468.9935,21600.0,192903.915007,6.4301305,-210.0,30000 3000,1e-06,2,0.0 0.0259,0.0 0.0,-1.0 0.0,0.00054857 28.0,30000,1000,0,0.0,0.0 0.0 0.0,1000 1000000 0,0,0.0,0,100,0,,70,,1,,,10,1.0,10.0,0.1,True,{},,,False,3,mixed,250,300,True,Ar_Aubin,,False,uniform,Argon_Aubin_Model3-test/70Td,3.0000000000000005e+21,8.258585714285716e+23,1.6629731158514597e-17,2.0289628649350742e-13,2.0256631761736218e-13,3.0633715292000576e-18,1.3128735125143105e-18,8.752490083428737e-19,0.0,4.376245041714368e-19,2.625747025028621e-18,3.5009960333714946e-18,2.188122520857184e-18,4.376245041714368e-19,1.3128735125143105e-18,1.7504980166857473e-18,3.5009960333714946e-18,8.752490083428736e-18,5.251494050057242e-18,4.376245041714368e-19,1.3128735125143105e-18,2.188122520857184e-18,6.126743058400115e-18,3.938620537542931e-18,8.752490083428736e-18,1.1378237108457357e-17,7.877241075085862e-18,1.0065363595943046e-17,8.971302335514455e-17,4.244957690462937e-17,4.288720140880081e-17,0.0,4.813869545885805e-18,4.813869545885805e-18,3.938620537542931e-18,3.763570735874357e-17,1.66297311585146e-17,1328.7060831491408,1042.371292139718,2230.334945631162,1580.6543915748896,1292.4632443157811,1883.5227513210011,763.9892757258269,482.7569469478899,63330.3005955197,9.047185799359958e+23,2.6258727658227893e-22,2.876613456561154e-22
5.50953e-06,192746.0,6.42486,3e+22,-7575.47,-4542.99,54335.2,4.26419,4.27151,4.2968,-0.00131109685,-0.0007468988,0.357624778,0.0210209791,0.0210234032,0.140567238,0.000150621474,-0.000527019482,-0.000292079076,870.178641,-1443.00535,-290.904943,-107.542497,546.222953,428.537414,-2160.10322,-1729.14795,19208.4851,21700.0,192745.803114,6.424860104,-210.0,30000 3000,1e-06,2,0.0 0.0259,0.0 0.0,-1.0 0.0,0.00054857 28.0,30000,1000,0,0.0,0.0 0.0 0.0,1000 1000000 0,0,0.0,0,100,0,,70,,1,,,10,1.0,10.0,0.1,True,{},,,False,3,mixed,250,300,True,Ar_Aubin,,False,uniform,Argon_Aubin_Model3-test/70Td,3.0000000000000005e+21,7.762171428571429e+23,2.4506972233600458e-17,2.033378496182164e-13,2.0300569261955028e-13,3.0633715292000576e-18,4.376245041714368e-19,1.3128735125143105e-18,0.0,8.752490083428737e-19,8.752490083428737e-19,3.5009960333714946e-18,3.0633715292000576e-18,4.376245041714368e-19,8.752490083428737e-19,2.625747025028621e-18,8.752490083428737e-19,9.62773909177161e-18,3.5009960333714946e-18,4.376245041714368e-19,8.752490083428737e-19,1.7504980166857473e-18,6.126743058400115e-18,1.3128735125143105e-18,7.877241075085862e-18,7.877241075085862e-18,6.5643675625715526e-18,1.0502988100114484e-17,9.015064785931599e-17,4.682582194634374e-17,4.726344645051518e-17,0.0,4.376245041714368e-18,4.813869545885805e-18,3.5009960333714946e-18,3.632283384622925e-17,2.450697223360046e-17,1836.8632907990252,860.2464661457304,2224.4602536648645,542.8297992205879,1219.4037624628804,-223.12873758559726,147.75518839202465,329.40632355978005,60536.12502756882,8.648017861081261e+23,4.048321927186405e-22,4.510330731017915e-22
5.53492e-06,193045.0,6.43483,3e+22,3870.35,-9410.66,56920.3,4.24062,4.30272,4.3073,-0.00138248433,-0.000676817702,0.359228437,0.0211132425,0.0211146526,0.141767184,0.000138807839,-0.000552936706,-0.000258852586,2465.58807,-547.569797,-972.49052,-968.920727,2507.14282,-380.908093,2349.27664,-3791.13696,22100.9228,21800.0,193044.755637,6.434825188,-210.0,30000 3000,1e-06,2,0.0 0.0259,0.0 0.0,-1.0 0.0,0.00054857 28.0,30000,1000,0,0.0,0.0 0.0 0.0,1000 1000000 0,0,0.0,0,100,0,,70,,1,,,10,1.0,10.0,0.1,True,{},,,False,3,mixed,250,300,True,Ar_Aubin,,False,uniform,Argon_Aubin_Model3-test/70Td,3.0000000000000005e+21,8.131471428571432e+23,2.275647421691471e-17,2.0322669299415684e-13,2.028993498650366e-13,4.813869545885805e-18,4.376245041714368e-19,2.188122520857184e-18,0.0,0.0,1.3128735125143105e-18,2.625747025028621e-18,3.938620537542931e-18,8.752490083428737e-19,8.752490083428737e-19,2.625747025028621e-18,3.938620537542931e-18,1.1378237108457357e-17,2.188122520857184e-18,0.0,2.625747025028621e-18,1.7504980166857473e-18,4.376245041714368e-18,2.188122520857184e-18,1.1378237108457357e-17,1.1378237108457357e-17,6.5643675625715526e-18,1.0940612604285921e-17,7.352091670080139e-17,4.420007492131512e-17,4.332482591297225e-17,0.0,3.938620537542931e-18,4.376245041714368e-18,2.188122520857184e-18,4.463769942548656e-17,2.2756474216914714e-17,1813.165863727402,2470.938768226615,1798.9486958380608,2500.7735187244966,991.7031006058254,1653.5323974288985,72.06655973875283,65.13776166594926,63162.04272615697,9.023148960879569e+23,3.602871793677865e-22,3.997954019377043e-22
5.56031e-06,192788.0,6.42626,3e+22,-9930.94,2056.61,59354.3,4.28859,4.29034,4.25299,-0.00135421141,-0.00067972941,0.360784667,0.0212094256,0.0212417327,0.142956015,0.000144423153,-0.000557422719,-0.000262759298,886.707216,22.1221025,-1041.95671,-1022.18343,2220.11814,46.2618588,-3987.78111,995.714327,23096.8332,21900.0,192787.916615,6.426263887,-210.0,30000 3000,1e-06,2,0.0 0.0259,0.0 0.0,-1.0 0.0,0.00054857 28.0,30000,1000,0,0.0,0.0 0.0 0.0,1000 1000000 0,0,0.0,0,100,0,,70,,1,,,10,1.0,10.0,0.1,True,{},,,False,3,mixed,250,300,True,Ar_Aubin,,False,uniform,Argon_Aubin_Model3-test/70Td,3.0000000000000005e+21,8.479185714285717e+23,1.9255478183543218e-17,2.02234160618696e-13,2.0189543925246734e-13,3.938620537542931e-18,4.376245041714368e-19,0.0,0.0,4.376245041714368e-19,1.3128735125143105e-18,1.3128735125143105e-18,5.251494050057242e-18,1.3128735125143105e-18,1.7504980166857473e-18,2.625747025028621e-18,2.188122520857184e-18,1.1378237108457357e-17,3.5009960333714946e-18,1.7504980166857473e-18,1.7504980166857473e-18,3.5009960333714946e-18,7.877241075085862e-18,5.251494050057242e-18,8.3148655792573e-18,1.0065363595943046e-17,7.439616570914425e-18,5.6891185542286785e-18,8.271103128840156e-17,4.5075323929657994e-17,4.857631996302949e-17,4.376245041714368e-19,2.625747025028621e-18,6.126743058400115e-18,2.625747025028621e-18,4.420007492131512e-17,1.925547818354322e-17,1895.667406727958,873.2586237399746,2502.5236736877564,2221.5160783019,1345.5313821817683,1682.7118394819008,-493.7055108564807,-1366.428668810457,61293.994391404034,8.75628491305772e+23,3.141495080347323e-22,3.244158920843682e-22
5.5857e-06,193150.0,6.43835,3e+22,3624.03,-3748.9,65497.4,4.25404,4.28836,4.30974,-0.00133262198,-0.000679861607,0.362370197,0.0212947323,0.0213297553,0.144184262,0.000146101241,-0.000559987327,-0.00026119419,2471.3033,646.845147,-117.97117,1508.68939,1916.10377,-222.717286,1048.04743,-1739.46507,24479.8906,22000.0,193150.374108,6.438345804,-210.0,30000 3000,1e-06,2,0.0 0.0259,0.0 0.0,-1.0 0.0,0.00054857 28.0,30000,1000,0,0.0,0.0 0.0 0.0,1000 1000000 0,0,0.0,0,100,0,,70,,1,,,10,1.0,10.0,0.1,True,{},,,False,3,mixed,250,300,True,Ar_Aubin,,False,uniform,Argon_Aubin_Model3-test/70Td,3.0000000000000005e+21,9.356771428571431e+23,1.9255478183543218e-17,2.0211556437806558e-13,2.0179084699597037e-13,3.0633715292000576e-18,4.376245041714368e-19,4.376245041714368e-19,0.0,4.376245041714368e-19,8.752490083428737e-19,2.625747025028621e-18,3.0633715292000576e-18,4.376245041714368e-19,1.3128735125143105e-18,1.3128735125143105e-18,3.5009960333714946e-18,1.1815861612628794e-17,3.0633715292000576e-18,8.752490083428737e-19,1.7504980166857473e-18,3.938620537542931e-18,5.251494050057242e-18,3.5009960333714946e-18,1.3566359629314541e-17,9.190114587600173e-18,7.001992066742989e-18,4.376245041714368e-18,7.877241075085863e-17,4.770107095468661e-17,5.076444248388667e-17,0.0,1.7504980166857473e-18,3.5009960333714946e-18,1.7504980166857473e-18,3.938620537542932e-17,1.925547818354322e-17,1681.095944823779,2476.1327620341794,1733.4345611222989,1913.5550368215177,1608.2031320320032,745.5848590121968,-324.57506952927406,-295.88093016105813,62448.0102089045,8.921144315557788e+23,3.08344142897888e-22,2.93988435930941e-22
5.61109e-06,193170.0,6.43901,3e+22,-9340.63,4214.67,56063.1,4.28332,4.25793,4.31829,-0.00135325012,-0.000611398225,0.363975976,0.0214211202,0.0214105665,0.145396946,0.000144636768,-0.000585255788,-0.000243459475,3190.73286,-418.451378,-473.978303,-143.194696,1306.23129,588.978067,-2770.48915,1192.10637,20574.2744,22100.0,193170.277118,6.439009237,-210.0,30000 3000,1e-06,2,0.0 0.0259,0.0 0.0,-1.0 0.0,0.00054857 28.0,30000,1000,0,0.0,0.0 0.0 0.0,1000 1000000 0,0,0.0,0,100,0,,70,,1,,,10,1.0,10.0,0.1,True,{},,,False,3,mixed,250,300,True,Ar_Aubin,,False,uniform,Argon_Aubin_Model3-test/70Td,3.0000000000000005e+21,8.009014285714287e+23,2.3631723225257586e-17,2.0317549092716879e-13,2.0283501906292342e-13,4.376245041714368e-18,4.376245041714368e-19,1.7504980166857473e-18,0.0,4.376245041714368e-19,1.7504980166857473e-18,2.188122520857184e-18,3.938620537542931e-18,1.3128735125143105e-18,1.7504980166857473e-18,2.188122520857184e-18,2.625747025028621e-18,8.3148655792573e-18,4.813869545885805e-18,1.3128735125143105e-18,1.3128735125143105e-18,3.0633715292000576e-18,5.6891185542286785e-18,2.625747025028621e-18,1.4003984133485978e-17,1.0065363595943046e-17,6.126743058400115e-18,8.752490083428736e-18,8.052290876754437e-17,4.5075323929657994e-17,5.645356103811535e-17,4.376245041714368e-19,4.376245041714368e-18,3.938620537542931e-18,2.625747025028621e-18,3.457233582954351e-17,2.363172322525759e-17,2487.8788057767542,3178.0926513316244,1593.1642092655823,1308.8081317569606,912.4320325297613,168.65285991440032,-615.2289606773237,231.1648645074515,63245.54148155048,9.035077354507213e+23,3.736504213842688e-22,4.215200947728111e-22
5.63648e-06,193301.0,6.44336,3e+22,-3362.94,1348.28,58916.7,4.31857,4.25661,4.29172,-0.00148638877,-0.000650942853,0.365516207,0.0215317169,0.0214875566,0.146573434,0.000166683967,-0.00063221525,-0.000269837497,1560.46517,-443.003737,245.295661,-684.801955,1270.59933,-815.815625,-1622.08124,180.028287,23468.9896,22200.0,193300.676669,6.443355889,-210.0,30000 3000,1e-06,2,0.0 0.0259,0.0 0.0,-1.0 0.0,0.00054857 28.0,30000,1000,0,0.0,0.0 0.0 0.0,1000 1000000 0,0,0.0,0,100,0,,70,,1,,,10,1.0,10.0,0.1,True,{},,,False,3,mixed,250,300,True,Ar_Aubin,,False,uniform,Argon_Aubin_Model3-test/70Td,3.0000000000000005e+21,8.41667142857143e+23,2.1443600704400402e-17,2.0351333704438915e-13,2.0319080778481482e-13,2.188122520857184e-18,8.752490083428737e-19,4.376245041714368e-19,0.0,0.0,1.7504980166857473e-18,2.188122520857184e-18,3.0633715292000576e-18,4.376245041714368e-19,1.7504980166857473e-18,2.188122520857184e-18,1.7504980166857473e-18,7.001992066742989e-18,3.5009960333714946e-18,8.752490083428737e-19,1.7504980166857473e-18,1.3128735125143105e-18,4.813869545885805e-18,2.188122520857184e-18,1.0940612604285921e-17,1.0502988100114484e-17,7.877241075085862e-18,9.190114587600173e-18,8.971302335514455e-17,3.938620537542932e-17,4.551294843382943e-17,0.0,7.001992066742989e-18,4.813869545885805e-18,3.0633715292000576e-18,3.500996033371494e-17,2.1443600704400405e-17,2170.546883599961,1555.466533749816,1515.1908890187992,1271.4769832298427,1041.795173727281,1933.9808870431043,149.2418210085337,-60.00338458596093,60663.85449160298,8.666264927371856e+23,3.53482331185675e-22,3.6396472824174475e-22
5.66187e-06,193392.0,6.4464,3e+22,5440.73,-1462.1,53903.5,4.28625,4.32249,4.26736,-0.00147749319,-0.000628809802,0.367109549,0.0216377984,0.0215653533,0.147808699,0.000158930535,-0.000603715147,-0.000256524612,625.641654,-628.434497,350.953235,-618.979345,1587.81251,307.048433,2551.18753,-236.506145,20172.9941,22300.0,193392.078987,6.446402633,-210.0,30000 3000,1e-06,2,0.0 0.0259,0.0 0.0,-1.0 0.0,0.00054857 28.0,30000,1000,0,0.0,0.0 0.0 0.0,1000 1000000 0,0,0.0,0,100,0,,70,,1,,,10,1.0,10.0,0.1,True,{},,,False,3,mixed,250,300,True,Ar_Aubin,,False,uniform,Argon_Aubin_Model3-test/70Td,3.0000000000000005e+21,7.700500000000002e+23,1.881785367937178e-17,2.0365075113869896e-13,2.0331421789499116e-13,2.188122520857184e-18,2.188122520857184e-18,8.752490083428737e-19,0.0,8.752490083428737e-19,1.3128735125143105e-18,1.7504980166857473e-18,2.625747025028621e-18,4.376245041714368e-19,8.752490083428737e-19,3.938620537542931e-18,3.5009960333714946e-18,1.3566359629314541e-17,3.0633715292000576e-18,4.376245041714368e-19,2.188122520857184e-18,2.188122520857184e-18,9.62773909177161e-18,1.3128735125143105e-18,1.1815861612628794e-17,1.1378237108457357e-17,8.752490083428736e-18,8.3148655792573e-18,9.146352137183029e-17,3.632283384622925e-17,5.382781401308673e-17,0.0,3.5009960333714946e-18,2.625747025028621e-18,2.188122520857184e-18,3.457233582954351e-17,1.8817853679371784e-17,2089.5930902630416,633.6802955236287,1532.6162056664916,1586.8931271884958,1337.9811553440693,384.5045254785,1087.1686160347497,984.4388826363954,62755.6952452972,8.965099320756744e+23,2.9985889895438545e-22,3.4910263117184934e-22
5.68726e-06,194042.0,6.46807,3e+22,-314.553,-6659.55,66910.3,4.29503,4.25267,4.36273,-0.00144891771,-0.000596533089,0.3687664,0.0217481716,0.0216517457,0.14909958,0.000149851185,-0.000608592696,-0.00024185252,1407.00262,258.788974,-1141.20126,34.4744079,1354.39195,-454.849326,-1317.83303,-3213.02516,26280.3888,22400.0,194042.074119,6.468069137,-210.0,30000 3000,1e-06,2,0.0 0.0259,0.0 0.0,-1.0 0.0,0.00054857 28.0,30000,1000,0,0.0,0.0 0.0 0.0,1000 1000000 0,0,0.0,0,100,0,,70,,1,,,10,1.0,10.0,0.1,True,{},,,False,3,mixed,250,300,True,Ar_Aubin,,False,uniform,Argon_Aubin_Model3-test/70Td,3.0000000000000005e+21,9.558614285714288e+23,2.7570343762800516e-17,2.0437195632157347e-13,2.040441755679491e-13,1.7504980166857473e-18,4.376245041714368e-19,8.752490083428737e-19,0.0,0.0,1.3128735125143105e-18,3.5009960333714946e-18,3.0633715292000576e-18,8.752490083428737e-19,2.188122520857184e-18,3.0633715292000576e-18,2.188122520857184e-18,1.2691110620971668e-17,3.5009960333714946e-18,8.752490083428737e-19,8.752490083428737e-19,8.752490083428737e-19,4.376245041714368e-18,2.188122520857184e-18,1.1378237108457357e-17,9.190114587600173e-18,7.439616570914425e-18,9.190114587600173e-18,8.227340678423012e-17,4.463769942548656e-17,4.420007492131512e-17,0.0,1.3128735125143105e-18,8.3148655792573e-18,1.3128735125143105e-18,3.632283384622925e-17,2.7570343762800523e-17,2175.237569637657,1406.5468585875662,1702.1132676532566,1350.41930806715,1410.896548654032,1606.1183460799984,-510.73037064495884,-2246.090193929387,65257.07376248601,9.322439108926575e+23,4.2248820201695486e-22,4.1204932219404957e-22
5.71265e-06,193699.0,6.45663,3e+22,-1335.13,-853.063,50055.2,4.29658,4.28746,4.31497,-0.00143718859,-0.00058540395,0.370288534,0.0218393144,0.02174816,0.150292622,0.00013121996,-0.000600040513,-0.000242344348,2381.9199,-567.66356,1602.04908,232.936568,1715.53112,810.235082,-1451.52724,-638.459596,20838.2826,22500.0,193698.931537,6.456631051,-210.0,30000 3000,1e-06,2,0.0 0.0259,0.0 0.0,-1.0 0.0,0.00054857 28.0,30000,1000,0,0.0,0.0 0.0 0.0,1000 1000000 0,0,0.0,0,100,0,,70,,1,,,10,1.0,10.0,0.1,True,{},,,False,3,mixed,250,300,True,Ar_Aubin,,False,uniform,Argon_Aubin_Model3-test/70Td,3.0000000000000005e+21,7.150742857142857e+23,2.6695094754457642e-17,2.044358494991825e-13,2.0410325487601225e-13,5.251494050057242e-18,1.3128735125143105e-18,8.752490083428737e-19,0.0,0.0,2.188122520857184e-18,3.5009960333714946e-18,3.5009960333714946e-18,0.0,3.5009960333714946e-18,2.625747025028621e-18,4.813869545885805e-18,8.3148655792573e-18,6.126743058400115e-18,0.0,4.376245041714368e-19,3.938620537542931e-18,6.5643675625715526e-18,2.188122520857184e-18,1.0502988100114484e-17,7.001992066742989e-18,7.001992066742989e-18,6.5643675625715526e-18,7.745953723834432e-17,4.463769942548656e-17,5.251494050057242e-17,0.0,5.251494050057242e-18,4.376245041714368e-18,2.625747025028621e-18,3.2821837812857765e-17,2.6695094754457645e-17,1795.551160457885,2380.0010663978333,1898.9557523867886,1715.0317335502014,1341.1270183621684,2303.415972923198,252.6416824086642,716.8439327095882,59951.082332924045,8.564440333274866e+23,4.452812812654957e-22,5.33313117407535e-22
5.73804e-06,193126.0,6.43753,3e+22,-521.245,-2054.67,57497.9,4.2503,4.31624,4.28969,-0.00141860733,-0.000608521176,0.371779617,0.0219264285,0.021827495,0.151452402,0.00014138405,-0.000593543866,-0.000253736098,1170.15145,-261.901271,-604.825437,-864.936567,127.491375,205.555626,-116.38742,-1483.21437,22684.6615,22600.0,193125.967773,6.437532259,-210.0,30000 3000,1e-06,2,0.0 0.0259,0.0 0.0,-1.0 0.0,0.00054857 28.0,30000,1000,0,0.0,0.0 0.0 0.0,1000 1000000 0,0,0.0,0,100,0,,70,,1,,,10,1.0,10.0,0.1,True,{},,,False,3,mixed,250,300,True,Ar_Aubin,,False,uniform,Argon_Aubin_Model3-test/70Td,3.0000000000000005e+21,8.213985714285715e+23,2.406934772942902e-17,2.0351596279141415e-13,2.0318074242121886e-13,4.813869545885805e-18,8.752490083428737e-19,1.7504980166857473e-18,0.0,4.376245041714368e-19,1.7504980166857473e-18,3.5009960333714946e-18,3.0633715292000576e-18,8.752490083428737e-19,2.625747025028621e-18,3.5009960333714946e-18,8.752490083428737e-19,9.190114587600173e-18,6.126743058400115e-18,8.752490083428737e-19,1.3128735125143105e-18,2.188122520857184e-18,5.6891185542286785e-18,8.752490083428737e-19,1.225348611680023e-17,1.1815861612628794e-17,5.6891185542286785e-18,6.126743058400115e-18,8.971302335514455e-17,3.807333186291501e-17,5.2952565004743855e-17,0.0,3.5009960333714946e-18,1.7504980166857473e-18,2.625747025028621e-18,3.632283384622925e-17,2.4069347729429023e-17,1716.5919172908732,1169.4120080222742,1561.8087674290337,126.24106479530809,1049.5398746434853,1308.114259695696,68.1964563508524,-445.857648137228,58728.10126981143,8.389728752830205e+23,4.0984379213706368e-22,4.186126402778018e-22
5.76343e-06,192904.0,6.43013,3e+22,-6706.3,5901.88,57634.3,4.30812,4.27772,4.25509,-0.00148906459,-0.000663810263,0.37324534,0.022009252,0.0219038006,0.152617949,0.000127790074,-0.000608322262,-0.000273511165,866.048911,635.007779,583.789379,-1927.12931,2741.87817,-725.411444,-2685.56054,2193.92894,21835.4534,22700.0,192904.028513,6.430134284,-210.0,30000 3000,1e-06,2,0.0 0.0259,0.0 0.0,-1.0 0.0,0.00054857 28.0,30000,1000,0,0.0,0.0 0.0 0.0,1000 1000000 0,0,0.0,0,100,0,,70,,1,,,10,1.0,10.0,0.1,True,{},,,False,3,mixed,250,300,True,Ar_Aubin,,False,uniform,Argon_Aubin_Model3-test/70Td,3.0000000000000005e+21,8.23347142857143e+23,1.619210665434316e-17,2.0304464120042151e-13,2.027264881858889e-13,1.3128735125143105e-18,4.376245041714368e-19,8.752490083428737e-19,0.0,8.752490083428737e-19,3.0633715292000576e-18,1.7504980166857473e-18,3.938620537542931e-18,8.752490083428737e-19,1.3128735125143105e-18,3.5009960333714946e-18,1.7504980166857473e-18,1.0502988100114484e-17,5.251494050057242e-18,1.7504980166857473e-18,4.376245041714368e-19,1.3128735125143105e-18,6.126743058400115e-18,1.3128735125143105e-18,1.225348611680023e-17,9.190114587600173e-18,6.5643675625715526e-18,7.001992066742989e-18,7.702191273417288e-17,4.244957690462937e-17,4.551294843382943e-17,0.0,2.625747025028621e-18,5.6891185542286785e-18,5.251494050057242e-18,4.2011952400457935e-17,1.6192106654343162e-17,1627.017231534517,856.0627971400829,1501.30868458695,2745.7958985149944,1448.3643883929644,323.71950083799675,535.6025047940071,487.1452579414372,57729.267101489364,8.247038157355625e+23,2.804834959341692e-22,2.80945663508417e-22
5.78882e-06,192778.0,6.42594,3e+22,2687.1,3174.38,59666.1,4.31094,4.23264,4.28795,-0.00154236864,-0.000651985311,0.374810211,0.0220914046,0.0220051253,0.153853131,0.000105244423,-0.000636678472,-0.000270581846,962.241822,14.8034652,528.859889,1009.43058,1994.93592,-461.163712,611.588034,777.880366,23963.9711,22800.0,192778.059246,6.425935308,-210.0,30000 3000,1e-06,2,0.0 0.0259,0.0 0.0,-1.0 0.0,0.00054857 28.0,30000,1000,0,0.0,0.0 0.0 0.0,1000 1000000 0,0,0.0,0,100,0,,70,,1,,,10,1.0,10.0,0.1,True,{},,,False,3,mixed,250,300,True,Ar_Aubin,,False,uniform,Argon_Aubin_Model3-test/70Td,3.0000000000000005e+21,8.523728571428572e+23,2.013072719188609e-17,2.027474941620891e-13,2.0241183616738964e-13,5.6891185542286785e-18,4.376245041714368e-19,1.3128735125143105e-18,0.0,4.376245041714368e-19,1.3128735125143105e-18,2.188122520857184e-18,1.7504980166857473e-18,8.752490083428737e-19,2.625747025028621e-18,0.0,2.188122520857184e-18,9.62773909177161e-18,5.6891185542286785e-18,2.625747025028621e-18,1.7504980166857473e-18,1.3128735125143105e-18,6.5643675625715526e-18,4.813869545885805e-18,1.225348611680023e-17,1.225348611680023e-17,7.877241075085862e-18,7.877241075085862e-18,7.83347862466872e-17,4.98891934755438e-17,4.244957690462937e-17,0.0,3.938620537542931e-18,6.5643675625715526e-18,4.376245041714368e-18,3.851095636708644e-17,2.0130727191886093e-17,1614.6574253146678,966.386320772544,1995.7041312093406,1997.0055691315322,1271.6143982394156,1600.5075694529005,-238.17286520179482,225.32252653300407,61634.33059205436,8.804904370293481e+23,3.266154916993819e-22,3.3738969350914657e-22
5.81421e-06,192986.0,6.43285,3e+22,3968.02,-6337.16,50303.8,4.27142,4.27066,4.30892,-0.00158852806,-0.000584232569,0.376333375,0.022187785,0.0221029804,0.155046508,0.0001044489,-0.000665711524,-0.000250951057,2342.77572,-431.471801,-1072.88338,-101.419588,1694.20893,-941.533399,1957.06088,-1942.79302,19974.3577,22900.0,192985.532716,6.432851091,-210.0,30000 3000,1e-06,2,0.0 0.0259,0.0 0.0,-1.0 0.0,0.00054857 28.0,30000,1000,0,0.0,0.0 0.0 0.0,1000 1000000 0,0,0.0,0,100,0,,70,,1,,,10,1.0,10.0,0.1,True,{},,,False,3,mixed,250,300,True,Ar_Aubin,,False,uniform,Argon_Aubin_Model3-test/70Td,3.0000000000000005e+21,7.186257142857145e+23,1.6629731158514597e-17,2.0279081898800207e-13,2.0247485409599033e-13,3.0633715292000576e-18,3.0633715292000576e-18,4.376245041714368e-19,0.0,4.376245041714368e-19,3.5009960333714946e-18,2.625747025028621e-18,3.5009960333714946e-18,0.0,1.3128735125143105e-18,2.188122520857184e-18,1.7504980166857473e-18,1.0940612604285921e-17,4.813869545885805e-18,1.3128735125143105e-18,1.3128735125143105e-18,3.5009960333714946e-18,6.126743058400115e-18,2.188122520857184e-18,8.3148655792573e-18,1.0502988100114484e-17,7.439616570914425e-18,8.752490083428736e-18,7.527141471748713e-17,4.332482591297225e-17,4.420007492131512e-17,0.0,3.0633715292000576e-18,4.376245041714368e-18,1.7504980166857473e-18,4.0261454383772186e-17,1.66297311585146e-17,1895.1830596828725,2349.079031112641,1928.7199709935976,1690.506554733036,970.1242038839723,1043.358870674998,-366.78172543799485,-529.2118608428719,59991.65012446125,8.570235732065894e+23,2.772007625063462e-22,3.3058598273916874e-22
5.8396e-06,192728.0,6.42428,3e+22,-1796.09,4218.93,59664.8,4.26683,4.27211,4.28925,-0.00147825667,-0.000509687238,0.377821261,0.0222724239,0.0222012677,0.156229811,8.93714361e-05,-0.000633774329,-0.000229156048,1600.12336,-157.170707,-1134.43469,-617.978097,1201.47056,362.732558,-802.550228,1584.81772,23672.8556,23000.0,192728.277854,6.424275928,-210.0,30000 3000,1e-06,2,0.0 0.0259,0.0 0.0,-1.0 0.0,0.00054857 28.0,30000,1000,0,0.0,0.0 0.0 0.0,1000 1000000 0,0,0.0,0,100,0,,70,,1,,,10,1.0,10.0,0.1,True,{},,,False,3,mixed,250,300,True,Ar_Aubin,,False,uniform,Argon_Aubin_Model3-test/70Td,3.0000000000000005e+21,8.523542857142858e+23,1.7504980166857468e-17,2.0263458704001287e-13,2.023103072824219e-13,3.5009960333714946e-18,8.752490083428737e-19,8.752490083428737e-19,0.0,4.376245041714368e-19,8.752490083428737e-19,2.625747025028621e-18,4.376245041714368e-19,4.376245041714368e-19,2.188122520857184e-18,1.7504980166857473e-18,2.188122520857184e-18,1.1378237108457357e-17,3.0633715292000576e-18,4.376245041714368e-19,1.7504980166857473e-18,1.7504980166857473e-18,6.126743058400115e-18,4.813869545885805e-18,1.3566359629314541e-17,1.4003984133485978e-17,8.752490083428736e-18,6.126743058400115e-18,8.139815777588725e-17,3.982382987960075e-17,4.726344645051518e-17,0.0,4.376245041714368e-18,4.376245041714368e-18,2.188122520857184e-18,3.938620537542932e-17,1.750498016685747e-17,1673.4623352673307,1597.4682779775796,1937.187797643518,1203.6208947790153,1205.353279699386,1130.2256266871955,-289.9664414146641,-1170.184040766294,58602.183571225774,8.371740510175112e+23,2.9870866749498697e-22,2.933887345110931e-22
5.86499e-06,192865.0,6.42882,3e+22,-3171.65,6967.54,52051.2,4.26678,4.28235,4.29277,-0.0015496576,-0.000517360679,0.379421589,0.0223531101,0.0223088278,0.157499526,7.99106291e-05,-0.00066274544,-0.000219040959,911.866979,-398.324243,-153.81181,-115.150217,1442.02025,-884.949749,-832.378963,2769.75628,20177.28,23100.0,192864.516199,6.428817207,-210.0,30000 3000,1e-06,2,0.0 0.0259,0.0 0.0,-1.0 0.0,0.00054857 28.0,30000,1000,0,0.0,0.0 0.0 0.0,1000 1000000 0,0,0.0,0,100,0,,70,,1,,,10,1.0,10.0,0.1,True,{},,,False,3,mixed,250,300,True,Ar_Aubin,,False,uniform,Argon_Aubin_Model3-test/70Td,3.0000000000000005e+21,7.435885714285715e+23,1.9693102687714655e-17,2.031676136860937e-13,2.0283414381391507e-13,2.188122520857184e-18,4.376245041714368e-19,8.752490083428737e-19,0.0,0.0,4.376245041714368e-19,5.251494050057242e-18,3.0633715292000576e-18,0.0,3.0633715292000576e-18,3.0633715292000576e-18,1.7504980166857473e-18,9.190114587600173e-18,6.5643675625715526e-18,8.752490083428737e-19,8.752490083428737e-19,2.188122520857184e-18,5.251494050057242e-18,4.376245041714368e-18,9.62773909177161e-18,1.0940612604285921e-17,5.6891185542286785e-18,9.62773909177161e-18,8.183578228005869e-17,4.332482591297225e-17,4.244957690462937e-17,0.0,6.126743058400115e-18,6.126743058400115e-18,4.376245041714368e-18,4.420007492131512e-17,1.969310268771466e-17,1584.704054123732,906.95200747296,2118.036893224106,1445.6249812253598,1139.7986645163185,427.9309866432013,19.127471754795984,297.8632474209701,63030.84727604942,9.004406753721347e+23,3.124359506301239e-22,3.783409928630782e-22
5.89038e-06,192862.0,6.42875,3e+22,45.2101,7991.31,52960.5,4.27497,4.29292,4.27329,-0.00161186109,-0.000436391823,0.380970986,0.0224570833,0.0223712255,0.158719886,5.64141618e-05,-0.0006949451,-0.000188025404,3375.54834,-1260.38619,76.8308063,-1369.18629,1883.85228,-156.377594,-32.1249146,3338.56113,20084.1294,23200.0,192862.38946,6.428746315,-210.0,30000 3000,1e-06,2,0.0 0.0259,0.0 0.0,-1.0 0.0,0.00054857 28.0,30000,1000,0,0.0,0.0 0.0 0.0,1000 1000000 0,0,0.0,0,100,0,,70,,1,,,10,1.0,10.0,0.1,True,{},,,False,3,mixed,250,300,True,Ar_Aubin,,False,uniform,Argon_Aubin_Model3-test/70Td,3.0000000000000005e+21,7.565785714285716e+23,2.0568351696057527e-17,2.029098528531367e-13,2.0258250972401652e-13,3.5009960333714946e-18,0.0,0.0,0.0,4.376245041714368e-19,1.3128735125143105e-18,2.188122520857184e-18,1.7504980166857473e-18,4.376245041714368e-19,1.7504980166857473e-18,2.625747025028621e-18,3.0633715292000576e-18,1.2691110620971668e-17,4.813869545885805e-18,8.752490083428737e-19,2.625747025028621e-18,2.625747025028621e-18,5.6891185542286785e-18,2.188122520857184e-18,9.190114587600173e-18,1.66297311585146e-17,1.0940612604285921e-17,7.001992066742989e-18,7.96476597592015e-17,3.4134711325372074e-17,5.076444248388667e-17,0.0,3.5009960333714946e-18,4.813869545885805e-18,2.188122520857184e-18,3.938620537542932e-17,2.056835169605753e-17,2043.6821081029507,3375.621212401065,1230.3250986426854,1887.3396223390582,831.2463660853659,-92.28450405299736,-240.2913100478779,112.84712458278642,61024.86845007436,8.717838350010625e+23,3.37048685535224e-22,3.88371554197138e-22
5.91577e-06,192984.0,6.43281,3e+22,2535.75,-1394.47,61172.7,4.32279,4.26876,4.25275,-0.00160727102,-0.000386872771,0.382542599,0.0225706444,0.0224394433,0.159972258,2.85222425e-05,-0.000685717679,-0.000180783302,2579.07052,-1370.45436,687.718336,-979.728061,1697.6796,412.245597,1463.8441,-288.309628,24484.4497,23300.0,192984.381517,6.432812717,-210.0,30000 3000,1e-06,2,0.0 0.0259,0.0 0.0,-1.0 0.0,0.00054857 28.0,30000,1000,0,0.0,0.0 0.0 0.0,1000 1000000 0,0,0.0,0,100,0,,70,,1,,,10,1.0,10.0,0.1,True,{},,,False,3,mixed,250,300,True,Ar_Aubin,,False,uniform,Argon_Aubin_Model3-test/70Td,3.0000000000000005e+21,8.738957142857144e+23,1.7067355662686034e-17,2.0323894648027364e-13,2.0290766473061592e-13,3.5009960333714946e-18,2.188122520857184e-18,8.752490083428737e-19,0.0,0.0,1.7504980166857473e-18,2.625747025028621e-18,8.752490083428737e-19,8.752490083428737e-19,4.376245041714368e-19,4.376245041714368e-19,2.625747025028621e-18,7.877241075085862e-18,3.938620537542931e-18,8.752490083428737e-19,8.752490083428737e-19,2.188122520857184e-18,5.251494050057242e-18,3.0633715292000576e-18,1.2691110620971668e-17,1.2691110620971668e-17,9.62773909177161e-18,7.439616570914425e-18,9.190114587600174e-17,4.0699078887943626e-17,5.0326817979715237e-17,0.0,3.5009960333714946e-18,5.6891185542286785e-18,3.938620537542931e-18,3.5447584837886383e-17,1.7067355662686037e-17,2236.6613897368698,2583.1461574889654,1344.222974805435,1697.1401175270237,1032.3936599516717,1083.2860541527043,394.0489624037502,1279.8511485109043,61899.872388693475,8.842838912670497e+23,2.757252156436356e-22,2.7900281764064746e-22
5.94115e-06,193157.0,6.43857,3e+22,-4247.36,8789.95,59408.3,4.30032,4.2329,4.32331,-0.00160491008,-0.000457943979,0.384164508,0.022683109,0.022523491,0.161270802,1.71472134e-05,-0.000679317011,-0.000200868389,1477.57927,921.105258,-337.363879,-123.466684,2316.02987,-250.911454,-1706.05048,2639.07913,24572.8962,23400.0,193157.134009,6.438571134,-210.0,30000 3000,1e-06,2,0.0 0.0259,0.0 0.0,-1.0 0.0,0.00054857 28.0,30000,1000,0,0.0,0.0 0.0 0.0,1000 1000000 0,0,0.0,0,100,0,,70,,1,,,10,1.0,10.0,0.1,True,{},,,False,3,mixed,250,300,True,Ar_Aubin,,False,uniform,Argon_Aubin_Model3-test/70Td,3.0000000000000005e+21,8.486900000000003e+23,2.4506972233600458e-17,2.0301575798314622e-13,2.026792247394384e-13,3.0633715292000576e-18,1.3128735125143105e-18,1.7504980166857473e-18,0.0,0.0,3.0633715292000576e-18,3.0633715292000576e-18,3.5009960333714946e-18,0.0,8.752490083428737e-19,4.376245041714368e-19,2.188122520857184e-18,1.0940612604285921e-17,5.6891185542286785e-18,1.3128735125143105e-18,8.752490083428737e-19,3.5009960333714946e-18,7.001992066742989e-18,8.752490083428737e-19,1.1815861612628794e-17,7.001992066742989e-18,1.0502988100114484e-17,6.126743058400115e-18,8.489915380925874e-17,4.551294843382943e-17,4.332482591297225e-17,0.0,5.251494050057242e-18,6.126743058400115e-18,3.5009960333714946e-18,3.851095636708644e-17,2.450697223360046e-17,2214.9262644319797,1470.762639122611,1653.9775706004934,2320.0551746782107,1083.4129484649004,1750.3358593835983,319.04897986812074,-316.3844147954562,63880.840974258455,9.125834424894066e+23,3.8363571706070423e-22,4.125176487729906e-22
5.96654e-06,193379.0,6.44596,3e+22,9602.1,-1117.62,59552.6,4.24622,4.30339,4.32161,-0.00156979261,-0.000396824821,0.38577672,0.0227481632,0.0226048578,0.162582467,1.97976957e-05,-0.000676923605,-0.000177999945,802.718222,-367.625894,-1068.25524,353.227111,-276.709688,-162.964416,2972.95882,719.20062,24282.8207,23500.0,193378.804129,6.445960138,-210.0,30000 3000,1e-06,2,0.0 0.0259,0.0 0.0,-1.0 0.0,0.00054857 28.0,30000,1000,0,0.0,0.0 0.0 0.0,1000 1000000 0,0,0.0,0,100,0,,70,,1,,,10,1.0,10.0,0.1,True,{},,,False,3,mixed,250,300,True,Ar_Aubin,,False,uniform,Argon_Aubin_Model3-test/70Td,3.0000000000000005e+21,8.507514285714287e+23,2.319409872108615e-17,2.0326826732205312e-13,2.0293392220086616e-13,4.813869545885805e-18,8.752490083428737e-19,0.0,0.0,0.0,8.752490083428737e-19,3.5009960333714946e-18,4.376245041714368e-18,4.376245041714368e-19,3.5009960333714946e-18,1.7504980166857473e-18,2.625747025028621e-18,1.1378237108457357e-17,2.625747025028621e-18,2.625747025028621e-18,1.3128735125143105e-18,4.376245041714368e-18,6.5643675625715526e-18,2.188122520857184e-18,7.439616570914425e-18,1.225348611680023e-17,8.752490083428736e-18,1.0502988100114484e-17,8.314865579257299e-17,4.244957690462937e-17,4.857631996302949e-17,4.376245041714368e-19,1.3128735125143105e-18,3.0633715292000576e-18,1.7504980166857473e-18,3.763570735874357e-17,2.3194098721086152e-17,1283.314576174412,817.791527620481,1603.3935695982116,-277.15318735644604,1385.5380337558913,1308.8140045280015,-337.407485797396,-1706.0778317257143,63498.91294073171,9.071273277247389e+23,3.6526765021528695e-22,3.8947247846586295e-22
5.99193e-06,193147.0,6.43822,3e+22,2729.26,-2882.25,54515.4,4.30616,4.26787,4.28542,-0.00154140965,-0.000436932889,0.3873022,0.02284896,0.0226959373,0.1638174,1.82787564e-05,-0.000680789274,-0.000200261102,2337.42056,-926.855812,22.9404719,-335.622761,2031.62794,-304.529168,624.41396,-1648.58883,21690.3578,23600.0,193146.573221,6.438219107,-210.0,30000 3000,1e-06,2,0.0 0.0259,0.0 0.0,-1.0 0.0,0.00054857 28.0,30000,1000,0,0.0,0.0 0.0 0.0,1000 1000000 0,0,0.0,0,100,0,,70,,1,,,10,1.0,10.0,0.1,True,{},,,False,3,mixed,250,300,True,Ar_Aubin,,False,uniform,Argon_Aubin_Model3-test/70Td,3.0000000000000005e+21,7.787914285714287e+23,1.8380229175200346e-17,2.0335054072883737e-13,2.030188213546754e-13,3.5009960333714946e-18,1.3128735125143105e-18,4.376245041714368e-19,0.0,4.376245041714368e-19,8.752490083428737e-19,2.188122520857184e-18,1.3128735125143105e-18,4.376245041714368e-19,1.7504980166857473e-18,8.752490083428737e-19,3.5009960333714946e-18,1.487923314182885e-17,2.625747025028621e-18,0.0,1.3128735125143105e-18,3.0633715292000576e-18,9.62773909177161e-18,1.3128735125143105e-18,1.0502988100114484e-17,7.001992066742989e-18,7.439616570914425e-18,9.62773909177161e-18,8.533677831343019e-17,4.420007492131512e-17,4.551294843382943e-17,0.0,4.376245041714368e-18,4.813869545885805e-18,3.0633715292000576e-18,4.2011952400457935e-17,1.8380229175200346e-17,1986.740734972185,2341.627467701359,1792.9794007993562,2030.3685901806798,1095.2628067870237,576.4234461200031,-490.9003930668102,-325.6634068383901,60082.868576108645,8.583266939444093e+23,3.0591464107472825e-22,3.371566415214847e-22
6.01732e-06,192697.0,6.42324,3e+22,618.437,3695.32,61764.7,4.28554,4.23447,4.3047,-0.0014431408,-0.000419961571,0.388812331,0.022942935,0.0228015136,0.165063305,1.19843928e-05,-0.000633816102,-0.00021353047,2350.38324,-196.862587,598.838278,193.371124,655.486455,-1170.38155,55.4950951,1993.2819,25987.944,23700.0,192697.097583,6.423236586,-210.0,30000 3000,1e-06,2,0.0 0.0259,0.0 0.0,-1.0 0.0,0.00054857 28.0,30000,1000,0,0.0,0.0 0.0 0.0,1000 1000000 0,0,0.0,0,100,0,,70,,1,,,10,1.0,10.0,0.1,True,{},,,False,3,mixed,250,300,True,Ar_Aubin,,False,uniform,Argon_Aubin_Model3-test/70Td,3.0000000000000005e+21,8.823528571428573e+23,2.5819845746114767e-17,2.0285383691660276e-13,2.0252036704442415e-13,1.3128735125143105e-18,8.752490083428737e-19,4.376245041714368e-19,0.0,4.376245041714368e-19,1.3128735125143105e-18,2.625747025028621e-18,4.813869545885805e-18,4.376245041714368e-19,8.752490083428737e-19,2.625747025028621e-18,1.7504980166857473e-18,9.62773909177161e-18,3.0633715292000576e-18,1.3128735125143105e-18,2.625747025028621e-18,5.251494050057242e-18,8.3148655792573e-18,3.0633715292000576e-18,9.62773909177161e-18,8.752490083428736e-18,8.3148655792573e-18,7.877241075085862e-18,7.96476597592015e-17,4.244957690462937e-17,4.8138695458858047e-17,0.0,4.376245041714368e-18,6.126743058400115e-18,3.0633715292000576e-18,3.851095636708644e-17,2.581984574611477e-17,1856.4350824843327,2351.27573166693,2079.4113067628573,657.0383473925477,1454.7371204435176,1973.0670194843005,436.9017969158559,503.01260012311286,59478.32970980345,8.496904244257638e+23,4.341050912507221e-22,4.18035637607157e-22
6.04271e-06,193685.0,6.45617,3e+22,-4362.38,-4019.6,58197.7,4.28473,4.32601,4.28215,-0.00143702622,-0.00041443998,0.390402043,0.023060434,0.0229005265,0.166361655,1.70490763e-05,-0.000645740756,-0.000209676223,1807.68506,124.353106,-411.062241,-1333.97639,1349.53133,-753.89333,-1410.09481,-1315.43842,23395.8775,23800.0,193685.043825,6.456168128,-210.0,30000 3000,1e-06,2,0.0 0.0259,0.0 0.0,-1.0 0.0,0.00054857 28.0,30000,1000,0,0.0,0.0 0.0 0.0,1000 1000000 0,0,0.0,0,100,0,,70,,1,,,10,1.0,10.0,0.1,True,{},,,False,3,mixed,250,300,True,Ar_Aubin,,False,uniform,Argon_Aubin_Model3-test/70Td,3.0000000000000005e+21,8.313957142857145e+23,2.1005976200228965e-17,2.0309409276939287e-13,2.027908189880021e-13,2.188122520857184e-18,1.7504980166857473e-18,4.376245041714368e-19,0.0,8.752490083428737e-19,3.0633715292000576e-18,4.376245041714368e-18,4.376245041714368e-19,4.376245041714368e-19,2.188122520857184e-18,3.0633715292000576e-18,1.3128735125143105e-18,1.0940612604285921e-17,3.0633715292000576e-18,4.376245041714368e-19,1.3128735125143105e-18,2.188122520857184e-18,3.938620537542931e-18,2.625747025028621e-18,8.3148655792573e-18,1.0065363595943046e-17,7.001992066742989e-18,5.251494050057242e-18,7.702191273417288e-17,4.463769942548656e-17,4.332482591297225e-17,0.0,1.7504980166857473e-18,4.376245041714368e-18,2.188122520857184e-18,3.3697086821200634e-17,2.1005976200228968e-17,2314.2666881647606,1801.4162055583963,1949.9619376456485,1347.865447056392,1174.1728715642546,675.3765220989008,-473.32846033956275,-34.44336581396624,62612.723319783116,8.944674759969017e+23,3.354905374893974e-22,3.6094169013945507e-22
6.0681e-06,193597.0,6.45324,3e+22,-4519.74,-280.245,47085.5,4.27687,4.28456,4.33234,-0.00144159601,-0.000344716651,0.391954453,0.0231447418,0.0230143002,0.167634126,1.85387201e-05,-0.00064037543,-0.000180747077,1748.65596,41.7792033,-338.276947,521.377488,2275.43402,1422.30627,-2541.47274,-1221.39664,20466.3222,23900.0,193597.295835,6.453243195,-210.0,30000 3000,1e-06,2,0.0 0.0259,0.0 0.0,-1.0 0.0,0.00054857 28.0,30000,1000,0,0.0,0.0 0.0 0.0,1000 1000000 0,0,0.0,0,100,0,,70,,1,,,10,1.0,10.0,0.1,True,{},,,False,3,mixed,250,300,True,Ar_Aubin,,False,uniform,Argon_Aubin_Model3-test/70Td,3.0000000000000005e+21,6.726500000000001e+23,2.1443600704400402e-17,2.0385862277818037e-13,2.035264657795143e-13,2.625747025028621e-18,8.752490083428737e-19,4.376245041714368e-19,0.0,0.0,8.752490083428737e-19,2.188122520857184e-18,3.938620537542931e-18,8.752490083428737e-19,8.752490083428737e-19,3.0633715292000576e-18,4.376245041714368e-18,1.0065363595943046e-17,4.376245041714368e-18,8.752490083428737e-19,8.752490083428737e-19,2.188122520857184e-18,7.877241075085862e-18,1.3128735125143105e-18,9.62773909177161e-18,1.3128735125143105e-17,7.877241075085862e-18,9.190114587600173e-18,8.971302335514455e-17,4.2011952400457935e-17,4.288720140880081e-17,0.0,3.938620537542931e-18,3.938620537542931e-18,1.7504980166857473e-18,3.8948580871257877e-17,2.1443600704400405e-17,1660.0231059354812,1742.1403208497627,2241.599531452784,2275.337414882141,1140.8795736177037,2010.9508032685007,369.7312842252335,-1040.339198668925,61143.539086870376,8.734791298124342e+23,3.5070918407150365e-22,4.554183496915272e-22
6.09349e-06,193129.0,6.43762,3e+22,-8483.29,2674.32,56544.4,4.27817,4.31099,4.26747,-0.00158216158,-0.000410556008,0.393526322,0.0232328287,0.0231330858,0.168914226,2.07693324e-05,-0.000703821989,-0.000201093583,654.044891,249.766595,-424.108324,-952.774505,1630.67326,172.666611,-2570.8444,1290.14534,22694.4338,24000.0,193128.732656,6.437624422,-210.0,30000 3000,1e-06,2,0.0 0.0259,0.0 0.0,-1.0 0.0,0.00054857 28.0,30000,1000,0,0.0,0.0 0.0 0.0,1000 1000000 0,0,0.0,0,100,0,,70,,1,,,10,1.0,10.0,0.1,True,{},,,False,3,mixed,250,300,True,Ar_Aubin,,False,uniform,Argon_Aubin_Model3-test/70Td,3.0000000000000005e+21,8.07777142857143e+23,2.4506972233600458e-17,2.031763661761771e-13,2.0282714182184833e-13,3.5009960333714946e-18,8.752490083428737e-19,4.376245041714368e-19,0.0,0.0,2.188122520857184e-18,3.5009960333714946e-18,3.5009960333714946e-18,1.3128735125143105e-18,2.625747025028621e-18,8.752490083428737e-19,8.752490083428737e-19,1.0065363595943046e-17,4.813869545885805e-18,4.376245041714368e-19,1.7504980166857473e-18,2.625747025028621e-18,1.1378237108457357e-17,4.376245041714368e-18,1.225348611680023e-17,1.225348611680023e-17,7.001992066742989e-18,5.6891185542286785e-18,8.402390480091587e-17,4.8138695458858047e-17,5.251494050057242e-17,0.0,2.188122520857184e-18,5.251494050057242e-18,2.625747025028621e-18,3.763570735874357e-17,2.450697223360046e-17,1726.3340854290618,640.6229554900018,2338.277746277445,1631.7712181433146,894.6009326954587,442.72403830320036,-230.97280616566738,432.9075654035323,61909.955257270834,8.844279322467263e+23,3.9584865037876613e-22,4.33411128840353e-22
6.11888e-06,193338.0,6.44461,3e+22,2533.64,-138.529,52648.5,4.25752,4.27114,4.34477,-0.00156710476,-0.000481016644,0.395123396,0.0233187547,0.0232421703,0.170239879,1.27817073e-05,-0.000695339609,-0.000230490928,1639.40481,798.899385,-1181.18449,437.650798,2710.96307,-457.20881,1133.67419,-209.80035,23108.5042,24100.0,193338.291094,6.444609703,-210.0,30000 3000,1e-06,2,0.0 0.0259,0.0 0.0,-1.0 0.0,0.00054857 28.0,30000,1000,0,0.0,0.0 0.0 0.0,1000 1000000 0,0,0.0,0,100,0,,70,,1,,,10,1.0,10.0,0.1,True,{},,,False,3,mixed,250,300,True,Ar_Aubin,,False,uniform,Argon_Aubin_Model3-test/70Td,3.0000000000000005e+21,7.521214285714288e+23,2.5382221241943332e-17,2.032472613458529e-13,2.0291729246970767e-13,4.813869545885805e-18,4.376245041714368e-19,8.752490083428737e-19,0.0,8.752490083428737e-19,3.0633715292000576e-18,3.938620537542931e-18,3.938620537542931e-18,4.376245041714368e-19,1.7504980166857473e-18,1.3128735125143105e-18,1.3128735125143105e-18,1.0502988100114484e-17,3.0633715292000576e-18,1.7504980166857473e-18,0.0,2.188122520857184e-18,6.126743058400115e-18,3.0633715292000576e-18,8.752490083428736e-18,1.1378237108457357e-17,4.376245041714368e-18,5.6891185542286785e-18,8.314865579257299e-17,4.595057293800087e-17,4.551294843382943e-17,0.0,4.813869545885805e-18,6.126743058400115e-18,1.3128735125143105e-18,3.807333186291501e-17,2.5382221241943336e-17,1693.0833478356149,1643.3752893041265,2146.9751241433532,2710.896435245323,1302.1284359509668,2305.8500856939972,199.29054698996245,-966.1050260845802,62902.684563759634,8.986097794822806e+23,4.0351570712717863e-22,4.821072061301525e-22
6.14427e-06,192980.0,6.43266,3e+22,-5435.86,3746.33,61155.2,4.25311,4.26637,4.32433,-0.00159096779,-0.000492912071,0.396643037,0.0233906245,0.0233329523,0.171497772,1.49840504e-05,-0.000699489212,-0.000240886826,1310.28129,895.474625,471.326539,-1178.96825,1474.32542,510.941528,-1234.30618,1370.97149,25231.1464,24200.0,192979.833714,6.432661124,-210.0,30000 3000,1e-06,2,0.0 0.0259,0.0 0.0,-1.0 0.0,0.00054857 28.0,30000,1000,0,0.0,0.0 0.0 0.0,1000 1000000 0,0,0.0,0,100,0,,70,,1,,,10,1.0,10.0,0.1,True,{},,,False,3,mixed,250,300,True,Ar_Aubin,,False,uniform,Argon_Aubin_Model3-test/70Td,3.0000000000000005e+21,8.736457142857144e+23,2.5819845746114767e-17,2.0284508442651936e-13,2.0251248980334907e-13,2.625747025028621e-18,1.3128735125143105e-18,1.3128735125143105e-18,0.0,4.376245041714368e-19,2.188122520857184e-18,3.5009960333714946e-18,3.5009960333714946e-18,8.752490083428737e-19,1.3128735125143105e-18,3.5009960333714946e-18,8.752490083428737e-19,7.877241075085862e-18,2.625747025028621e-18,1.3128735125143105e-18,1.3128735125143105e-18,3.938620537542931e-18,7.439616570914425e-18,2.188122520857184e-18,1.225348611680023e-17,9.190114587600173e-18,5.6891185542286785e-18,1.0065363595943046e-17,7.83347862466872e-17,3.938620537542932e-17,5.163969149222954e-17,0.0,8.752490083428737e-19,6.5643675625715526e-18,2.625747025028621e-18,4.2011952400457935e-17,2.581984574611477e-17,1413.8552560889943,1301.6330118290505,1787.5510977342742,1476.1720312789494,1077.0604103539986,974.3621436576032,303.15319405635375,1490.4123314978278,59852.89252292122,8.550413217560177e+23,4.313884368449999e-22,4.2220196722625008e-22
6.16966e-06,192427.0,6.41423,3e+22,-14156.0,-2154.05,65497.1,4.30333,4.26212,4.23745,-0.00161085367,-0.000628227933,0.398104515,0.023503396,0.0234415132,0.172726537,1.55243499e-05,-0.000715873732,-0.0002776143,1971.91604,744.902757,786.362871,-546.683017,1977.14224,1734.96885,-5872.87871,-737.28217,26911.2417,24300.0,192426.859118,6.414228637,-210.0,30000 3000,1e-06,2,0.0 0.0259,0.0 0.0,-1.0 0.0,0.00054857 28.0,30000,1000,0,0.0,0.0 0.0 0.0,1000 1000000 0,0,0.0,0,100,0,,70,,1,,,10,1.0,10.0,0.1,True,{},,,False,3,mixed,250,300,True,Ar_Aubin,,False,uniform,Argon_Aubin_Model3-test/70Td,3.0000000000000005e+21,9.356728571428574e+23,2.0568351696057527e-17,2.02706357458697e-13,2.023790143295768e-13,2.625747025028621e-18,4.376245041714368e-19,1.3128735125143105e-18,0.0,4.376245041714368e-19,8.752490083428737e-19,1.3128735125143105e-18,4.376245041714368e-18,1.3128735125143105e-18,1.7504980166857473e-18,3.938620537542931e-18,1.7504980166857473e-18,1.0940612604285921e-17,2.625747025028621e-18,2.188122520857184e-18,2.188122520857184e-18,3.0633715292000576e-18,5.6891185542286785e-18,2.188122520857184e-18,7.877241075085862e-18,1.225348611680023e-17,7.001992066742989e-18,9.190114587600173e-18,8.183578228005869e-17,3.8948580871257877e-17,4.770107095468661e-17,0.0,1.7504980166857473e-18,3.5009960333714946e-18,3.0633715292000576e-18,4.463769942548656e-17,2.056835169605753e-17,2219.566849471161,1949.11279544748,2134.913349834845,1975.7890056209212,1324.5371569100516,836.5504705934982,-241.9375241617902,654.5579192493578,57562.07265967231,8.223153237096046e+23,3.573247234800773e-22,3.140345404003769e-22
6.19505e-06,192034.0,6.40113,3e+22,4547.76,3255.93,62914.0,4.26814,4.25957,4.25187,-0.00160639278,-0.000621659224,0.399624369,0.0235877419,0.0235347997,0.173974727,1.76890683e-05,-0.000709707914,-0.000285587806,2389.84671,-160.856318,-1124.838,-1030.59411,1921.90933,-89.5989464,1682.78193,1724.24358,24993.4806,24400.0,192033.917185,6.401130573,-210.0,30000 3000,1e-06,2,0.0 0.0259,0.0 0.0,-1.0 0.0,0.00054857 28.0,30000,1000,0,0.0,0.0 0.0 0.0,1000 1000000 0,0,0.0,0,100,0,,70,,1,,,10,1.0,10.0,0.1,True,{},,,False,3,mixed,250,300,True,Ar_Aubin,,False,uniform,Argon_Aubin_Model3-test/70Td,3.0000000000000005e+21,8.987714285714287e+23,2.713271925862908e-17,2.021807704291871e-13,2.0184773818151264e-13,2.625747025028621e-18,1.7504980166857473e-18,0.0,0.0,8.752490083428737e-19,1.7504980166857473e-18,2.188122520857184e-18,3.5009960333714946e-18,1.3128735125143105e-18,1.7504980166857473e-18,8.752490083428737e-19,2.188122520857184e-18,1.0065363595943046e-17,6.5643675625715526e-18,2.625747025028621e-18,0.0,4.376245041714368e-18,7.439616570914425e-18,2.188122520857184e-18,1.225348611680023e-17,8.3148655792573e-18,7.439616570914425e-18,6.126743058400115e-18,8.227340678423012e-17,4.2011952400457935e-17,4.595057293800087e-17,0.0,3.0633715292000576e-18,3.938620537542931e-18,2.188122520857184e-18,4.0261454383772186e-17,2.7132719258629082e-17,1661.31510111464,2397.1521988291724,1837.2623071064509,1923.9334089171982,704.1970873322052,-148.4869512660007,269.0629250691562,-1158.38719500252,59861.28178466723,8.551611683523892e+23,4.532599110762577e-22,4.312667968755616e-22
6.22044e-06,191606.0,6.38685,3e+22,-1167.66,7435.43,57530.6,4.22865,4.24825,4.27766,-0.00156211908,-0.000688467025,0.401174219,0.0236767881,0.0236517365,0.175284698,-2.44197705e-06,-0.000702963368,-0.000285357553,2207.53118,-353.015457,-285.522981,-506.351829,2305.86904,-6.25922713,-978.635823,3037.8147,24647.2592,24500.0,191605.503224,6.386850107,-210.0,30000 3000,1e-06,2,0.0 0.0259,0.0 0.0,-1.0 0.0,0.00054857 28.0,30000,1000,0,0.0,0.0 0.0 0.0,1000 1000000 0,0,0.0,0,100,0,,70,,1,,,10,1.0,10.0,0.1,True,{},,,False,3,mixed,250,300,True,Ar_Aubin,,False,uniform,Argon_Aubin_Model3-test/70Td,3.0000000000000005e+21,8.218657142857144e+23,2.3631723225257586e-17,2.0154840302065937e-13,2.0120443016038066e-13,2.625747025028621e-18,0.0,4.376245041714368e-19,0.0,0.0,1.3128735125143105e-18,3.938620537542931e-18,3.0633715292000576e-18,1.3128735125143105e-18,2.625747025028621e-18,1.3128735125143105e-18,1.7504980166857473e-18,9.62773909177161e-18,6.5643675625715526e-18,4.376245041714368e-19,3.0633715292000576e-18,1.7504980166857473e-18,6.5643675625715526e-18,3.938620537542931e-18,1.1378237108457357e-17,1.1815861612628794e-17,9.190114587600173e-18,6.126743058400115e-18,8.66496518259445e-17,4.945156897137237e-17,5.0326817979715237e-17,0.0,3.938620537542931e-18,3.0633715292000576e-18,3.0633715292000576e-18,3.500996033371494e-17,2.363172322525759e-17,1756.358543331364,2205.7071560350473,2301.124738992894,2310.988088371696,1355.9352724773867,1567.4656763986022,-335.85614462840556,-705.854067498612,61042.71040110988,8.720387200158555e+23,3.8713423879729814e-22,4.107678909181824e-22
6.24583e-06,192407.0,6.41356,3e+22,1086.38,-2310.25,53416.5,4.29689,4.26193,4.25204,-0.0016495146,-0.000704076028,0.402797013,0.0237979178,0.0237574308,0.176670315,-1.22911662e-05,-0.000740056636,-0.00029608597,967.454857,1068.51423,314.064042,294.096708,1640.30765,630.060092,50.4627087,-1359.81083,23465.62,24600.0,192406.884655,6.413562822,-210.0,30000 3000,1e-06,2,0.0 0.0259,0.0 0.0,-1.0 0.0,0.00054857 28.0,30000,1000,0,0.0,0.0 0.0 0.0,1000 1000000 0,0,0.0,0,100,0,,70,,1,,,10,1.0,10.0,0.1,True,{},,,False,3,mixed,250,300,True,Ar_Aubin,,False,uniform,Argon_Aubin_Model3-test/70Td,3.0000000000000005e+21,7.630928571428573e+23,2.319409872108615e-17,2.0172345282232795e-13,2.0140836317932454e-13,2.625747025028621e-18,1.3128735125143105e-18,1.7504980166857473e-18,0.0,0.0,3.0633715292000576e-18,3.938620537542931e-18,4.376245041714368e-18,8.752490083428737e-19,2.188122520857184e-18,3.5009960333714946e-18,3.0633715292000576e-18,7.877241075085862e-18,4.813869545885805e-18,1.3128735125143105e-18,8.752490083428737e-19,8.752490083428737e-19,5.251494050057242e-18,2.625747025028621e-18,1.1378237108457357e-17,9.190114587600173e-18,7.439616570914425e-18,9.62773909177161e-18,7.26456676924585e-17,4.2011952400457935e-17,4.332482591297225e-17,0.0,2.625747025028621e-18,3.938620537542931e-18,2.188122520857184e-18,3.7198082854572133e-17,2.3194098721086152e-17,2379.89211339459,969.246856671148,2081.020650016343,1638.6810583563129,1593.9067283023278,1949.613355085501,25.379835676470258,15.047428347959965,63915.69776601376,9.130813966573396e+23,3.628857938154165e-22,4.342122512910083e-22
6.27122e-06,192562.0,6.41875,3e+22,-5968.4,4507.03,52315.8,4.27194,4.2601,4.28958,-0.00176692639,-0.000746575579,0.404342802,0.0238795558,0.0238689287,0.177969432,-1.72425052e-05,-0.000780910627,-0.000309773219,2158.48835,356.343295,377.625635,-1164.8448,1067.83384,-201.549245,-1961.9981,1602.33192,21742.797,24700.0,192562.430027,6.418747668,-210.0,30000 3000,1e-06,2,0.0 0.0259,0.0 0.0,-1.0 0.0,0.00054857 28.0,30000,1000,0,0.0,0.0 0.0 0.0,1000 1000000 0,0,0.0,0,100,0,,70,,1,,,10,1.0,10.0,0.1,True,{},,,False,3,mixed,250,300,True,Ar_Aubin,,False,uniform,Argon_Aubin_Model3-test/70Td,3.0000000000000005e+21,7.473685714285716e+23,1.7067355662686034e-17,2.017890964979537e-13,2.0146481674036264e-13,2.188122520857184e-18,4.376245041714368e-19,3.938620537542931e-18,0.0,0.0,3.0633715292000576e-18,3.938620537542931e-18,8.752490083428737e-19,8.752490083428737e-19,8.752490083428737e-19,2.188122520857184e-18,1.3128735125143105e-18,8.752490083428736e-18,4.813869545885805e-18,4.376245041714368e-19,2.188122520857184e-18,2.625747025028621e-18,3.938620537542931e-18,3.5009960333714946e-18,8.752490083428736e-18,1.0940612604285921e-17,7.001992066742989e-18,7.001992066742989e-18,9.321401938851604e-17,4.0699078887943626e-17,4.682582194634374e-17,4.376245041714368e-19,3.0633715292000576e-18,3.938620537542931e-18,2.625747025028621e-18,3.676045835040069e-17,1.7067355662686037e-17,1599.8060140360426,2147.942626533924,2194.525474171431,1071.1986785318204,1013.1934435941739,589.2798391283977,361.18815107189357,921.3452820907617,60882.763021080274,8.697537574440042e+23,2.8033148983032473e-22,3.262371150338145e-22
6.29661e-06,192514.0,6.41715,3e+22,-1861.06,-1192.53,51054.8,4.23842,4.2646,4.31643,-0.00178926743,-0.000659799374,0.405902228,0.0239790085,0.0239406589,0.179290236,-1.66171092e-05,-0.000782875819,-0.000288977488,836.415996,501.579322,242.597678,255.972875,1390.45239,-990.101619,-886.354628,5.38710888,21984.5662,24800.0,192514.462433,6.417148748,-210.0,30000 3000,1e-06,2,0.0 0.0259,0.0 0.0,-1.0 0.0,0.00054857 28.0,30000,1000,0,0.0,0.0 0.0 0.0,1000 1000000 0,0,0.0,0,100,0,,70,,1,,,10,1.0,10.0,0.1,True,{},,,False,3,mixed,250,300,True,Ar_Aubin,,False,uniform,Argon_Aubin_Model3-test/70Td,3.0000000000000005e+21,7.29354285714286e+23,2.6695094754457642e-17,2.020844930382694e-13,2.0175452416212416e-13,3.938620537542931e-18,1.7504980166857473e-18,1.3128735125143105e-18,0.0,4.376245041714368e-19,1.7504980166857473e-18,3.938620537542931e-18,6.5643675625715526e-18,4.376245041714368e-19,1.3128735125143105e-18,2.188122520857184e-18,3.5009960333714946e-18,9.190114587600173e-18,2.625747025028621e-18,1.3128735125143105e-18,3.0633715292000576e-18,3.5009960333714946e-18,7.439616570914425e-18,2.188122520857184e-18,1.487923314182885e-17,1.1378237108457357e-17,5.251494050057242e-18,1.0940612604285921e-17,7.658428823000145e-17,4.1574327896286495e-17,4.3762450417143685e-17,0.0,1.3128735125143105e-18,3.938620537542931e-18,1.3128735125143105e-18,3.588520934205782e-17,2.6695094754457645e-17,1956.9676350083419,833.0860619567242,1414.9935383233724,1389.6655594525237,1128.1555016075674,1261.3091299055995,388.28799447369244,203.00214122684395,61419.872703783236,8.774267529111893e+23,4.346328570754808e-22,5.228714000340348e-22
6.322e-06,192882.0,6.42939,3e+22,-955.753,590.267,38300.4,4.2412,4.29807,4.31116,-0.00176276556,-0.000652031409,0.407458691,0.0240982046,0.0240536841,0.180605755,-2.27475359e-06,-0.000773381152,-0.000305869962,2153.29969,330.404212,591.335138,-618.13847,1091.5194,556.21693,-493.235294,-592.998604,16952.0299,24900.0,192881.79636,6.429393212,-210.0,30000 3000,1e-06,2,0.0 0.0259,0.0 0.0,-1.0 0.0,0.00054857 28.0,30000,1000,0,0.0,0.0 0.0 0.0,1000 1000000 0,0,0.0,0,100,0,,70,,1,,,10,1.0,10.0,0.1,True,{},,,False,3,mixed,250,300,True,Ar_Aubin,,False,uniform,Argon_Aubin_Model3-test/70Td,3.0000000000000005e+21,5.4714857142857156e+23,2.319409872108615e-17,2.0257682060546223e-13,2.0226173096245884e-13,8.752490083428737e-19,4.376245041714368e-19,4.376245041714368e-19,0.0,1.3128735125143105e-18,8.752490083428737e-19,3.0633715292000576e-18,8.752490083428737e-19,8.752490083428737e-19,1.7504980166857473e-18,8.752490083428737e-19,3.938620537542931e-18,7.439616570914425e-18,6.126743058400115e-18,3.5009960333714946e-18,8.752490083428737e-19,3.5009960333714946e-18,8.752490083428736e-18,2.625747025028621e-18,8.3148655792573e-18,1.0940612604285921e-17,9.190114587600173e-18,6.5643675625715526e-18,7.614666372583002e-17,4.244957690462937e-17,3.851095636708644e-17,0.0,3.0633715292000576e-18,6.5643675625715526e-18,1.7504980166857473e-18,4.0261454383772186e-17,2.3194098721086152e-17,2349.1948576688465,2151.6149215277333,2226.0175476495597,1091.9042726236962,975.8488501293375,1346.1990512236007,58.33799243185818,555.044336353547,61303.171377257146,8.757595911036737e+23,3.783507149793383e-22,6.055837203028206e-22
6.34739e-06,192473.0,6.41578,3e+22,-6314.09,5158.59,56982.1,4.27888,4.26513,4.2687,-0.001820604,-0.000685991031,0.408952129,0.0241650972,0.0241381727,0.181888141,-9.16627759e-06,-0.000791066512,-0.000318925873,1393.31387,912.524181,19.3581973,-551.949168,872.089033,741.59428,-2561.50123,2072.67108,24303.4846,25000.0,192473.330887,6.415777696,-210.0,30000 3000,1e-06,2,0.0 0.0259,0.0 0.0,-1.0 0.0,0.00054857 28.0,30000,1000,0,0.0,0.0 0.0 0.0,1000 1000000 0,0,0.0,0,100,0,,70,,1,,,10,1.0,10.0,0.1,True,{},,,False,3,mixed,250,300,True,Ar_Aubin,,False,uniform,Argon_Aubin_Model3-test/70Td,3.0000000000000005e+21,8.1403e+23,1.9693102687714655e-17,2.0265034152216305e-13,2.0231993502151365e-13,3.5009960333714946e-18,4.376245041714368e-19,2.188122520857184e-18,4.376245041714368e-19,1.3128735125143105e-18,1.7504980166857473e-18,2.625747025028621e-18,5.6891185542286785e-18,8.752490083428737e-19,2.188122520857184e-18,1.3128735125143105e-18,3.0633715292000576e-18,1.0940612604285921e-17,3.938620537542931e-18,1.7504980166857473e-18,3.938620537542931e-18,2.188122520857184e-18,7.001992066742989e-18,1.7504980166857473e-18,1.2691110620971668e-17,1.0502988100114484e-17,5.6891185542286785e-18,8.3148655792573e-18,8.840014984263024e-17,3.8948580871257877e-17,4.463769942548656e-17,0.0,3.5009960333714946e-18,5.251494050057242e-18,3.938620537542931e-18,3.194658880451489e-17,1.969310268771466e-17,1313.2413172067552,1381.81841248964,1662.9478460414357,875.6277794726062,1243.1676316453115,1000.533490109101,338.736106454379,143.75935468600983,58820.855783470935,8.402979397638706e+23,3.3479796282135275e-22,3.45601560625436e-22
6.37278e-06,192897.0,6.42989,3e+22,-1803.88,476.165,57759.1,4.33096,4.26432,4.24551,-0.00181282237,-0.000713722119,0.41051121,0.0242565022,0.0242429837,0.183222482,-1.2297393e-05,-0.000798041726,-0.000328674983,957.158073,-921.220681,-216.603031,-375.031625,2446.07927,529.065828,505.540608,-245.054931,23971.3338,25100.0,192896.5731,6.42988577,-210.0,30000 3000,1e-06,2,0.0 0.0259,0.0 0.0,-1.0 0.0,0.00054857 28.0,30000,1000,0,0.0,0.0 0.0 0.0,1000 1000000 0,0,0.0,0,100,0,,70,,1,,,10,1.0,10.0,0.1,True,{},,,False,3,mixed,250,300,True,Ar_Aubin,,False,uniform,Argon_Aubin_Model3-test/70Td,3.0000000000000005e+21,8.251300000000002e+23,2.1443600704400402e-17,2.030415778288923e-13,2.0272605056138475e-13,2.188122520857184e-18,1.7504980166857473e-18,1.3128735125143105e-18,0.0,1.7504980166857473e-18,1.7504980166857473e-18,2.188122520857184e-18,5.6891185542286785e-18,0.0,2.188122520857184e-18,2.625747025028621e-18,1.3128735125143105e-18,1.3128735125143105e-17,6.126743058400115e-18,8.752490083428737e-19,8.752490083428737e-19,3.0633715292000576e-18,7.877241075085862e-18,2.625747025028621e-18,1.1815861612628794e-17,9.190114587600173e-18,8.3148655792573e-18,4.813869545885805e-18,7.089516967577277e-17,4.463769942548656e-17,4.8138695458858047e-17,0.0,5.6891185542286785e-18,3.5009960333714946e-18,1.3128735125143105e-18,2.844559277114339e-17,2.1443600704400405e-17,1800.6048535550567,953.8879589832044,2063.289386825041,2446.419119492794,1117.2148826392229,260.5757704889984,-288.74780390980055,1134.157527045867,61406.2844629304,8.772326351847201e+23,3.4920856866605277e-22,3.712592596560612e-22
6.39817e-06,192693.0,6.42311,3e+22,9683.67,-349.576,57252.2,4.27457,4.25615,4.29632,-0.00178991017,-0.000721877671,0.412059282,0.0243468765,0.0243433897,0.184551119,-1.46994753e-05,-0.000788525729,-0.000338350775,145.188978,-459.314337,-710.126935,606.165864,1253.73622,-973.402055,4107.49695,-1083.43918,24683.0354,25200.0,192693.188916,6.423106297,-210.0,30000 3000,1e-06,2,0.0 0.0259,0.0 0.0,-1.0 0.0,0.00054857 28.0,30000,1000,0,0.0,0.0 0.0 0.0,1000 1000000 0,0,0.0,0,100,0,,70,,1,,,10,1.0,10.0,0.1,True,{},,,False,3,mixed,250,300,True,Ar_Aubin,,False,uniform,Argon_Aubin_Model3-test/70Td,3.0000000000000005e+21,8.178885714285715e+23,2.188122520857184e-17,2.0301181936260868e-13,2.0267703661691756e-13,2.625747025028621e-18,1.3128735125143105e-18,1.3128735125143105e-18,0.0,4.376245041714368e-19,8.752490083428737e-19,4.376245041714368e-18,3.0633715292000576e-18,8.752490083428737e-19,3.0633715292000576e-18,3.0633715292000576e-18,1.7504980166857473e-18,7.001992066742989e-18,4.376245041714368e-18,1.7504980166857473e-18,1.3128735125143105e-18,4.813869545885805e-18,7.439616570914425e-18,2.625747025028621e-18,1.0065363595943046e-17,1.1378237108457357e-17,1.0065363595943046e-17,4.813869545885805e-18,8.096053327171582e-17,4.2011952400457935e-17,5.339018950891529e-17,0.0,8.752490083428737e-19,3.0633715292000576e-18,1.3128735125143105e-18,4.288720140880081e-17,2.1881225208571842e-17,1781.3759674927173,162.52187741592388,1977.07509947494,1253.4838688912826,1087.8204719370708,1091.734975079602,113.4792147544747,-490.39979729006654,60972.681727952055,8.710383103993153e+23,3.588693262041762e-22,3.821901203547085e-22
6.42356e-06,192872.0,6.42908,3e+22,-3806.6,6577.17,56426.6,4.21244,4.27593,4.35135,-0.00180575742,-0.00071968043,0.413687746,0.0244400404,0.0244453575,0.185977292,-1.65853126e-05,-0.00079026696,-0.000348154163,1701.27061,-419.272695,1053.85648,191.086187,1369.79808,990.758533,-440.921166,2845.40675,25256.8571,25300.0,192872.337741,6.429077925,-210.0,30000 3000,1e-06,2,0.0 0.0259,0.0 0.0,-1.0 0.0,0.00054857 28.0,30000,1000,0,0.0,0.0 0.0 0.0,1000 1000000 0,0,0.0,0,100,0,,70,,1,,,10,1.0,10.0,0.1,True,{},,,False,3,mixed,250,300,True,Ar_Aubin,,False,uniform,Argon_Aubin_Model3-test/70Td,3.0000000000000005e+21,8.060942857142858e+23,2.275647421691471e-17,2.029930015089293e-13,2.0265384251819647e-13,4.376245041714368e-18,1.7504980166857473e-18,2.188122520857184e-18,0.0,4.376245041714368e-19,1.3128735125143105e-18,3.938620537542931e-18,2.188122520857184e-18,1.3128735125143105e-18,3.5009960333714946e-18,1.7504980166857473e-18,2.625747025028621e-18,9.190114587600173e-18,3.5009960333714946e-18,1.7504980166857473e-18,1.7504980166857473e-18,3.0633715292000576e-18,5.251494050057242e-18,2.625747025028621e-18,8.3148655792573e-18,1.5754482150171725e-17,7.877241075085862e-18,5.251494050057242e-18,8.489915380925874e-17,4.857631996302949e-17,4.770107095468661e-17,0.0,3.5009960333714946e-18,3.0633715292000576e-18,3.5009960333714946e-18,3.5447584837886383e-17,2.2756474216914714e-17,1833.564108075457,1694.396813805028,2008.1247331696327,1374.531540533783,1604.4697788657754,1913.8641315564018,304.4312004867077,2289.571839558972,64139.017550492965,9.162716792927569e+23,3.547992327603061e-22,4.0329337966339834e-22
6.44895e-06,192976.0,6.43255,3e+22,-5242.29,-404.04,61958.2,4.32542,4.2141,4.30359,-0.0017770267,-0.000647685447,0.415309761,0.0245683916,0.0245406768,0.187388308,-1.04539615e-05,-0.000766900653,-0.000324247177,1893.27266,-346.205194,666.323906,275.089727,1136.89698,158.230079,-3007.88204,-298.436628,26820.0113,25400.0,192976.403398,6.43254678,-210.0,30000 3000,1e-06,2,0.0 0.0259,0.0 0.0,-1.0 0.0,0.00054857 28.0,30000,1000,0,0.0,0.0 0.0 0.0,1000 1000000 0,0,0.0,0,100,0,,70,,1,,,10,1.0,10.0,0.1,True,{},,,False,3,mixed,250,300,True,Ar_Aubin,,False,uniform,Argon_Aubin_Model3-test/70Td,3.0000000000000005e+21,8.85117142857143e+23,1.8380229175200346e-17,2.028122625887065e-13,2.0246872735293193e-13,4.376245041714368e-18,1.7504980166857473e-18,1.3128735125143105e-18,0.0,8.752490083428737e-19,2.625747025028621e-18,2.188122520857184e-18,3.938620537542931e-18,0.0,1.3128735125143105e-18,1.7504980166857473e-18,3.0633715292000576e-18,1.1378237108457357e-17,3.5009960333714946e-18,3.0633715292000576e-18,4.376245041714368e-19,2.188122520857184e-18,5.6891185542286785e-18,1.3128735125143105e-18,7.877241075085862e-18,6.126743058400115e-18,6.126743058400115e-18,7.001992066742989e-18,9.321401938851604e-17,4.6388197442172303e-17,5.864168355897253e-17,0.0,3.5009960333714946e-18,6.5643675625715526e-18,2.188122520857184e-18,3.676045835040069e-17,1.8380229175200346e-17,2529.6604902670656,1883.956970700857,1879.0714206420582,1136.6352891719941,1307.0235191460242,1088.1660660097987,565.7089581971893,-54.28255132336972,63885.01591202606,9.126430844575153e+23,2.877079846158472e-22,2.9665531237512303e-22
6.47434e-06,192823.0,6.42745,3e+22,4956.98,200.134,57560.9,4.31439,4.24212,4.27941,-0.00178775102,-0.000653993117,0.416870808,0.0246806994,0.0246760499,0.188754952,-2.66578964e-05,-0.000772703603,-0.000319648015,1076.81653,-288.595351,-747.121891,577.274922,1888.03999,-514.760149,1887.7447,-302.703947,24797.8919,25500.0,192823.408869,6.427446962,-210.0,30000 3000,1e-06,2,0.0 0.0259,0.0 0.0,-1.0 0.0,0.00054857 28.0,30000,1000,0,0.0,0.0 0.0 0.0,1000 1000000 0,0,0.0,0,100,0,,70,,1,,,10,1.0,10.0,0.1,True,{},,,False,3,mixed,250,300,True,Ar_Aubin,,False,uniform,Argon_Aubin_Model3-test/70Td,3.0000000000000005e+21,8.222985714285716e+23,2.188122520857184e-17,2.0242977877206067e-13,2.020923702793445e-13,5.251494050057242e-18,8.752490083428737e-19,1.7504980166857473e-18,0.0,4.376245041714368e-19,2.625747025028621e-18,3.5009960333714946e-18,2.625747025028621e-18,0.0,1.3128735125143105e-18,4.376245041714368e-19,1.7504980166857473e-18,7.001992066742989e-18,2.188122520857184e-18,1.7504980166857473e-18,3.0633715292000576e-18,3.0633715292000576e-18,8.752490083428736e-18,1.3128735125143105e-18,1.487923314182885e-17,1.0940612604285921e-17,8.3148655792573e-18,8.752490083428736e-18,8.008528426337294e-17,4.595057293800087e-17,5.5140687525601045e-17,0.0,3.0633715292000576e-18,3.5009960333714946e-18,3.938620537542931e-18,3.32594623170292e-17,2.1881225208571842e-17,2210.9361743194686,1085.6783760511196,2665.7546680761498,1888.1708762584776,1330.6830218730634,802.4330077927989,56.78420072020012,-822.8928911527219,61483.717742697096,8.78338824895673e+23,3.558865015310634e-22,3.8014042880795536e-22
6.49972e-06,192380.0,6.41268,3e+22,-1472.34,11385.4,58709.7,4.28548,4.26629,4.25324,-0.00178941167,-0.000561476502,0.418440204,0.0247557396,0.0247718833,0.190120953,-3.16660995e-05,-0.000766830016,-0.00028859626,1.89178635,172.379072,-246.360255,-117.378674,2760.16666,-377.027804,-365.696542,5156.3612,25046.4146,25600.0,192380.277272,6.412675909,-210.0,30000 3000,1e-06,2,0.0 0.0259,0.0 0.0,-1.0 0.0,0.00054857 28.0,30000,1000,0,0.0,0.0 0.0 0.0,1000 1000000 0,0,0.0,0,100,0,,70,,1,,,10,1.0,10.0,0.1,True,{},,,False,3,mixed,250,300,True,Ar_Aubin,,False,uniform,Argon_Aubin_Model3-test/70Td,3.0000000000000005e+21,8.387100000000001e+23,2.319409872108615e-17,2.0237638858255173e-13,2.0202891472623964e-13,4.376245041714368e-18,1.3128735125143105e-18,8.752490083428737e-19,0.0,0.0,2.625747025028621e-18,2.188122520857184e-18,1.7504980166857473e-18,8.752490083428737e-19,3.0633715292000576e-18,3.0633715292000576e-18,3.5009960333714946e-18,1.225348611680023e-17,4.376245041714368e-18,4.376245041714368e-19,1.3128735125143105e-18,4.813869545885805e-18,7.001992066742989e-18,4.813869545885805e-18,1.1815861612628794e-17,1.225348611680023e-17,7.877241075085862e-18,3.5009960333714946e-18,7.96476597592015e-17,4.463769942548656e-17,5.732881004645823e-17,0.0,2.625747025028621e-18,5.251494050057242e-18,3.5009960333714946e-18,3.7198082854572133e-17,2.3194098721086152e-17,1477.6573790996881,-0.7428360282077999,1889.4714988574897,2766.5592945658705,1084.444792577418,479.91575522120183,369.21255256311525,109.08527527955903,61812.55317137729,8.830364738768185e+23,3.752328213458481e-22,3.9506416692788667e-22
6.52511e-06,192939.0,6.4313,3e+22,-6943.62,-578.897,65055.6,4.27088,4.25763,4.30976,-0.00181529251,-0.000501877221,0.420087052,0.0248438339,0.0248546877,0.191558863,-5.14437128e-05,-0.000788042529,-0.000264332306,2275.53956,-1592.54317,-456.344609,1607.13708,2371.89475,324.402035,-2768.82385,-560.883984,28360.3873,25700.0,192939.032974,6.431301099,-210.0,30000 3000,1e-06,2,0.0 0.0259,0.0 0.0,-1.0 0.0,0.00054857 28.0,30000,1000,0,0.0,0.0 0.0 0.0,1000 1000000 0,0,0.0,0,100,0,,70,,1,,,10,1.0,10.0,0.1,True,{},,,False,3,mixed,250,300,True,Ar_Aubin,,False,uniform,Argon_Aubin_Model3-test/70Td,3.0000000000000005e+21,9.293657142857144e+23,2.013072719188609e-17,2.022822993141549e-13,2.0195189281350548e-13,2.188122520857184e-18,2.188122520857184e-18,0.0,0.0,8.752490083428737e-19,1.3128735125143105e-18,2.188122520857184e-18,8.752490083428737e-19,0.0,1.7504980166857473e-18,2.625747025028621e-18,8.752490083428737e-19,7.877241075085862e-18,5.6891185542286785e-18,4.376245041714368e-19,2.188122520857184e-18,2.188122520857184e-18,7.877241075085862e-18,4.376245041714368e-18,1.3128735125143105e-17,1.1378237108457357e-17,7.439616570914425e-18,8.3148655792573e-18,7.877241075085863e-17,4.8138695458858047e-17,4.3762450417143685e-17,4.376245041714368e-19,3.938620537542931e-18,7.439616570914425e-18,4.813869545885805e-18,3.7198082854572133e-17,2.0130727191886093e-17,1733.0128719607994,2262.934858621714,1631.923604888197,2371.6042147823946,1122.173360566082,1031.3720799087969,-291.1986873050447,-190.1486595782044,64863.09355011635,9.266156221445194e+23,3.1035718603726667e-22,3.0943880606567443e-22
6.5505e-06,192104.0,6.40346,3e+22,-94.6903,-2753.81,59183.9,4.24132,4.27161,4.27402,-0.0018565329,-0.000507645798,0.421606007,0.0249509688,0.0249565578,0.192892644,-6.86035143e-05,-0.000805837818,-0.00027581095,1732.07472,-125.610873,-288.568416,-179.96523,116.923286,395.035418,-455.25475,-1207.90863,25860.5112,25800.0,192103.68125,6.403456042,-210.0,30000 3000,1e-06,2,0.0 0.0259,0.0 0.0,-1.0 0.0,0.00054857 28.0,30000,1000,0,0.0,0.0 0.0 0.0,1000 1000000 0,0,0.0,0,100,0,,70,,1,,,10,1.0,10.0,0.1,True,{},,,False,3,mixed,250,300,True,Ar_Aubin,,False,uniform,Argon_Aubin_Model3-test/70Td,3.0000000000000005e+21,8.45484285714286e+23,2.2318849712743277e-17,2.0218602192323714e-13,2.0183854806692505e-13,6.5643675625715526e-18,2.188122520857184e-18,8.752490083428737e-19,0.0,0.0,3.5009960333714946e-18,3.938620537542931e-18,3.0633715292000576e-18,4.376245041714368e-19,3.0633715292000576e-18,1.3128735125143105e-18,1.7504980166857473e-18,7.877241075085862e-18,3.938620537542931e-18,1.3128735125143105e-18,2.625747025028621e-18,1.3128735125143105e-18,1.225348611680023e-17,3.5009960333714946e-18,8.752490083428736e-18,1.225348611680023e-17,8.3148655792573e-18,8.752490083428736e-18,8.358628029674444e-17,4.113670339211506e-17,4.463769942548656e-17,0.0,4.376245041714368e-18,4.376245041714368e-18,4.376245041714368e-18,4.5075323929657994e-17,2.231884971274328e-17,2106.836509596014,1731.8989243427393,2006.0236571024122,115.52532592500962,1088.7749229345302,908.2234423127011,92.52823162042034,-594.0243092150579,59825.87358603477,8.54655336943354e+23,3.730634986992182e-22,3.7711015517299936e-22
6.57589e-06,192493.0,6.41642,3e+22,13287.5,-4344.18,57487.8,4.26005,4.24818,4.30472,-0.00175509639,-0.000599241616,0.423214851,0.0250548151,0.0250556173,0.194333624,-7.30479701e-05,-0.00076412028,-0.00031945202,73.7096989,-50.8165348,617.865822,-287.038517,1943.57081,69.0937661,5266.78555,-3163.62491,24367.0833,25900.0,192492.690413,6.416423014,-210.0,30000 3000,1e-06,2,0.0 0.0259,0.0 0.0,-1.0 0.0,0.00054857 28.0,30000,1000,0,0.0,0.0 0.0 0.0,1000 1000000 0,0,0.0,0,100,0,,70,,1,,,10,1.0,10.0,0.1,True,{},,,False,3,mixed,250,300,True,Ar_Aubin,,False,uniform,Argon_Aubin_Model3-test/70Td,3.0000000000000005e+21,8.212542857142859e+23,2.188122520857184e-17,2.026310860439795e-13,2.0230330529035515e-13,2.625747025028621e-18,4.376245041714368e-19,4.376245041714368e-19,0.0,0.0,8.752490083428737e-19,5.6891185542286785e-18,4.376245041714368e-18,0.0,2.188122520857184e-18,1.3128735125143105e-18,8.752490083428737e-19,7.877241075085862e-18,5.6891185542286785e-18,1.3128735125143105e-18,4.376245041714368e-19,8.752490083428737e-19,6.5643675625715526e-18,3.5009960333714946e-18,1.0502988100114484e-17,1.0940612604285921e-17,7.439616570914425e-18,4.376245041714368e-18,8.096053327171582e-17,4.332482591297225e-17,5.2077315996400986e-17,0.0,4.813869545885805e-18,5.6891185542286785e-18,1.7504980166857473e-18,3.8948580871257877e-17,2.1881225208571842e-17,2052.270438892089,97.030542182125,1948.792295701325,1940.967596556605,1610.7979553016999,37.39258868219622,69.90942556627459,362.08066958654126,63366.26020102712,9.052322885861019e+23,3.453135018407976e-22,3.806238055478178e-22
6.60128e-06,191917.0,6.39724,3e+22,-2539.01,-1181.6,53964.6,4.20445,4.26534,4.30809,-0.00181101994,-0.000651259122,0.424720932,0.0251215367,0.0251664449,0.195665879,-8.18192669e-05,-0.000793311679,-0.000348322343,2693.95207,-642.33733,806.902507,-62.9939386,498.450032,1.34453655,-501.094276,-1676.86706,24493.9958,26000.0,191917.236766,6.397241226,-210.0,30000 3000,1e-06,2,0.0 0.0259,0.0 0.0,-1.0 0.0,0.00054857 28.0,30000,1000,0,0.0,0.0 0.0 0.0,1000 1000000 0,0,0.0,0,100,0,,70,,1,,,10,1.0,10.0,0.1,True,{},,,False,3,mixed,250,300,True,Ar_Aubin,,False,uniform,Argon_Aubin_Model3-test/70Td,3.0000000000000005e+21,7.709228571428573e+23,2.6257470250286207e-17,2.0166393588976063e-13,2.0132521452353197e-13,1.7504980166857473e-18,4.376245041714368e-19,4.376245041714368e-19,0.0,0.0,1.7504980166857473e-18,3.5009960333714946e-18,2.625747025028621e-18,0.0,1.3128735125143105e-18,2.188122520857184e-18,8.752490083428737e-19,7.001992066742989e-18,6.126743058400115e-18,0.0,1.3128735125143105e-18,2.188122520857184e-18,9.62773909177161e-18,3.0633715292000576e-18,1.6192106654343162e-17,1.0502988100114484e-17,7.877241075085862e-18,7.439616570914425e-18,8.271103128840156e-17,4.3762450417143685e-17,5.2077315996400986e-17,0.0,5.6891185542286785e-18,5.6891185542286785e-18,4.376245041714368e-18,3.194658880451489e-17,2.625747025028621e-17,1310.0279270865994,2689.3538722621406,2181.2583118749803,497.68050422144483,1086.9613543252317,1574.1005929927996,-110.13089600087167,1481.9098912114441,59318.81557803165,8.474116511147381e+23,4.426499415812762e-22,4.86568421711385e-22
6.62667e-06,191547.0,6.38489,3e+22,3268.37,-5301.75,59596.5,4.24655,4.23988,4.26294,-0.00179651971,-0.000699894064,0.426217908,0.0252272601,0.0252708925,0.197000034,-9.34833302e-05,-0.000787393623,-0.00036499317,1576.57592,895.339579,320.935177,810.172835,881.720526,194.994105,1654.47702,-2808.58015,25972.4366,26100.0,191546.668596,6.384888953,-210.0,30000 3000,1e-06,2,0.0 0.0259,0.0 0.0,-1.0 0.0,0.00054857 28.0,30000,1000,0,0.0,0.0 0.0 0.0,1000 1000000 0,0,0.0,0,100,0,,70,,1,,,10,1.0,10.0,0.1,True,{},,,False,3,mixed,250,300,True,Ar_Aubin,,False,uniform,Argon_Aubin_Model3-test/70Td,3.0000000000000005e+21,8.513785714285716e+23,2.4944596737771898e-17,2.015129554358215e-13,2.0118473705769295e-13,2.625747025028621e-18,4.376245041714368e-19,2.188122520857184e-18,0.0,0.0,8.752490083428737e-19,2.625747025028621e-18,2.625747025028621e-18,8.752490083428737e-19,8.752490083428737e-19,3.938620537542931e-18,3.938620537542931e-18,8.752490083428736e-18,3.0633715292000576e-18,4.376245041714368e-19,2.188122520857184e-18,1.3128735125143105e-18,7.877241075085862e-18,2.625747025028621e-18,1.0065363595943046e-17,1.0940612604285921e-17,7.001992066742989e-18,7.001992066742989e-18,7.877241075085863e-17,3.982382987960075e-17,5.1202066988058105e-17,0.0,5.251494050057242e-18,7.877241075085862e-18,2.188122520857184e-18,3.588520934205782e-17,2.49445967377719e-17,2083.051921941587,1582.4476111245726,2055.6032143704933,878.0098626461879,1187.8875415952948,571.3410458780018,96.45097557986853,689.4406599270551,58960.20417808801,8.422886311155431e+23,4.230751417079101e-22,4.1855808206475043e-22
6.65206e-06,192376.0,6.41255,3e+22,-2459.87,3007.59,63874.9,4.27184,4.28645,4.24352,-0.00179459214,-0.000718740059,0.427834327,0.0253278108,0.0253996926,0.19843383,-0.000104354997,-0.0007784936,-0.00036666523,568.104674,-249.93522,-678.381469,-538.341869,1912.27643,147.677656,-958.95984,1036.00281,29422.545,26200.0,192376.4033,6.412546777,-210.0,30000 3000,1e-06,2,0.0 0.0259,0.0 0.0,-1.0 0.0,0.00054857 28.0,30000,1000,0,0.0,0.0 0.0 0.0,1000 1000000 0,0,0.0,0,100,0,,70,,1,,,10,1.0,10.0,0.1,True,{},,,False,3,mixed,250,300,True,Ar_Aubin,,False,uniform,Argon_Aubin_Model3-test/70Td,3.0000000000000005e+21,9.124985714285715e+23,2.1443600704400402e-17,2.0146875536090016e-13,2.0115497859140925e-13,1.7504980166857473e-18,2.188122520857184e-18,0.0,0.0,1.3128735125143105e-18,1.7504980166857473e-18,2.188122520857184e-18,4.813869545885805e-18,4.376245041714368e-19,2.188122520857184e-18,1.3128735125143105e-18,1.3128735125143105e-18,1.0065363595943046e-17,7.001992066742989e-18,1.7504980166857473e-18,1.3128735125143105e-18,1.3128735125143105e-18,4.376245041714368e-18,1.7504980166857473e-18,9.190114587600173e-18,9.190114587600173e-18,5.6891185542286785e-18,6.5643675625715526e-18,8.621202732177305e-17,4.0699078887943626e-17,3.938620537542932e-17,0.0,3.938620537542931e-18,4.813869545885805e-18,4.376245041714368e-18,3.5447584837886383e-17,2.1443600704400405e-17,1980.2915784311617,563.6902106325782,2535.947089131243,1914.4381054140476,1049.4403289839224,2094.670146307697,432.4318216680484,-470.2950895592239,63664.61070674747,9.094944386678212e+23,3.3682135909342344e-22,3.357124739827444e-22
6.67745e-06,192375.0,6.41251,3e+22,-4128.44,-5416.77,59189.8,4.3023,4.24796,4.25458,-0.00180615658,-0.000687272946,0.429408716,0.0254219628,0.0255189564,0.199839023,-9.16613607e-05,-0.000783078569,-0.000356845685,2076.13414,2521.2251,974.485301,1364.17817,1892.88443,-1152.87176,-2712.61085,-1611.3928,27274.3577,26300.0,192375.265204,6.41250884,-210.0,30000 3000,1e-06,2,0.0 0.0259,0.0 0.0,-1.0 0.0,0.00054857 28.0,30000,1000,0,0.0,0.0 0.0 0.0,1000 1000000 0,0,0.0,0,100,0,,70,,1,,,10,1.0,10.0,0.1,True,{},,,False,3,mixed,250,300,True,Ar_Aubin,,False,uniform,Argon_Aubin_Model3-test/70Td,3.0000000000000005e+21,8.455685714285715e+23,2.713271925862908e-17,2.0214007135029918e-13,2.0180616385361638e-13,1.7504980166857473e-18,1.3128735125143105e-18,4.376245041714368e-19,0.0,8.752490083428737e-19,1.7504980166857473e-18,2.625747025028621e-18,2.188122520857184e-18,8.752490083428737e-19,1.3128735125143105e-18,2.625747025028621e-18,3.0633715292000576e-18,8.3148655792573e-18,5.6891185542286785e-18,1.3128735125143105e-18,2.625747025028621e-18,2.188122520857184e-18,8.752490083428736e-18,1.7504980166857473e-18,1.225348611680023e-17,1.3128735125143105e-17,4.376245041714368e-18,5.251494050057242e-18,8.533677831343019e-17,4.0261454383772186e-17,5.4703063021429605e-17,0.0,2.625747025028621e-18,3.0633715292000576e-18,1.7504980166857473e-18,3.457233582954351e-17,2.7132719258629082e-17,1853.3249708044293,2068.677530928865,2349.545545619237,1889.1616305242956,1094.1287529985107,1857.741681703199,126.28353563512259,141.56861722192411,62009.20849481715,8.858458356402451e+23,4.37559516033766e-22,4.584019418654747e-22
6.70284e-06,192985.0,6.43284,3e+22,-1455.98,-2866.5,56268.7,4.2864,4.29064,4.27058,-0.00188728309,-0.000770200381,0.430947954,0.025526248,0.025628002,0.201218225,-8.49085838e-05,-0.000830538889,-0.000395065952,2473.97862,272.487731,-580.639257,-345.606401,1318.13814,-543.327243,-567.633968,-1069.94017,25417.5635,26400.0,192985.10545,6.432836848,-210.0,30000 3000,1e-06,2,0.0 0.0259,0.0 0.0,-1.0 0.0,0.00054857 28.0,30000,1000,0,0.0,0.0 0.0 0.0,1000 1000000 0,0,0.0,0,100,0,,70,,1,,,10,1.0,10.0,0.1,True,{},,,False,3,mixed,250,300,True,Ar_Aubin,,False,uniform,Argon_Aubin_Model3-test/70Td,3.0000000000000005e+21,8.038385714285714e+23,1.5754482150171725e-17,2.0256500474384964e-13,2.0225822996642547e-13,3.0633715292000576e-18,1.3128735125143105e-18,4.376245041714368e-19,0.0,0.0,1.7504980166857473e-18,3.0633715292000576e-18,4.376245041714368e-18,0.0,4.376245041714368e-19,1.7504980166857473e-18,3.0633715292000576e-18,7.001992066742989e-18,3.5009960333714946e-18,0.0,1.3128735125143105e-18,3.0633715292000576e-18,8.3148655792573e-18,3.0633715292000576e-18,1.0502988100114484e-17,8.3148655792573e-18,7.877241075085862e-18,6.126743058400115e-18,7.877241075085863e-17,3.588520934205782e-17,5.1202066988058105e-17,0.0,4.376245041714368e-18,3.5009960333714946e-18,1.7504980166857473e-18,3.7198082854572133e-17,1.5754482150171725e-17,2047.7983924456842,2471.230773566622,2145.066000949396,1315.9303606078636,1081.3151838259143,1168.6823607602018,-382.79105060550006,-414.6266569287968,60624.743989664996,8.660677712809287e+23,2.598688441943354e-22,2.7998660267914e-22
6.72823e-06,192354.0,6.41181,3e+22,1894.2,8119.11,63000.8,4.31126,4.18224,4.30716,-0.00182499651,-0.000708030273,0.432471613,0.0256318328,0.0257447316,0.202595958,-8.48948314e-05,-0.000812860008,-0.000374099756,2206.11183,-1266.45172,53.0219445,259.59045,2222.4503,-775.746116,809.378863,3655.31346,29819.9652,26500.0,192354.228361,6.411807612,-210.0,30000 3000,1e-06,2,0.0 0.0259,0.0 0.0,-1.0 0.0,0.00054857 28.0,30000,1000,0,0.0,0.0 0.0 0.0,1000 1000000 0,0,0.0,0,100,0,,70,,1,,,10,1.0,10.0,0.1,True,{},,,False,3,mixed,250,300,True,Ar_Aubin,,False,uniform,Argon_Aubin_Model3-test/70Td,3.0000000000000005e+21,9.000114285714288e+23,2.5382221241943332e-17,2.0269060297654682e-13,2.0234531724275557e-13,2.625747025028621e-18,4.376245041714368e-19,4.376245041714368e-19,0.0,4.376245041714368e-19,2.188122520857184e-18,1.3128735125143105e-18,3.938620537542931e-18,1.3128735125143105e-18,2.188122520857184e-18,3.938620537542931e-18,3.5009960333714946e-18,9.190114587600173e-18,3.938620537542931e-18,1.7504980166857473e-18,2.625747025028621e-18,2.625747025028621e-18,7.001992066742989e-18,8.752490083428737e-19,1.225348611680023e-17,9.62773909177161e-18,7.877241075085862e-18,9.62773909177161e-18,9.058827236348742e-17,4.595057293800087e-17,4.945156897137237e-17,0.0,4.376245041714368e-18,4.376245041714368e-18,1.7504980166857473e-18,3.3697086821200634e-17,2.5382221241943336e-17,2083.845850275072,2209.568738389242,2300.577830281127,2228.198875669817,1224.438470168199,2573.9076037095983,-251.39115445801707,158.18931828260804,60011.14629611948,8.573020899445641e+23,4.2295844703077486e-22,4.028872846367559e-22
6.75362e-06,192258.0,6.40859,3e+22,-1684.77,-8364.42,55154.8,4.26545,4.25096,4.28307,-0.00178442335,-0.000634495303,0.434017788,0.0257194892,0.0258370733,0.203985138,-9.03175588e-05,-0.000813616544,-0.000345386433,1692.95359,879.711646,84.5892271,-372.36737,2577.39801,-483.156823,-1339.92522,-3315.15862,25143.0368,26600.0,192257.742986,6.408591433,-210.0,30000 3000,1e-06,2,0.0 0.0259,0.0 0.0,-1.0 0.0,0.00054857 28.0,30000,1000,0,0.0,0.0 0.0 0.0,1000 1000000 0,0,0.0,0,100,0,,70,,1,,,10,1.0,10.0,0.1,True,{},,,False,3,mixed,250,300,True,Ar_Aubin,,False,uniform,Argon_Aubin_Model3-test/70Td,3.0000000000000005e+21,7.879257142857144e+23,2.406934772942902e-17,2.0265252964468388e-13,2.0231993502151365e-13,3.0633715292000576e-18,4.376245041714368e-19,4.376245041714368e-19,0.0,4.376245041714368e-19,1.3128735125143105e-18,8.752490083428737e-19,3.0633715292000576e-18,4.376245041714368e-19,4.376245041714368e-19,2.625747025028621e-18,3.0633715292000576e-18,9.62773909177161e-18,5.251494050057242e-18,1.7504980166857473e-18,8.752490083428737e-19,2.188122520857184e-18,6.126743058400115e-18,2.188122520857184e-18,1.225348611680023e-17,1.2691110620971668e-17,5.251494050057242e-18,4.813869545885805e-18,1.0021601145525904e-16,4.551294843382943e-17,4.2011952400457935e-17,0.0,3.938620537542931e-18,3.5009960333714946e-18,1.7504980166857473e-18,3.2384213308686325e-17,2.4069347729429023e-17,1729.1104540734664,1689.9472470726205,1820.4387343233252,2572.090824797681,973.543309245375,1204.8725064175997,-612.2288329284761,-425.69633122666005,60897.96609635593,8.699709442336563e+23,3.9524058474046975e-22,4.363962470977869e-22
6.77901e-06,192357.0,6.41191,3e+22,114.325,9852.17,58307.1,4.28667,4.21378,4.30348,-0.00175530657,-0.000538489752,0.435602437,0.0258023,0.0259278273,0.205421681,-9.19055247e-05,-0.000807287383,-0.000299061143,3472.15293,-293.775823,-476.653329,613.988543,2154.65076,308.084587,22.6704957,3600.87522,25971.3772,26700.0,192357.1633,6.411905443,-210.0,30000 3000,1e-06,2,0.0 0.0259,0.0 0.0,-1.0 0.0,0.00054857 28.0,30000,1000,0,0.0,0.0 0.0 0.0,1000 1000000 0,0,0.0,0,100,0,,70,,1,,,10,1.0,10.0,0.1,True,{},,,False,3,mixed,250,300,True,Ar_Aubin,,False,uniform,Argon_Aubin_Model3-test/70Td,3.0000000000000005e+21,8.329585714285716e+23,1.9255478183543218e-17,2.0193395020883441e-13,2.0160091796115997e-13,3.0633715292000576e-18,4.376245041714368e-19,4.376245041714368e-19,0.0,4.376245041714368e-19,3.5009960333714946e-18,4.376245041714368e-18,1.3128735125143105e-18,4.376245041714368e-19,2.625747025028621e-18,1.7504980166857473e-18,2.625747025028621e-18,7.439616570914425e-18,3.5009960333714946e-18,1.3128735125143105e-18,3.0633715292000576e-18,3.0633715292000576e-18,7.439616570914425e-18,1.7504980166857473e-18,9.62773909177161e-18,1.2691110620971668e-17,7.001992066742989e-18,8.3148655792573e-18,8.314865579257299e-17,4.726344645051518e-17,4.551294843382943e-17,0.0,3.5009960333714946e-18,3.938620537542931e-18,3.0633715292000576e-18,4.113670339211506e-17,1.925547818354322e-17,1632.8312682622047,3472.3536054236156,1789.445542200784,2159.956052579962,1152.050053445995,572.6623455972986,-138.89524247876108,-401.43624620237796,62413.310961968426,8.916187280281206e+23,3.085155696238668e-22,3.3024242645480942e-22
6.8044e-06,192315.0,6.4105,3e+22,-5445.06,1415.99,62752.6,4.25784,4.26464,4.27595,-0.00167585232,-0.000420078314,0.437150482,0.0259032218,0.0260057303,0.206823656,-8.7621083e-05,-0.000749265276,-0.000264466946,3031.13496,161.575008,923.724502,62.5087104,1398.13504,547.449157,-2517.12025,441.451979,29461.0475,26800.0,192314.94778,6.410498259,-210.0,30000 3000,1e-06,2,0.0 0.0259,0.0 0.0,-1.0 0.0,0.00054857 28.0,30000,1000,0,0.0,0.0 0.0 0.0,1000 1000000 0,0,0.0,0,100,0,,70,,1,,,10,1.0,10.0,0.1,True,{},,,False,3,mixed,250,300,True,Ar_Aubin,,False,uniform,Argon_Aubin_Model3-test/70Td,3.0000000000000005e+21,8.964657142857144e+23,2.275647421691471e-17,2.0234663011626808e-13,2.0201928698714784e-13,3.5009960333714946e-18,1.7504980166857473e-18,1.3128735125143105e-18,0.0,8.752490083428737e-19,3.5009960333714946e-18,2.625747025028621e-18,4.813869545885805e-18,4.376245041714368e-19,2.188122520857184e-18,2.188122520857184e-18,2.625747025028621e-18,1.1378237108457357e-17,2.625747025028621e-18,8.752490083428737e-19,8.752490083428737e-19,1.7504980166857473e-18,1.0065363595943046e-17,3.0633715292000576e-18,1.1815861612628794e-17,1.0065363595943046e-17,4.376245041714368e-18,4.376245041714368e-18,8.227340678423012e-17,4.726344645051518e-17,3.851095636708644e-17,0.0,3.0633715292000576e-18,5.251494050057242e-18,1.7504980166857473e-18,3.938620537542932e-17,2.2756474216914714e-17,1992.8321075604792,3022.009843566461,1536.3870526340172,1398.7298666918407,1002.6587166923417,2028.7181632468019,1024.2751707276686,892.0789458149525,60971.618300406386,8.710231185772342e+23,3.7323060878577723e-22,3.6263794993218947e-22
6.82979e-06,193417.0,6.44723,3e+22,2713.57,-5370.99,61633.4,4.33344,4.24188,4.29733,-0.0016622056,-0.000351522991,0.438808083,0.0259953455,0.0260999625,0.208333727,-8.82814759e-05,-0.000754090368,-0.000225089786,1274.62132,-788.150668,-1089.00015,-685.477265,1649.21902,275.737066,2179.02643,-4312.38624,27679.8416,26900.0,193416.750557,6.447225019,-210.0,30000 3000,1e-06,2,0.0 0.0259,0.0 0.0,-1.0 0.0,0.00054857 28.0,30000,1000,0,0.0,0.0 0.0 0.0,1000 1000000 0,0,0.0,0,100,0,,70,,1,,,10,1.0,10.0,0.1,True,{},,,False,3,mixed,250,300,True,Ar_Aubin,,False,uniform,Argon_Aubin_Model3-test/70Td,3.0000000000000005e+21,8.804771428571431e+23,1.794260467102891e-17,2.0316236219204366e-13,2.0284683492453604e-13,4.813869545885805e-18,8.752490083428737e-19,1.7504980166857473e-18,0.0,0.0,2.188122520857184e-18,2.188122520857184e-18,8.752490083428737e-19,4.376245041714368e-19,0.0,1.7504980166857473e-18,1.7504980166857473e-18,1.0502988100114484e-17,3.5009960333714946e-18,0.0,2.188122520857184e-18,2.625747025028621e-18,8.752490083428736e-18,2.188122520857184e-18,1.0502988100114484e-17,1.0065363595943046e-17,6.126743058400115e-18,6.5643675625715526e-18,7.921003525503007e-17,4.332482591297225e-17,4.901394446720092e-17,0.0,3.0633715292000576e-18,3.938620537542931e-18,4.376245041714368e-19,3.8948580871257877e-17,1.794260467102891e-17,1815.0985746482306,1279.131831249992,1856.7661045603913,1647.330993530569,1143.799167718762,634.6074972277966,-316.4874027536235,1.7372128407298533,65286.613416517335,9.326659059502479e+23,2.7482823402951206e-22,2.911182032960847e-22
6.85518e-06,193819.0,6.46065,3e+22,-2670.63,1836.0,50211.9,4.30024,4.2925,4.31416,-0.0017432152,-0.000330201993,0.440388987,0.0260628587,0.0261919045,0.209762283,-9.56349806e-05,-0.000796631903,-0.000233750771,1500.73082,-1084.86219,-925.001648,6.69418786,1631.46889,-823.693902,-1986.09084,-356.652757,22743.7981,27000.0,193819.411803,6.46064706,-210.0,30000 3000,1e-06,2,0.0 0.0259,0.0 0.0,-1.0 0.0,0.00054857 28.0,30000,1000,0,0.0,0.0 0.0 0.0,1000 1000000 0,0,0.0,0,100,0,,70,,1,,,10,1.0,10.0,0.1,True,{},,,False,3,mixed,250,300,True,Ar_Aubin,,False,uniform,Argon_Aubin_Model3-test/70Td,3.0000000000000005e+21,7.173128571428572e+23,2.2318849712743277e-17,2.0485815714570793e-13,2.0453694075964617e-13,3.938620537542931e-18,1.3128735125143105e-18,8.752490083428737e-19,0.0,8.752490083428737e-19,2.625747025028621e-18,3.5009960333714946e-18,2.625747025028621e-18,1.3128735125143105e-18,1.3128735125143105e-18,1.7504980166857473e-18,2.188122520857184e-18,8.752490083428736e-18,2.625747025028621e-18,1.3128735125143105e-18,0.0,3.938620537542931e-18,6.126743058400115e-18,4.376245041714368e-18,9.62773909177161e-18,1.1378237108457357e-17,7.877241075085862e-18,7.877241075085862e-18,7.96476597592015e-17,4.6388197442172303e-17,4.332482591297225e-17,0.0,4.376245041714368e-18,1.7504980166857473e-18,2.625747025028621e-18,3.457233582954351e-17,2.231884971274328e-17,1324.111609146298,1496.075337190424,1810.9094876843997,1632.0751408591482,760.7413123624589,631.0303236547006,-166.91920459016202,-1647.4463003473102,62265.80962283746,8.895115660405353e+23,3.5844470421143143e-22,4.444932319379126e-22
6.88057e-06,194135.0,6.47117,3e+22,2093.13,-6225.21,63625.3,4.268,4.33073,4.32036,-0.00181313419,-0.000369460233,0.441986317,0.0261410002,0.0262766593,0.211216706,-9.71814873e-05,-0.000820022468,-0.000256953257,2263.98083,-771.390494,365.278363,1377.07828,1710.21055,-348.103648,1305.02333,-3485.94458,28747.0593,27100.0,194135.24931,6.471174977,-210.0,30000 3000,1e-06,2,0.0 0.0259,0.0 0.0,-1.0 0.0,0.00054857 28.0,30000,1000,0,0.0,0.0 0.0 0.0,1000 1000000 0,0,0.0,0,100,0,,70,,1,,,10,1.0,10.0,0.1,True,{},,,False,3,mixed,250,300,True,Ar_Aubin,,False,uniform,Argon_Aubin_Model3-test/70Td,3.0000000000000005e+21,9.089328571428573e+23,1.619210665434316e-17,2.042704274366057e-13,2.0394177143397299e-13,3.938620537542931e-18,2.625747025028621e-18,2.188122520857184e-18,0.0,8.752490083428737e-19,2.625747025028621e-18,3.0633715292000576e-18,3.5009960333714946e-18,8.752490083428737e-19,2.188122520857184e-18,8.752490083428737e-19,1.7504980166857473e-18,1.1378237108457357e-17,3.0633715292000576e-18,8.752490083428737e-19,2.188122520857184e-18,2.625747025028621e-18,7.439616570914425e-18,1.3128735125143105e-18,1.0502988100114484e-17,1.1815861612628794e-17,5.6891185542286785e-18,1.1815861612628794e-17,8.752490083428737e-17,4.1574327896286495e-17,4.1574327896286495e-17,0.0,4.376245041714368e-18,5.251494050057242e-18,2.188122520857184e-18,3.676045835040069e-17,1.6192106654343162e-17,1533.9517684910672,2267.7759555671146,1668.544059229208,1707.9105824629262,885.7653460802087,625.5472849798971,405.5661299853411,860.5280800767969,62912.76743233481,8.98753820461926e+23,2.5737393720214923e-22,2.544916354711594e-22
6.90596e-06,194549.0,6.48498,3e+22,4169.56,-4036.32,53344.8,4.3165,4.31392,4.32318,-0.00175783692,-0.000401040565,0.44357929,0.0262396275,0.0264210678,0.212694709,-0.000104001181,-0.000787984941,-0.000278955633,1681.28012,-1130.44205,-559.994583,-118.667596,1692.77293,-409.651575,3070.50331,-1786.25043,25212.9174,27200.0,194549.487705,6.484982924,-210.0,30000 3000,1e-06,2,0.0 0.0259,0.0 0.0,-1.0 0.0,0.00054857 28.0,30000,1000,0,0.0,0.0 0.0 0.0,1000 1000000 0,0,0.0,0,100,0,,70,,1,,,10,1.0,10.0,0.1,True,{},,,False,3,mixed,250,300,True,Ar_Aubin,,False,uniform,Argon_Aubin_Model3-test/70Td,3.0000000000000005e+21,7.620685714285716e+23,1.9255478183543218e-17,2.050887852594063e-13,2.0476800649784867e-13,5.251494050057242e-18,8.752490083428737e-19,8.752490083428737e-19,0.0,8.752490083428737e-19,2.625747025028621e-18,1.7504980166857473e-18,3.5009960333714946e-18,1.3128735125143105e-18,1.3128735125143105e-18,1.7504980166857473e-18,1.3128735125143105e-18,1.0065363595943046e-17,2.188122520857184e-18,8.752490083428737e-19,4.376245041714368e-19,3.5009960333714946e-18,6.126743058400115e-18,2.188122520857184e-18,1.5754482150171725e-17,1.1378237108457357e-17,7.877241075085862e-18,4.376245041714368e-18,7.745953723834432e-17,3.632283384622925e-17,4.3762450417143685e-17,0.0,2.625747025028621e-18,6.5643675625715526e-18,2.625747025028621e-18,4.595057293800087e-17,1.925547818354322e-17,1946.1662443211496,1688.609526508155,2843.3722336900114,1691.1542019466792,1325.757363652832,1550.268890807998,409.50141177917595,754.7497215176154,62741.161735513655,8.963023105073382e+23,3.0690343708831827e-22,3.6096260898050453e-22
6.93135e-06,193720.0,6.45735,3e+22,10688.8,-64.4923,59395.6,4.24114,4.30026,4.35258,-0.00170488062,-0.000418224497,0.445080613,0.0263336122,0.0265040101,0.214101478,-0.000103381285,-0.000770122532,-0.000299314839,3525.90905,927.321378,468.684321,-51.0771665,1681.08481,356.673412,3582.35926,-42.1811522,26907.962,27300.0,193720.399619,6.457346654,-210.0,30000 3000,1e-06,2,0.0 0.0259,0.0 0.0,-1.0 0.0,0.00054857 28.0,30000,1000,0,0.0,0.0 0.0 0.0,1000 1000000 0,0,0.0,0,100,0,,70,,1,,,10,1.0,10.0,0.1,True,{},,,False,3,mixed,250,300,True,Ar_Aubin,,False,uniform,Argon_Aubin_Model3-test/70Td,3.0000000000000005e+21,8.485085714285716e+23,2.4506972233600458e-17,2.0483408779797852e-13,2.044888020641873e-13,2.625747025028621e-18,1.7504980166857473e-18,8.752490083428737e-19,0.0,4.376245041714368e-19,2.625747025028621e-18,5.251494050057242e-18,1.3128735125143105e-18,0.0,2.625747025028621e-18,2.188122520857184e-18,3.0633715292000576e-18,1.1378237108457357e-17,2.188122520857184e-18,8.752490083428737e-19,8.752490083428737e-19,1.7504980166857473e-18,7.001992066742989e-18,1.7504980166857473e-18,1.0065363595943046e-17,9.62773909177161e-18,9.62773909177161e-18,9.190114587600173e-18,8.44615293050873e-17,4.288720140880081e-17,5.251494050057242e-17,0.0,3.938620537542931e-18,5.6891185542286785e-18,2.188122520857184e-18,4.2011952400457935e-17,2.450697223360046e-17,1854.461525759797,3544.132177971056,1633.1139877131377,1681.0578377402721,1429.787165775326,472.1319424971989,-120.84997274343576,-605.0716678811277,59131.41601285561,8.447345144693661e+23,4.144492705581828e-22,4.1260585352451123e-22
6.95674e-06,194048.0,6.46825,3e+22,-410.803,-4641.39,58632.2,4.2485,4.32879,4.33955,-0.00163718586,-0.000450502688,0.446705419,0.0264418663,0.0266248649,0.215610606,-0.000108163799,-0.000762304192,-0.000311417252,1247.09853,-353.433167,-1145.40028,-705.007537,2229.02792,176.814136,-868.254473,-2775.84074,27590.064,27400.0,194047.604547,6.468253485,-210.0,30000 3000,1e-06,2,0.0 0.0259,0.0 0.0,-1.0 0.0,0.00054857 28.0,30000,1000,0,0.0,0.0 0.0 0.0,1000 1000000 0,0,0.0,0,100,0,,70,,1,,,10,1.0,10.0,0.1,True,{},,,False,3,mixed,250,300,True,Ar_Aubin,,False,uniform,Argon_Aubin_Model3-test/70Td,3.0000000000000005e+21,8.376028571428572e+23,2.406934772942902e-17,2.0410106675349137e-13,2.0376628400780024e-13,1.7504980166857473e-18,1.3128735125143105e-18,1.7504980166857473e-18,0.0,4.376245041714368e-19,8.752490083428737e-19,1.7504980166857473e-18,1.3128735125143105e-18,0.0,1.3128735125143105e-18,2.188122520857184e-18,1.7504980166857473e-18,1.3128735125143105e-17,3.5009960333714946e-18,1.3128735125143105e-18,2.188122520857184e-18,2.188122520857184e-18,8.3148655792573e-18,8.752490083428737e-19,1.2691110620971668e-17,1.225348611680023e-17,8.752490083428736e-18,8.3148655792573e-18,8.577440281760162e-17,5.645356103811535e-17,4.0261454383772186e-17,4.376245041714368e-19,3.5009960333714946e-18,4.376245041714368e-18,2.625747025028621e-18,2.9320841779486266e-17,2.4069347729429023e-17,2136.3144828643867,1246.4259691371544,2379.453773552911,2226.9369613289437,1184.5146140590248,1398.742532108201,-773.985248654757,-1734.155017977851,63994.94281122895,9.142134687318423e+23,3.7611327820744084e-22,4.105141497236846e-22
6.98213e-06,193010.0,6.43368,3e+22,-3430.59,-1175.18,59473.8,4.29137,4.23356,4.32224,-0.00164368518,-0.000547977787,0.448197071,0.0265447852,0.0267077969,0.216995774,-0.000122094456,-0.000782949189,-0.000353644826,1335.05183,402.081046,-587.935944,249.20681,1249.54329,-837.64815,-2340.03609,-535.282372,27300.0218,27500.0,193010.333024,6.433677767,-210.0,30000 3000,1e-06,2,0.0 0.0259,0.0 0.0,-1.0 0.0,0.00054857 28.0,30000,1000,0,0.0,0.0 0.0 0.0,1000 1000000 0,0,0.0,0,100,0,,70,,1,,,10,1.0,10.0,0.1,True,{},,,False,3,mixed,250,300,True,Ar_Aubin,,False,uniform,Argon_Aubin_Model3-test/70Td,3.0000000000000005e+21,8.496257142857144e+23,2.800796826697195e-17,2.0351508754240582e-13,2.0316630081258122e-13,3.0633715292000576e-18,2.625747025028621e-18,8.752490083428737e-19,0.0,4.376245041714368e-19,2.188122520857184e-18,3.5009960333714946e-18,8.752490083428737e-19,0.0,1.3128735125143105e-18,1.7504980166857473e-18,3.5009960333714946e-18,9.190114587600173e-18,6.5643675625715526e-18,1.3128735125143105e-18,1.3128735125143105e-18,2.188122520857184e-18,6.126743058400115e-18,5.6891185542286785e-18,1.1815861612628794e-17,9.62773909177161e-18,5.6891185542286785e-18,7.877241075085862e-18,8.489915380925874e-17,4.420007492131512e-17,4.8138695458858047e-17,0.0,6.126743058400115e-18,5.6891185542286785e-18,2.188122520857184e-18,4.2011952400457935e-17,2.8007968266971957e-17,2026.372541694915,1329.4130200583438,1631.2717218241123,1248.8993174642735,990.2659156995825,644.0388387601961,-602.2115058948402,-1292.6354405398258,58750.51202067028,8.392930288667185e+23,4.76727219962234e-22,4.709295230332003e-22
7.00752e-06,192269.0,6.40898,3e+22,-10453.8,2745.78,49276.4,4.25184,4.26912,4.28253,-0.00168306122,-0.000464215628,0.449695056,0.0266482157,0.0268079359,0.218407421,-0.000115299012,-0.000795669372,-0.000301182106,3324.66309,-656.392662,75.6077564,-1017.36268,1827.93415,-15.6641586,-3278.92002,1483.73955,23314.7296,27600.0,192269.304926,6.408976831,-210.0,30000 3000,1e-06,2,0.0 0.0259,0.0 0.0,-1.0 0.0,0.00054857 28.0,30000,1000,0,0.0,0.0 0.0 0.0,1000 1000000 0,0,0.0,0,100,0,,70,,1,,,10,1.0,10.0,0.1,True,{},,,False,3,mixed,250,300,True,Ar_Aubin,,False,uniform,Argon_Aubin_Model3-test/70Td,3.0000000000000005e+21,7.039485714285716e+23,2.1005976200228965e-17,2.0252999478351592e-13,2.0218777242125389e-13,2.625747025028621e-18,8.752490083428737e-19,2.188122520857184e-18,0.0,8.752490083428737e-19,1.3128735125143105e-18,2.188122520857184e-18,2.625747025028621e-18,4.376245041714368e-19,1.7504980166857473e-18,3.0633715292000576e-18,2.625747025028621e-18,1.1378237108457357e-17,3.5009960333714946e-18,3.5009960333714946e-18,1.3128735125143105e-18,2.625747025028621e-18,7.439616570914425e-18,4.376245041714368e-18,1.0502988100114484e-17,1.1378237108457357e-17,7.001992066742989e-18,3.938620537542931e-18,9.015064785931599e-17,4.595057293800087e-17,4.5075323929657994e-17,4.376245041714368e-19,2.625747025028621e-18,3.0633715292000576e-18,2.625747025028621e-18,4.3762450417143685e-17,2.1005976200228968e-17,2034.287777292348,3307.068704618364,1973.7172603302872,1829.2087839870499,1311.9163384993424,1155.3761425215998,293.3974248204248,1580.6451107140074,58999.94485931167,8.428563551330239e+23,3.560338276640558e-22,4.262887751586756e-22
7.03291e-06,192128.0,6.40426,3e+22,1893.0,5267.35,50582.6,4.24461,4.27865,4.27054,-0.00175136627,-0.000492984539,0.451257124,0.0267645519,0.0268852453,0.219881051,-0.000125187597,-0.000822798489,-0.000321151375,1320.10438,-256.500502,-1015.53372,-255.979887,1985.38875,-463.419275,923.978562,1209.95872,22977.5792,27700.0,192127.823191,6.404260773,-210.0,30000 3000,1e-06,2,0.0 0.0259,0.0 0.0,-1.0 0.0,0.00054857 28.0,30000,1000,0,0.0,0.0 0.0 0.0,1000 1000000 0,0,0.0,0,100,0,,70,,1,,,10,1.0,10.0,0.1,True,{},,,False,3,mixed,250,300,True,Ar_Aubin,,False,uniform,Argon_Aubin_Model3-test/70Td,3.0000000000000005e+21,7.226085714285715e+23,2.0568351696057527e-17,2.0247441647148614e-13,2.0213875847678664e-13,2.625747025028621e-18,4.376245041714368e-19,2.188122520857184e-18,0.0,4.376245041714368e-19,8.752490083428737e-19,2.625747025028621e-18,3.5009960333714946e-18,4.376245041714368e-19,4.376245041714368e-19,2.625747025028621e-18,2.625747025028621e-18,8.3148655792573e-18,3.938620537542931e-18,4.376245041714368e-19,1.7504980166857473e-18,4.376245041714368e-18,5.251494050057242e-18,2.625747025028621e-18,8.3148655792573e-18,1.4003984133485978e-17,8.3148655792573e-18,7.439616570914425e-18,8.183578228005869e-17,4.857631996302949e-17,4.551294843382943e-17,0.0,4.376245041714368e-18,4.813869545885805e-18,4.813869545885805e-18,4.1574327896286495e-17,2.056835169605753e-17,2286.400952724185,1323.41971634911,1521.9196520147145,1987.9854721115016,1305.287009085243,151.82059955759905,249.04210745656417,-857.196234243098,61523.9310583872,8.78913300834103e+23,3.3431465353762636e-22,4.066289928959272e-22
7.05829e-06,191875.0,6.39584,3e+22,2021.87,-8865.5,55599.1,4.2631,4.25461,4.25592,-0.00174846382,-0.00046702692,0.452810681,0.0268684504,0.0269856444,0.221328979,-0.000142203727,-0.000814616835,-0.000318629567,1763.77093,-343.840524,-807.877489,-577.154483,891.789753,-659.364698,132.683979,-4852.89659,24840.1585,27800.0,191875.174714,6.395839157,-210.0,30000 3000,1e-06,2,0.0 0.0259,0.0 0.0,-1.0 0.0,0.00054857 28.0,30000,1000,0,0.0,0.0 0.0 0.0,1000 1000000 0,0,0.0,0,100,0,,70,,1,,,10,1.0,10.0,0.1,True,{},,,False,3,mixed,250,300,True,Ar_Aubin,,False,uniform,Argon_Aubin_Model3-test/70Td,3.0000000000000005e+21,7.942728571428571e+23,2.5819845746114767e-17,2.0166218539174396e-13,2.0132477689902778e-13,2.625747025028621e-18,0.0,1.3128735125143105e-18,0.0,4.376245041714368e-19,2.188122520857184e-18,1.7504980166857473e-18,1.3128735125143105e-18,0.0,1.7504980166857473e-18,2.625747025028621e-18,8.752490083428737e-19,1.1815861612628794e-17,4.376245041714368e-18,2.188122520857184e-18,4.376245041714368e-19,2.188122520857184e-18,7.001992066742989e-18,3.0633715292000576e-18,1.3128735125143105e-17,8.752490083428736e-18,9.190114587600173e-18,8.3148655792573e-18,7.658428823000145e-17,4.6388197442172303e-17,5.382781401308673e-17,0.0,4.376245041714368e-18,4.813869545885805e-18,3.5009960333714946e-18,3.676045835040069e-17,2.581984574611477e-17,2046.2838737484878,1767.3060965437433,1977.6605305261303,887.6493258407401,854.8211288802413,-335.7078339870968,377.64442792536704,-1493.504826818908,61188.71506443517,8.741245009205027e+23,4.2197071337296446e-22,4.643932320148126e-22
7.08368e-06,192001.0,6.40004,3e+22,5353.42,2779.85,53241.8,4.24369,4.26042,4.27964,-0.00170729837,-0.000456980928,0.454455932,0.0269816602,0.027080832,0.222894734,-0.000123383223,-0.000780285295,-0.0003262216,1326.60219,-136.726747,1054.9203,649.200402,2282.6403,259.521125,2261.40585,894.268155,25577.829,27900.0,192001.098128,6.400036604,-210.0,30000 3000,1e-06,2,0.0 0.0259,0.0 0.0,-1.0 0.0,0.00054857 28.0,30000,1000,0,0.0,0.0 0.0 0.0,1000 1000000 0,0,0.0,0,100,0,,70,,1,,,10,1.0,10.0,0.1,True,{},,,False,3,mixed,250,300,True,Ar_Aubin,,False,uniform,Argon_Aubin_Model3-test/70Td,3.0000000000000005e+21,7.60597142857143e+23,2.275647421691471e-17,2.0162630018240191e-13,2.0128407782013985e-13,3.938620537542931e-18,0.0,4.376245041714368e-19,0.0,8.752490083428737e-19,1.3128735125143105e-18,4.376245041714368e-18,3.5009960333714946e-18,4.376245041714368e-19,2.625747025028621e-18,2.625747025028621e-18,1.7504980166857473e-18,1.0502988100114484e-17,2.625747025028621e-18,8.752490083428737e-19,2.188122520857184e-18,4.376245041714368e-18,7.877241075085862e-18,1.7504980166857473e-18,1.3566359629314541e-17,1.1378237108457357e-17,5.251494050057242e-18,6.5643675625715526e-18,9.233877038017317e-17,4.0261454383772186e-17,3.8948580871257877e-17,0.0,2.625747025028621e-18,7.439616570914425e-18,3.5009960333714946e-18,4.551294843382943e-17,2.2756474216914714e-17,2232.2537181689067,1335.7420752399255,1874.721984108563,2283.910638432701,1439.047832481227,1381.777159642399,728.6573597996548,974.332312868426,64800.19378013101,9.257170540018718e+23,3.5117910749045145e-22,4.274174467601529e-22
7.10907e-06,192889.0,6.42965,3e+22,-13640.6,-2006.07,61589.4,4.32182,4.20891,4.30591,-0.00175924931,-0.000380855307,0.456074513,0.0270801869,0.0271753417,0.224403515,-0.000126365081,-0.000802554949,-0.000292802446,1638.70203,-765.117564,721.188156,586.590581,705.9166,349.567363,-5922.46558,-1190.65206,29040.6427,28000.0,192889.398679,6.429646623,-210.0,30000 3000,1e-06,2,0.0 0.0259,0.0 0.0,-1.0 0.0,0.00054857 28.0,30000,1000,0,0.0,0.0 0.0 0.0,1000 1000000 0,0,0.0,0,100,0,,70,,1,,,10,1.0,10.0,0.1,True,{},,,False,3,mixed,250,300,True,Ar_Aubin,,False,uniform,Argon_Aubin_Model3-test/70Td,3.0000000000000005e+21,8.798485714285717e+23,2.275647421691471e-17,2.0229148942874249e-13,2.019785879082599e-13,2.625747025028621e-18,8.752490083428737e-19,1.3128735125143105e-18,0.0,0.0,1.3128735125143105e-18,2.625747025028621e-18,2.188122520857184e-18,4.376245041714368e-19,2.188122520857184e-18,1.7504980166857473e-18,3.0633715292000576e-18,1.0940612604285921e-17,2.625747025028621e-18,8.752490083428737e-19,8.752490083428737e-19,3.938620537542931e-18,6.5643675625715526e-18,2.188122520857184e-18,9.190114587600173e-18,1.3128735125143105e-17,9.62773909177161e-18,6.5643675625715526e-18,7.745953723834432e-17,3.851095636708644e-17,4.945156897137237e-17,0.0,8.752490083428737e-19,3.5009960333714946e-18,1.7504980166857473e-18,3.3697086821200634e-17,2.2756474216914714e-17,1936.7498816339828,1614.704813862014,1862.445269001592,705.1525775942865,689.5288189145278,951.2870890377999,164.9197452265994,1128.2036874811147,63749.763682768054,9.107109097538296e+23,3.569656246908712e-22,3.6948686327378916e-22
7.13446e-06,192443.0,6.41478,3e+22,4821.56,1358.75,65276.2,4.27439,4.27654,4.25427,-0.00188437693,-0.000387043415,0.457626153,0.0271959836,0.0272647661,0.225869216,-0.000131242719,-0.000843557809,-0.000294737421,3008.97435,-1729.21563,690.320931,982.842777,2146.30927,-1576.36191,1804.49682,411.60517,30683.1407,28100.0,192443.434754,6.414781158,-210.0,30000 3000,1e-06,2,0.0 0.0259,0.0 0.0,-1.0 0.0,0.00054857 28.0,30000,1000,0,0.0,0.0 0.0 0.0,1000 1000000 0,0,0.0,0,100,0,,70,,1,,,10,1.0,10.0,0.1,True,{},,,False,3,mixed,250,300,True,Ar_Aubin,,False,uniform,Argon_Aubin_Model3-test/70Td,3.0000000000000005e+21,9.32517142857143e+23,1.9693102687714655e-17,2.024197134084647e-13,2.02075740548186e-13,3.938620537542931e-18,4.376245041714368e-19,2.188122520857184e-18,0.0,0.0,2.625747025028621e-18,3.0633715292000576e-18,3.5009960333714946e-18,4.376245041714368e-19,1.3128735125143105e-18,1.7504980166857473e-18,3.0633715292000576e-18,9.62773909177161e-18,4.376245041714368e-19,4.376245041714368e-19,8.752490083428737e-19,1.7504980166857473e-18,9.62773909177161e-18,1.7504980166857473e-18,1.1378237108457357e-17,8.752490083428736e-18,9.62773909177161e-18,8.3148655792573e-18,8.883777434680167e-17,4.6388197442172303e-17,4.463769942548656e-17,0.0,4.376245041714368e-18,7.439616570914425e-18,5.251494050057242e-18,4.244957690462937e-17,1.969310268771466e-17,2271.4178585015034,3018.059986430611,1760.9503135097866,2146.8351652401316,944.6091826536127,811.044411541403,747.8862594926372,411.350762099386,61113.21170872977,8.730458815532825e+23,3.2223969477456834e-22,3.0168886497245023e-22
7.15985e-06,192774.0,6.42581,3e+22,-4587.41,4797.93,52022.3,4.34358,4.25283,4.23958,-0.00185216456,-0.000324105859,0.459286962,0.0273123163,0.0273976522,0.227456936,-0.00012832937,-0.000827957447,-0.000276718907,2573.75709,-1073.6191,469.277609,256.544604,2092.41716,602.150232,-2551.20133,1707.84604,25790.017,28200.0,192774.371282,6.425812376,-210.0,30000 3000,1e-06,2,0.0 0.0259,0.0 0.0,-1.0 0.0,0.00054857 28.0,30000,1000,0,0.0,0.0 0.0 0.0,1000 1000000 0,0,0.0,0,100,0,,70,,1,,,10,1.0,10.0,0.1,True,{},,,False,3,mixed,250,300,True,Ar_Aubin,,False,uniform,Argon_Aubin_Model3-test/70Td,3.0000000000000005e+21,7.431757142857145e+23,2.013072719188609e-17,2.0291554197169097e-13,2.025737572339331e-13,4.813869545885805e-18,3.0633715292000576e-18,8.752490083428737e-19,0.0,0.0,1.7504980166857473e-18,2.188122520857184e-18,1.3128735125143105e-18,4.376245041714368e-19,4.376245041714368e-19,3.938620537542931e-18,3.0633715292000576e-18,1.0940612604285921e-17,3.0633715292000576e-18,1.3128735125143105e-18,1.3128735125143105e-18,8.752490083428737e-19,7.439616570914425e-18,3.0633715292000576e-18,1.0940612604285921e-17,1.0502988100114484e-17,5.6891185542286785e-18,9.190114587600173e-18,7.96476597592015e-17,5.163969149222954e-17,5.0326817979715237e-17,0.0,5.251494050057242e-18,3.5009960333714946e-18,2.188122520857184e-18,4.288720140880081e-17,2.0130727191886093e-17,2293.3221251417194,2565.2604517758105,2617.8210369059857,2093.972197224072,1278.1305414407984,1896.852876747398,154.9938009506476,121.36774173810795,65412.96436336299,9.344709194766142e+23,3.077482787672143e-22,3.8696342129982888e-22
7.18524e-06,193360.0,6.44534,3e+22,-1955.9,10242.7,60465.9,4.28436,4.29364,4.29127,-0.00182000368,-0.000260851149,0.460887789,0.0274165189,0.0274892474,0.228990952,-0.000129046324,-0.000804768236,-0.000243242289,926.470512,66.3696982,501.833417,1292.24831,1901.77109,764.438837,-444.053501,4838.12683,29848.7544,28300.0,193360.118869,6.445337296,-210.0,30000 3000,1e-06,2,0.0 0.0259,0.0 0.0,-1.0 0.0,0.00054857 28.0,30000,1000,0,0.0,0.0 0.0 0.0,1000 1000000 0,0,0.0,0,100,0,,70,,1,,,10,1.0,10.0,0.1,True,{},,,False,3,mixed,250,300,True,Ar_Aubin,,False,uniform,Argon_Aubin_Model3-test/70Td,3.0000000000000005e+21,8.637985714285716e+23,1.9693102687714655e-17,2.0337285957855008e-13,2.0305120556798413e-13,1.3128735125143105e-18,1.3128735125143105e-18,8.752490083428737e-19,0.0,0.0,8.752490083428737e-19,5.251494050057242e-18,3.938620537542931e-18,8.752490083428737e-19,8.752490083428737e-19,1.7504980166857473e-18,2.625747025028621e-18,9.62773909177161e-18,4.376245041714368e-18,1.3128735125143105e-18,2.625747025028621e-18,2.188122520857184e-18,8.752490083428736e-18,2.188122520857184e-18,9.190114587600173e-18,1.4441608637657416e-17,5.251494050057242e-18,7.439616570914425e-18,7.789716174251575e-17,4.98891934755438e-17,4.770107095468661e-17,0.0,1.7504980166857473e-18,2.625747025028621e-18,4.376245041714368e-18,3.0633715292000575e-17,1.969310268771466e-17,2054.3982607466614,922.910766802288,1804.522349424614,1904.4429100638622,1200.7950869834142,1980.7594391049024,446.3106610815707,1069.2785030196121,63050.50099253125,9.007214427504465e+23,3.1233856000680206e-22,3.2568939993805857e-22
7.21063e-06,193689.0,6.4563,3e+22,8011.58,-157.296,53990.9,4.29312,4.29599,4.30656,-0.00178982994,-0.000187390562,0.462502885,0.0274854092,0.0275855453,0.23054803,-0.000127892678,-0.000785913699,-0.000218280538,1420.06391,468.716054,1827.47484,626.552631,1633.87078,-651.868578,2996.0273,-606.187211,26736.26,28400.0,193689.017544,6.456300585,-210.0,30000 3000,1e-06,2,0.0 0.0259,0.0 0.0,-1.0 0.0,0.00054857 28.0,30000,1000,0,0.0,0.0 0.0 0.0,1000 1000000 0,0,0.0,0,100,0,,70,,1,,,10,1.0,10.0,0.1,True,{},,,False,3,mixed,250,300,True,Ar_Aubin,,False,uniform,Argon_Aubin_Model3-test/70Td,3.0000000000000005e+21,7.712985714285716e+23,1.9255478183543218e-17,2.0380785833569653e-13,2.0347526371252624e-13,3.0633715292000576e-18,8.752490083428737e-19,8.752490083428737e-19,0.0,4.376245041714368e-19,2.188122520857184e-18,3.5009960333714946e-18,3.0633715292000576e-18,0.0,8.752490083428737e-19,2.625747025028621e-18,1.3128735125143105e-18,9.190114587600173e-18,5.251494050057242e-18,2.625747025028621e-18,2.188122520857184e-18,2.625747025028621e-18,5.6891185542286785e-18,3.5009960333714946e-18,1.0940612604285921e-17,1.1815861612628794e-17,7.439616570914425e-18,6.126743058400115e-18,8.533677831343019e-17,4.244957690462937e-17,5.2952565004743855e-17,0.0,2.625747025028621e-18,4.376245041714368e-18,4.813869545885805e-18,3.457233582954351e-17,1.925547818354322e-17,1358.8087677847054,1434.4032757507052,1897.0528897503184,1633.8413042141597,1294.1010489589594,1765.3129862534988,308.73175876395754,1214.7578058992463,63612.50275703369,9.087500393861957e+23,3.026995849713541e-22,3.5664303027997713e-22
7.23602e-06,193207.0,6.44024,3e+22,-2031.06,-11576.7,52550.1,4.2573,4.31363,4.29306,-0.00173475403,-0.000214156916,0.464055946,0.0275948158,0.0276665519,0.232046701,-0.00013963853,-0.000770885743,-0.000246646241,1293.15232,-1810.22771,221.982631,420.678674,2599.87989,844.94685,-1468.72537,-6310.7838,27515.351,28500.0,193207.095602,6.44023652,-210.0,30000 3000,1e-06,2,0.0 0.0259,0.0 0.0,-1.0 0.0,0.00054857 28.0,30000,1000,0,0.0,0.0 0.0 0.0,1000 1000000 0,0,0.0,0,100,0,,70,,1,,,10,1.0,10.0,0.1,True,{},,,False,3,mixed,250,300,True,Ar_Aubin,,False,uniform,Argon_Aubin_Model3-test/70Td,3.0000000000000005e+21,7.507157142857144e+23,2.6257470250286207e-17,2.0335535459838323e-13,2.0301225698711287e-13,3.0633715292000576e-18,4.376245041714368e-19,1.3128735125143105e-18,0.0,4.376245041714368e-19,2.625747025028621e-18,1.3128735125143105e-18,2.188122520857184e-18,4.376245041714368e-19,3.0633715292000576e-18,3.0633715292000576e-18,5.6891185542286785e-18,8.752490083428736e-18,4.376245041714368e-18,2.188122520857184e-18,1.7504980166857473e-18,3.5009960333714946e-18,5.6891185542286785e-18,5.251494050057242e-18,1.1815861612628794e-17,1.0940612604285921e-17,7.001992066742989e-18,6.126743058400115e-18,8.79625253384588e-17,3.8948580871257877e-17,4.8138695458858047e-17,0.0,3.5009960333714946e-18,5.6891185542286785e-18,3.0633715292000576e-18,3.851095636708644e-17,2.625747025028621e-17,2158.3782270992124,1289.628930479828,1595.0596314643608,2597.400659630543,1175.0601696816182,3129.1646321053995,-305.2680010876321,-213.05577156533707,61169.179506570494,8.738454215224358e+23,4.292598079963744e-22,4.996654668646912e-22
7.26141e-06,193374.0,6.44579,3e+22,-1944.56,-112.231,54288.8,4.30253,4.28739,4.28487,-0.00184387648,-0.000288022027,0.465591253,0.0276770836,0.0277707194,0.23354585,-0.000134817273,-0.000822823088,-0.000292490943,1150.70129,-179.715059,523.38256,494.18161,1634.49568,-111.928153,-1682.40056,-1069.79524,26505.7232,28600.0,193373.581594,6.445786053,-210.0,30000 3000,1e-06,2,0.0 0.0259,0.0 0.0,-1.0 0.0,0.00054857 28.0,30000,1000,0,0.0,0.0 0.0 0.0,1000 1000000 0,0,0.0,0,100,0,,70,,1,,,10,1.0,10.0,0.1,True,{},,,False,3,mixed,250,300,True,Ar_Aubin,,False,uniform,Argon_Aubin_Model3-test/70Td,3.0000000000000005e+21,7.75554285714286e+23,2.1443600704400402e-17,2.0339036455871697e-13,2.0306914817265514e-13,1.3128735125143105e-18,0.0,4.376245041714368e-19,0.0,1.3128735125143105e-18,2.188122520857184e-18,3.5009960333714946e-18,3.5009960333714946e-18,4.376245041714368e-19,4.376245041714368e-19,8.752490083428737e-19,4.376245041714368e-19,1.1815861612628794e-17,4.376245041714368e-18,3.0633715292000576e-18,1.7504980166857473e-18,1.3128735125143105e-18,3.5009960333714946e-18,1.3128735125143105e-18,1.1378237108457357e-17,1.225348611680023e-17,8.3148655792573e-18,7.877241075085862e-18,8.44615293050873e-17,4.1574327896286495e-17,4.901394446720092e-17,0.0,2.625747025028621e-18,4.376245041714368e-18,3.5009960333714946e-18,3.2821837812857765e-17,2.1443600704400405e-17,1612.4179008551878,1147.1157615520513,2050.6507880517192,1634.4633549998878,1415.0508051507811,1229.3327841335995,60.35909315101911,-153.5460316188961,60469.91681633369,8.638559545190527e+23,3.5461601128924017e-22,3.9499124505239386e-22
7.2868e-06,193669.0,6.45562,3e+22,1479.49,6456.58,67772.7,4.26487,4.28432,4.33569,-0.00177663673,-0.000280295096,0.467202383,0.0277643885,0.0278577469,0.235105628,-0.000127264027,-0.000786222301,-0.000289356485,1808.58286,-118.627255,-198.645036,-358.536879,2569.7271,172.81006,-195.306508,3931.17043,33450.2894,28700.0,193668.633456,6.455621115,-210.0,30000 3000,1e-06,2,0.0 0.0259,0.0 0.0,-1.0 0.0,0.00054857 28.0,30000,1000,0,0.0,0.0 0.0 0.0,1000 1000000 0,0,0.0,0,100,0,,70,,1,,,10,1.0,10.0,0.1,True,{},,,False,3,mixed,250,300,True,Ar_Aubin,,False,uniform,Argon_Aubin_Model3-test/70Td,3.0000000000000005e+21,9.681814285714287e+23,2.4944596737771898e-17,2.0332865950362877e-13,2.0299912825198774e-13,3.938620537542931e-18,1.3128735125143105e-18,8.752490083428737e-19,0.0,0.0,2.188122520857184e-18,3.5009960333714946e-18,2.188122520857184e-18,1.3128735125143105e-18,2.188122520857184e-18,2.625747025028621e-18,1.7504980166857473e-18,8.752490083428736e-18,1.7504980166857473e-18,1.7504980166857473e-18,3.938620537542931e-18,3.0633715292000576e-18,4.813869545885805e-18,4.813869545885805e-18,1.0940612604285921e-17,1.1378237108457357e-17,9.62773909177161e-18,9.62773909177161e-18,7.177041868411564e-17,4.288720140880081e-17,4.8138695458858047e-17,0.0,5.251494050057242e-18,4.813869545885805e-18,8.752490083428737e-19,3.851095636708644e-17,2.49445967377719e-17,1724.0984970836996,1811.2113762756676,1713.9279734063412,2571.536847710932,1121.0532901530103,1786.722457655902,321.27092513856513,-964.765329513399,63456.29706651606,9.065185295216582e+23,3.9309883953084294e-22,3.680626083625398e-22
7.31219e-06,193661.0,6.45536,3e+22,-4045.52,1791.5,66066.3,4.28294,4.30172,4.30112,-0.00176852138,-0.00024899597,0.468905385,0.0278448532,0.0279559487,0.236790596,-0.00010762318,-0.000792157169,-0.000265472872,1297.55056,-466.992583,1984.66646,-920.667261,2222.5409,-595.502616,-2839.73016,747.453211,32809.1405,28800.0,193660.713834,6.455357128,-210.0,30000 3000,1e-06,2,0.0 0.0259,0.0 0.0,-1.0 0.0,0.00054857 28.0,30000,1000,0,0.0,0.0 0.0 0.0,1000 1000000 0,0,0.0,0,100,0,,70,,1,,,10,1.0,10.0,0.1,True,{},,,False,3,mixed,250,300,True,Ar_Aubin,,False,uniform,Argon_Aubin_Model3-test/70Td,3.0000000000000005e+21,9.43804285714286e+23,2.013072719188609e-17,2.035570994948063e-13,2.0319387115634398e-13,5.6891185542286785e-18,2.188122520857184e-18,8.752490083428737e-19,0.0,4.376245041714368e-19,2.625747025028621e-18,1.3128735125143105e-18,3.938620537542931e-18,0.0,1.7504980166857473e-18,8.752490083428737e-19,1.3128735125143105e-18,1.0502988100114484e-17,3.938620537542931e-18,3.0633715292000576e-18,1.3128735125143105e-18,2.625747025028621e-18,4.813869545885805e-18,3.0633715292000576e-18,1.0940612604285921e-17,9.62773909177161e-18,1.0502988100114484e-17,6.5643675625715526e-18,1.0284175848028765e-16,5.1202066988058105e-17,4.595057293800087e-17,4.376245041714368e-19,3.0633715292000576e-18,7.877241075085862e-18,3.938620537542931e-18,3.982382987960075e-17,2.0130727191886093e-17,1585.166174316785,1290.3959713867823,1934.2243743061183,2222.986976280255,1787.6334971884778,1830.2966629744988,-264.46196126352305,1158.7420771726938,67074.78652676722,9.582112360966747e+23,3.0012361178149433e-22,3.047049281083713e-22
7.33758e-06,193837.0,6.46124,3e+22,-3813.0,2768.52,66071.9,4.36177,4.27412,4.26165,-0.00178687215,-0.000193743165,0.470511369,0.0279140446,0.0280491445,0.238350069,-0.000118102057,-0.000777551353,-0.000230457112,2928.20607,-1008.46222,199.555412,617.670717,1237.43999,1626.93815,-2118.76837,1338.51093,32890.619,28900.0,193837.197949,6.461239932,-210.0,30000 3000,1e-06,2,0.0 0.0259,0.0 0.0,-1.0 0.0,0.00054857 28.0,30000,1000,0,0.0,0.0 0.0 0.0,1000 1000000 0,0,0.0,0,100,0,,70,,1,,,10,1.0,10.0,0.1,True,{},,,False,3,mixed,250,300,True,Ar_Aubin,,False,uniform,Argon_Aubin_Model3-test/70Td,3.0000000000000005e+21,9.438842857142858e+23,1.9693102687714655e-17,2.0313479184828085e-13,2.0280000910258973e-13,3.938620537542931e-18,1.7504980166857473e-18,1.7504980166857473e-18,0.0,8.752490083428737e-19,2.188122520857184e-18,8.752490083428737e-19,3.5009960333714946e-18,8.752490083428737e-19,2.625747025028621e-18,1.3128735125143105e-18,1.3128735125143105e-18,1.0065363595943046e-17,7.439616570914425e-18,1.7504980166857473e-18,1.3128735125143105e-18,2.188122520857184e-18,7.877241075085862e-18,3.938620537542931e-18,9.190114587600173e-18,9.62773909177161e-18,1.0502988100114484e-17,6.5643675625715526e-18,9.146352137183029e-17,4.113670339211506e-17,4.463769942548656e-17,0.0,3.0633715292000576e-18,2.625747025028621e-18,1.3128735125143105e-18,3.938620537542932e-17,1.969310268771466e-17,1361.3084844005755,2921.3927264920503,1835.7962035457808,1237.9763718271658,1000.1087796590502,1803.0388785688992,1027.203223163899,-7.091069995414728,63253.61565365365,9.036230807664808e+23,3.113356048379053e-22,2.9805564374135837e-22
7.36297e-06,193828.0,6.46094,3e+22,-1660.36,455.468,53264.3,4.29741,4.33354,4.27478,-0.00180924872,-0.000182043385,0.472077849,0.0280270633,0.028138415,0.239872754,-0.00010692081,-0.000783556154,-0.000227845196,3706.38634,-350.902368,-83.8993203,-1203.71696,1953.39412,-1598.68462,-1005.15227,-1249.14911,25587.11,29000.0,193828.180816,6.460939361,-210.0,30000 3000,1e-06,2,0.0 0.0259,0.0 0.0,-1.0 0.0,0.00054857 28.0,30000,1000,0,0.0,0.0 0.0 0.0,1000 1000000 0,0,0.0,0,100,0,,70,,1,,,10,1.0,10.0,0.1,True,{},,,False,3,mixed,250,300,True,Ar_Aubin,,False,uniform,Argon_Aubin_Model3-test/70Td,3.0000000000000005e+21,7.609185714285717e+23,2.713271925862908e-17,2.0416408468209206e-13,2.0383499105495515e-13,2.625747025028621e-18,4.376245041714368e-19,1.3128735125143105e-18,0.0,4.376245041714368e-19,2.188122520857184e-18,3.5009960333714946e-18,2.625747025028621e-18,8.752490083428737e-19,2.188122520857184e-18,4.813869545885805e-18,2.188122520857184e-18,8.3148655792573e-18,5.251494050057242e-18,2.625747025028621e-18,1.7504980166857473e-18,8.752490083428737e-19,8.752490083428736e-18,3.5009960333714946e-18,8.3148655792573e-18,8.752490083428736e-18,6.126743058400115e-18,7.001992066742989e-18,7.26456676924585e-17,4.595057293800087e-17,4.5075323929657994e-17,0.0,1.7504980166857473e-18,6.126743058400115e-18,2.188122520857184e-18,4.3762450417143685e-17,2.7132719258629082e-17,2224.1041833983245,3703.382335795261,1758.0997065719653,1953.4770349364792,908.5972561080854,442.2138275092984,289.79509401999036,-208.86404633766415,61697.702996501765,8.813957570928825e+23,4.39768710030704e-22,5.093978379257604e-22
7.38836e-06,193799.0,6.45998,3e+22,-5408.91,-3120.38,52846.5,4.28178,4.29378,4.32831,-0.00185144563,-0.000108865853,0.473651901,0.0281280187,0.0282147097,0.241403234,-0.000117453956,-0.000820735987,-0.000210508483,3125.95704,603.276771,441.458185,-448.08276,3174.7857,-94.3319903,-3824.41676,-981.125206,27203.0693,29100.0,193799.412408,6.459980414,-210.0,30000 3000,1e-06,2,0.0 0.0259,0.0 0.0,-1.0 0.0,0.00054857 28.0,30000,1000,0,0.0,0.0 0.0 0.0,1000 1000000 0,0,0.0,0,100,0,,70,,1,,,10,1.0,10.0,0.1,True,{},,,False,3,mixed,250,300,True,Ar_Aubin,,False,uniform,Argon_Aubin_Model3-test/70Td,3.0000000000000005e+21,7.549500000000001e+23,2.013072719188609e-17,2.0407437165873693e-13,2.0374002653754997e-13,2.188122520857184e-18,8.752490083428737e-19,4.376245041714368e-19,0.0,0.0,4.376245041714368e-19,3.938620537542931e-18,1.7504980166857473e-18,0.0,1.7504980166857473e-18,5.251494050057242e-18,1.3128735125143105e-18,9.190114587600173e-18,3.5009960333714946e-18,1.3128735125143105e-18,1.7504980166857473e-18,4.376245041714368e-18,7.877241075085862e-18,2.625747025028621e-18,1.1378237108457357e-17,8.3148655792573e-18,9.62773909177161e-18,1.1815861612628794e-17,7.789716174251575e-17,4.8138695458858047e-17,4.3762450417143685e-17,0.0,3.938620537542931e-18,4.813869545885805e-18,2.188122520857184e-18,4.3762450417143685e-17,2.0130727191886093e-17,1985.0830657036806,3115.9427372174364,1502.8985887936876,3174.4459971696156,824.1995847320775,2172.2241138034988,-565.0083024529973,-723.175649676295,61995.93534360496,8.856562191943566e+23,3.247104359392914e-22,3.8092829594932665e-22
7.41375e-06,193369.0,6.44562,3e+22,8236.07,2242.46,58936.0,4.26701,4.31425,4.28981,-0.00186024068,-8.35102379e-05,0.475231423,0.0282226055,0.0282960202,0.242963643,-0.000113097653,-0.000827550478,-0.000202805049,1358.77155,-568.70043,-2027.43597,940.144354,-762.77557,319.956338,4700.97187,1723.23812,27759.0966,29200.0,193368.522947,6.445617432,-210.0,30000 3000,1e-06,2,0.0 0.0259,0.0 0.0,-1.0 0.0,0.00054857 28.0,30000,1000,0,0.0,0.0 0.0 0.0,1000 1000000 0,0,0.0,0,100,0,,70,,1,,,10,1.0,10.0,0.1,True,{},,,False,3,mixed,250,300,True,Ar_Aubin,,False,uniform,Argon_Aubin_Model3-test/70Td,3.0000000000000005e+21,8.419428571428573e+23,2.800796826697195e-17,2.0349364394170144e-13,2.031461700853893e-13,2.625747025028621e-18,8.752490083428737e-19,1.3128735125143105e-18,0.0,0.0,1.7504980166857473e-18,1.3128735125143105e-18,4.813869545885805e-18,8.752490083428737e-19,2.625747025028621e-18,8.752490083428737e-19,2.625747025028621e-18,1.1815861612628794e-17,3.938620537542931e-18,1.7504980166857473e-18,3.0633715292000576e-18,3.938620537542931e-18,6.5643675625715526e-18,2.625747025028621e-18,8.752490083428736e-18,8.3148655792573e-18,7.439616570914425e-18,1.0065363595943046e-17,8.489915380925874e-17,4.1574327896286495e-17,5.2077315996400986e-17,0.0,5.6891185542286785e-18,6.126743058400115e-18,1.7504980166857473e-18,3.938620537542932e-17,2.8007968266971957e-17,1862.0646944677944,1374.0926224573275,1601.3520853837545,-762.5883016319187,1213.62515181137,-249.1425459279999,11.405939094946458,-1130.8682213111292,62211.37788700885,8.887339698144122e+23,4.5020652520896265e-22,4.752268268455943e-22
7.43914e-06,193344.0,6.44481,3e+22,-2569.44,1257.18,60446.5,4.31379,4.2885,4.26651,-0.00178577984,-0.000109793781,0.476828021,0.0283291626,0.0283456856,0.244531168,-0.000112069371,-0.000800777204,-0.000222408278,2617.44418,-128.300916,156.962849,-329.316062,424.687165,-1361.08952,-1070.69407,1778.35267,30267.769,29300.0,193344.27337,6.444809112,-210.0,30000 3000,1e-06,2,0.0 0.0259,0.0 0.0,-1.0 0.0,0.00054857 28.0,30000,1000,0,0.0,0.0 0.0 0.0,1000 1000000 0,0,0.0,0,100,0,,70,,1,,,10,1.0,10.0,0.1,True,{},,,False,3,mixed,250,300,True,Ar_Aubin,,False,uniform,Argon_Aubin_Model3-test/70Td,3.0000000000000005e+21,8.635214285714287e+23,2.713271925862908e-17,2.0327877031015325e-13,2.0293961131942043e-13,2.625747025028621e-18,1.3128735125143105e-18,1.3128735125143105e-18,0.0,0.0,2.625747025028621e-18,3.0633715292000576e-18,3.5009960333714946e-18,8.752490083428737e-19,2.625747025028621e-18,4.376245041714368e-19,3.5009960333714946e-18,8.752490083428736e-18,1.7504980166857473e-18,1.3128735125143105e-18,1.3128735125143105e-18,1.7504980166857473e-18,8.752490083428736e-18,2.625747025028621e-18,7.439616570914425e-18,8.752490083428736e-18,7.001992066742989e-18,7.877241075085862e-18,9.496451740520179e-17,4.332482591297225e-17,4.770107095468661e-17,0.0,2.625747025028621e-18,4.813869545885805e-18,1.7504980166857473e-18,3.763570735874357e-17,2.7132719258629082e-17,2103.786309169361,2612.8557258479104,977.9657671937904,424.8251955455976,934.8078707124454,1445.184028623502,-226.93088626804087,419.3939103767999,62883.93672999987,8.983419532857126e+23,4.314729749685812e-22,4.488716345632763e-22
7.46453e-06,193527.0,6.45089,3e+22,3832.04,698.852,51479.3,4.30048,4.28794,4.2982,-0.00182159626,-0.000102600764,0.478448179,0.0284408066,0.02844805,0.246155115,-0.000112755541,-0.000825879302,-0.000225234841,2821.01037,175.562586,524.729332,330.281685,1047.80206,-517.789664,2731.53267,-485.235995,25991.1014,29400.0,193526.580471,6.450886016,-210.0,30000 3000,1e-06,2,0.0 0.0259,0.0 0.0,-1.0 0.0,0.00054857 28.0,30000,1000,0,0.0,0.0 0.0 0.0,1000 1000000 0,0,0.0,0,100,0,,70,,1,,,10,1.0,10.0,0.1,True,{},,,False,3,mixed,250,300,True,Ar_Aubin,,False,uniform,Argon_Aubin_Model3-test/70Td,3.0000000000000005e+21,7.354185714285716e+23,2.0568351696057527e-17,2.041899045278382e-13,2.0385118316160953e-13,3.5009960333714946e-18,2.188122520857184e-18,8.752490083428737e-19,0.0,0.0,8.752490083428737e-19,4.376245041714368e-18,3.0633715292000576e-18,0.0,3.0633715292000576e-18,8.752490083428737e-19,2.188122520857184e-18,7.001992066742989e-18,2.625747025028621e-18,3.0633715292000576e-18,3.0633715292000576e-18,8.752490083428737e-19,7.877241075085862e-18,2.188122520857184e-18,9.62773909177161e-18,1.1378237108457357e-17,5.6891185542286785e-18,9.62773909177161e-18,9.233877038017317e-17,4.463769942548656e-17,4.857631996302949e-17,0.0,3.5009960333714946e-18,4.376245041714368e-18,1.7504980166857473e-18,3.8948580871257877e-17,2.056835169605753e-17,2196.0723426620766,2827.99079973217,2015.9027270530503,1047.873762749123,1501.571949940959,1360.9240588052999,-199.7885582555935,1516.6039424922578,63811.87572864412,9.115982246949161e+23,3.22327959509028e-22,3.995460640695877e-22
7.48992e-06,193927.0,6.46422,3e+22,3527.7,-5132.43,54450.8,4.31652,4.2907,4.30415,-0.0017756318,-0.000121394136,0.479959916,0.0285000471,0.0285252009,0.24768018,-0.000103435381,-0.000795504737,-0.000236905584,2021.50104,-890.023802,298.881062,539.847868,2213.01833,-311.232618,1477.46087,-2246.31357,26981.9751,29500.0,193926.667671,6.464222256,-210.0,30000 3000,1e-06,2,0.0 0.0259,0.0 0.0,-1.0 0.0,0.00054857 28.0,30000,1000,0,0.0,0.0 0.0 0.0,1000 1000000 0,0,0.0,0,100,0,,70,,1,,,10,1.0,10.0,0.1,True,{},,,False,3,mixed,250,300,True,Ar_Aubin,,False,uniform,Argon_Aubin_Model3-test/70Td,3.0000000000000005e+21,7.778685714285715e+23,1.5316857646000288e-17,2.035242776569934e-13,2.0321619000605674e-13,1.3128735125143105e-18,1.3128735125143105e-18,1.7504980166857473e-18,0.0,0.0,1.7504980166857473e-18,3.938620537542931e-18,3.5009960333714946e-18,0.0,1.3128735125143105e-18,2.188122520857184e-18,1.7504980166857473e-18,7.001992066742989e-18,2.625747025028621e-18,8.752490083428737e-19,4.376245041714368e-19,3.0633715292000576e-18,7.001992066742989e-18,2.625747025028621e-18,7.001992066742989e-18,1.225348611680023e-17,5.6891185542286785e-18,7.877241075085862e-18,7.921003525503007e-17,4.1574327896286495e-17,4.595057293800087e-17,0.0,4.813869545885805e-18,3.938620537542931e-18,8.752490083428737e-19,4.113670339211506e-17,1.5316857646000288e-17,1169.8853988497722,2027.7649363008602,1519.2576956808457,2212.3952830945695,1500.6936243373777,847.7737058671992,435.8966310898302,179.8719083422402,59541.58395563589,8.505940565090843e+23,2.5724639199072695e-22,2.812972012532467e-22
7.51531e-06,193690.0,6.45632,3e+22,12229.7,9584.91,53146.5,4.28042,4.28019,4.33459,-0.00174161829,-7.11085276e-05,0.481526045,0.0286001646,0.0286374303,0.24924492,-0.000111754435,-0.000779934886,-0.000211538863,3038.49099,-1203.13263,333.831086,-1010.066,1829.84771,1295.16336,7036.3808,5283.31579,26076.2826,29600.0,193689.520852,6.456317362,-210.0,30000 3000,1e-06,2,0.0 0.0259,0.0 0.0,-1.0 0.0,0.00054857 28.0,30000,1000,0,0.0,0.0 0.0 0.0,1000 1000000 0,0,0.0,0,100,0,,70,,1,,,10,1.0,10.0,0.1,True,{},,,False,3,mixed,250,300,True,Ar_Aubin,,False,uniform,Argon_Aubin_Model3-test/70Td,3.0000000000000005e+21,7.592357142857144e+23,2.1005976200228965e-17,2.0413695196283341e-13,2.0379866822110891e-13,5.6891185542286785e-18,8.752490083428737e-19,4.376245041714368e-19,0.0,1.7504980166857473e-18,8.752490083428737e-19,3.938620537542931e-18,2.625747025028621e-18,8.752490083428737e-19,2.625747025028621e-18,2.625747025028621e-18,3.0633715292000576e-18,1.0502988100114484e-17,3.5009960333714946e-18,4.376245041714368e-19,2.625747025028621e-18,3.0633715292000576e-18,9.62773909177161e-18,2.625747025028621e-18,1.1815861612628794e-17,9.62773909177161e-18,6.5643675625715526e-18,8.752490083428736e-18,7.570903922165858e-17,4.595057293800087e-17,4.551294843382943e-17,0.0,5.6891185542286785e-18,6.126743058400115e-18,2.188122520857184e-18,4.1574327896286495e-17,2.1005976200228968e-17,1973.9801733999302,3059.790459201213,2210.3357302509344,1830.5292788372785,1160.4939302908172,484.8586494074989,77.68253570101001,1573.8537299129848,61683.8784384168,8.811982634059545e+23,3.405424031694222e-22,3.952466521827207e-22
7.5407e-06,192856.0,6.42854,3e+22,-7201.77,1925.93,55587.0,4.29325,4.21426,4.33168,-0.00178431912,1.57368132e-05,0.483006562,0.0287155987,0.0287380877,0.250729492,-0.000116328999,-0.00080070121,-0.000157420621,1924.88927,-560.659695,647.324281,306.202297,2697.85544,368.400108,-3075.1495,175.713228,28496.4653,29700.0,192856.125192,6.428537506,-210.0,30000 3000,1e-06,2,0.0 0.0259,0.0 0.0,-1.0 0.0,0.00054857 28.0,30000,1000,0,0.0,0.0 0.0 0.0,1000 1000000 0,0,0.0,0,100,0,,70,,1,,,10,1.0,10.0,0.1,True,{},,,False,3,mixed,250,300,True,Ar_Aubin,,False,uniform,Argon_Aubin_Model3-test/70Td,3.0000000000000005e+21,7.941000000000001e+23,1.794260467102891e-17,2.0312210073765984e-13,2.027798783753978e-13,2.625747025028621e-18,2.188122520857184e-18,1.7504980166857473e-18,4.376245041714368e-19,0.0,2.188122520857184e-18,1.3128735125143105e-18,6.126743058400115e-18,1.3128735125143105e-18,8.752490083428737e-19,3.5009960333714946e-18,8.752490083428737e-19,8.3148655792573e-18,6.126743058400115e-18,1.7504980166857473e-18,2.188122520857184e-18,2.188122520857184e-18,8.752490083428736e-18,2.188122520857184e-18,1.1815861612628794e-17,1.3128735125143105e-17,1.1815861612628794e-17,6.126743058400115e-18,8.577440281760162e-17,4.332482591297225e-17,4.682582194634374e-17,4.376245041714368e-19,2.625747025028621e-18,6.5643675625715526e-18,2.625747025028621e-18,3.851095636708644e-17,1.794260467102891e-17,2270.2905824839363,1912.0390140911575,1982.3512141863503,2697.8251319993537,1113.9418951498783,1647.5795381060016,95.98231475494687,1149.8618959381802,58311.94662381286,8.330278089116124e+23,3.0770032060122797e-22,3.2278418822798333e-22
7.56609e-06,192621.0,6.42071,3e+22,1397.81,-6094.59,51661.9,4.28602,4.27141,4.2686,-0.00182456801,-8.8140984e-06,0.484491355,0.028845002,0.0288543528,0.252243069,-0.000123257168,-0.000827501309,-0.000156675463,3087.29237,561.497033,162.220458,-1084.21104,3137.93254,-1302.89324,433.410533,-3011.68148,26135.5465,29800.0,192621.404375,6.420713479,-210.0,30000 3000,1e-06,2,0.0 0.0259,0.0 0.0,-1.0 0.0,0.00054857 28.0,30000,1000,0,0.0,0.0 0.0 0.0,1000 1000000 0,0,0.0,0,100,0,,70,,1,,,10,1.0,10.0,0.1,True,{},,,False,3,mixed,250,300,True,Ar_Aubin,,False,uniform,Argon_Aubin_Model3-test/70Td,3.0000000000000005e+21,7.38027142857143e+23,2.0568351696057527e-17,2.0237638858255173e-13,2.0205560982099413e-13,2.625747025028621e-18,1.7504980166857473e-18,0.0,4.376245041714368e-19,8.752490083428737e-19,1.7504980166857473e-18,3.0633715292000576e-18,3.0633715292000576e-18,1.3128735125143105e-18,2.188122520857184e-18,3.5009960333714946e-18,3.5009960333714946e-18,7.877241075085862e-18,3.0633715292000576e-18,8.752490083428737e-19,2.188122520857184e-18,1.3128735125143105e-18,7.001992066742989e-18,2.188122520857184e-18,7.001992066742989e-18,9.190114587600173e-18,9.190114587600173e-18,9.62773909177161e-18,8.008528426337294e-17,4.244957690462937e-17,3.982382987960075e-17,0.0,2.188122520857184e-18,7.001992066742989e-18,1.7504980166857473e-18,4.332482591297225e-17,2.056835169605753e-17,2545.4919789772493,3089.8427694100583,2289.623900316573,3137.878821684032,1517.2130581770537,1105.8025671254982,-183.16614706461607,12.664780143269013,58480.36203800138,8.3543374340002e+23,3.5171382288454227e-22,3.981338606605163e-22
7.59148e-06,192839.0,6.42798,3e+22,7727.42,1219.53,50421.1,4.26848,4.28147,4.2912,-0.00173061599,-3.02824902e-05,0.48609709,0.0289601107,0.0289270233,0.25385619,-9.99571478e-05,-0.00079916358,-0.000160629483,1745.97913,185.652952,2122.24208,242.929135,1397.59594,-812.569821,4455.54564,113.616255,25138.9948,29900.0,192839.277039,6.427975901,-210.0,30000 3000,1e-06,2,0.0 0.0259,0.0 0.0,-1.0 0.0,0.00054857 28.0,30000,1000,0,0.0,0.0 0.0 0.0,1000 1000000 0,0,0.0,0,100,0,,70,,1,,,10,1.0,10.0,0.1,True,{},,,False,3,mixed,250,300,True,Ar_Aubin,,False,uniform,Argon_Aubin_Model3-test/70Td,3.0000000000000005e+21,7.203014285714286e+23,2.3631723225257586e-17,2.0285121116957773e-13,2.0251905417091166e-13,1.3128735125143105e-18,2.188122520857184e-18,1.7504980166857473e-18,0.0,8.752490083428737e-19,4.376245041714368e-19,3.0633715292000576e-18,2.625747025028621e-18,0.0,2.188122520857184e-18,1.3128735125143105e-18,1.7504980166857473e-18,7.877241075085862e-18,3.938620537542931e-18,1.3128735125143105e-18,3.5009960333714946e-18,3.0633715292000576e-18,6.5643675625715526e-18,2.188122520857184e-18,1.225348611680023e-17,8.3148655792573e-18,7.001992066742989e-18,7.001992066742989e-18,7.789716174251575e-17,4.463769942548656e-17,5.2077315996400986e-17,0.0,5.6891185542286785e-18,3.938620537542931e-18,1.7504980166857473e-18,4.2011952400457935e-17,2.363172322525759e-17,2273.425274881681,1759.3523266134457,1431.0910896414002,1397.6328704052735,1075.5026323358404,629.4448154010024,-567.2520168921349,2908.7709066855896,63243.808488514864,9.034829784073554e+23,3.736606600715567e-22,4.686871810662121e-22
7.61687e-06,192190.0,6.40632,3e+22,3068.2,-9991.47,46222.5,4.29779,4.25749,4.2446,-0.00164957902,-6.16419454e-05,0.487592227,0.0290481254,0.0290280879,0.255372717,-0.000103683425,-0.000749459924,-0.000167910273,2128.17003,995.293442,1420.94347,-1802.77614,766.206153,927.204176,2319.05251,-5774.42657,24291.0006,30000.0,192189.649429,6.406321648,-210.0,30000 3000,1e-06,2,0.0 0.0259,0.0 0.0,-1.0 0.0,0.00054857 28.0,30000,1000,0,0.0,0.0 0.0 0.0,1000 1000000 0,0,0.0,0,100,0,,70,,1,,,10,1.0,10.0,0.1,True,{},,,False,3,mixed,250,300,True,Ar_Aubin,,False,uniform,Argon_Aubin_Model3-test/70Td,3.0000000000000005e+21,6.603214285714287e+23,1.794260467102891e-17,2.0274049217002239e-13,2.0240089555478535e-13,2.188122520857184e-18,4.376245041714368e-19,0.0,0.0,1.7504980166857473e-18,2.188122520857184e-18,3.0633715292000576e-18,1.7504980166857473e-18,1.7504980166857473e-18,1.7504980166857473e-18,5.251494050057242e-18,2.188122520857184e-18,1.2691110620971668e-17,3.5009960333714946e-18,4.376245041714368e-19,2.188122520857184e-18,2.188122520857184e-18,1.0065363595943046e-17,4.813869545885805e-18,1.0502988100114484e-17,5.6891185542286785e-18,1.1815861612628794e-17,8.752490083428736e-18,8.44615293050873e-17,3.938620537542932e-17,5.2077315996400986e-17,0.0,2.625747025028621e-18,5.251494050057242e-18,1.3128735125143105e-18,4.1574327896286495e-17,1.794260467102891e-17,1738.6768748152406,2133.231268349164,1990.2187765813192,765.5902593517942,1195.9242297758951,1753.2688874925007,503.28352269466535,2320.21317537055,58887.77294640245,8.41253899234321e+23,3.0469151359076913e-22,3.881790182493138e-22
